time_step	object_id	x_m	y_m
7476	2960	36.729	1.474
7477	2960	36.30974699337748	1.4639668874172185
7478	2960	35.618554838794026	1.44608053917128
7479	2960	34.79262083860554	1.4662196445624773
7480	2960	33.87248554328533	1.5042877862070647
7481	2960	32.879488810556516	1.5833376802090757
7482	2960	31.83767882177829	1.6657192755498318
7483	2960	30.77834053351577	1.8362796967158328
7484	2960	29.6162845280105	2.0648591258264934
7485	2960	28.366472546314448	2.386168665845359
7486	2960	27.03890112540297	2.8265504087513866
7487	2960	25.640873173650277	3.3695412597618963
7488	2960	24.178016084031555	4.0192809590018115
7489	2960	22.673081269278	4.776492743828189
7490	2960	21.169901976160478	5.642773973431205
7491	2960	19.692970688725463	6.608328010647633
7492	2960	18.275648857172627	7.680709286059199
7493	2960	16.926845729704453	8.842309918784393
7494	2960	15.622684373092724	10.060129470096461
7495	2960	14.3983429601372	11.2338424819535
7496	2960	13.066825990216007	12.330103857183849
7497	2960	11.742021914128213	13.374387062537068
7498	2960	10.495395765825124	14.466282864405196
7499	2960	9.425937233248119	15.656422983304822
7500	2960	8.597529819625937	16.975211106463732
7501	2960	8.017382522163222	18.380993315999152
7502	2960	7.695266892207134	19.853434279757774
7503	2960	7.60110942491999	21.353891577941436
7504	2960	7.64305787950863	22.86762736240996
7505	2960	7.712702910546663	24.364515720012704
7506	2960	7.772037797581078	25.776793306601018
7507	2960	7.8245588528654695	26.809652393449117
7508	2960	7.90263829349435	27.396611109679863
7509	2960	7.994403074782373	27.644196808435517
7510	2960	8.074203945861642	27.65822973898105
7511	2960	8.132786878314972	27.525766953811004
7512	2960	8.175697135362997	27.312618927368014
7513	2960	8.208028135441214	27.06817058898232
7514	2960	8.254209689989866	26.817493629610436
7515	2960	8.308990543444066	26.58523990212091
7516	2960	8.350964536015068	26.391255023812125
7517	2960	8.377094092820965	26.237980713981614
7518	2960	8.390191246865518	26.118970603267645
7519	2960	8.39092543576381	26.03113715103285
7520	2960	8.377446943671531	25.965750014506582
7521	2960	8.365088422678967	25.922980431563563
7522	2960	8.358843139665671	25.897887888311114
7476	2961	36.4505	3.1195
7477	2961	35.97716450331125	3.1846149006622513
7478	2961	35.113527927460765	3.278870612906534
7479	2961	34.04220269332535	3.434731304282418
7480	2961	32.81300814733749	3.6536176960213487
7481	2961	31.42488003106003	3.9257744111027595
7482	2961	29.879341493283462	4.216399808597461
7483	2961	28.221543850716152	4.586474671066784
7484	2961	26.38891946791814	5.026344041340105
7485	2961	24.384673915806673	5.559148779797159
7486	2961	22.244999532191514	6.2459594675930985
7487	2961	19.993637929224427	7.115356764396772
7488	2961	17.687127477322633	8.202881856133374
7489	2961	15.431745565373653	9.507123096652297
7490	2961	13.323486107512842	10.98244981912149
7491	2961	11.439275634427513	12.493531321603955
7492	2961	9.833442113590204	14.00463439385427
7493	2961	8.593519385345013	15.614054485070794
7494	2961	7.854555309021387	17.277838573792007
7495	2961	7.669368221600507	18.965159286961164
7496	2961	7.943221054267793	20.685312495018685
7497	2961	8.407255736609653	22.417959783663377
7498	2961	8.920615432977156	24.21534325239707
7499	2961	9.371145121618541	25.808915049554987
7500	2961	9.800261994376687	26.894535327322224
7501	2961	10.147294938464004	27.508137889062038
7502	2961	10.421744184242186	27.764067104751287
7503	2961	10.627321721472542	27.748761704727713
7504	2961	10.775275927555702	27.547009413558673
7505	2961	10.881321389503984	27.223530547366014
7506	2961	10.946587070495227	26.83151885797868
7507	2961	10.980965336775057	26.426116461234926
7508	2961	10.99185048566683	26.047196943127712
7509	2961	10.988228422700105	25.71638914564089
7510	2961	10.964724749241165	25.43922392192916
7511	2961	10.914348084182732	25.225785244837176
7512	2961	10.865826705903046	25.064890028771234
7513	2961	10.822090719979286	24.95843021465724
7514	2961	10.805535119288683	24.88057305649977
7515	2961	10.811441049034816	24.836468056713688
7516	2961	10.819238337097469	24.821653564352186
7517	2961	10.82365793536568	24.826826491613346
7518	2961	10.82289935172801	24.842540764237217
7519	2961	10.815778208213445	24.86403003776717
7520	2961	10.794880858733833	24.882744246515884
7521	2961	10.781230182290562	24.901690349125353
7522	2961	10.778007136199399	24.917295424663063
7476	2962	34.1965	4.644
7477	2962	33.67552460927153	4.772473337748345
7478	2962	32.80095141497626	4.958791690320987
7479	2962	31.777198418556626	5.19935382151737
7480	2962	30.646064224980634	5.473763118027158
7481	2962	29.43441261451711	5.774434644410078
7482	2962	28.151443143281544	6.099414913768509
7483	2962	26.797131191002016	6.506816685981561
7484	2962	25.378433574044244	6.931839065402746
7485	2962	23.91608769847756	7.3936219059636175
7486	2962	22.435237679025377	7.873321566745377
7487	2962	20.94466382522433	8.37977364585804
7488	2962	19.451128963301997	8.897326930179888
7489	2962	17.959480242030924	9.428279587613128
7490	2962	16.472765214902694	9.966614981226538
7491	2962	14.994263707332	10.515319870072302
7492	2962	13.53316302060666	11.097541395860285
7493	2962	12.118625350811332	11.754263415624743
7494	2962	10.87568749758372	12.479349402231682
7495	2962	9.700904062876504	13.364019605638362
7496	2962	8.623852818781817	14.41625269293016
7497	2962	7.679736211044455	15.625852625732
7498	2962	6.880615191991489	16.979273064651448
7499	2962	6.2296107738309585	18.446946449877252
7500	2962	5.71557626486311	19.996140512161617
7501	2962	5.36302763191196	21.627085173629222
7502	2962	5.120577844781908	23.271658105465573
7503	2962	4.9641113949458004	24.89545286646261
7504	2962	4.814427479383113	26.20543938752868
7505	2962	4.808940811640729	27.098719799421612
7506	2962	4.8715757352297295	27.543845158005713
7507	2962	4.9746907135942555	27.660687150930578
7508	2962	5.091328820887464	27.56513463100119
7509	2962	5.207525960566004	27.346019815166198
7510	2962	5.305179402462407	27.06391027988964
7511	2962	5.369898766903109	26.767022250608893
7512	2962	5.413840322520512	26.487321262180945
7513	2962	5.445353567545742	26.243006349204727
7514	2962	5.48326023906085	26.034696858118487
7515	2962	5.529844595365599	25.868107213455822
7516	2962	5.568457835799783	25.74927653667182
7517	2962	5.591075769252917	25.670991933314202
7518	2962	5.598559214741017	25.621329749095658
7519	2962	5.594226154114438	25.593559775895432
7520	2962	5.574942292662494	25.577688690512883
7521	2962	5.558164307046383	25.573772118675937
7522	2962	5.548725649747658	25.577529444214903
7476	2963	35.944500000000005	5.9165
7477	2963	35.61177790728477	6.083714529801325
7478	2963	35.00976360897777	6.376320185169803
7479	2963	34.22586220587554	6.683760864229027
7480	2963	33.28916443552194	6.9782264608605535
7481	2963	32.238888350767255	7.297561233506933
7482	2963	31.04571143143672	7.632342665400918
7483	2963	29.738685553741664	8.034262836578867
7484	2963	28.339933470639906	8.433450209592511
7485	2963	26.84424452803609	8.84750185979372
7486	2963	25.275572708154325	9.212087936527503
7487	2963	23.708547332268417	9.54989413156935
7488	2963	22.091540732147177	9.896008446651713
7489	2963	20.46080327493214	10.261364424848344
7490	2963	18.81855593157074	10.715697546441262
7491	2963	17.207161704997638	11.207935114918225
7492	2963	15.599396006218013	11.741124719491681
7493	2963	14.017512205931899	12.28063071457319
7494	2963	12.455001460993458	12.893650795087432
7495	2963	10.968721463727633	13.669497140364088
7496	2963	9.620838689468	14.651676037597598
7497	2963	8.486033760161552	15.855509119028207
7498	2963	7.6050097617617185	17.242784804919687
7499	2963	6.996873727021258	18.762468711395147
7500	2963	6.66511378429516	20.338079831679853
7501	2963	6.582591472448257	21.999745266373015
7502	2963	6.717222568179793	23.70821169059775
7503	2963	7.072423775737106	25.373310545962603
7504	2963	7.4559469486526035	26.526363112286035
7505	2963	7.804715847301535	27.164328278581372
7506	2963	8.085451264135523	27.580377815113803
7507	2963	8.298538042718912	27.684407263227627
7508	2963	8.467309610839427	27.597942687681478
7509	2963	8.592067783632952	27.397452398436872
7510	2963	8.662866457637564	27.13935090984185
7511	2963	8.687044313293935	26.86874806455923
7512	2963	8.686279725852927	26.61142798351527
7513	2963	8.670031435897032	26.389591233779296
7514	2963	8.668838973809864	26.19856452444979
7515	2963	8.681028577939195	26.049028774523837
7516	2963	8.68651417219773	25.937857463564033
7517	2963	8.685072620636696	25.85973929153885
7518	2963	8.674282773796612	25.808970695047936
7519	2963	8.659393096744274	25.779378656198332
7520	2963	8.63313284030284	25.76129146608684
7521	2963	8.612292636963016	25.755156579045824
7522	2963	8.598960787493413	25.756953513131123
7514	2964	14.987536	24.863764000000003
7515	2964	15.017868105960266	24.857055192052982
7516	2964	15.04009879951091	24.860975225430163
7517	2964	15.04690644722197	24.870236399102694
7518	2964	15.040128652751733	24.881672215030722
7519	2964	15.032412829175662	24.888359810294425
7520	2964	14.965106236493243	24.696577158582148
7521	2964	14.920106103398163	24.573460187891044
7522	2964	14.87536301387034	24.491889816174165
7523	2965	10.222999999999999	21.927500000000002
7524	2965	10.405123735099338	20.886533801324504
7525	2965	10.768095924756366	19.06204363816751
7526	2965	11.39131857916761	17.13863411163025
7527	2965	12.052441882919775	15.368168881073581
7528	2965	12.779295655823933	13.692427756758065
7529	2965	13.523605360664861	12.104233002009105
7530	2965	14.31647363769534	10.649031833851126
7531	2965	15.185106686939688	9.296500696188538
7532	2965	16.126750020120014	8.067435511494471
7533	2965	17.209839309382172	7.07226483641189
7534	2965	18.415257266326027	6.3444462280164435
7535	2965	19.699903025392583	5.887976172640505
7536	2965	21.01079381320101	5.622499645442555
7537	2965	22.319341135988925	5.5088099668859325
7538	2965	23.63275661203266	5.506165919033744
7539	2965	24.97458133719696	5.571201283955493
7540	2965	26.34885308404169	5.692709860264138
7541	2965	27.734834645530338	5.8370969876633865
7542	2965	29.12028793930226	5.969162964765195
7543	2965	30.47789612676772	6.084469882656846
7544	2965	31.76769914330475	6.10847931071582
7545	2965	32.97583337254576	6.0841758473287255
7546	2965	34.12176958241138	6.007035583885827
7547	2965	35.20434703032872	5.906231922390821
7548	2965	36.227482025487696	5.7803089747976495
7549	2965	37.22156098909189	5.637748024177876
7550	2965	38.20215127284723	5.452952395069409
7551	2965	39.09187336457196	5.242458357994498
7552	2965	39.683084062012284	5.04964268105586
7553	2965	40.02868825316872	4.890277746702554
7554	2965	40.1713735970793	4.776203812621687
7555	2965	40.14942526619854	4.705275160925933
7556	2965	40.04250271470459	4.745373200862832
7557	2965	39.883914971216164	4.807909423311459
7558	2965	39.70905618532927	4.871148315900899
7559	2965	39.53787772643306	4.927507341502746
7560	2965	39.38225504548209	4.984836565705115
7561	2965	39.246800702438755	5.028110666771824
7562	2965	39.130661950427005	5.055463391024365
7563	2965	39.035548251059474	5.081356731397365
7564	2965	38.941600123857576	5.120511565659877
7565	2965	38.85031654738487	5.171782411847017
7566	2965	38.70882177040755	5.192941561920232
7567	2965	38.58058768324609	5.20300689373075
7568	2965	38.39154349270477	5.222755478658428
7523	2966	10.3235	25.2235
7524	2966	10.42109944370861	24.193912688741722
7525	2966	10.621175509697935	22.626134719082753
7526	2966	10.982298695957994	20.750393045165406
7527	2966	11.423327249045766	18.972163513968418
7528	2966	11.908158050198448	17.256560691462372
7529	2966	12.425666920693054	15.62166640969721
7530	2966	12.826919780362042	14.015553552922356
7531	2966	13.20116506021592	12.450822160566155
7532	2966	13.601698968593535	10.945867894390226
7533	2966	14.12155289120689	9.594807660706376
7534	2966	14.811976482298629	8.492299520027586
7535	2966	15.659497408385525	7.696862723499803
7536	2966	16.667667164444392	7.195748870570085
7537	2966	17.809180939558313	6.984914037348158
7538	2966	19.0724979543351	7.0107175266587625
7539	2966	20.457288862371474	7.237140501531106
7540	2966	21.9521883558516	7.5998543606744615
7541	2966	23.52089659954314	7.996451155492358
7542	2966	25.146326041573946	8.36788462872453
7543	2966	26.819074667449964	8.658383715679308
7544	2966	28.474798234812543	8.772623720120649
7545	2966	30.082812484277365	8.708826948133513
7546	2966	31.643542981745178	8.486405104458296
7547	2966	33.117586428026684	8.109632444303719
7548	2966	34.459651610965594	7.650911533729036
7549	2966	35.63648279700247	7.182361326788438
7550	2966	36.640948306997664	6.75769673155922
7551	2966	37.47467366544529	6.3902562504081
7552	2966	38.17390582605846	6.079876738323539
7553	2966	38.755411488513104	5.823383360677711
7554	2966	39.257875577524565	5.622181220641789
7555	2966	39.708569329381056	5.55227900728048
7556	2966	39.94084604425007	5.518305032994075
7557	2966	40.01101438850908	5.523143469311345
7558	2966	39.97379038737114	5.554081767402836
7559	2966	39.87162108475801	5.600090236757248
7560	2966	39.735813301093266	5.671400767785684
7561	2966	39.58387544872663	5.729401454407722
7562	2966	39.42885507237036	5.768417286854969
7563	2966	39.29227932572823	5.790805276134889
7564	2966	39.17863101476736	5.794135945728255
7565	2966	39.069184225520374	5.7694846400211866
7566	2966	38.96236588766131	5.716572494905024
7567	2966	38.819770215185045	5.637763553288719
7568	2966	38.57582301662668	5.532582474867169
7525	2974	9.361568	26.183132
7526	2974	9.637401006622518	25.026255258278148
7527	2974	10.091859228619821	23.396241082094956
7528	2974	10.613401949546775	21.69753229655947
7529	2974	11.201828033247846	20.00650706656952
7530	2974	11.808281256839146	18.342577921019185
7531	2974	12.442567293359051	16.71098028645302
7532	2974	13.016436136028164	15.050970463243988
7533	2974	13.353695467886679	13.594556917315705
7534	2974	13.734466640476876	12.061124234017843
7535	2974	14.210910162357404	10.626901142181731
7536	2974	14.80381542661062	9.352165807228408
7537	2974	15.568310537980345	8.284663506048908
7538	2974	16.48766274804311	7.459331779160065
7539	2974	17.59322849601433	6.916251813384744
7540	2974	18.876549341377295	6.673531138462915
7541	2974	20.28924608644512	6.658366629800242
7542	2974	21.805060986668405	6.802332940905389
7543	2974	23.387282891068185	7.035768217093154
7544	2974	24.958795749445393	7.239208757578275
7545	2974	26.48627068960931	7.4222028147205945
7546	2974	27.967797725669858	7.585523978905191
7547	2974	29.387794997758608	7.744686548836257
7548	2974	30.73819493410694	7.954543350249399
7549	2974	32.01901534585204	8.275600387239221
7550	2974	33.23678405405765	8.70844343005087
7551	2974	34.55386701007891	9.210414847094778
7552	2974	35.75079839801344	9.695239866752637
7553	2974	36.868414401961964	10.171118575661737
7554	2974	37.96709915089497	10.660095062503101
7555	2974	38.832273367696146	11.046748924576807
7556	2974	39.45635928720716	11.287769354392069
7557	2974	39.77521098557635	11.428999304557635
7558	2974	39.87940032700748	11.49521793293353
7559	2974	39.8421321306172	11.507419185969965
7560	2974	39.71363971847704	11.500109652022246
7561	2974	39.536126764212455	11.463272612582713
7562	2974	39.32865605693331	11.40066107669898
7563	2974	39.13394808867298	11.324634710155959
7564	2974	38.957167559142	11.243079432251937
7565	2974	38.80864331399659	11.170541479882186
7566	2974	38.689758676864436	11.11278596568482
7567	2974	38.58384501246042	11.081215766426956
7568	2974	38.51647481993778	11.072239525398388
7531	2975	9.390872	25.043436
7532	2975	9.869605311258278	23.624068953642386
7533	2975	10.672796939767373	21.72204813442317
7534	2975	11.56011103079538	19.75429855455145
7535	2975	12.356632737376453	17.771259470483322
7536	2975	12.800809641202028	15.99228533699152
7537	2975	13.14131072310992	14.110195119277753
7538	2975	13.417531915856026	12.276381179871573
7539	2975	13.859082378811358	10.529886118935712
7540	2975	14.564407512343235	8.962383410354182
7541	2975	15.537249728298702	7.648409136405113
7542	2975	16.768243872412235	6.638045368587767
7543	2975	18.17401214873652	5.9022372165933685
7544	2975	19.644289217565124	5.315521330893909
7545	2975	21.110669901389386	4.830203667686953
7546	2975	22.555117932162243	4.38517849266287
7547	2975	23.931261394802984	3.935264085541999
7548	2975	25.215329236346374	3.485026518595596
7549	2975	26.422273374068833	3.024255803248587
7550	2975	27.533639947998907	2.608558179272851
7551	2975	28.47384819313553	2.2806138978509036
7552	2975	29.02985121263399	2.112537362660746
7553	2975	29.297634122392417	2.055464937269524
7554	2975	29.362756530707703	2.073312568252648
7555	2975	29.287483434483722	2.138366716213984
7556	2975	29.136391106854422	2.2249089783176523
7557	2975	28.9423543188312	2.3217709356374656
7558	2975	28.741926338842838	2.4210717586988206
7559	2975	28.555950456922893	2.510611373603318
7560	2975	28.396000668440802	2.593510946956459
7561	2975	28.251121956973662	2.66005703467654
7562	2975	28.123328043834164	2.706401569044031
7563	2975	28.026494850028243	2.7369576666734607
7564	2975	27.954789674577633	2.7500036847122957
7565	2975	27.901921191737706	2.7523199279966377
7566	2975	27.866419296813437	2.750247339170359
7567	2975	27.83509123575589	2.7555469689963803
7568	2975	27.821929703267898	2.7623200113623425
7569	2976	33.438	3.3525
7570	2976	32.72591923178808	3.472470609271523
7571	2976	31.61902338566501	3.6188413958411703
7572	2976	30.319249960135792	3.794179232819717
7573	2976	28.90839044122307	4.040126865213374
7574	2976	27.406355690209057	4.431944197217539
7575	2976	25.81617222510015	4.956725517873951
7576	2976	24.12415313776167	5.619639682619938
7577	2976	22.366324457518523	6.419267007754932
7578	2976	20.52905116929434	7.338338692786657
7579	2976	18.591950467388244	8.33937318284407
7580	2976	16.730109905557928	9.35495425386277
7581	2976	14.952818105765257	10.48310302532986
7582	2976	13.374885877078732	11.67614757008814
7583	2976	12.187875083188086	12.728905026725545
7584	2976	11.423988864809683	13.606845762851608
7585	2976	10.87120936250009	14.358904385685431
7586	2976	10.448261244377658	15.183774174376609
7587	2976	10.105877233532912	16.115757842379896
7588	2976	9.928367022633832	17.221995246384807
7589	2976	9.860690878313823	18.572698362160157
7590	2976	9.796521036832903	20.11018754403858
7591	2976	9.707036723266782	21.728239122484034
7592	2976	9.459499573379247	23.493503117925933
7593	2976	9.111459441879447	25.285903078030064
7569	2977	33.326	4.5335
7570	2977	32.50322456953643	4.633976940397351
7571	2977	31.105101115515	4.830049245577367
7572	2977	29.44524196937155	5.072253967304649
7573	2977	27.625785692747673	5.415376534473461
7574	2977	25.69395214570557	5.919468772911276
7575	2977	23.71376841696284	6.6160446830720145
7576	2977	21.7353142523117	7.488204447923247
7577	2977	19.767345402081148	8.52097198594263
7578	2977	17.845091200491403	9.715742142290237
7579	2977	16.056019346555818	10.880466887185843
7580	2977	14.213210680621216	11.911921714503633
7581	2977	12.22891876735486	12.874169419300522
7582	2977	10.170983540816607	13.881194097523595
7583	2977	8.349984821224966	15.136602196581661
7584	2977	6.890447406789077	16.67556317860489
7585	2977	5.893224957303493	18.46828423651298
7586	2977	5.362248543278984	20.50427274965114
7587	2977	5.328729364429377	22.58364041433781
7588	2977	5.712121797878424	24.72879948025934
7589	2977	6.379106468896765	26.58462776804517
7590	2977	7.037980912320606	27.823567726883635
7591	2977	7.606016856580172	28.545099533803885
7592	2977	8.065329341908742	28.88278364481891
7593	2977	8.422109067667897	28.95113870142878
7569	2978	36.5175	4.0175
7570	2978	36.04252709933775	4.15734821192053
7571	2978	35.23312475716904	4.31404772367008
7572	2978	34.22584673245119	4.453971956249084
7573	2978	33.086858448056006	4.595210582257098
7574	2978	31.834538040748193	4.781216550648147
7575	2978	30.4612821019332	5.023144216785201
7576	2978	29.00659769586937	5.318146031389904
7577	2978	27.489429245435236	5.666535220230215
7578	2978	25.914059927067672	6.049876023491717
7579	2978	24.300375990824104	6.476296755669577
7580	2978	22.66338799712237	6.94049739275948
7581	2978	21.024606294261336	7.446256650070461
7582	2978	19.38755869663743	7.990023032055921
7583	2978	17.773922562683953	8.567312816265046
7584	2978	16.199615273012814	9.087513970547011
7585	2978	14.709946630551986	9.560347731779821
7586	2978	13.251310728282197	9.955892834151792
7587	2978	11.842405601444904	10.228381816954917
7588	2978	10.475717364853223	10.542778198930328
7589	2978	9.190700190261998	11.009137781281819
7590	2978	8.045792294931658	11.710002093127006
7591	2978	7.141785166709516	12.75000614356314
7592	2978	6.4495955791533	13.978625884030475
7593	2978	5.97016101886637	15.35779219044709
7594	2978	5.6720991997138	16.864615605274984
7595	2978	5.54362432200316	18.433969308296216
7596	2978	5.503956644667195	20.021051196959814
7597	2978	5.461036379839741	21.668185604636538
7598	2978	5.281981887575891	23.27523962567408
7599	2978	5.026058852741946	24.853577027853802
7600	2978	4.705580067702628	26.426392758852426
7569	2979	36.0995	5.789
7570	2979	35.580438927152315	5.831711629139073
7571	2979	34.71900181181466	5.866696336669181
7572	2979	33.69999167475287	5.9366101252802705
7573	2979	32.58064395018616	6.045645288843649
7574	2979	31.341406907730455	6.217727961983119
7575	2979	30.017611765822824	6.455808695871795
7576	2979	28.604675058723583	6.733072419334116
7577	2979	27.09861964772693	7.092027002868591
7578	2979	25.511134483305845	7.560818467487908
7579	2979	23.86888173608468	8.150538785193966
7580	2979	22.190066894009693	8.879645928077618
7581	2979	20.458126890944275	9.698779236053337
7582	2979	18.86776393968882	10.477735428803054
7583	2979	17.24040978840737	11.190599645191675
7584	2979	15.477235899513756	11.704674548622803
7585	2979	13.827787261631025	12.02623787595923
7586	2979	12.10988148501136	12.216533415198464
7587	2979	10.386450466543057	12.398641098098585
7588	2979	8.645835151274104	12.761600470850933
7589	2979	7.057398103144213	13.384113588980766
7590	2979	5.692258275753133	14.306528623135568
7591	2979	4.607206310536292	15.496898503889803
7592	2979	3.7974516021401796	16.932465739020007
7593	2979	3.249212669710396	18.528628937820177
7594	2979	2.988898807025088	20.16473294490626
7595	2979	2.8820149953647762	21.907125805172836
7596	2979	2.8724368892822336	23.722196959939836
7597	2979	2.9180629990196043	25.56756586740292
7620	2992	9.010513999999999	25.997908000000002
7621	2992	9.232455814569537	24.4940541192053
7622	2992	9.498285431760912	22.51397421032414
7623	2992	9.837159432173905	20.380570856236066
7624	2992	10.360953346227287	18.300253340803323
7625	2992	11.147174830832553	16.073912992122768
7626	2992	12.127333963077724	14.007456444248756
7627	2992	13.366596794604975	12.051954165428691
7628	2992	14.861461151755652	10.272953911855902
7629	2992	16.524345599646217	8.624093319382466
7630	2992	18.27503637872547	7.047989034601117
7631	2992	20.13192645341562	5.633336328117882
7632	2992	22.239712164022944	4.505739964104116
7633	2992	24.433605170054012	3.79662507673887
7634	2992	26.740840462259424	3.530025105301349
7635	2992	29.079313761710836	3.664687584988032
7636	2992	31.405561340474534	4.140869818217251
7637	2992	33.73729479157771	4.889834756183571
7638	2992	35.93246965967212	5.788457666975562
7639	2992	38.04508030525413	6.783685752501776
7620	2993	10.928032	25.242283999999998
7621	2993	11.030174437086092	23.977330569536424
7622	2993	11.17035373621626	22.374541466245674
7623	2993	11.348286885689104	20.747064729117643
7624	2993	11.5362310396625	19.23477272631193
7625	2993	11.928039859238481	17.6531936459509
7626	2993	12.44359137663245	16.140169551059387
7627	2993	12.988755015837087	14.796051249965826
7628	2993	13.645087656859925	13.60862745078509
7629	2993	14.447169105516982	12.619450329679394
7630	2993	15.450111974318034	11.801018660902987
7631	2993	16.591907864918596	11.239441814817877
7632	2993	17.979471419867835	10.784550540860828
7633	2993	19.45373803024557	10.408592813699004
7634	2993	21.007069623358568	10.06145666130972
7635	2993	22.62438143859523	9.736546598203256
7636	2993	24.273083767883975	9.472335135501032
7637	2993	25.955929418421057	9.296644582764987
7638	2993	27.560449932637308	9.200547325674156
7639	2993	29.12974133863601	9.169338030038057
7640	2993	30.626853777823094	9.178820738701951
7641	2993	32.139106827236674	9.221341480457824
7642	2993	33.55324803002733	9.26980855116449
7643	2993	34.95828768559737	9.27814507274636
7644	2993	36.27217484392166	9.227372930463885
7645	2993	37.419308560932784	9.124452340279197
7646	2993	38.430542979180494	8.824330173204672
7647	2993	39.260339494166985	8.282245210759989
7648	2993	39.76822922122267	7.567762243560664
7649	2993	39.99981015459756	6.744526294006267
7650	2993	40.00715301969126	5.845412331647245
7651	2993	39.81376938389676	5.061380570074884
7652	2993	39.45426603477807	4.381781028211043
7653	2993	39.027716240226425	3.85231649124019
7654	2993	38.58607462499867	3.516075171089613
7655	2993	38.07676487687415	3.3923108279841094
7656	2993	37.619674026262224	3.4083928917848585
7657	2993	37.227262601474585	3.5099300392987782
7658	2993	36.937735132648264	3.627487841660311
7659	2993	36.76201548071997	3.7518409147036946
7660	2993	36.667425880189555	3.8875630046051786
7625	2994	10.710099999999999	22.964132
7626	2994	10.943513006622515	21.703209205298016
7627	2994	11.334225524290355	19.994001183655918
7628	2994	11.777503671594758	18.099602334999226
7629	2994	12.250966157183852	16.2240580169335
7630	2994	12.813974369941958	14.427397475235344
7631	2994	13.486063049843176	12.822696267116255
7632	2994	14.29349858824102	11.324415361555078
7633	2994	15.15321340667909	9.964611821132047
7634	2994	16.14472438265327	8.720085278225705
7635	2994	17.275627386665853	7.642069159893456
7636	2994	18.586800095063726	6.753269317186636
7637	2994	20.118446075623563	6.093158246912729
7638	2994	21.76565623462369	5.6582262158145245
7639	2994	23.539125785198124	5.346190356661631
7640	2994	25.400552802979714	5.104377169820396
7641	2994	27.320154182061508	4.861435013039877
7642	2994	29.321744451470657	4.6021121919999155
7643	2994	31.282788524831346	4.346543137887405
7644	2994	33.27707767182694	4.101454759484484
7645	2994	35.23766755427666	3.8964809569727534
7646	2994	37.167307049727974	3.7828146143567793
7647	2994	38.81554409751667	3.807935240780322
7630	2995	12.9421	22.705240000000003
7631	2995	13.139482092715234	21.334302119205297
7632	2995	13.293840765679004	19.485905399546265
7633	2995	13.419854630939923	17.639986405463844
7634	2995	13.59591703404525	15.91950959802052
7635	2995	13.816168886314935	14.185173063320407
7636	2995	14.108363044180463	12.548540860647389
7637	2995	14.558276878578004	10.943200754166316
7638	2995	15.195765926910259	9.58813439655059
7639	2995	16.06217264602559	8.47323262108921
7640	2995	17.181523836651852	7.659863510037146
7641	2995	18.438228465857343	7.1218691296014125
7642	2995	19.823012454480818	6.827711642008342
7643	2995	21.23944307469902	6.7342281830441415
7644	2995	22.714165532442433	6.777597195866007
7645	2995	24.227160325770427	6.962229243107655
7646	2995	25.70051063645909	7.274186435144605
7647	2995	27.135104388336277	7.7380347001745085
7648	2995	28.478672313493963	8.315105288943322
7649	2995	29.786511400810873	8.980594836934808
7650	2995	31.051630270860745	9.697590311705309
7651	2995	32.28758936264868	10.462086909792497
7652	2995	33.5421339923298	11.239516112828385
7653	2995	34.77032003601333	11.92606374209115
7654	2995	36.00572845586143	12.466651376193024
7655	2995	37.228142476394545	12.798805452906421
7661	3002	30.6095	3.7350000000000003
7662	3002	29.771424741721855	4.002611205298013
7663	3002	28.447864250789003	4.433953519808849
7664	3002	26.932482782665996	4.957724953439423
7665	3002	25.283023343446896	5.5937664055249945
7666	3002	23.532018947181744	6.352332130385893
7667	3002	21.813219377932466	7.079200954670996
7668	3002	20.075438540589076	7.827847441821009
7669	3002	18.398797406397335	8.61245007366845
7670	3002	16.83780229803583	9.399546840853604
7671	3002	15.501417079183915	10.122427570794292
7672	3002	14.46262083111314	10.688745988871066
7673	3002	13.613898240742737	11.133567817371343
7674	3002	12.881758424851498	11.451694837917483
7675	3002	12.133222640192537	11.709066223994165
7676	3002	11.333218193940962	12.049231643597622
7677	3002	10.599712112166296	12.576312631992717
7678	3002	9.95152194052432	13.37921688473272
7679	3002	9.507888589751103	14.525186386648365
7680	3002	9.256930005204834	15.911636965419826
7681	3002	9.101267769302464	17.525149218188364
7682	3002	9.074084417183348	19.354610792599445
7683	3002	9.122999717939216	21.31203194267845
7684	3002	9.226533851144383	23.244468176305762
7685	3002	9.279391436373754	25.108455759985784
7686	3002	9.376581758028559	26.457780295757686
7661	3003	28.826500000000003	5.132
7662	3003	27.830904874172187	5.379641298013245
7663	3003	26.264822806744935	5.815578015985398
7664	3003	24.56254488391613	6.353033104210569
7665	3003	22.818206890120646	6.96259311373943
7666	3003	21.06398328397416	7.744221627692978
7667	3003	19.43880652456037	8.545613737941885
7668	3003	17.94330068427236	9.374451133747922
7669	3003	16.67043250675777	10.207332630827356
7670	3003	15.588337710589128	11.063731762999222
7671	3003	14.633950791364306	11.974543806928406
7672	3003	13.832074459011393	12.918106832245288
7673	3003	13.114326220062736	13.943783700425806
7674	3003	12.468524619955954	15.033473447757629
7675	3003	11.758212228124961	16.154747822720097
7676	3003	10.913880668208511	17.280264214568252
7677	3003	9.993196489048799	18.402287771402595
7678	3003	9.026508505329584	19.61570836144631
7679	3003	8.125879507216846	20.837426669511487
7680	3003	7.238661471745996	22.138128117120065
7681	3003	6.373559205751404	23.530042898535495
7682	3003	5.573387164969199	24.904613684575818
7661	3004	31.028	6.077
7662	3004	30.38462063576159	6.2384488344370865
7663	3004	29.349157446571496	6.429980522486539
7664	3004	28.09147085168636	6.6377955095174785
7665	3004	26.720243760228023	6.869551777041003
7666	3004	25.248047304834696	7.2001743270597895
7667	3004	23.75842765931971	7.594405049475081
7668	3004	22.19530493742946	8.076618091364752
7669	3004	20.635361394507633	8.659560302190226
7670	3004	19.163330663680817	9.30488183193165
7671	3004	17.797141725766206	10.01714187484077
7672	3004	16.581439761075696	10.748465903557378
7673	3004	15.482073690168265	11.535582029293174
7674	3004	14.536781741429943	12.403917729081348
7675	3004	13.780571792386734	13.37031449220551
7676	3004	13.221163242748695	14.489825998065538
7677	3004	12.76013158422601	15.782017505073254
7678	3004	12.42519137771947	17.202684959355746
7679	3004	12.199232167695387	18.723549680312058
7680	3004	12.061571528010926	20.373654516969772
7681	3004	12.035885103586038	22.046045891973513
7682	3004	12.131176712997963	23.757029496170496
7664	3005	24.882299999999997	2.64314
7665	3005	23.662022013245036	3.0499305430463575
7666	3005	21.845809196395386	3.829885792505853
7667	3005	20.036040669636385	4.733748639519346
7668	3005	18.197844475704258	5.762084927143689
7669	3005	16.38005190279049	6.94259894068965
7670	3005	14.625702002178691	8.24148864777455
7671	3005	12.91374049463437	9.703883495915404
7672	3005	11.343875304463474	11.231847053966035
7673	3005	9.893038498133107	12.917115759334735
7674	3005	8.60226455841329	14.775422525971152
7675	3005	7.561768523498825	16.777867075007386
7676	3005	6.776268809231535	18.93068777677793
7677	3005	6.278818874686215	21.13828112666865
7678	3005	6.022682214603975	23.374486247873637
7714	3012	7.593	25.73986
7715	3012	7.578394463576159	24.980939311258275
7716	3012	7.853162951609724	23.557725552813775
7717	3012	8.345582722160712	21.76745122145574
7718	3012	9.001815463064478	19.836504645913816
7719	3012	9.821269729451172	17.896776563412317
7720	3012	10.840489297808894	16.024952287140646
7721	3012	12.074306292092817	14.295980375908435
7722	3012	13.609051497485748	13.043125994374261
7723	3012	15.38841759301436	11.840802728553689
7724	3012	17.39792976969235	10.66522014486264
7725	3012	19.626416220271217	9.759985336495117
7726	3012	21.84673557253208	8.999784521644917
7727	3012	24.01753975795031	8.363926884753718
7728	3012	26.09631989140399	7.971658091853772
7729	3012	28.206411552356823	7.748782836826802
7730	3012	30.32920142086962	7.700282116673048
7731	3012	32.417215810672424	7.831419796804336
7732	3012	34.51027968467883	8.11334778793277
7733	3012	36.47920309056858	8.558659633316633
7734	3012	38.004277384617176	9.092129622891889
7735	3012	38.8935871193543	9.608084460687994
7736	3012	39.314532282349994	9.9985402099685
7737	3012	39.41246060529265	10.290751001673874
7738	3012	39.2980149591126	10.490933288161052
7739	3012	39.04893563865298	10.608451976323892
7740	3012	38.8378348590576	10.601112544883346
7741	3012	38.38973579276866	10.549318303815973
7742	3012	37.96251865139969	10.489239855139038
7743	3012	37.600919842757506	10.429482140170848
7744	3012	37.317956928696745	10.38572069267049
7745	3012	37.1004683830427	10.340063633298398
7746	3012	36.94159530684368	10.299819367514585
7747	3012	36.83235028501536	10.261732488421316
7748	3012	36.76311622114987	10.23298139048571
7749	3012	36.72464262633958	10.191209057179208
7750	3012	36.70882980416021	10.14826203910818
7751	3012	36.70843483202641	10.118108880298317
7752	3012	36.71780474214537	10.102668378071215
7753	3012	36.732410525056935	10.098656741020296
7754	3012	36.74930589624524	10.115996804320773
7755	3012	36.76206439804154	10.140469270805333
7756	3012	36.766043880067805	10.152367956818757
7757	3012	36.77081716978846	10.155813593925481
7758	3012	36.77571233827641	10.1560878164255
7759	3012	36.78029550366232	10.16661404409508
7760	3012	36.784317540651436	10.172952790057574
7761	3012	36.79773974178706	10.173234845188652
7762	3012	36.810772675018875	10.160092954400252
7718	3013	10.486938	23.146192000000003
7719	3013	10.594587947019868	22.21029523178808
7720	3013	10.717147874559826	20.55690600136892
7721	3013	10.97367484764615	18.796864962432196
7722	3013	11.347472566839562	17.21144612515002
7723	3013	11.72530667216365	15.590423158618046
7724	3013	12.2756133786054	14.091492555951422
7725	3013	13.025242659612253	12.833621194081077
7726	3013	13.932208688572732	11.93127246841065
7727	3013	14.975732898462688	11.303369748562615
7728	3013	16.148987929845372	10.77010446197649
7729	3013	17.35797487754755	10.106067422111705
7730	3013	18.565647497493856	9.22150784763841
7731	3013	19.867925113493495	8.227943965909946
7732	3013	21.381912660554985	7.297792489536555
7733	3013	23.103316333160063	6.480178150810335
7734	3013	25.029341464178852	5.822079475635258
7735	3013	27.092604679314803	5.29445445999118
7736	3013	29.247939275507786	4.853856730737927
7737	3013	31.44369375229501	4.470970693786573
7738	3013	33.40524527434605	4.177803228295607
7739	3013	34.66113029399607	4.038806561495224
7740	3013	35.37159665461507	4.008839321138822
7741	3013	35.67374692111708	4.050111858348009
7742	3013	35.703336274437866	4.133176790394687
7743	3013	35.55849032291756	4.23601752600097
7744	3013	35.331972582260754	4.352011650801185
7745	3013	35.05857160650019	4.460141985533271
7746	3013	34.77728218005668	4.554705773539549
7747	3013	34.5134509527033	4.624700371433721
7748	3013	34.2815122195875	4.680263664363197
7749	3013	34.07964553061785	4.704961797889474
7750	3013	33.91953809955594	4.713314574592269
7751	3013	33.79842860644295	4.717325508271975
7752	3013	33.71146117046554	4.722369464044289
7753	3013	33.65301886357342	4.7288092197253215
7754	3013	33.617217440476175	4.749333117134986
7755	3013	33.586080088193604	4.772129746755221
7756	3013	33.54848704402598	4.779038597315814
7757	3013	33.52677113961183	4.7737134223713324
7758	3013	33.50831338382766	4.767702371438641
7759	3013	33.50850024156868	4.770508780473035
7760	3013	33.51048941744582	4.763233316279272
7761	3013	33.37363890965337	4.738395592009749
7762	3013	32.97084085124764	4.724297185567793
7725	3014	17.012636	12.447916000000001
7726	3014	17.817255509933776	12.186168145695364
7727	3014	19.03192530846444	11.84010835051414
7728	3014	20.270167661756478	11.4963617957873
7729	3014	21.625280154690362	11.1048116321685
7730	3014	23.12293124974702	10.766256370904316
7731	3014	24.571407241365897	10.51418236470273
7732	3014	26.108113790951656	10.28597661339554
7733	3014	27.64838040867118	10.130626470075907
7734	3014	29.116600059540023	9.990895361440195
7735	3014	30.561489870878262	9.905662725340052
7736	3014	31.986051773133646	9.888082032556579
7737	3014	33.37878184264179	9.929467321188469
7738	3014	34.734252857335655	10.002771196258713
7739	3014	36.059044649830135	10.101547135791698
7740	3014	37.17613542537042	10.132800325757763
7741	3014	38.0122008191395	10.107797576749471
7742	3014	38.52073104249088	10.118133242335812
7743	3014	38.74834086225361	10.129385430880435
7744	3014	38.78797848116802	10.150681029934614
7745	3014	38.69849172339792	10.159890602668181
7746	3014	38.534628704067444	10.16748870430355
7747	3014	38.33683911605626	10.165285730193215
7748	3014	38.131130715170045	10.163133476840395
7749	3014	37.93646856026852	10.142308068525328
7750	3014	37.763988598324325	10.117875785875318
7751	3014	37.62065958568118	10.099760007049483
7752	3014	37.50490825033277	10.089163797514809
7753	3014	37.41528666141043	10.091140766430707
7754	3014	37.35202739007383	10.108852310710882
7755	3014	37.30218252509001	10.127965847587129
7756	3014	37.249421357546446	10.138550804901637
7757	3014	37.21140214037805	10.137532822403536
7758	3014	37.18922104588361	10.130333841480558
7759	3014	37.186952005432914	10.140765241862855
7760	3014	37.196811271975655	10.147050225747426
7761	3014	37.22848161216432	10.145771699810801
7762	3014	37.26675687028366	10.133250199901584
7719	3015	7.125439999999999	25.648799999999998
7720	3015	7.460575390728476	24.32918617218543
7721	3015	7.98655873173618	22.46550664434558
7722	3015	8.607227274474665	20.5128824863468
7723	3015	9.282752401001945	18.5652420111555
7724	3015	9.935176038983336	16.614669903027288
7725	3015	10.5196949432246	14.676988326477147
7726	3015	10.960047342124476	12.947782065323514
7727	3015	11.474068219689633	11.290235623976793
7728	3015	12.205397863295511	9.719770885966476
7729	3015	13.229288713333087	8.273993340607776
7730	3015	14.482911058444389	7.03164384950557
7731	3015	15.917157049467505	6.042027521995881
7732	3015	17.475106239412504	5.281282790892703
7733	3015	19.08946562213947	4.723998857427642
7734	3015	20.734359735829766	4.327410803385029
7735	3015	22.373474990847985	4.035864981593677
7736	3015	24.01415879589167	3.8125292818346863
7737	3015	25.655440513605246	3.647727971605784
7738	3015	27.296389290261708	3.5105567968917932
7739	3015	28.915549262884934	3.3790482647241356
7740	3015	30.514164527880986	3.2391794528225857
7741	3015	32.06471329600416	3.0823092370009086
7742	3015	33.54724980557541	2.873662223529703
7743	3015	34.96790470783222	2.5908412663545444
7744	3015	36.319943911286565	2.320441782103606
7745	3015	37.45972055212642	2.1042892412149405
7746	3015	38.11872353625594	1.9724483234907408
7747	3015	38.43363796184462	1.905599611518937
7748	3015	38.5051254692961	1.8890404728983594
7749	3015	38.41714152828976	1.8973582488372902
7750	3015	38.18540506388465	1.92522883137118
7751	3015	37.919214466354184	1.9636627524916939
7752	3015	37.6507551217622	2.007739442020559
7753	3015	37.40155669724038	2.060853611507449
7754	3015	37.18986876403241	2.1222182170602717
7755	3015	37.008016113015145	2.180400095323144
7756	3015	36.85199991806357	2.221017884270332
7757	3015	36.73562733743162	2.242310916370668
7758	3015	36.64947317280462	2.2503777090074677
7759	3015	36.59393486267758	2.2644505382641285
7760	3015	36.5733292598022	2.2774668618326506
7761	3015	36.5760423990378	2.2855534005029448
7762	3015	36.597917330108	2.2755446680161038
7763	3022	31.88	4.603999999999999
7764	3022	31.068741245033113	4.754800357615894
7765	3022	29.74002360568536	5.025775075389823
7766	3022	28.185981487929638	5.414530842752849
7767	3022	26.474929644470343	5.9111185715904035
7768	3022	24.636421958791143	6.550824448048723
7769	3022	22.789786133087635	7.291531800640183
7770	3022	20.885356357199345	8.175023462351211
7771	3022	19.03200592854626	9.136729407940146
7772	3022	17.256840303401805	10.092105309407925
7773	3022	15.496116312115975	11.008930417718394
7774	3022	13.801320993420553	11.805529887556288
7775	3022	12.143210697747135	12.563745226672488
7776	3022	10.587095859000549	13.370522862255427
7777	3022	9.182881586468072	14.347052679921912
7778	3022	7.968034575926551	15.599297415829085
7779	3022	7.07435095778619	17.02637205226724
7780	3022	6.514563478737705	18.598222218592845
7781	3022	6.232216504159764	20.27178500205358
7782	3022	6.117444241369402	22.091545913888915
7783	3022	6.085019824551096	23.912102163571273
7784	3022	6.073207682312655	25.670546569312577
7763	3023	36.064499999999995	7.5295000000000005
7764	3023	35.38193798675497	7.655736622516556
7765	3023	34.28286255806497	7.799828884911127
7766	3023	32.95967964347126	7.9710208860895895
7767	3023	31.632550993841782	8.128902686659428
7768	3023	30.07691347140995	8.34019685173638
7769	3023	28.509998419826136	8.547836668433566
7770	3023	26.859175518068543	8.75538746645615
7771	3023	25.18057777671368	8.996119554579128
7772	3023	23.457844947035486	9.271622349052404
7773	3023	21.722240294585472	9.62371926336687
7774	3023	20.050935847047153	10.042663295011607
7775	3023	18.418084272039554	10.517872743239332
7776	3023	16.789712153503043	11.031200647267744
7777	3023	15.200062736942659	11.55368704081898
7778	3023	13.607858898663657	12.096180326584928
7779	3023	12.069755556073769	12.650050881236682
7780	3023	10.588483810985847	13.301413737723337
7781	3023	9.23520757038403	14.094940523836069
7782	3023	8.021588843702732	15.099314595492574
7783	3023	7.04179116911822	16.37622477243459
7784	3023	6.308688872907374	17.785183651937533
7785	3023	5.741474310170029	19.351533682242483
7786	3023	5.2975819022596555	20.985927867979257
7787	3023	4.882061615729797	22.657311667381016
7788	3023	4.434222302137206	24.317857303948013
7789	3023	3.9244861934024144	25.88219711691787
7764	3024	34.502988	2.3575180000000002
7765	3024	34.083131095553455	2.4300023651844844
7766	3024	33.064424744055636	3.2680828207676833
7767	3024	31.59012103480021	4.000840524401863
7768	3024	29.827321579005314	4.659036097872893
7769	3024	28.015734235107352	5.241456433898063
7770	3024	26.113449875177324	5.870732866728876
7771	3024	24.19459164613944	6.540601564723578
7772	3024	22.241734697428562	7.273512417870251
7773	3024	20.243710694842502	8.116859856621067
7774	3024	18.322199160793097	9.01353840631985
7775	3024	16.44876097110429	10.011924928291114
7776	3024	14.630624258908453	11.056627034897375
7777	3024	12.848009805166592	12.167346326591867
7778	3024	11.092066065202763	13.418844259427354
7779	3024	9.54614121249654	14.756226896147307
7780	3024	8.30744267369033	16.264211894187106
7781	3024	7.466651385081693	17.978241717157005
7782	3024	7.089201168091716	19.83631306179575
7783	3024	7.163350656100452	21.828486175884066
7784	3024	7.593294245561813	23.783578363966242
7785	3024	8.300694726079168	25.725755210028122
7764	3025	35.156276	5.096424
7765	3025	35.126490077578055	5.128744382213813
7766	3025	35.54792878901586	4.849338020842878
7767	3025	34.79606128623977	4.9474677080733285
7768	3025	33.37658921662324	5.243005734117983
7769	3025	31.738411601342115	5.606816075564352
7770	3025	29.910650311551766	6.04808477800605
7771	3025	28.010555302365923	6.505435410573565
7772	3025	26.039281974058778	6.973912079529701
7773	3025	23.986950760892924	7.473052848441947
7774	3025	21.959516223254248	7.919387855048934
7775	3025	19.945846220337582	8.338502460874453
7776	3025	18.063220661174743	8.841099868109835
7777	3025	16.385178156573424	9.39006151565783
7778	3025	14.949049260317503	9.934768107604693
7779	3025	13.77760423428199	10.422439135551087
7780	3025	12.752298570463973	10.916752745205017
7781	3025	11.84101163905971	11.479348497022663
7782	3025	11.008231573586235	12.332090810709396
7783	3025	10.29340034108602	13.492449276847331
7784	3025	9.840979863568954	14.911327308068435
7785	3025	9.619010565194078	16.616756751720537
7786	3025	9.571165731252357	18.529414935198144
7787	3025	9.653204048882797	20.61705754802681
7788	3025	9.797572627005115	22.83644127317155
7789	3025	9.853752174400705	25.042464098187224
7814	3032	9.50822	25.704950000000004
7815	3032	9.603430225165562	24.904549748344373
7816	3032	9.78153899579762	23.671926315142453
7817	3032	10.00982759805517	22.336720184917702
7818	3032	10.285581502655392	20.966851656740253
7819	3032	10.639879486186546	19.577890714554457
7820	3032	11.052618592846493	18.230932502453324
7821	3032	11.480344761748185	16.908666885605747
7822	3032	12.05399328896585	15.63822635530718
7823	3032	12.78147805670885	14.463299255970833
7824	3032	13.629472792932269	13.466615427083003
7825	3032	14.523038489400905	12.700951234702258
7826	3032	15.505363634895053	12.173331577528684
7827	3032	16.566881967396643	11.892035860036167
7828	3032	17.650125330063435	11.739544900902192
7829	3032	18.78561814855188	11.623398886644113
7830	3032	19.94410822300947	11.524239433216062
7831	3032	21.159968441123116	11.420360184126462
7832	3032	22.412457338999648	11.304028678662277
7833	3032	23.712608197935506	11.163826636155592
7834	3032	25.068850525721007	10.99594368558794
7835	3032	26.430178148752248	10.811819674117865
7836	3032	27.863391655692304	10.64334688284135
7837	3032	29.334021655141914	10.487632389956401
7838	3032	30.89736154117428	10.358967880170088
7839	3032	32.52947124894648	10.26655383349203
7840	3032	34.13935994217012	10.221434222074722
7841	3032	35.74386133936111	10.231123467475363
7815	3033	11.434764000000001	24.745032
7816	3033	11.577598066225166	23.374958304635758
7817	3033	11.56540176142198	21.7563628358107
7818	3033	11.705148839850615	19.736945542002612
7819	3033	11.99434098756064	17.58636885560266
7820	3033	12.521975751093004	15.59538405467697
7821	3033	13.310226943448528	13.866687037133854
7822	3033	14.228616341786992	12.592909405651339
7823	3033	15.211915840180811	11.776199633083543
7824	3033	16.32869293734511	11.355925042072727
7825	3033	17.475635230444013	11.100957218477875
7826	3033	18.63644604575546	10.822559893611976
7827	3033	19.777748052313907	10.379045170698454
7828	3033	20.91446218053146	9.751807232349837
7829	3033	22.075971485230653	8.919926671920392
7830	3033	23.3065382615863	8.03242090528982
7831	3033	24.692158639737038	7.133424475058633
7832	3033	26.29474388756019	6.293986512554448
7833	3033	28.007589600421184	5.580034411831407
7834	3033	29.76712477519821	4.950936352871003
7835	3033	31.467216550427693	4.394478931102502
7836	3033	33.16989882474202	3.919856338907691
7837	3033	34.87807272750977	3.5850169972254506
7838	3033	36.575369264965204	3.4847712070257035
7815	3034	7.587555999999999	25.389432
7816	3034	7.912440225165563	23.886352675496685
7817	3034	8.232603434420863	21.853339167204016
7818	3034	8.880230662392625	19.572808769770543
7819	3034	9.805265392701223	17.208321010973254
7820	3034	10.741095127698305	14.912021801971212
7821	3034	11.698586065574377	12.665135294220693
7822	3034	12.734812398353087	10.331317348992355
7823	3034	14.031916092750802	8.201882553921925
7824	3034	15.721913735262998	6.3791300224240794
7825	3034	17.61649469564243	5.065043649738361
7826	3034	19.715932247973015	4.332115046905505
7827	3034	21.93099529887219	4.235732030762831
7828	3034	24.14969267678481	4.674871663412545
7829	3034	26.415423086960416	5.4708418353064925
7830	3034	28.611971601823843	6.365021233563732
7831	3034	30.78532150029417	7.210517125556269
7832	3034	32.88974175466475	7.895539215577456
7833	3034	34.94344532358031	8.40986254092986
7834	3034	36.937674793961904	8.805500084619304
7819	3035	11.3747	24.30508
7820	3035	11.731621960264901	23.293169695364238
7821	3035	12.162307306986238	21.854307213395746
7822	3035	12.573264590009153	20.13901559378919
7823	3035	12.913003901893685	18.41243666584703
7824	3035	13.230480069690374	16.717745097503773
7825	3035	13.568713413474825	15.221576294330507
7826	3035	13.998710823373916	13.94039920552858
7827	3035	14.547012559419361	12.88184559451636
7828	3035	15.257297656146424	12.080767274546798
7829	3035	16.19715945550574	11.486313702143198
7830	3035	17.225426095499056	11.001208784639621
7831	3035	18.324390330935785	10.518254750790263
7832	3035	19.43584159481743	9.964631167754467
7833	3035	20.568206740432586	9.376909524926463
7834	3035	21.736613720209927	8.785807801849856
7835	3035	22.89972456806787	8.218841960740859
7836	3035	24.110314709486282	7.673814573362895
7837	3035	25.362683392760562	7.149185569600842
7838	3035	26.61066149493386	6.620374969812629
7839	3035	27.871066879912014	6.0802934568884455
7840	3035	29.069259964760214	5.513642998803879
7841	3035	30.232973572656753	4.901670696242514
7842	3035	31.35067358474243	4.275996570303425
7843	3035	32.423909595649164	3.63665475415931
7844	3035	33.47250470630169	2.989285625759289
7845	3035	34.424522525415306	2.3734190609730237
7846	3035	35.21415082130996	1.9060000259886685
7856	3042	23.523	7.09
7857	3042	22.29621386754967	7.534444145695364
7858	3042	20.383230239170935	8.243556725398049
7859	3042	18.239994842404585	9.074415595627208
7860	3042	16.144516544358403	10.054352620365945
7861	3042	14.178013399291949	10.971165099978984
7862	3042	12.418829444744864	11.735753995514637
7863	3042	10.719650101852046	12.533354410061529
7864	3042	9.42215142141843	13.54035683016803
7865	3042	8.63462051364009	14.761785489219552
7866	3042	8.346460225058372	16.17335315778076
7867	3042	8.359535205322123	17.736219323664756
7868	3042	8.55519029237696	19.369152089930086
7869	3042	8.780385410080397	21.179792799703915
7870	3042	9.047466942807135	23.063975507595618
7871	3042	9.33753077511882	24.952595910323545
7872	3042	9.612323501016974	26.484508745742716
7873	3042	9.861152288026004	27.492301958289662
7874	3042	10.06546929468623	28.04934238557697
7875	3042	10.223419668903105	28.281247648283735
7876	3042	10.323321814480243	28.294151989855287
7877	3042	10.385889248897248	28.16420359071664
7878	3042	10.427348369278542	27.963261520128192
7879	3042	10.450423091228933	27.740786071040418
7880	3042	10.457493700878276	27.525872810813876
7881	3042	10.464808333702454	27.3166780118182
7882	3042	10.48263527195056	27.122477299772065
7883	3042	10.500687073859565	26.951263428071233
7884	3042	10.513517725855316	26.79649883300396
7885	3042	10.52561547475493	26.66425300938134
7886	3042	10.531719829539101	26.559461121112058
7887	3042	10.533410831173153	26.487269068569052
7888	3042	10.549509527146979	26.470664531339843
7889	3042	10.559646662541565	26.48487790547831
7890	3042	10.5651750076073	26.51264108653398
7891	3042	10.563782761909735	26.548659437061577
7892	3042	10.560941342718904	26.580085993682737
7893	3042	10.561132301466932	26.614965155994042
7894	3042	10.560268054025983	26.649326481022054
7856	3043	25.845	6.023999999999999
7857	3043	24.775594609271522	6.366340503311259
7858	3043	23.10967759841259	6.964894990542962
7859	3043	21.32366266136295	7.740188143690797
7860	3043	19.51824803351173	8.643669474567929
7861	3043	17.81336981162155	9.661985341325646
7862	3043	16.3452895498963	10.704060257550767
7863	3043	15.02278885039638	11.640597162950062
7864	3043	13.89448003082785	12.528718085630425
7865	3043	12.826699465016645	13.443259301333816
7866	3043	11.817558304439048	14.511859820830242
7867	3043	11.000626259967898	15.693741710442918
7868	3043	10.415488085848505	16.97794402359727
7869	3043	10.13005108776456	18.4568839389705
7870	3043	10.113193546687883	20.094674352291676
7871	3043	10.281459610268636	21.842830571222066
7872	3043	10.612161362835945	23.652079717804458
7873	3043	10.998460743947513	25.43386344309232
7874	3043	11.377364318369263	26.811925103270905
7875	3043	11.683390249490852	27.657312647825673
7876	3043	11.909773950297557	28.109652776768648
7877	3043	12.076823168107856	28.27150969909027
7878	3043	12.195492202575972	28.250120252806443
7879	3043	12.269730568436245	28.11990727268908
7880	3043	12.30903069247006	27.932484289997674
7881	3043	12.340225217550527	27.70459162031185
7882	3043	12.374007687033801	27.454613365963386
7883	3043	12.400881601475506	27.219056363245745
7884	3043	12.417882561146104	26.991529855695592
7885	3043	12.428148305454174	26.781390069871822
7886	3043	12.434339513654736	26.611044016402342
7887	3043	12.438275326179408	26.49072091107322
7888	3043	12.44537001394957	26.44460138333454
7889	3043	12.446892525719921	26.454954135703087
7890	3043	12.440512460139114	26.49067184887454
7891	3043	12.428657130312256	26.534530221050343
7892	3043	12.417902549236858	26.577525812520403
7893	3043	12.413121629513903	26.6175139569509
7894	3043	12.41326095228665	26.65438838075423
7856	3044	27.6785	7.067500000000001
7857	3044	26.837995390728477	7.299757192052981
7858	3044	25.49578305654058	7.640284889274377
7859	3044	24.0051794288601	8.008855615073465
7860	3044	22.464810342399396	8.35921181071782
7861	3044	20.942063853800448	8.719500602976435
7862	3044	19.42232033212965	9.075840138238464
7863	3044	17.915350566478708	9.409517453778582
7864	3044	16.50139218846722	9.643172309333362
7865	3044	15.032009864423184	9.873595493206121
7866	3044	13.558671485200705	10.15541784493986
7867	3044	12.123304269036963	10.568528270321671
7868	3044	10.778253517979685	11.240138220511886
7869	3044	9.643214639025924	12.165522391516227
7870	3044	8.738004482919482	13.360026649665778
7871	3044	8.143353202220458	14.737005002738362
7872	3044	7.709439142874537	16.2708913763822
7873	3044	7.397877223177812	17.90502943137187
7874	3044	7.250771680330493	19.6267108608374
7875	3044	7.164239421712031	21.353970305878043
7876	3044	7.123977294147762	22.962308371670908
7877	3044	7.09807920155672	24.565708786913156
7878	3044	7.069108507103981	26.0698533259414
7879	3044	7.179339027370548	27.21434886605734
7880	3044	7.291098281580445	27.920827835631634
7881	3044	7.412481105655936	28.26930997296748
7882	3044	7.541421559684717	28.3498711841989
7883	3044	7.667349484071158	28.250889025078877
7884	3044	7.7701249755506705	28.042567351038727
7885	3044	7.846091286686429	27.77223313644271
7886	3044	7.901297262251218	27.4906989842787
7887	3044	7.946148306592852	27.23831305008968
7888	3044	7.9792619711656405	27.045942254303363
7889	3044	8.00588086027861	26.924458394483775
7890	3044	8.017965683632818	26.84588640398625
7891	3044	8.015125693716907	26.79459716052289
7892	3044	8.01002713063142	26.761535608609258
7893	3044	8.00397103235988	26.735719874690417
7894	3044	7.9993140987136515	26.726821189421035
7856	3045	33.366	8.935500000000001
7857	3045	32.496559894039734	9.117860516556291
7858	3045	30.948123170509486	9.35877553211199
7859	3045	29.174698785816435	9.517408593886978
7860	3045	27.311051083008582	9.549922733804852
7861	3045	25.337255529677957	9.513128771131933
7862	3045	23.408432419212822	9.404996712745193
7863	3045	21.495268962199688	9.237597789581558
7864	3045	19.56003460775705	9.073203881852177
7865	3045	17.752028777979344	8.905607151475245
7866	3045	15.91850569627073	8.823178663928426
7867	3045	14.042292422479461	8.900514627235593
7868	3045	12.20298060704654	9.188556954083449
7869	3045	10.459767355218265	9.747887332394729
7870	3045	8.870148160071741	10.646323947535189
7871	3045	7.540714721602616	11.872853799540662
7872	3045	6.527095876997397	13.394792552994144
7873	3045	5.840031221497896	15.127246052740999
7874	3045	5.4282059340057085	17.012090593938606
7875	3045	5.214205628183246	18.96640555320194
7876	3045	5.12670806080529	20.947625398463472
7877	3045	5.095860473134122	22.785077668674866
7878	3045	5.096130278266341	24.669238353098958
7879	3045	5.100402646990275	26.321525087287608
7880	3045	5.266095929827484	27.402080113808413
7881	3045	5.452154596308618	28.010314410706393
7882	3045	5.656574956249474	28.250250898584753
7883	3045	5.834987082049045	28.255744901486846
7884	3045	5.983173686088116	28.086259150153026
7885	3045	6.118344915227053	27.813693199113427
7886	3045	6.2207072055837225	27.501135723550163
7887	3045	6.302714242849343	27.21090817763799
7888	3045	6.366717554636754	26.992121057893794
7889	3045	6.407357578350583	26.833442333535558
7890	3045	6.4302546104281495	26.711795985224697
7891	3045	6.431108547006511	26.622929644801562
7892	3045	6.4249393514719335	26.564688216782724
7893	3045	6.41497114744692	26.53003397150963
7894	3045	6.412345357350382	26.512154948323605
7895	3052	11.178	23.668999999999997
7896	3052	11.326515483443709	22.667908066225166
7897	3052	11.603652471332937	21.2184879548212
7898	3052	11.818986247411047	19.51920664496641
7899	3052	12.264627304782135	17.78232024049961
7900	3052	12.75527955006132	16.093680555974075
7901	3052	13.208947899448598	14.564387489957364
7902	3052	13.800618196381222	13.222093162526924
7903	3052	14.503833832655424	12.057207434394545
7904	3052	15.39553684778748	10.997998458577056
7905	3052	16.396733153413933	10.11957663791655
7906	3052	17.494201815208328	9.3194383667671
7907	3052	18.787898999210476	8.646933713707558
7908	3052	20.2793103930286	8.147853431044425
7909	3052	22.00758048361399	7.842115820131869
7910	3052	23.887195691712044	7.670638158506305
7911	3052	25.862966204620697	7.598690315558858
7912	3052	27.86247683674965	7.596595651471121
7913	3052	29.841754997619287	7.653078009043627
7914	3052	31.75549439495875	7.765467930560867
7915	3052	33.5884109015415	7.938696245309113
7916	3052	35.31473811514772	8.164104988323896
7917	3052	36.76481513050143	8.413928699082714
7918	3052	37.78199946629553	8.612961089822415
7919	3052	38.3219637833247	8.785639238563062
7920	3052	38.52444067128235	8.925320510562008
7921	3052	38.49184315484946	9.03334989573712
7922	3052	38.319709944608746	9.118060702182666
7923	3052	38.07308026471889	9.178783185516103
7924	3052	37.811838860051765	9.221548638178625
7925	3052	37.56410067605149	9.242967026608634
7926	3052	37.3404642400661	9.236526953219203
7927	3052	37.15240555602416	9.206069775911569
7928	3052	36.990460378344565	9.173818161641345
7929	3052	36.86264073658137	9.140491753074077
7930	3052	36.76652095535752	9.116700824124601
7931	3052	36.69805094761025	9.09325403643673
7898	3053	8.636424	24.049818000000002
7899	3053	8.84431544370861	22.566994860927153
7900	3053	9.216249843675357	20.451411768068393
7901	3053	9.760468031512847	18.11365511992956
7902	3053	10.424439466534873	16.07785418225277
7903	3053	11.21082985585397	14.333948178264137
7904	3053	12.018182050642462	12.910747020369959
7905	3053	12.823971780143884	11.741341059604938
7906	3053	13.63565169517027	10.743938505622175
7907	3053	14.465527318625762	9.900034899166252
7908	3053	15.342471623187423	9.141634542092786
7909	3053	16.2438383982626	8.384999024419104
7910	3053	17.128585480003768	7.526399643612513
7911	3053	18.051631230654554	6.6010987662136404
7912	3053	19.095779927914606	5.727053515034935
7913	3053	20.309218621002316	5.0177296217342455
7914	3053	21.660808066347688	4.574382628143916
7915	3053	23.095895205082247	4.456538834579495
7916	3053	24.589456748112855	4.627348895067035
7917	3053	26.11548092853682	4.981456017200094
7918	3053	27.678454454402917	5.409067141649264
7919	3053	29.264541445435427	5.834240314662253
7920	3053	30.88210364175283	6.221924736093882
7921	3053	32.50639054369699	6.578278043455289
7922	3053	34.111051297911054	6.906398620304587
7923	3053	35.65167826957106	7.217453166965529
7924	3053	36.91758436892466	7.4902822556203885
7925	3053	37.690182802167165	7.663460909470224
7926	3053	38.087097574339566	7.750086303297616
7927	3053	38.22179191483981	7.776887586234811
7928	3053	38.1735345172217	7.772751959435038
7929	3053	38.0137208632872	7.744372034549312
7930	3053	37.79609089576686	7.706959285160834
7931	3053	37.55925260014724	7.666816639120034
7898	3054	10.425856	21.329231999999998
7899	3054	10.63374209271523	19.801988927152316
7900	3054	10.875351836587726	17.98671952624077
7901	3054	11.489928163018707	16.051103200192582
7902	3054	12.147927171994805	14.358982684091066
7903	3054	12.904583490830465	12.971039330965477
7904	3054	13.73683566661714	11.84857244001742
7905	3054	14.574979487053126	10.942829276739285
7906	3054	15.478198402319101	10.178957707824713
7907	3054	16.384608960455886	9.505517100180818
7908	3054	17.30705049923429	8.897801656043672
7909	3054	18.304481282002193	8.331236292261387
7910	3054	19.38793630051962	7.8016122422212755
7911	3054	20.573830365476347	7.217687683789291
7912	3054	21.86597397625603	6.5911234117394
7913	3054	23.25525940553008	5.935289805206063
7914	3054	24.70706850822073	5.296217771588424
7915	3054	26.129494216363486	4.656286526829471
7916	3054	27.490501144734072	4.032231455838342
7917	3054	28.86063676282922	3.477939166410727
7918	3054	30.251608483820494	2.995054034636291
7919	3054	31.703903161561797	2.605107435892271
7920	3054	33.23803058402219	2.3048649254738507
7921	3054	34.81443858430947	2.0953968750155982
7922	3054	36.338489588229834	1.9826603772593625
7923	3054	37.39895803906855	1.949344224452647
7924	3054	38.02399701795011	1.9773538920094897
7925	3054	38.32891639978324	2.03968626525145
7926	3054	38.400085712985344	2.1060553785750145
7927	3054	38.32016988981342	2.158334472491583
7928	3054	38.14905179087492	2.2099555877544175
7929	3054	37.931924688848795	2.256146049652212
7930	3054	37.70587715555993	2.2985641510603916
7931	3054	37.49023787113151	2.326750574587891
7903	3055	12.94872	23.566404000000002
7904	3055	12.964545562913907	22.130464927152318
7905	3055	13.01816056765474	20.084281748607072
7906	3055	13.125932390664865	17.901022848426745
7907	3055	13.157720412217659	15.98933103181093
7908	3055	13.413442317341639	14.1067814382838
7909	3055	13.86368649705553	12.382870970686247
7910	3055	14.523356695790937	10.86574480445286
7911	3055	15.490821655118303	9.559584528026956
7912	3055	16.666158456207263	8.526687999898805
7913	3055	17.96145372250176	7.7294275819805875
7914	3055	19.274431151247224	7.070088112347431
7915	3055	20.506427700832916	6.499218538193298
7916	3055	21.662149691585984	6.01176552957553
7917	3055	22.76474332737142	5.657876573523011
7918	3055	23.83569843943904	5.450430461449777
7919	3055	24.89296055777672	5.352296878282964
7920	3055	25.949027546837613	5.298869652227887
7921	3055	27.011539797847764	5.2397553210111925
7922	3055	28.078297094677435	5.139145045556777
7923	3055	29.13073226410728	4.969679993441002
7924	3055	30.157959034775036	4.694382902316613
7925	3055	31.099234397357566	4.276042752520436
7926	3055	31.889030610274844	3.6814729461352216
7927	3055	32.54130045762458	2.90880196250362
7928	3055	33.018605225046464	2.1281788546906584
7929	3055	33.25738875084967	1.5714036800511553
7930	3055	33.330241539357125	1.215701396874695
7931	3055	33.28616617128719	1.0107510865421512
7932	3063	28.15	6.7485
7933	3063	27.045082741721856	7.005683456953642
7934	3063	25.36836742833923	7.453121676305167
7935	3063	23.590967076380288	8.03249830568017
7936	3063	21.79701577156642	8.730611341576571
7937	3063	19.99213174744896	9.562548869816508
7938	3063	18.34380416357155	10.385814716780324
7939	3063	16.85048011191548	11.186375233774879
7940	3063	15.062595467733308	12.915087194721059
7941	3063	14.133450389378314	13.36955163078499
7942	3063	13.401119895763518	13.844618325007213
7943	3063	12.822509537780363	14.384658955393276
7944	3063	12.334367209093354	14.96421604215809
7945	3063	11.893485125093655	15.61145786809395
7946	3063	11.533517950932941	16.325158363552713
7947	3063	11.263057085540892	17.06033952085032
7948	3063	11.104546966905039	17.87440244632906
7949	3063	10.969640721600816	18.74801097553259
7950	3063	10.81828461833727	19.708959762789895
7951	3063	10.616046925876365	20.766200498656566
7952	3063	10.333399697177088	21.93623727271806
7953	3063	10.090067535459822	23.179488232918906
7954	3063	9.745171722413257	24.45650821528324
7955	3063	9.248755444057402	25.725384189598675
7956	3063	8.754971358819548	26.85171308519664
7932	3064	31.7	3.647
7933	3064	30.679260556291393	4.168630887417219
7934	3064	28.974448210474208	4.8883974990520125
7935	3064	26.95048104327523	5.577600853837625
7936	3064	24.821153579697526	6.327330927072262
7937	3064	22.558523062078553	7.136550822527209
7938	3064	20.348365529892813	7.967622053045042
7939	3064	18.146182408753628	8.898385863851152
7940	3064	16.092696677053	9.97217801734755
7941	3064	14.273086524064418	11.077121710566063
7942	3064	12.745943600772174	12.149987788050948
7943	3064	11.555893906747514	13.119709613341206
7944	3064	10.634216243135477	14.084918197483605
7945	3064	10.014440286332976	15.10379272942018
7946	3064	9.656302029346017	16.166979467042616
7947	3064	9.44443057718442	17.278492318840513
7948	3064	9.305090153649614	18.490862344308482
7949	3064	9.210394779124604	19.837640569677543
7950	3064	9.19225663910805	21.314159565690677
7951	3064	9.193166488044271	22.901449878609938
7952	3064	9.268374049253321	24.501554769062196
7953	3064	9.418616296571813	26.096607048936665
7954	3064	9.600368744705355	27.324460612240006
7932	3065	32.416	5.8805
7933	3065	31.262058278145695	5.980678622516556
7934	3065	29.522757341435927	6.362552762416351
7935	3065	27.704799441983333	6.889652291485675
7936	3065	25.83643644797313	7.536559088196293
7937	3065	23.815105424866797	8.254663340288845
7938	3065	21.850493065216504	8.981159191900726
7939	3065	19.950809734998337	9.707551819937837
7940	3065	18.22777215393072	10.397833449606612
7941	3065	16.72193838912178	11.030188665258589
7942	3065	15.41497962212855	11.629862015305868
7943	3065	14.37874395463608	12.182861257722616
7944	3065	13.559346976699796	12.73203298498752
7945	3065	12.929427440288604	13.326830789416702
7946	3065	12.463268623761467	14.009977056693888
7947	3065	12.110550104481415	14.778734247783323
7948	3065	11.85819706151159	15.578594408999885
7949	3065	11.668468355085599	16.494084906874125
7950	3065	11.59299584983751	17.449668662052105
7951	3065	11.614012559228124	18.55899105497927
7952	3065	11.763500275149843	19.833877601973644
7953	3065	11.96404983999922	21.210092647000092
7954	3065	12.175689338542139	22.62854995756854
7955	3065	12.353645823594757	24.145310935824156
7956	3065	12.504628652413219	25.7102263701222
7957	3065	12.616470679238587	27.003566198122428
7932	3066	35.5445	4.814
7933	3066	34.97244402649007	5.12869459602649
7934	3066	33.97471356892599	5.641528178319908
7935	3066	32.72183090680818	6.244165004262368
7936	3066	31.35233749034173	6.940840297113612
7937	3066	29.785093705355237	7.772361228998715
7938	3066	28.159288954617818	8.561628614876987
7939	3066	26.437734678545144	9.346372193095807
7940	3066	24.608377373258953	10.103419592689052
7941	3066	22.72102152980664	10.794922308292355
7942	3066	20.88007328766257	11.385470129730246
7943	3066	19.24001560736781	11.80124282194963
7944	3066	17.77918053073318	12.055758480563895
7945	3066	16.45704584344961	12.231754030704424
7946	3066	15.343586848151512	12.438779935937285
7947	3066	14.352178357766652	12.801869887665656
7948	3066	13.497722507782319	13.259123498924696
7949	3066	12.739418159651366	13.860051748193348
7950	3066	12.081446257360431	14.611262404736152
7951	3066	11.536604835487784	15.499953387859152
7952	3066	11.083069899096081	16.521866599782463
7953	3066	10.750650028099487	17.625797734378928
7954	3066	10.476486458076868	18.782640037051323
7955	3066	10.153866738732109	20.026993342946234
7956	3066	9.877455867597135	21.331159457085757
7957	3066	9.596283081838612	22.681614011986554
7958	3066	9.333303864798644	24.035923950730243
7959	3066	9.098637915511524	25.337881627935133
7988	3071	35.648745999999996	4.6006219999999995
7989	3071	34.878544079470196	4.706214490066225
7990	3071	33.69844072408948	4.892811147896027
7991	3071	32.37960624252034	5.153206220746376
7992	3071	31.038465429865695	5.464087687759721
7993	3071	29.498147972586967	5.762063859886295
7994	3071	27.936156508146787	6.017016419277189
7995	3071	26.224483656827	6.245063717027179
7996	3071	24.47201927524445	6.488467961367868
7997	3071	22.651189461672256	6.818710516365318
7998	3071	20.913722825671414	7.298976409570104
7999	3071	19.23110302719228	7.977942106725048
8000	3071	17.685705628833748	8.771436701185863
8001	3071	16.18007433628439	9.616830095324369
8002	3071	14.764456101642917	10.415412264289209
8003	3071	13.376979909455715	11.095454350188803
8004	3071	12.02777174426412	11.646156628528612
8005	3071	10.660979583468807	12.188958555712116
8006	3071	9.355490895007216	12.965564877725155
8007	3071	8.34550234165958	13.997780374477049
8008	3071	7.666239337613093	15.293775429076335
8009	3071	7.353452587610027	16.906804039820756
8010	3071	7.34744060828466	18.703395517598967
8011	3071	7.496999902849717	20.620159960601892
8012	3071	7.694215618997646	22.61154377898894
8013	3071	7.866423210655621	24.606361343096236
7991	3072	34.298556	3.852464
7992	3072	33.76725854304635	4.187620794701987
7993	3072	32.747799718385245	4.609756916939014
7994	3072	31.597630520989775	4.993250468282041
7995	3072	30.263062153506283	5.3743354914354065
7996	3072	28.914398437506005	5.742812418491572
7997	3072	27.51782533909567	6.111718176556227
7998	3072	26.13356725122985	6.4348653345679825
7999	3072	24.70043184688435	6.833049433150631
8000	3072	23.26391086583108	7.190800444601683
8001	3072	21.75537408063209	7.487140139236156
8002	3072	20.190594756267274	7.769425956118944
8003	3072	18.505109419849816	8.172632290887616
8004	3072	16.83051113141253	8.737204735432702
8005	3072	15.166269663665673	9.43473454927544
8006	3072	13.49896071276177	10.31450095301335
8007	3072	11.934212460602236	11.40392932120152
8008	3072	10.505109895742443	12.742821352299242
8009	3072	9.250726941876671	14.279704864927012
8010	3072	8.147413774403935	15.96130601776946
8011	3072	7.156983161542689	17.766525724864238
8012	3072	6.262398989600118	19.61498964868207
8013	3072	5.471674173234047	21.53139857872443
8014	3072	4.737250595862927	23.47168776503836
8015	3072	4.006244846821549	25.3302871072628
7992	3074	10.02868	25.180380000000003
7993	3074	10.153077218543045	24.207344662251657
7994	3074	10.33092346157455	22.79631450232139
7995	3074	10.566814915947022	21.278533748044627
7996	3074	10.85889017733607	19.710714626622636
7997	3074	11.176964764527307	18.200677699669388
7998	3074	11.561608464284136	16.722399089057554
7999	3074	12.051439770232951	15.437453447709277
8000	3074	12.691971905347964	14.198752530947072
8001	3074	13.497674556105105	13.092909332376768
8002	3074	14.45349472662464	12.184191753385472
8003	3074	15.506871089226607	11.469854449465398
8004	3074	16.665028241864448	10.892847990621588
8005	3074	17.910953779343018	10.411738943708645
8006	3074	19.21087047309558	10.032426247577533
8007	3074	20.60558476472904	9.73811655248922
8008	3074	22.02363160821812	9.532567017054248
8009	3074	23.494264909882727	9.403956362750803
8010	3074	25.012870038296526	9.315376520008758
8011	3074	26.555589686278864	9.271652837431464
8012	3074	28.097650975237677	9.284752299515795
8013	3074	29.60436975312374	9.317497554166424
8014	3074	31.043816592329893	9.34641100243307
8015	3074	32.4119653448336	9.321088282328326
8016	3074	33.689066894536886	9.27134549445054
8017	3074	34.8553667323645	9.224454660474617
8018	3074	35.897341618538455	9.170141235058454
8019	3074	36.756177888245155	9.123859416636973
7995	3075	29.604468	3.538492
7996	3075	28.62980328476821	3.7718448079470197
7997	3075	27.311208522524055	4.145207282818724
7998	3075	25.884486003882927	4.497237973605353
7999	3075	24.42063470953585	4.888994137543837
8000	3075	23.068281037067557	5.272454589142222
8001	3075	21.76307555687299	5.648378705525406
8002	3075	20.562504483339833	6.017528310496879
8003	3075	19.428440926177718	6.422435209018555
8004	3075	18.331838331034945	6.855027903769976
8005	3075	17.259124292503	7.30889353338457
8006	3075	16.18704376380371	7.837189329493334
8007	3075	15.120839558194051	8.411025609467979
8008	3075	14.094361194968336	9.064708295402072
8009	3075	13.09263873829899	9.78045979146315
8010	3075	12.138671117898618	10.591286970798281
8011	3075	11.246695986988593	11.494708035718716
8012	3075	10.424333486878034	12.4985369782288
8013	3075	9.653892138873225	13.597861723231789
8014	3075	8.922901876936598	14.719409511110316
8015	3075	8.17841527756011	15.885979830622663
8016	3075	7.438486703673632	17.05975697979388
8017	3075	6.681639575704467	18.233210335578683
8018	3075	5.911937012213626	19.389850893483853
8019	3075	5.161690221906418	20.573290836227617
8020	3075	4.451943528620068	21.782918375217687
8021	3075	3.7727927401791583	23.037840740352973
7997	3077	10.75368	23.984579999999998
7998	3077	10.773734185430463	22.84006672847682
7999	3077	10.813182418580432	21.20847276092469
8000	3077	10.849359283245551	19.424294584830335
8001	3077	10.936837251173218	17.63769213299742
8002	3077	11.05779861848483	16.087423482604148
8003	3077	11.337974695618419	14.795237213686038
8004	3077	11.728247059506549	13.69262793750935
8005	3077	12.275177587325253	12.708785292330793
8006	3077	12.952298311023727	11.846971461778779
8007	3077	13.724839171570068	10.994925760584145
8008	3077	14.62121324775641	10.21921633218434
8009	3077	15.785674459990616	9.47821597571171
8010	3077	17.15778938132911	8.824731503579992
8011	3077	18.711482013964314	8.293167632225954
8012	3077	20.415294909273218	7.841361170749064
8013	3077	22.257815363136693	7.548589702419763
8014	3077	24.17531803857973	7.3259961732034204
8015	3077	26.125596454972996	7.14903510705668
8016	3077	28.058591895191686	6.941806562557165
8017	3077	29.920970122125954	6.633623487627857
8018	3077	31.696155473869524	6.257397316970346
8019	3077	33.39707240513398	5.828952617379754
8020	3077	34.98321906046852	5.3662854674339355
8021	3077	36.458247087136805	4.9483716365987895
8001	3080	11.522528	24.478575999999997
8002	3080	11.556548278145694	23.231656754966888
8003	3080	11.714146870083008	21.55475083539966
8004	3080	12.022546220242132	19.80485435228193
8005	3080	12.433227007898218	18.06685483535909
8006	3080	12.882968796404343	16.384163610904245
8007	3080	13.378577667565185	14.786062759616426
8008	3080	13.943616641371806	13.359215240633382
8009	3080	14.715271746532066	12.153904230086932
8010	3080	15.699691407929189	11.153574888572606
8011	3080	16.878487615136393	10.323050728264146
8012	3080	18.21897206779974	9.687384980421204
8013	3080	19.641257710039227	9.260178555938856
8014	3080	21.21547616269992	8.985243957584027
8015	3080	22.837166839064682	8.85204935113417
8016	3080	24.476433679409553	8.834236455590906
8017	3080	26.10970071629636	8.909458262148728
8018	3080	27.7156827841079	9.04680280383175
8019	3080	29.196216592167524	9.33913848455432
8020	3080	30.65764047581329	9.813261971701692
8021	3080	31.996941062415114	10.445351529670733
8022	3085	34.053	6.0215
8023	3085	33.65428009271523	6.051342490066225
8024	3085	33.0199822483411	6.088597191867799
8025	3085	32.31037749420925	6.101210917246023
8026	3085	31.483391335171927	6.136183071906565
8027	3085	30.55728303456112	6.26361170908725
8028	3085	29.522289330137554	6.41027745754117
8029	3085	28.377635457848598	6.571775103860412
8030	3085	27.153632674577953	6.7773880068310834
8031	3085	25.85614643773717	7.004883741124809
8032	3085	24.48055295567788	7.288895851625615
8033	3085	23.06775633740887	7.639964412098668
8034	3085	21.635267360312078	8.048825509460016
8035	3085	20.172300172086867	8.567830273908227
8036	3085	18.706903386303427	9.148032630927506
8037	3085	17.20078742788314	9.755056646555925
8038	3085	15.633376645023842	10.302612822702493
8039	3085	14.02483330011346	10.832739234825766
8040	3085	12.408859321127283	11.418249407886599
8041	3085	10.871021859017816	12.15312574804352
8042	3085	9.477090649350126	13.093146490672947
8043	3085	8.314857777890092	14.276783995828636
8044	3085	7.38328862038926	15.694196584499544
8045	3085	6.680814015112683	17.259450991924187
8046	3085	6.173917500890585	18.97044192280021
8047	3085	5.8377066196432	20.748438608817143
8048	3085	5.6278689498092325	22.58716984011469
8049	3085	5.499639381107559	24.422694917072583
8022	3086	36.022	4.497999999999999
8023	3086	35.59561010596026	4.542480132450331
8024	3086	34.92166319954508	4.55953951560341
8025	3086	34.096959466450734	4.556085519423264
8026	3086	33.17081128771518	4.620975585808053
8027	3086	32.164360524792386	4.699433474494163
8028	3086	31.07018601819313	4.7958626637256065
8029	3086	29.87883839150749	4.920291071064215
8030	3086	28.60004742364162	5.088909330255691
8031	3086	27.261398163136636	5.266301765395193
8032	3086	25.87131305661811	5.533578184364541
8033	3086	24.424896192607147	5.866351706700574
8034	3086	22.97726856133887	6.229384413655088
8035	3086	21.54332592138521	6.684982450974452
8036	3086	20.138112164435125	7.250288280245754
8037	3086	18.798485676860334	7.951769443760582
8038	3086	17.508477408966147	8.734731338096207
8039	3086	16.230410026214305	9.514823451433982
8040	3086	14.936719490168707	10.281666198774559
8041	3086	13.607050162235057	11.044981292348412
8042	3086	12.354001553754722	11.875502379207056
8043	3086	11.227460236847064	12.879051583022076
8044	3086	10.273953367605106	14.018446898389309
8045	3086	9.44982831893986	15.290754288556021
8046	3086	8.750256727215719	16.68786482039166
8047	3086	8.190742862929145	18.169844893490744
8048	3086	7.72821134027143	19.716220749209864
8049	3086	7.352284569745867	21.28316404071812
8050	3086	7.0182028050683485	22.905566454613247
8051	3086	6.700515767530975	24.543538968870063
8029	3087	35.240058	6.347034
8030	3087	34.10314982781457	6.267760370860927
8031	3087	32.44514374346414	6.017707088125619
8032	3087	30.59223184921181	5.745093282631912
8033	3087	28.68554620951227	5.480926461733697
8034	3087	26.72968292870335	5.281921477486156
8035	3087	24.677908453703672	5.141410199061576
8036	3087	22.552721075572013	5.052111975610385
8037	3087	20.38469032341807	5.031985533090191
8038	3087	18.210290953999156	5.166401296641905
8039	3087	16.093832755519543	5.4820553432328225
8040	3087	14.033851432973698	5.832390973911191
8041	3087	12.046991949760226	6.302235077787775
8042	3087	10.249110921862274	7.016994041361786
8043	3087	8.811463703034267	8.14641266905249
8044	3087	7.831050739065291	9.603545918017065
8045	3087	7.296677058743992	11.275853633105191
8046	3087	7.097163846166701	13.071803449489796
8047	3087	7.154763518630038	14.918073184095446
8048	3087	7.36950644869838	16.80236725051588
8049	3087	7.6773769616784	18.697259353014093
8050	3087	8.022866833440059	20.583898636127945
8051	3087	8.334626658582154	22.45532677774522
8052	3087	8.578164514868018	24.318108285318445
8031	3088	12.180554	25.115594
8032	3088	12.187768476821192	24.063111125827817
8033	3088	12.245658476371881	22.559120107141847
8034	3088	12.291396060689806	20.939587825006637
8035	3088	12.39829744244595	19.30677909206282
8036	3088	12.554250343693534	17.724379459154896
8037	3088	12.783642743979092	16.236089664533896
8038	3088	13.10380683339855	14.852117168596227
8039	3088	13.53332060915	13.600234123231864
8040	3088	14.147358115590674	12.464211450367316
8041	3088	14.979133874202859	11.439958958491442
8042	3088	15.994202100209838	10.504156722747261
8043	3088	17.19990361061269	9.704628792347776
8044	3088	18.559604589397185	9.024124411675176
8045	3088	19.989759068259733	8.45413815164624
8046	3088	21.478779739086526	7.96376636209112
8047	3088	23.03026960929787	7.543878009049035
8048	3088	24.61618527577581	7.219337826281371
8049	3088	26.21024360230043	7.0247455268640735
8050	3088	27.81646490633199	6.924118292572384
8051	3088	29.430047289400324	6.913888944880546
8052	3088	31.048437285731364	7.00605281662132
8053	3088	32.67168090050118	7.157990489996895
8054	3088	34.27922244612677	7.3373227225752755
8055	3088	35.857163695871556	7.537582849588167
8031	3089	10.494108	25.480852
8032	3089	10.63956940397351	24.51263523178808
8033	3089	10.86080433525092	23.089767913700218
8034	3089	11.09596670375327	21.53278898481885
8035	3089	11.336150808612986	19.962290113975186
8036	3089	11.584184896736176	18.498786578559564
8037	3089	11.82776567760646	17.104826948318582
8038	3089	12.0894321815248	15.802592559694933
8039	3089	12.427478046711958	14.604351610547605
8040	3089	12.914168720186668	13.45236648414937
8041	3089	13.589431636580514	12.376107956315284
8042	3089	14.48003671333371	11.354370893998833
8043	3089	15.561713087374242	10.476308197542616
8044	3089	16.78819489193349	9.767647269573569
8045	3089	18.112769860177963	9.230403070681033
8046	3089	19.540141464522264	8.816893052861383
8047	3089	21.058981469537557	8.489979121019493
8048	3089	22.61985737286405	8.218604467801386
8049	3089	24.216560074474057	7.982618715048862
8050	3089	25.827093559233205	7.79017092386626
8051	3089	27.4269684412675	7.634536864611032
8052	3089	29.0032324923906	7.4971682545715
8053	3089	30.572042447231027	7.3716887472831045
8054	3089	32.137563884075135	7.266663480594067
8055	3089	33.69757510415729	7.1957647794771304
8056	3089	35.261653623257104	7.1486080224976245
8033	3090	9.512066	25.089935999999998
8034	3090	9.690651390728476	24.27748397350993
8035	3090	9.919780081231073	23.07896362693887
8036	3090	10.1783729471204	21.799443202255024
8037	3090	10.449720679750335	20.504911955061907
8038	3090	10.737915532726543	19.222355471667463
8039	3090	11.048274395877563	17.9915755069146
8040	3090	11.40686609842046	16.815375714343954
8041	3090	11.826877450779149	15.692904609845337
8042	3090	12.333740172410184	14.62876175953521
8043	3090	12.98324894845414	13.693482501257302
8044	3090	13.820222645828323	12.898923073884752
8045	3090	14.791839596856285	12.264354394640234
8046	3090	15.89995095234739	11.772340536461293
8047	3090	17.07819624243062	11.420231662776926
8048	3090	18.307716386514873	11.14386220674322
8049	3090	19.582924846440775	10.952373585878432
8050	3090	20.893651857956414	10.832389413390922
8051	3090	22.24428524276987	10.75676877390312
8052	3090	23.62342747791219	10.764918880246764
8053	3090	25.031092051451107	10.828912624512173
8054	3090	26.456392270791888	10.943200596844541
8055	3090	27.88867872530503	11.09402537498605
8056	3090	29.318403200299308	11.292194631967025
8057	3090	30.741601673301084	11.508870375155263
8058	3090	32.14820694939359	11.736472240800628
8059	3090	33.53445846267093	11.974423028255382
8060	3090	34.896298937109094	12.189190196129532
8075	3095	35.235024	3.6614999999999998
8076	3095	34.64436797350994	3.747079774834437
8077	3095	33.698122250368584	3.8949976956086747
8078	3095	32.58148278284774	4.167485677948126
8079	3095	31.3768412734317	4.576042484457811
8080	3095	30.120749201862946	5.07174829256165
8081	3095	28.795964991435707	5.582462676425822
8082	3095	27.345829494698357	6.047368531800199
8083	3095	25.796438920786446	6.473692331482185
8084	3095	24.171671839399796	6.922674347041851
8085	3095	22.54267982632035	7.3945946538713665
8086	3095	20.969591033435602	7.957225903472627
8087	3095	19.497628479855717	8.567662740542456
8088	3095	18.173929357326287	9.193363874725932
8089	3095	16.99456956108417	9.770663877899503
8090	3095	15.926941982674105	10.27250897017195
8091	3095	14.86270089501839	10.755223753551109
8092	3095	13.740536381880563	11.297903400836208
8093	3095	12.647000990286674	12.095503135153628
8094	3095	11.686282313963567	13.259373995346776
8095	3095	10.801216201498239	14.711462301456669
8096	3095	9.966895443916574	16.381943025189553
8097	3095	9.191953015916193	18.242025889075336
8098	3095	8.527226639292376	20.243046949632692
8099	3095	8.016568233260534	22.37788481224873
8079	3096	10.126071999999999	23.109111999999996
8080	3096	10.322488238410596	21.823244211920528
8081	3096	10.657257328854273	20.01444415839902
8082	3096	11.11253555382634	18.14071716541134
8083	3096	11.683110471025064	16.352473203664804
8084	3096	12.326380933484227	14.742112164072301
8085	3096	13.096292823420123	13.350312313897739
8086	3096	14.004000284861503	12.232552529953379
8087	3096	15.02412409242818	11.384185752042685
8088	3096	16.147212866864084	10.823352452680199
8089	3096	17.325634774951943	10.484172775740468
8090	3096	18.55078065330633	10.26070533187832
8091	3096	19.83662973657612	10.139727300343017
8092	3096	21.172770811311537	10.081484248409929
8093	3096	22.54696187849697	10.037784754860999
8094	3096	23.944253458803974	9.967433860305176
8095	3096	25.346109869422502	9.852768329050514
8096	3096	26.7432172943643	9.66963356786945
8097	3096	28.11695509451544	9.424441464724637
8098	3096	29.4612905563995	9.123653746343045
8099	3096	30.785991552483654	8.824374278449334
8100	3096	32.10227567322755	8.552206907610783
8101	3096	33.38156749879153	8.322578903350639
8102	3096	34.62819341887839	8.166004029381899
8103	3096	35.799150376547566	8.059273097352003
8080	3097	10.229432	24.50996
8081	3097	10.226876900662251	23.315112609271523
8082	3097	10.224813110063387	21.627229957904834
8083	3097	10.310284266107818	19.78511497904192
8084	3097	10.480682498913714	17.917914337794706
8085	3097	10.847414506609086	16.10207348644713
8086	3097	11.440283607791123	14.43296922308942
8087	3097	12.317398200069498	13.01172016031196
8088	3097	13.338903794455028	11.857710432547124
8089	3097	14.426631694811594	10.963332819770539
8090	3097	15.503417970634585	10.266243814549599
8091	3097	16.662300022542713	9.742683941863879
8092	3097	17.925826515254354	9.49454140458701
8093	3097	19.26415654962719	9.34912758597635
8094	3097	20.629622923091652	9.043133185174122
8095	3097	21.966481838810008	8.530973402136015
8096	3097	23.32623656435939	7.846617357136044
8097	3097	24.792459700555582	7.0870632171459755
8098	3097	26.350572148109606	6.31315348647862
8099	3097	28.054316832261105	5.586085140358668
8100	3097	29.910970856810547	4.910958996510535
8101	3097	31.859808103197704	4.247750286590121
8102	3097	33.87093186099062	3.589838920152757
8080	3098	35.645724	4.837302
8081	3098	34.69772328476821	5.081637721854306
8082	3098	33.33094957693194	5.445164973430051
8083	3098	31.831963316935596	5.821088957904679
8084	3098	30.248535604938294	6.205646115677855
8085	3098	28.644590552207845	6.59431897843403
8086	3098	27.0576324249692	7.040423724721076
8087	3098	25.530100617713877	7.4761614786987165
8088	3098	24.091430405555478	7.84078048402281
8089	3098	22.821947452940048	8.162575058962117
8090	3098	21.760172956365118	8.428683475163826
8091	3098	20.914824648251724	8.64316348306491
8092	3098	20.244268321708386	8.838800230079912
8093	3098	19.67107100935089	9.02737978728727
8094	3098	19.121295625990946	9.228992093973645
8095	3098	18.532872871933368	9.514126706733803
8096	3098	17.866788077047104	9.868193659697392
8097	3098	17.08997055350696	10.291633346731514
8098	3098	16.159300829199513	10.76196358940981
8099	3098	15.101909394095742	11.278963217437814
8100	3098	13.947274899494463	11.876049316425464
8101	3098	12.718027513763245	12.555021515424901
8102	3098	11.438646466215484	13.320788388677267
8103	3098	10.167997158596217	14.179998045939092
8104	3098	8.877934480396439	15.184566706066105
8105	3098	7.590647531197551	16.311161849418486
8106	3098	6.340235652611949	17.557640108584554
8107	3098	5.163350313367048	18.860325020658795
8108	3098	4.038251458840378	20.1932482766121
8109	3098	2.9559038068872696	21.526393037697467
8110	3098	1.9194120479338013	22.92149655954202
8111	3098	0.9868469830518196	24.399922717321864
8084	3099	22.032395999999995	4.047160000000002
8085	3099	20.248390860927152	4.696575284768212
8086	3099	17.646370353115167	5.854089144178499
8087	3099	15.00117372703539	7.302233540597088
8088	3099	12.515694255946945	9.093242788341588
8089	3099	10.30646916795468	11.196401131515184
8090	3099	8.570971079417543	13.625059490070443
8091	3099	7.397652461068223	16.32553315584728
8092	3099	6.803641010957373	19.19472601695837
8093	3099	6.771941171048124	22.025297242322225
8084	3100	12.462074	23.828457999999998
8085	3100	12.456673509933776	22.709403417218542
8086	3100	12.515796815572154	21.185709501033415
8087	3100	12.661587109548055	19.556338663924546
8088	3100	12.838692722336202	17.92266502390142
8089	3100	13.110272665572541	16.340580808361608
8090	3100	13.46421637851171	14.827157800419155
8091	3100	13.938233222894386	13.466923840099893
8092	3100	14.608146913554487	12.305667709583009
8093	3100	15.53620149674176	11.349669309874027
8094	3100	16.672015066926456	10.592395392442265
8095	3100	17.941460372154868	10.01946653567271
8096	3100	19.303209890498636	9.533411957061643
8097	3100	20.686036584893685	9.057630160868015
8098	3100	22.07308245873604	8.543047261585324
8099	3100	23.45736946561499	7.988148611019449
8100	3100	24.880385256599695	7.462317823788784
8101	3100	26.3102719030893	6.950908189609145
8102	3100	27.703396733293566	6.395524774858818
8103	3100	29.02798913964105	5.717789530973565
8104	3100	30.215808601884813	4.882193288645846
8116	3105	35.3445	5.394
8117	3105	35.065658397350994	5.479528940397351
8118	3105	34.67412113480791	5.602976316055067
8119	3105	34.23095958691935	5.794918762934311
8120	3105	33.65804115581537	5.984508404668935
8121	3105	32.9186115813534	6.122251176524417
8122	3105	32.011898386520784	6.213286140379008
8123	3105	30.962829628365355	6.266948082537741
8124	3105	29.765411464857202	6.320007431082876
8125	3105	28.46401807044534	6.437179093385568
8126	3105	27.04386320943474	6.638503875022405
8127	3105	25.496912357954127	6.950018849869027
8128	3105	23.852758226397658	7.358519164039053
8129	3105	22.158706084396222	7.877125673725586
8130	3105	20.45089659991755	8.452718312237325
8131	3105	18.735378974752468	9.080874880304018
8132	3105	17.030993293497616	9.73266461409666
8133	3105	15.35502390158871	10.42844866522112
8134	3105	13.71650633460814	11.216133702305738
8135	3105	12.137142946468881	12.09512845341572
8136	3105	10.643666617770396	13.101313084820958
8137	3105	9.286169061851176	14.242655816183923
8138	3105	8.084899381334345	15.531622498136679
8139	3105	7.045349275512524	16.970629009046505
8140	3105	6.172722382047213	18.51809064687892
8141	3105	5.396553101886603	20.120878994599718
8142	3105	4.707624804101251	21.748585543712597
8143	3105	4.055550918110669	23.383886339558025
8116	3106	34.224999999999994	5.003
8117	3106	34.139963350993376	5.125151139072847
8118	3106	33.741435827725844	5.290377379624561
8119	3106	33.11390963867662	5.426820294105544
8120	3106	32.20868470303726	5.630959868447011
8121	3106	31.042021128041767	5.862822302334625
8122	3106	29.64583897155385	6.135777243215136
8123	3106	28.091594485065702	6.42028869599334
8124	3106	26.43029350291914	6.75164380441807
8125	3106	24.70169923306264	7.117674051719096
8126	3106	22.94695828581141	7.55410420766563
8127	3106	21.169967949110347	8.05573385520617
8128	3106	19.41583013054892	8.618393249889804
8129	3106	17.69070213397452	9.208213787069573
8130	3106	16.013425142563026	9.85825952359352
8131	3106	14.399796546584897	10.562944185565017
8132	3106	12.858647445123541	11.387767371621116
8133	3106	11.473492250022476	12.378915909480208
8134	3106	10.246953543420966	13.552392863790816
8135	3106	9.241280643263861	14.894266147198962
8136	3106	8.401087682322835	16.38087525007416
8137	3106	7.72673996192824	17.977632018602286
8138	3106	7.179319852036404	19.67390052153696
8139	3106	6.734108146487888	21.405937836868492
8140	3106	6.390801268750161	23.152017069163325
8118	3107	35.980112	7.109368000000001
8119	3107	35.662224198675496	7.008109814569537
8120	3107	35.127077953898386	6.960954111162152
8121	3107	34.49387983884296	6.970928844573417
8122	3107	33.76444867526886	6.999987420571321
8123	3107	32.91957002210144	7.063886445160805
8124	3107	31.968673902551735	7.117852731995286
8125	3107	30.92357479224909	7.159522330583733
8126	3107	29.76506767037457	7.171907258128808
8127	3107	28.511452520851226	7.214333191510208
8128	3107	27.193622393854053	7.29156754123372
8129	3107	25.81711504684963	7.4216106200854455
8130	3107	24.400005228060852	7.595611251128872
8131	3107	22.947297506643523	7.835864780416718
8132	3107	21.49183169696604	8.118780482729823
8133	3107	20.031585091638963	8.43457607237092
8134	3107	18.54850168056267	8.807856404124697
8135	3107	17.026008533157906	9.24467887515157
8136	3107	15.469202045250466	9.843708641944524
8137	3107	13.946584111730635	10.6591866197089
8138	3107	12.536744088838509	11.757254249873244
8139	3107	11.312934898750079	13.166838266280683
8140	3107	10.333176649170195	14.852245234842153
8141	3107	9.592844291630728	16.73686064953115
8142	3107	9.06386252508421	18.747510798964935
8143	3107	8.693152108816054	20.832823064161996
8144	3107	8.454821227272388	22.958634256158636
8124	3108	8.579504	22.948303999999997
8125	3108	8.910569960264901	21.775780953642382
8126	3108	9.483925292251092	20.11028720908388
8127	3108	10.21722368621563	18.336278136394835
8128	3108	11.051728439993747	16.560122200180462
8129	3108	12.088585765763643	14.914985149227698
8130	3108	13.42270189689777	13.474193113190353
8131	3108	14.94272191551182	12.197417027065214
8132	3108	16.668727486268484	11.018042294754128
8133	3108	18.475034526998986	9.880269922658846
8134	3108	20.366410064115186	8.750478846214339
8135	3108	22.34751890274302	7.669986165702881
8136	3108	24.359555272415772	6.640647323199413
8137	3108	26.399530405575824	5.647747951998607
8138	3108	28.44049217196375	4.700237754921646
8139	3108	30.515420573976407	3.818120936678293
8140	3108	32.6200574778029	3.067091486100844
8141	3108	34.7411296859032	2.4849433436715866
8126	3109	11.078700000000001	22.8425
8127	3109	11.279058582781458	21.766046013245035
8128	3109	11.610010668982044	20.233074457056137
8129	3109	12.006601641938857	18.653712168735424
8130	3109	12.443509580263427	17.133793641386422
8131	3109	12.885117343388897	15.781758874869588
8132	3109	13.340043420326671	14.601105347360232
8133	3109	13.816270542658463	13.53946548226523
8134	3109	14.342996191133265	12.570476399009364
8135	3109	14.987365879357334	11.670215648715972
8136	3109	15.810390242460857	10.84243197156956
8137	3109	16.848366177347017	10.136421608944005
8138	3109	18.020485767876163	9.544919765754647
8139	3109	19.337128767376296	9.054043870904959
8140	3109	20.7884600984454	8.646522460556655
8141	3109	22.330843332010264	8.282819171071752
8142	3109	23.921837296972733	7.981059352369443
8143	3109	25.53366485913476	7.691519345195741
8144	3109	27.139417980383985	7.43844949697658
8145	3109	28.736267001648844	7.204686759550995
8146	3109	30.299641660032037	6.990551523473641
8147	3109	31.826872690587393	6.785072352665039
8148	3109	33.31120656776217	6.62035860942426
8149	3109	34.7466810298525	6.5345952408233305
8150	3109	36.11070546775939	6.575931264262983
8127	3110	12.55968	23.196764
8128	3110	12.683039125827815	22.22076153642384
8129	3110	12.844344565126908	20.795155884348183
8130	3110	13.023312873882972	19.30625879418708
8131	3110	13.217725129116822	17.872807796324434
8132	3110	13.481785983083823	16.57715130815833
8133	3110	13.784960909469518	15.446404515738594
8134	3110	14.080842601340091	14.459359859903762
8135	3110	14.414783283852305	13.533468208998244
8136	3110	14.860356758134273	12.658799148563892
8137	3110	15.506870146010723	11.826560326768734
8138	3110	16.388395513550034	11.052423634031246
8139	3110	17.49899129261448	10.384637925806823
8140	3110	18.826430475052373	9.86152936582397
8141	3110	20.280363443001235	9.423313266858365
8142	3110	21.800783928400257	8.999673123305516
8143	3110	23.343069377525644	8.560107782071228
8144	3110	24.89697503645357	8.0596217484592
8145	3110	26.445940805759175	7.525152944730283
8146	3110	27.987352118122143	6.98278933729509
8147	3110	29.523504089241303	6.413981428192581
8148	3110	31.06288897544818	5.838334548003656
8149	3110	32.57202142372036	5.258700498401522
8150	3110	34.042075997932955	4.663617358810451
8151	3110	35.48579656694222	4.0798042262775125
8155	3121	34.49747	3.775244
8156	3121	33.766070807947024	3.969399443708609
8157	3121	32.62213508830994	4.287684750066315
8158	3121	31.265455588100924	4.668829356813537
8159	3121	29.750694656094723	5.049182851068106
8160	3121	28.127731234428975	5.396494546504907
8161	3121	26.411076955527275	5.660078138704564
8162	3121	24.63040601985151	5.83911020736917
8163	3121	22.80095677468113	5.954301954413092
8164	3121	20.924305823197553	6.042378707858712
8165	3121	19.039154718262726	6.159074930441423
8166	3121	17.170647967340724	6.36972661470841
8167	3121	15.349500219860321	6.747915402034992
8168	3121	13.586037345126867	7.282811198513725
8169	3121	11.891313597079522	7.903342882422001
8170	3121	10.253565223333396	8.57351055254802
8171	3121	8.676566880427298	9.333550532266697
8172	3121	7.137122978110199	10.28923231383253
8173	3121	5.884594361633394	11.39945044003811
8174	3121	4.945858569267293	12.830220848035934
8175	3121	4.380237799804782	14.495755051381664
8176	3121	4.200539099919604	16.33793417969526
8177	3121	4.448425487745277	18.371619052246743
8178	3121	4.8343264436443665	20.294764554093383
8179	3121	5.3253711973733715	22.207024290654505
8180	3121	5.848136354000354	24.080151974303718
8155	3122	34.598464	5.0520059999999996
8156	3122	33.54931613245033	5.3733906754966885
8157	3122	31.908447610439666	5.794115930221439
8158	3122	30.059693779766224	6.165836290979237
8159	3122	28.108815308025992	6.4830146830841215
8160	3122	26.090564657649793	6.740816334919183
8161	3122	24.038631168883967	6.894351511907473
8162	3122	21.968530637118167	6.905328281567182
8163	3122	19.919937239704645	6.8397726889548975
8164	3122	17.894433669614447	6.844053456611718
8165	3122	15.974475123398497	7.049740734977741
8166	3122	14.252313762655438	7.488230217918911
8167	3122	12.752081604572009	8.101665858370804
8168	3122	11.397177997254493	8.786990270270987
8169	3122	10.105442375236745	9.461036741761687
8170	3122	8.8870897971914	10.183944985595659
8171	3122	7.836722894578092	11.044531617426577
8172	3122	7.030793723902586	12.11955383085972
8173	3122	6.528245992471751	13.361394783990786
8174	3122	6.3701514122405944	14.819767985715961
8175	3122	6.502606597215962	16.412236212155744
8176	3122	6.837693125424772	18.167778351462477
8177	3122	7.282091277075903	19.954892506708426
8178	3122	7.812036203054442	21.757454556294558
8179	3122	8.396690148415693	23.529271221091363
8159	3123	12.054194	23.86621
8160	3123	12.112590728476821	22.91928349668874
8161	3123	12.154822870325232	21.459950833288172
8162	3123	12.223983881514913	19.708599021902636
8163	3123	12.318839876732664	18.223974395712528
8164	3123	12.470981196752426	16.73945916144713
8165	3123	12.695192161242417	15.24201941957788
8166	3123	13.062384661171391	13.874384063706481
8167	3123	13.646795113635493	12.609793214295344
8168	3123	14.4133126354295	11.594844818114703
8169	3123	15.467631203392296	10.877495234804755
8170	3123	16.653781765027983	10.401986621866934
8171	3123	17.969961337060848	10.08983221875512
8172	3123	19.419046701972913	9.881730920040942
8173	3123	20.843039411249087	9.727929306632344
8174	3123	22.252119030153644	9.612871664741311
8175	3123	23.68556414661215	9.49017190900719
8176	3123	25.222277750069956	9.339524507826434
8177	3123	26.724182510454057	9.145186907210343
8178	3123	28.203669270122177	8.922200603285017
8179	3123	29.671165917306023	8.719037673517905
8180	3123	31.113629767197583	8.564312406902205
8181	3123	32.5149830836092	8.466764546551005
8182	3123	33.874671222036774	8.424921239808612
8183	3123	35.139316634880494	8.429138815832273
8184	3123	36.31056982911371	8.478873325139588
8160	3124	9.295428000000001	23.917772
8161	3124	9.383009046357616	22.92327382781457
8162	3124	9.605136397513274	21.422345275833855
8163	3124	9.829902158460936	19.955228906218032
8164	3124	10.078243738509167	18.39186713245467
8165	3124	10.36344691576812	16.814949473900096
8166	3124	10.662860396671583	15.386722454687803
8167	3124	11.020584342172423	13.95354654221396
8168	3124	11.474116562947128	12.722730790029631
8169	3124	12.016591423982803	11.756489992101587
8170	3124	12.726135403604584	11.018037853234144
8171	3124	13.594055067347785	10.445036229540658
8172	3124	14.724596787665412	9.925934317063156
8173	3124	15.726783749070162	9.3022868219069
8174	3124	16.684144216391367	8.524300189089285
8175	3124	17.639725750796742	7.666863027184787
8176	3124	18.879581216208052	6.8960236260176915
8177	3124	20.285020884375847	6.211803732202385
8178	3124	21.863612382528274	5.618642551332971
8179	3124	23.599972454534367	5.147599970408859
8180	3124	25.452281312307864	4.780113938357405
8181	3124	27.34107511532446	4.489208194015625
8182	3124	29.221601343733674	4.242555520442453
8183	3124	31.08287385578459	4.035847249895256
8184	3124	33.015683325775484	3.8525337185433415
8185	3124	34.8110977977746	3.6256560834347176
8186	3124	36.47199539846437	3.4021161823319717
8160	3125	31.5475	3.319016
8161	3125	30.523262344370863	3.55661080794702
8162	3125	28.982090659851842	3.897326268954396
8163	3125	27.28572273252506	4.228229398138991
8164	3125	25.490567107966722	4.516529401721239
8165	3125	23.655531409822952	4.7389447420765505
8166	3125	21.766772710294557	4.890441072718504
8167	3125	19.861057192087596	5.006424906941731
8168	3125	17.95492266007456	5.148376527289543
8169	3125	16.049415172165773	5.35752675699438
8170	3125	14.162255711694291	5.67893501417891
8171	3125	12.31200481651607	6.1695439019196785
8172	3125	10.547964750430092	6.8954608141925915
8173	3125	8.996398555836612	7.837748033235619
8174	3125	7.630862563691509	9.076504054595194
8175	3125	6.493957386051285	10.589625613991092
8176	3125	5.655160172816986	12.252190169915453
8177	3125	5.112321222457165	14.010326502383098
8178	3125	4.709577418692932	16.10999448246509
8179	3125	4.468686166820999	18.224082531116824
8180	3125	4.347477221499668	20.30191771783064
8181	3125	4.292112801232967	22.309898327012963
8182	3125	4.254910473724633	24.20732713117558
8161	3126	7.9475	22.71427
8162	3126	8.058814039735099	21.761933642384108
8163	3126	8.23789630707085	20.478491121685945
8164	3126	8.550816928105247	18.921793224895172
8165	3126	8.971657241598042	17.442790283650904
8166	3126	9.446038187098132	16.033928279879248
8167	3126	9.879861422211546	14.626156751297955
8168	3126	10.22060133482557	13.32174834186053
8169	3126	10.59655446003239	12.16771602653549
8170	3126	11.051416947788153	11.112259643006006
8171	3126	11.585209950631686	10.133195232402958
8172	3126	12.193435794221829	9.10163208677803
8173	3126	12.816408071878243	8.046175222164948
8174	3126	13.496423350314508	6.984265702860918
8175	3126	14.316376276910482	5.9775927249714185
8176	3126	15.30747947152702	5.099600688997493
8177	3126	16.461849584880856	4.385289942758139
8178	3126	17.767805443841066	3.84458785989065
8179	3126	19.203890388467165	3.4610342712617665
8180	3126	20.733394342476885	3.1856408787295534
8181	3126	22.32538890111911	2.986675733076043
8182	3126	23.956840663043476	2.8428976359777325
8183	3126	25.596206585464046	2.751775099579737
8184	3126	27.11541351003708	2.717513385665343
8185	3126	28.16187695629509	2.7748149171498646
8186	3126	28.759073384564175	2.863784722418182
8187	3126	29.03142752919173	2.9638361874531216
8188	3126	29.080659666820242	3.0629257867205344
8189	3126	28.977560066538636	3.155244689540982
8190	3126	28.792411024087276	3.2346423719888455
8191	3126	28.581354979910707	3.2995742781578943
8192	3126	28.366059972774845	3.348201560581319
8193	3126	28.1658033733804	3.3823928411946897
8194	3126	27.99940112893703	3.406211523201733
8204	3137	35.494249999999994	4.035232
8205	3137	34.84227827814569	4.076868079470199
8206	3137	33.78655592954616	4.200749697065265
8207	3137	32.53935838444829	4.406780061904706
8208	3137	31.16291423302942	4.67755082470816
8209	3137	29.682045846486766	5.036789964758542
8210	3137	28.082167780008348	5.462283652439997
8211	3137	26.370100628324785	5.956616218618085
8212	3137	24.55986266100113	6.516572646338151
8213	3137	22.692716266080335	7.139836155100557
8214	3137	20.79868305726909	7.820272709365196
8215	3137	18.97014737758889	8.580830322760786
8216	3137	17.250338185147125	9.342988588514702
8217	3137	15.58834043043856	10.169581011031289
8218	3137	14.009457429318894	11.083891846716577
8219	3137	12.638656442190307	12.092254056556241
8220	3137	11.459345602881978	13.224161672284866
8221	3137	10.445707035343178	14.50792586699814
8222	3137	9.588308705626703	15.940140930016257
8223	3137	8.873124010830121	17.49701477908321
8224	3137	8.271906928806239	19.14077490487124
8225	3137	7.799018142711024	20.86261073462562
8226	3137	7.387016549585358	22.644397149328732
8227	3137	6.968414917461014	24.425430482585853
8208	3139	34.883	7.5647839999999995
8209	3139	33.83827472847682	7.651491496688741
8210	3139	32.28349956598508	7.775124231571538
8211	3139	30.531911452375304	7.878017959033456
8212	3139	28.714504213812617	7.957093840778265
8213	3139	26.874553469054284	8.072087363620666
8214	3139	24.990158915060036	8.220458574953385
8215	3139	23.064727762020446	8.40149148631946
8216	3139	21.1606659781218	8.62971660459138
8217	3139	19.217878264690075	8.90184550384046
8218	3139	17.286736183831852	9.286538603457931
8219	3139	15.46701458274953	9.890525264248412
8220	3139	13.774177034464799	10.700485091092176
8221	3139	12.329792760732383	11.72367125775562
8222	3139	11.036527930524413	12.971646857047235
8223	3139	9.830194496421177	14.353093110172386
8224	3139	8.675623643172443	15.795518790669696
8225	3139	7.568825179801635	17.241851321594275
8226	3139	6.34123740517259	18.79082510570447
8227	3139	5.140309955327015	20.505999432105984
8228	3139	4.051883260380815	22.24628749450616
8229	3139	3.118045399987502	24.02185837295099
8209	3140	32.5005	3.351028000000001
8210	3140	31.60119867549669	3.5277392052980137
8211	3140	30.20891803088814	3.870504255158778
8212	3140	28.665592529209864	4.275410549102816
8213	3140	27.082857563528762	4.666962965161799
8214	3140	25.481885538133447	5.056597439389018
8215	3140	23.8656208743107	5.461229268635649
8216	3140	22.249915747586858	5.878987801757324
8217	3140	20.61951612612392	6.262685148908641
8218	3140	19.00206673496278	6.512336665782324
8219	3140	17.443015053881208	6.535879762318463
8220	3140	15.968142295697563	6.410915645356902
8221	3140	14.543796768517392	6.233645089693468
8222	3140	13.161684806597787	6.150763520681489
8223	3140	11.855804336695645	6.311585461178522
8224	3140	10.714298374333886	6.835915555553622
8225	3140	9.815650902093472	7.75079882666821
8226	3140	9.225140731291715	9.0546737552434
8227	3140	8.899271592873243	10.679954681705368
8228	3140	8.761851213268748	12.573487678725801
8229	3140	8.737421040773826	14.77032212617313
8230	3140	8.771647389538442	17.01848696139451
8231	3140	8.819730122049808	19.393457331139217
8232	3140	8.904753085111803	21.92553346471504
8195	3142	9.152999999999999	24.738
8196	3142	9.153464226838619	24.738211012199372
8197	3142	9.154131668209391	24.73851439464063
8198	3142	9.15484945264321	24.738840660292368
8199	3142	9.15557504755771	24.739170476162595
8200	3142	9.156299294142984	24.7394996791559
8201	3142	9.15702080979742	24.73982764081701
8202	3142	9.157739766778436	24.740154439444744
8203	3142	9.15845642656239	24.740480193891997
8204	3142	9.159170854019449	24.740804933645204
8205	3142	9.159882950285047	24.74112861376593
8206	3142	9.160592565642336	24.741451166201063
8207	3142	9.161299605313063	24.741772547869576
8208	3142	9.16200409183855	24.742092769017525
8209	3142	9.16270617781622	24.742411899007376
8210	3142	9.163406121888599	24.74273005540391
8211	3142	9.171216382504632	24.650638190872936
8212	3142	9.199827550492772	23.969180779330216
8213	3142	9.205327891824473	22.847668390485346
8214	3142	9.254210609915162	21.40343503043337
8215	3142	9.376555149428713	19.74273206470201
8216	3142	9.57559110633001	18.05379046514562
8217	3142	9.775554286080052	16.43827031146052
8218	3142	10.065044249662423	14.941265600072688
8219	3142	10.400209218333778	13.622547769896403
8220	3142	10.804209113209685	12.439743013744595
8221	3142	11.222134567495052	11.467241218351052
8222	3142	11.789180533064927	10.666324583088189
8223	3142	12.53248995385415	10.075281546977518
8224	3142	13.456887583340338	9.712211084388308
8225	3142	14.556950603023251	9.574019775738378
8226	3142	15.94146609007969	9.59730009345056
8227	3142	17.351878865065554	9.708708922010754
8228	3142	18.788496419990196	9.869680786077332
8229	3142	20.292450521095976	10.050767224796493
8230	3142	21.84060633787635	10.226128288327692
8231	3142	23.509208790383433	10.383390057428274
8232	3142	25.16471336985925	10.524250170992955
8233	3142	26.796540090407408	10.66456179896685
8234	3142	28.353556842537262	10.81784741787533
8235	3142	30.02317538791226	10.976245070280584
8236	3142	31.736460600828178	11.100079685904165
8237	3142	33.33767904577881	11.175497858139707
8238	3142	34.88848091458375	11.193015889901337
8239	3142	36.37585823354136	11.15899211790392
8213	3143	13.026044	23.287855999999998
8214	3143	13.053772847682119	22.199193721854304
8215	3143	13.194333588334707	20.435013230739873
8216	3143	13.358954069409371	18.657465709689124
8217	3143	13.553559565953728	16.848078356404187
8218	3143	13.795933916241857	15.143291696473467
8219	3143	14.185502175125988	13.616258638501865
8220	3143	14.700723401118786	12.247904486064035
8221	3143	15.26757893506636	11.042081127274852
8222	3143	15.996705960108912	9.904795348717428
8223	3143	16.883439288904544	8.845781796276388
8224	3143	17.917936708668226	7.88611845998709
8225	3143	19.217458297230838	7.051801465403005
8226	3143	20.639093973556495	6.348318221918942
8227	3143	22.148778537006883	5.784214821485703
8228	3143	23.719649869005522	5.358318633249192
8229	3143	25.330454073297346	5.082012805769468
8230	3143	26.935469620750805	4.964152590427528
8231	3143	28.541886710400178	5.024056207426507
8232	3143	30.233922800656	5.19950050744369
8233	3143	31.861793721195415	5.478743556649581
8234	3143	33.42430303737387	5.850316826787413
8235	3143	34.927680595059506	6.283004500840614
8236	3143	36.34445849125757	6.730789922796436
8214	3144	10.650860000000002	24.280147999999997
8215	3144	10.997644503311259	23.14301642384106
8216	3144	11.41083595424011	21.63965780657142
8217	3144	11.881882908073711	19.996326152466946
8218	3144	12.396900467627004	18.41326389674906
8219	3144	12.929043154204466	16.862717336315175
8220	3144	13.557612938644203	15.287973885032452
8221	3144	14.269418822561347	13.818850177182307
8222	3144	15.078589562203474	12.558141070299346
8223	3144	16.14934222093053	11.44363297857917
8224	3144	17.483250726066306	10.49718390250069
8225	3144	19.156237158906414	9.718410765513333
8226	3144	20.93599819956947	9.047442402441437
8227	3144	22.862406013021282	8.43700368169515
8228	3144	24.89194989216717	7.866509473068103
8229	3144	26.985230018163698	7.355845867288867
8230	3144	29.118325997589693	6.912504082332223
8231	3144	31.26331499024571	6.54026202340133
8232	3144	33.38279332973524	6.241265686744414
8233	3144	35.44397464891815	5.973292537124236
8251	3149	8.022988	23.451712
8252	3149	8.240467086092714	22.260051125827815
8253	3149	8.59934688545796	20.57191041650075
8254	3149	9.306144557448627	18.46219955574416
8255	3149	10.238891466719448	16.422722525440772
8256	3149	11.389205981448848	14.615867019109471
8257	3149	12.658671362177015	13.023556622221832
8258	3149	14.059192810146712	11.820697448397574
8259	3149	15.476014879502664	11.011218770404657
8260	3149	16.956009065085926	10.440076168006138
8261	3149	18.418372730320648	10.113622496286583
8262	3149	20.01788741139448	9.858552318116857
8263	3149	21.652580539040045	9.509328191163235
8264	3149	23.300398648834477	8.986332455699921
8265	3149	24.993078866784884	8.331208526979104
8266	3149	26.743656422809153	7.6091785354798676
8267	3149	28.547700322666184	6.873788258432803
8268	3149	30.41624127442783	6.114040076946196
8269	3149	32.305757725227494	5.3529901170809335
8270	3149	34.18381446359102	4.623863370625491
8271	3149	36.033690677527	4.0165397193594305
8272	3149	37.400665876501094	3.5167429235364454
8273	3149	38.19536143475403	3.218975362847478
8274	3149	38.565151423254676	3.079936058773383
8275	3149	38.64629423236918	3.0484586074918463
8276	3149	38.55019146062443	3.090280487067194
8277	3149	38.34491027298271	3.178743411757324
8278	3149	38.08501445999463	3.2789898036715015
8279	3149	37.80879952408979	3.373355997211735
8280	3149	37.55319036393562	3.473221217589853
8281	3149	37.3266684504138	3.5662364279519263
8282	3149	37.13911734071398	3.6483311870827038
8283	3149	36.98807375019312	3.725914512100684
8284	3149	36.871934459834165	3.7966591798398857
8285	3149	36.787158895614404	3.854392388175588
8286	3149	36.72892493223726	3.8965503382801514
8287	3149	36.69200809064248	3.927761826556375
8288	3149	36.67351004910669	3.9505616439910898
8289	3149	36.6681781311682	3.947902085643789
8253	3150	9.001732	23.639715999999996
8254	3150	9.071086225165564	22.814770741721855
8255	3150	9.262889727502808	21.623435878594815
8256	3150	9.56022095926688	20.36895565662184
8257	3150	9.887318213522816	18.963040211180154
8258	3150	10.228559588823472	17.5952316810224
8259	3150	10.699479790806226	16.2578033590741
8260	3150	11.220724257615968	14.98886518331776
8261	3150	11.825112014521833	13.887804378560585
8262	3150	12.550106510749982	12.924470661285445
8263	3150	13.405783753692198	12.099503672987781
8264	3150	14.403530457575103	11.450470601234413
8265	3150	15.519055922320602	10.968631822665023
8266	3150	16.75451374998442	10.640804617589865
8267	3150	18.060860422237777	10.399318765736682
8268	3150	19.496269319270787	10.244642087400582
8269	3150	20.960437908760344	10.092967624913955
8270	3150	22.49573453234499	9.969692120247212
8271	3150	24.018361383216433	9.839016213024184
8272	3150	25.508840483397922	9.688760245082609
8273	3150	26.978331790457236	9.510874820312871
8274	3150	28.41488641002111	9.31706462890948
8275	3150	29.82419006589872	9.123103562641056
8276	3150	31.204964575390935	8.950203581564073
8277	3150	32.55213439818528	8.799790867830737
8278	3150	33.84020750177966	8.64941158515766
8279	3150	35.07256821873656	8.492602329870511
8280	3150	36.24689660174178	8.375413065973559
8281	3150	37.12207049430002	8.308912588498234
8282	3150	37.77067635847175	8.365866731630788
8283	3150	38.08836154975871	8.5209101577995
8284	3150	38.176612905150385	8.664678898094039
8285	3150	38.10453416026636	8.843084697003768
8286	3150	37.9427720377619	8.976285190856256
8287	3150	37.7416662484155	9.074059847387133
8288	3150	37.52598656633668	9.139857548360645
8289	3150	37.323563814247144	9.17010329606698
8253	3151	11.281268	23.476995999999996
8254	3151	11.446899973509934	22.49467
8255	3151	11.452163685878627	21.353561563709665
8256	3151	11.535643301212525	19.834587281927547
8257	3151	11.739247068867542	18.270710788028747
8258	3151	12.070714895334723	16.522479202901792
8259	3151	12.60395748973724	14.87685635188554
8260	3151	13.358709482972769	13.408158839099265
8261	3151	14.352281504048662	12.147671398842501
8262	3151	15.559952763394579	11.23064775757174
8263	3151	17.050885591025853	10.54473696496581
8264	3151	18.665275103886206	10.094928001874143
8265	3151	20.39855093369287	9.864029157241914
8266	3151	22.205231074297668	9.756405322409687
8267	3151	23.980605243592642	9.66233891027677
8268	3151	25.73357743209928	9.52047454125318
8269	3151	27.443114420384003	9.29635274284627
8270	3151	29.086784925009514	8.99003776892462
8271	3151	30.654817839736435	8.621630792529734
8272	3151	32.14515538495263	8.210650887855884
8273	3151	33.55957178604362	7.787492436150446
8274	3151	34.91756151540322	7.412159907179109
8275	3151	36.24121749718786	7.148865820830949
8276	3151	37.272562230617595	6.919960345767716
8277	3151	37.95927942658662	6.852231754264518
8278	3151	38.297955819324926	6.843490814441355
8279	3151	38.38112782185448	6.869465270466855
8280	3151	38.333929420968495	6.911078226931363
8281	3151	38.2357411981473	7.0070848552782214
8282	3151	38.00600153659692	7.106440359104017
8283	3151	37.76010944589957	7.100966025735605
8284	3151	37.52752381977209	7.101790957561151
8285	3151	37.31397054640202	7.106579218452521
8286	3151	37.14321273843032	7.1286915454099296
8287	3151	37.01051845213344	7.144343542958074
8288	3151	36.905823306997654	7.153747626850768
8289	3151	36.82993698283799	7.153823399791084
8248	3152	35.395063	4.12403
8249	3152	34.511090264900666	4.491374357615894
8250	3152	33.119698734299085	5.034416576331489
8251	3152	31.53359714071875	5.600369285547813
8252	3152	29.835519421246588	6.133644342568689
8253	3152	28.044238903673868	6.66534643812452
8254	3152	26.18541407868689	7.233299526249298
8255	3152	24.2970052615021	7.865629247617597
8256	3152	22.69211891993589	8.428828494263408
8257	3152	20.93571150817221	9.225118012184916
8258	3152	19.22667531444373	9.844593675721267
8259	3152	17.562404856128385	10.321860367592839
8260	3152	15.980683357582393	10.6922540326622
8261	3152	14.42770968420367	11.051207880259735
8262	3152	12.820828704759883	11.57973338359182
8263	3152	11.398464672632148	12.373006177602514
8264	3152	10.217709975211582	13.459840095775688
8265	3152	9.426085471007418	14.900861772677446
8266	3152	8.99711938664405	16.56716497404332
8267	3152	8.916695880241313	18.43441266104462
8268	3152	9.115058912249658	20.39322567539357
8269	3152	9.574021063454952	22.395735359029906
8270	3152	10.188030580867192	24.284133191742292
8271	3152	11.062639291872157	25.753271990655627
8272	3152	11.78172292866973	26.666666154698714
8273	3152	12.309783058553487	27.148946517418334
8274	3152	12.672633180570704	27.327443446600245
8275	3152	12.91009244032036	27.30000149705698
8276	3152	13.056011060479682	27.151510836480107
8277	3152	13.135580080430307	26.939239760561936
8278	3152	13.149528823897764	26.69916610031584
8279	3152	13.126793543781048	26.458974632867033
8280	3152	13.086872238008766	26.24581176456553
8281	3152	13.03927312946133	26.064806668080543
8282	3152	12.988983021867725	25.91966916106021
8283	3152	12.940020077101172	25.81200923972417
8284	3152	12.89754676959634	25.73722747184941
8285	3152	12.86051740999838	25.681748137668308
8286	3152	12.831457835836042	25.645959028544734
8287	3152	12.815807207638564	25.62453452504074
8288	3152	12.814889545948104	25.61199772380495
8289	3152	12.83115455315341	25.59366340467201
8250	3153	35.040848000000004	3.274988
8251	3153	34.155675973509936	3.5873388609271526
8252	3153	32.82873877194088	4.062998216225948
8253	3153	31.346038632043996	4.5950964090756745
8254	3153	29.736471217902896	5.122154547007063
8255	3153	28.092522860058192	5.652428099516521
8256	3153	26.378587928759263	6.2298132712279015
8257	3153	24.6326353005606	6.869222699137868
8258	3153	22.89859209371686	7.524445510257319
8259	3153	21.227151575451966	8.189704342823337
8260	3153	19.58923583003772	8.879263233130635
8261	3153	17.983406469588072	9.568263843358737
8262	3153	16.29804497994421	10.241992345041687
8263	3153	14.56948381230327	10.935540875238223
8264	3153	12.805349951656488	11.798318534394001
8265	3153	11.245529771208142	12.962991527887295
8266	3153	9.941992776297448	14.353171262679833
8267	3153	8.872736760178379	16.054863803738215
8268	3153	8.116061281983368	18.02172048148195
8269	3153	7.700683633517654	20.038739661997923
8270	3153	7.567229209996362	22.17244664576651
8271	3153	7.584978811373322	24.26069694544212
8272	3153	7.873974447207564	25.84377799238446
8273	3153	8.171735997569407	26.823671658954805
8274	3153	8.4472568342348	27.352666999537018
8275	3153	8.694402498162255	27.55151233471312
8276	3153	8.910221922633204	27.530184792506915
8277	3153	9.089119625406433	27.373419304923136
8278	3153	9.218697087630114	27.14270039930821
8279	3153	9.30835585983131	26.879195476039943
8280	3153	9.37176352452108	26.623418241016214
8281	3153	9.413560447777797	26.39227012358065
8282	3153	9.428623038031754	26.187983881024806
8283	3153	9.430972152340646	26.025823456669848
8284	3153	9.423135772820611	25.89964189120242
8285	3153	9.412557276407538	25.80916246515589
8286	3153	9.399065776576062	25.740603539077522
8287	3153	9.390203261103562	25.69508837865799
8288	3153	9.397783844732787	25.663313243661623
8289	3153	9.408497252978224	25.636453883507286
8252	3154	35.255720000000004	4.84274
8253	3154	34.50843237086093	5.001070543046358
8254	3154	33.41921922145675	5.253761970160673
8255	3154	32.20622159221353	5.536643968190291
8256	3154	30.971890963632795	5.837637494668853
8257	3154	29.705728104797117	6.145531682341985
8258	3154	28.432861366426884	6.447091366018072
8259	3154	27.149383272621034	6.770784814045008
8260	3154	25.845812411515226	7.100420892676939
8261	3154	24.472295412441895	7.525197155657017
8262	3154	23.061511881058067	7.8267817982281045
8263	3154	21.64130587457863	8.026258233392726
8264	3154	20.226822431763143	8.170835615118829
8265	3154	18.830167405693796	8.371043453665235
8266	3154	17.462851090194143	8.703820170006056
8267	3154	16.174101981066585	9.171541164109321
8268	3154	14.955256682989841	9.730364909463281
8269	3154	13.772008580816639	10.452660107893166
8270	3154	12.644564453020593	11.248768579097398
8271	3154	11.489777094293885	12.103509385551238
8272	3154	10.406867767677463	13.018745459307349
8273	3154	9.290832389331012	14.002823758614728
8274	3154	8.203779525177792	15.100489164674956
8275	3154	7.233370857530285	16.26315227602962
8276	3154	6.3466484832769	17.526189155714626
8277	3154	5.537312033105576	18.908820025401564
8278	3154	4.769910917960422	20.36350042931255
8279	3154	4.02999285504259	21.802425654389733
8280	3154	3.3178587901244585	23.302138440544464
8281	3154	2.6204551971241994	24.83644589505172
8282	3154	2.1783432211926113	25.93999762368308
8283	3154	1.8847360038996643	26.674816154589745
8284	3154	1.7591872479665156	27.06475872692564
8285	3154	1.7471686257846146	27.20617780234238
8286	3154	1.8072278408967848	27.17342058565067
8287	3154	1.9169670615480354	27.037749635837326
8288	3154	2.062378941851347	26.845787682095445
8289	3154	2.2167529347843162	26.619296260488156
8290	3155	35.2365	3.679
8291	3155	34.81309194701987	3.799897668874172
8292	3155	34.03097530207901	3.9951149553523315
8293	3155	33.015094884417856	4.198933793665344
8294	3155	31.86733913099705	4.458144064465267
8295	3155	30.62134322306692	4.7841936623073895
8296	3155	29.302347834784946	5.07834156312778
8297	3155	27.84310136306705	5.392012927113626
8298	3155	26.287503081404996	5.7326195639720225
8299	3155	24.5789535589972	6.133509096604685
8300	3155	22.706765661355316	6.55192832547089
8301	3155	20.800027926926468	6.9034519300388855
8302	3155	18.84520181706805	7.19577937046039
8303	3155	16.98206397072033	7.415051967447193
8304	3155	15.237524349035738	7.527970840710401
8305	3155	13.570815169082556	7.617417486151977
8306	3155	12.110869665733292	7.870929816552361
8307	3155	10.87815992864964	8.402551582346234
8308	3155	9.908960907770272	9.321405528685254
8309	3155	9.25789970323058	10.580803601161158
8310	3155	8.918215925640677	12.141421044866567
8311	3155	8.870522473406545	13.939637938868541
8312	3155	8.990407417688049	15.925352394131624
8313	3155	9.18286685799864	18.028106961300683
8314	3155	9.322679966574732	20.110435652257593
8315	3155	9.33331593510367	22.182413880080205
8316	3155	9.226251521280378	24.197371317504636
8293	3160	34.36133	5.602226
8294	3160	33.672144794701985	5.885666781456954
8295	3160	32.55129780801945	6.297662793156874
8296	3160	31.35806883779537	6.66053530318339
8297	3160	30.07171745179612	7.021489414277695
8298	3160	28.719397208753197	7.380727140681006
8299	3160	27.305729759819418	7.765852247160322
8300	3160	25.829346253286644	8.234000531673024
8301	3160	24.416852429435284	8.710370067009583
8302	3160	22.951343296073436	9.236987896192037
8303	3160	21.454369446425478	9.836194007883313
8304	3160	20.007037203209013	10.489452293280827
8305	3160	18.61716685656436	11.100220949659139
8306	3160	17.473605821176697	11.572376226955745
8307	3160	16.571746990798253	11.889132173477112
8308	3160	15.94596559629587	12.09271325093881
8309	3160	15.584722535971311	12.194062717079381
8310	3160	15.416521521271106	12.28241741778322
8311	3160	15.340015759615467	12.391059833404663
8312	3160	15.171953486494766	12.49678336851885
8313	3160	14.936141532952716	12.649947839183561
8314	3160	14.543399921031503	12.849447027024041
8315	3160	14.018427109651848	13.092222774670237
8316	3160	13.377294661429895	13.425904090695447
8317	3160	12.662175612748143	13.910106525778748
8318	3160	11.916002832839313	14.582406849806125
8319	3160	11.155555826200438	15.440083000976328
8320	3160	10.388892264990492	16.467554339769798
8321	3160	9.632443864311256	17.552834790067664
8322	3160	8.875429257226905	18.725749278169808
8323	3160	8.167818366576338	19.94048337822278
8324	3160	7.523772299687806	21.226137513335797
8325	3160	6.935292094908422	22.606145522327235
8326	3160	6.384985425034979	23.991366545553124
8298	3161	9.016476	23.369216
8299	3161	9.236898132450332	22.54440585430464
8300	3161	9.592991120904635	21.286018685646397
8301	3161	9.984747076520902	19.947555567516847
8302	3161	10.421562542708372	18.571243018486847
8303	3161	10.899554688412511	17.25617331814743
8304	3161	11.435644297011162	16.059323365365326
8305	3161	12.032658146282365	14.976923768312979
8306	3161	12.628347666621789	14.028359651000839
8307	3161	13.213031416332882	13.194016550866108
8308	3161	13.798745981774694	12.449263417477797
8309	3161	14.334119264587123	11.804487394126577
8310	3161	14.788065145141061	11.26714273245549
8311	3161	15.211869769545398	10.852526589106414
8312	3161	15.674956900020707	10.511975449617934
8313	3161	16.228849236045697	10.23877615446511
8314	3161	16.90458936053204	9.907671234275721
8315	3161	17.696136897637338	9.460724435658774
8316	3161	18.564604582537967	8.926395002328828
8317	3161	19.52489565685241	8.326395112880634
8318	3161	20.58747123335732	7.7500459727597
8319	3161	21.767360507883268	7.280303317490858
8320	3161	23.06364504741047	6.950406657811038
8321	3161	24.392036781968613	6.736039051158389
8322	3161	25.759956534445795	6.64813294526275
8323	3161	27.12691143217523	6.675166652569468
8324	3161	28.485636025258543	6.816313586309608
8325	3161	29.853410398034203	7.05771751835995
8326	3161	31.177824012858174	7.361805072074075
8298	3162	10.648628	23.430376000000003
8299	3162	10.76143898013245	22.39870982781457
8300	3162	11.086498147298832	20.730317905444295
8301	3162	11.500575459319926	19.031828214165966
8302	3162	11.987290722746858	17.30465269899112
8303	3162	12.57905097997499	15.734566791571659
8304	3162	13.244270517303754	14.311815089075239
8305	3162	14.015298834092148	13.131779558496056
8306	3162	14.866598590534714	12.263472352638376
8307	3162	15.638694816703694	11.723810594914868
8308	3162	17.07085460120135	11.422518125868487
8309	3162	18.651619280318698	11.199580402170682
8310	3162	20.33909286476831	10.896234654624427
8311	3162	22.02290636722782	10.519321294246927
8312	3162	23.770080414784548	10.060791958980607
8313	3162	25.596815362069385	9.525264967837874
8314	3162	27.462747347700294	8.909667373560238
8315	3162	29.41639598159578	8.201892221572665
8316	3162	31.343685025465483	7.445148003696553
8317	3162	33.21869186352669	6.63460310428288
8318	3162	35.08416725200878	5.74928995907897
8298	3163	10.637844	20.257952000000003
8299	3163	11.088728066225165	19.03214242384106
8300	3163	11.580970034610358	16.887211170763944
8301	3163	12.094682129904571	14.674658885701376
8302	3163	12.678736360012863	12.531384810656279
8303	3163	13.240499097800337	10.740218114097852
8304	3163	13.893121085140773	9.22784934753866
8305	3163	14.716677686004234	7.939026019003353
8306	3163	15.671073137868609	6.899487907072322
8307	3163	16.86041434650946	6.06039827245716
8308	3163	18.327676266364488	5.4627960654492655
8309	3163	20.11411097592834	5.197949838916983
8310	3163	21.985959482714687	5.224796369515521
8311	3163	23.933403728497495	5.491750421576798
8312	3163	25.972577884899465	5.954390234860142
8313	3163	28.051065074503793	6.551066369993692
8314	3163	30.15688227804013	7.1945267012479475
8315	3163	32.32703421907591	7.840578007067671
8316	3163	34.389155184799655	8.464186118612577
8301	3166	21.929386	5.8185519999999995
8302	3166	20.90712821192053	6.05720898013245
8303	3166	19.510997817468944	6.270590860033262
8304	3166	18.01276483876863	6.354982610584511
8305	3166	16.515102785072546	6.353498797134527
8306	3166	15.080343048563542	6.3981808510280604
8307	3166	13.641974492085643	6.589216750402559
8308	3166	12.291923816994696	7.033520909176307
8309	3166	11.122038218463311	7.776710764034233
8310	3166	10.065009129820586	8.860609840485052
8311	3166	9.189847266659786	10.153590494829812
8312	3166	8.513243531667587	11.679346333382227
8313	3166	8.003337669720409	13.435728356489086
8314	3166	7.602134282188741	15.295216540494426
8315	3166	7.290770389328553	17.23409951130543
8316	3166	7.000969063494482	19.10730155322777
8317	3166	6.6391489266155155	20.970142651417685
8318	3166	6.223322897466954	22.73191607587104
8319	3166	5.686454196874338	24.42576368704835
8331	3171	34.837419999999995	4.6354
8332	3171	33.55292741721854	5.105638609271522
8333	3171	31.846956787034053	5.674696286346636
8334	3171	29.97206890263037	6.53791728702161
8335	3171	28.22833152030356	7.673418888157625
8336	3171	26.470694243820503	8.915126153698933
8337	3171	24.61163239368249	10.215436317987171
8338	3171	22.753709406224147	11.34441264187463
8339	3171	20.852372837317727	12.233578377589454
8340	3171	19.106987457142097	12.84422484611284
8341	3171	17.46820246298226	13.176585938107683
8342	3171	15.838770864085339	13.319390895376014
8343	3171	14.415209822434473	13.469624761756792
8344	3171	13.154172162241002	13.754605123510851
8345	3171	12.253950636228193	14.053587595394603
8346	3171	11.668869254027666	14.3940707404055
8347	3171	11.389555708143492	14.617955865584374
8348	3171	11.269884272194513	14.90715439479987
8349	3171	11.121816108718717	15.238643255485245
8350	3171	10.97335247257664	15.645260747001934
8351	3171	10.743794194437335	16.314270245619987
8352	3171	10.527206550856416	17.32993421759977
8353	3171	10.40225577201049	18.576933267320097
8354	3171	10.41654157407852	20.045073805291196
8355	3171	10.54306068153589	21.676923941728425
8356	3171	10.739411485134799	23.357574041860246
8331	3172	35.71191999999999	2.997456
8332	3172	34.69628139072848	3.5562495364238407
8333	3172	33.42223660413477	4.138219147800198
8334	3172	31.98036894772867	4.729461404138135
8335	3172	30.476978187712568	5.318388063738183
8336	3172	28.912574719666228	5.920684284507951
8337	3172	27.187681672192262	6.537108409062044
8338	3172	25.47242293436091	7.069004924472545
8339	3172	23.721831521368927	7.587322212833927
8340	3172	22.014188132114	8.139312838086756
8341	3172	20.470287158353027	8.7409378164383
8342	3172	18.948456292694846	9.426243355587236
8343	3172	17.527776977087264	10.174695844526406
8344	3172	16.231014026212097	10.978797945445704
8345	3172	15.005521158443106	11.864163893892153
8346	3172	14.079800305485307	12.782255740656293
8347	3172	13.355632480780987	13.907611005714825
8348	3172	12.914683245241681	15.253293398579594
8349	3172	12.65361868652669	16.854572458340684
8350	3172	12.48707842405725	18.637102969249547
8351	3172	12.3182952400469	20.594116861893692
8352	3172	12.18672838699801	22.70657393583884
8353	3172	12.114529309768189	24.470892573223722
8354	3172	12.120674918611439	25.637792489015432
8336	3173	10.103608	23.22534
8337	3173	10.034481192052981	21.886334172185432
8338	3173	9.981843865692236	20.1521817364805
8339	3173	10.013774291774473	18.401149357947606
8340	3173	10.25418649772331	16.558852639080122
8341	3173	10.648740275001197	14.801521591585999
8342	3173	11.104371404580197	13.136715143569992
8343	3173	11.629196849554244	11.622763013137234
8344	3173	12.074712607117954	10.207599392950618
8345	3173	12.465980384624533	8.751872747545788
8346	3173	12.87962058956176	7.404247368112555
8347	3173	13.528843938945904	6.226657313412392
8348	3173	14.407505905084568	5.347025279886827
8349	3173	15.563394936340119	4.755808249573405
8350	3173	16.931758259695762	4.375106007424995
8351	3173	18.507799446237765	4.154382613083478
8352	3173	20.287831787860483	4.027815258535675
8353	3173	22.114475678092592	3.9324212434585393
8354	3173	24.043032926074694	3.850379301589846
8355	3173	26.00091810094655	3.741772576363523
8356	3173	27.951192949752784	3.6506152019923785
8357	3173	29.915253233926737	3.600350686427713
8358	3173	31.792121345167505	3.611301133452165
8359	3173	33.63324760425602	3.6657484039605945
8360	3173	35.44645673142564	3.7557317400875596
8361	3173	36.84712880233781	3.8763025880848283
8362	3173	37.68444832946347	3.9815145661706133
8337	3174	8.056600000000001	23.6241
8338	3174	8.133207496688742	22.781428238410598
8339	3174	8.220928403781674	21.21553618969861
8340	3174	8.443924613688898	19.520496663037555
8341	3174	8.818062875435087	17.868699169707853
8342	3174	9.29410129573329	16.347295485892612
8343	3174	9.81364370922871	15.017357860165596
8344	3174	10.34913523756595	13.72746120633669
8345	3174	10.805147276818563	12.438026635452823
8346	3174	11.219585871472468	11.209012804768152
8347	3174	11.58271938775896	9.903542268864491
8348	3174	11.995498274573801	8.648657842247877
8349	3174	12.580797484255172	7.472638065589068
8350	3174	13.358320580059889	6.415379814805904
8351	3174	14.382199830283904	5.560032834158452
8352	3174	15.650401369558141	4.954145359680465
8353	3174	17.027993060314806	4.5611791833769875
8354	3174	18.483081596611154	4.30130179303858
8355	3174	19.926845689812012	4.139800362684213
8356	3174	21.38890281859638	4.013003056553241
8357	3174	22.860307879092133	3.8915760627426916
8358	3174	24.25968320618774	3.7459870798625516
8359	3174	25.645774998876853	3.5298115157883454
8360	3174	26.981690110028854	3.2391333198907155
8361	3174	28.27152409704088	2.8895132967249153
8362	3174	29.38509902614249	2.5715355562833517
8339	3175	35.96522	2.975488
8340	3175	34.88602229139073	3.3827935761589405
8341	3175	33.442924903205785	3.788184566649153
8342	3175	31.908112408670547	4.238834879498732
8343	3175	30.43678547227646	4.69431752395976
8344	3175	28.982625553285832	5.192749919253299
8345	3175	27.56962047868599	5.747069406368544
8346	3175	26.16366803213747	6.342057360607209
8347	3175	24.75234483923362	6.985091870276224
8348	3175	23.394036040560874	7.672145569429577
8349	3175	22.053717163534085	8.409757543157102
8350	3175	20.704522082110863	9.15563692419856
8351	3175	19.306048536241917	9.848767377059607
8352	3175	17.817347864492167	10.418147790167646
8353	3175	16.335777649729117	10.90994658565862
8354	3175	14.821658807457949	11.415683994468498
8355	3175	13.291871068278065	12.02564393772531
8356	3175	11.863868588014682	12.810079239636549
8357	3175	10.57736024842284	13.869252785370527
8358	3175	9.50520623698977	15.094319414999052
8359	3175	8.600085555568718	16.481006887223014
8360	3175	7.788400933866931	17.968452402157325
8361	3175	7.056653900037069	19.605160622502204
8362	3175	6.384787330570116	21.277826348328503
8363	3175	5.737260359990558	22.89930803040917
8364	3175	5.0471987235934614	24.410864178736063
8341	3176	11.428168000000001	22.952863999999998
8342	3176	11.251800596026492	22.117551192052975
8343	3176	11.219419349220864	20.814364992710313
8344	3176	11.233196317754649	19.48987711253177
8345	3176	11.353417784702454	18.316873114798536
8346	3176	11.500504234278296	17.392117213656455
8347	3176	11.733547516639815	16.65986467321586
8348	3176	11.916181200808612	16.177206206727295
8349	3176	12.131726515503475	15.846854311564469
8350	3176	12.427762292259715	15.513101424025699
8351	3176	12.79160431112094	15.061355067248131
8352	3176	13.21380229900313	14.451330153753611
8353	3176	13.702856533900857	13.791097740246025
8354	3176	14.30779922068692	13.05762176781487
8355	3176	15.15291579067182	12.344205528472715
8356	3176	16.189226061156365	11.718418471274589
8357	3176	17.374397296969928	11.220438912934826
8358	3176	18.60829452243186	10.884257679720154
8359	3176	19.952750502488747	10.693052176041403
8360	3176	21.4085818829168	10.583583390621637
8361	3176	22.917773518861463	10.51240091091912
8362	3176	24.45419651163711	10.47662478755941
8363	3176	25.98057621224595	10.489722749642619
8364	3176	27.49205282407056	10.480526390508912
8365	3176	29.050943282379816	10.489478395236455
8366	3177	34.897000000000006	5.016
8367	3177	34.20872178807947	5.160977139072848
8368	3177	33.072529553200354	5.48426355378307
8369	3177	31.729080134646175	5.896474365821372
8370	3177	30.252833084072268	6.351449553918536
8371	3177	28.690888061992535	6.833518933638845
8372	3177	27.049268699239803	7.358035542075978
8373	3177	25.369574303749435	7.941244903454553
8374	3177	23.649625744523416	8.513766383391415
8375	3177	21.911598270508367	9.07612707505015
8376	3177	20.210401965953768	9.607697915279969
8377	3177	18.69998375173341	10.086018340583749
8378	3177	17.25603957708398	10.598510916908134
8379	3177	16.007665288567036	11.098692993982501
8380	3177	14.79449073702547	11.65569702401719
8381	3177	13.666464967733939	12.288191106827549
8382	3177	12.661708040624475	13.066707142565713
8383	3177	11.884391698083824	13.921648504145201
8384	3177	11.30786885382344	14.943707268951018
8385	3177	10.883506086240812	16.11352273191374
8386	3177	10.578663006321323	17.392798502053456
8387	3177	10.291796668710342	18.767403631255576
8388	3177	9.952159345948996	20.23670222899001
8389	3177	9.518029880163018	21.76647039698949
8390	3177	8.993323778191323	23.193973708937094
8391	3177	8.618600474302724	24.296152429831547
8392	3177	8.383583314900465	24.99506946739879
8393	3177	8.277414462984943	25.367375660443074
8394	3177	8.260558818536841	25.507410709096774
8395	3177	8.286624238888182	25.49206426108363
8396	3177	8.3770535493139	25.384046920528355
8397	3177	8.469340320160264	25.21368463558879
8366	3178	35.8995	2.161
8367	3178	35.185803231788086	2.3991967947019868
8368	3178	34.02532717051112	2.7942120204297964
8369	3178	32.70667246312858	3.2612697193582414
8370	3178	31.2576702257935	3.751725007160253
8371	3178	29.71332964430624	4.240947530444985
8372	3178	28.073977569529028	4.773258131026998
8373	3178	26.32753089834753	5.315857414242652
8374	3178	24.4870119784193	5.8796370790597
8375	3178	22.567698496305702	6.435168162633254
8376	3178	20.595640712336504	6.951760430342174
8377	3178	18.60607630914018	7.43832053912547
8378	3178	16.678015934444645	7.9092981668518645
8379	3178	14.98278573656519	8.360703702683377
8380	3178	13.678749454641322	8.735807877631688
8381	3178	12.867591230450111	8.96758007189767
8382	3178	12.465970929931476	9.083060627491935
8383	3178	12.312159376180201	9.168801617713392
8384	3178	12.3172407764347	9.272979034995437
8385	3178	12.412050239246527	9.435911637237435
8386	3178	12.522514345073157	9.637603353024371
8387	3178	12.551104949326405	9.891604972221511
8388	3178	12.423836915729924	10.243177508799063
8389	3178	12.126308144779347	10.6981359151787
8390	3178	11.703395150684052	11.374186793153333
8391	3178	11.24095141095397	12.30157262760777
8392	3178	10.773289255179547	13.490796878532324
8393	3178	10.32603764546146	14.925290402448224
8394	3178	9.934438929488751	16.569240784547723
8395	3178	9.576935806787269	18.372176501895535
8396	3178	9.274711178729445	20.307110473590917
8397	3178	8.971719327442127	22.336425227925517
8398	3178	8.82510992337932	23.912854768664577
8399	3178	8.746648418372878	24.923854927944923
8400	3178	8.733217512817918	25.495063080090123
8401	3178	8.765991818997463	25.75120430078666
8402	3178	8.83040846315141	25.78153805379135
8403	3178	8.913199430411378	25.670977620365914
8404	3178	8.994844152480924	25.47510525525898
8369	3183	35.800488	6.949128000000001
8370	3183	34.971750225165565	7.245998437086093
8371	3183	33.66317413933366	7.659783918031252
8372	3183	32.189334375179264	8.10089371227034
8373	3183	30.59485297944048	8.51368250482418
8374	3183	28.939849714794793	9.041258615988353
8375	3183	27.079258205158414	9.468594215221914
8376	3183	25.209288412062005	9.80521109104079
8377	3183	23.396707451339303	10.056423931877251
8378	3183	21.68099353662092	10.200762073147073
8379	3183	20.042301627524115	10.293727675887103
8380	3183	18.510467005261468	10.452274630281805
8381	3183	17.07918775264331	10.742889396818779
8382	3183	15.850807752633994	11.119173204235109
8383	3183	14.747935085202036	11.557947368689206
8384	3183	13.718201031516129	12.096776832697477
8385	3183	12.805086109402321	12.710609920856692
8386	3183	12.082412453846326	13.447191606967635
8387	3183	11.466154614387433	14.266298469284708
8388	3183	10.915341683281047	15.186297586017476
8389	3183	10.387749650703586	16.191758360071976
8390	3183	9.852741051255032	17.270419970026982
8391	3183	9.295832503497722	18.41945755350925
8392	3183	8.731312790588525	19.647513544091836
8393	3183	8.222860230158465	20.972610255632418
8394	3183	7.7627687368207505	22.390419116745132
8395	3183	7.353476724688199	23.67178848035968
8396	3183	7.115523955723776	24.554184857581575
8397	3183	6.9997961526714105	25.070984660103672
8398	3183	6.900710755061074	25.311717959408483
8399	3183	6.872950904777567	25.3648698837504
8400	3183	6.900213500670799	25.29524548276591
8401	3183	6.966954845072501	25.163470183835567
8402	3183	7.060344296939059	25.000794131525268
8403	3183	7.158781574628784	24.81539908603051
8404	3183	7.2555022849922315	24.63964725646222
8374	3184	10.60708	21.779328
8375	3184	10.549144794701988	20.771899152317882
8376	3184	10.589681003624964	18.94226851926181
8377	3184	10.815131141920043	16.774818638710972
8378	3184	11.037299537107733	14.559560009920764
8379	3184	11.308117739335225	12.560236685468116
8380	3184	11.6845322106763	10.921246131129108
8381	3184	12.1212463335493	9.635830060162027
8382	3184	12.565497056938938	8.587327339614246
8383	3184	13.02599969010514	7.629248147737487
8384	3184	13.559346797327997	6.703824490604107
8385	3184	14.293132281157156	5.837204700792284
8386	3184	15.296166737834312	5.078623801443991
8387	3184	16.550641924620365	4.460146822168125
8388	3184	18.061681082658726	4.014277151392105
8389	3184	19.772806126815958	3.7607717911160146
8390	3184	21.657715318217882	3.671041541032039
8391	3184	23.616623976617152	3.687788812141724
8392	3184	25.63564054789706	3.77229708659553
8393	3184	27.6759827201788	3.847014650425793
8394	3184	29.702298259569375	3.831744187651759
8395	3184	31.655350424261094	3.646026618173898
8396	3184	33.48322759622248	3.269382966317717
8397	3184	35.21583781475053	2.8128556514394067
8398	3184	36.552052754525434	2.480938745125193
8399	3184	37.320987127412394	2.2613833262177896
8400	3184	37.69011986345614	2.1323643857412375
8401	3184	37.771777375531265	2.07602836877673
8402	3184	37.68042895559152	2.0703034130624873
8403	3184	37.490455394575704	2.093952872392558
8404	3184	37.24904990401252	2.130401429861563
8378	3185	9.794792000000001	22.97922
8379	3185	9.84849323178808	21.93167475496689
8380	3185	9.93715066929114	20.47709698829242
8381	3185	10.103589825483091	19.095273082782544
8382	3185	10.332573148357358	17.858299229181647
8383	3185	10.52155514280888	16.790388215386397
8384	3185	10.759677564902626	15.880758214191813
8385	3185	11.020864007470163	15.025518588462072
8386	3185	11.255487544784184	14.202004266729224
8387	3185	11.532372854481583	13.485496772954878
8388	3185	11.871591597873966	12.849320129527515
8389	3185	12.254202695907791	12.312797173794117
8390	3185	12.712244346037659	11.838086736379736
8391	3185	13.260569855638357	11.390373322005505
8392	3185	13.935205229734203	10.9798969404218
8393	3185	14.716672995583934	10.649582373608432
8394	3185	15.61820548561761	10.450736946594608
8395	3185	16.667502432100644	10.429184948695946
8396	3185	17.76567855930775	10.630596305154315
8397	3185	18.932374511514233	10.935254694384241
8398	3185	20.11964422590383	11.27333283648162
8399	3185	21.39342049366998	11.588934784921383
8400	3185	22.754256778871646	11.854779921464575
8401	3185	24.18336665453742	12.033575578476196
8402	3185	25.664615462204196	12.131406650902093
8403	3185	27.198112317264957	12.141087081645189
8404	3185	28.74556314566319	12.064865742148964
8376	3186	11.06078	22.97204
8377	3186	11.297042410596026	21.93689300662252
8378	3186	11.653553787238554	20.44955610518939
8379	3186	12.087451399596317	18.898924082566968
8380	3186	12.615538662507332	17.42797724087821
8381	3186	12.971716749164731	16.190182442292567
8382	3186	13.489078754000971	15.074084998474605
8383	3186	13.979621057132599	14.037387721804384
8384	3186	14.641610068323414	13.083590973692434
8385	3186	15.49745124217382	12.3084766197992
8386	3186	16.567004160258836	11.673581391206676
8387	3186	17.883250504445808	11.102202247470883
8388	3186	19.386183886185187	10.533650011944923
8389	3186	21.102546650230106	9.943337393541459
8390	3186	22.907132001807877	9.295319347897488
8391	3186	24.77012197319489	8.620797334761637
8392	3186	26.66247146240059	7.946071751727592
8393	3186	28.56119153858188	7.292764866411114
8394	3186	30.44118344977742	6.655180478800381
8395	3186	32.29407972761217	6.028076648103479
8396	3186	34.11157350156379	5.4049328160517724
8397	3186	35.86654344322711	4.801740275416178
8398	3186	37.36518994146793	4.237077372646768
8399	3186	38.334715254704406	3.8104078108086945
8400	3186	38.848510378534414	3.561200986585403
8401	3186	39.02951511170824	3.453769966141315
8402	3186	39.00028204073247	3.445029479534712
8403	3186	38.82222758809388	3.490475900049549
8404	3186	38.579338591070666	3.5674236112367392
