0 3 1 5.735 9.358 4.685 8.314
1 3 1 5.768 9.389 4.675 8.293
2 3 1 5.789 9.389 4.696 8.293
3 3 1 5.789 9.410 4.696 8.314
4 3 1 5.810 9.431 4.718 8.335
5 3 1 5.832 9.431 4.739 8.335
6 3 1 5.853 9.452 4.760 8.356
7 3 1 5.874 9.473 4.782 8.376
8 3 1 5.896 9.451 4.803 8.355
9 3 1 5.938 9.472 4.846 8.376
10 3 1 5.960 9.472 4.867 8.376
11 3 1 5.981 9.472 4.888 8.375
12 3 1 6.024 9.492 4.931 8.396
13 3 1 6.045 9.513 4.952 8.417
14 3 1 6.066 9.492 4.973 8.396
15 3 1 6.109 9.512 5.016 8.416
16 3 1 6.151 9.491 5.059 8.395
17 3 1 6.173 9.512 5.080 8.416
18 3 1 6.194 9.490 5.101 8.394
19 3 1 6.258 9.511 5.165 8.415
20 3 1 6.279 9.490 5.186 8.394
21 3 1 6.321 9.510 5.229 8.414
22 3 1 6.343 9.489 5.250 8.393
23 3 1 6.364 9.510 5.272 8.414
24 3 1 6.406 9.488 5.314 8.392
25 3 1 6.428 9.509 5.335 8.413
26 3 1 6.428 9.488 5.335 8.392
27 3 1 6.428 9.488 5.335 8.392
28 3 1 6.449 9.488 5.357 8.392
29 3 1 6.491 9.508 5.399 8.413
30 3 1 6.512 9.434 5.495 8.422
31 3 1 6.534 9.455 5.463 8.391
32 3 1 6.555 9.455 5.484 8.391
33 3 1 6.576 9.455 5.505 8.390
34 3 1 6.597 9.455 5.527 8.390
35 3 1 6.597 9.455 5.527 8.390
36 3 1 6.619 9.454 5.548 8.390
37 3 1 6.640 9.475 5.569 8.411
38 3 1 6.661 9.454 5.591 8.390
39 3 1 6.683 9.475 5.612 8.410
40 3 1 6.704 9.475 5.633 8.410
41 3 1 6.725 9.474 5.655 8.410
42 3 1 6.747 9.495 5.676 8.431
43 3 1 6.768 9.516 5.697 8.452
44 3 1 6.789 9.516 5.719 8.452
45 3 1 6.810 9.516 5.740 8.451
46 3 1 6.832 9.536 5.761 8.472
47 3 1 6.853 9.557 5.783 8.493
48 3 1 6.874 9.536 5.804 8.472
49 3 1 6.896 9.578 5.825 8.514
50 3 1 6.917 9.578 5.847 8.514
51 3 1 6.939 9.599 5.868 8.534
52 3 1 6.981 9.598 5.911 8.534
53 3 1 7.002 9.598 5.932 8.534
54 3 1 7.024 9.619 5.953 8.555
55 3 1 7.066 9.639 5.996 8.575
56 3 1 7.087 9.618 6.017 8.554
57 3 1 7.109 9.639 6.039 8.575
58 3 1 7.151 9.617 6.081 8.553
59 3 1 7.173 9.638 6.102 8.574
60 3 1 7.351 9.373 6.326 8.677
61 3 1 7.373 9.383 6.294 8.646
62 3 1 7.404 9.383 6.326 8.646
63 3 1 7.458 9.382 6.379 8.645
64 3 1 7.489 9.382 6.411 8.645
65 3 1 7.564 9.381 6.486 8.644
66 3 1 7.596 9.360 6.517 8.623
67 3 1 7.670 9.338 6.592 8.601
68 3 1 7.723 9.359 6.645 8.621
69 3 1 7.797 9.358 6.719 8.621
70 3 1 7.850 9.357 6.772 8.620
71 3 1 7.925 9.357 6.847 8.619
72 3 1 7.956 9.356 6.879 8.619
73 3 1 8.010 9.356 6.932 8.619
74 3 1 8.062 9.334 6.985 8.597
75 3 1 8.116 9.333 7.038 8.596
76 3 1 8.169 9.333 7.091 8.596
77 3 1 8.243 9.332 7.165 8.595
78 3 1 8.296 9.332 7.218 8.595
79 3 1 8.392 9.352 7.314 8.615
80 3 1 8.445 9.330 7.367 8.593
81 3 1 8.519 9.350 7.442 8.613
82 3 1 8.593 9.329 7.516 8.592
83 3 1 8.689 9.349 7.611 8.612
84 3 1 8.742 9.327 7.664 8.590
85 3 1 8.816 9.347 7.739 8.611
86 3 1 8.890 9.347 7.813 8.610
87 3 1 8.964 9.325 7.887 8.588
88 3 1 9.039 9.345 7.962 8.608
89 3 1 9.113 9.323 8.036 8.586
90 3 1 8.911 9.336 8.217 8.627
91 3 1 8.922 9.346 8.185 8.596
92 3 1 8.996 9.345 8.259 8.595
93 3 1 9.071 9.345 8.333 8.594
94 3 1 9.155 9.344 8.418 8.593
95 3 1 9.230 9.343 8.492 8.592
96 3 1 9.314 9.342 8.577 8.592
97 3 1 9.389 9.341 8.651 8.591
98 3 1 9.463 9.341 8.726 8.590
99 3 1 9.537 9.340 8.800 8.589
100 3 1 9.611 9.339 8.874 8.589
101 3 1 9.696 9.349 8.959 8.598
102 3 1 9.770 9.358 9.033 8.608
103 3 1 9.845 9.358 9.108 8.607
105 3 1 9.855 9.368 9.076 8.576
106 3 1 9.930 9.378 9.150 8.586
107 3 1 10.014 9.366 9.235 8.574
108 3 1 10.089 9.387 9.309 8.595
109 3 1 10.173 9.386 9.394 8.594
110 3 1 10.258 9.395 9.479 8.604
111 3 1 10.332 9.395 9.553 8.603
112 3 1 10.407 9.404 9.627 8.613
113 3 1 10.481 9.404 9.701 8.612
114 3 1 10.565 9.403 9.786 8.611
115 3 1 10.640 9.402 9.860 8.610
116 3 1 10.714 9.401 9.934 8.610
117 3 1 10.798 9.400 10.019 8.609
118 3 1 10.873 9.400 10.093 8.608
120 3 1 11.391 9.394 9.999 8.725
121 3 1 11.433 9.373 10.232 8.680
122 3 1 11.455 9.383 10.189 8.649
123 3 1 11.539 9.382 10.274 8.648
124 3 1 11.603 9.382 10.337 8.648
125 3 1 11.645 9.381 10.380 8.647
126 3 1 11.709 9.380 10.443 8.647
127 3 1 11.793 9.380 10.528 8.646
128 3 1 11.857 9.358 10.591 8.624
129 3 1 11.920 9.357 10.655 8.623
130 3 1 12.004 9.335 10.739 8.602
131 3 1 12.068 9.356 10.803 8.622
132 3 1 12.110 9.334 10.845 8.600
133 3 1 12.195 9.354 10.930 8.621
134 3 1 12.258 9.333 10.993 8.599
135 3 1 12.364 9.353 11.099 8.619
136 3 1 12.681 9.286 11.238 8.744
137 3 1 12.713 9.296 11.196 8.723
138 3 1 12.765 9.275 11.248 8.702
139 3 1 12.797 9.275 11.280 8.701
140 3 1 12.850 9.253 11.333 8.680
141 3 1 12.902 9.231 11.386 8.658
142 3 1 12.976 9.231 11.460 8.657
143 3 1 13.029 9.230 11.513 8.657
144 3 1 13.082 9.230 11.565 8.656
145 3 1 13.114 9.229 11.597 8.656
146 3 1 13.167 9.229 11.650 8.655
147 3 1 13.198 9.228 11.682 8.655
148 3 1 13.073 9.366 11.967 8.579
149 3 1 13.094 9.377 11.924 8.548
150 3 1 13.147 9.365 11.977 8.537
151 3 1 12.998 9.283 12.273 8.534
152 3 1 13.009 9.293 12.241 8.502
153 3 1 13.051 9.293 12.283 8.502
154 3 1 13.083 9.293 12.315 8.502
155 3 1 13.104 9.303 12.336 8.512
156 3 1 13.146 9.292 12.379 8.501
157 3 1 13.188 9.302 12.421 8.511
158 3 1 13.231 9.302 12.463 8.511
159 3 1 13.262 9.301 12.495 8.510
160 3 1 13.536 9.235 12.337 8.649
161 3 1 13.558 9.246 12.295 8.628
162 3 1 13.600 9.245 12.337 8.628
163 3 1 13.663 9.171 12.411 8.616
164 3 1 13.684 9.181 12.369 8.596
165 3 1 13.716 9.191 12.401 8.606
166 3 1 13.705 9.213 12.580 8.604
167 3 1 13.726 9.223 12.538 8.573
168 3 1 13.758 9.223 12.569 8.573
169 3 1 13.790 9.222 12.601 8.572
170 3 1 13.843 9.222 12.654 8.572
171 3 1 13.874 9.221 12.686 8.571
172 3 1 13.906 9.221 12.717 8.571
173 3 1 13.938 9.221 12.749 8.571
174 3 1 13.991 9.241 12.802 8.591
175 3 1 14.002 9.336 12.961 8.590
176 3 1 14.023 9.346 12.929 8.559
177 3 1 14.055 9.335 12.960 8.548
178 3 1 14.107 9.324 13.013 8.537
179 3 1 14.160 9.334 13.066 8.547
180 3 1 14.192 9.323 13.098 8.536
181 3 1 14.224 9.386 13.118 8.483
182 3 1 14.245 9.407 13.076 8.452
183 3 1 14.298 9.406 13.129 8.451
184 3 1 14.330 9.406 13.160 8.451
185 3 1 14.382 9.405 13.213 8.451
186 3 1 14.414 9.384 13.245 8.429
187 3 1 14.656 9.266 13.562 8.458
188 3 1 14.677 9.276 13.519 8.427
189 3 1 14.719 9.265 13.561 8.416
190 3 1 14.804 9.275 13.542 8.594
191 3 1 14.825 9.285 13.489 8.563
192 3 1 14.867 9.274 13.531 8.553
193 3 1 15.214 9.187 13.594 8.562
194 3 1 15.246 9.197 13.541 8.531
195 3 1 15.288 9.196 13.584 8.531
196 3 1 15.351 9.196 13.647 8.530
197 3 1 15.415 9.195 13.710 8.530
198 3 1 15.436 9.195 13.731 8.529
199 3 1 15.499 9.194 13.795 8.529
200 3 1 15.541 9.194 13.837 8.528
201 3 1 15.583 9.193 13.879 8.528
202 3 1 15.277 9.123 14.217 8.546
203 3 1 15.298 9.133 14.175 8.525
204 3 1 15.340 9.133 14.217 8.525
205 3 1 15.394 9.206 14.576 8.521
206 3 1 15.404 9.216 14.544 8.490
207 3 1 15.446 9.205 14.586 8.479
208 3 1 15.499 9.194 14.639 8.468
209 3 1 15.552 9.204 14.691 8.478
210 3 1 15.604 9.193 14.744 8.467
211 3 1 15.901 9.379 14.500 8.322
212 3 1 15.933 9.400 14.458 8.281
213 3 1 15.986 9.409 14.511 8.291
214 3 1 16.059 9.398 14.584 8.279
215 3 1 16.112 9.387 14.637 8.268
216 3 1 16.165 9.397 14.690 8.278
217 3 1 16.217 9.386 14.742 8.267
218 3 1 16.270 9.396 14.795 8.277
219 3 1 16.302 9.385 14.827 8.267
220 3 1 16.354 9.374 14.879 8.256
221 3 1 16.386 9.363 14.911 8.245
222 3 1 16.439 9.373 14.964 8.255
223 3 1 16.491 9.362 15.017 8.244
224 3 1 16.544 9.372 15.069 8.254
225 3 1 16.597 9.382 15.122 8.264
226 3 1 16.649 9.392 15.175 8.274
227 3 1 16.681 9.381 15.207 8.263
228 3 1 16.734 9.412 15.259 8.294
229 3 1 16.786 9.401 15.312 8.283
230 3 1 16.860 9.432 15.386 8.314
231 3 1 16.913 9.442 15.439 8.323
232 3 1 16.966 9.452 15.492 8.333
233 3 1 16.998 9.462 15.523 8.344
234 3 1 17.072 9.493 15.598 8.374
235 3 1 16.986 9.315 15.874 8.665
236 3 1 17.007 9.325 15.832 8.634
237 3 1 17.049 9.346 15.874 8.655
238 3 1 17.029 9.399 16.295 8.556
239 3 1 17.039 9.419 16.263 8.525
240 3 1 17.081 9.430 16.305 8.535
241 3 1 17.207 9.344 16.369 8.629
242 3 1 17.218 9.355 16.327 8.598
243 3 1 17.270 9.365 16.379 8.608
244 3 1 17.503 9.425 16.159 8.705
245 3 1 17.534 9.435 16.116 8.674
246 3 1 17.576 9.445 16.159 8.684
247 3 1 17.629 9.434 16.275 8.756
248 3 1 17.661 9.444 16.233 8.725
249 3 1 17.713 9.454 16.286 8.735
250 3 1 17.724 9.465 16.518 8.785
251 3 1 17.745 9.475 16.475 8.754
252 3 1 17.798 9.485 16.528 8.764
253 3 1 17.850 9.495 16.581 8.774
254 3 1 17.882 9.484 16.612 8.763
255 3 1 17.935 9.494 16.665 8.773
256 3 1 18.061 9.472 17.013 8.780
257 3 1 18.082 9.482 16.970 8.749
258 3 1 18.124 9.482 17.012 8.748
259 3 1 18.282 9.469 17.034 8.811
260 3 1 18.303 9.480 16.992 8.780
261 3 1 18.355 9.490 17.044 8.790
262 3 1 18.408 9.500 17.097 8.800
263 3 1 18.461 9.510 17.150 8.810
264 3 1 18.513 9.519 17.203 8.820
265 3 1 18.587 9.529 17.276 8.830
266 3 1 18.640 9.539 17.329 8.840
267 3 1 18.692 9.549 17.382 8.850
268 3 1 18.745 9.559 17.434 8.859
269 3 1 18.819 9.569 17.508 8.869
270 3 1 18.872 9.600 17.561 8.900
271 3 1 18.650 9.549 18.013 8.875
272 3 1 18.661 9.560 17.982 8.843
273 3 1 18.713 9.559 18.034 8.843
274 3 1 18.756 9.569 18.076 8.853
275 3 1 18.808 9.569 18.129 8.852
276 3 1 18.861 9.579 18.182 8.862
277 3 1 18.903 9.578 18.224 8.862
278 3 1 18.966 9.588 18.287 8.872
279 3 1 19.019 9.588 18.339 8.871
280 3 1 19.082 9.587 18.402 8.871
281 3 1 19.145 9.576 18.465 8.859
282 3 1 19.208 9.575 18.529 8.859
283 3 1 19.271 9.564 18.592 8.848
284 3 1 19.323 9.563 18.644 8.847
285 3 1 19.376 9.552 18.697 8.836
286 3 1 19.439 9.541 18.760 8.825
287 3 1 19.480 9.530 18.801 8.814
288 3 1 19.533 9.530 18.854 8.814
289 3 1 19.564 9.519 18.885 8.803
290 3 1 19.617 9.508 18.938 8.792
291 3 1 19.659 9.497 18.980 8.781
292 3 1 19.711 9.486 19.032 8.770
293 3 1 19.764 9.475 19.085 8.759
294 3 1 19.795 9.464 19.116 8.748
295 3 1 19.858 9.463 19.179 8.747
296 3 1 19.910 9.452 19.232 8.736
297 3 1 19.952 9.442 19.274 8.726
298 3 1 20.015 9.430 19.337 8.714
300 3 1 20.068 9.419 19.389 8.703
301 3 1 20.321 9.521 19.306 8.830
302 3 1 20.342 9.532 19.274 8.799
303 3 1 20.394 9.531 19.327 8.798
304 3 1 20.530 9.435 19.516 8.838
305 3 1 20.551 9.446 19.485 8.818
306 3 1 20.603 9.445 19.537 8.817
307 3 1 20.666 9.434 19.600 8.806
308 3 1 20.708 9.434 19.642 8.806
309 3 1 20.750 9.412 19.684 8.784
310 3 1 20.802 9.412 19.736 8.784
311 3 1 20.834 9.401 19.768 8.773
312 3 1 20.886 9.390 19.820 8.762
313 3 1 20.928 9.400 19.862 8.772
314 3 1 20.981 9.389 19.915 8.761
315 3 1 21.033 9.388 19.967 8.760
316 3 1 21.075 9.388 20.009 8.760
317 3 1 21.117 9.377 20.051 8.749
318 3 1 21.169 9.355 20.103 8.728
319 3 1 21.232 9.344 20.166 8.716
320 3 1 21.284 9.333 20.219 8.705
321 3 1 21.316 9.312 20.250 8.684
322 3 1 21.368 9.301 20.302 8.673
323 3 1 21.410 9.290 20.344 8.662
324 3 1 21.452 9.279 20.386 8.651
326 3 1 21.494 9.279 20.428 8.651
327 3 1 21.663 9.476 20.764 8.648
328 3 1 21.684 9.497 20.732 8.617
329 3 1 21.726 9.486 20.774 8.606
330 3 1 21.768 9.496 20.816 8.616
331 3 1 21.810 9.485 20.858 8.605
332 3 1 21.904 9.400 20.816 8.605
333 3 1 21.925 9.410 20.774 8.574
334 3 1 21.967 9.410 20.816 8.574
335 3 1 22.030 9.409 20.879 8.573
336 3 1 22.072 9.430 20.921 8.594
337 3 1 22.135 9.450 20.984 8.614
338 3 1 22.198 9.449 21.047 8.613
339 3 1 22.240 9.470 21.089 8.634
340 3 1 22.282 9.490 21.131 8.654
341 3 1 22.324 9.490 21.173 8.654
342 3 1 22.387 9.510 21.236 8.674
343 3 1 22.429 9.531 21.278 8.695
344 3 1 22.471 9.530 21.320 8.694
345 3 1 22.534 9.530 21.383 8.694
346 3 1 22.576 9.550 21.425 8.714
347 3 1 22.618 9.571 21.468 8.735
348 3 1 22.660 9.549 21.509 8.713
349 3 1 22.702 9.570 21.551 8.734
350 3 1 22.743 9.548 21.593 8.713
351 3 1 22.765 9.569 21.614 8.733
352 3 1 22.827 9.568 21.677 8.733
353 3 1 22.764 9.485 21.718 8.659
354 3 1 22.785 9.506 21.676 8.628
355 3 1 22.827 9.516 21.718 8.638
356 3 1 22.910 9.452 22.096 8.634
357 3 1 22.921 9.463 22.064 8.593
358 3 1 22.963 9.462 22.106 8.592
359 3 1 22.994 9.462 22.137 8.592
360 3 1 23.025 9.472 22.169 8.602
361 3 1 23.067 9.472 22.211 8.602
362 3 1 23.184 9.617 22.211 8.612
363 3 1 23.205 9.638 22.179 8.581
364 3 1 23.236 9.637 22.210 8.581
365 3 1 23.203 9.449 22.294 8.601
366 3 1 23.224 9.470 22.263 8.570
367 3 1 23.256 9.459 22.294 8.559
368 3 1 23.445 9.510 22.346 8.496
369 3 1 23.466 9.530 22.304 8.465
370 3 1 23.497 9.520 22.335 8.454
371 3 1 23.465 9.478 22.335 8.517
372 3 1 23.486 9.499 22.293 8.486
373 3 1 23.528 9.498 22.335 8.485
374 3 1 23.507 9.425 22.451 8.547
375 3 1 23.528 9.446 22.409 8.516
376 3 1 23.559 9.446 22.440 8.516
377 3 1 23.684 9.350 22.661 8.649
378 3 1 23.705 9.360 22.630 8.618
379 3 1 23.747 9.350 22.672 8.607
380 3 1 23.788 9.307 22.913 8.657
381 3 1 23.809 9.318 22.881 8.626
382 3 1 23.840 9.307 22.913 8.615
383 3 1 23.871 9.223 23.060 8.666
384 3 1 23.882 9.233 23.028 8.646
385 3 1 23.902 9.222 23.049 8.635
386 3 1 24.101 9.231 22.944 8.594
387 3 1 24.122 9.241 22.902 8.563
388 3 1 24.154 9.230 22.933 8.552
389 3 1 24.185 9.220 22.964 8.542
390 3 1 24.195 9.188 22.974 8.510
391 3 1 24.247 9.177 23.027 8.499
392 3 1 24.166 9.418 22.889 8.396
393 3 1 24.197 9.439 22.847 8.355
394 3 1 24.239 9.418 22.889 8.333
395 3 1 24.260 9.397 22.910 8.312
396 3 1 24.302 9.396 22.952 8.312
397 3 1 24.322 9.375 22.972 8.291
398 3 1 24.343 9.354 22.993 8.269
399 3 1 24.385 9.332 23.035 8.248
400 3 1 24.405 9.311 23.055 8.227
401 3 1 24.405 9.290 23.055 8.206
402 3 1 24.426 9.290 23.076 8.206
403 3 1 24.468 9.269 23.118 8.185
404 3 1 24.488 9.248 23.139 8.163
405 3 1 24.488 9.248 23.139 8.163
406 3 1 24.509 9.227 23.159 8.142
407 3 1 24.551 9.226 23.201 8.142
408 3 1 24.593 9.205 23.243 8.121
409 3 1 24.614 9.205 23.264 8.120
410 3 1 24.634 9.204 23.285 8.120
411 3 1 24.676 9.183 23.326 8.099
412 3 1 24.718 9.183 23.368 8.098
413 3 1 24.760 9.161 23.410 8.077
414 3 1 24.780 9.161 23.431 8.077
415 3 1 24.801 9.161 23.452 8.077
416 3 1 24.843 9.140 23.493 8.055
417 3 1 24.864 9.139 23.514 8.055
418 3 1 24.885 9.139 23.535 8.055
419 3 1 24.927 9.139 23.577 8.055
420 3 1 24.968 9.138 23.619 8.054
421 3 1 24.989 9.138 23.640 8.054
422 3 1 24.965 8.793 24.164 8.132
423 3 1 24.976 8.804 24.132 8.101
424 3 1 24.996 8.803 24.153 8.101
425 3 1 25.028 8.803 24.184 8.101
426 3 1 25.059 8.803 24.216 8.101
427 3 1 25.080 8.803 24.237 8.100
428 3 1 25.111 8.802 24.268 8.100
429 3 1 25.143 8.802 24.299 8.100
430 3 1 25.164 8.791 24.320 8.089
431 3 1 25.195 8.801 24.352 8.099
432 3 1 25.226 8.791 24.383 8.088
0 4 1 3.920 10.190 3.021 9.608
1 4 1 3.952 10.210 3.010 9.608
2 4 1 3.974 10.210 3.032 9.608
3 4 1 3.995 10.220 3.053 9.618
4 4 1 4.016 10.220 3.074 9.618
5 4 1 4.048 10.230 3.106 9.628
6 4 1 4.059 10.230 3.117 9.628
7 4 1 4.080 10.241 3.139 9.638
8 4 1 4.102 10.240 3.160 9.638
9 4 1 4.112 10.251 3.171 9.649
10 4 1 4.134 10.251 3.192 9.648
11 4 1 4.155 10.261 3.213 9.659
12 4 1 4.166 10.261 3.224 9.659
13 4 1 4.187 10.271 3.245 9.669
14 4 1 4.198 10.271 3.256 9.669
16 4 1 4.219 10.281 3.224 9.648
17 4 1 4.240 10.281 3.245 9.648
18 4 1 4.262 10.281 3.267 9.648
19 4 1 4.294 10.281 3.298 9.647
20 4 1 4.304 10.291 3.309 9.658
21 4 1 4.347 10.280 3.352 9.647
22 4 1 4.379 10.290 3.384 9.657
23 4 1 4.400 10.279 3.405 9.646
24 4 1 4.432 10.290 3.437 9.656
25 4 1 4.475 10.279 3.480 9.645
26 4 1 4.518 10.289 3.522 9.655
27 4 1 4.560 10.278 3.565 9.644
28 4 1 4.603 10.288 3.608 9.655
29 4 1 4.645 10.277 3.650 9.644
30 4 1 4.624 10.309 3.640 9.675
31 4 1 4.646 10.319 3.608 9.644
32 4 1 4.677 10.319 3.640 9.644
33 4 1 4.699 10.318 3.661 9.643
34 4 1 4.731 10.318 3.693 9.643
35 4 1 4.763 10.318 3.725 9.643
36 4 1 4.784 10.318 3.746 9.643
37 4 1 4.816 10.317 3.778 9.642
38 4 1 4.858 10.317 3.821 9.642
39 4 1 4.890 10.316 3.853 9.641
40 4 1 4.912 10.316 3.874 9.641
41 4 1 4.954 10.316 3.917 9.641
42 4 1 4.986 10.315 3.949 9.640
43 4 1 5.029 10.325 3.991 9.651
44 4 1 5.072 10.336 4.034 9.661
45 4 1 5.103 10.335 4.066 9.660
46 4 1 5.136 10.345 4.098 9.671
47 4 1 5.189 10.345 4.151 9.670
48 4 1 5.221 10.344 4.183 9.670
49 4 1 5.274 10.354 4.237 9.680
50 4 1 5.295 10.354 4.258 9.679
51 4 1 5.338 10.354 4.300 9.679
52 4 1 5.370 10.364 4.332 9.689
53 4 1 5.412 10.353 4.375 9.678
54 4 1 5.444 10.353 4.407 9.678
55 4 1 5.466 10.352 4.428 9.678
56 4 1 5.497 10.341 4.460 9.667
57 4 1 5.540 10.341 4.503 9.666
58 4 1 5.572 10.330 4.535 9.655
59 4 1 5.593 10.330 4.556 9.655
60 4 1 5.667 10.255 4.801 9.684
61 4 1 5.688 10.266 4.769 9.663
62 4 1 5.720 10.255 4.801 9.653
63 4 1 5.763 10.244 4.843 9.642
64 4 1 5.805 10.233 4.886 9.631
65 4 1 5.848 10.232 4.928 9.630
66 4 1 5.890 10.221 4.971 9.619
67 4 1 5.922 10.210 5.003 9.608
68 4 1 5.965 10.199 5.045 9.597
69 4 1 6.007 10.188 5.088 9.586
70 4 1 6.049 10.177 5.130 9.575
71 4 1 6.081 10.166 5.162 9.564
72 4 1 6.113 10.156 5.194 9.554
73 4 1 6.145 10.155 5.226 9.553
74 4 1 6.177 10.144 5.258 9.542
75 4 1 6.209 10.133 5.290 9.531
76 4 1 6.230 10.133 5.311 9.531
77 4 1 6.262 10.122 5.343 9.520
78 4 1 6.294 10.111 5.375 9.509
79 4 1 6.336 10.111 5.417 9.509
80 4 1 6.368 10.100 5.449 9.498
81 4 1 6.400 10.100 5.481 9.498
82 4 1 6.442 10.099 5.524 9.497
83 4 1 6.485 10.109 5.566 9.507
84 4 1 6.517 10.109 5.598 9.507
85 4 1 6.570 10.108 5.651 9.507
86 4 1 6.613 10.108 5.694 9.506
88 4 1 6.634 10.118 5.662 9.485
89 4 1 6.676 10.118 5.704 9.485
90 4 1 6.761 10.096 5.790 9.495
91 4 1 6.783 10.106 5.757 9.474
92 4 1 6.815 10.106 5.789 9.474
93 4 1 6.857 10.105 5.832 9.473
94 4 1 6.889 10.105 5.864 9.473
95 4 1 6.921 10.094 5.896 9.462
96 4 1 6.963 10.073 5.938 9.440
97 4 1 6.995 10.072 5.970 9.440
99 4 1 7.016 10.083 5.938 9.409
100 4 1 7.059 10.082 5.980 9.408
101 4 1 7.091 10.071 6.012 9.397
102 4 1 7.144 10.071 6.065 9.397
103 4 1 7.176 10.070 6.097 9.397
105 4 1 7.271 10.059 6.193 9.385
106 4 1 7.314 10.058 6.235 9.385
107 4 1 7.367 10.058 6.289 9.384
108 4 1 7.420 10.057 6.342 9.383
109 4 1 7.452 10.046 6.374 9.373
110 4 1 7.505 10.046 6.427 9.372
111 4 1 7.537 10.045 6.459 9.372
112 4 1 7.590 10.045 6.512 9.371
113 4 1 7.622 10.045 6.544 9.371
114 4 1 7.675 10.044 6.597 9.370
115 4 1 7.707 10.044 6.629 9.370
117 4 1 7.877 10.116 6.821 9.494
118 4 1 7.898 10.126 6.778 9.463
120 4 1 8.005 10.135 6.885 9.473
121 4 1 8.015 10.083 7.107 9.439
122 4 1 8.036 10.093 7.075 9.407
123 4 1 8.089 10.092 7.128 9.407
124 4 1 8.153 10.102 7.192 9.417
125 4 1 8.217 10.101 7.256 9.416
126 4 1 8.291 10.101 7.330 9.415
127 4 1 8.365 10.110 7.405 9.425
129 4 1 8.450 10.131 7.490 9.445
130 4 1 8.694 10.086 7.150 9.470
131 4 1 8.726 10.096 7.097 9.439
132 4 1 8.790 10.085 7.160 9.428
133 4 1 8.875 10.094 7.246 9.437
134 4 1 8.959 10.083 7.330 9.426
135 4 1 9.044 10.072 7.415 9.414
136 4 1 9.150 10.081 7.522 9.424
137 4 1 9.256 10.090 7.628 9.433
138 4 1 9.341 10.079 7.713 9.422
139 4 1 9.447 10.067 7.819 9.410
140 4 1 9.532 10.077 7.904 9.420
141 4 1 9.617 10.065 7.989 9.409
142 4 1 9.701 10.054 8.074 9.397
143 4 1 9.808 10.063 8.180 9.407
144 4 1 9.893 10.094 8.265 9.437
145 4 1 9.977 10.104 8.350 9.447
146 4 1 10.062 10.134 8.435 9.478
147 4 1 10.169 10.165 8.541 9.508
148 4 1 10.275 10.195 8.648 9.539
149 4 1 10.381 10.205 8.754 9.548
150 4 1 10.487 10.235 8.860 9.578
151 4 1 10.572 10.266 8.945 9.609
152 4 1 10.606 10.613 9.316 9.553
153 4 1 10.638 10.633 9.273 9.511
155 4 1 10.766 10.685 9.401 9.562
156 4 1 10.872 10.736 9.507 9.614
157 4 1 11.093 10.523 9.934 9.978
159 4 1 11.114 10.533 9.892 9.957
160 4 1 11.220 10.553 9.998 9.977
161 4 1 11.337 10.573 10.114 9.997
162 4 1 11.760 10.568 9.987 10.019
163 4 1 11.803 10.579 9.934 9.999
164 4 1 11.909 10.609 10.040 10.029
165 4 1 12.014 10.618 10.146 10.039
166 4 1 12.142 10.648 10.274 10.069
167 4 1 12.226 10.658 10.359 10.079
168 4 1 12.311 10.689 10.444 10.109
169 4 1 12.417 10.698 10.550 10.119
170 4 1 12.523 10.749 10.656 10.170
171 4 1 12.650 10.759 10.783 10.179
172 4 1 12.777 10.789 10.910 10.209
173 4 1 12.883 10.798 11.016 10.219
174 4 1 12.989 10.807 11.122 10.228
175 4 1 13.095 10.817 11.228 10.238
176 4 1 13.200 10.826 11.334 10.247
177 4 1 13.285 10.857 11.419 10.278
178 4 1 13.370 10.887 11.504 10.308
179 4 1 13.434 10.918 11.568 10.339
180 4 1 13.540 10.949 11.674 10.370
181 4 1 13.624 10.958 11.759 10.379
182 4 1 13.730 10.946 11.864 10.367
183 4 1 13.856 10.934 11.991 10.356
184 4 1 13.921 11.112 12.593 10.223
185 4 1 13.953 11.133 12.551 10.192
186 4 1 14.037 11.122 12.635 10.180
187 4 1 14.143 11.110 12.741 10.169
188 4 1 14.206 11.120 12.804 10.179
189 4 1 14.333 11.108 12.931 10.167
190 4 1 14.418 11.117 13.016 10.176
191 4 1 14.481 11.106 13.079 10.165
192 4 1 14.523 11.137 13.121 10.196
193 4 1 14.566 11.168 13.164 10.227
194 4 1 14.629 11.178 13.227 10.237
195 4 1 14.714 11.188 13.312 10.247
196 4 1 14.873 11.270 13.684 10.505
197 4 1 14.894 11.280 13.641 10.474
198 4 1 14.968 11.311 13.716 10.505
199 4 1 15.021 11.321 13.769 10.515
200 4 1 15.095 11.351 13.843 10.546
201 4 1 15.148 11.361 13.896 10.556
202 4 1 15.222 11.413 13.832 10.493
203 4 1 15.254 11.434 13.789 10.462
205 4 1 15.317 11.454 13.853 10.483
206 4 1 15.402 11.474 13.937 10.503
207 4 1 15.465 11.494 14.001 10.523
208 4 1 15.487 11.494 14.022 10.523
209 4 1 15.518 11.515 13.980 10.492
210 4 1 15.592 11.503 14.053 10.480
211 4 1 15.645 11.492 14.106 10.469
212 4 1 15.697 11.481 14.159 10.458
213 4 1 15.771 11.470 14.233 10.447
214 4 1 15.993 11.488 14.687 10.547
215 4 1 16.025 11.509 14.645 10.516
216 4 1 16.088 11.508 14.708 10.515
217 4 1 16.151 11.508 14.772 10.515
218 4 1 16.214 11.486 14.835 10.493
219 4 1 16.278 11.506 14.898 10.513
220 4 1 16.341 11.484 14.961 10.491
221 4 1 16.383 11.505 15.004 10.512
222 4 1 16.425 11.483 15.046 10.491
223 4 1 16.425 11.525 15.046 10.533
224 4 1 16.488 11.525 15.109 10.532
225 4 1 16.573 11.545 15.194 10.552
226 4 1 16.636 11.544 15.257 10.551
227 4 1 16.678 11.544 15.299 10.551
228 4 1 16.720 11.543 15.342 10.550
229 4 1 16.784 11.542 15.405 10.550
230 4 1 16.847 11.563 15.468 10.570
231 4 1 16.910 11.583 15.532 10.590
232 4 1 16.974 11.603 15.595 10.611
234 4 1 17.016 11.624 15.638 10.631
235 4 1 17.079 11.623 15.701 10.630
236 4 1 17.143 11.643 15.764 10.651
237 4 1 17.206 11.685 15.828 10.692
238 4 1 17.236 11.464 15.785 10.661
239 4 1 17.289 11.495 15.838 10.692
240 4 1 17.341 11.484 15.891 10.681
241 4 1 17.394 11.493 15.944 10.691
242 4 1 17.426 11.504 15.976 10.701
243 4 1 17.479 11.514 16.028 10.711
244 4 1 17.742 11.552 16.632 11.040
245 4 1 17.763 11.563 16.590 11.020
246 4 1 17.816 11.573 16.642 11.030
248 4 1 17.890 11.572 16.716 11.029
249 4 1 17.964 11.592 16.790 11.049
250 4 1 18.037 11.602 16.864 11.059
251 4 1 18.111 11.622 16.938 11.079
275 4 1 19.496 12.403 18.427 11.650
276 4 1 19.517 12.413 18.385 11.619
277 4 1 19.580 12.434 18.448 11.639
278 4 1 19.622 12.433 18.490 11.638
279 4 1 19.686 12.453 18.553 11.659
280 4 1 19.749 12.473 18.617 11.679
281 4 1 19.791 12.473 18.659 11.678
282 4 1 19.854 12.493 18.722 11.699
283 4 1 19.938 12.513 18.806 11.719
284 4 1 20.001 12.512 18.869 11.718
285 4 1 20.044 12.533 18.912 11.738
286 4 1 20.107 12.553 18.975 11.759
287 4 1 20.191 12.531 19.059 11.737
288 4 1 20.233 12.552 19.101 11.757
289 4 1 20.275 12.551 19.143 11.757
290 4 1 20.317 12.551 19.185 11.756
291 4 1 20.359 12.550 19.227 11.756
292 4 1 20.422 12.549 19.290 11.755
293 4 1 20.443 12.570 19.312 11.776
294 4 1 20.527 12.590 19.396 11.796
295 4 1 20.590 12.589 19.459 11.795
296 4 1 20.632 12.589 19.501 11.795
297 4 1 20.695 12.588 19.564 11.794
298 4 1 20.779 12.587 19.648 11.793
300 4 1 20.842 12.586 19.711 11.792
301 4 1 20.884 12.586 19.753 11.792
302 4 1 20.926 12.585 19.795 11.791
303 4 1 20.989 12.606 19.858 11.811
304 4 1 21.074 12.647 19.943 11.852
305 4 1 21.085 12.730 20.082 12.092
306 4 1 21.127 12.719 20.270 12.069
307 4 1 21.148 12.729 20.239 12.038
308 4 1 21.190 12.729 20.281 12.037
309 4 1 21.242 12.718 20.333 12.026
310 4 1 21.295 12.707 20.385 12.015
311 4 1 21.358 12.706 20.448 12.014
312 4 1 21.421 12.695 20.511 12.003
313 4 1 21.483 12.694 20.574 12.002
314 4 1 21.546 12.683 20.637 11.991
316 4 1 21.609 12.682 20.700 11.990
317 4 1 21.662 12.671 20.753 11.979
318 4 1 21.714 12.660 20.805 11.968
319 4 1 21.766 12.649 20.857 11.957
320 4 1 21.808 12.648 20.899 11.957
321 4 1 21.861 12.637 20.952 11.946
322 4 1 21.882 12.647 20.920 11.915
323 4 1 21.913 12.647 20.951 11.914
324 4 1 21.945 12.647 20.983 11.914
326 4 1 22.029 12.646 21.067 11.913
327 4 1 22.081 12.645 21.119 11.912
328 4 1 22.123 12.644 21.161 11.912
329 4 1 22.175 12.644 21.214 11.911
330 4 1 22.238 12.654 21.277 11.921
331 4 1 22.301 12.653 21.340 11.920
332 4 1 22.354 12.652 21.392 11.920
333 4 1 22.396 12.652 21.434 11.919
334 4 1 22.438 12.651 21.476 11.919
335 4 1 22.490 12.651 21.529 11.918
336 4 1 22.552 12.545 21.666 12.063
337 4 1 22.573 12.555 21.635 12.042
338 4 1 22.615 12.565 21.677 12.052
339 4 1 22.908 12.541 21.865 11.946
340 4 1 22.929 12.551 21.822 11.925
341 4 1 22.961 12.551 21.854 11.925
342 4 1 23.003 12.561 21.896 11.935
343 4 1 23.044 12.550 21.938 11.924
344 4 1 23.086 12.560 21.980 11.934
345 4 1 23.128 12.549 22.022 11.923
346 4 1 23.170 12.559 22.064 11.933
347 4 1 23.223 12.548 22.116 11.922
348 4 1 23.275 12.557 22.169 11.931
349 4 1 23.327 12.546 22.221 11.920
350 4 1 23.380 12.556 22.273 11.930
351 4 1 23.432 12.545 22.326 11.919
352 4 1 23.484 12.544 22.378 11.919
353 4 1 23.526 12.544 22.420 11.918
354 4 1 23.568 12.543 22.462 11.918
355 4 1 23.610 12.553 22.504 11.928
356 4 1 23.652 12.542 22.546 11.917
357 4 1 23.694 12.542 22.588 11.916
358 4 1 23.725 12.552 22.619 11.926
359 4 1 23.767 12.541 22.661 11.915
360 4 1 23.653 12.668 23.050 12.026
361 4 1 23.664 12.678 23.029 11.995
362 4 1 23.706 12.678 23.071 11.994
363 4 1 23.748 12.688 23.113 12.004
364 4 1 23.790 12.698 23.155 12.014
365 4 1 23.831 12.697 23.196 12.014
366 4 1 23.842 12.655 22.757 12.092
367 4 1 23.863 12.666 22.715 12.072
369 4 1 23.904 12.665 22.757 12.071
370 4 1 23.957 12.664 22.809 12.071
371 4 1 24.009 12.664 22.862 12.070
372 4 1 24.051 12.674 22.904 12.080
373 4 1 24.093 12.673 22.946 12.080
374 4 1 24.124 12.673 22.977 12.079
375 4 1 24.324 12.702 23.270 11.992
376 4 1 24.345 12.712 23.227 11.961
377 4 1 24.376 12.712 23.259 11.961
378 4 1 24.408 12.732 23.290 11.981
379 4 1 24.439 12.711 23.322 11.960
380 4 1 24.470 12.732 23.353 11.981
381 4 1 24.502 12.731 23.385 11.980
382 4 1 24.533 12.731 23.416 11.980
383 4 1 24.565 12.731 23.448 11.979
384 4 1 24.596 12.730 23.479 11.979
385 4 1 24.648 12.730 23.531 11.979
386 4 1 24.680 12.729 23.563 11.978
387 4 1 24.732 12.729 23.615 11.978
388 4 1 24.763 12.728 23.646 11.977
389 4 1 24.816 12.728 23.699 11.977
390 4 1 24.847 12.727 23.730 11.976
391 4 1 24.899 12.727 23.783 11.976
392 4 1 24.931 12.726 23.814 11.975
393 4 1 24.983 12.725 23.866 11.975
394 4 1 24.993 12.725 23.877 11.974
395 4 1 25.045 12.704 23.929 11.953
396 4 1 25.056 12.725 23.940 11.974
397 4 1 24.983 12.715 24.129 12.066
398 4 1 25.004 12.725 24.097 12.035
399 4 1 25.025 12.725 24.118 12.034
400 4 1 25.056 12.725 24.150 12.034
401 4 1 25.088 12.735 24.181 12.044
402 4 1 25.119 12.734 24.212 12.044
403 4 1 25.150 12.744 24.244 12.054
404 4 1 25.182 12.744 24.275 12.054
405 4 1 25.224 12.744 24.317 12.053
406 4 1 25.255 12.754 24.349 12.063
407 4 1 25.297 12.753 24.391 12.063
408 4 1 25.328 12.753 24.422 12.062
409 4 1 25.359 12.637 24.809 12.100
410 4 1 25.369 12.648 24.788 12.079
411 4 1 25.400 12.647 24.820 12.079
412 4 1 25.432 12.657 24.851 12.089
413 4 1 25.453 12.668 24.872 12.099
414 4 1 25.474 12.657 24.893 12.088
415 4 1 25.505 12.667 24.924 12.098
416 4 1 25.536 12.656 24.956 12.088
417 4 1 25.547 12.666 24.966 12.098
418 4 1 25.578 12.656 24.998 12.087
419 4 1 25.599 12.655 25.018 12.087
420 4 1 25.620 12.655 25.039 12.087
421 4 1 25.641 12.644 25.060 12.076
422 4 1 25.662 12.634 25.081 12.065
423 4 1 25.693 12.633 25.112 12.065
424 4 1 25.724 12.622 25.144 12.054
425 4 1 25.745 12.612 25.164 12.043
426 4 1 25.776 12.601 25.196 12.032
427 4 1 25.936 12.913 24.745 11.943
428 4 1 25.957 12.934 24.703 11.913
429 4 1 25.999 12.923 24.745 11.902
430 4 1 26.020 12.912 24.766 11.891
431 4 1 26.041 12.901 24.786 11.880
432 4 1 26.082 12.890 24.828 11.869
104 4 1 7.229 10.070 6.150 9.396
119 4 1 7.951 10.125 6.831 9.463
325 4 1 21.997 12.646 21.035 11.913
31 5 2 35.812 6.022 33.708 4.886
32 5 2 35.740 6.043 33.636 4.908
33 5 2 35.668 6.085 33.563 4.950
34 5 2 35.575 6.107 33.470 4.972
35 5 2 35.503 6.149 33.398 5.014
36 5 2 35.411 6.171 33.305 5.035
37 5 2 35.339 6.213 33.233 5.078
38 5 2 35.246 6.255 33.140 5.120
39 5 2 35.174 6.298 33.068 5.162
40 5 2 35.081 6.340 32.975 5.205
41 5 2 35.009 6.362 32.903 5.226
42 5 2 34.916 6.404 32.810 5.268
43 5 2 34.844 6.425 32.738 5.290
44 5 2 34.751 6.468 32.645 5.332
45 5 2 34.659 6.490 32.552 5.354
46 5 2 34.566 6.532 32.459 5.396
47 5 2 34.473 6.554 32.366 5.418
48 5 2 34.380 6.596 32.273 5.460
49 5 2 34.287 6.618 32.180 5.482
50 5 2 34.174 6.660 32.066 5.525
51 5 2 34.081 6.703 31.973 5.567
52 5 2 33.988 6.725 31.880 5.589
53 5 2 33.895 6.767 31.787 5.631
54 5 2 33.781 6.789 31.673 5.653
55 5 2 33.688 6.831 31.580 5.695
56 5 2 33.575 6.853 31.466 5.717
57 5 2 33.482 6.896 31.373 5.760
58 5 2 33.368 6.918 31.259 5.781
59 5 2 33.275 6.960 31.166 5.824
60 5 2 33.090 7.139 31.082 5.783
61 5 2 33.132 7.170 31.019 5.742
62 5 2 33.039 7.202 30.926 5.774
63 5 2 32.946 7.213 30.833 5.785
64 5 2 32.832 7.245 30.719 5.817
65 5 2 32.739 7.277 30.626 5.849
66 5 2 32.646 7.309 30.532 5.882
67 5 2 32.553 7.321 30.439 5.893
68 5 2 32.439 7.353 30.325 5.925
69 5 2 32.346 7.364 30.232 5.936
70 5 2 32.232 7.397 30.118 5.969
71 5 2 32.139 7.429 30.024 6.001
72 5 2 32.004 7.461 29.889 6.033
73 5 2 31.911 7.473 29.796 6.044
74 5 2 31.797 7.505 29.682 6.077
75 5 2 31.704 7.537 29.589 6.109
76 5 2 31.590 7.570 29.474 6.141
77 5 2 31.476 7.581 29.360 6.152
78 5 2 31.362 7.634 29.246 6.206
79 5 2 31.248 7.646 29.132 6.217
80 5 2 31.134 7.678 29.018 6.249
81 5 2 31.041 7.710 28.924 6.281
82 5 2 30.927 7.743 28.810 6.314
83 5 2 30.813 7.775 28.696 6.346
84 5 2 30.699 7.807 28.582 6.378
85 5 2 30.605 7.819 28.488 6.390
86 5 2 30.471 7.872 28.353 6.443
87 5 2 30.377 7.883 28.260 6.454
88 5 2 30.243 7.937 28.125 6.508
89 5 2 30.149 7.948 28.031 6.519
90 5 2 29.805 7.847 27.887 6.708
91 5 2 29.847 7.868 27.824 6.667
92 5 2 29.743 7.890 27.720 6.689
93 5 2 29.639 7.953 27.617 6.752
94 5 2 29.515 7.975 27.492 6.774
95 5 2 29.390 8.018 27.367 6.817
96 5 2 29.286 8.040 27.263 6.839
97 5 2 29.162 8.062 27.138 6.861
98 5 2 29.037 8.105 27.013 6.904
99 5 2 28.934 8.148 26.910 6.947
100 5 2 28.809 8.170 26.785 6.969
101 5 2 28.684 8.192 26.660 6.991
102 5 2 28.580 8.235 26.556 7.033
103 5 2 28.456 8.278 26.431 7.076
105 5 2 28.206 8.343 26.181 7.141
106 5 2 28.082 8.365 26.056 7.163
107 5 2 27.978 8.429 25.952 7.227
108 5 2 27.853 8.451 25.827 7.249
109 5 2 27.728 8.494 25.702 7.292
110 5 2 27.625 8.537 25.598 7.335
111 5 2 27.500 8.580 25.473 7.378
112 5 2 27.375 8.623 25.348 7.421
113 5 2 27.250 8.666 25.223 7.464
114 5 2 27.126 8.709 25.099 7.507
115 5 2 27.001 8.752 24.974 7.550
116 5 2 26.876 8.795 24.849 7.593
117 5 2 26.751 8.838 24.724 7.636
118 5 2 26.627 8.881 24.599 7.679
120 5 2 26.294 9.010 24.381 7.859
121 5 2 26.336 9.030 24.318 7.817
122 5 2 26.221 9.063 24.203 7.850
123 5 2 26.107 9.137 24.089 7.924
124 5 2 25.972 9.170 23.953 7.957
125 5 2 25.857 9.223 23.838 8.010
126 5 2 25.480 9.112 23.956 8.239
127 5 2 25.512 9.133 23.903 8.208
128 5 2 25.408 9.175 23.799 8.251
129 5 2 25.262 9.219 23.653 8.294
130 5 2 25.158 9.262 23.548 8.337
131 5 2 25.012 9.305 23.402 8.380
132 5 2 24.908 9.348 23.298 8.423
133 5 2 24.762 9.391 23.152 8.467
134 5 2 24.658 9.434 23.048 8.509
135 5 2 24.533 9.477 22.922 8.553
136 5 2 24.407 9.520 22.797 8.596
137 5 2 24.282 9.564 22.672 8.639
138 5 2 24.157 9.607 22.547 8.682
139 5 2 24.032 9.650 22.421 8.725
140 5 2 23.907 9.714 22.296 8.789
141 5 2 23.782 9.778 22.171 8.853
142 5 2 23.657 9.821 22.046 8.896
143 5 2 23.532 9.864 21.920 8.939
144 5 2 23.407 9.929 21.795 9.004
145 5 2 23.282 9.993 21.670 9.068
146 5 2 23.157 10.036 21.544 9.111
147 5 2 23.052 10.100 21.440 9.175
148 5 2 22.948 10.164 21.336 9.239
149 5 2 22.802 10.207 21.189 9.282
150 5 2 22.658 10.523 20.790 9.202
151 5 2 22.701 10.554 20.737 9.161
152 5 2 22.596 10.607 20.633 9.214
153 5 2 22.471 10.661 20.507 9.268
154 5 2 22.346 10.715 20.382 9.322
155 5 2 22.221 10.768 20.256 9.375
156 5 2 22.095 10.843 20.131 9.450
157 5 2 21.991 10.897 20.026 9.504
158 5 2 21.866 10.950 19.901 9.557
159 5 2 21.740 11.004 19.775 9.611
160 5 2 21.615 11.079 19.650 9.686
161 5 2 21.490 11.112 19.524 9.718
162 5 2 21.143 11.021 19.622 10.042
163 5 2 21.174 11.042 19.569 10.011
164 5 2 21.059 11.085 19.454 10.055
165 5 2 20.881 11.139 19.234 10.204
166 5 2 20.913 11.160 19.182 10.173
167 5 2 20.798 11.203 19.066 10.216
168 5 2 20.631 11.289 18.994 10.395
169 5 2 20.662 11.310 18.941 10.364
170 5 2 20.558 11.353 18.837 10.407
171 5 2 20.149 11.389 18.448 10.495
172 5 2 20.191 11.409 18.396 10.465
173 5 2 20.107 11.452 18.312 10.507
174 5 2 19.982 11.558 18.239 10.624
175 5 2 20.024 11.579 18.186 10.593
176 5 2 19.941 11.622 18.102 10.636
177 5 2 19.584 11.741 18.092 10.615
178 5 2 19.616 11.762 18.039 10.573
179 5 2 19.532 11.784 17.955 10.595
180 5 2 19.481 11.889 17.598 10.736
181 5 2 19.523 11.910 17.545 10.694
182 5 2 19.450 11.942 17.472 10.726
183 5 2 19.376 11.974 17.398 10.759
184 5 2 19.324 11.985 17.346 10.770
185 5 2 19.251 12.018 17.272 10.802
186 5 2 19.198 12.029 17.220 10.813
187 5 2 19.125 12.040 17.146 10.824
188 5 2 19.072 12.051 17.094 10.836
189 5 2 18.999 12.063 17.020 10.847
190 5 2 18.946 12.074 16.967 10.858
191 5 2 18.894 12.085 16.915 10.869
192 5 2 18.841 12.096 16.862 10.880
193 5 2 18.789 12.107 16.810 10.891
194 5 2 18.736 12.118 16.757 10.902
195 5 2 18.684 12.129 16.705 10.913
196 5 2 18.631 12.119 16.652 10.903
197 5 2 18.579 12.152 16.599 10.936
198 5 2 18.547 12.141 16.568 10.925
199 5 2 18.495 12.153 16.515 10.936
200 5 2 18.463 12.142 16.483 10.926
201 5 2 18.410 12.153 16.431 10.937
202 5 2 18.358 12.144 16.378 10.927
203 5 2 18.305 12.155 16.325 10.939
204 5 2 18.274 12.166 16.294 10.949
205 5 2 18.221 12.177 16.241 10.961
206 5 2 18.211 12.166 16.231 10.950
207 5 2 18.158 12.177 16.178 10.961
208 5 2 18.127 12.188 16.147 10.972
209 5 2 18.095 12.199 16.115 10.983
210 5 2 17.946 11.949 16.149 11.256
211 5 2 17.988 11.959 16.096 11.225
212 5 2 17.956 11.970 16.064 11.236
213 5 2 17.904 12.054 16.139 11.277
214 5 2 17.947 12.064 16.086 11.246
215 5 2 17.926 12.075 16.065 11.257
216 5 2 17.862 12.044 16.096 11.214
217 5 2 17.905 12.065 16.043 11.183
218 5 2 17.883 12.065 16.022 11.183
219 5 2 17.820 12.034 16.033 11.236
220 5 2 17.862 12.044 15.980 11.205
221 5 2 17.862 12.055 15.980 11.215
222 5 2 17.725 12.057 15.949 11.279
223 5 2 17.768 12.067 15.896 11.248
224 5 2 17.757 12.077 15.885 11.259
225 5 2 17.726 12.098 15.937 11.174
226 5 2 17.768 12.119 15.884 11.143
227 5 2 17.768 12.129 15.884 11.154
228 5 2 17.715 12.088 16.001 11.247
229 5 2 17.758 12.109 15.948 11.216
230 5 2 17.747 12.119 15.938 11.226
231 5 2 17.757 12.098 16.075 11.256
232 5 2 17.789 12.119 16.012 11.226
233 5 2 17.789 12.129 16.012 11.236
234 5 2 17.789 12.140 16.012 11.247
235 5 2 17.789 12.150 16.012 11.257
236 5 2 17.768 12.161 15.991 11.268
237 5 2 17.758 12.193 15.916 11.195
238 5 2 17.801 12.213 15.863 11.164
239 5 2 17.811 12.234 15.874 11.185
240 5 2 17.590 12.195 15.825 11.574
241 5 2 17.632 12.205 15.772 11.543
242 5 2 17.632 12.226 15.772 11.564
243 5 2 17.611 12.226 15.751 11.565
244 5 2 17.590 12.247 15.730 11.586
245 5 2 17.591 12.289 15.730 11.628
246 5 2 17.570 12.310 15.709 11.649
247 5 2 17.549 12.311 15.688 11.649
248 5 2 17.549 12.332 15.688 11.670
249 5 2 17.528 12.374 15.668 11.713
250 5 2 17.486 12.395 15.626 11.734
251 5 2 17.465 12.396 15.605 11.734
252 5 2 17.465 12.417 15.605 11.755
253 5 2 17.423 12.438 15.563 11.777
254 5 2 17.402 12.438 15.542 11.777
255 5 2 17.098 12.536 15.425 11.726
256 5 2 17.129 12.546 15.372 11.685
257 5 2 17.098 12.568 15.341 11.706
258 5 2 17.067 12.589 15.309 11.727
259 5 2 17.014 12.611 15.257 11.749
260 5 2 16.983 12.632 15.225 11.770
261 5 2 16.888 12.602 15.247 11.823
262 5 2 16.919 12.612 15.194 11.792
263 5 2 16.877 12.623 15.152 11.803
264 5 2 16.824 12.592 15.037 11.930
265 5 2 16.867 12.602 14.984 11.899
266 5 2 16.825 12.624 14.941 11.921
267 5 2 16.709 12.720 14.984 11.962
268 5 2 16.752 12.730 14.931 11.931
269 5 2 16.710 12.741 14.889 11.942
270 5 2 16.573 12.732 14.785 12.143
271 5 2 16.615 12.742 14.732 12.123
272 5 2 16.573 12.753 14.690 12.134
273 5 2 16.415 12.849 14.679 12.123
274 5 2 16.458 12.859 14.626 12.093
275 5 2 16.405 12.881 14.574 12.114
276 5 2 16.395 12.870 14.427 12.232
277 5 2 16.437 12.880 14.363 12.201
278 5 2 16.384 12.902 14.311 12.222
279 5 2 16.111 12.979 14.343 12.306
280 5 2 16.153 12.989 14.290 12.275
281 5 2 16.090 13.021 14.227 12.307
282 5 2 15.995 13.043 14.122 12.372
283 5 2 16.038 13.053 14.069 12.341
284 5 2 15.975 13.086 14.005 12.373
285 5 2 15.849 13.150 13.963 12.405
286 5 2 15.891 13.160 13.910 12.374
287 5 2 15.838 13.182 13.858 12.396
288 5 2 15.554 13.227 13.626 12.493
289 5 2 15.596 13.237 13.562 12.463
290 5 2 15.544 13.269 13.510 12.495
291 5 2 15.301 13.304 13.647 12.525
292 5 2 15.333 13.314 13.594 12.494
293 5 2 15.280 13.346 13.542 12.526
294 5 2 15.144 13.390 13.437 12.622
295 5 2 15.186 13.400 13.384 12.591
296 5 2 15.123 13.422 13.320 12.613
297 5 2 15.029 13.518 13.236 12.666
298 5 2 15.071 13.538 13.183 12.635
300 5 2 14.736 13.837 12.886 12.523
301 5 2 14.778 13.868 12.833 12.482
302 5 2 14.705 13.911 12.759 12.525
303 5 2 14.631 13.933 12.685 12.547
304 5 2 14.579 13.996 12.633 12.610
305 5 2 14.505 14.018 12.559 12.632
306 5 2 14.452 14.082 12.507 12.696
307 5 2 14.358 14.104 12.412 12.718
308 5 2 14.305 14.168 12.359 12.782
309 5 2 14.232 14.190 12.286 12.804
310 5 2 14.179 14.254 12.233 12.868
311 5 2 14.084 14.297 12.138 12.911
312 5 2 14.032 14.340 12.086 12.954
313 5 2 13.958 14.383 12.012 12.997
314 5 2 13.906 14.447 11.959 13.060
315 5 2 13.833 14.511 11.886 13.124
316 5 2 13.759 14.554 11.812 13.167
317 5 2 13.685 14.618 11.738 13.232
318 5 2 13.633 14.682 11.686 13.295
319 5 2 13.559 14.725 11.612 13.338
320 5 2 13.507 14.789 11.560 13.402
321 5 2 13.434 14.853 11.486 13.466
322 5 2 13.381 14.917 11.434 13.530
323 5 2 13.308 14.981 11.360 13.594
324 5 2 13.255 15.045 11.308 13.658
326 5 2 13.108 15.194 11.160 13.807
327 5 2 13.035 15.258 11.087 13.872
328 5 2 12.983 15.343 11.034 13.956
329 5 2 12.930 15.407 10.982 14.020
330 5 2 12.648 15.779 11.045 13.977
331 5 2 12.680 15.821 10.992 13.925
332 5 2 12.627 15.906 10.939 14.010
333 5 2 12.575 15.970 10.887 14.074
334 5 2 12.523 16.055 10.835 14.159
335 5 2 12.470 16.140 10.782 14.244
336 5 2 12.397 16.204 10.709 14.308
337 5 2 12.345 16.289 10.656 14.393
338 5 2 12.271 16.374 10.583 14.478
339 5 2 12.219 16.459 10.530 14.563
340 5 2 12.167 16.544 10.478 14.648
341 5 2 12.114 16.629 10.426 14.733
342 5 2 12.041 16.715 10.352 14.819
343 5 2 11.989 16.821 10.300 14.925
344 5 2 11.936 16.906 10.247 15.010
345 5 2 11.884 16.991 10.195 15.095
346 5 2 11.811 17.076 10.121 15.180
347 5 2 11.758 17.161 10.069 15.265
348 5 2 11.685 17.247 9.995 15.351
349 5 2 11.633 17.332 9.943 15.436
350 5 2 11.559 17.438 9.870 15.542
351 5 2 11.507 17.523 9.817 15.627
352 5 2 11.455 17.609 9.765 15.712
353 5 2 11.402 17.715 9.712 15.818
354 5 2 11.329 17.800 9.639 15.904
355 5 2 11.277 17.906 9.587 16.010
356 5 2 11.203 17.992 9.513 16.095
357 5 2 11.151 18.077 9.460 16.180
358 5 2 11.098 18.162 9.408 16.265
359 5 2 11.046 18.268 9.356 16.372
360 5 2 10.952 18.407 9.293 16.510
361 5 2 10.984 18.449 9.239 16.447
362 5 2 10.921 18.545 9.176 16.543
363 5 2 10.858 18.640 9.113 16.639
364 5 2 10.795 18.715 9.050 16.714
365 5 2 10.732 18.811 8.987 16.809
366 5 2 10.669 18.886 8.924 16.884
367 5 2 10.606 18.982 8.861 16.980
368 5 2 10.564 19.056 8.819 17.055
369 5 2 10.501 19.152 8.756 17.150
370 5 2 10.438 19.248 8.693 17.246
371 5 2 10.376 19.344 8.630 17.342
372 5 2 10.312 19.419 8.567 17.417
373 5 2 10.250 19.536 8.504 17.534
374 5 2 10.186 19.611 8.441 17.609
375 5 2 10.124 19.707 8.378 17.705
376 5 2 10.061 19.803 8.315 17.801
377 5 2 9.998 19.899 8.251 17.897
378 5 2 9.935 19.995 8.188 17.993
379 5 2 9.872 20.091 8.125 18.089
380 5 2 9.830 20.187 8.083 18.184
381 5 2 9.767 20.283 8.020 18.280
382 5 2 9.704 20.379 7.957 18.376
383 5 2 9.641 20.475 7.894 18.472
384 5 2 9.599 20.571 7.852 18.568
385 5 2 9.536 20.688 7.789 18.685
386 5 2 9.473 20.784 7.726 18.781
387 5 2 9.431 20.880 7.684 18.877
388 5 2 9.368 20.976 7.621 18.973
389 5 2 9.327 21.071 7.579 19.069
390 5 2 9.082 21.107 7.676 19.268
391 5 2 9.115 21.149 7.634 19.216
392 5 2 9.073 21.244 7.592 19.312
393 5 2 9.010 21.341 7.529 19.408
394 5 2 8.968 21.436 7.487 19.504
395 5 2 8.926 21.553 7.445 19.620
396 5 2 8.863 21.650 7.382 19.717
397 5 2 8.822 21.767 7.340 19.833
398 5 2 8.780 21.862 7.298 19.929
399 5 2 8.738 21.958 7.256 20.025
400 5 2 8.675 22.054 7.193 20.121
401 5 2 8.633 22.171 7.151 20.238
402 5 2 8.591 22.267 7.109 20.334
403 5 2 8.550 22.384 7.068 20.451
404 5 2 8.508 22.480 7.026 20.547
405 5 2 8.466 22.597 6.984 20.664
406 5 2 8.424 22.693 6.942 20.760
407 5 2 8.383 22.810 6.900 20.877
408 5 2 8.341 22.906 6.858 20.973
409 5 2 8.299 23.023 6.817 21.090
410 5 2 8.257 23.119 6.775 21.185
411 5 2 8.215 23.236 6.733 21.303
412 5 2 8.174 23.332 6.691 21.398
413 5 2 8.132 23.470 6.649 21.537
414 5 2 8.111 23.566 6.629 21.632
415 5 2 8.070 23.683 6.587 21.749
416 5 2 8.028 23.779 6.545 21.845
417 5 2 7.986 23.896 6.503 21.962
418 5 2 7.944 24.013 6.461 22.079
419 5 2 7.903 24.130 6.419 22.197
420 5 2 7.702 24.314 6.421 22.472
421 5 2 7.723 24.356 6.368 22.420
422 5 2 7.681 24.452 6.326 22.516
423 5 2 7.640 24.569 6.284 22.633
424 5 2 7.598 24.686 6.242 22.750
425 5 2 7.556 24.782 6.200 22.846
426 5 2 7.514 24.899 6.158 22.963
427 5 2 7.472 24.995 6.116 23.059
428 5 2 7.430 25.113 6.075 23.176
429 5 2 7.389 25.230 6.033 23.294
430 5 2 7.347 25.347 5.991 23.411
431 5 2 7.284 25.444 5.928 23.507
432 5 2 7.242 25.561 5.886 23.624
104 5 2 28.331 8.321 26.306 7.119
119 5 2 26.502 8.924 24.473 7.722
325 5 2 13.182 15.130 11.234 13.743
299 5 2 15.008 13.560 13.120 12.657
91 6 2 9.418 24.877 8.351 22.885
92 6 2 9.450 24.781 8.382 22.789
93 6 2 9.459 24.664 8.392 22.672
94 6 2 9.491 24.569 8.423 22.577
95 6 2 9.522 24.452 8.454 22.460
96 6 2 9.553 24.356 8.486 22.364
97 6 2 9.562 24.240 8.495 22.248
98 6 2 9.594 24.123 8.527 22.131
99 6 2 9.529 24.050 8.654 22.171
100 6 2 9.551 24.092 8.622 22.108
101 6 2 9.571 23.986 8.643 22.002
102 6 2 9.622 23.710 8.587 21.717
103 6 2 9.644 23.752 8.555 21.654
105 6 2 9.716 23.391 8.852 21.512
106 6 2 9.737 23.433 8.819 21.449
107 6 2 9.768 23.327 8.850 21.343
108 6 2 9.767 23.094 8.934 21.130
109 6 2 9.777 23.136 8.902 21.067
110 6 2 9.798 23.030 8.922 20.961
111 6 2 9.892 22.785 9.059 20.790
112 6 2 9.903 22.827 9.027 20.727
113 6 2 9.923 22.711 9.047 20.611
114 6 2 9.965 22.594 9.089 20.494
115 6 2 9.985 22.498 9.109 20.398
116 6 2 10.027 22.381 9.151 20.282
117 6 2 10.069 22.286 9.193 20.186
118 6 2 10.089 22.148 9.213 20.048
120 6 2 10.361 21.615 9.127 19.902
121 6 2 10.382 21.657 9.084 19.849
122 6 2 10.424 21.540 9.126 19.733
123 6 2 10.444 21.445 9.146 19.637
124 6 2 10.486 21.328 9.188 19.520
125 6 2 10.528 21.211 9.229 19.404
126 6 2 10.548 21.095 9.250 19.287
127 6 2 10.589 20.978 9.291 19.170
128 6 2 10.631 20.861 9.333 19.053
129 6 2 10.673 20.744 9.375 18.937
130 6 2 10.693 20.628 9.395 18.820
131 6 2 10.735 20.532 9.437 18.725
132 6 2 10.776 20.394 9.478 18.587
133 6 2 10.797 20.299 9.499 18.491
134 6 2 10.838 20.161 9.540 18.353
135 6 2 10.880 20.065 9.582 18.258
136 6 2 10.921 19.927 9.623 18.120
137 6 2 10.963 19.832 9.665 18.024
138 6 2 11.004 19.694 9.707 17.887
139 6 2 11.046 19.598 9.748 17.791
140 6 2 11.087 19.481 9.790 17.674
141 6 2 11.129 19.386 9.832 17.579
142 6 2 11.149 19.269 9.852 17.462
143 6 2 11.191 19.174 9.894 17.367
144 6 2 11.232 19.057 9.935 17.250
145 6 2 11.274 18.983 9.977 17.176
146 6 2 11.295 18.866 9.998 17.059
147 6 2 11.336 18.771 10.039 16.964
148 6 2 11.378 18.654 10.081 16.847
149 6 2 11.420 18.579 10.123 16.773
150 6 2 11.461 18.410 10.333 16.506
151 6 2 11.482 18.452 10.290 16.443
152 6 2 11.524 18.356 10.332 16.348
153 6 2 11.566 18.261 10.373 16.252
154 6 2 11.607 18.165 10.415 16.157
155 6 2 11.649 18.070 10.457 16.061
156 6 2 11.531 17.913 10.637 16.017
157 6 2 11.553 17.955 10.604 15.954
158 6 2 11.594 17.870 10.646 15.869
159 6 2 11.636 17.785 10.688 15.784
160 6 2 11.678 17.679 10.730 15.678
161 6 2 11.740 17.573 10.792 15.572
162 6 2 11.761 17.488 10.813 15.487
163 6 2 11.824 17.403 10.876 15.402
164 6 2 11.866 17.318 10.918 15.317
165 6 2 11.907 17.233 10.959 15.232
166 6 2 11.970 17.148 11.022 15.147
167 6 2 12.033 17.063 11.085 15.062
168 6 2 12.189 16.660 11.182 15.251
169 6 2 12.210 16.691 11.150 15.209
170 6 2 12.262 16.606 11.202 15.124
171 6 2 12.356 16.352 11.298 15.123
172 6 2 12.377 16.373 11.255 15.081
173 6 2 12.419 16.299 11.297 15.007
174 6 2 12.482 16.224 11.360 14.932
175 6 2 12.523 16.150 11.402 14.858
176 6 2 12.586 16.054 11.464 14.762
177 6 2 12.649 16.000 11.528 14.709
178 6 2 12.691 15.905 11.569 14.613
179 6 2 12.754 15.852 11.632 14.560
180 6 2 13.146 15.878 11.534 14.192
181 6 2 13.178 15.920 11.481 14.140
182 6 2 13.219 15.845 11.523 14.066
183 6 2 13.282 15.771 11.586 13.992
184 6 2 13.324 15.718 11.627 13.939
185 6 2 13.366 15.643 11.669 13.864
186 6 2 13.408 15.569 11.711 13.790
187 6 2 13.470 15.495 11.774 13.716
188 6 2 13.533 15.441 11.837 13.662
189 6 2 13.575 15.367 11.879 13.588
190 6 2 13.617 15.314 11.921 13.535
191 6 2 13.659 15.239 11.963 13.460
192 6 2 13.722 15.186 12.026 13.407
193 6 2 13.785 15.111 12.089 13.333
194 6 2 13.805 15.080 12.110 13.301
195 6 2 13.868 15.005 12.172 13.226
196 6 2 13.910 14.952 12.214 13.173
197 6 2 13.952 14.878 12.256 13.099
198 6 2 13.994 14.825 12.298 13.046
199 6 2 14.035 14.771 12.340 12.993
200 6 2 14.077 14.718 12.382 12.940
201 6 2 14.119 14.644 12.424 12.865
202 6 2 14.161 14.612 12.466 12.833
203 6 2 14.203 14.538 12.507 12.759
204 6 2 14.244 14.485 12.549 12.706
205 6 2 14.286 14.431 12.591 12.653
206 6 2 14.328 14.378 12.633 12.600
207 6 2 14.370 14.304 12.675 12.526
208 6 2 14.391 14.272 12.696 12.494
209 6 2 14.453 14.198 12.759 12.419
210 6 2 14.516 14.134 13.032 12.216
211 6 2 14.548 14.176 12.978 12.154
212 6 2 14.590 14.123 13.020 12.101
213 6 2 14.632 14.090 13.062 12.069
214 6 2 14.653 14.017 13.083 11.995
215 6 2 14.695 13.984 13.125 11.963
216 6 2 14.736 13.931 13.167 11.910
217 6 2 14.778 13.878 13.209 11.857
218 6 2 14.799 13.825 13.229 11.804
219 6 2 14.841 13.793 13.271 11.772
220 6 2 14.883 13.740 13.313 11.719
221 6 2 14.924 13.687 13.355 11.666
222 6 2 14.945 13.634 13.376 11.613
223 6 2 14.987 13.602 13.418 11.581
224 6 2 15.029 13.549 13.460 11.528
225 6 2 15.050 13.496 13.480 11.475
226 6 2 15.091 13.443 13.522 11.422
227 6 2 15.133 13.411 13.564 11.390
228 6 2 15.154 13.358 13.585 11.337
229 6 2 15.196 13.326 13.627 11.305
230 6 2 15.217 13.273 13.648 11.252
231 6 2 15.259 13.241 13.690 11.220
232 6 2 15.279 13.189 13.710 11.167
233 6 2 15.321 13.157 13.752 11.135
234 6 2 15.119 12.907 13.880 11.292
235 6 2 15.140 12.938 13.838 11.240
236 6 2 15.171 12.896 13.869 11.197
237 6 2 15.181 12.853 13.879 11.155
238 6 2 15.234 12.832 13.932 11.133
239 6 2 15.265 12.768 13.963 11.070
240 6 2 15.466 12.766 13.920 10.997
241 6 2 15.498 12.808 13.867 10.945
242 6 2 15.540 12.776 13.909 10.913
243 6 2 15.560 12.744 13.930 10.881
244 6 2 15.602 12.712 13.972 10.849
245 6 2 15.644 12.680 14.014 10.817
246 6 2 15.665 12.648 14.035 10.785
247 6 2 15.707 12.616 14.077 10.753
248 6 2 15.749 12.584 14.119 10.721
249 6 2 15.791 12.552 14.161 10.689
250 6 2 15.833 12.520 14.203 10.657
251 6 2 15.854 12.509 14.224 10.647
252 6 2 15.896 12.477 14.266 10.615
253 6 2 15.938 12.445 14.308 10.583
254 6 2 15.979 12.413 14.350 10.551
255 6 2 16.021 12.381 14.392 10.519
256 6 2 16.063 12.349 14.434 10.487
257 6 2 16.105 12.338 14.476 10.476
258 6 2 16.147 12.306 14.518 10.444
259 6 2 16.210 12.274 14.581 10.412
260 6 2 16.252 12.242 14.623 10.380
261 6 2 16.294 12.210 14.665 10.348
262 6 2 16.357 12.177 14.728 10.315
263 6 2 16.399 12.145 14.770 10.283
264 6 2 16.462 12.113 14.833 10.251
265 6 2 16.525 12.081 14.896 10.219
266 6 2 16.588 12.049 14.959 10.187
267 6 2 16.630 12.017 15.001 10.155
268 6 2 16.693 11.985 15.064 10.123
269 6 2 16.756 11.952 15.127 10.091
270 6 2 16.945 11.887 15.212 10.237
271 6 2 16.987 11.918 15.159 10.174
272 6 2 17.029 11.897 15.201 10.153
273 6 2 17.071 11.875 15.243 10.131
274 6 2 17.134 11.832 15.306 10.089
275 6 2 17.218 11.789 15.390 10.046
276 6 2 17.281 11.747 15.453 10.003
277 6 2 17.364 11.704 15.537 9.960
278 6 2 17.427 11.661 15.600 9.917
279 6 2 17.511 11.618 15.684 9.875
280 6 2 17.595 11.575 15.768 9.832
281 6 2 17.658 11.532 15.831 9.789
282 6 2 17.721 11.490 15.894 9.746
283 6 2 17.804 11.426 15.977 9.682
284 6 2 17.867 11.383 16.040 9.640
285 6 2 17.930 11.340 16.103 9.597
286 6 2 17.992 11.277 16.166 9.534
287 6 2 18.076 11.234 16.250 9.491
288 6 2 18.139 11.170 16.313 9.427
289 6 2 18.201 11.128 16.375 9.384
290 6 2 18.264 11.064 16.438 9.321
291 6 2 18.348 11.000 16.522 9.257
292 6 2 18.410 10.957 16.585 9.214
293 6 2 18.494 10.893 16.668 9.151
294 6 2 18.557 10.830 16.731 9.087
295 6 2 18.640 10.766 16.815 9.023
296 6 2 18.724 10.702 16.898 8.959
297 6 2 18.786 10.639 16.961 8.896
298 6 2 18.870 10.575 17.045 8.832
300 6 2 19.026 10.437 17.317 8.682
301 6 2 19.069 10.478 17.264 8.630
302 6 2 19.152 10.414 17.348 8.567
303 6 2 19.215 10.351 17.410 8.503
304 6 2 19.298 10.287 17.494 8.439
305 6 2 19.381 10.202 17.577 8.355
306 6 2 19.465 10.138 17.661 8.291
307 6 2 19.549 10.096 17.745 8.248
308 6 2 19.632 10.032 17.828 8.184
309 6 2 19.715 9.947 17.912 8.100
310 6 2 19.799 9.883 17.995 8.036
311 6 2 19.882 9.840 18.079 7.993
312 6 2 19.966 9.777 18.163 7.930
313 6 2 20.049 9.692 18.246 7.845
314 6 2 20.133 9.649 18.330 7.802
315 6 2 20.195 9.586 18.392 7.739
316 6 2 20.279 9.543 18.476 7.696
317 6 2 20.362 9.500 18.560 7.653
318 6 2 20.446 9.436 18.643 7.590
319 6 2 20.529 9.352 18.727 7.505
320 6 2 20.612 9.288 18.810 7.441
321 6 2 20.717 9.245 18.915 7.398
322 6 2 20.801 9.202 18.999 7.356
323 6 2 20.884 9.139 19.082 7.292
324 6 2 20.988 9.075 19.187 7.228
326 6 2 21.176 8.989 19.375 7.143
327 6 2 21.260 8.967 19.459 7.121
328 6 2 21.364 8.903 19.563 7.057
329 6 2 21.448 8.881 19.647 7.035
330 6 2 21.685 8.408 19.744 7.254
331 6 2 21.727 8.429 19.680 7.213
332 6 2 21.821 8.396 19.774 7.181
333 6 2 21.915 8.364 19.869 7.149
334 6 2 22.030 8.331 19.984 7.116
335 6 2 22.124 8.299 20.078 7.084
336 6 2 22.239 8.266 20.193 7.051
337 6 2 22.333 8.234 20.287 7.019
338 6 2 22.448 8.202 20.402 6.987
339 6 2 22.542 8.190 20.497 6.975
340 6 2 22.657 8.158 20.612 6.943
341 6 2 22.751 8.146 20.706 6.931
342 6 2 22.866 8.114 20.821 6.899
343 6 2 22.960 8.102 20.916 6.888
344 6 2 23.075 8.070 21.031 6.855
345 6 2 23.169 8.059 21.125 6.844
346 6 2 23.284 8.026 21.240 6.811
347 6 2 23.378 8.015 21.334 6.800
348 6 2 23.493 8.003 21.449 6.788
349 6 2 23.587 7.992 21.544 6.777
350 6 2 23.702 7.959 21.659 6.745
351 6 2 23.796 7.969 21.753 6.754
352 6 2 23.911 7.957 21.868 6.743
353 6 2 24.026 7.946 21.983 6.731
354 6 2 24.141 7.934 22.098 6.720
355 6 2 24.235 7.944 22.193 6.729
356 6 2 24.350 7.932 22.308 6.718
357 6 2 24.444 7.942 22.402 6.727
358 6 2 24.559 7.930 22.517 6.716
359 6 2 24.674 7.918 22.632 6.704
360 6 2 24.808 7.677 22.906 6.859
361 6 2 24.850 7.697 22.843 6.828
362 6 2 24.954 7.686 22.948 6.816
363 6 2 25.058 7.674 23.052 6.805
364 6 2 25.184 7.684 23.178 6.814
365 6 2 25.288 7.672 23.282 6.803
366 6 2 25.393 7.661 23.387 6.791
367 6 2 25.497 7.649 23.492 6.780
368 6 2 25.622 7.658 23.617 6.789
369 6 2 25.727 7.647 23.722 6.778
370 6 2 25.831 7.636 23.826 6.766
371 6 2 25.935 7.624 23.931 6.755
372 6 2 26.061 7.633 24.056 6.764
373 6 2 26.165 7.622 24.161 6.753
374 6 2 26.270 7.631 24.265 6.762
375 6 2 26.374 7.620 24.370 6.751
376 6 2 26.478 7.629 24.474 6.760
377 6 2 26.582 7.618 24.579 6.749
378 6 2 26.708 7.627 24.704 6.758
379 6 2 26.812 7.636 24.809 6.768
380 6 2 26.917 7.646 24.914 6.777
381 6 2 27.042 7.634 25.039 6.766
382 6 2 27.146 7.644 25.144 6.775
383 6 2 27.251 7.653 25.248 6.785
384 6 2 27.355 7.663 25.353 6.794
385 6 2 27.459 7.672 25.457 6.804
386 6 2 27.564 7.681 25.562 6.813
387 6 2 27.668 7.691 25.666 6.823
388 6 2 27.772 7.700 25.771 6.832
389 6 2 27.877 7.710 25.875 6.841
390 6 2 28.001 7.656 26.169 6.943
391 6 2 28.043 7.666 26.116 6.912
392 6 2 28.147 7.676 26.221 6.922
393 6 2 28.272 7.664 26.346 6.910
394 6 2 28.377 7.694 26.450 6.941
395 6 2 28.460 7.683 26.534 6.929
396 6 2 28.564 7.713 26.638 6.960
397 6 2 28.690 7.723 26.764 6.969
398 6 2 28.794 7.732 26.868 6.978
399 6 2 28.877 7.742 26.952 6.988
400 6 2 28.982 7.772 27.056 7.018
401 6 2 29.107 7.781 27.182 7.028
402 6 2 29.211 7.811 27.286 7.058
403 6 2 29.295 7.821 27.370 7.068
404 6 2 29.399 7.830 27.474 7.077
405 6 2 29.524 7.840 27.599 7.086
406 6 2 29.628 7.870 27.704 7.117
407 6 2 29.711 7.880 27.787 7.126
408 6 2 29.816 7.910 27.892 7.157
409 6 2 29.941 7.919 28.017 7.166
410 6 2 30.045 7.949 28.121 7.196
411 6 2 30.129 7.959 28.205 7.206
412 6 2 30.233 7.989 28.309 7.236
413 6 2 30.358 7.998 28.435 7.245
414 6 2 30.462 8.029 28.539 7.276
415 6 2 30.545 8.038 28.622 7.285
416 6 2 30.650 8.068 28.727 7.316
417 6 2 30.775 8.078 28.852 7.325
418 6 2 30.900 8.108 28.977 7.355
419 6 2 31.004 8.117 29.081 7.364
420 6 2 31.172 8.345 29.195 7.280
421 6 2 31.214 8.365 29.132 7.239
422 6 2 31.318 8.374 29.236 7.248
423 6 2 31.422 8.384 29.341 7.258
424 6 2 31.547 8.414 29.466 7.288
425 6 2 31.651 8.423 29.570 7.297
426 6 2 31.756 8.453 29.674 7.327
427 6 2 31.860 8.484 29.779 7.358
428 6 2 31.964 8.514 29.883 7.388
429 6 2 32.068 8.523 29.987 7.397
430 6 2 32.193 8.553 30.112 7.427
431 6 2 32.297 8.583 30.217 7.458
432 6 2 32.401 8.613 30.321 7.488
104 6 2 9.675 23.635 8.586 21.538
119 6 2 10.130 22.052 9.255 19.952
325 6 2 21.072 9.053 19.270 7.207
299 6 2 18.953 10.511 17.128 8.768
0 2 1 6.365 8.140 5.871 7.470
1 2 1 6.387 8.160 5.871 7.459
2 2 1 6.429 8.160 5.914 7.459
3 2 1 6.482 8.170 5.967 7.469
4 2 1 6.525 8.180 6.010 7.479
5 2 1 6.578 8.180 6.063 7.479
6 2 1 6.631 8.179 6.116 7.478
7 2 1 6.684 8.189 6.169 7.488
8 2 1 6.737 8.189 6.222 7.488
9 2 1 6.801 8.188 6.286 7.487
10 2 1 6.854 8.187 6.339 7.486
11 2 1 6.897 8.187 6.382 7.486
12 2 1 6.950 8.197 6.435 7.496
13 2 1 6.992 8.197 6.478 7.496
14 2 1 7.046 8.207 6.531 7.506
15 2 1 7.088 8.206 6.573 7.505
16 2 1 7.141 8.216 6.626 7.515
17 2 1 7.184 8.216 6.669 7.515
19 2 1 7.195 8.226 6.648 7.484
20 2 1 7.248 8.226 6.701 7.483
21 2 1 7.290 8.236 6.743 7.493
22 2 1 7.333 8.246 6.786 7.503
24 2 1 7.343 8.256 6.764 7.472
25 2 1 7.386 8.256 6.807 7.472
26 2 1 7.450 8.255 6.871 7.471
28 2 1 7.460 8.266 6.849 7.440
29 2 1 7.482 8.265 6.870 7.439
30 2 1 7.981 8.324 7.413 7.645
31 2 1 7.992 8.334 7.392 7.613
32 2 1 8.045 8.344 7.445 7.623
33 2 1 8.108 8.344 7.509 7.623
34 2 1 8.172 8.353 7.573 7.633
35 2 1 8.236 8.353 7.636 7.632
36 2 1 8.300 8.363 7.700 7.642
37 2 1 8.363 8.362 7.764 7.641
38 2 1 8.427 8.372 7.828 7.651
39 2 1 8.491 8.382 7.891 7.661
40 2 1 8.565 8.392 7.966 7.671
41 2 1 8.618 8.402 8.019 7.681
42 2 1 8.682 8.401 8.082 7.680
43 2 1 8.735 8.411 8.136 7.691
44 2 1 8.799 8.410 8.199 7.690
45 2 1 8.852 8.420 8.252 7.700
46 2 1 8.905 8.420 8.305 7.699
47 2 1 8.958 8.430 8.359 7.709
48 2 1 9.021 8.429 8.422 7.709
49 2 1 9.085 8.439 8.486 7.719
50 2 1 9.138 8.449 8.539 7.729
52 2 1 9.149 8.460 8.518 7.697
53 2 1 9.202 8.470 8.571 7.707
54 2 1 9.266 8.469 8.634 7.707
55 2 1 9.329 8.468 8.698 7.706
56 2 1 9.404 8.478 8.772 7.716
57 2 1 9.478 8.488 8.847 7.726
58 2 1 9.541 8.498 8.910 7.736
59 2 1 9.722 8.517 9.187 7.859
61 2 1 9.732 8.527 9.166 7.828
62 2 1 9.796 8.527 9.229 7.827
63 2 1 9.870 8.526 9.303 7.827
64 2 1 9.934 8.536 9.367 7.837
66 2 1 9.945 8.546 9.346 7.805
67 2 1 10.008 8.546 9.409 7.805
68 2 1 10.082 8.545 9.483 7.804
70 2 1 10.093 8.555 9.462 7.772
71 2 1 10.199 8.554 9.568 7.771
72 2 1 10.337 8.563 9.706 7.781
73 2 1 10.496 8.572 9.865 7.790
75 2 1 10.506 8.583 9.833 7.758
76 2 1 10.559 8.551 9.885 7.726
78 2 1 10.570 8.561 9.853 7.685
79 2 1 10.580 8.551 9.864 7.674
80 2 1 10.591 8.540 9.874 7.663
81 2 1 10.612 8.529 9.896 7.653
82 2 1 10.665 8.518 9.948 7.642
83 2 1 10.760 8.507 10.044 7.630
85 2 1 10.771 8.528 10.012 7.599
87 2 1 10.781 8.548 9.980 7.568
88 2 1 10.781 8.548 9.980 7.568
89 2 1 10.781 8.548 9.980 7.568
90 2 1 10.781 8.548 9.980 7.568
91 2 1 12.104 8.546 11.252 7.839
92 2 1 12.189 8.545 11.337 7.838
93 2 1 12.273 8.565 11.422 7.859
94 2 1 12.358 8.585 11.507 7.879
95 2 1 12.453 8.605 11.602 7.899
97 2 1 12.475 8.616 11.570 7.868
98 2 1 12.549 8.604 11.644 7.857
100 2 1 12.570 8.615 11.612 7.825
101 2 1 12.633 8.614 11.675 7.825
102 2 1 12.728 8.603 11.770 7.813
103 2 1 12.802 8.612 11.845 7.823
105 2 1 12.824 8.623 11.813 7.792
106 2 1 12.919 8.611 11.908 7.780
108 2 1 12.940 8.632 11.876 7.749
109 2 1 12.961 8.642 11.897 7.759
110 2 1 12.940 8.632 11.876 7.749
111 2 1 12.940 8.642 11.876 7.760
112 2 1 12.940 8.632 11.876 7.749
113 2 1 12.940 8.621 11.876 7.739
114 2 1 12.940 8.632 11.876 7.749
115 2 1 12.940 8.621 11.876 7.739
116 2 1 12.919 8.632 11.855 7.749
117 2 1 12.898 8.643 11.834 7.760
118 2 1 12.919 8.632 11.855 7.749
120 2 1 12.982 8.632 11.918 7.749
121 2 1 14.387 8.659 13.716 7.962
122 2 1 14.450 8.659 13.780 7.962
124 2 1 14.461 8.669 13.748 7.931
125 2 1 14.514 8.669 13.800 7.930
126 2 1 14.577 8.679 13.864 7.940
127 2 1 14.640 8.678 13.927 7.939
129 2 1 14.651 8.688 13.895 7.908
130 2 1 14.735 8.677 13.980 7.897
131 2 1 14.830 8.665 14.075 7.885
133 2 1 14.841 8.676 14.043 7.854
134 2 1 14.957 8.685 14.159 7.864
136 2 1 14.968 8.696 14.127 7.822
137 2 1 14.989 8.695 14.148 7.822
138 2 1 14.999 8.685 14.158 7.811
140 2 1 15.010 8.706 14.116 7.780
141 2 1 15.010 8.716 14.116 7.791
142 2 1 15.010 8.727 14.116 7.801
143 2 1 15.031 8.716 14.137 7.790
144 2 1 15.073 8.726 14.179 7.800
145 2 1 15.094 8.715 14.200 7.790
146 2 1 15.073 8.726 14.179 7.800
147 2 1 15.052 8.716 14.158 7.790
148 2 1 15.052 8.726 14.158 7.801
149 2 1 15.052 8.716 14.158 7.790
150 2 1 15.052 8.726 14.158 7.801
151 2 1 16.446 9.058 15.670 8.174
152 2 1 16.510 9.079 15.733 8.195
153 2 1 16.573 9.089 15.796 8.205
154 2 1 16.626 9.109 15.849 8.225
155 2 1 16.689 9.119 15.913 8.235
156 2 1 16.753 9.150 15.976 8.266
157 2 1 16.826 9.159 16.050 8.275
158 2 1 16.890 9.190 16.113 8.306
159 2 1 17.110 9.094 15.914 8.392
160 2 1 17.131 9.104 15.871 8.361
161 2 1 17.195 9.114 15.935 8.371
162 2 1 17.258 9.124 15.998 8.381
163 2 1 17.300 9.134 16.040 8.391
164 2 1 17.342 9.123 16.082 8.380
165 2 1 17.405 9.111 16.146 8.369
166 2 1 17.489 9.100 16.230 8.358
167 2 1 17.552 9.110 16.293 8.367
168 2 1 17.595 9.120 16.335 8.378
169 2 1 17.658 9.130 16.399 8.387
170 2 1 17.721 9.140 16.462 8.397
171 2 1 17.763 9.171 16.504 8.428
172 2 1 17.827 9.181 16.567 8.438
173 2 1 17.911 9.190 16.652 8.448
174 2 1 17.942 9.179 16.800 8.551
175 2 1 17.964 9.190 16.758 8.520
176 2 1 18.016 9.189 16.810 8.520
177 2 1 18.060 9.346 17.085 8.643
178 2 1 18.081 9.356 17.053 8.612
179 2 1 18.133 9.345 17.106 8.601
180 2 1 18.048 9.283 17.443 8.587
181 2 1 18.059 9.294 17.421 8.555
182 2 1 18.101 9.304 17.464 8.566
183 2 1 18.154 9.303 17.516 8.565
184 2 1 18.206 9.302 17.569 8.564
186 2 1 18.217 9.313 17.537 8.533
187 2 1 18.270 9.312 17.590 8.533
188 2 1 18.333 9.312 17.653 8.532
189 2 1 18.396 9.311 17.716 8.532
190 2 1 18.438 9.321 17.758 8.542
191 2 1 18.491 9.331 17.811 8.552
193 2 1 18.501 9.341 17.779 8.520
195 2 1 18.890 9.348 18.107 8.706
196 2 1 19.037 9.315 18.033 8.675
197 2 1 19.058 9.325 18.001 8.644
198 2 1 19.100 9.325 18.043 8.644
199 2 1 19.142 9.324 18.085 8.643
200 2 1 19.195 9.313 18.137 8.632
201 2 1 19.247 9.302 18.190 8.621
202 2 1 19.300 9.312 18.243 8.631
203 2 1 19.363 9.301 18.306 8.620
204 2 1 19.426 9.311 18.369 8.630
205 2 1 19.479 9.310 18.421 8.629
206 2 1 19.531 9.310 18.474 8.629
207 2 1 19.584 9.320 18.527 8.639
208 2 1 19.636 9.330 18.579 8.649
210 2 1 19.678 9.329 18.621 8.648
211 2 1 19.784 9.391 18.831 8.594
212 2 1 19.804 9.338 19.020 8.602
213 2 1 19.815 9.349 18.989 8.571
214 2 1 19.857 9.348 19.031 8.571
215 2 1 19.899 9.358 19.073 8.581
216 2 1 19.952 9.368 19.125 8.591
217 2 1 20.015 9.368 19.188 8.590
218 2 1 20.067 9.377 19.241 8.600
219 2 1 20.120 9.387 19.294 8.610
220 2 1 20.183 9.397 19.357 8.620
221 2 1 20.592 9.320 18.907 8.855
222 2 1 20.634 9.330 18.854 8.835
223 2 1 20.686 9.340 18.907 8.845
224 2 1 20.739 9.329 18.959 8.833
225 2 1 20.791 9.359 19.012 8.864
226 2 1 20.844 9.369 19.065 8.874
227 2 1 20.876 9.380 19.096 8.884
228 2 1 20.949 9.410 19.170 8.915
229 2 1 20.981 9.441 19.202 8.946
230 2 1 21.055 9.451 19.276 8.956
231 2 1 21.086 9.461 19.307 8.966
232 2 1 21.139 9.471 19.360 8.976
233 2 1 21.191 9.481 19.413 8.986
234 2 1 21.244 9.491 19.465 8.996
235 2 1 21.296 9.501 19.518 9.006
236 2 1 21.370 9.510 19.591 9.016
237 2 1 21.401 9.521 19.623 9.026
238 2 1 21.475 9.530 19.697 9.036
239 2 1 21.507 9.540 19.728 9.046
240 2 1 21.580 9.529 19.802 9.034
241 2 1 21.476 9.677 20.397 8.683
242 2 1 21.518 9.676 20.439 8.682
243 2 1 21.570 9.603 20.378 8.882
244 2 1 21.591 9.613 20.335 8.851
245 2 1 21.633 9.623 20.378 8.861
246 2 1 21.790 9.632 20.400 9.007
247 2 1 21.822 9.642 20.358 8.976
248 2 1 21.874 9.641 20.410 8.976
249 2 1 21.927 9.662 20.485 9.111
250 2 1 21.959 9.672 20.443 9.091
251 2 1 22.022 9.682 20.506 9.101
252 2 1 22.126 9.649 20.768 9.077
253 2 1 22.158 9.659 20.726 9.056
254 2 1 22.221 9.669 20.789 9.066
255 2 1 22.137 9.649 21.010 9.116
256 2 1 22.158 9.659 20.967 9.096
257 2 1 22.200 9.669 21.009 9.106
258 2 1 22.399 9.709 21.094 9.136
259 2 1 22.431 9.719 21.052 9.116
260 2 1 22.483 9.729 21.104 9.126
261 2 1 22.536 9.739 21.157 9.136
262 2 1 22.567 9.749 21.188 9.146
263 2 1 22.641 9.759 21.262 9.156
264 2 1 22.693 9.769 21.314 9.166
265 2 1 22.767 9.778 21.388 9.175
266 2 1 22.819 9.809 21.440 9.206
267 2 1 22.893 9.819 21.514 9.216
268 2 1 22.945 9.829 21.566 9.226
269 2 1 22.998 9.839 21.619 9.236
270 2 1 23.052 10.037 21.837 9.045
271 2 1 23.073 10.058 21.795 9.014
272 2 1 23.115 10.068 21.837 9.024
273 2 1 23.178 10.057 21.900 9.013
274 2 1 23.199 10.067 21.921 9.023
275 2 1 23.262 10.077 21.984 9.033
276 2 1 23.283 10.087 22.005 9.043
277 2 1 23.366 10.075 22.089 9.032
278 2 1 23.408 10.085 22.131 9.042
279 2 1 23.471 10.095 22.194 9.052
280 2 1 23.513 10.105 22.236 9.062
281 2 1 23.576 10.115 22.299 9.072
282 2 1 23.660 10.125 22.383 9.081
283 2 1 23.702 10.135 22.425 9.091
284 2 1 23.765 10.144 22.488 9.101
285 2 1 23.807 10.133 22.530 9.090
286 2 1 23.849 10.143 22.572 9.100
287 2 1 23.890 10.133 22.613 9.089
288 2 1 23.953 10.142 22.676 9.099
289 2 1 24.016 10.152 22.739 9.109
290 2 1 24.037 10.162 22.760 9.119
291 2 1 24.100 10.151 22.823 9.108
292 2 1 24.121 10.161 22.844 9.118
293 2 1 24.183 10.150 22.907 9.107
294 2 1 24.225 10.160 22.949 9.117
295 2 1 24.267 10.149 22.991 9.106
296 2 1 24.309 10.159 23.033 9.116
297 2 1 24.372 10.148 23.095 9.105
298 2 1 24.435 10.158 23.158 9.115
300 2 1 24.498 10.220 23.283 9.082
301 2 1 24.519 10.241 23.241 9.041
302 2 1 24.540 10.230 23.262 9.030
303 2 1 24.582 10.219 23.304 9.019
304 2 1 24.603 10.229 23.325 9.030
305 2 1 24.624 10.219 23.346 9.019
306 2 1 24.665 10.208 23.387 9.008
307 2 1 24.686 10.176 23.408 8.977
308 2 1 24.665 10.187 23.387 8.987
309 2 1 24.686 10.155 23.408 8.956
310 2 1 24.707 10.166 23.429 8.966
311 2 1 24.727 10.155 23.450 8.955
312 2 1 24.728 10.165 23.450 8.966
313 2 1 24.727 10.155 23.450 8.955
314 2 1 24.769 10.165 23.492 8.965
315 2 1 24.811 10.154 23.534 8.954
316 2 1 24.874 10.143 23.596 8.943
317 2 1 24.957 10.111 23.680 8.911
318 2 1 24.999 10.121 23.722 8.921
319 2 1 25.041 10.110 23.763 8.910
320 2 1 25.062 10.120 23.784 8.920
321 2 1 25.082 10.088 23.805 8.889
322 2 1 25.124 10.098 23.847 8.899
323 2 1 25.166 10.087 23.889 8.888
324 2 1 25.187 10.098 23.910 8.898
326 2 1 25.229 10.076 23.951 8.877
327 2 1 25.249 10.045 23.972 8.845
328 2 1 25.270 10.034 23.993 8.835
329 2 1 25.270 10.024 23.993 8.824
330 2 1 25.266 9.647 24.382 9.029
331 2 1 25.287 9.658 24.350 8.998
332 2 1 25.298 9.657 24.361 8.998
333 2 1 25.329 9.657 24.392 8.998
334 2 1 25.329 9.657 24.392 8.998
335 2 1 25.339 9.657 24.402 8.998
336 2 1 25.360 9.657 24.423 8.997
337 2 1 25.381 9.657 24.444 8.997
338 2 1 25.402 9.656 24.465 8.997
339 2 1 25.423 9.646 24.486 8.986
340 2 1 25.444 9.645 24.507 8.986
341 2 1 25.465 9.635 24.528 8.975
342 2 1 25.485 9.624 24.548 8.965
343 2 1 25.496 9.624 24.559 8.965
345 2 1 25.655 9.863 24.601 9.027
346 2 1 25.676 9.883 24.559 8.996
347 2 1 25.686 9.883 24.570 8.996
348 2 1 25.676 9.883 24.559 8.996
349 2 1 25.707 9.862 24.590 8.975
350 2 1 25.696 9.841 24.580 8.954
351 2 1 25.707 9.862 24.590 8.975
352 2 1 25.696 9.841 24.580 8.954
353 2 1 25.707 9.862 24.590 8.975
354 2 1 25.696 9.841 24.580 8.954
355 2 1 25.663 9.601 24.800 9.015
356 2 1 25.684 9.612 24.768 8.994
357 2 1 25.684 9.612 24.768 8.994
358 2 1 25.684 9.632 24.705 8.932
359 2 1 25.705 9.643 24.673 8.901
360 2 1 25.705 9.632 24.673 8.890
361 2 1 25.579 9.634 24.779 8.994
362 2 1 25.590 9.644 24.747 8.963
363 2 1 25.590 9.644 24.747 8.963
364 2 1 25.590 9.633 24.747 8.952
365 2 1 25.590 9.633 24.747 8.952
366 2 1 25.590 9.633 24.747 8.952
367 2 1 25.590 9.633 24.747 8.952
368 2 1 25.590 9.623 24.747 8.942
369 2 1 25.590 9.613 24.747 8.931
370 2 1 25.590 9.623 24.747 8.942
371 2 1 25.590 9.613 24.747 8.931
372 2 1 25.590 9.613 24.747 8.931
373 2 1 25.704 9.559 24.757 8.942
374 2 1 25.725 9.569 24.726 8.911
375 2 1 25.725 9.569 24.726 8.911
376 2 1 25.715 9.569 24.715 8.911
377 2 1 25.704 9.559 24.705 8.901
378 2 1 25.704 9.570 24.705 8.911
379 2 1 25.704 9.559 24.705 8.901
380 2 1 25.694 9.570 24.694 8.911
381 2 1 25.683 9.559 24.684 8.901
382 2 1 25.694 9.570 24.694 8.911
383 2 1 25.683 9.570 24.684 8.911
384 2 1 25.694 9.570 24.694 8.911
385 2 1 25.683 9.570 24.684 8.911
386 2 1 25.694 9.580 24.694 8.922
387 2 1 25.684 9.591 24.684 8.932
388 2 1 25.683 9.580 24.684 8.922
390 2 1 25.673 9.591 24.674 8.932
391 2 1 25.664 9.716 24.557 8.787
392 2 1 25.685 9.737 24.515 8.756
393 2 1 25.685 9.726 24.515 8.746
394 2 1 25.664 9.737 24.494 8.756
395 2 1 25.664 9.727 24.494 8.746
396 2 1 25.664 9.737 24.494 8.756
397 2 1 25.643 9.727 24.473 8.746
398 2 1 25.643 9.737 24.473 8.757
399 2 1 25.643 9.748 24.473 8.767
400 2 1 25.643 9.758 24.473 8.777
401 2 1 25.622 9.748 24.452 8.767
402 2 1 25.623 9.759 24.452 8.778
403 2 1 25.623 9.769 24.453 8.788
404 2 1 25.623 9.779 24.453 8.799
405 2 1 25.602 9.769 24.432 8.788
406 2 1 25.602 9.780 24.432 8.799
407 2 1 25.602 9.790 24.432 8.809
408 2 1 25.602 9.801 24.432 8.820
409 2 1 25.602 9.790 24.432 8.809
410 2 1 25.602 9.801 24.432 8.820
411 2 1 25.581 9.811 24.411 8.830
412 2 1 25.581 9.822 24.411 8.841
413 2 1 25.581 9.811 24.411 8.830
414 2 1 25.581 9.822 24.411 8.841
415 2 1 25.581 9.811 24.411 8.830
416 2 1 25.560 9.822 24.390 8.841
417 2 1 25.560 9.811 24.390 8.831
418 2 1 25.560 9.822 24.390 8.841
419 2 1 25.560 9.811 24.390 8.831
420 2 1 25.581 9.822 24.411 8.841
421 2 1 25.530 9.864 24.463 8.830
422 2 1 25.551 9.885 24.421 8.788
423 2 1 25.551 9.895 24.421 8.799
424 2 1 25.551 9.885 24.421 8.788
425 2 1 25.551 9.895 24.421 8.799
426 2 1 25.551 9.885 24.421 8.788
427 2 1 25.551 9.895 24.421 8.799
428 2 1 25.551 9.885 24.421 8.788
429 2 1 25.551 9.895 24.421 8.799
430 2 1 25.551 9.885 24.421 8.788
431 2 1 25.551 9.916 24.422 8.820
432 2 1 25.551 9.906 24.421 8.809
119 2 1 12.940 8.642 11.876 7.760
325 2 1 25.208 10.066 23.930 8.867
299 2 1 24.476 10.147 23.200 9.104
91 7 2 10.919 25.210 10.182 23.277
92 7 2 10.928 25.062 10.192 23.129
93 7 2 10.959 24.913 10.222 22.981
94 7 2 10.968 24.765 10.232 22.832
95 7 2 10.999 24.617 10.263 22.684
96 7 2 11.094 24.467 10.207 22.347
97 7 2 11.115 24.520 10.175 22.284
98 7 2 11.125 24.382 10.184 22.146
99 7 2 11.133 24.075 10.226 22.029
100 7 2 11.155 24.117 10.194 21.966
101 7 2 11.164 23.990 10.203 21.840
102 7 2 11.195 23.842 10.234 21.691
103 7 2 11.205 23.715 10.244 21.564
105 7 2 11.222 23.271 10.367 21.076
106 7 2 11.233 23.323 10.324 21.014
107 7 2 11.253 23.175 10.345 20.865
108 7 2 11.274 23.027 10.365 20.717
109 7 2 11.294 22.878 10.385 20.569
110 7 2 11.314 22.730 10.405 20.421
111 7 2 11.355 22.582 10.446 20.272
112 7 2 11.375 22.433 10.466 20.124
113 7 2 11.395 22.306 10.487 19.997
114 7 2 11.437 22.158 10.528 19.849
115 7 2 11.457 22.010 10.548 19.701
116 7 2 11.498 21.882 10.589 19.573
117 7 2 11.518 21.734 10.610 19.425
118 7 2 11.559 21.585 10.651 19.277
120 7 2 11.809 20.948 10.713 19.086
121 7 2 11.830 20.990 10.670 19.034
122 7 2 11.861 20.852 10.701 18.896
123 7 2 11.892 20.715 10.732 18.758
124 7 2 11.944 20.577 10.784 18.620
125 7 2 11.975 20.439 10.815 18.483
126 7 2 12.026 20.301 10.867 18.345
127 7 2 12.057 20.163 10.897 18.207
128 7 2 12.109 20.004 10.949 18.048
129 7 2 12.140 19.866 10.980 17.911
130 7 2 12.192 19.729 11.032 17.773
131 7 2 12.222 19.591 11.063 17.635
132 7 2 12.274 19.453 11.115 17.497
133 7 2 12.305 19.315 11.145 17.360
134 7 2 12.357 19.178 11.197 17.222
135 7 2 12.387 19.040 11.228 17.084
136 7 2 12.439 18.902 11.280 16.947
137 7 2 12.491 18.764 11.332 16.809
138 7 2 12.543 18.626 11.384 16.671
139 7 2 12.574 18.510 11.415 16.555
140 7 2 12.626 18.372 11.467 16.417
141 7 2 12.657 18.256 11.497 16.301
142 7 2 12.708 18.118 11.549 16.163
143 7 2 12.760 18.001 11.601 16.046
144 7 2 12.694 17.696 11.738 15.897
145 7 2 12.716 17.738 11.706 15.845
146 7 2 12.757 17.622 11.747 15.728
147 7 2 12.893 17.325 11.946 15.441
148 7 2 12.914 17.367 11.914 15.378
149 7 2 12.966 17.250 11.966 15.262
150 7 2 13.144 17.037 12.071 15.197
151 7 2 13.166 17.079 12.029 15.145
152 7 2 13.218 16.983 12.081 15.049
153 7 2 13.279 16.677 12.302 14.888
154 7 2 13.300 16.719 12.270 14.836
155 7 2 13.342 16.613 12.311 14.730
156 7 2 13.393 16.359 12.405 14.582
157 7 2 13.414 16.401 12.373 14.529
158 7 2 13.466 16.305 12.425 14.434
159 7 2 13.591 15.998 12.445 14.265
160 7 2 13.612 16.040 12.402 14.213
161 7 2 13.675 15.945 12.465 14.118
162 7 2 13.852 15.669 12.770 13.872
163 7 2 13.874 15.710 12.727 13.820
164 7 2 13.937 15.615 12.790 13.724
165 7 2 13.999 15.498 12.853 13.607
166 7 2 14.062 15.424 12.915 13.533
167 7 2 14.124 15.307 12.978 13.416
168 7 2 14.187 15.233 13.041 13.342
169 7 2 14.250 15.137 13.104 13.247
170 7 2 14.313 15.062 13.166 13.172
171 7 2 14.396 14.988 13.250 13.097
172 7 2 14.459 14.913 13.313 13.023
173 7 2 14.522 14.839 13.376 12.949
174 7 2 14.606 14.785 13.460 12.895
175 7 2 14.669 14.711 13.523 12.821
176 7 2 14.732 14.657 13.586 12.767
177 7 2 14.816 14.583 13.670 12.693
178 7 2 14.900 14.529 13.754 12.639
179 7 2 14.984 14.454 13.838 12.564
180 7 2 15.404 14.249 13.564 12.662
181 7 2 15.447 14.280 13.511 12.610
182 7 2 15.510 14.237 13.574 12.568
183 7 2 15.615 14.194 13.679 12.524
184 7 2 15.678 14.151 13.742 12.481
185 7 2 15.783 14.108 13.847 12.438
186 7 2 15.846 14.065 13.911 12.395
187 7 2 15.951 14.021 14.016 12.352
188 7 2 16.014 13.979 14.079 12.309
189 7 2 16.119 13.935 14.184 12.266
190 7 2 16.182 13.913 14.247 12.244
191 7 2 16.287 13.870 14.353 12.201
192 7 2 16.350 13.848 14.416 12.179
193 7 2 16.413 13.847 14.479 12.178
195 7 2 16.456 13.889 14.415 12.127
196 7 2 16.508 13.867 14.468 12.105
197 7 2 16.582 13.866 14.542 12.104
198 7 2 16.635 13.845 14.594 12.082
199 7 2 16.687 13.802 14.647 12.040
200 7 2 16.740 13.780 14.700 12.018
201 7 2 16.813 13.779 14.773 12.017
202 7 2 16.887 13.757 14.847 11.995
203 7 2 16.939 13.736 14.900 11.974
204 7 2 16.950 13.757 14.910 11.995
205 7 2 16.940 13.757 14.900 11.995
206 7 2 16.908 13.757 14.868 11.995
207 7 2 16.919 13.757 14.879 11.995
208 7 2 16.929 13.736 14.889 11.974
209 7 2 16.939 13.736 14.900 11.974
210 7 2 16.929 13.736 14.889 11.974
211 7 2 18.736 13.241 16.823 12.445
212 7 2 18.851 13.229 16.939 12.433
213 7 2 18.988 13.217 17.076 12.421
214 7 2 19.124 13.184 17.212 12.388
215 7 2 19.261 13.172 17.349 12.376
216 7 2 19.376 13.139 17.465 12.343
217 7 2 19.534 13.126 17.623 12.331
218 7 2 19.649 13.094 17.738 12.298
219 7 2 19.765 13.082 17.854 12.286
220 7 2 19.901 13.049 17.990 12.253
221 7 2 20.038 13.036 18.127 12.241
222 7 2 20.153 13.004 18.243 12.208
223 7 2 20.310 12.970 18.400 12.175
224 7 2 20.425 12.937 18.516 12.142
225 7 2 20.562 12.904 18.652 12.109
226 7 2 20.677 12.850 18.767 12.055
227 7 2 20.813 12.817 18.904 12.022
228 7 2 20.949 12.784 19.040 11.989
229 7 2 21.085 12.751 19.176 11.956
230 7 2 21.200 12.697 19.292 11.902
231 7 2 21.336 12.664 19.428 11.869
232 7 2 21.451 12.611 19.543 11.815
233 7 2 21.587 12.557 19.679 11.761
234 7 2 21.702 12.503 19.794 11.707
235 7 2 21.838 12.470 19.931 11.674
236 7 2 21.974 12.416 20.067 11.620
237 7 2 22.110 12.362 20.203 11.566
238 7 2 22.246 12.308 20.339 11.512
239 7 2 22.382 12.275 20.475 11.479
240 7 2 22.539 12.325 20.670 10.985
241 7 2 22.582 12.356 20.617 10.943
242 7 2 22.707 12.302 20.743 10.889
243 7 2 22.832 12.269 20.868 10.857
244 7 2 22.957 12.195 20.993 10.782
245 7 2 23.083 12.162 21.119 10.749
246 7 2 23.229 12.087 21.265 10.674
247 7 2 23.333 12.033 21.370 10.621
248 7 2 23.479 11.979 21.516 10.567
249 7 2 23.604 11.925 21.641 10.513
250 7 2 23.729 11.851 21.767 10.438
251 7 2 23.854 11.797 21.892 10.384
252 7 2 24.000 11.722 22.038 10.310
253 7 2 24.146 11.668 22.184 10.256
254 7 2 24.271 11.614 22.310 10.202
255 7 2 24.417 11.560 22.456 10.148
256 7 2 24.563 11.485 22.602 10.073
257 7 2 24.688 11.431 22.727 10.020
258 7 2 24.813 11.357 22.852 9.945
259 7 2 24.959 11.324 22.998 9.912
260 7 2 25.125 11.249 23.165 9.837
261 7 2 25.250 11.195 23.290 9.783
262 7 2 25.396 11.120 23.436 9.708
263 7 2 25.521 11.087 23.561 9.676
264 7 2 25.646 11.013 23.686 9.601
265 7 2 25.771 10.980 23.812 9.569
266 7 2 25.937 10.884 23.978 9.473
267 7 2 26.082 10.830 24.124 9.419
268 7 2 26.249 10.755 24.291 9.344
269 7 2 26.395 10.701 24.437 9.290
270 7 2 26.686 10.594 24.781 9.213
271 7 2 26.728 10.624 24.718 9.172
272 7 2 26.853 10.571 24.843 9.119
273 7 2 26.998 10.496 24.988 9.044
274 7 2 27.144 10.442 25.134 8.990
275 7 2 27.310 10.367 25.301 8.915
276 7 2 27.455 10.313 25.446 8.862
277 7 2 27.580 10.239 25.571 8.787
278 7 2 27.725 10.185 25.717 8.733
279 7 2 27.891 10.110 25.883 8.659
280 7 2 28.037 10.057 26.029 8.605
281 7 2 28.182 9.982 26.174 8.530
282 7 2 28.348 9.928 26.341 8.476
283 7 2 28.493 9.853 26.486 8.402
284 7 2 28.638 9.800 26.632 8.348
285 7 2 28.784 9.725 26.777 8.274
286 7 2 28.908 9.671 26.902 8.220
287 7 2 29.053 9.597 27.047 8.146
288 7 2 29.219 9.543 27.213 8.092
289 7 2 29.364 9.468 27.359 8.017
290 7 2 29.509 9.415 27.504 7.964
291 7 2 29.675 9.340 27.670 7.889
292 7 2 29.820 9.286 27.815 7.835
293 7 2 29.965 9.191 27.960 7.740
294 7 2 30.131 9.137 28.127 7.686
295 7 2 30.296 9.062 28.293 7.612
296 7 2 30.441 9.009 28.438 7.558
297 7 2 30.586 8.934 28.583 7.484
298 7 2 30.773 8.880 28.770 7.430
300 7 2 31.206 8.605 29.226 7.280
301 7 2 31.248 8.636 29.163 7.238
302 7 2 31.393 8.572 29.309 7.174
303 7 2 31.538 8.508 29.454 7.111
304 7 2 31.703 8.423 29.619 7.026
305 7 2 31.869 8.358 29.785 6.962
306 7 2 32.013 8.274 29.930 6.877
307 7 2 32.158 8.210 30.075 6.813
308 7 2 32.323 8.146 30.240 6.749
309 7 2 32.489 8.081 30.406 6.685
310 7 2 32.633 8.018 30.551 6.621
311 7 2 32.778 7.933 30.695 6.536
312 7 2 32.943 7.869 30.861 6.472
313 7 2 33.087 7.805 31.006 6.408
314 7 2 33.211 7.720 31.130 6.324
315 7 2 33.356 7.657 31.274 6.260
316 7 2 33.500 7.593 31.419 6.196
317 7 2 33.623 7.508 31.543 6.112
318 7 2 33.768 7.444 31.688 6.048
319 7 2 33.912 7.381 31.832 5.985
320 7 2 34.036 7.296 31.956 5.900
321 7 2 34.159 7.233 32.080 5.837
322 7 2 34.303 7.148 32.224 5.752
323 7 2 34.469 7.084 32.389 5.688
324 7 2 34.613 7.020 32.534 5.624
326 7 2 34.860 6.893 32.782 5.497
327 7 2 34.983 6.809 32.905 5.413
328 7 2 35.127 6.745 33.050 5.350
329 7 2 35.292 6.660 33.215 5.265
330 7 2 35.724 6.417 33.575 5.012
331 7 2 35.776 6.448 33.512 4.971
332 7 2 35.910 6.385 33.646 4.908
333 7 2 36.043 6.321 33.780 4.844
334 7 2 36.198 6.236 33.934 4.760
335 7 2 36.352 6.173 34.089 4.696
336 7 2 36.486 6.109 34.223 4.633
337 7 2 36.619 6.046 34.357 4.569
338 7 2 36.753 5.982 34.491 4.506
104 7 2 11.235 23.566 10.274 21.416
119 7 2 11.580 21.458 10.671 19.150
325 7 2 34.736 6.957 32.658 5.561
299 7 2 30.897 8.806 28.894 7.356
0 1 1 6.223 10.650 5.730 10.086
1 1 1 6.266 10.702 5.708 10.054
2 1 1 6.277 10.713 5.687 10.023
3 1 1 6.319 10.712 5.729 10.023
4 1 1 6.362 10.722 5.772 10.033
5 1 1 6.415 10.732 5.825 10.043
6 1 1 6.447 10.721 5.857 10.032
7 1 1 6.511 10.742 5.921 10.052
8 1 1 6.564 10.741 5.974 10.052
9 1 1 6.617 10.751 6.027 10.062
10 1 1 6.681 10.750 6.091 10.061
11 1 1 6.734 10.760 6.144 10.071
12 1 1 6.787 10.781 6.198 10.091
13 1 1 6.841 10.791 6.251 10.101
14 1 1 6.883 10.780 6.293 10.090
15 1 1 6.936 10.790 6.347 10.100
16 1 1 6.989 10.789 6.400 10.100
17 1 1 7.032 10.789 6.442 10.099
18 1 1 7.085 10.788 6.496 10.099
19 1 1 7.149 10.788 6.559 10.098
20 1 1 7.191 10.787 6.602 10.098
22 1 1 7.202 10.797 6.580 10.066
23 1 1 7.255 10.797 6.634 10.066
24 1 1 7.319 10.796 6.697 10.065
25 1 1 7.383 10.785 6.761 10.054
26 1 1 7.446 10.774 6.825 10.043
27 1 1 7.510 10.773 6.888 10.042
28 1 1 7.574 10.772 6.952 10.041
29 1 1 7.648 10.761 7.027 10.030
30 1 1 7.987 10.673 7.133 10.102
31 1 1 8.008 10.683 7.101 10.082
32 1 1 8.061 10.672 7.154 10.071
33 1 1 8.104 10.672 7.197 10.070
35 1 1 8.487 10.752 7.314 10.143
36 1 1 8.508 10.762 7.272 10.112
37 1 1 8.561 10.761 7.325 10.111
38 1 1 8.593 10.740 7.356 10.090
39 1 1 8.646 10.718 7.409 10.068
40 1 1 8.678 10.739 7.441 10.089
41 1 1 8.752 10.717 7.516 10.067
42 1 1 8.847 10.716 7.611 10.066
43 1 1 8.922 10.715 7.685 10.065
44 1 1 8.996 10.736 7.760 10.085
45 1 1 9.049 10.714 7.813 10.064
46 1 1 9.081 10.735 7.845 10.084
47 1 1 9.176 10.734 7.940 10.083
48 1 1 9.272 10.754 8.036 10.103
49 1 1 9.325 10.774 8.089 10.124
50 1 1 9.399 10.752 8.164 10.102
51 1 1 9.431 10.752 8.195 10.102
52 1 1 9.463 10.752 8.227 10.101
53 1 1 9.516 10.751 8.280 10.101
54 1 1 9.548 10.751 8.312 10.100
55 1 1 9.622 10.750 8.386 10.100
56 1 1 9.696 10.749 8.461 10.099
57 1 1 9.770 10.748 8.535 10.098
58 1 1 9.844 10.747 8.609 10.097
59 1 1 9.919 10.747 8.684 10.096
60 1 1 9.993 10.746 8.758 10.096
61 1 1 9.759 10.601 9.023 10.061
62 1 1 9.769 10.611 8.991 10.040
63 1 1 9.822 10.600 9.044 10.029
64 1 1 9.875 10.589 9.097 10.018
65 1 1 9.939 10.599 9.160 10.028
67 1 1 9.992 10.588 9.213 10.017
68 1 1 10.002 10.598 9.181 9.996
69 1 1 10.055 10.598 9.234 9.996
70 1 1 10.119 10.586 9.298 9.985
71 1 1 10.182 10.586 9.362 9.984
72 1 1 10.246 10.596 9.425 9.994
73 1 1 10.310 10.595 9.489 9.993
74 1 1 10.373 10.605 9.553 10.003
75 1 1 10.426 10.615 9.606 10.013
77 1 1 10.490 10.614 9.669 10.012
78 1 1 10.872 10.704 9.871 10.042
79 1 1 10.893 10.715 9.839 10.010
80 1 1 10.946 10.714 9.892 10.010
82 1 1 10.999 10.714 9.945 10.009
83 1 1 11.041 10.703 9.987 9.998
84 1 1 11.063 10.713 9.945 9.967
85 1 1 11.105 10.702 9.987 9.956
86 1 1 11.168 10.712 10.051 9.966
87 1 1 11.232 10.701 10.114 9.955
88 1 1 11.296 10.710 10.178 9.965
89 1 1 11.380 10.699 10.262 9.953
90 1 1 11.444 10.709 10.326 9.963
91 1 1 11.528 10.697 10.411 9.952
92 1 1 11.453 10.551 10.792 10.000
93 1 1 11.464 10.561 10.760 9.980
94 1 1 11.517 10.561 10.813 9.979
96 1 1 11.548 10.560 10.845 9.979
97 1 1 11.612 10.560 10.909 9.978
98 1 1 11.623 10.570 10.877 9.957
99 1 1 11.665 10.570 10.919 9.957
100 1 1 11.728 10.569 10.983 9.956
102 1 1 11.781 10.568 11.036 9.956
103 1 1 11.845 10.568 11.099 9.955
105 1 1 11.855 10.578 11.067 9.924
106 1 1 11.940 10.588 11.152 9.933
107 1 1 12.438 10.708 11.428 10.078
108 1 1 12.650 10.685 11.418 10.120
109 1 1 12.671 10.695 11.375 10.099
110 1 1 12.724 10.695 11.428 10.099
111 1 1 12.755 10.694 11.460 10.098
112 1 1 12.808 10.715 11.513 10.119
113 1 1 12.840 10.693 11.545 10.097
114 1 1 12.893 10.714 11.598 10.118
115 1 1 12.925 10.713 11.630 10.118
116 1 1 12.999 10.713 11.704 10.117
117 1 1 13.052 10.712 11.757 10.116
118 1 1 13.126 10.732 11.831 10.136
120 1 1 13.274 10.752 11.979 10.156
121 1 1 13.327 10.772 12.032 10.176
122 1 1 13.401 10.792 12.106 10.197
123 1 1 13.073 10.733 12.424 10.193
124 1 1 13.084 10.743 12.392 10.172
125 1 1 13.136 10.743 12.445 10.172
127 1 1 13.179 10.753 12.487 10.182
128 1 1 13.231 10.742 12.540 10.171
129 1 1 13.274 10.752 12.582 10.181
130 1 1 13.284 10.762 12.550 10.160
131 1 1 13.327 10.762 12.593 10.160
132 1 1 13.390 10.761 12.656 10.159
134 1 1 13.443 10.760 12.709 10.159
135 1 1 13.506 10.770 12.772 10.168
136 1 1 13.570 10.769 12.836 10.168
137 1 1 13.951 10.912 12.911 10.272
138 1 1 13.973 10.923 12.879 10.241
139 1 1 14.183 10.836 13.069 10.228
140 1 1 14.204 10.847 13.026 10.197
141 1 1 14.257 10.846 13.079 10.197
142 1 1 14.194 10.847 13.248 10.163
143 1 1 14.215 10.857 13.216 10.132
144 1 1 14.268 10.856 13.269 10.131
145 1 1 14.468 10.812 13.450 10.256
146 1 1 14.489 10.822 13.418 10.235
148 1 1 14.521 10.833 13.449 10.245
149 1 1 14.479 10.865 13.407 10.267
151 1 1 14.500 10.875 13.365 10.246
152 1 1 14.658 10.799 13.713 10.200
153 1 1 14.679 10.810 13.681 10.180
154 1 1 14.553 10.853 14.136 10.227
155 1 1 14.574 10.895 14.083 10.165
156 1 1 14.585 10.905 14.061 10.133
157 1 1 14.616 10.905 14.093 10.133
158 1 1 14.669 10.904 14.146 10.133
159 1 1 14.690 10.904 14.167 10.132
160 1 1 14.733 10.914 14.209 10.142
161 1 1 14.764 10.903 14.241 10.132
162 1 1 14.807 10.924 14.283 10.152
163 1 1 14.849 10.923 14.325 10.152
164 1 1 14.881 10.934 14.357 10.162
165 1 1 14.902 10.923 14.378 10.151
166 1 1 14.923 10.933 14.399 10.161
167 1 1 14.954 10.933 14.431 10.161
168 1 1 14.986 10.932 14.463 10.161
169 1 1 15.007 10.932 14.484 10.160
170 1 1 15.028 10.921 14.505 10.150
171 1 1 15.060 10.932 14.536 10.160
172 1 1 15.091 10.921 14.568 10.149
173 1 1 15.102 10.921 14.579 10.149
174 1 1 15.134 10.920 14.610 10.149
175 1 1 15.155 10.910 14.631 10.138
177 1 1 15.176 10.899 14.652 10.127
178 1 1 15.197 10.899 14.673 10.127
179 1 1 15.218 10.898 14.694 10.127
180 1 1 15.239 10.888 14.715 10.116
181 1 1 15.250 10.898 14.694 10.085
182 1 1 15.271 10.887 14.715 10.074
183 1 1 15.292 10.877 14.736 10.063
184 1 1 15.607 10.736 14.811 10.167
185 1 1 15.617 10.747 14.779 10.147
186 1 1 15.639 10.747 14.800 10.147
187 1 1 15.670 10.746 14.832 10.146
188 1 1 15.691 10.746 14.853 10.146
189 1 1 15.723 10.746 14.885 10.146
190 1 1 15.744 10.745 14.906 10.145
191 1 1 15.776 10.745 14.937 10.145
192 1 1 15.807 10.745 14.969 10.145
193 1 1 15.902 10.681 14.758 10.210
194 1 1 15.923 10.691 14.716 10.189
195 1 1 15.965 10.691 14.758 10.189
196 1 1 15.965 10.680 14.980 10.229
198 1 1 15.986 10.690 14.948 10.208
199 1 1 16.028 10.690 14.991 10.208
200 1 1 16.049 10.690 15.012 10.207
201 1 1 16.081 10.679 15.043 10.196
202 1 1 16.134 10.741 15.148 10.153
203 1 1 16.155 10.751 15.117 10.133
204 1 1 16.197 10.751 15.159 10.132
205 1 1 16.239 10.740 15.201 10.121
206 1 1 16.282 10.740 15.243 10.121
207 1 1 16.313 10.729 15.275 10.110
208 1 1 16.355 10.718 15.317 10.099
209 1 1 16.408 10.707 15.369 10.088
210 1 1 16.450 10.696 15.411 10.077
211 1 1 16.502 10.695 15.464 10.076
212 1 1 16.545 10.684 15.506 10.065
213 1 1 16.597 10.673 15.559 10.054
214 1 1 16.639 10.673 15.601 10.054
215 1 1 16.491 10.601 15.854 10.041
216 1 1 16.502 10.611 15.822 10.020
217 1 1 16.544 10.611 15.864 10.020
218 1 1 16.755 10.640 15.948 9.966
219 1 1 16.765 10.650 15.916 9.935
220 1 1 16.808 10.650 15.959 9.935
221 1 1 16.966 10.669 16.045 10.133
222 1 1 16.987 10.679 16.013 10.113
223 1 1 17.029 10.679 16.055 10.112
224 1 1 17.071 10.689 16.097 10.122
225 1 1 17.124 10.678 16.150 10.111
226 1 1 17.177 10.698 16.203 10.131
228 1 1 17.240 10.677 16.150 10.195
229 1 1 17.261 10.687 16.108 10.175
230 1 1 17.303 10.697 16.150 10.185
231 1 1 17.356 10.717 16.203 10.205
232 1 1 17.398 10.727 16.245 10.215
233 1 1 17.335 10.696 16.562 10.222
234 1 1 17.345 10.707 16.530 10.201
235 1 1 17.387 10.717 16.572 10.211
236 1 1 17.535 10.694 16.614 10.201
237 1 1 17.556 10.705 16.582 10.180
238 1 1 17.598 10.715 16.625 10.190
239 1 1 17.640 10.735 16.667 10.210
240 1 1 17.693 10.745 16.720 10.220
241 1 1 17.746 10.744 16.772 10.220
242 1 1 17.883 10.827 16.669 10.399
243 1 1 17.904 10.837 16.626 10.379
245 1 1 17.957 10.847 16.679 10.389
246 1 1 17.810 10.838 17.004 10.270
247 1 1 17.820 10.849 16.973 10.249
248 1 1 17.873 10.858 17.025 10.259
249 1 1 17.915 10.879 17.068 10.280
277 1 1 19.696 11.331 18.577 10.714
278 1 1 19.738 11.331 18.619 10.714
279 1 1 19.780 11.330 18.661 10.713
280 1 1 19.833 11.329 18.713 10.713
281 1 1 19.875 11.339 18.755 10.723
283 1 1 19.896 11.350 18.713 10.692
284 1 1 19.949 11.360 18.766 10.702
285 1 1 19.980 11.370 18.797 10.712
286 1 1 20.054 11.358 18.871 10.701
287 1 1 20.107 11.389 18.924 10.731
288 1 1 20.180 11.399 18.997 10.741
289 1 1 20.254 11.429 19.071 10.772
290 1 1 20.328 11.439 19.145 10.781
292 1 1 20.349 11.449 19.103 10.750
293 1 1 20.380 11.460 19.134 10.761
294 1 1 20.412 11.491 19.166 10.792
295 1 1 20.444 11.480 19.197 10.781
296 1 1 20.454 11.490 19.208 10.791
297 1 1 20.444 11.480 19.197 10.781
298 1 1 20.412 11.491 19.166 10.792
300 1 1 21.188 11.429 20.092 10.897
301 1 1 21.209 11.440 20.049 10.876
302 1 1 21.283 11.439 20.123 10.875
303 1 1 21.346 11.428 20.186 10.864
304 1 1 21.388 11.438 20.228 10.874
305 1 1 21.440 11.427 20.280 10.863
307 1 1 21.461 11.437 20.238 10.843
308 1 1 21.514 11.426 20.291 10.832
309 1 1 21.545 11.425 20.322 10.831
311 1 1 21.566 11.436 20.280 10.811
312 1 1 21.598 11.425 20.311 10.800
313 1 1 21.608 11.414 20.322 10.789
314 1 1 21.660 11.424 20.374 10.799
315 1 1 21.671 11.413 20.385 10.789
316 1 1 21.723 11.423 20.437 10.799
317 1 1 21.776 11.412 20.490 10.787
318 1 1 21.849 11.422 20.563 10.797
319 1 1 21.902 11.432 20.616 10.807
320 1 1 21.996 11.462 20.711 10.837
321 1 1 22.070 11.472 20.784 10.847
322 1 1 22.144 11.502 20.858 10.878
323 1 1 22.196 11.512 20.911 10.888
324 1 1 22.270 11.564 20.984 10.939
326 1 1 22.354 11.563 21.068 10.938
327 1 1 22.364 11.552 21.079 10.928
328 1 1 22.417 11.562 21.131 10.938
329 1 1 22.427 11.551 21.142 10.927
330 1 1 22.782 11.432 21.718 10.889
331 1 1 22.803 11.442 21.676 10.869
332 1 1 22.866 11.442 21.739 10.868
333 1 1 23.108 11.512 21.698 10.910
334 1 1 23.139 11.522 21.655 10.879
335 1 1 23.192 11.522 21.708 10.879
336 1 1 23.244 11.521 21.760 10.878
337 1 1 23.276 11.521 21.792 10.878
338 1 1 23.307 11.500 21.823 10.857
339 1 1 23.380 11.478 21.896 10.835
340 1 1 23.411 11.498 21.928 10.855
341 1 1 23.485 11.477 22.001 10.834
342 1 1 23.651 11.412 22.305 10.841
343 1 1 23.683 11.422 22.263 10.820
344 1 1 23.714 11.411 22.294 10.809
345 1 1 23.715 11.443 22.305 10.872
346 1 1 23.746 11.453 22.263 10.852
347 1 1 23.798 11.442 22.316 10.841
348 1 1 23.861 11.420 22.473 10.849
349 1 1 23.892 11.430 22.431 10.829
350 1 1 23.945 11.440 22.483 10.839
351 1 1 23.997 11.450 22.536 10.849
352 1 1 24.029 11.460 22.567 10.859
353 1 1 24.081 11.491 22.620 10.890
354 1 1 24.113 11.480 22.651 10.879
355 1 1 24.186 11.489 22.725 10.888
356 1 1 24.239 11.499 22.777 10.898
357 1 1 24.291 11.509 22.830 10.908
358 1 1 24.322 11.498 22.861 10.897
359 1 1 24.375 11.508 22.914 10.907
360 1 1 24.301 11.436 23.217 10.914
361 1 1 24.322 11.446 23.175 10.894
362 1 1 24.364 11.446 23.217 10.893
363 1 1 24.416 11.445 23.270 10.893
364 1 1 24.479 11.434 23.332 10.882
365 1 1 24.531 11.433 23.385 10.881
366 1 1 24.583 11.422 23.437 10.870
367 1 1 24.625 11.422 23.479 10.870
368 1 1 24.677 11.421 23.531 10.869
369 1 1 24.719 11.410 23.573 10.858
370 1 1 24.761 11.399 23.615 10.847
371 1 1 24.896 11.356 23.908 10.896
373 1 1 24.917 11.366 23.877 10.876
374 1 1 24.959 11.366 23.918 10.875
375 1 1 24.990 11.365 23.950 10.875
376 1 1 25.043 11.365 24.002 10.874
377 1 1 25.074 11.364 24.034 10.874
378 1 1 25.137 11.364 24.096 10.873
379 1 1 25.179 11.363 24.138 10.873
380 1 1 25.231 11.363 24.191 10.872
381 1 1 25.262 11.352 24.222 10.861
382 1 1 25.325 11.361 24.285 10.871
383 1 1 25.377 11.361 24.337 10.870
384 1 1 25.409 11.360 24.368 10.870
385 1 1 25.461 11.370 24.421 10.880
387 1 1 25.546 11.516 24.504 10.816
388 1 1 25.567 11.526 24.462 10.785
389 1 1 25.609 11.536 24.504 10.795
390 1 1 25.630 11.525 24.524 10.785
391 1 1 25.640 11.536 24.587 10.774
392 1 1 25.661 11.546 24.545 10.743
393 1 1 25.693 11.535 24.576 10.732
394 1 1 25.724 11.545 24.608 10.742
395 1 1 25.734 11.514 24.618 10.710
396 1 1 25.786 11.524 24.670 10.720
397 1 1 25.797 11.492 24.680 10.689
398 1 1 25.828 11.502 24.712 10.699
399 1 1 25.838 11.492 24.722 10.688
400 1 1 25.870 11.481 24.754 10.678
401 1 1 25.859 11.470 24.743 10.667
402 1 1 25.890 11.460 24.774 10.656
403 1 1 25.880 11.449 24.764 10.646
404 1 1 25.911 11.438 24.795 10.635
405 1 1 25.921 11.428 24.805 10.625
406 1 1 25.932 11.417 24.816 10.614
407 1 1 25.942 11.386 24.826 10.583
408 1 1 25.973 11.375 24.857 10.572
409 1 1 26.004 11.364 24.888 10.561
410 1 1 26.036 11.353 24.920 10.550
411 1 1 26.046 11.343 24.930 10.540
412 1 1 26.056 11.353 24.941 10.550
413 1 1 26.067 11.343 24.951 10.539
414 1 1 26.098 11.332 24.982 10.529
415 1 1 26.108 11.321 24.992 10.518
416 1 1 26.140 11.331 25.024 10.528
417 1 1 26.150 11.342 25.035 10.538
418 1 1 26.182 11.352 25.066 10.549
419 1 1 26.192 11.341 25.076 10.538
420 1 1 26.224 11.372 25.108 10.569
421 1 1 26.276 11.330 25.128 10.517
422 1 1 26.297 11.340 25.086 10.475
423 1 1 26.317 11.340 25.107 10.475
424 1 1 26.318 11.361 25.107 10.496
425 1 1 26.318 11.361 25.107 10.496
426 1 1 26.339 11.360 25.128 10.496
427 1 1 26.360 11.381 25.149 10.516
428 1 1 26.360 11.402 25.149 10.537
429 1 1 26.360 11.402 25.149 10.537
430 1 1 26.381 11.402 25.170 10.537
431 1 1 26.402 11.422 25.192 10.558
432 1 1 26.381 11.444 25.171 10.579
119 1 1 13.200 10.753 11.905 10.157
325 1 1 22.301 11.553 21.016 10.928
299 1 1 20.423 11.480 19.176 10.781
0 0 2 36.196 4.305 34.277 3.053
1 0 2 36.248 4.346 34.236 3.032
2 0 2 36.207 4.346 34.194 3.033
3 0 2 36.145 4.367 34.132 3.054
4 0 2 36.083 4.389 34.071 3.075
5 0 2 36.042 4.389 34.029 3.075
6 0 2 36.000 4.410 33.988 3.097
7 0 2 35.939 4.431 33.926 3.118
8 0 2 35.856 4.453 33.843 3.139
9 0 2 35.794 4.474 33.782 3.160
10 0 2 35.753 4.495 33.740 3.182
11 0 2 35.691 4.496 33.678 3.182
12 0 2 35.609 4.517 33.596 3.203
13 0 2 35.547 4.538 33.534 3.225
14 0 2 35.485 4.560 33.472 3.246
15 0 2 35.402 4.560 33.389 3.247
16 0 2 35.340 4.582 33.327 3.268
17 0 2 35.279 4.603 33.265 3.289
18 0 2 35.196 4.624 33.182 3.311
19 0 2 35.113 4.625 33.099 3.311
20 0 2 35.031 4.647 33.017 3.333
21 0 2 34.948 4.668 32.934 3.354
22 0 2 34.866 4.690 32.851 3.375
23 0 2 34.783 4.711 32.769 3.397
24 0 2 34.700 4.732 32.686 3.418
25 0 2 34.618 4.754 32.603 3.440
26 0 2 34.535 4.775 32.520 3.461
27 0 2 34.453 4.797 32.438 3.483
28 0 2 34.370 4.818 32.355 3.504
29 0 2 34.287 4.840 32.272 3.525
30 0 2 33.997 4.759 32.034 3.579
31 0 2 34.038 4.780 31.971 3.538
32 0 2 33.966 4.801 31.899 3.560
33 0 2 33.894 4.822 31.827 3.581
34 0 2 33.780 4.844 31.713 3.603
35 0 2 33.708 4.866 31.640 3.624
36 0 2 33.615 4.887 31.547 3.646
37 0 2 33.522 4.909 31.454 3.667
38 0 2 33.428 4.930 31.361 3.689
39 0 2 33.335 4.952 31.267 3.710
40 0 2 33.242 4.973 31.174 3.732
41 0 2 33.149 4.995 31.081 3.753
42 0 2 33.035 5.017 30.967 3.775
43 0 2 32.943 5.059 30.874 3.817
44 0 2 32.829 5.081 30.760 3.839
45 0 2 32.736 5.103 30.667 3.861
46 0 2 32.622 5.124 30.552 3.882
47 0 2 32.529 5.146 30.459 3.904
48 0 2 32.415 5.189 30.345 3.946
49 0 2 32.343 5.210 30.273 3.968
50 0 2 32.229 5.232 30.159 3.990
51 0 2 32.136 5.253 30.065 4.011
52 0 2 32.022 5.275 29.951 4.033
53 0 2 31.928 5.297 29.858 4.054
54 0 2 31.815 5.339 29.744 4.097
55 0 2 31.722 5.361 29.651 4.119
56 0 2 31.608 5.383 29.536 4.140
57 0 2 31.494 5.405 29.422 4.162
58 0 2 31.380 5.426 29.308 4.184
59 0 2 31.266 5.448 29.194 4.206
60 0 2 31.080 5.596 29.101 4.321
61 0 2 31.122 5.626 29.038 4.280
62 0 2 31.018 5.638 28.935 4.291
63 0 2 30.894 5.649 28.810 4.302
64 0 2 30.769 5.682 28.685 4.335
65 0 2 30.666 5.693 28.581 4.346
66 0 2 30.541 5.725 28.457 4.378
67 0 2 30.417 5.737 28.332 4.390
68 0 2 30.292 5.769 28.207 4.422
69 0 2 30.168 5.781 28.082 4.433
70 0 2 30.043 5.813 27.958 4.466
71 0 2 29.918 5.824 27.833 4.477
72 0 2 29.794 5.857 27.708 4.509
73 0 2 29.648 5.869 27.562 4.521
74 0 2 29.524 5.901 27.438 4.553
75 0 2 29.399 5.912 27.313 4.565
76 0 2 29.275 5.945 27.188 4.597
77 0 2 29.129 5.977 27.042 4.630
78 0 2 29.005 6.010 26.917 4.662
79 0 2 28.880 6.021 26.792 4.673
80 0 2 28.756 6.075 26.668 4.727
81 0 2 28.610 6.086 26.522 4.738
82 0 2 28.485 6.139 26.397 4.791
83 0 2 28.361 6.151 26.272 4.803
84 0 2 28.215 6.184 26.126 4.835
85 0 2 28.090 6.216 26.002 4.868
86 0 2 27.966 6.248 25.877 4.900
87 0 2 27.820 6.281 25.731 4.933
88 0 2 27.695 6.313 25.606 4.965
89 0 2 27.550 6.346 25.460 4.998
90 0 2 27.194 6.255 25.378 5.186
91 0 2 27.236 6.276 25.326 5.145
92 0 2 27.112 6.308 25.201 5.177
93 0 2 26.966 6.341 25.055 5.210
94 0 2 26.820 6.374 24.909 5.242
95 0 2 26.674 6.406 24.763 5.275
96 0 2 26.529 6.439 24.617 5.307
97 0 2 26.362 6.472 24.450 5.340
98 0 2 26.217 6.525 24.304 5.394
99 0 2 26.071 6.558 24.158 5.426
100 0 2 25.925 6.590 24.012 5.459
101 0 2 25.758 6.623 23.845 5.492
102 0 2 25.613 6.677 23.699 5.545
103 0 2 25.467 6.710 23.553 5.578
105 0 2 25.154 6.775 23.240 5.643
106 0 2 25.008 6.829 23.094 5.697
107 0 2 24.862 6.861 22.948 5.729
108 0 2 24.696 6.915 22.781 5.783
109 0 2 24.528 6.927 22.613 5.795
110 0 2 24.383 6.981 22.467 5.849
111 0 2 24.216 7.014 22.300 5.881
112 0 2 24.049 7.047 22.133 5.914
113 0 2 23.882 7.079 21.965 5.947
114 0 2 23.735 7.112 21.819 5.980
115 0 2 23.568 7.145 21.652 6.013
116 0 2 23.401 7.178 21.484 6.045
117 0 2 23.234 7.190 21.317 6.057
118 0 2 23.088 7.244 21.170 6.111
120 0 2 22.649 7.311 20.836 6.208
121 0 2 22.691 7.331 20.783 6.167
122 0 2 22.534 7.354 20.626 6.189
123 0 2 22.377 7.397 20.469 6.232
124 0 2 22.220 7.419 20.312 6.255
125 0 2 22.063 7.421 20.154 6.256
126 0 2 21.885 7.443 19.976 6.279
127 0 2 21.749 7.466 19.840 6.301
128 0 2 21.571 7.467 19.661 6.302
129 0 2 21.414 7.490 19.504 6.325
130 0 2 21.257 7.512 19.347 6.347
131 0 2 21.100 7.514 19.189 6.349
132 0 2 20.922 7.536 19.011 6.371
133 0 2 20.785 7.559 18.874 6.393
134 0 2 20.607 7.560 18.696 6.395
135 0 2 20.471 7.562 18.559 6.396
136 0 2 20.292 7.584 18.381 6.419
137 0 2 20.156 7.607 18.244 6.441
138 0 2 19.978 7.608 18.066 6.443
139 0 2 19.841 7.610 17.929 6.444
140 0 2 19.663 7.632 17.750 6.466
141 0 2 19.527 7.654 17.614 6.489
142 0 2 19.369 7.656 17.456 6.490
143 0 2 19.212 7.678 17.298 6.512
144 0 2 19.054 7.722 17.141 6.556
145 0 2 18.918 7.744 17.004 6.578
146 0 2 18.760 7.725 16.846 6.558
147 0 2 18.624 7.768 16.710 6.602
148 0 2 18.466 7.769 16.552 6.603
149 0 2 18.351 7.792 16.436 6.625
150 0 2 18.055 7.585 16.354 6.898
151 0 2 18.097 7.595 16.301 6.868
152 0 2 17.971 7.596 16.175 6.869
153 0 2 17.845 7.618 16.049 6.891
154 0 2 17.718 7.599 15.922 6.871
155 0 2 17.571 7.621 15.775 6.893
156 0 2 17.445 7.601 15.648 6.874
157 0 2 17.319 7.623 15.522 6.896
158 0 2 17.192 7.604 15.395 6.876
159 0 2 17.087 7.626 15.290 6.898
160 0 2 16.960 7.606 15.163 6.878
161 0 2 16.834 7.607 15.037 6.879
162 0 2 16.708 7.608 14.910 6.880
163 0 2 16.603 7.609 14.805 6.881
164 0 2 16.476 7.610 14.678 6.883
165 0 2 16.350 7.591 14.552 6.863
166 0 2 16.244 7.571 14.446 6.843
167 0 2 16.118 7.572 14.319 6.844
168 0 2 15.991 7.573 14.193 6.845
169 0 2 15.865 7.574 14.066 6.846
170 0 2 15.760 7.596 13.961 6.868
171 0 2 15.633 7.577 13.834 6.848
172 0 2 15.507 7.599 13.707 6.871
173 0 2 15.401 7.600 13.602 6.872
174 0 2 15.275 7.601 13.475 6.873
175 0 2 15.148 7.623 13.349 6.895
176 0 2 15.043 7.666 13.243 6.938
177 0 2 14.938 7.688 13.138 6.960
178 0 2 14.812 7.710 13.011 6.982
179 0 2 14.707 7.753 12.906 7.025
180 0 2 14.464 7.819 12.661 6.807
181 0 2 14.507 7.839 12.608 6.776
182 0 2 14.412 7.872 12.513 6.808
183 0 2 14.318 7.925 12.419 6.861
184 0 2 14.202 7.958 12.303 6.894
185 0 2 14.107 8.032 12.208 6.968
186 0 2 13.992 8.065 12.092 7.001
187 0 2 13.897 8.139 11.997 7.075
188 0 2 13.803 8.193 11.903 7.129
189 0 2 13.708 8.267 11.808 7.203
190 0 2 13.613 8.321 11.713 7.257
191 0 2 13.519 8.395 11.619 7.331
192 0 2 13.425 8.470 11.524 7.406
193 0 2 13.351 8.544 11.451 7.480
194 0 2 13.257 8.618 11.356 7.554
195 0 2 13.183 8.693 11.282 7.629
196 0 2 13.089 8.767 11.188 7.703
197 0 2 13.016 8.862 11.114 7.799
198 0 2 12.921 8.937 11.020 7.873
199 0 2 12.848 9.032 10.946 7.968
200 0 2 12.775 9.107 10.873 8.043
201 0 2 12.722 9.202 10.821 8.138
202 0 2 12.649 9.297 10.747 8.233
203 0 2 12.576 9.392 10.674 8.329
204 0 2 12.503 9.467 10.600 8.403
205 0 2 12.451 9.583 10.548 8.519
206 0 2 12.377 9.657 10.475 8.594
207 0 2 12.325 9.774 10.423 8.710
208 0 2 12.252 9.869 10.349 8.805
209 0 2 12.221 9.985 10.318 8.921
210 0 2 11.825 10.705 10.424 8.931
211 0 2 11.857 10.746 10.381 8.879
212 0 2 11.815 10.862 10.340 8.995
213 0 2 11.774 10.979 10.298 9.111
214 0 2 11.711 11.095 10.236 9.227
215 0 2 11.670 11.232 10.194 9.365
216 0 2 11.629 11.349 10.153 9.481
217 0 2 11.587 11.486 10.112 9.618
218 0 2 11.546 11.602 10.070 9.734
219 0 2 11.526 11.739 10.050 9.871
220 0 2 11.484 11.855 10.008 9.988
221 0 2 11.464 11.992 9.988 10.125
222 0 2 11.423 12.109 9.947 10.241
223 0 2 11.403 12.246 9.926 10.378
224 0 2 11.383 12.383 9.906 10.515
225 0 2 10.950 12.557 10.173 10.807
226 0 2 10.961 12.599 10.141 10.755
227 0 2 10.951 12.725 10.132 10.881
228 0 2 10.985 12.998 10.197 11.123
229 0 2 10.996 13.040 10.165 11.060
230 0 2 10.976 13.188 10.145 11.207
231 0 2 10.850 13.442 10.116 11.608
232 0 2 10.861 13.484 10.084 11.556
233 0 2 10.852 13.632 10.074 11.703
234 0 2 10.981 13.925 10.108 11.924
235 0 2 11.003 13.967 10.075 11.861
236 0 2 11.004 14.115 10.076 12.009
237 0 2 10.963 14.358 10.111 12.335
238 0 2 10.974 14.400 10.068 12.272
239 0 2 10.975 14.547 10.069 12.419
240 0 2 10.860 14.717 10.095 13.009
241 0 2 10.871 14.759 10.062 12.957
242 0 2 10.872 14.907 10.063 13.104
243 0 2 11.012 15.221 10.139 13.262
244 0 2 11.034 15.263 10.107 13.199
245 0 2 11.035 15.411 10.108 13.346
246 0 2 10.984 15.696 10.131 13.641
247 0 2 10.995 15.738 10.088 13.578
248 0 2 10.996 15.896 10.089 13.736
249 0 2 11.009 16.212 10.146 14.263
250 0 2 11.031 16.254 10.114 14.200
251 0 2 11.043 16.412 10.126 14.358
252 0 2 11.013 16.687 10.203 14.726
253 0 2 11.024 16.729 10.171 14.663
254 0 2 11.025 16.876 10.172 14.810
255 0 2 10.985 17.151 10.207 15.232
256 0 2 10.996 17.193 10.174 15.169
257 0 2 11.007 17.341 10.186 15.316
258 0 2 11.074 17.698 10.178 15.654
259 0 2 11.095 17.740 10.146 15.591
260 0 2 11.096 17.888 10.147 15.739
261 0 2 11.077 18.131 10.150 16.224
262 0 2 11.098 18.173 10.118 16.161
263 0 2 11.089 18.331 10.109 16.319
264 0 2 11.060 18.711 10.238 16.602
265 0 2 11.071 18.764 10.206 16.540
266 0 2 11.062 18.933 10.197 16.708
267 0 2 11.053 19.186 10.211 17.204
268 0 2 11.064 19.228 10.179 17.141
269 0 2 11.055 19.376 10.169 17.289
270 0 2 10.939 19.452 10.257 17.720
271 0 2 10.950 19.494 10.225 17.668
272 0 2 10.951 19.663 10.226 17.837
273 0 2 10.931 19.811 10.206 17.985
274 0 2 10.932 19.980 10.207 18.154
275 0 2 10.912 20.149 10.187 18.323
276 0 2 11.065 20.664 10.168 18.587
277 0 2 11.086 20.706 10.136 18.524
278 0 2 11.066 20.865 10.116 18.683
279 0 2 11.067 21.023 10.117 18.841
280 0 2 11.068 21.181 10.118 19.000
281 0 2 11.048 21.340 10.098 19.158
282 0 2 10.912 21.480 10.016 19.561
283 0 2 10.933 21.521 9.984 19.498
284 0 2 10.913 21.670 9.964 19.646
285 0 2 10.893 21.839 9.944 19.815
286 0 2 10.873 21.987 9.924 19.963
287 0 2 10.832 22.136 9.882 20.112
288 0 2 10.812 22.305 9.862 20.281
289 0 2 10.770 22.454 9.821 20.430
290 0 2 10.750 22.581 9.801 20.557
291 0 2 10.709 22.730 9.759 20.705
292 0 2 10.668 22.899 9.718 20.875
293 0 2 10.648 23.048 9.698 21.023
294 0 2 10.606 23.175 9.656 21.151
295 0 2 10.586 23.323 9.636 21.299
296 0 2 10.545 23.493 9.595 21.469
297 0 2 10.503 23.642 9.554 21.617
298 0 2 10.483 23.769 9.533 21.745
300 0 2 10.411 24.003 9.367 22.233
301 0 2 10.432 24.045 9.335 22.181
302 0 2 10.412 24.172 9.314 22.308
303 0 2 10.371 24.321 9.273 22.457
304 0 2 10.329 24.470 9.232 22.606
305 0 2 10.288 24.618 9.190 22.754
306 0 2 10.267 24.746 9.170 22.882
307 0 2 10.226 24.894 9.128 23.030
308 0 2 10.185 25.043 9.087 23.179
309 0 2 10.165 25.192 9.067 23.328
310 0 2 10.123 25.341 9.025 23.476
311 0 2 10.103 25.489 9.005 23.625
312 0 2 9.957 25.830 8.933 23.943
104 0 2 25.321 6.763 23.407 5.631
119 0 2 22.920 7.256 21.003 6.123
299 0 2 10.442 23.918 9.492 21.893
91 8 2 11.161 22.130 9.968 20.142
92 8 2 11.202 21.971 10.009 19.983
93 8 2 11.168 21.676 10.093 19.866
94 8 2 11.189 21.718 10.050 19.814
95 8 2 11.220 21.549 10.081 19.644
96 8 2 11.164 21.254 10.109 19.190
97 8 2 11.186 21.296 10.077 19.127
98 8 2 11.217 21.126 10.107 18.958
99 8 2 11.276 20.640 10.264 18.691
100 8 2 11.298 20.682 10.232 18.628
101 8 2 11.329 20.523 10.263 18.470
102 8 2 11.475 20.235 10.569 18.223
103 8 2 11.496 20.277 10.536 18.160
105 8 2 11.694 19.747 10.788 17.766
106 8 2 11.715 19.788 10.756 17.703
107 8 2 11.746 19.619 10.786 17.534
108 8 2 11.797 19.450 10.838 17.364
109 8 2 11.828 19.259 10.868 17.174
110 8 2 11.879 19.111 10.920 17.025
111 8 2 11.833 18.647 11.003 16.771
112 8 2 11.844 18.689 10.971 16.708
113 8 2 11.885 18.520 11.012 16.539
114 8 2 11.998 18.054 11.008 16.012
115 8 2 12.020 18.096 10.975 15.949
116 8 2 12.050 17.927 11.006 15.780
117 8 2 12.102 17.758 11.058 15.611
118 8 2 12.132 17.567 11.088 15.421
120 8 2 12.243 16.870 11.254 15.007
121 8 2 12.265 16.912 11.222 14.955
122 8 2 12.295 16.753 11.253 14.797
123 8 2 12.347 16.574 11.304 14.617
124 8 2 12.398 16.394 11.356 14.437
125 8 2 12.450 16.214 11.408 14.257
126 8 2 12.489 15.802 11.630 14.297
127 8 2 12.510 15.834 11.598 14.244
128 8 2 12.541 15.654 11.628 14.065
129 8 2 12.560 15.370 11.688 13.527
130 8 2 12.581 15.411 11.656 13.475
131 8 2 12.622 15.232 11.697 13.295
132 8 2 12.704 14.862 11.778 12.915
133 8 2 12.725 14.904 11.746 12.852
134 8 2 12.756 14.746 11.777 12.694
135 8 2 12.952 14.196 12.052 12.670
136 8 2 12.974 14.227 12.020 12.618
137 8 2 13.004 14.069 12.050 12.459
138 8 2 13.033 13.679 12.206 12.100
139 8 2 13.044 13.710 12.174 12.047
140 8 2 13.085 13.563 12.215 11.900
141 8 2 13.178 13.267 12.372 11.666
142 8 2 13.189 13.298 12.340 11.614
143 8 2 13.230 13.171 12.381 11.487
144 8 2 13.365 12.844 12.367 11.004
145 8 2 13.386 12.885 12.334 10.951
146 8 2 13.427 12.769 12.376 10.835
147 8 2 13.426 12.569 12.353 10.615
148 8 2 13.447 12.611 12.310 10.552
149 8 2 13.499 12.505 12.362 10.446
150 8 2 13.749 12.082 12.435 10.277
151 8 2 13.782 12.123 12.392 10.225
152 8 2 13.823 12.018 12.434 10.119
153 8 2 13.885 11.912 12.496 10.014
154 8 2 13.969 11.806 12.580 9.908
155 8 2 14.011 11.700 12.621 9.802
156 8 2 14.073 11.594 12.684 9.696
157 8 2 14.114 11.489 12.726 9.591
158 8 2 14.177 11.383 12.788 9.485
159 8 2 14.261 11.277 12.872 9.379
160 8 2 14.302 11.171 12.913 9.273
161 8 2 14.365 11.086 12.976 9.189
162 8 2 14.406 10.981 13.017 9.083
163 8 2 14.469 10.896 13.080 8.998
164 8 2 14.552 10.811 13.164 8.913
165 8 2 14.615 10.705 13.227 8.808
166 8 2 14.677 10.621 13.289 8.723
167 8 2 14.761 10.536 13.373 8.638
168 8 2 14.824 10.451 13.436 8.553
169 8 2 14.886 10.366 13.499 8.469
170 8 2 14.970 10.281 13.582 8.384
171 8 2 15.033 10.197 13.645 8.299
172 8 2 15.095 10.133 13.708 8.236
173 8 2 15.179 10.048 13.792 8.151
174 8 2 15.263 9.984 13.876 8.087
175 8 2 15.347 9.899 13.959 8.002
176 8 2 15.430 9.814 14.043 7.917
177 8 2 15.514 9.750 14.127 7.853
178 8 2 15.598 9.665 14.211 7.769
179 8 2 15.682 9.602 14.295 7.705
180 8 2 16.048 9.304 14.326 7.631
181 8 2 16.091 9.345 14.273 7.579
182 8 2 16.164 9.282 14.346 7.515
183 8 2 16.258 9.218 14.440 7.452
184 8 2 16.352 9.154 14.535 7.388
185 8 2 16.446 9.069 14.629 7.303
186 8 2 16.541 9.005 14.723 7.239
187 8 2 16.635 8.941 14.818 7.175
188 8 2 16.729 8.877 14.912 7.111
189 8 2 16.823 8.813 15.007 7.047
190 8 2 16.939 8.749 15.122 6.983
191 8 2 17.033 8.685 15.216 6.920
192 8 2 17.169 8.621 15.353 6.855
193 8 2 17.285 8.557 15.468 6.791
194 8 2 17.400 8.493 15.584 6.727
195 8 2 17.515 8.429 15.699 6.663
196 8 2 17.651 8.364 15.836 6.599
197 8 2 17.766 8.300 15.951 6.535
198 8 2 17.882 8.236 16.066 6.471
199 8 2 17.997 8.193 16.182 6.428
200 8 2 18.133 8.150 16.318 6.385
201 8 2 18.248 8.086 16.434 6.321
202 8 2 18.385 8.043 16.570 6.278
203 8 2 18.500 8.000 16.686 6.235
204 8 2 18.636 7.956 16.822 6.192
205 8 2 18.751 7.913 16.937 6.149
206 8 2 18.888 7.870 17.074 6.106
207 8 2 19.024 7.827 17.210 6.063
208 8 2 19.181 7.804 17.368 6.040
209 8 2 19.318 7.782 17.504 6.018
210 8 2 19.691 7.224 17.886 6.308
211 8 2 19.733 7.244 17.833 6.277
212 8 2 19.859 7.222 17.959 6.255
213 8 2 20.006 7.221 18.106 6.254
214 8 2 20.173 7.198 18.274 6.231
215 8 2 20.320 7.176 18.421 6.209
216 8 2 20.446 7.175 18.547 6.208
217 8 2 20.593 7.173 18.694 6.206
218 8 2 20.761 7.172 18.862 6.205
219 8 2 20.908 7.170 19.009 6.204
220 8 2 21.054 7.169 19.156 6.202
221 8 2 21.222 7.167 19.324 6.201
222 8 2 21.819 7.088 19.703 6.260
223 8 2 21.872 7.109 19.640 6.229
224 8 2 22.018 7.107 19.787 6.228
225 8 2 22.144 7.106 19.913 6.227
226 8 2 22.291 7.126 20.060 6.247
227 8 2 22.458 7.124 20.228 6.245
228 8 2 22.606 7.206 20.658 6.314
229 8 2 22.648 7.227 20.595 6.284
230 8 2 22.795 7.247 20.742 6.303
231 8 2 23.046 7.223 21.057 6.279
232 8 2 23.088 7.244 20.993 6.249
233 8 2 23.234 7.253 21.140 6.258
234 8 2 23.402 7.283 21.308 6.288
235 8 2 23.570 7.291 21.476 6.297
236 8 2 23.717 7.321 21.623 6.327
237 8 2 23.884 7.351 21.791 6.356
238 8 2 24.031 7.381 21.938 6.387
239 8 2 24.198 7.390 22.106 6.395
240 8 2 24.209 7.369 22.443 6.560
241 8 2 24.251 7.379 22.390 6.518
242 8 2 24.408 7.398 22.547 6.538
243 8 2 24.565 7.439 22.705 6.578
244 8 2 24.743 7.458 22.883 6.597
245 8 2 24.900 7.498 23.040 6.638
246 8 2 25.078 7.517 23.218 6.657
247 8 2 25.235 7.558 23.376 6.697
248 8 2 25.392 7.577 23.533 6.717
249 8 2 25.549 7.617 23.690 6.757
250 8 2 25.727 7.637 23.868 6.777
251 8 2 25.884 7.677 24.025 6.817
252 8 2 26.061 7.696 24.203 6.836
253 8 2 26.218 7.736 24.361 6.876
254 8 2 26.375 7.756 24.518 6.896
255 8 2 26.532 7.796 24.675 6.936
256 8 2 26.710 7.836 24.853 6.976
257 8 2 26.867 7.876 25.010 7.017
258 8 2 27.044 7.895 25.188 7.036
259 8 2 27.201 7.935 25.345 7.076
260 8 2 27.358 7.976 25.502 7.116
261 8 2 27.515 8.016 25.659 7.157
262 8 2 27.693 8.056 25.837 7.197
263 8 2 27.849 8.096 25.994 7.237
264 8 2 28.006 8.115 26.151 7.257
265 8 2 28.163 8.156 26.308 7.297
266 8 2 28.340 8.196 26.486 7.337
267 8 2 28.497 8.236 26.643 7.377
268 8 2 28.675 8.276 26.820 7.417
269 8 2 28.831 8.316 26.977 7.457
270 8 2 29.113 8.386 27.281 7.559
271 8 2 29.155 8.406 27.228 7.528
272 8 2 29.301 8.447 27.375 7.568
273 8 2 29.447 8.466 27.521 7.588
274 8 2 29.635 8.527 27.709 7.649
275 8 2 29.781 8.546 27.855 7.668
276 8 2 29.969 8.586 28.043 7.708
277 8 2 30.115 8.626 28.190 7.748
278 8 2 30.282 8.645 28.357 7.768
279 8 2 30.448 8.665 28.524 7.787
280 8 2 30.615 8.705 28.691 7.827
281 8 2 30.782 8.745 28.858 7.867
282 8 2 30.949 8.785 29.025 7.907
283 8 2 31.115 8.804 29.192 7.926
284 8 2 31.282 8.823 29.358 7.946
285 8 2 31.448 8.863 29.525 7.986
286 8 2 31.594 8.903 29.671 8.026
287 8 2 31.740 8.943 29.818 8.066
288 8 2 31.927 8.962 30.005 8.085
289 8 2 32.073 8.981 30.151 8.105
290 8 2 32.240 9.042 30.318 8.165
291 8 2 32.738 9.037 30.620 8.235
292 8 2 32.790 9.047 30.557 8.194
293 8 2 32.956 9.066 30.724 8.214
294 8 2 33.102 9.106 30.870 8.254
295 8 2 33.289 9.146 31.058 8.294
296 8 2 33.435 9.165 31.203 8.313
297 8 2 33.622 9.205 31.391 8.353
298 8 2 33.767 9.224 31.536 8.372
300 8 2 34.091 9.460 32.149 8.345
301 8 2 34.133 9.481 32.086 8.304
302 8 2 34.289 9.521 32.242 8.344
303 8 2 34.424 9.540 32.378 8.364
304 8 2 34.600 9.559 32.554 8.383
305 8 2 34.756 9.599 32.710 8.423
306 8 2 34.912 9.639 32.867 8.463
307 8 2 35.068 9.658 33.022 8.482
308 8 2 35.223 9.677 33.178 8.501
309 8 2 35.379 9.738 33.335 8.562
310 8 2 35.535 9.757 33.490 8.582
311 8 2 35.670 9.818 33.626 8.643
312 8 2 35.826 9.837 33.782 8.662
313 8 2 35.982 9.898 33.938 8.723
314 8 2 36.137 9.917 34.094 8.742
315 8 2 36.273 9.978 34.229 8.803
316 8 2 36.428 9.997 34.385 8.822
317 8 2 36.563 10.058 34.520 8.883
318 8 2 36.719 10.077 34.676 8.903
104 8 2 11.527 20.119 10.567 18.001
119 8 2 12.184 17.398 11.140 15.251
299 8 2 33.934 9.264 31.703 8.412
121 11 2 24.374 6.156 22.308 4.554
122 11 2 24.260 6.198 22.194 4.597
123 11 2 24.124 6.241 22.058 4.640
124 11 2 24.010 6.284 21.943 4.682
125 11 2 23.874 6.327 21.807 4.725
126 11 2 23.739 6.370 21.672 4.768
127 11 2 23.603 6.413 21.536 4.811
128 11 2 23.468 6.456 21.400 4.854
129 11 2 23.332 6.499 21.264 4.897
130 11 2 23.217 6.542 21.149 4.940
131 11 2 23.081 6.564 21.013 4.962
132 11 2 22.946 6.628 20.877 5.026
133 11 2 22.810 6.630 20.741 5.027
134 11 2 22.695 6.672 20.626 5.070
135 11 2 22.559 6.695 20.490 5.092
136 11 2 22.424 6.759 20.354 5.156
137 11 2 22.287 6.760 20.218 5.157
138 11 2 22.173 6.803 20.103 5.200
139 11 2 22.037 6.825 19.967 5.222
140 11 2 21.922 6.868 19.851 5.265
141 11 2 21.786 6.911 19.715 5.308
142 11 2 21.671 6.954 19.600 5.351
143 11 2 21.535 6.976 19.464 5.373
144 11 2 21.420 6.977 19.349 5.374
145 11 2 21.263 6.999 19.191 5.396
146 11 2 21.148 7.042 19.076 5.439
147 11 2 21.012 7.065 18.940 5.461
148 11 2 20.896 7.066 18.824 5.462
149 11 2 20.760 7.088 18.688 5.484
150 11 2 20.559 6.912 18.595 5.663
151 11 2 20.601 6.943 18.531 5.621
152 11 2 20.486 6.944 18.416 5.622
153 11 2 20.371 6.966 18.300 5.644
154 11 2 20.255 6.967 18.185 5.645
155 11 2 20.140 6.968 18.069 5.646
156 11 2 20.004 6.990 17.933 5.669
157 11 2 19.888 6.991 17.817 5.670
158 11 2 19.752 6.993 17.680 5.671
159 11 2 19.636 6.994 17.565 5.672
160 11 2 19.521 6.995 17.449 5.673
161 11 2 19.405 6.996 17.333 5.674
162 11 2 19.269 6.997 17.196 5.675
163 11 2 19.174 6.998 17.102 5.676
164 11 2 19.037 6.978 16.965 5.656
165 11 2 18.922 6.979 16.849 5.657
166 11 2 18.806 6.980 16.733 5.658
167 11 2 18.690 6.961 16.617 5.638
168 11 2 18.554 6.962 16.480 5.639
169 11 2 18.459 6.963 16.386 5.640
170 11 2 18.322 6.943 16.249 5.620
171 11 2 18.228 6.944 16.154 5.621
172 11 2 18.091 6.945 16.017 5.622
173 11 2 17.996 6.946 15.922 5.623
174 11 2 17.860 6.947 15.785 5.624
175 11 2 17.744 6.948 15.669 5.625
176 11 2 17.628 6.950 15.553 5.626
177 11 2 17.513 6.951 15.438 5.627
178 11 2 17.397 6.952 15.322 5.628
179 11 2 17.281 6.953 15.206 5.629
180 11 2 17.036 6.651 15.154 5.777
181 11 2 17.079 6.672 15.101 5.746
182 11 2 16.963 6.673 14.985 5.747
183 11 2 16.847 6.674 14.869 5.748
184 11 2 16.732 6.696 14.753 5.770
185 11 2 16.595 6.697 14.616 5.771
186 11 2 16.500 6.698 14.521 5.772
187 11 2 16.363 6.720 14.385 5.794
188 11 2 16.247 6.721 14.269 5.795
189 11 2 16.132 6.743 14.153 5.817
190 11 2 16.016 6.765 14.037 5.839
191 11 2 15.879 6.788 13.900 5.861
192 11 2 15.785 6.809 13.805 5.883
193 11 2 15.648 6.832 13.668 5.905
194 11 2 15.532 6.854 13.552 5.927
195 11 2 15.416 6.876 13.436 5.949
196 11 2 15.301 6.898 13.320 5.971
197 11 2 15.185 6.941 13.204 6.014
198 11 2 15.069 6.963 13.088 6.036
199 11 2 14.932 7.006 12.951 6.079
200 11 2 14.838 7.028 12.856 6.101
201 11 2 14.701 7.071 12.719 6.145
202 11 2 14.606 7.114 12.625 6.187
203 11 2 14.491 7.157 12.509 6.230
204 11 2 14.375 7.200 12.393 6.273
205 11 2 14.259 7.243 12.277 6.317
206 11 2 14.165 7.307 12.182 6.380
207 11 2 14.028 7.350 12.045 6.424
208 11 2 13.933 7.414 11.951 6.488
209 11 2 13.818 7.478 11.835 6.552
210 11 2 13.620 7.816 11.707 6.469
211 11 2 13.662 7.847 11.643 6.427
212 11 2 13.568 7.922 11.549 6.502
213 11 2 13.473 7.975 11.454 6.555
214 11 2 13.379 8.071 11.360 6.651
215 11 2 13.285 8.145 11.265 6.725
216 11 2 13.211 8.241 11.192 6.820
217 11 2 13.117 8.315 11.097 6.895
218 11 2 13.044 8.410 11.024 6.990
219 11 2 12.970 8.485 10.950 7.064
220 11 2 12.897 8.580 10.877 7.160
221 11 2 12.824 8.654 10.803 7.234
222 11 2 12.751 8.771 10.730 7.350
223 11 2 12.678 8.866 10.657 7.445
224 11 2 12.604 8.961 10.583 7.541
225 11 2 12.531 9.057 10.510 7.636
226 11 2 12.458 9.173 10.436 7.753
227 11 2 12.385 9.268 10.363 7.848
228 11 2 12.333 9.363 10.311 7.943
229 11 2 12.238 9.459 10.216 8.039
230 11 2 12.186 9.575 10.164 8.155
231 11 2 12.113 9.671 10.091 8.250
232 11 2 12.040 9.808 10.018 8.388
233 11 2 11.967 9.904 9.944 8.483
234 11 2 11.915 10.041 9.892 8.621
235 11 2 11.842 10.157 9.819 8.737
236 11 2 11.790 10.274 9.767 8.853
237 11 2 11.716 10.390 9.693 8.970
238 11 2 11.664 10.506 9.641 9.086
239 11 2 11.591 10.623 9.568 9.203
240 11 2 11.129 11.112 9.611 9.234
241 11 2 11.161 11.154 9.557 9.171
242 11 2 11.109 11.270 9.505 9.288
243 11 2 11.057 11.387 9.453 9.404
244 11 2 10.984 11.524 9.380 9.541
245 11 2 10.932 11.641 9.327 9.658
246 11 2 10.880 11.778 9.275 9.795
247 11 2 10.828 11.895 9.223 9.912
248 11 2 10.776 12.032 9.171 10.049
249 11 2 10.724 12.148 9.119 10.165
250 11 2 10.672 12.286 9.067 10.303
251 11 2 10.620 12.402 9.015 10.419
252 11 2 10.568 12.540 8.963 10.557
253 11 2 10.537 12.656 8.932 10.673
254 11 2 10.485 12.794 8.880 10.811
255 11 2 10.454 12.931 8.849 10.948
256 11 2 10.402 13.069 8.797 11.085
257 11 2 10.372 13.206 8.766 11.223
258 11 2 10.320 13.365 8.714 11.381
259 11 2 10.289 13.502 8.683 11.519
260 11 2 10.237 13.640 8.631 11.656
261 11 2 10.228 13.777 8.622 11.793
262 11 2 10.176 13.914 8.570 11.931
263 11 2 10.145 14.052 8.539 12.068
264 11 2 10.114 14.189 8.508 12.206
265 11 2 10.083 14.327 8.477 12.343
266 11 2 10.053 14.485 8.446 12.502
267 11 2 10.022 14.644 8.416 12.660
268 11 2 9.970 14.803 8.364 12.819
269 11 2 9.939 14.940 8.333 12.957
270 11 2 9.560 15.230 8.538 13.376
271 11 2 9.581 15.272 8.505 13.324
272 11 2 9.561 15.419 8.485 13.471
273 11 2 9.552 15.599 8.445 13.778
274 11 2 9.573 15.641 8.402 13.726
275 11 2 9.553 15.778 8.382 13.863
276 11 2 9.407 16.076 8.415 14.073
277 11 2 9.428 16.117 8.383 14.011
278 11 2 9.397 16.266 8.352 14.159
279 11 2 9.303 16.394 8.397 14.485
280 11 2 9.324 16.435 8.365 14.422
281 11 2 9.293 16.573 8.334 14.560
282 11 2 9.263 16.711 8.303 14.697
283 11 2 9.232 16.869 8.272 14.856
284 11 2 9.201 17.007 8.241 14.994
285 11 2 9.161 17.282 8.192 15.501
286 11 2 9.182 17.324 8.159 15.448
287 11 2 9.151 17.462 8.129 15.586
288 11 2 8.962 17.770 7.971 15.799
289 11 2 8.984 17.812 7.938 15.736
290 11 2 8.953 17.950 7.907 15.874
291 11 2 8.903 18.352 7.912 16.497
292 11 2 8.925 18.394 7.880 16.444
293 11 2 8.894 18.521 7.849 16.572
294 11 2 8.821 18.734 7.830 16.868
295 11 2 8.842 18.775 7.797 16.815
296 11 2 8.811 18.913 7.766 16.953
297 11 2 8.781 19.072 7.736 17.112
298 11 2 8.750 19.189 7.704 17.228
300 11 2 8.720 19.474 7.579 17.589
301 11 2 8.741 19.516 7.536 17.527
302 11 2 8.711 19.654 7.506 17.664
303 11 2 8.658 19.771 7.453 17.781
304 11 2 8.627 19.909 7.422 17.919
305 11 2 8.596 20.047 7.391 18.057
306 11 2 8.566 20.185 7.360 18.195
307 11 2 8.513 20.323 7.308 18.333
308 11 2 8.483 20.461 7.277 18.471
309 11 2 8.430 20.599 7.225 18.609
310 11 2 8.399 20.737 7.194 18.747
311 11 2 8.347 20.875 7.142 18.885
312 11 2 8.316 21.013 7.111 19.023
313 11 2 8.264 21.151 7.059 19.161
314 11 2 8.212 21.311 7.006 19.320
315 11 2 8.160 21.428 6.954 19.437
316 11 2 8.108 21.588 6.902 19.597
317 11 2 8.055 21.705 6.850 19.714
318 11 2 8.003 21.864 6.797 19.873
319 11 2 7.951 21.981 6.745 19.991
320 11 2 7.899 22.141 6.693 20.150
321 11 2 7.847 22.258 6.640 20.267
322 11 2 7.794 22.397 6.588 20.405
323 11 2 7.721 22.535 6.515 20.544
324 11 2 7.669 22.674 6.462 20.682
326 11 2 7.564 22.951 6.358 20.959
327 11 2 7.587 23.141 6.243 21.278
328 11 2 7.619 23.182 6.200 21.226
329 11 2 7.577 23.300 6.158 21.343
330 11 2 7.472 23.460 6.042 21.567
331 11 2 7.504 23.502 5.999 21.505
332 11 2 7.441 23.609 5.936 21.611
333 11 2 7.378 23.737 5.873 21.740
334 11 2 7.315 23.865 5.810 21.868
335 11 2 7.273 23.993 5.768 21.995
336 11 2 7.210 24.121 5.705 22.123
337 11 2 7.147 24.249 5.642 22.251
338 11 2 7.084 24.377 5.579 22.380
339 11 2 7.022 24.527 5.516 22.529
340 11 2 6.937 24.655 5.431 22.657
341 11 2 6.874 24.762 5.368 22.764
342 11 2 6.811 24.890 5.305 22.893
343 11 2 6.748 25.019 5.242 23.021
344 11 2 6.685 25.147 5.179 23.149
345 11 2 6.622 25.254 5.115 23.256
346 11 2 6.537 25.383 5.031 23.384
347 11 2 6.474 25.511 4.968 23.513
348 11 2 6.411 25.618 4.904 23.620
349 11 2 6.348 25.746 4.841 23.748
350 11 2 6.285 25.875 4.778 23.876
325 11 2 7.616 22.812 6.410 20.821
299 11 2 8.719 19.348 7.674 17.387
