0 0 2 32.290 11.912 30.368 11.185
1 0 2 32.262 12.027 30.453 11.127
2 0 2 32.290 11.884 30.454 11.213
3 0 2 32.262 11.955 30.396 11.085
4 0 2 32.262 11.984 30.368 11.200
5 0 2 32.290 11.955 30.367 11.085
6 0 2 32.191 12.028 30.382 11.185
7 0 2 32.261 11.941 30.396 11.128
8 0 2 32.262 11.970 30.396 11.156
9 0 2 32.247 11.941 30.325 11.128
10 0 2 32.218 11.927 30.382 11.113
11 0 2 32.219 11.956 30.296 11.114
12 0 2 32.276 11.955 30.353 11.056
13 0 2 32.191 11.999 30.353 11.128
14 0 2 32.290 11.912 30.311 11.186
15 0 2 32.262 11.955 30.312 11.286
16 0 2 32.247 11.927 30.410 11.113
17 0 2 32.190 11.913 30.383 11.214
18 0 2 32.219 11.956 30.439 11.113
19 0 2 32.204 11.927 30.397 11.171
20 0 2 32.233 11.941 30.283 11.272
21 0 2 32.261 11.927 30.396 11.142
22 0 2 32.262 11.970 30.368 11.185
23 0 2 32.233 11.927 30.282 11.200
24 0 2 32.161 11.928 30.354 11.228
25 0 2 32.219 11.970 30.382 11.156
26 0 2 32.262 11.984 30.368 11.200
27 0 2 32.248 11.998 30.324 11.100
28 0 2 32.219 12.042 30.383 11.228
29 0 2 32.176 11.928 30.397 11.228
30 0 2 32.219 12.013 30.383 11.199
31 0 2 32.190 11.985 30.383 11.228
32 0 2 32.162 11.971 30.268 11.129
33 0 2 32.177 12.085 30.339 11.157
34 0 2 32.233 11.970 30.340 11.185
35 0 2 32.176 11.971 30.340 11.214
36 0 2 32.233 11.970 30.425 11.156
37 0 2 32.205 11.970 30.340 11.185
38 0 2 32.233 11.970 30.368 11.185
39 0 2 32.176 11.999 30.340 11.214
40 0 2 32.262 11.998 30.368 11.185
41 0 2 32.234 12.070 30.282 11.143
42 0 2 32.219 11.999 30.297 11.243
43 0 2 32.262 11.970 30.254 11.215
44 0 2 32.177 12.028 30.254 11.244
45 0 2 32.162 12.028 30.211 11.244
46 0 2 32.191 12.028 30.211 11.244
47 0 2 32.105 12.000 30.268 11.243
48 0 2 32.205 11.985 30.282 11.114
49 0 2 32.091 12.029 30.225 11.215
50 0 2 32.105 12.028 30.183 11.273
51 0 2 32.077 12.029 30.240 11.215
52 0 2 32.105 12.000 30.182 11.216
53 0 2 32.033 11.972 30.225 11.187
54 0 2 32.034 12.058 30.140 11.216
55 0 2 32.105 12.000 30.183 11.273
56 0 2 32.005 12.058 30.082 11.188
57 0 2 31.976 12.001 30.054 11.245
58 0 2 31.977 12.030 29.996 11.189
59 0 2 31.877 12.088 30.040 11.274
60 0 2 31.977 12.030 29.911 11.218
61 0 2 31.947 11.973 29.997 11.246
62 0 2 31.876 11.973 29.954 11.304
63 0 2 31.876 11.988 29.898 11.376
64 0 2 31.905 12.016 29.867 11.147
65 0 2 31.819 12.003 29.810 11.190
66 0 2 31.819 11.988 29.810 11.147
67 0 2 31.648 12.061 29.839 11.219
68 0 2 31.747 11.903 29.854 11.262
69 0 2 31.719 12.003 29.853 11.219
70 0 2 31.662 12.061 29.681 11.191
71 0 2 31.677 12.118 29.725 11.220
72 0 2 31.519 12.005 29.596 11.278
73 0 2 31.519 11.991 29.567 11.150
74 0 2 31.548 12.005 29.596 11.250
75 0 2 31.420 12.092 29.496 11.250
76 0 2 31.334 12.093 29.611 11.278
77 0 2 31.306 12.208 29.495 11.165
78 0 2 31.335 12.150 29.324 11.252
79 0 2 31.292 12.151 29.253 11.281
80 0 2 31.049 12.182 29.324 11.223
81 0 2 31.149 12.238 29.196 11.282
82 0 2 31.064 12.239 29.253 11.253
83 0 2 30.905 12.068 29.095 11.225
84 0 2 30.963 12.125 29.153 11.282
85 0 2 31.035 12.210 28.995 11.312
86 0 2 30.949 12.154 28.967 11.370
87 0 2 30.892 12.212 28.995 11.284
88 0 2 30.805 12.127 29.024 11.312
89 0 2 30.833 12.069 28.881 11.285
90 0 2 30.648 12.100 28.837 11.256
91 0 2 30.748 12.099 28.623 11.258
92 0 2 30.620 12.157 28.809 11.314
93 0 2 30.620 12.214 28.409 11.375
94 0 2 30.434 12.159 28.653 11.430
95 0 2 30.477 12.216 28.208 11.348
96 0 2 30.191 12.219 28.552 11.374
97 0 2 30.420 12.274 28.552 11.374
98 0 2 30.406 12.259 28.281 11.505
99 0 2 30.193 12.390 28.352 11.462
100 0 2 30.262 12.161 28.309 11.491
101 0 2 30.206 12.261 28.251 11.362
102 0 2 30.121 12.348 27.650 11.454
103 0 2 29.991 12.263 27.865 11.480
104 0 2 30.135 12.305 28.180 11.492
105 0 2 29.962 12.206 28.066 11.507
106 0 2 29.948 12.292 28.051 11.450
107 0 2 29.920 12.321 27.965 11.480
108 0 2 29.819 12.208 27.979 11.422
109 0 2 29.777 12.308 27.936 11.408
110 0 2 29.762 12.223 27.750 11.410
111 0 2 29.733 12.223 27.780 11.582
112 0 2 29.676 12.209 27.751 11.539
113 0 2 29.619 12.310 27.665 11.525
114 0 2 29.649 12.367 27.664 11.439
115 0 2 29.533 12.239 27.608 11.540
116 0 2 29.404 12.269 27.621 11.483
117 0 2 29.419 12.298 27.464 11.484
118 0 2 29.391 12.326 27.464 11.484
119 0 2 29.376 12.355 27.220 11.486
120 0 2 29.261 12.299 27.421 11.485
121 0 2 29.175 12.271 27.278 11.543
122 0 2 29.119 12.401 27.076 11.473
123 0 2 29.175 12.257 27.219 11.357
124 0 2 28.961 12.316 27.121 11.616
125 0 2 29.004 12.373 27.134 11.444
126 0 2 28.990 12.316 27.148 11.501
127 0 2 29.032 12.301 27.220 11.486
128 0 2 28.932 12.331 26.976 11.489
129 0 2 28.861 12.375 27.020 11.531
130 0 2 28.831 12.231 26.934 11.589
131 0 2 28.746 12.304 26.819 11.519
132 0 2 28.861 12.360 26.790 11.548
133 0 2 28.617 12.334 26.833 11.490
134 0 2 28.631 12.319 26.676 11.563
135 0 2 28.489 12.364 26.532 11.550
136 0 2 28.531 12.292 26.717 11.419
137 0 2 28.459 12.292 26.503 11.536
138 0 2 28.201 12.295 26.475 11.536
139 0 2 28.416 12.235 26.403 11.566
140 0 2 28.272 12.222 26.488 11.464
141 0 2 28.273 12.294 26.317 11.595
142 0 2 28.201 12.252 26.274 11.524
143 0 2 28.158 12.281 26.173 11.553
144 0 2 28.014 12.196 26.116 11.525
145 0 2 28.014 12.196 26.058 11.526
146 0 2 27.899 12.169 26.001 11.498
147 0 2 27.914 12.168 25.958 11.498
148 0 2 27.699 12.142 25.943 11.469
149 0 2 27.714 12.242 25.928 11.427
150 0 2 27.612 12.128 25.828 11.485
151 0 2 27.556 12.229 25.684 11.443
152 0 2 27.513 12.215 25.584 11.430
153 0 2 27.584 12.129 25.656 11.458
154 0 2 27.412 12.173 25.570 11.502
155 0 2 27.413 12.245 25.627 11.458
156 0 2 27.169 12.219 25.383 11.460
157 0 2 27.226 12.204 25.383 11.417
158 0 2 27.025 12.249 25.297 11.432
159 0 2 27.025 12.249 25.296 11.375
160 0 2 27.096 12.162 25.167 11.434
161 0 2 26.968 12.192 25.124 11.434
162 0 2 26.895 12.092 25.052 11.392
163 0 2 26.838 12.121 25.081 11.363
164 0 2 26.766 12.050 25.037 11.320
165 0 2 26.695 12.137 25.053 11.463
166 0 2 26.565 12.066 24.808 11.423
167 0 2 26.665 12.080 24.591 11.238
168 0 2 26.551 12.153 24.592 11.338
169 0 2 26.421 12.053 24.606 11.324
170 0 2 26.321 12.083 24.563 11.324
171 0 2 26.206 12.070 24.362 11.369
172 0 2 26.249 12.026 24.347 11.269
173 0 2 26.177 12.027 24.361 11.240
174 0 2 26.048 11.985 24.146 11.342
175 0 2 26.005 12.086 24.103 11.328
176 0 2 25.947 12.029 24.132 11.328
177 0 2 25.920 12.173 23.988 11.243
178 0 2 25.817 11.930 23.888 11.345
179 0 2 25.761 12.031 23.859 11.331
180 0 2 25.804 12.016 23.787 11.374
181 0 2 25.560 12.047 23.716 11.433
182 0 2 25.532 12.076 23.628 11.175
183 0 2 25.373 12.035 23.643 11.275
184 0 2 25.372 11.934 23.643 11.347
185 0 2 25.287 12.035 23.528 11.334
186 0 2 25.099 11.908 23.370 11.292
187 0 2 25.100 12.008 23.370 11.306
188 0 2 25.114 11.937 23.297 11.264
189 0 2 25.071 11.966 23.139 11.294
190 0 2 24.970 11.924 23.153 11.222
191 0 2 24.898 11.939 23.168 11.294
192 0 2 24.712 11.983 23.096 11.223
193 0 2 24.741 11.969 22.981 11.209
194 0 2 24.869 11.910 22.909 11.268
195 0 2 24.554 12.028 22.735 11.097
196 0 2 24.511 11.985 22.721 11.140
197 0 2 24.553 11.870 22.679 11.227
198 0 2 24.410 11.929 22.419 11.171
199 0 2 24.280 11.901 22.549 11.228
200 0 2 24.065 11.932 22.621 11.198
201 0 2 24.165 11.931 22.376 11.172
202 0 2 23.993 11.890 22.404 11.128
203 0 2 24.064 11.817 22.218 11.173
204 0 2 23.906 11.819 22.146 11.231
205 0 2 23.935 11.847 22.117 11.145
206 0 2 23.863 11.819 21.987 11.175
207 0 2 23.805 11.848 21.901 11.147
208 0 2 23.719 11.806 21.785 11.134
209 0 2 23.618 11.821 21.829 11.177
210 0 2 23.575 11.836 21.727 11.077
211 0 2 23.575 11.750 21.641 11.135
212 0 2 23.446 11.837 21.598 11.107
213 0 2 23.374 11.838 21.583 11.021
214 0 2 23.287 11.810 21.468 11.108
215 0 2 23.172 11.840 21.440 11.137
216 0 2 23.143 11.768 21.324 11.095
217 0 2 23.143 11.740 21.267 11.096
218 0 2 23.014 11.755 21.108 11.140
219 0 2 22.985 11.813 21.137 11.054
220 0 2 22.928 11.842 21.224 11.139
221 0 2 22.842 11.872 21.079 11.083
222 0 2 22.712 11.873 21.122 11.054
223 0 2 22.783 11.757 20.992 10.997
224 0 2 22.596 11.716 20.921 11.070
225 0 2 22.553 11.759 20.905 10.941
226 0 2 22.453 11.789 20.805 10.999
227 0 2 22.453 11.832 20.805 11.013
228 0 2 22.395 11.761 20.632 10.972
229 0 2 22.294 11.791 20.674 10.914
230 0 2 22.194 11.835 20.545 11.016
231 0 2 22.207 11.734 20.387 11.003
232 0 2 22.179 11.748 20.157 11.077
233 0 2 22.021 11.851 20.257 11.004
234 0 2 21.920 11.794 19.984 11.093
235 0 2 21.861 11.680 20.041 11.006
236 0 2 21.862 11.723 19.897 11.108
237 0 2 21.761 11.752 19.940 11.050
238 0 2 21.775 11.709 19.983 11.006
239 0 2 21.574 11.754 19.724 11.052
240 0 2 21.574 11.740 19.723 10.980
241 0 2 21.516 11.755 19.551 11.054
242 0 2 21.400 11.669 19.551 11.082
243 0 2 21.314 11.670 19.406 11.055
244 0 2 21.199 11.729 19.406 11.055
245 0 2 21.214 11.729 19.392 11.113
246 0 2 21.113 11.701 19.291 11.056
247 0 2 21.069 11.701 19.248 11.085
248 0 2 20.983 11.716 19.045 11.015
249 0 2 20.968 11.673 19.060 11.029
250 0 2 20.968 11.659 19.003 11.130
251 0 2 20.810 11.704 18.959 11.088
252 0 2 20.781 11.704 18.728 11.032
253 0 2 20.637 11.705 18.786 11.089
254 0 2 20.623 11.720 18.713 10.989
255 0 2 20.565 11.692 18.714 11.047
256 0 2 20.478 11.678 18.569 11.034
257 0 2 20.464 11.736 18.526 11.092
258 0 2 20.450 11.721 18.482 10.991
259 0 2 20.378 11.722 18.468 11.049
260 0 2 20.248 11.752 18.338 11.021
261 0 2 20.263 11.838 18.266 11.051
262 0 2 20.176 11.724 18.266 11.022
263 0 2 20.060 11.711 18.208 11.037
264 0 2 20.032 11.826 18.006 11.067
265 0 2 19.960 11.740 18.107 11.067
266 0 2 19.917 11.770 18.064 11.096
267 0 2 19.859 11.813 17.977 11.025
268 0 2 19.714 11.714 17.891 11.040
269 0 2 19.714 11.743 17.804 11.098
270 0 2 19.628 11.743 17.718 11.099
271 0 2 19.614 11.758 17.790 11.170
272 0 2 19.599 11.744 17.660 11.186
273 0 2 19.483 11.730 17.573 11.028
274 0 2 19.412 11.774 17.530 11.158
275 0 2 19.426 11.817 17.487 11.202
276 0 2 19.253 11.761 17.400 11.174
277 0 2 19.268 11.819 17.299 11.175
278 0 2 19.224 11.747 17.285 11.160
279 0 2 19.167 11.820 17.141 11.234
280 0 2 19.050 11.720 17.198 11.132
281 0 2 18.993 11.721 17.082 11.105
282 0 2 18.863 11.751 17.038 11.076
283 0 2 18.805 11.737 16.893 11.034
284 0 2 18.777 11.823 16.923 11.149
285 0 2 18.676 11.767 16.879 11.034
286 0 2 18.589 11.782 16.822 11.107
287 0 2 18.488 11.754 16.692 11.108
288 0 2 18.459 11.754 16.605 11.109
289 0 2 18.386 11.726 16.532 11.110
290 0 2 18.430 11.783 16.460 11.139
291 0 2 18.286 11.756 16.432 11.168
292 0 2 18.170 11.757 16.316 11.169
293 0 2 18.083 11.758 16.229 11.141
294 0 2 18.112 11.700 16.171 11.113
295 0 2 17.982 11.773 16.070 11.186
296 0 2 17.939 11.759 16.084 11.085
297 0 2 17.867 11.731 16.011 11.057
298 0 2 17.737 11.732 15.940 11.115
299 0 2 17.694 11.805 15.897 11.187
300 0 2 17.751 11.761 15.983 11.115
301 0 2 17.535 11.792 15.998 11.143
302 0 2 17.434 11.807 15.665 11.189
303 0 2 17.332 11.794 15.506 11.176
304 0 2 17.362 11.837 15.592 11.132
305 0 2 17.216 11.737 15.621 11.118
306 0 2 17.145 11.810 15.491 11.162
307 0 2 17.072 11.839 15.506 11.220
308 0 2 17.015 11.840 15.101 11.223
309 0 2 16.885 11.841 15.057 11.195
310 0 2 16.784 11.871 15.014 11.195
311 0 2 16.784 11.885 14.956 11.268
312 0 2 16.740 11.886 14.826 11.298
313 0 2 16.538 11.887 14.826 11.269
314 0 2 16.451 11.946 14.652 11.271
315 0 2 16.408 11.946 14.551 11.300
316 0 2 16.365 12.004 14.536 11.272
317 0 2 16.279 12.092 14.421 11.330
318 0 2 16.177 12.049 14.320 11.346
319 0 2 16.106 12.151 14.306 11.418
320 0 2 15.961 12.181 14.277 11.418
321 0 2 15.903 12.196 14.074 11.492
322 0 2 15.889 12.211 14.088 11.420
323 0 2 15.731 12.298 13.988 11.507
324 0 2 15.702 12.356 13.929 11.450
325 0 2 15.543 12.416 13.799 11.509
326 0 2 15.485 12.445 13.828 11.509
327 0 2 15.442 12.460 13.727 11.582
328 0 2 15.298 12.548 13.669 11.611
329 0 2 15.168 12.621 13.510 11.685
330 0 2 15.125 12.665 13.554 11.757
331 0 2 14.980 12.695 13.410 11.787
332 0 2 14.952 12.811 13.294 11.874
333 0 2 14.866 12.898 13.265 11.817
334 0 2 14.852 12.985 13.193 11.904
335 0 2 14.736 13.014 13.164 11.904
336 0 2 14.621 13.044 13.106 11.963
337 0 2 14.535 13.175 13.049 12.035
338 0 2 14.463 13.277 12.977 12.108
339 0 2 14.347 13.321 12.833 12.268
340 0 2 14.290 13.379 12.803 12.211
341 0 2 14.218 13.524 12.790 12.326
342 0 2 14.176 13.640 12.630 12.299
343 0 2 14.118 13.727 12.631 12.414
344 0 2 13.929 13.657 12.616 12.400
345 0 2 14.017 13.786 12.442 12.474
346 0 2 13.873 13.889 12.443 12.575
347 0 2 13.815 13.961 12.414 12.619
348 0 2 13.685 13.977 12.371 12.662
349 0 2 13.686 14.107 12.227 12.765
350 0 2 13.614 14.180 12.241 12.750
351 0 2 13.484 14.311 12.199 12.967
352 0 2 13.383 14.312 12.097 12.939
353 0 2 13.514 14.498 12.199 12.953
354 0 2 13.240 14.660 12.128 13.170
355 0 2 13.356 14.717 12.070 13.257
356 0 2 13.255 14.804 12.171 13.227
357 0 2 13.183 14.920 12.041 13.315
358 0 2 13.169 14.993 12.028 13.474
359 0 2 12.924 15.241 11.869 13.577
360 0 2 12.910 15.270 11.827 13.779
361 0 2 12.925 15.385 11.811 13.664
362 0 2 12.854 15.516 11.797 13.765
363 0 2 12.840 15.617 11.842 13.866
364 0 2 12.753 15.676 11.784 13.953
365 0 2 12.797 15.791 11.741 14.040
366 0 2 12.624 15.894 11.712 14.113
367 0 2 12.741 15.979 11.655 14.258
368 0 2 12.552 16.039 11.641 14.258
369 0 2 12.582 16.227 11.670 14.272
370 0 2 12.495 16.213 11.642 14.373
371 0 2 12.467 16.343 11.584 14.475
372 0 2 12.482 16.459 11.513 14.678
373 0 2 12.425 16.517 11.571 14.735
374 0 2 12.338 16.576 11.513 14.794
375 0 2 12.455 16.777 11.515 14.967
376 0 2 12.412 16.792 11.443 15.098
377 0 2 12.383 16.879 11.472 15.184
378 0 2 12.239 17.025 11.473 15.242
379 0 2 12.210 17.069 11.414 15.228
380 0 2 12.168 17.214 11.401 15.402
381 0 2 12.211 17.213 11.387 15.459
382 0 2 12.126 17.460 11.388 15.590
383 0 2 12.170 17.488 11.345 15.792
384 0 2 12.156 17.575 11.302 15.879
385 0 2 12.127 17.691 11.331 15.879
386 0 2 12.085 17.836 11.289 16.082
387 0 2 12.114 17.836 11.347 16.052
388 0 2 12.071 17.981 11.363 16.226
389 0 2 12.087 18.169 11.290 16.183
390 0 2 12.014 18.198 11.306 16.443
391 0 2 12.058 18.241 11.321 16.544
392 0 2 11.986 18.343 11.336 16.645
393 0 2 12.002 18.560 11.293 16.776
394 0 2 12.002 18.589 11.294 16.833
395 0 2 11.988 18.676 11.192 16.835
396 0 2 11.959 18.618 11.164 16.979
397 0 2 12.003 18.719 11.295 17.079
398 0 2 11.903 18.937 11.136 17.211
399 0 2 11.962 19.066 11.195 17.225
400 0 2 11.904 19.139 11.195 17.384
401 0 2 11.861 19.270 11.123 17.370
402 0 2 11.935 19.457 11.168 17.558
403 0 2 11.877 19.501 11.169 17.717
404 0 2 11.892 19.472 11.097 17.833
405 0 2 11.864 19.675 11.126 17.862
406 0 2 11.908 19.718 11.141 18.021
407 0 2 11.879 19.848 11.143 18.267
408 0 2 12.025 19.861 11.142 18.165
409 0 2 11.881 20.094 11.114 18.223
410 0 2 11.866 20.065 11.188 18.512
411 0 2 11.839 20.283 11.130 18.556
412 0 2 11.839 20.398 11.072 18.585
413 0 2 11.869 20.499 11.074 18.860
414 0 2 11.870 20.586 11.103 18.860
415 0 2 11.827 20.702 11.031 18.948
416 0 2 11.856 20.702 11.060 18.947
417 0 2 11.726 20.906 11.133 19.062
418 0 2 11.756 20.935 11.018 19.208
419 0 2 11.742 21.109 11.121 19.409
420 0 2 11.713 21.138 11.034 19.410
421 0 2 11.743 21.326 10.977 19.686
422 0 2 11.788 21.441 10.992 19.744
423 0 2 11.832 21.498 11.094 19.685
424 0 2 11.716 21.586 11.036 19.772
425 0 2 11.760 21.673 11.110 19.916
426 0 2 11.746 21.702 11.126 20.234
427 0 2 11.776 21.904 11.096 20.147
428 0 2 11.820 21.947 10.996 20.395
429 0 2 11.734 22.093 10.996 20.308
430 0 2 11.719 22.093 11.040 20.452
431 0 2 11.808 22.280 10.925 20.584
432 0 2 11.750 22.396 10.983 20.641
433 0 2 11.751 22.527 10.926 20.801
434 0 2 11.810 22.598 11.014 20.843
435 0 2 11.767 22.743 11.029 20.959
436 0 2 11.797 22.859 11.087 21.016
437 0 2 11.826 22.902 11.030 21.147
438 0 2 11.770 23.178 11.118 21.218
439 0 2 11.784 23.148 11.133 21.391
440 0 2 11.756 23.279 11.134 21.551
441 0 2 11.772 23.511 11.121 21.753
442 0 2 11.756 23.395 11.136 21.753
443 0 2 11.815 23.510 11.165 21.840
444 0 2 11.788 23.742 11.165 21.840
445 0 2 11.832 23.828 11.211 22.244
446 0 2 11.877 23.987 11.080 22.145
447 0 2 11.833 23.973 11.211 22.215
448 0 2 11.877 24.059 11.168 22.361
449 0 2 11.863 24.190 11.241 22.403
450 0 2 11.893 24.349 11.213 22.505
451 0 2 11.850 24.422 11.258 22.692
452 0 2 11.880 24.551 11.229 22.707
453 0 2 11.910 24.623 11.201 22.896
454 0 2 11.925 24.768 11.186 22.925
455 0 2 11.925 24.826 11.274 23.040
456 0 2 11.941 24.942 11.174 23.186
457 0 2 11.970 25.042 11.262 23.402
458 0 2 11.971 25.129 11.204 23.374
459 0 2 12.044 25.215 11.278 23.546
460 0 2 12.031 25.404 11.147 23.621
461 0 2 12.075 25.504 11.162 23.664
462 0 2 12.061 25.577 11.294 23.850
463 0 2 12.178 25.604 11.149 23.910
464 0 2 12.120 25.750 11.295 23.966
465 0 2 12.136 25.909 11.252 24.039
466 0 2 12.136 25.981 11.194 24.141
467 0 2 12.239 26.052 11.384 24.327
468 0 2 12.182 26.256 11.210 24.387
469 0 2 12.255 26.385 11.371 24.515
470 0 2 12.270 26.428 11.444 24.587
471 0 2 12.270 26.472 11.445 24.717
472 0 2 12.315 26.602 11.372 24.732
473 0 2 12.402 26.586 11.432 24.949
474 0 2 12.374 26.745 11.607 25.077
475 0 2 12.302 26.891 11.477 25.223
476 0 2 12.390 27.006 11.506 25.194
477 0 2 12.361 27.064 11.565 25.309
478 0 2 12.362 27.151 11.479 25.484
479 0 2 12.406 27.281 11.494 25.556
480 0 2 12.480 27.410 11.509 25.600
481 0 2 12.379 27.528 11.553 25.744
482 0 2 12.466 27.570 11.670 25.843
483 0 2 12.482 27.685 11.657 26.017
484 0 2 12.527 27.931 11.701 26.089
485 0 2 12.512 27.888 11.686 26.075
486 0 2 12.512 27.975 11.687 26.278
487 0 2 12.644 28.132 11.703 26.437
488 0 2 12.601 28.249 11.747 26.523
489 0 2 12.674 28.247 11.733 26.523
490 0 2 12.719 28.377 11.777 26.653
491 0 2 12.705 28.551 11.734 26.770
492 0 2 12.692 28.725 11.924 26.883
493 0 2 12.793 28.724 11.852 27.029
494 0 2 12.838 28.795 11.867 27.043
495 0 2 12.824 28.926 11.883 27.289
496 0 2 12.868 29.070 11.926 27.259
497 0 2 12.869 29.128 11.984 27.258
498 0 2 13.029 29.169 11.943 27.563
499 0 2 13.015 29.285 12.044 27.533
500 0 2 13.016 29.401 12.045 27.707
501 0 2 13.002 29.532 12.119 27.778
502 0 2 13.060 29.545 11.915 27.825
503 0 2 13.047 29.662 12.076 27.880
504 0 2 13.048 29.806 12.077 28.054
505 0 2 13.091 29.806 12.063 28.112
506 0 2 13.106 29.863 12.107 28.198
507 0 2 13.136 30.022 12.194 28.270
508 0 2 13.136 30.066 12.224 28.370
509 0 2 13.094 30.269 12.327 28.543
510 0 2 13.094 30.298 12.298 28.572
511 0 2 13.139 30.414 12.342 28.572
512 0 2 13.052 30.531 12.285 28.746
513 0 2 13.183 30.572 12.329 28.818
514 0 2 13.082 30.647 12.286 28.891
515 0 2 13.098 30.849 12.301 29.036
516 0 2 13.127 30.878 12.301 29.036
517 0 2 13.098 30.922 12.302 29.195
518 0 2 13.026 30.981 12.317 29.195
519 0 2 13.012 31.010 12.215 29.255
520 0 2 13.070 31.096 12.215 29.284
521 0 2 13.071 31.169 12.245 29.385
522 0 2 12.969 31.199 12.115 29.503
0 1 2 29.613 11.565 28.568 9.883
1 1 2 29.584 11.508 28.539 9.854
2 1 2 29.642 11.550 28.597 9.897
3 1 2 29.570 11.536 28.668 9.853
4 1 2 29.641 11.521 28.682 9.839
5 1 2 29.599 11.593 28.639 9.854
6 1 2 29.584 11.536 28.539 9.826
7 1 2 29.612 11.493 28.568 9.897
8 1 2 29.656 11.536 28.582 9.825
9 1 2 29.584 11.565 28.625 9.854
10 1 2 29.613 11.536 28.625 9.854
11 1 2 29.656 11.536 28.582 9.854
12 1 2 29.613 11.565 28.567 9.797
13 1 2 29.599 11.565 28.582 9.883
14 1 2 29.614 11.622 28.568 9.854
15 1 2 29.598 11.522 28.611 9.868
16 1 2 29.627 11.550 28.610 9.782
17 1 2 29.613 11.507 28.539 9.883
18 1 2 29.599 11.579 28.554 9.869
19 1 2 29.570 11.536 28.525 9.855
20 1 2 29.627 11.522 28.553 9.840
21 1 2 29.541 11.522 28.611 9.897
22 1 2 29.584 11.522 28.597 9.897
23 1 2 29.585 11.594 28.511 9.883
24 1 2 29.585 11.594 28.597 9.883
25 1 2 29.656 11.622 28.526 9.941
26 1 2 29.613 11.565 28.568 9.883
27 1 2 29.585 11.622 28.539 9.883
28 1 2 29.657 11.636 28.439 9.898
29 1 2 29.642 11.607 28.539 9.897
30 1 2 29.614 11.636 28.568 9.897
31 1 2 29.599 11.651 28.496 9.855
32 1 2 29.585 11.680 28.511 9.941
33 1 2 29.556 11.580 28.482 9.869
34 1 2 29.599 11.636 28.497 9.927
35 1 2 29.599 11.636 28.497 9.927
36 1 2 29.556 11.608 28.568 9.897
37 1 2 29.642 11.607 28.511 9.926
38 1 2 29.571 11.622 28.525 9.912
39 1 2 29.570 11.594 28.525 9.883
40 1 2 29.599 11.579 28.553 9.840
41 1 2 29.613 11.608 28.482 9.841
42 1 2 29.556 11.594 28.568 9.883
43 1 2 29.556 11.623 28.425 9.884
44 1 2 29.585 11.651 28.596 9.854
45 1 2 29.527 11.537 28.567 9.797
46 1 2 29.498 11.537 28.538 9.769
47 1 2 29.484 11.494 28.610 9.754
48 1 2 29.456 11.580 28.524 9.754
49 1 2 29.469 11.494 28.567 9.754
50 1 2 29.469 11.423 28.509 9.711
51 1 2 29.426 11.423 28.552 9.740
52 1 2 29.411 11.409 28.480 9.669
53 1 2 29.425 11.337 28.465 9.597
54 1 2 29.324 11.281 28.508 9.568
55 1 2 29.353 11.237 28.565 9.525
56 1 2 29.323 11.123 28.537 9.554
57 1 2 29.308 11.080 28.464 9.425
58 1 2 29.252 11.138 28.493 9.425
59 1 2 29.266 11.095 28.535 9.382
60 1 2 29.294 11.080 28.535 9.367
61 1 2 29.279 11.037 28.521 9.353
62 1 2 29.307 10.966 28.463 9.339
63 1 2 29.379 10.994 28.449 9.311
64 1 2 29.249 10.880 28.434 9.282
65 1 2 29.307 10.923 28.462 9.239
66 1 2 29.164 10.895 28.319 9.269
67 1 2 29.178 10.881 28.362 9.283
68 1 2 29.177 10.766 28.361 9.168
69 1 2 29.235 10.880 28.361 9.139
70 1 2 29.192 10.809 28.232 9.155
71 1 2 29.162 10.738 28.175 9.170
72 1 2 29.176 10.709 28.219 9.227
73 1 2 29.176 10.709 28.075 9.199
74 1 2 29.232 10.565 28.246 9.083
75 1 2 29.161 10.566 28.204 9.169
76 1 2 29.161 10.609 28.089 9.127
77 1 2 29.075 10.566 28.032 9.142
78 1 2 29.161 10.551 27.946 9.129
79 1 2 29.089 10.595 28.017 9.114
80 1 2 29.046 10.567 28.031 9.085
81 1 2 29.017 10.495 28.032 9.157
82 1 2 29.003 10.538 27.959 9.057
83 1 2 28.989 10.538 27.802 9.115
84 1 2 29.031 10.438 27.701 9.016
85 1 2 29.002 10.438 27.931 9.043
86 1 2 28.931 10.482 27.946 9.143
87 1 2 28.959 10.438 27.887 9.014
88 1 2 28.873 10.368 27.859 9.029
89 1 2 28.858 10.368 27.787 9.030
90 1 2 28.987 10.324 27.916 8.957
91 1 2 28.887 10.296 27.672 8.987
92 1 2 28.930 10.338 27.659 9.059
93 1 2 28.858 10.267 27.529 9.017
94 1 2 28.843 10.181 27.544 9.075
95 1 2 28.786 10.254 27.458 9.004
96 1 2 28.843 10.282 27.572 8.974
97 1 2 28.771 10.225 27.529 9.003
98 1 2 28.871 10.167 27.428 8.918
99 1 2 28.843 10.253 27.199 8.977
100 1 2 28.785 10.153 27.514 8.960
101 1 2 28.742 10.139 27.414 8.947
102 1 2 28.713 10.140 27.299 8.919
103 1 2 28.743 10.297 27.414 8.961
104 1 2 28.728 10.168 27.285 8.919
105 1 2 28.827 10.053 27.329 9.005
106 1 2 28.770 10.082 27.328 8.976
107 1 2 28.799 10.082 27.156 8.977
108 1 2 28.842 10.053 27.200 9.034
109 1 2 28.698 9.982 27.257 9.077
110 1 2 28.713 10.039 27.157 9.049
111 1 2 28.727 10.054 27.286 9.120
112 1 2 28.727 10.096 27.258 9.106
113 1 2 28.612 9.983 27.057 9.107
114 1 2 28.712 10.025 27.158 9.149
115 1 2 28.726 9.996 26.742 9.182
116 1 2 28.612 10.054 26.801 9.353
117 1 2 28.613 10.083 26.943 9.180
118 1 2 28.555 10.098 27.058 9.251
119 1 2 28.383 10.056 26.828 9.181
120 1 2 28.412 10.056 26.800 9.181
121 1 2 28.569 9.998 26.843 9.238
122 1 2 28.383 10.056 26.744 9.411
123 1 2 28.456 10.185 26.815 9.281
124 1 2 28.427 10.128 26.498 9.198
125 1 2 28.384 10.099 26.599 9.254
126 1 2 28.412 10.028 26.599 9.211
127 1 2 28.426 10.056 26.728 9.182
128 1 2 28.440 9.999 26.685 9.268
129 1 2 28.297 10.072 26.771 9.196
130 1 2 28.369 10.014 26.614 9.254
131 1 2 28.311 10.000 26.585 9.212
132 1 2 28.254 9.986 26.526 9.112
133 1 2 28.269 10.057 26.512 9.126
134 1 2 28.196 9.986 26.469 9.055
135 1 2 28.268 9.986 26.369 9.170
136 1 2 28.268 9.986 26.369 9.113
137 1 2 28.267 9.885 26.454 9.012
138 1 2 28.211 9.986 26.368 9.056
139 1 2 28.110 9.959 26.469 9.083
140 1 2 28.267 9.857 26.311 9.042
141 1 2 28.168 9.958 26.411 9.055
142 1 2 28.138 9.844 25.981 9.059
143 1 2 28.124 9.930 26.311 9.085
144 1 2 28.196 9.915 26.382 8.984
145 1 2 28.124 9.872 26.310 8.999
146 1 2 28.138 9.858 26.239 9.014
147 1 2 28.153 9.872 26.224 8.999
148 1 2 28.196 9.886 26.239 9.014
149 1 2 28.124 9.944 26.167 9.014
150 1 2 28.082 9.987 26.354 9.027
151 1 2 28.167 9.901 26.354 9.056
152 1 2 28.023 9.859 26.353 8.984
153 1 2 28.068 9.988 26.254 9.085
154 1 2 28.010 9.988 26.368 9.027
155 1 2 28.024 9.931 26.268 9.056
156 1 2 28.053 9.973 26.325 9.042
157 1 2 28.025 9.988 26.210 9.057
158 1 2 28.025 9.988 26.153 9.057
159 1 2 28.024 9.916 26.210 9.014
160 1 2 27.996 9.988 26.383 9.113
161 1 2 28.052 9.902 26.096 9.115
162 1 2 28.039 9.973 26.110 9.043
163 1 2 28.011 10.060 26.224 9.014
164 1 2 27.938 9.874 26.211 9.086
165 1 2 27.995 9.873 26.153 9.086
166 1 2 27.910 9.960 26.240 9.114
167 1 2 28.039 9.959 26.054 9.173
168 1 2 27.881 9.989 26.240 9.171
169 1 2 27.938 9.960 26.211 9.086
170 1 2 27.838 9.918 26.254 9.157
171 1 2 27.781 10.033 25.909 9.045
172 1 2 27.810 10.004 25.997 9.216
173 1 2 27.838 9.947 25.881 9.160
174 1 2 27.810 10.061 25.910 9.188
175 1 2 27.652 10.034 25.982 9.245
176 1 2 27.696 10.077 25.882 9.203
177 1 2 27.767 9.990 25.983 9.317
178 1 2 27.667 10.048 25.825 9.290
179 1 2 27.667 10.091 25.824 9.160
180 1 2 27.438 10.093 25.710 9.305
181 1 2 27.466 9.978 25.825 9.304
182 1 2 27.394 9.993 25.753 9.319
183 1 2 27.509 10.078 25.609 9.234
184 1 2 27.323 10.023 25.825 9.261
185 1 2 27.395 10.079 25.552 9.263
186 1 2 27.366 10.094 25.725 9.391
187 1 2 27.194 10.124 25.524 9.335
188 1 2 27.122 10.096 25.596 9.421
189 1 2 27.166 10.139 25.495 9.264
190 1 2 26.922 10.141 25.509 9.235
191 1 2 27.109 10.154 25.409 9.393
192 1 2 27.080 10.182 25.351 9.308
193 1 2 26.951 10.126 25.424 9.365
194 1 2 26.951 10.155 25.222 9.338
195 1 2 26.766 10.329 25.266 9.452
196 1 2 26.851 10.184 25.180 9.395
197 1 2 26.923 10.299 25.166 9.482
198 1 2 26.952 10.298 24.993 9.368
199 1 2 26.794 10.228 25.180 9.438
200 1 2 26.651 10.301 24.979 9.454
201 1 2 26.693 10.229 24.850 9.413
202 1 2 26.708 10.243 24.864 9.398
203 1 2 26.679 10.229 24.893 9.441
204 1 2 26.535 10.202 24.922 9.441
205 1 2 26.623 10.359 24.807 9.513
206 1 2 26.392 10.217 24.779 9.514
207 1 2 26.392 10.246 24.836 9.484
208 1 2 26.406 10.188 24.650 9.543
209 1 2 26.306 10.218 24.549 9.516
210 1 2 26.292 10.247 24.563 9.487
211 1 2 26.220 10.247 24.491 9.459
212 1 2 26.148 10.219 24.362 9.517
213 1 2 26.120 10.234 24.305 9.561
214 1 2 26.005 10.249 24.189 9.490
215 1 2 26.004 10.192 24.276 9.518
216 1 2 25.975 10.149 24.045 9.448
217 1 2 25.803 10.179 24.017 9.477
218 1 2 25.804 10.237 24.160 9.418
219 1 2 25.775 10.208 23.988 9.448
220 1 2 25.645 10.181 23.973 9.420
221 1 2 25.689 10.180 23.988 9.477
222 1 2 25.531 10.182 23.887 9.421
223 1 2 25.516 10.096 23.844 9.450
224 1 2 25.430 10.168 23.729 9.408
225 1 2 25.387 10.183 23.600 9.480
226 1 2 25.272 10.141 23.513 9.409
227 1 2 25.214 10.098 23.485 9.424
228 1 2 25.086 10.243 23.470 9.367
229 1 2 25.157 10.142 23.225 9.383
230 1 2 25.100 10.142 23.283 9.383
231 1 2 24.927 10.115 23.255 9.440
232 1 2 24.884 10.115 23.096 9.442
233 1 2 24.798 10.116 22.981 9.385
234 1 2 24.770 10.203 23.067 9.413
235 1 2 24.640 10.118 23.053 9.384
236 1 2 24.554 10.118 22.881 9.443
237 1 2 24.553 10.075 22.793 9.315
238 1 2 24.481 10.018 22.923 9.400
239 1 2 24.381 10.120 22.707 9.330
240 1 2 24.223 10.121 22.492 9.418
241 1 2 24.136 10.065 22.319 9.391
242 1 2 24.108 10.122 22.290 9.391
243 1 2 24.008 10.166 22.161 9.464
244 1 2 23.993 10.123 22.175 9.363
245 1 2 23.906 10.023 22.060 9.378
246 1 2 23.835 10.125 22.045 9.335
247 1 2 23.720 10.111 22.075 9.436
248 1 2 23.791 10.024 21.974 9.408
249 1 2 23.662 10.054 21.873 9.409
250 1 2 23.576 10.127 21.816 9.452
251 1 2 23.533 10.070 21.801 9.424
252 1 2 23.360 10.114 21.657 9.411
253 1 2 23.332 10.100 21.571 9.483
254 1 2 23.317 10.115 21.470 9.441
255 1 2 23.188 10.130 21.455 9.369
256 1 2 23.130 10.059 21.312 9.442
257 1 2 23.087 10.131 21.355 9.427
258 1 2 23.016 10.160 21.196 9.429
259 1 2 22.944 10.218 21.153 9.400
260 1 2 22.886 10.133 21.009 9.430
261 1 2 22.700 10.249 21.025 9.574
262 1 2 22.728 10.206 20.966 9.503
263 1 2 22.671 10.206 20.938 9.503
264 1 2 22.627 10.178 20.837 9.504
265 1 2 22.542 10.251 20.779 9.490
266 1 2 22.455 10.180 20.751 9.591
267 1 2 22.383 10.209 20.650 9.563
268 1 2 22.369 10.209 20.491 9.564
269 1 2 22.254 10.282 20.519 9.463
270 1 2 22.254 10.282 20.520 9.549
271 1 2 22.081 10.240 20.347 9.479
272 1 2 22.009 10.270 20.276 9.623
273 1 2 22.038 10.341 20.275 9.580
274 1 2 21.981 10.299 20.132 9.653
275 1 2 21.822 10.271 20.175 9.624
276 1 2 21.793 10.300 20.031 9.683
277 1 2 21.721 10.272 19.958 9.626
278 1 2 21.635 10.302 19.901 9.627
279 1 2 21.621 10.331 19.858 9.627
280 1 2 21.534 10.303 19.886 9.627
281 1 2 21.476 10.274 19.569 9.658
282 1 2 21.434 10.318 19.555 9.701
283 1 2 21.304 10.319 19.483 9.731
284 1 2 21.290 10.362 19.498 9.716
285 1 2 21.174 10.334 19.382 9.717
286 1 2 21.103 10.407 19.426 9.731
287 1 2 21.060 10.450 19.238 9.690
288 1 2 21.017 10.451 19.223 9.661
289 1 2 20.988 10.408 19.022 9.735
290 1 2 20.858 10.409 19.094 9.734
291 1 2 20.801 10.438 19.007 9.764
292 1 2 20.714 10.410 18.950 9.735
293 1 2 20.671 10.511 18.935 9.750
294 1 2 20.584 10.412 18.906 9.736
295 1 2 20.584 10.440 18.763 9.823
296 1 2 20.555 10.412 18.762 9.766
297 1 2 20.440 10.470 18.618 9.853
298 1 2 20.340 10.500 18.575 9.882
299 1 2 20.254 10.558 18.460 9.883
300 1 2 20.326 10.529 18.388 9.884
301 1 2 20.124 10.502 18.214 9.857
302 1 2 20.024 10.632 18.345 9.956
303 1 2 19.980 10.532 18.186 9.972
304 1 2 19.893 10.561 18.128 9.886
305 1 2 19.836 10.562 18.041 9.916
306 1 2 19.807 10.562 18.013 9.916
307 1 2 19.691 10.563 18.013 9.945
308 1 2 19.561 10.550 17.623 9.991
309 1 2 19.518 10.550 17.868 9.960
310 1 2 19.490 10.608 17.753 9.961
311 1 2 19.317 10.696 17.666 9.933
312 1 2 19.230 10.654 17.608 9.948
313 1 2 19.259 10.625 17.493 10.007
314 1 2 19.087 10.741 17.465 10.036
315 1 2 19.072 10.655 17.421 10.065
316 1 2 19.043 10.655 17.190 9.981
317 1 2 18.942 10.685 17.205 10.067
318 1 2 18.870 10.657 17.132 10.039
319 1 2 18.856 10.772 17.147 10.096
320 1 2 18.741 10.773 16.973 10.011
321 1 2 18.640 10.803 16.872 10.070
322 1 2 18.481 10.847 16.916 10.141
323 1 2 18.453 10.891 16.714 10.186
324 1 2 18.380 10.863 16.757 10.128
325 1 2 18.366 10.892 16.685 10.158
326 1 2 18.279 10.892 16.685 10.129
327 1 2 18.121 10.894 16.526 10.188
328 1 2 18.092 10.995 16.324 10.233
329 1 2 18.006 11.024 16.353 10.233
330 1 2 17.948 10.967 16.180 10.263
331 1 2 17.789 11.026 16.194 10.292
332 1 2 17.746 11.027 16.035 10.264
333 1 2 17.601 10.999 15.920 10.323
334 1 2 17.601 11.014 15.978 10.337
335 1 2 17.529 11.057 15.702 10.296
336 1 2 17.429 11.087 15.804 10.381
337 1 2 17.327 11.088 15.559 10.412
338 1 2 17.197 11.060 15.515 10.413
339 1 2 17.096 11.061 15.414 10.442
340 1 2 17.038 11.105 15.385 10.486
341 1 2 17.024 11.134 15.313 10.487
342 1 2 16.937 11.034 15.197 10.473
343 1 2 16.836 11.164 15.067 10.489
344 1 2 16.764 11.093 14.965 10.446
345 1 2 16.605 11.210 14.980 10.475
346 1 2 16.504 11.196 14.734 10.520
347 1 2 16.446 11.168 14.705 10.521
348 1 2 16.243 11.141 14.648 10.579
349 1 2 16.258 11.170 14.488 10.580
350 1 2 16.099 11.171 14.358 10.524
351 1 2 16.128 11.171 14.329 10.495
352 1 2 15.940 11.173 14.170 10.554
353 1 2 15.809 11.145 13.981 10.527
354 1 2 15.795 11.116 13.966 10.498
355 1 2 15.593 11.262 13.908 10.499
356 1 2 15.564 11.190 13.735 10.601
357 1 2 15.463 11.234 13.836 10.528
358 1 2 15.434 11.235 13.778 10.558
359 1 2 15.260 11.208 13.634 10.559
360 1 2 15.101 11.238 13.358 10.590
361 1 2 15.072 11.281 13.445 10.604
362 1 2 14.870 11.269 13.242 10.562
363 1 2 14.826 11.269 13.257 10.620
364 1 2 14.725 11.270 13.155 10.592
365 1 2 14.624 11.314 12.938 10.551
366 1 2 14.479 11.301 12.823 10.710
367 1 2 14.349 11.360 12.866 10.681
368 1 2 14.363 11.331 12.706 10.625
369 1 2 14.291 11.447 12.634 10.712
370 1 2 14.089 11.478 12.489 10.656
371 1 2 13.943 11.421 12.489 10.713
372 1 2 13.915 11.450 12.403 10.801
373 1 2 13.784 11.480 12.156 10.774
374 1 2 13.756 11.510 12.185 10.803
375 1 2 13.684 11.582 12.054 10.789
376 1 2 13.495 11.570 12.040 10.862
377 1 2 13.495 11.584 11.838 10.964
378 1 2 13.336 11.643 11.765 10.878
379 1 2 13.264 11.644 11.721 10.879
380 1 2 13.163 11.746 11.532 10.895
381 1 2 13.192 11.717 11.504 10.953
382 1 2 12.989 11.805 11.417 10.983
383 1 2 13.062 11.848 11.373 10.997
384 1 2 12.787 11.922 11.214 11.042
385 1 2 12.831 11.951 11.084 11.101
386 1 2 12.672 12.024 11.127 11.115
387 1 2 12.599 11.982 10.997 11.102
388 1 2 12.454 12.084 10.939 11.174
389 1 2 12.411 12.171 10.954 11.232
390 1 2 12.281 12.216 10.765 11.277
391 1 2 12.267 12.317 10.634 11.264
392 1 2 12.122 12.318 10.693 11.350
393 1 2 12.050 12.420 10.563 11.394
394 1 2 11.949 12.450 10.461 11.482
395 1 2 11.906 12.551 10.447 11.497
396 1 2 11.834 12.696 10.432 11.439
397 1 2 11.762 12.726 10.390 11.613
398 1 2 11.690 12.799 10.230 11.629
399 1 2 11.560 12.959 10.274 11.729
400 1 2 11.531 12.974 10.187 11.716
401 1 2 11.357 13.048 10.071 11.876
402 1 2 11.358 13.177 10.014 11.919
403 1 2 11.272 13.323 10.014 11.977
404 1 2 11.156 13.324 10.014 11.977
405 1 2 11.025 13.383 9.913 12.094
406 1 2 10.969 13.658 9.797 12.138
407 1 2 11.027 13.686 9.768 12.254
408 1 2 10.868 13.731 9.783 12.182
409 1 2 10.927 13.861 9.813 12.398
410 1 2 10.840 14.035 9.698 12.572
411 1 2 10.768 14.007 9.625 12.631
412 1 2 10.623 14.182 9.626 12.775
413 1 2 10.623 14.182 9.713 12.775
414 1 2 10.609 14.268 9.641 12.833
415 1 2 10.581 14.456 9.525 12.906
416 1 2 10.436 14.516 9.642 12.963
417 1 2 10.364 14.574 9.425 13.110
418 1 2 10.380 14.719 9.411 13.226
419 1 2 10.249 14.778 9.367 13.284
420 1 2 10.338 14.979 9.368 13.313
421 1 2 10.222 15.111 9.368 13.414
422 1 2 10.266 15.125 9.296 13.429
423 1 2 10.266 15.226 9.297 13.675
424 1 2 10.150 15.299 9.209 13.574
425 1 2 10.049 15.329 9.197 13.893
426 1 2 10.064 15.503 9.240 13.921
427 1 2 10.036 15.575 9.183 14.052
428 1 2 9.978 15.590 9.182 13.950
429 1 2 9.891 15.721 9.068 14.226
430 1 2 9.936 15.865 8.996 14.372
431 1 2 9.849 15.910 8.909 14.445
432 1 2 9.850 16.069 9.054 14.429
433 1 2 9.836 16.170 9.011 14.444
434 1 2 9.865 16.170 9.040 14.530
435 1 2 9.779 16.344 8.983 14.618
436 1 2 9.692 16.519 8.926 14.821
437 1 2 9.707 16.548 8.911 14.763
438 1 2 9.751 16.590 8.868 14.980
439 1 2 9.679 16.736 8.942 15.066
440 1 2 9.665 16.852 8.811 15.212
441 1 2 9.709 16.924 8.768 15.285
442 1 2 9.608 16.983 8.841 15.342
443 1 2 9.536 17.171 8.798 15.386
444 1 2 9.507 17.186 8.828 15.487
445 1 2 9.567 17.432 8.800 15.675
446 1 2 9.494 17.447 8.786 15.777
447 1 2 9.538 17.519 8.656 15.966
448 1 2 9.452 17.635 8.685 15.966
449 1 2 9.452 17.737 8.686 16.067
450 1 2 9.365 17.781 8.628 16.169
451 1 2 9.410 17.911 8.643 16.328
452 1 2 9.309 18.071 8.600 16.430
453 1 2 9.367 18.070 8.571 16.343
454 1 2 9.397 18.157 8.601 16.603
455 1 2 9.281 18.332 8.573 16.690
456 1 2 9.252 18.361 8.543 16.604
457 1 2 9.282 18.506 8.516 16.865
458 1 2 9.210 18.593 8.473 16.981
459 1 2 9.210 18.637 8.444 17.054
460 1 2 9.255 18.752 8.400 17.083
461 1 2 9.139 18.869 8.518 17.198
462 1 2 9.154 18.883 8.416 17.300
463 1 2 9.140 18.999 8.373 17.416
464 1 2 9.082 19.116 8.315 17.417
465 1 2 9.068 19.232 8.330 17.533
466 1 2 9.069 19.261 8.273 17.649
467 1 2 9.055 19.435 8.258 17.707
468 1 2 9.056 19.522 8.260 17.939
469 1 2 9.041 19.522 8.158 17.998
470 1 2 8.940 19.726 8.144 18.143
471 1 2 8.954 19.668 8.100 18.056
472 1 2 8.912 19.827 8.087 18.303
473 1 2 8.927 19.914 7.927 18.362
474 1 2 8.797 20.061 8.029 18.390
475 1 2 8.827 20.190 8.030 18.521
476 1 2 8.842 20.292 7.899 18.537
477 1 2 8.725 20.322 7.987 18.622
478 1 2 8.755 20.481 7.901 18.812
479 1 2 8.683 20.540 7.945 18.898
480 1 2 8.756 20.553 7.814 18.914
481 1 2 8.596 20.657 7.772 19.190
482 1 2 8.597 20.802 7.772 19.248
483 1 2 8.670 20.873 7.699 19.234
484 1 2 8.598 20.903 7.685 19.408
485 1 2 8.540 21.020 7.686 19.582
486 1 2 8.497 21.151 7.672 19.568
487 1 2 8.512 21.165 7.628 19.612
488 1 2 8.512 21.266 7.511 19.570
489 1 2 8.426 21.470 7.455 19.889
490 1 2 8.514 21.570 7.542 19.844
491 1 2 8.369 21.630 7.484 19.961
492 1 2 8.282 21.660 7.515 20.135
493 1 2 8.297 21.820 7.384 20.151
494 1 2 8.239 21.864 7.355 20.310
495 1 2 8.138 21.996 7.195 20.327
496 1 2 8.240 22.023 7.269 20.471
497 1 2 8.153 22.184 7.327 20.514
498 1 2 8.140 22.300 7.255 20.688
499 1 2 8.082 22.359 7.169 20.805
500 1 2 8.111 22.416 7.140 20.835
501 1 2 8.010 22.505 7.097 21.038
502 1 2 7.966 22.563 7.082 21.009
503 1 2 8.010 22.664 7.039 21.111
504 1 2 7.880 22.869 6.967 21.257
505 1 2 7.837 22.855 7.011 21.358
506 1 2 7.823 22.957 6.939 21.403
507 1 2 7.765 23.044 6.969 21.634
508 1 2 7.780 23.175 6.925 21.591
509 1 2 7.650 23.292 6.853 21.679
510 1 2 7.621 23.336 6.824 21.839
511 1 2 7.563 23.497 6.795 21.796
512 1 2 7.637 23.568 6.723 21.985
513 1 2 7.535 23.729 6.709 22.029
514 1 2 7.536 23.787 6.710 22.232
515 1 2 7.478 23.846 6.622 22.175
516 1 2 7.420 23.948 6.653 22.479
517 1 2 7.391 24.021 6.623 22.378
518 1 2 7.406 24.108 6.492 22.496
519 1 2 7.319 24.167 6.552 22.669
520 1 2 7.305 24.327 6.450 22.685
521 1 2 7.291 24.371 6.465 22.845
522 1 2 7.292 24.458 6.378 22.875
523 1 2 7.161 24.546 6.394 23.165
524 1 2 7.133 24.764 6.335 23.122
525 1 2 7.192 24.822 6.335 23.122
526 1 2 7.134 24.910 6.336 23.238
527 1 2 7.061 25.012 6.264 23.428
528 1 2 7.047 25.099 6.221 23.486
529 1 2 7.019 25.216 6.192 23.545
530 1 2 6.932 25.377 6.193 23.733
531 1 2 6.961 25.376 6.105 23.792
532 1 2 6.889 25.552 5.974 23.852
533 1 2 6.846 25.567 6.136 24.068
534 1 2 6.846 25.625 6.078 24.039
535 1 2 6.862 25.828 6.064 24.127
536 1 2 6.804 25.901 5.977 24.317
537 1 2 6.774 25.887 5.948 24.303
538 1 2 6.702 26.077 5.905 24.463
539 1 2 6.703 26.207 5.935 24.622
540 1 2 6.748 26.337 5.891 24.608
541 1 2 6.689 26.353 5.833 24.740
542 1 2 6.617 26.383 5.819 24.769
543 1 2 6.661 26.513 5.776 24.987
544 1 2 6.603 26.644 5.836 25.204
545 1 2 6.516 26.689 5.718 25.075
546 1 2 6.590 26.833 5.734 25.249
547 1 2 6.561 26.964 5.763 25.321
548 1 2 6.372 27.054 5.720 25.467
549 1 2 6.416 27.141 5.589 25.527
550 1 2 6.417 27.271 5.620 25.715
551 1 2 6.330 27.331 5.619 25.686
552 1 2 6.345 27.389 5.548 25.920
553 1 2 6.345 27.461 5.548 25.905
554 1 2 6.244 27.608 5.504 26.022
555 1 2 6.186 27.783 5.388 26.111
556 1 2 6.274 27.840 5.418 26.198
557 1 2 6.173 27.958 5.375 26.431
558 1 2 6.232 28.059 5.346 26.387
559 1 2 6.100 28.061 5.360 26.445
560 1 2 6.072 28.264 5.273 26.534
561 1 2 6.014 28.338 5.245 26.694
562 1 2 6.073 28.381 5.187 26.796
563 1 2 5.985 28.426 5.217 26.898
564 1 2 6.001 28.571 5.115 27.074
565 1 2 5.928 28.703 5.130 27.117
566 1 2 5.958 28.688 5.101 27.161
567 1 2 5.856 28.849 4.970 27.236
568 1 2 5.856 28.893 4.912 27.367
569 1 2 5.725 28.982 4.986 27.482
570 1 2 5.785 29.112 4.899 27.556
571 1 2 5.756 29.257 4.899 27.556
572 1 2 5.859 29.328 4.855 27.630
573 1 2 5.596 29.420 4.769 27.951
574 1 2 5.685 29.549 4.739 27.849
575 1 2 5.655 29.535 4.652 27.953
576 1 2 5.568 29.653 4.594 27.983
577 1 2 5.510 29.785 4.654 28.200
578 1 2 5.511 29.872 4.508 28.289
579 1 2 5.526 29.944 4.436 28.479
580 1 2 5.424 29.946 4.392 28.480
581 1 2 5.322 30.108 4.349 28.699
582 1 2 5.308 30.108 4.305 28.699
0 2 2 32.781 9.332 31.003 8.545
1 2 2 32.739 9.447 30.931 8.546
2 2 2 32.723 9.246 30.917 8.517
3 2 2 32.753 9.389 31.145 8.487
4 2 2 32.810 9.374 30.975 8.588
5 2 2 32.752 9.303 30.945 8.517
6 2 2 32.709 9.332 31.074 8.459
7 2 2 32.724 9.346 30.973 8.416
8 2 2 32.809 9.303 31.031 8.459
9 2 2 32.852 9.303 30.988 8.431
10 2 2 32.795 9.303 30.845 8.489
11 2 2 32.795 9.303 30.874 8.489
12 2 2 32.752 9.361 31.002 8.488
13 2 2 32.838 9.331 30.945 8.517
14 2 2 32.680 9.290 30.931 8.531
15 2 2 32.723 9.304 30.916 8.431
16 2 2 32.738 9.332 30.960 8.488
17 2 2 32.795 9.303 30.989 8.545
18 2 2 32.710 9.361 30.989 8.602
19 2 2 32.752 9.318 30.946 8.617
20 2 2 32.796 9.417 31.018 8.602
21 2 2 32.767 9.375 30.932 8.589
22 2 2 32.795 9.346 30.989 8.559
23 2 2 32.795 9.360 30.989 8.574
24 2 2 32.681 9.375 30.874 8.560
25 2 2 32.738 9.375 30.960 8.560
26 2 2 32.795 9.346 30.903 8.589
27 2 2 32.809 9.331 30.974 8.488
28 2 2 32.823 9.317 30.932 8.560
29 2 2 32.738 9.361 30.817 8.489
30 2 2 32.638 9.304 30.945 8.517
31 2 2 32.652 9.304 30.903 8.517
32 2 2 32.681 9.390 30.845 8.489
33 2 2 32.652 9.347 30.760 8.533
34 2 2 32.667 9.376 30.888 8.532
35 2 2 32.710 9.361 30.646 8.605
36 2 2 32.638 9.333 30.718 8.605
37 2 2 32.566 9.291 30.788 8.532
38 2 2 32.523 9.291 30.717 8.533
39 2 2 32.567 9.319 30.645 8.534
40 2 2 32.581 9.319 30.688 8.533
41 2 2 32.523 9.291 30.630 8.448
42 2 2 32.452 9.320 30.703 8.533
43 2 2 32.410 9.321 30.460 8.535
44 2 2 32.410 9.321 30.603 8.620
45 2 2 32.366 9.292 30.532 8.620
46 2 2 32.381 9.335 30.574 8.548
47 2 2 32.367 9.321 30.531 8.506
48 2 2 32.281 9.365 30.474 8.578
49 2 2 32.309 9.293 30.503 8.535
50 2 2 32.239 9.408 30.517 8.506
51 2 2 32.195 9.294 30.416 8.507
52 2 2 32.210 9.351 30.460 8.535
53 2 2 32.224 9.351 30.245 8.537
54 2 2 32.124 9.337 30.203 8.580
55 2 2 32.039 9.438 30.145 8.538
56 2 2 32.053 9.338 30.274 8.551
57 2 2 31.982 9.367 30.202 8.551
58 2 2 31.968 9.410 30.360 8.536
59 2 2 31.938 9.267 30.131 8.538
60 2 2 31.882 9.368 30.159 8.552
61 2 2 31.896 9.368 30.088 8.581
62 2 2 31.839 9.383 30.030 8.453
63 2 2 31.653 9.355 30.017 8.567
64 2 2 31.681 9.327 29.958 8.396
65 2 2 31.809 9.211 29.887 8.482
66 2 2 31.695 9.241 29.944 8.453
67 2 2 31.610 9.327 29.830 8.512
68 2 2 31.609 9.241 29.887 8.425
69 2 2 31.524 9.357 29.572 8.428
70 2 2 31.424 9.343 29.815 8.411
71 2 2 31.523 9.171 29.715 8.469
72 2 2 31.409 9.272 29.601 8.456
73 2 2 31.424 9.357 29.615 8.427
74 2 2 31.380 9.229 29.573 8.557
75 2 2 31.353 9.329 29.601 8.427
76 2 2 31.237 9.202 29.600 8.356
77 2 2 31.196 9.359 29.472 8.457
78 2 2 31.267 9.301 29.344 8.544
79 2 2 31.180 9.188 29.315 8.487
80 2 2 31.123 9.245 29.572 8.428
81 2 2 31.080 9.246 29.329 8.487
82 2 2 31.038 9.246 29.087 8.575
83 2 2 31.081 9.260 29.185 8.388
84 2 2 30.952 9.304 29.114 8.374
85 2 2 30.951 9.175 29.029 8.475
86 2 2 30.865 9.147 29.000 8.475
87 2 2 30.866 9.290 29.114 8.417
88 2 2 30.794 9.205 28.986 8.533
89 2 2 30.751 9.206 28.799 8.448
90 2 2 30.637 9.206 29.085 8.417
91 2 2 30.679 9.135 28.842 8.434
92 2 2 30.579 9.121 28.857 8.448
93 2 2 30.579 9.150 28.741 8.277
94 2 2 30.594 9.250 28.784 8.348
95 2 2 30.637 9.192 28.827 8.376
96 2 2 30.579 9.164 28.942 8.347
97 2 2 30.508 9.208 28.469 8.279
98 2 2 30.422 9.137 28.784 8.348
99 2 2 30.522 9.193 28.627 8.407
100 2 2 30.320 8.966 28.569 8.321
101 2 2 30.235 9.052 28.541 8.321
102 2 2 30.263 8.923 28.340 8.337
103 2 2 30.164 9.096 28.382 8.251
104 2 2 30.164 9.067 28.325 8.251
105 2 2 30.021 9.040 28.239 8.252
106 2 2 29.992 9.040 28.067 8.253
107 2 2 29.935 9.040 28.210 8.224
108 2 2 29.906 9.041 28.153 8.253
109 2 2 29.820 9.041 28.181 8.109
110 2 2 29.863 8.998 28.139 8.210
111 2 2 29.705 8.985 28.095 8.110
112 2 2 29.834 9.013 27.995 8.139
113 2 2 29.749 9.013 28.023 8.139
114 2 2 29.620 9.014 27.980 8.082
115 2 2 29.577 9.015 27.938 8.168
116 2 2 29.519 8.929 28.023 8.111
117 2 2 29.462 8.930 27.794 8.084
118 2 2 29.405 8.959 27.907 7.968
119 2 2 29.376 8.945 27.736 8.012
120 2 2 29.361 8.902 27.693 7.998
121 2 2 29.291 9.017 27.677 7.855
122 2 2 29.232 8.817 27.449 7.972
123 2 2 29.189 8.860 27.434 7.872
124 2 2 29.089 8.833 27.333 7.786
125 2 2 28.974 8.805 27.391 7.901
126 2 2 28.987 8.690 27.262 7.873
127 2 2 28.959 8.762 27.118 7.802
128 2 2 28.887 8.691 27.247 7.787
129 2 2 28.644 8.765 27.260 7.629
130 2 2 28.671 8.564 27.146 7.687
131 2 2 28.700 8.607 26.946 7.761
132 2 2 28.472 8.637 26.744 7.705
133 2 2 28.485 8.565 26.759 7.719
134 2 2 28.413 8.523 26.601 7.706
135 2 2 28.370 8.509 26.730 7.691
136 2 2 28.342 8.495 26.414 7.621
137 2 2 28.183 8.410 26.429 7.707
138 2 2 28.040 8.383 26.371 7.593
139 2 2 27.997 8.440 26.271 7.651
140 2 2 27.883 8.527 26.242 7.623
141 2 2 27.811 8.399 26.198 7.580
142 2 2 27.854 8.413 26.012 7.596
143 2 2 27.738 8.256 25.983 7.582
144 2 2 27.524 8.329 25.797 7.626
145 2 2 27.538 8.301 25.724 7.483
146 2 2 27.280 8.346 25.782 7.526
147 2 2 27.393 8.187 25.782 7.569
148 2 2 27.180 8.346 25.567 7.556
149 2 2 27.021 8.262 25.409 7.557
150 2 2 26.992 8.219 25.265 7.544
151 2 2 26.921 8.205 25.308 7.472
152 2 2 26.834 8.192 25.222 7.516
153 2 2 26.777 8.221 25.108 7.545
154 2 2 26.663 8.322 24.907 7.561
155 2 2 26.534 8.237 24.777 7.476
156 2 2 26.462 8.266 24.705 7.505
157 2 2 26.304 8.210 24.690 7.419
158 2 2 26.332 8.153 24.432 7.479
159 2 2 26.290 8.268 24.331 7.451
160 2 2 25.989 8.313 24.174 7.495
161 2 2 25.945 8.213 24.188 7.481
162 2 2 25.816 8.214 24.145 7.538
163 2 2 25.745 8.329 23.986 7.396
164 2 2 25.659 8.244 23.815 7.512
165 2 2 25.616 8.273 23.685 7.485
166 2 2 25.530 8.317 23.800 7.498
167 2 2 25.428 8.160 23.613 7.456
168 2 2 25.314 8.189 23.613 7.485
169 2 2 25.170 8.190 23.441 7.515
170 2 2 24.984 8.249 23.369 7.516
171 2 2 24.883 8.221 23.269 7.545
172 2 2 24.912 8.250 23.297 7.516
173 2 2 24.826 8.222 23.182 7.517
174 2 2 24.682 8.237 22.981 7.562
175 2 2 24.582 8.224 22.909 7.519
176 2 2 24.582 8.252 22.909 7.462
177 2 2 24.553 8.181 22.564 7.565
178 2 2 24.237 8.226 22.535 7.493
179 2 2 24.237 8.269 22.449 7.566
180 2 2 23.965 8.372 22.406 7.638
181 2 2 24.023 8.372 22.204 7.553
182 2 2 23.936 8.329 22.148 7.654
183 2 2 23.778 8.402 22.018 7.612
184 2 2 23.864 8.330 22.133 7.654
185 2 2 23.562 8.347 21.657 7.500
186 2 2 23.477 8.405 21.773 7.557
187 2 2 23.375 8.334 21.644 7.658
188 2 2 23.319 8.435 21.500 7.616
189 2 2 23.246 8.349 21.399 7.617
190 2 2 23.117 8.393 21.299 7.718
191 2 2 22.987 8.337 21.226 7.661
192 2 2 22.858 8.424 21.212 7.633
193 2 2 22.772 8.425 21.010 7.634
194 2 2 22.585 8.469 21.111 7.590
195 2 2 22.485 8.441 20.751 7.622
196 2 2 22.528 8.513 20.766 7.751
197 2 2 22.427 8.413 20.463 7.653
198 2 2 22.269 8.457 20.449 7.782
199 2 2 22.226 8.515 20.463 7.667
200 2 2 22.097 8.588 20.363 7.740
201 2 2 22.067 8.459 20.218 7.698
202 2 2 21.967 8.474 20.117 7.655
203 2 2 21.837 8.403 19.987 7.642
204 2 2 21.795 8.547 20.002 7.699
205 2 2 21.636 8.462 19.872 7.700
206 2 2 21.449 8.493 19.714 7.788
207 2 2 21.420 8.522 19.599 7.731
208 2 2 21.362 8.508 19.541 7.775
209 2 2 21.204 8.495 19.411 7.761
210 2 2 21.160 8.466 19.339 7.791
211 2 2 21.060 8.467 19.209 7.705
212 2 2 20.930 8.483 19.051 7.807
213 2 2 20.859 8.584 19.008 7.793
214 2 2 20.743 8.527 18.978 7.736
215 2 2 20.657 8.513 18.806 7.809
216 2 2 20.484 8.529 18.776 7.709
217 2 2 20.397 8.487 18.575 7.811
218 2 2 20.354 8.530 18.474 7.769
219 2 2 20.267 8.387 18.617 7.681
220 2 2 20.195 8.445 18.344 7.770
221 2 2 19.935 8.447 18.372 7.654
222 2 2 19.835 8.477 18.300 7.684
223 2 2 19.877 8.405 18.198 7.613
224 2 2 19.632 8.407 18.069 7.642
225 2 2 19.646 8.320 17.910 7.615
226 2 2 19.502 8.321 17.852 7.615
227 2 2 19.430 8.308 17.722 7.602
228 2 2 19.257 8.352 17.606 7.560
229 2 2 19.227 8.266 17.490 7.532
230 2 2 19.155 8.224 17.361 7.605
231 2 2 18.925 8.297 17.331 7.533
232 2 2 18.795 8.269 17.230 7.534
233 2 2 18.766 8.327 17.143 7.506
234 2 2 18.651 8.285 17.000 7.607
235 2 2 18.636 8.213 16.841 7.594
236 2 2 18.405 8.258 16.667 7.581
237 2 2 18.333 8.273 16.623 7.481
238 2 2 18.202 8.188 16.580 7.596
239 2 2 18.073 8.290 16.393 7.670
240 2 2 18.001 8.276 16.378 7.569
241 2 2 17.842 8.248 16.045 7.543
242 2 2 17.669 8.336 16.016 7.572
243 2 2 17.669 8.293 16.017 7.644
244 2 2 17.582 8.308 15.815 7.660
245 2 2 17.409 8.338 15.670 7.690
246 2 2 17.308 8.339 15.742 7.660
247 2 2 17.221 8.282 15.482 7.691
248 2 2 17.121 8.441 15.323 7.735
249 2 2 16.962 8.471 15.193 7.708
250 2 2 16.904 8.443 15.193 7.679
251 2 2 16.804 8.530 15.005 7.767
252 2 2 16.587 8.517 14.818 7.840
253 2 2 16.602 8.560 14.803 7.768
254 2 2 16.443 8.590 14.615 7.885
255 2 2 16.313 8.606 14.600 7.813
256 2 2 16.270 8.649 14.442 7.944
257 2 2 16.082 8.737 14.341 7.945
258 2 2 15.938 8.825 14.254 8.003
259 2 2 15.823 8.869 14.196 7.931
260 2 2 15.736 8.855 14.080 7.975
261 2 2 15.534 8.886 14.023 8.034
262 2 2 15.534 9.001 13.878 8.063
263 2 2 15.419 8.987 13.762 8.079
264 2 2 15.318 9.017 13.719 8.108
265 2 2 15.145 9.119 13.488 8.182
266 2 2 15.087 9.105 13.430 8.225
267 2 2 14.956 9.078 13.270 8.227
268 2 2 14.856 9.251 13.228 8.314
269 2 2 14.725 9.195 13.126 8.343
270 2 2 14.625 9.325 12.997 8.474
271 2 2 14.509 9.355 12.881 8.475
272 2 2 14.350 9.414 12.838 8.562
273 2 2 14.278 9.415 12.621 8.592
274 2 2 14.322 9.486 12.520 8.780
275 2 2 14.134 9.517 12.389 8.695
276 2 2 13.989 9.590 12.303 8.797
277 2 2 13.859 9.649 12.201 8.769
278 2 2 13.874 9.721 12.042 8.871
279 2 2 13.759 9.837 12.043 8.929
280 2 2 13.629 9.809 11.970 8.929
281 2 2 13.455 9.897 11.796 8.988
282 2 2 13.340 9.956 11.681 9.047
283 2 2 13.166 10.058 11.565 9.178
284 2 2 13.123 10.116 11.637 9.119
285 2 2 12.965 10.233 11.508 9.265
286 2 2 13.008 10.218 11.377 9.309
287 2 2 12.777 10.350 11.203 9.296
288 2 2 12.690 10.380 11.088 9.412
289 2 2 12.633 10.481 11.088 9.456
290 2 2 12.445 10.584 10.987 9.529
291 2 2 12.372 10.628 10.973 9.601
292 2 2 12.286 10.758 10.595 9.590
293 2 2 12.170 10.803 10.712 9.748
294 2 2 12.070 10.905 10.611 9.821
295 2 2 12.041 10.977 10.611 9.893
296 2 2 11.955 11.180 10.437 9.923
297 2 2 11.752 11.225 10.293 10.141
298 2 2 11.709 11.312 10.191 10.113
299 2 2 11.521 11.400 10.235 10.170
300 2 2 11.493 11.501 10.061 10.244
301 2 2 11.363 11.633 10.048 10.374
302 2 2 11.320 11.748 9.947 10.519
303 2 2 11.132 11.822 9.817 10.593
304 2 2 11.074 11.837 9.846 10.607
305 2 2 10.988 12.011 9.730 10.666
306 2 2 10.887 12.142 9.629 10.854
307 2 2 10.844 12.215 9.615 10.926
308 2 2 10.772 12.389 9.513 10.956
309 2 2 10.729 12.534 9.412 11.102
310 2 2 10.570 12.665 9.457 11.173
311 2 2 10.455 12.767 9.370 11.362
312 2 2 10.455 12.883 9.226 11.479
313 2 2 10.383 12.927 9.298 11.406
314 2 2 10.311 13.029 9.168 11.566
315 2 2 10.196 13.189 9.140 11.754
316 2 2 10.124 13.349 9.067 11.769
317 2 2 10.095 13.392 9.039 11.842
318 2 2 10.009 13.581 8.924 12.060
319 2 2 9.952 13.668 8.924 12.117
320 2 2 9.807 13.857 8.895 12.190
321 2 2 9.793 13.901 8.852 12.292
322 2 2 9.706 13.989 8.737 12.408
323 2 2 9.663 14.119 8.694 12.568
324 2 2 9.723 14.292 8.782 12.654
325 2 2 9.665 14.452 8.725 12.900
326 2 2 9.593 14.553 8.594 12.887
327 2 2 9.565 14.626 8.653 13.016
328 2 2 9.420 14.743 8.566 13.133
329 2 2 9.464 14.844 8.552 13.234
330 2 2 9.422 15.018 8.568 13.407
331 2 2 9.335 15.106 8.481 13.437
332 2 2 9.307 15.250 8.511 13.668
333 2 2 9.293 15.352 8.468 13.683
334 2 2 9.279 15.525 8.483 13.856
335 2 2 9.265 15.627 8.469 13.842
336 2 2 9.208 15.815 8.471 14.175
337 2 2 9.165 15.874 8.340 14.234
338 2 2 9.151 16.019 8.413 14.291
339 2 2 9.166 16.134 8.399 14.407
340 2 2 9.138 16.265 8.371 14.653
341 2 2 9.139 16.409 8.401 14.681
342 2 2 9.125 16.554 8.358 14.769
343 2 2 9.199 16.669 8.431 14.884
344 2 2 9.112 16.771 8.461 15.014
345 2 2 9.127 16.829 8.418 15.072
346 2 2 9.172 17.074 8.375 15.289
347 2 2 9.129 17.118 8.478 15.361
348 2 2 9.173 17.190 8.377 15.550
349 2 2 9.116 17.379 8.465 15.621
350 2 2 9.174 17.479 8.407 15.752
351 2 2 9.175 17.653 8.466 15.925
352 2 2 9.117 17.668 8.467 16.113
353 2 2 9.148 17.899 8.380 16.114
354 2 2 9.119 17.900 8.468 16.258
355 2 2 9.149 18.131 8.381 16.345
356 2 2 9.077 18.204 8.397 16.475
357 2 2 9.077 18.291 8.368 16.563
358 2 2 9.107 18.421 8.341 16.867
359 2 2 9.079 18.595 8.312 16.983
360 2 2 9.094 18.653 8.356 16.953
361 2 2 9.153 18.840 8.356 17.055
362 2 2 9.154 18.999 8.358 17.272
363 2 2 9.023 19.030 8.373 17.416
364 2 2 9.068 19.160 8.271 17.432
365 2 2 9.011 19.334 8.302 17.634
366 2 2 9.012 19.537 8.244 17.809
367 2 2 9.027 19.565 8.288 17.808
368 2 2 9.042 19.753 8.217 18.084
369 2 2 9.014 19.797 8.246 18.127
370 2 2 8.971 19.986 8.057 18.173
371 2 2 9.015 20.116 8.189 18.388
372 2 2 9.003 20.507 8.175 18.403
373 2 2 8.973 20.348 8.147 18.592
374 2 2 8.886 20.407 8.089 18.708
375 2 2 8.887 20.552 8.032 18.882
376 2 2 8.931 20.696 8.134 18.939
377 2 2 8.830 20.741 8.033 19.013
378 2 2 8.874 20.899 8.048 19.172
379 2 2 8.759 21.075 7.961 19.231
380 2 2 8.774 21.205 7.948 19.477
381 2 2 8.789 21.292 7.876 19.594
382 2 2 8.630 21.395 7.862 19.696
383 2 2 8.689 21.568 7.834 19.841
384 2 2 8.675 21.626 7.819 19.899
385 2 2 8.588 21.758 7.791 20.088
386 2 2 8.589 21.888 7.704 20.190
387 2 2 8.575 21.932 7.749 20.291
388 2 2 8.503 22.150 7.735 20.364
389 2 2 8.503 22.165 7.707 20.668
390 2 2 8.504 22.281 7.679 20.784
391 2 2 8.374 22.471 7.606 20.829
392 2 2 8.520 22.556 7.664 20.828
393 2 2 8.390 22.673 7.476 21.033
394 2 2 8.332 22.761 7.506 21.091
395 2 2 8.245 22.922 7.507 21.395
396 2 2 8.319 23.008 7.434 21.396
397 2 2 8.246 23.110 7.450 21.526
398 2 2 8.218 23.212 7.334 21.687
399 2 2 8.145 23.300 7.291 21.862
400 2 2 8.161 23.474 7.248 21.949
401 2 2 8.104 23.634 7.218 21.877
402 2 2 8.060 23.736 7.147 22.096
403 2 2 8.061 23.809 7.235 22.167
404 2 2 8.076 23.924 7.221 22.254
405 2 2 7.917 24.144 7.091 22.590
406 2 2 7.888 24.174 7.091 22.618
407 2 2 7.845 24.276 7.020 22.866
408 2 2 7.788 24.479 6.991 22.924
409 2 2 7.919 24.521 6.889 22.969
410 2 2 7.803 24.668 6.861 23.144
411 2 2 7.790 24.871 6.876 23.201
412 2 2 7.718 24.945 6.804 23.362
413 2 2 7.543 25.049 6.834 23.492
414 2 2 7.543 25.107 6.776 23.638
415 2 2 7.500 25.238 6.586 23.597
416 2 2 7.530 25.368 6.645 23.727
417 2 2 7.400 25.486 6.632 23.901
418 2 2 7.401 25.646 6.487 24.063
419 2 2 7.387 25.762 6.443 24.092
420 2 2 7.299 25.821 6.386 24.296
421 2 2 7.285 25.865 6.343 24.457
422 2 2 7.228 26.127 6.255 24.429
423 2 2 7.214 26.142 6.242 24.647
424 2 2 7.141 26.215 6.169 24.720
425 2 2 7.113 26.346 6.199 24.792
426 2 2 6.953 26.450 5.981 25.013
427 2 2 7.026 26.580 6.083 24.997
428 2 2 6.940 26.697 5.938 25.203
429 2 2 6.882 26.901 5.910 25.319
430 2 2 6.882 26.872 5.910 25.377
431 2 2 6.723 27.093 5.839 25.683
432 2 2 6.665 27.181 5.721 25.656
433 2 2 6.636 27.268 5.605 25.803
434 2 2 6.695 27.311 5.694 25.903
435 2 2 6.550 27.458 5.548 25.905
436 2 2 6.521 27.531 5.519 26.094
437 2 2 6.463 27.648 5.432 26.241
438 2 2 6.260 27.956 5.432 26.226
439 2 2 6.421 27.896 5.331 26.431
440 2 2 6.187 27.958 5.273 26.519
441 2 2 6.275 28.058 4.982 26.654
442 2 2 6.086 28.221 5.026 26.726
443 2 2 6.073 28.366 4.924 26.757
444 2 2 5.941 28.412 4.881 26.917
445 2 2 5.854 28.515 4.852 27.049
446 2 2 5.855 28.587 4.707 27.211
447 2 2 5.738 28.677 4.766 27.326
448 2 2 5.710 28.779 4.649 27.371
449 2 2 5.549 28.897 4.664 27.516
450 2 2 5.492 29.015 4.519 27.635
451 2 2 5.491 28.957 4.431 27.665
452 2 2 5.507 29.218 4.359 27.783
453 2 2 5.391 29.307 4.271 27.871
454 2 2 5.318 29.294 4.199 27.945
455 2 2 5.304 29.410 4.067 28.034
456 2 2 5.246 29.585 3.980 28.181
457 2 2 5.173 29.601 3.996 28.283
458 2 2 5.042 29.720 3.893 28.284
459 2 2 5.043 29.850 3.777 28.504
460 2 2 4.882 29.868 3.792 28.606
461 2 2 4.810 30.029 3.573 28.682
462 2 2 4.839 30.072 3.486 28.727
463 2 2 4.737 30.161 3.442 28.873
464 2 2 4.635 30.264 3.370 28.976
465 2 2 4.518 30.266 3.253 29.065
466 2 2 4.432 30.471 3.195 29.153
467 2 2 4.300 30.532 3.151 29.212
468 2 2 4.227 30.518 2.580 29.178
469 2 2 4.198 30.635 2.433 29.238
470 2 2 4.038 30.711 2.361 29.341
471 2 2 4.009 30.798 2.302 29.371
472 2 2 3.907 30.916 2.259 29.489
473 2 2 3.922 31.003 2.098 29.608
474 2 2 3.747 31.079 2.069 29.652
475 2 2 3.747 31.166 1.981 29.682
476 2 2 3.675 31.284 1.997 29.857
477 2 2 3.602 31.271 1.807 29.903
0 3 2 32.681 7.702 30.758 6.715
1 3 2 32.608 7.617 30.944 6.742
2 3 2 32.609 7.645 30.715 6.716
3 3 2 32.665 7.559 30.887 6.743
4 3 2 32.680 7.616 30.844 6.743
5 3 2 32.623 7.702 30.787 6.686
6 3 2 32.708 7.602 30.902 6.757
7 3 2 32.666 7.645 30.887 6.714
8 3 2 32.708 7.602 30.816 6.786
9 3 2 32.637 7.645 30.973 6.742
10 3 2 32.837 7.658 30.888 6.814
11 3 2 32.665 7.602 30.831 6.815
12 3 2 32.637 7.645 30.830 6.715
13 3 2 32.694 7.645 30.858 6.714
14 3 2 32.623 7.617 30.845 6.800
15 3 2 32.636 7.502 30.830 6.801
16 3 2 32.694 7.630 30.831 6.815
17 3 2 32.695 7.673 30.773 6.772
18 3 2 32.694 7.630 30.916 6.814
19 3 2 32.637 7.645 30.830 6.801
20 3 2 32.609 7.717 30.802 6.815
21 3 2 32.624 7.717 30.788 6.844
22 3 2 32.623 7.674 30.788 6.801
23 3 2 32.566 7.674 30.702 6.830
24 3 2 32.538 7.732 30.730 6.801
25 3 2 32.509 7.689 30.702 6.816
26 3 2 32.595 7.731 30.874 6.886
27 3 2 32.537 7.660 30.646 6.902
28 3 2 32.466 7.661 30.602 6.874
29 3 2 32.481 7.689 30.502 6.874
30 3 2 32.481 7.689 30.502 6.874
31 3 2 32.252 7.705 30.531 6.860
32 3 2 32.296 7.776 30.403 6.932
33 3 2 32.196 7.734 30.302 6.890
34 3 2 32.196 7.763 30.389 6.947
35 3 2 32.239 7.791 30.260 6.948
36 3 2 32.139 7.821 30.303 6.976
37 3 2 32.039 7.764 30.203 6.948
38 3 2 31.954 7.822 30.146 6.949
39 3 2 31.954 7.822 29.945 6.922
40 3 2 32.010 7.764 29.889 6.979
41 3 2 31.768 7.809 30.046 7.021
42 3 2 31.755 7.924 29.946 7.022
43 3 2 31.726 7.938 29.947 7.093
44 3 2 31.683 7.939 29.876 7.180
45 3 2 31.584 8.025 29.919 7.208
46 3 2 31.527 7.983 29.747 7.138
47 3 2 31.456 8.083 29.675 7.124
48 3 2 31.385 8.084 29.661 7.153
49 3 2 31.385 8.113 29.490 7.183
50 3 2 31.299 8.113 29.347 7.212
51 3 2 31.228 8.128 29.418 7.169
52 3 2 31.127 8.043 29.404 7.198
53 3 2 31.100 8.229 29.347 7.270
54 3 2 31.000 8.244 29.219 7.342
55 3 2 31.015 8.273 29.290 7.284
56 3 2 30.915 8.245 29.190 7.314
57 3 2 30.872 8.331 29.062 7.315
58 3 2 30.987 8.388 29.004 7.286
59 3 2 30.773 8.389 29.105 7.372
60 3 2 30.773 8.432 28.990 7.358
61 3 2 30.744 8.404 28.905 7.445
62 3 2 30.559 8.405 28.948 7.387
63 3 2 30.644 8.333 28.920 7.459
64 3 2 30.630 8.376 28.819 7.417
65 3 2 30.444 8.392 28.833 7.374
66 3 2 30.444 8.392 28.691 7.432
67 3 2 30.416 8.407 28.690 7.418
68 3 2 30.343 8.235 28.447 7.448
69 3 2 30.358 8.321 28.576 7.390
70 3 2 30.129 8.323 28.347 7.392
71 3 2 30.229 8.308 28.390 7.434
72 3 2 30.043 8.338 28.375 7.406
73 3 2 30.000 8.295 28.246 7.392
74 3 2 29.915 8.411 28.133 7.479
75 3 2 29.971 8.281 27.932 7.495
76 3 2 29.814 8.240 28.032 7.423
77 3 2 29.756 8.183 28.003 7.423
78 3 2 29.742 8.283 27.903 7.467
79 3 2 29.670 8.198 27.831 7.439
80 3 2 29.556 8.184 27.688 7.397
81 3 2 29.456 8.199 27.560 7.527
82 3 2 29.442 8.300 27.516 7.455
83 3 2 29.312 8.186 27.359 7.457
84 3 2 29.213 8.302 27.459 7.427
85 3 2 29.242 8.301 27.287 7.400
86 3 2 28.969 8.218 27.359 7.485
87 3 2 28.955 8.218 27.172 7.429
88 3 2 28.969 8.175 27.015 7.502
89 3 2 28.754 8.191 26.914 7.460
90 3 2 28.726 8.191 26.915 7.489
91 3 2 28.612 8.278 26.657 7.491
92 3 2 28.540 8.293 26.556 7.506
93 3 2 28.339 8.165 26.355 7.493
94 3 2 28.168 8.296 26.326 7.421
95 3 2 28.053 8.211 26.241 7.537
96 3 2 27.923 8.169 26.083 7.466
97 3 2 27.852 8.198 25.925 7.439
98 3 2 27.694 8.142 25.882 7.439
99 3 2 27.652 8.314 25.724 7.440
100 3 2 27.437 8.244 25.595 7.427
101 3 2 27.293 8.188 25.480 7.485
102 3 2 27.279 8.174 25.351 7.529
103 3 2 27.050 8.204 25.294 7.530
104 3 2 27.006 8.190 25.192 7.373
105 3 2 26.849 8.177 24.862 7.418
106 3 2 26.735 8.264 24.920 7.475
107 3 2 26.705 8.178 24.691 7.534
108 3 2 26.577 8.280 24.648 7.520
109 3 2 26.433 8.223 24.533 7.578
110 3 2 26.318 8.196 24.418 7.551
111 3 2 26.189 8.197 24.375 7.551
112 3 2 26.132 8.269 24.087 7.481
113 3 2 25.975 8.313 23.843 7.526
114 3 2 25.889 8.357 24.045 7.539
115 3 2 25.688 8.330 23.844 7.569
116 3 2 25.559 8.359 23.485 7.601
117 3 2 25.358 8.404 23.397 7.472
118 3 2 25.315 8.390 23.355 7.602
119 3 2 25.158 8.434 23.254 7.502
120 3 2 24.985 8.364 23.168 7.546
121 3 2 24.884 8.365 23.125 7.575
122 3 2 24.885 8.437 22.924 7.620
123 3 2 24.612 8.482 22.708 7.549
124 3 2 24.411 8.440 22.680 7.650
125 3 2 24.282 8.456 22.549 7.522
126 3 2 24.197 8.571 22.320 7.667
127 3 2 24.210 8.456 22.219 7.611
128 3 2 23.966 8.473 22.234 7.654
129 3 2 23.765 8.532 22.032 7.655
130 3 2 23.707 8.475 21.832 7.771
131 3 2 23.478 8.534 21.745 7.657
132 3 2 23.434 8.448 21.471 7.659
133 3 2 23.304 8.420 21.457 7.659
134 3 2 23.118 8.508 21.356 7.689
135 3 2 23.002 8.423 21.068 7.634
136 3 2 22.759 8.540 20.967 7.692
137 3 2 22.758 8.454 20.909 7.635
138 3 2 22.628 8.440 20.751 7.651
139 3 2 22.298 8.472 20.621 7.652
140 3 2 22.326 8.443 20.506 7.624
141 3 2 22.082 8.445 20.261 7.597
142 3 2 21.996 8.474 20.059 7.627
143 3 2 21.894 8.389 19.958 7.628
144 3 2 21.794 8.418 19.944 7.599
145 3 2 21.563 8.377 19.799 7.528
146 3 2 21.405 8.393 19.611 7.487
147 3 2 21.260 8.307 19.583 7.545
148 3 2 21.044 8.309 19.394 7.431
149 3 2 20.958 8.367 19.222 7.519
150 3 2 20.828 8.282 19.092 7.462
151 3 2 20.755 8.254 18.962 7.434
152 3 2 20.525 8.285 18.933 7.463
153 3 2 20.409 8.199 18.674 7.494
154 3 2 20.178 8.129 18.500 7.452
155 3 2 20.005 8.131 18.673 7.451
156 3 2 19.919 8.131 18.211 7.426
157 3 2 19.875 8.132 18.082 7.542
158 3 2 19.644 8.090 17.937 7.413
159 3 2 19.529 8.091 17.908 7.442
160 3 2 19.385 8.121 17.706 7.444
161 3 2 19.154 8.094 17.446 7.417
162 3 2 19.053 8.052 17.287 7.433
163 3 2 18.837 8.068 17.273 7.505
164 3 2 18.649 8.098 17.258 7.390
165 3 2 18.476 8.128 16.854 7.421
166 3 2 18.404 8.129 16.897 7.450
167 3 2 18.288 8.101 16.493 7.424
168 3 2 18.202 8.145 16.464 7.439
169 3 2 18.144 8.131 16.175 7.427
170 3 2 17.840 8.047 16.219 7.513
171 3 2 17.842 8.248 15.987 7.457
172 3 2 17.553 8.222 16.016 7.514
173 3 2 17.495 8.150 15.784 7.473
174 3 2 17.235 8.181 15.553 7.446
175 3 2 17.235 8.195 15.409 7.576
176 3 2 16.990 8.269 15.221 7.621
177 3 2 16.976 8.356 15.062 7.593
178 3 2 16.528 8.316 15.279 7.577
179 3 2 16.499 8.288 15.105 7.579
180 3 2 16.325 8.347 14.874 7.638
181 3 2 16.225 8.405 14.715 7.610
182 3 2 16.022 8.349 14.455 7.699
183 3 2 15.906 8.393 14.398 7.800
184 3 2 15.791 8.423 14.252 7.744
185 3 2 15.690 8.452 13.978 7.832
186 3 2 15.473 8.497 13.848 7.848
187 3 2 15.401 8.570 13.746 7.805
188 3 2 15.286 8.600 13.631 7.892
189 3 2 15.084 8.717 13.341 7.952
190 3 2 14.837 8.632 13.356 7.952
191 3 2 14.824 8.805 13.312 7.953
192 3 2 14.737 8.835 12.820 8.014
193 3 2 14.419 8.852 12.907 8.085
195 3 2 14.260 8.968 12.690 8.174
196 3 2 14.188 9.012 12.502 8.190
197 3 2 14.001 9.086 12.546 8.290
199 3 2 13.683 9.232 12.228 8.379
200 3 2 13.669 9.319 12.039 8.409
201 3 2 13.452 9.335 12.112 8.452
202 3 2 13.235 9.409 11.866 8.497
203 3 2 13.192 9.510 11.562 8.630
204 3 2 12.989 9.498 11.620 8.701
205 3 2 12.802 9.687 11.519 8.774
206 3 2 12.962 9.801 11.302 8.805
207 3 2 12.788 9.831 11.128 8.893
208 3 2 12.716 9.875 10.562 8.941
209 3 2 12.325 9.965 10.490 8.970
210 3 2 12.282 10.037 10.824 9.097
211 3 2 12.195 10.168 10.534 9.143
212 3 2 12.095 10.270 10.491 9.244
213 3 2 11.935 10.314 10.448 9.375
214 3 2 11.893 10.488 10.231 9.434
215 3 2 11.545 10.592 10.202 9.420
216 3 2 11.488 10.722 10.145 9.579
217 3 2 11.430 10.708 9.971 9.682
218 3 2 11.286 10.926 9.913 9.697
219 3 2 11.083 10.986 9.769 9.871
220 3 2 10.968 11.145 9.681 9.800
221 3 2 10.867 11.320 9.639 10.031
222 3 2 10.809 11.363 9.406 10.105
223 3 2 10.665 11.451 9.291 10.251
224 3 2 10.549 11.553 9.204 10.295
225 3 2 10.434 11.684 9.147 10.454
226 3 2 10.318 11.787 9.002 10.527
227 3 2 10.232 11.917 8.944 10.600
228 3 2 10.101 12.034 8.785 10.717
229 3 2 10.001 12.194 8.654 10.791
230 3 2 9.899 12.224 8.611 10.935
231 3 2 9.856 12.340 8.568 10.907
232 3 2 9.639 12.443 8.467 11.096
233 3 2 9.596 12.588 8.220 11.242
234 3 2 9.422 12.705 8.309 11.415
235 3 2 9.394 12.835 8.134 11.402
236 3 2 9.235 12.982 8.004 11.606
237 3 2 9.075 13.099 8.019 11.663
238 3 2 9.105 13.200 7.874 11.795
239 3 2 9.004 13.316 7.744 11.969
240 3 2 8.918 13.519 7.686 12.028
241 3 2 8.846 13.636 7.585 12.087
242 3 2 8.715 13.738 7.571 12.246
243 3 2 8.600 13.884 7.455 12.334
244 3 2 8.411 14.016 7.412 12.493
245 3 2 8.368 14.060 7.224 12.654
246 3 2 8.369 14.205 7.224 12.741
247 3 2 8.282 14.365 7.108 12.814
248 3 2 8.224 14.380 6.934 12.917
249 3 2 8.109 14.612 6.963 13.004
250 3 2 8.022 14.599 6.878 13.279
251 3 2 8.081 14.714 6.761 13.252
252 3 2 7.834 14.861 6.718 13.455
253 3 2 7.704 15.094 6.617 13.542
254 3 2 7.559 15.211 6.501 13.659
255 3 2 7.545 15.327 6.429 13.834
256 3 2 7.502 15.443 6.356 13.834
257 3 2 7.415 15.560 6.298 13.980
258 3 2 7.372 15.575 6.256 14.168
259 3 2 7.242 15.779 6.125 14.227
260 3 2 7.097 15.896 6.038 14.344
261 3 2 7.054 16.042 5.820 14.578
262 3 2 7.011 16.158 5.923 14.693
263 3 2 6.866 16.290 5.806 14.680
264 3 2 6.881 16.420 5.705 14.753
265 3 2 6.736 16.552 5.648 15.087
266 3 2 6.619 16.582 5.706 15.057
267 3 2 6.664 16.726 5.518 15.204
268 3 2 6.592 16.930 5.445 15.320
269 3 2 6.433 17.149 5.402 15.480
270 3 2 6.345 17.106 5.286 15.641
271 3 2 6.244 17.267 5.272 15.684
272 3 2 6.128 17.413 5.157 15.946
273 3 2 6.056 17.559 4.997 16.064
274 3 2 5.983 17.647 4.924 16.181
275 3 2 5.940 17.763 4.851 16.210
276 3 2 5.810 17.967 4.779 16.298
277 3 2 5.839 17.952 4.692 16.430
278 3 2 5.797 18.141 4.708 16.647
279 3 2 5.681 18.302 4.505 16.866
280 3 2 5.608 18.303 4.490 16.838
281 3 2 5.564 18.405 4.388 16.940
282 3 2 5.405 18.624 4.141 17.160
283 3 2 5.362 18.712 4.214 17.189
284 3 2 5.304 18.872 4.127 17.320
285 3 2 5.144 18.975 4.055 17.451
286 3 2 5.071 19.034 3.983 17.626
287 3 2 5.029 19.238 3.881 17.685
288 3 2 4.912 19.297 3.794 17.918
289 3 2 4.855 19.443 3.706 17.919
290 3 2 4.797 19.545 3.795 18.049
291 3 2 4.695 19.706 3.606 18.240
292 3 2 4.594 19.881 3.563 18.414
293 3 2 4.536 19.998 3.417 18.445
294 3 2 4.493 20.129 3.374 18.576
295 3 2 4.435 20.246 3.374 18.692
296 3 2 4.377 20.377 3.229 18.853
297 3 2 4.188 20.553 3.214 18.912
298 3 2 4.072 20.686 3.157 19.130
299 3 2 4.146 20.844 3.084 19.145
300 3 2 3.941 20.832 2.968 19.364
301 3 2 3.942 21.064 3.027 19.451
302 3 2 3.870 21.240 2.955 19.597
303 3 2 3.798 21.371 2.882 19.728
304 3 2 3.769 21.430 2.795 19.874
305 3 2 3.668 21.649 2.751 19.919
306 3 2 3.566 21.810 2.708 20.079
307 3 2 3.581 21.882 2.694 20.151
308 3 2 3.509 21.999 2.622 20.356
309 3 2 3.466 22.174 2.520 20.531
310 3 2 3.451 22.261 2.476 20.503
311 3 2 3.306 22.394 2.390 20.780
312 3 2 3.263 22.525 2.317 20.795
313 3 2 3.205 22.686 2.289 21.042
314 3 2 3.147 22.744 2.202 21.247
315 3 2 3.119 22.992 2.173 21.262
316 3 2 3.075 23.094 2.101 21.480
317 3 2 3.003 23.211 2.028 21.481
318 3 2 2.945 23.444 2.058 21.713
319 3 2 2.931 23.488 1.956 21.816
320 3 2 2.888 23.634 1.942 21.962
321 3 2 2.830 23.809 1.855 22.050
322 3 2 2.684 23.913 1.855 22.152
323 3 2 2.670 24.015 1.872 22.486
324 3 2 2.540 24.220 1.740 22.546
325 3 2 2.570 24.394 1.594 22.664
326 3 2 2.541 24.453 1.596 22.954
327 3 2 2.498 24.613 1.639 22.852
328 3 2 2.410 24.760 1.582 23.114
329 3 2 2.411 24.905 1.435 23.146
330 3 2 2.339 25.037 1.451 23.363
331 3 2 2.295 25.096 1.407 23.364
332 3 2 2.165 25.403 1.364 23.583
333 3 2 2.179 25.417 1.263 23.802
334 3 2 2.224 25.620 1.219 23.919
335 3 2 2.123 25.781 1.235 24.050
336 3 2 2.050 25.899 1.103 24.139
337 3 2 1.933 25.988 1.104 24.284
338 3 2 2.037 26.204 1.061 24.445
339 3 2 1.950 26.395 1.062 24.634
340 3 2 1.892 26.439 0.975 24.853
341 3 2 1.834 26.571 0.946 24.897
342 3 2 1.864 26.716 0.946 24.984
343 3 2 1.733 26.907 0.873 25.116
344 3 2 1.762 26.950 0.786 25.277
345 3 2 1.734 27.256 0.787 25.437
346 3 2 1.603 27.302 0.802 25.452
347 3 2 1.530 27.463 0.730 25.729
348 3 2 1.589 27.578 0.671 25.788
349 3 2 1.503 27.783 0.614 26.051
350 3 2 1.415 27.828 0.585 26.124
351 3 2 1.431 28.061 0.542 26.299
352 3 2 1.358 28.222 0.469 26.519
353 3 2 1.388 28.382 0.587 26.590
354 3 2 1.374 28.455 0.456 26.810
355 3 2 1.389 28.629 0.383 26.811
356 3 2 1.331 28.659 0.384 26.957
357 3 2 1.244 28.966 0.268 27.235
358 3 2 1.187 29.113 0.239 27.352
359 3 2 1.231 29.127 0.254 27.541
360 3 2 1.012 29.363 0.211 27.600
361 3 2 1.027 29.508 0.138 27.746
362 3 2 0.969 29.539 0.197 27.862
363 3 2 0.897 29.816 0.124 27.994
364 3 2 0.926 29.874 0.008 28.142
365 3 2 0.868 30.035 0.068 28.388
366 3 2 0.913 30.224 0.053 28.432
367 3 2 0.840 30.312 0.039 28.636
368 3 2 0.739 30.533 -0.063 28.798
369 3 2 0.827 30.589 -0.091 28.973
370 3 2 0.740 30.780 -0.149 29.047
371 3 2 0.682 30.956 -0.149 29.222
372 3 2 0.697 30.985 -0.105 29.221
373 3 2 0.757 31.290 -0.162 29.469
374 3 2 0.581 31.380 -0.191 29.645
375 3 2 0.611 31.423 -0.278 29.806
432 3 2 0.625 31.350 -0.323 29.676
433 3 2 0.611 31.423 -0.366 29.779
0 4 2 32.672 6.787 30.725 6.229
1 4 2 32.786 6.758 30.867 6.056
2 4 2 32.600 6.673 30.653 6.115
3 4 2 32.657 6.673 30.909 6.027
4 4 2 32.572 6.745 30.795 6.043
5 4 2 32.542 6.602 30.710 6.100
6 4 2 32.600 6.687 30.853 6.157
7 4 2 32.557 6.659 30.810 6.128
8 4 2 32.529 6.717 30.868 6.156
9 4 2 32.558 6.716 30.896 6.128
10 4 2 32.601 6.745 30.939 6.156
11 4 2 32.571 6.673 30.939 6.113
12 4 2 32.586 6.673 30.810 6.057
13 4 2 32.500 6.674 30.696 6.086
14 4 2 32.615 6.730 30.981 6.084
15 4 2 32.643 6.716 30.925 6.127
16 4 2 32.601 6.759 30.854 6.171
17 4 2 32.472 6.746 30.924 6.099
18 4 2 32.558 6.774 30.982 6.098
19 4 2 32.529 6.731 30.925 6.113
20 4 2 32.573 6.802 30.968 6.156
21 4 2 32.559 6.831 30.953 6.156
22 4 2 32.487 6.803 30.882 6.128
23 4 2 32.472 6.731 30.811 6.228
24 4 2 32.501 6.745 30.896 6.128
25 4 2 32.544 6.774 30.910 6.099
26 4 2 32.629 6.773 30.682 6.101
27 4 2 32.615 6.787 31.011 6.227
28 4 2 32.615 6.744 30.839 6.157
29 4 2 32.516 6.874 30.909 6.027
30 4 2 32.615 6.744 30.924 6.099
31 4 2 32.515 6.745 30.824 6.071
32 4 2 32.559 6.902 30.925 6.142
33 4 2 32.530 6.788 30.924 6.027
34 4 2 32.473 6.831 30.725 6.158
35 4 2 32.473 6.846 30.639 6.087
36 4 2 32.445 6.903 30.724 6.115
37 4 2 32.460 6.932 30.653 6.086
38 4 2 32.417 6.932 30.781 6.086
39 4 2 32.459 6.903 30.510 6.145
40 4 2 32.402 6.875 30.681 6.086
41 4 2 32.359 6.889 30.610 6.130
42 4 2 32.431 6.903 30.567 6.116
43 4 2 32.245 6.890 30.467 6.131
44 4 2 32.259 6.819 30.510 6.059
45 4 2 32.316 6.832 30.425 6.188
46 4 2 32.259 6.790 30.453 6.117
47 4 2 32.145 6.905 30.367 6.146
48 4 2 32.159 6.848 30.324 6.089
49 4 2 32.117 6.891 30.310 6.132
50 4 2 32.017 6.935 30.010 6.091
51 4 2 31.959 6.849 30.296 6.089
52 4 2 31.917 6.950 30.167 6.104
53 4 2 31.931 6.878 30.153 6.090
54 4 2 31.788 6.865 30.067 6.162
55 4 2 31.802 6.865 29.996 6.191
56 4 2 31.660 6.866 29.939 6.163
57 4 2 31.632 6.966 29.910 6.149
58 4 2 31.603 6.924 29.710 6.136
59 4 2 31.489 6.910 29.767 6.121
60 4 2 31.317 6.897 29.796 6.135
61 4 2 31.388 6.854 29.781 6.150
62 4 2 31.245 6.869 29.467 6.195
63 4 2 31.302 6.854 29.553 6.180
64 4 2 31.232 6.926 29.424 6.195
65 4 2 31.146 6.970 29.424 6.181
66 4 2 31.189 6.998 29.381 6.210
67 4 2 30.975 6.971 29.195 6.183
68 4 2 30.875 6.972 29.239 6.240
69 4 2 30.989 7.000 28.895 6.185
70 4 2 30.818 7.030 29.009 6.155
71 4 2 30.747 7.059 29.196 6.240
72 4 2 30.618 7.060 28.952 6.213
73 4 2 30.632 6.959 28.909 6.170
74 4 2 30.576 7.103 28.766 6.200
75 4 2 30.562 7.103 28.838 6.285
76 4 2 30.490 7.046 28.796 6.343
77 4 2 30.505 7.146 28.609 6.216
78 4 2 30.376 7.104 28.508 6.202
79 4 2 30.304 7.048 28.552 6.316
80 4 2 30.118 7.106 28.395 6.289
81 4 2 30.219 7.149 28.295 6.332
82 4 2 30.019 7.150 28.151 6.247
83 4 2 29.962 7.150 28.151 6.219
84 4 2 29.790 7.152 28.237 6.304
85 4 2 29.790 7.180 27.979 6.249
86 4 2 29.719 7.210 28.051 6.248
87 4 2 29.775 7.109 27.850 6.293
88 4 2 29.589 7.110 27.779 6.293
89 4 2 29.647 7.124 27.635 6.222
90 4 2 29.475 7.125 27.807 6.279
91 4 2 29.374 7.069 27.564 6.252
92 4 2 29.303 7.069 27.492 6.252
93 4 2 29.303 7.112 27.435 6.295
94 4 2 29.103 7.071 27.291 6.254
95 4 2 29.102 7.042 27.349 6.253
96 4 2 29.045 7.071 27.263 6.225
97 4 2 28.974 7.043 27.134 6.226
98 4 2 28.945 7.086 27.020 6.327
99 4 2 28.717 7.117 27.077 6.298
100 4 2 28.744 6.973 27.020 6.298
101 4 2 28.586 6.975 26.919 6.299
102 4 2 28.543 6.932 26.733 6.286
103 4 2 28.472 6.990 26.690 6.315
104 4 2 28.386 7.019 26.632 6.230
105 4 2 28.214 6.934 26.546 6.259
106 4 2 28.186 6.992 26.460 6.202
107 4 2 28.200 6.992 26.302 6.175
108 4 2 27.999 6.893 26.331 6.189
109 4 2 27.985 6.936 26.201 6.147
110 4 2 27.813 6.923 26.087 6.162
111 4 2 27.855 6.894 26.073 6.248
112 4 2 27.642 7.025 25.915 6.235
113 4 2 27.526 6.896 25.743 6.279
114 4 2 27.354 6.941 25.629 6.294
115 4 2 27.283 6.999 25.614 6.294
116 4 2 27.154 6.971 25.427 6.210
117 4 2 27.169 7.028 25.585 6.237
118 4 2 27.140 7.000 25.384 6.210
119 4 2 26.982 6.972 25.256 6.325
120 4 2 26.896 7.001 25.140 6.240
121 4 2 26.767 7.002 25.011 6.241
122 4 2 26.767 7.002 24.752 6.214
123 4 2 26.466 7.005 24.825 6.271
124 4 2 26.581 7.004 24.910 6.185
125 4 2 26.353 7.135 24.681 6.315
126 4 2 26.208 7.021 24.537 6.202
127 4 2 26.324 7.092 24.423 6.274
128 4 2 26.137 7.093 24.293 6.246
129 4 2 25.966 7.180 24.410 6.446
130 4 2 25.821 7.024 24.179 6.376
131 4 2 25.735 7.082 24.065 6.406
132 4 2 25.621 7.111 23.949 6.349
133 4 2 25.649 7.054 23.806 6.465
134 4 2 25.420 7.156 23.604 6.337
135 4 2 25.349 7.214 23.590 6.395
136 4 2 25.306 7.214 23.317 6.368
137 4 2 25.147 7.144 23.476 6.467
138 4 2 24.919 7.317 23.332 6.468
139 4 2 24.889 7.188 23.159 6.398
140 4 2 24.847 7.232 23.002 6.471
141 4 2 24.646 7.233 23.001 6.442
142 4 2 24.703 7.204 22.887 6.529
143 4 2 24.416 7.292 22.656 6.473
144 4 2 24.359 7.350 22.599 6.502
145 4 2 24.316 7.293 22.355 6.533
146 4 2 24.058 7.367 22.326 6.547
147 4 2 24.043 7.353 22.369 6.504
148 4 2 23.870 7.311 22.255 6.634
149 4 2 23.742 7.384 22.154 6.592
150 4 2 23.627 7.413 21.952 6.593
151 4 2 23.512 7.385 21.866 6.622
152 4 2 23.397 7.429 21.722 6.552
153 4 2 23.412 7.458 21.448 6.554
154 4 2 23.225 7.431 21.666 6.782
155 4 2 23.110 7.518 21.435 6.726
156 4 2 23.038 7.518 21.248 6.727
157 4 2 22.923 7.490 21.190 6.699
158 4 2 22.751 7.563 21.018 6.744
159 4 2 22.593 7.522 20.830 6.702
160 4 2 22.392 7.595 20.917 6.773
161 4 2 22.406 7.523 20.759 6.760
162 4 2 22.349 7.624 20.673 6.804
163 4 2 22.162 7.625 20.428 6.805
164 4 2 22.075 7.612 20.399 6.820
165 4 2 22.118 7.597 20.154 6.807
166 4 2 21.802 7.642 20.068 6.880
167 4 2 21.773 7.585 20.097 6.937
168 4 2 21.558 7.673 19.939 6.909
169 4 2 21.544 7.731 19.838 6.910
170 4 2 21.385 7.689 19.564 6.984
171 4 2 21.183 7.690 19.651 6.983
172 4 2 21.154 7.676 19.650 6.940
173 4 2 21.083 7.763 19.319 7.000
174 4 2 20.953 7.764 19.334 7.086
175 4 2 20.853 7.793 19.146 7.002
176 4 2 20.738 7.895 19.118 7.102
177 4 2 20.637 7.795 18.930 7.032
178 4 2 20.508 7.868 18.772 7.105
179 4 2 20.421 7.897 18.599 7.078
180 4 2 20.364 7.869 18.627 7.077
181 4 2 20.148 7.914 18.528 7.236
182 4 2 20.091 7.986 18.412 7.194
183 4 2 19.874 7.973 18.195 7.181
184 4 2 19.716 8.003 18.355 7.381
185 4 2 19.716 8.075 18.124 7.254
186 4 2 19.572 8.033 17.922 7.356
187 4 2 19.515 8.091 17.865 7.385
188 4 2 19.486 8.135 17.807 7.400
189 4 2 19.242 8.223 17.619 7.430
190 4 2 19.198 8.194 17.490 7.431
191 4 2 19.084 8.325 17.403 7.475
192 4 2 19.026 8.268 17.317 7.475
193 4 2 18.867 8.326 17.389 7.561
194 4 2 18.796 8.428 17.028 7.492
195 4 2 18.579 8.415 16.957 7.680
196 4 2 18.537 8.502 16.942 7.651
197 4 2 18.262 8.504 16.696 7.624
198 4 2 18.335 8.503 16.740 7.681
199 4 2 18.148 8.692 16.581 7.697
200 4 2 18.033 8.736 16.380 7.799
201 4 2 17.846 8.781 16.394 7.842
202 4 2 17.773 8.695 16.380 7.842
203 4 2 17.845 8.752 16.047 7.874
204 4 2 17.615 8.811 15.874 7.904
205 4 2 17.456 8.784 15.918 8.019
206 4 2 17.442 8.885 15.788 8.063
207 4 2 17.326 8.857 15.587 8.151
208 4 2 17.297 8.828 15.702 8.150
209 4 2 17.110 8.887 15.427 8.152
210 4 2 17.067 8.945 15.384 8.152
211 4 2 16.879 8.947 15.370 8.153
212 4 2 16.764 9.005 15.139 8.270
213 4 2 16.707 9.121 14.965 8.271
214 4 2 16.577 9.151 14.951 8.271
215 4 2 16.461 9.180 14.864 8.272
216 4 2 16.345 9.153 14.720 8.359
217 4 2 16.274 9.240 14.648 8.389
218 4 2 16.144 9.255 14.518 8.433
219 4 2 15.999 9.271 14.430 8.390
220 4 2 15.913 9.343 14.316 8.550
221 4 2 15.783 9.373 14.157 8.580
222 4 2 15.754 9.374 14.127 8.551
223 4 2 15.552 9.433 13.983 8.668
224 4 2 15.494 9.462 13.896 8.640
225 4 2 15.350 9.521 13.723 8.670
226 4 2 15.235 9.608 13.549 8.729
227 4 2 15.220 9.608 13.564 8.758
228 4 2 15.047 9.682 13.448 8.802
229 4 2 15.019 9.740 13.275 8.890
230 4 2 14.830 9.727 13.173 8.905
231 4 2 14.802 9.771 13.145 8.977
232 4 2 14.686 9.844 12.913 9.051
233 4 2 14.527 9.917 12.928 9.037
234 4 2 14.440 9.874 12.870 9.109
235 4 2 14.253 10.049 12.799 9.225
236 4 2 14.152 10.108 12.552 9.198
237 4 2 14.123 10.079 12.639 9.255
238 4 2 13.993 10.181 12.393 9.301
239 4 2 13.863 10.197 12.350 9.315
240 4 2 13.762 10.197 12.248 9.259
241 4 2 13.718 10.255 12.147 9.404
242 4 2 13.531 10.344 11.988 9.434
243 4 2 13.444 10.359 11.872 9.478
244 4 2 13.401 10.474 11.829 9.536
245 4 2 13.242 10.534 11.728 9.595
246 4 2 13.126 10.578 11.641 9.639
247 4 2 13.126 10.592 11.496 9.712
248 4 2 12.909 10.666 11.365 9.699
249 4 2 12.823 10.725 11.366 9.785
250 4 2 12.751 10.798 11.177 9.772
251 4 2 12.490 10.872 11.091 9.874
252 4 2 12.491 10.944 11.033 9.889
253 4 2 12.448 11.017 10.990 9.990
254 4 2 12.477 11.031 10.874 10.064
255 4 2 12.144 11.164 10.801 10.050
256 4 2 12.173 11.207 10.715 10.180
257 4 2 11.956 11.266 10.497 10.182
258 4 2 11.956 11.338 10.556 10.254
259 4 2 11.855 11.440 10.454 10.327
260 4 2 11.696 11.557 10.353 10.443
261 4 2 11.740 11.644 10.310 10.415
262 4 2 11.653 11.630 10.195 10.661
263 4 2 11.494 11.776 10.151 10.662
264 4 2 11.452 11.935 10.049 10.619
265 4 2 11.278 11.951 9.992 10.750
266 4 2 11.307 12.023 9.847 10.881
267 4 2 11.279 12.110 9.876 10.881
268 4 2 10.989 12.257 9.732 10.998
269 4 2 10.990 12.315 9.674 11.027
270 4 2 10.874 12.446 9.733 11.243
271 4 2 10.860 12.532 9.544 11.216
272 4 2 10.643 12.693 9.501 11.346
273 4 2 10.600 12.766 9.517 11.476
274 4 2 10.586 12.824 9.502 11.447
275 4 2 10.470 12.912 9.212 11.623
276 4 2 10.428 13.114 9.343 11.709
277 4 2 10.312 13.217 9.228 11.811
278 4 2 10.240 13.362 9.243 11.984
279 4 2 10.227 13.492 9.141 11.942
280 4 2 10.140 13.594 9.200 12.043
281 4 2 10.111 13.667 9.171 12.086
282 4 2 10.039 13.754 9.099 12.260
283 4 2 10.026 14.029 8.969 12.305
284 4 2 9.939 14.030 8.999 12.449
285 4 2 9.838 14.175 8.956 12.623
286 4 2 9.825 14.334 8.971 12.666
287 4 2 9.709 14.451 8.943 12.869
288 4 2 9.753 14.581 8.958 12.883
289 4 2 9.652 14.712 8.885 12.956
290 4 2 9.653 14.842 8.887 13.173
291 4 2 9.610 14.886 8.902 13.274
292 4 2 9.611 15.001 8.844 13.274
293 4 2 9.553 15.161 8.815 13.434
294 4 2 9.510 15.234 8.801 13.506
295 4 2 9.496 15.335 8.817 13.636
296 4 2 9.526 15.479 8.788 13.752
297 4 2 9.469 15.625 8.760 13.926
298 4 2 9.426 15.784 8.776 14.056
299 4 2 9.397 15.857 8.746 14.071
300 4 2 9.384 15.987 8.674 14.173
301 4 2 9.340 16.002 8.719 14.389
302 4 2 9.370 16.117 8.662 14.505
303 4 2 9.357 16.320 8.706 14.534
304 4 2 9.284 16.379 8.633 14.650
305 4 2 9.271 16.524 8.591 14.853
306 4 2 9.271 16.581 8.592 14.969
307 4 2 9.199 16.683 8.577 15.012
308 4 2 9.171 16.886 8.549 15.186
309 4 2 9.200 16.915 8.491 15.216
310 4 2 9.157 17.060 8.507 15.389
311 4 2 9.187 17.175 8.537 15.505
312 4 2 9.101 17.321 8.392 15.622
313 4 2 9.087 17.466 8.348 15.680
314 4 2 9.087 17.480 8.437 15.867
315 4 2 9.059 17.683 8.321 15.955
316 4 2 9.031 17.814 8.264 16.144
317 4 2 9.075 17.842 8.249 16.173
318 4 2 8.944 17.974 8.323 16.274
319 4 2 8.974 18.104 8.207 16.347
320 4 2 8.931 18.220 8.251 16.520
321 4 2 8.946 18.249 8.151 16.724
322 4 2 8.918 18.467 8.122 16.768
323 4 2 8.890 18.539 8.122 16.840
324 4 2 8.817 18.641 8.167 17.057
325 4 2 8.847 18.815 7.993 17.175
326 4 2 8.863 18.930 8.037 17.203
327 4 2 8.747 19.033 7.892 17.393
328 4 2 8.776 19.091 7.980 17.421
329 4 2 8.762 19.163 7.850 17.582
330 4 2 8.617 19.324 7.850 17.625
331 4 2 8.706 19.482 7.880 17.755
332 4 2 8.590 19.556 7.822 17.857
333 4 2 8.561 19.629 7.794 17.959
334 4 2 8.577 19.832 7.722 18.104
335 4 2 8.446 19.920 7.737 18.249
336 4 2 8.476 19.992 7.737 18.321
337 4 2 8.448 20.166 7.680 18.467
338 4 2 8.506 20.151 7.564 18.570
339 4 2 8.419 20.282 7.535 18.671
340 4 2 8.318 20.429 7.492 18.817
341 4 2 8.334 20.617 7.537 18.888
342 4 2 8.305 20.617 7.567 19.033
343 4 2 8.276 20.719 7.509 19.135
344 4 2 8.204 20.879 7.437 19.324
345 4 2 8.190 21.010 7.452 19.367
346 4 2 8.133 21.155 7.394 19.426
347 4 2 8.177 21.242 7.409 19.455
348 4 2 8.119 21.286 7.293 19.674
349 4 2 8.105 21.431 7.279 19.732
350 4 2 8.004 21.548 7.236 19.848
351 4 2 7.902 21.622 7.135 20.038
352 4 2 7.874 21.811 7.165 20.197
353 4 2 7.933 21.868 7.048 20.169
354 4 2 7.846 21.898 6.991 20.431
355 4 2 7.877 22.217 7.021 20.546
356 4 2 7.774 22.174 6.978 20.562
357 4 2 7.775 22.348 6.861 20.679
358 4 2 7.718 22.523 6.920 20.765
359 4 2 7.675 22.596 6.818 20.810
360 4 2 7.646 22.683 6.790 21.013
361 4 2 7.647 22.799 6.849 21.128
362 4 2 7.531 22.932 6.704 21.290
363 4 2 7.545 22.931 6.690 21.290
364 4 2 7.444 23.063 6.647 21.479
365 4 2 7.474 23.222 6.618 21.436
366 4 2 7.373 23.398 6.576 21.813
367 4 2 7.286 23.500 6.518 21.800
368 4 2 7.257 23.573 6.460 21.989
369 4 2 7.156 23.705 6.417 22.033
370 4 2 7.245 23.922 6.359 22.193
371 4 2 7.186 23.850 6.359 22.179
372 4 2 7.143 23.995 6.316 22.353
373 4 2 7.100 24.127 6.302 22.397
374 4 2 7.056 24.171 6.200 22.500
375 4 2 7.028 24.331 6.230 22.601
376 4 2 6.971 24.462 6.144 22.791
377 4 2 6.884 24.565 6.027 22.836
378 4 2 6.899 24.724 6.072 23.053
379 4 2 6.783 24.769 5.927 23.128
380 4 2 6.725 24.915 5.840 23.303
381 4 2 6.784 25.031 5.781 23.304
382 4 2 6.726 25.017 5.753 23.377
383 4 2 6.669 25.264 5.754 23.710
384 4 2 6.582 25.353 5.667 23.770
385 4 2 6.552 25.382 5.667 23.770
386 4 2 6.524 25.528 5.639 23.886
387 4 2 6.437 25.660 5.552 24.076
388 4 2 6.423 25.703 5.451 24.237
389 4 2 6.409 25.892 5.552 24.134
390 4 2 6.380 25.936 5.407 24.354
391 4 2 6.337 25.981 5.394 24.514
392 4 2 6.207 26.200 5.291 24.530
393 4 2 6.178 26.244 5.263 24.719
394 4 2 6.120 26.448 5.234 24.719
395 4 2 6.120 26.405 5.176 24.822
396 4 2 6.034 26.667 5.061 25.056
397 4 2 6.078 26.667 5.105 25.084
398 4 2 5.933 26.843 5.018 25.318
399 4 2 5.933 26.843 4.871 25.233
400 4 2 5.816 26.961 4.961 25.493
401 4 2 5.758 27.006 4.844 25.654
402 4 2 5.759 27.223 4.786 25.670
403 4 2 5.759 27.223 4.728 25.787
404 4 2 5.644 27.443 4.699 25.802
405 4 2 5.556 27.503 4.583 26.036
406 4 2 5.484 27.678 4.511 26.095
407 4 2 5.528 27.692 4.526 26.225
408 4 2 5.456 27.940 4.396 26.474
409 4 2 5.573 27.895 4.424 26.372
410 4 2 5.311 28.102 4.337 26.490
411 4 2 5.253 28.147 4.396 26.561
412 4 2 5.210 28.278 4.236 26.811
413 4 2 5.123 28.396 4.237 26.927
414 4 2 5.123 28.512 4.237 26.927
415 4 2 5.065 28.556 4.150 27.088
416 4 2 5.022 28.761 4.019 27.178
417 4 2 5.037 28.789 4.063 27.235
418 4 2 4.833 28.923 4.035 27.512
419 4 2 4.907 29.039 3.904 27.543
420 4 2 4.820 29.185 3.904 27.514
421 4 2 4.718 29.274 3.890 27.746
422 4 2 4.748 29.390 3.802 27.719
423 4 2 4.558 29.524 3.701 27.967
424 4 2 4.588 29.538 3.672 28.041
425 4 2 4.604 29.843 3.629 28.201
426 4 2 4.457 29.758 3.572 28.464
427 4 2 4.487 29.932 3.572 28.377
428 4 2 4.386 30.065 3.440 28.393
429 4 2 4.459 30.136 3.368 28.583
430 4 2 4.182 30.301 3.384 28.830
431 4 2 4.270 30.328 3.296 28.832
432 4 2 4.183 30.534 3.238 28.949
433 4 2 4.169 30.665 3.195 29.110
434 4 2 4.126 30.753 3.152 29.343
435 4 2 4.039 30.885 3.094 29.388
436 4 2 3.995 30.929 3.080 29.548
437 4 2 3.967 31.206 3.051 29.563
438 4 2 3.836 31.267 2.949 29.681
439 4 2 3.910 31.367 2.905 29.784
0 5 2 32.465 5.902 30.688 5.199
1 5 2 32.450 5.902 30.702 5.142
2 5 2 32.436 5.888 30.659 5.099
3 5 2 32.436 5.845 30.574 5.229
4 5 2 32.380 5.960 30.573 5.114
5 5 2 32.294 5.975 30.574 5.214
6 5 2 32.393 5.903 30.559 5.200
7 5 2 32.407 5.845 30.516 5.143
8 5 2 32.165 5.861 30.529 5.043
9 5 2 32.279 5.918 30.473 5.072
10 5 2 32.194 5.947 30.473 5.158
11 5 2 32.194 5.904 30.473 5.144
12 5 2 32.279 5.918 30.529 5.043
13 5 2 32.165 5.876 30.531 5.172
14 5 2 32.179 5.861 30.488 5.186
15 5 2 32.079 5.891 30.416 5.101
16 5 2 32.137 5.947 30.330 5.073
17 5 2 32.094 5.890 30.373 5.159
18 5 2 32.108 5.948 30.302 5.159
19 5 2 32.094 5.905 30.316 5.145
20 5 2 32.080 5.933 30.273 5.145
21 5 2 32.023 5.934 30.301 5.116
22 5 2 32.080 5.933 30.272 5.059
23 5 2 32.037 5.905 30.231 5.202
24 5 2 31.994 5.905 30.216 5.174
25 5 2 31.936 5.877 30.187 5.117
26 5 2 31.965 5.891 30.158 5.074
27 5 2 31.880 5.906 30.101 5.118
28 5 2 32.022 5.920 30.101 5.046
29 5 2 31.837 5.907 30.173 5.117
30 5 2 31.879 5.863 30.101 5.103
31 5 2 31.965 5.863 30.101 5.103
32 5 2 31.879 5.835 30.101 5.046
33 5 2 31.822 5.878 30.044 5.061
34 5 2 31.751 5.893 29.916 5.133
35 5 2 31.794 5.935 30.044 5.147
36 5 2 31.694 5.893 29.972 5.075
37 5 2 31.694 5.893 29.801 5.105
38 5 2 31.622 5.894 29.786 5.077
39 5 2 31.565 5.880 29.758 5.063
40 5 2 31.708 5.865 29.730 5.163
41 5 2 31.565 5.894 29.643 5.078
42 5 2 31.481 6.023 29.701 5.092
43 5 2 31.437 5.895 29.601 5.078
44 5 2 31.366 5.910 29.472 5.122
45 5 2 31.451 5.866 29.501 5.136
46 5 2 31.266 5.939 29.515 5.121
47 5 2 31.265 5.868 29.429 5.108
48 5 2 31.151 5.897 29.343 5.108
49 5 2 31.108 5.897 29.301 5.166
50 5 2 31.051 5.869 29.301 5.166
51 5 2 30.966 5.941 29.129 5.124
52 5 2 30.937 5.899 29.186 5.109
53 5 2 30.980 5.898 28.886 5.111
54 5 2 30.722 5.871 28.771 5.083
55 5 2 30.794 5.914 28.871 5.069
56 5 2 30.680 5.900 28.728 5.141
57 5 2 30.680 5.872 28.758 5.198
58 5 2 30.623 5.972 28.786 5.155
59 5 2 30.494 5.902 28.542 5.142
60 5 2 30.451 5.902 28.671 5.113
61 5 2 30.366 5.931 28.558 5.257
62 5 2 30.294 5.860 28.343 5.215
63 5 2 30.279 5.889 28.414 5.186
64 5 2 30.194 5.947 28.299 5.158
65 5 2 30.122 5.833 28.171 5.245
66 5 2 30.024 6.048 28.214 5.230
67 5 2 30.051 5.905 28.099 5.174
68 5 2 29.937 5.906 28.013 5.146
69 5 2 29.866 6.006 28.027 5.131
70 5 2 29.737 5.978 27.927 5.218
71 5 2 29.680 6.036 27.899 5.190
72 5 2 29.537 6.023 27.584 5.263
73 5 2 29.524 6.137 27.741 5.234
74 5 2 29.408 5.938 27.512 5.235
75 5 2 29.465 5.937 27.512 5.235
76 5 2 29.279 5.967 27.554 5.120
77 5 2 29.179 5.954 27.340 5.193
78 5 2 29.122 6.040 27.168 5.194
79 5 2 29.065 5.983 27.197 5.194
80 5 2 29.007 5.984 27.168 5.223
81 5 2 28.865 6.085 27.140 5.238
82 5 2 28.750 6.057 26.939 5.268
83 5 2 28.794 6.071 26.839 5.197
84 5 2 28.507 6.073 26.752 5.140
85 5 2 28.536 6.101 26.695 5.169
86 5 2 28.508 6.116 26.753 5.240
87 5 2 28.350 6.060 26.567 5.241
88 5 2 28.293 6.103 26.480 5.170
89 5 2 28.178 6.047 26.337 5.200
90 5 2 28.092 6.019 26.222 5.201
91 5 2 28.106 6.047 26.122 5.201
92 5 2 27.920 6.034 25.964 5.217
93 5 2 27.806 6.135 26.021 5.202
94 5 2 27.806 6.092 25.850 5.304
95 5 2 27.633 6.008 25.678 5.305
96 5 2 27.505 6.094 25.634 5.248
97 5 2 27.492 6.195 25.563 5.320
98 5 2 27.448 6.166 25.491 5.263
99 5 2 27.276 6.096 25.435 5.364
100 5 2 27.190 6.054 25.348 5.293
101 5 2 27.075 6.069 25.233 5.308
102 5 2 26.946 6.070 25.104 5.337
103 5 2 26.860 6.113 25.104 5.352
104 5 2 26.788 6.085 24.890 5.410
105 5 2 26.645 6.101 24.746 5.368
106 5 2 26.516 6.116 24.616 5.355
107 5 2 26.487 6.073 24.674 5.398
108 5 2 26.459 6.059 24.387 5.385
109 5 2 26.287 6.117 24.358 5.414
110 5 2 26.201 6.175 24.387 5.385
111 5 2 26.101 6.147 24.085 5.359
112 5 2 25.958 6.249 24.057 5.402
113 5 2 25.929 6.163 23.856 5.403
114 5 2 25.743 6.279 23.813 5.432
115 5 2 25.700 6.236 23.712 5.476
116 5 2 25.556 6.209 23.654 5.361
117 5 2 25.441 6.195 23.769 5.404
118 5 2 25.341 6.196 23.496 5.406
119 5 2 25.312 6.153 23.439 5.478
120 5 2 25.083 6.255 23.295 5.407
121 5 2 24.910 6.228 22.979 5.466
122 5 2 24.925 6.199 23.109 5.466
123 5 2 24.666 6.186 22.878 5.367
124 5 2 24.595 6.273 22.836 5.482
125 5 2 24.538 6.374 22.749 5.439
126 5 2 24.437 6.331 22.505 5.484
127 5 2 24.279 6.304 22.520 5.599
128 5 2 24.193 6.333 22.347 5.514
129 5 2 24.006 6.306 22.246 5.515
130 5 2 24.007 6.334 22.189 5.572
131 5 2 23.963 6.320 22.001 5.444
132 5 2 23.820 6.336 21.944 5.545
133 5 2 23.719 6.279 21.815 5.575
134 5 2 23.518 6.309 21.787 5.604
135 5 2 23.417 6.339 21.658 5.662
136 5 2 23.318 6.440 21.354 5.535
137 5 2 23.217 6.397 21.398 5.606
138 5 2 23.101 6.327 21.283 5.679
139 5 2 23.029 6.327 21.183 5.680
140 5 2 22.900 6.314 20.995 5.609
141 5 2 22.771 6.358 20.952 5.653
142 5 2 22.713 6.344 20.779 5.582
143 5 2 22.527 6.431 20.707 5.611
144 5 2 22.570 6.431 20.635 5.669
145 5 2 22.369 6.490 20.521 5.727
146 5 2 22.153 6.434 20.506 5.727
147 5 2 22.110 6.492 20.290 5.672
148 5 2 21.937 6.493 20.175 5.730
149 5 2 21.894 6.450 20.074 5.774
150 5 2 21.865 6.493 19.901 5.732
151 5 2 21.679 6.552 19.887 5.732
152 5 2 21.477 6.525 19.656 5.733
153 5 2 21.433 6.482 19.498 5.778
154 5 2 21.348 6.598 19.527 5.777
155 5 2 21.031 6.600 19.469 5.806
156 5 2 21.131 6.513 19.166 5.809
157 5 2 20.930 6.572 19.253 5.808
158 5 2 20.815 6.573 19.022 5.838
159 5 2 20.772 6.616 18.979 5.824
160 5 2 20.599 6.646 18.806 5.825
161 5 2 20.498 6.632 18.764 5.955
162 5 2 20.383 6.633 18.620 6.014
163 5 2 20.283 6.691 18.605 5.899
164 5 2 20.225 6.692 18.375 6.015
165 5 2 19.995 6.751 18.115 5.988
166 5 2 19.923 6.723 18.244 5.930
167 5 2 19.865 6.752 18.101 6.075
168 5 2 19.735 6.724 17.941 5.961
169 5 2 19.736 6.767 17.797 6.005
170 5 2 19.433 6.813 17.581 6.021
171 5 2 19.375 6.684 17.754 6.092
172 5 2 19.304 6.842 17.480 6.137
173 5 2 19.218 6.915 17.423 6.123
174 5 2 18.973 7.017 17.236 6.225
175 5 2 18.972 6.888 17.293 6.124
176 5 2 18.915 6.946 17.120 6.211
177 5 2 18.742 6.990 16.802 6.228
178 5 2 18.627 7.063 16.687 6.329
179 5 2 18.483 7.122 16.802 6.271
180 5 2 18.309 6.965 16.687 6.344
181 5 2 18.296 7.109 16.413 6.403
182 5 2 18.080 7.168 16.428 6.403
183 5 2 17.921 7.183 16.240 6.419
184 5 2 17.849 7.270 16.312 6.447
185 5 2 17.662 7.315 15.894 6.522
186 5 2 17.561 7.344 15.966 6.521
187 5 2 17.503 7.345 15.822 6.609
188 5 2 17.373 7.317 15.547 6.524
189 5 2 17.388 7.403 15.677 6.495
190 5 2 17.230 7.433 15.403 6.612
191 5 2 17.115 7.549 15.403 6.612
192 5 2 16.970 7.492 15.316 6.670
193 5 2 16.883 7.508 15.114 6.801
194 5 2 16.667 7.538 15.129 6.772
195 5 2 16.581 7.611 14.897 6.731
196 5 2 16.379 7.670 14.810 6.760
197 5 2 16.350 7.670 14.695 6.790
198 5 2 16.235 7.772 14.464 6.892
199 5 2 16.264 7.800 14.522 6.978
200 5 2 15.931 7.803 14.421 7.037
201 5 2 15.859 7.803 14.233 7.067
202 5 2 15.715 7.920 14.175 7.067
203 5 2 15.716 8.035 14.031 7.097
204 5 2 15.383 8.037 13.872 7.156
205 5 2 15.499 8.094 13.843 7.156
206 5 2 15.326 8.067 13.785 7.185
207 5 2 15.196 8.140 13.569 7.288
208 5 2 15.297 8.139 13.526 7.346
209 5 2 15.138 8.198 13.482 7.404
210 5 2 14.936 8.286 13.192 7.348
211 5 2 14.879 8.315 13.251 7.434
212 5 2 14.691 8.360 13.063 7.479
213 5 2 14.634 8.461 12.947 7.523
214 5 2 14.503 8.491 12.875 7.552
215 5 2 14.359 8.564 12.730 7.654
216 5 2 14.287 8.608 12.600 7.670
217 5 2 14.201 8.695 12.542 7.728
218 5 2 14.085 8.739 12.514 7.800
219 5 2 14.057 8.826 12.369 7.801
220 5 2 13.869 8.914 12.239 7.860
221 5 2 13.869 8.842 12.239 7.903
222 5 2 13.667 9.031 12.094 7.976
223 5 2 13.479 9.133 11.935 8.050
224 5 2 13.436 9.133 11.951 8.165
225 5 2 13.378 9.220 11.922 8.165
226 5 2 13.190 9.294 11.734 8.268
227 5 2 13.090 9.396 11.574 8.255
228 5 2 12.959 9.397 11.560 8.341
229 5 2 12.917 9.570 11.401 8.371
230 5 2 12.758 9.615 11.357 8.444
231 5 2 12.671 9.688 11.213 8.604
232 5 2 12.526 9.761 11.098 8.705
233 5 2 12.440 9.920 11.040 8.807
234 5 2 12.397 9.921 10.938 8.692
235 5 2 12.368 9.921 10.909 8.750
236 5 2 12.123 10.125 10.722 8.925
237 5 2 12.094 10.111 10.635 8.998
238 5 2 11.964 10.242 10.504 9.013
239 5 2 11.805 10.344 10.433 9.201
240 5 2 11.791 10.402 10.360 9.202
241 5 2 11.690 10.504 10.347 9.390
242 5 2 11.545 10.577 10.201 9.348
243 5 2 11.429 10.665 10.056 9.378
244 5 2 11.314 10.724 10.028 9.522
245 5 2 11.169 10.768 9.942 9.653
246 5 2 11.111 10.855 9.883 9.653
247 5 2 11.083 11.029 9.768 9.741
248 5 2 10.909 11.103 9.652 9.843
249 5 2 10.779 11.161 9.609 9.901
250 5 2 10.867 11.218 9.522 9.960
251 5 2 10.693 11.336 9.551 9.988
252 5 2 10.592 11.409 9.304 10.034
253 5 2 10.563 11.524 9.247 10.208
254 5 2 10.448 11.670 9.160 10.295
255 5 2 10.478 11.756 9.045 10.440
256 5 2 10.361 11.743 9.045 10.397
257 5 2 10.275 11.917 8.988 10.600
258 5 2 10.116 12.077 8.799 10.732
259 5 2 10.044 12.150 8.786 10.891
260 5 2 9.943 12.195 8.684 10.906
261 5 2 9.870 12.239 8.641 10.979
262 5 2 9.653 12.327 8.569 11.066
263 5 2 9.654 12.501 8.568 10.979
264 5 2 9.494 12.574 8.525 11.110
265 5 2 9.437 12.691 8.469 11.399
266 5 2 9.510 12.791 8.280 11.473
267 5 2 9.307 12.865 8.222 11.459
268 5 2 9.322 13.024 8.207 11.474
269 5 2 9.163 13.141 8.078 11.764
270 5 2 9.149 13.228 8.035 11.880
271 5 2 9.106 13.272 8.020 11.779
272 5 2 9.034 13.432 7.890 11.968
273 5 2 8.962 13.620 7.818 12.186
274 5 2 8.802 13.564 7.775 12.215
275 5 2 8.817 13.766 7.673 12.303
276 5 2 8.672 13.854 7.703 12.476
277 5 2 8.717 13.955 7.572 12.492
278 5 2 8.557 14.000 7.500 12.594
279 5 2 8.601 14.130 7.457 12.724
280 5 2 8.442 14.262 7.355 12.740
281 5 2 8.341 14.378 7.371 12.884
282 5 2 8.327 14.451 7.328 13.072
283 5 2 8.269 14.596 7.183 13.103
284 5 2 8.153 14.713 7.096 13.248
285 5 2 8.154 14.858 7.009 13.307
286 5 2 8.126 14.945 6.980 13.423
287 5 2 8.010 15.134 7.040 13.582
288 5 2 7.865 15.136 6.952 13.553
289 5 2 7.909 15.294 6.763 13.657
290 5 2 7.793 15.368 6.705 13.759
291 5 2 7.750 15.470 6.634 13.976
292 5 2 7.663 15.557 6.546 13.948
293 5 2 7.504 15.689 6.416 14.196
294 5 2 7.504 15.805 6.416 14.225
295 5 2 7.374 15.951 6.344 14.341
296 5 2 7.302 16.039 6.302 14.573
297 5 2 7.244 16.112 6.185 14.531
298 5 2 7.273 16.184 6.127 14.662
299 5 2 7.128 16.330 6.012 14.837
300 5 2 7.013 16.491 6.041 14.822
301 5 2 7.057 16.606 5.969 15.054
302 5 2 6.970 16.766 5.794 15.100
303 5 2 6.941 16.767 5.795 15.273
304 5 2 6.752 16.899 5.781 15.346
305 5 2 6.753 17.000 5.694 15.448
306 5 2 6.623 17.147 5.651 15.507
307 5 2 6.682 17.276 5.593 15.637
308 5 2 6.536 17.365 5.506 15.783
309 5 2 6.522 17.452 5.463 15.842
310 5 2 6.392 17.613 5.391 16.089
311 5 2 6.319 17.643 5.347 16.118
312 5 2 6.261 17.745 5.202 16.221
313 5 2 6.335 17.802 5.217 16.337
314 5 2 6.175 18.007 5.174 16.453
315 5 2 6.132 18.166 5.073 16.614
316 5 2 6.030 18.197 5.058 16.614
317 5 2 5.856 18.416 4.884 16.804
318 5 2 5.900 18.459 4.899 16.934
319 5 2 5.872 18.590 4.871 17.036
320 5 2 5.756 18.765 4.783 17.095
321 5 2 5.684 18.824 4.565 17.243
322 5 2 5.626 18.912 4.654 17.445
323 5 2 5.583 19.100 4.523 17.518
324 5 2 5.423 19.233 4.567 17.677
325 5 2 5.408 19.233 4.466 17.766
326 5 2 5.424 19.407 4.335 17.883
327 5 2 5.396 19.596 4.247 17.928
328 5 2 5.294 19.611 4.291 18.000
329 5 2 5.222 19.801 4.248 18.160
330 5 2 5.120 19.889 4.146 18.190
331 5 2 5.150 20.019 4.148 18.436
332 5 2 5.004 20.079 4.002 18.496
333 5 2 5.005 20.253 4.061 18.553
334 5 2 4.918 20.414 4.003 18.656
335 5 2 4.918 20.414 3.945 18.859
336 5 2 4.846 20.603 3.873 18.991
337 5 2 4.847 20.690 3.786 19.079
338 5 2 4.759 20.735 3.757 19.181
339 5 2 4.673 20.939 3.670 19.269
340 5 2 4.645 21.142 3.612 19.444
341 5 2 4.586 21.129 3.584 19.574
342 5 2 4.455 21.290 3.598 19.560
343 5 2 4.471 21.391 3.497 19.779
344 5 2 4.413 21.523 3.468 19.910
345 5 2 4.370 21.639 3.396 20.027
346 5 2 4.312 21.785 3.308 20.086
347 5 2 4.210 21.917 3.324 20.274
348 5 2 4.196 21.990 3.251 20.377
349 5 2 4.138 22.150 3.193 20.392
350 5 2 4.051 22.210 3.077 20.568
351 5 2 4.008 22.312 3.064 20.844
352 5 2 4.038 22.457 3.063 20.785
353 5 2 3.892 22.618 3.006 21.062
354 5 2 3.849 22.764 2.934 21.150
355 5 2 3.864 22.865 2.890 21.223
356 5 2 3.821 22.910 2.759 21.327
357 5 2 3.807 23.186 2.774 21.370
358 5 2 3.647 23.246 2.789 21.544
359 5 2 3.618 23.246 2.673 21.720
360 5 2 3.487 23.422 2.688 21.865
361 5 2 3.532 23.611 2.557 21.881
362 5 2 3.458 23.539 2.484 22.042
363 5 2 3.431 23.844 2.455 22.086
364 5 2 3.358 23.947 2.383 22.305
365 5 2 3.271 24.035 2.325 22.421
366 5 2 3.271 24.137 2.325 22.378
367 5 2 3.155 24.255 2.326 22.523
368 5 2 3.155 24.357 2.209 22.655
369 5 2 3.200 24.458 2.137 22.787
370 5 2 3.113 24.604 2.050 22.992
371 5 2 2.966 24.635 2.079 22.991
372 5 2 2.982 24.795 2.007 23.239
373 5 2 2.909 24.970 1.992 23.211
374 5 2 2.778 25.103 1.891 23.430
375 5 2 2.764 25.205 1.789 23.475
376 5 2 2.765 25.350 1.789 23.620
377 5 2 2.677 25.381 1.760 23.679
378 5 2 2.664 25.570 1.747 23.839
379 5 2 2.679 25.730 1.615 23.913
380 5 2 2.591 25.687 1.616 24.102
381 5 2 2.650 25.861 1.646 24.160
382 5 2 2.504 25.921 1.529 24.336
383 5 2 2.505 25.994 1.559 24.408
384 5 2 2.418 26.141 1.442 24.555
385 5 2 2.330 26.287 1.443 24.730
386 5 2 2.346 26.432 1.370 24.702
387 5 2 2.288 26.564 1.312 24.834
388 5 2 2.215 26.609 1.298 25.081
389 5 2 2.215 26.725 1.387 25.138
390 5 2 2.172 26.828 1.255 25.300
391 5 2 2.114 27.018 1.197 25.344
392 5 2 2.203 27.133 1.198 25.431
393 5 2 2.101 27.236 1.095 25.506
394 5 2 2.058 27.397 1.111 25.753
395 5 2 2.000 27.514 1.023 25.783
396 5 2 1.912 27.603 1.112 25.869
397 5 2 1.869 27.720 0.921 25.959
398 5 2 1.825 27.851 0.907 26.090
399 5 2 1.943 27.937 0.879 26.236
400 5 2 1.827 28.084 0.850 26.266
401 5 2 1.754 28.129 0.866 26.513
402 5 2 1.695 28.217 0.777 26.485
403 5 2 1.711 28.319 0.823 26.703
404 5 2 1.697 28.464 0.720 26.821
405 5 2 1.653 28.581 0.589 26.910
406 5 2 1.595 28.699 0.618 26.968
407 5 2 1.595 28.728 0.619 27.055
408 5 2 1.508 28.875 0.561 27.260
409 5 2 1.494 28.977 0.429 27.247
410 5 2 1.480 29.166 0.503 27.435
411 5 2 1.509 29.122 0.504 27.595
412 5 2 1.436 29.225 0.461 27.756
413 5 2 1.378 29.357 0.402 27.771
414 5 2 1.276 29.490 0.300 27.933
415 5 2 1.365 29.663 0.124 27.936
416 5 2 1.278 29.723 0.242 28.080
417 5 2 1.131 29.681 0.243 28.182
418 5 2 1.176 29.870 0.199 28.284
419 5 2 1.117 29.958 0.111 28.285
420 5 2 1.074 30.177 0.156 28.474
421 5 2 1.089 30.221 0.113 28.693
422 5 2 1.031 30.367 0.055 28.752
423 5 2 0.885 30.399 0.056 28.927
424 5 2 0.959 30.529 -0.047 28.943
425 5 2 0.871 30.530 -0.076 29.031
426 5 2 0.828 30.735 -0.091 29.060
427 5 2 0.843 30.808 -0.163 29.222
428 5 2 0.799 30.910 -0.178 29.208
429 5 2 0.844 31.026 -0.250 29.442
430 5 2 0.669 31.204 -0.191 29.616
431 5 2 0.757 31.231 -0.220 29.616
42 6 2 10.117 31.233 9.464 29.328
43 6 2 10.204 31.145 9.377 29.330
44 6 2 10.086 31.030 9.405 29.213
45 6 2 10.057 30.915 9.346 29.156
46 6 2 10.085 30.856 9.404 29.010
47 6 2 10.114 30.798 9.375 29.010
48 6 2 10.186 30.695 9.418 28.937
49 6 2 10.070 30.711 9.417 28.836
50 6 2 10.171 30.550 9.373 28.735
51 6 2 10.156 30.536 9.387 28.691
52 6 2 10.170 30.405 9.518 28.645
53 6 2 10.242 30.273 9.445 28.545
54 6 2 10.227 30.273 9.401 28.575
55 6 2 10.242 30.215 9.502 28.370
56 6 2 10.256 30.186 9.342 28.402
57 6 2 10.212 30.114 9.327 28.329
58 6 2 10.357 29.996 9.385 28.299
59 6 2 10.284 29.953 9.486 28.225
60 6 2 10.327 29.866 9.530 28.108
61 6 2 10.356 29.793 9.529 28.065
62 6 2 10.283 29.808 9.485 27.993
63 6 2 10.239 29.751 9.499 27.906
64 6 2 10.311 29.634 9.513 27.790
65 6 2 10.369 29.546 9.541 27.615
66 6 2 10.324 29.401 9.498 27.645
67 6 2 10.353 29.386 9.527 27.630
68 6 2 10.324 29.358 9.497 27.543
69 6 2 10.454 29.182 9.511 27.398
70 6 2 10.337 29.198 9.511 27.384
71 6 2 10.394 28.994 9.510 27.355
72 6 2 10.423 28.921 9.538 27.166
73 6 2 10.466 28.761 9.494 27.094
74 6 2 10.436 28.602 9.609 26.874
75 6 2 10.494 28.630 9.609 26.845
76 6 2 10.421 28.501 9.507 26.745
77 6 2 10.420 28.370 9.506 26.702
78 6 2 10.507 28.325 9.652 26.627
79 6 2 10.492 28.224 9.607 26.497
80 6 2 10.476 28.094 9.592 26.309
81 6 2 10.490 27.977 9.664 26.308
82 6 2 10.549 28.005 9.663 26.105
83 6 2 10.547 27.832 9.750 26.075
84 6 2 10.445 27.717 9.706 25.902
85 6 2 10.590 27.570 9.618 25.845
86 6 2 10.561 27.614 9.763 25.799
87 6 2 10.574 27.469 9.719 25.655
88 6 2 10.573 27.280 9.689 25.583
89 6 2 10.544 27.252 9.689 25.554
90 6 2 10.601 27.106 9.659 25.380
91 6 2 10.616 27.062 9.730 25.191
92 6 2 10.571 27.005 9.774 25.132
93 6 2 10.643 26.815 9.759 25.089
94 6 2 10.599 26.685 9.743 24.901
95 6 2 10.715 26.611 9.830 24.798
96 6 2 10.670 26.510 9.873 24.754
97 6 2 10.626 26.410 9.858 24.682
98 6 2 10.713 26.278 9.857 24.522
99 6 2 10.741 26.162 9.886 24.435
100 6 2 10.682 26.046 9.885 24.319
101 6 2 10.696 25.916 9.928 24.188
102 6 2 10.681 25.829 9.884 24.160
103 6 2 10.723 25.684 9.956 23.985
104 6 2 10.723 25.626 10.014 23.897
105 6 2 10.810 25.494 9.955 23.739
106 6 2 10.780 25.350 10.041 23.564
107 6 2 10.750 25.249 10.040 23.462
108 6 2 10.720 25.119 10.098 23.360
109 6 2 10.748 25.017 10.039 23.288
110 6 2 10.777 24.944 10.039 23.216
111 6 2 10.776 24.799 10.009 23.071
112 6 2 10.805 24.712 10.008 22.898
113 6 2 10.731 24.568 9.934 22.812
114 6 2 10.818 24.509 10.050 22.694
115 6 2 10.876 24.421 9.992 22.666
116 6 2 10.802 24.190 10.063 22.462
117 6 2 10.859 24.103 10.034 22.376
118 6 2 10.829 23.958 10.120 22.172
119 6 2 10.755 23.727 10.048 22.376
120 6 2 10.842 23.755 10.075 22.028
121 6 2 10.827 23.611 10.059 21.825
122 6 2 10.797 23.510 10.175 21.636
123 6 2 10.825 23.306 10.058 21.666
124 6 2 10.927 23.334 10.189 21.577
125 6 2 10.867 23.089 10.070 21.246
126 6 2 10.925 23.059 10.158 21.245
127 6 2 10.939 22.856 10.114 21.188
128 6 2 10.881 22.900 10.084 21.116
129 6 2 10.937 22.595 10.111 20.782
130 6 2 10.937 22.610 10.141 20.883
131 6 2 10.907 22.422 10.198 20.723
132 6 2 10.834 22.322 10.211 20.477
133 6 2 10.876 22.162 10.196 20.405
134 6 2 11.021 22.059 10.196 20.303
135 6 2 10.991 21.929 10.195 20.144
136 6 2 10.917 21.713 10.267 20.071
137 6 2 10.902 21.583 10.310 19.998
138 6 2 10.945 21.539 10.324 19.810
139 6 2 10.959 21.394 10.308 19.665
140 6 2 10.929 21.307 10.191 19.580
141 6 2 10.987 21.205 10.394 19.447
142 6 2 10.986 21.089 10.394 19.360
143 6 2 10.985 20.858 10.247 19.189
144 6 2 11.042 20.785 10.217 19.059
145 6 2 11.012 20.554 10.332 18.884
146 6 2 10.982 20.482 10.245 18.812
147 6 2 11.011 20.394 10.302 18.725
148 6 2 11.112 20.350 10.199 18.538
149 6 2 11.009 20.192 10.301 18.465
150 6 2 10.965 20.048 10.401 18.261
151 6 2 10.964 19.932 10.256 18.205
152 6 2 11.051 19.801 10.313 18.074
153 6 2 11.021 19.685 10.370 17.871
154 6 2 10.962 19.498 10.400 17.972
155 6 2 11.048 19.454 10.398 17.668
156 6 2 11.062 19.265 10.295 17.568
157 6 2 11.017 19.136 10.280 17.525
158 6 2 11.090 19.063 10.438 17.190
159 6 2 11.030 18.861 10.410 17.335
160 6 2 11.015 18.774 10.365 17.104
161 6 2 11.146 18.700 10.350 16.945
162 6 2 11.000 18.702 10.436 16.858
163 6 2 11.129 18.440 10.363 16.743
164 6 2 11.085 18.311 10.348 16.613
165 6 2 11.143 18.223 10.434 16.525
166 6 2 11.186 18.150 10.390 16.424
167 6 2 11.127 17.992 10.535 16.322
168 6 2 11.213 17.875 10.563 16.148
169 6 2 11.212 17.745 10.562 15.989
170 6 2 11.182 17.558 10.533 15.975
171 6 2 11.284 17.585 10.401 15.860
172 6 2 11.385 17.454 10.647 15.728
173 6 2 11.354 17.237 10.472 15.570
174 6 2 11.427 17.193 10.574 15.555
175 6 2 11.440 17.049 10.528 15.295
176 6 2 11.468 16.831 10.645 15.337
177 6 2 11.585 16.888 10.731 15.192
178 6 2 11.569 16.715 10.773 14.931
179 6 2 11.597 16.483 10.657 14.904
180 6 2 11.655 16.454 10.802 14.873
181 6 2 11.711 16.236 10.744 14.859
182 6 2 11.754 16.077 10.873 14.612
183 6 2 11.783 16.105 10.843 14.439
184 6 2 11.826 15.932 10.829 14.526
185 6 2 11.854 15.772 10.886 14.309
186 6 2 11.955 15.786 10.987 14.207
187 6 2 11.998 15.597 10.942 14.077
188 6 2 11.997 15.453 11.029 13.990
189 6 2 12.098 15.423 11.130 13.902
190 6 2 12.199 15.335 11.086 13.758
191 6 2 12.126 15.235 11.158 13.685
192 6 2 12.255 15.031 11.259 13.540
193 6 2 12.313 14.944 11.229 13.453
194 6 2 12.372 15.045 11.403 13.379
195 6 2 12.413 14.669 11.330 13.264
196 6 2 12.588 14.811 11.330 13.264
197 6 2 12.586 14.522 11.329 13.120
198 6 2 12.571 14.436 11.517 13.060
199 6 2 12.615 14.436 11.560 12.887
200 6 2 12.744 14.275 11.631 12.785
201 6 2 12.773 14.232 11.601 12.598
202 6 2 13.019 14.099 11.704 12.698
203 6 2 12.888 14.057 11.835 12.769
204 6 2 13.104 13.853 11.818 12.451
205 6 2 13.147 13.795 11.717 12.481
206 6 2 13.204 13.621 12.064 12.362
207 6 2 13.276 13.592 12.078 12.304
208 6 2 13.349 13.533 12.209 12.216
209 6 2 13.464 13.388 12.207 12.043
210 6 2 13.636 13.227 12.265 11.971
211 6 2 13.607 13.184 12.438 11.810
212 6 2 13.665 13.097 12.438 11.724
213 6 2 13.867 12.994 12.553 11.650
214 6 2 13.953 12.820 12.785 11.562
215 6 2 13.953 12.849 12.698 11.563
216 6 2 14.126 12.761 12.726 11.447
217 6 2 14.126 12.674 12.957 11.358
218 6 2 14.299 12.615 12.927 11.214
219 6 2 14.414 12.513 13.014 11.170
220 6 2 14.428 12.369 13.116 11.169
221 6 2 14.630 12.266 13.289 11.096
222 6 2 14.716 12.193 13.346 10.965
223 6 2 14.845 12.004 13.477 10.950
224 6 2 14.846 12.019 13.389 10.907
225 6 2 15.062 11.916 13.693 10.804
226 6 2 14.975 11.844 13.693 10.760
227 6 2 15.278 11.726 13.735 10.529
228 6 2 15.249 11.669 13.909 10.557
229 6 2 15.479 11.537 14.024 10.483
230 6 2 15.494 11.522 14.067 10.382
231 6 2 15.637 11.377 14.182 10.295
232 6 2 15.753 11.333 14.384 10.163
233 6 2 15.796 11.260 14.399 10.149
234 6 2 15.955 11.230 14.558 10.118
235 6 2 16.171 11.098 14.658 9.988
236 6 2 16.156 11.070 14.673 9.959
237 6 2 16.300 11.011 14.788 9.872
238 6 2 16.401 10.923 14.976 9.899
239 6 2 16.429 10.822 15.091 9.739
240 6 2 16.632 10.806 15.206 9.609
241 6 2 16.833 10.675 15.206 9.652
242 6 2 16.905 10.645 15.364 9.506
243 6 2 17.021 10.659 15.421 9.376
244 6 2 17.165 10.528 15.566 9.361
245 6 2 17.351 10.339 15.667 9.288
246 6 2 17.322 10.325 15.782 9.273
247 6 2 17.452 10.266 15.941 9.242
248 6 2 17.639 10.193 16.071 9.141
249 6 2 17.638 10.121 16.215 9.096
250 6 2 17.840 10.061 16.358 8.922
251 6 2 17.897 9.917 16.445 8.950
252 6 2 18.070 9.887 16.560 8.777
253 6 2 18.272 9.827 16.646 8.776
254 6 2 18.445 9.754 16.848 8.731
255 6 2 18.415 9.697 16.906 8.673
256 6 2 18.559 9.609 16.876 8.587
257 6 2 18.688 9.479 17.035 8.485
258 6 2 18.846 9.448 17.222 8.455
259 6 2 19.048 9.404 17.425 8.467
260 6 2 19.120 9.360 17.439 8.395
261 6 2 19.250 9.359 17.482 8.395
262 6 2 19.422 9.214 17.741 8.335
263 6 2 19.508 9.155 17.770 8.278
264 6 2 19.681 9.082 17.857 8.291
265 6 2 19.767 9.096 18.088 8.275
266 6 2 19.969 9.036 18.116 8.160
267 6 2 20.098 8.978 18.303 8.158
268 6 2 20.241 8.876 18.448 8.258
269 6 2 20.400 8.889 18.577 8.156
270 6 2 20.457 8.860 18.779 8.155
271 6 2 20.702 8.829 18.822 8.039
272 6 2 20.861 8.828 19.010 8.066
273 6 2 20.961 8.755 19.227 8.165
274 6 2 21.091 8.826 19.299 8.122
275 6 2 21.321 8.738 19.472 8.149
276 6 2 21.379 8.795 19.586 8.033
277 6 2 21.523 8.751 19.731 8.161
278 6 2 21.638 8.822 20.020 8.145
279 6 2 21.810 8.748 19.992 8.246
280 6 2 21.983 8.733 20.077 8.116
281 6 2 22.099 8.832 20.337 8.214
282 6 2 22.170 8.745 20.380 8.185
283 6 2 22.358 8.830 20.597 8.241
284 6 2 22.516 8.829 20.726 8.154
285 6 2 22.631 8.799 20.842 8.239
286 6 2 22.718 8.885 20.957 8.295
287 6 2 22.934 8.940 21.202 8.265
288 6 2 23.092 8.853 21.332 8.264
289 6 2 23.236 8.952 21.332 8.278
290 6 2 23.323 8.951 21.678 8.333
291 6 2 23.481 8.950 21.691 8.247
292 6 2 23.597 9.050 21.951 8.345
293 6 2 23.640 9.049 22.023 8.287
294 6 2 23.827 9.077 22.124 8.315
295 6 2 24.086 9.089 22.181 8.329
296 6 2 24.172 9.074 22.326 8.371
297 6 2 24.287 9.101 22.556 8.398
298 6 2 24.474 9.129 22.657 8.483
299 6 2 24.517 9.186 22.787 8.482
300 6 2 24.675 9.170 22.917 8.524
301 6 2 24.776 9.198 23.132 8.494
302 6 2 24.964 9.297 23.463 8.563
303 6 2 25.150 9.295 23.420 8.534
304 6 2 25.280 9.352 23.492 8.591
305 6 2 25.323 9.394 23.623 8.691
306 6 2 25.510 9.393 23.751 8.632
307 6 2 25.783 9.476 23.881 8.660
308 6 2 25.783 9.448 23.968 8.745
309 6 2 25.956 9.504 24.141 8.801
310 6 2 26.043 9.589 24.256 8.772
311 6 2 26.229 9.559 24.471 8.799
312 6 2 26.272 9.573 24.515 8.870
313 6 2 26.458 9.571 24.760 8.925
314 6 2 26.545 9.671 24.788 8.939
315 6 2 26.704 9.741 24.975 8.981
316 6 2 26.775 9.741 25.047 8.952
317 6 2 26.990 9.739 25.176 8.979
318 6 2 27.005 9.796 25.363 9.006
319 6 2 27.178 9.837 25.450 9.049
320 6 2 27.264 9.908 25.594 9.119
321 6 2 27.565 9.849 25.723 9.061
322 6 2 27.622 9.877 25.895 9.117
323 6 2 27.695 9.948 25.911 9.275
324 6 2 27.866 9.918 26.083 9.216
325 6 2 27.939 9.989 26.298 9.286
326 6 2 28.096 9.987 26.542 9.284
327 6 2 28.254 10.043 26.499 9.255
328 6 2 28.355 10.071 26.513 9.226
329 6 2 28.527 10.113 26.801 9.353
330 6 2 28.613 10.140 26.859 9.439
331 6 2 28.714 10.183 26.816 9.482
332 6 2 28.842 10.124 26.974 9.423
333 6 2 28.986 10.152 27.318 9.449
334 6 2 29.158 10.222 27.347 9.463
335 6 2 29.258 10.221 27.418 9.463
336 6 2 29.473 10.291 27.864 9.645
337 6 2 29.588 10.304 27.806 9.517
338 6 2 29.774 10.259 27.821 9.617
339 6 2 29.746 10.317 28.078 9.557
340 6 2 29.918 10.373 28.451 9.583
341 6 2 30.103 10.328 28.351 9.684
342 6 2 30.146 10.328 28.423 9.712
343 6 2 30.504 10.325 28.552 9.711
344 6 2 30.418 10.354 28.638 9.653
345 6 2 30.676 10.395 28.781 9.723
346 6 2 30.619 10.409 28.867 9.737
347 6 2 30.776 10.408 28.968 9.793
348 6 2 31.048 10.463 29.154 9.792
349 6 2 31.134 10.520 29.298 9.819
350 6 2 31.219 10.433 29.469 9.789
351 6 2 31.335 10.532 29.584 9.860
352 6 2 31.520 10.516 29.742 9.873
353 6 2 31.563 10.530 29.813 9.858
354 6 2 31.749 10.528 29.827 9.858
355 6 2 31.893 10.613 29.970 9.857
356 6 2 31.950 10.684 30.199 9.869
357 6 2 32.164 10.568 30.243 9.897
358 6 2 32.164 10.611 30.328 9.853
359 6 2 32.307 10.595 30.472 9.981
360 6 2 32.493 10.694 30.687 10.022
361 6 2 32.536 10.693 30.787 9.993
362 6 2 32.735 10.648 30.929 9.949
363 6 2 32.779 10.677 31.058 10.005
364 6 2 32.935 10.647 31.130 9.975
365 6 2 33.021 10.660 31.244 10.017
366 6 2 33.192 10.659 31.474 10.073
367 6 2 33.435 10.699 31.458 9.944
368 6 2 33.421 10.714 31.616 10.043
369 6 2 33.593 10.770 31.787 9.955
370 6 2 33.635 10.755 31.859 9.998
371 6 2 33.878 10.753 32.045 10.053
372 6 2 34.035 10.809 32.230 9.995
373 6 2 33.992 10.780 32.273 9.994
374 6 2 34.163 10.779 32.388 10.079
375 6 2 34.392 10.791 32.588 10.120
376 6 2 34.448 10.762 32.502 10.121
377 6 2 34.506 10.776 32.616 10.106
378 6 2 34.705 10.774 32.987 10.045
379 6 2 34.691 10.760 32.945 10.089
380 6 2 34.819 10.787 33.216 10.143
381 6 2 35.047 10.785 33.273 10.143
382 6 2 35.076 10.799 33.643 10.068
383 6 2 35.233 10.812 33.488 10.198
384 6 2 35.403 10.782 33.802 10.224
385 6 2 35.489 10.767 33.886 10.095
386 6 2 35.646 10.808 33.844 10.167
387 6 2 35.760 10.793 34.015 10.122
388 6 2 36.015 10.748 34.272 10.163
389 6 2 35.973 10.820 34.143 10.064
390 6 2 36.088 10.876 34.543 10.203
391 6 2 36.272 10.746 34.670 10.102
392 6 2 36.286 10.803 34.485 10.132
393 6 2 36.457 10.772 34.600 10.160
394 6 2 36.500 10.801 34.985 10.185
395 6 2 36.642 10.814 34.757 10.201
396 6 2 36.841 10.755 35.184 10.198
397 6 2 36.785 10.798 35.298 10.211
398 6 2 37.041 10.853 35.384 10.182
399 6 2 37.055 10.810 35.284 10.197
400 6 2 37.113 10.909 35.170 10.212
401 6 2 37.169 10.866 35.455 10.195
402 6 2 37.312 10.908 35.797 10.264
403 6 2 37.369 10.879 35.655 10.294
404 6 2 37.483 10.992 35.882 10.206
405 6 2 37.540 10.963 36.054 10.290
406 6 2 37.597 10.991 35.940 10.291
407 6 2 37.768 11.018 36.310 10.288
408 6 2 37.797 11.103 36.254 10.346
409 6 2 37.897 11.102 36.439 10.344
410 6 2 38.039 11.144 36.526 10.500
411 6 2 38.110 11.100 36.510 10.401
412 6 2 38.253 11.228 36.540 10.500
413 6 2 38.239 11.199 36.696 10.499
414 6 2 38.339 11.255 36.881 10.497
415 6 2 38.368 11.298 36.854 10.597
416 6 2 38.454 11.369 36.939 10.554
417 6 2 38.540 11.454 37.053 10.639
418 6 2 38.568 11.453 37.110 10.609
419 6 2 38.654 11.452 37.452 10.635
420 6 2 38.726 11.595 37.268 10.722
421 6 2 38.784 11.680 37.325 10.750
422 6 2 38.827 11.794 37.425 10.864
423 6 2 38.941 11.764 37.567 10.805
424 6 2 39.098 11.820 37.696 10.890
425 6 2 39.169 11.890 37.653 10.905
426 6 2 39.326 11.917 37.811 10.989
427 6 2 39.227 12.018 37.797 11.032
428 6 2 39.313 12.075 37.853 10.974
429 6 2 39.441 12.045 37.924 11.002
430 6 2 39.512 12.101 38.054 11.144
431 6 2 39.498 12.087 38.067 11.101
432 6 2 39.754 12.142 38.210 11.185
433 6 2 39.811 12.156 38.182 11.143
434 6 2 39.770 12.284 38.197 11.214
435 6 2 39.855 12.269 38.254 11.285
436 6 2 39.969 12.354 38.197 11.314
437 6 2 40.011 12.325 38.297 11.342
438 6 2 40.125 12.352 38.525 11.339
439 6 2 40.154 12.395 38.439 11.354
440 6 2 40.211 12.366 38.440 11.383
441 6 2 40.354 12.493 38.525 11.339
442 6 2 40.381 12.421 38.753 11.494
443 6 2 40.552 12.477 38.981 11.521
444 6 2 40.637 12.433 39.037 11.420
445 6 2 40.665 12.390 39.066 11.491
446 6 2 40.807 12.403 39.179 11.448
447 6 2 40.849 12.388 39.194 11.462
448 6 2 40.907 12.445 39.365 11.517
449 6 2 41.105 12.386 39.279 11.518
450 6 2 41.204 12.356 39.349 11.432
451 6 2 41.232 12.327 39.463 11.459
452 6 2 41.289 12.341 39.491 11.416
453 6 2 41.430 12.297 39.605 11.372
454 6 2 41.487 12.311 39.690 11.386
455 6 2 41.543 12.282 39.774 11.242
456 6 2 41.601 12.338 39.916 11.270
457 6 2 41.699 12.252 39.902 11.298
458 6 2 41.841 12.293 40.015 11.226
459 6 2 41.770 12.265 40.170 11.167
460 6 2 41.953 12.192 40.156 11.153
461 6 2 41.968 12.221 40.311 11.038
462 6 2 42.038 12.191 40.297 11.095
463 6 2 42.080 12.134 40.452 10.979
464 6 2 42.194 12.133 40.452 10.951
465 6 2 42.251 12.147 40.650 10.935
466 6 2 42.306 12.032 40.763 10.791
467 6 2 42.306 12.032 40.705 10.706
468 6 2 42.305 11.961 40.704 10.635
469 6 2 42.347 11.889 40.888 10.562
470 6 2 42.403 11.817 40.944 10.490
471 6 2 42.460 11.788 40.887 10.490
472 6 2 42.473 11.674 41.070 10.318
473 6 2 42.544 11.687 41.140 10.274
474 6 2 42.542 11.573 41.225 10.188
475 6 2 42.543 11.602 41.224 10.131
476 6 2 42.542 11.545 41.336 10.016
477 6 2 42.541 11.488 41.278 9.902
478 6 2 42.625 11.387 41.334 9.830
479 6 2 42.541 11.402 41.333 9.731
480 6 2 42.596 11.316 41.475 9.729
481 6 2 42.596 11.316 41.644 9.614
482 6 2 42.623 11.188 41.531 9.658
483 6 2 42.552 11.146 41.601 9.557
484 6 2 42.580 11.103 41.628 9.400
485 6 2 42.594 11.060 41.641 9.300
486 6 2 42.565 10.974 41.641 9.300
487 6 2 42.634 10.874 41.711 9.228
488 6 2 42.535 10.832 41.810 9.185
489 6 2 42.535 10.804 41.753 9.128
490 6 2 42.548 10.718 41.709 8.986
491 6 2 42.548 10.704 41.737 8.943
492 6 2 42.533 10.604 41.551 8.816
493 6 2 42.504 10.590 41.692 8.744
494 6 2 42.545 10.476 41.706 8.744
495 6 2 42.488 10.391 41.565 8.773
496 6 2 42.530 10.347 41.606 8.673
497 6 2 42.472 10.248 41.521 8.631
498 6 2 42.457 10.177 41.590 8.474
499 6 2 42.443 10.163 41.491 8.489
500 6 2 42.443 10.120 41.406 8.447
501 6 2 42.441 10.006 41.348 8.362
502 6 2 42.441 9.963 41.461 8.318
503 6 2 42.398 9.907 41.390 8.347
504 6 2 42.327 9.893 41.262 8.249
505 6 2 42.340 9.807 41.220 8.277
506 6 2 42.339 9.708 41.248 8.234
507 6 2 42.254 9.637 41.190 8.164
508 6 2 42.296 9.680 41.147 8.121
509 6 2 42.211 9.652 41.090 8.065
510 6 2 42.281 9.537 41.076 8.093
511 6 2 42.153 9.467 40.920 8.080
512 6 2 42.180 9.410 40.920 8.052
513 6 2 42.081 9.354 40.792 8.053
514 6 2 42.052 9.340 40.763 8.010
515 6 2 42.037 9.254 40.834 7.981
516 6 2 42.009 9.254 40.805 7.953
517 6 2 42.037 9.283 40.635 7.983
518 6 2 42.037 9.197 40.578 7.869
519 6 2 41.880 9.156 40.535 7.912
520 6 2 41.880 9.156 40.592 7.883
521 6 2 41.908 9.084 40.365 7.842
522 6 2 41.780 9.085 40.351 7.871
523 6 2 41.822 9.028 40.507 7.870
524 6 2 41.850 8.942 40.280 7.900
525 6 2 41.722 8.900 40.322 7.828
526 6 2 41.708 8.901 40.137 7.830
527 6 2 41.750 8.914 40.180 7.844
528 6 2 41.608 8.873 40.067 7.859
529 6 2 41.679 8.858 39.996 7.874
530 6 2 41.551 8.816 40.038 7.859
531 6 2 41.522 8.774 39.925 7.874
532 6 2 41.593 8.730 39.911 7.860
533 6 2 41.451 8.760 39.712 7.833
534 6 2 41.450 8.646 39.655 7.805
535 6 2 41.465 8.674 39.641 7.862
536 6 2 41.337 8.676 39.570 7.834
537 6 2 41.336 8.590 39.513 7.863
538 6 2 41.195 8.620 39.457 7.864
539 6 2 41.194 8.577 39.457 7.906
540 6 2 41.279 8.576 39.486 7.935
541 6 2 41.180 8.577 39.443 7.906
542 6 2 41.095 8.535 39.272 7.894
543 6 2 41.023 8.493 39.257 7.822
544 6 2 41.037 8.478 39.215 7.837
545 6 2 41.080 8.478 39.201 7.894
546 6 2 40.839 8.466 39.045 7.910
547 6 2 40.839 8.466 39.102 7.852
548 6 2 40.924 8.494 38.960 7.882
549 6 2 40.853 8.480 39.031 7.895
550 6 2 40.669 8.496 38.932 7.882
551 6 2 40.612 8.468 38.818 7.883
552 6 2 40.640 8.467 38.705 7.912
553 6 2 40.513 8.483 38.690 7.898
554 6 2 40.557 8.625 38.590 7.813
555 6 2 40.413 8.441 38.619 7.856
556 6 2 40.428 8.512 38.490 7.785
557 6 2 40.315 8.556 38.490 7.800
558 6 2 40.385 8.469 38.619 7.827
559 6 2 40.187 8.500 38.448 7.857
560 6 2 40.201 8.485 38.292 7.816
561 6 2 40.229 8.456 38.377 7.786
562 6 2 40.102 8.529 38.278 7.830
563 6 2 40.101 8.457 38.278 7.816
564 6 2 40.015 8.387 38.249 7.830
565 6 2 39.973 8.416 38.150 7.831
566 6 2 40.059 8.486 38.177 7.702
567 6 2 39.903 8.502 38.079 7.832
568 6 2 39.860 8.431 38.064 7.817
569 6 2 39.902 8.459 37.994 7.875
570 6 2 39.775 8.489 37.979 7.761
571 6 2 39.803 8.488 37.893 7.705
572 6 2 39.703 8.418 37.908 7.776
573 6 2 39.718 8.461 37.780 7.820
574 6 2 39.619 8.547 37.737 7.791
575 6 2 39.632 8.418 37.723 7.749
576 6 2 39.562 8.476 37.652 7.806
577 6 2 39.534 8.505 37.767 7.891
578 6 2 39.519 8.462 37.581 7.793
579 6 2 39.435 8.520 37.609 7.792
580 6 2 39.392 8.463 37.566 7.764
581 6 2 39.363 8.435 37.652 7.792
582 6 2 39.263 8.393 37.467 7.808
70 7 2 8.542 31.173 7.743 29.385
71 7 2 8.571 31.158 7.771 29.196
72 7 2 8.584 30.896 7.756 28.993
73 7 2 8.657 30.895 7.829 28.992
74 7 2 8.656 30.779 7.740 28.906
75 7 2 8.699 30.676 7.753 28.630
76 7 2 8.698 30.473 7.870 28.628
77 7 2 8.785 30.370 7.811 28.411
78 7 2 8.755 30.182 7.781 28.426
79 7 2 8.769 30.094 7.766 28.223
80 7 2 8.680 29.922 7.911 28.134
81 7 2 8.753 29.819 7.924 27.858
82 7 2 8.854 29.701 7.881 27.888
83 7 2 8.883 29.613 7.996 27.654
84 7 2 8.881 29.425 7.908 27.524
85 7 2 8.895 29.294 7.922 27.481
86 7 2 8.982 29.104 8.008 27.262
87 7 2 8.937 29.003 8.080 27.130
88 7 2 8.937 28.901 8.050 26.884
89 7 2 8.993 28.654 8.108 26.868
90 7 2 8.992 28.480 8.164 26.548
91 7 2 9.051 28.580 8.048 26.506
92 7 2 9.020 28.262 8.046 26.332
93 7 2 9.209 28.099 8.148 26.287
94 7 2 9.048 28.058 8.162 26.099
95 7 2 9.134 27.752 8.219 25.909
96 7 2 9.133 27.636 8.160 25.765
97 7 2 9.117 27.433 8.116 25.708
98 7 2 9.233 27.272 8.260 25.401
99 7 2 9.145 27.114 8.172 25.330
100 7 2 9.128 26.853 8.360 25.066
101 7 2 9.157 26.736 8.388 24.862
102 7 2 9.156 26.548 8.242 24.821
103 7 2 9.199 26.475 8.343 24.602
104 7 2 9.125 26.331 8.414 24.311
105 7 2 9.124 26.041 8.296 24.168
106 7 2 9.195 25.866 8.543 23.961
107 7 2 9.267 25.647 8.411 23.804
108 7 2 9.222 25.445 8.599 23.598
109 7 2 9.206 25.257 8.467 23.441
110 7 2 9.234 25.082 8.495 23.295
111 7 2 9.234 24.952 8.581 23.019
112 7 2 9.363 24.660 8.450 22.991
113 7 2 9.348 24.573 8.521 22.701
114 7 2 9.361 24.312 8.476 22.585
115 7 2 9.330 23.994 8.533 22.324
116 7 2 9.256 23.893 8.605 22.076
117 7 2 9.314 23.719 8.516 21.875
118 7 2 9.400 23.587 8.544 21.628
119 7 2 9.340 23.327 8.689 21.481
120 7 2 9.339 23.110 8.629 21.265
121 7 2 9.454 22.833 8.628 21.105
122 7 2 9.467 22.572 8.670 20.757
123 7 2 9.495 22.441 8.524 20.716
124 7 2 9.466 22.369 8.668 20.526
125 7 2 9.566 22.107 8.768 20.119
126 7 2 9.565 21.919 8.709 20.076
127 7 2 9.533 21.499 8.737 19.801
128 7 2 9.737 21.439 8.591 19.744
129 7 2 9.649 21.353 8.763 19.337
130 7 2 9.632 20.933 8.835 19.206
131 7 2 9.661 20.860 8.863 19.017
132 7 2 9.674 20.730 8.760 18.714
133 7 2 9.644 20.484 8.729 18.527
134 7 2 9.788 20.338 8.961 18.350
135 7 2 9.714 19.991 8.945 18.090
136 7 2 9.698 19.760 8.901 17.946
137 7 2 9.697 19.615 8.958 17.829
138 7 2 9.812 19.368 8.753 17.557
139 7 2 9.796 19.237 8.999 17.337
140 7 2 9.780 18.919 9.071 17.220
141 7 2 9.881 18.744 9.055 16.960
142 7 2 9.879 18.542 9.054 16.757
143 7 2 9.893 18.354 9.038 16.570
144 7 2 9.965 18.194 9.109 16.294
145 7 2 10.036 17.961 9.152 16.149
146 7 2 9.991 17.803 9.135 15.816
147 7 2 9.990 17.600 9.194 15.816
148 7 2 10.075 17.267 9.250 15.453
149 7 2 10.132 17.092 9.191 15.367
150 7 2 10.175 16.976 9.205 15.252
151 7 2 10.204 16.846 9.378 14.975
152 7 2 10.230 16.455 9.376 14.729
153 7 2 10.230 16.339 9.375 14.527
154 7 2 10.345 16.150 9.373 14.281
155 7 2 10.358 15.933 9.446 14.208
156 7 2 10.458 15.730 9.517 13.918
157 7 2 10.341 15.615 9.574 13.773
158 7 2 10.486 15.527 9.573 13.629
159 7 2 10.397 15.152 9.601 13.397
160 7 2 10.426 15.152 9.688 13.309
161 7 2 10.511 14.833 9.686 13.021
162 7 2 10.524 14.645 9.787 12.947
163 7 2 10.494 14.429 9.757 12.760
164 7 2 10.552 14.413 9.698 12.572
165 7 2 10.666 14.037 9.783 12.283
166 7 2 10.622 13.994 9.798 12.297
167 7 2 10.606 13.748 9.869 12.051
168 7 2 10.867 13.630 9.896 11.791
169 7 2 10.764 13.414 9.910 11.574
170 7 2 10.748 13.169 9.923 11.328
171 7 2 10.805 13.024 9.922 11.241
172 7 2 10.876 12.792 9.935 10.981
173 7 2 10.861 12.706 10.007 10.894
174 7 2 10.904 12.532 10.108 10.662
175 7 2 10.932 12.373 10.077 10.475
176 7 2 10.946 12.243 10.149 10.258
177 7 2 11.016 11.953 10.191 10.084
178 7 2 11.059 11.823 10.235 10.040
179 7 2 11.203 11.677 10.378 9.693
180 7 2 11.202 11.446 10.233 9.723
181 7 2 11.245 11.374 10.391 9.534
182 7 2 11.273 11.128 10.360 9.173
183 7 2 11.358 10.911 10.447 9.071
184 7 2 11.502 10.650 10.475 8.927
185 7 2 11.529 10.404 10.590 8.710
186 7 2 11.558 10.289 10.473 8.566
187 7 2 11.630 10.216 10.632 8.464
188 7 2 11.702 10.085 10.674 8.305
189 7 2 11.874 9.824 10.702 8.103
190 7 2 11.961 9.751 10.701 7.944
191 7 2 12.003 9.563 10.860 7.784
192 7 2 12.132 9.332 10.902 7.611
193 7 2 12.160 9.202 11.046 7.451
194 7 2 12.289 8.955 11.148 7.378
195 7 2 12.433 8.810 11.176 7.205
196 7 2 12.548 8.564 11.204 7.046
197 7 2 12.563 8.593 11.304 6.872
198 7 2 12.735 8.433 11.362 6.800
199 7 2 12.792 8.187 11.651 6.697
200 7 2 12.994 8.013 11.505 6.554
201 7 2 13.022 7.955 11.591 6.409
202 7 2 13.166 7.694 11.766 6.436
203 7 2 13.440 7.519 11.982 6.262
204 7 2 13.555 7.432 12.069 6.175
205 7 2 13.742 7.229 12.228 6.203
206 7 2 13.915 7.098 12.313 5.899
207 7 2 14.190 7.038 12.531 5.927
208 7 2 14.305 6.922 12.646 5.868
209 7 2 14.362 6.792 12.762 5.853
210 7 2 14.665 6.718 12.979 5.779
211 7 2 14.708 6.646 12.964 5.708
212 7 2 14.997 6.528 13.196 5.648
213 7 2 15.141 6.499 13.369 5.561
214 7 2 15.372 6.396 13.572 5.545
215 7 2 15.487 6.323 13.716 5.472
216 7 2 15.689 6.250 13.890 5.456
217 7 2 15.790 6.235 13.846 5.414
218 7 2 15.950 6.234 14.179 5.354
219 7 2 16.224 6.146 14.309 5.382
220 7 2 16.382 6.116 14.584 5.409
221 7 2 16.527 6.071 14.612 5.164
222 7 2 16.685 6.070 14.829 5.249
223 7 2 16.916 6.040 14.945 5.248
224 7 2 17.003 5.967 15.205 5.174
225 7 2 17.292 6.037 15.321 5.216
226 7 2 17.350 6.008 15.551 5.100
227 7 2 17.595 6.035 15.654 5.272
228 7 2 17.826 5.962 15.971 5.198
229 7 2 17.855 6.091 16.030 5.269
230 7 2 18.114 5.945 16.261 5.325
231 7 2 18.274 6.088 16.420 5.238
232 7 2 18.346 6.016 16.550 5.309
233 7 2 18.548 6.014 16.781 5.307
234 7 2 18.735 6.042 16.883 5.364
235 7 2 18.923 6.083 17.100 5.377
236 7 2 19.155 6.225 17.244 5.347
237 7 2 19.227 6.182 17.345 5.361
238 7 2 19.486 6.194 17.520 5.547
239 7 2 19.515 6.223 17.895 5.544
240 7 2 19.718 6.308 17.808 5.516
241 7 2 19.820 6.436 17.995 5.472
242 7 2 19.978 6.334 18.242 5.657
243 7 2 20.093 6.405 18.357 5.613
244 7 2 20.252 6.476 18.661 5.683
245 7 2 20.555 6.503 18.705 5.769
246 7 2 20.570 6.574 18.777 5.811
247 7 2 20.729 6.645 18.907 5.796
248 7 2 20.845 6.716 19.254 5.923
249 7 2 20.989 6.715 19.340 5.951
250 7 2 21.292 6.871 19.643 5.935
251 7 2 21.350 6.870 19.528 5.935
252 7 2 21.538 6.941 19.745 6.006
253 7 2 21.653 7.012 19.832 6.077
254 7 2 21.812 7.025 20.019 6.090
255 7 2 22.043 7.124 20.019 6.133
256 7 2 22.129 7.123 20.251 6.246
257 7 2 22.202 7.180 20.553 6.244
258 7 2 22.403 7.207 20.669 6.272
259 7 2 22.534 7.407 20.713 6.358
260 7 2 22.720 7.291 20.785 6.357
261 7 2 22.865 7.362 20.987 6.485
262 7 2 22.995 7.461 21.175 6.527
263 7 2 23.153 7.402 21.247 6.555
264 7 2 23.325 7.415 21.420 6.626
265 7 2 23.456 7.544 21.578 6.553
266 7 2 23.614 7.557 21.824 6.680
267 7 2 23.701 7.642 22.025 6.707
268 7 2 23.888 7.655 22.098 6.836
269 7 2 24.103 7.697 22.170 6.793
270 7 2 24.176 7.739 22.387 6.920
271 7 2 24.305 7.752 22.458 6.848
272 7 2 24.506 7.794 22.603 6.947
273 7 2 24.608 7.879 22.790 7.003
274 7 2 24.852 7.863 22.920 7.074
275 7 2 24.881 7.934 23.121 7.030
276 7 2 25.183 7.975 23.223 7.158
277 7 2 25.299 8.089 23.482 7.213
278 7 2 25.399 8.088 23.611 7.184
279 7 2 25.572 8.144 23.612 7.299
280 7 2 25.658 8.143 23.870 7.239
281 7 2 25.787 8.142 24.000 7.353
282 7 2 26.002 8.112 24.158 7.352
283 7 2 26.089 8.226 24.187 7.380
284 7 2 26.347 8.267 24.360 7.393
285 7 2 26.477 8.266 24.547 7.478
286 7 2 26.534 8.309 24.633 7.492
287 7 2 26.764 8.350 24.921 7.590
288 7 2 26.894 8.406 25.051 7.618
289 7 2 27.009 8.448 25.194 7.631
290 7 2 27.095 8.491 25.195 7.702
291 7 2 27.296 8.518 25.396 7.701
292 7 2 27.426 8.631 25.526 7.815
293 7 2 27.569 8.601 25.670 7.900
294 7 2 27.684 8.701 25.843 7.941
295 7 2 27.784 8.657 26.001 7.983
296 7 2 27.971 8.713 26.188 8.010
297 7 2 28.101 8.798 26.260 8.038
298 7 2 28.287 8.825 26.475 8.094
299 7 2 28.402 8.910 26.733 8.092
300 7 2 28.545 8.894 26.762 8.106
301 7 2 28.661 8.994 26.878 8.206
302 7 2 28.733 9.079 26.921 8.263
303 7 2 29.005 9.105 27.194 8.289
304 7 2 29.120 9.090 27.223 8.332
305 7 2 29.220 9.147 27.467 8.387
306 7 2 29.321 9.232 27.510 8.416
307 7 2 29.479 9.288 27.497 8.530
308 7 2 29.623 9.344 27.697 8.557
309 7 2 29.710 9.458 27.956 8.641
310 7 2 29.896 9.499 28.114 8.683
311 7 2 29.924 9.499 28.258 8.739
312 7 2 30.169 9.611 28.387 8.767
313 7 2 30.197 9.640 28.445 8.852
314 7 2 30.427 9.709 28.674 8.922
315 7 2 30.427 9.738 28.876 9.006
316 7 2 30.657 9.908 28.876 9.092
317 7 2 30.715 9.950 28.963 9.163
318 7 2 30.959 10.063 29.120 9.133
319 7 2 30.874 10.121 29.293 9.304
320 7 2 31.133 10.305 29.294 9.347
321 7 2 31.161 10.319 29.580 9.416
322 7 2 31.305 10.389 29.638 9.487
323 7 2 31.434 10.488 29.825 9.614
324 7 2 31.493 10.674 29.998 9.684
325 7 2 31.579 10.673 29.797 9.686
326 7 2 31.737 10.815 30.126 9.683
327 7 2 31.939 10.999 30.127 9.755
328 7 2 31.897 11.057 30.342 9.810
329 7 2 31.955 11.199 30.486 9.895
330 7 2 32.100 11.427 30.658 9.951
331 7 2 32.200 11.412 30.759 10.050
332 7 2 32.257 11.483 30.816 10.121
333 7 2 32.358 11.554 30.946 10.192
334 7 2 32.460 11.753 31.161 10.304
335 7 2 32.661 11.894 31.277 10.447
336 7 2 32.676 11.994 31.206 10.519
337 7 2 32.734 12.080 31.492 10.602
338 7 2 32.921 12.235 31.594 10.787
339 7 2 32.964 12.307 31.580 10.773
340 7 2 33.080 12.463 31.695 10.901
341 7 2 33.138 12.577 31.753 10.929
342 7 2 33.311 12.718 31.868 11.043
343 7 2 33.382 12.732 31.940 11.171
344 7 2 33.540 12.802 32.071 11.356
345 7 2 33.698 12.944 31.971 11.443
346 7 2 33.785 13.115 32.229 11.555
347 7 2 33.828 13.114 32.273 11.612
348 7 2 33.957 13.170 32.346 11.783
349 7 2 34.128 13.211 32.518 11.853
350 7 2 34.244 13.339 32.605 11.981
351 7 2 34.372 13.366 32.706 12.094
352 7 2 34.502 13.465 32.834 12.136
353 7 2 34.630 13.507 33.021 12.206
354 7 2 34.802 13.548 33.079 12.306
355 7 2 34.902 13.590 33.122 12.319
356 7 2 35.031 13.703 33.279 12.375
357 7 2 35.102 13.617 33.494 12.459
358 7 2 35.275 13.829 33.437 12.474
359 7 2 35.402 13.728 33.595 12.544
360 7 2 35.502 13.713 33.695 12.586
361 7 2 35.687 13.682 33.851 12.556
362 7 2 35.858 13.766 33.938 12.612
363 7 2 36.015 13.722 34.065 12.539
364 7 2 36.171 13.720 34.252 12.681
365 7 2 36.243 13.791 34.351 12.637
366 7 2 36.428 13.789 34.479 12.607
367 7 2 36.527 13.645 34.522 12.606
368 7 2 36.599 13.716 34.735 12.533
369 7 2 36.783 13.614 34.808 12.661
370 7 2 36.869 13.699 34.978 12.602
371 7 2 37.039 13.611 35.092 12.572
372 7 2 37.110 13.596 35.220 12.557
373 7 2 37.238 13.652 35.433 12.498
374 7 2 37.338 13.623 35.534 12.582
375 7 2 37.536 13.563 35.590 12.496
376 7 2 37.565 13.606 35.789 12.451
377 7 2 37.807 13.561 35.832 12.408
378 7 2 37.778 13.561 36.059 12.349
379 7 2 37.948 13.502 36.144 12.319
380 7 2 37.934 13.459 36.215 12.276
381 7 2 38.076 13.458 36.386 12.274
382 7 2 38.103 13.343 36.470 12.130
383 7 2 38.231 13.371 36.712 12.156
384 7 2 38.260 13.356 36.683 12.085
385 7 2 38.402 13.326 36.739 12.056
386 7 2 38.486 13.254 36.994 11.925
387 7 2 38.543 13.196 37.050 11.782
388 7 2 38.656 13.138 37.220 11.694
389 7 2 38.740 13.051 37.277 11.694
390 7 2 38.782 12.965 37.289 11.494
391 7 2 38.880 12.864 37.445 11.449
392 7 2 38.894 12.778 37.487 11.363
393 7 2 38.979 12.749 37.629 11.305
394 7 2 39.120 12.648 37.542 11.120
395 7 2 39.091 12.562 37.655 11.119
396 7 2 39.232 12.518 37.739 10.990
397 7 2 39.246 12.475 37.838 10.860
398 7 2 39.359 12.388 37.867 10.917
399 7 2 39.443 12.288 38.008 10.816
400 7 2 39.513 12.187 37.995 10.973
401 7 2 39.598 12.200 38.165 10.871
402 7 2 39.654 12.086 38.221 10.757
403 7 2 39.767 12.013 38.277 10.742
404 7 2 39.937 11.969 38.305 10.670
405 7 2 40.064 11.868 38.347 10.656
406 7 2 40.035 11.825 38.404 10.584
407 7 2 40.190 11.738 38.531 10.554
408 7 2 40.218 11.709 38.646 10.667
409 7 2 40.360 11.708 38.559 10.525
410 7 2 40.374 11.665 38.800 10.480
411 7 2 40.529 11.564 38.786 10.438
412 7 2 40.513 11.392 38.942 10.408
413 7 2 40.768 11.390 38.999 10.436
414 7 2 40.810 11.333 39.040 10.321
415 7 2 40.881 11.332 39.168 10.291
416 7 2 40.965 11.203 39.167 10.163
417 7 2 40.994 11.203 39.252 10.134
418 7 2 40.950 11.146 39.322 10.105
419 7 2 41.078 11.102 39.535 10.031
420 7 2 41.190 11.030 39.562 9.931
421 7 2 41.218 10.958 39.618 9.831
422 7 2 41.347 11.085 39.575 9.845
423 7 2 41.403 11.028 39.688 9.730
424 7 2 41.501 10.941 39.787 9.758
425 7 2 41.529 10.841 39.900 9.686
426 7 2 41.614 10.883 39.814 9.558
427 7 2 41.698 10.740 40.069 9.556
428 7 2 41.769 10.796 40.054 9.470
429 7 2 41.796 10.611 40.167 9.398
430 7 2 41.780 10.497 40.323 9.397
431 7 2 41.880 10.553 40.280 9.340
432 7 2 41.951 10.552 40.293 9.226
433 7 2 42.051 10.594 40.505 9.153
434 7 2 42.121 10.508 40.519 9.096
435 7 2 42.135 10.522 40.588 8.967
436 7 2 42.162 10.436 40.674 8.995
437 7 2 42.190 10.350 40.587 8.853
438 7 2 42.246 10.321 40.643 8.710
439 7 2 42.231 10.250 40.741 8.638
440 7 2 42.273 10.164 40.841 8.665
441 7 2 42.386 10.092 40.840 8.594
442 7 2 42.371 10.035 40.938 8.422
443 7 2 42.384 9.950 40.923 8.394
444 7 2 42.470 9.992 41.092 8.321
445 7 2 42.441 9.963 41.064 8.293
446 7 2 42.468 9.849 41.176 8.149
447 7 2 42.454 9.878 41.134 8.178
448 7 2 42.481 9.735 41.359 8.034
449 7 2 42.524 9.720 41.259 7.992
450 7 2 42.495 9.692 41.400 7.934
451 7 2 42.480 9.607 41.357 7.877
452 7 2 42.452 9.607 41.329 7.849
453 7 2 42.522 9.535 41.371 7.777
454 7 2 42.465 9.564 41.455 7.720
455 7 2 42.577 9.364 41.368 7.549
456 7 2 42.549 9.392 41.482 7.577
457 7 2 42.548 9.350 41.424 7.506
458 7 2 42.561 9.236 41.523 7.420
459 7 2 42.561 9.236 41.466 7.363
460 7 2 42.616 9.107 41.408 7.293
461 7 2 42.546 9.136 41.563 7.206
462 7 2 42.616 9.050 41.492 7.178
463 7 2 42.573 9.022 41.591 7.149
464 7 2 42.529 8.851 41.520 7.092
465 7 2 42.614 8.893 41.547 7.049
466 7 2 42.543 8.822 41.504 6.978
467 7 2 42.515 8.837 41.674 6.934
468 7 2 42.556 8.694 41.603 6.935
469 7 2 42.513 8.694 41.644 6.792
470 7 2 42.471 8.695 41.545 6.764
471 7 2 42.526 8.523 41.516 6.736
472 7 2 42.426 8.510 41.585 6.579
473 7 2 42.496 8.438 41.543 6.593
474 7 2 42.454 8.424 41.557 6.551
475 7 2 42.354 8.397 41.514 6.522
476 7 2 42.382 8.382 41.569 6.394
477 7 2 42.368 8.311 41.414 6.466
478 7 2 42.380 8.168 41.484 6.380
479 7 2 42.309 8.112 41.271 6.353
480 7 2 42.351 8.112 41.313 6.239
481 7 2 42.336 8.026 41.271 6.296
482 7 2 42.251 7.941 41.213 6.211
483 7 2 42.236 7.870 41.255 6.197
484 7 2 42.194 7.913 41.213 6.183
485 7 2 42.207 7.799 41.169 6.097
486 7 2 42.206 7.757 41.141 6.083
487 7 2 42.220 7.714 41.099 6.098
488 7 2 42.120 7.629 41.056 6.098
489 7 2 42.134 7.615 41.098 6.084
490 7 2 42.077 7.544 40.985 6.099
491 7 2 42.062 7.516 40.772 6.015
492 7 2 41.990 7.402 41.069 6.013
493 7 2 41.906 7.474 40.984 5.942
494 7 2 41.876 7.360 40.954 5.800
495 7 2 41.947 7.345 40.969 5.899
496 7 2 41.876 7.275 41.096 5.856
497 7 2 41.904 7.303 40.897 5.743
498 7 2 41.790 7.218 40.784 5.858
499 7 2 41.733 7.148 40.784 5.787
500 7 2 41.789 7.133 40.755 5.744
501 7 2 41.831 7.061 40.826 5.786
502 7 2 41.788 7.047 40.216 5.691
503 7 2 41.803 7.104 40.712 5.716
504 7 2 41.632 6.992 40.230 5.691
505 7 2 41.532 6.950 40.215 5.620
506 7 2 41.560 6.935 40.131 5.692
507 7 2 41.560 6.921 39.988 5.621
508 7 2 41.489 6.921 40.002 5.621
509 7 2 41.432 6.794 39.917 5.579
510 7 2 41.404 6.837 39.860 5.537
511 7 2 41.431 6.737 39.832 5.580
512 7 2 41.488 6.736 39.661 5.552
513 7 2 41.417 6.765 39.647 5.524
514 7 2 41.260 6.695 39.717 5.424
515 7 2 41.204 6.696 39.660 5.481
516 7 2 41.246 6.638 39.902 5.479
517 7 2 41.175 6.639 39.887 5.423
518 7 2 41.174 6.568 39.490 5.496
519 7 2 41.146 6.539 39.632 5.496
520 7 2 41.132 6.554 39.730 5.367
521 7 2 41.060 6.454 39.263 5.498
522 7 2 40.960 6.455 39.362 5.469
523 7 2 40.932 6.455 39.476 5.468
524 7 2 40.932 6.398 39.561 5.439
525 7 2 40.889 6.399 39.291 5.469
526 7 2 40.818 6.371 39.504 5.439
527 7 2 40.747 6.343 39.149 5.442
528 7 2 40.761 6.343 39.391 5.469
529 7 2 40.718 6.343 38.979 5.500
530 7 2 40.690 6.357 39.066 5.628
531 7 2 40.590 6.301 38.966 5.543
532 7 2 40.633 6.358 39.009 5.600
533 7 2 40.590 6.315 38.967 5.671
534 7 2 40.491 6.273 38.839 5.658
535 7 2 40.561 6.244 38.853 5.658
536 7 2 40.421 6.345 38.484 5.703
537 7 2 40.364 6.345 38.541 5.731
538 7 2 40.364 6.374 38.456 5.675
539 7 2 40.236 6.318 38.442 5.760
540 7 2 40.195 6.432 38.229 5.733
541 7 2 40.195 6.475 38.286 5.719
542 7 2 40.238 6.517 38.244 5.847
543 7 2 40.139 6.575 38.258 5.762
544 7 2 40.110 6.490 38.173 5.791
545 7 2 40.012 6.576 38.215 5.762
546 7 2 39.912 6.577 38.145 5.877
547 7 2 39.841 6.577 38.045 5.849
548 7 2 40.000 6.790 38.059 5.806
549 7 2 39.758 6.706 37.988 5.806
550 7 2 39.630 6.707 37.974 5.835
551 7 2 39.559 6.736 37.903 5.835
552 7 2 39.559 6.750 37.933 5.964
553 7 2 39.730 6.763 37.847 5.864
554 7 2 39.517 6.822 37.748 5.894
555 7 2 39.447 6.851 37.762 5.893
556 7 2 39.461 6.851 37.719 5.894
557 7 2 39.433 6.865 37.549 5.938
558 7 2 39.348 6.952 37.635 5.966
559 7 2 39.235 6.924 37.634 5.909
560 7 2 39.348 6.937 37.436 6.010
561 7 2 39.234 6.838 37.494 6.081
562 7 2 39.249 6.952 37.365 6.025
563 7 2 39.192 6.967 37.308 6.039
564 7 2 39.036 6.954 37.266 6.082
565 7 2 38.823 6.984 37.223 6.083
566 7 2 39.009 7.068 37.181 6.140
567 7 2 38.938 7.055 37.224 6.126
568 7 2 38.938 7.112 37.139 6.155
569 7 2 38.910 7.083 37.082 6.155
570 7 2 38.924 7.126 37.039 6.113
571 7 2 38.852 7.055 36.911 6.128
572 7 2 38.796 7.070 37.025 6.141
573 7 2 38.725 7.085 36.840 6.157
574 7 2 38.682 7.071 36.883 6.199
575 7 2 38.668 7.114 36.840 6.157
576 7 2 38.612 7.100 36.755 6.200
577 7 2 38.525 7.001 36.755 6.186
578 7 2 38.499 7.201 36.642 6.272
579 7 2 38.413 7.116 36.614 6.273
580 7 2 38.328 7.202 36.500 6.273
581 7 2 38.300 7.202 36.472 6.331
582 7 2 38.299 7.145 36.443 6.302
74 8 2 7.199 31.283 6.431 29.755
75 8 2 7.200 31.297 6.459 29.595
76 8 2 7.200 31.297 6.488 29.565
77 8 2 7.199 31.268 6.547 29.535
78 8 2 7.243 31.267 6.503 29.478
79 8 2 7.141 31.196 6.604 29.345
80 8 2 7.243 31.166 6.443 29.348
81 8 2 7.228 31.151 6.458 29.420
82 8 2 7.257 31.078 6.428 29.261
83 8 2 7.198 31.021 6.428 29.174
84 8 2 7.198 30.977 6.544 29.129
85 8 2 7.314 30.903 6.428 29.203
86 8 2 7.271 30.976 6.413 29.102
87 8 2 7.197 30.832 6.485 29.013
88 8 2 7.299 30.801 6.441 28.927
89 8 2 7.328 30.801 6.500 28.984
90 8 2 7.283 30.627 6.514 28.984
91 8 2 7.400 30.654 6.602 28.924
92 8 2 7.459 30.682 6.484 28.839
93 8 2 7.487 30.479 6.542 28.780
94 8 2 7.399 30.480 6.572 28.750
95 8 2 7.399 30.422 6.571 28.663
96 8 2 7.384 30.291 6.585 28.561
97 8 2 7.413 30.291 6.469 28.621
98 8 2 7.427 30.175 6.600 28.561
99 8 2 7.426 30.087 6.599 28.474
100 8 2 7.440 30.000 6.643 28.415
101 8 2 7.411 30.015 6.729 28.225
102 8 2 7.484 29.999 6.598 28.300
103 8 2 7.425 29.841 6.714 28.167
104 8 2 7.424 29.739 6.655 28.096
105 8 2 7.453 29.593 6.626 28.038
106 8 2 7.496 29.607 6.669 27.936
107 8 2 7.496 29.578 6.639 27.762
108 8 2 7.423 29.492 6.712 27.674
109 8 2 7.451 29.361 6.682 27.689
110 8 2 7.392 29.231 6.740 27.586
111 8 2 7.450 29.216 6.681 27.427
112 8 2 7.596 29.170 6.622 27.326
113 8 2 7.478 28.925 6.738 27.281
114 8 2 7.536 28.953 6.738 27.165
115 8 2 7.418 28.737 6.738 27.238
116 8 2 7.507 28.852 6.708 27.006
117 8 2 7.549 28.648 6.664 27.035
118 8 2 7.549 28.604 6.780 26.816
119 8 2 7.475 28.417 6.736 26.860
120 8 2 7.548 28.430 6.866 26.669
121 8 2 7.577 28.386 6.808 26.598
122 8 2 7.518 28.271 6.836 26.452
123 8 2 7.561 28.139 6.734 26.526
124 8 2 7.517 28.038 6.748 26.424
125 8 2 7.472 27.850 6.734 26.410
126 8 2 7.617 27.819 6.790 26.119
127 8 2 7.646 27.717 6.761 26.192
128 8 2 7.601 27.515 6.746 26.047
129 8 2 7.601 27.457 6.803 25.843
130 8 2 7.629 27.369 6.919 25.725
131 8 2 7.644 27.282 6.875 25.668
132 8 2 7.745 27.237 6.889 25.595
133 8 2 7.716 27.135 6.888 25.348
134 8 2 7.788 27.105 6.903 25.377
135 8 2 7.875 26.901 6.931 25.174
136 8 2 7.787 26.786 6.959 25.057
137 8 2 7.742 26.671 7.091 25.026
138 8 2 7.859 26.625 6.944 24.985
139 8 2 7.872 26.466 7.074 24.736
140 8 2 7.857 26.306 7.088 24.635
141 8 2 7.856 26.263 7.088 24.533
142 8 2 7.870 26.117 7.073 24.475
143 8 2 7.914 26.088 7.174 24.358
144 8 2 7.956 25.884 7.043 24.360
145 8 2 7.970 25.782 7.173 24.053
146 8 2 8.028 25.665 7.202 24.082
147 8 2 7.955 25.652 7.070 23.895
148 8 2 7.998 25.448 7.288 23.863
149 8 2 8.084 25.244 7.199 23.632
150 8 2 7.997 25.318 7.374 23.557
151 8 2 8.084 25.200 7.432 23.498
152 8 2 8.272 24.995 7.358 23.354
153 8 2 8.111 24.953 7.255 23.109
154 8 2 8.213 24.807 7.415 23.107
155 8 2 8.198 24.764 7.429 22.976
156 8 2 8.168 24.605 7.400 23.020
157 8 2 8.226 24.546 7.400 22.991
158 8 2 8.181 24.416 7.326 22.775
159 8 2 8.136 24.243 7.428 22.744
160 8 2 8.151 24.228 7.499 22.555
161 8 2 8.164 23.952 7.543 22.598
162 8 2 8.222 23.995 7.512 22.265
163 8 2 8.266 23.893 7.439 22.164
164 8 2 8.250 23.719 7.511 22.047
165 8 2 8.177 23.647 7.525 21.946
166 8 2 8.176 23.619 7.524 21.772
167 8 2 8.278 23.501 7.626 21.771
168 8 2 8.306 23.341 7.596 21.583
169 8 2 8.277 23.284 7.537 21.554
170 8 2 8.188 23.053 7.567 21.554
171 8 2 8.319 23.037 7.580 21.278
172 8 2 8.275 22.965 7.536 21.235
173 8 2 8.347 22.891 7.696 21.161
174 8 2 8.303 22.820 7.593 21.003
175 8 2 8.346 22.631 7.608 21.075
176 8 2 8.360 22.572 7.650 20.843
177 8 2 8.359 22.355 7.650 20.770
178 8 2 8.373 22.340 7.634 20.611
179 8 2 8.446 22.281 7.794 20.464
180 8 2 8.503 22.136 7.823 20.435
181 8 2 8.502 21.991 7.735 20.436
182 8 2 8.530 21.831 7.822 20.305
183 8 2 8.515 21.744 7.778 20.247
184 8 2 8.602 21.598 7.777 20.044
185 8 2 8.602 21.555 7.689 20.031
186 8 2 8.601 21.497 7.921 19.883
187 8 2 8.558 21.541 7.819 19.870
188 8 2 8.673 21.366 7.847 19.696
189 8 2 8.687 21.221 7.890 19.579
190 8 2 8.701 21.104 7.992 19.462
191 8 2 8.628 21.091 8.006 19.361
192 8 2 8.772 20.901 7.802 19.378
193 8 2 8.700 20.902 7.933 19.405
194 8 2 8.627 20.874 7.917 19.174
195 8 2 8.801 20.756 7.976 19.173
196 8 2 8.713 20.641 8.003 18.883
197 8 2 8.828 20.466 8.032 18.911
198 8 2 8.828 20.451 7.944 18.724
199 8 2 8.784 20.307 7.987 18.608
200 8 2 8.928 20.146 8.073 18.361
201 8 2 8.797 20.162 8.088 18.549
202 8 2 8.928 20.059 8.131 18.418
203 8 2 8.927 20.001 8.132 18.447
204 8 2 9.043 19.869 8.043 18.173
205 8 2 8.955 19.783 8.101 18.172
206 8 2 9.071 19.724 8.246 18.084
207 8 2 9.042 19.623 8.157 17.868
208 8 2 9.012 19.522 8.187 17.882
209 8 2 9.084 19.478 8.259 17.751
210 8 2 9.084 19.420 8.316 17.634
211 8 2 9.142 19.332 8.316 17.634
212 8 2 9.185 19.187 8.359 17.547
213 8 2 9.184 19.158 8.359 17.518
214 8 2 9.184 19.013 8.358 17.344
215 8 2 9.256 18.926 8.343 17.228
216 8 2 9.241 18.868 8.445 17.169
217 8 2 9.313 18.751 8.488 17.053
218 8 2 9.371 18.649 8.487 16.981
219 8 2 9.341 18.577 8.545 16.908
220 8 2 9.355 18.476 8.588 16.806
221 8 2 9.355 18.447 8.530 16.807
222 8 2 9.427 18.316 8.601 16.589
223 8 2 9.528 18.271 8.557 16.546
224 8 2 9.412 18.200 8.586 16.531
225 8 2 9.411 18.113 8.586 16.473
226 8 2 9.513 18.098 8.687 16.284
227 8 2 9.541 17.982 8.687 16.284
228 8 2 9.526 17.837 8.759 16.168
229 8 2 9.511 17.837 8.657 16.227
230 8 2 9.627 17.792 8.714 15.951
231 8 2 9.597 17.605 8.772 15.965
232 8 2 9.641 17.604 8.786 15.820
233 8 2 9.684 17.503 8.887 15.747
234 8 2 9.683 17.430 8.887 15.732
235 8 2 9.712 17.343 8.858 15.675
236 8 2 9.741 17.285 8.945 15.558
237 8 2 9.843 17.269 8.988 15.456
238 8 2 9.856 17.052 8.972 15.355
239 8 2 9.855 16.936 8.914 15.385
240 8 2 9.899 17.037 8.986 15.225
241 8 2 9.884 16.849 9.030 15.181
242 8 2 9.898 16.835 9.073 15.108
243 8 2 9.955 16.689 9.101 14.963
244 8 2 9.955 16.617 9.101 14.949
245 8 2 10.027 16.587 9.144 14.920
246 8 2 10.056 16.515 9.202 14.818
247 8 2 10.100 16.485 9.128 14.645
248 8 2 10.186 16.369 9.216 14.673
249 8 2 10.156 16.253 9.303 14.672
250 8 2 10.199 16.152 9.316 14.484
251 8 2 10.228 16.108 9.346 14.527
252 8 2 10.242 15.949 9.446 14.280
253 8 2 10.358 15.890 9.418 14.367
254 8 2 10.416 15.860 9.446 14.222
255 8 2 10.371 15.702 9.431 14.121
256 8 2 10.545 15.671 9.547 14.120
257 8 2 10.501 15.527 9.648 13.946
258 8 2 10.588 15.497 9.619 13.946
259 8 2 10.602 15.410 9.661 13.772
260 8 2 10.645 15.294 9.705 13.858
261 8 2 10.746 15.206 9.748 13.714
262 8 2 10.731 15.192 9.762 13.641
263 8 2 10.803 15.047 9.834 13.554
264 8 2 10.832 14.960 9.863 13.467
265 8 2 11.020 14.885 9.935 13.394
266 8 2 10.991 14.813 9.964 13.263
267 8 2 11.005 14.727 10.035 13.089
268 8 2 11.048 14.625 10.108 13.074
269 8 2 11.192 14.537 10.137 13.074
270 8 2 11.207 14.493 10.151 12.973
271 8 2 11.337 14.463 10.252 12.885
272 8 2 11.336 14.232 10.251 12.769
273 8 2 11.321 14.261 10.353 12.826
274 8 2 11.524 14.129 10.410 12.609
275 8 2 11.610 13.998 10.526 12.565
276 8 2 11.610 13.926 10.468 12.493
277 8 2 11.653 13.868 10.569 12.463
278 8 2 11.682 13.839 10.598 12.405
279 8 2 11.768 13.650 10.655 12.303
280 8 2 11.883 13.591 10.742 12.158
281 8 2 11.839 13.490 10.844 12.200
282 8 2 11.940 13.403 10.828 12.056
283 8 2 11.983 13.316 10.901 12.027
284 8 2 12.055 13.243 10.914 11.897
285 8 2 12.156 13.141 11.016 11.852
286 8 2 12.214 13.140 11.103 11.794
287 8 2 12.272 13.067 11.131 11.692
288 8 2 12.416 12.922 11.246 11.576
289 8 2 12.489 12.979 11.232 11.576
290 8 2 12.488 12.878 11.318 11.416
291 8 2 12.618 12.747 11.391 11.459
292 8 2 12.632 12.631 11.463 11.314
293 8 2 12.675 12.587 11.535 11.328
294 8 2 12.820 12.514 11.593 11.255
295 8 2 12.892 12.499 11.607 11.241
296 8 2 13.065 12.381 11.636 11.154
297 8 2 13.079 12.252 11.708 11.139
298 8 2 13.166 12.164 11.824 11.109
299 8 2 13.326 12.249 11.867 10.935
300 8 2 13.354 12.119 11.895 10.892
301 8 2 13.397 12.075 11.938 10.819
302 8 2 13.498 11.988 12.098 10.760
303 8 2 13.468 11.844 12.185 10.817
304 8 2 13.569 11.843 12.228 10.730
305 8 2 13.714 11.755 12.286 10.643
306 8 2 13.888 11.725 12.314 10.614
307 8 2 13.800 11.639 12.401 10.584
308 8 2 13.988 11.608 12.531 10.525
309 8 2 14.104 11.593 12.531 10.482
310 8 2 13.944 11.508 12.545 10.424
311 8 2 14.117 11.420 12.661 10.337
312 8 2 14.305 11.389 12.762 10.278
313 8 2 14.262 11.361 12.834 10.249
314 8 2 14.262 11.332 12.949 10.103
315 8 2 14.406 11.244 12.949 10.132
316 8 2 14.449 11.229 13.021 10.060
317 8 2 14.564 11.055 13.166 10.001
318 8 2 14.564 11.113 13.165 9.885
319 8 2 14.636 11.011 13.266 9.841
320 8 2 14.738 11.054 13.280 9.740
321 8 2 14.780 10.938 13.381 9.682
322 8 2 14.824 10.938 13.396 9.682
323 8 2 14.968 10.879 13.540 9.565
324 8 2 15.084 10.820 13.627 9.564
325 8 2 15.010 10.691 13.699 9.520
326 8 2 15.111 10.618 13.655 9.449
327 8 2 15.183 10.560 13.815 9.447
328 8 2 15.284 10.544 13.857 9.346
329 8 2 15.371 10.500 13.944 9.331
330 8 2 15.399 10.356 14.002 9.273
331 8 2 15.500 10.384 14.132 9.272
332 8 2 15.515 10.370 14.088 9.171
333 8 2 15.659 10.311 14.175 9.171
334 8 2 15.760 10.295 14.218 9.185
335 8 2 15.817 10.194 14.305 9.112
336 8 2 16.019 10.048 14.421 9.082
337 8 2 15.990 10.005 14.478 9.067
338 8 2 16.192 9.932 14.593 8.965
339 8 2 16.134 9.932 14.594 8.994
340 8 2 16.163 9.889 14.709 8.950
341 8 2 16.422 9.829 14.795 8.863
342 8 2 16.451 9.785 14.824 8.819
343 8 2 16.494 9.727 14.809 8.791
344 8 2 16.566 9.698 14.998 8.847
345 8 2 16.695 9.596 15.070 8.803
346 8 2 16.767 9.495 15.085 8.817
347 8 2 16.797 9.595 15.257 8.686
348 8 2 16.868 9.523 15.099 8.760
349 8 2 16.984 9.493 15.330 8.758
350 8 2 17.128 9.477 15.329 8.599
351 8 2 17.143 9.535 15.518 8.684
352 8 2 17.200 9.448 15.604 8.626
353 8 2 17.403 9.461 15.605 8.669
354 8 2 17.460 9.359 15.691 8.596
355 8 2 17.561 9.387 15.793 8.653
356 8 2 17.589 9.229 15.822 8.667
357 8 2 17.517 9.229 15.836 8.667
358 8 2 17.892 9.226 15.691 8.668
359 8 2 17.806 9.356 15.980 8.565
360 8 2 17.993 9.225 16.198 8.664
361 8 2 17.907 9.255 16.140 8.665
362 8 2 18.123 9.224 16.183 8.636
363 8 2 18.181 9.253 16.299 8.664
364 8 2 18.210 9.310 16.646 8.661
365 8 2 18.327 9.410 16.616 8.618
366 8 2 18.456 9.337 16.776 8.660
367 8 2 18.442 9.380 16.819 8.645
368 8 2 18.557 9.307 16.877 8.688
369 8 2 18.615 9.393 16.877 8.688
370 8 2 18.731 9.421 17.079 8.657
371 8 2 18.687 9.363 17.094 8.715
372 8 2 18.774 9.406 17.325 8.670
373 8 2 18.876 9.520 17.340 8.727
374 8 2 19.034 9.461 17.440 8.669
375 8 2 18.962 9.476 17.513 8.711
376 8 2 19.078 9.504 17.658 8.796
377 8 2 19.252 9.589 17.427 8.798
378 8 2 19.295 9.589 17.730 8.796
379 8 2 19.526 9.615 17.731 8.853
380 8 2 19.526 9.673 17.789 8.882
381 8 2 19.685 9.643 18.034 8.880
382 8 2 19.757 9.700 18.251 8.878
383 8 2 19.916 9.741 18.294 8.892
384 8 2 19.917 9.813 18.583 8.962
385 8 2 20.090 9.898 18.468 8.963
386 8 2 20.148 9.912 18.353 9.007
387 8 2 20.206 9.897 18.641 8.990
388 8 2 20.336 9.954 18.772 9.104
389 8 2 20.379 9.953 18.930 9.045
390 8 2 20.466 10.039 19.046 9.073
391 8 2 20.625 10.037 19.118 9.072
392 8 2 20.726 10.051 19.046 9.145
393 8 2 20.727 10.195 19.421 9.142
394 8 2 20.841 10.122 19.393 9.185
395 8 2 21.115 10.119 19.408 9.271
396 8 2 21.014 10.120 19.566 9.241
397 8 2 21.202 10.234 19.523 9.299
398 8 2 21.289 10.276 19.841 9.311
399 8 2 21.390 10.275 19.827 9.368
400 8 2 21.447 10.231 19.885 9.440
401 8 2 21.462 10.303 19.928 9.396
402 8 2 21.607 10.345 20.131 9.495
403 8 2 21.765 10.315 20.030 9.496
404 8 2 21.909 10.314 20.117 9.553
405 8 2 21.881 10.515 20.232 9.523
406 8 2 21.953 10.428 20.506 9.578
407 8 2 22.227 10.469 20.579 9.650
408 8 2 22.140 10.484 20.579 9.664
409 8 2 22.270 10.540 20.737 9.663
410 8 2 22.414 10.525 20.795 9.763
411 8 2 22.371 10.525 20.868 9.791
412 8 2 22.517 10.768 20.955 9.833
413 8 2 22.588 10.667 21.113 9.846
414 8 2 22.660 10.695 21.243 9.845
415 8 2 22.761 10.723 21.229 9.874
416 8 2 22.906 10.894 21.229 9.903
417 8 2 22.949 10.793 21.446 10.030
418 8 2 22.965 10.994 21.547 10.058
419 8 2 23.050 10.893 21.662 10.043
420 8 2 23.123 11.007 21.763 10.071
421 8 2 23.253 11.078 21.778 10.114
422 8 2 23.354 11.077 21.793 10.228
423 8 2 23.412 11.191 21.936 10.170
424 8 2 23.398 11.249 22.067 10.312
425 8 2 23.542 11.276 22.038 10.341
426 8 2 23.643 11.347 22.140 10.412
427 8 2 23.673 11.476 22.226 10.368
428 8 2 23.658 11.419 22.240 10.397
429 8 2 23.889 11.546 22.298 10.440
430 8 2 23.788 11.518 22.400 10.554
431 8 2 23.933 11.660 22.515 10.581
432 8 2 24.019 11.631 22.516 10.639
433 8 2 24.063 11.745 22.702 10.551
434 8 2 24.078 11.774 22.746 10.666
435 8 2 24.207 11.773 22.704 10.752
436 8 2 24.395 11.915 22.949 10.807
437 8 2 24.338 11.901 22.978 10.879
438 8 2 24.452 11.871 23.122 10.878
439 8 2 24.583 11.970 23.194 10.949
440 8 2 24.539 11.928 23.152 10.992
441 8 2 24.714 12.184 23.152 11.050
442 8 2 24.684 12.084 23.325 11.063
443 8 2 24.857 12.126 23.354 11.077
444 8 2 24.815 12.327 23.368 11.134
445 8 2 25.088 12.238 23.384 11.278
446 8 2 25.003 12.397 23.557 11.290
447 8 2 25.174 12.295 23.874 11.388
448 8 2 25.103 12.382 23.860 11.446
449 8 2 25.305 12.437 23.946 11.502
450 8 2 25.305 12.495 24.003 11.416
451 8 2 25.449 12.536 24.148 11.486
452 8 2 25.464 12.551 24.134 11.529
453 8 2 25.463 12.536 24.019 11.602
454 8 2 25.709 12.678 24.292 11.628
455 8 2 25.767 12.777 24.351 11.728
456 8 2 25.781 12.734 24.451 11.713
457 8 2 25.882 12.791 24.466 11.799
458 8 2 25.983 12.833 24.567 11.870
459 8 2 26.040 12.789 24.452 11.828
460 8 2 26.141 12.903 24.697 11.940
461 8 2 26.213 12.917 24.827 11.982
462 8 2 26.300 12.973 24.856 12.011
463 8 2 26.486 12.900 24.986 12.081
464 8 2 26.487 13.058 24.957 12.067
465 8 2 26.601 13.013 24.957 12.082
466 8 2 26.616 13.028 25.173 12.094
467 8 2 26.616 13.056 25.288 12.179
468 8 2 26.760 13.141 25.316 12.121
469 8 2 26.875 13.111 25.259 12.179
470 8 2 27.118 13.066 25.504 12.249
471 8 2 27.119 13.123 25.648 12.219
472 8 2 27.334 13.092 25.432 12.249
473 8 2 27.205 13.180 25.619 12.248
474 8 2 27.320 13.135 25.677 12.290
475 8 2 27.463 13.077 25.792 12.318
476 8 2 27.563 13.119 25.922 12.388
477 8 2 27.564 13.176 26.123 12.386
478 8 2 27.635 13.104 26.166 12.400
479 8 2 27.663 13.103 26.252 12.400
480 8 2 27.821 13.073 26.180 12.429
481 8 2 27.807 13.174 26.252 12.356
482 8 2 28.008 13.200 26.367 12.413
483 8 2 28.094 13.099 26.280 12.342
484 8 2 28.165 13.098 26.783 12.452
485 8 2 28.223 13.112 26.697 12.381
486 8 2 28.380 13.068 26.511 12.454
487 8 2 28.538 13.095 26.582 12.454
488 8 2 28.538 13.138 26.726 12.438
489 8 2 28.581 13.109 26.797 12.380
490 8 2 28.652 13.094 26.869 12.422
491 8 2 28.710 13.150 26.956 12.479
492 8 2 28.767 13.121 27.042 12.478
493 8 2 28.924 13.091 27.084 12.449
494 8 2 29.011 13.119 27.199 12.448
495 8 2 29.039 13.032 27.371 12.418
496 8 2 29.097 13.132 27.370 12.346
497 8 2 29.226 13.160 27.328 12.404
498 8 2 29.282 13.087 27.500 12.416
499 8 2 29.354 13.087 27.686 12.414
500 8 2 29.512 13.142 27.730 12.443
501 8 2 29.541 13.142 27.873 12.441
502 8 2 29.612 13.113 28.031 12.440
503 8 2 29.741 13.126 28.187 12.309
504 8 2 29.784 13.097 28.002 12.397
505 8 2 29.941 13.081 28.188 12.381
506 8 2 29.826 13.082 28.245 12.380
507 8 2 29.969 13.052 28.217 12.409
508 8 2 30.055 13.080 28.417 12.321
509 8 2 30.084 13.123 28.417 12.393
510 8 2 30.241 13.049 28.431 12.293
511 8 2 30.270 13.035 28.488 12.278
512 8 2 30.369 12.991 28.589 12.320
513 8 2 30.384 13.062 28.774 12.275
514 8 2 30.456 13.105 28.789 12.261
515 8 2 30.485 13.090 28.731 12.247
516 8 2 30.570 13.003 28.874 12.245
517 8 2 30.627 13.017 29.074 12.143
518 8 2 30.770 13.015 29.016 12.115
519 8 2 30.784 12.958 29.146 12.142
520 8 2 30.941 12.971 29.188 12.042
521 8 2 30.999 12.985 29.216 11.970
522 8 2 31.041 12.869 29.430 11.939
523 8 2 31.041 12.927 29.430 11.968
524 8 2 31.069 12.841 29.458 11.824
525 8 2 31.184 12.897 29.658 11.794
526 8 2 31.198 12.854 29.758 11.778
527 8 2 31.255 12.896 29.786 11.706
528 8 2 31.398 12.823 29.815 11.749
529 8 2 31.369 12.809 29.986 11.647
530 8 2 31.397 12.737 30.014 11.547
531 8 2 31.539 12.621 30.099 11.546
532 8 2 31.596 12.592 30.241 11.401
533 8 2 31.625 12.692 30.212 11.330
534 8 2 31.566 12.449 30.326 11.229
535 8 2 31.653 12.563 30.383 11.257
536 8 2 31.737 12.447 30.353 11.085
537 8 2 31.736 12.347 30.438 10.984
538 8 2 31.737 12.361 30.494 10.912
539 8 2 31.751 12.361 30.594 10.825
540 8 2 31.794 12.432 30.579 10.811
541 8 2 31.750 12.218 30.679 10.767
542 8 2 31.792 12.189 30.663 10.567
543 8 2 31.749 12.132 30.905 10.479
544 8 2 31.806 12.132 30.791 10.508
545 8 2 31.791 12.031 30.918 10.321
546 8 2 31.804 11.902 30.904 10.307
547 8 2 31.803 11.817 30.903 10.249
548 8 2 31.732 11.860 30.974 10.149
549 8 2 31.818 11.831 30.973 10.091
550 8 2 31.716 11.688 30.987 10.005
551 8 2 31.745 11.674 30.958 9.963
552 8 2 31.745 11.674 30.958 9.905
553 8 2 31.844 11.587 31.057 9.876
554 8 2 31.701 11.588 30.942 9.791
555 8 2 31.714 11.416 30.985 9.733
556 8 2 31.728 11.359 31.027 9.647
557 8 2 31.700 11.417 30.999 9.705
558 8 2 31.656 11.288 30.955 9.633
559 8 2 31.627 11.317 31.012 9.547
560 8 2 31.670 11.245 30.968 9.504
561 8 2 31.612 11.174 30.825 9.405
562 8 2 31.683 11.116 30.725 9.492
563 8 2 31.511 11.032 30.782 9.492
564 8 2 31.611 11.031 30.825 9.491
565 8 2 31.524 10.974 30.681 9.349
566 8 2 31.539 10.974 30.752 9.320
567 8 2 31.553 11.017 30.595 9.336
568 8 2 31.466 10.875 30.538 9.279
569 8 2 31.567 10.917 30.695 9.349
570 8 2 31.466 10.789 30.538 9.336
571 8 2 31.437 10.803 30.366 9.295
572 8 2 31.393 10.617 30.265 9.224
573 8 2 31.479 10.660 30.380 9.266
574 8 2 31.422 10.746 30.151 9.239
575 8 2 31.435 10.588 30.223 9.253
576 8 2 31.406 10.574 30.137 9.268
577 8 2 31.378 10.575 30.223 9.239
578 8 2 31.377 10.517 30.222 9.124
579 8 2 31.349 10.489 30.050 9.183
580 8 2 31.378 10.532 29.936 9.169
581 8 2 31.349 10.532 29.850 9.170
582 8 2 31.291 10.418 29.907 9.170
90 9 2 11.107 31.187 10.281 29.576
91 9 2 11.194 31.113 10.309 29.387
92 9 2 11.178 30.983 10.412 29.429
93 9 2 11.077 31.028 10.426 29.356
94 9 2 11.120 30.926 10.381 29.197
95 9 2 11.104 30.752 10.337 29.169
96 9 2 11.118 30.694 10.381 29.110
97 9 2 11.162 30.606 10.365 28.966
98 9 2 11.132 30.534 10.306 28.836
99 9 2 11.073 30.405 10.306 28.850
100 9 2 11.087 30.274 10.349 28.661
101 9 2 11.116 30.259 10.494 28.557
102 9 2 11.158 30.040 10.420 28.486
103 9 2 11.143 29.983 10.348 28.487
104 9 2 11.114 29.983 10.463 28.369
105 9 2 11.084 29.839 10.491 28.195
106 9 2 11.098 29.679 10.331 28.154
107 9 2 11.068 29.636 10.360 28.052
108 9 2 11.097 29.592 10.475 27.920
109 9 2 11.081 29.418 10.431 27.804
110 9 2 11.066 29.259 10.388 27.878
111 9 2 11.066 29.230 10.416 27.761
112 9 2 11.079 29.099 10.430 27.630
113 9 2 11.123 29.040 10.299 27.603
114 9 2 11.137 28.968 10.400 27.500
115 9 2 11.093 28.881 10.471 27.296
116 9 2 11.092 28.765 10.385 27.385
117 9 2 11.164 28.692 10.398 27.138
118 9 2 11.120 28.562 10.411 26.891
119 9 2 11.076 28.505 10.281 27.154
120 9 2 11.090 28.417 10.382 26.892
121 9 2 11.162 28.271 10.250 26.865
122 9 2 11.161 28.170 10.336 26.617
123 9 2 11.073 28.070 10.336 26.602
124 9 2 11.145 27.967 10.407 26.326
125 9 2 11.188 27.851 10.422 26.326
126 9 2 11.187 27.749 10.363 26.225
127 9 2 11.114 27.649 10.406 26.181
128 9 2 11.143 27.648 10.347 26.008
129 9 2 11.171 27.401 10.376 26.022
130 9 2 11.184 27.256 10.419 25.876
131 9 2 11.184 27.184 10.506 25.745
132 9 2 11.228 27.198 10.315 25.472
133 9 2 11.168 26.996 10.431 25.500
134 9 2 11.183 26.966 10.445 25.383
135 9 2 11.240 26.806 10.444 25.224
136 9 2 11.181 26.720 10.415 25.253
137 9 2 11.151 26.590 10.385 25.036
138 9 2 11.223 26.488 10.457 24.934
139 9 2 11.149 26.329 10.529 24.832
140 9 2 11.178 26.256 10.499 24.702
141 9 2 11.178 26.184 10.440 24.572
142 9 2 11.177 26.039 10.410 24.457
143 9 2 11.206 25.981 10.439 24.398
144 9 2 11.175 25.807 10.438 24.253
145 9 2 11.146 25.706 10.524 24.064
146 9 2 11.145 25.547 10.524 23.991
147 9 2 11.159 25.474 10.509 23.919
148 9 2 11.158 25.416 10.566 23.802
149 9 2 11.172 25.228 10.493 23.673
150 9 2 11.171 25.098 10.464 23.746
151 9 2 11.156 25.025 10.419 23.587
152 9 2 11.198 24.836 10.462 23.398
153 9 2 11.140 24.837 10.345 23.284
154 9 2 11.081 24.722 10.344 23.197
155 9 2 11.196 24.460 10.401 22.907
156 9 2 11.064 24.360 10.357 22.951
157 9 2 11.166 24.330 10.400 22.805
158 9 2 11.063 24.187 10.501 22.717
159 9 2 11.063 24.129 10.444 22.776
160 9 2 11.150 24.040 10.441 22.399
161 9 2 11.119 23.809 10.472 22.602
162 9 2 11.134 23.780 10.368 22.314
163 9 2 11.177 23.693 10.439 22.052
164 9 2 11.161 23.533 10.541 22.007
165 9 2 11.160 23.374 10.453 21.936
166 9 2 11.144 23.157 10.351 21.865
167 9 2 11.115 23.172 10.465 21.588
168 9 2 11.157 22.911 10.450 21.531
169 9 2 11.128 22.926 10.508 21.371
170 9 2 11.186 22.882 10.449 21.299
171 9 2 11.199 22.635 10.434 21.227
172 9 2 11.198 22.476 10.433 21.068
173 9 2 11.140 22.433 10.490 20.792
174 9 2 11.168 22.288 10.431 20.764
175 9 2 11.153 22.202 10.474 20.676
176 9 2 11.254 22.171 10.489 20.618
177 9 2 11.123 21.999 10.561 20.530
178 9 2 11.136 21.840 10.487 20.343
179 9 2 11.223 21.767 10.515 20.242
180 9 2 11.281 21.751 10.543 20.082
181 9 2 11.236 21.593 10.442 20.098
182 9 2 11.221 21.405 10.513 19.880
183 9 2 11.279 21.375 10.542 19.793
184 9 2 11.219 21.202 10.513 19.793
185 9 2 11.262 20.999 10.555 19.590
186 9 2 11.276 20.999 10.684 19.328
187 9 2 11.232 20.927 10.583 19.430
188 9 2 11.289 20.666 10.669 19.198
189 9 2 11.376 20.636 10.698 19.226
190 9 2 11.273 20.521 10.682 19.024
191 9 2 11.301 20.391 10.712 19.038
192 9 2 11.476 20.331 10.681 18.778
193 9 2 11.416 20.129 10.651 18.692
194 9 2 11.358 20.130 10.650 18.489
195 9 2 11.429 19.868 10.722 18.431
196 9 2 11.341 19.783 10.722 18.344
197 9 2 11.501 19.679 10.794 18.300
198 9 2 11.427 19.521 10.721 18.199
199 9 2 11.368 19.348 10.777 17.851
200 9 2 11.425 19.232 10.719 17.910
201 9 2 11.396 19.276 10.834 17.663
202 9 2 11.468 19.159 10.732 17.693
203 9 2 11.437 18.856 10.790 17.620
204 9 2 11.569 18.999 10.774 17.360
205 9 2 11.451 18.769 10.743 17.158
206 9 2 11.524 18.739 10.816 17.186
207 9 2 11.493 18.537 10.845 17.128
208 9 2 11.565 18.435 10.916 16.910
209 9 2 11.550 18.276 10.930 16.693
210 9 2 11.637 18.275 10.901 16.722
211 9 2 11.636 18.073 10.900 16.549
212 9 2 11.722 17.913 10.899 16.390
213 9 2 11.721 17.826 10.927 16.332
214 9 2 11.765 17.811 10.970 16.259
215 9 2 11.793 17.652 10.998 15.984
217 9 2 11.777 17.421 11.040 15.810
218 9 2 11.776 17.247 11.127 15.693
219 9 2 11.862 17.131 11.155 15.549
220 9 2 11.964 17.086 11.140 15.448
221 9 2 11.948 16.971 11.153 15.303
222 9 2 11.933 16.913 11.225 15.158
223 9 2 12.005 16.753 11.210 14.999
224 9 2 12.135 16.564 11.165 14.898
225 9 2 12.076 16.521 11.281 14.825
226 9 2 12.163 16.434 11.252 14.825
227 9 2 12.264 16.360 11.295 14.724
228 9 2 12.307 16.230 11.338 14.593
229 9 2 12.306 16.071 11.396 14.607
230 9 2 12.291 15.999 11.409 14.361
231 9 2 12.377 15.839 11.524 14.172
232 9 2 12.506 15.635 11.480 14.115
233 9 2 12.637 15.720 11.494 13.999
234 9 2 12.550 15.635 11.581 13.912
235 9 2 12.563 15.389 11.566 13.926
236 9 2 12.678 15.272 11.624 13.839
237 9 2 12.721 15.257 11.811 13.621
238 9 2 12.837 15.213 11.695 13.578
239 9 2 12.923 14.967 11.810 13.534
240 9 2 12.965 14.807 11.824 13.346
241 9 2 13.009 14.879 12.041 13.243
242 9 2 12.950 14.677 11.983 13.272
243 9 2 13.036 14.604 12.040 13.142
244 9 2 13.137 14.488 12.083 13.055
245 9 2 13.252 14.328 12.315 13.009
246 9 2 13.180 14.357 12.183 12.837
247 9 2 13.338 14.183 12.313 12.749
248 9 2 13.352 14.110 12.356 12.590
249 9 2 13.395 14.023 12.312 12.504
250 9 2 13.438 13.893 12.472 12.546
251 9 2 13.582 13.791 12.471 12.358
252 9 2 13.639 13.559 12.586 12.299
253 9 2 13.711 13.529 12.687 12.183
254 9 2 13.797 13.413 12.744 12.038
255 9 2 13.941 13.282 12.860 11.936
256 9 2 13.912 13.268 12.888 11.893
257 9 2 13.955 13.152 12.989 11.834
258 9 2 14.157 12.977 13.076 11.718
259 9 2 14.186 13.005 13.047 11.689
260 9 2 14.286 12.860 13.205 11.572
261 9 2 14.315 12.846 13.176 11.529
262 9 2 14.487 12.613 13.349 11.355
263 9 2 14.589 12.598 13.363 11.311
264 9 2 14.661 12.511 13.436 11.311
265 9 2 14.776 12.380 13.551 11.209
266 9 2 14.775 12.365 13.637 11.107
267 9 2 14.905 12.191 13.622 11.078
268 9 2 14.948 12.104 13.781 10.961
269 9 2 15.063 12.074 13.809 10.846
270 9 2 15.135 12.001 13.882 10.831
271 9 2 15.308 11.856 13.997 10.772
272 9 2 15.380 11.768 14.127 10.656
273 9 2 15.481 11.753 14.228 10.554
274 9 2 15.538 11.623 14.286 10.568
275 9 2 15.624 11.507 14.459 10.537
276 9 2 15.783 11.462 14.415 10.379
277 9 2 15.927 11.403 14.559 10.349
278 9 2 15.969 11.230 14.631 10.233
279 9 2 16.100 11.258 14.732 10.175
280 9 2 16.186 11.185 14.847 10.130
281 9 2 16.243 11.127 14.847 10.044
282 9 2 16.373 10.996 15.064 9.999
283 9 2 16.416 11.010 15.078 9.955
284 9 2 16.545 10.836 15.294 9.781
285 9 2 16.690 10.820 15.178 9.767
286 9 2 16.775 10.589 15.409 9.679
287 9 2 16.876 10.646 15.394 9.593
288 9 2 16.905 10.573 15.481 9.635
289 9 2 17.048 10.471 15.769 9.474
290 9 2 17.135 10.442 15.682 9.446
291 9 2 17.265 10.369 16.043 9.342
292 9 2 17.495 10.251 16.014 9.343
293 9 2 17.596 10.236 16.057 9.270
294 9 2 17.624 10.164 16.231 9.283
295 9 2 17.797 10.134 16.259 9.168
296 9 2 17.913 10.118 16.432 9.066
297 9 2 18.027 9.945 16.576 9.093
298 9 2 18.200 9.828 16.460 9.037
299 9 2 18.243 9.856 16.793 9.005
300 9 2 18.388 9.855 16.850 8.976
301 9 2 18.532 9.825 16.850 8.918
302 9 2 18.660 9.623 16.864 8.832
303 9 2 18.689 9.680 17.066 8.830
304 9 2 18.891 9.592 17.124 8.830
305 9 2 19.035 9.533 17.384 8.827
306 9 2 19.207 9.474 17.355 8.799
307 9 2 19.294 9.445 17.614 8.739
308 9 2 19.322 9.387 17.701 8.767
309 9 2 19.452 9.386 17.802 8.680
310 9 2 19.653 9.327 17.917 8.650
311 9 2 19.682 9.298 17.888 8.679
312 9 2 19.826 9.268 18.234 8.562
313 9 2 19.841 9.268 18.307 8.647
314 9 2 20.114 9.208 18.437 8.646
315 9 2 20.215 9.207 18.624 8.587
316 9 2 20.445 9.148 18.653 8.587
317 9 2 20.604 9.204 18.782 8.528
318 9 2 20.603 9.132 18.696 8.544
319 9 2 20.776 9.130 19.013 8.483
320 9 2 20.862 9.072 19.128 8.511
321 9 2 20.963 9.071 19.258 8.510
322 9 2 21.122 9.156 19.474 8.509
323 9 2 21.194 9.098 19.575 8.479
324 9 2 21.381 9.097 19.647 8.421
325 9 2 21.510 9.038 19.604 8.450
326 9 2 21.626 9.052 19.979 8.461
327 9 2 21.885 9.049 20.065 8.403
328 9 2 21.914 9.049 20.266 8.373
329 9 2 22.000 9.005 20.440 8.472
330 9 2 22.086 9.019 20.469 8.429
331 9 2 22.216 9.018 20.627 8.456
332 9 2 22.360 9.046 20.800 8.426
333 9 2 22.432 9.059 20.901 8.468
334 9 2 22.489 9.059 20.988 8.496
335 9 2 22.749 9.114 20.988 8.468
336 9 2 22.749 9.200 21.189 8.495
337 9 2 23.051 9.112 21.434 8.493
338 9 2 23.051 9.155 21.434 8.507
339 9 2 23.166 9.183 21.636 8.534
340 9 2 23.267 9.139 21.649 8.347
341 9 2 23.411 9.166 21.852 8.489
342 9 2 23.511 9.194 21.837 8.490
343 9 2 23.756 9.178 22.054 8.560
344 9 2 23.914 9.176 22.097 8.531
345 9 2 23.871 9.220 22.226 8.486
346 9 2 24.115 9.175 22.471 8.556
347 9 2 24.230 9.231 22.413 8.557
348 9 2 24.259 9.260 22.701 8.497
349 9 2 24.417 9.201 22.630 8.613
350 9 2 24.475 9.301 22.946 8.596
351 9 2 24.720 9.371 23.162 8.666
352 9 2 24.691 9.285 23.076 8.609
353 9 2 24.891 9.254 23.277 8.607
354 9 2 24.993 9.368 23.378 8.693
355 9 2 25.036 9.397 23.450 8.635
356 9 2 25.251 9.309 23.522 8.634
357 9 2 25.438 9.365 23.623 8.719
358 9 2 25.510 9.364 23.896 8.717
359 9 2 25.510 9.393 23.838 8.660
360 9 2 25.725 9.348 23.881 8.703
361 9 2 25.783 9.433 24.112 8.730
362 9 2 26.026 9.345 24.126 8.730
363 9 2 26.027 9.431 24.355 8.584
364 9 2 26.271 9.472 24.513 8.683
365 9 2 26.228 9.415 24.471 8.741
366 9 2 26.443 9.457 24.685 8.639
367 9 2 26.515 9.413 24.844 8.652
368 9 2 26.558 9.513 24.973 8.637
369 9 2 26.701 9.383 25.059 8.622
370 9 2 26.845 9.482 25.174 8.664
371 9 2 26.816 9.482 25.203 8.692
372 9 2 27.074 9.437 25.146 8.736
373 9 2 27.175 9.508 25.332 8.691
374 9 2 27.289 9.449 25.504 8.661
375 9 2 27.462 9.505 25.619 8.631
376 9 2 27.604 9.432 25.792 8.759
377 9 2 27.590 9.461 25.806 8.702
378 9 2 27.676 9.403 26.006 8.614
379 9 2 27.892 9.502 26.079 8.714
380 9 2 27.905 9.444 26.236 8.655
381 9 2 28.020 9.443 26.265 8.655
382 9 2 28.005 9.400 26.365 8.611
383 9 2 28.192 9.470 26.580 8.595
384 9 2 28.263 9.413 26.651 8.594
385 9 2 28.449 9.397 26.723 8.608
386 9 2 28.377 9.354 26.766 8.565
387 9 2 28.592 9.324 26.866 8.593
388 9 2 28.664 9.409 27.081 8.534
389 9 2 28.721 9.366 27.166 8.433
390 9 2 28.950 9.321 27.281 8.475
391 9 2 29.207 9.233 27.481 8.416
392 9 2 29.050 9.334 27.438 8.402
393 9 2 29.307 9.261 27.467 8.387
394 9 2 29.364 9.203 27.610 8.357
395 9 2 29.407 9.202 27.681 8.357
396 9 2 29.550 9.158 27.767 8.256
397 9 2 29.578 9.158 28.082 8.253
398 9 2 29.707 9.157 28.096 8.282
399 9 2 29.936 9.126 28.181 8.167
400 9 2 29.978 9.069 28.310 8.137
401 9 2 29.978 9.083 28.453 8.093
402 9 2 30.135 9.010 28.552 7.992
403 9 2 30.163 9.010 28.552 8.020
404 9 2 30.378 9.037 28.738 7.990
405 9 2 30.420 8.908 28.752 7.919
406 9 2 30.421 9.008 28.894 7.817
407 9 2 30.562 8.792 28.952 7.831
408 9 2 30.677 8.820 29.065 7.744
409 9 2 30.776 8.804 29.136 7.643
410 9 2 30.833 8.775 29.279 7.642
411 9 2 30.833 8.718 29.423 7.699
412 9 2 30.919 8.703 29.393 7.627
413 9 2 30.960 8.588 29.578 7.511
414 9 2 31.103 8.559 29.693 7.482
415 9 2 31.203 8.500 29.678 7.425
416 9 2 31.260 8.586 29.819 7.252
417 9 2 31.359 8.456 29.863 7.294
418 9 2 31.387 8.370 29.948 7.265
419 9 2 31.545 8.426 29.990 7.179
420 9 2 31.544 8.326 30.104 7.135
421 9 2 31.800 8.167 30.017 7.007
422 9 2 31.671 8.168 30.289 7.033
423 9 2 31.842 8.123 30.260 6.962
424 9 2 31.871 8.123 30.260 6.962
425 9 2 31.941 7.994 30.303 6.919
426 9 2 32.041 7.964 30.688 6.887
427 9 2 32.154 7.835 30.544 6.702
428 9 2 32.154 7.835 30.544 6.674
429 9 2 32.310 7.805 30.615 6.702
430 9 2 32.409 7.704 30.801 6.658
431 9 2 32.438 7.675 30.829 6.600
432 9 2 32.508 7.603 30.843 6.586
433 9 2 32.580 7.574 30.971 6.556
434 9 2 32.722 7.559 30.999 6.427
435 9 2 32.749 7.430 30.969 6.356
436 9 2 32.878 7.486 31.413 6.439
437 9 2 32.948 7.300 31.341 6.368
438 9 2 33.034 7.313 31.112 6.298
439 9 2 33.191 7.326 31.441 6.367
440 9 2 33.262 7.283 31.427 6.353
441 9 2 33.389 7.139 31.726 6.265
442 9 2 33.419 7.325 31.669 6.308
443 9 2 33.518 7.195 31.683 6.236
444 9 2 33.589 7.166 31.982 6.234
445 9 2 33.716 7.037 31.854 6.278
446 9 2 33.702 7.079 31.954 6.235
447 9 2 33.730 7.036 32.039 6.191
448 9 2 33.972 6.935 32.224 6.147
449 9 2 33.972 7.006 32.225 6.218
450 9 2 34.142 6.890 32.483 6.302
451 9 2 34.228 6.947 32.454 6.245
452 9 2 34.229 7.047 32.652 6.115
453 9 2 34.342 6.918 32.682 6.244
454 9 2 34.499 6.945 32.667 6.187
455 9 2 34.456 6.931 32.824 6.228
456 9 2 34.556 6.973 32.839 6.271
457 9 2 34.756 7.014 33.096 6.255
458 9 2 34.713 7.015 32.911 6.371
459 9 2 34.742 7.015 33.168 6.369
460 9 2 34.856 7.014 33.339 6.310
461 9 2 34.942 7.084 33.168 6.383
462 9 2 34.999 7.141 33.254 6.411
463 9 2 35.070 7.112 33.439 6.410
464 9 2 35.185 7.240 33.468 6.481
465 9 2 35.257 7.239 33.483 6.509
466 9 2 35.214 7.225 33.640 6.523
467 9 2 35.343 7.324 33.740 6.565
468 9 2 35.415 7.409 33.726 6.622
469 9 2 35.572 7.451 33.769 6.607
470 9 2 35.615 7.451 33.869 6.635
471 9 2 35.530 7.566 34.040 6.634
472 9 2 35.603 7.694 34.169 6.704
473 9 2 35.715 7.579 34.198 6.733
474 9 2 35.703 7.764 34.269 6.775
475 9 2 35.759 7.721 34.298 6.789
476 9 2 35.832 7.892 34.398 6.789
477 9 2 35.932 7.905 34.470 6.888
478 9 2 35.876 8.034 34.584 6.930
479 9 2 35.961 7.991 34.527 6.916
480 9 2 35.991 8.119 34.585 6.959
481 9 2 36.034 8.147 34.627 6.958
482 9 2 36.078 8.290 34.700 7.101
483 9 2 36.149 8.332 34.714 7.115
484 9 2 36.093 8.361 34.772 7.200
485 9 2 36.208 8.489 34.800 7.186
486 9 2 36.222 8.517 34.986 7.213
487 9 2 36.181 8.618 34.944 7.284
488 9 2 36.224 8.703 34.930 7.342
489 9 2 36.239 8.731 35.115 7.312
490 9 2 36.282 8.774 35.073 7.383
491 9 2 36.254 8.888 35.188 7.525
492 9 2 36.298 8.959 35.259 7.511
493 9 2 36.256 9.088 35.303 7.610
494 9 2 36.284 9.031 35.303 7.639
495 9 2 36.229 9.189 35.218 7.682
496 9 2 36.330 9.331 35.519 7.880
497 9 2 36.244 9.331 35.319 7.853
498 9 2 36.330 9.373 35.434 7.895
499 9 2 36.260 9.488 35.305 7.896
500 9 2 36.247 9.603 35.406 8.009
501 9 2 36.247 9.646 35.463 8.052
502 9 2 36.192 9.789 35.493 8.166
503 9 2 36.235 9.817 35.535 8.108
504 9 2 36.235 9.817 35.565 8.251
505 9 2 36.193 9.932 35.522 8.223
506 9 2 36.179 9.960 35.395 8.310
507 9 2 36.194 10.060 35.439 8.438
508 9 2 36.223 10.146 35.496 8.437
509 9 2 36.138 10.204 35.383 8.553
510 9 2 36.096 10.176 35.426 8.609
511 9 2 36.182 10.246 35.398 8.681
512 9 2 36.068 10.290 35.371 8.810
513 9 2 36.125 10.304 35.256 8.739
514 9 2 36.112 10.390 35.272 8.882
515 9 2 36.070 10.462 35.172 8.897
516 9 2 36.070 10.462 35.116 8.926
517 9 2 36.043 10.605 35.088 9.012
518 9 2 36.057 10.590 35.075 9.141
519 9 2 35.957 10.620 35.005 9.256
520 9 2 35.972 10.663 34.876 9.271
521 9 2 35.929 10.691 34.920 9.328
522 9 2 35.944 10.763 34.848 9.286
523 9 2 35.859 10.749 34.764 9.415
524 9 2 35.902 10.835 34.751 9.587
525 9 2 35.888 10.806 34.651 9.530
526 9 2 35.932 10.920 34.580 9.617
527 9 2 35.861 10.992 34.566 9.631
528 9 2 35.690 10.965 34.482 9.746
529 9 2 35.818 10.978 34.496 9.703
530 9 2 35.733 11.051 34.354 9.833
531 9 2 35.634 11.037 34.312 9.876
532 9 2 35.649 11.137 34.241 9.920
533 9 2 35.506 11.124 34.185 10.078
534 9 2 35.549 11.181 34.113 9.964
535 9 2 35.478 11.182 34.156 10.021
536 9 2 35.408 11.254 34.114 10.093
537 9 2 35.379 11.225 34.057 10.093
538 9 2 35.393 11.254 34.043 10.065
539 9 2 35.266 11.284 33.886 10.095
540 9 2 35.251 11.284 33.958 10.180
541 9 2 35.294 11.255 33.859 10.267
542 9 2 35.166 11.285 33.788 10.324
543 9 2 35.080 11.285 33.703 10.354
544 9 2 35.037 11.257 33.717 10.325
545 9 2 35.038 11.300 33.632 10.369
546 9 2 34.966 11.215 33.561 10.398
547 9 2 34.952 11.301 33.518 10.370
548 9 2 34.867 11.330 33.375 10.371
549 9 2 34.824 11.359 33.362 10.485
550 9 2 34.738 11.260 33.304 10.443
551 9 2 34.724 11.260 33.262 10.472
552 9 2 34.652 11.246 33.247 10.429
553 9 2 34.595 11.204 33.133 10.445
554 9 2 34.710 11.289 33.077 10.502
555 9 2 34.553 11.290 33.005 10.474
556 9 2 34.481 11.262 33.020 10.531
557 9 2 34.438 11.234 32.948 10.475
558 9 2 34.367 11.235 32.735 10.591
559 9 2 34.382 11.263 32.777 10.505
560 9 2 34.396 11.263 32.677 10.534
561 9 2 34.282 11.293 32.677 10.506
562 9 2 34.225 11.250 32.678 10.577
563 9 2 34.225 11.250 32.592 10.578
564 9 2 34.154 11.337 32.663 10.578
565 9 2 34.111 11.280 32.507 10.608
566 9 2 34.182 11.251 32.521 10.665
567 9 2 34.068 11.266 32.407 10.623
568 9 2 33.983 11.353 32.349 10.566
569 9 2 33.869 11.296 32.408 10.709
570 9 2 33.826 11.354 32.307 10.595
571 9 2 33.855 11.354 32.278 10.567
572 9 2 33.840 11.311 32.236 10.639
573 9 2 33.755 11.355 32.236 10.653
574 9 2 33.713 11.398 32.136 10.697
575 9 2 33.670 11.384 32.064 10.597
576 9 2 33.698 11.384 32.036 10.683
577 9 2 33.599 11.471 31.993 10.684
578 9 2 33.599 11.413 31.993 10.655
579 9 2 33.527 11.400 31.865 10.699
580 9 2 33.413 11.386 31.836 10.714
581 9 2 33.441 11.386 31.751 10.714
582 9 2 33.384 11.372 31.807 10.671
101 10 2 9.738 31.181 9.057 29.451
102 10 2 9.708 31.109 8.940 29.496
103 10 2 9.751 31.065 8.983 29.336
104 10 2 9.795 31.021 9.056 29.291
105 10 2 9.809 30.904 8.923 29.090
106 10 2 9.794 30.832 9.054 29.074
107 10 2 9.778 30.702 9.068 28.914
108 10 2 9.749 30.601 9.039 28.871
109 10 2 9.748 30.528 9.038 28.740
110 10 2 9.763 30.513 9.024 28.813
111 10 2 9.791 30.382 8.994 28.741
112 10 2 9.776 30.237 9.066 28.595
113 10 2 9.789 30.121 9.138 28.448
114 10 2 9.818 29.990 9.021 28.378
115 10 2 9.730 29.933 9.049 28.203
116 10 2 9.833 30.019 9.034 28.145
117 10 2 9.760 30.049 9.019 28.029
118 10 2 9.729 29.730 9.048 28.000
119 10 2 9.742 29.483 9.034 28.044
120 10 2 9.756 29.454 9.018 27.812
121 10 2 9.683 29.339 9.031 27.609
122 10 2 9.799 29.337 9.031 27.638
123 10 2 9.711 29.150 9.119 27.680
124 10 2 9.740 29.179 9.030 27.362
125 10 2 9.740 29.121 8.971 27.305
126 10 2 9.811 28.945 9.014 27.246
127 10 2 9.869 28.785 9.043 27.144
128 10 2 9.796 28.815 9.028 27.115
129 10 2 9.751 28.613 9.013 26.971
130 10 2 9.795 28.568 8.968 26.899
131 10 2 9.808 28.423 9.011 26.724
132 10 2 9.822 28.350 8.938 26.624
133 10 2 9.865 28.205 9.038 26.419
134 10 2 9.849 27.900 9.053 26.491
135 10 2 9.863 27.857 9.154 26.243
136 10 2 9.893 27.900 9.124 26.113
137 10 2 9.978 27.637 9.240 25.937
138 10 2 9.963 27.580 9.137 25.881
139 10 2 9.934 27.479 9.223 25.662
140 10 2 10.034 27.288 9.122 25.765
141 10 2 10.020 27.245 9.164 25.489
142 10 2 10.091 27.027 9.294 25.328
143 10 2 10.105 26.910 9.279 25.212
144 10 2 10.090 26.780 9.206 25.228
145 10 2 10.176 26.634 9.320 24.849
146 10 2 10.088 26.592 9.438 24.978
147 10 2 10.161 26.518 9.393 24.732
148 10 2 10.189 26.358 9.334 24.660
149 10 2 10.130 26.272 9.362 24.544
150 10 2 10.231 26.082 9.405 24.413
151 10 2 10.230 25.981 9.404 24.196
152 10 2 10.215 25.908 9.361 24.240
153 10 2 10.142 25.779 9.491 24.107
154 10 2 10.214 25.633 9.418 24.050
155 10 2 10.213 25.561 9.416 23.833
156 10 2 10.227 25.445 9.402 23.862
157 10 2 10.226 25.271 9.401 23.746
158 10 2 10.182 25.228 9.502 23.615
159 10 2 10.239 25.082 9.473 23.499
160 10 2 10.254 25.067 9.457 23.282
161 10 2 10.180 24.822 9.530 23.353
162 10 2 10.267 24.835 9.588 23.251
163 10 2 10.383 24.718 9.586 22.932
164 10 2 10.280 24.502 9.542 22.861
165 10 2 10.279 24.487 9.482 22.702
166 10 2 10.264 24.343 9.499 22.992
167 10 2 10.263 24.111 9.497 22.760
168 10 2 10.306 24.139 9.481 22.528
169 10 2 10.306 24.023 9.655 22.352
170 10 2 10.304 23.806 9.568 22.484
171 10 2 10.304 23.676 9.537 22.064
172 10 2 10.347 23.617 9.610 22.121
173 10 2 10.361 23.617 9.594 21.860
174 10 2 10.288 23.517 9.608 21.817
175 10 2 10.331 23.400 9.622 21.730
176 10 2 10.403 23.240 9.666 21.773
177 10 2 10.388 23.168 9.681 21.787
178 10 2 10.417 23.153 9.680 21.657
179 10 2 10.373 23.067 9.721 21.308
180 10 2 10.488 22.920 9.605 21.339
181 10 2 10.429 22.776 9.605 21.223
182 10 2 10.457 22.587 9.691 21.121
183 10 2 10.384 22.603 9.822 21.076
184 10 2 10.427 22.443 9.660 20.802
185 10 2 10.455 22.298 9.835 20.858
186 10 2 10.498 22.196 9.731 20.555
187 10 2 10.484 22.167 9.834 20.612
188 10 2 10.454 22.124 9.834 20.655
189 10 2 10.526 22.022 9.906 20.495
190 10 2 10.613 21.876 9.817 20.294
191 10 2 10.640 21.629 9.845 20.134
192 10 2 10.655 21.658 10.006 20.219
193 10 2 10.596 21.471 9.831 20.236
194 10 2 10.552 21.471 9.932 20.061
195 10 2 10.581 21.471 9.785 19.802
196 10 2 10.769 21.295 9.800 19.802
197 10 2 10.724 21.064 9.813 19.657
198 10 2 10.651 21.065 9.886 19.627
199 10 2 10.665 21.007 9.840 19.309
200 10 2 10.752 20.875 9.957 19.380
201 10 2 10.781 20.846 9.927 19.149
202 10 2 10.780 20.687 10.043 19.104
203 10 2 10.750 20.600 9.984 19.047
204 10 2 10.779 20.586 10.129 18.944
205 10 2 10.880 20.468 9.940 18.917
206 10 2 10.851 20.368 10.055 18.699
207 10 2 10.836 20.281 10.127 18.582
208 10 2 10.879 20.179 10.083 18.511
209 10 2 10.907 20.063 10.140 18.336
210 10 2 10.907 20.020 10.140 18.293
211 10 2 11.023 19.960 10.139 18.177
212 10 2 11.007 19.874 10.095 18.149
213 10 2 11.007 19.830 10.182 18.104
214 10 2 10.977 19.643 10.181 17.974
215 10 2 11.035 19.627 10.210 17.815
216 10 2 11.020 19.541 10.224 17.843
217 10 2 11.005 19.440 10.209 17.713
218 10 2 11.150 19.337 10.266 17.611
219 10 2 11.105 19.265 10.281 17.568
220 10 2 11.090 19.178 10.295 17.481
221 10 2 11.191 19.061 10.250 17.366
222 10 2 11.132 18.917 10.366 17.249
223 10 2 11.234 18.902 10.409 17.205
224 10 2 11.263 18.844 10.467 17.117
225 10 2 11.276 18.655 10.509 16.929
226 10 2 11.377 18.524 10.408 16.916
227 10 2 11.362 18.510 10.422 16.814
228 10 2 11.434 18.379 10.552 16.741
229 10 2 11.463 18.263 10.609 16.566
230 10 2 11.477 18.190 10.594 16.552
231 10 2 11.534 18.117 10.594 16.451
232 10 2 11.606 18.015 10.608 16.379
233 10 2 11.635 17.899 10.694 16.204
234 10 2 11.707 17.826 10.767 16.247
235 10 2 11.749 17.609 10.780 16.088
236 10 2 11.865 17.550 10.867 15.971
237 10 2 11.937 17.433 10.824 16.000
238 10 2 11.965 17.346 10.909 15.797
239 10 2 12.037 17.244 10.981 15.666
240 10 2 12.066 17.215 11.010 15.550
241 10 2 12.109 17.084 11.053 15.449
242 10 2 12.137 16.954 11.169 15.433
243 10 2 12.253 16.852 11.169 15.418
244 10 2 12.339 16.793 11.284 15.331
245 10 2 12.339 16.706 11.226 15.216
246 10 2 12.483 16.603 11.341 15.171
247 10 2 12.526 16.458 11.355 15.084
248 10 2 12.598 16.400 11.457 14.996
249 10 2 12.655 16.226 11.543 14.938
250 10 2 12.728 16.297 11.615 14.836
251 10 2 12.814 16.123 11.673 14.691
252 10 2 12.872 16.093 11.731 14.690
253 10 2 12.944 15.992 11.802 14.559
254 10 2 12.958 15.948 11.817 14.516
255 10 2 13.088 15.802 11.802 14.487
256 10 2 13.160 15.700 11.874 14.385
257 10 2 13.246 15.584 12.077 14.297
258 10 2 13.377 15.611 12.062 14.268
259 10 2 13.376 15.453 12.207 14.194
260 10 2 13.520 15.364 12.264 14.078
261 10 2 13.592 15.277 12.336 13.962
262 10 2 13.649 15.132 12.335 13.904
263 10 2 13.765 15.131 12.451 13.874
264 10 2 13.764 14.943 12.596 13.887
265 10 2 13.865 14.913 12.697 13.742
266 10 2 13.937 14.826 12.682 13.626
267 10 2 14.009 14.767 12.812 13.510
268 10 2 14.269 14.649 12.957 13.508
269 10 2 14.356 14.620 12.957 13.479
270 10 2 14.355 14.475 12.956 13.393
271 10 2 14.514 14.430 13.057 13.320
272 10 2 14.731 14.428 13.216 13.289
273 10 2 14.731 14.370 13.274 13.173
274 10 2 14.860 14.167 13.404 13.143
275 10 2 15.091 14.064 13.607 13.155
276 10 2 15.048 14.107 13.737 13.053
277 10 2 15.235 13.961 13.606 13.054
278 10 2 15.307 13.946 13.824 13.009
279 10 2 15.452 13.916 13.678 12.982
280 10 2 15.683 13.784 13.997 12.964
281 10 2 15.625 13.756 14.026 12.935
282 10 2 15.784 13.711 14.214 12.861
283 10 2 15.971 13.608 14.344 12.759
284 10 2 16.159 13.606 14.503 12.757
285 10 2 16.188 13.562 14.561 12.713
286 10 2 16.433 13.445 14.575 12.656
287 10 2 16.462 13.444 14.719 12.654
288 10 2 16.664 13.428 14.806 12.610
289 10 2 16.765 13.369 15.024 12.666
290 10 2 16.910 13.382 15.197 12.621
291 10 2 17.083 13.352 15.139 12.535
292 10 2 17.169 13.293 15.342 12.590
293 10 2 17.342 13.234 15.370 12.533
294 10 2 17.371 13.234 15.689 12.529
295 10 2 17.617 13.174 15.645 12.501
296 10 2 17.789 13.057 15.877 12.499
297 10 2 17.920 13.127 15.978 12.512
298 10 2 17.877 13.142 16.079 12.439
299 10 2 18.136 13.096 16.223 12.366
300 10 2 18.180 13.110 16.353 12.350
301 10 2 18.281 13.095 16.454 12.364
302 10 2 18.540 12.977 16.541 12.305
303 10 2 18.699 12.976 16.729 12.390
304 10 2 18.757 13.047 16.729 12.404
305 10 2 18.944 12.973 17.235 12.327
306 10 2 19.117 12.972 17.148 12.242
307 10 2 19.233 12.985 17.379 12.283
308 10 2 19.304 12.883 17.509 12.267
309 10 2 19.420 12.868 17.595 12.223
310 10 2 19.622 12.909 17.711 12.236
311 10 2 19.679 12.880 17.537 12.123
312 10 2 19.810 12.951 17.986 12.306
313 10 2 19.954 12.935 18.014 12.205
314 10 2 20.140 12.803 18.115 12.103
315 10 2 20.198 12.817 18.374 12.029
316 10 2 20.356 12.744 18.447 12.100
317 10 2 20.515 12.757 18.663 12.083
318 10 2 20.559 12.842 18.822 11.996
319 10 2 20.775 12.797 18.865 12.038
320 10 2 20.933 12.695 19.024 11.994
321 10 2 20.990 12.651 19.052 11.979
322 10 2 21.178 12.707 19.326 11.890
323 10 2 21.321 12.648 19.442 11.975
324 10 2 21.451 12.604 19.629 11.873
325 10 2 21.638 12.559 19.470 11.889
326 10 2 21.724 12.558 19.932 11.884
327 10 2 21.868 12.600 20.046 11.783
328 10 2 21.911 12.455 20.147 11.724
329 10 2 22.069 12.440 20.335 11.766
330 10 2 22.257 12.553 20.580 11.735
331 10 2 22.385 12.422 20.622 11.662
332 10 2 22.558 12.421 20.709 11.661
333 10 2 22.658 12.362 20.924 11.602
334 10 2 22.745 12.419 20.982 11.630
335 10 2 22.902 12.274 21.112 11.600
336 10 2 22.989 12.345 21.313 11.526
337 10 2 23.076 12.358 21.400 11.569
338 10 2 23.276 12.256 21.284 11.498
339 10 2 23.377 12.240 21.586 11.481
340 10 2 23.549 12.224 21.701 11.437
341 10 2 23.665 12.223 21.932 11.435
342 10 2 23.765 12.150 22.148 11.447
343 10 2 23.908 12.149 22.147 11.361
344 10 2 24.080 12.090 22.118 11.390
345 10 2 24.281 12.045 22.319 11.316
346 10 2 24.324 12.016 22.420 11.315
347 10 2 24.425 12.044 22.808 11.254
348 10 2 24.540 12.014 22.750 11.168
349 10 2 24.770 12.012 22.808 11.168
350 10 2 24.812 11.925 22.995 11.224
351 10 2 24.913 11.910 23.095 11.093
352 10 2 25.084 11.836 23.325 11.163
353 10 2 25.257 11.907 23.353 11.062
354 10 2 25.386 11.877 23.397 11.091
355 10 2 25.516 11.875 23.583 11.003
356 10 2 25.616 11.817 23.656 11.117
357 10 2 25.629 11.702 23.612 10.974
358 10 2 25.860 11.815 23.784 11.001
359 10 2 26.002 11.727 23.841 10.943
360 10 2 26.046 11.784 24.029 10.999
361 10 2 26.246 11.696 23.913 10.942
362 10 2 26.289 11.667 24.329 10.853
363 10 2 26.374 11.566 24.243 10.868
364 10 2 26.503 11.522 24.516 10.822
365 10 2 26.775 11.462 24.645 10.821
366 10 2 26.790 11.476 25.147 10.716
367 10 2 26.861 11.461 24.961 10.789
368 10 2 27.090 11.430 25.105 10.788
369 10 2 27.076 11.402 25.119 10.759
370 10 2 27.334 11.356 25.492 10.713
371 10 2 27.319 11.371 25.419 10.613
372 10 2 27.506 11.355 25.664 10.654
373 10 2 27.620 11.325 25.663 10.597
374 10 2 27.706 11.296 25.864 10.537
375 10 2 27.863 11.294 26.108 10.593
376 10 2 28.006 11.235 25.792 10.595
377 10 2 28.078 11.249 26.322 10.462
378 10 2 28.035 11.249 26.394 10.490
379 10 2 28.178 11.205 26.567 10.531
380 10 2 28.350 11.189 26.681 10.487
381 10 2 28.507 11.087 26.782 10.501
382 10 2 28.650 11.144 26.839 10.529
383 10 2 28.807 11.085 26.882 10.500
384 10 2 28.808 11.142 27.225 10.382
385 10 2 28.893 11.055 27.426 10.409
386 10 2 28.937 11.141 27.383 10.409
387 10 2 29.051 11.097 27.469 10.337
388 10 2 29.351 11.023 27.741 10.406
389 10 2 29.380 11.094 27.798 10.334
390 10 2 29.466 11.064 27.884 10.276
391 10 2 29.766 11.090 28.042 10.389
392 10 2 29.809 11.004 28.027 10.332
393 10 2 30.052 11.002 28.185 10.331
394 10 2 30.066 11.016 28.515 10.428
395 10 2 30.309 11.000 28.701 10.383
396 10 2 30.283 11.229 28.500 10.270
397 10 2 30.452 10.941 28.672 10.326
398 10 2 30.538 11.026 28.929 10.267
399 10 2 30.681 11.025 29.072 10.237
400 10 2 30.897 11.109 29.116 10.380
401 10 2 30.782 11.096 29.317 10.421
402 10 2 30.868 11.166 29.430 10.291
403 10 2 31.025 11.093 29.474 10.391
404 10 2 31.168 11.106 29.588 10.290
405 10 2 31.282 11.105 29.502 10.348
406 10 2 31.368 11.133 29.560 10.347
407 10 2 31.482 11.075 29.846 10.316
408 10 2 31.726 11.116 30.290 10.470
409 10 2 31.812 11.158 30.347 10.398
410 10 2 32.183 11.140 30.577 10.524
411 10 2 31.983 11.185 30.576 10.396
412 10 2 32.183 11.154 30.776 10.451
413 10 2 32.369 11.224 30.906 10.579
414 10 2 32.412 11.195 30.920 10.550
415 10 2 32.527 11.280 30.920 10.521
416 10 2 32.585 11.351 31.006 10.564
417 10 2 32.684 11.279 31.392 10.574
418 10 2 32.827 11.306 31.250 10.633
419 10 2 32.913 11.362 31.307 10.690
420 10 2 32.999 11.390 31.364 10.575
421 10 2 33.084 11.361 31.622 10.716
422 10 2 33.213 11.403 31.637 10.758
423 10 2 33.256 11.431 31.822 10.757
424 10 2 33.386 11.544 31.808 10.728
425 10 2 33.542 11.485 31.909 10.813
426 10 2 33.529 11.586 31.980 10.798
427 10 2 33.614 11.528 31.980 10.798
428 10 2 33.700 11.627 32.094 10.783
429 10 2 33.829 11.626 32.309 10.838
430 10 2 33.887 11.711 32.453 11.009
431 10 2 34.029 11.681 32.338 10.895
432 10 2 34.072 11.738 32.438 10.952
433 10 2 34.158 11.794 32.468 11.037
434 10 2 34.259 11.836 32.568 11.079
435 10 2 34.230 11.865 32.511 11.108
436 10 2 34.331 11.965 32.840 11.120
437 10 2 34.459 11.935 32.854 11.148
438 10 2 34.531 12.020 32.925 11.119
439 10 2 34.560 12.005 32.812 11.249
440 10 2 34.561 12.206 33.098 11.246
441 10 2 34.676 12.276 33.384 11.344
442 10 2 34.705 12.333 33.384 11.401
443 10 2 34.705 12.347 33.155 11.332
444 10 2 34.906 12.445 33.013 11.404
445 10 2 34.950 12.574 33.400 11.501
446 10 2 34.835 12.546 33.542 11.471
447 10 2 34.979 12.645 33.429 11.572
448 10 2 34.994 12.716 33.757 11.555
449 10 2 35.137 12.815 33.758 11.655
450 10 2 35.137 12.772 33.757 11.612
451 10 2 35.224 12.914 33.815 11.669
452 10 2 35.281 12.914 33.815 11.669
453 10 2 35.410 13.056 33.830 11.783
454 10 2 35.467 13.041 33.945 11.825
455 10 2 35.567 13.040 33.902 11.854
456 10 2 35.581 13.068 34.088 11.852
457 10 2 35.683 13.239 34.045 11.910
458 10 2 35.683 13.239 34.103 11.938
459 10 2 35.754 13.238 34.261 12.080
460 10 2 35.825 13.266 34.218 12.080
461 10 2 35.911 13.337 34.304 12.122
462 10 2 35.968 13.250 34.247 12.180
463 10 2 35.983 13.379 34.376 12.222
464 10 2 36.098 13.435 34.319 12.251
465 10 2 36.125 13.335 34.492 12.378
466 10 2 36.196 13.320 34.763 12.390
467 10 2 36.282 13.319 34.734 12.390
468 10 2 36.339 13.390 34.706 12.404
469 10 2 36.296 13.376 34.720 12.390
470 10 2 36.396 13.375 34.763 12.390
471 10 2 36.539 13.388 34.821 12.546
472 10 2 36.552 13.302 35.149 12.515
473 10 2 36.609 13.315 35.034 12.444
474 10 2 36.710 13.429 35.077 12.501
475 10 2 36.766 13.385 35.105 12.458
476 10 2 36.751 13.328 35.177 12.514
477 10 2 36.908 13.312 35.190 12.414
478 10 2 36.979 13.326 35.262 12.485
479 10 2 37.007 13.269 35.262 12.485
480 10 2 37.221 13.266 35.305 12.484
481 10 2 37.206 13.252 35.262 12.442
482 10 2 37.348 13.251 35.547 12.411
483 10 2 37.391 13.208 35.362 12.455
484 10 2 37.334 13.251 35.532 12.354
485 10 2 37.390 13.150 35.674 12.367
486 10 2 37.533 13.249 35.759 12.294
487 10 2 37.660 13.148 35.688 12.338
488 10 2 37.675 13.162 35.817 12.322
489 10 2 37.746 13.218 35.944 12.264
490 10 2 37.690 13.262 35.915 12.193
491 10 2 37.831 13.103 36.001 12.206
492 10 2 37.846 13.203 36.128 12.133
493 10 2 37.988 13.173 36.185 12.104
494 10 2 38.002 13.144 36.284 12.046
495 10 2 37.959 13.116 36.213 12.075
496 10 2 38.087 13.086 36.341 12.017
497 10 2 38.059 13.144 36.397 11.988
498 10 2 38.157 13.000 36.554 12.015
499 10 2 38.157 13.000 36.553 11.929
500 10 2 38.271 12.999 36.638 11.900
501 10 2 38.298 12.941 36.867 11.955
502 10 2 38.284 12.927 36.651 11.743
503 10 2 38.298 12.884 36.836 11.727
504 10 2 38.298 12.884 36.893 11.726
505 10 2 38.383 12.826 36.949 11.668
506 10 2 38.326 12.884 36.864 11.641
507 10 2 38.397 12.855 36.935 11.611
508 10 2 38.524 12.753 36.920 11.597
509 10 2 38.410 12.740 36.976 11.468
510 10 2 38.354 12.827 37.033 11.496
511 10 2 38.396 12.755 37.131 11.367
512 10 2 38.424 12.669 37.188 11.337
513 10 2 38.353 12.655 37.200 11.123
514 10 2 38.338 12.627 37.102 11.267
515 10 2 38.395 12.612 37.271 11.108
516 10 2 38.323 12.513 37.342 11.065
517 10 2 38.323 12.555 37.398 10.935
518 10 2 38.352 12.584 37.368 10.793
519 10 2 38.322 12.441 37.368 10.850
520 10 2 38.308 12.470 37.467 10.792
521 10 2 38.250 12.342 37.353 10.693
522 10 2 38.222 12.428 37.438 10.664
523 10 2 38.278 12.299 37.466 10.649
524 10 2 38.234 12.156 37.479 10.478
525 10 2 38.206 12.214 37.451 10.535
526 10 2 38.134 12.114 37.464 10.406
527 10 2 38.133 12.000 37.519 10.292
528 10 2 38.161 11.986 37.349 10.365
529 10 2 38.161 11.957 37.264 10.308
530 10 2 38.104 11.943 37.263 10.265
531 10 2 38.160 11.814 37.121 10.252
532 10 2 38.074 11.801 37.205 10.123
533 10 2 38.073 11.715 37.148 10.152
534 10 2 38.087 11.643 37.134 10.138
535 10 2 38.044 11.615 37.062 10.081
536 10 2 38.030 11.615 36.991 10.082
537 10 2 37.972 11.516 36.905 9.983
538 10 2 38.001 11.573 36.791 10.012
539 10 2 37.971 11.459 36.848 9.955
540 10 2 37.970 11.302 36.762 9.970
541 10 2 37.899 11.345 36.776 9.898
542 10 2 37.884 11.231 36.733 9.899
543 10 2 37.912 11.231 36.818 9.841
544 10 2 37.784 11.232 36.690 9.813
545 10 2 37.799 11.232 36.676 9.842
546 10 2 37.783 11.118 36.633 9.785
547 10 2 37.698 11.076 36.633 9.828
548 10 2 37.796 11.003 36.676 9.813
549 10 2 37.654 11.019 36.561 9.686
550 10 2 37.625 10.948 36.561 9.729
551 10 2 37.682 10.890 36.390 9.673
552 10 2 37.566 10.734 36.476 9.744
553 10 2 37.553 10.863 36.375 9.644
554 10 2 37.438 10.749 36.347 9.673
555 10 2 37.509 10.677 36.361 9.687
556 10 2 37.423 10.664 36.304 9.616
557 10 2 37.438 10.678 36.005 9.633
558 10 2 37.352 10.636 36.147 9.561
559 10 2 37.381 10.636 36.119 9.647
560 10 2 37.280 10.551 35.762 9.564
561 10 2 37.180 10.537 35.635 9.608
562 10 2 37.195 10.523 35.962 9.562
563 10 2 37.138 10.538 35.934 9.605
564 10 2 37.109 10.495 35.990 9.562
565 10 2 37.109 10.481 35.848 9.606
566 10 2 37.009 10.410 35.748 9.535
567 10 2 37.093 10.353 35.720 9.564
568 10 2 36.994 10.353 35.563 9.566
569 10 2 37.022 10.325 35.591 9.565
570 10 2 36.937 10.382 35.392 9.567
571 10 2 36.852 10.355 35.221 9.569
572 10 2 36.822 10.255 35.193 9.583
573 10 2 36.794 10.284 35.051 9.613
574 10 2 36.766 10.298 35.307 9.596
575 10 2 36.737 10.313 35.136 9.584
576 10 2 36.694 10.270 35.093 9.598
577 10 2 36.551 10.229 35.122 9.584
578 10 2 36.609 10.271 35.037 9.627
579 10 2 36.509 10.272 34.937 9.628
580 10 2 36.452 10.230 34.937 9.614
581 10 2 36.480 10.229 34.765 9.587
582 10 2 36.395 10.201 34.652 9.645
