0 0 2 32.757 10.929 30.806 10.143
1 0 2 32.772 10.957 30.820 10.114
2 0 2 32.743 10.943 30.849 10.127
3 0 2 32.670 10.917 30.750 10.188
4 0 2 32.713 10.887 30.733 10.102
5 0 2 32.687 11.003 30.762 10.101
6 0 2 32.685 10.916 30.820 10.099
7 0 2 32.628 10.932 30.851 10.200
8 0 2 32.670 10.902 30.834 10.113
9 0 2 32.714 10.930 30.762 10.115
10 0 2 32.628 10.932 30.821 10.143
11 0 2 32.627 10.918 30.763 10.130
12 0 2 32.598 10.890 30.762 10.101
13 0 2 32.685 10.916 30.821 10.157
14 0 2 32.714 10.930 30.734 10.116
15 0 2 32.572 10.991 30.734 10.116
16 0 2 32.641 10.888 30.804 10.071
17 0 2 32.641 10.888 30.806 10.129
18 0 2 32.682 10.815 30.734 10.145
19 0 2 32.526 10.906 30.778 10.144
20 0 2 32.584 10.919 30.806 10.129
21 0 2 32.540 10.891 30.705 10.131
22 0 2 32.526 10.891 30.719 10.102
23 0 2 32.497 10.892 30.516 10.078
24 0 2 32.483 10.907 30.530 10.064
25 0 2 32.411 10.895 30.459 10.109
26 0 2 32.396 10.866 30.415 10.081
27 0 2 32.367 10.881 30.329 10.098
28 0 2 32.367 10.867 30.098 10.060
29 0 2 32.209 10.900 30.199 10.087
30 0 2 32.237 10.870 30.083 10.061
31 0 2 32.094 10.889 30.025 10.048
32 0 2 32.078 10.831 30.068 10.018
33 0 2 32.063 10.817 29.910 10.065
34 0 2 31.977 10.834 30.025 10.048
35 0 2 31.933 10.806 29.983 10.078
36 0 2 31.932 10.748 29.982 10.049
37 0 2 31.930 10.691 29.984 10.107
38 0 2 31.773 10.738 29.851 10.009
39 0 2 31.803 10.766 29.822 10.010
40 0 2 31.728 10.682 29.894 10.008
41 0 2 31.628 10.684 29.738 10.099
42 0 2 31.558 10.787 29.721 9.998
43 0 2 31.584 10.686 29.693 10.042
44 0 2 31.528 10.730 29.694 10.057
45 0 2 31.468 10.660 29.665 10.072
46 0 2 31.426 10.690 29.650 10.043
47 0 2 31.354 10.677 29.433 10.006
48 0 2 31.281 10.665 29.449 10.077
49 0 2 31.268 10.694 29.463 10.077
50 0 2 31.209 10.667 29.378 10.108
51 0 2 31.122 10.654 29.319 10.066
52 0 2 31.109 10.684 29.190 10.099
53 0 2 31.080 10.670 29.163 10.172
54 0 2 30.992 10.643 29.045 10.088
55 0 2 30.893 10.704 29.031 10.088
56 0 2 30.895 10.776 29.004 10.161
57 0 2 30.921 10.674 28.974 10.119
58 0 2 30.821 10.691 28.872 10.107
59 0 2 30.806 10.677 28.829 10.094
60 0 2 30.749 10.708 28.743 10.125
61 0 2 30.648 10.710 28.700 10.155
62 0 2 30.590 10.683 28.672 10.156
63 0 2 30.519 10.714 28.686 10.155
64 0 2 30.520 10.771 28.541 10.130
65 0 2 30.475 10.700 28.526 10.116
66 0 2 30.461 10.730 28.512 10.116
67 0 2 30.418 10.731 28.499 10.175
68 0 2 30.317 10.733 28.397 10.148
69 0 2 30.246 10.764 28.411 10.119
70 0 2 30.203 10.765 28.339 10.150
71 0 2 30.161 10.824 28.295 10.093
72 0 2 30.101 10.754 28.268 10.195
73 0 2 30.031 10.828 28.195 10.154
74 0 2 30.002 10.800 28.109 10.185
75 0 2 29.945 10.830 28.051 10.157
76 0 2 29.858 10.832 27.995 10.246
77 0 2 29.801 10.848 27.965 10.203
78 0 2 29.772 10.849 27.850 10.206
79 0 2 29.701 10.865 27.721 10.253
80 0 2 29.643 10.867 27.690 10.167
81 0 2 29.528 10.899 27.691 10.225
82 0 2 29.499 10.885 27.635 10.269
83 0 2 29.427 10.887 27.533 10.243
84 0 2 29.499 10.871 27.519 10.258
85 0 2 29.312 10.905 27.418 10.261
86 0 2 29.253 10.877 27.416 10.203
87 0 2 29.196 10.879 27.333 10.350
88 0 2 29.139 10.924 27.159 10.311
89 0 2 29.067 10.911 27.171 10.238
90 0 2 28.980 10.899 27.056 10.256
91 0 2 28.908 10.930 27.072 10.313
92 0 2 28.878 10.873 27.014 10.315
93 0 2 28.764 10.919 26.783 10.306
94 0 2 28.720 10.891 26.825 10.276
95 0 2 28.677 10.907 26.811 10.291
96 0 2 28.605 10.909 26.680 10.266
97 0 2 28.504 10.926 26.637 10.252
98 0 2 28.374 10.944 26.508 10.299
99 0 2 28.316 10.916 26.479 10.300
100 0 2 28.272 10.889 26.376 10.245
101 0 2 28.156 10.892 26.288 10.189
102 0 2 28.144 10.950 26.216 10.220
103 0 2 28.056 10.923 26.188 10.250
104 0 2 27.941 10.941 26.073 10.267
105 0 2 27.840 10.944 25.972 10.270
106 0 2 27.812 10.973 25.943 10.299
107 0 2 27.753 10.931 25.883 10.200
108 0 2 27.622 10.906 25.783 10.260
109 0 2 27.519 10.836 25.682 10.248
110 0 2 27.461 10.823 25.594 10.236
111 0 2 27.433 10.853 25.538 10.296
112 0 2 27.360 10.812 25.494 10.253
113 0 2 27.216 10.859 25.348 10.214
114 0 2 27.173 10.846 25.246 10.202
115 0 2 27.084 10.776 25.131 10.248
116 0 2 26.999 10.836 25.130 10.190
117 0 2 26.955 10.822 25.000 10.208
118 0 2 26.796 10.812 24.985 10.194
119 0 2 26.738 10.814 24.783 10.228
120 0 2 26.650 10.773 24.812 10.213
121 0 2 26.564 10.804 24.697 10.245
122 0 2 26.520 10.776 24.653 10.246
123 0 2 26.405 10.794 24.510 10.294
124 0 2 26.347 10.795 24.392 10.239
125 0 2 26.245 10.754 24.407 10.224
126 0 2 26.144 10.800 24.277 10.271
127 0 2 26.044 10.818 24.174 10.201
128 0 2 26.000 10.819 24.045 10.262
129 0 2 25.899 10.807 24.031 10.277
130 0 2 25.884 10.793 23.900 10.237
131 0 2 25.768 10.810 23.811 10.167
132 0 2 25.594 10.800 23.726 10.242
133 0 2 25.581 10.830 23.653 10.215
134 0 2 25.464 10.789 23.539 10.290
135 0 2 25.348 10.807 23.391 10.192
136 0 2 25.304 10.750 23.349 10.252
137 0 2 25.189 10.782 23.261 10.196
138 0 2 25.101 10.756 23.146 10.257
139 0 2 25.014 10.743 23.202 10.183
140 0 2 24.940 10.702 23.100 10.142
141 0 2 24.841 10.777 22.941 10.190
142 0 2 24.739 10.765 22.899 10.234
143 0 2 24.653 10.796 22.783 10.237
144 0 2 24.623 10.754 22.724 10.195
145 0 2 24.520 10.713 22.679 10.153
146 0 2 24.391 10.745 22.549 10.157
147 0 2 24.319 10.762 22.475 10.115
148 0 2 24.259 10.677 22.388 10.117
149 0 2 24.173 10.722 22.329 10.075
150 0 2 24.056 10.696 22.184 10.079
151 0 2 23.985 10.756 22.110 10.023
152 0 2 23.941 10.728 22.010 10.084
153 0 2 23.766 10.675 21.922 10.057
154 0 2 23.737 10.690 21.775 9.988
155 0 2 23.579 10.723 21.792 10.075
156 0 2 23.506 10.711 21.688 9.976
157 0 2 23.432 10.669 21.616 10.022
158 0 2 23.403 10.656 21.500 10.010
159 0 2 23.345 10.672 21.411 9.940
160 0 2 23.228 10.617 21.354 9.970
161 0 2 23.098 10.635 21.252 9.959
162 0 2 22.982 10.638 21.194 9.989
163 0 2 22.938 10.624 21.062 9.920
164 0 2 22.849 10.569 21.004 9.950
165 0 2 22.748 10.557 20.844 9.911
166 0 2 22.632 10.575 20.784 9.869
167 0 2 22.543 10.504 20.670 9.945
168 0 2 22.442 10.536 20.568 9.918
169 0 2 22.369 10.509 20.438 9.951
170 0 2 22.253 10.512 20.380 9.981
171 0 2 22.151 10.486 20.247 9.898
172 0 2 22.036 10.532 20.219 9.913
173 0 2 21.978 10.548 20.132 9.930
174 0 2 21.889 10.478 20.015 9.918
175 0 2 21.859 10.435 19.986 9.904
176 0 2 21.686 10.498 19.810 9.851
177 0 2 21.600 10.515 19.754 9.925
178 0 2 21.541 10.487 19.695 9.898
179 0 2 21.483 10.503 19.636 9.856
180 0 2 21.353 10.507 19.503 9.801
181 0 2 21.279 10.480 19.431 9.832
182 0 2 21.221 10.467 19.343 9.791
183 0 2 21.148 10.469 19.213 9.823
184 0 2 21.018 10.486 19.140 9.810
185 0 2 20.930 10.445 19.081 9.768
186 0 2 20.843 10.448 19.022 9.770
187 0 2 20.784 10.449 18.875 9.716
188 0 2 20.682 10.437 18.833 9.760
189 0 2 20.550 10.368 18.758 9.690
190 0 2 20.478 10.399 18.628 9.722
191 0 2 20.376 10.402 18.524 9.638
192 0 2 20.303 10.360 18.453 9.683
193 0 2 20.200 10.319 18.350 9.671
194 0 2 20.142 10.321 18.262 9.645
195 0 2 19.996 10.296 18.175 9.647
196 0 2 19.893 10.269 18.130 9.590
197 0 2 19.879 10.299 18.027 9.564
198 0 2 19.718 10.260 17.897 9.610
199 0 2 19.689 10.231 17.838 9.554
200 0 2 19.617 10.262 17.737 9.615
201 0 2 19.543 10.221 17.664 9.602
202 0 2 19.383 10.225 17.560 9.518
203 0 2 19.339 10.226 17.489 9.577
204 0 2 19.296 10.227 17.414 9.492
205 0 2 19.106 10.188 17.254 9.511
206 0 2 18.990 10.221 17.166 9.513
207 0 2 18.945 10.178 17.122 9.500
208 0 2 18.930 10.150 16.992 9.532
209 0 2 18.828 10.138 16.977 9.518
210 0 2 18.668 10.142 16.788 9.523
211 0 2 18.609 10.129 16.757 9.480
212 0 2 18.495 10.204 16.698 9.438
213 0 2 18.434 10.119 16.583 9.499
214 0 2 18.332 10.122 16.480 9.473
215 0 2 18.230 10.095 16.378 9.475
216 0 2 18.113 10.098 16.260 9.420
217 0 2 18.040 10.071 16.216 9.422
218 0 2 17.995 10.043 16.116 9.482
219 0 2 17.866 10.090 15.984 9.442
220 0 2 17.807 10.092 15.954 9.443
221 0 2 17.660 10.023 15.837 9.402
222 0 2 17.557 9.997 15.735 9.434
223 0 2 17.499 9.984 15.648 9.422
224 0 2 17.411 9.986 15.590 9.452
225 0 2 17.265 9.975 15.444 9.441
226 0 2 17.281 10.033 15.430 9.471
227 0 2 17.105 9.994 15.430 9.485
228 0 2 17.062 10.024 15.297 9.431
229 0 2 16.975 10.041 15.183 9.506
230 0 2 16.829 10.016 15.036 9.481
231 0 2 16.800 10.016 15.006 9.453
232 0 2 16.713 10.062 14.948 9.469
233 0 2 16.554 10.081 14.846 9.486
234 0 2 16.553 10.052 14.701 9.519
235 0 2 16.378 10.056 14.670 9.461
236 0 2 16.335 10.072 14.657 9.505
237 0 2 16.205 10.133 14.642 9.506
238 0 2 16.161 10.120 14.338 9.586
239 0 2 16.072 10.079 14.220 9.546
240 0 2 15.957 10.154 14.103 9.563
241 0 2 15.871 10.215 14.046 9.594
242 0 2 15.797 10.159 13.913 9.568
243 0 2 15.697 10.248 13.899 9.598
244 0 2 15.579 10.208 13.784 9.644
245 0 2 15.535 10.209 13.682 9.676
246 0 2 15.464 10.284 13.608 9.634
247 0 2 15.304 10.288 13.506 9.666
248 0 2 15.246 10.304 13.418 9.654
249 0 2 15.174 10.349 13.346 9.699
250 0 2 15.086 10.352 13.287 9.671
251 0 2 14.985 10.369 13.188 9.776
252 0 2 14.897 10.371 13.071 9.779
253 0 2 14.825 10.416 13.027 9.795
254 0 2 14.724 10.448 12.955 9.825
255 0 2 14.710 10.478 12.911 9.827
256 0 2 14.594 10.510 12.765 9.830
257 0 2 14.521 10.526 12.750 9.845
258 0 2 14.478 10.556 12.650 9.935
259 0 2 14.348 10.618 12.577 9.937
260 0 2 14.306 10.677 12.533 9.909
261 0 2 14.203 10.665 12.431 9.926
262 0 2 14.174 10.681 12.402 9.942
263 0 2 14.059 10.771 12.317 10.089
264 0 2 14.003 10.845 12.288 10.075
265 0 2 13.931 10.905 12.155 10.021
266 0 2 13.799 10.880 12.143 10.137
267 0 2 13.772 10.953 12.056 10.154
268 0 2 13.701 11.071 11.983 10.185
269 0 2 13.613 11.059 11.984 10.229
270 0 2 13.542 11.134 11.882 10.246
271 0 2 13.485 11.179 11.795 10.292
272 0 2 13.413 11.224 11.782 10.365
273 0 2 13.341 11.299 11.710 10.382
274 0 2 13.255 11.345 11.653 10.456
275 0 2 13.183 11.390 11.608 10.413
276 0 2 13.083 11.495 11.566 10.487
277 0 2 13.054 11.510 11.537 10.502
278 0 2 13.012 11.584 11.494 10.547
279 0 2 12.926 11.659 11.436 10.592
280 0 2 12.811 11.735 11.348 10.580
281 0 2 12.813 11.822 11.352 10.726
282 0 2 12.682 11.855 11.279 10.728
283 0 2 12.626 11.958 11.252 10.830
284 0 2 12.614 12.075 11.208 10.831
285 0 2 12.556 12.105 11.209 10.889
286 0 2 12.471 12.210 11.152 10.964
287 0 2 12.414 12.269 11.122 10.935
288 0 2 12.299 12.374 11.126 11.066
289 0 2 12.287 12.491 11.083 11.126
290 0 2 12.258 12.506 10.996 11.143
291 0 2 12.129 12.583 11.011 11.157
292 0 2 12.117 12.714 10.940 11.290
293 0 2 12.045 12.760 10.956 11.333
294 0 2 12.003 12.863 10.913 11.378
295 0 2 11.919 12.996 10.887 11.509
296 0 2 11.905 13.040 10.903 11.582
297 0 2 11.834 13.144 10.831 11.598
298 0 2 11.867 13.260 10.832 11.657
299 0 2 11.723 13.380 10.804 11.716
300 0 2 11.737 13.365 10.733 11.819
301 0 2 11.668 13.527 10.750 11.892
302 0 2 11.640 13.572 10.811 11.992
303 0 2 11.554 13.661 10.782 12.022
304 0 2 11.615 13.747 10.754 12.081
305 0 2 11.515 13.881 10.683 12.156
306 0 2 11.560 13.923 10.669 12.200
307 0 2 11.459 13.999 10.628 12.332
308 0 2 11.418 14.088 10.644 12.390
309 0 2 11.390 14.176 10.648 12.535
310 0 2 11.393 14.278 10.618 12.522
311 0 2 11.378 14.278 10.637 12.696
312 0 2 11.351 14.366 10.606 12.638
313 0 2 11.368 14.468 10.595 12.770
314 0 2 11.327 14.600 10.552 12.844
315 0 2 11.315 14.702 10.657 12.914
316 0 2 11.331 14.775 10.557 13.019
317 0 2 11.319 14.848 10.574 13.149
318 0 2 11.262 14.937 10.488 13.210
319 0 2 11.205 14.997 10.518 13.238
320 0 2 11.237 15.113 10.463 13.385
321 0 2 11.179 15.143 10.491 13.355
322 0 2 11.183 15.303 10.525 13.544
323 0 2 11.139 15.319 10.511 13.559
324 0 2 11.187 15.464 10.441 13.706
325 0 2 11.174 15.551 10.486 13.734
326 0 2 11.130 15.538 10.445 13.867
327 0 2 11.089 15.670 10.461 13.910
328 0 2 11.104 15.699 10.448 13.998
329 0 2 11.136 15.815 10.390 14.028
330 0 2 11.140 15.946 10.451 14.129
331 0 2 11.083 16.021 10.453 14.202
332 0 2 11.084 16.079 10.396 14.262
333 0 2 11.027 16.124 10.369 14.393
334 0 2 11.104 16.282 10.385 14.437
335 0 2 11.046 16.313 10.388 14.553
336 0 2 11.049 16.444 10.389 14.597
337 0 2 11.050 16.473 10.421 14.713
338 0 2 11.097 16.603 10.409 14.844
339 0 2 11.039 16.649 10.409 14.830
340 0 2 11.027 16.766 10.397 14.917
341 0 2 11.045 16.896 10.414 15.019
342 0 2 11.031 16.940 10.401 15.092
343 0 2 11.062 17.012 10.403 15.194
344 0 2 11.035 17.101 10.406 15.311
345 0 2 11.037 17.188 10.407 15.340
346 0 2 11.039 17.261 10.408 15.384
347 0 2 11.055 17.304 10.426 15.543
348 0 2 11.058 17.421 10.399 15.632
349 0 2 11.075 17.523 10.417 15.792
350 0 2 11.049 17.669 10.419 15.850
351 0 2 11.051 17.742 10.420 15.923
352 0 2 11.067 17.829 10.438 16.039
353 0 2 11.069 17.887 10.409 16.069
354 0 2 11.029 18.049 10.455 16.140
355 0 2 11.116 18.046 10.400 16.288
356 0 2 11.074 18.120 10.446 16.389
357 0 2 11.165 18.235 10.476 16.417
358 0 2 11.138 18.352 10.509 16.562
359 0 2 11.169 18.424 10.512 16.693
360 0 2 11.141 18.469 10.513 16.737
361 0 2 11.159 18.599 10.530 16.809
362 0 2 11.220 18.685 10.503 16.927
363 0 2 11.164 18.803 10.564 17.041
364 0 2 11.224 18.875 10.536 17.086
365 0 2 11.168 18.964 10.540 17.232
366 0 2 11.244 19.078 10.586 17.318
367 0 2 11.261 19.165 10.573 17.406
368 0 2 11.277 19.238 10.620 17.507
369 0 2 11.337 19.309 10.504 17.583
370 0 2 11.310 19.397 10.624 17.696
371 0 2 11.327 19.499 10.670 17.768
372 0 2 11.329 19.572 10.614 17.871
373 0 2 11.362 19.717 10.732 17.897
374 0 2 11.364 19.819 10.736 18.087
375 0 2 11.423 19.832 10.738 18.160
376 0 2 11.457 20.006 10.770 18.275
377 0 2 11.443 20.064 10.639 18.308
378 0 2 11.459 20.122 10.773 18.392
379 0 2 11.463 20.283 10.805 18.522
380 0 2 11.494 20.355 10.806 18.566
381 0 2 11.481 20.399 10.824 18.697
382 0 2 11.515 20.617 10.827 18.828
383 0 2 11.531 20.645 10.872 18.885
384 0 2 11.562 20.732 10.905 19.030
385 0 2 11.578 20.805 10.893 19.132
386 0 2 11.583 20.994 10.894 19.176
387 0 2 11.614 21.066 10.957 19.335
388 0 2 11.614 21.066 10.929 19.394
389 0 2 11.706 21.224 10.872 19.498
390 0 2 11.649 21.313 10.932 19.554
391 0 2 11.680 21.371 10.994 19.669
392 0 2 11.684 21.546 11.025 19.756
393 0 2 11.670 21.575 10.983 19.845
394 0 2 11.762 21.748 11.044 19.930
395 0 2 11.733 21.748 11.076 20.017
397 0 2 11.798 22.024 11.021 20.208
398 0 2 11.800 22.082 11.113 20.352
399 0 2 11.817 22.184 11.159 20.452
400 0 2 11.849 22.314 11.103 20.556
401 0 2 11.851 22.372 11.192 20.612
402 0 2 11.897 22.459 11.209 20.699
403 0 2 11.855 22.562 11.227 20.830
404 0 2 11.887 22.663 11.257 20.843
405 0 2 11.919 22.779 11.230 20.961
406 0 2 11.921 22.867 11.204 21.079
407 0 2 11.923 22.940 11.294 21.178
408 0 2 11.954 23.012 11.266 21.252
409 0 2 11.971 23.113 11.255 21.384
410 0 2 11.975 23.274 11.317 21.542
411 0 2 11.978 23.390 11.377 21.570
412 0 2 11.995 23.521 11.335 21.673
413 0 2 11.996 23.565 11.366 21.745
414 0 2 12.042 23.622 11.413 21.860
415 0 2 12.089 23.767 11.372 21.979
416 0 2 12.061 23.811 11.403 22.051
417 0 2 12.107 23.897 11.420 22.138
418 0 2 12.095 24.000 11.437 22.268
419 0 2 12.127 24.130 11.439 22.341
420 0 2 12.144 24.217 11.484 22.398
421 0 2 12.132 24.335 11.503 22.544
422 0 2 12.178 24.406 11.520 22.646
423 0 2 12.195 24.523 11.508 22.763
424 0 2 12.256 24.594 11.510 22.836
425 0 2 12.229 24.697 11.571 22.936
426 0 2 12.261 24.798 11.543 23.010
427 0 2 12.248 24.901 11.618 23.080
428 0 2 12.295 25.001 11.636 23.211
429 0 2 12.296 25.060 11.638 23.299
430 0 2 12.299 25.176 11.640 23.386
431 0 2 12.360 25.277 11.673 23.546
432 0 2 12.362 25.364 11.675 23.604
433 0 2 12.364 25.437 11.677 23.707
434 0 2 12.411 25.567 11.724 23.837
435 0 2 12.443 25.668 11.813 23.848
436 0 2 12.460 25.756 11.743 23.997
437 0 2 12.492 25.886 11.775 24.127
438 0 2 12.523 25.958 11.837 24.256
439 0 2 12.540 26.030 11.795 24.360
440 0 2 12.527 26.133 11.841 24.402
442 0 2 12.562 26.366 11.933 24.604
444 0 2 12.625 26.539 11.880 24.839
445 0 2 12.657 26.655 11.911 24.897
446 0 2 12.673 26.698 11.985 24.938
447 0 2 12.718 26.755 12.033 25.083
448 0 2 12.678 26.903 12.020 25.142
449 0 2 12.753 26.973 12.066 25.242
450 0 2 12.741 27.105 12.083 25.344
451 0 2 12.817 27.219 12.072 25.491
452 0 2 12.820 27.307 12.103 25.577
453 0 2 12.822 27.424 12.164 25.663
454 0 2 12.840 27.525 12.211 25.764
455 0 2 12.871 27.597 12.184 25.867
456 0 2 12.931 27.669 12.185 25.940
457 0 2 12.932 27.727 12.187 25.998
458 0 2 12.966 27.887 12.219 26.129
459 0 2 12.951 27.902 12.265 26.200
460 0 2 13.028 28.045 12.341 26.315
461 0 2 13.030 28.133 12.342 26.373
462 0 2 13.048 28.249 12.302 26.520
463 0 2 13.077 28.263 12.332 26.534
464 0 2 13.080 28.394 12.393 26.663
465 0 2 13.127 28.495 12.380 26.708
466 0 2 13.142 28.538 12.456 26.837
467 0 2 13.158 28.567 12.415 26.955
468 0 2 13.173 28.596 12.402 27.014
469 0 2 13.221 28.769 12.537 27.126
470 0 2 13.239 28.900 12.493 27.142
471 0 2 13.331 29.058 12.496 27.274
472 0 2 13.317 29.073 12.513 27.346
473 0 2 13.335 29.204 12.560 27.476
474 0 2 13.307 29.293 12.502 27.537
475 0 2 13.353 29.350 12.636 27.620
476 0 2 13.341 29.467 12.653 27.707
477 0 2 13.415 29.508 12.640 27.751
478 0 2 13.417 29.596 12.643 27.897
479 0 2 13.405 29.699 12.601 27.972
480 0 2 13.422 29.786 12.647 28.058
481 0 2 13.424 29.859 12.707 28.129
482 0 2 13.486 30.003 12.709 28.217
483 0 2 13.429 30.078 12.652 28.262
484 0 2 13.416 30.151 12.669 28.364
485 0 2 13.405 30.283 12.715 28.465
486 0 2 13.405 30.298 12.747 28.537
487 0 2 13.348 30.388 12.690 28.627
488 0 2 13.351 30.490 12.690 28.612
0 1 2 32.231 9.024 30.429 8.406
1 1 2 32.174 9.025 30.345 8.495
2 1 2 32.203 9.024 30.315 8.438
3 1 2 32.159 8.997 30.301 8.467
4 1 2 32.116 9.012 30.313 8.394
5 1 2 32.116 9.012 30.342 8.394
6 1 2 32.103 9.070 30.326 8.336
7 1 2 32.073 9.028 30.299 8.409
8 1 2 32.088 9.056 30.285 8.410
9 1 2 32.048 9.144 30.240 8.353
10 1 2 32.060 9.057 30.314 8.409
11 1 2 32.046 9.072 30.210 8.282
12 1 2 32.002 9.044 30.227 8.397
13 1 2 31.974 9.088 30.197 8.354
14 1 2 31.930 9.075 30.153 8.341
15 1 2 31.988 9.073 30.181 8.311
16 1 2 31.902 9.075 30.124 8.313
17 1 2 31.930 9.060 30.095 8.328
18 1 2 31.916 9.075 30.053 8.343
19 1 2 31.887 9.061 30.055 8.444
20 1 2 31.758 9.093 29.923 8.361
21 1 2 31.787 9.107 29.953 8.404
22 1 2 31.744 9.108 29.937 8.317
23 1 2 31.715 9.095 29.908 8.333
24 1 2 31.715 9.109 29.908 8.347
25 1 2 31.701 9.109 29.981 8.374
26 1 2 31.628 9.054 29.996 8.374
27 1 2 31.598 9.040 29.853 8.421
28 1 2 31.540 9.027 29.679 8.411
29 1 2 31.513 9.071 29.681 8.454
30 1 2 31.483 9.043 29.652 8.455
31 1 2 31.454 9.015 29.737 8.424
32 1 2 31.370 9.118 29.566 8.500
33 1 2 31.369 9.075 29.508 8.458
34 1 2 31.253 9.063 29.478 8.445
35 1 2 31.239 9.078 29.407 8.461
36 1 2 31.168 9.109 29.335 8.463
37 1 2 31.112 9.168 29.304 8.406
38 1 2 31.024 9.127 29.220 8.509
39 1 2 30.982 9.171 29.176 8.467
40 1 2 30.968 9.186 29.133 8.482
41 1 2 30.910 9.144 29.048 8.528
42 1 2 30.824 9.175 28.990 8.529
43 1 2 30.794 9.133 28.962 8.544
44 1 2 30.709 9.193 28.989 8.486
45 1 2 30.652 9.194 28.817 8.548
46 1 2 30.624 9.238 28.789 8.563
47 1 2 30.553 9.283 28.716 8.551
48 1 2 30.467 9.286 28.659 8.552
49 1 2 30.437 9.243 28.689 8.595
50 1 2 30.338 9.318 28.734 8.666
51 1 2 30.282 9.377 28.501 8.614
52 1 2 30.223 9.350 28.474 8.672
53 1 2 30.223 9.335 28.416 8.660
54 1 2 30.108 9.338 28.330 8.691
55 1 2 30.021 9.326 28.214 8.650
56 1 2 29.949 9.357 28.144 8.739
57 1 2 29.891 9.344 28.145 8.782
58 1 2 29.820 9.389 28.014 8.742
59 1 2 29.706 9.406 27.899 8.759
60 1 2 29.604 9.394 27.826 8.747
61 1 2 29.577 9.439 27.767 8.705
62 1 2 29.490 9.441 27.682 8.765
63 1 2 29.402 9.400 27.568 8.811
64 1 2 29.360 9.444 27.495 8.799
65 1 2 29.216 9.448 27.438 8.829
66 1 2 29.088 9.523 27.220 8.791
67 1 2 29.001 9.497 27.222 8.849
68 1 2 28.901 9.557 27.119 8.794
69 1 2 28.843 9.515 27.035 8.897
70 1 2 28.729 9.605 26.946 8.813
71 1 2 28.728 9.547 26.891 8.901
72 1 2 28.540 9.538 26.732 8.919
73 1 2 28.499 9.640 26.689 8.906
74 1 2 28.396 9.570 26.560 8.982
75 1 2 28.282 9.602 26.443 8.927
76 1 2 28.153 9.634 26.401 8.957
77 1 2 28.052 9.651 26.299 8.945
78 1 2 27.966 9.697 26.126 8.964
79 1 2 27.923 9.684 26.056 9.038
80 1 2 27.735 9.674 25.898 9.085
81 1 2 27.591 9.692 25.811 9.073
82 1 2 27.564 9.780 25.697 9.163
83 1 2 27.390 9.755 25.521 9.081
84 1 2 27.290 9.801 25.422 9.156
85 1 2 27.204 9.833 25.365 9.186
86 1 2 27.058 9.764 25.248 9.146
87 1 2 26.957 9.796 25.118 9.178
88 1 2 26.858 9.856 25.018 9.209
89 1 2 26.742 9.859 24.930 9.183
90 1 2 26.584 9.892 24.744 9.245
91 1 2 26.481 9.837 24.642 9.219
92 1 2 26.339 9.913 24.498 9.266
93 1 2 26.194 9.917 24.438 9.181
94 1 2 26.121 9.890 24.222 9.244
95 1 2 25.934 9.952 24.151 9.304
96 1 2 25.819 9.955 23.978 9.337
97 1 2 25.703 9.973 23.832 9.298
98 1 2 25.472 9.964 23.688 9.345
99 1 2 25.413 9.951 23.630 9.332
100 1 2 25.256 10.013 23.356 9.397
101 1 2 25.098 10.075 23.314 9.427
102 1 2 24.956 10.166 23.167 9.373
103 1 2 24.809 10.098 23.052 9.419
104 1 2 24.666 10.159 22.849 9.396
105 1 2 24.578 10.147 22.735 9.471
106 1 2 24.391 10.166 22.635 9.546
107 1 2 24.218 10.200 22.460 9.521
108 1 2 24.072 10.189 22.287 9.569
109 1 2 23.900 10.266 22.228 9.527
110 1 2 23.798 10.240 22.042 9.619
111 1 2 23.711 10.228 21.810 9.640
112 1 2 23.510 10.291 21.810 9.640
113 1 2 23.379 10.280 21.562 9.603
114 1 2 23.177 10.328 21.449 9.707
115 1 2 23.090 10.316 21.244 9.669
116 1 2 22.915 10.306 21.070 9.659
117 1 2 22.742 10.340 20.955 9.720
118 1 2 22.568 10.359 20.723 9.740
119 1 2 22.423 10.363 20.636 9.743
120 1 2 22.251 10.425 20.550 9.774
121 1 2 22.120 10.414 20.245 9.796
122 1 2 22.019 10.431 20.202 9.812
123 1 2 21.802 10.480 20.012 9.802
124 1 2 21.642 10.456 19.855 9.893
125 1 2 21.469 10.518 19.737 9.838
126 1 2 21.369 10.564 19.636 9.856
127 1 2 21.164 10.526 19.433 9.904
128 1 2 21.005 10.545 19.272 9.865
129 1 2 20.846 10.592 19.113 9.913
130 1 2 20.643 10.612 18.968 9.931
131 1 2 20.556 10.600 18.707 9.981
132 1 2 20.383 10.677 18.591 9.999
133 1 2 20.179 10.639 18.504 9.987
134 1 2 20.049 10.671 18.374 10.048
135 1 2 19.963 10.717 18.143 10.127
136 1 2 19.729 10.694 17.939 10.103
137 1 2 19.570 10.713 17.981 10.058
138 1 2 19.367 10.762 17.694 10.225
139 1 2 19.266 10.794 17.561 10.142
140 1 2 19.107 10.827 17.254 10.121
141 1 2 18.991 10.830 17.169 10.210
142 1 2 18.817 10.893 17.023 10.214
143 1 2 18.643 10.897 16.937 10.245
144 1 2 18.527 10.944 16.821 10.292
145 1 2 18.354 10.977 16.646 10.296
146 1 2 18.151 11.012 16.501 10.329
147 1 2 18.006 11.059 16.212 10.409
148 1 2 17.817 11.093 16.051 10.413
149 1 2 17.630 11.156 15.920 10.417
150 1 2 17.543 11.173 15.776 10.493
151 1 2 17.338 11.164 15.573 10.542
152 1 2 17.181 11.270 15.443 10.589
153 1 2 17.021 11.303 15.254 10.623
154 1 2 16.877 11.394 15.108 10.627
155 1 2 16.703 11.428 14.962 10.660
156 1 2 16.544 11.461 14.773 10.665
157 1 2 16.384 11.509 14.585 10.772
158 1 2 16.211 11.557 14.499 10.817
159 1 2 16.022 11.620 14.251 10.853
160 1 2 15.908 11.710 14.136 10.914
161 1 2 15.719 11.730 14.006 10.961
162 1 2 15.530 11.764 13.878 11.110
163 1 2 15.371 11.826 13.659 11.145
164 1 2 15.226 11.903 13.572 11.162
165 1 2 15.082 11.950 13.399 11.268
166 1 2 14.925 12.100 13.267 11.243
167 1 2 14.764 12.119 13.079 11.349
168 1 2 14.651 12.253 12.935 11.426
169 1 2 14.476 12.258 12.820 11.516
170 1 2 14.273 12.336 12.645 11.536
171 1 2 14.130 12.456 12.529 11.597
172 1 2 13.985 12.533 12.385 11.703
173 1 2 13.827 12.653 12.196 11.737
174 1 2 13.682 12.686 12.080 11.798
175 1 2 13.538 12.763 11.964 11.845
176 1 2 13.438 12.897 11.777 11.981
177 1 2 13.295 13.002 11.721 12.084
178 1 2 13.107 13.095 11.473 12.120
179 1 2 12.977 13.186 11.461 12.237
180 1 2 12.789 13.278 11.302 12.299
181 1 2 12.661 13.413 11.172 12.376
182 1 2 12.518 13.548 11.115 12.450
183 1 2 12.388 13.624 10.957 12.585
184 1 2 12.246 13.803 10.812 12.677
185 1 2 12.087 13.894 10.655 12.826
186 1 2 11.958 14.000 10.584 12.930
187 1 2 11.902 14.147 10.469 13.021
188 1 2 11.744 14.253 10.370 13.184
189 1 2 11.656 14.256 10.223 13.188
190 1 2 11.514 14.449 10.080 13.323
191 1 2 11.386 14.598 10.039 13.441
192 1 2 11.242 14.690 9.895 13.561
193 1 2 11.099 14.839 9.781 13.710
194 1 2 11.044 15.016 9.695 13.771
195 1 2 10.900 15.122 9.610 13.904
196 1 2 10.786 15.256 9.465 14.010
197 1 2 10.657 15.391 9.366 14.144
198 1 2 10.528 15.511 9.325 14.262
199 1 2 10.459 15.688 9.166 14.383
200 1 2 10.388 15.807 9.095 14.473
201 1 2 10.230 15.914 8.996 14.636
202 1 2 10.117 16.106 8.911 14.769
203 1 2 9.974 16.271 8.797 14.904
204 1 2 9.888 16.346 8.712 15.037
205 1 2 9.804 16.524 8.656 15.185
206 1 2 9.763 16.671 8.586 15.304
207 1 2 9.590 16.807 8.472 15.467
208 1 2 9.491 16.970 8.459 15.541
209 1 2 9.407 17.119 8.345 15.690
210 1 2 9.323 17.311 8.290 15.852
211 1 2 9.224 17.445 8.190 15.957
212 1 2 9.153 17.578 8.179 16.118
213 1 2 9.054 17.742 8.080 16.281
214 1 2 8.985 17.904 8.068 16.413
215 1 2 8.915 18.067 7.997 16.517
216 1 2 8.846 18.244 7.927 16.665
217 1 2 8.820 18.391 7.900 16.782
218 1 2 8.766 18.582 7.817 16.975
219 1 2 8.709 18.686 7.879 17.133
220 1 2 8.596 18.879 7.795 17.297
221 1 2 8.630 19.068 7.769 17.429
222 1 2 8.605 19.244 7.771 17.545
223 1 2 8.595 19.449 7.761 17.750
224 1 2 8.540 19.597 7.735 17.868
225 1 2 8.514 19.729 7.711 18.117
226 1 2 8.503 19.919 7.728 18.218
227 1 2 8.449 20.125 7.702 18.365
228 1 2 8.453 20.271 7.706 18.540
229 1 2 8.457 20.432 7.710 18.701
230 1 2 8.518 20.547 7.684 18.848
231 1 2 8.361 20.756 7.645 19.054
232 1 2 8.336 20.918 7.589 19.187
233 1 2 8.354 21.063 7.579 19.362
234 1 2 8.315 21.284 7.624 19.434
235 1 2 8.288 21.387 7.571 19.684
236 1 2 8.306 21.518 7.561 19.874
237 1 2 8.296 21.723 7.520 19.992
238 1 2 8.255 21.870 7.509 20.139
239 1 2 8.243 21.987 7.527 20.314
240 1 2 8.277 22.176 7.561 20.474
241 1 2 8.237 22.338 7.490 20.607
242 1 2 8.270 22.498 7.495 20.797
243 1 2 8.215 22.675 7.528 20.971
244 1 2 8.263 22.820 7.457 21.091
245 1 2 8.283 23.039 7.507 21.338
246 1 2 8.271 23.185 7.553 21.424
247 1 2 8.245 23.318 7.586 21.554
248 1 2 8.278 23.463 7.561 21.731
249 1 2 8.267 23.610 7.491 21.908
250 1 2 8.359 23.782 7.614 22.109
251 1 2 8.333 23.944 7.587 22.242
252 1 2 8.381 24.103 7.548 22.433
253 1 2 8.400 24.293 7.684 22.619
254 1 2 8.419 24.438 7.674 22.795
255 1 2 8.482 24.612 7.677 22.912
256 1 2 8.514 24.743 7.710 23.071
257 1 2 8.577 24.931 7.744 23.260
258 1 2 8.640 25.075 7.776 23.376
259 1 2 8.687 25.205 7.795 23.566
260 1 2 8.749 25.349 7.887 23.739
261 1 2 8.826 25.478 7.876 23.871
262 1 2 8.844 25.639 7.954 24.087
263 1 2 8.921 25.783 8.002 24.232
264 1 2 8.999 25.956 8.019 24.349
265 1 2 9.105 26.098 8.126 24.521
266 1 2 9.138 26.244 8.189 24.665
267 1 2 9.214 26.373 8.208 24.884
268 1 2 9.290 26.473 8.285 25.013
269 1 2 9.397 26.630 8.392 25.171
270 1 2 9.443 26.716 8.322 25.319
271 1 2 9.578 26.844 8.545 25.444
272 1 2 9.700 27.001 8.608 25.603
273 1 2 9.805 27.114 8.655 25.718
274 1 2 9.852 27.215 8.761 25.846
275 1 2 9.959 27.387 8.808 25.962
276 1 2 10.063 27.457 8.914 26.119
277 1 2 10.227 27.554 8.991 26.248
278 1 2 10.275 27.698 8.979 26.366
279 1 2 10.424 27.796 8.981 26.468
280 1 2 10.515 27.924 9.250 26.620
281 1 2 10.591 28.024 9.357 26.807
282 1 2 10.814 28.148 9.402 26.849
283 1 2 10.861 28.249 9.509 27.007
284 1 2 10.996 28.362 9.642 27.061
285 1 2 11.115 28.431 9.824 27.274
286 1 2 11.219 28.501 9.811 27.348
287 1 2 11.310 28.629 9.992 27.532
288 1 2 11.519 28.768 10.140 27.586
289 1 2 11.566 28.884 10.245 27.670
290 1 2 11.732 29.054 10.291 27.756
291 1 2 11.807 29.124 10.455 27.853
292 1 2 11.867 29.195 10.514 27.866
293 1 2 12.017 29.307 10.519 28.071
294 1 2 12.123 29.435 10.682 28.138
295 1 2 12.271 29.503 10.832 28.294
296 1 2 12.288 29.605 10.848 28.308
297 1 2 12.466 29.687 10.642 28.315
298 1 2 12.499 29.817 11.002 28.610
299 1 2 12.634 29.944 11.284 28.732
300 1 2 12.769 30.086 11.417 28.786
301 1 2 12.918 30.198 11.478 28.872
302 1 2 13.023 30.282 11.672 29.012
303 1 2 13.070 30.383 11.776 29.081
304 1 2 13.146 30.512 11.853 29.210
305 1 2 13.282 30.668 11.929 29.339
306 1 2 13.356 30.724 12.064 29.452
307 1 2 13.447 30.823 12.183 29.521
308 1 2 13.568 30.965 12.217 29.695
309 1 2 13.659 31.108 12.334 29.691
310 1 2 13.690 31.195 12.484 29.832
311 1 2 13.751 31.280 12.576 30.005
0 2 2 32.384 7.707 30.693 6.942
1 2 2 32.327 7.752 30.636 6.958
2 2 2 32.328 7.766 30.694 6.971
3 2 2 32.356 7.737 30.578 6.945
4 2 2 32.384 7.722 30.664 6.928
5 2 2 32.328 7.766 30.577 6.916
6 2 2 32.354 7.694 30.665 6.957
7 2 2 32.340 7.708 30.593 6.973
8 2 2 32.383 7.693 30.609 7.016
9 2 2 32.385 7.765 30.608 7.002
10 2 2 32.384 7.707 30.665 6.971
11 2 2 32.284 7.753 30.594 7.017
12 2 2 32.283 7.724 30.593 6.988
13 2 2 32.298 7.738 30.636 6.972
14 2 2 32.283 7.724 30.653 7.073
15 2 2 32.355 7.708 30.639 7.088
16 2 2 32.313 7.752 30.653 7.073
17 2 2 32.284 7.753 30.594 7.017
18 2 2 32.298 7.753 30.553 7.075
19 2 2 32.297 7.709 30.552 7.061
20 2 2 32.298 7.724 30.581 7.075
21 2 2 32.284 7.767 30.595 7.031
22 2 2 32.212 7.740 30.580 7.031
23 2 2 32.242 7.797 30.552 7.061
24 2 2 32.169 7.770 30.539 7.090
25 2 2 32.168 7.727 30.482 7.135
26 2 2 32.141 7.771 30.510 7.091
27 2 2 32.169 7.756 30.510 7.105
28 2 2 32.154 7.742 30.467 7.121
29 2 2 32.213 7.769 30.438 7.121
30 2 2 32.113 7.829 30.423 7.093
31 2 2 32.170 7.799 30.309 7.125
32 2 2 32.053 7.730 30.396 7.137
33 2 2 32.040 7.759 30.266 7.140
34 2 2 32.070 7.816 30.237 7.141
35 2 2 31.982 7.746 30.237 7.126
36 2 2 31.952 7.733 30.151 7.143
37 2 2 31.881 7.749 30.165 7.128
38 2 2 31.852 7.749 30.108 7.159
39 2 2 31.823 7.750 30.079 7.159
40 2 2 31.737 7.752 29.991 7.104
41 2 2 31.693 7.710 29.978 7.147
42 2 2 31.650 7.740 29.964 7.148
43 2 2 31.608 7.770 29.861 7.093
44 2 2 31.594 7.799 29.819 7.122
45 2 2 31.494 7.802 29.804 7.123
46 2 2 31.450 7.788 29.675 7.140
47 2 2 31.422 7.832 29.732 7.125
48 2 2 31.349 7.791 29.660 7.112
49 2 2 31.277 7.764 29.500 7.087
50 2 2 31.276 7.750 29.532 7.187
51 2 2 31.233 7.765 29.400 7.118
52 2 2 31.104 7.768 29.414 7.089
53 2 2 31.118 7.768 29.315 7.178
54 2 2 30.988 7.757 29.329 7.135
55 2 2 31.018 7.785 29.272 7.165
56 2 2 30.860 7.789 29.229 7.166
57 2 2 30.816 7.776 29.186 7.182
58 2 2 30.745 7.806 29.228 7.152
59 2 2 30.714 7.749 29.055 7.156
60 2 2 30.601 7.810 28.940 7.159
61 2 2 30.673 7.823 28.869 7.204
62 2 2 30.485 7.813 28.796 7.162
63 2 2 30.429 7.858 28.682 7.237
64 2 2 30.430 7.886 28.681 7.209
65 2 2 30.356 7.831 28.610 7.239
66 2 2 30.301 7.919 28.553 7.270
67 2 2 30.229 7.920 28.481 7.271
68 2 2 30.086 7.953 28.395 7.302
69 2 2 30.041 7.911 28.352 7.318
70 2 2 29.971 7.970 28.278 7.233
71 2 2 29.899 8.001 28.209 7.350
72 2 2 29.827 7.974 28.165 7.323
73 2 2 29.755 8.004 28.092 7.324
74 2 2 29.727 8.034 27.949 7.357
75 2 2 29.597 8.023 27.906 7.372
76 2 2 29.569 8.053 27.819 7.375
77 2 2 29.470 8.127 27.805 7.360
78 2 2 29.412 8.129 27.718 7.363
79 2 2 29.368 8.072 27.619 7.452
80 2 2 29.225 8.133 27.476 7.484
81 2 2 29.168 8.178 27.505 7.498
82 2 2 29.083 8.209 27.390 7.530
83 2 2 28.995 8.183 27.331 7.473
84 2 2 28.967 8.198 27.216 7.520
85 2 2 28.882 8.243 27.218 7.563
86 2 2 28.810 8.274 27.145 7.536
87 2 2 28.739 8.319 27.074 7.610
88 2 2 28.652 8.307 26.958 7.598
89 2 2 28.579 8.280 26.915 7.599
90 2 2 28.510 8.397 26.755 7.575
91 2 2 28.407 8.327 26.712 7.561
92 2 2 28.352 8.401 26.656 7.635
93 2 2 28.236 8.390 26.482 7.625
94 2 2 28.206 8.376 26.454 7.669
95 2 2 28.091 8.379 26.367 7.642
96 2 2 27.991 8.410 26.238 7.703
97 2 2 27.860 8.399 26.168 7.777
98 2 2 27.817 8.386 26.065 7.736
99 2 2 27.702 8.432 26.006 7.666
100 2 2 27.616 8.434 25.863 7.756
101 2 2 27.457 8.438 25.822 7.815
102 2 2 27.386 8.484 25.749 7.802
103 2 2 27.285 8.486 25.561 7.807
104 2 2 27.285 8.501 25.563 7.908
105 2 2 27.157 8.562 25.431 7.825
106 2 2 27.042 8.593 25.344 7.827
107 2 2 27.014 8.623 25.229 7.859
108 2 2 26.855 8.627 25.103 8.007
109 2 2 26.768 8.629 25.072 7.921
110 2 2 26.639 8.676 24.913 7.939
111 2 2 26.483 8.796 24.841 7.970
112 2 2 26.368 8.799 24.756 8.030
113 2 2 26.323 8.756 24.538 7.992
114 2 2 26.208 8.774 24.509 8.007
115 2 2 26.108 8.834 24.352 8.098
116 2 2 25.977 8.780 24.280 8.100
117 2 2 25.849 8.870 24.178 8.102
118 2 2 25.776 8.872 24.047 8.077
119 2 2 25.662 8.918 23.962 8.122
120 2 2 25.532 8.921 23.860 8.125
121 2 2 25.445 8.938 23.745 8.142
122 2 2 25.358 8.911 23.600 8.146
123 2 2 25.215 8.973 23.513 8.148
124 2 2 25.100 9.019 23.397 8.165
125 2 2 24.968 8.950 23.180 8.156
126 2 2 24.808 8.940 23.137 8.172
127 2 2 24.693 8.972 22.906 8.236
128 2 2 24.563 8.961 22.805 8.253
129 2 2 24.433 8.978 22.703 8.241
130 2 2 24.302 8.982 22.660 8.242
131 2 2 24.202 9.013 22.442 8.247
132 2 2 24.084 8.944 22.356 8.264
133 2 2 23.999 9.033 22.211 8.268
134 2 2 23.811 9.038 22.023 8.302
135 2 2 23.707 8.954 21.951 8.332
136 2 2 23.535 9.016 21.834 8.306
137 2 2 23.389 8.991 21.718 8.309
138 2 2 23.331 8.978 21.486 8.301
139 2 2 23.144 9.012 21.384 8.303
140 2 2 22.956 9.045 21.310 8.247
141 2 2 22.913 9.061 21.125 8.382
142 2 2 22.812 9.078 21.023 8.370
143 2 2 22.637 9.039 20.878 8.389
144 2 2 22.537 9.099 20.835 8.419
145 2 2 22.376 9.075 20.617 8.395
146 2 2 22.217 9.079 20.456 8.370
147 2 2 22.072 9.082 20.368 8.344
148 2 2 21.984 9.056 20.164 8.320
149 2 2 21.869 9.088 20.020 8.381
150 2 2 21.709 9.077 19.948 8.398
151 2 2 21.476 9.083 19.861 8.400
152 2 2 21.389 9.057 19.687 8.404
153 2 2 21.259 9.089 19.498 8.409
154 2 2 21.128 9.092 19.368 8.441
155 2 2 21.070 9.079 19.222 8.431
156 2 2 20.852 9.085 19.091 8.434
157 2 2 20.707 9.103 18.946 8.452
158 2 2 20.518 9.108 18.874 8.483
159 2 2 20.475 9.109 18.628 8.547
160 2 2 20.315 9.113 18.582 8.461
161 2 2 20.185 9.131 18.423 8.480
162 2 2 20.039 9.106 18.307 8.512
163 2 2 19.908 9.109 18.204 8.485
164 2 2 19.776 9.069 18.015 8.476
165 2 2 19.618 9.145 17.856 8.523
166 2 2 19.502 9.148 17.710 8.527
167 2 2 19.400 9.166 17.609 8.544
168 2 2 19.181 9.128 17.507 8.561
169 2 2 19.066 9.189 17.391 8.564
170 2 2 18.891 9.179 17.216 8.583
171 2 2 18.833 9.166 17.070 8.543
172 2 2 18.643 9.156 16.969 8.589
173 2 2 18.542 9.202 16.810 8.666
174 2 2 18.454 9.161 16.663 8.597
175 2 2 18.221 9.167 16.488 8.602
176 2 2 18.121 9.213 16.388 8.677
177 2 2 18.005 9.259 16.299 8.635
178 2 2 17.845 9.249 16.171 8.740
179 2 2 17.641 9.254 16.024 8.715
180 2 2 17.612 9.255 15.849 8.719
181 2 2 17.467 9.302 15.763 8.765
182 2 2 17.291 9.263 15.529 8.757
183 2 2 17.221 9.367 15.457 8.802
184 2 2 17.075 9.370 15.312 8.835
185 2 2 16.800 9.421 15.181 8.853
186 2 2 16.800 9.436 15.122 8.840
187 2 2 16.627 9.498 14.890 8.904
188 2 2 16.568 9.485 14.774 8.921
189 2 2 16.439 9.561 14.701 8.938
190 2 2 16.264 9.595 14.557 8.999
191 2 2 16.106 9.657 14.427 9.061
192 2 2 15.946 9.690 14.239 9.124
193 2 2 15.859 9.736 14.121 9.083
194 2 2 15.700 9.783 14.048 9.100
195 2 2 15.571 9.859 13.917 9.117
196 2 2 15.440 9.906 13.787 9.164
197 2 2 15.311 9.968 13.627 9.227
198 2 2 15.123 10.060 13.527 9.316
199 2 2 15.022 10.121 13.396 9.349
200 2 2 14.907 10.167 13.251 9.396
201 2 2 14.792 10.243 13.166 9.500
202 2 2 14.618 10.306 12.991 9.505
203 2 2 14.489 10.396 12.890 9.565
204 2 2 14.388 10.472 12.789 9.612
205 2 2 14.288 10.561 12.718 9.730
206 2 2 14.115 10.668 12.602 9.776
207 2 2 13.985 10.729 12.472 9.809
208 2 2 13.914 10.804 12.400 9.883
209 2 2 13.828 10.864 12.285 9.974
210 2 2 13.670 10.985 12.155 10.035
211 2 2 13.569 11.046 12.055 10.125
213 2 2 13.354 11.211 11.839 10.291
214 2 2 13.240 11.345 11.753 10.366
215 2 2 13.139 11.391 11.653 10.441
216 2 2 12.979 11.454 11.521 10.474
217 2 2 12.865 11.573 11.436 10.592
218 2 2 12.708 11.723 11.335 10.653
219 2 2 12.607 11.798 11.235 10.729
220 2 2 12.493 11.903 11.121 10.863
221 2 2 12.363 11.994 11.049 10.923
222 2 2 12.278 12.098 10.934 11.028
223 2 2 12.207 12.202 10.864 11.161
224 2 2 12.093 12.336 10.776 11.148
225 2 2 11.949 12.427 10.633 11.298
226 2 2 11.849 12.517 10.532 11.388
227 2 2 11.779 12.650 10.460 11.433
228 2 2 11.693 12.740 10.404 11.551
229 2 2 11.609 12.888 10.379 11.698
230 2 2 11.509 12.993 10.336 11.772
231 2 2 11.395 13.127 10.192 11.848
232 2 2 11.266 13.276 10.092 11.968
233 2 2 11.209 13.321 10.065 12.070
234 2 2 11.125 13.498 9.950 12.161
235 2 2 11.025 13.603 9.908 12.264
236 2 2 10.969 13.721 9.822 12.324
237 2 2 10.869 13.811 9.781 12.471
238 2 2 10.785 13.974 9.666 12.576
239 2 2 10.701 14.137 9.641 12.737
240 2 2 10.615 14.241 9.584 12.812
241 2 2 10.516 14.389 9.485 12.960
242 2 2 10.475 14.522 9.442 13.034
243 2 2 10.403 14.582 9.402 13.210
244 2 2 10.304 14.730 9.361 13.299
245 2 2 10.204 14.850 9.261 13.447
246 2 2 10.165 15.055 9.219 13.536
247 2 2 10.123 15.129 9.266 13.666
248 2 2 10.112 15.304 9.195 13.755
249 2 2 10.057 15.452 9.140 13.903
250 2 2 9.973 15.629 9.143 14.048
251 2 2 9.932 15.732 9.100 14.093
252 2 2 9.876 15.851 9.046 14.270
253 2 2 9.836 16.012 9.034 14.372
254 2 2 9.781 16.160 8.950 14.549
255 2 2 9.739 16.248 8.937 14.637
256 2 2 9.743 16.423 8.941 14.783
257 2 2 9.687 16.542 8.915 14.930
258 2 2 9.646 16.674 8.902 15.003
259 2 2 9.607 16.894 8.861 15.165
260 2 2 9.580 16.982 8.836 15.311
261 2 2 9.523 17.071 8.838 15.428
262 2 2 9.512 17.218 8.768 15.576
263 2 2 9.486 17.364 8.801 15.721
264 2 2 9.505 17.554 8.818 15.822
265 2 2 9.391 17.688 8.764 16.013
266 2 2 9.452 17.789 8.736 16.087
267 2 2 9.367 17.922 8.739 16.218
268 2 2 9.312 18.055 8.685 16.381
269 2 2 9.285 18.158 8.688 16.512
270 2 2 9.289 18.348 8.660 16.586
271 2 2 9.246 18.393 8.620 16.747
272 2 2 9.251 18.583 8.623 16.908
273 2 2 9.209 18.701 8.583 17.055
274 2 2 9.212 18.803 8.585 17.157
275 2 2 9.187 18.993 8.559 17.289
276 2 2 9.203 19.051 8.547 17.406
277 2 2 9.119 19.244 8.493 17.597
278 2 2 9.122 19.375 8.495 17.700
279 2 2 9.110 19.477 8.454 17.803
280 2 2 9.099 19.638 8.444 18.022
281 2 2 9.072 19.727 8.445 18.081
282 2 2 9.076 19.917 8.420 18.271
283 2 2 9.051 20.078 8.394 18.374
284 2 2 9.023 20.152 8.367 18.506
285 2 2 8.984 20.343 8.385 18.637
286 2 2 8.985 20.401 8.330 18.785
287 2 2 8.974 20.562 8.347 18.887
288 2 2 8.933 20.695 8.336 19.048
289 2 2 8.922 20.856 8.295 19.180
290 2 2 8.911 21.017 8.285 19.371
291 2 2 8.914 21.119 8.286 19.414
292 2 2 8.888 21.252 8.260 19.576
293 2 2 8.861 21.355 8.235 19.766
294 2 2 8.895 21.587 8.267 19.882
295 2 2 8.854 21.706 8.225 19.971
296 2 2 8.857 21.837 8.229 20.132
297 2 2 8.831 21.969 8.203 20.264
298 2 2 8.835 22.130 8.206 20.396
299 2 2 8.823 22.233 8.164 20.499
300 2 2 8.825 22.335 8.168 20.660
301 2 2 8.799 22.496 8.172 20.850
302 2 2 8.802 22.613 8.176 20.996
303 2 2 8.776 22.775 8.120 21.129
304 2 2 8.765 22.892 8.106 21.159
305 2 2 8.782 23.023 8.125 21.348
306 2 2 8.785 23.140 8.099 21.495
307 2 2 8.759 23.287 7.984 21.615
308 2 2 8.762 23.419 8.047 21.774
309 2 2 8.736 23.551 7.991 21.878
310 2 2 8.696 23.713 8.009 22.039
311 2 2 8.685 23.874 7.940 22.231
312 2 2 8.689 24.050 7.883 22.320
313 2 2 8.677 24.182 7.931 22.450
314 2 2 8.650 24.285 7.846 22.614
315 2 2 8.624 24.403 7.819 22.732
316 2 2 8.628 24.578 7.795 22.937
317 2 2 8.557 24.712 7.842 23.067
318 2 2 8.559 24.785 7.756 23.172
319 2 2 8.506 25.006 7.671 23.307
320 2 2 8.523 25.108 7.689 23.438
321 2 2 8.481 25.212 7.646 23.512
322 2 2 8.455 25.359 7.622 23.747
323 2 2 8.384 25.478 7.552 23.895
324 2 2 8.358 25.596 7.526 24.013
325 2 2 8.288 25.774 7.456 24.162
326 2 2 8.319 25.831 7.399 24.281
327 2 2 8.235 26.024 7.373 24.413
328 2 2 8.179 26.143 7.287 24.504
329 2 2 8.152 26.261 7.233 24.710
330 2 2 8.084 26.483 7.251 24.841
331 2 2 8.085 26.527 7.193 24.916
332 2 2 8.014 26.617 7.095 25.125
333 2 2 8.001 26.720 7.052 25.170
334 2 2 7.917 26.898 6.997 25.347
335 2 2 7.876 27.031 6.926 25.452
336 2 2 7.819 27.121 6.841 25.572
337 2 2 7.779 27.269 6.829 25.719
338 2 2 7.722 27.359 6.742 25.780
339 2 2 7.681 27.492 6.645 26.032
340 2 2 7.655 27.639 6.557 26.064
341 2 2 7.524 27.717 6.516 26.197
342 2 2 7.483 27.850 6.448 26.419
343 2 2 7.383 27.999 6.348 26.569
344 2 2 7.327 28.104 6.231 26.617
345 2 2 7.242 28.253 6.148 26.825
346 2 2 7.213 28.283 6.091 26.914
347 2 2 7.143 28.418 6.019 26.990
348 2 2 7.042 28.524 5.920 27.184
349 2 2 6.926 28.601 5.835 27.318
350 2 2 6.928 28.703 5.749 27.424
351 2 2 6.783 28.796 5.634 27.574
352 2 2 6.713 28.930 5.504 27.710
353 2 2 6.684 28.975 5.328 27.731
354 2 2 6.583 29.052 5.348 27.950
355 2 2 6.438 29.189 5.232 28.056
356 2 2 6.455 29.261 5.218 28.101
357 2 2 6.266 29.385 5.060 28.253
358 2 2 6.239 29.503 4.943 28.315
359 2 2 6.138 29.565 4.814 28.496
360 2 2 6.037 29.686 4.714 28.616
361 2 2 5.936 29.792 4.613 28.722
362 2 2 5.821 29.899 4.497 28.829
363 2 2 5.778 29.973 4.335 28.849
364 2 2 5.662 30.036 4.337 28.937
365 2 2 5.531 30.143 4.179 29.104
366 2 2 5.415 30.235 4.063 29.225
367 2 2 5.344 30.355 3.961 29.287
368 2 2 5.183 30.419 3.860 29.378
369 2 2 5.155 30.479 3.714 29.471
370 2 2 5.026 30.644 3.643 29.577
371 2 2 4.924 30.707 3.541 29.639
372 2 2 4.838 30.798 3.336 29.734
373 2 2 4.680 30.994 3.324 29.837
374 2 2 4.621 30.981 3.207 29.914
375 2 2 4.463 31.192 3.047 30.037
376 2 2 4.374 31.180 3.048 30.081
377 2 2 4.273 31.287 2.947 30.187
378 2 2 4.173 31.422 2.846 30.294
379 2 2 4.012 31.516 2.714 30.357
380 2 2 3.985 31.605 2.628 30.477
0 3 2 30.316 6.865 28.679 6.010
1 3 2 30.316 6.836 28.622 6.041
2 3 2 30.288 6.894 28.594 6.070
3 3 2 30.244 6.852 28.549 6.028
4 3 2 30.232 6.925 28.420 6.046
5 3 2 30.188 6.926 28.405 6.017
6 3 2 30.188 6.911 28.377 6.061
7 3 2 30.117 6.956 28.335 6.105
8 3 2 30.117 6.956 28.277 6.107
9 3 2 30.103 6.957 28.264 6.136
10 3 2 30.046 6.987 28.263 6.107
11 3 2 30.030 6.930 28.220 6.137
12 3 2 29.959 6.989 28.148 6.139
13 3 2 30.016 6.944 28.178 6.181
14 3 2 29.930 6.975 28.177 6.153
15 3 2 29.915 6.947 28.105 6.154
16 3 2 29.871 6.934 28.034 6.171
17 3 2 29.844 6.977 28.062 6.155
18 3 2 29.785 6.950 28.063 6.184
19 3 2 29.771 6.936 27.933 6.173
20 3 2 29.756 6.951 27.947 6.187
21 3 2 29.698 6.938 27.860 6.175
22 3 2 29.642 6.968 27.918 6.173
23 3 2 29.642 6.968 27.860 6.175
24 3 2 29.598 6.969 27.787 6.148
25 3 2 29.598 6.955 27.818 6.219
26 3 2 29.540 6.942 27.731 6.207
27 3 2 29.541 6.971 27.673 6.179
28 3 2 29.469 6.987 27.688 6.193
29 3 2 29.497 6.972 27.689 6.266
30 3 2 29.410 6.945 27.659 6.209
31 3 2 29.381 6.946 27.603 6.268
32 3 2 29.339 6.976 27.529 6.212
33 3 2 29.323 6.918 27.516 6.241
34 3 2 29.253 6.992 27.559 6.254
35 3 2 29.223 6.964 27.443 6.228
36 3 2 29.281 6.977 27.446 6.329
37 3 2 29.223 6.950 27.415 6.272
38 3 2 29.166 6.994 27.356 6.230
39 3 2 29.152 6.995 27.314 6.260
40 3 2 29.166 6.980 27.300 6.275
41 3 2 29.065 6.982 27.199 6.307
42 3 2 29.036 6.969 27.200 6.321
43 3 2 29.050 6.968 27.213 6.292
44 3 2 29.051 6.997 27.213 6.263
45 3 2 28.936 7.015 27.071 6.367
46 3 2 28.951 7.029 27.142 6.322
47 3 2 28.908 7.059 27.014 6.383
48 3 2 28.865 7.074 27.027 6.340
49 3 2 28.851 7.089 27.042 6.354
50 3 2 28.780 7.119 27.030 6.441
51 3 2 28.751 7.120 27.028 6.383
52 3 2 28.753 7.178 26.943 6.443
53 3 2 28.695 7.165 26.913 6.400
54 3 2 28.653 7.224 26.841 6.431
55 3 2 28.624 7.224 26.841 6.402
56 3 2 28.596 7.254 26.812 6.432
57 3 2 28.552 7.226 26.741 6.462
58 3 2 28.495 7.271 26.711 6.420
59 3 2 28.423 7.273 26.726 6.448
60 3 2 28.379 7.231 26.656 6.522
61 3 2 28.351 7.260 26.568 6.467
62 3 2 28.293 7.262 26.511 6.497
63 3 2 28.264 7.277 26.511 6.511
64 3 2 28.220 7.235 26.438 6.470
65 3 2 28.163 7.265 26.438 6.470
66 3 2 28.206 7.264 26.397 6.586
67 3 2 28.120 7.280 26.338 6.516
68 3 2 28.048 7.282 26.268 6.604
69 3 2 27.962 7.299 26.208 6.533
70 3 2 27.976 7.270 26.136 6.564
71 3 2 27.904 7.286 26.065 6.609
72 3 2 27.889 7.286 26.049 6.552
73 3 2 27.860 7.272 26.050 6.595
74 3 2 27.746 7.319 25.936 6.641
75 3 2 27.716 7.305 25.905 6.570
76 3 2 27.617 7.351 25.863 6.614
77 3 2 27.616 7.322 25.805 6.615
78 3 2 27.574 7.381 25.762 6.645
79 3 2 27.486 7.340 25.648 6.692
80 3 2 27.428 7.327 25.590 6.679
81 3 2 27.357 7.386 25.575 6.650
82 3 2 27.329 7.387 25.547 6.709
83 3 2 27.256 7.389 25.473 6.653
84 3 2 27.185 7.419 25.403 6.741
85 3 2 27.171 7.449 25.361 6.771
86 3 2 27.084 7.422 25.388 6.712
87 3 2 27.055 7.437 25.245 6.759
88 3 2 27.012 7.424 25.171 6.718
89 3 2 26.924 7.397 25.172 6.747
90 3 2 26.826 7.515 25.069 6.691
91 3 2 26.810 7.443 25.028 6.765
92 3 2 26.753 7.473 24.939 6.709
93 3 2 26.709 7.460 24.954 6.723
94 3 2 26.637 7.476 24.853 6.740
95 3 2 26.580 7.492 24.825 6.755
96 3 2 26.521 7.450 24.738 6.772
97 3 2 26.450 7.496 24.664 6.701
98 3 2 26.333 7.441 24.579 6.761
99 3 2 26.275 7.457 24.578 6.718
100 3 2 26.273 7.355 24.464 6.793
101 3 2 26.188 7.430 24.376 6.752
102 3 2 26.131 7.475 24.375 6.738
103 3 2 25.987 7.493 24.231 6.756
104 3 2 25.885 7.466 24.217 6.785
105 3 2 25.886 7.495 24.130 6.758
106 3 2 25.769 7.455 24.013 6.718
107 3 2 25.771 7.527 23.986 6.791
108 3 2 25.653 7.458 23.868 6.721
109 3 2 25.593 7.387 23.869 6.765
110 3 2 25.495 7.491 23.738 6.753
111 3 2 25.436 7.449 23.621 6.684
112 3 2 25.350 7.465 23.566 6.815
113 3 2 25.277 7.467 23.491 6.702
114 3 2 25.191 7.498 23.378 6.820
115 3 2 25.133 7.485 23.347 6.748
116 3 2 25.032 7.502 23.246 6.765
117 3 2 24.973 7.446 23.189 6.796
118 3 2 24.929 7.432 23.117 6.812
119 3 2 24.857 7.463 23.013 6.728
120 3 2 24.725 7.380 22.940 6.701
121 3 2 24.654 7.439 22.841 6.790
122 3 2 24.566 7.398 22.810 6.747
123 3 2 24.522 7.385 22.738 6.764
124 3 2 24.436 7.401 22.593 6.753
125 3 2 24.305 7.390 22.521 6.769
126 3 2 24.261 7.377 22.332 6.759
127 3 2 24.175 7.408 22.360 6.729
128 3 2 24.088 7.410 22.244 6.703
129 3 2 24.043 7.353 22.260 6.761
130 3 2 23.974 7.456 22.160 6.836
131 3 2 23.857 7.416 22.042 6.766
132 3 2 23.813 7.417 21.969 6.739
133 3 2 23.668 7.421 21.912 6.769
134 3 2 23.638 7.378 21.795 6.758
135 3 2 23.551 7.380 21.797 6.816
136 3 2 23.436 7.383 21.651 6.790
137 3 2 23.306 7.415 21.549 6.793
138 3 2 23.292 7.430 21.447 6.752
139 3 2 23.190 7.418 21.346 6.769
140 3 2 23.089 7.421 21.302 6.770
141 3 2 23.074 7.435 21.202 6.816
142 3 2 22.974 7.481 21.158 6.803
143 3 2 22.860 7.542 21.040 6.748
144 3 2 22.828 7.427 20.983 6.807
145 3 2 22.685 7.503 20.837 6.738
146 3 2 22.669 7.446 20.736 6.770
147 3 2 22.526 7.521 20.678 6.785
148 3 2 22.424 7.510 20.634 6.772
149 3 2 22.352 7.526 20.592 6.817
150 3 2 22.221 7.544 20.432 6.835
151 3 2 22.177 7.516 20.330 6.809
152 3 2 22.119 7.517 20.331 6.838
153 3 2 22.075 7.504 20.229 6.826
154 3 2 21.932 7.565 20.112 6.828
155 3 2 21.874 7.567 20.028 6.946
156 3 2 21.715 7.585 19.895 6.848
157 3 2 21.628 7.587 19.837 6.850
158 3 2 21.583 7.545 19.735 6.838
159 3 2 21.466 7.534 19.707 6.911
160 3 2 21.410 7.578 19.647 6.840
161 3 2 21.307 7.552 19.460 6.903
162 3 2 21.206 7.569 19.416 6.889
163 3 2 21.062 7.602 19.272 6.951
164 3 2 21.003 7.589 19.184 6.909
165 3 2 20.916 7.605 19.156 6.954
166 3 2 20.844 7.607 19.026 7.015
167 3 2 20.728 7.610 18.879 6.931
168 3 2 20.641 7.641 18.821 6.933
169 3 2 20.540 7.644 18.691 6.994
170 3 2 20.452 7.617 18.632 6.967
171 3 2 20.366 7.677 18.547 7.027
172 3 2 20.221 7.681 18.400 7.001
173 3 2 20.192 7.681 18.401 7.030
174 3 2 20.061 7.699 18.270 7.019
175 3 2 20.003 7.701 18.155 7.080
176 3 2 19.931 7.702 17.994 7.026
177 3 2 19.787 7.764 17.994 7.055
178 3 2 19.743 7.751 17.893 7.101
179 3 2 19.612 7.754 17.822 7.161
180 3 2 19.555 7.799 17.734 7.119
181 3 2 19.484 7.859 17.662 7.150
182 3 2 19.323 7.834 17.561 7.182
183 3 2 19.251 7.835 17.459 7.184
184 3 2 19.164 7.867 17.372 7.215
185 3 2 19.063 7.898 17.241 7.219
186 3 2 19.033 7.870 17.155 7.279
187 3 2 18.918 7.931 17.068 7.281
188 3 2 18.787 7.905 16.965 7.254
189 3 2 18.686 7.937 16.922 7.285
190 3 2 18.585 7.997 16.822 7.374
191 3 2 18.527 7.999 16.676 7.349
192 3 2 18.440 8.001 16.618 7.379
193 3 2 18.311 8.091 16.547 7.439
194 3 2 18.195 8.109 16.459 7.427
195 3 2 18.123 8.125 16.329 7.473
196 3 2 18.007 8.142 16.212 7.462
197 3 2 17.920 8.173 16.125 7.493
198 3 2 17.804 8.205 16.010 7.525
199 3 2 17.731 8.193 15.938 7.570
200 3 2 17.615 8.225 15.909 7.571
201 3 2 17.558 8.241 15.705 7.591
202 3 2 17.472 8.330 15.648 7.650
203 3 2 17.357 8.362 15.560 7.652
204 3 2 17.283 8.335 15.488 7.683
205 3 2 17.197 8.395 15.372 7.715
206 3 2 17.053 8.457 15.285 7.717
207 3 2 16.967 8.502 15.110 7.736
208 3 2 16.865 8.505 15.010 7.826
209 3 2 16.763 8.522 14.967 7.841
210 3 2 16.662 8.554 14.866 7.902
211 3 2 16.546 8.571 14.779 7.919
212 3 2 16.488 8.602 14.691 7.921
213 3 2 16.315 8.693 14.604 7.952
214 3 2 16.213 8.667 14.504 8.013
215 3 2 16.170 8.711 14.373 8.031
216 3 2 16.053 8.714 14.344 8.031
217 3 2 15.982 8.789 14.213 8.078
218 3 2 15.853 8.894 14.141 8.095
219 3 2 15.765 8.867 14.026 8.185
220 3 2 15.709 8.941 13.940 8.259
221 3 2 15.579 8.988 13.867 8.247
222 3 2 15.492 9.034 13.808 8.234
223 3 2 15.391 9.065 13.737 8.323
224 3 2 15.304 9.111 13.650 8.339
225 3 2 15.261 9.141 13.491 8.402
226 3 2 15.147 9.231 13.461 8.402
227 3 2 15.031 9.263 13.316 8.435
228 3 2 14.959 9.309 13.244 8.481
229 3 2 14.858 9.384 13.143 8.556
230 3 2 14.742 9.387 13.085 8.557
231 3 2 14.626 9.433 12.940 8.605
232 3 2 14.598 9.492 12.911 8.634
233 3 2 14.453 9.540 12.825 8.709
234 3 2 14.411 9.599 12.755 8.827
235 3 2 14.309 9.616 12.653 8.844
236 3 2 14.237 9.661 12.580 8.861
237 3 2 14.151 9.722 12.523 8.891
238 3 2 14.078 9.738 12.451 8.966
239 3 2 14.007 9.813 12.379 8.982
240 3 2 13.979 9.872 12.351 9.041
241 3 2 13.878 9.918 12.249 9.058
242 3 2 13.763 9.994 12.161 9.075
243 3 2 13.691 10.039 12.148 9.119
244 3 2 13.647 10.055 11.987 9.138
245 3 2 13.518 10.145 11.975 9.225
246 3 2 13.519 10.174 11.888 9.257
247 3 2 13.433 10.235 11.917 9.256
248 3 2 13.375 10.280 11.802 9.332
249 3 2 13.303 10.325 11.788 9.376
250 3 2 13.245 10.356 11.729 9.377
251 3 2 13.173 10.402 11.629 9.452
252 3 2 13.058 10.477 11.543 9.527
253 3 2 12.988 10.610 11.469 9.515
254 3 2 12.943 10.538 11.456 9.559
255 3 2 12.915 10.597 11.341 9.649
256 3 2 12.769 10.630 11.284 9.709
257 3 2 12.713 10.734 11.226 9.754
258 3 2 12.656 10.793 11.170 9.843
259 3 2 12.539 10.782 11.170 9.857
260 3 2 12.485 10.958 10.995 9.891
261 3 2 12.367 10.917 10.995 9.876
262 3 2 12.383 10.975 10.894 9.966
263 3 2 12.268 11.065 10.868 10.083
264 3 2 12.225 11.096 10.766 10.115
265 3 2 12.168 11.170 10.707 10.102
266 3 2 12.080 11.158 10.592 10.178
267 3 2 12.068 11.274 10.548 10.208
268 3 2 11.936 11.292 10.595 10.309
269 3 2 11.879 11.352 10.419 10.313
270 3 2 11.851 11.411 10.392 10.401
271 3 2 11.692 11.474 10.263 10.521
272 3 2 11.693 11.517 10.204 10.508
273 3 2 11.606 11.563 10.146 10.553
274 3 2 11.593 11.636 10.103 10.598
275 3 2 11.492 11.697 10.003 10.688
276 3 2 11.434 11.713 9.914 10.676
277 3 2 11.260 11.805 9.888 10.793
278 3 2 11.261 11.849 9.830 10.809
279 3 2 11.190 11.909 9.759 10.928
280 3 2 11.146 11.939 9.714 10.900
281 3 2 11.105 12.057 9.643 10.989
282 3 2 11.005 12.132 9.601 11.063
283 3 2 10.918 12.208 9.542 11.050
284 3 2 10.876 12.282 9.472 11.183
285 3 2 10.745 12.329 9.400 11.258
286 3 2 10.704 12.417 9.358 11.317
287 3 2 10.675 12.462 9.299 11.304
288 3 2 10.619 12.565 9.242 11.378
289 3 2 10.549 12.684 9.168 11.380
290 3 2 10.402 12.702 9.115 11.600
291 3 2 10.331 12.792 9.042 11.631
292 3 2 10.333 12.879 9.013 11.632
293 3 2 10.218 12.955 8.928 11.766
294 3 2 10.205 13.014 8.854 11.738
295 3 2 10.088 13.060 8.798 11.842
296 3 2 10.018 13.164 8.727 11.975
297 3 2 9.917 13.254 8.744 12.062
298 3 2 9.890 13.343 8.569 12.096
299 3 2 9.847 13.402 8.555 12.154
300 3 2 9.791 13.520 8.469 12.215
301 3 2 9.703 13.508 8.442 12.318
302 3 2 9.588 13.628 8.412 12.289
303 3 2 9.619 13.700 8.297 12.395
304 3 2 9.504 13.776 8.299 12.497
305 3 2 9.433 13.865 8.197 12.529
306 3 2 9.376 13.954 8.140 12.618
307 3 2 9.289 14.015 8.144 12.763
308 3 2 9.218 14.090 8.070 12.751
309 3 2 9.206 14.207 8.029 12.868
310 3 2 9.133 14.238 7.959 13.016
311 3 2 9.121 14.326 7.914 12.988
312 3 2 9.006 14.460 7.769 13.065
313 3 2 8.921 14.565 7.771 13.167
314 3 2 8.877 14.581 7.728 13.212
315 3 2 8.849 14.640 7.642 13.273
316 3 2 8.764 14.759 7.586 13.391
317 3 2 8.677 14.805 7.529 13.466
318 3 2 8.679 14.922 7.473 13.584
319 3 2 8.623 15.025 7.444 13.599
320 3 2 8.551 15.100 7.314 13.734
321 3 2 8.406 15.177 7.317 13.836
322 3 2 8.379 15.251 7.288 13.851
323 3 2 8.395 15.309 7.215 13.883
324 3 2 8.264 15.386 7.114 13.988
325 3 2 8.253 15.532 7.133 14.133
326 3 2 8.224 15.547 7.045 14.150
327 3 2 8.155 15.724 6.974 14.269
328 3 2 8.054 15.829 6.931 14.314
329 3 2 8.010 15.831 6.889 14.402
330 3 2 7.925 15.935 6.862 14.505
331 3 2 7.883 16.038 6.849 14.579
332 3 2 7.811 16.084 6.777 14.654
333 3 2 7.755 16.217 6.692 14.787
334 3 2 7.742 16.276 6.618 14.789
335 3 2 7.627 16.396 6.622 14.935
336 3 2 7.644 16.512 6.607 14.936
337 3 2 7.558 16.602 6.551 15.054
338 3 2 7.486 16.678 6.480 15.158
339 3 2 7.459 16.751 6.363 15.205
340 3 2 7.417 16.869 6.409 15.263
341 3 2 7.375 16.958 6.367 15.351
342 3 2 7.288 17.019 6.312 15.528
343 3 2 7.261 17.122 6.283 15.544
344 3 2 7.177 17.271 6.228 15.720
345 3 2 7.134 17.330 6.156 15.781
346 3 2 7.122 17.433 6.113 15.855
347 3 2 7.065 17.537 6.026 15.901
348 3 2 7.038 17.625 6.028 15.960
349 3 2 6.952 17.730 6.001 16.092
350 3 2 6.911 17.848 5.901 16.212
351 3 2 6.851 17.806 5.902 16.255
352 3 2 6.824 17.924 5.845 16.345
353 3 2 6.811 18.012 5.744 16.435
354 3 2 6.726 18.146 5.747 16.567
355 3 2 6.670 18.264 5.660 16.628
356 3 2 6.628 18.338 5.651 16.847
357 3 2 6.601 18.456 5.593 16.907
358 3 2 6.529 18.517 5.552 17.025
359 3 2 6.473 18.635 5.523 17.055
360 3 2 6.400 18.696 5.480 17.115
361 3 2 6.418 18.827 5.439 17.248
362 3 2 6.390 18.886 5.351 17.279
363 3 2 6.304 18.976 5.295 17.398
364 3 2 6.263 19.109 5.252 17.443
365 3 2 6.190 19.126 5.213 17.664
366 3 2 6.134 19.274 5.185 17.723
367 3 2 6.077 19.334 5.157 17.782
368 3 2 6.049 19.408 5.071 17.916
369 3 2 5.993 19.556 5.015 18.006
370 3 2 5.937 19.645 4.987 18.094
371 3 2 5.924 19.719 4.945 18.198
372 3 2 5.852 19.809 4.873 18.258
373 3 2 5.841 19.970 4.861 18.361
374 3 2 5.783 20.001 4.804 18.450
375 3 2 5.712 20.120 4.793 18.626
376 3 2 5.714 20.222 4.674 18.586
377 3 2 5.643 20.327 4.662 18.689
378 3 2 5.602 20.460 4.592 18.851
379 3 2 5.514 20.462 4.595 18.968
380 3 2 5.532 20.637 4.581 19.027
381 3 2 5.460 20.713 4.510 19.161
382 3 2 5.434 20.845 4.424 19.237
383 3 2 5.377 20.934 4.455 19.294
384 3 2 5.320 21.009 4.370 19.458
385 3 2 5.248 21.070 4.328 19.547
386 3 2 5.236 21.188 4.255 19.608
387 3 2 5.238 21.290 4.258 19.710
388 3 2 5.152 21.410 4.172 19.830
389 3 2 5.068 21.573 4.174 19.903
390 3 2 5.069 21.646 4.118 20.036
391 3 2 4.983 21.751 4.119 20.109
392 3 2 4.956 21.855 4.004 20.244
393 3 2 4.898 21.915 4.008 20.420
394 3 2 4.916 22.017 3.904 20.350
395 3 2 4.845 22.151 3.922 20.510
397 3 2 4.747 22.373 3.824 20.733
398 3 2 4.705 22.477 3.781 20.778
399 3 2 4.707 22.550 3.725 20.911
400 3 2 4.650 22.655 3.697 20.986
401 3 2 4.564 22.760 3.700 21.117
402 3 2 4.581 22.876 3.658 21.236
403 3 2 4.509 22.923 3.586 21.311
404 3 2 4.483 23.070 3.559 21.429
405 3 2 4.426 23.174 3.474 21.563
406 3 2 4.457 23.246 3.447 21.667
407 3 2 4.342 23.382 3.361 21.801
408 3 2 4.300 23.486 3.378 21.874
409 3 2 4.274 23.604 3.292 21.994
410 3 2 4.232 23.737 3.279 22.097
411 3 2 4.174 23.782 3.252 22.171
412 3 2 4.133 23.930 3.210 22.289
413 3 2 4.120 23.989 3.168 22.378
414 3 2 4.079 24.122 3.155 22.481
415 3 2 4.006 24.183 3.114 22.600
416 3 2 3.980 24.331 3.028 22.720
417 3 2 3.924 24.435 3.060 22.850
418 3 2 3.867 24.539 2.944 22.927
419 3 2 3.840 24.658 2.917 23.045
420 3 2 3.828 24.790 2.875 23.149
421 3 2 3.786 24.864 2.832 23.195
422 3 2 3.775 25.026 2.792 23.386
423 3 2 3.702 25.072 2.778 23.431
424 3 2 3.690 25.205 2.736 23.535
425 3 2 3.648 25.294 2.695 23.683
426 3 2 3.577 25.413 2.652 23.713
427 3 2 3.549 25.502 2.596 23.862
428 3 2 3.522 25.606 2.569 23.994
429 3 2 3.466 25.740 2.483 24.100
430 3 2 3.469 25.842 2.485 24.173
431 3 2 3.412 25.947 2.428 24.277
432 3 2 3.369 26.007 2.386 24.367
433 3 2 3.313 26.140 2.330 24.530
434 3 2 3.300 26.214 2.317 24.603
435 3 2 3.273 26.332 2.260 24.693
436 3 2 3.215 26.393 2.204 24.812
437 3 2 3.174 26.526 2.133 24.947
438 3 2 3.146 26.600 2.134 24.991
439 3 2 3.118 26.689 2.106 25.079
440 3 2 3.047 26.794 2.035 25.184
442 3 2 2.962 26.973 1.981 25.421
444 3 2 2.938 27.209 1.897 25.658
445 3 2 2.851 27.270 1.841 25.777
446 3 2 2.809 27.389 1.798 25.837
447 3 2 2.752 27.479 1.743 26.015
448 3 2 2.739 27.538 1.698 25.987
449 3 2 2.698 27.701 1.656 26.121
450 3 2 2.626 27.762 1.614 26.210
451 3 2 2.598 27.865 1.557 26.285
452 3 2 2.556 27.969 1.515 26.390
453 3 2 2.528 28.044 1.487 26.464
454 3 2 2.443 28.193 1.431 26.612
455 3 2 2.429 28.238 1.389 26.746
456 3 2 2.402 28.356 1.360 26.747
457 3 2 2.346 28.461 1.275 26.940
458 3 2 2.288 28.536 1.246 26.956
459 3 2 2.246 28.626 1.235 27.132
460 3 2 2.204 28.730 1.133 27.180
461 3 2 2.206 28.832 1.104 27.225
462 3 2 2.164 28.922 1.122 27.371
463 3 2 2.107 29.012 1.006 27.463
464 3 2 2.034 29.073 0.964 27.553
465 3 2 2.022 29.176 0.891 27.628
466 3 2 1.979 29.236 0.879 27.746
467 3 2 1.954 29.458 0.824 27.910
468 3 2 1.866 29.490 0.796 27.999
469 3 2 1.822 29.506 0.753 28.073
470 3 2 1.766 29.625 0.666 28.164
471 3 2 1.753 29.743 0.623 28.195
472 3 2 1.695 29.775 0.626 28.342
473 3 2 1.654 29.923 0.523 28.375
474 3 2 1.596 29.998 0.497 28.537
475 3 2 1.568 30.073 0.499 28.640
476 3 2 1.482 30.193 0.413 28.731
477 3 2 1.471 30.341 0.310 28.764
478 3 2 1.398 30.372 0.269 28.942
479 3 2 1.326 30.492 0.225 28.943
480 3 2 1.328 30.566 0.227 29.046
481 3 2 1.242 30.686 0.170 29.165
482 3 2 1.154 30.748 0.086 29.344
483 3 2 1.143 30.910 0.101 29.359
484 3 2 1.054 30.913 0.044 29.478
485 3 2 1.028 31.076 0.017 29.582
486 3 2 0.986 31.165 -0.027 29.613
487 3 2 0.989 31.298 -0.114 29.689
488 3 2 0.886 31.330 -0.128 29.748
0 4 2 32.301 4.610 30.608 3.728
1 4 2 32.242 4.554 30.551 3.730
2 4 2 32.242 4.540 30.522 3.716
3 4 2 32.256 4.525 30.508 3.731
4 4 2 32.213 4.526 30.464 3.703
5 4 2 32.169 4.513 30.362 3.662
6 4 2 32.097 4.514 30.405 3.661
7 4 2 32.155 4.513 30.375 3.604
8 4 2 32.126 4.499 30.348 3.677
9 4 2 32.040 4.516 30.319 3.663
10 4 2 32.038 4.458 30.289 3.635
11 4 2 31.967 4.474 30.303 3.620
12 4 2 31.938 4.489 30.188 3.608
13 4 2 31.865 4.448 30.260 3.621
14 4 2 31.866 4.462 30.144 3.609
15 4 2 31.808 4.435 30.115 3.581
16 4 2 31.694 4.481 30.086 3.568
17 4 2 31.708 4.466 30.013 3.555
18 4 2 31.634 4.396 29.941 3.542
19 4 2 31.605 4.396 29.912 3.543
20 4 2 31.577 4.412 29.884 3.587
21 4 2 31.460 4.357 29.766 3.474
22 4 2 31.446 4.357 29.781 3.474
23 4 2 31.302 4.360 29.694 3.476
24 4 2 31.272 4.332 29.521 3.480
25 4 2 31.257 4.289 29.563 3.436
26 4 2 31.128 4.321 29.463 3.438
27 4 2 30.997 4.281 29.389 3.396
28 4 2 30.952 4.210 29.317 3.384
29 4 2 30.952 4.210 29.145 3.417
30 4 2 30.823 4.228 29.216 3.401
31 4 2 30.736 4.187 29.013 3.333
32 4 2 30.677 4.159 29.071 3.361
33 4 2 30.563 4.191 28.927 3.364
34 4 2 30.488 4.092 28.852 3.265
35 4 2 30.446 4.107 28.695 3.312
36 4 2 30.417 4.108 28.666 3.312
37 4 2 30.372 4.051 28.564 3.257
38 4 2 30.228 4.069 28.418 3.188
39 4 2 30.098 4.043 28.347 3.248
40 4 2 30.026 4.030 28.362 3.262
41 4 2 30.023 3.944 28.216 3.208
42 4 2 29.865 3.962 28.029 3.226
43 4 2 29.751 3.979 28.000 3.213
44 4 2 29.679 3.981 27.928 3.214
45 4 2 29.578 3.983 27.797 3.188
46 4 2 29.476 3.957 27.696 3.191
47 4 2 29.302 3.903 27.667 3.163
48 4 2 29.302 3.932 27.465 3.196
49 4 2 29.187 3.920 27.436 3.182
50 4 2 28.998 3.882 27.219 3.144
51 4 2 28.941 3.912 27.132 3.146
52 4 2 28.782 3.872 27.088 3.133
53 4 2 28.724 3.888 26.887 3.152
54 4 2 28.638 3.890 26.800 3.154
55 4 2 28.521 3.835 26.741 3.126
56 4 2 28.349 3.868 26.597 3.130
57 4 2 28.276 3.855 26.496 3.118
58 4 2 28.119 3.902 26.366 3.135
59 4 2 28.002 3.862 26.252 3.181
60 4 2 27.872 3.836 26.149 3.126
61 4 2 27.770 3.795 26.020 3.172
62 4 2 27.612 3.857 25.917 3.117
63 4 2 27.453 3.817 25.730 3.135
64 4 2 27.423 3.803 25.614 3.124
65 4 2 27.351 3.791 25.484 3.141
66 4 2 27.135 3.810 25.412 3.128
67 4 2 26.977 3.857 25.226 3.205
68 4 2 26.833 3.875 25.110 3.193
69 4 2 26.731 3.834 24.920 3.154
70 4 2 26.588 3.881 24.776 3.143
71 4 2 26.399 3.842 24.562 3.278
72 4 2 26.270 3.903 24.515 3.135
73 4 2 26.169 3.891 24.358 3.211
74 4 2 26.023 3.836 24.185 3.273
75 4 2 25.836 3.898 24.083 3.217
76 4 2 25.750 3.915 23.909 3.236
77 4 2 25.549 3.963 23.792 3.195
78 4 2 25.448 3.965 23.578 3.287
79 4 2 25.245 3.970 23.462 3.318
80 4 2 25.116 4.002 23.276 3.380
81 4 2 24.942 3.977 23.101 3.356
82 4 2 24.769 4.025 22.986 3.402
83 4 2 24.654 4.056 22.813 3.406
84 4 2 24.509 4.031 22.698 3.466
85 4 2 24.351 4.078 22.509 3.427
86 4 2 24.207 4.110 22.365 3.460
87 4 2 24.035 4.172 22.193 3.550
88 4 2 23.847 4.191 22.003 3.511
89 4 2 23.702 4.209 21.860 3.558
90 4 2 23.472 4.243 21.657 3.592
91 4 2 23.357 4.289 21.513 3.639
92 4 2 23.183 4.294 21.339 3.643
93 4 2 23.010 4.341 21.282 3.658
94 4 2 22.894 4.315 21.021 3.694
95 4 2 22.751 4.405 20.936 3.753
96 4 2 22.562 4.381 20.718 3.759
97 4 2 22.375 4.457 20.474 3.866
98 4 2 22.188 4.520 20.459 3.837
99 4 2 21.956 4.496 20.198 3.872
100 4 2 21.769 4.559 20.097 3.903
101 4 2 21.639 4.605 19.823 3.982
102 4 2 21.409 4.668 19.764 3.955
103 4 2 21.207 4.717 19.564 4.090
104 4 2 20.947 4.795 19.476 4.048
105 4 2 20.904 4.782 19.202 4.127
106 4 2 20.746 4.858 19.072 4.174
107 4 2 20.529 4.921 18.797 4.238
108 4 2 20.370 4.954 18.696 4.241
109 4 2 20.127 5.075 18.538 4.331
110 4 2 19.996 5.093 18.292 4.380
111 4 2 19.750 5.113 18.104 4.428
112 4 2 19.576 5.161 17.990 4.533
113 4 2 19.434 5.266 17.788 4.610
114 4 2 19.216 5.286 17.599 4.600
115 4 2 19.000 5.349 17.471 4.748
116 4 2 18.828 5.483 17.298 4.795
117 4 2 18.771 5.528 17.067 4.873
118 4 2 18.656 5.560 16.834 4.908
119 4 2 18.484 5.680 16.720 4.998
120 4 2 18.223 5.715 16.517 5.032
121 4 2 18.079 5.791 16.401 5.049
122 4 2 17.908 5.911 16.141 5.142
123 4 2 17.692 6.004 15.982 5.233
124 4 2 17.404 6.156 15.810 5.324
125 4 2 17.259 6.159 15.606 5.358
126 4 2 17.159 6.249 15.449 5.478
127 4 2 17.047 6.426 15.217 5.542
128 4 2 16.741 6.448 15.117 5.617
129 4 2 16.539 6.511 14.943 5.679
130 4 2 16.338 6.646 14.741 5.785
131 4 2 16.135 6.680 14.597 5.847
132 4 2 16.051 6.827 14.396 5.968
133 4 2 15.805 6.906 14.295 6.043
134 4 2 15.633 7.055 14.035 6.136
135 4 2 15.373 7.149 13.832 6.228
136 4 2 15.257 7.181 13.659 6.291
137 4 2 15.158 7.299 13.646 6.378
138 4 2 15.016 7.448 13.356 6.472
139 4 2 14.770 7.556 13.113 6.696
140 4 2 14.654 7.588 12.967 6.700
141 4 2 14.468 7.752 12.867 6.804
142 4 2 14.310 7.872 12.681 6.954
143 4 2 14.094 7.994 12.579 6.986
144 4 2 13.878 8.101 12.421 7.120
145 4 2 13.821 8.175 12.190 7.228
146 4 2 13.547 8.328 12.150 7.374
147 4 2 13.449 8.490 11.962 7.481
148 4 2 13.306 8.639 11.759 7.573
149 4 2 13.118 8.702 11.660 7.692
150 4 2 12.989 8.836 11.501 7.768
151 4 2 12.862 8.999 11.314 7.933
152 4 2 12.675 9.149 11.214 8.023
153 4 2 12.532 9.269 11.012 8.144
154 4 2 12.316 9.435 10.883 8.278
155 4 2 12.202 9.569 10.828 8.411
156 4 2 12.045 9.704 10.641 8.576
157 4 2 11.931 9.852 10.526 8.666
158 4 2 11.773 9.958 10.338 8.743
159 4 2 11.644 10.107 10.268 8.891
160 4 2 11.457 10.228 10.109 9.011
161 4 2 11.299 10.363 9.982 9.204
162 4 2 11.171 10.512 9.824 9.324
163 4 2 11.012 10.604 9.813 9.499
164 4 2 10.928 10.780 9.580 9.563
165 4 2 10.771 10.945 9.422 9.698
166 4 2 10.671 11.049 9.323 9.861
167 4 2 10.543 11.198 9.164 9.953
168 4 2 10.342 11.407 9.109 10.129
169 4 2 10.330 11.524 8.920 10.192
170 4 2 10.130 11.719 8.807 10.384
171 4 2 10.000 11.824 8.678 10.490
172 4 2 9.842 11.931 8.637 10.622
173 4 2 9.641 12.140 8.495 10.830
174 4 2 9.557 12.317 8.381 10.978
175 4 2 9.442 12.422 8.266 11.084
176 4 2 9.402 12.569 8.166 11.203
177 4 2 9.215 12.734 8.038 11.366
178 4 2 9.057 12.884 7.880 11.516
179 4 2 8.987 13.032 7.810 11.664
180 4 2 8.889 13.239 7.682 11.842
181 4 2 8.700 13.302 7.581 11.933
182 4 2 8.616 13.494 7.408 12.098
183 4 2 8.501 13.599 7.382 12.230
184 4 2 8.389 13.807 7.268 12.379
185 4 2 8.259 13.927 7.080 12.529
186 4 2 8.188 14.031 7.010 12.663
187 4 2 8.015 14.167 6.837 12.799
188 4 2 7.960 14.314 6.664 12.978
189 4 2 7.831 14.435 6.536 13.157
190 4 2 7.686 14.541 6.480 13.290
191 4 2 7.616 14.689 6.321 13.382
192 4 2 7.457 14.781 6.193 13.560
193 4 2 7.373 14.973 6.020 13.726
194 4 2 7.286 15.034 5.904 13.787
195 4 2 7.115 15.257 5.790 13.980
196 4 2 6.956 15.379 5.663 14.217
197 4 2 6.870 15.498 5.546 14.250
198 4 2 6.742 15.662 5.418 14.443
199 4 2 6.613 15.797 5.289 14.578
200 4 2 6.468 15.889 5.116 14.729
201 4 2 6.340 16.082 5.044 14.833
202 4 2 6.227 16.290 4.988 14.952
203 4 2 6.126 16.410 4.829 15.073
204 4 2 5.997 16.559 4.729 15.222
205 4 2 5.809 16.711 4.630 15.400
206 4 2 5.710 16.860 4.531 15.578
207 4 2 5.581 17.024 4.462 15.770
208 4 2 5.511 17.187 4.332 15.876
209 4 2 5.339 17.397 4.218 16.055
210 4 2 5.284 17.559 4.132 16.160
211 4 2 5.140 17.680 3.988 16.310
212 4 2 5.041 17.873 3.886 16.386
213 4 2 4.941 18.022 3.758 16.594
214 4 2 4.856 18.156 3.732 16.727
215 4 2 4.712 18.292 3.588 16.892
216 4 2 4.628 18.499 3.504 17.070
217 4 2 4.557 18.604 3.402 17.146
218 4 2 4.442 18.768 3.406 17.306
219 4 2 4.345 19.005 3.219 17.517
220 4 2 4.213 19.038 3.177 17.635
221 4 2 4.159 19.274 3.153 17.870
222 4 2 4.001 19.469 3.024 18.034
223 4 2 3.917 19.647 2.968 18.182
224 4 2 3.862 19.839 2.882 18.287
225 4 2 3.762 19.988 2.782 18.437
226 4 2 3.678 20.181 2.668 18.601
227 4 2 3.594 20.345 2.612 18.764
228 4 2 3.508 20.479 2.499 18.986
229 4 2 3.425 20.701 2.502 19.118
230 4 2 3.356 20.923 2.432 19.252
231 4 2 3.285 21.071 2.392 19.458
232 4 2 3.185 21.221 2.291 19.578
233 4 2 3.100 21.340 2.238 19.843
234 4 2 3.002 21.592 2.079 20.009
235 4 2 2.932 21.770 2.069 20.185
236 4 2 2.922 21.976 1.998 20.334
237 4 2 2.894 22.035 1.882 20.425
238 4 2 2.765 22.200 1.903 20.703
239 4 2 2.696 22.437 1.772 20.795
240 4 2 2.613 22.659 1.747 20.986
241 4 2 2.615 22.747 1.662 21.165
242 4 2 2.487 22.971 1.652 21.355
243 4 2 2.475 23.118 1.610 21.474
244 4 2 2.363 23.371 1.526 21.667
245 4 2 2.337 23.547 1.411 21.817
246 4 2 2.250 23.623 1.414 21.949
247 4 2 2.226 23.859 1.389 22.155
248 4 2 2.141 24.008 1.305 22.363
249 4 2 2.056 24.157 1.252 22.628
250 4 2 2.046 24.392 1.209 22.688
251 4 2 1.932 24.557 1.183 22.850
252 4 2 1.982 24.805 1.143 23.071
253 4 2 1.910 24.924 1.103 23.249
254 4 2 1.944 25.099 1.076 23.338
255 4 2 1.814 25.235 1.007 23.560
256 4 2 1.761 25.501 0.982 23.795
257 4 2 1.704 25.606 0.955 23.899
258 4 2 1.722 25.767 0.885 24.062
259 4 2 1.682 25.944 0.875 24.268
260 4 2 1.611 26.064 0.804 24.417
261 4 2 1.585 26.226 0.778 24.579
262 4 2 1.619 26.415 0.752 24.741
263 4 2 1.505 26.625 0.726 24.918
264 4 2 1.509 26.801 0.671 25.067
265 4 2 1.512 26.933 0.674 25.228
266 4 2 1.412 27.097 0.634 25.420
267 4 2 1.372 27.275 0.533 25.541
268 4 2 1.376 27.480 0.597 25.744
269 4 2 1.321 27.643 0.541 25.878
270 4 2 1.310 27.805 0.530 26.069
271 4 2 1.269 27.983 0.519 26.246
272 4 2 1.272 28.100 0.463 26.365
273 4 2 1.202 28.293 0.453 26.586
274 4 2 1.191 28.426 0.412 26.748
275 4 2 1.180 28.603 0.401 26.925
276 4 2 1.213 28.763 0.375 27.058
277 4 2 1.128 28.927 0.348 27.191
278 4 2 1.116 29.060 0.307 27.354
279 4 2 1.105 29.222 0.266 27.487
280 4 2 1.079 29.384 0.269 27.620
281 4 2 1.038 29.533 0.258 27.796
282 4 2 1.056 29.664 0.248 27.987
283 4 2 1.015 29.842 0.208 28.194
284 4 2 0.975 30.034 0.195 28.268
285 4 2 0.949 30.197 0.169 28.460
286 4 2 0.952 30.314 0.144 28.667
287 4 2 0.927 30.521 0.088 28.815
288 4 2 0.929 30.594 0.122 29.005
289 4 2 0.859 30.788 0.021 29.112
290 4 2 0.879 31.022 0.069 29.286
291 4 2 0.821 31.098 -0.016 29.451
292 4 2 0.825 31.259 -0.014 29.554
293 4 2 0.785 31.452 -0.025 29.716
294 4 2 0.789 31.642 -0.049 29.937
295 4 2 0.761 31.702 -0.076 30.055
0 5 2 36.971 5.304 35.198 4.397
1 5 2 36.901 5.349 35.270 4.410
2 5 2 36.829 5.336 35.225 4.368
3 5 2 36.842 5.278 35.183 4.398
4 5 2 36.741 5.266 35.225 4.353
5 5 2 36.754 5.209 35.124 4.327
6 5 2 36.669 5.254 34.981 4.345
7 5 2 36.668 5.196 35.009 4.315
8 5 2 36.668 5.225 34.981 4.345
9 5 2 36.623 5.154 34.937 4.331
10 5 2 36.596 5.212 34.909 4.332
11 5 2 36.481 5.201 34.850 4.290
12 5 2 36.451 5.144 34.877 4.203
13 5 2 36.408 5.131 34.777 4.249
14 5 2 36.350 5.132 34.749 4.278
15 5 2 36.307 5.119 34.734 4.236
16 5 2 36.291 5.062 34.691 4.237
17 5 2 36.292 5.105 34.547 4.226
18 5 2 36.191 5.064 34.591 4.239
19 5 2 36.135 5.109 34.505 4.255
20 5 2 36.119 5.051 34.459 4.170
21 5 2 36.004 5.054 34.459 4.170
22 5 2 36.004 5.054 34.374 4.201
23 5 2 35.902 4.999 34.330 4.173
24 5 2 35.959 4.969 34.358 4.144
25 5 2 35.830 4.972 34.259 4.175
26 5 2 35.743 4.945 34.201 4.176
27 5 2 35.743 4.931 34.084 4.107
28 5 2 35.656 4.904 33.884 4.141
29 5 2 35.642 4.919 33.898 4.126
30 5 2 35.584 4.877 33.756 4.172
31 5 2 35.455 4.895 33.800 4.215
32 5 2 35.426 4.881 33.770 4.172
33 5 2 35.340 4.897 33.654 4.132
34 5 2 35.251 4.799 33.598 4.176
35 5 2 35.324 4.812 33.497 4.164
36 5 2 35.181 4.844 33.555 4.192
37 5 2 35.124 4.845 33.383 4.196
38 5 2 35.080 4.817 33.224 4.171
39 5 2 35.050 4.789 33.280 4.112
40 5 2 34.978 4.777 33.237 4.127
41 5 2 34.891 4.750 33.209 4.157
42 5 2 34.836 4.838 33.124 4.187
43 5 2 34.822 4.838 33.051 4.132
44 5 2 34.704 4.740 33.049 4.088
45 5 2 34.647 4.741 32.878 4.121
46 5 2 34.564 4.844 32.818 4.051
47 5 2 34.532 4.744 32.820 4.094
48 5 2 34.460 4.717 32.747 4.067
49 5 2 34.375 4.777 32.603 4.070
50 5 2 34.331 4.720 32.590 4.099
51 5 2 34.231 4.751 32.544 4.014
52 5 2 34.160 4.782 32.473 4.044
53 5 2 34.102 4.754 32.329 4.048
54 5 2 34.072 4.726 32.273 4.078
55 5 2 33.943 4.744 32.197 3.950
56 5 2 33.842 4.718 32.099 4.039
57 5 2 33.871 4.717 32.010 3.926
58 5 2 33.626 4.680 32.025 3.940
59 5 2 33.584 4.738 31.953 3.970
60 5 2 33.469 4.726 31.865 3.900
61 5 2 33.425 4.713 31.794 3.917
62 5 2 33.354 4.744 31.723 3.976
63 5 2 33.238 4.703 31.606 3.907
64 5 2 33.223 4.660 31.563 3.893
65 5 2 33.036 4.665 31.434 3.925
66 5 2 33.063 4.607 31.290 3.928
67 5 2 32.978 4.652 31.288 3.828
68 5 2 32.862 4.611 31.202 3.844
69 5 2 32.762 4.614 31.044 3.877
70 5 2 32.731 4.557 31.014 3.820
71 5 2 32.645 4.559 30.872 3.881
72 5 2 32.458 4.549 30.855 3.809
73 5 2 32.457 4.506 30.799 3.854
74 5 2 32.356 4.523 30.670 3.871
75 5 2 32.284 4.496 30.684 3.871
76 5 2 32.097 4.500 30.524 3.817
77 5 2 32.110 4.456 30.453 3.833
78 5 2 31.997 4.517 30.394 3.777
79 5 2 31.865 4.448 30.208 3.824
80 5 2 31.737 4.494 30.166 3.897
81 5 2 31.651 4.496 30.050 3.871
82 5 2 31.607 4.454 29.978 3.858
83 5 2 31.464 4.501 29.834 3.847
84 5 2 31.364 4.546 29.733 3.864
85 5 2 31.364 4.532 29.533 3.941
86 5 2 31.178 4.594 29.461 3.943
87 5 2 31.091 4.553 29.316 3.903
88 5 2 31.006 4.613 29.202 3.934
89 5 2 30.876 4.601 29.043 3.924
90 5 2 30.847 4.573 29.015 3.953
91 5 2 30.733 4.619 28.900 3.970
92 5 2 30.589 4.637 28.872 4.014
93 5 2 30.446 4.655 28.698 3.975
94 5 2 30.403 4.670 28.625 3.963
95 5 2 30.317 4.687 28.598 4.035
96 5 2 30.186 4.661 28.441 4.068
97 5 2 30.115 4.692 28.338 4.013
98 5 2 30.001 4.723 28.252 4.043
99 5 2 29.887 4.769 28.108 4.032
100 5 2 29.785 4.728 28.095 4.076
101 5 2 29.698 4.716 27.893 4.095
102 5 2 29.526 4.749 27.863 4.067
103 5 2 29.455 4.808 27.793 4.127
104 5 2 29.283 4.841 27.677 4.129
105 5 2 29.211 4.843 27.548 4.161
106 5 2 29.095 4.817 27.461 4.134
107 5 2 29.052 4.847 27.275 4.225
108 5 2 28.909 4.894 27.129 4.157
109 5 2 28.793 4.867 27.073 4.216
110 5 2 28.679 4.914 26.987 4.232
111 5 2 28.650 4.914 26.843 4.265
112 5 2 28.449 4.933 26.700 4.311
113 5 2 28.334 4.965 26.554 4.257
114 5 2 28.233 4.953 26.452 4.216
115 5 2 28.119 5.028 26.425 4.289
116 5 2 28.018 5.030 26.239 4.380
117 5 2 27.932 5.033 26.124 4.383
118 5 2 27.773 5.036 26.022 4.385
119 5 2 27.659 5.111 25.909 4.460
120 5 2 27.557 5.070 25.892 4.388
121 5 2 27.414 5.117 25.661 4.379
122 5 2 27.313 5.120 25.590 4.439
123 5 2 27.184 5.137 25.431 4.457
124 5 2 27.084 5.183 25.387 4.415
125 5 2 26.983 5.214 25.200 4.448
126 5 2 26.809 5.175 25.055 4.466
127 5 2 26.767 5.219 25.014 4.539
128 5 2 26.609 5.267 24.883 4.528
129 5 2 26.521 5.225 24.797 4.544
130 5 2 26.348 5.244 24.682 4.561
131 5 2 26.220 5.305 24.523 4.594
132 5 2 26.161 5.263 24.321 4.613
133 5 2 26.018 5.339 24.264 4.658
134 5 2 25.874 5.342 24.063 4.721
135 5 2 25.700 5.361 23.860 4.711
136 5 2 25.584 5.335 23.860 4.711
137 5 2 25.470 5.381 23.771 4.612
138 5 2 25.355 5.412 23.687 4.730
139 5 2 25.253 5.400 23.412 4.751
140 5 2 25.125 5.476 23.426 4.736
141 5 2 24.936 5.466 23.326 4.782
142 5 2 24.852 5.555 23.064 4.730
143 5 2 24.647 5.487 22.892 4.836
144 5 2 24.576 5.532 22.820 4.852
145 5 2 24.446 5.536 22.689 4.826
146 5 2 24.301 5.525 22.546 4.902
147 5 2 24.214 5.541 22.516 4.859
148 5 2 24.041 5.574 22.199 4.924
149 5 2 23.911 5.577 22.212 4.895
150 5 2 23.737 5.582 22.038 4.870
151 5 2 23.578 5.586 21.851 4.933
152 5 2 23.520 5.587 21.734 4.907
153 5 2 23.333 5.649 21.577 4.997
154 5 2 23.160 5.654 21.431 4.972
155 5 2 23.059 5.670 21.301 5.018
156 5 2 22.929 5.688 21.112 5.008
157 5 2 22.755 5.692 21.056 5.068
158 5 2 22.640 5.724 20.968 5.041
159 5 2 22.495 5.742 20.767 5.147
160 5 2 22.364 5.731 20.695 5.134
161 5 2 22.191 5.778 20.520 5.124
162 5 2 22.047 5.796 20.347 5.172
163 5 2 21.887 5.800 20.187 5.175
164 5 2 21.787 5.846 19.998 5.165
165 5 2 21.612 5.836 19.969 5.181
166 5 2 21.541 5.867 19.839 5.213
167 5 2 21.337 5.872 19.636 5.218
168 5 2 21.164 5.905 19.462 5.251
169 5 2 21.019 5.908 19.318 5.283
170 5 2 20.888 5.911 19.158 5.287
171 5 2 20.759 5.958 18.941 5.336
172 5 2 20.628 5.961 18.897 5.308
173 5 2 20.470 6.037 18.768 5.383
174 5 2 20.325 6.055 18.622 5.372
175 5 2 20.195 6.059 18.463 5.405
176 5 2 20.022 6.121 18.319 5.467
177 5 2 19.921 6.138 18.129 5.457
178 5 2 19.747 6.157 18.101 5.501
179 5 2 19.617 6.203 17.855 5.550
180 5 2 19.458 6.222 17.754 5.567
181 5 2 19.298 6.240 17.593 5.557
182 5 2 19.212 6.271 17.536 5.587
183 5 2 19.081 6.303 17.376 5.591
184 5 2 18.908 6.351 17.262 5.695
185 5 2 18.763 6.383 17.058 5.700
186 5 2 18.648 6.415 16.915 5.820
187 5 2 18.488 6.434 16.842 5.807
188 5 2 18.373 6.494 16.698 5.868
189 5 2 18.213 6.484 16.507 5.830
190 5 2 18.083 6.545 16.349 5.920
191 5 2 17.968 6.591 16.262 5.937
192 5 2 17.780 6.654 16.162 6.026
193 5 2 17.694 6.671 15.988 6.045
194 5 2 17.490 6.705 15.844 6.107
195 5 2 17.375 6.766 15.727 6.110
196 5 2 17.231 6.798 15.611 6.141
197 5 2 17.086 6.860 15.468 6.261
198 5 2 16.999 6.876 15.351 6.249
199 5 2 16.827 6.968 15.179 6.370
200 5 2 16.667 7.001 15.046 6.315
201 5 2 16.523 7.062 14.902 6.377
202 5 2 16.394 7.138 14.773 6.481
203 5 2 16.292 7.170 14.613 6.485
204 5 2 16.179 7.289 14.526 6.516
205 5 2 16.004 7.293 14.352 6.579
206 5 2 15.845 7.369 14.221 6.597
207 5 2 15.760 7.459 14.166 6.743
208 5 2 15.630 7.520 14.004 6.689
209 5 2 15.486 7.611 13.949 6.807
210 5 2 15.343 7.701 13.774 6.840
211 5 2 15.198 7.734 13.689 6.958
212 5 2 15.111 7.780 13.574 7.034
213 5 2 14.982 7.885 13.356 7.054
214 5 2 14.854 8.019 13.342 7.098
215 5 2 14.767 8.050 13.140 7.190
216 5 2 14.578 8.084 13.099 7.307
217 5 2 14.464 8.188 12.983 7.353
218 5 2 14.351 8.336 12.868 7.444
219 5 2 14.206 8.398 12.751 7.446
220 5 2 14.150 8.487 12.666 7.565
221 5 2 14.036 8.591 12.550 7.611
222 5 2 13.863 8.683 12.408 7.760
223 5 2 13.821 8.786 12.365 7.805
224 5 2 13.663 8.906 12.237 7.954
225 5 2 13.491 9.012 12.179 7.999
226 5 2 13.391 9.131 12.050 8.089
227 5 2 13.363 9.190 12.020 8.061
228 5 2 13.235 9.324 11.923 8.281
229 5 2 13.151 9.471 11.809 8.401
230 5 2 13.052 9.634 11.764 8.387
231 5 2 12.894 9.725 11.637 8.565
232 5 2 12.780 9.874 11.610 8.653
233 5 2 12.725 9.991 11.555 8.800
234 5 2 12.581 10.112 11.410 8.862
235 5 2 12.467 10.216 11.355 9.023
236 5 2 12.382 10.335 11.269 9.083
237 5 2 12.311 10.424 11.168 9.173
238 5 2 12.269 10.527 11.127 9.276
239 5 2 12.171 10.704 11.027 9.395
240 5 2 12.100 10.793 10.957 9.513
241 5 2 12.059 10.911 10.856 9.574
242 5 2 11.887 11.046 10.830 9.735
243 5 2 11.846 11.178 10.671 9.841
244 5 2 11.731 11.269 10.644 9.929
245 5 2 11.631 11.359 10.605 10.134
246 5 2 11.617 11.417 10.415 10.168
247 5 2 11.505 11.639 10.389 10.300
248 5 2 11.405 11.714 10.376 10.373
249 5 2 11.335 11.847 10.218 10.508
251 5 2 11.180 12.099 10.122 10.758
252 5 2 11.138 12.187 10.080 10.846
253 5 2 11.009 12.336 9.921 10.967
254 5 2 10.969 12.483 9.969 11.141
255 5 2 10.868 12.559 9.869 11.216
256 5 2 10.814 12.749 9.813 11.349
257 5 2 10.744 12.897 9.742 11.438
258 5 2 10.644 12.987 9.701 11.585
259 5 2 10.574 13.135 9.630 11.674
260 5 2 10.561 13.222 9.588 11.763
261 5 2 10.493 13.414 9.576 11.865
262 5 2 10.406 13.474 9.404 12.044
263 5 2 10.338 13.680 9.480 12.130
264 5 2 10.253 13.799 9.425 12.306
265 5 2 10.212 13.946 9.354 12.424
266 5 2 10.172 14.122 9.372 12.541
267 5 2 10.131 14.225 9.302 12.703
268 5 2 10.031 14.359 9.231 12.807
269 5 2 10.005 14.506 9.264 12.922
271 5 2 9.924 14.785 9.152 13.173
272 5 2 9.869 14.932 9.096 13.291
273 5 2 9.828 15.079 9.086 13.467
275 5 2 9.761 15.329 9.076 13.686
276 5 2 9.734 15.446 9.020 13.804
277 5 2 9.723 15.578 9.038 13.935
278 5 2 9.668 15.740 8.984 14.126
279 5 2 9.672 15.900 8.987 14.257
280 5 2 9.660 16.032 8.916 14.361
281 5 2 9.619 16.135 8.904 14.492
282 5 2 9.563 16.283 8.908 14.667
283 5 2 9.581 16.399 8.895 14.726
284 5 2 9.541 16.560 8.856 14.917
285 5 2 9.529 16.707 8.874 15.062
286 5 2 9.518 16.838 8.832 15.165
287 5 2 9.523 17.042 8.836 15.311
288 5 2 9.465 17.088 8.781 15.473
289 5 2 9.469 17.248 8.783 15.575
290 5 2 9.429 17.439 8.742 15.708
291 5 2 9.417 17.527 8.760 15.853
292 5 2 9.390 17.644 8.734 15.971
293 5 2 9.424 17.833 8.708 16.132
294 5 2 9.396 17.907 8.712 16.292
295 5 2 9.370 18.054 8.686 16.439
296 5 2 9.344 18.200 8.659 16.556
297 5 2 9.390 18.287 8.589 16.675
298 5 2 9.307 18.464 8.622 16.849
299 5 2 9.266 18.611 8.610 16.966
300 5 2 9.283 18.728 8.598 17.084
301 5 2 9.214 18.890 8.555 17.129
302 5 2 9.231 18.992 8.574 17.289
303 5 2 9.190 19.110 8.504 17.437
304 5 2 9.193 19.241 8.567 17.625
305 5 2 9.153 19.432 8.468 17.788
307 5 2 9.114 19.638 8.459 18.022
308 5 2 9.131 19.754 8.445 18.051
309 5 2 9.120 19.886 8.465 18.270
310 5 2 9.109 20.062 8.423 18.388
311 5 2 9.110 20.091 8.427 18.534
312 5 2 9.086 20.311 8.429 18.636
313 5 2 9.087 20.369 8.431 18.724
314 5 2 9.076 20.515 8.449 18.840
316 5 2 9.096 20.734 8.380 19.061
317 5 2 9.086 20.939 8.428 19.206
318 5 2 9.147 21.054 8.342 19.325
319 5 2 9.076 21.158 8.420 19.483
320 5 2 9.079 21.275 8.335 19.632
321 5 2 9.110 21.347 8.455 19.731
322 5 2 9.129 21.507 8.441 19.775
323 5 2 9.118 21.654 8.401 19.951
324 5 2 9.149 21.740 8.492 20.066
325 5 2 9.167 21.871 8.481 20.197
326 5 2 9.243 22.000 8.498 20.328
327 5 2 9.217 22.133 8.590 20.486
328 5 2 9.263 22.204 8.489 20.562
329 5 2 9.282 22.394 8.625 20.719
330 5 2 9.328 22.480 8.643 20.865
331 5 2 9.346 22.626 8.631 20.982
332 5 2 9.393 22.741 8.648 21.069
333 5 2 9.425 22.857 8.680 21.185
334 5 2 9.441 22.915 8.757 21.329
336 5 2 9.522 23.205 8.747 21.533
337 5 2 9.568 23.320 8.736 21.680
338 5 2 9.571 23.422 8.797 21.780
339 5 2 9.619 23.596 8.815 21.897
340 5 2 9.679 23.638 8.846 21.969
341 5 2 9.740 23.739 8.880 22.187
342 5 2 9.743 23.885 8.940 22.244
344 5 2 9.852 24.115 9.020 22.504
345 5 2 9.927 24.200 9.067 22.620
346 5 2 9.930 24.317 9.070 22.766
347 5 2 10.006 24.417 9.147 22.895
348 5 2 10.053 24.547 9.221 22.936
349 5 2 10.160 24.704 9.180 23.069
350 5 2 10.146 24.763 9.286 23.183
351 5 2 10.164 24.880 9.333 23.298
352 5 2 10.254 24.950 9.306 23.401
353 5 2 10.345 25.079 9.367 23.502
354 5 2 10.420 25.164 9.444 23.646
355 5 2 10.438 25.280 9.490 23.732
356 5 2 10.470 25.411 9.493 23.863
357 5 2 10.501 25.468 9.525 23.979
358 5 2 10.636 25.610 9.659 24.063
359 5 2 10.667 25.682 9.721 24.192
360 5 2 10.685 25.798 9.709 24.310
361 5 2 10.804 25.853 9.595 24.430
362 5 2 10.866 25.997 9.627 24.546
363 5 2 10.985 26.066 9.895 24.698
364 5 2 11.001 26.139 9.911 24.771
365 5 2 11.120 26.194 10.002 24.885
366 5 2 11.196 26.308 10.018 24.914
367 5 2 11.226 26.336 10.109 25.057
368 5 2 11.348 26.493 10.143 25.246
369 5 2 11.437 26.534 10.260 25.228
370 5 2 11.484 26.664 10.307 25.328
371 5 2 11.558 26.691 10.383 25.472
372 5 2 11.560 26.779 10.354 25.473
373 5 2 11.709 26.876 10.505 25.658
374 5 2 11.843 26.945 10.581 25.758
375 5 2 11.844 26.988 10.612 25.801
376 5 2 11.980 27.159 10.804 25.882
377 5 2 11.980 27.159 10.806 25.941
378 5 2 12.056 27.259 10.940 26.039
379 5 2 12.086 27.287 10.912 26.069
380 5 2 12.205 27.386 11.031 26.138
381 5 2 12.311 27.485 11.076 26.180
382 5 2 12.371 27.570 11.197 26.323
383 5 2 12.360 27.702 11.211 26.308
384 5 2 12.463 27.728 11.287 26.422
385 5 2 12.569 27.856 11.304 26.524
386 5 2 12.630 27.942 11.453 26.607
387 5 2 12.646 28.000 11.500 26.722
388 5 2 12.722 28.114 11.457 26.753
389 5 2 12.827 28.213 11.561 26.822
390 5 2 12.842 28.241 11.637 26.937
391 5 2 12.994 28.441 11.636 26.908
392 5 2 12.995 28.514 11.817 27.092
393 5 2 13.010 28.528 11.891 27.104
394 5 2 13.146 28.684 11.967 27.233
395 5 2 13.044 28.717 11.982 27.262
397 5 2 13.254 28.885 12.222 27.458
398 5 2 13.314 28.956 12.224 27.531
399 5 2 13.317 29.088 12.315 27.660
400 5 2 13.421 29.143 12.419 27.744
401 5 2 13.453 29.259 12.451 27.831
402 5 2 13.515 29.373 12.541 27.915
403 5 2 13.531 29.431 12.587 28.002
404 5 2 13.621 29.516 12.648 28.116
405 5 2 13.594 29.634 12.619 28.117
406 5 2 13.626 29.735 12.711 28.275
407 5 2 13.613 29.794 12.755 28.274
408 5 2 13.674 29.894 12.757 28.347
409 5 2 13.719 29.936 12.860 28.387
410 5 2 13.752 30.096 12.833 28.490
411 5 2 13.769 30.198 12.821 28.593
412 5 2 13.771 30.271 12.971 28.719
413 5 2 13.832 30.386 13.032 28.805
414 5 2 13.908 30.471 13.107 28.890
415 5 2 13.939 30.543 13.108 28.934
416 5 2 13.956 30.659 13.185 29.078
417 5 2 14.002 30.745 13.172 29.137
418 5 2 13.991 30.877 13.189 29.267
419 5 2 14.008 30.979 13.234 29.310
420 5 2 14.053 31.036 13.281 29.425
421 5 2 14.113 31.107 13.342 29.496
422 5 2 14.131 31.223 13.418 29.611
423 5 2 14.176 31.265 13.433 29.654
47 6 2 10.832 31.367 9.882 29.731
48 6 2 10.832 31.367 9.882 29.731
49 6 2 10.860 31.308 9.853 29.732
50 6 2 10.844 31.250 9.923 29.583
51 6 2 10.858 31.220 9.909 29.613
52 6 2 10.858 31.220 9.936 29.524
53 6 2 10.869 31.073 10.038 29.491
54 6 2 10.854 31.059 9.991 29.391
55 6 2 10.853 31.015 10.021 29.404
56 6 2 10.882 30.970 10.047 29.272
57 6 2 10.969 30.923 10.105 29.226
58 6 2 10.920 30.749 10.089 29.168
59 6 2 10.966 30.806 10.102 29.079
60 6 2 10.992 30.659 10.188 29.018
61 6 2 10.976 30.630 10.143 28.961
62 6 2 11.018 30.541 10.157 28.931
63 6 2 11.048 30.540 10.184 28.843
64 6 2 11.016 30.453 10.213 28.812
65 6 2 10.984 30.352 10.240 28.709
66 6 2 10.998 30.307 10.223 28.636
67 6 2 11.055 30.247 10.251 28.577
68 6 2 11.054 30.189 10.249 28.460
69 6 2 11.095 30.070 10.292 28.429
70 6 2 11.065 30.027 10.290 28.356
71 6 2 11.049 29.969 10.244 28.270
72 6 2 11.032 29.897 10.256 28.167
73 6 2 11.046 29.838 10.327 28.048
74 6 2 10.969 29.723 10.312 28.048
75 6 2 10.969 29.723 10.338 27.901
76 6 2 10.966 29.577 10.308 27.873
77 6 2 10.994 29.532 10.276 27.742
78 6 2 10.992 29.430 10.275 27.698
79 6 2 10.945 29.329 10.258 27.597
80 6 2 10.944 29.285 10.315 27.551
81 6 2 10.942 29.197 10.254 27.465
82 6 2 10.939 29.080 10.252 27.377
83 6 2 10.952 29.007 10.294 27.274
84 6 2 10.891 28.906 10.233 27.173
85 6 2 10.976 28.787 10.260 27.084
86 6 2 10.917 28.745 10.170 26.985
87 6 2 10.972 28.611 10.196 26.853
88 6 2 10.926 28.525 10.150 26.796
89 6 2 10.850 28.396 10.221 26.662
90 6 2 10.878 28.336 10.190 26.604
91 6 2 10.889 28.219 10.142 26.430
92 6 2 10.872 28.117 10.185 26.414
93 6 2 10.883 27.956 10.196 26.253
94 6 2 10.852 27.869 10.135 26.138
95 6 2 10.892 27.722 10.234 25.989
96 6 2 10.891 27.678 10.233 25.945
97 6 2 10.901 27.487 10.217 25.872
98 6 2 10.871 27.430 10.212 25.668
99 6 2 10.927 27.311 10.269 25.607
100 6 2 10.896 27.268 10.267 25.505
101 6 2 10.952 27.135 10.263 25.344
102 6 2 11.006 26.958 10.290 25.256
103 6 2 10.976 26.900 10.257 25.111
104 6 2 10.972 26.769 10.256 25.038
105 6 2 10.983 26.607 10.208 24.908
106 6 2 10.980 26.461 10.207 24.849
107 6 2 10.992 26.373 10.306 24.671
108 6 2 11.004 26.256 10.347 24.552
109 6 2 10.958 26.170 10.299 24.379
110 6 2 10.954 26.009 10.324 24.217
111 6 2 10.994 25.832 10.307 24.130
112 6 2 11.036 25.758 10.349 24.026
113 6 2 11.033 25.597 10.345 23.866
114 6 2 11.073 25.450 10.356 23.719
115 6 2 11.041 25.334 10.383 23.601
116 6 2 11.066 25.172 10.409 23.469
117 6 2 11.049 25.056 10.362 23.324
118 6 2 11.061 24.953 10.433 23.220
119 6 2 11.043 24.822 10.386 23.090
120 6 2 11.054 24.647 10.425 22.913
121 6 2 11.067 24.573 10.408 22.812
122 6 2 11.092 24.397 10.435 22.694
123 6 2 11.075 24.310 10.446 22.548
124 6 2 11.088 24.222 10.458 22.430
125 6 2 11.113 24.031 10.483 22.269
126 6 2 11.123 23.841 10.466 22.138
127 6 2 11.207 23.692 10.462 21.963
128 6 2 11.175 23.562 10.458 21.831
129 6 2 11.216 23.458 10.471 21.729
130 6 2 11.199 23.327 10.512 21.625
131 6 2 11.195 23.167 10.448 21.408
132 6 2 11.177 23.036 10.549 21.303
133 6 2 11.261 22.858 10.546 21.186
134 6 2 11.170 22.759 10.483 21.028
135 6 2 11.181 22.583 10.525 20.910
136 6 2 11.251 22.464 10.594 20.732
137 6 2 11.233 22.319 10.605 20.586
138 6 2 11.318 22.199 10.573 20.470
139 6 2 11.284 22.010 10.628 20.337
140 6 2 11.342 21.965 10.596 20.207
141 6 2 11.367 21.760 10.652 20.088
142 6 2 11.451 21.597 10.648 19.928
143 6 2 11.377 21.584 10.659 19.767
144 6 2 11.416 21.364 10.582 19.609
145 6 2 11.471 21.216 10.726 19.517
146 6 2 11.497 21.099 10.693 19.343
147 6 2 11.523 20.938 10.807 19.208
148 6 2 11.562 20.747 10.818 19.047
149 6 2 11.547 20.703 10.773 19.005
150 6 2 11.645 20.511 10.871 18.841
151 6 2 11.627 20.380 10.824 18.711
152 6 2 11.682 20.232 10.880 18.593
153 6 2 11.694 20.115 10.978 18.386
154 6 2 11.777 19.908 10.945 18.241
155 6 2 11.701 19.823 11.015 18.093
156 6 2 11.756 19.647 11.011 17.918
157 6 2 11.783 19.558 11.037 17.772
158 6 2 11.795 19.427 11.049 17.698
159 6 2 11.835 19.265 11.119 17.536
160 6 2 11.832 19.134 11.204 17.402
161 6 2 11.873 19.030 11.127 17.273
162 6 2 11.912 18.840 11.169 17.170
163 6 2 11.881 18.738 11.194 17.009
164 6 2 11.923 18.664 11.237 16.935
165 6 2 12.022 18.516 11.248 16.788
166 6 2 11.990 18.400 11.304 16.670
167 6 2 12.047 18.340 11.361 16.610
168 6 2 12.072 18.179 11.387 16.478
169 6 2 12.084 18.047 11.310 16.320
170 6 2 12.082 17.960 11.365 16.173
171 6 2 12.152 17.812 11.377 16.085
172 6 2 12.207 17.665 11.435 16.025
173 6 2 12.204 17.563 11.431 15.865
174 6 2 12.275 17.444 11.503 15.805
175 6 2 12.302 17.385 11.471 15.718
176 6 2 12.330 17.297 11.526 15.571
177 6 2 12.400 17.178 11.540 15.541
178 6 2 12.440 17.031 11.611 15.423
179 6 2 12.452 16.885 11.591 15.190
180 6 2 12.479 16.811 11.647 15.116
181 6 2 12.549 16.664 11.633 15.116
182 6 2 12.605 16.575 11.686 14.910
183 6 2 12.648 16.515 11.732 14.967
184 6 2 12.688 16.368 11.743 14.821
185 6 2 12.731 16.309 11.783 14.646
186 6 2 12.756 16.162 11.843 14.702
187 6 2 12.799 16.117 11.911 14.511
188 6 2 12.826 16.015 11.881 14.468
189 6 2 12.897 15.940 11.952 14.393
190 6 2 12.911 15.881 12.023 14.304
191 6 2 13.023 15.703 12.021 14.187
192 6 2 13.021 15.601 12.078 14.142
193 6 2 13.063 15.513 12.118 13.966
194 6 2 13.148 15.408 12.176 13.950
195 6 2 13.117 15.336 12.174 13.877
196 6 2 13.204 15.319 12.201 13.775
197 6 2 13.274 15.157 12.300 13.641
198 6 2 13.258 15.100 12.344 13.640
199 6 2 13.356 14.951 12.413 13.463
200 6 2 13.429 14.905 12.427 13.419
201 6 2 13.453 14.715 12.511 13.257
202 6 2 13.483 14.744 12.509 13.169
203 6 2 13.597 14.595 12.595 13.109
204 6 2 13.609 14.522 12.636 12.977
205 6 2 13.652 14.448 12.677 12.874
206 6 2 13.693 14.330 12.690 12.786
207 6 2 13.776 14.168 12.863 12.679
208 6 2 13.875 14.034 12.847 12.636
209 6 2 13.904 14.019 12.902 12.475
210 6 2 13.974 13.871 12.974 12.443
211 6 2 14.076 13.869 12.986 12.327
212 6 2 14.146 13.736 13.057 12.252
213 6 2 14.204 13.720 13.057 12.238
214 6 2 14.345 13.497 13.200 12.103
215 6 2 14.386 13.394 13.213 12.059
216 6 2 14.456 13.276 13.285 11.999
217 6 2 14.571 13.186 13.312 11.911
218 6 2 14.729 13.080 13.414 11.893
219 6 2 14.785 12.976 13.443 11.878
220 6 2 15.001 12.854 13.601 11.757
221 6 2 15.058 12.765 13.659 11.727
222 6 2 15.172 12.646 13.746 11.695
223 6 2 15.317 12.613 13.860 11.576
224 6 2 15.445 12.493 13.961 11.544
225 6 2 15.546 12.418 14.062 11.498
226 6 2 15.676 12.371 14.134 11.423
227 6 2 15.878 12.278 14.279 11.390
228 6 2 15.963 12.174 14.396 11.373
229 6 2 16.093 12.112 14.494 11.225
230 6 2 16.251 12.035 14.597 11.236
231 6 2 16.397 12.031 14.741 11.175
232 6 2 16.584 11.910 14.901 11.141
233 6 2 16.641 11.865 14.988 11.095
234 6 2 16.785 11.789 15.161 11.018
235 6 2 16.915 11.742 15.264 11.030
236 6 2 17.031 11.724 15.348 10.897
237 6 2 17.174 11.604 15.348 10.897
238 6 2 17.305 11.586 15.624 10.846
239 6 2 17.435 11.539 15.726 10.858
240 6 2 17.652 11.460 15.915 10.809
241 6 2 17.725 11.488 16.045 10.748
242 6 2 17.813 11.514 16.103 10.746
243 6 2 17.970 11.379 16.290 10.640
244 6 2 18.203 11.373 16.437 10.694
245 6 2 18.274 11.299 16.626 10.645
246 6 2 18.476 11.235 16.739 10.526
247 6 2 18.563 11.190 16.799 10.568
248 6 2 18.780 11.126 16.986 10.476
249 6 2 18.839 11.182 17.103 10.502
250 6 2 19.056 11.118 17.263 10.469
251 6 2 19.202 11.129 17.407 10.422
252 6 2 19.302 11.054 17.452 10.464
253 6 2 19.504 11.005 17.742 10.384
254 6 2 19.619 10.944 17.830 10.410
255 6 2 19.824 10.996 18.032 10.347
256 6 2 19.909 10.922 18.149 10.359
257 6 2 20.084 10.932 18.264 10.312
258 6 2 20.215 10.914 18.513 10.349
259 6 2 20.417 10.879 18.657 10.287
260 6 2 20.590 10.817 18.803 10.312
261 6 2 20.736 10.842 18.890 10.310
262 6 2 20.911 10.866 19.122 10.275
263 6 2 21.026 10.820 19.267 10.257
264 6 2 21.200 10.801 19.529 10.264
265 6 2 21.303 10.827 19.514 10.236
266 6 2 21.490 10.764 19.645 10.232
267 6 2 21.650 10.774 19.833 10.184
268 6 2 21.794 10.741 20.065 10.178
269 6 2 21.954 10.752 20.109 10.162
270 6 2 22.056 10.749 20.357 10.214
271 6 2 22.215 10.730 20.545 10.165
272 6 2 22.417 10.667 20.573 10.136
273 6 2 22.563 10.721 20.806 10.130
274 6 2 22.693 10.674 20.966 10.140
275 6 2 22.881 10.669 21.037 10.109
276 6 2 23.069 10.635 21.255 10.074
277 6 2 23.127 10.634 21.488 10.097
278 6 2 23.431 10.611 21.676 10.078
279 6 2 23.618 10.578 21.690 10.049
280 6 2 23.706 10.619 21.951 10.056
281 6 2 23.793 10.602 22.097 10.067
282 6 2 24.053 10.581 22.241 10.049
283 6 2 24.111 10.579 22.386 10.045
284 6 2 24.314 10.559 22.532 10.056
285 6 2 24.531 10.554 22.719 9.993
286 6 2 24.647 10.565 22.893 10.003
287 6 2 24.836 10.574 23.052 9.984
288 6 2 25.039 10.584 23.198 10.024
289 6 2 25.139 10.552 23.443 9.959
290 6 2 25.313 10.547 23.502 9.987
291 6 2 25.474 10.601 23.748 9.980
292 6 2 25.574 10.569 23.937 10.004
293 6 2 25.791 10.549 24.037 9.958
294 6 2 25.950 10.560 24.256 9.996
295 6 2 26.109 10.541 24.183 9.984
296 6 2 26.268 10.551 24.486 9.932
297 6 2 26.413 10.562 24.662 10.000
298 6 2 26.559 10.601 24.864 9.980
299 6 2 26.776 10.596 25.139 9.973
300 6 2 26.919 10.549 25.111 10.017
301 6 2 27.077 10.501 25.268 9.941
302 6 2 27.207 10.512 25.429 9.980
303 6 2 27.483 10.548 25.616 9.961
304 6 2 27.539 10.503 25.761 9.942
305 6 2 27.699 10.514 25.977 9.922
306 6 2 27.873 10.538 26.065 9.978
307 6 2 28.002 10.506 26.194 9.917
308 6 2 28.161 10.516 26.382 9.926
309 6 2 28.277 10.513 26.615 9.978
310 6 2 28.392 10.524 26.729 9.903
311 6 2 28.653 10.546 26.933 9.955
312 6 2 28.870 10.569 27.120 9.950
313 6 2 28.984 10.509 27.178 9.949
314 6 2 29.085 10.492 27.279 9.932
315 6 2 29.258 10.487 27.509 9.897
316 6 2 29.460 10.511 27.798 9.889
317 6 2 29.576 10.507 27.885 9.916
318 6 2 29.778 10.517 27.915 9.959
319 6 2 29.792 10.502 28.219 9.965
320 6 2 30.051 10.480 28.305 9.948
321 6 2 30.311 10.488 28.478 9.929
322 6 2 30.368 10.458 28.591 9.840
323 6 2 30.484 10.484 28.735 9.807
324 6 2 30.685 10.449 28.908 9.803
325 6 2 30.861 10.575 29.025 9.872
326 6 2 30.918 10.544 29.169 9.868
327 6 2 31.163 10.538 29.358 9.892
328 6 2 31.335 10.504 29.531 9.916
329 6 2 31.479 10.515 29.761 9.867
330 6 2 31.579 10.469 29.919 9.848
331 6 2 31.781 10.493 30.120 9.814
332 6 2 31.968 10.502 30.278 9.796
333 6 2 32.111 10.441 30.279 9.825
334 6 2 32.269 10.422 30.406 9.720
335 6 2 32.385 10.477 30.754 9.798
336 6 2 32.483 10.373 30.710 9.785
337 6 2 32.655 10.354 30.883 9.766
338 6 2 32.783 10.293 31.039 9.675
339 6 2 32.958 10.361 31.097 9.688
340 6 2 33.128 10.255 31.269 9.640
341 6 2 33.285 10.237 31.599 9.588
342 6 2 33.487 10.231 31.656 9.587
343 6 2 33.571 10.157 31.915 9.594
344 6 2 33.701 10.182 31.901 9.595
345 6 2 33.873 10.164 32.073 9.576
346 6 2 33.943 10.104 32.260 9.542
347 6 2 34.073 10.115 32.445 9.465
348 6 2 34.316 10.080 32.688 9.430
349 6 2 34.447 10.120 32.675 9.474
350 6 2 34.572 9.987 32.775 9.457
351 6 2 34.703 10.041 32.903 9.396
352 6 2 34.846 10.023 33.105 9.405
353 6 2 35.004 10.004 33.319 9.356
354 6 2 35.149 10.044 33.407 9.397
355 6 2 35.262 9.997 33.610 9.464
356 6 2 35.462 9.963 33.839 9.429
357 6 2 35.593 10.003 33.882 9.442
358 6 2 35.708 10.029 33.997 9.439
359 6 2 35.853 10.068 34.315 9.503
360 6 2 35.996 10.050 34.316 9.518
361 6 2 36.183 10.088 34.388 9.530
362 6 2 36.286 10.172 34.517 9.527
363 6 2 36.358 10.170 34.704 9.551
364 6 2 36.531 10.195 34.734 9.579
365 6 2 36.662 10.278 34.894 9.661
366 6 2 36.848 10.258 35.253 9.637
367 6 2 36.907 10.329 35.308 9.564
368 6 2 37.023 10.369 35.427 9.719
369 6 2 37.196 10.422 35.541 9.687
370 6 2 37.355 10.446 35.728 9.711
371 6 2 37.442 10.487 35.843 9.723
372 6 2 37.559 10.571 36.075 9.803
373 6 2 37.647 10.640 36.190 9.786
374 6 2 37.807 10.737 36.463 9.822
375 6 2 37.909 10.777 36.335 9.868
376 6 2 38.010 10.818 36.494 9.907
377 6 2 38.211 10.841 36.695 9.902
378 6 2 38.313 10.896 36.856 10.013
379 6 2 38.414 10.908 36.810 9.914
380 6 2 38.529 10.934 36.928 10.026
381 6 2 38.688 10.987 37.085 10.022
382 6 2 38.775 11.042 37.145 10.106
383 6 2 38.961 11.023 37.360 10.115
384 6 2 39.048 11.049 37.474 10.083
385 6 2 39.176 11.046 37.663 10.165
386 6 2 39.307 11.114 37.790 10.118
387 6 2 39.478 11.081 37.819 10.118
388 6 2 39.622 11.106 37.877 10.145
389 6 2 39.763 11.059 37.963 10.157
390 6 2 39.865 11.114 38.122 10.182
391 6 2 40.094 11.108 38.351 10.176
392 6 2 40.278 11.060 38.480 10.186
393 6 2 40.335 11.029 38.479 10.158
394 6 2 40.506 11.011 38.650 10.139
395 6 2 40.564 11.052 38.793 10.121
396 6 2 40.750 11.047 39.004 10.000
397 6 2 40.921 11.028 39.119 10.011
398 6 2 41.007 11.026 39.234 10.008
399 6 2 41.106 10.995 39.418 9.946
400 6 2 41.190 10.920 39.502 9.872
401 6 2 41.347 10.945 39.656 9.753
402 6 2 41.446 10.899 39.784 9.735
403 6 2 41.604 10.909 39.941 9.717
404 6 2 41.730 10.834 40.066 9.584
405 6 2 41.829 10.788 40.194 9.537
406 6 2 41.942 10.757 40.364 9.475
407 6 2 42.083 10.667 40.477 9.444
408 6 2 42.181 10.606 40.631 9.325
409 6 2 42.250 10.533 40.729 9.250
410 6 2 42.362 10.444 40.869 9.132
411 6 2 42.446 10.398 40.982 9.086
412 6 2 42.531 10.353 41.093 8.982
413 6 2 42.600 10.279 41.220 8.936
414 6 2 42.669 10.177 41.317 8.804
415 6 2 42.752 10.103 41.428 8.700
416 6 2 42.836 10.029 41.541 8.654
417 6 2 42.889 9.898 41.653 8.551
418 6 2 42.929 9.782 41.720 8.406
419 6 2 42.955 9.710 41.804 8.332
64 7 2 9.363 31.433 8.528 29.704
65 7 2 9.348 31.419 8.513 29.719
66 7 2 9.347 31.360 8.543 29.718
67 7 2 9.347 31.360 8.541 29.630
68 7 2 9.405 31.343 8.571 29.644
69 7 2 9.375 31.315 8.540 29.586
70 7 2 9.360 31.316 8.555 29.615
71 7 2 9.403 31.226 8.569 29.585
72 7 2 9.461 31.210 8.596 29.482
73 7 2 9.474 31.136 8.611 29.467
74 7 2 9.502 31.076 8.581 29.468
75 7 2 9.516 31.047 8.564 29.380
76 7 2 9.531 31.046 8.697 29.405
77 7 2 9.545 31.016 8.623 29.378
78 7 2 9.571 30.898 8.679 29.259
79 7 2 9.572 30.913 8.738 29.243
80 7 2 9.586 30.883 8.752 29.242
81 7 2 9.613 30.809 8.779 29.139
82 7 2 9.642 30.764 8.808 29.094
83 7 2 9.671 30.748 8.777 29.022
84 7 2 9.685 30.719 8.821 29.050
85 7 2 9.711 30.586 8.850 29.005
86 7 2 9.681 30.572 8.879 28.989
87 7 2 9.727 30.629 8.863 28.960
88 7 2 9.753 30.511 8.803 28.904
89 7 2 9.767 30.452 8.874 28.784
90 7 2 9.764 30.335 8.936 28.899
91 7 2 9.809 30.392 8.975 28.693
92 7 2 9.808 30.334 8.974 28.634
93 7 2 9.807 30.290 8.972 28.591
94 7 2 9.835 30.216 9.060 28.544
95 7 2 9.832 30.113 8.998 28.414
96 7 2 9.804 30.158 9.027 28.428
97 7 2 9.847 30.098 9.041 28.398
98 7 2 9.830 30.011 9.055 28.339
99 7 2 9.844 30.010 9.126 28.249
100 7 2 9.859 29.995 9.053 28.266
101 7 2 9.888 29.994 9.081 28.206
102 7 2 9.902 29.950 9.125 28.190
103 7 2 9.929 29.846 9.096 28.206
104 7 2 9.900 29.877 9.124 28.146
105 7 2 9.899 29.847 9.122 28.088
106 7 2 9.927 29.773 9.152 28.102
107 7 2 9.925 29.671 9.152 28.087
108 7 2 9.910 29.657 9.165 28.043
109 7 2 9.953 29.611 9.178 27.969
110 7 2 9.997 29.610 9.164 27.969
111 7 2 9.951 29.524 9.176 27.852
112 7 2 10.023 29.492 9.191 27.881
113 7 2 10.051 29.403 9.219 27.821
114 7 2 10.153 29.370 9.144 27.765
115 7 2 10.137 29.342 9.216 27.675
116 7 2 10.180 29.296 9.231 27.689
117 7 2 10.179 29.238 9.259 27.630
118 7 2 10.147 29.122 9.200 27.632
119 7 2 10.248 29.060 9.390 27.567
120 7 2 10.247 29.001 9.240 27.455
121 7 2 10.232 28.987 9.311 27.350
122 7 2 10.274 28.898 9.327 27.408
123 7 2 10.303 28.882 9.322 27.218
124 7 2 10.301 28.809 9.321 27.174
125 7 2 10.255 28.708 9.423 27.097
126 7 2 10.223 28.636 9.394 27.113
127 7 2 10.310 28.560 9.418 26.922
128 7 2 10.266 28.562 9.462 26.891
129 7 2 10.350 28.413 9.517 26.743
130 7 2 10.275 28.342 9.470 26.613
131 7 2 10.290 28.327 9.486 26.657
132 7 2 10.316 28.180 9.481 26.452
133 7 2 10.286 28.181 9.509 26.392
134 7 2 10.344 28.150 9.508 26.363
135 7 2 10.325 27.960 9.549 26.230
136 7 2 10.324 27.916 9.577 26.185
137 7 2 10.307 27.829 9.618 26.038
138 7 2 10.351 27.827 9.633 26.067
139 7 2 10.393 27.724 9.675 25.963
140 7 2 10.376 27.636 9.600 25.878
141 7 2 10.402 27.504 9.627 25.774
142 7 2 10.400 27.387 9.655 25.744
143 7 2 10.384 27.358 9.667 25.627
144 7 2 10.456 27.297 9.710 25.567
145 7 2 10.409 27.167 9.662 25.408
146 7 2 10.407 27.094 9.661 25.364
147 7 2 10.449 26.976 9.702 25.245
148 7 2 10.433 26.933 9.656 25.145
149 7 2 10.415 26.787 9.728 25.084
150 7 2 10.472 26.727 9.726 24.996
151 7 2 10.411 26.626 9.753 24.893
152 7 2 10.467 26.522 9.808 24.760
153 7 2 10.436 26.465 9.777 24.673
154 7 2 10.463 26.347 9.745 24.586
155 7 2 10.504 26.228 9.758 24.498
156 7 2 10.518 26.184 9.741 24.396
157 7 2 10.470 26.010 9.782 24.278
158 7 2 10.482 25.907 9.796 24.234
159 7 2 10.554 25.832 9.807 24.102
160 7 2 10.477 25.688 9.788 23.927
161 7 2 10.548 25.584 9.801 23.824
162 7 2 10.576 25.539 9.887 23.749
163 7 2 10.530 25.453 9.900 23.660
164 7 2 10.570 25.305 9.941 23.542
165 7 2 10.582 25.188 9.865 23.428
166 7 2 10.609 25.070 9.950 23.308
167 7 2 10.621 24.953 9.963 23.220
168 7 2 10.648 24.864 9.901 23.105
169 7 2 10.676 24.790 9.930 23.060
170 7 2 10.674 24.703 10.017 23.028
171 7 2 10.656 24.572 10.027 22.838
172 7 2 10.668 24.469 10.039 22.706
173 7 2 10.681 24.381 10.023 22.648
174 7 2 10.752 24.306 10.066 22.603
175 7 2 10.794 24.217 10.018 22.459
176 7 2 10.746 24.043 10.059 22.311
177 7 2 10.803 23.983 10.145 22.250
178 7 2 10.801 23.895 10.143 22.133
179 7 2 10.812 23.719 10.126 22.075
180 7 2 10.824 23.617 10.167 21.913
181 7 2 10.837 23.558 10.151 21.856
182 7 2 10.850 23.470 10.164 21.797
183 7 2 10.878 23.425 10.191 21.694
184 7 2 10.889 23.264 10.232 21.590
185 7 2 10.871 23.148 10.243 21.415
186 7 2 10.899 23.074 10.270 21.312
187 7 2 10.970 22.955 10.253 21.224
188 7 2 10.953 22.897 10.296 21.194
189 7 2 10.951 22.780 10.322 21.018
190 7 2 11.007 22.676 10.291 20.946
191 7 2 11.063 22.587 10.288 20.858
192 7 2 10.988 22.487 10.359 20.754
193 7 2 11.059 22.412 10.430 20.650
194 7 2 11.070 22.251 10.325 20.551
195 7 2 11.083 22.192 10.455 20.459
196 7 2 11.182 22.014 10.437 20.314
197 7 2 11.195 21.969 10.509 20.238
198 7 2 11.207 21.823 10.462 20.152
199 7 2 11.250 21.778 10.563 20.076
200 7 2 11.246 21.647 10.473 19.977
201 7 2 11.289 21.572 10.514 19.844
202 7 2 11.315 21.426 10.541 19.756
203 7 2 11.313 21.367 10.626 19.637
204 7 2 11.397 21.204 10.595 19.564
205 7 2 11.440 21.144 10.608 19.477
206 7 2 11.481 21.012 10.649 19.373
207 7 2 11.450 20.954 10.677 19.314
208 7 2 11.492 20.866 10.689 19.197
209 7 2 11.548 20.776 10.715 19.050
210 7 2 11.575 20.644 10.801 18.945
211 7 2 11.559 20.615 10.755 18.888
212 7 2 11.586 20.498 10.812 18.799
213 7 2 11.611 20.351 10.839 18.711
214 7 2 11.638 20.248 10.865 18.579
215 7 2 11.637 20.175 10.951 18.503
216 7 2 11.648 20.058 10.903 18.330
217 7 2 11.706 19.998 10.931 18.271
218 7 2 11.631 19.942 10.973 18.182
219 7 2 11.686 19.809 10.971 18.080
220 7 2 11.729 19.749 11.042 18.019
221 7 2 11.697 19.648 11.010 17.889
222 7 2 11.768 19.529 11.082 17.829
223 7 2 11.766 19.471 11.079 17.712
224 7 2 11.750 19.384 11.091 17.595
225 7 2 11.761 19.267 11.132 17.477
226 7 2 11.804 19.193 11.146 17.433
227 7 2 11.832 19.134 11.202 17.344
228 7 2 11.828 18.988 11.199 17.198
229 7 2 11.825 18.871 11.139 17.142
230 7 2 11.868 18.826 11.210 17.037
231 7 2 11.880 18.724 11.252 16.963
232 7 2 11.893 18.621 11.263 16.832
233 7 2 11.904 18.504 11.248 16.803
234 7 2 11.977 18.473 11.290 16.714
235 7 2 11.990 18.400 11.362 16.669
236 7 2 11.957 18.270 11.332 16.655
237 7 2 11.985 18.196 11.300 16.525
238 7 2 12.041 18.092 11.357 16.450
239 7 2 12.069 18.048 11.354 16.348
240 7 2 12.095 17.916 11.441 16.273
241 7 2 12.153 17.885 11.321 16.160
242 7 2 12.180 17.782 11.407 16.084
243 7 2 12.148 17.681 11.376 16.012
244 7 2 12.192 17.650 11.389 15.954
245 7 2 12.232 17.518 11.430 15.850
246 7 2 12.244 17.387 11.531 15.745
247 7 2 12.228 17.343 11.516 15.731
248 7 2 12.255 17.255 11.541 15.556
249 7 2 12.313 17.195 11.599 15.525
250 7 2 12.309 17.049 11.624 15.349
251 7 2 12.308 17.006 11.624 15.364
252 7 2 12.364 16.917 11.591 15.219
253 7 2 12.407 16.857 11.692 15.158
254 7 2 12.420 16.769 11.677 15.129
255 7 2 12.461 16.666 11.631 15.058
256 7 2 12.503 16.592 11.731 14.924
257 7 2 12.485 16.432 11.773 14.850
258 7 2 12.484 16.403 11.741 14.763
259 7 2 12.571 16.357 11.799 14.718
260 7 2 12.553 16.212 11.869 14.570
261 7 2 12.640 16.195 11.810 14.557
262 7 2 12.638 16.093 11.838 14.513
263 7 2 12.634 15.962 11.866 14.439
264 7 2 12.677 15.888 11.938 14.394
265 7 2 12.705 15.872 11.936 14.321
266 7 2 12.732 15.770 11.963 14.247
267 7 2 12.775 15.710 11.977 14.189
268 7 2 12.846 15.621 11.902 14.132
269 7 2 12.873 15.518 12.045 13.997
270 7 2 12.914 15.415 12.058 13.924
271 7 2 12.957 15.385 12.044 13.925
272 7 2 12.984 15.267 12.128 13.777
273 7 2 13.070 15.221 12.095 13.646
274 7 2 13.097 15.104 12.183 13.644
275 7 2 13.167 14.986 12.197 13.615
277 7 2 13.267 14.881 12.268 13.511
278 7 2 13.308 14.749 12.280 13.408
279 7 2 13.393 14.644 12.395 13.303
280 7 2 13.494 14.569 12.407 13.201
281 7 2 13.536 14.495 12.423 13.244
282 7 2 13.623 14.463 12.477 13.068
283 7 2 13.665 14.389 12.520 13.052
284 7 2 13.721 14.300 12.578 12.993
285 7 2 13.792 14.226 12.620 12.919
286 7 2 13.863 14.107 12.661 12.801
287 7 2 13.960 13.886 12.850 12.782
288 7 2 14.061 13.825 12.864 12.752
289 7 2 14.062 13.869 12.775 12.682
290 7 2 14.161 13.750 12.845 12.563
291 7 2 14.289 13.615 13.121 12.454
292 7 2 14.306 13.688 13.017 12.413
293 7 2 14.361 13.570 13.046 12.383
294 7 2 14.448 13.509 13.102 12.294
295 7 2 14.520 13.478 13.174 12.234
296 7 2 14.562 13.404 13.245 12.160
297 7 2 14.619 13.330 13.331 12.085
298 7 2 14.704 13.240 13.388 12.025
299 7 2 14.789 13.151 13.504 11.993
300 7 2 14.816 13.048 13.618 11.859
301 7 2 14.903 13.017 13.617 11.830
302 7 2 15.019 12.970 13.703 11.726
303 7 2 15.090 12.895 13.804 11.679
304 7 2 15.131 12.792 13.847 11.664
305 7 2 15.232 12.746 13.946 11.530
306 7 2 15.288 12.643 14.032 11.426
307 7 2 15.374 12.568 14.030 11.353
308 7 2 15.402 12.523 14.146 11.336
309 7 2 15.516 12.404 14.260 11.187
310 7 2 15.572 12.315 14.287 11.128
311 7 2 15.658 12.226 14.344 11.069
312 7 2 15.729 12.166 14.474 10.978
313 7 2 15.829 12.061 14.514 10.846
314 7 2 15.900 12.001 14.645 10.814
315 7 2 15.987 11.970 14.644 10.756
316 7 2 16.044 11.910 14.787 10.665
317 7 2 16.144 11.835 14.770 10.563
318 7 2 16.214 11.717 14.901 10.531
319 7 2 16.343 11.597 15.029 10.411
320 7 2 16.474 11.594 15.071 10.323
321 7 2 16.544 11.461 15.173 10.306
322 7 2 16.615 11.401 15.244 10.246
323 7 2 16.715 11.311 15.287 10.216
324 7 2 16.816 11.279 15.389 10.184
325 7 2 16.902 11.190 15.387 10.126
326 7 2 17.016 11.100 15.532 10.064
327 7 2 17.087 11.025 15.663 10.046
328 7 2 17.231 10.963 15.720 9.986
329 7 2 17.332 10.888 15.792 9.941
330 7 2 17.417 10.813 15.879 9.924
331 7 2 17.561 10.722 15.936 9.865
332 7 2 17.663 10.734 16.008 9.848
333 7 2 17.719 10.631 16.125 9.860
334 7 2 17.892 10.583 16.182 9.786
335 7 2 17.964 10.552 16.314 9.811
336 7 2 18.078 10.419 16.399 9.707
337 7 2 18.253 10.428 16.487 9.749
338 7 2 18.293 10.311 16.646 9.686
339 7 2 18.424 10.293 16.689 9.671
340 7 2 18.540 10.276 16.864 9.681
341 7 2 18.671 10.258 16.908 9.665
342 7 2 18.742 10.183 16.977 9.533
343 7 2 18.844 10.195 17.169 9.600
344 7 2 18.975 10.192 17.153 9.572
345 7 2 19.090 10.145 17.125 9.587
346 7 2 19.207 10.157 17.562 9.590
347 7 2 19.234 10.084 17.532 9.547
348 7 2 19.380 10.123 17.619 9.560
349 7 2 19.424 10.108 17.779 9.541
350 7 2 19.410 10.137 17.735 9.542
351 7 2 19.467 10.092 17.852 9.554
352 7 2 19.613 10.117 17.998 9.550
353 7 2 19.700 10.100 18.113 9.503
354 7 2 19.845 10.097 18.143 9.532
355 7 2 19.932 10.080 18.260 9.543
356 7 2 20.048 10.048 18.403 9.452
357 7 2 20.150 10.074 18.478 9.537
358 7 2 20.309 10.041 18.638 9.533
359 7 2 20.383 10.083 18.624 9.548
360 7 2 20.484 10.066 18.958 9.525
361 7 2 20.573 10.121 18.870 9.498
362 7 2 20.760 10.073 18.886 9.541
363 7 2 20.764 10.203 19.147 9.520
364 7 2 20.922 10.127 19.162 9.534
365 7 2 21.007 10.066 19.394 9.499
366 7 2 21.066 10.094 19.365 9.500
367 7 2 21.182 10.091 19.364 9.471
368 7 2 21.328 10.116 19.510 9.496
369 7 2 21.400 10.100 19.613 9.537
370 7 2 21.431 10.157 19.672 9.565
371 7 2 21.589 10.095 19.803 9.561
372 7 2 21.678 10.165 19.919 9.544
373 7 2 21.691 10.107 19.904 9.544
374 7 2 21.909 10.130 20.152 9.567
375 7 2 21.968 10.143 20.267 9.520
376 7 2 21.998 10.185 20.297 9.563
377 7 2 22.071 10.184 20.284 9.621
378 7 2 22.203 10.238 20.386 9.619
379 7 2 22.290 10.236 20.590 9.642
380 7 2 22.334 10.264 20.606 9.700
381 7 2 22.436 10.275 20.824 9.709
382 7 2 22.537 10.273 20.692 9.654
383 7 2 22.582 10.315 20.911 9.692
384 7 2 22.684 10.341 21.013 9.718
385 7 2 22.742 10.354 21.187 9.699
386 7 2 22.832 10.439 21.303 9.696
387 7 2 22.904 10.437 21.261 9.755
388 7 2 23.064 10.462 21.420 9.722
389 7 2 23.109 10.504 21.436 9.765
390 7 2 23.153 10.517 21.538 9.777
391 7 2 23.284 10.528 21.612 9.848
392 7 2 23.371 10.555 21.730 9.932
393 7 2 23.446 10.640 21.802 9.901
394 7 2 23.547 10.637 21.788 9.930
395 7 2 23.667 10.779 21.904 9.898
396 7 2 23.724 10.734 22.020 9.910
397 7 2 23.754 10.777 22.109 9.980
398 7 2 23.990 10.944 22.168 10.007
399 7 2 23.931 10.902 22.284 10.019
400 7 2 24.077 10.927 22.488 10.042
401 7 2 24.180 10.997 22.621 10.140
402 7 2 24.238 11.010 22.682 10.240
403 7 2 24.329 11.152 22.768 10.209
404 7 2 24.342 11.094 22.811 10.208
405 7 2 24.417 11.194 22.944 10.306
406 7 2 24.460 11.192 23.018 10.333
407 7 2 24.577 11.233 23.134 10.344
408 7 2 24.638 11.332 23.164 10.387
409 7 2 24.725 11.345 23.135 10.402
410 7 2 24.799 11.415 23.325 10.440
411 7 2 24.901 11.412 23.427 10.467
412 7 2 24.945 11.469 23.529 10.493
413 7 2 25.047 11.466 23.574 10.550
414 7 2 25.135 11.507 23.633 10.592
415 7 2 25.194 11.564 23.722 10.647
416 7 2 25.239 11.635 23.794 10.660
417 7 2 25.385 11.646 23.825 10.731
418 7 2 25.456 11.600 23.811 10.746
419 7 2 25.488 11.715 23.842 10.803
420 7 2 25.619 11.741 24.089 10.826
421 7 2 25.692 11.782 24.220 10.866
422 7 2 25.750 11.780 24.279 10.922
423 7 2 25.853 11.836 24.238 11.010
424 7 2 25.912 11.877 24.412 10.991
425 7 2 26.000 11.919 24.471 11.033
426 7 2 26.072 11.917 24.544 11.060
427 7 2 26.160 11.958 24.661 11.100
428 7 2 26.204 12.000 24.791 11.082
429 7 2 26.306 12.026 24.721 11.171
430 7 2 26.365 12.068 24.809 11.241
431 7 2 26.511 12.122 25.012 11.236
432 7 2 26.555 12.135 25.028 11.308
433 7 2 26.656 12.118 25.131 11.348
434 7 2 26.730 12.188 25.203 11.361
435 7 2 26.774 12.216 25.248 11.418
436 7 2 26.876 12.257 25.263 11.432
437 7 2 26.980 12.341 25.364 11.429
438 7 2 27.066 12.324 25.424 11.500
439 7 2 27.082 12.367 25.613 11.509
440 7 2 27.155 12.408 25.658 11.580
441 7 2 27.227 12.392 25.613 11.538
442 7 2 27.360 12.490 25.834 11.662
443 7 2 27.403 12.488 25.935 11.660
444 7 2 27.506 12.558 25.980 11.702
445 7 2 27.579 12.570 26.111 11.742
446 7 2 27.608 12.599 26.140 11.741
447 7 2 27.710 12.625 26.213 11.768
448 7 2 27.798 12.666 26.213 11.783
449 7 2 27.900 12.692 26.432 11.835
450 7 2 27.929 12.720 26.460 11.834
451 7 2 28.017 12.761 26.433 11.907
452 7 2 28.063 12.847 26.595 11.989
453 7 2 28.106 12.845 26.582 12.048
454 7 2 28.237 12.885 26.827 12.026
455 7 2 28.297 12.941 26.797 11.998
456 7 2 28.384 12.953 26.916 12.096
457 7 2 28.472 13.023 27.033 12.166
458 7 2 28.530 13.036 27.062 12.150
459 7 2 28.661 13.062 27.135 12.177
460 7 2 28.676 13.076 27.264 12.159
461 7 2 28.778 13.116 27.165 12.234
462 7 2 28.837 13.187 27.426 12.271
463 7 2 28.937 13.141 27.528 12.282
464 7 2 28.982 13.197 27.573 12.339
465 7 2 29.084 13.223 27.675 12.365
466 7 2 29.185 13.221 27.747 12.363
467 7 2 29.273 13.276 27.689 12.365
468 7 2 29.344 13.245 27.762 12.392
469 7 2 29.430 13.200 27.763 12.435
470 7 2 29.503 13.226 27.836 12.462
471 7 2 29.576 13.268 27.909 12.504
472 7 2 29.677 13.265 28.010 12.501
473 7 2 29.764 13.277 28.129 12.628
474 7 2 29.821 13.261 28.157 12.584
475 7 2 29.909 13.331 28.272 12.566
476 7 2 30.009 13.285 28.315 12.550
477 7 2 30.096 13.282 28.344 12.550
478 7 2 30.153 13.281 28.402 12.548
479 7 2 30.212 13.294 28.518 12.588
480 7 2 30.327 13.291 28.547 12.559
481 7 2 30.370 13.289 28.647 12.527
482 7 2 30.456 13.273 28.678 12.598
483 7 2 30.499 13.271 28.808 12.624
484 7 2 30.600 13.240 28.877 12.506
485 7 2 30.701 13.266 28.921 12.505
486 7 2 30.758 13.221 28.978 12.489
487 7 2 30.830 13.219 29.079 12.486
488 7 2 30.944 13.172 29.166 12.498
87 8 2 12.988 31.278 12.209 29.374
88 8 2 12.942 31.177 12.222 29.300
89 8 2 12.952 31.001 12.174 29.126
90 8 2 13.022 30.838 12.247 29.109
91 8 2 13.006 30.780 12.256 28.875
92 8 2 12.929 30.636 12.208 28.730
93 8 2 12.955 30.489 12.264 28.612
94 8 2 12.950 30.299 12.202 28.482
95 8 2 12.946 30.138 12.256 28.290
96 8 2 12.973 30.035 12.195 28.161
97 8 2 12.984 29.888 12.177 28.015
98 8 2 12.937 29.744 12.244 27.779
99 8 2 12.977 29.567 12.169 27.694
100 8 2 12.972 29.392 12.253 27.545
101 8 2 12.925 29.247 12.179 27.518
102 8 2 12.979 29.070 12.232 27.283
103 8 2 13.022 29.010 12.301 27.076
104 8 2 13.017 28.806 12.239 26.961
105 8 2 13.027 28.630 12.308 26.754
106 8 2 13.010 28.499 12.232 26.654
107 8 2 13.049 28.308 12.300 26.433
108 8 2 13.045 28.132 12.326 26.315
109 8 2 13.012 27.973 12.262 26.069
110 8 2 13.052 27.825 12.362 25.949
111 8 2 13.062 27.635 12.342 25.730
112 8 2 13.058 27.445 12.397 25.597
113 8 2 13.053 27.255 12.365 25.466
114 8 2 13.092 27.064 12.345 25.248
115 8 2 13.162 26.901 12.414 25.056
116 8 2 13.114 26.727 12.395 24.910
117 8 2 13.153 26.536 12.406 24.749
118 8 2 13.148 26.332 12.400 24.487
119 8 2 13.144 26.157 12.427 24.398
120 8 2 13.139 25.953 12.393 24.195
121 8 2 13.164 25.776 12.444 23.901
122 8 2 13.131 25.632 12.411 23.727
123 8 2 13.127 25.471 12.379 23.626
124 8 2 13.121 25.208 12.461 23.361
125 8 2 13.133 25.091 12.353 23.160
126 8 2 13.170 24.827 12.392 22.925
127 8 2 13.165 24.623 12.447 22.777
128 8 2 13.161 24.448 12.443 22.602
129 8 2 13.171 24.258 12.395 22.443
130 8 2 13.182 24.097 12.405 22.253
131 8 2 13.190 23.834 12.384 21.991
132 8 2 13.171 23.630 12.336 21.817
133 8 2 13.165 23.382 12.389 21.597
134 8 2 13.161 23.236 12.475 21.507
135 8 2 13.128 23.077 12.497 21.229
136 8 2 13.182 22.900 12.434 21.026
137 8 2 13.206 22.666 12.429 20.822
138 8 2 13.244 22.417 12.410 20.633
139 8 2 13.168 22.288 12.478 20.412
140 8 2 13.220 22.038 12.473 20.194
141 8 2 13.204 21.980 12.514 20.076
142 8 2 13.153 21.690 12.465 19.873
143 8 2 13.149 21.501 12.460 19.684
144 8 2 13.159 21.311 12.413 19.554
145 8 2 13.153 21.092 12.437 19.334
146 8 2 13.150 20.961 12.492 19.172
147 8 2 13.144 20.699 12.458 18.969
148 8 2 13.171 20.596 12.480 18.692
149 8 2 13.208 20.303 12.402 18.490
150 8 2 13.205 20.201 12.458 18.357
151 8 2 13.200 19.982 12.453 18.168
152 8 2 13.183 19.881 12.491 17.919
153 8 2 13.250 19.616 12.472 17.715
154 8 2 13.233 19.515 12.485 17.671
155 8 2 13.242 19.281 12.463 17.380
156 8 2 13.280 19.062 12.476 17.278
157 8 2 13.322 18.958 12.516 17.116
158 8 2 13.302 18.755 12.467 16.914
159 8 2 13.312 18.580 12.564 16.707
160 8 2 13.337 18.375 12.592 16.619
161 8 2 13.394 18.329 12.616 16.429
162 8 2 13.389 18.111 12.586 16.386
163 8 2 13.444 17.949 12.611 16.196
164 8 2 13.455 17.832 12.679 15.990
165 8 2 13.526 17.743 12.664 15.961
166 8 2 13.539 17.655 12.675 15.815
167 8 2 13.580 17.552 12.748 15.798
168 8 2 13.576 17.377 12.744 15.653
169 8 2 13.588 17.260 12.785 15.535
170 8 2 13.657 17.112 12.797 15.418
171 8 2 13.671 17.054 12.837 15.272
172 8 2 13.698 16.966 12.776 15.157
173 8 2 13.695 16.849 12.864 15.154
174 8 2 13.724 16.834 12.833 15.082
175 8 2 13.735 16.688 12.905 15.022
176 8 2 13.763 16.643 12.961 14.948
177 8 2 13.776 16.556 12.943 14.803
178 8 2 13.817 16.452 12.956 14.729
179 8 2 13.817 16.467 12.956 14.744
180 8 2 13.844 16.350 12.896 14.687
181 8 2 13.857 16.277 13.052 14.465
182 8 2 13.917 16.333 12.971 14.729
183 8 2 13.913 16.173 13.055 14.596
184 8 2 13.956 16.157 13.011 14.582
185 8 2 13.984 16.098 13.070 14.610
186 8 2 13.981 15.982 13.039 14.523
187 8 2 13.997 16.011 13.024 14.524
188 8 2 14.055 16.023 13.050 14.363
189 8 2 14.022 15.850 13.080 14.420
190 8 2 14.064 15.776 13.152 14.345
191 8 2 14.094 15.818 13.093 14.362
192 8 2 14.105 15.673 13.193 14.242
193 8 2 14.117 15.541 13.265 14.197
194 8 2 14.134 15.643 13.247 14.066
195 8 2 14.147 15.569 13.290 14.021
196 8 2 14.172 15.394 13.259 13.964
197 8 2 14.243 15.334 13.390 13.931
198 8 2 14.241 15.247 13.390 13.902
199 8 2 14.291 15.507 13.346 13.932
200 8 2 14.360 15.331 13.475 13.812
201 8 2 14.372 15.228 13.489 13.768
202 8 2 14.476 15.284 13.501 13.681
203 8 2 14.472 15.109 13.501 13.652
204 8 2 14.514 15.050 13.515 13.622
205 8 2 14.540 14.889 13.571 13.548
206 8 2 14.630 14.988 13.540 13.447
207 8 2 14.670 14.827 13.643 13.488
208 8 2 14.715 14.899 13.568 13.417
209 8 2 14.758 14.854 13.609 13.314
210 8 2 14.830 14.823 13.681 13.254
211 8 2 14.900 14.704 13.696 13.253
212 8 2 14.988 14.687 13.724 13.209
213 8 2 15.058 14.569 13.798 13.236
214 8 2 15.143 14.479 13.853 13.089
215 8 2 15.300 14.329 13.924 13.029
216 8 2 15.344 14.328 13.938 12.999
217 8 2 15.385 14.196 14.039 12.953
218 8 2 15.544 14.134 14.053 12.923
219 8 2 15.630 14.058 14.138 12.819
220 8 2 15.700 13.969 14.182 12.789
221 8 2 15.875 13.950 14.299 12.800
222 8 2 15.930 13.788 14.385 12.725
223 8 2 16.058 13.683 14.457 12.680
224 8 2 16.174 13.622 14.543 12.648
225 8 2 16.318 13.545 14.629 12.573
226 8 2 16.461 13.439 14.746 12.556
227 8 2 16.577 13.407 14.832 12.495
228 8 2 16.663 13.347 14.948 12.463
229 8 2 16.734 13.287 15.020 12.432
230 8 2 16.953 13.281 15.150 12.370
231 8 2 17.053 13.176 15.251 12.324
232 8 2 17.182 13.100 15.353 12.307
233 8 2 17.297 13.053 15.497 12.230
234 8 2 17.471 13.005 15.672 12.211
235 8 2 17.587 12.987 15.758 12.165
236 8 2 17.745 12.896 15.888 12.103
237 8 2 17.860 12.820 16.034 12.085
238 8 2 18.050 12.844 16.194 12.081
239 8 2 18.165 12.783 16.309 12.019
240 8 2 18.294 12.678 16.440 12.001
241 8 2 18.469 12.702 16.614 11.938
242 8 2 18.641 12.596 16.730 11.921
243 8 2 18.786 12.577 16.932 11.814
244 8 2 18.889 12.603 17.035 11.869
245 8 2 19.077 12.569 17.197 11.923
246 8 2 19.265 12.506 17.413 11.830
247 8 2 19.411 12.517 17.501 11.842
248 8 2 19.526 12.455 17.704 11.808
249 8 2 19.686 12.451 17.893 11.774
250 8 2 19.918 12.430 18.039 11.784
251 8 2 20.106 12.382 18.168 11.737
252 8 2 20.237 12.393 18.445 11.744
253 8 2 20.397 12.388 18.576 11.741
254 8 2 20.614 12.339 18.736 11.722
255 8 2 20.802 12.305 19.042 11.714
256 8 2 20.962 12.315 19.084 11.669
257 8 2 21.151 12.324 19.389 11.646
258 8 2 21.340 12.319 19.317 11.677
259 8 2 21.514 12.315 19.696 11.696
260 8 2 21.703 12.310 20.029 11.629
261 8 2 21.878 12.334 20.089 11.686
262 8 2 22.052 12.315 20.407 11.634
263 8 2 22.298 12.293 20.451 11.647
264 8 2 22.442 12.261 20.655 11.671
265 8 2 22.603 12.300 20.844 11.651
266 8 2 22.821 12.294 20.886 11.592
267 8 2 22.950 12.247 21.076 11.659
268 8 2 23.185 12.342 21.250 11.611
269 8 2 23.444 12.277 21.454 11.635
270 8 2 23.604 12.273 21.728 11.569
271 8 2 23.735 12.298 21.802 11.625
272 8 2 23.922 12.250 22.020 11.634
273 8 2 24.140 12.273 22.180 11.630
274 8 2 24.314 12.282 22.411 11.609
275 8 2 24.531 12.262 22.542 11.591
276 8 2 24.676 12.258 22.804 11.642
277 8 2 24.864 12.239 22.963 11.623
278 8 2 25.024 12.278 23.094 11.634
279 8 2 25.198 12.288 23.355 11.613
280 8 2 25.414 12.224 23.543 11.608
281 8 2 25.574 12.263 23.646 11.649
282 8 2 25.791 12.243 23.834 11.629
283 8 2 25.994 12.266 24.008 11.653
284 8 2 26.168 12.290 24.182 11.649
285 8 2 26.342 12.300 24.415 11.686
286 8 2 26.444 12.326 24.747 11.648
287 8 2 26.675 12.306 24.922 11.687
288 8 2 26.821 12.331 25.038 11.684
289 8 2 27.053 12.368 25.328 11.719
290 8 2 27.213 12.392 25.517 11.714
291 8 2 27.357 12.403 25.605 11.784
292 8 2 27.589 12.425 25.748 11.723
293 8 2 27.763 12.435 25.923 11.761
294 8 2 27.936 12.430 26.098 11.815
295 8 2 28.111 12.484 26.272 11.810
296 8 2 28.213 12.510 26.460 11.834
297 8 2 28.401 12.534 26.591 11.830
298 8 2 28.560 12.529 26.781 11.912
299 8 2 28.779 12.596 26.999 11.950
300 8 2 28.910 12.635 27.014 11.964
301 8 2 29.083 12.631 27.245 11.986
302 8 2 29.242 12.655 27.433 11.981
303 8 2 29.402 12.694 27.564 12.021
304 8 2 29.562 12.719 27.782 12.044
305 8 2 29.751 12.772 27.971 12.097
306 8 2 29.938 12.752 28.130 12.078
307 8 2 30.025 12.793 28.246 12.118
308 8 2 30.227 12.802 28.392 12.158
309 8 2 30.373 12.856 28.535 12.125
310 8 2 30.517 12.852 28.740 12.206
311 8 2 30.793 12.916 28.871 12.246
312 8 2 30.865 12.914 29.027 12.155
313 8 2 30.995 12.911 29.160 12.267
314 8 2 31.169 12.978 29.333 12.248
315 8 2 31.284 12.946 29.448 12.245
316 8 2 31.472 12.985 29.666 12.282
317 8 2 31.601 12.967 29.652 12.326
318 8 2 31.658 12.922 29.826 12.365
319 8 2 31.875 12.959 30.042 12.344
320 8 2 32.078 13.026 30.156 12.269
321 8 2 32.192 12.979 30.331 12.366
322 8 2 32.294 13.005 30.431 12.305
323 8 2 32.350 12.960 30.578 12.402
324 8 2 32.539 13.027 30.678 12.385
325 8 2 32.683 13.009 30.938 12.392
326 8 2 32.798 13.020 30.966 12.377
327 8 2 32.885 13.018 31.053 12.375
328 8 2 33.014 13.014 31.182 12.371
329 8 2 33.145 13.069 31.226 12.399
330 8 2 33.273 13.022 31.355 12.352
331 8 2 33.389 13.047 31.499 12.377
332 8 2 33.504 13.059 31.586 12.389
333 8 2 33.562 13.057 31.673 12.387
334 8 2 33.662 13.040 31.774 12.399
335 8 2 33.763 13.037 31.933 12.423
336 8 2 33.893 13.048 31.946 12.379
337 8 2 33.950 13.061 32.005 12.421
338 8 2 34.023 13.088 32.105 12.390
339 8 2 34.153 13.099 32.177 12.402
340 8 2 34.223 13.053 32.336 12.412
341 8 2 34.311 13.109 32.452 12.467
342 8 2 34.411 13.092 32.553 12.450
343 8 2 34.441 13.105 32.524 12.465
344 8 2 34.526 13.060 32.553 12.450
345 8 2 34.642 13.100 32.839 12.399
346 8 2 34.728 13.097 32.984 12.423
347 8 2 34.857 13.094 32.855 12.456
348 8 2 34.887 13.122 32.886 12.513
349 8 2 34.987 13.133 32.957 12.496
350 8 2 35.074 13.160 33.244 12.460
351 8 2 35.189 13.157 33.302 12.487
352 8 2 35.233 13.199 33.231 12.532
353 8 2 35.293 13.269 33.374 12.485
354 8 2 35.390 13.151 33.504 12.510
355 8 2 35.492 13.192 33.606 12.551
356 8 2 35.592 13.189 33.708 12.606
357 8 2 35.665 13.230 33.836 12.530
358 8 2 35.752 13.242 33.893 12.514
359 8 2 35.853 13.254 33.938 12.585
360 8 2 35.910 13.252 33.995 12.584
361 8 2 36.054 13.277 34.082 12.610
362 8 2 36.053 13.248 34.139 12.580
363 8 2 36.155 13.303 34.241 12.635
364 8 2 36.226 13.272 34.313 12.633
365 8 2 36.327 13.284 34.443 12.643
366 8 2 36.342 13.298 34.485 12.628
367 8 2 36.444 13.338 34.585 12.611
368 8 2 36.559 13.364 34.672 12.608
369 8 2 36.644 13.333 34.731 12.664
370 8 2 36.702 13.331 34.818 12.691
371 8 2 36.832 13.385 34.889 12.689
372 8 2 36.845 13.342 34.933 12.702
373 8 2 37.004 13.381 35.062 12.684
374 8 2 37.004 13.381 35.350 12.705
375 8 2 37.076 13.393 35.336 12.720
376 8 2 37.134 13.420 35.307 12.721
377 8 2 37.293 13.430 35.381 12.791
378 8 2 37.364 13.428 35.739 12.781
379 8 2 37.394 13.471 35.566 12.743
380 8 2 37.494 13.439 35.811 12.765
381 8 2 37.623 13.464 35.682 12.797
382 8 2 37.581 13.480 35.783 12.809
383 8 2 37.739 13.504 35.912 12.776
384 8 2 37.769 13.532 35.942 12.833
385 8 2 37.826 13.531 36.316 12.852
386 8 2 37.870 13.573 36.358 12.836
387 8 2 37.912 13.543 36.228 12.782
388 8 2 38.013 13.555 36.185 12.798
389 8 2 38.099 13.552 36.531 12.875
390 8 2 38.172 13.608 36.719 12.898
391 8 2 38.228 13.563 36.748 12.941
392 8 2 38.359 13.617 36.677 12.943
393 8 2 38.530 13.583 36.992 12.934
394 8 2 38.587 13.582 36.850 12.967
395 8 2 38.559 13.611 36.704 12.884
396 8 2 38.674 13.623 36.704 12.899
397 8 2 38.689 13.637 36.834 12.939
398 8 2 38.704 13.679 36.879 12.981
399 8 2 38.776 13.677 36.951 13.007
400 8 2 38.862 13.689 37.009 13.020
401 8 2 38.947 13.644 37.037 13.005
402 8 2 39.018 13.627 37.108 12.989
403 8 2 39.046 13.627 37.195 13.015
404 8 2 39.163 13.681 37.253 13.042
405 8 2 39.178 13.724 37.325 13.055
406 8 2 39.236 13.737 37.324 13.012
407 8 2 39.292 13.706 37.440 13.037
408 8 2 39.350 13.719 37.497 13.021
409 8 2 39.436 13.731 37.556 13.092
410 8 2 39.508 13.743 37.598 13.076
411 8 2 39.580 13.756 37.670 13.088
412 8 2 39.665 13.739 37.785 13.071
413 8 2 39.710 13.795 37.742 13.072
414 8 2 39.795 13.764 37.885 13.068
415 8 2 39.852 13.763 37.944 13.124
416 8 2 39.939 13.803 37.972 13.109
417 8 2 39.982 13.788 38.100 13.062
418 8 2 40.053 13.800 38.143 13.075
419 8 2 40.052 13.757 38.173 13.118
420 8 2 40.139 13.784 38.285 13.028
421 8 2 40.210 13.753 38.271 13.029
422 8 2 40.295 13.750 38.329 13.056
423 8 2 40.308 13.707 38.456 12.980
424 8 2 40.380 13.719 38.528 12.993
425 8 2 40.480 13.716 38.543 13.021
426 8 2 40.538 13.729 38.628 12.976
427 8 2 40.567 13.743 38.657 12.989
428 8 2 40.638 13.712 38.730 13.045
429 8 2 40.708 13.681 38.829 13.013
430 8 2 40.736 13.666 38.830 13.028
431 8 2 40.822 13.664 38.885 12.969
432 8 2 40.893 13.647 38.956 12.924
433 8 2 40.950 13.646 39.014 12.979
434 8 2 40.979 13.631 39.071 12.935
435 8 2 41.050 13.614 39.141 12.890
436 8 2 41.135 13.598 39.199 12.931
437 8 2 41.178 13.611 39.213 12.916
438 8 2 41.193 13.610 39.285 12.914
439 8 2 41.278 13.594 39.370 12.898
440 8 2 41.321 13.607 39.413 12.882
441 8 2 41.406 13.561 39.469 12.837
442 8 2 41.463 13.574 39.499 12.880
443 8 2 41.520 13.572 39.553 12.792
444 8 2 41.577 13.571 39.642 12.876
445 8 2 41.605 13.527 39.698 12.860
446 8 2 41.691 13.553 39.667 12.774
447 8 2 41.733 13.523 39.710 12.773
448 8 2 41.832 13.492 39.810 12.770
449 8 2 41.817 13.463 39.883 12.797
450 8 2 41.904 13.490 39.939 12.767
451 8 2 41.946 13.474 40.010 12.751
452 8 2 42.003 13.473 40.095 12.719
453 8 2 42.017 13.458 40.224 12.702
454 8 2 42.087 13.413 40.237 12.658
455 8 2 42.102 13.412 40.222 12.658
456 8 2 42.145 13.426 40.321 12.613
457 8 2 42.245 13.423 40.336 12.641
458 8 2 42.287 13.407 40.464 12.594
459 8 2 42.316 13.407 40.492 12.593
460 8 2 42.387 13.405 40.534 12.535
461 8 2 42.472 13.388 40.561 12.491
462 8 2 42.500 13.344 40.705 12.530
463 8 2 42.571 13.342 40.719 12.501
464 8 2 42.671 13.339 40.819 12.498
465 8 2 42.685 13.339 40.861 12.468
466 8 2 42.711 13.223 40.888 12.410
467 8 2 42.826 13.249 41.001 12.378
468 8 2 42.868 13.233 41.015 12.363
469 8 2 42.950 13.101 41.329 12.340
470 8 2 42.994 13.143 41.170 12.273
471 8 2 43.051 13.127 41.140 12.231
472 8 2 43.051 13.142 41.227 12.271
89 9 2 11.432 31.258 10.716 29.556
90 9 2 11.432 31.244 10.687 29.601
91 9 2 11.442 31.053 10.817 29.494
92 9 2 11.441 31.009 10.815 29.392
93 9 2 11.437 30.863 10.811 29.246
94 9 2 11.494 30.759 10.777 29.057
95 9 2 11.432 30.644 10.743 28.853
96 9 2 11.432 30.658 10.802 28.866
97 9 2 11.443 30.497 10.784 28.735
98 9 2 11.497 30.290 10.780 28.559
99 9 2 11.437 30.234 10.779 28.501
100 9 2 11.480 30.174 10.820 28.382
101 9 2 11.490 30.013 10.801 28.193
102 9 2 11.416 29.971 10.726 28.151
103 9 2 11.441 29.809 10.752 27.990
104 9 2 11.365 29.695 10.764 27.901
105 9 2 11.406 29.547 10.776 27.755
106 9 2 11.404 29.474 10.773 27.653
107 9 2 11.356 29.300 10.757 27.595
108 9 2 11.398 29.240 10.770 27.536
109 9 2 11.396 29.138 10.766 27.346
110 9 2 11.365 29.081 10.735 27.288
111 9 2 11.391 28.934 10.760 27.112
112 9 2 11.417 28.772 10.729 27.040
113 9 2 11.400 28.699 10.771 26.965
114 9 2 11.382 28.539 10.753 26.805
115 9 2 11.394 28.436 10.736 26.703
116 9 2 11.392 28.334 10.791 26.570
117 9 2 11.387 28.159 10.672 26.486
118 9 2 11.459 28.098 10.713 26.368
119 9 2 11.398 27.997 10.740 26.265
120 9 2 11.439 27.850 10.811 26.145
121 9 2 11.422 27.777 10.675 25.989
122 9 2 11.431 27.514 10.803 25.839
123 9 2 11.446 27.528 10.846 25.793
124 9 2 11.472 27.381 10.754 25.621
125 9 2 11.468 27.235 10.839 25.501
126 9 2 11.451 27.118 10.791 25.327
127 9 2 11.550 26.998 10.718 25.330
128 9 2 11.445 26.870 10.757 25.138
129 9 2 11.486 26.737 10.798 25.006
130 9 2 11.454 26.636 10.826 24.932
131 9 2 11.466 26.533 10.779 24.802
132 9 2 11.477 26.372 10.760 24.641
133 9 2 11.475 26.284 10.786 24.494
134 9 2 11.502 26.181 10.812 24.362
135 9 2 11.468 26.007 10.782 24.334
136 9 2 11.480 25.875 10.822 24.143
137 9 2 11.521 25.771 10.862 23.981
138 9 2 11.518 25.625 10.830 23.894
139 9 2 11.516 25.538 10.828 23.806
140 9 2 11.556 25.390 10.839 23.631
141 9 2 11.539 25.289 10.792 23.501
142 9 2 11.579 25.112 10.891 23.352
143 9 2 11.503 25.027 10.876 23.352
144 9 2 11.543 24.865 10.827 23.135
145 9 2 11.570 24.747 10.796 23.048
146 9 2 11.581 24.601 10.865 22.900
147 9 2 11.565 24.528 10.878 22.797
148 9 2 11.605 24.381 10.918 22.650
149 9 2 11.630 24.205 10.856 22.506
150 9 2 11.601 24.191 10.972 22.429
151 9 2 11.612 24.045 10.954 22.283
152 9 2 11.624 23.927 10.935 22.138
153 9 2 11.650 23.795 10.963 22.064
154 9 2 11.677 23.692 11.018 21.902
155 9 2 11.688 23.560 10.913 21.803
156 9 2 11.686 23.443 10.909 21.657
157 9 2 11.696 23.282 10.892 21.555
158 9 2 11.665 23.210 10.920 21.481
159 9 2 11.720 23.048 10.975 21.319
160 9 2 11.704 22.976 11.015 21.157
161 9 2 11.686 22.830 11.027 21.040
162 9 2 11.683 22.713 11.055 20.981
163 9 2 11.695 22.596 11.008 20.866
164 9 2 11.690 22.421 11.063 20.718
165 9 2 11.732 22.318 11.104 20.585
166 9 2 11.728 22.172 11.100 20.440
167 9 2 11.771 22.098 11.110 20.220
168 9 2 11.797 21.995 11.140 20.263
169 9 2 11.808 21.834 11.151 20.102
170 9 2 11.792 21.747 11.163 19.985
171 9 2 11.803 21.629 11.147 19.927
172 9 2 11.846 21.555 11.157 19.737
173 9 2 11.929 21.363 11.185 19.693
174 9 2 11.883 21.262 11.195 19.503
175 9 2 11.895 21.174 11.239 19.472
176 9 2 11.935 21.013 11.249 19.312
177 9 2 11.963 20.939 11.306 19.208
178 9 2 11.975 20.822 11.288 19.092
179 9 2 12.030 20.703 11.285 18.975
180 9 2 12.042 20.586 11.355 18.827
181 9 2 12.084 20.512 11.368 18.754
182 9 2 12.065 20.323 11.290 18.566
183 9 2 12.079 20.264 11.333 18.536
184 9 2 12.133 20.102 11.360 18.433
185 9 2 12.160 20.014 11.474 18.284
186 9 2 12.158 19.926 11.472 18.196
187 9 2 12.229 19.822 11.484 18.094
188 9 2 12.211 19.691 11.467 17.992
189 9 2 12.310 19.542 11.568 17.902
190 9 2 12.308 19.455 11.505 17.758
191 9 2 12.293 19.426 11.577 17.668
192 9 2 12.349 19.323 11.545 17.567
193 9 2 12.391 19.219 11.616 17.492
194 9 2 12.373 19.103 11.628 17.346
195 9 2 12.414 18.985 11.640 17.258
196 9 2 12.470 18.852 11.667 17.155
197 9 2 12.439 18.795 11.694 17.067
198 9 2 12.438 18.751 11.692 16.965
199 9 2 12.478 18.604 11.645 16.850
200 9 2 12.519 18.486 11.745 16.760
201 9 2 12.547 18.427 11.714 16.673
202 9 2 12.531 18.369 11.814 16.554
203 9 2 12.558 18.281 11.753 16.468
204 9 2 12.601 18.207 11.796 16.423
205 9 2 12.612 18.075 11.897 16.347
206 9 2 12.624 17.959 11.880 16.260
207 9 2 12.637 17.914 11.951 16.185
208 9 2 12.680 17.840 11.994 16.111
209 9 2 12.735 17.707 11.933 16.011
210 9 2 12.747 17.605 11.945 15.909
211 9 2 12.730 17.504 11.957 15.806
212 9 2 12.758 17.430 12.014 15.732
213 9 2 12.770 17.357 11.996 15.601
214 9 2 12.798 17.283 12.053 15.556
215 9 2 12.839 17.180 12.125 15.481
216 9 2 12.837 17.063 12.151 15.364
217 9 2 12.877 16.902 12.164 15.261
218 9 2 12.876 16.873 12.132 15.175
219 9 2 12.976 16.782 12.231 15.026
220 9 2 12.989 16.695 12.245 14.997
221 9 2 12.970 16.520 12.285 14.850
222 9 2 12.986 16.578 12.297 14.733
223 9 2 12.996 16.374 12.310 14.645
224 9 2 13.008 16.286 12.352 14.557
225 9 2 13.095 16.240 12.261 14.457
226 9 2 13.120 16.065 12.348 14.397
227 9 2 13.177 16.019 12.462 14.263
228 9 2 13.234 15.930 12.431 14.205
229 9 2 13.247 15.857 12.445 14.161
230 9 2 13.300 15.652 12.470 14.015
231 9 2 13.344 15.650 12.483 13.927
232 9 2 13.429 15.532 12.509 13.810
233 9 2 13.470 15.399 12.523 13.766
234 9 2 13.511 15.296 12.623 13.661
235 9 2 13.523 15.165 12.608 13.647
236 9 2 13.621 15.017 12.649 13.529
237 9 2 13.692 14.927 12.662 13.471
238 9 2 13.793 14.837 12.673 13.325
239 9 2 13.849 14.734 12.789 13.249
240 9 2 13.933 14.600 12.816 13.175
241 9 2 14.064 14.553 12.887 13.072
242 9 2 14.105 14.435 12.930 13.041
243 9 2 14.174 14.302 12.972 12.967
244 9 2 14.275 14.212 13.100 12.818
245 9 2 14.345 14.109 13.143 12.774
246 9 2 14.460 14.018 13.171 12.744
247 9 2 14.546 13.957 13.286 12.624
248 9 2 14.602 13.869 13.400 12.534
249 9 2 14.700 13.662 13.412 12.417
250 9 2 14.829 13.571 13.513 12.356
251 9 2 14.887 13.541 13.572 12.355
252 9 2 14.987 13.451 13.674 12.352
253 9 2 15.158 13.301 13.815 12.144
254 9 2 15.216 13.255 13.902 12.098
255 9 2 15.359 13.135 14.017 12.037
256 9 2 15.488 13.030 14.060 11.992
257 9 2 15.587 12.911 14.132 11.961
258 9 2 15.717 12.864 14.261 11.856
259 9 2 15.890 12.786 14.376 11.780
260 9 2 16.004 12.667 14.462 11.720
261 9 2 16.090 12.592 14.491 11.705
262 9 2 16.234 12.501 14.577 11.615
263 9 2 16.364 12.439 14.765 11.552
264 9 2 16.508 12.392 14.851 11.477
265 9 2 16.623 12.316 14.997 11.488
266 9 2 16.781 12.196 15.126 11.397
267 9 2 16.838 12.165 15.214 11.395
268 9 2 17.024 12.029 15.314 11.290
269 9 2 17.125 11.968 15.473 11.228
270 9 2 17.284 11.935 15.602 11.137
271 9 2 17.386 11.918 15.704 11.149
272 9 2 17.545 11.870 15.894 11.129
273 9 2 17.631 11.795 15.952 11.113
274 9 2 17.818 11.717 16.111 11.066
275 9 2 17.920 11.686 16.210 10.947
276 9 2 18.108 11.637 16.342 10.958
277 9 2 18.223 11.605 16.487 10.954
278 9 2 18.354 11.572 16.616 10.834
279 9 2 18.483 11.496 16.776 10.845
280 9 2 18.628 11.478 16.892 10.798
281 9 2 18.773 11.431 17.037 10.780
282 9 2 18.873 11.355 17.198 10.790
283 9 2 19.034 11.395 17.268 10.687
284 9 2 19.191 11.274 17.456 10.624
285 9 2 19.293 11.272 17.472 10.681
286 9 2 19.452 11.238 17.661 10.647
287 9 2 19.582 11.221 17.936 10.596
288 9 2 19.771 11.201 17.980 10.610
289 9 2 19.887 11.183 18.125 10.562
290 9 2 20.090 11.149 18.272 10.617
291 9 2 20.192 11.175 18.460 10.583
292 9 2 20.350 11.099 18.591 10.565
293 9 2 20.481 11.095 18.663 10.534
294 9 2 20.627 11.135 18.955 10.570
295 9 2 20.801 11.101 19.043 10.596
296 9 2 20.918 11.142 19.217 10.577
297 9 2 21.034 11.124 19.362 10.559
298 9 2 21.238 11.133 19.420 10.543
299 9 2 21.382 11.100 19.653 10.566
300 9 2 21.558 11.168 19.799 10.576
301 9 2 21.716 11.091 19.929 10.559
302 9 2 21.803 11.075 20.076 10.598
303 9 2 22.035 11.068 20.162 10.538
304 9 2 22.094 11.110 20.307 10.549
305 9 2 22.253 11.092 20.497 10.558
306 9 2 22.399 11.102 20.613 10.570
307 9 2 22.572 11.083 20.816 10.550
308 9 2 22.689 11.095 20.903 10.533
309 9 2 22.863 11.090 21.077 10.528
310 9 2 22.979 11.101 21.251 10.509
311 9 2 23.153 11.097 21.340 10.565
312 9 2 23.285 11.137 21.500 10.604
313 9 2 23.458 11.132 21.617 10.630
314 9 2 23.618 11.128 21.805 10.596
315 9 2 23.764 11.153 21.922 10.622
316 9 2 23.866 11.179 22.111 10.646
317 9 2 24.025 11.190 22.242 10.657
318 9 2 24.155 11.172 22.372 10.639
319 9 2 24.315 11.167 22.561 10.634
320 9 2 24.491 11.264 22.735 10.644
321 9 2 24.635 11.231 22.880 10.640
322 9 2 24.853 11.240 23.010 10.623
323 9 2 24.911 11.238 23.098 10.649
324 9 2 25.056 11.263 23.272 10.645
325 9 2 25.217 11.317 23.402 10.641
326 9 2 25.404 11.269 23.621 10.679
327 9 2 25.565 11.337 23.812 10.775
328 9 2 25.752 11.288 23.766 10.675
329 9 2 25.882 11.299 24.072 10.739
330 9 2 26.027 11.310 24.246 10.749
331 9 2 26.217 11.363 24.377 10.775
332 9 2 26.288 11.332 24.479 10.772
333 9 2 26.463 11.371 24.653 10.782
334 9 2 26.694 11.365 24.769 10.808
335 9 2 26.810 11.361 24.999 10.715
336 9 2 26.956 11.430 25.145 10.783
337 9 2 27.045 11.485 25.204 10.811
338 9 2 27.320 11.507 25.422 10.863
339 9 2 27.407 11.519 25.596 10.844
340 9 2 27.536 11.487 25.697 10.841
341 9 2 27.680 11.468 25.958 10.878
342 9 2 27.812 11.537 26.031 10.890
343 9 2 28.000 11.532 26.161 10.887
344 9 2 28.144 11.528 26.306 10.883
345 9 2 28.304 11.567 26.467 10.951
346 9 2 28.434 11.578 26.596 10.933
347 9 2 28.580 11.618 26.742 10.973
348 9 2 28.725 11.628 26.916 10.983
349 9 2 28.884 11.639 27.017 10.965
350 9 2 29.014 11.650 27.149 11.063
351 9 2 29.173 11.674 27.336 11.000
352 9 2 29.362 11.698 27.468 11.084
353 9 2 29.507 11.723 27.580 10.965
354 9 2 29.622 11.720 27.757 11.105
355 9 2 29.752 11.731 27.917 11.115
356 9 2 29.882 11.742 28.220 11.121
357 9 2 30.070 11.766 28.178 11.180
358 9 2 30.186 11.777 28.380 11.161
359 9 2 30.318 11.846 28.538 11.113
360 9 2 30.432 11.814 28.683 11.138
361 9 2 30.607 11.867 28.799 11.164
362 9 2 30.764 11.805 28.987 11.188
363 9 2 30.836 11.832 29.119 11.242
364 9 2 31.067 11.826 29.206 11.269
365 9 2 31.155 11.881 29.349 11.207
366 9 2 31.300 11.935 29.553 11.288
367 9 2 31.428 11.845 29.624 11.257
368 9 2 31.543 11.856 29.798 11.296
369 9 2 31.701 11.837 29.986 11.306
370 9 2 31.802 11.849 29.999 11.262
371 9 2 31.961 11.845 30.216 11.256
372 9 2 32.134 11.869 30.332 11.311
373 9 2 32.306 11.850 30.418 11.265
374 9 2 32.394 11.891 30.592 11.304
375 9 2 32.510 11.917 30.708 11.330
376 9 2 32.696 11.883 30.780 11.328
377 9 2 32.768 11.881 30.995 11.293
378 9 2 32.926 11.877 31.126 11.319
379 9 2 33.041 11.859 31.270 11.329
380 9 2 33.213 11.840 31.386 11.340
381 9 2 33.372 11.850 31.514 11.294
382 9 2 33.429 11.863 31.573 11.335
383 9 2 33.602 11.873 31.774 11.316
384 9 2 33.701 11.812 31.931 11.283
385 9 2 33.802 11.824 32.033 11.294
386 9 2 33.946 11.835 32.176 11.276
387 9 2 34.090 11.845 32.292 11.287
388 9 2 34.263 11.841 32.465 11.312
389 9 2 34.334 11.810 32.593 11.250
390 9 2 34.506 11.791 32.708 11.262
391 9 2 34.621 11.788 32.765 11.231
392 9 2 34.721 11.785 32.924 11.256
393 9 2 34.865 11.767 33.095 11.208
394 9 2 35.008 11.748 33.240 11.219
395 9 2 35.138 11.774 33.281 11.160
396 9 2 35.237 11.713 33.412 11.214
397 9 2 35.381 11.753 33.554 11.138
398 9 2 35.553 11.719 33.642 11.194
399 9 2 35.768 11.699 33.857 11.173
400 9 2 35.854 11.711 34.000 11.155
401 9 2 35.911 11.695 34.087 11.167
402 9 2 36.098 11.690 34.245 11.163
403 9 2 36.199 11.716 34.260 11.192
404 9 2 36.327 11.670 34.389 11.174
405 9 2 36.499 11.694 34.504 11.171
406 9 2 36.557 11.692 34.733 11.165
407 9 2 36.714 11.674 34.921 11.203
408 9 2 36.887 11.698 35.007 11.172
409 9 2 37.002 11.695 35.180 11.196
410 9 2 37.103 11.721 35.279 11.164
411 9 2 37.246 11.703 35.424 11.204
412 9 2 37.390 11.727 35.567 11.200
413 9 2 37.490 11.739 35.726 11.239
414 9 2 37.607 11.794 35.841 11.236
415 9 2 37.763 11.746 35.941 11.219
416 9 2 37.879 11.786 36.142 11.228
417 9 2 38.067 11.853 36.244 11.268
418 9 2 38.138 11.822 36.372 11.236
419 9 2 38.282 11.847 36.459 11.263
420 9 2 38.425 11.844 36.631 11.258
421 9 2 38.554 11.840 36.790 11.283
422 9 2 38.655 11.866 36.833 11.281
423 9 2 38.771 11.949 37.005 11.306
424 9 2 38.884 11.889 37.149 11.302
425 9 2 38.986 11.958 37.249 11.313
426 9 2 39.158 11.939 37.365 11.354
427 9 2 39.244 11.965 37.480 11.351
428 9 2 39.403 12.004 37.609 11.361
429 9 2 39.545 11.972 37.809 11.327
430 9 2 39.660 11.969 37.896 11.354
431 9 2 39.761 11.995 37.997 11.380
432 9 2 39.904 11.991 38.083 11.406
433 9 2 40.033 12.016 38.212 11.403
434 9 2 40.162 12.027 38.370 11.413
435 9 2 40.276 12.024 38.457 11.440
436 9 2 40.420 12.034 38.599 11.393
437 9 2 40.506 12.046 38.714 11.404
438 9 2 40.679 12.085 38.858 11.443
439 9 2 40.751 12.112 38.956 11.383
440 9 2 40.879 12.079 39.084 11.322
441 9 2 41.020 12.032 39.228 11.361
442 9 2 41.134 12.015 39.313 11.345
443 9 2 41.264 12.069 39.471 11.340
444 9 2 41.450 12.078 39.626 11.264
445 9 2 41.536 12.062 39.741 11.276
446 9 2 41.636 12.088 39.840 11.244
447 9 2 41.747 11.970 39.925 11.213
448 9 2 41.862 11.995 40.095 11.151
449 9 2 42.020 12.020 40.225 11.205
450 9 2 42.147 11.973 40.353 11.158
451 9 2 42.276 11.984 40.451 11.084
452 9 2 42.389 11.923 40.593 11.051
453 9 2 42.474 11.921 40.706 11.020
454 9 2 42.616 11.888 40.848 10.987
455 9 2 42.730 11.885 40.934 10.985
456 9 2 42.829 11.840 41.090 10.937
457 9 2 42.929 11.851 41.190 10.920
124 10 2 9.936 31.384 9.248 29.650
125 10 2 9.976 31.206 9.231 29.592
126 10 2 9.943 31.076 9.200 29.491
127 10 2 9.927 31.018 9.153 29.375
128 10 2 9.954 30.929 9.179 29.257
129 10 2 9.863 30.786 9.089 29.172
130 10 2 9.889 30.638 9.058 29.085
131 10 2 9.768 30.525 8.995 28.941
132 10 2 9.839 30.391 9.008 28.868
133 10 2 9.718 30.278 8.976 28.722
134 10 2 9.717 30.220 8.973 28.605
135 10 2 9.756 29.999 8.986 28.561
136 10 2 9.682 29.972 8.998 28.414
137 10 2 9.709 29.869 8.905 28.227
138 10 2 9.690 29.708 8.977 28.151
139 10 2 9.629 29.593 8.917 28.095
140 10 2 9.625 29.447 8.884 27.949
141 10 2 9.578 29.317 8.807 27.820
142 10 2 9.607 29.286 8.835 27.732
143 10 2 9.530 29.157 8.757 27.544
144 10 2 9.541 28.996 8.739 27.442
145 10 2 9.481 28.954 8.795 27.308
146 10 2 9.447 28.765 8.792 27.177
147 10 2 9.444 28.604 8.760 27.075
148 10 2 9.441 28.487 8.756 26.900
149 10 2 9.361 28.241 8.738 26.769
150 10 2 9.437 28.312 8.751 26.695
151 10 2 9.331 28.213 8.703 26.536
152 10 2 9.371 28.006 8.655 26.362
153 10 2 9.353 27.875 8.667 26.230
154 10 2 9.334 27.715 8.678 26.098
155 10 2 9.244 27.616 8.675 25.937
156 10 2 9.241 27.484 8.555 25.868
157 10 2 9.222 27.338 8.596 25.720
158 10 2 9.248 27.162 8.504 25.577
159 10 2 9.201 27.046 8.575 25.457
160 10 2 9.199 26.973 8.572 25.326
161 10 2 9.210 26.797 8.553 25.151
162 10 2 9.102 26.596 8.506 25.035
163 10 2 9.115 26.522 8.487 24.846
164 10 2 9.111 26.347 8.484 24.700
165 10 2 9.108 26.215 8.480 24.568
166 10 2 9.119 26.069 8.462 24.422
167 10 2 9.100 25.908 8.415 24.292
168 10 2 9.082 25.748 8.426 24.131
169 10 2 9.109 25.645 8.451 23.940
170 10 2 9.061 25.486 8.403 23.781
171 10 2 9.072 25.310 8.416 23.693
172 10 2 9.098 25.192 8.441 23.516
173 10 2 9.093 24.987 8.438 23.370
174 10 2 9.076 24.871 8.447 23.165
175 10 2 9.028 24.697 8.431 23.107
176 10 2 9.068 24.535 8.442 22.946
177 10 2 9.094 24.388 8.467 22.741
178 10 2 9.136 24.284 8.508 22.608
179 10 2 9.146 24.108 8.491 22.521
180 10 2 9.128 23.977 8.501 22.301
181 10 2 9.168 23.800 8.513 22.184
182 10 2 9.121 23.670 8.493 21.994
183 10 2 9.145 23.450 8.521 21.920
184 10 2 9.202 23.375 8.517 21.760
185 10 2 9.156 23.275 8.556 21.539
186 10 2 9.211 23.127 8.643 21.478
187 10 2 9.176 22.865 8.610 21.304
188 10 2 9.233 22.790 8.547 21.145
189 10 2 9.243 22.614 8.646 20.996
190 10 2 9.313 22.451 8.658 20.864
191 10 2 9.280 22.292 8.655 20.733
192 10 2 9.366 22.201 8.681 20.586
193 10 2 9.378 22.084 8.663 20.440
194 10 2 9.359 21.924 8.732 20.277
195 10 2 9.401 21.849 8.743 20.116
196 10 2 9.425 21.600 8.800 20.012
197 10 2 9.436 21.454 8.780 19.809
198 10 2 9.508 21.393 8.763 19.692
199 10 2 9.592 21.215 8.789 19.575
200 10 2 9.604 21.084 8.860 19.441
201 10 2 9.659 20.936 8.885 19.294
202 10 2 9.729 20.802 8.927 19.191
203 10 2 9.740 20.627 8.998 19.101
204 10 2 9.796 20.508 8.996 19.014
205 10 2 9.835 20.332 9.038 18.896
206 10 2 9.877 20.228 9.049 18.735
207 10 2 9.917 20.067 9.090 18.631
208 10 2 9.931 20.008 9.129 18.426
209 10 2 9.956 19.832 9.157 18.366
210 10 2 10.011 19.699 9.183 18.205
211 10 2 10.068 19.609 9.296 18.027
212 10 2 10.079 19.478 9.278 17.896
213 10 2 10.134 19.286 9.248 17.853
214 10 2 10.191 19.241 9.361 17.660
215 10 2 10.173 19.081 9.402 17.527
216 10 2 10.259 19.005 9.428 17.395
217 10 2 10.299 18.844 9.527 17.232
218 10 2 10.356 18.754 9.554 17.144
219 10 2 10.381 18.564 9.609 16.981
220 10 2 10.407 18.417 9.578 16.924
221 10 2 10.449 18.343 9.707 16.760
222 10 2 10.488 18.123 9.748 16.627
223 10 2 10.546 18.107 9.775 16.524
224 10 2 10.585 17.901 9.787 16.437
225 10 2 10.611 17.769 9.814 16.334
226 10 2 10.666 17.607 9.900 16.229
227 10 2 10.779 17.444 9.984 16.066
228 10 2 10.823 17.413 9.966 15.950
229 10 2 10.864 17.295 10.036 15.802
230 10 2 10.934 17.147 10.019 15.686
231 10 2 10.944 16.972 10.149 15.595
232 10 2 10.986 16.898 10.190 15.463
233 10 2 11.027 16.751 10.202 15.375
234 10 2 11.099 16.705 10.330 15.211
235 10 2 11.112 16.632 10.314 15.138
236 10 2 11.154 16.529 10.353 14.948
237 10 2 11.207 16.323 10.411 14.917
238 10 2 11.308 16.247 10.451 14.756
239 10 2 11.409 16.172 10.552 14.680
240 10 2 11.406 16.040 10.579 14.577
241 10 2 11.474 15.834 10.619 14.401
242 10 2 11.501 15.746 10.675 14.312
243 10 2 11.690 15.654 10.746 14.194
244 10 2 11.674 15.610 10.699 14.064
245 10 2 11.714 15.434 10.771 14.003
246 10 2 11.767 15.200 10.856 13.885
247 10 2 11.897 15.138 10.927 13.795
248 10 2 11.924 15.050 10.954 13.707
249 10 2 12.023 14.901 11.023 13.530
250 10 2 12.081 14.870 11.050 13.442
251 10 2 12.165 14.693 11.166 13.352
252 10 2 12.249 14.531 11.193 13.278
253 10 2 12.320 14.456 11.263 13.145
254 10 2 12.375 14.323 11.347 12.982
255 10 2 12.462 14.277 11.375 12.938
256 10 2 12.530 14.071 11.445 12.790
257 10 2 12.601 13.982 11.604 12.699
258 10 2 12.716 13.877 11.601 12.568
259 10 2 12.772 13.759 11.688 12.536
260 10 2 12.858 13.698 11.743 12.389
261 10 2 12.955 13.492 11.783 12.214
262 10 2 13.042 13.431 11.869 12.153
263 10 2 13.158 13.384 11.985 12.106
264 10 2 13.182 13.180 12.100 12.016
265 10 2 13.326 13.089 12.155 11.840
266 10 2 13.441 13.013 12.270 11.764
267 10 2 13.525 12.865 12.326 11.646
268 10 2 13.611 12.775 12.442 11.614
269 10 2 13.755 12.670 12.556 11.509
270 10 2 13.826 12.610 12.539 11.393
271 10 2 13.953 12.417 12.699 11.345
272 10 2 14.083 12.341 12.770 11.270
273 10 2 14.154 12.252 12.841 11.181
274 10 2 14.311 12.102 12.971 11.090
275 10 2 14.396 11.998 13.086 11.015
276 10 2 14.525 11.907 13.185 10.896
277 10 2 14.654 11.802 13.317 10.878
278 10 2 14.841 11.681 13.387 10.759
279 10 2 14.898 11.621 13.474 10.728
280 10 2 15.042 11.544 13.589 10.652
281 10 2 15.171 11.439 13.748 10.576
282 10 2 15.301 11.363 13.848 10.471
283 10 2 15.415 11.258 13.992 10.395
284 10 2 15.603 11.181 14.092 10.319
285 10 2 15.717 11.062 14.237 10.257
286 10 2 15.818 11.030 14.339 10.255
287 10 2 15.933 10.954 14.453 10.150
288 10 2 16.106 10.877 14.568 10.045
289 10 2 16.222 10.816 14.743 10.041
290 10 2 16.380 10.753 14.842 9.922
291 10 2 16.494 10.634 14.989 9.947
292 10 2 16.655 10.630 15.119 9.886
293 10 2 16.770 10.583 15.234 9.839
294 10 2 16.958 10.506 15.364 9.763
295 10 2 17.058 10.445 15.467 9.790
296 10 2 17.160 10.443 15.654 9.698
297 10 2 17.332 10.307 15.740 9.623
298 10 2 17.447 10.261 15.917 9.691
299 10 2 17.709 10.254 16.060 9.600
300 10 2 17.796 10.237 16.206 9.582
301 10 2 18.043 10.202 16.365 9.519
302 10 2 18.085 10.143 16.496 9.516
303 10 2 18.273 10.080 16.627 9.513
304 10 2 18.374 10.048 16.726 9.394
305 10 2 18.562 10.000 16.888 9.433
306 10 2 18.665 10.026 17.047 9.400
307 10 2 18.795 9.993 17.208 9.425
308 10 2 18.927 10.019 17.310 9.422
309 10 2 19.115 9.985 17.644 9.385
310 10 2 19.315 9.849 17.730 9.339
311 10 2 19.448 9.933 17.892 9.393
312 10 2 19.550 9.945 17.906 9.378
313 10 2 19.724 9.911 18.168 9.371
314 10 2 19.811 9.880 18.341 9.309
315 10 2 20.015 9.904 18.314 9.368
316 10 2 20.158 9.828 18.458 9.320
317 10 2 20.275 9.853 18.660 9.257
318 10 2 20.494 9.877 18.849 9.252
319 10 2 20.594 9.816 18.952 9.279
320 10 2 20.885 9.838 19.097 9.246
321 10 2 20.987 9.820 19.199 9.258
322 10 2 21.016 9.820 19.490 9.279
323 10 2 21.248 9.799 19.519 9.264
324 10 2 21.350 9.811 19.678 9.245
325 10 2 21.511 9.865 19.868 9.270
326 10 2 21.641 9.847 20.086 9.249
327 10 2 21.830 9.842 20.217 9.275
328 10 2 21.946 9.854 20.333 9.258
329 10 2 22.119 9.820 20.507 9.253
330 10 2 22.294 9.844 20.625 9.308
331 10 2 22.409 9.813 20.769 9.246
332 10 2 22.570 9.837 20.930 9.300
333 10 2 22.714 9.819 21.104 9.281
334 10 2 22.802 9.831 21.162 9.294
335 10 2 22.933 9.842 21.350 9.246
336 10 2 23.107 9.838 21.496 9.271
337 10 2 23.251 9.834 21.612 9.268
338 10 2 23.354 9.875 21.773 9.336
339 10 2 23.543 9.884 21.930 9.231
340 10 2 23.702 9.895 22.120 9.270
341 10 2 23.804 9.892 22.222 9.296
342 10 2 23.949 9.903 22.310 9.337
343 10 2 24.095 9.942 22.631 9.401
344 10 2 24.255 9.982 22.674 9.357
345 10 2 24.400 9.963 22.820 9.425
346 10 2 24.518 10.047 22.907 9.423
347 10 2 24.663 10.058 23.140 9.460
348 10 2 24.823 10.068 23.242 9.472
349 10 2 24.982 10.064 23.373 9.498
350 10 2 25.100 10.148 23.519 9.523
351 10 2 25.303 10.157 23.606 9.535
352 10 2 25.419 10.183 23.838 9.529
353 10 2 25.493 10.224 23.882 9.543
354 10 2 25.639 10.278 24.058 9.625
355 10 2 25.769 10.261 24.188 9.607
356 10 2 25.959 10.342 24.291 9.662
357 10 2 26.031 10.340 24.509 9.686
358 10 2 26.149 10.424 24.596 9.712
359 10 2 26.295 10.449 24.656 9.769
360 10 2 26.482 10.444 24.931 9.761
361 10 2 26.571 10.514 25.077 9.830
362 10 2 26.745 10.539 25.166 9.886
363 10 2 26.890 10.535 25.252 9.883
364 10 2 26.963 10.576 25.383 9.894
365 10 2 27.097 10.717 25.515 9.949
366 10 2 27.255 10.684 25.703 9.973
367 10 2 27.343 10.740 25.820 9.999
368 10 2 27.561 10.763 25.952 10.053
369 10 2 27.633 10.776 26.054 10.094
370 10 2 27.779 10.815 26.171 10.134
371 10 2 28.012 10.881 26.287 10.146
372 10 2 28.012 10.896 26.433 10.214
373 10 2 28.158 10.935 26.636 10.223
374 10 2 28.288 10.932 26.623 10.282
375 10 2 28.376 11.016 26.798 10.335
376 10 2 28.551 11.069 27.030 10.358
377 10 2 28.625 11.125 27.133 10.442
378 10 2 28.741 11.136 27.249 10.453
379 10 2 28.886 11.162 27.395 10.507
380 10 2 29.002 11.187 27.540 10.532
381 10 2 29.134 11.271 27.612 10.530
382 10 2 29.222 11.312 27.729 10.571
383 10 2 29.409 11.321 27.918 10.609
384 10 2 29.540 11.346 27.992 10.694
385 10 2 29.685 11.357 28.108 10.676
386 10 2 29.802 11.426 28.197 10.775
387 10 2 29.949 11.538 28.399 10.770
388 10 2 30.092 11.491 28.458 10.840
389 10 2 30.152 11.576 28.631 10.807
390 10 2 30.326 11.600 28.806 10.889
391 10 2 30.370 11.642 28.879 10.902
392 10 2 30.529 11.667 28.923 10.929
393 10 2 30.660 11.721 29.085 11.041
394 10 2 30.748 11.747 29.228 11.008
395 10 2 30.979 11.785 29.260 11.108
396 10 2 31.054 11.898 29.449 11.161
397 10 2 31.156 11.910 29.637 11.199
398 10 2 31.287 11.964 29.712 11.284
399 10 2 31.432 12.003 29.856 11.295
400 10 2 31.534 12.044 29.957 11.306
401 10 2 31.621 12.085 30.104 11.404
402 10 2 31.782 12.153 30.205 11.386
403 10 2 31.928 12.236 30.321 11.412
404 10 2 31.986 12.263 30.496 11.494
405 10 2 32.146 12.316 30.541 11.551
406 10 2 32.249 12.386 30.700 11.590
407 10 2 32.365 12.411 30.845 11.615
408 10 2 32.495 12.451 30.947 11.655
409 10 2 32.627 12.520 31.023 11.783
410 10 2 32.700 12.576 31.239 11.778
411 10 2 32.831 12.630 31.313 11.862
412 10 2 32.948 12.713 31.429 11.888
413 10 2 33.051 12.768 31.588 11.913
414 10 2 33.166 12.794 31.676 11.968
415 10 2 33.269 12.849 31.778 12.023
416 10 2 33.401 12.961 31.880 12.078
417 10 2 33.558 12.899 32.010 12.075
418 10 2 33.661 12.997 32.113 12.173
419 10 2 33.763 13.052 32.273 12.226
420 10 2 33.922 13.062 32.289 12.269
421 10 2 34.052 13.087 32.449 12.323
422 10 2 34.183 13.156 32.550 12.334
423 10 2 34.227 13.183 32.594 12.362
424 10 2 34.386 13.208 32.754 12.444
425 10 2 34.488 13.263 32.884 12.469
426 10 2 34.661 13.287 33.028 12.466
427 10 2 34.761 13.270 33.158 12.476
428 10 2 34.906 13.323 33.275 12.531
429 10 2 34.979 13.364 33.348 12.572
430 10 2 35.095 13.390 33.463 12.598
431 10 2 35.224 13.387 33.594 12.623
432 10 2 35.368 13.397 33.737 12.605
433 10 2 35.453 13.366 33.795 12.632
434 10 2 35.597 13.362 33.968 12.656
435 10 2 35.700 13.460 34.040 12.640
436 10 2 35.800 13.428 34.198 12.636
437 10 2 35.944 13.453 34.255 12.634
438 10 2 36.059 13.450 34.428 12.629
439 10 2 36.174 13.476 34.514 12.627
440 10 2 36.274 13.444 34.670 12.565
441 10 2 36.418 13.440 34.757 12.563
442 10 2 36.532 13.437 34.843 12.560
443 10 2 36.647 13.419 35.015 12.541
444 10 2 36.775 13.387 35.144 12.538
445 10 2 36.876 13.413 35.272 12.505
446 10 2 36.960 13.353 35.330 12.504
447 10 2 37.117 13.291 35.485 12.413
448 10 2 37.203 13.289 35.599 12.381
449 10 2 37.331 13.271 35.699 12.364
450 10 2 37.430 13.210 35.798 12.304
451 10 2 37.518 13.280 35.913 12.286
452 10 2 37.629 13.162 35.996 12.169
453 10 2 37.700 13.131 36.123 12.107
454 10 2 37.800 13.099 36.251 12.075
455 10 2 37.885 13.054 36.365 12.029
456 10 2 38.000 13.065 36.420 11.955
457 10 2 38.084 13.005 36.592 11.922
458 10 2 38.183 12.959 36.604 11.849
459 10 2 38.252 12.871 36.759 11.730
460 10 2 38.323 12.826 36.828 11.656
461 10 2 38.407 12.751 37.056 11.578
462 10 2 38.464 12.750 37.083 11.520
463 10 2 38.563 12.704 37.153 11.446
464 10 2 38.589 12.617 37.265 11.356
465 10 2 38.643 12.486 37.347 11.224
466 10 2 38.742 12.454 37.475 11.163
467 10 2 38.812 12.380 37.573 11.089
468 10 2 38.868 12.321 37.571 11.002
469 10 2 38.908 12.248 37.697 10.898
470 10 2 38.949 12.161 37.767 10.839
471 10 2 38.960 12.031 37.834 10.679
472 10 2 39.003 12.029 37.903 10.590
473 10 2 39.029 11.928 37.987 10.516
474 10 2 39.055 11.855 38.071 10.413
475 10 2 39.065 11.697 38.112 10.340
476 10 2 39.065 11.682 38.165 10.209
477 10 2 39.062 11.596 38.188 10.007
478 10 2 39.059 11.481 38.245 9.977
479 10 2 39.099 11.365 38.285 9.861
480 10 2 39.041 11.323 38.254 9.789
481 10 2 39.024 11.223 38.322 9.658
482 10 2 39.020 11.108 38.348 9.571
483 10 2 39.032 11.007 38.387 9.412
484 10 2 38.972 10.922 38.355 9.297
485 10 2 38.984 10.835 38.339 9.212
486 10 2 38.939 10.764 38.323 9.169
487 10 2 38.921 10.621 38.306 9.083
488 10 2 38.906 10.578 38.289 8.983
