frame,id,class,tl_x,tl_y,br_x,br_y
0,0,1,27.093,9.572,26.033,8.876
1,0,1,27.030,9.498,25.970,8.823
2,0,1,26.987,9.498,25.969,8.802
3,0,1,26.966,9.541,25.970,8.844
4,0,1,26.966,9.456,25.969,8.802
5,0,1,26.934,9.435,25.938,8.781
6,0,1,26.850,9.403,25.959,8.728
7,0,1,26.913,9.403,25.895,8.792
8,0,1,26.892,9.361,25.980,8.791
9,0,1,26.871,9.393,25.938,8.823
10,0,1,26.744,9.435,25.980,8.802
11,0,1,26.797,9.456,25.969,8.802
12,0,1,26.776,9.435,25.948,8.781
13,0,1,26.723,9.457,25.853,8.802
14,0,1,26.702,9.489,25.726,8.750
15,0,1,26.681,9.489,25.684,8.792
16,0,1,26.649,9.552,25.503,8.771
17,0,1,26.586,9.552,25.482,8.729
18,0,1,26.628,9.563,25.419,8.846
19,0,1,26.459,9.585,25.355,8.804
20,0,1,26.427,9.564,25.366,8.846
21,0,1,26.437,9.564,25.313,8.825
22,0,1,26.427,9.606,25.281,8.846
23,0,1,26.416,9.595,25.228,8.793
24,0,1,26.321,9.606,25.218,8.825
25,0,1,26.268,9.638,25.228,8.878
26,0,1,26.162,9.639,25.271,8.963
27,0,1,26.173,9.617,25.239,8.878
28,0,1,26.131,9.596,25.281,8.899
29,0,1,26.131,9.628,25.218,8.910
30,0,1,26.046,9.607,25.281,8.910
31,0,1,25.993,9.660,25.271,8.857
32,0,1,25.993,9.713,25.207,8.952
33,0,1,25.940,9.682,25.006,8.985
34,0,1,25.834,9.640,24.900,8.985
35,0,1,25.824,9.629,24.805,8.932
36,0,1,25.834,9.661,24.646,8.943
37,0,1,25.696,9.619,24.635,8.986
38,0,1,25.728,9.597,24.582,8.965
39,0,1,25.633,9.619,24.487,8.880
40,0,1,25.601,9.566,24.518,8.912
41,0,1,25.580,9.619,24.434,8.965
42,0,1,25.590,9.577,24.423,8.902
43,0,1,25.516,9.566,24.455,8.955
44,0,1,25.442,9.567,24.423,8.912
45,0,1,25.442,9.545,24.423,8.891
46,0,1,25.389,9.556,24.434,8.944
47,0,1,25.379,9.577,24.423,8.923
48,0,1,25.230,9.620,24.444,8.986
49,0,1,25.209,9.599,24.444,8.902
50,0,1,25.209,9.641,24.402,8.902
51,0,1,25.156,9.642,24.328,8.966
52,0,1,25.061,9.610,24.147,8.913
53,0,1,25.188,9.652,24.020,8.956
54,0,1,25.071,9.642,23.882,8.903
55,0,1,25.114,9.642,23.903,8.882
56,0,1,25.050,9.653,23.755,8.957
57,0,1,24.997,9.610,23.766,8.914
58,0,1,24.838,9.643,23.649,8.904
59,0,1,24.775,9.653,23.670,8.957
60,0,1,24.743,9.696,23.660,8.999
61,0,1,24.732,9.664,23.670,8.967
62,0,1,24.679,9.633,23.681,8.893
63,0,1,24.616,9.590,23.638,8.914
64,0,1,24.584,9.643,23.649,8.883
65,0,1,24.499,9.569,23.585,8.915
66,0,1,24.382,9.549,23.659,8.914
67,0,1,24.382,9.559,23.596,8.946
68,0,1,24.297,9.517,23.596,9.010
69,0,1,24.223,9.560,23.543,8.968
70,0,1,24.297,9.517,23.384,8.947
71,0,1,24.223,9.581,23.373,8.926
72,0,1,24.202,9.517,23.076,8.863
73,0,1,24.064,9.571,23.001,8.916
74,0,1,24.043,9.550,22.980,8.874
75,0,1,23.969,9.529,22.906,8.853
76,0,1,23.979,9.571,22.895,8.874
77,0,1,23.926,9.571,22.842,8.832
78,0,1,23.947,9.497,22.800,8.906
79,0,1,23.894,9.550,22.810,8.917
80,0,1,23.841,9.487,22.778,8.811
81,0,1,23.724,9.466,22.831,8.789
82,0,1,23.608,9.509,22.800,8.811
83,0,1,23.555,9.445,22.810,8.832
84,0,1,23.534,9.519,22.768,8.800
85,0,1,23.459,9.520,22.757,8.779
86,0,1,23.459,9.520,22.715,8.779
87,0,1,23.481,9.551,22.566,8.832
88,0,1,23.406,9.499,22.449,8.780
89,0,1,23.396,9.488,22.247,8.748
90,0,1,23.311,9.499,22.226,8.738
91,0,1,23.343,9.552,22.109,8.855
92,0,1,23.236,9.488,22.045,8.791
93,0,1,23.183,9.457,22.035,8.760
94,0,1,23.173,9.457,22.067,8.760
95,0,1,23.109,9.468,22.024,8.770
96,0,1,23.045,9.457,21.939,8.781
97,0,1,22.992,9.457,21.992,8.760
98,0,1,22.950,9.436,21.992,8.781
99,0,1,22.812,9.437,21.982,8.760
100,0,1,22.727,9.416,22.003,8.781
101,0,1,22.652,9.416,21.928,8.696
102,0,1,22.631,9.374,21.992,8.760
103,0,1,22.610,9.384,21.907,8.707
104,0,1,22.525,9.384,21.843,8.728
105,0,1,22.472,9.374,21.684,8.676
106,0,1,22.440,9.385,21.525,8.729
107,0,1,22.387,9.385,21.429,8.708
108,0,1,22.355,9.385,21.355,8.772
109,0,1,22.333,9.332,21.269,8.677
110,0,1,22.280,9.385,21.216,8.751
111,0,1,22.270,9.396,21.227,8.698
112,0,1,22.270,9.364,21.142,8.751
113,0,1,22.217,9.375,21.174,8.677
114,0,1,22.195,9.385,21.067,8.709
115,0,1,22.121,9.311,21.142,8.677
116,0,1,22.057,9.322,21.206,8.709
117,0,1,21.940,9.291,21.152,8.698
118,0,1,21.898,9.312,21.174,8.677
119,0,1,21.877,9.323,21.174,8.624
120,0,1,21.877,9.344,21.131,8.624
121,0,1,21.802,9.333,21.099,8.656
122,0,1,21.738,9.323,20.801,8.625
123,0,1,21.728,9.312,20.769,8.636
124,0,1,21.738,9.281,20.738,8.752
125,0,1,21.739,9.355,20.674,8.657
126,0,1,21.600,9.334,20.557,8.657
127,0,1,21.632,9.334,20.546,8.594
128,0,1,21.568,9.324,20.546,8.626
129,0,1,21.547,9.334,20.482,8.636
130,0,1,21.526,9.313,20.546,8.636
131,0,1,21.430,9.345,20.536,8.711
132,0,1,21.441,9.366,20.525,8.711
133,0,1,21.377,9.324,20.482,8.732
134,0,1,21.324,9.441,20.536,8.742
135,0,1,21.292,9.324,20.440,8.711
136,0,1,21.196,9.282,20.408,8.711
137,0,1,21.164,9.325,20.419,8.711
138,0,1,21.186,9.335,20.482,8.594
139,0,1,21.122,9.325,20.333,8.626
140,0,1,21.058,9.240,20.248,8.690
141,0,1,21.132,9.282,20.216,8.754
142,0,1,20.994,9.368,19.950,8.712
143,0,1,20.994,9.346,20.014,8.733
144,0,1,20.856,9.326,19.940,8.712
145,0,1,20.888,9.347,19.908,8.712
146,0,1,20.931,9.379,19.865,8.638
147,0,1,21.016,9.336,19.823,8.659
148,0,1,20.877,9.357,19.854,8.659
149,0,1,20.899,9.379,19.833,8.681
150,0,1,20.813,9.358,19.833,8.638
151,0,1,20.792,9.347,19.897,8.712
152,0,1,20.696,9.316,19.886,8.595
153,0,1,20.569,9.358,19.865,8.595
154,0,1,20.622,9.358,19.876,8.659
155,0,1,20.601,9.411,19.897,8.606
156,0,1,20.537,9.422,19.854,8.680
157,0,1,20.558,9.422,19.769,8.681
158,0,1,20.516,9.433,19.684,8.607
159,0,1,20.494,9.412,19.705,8.713
160,0,1,20.526,9.433,19.674,8.713
161,0,1,20.463,9.422,19.716,8.702
162,0,1,20.420,9.444,19.716,8.702
163,0,1,20.505,9.497,19.674,8.755
164,0,1,20.473,9.444,19.663,8.702
165,0,1,20.431,9.508,19.706,8.745
166,0,1,20.441,9.444,19.738,8.766
167,0,1,20.346,9.444,19.642,8.787
168,0,1,20.409,9.444,19.706,8.766
169,0,1,20.356,9.444,19.631,8.787
170,0,1,20.324,9.465,19.620,8.787
171,0,1,20.377,9.423,19.588,8.724
172,0,1,20.367,9.412,19.620,8.713
173,0,1,20.356,9.476,19.631,8.734
174,0,1,20.324,9.465,19.557,8.766
175,0,1,20.431,9.433,19.535,8.819
176,0,1,20.356,9.423,19.631,8.787
177,0,1,20.367,9.486,19.556,8.703
178,0,1,20.388,9.476,19.557,8.798
179,0,1,20.303,9.540,19.578,8.713
180,0,1,20.399,9.529,19.525,8.724
181,0,1,20.356,9.508,19.461,8.682
182,0,1,20.388,9.518,19.429,8.735
183,0,1,20.292,9.476,19.375,8.756
184,0,1,20.271,9.519,19.312,8.735
185,0,1,20.356,9.518,19.269,8.714
186,0,1,20.250,9.476,19.205,8.714
187,0,1,20.271,9.508,19.205,8.640
188,0,1,20.239,9.540,19.237,8.586
189,0,1,20.250,9.466,19.141,8.704
190,0,1,20.165,9.455,19.141,8.565
191,0,1,20.133,9.423,19.088,8.661
192,0,1,20.175,9.498,19.088,8.651
193,0,1,20.165,9.476,19.141,8.523
194,0,1,20.058,9.360,19.098,8.555
195,0,1,20.090,9.381,19.130,8.576
196,0,1,20.090,9.328,19.130,8.714
197,0,1,19.920,9.382,19.088,8.597
198,0,1,19.888,9.318,19.120,8.576
199,0,1,19.888,9.275,19.035,8.683
200,0,1,19.792,9.201,19.109,8.502
201,0,1,19.738,9.180,19.119,8.523
202,0,1,19.685,9.170,19.109,8.470
203,0,1,19.621,9.159,18.981,8.460
204,0,1,19.579,9.149,18.874,8.449
205,0,1,19.536,9.128,18.704,8.471
206,0,1,19.536,9.117,18.597,8.418
207,0,1,19.547,9.128,18.501,8.514
208,0,1,19.610,9.096,18.480,8.376
209,0,1,19.600,9.138,18.427,8.440
210,0,1,19.387,9.096,18.405,8.355
211,0,1,19.515,9.096,18.384,8.397
212,0,1,19.429,9.117,18.363,8.355
213,0,1,19.493,9.106,18.235,8.451
214,0,1,19.451,9.096,18.341,8.376
215,0,1,19.376,9.139,18.309,8.313
216,0,1,19.334,9.118,18.309,8.376
217,0,1,19.280,9.128,18.320,8.323
218,0,1,19.206,9.097,18.309,8.398
219,0,1,19.067,9.129,18.256,8.259
220,0,1,19.056,9.055,18.395,8.291
221,0,1,18.993,9.055,18.288,8.355
222,0,1,18.833,9.055,18.235,8.313
223,0,1,18.907,9.034,18.139,8.292
224,0,1,18.811,9.013,17.957,8.313
225,0,1,18.747,9.055,17.808,8.314
226,0,1,18.779,9.055,17.670,8.314
227,0,1,18.779,9.013,17.627,8.335
228,0,1,18.779,9.045,17.584,8.240
229,0,1,18.588,9.024,17.541,8.261
230,0,1,18.769,8.896,17.573,8.240
231,0,1,18.705,8.939,17.531,8.240
232,0,1,18.587,8.950,17.499,8.272
233,0,1,18.481,8.971,17.520,8.293
234,0,1,18.481,9.024,17.520,8.219
235,0,1,18.364,8.929,17.467,8.230
236,0,1,18.310,8.918,17.477,8.155
237,0,1,18.086,8.898,17.552,8.112
238,0,1,18.108,8.940,17.531,8.091
239,0,1,18.086,8.877,17.339,8.092
240,0,1,18.086,8.834,17.253,8.113
241,0,1,18.076,8.813,17.136,8.071
242,0,1,17.990,8.877,16.965,8.114
243,0,1,17.916,8.877,16.890,8.135
244,0,1,17.905,8.835,16.816,8.135
245,0,1,17.948,8.824,16.773,8.189
246,0,1,17.841,8.835,16.794,8.157
247,0,1,17.916,8.877,16.741,8.136
248,0,1,17.788,8.814,16.720,8.136
249,0,1,17.799,8.941,16.645,8.178
250,0,1,17.724,8.835,16.677,8.136
251,0,1,17.649,8.814,16.730,8.114
252,0,1,17.638,8.920,16.677,8.093
253,0,1,17.478,8.814,16.709,8.072
254,0,1,17.404,8.836,16.741,8.008
255,0,1,17.350,8.793,16.645,8.072
256,0,1,17.297,8.879,16.527,7.966
257,0,1,17.158,8.879,16.389,8.179
258,0,1,17.126,8.815,16.271,8.094
259,0,1,17.158,8.815,16.175,8.052
260,0,1,17.073,8.815,16.004,8.116
261,0,1,17.073,8.794,16.026,8.073
262,0,1,17.073,8.837,16.004,8.116
263,0,1,17.062,8.794,15.972,8.116
264,0,1,16.998,8.794,15.951,8.095
265,0,1,16.913,8.795,15.908,8.116
266,0,1,16.966,8.752,15.897,8.138
267,0,1,16.891,8.816,15.972,8.010
268,0,1,16.785,8.774,15.972,8.137
269,0,1,16.774,8.795,15.876,8.138
270,0,1,16.614,8.785,15.908,8.063
271,0,1,16.486,8.817,15.908,8.052
272,0,1,16.486,8.817,15.865,8.116
273,0,1,16.432,8.870,15.726,8.064
274,0,1,16.315,8.871,15.566,8.085
275,0,1,16.432,8.870,15.470,8.085
276,0,1,16.326,8.839,15.320,8.075
277,0,1,16.304,8.839,15.235,8.033
278,0,1,16.283,8.796,15.235,8.139
279,0,1,16.400,8.817,15.182,8.097
280,0,1,16.315,8.871,15.160,8.065
281,0,1,16.187,8.860,15.139,8.161
282,0,1,16.112,8.914,15.064,8.214
283,0,1,16.165,8.903,15.203,8.161
284,0,1,15.994,8.818,15.139,8.118
285,0,1,16.005,8.882,15.171,8.118
286,0,1,15.898,8.883,15.128,8.161
287,0,1,15.856,8.819,15.256,8.033
288,0,1,15.727,8.819,15.149,8.118
289,0,1,15.674,8.915,15.096,8.044
290,0,1,15.567,8.841,14.989,8.097
291,0,1,15.535,8.841,14.829,8.140
292,0,1,15.578,8.841,14.679,8.162
293,0,1,15.546,8.905,14.604,8.141
294,0,1,15.482,8.916,14.561,8.088
295,0,1,15.492,8.809,14.508,8.194
296,0,1,15.514,8.841,14.465,8.162
297,0,1,15.503,8.841,14.476,8.098
298,0,1,15.492,8.841,14.401,8.162
299,0,1,15.439,8.862,14.390,8.120
300,0,1,15.364,8.831,14.380,8.216
301,0,1,15.321,8.842,14.401,8.162
302,0,1,15.268,8.820,14.412,8.120
303,0,1,15.172,8.799,14.401,8.099
304,0,1,15.043,8.821,14.379,8.035
305,0,1,14.840,8.822,14.476,8.120
306,0,1,14.926,8.843,14.347,8.120
307,0,1,14.808,8.907,14.251,8.184
308,0,1,14.808,8.949,14.101,8.163
309,0,1,14.755,8.907,13.920,8.164
310,0,1,14.776,8.896,13.834,8.196
311,0,1,14.798,8.939,13.748,8.196
312,0,1,14.840,8.971,13.706,8.143
313,0,1,14.733,8.886,13.727,8.164
314,0,1,14.787,8.886,13.759,8.228
315,0,1,14.765,8.950,13.695,8.249
316,0,1,14.744,8.960,13.695,8.239
317,0,1,14.648,8.939,13.706,8.239
318,0,1,14.594,8.982,13.759,8.302
319,0,1,14.509,8.950,13.738,8.249
320,0,1,14.455,8.961,13.684,8.239
321,0,1,14.338,8.929,13.759,8.249
322,0,1,14.220,8.962,13.706,8.239
323,0,1,14.209,8.994,13.673,8.228
324,0,1,14.177,8.983,13.556,8.324
325,0,1,14.156,9.004,13.427,8.346
326,0,1,14.092,8.962,13.277,8.325
327,0,1,14.049,8.973,13.235,8.378
328,0,1,14.027,9.005,13.106,8.304
329,0,1,14.092,8.919,13.128,8.304
330,0,1,14.059,8.962,13.074,8.347
331,0,1,14.038,9.026,12.967,8.347
332,0,1,13.974,8.973,13.031,8.358
333,0,1,13.985,8.920,13.020,8.326
334,0,1,13.974,8.941,12.924,8.347
335,0,1,13.952,8.941,12.967,8.304
336,0,1,13.835,9.005,12.871,8.326
337,0,1,13.717,8.963,12.988,8.347
338,0,1,13.770,8.931,12.935,8.379
339,0,1,13.546,8.985,12.967,8.347
340,0,1,13.385,9.071,12.849,8.369
341,0,1,13.449,9.070,12.849,8.305
342,0,1,13.321,9.049,12.806,8.326
343,0,1,13.364,9.007,12.635,8.348
344,0,1,13.267,9.071,12.474,8.370
345,0,1,13.300,9.071,12.335,8.349
346,0,1,13.310,9.071,12.324,8.413
347,0,1,13.310,9.071,12.217,8.392
348,0,1,13.278,9.113,12.228,8.392
349,0,1,13.192,9.071,12.185,8.392
350,0,1,13.289,9.113,12.196,8.349
351,0,1,13.128,9.071,12.249,8.370
352,0,1,13.160,9.124,12.260,8.466
353,0,1,13.075,9.093,12.260,8.349
354,0,1,12.968,9.104,12.260,8.509
355,0,1,12.925,9.072,12.281,8.434
356,0,1,12.818,9.061,12.238,8.466
357,0,1,12.700,9.072,12.163,8.349
358,0,1,12.796,9.040,12.088,8.467
359,0,1,12.539,9.052,12.067,8.435
360,0,1,12.603,9.083,12.003,8.509
361,0,1,12.539,9.041,11.767,8.510
362,0,1,12.485,9.105,11.649,8.489
363,0,1,12.700,9.030,11.627,8.457
364,0,1,12.528,9.052,11.563,8.415
365,0,1,12.539,9.073,11.488,8.457
366,0,1,12.496,9.084,11.531,8.468
367,0,1,12.475,9.094,11.445,8.415
368,0,1,12.496,9.052,11.488,8.457
369,0,1,12.475,9.073,11.445,8.457
370,0,1,12.346,9.031,11.509,8.564
371,0,1,12.271,9.020,11.349,8.447
372,0,1,12.153,9.063,11.467,8.489
373,0,1,12.035,9.074,11.477,8.351
374,0,1,11.949,9.075,11.413,8.330
375,0,1,11.842,9.075,11.413,8.372
376,0,1,11.757,9.214,11.306,8.319
377,0,1,11.842,9.160,11.155,8.458
378,0,1,11.746,9.150,11.080,8.362
379,0,1,11.789,9.096,10.930,8.373
380,0,1,11.767,9.075,10.930,8.373
381,0,1,11.799,9.096,10.834,8.395
382,0,1,11.789,9.096,10.844,8.374
383,0,1,11.756,9.139,10.748,8.438
384,0,1,11.692,9.065,10.705,8.470
385,0,1,11.714,9.075,10.726,8.438
386,0,1,11.735,8.979,10.662,8.427
387,0,1,11.542,9.097,10.748,8.438
388,0,1,11.510,9.086,10.780,8.470
389,0,1,11.467,9.087,10.758,8.470
390,0,1,11.317,9.098,10.715,8.417
391,0,1,11.188,9.066,10.737,8.449
392,0,1,11.285,9.162,10.619,8.438
393,0,1,11.113,9.109,10.555,8.513
394,0,1,11.070,9.120,10.490,8.332
395,0,1,11.134,9.056,10.426,8.439
396,0,1,11.081,9.045,10.286,8.450
397,0,1,11.006,9.109,10.190,8.493
398,0,1,11.048,9.077,10.104,8.397
399,0,1,11.134,9.034,10.061,8.440
400,0,1,10.952,9.141,10.114,8.333
401,0,1,10.909,9.046,9.985,8.451
402,0,1,10.963,9.035,10.039,8.418
403,0,1,10.909,9.056,9.985,8.461
404,0,1,10.920,9.077,9.932,8.376
405,0,1,10.812,8.982,10.018,8.408
406,0,1,10.737,9.035,10.028,8.354
407,0,1,10.641,9.078,9.996,8.397
408,0,1,10.544,9.079,10.028,8.376
409,0,1,10.469,9.036,10.018,8.333
410,0,1,10.437,8.972,9.942,8.355
411,0,1,10.372,9.015,9.835,8.355
0,1,1,24.818,9.834,24.053,9.157
1,1,1,24.722,9.844,23.999,9.147
2,1,1,24.690,9.834,23.862,9.179
3,1,1,24.637,9.781,23.660,9.169
4,1,1,24.563,9.781,23.586,9.148
5,1,1,24.542,9.792,23.437,9.117
6,1,1,24.468,9.782,23.363,9.127
7,1,1,24.457,9.729,23.267,9.117
8,1,1,24.404,9.739,23.193,9.170
9,1,1,24.383,9.708,23.214,9.096
10,1,1,24.340,9.761,23.193,9.064
11,1,1,24.340,9.740,23.257,9.149
12,1,1,24.256,9.750,23.214,9.117
13,1,1,24.171,9.740,23.214,9.149
14,1,1,24.075,9.772,23.204,9.096
15,1,1,23.916,9.741,23.214,9.149
16,1,1,23.948,9.804,23.225,9.149
17,1,1,23.937,9.751,23.235,9.117
18,1,1,23.884,9.773,23.076,9.096
19,1,1,23.842,9.784,22.928,9.171
20,1,1,23.789,9.752,22.768,9.097
21,1,1,23.715,9.773,22.609,9.119
22,1,1,23.651,9.774,22.524,9.119
23,1,1,23.598,9.806,22.471,9.130
24,1,1,23.566,9.806,22.439,9.151
25,1,1,23.481,9.806,22.376,9.215
26,1,1,23.513,9.785,22.408,9.194
27,1,1,23.418,9.806,22.354,9.151
28,1,1,23.354,9.785,22.333,9.151
29,1,1,23.184,9.839,22.418,9.204
30,1,1,23.195,9.839,22.407,9.183
31,1,1,23.089,9.850,22.408,9.215
32,1,1,23.110,9.913,22.344,9.194
33,1,1,23.057,9.871,22.206,9.216
34,1,1,23.014,9.903,22.036,9.205
35,1,1,22.876,9.850,21.898,9.195
36,1,1,22.802,9.872,21.760,9.259
37,1,1,22.760,9.872,21.675,9.260
38,1,1,22.696,9.883,21.589,9.207
39,1,1,22.717,9.872,21.547,9.239
40,1,1,22.728,9.893,21.430,9.260
41,1,1,22.632,9.894,21.568,9.260
42,1,1,22.568,9.904,21.504,9.207
43,1,1,22.505,9.873,21.526,9.260
44,1,1,22.377,9.916,21.483,9.303
45,1,1,22.292,9.916,21.526,9.281
46,1,1,22.260,9.905,21.494,9.207
47,1,1,22.239,9.895,21.473,9.260
48,1,1,22.090,9.917,21.409,9.303
49,1,1,22.080,9.938,21.228,9.282
50,1,1,22.058,9.874,21.037,9.240
51,1,1,21.931,9.917,20.909,9.304
52,1,1,21.888,9.896,20.845,9.262
53,1,1,21.857,9.917,20.792,9.283
54,1,1,21.867,9.917,20.739,9.284
55,1,1,21.814,9.843,20.728,9.337
56,1,1,21.782,9.886,20.718,9.315
57,1,1,21.750,9.918,20.686,9.241
58,1,1,21.591,9.918,20.739,9.305
59,1,1,21.463,9.887,20.675,9.379
60,1,1,21.400,9.929,20.718,9.337
61,1,1,21.251,9.940,20.781,9.241
62,1,1,21.251,9.940,20.611,9.263
63,1,1,21.219,9.962,20.452,9.284
64,1,1,21.187,9.962,20.377,9.263
65,1,1,21.155,9.962,20.154,9.285
66,1,1,21.070,10.026,19.983,9.328
67,1,1,21.081,9.920,20.015,9.307
68,1,1,21.049,9.962,19.898,9.265
69,1,1,21.017,9.962,19.824,9.265
70,1,1,20.985,9.973,19.813,9.361
71,1,1,20.879,9.984,19.813,9.286
72,1,1,20.889,9.952,19.739,9.340
73,1,1,20.645,9.996,19.749,9.361
74,1,1,20.591,9.953,19.803,9.361
75,1,1,20.464,10.017,19.760,9.361
76,1,1,20.410,9.975,19.792,9.382
77,1,1,20.336,9.933,19.760,9.361
78,1,1,20.251,9.944,19.568,9.308
79,1,1,20.293,9.954,19.441,9.383
80,1,1,20.208,9.923,19.270,9.267
81,1,1,20.165,9.901,19.163,9.288
82,1,1,20.197,9.901,19.110,9.246
83,1,1,20.070,9.902,19.025,9.331
84,1,1,20.123,9.923,18.929,9.310
85,1,1,20.027,9.923,18.940,9.289
86,1,1,20.048,9.881,18.918,9.183
87,1,1,19.953,9.881,18.886,9.204
88,1,1,19.814,9.860,18.897,9.246
89,1,1,19.708,9.882,18.897,9.310
90,1,1,19.622,9.882,18.897,9.289
91,1,1,19.548,9.861,18.886,9.161
92,1,1,19.473,9.904,18.876,9.246
93,1,1,19.495,9.904,18.748,9.204
94,1,1,19.324,9.904,18.556,9.247
95,1,1,19.399,9.915,18.375,9.216
96,1,1,19.303,9.904,18.257,9.206
97,1,1,19.292,9.851,18.226,9.238
98,1,1,19.196,9.883,18.129,9.206
99,1,1,19.207,9.905,18.076,9.206
100,1,1,19.196,9.883,18.087,9.249
101,1,1,19.111,9.862,18.002,9.270
102,1,1,19.090,9.862,18.002,9.228
103,1,1,18.962,9.863,18.044,9.291
104,1,1,18.909,9.863,18.055,9.185
105,1,1,18.781,9.885,18.034,9.270
106,1,1,18.653,9.885,18.012,9.270
107,1,1,18.642,9.885,18.023,9.249
108,1,1,18.514,9.885,17.980,9.270
109,1,1,18.536,9.853,17.831,9.345
110,1,1,18.493,9.864,17.660,9.335
111,1,1,18.493,9.907,17.511,9.314
112,1,1,18.461,9.864,17.330,9.272
113,1,1,18.397,9.907,17.330,9.293
114,1,1,18.397,9.886,17.287,9.294
115,1,1,18.354,9.886,17.244,9.315
116,1,1,18.301,9.929,17.234,9.294
117,1,1,18.344,9.865,17.255,9.272
118,1,1,18.163,9.887,17.223,9.336
119,1,1,18.088,9.876,17.255,9.347
120,1,1,17.949,9.909,17.223,9.336
121,1,1,17.832,9.898,17.191,9.390
122,1,1,17.757,9.899,17.202,9.326
123,1,1,17.693,9.963,17.138,9.369
124,1,1,17.715,10.005,17.052,9.305
125,1,1,17.565,10.006,16.945,9.305
126,1,1,17.651,9.984,16.732,9.391
127,1,1,17.629,10.005,16.668,9.412
128,1,1,17.523,10.006,16.583,9.328
129,1,1,17.565,9.952,16.454,9.275
130,1,1,17.501,10.027,16.433,9.349
131,1,1,17.523,9.952,16.369,9.318
132,1,1,17.512,10.027,16.380,9.371
133,1,1,17.405,10.017,16.444,9.402
134,1,1,17.160,10.007,16.433,9.349
135,1,1,17.235,10.039,16.401,9.360
136,1,1,17.064,9.965,16.422,9.413
137,1,1,16.979,10.007,16.444,9.328
138,1,1,16.882,10.008,16.412,9.349
139,1,1,16.776,10.008,16.305,9.392
140,1,1,16.883,10.061,16.155,9.339
141,1,1,16.765,9.944,15.995,9.414
142,1,1,16.701,10.008,15.803,9.351
143,1,1,16.829,9.955,15.782,9.447
144,1,1,16.776,9.944,15.685,9.373
145,1,1,16.797,10.008,15.643,9.373
146,1,1,16.776,9.976,15.621,9.320
147,1,1,16.648,10.008,15.664,9.309
148,1,1,16.680,10.008,15.610,9.330
149,1,1,16.562,9.987,15.600,9.352
150,1,1,16.477,10.009,15.579,9.416
151,1,1,16.316,10.020,15.632,9.405
152,1,1,16.199,10.031,15.643,9.373
153,1,1,16.092,9.968,15.578,9.394
154,1,1,16.082,10.042,15.375,9.406
155,1,1,15.996,10.032,15.290,9.331
156,1,1,15.964,10.053,15.044,9.439
157,1,1,15.975,10.032,14.991,9.417
158,1,1,15.964,10.011,14.937,9.332
159,1,1,15.996,10.032,14.819,9.397
160,1,1,15.889,10.032,14.841,9.375
161,1,1,15.964,10.011,14.894,9.375
162,1,1,15.868,10.011,14.862,9.418
163,1,1,15.793,10.022,14.830,9.407
164,1,1,15.675,10.012,14.777,9.418
165,1,1,15.633,10.065,14.819,9.365
166,1,1,15.483,10.044,14.884,9.365
167,1,1,15.398,10.066,14.798,9.365
168,1,1,15.280,10.024,14.745,9.408
169,1,1,15.259,10.045,14.638,9.408
170,1,1,15.269,10.034,14.499,9.440
171,1,1,15.291,10.034,14.306,9.441
172,1,1,15.259,10.119,14.231,9.420
173,1,1,15.291,10.034,14.135,9.399
174,1,1,15.248,10.045,14.071,9.410
175,1,1,15.152,10.045,14.081,9.367
176,1,1,15.184,10.077,14.092,9.463
177,1,1,15.088,10.067,14.038,9.367
178,1,1,15.034,10.046,14.092,9.409
179,1,1,15.002,10.056,14.103,9.463
180,1,1,14.895,10.057,14.039,9.463
181,1,1,14.745,10.068,14.060,9.537
182,1,1,14.638,10.090,14.060,9.516
183,1,1,14.564,10.100,13.985,9.442
184,1,1,14.542,10.122,13.857,9.442
185,1,1,14.521,10.186,13.685,9.443
186,1,1,14.531,10.122,13.525,9.464
187,1,1,14.424,10.133,13.418,9.390
188,1,1,14.499,10.133,13.385,9.369
189,1,1,14.392,10.133,13.300,9.390
190,1,1,14.382,10.101,13.353,9.465
191,1,1,14.435,10.165,13.257,9.465
192,1,1,14.467,10.122,13.311,9.380
193,1,1,14.317,10.101,13.332,9.444
194,1,1,14.210,10.123,13.225,9.444
195,1,1,14.093,10.091,13.236,9.519
196,1,1,13.986,10.102,13.300,9.508
197,1,1,13.857,10.103,13.278,9.444
198,1,1,13.825,10.103,13.246,9.444
199,1,1,13.772,10.060,13.236,9.508
200,1,1,13.675,10.061,13.011,9.487
201,1,1,13.707,10.093,12.936,9.413
202,1,1,13.675,10.082,12.839,9.466
203,1,1,13.750,10.103,12.593,9.425
204,1,1,13.686,10.039,12.571,9.446
205,1,1,13.643,10.072,12.550,9.414
206,1,1,13.654,10.071,12.539,9.393
207,1,1,13.643,10.061,12.507,9.510
208,1,1,13.579,10.082,12.507,9.425
209,1,1,13.515,10.061,12.529,9.467
210,1,1,13.397,10.040,12.475,9.425
211,1,1,13.268,10.041,12.475,9.446
212,1,1,13.193,10.062,12.486,9.468
213,1,1,13.065,10.084,12.464,9.446
214,1,1,12.979,10.106,12.400,9.446
215,1,1,12.883,10.138,12.368,9.436
216,1,1,12.818,10.149,12.239,9.468
217,1,1,12.861,10.170,12.089,9.511
218,1,1,12.958,10.148,11.971,9.448
219,1,1,12.851,10.127,11.864,9.405
220,1,1,12.861,10.106,11.832,9.491
221,1,1,12.915,10.138,11.692,9.438
222,1,1,12.851,10.117,11.757,9.416
223,1,1,12.840,10.170,11.703,9.534
224,1,1,12.808,10.192,11.735,9.491
225,1,1,12.529,10.192,11.757,9.534
226,1,1,12.550,10.139,11.735,9.544
227,1,1,12.497,10.107,11.682,9.449
228,1,1,12.347,10.172,11.639,9.299
229,1,1,12.186,10.140,11.628,9.545
230,1,1,12.218,10.119,11.617,9.523
231,1,1,12.079,10.098,11.392,9.631
232,1,1,12.175,10.130,11.338,9.514
233,1,1,12.293,10.097,11.220,9.525
234,1,1,12.036,10.141,11.113,9.546
235,1,1,12.090,10.173,11.017,9.600
236,1,1,12.154,10.130,11.017,9.493
237,1,1,12.079,10.130,10.941,9.493
238,1,1,12.079,10.119,10.920,9.590
239,1,1,12.014,10.077,10.984,9.419
240,1,1,12.036,10.087,10.920,9.451
241,1,1,11.886,10.045,10.856,9.515
242,1,1,11.736,10.131,10.963,9.515
243,1,1,11.736,10.088,10.877,9.515
244,1,1,11.510,10.164,10.888,9.398
245,1,1,11.425,10.132,10.845,9.472
246,1,1,11.328,10.132,10.748,9.473
247,1,1,11.231,10.197,10.652,9.452
248,1,1,11.274,10.175,10.501,9.452
249,1,1,11.231,10.133,10.394,9.474
250,1,1,11.242,10.090,10.233,9.453
251,1,1,11.328,10.122,10.190,9.528
252,1,1,11.264,10.133,10.190,9.432
253,1,1,11.253,10.090,10.115,9.496
254,1,1,11.242,10.133,10.018,9.496
255,1,1,11.146,10.176,10.093,9.453
256,1,1,11.081,10.133,10.115,9.453
257,1,1,10.995,10.112,10.093,9.475
258,1,1,10.824,10.198,10.072,9.496
259,1,1,10.738,10.198,10.093,9.496
260,1,1,10.620,10.124,10.104,9.528
261,1,1,10.577,10.146,9.997,9.528
262,1,1,10.469,10.093,9.911,9.518
263,1,1,10.512,10.092,9.868,9.497
264,1,1,10.480,10.146,9.685,9.529
265,1,1,10.459,10.103,9.513,9.530
266,1,1,10.416,10.146,9.406,9.616
267,1,1,10.426,10.125,9.438,9.551
268,1,1,10.469,10.114,9.395,9.519
269,1,1,10.491,10.157,9.373,9.520
270,1,1,10.383,10.125,9.352,9.530
271,1,1,10.341,10.136,9.309,9.498
272,1,1,10.298,10.136,9.352,9.498
273,1,1,10.179,10.147,9.320,9.445
274,1,1,10.147,10.126,9.309,9.552
275,1,1,9.975,10.158,9.266,9.520
276,1,1,9.911,10.137,9.287,9.520
277,1,1,9.707,10.180,9.234,9.563
278,1,1,9.750,10.148,9.148,9.445
279,1,1,9.728,10.148,9.062,9.531
280,1,1,9.782,10.202,8.857,9.500
281,1,1,9.664,10.181,8.761,9.564
282,1,1,9.653,10.202,8.599,9.586
283,1,1,9.707,10.116,8.567,9.479
284,1,1,9.750,10.202,8.610,9.500
285,1,1,9.696,10.148,8.513,9.554
286,1,1,9.653,10.202,8.492,9.544
287,1,1,9.567,10.149,8.599,9.554
288,1,1,9.567,10.181,8.599,9.522
289,1,1,9.460,10.224,8.599,9.479
290,1,1,9.309,10.150,8.599,9.533
291,1,1,9.191,10.161,8.546,9.501
292,1,1,9.083,10.225,8.503,9.608
293,1,1,8.933,10.162,8.460,9.501
294,1,1,8.933,10.183,8.395,9.629
295,1,1,8.944,10.204,8.341,9.587
296,1,1,8.911,10.183,8.223,9.608
297,1,1,8.890,10.205,8.072,9.588
298,1,1,8.922,10.215,7.911,9.620
299,1,1,8.858,10.215,7.868,9.642
300,1,1,8.933,10.172,7.879,9.642
301,1,1,8.858,10.226,7.868,9.610
302,1,1,8.879,10.173,7.803,9.642
303,1,1,8.836,10.301,7.760,9.685
304,1,1,8.750,10.269,7.803,9.588
305,1,1,8.578,10.206,7.739,9.717
306,1,1,8.589,10.216,7.879,9.620
307,1,1,8.503,10.227,7.793,9.567
308,1,1,8.395,10.238,7.771,9.663
309,1,1,8.255,10.281,7.717,9.663
310,1,1,8.148,10.303,7.631,9.664
311,1,1,8.148,10.325,7.545,9.685
312,1,1,8.201,10.303,7.491,9.643
313,1,1,8.202,10.335,7.340,9.633
314,1,1,8.223,10.335,7.211,9.654
315,1,1,8.202,10.367,7.190,9.708
316,1,1,8.255,10.324,7.157,9.687
317,1,1,8.137,10.367,7.082,9.708
318,1,1,8.169,10.378,7.093,9.697
319,1,1,8.180,10.356,7.125,9.676
320,1,1,8.105,10.346,7.114,9.772
321,1,1,7.954,10.325,7.050,9.751
322,1,1,7.846,10.347,7.136,9.751
323,1,1,7.782,10.347,7.114,9.751
324,1,1,7.685,10.358,7.104,9.847
325,1,1,7.567,10.412,6.942,9.751
326,1,1,7.470,10.434,6.910,9.730
327,1,1,7.513,10.391,6.888,9.773
328,1,1,7.556,10.412,6.737,9.752
329,1,1,7.437,10.391,6.705,9.795
330,1,1,7.437,10.423,6.533,9.849
331,1,1,7.502,10.359,6.468,9.870
332,1,1,7.523,10.369,6.403,9.903
333,1,1,7.427,10.423,6.349,9.807
334,1,1,7.448,10.402,6.371,9.828
335,1,1,7.416,10.423,6.339,9.828
336,1,1,7.243,10.424,6.317,9.807
337,1,1,7.243,10.424,6.360,9.892
338,1,1,7.168,10.403,6.349,9.828
339,1,1,7.147,10.424,6.349,9.807
340,1,1,6.942,10.393,6.296,9.775
341,1,1,6.920,10.393,6.296,9.753
342,1,1,6.780,10.404,6.220,9.828
343,1,1,6.716,10.511,6.177,9.679
344,1,1,6.705,10.436,6.188,9.796
345,1,1,6.683,10.501,5.994,9.797
346,1,1,6.705,10.415,5.929,9.754
347,1,1,6.726,10.426,5.800,9.830
348,1,1,6.726,10.458,5.713,9.755
349,1,1,6.629,10.394,5.767,9.776
350,1,1,6.716,10.415,5.724,9.798
351,1,1,6.629,10.415,5.681,9.777
352,1,1,6.608,10.372,5.703,9.777
353,1,1,6.597,10.394,5.627,9.713
354,1,1,6.597,10.426,5.670,9.830
355,1,1,6.565,10.373,5.638,9.755
356,1,1,6.436,10.427,5.616,9.830
357,1,1,6.274,10.416,5.584,9.798
358,1,1,6.166,10.449,5.519,9.766
359,1,1,6.155,10.406,5.552,9.895
360,1,1,6.069,10.481,5.422,9.777
361,1,1,6.091,10.428,5.379,9.852
362,1,1,6.112,10.449,5.271,9.853
363,1,1,6.069,10.428,5.228,9.853
364,1,1,6.015,10.428,5.066,9.853
365,1,1,6.069,10.406,5.077,9.896
366,1,1,5.994,10.503,5.045,9.821
367,1,1,5.940,10.450,5.034,9.747
368,1,1,5.940,10.396,4.883,9.758
369,1,1,5.886,10.343,4.937,9.832
370,1,1,5.800,10.418,4.937,9.736
371,1,1,5.778,10.375,4.937,9.800
372,1,1,5.616,10.504,4.904,9.843
373,1,1,5.627,10.354,5.002,9.779
374,1,1,5.551,10.451,4.969,9.854
375,1,1,5.551,10.440,4.904,9.736
376,1,1,5.487,10.462,4.969,9.800
377,1,1,5.573,10.355,4.883,9.801
378,1,1,5.465,10.441,4.926,9.800
379,1,1,5.487,10.323,4.818,9.811
380,1,1,5.487,10.430,4.861,9.811
381,1,1,5.422,10.441,4.840,9.801
382,1,1,5.444,10.376,4.797,9.801
383,1,1,5.422,10.398,4.775,9.737
384,1,1,5.379,10.323,4.775,9.854
385,1,1,5.357,10.387,4.753,9.640
386,1,1,5.401,10.334,4.667,9.801
387,1,1,5.401,10.398,4.624,9.694
388,1,1,5.444,10.334,4.645,9.737
389,1,1,5.487,10.408,4.667,9.705
390,1,1,5.465,10.441,4.516,9.737
391,1,1,5.422,10.473,4.624,9.684
392,1,1,5.487,10.483,4.667,9.801
393,1,1,5.519,10.483,4.570,9.566
394,1,1,5.498,10.451,4.548,9.662
395,1,1,5.498,10.505,4.592,9.630
396,1,1,5.454,10.483,4.678,9.566
397,1,1,5.487,10.494,4.710,9.683
398,1,1,5.508,10.537,4.689,9.662
399,1,1,5.487,10.537,4.732,9.662
400,1,1,5.530,10.515,4.775,9.683
401,1,1,5.519,10.483,4.829,9.758
402,1,1,5.433,10.483,4.829,9.779
403,1,1,5.454,10.537,4.786,9.833
404,1,1,5.530,10.430,4.818,9.854
405,1,1,5.444,10.569,4.861,9.758
406,1,1,5.508,10.483,4.797,9.908
407,1,1,5.390,10.451,4.915,9.811
408,1,1,5.519,10.451,4.850,9.961
409,1,1,5.519,10.483,4.937,9.886
410,1,1,5.444,10.473,4.904,9.875
411,1,1,5.562,10.515,4.958,9.918
0,2,1,23.733,8.564,22.564,7.888
1,2,1,23.680,8.554,22.489,7.857
2,2,1,23.606,8.628,22.500,7.910
3,2,1,23.595,8.586,22.468,7.804
4,2,1,23.584,8.554,22.479,7.857
5,2,1,23.521,8.586,22.457,7.782
6,2,1,23.468,8.618,22.489,7.835
7,2,1,23.457,8.639,22.500,7.857
8,2,1,23.447,8.629,22.489,7.804
9,2,1,23.425,8.671,22.468,7.782
10,2,1,23.362,8.671,22.489,7.719
11,2,1,23.341,8.682,22.362,7.836
12,2,1,23.266,8.671,22.224,7.847
13,2,1,23.287,8.629,22.096,7.804
14,2,1,23.234,8.682,22.043,7.836
15,2,1,23.170,8.566,21.894,7.762
16,2,1,23.160,8.597,21.926,7.815
17,2,1,23.086,8.555,21.852,7.858
18,2,1,23.054,8.598,21.820,7.858
19,2,1,22.979,8.577,21.767,7.816
20,2,1,22.895,8.662,21.767,7.858
21,2,1,22.916,8.577,21.703,7.837
22,2,1,22.820,8.577,21.714,7.837
23,2,1,22.905,8.588,21.714,7.805
24,2,1,22.778,8.556,21.735,7.816
25,2,1,22.746,8.556,21.682,7.858
26,2,1,22.703,8.577,21.725,7.880
27,2,1,22.672,8.599,21.693,7.837
28,2,1,22.587,8.599,21.735,7.816
29,2,1,22.555,8.557,21.767,7.837
30,2,1,22.512,8.620,21.661,7.858
31,2,1,22.470,8.621,21.491,7.838
32,2,1,22.470,8.663,21.300,7.859
33,2,1,22.438,8.578,21.225,7.817
34,2,1,22.353,8.600,21.076,7.817
35,2,1,22.236,8.621,20.959,7.860
36,2,1,22.204,8.611,20.991,7.913
37,2,1,22.162,8.621,20.970,7.902
38,2,1,22.141,8.621,20.991,7.860
39,2,1,22.119,8.579,20.970,7.839
40,2,1,22.066,8.558,20.917,7.860
41,2,1,22.056,8.558,20.927,7.818
42,2,1,22.013,8.558,20.927,7.839
43,2,1,21.928,8.590,20.927,7.807
44,2,1,21.854,8.580,20.917,7.860
45,2,1,21.811,8.537,20.917,7.754
46,2,1,21.779,8.569,20.927,7.807
47,2,1,21.694,8.559,20.949,7.818
48,2,1,21.663,8.623,20.895,7.839
49,2,1,21.631,8.601,20.800,7.818
50,2,1,21.588,8.591,20.651,7.786
51,2,1,21.546,8.591,20.523,7.808
52,2,1,21.492,8.602,20.427,7.819
53,2,1,21.450,8.517,20.321,7.798
54,2,1,21.429,8.570,20.236,7.809
55,2,1,21.376,8.613,20.183,7.809
56,2,1,21.312,8.560,20.225,7.819
57,2,1,21.269,8.539,20.140,7.798
58,2,1,21.237,8.603,20.172,7.819
59,2,1,21.142,8.582,20.119,7.862
60,2,1,21.078,8.624,20.140,7.883
61,2,1,21.078,8.560,20.183,7.734
62,2,1,21.035,8.539,20.183,7.777
63,2,1,20.950,8.593,20.140,7.788
64,2,1,20.886,8.582,20.119,7.862
65,2,1,20.886,8.540,20.119,7.798
66,2,1,20.791,8.540,20.087,7.862
67,2,1,20.791,8.540,19.917,7.777
68,2,1,20.695,8.593,19.757,7.788
69,2,1,20.663,8.540,19.597,7.842
70,2,1,20.567,8.572,19.502,7.874
71,2,1,20.599,8.551,19.470,7.853
72,2,1,20.535,8.551,19.406,7.895
73,2,1,20.546,8.541,19.395,7.842
74,2,1,20.472,8.583,19.363,7.821
75,2,1,20.418,8.562,19.353,7.842
76,2,1,20.503,8.519,19.374,7.842
77,2,1,20.354,8.520,19.267,7.843
78,2,1,20.344,8.488,19.278,7.768
79,2,1,20.248,8.509,19.267,7.768
80,2,1,20.237,8.488,19.278,7.705
81,2,1,20.088,8.521,19.320,7.736
82,2,1,20.025,8.542,19.299,7.779
83,2,1,20.024,8.521,19.278,7.736
84,2,1,19.961,8.489,19.257,7.726
85,2,1,19.950,8.574,19.118,7.747
86,2,1,19.897,8.521,18.937,7.737
87,2,1,19.822,8.532,18.777,7.727
88,2,1,19.790,8.511,18.639,7.685
89,2,1,19.673,8.490,18.564,7.706
90,2,1,19.705,8.500,18.575,7.759
91,2,1,19.599,8.469,18.532,7.685
92,2,1,19.631,8.469,18.521,7.685
93,2,1,19.630,8.426,18.415,7.685
94,2,1,19.545,8.469,18.500,7.685
95,2,1,19.545,8.437,18.436,7.696
96,2,1,19.407,8.490,18.468,7.664
97,2,1,19.364,8.448,18.447,7.706
98,2,1,19.332,8.427,18.500,7.685
99,2,1,19.268,8.438,18.415,7.738
100,2,1,19.162,8.449,18.436,7.728
101,2,1,19.130,8.427,18.447,7.643
102,2,1,19.087,8.449,18.383,7.685
103,2,1,19.045,8.428,18.234,7.707
104,2,1,19.023,8.428,18.042,7.750
105,2,1,18.959,8.407,17.893,7.729
106,2,1,18.938,8.449,17.829,7.665
107,2,1,18.896,8.449,17.765,7.687
108,2,1,18.821,8.471,17.733,7.708
109,2,1,18.853,8.449,17.701,7.665
110,2,1,18.874,8.449,17.679,7.708
111,2,1,18.842,8.428,17.647,7.687
112,2,1,18.789,8.471,17.658,7.708
113,2,1,18.714,8.428,17.669,7.687
114,2,1,18.682,8.428,17.615,7.708
115,2,1,18.565,8.429,17.583,7.687
116,2,1,18.501,8.397,17.647,7.655
117,2,1,18.416,8.440,17.626,7.655
118,2,1,18.363,8.493,17.637,7.666
119,2,1,18.374,8.482,17.604,7.613
120,2,1,18.299,8.504,17.636,7.591
121,2,1,18.224,8.472,17.562,7.538
122,2,1,18.171,8.483,17.359,7.656
123,2,1,18.128,8.462,17.253,7.635
124,2,1,18.096,8.430,17.028,7.646
125,2,1,18.128,8.430,17.039,7.688
126,2,1,18.022,8.356,16.996,7.656
127,2,1,18.043,8.441,16.975,7.635
128,2,1,18.107,8.377,16.954,7.614
129,2,1,17.968,8.420,16.900,7.572
130,2,1,18.000,8.366,16.868,7.667
131,2,1,17.926,8.335,16.879,7.635
132,2,1,18.000,8.345,16.847,7.710
133,2,1,17.862,8.346,16.900,7.603
134,2,1,17.819,8.356,16.836,7.614
135,2,1,17.691,8.420,16.900,7.593
136,2,1,17.638,8.357,16.868,7.614
137,2,1,17.563,8.368,16.879,7.603
138,2,1,17.510,8.336,16.868,7.635
139,2,1,17.531,8.346,16.826,7.604
140,2,1,17.499,8.389,16.687,7.561
141,2,1,17.350,8.400,16.537,7.572
142,2,1,17.360,8.347,16.420,7.647
143,2,1,17.499,8.315,16.431,7.785
144,2,1,17.339,8.347,16.249,7.626
145,2,1,17.403,8.379,16.185,7.658
146,2,1,17.424,8.379,16.228,7.679
147,2,1,17.296,8.368,16.121,7.584
148,2,1,17.403,8.379,16.121,7.658
149,2,1,17.286,8.347,16.153,7.605
150,2,1,17.350,8.326,16.153,7.605
151,2,1,17.318,8.368,16.121,7.584
152,2,1,17.179,8.315,16.089,7.637
153,2,1,17.126,8.347,16.057,7.627
154,2,1,16.955,8.433,16.121,7.690
155,2,1,16.902,8.465,16.068,7.595
156,2,1,16.795,8.486,16.110,7.616
157,2,1,16.710,8.508,16.153,7.594
158,2,1,16.699,8.508,16.078,7.595
159,2,1,16.731,8.423,15.918,7.616
160,2,1,16.699,8.370,15.737,7.606
161,2,1,16.635,8.380,15.566,7.596
162,2,1,16.613,8.381,15.502,7.617
163,2,1,16.571,8.413,15.437,7.649
164,2,1,16.549,8.423,15.352,7.617
165,2,1,16.539,8.402,15.448,7.596
166,2,1,16.517,8.360,15.427,7.617
167,2,1,16.517,8.391,15.363,7.585
168,2,1,16.442,8.381,15.395,7.639
169,2,1,16.464,8.402,15.373,7.596
170,2,1,16.357,8.381,15.373,7.617
171,2,1,16.293,8.381,15.373,7.639
172,2,1,16.186,8.360,15.352,7.617
173,2,1,16.133,8.403,15.427,7.660
174,2,1,16.090,8.371,15.384,7.564
175,2,1,16.101,8.424,15.352,7.575
176,2,1,15.962,8.403,15.320,7.617
177,2,1,15.994,8.382,15.138,7.597
178,2,1,15.930,8.446,14.989,7.639
179,2,1,15.962,8.489,14.892,7.597
180,2,1,15.898,8.425,14.743,7.555
181,2,1,15.823,8.446,14.732,7.661
182,2,1,15.823,8.478,14.689,7.651
183,2,1,15.844,8.446,14.668,7.640
184,2,1,15.812,8.425,14.657,7.598
185,2,1,15.887,8.425,14.604,7.640
186,2,1,15.802,8.383,14.604,7.640
187,2,1,15.727,8.361,14.636,7.640
188,2,1,15.631,8.351,14.561,7.694
189,2,1,15.631,8.404,14.604,7.598
190,2,1,15.641,8.394,14.593,7.566
191,2,1,15.502,8.373,14.668,7.608
192,2,1,15.438,8.405,14.646,7.576
193,2,1,15.299,8.405,14.636,7.534
194,2,1,15.182,8.405,14.604,7.513
195,2,1,15.139,8.437,14.497,7.545
196,2,1,15.096,8.438,14.390,7.524
197,2,1,15.171,8.427,14.315,7.556
198,2,1,15.096,8.416,14.133,7.567
199,2,1,15.096,8.448,14.026,7.556
200,2,1,15.064,8.363,13.994,7.599
201,2,1,15.043,8.406,13.951,7.535
202,2,1,14.925,8.459,13.940,7.652
203,2,1,15.011,8.363,13.898,7.621
204,2,1,15.064,8.384,13.908,7.621
205,2,1,14.989,8.406,13.919,7.599
206,2,1,14.968,8.417,13.898,7.567
207,2,1,14.893,8.385,13.865,7.514
208,2,1,14.733,8.353,13.876,7.567
209,2,1,14.679,8.364,13.887,7.557
210,2,1,14.562,8.322,13.940,7.620
211,2,1,14.530,8.375,13.759,7.610
212,2,1,14.487,8.365,13.865,7.535
213,2,1,14.465,8.354,13.823,7.567
214,2,1,14.433,8.375,13.726,7.589
215,2,1,14.455,8.343,13.534,7.557
216,2,1,14.444,8.386,13.437,7.515
217,2,1,14.348,8.408,13.277,7.601
218,2,1,14.316,8.408,13.159,7.537
219,2,1,14.326,8.397,13.191,7.590
220,2,1,14.326,8.440,13.191,7.548
221,2,1,14.262,8.386,13.170,7.622
222,2,1,14.230,8.450,13.095,7.644
223,2,1,14.316,8.333,13.159,7.633
224,2,1,14.241,8.386,13.148,7.622
225,2,1,14.198,8.429,13.234,7.643
226,2,1,14.198,8.333,13.170,7.590
227,2,1,14.080,8.355,13.138,7.612
228,2,1,14.027,8.323,13.191,7.516
229,2,1,13.898,8.377,13.106,7.612
230,2,1,13.674,8.356,13.202,7.697
231,2,1,13.727,8.484,13.148,7.654
232,2,1,13.588,8.495,13.116,7.622
233,2,1,13.620,8.516,12.913,7.559
234,2,1,13.599,8.612,12.891,7.569
235,2,1,13.610,8.569,12.795,7.655
236,2,1,13.588,8.591,12.645,7.677
237,2,1,13.535,8.548,12.570,7.677
238,2,1,13.460,8.548,12.602,7.677
239,2,1,13.470,8.591,12.549,7.677
240,2,1,13.438,8.602,12.495,7.688
241,2,1,13.438,8.602,12.495,7.666
242,2,1,13.492,8.601,12.442,7.688
243,2,1,13.417,8.602,12.474,7.688
244,2,1,13.074,8.645,12.516,7.666
245,2,1,13.128,8.613,12.442,7.805
246,2,1,13.042,8.613,12.527,7.783
247,2,1,13.031,8.592,12.452,7.784
248,2,1,13.042,8.677,12.484,7.762
249,2,1,12.999,8.603,12.356,7.730
250,2,1,12.978,8.688,12.334,7.837
251,2,1,12.989,8.677,12.281,7.763
252,2,1,12.946,8.709,12.131,7.859
253,2,1,12.892,8.742,11.992,7.870
254,2,1,12.946,8.741,11.874,7.913
255,2,1,12.839,8.827,11.831,7.892
256,2,1,12.807,8.816,11.799,7.988
257,2,1,12.924,8.752,11.766,7.945
258,2,1,12.882,8.731,11.766,7.966
259,2,1,12.892,8.763,11.756,7.892
260,2,1,12.860,8.795,11.681,8.009
261,2,1,12.860,8.710,11.681,7.945
262,2,1,12.807,8.699,11.691,7.934
263,2,1,12.785,8.731,11.713,7.966
264,2,1,12.635,8.721,11.713,8.020
265,2,1,12.507,8.721,11.734,8.020
266,2,1,12.399,8.754,11.777,7.945
267,2,1,12.335,8.796,11.691,7.966
268,2,1,12.357,8.839,11.670,7.945
269,2,1,12.207,8.935,11.627,7.977
270,2,1,12.153,8.946,11.531,7.945
271,2,1,12.153,8.967,11.466,7.924
272,2,1,12.089,9.000,11.273,7.978
273,2,1,12.153,8.978,11.209,7.978
274,2,1,12.089,8.946,11.123,7.946
275,2,1,12.057,8.925,11.069,8.011
276,2,1,12.099,8.946,11.026,8.032
277,2,1,12.153,8.903,11.016,8.011
278,2,1,12.089,8.978,11.016,8.107
279,2,1,12.078,8.946,11.026,8.032
280,2,1,12.003,8.915,11.016,8.107
281,2,1,11.982,8.915,11.059,8.128
282,2,1,11.778,8.926,11.069,8.096
283,2,1,11.746,8.883,11.037,8.075
284,2,1,11.574,8.937,11.016,8.149
285,2,1,11.488,8.916,11.016,8.171
286,2,1,11.467,9.012,11.016,8.053
287,2,1,11.553,8.916,10.951,8.213
288,2,1,11.574,8.926,10.866,8.203
289,2,1,11.467,8.927,10.672,8.203
290,2,1,11.413,8.980,10.576,8.193
291,2,1,11.424,9.001,10.479,8.193
292,2,1,11.424,8.980,10.350,8.194
293,2,1,11.424,9.033,10.350,8.162
294,2,1,11.424,9.055,10.393,8.161
295,2,1,11.478,9.033,10.340,8.119
296,2,1,11.424,9.001,10.350,8.258
297,2,1,11.360,8.970,10.265,8.268
298,2,1,11.381,8.970,10.329,8.204
299,2,1,11.349,9.002,10.275,8.236
300,2,1,11.274,8.938,10.286,8.258
301,2,1,11.091,8.949,10.254,8.204
302,2,1,11.134,9.002,10.275,8.258
303,2,1,10.952,9.035,10.286,8.204
304,2,1,10.834,9.067,10.275,8.258
305,2,1,10.769,8.993,10.211,8.290
306,2,1,10.737,9.110,10.200,8.215
307,2,1,10.673,9.153,10.114,8.215
308,2,1,10.684,9.110,9.996,8.237
309,2,1,10.641,9.078,9.846,8.312
310,2,1,10.673,9.132,9.749,8.238
311,2,1,10.748,9.078,9.717,8.312
312,2,1,10.748,9.131,9.631,8.217
313,2,1,10.641,9.110,9.545,8.302
314,2,1,10.748,9.078,9.674,8.355
315,2,1,10.748,9.057,9.567,8.313
316,2,1,10.716,9.121,9.663,8.291
317,2,1,10.651,9.121,9.534,8.292
318,2,1,10.544,9.100,9.620,8.334
319,2,1,10.480,9.079,9.642,8.313
320,2,1,10.351,9.143,9.620,8.355
321,2,1,10.329,9.122,9.599,8.419
322,2,1,10.265,9.122,9.556,8.356
323,2,1,10.147,9.186,9.459,8.398
324,2,1,10.029,9.144,9.427,8.313
325,2,1,10.007,9.080,9.384,8.441
326,2,1,10.007,9.155,9.427,8.495
327,2,1,9.975,9.208,9.266,8.420
328,2,1,9.964,9.155,9.126,8.367
329,2,1,9.986,9.230,9.040,8.400
330,2,1,10.007,9.208,8.997,8.421
331,2,1,10.029,9.165,8.954,8.485
332,2,1,9.954,9.144,8.879,8.400
333,2,1,9.975,9.166,8.879,8.379
334,2,1,10.029,9.080,8.868,8.400
335,2,1,9.964,9.102,8.825,8.379
336,2,1,9.900,9.080,8.825,8.400
337,2,1,9.889,9.080,8.879,8.443
338,2,1,9.857,9.059,8.868,8.357
339,2,1,9.620,9.102,8.847,8.315
340,2,1,9.696,9.145,8.857,8.315
341,2,1,9.621,9.156,8.847,8.283
342,2,1,9.459,9.188,8.793,8.251
343,2,1,9.309,9.231,8.793,8.251
344,2,1,9.277,9.146,8.761,8.293
345,2,1,9.201,9.146,8.664,8.294
346,2,1,9.298,9.157,8.653,8.326
347,2,1,9.298,9.103,8.502,8.315
348,2,1,9.169,9.157,8.438,8.348
349,2,1,9.223,9.104,8.320,8.295
350,2,1,9.148,9.082,8.309,8.316
351,2,1,9.201,9.061,8.212,8.359
352,2,1,9.212,9.146,8.158,8.295
353,2,1,9.298,9.082,8.287,8.359
354,2,1,9.234,9.040,8.201,8.338
355,2,1,9.191,9.104,8.094,8.338
356,2,1,9.115,9.083,8.212,8.295
357,2,1,9.072,9.104,8.148,8.338
358,2,1,9.072,9.072,8.234,8.370
359,2,1,9.008,9.126,8.105,8.295
360,2,1,8.857,9.083,8.212,8.338
361,2,1,8.804,9.041,8.180,8.338
362,2,1,8.685,9.020,8.148,8.316
363,2,1,8.664,9.020,8.148,8.338
364,2,1,8.685,9.030,8.083,8.263
365,2,1,8.675,9.062,8.029,8.317
366,2,1,8.664,9.137,7.954,8.263
367,2,1,8.589,9.020,7.879,8.360
368,2,1,8.589,9.105,7.771,8.403
369,2,1,8.546,9.084,7.599,8.382
370,2,1,8.664,9.084,7.545,8.382
371,2,1,8.513,9.052,7.588,8.286
372,2,1,8.589,9.041,7.620,8.339
373,2,1,8.567,9.041,7.577,8.382
374,2,1,8.546,9.052,7.556,8.264
375,2,1,8.513,9.063,7.545,8.361
376,2,1,8.535,9.009,7.567,8.286
377,2,1,8.503,8.988,7.534,8.286
378,2,1,8.406,9.010,7.523,8.222
379,2,1,8.417,9.020,7.577,8.339
380,2,1,8.309,9.010,7.513,8.222
381,2,1,8.223,8.989,7.448,8.265
382,2,1,8.148,9.032,7.437,8.265
383,2,1,8.094,8.957,7.384,8.318
384,2,1,7.900,9.033,7.319,8.265
385,2,1,7.836,9.054,7.384,8.201
386,2,1,7.782,9.022,7.330,8.190
387,2,1,7.911,8.990,7.201,8.201
388,2,1,7.857,9.054,7.147,8.223
389,2,1,7.900,8.990,6.996,8.223
390,2,1,7.911,8.958,6.899,8.255
391,2,1,7.857,8.979,6.888,8.213
392,2,1,7.922,9.065,6.867,8.191
393,2,1,7.793,8.969,6.888,8.266
394,2,1,7.782,9.033,6.921,8.287
395,2,1,7.846,8.990,6.899,8.266
396,2,1,7.857,9.033,6.867,8.266
397,2,1,7.825,9.065,6.770,8.363
398,2,1,7.782,8.958,6.856,8.341
399,2,1,7.696,9.022,6.856,8.320
400,2,1,7.663,8.991,6.824,8.245
401,2,1,7.599,9.033,6.845,8.223
402,2,1,7.459,9.066,6.878,8.341
403,2,1,7.384,9.087,6.802,8.341
404,2,1,7.319,9.013,6.759,8.266
405,2,1,7.244,9.002,6.748,8.341
406,2,1,7.157,9.013,6.641,8.267
407,2,1,7.201,9.077,6.727,8.288
408,2,1,7.201,9.067,6.468,8.363
409,2,1,7.233,9.088,6.436,8.342
410,2,1,7.222,9.088,6.382,8.385
411,2,1,7.319,9.045,6.350,8.342
0,3,1,24.991,7.385,24.311,6.390
1,3,1,24.991,7.342,24.057,6.560
2,3,1,24.896,7.321,23.982,6.496
3,3,1,24.853,7.321,23.813,6.539
4,3,1,24.800,7.258,23.590,6.539
5,3,1,24.779,7.279,23.654,6.539
6,3,1,24.758,7.258,23.611,6.539
7,3,1,24.694,7.216,23.632,6.518
8,3,1,24.716,7.258,23.568,6.391
9,3,1,24.663,7.279,23.579,6.540
10,3,1,24.610,7.279,23.526,6.518
11,3,1,24.504,7.258,23.590,6.518
12,3,1,24.461,7.280,23.548,6.540
13,3,1,24.387,7.259,23.579,6.518
14,3,1,24.313,7.269,23.547,6.487
15,3,1,24.249,7.280,23.569,6.540
16,3,1,24.217,7.291,23.452,6.593
17,3,1,24.196,7.270,23.304,6.572
18,3,1,24.122,7.259,23.145,6.625
19,3,1,24.048,7.312,22.964,6.615
20,3,1,23.995,7.312,22.932,6.615
21,3,1,23.984,7.260,22.816,6.562
22,3,1,23.984,7.281,22.773,6.562
23,3,1,23.878,7.302,22.709,6.520
24,3,1,23.846,7.270,22.720,6.573
25,3,1,23.783,7.313,22.720,6.615
26,3,1,23.709,7.292,22.709,6.594
27,3,1,23.634,7.324,22.720,6.520
28,3,1,23.592,7.313,22.762,6.530
29,3,1,23.528,7.345,22.720,6.562
30,3,1,23.465,7.345,22.678,6.562
31,3,1,23.486,7.388,22.593,6.499
32,3,1,23.422,7.377,22.508,6.594
33,3,1,23.327,7.420,22.306,6.531
34,3,1,23.295,7.441,22.147,6.553
35,3,1,23.178,7.410,22.094,6.584
36,3,1,23.168,7.452,21.998,6.479
37,3,1,23.157,7.399,21.966,6.574
38,3,1,23.083,7.389,21.892,6.564
39,3,1,23.019,7.421,21.913,6.532
40,3,1,23.009,7.410,21.924,6.585
41,3,1,22.945,7.410,21.924,6.606
42,3,1,22.839,7.368,21.924,6.585
43,3,1,22.743,7.432,21.913,6.648
44,3,1,22.658,7.411,21.955,6.521
45,3,1,22.626,7.400,21.987,6.574
46,3,1,22.552,7.379,21.849,6.617
47,3,1,22.520,7.358,21.690,6.681
48,3,1,22.467,7.358,21.573,6.723
49,3,1,22.393,7.358,21.414,6.745
50,3,1,22.340,7.380,21.255,6.703
51,3,1,22.319,7.433,21.233,6.734
52,3,1,22.255,7.358,21.191,6.724
53,3,1,22.265,7.433,21.138,6.735
54,3,1,22.276,7.390,21.106,6.798
55,3,1,22.212,7.422,21.063,6.724
56,3,1,22.117,7.391,21.053,6.798
57,3,1,22.011,7.433,21.074,6.629
58,3,1,21.872,7.423,21.106,6.724
59,3,1,21.777,7.487,21.053,6.682
60,3,1,21.841,7.434,21.138,6.671
61,3,1,21.660,7.498,21.106,6.671
62,3,1,21.767,7.561,21.020,6.565
63,3,1,21.628,7.540,20.797,6.629
64,3,1,21.511,7.562,20.680,6.629
65,3,1,21.522,7.509,20.542,6.704
66,3,1,21.501,7.509,20.351,6.704
67,3,1,21.448,7.519,20.404,6.630
68,3,1,21.416,7.445,20.351,6.725
69,3,1,21.437,7.466,20.266,6.683
70,3,1,21.405,7.498,20.255,6.694
71,3,1,21.331,7.456,20.223,6.757
72,3,1,21.192,7.477,20.213,6.758
73,3,1,21.075,7.467,20.244,6.704
74,3,1,20.991,7.520,20.266,6.779
75,3,1,20.916,7.457,20.276,6.672
76,3,1,20.905,7.478,20.245,6.757
77,3,1,20.810,7.489,20.170,6.789
78,3,1,20.756,7.425,20.032,6.832
79,3,1,20.725,7.468,19.894,6.811
80,3,1,20.671,7.436,19.713,6.801
81,3,1,20.597,7.489,19.596,6.812
82,3,1,20.554,7.436,19.574,6.801
83,3,1,20.554,7.415,19.510,6.759
84,3,1,20.512,7.362,19.468,6.685
85,3,1,20.544,7.436,19.351,6.759
86,3,1,20.490,7.383,19.425,6.706
87,3,1,20.459,7.383,19.350,6.685
88,3,1,20.235,7.394,19.468,6.759
89,3,1,20.267,7.384,19.308,6.685
90,3,1,20.107,7.384,19.404,6.621
91,3,1,20.086,7.480,19.425,6.589
92,3,1,20.054,7.405,19.350,6.579
93,3,1,19.948,7.480,19.244,6.483
94,3,1,19.884,7.459,19.116,6.653
95,3,1,19.863,7.459,19.010,6.568
96,3,1,19.820,7.448,18.775,6.516
97,3,1,19.841,7.406,18.690,6.580
98,3,1,19.724,7.364,18.658,6.601
99,3,1,19.724,7.321,18.658,6.622
100,3,1,19.724,7.374,18.615,6.590
101,3,1,19.671,7.364,18.520,6.644
102,3,1,19.618,7.364,18.573,6.644
103,3,1,19.565,7.353,18.520,6.569
104,3,1,19.458,7.364,18.520,6.601
105,3,1,19.309,7.354,18.583,6.569
106,3,1,19.192,7.322,18.594,6.622
107,3,1,19.213,7.312,18.509,6.569
108,3,1,19.096,7.333,18.520,6.654
109,3,1,19.053,7.323,18.434,6.686
110,3,1,19.064,7.344,18.253,6.687
111,3,1,19.021,7.323,18.040,6.687
112,3,1,18.947,7.323,17.966,6.687
113,3,1,18.968,7.312,17.902,6.655
114,3,1,18.947,7.376,17.816,6.677
115,3,1,18.862,7.323,17.795,6.709
116,3,1,18.862,7.302,17.795,6.687
117,3,1,18.883,7.280,17.710,6.688
118,3,1,18.744,7.281,17.806,6.666
119,3,1,18.617,7.313,17.784,6.656
120,3,1,18.521,7.302,17.774,6.624
121,3,1,18.425,7.356,17.763,6.656
122,3,1,18.393,7.345,17.752,6.602
123,3,1,18.318,7.313,17.720,6.486
124,3,1,18.297,7.335,17.635,6.571
125,3,1,18.233,7.388,17.507,6.454
126,3,1,18.159,7.356,17.368,6.550
127,3,1,18.169,7.399,17.166,6.508
128,3,1,18.105,7.356,17.123,6.508
129,3,1,18.095,7.378,16.984,6.593
130,3,1,18.126,7.314,16.931,6.572
131,3,1,18.073,7.303,16.920,6.604
132,3,1,18.073,7.356,16.899,6.530
133,3,1,17.988,7.293,16.920,6.508
134,3,1,17.807,7.304,16.888,6.604
135,3,1,17.732,7.325,16.963,6.604
136,3,1,17.625,7.357,16.963,6.529
137,3,1,17.572,7.315,16.974,6.551
138,3,1,17.540,7.315,16.856,6.508
139,3,1,17.444,7.294,16.803,6.572
140,3,1,17.423,7.273,16.654,6.615
141,3,1,17.401,7.315,16.547,6.573
142,3,1,17.359,7.273,16.376,6.615
143,3,1,17.423,7.400,16.205,6.765
144,3,1,17.401,7.283,16.184,6.669
145,3,1,17.241,7.326,16.131,6.733
146,3,1,17.284,7.337,16.088,6.637
147,3,1,17.231,7.369,16.077,6.690
148,3,1,17.231,7.369,16.099,6.690
149,3,1,17.167,7.358,16.098,6.637
150,3,1,16.985,7.369,16.088,6.712
151,3,1,16.921,7.369,16.088,6.648
152,3,1,16.857,7.433,16.131,6.690
153,3,1,16.676,7.434,16.098,6.563
154,3,1,16.644,7.498,16.002,6.584
155,3,1,16.644,7.572,15.853,6.616
156,3,1,16.601,7.508,15.789,6.595
157,3,1,16.559,7.508,15.639,6.595
158,3,1,16.516,7.487,15.468,6.617
159,3,1,16.559,7.487,15.447,6.596
160,3,1,16.441,7.498,15.394,6.692
161,3,1,16.473,7.466,15.383,6.681
162,3,1,16.484,7.541,15.351,6.756
163,3,1,16.420,7.487,15.329,6.660
164,3,1,16.313,7.541,15.308,6.713
165,3,1,16.238,7.509,15.340,6.745
166,3,1,16.089,7.541,15.319,6.734
167,3,1,16.004,7.531,15.383,6.724
168,3,1,15.929,7.563,15.308,6.777
169,3,1,15.918,7.478,15.212,6.777
170,3,1,15.811,7.499,15.212,6.798
171,3,1,15.822,7.510,15.030,6.809
172,3,1,15.779,7.478,14.859,6.756
173,3,1,15.779,7.499,14.731,6.735
174,3,1,15.736,7.531,14.667,6.831
175,3,1,15.694,7.542,14.603,6.778
176,3,1,15.672,7.500,14.581,6.821
177,3,1,15.694,7.478,14.560,6.778
178,3,1,15.662,7.542,14.592,6.842
179,3,1,15.587,7.500,14.539,6.800
180,3,1,15.512,7.479,14.528,6.821
181,3,1,15.469,7.564,14.571,6.821
182,3,1,15.245,7.543,14.581,6.757
183,3,1,15.234,7.522,14.549,6.736
184,3,1,15.224,7.543,14.453,6.757
185,3,1,15.095,7.543,14.389,6.715
186,3,1,15.085,7.543,14.293,6.672
187,3,1,14.988,7.544,14.132,6.673
188,3,1,14.956,7.544,14.014,6.673
189,3,1,14.914,7.576,13.886,6.684
190,3,1,14.978,7.533,13.843,6.726
191,3,1,14.956,7.501,13.800,6.694
192,3,1,14.999,7.490,13.758,6.769
193,3,1,14.946,7.544,13.726,6.695
194,3,1,14.871,7.491,13.694,6.769
195,3,1,14.678,7.480,13.779,6.737
196,3,1,14.668,7.481,13.768,6.737
197,3,1,14.507,7.523,13.736,6.737
198,3,1,14.443,7.524,13.758,6.716
199,3,1,14.336,7.513,13.694,6.769
200,3,1,14.261,7.503,13.576,6.823
201,3,1,14.240,7.449,13.597,6.791
202,3,1,14.197,7.450,13.490,6.769
203,3,1,14.186,7.471,13.351,6.876
204,3,1,14.101,7.439,13.116,6.845
205,3,1,14.176,7.460,13.126,6.717
206,3,1,14.154,7.450,13.019,6.813
207,3,1,14.208,7.460,12.901,6.824
208,3,1,14.090,7.428,12.976,6.770
209,3,1,14.111,7.428,12.955,6.813
210,3,1,13.994,7.386,12.966,6.834
211,3,1,13.897,7.386,12.912,6.792
212,3,1,13.758,7.450,12.944,6.749
213,3,1,13.694,7.461,12.987,6.738
214,3,1,13.544,7.536,12.944,6.728
215,3,1,13.395,7.526,12.944,6.739
216,3,1,13.395,7.600,12.837,6.707
217,3,1,13.320,7.601,12.762,6.707
218,3,1,13.352,7.547,12.644,6.718
219,3,1,13.234,7.579,12.334,6.686
220,3,1,13.255,7.590,12.269,6.761
221,3,1,13.352,7.654,12.216,6.846
222,3,1,13.288,7.643,12.237,6.729
223,3,1,13.298,7.515,12.227,6.793
224,3,1,13.298,7.590,12.162,6.804
225,3,1,13.223,7.622,12.152,6.729
226,3,1,12.859,7.633,12.152,6.804
227,3,1,13.031,7.612,12.194,6.761
228,3,1,12.924,7.676,12.194,6.804
229,3,1,12.731,7.623,12.173,6.729
230,3,1,12.677,7.549,12.119,6.825
231,3,1,12.591,7.527,12.119,6.847
232,3,1,12.516,7.538,11.937,6.879
233,3,1,12.613,7.602,11.905,6.879
234,3,1,12.538,7.538,11.701,6.858
235,3,1,12.506,7.624,11.541,6.922
236,3,1,12.527,7.592,11.455,6.848
237,3,1,12.506,7.645,11.433,6.901
238,3,1,12.516,7.581,11.315,6.880
239,3,1,12.420,7.645,11.305,6.880
240,3,1,12.399,7.624,11.326,6.923
241,3,1,12.377,7.592,11.326,6.848
242,3,1,12.281,7.613,11.294,6.933
243,3,1,12.249,7.624,11.326,6.880
244,3,1,12.088,7.646,11.337,6.901
245,3,1,11.949,7.689,11.369,6.901
246,3,1,11.895,7.721,11.316,6.933
247,3,1,11.745,7.710,11.208,6.838
248,3,1,11.766,7.828,11.080,6.891
249,3,1,11.702,7.828,10.994,6.891
250,3,1,11.713,7.828,10.811,6.892
251,3,1,11.691,7.807,10.704,6.913
252,3,1,11.713,7.785,10.661,6.956
253,3,1,11.745,7.774,10.586,6.967
254,3,1,11.713,7.743,10.618,6.935
255,3,1,11.670,7.743,10.640,6.913
256,3,1,11.616,7.828,10.607,6.892
257,3,1,11.520,7.818,10.597,6.945
258,3,1,11.434,7.828,10.532,6.956
259,3,1,11.305,7.818,10.618,7.009
260,3,1,11.219,7.818,10.511,6.988
261,3,1,11.080,7.819,10.479,7.031
262,3,1,11.037,7.776,10.479,7.009
263,3,1,10.962,7.840,10.382,7.095
264,3,1,10.962,7.787,10.361,7.042
265,3,1,10.908,7.819,10.200,7.117
266,3,1,10.919,7.798,10.082,7.096
267,3,1,10.983,7.808,9.953,7.064
268,3,1,10.983,7.797,9.845,7.032
269,3,1,10.898,7.840,9.845,7.117
270,3,1,10.973,7.808,9.770,7.107
271,3,1,10.898,7.766,9.738,7.043
272,3,1,10.801,7.787,9.770,7.085
273,3,1,10.823,7.840,9.856,7.096
274,3,1,10.683,7.777,9.824,7.117
275,3,1,10.586,7.820,9.792,7.032
276,3,1,10.458,7.820,9.770,7.075
277,3,1,10.436,7.905,9.749,7.075
278,3,1,10.297,7.895,9.717,7.000
279,3,1,10.200,7.981,9.641,6.979
280,3,1,10.146,8.023,9.566,7.000
281,3,1,10.211,7.959,9.502,7.022
282,3,1,10.168,7.938,9.373,7.001
283,3,1,10.200,7.917,9.190,7.023
284,3,1,10.232,7.927,9.115,7.097
285,3,1,10.211,7.949,9.072,7.140
286,3,1,10.200,7.938,9.104,7.129
287,3,1,10.103,7.949,9.029,7.140
288,3,1,10.082,7.917,9.008,7.172
289,3,1,10.018,7.917,9.072,7.151
290,3,1,9.975,7.896,9.115,7.151
291,3,1,9.803,7.917,9.093,7.172
292,3,1,9.738,7.982,9.093,7.172
293,3,1,9.588,7.939,8.922,7.194
294,3,1,9.599,7.939,8.911,7.130
295,3,1,9.470,7.918,8.911,7.172
296,3,1,9.480,7.940,8.814,7.194
297,3,1,9.438,7.908,8.728,7.119
298,3,1,9.480,7.940,8.578,7.216
299,3,1,9.448,7.918,8.395,7.152
300,3,1,9.459,7.961,8.384,7.259
301,3,1,9.438,7.961,8.363,7.195
302,3,1,9.448,7.982,8.352,7.216
303,3,1,9.427,7.918,8.309,7.238
304,3,1,9.384,7.918,8.309,7.216
305,3,1,9.330,7.940,8.255,7.238
306,3,1,9.233,8.015,8.309,7.184
307,3,1,9.169,7.930,8.330,7.227
308,3,1,9.040,7.962,8.330,7.259
309,3,1,8.922,8.016,8.320,7.078
310,3,1,8.750,8.037,8.212,7.227
311,3,1,8.674,8.080,8.029,7.206
312,3,1,8.664,8.091,8.061,7.238
313,3,1,8.664,8.134,7.997,7.217
314,3,1,8.685,8.123,7.911,7.228
315,3,1,8.717,8.091,7.749,7.217
316,3,1,8.717,8.005,7.642,7.239
317,3,1,8.717,8.069,7.642,7.303
318,3,1,8.760,8.005,7.685,7.260
319,3,1,8.717,8.069,7.642,7.303
320,3,1,8.664,8.016,7.588,7.314
321,3,1,8.685,8.059,7.610,7.314
322,3,1,8.524,8.081,7.685,7.335
323,3,1,8.513,8.038,7.545,7.335
324,3,1,8.395,8.049,7.534,7.346
325,3,1,8.234,8.113,7.545,7.367
326,3,1,8.201,8.049,7.513,7.367
327,3,1,8.072,8.060,7.470,7.357
328,3,1,8.008,8.018,7.427,7.442
329,3,1,7.986,8.103,7.427,7.314
330,3,1,8.029,8.092,7.341,7.389
331,3,1,7.932,8.061,7.222,7.357
332,3,1,7.922,8.157,7.190,7.368
333,3,1,8.008,8.092,7.061,7.347
334,3,1,7.922,8.071,6.975,7.369
335,3,1,7.954,8.050,6.942,7.347
336,3,1,7.857,8.082,6.888,7.379
337,3,1,8.008,8.082,6.931,7.358
338,3,1,7.846,8.082,6.985,7.358
339,3,1,7.782,8.061,6.921,7.337
340,3,1,7.706,8.061,6.931,7.315
341,3,1,7.599,8.019,6.845,7.315
342,3,1,7.513,8.030,6.781,7.326
343,3,1,7.405,8.115,6.781,7.326
344,3,1,7.405,8.137,6.738,7.262
345,3,1,7.276,8.137,6.738,7.262
346,3,1,7.319,8.083,6.608,7.359
347,3,1,7.222,8.094,6.641,7.284
348,3,1,7.233,8.169,6.544,7.231
349,3,1,7.287,8.116,6.447,7.220
350,3,1,7.276,8.105,6.285,7.338
351,3,1,7.254,8.094,6.264,7.284
352,3,1,7.373,8.073,6.188,7.285
353,3,1,7.265,8.094,6.145,7.285
354,3,1,7.179,8.094,6.231,7.285
355,3,1,7.179,8.105,6.339,7.338
356,3,1,7.071,8.095,6.167,7.370
357,3,1,6.985,8.159,6.231,7.349
358,3,1,6.910,8.052,6.242,7.327
359,3,1,6.781,8.127,6.178,7.424
360,3,1,6.705,8.053,6.124,7.349
361,3,1,6.694,8.117,6.091,7.413
362,3,1,6.673,8.106,6.027,7.338
363,3,1,6.576,8.085,5.908,7.403
364,3,1,6.608,8.096,5.876,7.349
365,3,1,6.522,8.107,5.768,7.424
366,3,1,6.511,8.171,5.800,7.424
367,3,1,6.673,8.181,5.811,7.392
368,3,1,6.544,8.085,5.833,7.488
369,3,1,6.554,8.203,5.714,7.499
370,3,1,6.501,8.139,5.703,7.499
371,3,1,6.522,8.181,5.703,7.392
372,3,1,6.511,8.139,5.671,7.435
373,3,1,6.436,8.192,5.596,7.489
374,3,1,6.436,8.192,5.574,7.468
375,3,1,6.404,8.171,5.499,7.489
376,3,1,6.361,8.193,5.434,7.446
377,3,1,6.231,8.171,5.520,7.510
378,3,1,6.199,8.182,5.466,7.350
379,3,1,6.167,8.150,5.434,7.489
380,3,1,6.091,8.247,5.466,7.414
381,3,1,6.199,8.161,5.445,7.393
382,3,1,6.080,8.204,5.412,7.393
383,3,1,5.994,8.183,5.412,7.393
384,3,1,6.016,8.172,5.434,7.297
385,3,1,6.037,8.161,5.369,7.350
386,3,1,6.070,8.193,5.229,7.426
387,3,1,5.962,8.129,5.272,7.319
388,3,1,6.027,8.161,5.315,7.329
389,3,1,6.027,8.183,5.272,7.393
390,3,1,5.962,8.119,5.315,7.351
391,3,1,5.973,8.226,5.305,7.351
392,3,1,6.016,8.161,5.326,7.351
393,3,1,5.886,8.140,5.305,7.265
394,3,1,5.962,8.183,5.164,7.372
395,3,1,5.983,8.161,5.251,7.372
396,3,1,5.897,8.162,5.229,7.329
397,3,1,5.973,8.140,5.154,7.351
398,3,1,5.865,8.151,5.218,7.233
399,3,1,5.811,8.183,5.229,7.308
400,3,1,5.725,8.205,5.251,7.308
401,3,1,5.768,8.162,5.186,7.351
402,3,1,5.703,8.226,5.251,7.329
403,3,1,5.692,8.162,5.175,7.308
404,3,1,5.703,8.280,5.229,7.255
405,3,1,5.671,8.205,5.261,7.308
406,3,1,5.746,8.215,5.229,7.276
407,3,1,5.768,8.183,5.207,7.351
408,3,1,5.768,8.173,5.207,7.447
409,3,1,5.757,8.183,5.175,7.372
410,3,1,5.692,8.248,5.240,7.372
411,3,1,5.876,8.194,5.164,7.447
7,4,2,36.762,5.043,34.996,4.075
8,4,2,36.730,4.948,34.923,4.128
9,4,2,36.751,5.011,34.797,4.128
10,4,2,36.615,5.032,34.744,4.107
11,4,2,36.594,5.011,34.744,4.128
12,4,2,36.500,5.011,34.797,4.191
13,4,2,36.416,5.032,34.629,4.149
14,4,2,36.374,5.032,34.524,4.170
15,4,2,36.342,5.001,34.367,4.181
16,4,2,36.164,5.001,34.440,4.202
17,4,2,36.091,5.033,34.304,4.276
18,4,2,36.008,5.117,34.178,4.212
19,4,2,35.923,5.033,34.010,4.170
20,4,2,35.787,5.128,33.916,4.286
21,4,2,35.703,5.128,33.831,4.244
22,4,2,35.567,5.107,33.800,4.286
23,4,2,35.525,5.181,33.653,4.213
24,4,2,35.410,5.170,33.580,4.350
25,4,2,35.305,5.128,33.370,4.350
26,4,2,35.190,5.160,33.380,4.360
27,4,2,35.116,5.223,33.307,4.361
28,4,2,35.064,5.171,33.107,4.350
29,4,2,34.917,5.224,33.107,4.424
30,4,2,34.760,5.277,32.950,4.456
31,4,2,34.781,5.329,32.886,4.445
32,4,2,34.592,5.287,32.782,4.509
33,4,2,34.497,5.308,32.624,4.530
34,4,2,34.330,5.393,32.603,4.551
35,4,2,34.298,5.414,32.466,4.509
36,4,2,34.172,5.393,32.277,4.551
37,4,2,34.036,5.435,32.266,4.509
38,4,2,33.983,5.436,32.214,4.615
39,4,2,33.826,5.488,32.014,4.604
40,4,2,33.710,5.520,31.898,4.615
41,4,2,33.605,5.510,31.793,4.689
42,4,2,33.459,5.584,31.751,4.615
43,4,2,33.427,5.584,31.614,4.615
44,4,2,33.217,5.605,31.530,4.657
45,4,2,33.080,5.658,31.372,4.731
46,4,2,33.038,5.627,31.267,4.784
47,4,2,32.976,5.753,31.204,4.763
48,4,2,32.797,5.722,31.025,4.816
49,4,2,32.660,5.712,31.078,4.911
50,4,2,32.608,5.859,30.962,4.869
51,4,2,32.460,5.796,30.836,4.932
52,4,2,32.408,5.912,30.678,4.922
53,4,2,32.250,5.881,30.478,4.891
54,4,2,32.145,5.871,30.436,4.901
55,4,2,32.008,5.902,30.278,4.996
56,4,2,31.977,5.924,30.415,4.975
57,4,2,31.725,6.029,30.014,5.039
58,4,2,31.703,5.945,30.120,5.123
59,4,2,31.598,6.019,29.888,5.155
60,4,2,31.472,6.019,29.783,5.198
61,4,2,31.325,6.083,29.699,5.155
62,4,2,31.167,6.041,29.520,5.219
63,4,2,31.083,6.125,29.372,5.219
64,4,2,31.009,6.136,29.235,5.336
65,4,2,30.693,6.084,29.256,5.283
66,4,2,30.619,6.190,29.034,5.283
67,4,2,30.535,6.190,28.908,5.304
68,4,2,30.345,6.232,28.739,5.410
69,4,2,30.251,6.264,28.475,5.315
70,4,2,30.082,6.317,28.391,5.411
71,4,2,29.998,6.243,28.391,5.379
72,4,2,29.766,6.307,28.053,5.443
73,4,2,29.681,6.318,27.947,5.305
74,4,2,29.481,6.371,27.895,5.464
75,4,2,29.270,6.350,27.684,5.485
76,4,2,29.260,6.456,27.525,5.443
77,4,2,29.049,6.393,27.610,5.591
78,4,2,28.827,6.457,27.409,5.592
79,4,2,28.722,6.510,27.240,5.645
80,4,2,28.679,6.457,27.155,5.550
81,4,2,28.469,6.552,27.135,5.624
82,4,2,28.426,6.478,26.902,5.677
83,4,2,28.299,6.521,26.521,5.550
84,4,2,28.204,6.437,26.638,5.677
85,4,2,27.919,6.511,26.352,5.646
86,4,2,27.729,6.554,26.183,5.688
87,4,2,27.771,6.532,26.246,5.667
88,4,2,27.518,6.596,25.908,5.689
89,4,2,27.380,6.554,25.791,5.710
90,4,2,27.254,6.554,25.770,5.731
91,4,2,26.989,6.555,25.548,5.774
92,4,2,26.926,6.640,25.336,5.732
93,4,2,26.788,6.555,25.008,5.753
94,4,2,26.619,6.608,24.966,5.806
95,4,2,26.440,6.662,24.955,5.817
96,4,2,26.387,6.704,24.733,5.775
97,4,2,26.355,6.651,24.701,5.786
100,4,2,25.826,6.673,24.383,5.892
101,4,2,25.604,6.769,24.161,5.818
102,4,2,25.540,6.748,23.864,5.967
103,4,2,25.360,6.727,23.790,5.967
104,4,2,25.255,6.791,23.578,5.988
105,4,2,25.043,6.834,23.387,5.925
106,4,2,24.916,6.844,23.345,6.042
107,4,2,24.852,6.770,23.027,6.074
108,4,2,24.640,6.919,23.069,6.116
109,4,2,24.354,6.909,23.059,6.191
110,4,2,24.333,6.941,22.677,6.138
111,4,2,24.248,6.973,22.549,6.085
112,4,2,24.026,7.047,22.390,6.160
113,4,2,23.846,7.111,22.252,6.245
114,4,2,23.740,7.080,22.104,6.277
115,4,2,23.570,7.165,21.998,6.383
116,4,2,23.348,7.187,21.944,6.362
117,4,2,23.274,7.261,21.849,6.373
118,4,2,23.231,7.335,21.679,6.447
119,4,2,23.030,7.346,21.499,6.543
120,4,2,22.743,7.379,21.276,6.575
121,4,2,22.828,7.527,21.233,6.554
122,4,2,22.478,7.560,21.159,6.671
123,4,2,22.287,7.571,21.010,6.745
124,4,2,22.138,7.624,20.925,6.841
125,4,2,22.117,7.698,20.968,6.937
126,4,2,21.884,7.794,20.649,6.927
127,4,2,21.884,7.847,20.692,7.022
128,4,2,21.640,7.848,20.426,7.023
129,4,2,21.736,8.007,20.288,7.118
130,4,2,21.576,7.975,20.171,7.235
131,4,2,21.300,8.072,19.958,7.161
132,4,2,21.183,8.157,19.905,7.204
133,4,2,21.077,8.210,19.735,7.342
134,4,2,21.077,8.316,19.756,7.300
135,4,2,20.843,8.349,19.544,7.481
136,4,2,20.748,8.487,19.320,7.534
137,4,2,20.525,8.551,19.246,7.641
138,4,2,20.418,8.615,19.203,7.726
139,4,2,20.270,8.701,19.054,7.748
140,4,2,20.110,8.701,19.001,7.790
141,4,2,19.972,8.893,18.735,8.003
142,4,2,19.855,8.957,18.746,7.982
143,4,2,19.770,9.116,18.575,8.014
144,4,2,19.600,9.170,18.426,8.068
145,4,2,19.632,9.223,18.416,8.163
146,4,2,19.408,9.287,18.256,8.355
147,4,2,19.291,9.266,18.117,8.270
148,4,2,19.227,9.341,18.139,8.345
149,4,2,19.132,9.458,18.085,8.313
150,4,2,18.898,9.597,17.915,8.452
151,4,2,18.930,9.629,17.777,8.633
152,4,2,18.770,9.693,17.787,8.569
153,4,2,18.589,9.864,17.606,8.591
154,4,2,18.429,9.854,17.510,8.899
155,4,2,18.440,9.896,17.286,8.879
156,4,2,18.237,9.993,17.254,8.975
157,4,2,18.078,10.036,17.031,9.060
158,4,2,18.142,10.184,16.967,9.188
159,4,2,18.067,10.206,16.892,9.103
160,4,2,17.833,10.239,16.679,9.263
161,4,2,17.758,10.324,16.604,9.264
162,4,2,17.683,10.409,16.465,9.328
163,4,2,17.566,10.442,16.326,9.424
164,4,2,17.513,10.463,16.166,9.574
165,4,2,17.300,10.656,16.017,9.617
166,4,2,17.140,10.645,16.049,9.606
167,4,2,17.022,10.667,15.846,9.756
168,4,2,16.894,10.763,15.675,9.767
169,4,2,16.798,10.774,15.429,9.863
170,4,2,16.798,10.806,15.515,9.938
171,4,2,16.606,10.882,15.280,9.949
172,4,2,16.403,10.925,15.205,10.077
173,4,2,16.521,10.924,14.981,10.120
174,4,2,16.200,10.989,14.938,10.163
175,4,2,16.179,11.075,14.852,10.163
176,4,2,16.019,11.097,14.735,10.164
177,4,2,15.880,11.129,14.639,10.260
178,4,2,15.656,11.226,14.607,10.313
179,4,2,15.741,11.247,14.457,10.271
180,4,2,15.613,11.301,14.393,10.410
181,4,2,15.506,11.354,14.286,10.400
182,4,2,15.314,11.398,14.157,10.400
183,4,2,15.292,11.366,14.050,10.433
184,4,2,15.046,11.420,13.954,10.593
185,4,2,15.100,11.452,13.729,10.455
186,4,2,15.025,11.463,13.654,10.658
187,4,2,14.907,11.484,13.558,10.679
188,4,2,14.726,11.560,13.483,10.690
189,4,2,14.640,11.539,13.419,10.712
190,4,2,14.469,11.561,13.333,10.691
191,4,2,14.405,11.646,12.969,10.820
192,4,2,14.340,11.678,12.883,10.767
193,4,2,14.469,11.625,12.647,10.779
194,4,2,14.201,11.636,12.615,10.853
195,4,2,14.051,11.690,12.465,10.865
196,4,2,13.934,11.733,12.583,10.907
197,4,2,13.720,11.734,12.476,10.929
198,4,2,13.634,11.756,12.347,10.844
199,4,2,13.516,11.756,12.144,10.866
200,4,2,13.570,11.831,12.154,10.940
201,4,2,13.323,11.832,11.994,10.962
202,4,2,13.141,11.833,12.026,11.026
203,4,2,13.131,11.854,11.736,11.027
204,4,2,12.788,11.973,11.715,11.123
205,4,2,12.788,11.973,11.500,11.017
206,4,2,12.616,11.973,11.114,11.126
207,4,2,12.466,12.006,11.307,11.093
208,4,2,12.498,12.049,11.168,11.179
209,4,2,12.391,12.145,10.931,11.148
210,4,2,12.230,12.178,10.813,11.223
211,4,2,12.016,12.211,10.685,11.255
212,4,2,11.919,12.361,10.567,11.384
213,4,2,11.791,12.361,10.545,11.363
214,4,2,11.587,12.394,10.427,11.566
215,4,2,11.394,12.459,10.277,11.502
216,4,2,11.512,12.512,10.159,11.706
217,4,2,11.426,12.630,10.030,11.674
218,4,2,11.072,12.717,9.847,11.910
219,4,2,11.018,12.866,9.922,11.931
220,4,2,11.072,12.919,9.611,11.858
221,4,2,10.804,12.985,9.514,12.179
222,4,2,10.653,13.114,9.449,12.200
223,4,2,10.653,13.242,9.514,12.349
224,4,2,10.417,13.328,9.256,12.479
225,4,2,10.385,13.382,9.331,12.660
226,4,2,10.202,13.629,9.213,12.564
227,4,2,10.245,13.714,9.148,12.501
228,4,2,10.063,13.843,9.073,12.822
229,4,2,10.052,14.057,8.933,12.865
230,4,2,10.084,14.099,8.966,12.972
231,4,2,9.912,14.154,8.858,13.047
232,4,2,9.891,14.207,8.880,13.271
233,4,2,9.837,14.432,8.869,13.218
234,4,2,9.687,14.497,8.847,13.197
235,4,2,9.719,14.721,8.751,13.272
236,4,2,9.665,14.861,8.697,13.561
237,4,2,9.568,14.989,8.600,13.540
238,4,2,9.612,15.107,8.772,13.828
239,4,2,9.483,15.300,8.665,13.935
240,4,2,9.493,15.460,8.568,13.947
241,4,2,9.397,15.568,8.600,14.011
242,4,2,9.429,15.514,8.675,14.064
243,4,2,9.461,15.856,8.600,14.214
244,4,2,9.289,16.071,8.471,14.428
245,4,2,9.300,16.125,8.439,14.482
246,4,2,9.311,16.360,8.385,14.739
247,4,2,9.182,16.521,8.471,15.006
248,4,2,9.149,16.500,8.439,14.964
249,4,2,9.203,16.746,8.428,15.060
250,4,2,9.236,16.928,8.310,15.328
251,4,2,9.182,16.874,8.406,15.402
252,4,2,9.128,17.196,8.417,15.467
253,4,2,9.150,17.313,8.396,15.841
254,4,2,9.128,17.613,8.417,15.991
255,4,2,9.182,17.559,8.407,16.152
256,4,2,9.128,17.667,8.374,16.451
257,4,2,9.096,17.978,8.450,16.226
258,4,2,9.150,18.213,8.417,16.612
259,4,2,9.139,18.277,8.407,16.869
260,4,2,9.204,18.255,8.493,17.018
261,4,2,9.236,18.672,8.525,16.986
262,4,2,9.193,18.866,8.504,16.986
263,4,2,9.204,18.855,8.407,17.297
264,4,2,9.215,19.005,8.525,17.553
265,4,2,9.290,19.122,8.471,17.628
266,4,2,9.128,19.209,8.568,17.713
267,4,2,9.236,19.411,8.547,17.917
268,4,2,9.290,19.550,8.579,18.184
269,4,2,9.279,19.754,8.568,18.281
270,4,2,9.355,19.817,8.601,18.495
271,4,2,9.430,19.999,8.633,18.591
272,4,2,9.398,20.203,8.601,18.752
273,4,2,9.344,20.300,8.655,18.976
274,4,2,9.452,20.481,8.719,18.944
275,4,2,9.441,20.792,8.579,19.127
276,4,2,9.463,20.727,8.665,19.448
277,4,2,9.387,20.910,8.676,19.630
278,4,2,9.463,21.145,8.666,19.737
279,4,2,9.473,21.252,8.676,19.887
280,4,2,9.473,21.295,8.676,20.123
281,4,2,9.387,21.553,8.784,20.100
282,4,2,9.506,21.595,8.709,20.401
283,4,2,9.506,21.873,8.666,20.530
284,4,2,9.495,22.034,8.676,20.691
285,4,2,9.441,22.099,8.666,20.755
286,4,2,9.506,22.259,8.709,21.065
287,4,2,9.581,22.526,8.677,21.119
288,4,2,9.506,22.527,8.666,21.291
289,4,2,9.452,22.753,8.612,21.452
290,4,2,9.528,22.816,8.687,21.709
291,4,2,9.539,22.988,8.634,21.773
292,4,2,9.399,23.171,8.666,22.105
293,4,2,9.431,23.332,8.720,22.073
294,4,2,9.453,23.546,8.612,22.353
295,4,2,9.474,23.589,8.634,22.309
296,4,2,9.345,23.772,8.655,22.599
297,4,2,9.388,23.943,8.612,22.664
298,4,2,9.453,24.136,8.612,22.921
299,4,2,9.410,24.147,8.655,23.060
300,4,2,9.420,24.447,8.644,23.124
301,4,2,9.377,24.608,8.580,23.415
302,4,2,9.356,24.705,8.601,23.597
303,4,2,9.313,24.877,8.494,23.641
304,4,2,9.324,25.027,8.591,23.983
305,4,2,9.399,25.069,8.515,24.048
306,4,2,9.281,25.306,8.418,24.092
307,4,2,9.345,25.488,8.505,24.209
308,4,2,9.238,25.575,8.526,24.531
309,4,2,9.238,25.790,8.526,24.702
310,4,2,9.238,25.919,8.526,24.745
311,4,2,9.238,26.090,8.375,24.833
312,4,2,9.399,26.185,8.408,24.822
313,4,2,9.184,26.187,8.580,25.163
41,5,2,35.846,4.095,33.744,3.296
42,5,2,35.657,4.127,33.764,3.222
43,5,2,35.563,4.169,33.712,3.222
44,5,2,35.615,4.169,33.659,3.243
45,5,2,35.469,4.233,33.617,3.222
46,5,2,35.469,4.254,33.555,3.348
47,5,2,35.406,4.264,33.471,3.380
48,5,2,35.207,4.307,33.376,3.401
49,5,2,35.218,4.349,33.261,3.422
50,5,2,35.050,4.359,33.366,3.496
51,5,2,35.103,4.454,33.061,3.507
52,5,2,34.945,4.454,33.156,3.549
53,5,2,34.851,4.507,33.020,3.623
54,5,2,34.778,4.644,32.946,3.507
55,5,2,34.600,4.613,32.810,3.707
56,5,2,34.547,4.676,32.926,3.728
57,5,2,34.369,4.729,32.747,3.739
58,5,2,34.369,4.750,32.894,3.718
59,5,2,34.275,4.782,32.694,3.707
60,5,2,34.369,4.845,32.642,3.876
61,5,2,34.086,4.761,32.884,3.728
62,5,2,34.139,4.898,32.579,3.844
63,5,2,33.970,4.824,32.579,3.918
64,5,2,33.813,4.898,32.380,3.971
65,5,2,33.718,4.887,32.538,4.002
66,5,2,33.603,4.993,32.191,4.024
67,5,2,33.751,5.130,31.896,4.056
68,5,2,33.540,5.035,32.065,4.087
69,5,2,33.436,5.120,31.917,4.108
70,5,2,33.268,5.215,31.623,4.140
71,5,2,33.152,5.204,31.592,4.256
72,5,2,33.163,5.236,31.434,4.288
73,5,2,32.995,5.257,31.497,4.309
74,5,2,32.953,5.236,31.392,4.330
75,5,2,32.743,5.300,31.223,4.267
76,5,2,32.669,5.384,31.087,4.352
77,5,2,32.606,5.300,31.276,4.394
78,5,2,32.490,5.321,31.182,4.563
79,5,2,32.533,5.406,30.950,4.478
80,5,2,32.291,5.490,30.645,4.500
81,5,2,32.164,5.438,30.856,4.573
82,5,2,32.017,5.522,30.498,4.595
83,5,2,32.049,5.586,30.255,4.532
84,5,2,31.891,5.470,30.435,4.690
85,5,2,31.734,5.607,30.171,4.680
86,5,2,31.660,5.544,30.161,4.637
87,5,2,31.544,5.576,30.151,4.754
88,5,2,31.418,5.565,29.982,4.701
89,5,2,31.407,5.576,29.739,4.754
90,5,2,31.176,5.650,29.782,4.828
91,5,2,31.102,5.629,29.687,4.807
92,5,2,30.913,5.703,29.518,4.818
93,5,2,30.871,5.746,29.286,4.775
94,5,2,30.786,5.756,29.076,4.955
95,5,2,30.671,5.841,29.128,4.892
96,5,2,30.471,5.862,28.949,5.040
97,5,2,30.376,5.841,28.960,4.977
98,5,2,30.302,5.841,28.633,5.040
99,5,2,30.218,5.873,28.781,5.093
100,5,2,30.144,5.894,28.686,5.199
101,5,2,29.996,5.895,28.643,5.135
102,5,2,29.860,6.022,28.168,5.030
103,5,2,29.776,6.127,28.126,5.242
104,5,2,29.586,6.117,28.084,5.210
105,5,2,29.523,6.128,27.936,5.136
106,5,2,29.396,6.139,27.852,5.231
107,5,2,29.291,6.234,27.683,5.284
108,5,2,29.291,6.181,27.578,5.401
109,5,2,29.122,6.181,27.641,5.401
110,5,2,28.964,6.287,27.250,5.338
111,5,2,28.858,6.192,27.250,5.306
112,5,2,28.763,6.319,27.071,5.433
113,5,2,28.552,6.341,26.986,5.412
114,5,2,28.457,6.394,26.933,5.507
115,5,2,28.457,6.373,26.849,5.550
116,5,2,28.204,6.394,26.743,5.529
117,5,2,28.194,6.447,26.500,5.646
118,5,2,28.035,6.458,26.532,5.571
119,5,2,27.961,6.500,26.415,5.614
120,5,2,27.856,6.596,26.204,5.731
121,5,2,27.708,6.638,26.098,5.646
122,5,2,27.602,6.596,26.035,5.773
123,5,2,27.433,6.554,26.077,5.752
124,5,2,27.286,6.681,25.845,5.879
125,5,2,27.222,6.745,25.570,5.837
126,5,2,27.043,6.703,25.559,5.837
127,5,2,26.958,6.671,25.686,5.890
128,5,2,26.926,6.777,25.464,5.954
129,5,2,26.874,6.809,25.220,5.795
130,5,2,26.736,6.778,25.125,5.954
131,5,2,26.472,6.820,24.903,5.912
132,5,2,26.525,6.789,24.998,6.029
133,5,2,26.504,6.926,24.723,6.019
134,5,2,26.282,6.937,24.797,6.135
135,5,2,26.081,6.991,24.490,6.082
136,5,2,25.997,7.160,24.511,6.082
137,5,2,25.880,7.044,24.310,6.136
138,5,2,25.827,7.086,24.426,6.114
139,5,2,25.541,7.150,24.204,6.263
140,5,2,25.563,7.150,24.140,6.157
141,5,2,25.425,7.257,23.982,6.242
142,5,2,25.457,7.257,23.886,6.263
143,5,2,25.182,7.331,23.611,6.402
144,5,2,25.055,7.469,23.526,6.391
145,5,2,25.034,7.363,23.611,6.391
146,5,2,24.833,7.480,23.303,6.487
147,5,2,24.769,7.353,23.473,6.466
148,5,2,24.727,7.449,23.113,6.625
149,5,2,24.642,7.481,23.091,6.466
150,5,2,24.451,7.524,23.049,6.551
151,5,2,24.345,7.556,22.710,6.626
152,5,2,24.239,7.556,22.731,6.668
153,5,2,23.911,7.556,22.593,6.668
154,5,2,23.879,7.599,22.540,6.690
155,5,2,23.837,7.599,22.370,6.690
156,5,2,23.656,7.610,22.147,6.807
157,5,2,23.455,7.632,22.137,6.743
158,5,2,23.402,7.674,21.680,6.766
159,5,2,23.338,7.643,21.892,6.839
160,5,2,23.168,7.717,21.637,6.850
161,5,2,23.084,7.717,21.595,6.851
162,5,2,22.861,7.718,21.457,6.914
163,5,2,22.786,7.697,21.276,6.915
164,5,2,22.617,7.740,21.085,6.915
165,5,2,22.426,7.793,21.021,6.968
166,5,2,22.394,7.804,20.904,6.915
167,5,2,22.171,7.794,20.830,6.990
168,5,2,22.075,7.847,20.607,6.937
169,5,2,21.905,7.868,20.564,6.959
170,5,2,21.810,7.837,20.362,7.097
171,5,2,21.587,7.880,20.224,7.097
172,5,2,21.650,7.858,19.905,7.098
173,5,2,21.385,7.880,19.937,7.077
174,5,2,21.193,7.891,19.703,7.173
175,5,2,21.076,7.934,19.713,7.109
176,5,2,21.066,7.955,19.617,7.151
177,5,2,20.875,8.009,19.511,7.205
178,5,2,20.641,8.073,19.298,7.205
179,5,2,20.588,8.063,19.245,7.258
180,5,2,20.428,8.084,19.085,7.259
181,5,2,20.226,8.159,18.776,7.270
182,5,2,20.162,8.191,18.755,7.493
183,5,2,20.088,8.244,18.617,7.419
184,5,2,19.854,8.277,18.532,7.451
185,5,2,19.673,8.330,18.095,7.463
186,5,2,19.471,8.416,18.042,7.590
187,5,2,19.300,8.480,17.892,7.654
188,5,2,19.333,8.544,17.924,7.548
189,5,2,19.205,8.555,17.711,7.623
190,5,2,18.928,8.704,17.583,7.793
191,5,2,18.779,8.736,17.263,7.741
192,5,2,18.608,8.790,17.328,7.836
193,5,2,18.406,8.865,17.210,7.932
194,5,2,18.353,8.961,17.029,7.965
195,5,2,18.172,8.993,16.805,8.104
196,5,2,18.065,9.079,16.634,8.104
197,5,2,17.916,9.132,16.634,8.200
198,5,2,17.692,9.197,16.560,8.327
199,5,2,17.650,9.282,16.453,8.349
200,5,2,17.532,9.346,16.250,8.350
201,5,2,17.426,9.389,16.208,8.413
202,5,2,17.266,9.496,16.005,8.499
203,5,2,17.138,9.539,15.983,8.499
204,5,2,17.063,9.613,15.738,8.659
205,5,2,16.829,9.742,15.759,8.702
206,5,2,16.690,9.817,15.514,8.862
207,5,2,16.647,9.828,15.428,8.831
208,5,2,16.498,9.817,15.343,8.884
209,5,2,16.327,9.967,15.172,8.885
210,5,2,16.263,10.074,15.065,9.076
211,5,2,16.156,10.095,14.851,9.098
212,5,2,16.071,10.159,14.744,9.184
213,5,2,15.772,10.352,14.680,9.291
214,5,2,15.868,10.320,14.434,9.408
215,5,2,15.654,10.363,14.306,9.366
216,5,2,15.377,10.492,14.306,9.473
217,5,2,15.345,10.503,14.039,9.633
218,5,2,15.152,10.631,14.017,9.633
219,5,2,15.035,10.738,13.836,9.826
220,5,2,14.928,10.770,13.729,9.879
221,5,2,14.757,10.824,13.557,9.848
222,5,2,14.575,10.974,13.268,10.062
223,5,2,14.468,11.049,13.333,10.136
224,5,2,14.404,11.124,12.968,10.170
225,5,2,14.201,11.221,13.022,10.393
226,5,2,14.072,11.328,12.894,10.415
227,5,2,13.923,11.424,12.701,10.533
228,5,2,13.891,11.467,12.604,10.640
229,5,2,13.741,11.564,12.347,10.822
230,5,2,13.570,11.810,12.433,10.705
231,5,2,13.355,11.800,12.240,10.780
232,5,2,13.356,11.896,12.069,11.090
233,5,2,13.077,12.078,12.133,11.015
234,5,2,13.034,12.281,11.983,11.133
235,5,2,12.992,12.292,11.876,11.080
236,5,2,12.863,12.420,11.747,11.315
237,5,2,12.724,12.581,11.629,11.540
238,5,2,12.724,12.699,11.565,11.444
239,5,2,12.445,12.796,11.501,11.733
240,5,2,12.488,12.870,11.329,11.829
241,5,2,12.285,12.978,11.232,11.936
242,5,2,12.135,13.171,11.190,11.979
243,5,2,12.113,13.246,10.996,12.162
244,5,2,12.092,13.395,11.018,12.268
245,5,2,11.834,13.567,10.868,12.333
246,5,2,11.781,13.685,10.814,12.515
247,5,2,11.674,13.803,10.707,12.654
248,5,2,11.599,13.953,10.632,12.740
249,5,2,11.556,14.103,10.503,12.826
250,5,2,11.352,14.296,10.492,13.104
251,5,2,11.277,14.339,10.438,13.211
252,5,2,11.116,14.554,10.256,13.318
253,5,2,11.073,14.618,10.170,13.490
254,5,2,11.019,14.757,10.116,13.501
255,5,2,10.923,14.907,10.020,13.779
256,5,2,10.762,15.058,9.944,13.886
257,5,2,10.708,15.144,9.869,14.036
258,5,2,10.676,15.347,9.751,14.112
259,5,2,10.568,15.444,9.644,14.294
260,5,2,10.450,15.573,9.590,14.401
261,5,2,10.375,15.765,9.536,14.615
262,5,2,10.321,15.958,9.461,14.744
263,5,2,10.203,16.055,9.343,14.927
264,5,2,10.139,16.066,9.278,15.002
265,5,2,10.021,16.302,9.181,15.152
266,5,2,10.021,16.388,9.138,15.259
267,5,2,9.924,16.581,9.063,15.345
268,5,2,9.730,16.711,8.912,15.603
269,5,2,9.698,16.828,8.859,15.657
270,5,2,9.666,16.925,8.740,15.903
271,5,2,9.612,17.150,8.708,16.021
272,5,2,9.472,17.269,8.611,16.054
273,5,2,9.386,17.333,8.568,16.183
274,5,2,9.429,17.547,8.482,16.376
275,5,2,9.160,17.635,8.428,16.547
276,5,2,9.257,17.805,8.288,16.634
277,5,2,8.956,17.904,8.245,16.902
278,5,2,8.956,18.064,8.116,16.978
279,5,2,8.924,18.214,8.062,16.914
280,5,2,8.762,18.344,7.987,17.321
281,5,2,8.751,18.440,7.954,17.332
282,5,2,8.665,18.516,7.847,17.686
283,5,2,8.633,18.698,7.771,17.547
284,5,2,8.493,18.881,7.696,17.858
285,5,2,8.515,19.031,7.653,18.009
286,5,2,8.364,19.139,7.566,18.052
287,5,2,8.332,19.332,7.513,18.374
288,5,2,8.245,19.472,7.383,18.471
289,5,2,8.127,19.580,7.329,18.386
290,5,2,8.051,19.763,7.254,18.633
291,5,2,8.030,19.935,7.189,18.912
292,5,2,7.933,20.064,7.070,18.977
293,5,2,7.814,20.140,7.103,19.159
294,5,2,7.836,20.322,7.016,19.149
295,5,2,7.771,20.440,6.930,19.268
296,5,2,7.825,20.601,6.768,19.515
297,5,2,7.609,20.763,6.790,19.655
298,5,2,7.502,20.914,6.682,19.720
299,5,2,7.383,21.044,6.671,20.020
300,5,2,7.318,21.248,6.563,20.032
301,5,2,7.459,21.354,6.552,20.289
302,5,2,7.200,21.464,6.401,20.419
303,5,2,7.081,21.679,6.369,20.505
304,5,2,7.124,21.840,6.283,20.645
305,5,2,7.049,21.959,6.336,20.827
306,5,2,7.059,22.098,6.218,20.968
307,5,2,6.865,22.282,6.131,21.215
308,5,2,6.768,22.390,6.077,21.301
309,5,2,6.843,22.497,6.002,21.388
310,5,2,6.682,22.724,5.948,21.592
311,5,2,6.606,22.832,5.872,21.829
312,5,2,6.649,22.992,5.721,21.948
313,5,2,6.530,23.101,5.688,22.078
314,5,2,6.358,23.242,5.645,22.260
315,5,2,6.347,23.403,5.548,22.401
316,5,2,6.379,23.596,5.537,22.594
317,5,2,6.163,23.727,5.385,22.703
318,5,2,6.163,23.888,5.364,22.864
319,5,2,6.098,23.996,5.342,23.015
320,5,2,6.001,24.158,5.223,23.155
321,5,2,5.914,24.255,5.115,23.339
322,5,2,5.860,24.449,5.061,23.383
323,5,2,5.763,24.611,5.050,23.630
324,5,2,5.817,24.772,4.996,23.748
325,5,2,5.590,24.839,4.877,23.878
326,5,2,5.568,25.043,4.790,23.976
327,5,2,5.504,25.162,4.725,24.245
328,5,2,5.374,25.346,4.660,24.364
329,5,2,5.320,25.454,4.541,24.408
330,5,2,5.157,25.574,4.466,24.635
331,5,2,5.168,25.789,4.455,24.807
332,5,2,5.103,25.897,4.368,24.894
333,5,2,5.092,26.037,4.335,25.077
334,5,2,4.973,26.178,4.238,25.153
335,5,2,4.984,26.231,4.162,25.272
336,5,2,4.876,26.232,4.162,25.337
58,7,2,10.422,26.164,9.496,24.564
59,7,2,10.293,26.176,9.582,24.510
60,7,2,10.379,25.917,9.690,24.423
61,7,2,10.358,25.735,9.733,24.347
62,7,2,10.412,25.713,9.722,23.897
63,7,2,10.422,25.520,9.711,23.983
64,7,2,10.368,25.446,9.765,23.950
65,7,2,10.465,25.273,9.668,23.823
66,7,2,10.444,25.263,9.776,23.704
67,7,2,10.336,25.038,9.862,23.521
68,7,2,10.497,24.962,9.786,23.403
69,7,2,10.562,24.790,9.829,23.189
70,7,2,10.594,24.746,9.797,23.017
71,7,2,10.529,24.522,9.840,23.049
72,7,2,10.551,24.597,9.883,22.845
73,7,2,10.508,24.243,9.883,22.856
74,7,2,10.540,24.179,9.894,22.599
75,7,2,10.615,24.082,9.883,22.438
76,7,2,10.529,23.932,9.947,22.459
77,7,2,10.540,23.793,9.958,22.426
78,7,2,10.626,23.760,9.915,22.095
79,7,2,10.744,23.534,9.904,21.934
80,7,2,10.680,23.449,9.969,21.934
81,7,2,10.679,23.299,9.969,21.848
82,7,2,10.701,23.170,9.990,21.869
83,7,2,10.787,23.223,10.012,21.537
84,7,2,10.765,22.976,10.033,21.504
85,7,2,10.808,22.805,10.033,21.226
86,7,2,10.797,22.708,10.087,21.258
87,7,2,10.830,22.590,10.119,21.097
88,7,2,10.840,22.472,10.130,20.936
89,7,2,10.851,22.258,10.162,20.829
90,7,2,10.916,22.150,10.119,20.807
91,7,2,10.894,22.150,10.205,20.657
92,7,2,10.937,21.936,10.226,20.400
93,7,2,10.937,21.882,10.269,20.324
94,7,2,11.023,21.742,10.291,20.335
95,7,2,11.066,21.581,10.355,20.045
96,7,2,11.012,21.421,10.302,20.142
97,7,2,11.119,21.281,10.344,19.724
98,7,2,11.087,21.185,10.377,19.820
99,7,2,11.119,21.078,10.409,19.542
100,7,2,11.151,20.928,10.441,19.499
101,7,2,11.130,20.864,10.441,19.327
102,7,2,11.173,20.745,10.463,19.167
103,7,2,11.151,20.649,10.484,19.134
104,7,2,11.194,20.563,10.527,19.027
105,7,2,11.183,20.349,10.602,19.176
106,7,2,11.259,20.295,10.634,18.737
107,7,2,11.215,20.146,10.613,18.780
108,7,2,11.344,20.006,10.656,18.448
109,7,2,11.291,19.931,10.688,18.544
110,7,2,11.376,19.738,10.709,18.245
111,7,2,11.452,19.609,10.742,18.309
112,7,2,11.430,19.513,10.720,18.020
113,7,2,11.441,19.341,10.817,17.977
114,7,2,11.516,19.362,10.784,17.784
115,7,2,11.559,19.169,10.827,17.656
116,7,2,11.569,19.052,10.881,17.431
117,7,2,11.569,18.795,10.881,17.538
118,7,2,11.634,18.752,10.924,17.430
119,7,2,11.655,18.687,10.945,17.302
120,7,2,11.730,18.644,10.913,17.067
121,7,2,11.730,18.687,11.020,17.045
122,7,2,11.752,18.312,11.063,16.948
123,7,2,11.805,18.194,11.117,16.852
124,7,2,11.859,18.055,11.085,16.841
125,7,2,11.923,17.894,11.085,16.659
126,7,2,11.987,17.915,11.128,16.467
127,7,2,11.977,17.691,11.181,16.456
128,7,2,11.998,17.680,11.310,16.188
129,7,2,12.137,17.454,11.299,16.091
130,7,2,12.127,17.487,11.310,16.209
131,7,2,12.180,17.219,11.320,15.835
132,7,2,12.255,17.165,11.288,15.782
133,7,2,12.244,17.005,11.428,15.706
134,7,2,12.352,17.004,11.535,15.620
135,7,2,12.373,16.876,11.557,15.620
136,7,2,12.513,16.757,11.546,15.459
137,7,2,12.534,16.586,11.567,15.331
138,7,2,12.577,16.586,11.632,15.374
139,7,2,12.609,16.447,11.750,15.106
140,7,2,12.673,16.276,11.728,15.106
141,7,2,12.759,16.361,11.749,14.892
142,7,2,12.791,16.179,11.867,14.774
143,7,2,12.866,16.168,11.942,14.677
144,7,2,12.823,16.104,11.921,14.934
145,7,2,12.887,15.762,12.092,14.442
146,7,2,13.177,15.771,12.103,14.516
147,7,2,13.134,15.579,12.232,14.388
148,7,2,13.251,15.503,12.285,14.291
149,7,2,13.134,15.547,12.339,14.227
150,7,2,13.251,15.428,12.414,14.237
151,7,2,13.380,15.268,12.350,14.248
152,7,2,13.401,15.182,12.564,14.055
153,7,2,13.562,15.064,12.596,13.873
154,7,2,13.658,14.914,12.693,13.830
155,7,2,13.637,14.925,12.607,13.926
156,7,2,13.690,14.871,12.725,13.744
157,7,2,13.797,14.764,12.853,13.701
158,7,2,13.979,14.688,12.907,13.498
159,7,2,13.958,14.517,13.014,13.476
160,7,2,14.054,14.538,13.089,13.519
161,7,2,14.086,14.399,13.142,13.337
162,7,2,14.204,14.335,13.239,13.315
163,7,2,14.225,14.249,13.303,13.272
164,7,2,14.429,14.152,13.421,13.154
165,7,2,14.504,14.120,13.389,13.101
166,7,2,14.450,14.109,13.507,13.026
167,7,2,14.610,13.938,13.689,13.025
168,7,2,14.664,13.927,13.699,12.865
169,7,2,14.846,13.851,13.774,12.833
170,7,2,14.835,13.755,13.892,12.757
171,7,2,14.931,13.691,13.881,12.779
172,7,2,15.102,13.647,13.924,12.672
173,7,2,15.241,13.561,14.042,12.607
174,7,2,15.220,13.508,14.127,12.618
175,7,2,15.412,13.571,14.299,12.617
176,7,2,15.476,13.411,14.277,12.542
177,7,2,15.551,13.368,14.309,12.414
178,7,2,15.701,13.239,14.502,12.477
179,7,2,15.754,13.229,14.470,12.360
180,7,2,15.979,13.174,14.587,12.349
181,7,2,15.904,13.121,14.812,12.295
182,7,2,16.086,13.131,14.887,12.241
183,7,2,16.117,12.982,14.919,12.156
184,7,2,16.203,13.088,15.026,12.177
185,7,2,16.342,12.981,15.036,12.091
186,7,2,16.427,12.948,15.079,12.017
187,7,2,16.502,12.863,15.261,12.037
188,7,2,16.534,12.841,15.207,12.080
189,7,2,16.673,12.756,15.432,11.909
190,7,2,16.758,12.713,15.624,11.886
191,7,2,16.865,12.691,15.688,11.908
192,7,2,16.993,12.658,15.646,11.854
193,7,2,16.982,12.573,15.827,11.747
194,7,2,17.238,12.551,15.998,11.725
195,7,2,17.185,12.594,15.945,11.768
196,7,2,17.452,12.497,15.998,11.629
197,7,2,17.537,12.422,15.912,11.555
198,7,2,17.526,12.358,16.287,11.596
199,7,2,17.644,12.336,16.425,11.553
200,7,2,17.857,12.324,16.468,11.457
201,7,2,17.910,12.218,16.564,11.435
202,7,2,17.889,12.218,16.671,11.392
203,7,2,18.145,12.195,16.564,11.371
204,7,2,18.113,12.142,16.916,11.359
205,7,2,18.369,12.099,16.916,11.274
206,7,2,18.294,11.982,17.140,11.241
207,7,2,18.443,12.045,16.948,11.114
208,7,2,18.518,11.981,17.343,11.241
209,7,2,18.731,11.948,17.429,11.187
210,7,2,18.784,11.948,17.311,11.124
211,7,2,18.966,11.937,17.428,11.113
212,7,2,18.934,11.916,17.631,11.027
213,7,2,18.933,11.767,17.844,10.962
214,7,2,19.157,11.798,17.812,10.930
215,7,2,19.157,11.755,18.004,10.845
216,7,2,19.359,11.648,18.121,10.844
217,7,2,19.540,11.605,18.239,10.801
218,7,2,19.604,11.636,18.239,10.876
219,7,2,19.615,11.626,18.271,10.801
220,7,2,19.689,11.572,18.495,10.875
221,7,2,19.924,11.539,18.260,10.737
222,7,2,19.998,11.475,18.676,10.736
223,7,2,20.083,11.485,18.633,10.747
224,7,2,20.243,11.464,18.921,10.660
225,7,2,20.371,11.346,18.942,10.671
226,7,2,20.434,11.282,18.942,10.650
227,7,2,20.509,11.292,19.315,10.468
228,7,2,20.764,11.281,19.102,10.458
229,7,2,20.838,11.206,19.155,10.404
230,7,2,20.913,11.153,19.485,10.499
231,7,2,20.934,11.174,19.570,10.371
232,7,2,21.136,11.237,19.709,10.349
233,7,2,21.179,11.120,19.772,10.317
234,7,2,21.253,11.120,19.911,10.296
235,7,2,21.370,11.109,20.049,10.284
236,7,2,21.498,11.023,20.134,10.242
237,7,2,21.699,10.969,20.358,10.166
238,7,2,21.657,10.916,20.251,10.241
239,7,2,21.859,10.979,20.496,10.155
240,7,2,22.061,10.968,20.698,10.102
241,7,2,22.039,10.904,20.804,10.038
242,7,2,22.093,10.915,20.985,9.963
243,7,2,22.295,10.914,20.975,10.154
244,7,2,22.295,10.903,21.059,10.037
245,7,2,22.486,10.881,21.272,10.036
246,7,2,22.645,10.817,21.325,9.951
247,7,2,22.719,10.764,21.400,10.046
248,7,2,22.868,10.848,21.719,10.024
249,7,2,23.027,10.805,21.665,9.897
250,7,2,23.218,10.666,21.623,9.971
251,7,2,23.112,10.784,22.027,9.896
252,7,2,23.377,10.740,21.931,9.875
253,7,2,23.547,10.718,22.207,9.852
254,7,2,23.568,10.729,22.377,9.926
255,7,2,23.717,10.718,22.398,9.809
256,7,2,23.717,10.707,22.653,9.840
257,7,2,23.950,10.632,22.674,9.745
258,7,2,24.099,10.663,22.781,9.840
259,7,2,24.109,10.706,22.919,9.755
260,7,2,24.184,10.631,23.057,9.744
261,7,2,24.247,10.652,23.184,9.786
262,7,2,24.427,10.620,23.301,9.732
263,7,2,24.586,10.630,23.460,9.764
264,7,2,24.692,10.502,23.460,9.764
265,7,2,24.735,10.534,23.630,9.816
266,7,2,24.947,10.522,23.863,9.656
267,7,2,25.138,10.554,23.990,9.730
268,7,2,25.243,10.521,24.033,9.677
269,7,2,25.360,10.468,24.255,9.666
270,7,2,25.445,10.499,24.383,9.697
271,7,2,25.593,10.457,24.383,9.697
272,7,2,25.752,10.445,24.584,9.580
273,7,2,25.858,10.413,24.648,9.675
274,7,2,25.942,10.381,24.881,9.600
275,7,2,26.154,10.359,24.881,9.579
276,7,2,26.292,10.380,24.806,9.558
277,7,2,26.366,10.380,25.092,9.515
278,7,2,26.429,10.379,25.262,9.493
279,7,2,26.588,10.411,25.421,9.503
280,7,2,26.715,10.315,25.506,9.513
281,7,2,26.810,10.304,25.707,9.481
282,7,2,26.926,10.325,25.844,9.417
283,7,2,27.106,10.356,25.919,9.533
284,7,2,27.201,10.282,26.035,9.438
285,7,2,27.275,10.302,26.173,9.480
286,7,2,27.434,10.281,26.246,9.416
287,7,2,27.603,10.259,26.268,9.479
288,7,2,27.603,10.301,26.479,9.415
289,7,2,27.868,10.290,26.638,9.425
290,7,2,27.899,10.258,26.818,9.329
291,7,2,28.026,10.258,26.818,9.393
292,7,2,28.142,10.257,26.934,9.456
293,7,2,28.195,10.204,27.072,9.445
294,7,2,28.428,10.267,27.241,9.360
295,7,2,28.533,10.256,27.177,9.307
296,7,2,28.639,10.255,27.410,9.476
297,7,2,28.723,10.255,27.600,9.391
298,7,2,28.903,10.233,27.696,9.454
299,7,2,28.787,10.287,27.707,9.507
300,7,2,29.093,10.286,27.991,9.358
301,7,2,29.293,10.190,28.002,9.389
302,7,2,29.272,10.179,28.171,9.442
303,7,2,29.367,10.232,28.224,9.325
304,7,2,29.631,10.199,28.108,9.378
305,7,2,29.578,10.157,28.309,9.378
306,7,2,29.874,10.198,28.583,9.271
307,7,2,29.842,10.220,28.572,9.271
308,7,2,30.075,10.251,28.742,9.387
309,7,2,30.064,10.282,28.900,9.355
310,7,2,30.233,10.197,29.027,9.418
311,7,2,30.370,10.218,29.058,9.291
312,7,2,30.465,10.196,29.280,9.417
313,7,2,30.707,10.185,29.417,9.300
314,7,2,30.697,10.249,29.533,9.321
315,7,2,30.728,10.227,29.438,9.300
316,7,2,30.855,10.259,29.818,9.289
317,7,2,31.118,10.247,29.850,9.299
318,7,2,31.150,10.152,29.881,9.267
319,7,2,31.203,10.173,29.997,9.288
320,7,2,31.308,10.130,30.103,9.394
321,7,2,31.445,10.140,30.156,9.362
322,7,2,31.455,10.109,30.251,9.309
323,7,2,31.529,10.182,30.472,9.297
324,7,2,31.719,10.129,30.577,9.265
325,7,2,31.771,10.076,30.735,9.254
326,7,2,32.013,10.075,30.830,9.212
327,7,2,32.024,10.054,30.841,9.275
328,7,2,32.108,10.075,31.094,9.211
329,7,2,32.182,10.022,31.125,9.095
330,7,2,32.434,9.978,31.125,9.179
331,7,2,32.403,10.000,31.367,9.136
332,7,2,32.571,9.989,31.347,9.231
333,7,2,32.718,9.978,31.409,9.030
334,7,2,32.697,9.946,31.515,9.231
335,7,2,32.855,9.956,31.715,9.114
336,7,2,32.992,9.882,31.726,9.125
337,7,2,33.065,9.892,32.010,9.071
338,7,2,33.192,9.881,32.052,9.018
339,7,2,33.233,9.807,32.178,9.028
340,7,2,33.391,9.806,32.041,9.050
341,7,2,33.486,9.817,32.263,9.123
342,7,2,33.538,9.827,32.441,9.027
343,7,2,33.664,9.795,32.546,8.995
344,7,2,33.822,9.805,32.515,9.027
345,7,2,33.780,9.805,32.704,9.069
346,7,2,33.875,9.805,32.715,9.048
347,7,2,34.011,9.773,32.810,9.058
348,7,2,34.032,9.762,32.978,8.963
349,7,2,34.179,9.762,33.062,8.941
350,7,2,34.316,9.751,33.135,8.930
351,7,2,34.263,9.730,33.083,8.909
352,7,2,34.463,9.729,33.261,8.846
353,7,2,34.421,9.803,33.387,8.771
354,7,2,34.610,9.813,33.303,8.930
355,7,2,34.652,9.707,33.493,8.866
356,7,2,34.778,9.717,33.472,8.961
357,7,2,34.862,9.707,33.661,8.908
358,7,2,34.946,9.770,33.724,8.823
359,7,2,35.051,9.706,33.913,8.844
360,7,2,35.156,9.716,33.850,8.960
361,7,2,35.146,9.685,34.007,8.759
362,7,2,35.240,9.705,34.060,8.886
363,7,2,35.398,9.716,34.113,8.812
364,7,2,35.429,9.726,34.249,8.822
365,7,2,35.586,9.652,34.344,8.790
366,7,2,35.587,9.704,34.323,8.843
367,7,2,35.660,9.694,34.396,8.790
368,7,2,35.922,9.661,34.554,8.758
369,7,2,35.754,9.672,34.575,8.768
370,7,2,35.933,9.682,34.648,8.757
371,7,2,36.017,9.714,34.774,8.810
372,7,2,36.038,9.682,34.774,8.736
373,7,2,36.153,9.555,35.184,8.777
374,7,2,36.206,9.724,34.984,8.735
375,7,2,36.227,9.713,35.027,8.830
376,7,2,36.331,9.607,34.900,8.683
377,7,2,36.457,9.575,35.026,8.756
378,7,2,36.478,9.596,35.152,8.819
379,7,2,36.562,9.628,35.236,8.703
380,7,2,36.667,9.638,35.425,8.713
381,7,2,36.730,9.585,35.446,8.660
382,7,2,36.730,9.659,35.446,8.692
383,7,2,36.793,9.574,35.341,8.819
384,7,2,36.782,9.627,35.310,8.724
385,7,2,36.782,9.553,35.604,8.818
92,8,2,30.759,3.908,29.112,3.106
94,8,2,30.580,3.982,28.890,3.096
95,8,2,30.401,3.951,28.732,3.107
96,8,2,30.327,3.951,28.890,3.128
97,8,2,30.138,4.078,28.637,3.212
98,8,2,30.043,4.109,28.627,3.223
99,8,2,29.906,4.173,28.405,3.244
100,8,2,29.874,4.046,28.542,3.181
101,8,2,29.790,4.205,28.310,3.318
102,8,2,29.653,4.236,28.004,3.202
103,8,2,29.506,4.247,27.899,3.339
104,8,2,29.358,4.268,27.836,3.360
105,8,2,29.274,4.342,27.540,3.350
106,8,2,29.105,4.290,27.582,3.381
107,8,2,29.052,4.332,27.487,3.424
108,8,2,28.905,4.332,27.360,3.445
109,8,2,28.852,4.343,27.329,3.477
110,8,2,28.778,4.385,26.980,3.561
111,8,2,28.652,4.427,26.980,3.561
112,8,2,28.462,4.438,26.959,3.530
113,8,2,28.346,4.470,26.716,3.667
114,8,2,28.293,4.554,26.579,3.667
115,8,2,28.219,4.533,26.695,3.667
116,8,2,27.987,4.586,26.632,3.741
117,8,2,27.977,4.681,26.283,3.731
118,8,2,27.797,4.671,26.273,3.741
119,8,2,27.618,4.703,26.305,3.815
120,8,2,27.597,4.777,26.008,3.826
121,8,2,27.481,4.841,25.765,3.847
122,8,2,27.344,4.830,25.754,3.816
123,8,2,27.269,4.777,25.829,3.890
124,8,2,27.058,4.820,25.660,3.953
125,8,2,26.910,4.862,25.427,3.869
126,8,2,26.836,4.894,25.353,3.985
127,8,2,26.784,4.936,25.194,4.028
128,8,2,26.657,5.021,25.088,4.091
129,8,2,26.519,5.000,24.951,4.028
130,8,2,26.445,4.979,24.940,4.091
131,8,2,26.340,5.074,24.834,4.081
132,8,2,26.245,5.043,24.570,4.155
133,8,2,26.129,5.149,24.474,4.155
134,8,2,26.033,5.085,24.464,4.176
135,8,2,25.885,5.138,24.316,4.229
136,8,2,25.748,5.276,23.945,4.219
137,8,2,25.653,5.223,24.083,4.314
138,8,2,25.504,5.266,23.828,4.357
139,8,2,25.377,5.266,23.701,4.357
140,8,2,25.335,5.308,23.701,4.357
141,8,2,25.123,5.266,23.553,4.293
142,8,2,25.018,5.383,23.447,4.495
143,8,2,25.018,5.436,23.235,4.527
144,8,2,24.795,5.425,23.182,4.601
145,8,2,24.721,5.436,23.044,4.527
146,8,2,24.637,5.521,22.981,4.569
147,8,2,24.552,5.447,23.065,4.537
148,8,2,24.404,5.564,22.811,4.718
149,8,2,24.287,5.595,22.716,4.665
150,8,2,24.139,5.617,22.419,4.686
151,8,2,23.938,5.670,22.450,4.718
152,8,2,23.821,5.723,22.482,4.686
153,8,2,23.874,5.702,22.536,4.792
154,8,2,23.737,5.797,22.334,4.824
155,8,2,23.525,5.808,22.207,4.941
156,8,2,23.514,5.840,22.154,4.888
157,8,2,23.355,5.787,22.016,5.005
158,8,2,23.323,5.862,22.005,4.867
159,8,2,23.122,5.936,21.803,5.005
160,8,2,23.196,5.925,21.665,4.910
161,8,2,22.931,5.968,21.697,5.058
162,8,2,22.910,5.989,21.485,5.058
163,8,2,22.814,6.000,21.389,5.005
164,8,2,22.719,6.021,21.230,5.111
165,8,2,22.676,6.000,21.166,5.069
166,8,2,22.549,6.054,21.188,5.186
167,8,2,22.358,6.139,20.911,5.228
168,8,2,22.231,6.202,21.018,5.250
169,8,2,22.263,6.224,20.965,5.271
170,8,2,22.019,6.224,20.848,5.292
171,8,2,21.965,6.235,20.752,5.345
172,8,2,21.955,6.277,20.550,5.367
173,8,2,21.828,6.299,20.635,5.430
174,8,2,21.679,6.352,20.380,5.547
175,8,2,21.626,6.384,20.348,5.452
176,8,2,21.541,6.426,20.221,5.537
177,8,2,21.583,6.384,20.221,5.473
178,8,2,21.488,6.448,20.125,5.579
179,8,2,21.233,6.469,19.955,5.580
180,8,2,21.254,6.565,19.934,5.590
181,8,2,21.106,6.597,19.891,5.665
182,8,2,20.999,6.650,19.721,5.697
183,8,2,20.989,6.597,19.689,5.644
184,8,2,20.829,6.650,19.551,5.676
185,8,2,20.638,6.736,19.551,5.782
186,8,2,20.542,6.768,19.370,5.878
187,8,2,20.659,6.735,19.168,5.846
188,8,2,20.596,6.831,19.211,5.963
189,8,2,20.468,6.821,19.147,5.867
190,8,2,20.319,6.906,19.040,5.931
191,8,2,20.149,6.938,18.998,5.963
192,8,2,20.149,7.012,18.955,6.059
193,8,2,20.107,7.002,18.870,6.006
194,8,2,19.884,7.130,18.668,6.112
195,8,2,19.926,7.130,18.455,6.176
196,8,2,19.735,7.183,18.604,6.144
197,8,2,19.586,7.205,18.498,6.251
198,8,2,19.564,7.268,18.370,6.293
199,8,2,19.447,7.290,18.167,6.251
200,8,2,19.330,7.269,18.136,6.400
201,8,2,19.373,7.354,18.136,6.315
202,8,2,19.192,7.418,17.976,6.421
203,8,2,19.288,7.439,17.859,6.485
204,8,2,19.075,7.503,17.880,6.464
205,8,2,18.979,7.493,17.635,6.581
206,8,2,18.905,7.525,17.539,6.635
207,8,2,18.777,7.589,17.475,6.699
208,8,2,18.734,7.610,17.560,6.613
209,8,2,18.607,7.749,17.176,6.625
210,8,2,18.511,7.685,17.294,6.773
211,8,2,18.500,7.674,17.134,6.869
212,8,2,18.223,7.760,17.113,6.763
213,8,2,18.117,7.813,17.091,6.901
214,8,2,18.191,7.898,17.017,6.901
215,8,2,18.127,7.898,16.889,7.008
216,8,2,18.021,7.941,16.803,6.944
217,8,2,17.861,8.005,16.643,6.987
218,8,2,17.712,8.027,16.644,7.115
219,8,2,17.861,8.069,16.537,7.094
220,8,2,17.723,8.154,16.419,7.115
221,8,2,17.424,8.134,16.356,7.286
222,8,2,17.467,8.219,16.228,7.328
223,8,2,17.349,8.272,16.153,7.382
224,8,2,17.232,8.315,16.142,7.339
225,8,2,17.136,8.390,16.003,7.414
226,8,2,17.083,8.433,15.929,7.435
227,8,2,16.944,8.518,15.875,7.542
228,8,2,16.966,8.529,15.640,7.638
229,8,2,16.806,8.646,15.502,7.649
230,8,2,16.699,8.689,15.395,7.628
231,8,2,16.699,8.689,15.459,7.649
232,8,2,16.507,8.785,15.181,7.767
233,8,2,16.443,8.860,15.245,7.735
234,8,2,16.368,8.903,15.213,7.884
235,8,2,16.230,8.945,15.117,7.863
236,8,2,16.176,9.041,14.893,8.044
237,8,2,16.006,9.106,14.957,8.023
238,8,2,15.995,9.053,14.818,7.991
239,8,2,15.824,9.128,14.839,8.172
240,8,2,15.749,9.213,14.679,8.151
241,8,2,15.728,9.234,14.636,8.258
242,8,2,15.621,9.320,14.572,8.258
243,8,2,15.546,9.331,14.390,8.333
244,8,2,15.408,9.576,14.337,8.365
245,8,2,15.408,9.512,14.294,8.472
246,8,2,15.258,9.587,14.187,8.525
247,8,2,15.151,9.587,14.123,8.547
248,8,2,15.087,9.641,13.888,8.664
249,8,2,15.044,9.747,13.867,8.643
250,8,2,14.905,9.812,13.899,8.792
251,8,2,14.895,9.865,13.781,8.824
252,8,2,14.788,9.876,13.674,8.985
253,8,2,14.713,9.983,13.578,9.027
254,8,2,14.660,9.983,13.481,8.985
255,8,2,14.478,10.101,13.407,9.081
256,8,2,14.382,10.133,13.310,9.156
257,8,2,14.296,10.208,13.289,9.295
258,8,2,14.253,10.304,13.203,9.327
259,8,2,14.179,10.336,13.107,9.359
260,8,2,14.029,10.401,12.979,9.509
261,8,2,13.975,10.507,12.925,9.424
262,8,2,13.879,10.572,12.893,9.530
263,8,2,13.826,10.604,12.797,9.648
264,8,2,13.761,10.668,12.732,9.669
265,8,2,13.654,10.754,12.625,9.691
266,8,2,13.569,10.818,12.604,9.883
267,8,2,13.580,11.010,12.357,9.734
268,8,2,13.451,10.946,12.422,9.990
269,8,2,13.366,11.043,12.315,10.065
270,8,2,13.301,11.128,12.272,10.151
271,8,2,13.141,11.214,12.175,10.215
272,8,2,13.162,11.267,12.090,10.141
273,8,2,13.002,11.343,12.057,10.258
274,8,2,12.991,11.513,12.068,10.386
275,8,2,12.862,11.503,11.940,10.504
276,8,2,12.766,11.578,11.908,10.557
277,8,2,12.777,11.642,11.790,10.643
278,8,2,12.723,11.728,11.736,10.622
279,8,2,12.541,11.792,11.639,10.708
280,8,2,12.573,11.899,11.564,10.750
281,8,2,12.445,11.974,11.500,10.975
282,8,2,12.477,12.059,11.447,11.039
283,8,2,12.413,12.145,11.382,11.125
284,8,2,12.230,12.199,11.286,11.157
285,8,2,12.177,12.295,11.254,11.339
286,8,2,12.155,12.445,11.168,11.339
287,8,2,12.059,12.467,11.093,11.467
288,8,2,11.973,12.563,11.028,11.500
289,8,2,11.898,12.649,11.018,11.606
290,8,2,11.834,12.777,10.910,11.735
291,8,2,11.716,12.852,10.878,11.810
292,8,2,11.694,12.895,10.749,11.896
293,8,2,11.630,13.024,10.749,11.981
294,8,2,11.534,13.120,10.631,11.843
295,8,2,11.469,13.195,10.610,12.088
296,8,2,11.459,13.227,10.556,12.185
297,8,2,11.426,13.366,10.481,12.345
298,8,2,11.384,13.409,10.331,12.346
299,8,2,11.266,13.581,10.298,12.453
300,8,2,11.201,13.645,10.299,12.560
301,8,2,11.051,13.710,10.148,12.689
302,8,2,11.008,13.764,10.170,12.891
303,8,2,10.879,13.807,10.105,12.935
304,8,2,10.965,13.977,10.019,12.935
305,8,2,10.847,14.106,9.944,13.021
306,8,2,10.869,14.149,9.880,13.171
307,8,2,10.750,14.224,9.826,13.246
308,8,2,10.622,14.310,9.697,13.310
309,8,2,10.665,14.449,9.719,13.385
310,8,2,10.450,14.546,9.676,13.332
311,8,2,10.600,14.588,9.633,13.546
312,8,2,10.407,14.782,9.504,13.782
313,8,2,10.375,14.803,9.407,13.718
314,8,2,10.267,14.815,9.407,13.921
315,8,2,10.257,15.007,9.310,13.964
316,8,2,10.106,15.029,9.289,14.029
317,8,2,10.085,15.147,9.224,14.168
318,8,2,10.052,15.243,9.149,14.243
319,8,2,9.934,15.351,9.095,14.393
320,8,2,9.923,15.437,8.955,14.437
321,8,2,9.827,15.555,8.966,14.511
322,8,2,9.708,15.662,8.934,14.704
323,8,2,9.795,15.673,8.869,14.737
324,8,2,9.698,15.834,8.772,14.684
325,8,2,9.580,15.920,8.676,14.941
326,8,2,9.537,16.006,8.632,14.984
327,8,2,9.472,16.038,8.525,15.038
328,8,2,9.386,16.199,8.460,15.156
329,8,2,9.397,16.274,8.406,15.317
330,8,2,9.246,16.371,8.406,15.306
331,8,2,9.171,16.457,8.267,15.499
332,8,2,9.063,16.522,8.223,15.500
333,8,2,9.085,16.672,8.137,15.650
334,8,2,9.010,16.747,8.105,15.704
335,8,2,8.956,16.897,8.051,15.833
336,8,2,8.848,16.909,7.922,15.844
337,8,2,8.773,17.038,7.933,15.994
338,8,2,8.740,17.049,7.879,16.026
339,8,2,8.633,17.146,7.793,16.187
340,8,2,8.590,17.328,7.663,16.242
341,8,2,8.536,17.371,7.610,16.392
342,8,2,8.428,17.447,7.566,16.446
343,8,2,8.310,17.544,7.491,16.628
344,8,2,8.310,17.597,7.426,16.661
345,8,2,8.213,17.759,7.416,16.779
346,8,2,8.148,17.909,7.286,16.886
347,8,2,8.127,17.866,7.265,16.929
348,8,2,8.030,17.985,7.189,16.983
349,8,2,7.922,18.135,7.081,17.134
350,8,2,7.857,18.200,7.017,17.199
351,8,2,7.814,18.265,6.952,17.371
352,8,2,7.771,18.351,6.823,17.329
353,8,2,7.696,18.437,6.855,17.393
354,8,2,7.610,18.523,6.747,17.543
355,8,2,7.512,18.642,6.715,17.640
356,8,2,7.480,18.664,6.618,17.662
357,8,2,7.491,18.813,6.499,17.813
358,8,2,7.329,18.922,6.531,17.898
359,8,2,7.318,19.040,6.413,17.974
360,8,2,7.200,19.105,6.359,18.018
361,8,2,7.178,19.169,6.272,18.190
362,8,2,7.103,19.224,6.197,18.265
363,8,2,7.049,19.320,6.100,18.405
364,8,2,7.006,19.342,6.078,18.384
365,8,2,6.887,19.493,5.981,18.513
366,8,2,6.822,19.558,5.959,18.642
367,8,2,6.725,19.677,5.862,18.739
368,8,2,6.671,19.774,5.894,18.879
369,8,2,6.639,19.838,5.668,18.816
370,8,2,6.509,19.968,5.711,18.901
371,8,2,6.509,20.064,5.581,19.020
372,8,2,6.434,20.172,5.484,19.107
373,8,2,6.498,20.257,5.441,19.343
374,8,2,6.239,20.335,5.397,19.354
375,8,2,6.239,20.410,5.354,19.408
376,8,2,6.272,20.495,5.257,19.559
377,8,2,5.959,20.648,5.224,19.666
378,8,2,6.110,20.722,5.116,19.721
379,8,2,5.948,20.787,5.170,19.806
380,8,2,5.872,20.885,5.051,19.947
381,8,2,5.861,21.056,4.933,20.034
382,8,2,5.742,21.068,4.922,20.152
383,8,2,5.742,21.175,4.878,20.238
384,8,2,5.645,21.273,4.803,20.400
385,8,2,5.494,21.381,4.695,20.465
386,8,2,5.483,21.446,4.662,20.508
387,8,2,5.451,21.575,4.608,20.594
388,8,2,5.364,21.662,4.543,20.681
389,8,2,5.407,21.865,4.565,20.777
390,8,2,5.310,21.812,4.402,20.918
391,8,2,5.202,21.985,4.359,21.155
392,8,2,5.256,22.135,4.305,21.134
393,8,2,5.094,22.233,4.316,21.273
394,8,2,5.051,22.373,4.208,21.414
395,8,2,5.061,22.373,4.197,21.500
396,8,2,4.996,22.567,4.153,21.500
397,8,2,4.877,22.664,4.056,21.683
398,8,2,4.910,22.761,4.045,21.737
399,8,2,4.834,22.901,3.904,21.792
400,8,2,4.812,22.934,3.969,22.017
401,8,2,4.661,23.053,3.861,21.943
402,8,2,4.683,23.128,3.774,22.234
403,8,2,4.574,23.290,3.753,22.288
404,8,2,4.542,23.420,3.677,22.267
405,8,2,4.466,23.538,3.644,22.514
406,8,2,4.347,23.679,3.655,22.611
407,8,2,4.444,23.646,3.471,22.688
408,8,2,4.314,23.852,3.536,22.870
409,8,2,4.217,23.949,3.438,22.989
410,8,2,4.271,23.992,3.427,23.032
411,8,2,4.260,24.056,3.287,23.227
98,4,2,25.974,6.652,24.362,5.850
99,4,2,25.858,6.652,24.246,5.871
110,10,2,11.068,26.093,10.486,24.404
111,10,2,11.089,25.846,10.486,24.394
112,10,2,11.132,25.824,10.443,24.137
113,10,2,11.089,25.631,10.422,24.116
114,10,2,11.165,25.502,10.454,23.987
115,10,2,11.165,25.470,10.454,23.847
116,10,2,11.089,25.202,10.421,23.644
117,10,2,11.089,25.020,10.421,23.440
118,10,2,11.089,24.967,10.378,23.602
119,10,2,11.078,24.849,10.410,23.290
120,10,2,11.100,24.720,10.410,23.226
121,10,2,11.143,24.687,10.475,22.872
122,10,2,11.078,24.399,10.389,22.883
123,10,2,11.089,24.313,10.378,23.012
124,10,2,11.121,24.120,10.410,22.733
125,10,2,11.175,24.076,10.399,22.498
126,10,2,11.088,23.841,10.421,22.305
127,10,2,11.142,23.702,10.432,22.337
128,10,2,11.174,23.605,10.399,21.983
129,10,2,11.142,23.487,10.388,21.930
130,10,2,11.153,23.316,10.421,21.651
131,10,2,11.120,23.263,10.410,21.619
132,10,2,11.185,23.048,10.388,21.448
133,10,2,11.174,22.973,10.399,21.266
134,10,2,11.238,22.758,10.399,21.201
135,10,2,11.152,22.737,10.442,21.223
136,10,2,11.120,22.491,10.453,20.976
137,10,2,11.152,22.341,10.442,20.933
138,10,2,11.120,22.234,10.431,20.569
139,10,2,11.120,22.084,10.409,20.441
140,10,2,11.184,21.945,10.474,20.280
141,10,2,11.152,21.891,10.484,20.119
142,10,2,11.163,21.613,10.452,20.077
143,10,2,11.227,21.473,10.452,19.916
144,10,2,11.184,21.366,10.474,19.766
145,10,2,11.281,21.248,10.441,19.542
146,10,2,11.151,21.077,10.484,19.563
147,10,2,11.194,20.863,10.484,19.306
148,10,2,11.184,20.788,10.495,19.274
149,10,2,11.205,20.777,10.495,19.049
150,10,2,11.312,20.477,10.516,18.792
151,10,2,11.237,20.424,10.441,18.824
152,10,2,11.248,20.156,10.430,18.578
153,10,2,11.291,20.049,10.473,18.535
154,10,2,11.269,19.921,10.473,18.171
155,10,2,11.248,19.824,10.473,18.118
156,10,2,11.247,19.653,10.473,17.968
157,10,2,11.204,19.386,10.473,18.022
158,10,2,11.258,19.300,10.526,17.722
159,10,2,11.247,19.140,10.473,17.476
160,10,2,11.215,19.033,10.505,17.433
161,10,2,11.226,18.926,10.515,17.283
162,10,2,11.236,18.765,10.548,17.230
163,10,2,11.301,18.615,10.526,17.016
164,10,2,11.204,18.455,10.515,16.941
165,10,2,11.279,18.251,10.440,16.952
166,10,2,11.300,18.187,10.526,16.652
167,10,2,11.322,18.059,10.612,16.587
168,10,2,11.365,17.930,10.633,16.288
169,10,2,11.311,17.791,10.579,16.299
170,10,2,11.311,17.674,10.558,16.160
171,10,2,11.322,17.642,10.655,15.935
172,10,2,11.332,17.417,10.644,15.924
173,10,2,11.386,17.395,10.655,15.903
174,10,2,11.343,17.256,10.655,15.892
175,10,2,11.386,17.117,10.697,15.710
176,10,2,11.504,16.913,10.687,15.400
177,10,2,11.450,16.850,10.740,15.400
178,10,2,11.568,16.753,10.772,15.282
179,10,2,11.525,16.603,10.815,15.218
180,10,2,11.557,16.635,10.719,15.229
181,10,2,11.557,16.453,10.826,15.111
182,10,2,11.611,16.389,10.901,14.918
183,10,2,11.664,16.185,10.869,14.779
184,10,2,11.621,16.122,10.933,14.907
185,10,2,11.782,16.057,10.923,14.779
186,10,2,11.836,16.003,10.912,14.662
187,10,2,11.793,15.907,10.955,14.629
188,10,2,11.889,15.831,11.030,14.575
189,10,2,11.889,15.735,11.030,14.479
190,10,2,11.932,15.650,11.094,14.500
191,10,2,11.889,15.725,11.116,14.511
192,10,2,12.007,15.596,11.277,14.318
193,10,2,12.029,15.489,11.298,14.232
194,10,2,12.050,15.360,11.255,14.382
195,10,2,12.157,15.274,11.320,14.082
196,10,2,12.125,15.189,11.352,14.061
197,10,2,12.308,15.113,11.405,14.093
198,10,2,12.318,15.060,11.416,13.975
199,10,2,12.372,15.017,11.405,13.954
200,10,2,12.447,14.910,11.545,13.761
201,10,2,12.425,14.846,11.523,13.825
202,10,2,12.575,14.749,11.631,13.750
203,10,2,12.683,14.748,11.609,13.451
204,10,2,12.629,14.695,11.598,13.568
205,10,2,12.683,14.588,11.716,13.504
206,10,2,12.757,14.481,11.791,13.503
207,10,2,12.929,14.405,11.877,13.257
208,10,2,12.768,14.310,11.931,13.311
209,10,2,13.025,14.255,11.952,13.193
210,10,2,12.929,14.149,11.984,13.172
211,10,2,13.057,14.116,12.113,13.075
212,10,2,13.100,14.148,12.070,12.915
213,10,2,13.100,14.009,12.070,12.755
214,10,2,13.272,13.913,12.156,12.872
215,10,2,13.314,13.827,12.370,12.828
216,10,2,13.368,13.773,12.317,12.690
217,10,2,13.507,13.666,12.434,12.604
218,10,2,13.507,13.591,12.477,12.486
219,10,2,13.550,13.591,12.499,12.550
220,10,2,13.646,13.473,12.595,12.454
221,10,2,13.732,13.590,12.531,12.294
222,10,2,13.678,13.356,12.799,12.314
223,10,2,13.839,13.238,12.766,12.240
224,10,2,13.935,13.258,12.777,12.090
225,10,2,13.935,13.152,12.884,12.154
226,10,2,14.064,13.109,12.948,11.876
227,10,2,14.064,13.077,13.077,11.822
228,10,2,14.128,13.076,13.163,11.929
229,10,2,14.149,13.065,13.077,11.854
230,10,2,14.128,12.863,13.098,11.758
231,10,2,14.213,12.788,13.334,11.725
232,10,2,14.224,12.660,13.388,11.746
233,10,2,14.363,12.638,13.505,11.575
234,10,2,14.566,12.466,13.494,11.511
235,10,2,14.534,12.477,13.612,11.393
236,10,2,14.641,12.349,13.676,11.393
237,10,2,14.716,12.295,13.794,11.212
238,10,2,14.758,12.167,13.858,11.169
239,10,2,14.833,12.103,13.997,11.062
240,10,2,14.908,11.996,13.965,11.040
241,10,2,15.004,11.942,14.083,10.944
242,10,2,15.068,11.910,14.104,10.784
243,10,2,15.154,11.760,14.190,10.762
244,10,2,15.378,11.813,14.264,10.645
245,10,2,15.357,11.706,14.329,10.602
246,10,2,15.474,11.599,14.489,10.580
247,10,2,15.560,11.524,14.596,10.527
248,10,2,15.560,11.375,14.596,10.569
249,10,2,15.688,11.364,14.767,10.366
250,10,2,15.837,11.417,14.660,10.292
251,10,2,15.891,11.257,14.885,10.366
252,10,2,15.998,11.246,14.799,10.291
253,10,2,16.094,11.118,15.130,10.205
254,10,2,16.286,11.117,15.066,10.120
255,10,2,16.446,11.010,15.355,10.034
256,10,2,16.435,10.925,15.322,9.821
257,10,2,16.563,10.871,15.451,9.917
258,10,2,16.702,10.732,15.611,9.820
259,10,2,16.798,10.700,15.814,9.873
260,10,2,17.001,10.646,15.654,9.714
261,10,2,17.086,10.582,15.846,9.756
262,10,2,17.118,10.528,16.113,9.552
263,10,2,17.299,10.443,16.209,9.616
264,10,2,17.513,10.367,16.273,9.563
265,10,2,17.470,10.293,16.380,9.488
266,10,2,17.619,10.239,16.465,9.307
267,10,2,17.768,10.207,16.636,9.402
268,10,2,17.939,10.153,16.764,9.433
269,10,2,17.982,10.079,16.935,9.295
270,10,2,18.163,10.057,17.031,9.273
271,10,2,18.291,10.003,17.052,9.177
272,10,2,18.355,9.960,17.223,9.155
273,10,2,18.493,9.917,17.404,9.112
274,10,2,18.610,9.864,17.543,9.038
275,10,2,18.759,9.842,17.585,8.995
276,10,2,19.004,9.724,17.852,8.984
277,10,2,19.058,9.714,17.948,8.951
278,10,2,19.164,9.735,18.097,8.908
279,10,2,19.334,9.617,18.140,8.813
280,10,2,19.462,9.638,18.310,8.812
281,10,2,19.569,9.616,18.374,8.812
282,10,2,19.792,9.478,18.491,8.759
283,10,2,19.962,9.498,18.640,8.716
284,10,2,19.920,9.424,18.939,8.683
285,10,2,20.133,9.360,18.981,8.640
286,10,2,20.335,9.359,19.141,8.555
287,10,2,20.516,9.390,19.173,8.459
288,10,2,20.622,9.316,19.407,8.554
289,10,2,20.707,9.220,19.620,8.458
290,10,2,20.866,9.219,19.737,8.351
291,10,2,21.143,9.134,19.907,8.351
292,10,2,21.196,9.197,20.109,8.351
293,10,2,21.355,9.091,20.014,8.351
294,10,2,21.493,9.090,20.216,8.308
295,10,2,21.632,9.058,20.226,8.170
296,10,2,21.653,9.047,20.631,8.307
297,10,2,21.844,8.983,20.673,8.285
298,10,2,22.025,8.983,20.832,8.179
299,10,2,22.184,8.929,20.907,8.104
300,10,2,22.279,8.844,21.130,8.083
301,10,2,22.492,8.886,21.151,8.104
302,10,2,22.725,8.800,21.428,8.103
303,10,2,22.874,8.832,21.427,7.965
304,10,2,22.916,8.853,21.661,8.028
305,10,2,23.065,8.799,21.980,8.102
306,10,2,23.352,8.852,21.821,8.007
307,10,2,23.352,8.841,22.139,7.953
308,10,2,23.564,8.777,22.203,7.889
309,10,2,23.617,8.734,22.320,7.868
310,10,2,23.786,8.744,22.468,7.899
311,10,2,24.051,8.712,22.712,7.888
312,10,2,24.189,8.743,22.829,7.919
313,10,2,24.274,8.648,22.935,7.887
314,10,2,24.486,8.647,23.105,7.866
315,10,2,24.613,8.636,23.317,7.876
316,10,2,24.815,8.689,23.370,7.738
317,10,2,24.942,8.582,23.604,7.801
318,10,2,25.037,8.582,23.741,7.758
319,10,2,25.121,8.508,23.890,7.726
320,10,2,25.386,8.528,24.112,7.704
321,10,2,25.355,8.518,24.314,7.715
322,10,2,25.482,8.496,24.314,7.630
323,10,2,25.841,8.453,24.737,7.523
324,10,2,25.789,8.495,24.685,7.671
325,10,2,26.095,8.367,24.823,7.713
326,10,2,26.212,8.420,25.024,7.596
327,10,2,26.339,8.409,25.151,7.522
328,10,2,26.402,8.451,25.405,7.500
329,10,2,26.624,8.355,25.415,7.490
330,10,2,26.825,8.323,25.532,7.415
331,10,2,26.868,8.365,25.743,7.436
332,10,2,27.090,8.344,25.881,7.436
333,10,2,27.301,8.301,26.008,7.351
334,10,2,27.417,8.269,26.082,7.361
335,10,2,27.555,8.300,26.262,7.350
336,10,2,27.724,8.268,26.452,7.297
337,10,2,27.777,8.215,26.674,7.349
338,10,2,27.935,8.162,26.833,7.190
339,10,2,28.062,8.108,27.023,7.264
340,10,2,28.273,8.034,27.044,7.148
341,10,2,28.315,8.076,27.277,7.189
342,10,2,28.516,8.054,27.329,7.105
343,10,2,28.600,8.054,27.456,7.104
344,10,2,28.822,8.001,27.636,7.072
345,10,2,28.917,7.979,27.857,6.966
346,10,2,29.053,7.873,27.826,6.987
347,10,2,29.244,7.915,28.037,6.923
348,10,2,29.370,7.851,28.206,6.923
349,10,2,29.444,7.788,28.385,6.859
350,10,2,29.560,7.756,28.374,6.722
351,10,2,29.707,7.734,28.585,6.743
352,10,2,29.855,7.639,28.691,6.647
353,10,2,29.886,7.597,28.912,6.605
354,10,2,30.055,7.554,28.996,6.499
355,10,2,30.202,7.585,29.144,6.615
356,10,2,30.508,7.458,29.197,6.551
357,10,2,30.507,7.373,29.260,6.488
358,10,2,30.581,7.405,29.629,6.498
359,10,2,30.855,7.299,29.756,6.434
360,10,2,30.855,7.309,29.839,6.275
361,10,2,31.087,7.287,29.987,6.338
362,10,2,31.245,7.245,30.061,6.338
363,10,2,31.318,7.076,30.050,6.296
364,10,2,31.465,7.065,30.261,6.201
365,10,2,31.676,7.001,30.366,6.179
366,10,2,31.728,6.980,30.524,6.116
367,10,2,31.823,6.916,30.661,5.989
368,10,2,32.054,6.926,30.829,5.915
369,10,2,32.065,6.905,30.881,5.809
370,10,2,32.212,6.810,31.029,5.925
371,10,2,32.422,6.789,31.092,5.904
372,10,2,32.611,6.693,31.261,5.808
373,10,2,32.590,6.630,31.408,5.703
374,10,2,32.716,6.609,31.534,5.787
375,10,2,32.916,6.608,31.523,5.702
376,10,2,33.105,6.545,31.839,5.596
377,10,2,33.157,6.513,31.849,5.565
378,10,2,33.252,6.492,32.028,5.543
379,10,2,33.367,6.428,32.228,5.522
380,10,2,33.567,6.343,32.385,5.459
381,10,2,33.777,6.332,32.596,5.363
382,10,2,33.840,6.290,32.512,5.406
383,10,2,34.092,6.226,32.785,5.363
384,10,2,33.976,6.184,32.795,5.300
385,10,2,34.112,6.121,33.057,5.173
386,10,2,34.228,6.163,32.942,5.236
387,10,2,34.427,6.110,33.058,5.205
388,10,2,34.511,6.025,33.309,5.078
389,10,2,34.637,6.004,33.415,5.120
390,10,2,34.700,5.951,33.625,5.088
391,10,2,34.815,5.898,33.614,4.993
392,10,2,35.066,5.750,33.887,4.887
393,10,2,35.213,5.824,33.866,4.940
394,10,2,35.308,5.771,33.876,4.972
395,10,2,35.349,5.740,34.086,4.834
396,10,2,35.496,5.687,34.191,4.782
397,10,2,35.643,5.623,34.338,4.781
398,10,2,35.758,5.655,34.495,4.750
399,10,2,35.947,5.570,34.495,4.708
400,10,2,36.051,5.560,34.558,4.655
401,10,2,36.135,5.559,34.705,4.676
402,10,2,36.166,5.486,34.883,4.707
403,10,2,36.355,5.454,34.946,4.549
404,10,2,36.501,5.401,35.051,4.686
405,10,2,36.617,5.390,35.145,4.507
406,10,2,36.701,5.432,35.250,4.528
407,10,2,36.763,5.316,35.376,4.622
408,10,2,36.763,5.274,35.544,4.559
163,13,2,11.950,26.105,11.218,24.612
164,13,2,11.896,25.955,11.185,24.226
165,13,2,11.950,25.794,11.175,24.066
166,13,2,11.896,25.612,11.185,23.926
167,13,2,11.863,25.473,11.217,23.787
168,13,2,11.896,25.269,11.142,23.627
169,13,2,11.992,25.161,11.131,23.327
170,13,2,11.981,24.958,11.142,23.187
171,13,2,11.917,24.851,11.099,23.102
172,13,2,11.938,24.669,11.206,22.919
173,13,2,11.917,24.541,11.163,22.962
174,13,2,11.938,24.455,11.142,22.962
175,13,2,11.916,24.273,11.206,22.544
176,13,2,11.981,24.047,11.184,22.512
177,13,2,11.938,23.876,11.141,22.298
178,13,2,11.981,23.747,11.141,22.255
179,13,2,11.991,23.619,11.173,21.891
180,13,2,11.937,23.405,11.206,21.762
181,13,2,12.023,23.308,11.184,21.666
182,13,2,12.034,23.126,11.195,21.677
183,13,2,11.991,22.912,11.216,21.355
184,13,2,11.991,22.762,11.238,21.312
185,13,2,12.077,22.697,11.302,20.969
186,13,2,12.055,22.504,11.280,20.841
187,13,2,12.044,22.355,11.227,20.863
188,13,2,12.151,22.225,11.227,20.756
189,13,2,12.098,22.140,11.280,20.670
190,13,2,12.098,21.894,11.388,20.358
191,13,2,12.076,21.691,11.345,20.369
192,13,2,12.269,21.721,11.366,20.102
193,13,2,12.205,21.550,11.387,20.102
194,13,2,12.183,21.304,11.387,19.855
195,13,2,12.333,21.164,11.409,19.695
196,13,2,12.376,20.918,11.516,19.576
197,13,2,12.279,20.779,11.505,19.501
198,13,2,12.408,20.746,11.591,19.298
199,13,2,12.397,20.682,11.602,19.126
200,13,2,12.408,20.479,11.634,19.158
201,13,2,12.472,20.296,11.741,18.762
202,13,2,12.590,20.060,11.730,18.847
203,13,2,12.601,20.049,11.762,18.644
204,13,2,12.622,19.910,11.784,18.612
205,13,2,12.697,19.749,11.838,18.451
206,13,2,12.761,19.588,11.945,18.268
207,13,2,12.718,19.418,11.902,18.290
208,13,2,12.783,19.299,11.988,17.979
209,13,2,12.847,19.181,12.030,17.883
210,13,2,12.890,19.021,12.030,17.701
211,13,2,12.890,18.892,12.052,17.594
212,13,2,12.868,18.754,12.159,17.454
213,13,2,12.954,18.742,12.159,17.294
214,13,2,13.007,18.539,12.169,17.134
215,13,2,13.029,18.303,12.255,17.026
216,13,2,13.082,18.271,12.287,16.994
217,13,2,13.136,18.089,12.298,16.684
218,13,2,13.071,17.940,12.405,16.576
219,13,2,13.168,17.875,12.437,16.533
220,13,2,13.200,17.715,12.491,16.458
221,13,2,13.210,17.608,12.523,16.223
222,13,2,13.200,17.415,12.534,16.223
223,13,2,13.232,17.426,12.652,16.147
224,13,2,13.339,17.147,12.651,15.955
225,13,2,13.414,17.072,12.748,15.901
226,13,2,13.424,16.987,12.630,15.688
227,13,2,13.467,16.805,12.801,15.271
228,13,2,13.488,16.698,12.780,15.485
229,13,2,13.478,16.666,12.876,15.196
230,13,2,13.617,16.462,12.844,15.164
231,13,2,13.627,16.334,12.919,14.993
232,13,2,13.692,16.163,13.026,14.842
233,13,2,13.788,16.034,13.015,14.757
234,13,2,13.766,15.981,13.058,14.490
235,13,2,13.852,15.873,13.079,14.533
236,13,2,13.905,15.702,13.111,14.340
237,13,2,13.980,15.584,13.186,14.265
238,13,2,14.012,15.520,13.218,14.158
239,13,2,14.034,15.467,13.240,14.041
240,13,2,14.109,15.274,13.207,13.913
241,13,2,14.098,15.157,13.282,13.966
242,13,2,14.226,15.028,13.368,13.731
243,13,2,14.247,15.007,13.411,13.688
244,13,2,14.279,14.782,13.507,13.485
245,13,2,14.344,14.739,13.507,13.485
246,13,2,14.365,14.675,13.550,13.399
247,13,2,14.429,14.525,13.571,13.399
248,13,2,14.536,14.482,13.614,13.271
249,13,2,14.568,14.365,13.646,13.174
250,13,2,14.654,14.322,13.753,12.982
251,13,2,14.707,14.108,13.764,13.025
252,13,2,14.782,14.065,13.796,12.811
253,13,2,14.835,14.065,13.849,12.768
254,13,2,14.910,13.936,13.903,12.811
255,13,2,14.974,13.861,13.967,12.778
256,13,2,15.092,13.690,13.999,12.714
257,13,2,15.102,13.669,14.074,12.629
258,13,2,15.273,13.519,14.223,12.436
259,13,2,15.370,13.433,14.277,12.436
260,13,2,15.466,13.390,14.502,12.328
261,13,2,15.508,13.294,14.480,12.254
262,13,2,15.626,13.208,14.598,12.253
263,13,2,15.711,13.144,14.748,12.167
264,13,2,15.786,13.037,14.887,12.081
265,13,2,15.861,12.919,14.919,12.134
266,13,2,15.989,12.876,15.047,11.963
267,13,2,16.096,12.811,15.111,11.899
268,13,2,16.224,12.747,15.218,11.814
269,13,2,16.256,12.715,15.228,11.718
270,13,2,16.437,12.575,15.367,11.706
271,13,2,16.501,12.543,15.303,11.611
272,13,2,16.715,12.457,15.496,11.567
273,13,2,16.811,12.414,15.741,11.524
274,13,2,16.822,12.318,15.902,11.555
275,13,2,16.971,12.275,15.902,11.491
276,13,2,17.110,12.264,16.019,11.374
277,13,2,17.184,12.157,16.201,11.245
278,13,2,17.344,12.060,16.147,11.235
279,13,2,17.462,12.071,16.329,11.159
280,13,2,17.547,11.996,16.457,10.999
281,13,2,17.718,11.920,16.435,11.116
282,13,2,17.792,11.835,16.531,11.010
283,13,2,17.952,11.813,16.777,10.923
284,13,2,17.973,11.685,16.905,10.923
285,13,2,18.176,11.684,16.980,10.838
286,13,2,18.219,11.706,17.065,10.859
287,13,2,18.400,11.567,17.118,10.826
288,13,2,18.464,11.545,17.374,10.740
289,13,2,18.528,11.577,17.566,10.665
290,13,2,18.794,11.448,17.662,10.644
291,13,2,18.730,11.491,17.684,10.558
292,13,2,18.943,11.362,17.876,10.579
293,13,2,19.093,11.447,17.876,10.536
294,13,2,19.210,11.383,18.078,10.557
295,13,2,19.359,11.244,18.036,10.461
296,13,2,19.465,11.222,18.249,10.439
297,13,2,19.540,11.190,18.409,10.407
298,13,2,19.529,11.158,18.462,10.354
299,13,2,19.806,11.178,18.696,10.310
300,13,2,19.827,11.072,18.781,10.246
301,13,2,19.987,11.124,18.920,10.299
302,13,2,20.104,11.028,18.867,10.246
303,13,2,20.338,10.964,19.037,10.160
304,13,2,20.359,10.942,19.080,10.160
305,13,2,20.476,10.867,19.410,10.042
306,13,2,20.699,10.867,19.420,10.063
307,13,2,20.710,10.813,19.623,10.052
308,13,2,20.870,10.760,19.782,9.956
309,13,2,20.891,10.866,19.910,9.955
310,13,2,21.199,10.727,19.963,9.945
311,13,2,21.167,10.791,19.974,10.051
312,13,2,21.242,10.748,20.070,10.051
313,13,2,21.507,10.683,20.272,9.880
314,13,2,21.784,10.650,20.080,9.891
315,13,2,21.656,10.619,20.421,9.837
316,13,2,21.933,10.650,20.570,9.890
317,13,2,21.986,10.628,20.857,9.910
318,13,2,22.017,10.543,20.889,9.782
319,13,2,22.124,10.490,21.080,9.814
320,13,2,22.389,10.563,21.176,9.696
321,13,2,22.389,10.489,21.367,9.749
322,13,2,22.580,10.509,21.282,9.792
323,13,2,22.719,10.679,21.633,9.578
324,13,2,22.984,10.540,21.601,9.780
325,13,2,22.920,10.561,21.750,9.695
326,13,2,23.133,10.465,21.856,9.726
327,13,2,23.122,10.529,22.058,9.726
328,13,2,23.292,10.443,22.207,9.683
329,13,2,23.451,10.453,22.239,9.651
330,13,2,23.504,10.485,22.441,9.703
331,13,2,23.536,10.485,22.536,9.682
332,13,2,23.716,10.389,22.695,9.649
333,13,2,23.907,10.409,22.865,9.585
334,13,2,24.056,10.366,23.077,9.584
335,13,2,24.321,10.429,22.897,9.649
336,13,2,24.363,10.408,23.237,9.584
337,13,2,24.427,10.355,23.322,9.658
338,13,2,24.681,10.269,23.364,9.573
339,13,2,24.670,10.248,23.587,9.657
340,13,2,24.776,10.279,23.820,9.540
341,13,2,24.882,10.236,23.778,9.519
342,13,2,25.084,10.278,24.022,9.603
343,13,2,25.200,10.256,24.138,9.496
344,13,2,25.296,10.299,24.234,9.581
345,13,2,25.317,10.320,24.403,9.517
346,13,2,25.412,10.298,24.351,9.602
347,13,2,25.667,10.318,24.647,9.537
348,13,2,25.751,10.339,24.732,9.558
349,13,2,25.847,10.339,24.785,9.558
350,13,2,26.090,10.296,24.859,9.494
351,13,2,26.133,10.317,25.008,9.557
352,13,2,26.260,10.338,25.156,9.536
353,13,2,26.270,10.306,25.315,9.419
354,13,2,26.461,10.358,25.506,9.513
355,13,2,26.694,10.326,25.484,9.439
356,13,2,26.630,10.315,25.336,9.556
357,13,2,26.979,10.335,25.791,9.491
358,13,2,27.001,10.420,25.919,9.512
359,13,2,27.075,10.377,26.035,9.512
360,13,2,27.286,10.334,26.204,9.532
361,13,2,27.318,10.313,26.257,9.511
362,13,2,27.498,10.355,26.395,9.553
363,13,2,27.635,10.312,26.469,9.532
364,13,2,27.698,10.312,26.638,9.531
365,13,2,27.868,10.311,26.829,9.552
366,13,2,28.047,10.321,26.818,9.584
367,13,2,28.227,10.289,27.041,9.593
368,13,2,28.269,10.310,27.146,9.636
369,13,2,28.322,10.299,27.199,9.582
370,13,2,28.385,10.309,27.432,9.613
371,13,2,28.597,10.425,27.538,9.560
372,13,2,28.755,10.329,27.527,9.550
373,13,2,28.798,10.361,27.675,9.666
374,13,2,28.840,10.467,27.781,9.686
375,13,2,29.020,10.402,27.919,9.707
376,13,2,29.157,10.370,28.035,9.675
377,13,2,29.262,10.423,27.972,9.771
378,13,2,29.389,10.486,28.162,9.749
379,13,2,29.474,10.517,28.310,9.738
380,13,2,29.559,10.570,28.500,9.748
381,13,2,29.696,10.569,28.574,9.832
382,13,2,29.844,10.611,28.722,9.832
383,13,2,29.949,10.632,28.469,9.917
384,13,2,30.108,10.695,28.585,10.002
385,13,2,30.182,10.716,28.955,10.022
386,13,2,30.256,10.843,29.071,10.106
387,13,2,30.266,10.832,29.208,10.052
388,13,2,30.499,10.905,29.377,9.999
389,13,2,30.541,11.043,29.272,10.158
390,13,2,30.742,11.073,29.431,10.274
391,13,2,30.763,10.968,29.684,10.188
392,13,2,30.889,11.041,29.811,10.283
393,13,2,30.943,11.263,29.843,10.315
394,13,2,31.080,11.210,29.980,10.410
395,13,2,31.154,11.326,30.096,10.399
396,13,2,31.312,11.399,30.191,10.430
397,13,2,31.397,11.346,30.150,10.589
398,13,2,31.355,11.515,30.276,10.483
399,13,2,31.555,11.430,30.456,10.673
400,13,2,31.714,11.662,30.445,10.694
401,13,2,31.745,11.651,30.477,10.810
402,13,2,31.851,11.683,30.731,10.883
403,13,2,32.104,11.756,30.667,10.894
404,13,2,32.052,11.830,30.931,10.819
405,13,2,32.178,11.872,31.037,10.945
406,13,2,32.284,11.924,31.058,11.019
407,13,2,32.358,11.966,31.174,11.061
408,13,2,32.505,12.040,31.217,11.156
409,13,2,32.611,12.145,31.428,11.325
410,13,2,32.758,12.091,31.534,11.398
411,13,2,32.853,12.091,31.586,11.314
