0 0 2 34.413 3.948 32.463 2.757
1 0 2 34.472 3.984 32.428 2.733
2 0 2 34.378 3.995 32.334 2.745
3 0 2 34.285 4.007 32.240 2.756
4 0 2 34.191 4.042 32.147 2.791
5 0 2 34.097 4.030 32.053 2.779
6 0 2 34.004 4.065 31.959 2.814
7 0 2 33.910 4.076 31.865 2.825
8 0 2 33.817 4.112 31.771 2.860
9 0 2 33.700 4.123 31.654 2.872
10 0 2 33.606 4.135 31.560 2.883
11 0 2 33.512 4.146 31.466 2.895
12 0 2 33.395 4.158 31.349 2.906
13 0 2 33.301 4.169 31.255 2.918
14 0 2 33.208 4.204 31.161 2.953
15 0 2 33.090 4.192 31.043 2.941
16 0 2 32.997 4.227 30.950 2.976
17 0 2 32.903 4.215 30.856 2.964
18 0 2 32.809 4.250 30.762 2.999
19 0 2 32.692 4.238 30.644 2.986
20 0 2 32.598 4.273 30.550 3.021
21 0 2 32.504 4.261 30.456 3.009
22 0 2 32.411 4.297 30.362 3.044
23 0 2 32.293 4.285 30.244 3.032
24 0 2 32.199 4.296 30.150 3.044
25 0 2 32.082 4.308 30.033 3.055
26 0 2 31.965 4.343 29.915 3.090
27 0 2 31.847 4.331 29.798 3.078
28 0 2 31.753 4.366 29.703 3.113
29 0 2 31.636 4.377 29.586 3.125
30 0 2 31.519 4.389 29.468 3.136
31 0 2 31.401 4.400 29.350 3.148
32 0 2 31.307 4.412 29.256 3.159
33 0 2 31.190 4.423 29.139 3.170
34 0 2 31.072 4.459 29.021 3.205
35 0 2 30.955 4.470 28.903 3.217
36 0 2 30.861 4.482 28.809 3.228
37 0 2 30.743 4.493 28.691 3.240
38 0 2 30.626 4.528 28.573 3.275
39 0 2 30.508 4.540 28.456 3.286
40 0 2 30.414 4.551 28.361 3.298
41 0 2 30.297 4.563 28.243 3.309
42 0 2 30.179 4.598 28.126 3.344
43 0 2 30.038 4.610 27.984 3.356
44 0 2 29.920 4.645 27.866 3.391
45 0 2 29.803 4.680 27.748 3.426
46 0 2 29.661 4.715 27.607 3.461
47 0 2 29.544 4.750 27.489 3.496
48 0 2 29.426 4.785 27.371 3.531
49 0 2 29.285 4.820 27.229 3.566
50 0 2 29.167 4.855 27.111 3.601
51 0 2 29.049 4.891 26.993 3.636
52 0 2 28.908 4.949 26.852 3.695
53 0 2 28.790 4.984 26.734 3.730
54 0 2 28.673 5.020 26.616 3.765
55 0 2 28.531 5.055 26.474 3.800
56 0 2 28.413 5.114 26.356 3.859
57 0 2 28.296 5.149 26.238 3.894
58 0 2 28.154 5.208 26.096 3.953
59 0 2 28.013 5.266 25.954 4.011
60 0 2 27.895 5.325 25.836 4.070
61 0 2 27.753 5.360 25.694 4.105
62 0 2 27.612 5.443 25.552 4.188
63 0 2 27.494 5.478 25.434 4.223
64 0 2 27.352 5.537 25.292 4.281
65 0 2 27.211 5.596 25.150 4.340
66 0 2 27.093 5.655 25.032 4.399
67 0 2 26.951 5.690 24.890 4.434
68 0 2 26.809 5.772 24.748 4.517
69 0 2 26.691 5.808 24.629 4.552
70 0 2 26.549 5.866 24.487 4.611
71 0 2 26.408 5.925 24.345 4.670
72 0 2 26.266 5.984 24.203 4.728
73 0 2 26.124 6.043 24.061 4.787
74 0 2 25.982 6.126 23.919 4.870
75 0 2 25.840 6.161 23.776 4.905
76 0 2 25.698 6.244 23.634 4.988
77 0 2 25.533 6.303 23.468 5.046
78 0 2 25.391 6.362 23.326 5.105
79 0 2 25.249 6.421 23.184 5.164
80 0 2 25.107 6.503 23.041 5.247
81 0 2 24.965 6.562 22.899 5.306
82 0 2 24.823 6.645 22.756 5.389
83 0 2 24.657 6.704 22.590 5.447
84 0 2 24.515 6.787 22.448 5.530
85 0 2 24.372 6.846 22.305 5.589
86 0 2 24.230 6.929 22.163 5.672
87 0 2 24.088 6.988 22.020 5.731
88 0 2 23.922 7.095 21.854 5.837
89 0 2 23.780 7.154 21.711 5.896
90 0 2 23.637 7.237 21.568 5.979
91 0 2 23.495 7.296 21.425 6.038
92 0 2 23.353 7.402 21.283 6.145
93 0 2 23.186 7.462 21.116 6.204
94 0 2 23.044 7.544 20.973 6.287
95 0 2 22.901 7.627 20.830 6.370
96 0 2 22.759 7.710 20.688 6.453
97 0 2 22.616 7.770 20.545 6.512
98 0 2 22.450 7.853 20.378 6.595
99 0 2 22.307 7.936 20.235 6.678
100 0 2 22.141 8.019 20.068 6.761
101 0 2 21.998 8.102 19.925 6.844
102 0 2 21.855 8.209 19.782 6.950
103 0 2 21.689 8.292 19.615 7.033
104 0 2 21.546 8.375 19.472 7.116
105 0 2 21.379 8.458 19.305 7.200
106 0 2 21.237 8.541 19.162 7.283
107 0 2 21.070 8.624 18.994 7.366
108 0 2 20.903 8.707 18.827 7.449
109 0 2 20.760 8.791 18.684 7.532
110 0 2 20.593 8.874 18.517 7.615
111 0 2 20.426 8.957 18.349 7.698
112 0 2 20.260 9.064 18.182 7.805
113 0 2 20.093 9.124 18.015 7.865
114 0 2 19.926 9.231 17.847 7.972
115 0 2 19.759 9.291 17.680 8.031
116 0 2 19.591 9.398 17.512 8.138
117 0 2 19.424 9.457 17.345 8.198
118 0 2 19.257 9.564 17.177 8.305
119 0 2 19.090 9.624 17.010 8.365
120 0 2 18.923 9.708 16.842 8.448
121 0 2 18.755 9.791 16.674 8.531
122 0 2 18.588 9.875 16.507 8.615
123 0 2 18.421 9.958 16.339 8.698
124 0 2 18.253 10.042 16.171 8.782
125 0 2 17.930 9.923 16.422 8.936
126 0 2 17.966 9.947 16.374 8.901
127 0 2 17.811 10.018 16.219 8.972
128 0 2 17.655 10.138 16.063 9.091
129 0 2 17.499 10.209 15.907 9.163
130 0 2 17.248 10.424 15.643 9.390
131 0 2 17.284 10.448 15.595 9.354
132 0 2 17.128 10.520 15.439 9.426
133 0 2 16.972 10.639 15.283 9.545
134 0 2 16.840 10.735 15.151 9.641
135 0 2 16.685 10.830 14.994 9.736
136 0 2 16.553 10.926 14.862 9.832
137 0 2 16.397 11.022 14.706 9.927
138 0 2 16.289 11.117 14.598 10.023
139 0 2 16.157 11.213 14.465 10.118
140 0 2 16.025 11.332 14.333 10.238
141 0 2 15.893 11.452 14.201 10.358
142 0 2 15.809 11.524 14.117 10.429
143 0 2 15.676 11.643 13.984 10.549
144 0 2 15.592 11.715 13.900 10.621
145 0 2 15.460 11.835 13.767 10.740
146 0 2 15.376 11.907 13.683 10.812
147 0 2 15.268 12.026 13.575 10.932
148 0 2 15.184 12.098 13.490 11.004
149 0 2 15.100 12.194 13.406 11.099
150 0 2 14.679 12.398 13.261 11.422
151 0 2 14.703 12.422 13.213 11.386
152 0 2 14.618 12.506 13.128 11.470
153 0 2 14.534 12.590 13.044 11.554
154 0 2 14.474 12.650 12.984 11.614
155 0 2 14.101 13.009 13.032 11.650
156 0 2 14.125 13.033 12.996 11.602
157 0 2 14.077 13.093 12.947 11.662
158 0 2 14.004 13.153 12.875 11.722
159 0 2 13.956 13.213 12.827 11.782
160 0 2 13.884 13.321 12.778 11.901
161 0 2 13.908 13.345 12.742 11.842
162 0 2 13.872 13.393 12.706 11.890
163 0 2 13.835 13.441 12.670 11.938
164 0 2 13.775 13.489 12.610 11.985
165 0 2 13.667 13.573 12.452 12.309
166 0 2 13.691 13.597 12.404 12.261
167 0 2 13.667 13.633 12.380 12.297
168 0 2 13.642 13.669 12.356 12.333
169 0 2 13.618 13.705 12.332 12.369
170 0 2 13.570 13.741 12.368 12.357
171 0 2 13.594 13.764 12.320 12.309
172 0 2 13.582 13.800 12.308 12.345
173 0 2 13.570 13.836 12.296 12.381
174 0 2 13.534 13.872 12.259 12.417
175 0 2 13.413 14.040 12.271 12.704
176 0 2 13.437 14.064 12.235 12.656
177 0 2 13.413 14.100 12.211 12.692
178 0 2 13.389 14.160 12.186 12.752
179 0 2 13.365 14.196 12.162 12.788
180 0 2 13.256 14.232 12.331 12.812
181 0 2 13.268 14.256 12.295 12.752
182 0 2 13.244 14.304 12.271 12.800
183 0 2 13.196 14.352 12.222 12.848
184 0 2 13.171 14.424 12.198 12.920
185 0 2 12.954 14.485 12.041 13.207
186 0 2 12.966 14.509 12.005 13.160
187 0 2 12.930 14.557 11.968 13.208
188 0 2 12.894 14.629 11.932 13.280
189 0 2 12.858 14.701 11.896 13.352
190 0 2 12.749 14.665 11.920 13.387
191 0 2 12.761 14.689 11.884 13.340
192 0 2 12.737 14.761 11.859 13.412
193 0 2 12.689 14.833 11.811 13.484
194 0 2 12.664 14.881 11.787 13.532
195 0 2 12.676 15.061 11.581 13.784
196 0 2 12.700 15.085 11.545 13.736
197 0 2 12.676 15.157 11.521 13.808
198 0 2 12.628 15.229 11.472 13.880
199 0 2 12.579 15.301 11.424 13.952
200 0 2 12.398 15.470 11.447 14.252
201 0 2 12.410 15.494 11.399 14.204
202 0 2 12.386 15.578 11.375 14.288
203 0 2 12.337 15.662 11.326 14.372
204 0 2 12.289 15.746 11.278 14.456
205 0 2 12.252 15.914 11.265 14.516
206 0 2 12.276 15.938 11.229 14.468
207 0 2 12.240 16.034 11.193 14.564
208 0 2 12.204 16.106 11.156 14.636
209 0 2 12.167 16.202 11.120 14.732
210 0 2 12.071 16.238 10.999 14.865
211 0 2 12.095 16.262 10.963 14.817
212 0 2 12.070 16.358 10.938 14.913
213 0 2 12.022 16.479 10.890 15.033
214 0 2 11.973 16.575 10.841 15.129
215 0 2 11.803 17.116 10.804 15.345
216 0 2 11.827 17.151 10.768 15.285
217 0 2 11.803 17.260 10.744 15.393
218 0 2 11.754 17.368 10.695 15.502
219 0 2 11.706 17.476 10.647 15.610
220 0 2 11.632 17.897 10.622 15.874
221 0 2 11.656 17.945 10.586 15.814
222 0 2 11.644 18.041 10.573 15.910
223 0 2 11.632 18.161 10.561 16.030
224 0 2 11.595 18.305 10.524 16.174
225 0 2 11.728 18.376 10.620 16.378
226 0 2 11.752 18.424 10.584 16.318
227 0 2 11.740 18.544 10.572 16.438
228 0 2 11.727 18.689 10.560 16.582
229 0 2 11.691 18.833 10.523 16.727
230 0 2 11.642 18.833 10.667 17.050
231 0 2 11.666 18.869 10.631 16.990
232 0 2 11.642 18.990 10.607 17.110
233 0 2 11.642 19.158 10.606 17.278
234 0 2 11.641 19.278 10.606 17.398
235 0 2 11.483 19.772 10.521 17.387
236 0 2 11.507 19.820 10.485 17.303
237 0 2 11.495 19.940 10.473 17.423
238 0 2 11.482 20.084 10.460 17.568
239 0 2 11.470 20.229 10.448 17.712
240 0 2 11.542 20.493 10.495 18.288
241 0 2 11.566 20.541 10.459 18.216
242 0 2 11.542 20.673 10.434 18.349
243 0 2 11.541 20.805 10.434 18.481
244 0 2 11.517 20.962 10.409 18.637
245 0 2 11.396 20.818 10.408 19.226
246 0 2 11.420 20.854 10.371 19.179
247 0 2 11.408 20.999 10.359 19.323
248 0 2 11.395 21.143 10.346 19.467
249 0 2 11.359 21.288 10.310 19.612
250 0 2 11.237 21.662 10.212 20.118
251 0 2 11.261 21.698 10.175 20.070
252 0 2 11.236 21.843 10.151 20.215
253 0 2 11.212 21.987 10.126 20.359
254 0 2 11.187 22.132 10.102 20.504
255 0 2 11.139 22.277 10.040 20.733
256 0 2 11.163 22.313 10.004 20.685
257 0 2 11.138 22.457 9.980 20.830
258 0 2 11.114 22.602 9.955 20.974
259 0 2 11.065 22.747 9.906 21.119
260 0 2 11.125 22.939 9.845 21.397
261 0 2 11.149 22.975 9.796 21.349
262 0 2 11.112 23.120 9.760 21.494
263 0 2 11.076 23.265 9.723 21.639
264 0 2 11.039 23.410 9.686 21.783
265 0 2 11.099 23.867 9.455 21.930
266 0 2 11.135 23.915 9.407 21.870
267 0 2 11.098 24.048 9.370 22.003
268 0 2 11.037 24.205 9.309 22.160
269 0 2 11.001 24.338 9.272 22.293
270 0 2 10.891 24.713 9.527 22.339
271 0 2 10.915 24.761 9.479 22.267
272 0 2 10.866 24.894 9.430 22.400
273 0 2 10.817 25.052 9.381 22.557
274 0 2 10.768 25.185 9.332 22.690
275 0 2 10.247 25.287 9.184 23.524
276 0 2 10.271 25.323 9.147 23.464
277 0 2 10.210 25.444 9.086 23.585
278 0 2 10.149 25.566 9.025 23.706
279 0 2 10.112 25.735 8.988 23.876
280 0 2 10.075 26.158 8.769 24.155
281 0 2 10.099 26.206 8.721 24.096
282 0 2 10.038 26.327 8.659 24.217
283 0 2 9.977 26.497 8.598 24.387
284 0 2 9.916 26.619 8.537 24.508
285 0 2 10.012 26.895 8.476 24.726
286 0 2 10.048 26.943 8.427 24.654
287 0 2 9.999 27.065 8.378 24.775
288 0 2 9.926 27.235 8.305 24.945
289 0 2 9.829 27.333 8.207 25.043
0 2 2 37.479 4.823 35.556 3.212
1 2 2 37.537 4.870 35.521 3.188
2 2 2 37.491 4.882 35.474 3.200
3 2 2 37.444 4.894 35.427 3.212
4 2 2 37.374 4.929 35.357 3.247
5 2 2 37.328 4.940 35.310 3.258
6 2 2 37.281 4.952 35.264 3.270
7 2 2 37.211 4.963 35.194 3.281
8 2 2 37.118 4.999 35.100 3.316
9 2 2 37.048 5.010 35.030 3.328
10 2 2 37.001 5.022 34.984 3.339
11 2 2 36.931 5.033 34.913 3.351
12 2 2 36.815 5.068 34.797 3.386
13 2 2 36.768 5.057 34.750 3.374
14 2 2 36.698 5.092 34.680 3.409
15 2 2 36.605 5.103 34.586 3.421
16 2 2 36.511 5.115 34.493 3.432
17 2 2 36.441 5.126 34.422 3.444
18 2 2 36.395 5.138 34.376 3.455
19 2 2 36.325 5.126 34.305 3.443
20 2 2 36.231 5.138 34.212 3.455
21 2 2 36.138 5.149 34.118 3.466
22 2 2 36.068 5.185 34.048 3.501
23 2 2 35.998 5.173 33.978 3.489
24 2 2 35.904 5.208 33.884 3.524
25 2 2 35.834 5.196 33.814 3.512
26 2 2 35.764 5.231 33.744 3.547
27 2 2 35.671 5.219 33.650 3.535
28 2 2 35.577 5.231 33.556 3.547
29 2 2 35.484 5.242 33.463 3.558
30 2 2 35.390 5.254 33.369 3.570
31 2 2 35.297 5.242 33.275 3.558
32 2 2 35.203 5.277 33.182 3.593
33 2 2 35.110 5.265 33.088 3.581
34 2 2 35.016 5.300 32.994 3.616
35 2 2 34.922 5.289 32.900 3.604
36 2 2 34.829 5.324 32.807 3.639
37 2 2 34.735 5.312 32.713 3.627
38 2 2 34.642 5.323 32.619 3.639
39 2 2 34.548 5.335 32.525 3.650
40 2 2 34.455 5.347 32.432 3.662
41 2 2 34.337 5.358 32.314 3.673
42 2 2 34.267 5.370 32.244 3.685
43 2 2 34.150 5.381 32.127 3.696
44 2 2 34.057 5.393 32.033 3.708
45 2 2 33.963 5.405 31.939 3.719
46 2 2 33.846 5.416 31.821 3.731
47 2 2 33.729 5.428 31.704 3.742
48 2 2 33.635 5.463 31.610 3.777
49 2 2 33.541 5.451 31.516 3.765
50 2 2 33.424 5.486 31.399 3.800
51 2 2 33.307 5.498 31.282 3.812
52 2 2 33.213 5.509 31.188 3.823
53 2 2 33.096 5.521 31.070 3.835
54 2 2 32.955 5.556 30.929 3.870
55 2 2 32.861 5.568 30.835 3.881
56 2 2 32.744 5.603 30.718 3.916
57 2 2 32.650 5.615 30.624 3.928
58 2 2 32.533 5.650 30.506 3.963
59 2 2 32.416 5.661 30.389 3.974
60 2 2 32.322 5.697 30.295 4.009
61 2 2 32.205 5.708 30.177 4.021
62 2 2 32.064 5.743 30.036 4.056
63 2 2 31.947 5.755 29.918 4.067
64 2 2 31.853 5.790 29.824 4.103
65 2 2 31.735 5.802 29.707 4.114
66 2 2 31.594 5.837 29.565 4.149
67 2 2 31.477 5.849 29.448 4.161
68 2 2 31.383 5.884 29.354 4.196
69 2 2 31.266 5.919 29.236 4.231
70 2 2 31.125 5.954 29.095 4.266
71 2 2 30.984 5.966 28.953 4.277
72 2 2 30.866 6.001 28.836 4.313
73 2 2 30.772 6.013 28.741 4.324
74 2 2 30.655 6.072 28.624 4.383
75 2 2 30.513 6.083 28.482 4.394
76 2 2 30.396 6.118 28.364 4.429
77 2 2 30.278 6.154 28.246 4.465
78 2 2 30.137 6.189 28.105 4.500
79 2 2 30.019 6.201 27.987 4.511
80 2 2 29.925 6.236 27.893 4.546
81 2 2 29.784 6.271 27.751 4.582
82 2 2 29.666 6.306 27.633 4.617
83 2 2 29.525 6.318 27.492 4.628
84 2 2 29.384 6.353 27.350 4.663
85 2 2 29.266 6.389 27.232 4.699
86 2 2 29.148 6.424 27.114 4.734
87 2 2 29.007 6.436 26.972 4.745
88 2 2 28.889 6.495 26.854 4.804
89 2 2 28.771 6.506 26.736 4.816
90 2 2 28.630 6.542 26.594 4.851
91 2 2 28.488 6.577 26.453 4.886
92 2 2 28.370 6.612 26.334 4.921
93 2 2 28.252 6.648 26.216 4.956
94 2 2 28.111 6.683 26.074 4.992
95 2 2 27.993 6.718 25.956 5.027
96 2 2 27.875 6.754 25.838 5.062
97 2 2 27.733 6.765 25.696 5.074
98 2 2 27.592 6.801 25.554 5.109
99 2 2 27.474 6.836 25.436 5.144
100 2 2 27.355 6.871 25.317 5.179
101 2 2 27.214 6.883 25.175 5.191
102 2 2 27.072 6.942 25.033 5.250
103 2 2 26.954 6.954 24.915 5.262
104 2 2 26.836 7.013 24.797 5.321
105 2 2 26.694 7.025 24.654 5.332
106 2 2 26.552 7.084 24.512 5.391
107 2 2 26.434 7.096 24.394 5.403
108 2 2 26.316 7.155 24.275 5.462
109 2 2 26.174 7.190 24.133 5.497
110 2 2 26.032 7.225 23.991 5.532
111 2 2 25.913 7.261 23.872 5.568
112 2 2 25.795 7.296 23.754 5.603
113 2 2 25.653 7.332 23.611 5.638
114 2 2 25.535 7.367 23.493 5.674
115 2 2 25.416 7.403 23.374 5.709
116 2 2 25.274 7.462 23.232 5.768
117 2 2 25.132 7.474 23.089 5.780
118 2 2 24.990 7.533 22.947 5.839
119 2 2 24.872 7.568 22.828 5.874
120 2 2 24.753 7.604 22.709 5.909
121 2 2 24.611 7.639 22.567 5.945
122 2 2 24.492 7.699 22.448 6.004
123 2 2 24.374 7.734 22.329 6.039
124 2 2 24.231 7.770 22.187 6.075
125 2 2 24.089 7.805 22.044 6.110
126 2 2 23.970 7.841 21.925 6.146
127 2 2 23.852 7.876 21.806 6.181
128 2 2 23.709 7.912 21.664 6.216
129 2 2 23.567 7.947 21.521 6.252
130 2 2 23.425 8.007 21.378 6.311
131 2 2 23.306 8.042 21.259 6.346
132 2 2 23.187 8.078 21.140 6.382
133 2 2 23.045 8.113 20.997 6.417
134 2 2 22.926 8.173 20.878 6.477
135 2 2 22.807 8.208 20.759 6.512
136 2 2 22.664 8.268 20.616 6.571
137 2 2 22.522 8.280 20.473 6.583
138 2 2 22.403 8.339 20.354 6.642
139 2 2 22.284 8.375 20.235 6.678
140 2 2 22.141 8.434 20.092 6.737
141 2 2 21.998 8.470 19.949 6.772
142 2 2 21.880 8.529 19.830 6.832
143 2 2 21.784 8.541 19.734 6.844
144 2 2 21.642 8.600 19.591 6.903
145 2 2 21.523 8.636 19.472 6.938
146 2 2 21.356 8.695 19.305 6.998
147 2 2 21.261 8.731 19.209 7.033
148 2 2 21.118 8.767 19.066 7.069
149 2 2 20.999 8.802 18.947 7.104
150 2 2 20.856 8.862 18.803 7.164
151 2 2 20.713 8.898 18.660 7.199
152 2 2 20.593 8.957 18.541 7.259
153 2 2 20.474 8.993 18.421 7.294
154 2 2 20.331 9.052 18.278 7.354
155 2 2 20.212 9.088 18.158 7.389
156 2 2 20.093 9.148 18.039 7.449
157 2 2 19.949 9.183 17.895 7.484
158 2 2 19.830 9.243 17.776 7.544
159 2 2 19.711 9.279 17.656 7.579
160 2 2 19.568 9.338 17.513 7.639
161 2 2 19.448 9.374 17.393 7.675
162 2 2 19.329 9.434 17.273 7.734
163 2 2 19.186 9.469 17.130 7.770
164 2 2 19.066 9.529 17.010 7.829
165 2 2 18.947 9.565 16.890 7.865
166 2 2 18.803 9.624 16.747 7.924
167 2 2 18.684 9.660 16.627 7.960
168 2 2 18.588 9.720 16.531 8.020
169 2 2 18.469 9.756 16.411 8.055
170 2 2 18.325 9.815 16.267 8.115
171 2 2 18.205 9.851 16.147 8.151
172 2 2 18.110 9.911 16.052 8.210
173 2 2 17.990 9.947 15.932 8.246
174 2 2 17.847 9.983 15.788 8.282
175 2 2 17.452 9.638 15.836 8.425
176 2 2 17.488 9.662 15.788 8.377
177 2 2 17.368 9.698 15.668 8.413
178 2 2 17.248 9.733 15.548 8.449
179 2 2 17.129 9.769 15.428 8.484
180 2 2 16.901 9.912 15.248 8.568
181 2 2 16.937 9.936 15.200 8.520
182 2 2 16.829 9.960 15.092 8.544
183 2 2 16.721 9.984 14.984 8.568
184 2 2 16.589 10.032 14.852 8.616
185 2 2 16.481 10.080 14.744 8.663
186 2 2 16.350 10.104 14.612 8.687
187 2 2 16.242 10.128 14.503 8.711
188 2 2 16.110 10.176 14.371 8.759
189 2 2 16.002 10.200 14.263 8.783
190 2 2 15.870 10.224 14.131 8.807
191 2 2 15.762 10.272 14.023 8.855
192 2 2 15.630 10.296 13.890 8.879
193 2 2 15.522 10.296 13.782 8.879
194 2 2 15.390 10.320 13.650 8.903
195 2 2 15.282 10.368 13.542 8.950
196 2 2 15.150 10.392 13.409 8.974
197 2 2 15.042 10.392 13.301 8.974
198 2 2 14.910 10.416 13.169 8.998
199 2 2 14.801 10.464 13.061 9.046
200 2 2 14.669 10.488 12.928 9.070
201 2 2 14.561 10.488 12.820 9.070
202 2 2 14.429 10.488 12.687 9.070
203 2 2 14.321 10.513 12.579 9.094
204 2 2 14.212 10.560 12.471 9.142
205 2 2 14.069 10.215 12.290 9.286
206 2 2 14.105 10.226 12.230 9.250
207 2 2 13.997 10.239 12.121 9.262
208 2 2 13.864 10.251 11.989 9.274
209 2 2 13.756 10.287 11.880 9.310
210 2 2 13.624 10.299 11.748 9.322
211 2 2 13.515 10.311 11.639 9.334
212 2 2 13.407 10.323 11.531 9.346
213 2 2 13.299 10.359 11.422 9.382
214 2 2 13.166 10.371 11.289 9.394
215 2 2 13.058 10.407 11.181 9.430
216 2 2 12.926 10.419 11.048 9.442
217 2 2 12.841 10.455 10.963 9.478
218 2 2 12.709 10.467 10.831 9.490
219 2 2 12.600 10.527 10.722 9.550
220 2 2 12.492 10.539 10.613 9.562
221 2 2 12.383 10.599 10.505 9.622
222 2 2 12.251 10.612 10.372 9.634
223 2 2 12.166 10.671 10.287 9.694
224 2 2 12.034 10.708 10.154 9.730
225 2 2 11.949 10.744 10.070 9.766
226 2 2 11.817 10.780 9.937 9.802
227 2 2 11.708 10.840 9.828 9.862
228 2 2 11.599 10.876 9.719 9.898
229 2 2 11.491 10.936 9.610 9.958
230 2 2 11.382 10.972 9.501 9.994
231 2 2 11.298 11.032 9.416 10.054
232 2 2 11.189 11.092 9.307 10.114
233 2 2 11.080 11.176 9.198 10.198
234 2 2 10.971 11.212 9.089 10.234
235 2 2 10.887 11.296 9.004 10.318
236 2 2 10.778 11.356 8.895 10.378
237 2 2 10.693 11.440 8.810 10.462
238 2 2 10.584 11.500 8.701 10.522
239 2 2 10.500 11.584 8.616 10.606
240 2 2 10.415 11.644 8.532 10.666
241 2 2 10.330 11.752 8.446 10.774
242 2 2 10.221 11.812 8.337 10.834
243 2 2 10.160 11.920 8.276 10.942
244 2 2 10.052 11.980 8.167 11.002
245 2 2 9.991 12.088 8.106 11.110
246 2 2 9.882 12.172 7.997 11.194
247 2 2 9.821 12.256 7.936 11.278
248 2 2 9.736 12.340 7.851 11.362
249 2 2 9.676 12.448 7.790 11.470
250 2 2 9.591 12.532 7.705 11.554
251 2 2 9.530 12.640 7.644 11.662
252 2 2 9.445 12.725 7.559 11.747
253 2 2 9.384 12.833 7.498 11.855
254 2 2 9.323 12.917 7.437 11.939
255 2 2 8.764 13.722 7.788 12.190
256 2 2 8.788 13.758 7.752 12.142
257 2 2 8.740 13.866 7.703 12.250
258 2 2 8.667 13.974 7.630 12.358
259 2 2 8.618 14.083 7.581 12.466
260 2 2 8.617 14.191 7.520 12.682
261 2 2 8.642 14.227 7.483 12.634
262 2 2 8.593 14.335 7.434 12.743
263 2 2 8.544 14.443 7.386 12.851
264 2 2 8.495 14.551 7.337 12.959
265 2 2 8.325 14.780 7.214 13.247
266 2 2 8.349 14.816 7.178 13.199
267 2 2 8.312 14.924 7.141 13.308
268 2 2 8.275 15.056 7.105 13.440
269 2 2 8.215 15.141 7.044 13.524
270 2 2 8.262 15.537 6.849 13.609
271 2 2 8.286 15.585 6.801 13.549
272 2 2 8.261 15.681 6.776 13.645
273 2 2 8.188 15.802 6.703 13.766
274 2 2 8.188 15.898 6.703 13.862
275 2 2 7.896 16.031 6.981 14.113
276 2 2 7.908 16.079 6.945 14.053
277 2 2 7.872 16.188 6.908 14.161
278 2 2 7.835 16.320 6.871 14.294
279 2 2 7.822 16.429 6.858 14.402
280 2 2 7.688 16.706 6.808 14.895
281 2 2 7.700 16.742 6.772 14.835
282 2 2 7.675 16.862 6.747 14.955
283 2 2 7.651 16.959 6.722 15.051
284 2 2 7.626 17.079 6.698 15.172
285 2 2 7.674 17.283 6.588 15.256
286 2 2 7.698 17.331 6.552 15.196
287 2 2 7.685 17.452 6.539 15.317
288 2 2 7.673 17.572 6.527 15.437
289 2 2 7.636 17.693 6.490 15.557
290 2 2 7.672 17.849 6.464 15.858
291 2 2 7.696 17.897 6.416 15.798
292 2 2 7.684 18.005 6.403 15.907
293 2 2 7.647 18.138 6.367 16.039
294 2 2 7.658 18.246 6.378 16.147
295 2 2 7.440 18.344 6.486 16.640
296 2 2 7.452 18.380 6.437 16.580
297 2 2 7.451 18.488 6.437 16.689
298 2 2 7.427 18.597 6.412 16.797
299 2 2 7.426 18.729 6.412 16.929
300 2 2 7.316 18.898 6.387 17.122
301 2 2 7.328 18.935 6.351 17.062
302 2 2 7.328 19.043 6.350 17.170
303 2 2 7.303 19.176 6.325 17.303
304 2 2 7.303 19.284 6.325 17.411
305 2 2 7.278 19.417 6.300 17.544
306 2 2 7.277 19.549 6.300 17.676
307 2 2 7.253 19.682 6.275 17.809
308 2 2 7.252 19.790 6.274 17.918
309 2 2 7.228 19.923 6.250 18.050
310 2 2 7.348 20.344 6.249 18.279
311 2 2 7.372 20.392 6.212 18.219
312 2 2 7.347 20.525 6.188 18.352
313 2 2 7.347 20.658 6.187 18.484
314 2 2 7.322 20.766 6.162 18.593
315 2 2 7.237 20.779 6.136 19.220
316 2 2 7.261 20.815 6.099 19.172
317 2 2 7.236 20.948 6.074 19.305
318 2 2 7.211 21.057 6.050 19.413
319 2 2 7.211 21.189 6.049 19.546
320 2 2 7.211 21.298 6.146 19.666
321 2 2 7.235 21.334 6.110 19.618
322 2 2 7.222 21.442 6.097 19.726
323 2 2 7.210 21.575 6.085 19.859
324 2 2 7.173 21.708 6.047 19.992
325 2 2 7.220 22.191 6.022 20.185
326 2 2 7.244 22.239 5.974 20.125
327 2 2 7.219 22.359 5.949 20.246
328 2 2 7.194 22.480 5.924 20.367
329 2 2 7.170 22.601 5.899 20.488
330 2 2 7.060 22.639 5.970 21.030
331 2 2 7.084 22.675 5.934 20.982
332 2 2 7.047 22.784 5.897 21.091
333 2 2 7.010 22.893 5.860 21.200
334 2 2 6.998 23.025 5.847 21.333
335 2 2 6.888 23.220 5.786 21.563
336 2 2 6.912 23.256 5.749 21.515
337 2 2 6.887 23.365 5.725 21.624
338 2 2 6.838 23.474 5.675 21.733
339 2 2 6.789 23.607 5.626 21.866
340 2 2 6.593 23.790 5.564 22.229
341 2 2 6.617 23.826 5.527 22.181
342 2 2 6.593 23.935 5.503 22.290
343 2 2 6.544 24.069 5.453 22.423
344 2 2 6.519 24.178 5.428 22.532
345 2 2 6.421 24.300 5.159 22.897
346 2 2 6.445 24.324 5.110 22.849
347 2 2 6.408 24.445 5.073 22.971
348 2 2 6.396 24.542 5.061 23.067
349 2 2 6.334 24.663 4.999 23.189
350 2 2 6.322 24.784 4.986 23.310
351 2 2 6.260 24.882 4.925 23.407
352 2 2 6.223 25.003 4.888 23.529
353 2 2 6.186 25.148 4.851 23.674
354 2 2 6.149 25.270 4.813 23.795
355 2 2 6.112 25.367 4.776 23.893
356 2 2 6.075 25.488 4.739 24.014
357 2 2 6.014 25.634 4.678 24.160
358 2 2 6.001 25.755 4.665 24.281
359 2 2 5.940 25.853 4.604 24.378
360 2 2 5.903 25.974 4.566 24.500
361 2 2 5.865 26.120 4.529 24.645
362 2 2 5.828 26.241 4.492 24.767
363 2 2 5.767 26.339 4.431 24.864
364 2 2 5.754 26.460 4.418 24.985
365 2 2 5.693 26.606 4.356 25.131
366 2 2 5.656 26.728 4.319 25.253
367 2 2 5.619 26.825 4.282 25.350
368 2 2 5.582 26.947 4.245 25.472
369 2 2 5.544 27.092 4.207 25.617
370 2 2 5.507 27.238 4.170 25.763
371 2 2 5.446 27.360 4.108 25.885
372 2 2 5.433 27.457 4.096 25.982
0 3 2 37.019 6.207 35.180 5.371
1 3 2 37.066 6.231 35.145 5.359
2 3 2 37.008 6.242 35.087 5.371
3 3 2 36.949 6.254 35.028 5.383
4 3 2 36.868 6.242 34.946 5.371
5 3 2 36.809 6.254 34.888 5.382
6 3 2 36.727 6.242 34.806 5.371
7 3 2 36.669 6.277 34.747 5.406
8 3 2 36.587 6.266 34.665 5.394
9 3 2 36.529 6.277 34.607 5.406
10 3 2 36.447 6.265 34.525 5.394
11 3 2 36.365 6.277 34.443 5.405
12 3 2 36.284 6.289 34.361 5.417
13 3 2 36.225 6.300 34.303 5.429
14 3 2 36.120 6.289 34.197 5.417
15 3 2 36.062 6.300 34.139 5.428
16 3 2 35.980 6.288 34.057 5.417
17 3 2 35.898 6.300 33.975 5.428
18 3 2 35.816 6.288 33.893 5.416
19 3 2 35.734 6.300 33.811 5.428
20 3 2 35.652 6.288 33.729 5.416
21 3 2 35.571 6.300 33.647 5.428
22 3 2 35.489 6.288 33.564 5.416
23 3 2 35.407 6.300 33.482 5.427
24 3 2 35.325 6.311 33.400 5.439
25 3 2 35.243 6.323 33.318 5.451
26 3 2 35.161 6.311 33.236 5.439
27 3 2 35.079 6.323 33.154 5.451
28 3 2 34.974 6.311 33.049 5.439
29 3 2 34.916 6.323 32.990 5.450
30 3 2 34.810 6.334 32.885 5.462
31 3 2 34.728 6.346 32.802 5.474
32 3 2 34.623 6.358 32.697 5.485
33 3 2 34.541 6.370 32.615 5.497
34 3 2 34.459 6.381 32.533 5.509
35 3 2 34.377 6.416 32.451 5.544
36 3 2 34.272 6.405 32.345 5.532
37 3 2 34.190 6.440 32.263 5.567
38 3 2 34.085 6.451 32.157 5.579
39 3 2 34.003 6.463 32.075 5.590
40 3 2 33.897 6.475 31.969 5.602
41 3 2 33.815 6.487 31.887 5.614
42 3 2 33.710 6.498 31.782 5.625
43 3 2 33.628 6.510 31.699 5.637
44 3 2 33.522 6.498 31.594 5.625
45 3 2 33.440 6.533 31.512 5.660
46 3 2 33.311 6.521 31.382 5.648
47 3 2 33.229 6.557 31.300 5.683
48 3 2 33.124 6.545 31.194 5.672
49 3 2 33.018 6.580 31.088 5.707
50 3 2 32.913 6.592 30.983 5.718
51 3 2 32.807 6.603 30.877 5.730
52 3 2 32.701 6.615 30.771 5.742
53 3 2 32.596 6.650 30.665 5.777
54 3 2 32.467 6.662 30.536 5.789
55 3 2 32.385 6.697 30.454 5.824
56 3 2 32.256 6.709 30.324 5.835
57 3 2 32.150 6.744 30.218 5.871
58 3 2 32.044 6.756 30.113 5.882
59 3 2 31.939 6.768 30.007 5.894
60 3 2 31.809 6.780 29.877 5.906
61 3 2 31.727 6.815 29.795 5.941
62 3 2 31.598 6.827 29.665 5.953
63 3 2 31.492 6.862 29.559 5.988
64 3 2 31.387 6.874 29.453 6.000
65 3 2 31.281 6.909 29.347 6.035
66 3 2 31.152 6.944 29.218 6.070
67 3 2 31.046 6.979 29.112 6.105
68 3 2 30.917 6.991 28.982 6.117
69 3 2 30.811 7.027 28.876 6.152
70 3 2 30.681 7.038 28.747 6.164
71 3 2 30.576 7.074 28.641 6.199
72 3 2 30.446 7.085 28.511 6.211
73 3 2 30.340 7.121 28.405 6.246
74 3 2 30.211 7.132 28.275 6.258
75 3 2 30.105 7.168 28.169 6.293
76 3 2 29.975 7.180 28.039 6.305
77 3 2 29.870 7.215 27.933 6.340
78 3 2 29.740 7.227 27.803 6.352
79 3 2 29.610 7.262 27.673 6.387
80 3 2 29.481 7.274 27.543 6.399
81 3 2 29.351 7.309 27.413 6.434
82 3 2 29.222 7.321 27.284 6.446
83 3 2 29.116 7.356 27.177 6.481
84 3 2 28.986 7.392 27.047 6.517
85 3 2 28.856 7.427 26.917 6.552
86 3 2 28.727 7.439 26.787 6.564
87 3 2 28.597 7.498 26.657 6.623
88 3 2 28.467 7.533 26.527 6.658
89 3 2 28.338 7.569 26.397 6.694
90 3 2 28.208 7.604 26.267 6.729
91 3 2 28.078 7.640 26.137 6.764
92 3 2 27.948 7.675 26.007 6.800
93 3 2 27.842 7.734 25.901 6.859
94 3 2 27.689 7.770 25.747 6.894
95 3 2 27.582 7.805 25.640 6.930
96 3 2 27.429 7.841 25.487 6.965
97 3 2 27.323 7.900 25.380 7.024
98 3 2 27.193 7.935 25.250 7.060
99 3 2 27.063 7.994 25.120 7.119
100 3 2 26.933 8.030 24.989 7.154
101 3 2 26.803 8.089 24.859 7.213
102 3 2 26.649 8.124 24.705 7.249
103 3 2 26.519 8.184 24.575 7.308
104 3 2 26.389 8.219 24.444 7.343
105 3 2 26.259 8.278 24.314 7.403
106 3 2 26.105 8.314 24.160 7.438
107 3 2 25.975 8.397 24.029 7.521
108 3 2 25.821 8.432 23.875 7.556
109 3 2 25.691 8.492 23.745 7.616
110 3 2 25.561 8.551 23.614 7.675
111 3 2 25.430 8.610 23.484 7.734
112 3 2 25.300 8.669 23.353 7.793
113 3 2 25.170 8.729 23.222 7.853
114 3 2 25.040 8.764 23.092 7.888
115 3 2 24.909 8.847 22.961 7.971
116 3 2 24.779 8.907 22.831 8.030
117 3 2 24.649 8.966 22.700 8.090
118 3 2 24.494 9.025 22.545 8.149
119 3 2 24.364 9.085 22.415 8.208
120 3 2 24.210 9.144 22.260 8.268
121 3 2 24.103 9.227 22.153 8.351
122 3 2 23.949 9.287 21.998 8.410
123 3 2 23.818 9.370 21.868 8.493
124 3 2 23.688 9.429 21.737 8.553
125 3 2 23.557 9.512 21.606 8.636
126 3 2 23.403 9.572 21.451 8.695
127 3 2 23.272 9.655 21.320 8.778
128 3 2 23.141 9.714 21.189 8.838
129 3 2 23.011 9.798 21.058 8.921
130 3 2 22.856 9.857 20.903 8.981
131 3 2 22.726 9.940 20.772 9.064
132 3 2 22.595 10.000 20.641 9.123
133 3 2 22.464 10.060 20.510 9.183
134 3 2 22.309 10.119 20.355 9.242
135 3 2 22.179 10.202 20.224 9.326
136 3 2 22.024 10.262 20.069 9.385
137 3 2 21.893 10.345 19.938 9.469
138 3 2 21.738 10.405 19.782 9.528
139 3 2 21.607 10.488 19.651 9.612
140 3 2 21.452 10.548 19.496 9.671
141 3 2 21.321 10.632 19.365 9.755
142 3 2 21.166 10.691 19.209 9.814
143 3 2 21.059 10.775 19.102 9.898
144 3 2 20.880 10.834 18.923 9.957
145 3 2 20.749 10.918 18.791 10.041
146 3 2 20.594 10.978 18.636 10.101
147 3 2 20.463 11.037 18.504 10.160
148 3 2 20.308 11.097 18.349 10.220
149 3 2 20.177 11.157 18.217 10.280
150 3 2 20.189 11.383 18.337 10.256
151 3 2 20.225 11.407 18.277 10.220
152 3 2 20.081 11.455 18.134 10.268
153 3 2 19.938 11.503 17.990 10.316
154 3 2 19.795 11.550 17.846 10.364
155 3 2 19.520 11.539 17.870 10.376
156 3 2 19.556 11.563 17.823 10.340
157 3 2 19.425 11.599 17.691 10.376
158 3 2 19.245 11.635 17.511 10.412
159 3 2 19.114 11.695 17.380 10.472
160 3 2 18.970 11.743 17.152 10.865
161 3 2 19.006 11.755 17.092 10.830
162 3 2 18.851 11.791 16.936 10.866
163 3 2 18.719 11.851 16.804 10.925
164 3 2 18.564 11.863 16.649 10.938
165 3 2 18.193 11.816 16.433 11.022
166 3 2 18.229 11.828 16.373 10.986
167 3 2 18.085 11.852 16.229 11.010
168 3 2 17.942 11.876 16.085 11.034
169 3 2 17.774 11.901 15.917 11.058
170 3 2 17.391 11.926 15.653 11.059
171 3 2 17.427 11.937 15.593 11.023
172 3 2 17.307 11.962 15.473 11.047
173 3 2 17.163 11.986 15.329 11.071
174 3 2 17.019 11.986 15.185 11.072
175 3 2 16.552 12.047 14.680 11.216
176 3 2 16.588 12.059 14.620 11.180
177 3 2 16.456 12.071 14.488 11.193
178 3 2 16.324 12.059 14.356 11.181
179 3 2 16.168 12.072 14.200 11.193
180 3 2 15.940 12.072 14.188 11.038
181 3 2 15.976 12.096 14.128 11.002
182 3 2 15.844 12.097 13.995 11.003
183 3 2 15.712 12.097 13.863 11.003
184 3 2 15.556 12.097 13.707 11.003
185 3 2 15.160 12.098 13.610 11.063
186 3 2 15.196 12.122 13.562 11.027
187 3 2 15.052 12.123 13.418 11.028
188 3 2 14.907 12.123 13.274 11.028
189 3 2 14.763 12.123 13.129 11.028
190 3 2 14.727 12.052 12.960 11.172
191 3 2 14.763 12.064 12.900 11.136
192 3 2 14.619 12.052 12.756 11.124
193 3 2 14.499 12.040 12.635 11.113
194 3 2 14.379 12.053 12.515 11.125
195 3 2 13.838 12.042 12.189 11.185
196 3 2 13.874 12.054 12.141 11.150
197 3 2 13.729 12.066 11.997 11.162
198 3 2 13.609 12.055 11.876 11.150
199 3 2 13.464 12.067 11.731 11.162
200 3 2 13.320 12.055 11.587 11.151
201 3 2 13.176 12.092 11.442 11.187
202 3 2 13.031 12.080 11.297 11.175
203 3 2 12.886 12.092 11.152 11.188
204 3 2 12.742 12.105 11.008 11.200
205 3 2 12.621 12.141 10.887 11.236
206 3 2 12.477 12.153 10.742 11.248
207 3 2 12.332 12.190 10.597 11.284
208 3 2 12.187 12.202 10.452 11.297
209 3 2 12.043 12.238 10.307 11.333
210 3 2 11.898 12.251 10.162 11.345
211 3 2 11.753 12.287 10.017 11.381
212 3 2 11.632 12.323 9.896 11.418
213 3 2 11.488 12.359 9.751 11.454
214 3 2 11.343 12.396 9.606 11.490
215 3 2 11.005 12.409 9.436 11.491
216 3 2 11.041 12.420 9.388 11.455
217 3 2 10.908 12.469 9.255 11.503
218 3 2 10.775 12.517 9.122 11.551
219 3 2 10.642 12.565 8.989 11.599
220 3 2 10.183 12.674 8.588 11.948
221 3 2 10.219 12.686 8.540 11.912
222 3 2 10.086 12.735 8.406 11.960
223 3 2 9.953 12.807 8.273 12.033
224 3 2 9.844 12.855 8.164 12.081
225 3 2 9.372 12.988 8.042 12.165
226 3 2 9.396 13.000 7.994 12.129
227 3 2 9.287 13.073 7.885 12.201
228 3 2 9.153 13.169 7.751 12.298
229 3 2 9.044 13.241 7.642 12.370
230 3 2 8.911 13.314 7.508 12.442
231 3 2 8.826 13.410 7.423 12.539
232 3 2 8.692 13.506 7.289 12.635
233 3 2 8.607 13.603 7.204 12.731
234 3 2 8.474 13.675 7.070 12.804
235 3 2 8.389 13.747 6.985 12.876
236 3 2 8.255 13.868 6.851 12.996
237 3 2 8.170 13.940 6.766 13.069
238 3 2 8.061 14.061 6.656 13.189
239 3 2 7.975 14.133 6.571 13.262
240 3 2 7.866 14.254 6.461 13.382
241 3 2 7.781 14.350 6.376 13.478
242 3 2 7.671 14.446 6.266 13.575
243 3 2 7.586 14.543 6.181 13.671
244 3 2 7.476 14.663 6.071 13.792
245 3 2 7.391 14.784 5.986 13.912
246 3 2 7.306 14.880 5.900 14.009
247 3 2 7.220 15.001 5.815 14.129
248 3 2 7.135 15.122 5.729 14.250
249 3 2 7.074 15.218 5.668 14.346
250 3 2 6.989 15.339 5.582 14.467
251 3 2 6.927 15.483 5.521 14.612
252 3 2 6.866 15.604 5.460 14.732
253 3 2 6.805 15.700 5.399 14.829
254 3 2 6.744 15.821 5.337 14.949
255 3 2 6.683 15.965 5.276 15.094
256 3 2 6.597 16.086 5.190 15.214
257 3 2 6.560 16.182 5.153 15.311
258 3 2 6.475 16.303 5.068 15.432
259 3 2 6.438 16.448 5.031 15.576
260 3 2 6.377 16.593 4.969 15.721
261 3 2 6.315 16.713 4.908 15.842
262 3 2 6.254 16.810 4.846 15.938
263 3 2 6.217 16.955 4.809 16.083
264 3 2 6.156 17.075 4.748 16.204
265 3 2 6.119 17.220 4.711 16.348
266 3 2 6.058 17.365 4.649 16.493
267 3 2 6.021 17.485 4.612 16.614
268 3 2 5.959 17.606 4.551 16.735
269 3 2 5.922 17.751 4.514 16.880
270 3 2 5.885 17.896 4.476 17.024
271 3 2 5.848 18.041 4.439 17.169
272 3 2 5.787 18.161 4.378 17.290
273 3 2 5.774 18.282 4.365 17.411
274 3 2 5.713 18.427 4.304 17.556
275 3 2 5.676 18.572 4.266 17.701
276 3 2 5.639 18.693 4.229 17.821
277 3 2 5.626 18.813 4.216 17.942
278 3 2 5.565 18.958 4.155 18.087
279 3 2 5.552 19.103 4.142 18.232
280 3 2 5.515 19.224 4.105 18.353
281 3 2 5.478 19.345 4.068 18.474
282 3 2 5.441 19.490 4.031 18.619
283 3 2 5.428 19.635 4.018 18.764
284 3 2 5.391 19.756 3.981 18.885
285 3 2 5.378 19.876 3.968 19.005
286 3 2 5.341 20.021 3.931 19.151
287 3 2 5.328 20.166 3.918 19.295
288 3 2 5.291 20.287 3.881 19.416
289 3 2 5.279 20.408 3.868 19.537
290 3 2 5.241 20.553 3.831 19.682
291 3 2 5.229 20.698 3.818 19.827
292 3 2 5.216 20.843 3.805 19.972
293 3 2 5.203 20.964 3.792 20.093
294 3 2 5.166 21.085 3.755 20.214
295 3 2 5.176 21.677 4.050 19.850
296 3 2 5.200 21.713 4.013 19.790
297 3 2 5.175 21.846 3.988 19.923
298 3 2 5.150 21.979 3.963 20.056
299 3 2 5.150 22.112 3.963 20.189
300 3 2 5.125 22.245 3.938 20.322
301 3 2 5.100 22.402 3.913 20.479
302 3 2 5.099 22.535 3.912 20.612
303 3 2 5.074 22.668 3.887 20.745
304 3 2 5.049 22.802 3.862 20.878
305 3 2 5.049 22.959 3.861 21.035
306 3 2 5.048 23.092 3.861 21.168
307 3 2 5.023 23.249 3.836 21.325
308 3 2 4.998 23.382 3.811 21.459
309 3 2 4.998 23.515 3.810 21.591
310 3 2 4.997 23.648 3.809 21.724
311 3 2 4.972 23.806 3.784 21.882
312 3 2 4.947 23.939 3.759 22.015
313 3 2 4.946 24.097 3.758 22.172
314 3 2 4.922 24.230 3.733 22.306
315 3 2 4.897 24.363 3.708 22.439
316 3 2 4.896 24.496 3.708 22.572
317 3 2 4.895 24.654 3.707 22.729
318 3 2 4.870 24.787 3.682 22.862
319 3 2 4.845 24.945 3.657 23.020
320 3 2 4.845 25.078 3.656 23.153
321 3 2 4.844 25.235 3.656 23.310
322 3 2 4.819 25.369 3.631 23.444
323 3 2 4.794 25.526 3.605 23.601
324 3 2 4.793 25.659 3.605 23.734
325 3 2 4.768 25.817 3.580 23.892
326 3 2 4.743 25.951 3.555 24.025
327 3 2 4.743 26.108 3.554 24.183
328 3 2 4.742 26.241 3.553 24.316
329 3 2 4.717 26.375 3.528 24.450
330 3 2 4.692 26.509 3.503 24.583
331 3 2 4.692 26.666 3.502 24.740
332 3 2 4.691 26.799 3.502 24.874
333 3 2 4.666 26.957 3.477 25.031
334 3 2 4.641 27.091 3.452 25.165
335 3 2 4.665 27.224 3.475 25.298
336 3 2 4.640 27.358 3.450 25.432
337 3 2 4.639 27.503 3.450 25.577
0 5 1 12.315 20.919 11.603 20.372
1 5 1 12.339 20.943 11.603 20.372
2 5 1 12.339 20.883 11.603 20.312
3 5 1 12.351 20.835 11.615 20.264
4 5 1 12.351 20.775 11.615 20.204
5 5 1 12.532 20.978 11.496 19.543
6 5 1 12.556 21.014 11.460 19.495
7 5 1 12.568 20.953 11.472 19.435
8 5 1 12.581 20.917 11.484 19.399
9 5 1 12.569 20.833 11.472 19.315
10 5 1 12.496 20.726 11.496 19.495
11 5 1 12.520 20.750 11.460 19.447
12 5 1 12.521 20.701 11.460 19.399
13 5 1 12.521 20.629 11.460 19.327
14 5 1 12.521 20.557 11.460 19.255
15 5 1 12.521 20.509 11.460 19.207
16 5 1 12.545 20.461 11.484 19.159
17 5 1 12.569 20.389 11.509 19.087
18 5 1 12.570 20.341 11.509 19.038
19 5 1 12.594 20.292 11.533 18.990
20 5 1 12.618 20.220 11.558 18.918
21 5 1 12.618 20.148 11.558 18.846
22 5 1 12.618 20.076 11.558 18.774
23 5 1 12.643 20.028 11.582 18.726
24 5 1 12.667 19.955 11.606 18.653
25 5 1 12.510 19.680 11.559 18.413
26 5 1 12.522 19.704 11.510 18.366
27 5 1 12.523 19.668 11.510 18.330
28 5 1 12.547 19.608 11.535 18.270
29 5 1 12.547 19.548 11.535 18.209
30 5 1 12.547 19.488 11.535 18.149
31 5 1 12.571 19.428 11.559 18.089
32 5 1 12.596 19.367 11.584 18.029
33 5 1 12.596 19.307 11.584 17.969
34 5 1 12.620 19.247 11.608 17.909
35 5 1 12.644 19.187 11.632 17.849
36 5 1 12.668 19.127 11.657 17.788
37 5 1 12.693 19.066 11.681 17.728
38 5 1 12.717 19.006 11.705 17.668
39 5 1 12.741 18.970 11.730 17.632
40 5 1 12.765 18.886 11.754 17.548
41 5 1 12.790 18.850 11.778 17.512
42 5 1 12.814 18.765 11.802 17.428
43 5 1 12.838 18.729 11.827 17.391
44 5 1 12.862 18.669 11.851 17.331
45 5 1 12.755 18.202 11.790 17.476
46 5 1 12.779 18.214 11.754 17.440
47 5 1 12.803 18.165 11.778 17.392
48 5 1 12.815 18.105 11.791 17.332
49 5 1 12.827 18.057 11.803 17.284
50 5 1 12.887 18.153 11.924 17.055
51 5 1 12.912 18.177 11.888 17.019
52 5 1 12.924 18.117 11.900 16.959
53 5 1 12.960 18.057 11.936 16.899
54 5 1 12.972 18.020 11.949 16.863
55 5 1 13.008 17.960 11.985 16.803
56 5 1 13.021 17.924 11.997 16.767
57 5 1 13.033 17.864 12.009 16.706
58 5 1 13.045 17.828 12.021 16.670
59 5 1 13.081 17.768 12.058 16.610
60 5 1 13.093 17.732 12.070 16.574
61 5 1 13.106 17.648 12.082 16.490
62 5 1 13.118 17.612 12.094 16.454
63 5 1 13.130 17.528 12.107 16.370
64 5 1 13.142 17.492 12.119 16.334
65 5 1 13.154 17.576 12.264 16.070
66 5 1 13.166 17.611 12.228 16.022
67 5 1 13.178 17.551 12.240 15.962
68 5 1 13.190 17.515 12.252 15.926
69 5 1 13.202 17.455 12.264 15.866
70 5 1 13.071 16.929 12.252 16.046
71 5 1 13.083 16.940 12.216 16.010
72 5 1 13.095 16.892 12.228 15.962
73 5 1 13.095 16.844 12.228 15.914
74 5 1 13.119 16.796 12.252 15.866
75 5 1 13.324 16.687 12.349 15.638
76 5 1 13.348 16.711 12.313 15.602
77 5 1 13.372 16.651 12.337 15.542
78 5 1 13.373 16.591 12.338 15.482
79 5 1 13.397 16.531 12.362 15.422
80 5 1 13.373 16.555 12.398 15.386
81 5 1 13.397 16.579 12.362 15.350
82 5 1 13.421 16.543 12.386 15.314
83 5 1 13.445 16.459 12.410 15.230
84 5 1 13.469 16.423 12.435 15.194
85 5 1 13.422 16.112 12.471 15.122
86 5 1 13.434 16.136 12.423 15.086
87 5 1 13.458 16.088 12.447 15.038
88 5 1 13.434 16.040 12.423 14.990
89 5 1 13.458 15.992 12.447 14.942
90 5 1 13.410 15.872 12.508 14.882
91 5 1 13.422 15.896 12.472 14.846
92 5 1 13.434 15.848 12.484 14.798
93 5 1 13.434 15.800 12.484 14.750
94 5 1 13.446 15.740 12.496 14.690
95 5 1 13.386 15.705 12.545 14.463
96 5 1 13.398 15.728 12.509 14.415
97 5 1 13.410 15.692 12.521 14.379
98 5 1 13.422 15.633 12.533 14.319
99 5 1 13.435 15.597 12.545 14.283
100 5 1 13.375 15.309 12.508 14.547
101 5 1 13.387 15.321 12.472 14.511
102 5 1 13.399 15.285 12.484 14.475
103 5 1 13.411 15.261 12.496 14.451
104 5 1 13.411 15.237 12.496 14.427
105 5 1 13.423 15.213 12.509 14.403
106 5 1 13.447 15.189 12.533 14.379
107 5 1 13.459 15.165 12.545 14.355
108 5 1 13.459 15.141 12.545 14.331
109 5 1 13.483 15.129 12.569 14.319
110 5 1 13.496 15.105 12.581 14.295
111 5 1 13.520 15.093 12.605 14.283
112 5 1 13.544 15.093 12.629 14.283
114 5 1 13.700 15.128 12.895 14.102
115 5 1 13.712 15.152 12.859 14.066
116 5 1 13.736 15.140 12.883 14.054
117 5 1 13.760 15.152 12.907 14.066
118 5 1 13.773 15.128 12.919 14.042
119 5 1 13.797 15.116 12.943 14.030
120 5 1 13.821 15.116 12.967 14.030
121 5 1 14.002 14.888 12.991 14.210
122 5 1 14.026 14.899 12.955 14.186
123 5 1 14.050 14.887 12.979 14.174
124 5 1 14.062 14.887 12.991 14.174
125 5 1 14.098 14.875 13.027 14.162
126 5 1 14.146 14.935 13.027 14.126
127 5 1 14.170 14.947 12.991 14.090
128 5 1 14.194 14.935 13.015 14.078
129 5 1 14.194 14.899 13.015 14.042
130 5 1 14.218 14.887 13.040 14.030
131 5 1 14.242 14.851 13.064 13.994
132 5 1 14.267 14.839 13.088 13.982
133 5 1 14.267 14.803 13.088 13.946
134 5 1 14.291 14.791 13.112 13.934
135 5 1 14.315 14.755 13.136 13.898
136 5 1 14.339 14.743 13.160 13.886
137 5 1 14.363 14.707 13.184 13.850
138 5 1 14.387 14.695 13.209 13.838
139 5 1 14.411 14.659 13.233 13.802
140 5 1 14.435 14.623 13.257 13.766
141 5 1 14.483 14.586 13.305 13.730
142 5 1 14.532 14.574 13.353 13.718
143 5 1 14.580 14.538 13.402 13.681
144 5 1 14.604 14.502 13.426 13.645
145 5 1 14.628 14.466 13.450 13.609
146 5 1 14.652 14.454 13.474 13.597
147 5 1 14.676 14.418 13.498 13.561
148 5 1 14.700 14.406 13.522 13.549
149 5 1 14.724 14.370 13.546 13.513
150 5 1 14.748 14.358 13.570 13.501
151 5 1 14.796 14.322 13.619 13.465
152 5 1 14.821 14.286 13.643 13.429
153 5 1 14.845 14.274 13.667 13.417
154 5 1 14.893 14.238 13.715 13.381
155 5 1 14.917 14.202 13.739 13.345
156 5 1 14.965 14.190 13.787 13.333
157 5 1 15.013 14.154 13.836 13.297
158 5 1 15.037 14.142 13.860 13.285
159 5 1 15.085 14.106 13.908 13.249
160 5 1 15.133 14.094 13.956 13.237
161 5 1 15.157 14.058 13.980 13.201
162 5 1 15.206 14.045 14.028 13.189
163 5 1 15.254 14.009 14.076 13.153
164 5 1 15.302 13.973 14.125 13.117
165 5 1 15.326 13.937 14.149 13.081
166 5 1 15.374 13.925 14.197 13.069
167 5 1 15.398 13.889 14.221 13.033
168 5 1 15.422 13.877 14.245 13.021
169 5 1 15.470 13.817 14.293 12.961
170 5 1 15.494 13.805 14.317 12.949
171 5 1 15.542 13.769 14.365 12.913
172 5 1 15.590 13.733 14.414 12.877
173 5 1 15.614 13.697 14.438 12.841
174 5 1 15.662 13.661 14.486 12.805
175 5 1 15.711 13.625 14.534 12.769
176 5 1 15.735 13.589 14.558 12.733
177 5 1 15.783 13.553 14.606 12.697
178 5 1 15.831 13.541 14.654 12.685
179 5 1 15.855 13.482 14.678 12.625
180 5 1 15.879 13.469 14.702 12.613
181 5 1 15.927 13.410 14.751 12.553
182 5 1 15.975 13.397 14.799 12.541
183 5 1 15.999 13.362 14.823 12.505
184 5 1 16.047 13.326 14.871 12.469
185 5 1 16.095 13.290 14.919 12.433
186 5 1 16.143 13.278 14.967 12.421
187 5 1 16.191 13.242 15.015 12.385
188 5 1 16.239 13.206 15.063 12.349
189 5 1 16.287 13.170 15.111 12.313
190 5 1 16.335 13.134 15.159 12.277
191 5 1 16.383 13.098 15.208 12.242
192 5 1 16.431 13.086 15.256 12.229
193 5 1 16.479 13.050 15.304 12.193
194 5 1 16.551 13.037 15.376 12.181
195 5 1 16.599 13.001 15.424 12.145
196 5 1 16.647 12.989 15.472 12.133
197 5 1 16.671 12.953 15.496 12.097
198 5 1 16.719 12.918 15.544 12.062
199 5 1 16.767 12.882 15.592 12.026
200 5 1 16.791 12.846 15.616 11.990
201 5 1 16.839 12.810 15.664 11.954
202 5 1 16.887 12.798 15.712 11.942
203 5 1 16.935 12.738 15.760 11.882
204 5 1 16.983 12.726 15.808 11.870
205 5 1 17.031 12.690 15.856 11.834
206 5 1 17.079 12.654 15.904 11.798
207 5 1 17.127 12.618 15.952 11.762
208 5 1 17.175 12.606 16.000 11.750
209 5 1 17.223 12.570 16.048 11.714
210 5 1 17.271 12.558 16.096 11.702
211 5 1 17.319 12.522 16.144 11.666
212 5 1 17.343 12.486 16.168 11.630
213 5 1 17.391 12.450 16.216 11.594
214 5 1 17.415 12.414 16.240 11.559
215 5 1 17.462 12.378 16.288 11.523
216 5 1 17.486 12.343 16.312 11.487
217 5 1 17.534 12.307 16.360 11.451
218 5 1 17.558 12.271 16.384 11.415
219 5 1 17.606 12.235 16.432 11.379
220 5 1 17.654 12.199 16.480 11.343
221 5 1 17.702 12.163 16.528 11.308
222 5 1 17.726 12.127 16.552 11.272
223 5 1 17.774 12.091 16.600 11.236
224 5 1 17.822 12.079 16.648 11.224
225 5 1 17.870 12.044 16.696 11.188
226 5 1 17.918 12.008 16.744 11.152
227 5 1 17.966 11.972 16.792 11.116
228 5 1 17.990 11.960 16.816 11.104
229 5 1 18.037 11.924 16.864 11.068
230 5 1 18.061 11.912 16.888 11.056
231 5 1 18.109 11.876 16.936 11.021
232 5 1 18.133 11.840 16.960 10.985
233 5 1 18.181 11.804 17.008 10.949
234 5 1 18.229 11.769 17.056 10.913
235 5 1 18.277 11.733 17.104 10.877
236 5 1 18.325 11.697 17.152 10.841
237 5 1 18.349 11.637 17.176 10.782
238 5 1 18.396 11.625 17.224 10.770
239 5 1 18.444 11.565 17.272 10.710
240 5 1 18.468 11.554 17.296 10.698
241 5 1 18.516 11.518 17.344 10.662
242 5 1 18.540 11.506 17.368 10.650
243 5 1 18.564 11.446 17.392 10.591
244 5 1 18.588 11.410 17.415 10.555
245 5 1 18.612 11.375 17.439 10.519
246 5 1 18.636 11.339 17.463 10.483
247 5 1 18.684 11.303 17.511 10.448
248 5 1 18.707 11.267 17.535 10.412
249 5 1 18.755 11.231 17.583 10.376
250 5 1 18.779 11.196 17.607 10.340
251 5 1 18.827 11.160 17.655 10.304
252 5 1 18.851 11.124 17.679 10.269
253 5 1 18.899 11.088 17.727 10.233
254 5 1 18.947 11.052 17.775 10.197
255 5 1 18.994 11.017 17.823 10.161
256 5 1 19.018 11.005 17.847 10.149
257 5 1 19.066 10.969 17.894 10.114
258 5 1 19.114 10.957 17.942 10.102
259 5 1 19.138 10.897 17.966 10.042
260 5 1 19.186 10.885 18.014 10.030
261 5 1 19.233 10.849 18.062 9.994
262 5 1 19.257 10.837 18.086 9.982
263 5 1 19.305 10.802 18.134 9.947
264 5 1 19.329 10.766 18.158 9.911
265 5 1 19.377 10.730 18.205 9.875
266 5 1 19.401 10.718 18.229 9.863
267 5 1 19.448 10.682 18.277 9.827
268 5 1 19.496 10.647 18.325 9.792
269 5 1 19.520 10.587 18.349 9.732
270 5 1 19.568 10.551 18.397 9.696
271 5 1 19.616 10.516 18.445 9.661
272 5 1 19.639 10.504 18.469 9.649
273 5 1 19.663 10.468 18.492 9.613
274 5 1 19.687 10.432 18.516 9.577
275 5 1 19.735 10.420 18.564 9.565
276 5 1 19.759 10.384 18.588 9.530
277 5 1 19.783 10.349 18.612 9.494
278 5 1 19.807 10.313 18.636 9.458
279 5 1 19.830 10.254 18.660 9.399
280 5 1 19.854 10.218 18.684 9.363
281 5 1 19.902 10.182 18.732 9.327
282 5 1 19.926 10.146 18.755 9.291
283 5 1 19.974 10.111 18.803 9.256
284 5 1 19.997 10.075 18.827 9.220
285 5 1 20.045 10.015 18.875 9.161
286 5 1 20.069 9.980 18.899 9.125
287 5 1 20.117 9.944 18.947 9.089
288 5 1 20.164 9.908 18.994 9.053
289 5 1 20.188 9.873 19.018 9.018
290 5 1 20.236 9.861 19.066 9.006
291 5 1 20.260 9.801 19.090 8.946
292 5 1 20.284 9.789 19.114 8.934
293 5 1 20.331 9.753 19.162 8.899
294 5 1 20.379 9.718 19.209 8.863
295 5 1 20.403 9.682 19.233 8.827
296 5 1 20.451 9.670 19.281 8.815
297 5 1 20.498 9.634 19.329 8.780
298 5 1 20.522 9.599 19.353 8.744
299 5 1 20.570 9.563 19.400 8.708
301 5 1 20.641 9.468 19.472 8.613
302 5 1 20.689 9.432 19.520 8.578
303 5 1 20.713 9.397 19.544 8.542
304 5 1 20.760 9.361 19.591 8.506
305 5 1 20.808 9.325 19.639 8.471
306 5 1 20.832 9.313 19.663 8.459
307 5 1 20.856 9.278 19.687 8.423
308 5 1 20.903 9.242 19.735 8.387
309 5 1 20.927 9.206 19.758 8.352
311 5 1 20.975 9.135 19.806 8.280
312 5 1 20.999 9.099 19.830 8.245
313 5 1 21.046 9.064 19.878 8.209
314 5 1 21.070 9.028 19.902 8.173
315 5 1 21.094 8.992 19.925 8.138
316 5 1 21.142 8.957 19.973 8.102
317 5 1 21.165 8.921 19.997 8.067
318 5 1 21.213 8.909 20.045 8.055
319 5 1 21.261 8.873 20.092 8.019
320 5 1 21.308 8.838 20.140 7.983
321 5 1 21.332 8.802 20.164 7.948
322 5 1 21.380 8.790 20.212 7.936
323 5 1 21.404 8.755 20.235 7.900
324 5 1 21.451 8.743 20.283 7.888
325 5 1 21.475 8.707 20.307 7.853
326 5 1 21.523 8.695 20.355 7.841
327 5 1 21.570 8.683 20.402 7.829
328 5 1 21.594 8.671 20.426 7.817
329 5 1 21.642 8.636 20.474 7.782
330 5 1 21.665 8.624 20.498 7.770
331 5 1 21.689 8.588 20.521 7.734
332 5 1 21.737 8.553 20.569 7.698
333 5 1 21.761 8.517 20.593 7.663
334 5 1 21.808 8.481 20.640 7.627
335 5 1 21.832 8.446 20.664 7.592
336 5 1 21.879 8.410 20.712 7.556
337 5 1 21.903 8.375 20.736 7.520
338 5 1 21.927 8.339 20.760 7.485
339 5 1 21.975 8.303 20.807 7.449
340 5 1 21.998 8.292 20.831 7.437
341 5 1 22.022 8.256 20.855 7.402
342 5 1 22.046 8.244 20.879 7.390
343 5 1 22.070 8.185 20.902 7.331
344 5 1 22.093 8.173 20.926 7.319
345 5 1 22.117 8.114 20.950 7.259
346 5 1 22.141 8.102 20.974 7.248
347 5 1 22.165 8.066 20.998 7.212
348 5 1 22.188 8.031 21.021 7.176
349 5 1 22.236 7.995 21.069 7.141
350 5 1 22.260 7.983 21.093 7.129
351 5 1 22.307 7.948 21.140 7.093
352 5 1 22.331 7.912 21.164 7.058
353 5 1 22.379 7.876 21.212 7.022
354 5 1 22.402 7.864 21.236 7.010
355 5 1 22.450 7.829 21.283 6.975
356 5 1 22.474 7.817 21.307 6.963
357 5 1 22.497 7.781 21.331 6.927
358 5 1 22.521 7.770 21.355 6.916
359 5 1 22.545 7.734 21.378 6.880
360 5 1 22.592 7.746 21.426 6.892
361 5 1 22.640 7.710 21.474 6.856
362 5 1 22.664 7.699 21.497 6.845
363 5 1 22.711 7.663 21.545 6.809
364 5 1 22.735 7.651 21.569 6.797
365 5 1 22.759 7.616 21.593 6.762
366 5 1 22.783 7.604 21.616 6.750
367 5 1 22.806 7.568 21.640 6.714
368 5 1 22.830 7.533 21.664 6.679
369 5 1 22.877 7.497 21.711 6.643
370 5 1 22.901 7.485 21.735 6.631
371 5 1 22.925 7.450 21.759 6.596
372 5 1 22.949 7.438 21.783 6.584
373 5 1 22.972 7.402 21.807 6.548
374 5 1 22.972 7.367 21.807 6.513
375 5 1 22.996 7.331 21.830 6.477
376 5 1 23.020 7.319 21.854 6.465
377 5 1 23.020 7.284 21.854 6.430
378 5 1 23.020 7.272 21.854 6.418
379 5 1 22.996 7.236 21.830 6.382
380 5 1 22.996 7.201 21.830 6.347
381 5 1 22.996 7.165 21.830 6.311
382 5 1 23.020 7.153 21.854 6.299
383 5 1 23.020 7.118 21.854 6.264
384 5 1 23.043 7.082 21.878 6.228
385 5 1 23.043 7.047 21.878 6.193
386 5 1 23.067 7.035 21.901 6.181
387 5 1 23.091 6.976 21.925 6.122
388 5 1 23.114 6.940 21.949 6.086
389 5 1 23.138 6.881 21.973 6.027
390 5 1 23.162 6.845 21.996 5.992
391 5 1 23.186 6.786 22.020 5.932
392 5 1 23.209 6.751 22.044 5.897
393 5 1 23.233 6.715 22.068 5.861
394 5 1 23.257 6.703 22.091 5.850
395 5 1 23.257 6.668 22.091 5.814
396 5 1 23.280 6.656 22.115 5.802
397 5 1 23.280 6.644 22.115 5.790
398 5 1 23.304 6.632 22.139 5.778
399 5 1 23.328 6.597 22.163 5.743
400 5 1 23.328 6.585 22.163 5.731
401 5 1 23.351 6.549 22.186 5.696
402 5 1 23.375 6.538 22.210 5.684
403 5 1 23.399 6.526 22.234 5.672
404 5 1 23.423 6.514 22.258 5.660
405 5 1 23.446 6.479 22.281 5.625
406 5 1 23.470 6.490 22.305 5.637
407 5 1 23.494 6.455 22.329 5.601
408 5 1 23.518 6.443 22.353 5.589
409 5 1 23.541 6.408 22.376 5.554
410 5 1 23.565 6.396 22.400 5.542
411 5 1 23.565 6.360 22.400 5.506
412 5 1 23.589 6.348 22.424 5.495
413 5 1 23.612 6.313 22.448 5.459
414 5 1 23.612 6.301 22.448 5.447
415 5 1 23.612 6.266 22.448 5.412
416 5 1 23.636 6.254 22.471 5.400
417 5 1 23.636 6.218 22.471 5.364
418 5 1 23.636 6.183 22.471 5.329
419 5 1 23.636 6.147 22.471 5.293
420 5 1 23.660 6.112 22.495 5.258
421 5 1 23.659 6.076 22.495 5.222
422 5 1 23.659 6.041 22.495 5.187
423 5 1 23.659 6.005 22.495 5.151
424 5 1 23.659 5.970 22.495 5.116
425 5 1 23.659 5.910 22.495 5.057
426 5 1 23.659 5.899 22.495 5.045
427 5 1 23.659 5.863 22.495 5.009
428 5 1 23.659 5.828 22.495 4.974
429 5 1 23.683 5.792 22.518 4.938
430 5 1 23.683 5.780 22.518 4.926
431 5 1 23.683 5.745 22.518 4.891
432 5 1 23.706 5.733 22.542 4.879
433 5 1 23.706 5.698 22.542 4.844
434 5 1 23.706 5.686 22.542 4.832
435 5 1 23.730 5.650 22.566 4.796
436 5 1 23.730 5.638 22.566 4.785
437 5 1 23.754 5.603 22.589 4.749
438 5 1 23.777 5.591 22.613 4.737
439 5 1 23.777 5.579 22.613 4.725
440 5 1 23.801 5.567 22.637 4.714
441 5 1 23.801 5.556 22.637 4.702
442 5 1 23.825 5.544 22.661 4.690
443 5 1 23.849 5.532 22.684 4.678
444 5 1 23.849 5.520 22.684 4.666
445 5 1 23.872 5.508 22.708 4.655
446 5 1 23.872 5.497 22.708 4.643
447 5 1 23.896 5.461 22.732 4.607
448 5 1 23.896 5.449 22.732 4.596
449 5 1 23.896 5.414 22.732 4.560
450 5 1 23.920 5.402 22.755 4.548
451 5 1 23.920 5.390 22.755 4.536
452 5 1 23.919 5.378 22.755 4.525
453 5 1 23.943 5.367 22.779 4.513
454 5 1 23.943 5.378 22.779 4.525
455 5 1 23.943 5.367 22.779 4.513
456 5 1 23.943 5.355 22.779 4.501
457 5 1 23.967 5.343 22.803 4.489
458 5 1 23.967 5.331 22.803 4.477
459 5 1 23.967 5.319 22.803 4.466
460 5 1 23.967 5.307 22.803 4.454
461 5 1 23.967 5.296 22.803 4.442
462 5 1 23.943 5.284 22.779 4.430
463 5 1 23.943 5.272 22.779 4.418
464 5 1 23.967 5.260 22.803 4.406
465 5 1 23.967 5.225 22.803 4.371
466 5 1 23.967 5.213 22.803 4.359
467 5 1 23.967 5.177 22.803 4.324
468 5 1 23.967 5.166 22.803 4.312
469 5 1 23.967 5.130 22.803 4.276
470 5 1 23.967 5.095 22.803 4.241
471 5 1 23.966 5.059 22.803 4.205
472 5 1 23.966 5.047 22.803 4.193
473 5 1 23.966 5.012 22.803 4.158
474 5 1 23.966 4.976 22.802 4.122
475 5 1 23.966 4.941 22.802 4.087
476 5 1 23.943 4.929 22.779 4.075
477 5 1 23.943 4.893 22.779 4.040
478 5 1 23.942 4.882 22.779 4.028
479 5 1 23.942 4.846 22.779 3.992
480 5 1 23.942 4.834 22.779 3.980
481 5 1 23.942 4.823 22.779 3.969
482 5 1 23.942 4.811 22.779 3.957
483 5 1 23.942 4.799 22.779 3.945
484 5 1 23.919 4.811 22.755 3.957
485 5 1 23.919 4.799 22.755 3.945
486 5 1 23.919 4.811 22.755 3.957
487 5 1 23.919 4.799 22.755 3.945
488 5 1 23.919 4.811 22.755 3.957
489 5 1 23.919 4.799 22.755 3.945
490 5 1 23.919 4.811 22.755 3.957
491 5 1 23.895 4.799 22.731 3.945
492 5 1 23.895 4.811 22.731 3.957
493 5 1 23.895 4.799 22.731 3.945
494 5 1 23.895 4.811 22.731 3.957
495 5 1 23.895 4.799 22.731 3.945
496 5 1 23.895 4.811 22.731 3.957
497 5 1 23.871 4.799 22.707 3.945
498 5 1 23.871 4.811 22.707 3.957
499 5 1 23.871 4.799 22.707 3.945
500 5 1 23.871 4.811 22.707 3.957
501 5 1 23.848 4.799 22.684 3.945
502 5 1 23.848 4.811 22.684 3.957
503 5 1 23.848 4.799 22.684 3.945
504 5 1 23.848 4.811 22.684 3.957
505 5 1 23.848 4.799 22.684 3.945
506 5 1 23.824 4.810 22.660 3.957
507 5 1 23.824 4.799 22.660 3.945
508 5 1 23.824 4.810 22.660 3.957
509 5 1 23.824 4.799 22.660 3.945
510 5 1 23.824 4.810 22.660 3.957
511 5 1 23.800 4.799 22.636 3.945
512 5 1 23.800 4.810 22.636 3.956
513 5 1 23.800 4.799 22.636 3.945
514 5 1 23.800 4.810 22.636 3.956
515 5 1 23.800 4.799 22.636 3.945
516 5 1 23.800 4.810 22.636 3.956
517 5 1 23.776 4.799 22.612 3.945
518 5 1 23.776 4.810 22.612 3.956
519 5 1 23.776 4.799 22.612 3.945
520 5 1 23.776 4.810 22.612 3.956
521 5 1 23.776 4.799 22.612 3.945
522 5 1 23.776 4.810 22.612 3.956
523 5 1 23.753 4.822 22.589 3.968
524 5 1 23.753 4.834 22.589 3.980
525 5 1 23.753 4.822 22.589 3.968
526 5 1 23.753 4.834 22.589 3.980
527 5 1 23.753 4.822 22.589 3.968
528 5 1 23.753 4.810 22.589 3.956
529 5 1 23.753 4.799 22.589 3.945
530 5 1 23.753 4.810 22.589 3.956
531 5 1 23.753 4.799 22.589 3.945
532 5 1 23.753 4.810 22.589 3.956
533 5 1 23.753 4.799 22.589 3.945
534 5 1 23.753 4.810 22.589 3.956
535 5 1 23.753 4.799 22.589 3.945
536 5 1 23.753 4.810 22.589 3.956
537 5 1 23.753 4.799 22.589 3.945
538 5 1 23.753 4.810 22.589 3.956
539 5 1 23.753 4.799 22.589 3.945
540 5 1 23.753 4.810 22.589 3.956
541 5 1 23.753 4.799 22.589 3.945
542 5 1 23.753 4.810 22.589 3.956
543 5 1 23.753 4.799 22.589 3.945
544 5 1 23.753 4.810 22.589 3.956
545 5 1 23.753 4.799 22.589 3.945
546 5 1 23.753 4.810 22.589 3.956
547 5 1 23.753 4.799 22.589 3.945
548 5 1 23.753 4.810 22.589 3.956
549 5 1 23.753 4.799 22.589 3.945
550 5 1 23.753 4.810 22.589 3.956
551 5 1 23.753 4.799 22.589 3.945
552 5 1 23.753 4.810 22.589 3.956
553 5 1 23.753 4.799 22.589 3.945
554 5 1 23.729 4.810 22.565 3.956
555 5 1 23.729 4.798 22.565 3.944
556 5 1 23.729 4.810 22.565 3.956
557 5 1 23.729 4.798 22.565 3.944
558 5 1 23.729 4.810 22.565 3.956
559 5 1 23.705 4.798 22.541 3.944
560 5 1 23.705 4.810 22.541 3.956
561 5 1 23.681 4.798 22.517 3.944
562 5 1 23.658 4.810 22.494 3.956
563 5 1 23.658 4.798 22.494 3.944
564 5 1 23.634 4.786 22.470 3.932
565 5 1 23.634 4.798 22.470 3.944
566 5 1 23.634 4.810 22.470 3.956
567 5 1 23.610 4.798 22.446 3.944
300 5 1 20.594 9.527 19.424 8.673
310 5 1 20.951 9.171 19.782 8.316
0 6 1 10.632 21.318 9.642 20.206
1 6 1 10.669 21.354 9.630 20.194
2 6 1 10.693 21.317 9.654 20.158
3 6 1 10.693 21.281 9.654 20.122
4 6 1 10.693 21.221 9.654 20.062
5 6 1 10.596 21.174 9.605 20.231
6 6 1 10.621 21.186 9.569 20.183
7 6 1 10.633 21.137 9.582 20.135
8 6 1 10.669 21.089 9.618 20.086
9 6 1 10.682 21.041 9.630 20.038
10 6 1 10.718 20.992 9.667 19.990
11 6 1 10.730 20.944 9.679 19.941
12 6 1 10.742 20.896 9.691 19.893
13 6 1 10.755 20.872 9.703 19.869
14 6 1 10.767 20.823 9.716 19.821
15 6 1 10.779 20.799 9.728 19.797
16 6 1 10.791 20.751 9.740 19.748
17 6 1 10.803 20.727 9.752 19.724
18 6 1 10.840 20.679 9.789 19.676
19 6 1 10.852 20.630 9.801 19.628
20 6 1 11.070 20.400 9.959 19.470
21 6 1 11.095 20.412 9.923 19.434
22 6 1 11.131 20.376 9.959 19.398
23 6 1 11.167 20.339 9.996 19.362
24 6 1 11.180 20.279 10.008 19.301
25 6 1 11.191 20.399 10.117 19.240
26 6 1 11.216 20.423 10.081 19.205
27 6 1 11.240 20.375 10.105 19.156
28 6 1 11.264 20.326 10.129 19.108
29 6 1 11.264 20.302 10.130 19.084
30 6 1 11.288 20.278 10.154 19.060
31 6 1 11.289 20.230 10.154 19.012
32 6 1 11.313 20.206 10.178 18.987
33 6 1 11.337 20.182 10.203 18.963
34 6 1 11.361 20.133 10.227 18.915
35 6 1 11.361 20.085 10.227 18.867
36 6 1 11.386 20.037 10.251 18.819
37 6 1 11.410 20.013 10.276 18.794
38 6 1 11.434 19.988 10.300 18.770
39 6 1 11.459 19.916 10.324 18.698
40 6 1 11.483 19.892 10.349 18.674
41 6 1 11.507 19.820 10.373 18.601
42 6 1 11.556 19.795 10.421 18.577
43 6 1 11.580 19.723 10.446 18.505
44 6 1 11.604 19.675 10.470 18.457
45 6 1 11.628 19.626 10.494 18.408
46 6 1 11.653 19.578 10.519 18.360
47 6 1 11.677 19.530 10.543 18.312
48 6 1 11.701 19.506 10.567 18.288
49 6 1 11.726 19.433 10.592 18.215
50 6 1 11.750 19.409 10.616 18.191
51 6 1 11.774 19.361 10.640 18.143
52 6 1 11.798 19.313 10.665 18.095
53 6 1 11.798 19.289 10.665 18.071
54 6 1 11.823 19.265 10.689 18.047
55 6 1 11.847 19.216 10.713 17.998
56 6 1 11.871 19.168 10.738 17.950
57 6 1 11.895 19.144 10.762 17.926
58 6 1 11.920 19.120 10.786 17.902
59 6 1 11.920 19.048 10.786 17.830
60 6 1 11.944 19.024 10.810 17.806
61 6 1 11.968 18.951 10.835 17.733
62 6 1 11.968 18.903 10.835 17.685
63 6 1 11.993 18.855 10.859 17.637
64 6 1 12.017 18.807 10.884 17.589
65 6 1 12.017 18.759 10.884 17.541
66 6 1 12.041 18.735 10.908 17.517
67 6 1 12.066 18.686 10.932 17.469
68 6 1 12.066 18.638 10.932 17.421
69 6 1 12.090 18.614 10.957 17.396
70 6 1 12.090 18.590 10.957 17.372
71 6 1 12.090 18.518 10.957 17.300
72 6 1 12.114 18.494 10.981 17.276
73 6 1 12.114 18.422 10.981 17.204
74 6 1 12.139 18.398 11.005 17.180
75 6 1 12.163 18.350 11.030 17.132
76 6 1 12.187 18.301 11.054 17.084
77 6 1 12.187 18.229 11.054 17.012
78 6 1 12.211 18.205 11.078 16.988
79 6 1 12.236 18.133 11.103 16.915
80 6 1 12.260 18.085 11.127 16.867
81 6 1 12.260 18.037 11.127 16.819
82 6 1 12.284 17.989 11.151 16.771
83 6 1 12.284 17.941 11.152 16.723
84 6 1 12.309 17.917 11.176 16.699
85 6 1 12.152 17.665 11.248 16.843
86 6 1 12.164 17.677 11.212 16.807
87 6 1 12.176 17.641 11.224 16.771
88 6 1 12.201 17.593 11.248 16.723
89 6 1 12.213 17.545 11.260 16.675
90 6 1 12.382 17.352 11.321 16.530
91 6 1 12.406 17.364 11.285 16.494
92 6 1 12.430 17.328 11.309 16.458
93 6 1 12.455 17.280 11.334 16.410
94 6 1 12.479 17.232 11.358 16.362
95 6 1 12.515 17.183 11.394 16.314
96 6 1 12.552 17.123 11.431 16.254
97 6 1 12.564 17.075 11.443 16.206
98 6 1 12.600 17.015 11.479 16.145
99 6 1 12.624 16.967 11.503 16.097
100 6 1 12.648 16.931 11.528 16.061
101 6 1 12.661 16.883 11.540 16.013
102 6 1 12.697 16.847 11.576 15.977
103 6 1 12.709 16.811 11.588 15.941
104 6 1 12.733 16.774 11.613 15.905
105 6 1 12.757 16.738 11.637 15.869
106 6 1 12.782 16.702 11.661 15.833
107 6 1 12.806 16.666 11.685 15.797
108 6 1 12.830 16.618 11.709 15.749
109 6 1 12.854 16.582 11.734 15.713
110 6 1 12.878 16.534 11.758 15.664
111 6 1 12.915 16.498 11.794 15.628
112 6 1 12.939 16.450 11.818 15.580
113 6 1 12.975 16.414 11.855 15.544
114 6 1 13.023 16.365 11.903 15.496
115 6 1 13.060 16.317 11.939 15.448
116 6 1 13.084 16.281 11.964 15.412
117 6 1 13.120 16.233 12.000 15.364
118 6 1 13.168 16.197 12.048 15.327
119 6 1 13.193 16.149 12.073 15.279
120 6 1 13.217 16.113 12.097 15.243
121 6 1 13.241 16.077 12.121 15.207
122 6 1 13.265 16.041 12.145 15.171
123 6 1 13.277 16.005 12.157 15.135
124 6 1 13.289 15.957 12.169 15.087
125 6 1 13.326 15.920 12.206 15.051
126 6 1 13.326 15.885 12.206 15.015
127 6 1 13.350 15.848 12.230 14.979
128 6 1 13.362 15.812 12.242 14.943
129 6 1 13.398 15.776 12.278 14.907
130 6 1 13.398 15.728 12.279 14.859
131 6 1 13.422 15.692 12.303 14.823
132 6 1 13.446 15.644 12.327 14.775
133 6 1 13.471 15.596 12.351 14.727
134 6 1 13.495 15.548 12.375 14.679
135 6 1 13.483 15.716 12.460 14.631
136 6 1 13.507 15.740 12.424 14.595
137 6 1 13.531 15.716 12.448 14.571
138 6 1 13.531 15.692 12.448 14.547
139 6 1 13.555 15.644 12.472 14.499
140 6 1 13.579 15.620 12.496 14.475
141 6 1 13.579 15.620 12.496 14.475
142 6 1 13.603 15.596 12.521 14.451
143 6 1 13.651 15.548 12.569 14.403
144 6 1 13.676 15.524 12.593 14.379
145 6 1 13.676 15.524 12.593 14.379
146 6 1 13.700 15.499 12.617 14.355
147 6 1 13.748 15.451 12.665 14.307
148 6 1 13.772 15.427 12.690 14.283
149 6 1 13.796 15.427 12.714 14.282
150 6 1 13.844 15.403 12.762 14.258
151 6 1 13.869 15.355 12.786 14.210
152 6 1 13.893 15.331 12.810 14.186
153 6 1 13.941 15.307 12.859 14.162
154 6 1 13.989 15.259 12.907 14.114
155 6 1 14.013 15.235 12.931 14.090
156 6 1 14.037 15.211 12.955 14.066
157 6 1 14.110 15.162 13.028 14.018
158 6 1 14.134 15.138 13.052 13.994
159 6 1 14.182 15.114 13.100 13.970
160 6 1 14.206 15.066 13.124 13.922
161 6 1 14.230 15.042 13.148 13.898
162 6 1 14.254 15.018 13.172 13.874
163 6 1 14.278 14.970 13.197 13.826
164 6 1 14.327 14.946 13.245 13.802
165 6 1 14.375 14.946 13.293 13.801
166 6 1 14.399 14.922 13.317 13.777
167 6 1 14.423 14.874 13.341 13.730
168 6 1 14.471 14.826 13.390 13.681
169 6 1 14.519 14.802 13.438 13.657
170 6 1 14.567 14.777 13.486 13.633
171 6 1 14.616 14.729 13.534 13.585
172 6 1 14.664 14.681 13.582 13.537
173 6 1 14.712 14.657 13.631 13.513
174 6 1 14.760 14.633 13.679 13.489
175 6 1 14.808 14.585 13.727 13.441
176 6 1 14.832 14.537 13.751 13.393
177 6 1 14.856 14.513 13.775 13.369
178 6 1 14.928 14.513 13.847 13.369
179 6 1 14.929 14.489 13.848 13.345
180 6 1 14.953 14.441 13.872 13.297
181 6 1 15.001 14.417 13.920 13.273
182 6 1 15.049 14.417 13.968 13.273
183 6 1 15.073 14.393 13.992 13.249
184 6 1 15.097 14.345 14.016 13.201
185 6 1 15.145 14.321 14.064 13.177
186 6 1 15.193 14.320 14.112 13.177
187 6 1 15.241 14.296 14.161 13.153
188 6 1 15.289 14.248 14.209 13.105
189 6 1 15.337 14.224 14.257 13.081
190 6 1 15.386 14.224 14.305 13.080
191 6 1 15.458 14.224 14.377 13.080
192 6 1 15.506 14.200 14.425 13.056
193 6 1 15.554 14.152 14.474 13.008
194 6 1 15.602 14.128 14.522 12.984
195 6 1 15.650 14.127 14.570 12.984
196 6 1 15.698 14.127 14.618 12.984
197 6 1 15.746 14.103 14.666 12.960
198 6 1 15.794 14.079 14.714 12.936
199 6 1 15.818 14.055 14.738 12.912
200 6 1 15.890 14.031 14.810 12.888
201 6 1 15.914 14.031 14.834 12.888
202 6 1 15.962 14.007 14.882 12.864
203 6 1 15.986 13.959 14.907 12.816
204 6 1 16.010 13.935 14.931 12.792
205 6 1 16.058 13.911 14.979 12.768
206 6 1 16.106 13.887 15.027 12.744
207 6 1 16.154 13.863 15.075 12.720
208 6 1 16.203 13.815 15.123 12.672
209 6 1 16.275 13.791 15.195 12.648
210 6 1 16.226 13.886 15.039 12.791
211 6 1 16.250 13.910 14.991 12.756
212 6 1 16.298 13.898 15.039 12.744
213 6 1 16.322 13.886 15.063 12.732
214 6 1 16.371 13.850 15.111 12.696
215 6 1 16.395 13.838 15.135 12.684
216 6 1 16.443 13.826 15.183 12.671
217 6 1 16.491 13.814 15.231 12.659
218 6 1 16.539 13.802 15.279 12.647
219 6 1 16.563 13.790 15.303 12.635
220 6 1 16.743 13.431 15.796 12.550
221 6 1 16.755 13.443 15.748 12.515
222 6 1 16.791 13.431 15.784 12.503
223 6 1 16.839 13.406 15.832 12.479
224 6 1 16.887 13.394 15.880 12.466
225 6 1 16.947 13.382 15.940 12.454
226 6 1 17.007 13.358 16.000 12.430
227 6 1 17.055 13.346 16.048 12.418
228 6 1 17.114 13.346 16.108 12.418
229 6 1 17.174 13.334 16.168 12.406
230 6 1 17.234 13.310 16.228 12.382
231 6 1 17.270 13.298 16.264 12.370
232 6 1 17.318 13.286 16.312 12.358
233 6 1 17.354 13.262 16.348 12.334
235 6 1 17.378 13.273 16.312 12.298
236 6 1 17.414 13.261 16.348 12.286
237 6 1 17.426 13.225 16.360 12.250
238 6 1 17.438 13.214 16.372 12.238
239 6 1 17.450 13.202 16.384 12.226
240 6 1 17.486 13.189 16.420 12.214
241 6 1 17.522 13.154 16.456 12.178
242 6 1 17.582 13.141 16.516 12.166
243 6 1 17.666 13.129 16.600 12.154
244 6 1 17.726 13.117 16.660 12.142
245 6 1 17.786 13.081 16.720 12.106
246 6 1 17.845 13.069 16.780 12.094
247 6 1 17.881 13.033 16.816 12.058
248 6 1 17.941 13.021 16.876 12.046
249 6 1 18.001 12.985 16.935 12.010
250 6 1 18.061 12.973 16.995 11.998
251 6 1 18.097 12.937 17.031 11.962
252 6 1 18.133 12.925 17.067 11.950
253 6 1 18.169 12.889 17.103 11.914
254 6 1 18.205 12.877 17.139 11.902
255 6 1 18.241 12.865 17.175 11.890
256 6 1 18.277 12.853 17.211 11.878
257 6 1 18.312 12.817 17.247 11.842
258 6 1 18.372 12.805 17.307 11.830
259 6 1 18.408 12.769 17.343 11.795
260 6 1 18.468 12.757 17.403 11.782
261 6 1 18.504 12.745 17.439 11.770
262 6 1 18.564 12.733 17.499 11.758
263 6 1 18.624 12.697 17.559 11.722
264 6 1 18.683 12.685 17.618 11.710
265 6 1 18.743 12.673 17.678 11.698
266 6 1 18.803 12.661 17.738 11.686
267 6 1 18.839 12.625 17.774 11.650
268 6 1 18.899 12.613 17.834 11.638
269 6 1 18.935 12.577 17.870 11.603
270 6 1 18.970 12.565 17.906 11.591
271 6 1 19.006 12.529 17.942 11.555
272 6 1 19.066 12.517 18.002 11.543
273 6 1 19.078 12.481 18.014 11.507
274 6 1 19.114 12.469 18.049 11.495
275 6 1 19.150 12.433 18.085 11.459
276 6 1 19.186 12.421 18.121 11.447
277 6 1 19.221 12.385 18.157 11.411
278 6 1 19.281 12.373 18.217 11.399
279 6 1 19.293 12.314 18.229 11.340
280 6 1 19.353 12.302 18.289 11.328
281 6 1 19.389 12.242 18.325 11.268
282 6 1 19.449 12.206 18.385 11.232
283 6 1 19.484 12.170 18.420 11.196
284 6 1 19.544 12.134 18.480 11.160
285 6 1 19.580 12.099 18.516 11.125
286 6 1 19.640 12.087 18.576 11.113
287 6 1 19.675 12.051 18.612 11.077
288 6 1 19.711 12.015 18.648 11.041
289 6 1 19.723 11.979 18.660 11.005
290 6 1 19.759 11.967 18.696 10.993
291 6 1 19.795 11.931 18.731 10.957
292 6 1 19.831 11.919 18.767 10.946
293 6 1 19.867 11.884 18.803 10.910
294 6 1 19.902 11.872 18.839 10.898
295 6 1 19.938 11.836 18.875 10.862
296 6 1 19.998 11.800 18.935 10.826
297 6 1 20.034 11.764 18.970 10.790
298 6 1 20.093 11.752 19.030 10.778
299 6 1 20.129 11.716 19.066 10.743
301 6 1 20.249 11.645 19.186 10.671
302 6 1 20.308 11.609 19.245 10.635
303 6 1 20.344 11.573 19.281 10.599
304 6 1 20.404 11.561 19.341 10.587
305 6 1 20.439 11.525 19.377 10.552
306 6 1 20.499 11.513 19.436 10.540
307 6 1 20.511 11.477 19.448 10.504
308 6 1 20.571 11.465 19.508 10.492
309 6 1 20.606 11.430 19.544 10.456
311 6 1 20.678 11.382 19.616 10.408
312 6 1 20.738 11.370 19.675 10.396
313 6 1 20.773 11.334 19.711 10.361
314 6 1 20.809 11.298 19.747 10.325
315 6 1 20.845 11.263 19.783 10.289
316 6 1 20.905 11.227 19.842 10.253
317 6 1 20.940 11.191 19.878 10.218
318 6 1 21.000 11.155 19.938 10.182
319 6 1 21.059 11.119 19.997 10.146
320 6 1 21.119 11.084 20.057 10.110
321 6 1 21.155 11.048 20.093 10.075
322 6 1 21.191 11.012 20.129 10.039
323 6 1 21.226 10.976 20.164 10.003
324 6 1 21.286 10.988 20.224 10.015
325 6 1 21.298 10.953 20.236 9.979
326 6 1 21.334 10.941 20.272 9.968
327 6 1 21.369 10.905 20.308 9.932
328 6 1 21.405 10.893 20.343 9.920
329 6 1 21.441 10.857 20.379 9.884
330 6 1 21.476 10.845 20.415 9.872
331 6 1 21.512 10.833 20.451 9.860
332 6 1 21.548 10.821 20.486 9.848
333 6 1 21.584 10.786 20.522 9.813
334 6 1 21.643 10.774 20.582 9.801
335 6 1 21.679 10.738 20.618 9.765
336 6 1 21.738 10.726 20.677 9.753
337 6 1 21.798 10.690 20.737 9.717
338 6 1 21.857 10.654 20.796 9.682
339 6 1 21.893 10.619 20.832 9.646
340 6 1 21.953 10.607 20.892 9.634
341 6 1 21.988 10.571 20.927 9.598
342 6 1 22.024 10.559 20.963 9.586
343 6 1 22.060 10.547 20.999 9.574
344 6 1 22.096 10.535 21.035 9.563
345 6 1 22.131 10.499 21.070 9.527
346 6 1 22.191 10.487 21.130 9.515
347 6 1 22.226 10.452 21.166 9.479
348 6 1 22.262 10.440 21.201 9.467
349 6 1 22.298 10.404 21.237 9.432
350 6 1 22.357 10.392 21.297 9.420
351 6 1 22.393 10.356 21.332 9.384
352 6 1 22.452 10.345 21.392 9.372
353 6 1 22.488 10.285 21.428 9.313
354 6 1 22.548 10.273 21.487 9.301
355 6 1 22.583 10.214 21.523 9.241
356 6 1 22.643 10.202 21.582 9.229
357 6 1 22.678 10.166 21.618 9.194
358 6 1 22.714 10.130 21.654 9.158
359 6 1 22.750 10.095 21.690 9.122
360 6 1 22.785 10.083 21.725 9.111
361 6 1 22.821 10.071 21.761 9.099
362 6 1 22.857 10.035 21.797 9.063
363 6 1 22.892 10.000 21.832 9.027
364 6 1 22.928 9.988 21.868 9.016
365 6 1 22.963 9.952 21.904 8.980
366 6 1 22.999 9.940 21.939 8.968
367 6 1 23.035 9.904 21.975 8.932
368 6 1 23.094 9.893 22.035 8.920
369 6 1 23.130 9.857 22.070 8.885
370 6 1 23.189 9.845 22.130 8.873
371 6 1 23.225 9.809 22.165 8.837
372 6 1 23.284 9.797 22.225 8.825
373 6 1 23.344 9.762 22.284 8.790
374 6 1 23.403 9.750 22.344 8.778
375 6 1 23.439 9.714 22.379 8.742
376 6 1 23.474 9.702 22.415 8.730
377 6 1 23.510 9.667 22.451 8.695
378 6 1 23.569 9.655 22.510 8.683
379 6 1 23.581 9.619 22.522 8.647
380 6 1 23.617 9.607 22.558 8.635
381 6 1 23.652 9.572 22.593 8.600
382 6 1 23.712 9.560 22.653 8.588
383 6 1 23.747 9.524 22.688 8.552
384 6 1 23.783 9.512 22.724 8.540
385 6 1 23.795 9.476 22.736 8.505
386 6 1 23.854 9.465 22.795 8.493
387 6 1 23.890 9.405 22.831 8.434
388 6 1 23.925 9.393 22.867 8.422
389 6 1 23.961 9.334 22.902 8.362
390 6 1 24.020 9.298 22.962 8.327
391 6 1 24.056 9.263 22.997 8.291
392 6 1 24.115 9.227 23.057 8.256
393 6 1 24.150 9.192 23.092 8.220
394 6 1 24.186 9.156 23.128 8.184
395 6 1 24.198 9.120 23.140 8.149
396 6 1 24.233 9.109 23.175 8.137
397 6 1 24.269 9.073 23.211 8.102
398 6 1 24.305 9.037 23.246 8.066
399 6 1 24.316 8.978 23.258 8.007
400 6 1 24.352 8.966 23.294 7.995
401 6 1 24.387 8.931 23.329 7.959
402 6 1 24.423 8.919 23.365 7.947
403 6 1 24.459 8.883 23.401 7.912
404 6 1 24.518 8.848 23.460 7.876
405 6 1 24.553 8.812 23.496 7.841
406 6 1 24.613 8.800 23.555 7.829
407 6 1 24.648 8.741 23.590 7.770
408 6 1 24.707 8.729 23.650 7.758
409 6 1 24.743 8.693 23.685 7.722
410 6 1 24.802 8.658 23.745 7.687
411 6 1 24.814 8.622 23.757 7.651
412 6 1 24.873 8.610 23.816 7.639
413 6 1 24.885 8.575 23.828 7.604
414 6 1 24.921 8.563 23.863 7.592
415 6 1 24.932 8.527 23.875 7.556
416 6 1 24.968 8.516 23.911 7.545
417 6 1 25.003 8.480 23.946 7.509
418 6 1 25.039 8.445 23.982 7.474
419 6 1 25.051 8.409 23.994 7.438
420 6 1 25.086 8.373 24.029 7.402
421 6 1 25.098 8.338 24.041 7.367
422 6 1 25.134 8.302 24.077 7.331
423 6 1 25.145 8.243 24.088 7.272
424 6 1 25.181 8.208 24.124 7.237
425 6 1 25.216 8.148 24.159 7.177
426 6 1 25.252 8.113 24.195 7.142
427 6 1 25.263 8.054 24.207 7.083
428 6 1 25.275 8.042 24.219 7.071
429 6 1 25.287 7.983 24.230 7.012
430 6 1 25.323 7.971 24.266 7.000
431 6 1 25.334 7.912 24.278 6.941
432 6 1 25.346 7.876 24.289 6.905
433 6 1 25.334 7.841 24.278 6.870
434 6 1 25.346 7.829 24.289 6.858
435 6 1 25.334 7.793 24.277 6.822
436 6 1 25.346 7.781 24.289 6.811
437 6 1 25.334 7.746 24.277 6.775
438 6 1 25.346 7.734 24.289 6.763
439 6 1 25.334 7.699 24.277 6.728
440 6 1 25.346 7.687 24.289 6.716
441 6 1 25.358 7.675 24.301 6.704
442 6 1 25.369 7.687 24.313 6.716
443 6 1 25.358 7.675 24.301 6.704
444 6 1 25.393 7.687 24.337 6.716
445 6 1 25.405 7.675 24.348 6.704
446 6 1 25.440 7.663 24.384 6.692
447 6 1 25.476 7.628 24.419 6.657
448 6 1 25.535 7.616 24.479 6.645
449 6 1 25.547 7.580 24.491 6.609
451 6 1 25.571 7.604 24.455 6.574
452 6 1 25.571 7.592 24.455 6.562
453 6 1 25.594 7.604 24.479 6.574
454 6 1 25.571 7.568 24.455 6.538
455 6 1 25.594 7.580 24.479 6.550
456 6 1 25.594 7.568 24.479 6.538
457 6 1 25.594 7.580 24.479 6.550
458 6 1 25.594 7.568 24.479 6.538
459 6 1 25.594 7.580 24.479 6.550
460 6 1 25.594 7.568 24.479 6.538
461 6 1 25.594 7.580 24.479 6.550
462 6 1 25.594 7.568 24.479 6.538
463 6 1 25.594 7.580 24.479 6.550
464 6 1 25.594 7.568 24.479 6.538
465 6 1 25.594 7.580 24.479 6.550
466 6 1 25.618 7.568 24.502 6.538
467 6 1 25.642 7.580 24.526 6.550
468 6 1 25.618 7.568 24.502 6.538
469 6 1 25.642 7.580 24.526 6.550
470 6 1 25.642 7.568 24.526 6.539
471 6 1 25.642 7.580 24.526 6.550
472 6 1 25.642 7.568 24.526 6.539
473 6 1 25.618 7.580 24.502 6.550
474 6 1 25.642 7.568 24.526 6.539
475 6 1 25.618 7.580 24.502 6.550
476 6 1 25.642 7.568 24.526 6.539
477 6 1 25.618 7.580 24.502 6.550
478 6 1 25.618 7.568 24.502 6.538
479 6 1 25.618 7.580 24.502 6.550
480 6 1 25.618 7.568 24.502 6.538
481 6 1 25.618 7.557 24.502 6.527
482 6 1 25.618 7.545 24.502 6.515
483 6 1 25.594 7.557 24.479 6.527
484 6 1 25.571 7.545 24.455 6.515
485 6 1 25.594 7.557 24.479 6.527
486 6 1 25.571 7.545 24.455 6.515
487 6 1 25.571 7.557 24.455 6.527
488 6 1 25.571 7.545 24.455 6.515
489 6 1 25.571 7.533 24.455 6.503
490 6 1 25.571 7.521 24.455 6.491
491 6 1 25.547 7.533 24.431 6.503
492 6 1 25.523 7.521 24.407 6.491
493 6 1 25.547 7.533 24.431 6.503
494 6 1 25.523 7.521 24.407 6.491
495 6 1 25.547 7.533 24.431 6.503
496 6 1 25.523 7.545 24.407 6.515
497 6 1 25.523 7.557 24.407 6.527
498 6 1 25.523 7.545 24.407 6.515
499 6 1 25.523 7.557 24.407 6.527
500 6 1 25.523 7.545 24.407 6.515
501 6 1 25.523 7.557 24.407 6.527
502 6 1 25.500 7.545 24.384 6.515
503 6 1 25.476 7.557 24.360 6.527
504 6 1 25.500 7.545 24.384 6.515
505 6 1 25.476 7.557 24.360 6.527
506 6 1 25.476 7.545 24.360 6.515
507 6 1 25.476 7.557 24.360 6.527
508 6 1 25.476 7.545 24.360 6.515
509 6 1 25.476 7.557 24.360 6.527
510 6 1 25.452 7.545 24.336 6.515
511 6 1 25.428 7.557 24.313 6.527
512 6 1 25.452 7.545 24.336 6.515
513 6 1 25.428 7.557 24.313 6.527
514 6 1 25.428 7.545 24.313 6.515
515 6 1 25.428 7.533 24.313 6.503
516 6 1 25.428 7.521 24.313 6.491
517 6 1 25.405 7.533 24.289 6.503
518 6 1 25.381 7.521 24.265 6.491
519 6 1 25.405 7.533 24.289 6.503
520 6 1 25.357 7.521 24.241 6.491
521 6 1 25.357 7.533 24.241 6.503
522 6 1 25.334 7.521 24.218 6.491
523 6 1 25.334 7.533 24.218 6.503
524 6 1 25.334 7.521 24.218 6.491
525 6 1 25.310 7.533 24.194 6.503
526 6 1 25.286 7.521 24.170 6.491
527 6 1 25.286 7.533 24.170 6.503
528 6 1 25.263 7.521 24.146 6.491
529 6 1 25.215 7.533 24.099 6.503
530 6 1 25.191 7.521 24.075 6.491
531 6 1 25.215 7.509 24.099 6.479
532 6 1 25.191 7.497 24.075 6.467
533 6 1 25.215 7.486 24.099 6.455
534 6 1 25.191 7.474 24.075 6.443
535 6 1 25.191 7.486 24.075 6.455
536 6 1 25.191 7.474 24.075 6.443
537 6 1 25.168 7.486 24.052 6.455
538 6 1 25.120 7.474 24.004 6.443
539 6 1 25.097 7.486 23.980 6.455
540 6 1 25.097 7.497 23.980 6.467
541 6 1 25.073 7.509 23.957 6.479
542 6 1 25.002 7.521 23.885 6.491
543 6 1 25.002 7.533 23.885 6.503
544 6 1 24.978 7.545 23.862 6.514
545 6 1 24.907 7.580 23.791 6.550
546 6 1 24.883 7.592 23.767 6.562
547 6 1 24.836 7.604 23.719 6.573
548 6 1 24.812 7.616 23.696 6.585
549 6 1 24.789 7.651 23.672 6.621
550 6 1 24.741 7.663 23.625 6.633
551 6 1 24.718 7.699 23.601 6.668
552 6 1 24.694 7.710 23.577 6.680
553 6 1 24.646 7.722 23.530 6.692
554 6 1 24.599 7.734 23.482 6.704
555 6 1 24.552 7.746 23.435 6.715
556 6 1 24.504 7.758 23.387 6.727
557 6 1 24.457 7.770 23.340 6.739
558 6 1 24.409 7.758 23.292 6.727
559 6 1 24.386 7.770 23.269 6.739
560 6 1 24.362 7.758 23.245 6.727
561 6 1 24.315 7.793 23.197 6.763
562 6 1 24.267 7.781 23.150 6.751
563 6 1 24.220 7.817 23.102 6.786
564 6 1 24.172 7.829 23.055 6.798
565 6 1 24.125 7.864 23.007 6.834
566 6 1 24.077 7.876 22.960 6.845
567 6 1 24.054 7.888 22.936 6.857
300 6 1 20.213 11.680 19.150 10.707
310 6 1 20.666 11.418 19.604 10.444
0 7 1 8.642 21.841 7.929 20.846
1 7 1 8.667 21.876 7.929 20.834
2 7 1 8.667 21.840 7.929 20.798
3 7 1 8.679 21.792 7.942 20.749
4 7 1 8.691 21.756 7.954 20.713
5 7 1 9.080 21.620 7.771 20.811
6 7 1 9.104 21.632 7.723 20.775
7 7 1 9.117 21.595 7.735 20.739
8 7 1 9.129 21.559 7.747 20.703
9 7 1 9.117 21.523 7.735 20.667
10 7 1 8.983 21.560 7.857 20.738
11 7 1 9.007 21.572 7.820 20.702
12 7 1 9.008 21.524 7.820 20.654
13 7 1 9.008 21.500 7.821 20.630
14 7 1 9.008 21.476 7.821 20.606
15 7 1 8.996 21.331 7.809 20.521
16 7 1 9.020 21.343 7.772 20.486
17 7 1 9.032 21.307 7.785 20.449
18 7 1 9.045 21.271 7.797 20.413
19 7 1 9.033 21.235 7.785 20.377
20 7 1 9.069 21.198 7.821 20.341
21 7 1 9.057 21.162 7.809 20.304
22 7 1 9.094 21.102 7.846 20.244
23 7 1 9.106 21.065 7.858 20.208
24 7 1 9.118 21.005 7.871 20.147
25 7 1 9.130 20.969 7.883 20.111
26 7 1 9.143 20.909 7.895 20.051
27 7 1 9.155 20.872 7.908 20.015
28 7 1 9.192 20.836 7.944 19.978
29 7 1 9.180 20.800 7.932 19.942
30 7 1 9.216 20.739 7.969 19.882
31 7 1 9.228 20.703 7.981 19.845
32 7 1 9.241 20.667 7.993 19.809
33 7 1 9.253 20.631 8.006 19.773
34 7 1 9.265 20.594 8.018 19.737
35 7 1 9.277 20.558 8.030 19.700
36 7 1 9.289 20.522 8.042 19.664
37 7 1 9.277 20.486 8.030 19.628
38 7 1 9.314 20.450 8.067 19.592
39 7 1 9.326 20.413 8.079 19.556
40 7 1 9.338 20.377 8.091 19.519
41 7 1 9.351 20.341 8.104 19.483
42 7 1 9.363 20.281 8.116 19.423
43 7 1 9.351 20.245 8.104 19.387
44 7 1 9.387 20.208 8.140 19.350
45 7 1 9.375 20.172 8.128 19.314
46 7 1 9.388 20.112 8.141 19.254
47 7 1 9.400 20.076 8.153 19.218
48 7 1 9.412 20.015 8.165 19.158
49 7 1 9.400 19.979 8.153 19.122
50 7 1 9.231 19.921 8.215 18.965
51 7 1 9.255 19.944 8.178 18.929
52 7 1 9.267 19.908 8.190 18.893
53 7 1 9.279 19.896 8.203 18.880
54 7 1 9.291 19.860 8.215 18.844
55 7 1 9.304 19.800 8.227 18.953
56 7 1 9.328 19.811 8.190 18.917
57 7 1 9.328 19.787 8.190 18.893
58 7 1 9.352 19.763 8.215 18.868
59 7 1 9.352 19.715 8.215 18.820
60 7 1 9.450 19.618 8.228 18.519
61 7 1 9.474 19.642 8.180 18.483
62 7 1 9.474 19.606 8.180 18.447
63 7 1 9.498 19.545 8.204 18.387
64 7 1 9.523 19.509 8.229 18.351
65 7 1 9.523 19.449 8.229 18.291
66 7 1 9.547 19.413 8.253 18.254
67 7 1 9.547 19.377 8.253 18.218
68 7 1 9.572 19.340 8.278 18.182
69 7 1 9.596 19.280 8.302 18.122
70 7 1 9.596 19.268 8.302 18.110
71 7 1 9.620 19.208 8.327 18.049
72 7 1 9.621 19.172 8.327 18.013
73 7 1 9.645 19.135 8.351 17.977
74 7 1 9.645 19.099 8.351 17.941
75 7 1 9.669 19.063 8.376 17.905
76 7 1 9.669 19.027 8.376 17.869
77 7 1 9.670 18.991 8.376 17.832
78 7 1 9.694 18.955 8.400 17.796
79 7 1 9.694 18.919 8.400 17.760
80 7 1 9.694 18.882 8.400 17.724
81 7 1 9.718 18.846 8.425 17.688
82 7 1 9.718 18.810 8.425 17.652
83 7 1 9.743 18.750 8.449 17.591
84 7 1 9.743 18.714 8.449 17.555
85 7 1 9.719 18.738 8.704 17.626
86 7 1 9.743 18.762 8.668 17.590
87 7 1 9.755 18.714 8.680 17.542
88 7 1 9.767 18.690 8.692 17.518
89 7 1 9.755 18.642 8.680 17.470
90 7 1 9.792 18.533 8.644 17.506
91 7 1 9.816 18.557 8.607 17.470
92 7 1 9.816 18.521 8.608 17.434
93 7 1 9.816 18.485 8.608 17.398
94 7 1 9.816 18.449 8.608 17.362
95 7 1 9.841 18.413 8.632 17.326
96 7 1 9.817 18.353 8.608 17.266
97 7 1 9.865 18.340 8.657 17.254
98 7 1 9.865 18.280 8.657 17.193
99 7 1 9.890 18.244 8.681 17.157
100 7 1 9.866 18.184 8.657 17.097
101 7 1 9.890 18.148 8.681 17.061
102 7 1 9.890 18.112 8.681 17.025
103 7 1 9.914 18.075 8.706 16.989
104 7 1 9.939 18.015 8.730 16.929
105 7 1 9.939 17.979 8.730 16.892
106 7 1 9.939 17.919 8.731 16.832
107 7 1 9.963 17.907 8.755 16.820
108 7 1 9.988 17.847 8.779 16.760
109 7 1 9.988 17.811 8.779 16.724
110 7 1 9.903 17.679 8.804 16.568
111 7 1 9.927 17.703 8.768 16.532
112 7 1 9.928 17.655 8.768 16.484
113 7 1 9.952 17.631 8.792 16.460
114 7 1 9.952 17.583 8.792 16.411
115 7 1 10.001 17.402 8.804 16.496
116 7 1 10.025 17.414 8.756 16.460
117 7 1 10.025 17.378 8.756 16.424
118 7 1 10.049 17.318 8.780 16.363
119 7 1 10.050 17.282 8.781 16.327
120 7 1 9.941 17.306 8.914 16.435
121 7 1 9.965 17.318 8.877 16.399
122 7 1 9.977 17.282 8.890 16.363
123 7 1 9.977 17.234 8.890 16.315
124 7 1 9.977 17.198 8.890 16.279
125 7 1 10.050 16.969 8.975 16.086
126 7 1 10.075 16.981 8.939 16.050
127 7 1 10.075 16.945 8.939 16.014
128 7 1 10.099 16.933 8.963 16.002
129 7 1 10.123 16.897 8.988 15.966
130 7 1 10.123 16.861 8.988 15.930
131 7 1 10.123 16.825 8.988 15.894
132 7 1 10.123 16.813 8.988 15.882
133 7 1 10.148 16.777 9.012 15.846
134 7 1 10.172 16.740 9.037 15.810
135 7 1 10.039 16.585 9.133 15.905
136 7 1 10.051 16.597 9.097 15.881
137 7 1 10.064 16.573 9.109 15.857
138 7 1 10.088 16.549 9.133 15.833
139 7 1 10.100 16.525 9.146 15.809
140 7 1 10.294 16.308 9.279 15.592
141 7 1 10.318 16.319 9.243 15.556
142 7 1 10.330 16.295 9.255 15.532
143 7 1 10.343 16.271 9.268 15.508
144 7 1 10.367 16.235 9.292 15.472
145 7 1 10.318 16.355 9.304 15.544
146 7 1 10.342 16.367 9.268 15.508
147 7 1 10.367 16.343 9.292 15.484
148 7 1 10.379 16.319 9.304 15.460
149 7 1 10.391 16.307 9.316 15.448
150 7 1 10.391 16.391 9.425 15.447
151 7 1 10.415 16.403 9.389 15.400
152 7 1 10.427 16.379 9.401 15.376
153 7 1 10.439 16.355 9.413 15.352
154 7 1 10.451 16.331 9.425 15.327
155 7 1 10.463 16.331 9.438 15.327
156 7 1 10.476 16.307 9.450 15.303
157 7 1 10.488 16.283 9.462 15.279
158 7 1 10.500 16.258 9.474 15.255
159 7 1 10.512 16.234 9.486 15.231
160 7 1 10.585 16.090 9.547 15.123
161 7 1 10.609 16.114 9.511 15.087
162 7 1 10.621 16.090 9.523 15.063
163 7 1 10.658 16.066 9.559 15.039
164 7 1 10.646 16.042 9.547 15.015
165 7 1 10.525 15.946 9.426 15.075
166 7 1 10.549 15.958 9.390 15.040
167 7 1 10.549 15.934 9.390 15.016
168 7 1 10.573 15.910 9.414 14.991
169 7 1 10.598 15.886 9.439 14.967
170 7 1 10.646 15.874 9.681 14.966
171 7 1 10.670 15.886 9.644 14.930
172 7 1 10.682 15.862 9.657 14.906
173 7 1 10.706 15.837 9.681 14.882
174 7 1 10.719 15.813 9.693 14.858
175 7 1 10.695 15.694 9.729 14.954
176 7 1 10.719 15.705 9.693 14.918
177 7 1 10.731 15.681 9.705 14.894
178 7 1 10.755 15.657 9.729 14.870
179 7 1 10.767 15.633 9.742 14.846
180 7 1 10.768 15.573 9.705 14.858
181 7 1 10.792 15.585 9.669 14.822
182 7 1 10.804 15.561 9.681 14.798
183 7 1 10.828 15.537 9.705 14.774
184 7 1 10.840 15.513 9.718 14.750
185 7 1 10.744 15.477 9.742 14.642
186 7 1 10.768 15.489 9.706 14.606
187 7 1 10.780 15.465 9.718 14.582
188 7 1 10.792 15.441 9.730 14.558
189 7 1 10.804 15.417 9.742 14.534
190 7 1 10.816 15.393 9.755 14.510
191 7 1 10.828 15.369 9.767 14.486
192 7 1 10.853 15.345 9.791 14.462
193 7 1 10.865 15.321 9.803 14.438
194 7 1 10.877 15.297 9.815 14.414
195 7 1 10.889 15.273 9.827 14.390
196 7 1 10.913 15.249 9.852 14.366
197 7 1 10.926 15.225 9.864 14.342
198 7 1 10.950 15.189 9.888 14.306
199 7 1 10.962 15.177 9.900 14.294
200 7 1 10.986 15.140 9.925 14.257
201 7 1 10.998 15.116 9.937 14.233
202 7 1 11.022 15.092 9.961 14.209
203 7 1 11.047 15.056 9.985 14.173
204 7 1 11.071 15.008 10.010 14.125
205 7 1 11.131 15.008 10.155 14.089
206 7 1 11.156 15.020 10.119 14.053
207 7 1 11.180 14.984 10.143 14.017
208 7 1 11.192 14.948 10.155 13.981
209 7 1 11.216 14.912 10.179 13.945
210 7 1 11.289 14.755 10.276 13.980
211 7 1 11.313 14.767 10.240 13.945
212 7 1 11.337 14.731 10.264 13.908
213 7 1 11.350 14.707 10.276 13.884
214 7 1 11.374 14.671 10.300 13.848
215 7 1 11.386 14.647 10.313 13.824
216 7 1 11.422 14.611 10.349 13.788
217 7 1 11.446 14.587 10.373 13.764
218 7 1 11.471 14.551 10.397 13.728
219 7 1 11.495 14.527 10.422 13.704
220 7 1 11.580 14.419 10.482 13.572
221 7 1 11.604 14.431 10.446 13.536
222 7 1 11.628 14.407 10.471 13.512
223 7 1 11.652 14.382 10.495 13.488
224 7 1 11.676 14.334 10.519 13.440
225 7 1 11.652 14.299 10.579 13.500
226 7 1 11.676 14.311 10.543 13.464
227 7 1 11.701 14.274 10.567 13.428
228 7 1 11.725 14.238 10.592 13.392
229 7 1 11.761 14.214 10.628 13.368
230 7 1 11.785 14.178 10.652 13.332
231 7 1 11.809 14.142 10.676 13.296
232 7 1 11.834 14.118 10.701 13.272
233 7 1 11.858 14.082 10.725 13.236
234 7 1 11.882 14.046 10.749 13.200
235 7 1 11.906 14.010 10.773 13.164
236 7 1 11.918 13.986 10.786 13.140
237 7 1 11.943 13.950 10.810 13.104
238 7 1 11.967 13.914 10.834 13.068
239 7 1 11.991 13.878 10.858 13.032
240 7 1 12.003 13.950 10.919 12.960
241 7 1 12.027 13.974 10.883 12.924
242 7 1 12.039 13.926 10.895 12.876
243 7 1 12.051 13.902 10.907 12.852
244 7 1 12.112 13.878 10.968 12.828
245 7 1 12.124 13.806 10.980 12.756
246 7 1 12.160 13.806 11.016 12.756
247 7 1 12.172 13.758 11.028 12.708
248 7 1 12.208 13.734 11.064 12.684
249 7 1 12.221 13.662 11.077 12.612
250 7 1 12.378 13.434 11.294 12.515
251 7 1 12.402 13.446 11.258 12.480
252 7 1 12.438 13.398 11.294 12.432
253 7 1 12.474 13.374 11.331 12.408
254 7 1 12.487 13.326 11.343 12.360
255 7 1 12.523 13.302 11.379 12.336
256 7 1 12.535 13.278 11.391 12.312
257 7 1 12.571 13.230 11.427 12.264
258 7 1 12.607 13.206 11.464 12.240
259 7 1 12.644 13.182 11.500 12.216
260 7 1 12.656 13.134 11.512 12.168
261 7 1 12.716 13.086 11.573 12.120
262 7 1 12.728 13.062 11.585 12.096
263 7 1 12.764 13.038 11.621 12.072
264 7 1 12.801 12.990 11.657 12.024
265 7 1 12.668 12.846 11.573 11.976
266 7 1 12.692 12.858 11.537 11.940
267 7 1 12.716 12.834 11.561 11.916
268 7 1 12.741 12.810 11.585 11.892
269 7 1 12.765 12.762 11.609 11.844
270 7 1 12.801 12.607 11.838 11.952
271 7 1 12.825 12.619 11.802 11.928
272 7 1 12.849 12.595 11.826 11.904
273 7 1 12.886 12.559 11.863 11.868
274 7 1 12.922 12.535 11.899 11.844
275 7 1 13.030 12.499 12.008 11.724
276 7 1 13.054 12.510 11.971 11.688
277 7 1 13.079 12.474 11.996 11.652
278 7 1 13.115 12.450 12.032 11.628
279 7 1 13.139 12.415 12.056 11.592
280 7 1 13.259 12.438 12.140 11.592
281 7 1 13.283 12.450 12.104 11.556
282 7 1 13.307 12.426 12.129 11.532
283 7 1 13.356 12.402 12.177 11.508
284 7 1 13.380 12.354 12.201 11.460
285 7 1 13.404 12.330 12.225 11.436
286 7 1 13.452 12.306 12.273 11.412
287 7 1 13.476 12.258 12.298 11.364
288 7 1 13.500 12.234 12.322 11.341
289 7 1 13.548 12.234 12.370 11.340
290 7 1 13.561 12.019 12.418 11.221
291 7 1 13.585 12.031 12.382 11.185
292 7 1 13.609 12.007 12.406 11.161
293 7 1 13.633 11.983 12.431 11.137
294 7 1 13.681 11.959 12.479 11.113
295 7 1 13.645 11.863 12.636 11.029
296 7 1 13.669 11.875 12.599 10.993
297 7 1 13.693 11.851 12.624 10.969
298 7 1 13.730 11.815 12.660 10.933
299 7 1 13.766 11.779 12.696 10.898
301 7 1 13.850 11.863 12.756 10.933
302 7 1 13.886 11.827 12.792 10.897
303 7 1 13.922 11.815 12.828 10.885
304 7 1 13.934 11.779 12.841 10.849
305 7 1 13.970 11.683 13.045 10.801
306 7 1 13.982 11.695 13.009 10.766
307 7 1 14.018 11.671 13.045 10.742
308 7 1 14.043 11.647 13.070 10.718
309 7 1 14.079 11.623 13.106 10.694
311 7 1 14.139 11.575 13.166 10.646
312 7 1 14.175 11.551 13.202 10.622
313 7 1 14.199 11.528 13.226 10.598
314 7 1 14.235 11.504 13.262 10.574
315 7 1 14.271 11.480 13.299 10.550
316 7 1 14.307 11.456 13.335 10.526
317 7 1 14.343 11.432 13.371 10.502
318 7 1 14.392 11.408 13.419 10.478
319 7 1 14.428 11.372 13.455 10.442
320 7 1 14.476 11.360 13.503 10.430
321 7 1 14.524 11.324 13.551 10.394
322 7 1 14.560 11.300 13.588 10.370
323 7 1 14.608 11.276 13.636 10.346
324 7 1 14.644 11.252 13.672 10.323
325 7 1 14.668 11.312 13.612 10.323
326 7 1 14.692 11.335 13.576 10.287
327 7 1 14.728 11.311 13.612 10.263
328 7 1 14.764 11.311 13.648 10.263
329 7 1 14.800 11.287 13.684 10.239
330 7 1 15.053 11.024 13.901 10.167
331 7 1 15.077 11.036 13.865 10.131
332 7 1 15.113 11.024 13.901 10.119
333 7 1 15.149 11.012 13.937 10.107
334 7 1 15.185 10.976 13.973 10.071
335 7 1 15.389 10.833 14.057 10.012
336 7 1 15.413 10.845 14.009 9.976
337 7 1 15.461 10.821 14.057 9.952
338 7 1 15.485 10.797 14.081 9.928
339 7 1 15.533 10.773 14.129 9.904
340 7 1 15.557 10.749 14.153 9.880
341 7 1 15.605 10.725 14.201 9.856
342 7 1 15.629 10.701 14.226 9.832
343 7 1 15.677 10.677 14.274 9.809
344 7 1 15.725 10.653 14.322 9.785
345 7 1 15.378 10.535 14.430 9.904
346 7 1 15.390 10.546 14.382 9.880
347 7 1 15.426 10.535 14.418 9.868
348 7 1 15.462 10.511 14.454 9.844
349 7 1 15.498 10.487 14.490 9.820
350 7 1 15.630 10.439 14.694 9.748
351 7 1 15.642 10.451 14.658 9.725
352 7 1 15.678 10.427 14.694 9.701
353 7 1 15.726 10.403 14.742 9.677
354 7 1 15.762 10.379 14.778 9.653
355 7 1 15.906 10.438 14.802 9.641
356 7 1 15.930 10.450 14.766 9.605
357 7 1 15.966 10.426 14.802 9.581
358 7 1 16.014 10.390 14.851 9.545
359 7 1 16.050 10.367 14.887 9.522
360 7 1 16.133 10.462 14.995 9.366
361 7 1 16.157 10.486 14.959 9.331
362 7 1 16.181 10.474 14.983 9.319
363 7 1 16.229 10.438 15.031 9.283
364 7 1 16.277 10.426 15.079 9.271
365 7 1 16.301 10.390 15.103 9.235
366 7 1 16.349 10.378 15.151 9.223
367 7 1 16.373 10.342 15.175 9.188
368 7 1 16.421 10.330 15.223 9.176
369 7 1 16.469 10.318 15.271 9.164
370 7 1 16.362 9.818 15.487 9.104
371 7 1 16.374 9.830 15.451 9.068
372 7 1 16.410 9.806 15.487 9.044
373 7 1 16.446 9.782 15.523 9.020
374 7 1 16.494 9.758 15.571 8.997
375 7 1 16.542 9.734 15.619 8.973
376 7 1 16.578 9.710 15.655 8.949
377 7 1 16.626 9.686 15.703 8.925
378 7 1 16.661 9.663 15.739 8.901
379 7 1 16.697 9.639 15.775 8.877
380 7 1 16.745 9.805 15.835 8.639
381 7 1 16.757 9.829 15.799 8.603
382 7 1 16.793 9.817 15.835 8.591
383 7 1 16.829 9.782 15.871 8.556
384 7 1 16.841 9.770 15.883 8.544
385 7 1 16.901 9.734 15.943 8.508
386 7 1 16.913 9.722 15.955 8.496
387 7 1 16.949 9.686 15.991 8.460
388 7 1 16.985 9.674 16.027 8.448
389 7 1 17.021 9.638 16.063 8.413
390 7 1 17.057 9.603 16.099 8.377
391 7 1 17.093 9.567 16.135 8.341
392 7 1 17.105 9.531 16.147 8.305
393 7 1 17.165 9.495 16.207 8.270
394 7 1 17.177 9.460 16.219 8.234
395 7 1 17.213 9.424 16.255 8.198
396 7 1 17.248 9.388 16.291 8.162
397 7 1 17.284 9.352 16.327 8.127
398 7 1 17.296 9.317 16.339 8.091
399 7 1 17.332 9.281 16.375 8.055
400 7 1 17.344 9.269 16.387 8.043
401 7 1 17.380 9.209 16.423 7.984
402 7 1 17.416 9.197 16.459 7.972
403 7 1 17.452 9.162 16.495 7.936
404 7 1 17.488 9.126 16.531 7.901
405 7 1 17.656 8.947 16.675 8.162
406 7 1 17.679 8.959 16.639 8.127
407 7 1 17.715 8.935 16.675 8.103
408 7 1 17.727 8.912 16.687 8.079
409 7 1 17.775 8.888 16.734 8.055
410 7 1 17.811 8.852 16.770 8.020
411 7 1 17.835 8.816 16.794 7.984
412 7 1 17.871 8.804 16.830 7.972
413 7 1 17.919 8.757 16.878 7.924
414 7 1 17.955 8.733 16.914 7.901
415 7 1 17.979 8.697 16.938 7.865
416 7 1 18.003 8.673 16.962 7.841
417 7 1 18.038 8.650 16.998 7.817
418 7 1 18.074 8.626 17.034 7.793
419 7 1 18.098 8.590 17.058 7.758
420 7 1 18.122 8.554 17.082 7.722
421 7 1 18.146 8.531 17.106 7.698
422 7 1 18.170 8.507 17.130 7.675
423 7 1 18.194 8.483 17.154 7.651
424 7 1 18.218 8.447 17.178 7.615
425 7 1 18.254 8.412 17.214 7.579
426 7 1 18.290 8.388 17.249 7.556
427 7 1 18.301 8.364 17.261 7.532
428 7 1 18.337 8.328 17.297 7.496
429 7 1 18.361 8.293 17.321 7.460
430 7 1 18.385 8.269 17.345 7.437
431 7 1 18.409 8.233 17.369 7.401
432 7 1 18.445 8.186 17.405 7.353
433 7 1 18.493 8.150 17.453 7.318
434 7 1 18.517 8.126 17.477 7.294
435 7 1 18.552 8.091 17.513 7.258
436 7 1 18.576 8.043 17.537 7.211
437 7 1 18.600 8.007 17.561 7.175
438 7 1 18.624 7.984 17.585 7.151
439 7 1 18.660 7.960 17.620 7.128
440 7 1 18.696 7.936 17.656 7.104
441 7 1 18.708 7.900 17.668 7.068
442 7 1 18.744 7.865 17.704 7.033
443 7 1 18.768 7.841 17.728 7.009
444 7 1 18.791 7.817 17.752 6.985
445 7 1 18.827 7.793 17.788 6.961
446 7 1 18.863 7.770 17.824 6.938
447 7 1 18.887 7.734 17.848 6.902
448 7 1 18.911 7.698 17.872 6.866
449 7 1 18.947 7.687 17.908 6.854
450 7 1 18.994 7.651 17.955 6.819
451 7 1 19.018 7.627 17.979 6.795
452 7 1 19.066 7.603 18.027 6.771
453 7 1 19.102 7.580 18.063 6.748
454 7 1 19.126 7.544 18.087 6.712
455 7 1 19.162 7.508 18.123 6.676
456 7 1 19.209 7.496 18.170 6.664
457 7 1 19.233 7.461 18.194 6.629
458 7 1 19.269 7.449 18.230 6.617
459 7 1 19.293 7.413 18.254 6.581
460 7 1 19.329 7.401 18.290 6.570
461 7 1 19.364 7.378 18.326 6.546
462 7 1 19.388 7.354 18.350 6.522
463 7 1 19.424 7.342 18.386 6.510
464 7 1 19.460 7.330 18.421 6.498
465 7 1 19.484 7.295 18.445 6.463
466 7 1 19.520 7.271 18.481 6.439
467 7 1 19.555 7.247 18.517 6.415
468 7 1 19.579 7.223 18.541 6.392
469 7 1 19.615 7.188 18.577 6.356
470 7 1 19.651 7.152 18.612 6.320
471 7 1 19.675 7.128 18.636 6.297
472 7 1 19.710 7.105 18.672 6.273
473 7 1 19.746 7.069 18.708 6.237
474 7 1 19.770 7.022 18.732 6.190
475 7 1 19.806 6.986 18.768 6.154
476 7 1 19.842 6.974 18.804 6.142
477 7 1 19.865 6.927 18.827 6.095
478 7 1 19.889 6.903 18.851 6.071
479 7 1 19.913 6.879 18.875 6.048
480 7 1 19.949 6.856 18.911 6.024
481 7 1 19.985 6.832 18.947 6.000
482 7 1 20.008 6.808 18.971 5.976
483 7 1 20.032 6.796 18.995 5.965
484 7 1 20.056 6.784 19.018 5.953
485 7 1 20.092 6.761 19.054 5.929
486 7 1 20.128 6.749 19.090 5.917
487 7 1 20.152 6.737 19.114 5.905
488 7 1 20.187 6.725 19.150 5.894
489 7 1 20.235 6.713 19.197 5.882
490 7 1 20.283 6.701 19.245 5.870
491 7 1 20.318 6.701 19.281 5.870
492 7 1 20.354 6.690 19.317 5.858
493 7 1 20.402 6.666 19.364 5.834
494 7 1 20.449 6.654 19.412 5.823
495 7 1 20.485 6.654 19.448 5.823
496 7 1 20.509 6.642 19.472 5.811
497 7 1 20.545 6.619 19.507 5.787
498 7 1 20.580 6.595 19.543 5.764
499 7 1 20.604 6.583 19.567 5.752
500 7 1 20.640 6.583 19.603 5.752
501 7 1 20.676 6.571 19.639 5.740
502 7 1 20.700 6.548 19.662 5.716
503 7 1 20.723 6.536 19.686 5.704
504 7 1 20.759 6.536 19.722 5.704
505 7 1 20.795 6.524 19.758 5.693
506 7 1 20.807 6.500 19.770 5.669
507 7 1 20.842 6.488 19.806 5.657
508 7 1 20.866 6.477 19.829 5.645
509 7 1 20.890 6.453 19.853 5.622
510 7 1 20.926 6.441 19.889 5.610
511 7 1 20.961 6.429 19.925 5.598
512 7 1 20.985 6.394 19.949 5.562
513 7 1 21.021 6.394 19.984 5.562
514 7 1 21.069 6.370 20.032 5.539
515 7 1 21.092 6.346 20.056 5.515
516 7 1 21.128 6.334 20.092 5.503
517 7 1 21.152 6.311 20.115 5.480
518 7 1 21.176 6.299 20.139 5.468
519 7 1 21.200 6.299 20.163 5.468
520 7 1 21.223 6.287 20.187 5.456
521 7 1 21.247 6.263 20.211 5.432
522 7 1 21.271 6.263 20.235 5.432
523 7 1 21.295 6.252 20.258 5.421
524 7 1 21.330 6.252 20.294 5.421
525 7 1 21.366 6.240 20.330 5.409
526 7 1 21.378 6.216 20.342 5.385
527 7 1 21.414 6.204 20.377 5.373
528 7 1 21.426 6.204 20.389 5.373
530 7 1 21.366 6.086 20.496 4.947
531 7 1 21.378 6.109 20.461 4.911
532 7 1 21.402 6.098 20.484 4.899
533 7 1 21.402 6.086 20.484 4.887
534 7 1 21.426 6.098 20.508 4.899
535 7 1 21.449 6.086 20.532 4.888
536 7 1 21.449 6.074 20.532 4.876
537 7 1 21.473 6.062 20.556 4.864
538 7 1 21.497 6.074 20.580 4.876
539 7 1 21.497 6.062 20.580 4.864
540 7 1 21.521 6.074 20.604 4.876
541 7 1 21.568 6.062 20.651 4.864
542 7 1 21.568 6.074 20.651 4.876
543 7 1 21.592 6.062 20.675 4.864
544 7 1 21.568 6.074 20.651 4.876
545 7 1 21.592 6.062 20.675 4.864
546 7 1 21.592 6.074 20.675 4.876
547 7 1 21.592 6.062 20.675 4.864
548 7 1 21.592 6.074 20.675 4.876
549 7 1 21.568 6.062 20.651 4.864
550 7 1 21.592 6.074 20.675 4.876
551 7 1 21.568 6.062 20.651 4.864
552 7 1 21.568 6.074 20.651 4.876
553 7 1 21.544 6.062 20.627 4.864
554 7 1 21.497 6.074 20.580 4.876
555 7 1 21.497 6.062 20.580 4.864
556 7 1 21.473 6.074 20.556 4.876
557 7 1 21.473 6.062 20.556 4.864
558 7 1 21.473 6.074 20.556 4.876
559 7 1 21.473 6.062 20.556 4.864
560 7 1 21.449 6.074 20.532 4.876
561 7 1 21.425 6.062 20.508 4.864
562 7 1 21.425 6.050 20.508 4.852
563 7 1 21.425 6.038 20.508 4.840
564 7 1 21.402 6.050 20.484 4.852
565 7 1 21.378 6.038 20.461 4.840
566 7 1 21.378 6.050 20.461 4.852
567 7 1 21.378 6.038 20.461 4.840
300 7 1 13.826 11.851 12.792 10.969
310 7 1 14.115 11.599 13.142 10.670
0 8 1 8.965 23.454 8.094 22.593
1 8 1 8.990 23.478 8.081 22.581
2 8 1 9.002 23.453 8.094 22.557
3 8 1 9.014 23.429 8.106 22.533
4 8 1 9.026 23.393 8.118 22.496
5 8 1 9.039 23.369 8.130 22.472
6 8 1 9.051 23.344 8.143 22.448
7 8 1 9.063 23.320 8.155 22.424
8 8 1 9.075 23.296 8.167 22.399
9 8 1 9.087 23.272 8.179 22.375
10 8 1 9.087 23.247 8.179 22.351
11 8 1 9.100 23.223 8.192 22.327
12 8 1 9.100 23.199 8.192 22.303
13 8 1 9.100 23.175 8.192 22.279
14 8 1 9.112 23.151 8.204 22.254
15 8 1 9.124 23.126 8.216 22.230
16 8 1 9.124 23.102 8.216 22.206
17 8 1 9.137 23.066 8.229 22.170
18 8 1 9.149 23.042 8.241 22.145
19 8 1 9.161 23.006 8.253 22.109
20 8 1 9.161 22.969 8.253 22.073
21 8 1 9.173 22.933 8.265 22.037
22 8 1 9.186 22.897 8.278 22.000
23 8 1 9.186 22.861 8.278 21.964
24 8 1 9.186 22.824 8.278 21.928
26 8 1 9.319 22.739 7.974 22.087
27 8 1 9.344 22.751 7.925 22.064
28 8 1 9.344 22.727 7.925 22.040
29 8 1 9.344 22.690 7.925 22.003
30 8 1 9.356 22.666 7.938 21.979
31 8 1 9.356 22.630 7.938 21.943
32 8 1 9.344 22.594 7.926 21.907
33 8 1 9.344 22.558 7.926 21.871
34 8 1 9.332 22.522 7.914 21.835
35 8 1 9.332 22.486 7.914 21.798
36 8 1 9.332 22.449 7.914 21.762
37 8 1 9.333 22.401 7.914 21.714
38 8 1 9.333 22.365 7.914 21.678
39 8 1 9.333 22.317 7.914 21.630
40 8 1 9.345 22.268 7.927 21.581
41 8 1 9.345 22.220 7.927 21.533
42 8 1 9.345 22.172 7.927 21.485
43 8 1 9.333 22.124 7.915 21.437
44 8 1 9.321 22.076 7.903 21.389
45 8 1 9.321 22.040 7.903 21.352
46 8 1 9.163 22.403 8.183 21.218
47 8 1 9.187 22.427 8.147 21.170
48 8 1 9.187 22.378 8.147 21.121
49 8 1 9.187 22.354 8.147 21.097
50 8 1 9.163 22.282 8.123 21.025
51 8 1 9.163 22.282 8.123 21.025
52 8 1 9.163 22.234 8.123 20.977
53 8 1 9.163 22.210 8.123 20.953
54 8 1 9.163 22.137 8.123 20.881
55 8 1 9.139 22.138 8.099 20.881
56 8 1 9.141 21.692 8.064 20.580
57 8 1 9.165 21.716 8.027 20.544
58 8 1 9.141 21.668 8.003 20.496
59 8 1 9.116 21.644 7.979 20.472
60 8 1 9.116 21.620 7.979 20.448
61 8 1 9.178 21.474 7.773 20.425
62 8 1 9.202 21.498 7.724 20.389
63 8 1 9.190 21.462 7.712 20.353
64 8 1 9.178 21.426 7.700 20.317
65 8 1 9.141 21.415 7.664 20.306
66 8 1 9.129 21.354 7.652 20.245
67 8 1 9.117 21.318 7.640 20.209
68 8 1 9.105 21.282 7.628 20.173
69 8 1 9.069 21.271 7.591 20.162
70 8 1 9.081 21.210 7.604 20.101
71 8 1 9.069 21.198 7.592 20.089
72 8 1 9.057 21.138 7.580 20.029
73 8 1 9.021 21.102 7.543 19.993
74 8 1 9.009 21.066 7.531 19.957
75 8 1 8.997 21.030 7.519 19.921
76 8 1 8.985 20.970 7.507 19.861
77 8 1 8.973 20.934 7.495 19.825
78 8 1 8.961 20.874 7.483 19.765
79 8 1 8.973 20.838 7.496 19.728
80 8 1 8.961 20.802 7.484 19.692
81 8 1 8.973 20.765 7.496 19.656
82 8 1 8.986 20.705 7.508 19.596
83 8 1 8.974 20.669 7.496 19.560
84 8 1 8.986 20.609 7.508 19.499
85 8 1 8.974 20.573 7.496 19.463
86 8 1 8.962 20.537 7.484 19.427
87 8 1 8.974 20.500 7.497 19.391
88 8 1 8.986 20.440 7.509 19.331
89 8 1 8.999 20.404 7.521 19.295
90 8 1 9.011 20.368 7.534 19.258
91 8 1 8.999 20.332 7.522 19.222
92 8 1 8.987 20.271 7.510 19.162
93 8 1 8.975 20.235 7.498 19.126
94 8 1 8.987 20.175 7.510 19.066
95 8 1 8.975 20.139 7.498 19.030
96 8 1 8.963 20.079 7.486 18.970
97 8 1 8.951 20.043 7.474 18.934
98 8 1 8.964 20.007 7.486 18.897
99 8 1 8.952 19.971 7.474 18.861
100 8 1 8.964 19.910 7.487 18.801
101 8 1 8.952 19.898 7.474 18.789
102 8 1 8.940 19.838 7.463 18.729
103 8 1 8.928 19.802 7.450 18.693
104 8 1 8.964 19.742 7.487 18.632
105 8 1 8.952 19.706 7.475 18.596
106 8 1 8.965 19.646 7.487 18.536
107 8 1 8.977 19.609 7.500 18.500
108 8 1 8.989 19.573 7.512 18.464
109 8 1 8.977 19.513 7.500 18.404
110 8 1 8.989 19.453 7.512 18.343
111 8 1 8.977 19.417 7.500 18.307
112 8 1 8.990 19.357 7.513 18.247
113 8 1 9.002 19.320 7.525 18.211
114 8 1 9.038 19.284 7.562 18.174
115 8 1 9.051 19.248 7.574 18.138
116 8 1 9.063 19.188 7.586 18.078
117 8 1 9.051 19.152 7.574 18.042
118 8 1 9.063 19.091 7.587 17.982
119 8 1 9.075 19.055 7.599 17.945
120 8 1 9.112 19.019 7.635 17.909
121 8 1 9.124 18.983 7.648 17.873
122 8 1 9.136 18.922 7.660 17.813
123 8 1 9.149 18.886 7.672 17.777
124 8 1 9.161 18.826 7.685 17.716
125 8 1 9.173 18.790 7.697 17.680
126 8 1 9.186 18.730 7.709 17.620
127 8 1 9.198 18.693 7.721 17.584
128 8 1 9.210 18.633 7.734 17.524
129 8 1 9.198 18.597 7.722 17.487
130 8 1 9.210 18.537 7.734 17.427
131 8 1 9.222 18.525 7.746 17.415
132 8 1 9.235 18.465 7.759 17.355
133 8 1 9.247 18.452 7.771 17.343
134 8 1 9.259 18.416 7.783 17.307
135 8 1 9.271 18.380 7.795 17.271
136 8 1 9.284 18.344 7.808 17.234
137 8 1 9.296 18.332 7.820 17.222
138 8 1 9.308 18.272 7.832 17.162
139 8 1 9.320 18.260 7.844 17.150
140 8 1 9.357 18.223 7.881 17.114
141 8 1 9.369 18.187 7.893 17.078
142 8 1 9.405 18.151 7.929 17.041
143 8 1 9.417 18.139 7.942 17.029
144 8 1 9.454 18.102 7.978 16.993
145 8 1 9.466 18.066 7.990 16.957
146 8 1 9.478 18.030 8.003 16.921
147 8 1 9.491 18.018 8.015 16.908
148 8 1 9.527 17.982 8.051 16.872
149 8 1 9.539 17.946 8.064 16.836
150 8 1 9.576 17.909 8.100 16.800
151 8 1 9.588 17.897 8.112 16.788
152 8 1 9.624 17.861 8.149 16.751
153 8 1 9.636 17.849 8.161 16.739
154 8 1 9.673 17.813 8.197 16.703
155 8 1 9.685 17.800 8.210 16.691
156 8 1 9.721 17.764 8.246 16.655
157 8 1 9.734 17.752 8.258 16.643
158 8 1 9.770 17.716 8.295 16.606
159 8 1 9.782 17.704 8.307 16.594
160 8 1 9.819 17.667 8.343 16.558
161 8 1 9.831 17.655 8.356 16.546
162 8 1 9.867 17.619 8.392 16.510
163 8 1 9.879 17.607 8.404 16.498
164 8 1 9.916 17.571 8.441 16.461
165 8 1 9.928 17.559 8.453 16.449
166 8 1 9.940 17.523 8.465 16.413
167 8 1 9.952 17.486 8.477 16.377
168 8 1 9.964 17.450 8.490 16.341
169 8 1 9.977 17.438 8.502 16.329
170 8 1 10.013 17.402 8.538 16.293
171 8 1 10.025 17.390 8.550 16.281
172 8 1 10.037 17.330 8.563 16.220
173 8 1 10.049 17.318 8.575 16.208
174 8 1 10.062 17.282 8.587 16.172
175 8 1 10.074 17.245 8.599 16.136
176 8 1 9.869 16.994 8.708 16.172
177 8 1 9.893 17.006 8.672 16.136
178 8 1 9.905 16.982 8.684 16.112
179 8 1 9.942 16.910 8.721 16.039
180 8 1 9.954 16.886 8.733 16.015
181 8 1 9.990 16.838 8.770 15.967
182 8 1 10.002 16.789 8.782 15.919
183 8 1 10.039 16.765 8.818 15.895
184 8 1 10.051 16.741 8.830 15.871
185 8 1 10.063 16.693 8.843 15.823
186 8 1 10.039 16.705 9.012 15.990
187 8 1 10.063 16.717 8.976 15.954
188 8 1 10.087 16.681 9.000 15.918
189 8 1 10.100 16.645 9.012 15.882
190 8 1 10.124 16.621 9.036 15.858
191 8 1 10.064 16.513 9.158 15.797
192 8 1 10.076 16.525 9.122 15.761
193 8 1 10.088 16.489 9.134 15.725
194 8 1 10.112 16.441 9.158 15.677
195 8 1 10.137 16.404 9.182 15.641
196 8 1 10.149 16.380 9.195 15.617
197 8 1 10.173 16.344 9.219 15.581
198 8 1 10.185 16.284 9.231 15.520
199 8 1 10.210 16.260 9.256 15.496
200 8 1 10.222 16.212 9.268 15.448
201 8 1 10.330 16.331 9.401 15.400
202 8 1 10.342 16.343 9.365 15.364
203 8 1 10.355 16.307 9.377 15.328
204 8 1 10.367 16.259 9.389 15.280
205 8 1 10.379 16.235 9.401 15.256
206 8 1 10.391 16.199 9.414 15.219
207 8 1 10.403 16.175 9.426 15.195
208 8 1 10.428 16.151 9.450 15.171
209 8 1 10.440 16.115 9.462 15.135
210 8 1 10.464 16.067 9.487 15.087
211 8 1 10.719 15.789 9.657 14.918
212 8 1 10.743 15.801 9.620 14.883
213 8 1 10.755 15.777 9.633 14.858
214 8 1 10.791 15.753 9.669 14.834
215 8 1 10.804 15.705 9.681 14.786
216 8 1 10.840 15.657 9.718 14.738
217 8 1 10.852 15.609 9.730 14.690
218 8 1 10.888 15.585 9.766 14.666
219 8 1 10.925 15.560 9.803 14.642
220 8 1 10.937 15.512 9.815 14.594
221 8 1 10.816 15.525 9.609 14.799
222 8 1 10.840 15.537 9.560 14.763
223 8 1 10.864 15.513 9.584 14.739
224 8 1 10.889 15.477 9.609 14.703
225 8 1 10.913 15.453 9.633 14.679
226 8 1 10.925 15.417 9.645 14.642
227 8 1 10.961 15.380 9.682 14.606
228 8 1 10.974 15.356 9.694 14.582
229 8 1 11.010 15.320 9.730 14.546
230 8 1 11.022 15.284 9.742 14.510
231 8 1 11.058 15.248 9.779 14.474
232 8 1 11.071 15.212 9.791 14.438
233 8 1 11.107 15.176 9.827 14.402
234 8 1 11.119 15.140 9.840 14.366
235 8 1 11.155 15.092 9.876 14.318
236 8 1 11.168 15.056 9.888 14.282
237 8 1 11.204 15.020 9.925 14.245
238 8 1 11.216 14.972 9.937 14.197
239 8 1 11.252 14.935 9.973 14.161
240 8 1 11.252 14.899 9.973 14.125
241 8 1 11.361 14.851 10.276 13.860
242 8 1 11.385 14.875 10.240 13.825
243 8 1 11.397 14.851 10.252 13.801
244 8 1 11.434 14.803 10.289 13.753
245 8 1 11.446 14.779 10.301 13.729
246 8 1 11.458 14.755 10.313 13.705
247 8 1 11.470 14.707 10.325 13.657
248 8 1 11.507 14.683 10.361 13.632
249 8 1 11.519 14.659 10.374 13.608
250 8 1 11.555 14.611 10.410 13.560
251 8 1 11.592 14.383 10.446 13.656
252 8 1 11.616 14.395 10.410 13.620
253 8 1 11.652 14.359 10.446 13.584
254 8 1 11.676 14.334 10.470 13.560
255 8 1 11.713 14.298 10.507 13.524
256 8 1 11.737 14.298 10.543 13.512
257 8 1 11.761 14.310 10.495 13.476
258 8 1 11.785 14.298 10.519 13.464
259 8 1 11.833 14.262 10.567 13.428
260 8 1 11.858 14.226 10.592 13.392
261 8 1 11.749 14.166 10.664 13.464
262 8 1 11.773 14.178 10.628 13.428
263 8 1 11.797 14.154 10.652 13.404
264 8 1 11.822 14.130 10.676 13.380
265 8 1 11.858 14.094 10.713 13.344
266 8 1 11.810 13.939 10.834 13.295
267 8 1 11.834 13.951 10.797 13.271
268 8 1 11.870 13.914 10.834 13.235
269 8 1 11.894 13.902 10.858 13.223
270 8 1 11.931 13.854 10.894 13.175
271 8 1 11.967 13.866 11.051 13.055
272 8 1 11.979 13.878 11.015 13.019
273 8 1 12.015 13.842 11.052 12.983
274 8 1 12.027 13.806 11.064 12.947
275 8 1 12.064 13.782 11.100 12.923
276 8 1 12.341 13.709 11.317 13.006
277 8 1 12.365 13.721 11.281 12.970
278 8 1 12.389 13.697 11.305 12.946
279 8 1 12.414 13.661 11.329 12.910
280 8 1 12.438 13.637 11.354 12.886
281 8 1 12.341 13.518 11.294 12.719
282 8 1 12.366 13.530 11.258 12.683
283 8 1 12.390 13.506 11.282 12.659
284 8 1 12.426 13.481 11.318 12.635
285 8 1 12.450 13.445 11.342 12.599
286 8 1 12.486 13.421 11.379 12.575
287 8 1 12.523 13.385 11.415 12.539
288 8 1 12.547 13.361 11.439 12.515
289 8 1 12.583 13.325 11.475 12.479
290 8 1 12.619 13.301 11.512 12.455
291 8 1 12.655 13.277 11.548 12.431
292 8 1 12.680 13.253 11.572 12.407
293 8 1 12.716 13.217 11.608 12.371
294 8 1 12.752 13.193 11.644 12.347
295 8 1 12.776 13.169 11.669 12.323
296 8 1 12.812 13.049 11.705 12.359
297 8 1 12.837 13.061 11.669 12.335
298 8 1 12.861 13.037 11.693 12.311
299 8 1 12.897 13.013 11.729 12.287
301 8 1 13.029 12.941 11.898 12.298
302 8 1 13.054 12.953 11.862 12.275
303 8 1 13.090 12.929 11.898 12.251
304 8 1 13.138 12.893 11.946 12.214
305 8 1 13.174 12.857 11.983 12.178
306 8 1 13.295 12.892 12.127 12.082
307 8 1 13.319 12.904 12.091 12.047
308 8 1 13.343 12.868 12.115 12.011
309 8 1 13.415 12.856 12.188 11.999
311 8 1 13.271 12.833 12.272 11.998
312 8 1 13.295 12.845 12.236 11.963
313 8 1 13.331 12.820 12.272 11.939
314 8 1 13.355 12.797 12.296 11.915
315 8 1 13.379 12.784 12.321 11.903
316 8 1 13.488 12.605 12.357 11.843
317 8 1 13.512 12.617 12.321 11.807
318 8 1 13.548 12.593 12.357 11.783
319 8 1 13.584 12.581 12.393 11.771
320 8 1 13.608 12.569 12.417 11.759
321 8 1 13.753 12.484 12.490 11.651
322 8 1 13.777 12.496 12.442 11.615
323 8 1 13.801 12.484 12.466 11.603
324 8 1 13.825 12.448 12.490 11.567
325 8 1 13.873 12.436 12.538 11.555
326 8 1 13.813 12.413 12.598 11.663
327 8 1 13.837 12.424 12.550 11.627
328 8 1 13.861 12.401 12.574 11.603
329 8 1 13.909 12.376 12.622 11.579
330 8 1 13.933 12.376 12.647 11.579
331 8 1 14.017 12.340 12.767 11.507
332 8 1 14.042 12.352 12.719 11.471
333 8 1 14.078 12.340 12.755 11.459
334 8 1 14.090 12.304 12.767 11.423
335 8 1 14.126 12.316 12.803 11.435
336 8 1 14.162 12.280 12.840 11.399
337 8 1 14.198 12.268 12.876 11.387
338 8 1 14.234 12.256 12.912 11.375
339 8 1 14.270 12.244 12.948 11.363
340 8 1 14.306 12.208 12.984 11.327
341 8 1 14.342 12.196 13.020 11.315
342 8 1 14.379 12.160 13.057 11.279
343 8 1 14.439 12.148 13.117 11.267
344 8 1 14.475 12.112 13.153 11.231
345 8 1 14.511 12.100 13.189 11.219
346 8 1 14.391 12.112 13.285 11.446
347 8 1 14.415 12.124 13.249 11.422
348 8 1 14.451 12.100 13.285 11.398
349 8 1 14.487 12.088 13.321 11.386
350 8 1 14.511 12.052 13.345 11.350
351 8 1 14.727 11.944 13.671 11.051
352 8 1 14.751 11.956 13.635 11.015
353 8 1 14.787 11.932 13.671 10.991
354 8 1 14.824 11.932 13.707 10.991
355 8 1 14.836 11.908 13.719 10.967
356 8 1 15.088 11.764 13.911 11.062
357 8 1 15.112 11.776 13.875 11.027
358 8 1 15.148 11.752 13.911 11.003
359 8 1 15.172 11.740 13.935 10.991
360 8 1 15.208 11.716 13.971 10.967
361 8 1 15.244 11.835 14.008 10.955
362 8 1 15.268 11.847 13.960 10.919
363 8 1 15.316 11.835 14.008 10.907
364 8 1 15.340 11.823 14.032 10.895
365 8 1 15.388 11.811 14.080 10.883
366 8 1 15.412 11.775 14.104 10.847
367 8 1 15.460 11.763 14.152 10.835
368 8 1 15.508 11.751 14.200 10.823
369 8 1 15.532 11.739 14.224 10.811
370 8 1 15.580 11.727 14.272 10.799
371 8 1 15.628 11.715 14.320 10.787
372 8 1 15.652 11.703 14.344 10.775
373 8 1 15.700 11.691 14.392 10.763
374 8 1 15.748 11.679 14.441 10.751
375 8 1 15.772 11.667 14.465 10.739
376 8 1 15.820 11.631 14.513 10.703
377 8 1 15.869 11.619 14.561 10.691
378 8 1 15.917 11.583 14.609 10.655
379 8 1 15.965 11.547 14.657 10.619
380 8 1 16.013 11.511 14.705 10.583
381 8 1 15.796 11.655 14.789 10.715
382 8 1 15.820 11.667 14.753 10.667
383 8 1 15.856 11.643 14.789 10.643
384 8 1 15.869 11.619 14.801 10.619
385 8 1 15.905 11.595 14.837 10.595
386 8 1 16.181 11.356 14.969 10.583
387 8 1 16.205 11.368 14.921 10.547
388 8 1 16.229 11.344 14.945 10.523
389 8 1 16.253 11.320 14.969 10.499
390 8 1 16.301 11.296 15.018 10.476
391 8 1 16.337 11.272 15.306 10.523
392 8 1 16.361 11.284 15.270 10.487
393 8 1 16.397 11.260 15.306 10.463
394 8 1 16.433 11.236 15.342 10.439
395 8 1 16.481 11.224 15.390 10.427
396 8 1 16.505 11.224 15.366 10.511
397 8 1 16.528 11.236 15.330 10.475
398 8 1 16.564 11.224 15.366 10.463
399 8 1 16.612 11.188 15.414 10.427
400 8 1 16.648 11.188 15.450 10.427
401 8 1 16.624 11.105 15.486 10.439
402 8 1 16.648 11.117 15.450 10.415
403 8 1 16.684 11.105 15.486 10.403
404 8 1 16.720 11.081 15.522 10.379
405 8 1 16.768 11.069 15.570 10.367
406 8 1 16.804 11.069 15.606 10.367
407 8 1 16.840 11.057 15.642 10.355
408 8 1 16.888 11.033 15.690 10.331
409 8 1 16.924 11.009 15.726 10.307
410 8 1 16.972 10.997 15.774 10.295
411 8 1 17.008 10.985 15.810 10.283
412 8 1 17.044 10.949 15.846 10.248
413 8 1 17.092 10.937 15.894 10.236
414 8 1 17.128 10.901 15.930 10.200
415 8 1 17.164 10.889 15.966 10.188
416 8 1 17.200 10.853 16.002 10.152
417 8 1 17.236 10.841 16.038 10.140
418 8 1 17.272 10.805 16.074 10.104
419 8 1 17.296 10.793 16.098 10.092
420 8 1 17.332 10.770 16.134 10.068
421 8 1 17.356 10.746 16.158 10.045
422 8 1 17.379 10.722 16.182 10.021
423 8 1 17.403 10.698 16.206 9.997
424 8 1 17.439 10.674 16.242 9.973
425 8 1 17.463 10.650 16.266 9.949
426 8 1 17.499 10.626 16.302 9.925
427 8 1 17.535 10.602 16.338 9.901
428 8 1 17.571 10.579 16.374 9.877
429 8 1 17.607 10.567 16.410 9.865
430 8 1 17.643 10.555 16.446 9.854
431 8 1 17.691 10.531 16.494 9.830
432 8 1 17.727 10.507 16.530 9.806
433 8 1 17.775 10.495 16.578 9.794
434 8 1 17.811 10.483 16.613 9.782
435 8 1 17.846 10.459 16.649 9.758
436 8 1 17.882 10.435 16.685 9.734
437 8 1 17.918 10.423 16.721 9.722
438 8 1 17.954 10.411 16.757 9.710
439 8 1 17.990 10.387 16.793 9.686
440 8 1 18.026 10.375 16.829 9.674
441 8 1 18.062 10.375 16.865 9.674
442 8 1 18.098 10.363 16.901 9.662
443 8 1 18.134 10.339 16.937 9.638
444 8 1 18.169 10.316 16.973 9.615
445 8 1 18.205 10.304 17.009 9.603
446 8 1 18.241 10.292 17.045 9.591
447 8 1 18.277 10.256 17.081 9.555
448 8 1 18.313 10.232 17.117 9.531
449 8 1 18.349 10.208 17.153 9.507
450 8 1 18.385 10.184 17.189 9.483
451 8 1 18.421 10.149 17.224 9.448
452 8 1 18.457 10.113 17.260 9.412
453 8 1 18.492 10.089 17.296 9.388
455 8 1 18.528 10.065 17.332 9.364
456 8 1 18.600 9.970 17.476 8.864
457 8 1 18.624 9.994 17.440 8.828
458 8 1 18.660 9.970 17.476 8.805
459 8 1 18.696 9.970 17.512 8.805
460 8 1 18.731 9.970 17.548 8.805
461 8 1 18.767 9.970 17.584 8.805
462 8 1 18.803 9.946 17.620 8.781
463 8 1 18.839 9.946 17.656 8.781
464 8 1 18.875 9.946 17.692 8.781
465 8 1 18.935 9.946 17.751 8.781
466 8 1 18.970 9.945 17.787 8.781
467 8 1 19.030 9.922 17.847 8.757
468 8 1 19.066 9.922 17.883 8.757
469 8 1 19.126 9.921 17.943 8.757
470 8 1 19.162 9.898 17.979 8.733
471 8 1 19.197 9.898 18.014 8.733
472 8 1 19.233 9.898 18.050 8.733
473 8 1 19.293 9.897 18.110 8.733
474 8 1 19.305 9.897 18.122 8.733
475 8 1 19.365 9.874 18.182 8.709
476 8 1 19.377 9.874 18.194 8.709
477 8 1 19.436 9.873 18.254 8.709
478 8 1 19.448 9.850 18.266 8.685
479 8 1 19.508 9.850 18.325 8.685
480 8 1 19.520 9.850 18.337 8.685
481 8 1 19.580 9.826 18.397 8.661
482 8 1 19.615 9.826 18.433 8.661
483 8 1 19.651 9.802 18.469 8.638
484 8 1 19.687 9.802 18.505 8.638
485 8 1 19.747 9.778 18.564 8.614
486 8 1 19.783 9.778 18.600 8.614
487 8 1 19.842 9.754 18.660 8.590
488 8 1 19.854 9.754 18.672 8.590
489 8 1 19.914 9.754 18.732 8.590
490 8 1 19.926 9.754 18.744 8.590
491 8 1 19.985 9.730 18.803 8.566
492 8 1 19.997 9.730 18.815 8.566
493 8 1 20.033 9.730 18.851 8.566
494 8 1 20.045 9.706 18.863 8.542
495 8 1 20.105 9.706 18.923 8.542
496 8 1 20.117 9.706 18.935 8.542
497 8 1 20.152 9.682 18.971 8.518
498 8 1 20.188 9.682 19.006 8.518
499 8 1 20.224 9.682 19.042 8.518
500 8 1 20.260 9.682 19.078 8.518
501 8 1 20.319 9.682 19.138 8.518
502 8 1 20.355 9.682 19.174 8.518
503 8 1 20.391 9.682 19.209 8.518
504 8 1 20.427 9.682 19.245 8.518
505 8 1 20.486 9.682 19.305 8.518
506 8 1 20.522 9.682 19.341 8.518
507 8 1 20.558 9.682 19.377 8.518
508 8 1 20.594 9.682 19.412 8.518
509 8 1 20.630 9.682 19.448 8.518
510 8 1 20.665 9.682 19.484 8.518
511 8 1 20.701 9.682 19.520 8.518
512 8 1 20.737 9.682 19.556 8.518
513 8 1 20.773 9.658 19.591 8.494
514 8 1 20.808 9.658 19.627 8.494
515 8 1 20.868 9.658 19.687 8.494
516 8 1 20.904 9.658 19.723 8.494
517 8 1 20.963 9.634 19.782 8.470
518 8 1 20.999 9.634 19.818 8.470
519 8 1 21.059 9.610 19.878 8.447
520 8 1 21.094 9.610 19.913 8.447
521 8 1 21.154 9.610 19.973 8.447
522 8 1 21.190 9.610 20.009 8.447
523 8 1 21.249 9.610 20.069 8.447
524 8 1 21.285 9.610 20.104 8.447
525 8 1 21.321 9.610 20.140 8.447
526 8 1 21.356 9.610 20.176 8.447
527 8 1 21.392 9.610 20.212 8.447
528 8 1 21.428 9.610 20.247 8.447
529 8 1 21.487 9.610 20.307 8.447
530 8 1 21.499 9.610 20.319 8.447
531 8 1 21.559 9.633 20.379 8.470
532 8 1 21.595 9.633 20.414 8.470
533 8 1 21.630 9.633 20.450 8.470
534 8 1 21.666 9.657 20.486 8.494
535 8 1 21.726 9.657 20.546 8.494
536 8 1 21.761 9.680 20.581 8.518
537 8 1 21.821 9.680 20.641 8.518
538 8 1 21.857 9.704 20.677 8.541
539 8 1 21.916 9.728 20.736 8.565
540 8 1 21.952 9.728 20.772 8.565
541 8 1 22.011 9.751 20.832 8.589
542 8 1 22.023 9.775 20.844 8.613
543 8 1 22.083 9.775 20.903 8.612
544 8 1 22.119 9.775 20.939 8.612
545 8 1 22.178 9.799 20.998 8.636
546 8 1 22.190 9.822 21.010 8.660
547 8 1 22.250 9.822 21.070 8.660
548 8 1 22.285 9.846 21.106 8.684
549 8 1 22.345 9.870 21.165 8.707
550 8 1 22.381 9.870 21.201 8.707
551 8 1 22.440 9.893 21.261 8.731
552 8 1 22.476 9.893 21.296 8.731
553 8 1 22.535 9.917 21.356 8.755
554 8 1 22.571 9.917 21.392 8.755
555 8 1 22.630 9.917 21.451 8.755
556 8 1 22.666 9.917 21.487 8.755
557 8 1 22.726 9.917 21.546 8.755
558 8 1 22.761 9.917 21.582 8.755
559 8 1 22.821 9.917 21.642 8.755
560 8 1 22.833 9.917 21.654 8.755
561 8 1 22.892 9.917 21.713 8.754
562 8 1 22.928 9.916 21.749 8.754
563 8 1 22.963 9.916 21.785 8.754
564 8 1 22.999 9.940 21.820 8.778
565 8 1 23.059 9.940 21.880 8.778
566 8 1 23.094 9.940 21.915 8.778
567 8 1 23.154 9.940 21.975 8.778
300 8 1 12.921 12.989 11.753 12.263
310 8 1 13.415 12.820 12.188 11.963
0 9 1 11.293 23.648 10.775 22.629
1 9 1 11.317 23.684 10.775 22.617
2 9 1 11.317 23.648 10.775 22.581
3 9 1 11.329 23.612 10.787 22.545
4 9 1 11.317 23.552 10.775 22.485
5 9 1 11.680 23.633 10.448 22.415
6 9 1 11.704 23.657 10.400 22.368
7 9 1 11.692 23.621 10.388 22.332
8 9 1 11.705 23.560 10.400 22.271
9 9 1 11.717 23.524 10.412 22.235
10 9 1 11.705 23.464 10.400 22.175
11 9 1 11.693 23.404 10.388 22.115
12 9 1 11.705 23.367 10.400 22.079
13 9 1 11.717 23.331 10.413 22.042
14 9 1 11.729 23.271 10.425 21.982
15 9 1 11.742 23.235 10.437 21.946
16 9 1 11.754 23.174 10.449 21.885
17 9 1 11.742 23.138 10.437 21.849
18 9 1 11.754 23.078 10.450 21.789
19 9 1 11.766 23.018 10.462 21.729
20 9 1 11.778 22.957 10.474 21.668
21 9 1 11.791 22.921 10.486 21.632
22 9 1 11.803 22.837 10.499 21.548
23 9 1 11.791 22.801 10.487 21.512
24 9 1 11.803 22.716 10.499 21.427
25 9 1 11.791 22.656 10.487 21.367
26 9 1 11.779 22.596 10.475 21.307
27 9 1 11.767 22.560 10.463 21.271
28 9 1 11.779 22.500 10.475 21.211
29 9 1 11.767 22.464 10.463 21.175
30 9 1 11.780 22.404 10.475 21.115
31 9 1 11.792 22.367 10.488 21.078
32 9 1 11.828 22.307 10.524 21.018
33 9 1 11.840 22.271 10.536 20.982
34 9 1 11.853 22.210 10.549 20.921
35 9 1 11.865 22.174 10.561 20.885
36 9 1 11.877 22.114 10.573 20.825
37 9 1 11.841 22.054 10.537 20.765
38 9 1 11.853 21.994 10.549 20.705
39 9 1 11.841 21.958 10.537 20.669
40 9 1 11.817 21.693 10.634 20.728
41 9 1 11.842 21.717 10.598 20.692
42 9 1 11.830 21.669 10.586 20.644
43 9 1 11.842 21.645 10.598 20.620
44 9 1 11.854 21.621 10.610 20.596
45 9 1 11.794 21.357 10.659 20.475
46 9 1 11.818 21.368 10.622 20.440
47 9 1 11.830 21.308 10.635 20.379
48 9 1 11.818 21.272 10.623 20.343
49 9 1 11.855 21.212 10.659 20.283
50 9 1 11.794 21.296 10.757 19.909
51 9 1 11.818 21.320 10.721 19.861
52 9 1 11.830 21.284 10.733 19.825
53 9 1 11.818 21.248 10.721 19.789
54 9 1 11.831 21.188 10.733 19.729
55 9 1 11.831 20.959 10.793 19.957
56 9 1 11.855 20.983 10.757 19.921
57 9 1 11.843 20.947 10.745 19.885
58 9 1 11.855 20.911 10.757 19.849
59 9 1 11.843 20.851 10.745 19.789
60 9 1 11.856 20.815 10.757 19.753
61 9 1 11.844 20.755 10.745 19.693
62 9 1 11.880 20.718 10.782 19.657
63 9 1 11.892 20.658 10.794 19.596
64 9 1 11.904 20.622 10.806 19.560
65 9 1 11.917 20.586 10.818 19.524
66 9 1 11.929 20.526 10.831 19.464
67 9 1 11.941 20.490 10.843 19.428
68 9 1 11.953 20.429 10.855 19.368
69 9 1 11.941 20.369 10.843 19.307
70 9 1 11.929 20.442 10.880 19.103
71 9 1 11.953 20.465 10.844 19.055
72 9 1 11.953 20.429 10.844 19.019
73 9 1 11.953 20.369 10.844 18.959
74 9 1 11.953 20.333 10.844 18.923
75 9 1 11.929 20.273 10.820 18.863
76 9 1 11.929 20.237 10.820 18.827
77 9 1 11.954 20.201 10.844 18.791
78 9 1 11.954 20.165 10.844 18.755
79 9 1 11.954 20.105 10.845 18.694
80 9 1 11.978 20.069 10.869 18.658
81 9 1 11.978 20.008 10.869 18.598
82 9 1 12.002 19.972 10.893 18.562
83 9 1 12.003 19.912 10.893 18.502
84 9 1 12.003 19.876 10.894 18.466
85 9 1 12.027 19.816 10.918 18.406
86 9 1 12.027 19.756 10.918 18.346
87 9 1 12.027 19.696 10.918 18.285
88 9 1 12.027 19.660 10.918 18.249
89 9 1 12.052 19.599 10.943 18.189
90 9 1 12.052 19.563 10.943 18.153
91 9 1 12.052 19.503 10.943 18.093
92 9 1 12.052 19.443 10.943 18.033
93 9 1 12.052 19.407 10.943 17.997
94 9 1 12.076 19.371 10.967 17.961
95 9 1 12.100 19.335 10.992 17.925
96 9 1 12.125 19.299 11.016 17.888
97 9 1 12.149 19.238 11.040 17.828
98 9 1 12.149 19.202 11.040 17.792
99 9 1 12.149 19.142 11.040 17.732
100 9 1 12.149 19.106 11.040 17.696
101 9 1 12.149 19.022 11.041 17.612
102 9 1 12.149 18.986 11.041 17.576
103 9 1 12.150 18.926 11.041 17.516
104 9 1 12.150 18.890 11.041 17.480
105 9 1 12.150 18.830 11.041 17.420
106 9 1 12.150 18.770 11.041 17.360
107 9 1 12.126 18.710 11.017 17.300
108 9 1 12.126 18.674 11.017 17.264
109 9 1 12.126 18.614 11.017 17.204
110 9 1 12.150 18.578 11.042 17.168
111 9 1 12.150 18.518 11.042 17.108
112 9 1 12.175 18.482 11.066 17.072
113 9 1 12.175 18.422 11.066 17.012
114 9 1 12.175 18.386 11.066 16.976
115 9 1 12.236 18.121 11.115 16.951
116 9 1 12.260 18.145 11.079 16.916
117 9 1 12.260 18.109 11.079 16.880
118 9 1 12.260 18.049 11.079 16.820
119 9 1 12.284 18.013 11.103 16.783
120 9 1 12.284 17.953 11.103 16.723
121 9 1 12.285 17.893 11.103 16.663
122 9 1 12.285 17.833 11.104 16.603
123 9 1 12.285 17.797 11.104 16.567
124 9 1 12.285 17.737 11.104 16.507
125 9 1 12.285 17.725 11.104 16.495
126 9 1 12.309 17.689 11.128 16.459
127 9 1 12.333 17.652 11.152 16.423
128 9 1 12.357 17.616 11.177 16.387
129 9 1 12.358 17.580 11.177 16.351
130 9 1 12.358 17.520 11.177 16.291
131 9 1 12.382 17.508 11.201 16.279
132 9 1 12.382 17.472 11.201 16.243
133 9 1 12.406 17.436 11.225 16.207
134 9 1 12.406 17.400 11.225 16.171
135 9 1 12.430 17.388 11.250 16.159
136 9 1 12.455 17.352 11.274 16.123
137 9 1 12.455 17.316 11.274 16.087
138 9 1 12.455 17.280 11.274 16.051
139 9 1 12.479 17.268 11.298 16.038
140 9 1 12.503 17.232 11.322 16.002
141 9 1 12.527 17.219 11.347 15.990
142 9 1 12.527 17.207 11.347 15.978
143 9 1 12.551 17.195 11.371 15.966
144 9 1 12.576 17.159 11.395 15.930
145 9 1 12.697 16.811 11.515 16.097
146 9 1 12.721 16.823 11.479 16.062
147 9 1 12.745 16.810 11.503 16.049
148 9 1 12.781 16.774 11.540 16.013
149 9 1 12.806 16.774 11.564 16.013
150 9 1 12.842 16.750 11.600 15.989
152 9 1 12.818 16.738 11.721 16.036
153 9 1 12.842 16.750 11.685 16.001
154 9 1 12.866 16.738 11.709 15.988
155 9 1 12.878 16.714 11.721 15.964
156 9 1 12.914 16.678 11.757 15.928
157 9 1 12.951 16.653 11.794 15.904
158 9 1 12.963 16.629 11.806 15.880
159 9 1 12.987 16.593 11.830 15.844
160 9 1 13.011 16.569 11.854 15.820
161 9 1 12.987 16.677 12.120 15.687
162 9 1 12.999 16.701 12.084 15.651
163 9 1 13.023 16.665 12.108 15.615
164 9 1 13.035 16.629 12.120 15.579
165 9 1 13.071 16.593 12.156 15.543
166 9 1 13.096 16.401 12.205 15.554
167 9 1 13.108 16.413 12.169 15.519
168 9 1 13.132 16.377 12.193 15.483
169 9 1 13.144 16.353 12.205 15.459
170 9 1 13.168 16.317 12.229 15.422
171 9 1 13.192 16.293 12.253 15.398
172 9 1 13.204 16.257 12.265 15.362
173 9 1 13.217 16.233 12.278 15.338
174 9 1 13.253 16.196 12.314 15.302
175 9 1 13.277 16.172 12.338 15.278
176 9 1 13.506 15.991 12.362 15.134
177 9 1 13.530 16.003 12.326 15.099
178 9 1 13.554 15.967 12.350 15.062
179 9 1 13.579 15.931 12.375 15.026
180 9 1 13.603 15.919 12.399 15.014
181 9 1 13.566 16.015 12.339 15.003
182 9 1 13.590 16.039 12.290 14.967
183 9 1 13.627 16.015 12.327 14.943
184 9 1 13.639 15.967 12.339 14.895
185 9 1 13.675 15.943 12.375 14.871
186 9 1 13.711 15.919 12.411 14.847
187 9 1 13.747 15.870 12.448 14.798
188 9 1 13.783 15.822 12.484 14.750
189 9 1 13.820 15.798 12.520 14.726
190 9 1 13.832 15.798 12.532 14.726
191 9 1 13.736 15.679 12.882 14.665
192 9 1 13.748 15.703 12.846 14.629
193 9 1 13.772 15.667 12.870 14.593
194 9 1 13.796 15.631 12.894 14.557
195 9 1 13.832 15.583 12.930 14.509
196 9 1 13.796 15.523 12.894 14.473
197 9 1 13.808 15.547 12.858 14.438
198 9 1 13.832 15.511 12.882 14.401
199 9 1 13.856 15.475 12.906 14.365
200 9 1 13.880 15.415 12.931 14.306
201 9 1 13.893 15.367 13.063 14.437
202 9 1 13.905 15.379 13.027 14.401
203 9 1 13.929 15.343 13.051 14.365
204 9 1 13.941 15.331 13.063 14.353
206 9 1 13.965 15.283 13.087 14.305
207 9 1 13.893 15.199 13.171 14.436
208 9 1 13.905 15.211 13.135 14.400
209 9 1 13.929 15.175 13.159 14.364
210 9 1 13.953 15.127 13.184 14.316
211 9 1 13.977 15.091 13.208 14.280
212 9 1 14.001 15.067 13.232 14.256
213 9 1 14.038 15.019 13.268 14.208
214 9 1 14.050 14.983 13.280 14.172
215 9 1 14.098 14.923 13.329 14.112
216 9 1 14.122 14.899 13.353 14.088
217 9 1 14.399 14.694 13.341 13.897
218 9 1 14.423 14.706 13.305 13.861
219 9 1 14.459 14.670 13.341 13.825
220 9 1 14.471 14.634 13.353 13.789
221 9 1 14.507 14.598 13.389 13.753
222 9 1 14.616 14.227 13.582 13.585
223 9 1 14.640 14.239 13.546 13.561
224 9 1 14.664 14.203 13.570 13.525
225 9 1 14.700 14.155 13.607 13.477
226 9 1 14.737 14.119 13.643 13.441
227 9 1 14.640 14.191 13.691 13.453
228 9 1 14.652 14.203 13.643 13.417
229 9 1 14.676 14.167 13.667 13.381
230 9 1 14.713 14.131 13.703 13.345
231 9 1 14.737 14.083 13.727 13.298
232 9 1 15.085 14.249 13.872 13.130
233 9 1 15.109 14.273 13.824 13.094
234 9 1 15.133 14.237 13.848 13.058
235 9 1 15.157 14.177 13.872 12.998
236 9 1 15.181 14.141 13.896 12.962
237 9 1 15.230 14.081 13.944 12.902
238 9 1 15.254 14.045 13.969 12.866
239 9 1 15.278 13.985 13.993 12.807
240 9 1 15.302 13.949 14.017 12.771
241 9 1 15.326 13.914 14.041 12.735
242 9 1 15.254 13.567 14.161 12.830
243 9 1 15.278 13.579 14.125 12.794
244 9 1 15.314 13.543 14.161 12.758
245 9 1 15.338 13.519 14.185 12.734
246 9 1 15.374 13.483 14.221 12.698
247 9 1 15.410 13.435 14.258 12.650
248 9 1 15.459 13.399 14.306 12.614
249 9 1 15.495 13.375 14.342 12.590
250 9 1 15.531 13.339 14.378 12.554
251 9 1 15.579 13.291 14.426 12.506
252 9 1 15.411 13.292 14.366 12.542
253 9 1 15.435 13.304 14.330 12.507
254 9 1 15.471 13.268 14.366 12.471
256 9 1 15.507 13.232 14.402 12.435
257 9 1 15.543 13.196 14.438 12.399
258 9 1 15.567 13.208 14.402 12.363
259 9 1 15.603 13.184 14.438 12.339
260 9 1 15.651 13.148 14.487 12.303
261 9 1 15.687 13.112 14.523 12.267
262 9 1 15.711 13.076 14.547 12.231
263 9 1 15.747 13.028 14.583 12.183
264 9 1 15.795 12.992 14.631 12.148
265 9 1 15.843 12.956 14.679 12.112
266 9 1 15.891 12.920 14.727 12.076
267 9 1 16.179 12.824 15.016 11.991
268 9 1 16.203 12.836 14.980 11.956
269 9 1 16.227 12.800 15.004 11.920
270 9 1 16.275 12.788 15.052 11.908
271 9 1 16.323 12.728 15.100 11.848
272 9 1 16.144 12.573 15.304 11.847
273 9 1 16.156 12.585 15.268 11.812
274 9 1 16.192 12.561 15.304 11.788
275 9 1 16.216 12.525 15.328 11.752
276 9 1 16.252 12.501 15.364 11.728
277 9 1 16.480 12.441 15.448 11.716
278 9 1 16.504 12.453 15.412 11.680
279 9 1 16.540 12.417 15.448 11.644
280 9 1 16.576 12.381 15.484 11.608
281 9 1 16.624 12.345 15.533 11.572
282 9 1 16.636 12.285 15.569 11.524
283 9 1 16.660 12.297 15.533 11.489
284 9 1 16.708 12.261 15.581 11.453
286 9 1 16.744 12.249 15.617 11.441
287 9 1 16.875 12.213 16.013 11.440
288 9 1 16.887 12.225 15.977 11.404
289 9 1 16.911 12.201 16.001 11.380
290 9 1 16.947 12.165 16.037 11.344
291 9 1 16.983 12.129 16.073 11.309
292 9 1 17.055 12.070 16.061 11.094
293 9 1 17.079 12.093 16.025 11.058
294 9 1 17.103 12.057 16.049 11.022
295 9 1 17.127 12.022 16.073 10.987
296 9 1 17.199 12.010 16.145 10.974
297 9 1 17.223 11.974 16.169 10.939
298 9 1 17.295 11.938 16.241 10.903
299 9 1 17.343 11.878 16.289 10.843
301 9 1 17.487 11.806 16.433 10.771
302 9 1 17.511 11.794 16.457 10.759
303 9 1 17.559 11.758 16.505 10.723
304 9 1 17.606 11.746 16.553 10.711
305 9 1 17.630 11.687 16.577 10.652
306 9 1 17.630 11.675 16.577 10.640
307 9 1 17.894 11.424 16.816 10.711
308 9 1 17.918 11.436 16.781 10.675
309 9 1 17.966 11.412 16.829 10.651
311 9 1 18.061 11.376 16.924 10.615
312 9 1 18.121 11.304 16.769 10.687
313 9 1 18.145 11.316 16.721 10.663
314 9 1 18.193 11.292 16.769 10.640
315 9 1 18.241 11.280 16.817 10.627
317 9 1 18.289 11.268 16.864 10.615
318 9 1 18.349 11.232 16.924 10.580
319 9 1 18.277 11.268 17.320 10.567
320 9 1 18.301 11.280 17.284 10.531
321 9 1 18.349 11.268 17.332 10.519
322 9 1 18.397 11.256 17.380 10.507
324 9 1 18.432 11.232 17.416 10.484
325 9 1 18.480 11.220 17.463 10.472
326 9 1 18.528 11.196 17.511 10.448
327 9 1 18.875 11.195 17.655 10.412
328 9 1 18.899 11.207 17.607 10.376
329 9 1 18.935 11.195 17.643 10.364
330 9 1 18.970 11.183 17.679 10.352
331 9 1 19.030 11.147 17.739 10.316
332 9 1 19.066 11.135 17.775 10.304
333 9 1 19.150 11.100 17.858 10.268
334 9 1 19.209 11.087 17.918 10.256
335 9 1 19.269 11.052 17.978 10.221
336 9 1 19.305 11.040 18.014 10.209
337 9 1 19.341 11.028 18.050 10.197
338 9 1 19.353 11.016 18.062 10.185
339 9 1 19.245 10.730 18.170 10.197
340 9 1 19.269 10.742 18.134 10.173
341 9 1 19.305 10.730 18.170 10.161
342 9 1 19.365 10.718 18.229 10.149
343 9 1 19.401 10.694 18.265 10.125
344 9 1 19.448 10.682 18.313 10.113
345 9 1 19.508 10.659 18.373 10.089
346 9 1 19.544 10.647 18.409 10.077
348 9 1 19.616 10.623 18.480 10.053
349 9 1 19.663 10.611 18.528 10.041
350 9 1 19.711 10.599 18.576 10.029
352 9 1 19.759 10.587 18.624 10.017
353 9 1 19.866 10.658 18.457 10.089
354 9 1 19.890 10.670 18.409 10.065
355 9 1 19.938 10.658 18.457 10.053
356 9 1 19.974 10.658 18.492 10.053
357 9 1 20.117 10.646 19.018 9.743
358 9 1 20.141 10.657 18.982 9.708
359 9 1 20.177 10.645 19.018 9.696
360 9 1 20.212 10.633 19.054 9.684
361 9 1 20.356 10.633 18.911 9.827
362 9 1 20.391 10.645 18.863 9.791
363 9 1 20.415 10.633 18.887 9.779
364 9 1 20.463 10.645 18.935 9.791
365 9 1 20.511 10.609 18.982 9.755
366 9 1 20.475 10.621 19.054 9.826
367 9 1 20.499 10.633 18.994 9.791
368 9 1 20.570 10.609 19.066 9.767
369 9 1 20.618 10.609 19.114 9.767
370 9 1 20.666 10.585 19.162 9.743
371 9 1 20.690 10.561 19.186 9.719
372 9 1 20.737 10.585 19.233 9.743
373 9 1 20.761 10.561 19.257 9.719
374 9 1 20.785 10.537 19.281 9.695
375 9 1 20.833 10.514 19.329 9.671
376 9 1 21.071 10.228 19.675 9.695
377 9 1 21.095 10.240 19.627 9.671
378 9 1 21.142 10.228 19.675 9.659
379 9 1 21.178 10.228 19.711 9.659
380 9 1 21.226 10.216 19.759 9.647
382 9 1 21.273 10.216 19.806 9.647
383 9 1 21.321 10.204 19.854 9.635
384 9 1 21.369 10.192 19.902 9.623
385 9 1 21.428 10.180 19.962 9.611
387 9 1 21.476 10.180 20.009 9.611
388 9 1 21.524 10.168 20.057 9.599
389 9 1 21.440 10.204 20.129 9.754
390 9 1 21.464 10.204 20.081 9.730
391 9 1 21.512 10.203 20.129 9.730
392 9 1 21.559 10.191 20.176 9.718
393 9 1 21.607 10.180 20.224 9.706
394 9 1 21.702 10.144 20.439 9.730
395 9 1 21.726 10.144 20.391 9.706
396 9 1 21.774 10.132 20.439 9.694
397 9 1 21.809 10.120 20.474 9.682
398 9 1 21.869 10.096 20.534 9.658
400 9 1 21.905 10.072 20.570 9.634
401 9 1 21.952 10.060 20.618 9.622
402 9 1 22.012 10.036 20.677 9.599
403 9 1 22.059 10.013 20.725 9.575
404 9 1 22.107 9.989 20.773 9.551
405 9 1 22.155 9.965 20.820 9.527
406 9 1 22.190 9.953 20.856 9.515
407 9 1 22.238 9.941 20.904 9.503
408 9 1 22.178 9.906 21.130 9.265
409 9 1 22.285 9.870 21.046 9.182
410 9 1 22.309 9.882 20.999 9.159
411 9 1 22.345 9.870 21.034 9.147
412 9 1 22.404 9.846 21.094 9.123
413 9 1 22.440 9.834 21.130 9.111
414 9 1 22.488 9.834 21.177 9.111
415 9 1 22.535 9.822 21.225 9.099
416 9 1 22.583 9.798 21.273 9.075
417 9 1 22.630 9.786 21.320 9.063
418 9 1 22.690 9.786 21.380 9.063
419 9 1 22.702 9.762 21.273 9.111
420 9 1 22.737 9.774 21.225 9.087
421 9 1 22.773 9.774 21.261 9.087
422 9 1 22.809 9.774 21.297 9.087
423 9 1 22.844 9.774 21.332 9.087
424 9 1 22.856 9.750 21.344 9.063
425 9 1 22.892 9.727 21.380 9.040
426 9 1 22.928 9.727 21.416 9.040
427 9 1 22.963 9.750 21.451 9.063
428 9 1 22.975 9.750 21.463 9.063
429 9 1 22.987 9.750 21.475 9.063
430 9 1 23.023 9.750 21.511 9.063
431 9 1 23.058 9.726 21.547 9.040
432 9 1 23.094 9.703 21.582 9.016
433 9 1 23.130 9.679 21.618 8.992
434 9 1 23.165 9.655 21.654 8.968
435 9 1 23.225 9.631 21.713 8.944
436 9 1 23.260 9.608 21.749 8.921
437 9 1 23.320 9.584 21.808 8.897
438 9 1 23.355 9.560 21.844 8.873
439 9 1 23.415 9.536 21.904 8.849
440 9 1 23.450 9.512 21.939 8.826
441 9 1 23.486 9.489 21.975 8.802
442 9 1 23.474 9.465 21.963 8.778
443 9 1 23.510 9.441 21.999 8.754
444 9 1 23.545 9.394 22.034 8.707
445 9 1 23.581 9.346 22.070 8.659
446 9 1 23.616 9.322 22.106 8.636
447 9 1 23.652 9.299 22.141 8.612
448 9 1 23.688 9.299 22.177 8.612
449 9 1 23.747 9.275 22.237 8.588
450 9 1 23.783 9.251 22.272 8.564
451 9 1 23.842 9.251 22.332 8.564
452 9 1 23.877 9.227 22.367 8.541
453 9 1 23.937 9.204 22.427 8.517
454 9 1 23.972 9.204 22.462 8.517
455 9 1 24.008 9.180 22.498 8.493
456 9 1 24.044 9.180 22.534 8.493
457 9 1 24.079 9.180 22.569 8.493
458 9 1 24.115 9.156 22.605 8.469
459 9 1 24.150 9.156 22.641 8.469
460 9 1 24.186 9.156 22.676 8.469
461 9 1 24.245 9.156 22.736 8.469
462 9 1 24.281 9.132 22.772 8.445
463 9 1 24.317 9.132 22.807 8.445
464 9 1 24.328 9.132 22.819 8.445
465 9 1 24.364 9.108 22.855 8.422
466 9 1 24.400 9.085 22.890 8.398
467 9 1 24.459 9.061 22.950 8.374
468 9 1 24.471 9.061 22.962 8.374
469 9 1 24.530 9.037 23.021 8.351
470 9 1 24.566 9.013 23.057 8.327
471 9 1 24.601 9.013 23.092 8.327
472 9 1 24.637 8.990 23.128 8.303
473 9 1 24.672 8.966 23.164 8.279
474 9 1 24.708 8.942 23.199 8.256
475 9 1 24.720 8.919 23.211 8.232
476 9 1 24.731 8.919 23.223 8.232
477 9 1 24.767 8.895 23.259 8.208
478 9 1 24.779 8.847 23.270 8.161
479 9 1 24.814 8.800 23.306 8.113
480 9 1 24.850 8.753 23.341 8.066
481 9 1 24.885 8.729 23.377 8.042
482 9 1 24.921 8.705 23.413 8.018
483 9 1 24.956 8.681 23.448 7.995
484 9 1 24.992 8.658 23.484 7.971
485 9 1 25.028 8.658 23.520 7.971
486 9 1 25.063 8.658 23.555 7.971
487 9 1 25.099 8.658 23.591 7.971
488 9 1 25.134 8.658 23.626 7.971
489 9 1 25.170 8.658 23.662 7.971
490 9 1 25.182 8.658 23.674 7.971
491 9 1 25.217 8.658 23.710 7.971
492 9 1 25.253 8.658 23.745 7.971
493 9 1 25.288 8.658 23.781 7.971
494 9 1 25.300 8.658 23.793 7.971
495 9 1 25.336 8.681 23.828 7.995
496 9 1 25.348 8.681 23.840 7.995
497 9 1 25.383 8.681 23.876 7.995
498 9 1 25.395 8.658 23.888 7.971
499 9 1 25.430 8.634 23.923 7.947
500 9 1 25.442 8.610 23.935 7.924
501 9 1 25.478 8.610 23.971 7.924
502 9 1 25.490 8.586 23.982 7.900
503 9 1 25.501 8.586 23.994 7.900
504 9 1 25.513 8.586 24.006 7.900
505 9 1 25.525 8.586 24.018 7.900
506 9 1 25.537 8.586 24.030 7.900
507 9 1 25.549 8.586 24.042 7.900
508 9 1 25.561 8.586 24.054 7.900
509 9 1 25.573 8.563 24.065 7.876
510 9 1 25.561 8.563 24.054 7.876
511 9 1 25.572 8.539 24.065 7.853
512 9 1 25.584 8.515 24.077 7.829
513 9 1 25.596 8.492 24.089 7.805
514 9 1 25.584 8.492 24.077 7.805
515 9 1 25.596 8.468 24.089 7.781
516 9 1 25.584 8.444 24.077 7.758
517 9 1 25.596 8.444 24.089 7.758
518 9 1 25.584 8.421 24.077 7.734
519 9 1 25.596 8.421 24.089 7.734
520 9 1 25.584 8.421 24.077 7.734
521 9 1 25.596 8.421 24.089 7.734
522 9 1 25.584 8.421 24.077 7.734
523 9 1 25.572 8.397 24.065 7.710
524 9 1 25.560 8.397 24.053 7.710
525 9 1 25.572 8.397 24.065 7.710
526 9 1 25.537 8.397 24.030 7.710
527 9 1 25.549 8.397 24.041 7.710
528 9 1 25.537 8.397 24.030 7.710
529 9 1 25.549 8.397 24.041 7.710
530 9 1 25.513 8.397 24.006 7.710
531 9 1 25.525 8.397 24.018 7.710
532 9 1 25.513 8.397 24.006 7.710
533 9 1 25.501 8.397 23.994 7.710
534 9 1 25.489 8.397 23.982 7.710
535 9 1 25.477 8.397 23.970 7.710
536 9 1 25.466 8.397 23.958 7.710
537 9 1 25.477 8.397 23.970 7.710
538 9 1 25.442 8.397 23.935 7.710
539 9 1 25.454 8.397 23.947 7.710
540 9 1 25.418 8.421 23.911 7.734
541 9 1 25.406 8.421 23.899 7.734
542 9 1 25.371 8.421 23.863 7.734
543 9 1 25.359 8.421 23.852 7.734
544 9 1 25.323 8.421 23.816 7.734
545 9 1 25.312 8.421 23.804 7.734
546 9 1 25.252 8.421 23.745 7.734
547 9 1 25.240 8.421 23.733 7.734
548 9 1 25.205 8.444 23.697 7.758
549 9 1 25.169 8.444 23.662 7.758
550 9 1 25.110 8.444 23.602 7.758
551 9 1 25.075 8.468 23.567 7.781
552 9 1 25.039 8.468 23.531 7.781
553 9 1 25.004 8.492 23.496 7.805
554 9 1 24.944 8.492 23.436 7.805
555 9 1 24.909 8.492 23.401 7.805
556 9 1 24.849 8.492 23.341 7.805
557 9 1 24.814 8.492 23.306 7.805
558 9 1 24.754 8.468 23.246 7.781
559 9 1 24.743 8.468 23.234 7.781
560 9 1 24.707 8.468 23.199 7.781
561 9 1 24.695 8.492 23.187 7.805
562 9 1 24.660 8.492 23.151 7.805
563 9 1 24.624 8.492 23.115 7.805
564 9 1 24.565 8.492 23.056 7.805
565 9 1 24.505 8.492 22.997 7.805
566 9 1 24.446 8.492 22.937 7.805
567 9 1 24.411 8.492 22.902 7.805
300 9 1 17.415 11.866 16.361 10.831
310 9 1 18.014 11.388 16.876 10.627
0 4 1 9.874 19.579 9.233 19.042
1 4 1 9.922 19.627 9.197 19.018
2 4 1 9.934 19.639 9.161 18.994
3 4 1 9.946 19.614 9.173 18.970
4 4 1 9.946 19.602 9.173 18.958
5 4 1 9.959 19.578 9.185 18.934
6 4 1 9.983 19.554 9.209 18.910
7 4 1 9.995 19.530 9.221 18.886
8 4 1 10.007 19.506 9.234 18.862
9 4 1 10.032 19.470 9.258 18.825
10 4 1 10.044 19.445 9.270 18.801
11 4 1 10.056 19.409 9.282 18.765
12 4 1 10.080 19.373 9.307 18.729
13 4 1 10.093 19.349 9.319 18.705
14 4 1 10.093 19.313 9.319 18.668
15 4 1 10.105 19.265 9.331 18.620
16 4 1 10.129 19.228 9.356 18.584
17 4 1 10.141 19.192 9.368 18.548
18 4 1 10.141 19.144 9.368 18.500
19 4 1 10.154 19.108 9.380 18.464
20 4 1 10.178 19.072 9.405 18.427
21 4 1 10.190 19.035 9.417 18.391
22 4 1 10.190 19.011 9.417 18.367
23 4 1 10.190 18.975 9.417 18.331
24 4 1 10.203 18.939 9.429 18.295
25 4 1 10.227 18.915 9.453 18.271
26 4 1 10.239 18.879 9.466 18.235
27 4 1 10.239 18.855 9.466 18.211
28 4 1 10.251 18.819 9.478 18.174
29 4 1 10.276 18.794 9.502 18.150
30 4 1 10.288 18.758 9.514 18.114
31 4 1 10.288 18.722 9.515 18.078
32 4 1 10.312 18.698 9.539 18.054
33 4 1 10.324 18.662 9.551 18.018
34 4 1 10.361 18.626 9.588 17.981
35 4 1 10.373 18.589 9.600 17.945
36 4 1 10.397 18.541 9.624 17.897
37 4 1 10.422 18.505 9.648 17.861
38 4 1 10.446 18.469 9.673 17.825
39 4 1 10.470 18.421 9.697 17.776
40 4 1 10.482 18.384 9.709 17.740
41 4 1 10.495 18.348 9.722 17.704
42 4 1 10.519 18.324 9.746 17.680
44 4 1 10.591 18.516 9.601 17.597
45 4 1 10.615 18.528 9.564 17.561
46 4 1 10.627 18.480 9.577 17.513
47 4 1 10.615 18.456 9.565 17.489
48 4 1 10.628 18.407 9.577 17.441
49 4 1 10.616 18.384 9.565 17.417
50 4 1 10.652 18.335 9.601 17.368
51 4 1 10.640 18.311 9.589 17.344
52 4 1 10.676 18.287 9.626 17.320
53 4 1 10.688 18.239 9.638 17.272
54 4 1 10.701 18.215 9.650 17.248
55 4 1 10.713 18.191 9.662 17.224
56 4 1 10.725 18.143 9.675 17.176
57 4 1 10.737 18.118 9.687 17.152
58 4 1 10.749 18.094 9.699 17.127
59 4 1 10.737 18.046 9.687 17.079
60 4 1 10.749 18.022 9.699 17.055
61 4 1 10.762 17.974 9.711 17.007
62 4 1 10.774 17.950 9.724 16.983
63 4 1 10.762 17.902 9.712 16.935
64 4 1 10.774 17.854 9.724 16.887
65 4 1 10.786 17.806 9.736 16.839
66 4 1 10.726 17.698 9.687 16.899
67 4 1 10.750 17.710 9.651 16.863
68 4 1 10.762 17.674 9.663 16.827
69 4 1 10.775 17.638 9.676 16.791
70 4 1 10.775 17.602 9.676 16.755
71 4 1 10.775 17.566 9.676 16.719
72 4 1 10.787 17.530 9.688 16.683
73 4 1 10.811 17.481 9.712 16.635
74 4 1 10.823 17.445 9.725 16.599
75 4 1 10.824 17.409 9.725 16.563
76 4 1 10.763 17.338 9.690 16.022
77 4 1 10.787 17.361 9.654 15.975
78 4 1 10.787 17.325 9.654 15.939
79 4 1 10.812 17.265 9.678 15.878
80 4 1 10.812 17.229 9.678 15.842
81 4 1 10.739 17.206 9.762 16.154
82 4 1 10.764 17.229 9.726 16.118
83 4 1 10.764 17.193 9.726 16.082
84 4 1 10.788 17.133 9.750 16.022
85 4 1 10.788 17.121 9.750 16.010
86 4 1 10.788 17.061 9.751 15.950
87 4 1 10.788 17.025 9.751 15.914
88 4 1 10.788 16.989 9.751 15.878
89 4 1 10.813 16.953 9.775 15.842
90 4 1 10.837 16.917 9.799 15.806
91 4 1 10.692 16.690 9.763 15.734
92 4 1 10.704 16.714 9.727 15.698
93 4 1 10.716 16.677 9.739 15.662
94 4 1 10.729 16.653 9.751 15.638
95 4 1 10.741 16.605 9.764 15.590
96 4 1 10.741 16.569 9.764 15.554
97 4 1 10.753 16.509 9.776 15.494
98 4 1 10.753 16.473 9.776 15.458
99 4 1 10.766 16.413 9.788 15.398
100 4 1 10.778 16.377 9.801 15.362
101 4 1 10.790 16.329 9.813 15.314
102 4 1 10.802 16.293 9.825 15.278
103 4 1 10.826 16.269 9.849 15.254
104 4 1 10.838 16.233 9.861 15.217
105 4 1 10.851 16.185 9.874 15.169
106 4 1 10.863 16.149 9.886 15.133
107 4 1 10.887 16.125 9.910 15.109
108 4 1 10.899 16.076 9.922 15.061
109 4 1 10.911 16.040 9.935 15.025
110 4 1 10.924 15.992 9.947 14.977
111 4 1 10.936 15.956 9.959 14.941
112 4 1 10.960 15.932 9.983 14.917
113 4 1 10.972 15.896 9.995 14.881
114 4 1 10.997 15.860 10.020 14.845
115 4 1 11.009 15.836 10.032 14.821
116 4 1 11.021 15.800 10.044 14.785
117 4 1 11.033 15.752 10.056 14.737
118 4 1 11.045 15.716 10.069 14.701
119 4 1 11.057 15.692 10.081 14.677
120 4 1 11.057 15.668 10.081 14.653
121 4 1 11.070 15.632 10.093 14.617
122 4 1 11.082 15.596 10.105 14.581
123 4 1 11.094 15.572 10.117 14.557
124 4 1 11.094 15.548 10.117 14.533
126 4 1 11.106 15.512 10.130 14.497
127 4 1 11.370 16.302 9.839 14.558
128 4 1 11.406 16.338 9.791 14.498
129 4 1 11.406 16.302 9.791 14.462
130 4 1 11.406 16.266 9.791 14.426
131 4 1 11.406 16.254 9.791 14.414
132 4 1 11.406 16.218 9.791 14.378
133 4 1 11.431 16.206 9.815 14.366
134 4 1 11.455 16.170 9.840 14.330
135 4 1 11.431 16.158 9.816 14.318
136 4 1 11.455 16.122 9.840 14.282
137 4 1 11.455 16.110 9.840 14.270
138 4 1 11.455 16.074 9.840 14.234
139 4 1 11.479 16.062 9.864 14.222
140 4 1 11.504 16.025 9.888 14.186
141 4 1 11.504 16.013 9.889 14.174
142 4 1 11.504 16.001 9.889 14.162
143 4 1 11.528 15.989 9.913 14.150
144 4 1 11.552 15.953 9.937 14.114
145 4 1 11.552 15.941 9.937 14.102
146 4 1 11.576 15.905 9.961 14.065
147 4 1 11.600 15.893 9.986 14.053
148 4 1 11.601 15.857 9.986 14.017
149 4 1 11.625 15.845 10.010 14.005
150 4 1 11.673 15.809 10.058 13.969
151 4 1 11.697 15.797 10.083 13.957
152 4 1 11.673 15.785 10.058 13.945
153 4 1 11.721 15.773 10.107 13.933
154 4 1 11.722 15.737 10.107 13.897
155 4 1 11.722 15.749 10.107 13.909
156 4 1 11.746 15.712 10.131 13.873
157 4 1 11.722 15.701 10.107 13.861
158 4 1 11.746 15.688 10.131 13.849
159 4 1 11.722 15.677 10.107 13.837
160 4 1 11.746 15.665 10.131 13.825
161 4 1 11.722 15.653 10.107 13.813
162 4 1 11.746 15.641 10.131 13.801
163 4 1 11.722 15.629 10.107 13.789
164 4 1 11.746 15.617 10.131 13.777
165 4 1 11.722 15.605 10.107 13.765
166 4 1 11.746 15.593 10.131 13.753
167 4 1 11.722 15.581 10.107 13.741
168 4 1 11.746 15.569 10.132 13.729
169 4 1 11.722 15.557 10.107 13.717
170 4 1 11.746 15.545 10.132 13.705
171 4 1 11.722 15.533 10.107 13.693
172 4 1 11.746 15.497 10.132 13.657
173 4 1 11.746 15.485 10.132 13.645
174 4 1 11.746 15.449 10.132 13.609
175 4 1 11.770 15.437 10.156 13.597
176 4 1 11.819 15.376 10.205 13.537
177 4 1 11.819 15.364 10.205 13.525
178 4 1 11.819 15.328 10.205 13.489
179 4 1 11.819 15.317 10.205 13.477
180 4 1 11.843 15.280 10.229 13.441
181 4 1 11.843 15.268 10.229 13.429
182 4 1 11.843 15.232 10.229 13.393
183 4 1 11.868 15.196 10.253 13.357
184 4 1 11.892 15.160 10.278 13.321
185 4 1 11.916 15.124 10.302 13.285
186 4 1 11.964 15.064 10.350 13.225
187 4 1 11.989 15.028 10.375 13.189
188 4 1 11.989 14.992 10.375 13.153
189 4 1 11.989 15.004 10.375 13.165
190 4 1 12.013 14.944 10.399 13.105
191 4 1 12.061 14.908 10.448 13.069
192 4 1 12.061 14.872 10.448 13.033
193 4 1 12.085 14.860 10.472 13.021
194 4 1 12.086 14.824 10.472 12.985
195 4 1 12.086 14.812 10.472 12.973
196 4 1 12.110 14.776 10.496 12.937
197 4 1 12.134 14.764 10.520 12.925
198 4 1 12.134 14.728 10.520 12.889
199 4 1 12.158 14.716 10.545 12.877
200 4 1 12.182 14.680 10.569 12.841
201 4 1 12.182 14.668 10.569 12.829
202 4 1 12.182 14.656 10.569 12.817
203 4 1 12.207 14.620 10.593 12.781
204 4 1 12.231 14.608 10.617 12.769
205 4 1 12.231 14.572 10.617 12.733
206 4 1 12.255 14.536 10.642 12.697
207 4 1 12.303 14.524 10.690 12.685
208 4 1 12.328 14.488 10.714 12.649
209 4 1 12.328 14.476 10.714 12.637
210 4 1 12.352 14.440 10.739 12.601
211 4 1 12.400 14.403 10.787 12.565
212 4 1 12.424 14.367 10.811 12.529
213 4 1 12.424 14.355 10.811 12.517
214 4 1 12.448 14.295 10.836 12.457
215 4 1 12.497 14.283 10.884 12.445
216 4 1 12.545 14.223 10.932 12.385
217 4 1 12.569 14.211 10.957 12.373
218 4 1 12.569 14.175 10.957 12.337
219 4 1 12.593 14.139 10.981 12.301
220 4 1 12.642 14.127 11.029 12.289
221 4 1 12.666 14.091 11.053 12.253
222 4 1 12.258 13.255 11.439 12.491
223 4 1 12.270 13.267 11.403 12.455
224 4 1 12.306 13.242 11.439 12.431
225 4 1 12.330 13.230 11.463 12.419
226 4 1 12.354 13.218 11.487 12.407
227 4 1 12.390 13.182 11.524 12.371
228 4 1 12.439 13.170 11.572 12.359
229 4 1 12.475 13.134 11.608 12.323
230 4 1 12.511 13.122 11.645 12.311
231 4 1 12.571 13.098 11.705 12.287
233 4 1 12.608 13.074 11.741 12.263
234 4 1 12.668 13.050 11.801 12.239
235 4 1 12.680 13.062 11.765 12.203
236 4 1 12.716 13.038 11.802 12.179
237 4 1 12.740 13.002 11.826 12.143
238 4 1 12.764 12.966 11.850 12.107
239 4 1 12.789 12.942 11.874 12.083
241 4 1 12.813 12.918 11.898 12.059
242 4 1 12.837 12.882 11.923 12.023
243 4 1 12.849 12.894 11.886 11.987
244 4 1 12.873 12.870 11.911 11.963
246 4 1 12.897 12.846 11.935 11.939
247 4 1 12.921 12.810 11.959 11.903
248 4 1 13.823 13.668 11.213 11.008
249 4 1 13.883 13.728 11.141 10.924
250 4 1 13.907 13.704 11.165 10.900
252 4 1 14.150 12.543 12.564 10.886
253 4 1 14.174 12.531 12.588 10.874
254 4 1 14.198 12.519 12.612 10.862
255 4 1 14.246 12.507 12.660 10.850
256 4 1 14.270 12.519 12.684 10.862
257 4 1 14.294 12.483 12.708 10.826
258 4 1 14.342 12.447 12.756 10.790
259 4 1 14.390 12.411 12.805 10.754
260 4 1 14.414 12.375 12.829 10.718
261 4 1 14.414 12.339 12.829 10.682
262 4 1 14.438 12.327 12.853 10.670
263 4 1 14.511 12.291 12.925 10.634
264 4 1 14.535 12.255 12.949 10.598
265 4 1 14.583 12.219 12.998 10.562
266 4 1 14.631 12.183 13.046 10.527
267 4 1 14.679 12.124 13.094 10.467
268 4 1 14.703 12.088 13.118 10.431
269 4 1 14.727 12.052 13.142 10.395
270 4 1 14.799 12.040 13.215 10.383
271 4 1 14.799 12.004 13.215 10.347
272 4 1 14.847 11.992 13.263 10.335
273 4 1 14.872 11.980 13.287 10.323
274 4 1 14.920 11.968 13.335 10.311
275 4 1 14.944 11.956 13.359 10.299
276 4 1 14.944 11.920 13.359 10.263
277 4 1 14.968 11.884 13.383 10.227
278 4 1 15.016 11.872 13.431 10.215
279 4 1 15.064 11.836 13.480 10.180
280 4 1 15.088 11.824 13.504 10.168
281 4 1 15.112 11.788 13.528 10.132
282 4 1 15.160 11.776 13.576 10.120
283 4 1 15.208 11.740 13.624 10.084
284 4 1 15.256 11.704 13.672 10.048
285 4 1 15.280 11.668 13.696 10.012
286 4 1 15.304 11.632 13.720 9.976
287 4 1 15.376 11.596 13.793 9.940
288 4 1 15.400 11.584 13.817 9.928
289 4 1 15.449 11.549 13.865 9.893
290 4 1 15.497 11.536 13.913 9.881
291 4 1 15.545 11.501 13.961 9.845
292 4 1 15.569 11.489 13.985 9.833
293 4 1 15.569 11.453 13.985 9.797
294 4 1 15.617 11.417 14.033 9.761
295 4 1 15.641 11.381 14.057 9.725
296 4 1 15.689 11.369 14.106 9.713
297 4 1 15.713 11.309 14.130 9.654
298 4 1 15.737 11.273 14.154 9.618
299 4 1 15.785 11.238 14.202 9.582
301 4 1 15.401 11.191 14.369 10.286
302 4 1 15.437 11.155 14.405 10.250
303 4 1 15.485 11.107 14.453 10.202
304 4 1 15.533 11.071 14.501 10.166
305 4 1 15.473 10.988 14.609 10.226
306 4 1 15.485 11.000 14.573 10.190
307 4 1 15.533 10.964 14.622 10.154
308 4 1 15.569 10.940 14.658 10.130
309 4 1 15.605 10.916 14.694 10.106
311 4 1 15.617 10.928 14.658 10.070
312 4 1 15.653 10.904 14.694 10.047
313 4 1 15.677 10.880 14.718 10.023
314 4 1 15.713 10.856 14.754 9.999
315 4 1 15.761 10.832 14.802 9.975
316 4 1 15.797 10.808 14.838 9.951
317 4 1 15.833 10.784 14.874 9.927
318 4 1 15.881 10.760 14.922 9.903
319 4 1 15.929 10.736 14.970 9.879
320 4 1 15.977 10.712 15.018 9.855
321 4 1 16.025 10.688 15.066 9.831
322 4 1 16.061 10.665 15.102 9.808
323 4 1 16.085 10.629 15.126 9.772
325 4 1 16.349 10.414 15.498 9.795
326 4 1 16.361 10.426 15.462 9.771
327 4 1 16.397 10.402 15.498 9.747
328 4 1 16.433 10.378 15.534 9.724
329 4 1 16.457 10.354 15.558 9.700
330 4 1 16.493 10.330 15.594 9.676
332 4 1 16.529 10.318 15.630 9.664
333 4 1 16.697 10.330 15.846 9.580
334 4 1 16.709 10.342 15.811 9.544
335 4 1 16.745 10.318 15.847 9.521
336 4 1 16.781 10.294 15.883 9.497
337 4 1 16.817 10.270 15.919 9.473
338 4 1 16.853 10.246 15.955 9.449
339 4 1 16.901 10.210 16.002 9.413
340 4 1 16.937 10.186 16.038 9.389
341 4 1 16.973 10.151 16.074 9.354
342 4 1 17.021 10.115 16.122 9.318
343 4 1 17.056 10.079 16.158 9.282
344 4 1 17.092 10.055 16.194 9.258
346 4 1 17.128 10.031 16.230 9.234
347 4 1 17.164 10.007 16.266 9.210
348 4 1 17.176 10.019 16.230 9.175
349 4 1 17.212 9.995 16.266 9.151
350 4 1 17.236 9.972 16.290 9.127
351 4 1 17.272 9.948 16.326 9.103
352 4 1 17.308 9.924 16.362 9.079
353 4 1 17.344 9.912 16.398 9.067
354 4 1 17.392 9.876 16.446 9.032
355 4 1 17.428 9.852 16.482 9.008
356 4 1 17.476 9.816 16.530 8.972
357 4 1 17.512 9.793 16.566 8.948
358 4 1 17.559 9.769 16.614 8.924
359 4 1 17.595 9.733 16.650 8.889
361 4 1 17.631 9.709 16.686 8.865
362 4 1 17.679 9.685 16.734 8.841
363 4 1 17.631 9.412 16.830 8.781
364 4 1 17.643 9.423 16.794 8.757
365 4 1 17.679 9.400 16.830 8.734
366 4 1 17.715 9.388 16.866 8.722
367 4 1 17.751 9.364 16.902 8.698
368 4 1 17.787 9.340 16.938 8.674
369 4 1 17.823 9.328 16.974 8.662
370 4 1 17.859 9.304 17.009 8.638
371 4 1 17.907 9.292 17.057 8.626
372 4 1 17.943 9.268 17.093 8.603
373 4 1 18.062 9.435 17.153 8.519
374 4 1 18.074 9.447 17.117 8.484
375 4 1 18.110 9.423 17.153 8.460
376 4 1 18.158 9.399 17.201 8.436
377 4 1 18.206 9.363 17.249 8.400
378 4 1 18.241 9.328 17.285 8.365
379 4 1 18.265 9.292 17.309 8.329
380 4 1 18.301 9.268 17.345 8.305
382 4 1 18.349 9.244 17.393 8.281
383 4 1 18.385 9.220 17.429 8.257
384 4 1 18.409 9.197 17.453 8.234
385 4 1 18.457 9.030 17.572 8.412
386 4 1 18.469 9.042 17.536 8.388
387 4 1 18.505 9.030 17.572 8.376
388 4 1 18.540 8.994 17.608 8.341
389 4 1 18.564 8.982 17.632 8.329
390 4 1 18.600 8.959 17.668 8.305
391 4 1 18.648 8.935 17.716 8.281
392 4 1 18.696 8.911 17.764 8.257
393 4 1 18.732 8.887 17.799 8.233
394 4 1 18.767 8.863 17.835 8.210
395 4 1 18.827 8.839 17.895 8.186
396 4 1 18.863 8.816 17.931 8.162
397 4 1 18.911 8.792 17.979 8.138
398 4 1 18.959 8.768 18.027 8.114
399 4 1 18.994 8.744 18.062 8.091
400 4 1 19.018 8.732 18.086 8.079
401 4 1 19.054 8.720 18.122 8.067
402 4 1 19.102 8.697 18.170 8.043
404 4 1 19.138 8.673 18.206 8.019
405 4 1 19.162 8.661 18.230 8.007
406 4 1 19.197 8.661 18.266 8.007
407 4 1 19.245 8.649 18.314 7.996
408 4 1 19.448 8.566 18.481 7.865
409 4 1 19.472 8.578 18.445 7.829
410 4 1 19.508 8.566 18.481 7.817
411 4 1 19.544 8.554 18.517 7.805
412 4 1 19.591 8.542 18.564 7.793
413 4 1 19.627 8.518 18.600 7.770
414 4 1 19.675 8.506 18.648 7.758
415 4 1 19.723 8.482 18.696 7.734
416 4 1 19.770 8.459 18.744 7.710
417 4 1 19.806 8.435 18.780 7.686
418 4 1 19.842 8.411 18.815 7.663
419 4 1 19.878 8.399 18.851 7.651
420 4 1 19.913 8.375 18.887 7.627
421 4 1 19.937 8.352 18.911 7.603
422 4 1 19.973 8.340 18.947 7.591
423 4 1 20.009 8.316 18.983 7.568
424 4 1 20.033 8.304 19.006 7.556
425 4 1 20.069 8.292 19.042 7.544
426 4 1 20.092 8.268 19.066 7.520
427 4 1 20.128 8.245 19.102 7.496
428 4 1 20.164 8.233 19.138 7.485
429 4 1 20.200 8.209 19.174 7.461
430 4 1 20.235 8.197 19.209 7.449
431 4 1 20.271 8.173 19.245 7.425
432 4 1 20.319 8.150 19.293 7.401
433 4 1 20.355 8.138 19.329 7.390
434 4 1 20.402 8.114 19.376 7.366
435 4 1 20.450 8.102 19.424 7.354
436 4 1 20.486 8.078 19.460 7.330
437 4 1 20.522 8.066 19.496 7.318
438 4 1 20.557 8.043 19.532 7.295
439 4 1 20.593 8.031 19.567 7.283
440 4 1 20.629 8.007 19.603 7.259
441 4 1 20.664 7.995 19.639 7.247
442 4 1 20.700 7.983 19.675 7.235
443 4 1 20.724 7.971 19.699 7.223
444 4 1 20.760 7.960 19.734 7.212
445 4 1 20.796 7.948 19.770 7.200
446 4 1 20.831 7.936 19.806 7.188
447 4 1 20.867 7.924 19.842 7.176
448 4 1 20.903 7.912 19.877 7.164
449 4 1 20.938 7.888 19.913 7.140
450 4 1 20.974 7.876 19.949 7.129
451 4 1 21.022 7.853 19.997 7.105
452 4 1 21.058 7.841 20.032 7.093
453 4 1 21.105 7.817 20.080 7.069
454 4 1 21.141 7.793 20.116 7.046
456 4 1 21.177 7.782 20.152 7.034
457 4 1 21.212 7.770 20.187 7.022
458 4 1 21.260 7.758 20.235 7.010
459 4 1 21.296 7.746 20.271 6.998
460 4 1 21.331 7.734 20.307 6.986
461 4 1 21.617 7.687 20.402 6.251
462 4 1 21.641 7.722 20.354 6.203
463 4 1 21.677 7.722 20.390 6.203
464 4 1 21.688 7.698 20.402 6.180
465 4 1 21.748 7.698 20.461 6.180
466 4 1 21.760 7.675 20.473 6.156
467 4 1 21.819 7.675 20.533 6.156
468 4 1 21.855 7.675 20.568 6.156
469 4 1 21.891 7.675 20.604 6.156
470 4 1 21.926 7.651 20.640 6.132
471 4 1 21.986 7.651 20.699 6.132
472 4 1 22.022 7.651 20.735 6.132
473 4 1 22.057 7.627 20.771 6.109
474 4 1 22.093 7.627 20.807 6.109
475 4 1 22.152 7.627 20.866 6.109
476 4 1 22.164 7.604 20.878 6.085
477 4 1 22.200 7.580 20.914 6.062
478 4 1 22.236 7.580 20.949 6.062
479 4 1 22.271 7.556 20.985 6.038
480 4 1 22.283 7.532 20.997 6.014
481 4 1 22.319 7.532 21.033 6.014
482 4 1 22.331 7.509 21.045 5.991
483 4 1 22.366 7.485 21.080 5.967
484 4 1 22.402 7.485 21.116 5.967
485 4 1 22.438 7.461 21.152 5.943
486 4 1 22.450 7.438 21.164 5.920
487 4 1 22.485 7.438 21.199 5.920
488 4 1 22.521 7.438 21.235 5.920
489 4 1 22.556 7.414 21.271 5.896
490 4 1 22.592 7.414 21.306 5.896
491 4 1 22.628 7.390 21.342 5.872
492 4 1 22.663 7.390 21.378 5.872
493 4 1 22.699 7.367 21.413 5.849
494 4 1 22.735 7.367 21.449 5.849
495 4 1 22.770 7.343 21.485 5.825
496 4 1 22.782 7.343 21.497 5.825
497 4 1 22.818 7.343 21.532 5.825
498 4 1 22.854 7.343 21.568 5.825
499 4 1 22.865 7.319 21.580 5.802
500 4 1 22.877 7.319 21.592 5.802
501 4 1 22.913 7.296 21.628 5.778
502 4 1 22.925 7.296 21.639 5.778
503 4 1 22.960 7.272 21.675 5.754
504 4 1 22.996 7.272 21.711 5.754
505 4 1 23.032 7.248 21.746 5.731
506 4 1 23.044 7.248 21.758 5.731
507 4 1 23.079 7.248 21.794 5.731
508 4 1 23.115 7.225 21.830 5.707
509 4 1 23.150 7.225 21.865 5.707
510 4 1 23.186 7.225 21.901 5.707
511 4 1 23.222 7.201 21.937 5.683
512 4 1 23.234 7.201 21.949 5.683
513 4 1 23.293 7.177 22.008 5.660
514 4 1 23.305 7.177 22.020 5.660
515 4 1 23.340 7.154 22.056 5.636
516 4 1 23.352 7.130 22.067 5.613
517 4 1 23.388 7.130 22.103 5.613
518 4 1 23.400 7.106 22.115 5.589
519 4 1 23.435 7.082 22.151 5.565
520 4 1 23.447 7.082 22.162 5.565
521 4 1 23.483 7.059 22.198 5.542
522 4 1 23.495 7.035 22.210 5.518
523 4 1 23.530 7.035 22.246 5.518
524 4 1 23.542 7.011 22.257 5.494
525 4 1 23.578 6.988 22.293 5.471
526 4 1 23.589 6.964 22.305 5.447
527 4 1 23.625 6.964 22.341 5.447
528 4 1 23.637 6.940 22.352 5.423
529 4 1 23.672 6.917 22.388 5.400
530 4 1 23.684 6.917 22.400 5.400
531 4 1 23.720 6.893 22.436 5.376
532 4 1 23.732 6.869 22.447 5.353
533 4 1 23.767 6.846 22.483 5.329
534 4 1 23.803 6.822 22.519 5.305
535 4 1 23.838 6.798 22.554 5.282
536 4 1 23.850 6.775 22.566 5.258
537 4 1 23.886 6.751 22.602 5.234
538 4 1 23.898 6.727 22.614 5.211
539 4 1 23.933 6.727 22.649 5.211
540 4 1 23.945 6.704 22.661 5.187
541 4 1 23.981 6.680 22.697 5.164
542 4 1 23.993 6.680 22.709 5.164
543 4 1 24.004 6.656 22.720 5.140
544 4 1 24.016 6.633 22.732 5.116
545 4 1 24.052 6.633 22.768 5.116
546 4 1 24.064 6.609 22.780 5.093
547 4 1 24.099 6.586 22.815 5.069
548 4 1 24.111 6.562 22.827 5.045
549 4 1 24.147 6.562 22.863 5.045
550 4 1 24.158 6.538 22.875 5.022
551 4 1 24.170 6.538 22.887 5.022
552 4 1 24.182 6.515 22.898 4.998
553 4 1 24.218 6.491 22.934 4.975
554 4 1 24.229 6.491 22.946 4.975
555 4 1 24.241 6.467 22.958 4.951
556 4 1 24.277 6.467 22.993 4.951
557 4 1 24.312 6.444 23.029 4.927
558 4 1 24.324 6.420 23.041 4.904
559 4 1 24.336 6.396 23.053 4.880
560 4 1 24.348 6.373 23.064 4.856
561 4 1 24.360 6.373 23.076 4.856
562 4 1 24.372 6.349 23.088 4.833
563 4 1 24.383 6.349 23.100 4.833
564 4 1 24.372 6.325 23.088 4.809
565 4 1 24.383 6.325 23.100 4.809
566 4 1 24.372 6.302 23.088 4.785
567 4 1 24.383 6.302 23.100 4.786
300 4 1 15.377 11.179 14.405 10.321
0 1 2 34.301 5.053 32.351 4.014
1 1 2 34.360 5.088 32.316 4.002
2 1 2 34.266 5.088 32.222 4.002
3 1 2 34.149 5.111 32.104 4.025
4 1 2 34.055 5.111 32.010 4.025
5 1 2 33.938 5.134 31.893 4.048
6 1 2 33.821 5.134 31.776 4.048
7 1 2 33.704 5.157 31.658 4.071
8 1 2 33.587 5.181 31.541 4.095
9 1 2 33.470 5.180 31.424 4.094
10 1 2 33.353 5.204 31.306 4.118
11 1 2 33.235 5.204 31.189 4.117
12 1 2 33.118 5.227 31.071 4.141
13 1 2 32.977 5.250 30.930 4.164
14 1 2 32.860 5.250 30.813 4.164
15 1 2 32.743 5.273 30.695 4.187
16 1 2 32.602 5.297 30.554 4.210
17 1 2 32.485 5.320 30.437 4.233
18 1 2 32.368 5.344 30.319 4.257
19 1 2 32.227 5.367 30.178 4.280
20 1 2 32.086 5.390 30.037 4.303
21 1 2 31.969 5.390 29.919 4.303
22 1 2 31.828 5.413 29.778 4.326
23 1 2 31.687 5.437 29.637 4.350
24 1 2 31.546 5.460 29.495 4.373
25 1 2 31.405 5.460 29.354 4.373
26 1 2 31.264 5.483 29.213 4.396
27 1 2 31.123 5.507 29.072 4.419
28 1 2 30.982 5.506 28.930 4.419
29 1 2 30.841 5.530 28.789 4.442
30 1 2 30.700 5.553 28.647 4.465
31 1 2 30.559 5.576 28.506 4.489
32 1 2 30.418 5.600 28.365 4.512
33 1 2 30.277 5.647 28.223 4.559
34 1 2 30.135 5.670 28.082 4.582
35 1 2 29.971 5.694 27.917 4.605
36 1 2 29.829 5.717 27.775 4.629
37 1 2 29.688 5.764 27.633 4.676
38 1 2 29.523 5.787 27.468 4.699
39 1 2 29.382 5.811 27.327 4.722
40 1 2 29.217 5.834 27.161 4.746
41 1 2 29.076 5.881 27.020 4.793
42 1 2 28.911 5.905 26.854 4.816
43 1 2 28.770 5.952 26.713 4.863
44 1 2 28.605 5.999 26.547 4.910
45 1 2 28.439 6.022 26.382 4.933
46 1 2 28.274 6.069 26.216 4.980
47 1 2 28.109 6.093 26.051 5.003
48 1 2 27.968 6.140 25.909 5.050
49 1 2 27.803 6.187 25.743 5.097
50 1 2 27.637 6.234 25.578 5.144
51 1 2 27.472 6.281 25.412 5.191
52 1 2 27.307 6.328 25.247 5.238
53 1 2 27.165 6.375 25.105 5.286
54 1 2 27.000 6.446 24.939 5.356
55 1 2 26.835 6.493 24.773 5.403
56 1 2 26.669 6.564 24.607 5.474
57 1 2 26.504 6.611 24.441 5.521
58 1 2 26.338 6.682 24.276 5.592
59 1 2 26.173 6.729 24.110 5.639
60 1 2 26.007 6.800 23.944 5.710
61 1 2 25.842 6.871 23.778 5.780
62 1 2 25.700 6.941 23.635 5.851
63 1 2 25.534 7.012 23.469 5.922
64 1 2 25.368 7.083 23.303 5.993
65 1 2 25.203 7.154 23.137 6.064
66 1 2 25.037 7.225 22.971 6.135
67 1 2 24.871 7.296 22.805 6.206
68 1 2 24.729 7.391 22.662 6.300
69 1 2 24.563 7.462 22.496 6.371
70 1 2 24.397 7.533 22.330 6.442
71 1 2 24.231 7.604 22.163 6.513
72 1 2 24.065 7.699 21.997 6.608
73 1 2 23.923 7.770 21.854 6.679
74 1 2 23.757 7.864 21.688 6.773
75 1 2 23.614 7.959 21.545 6.868
76 1 2 23.448 8.030 21.378 6.939
77 1 2 23.306 8.125 21.236 7.034
78 1 2 23.140 8.196 21.069 7.105
79 1 2 22.997 8.291 20.926 7.200
80 1 2 22.831 8.386 20.759 7.295
81 1 2 22.665 8.481 20.593 7.390
82 1 2 22.522 8.576 20.450 7.485
83 1 2 22.356 8.647 20.283 7.556
84 1 2 22.189 8.742 20.116 7.651
85 1 2 22.023 8.837 19.949 7.746
86 1 2 21.880 8.932 19.806 7.841
87 1 2 21.713 9.028 19.639 7.936
88 1 2 21.570 9.123 19.496 8.031
89 1 2 21.404 9.218 19.329 8.126
90 1 2 21.237 9.313 19.162 8.221
91 1 2 21.094 9.408 19.018 8.316
92 1 2 20.927 9.527 18.851 8.435
93 1 2 20.784 9.622 18.708 8.530
94 1 2 20.618 9.717 18.540 8.626
95 1 2 20.475 9.813 18.397 8.721
96 1 2 20.331 9.908 18.254 8.816
97 1 2 20.188 10.027 18.110 8.935
98 1 2 20.021 10.122 17.943 9.030
99 1 2 19.878 10.242 17.799 9.150
100 1 2 19.735 10.337 17.655 9.245
101 1 2 19.592 10.432 17.512 9.340
102 1 2 19.448 10.552 17.368 9.459
103 1 2 19.281 10.647 17.200 9.555
104 1 2 19.138 10.766 17.057 9.674
105 1 2 18.994 10.886 16.913 9.793
106 1 2 18.851 10.981 16.769 9.889
107 1 2 18.707 11.100 16.625 10.008
108 1 2 18.564 11.220 16.481 10.128
109 1 2 18.420 11.315 16.337 10.223
110 1 2 18.253 11.411 16.170 10.319
111 1 2 18.109 11.507 16.026 10.414
112 1 2 17.966 11.602 15.882 10.510
113 1 2 17.798 11.698 15.714 10.606
114 1 2 17.654 11.794 15.569 10.701
115 1 2 17.343 11.854 15.941 10.748
116 1 2 17.367 11.878 15.893 10.713
117 1 2 17.223 11.950 15.749 10.784
118 1 2 17.079 12.046 15.605 10.880
119 1 2 16.911 12.118 15.437 10.952
120 1 2 16.744 12.190 15.269 11.024
121 1 2 16.576 12.262 15.101 11.096
122 1 2 16.408 12.334 14.933 11.168
123 1 2 16.240 12.406 14.764 11.240
124 1 2 16.072 12.478 14.596 11.312
125 1 2 16.108 12.442 14.199 11.551
126 1 2 16.144 12.454 14.127 11.516
127 1 2 15.976 12.502 13.959 11.564
128 1 2 15.808 12.550 13.790 11.612
129 1 2 15.615 12.622 13.597 11.684
130 1 2 15.315 12.647 13.188 11.841
131 1 2 15.363 12.659 13.128 11.805
132 1 2 15.195 12.695 12.959 11.841
133 1 2 15.027 12.756 12.790 11.901
134 1 2 14.834 12.816 12.598 11.962
135 1 2 14.245 12.949 12.381 11.998
136 1 2 14.281 12.973 12.320 11.962
137 1 2 14.113 13.033 12.152 12.023
138 1 2 13.968 13.070 12.007 12.059
139 1 2 13.776 13.154 11.814 12.143
140 1 2 13.306 13.311 11.500 12.419
141 1 2 13.342 13.323 11.439 12.383
142 1 2 13.185 13.371 11.282 12.432
143 1 2 13.005 13.444 11.101 12.504
144 1 2 12.824 13.516 10.920 12.576
145 1 2 12.643 13.588 10.738 12.649
146 1 2 12.486 13.661 10.581 12.721
147 1 2 12.329 13.733 10.424 12.793
148 1 2 12.172 13.806 10.267 12.866
149 1 2 11.991 13.902 10.085 12.962
150 1 2 11.206 14.037 9.795 13.155
151 1 2 11.230 14.049 9.746 13.119
152 1 2 11.085 14.133 9.601 13.204
153 1 2 10.940 14.242 9.455 13.312
154 1 2 10.795 14.350 9.310 13.420
155 1 2 10.649 14.458 9.164 13.529
156 1 2 10.504 14.567 9.019 13.637
157 1 2 10.359 14.675 8.873 13.746
158 1 2 10.238 14.784 8.752 13.854
159 1 2 10.092 14.916 8.606 13.987
160 1 2 9.971 15.049 8.484 14.119
161 1 2 9.849 15.182 8.363 14.252
162 1 2 9.728 15.314 8.241 14.384
163 1 2 9.607 15.447 8.120 14.517
164 1 2 9.485 15.579 7.998 14.649
165 1 2 9.351 15.952 7.875 15.034
166 1 2 9.387 15.964 7.827 14.998
167 1 2 9.302 16.084 7.742 15.119
168 1 2 9.217 16.229 7.656 15.263
169 1 2 9.108 16.374 7.547 15.408
170 1 2 9.047 16.518 7.486 15.553
171 1 2 8.937 16.687 7.376 15.721
172 1 2 8.876 16.832 7.315 15.866
173 1 2 8.791 17.000 7.229 16.035
174 1 2 8.730 17.145 7.168 16.179
175 1 2 8.644 17.314 7.082 16.348
176 1 2 8.583 17.482 7.021 16.517
177 1 2 8.522 17.627 6.960 16.662
178 1 2 8.485 17.796 6.923 16.830
179 1 2 8.400 17.965 6.837 16.999
180 1 2 8.363 18.133 6.800 17.168
181 1 2 8.302 18.302 6.738 17.337
182 1 2 8.265 18.471 6.701 17.506
183 1 2 8.228 18.640 6.664 17.674
184 1 2 8.191 18.808 6.627 17.843
185 1 2 8.154 18.977 6.590 18.012
186 1 2 8.141 19.146 6.577 18.181
187 1 2 8.104 19.315 6.540 18.349
188 1 2 8.091 19.483 6.527 18.518
189 1 2 8.054 19.652 6.490 18.687
190 1 2 8.042 19.821 6.478 18.856
191 1 2 8.005 19.990 6.440 19.025
192 1 2 8.016 20.158 6.452 19.194
193 1 2 8.004 20.327 6.439 19.362
194 1 2 7.991 20.496 6.426 19.531
195 1 2 7.758 21.076 6.595 20.036
196 1 2 7.783 21.100 6.559 20.000
197 1 2 7.794 21.245 6.570 20.145
198 1 2 7.781 21.414 6.557 20.314
199 1 2 7.793 21.607 6.569 20.507
200 1 2 7.608 22.441 6.752 20.312
201 1 2 7.620 22.489 6.716 20.252
202 1 2 7.644 22.657 6.739 20.421
203 1 2 7.643 22.826 6.739 20.590
204 1 2 7.667 22.995 6.763 20.759
205 1 2 7.752 23.006 6.726 20.867
206 1 2 7.776 23.054 6.689 20.807
207 1 2 7.800 23.211 6.713 20.964
208 1 2 7.799 23.392 6.712 21.145
209 1 2 7.823 23.573 6.736 21.326
210 1 2 7.956 23.934 6.953 21.879
211 1 2 7.980 23.982 6.917 21.819
212 1 2 8.003 24.151 6.941 21.988
213 1 2 8.027 24.344 6.964 22.181
214 1 2 8.075 24.513 7.012 22.349
215 1 2 8.123 24.657 7.060 22.494
216 1 2 8.171 24.826 7.109 22.662
217 1 2 8.219 25.018 7.156 22.855
218 1 2 8.268 25.187 7.205 23.024
219 1 2 8.316 25.332 7.253 23.168
220 1 2 8.364 25.500 7.301 23.337
221 1 2 8.412 25.693 7.349 23.529
222 1 2 8.460 25.862 7.397 23.698
223 1 2 8.508 26.006 7.445 23.842
224 1 2 8.556 26.175 7.493 24.011
225 1 2 8.629 26.343 7.566 24.179
226 1 2 8.653 26.488 7.589 24.324
227 1 2 8.725 26.656 7.662 24.493
228 1 2 8.773 26.849 7.710 24.685
229 1 2 8.821 27.018 7.758 24.854
230 1 2 8.894 27.162 7.830 24.998
231 1 2 8.966 27.306 7.903 25.143
232 1 2 9.014 27.463 7.951 25.299
233 1 2 9.087 27.462 8.023 25.492
234 1 2 9.160 27.461 8.096 25.660
235 1 2 9.209 27.461 8.144 25.793
236 1 2 9.257 27.448 8.192 25.985
237 1 2 9.306 27.448 8.240 26.154
238 1 2 9.379 27.447 8.313 26.335
240 1 2 9.403 27.446 8.276 26.287
241 1 2 9.464 27.446 8.337 26.407
242 1 2 9.525 27.433 8.397 26.576
244 1 2 9.549 27.433 8.361 26.528
245 1 2 9.573 27.432 8.385 26.564
246 1 2 9.549 27.433 8.361 26.528
247 1 2 9.549 27.433 8.361 26.540
248 1 2 9.549 27.433 8.361 26.528
249 1 2 9.549 27.433 8.361 26.540
250 1 2 9.549 27.433 8.361 26.528
251 1 2 9.549 27.433 8.361 26.540
252 1 2 9.549 27.433 8.361 26.552
253 1 2 9.549 27.433 8.360 26.564
254 1 2 9.549 27.433 8.361 26.552
255 1 2 9.549 27.433 8.360 26.564
256 1 2 9.549 27.433 8.361 26.552
257 1 2 9.549 27.433 8.360 26.564
258 1 2 9.549 27.433 8.361 26.552
259 1 2 9.549 27.433 8.360 26.564
260 1 2 9.549 27.433 8.360 26.576
261 1 2 9.549 27.433 8.360 26.588
262 1 2 9.549 27.433 8.360 26.576
263 1 2 9.549 27.433 8.360 26.588
264 1 2 9.549 27.433 8.360 26.576
265 1 2 9.549 27.433 8.360 26.588
266 1 2 9.549 27.433 8.360 26.576
267 1 2 9.549 27.433 8.360 26.588
268 1 2 9.549 27.433 8.360 26.576
269 1 2 9.549 27.433 8.360 26.588
270 1 2 9.549 27.433 8.360 26.600
271 1 2 9.549 27.433 8.360 26.612
272 1 2 9.549 27.433 8.360 26.600
273 1 2 9.549 27.433 8.360 26.612
274 1 2 9.549 27.433 8.360 26.600
275 1 2 9.549 27.433 8.360 26.612
276 1 2 9.525 27.433 8.336 26.600
277 1 2 9.525 27.433 8.336 26.612
278 1 2 9.525 27.433 8.336 26.600
279 1 2 9.525 27.433 8.336 26.612
280 1 2 9.525 27.433 8.336 26.600
281 1 2 9.525 27.433 8.336 26.612
282 1 2 9.525 27.433 8.336 26.600
283 1 2 9.525 27.433 8.336 26.612
284 1 2 9.525 27.433 8.336 26.600
285 1 2 9.525 27.433 8.336 26.612
286 1 2 9.525 27.433 8.336 26.600
287 1 2 9.525 27.433 8.336 26.612
288 1 2 9.525 27.433 8.336 26.625
289 1 2 9.525 27.433 8.336 26.661
291 1 2 9.549 27.420 8.298 26.976
292 1 2 9.476 27.421 8.225 27.097
293 1 2 9.452 27.434 8.079 27.232
294 1 2 9.452 27.434 8.079 27.232
