0 0 1 22.859 6.137 22.149 5.466
1 0 1 22.882 6.161 22.138 5.466
2 0 1 22.918 6.149 22.173 5.454
3 0 1 22.954 6.126 22.209 5.431
4 0 1 22.978 6.114 22.233 5.419
5 0 1 23.014 6.091 22.269 5.396
6 0 1 23.050 6.067 22.305 5.372
7 0 1 23.097 6.044 22.353 5.349
8 0 1 23.133 6.020 22.389 5.325
9 0 1 23.169 6.009 22.424 5.314
10 0 1 23.205 5.985 22.460 5.290
11 0 1 23.229 5.962 22.484 5.267
12 0 1 23.253 5.938 22.508 5.243
13 0 1 23.288 5.915 22.544 5.220
14 0 1 23.312 5.891 22.568 5.196
15 0 1 23.348 5.880 22.604 5.185
17 0 1 23.360 5.892 22.568 5.161
18 0 1 23.384 5.880 22.592 5.149
19 0 1 23.420 5.845 22.628 5.114
20 0 1 23.444 5.833 22.652 5.102
21 0 1 23.479 5.810 22.688 5.079
22 0 1 23.503 5.786 22.712 5.055
23 0 1 23.539 5.775 22.747 5.044
24 0 1 23.575 5.763 22.783 5.032
25 0 1 23.599 5.740 22.807 5.009
26 0 1 23.635 5.728 22.843 4.997
27 0 1 23.658 5.728 22.867 4.997
28 0 1 23.694 5.729 22.902 4.998
29 0 1 23.718 5.729 22.926 4.998
30 0 1 23.837 5.623 23.105 4.928
31 0 1 23.849 5.635 23.070 4.904
32 0 1 23.873 5.623 23.093 4.893
33 0 1 23.897 5.600 23.117 4.869
34 0 1 23.921 5.588 23.141 4.857
35 0 1 23.944 5.588 23.165 4.858
36 0 1 23.956 5.577 23.177 4.846
37 0 1 23.968 5.565 23.189 4.834
38 0 1 23.992 5.577 23.213 4.846
39 0 1 24.004 5.565 23.225 4.834
41 0 1 24.016 5.577 23.189 4.799
42 0 1 24.016 5.577 23.189 4.799
43 0 1 24.028 5.577 23.201 4.799
44 0 1 24.028 5.577 23.201 4.799
45 0 1 24.040 5.565 23.213 4.787
46 0 1 24.063 5.566 23.237 4.787
47 0 1 24.063 5.566 23.237 4.787
48 0 1 24.075 5.566 23.249 4.787
49 0 1 24.063 5.578 23.237 4.799
50 0 1 24.063 5.578 23.237 4.799
51 0 1 24.063 5.578 23.237 4.799
52 0 1 24.051 5.589 23.225 4.811
53 0 1 24.027 5.601 23.201 4.822
54 0 1 24.016 5.613 23.189 4.834
55 0 1 24.004 5.624 23.177 4.846
56 0 1 23.980 5.648 23.153 4.869
57 0 1 23.956 5.672 23.129 4.893
58 0 1 23.932 5.695 23.105 4.916
59 0 1 23.908 5.719 23.081 4.940
60 0 1 24.061 5.862 23.270 5.120
61 0 1 24.073 5.874 23.235 5.084
62 0 1 24.049 5.898 23.211 5.107
63 0 1 24.025 5.933 23.187 5.143
64 0 1 24.001 5.957 23.163 5.166
65 0 1 23.977 5.980 23.139 5.190
66 0 1 23.953 6.016 23.115 5.225
67 0 1 23.929 6.051 23.091 5.260
68 0 1 23.894 6.074 23.055 5.284
69 0 1 23.870 6.110 23.031 5.319
70 0 1 23.846 6.145 23.007 5.355
71 0 1 23.810 6.181 22.971 5.390
72 0 1 23.786 6.216 22.947 5.425
73 0 1 23.750 6.239 22.911 5.449
74 0 1 23.726 6.275 22.887 5.484
75 0 1 23.690 6.322 22.851 5.531
76 0 1 23.666 6.369 22.827 5.579
77 0 1 23.630 6.405 22.791 5.614
78 0 1 23.606 6.440 22.767 5.649
79 0 1 23.570 6.499 22.731 5.708
80 0 1 23.534 6.522 22.695 5.732
81 0 1 23.498 6.558 22.659 5.767
82 0 1 23.462 6.605 22.623 5.814
83 0 1 23.426 6.640 22.587 5.850
84 0 1 23.390 6.652 22.551 5.861
85 0 1 23.355 6.687 22.515 5.896
86 0 1 23.319 6.711 22.480 5.920
87 0 1 23.271 6.734 22.432 5.943
88 0 1 23.235 6.757 22.396 5.967
89 0 1 23.187 6.781 22.348 5.990
90 0 1 23.151 6.935 22.004 5.868
91 0 1 23.174 6.959 21.968 5.832
92 0 1 23.127 6.982 21.920 5.856
93 0 1 23.079 7.029 21.872 5.903
94 0 1 23.031 7.053 21.825 5.926
95 0 1 22.983 7.052 21.777 5.926
96 0 1 22.936 7.076 21.729 5.949
97 0 1 22.888 7.123 21.681 5.996
98 0 1 22.840 7.146 21.633 6.020
99 0 1 22.816 7.170 21.609 6.043
100 0 1 22.744 7.217 21.538 6.090
101 0 1 22.720 7.240 21.514 6.114
102 0 1 22.673 7.240 21.466 6.113
103 0 1 22.649 7.264 21.442 6.137
104 0 1 22.624 7.311 21.418 6.184
105 0 1 22.577 7.334 21.370 6.207
106 0 1 22.553 7.358 21.346 6.231
107 0 1 22.529 7.405 21.322 6.278
108 0 1 22.481 7.429 21.274 6.302
109 0 1 22.433 7.452 21.226 6.325
110 0 1 22.385 7.499 21.178 6.372
111 0 1 22.337 7.546 21.130 6.419
112 0 1 22.289 7.570 21.082 6.443
113 0 1 22.265 7.593 21.058 6.466
114 0 1 22.241 7.641 21.034 6.514
115 0 1 22.193 7.664 20.986 6.537
116 0 1 22.146 7.688 20.938 6.560
117 0 1 22.098 7.735 20.890 6.608
118 0 1 22.074 7.758 20.866 6.631
119 0 1 22.050 7.758 20.842 6.631
120 0 1 21.838 7.388 21.127 6.764
121 0 1 21.850 7.400 21.092 6.740
122 0 1 21.814 7.424 21.056 6.764
123 0 1 21.754 7.447 20.996 6.787
124 0 1 21.718 7.470 20.960 6.810
125 0 1 21.658 7.494 20.900 6.834
126 0 1 21.634 7.517 20.876 6.857
127 0 1 21.587 7.541 20.828 6.881
128 0 1 21.539 7.564 20.780 6.904
129 0 1 21.491 7.588 20.733 6.927
130 0 1 21.443 7.611 20.685 6.951
131 0 1 21.407 7.646 20.649 6.986
132 0 1 21.359 7.682 20.601 7.022
133 0 1 21.323 7.693 20.565 7.033
134 0 1 21.299 7.729 20.541 7.069
135 0 1 21.263 7.740 20.505 7.080
136 0 1 21.215 7.788 20.457 7.127
137 0 1 21.179 7.811 20.421 7.151
138 0 1 21.155 7.847 20.397 7.187
139 0 1 21.119 7.882 20.361 7.222
140 0 1 21.071 7.929 20.312 7.269
141 0 1 21.035 7.965 20.276 7.305
142 0 1 21.011 7.988 20.252 7.328
143 0 1 20.975 8.036 20.216 7.375
144 0 1 20.939 8.071 20.180 7.411
145 0 1 20.915 8.119 20.156 7.458
146 0 1 20.879 8.154 20.120 7.494
147 0 1 20.831 8.166 20.072 7.505
148 0 1 20.795 8.213 20.036 7.553
149 0 1 20.771 8.236 20.012 7.576
150 0 1 20.663 8.319 20.059 7.636
151 0 1 20.674 8.331 20.035 7.612
152 0 1 20.638 8.355 19.999 7.636
153 0 1 20.602 8.378 19.963 7.659
154 0 1 20.566 8.402 19.927 7.683
155 0 1 20.518 8.437 19.879 7.718
156 0 1 20.470 8.460 19.831 7.742
157 0 1 20.423 8.484 19.783 7.765
158 0 1 20.387 8.508 19.747 7.789
159 0 1 20.339 8.531 19.699 7.812
160 0 1 20.291 8.554 19.651 7.835
161 0 1 20.255 8.578 19.615 7.859
162 0 1 20.207 8.602 19.567 7.882
163 0 1 20.171 8.625 19.531 7.906
164 0 1 20.135 8.649 19.495 7.930
165 0 1 20.099 8.672 19.459 7.953
166 0 1 20.063 8.696 19.423 7.977
167 0 1 20.039 8.731 19.399 8.012
168 0 1 20.003 8.755 19.363 8.036
169 0 1 19.966 8.790 19.327 8.071
170 0 1 19.930 8.814 19.291 8.095
171 0 1 19.894 8.849 19.255 8.130
172 0 1 19.858 8.885 19.219 8.166
173 0 1 19.810 8.908 19.171 8.189
174 0 1 19.774 8.944 19.134 8.225
175 0 1 19.726 8.979 19.086 8.260
176 0 1 19.690 9.015 19.050 8.296
177 0 1 19.642 9.050 19.002 8.331
178 0 1 19.606 9.074 18.966 8.354
179 0 1 19.570 9.109 18.930 8.390
180 0 1 19.462 9.180 18.833 8.497
181 0 1 19.473 9.192 18.810 8.473
182 0 1 19.425 9.216 18.762 8.496
183 0 1 19.377 9.239 18.714 8.519
184 0 1 19.341 9.263 18.677 8.543
185 0 1 19.293 9.274 18.629 8.555
186 0 1 19.245 9.298 18.581 8.578
187 0 1 19.197 9.321 18.533 8.602
188 0 1 19.149 9.345 18.485 8.625
189 0 1 19.089 9.368 18.425 8.649
190 0 1 19.041 9.392 18.377 8.672
191 0 1 18.993 9.415 18.329 8.696
192 0 1 18.945 9.427 18.281 8.707
193 0 1 18.897 9.450 18.233 8.731
194 0 1 18.850 9.462 18.185 8.742
195 0 1 18.801 9.486 18.137 8.766
196 0 1 18.765 9.509 18.101 8.789
197 0 1 18.729 9.533 18.065 8.813
198 0 1 18.681 9.556 18.017 8.836
199 0 1 18.645 9.568 17.981 8.848
200 0 1 18.609 9.592 17.945 8.872
201 0 1 18.573 9.615 17.909 8.895
202 0 1 18.525 9.639 17.861 8.919
203 0 1 18.489 9.662 17.824 8.942
204 0 1 18.453 9.698 17.788 8.978
205 0 1 18.405 9.722 17.740 9.002
206 0 1 18.369 9.757 17.704 9.037
207 0 1 18.320 9.781 17.656 9.061
208 0 1 18.284 9.816 17.620 9.096
209 0 1 18.236 9.840 17.571 9.120
210 0 1 18.378 10.031 17.285 9.010
211 0 1 18.402 10.056 17.249 8.974
212 0 1 18.366 10.079 17.213 8.998
213 0 1 18.306 10.103 17.153 9.021
214 0 1 18.270 10.126 17.117 9.045
215 0 1 18.234 10.150 17.081 9.069
216 0 1 18.198 10.150 17.045 9.068
217 0 1 18.162 10.173 17.009 9.092
218 0 1 18.125 10.197 16.972 9.116
219 0 1 18.089 10.221 16.936 9.139
220 0 1 18.053 10.244 16.900 9.163
221 0 1 17.993 10.244 16.840 9.163
222 0 1 17.981 10.268 16.828 9.186
223 0 1 17.921 10.291 16.768 9.210
224 0 1 17.885 10.315 16.732 9.233
225 0 1 17.825 10.338 16.671 9.257
226 0 1 17.789 10.362 16.635 9.280
227 0 1 17.729 10.385 16.575 9.304
228 0 1 17.693 10.409 16.539 9.328
229 0 1 17.656 10.433 16.503 9.351
230 0 1 17.620 10.456 16.467 9.375
231 0 1 17.584 10.480 16.430 9.399
232 0 1 17.548 10.504 16.394 9.422
233 0 1 17.512 10.527 16.358 9.446
234 0 1 17.500 10.551 16.346 9.470
235 0 1 17.463 10.575 16.310 9.493
236 0 1 17.427 10.599 16.273 9.517
237 0 1 17.391 10.622 16.237 9.541
238 0 1 17.355 10.646 16.201 9.564
239 0 1 17.319 10.670 16.165 9.588
240 0 1 17.234 10.765 16.020 9.647
241 0 1 17.258 10.789 15.973 9.610
242 0 1 17.222 10.812 15.936 9.634
243 0 1 17.162 10.836 15.876 9.658
244 0 1 17.149 10.860 15.864 9.681
245 0 1 17.089 10.883 15.804 9.705
246 0 1 17.077 10.907 15.791 9.729
247 0 1 17.017 10.931 15.731 9.752
248 0 1 17.005 10.954 15.719 9.776
249 0 1 16.969 10.978 15.683 9.800
250 0 1 16.932 11.002 15.647 9.823
251 0 1 16.896 11.025 15.610 9.847
252 0 1 16.860 11.049 15.574 9.871
253 0 1 16.824 11.073 15.538 9.894
254 0 1 16.788 11.096 15.502 9.918
255 0 1 16.751 11.120 15.465 9.942
256 0 1 16.715 11.144 15.429 9.965
257 0 1 16.655 11.144 15.369 9.965
258 0 1 16.619 11.167 15.333 9.989
259 0 1 16.583 11.191 15.297 10.012
260 0 1 16.547 11.215 15.260 10.036
261 0 1 16.511 11.238 15.224 10.060
262 0 1 16.474 11.262 15.188 10.083
263 0 1 16.414 11.286 15.128 10.107
264 0 1 16.402 11.333 15.115 10.155
265 0 1 16.341 11.357 15.055 10.178
266 0 1 16.329 11.381 15.043 10.202
267 0 1 16.293 11.404 15.006 10.226
268 0 1 16.281 11.428 14.994 10.250
269 0 1 16.245 11.452 14.958 10.273
270 0 1 15.991 11.594 14.908 10.488
271 0 1 16.015 11.618 14.872 10.452
272 0 1 15.991 11.654 14.848 10.488
273 0 1 15.942 11.689 14.799 10.523
274 0 1 15.918 11.725 14.775 10.559
275 0 1 15.894 11.761 14.751 10.595
276 0 1 15.846 11.773 14.702 10.606
277 0 1 15.821 11.808 14.678 10.642
278 0 1 15.773 11.844 14.630 10.678
279 0 1 15.749 11.880 14.605 10.714
280 0 1 15.700 11.891 14.557 10.725
281 0 1 15.676 11.927 14.533 10.761
282 0 1 15.628 11.939 14.484 10.773
283 0 1 15.604 11.975 14.460 10.808
284 0 1 15.555 11.986 14.412 10.820
285 0 1 15.531 12.022 14.387 10.856
286 0 1 15.483 12.034 14.339 10.867
287 0 1 15.435 12.070 14.291 10.903
288 0 1 15.386 12.081 14.243 10.915
289 0 1 15.362 12.117 14.218 10.951
290 0 1 15.314 12.153 14.170 10.986
291 0 1 15.265 12.188 14.121 11.022
292 0 1 15.217 12.200 14.073 11.033
293 0 1 15.169 12.236 14.025 11.069
294 0 1 15.144 12.271 14.000 11.105
295 0 1 15.096 12.307 13.952 11.140
296 0 1 15.072 12.319 13.928 11.152
297 0 1 15.023 12.379 13.879 11.212
298 0 1 14.999 12.390 13.855 11.224
299 0 1 14.974 12.450 13.830 11.283
300 0 1 14.868 12.246 13.986 11.380
301 0 1 14.880 12.258 13.950 11.344
302 0 1 14.843 12.294 13.913 11.380
303 0 1 14.807 12.318 13.877 11.403
304 0 1 14.783 12.365 13.853 11.451
305 0 1 14.746 12.401 13.816 11.487
306 0 1 14.710 12.461 13.779 11.546
307 0 1 14.685 12.497 13.755 11.582
308 0 1 14.649 12.544 13.718 11.630
309 0 1 14.612 12.592 13.682 11.678
310 0 1 14.588 12.628 13.657 11.713
311 0 1 14.564 12.652 13.633 11.737
312 0 1 14.527 12.687 13.597 11.773
313 0 1 14.479 12.723 13.548 11.809
314 0 1 14.442 12.747 13.512 11.832
315 0 1 14.624 12.676 13.559 11.892
316 0 1 14.647 12.688 13.524 11.856
317 0 1 14.611 12.724 13.487 11.892
318 0 1 14.575 12.759 13.451 11.928
319 0 1 14.538 12.795 13.414 11.964
320 0 1 14.502 12.843 13.378 12.011
321 0 1 14.465 12.879 13.341 12.047
322 0 1 14.429 12.926 13.305 12.095
323 0 1 14.392 12.974 13.268 12.142
324 0 1 14.356 13.022 13.231 12.190
325 0 1 14.319 13.070 13.195 12.238
326 0 1 14.295 13.105 13.170 12.274
327 0 1 14.258 13.153 13.134 12.321
328 0 1 14.234 13.189 13.109 12.357
329 0 1 14.209 13.237 13.085 12.405
330 0 1 13.776 13.235 13.118 12.693
331 0 1 13.788 13.247 13.094 12.669
332 0 1 13.763 13.295 13.070 12.717
333 0 1 13.739 13.331 13.045 12.752
334 0 1 13.714 13.378 13.021 12.800
335 0 1 13.690 13.426 12.996 12.848
336 0 1 13.665 13.474 12.972 12.896
337 0 1 13.641 13.522 12.947 12.944
338 0 1 13.616 13.582 12.922 13.003
339 0 1 13.591 13.629 12.898 13.051
340 0 1 13.555 13.677 12.861 13.099
341 0 1 13.530 13.737 12.837 13.159
342 0 1 13.506 13.785 12.812 13.207
343 0 1 13.481 13.821 12.788 13.243
344 0 1 13.457 13.869 12.763 13.290
345 0 1 13.420 13.904 12.727 13.326
346 0 1 13.396 13.952 12.702 13.374
347 0 1 13.359 13.988 12.665 13.410
348 0 1 13.335 14.036 12.641 13.458
349 0 1 13.298 14.072 12.604 13.494
350 0 1 13.274 14.120 12.580 13.541
351 0 1 13.237 14.167 12.543 13.589
352 0 1 13.212 14.215 12.519 13.637
353 0 1 13.176 14.251 12.482 13.673
354 0 1 13.139 14.299 12.445 13.721
355 0 1 13.103 14.347 12.409 13.769
356 0 1 13.078 14.395 12.384 13.816
357 0 1 13.041 14.443 12.347 13.864
358 0 1 13.017 14.478 12.323 13.900
359 0 1 12.992 14.526 12.298 13.948
360 0 1 13.016 14.538 12.346 13.972
361 0 1 13.028 14.550 12.323 13.948
362 0 1 13.004 14.586 12.298 13.984
363 0 1 12.991 14.634 12.285 14.032
364 0 1 12.979 14.670 12.273 14.068
365 0 1 12.954 14.718 12.248 14.116
366 0 1 12.930 14.754 12.224 14.152
367 0 1 12.905 14.802 12.199 14.199
368 0 1 12.881 14.850 12.175 14.247
369 0 1 12.868 14.898 12.162 14.295
370 0 1 12.856 14.946 12.150 14.343
371 0 1 12.819 14.993 12.113 14.391
372 0 1 12.819 15.041 12.113 14.439
373 0 1 12.794 15.089 12.088 14.487
374 0 1 12.782 15.137 12.075 14.535
375 0 1 12.757 15.185 12.051 14.583
376 0 1 12.733 15.221 12.026 14.619
377 0 1 12.708 15.269 12.002 14.667
378 0 1 12.683 15.305 11.977 14.703
379 0 1 12.671 15.353 11.965 14.751
380 0 1 12.646 15.389 11.940 14.787
381 0 1 12.634 15.437 11.928 14.834
382 0 1 12.597 15.485 11.891 14.882
383 0 1 12.573 15.521 11.866 14.918
384 0 1 12.548 15.569 11.842 14.966
385 0 1 12.524 15.617 11.817 15.014
386 0 1 12.499 15.665 11.793 15.062
387 0 1 12.474 15.712 11.768 15.110
388 0 1 12.438 15.760 11.731 15.158
389 0 1 12.401 15.808 11.695 15.206
390 0 1 12.555 16.085 11.480 14.929
391 0 1 12.579 16.109 11.444 14.893
392 0 1 12.567 16.145 11.432 14.929
393 0 1 12.554 16.205 11.419 14.989
394 0 1 12.518 16.241 11.382 15.025
395 0 1 12.505 16.301 11.370 15.085
396 0 1 12.468 16.337 11.333 15.121
397 0 1 12.456 16.397 11.320 15.181
398 0 1 12.443 16.433 11.308 15.217
399 0 1 12.431 16.469 11.295 15.253
400 0 1 12.394 16.505 11.259 15.289
401 0 1 12.406 16.565 11.270 15.349
402 0 1 12.369 16.601 11.234 15.385
403 0 1 12.357 16.661 11.221 15.445
404 0 1 12.320 16.697 11.184 15.480
405 0 1 12.307 16.757 11.172 15.540
406 0 1 12.295 16.817 11.159 15.600
407 0 1 12.282 16.877 11.146 15.661
408 0 1 12.246 16.889 11.110 15.672
409 0 1 12.233 16.949 11.097 15.732
410 0 1 12.197 16.961 11.061 15.744
411 0 1 12.209 16.997 11.073 15.780
412 0 1 12.172 17.033 11.036 15.816
413 0 1 12.159 17.093 11.023 15.876
414 0 1 12.147 17.129 11.011 15.912
415 0 1 12.134 17.189 10.998 15.972
416 0 1 12.098 17.225 10.962 16.008
417 0 1 12.085 17.285 10.949 16.068
418 0 1 12.048 17.321 10.912 16.104
419 0 1 12.036 17.381 10.900 16.164
420 0 1 11.925 17.561 10.838 16.272
421 0 1 11.949 17.585 10.802 16.224
422 0 1 11.925 17.633 10.778 16.272
423 0 1 11.900 17.681 10.753 16.320
424 0 1 11.899 17.729 10.752 16.368
425 0 1 11.875 17.777 10.728 16.416
426 0 1 11.850 17.825 10.703 16.464
427 0 1 11.850 17.873 10.703 16.512
428 0 1 11.825 17.921 10.678 16.561
429 0 1 11.800 17.969 10.653 16.609
430 0 1 11.800 18.017 10.653 16.657
431 0 1 11.799 18.066 10.652 16.705
432 0 1 11.775 18.114 10.628 16.753
433 0 1 11.750 18.162 10.603 16.801
434 0 1 11.750 18.210 10.602 16.849
435 0 1 11.749 18.282 10.602 16.921
436 0 1 11.724 18.330 10.577 16.969
437 0 1 11.700 18.378 10.552 17.017
438 0 1 11.699 18.426 10.552 17.065
439 0 1 11.675 18.474 10.527 17.113
440 0 1 11.650 18.522 10.502 17.161
441 0 1 11.649 18.570 10.502 17.209
442 0 1 11.649 18.594 10.502 17.233
443 0 1 11.649 18.643 10.501 17.282
444 0 1 11.648 18.691 10.501 17.330
445 0 1 11.624 18.739 10.476 17.378
446 0 1 11.599 18.763 10.452 17.402
447 0 1 11.599 18.811 10.451 17.450
448 0 1 11.574 18.859 10.426 17.498
449 0 1 11.525 18.907 10.378 17.546
450 0 1 11.464 19.003 10.376 17.738
451 0 1 11.488 19.027 10.340 17.690
452 0 1 11.463 19.075 10.315 17.738
453 0 1 11.438 19.123 10.290 17.786
454 0 1 11.438 19.172 10.290 17.835
455 0 1 11.413 19.220 10.265 17.883
456 0 1 11.389 19.268 10.240 17.931
457 0 1 11.364 19.316 10.216 17.979
458 0 1 11.364 19.364 10.215 18.027
459 0 1 11.339 19.388 10.191 18.051
460 0 1 11.339 19.412 10.191 18.075
461 0 1 11.314 19.460 10.166 18.123
462 0 1 11.314 19.508 10.165 18.171
463 0 1 11.289 19.557 10.141 18.219
464 0 1 11.289 19.605 10.140 18.268
465 0 1 11.264 19.653 10.115 18.316
466 0 1 11.263 19.701 10.115 18.364
467 0 1 11.239 19.749 10.090 18.412
468 0 1 11.238 19.797 10.090 18.460
469 0 1 11.214 19.845 10.065 18.508
470 0 1 11.213 19.894 10.065 18.556
471 0 1 11.188 19.942 10.040 18.604
472 0 1 11.188 19.990 10.039 18.653
473 0 1 11.163 20.038 10.015 18.701
474 0 1 11.139 20.086 9.990 18.749
475 0 1 11.138 20.110 9.990 18.773
476 0 1 11.138 20.134 9.989 18.797
477 0 1 11.113 20.182 9.965 18.845
478 0 1 11.089 20.231 9.940 18.893
479 0 1 11.064 20.279 9.915 18.941
480 0 1 10.883 20.218 10.057 19.255
481 0 1 10.895 20.243 10.021 19.218
482 0 1 10.883 20.279 10.009 19.255
483 0 1 10.858 20.339 9.984 19.315
484 0 1 10.845 20.375 9.972 19.351
485 0 1 10.833 20.435 9.959 19.411
486 0 1 10.808 20.459 9.934 19.435
487 0 1 10.783 20.507 9.910 19.483
488 0 1 10.771 20.556 9.897 19.531
489 0 1 10.758 20.592 9.885 19.568
490 0 1 10.746 20.640 9.872 19.616
491 0 1 10.733 20.676 9.860 19.652
492 0 1 10.709 20.700 9.835 19.676
493 0 1 10.696 20.748 9.822 19.724
494 0 1 10.696 20.785 9.822 19.760
495 0 1 10.683 20.833 9.809 19.808
496 0 1 10.671 20.869 9.797 19.845
497 0 1 10.671 20.893 9.797 19.869
498 0 1 10.658 20.929 9.784 19.905
499 0 1 10.658 20.977 9.784 19.953
500 0 1 10.657 21.025 9.783 20.001
501 0 1 10.657 21.074 9.783 20.049
502 0 1 10.656 21.110 9.782 20.086
503 0 1 10.656 21.146 9.782 20.122
504 0 1 10.655 21.194 9.781 20.170
505 0 1 10.643 21.230 9.769 20.206
506 0 1 10.643 21.254 9.769 20.230
507 0 1 10.642 21.291 9.768 20.266
508 0 1 10.630 21.327 9.756 20.302
509 0 1 10.630 21.351 9.756 20.327
511 0 1 10.412 21.303 9.752 20.640
512 0 1 10.424 21.315 9.728 20.616
513 0 1 10.424 21.351 9.728 20.652
514 0 1 10.423 21.375 9.728 20.676
515 0 1 10.411 21.411 9.715 20.712
516 0 1 10.411 21.447 9.715 20.748
517 0 1 10.398 21.483 9.702 20.785
518 0 1 10.398 21.520 9.702 20.821
519 0 1 10.385 21.556 9.690 20.857
520 0 1 10.385 21.592 9.689 20.893
521 0 1 10.372 21.628 9.677 20.929
522 0 1 10.372 21.664 9.676 20.965
523 0 1 10.360 21.700 9.664 21.001
524 0 1 10.359 21.737 9.663 21.038
525 0 1 10.347 21.773 9.651 21.074
526 0 1 10.346 21.809 9.651 21.110
527 0 1 10.346 21.833 9.650 21.134
528 0 1 10.346 21.869 9.650 21.170
529 0 1 10.346 21.893 9.650 21.194
530 0 1 10.345 21.917 9.649 21.218
531 0 1 10.345 21.954 9.649 21.255
532 0 1 10.345 21.978 9.649 21.279
533 0 1 10.344 22.002 9.649 21.303
534 0 1 10.356 22.026 9.660 21.327
535 0 1 10.356 22.050 9.660 21.351
536 0 1 10.368 22.074 9.672 21.375
537 0 1 10.380 22.098 9.684 21.399
538 0 1 10.392 22.110 9.696 21.411
539 0 1 10.392 22.134 9.696 21.436
540 0 1 10.404 22.147 9.708 21.448
541 0 1 10.342 22.267 9.707 21.472
542 0 1 10.354 22.279 9.684 21.436
543 0 1 10.353 22.303 9.683 21.460
544 0 1 10.353 22.315 9.683 21.472
545 0 1 10.353 22.327 9.683 21.484
546 0 1 10.353 22.339 9.683 21.496
547 0 1 10.341 22.352 9.671 21.508
549 0 1 10.341 22.376 9.670 21.532
550 0 1 10.341 22.376 9.670 21.532
551 0 1 10.341 22.376 9.670 21.532
552 0 1 10.341 22.376 9.670 21.532
553 0 1 10.341 22.376 9.670 21.532
554 0 1 10.341 22.376 9.670 21.532
555 0 1 10.341 22.376 9.670 21.532
556 0 1 10.341 22.376 9.670 21.532
557 0 1 10.341 22.376 9.670 21.532
558 0 1 10.341 22.376 9.670 21.532
559 0 1 10.341 22.376 9.670 21.532
560 0 1 10.341 22.376 9.670 21.532
561 0 1 10.341 22.376 9.670 21.532
562 0 1 10.341 22.376 9.670 21.532
563 0 1 10.341 22.376 9.670 21.532
0 1 1 24.127 6.729 23.467 5.928
1 1 1 24.151 6.753 23.467 5.916
2 1 1 24.162 6.765 23.479 5.928
3 1 1 24.174 6.765 23.491 5.929
4 1 1 24.186 6.777 23.502 5.941
5 1 1 24.198 6.801 23.514 5.964
6 1 1 24.210 6.813 23.526 5.976
7 1 1 24.221 6.813 23.538 5.976
8 1 1 24.233 6.825 23.550 5.988
9 1 1 24.245 6.849 23.561 6.012
10 1 1 24.245 6.872 23.561 6.036
11 1 1 24.245 6.884 23.561 6.048
12 1 1 24.256 6.896 23.573 6.060
13 1 1 24.256 6.932 23.573 6.095
14 1 1 24.256 6.944 23.573 6.107
15 1 1 24.268 6.968 23.584 6.131
17 1 1 24.256 7.015 23.572 6.179
18 1 1 24.244 7.027 23.560 6.190
19 1 1 24.244 7.039 23.560 6.202
20 1 1 24.232 7.062 23.548 6.226
21 1 1 24.220 7.086 23.536 6.249
22 1 1 24.196 7.109 23.512 6.273
23 1 1 24.172 7.133 23.488 6.297
24 1 1 24.148 7.157 23.464 6.320
25 1 1 24.124 7.192 23.440 6.355
26 1 1 24.100 7.204 23.416 6.367
27 1 1 24.064 7.239 23.380 6.402
28 1 1 24.040 7.263 23.356 6.426
29 1 1 24.004 7.286 23.321 6.449
30 1 1 24.205 7.466 23.036 6.364
31 1 1 24.229 7.490 22.988 6.328
32 1 1 24.205 7.501 22.964 6.340
33 1 1 24.205 7.537 22.964 6.375
34 1 1 24.181 7.572 22.940 6.411
35 1 1 24.133 7.584 22.892 6.422
36 1 1 24.109 7.619 22.868 6.458
37 1 1 24.085 7.631 22.845 6.469
38 1 1 24.038 7.666 22.797 6.504
39 1 1 24.014 7.678 22.773 6.516
41 1 1 23.942 7.749 22.701 6.587
42 1 1 23.894 7.784 22.653 6.622
43 1 1 23.846 7.819 22.605 6.657
44 1 1 23.799 7.855 22.557 6.693
45 1 1 23.751 7.890 22.510 6.728
46 1 1 23.727 7.925 22.485 6.763
47 1 1 23.703 7.937 22.462 6.775
48 1 1 23.631 7.972 22.390 6.810
49 1 1 23.607 7.984 22.366 6.822
50 1 1 23.560 8.019 22.318 6.857
51 1 1 23.512 8.031 22.270 6.868
52 1 1 23.464 8.066 22.223 6.904
53 1 1 23.393 8.053 22.151 6.891
54 1 1 23.369 8.089 22.127 6.927
55 1 1 23.297 8.100 22.056 6.938
56 1 1 23.250 8.136 22.008 6.973
57 1 1 23.202 8.147 21.960 6.985
58 1 1 23.154 8.182 21.912 7.020
59 1 1 23.083 8.194 21.841 7.031
60 1 1 22.916 8.252 21.708 7.197
61 1 1 22.939 8.276 21.661 7.161
62 1 1 22.903 8.288 21.625 7.172
63 1 1 22.844 8.323 21.565 7.208
64 1 1 22.808 8.358 21.529 7.243
65 1 1 22.748 8.393 21.469 7.278
66 1 1 22.712 8.405 21.433 7.290
67 1 1 22.652 8.440 21.374 7.325
68 1 1 22.640 8.452 21.362 7.337
69 1 1 22.581 8.487 21.302 7.372
70 1 1 22.521 8.499 21.242 7.383
71 1 1 22.461 8.534 21.182 7.419
72 1 1 22.401 8.546 21.122 7.430
73 1 1 22.342 8.557 21.063 7.442
74 1 1 22.306 8.569 21.027 7.453
75 1 1 22.246 8.604 20.967 7.488
76 1 1 22.187 8.615 20.907 7.500
77 1 1 22.127 8.651 20.847 7.535
78 1 1 22.067 8.662 20.788 7.546
79 1 1 22.007 8.697 20.728 7.582
80 1 1 21.948 8.709 20.668 7.593
81 1 1 21.888 8.744 20.608 7.628
82 1 1 21.828 8.756 20.548 7.640
83 1 1 21.768 8.791 20.488 7.675
84 1 1 21.709 8.779 20.429 7.663
85 1 1 21.649 8.814 20.369 7.698
86 1 1 21.613 8.826 20.333 7.710
87 1 1 21.529 8.861 20.249 7.745
88 1 1 21.493 8.872 20.213 7.756
89 1 1 21.410 8.907 20.129 7.791
90 1 1 21.290 8.907 20.069 7.850
91 1 1 21.314 8.931 20.022 7.814
92 1 1 21.266 8.942 19.974 7.826
93 1 1 21.218 8.978 19.926 7.861
94 1 1 21.170 9.013 19.878 7.897
95 1 1 21.122 9.048 19.830 7.932
96 1 1 21.075 9.060 19.782 7.944
97 1 1 21.027 9.095 19.734 7.979
98 1 1 20.979 9.107 19.686 7.990
99 1 1 20.955 9.142 19.662 8.026
100 1 1 20.883 9.154 19.590 8.037
101 1 1 20.835 9.189 19.542 8.073
102 1 1 20.787 9.201 19.494 8.084
103 1 1 20.739 9.236 19.446 8.120
104 1 1 20.691 9.248 19.398 8.131
105 1 1 20.619 9.283 19.326 8.166
106 1 1 20.548 9.318 19.254 8.202
107 1 1 20.500 9.354 19.206 8.237
108 1 1 20.452 9.365 19.158 8.249
109 1 1 20.404 9.401 19.110 8.284
110 1 1 20.356 9.436 19.062 8.319
111 1 1 20.308 9.472 19.014 8.355
112 1 1 20.260 9.483 18.966 8.366
113 1 1 20.212 9.519 18.918 8.402
114 1 1 20.140 9.530 18.846 8.413
115 1 1 20.092 9.566 18.798 8.449
116 1 1 20.020 9.601 18.726 8.484
117 1 1 19.996 9.636 18.702 8.519
118 1 1 19.924 9.648 18.630 8.531
119 1 1 19.900 9.683 18.605 8.566
120 1 1 19.756 9.683 18.557 8.590
121 1 1 19.780 9.706 18.510 8.554
122 1 1 19.732 9.730 18.462 8.577
123 1 1 19.684 9.730 18.414 8.577
124 1 1 19.660 9.753 18.390 8.601
125 1 1 19.612 9.801 18.342 8.648
126 1 1 19.564 9.824 18.294 8.671
127 1 1 19.516 9.824 18.246 8.671
128 1 1 19.468 9.848 18.198 8.695
129 1 1 19.444 9.895 18.173 8.742
130 1 1 19.396 9.919 18.125 8.766
131 1 1 19.348 9.918 18.077 8.765
132 1 1 19.300 9.942 18.029 8.789
133 1 1 19.252 9.989 17.981 8.836
134 1 1 19.180 10.013 17.909 8.860
135 1 1 18.942 9.868 17.729 8.930
136 1 1 18.966 9.880 17.681 8.894
137 1 1 18.906 9.892 17.621 8.905
138 1 1 18.846 9.927 17.561 8.941
139 1 1 18.810 9.963 17.525 8.976
140 1 1 18.750 9.974 17.465 8.988
141 1 1 18.714 10.010 17.429 9.023
142 1 1 18.678 10.021 17.392 9.035
143 1 1 18.641 10.057 17.356 9.071
144 1 1 18.581 10.069 17.296 9.082
145 1 1 18.545 10.104 17.260 9.118
146 1 1 18.485 10.140 17.200 9.153
147 1 1 18.449 10.175 17.164 9.189
148 1 1 18.389 10.211 17.103 9.224
149 1 1 18.329 10.246 17.043 9.259
150 1 1 18.303 10.449 17.054 9.379
151 1 1 18.327 10.473 17.006 9.343
152 1 1 18.279 10.496 16.958 9.366
153 1 1 18.255 10.496 16.934 9.366
154 1 1 18.183 10.519 16.862 9.389
155 1 1 18.183 10.543 16.862 9.413
156 1 1 18.134 10.567 16.814 9.437
157 1 1 18.086 10.614 16.765 9.484
158 1 1 18.038 10.638 16.717 9.508
159 1 1 17.990 10.662 16.669 9.531
160 1 1 17.942 10.709 16.621 9.579
161 1 1 17.894 10.733 16.573 9.602
162 1 1 17.845 10.756 16.524 9.626
163 1 1 17.821 10.804 16.500 9.674
164 1 1 17.749 10.827 16.428 9.697
165 1 1 17.725 10.851 16.404 9.721
166 1 1 17.653 10.898 16.331 9.768
167 1 1 17.628 10.922 16.307 9.792
168 1 1 17.580 10.922 16.259 9.791
169 1 1 17.532 10.945 16.211 9.815
170 1 1 17.508 10.993 16.186 9.863
171 1 1 17.484 11.017 16.162 9.886
172 1 1 17.436 11.017 16.114 9.886
173 1 1 17.388 11.040 16.066 9.910
174 1 1 17.340 11.064 16.018 9.933
175 1 1 17.316 11.064 15.994 9.933
176 1 1 17.291 11.087 15.970 9.957
177 1 1 17.243 11.111 15.921 9.980
178 1 1 17.195 11.111 15.873 9.980
179 1 1 17.147 11.134 15.825 10.004
180 1 1 17.003 11.110 15.884 10.112
181 1 1 17.027 11.134 15.848 10.076
182 1 1 16.991 11.133 15.812 10.075
183 1 1 16.955 11.157 15.776 10.099
184 1 1 16.895 11.157 15.716 10.099
185 1 1 16.859 11.181 15.680 10.122
186 1 1 16.823 11.180 15.644 10.122
187 1 1 16.787 11.204 15.608 10.146
188 1 1 16.727 11.228 15.547 10.169
189 1 1 16.690 11.251 15.511 10.193
190 1 1 16.630 11.275 15.451 10.216
191 1 1 16.594 11.299 15.415 10.240
192 1 1 16.558 11.322 15.378 10.264
193 1 1 16.522 11.346 15.342 10.288
194 1 1 16.461 11.369 15.282 10.311
195 1 1 16.425 11.393 15.246 10.335
196 1 1 16.389 11.417 15.209 10.358
197 1 1 16.353 11.441 15.173 10.382
198 1 1 16.293 11.464 15.113 10.406
199 1 1 16.256 11.488 15.077 10.429
200 1 1 16.220 11.488 15.041 10.429
201 1 1 16.184 11.511 15.004 10.453
202 1 1 16.124 11.535 14.944 10.476
203 1 1 16.112 11.559 14.932 10.500
204 1 1 16.051 11.582 14.871 10.524
205 1 1 16.015 11.606 14.835 10.547
206 1 1 15.955 11.654 14.775 10.595
207 1 1 15.918 11.677 14.738 10.619
208 1 1 15.858 11.701 14.678 10.642
209 1 1 15.846 11.725 14.666 10.666
210 1 1 15.689 11.772 14.473 10.737
211 1 1 15.713 11.796 14.425 10.701
212 1 1 15.677 11.832 14.389 10.736
213 1 1 15.617 11.867 14.328 10.772
214 1 1 15.580 11.879 14.292 10.783
215 1 1 15.544 11.915 14.255 10.819
216 1 1 15.508 11.926 14.219 10.831
217 1 1 15.472 11.962 14.183 10.867
218 1 1 15.435 11.974 14.147 10.878
219 1 1 15.399 12.033 14.110 10.938
220 1 1 15.362 12.069 14.074 10.974
221 1 1 15.326 12.105 14.037 11.009
222 1 1 15.290 12.141 14.001 11.045
223 1 1 15.253 12.176 13.964 11.081
224 1 1 15.217 12.212 13.928 11.116
225 1 1 14.892 12.258 13.987 11.248
226 1 1 14.904 12.282 13.951 11.212
227 1 1 14.867 12.318 13.915 11.248
228 1 1 14.855 12.378 13.902 11.308
229 1 1 14.819 12.390 13.866 11.319
230 1 1 14.782 12.449 13.829 11.379
231 1 1 14.746 12.461 13.793 11.391
232 1 1 14.733 12.521 13.780 11.451
233 1 1 14.697 12.533 13.744 11.462
234 1 1 14.661 12.568 13.708 11.498
235 1 1 14.624 12.580 13.671 11.510
236 1 1 14.612 12.640 13.659 11.570
237 1 1 14.552 12.652 13.599 11.581
238 1 1 14.515 12.687 13.562 11.617
239 1 1 14.479 12.723 13.526 11.653
240 1 1 14.586 12.855 13.488 11.760
241 1 1 14.610 12.879 13.453 11.724
242 1 1 14.573 12.927 13.416 11.772
243 1 1 14.537 12.951 13.380 11.796
244 1 1 14.501 12.951 13.344 11.796
245 1 1 14.464 12.998 13.307 11.843
246 1 1 14.428 13.022 13.271 11.867
247 1 1 14.391 13.070 13.234 11.915
248 1 1 14.379 13.118 13.222 11.963
249 1 1 14.318 13.165 13.161 12.010
250 1 1 14.306 13.189 13.149 12.034
251 1 1 14.270 13.213 13.112 12.058
252 1 1 14.257 13.261 13.100 12.106
253 1 1 14.221 13.309 13.063 12.153
254 1 1 14.208 13.357 13.051 12.201
255 1 1 14.172 13.380 13.014 12.225
256 1 1 14.160 13.404 13.002 12.249
257 1 1 14.123 13.452 12.965 12.297
258 1 1 14.111 13.500 12.953 12.345
259 1 1 14.074 13.548 12.916 12.392
260 1 1 14.061 13.595 12.904 12.440
261 1 1 14.025 13.619 12.867 12.464
262 1 1 14.013 13.643 12.855 12.488
263 1 1 13.976 13.691 12.818 12.536
264 1 1 13.940 13.739 12.782 12.583
265 1 1 13.903 13.787 12.745 12.631
266 1 1 13.891 13.810 12.733 12.655
267 1 1 13.855 13.810 12.697 12.655
268 1 1 13.843 13.834 12.684 12.679
269 1 1 13.806 13.882 12.648 12.727
270 1 1 13.615 13.737 12.827 12.943
271 1 1 13.626 13.749 12.791 12.907
272 1 1 13.602 13.785 12.766 12.943
273 1 1 13.566 13.809 12.730 12.967
274 1 1 13.541 13.845 12.705 13.002
275 1 1 13.505 13.893 12.669 13.050
276 1 1 13.468 13.929 12.632 13.086
277 1 1 13.444 13.952 12.608 13.110
278 1 1 13.407 13.988 12.571 13.146
279 1 1 13.371 14.036 12.535 13.193
280 1 1 13.346 14.072 12.510 13.229
281 1 1 13.322 14.096 12.486 13.253
282 1 1 13.285 14.132 12.449 13.289
283 1 1 13.249 14.179 12.413 13.337
284 1 1 13.237 14.203 12.401 13.361
285 1 1 13.200 14.239 12.364 13.397
286 1 1 13.188 14.263 12.352 13.421
287 1 1 13.139 14.299 12.303 13.456
288 1 1 13.115 14.347 12.279 13.504
289 1 1 13.078 14.383 12.242 13.540
290 1 1 13.066 14.419 12.230 13.576
291 1 1 13.017 14.466 12.181 13.624
292 1 1 12.993 14.514 12.156 13.672
293 1 1 12.968 14.562 12.132 13.719
294 1 1 12.931 14.598 12.095 13.755
295 1 1 12.919 14.634 12.083 13.791
296 1 1 12.882 14.682 12.046 13.839
297 1 1 12.858 14.718 12.022 13.875
298 1 1 12.822 14.742 11.985 13.899
299 1 1 12.785 14.777 11.949 13.935
300 1 1 12.593 14.693 12.067 14.139
301 1 1 12.629 14.729 12.020 14.079
302 1 1 12.641 14.741 11.996 14.055
303 1 1 12.616 14.777 11.971 14.091
304 1 1 12.580 14.825 11.934 14.138
305 1 1 12.555 14.873 11.910 14.186
306 1 1 12.530 14.909 11.885 14.222
307 1 1 12.494 14.944 11.849 14.258
308 1 1 12.469 14.992 11.824 14.306
309 1 1 12.433 15.040 11.787 14.354
310 1 1 12.408 15.076 11.763 14.390
311 1 1 12.384 15.112 11.738 14.426
312 1 1 12.347 15.160 11.702 14.474
313 1 1 12.323 15.196 11.677 14.510
314 1 1 12.298 15.220 11.653 14.533
315 1 1 12.381 15.364 11.436 14.485
316 1 1 12.393 15.376 11.388 14.448
317 1 1 12.381 15.412 11.376 14.484
318 1 1 12.356 15.448 11.351 14.520
319 1 1 12.332 15.484 11.327 14.556
320 1 1 12.307 15.532 11.302 14.604
321 1 1 12.283 15.568 11.277 14.640
322 1 1 12.258 15.616 11.253 14.688
323 1 1 12.246 15.664 11.240 14.736
324 1 1 12.221 15.712 11.216 14.784
325 1 1 12.208 15.760 11.203 14.832
326 1 1 12.196 15.820 11.190 14.892
327 1 1 12.171 15.868 11.166 14.940
328 1 1 12.159 15.916 11.153 14.988
329 1 1 12.146 15.964 11.141 15.036
330 1 1 11.917 15.951 11.283 15.241
331 1 1 11.929 15.963 11.260 15.204
332 1 1 11.904 16.011 11.235 15.252
333 1 1 11.892 16.047 11.223 15.288
334 1 1 11.879 16.095 11.210 15.336
335 1 1 11.855 16.131 11.186 15.372
336 1 1 11.842 16.179 11.173 15.420
337 1 1 11.818 16.215 11.148 15.456
338 1 1 11.805 16.263 11.136 15.504
339 1 1 11.781 16.299 11.111 15.540
340 1 1 11.756 16.347 11.087 15.588
341 1 1 11.731 16.395 11.062 15.636
342 1 1 11.707 16.443 11.037 15.684
343 1 1 11.682 16.491 11.013 15.732
344 1 1 11.657 16.539 10.988 15.780
345 1 1 11.633 16.575 10.963 15.816
346 1 1 11.620 16.623 10.951 15.864
347 1 1 11.608 16.671 10.938 15.912
348 1 1 11.595 16.707 10.926 15.948
349 1 1 11.583 16.755 10.913 15.996
350 1 1 11.558 16.791 10.889 16.032
351 1 1 11.546 16.839 10.876 16.080
352 1 1 11.533 16.875 10.864 16.116
354 1 1 11.506 17.163 10.718 16.188
355 1 1 11.518 17.187 10.682 16.152
356 1 1 11.506 17.224 10.670 16.188
357 1 1 11.493 17.272 10.657 16.236
358 1 1 11.468 17.320 10.632 16.284
359 1 1 11.456 17.368 10.620 16.332
360 1 1 11.455 17.428 10.619 16.392
361 1 1 11.637 17.416 10.632 16.320
362 1 1 11.661 17.440 10.596 16.284
363 1 1 11.624 17.488 10.559 16.332
364 1 1 11.611 17.536 10.547 16.380
365 1 1 11.575 17.584 10.510 16.428
366 1 1 11.562 17.632 10.497 16.476
367 1 1 11.574 17.632 10.509 16.476
368 1 1 11.586 17.680 10.521 16.524
369 1 1 11.549 17.728 10.484 16.572
370 1 1 11.537 17.753 10.472 16.596
371 1 1 11.524 17.801 10.459 16.644
372 1 1 11.512 17.849 10.447 16.692
373 1 1 11.499 17.897 10.434 16.740
374 1 1 11.486 17.945 10.422 16.788
375 1 1 11.450 17.993 10.385 16.836
376 1 1 11.437 18.041 10.372 16.884
377 1 1 11.425 18.089 10.360 16.933
378 1 1 11.412 18.137 10.347 16.981
379 1 1 11.399 18.185 10.334 17.029
380 1 1 11.387 18.233 10.322 17.077
381 1 1 11.350 18.281 10.285 17.125
382 1 1 11.362 18.329 10.297 17.173
383 1 1 11.325 18.353 10.260 17.197
384 1 1 11.337 18.402 10.272 17.245
385 1 1 11.324 18.426 10.259 17.269
386 1 1 11.336 18.474 10.271 17.317
387 1 1 11.324 18.522 10.258 17.365
388 1 1 11.311 18.570 10.246 17.413
389 1 1 11.298 18.618 10.233 17.461
390 1 1 11.310 18.666 10.245 17.510
391 1 1 11.091 18.762 10.291 17.738
392 1 1 11.103 18.786 10.255 17.702
393 1 1 11.091 18.834 10.242 17.750
394 1 1 11.078 18.882 10.230 17.798
395 1 1 11.065 18.943 10.217 17.858
396 1 1 11.065 18.979 10.217 17.895
398 1 1 11.053 19.015 10.204 17.931
399 1 1 11.064 19.051 10.106 18.015
400 1 1 11.088 19.075 10.070 17.979
401 1 1 11.076 19.111 10.058 18.015
402 1 1 11.087 19.147 10.070 18.051
403 1 1 11.075 19.159 10.057 18.063
404 1 1 11.063 19.219 10.045 18.123
405 1 1 11.050 19.231 10.033 18.135
406 1 1 11.038 19.292 10.020 18.195
407 1 1 11.045 19.725 10.030 18.364
408 1 1 11.069 19.749 9.994 18.315
409 1 1 11.069 19.797 9.994 18.364
410 1 1 11.044 19.845 9.969 18.412
411 1 1 11.044 19.893 9.969 18.460
412 1 1 11.043 19.942 9.968 18.508
413 1 1 11.019 19.990 9.943 18.556
414 1 1 10.994 20.038 9.919 18.604
415 1 1 10.993 20.086 9.918 18.652
416 1 1 10.993 20.134 9.918 18.701
417 1 1 10.968 20.182 9.893 18.749
418 1 1 10.968 20.206 9.893 18.773
419 1 1 10.944 20.231 9.868 18.797
420 1 1 10.967 20.303 9.892 18.869
421 1 1 10.943 20.327 9.867 18.893
422 1 1 10.764 20.062 9.997 19.194
423 1 1 10.776 20.074 9.961 19.158
424 1 1 10.763 20.122 9.949 19.206
425 1 1 10.763 20.170 9.948 19.254
426 1 1 10.762 20.218 9.948 19.303
427 1 1 10.762 20.267 9.947 19.351
428 1 1 10.761 20.315 9.947 19.399
429 1 1 10.761 20.363 9.946 19.447
431 1 1 10.760 20.411 9.946 19.495
432 1 1 10.760 20.447 9.946 19.531
433 1 1 10.795 20.580 9.970 19.544
434 1 1 10.807 20.604 9.934 19.507
435 1 1 10.794 20.652 9.921 19.556
436 1 1 10.782 20.676 9.909 19.580
437 1 1 10.769 20.712 9.896 19.616
438 1 1 10.769 20.736 9.896 19.640
439 1 1 10.769 20.772 9.896 19.676
440 1 1 10.756 20.821 9.883 19.724
441 1 1 10.756 20.857 9.883 19.760
442 1 1 10.743 20.881 9.870 19.784
443 1 1 10.743 20.917 9.870 19.821
444 1 1 10.742 20.977 9.869 19.881
445 1 1 10.730 21.013 9.857 19.917
446 1 1 10.717 21.062 9.844 19.965
447 1 1 10.717 21.110 9.844 20.013
448 1 1 10.716 21.146 9.843 20.049
449 1 1 10.704 21.182 9.831 20.086
451 1 1 10.704 21.230 9.830 20.134
452 1 1 10.691 21.266 9.818 20.170
453 1 1 10.558 21.254 9.898 20.628
454 1 1 10.570 21.266 9.874 20.604
455 1 1 10.557 21.303 9.861 20.640
456 1 1 10.557 21.351 9.861 20.688
457 1 1 10.557 21.387 9.861 20.724
458 1 1 10.556 21.411 9.860 20.748
459 1 1 10.556 21.459 9.860 20.797
460 1 1 10.543 21.495 9.847 20.833
461 1 1 10.543 21.544 9.847 20.881
462 1 1 10.530 21.592 9.834 20.929
463 1 1 10.530 21.628 9.834 20.965
464 1 1 10.517 21.664 9.821 21.001
466 1 1 10.517 21.712 9.821 21.050
467 1 1 10.517 21.749 9.821 21.086
468 1 1 10.516 21.785 9.820 21.122
469 1 1 10.576 21.893 9.726 20.833
470 1 1 10.588 21.917 9.690 20.797
471 1 1 10.563 21.954 9.666 20.833
472 1 1 10.563 21.990 9.665 20.869
473 1 1 10.562 22.026 9.665 20.905
474 1 1 10.587 22.014 9.689 20.893
475 1 1 10.562 22.050 9.665 20.929
476 1 1 10.562 22.062 9.664 20.941
477 1 1 10.562 22.098 9.664 20.977
478 1 1 10.561 22.134 9.664 21.014
479 1 1 10.561 22.171 9.663 21.050
480 1 1 10.536 22.207 9.639 21.086
481 1 1 10.512 22.243 9.614 21.122
482 1 1 10.535 22.279 9.638 21.158
483 1 1 10.511 22.315 9.613 21.194
484 1 1 10.293 22.340 9.696 21.448
485 1 1 10.305 22.352 9.672 21.411
486 1 1 10.304 22.388 9.671 21.448
487 1 1 10.292 22.412 9.659 21.472
488 1 1 10.304 22.436 9.671 21.496
490 1 1 10.291 22.460 9.658 21.520
491 1 1 10.303 22.484 9.670 21.544
492 1 1 10.291 22.508 9.658 21.568
493 1 1 10.303 22.532 9.670 21.592
494 1 1 10.519 22.713 9.546 21.834
495 1 1 10.543 22.725 9.510 21.797
496 1 1 10.543 22.737 9.510 21.809
498 1 1 10.555 22.761 9.522 21.834
499 1 1 10.567 22.773 9.534 21.846
500 1 1 10.579 22.785 9.546 21.858
501 1 1 10.591 22.785 9.558 21.858
502 1 1 10.603 22.785 9.570 21.858
503 1 1 10.507 22.737 9.340 21.785
504 1 1 10.531 22.749 9.304 21.737
505 1 1 10.530 22.773 9.304 21.761
506 1 1 10.530 22.798 9.304 21.785
507 1 1 10.530 22.822 9.304 21.810
508 1 1 10.505 22.870 9.279 21.858
509 1 1 10.529 22.894 9.303 21.882
511 1 1 10.529 22.918 9.303 21.906
512 1 1 10.505 22.918 9.278 21.906
513 1 1 10.529 22.942 9.302 21.930
514 1 1 10.504 22.966 9.278 21.954
515 1 1 10.529 22.966 9.302 21.954
517 1 1 10.420 22.918 9.832 22.316
518 1 1 10.432 22.930 9.808 22.292
519 1 1 10.444 22.942 9.820 22.304
520 1 1 10.444 22.930 9.820 22.292
521 1 1 10.444 22.942 9.820 22.304
523 1 1 10.456 22.942 9.832 22.304
524 1 1 10.468 22.954 9.808 22.280
525 1 1 10.480 22.966 9.820 22.292
526 1 1 10.468 22.966 9.808 22.292
527 1 1 10.492 22.979 9.832 22.304
528 1 1 10.492 22.991 9.832 22.316
529 1 1 10.574 23.244 9.724 22.195
530 1 1 10.586 23.268 9.688 22.159
531 1 1 10.598 23.280 9.700 22.171
532 1 1 10.598 23.292 9.700 22.183
533 1 1 10.598 23.292 9.700 22.183
534 1 1 10.610 23.304 9.712 22.195
535 1 1 10.610 23.304 9.712 22.195
536 1 1 10.622 23.316 9.724 22.207
537 1 1 10.622 23.316 9.724 22.207
538 1 1 10.622 23.316 9.724 22.207
539 1 1 10.622 23.316 9.724 22.207
540 1 1 10.622 23.316 9.724 22.207
541 1 1 10.622 23.316 9.724 22.207
542 1 1 10.622 23.316 9.724 22.207
543 1 1 10.634 23.316 9.736 22.207
544 1 1 10.634 23.316 9.736 22.207
545 1 1 10.634 23.316 9.736 22.207
546 1 1 10.634 23.316 9.736 22.207
547 1 1 10.539 23.159 10.001 22.376
549 1 1 10.551 23.171 9.977 22.340
550 1 1 10.551 23.171 9.977 22.340
551 1 1 10.551 23.171 9.977 22.340
552 1 1 10.563 23.171 9.990 22.340
553 1 1 10.563 23.171 9.990 22.340
554 1 1 10.563 23.159 9.990 22.328
555 1 1 10.563 23.159 9.990 22.328
556 1 1 10.563 23.159 9.990 22.328
557 1 1 10.575 23.159 10.002 22.328
558 1 1 10.575 23.147 10.002 22.316
559 1 1 10.575 23.147 10.002 22.316
560 1 1 10.575 23.147 10.002 22.316
561 1 1 10.575 23.147 10.002 22.316
562 1 1 10.575 23.147 10.002 22.316
16 1 1 24.268 6.991 23.584 6.155
40 1 1 23.989 7.737 22.749 6.575
510 1 1 10.505 22.894 9.279 21.882
548 1 1 10.551 23.171 9.977 22.340
0 2 1 25.756 6.339 24.894 5.692
1 2 1 25.779 6.363 24.882 5.691
2 2 1 25.767 6.375 24.870 5.703
3 2 1 25.743 6.387 24.846 5.715
4 2 1 25.720 6.398 24.822 5.727
5 2 1 25.708 6.410 24.810 5.738
6 2 1 25.708 6.422 24.810 5.750
8 2 1 25.719 6.434 24.775 5.726
9 2 1 25.707 6.446 24.763 5.738
10 2 1 25.695 6.469 24.751 5.761
11 2 1 25.660 6.481 24.715 5.773
12 2 1 25.648 6.481 24.703 5.773
13 2 1 25.612 6.480 24.668 5.773
14 2 1 25.600 6.492 24.656 5.784
15 2 1 25.577 6.516 24.632 5.808
17 2 1 25.517 6.539 24.572 5.831
18 2 1 25.505 6.574 24.560 5.867
19 2 1 25.469 6.586 24.524 5.878
20 2 1 25.445 6.609 24.501 5.902
21 2 1 25.422 6.633 24.477 5.925
22 2 1 25.386 6.668 24.441 5.960
23 2 1 25.338 6.692 24.393 5.984
24 2 1 25.290 6.727 24.345 6.019
25 2 1 25.255 6.774 24.309 6.066
26 2 1 25.231 6.809 24.285 6.101
27 2 1 25.195 6.833 24.250 6.125
28 2 1 25.159 6.856 24.214 6.148
29 2 1 25.016 6.950 24.355 6.292
31 2 1 25.028 6.962 24.332 6.268
32 2 1 25.004 6.985 24.308 6.292
33 2 1 24.968 7.009 24.272 6.315
34 2 1 24.956 7.032 24.260 6.339
35 2 1 24.920 7.056 24.224 6.362
36 2 1 24.897 7.091 24.200 6.397
37 2 1 24.873 7.115 24.176 6.421
38 2 1 24.837 7.150 24.141 6.456
39 2 1 24.789 7.174 24.093 6.480
41 2 1 24.717 7.244 24.021 6.550
42 2 1 24.670 7.279 23.973 6.585
43 2 1 24.622 7.315 23.926 6.621
44 2 1 24.574 7.350 23.878 6.656
45 2 1 24.538 7.385 23.842 6.691
46 2 1 24.503 7.421 23.806 6.726
47 2 1 24.455 7.456 23.758 6.762
48 2 1 24.431 7.479 23.734 6.785
50 2 1 24.605 8.169 23.119 6.305
51 2 1 24.640 8.205 23.072 6.246
52 2 1 24.604 8.217 23.036 6.257
53 2 1 24.545 8.252 22.977 6.292
54 2 1 24.509 8.264 22.941 6.304
55 2 1 24.449 8.299 22.881 6.339
56 2 1 24.414 8.310 22.845 6.350
57 2 1 24.354 8.346 22.786 6.386
58 2 1 24.318 8.357 22.750 6.397
59 2 1 24.258 8.416 22.690 6.456
60 2 1 24.223 8.428 22.654 6.468
61 2 1 24.009 8.391 22.804 7.205
62 2 1 24.033 8.415 22.756 7.158
63 2 1 23.997 8.438 22.721 7.181
64 2 1 23.937 8.485 22.661 7.228
65 2 1 23.901 8.532 22.625 7.275
66 2 1 23.841 8.556 22.565 7.299
67 2 1 23.805 8.603 22.529 7.346
68 2 1 23.746 8.626 22.469 7.369
69 2 1 23.710 8.674 22.433 7.416
70 2 1 23.650 8.697 22.374 7.440
71 2 1 23.591 8.720 22.314 7.463
72 2 1 23.531 8.744 22.254 7.486
73 2 1 23.495 8.767 22.218 7.510
74 2 1 23.435 8.791 22.159 7.533
75 2 1 23.400 8.790 22.123 7.533
76 2 1 23.340 8.814 22.063 7.556
77 2 1 23.304 8.837 22.027 7.580
78 2 1 23.245 8.861 21.967 7.603
79 2 1 23.209 8.884 21.932 7.627
80 2 1 23.149 8.931 21.872 7.674
81 2 1 23.113 8.955 21.836 7.697
82 2 1 23.053 8.978 21.776 7.720
83 2 1 23.017 9.026 21.740 7.768
84 2 1 22.958 9.049 21.680 7.791
85 2 1 22.922 9.072 21.644 7.815
86 2 1 22.862 9.096 21.584 7.838
87 2 1 22.826 9.119 21.548 7.861
88 2 1 22.790 9.143 21.513 7.885
89 2 1 22.754 9.166 21.477 7.909
90 2 1 22.718 9.190 21.441 7.932
91 2 1 22.659 9.142 21.595 8.088
92 2 1 22.683 9.166 21.559 8.052
93 2 1 22.647 9.201 21.523 8.087
94 2 1 22.611 9.213 21.487 8.099
95 2 1 22.551 9.248 21.427 8.134
96 2 1 22.515 9.284 21.391 8.170
97 2 1 22.456 9.319 21.331 8.205
98 2 1 22.420 9.355 21.295 8.240
99 2 1 22.360 9.414 21.235 8.299
100 2 1 22.324 9.449 21.199 8.335
101 2 1 22.288 9.485 21.163 8.370
102 2 1 22.252 9.520 21.127 8.406
103 2 1 22.192 9.579 21.067 8.465
104 2 1 22.156 9.615 21.031 8.500
105 2 1 22.120 9.650 20.995 8.536
106 2 1 22.107 9.686 20.983 8.571
107 2 1 22.071 9.745 20.947 8.631
108 2 1 22.035 9.757 20.911 8.642
109 2 1 21.975 9.816 20.851 8.701
110 2 1 21.939 9.851 20.815 8.737
111 2 1 21.903 9.911 20.778 8.796
112 2 1 21.867 9.946 20.742 8.831
113 2 1 21.807 10.005 20.682 8.891
114 2 1 21.771 10.064 20.646 8.950
115 2 1 21.711 10.100 20.586 8.985
116 2 1 21.675 10.135 20.550 9.021
117 2 1 21.639 10.195 20.514 9.080
118 2 1 21.603 10.230 20.477 9.115
119 2 1 21.567 10.266 20.441 9.151
120 2 1 21.555 10.301 20.429 9.187
121 2 1 21.354 9.990 20.738 9.439
122 2 1 21.390 10.026 20.678 9.379
123 2 1 21.401 10.038 20.643 9.355
124 2 1 21.377 10.074 20.619 9.390
125 2 1 21.341 10.098 20.583 9.414
126 2 1 21.293 10.133 20.535 9.449
127 2 1 21.269 10.180 20.510 9.497
128 2 1 21.233 10.216 20.474 9.532
129 2 1 21.209 10.252 20.450 9.568
130 2 1 21.161 10.299 20.402 9.615
131 2 1 21.125 10.334 20.366 9.651
132 2 1 21.077 10.370 20.318 9.686
133 2 1 21.029 10.417 20.270 9.733
134 2 1 20.981 10.453 20.222 9.769
135 2 1 20.945 10.464 20.186 9.781
137 2 1 20.909 10.512 20.150 9.828
138 2 1 21.052 10.453 19.909 10.065
139 2 1 21.076 10.453 19.873 10.041
140 2 1 21.040 10.477 19.837 10.064
141 2 1 20.992 10.488 19.789 10.076
143 2 1 20.956 10.524 19.753 10.112
144 2 1 20.932 10.548 19.729 10.135
145 2 1 20.775 10.773 19.538 10.063
146 2 1 20.799 10.785 19.491 10.026
147 2 1 20.763 10.809 19.455 10.050
148 2 1 20.727 10.844 19.419 10.086
149 2 1 20.667 10.868 19.359 10.109
150 2 1 20.631 10.903 19.323 10.145
151 2 1 20.571 10.927 19.263 10.168
152 2 1 20.535 10.962 19.226 10.204
153 2 1 20.462 11.200 19.310 10.168
154 2 1 20.485 11.224 19.275 10.132
155 2 1 20.437 11.260 19.227 10.168
156 2 1 20.413 11.296 19.202 10.204
157 2 1 20.365 11.307 19.155 10.215
158 2 1 20.317 11.319 19.107 10.227
159 2 1 20.270 11.331 19.059 10.238
160 2 1 20.222 11.342 19.011 10.250
161 2 1 20.174 11.354 18.963 10.262
162 2 1 20.126 11.389 18.915 10.297
163 2 1 20.102 11.425 18.890 10.333
164 2 1 20.053 11.461 18.842 10.368
165 2 1 20.006 11.472 18.794 10.380
166 2 1 19.981 11.508 18.770 10.416
167 2 1 19.933 11.543 18.722 10.451
168 2 1 19.885 11.579 18.674 10.487
169 2 1 19.837 11.591 18.626 10.498
170 2 1 19.789 11.626 18.578 10.534
171 2 1 19.741 11.662 18.530 10.569
172 2 1 19.717 11.697 18.505 10.605
173 2 1 19.669 11.709 18.457 10.617
174 2 1 19.621 11.745 18.409 10.652
175 2 1 19.573 11.756 18.361 10.664
176 2 1 19.549 11.792 18.337 10.699
177 2 1 19.501 11.804 18.289 10.711
178 2 1 19.477 11.839 18.265 10.747
179 2 1 19.453 11.851 18.241 10.758
180 2 1 19.405 11.887 18.192 10.794
181 2 1 19.357 11.898 18.144 10.806
182 2 1 19.332 11.934 18.120 10.841
183 2 1 19.105 11.909 17.868 10.923
184 2 1 19.129 11.933 17.820 10.887
185 2 1 19.069 11.945 17.760 10.899
186 2 1 19.009 11.956 17.700 10.911
187 2 1 18.949 11.944 17.641 10.898
188 2 1 18.889 11.979 17.580 10.934
189 2 1 18.853 11.967 17.545 10.922
190 2 1 18.793 12.003 17.484 10.957
191 2 1 18.757 12.015 17.448 10.969
192 2 1 18.697 12.050 17.388 11.004
193 2 1 18.661 12.062 17.352 11.016
194 2 1 18.601 12.073 17.292 11.028
195 2 1 18.565 12.061 17.256 11.016
196 2 1 18.505 12.073 17.196 11.027
197 2 1 18.469 12.085 17.160 11.039
198 2 1 18.409 12.096 17.100 11.050
199 2 1 18.373 12.108 17.064 11.062
200 2 1 18.313 12.120 17.004 11.074
201 2 1 18.277 12.132 16.968 11.086
202 2 1 18.217 12.167 16.907 11.121
203 2 1 18.157 12.179 16.847 11.133
204 2 1 18.097 12.214 16.787 11.168
205 2 1 18.061 12.226 16.751 11.180
206 2 1 18.001 12.238 16.691 11.192
207 2 1 17.965 12.249 16.655 11.203
208 2 1 17.905 12.261 16.595 11.215
209 2 1 17.869 12.273 16.559 11.227
210 2 1 17.809 12.285 16.499 11.238
211 2 1 17.773 12.296 16.462 11.250
212 2 1 17.713 12.308 16.402 11.262
213 2 1 17.391 12.103 16.892 11.479
214 2 1 17.426 12.139 16.845 11.419
215 2 1 17.438 12.151 16.821 11.383
216 2 1 17.402 12.163 16.785 11.395
217 2 1 17.354 12.163 16.737 11.395
218 2 1 17.306 12.175 16.689 11.407
219 2 1 17.258 12.198 16.641 11.430
220 2 1 17.210 12.210 16.593 11.442
221 2 1 17.150 12.210 16.533 11.442
222 2 1 17.102 12.221 16.485 11.453
223 2 1 17.042 12.245 16.424 11.477
224 2 1 16.994 12.257 16.376 11.489
226 2 1 16.934 12.256 16.316 11.488
227 2 1 16.886 12.268 16.268 11.500
228 2 1 16.849 12.304 16.232 11.536
229 2 1 16.861 12.316 16.208 11.500
231 2 1 16.825 12.339 16.172 11.523
232 2 1 16.789 12.363 16.136 11.547
233 2 1 16.765 12.387 16.112 11.571
234 2 1 16.526 12.183 15.201 11.267
235 2 1 16.550 12.195 15.154 11.231
236 2 1 16.526 12.230 15.129 11.267
237 2 1 16.454 12.242 15.057 11.278
238 2 1 16.454 12.278 15.057 11.314
239 2 1 16.429 12.290 15.033 11.326
240 2 1 16.381 12.325 14.984 11.361
241 2 1 16.357 12.337 14.960 11.373
242 2 1 16.333 12.373 14.936 11.409
243 2 1 16.260 12.408 14.863 11.445
244 2 1 16.437 12.828 15.401 11.782
245 2 1 16.461 12.852 15.365 11.746
246 2 1 16.412 12.876 15.317 11.770
247 2 1 16.388 12.899 15.293 11.794
248 2 1 16.364 12.923 15.269 11.817
249 2 1 16.316 12.971 15.220 11.865
250 2 1 16.291 12.995 15.196 11.889
251 2 1 16.267 13.042 15.171 11.937
252 2 1 16.242 13.090 15.147 11.984
253 2 1 16.218 13.114 15.123 12.008
254 2 1 16.194 13.162 15.098 12.056
255 2 1 16.170 13.185 15.074 12.080
256 2 1 16.145 13.233 15.049 12.127
257 2 1 16.121 13.281 15.025 12.175
258 2 1 16.096 13.329 15.000 12.223
259 2 1 16.072 13.376 14.976 12.271
260 2 1 16.047 13.448 14.951 12.342
261 2 1 16.023 13.496 14.927 12.390
262 2 1 15.998 13.544 14.902 12.438
263 2 1 15.974 13.591 14.878 12.486
264 2 1 15.949 13.639 14.853 12.533
265 2 1 15.949 13.687 14.853 12.581
266 2 1 15.925 13.735 14.828 12.629
267 2 1 15.924 13.759 14.828 12.653
268 2 1 15.900 13.807 14.804 12.701
269 2 1 15.875 13.854 14.779 12.748
270 2 1 15.851 13.902 14.755 12.796
271 2 1 15.827 13.950 14.730 12.844
272 2 1 15.802 13.974 14.706 12.868
273 2 1 15.778 14.022 14.681 12.916
274 2 1 15.451 14.248 14.884 13.180
275 2 1 15.463 14.272 14.860 13.144
276 2 1 15.439 14.320 14.835 13.192
277 2 1 15.414 14.379 14.811 13.251
278 2 1 15.390 14.427 14.786 13.299
279 2 1 15.365 14.487 14.762 13.359
280 2 1 15.341 14.523 14.737 13.395
281 2 1 15.316 14.571 14.713 13.443
282 2 1 15.292 14.606 14.688 13.478
283 2 1 15.267 14.642 14.664 13.514
284 2 1 15.243 14.690 14.640 13.562
285 2 1 15.219 14.726 14.615 13.598
286 2 1 15.194 14.762 14.591 13.634
287 2 1 15.170 14.810 14.566 13.681
288 2 1 15.145 14.846 14.542 13.717
289 2 1 15.109 14.881 14.505 13.753
290 2 1 15.096 14.929 14.493 13.801
291 2 1 15.060 14.977 14.456 13.849
292 2 1 15.047 15.025 14.444 13.897
293 2 1 15.011 15.085 14.407 13.956
294 2 1 14.986 15.133 14.383 14.004
295 2 1 14.962 15.192 14.358 14.064
296 2 1 14.925 15.240 14.322 14.112
297 2 1 14.889 15.288 14.285 14.159
298 2 1 14.876 15.336 14.273 14.207
299 2 1 14.852 15.384 14.248 14.255
300 2 1 14.827 15.432 14.224 14.303
301 2 1 14.815 15.480 14.211 14.351
302 2 1 14.802 15.515 14.199 14.387
303 2 1 14.778 15.563 14.174 14.435
304 2 1 14.720 15.299 14.098 14.818
305 2 1 14.756 15.336 14.039 14.770
306 2 1 14.768 15.348 14.003 14.746
307 2 1 14.755 15.395 13.990 14.794
308 2 1 14.719 15.443 13.954 14.841
309 2 1 14.718 15.491 13.953 14.889
310 2 1 14.706 15.551 13.941 14.949
311 2 1 14.681 15.611 13.916 15.009
312 2 1 14.669 15.671 13.903 15.069
313 2 1 14.656 15.731 13.891 15.129
314 2 1 14.631 15.779 13.866 15.177
315 2 1 14.619 15.827 13.854 15.225
317 2 1 14.619 15.875 13.853 15.273
318 2 1 14.594 15.934 13.829 15.333
319 2 1 14.570 15.970 13.804 15.369
320 2 1 14.557 16.018 13.792 15.416
321 2 1 14.544 16.138 13.779 15.476
322 2 1 14.556 16.150 13.743 15.452
323 2 1 14.543 16.198 13.731 15.500
324 2 1 14.531 16.246 13.718 15.548
325 2 1 14.506 16.306 13.694 15.608
326 2 1 14.482 16.354 13.669 15.656
327 2 1 14.469 16.402 13.656 15.704
328 2 1 14.457 16.462 13.644 15.764
329 2 1 14.432 16.522 13.619 15.824
330 2 1 14.407 16.582 13.595 15.884
331 2 1 14.383 16.642 13.570 15.944
332 2 1 14.370 16.701 13.557 16.004
333 2 1 14.358 16.761 13.545 16.064
334 2 1 14.333 16.821 13.520 16.123
335 2 1 14.248 16.845 13.678 16.004
337 2 1 14.260 16.857 13.654 15.968
338 2 1 14.248 16.905 13.642 16.016
339 2 1 14.247 16.953 13.641 16.064
340 2 1 14.235 17.001 13.629 16.112
341 2 1 14.198 17.037 13.592 16.148
342 2 1 14.342 17.133 13.433 16.447
343 2 1 14.354 17.145 13.397 16.423
344 2 1 14.342 17.193 13.384 16.471
345 2 1 14.341 17.229 13.384 16.507
346 2 1 14.317 17.277 13.359 16.555
347 2 1 14.304 17.337 13.347 16.615
348 2 1 14.280 17.385 13.322 16.663
350 2 1 14.267 17.445 13.309 16.723
351 2 1 14.267 17.505 13.309 16.783
352 2 1 14.242 17.553 13.284 16.831
353 2 1 14.229 17.613 13.272 16.891
354 2 1 14.205 17.661 13.247 16.939
355 2 1 14.192 17.709 13.235 16.987
356 2 1 14.059 17.841 13.258 17.071
357 2 1 14.070 17.853 13.222 17.035
358 2 1 14.058 17.901 13.209 17.083
359 2 1 14.046 17.949 13.197 17.131
360 2 1 14.021 17.997 13.172 17.179
361 2 1 14.009 18.033 13.160 17.215
362 2 1 13.984 18.093 13.135 17.275
363 2 1 13.972 18.129 13.123 17.311
364 2 1 13.947 18.189 13.098 17.371
365 2 1 13.922 18.237 13.074 17.419
366 2 1 13.898 18.297 13.049 17.479
367 2 1 13.847 18.525 13.291 17.419
368 2 1 13.859 18.549 13.267 17.383
369 2 1 13.834 18.609 13.242 17.443
371 2 1 13.810 18.645 13.218 17.479
372 2 1 13.797 18.705 13.205 17.539
373 2 1 13.773 18.753 13.181 17.587
374 2 1 13.760 18.801 13.168 17.635
375 2 1 13.748 18.849 13.156 17.683
376 2 1 13.735 18.897 13.143 17.731
377 2 1 13.723 18.945 13.131 17.779
378 2 1 13.855 19.006 12.910 18.175
379 2 1 13.867 19.018 12.862 18.139
380 2 1 13.854 19.066 12.849 18.187
381 2 1 13.842 19.114 12.837 18.235
382 2 1 13.817 19.174 12.812 18.295
383 2 1 13.805 19.234 12.799 18.356
384 2 1 13.792 19.282 12.787 18.404
386 2 1 13.779 19.342 12.774 18.464
387 2 1 13.767 19.402 12.761 18.524
388 2 1 13.766 19.462 12.761 18.584
389 2 1 13.754 19.522 12.748 18.644
390 2 1 13.741 19.570 12.736 18.692
391 2 1 13.729 19.618 12.723 18.740
392 2 1 13.716 19.666 12.711 18.788
393 2 1 13.704 19.715 12.698 18.836
394 2 1 13.655 19.775 12.660 19.028
395 2 1 13.679 19.787 12.624 18.992
396 2 1 13.666 19.835 12.612 19.040
397 2 1 13.654 19.883 12.599 19.089
398 2 1 13.641 19.931 12.586 19.137
399 2 1 13.435 20.015 12.913 19.053
400 2 1 13.447 20.039 12.890 19.017
401 2 1 13.435 20.087 12.877 19.065
402 2 1 13.410 20.147 12.852 19.125
403 2 1 13.385 20.195 12.828 19.173
405 2 1 13.373 20.243 12.815 19.221
406 2 1 13.360 20.304 12.802 19.281
407 2 1 13.335 20.376 12.778 19.353
408 2 1 13.311 20.424 12.753 19.401
409 2 1 13.298 20.472 12.740 19.449
410 2 1 13.298 20.532 12.740 19.510
411 2 1 13.285 20.568 12.728 19.546
412 2 1 13.261 20.628 12.703 19.606
413 2 1 13.248 20.664 12.690 19.642
414 2 1 13.404 20.785 12.422 19.870
415 2 1 13.428 20.797 12.387 19.834
416 2 1 13.416 20.845 12.374 19.882
417 2 1 13.415 20.893 12.373 19.930
418 2 1 13.403 20.941 12.361 19.978
419 2 1 13.390 20.989 12.348 20.026
421 2 1 13.390 21.037 12.348 20.075
422 2 1 13.389 21.097 12.347 20.135
423 2 1 13.376 21.145 12.335 20.183
424 2 1 13.364 21.206 12.322 20.243
425 2 1 13.375 21.278 12.334 20.315
426 2 1 13.351 21.338 12.309 20.375
427 2 1 13.338 21.374 12.296 20.411
428 2 1 13.337 21.446 12.296 20.484
429 2 1 13.337 21.494 12.295 20.532
430 2 1 13.324 21.543 12.283 20.580
431 2 1 13.058 21.603 12.522 20.773
432 2 1 13.070 21.615 12.499 20.736
433 2 1 13.058 21.663 12.486 20.785
434 2 1 13.045 21.711 12.474 20.833
435 2 1 13.033 21.759 12.461 20.881
436 2 1 13.020 21.807 12.448 20.929
437 2 1 13.008 21.856 12.436 20.977
438 2 1 12.983 21.904 12.411 21.025
439 2 1 12.970 21.952 12.399 21.073
440 2 1 12.946 22.000 12.374 21.122
441 2 1 12.921 22.060 12.349 21.182
442 2 1 12.896 22.109 12.325 21.230
443 2 1 12.872 22.157 12.300 21.278
444 2 1 12.859 22.205 12.288 21.326
445 2 1 12.835 22.253 12.263 21.374
446 2 1 12.810 22.301 12.238 21.423
447 2 1 12.797 22.349 12.226 21.471
448 2 1 12.785 22.386 12.213 21.507
449 2 1 12.772 22.434 12.201 21.555
450 2 1 12.760 22.470 12.188 21.591
451 2 1 12.760 22.506 12.188 21.627
452 2 1 12.747 22.554 12.175 21.675
453 2 1 12.735 22.590 12.163 21.712
454 2 1 12.734 22.638 12.162 21.760
455 2 1 12.722 22.675 12.150 21.796
457 2 1 12.721 22.723 12.150 21.844
458 2 1 12.709 22.771 12.137 21.892
459 2 1 12.708 22.819 12.137 21.940
460 2 1 12.696 22.867 12.124 21.989
461 2 1 12.695 22.916 12.123 22.037
462 2 1 12.707 23.012 12.040 21.868
463 2 1 12.718 23.036 12.017 21.832
464 2 1 12.694 23.084 11.992 21.880
465 2 1 12.681 23.120 11.980 21.916
466 2 1 12.669 23.157 11.967 21.953
467 2 1 12.669 23.193 11.967 21.989
468 2 1 12.800 23.397 11.855 22.278
469 2 1 12.811 23.421 11.807 22.242
470 2 1 12.811 23.446 11.807 22.266
471 2 1 12.811 23.494 11.806 22.314
472 2 1 12.786 23.542 11.782 22.362
473 2 1 12.786 23.566 11.781 22.386
474 2 1 12.761 23.614 11.757 22.435
475 2 1 12.761 23.662 11.756 22.483
476 2 1 12.760 23.711 11.756 22.531
477 2 1 12.736 23.759 11.731 22.579
478 2 1 12.759 23.807 11.755 22.627
479 2 1 12.759 23.855 11.754 22.676
480 2 1 12.759 23.879 11.754 22.700
481 2 1 12.758 23.928 11.754 22.748
482 2 1 12.758 23.952 11.753 22.772
483 2 1 12.758 23.976 11.753 22.796
484 2 1 12.758 24.000 11.753 22.820
486 2 1 12.757 24.024 11.753 22.844
487 2 1 12.757 24.048 11.753 22.868
488 2 1 12.757 24.048 11.753 22.868
489 2 1 12.757 24.048 11.753 22.868
490 2 1 12.757 24.072 11.752 22.893
491 2 1 12.757 24.072 11.752 22.893
492 2 1 12.757 24.072 11.752 22.893
493 2 1 12.468 23.928 11.833 23.278
494 2 1 12.480 23.940 11.809 23.254
495 2 1 12.480 23.940 11.809 23.254
496 2 1 12.492 23.952 11.821 23.266
497 2 1 12.492 23.952 11.821 23.266
498 2 1 12.719 24.217 11.749 23.194
499 2 1 12.743 24.241 11.713 23.158
500 2 1 12.743 24.241 11.713 23.158
501 2 1 12.743 24.265 11.713 23.182
502 2 1 12.743 24.265 11.713 23.182
503 2 1 12.743 24.289 11.713 23.206
504 2 1 12.743 24.289 11.713 23.206
505 2 1 12.743 24.289 11.713 23.206
506 2 1 12.743 24.289 11.713 23.206
507 2 1 12.742 24.313 11.713 23.230
508 2 1 12.816 24.193 11.666 23.074
509 2 1 12.840 24.217 11.630 23.037
511 2 1 12.840 24.217 11.630 23.037
512 2 1 12.852 24.217 11.642 23.037
513 2 1 12.840 24.217 11.630 23.037
514 2 1 12.852 24.217 11.642 23.037
515 2 1 12.840 24.217 11.630 23.037
516 2 1 12.852 24.217 11.642 23.037
517 2 1 12.864 24.217 11.654 23.037
518 2 1 12.876 24.217 11.666 23.037
519 2 1 12.888 24.217 11.678 23.037
520 2 1 12.901 24.217 11.690 23.037
521 2 1 12.913 24.217 11.702 23.037
522 2 1 12.925 24.217 11.715 23.037
523 2 1 12.649 24.012 12.063 23.338
524 2 1 12.661 24.024 12.039 23.314
525 2 1 12.673 24.024 12.051 23.314
526 2 1 12.685 24.024 12.063 23.314
527 2 1 12.697 24.024 12.075 23.314
528 2 1 12.709 24.024 12.087 23.314
529 2 1 12.709 24.024 12.087 23.314
530 2 1 12.721 24.024 12.099 23.314
531 2 1 12.733 24.024 12.111 23.314
532 2 1 12.745 24.024 12.123 23.314
533 2 1 12.757 24.024 12.135 23.314
534 2 1 12.769 24.036 12.147 23.326
535 2 1 12.769 24.024 12.147 23.314
536 2 1 12.781 24.036 12.159 23.326
537 2 1 12.782 24.024 12.160 23.314
538 2 1 12.781 24.036 12.159 23.326
539 2 1 12.782 24.024 12.160 23.314
540 2 1 12.781 24.036 12.159 23.326
541 2 1 12.782 24.024 12.160 23.314
542 2 1 12.781 24.036 12.159 23.326
543 2 1 12.782 24.024 12.160 23.314
544 2 1 12.782 24.024 12.160 23.314
545 2 1 12.782 24.024 12.160 23.314
546 2 1 12.782 24.024 12.160 23.314
547 2 1 12.769 24.024 12.147 23.314
549 2 1 12.770 24.012 12.148 23.302
550 2 1 12.770 24.000 12.148 23.290
551 2 1 12.770 24.012 12.148 23.302
552 2 1 12.758 24.000 12.136 23.290
553 2 1 12.733 24.012 12.159 23.350
554 2 1 12.745 24.024 12.135 23.326
555 2 1 12.745 24.024 12.135 23.326
556 2 1 12.733 24.024 12.123 23.326
557 2 1 12.745 24.024 12.135 23.326
558 2 1 12.733 24.024 12.123 23.326
559 2 1 12.733 24.024 12.123 23.326
560 2 1 12.733 24.012 12.123 23.314
561 2 1 12.733 24.012 12.123 23.314
562 2 1 12.721 24.012 12.111 23.314
563 2 1 12.709 24.012 12.099 23.314
16 2 1 25.553 6.527 24.608 5.820
40 2 1 24.753 7.209 24.057 6.515
510 2 1 12.852 24.217 11.642 23.037
548 2 1 12.769 24.024 12.147 23.314
0 3 1 25.793 7.976 24.811 7.411
1 3 1 25.828 8.000 24.799 7.411
2 3 1 25.793 8.024 24.764 7.434
3 3 1 25.769 8.047 24.740 7.458
4 3 1 25.733 8.071 24.704 7.481
5 3 1 25.685 8.082 24.656 7.493
6 3 1 25.650 8.094 24.621 7.505
7 3 1 25.614 8.117 24.585 7.528
8 3 1 25.555 8.141 24.525 7.551
9 3 1 25.519 8.152 24.490 7.563
11 3 1 25.543 8.164 24.454 7.539
12 3 1 25.507 8.176 24.419 7.550
13 3 1 25.459 8.187 24.371 7.562
14 3 1 25.424 8.199 24.335 7.574
15 3 1 25.376 8.211 24.288 7.585
18 3 1 25.364 8.234 24.216 7.573
19 3 1 25.317 8.246 24.169 7.584
20 3 1 25.269 8.281 24.121 7.619
21 3 1 25.209 8.281 24.062 7.619
22 3 1 25.162 8.292 24.014 7.631
23 3 1 25.114 8.327 23.966 7.666
24 3 1 25.055 8.327 23.907 7.665
25 3 1 24.995 8.350 23.847 7.689
26 3 1 24.948 8.362 23.800 7.700
28 3 1 24.971 8.374 23.764 7.676
29 3 1 24.924 8.385 23.716 7.688
30 3 1 24.341 8.559 23.751 7.807
31 3 1 24.352 8.571 23.728 7.771
32 3 1 24.305 8.583 23.680 7.782
33 3 1 24.257 8.594 23.632 7.794
34 3 1 24.210 8.606 23.585 7.805
35 3 1 24.150 8.617 23.525 7.817
36 3 1 24.091 8.629 23.466 7.828
37 3 1 24.043 8.640 23.418 7.840
38 3 1 23.983 8.652 23.359 7.851
39 3 1 23.912 8.663 23.287 7.863
41 3 1 23.817 8.686 23.192 7.886
42 3 1 23.769 8.710 23.144 7.909
43 3 1 23.721 8.721 23.096 7.921
44 3 1 23.674 8.733 23.049 7.932
45 3 1 23.638 8.756 23.013 7.956
47 3 1 23.650 8.768 22.989 7.920
48 3 1 23.614 8.792 22.953 7.943
49 3 1 23.566 8.803 22.906 7.955
50 3 1 23.530 8.827 22.870 7.978
51 3 1 23.483 8.850 22.822 8.002
52 3 1 23.423 8.862 22.762 8.013
53 3 1 23.375 8.885 22.715 8.037
54 3 1 23.316 8.909 22.655 8.060
55 3 1 23.268 8.932 22.607 8.083
56 3 1 23.208 8.955 22.547 8.107
57 3 1 23.160 8.979 22.500 8.130
58 3 1 23.113 9.002 22.452 8.154
59 3 1 23.065 9.038 22.404 8.189
60 3 1 22.839 8.989 22.271 8.438
61 3 1 22.874 9.025 22.212 8.378
62 3 1 22.886 9.037 22.188 8.354
63 3 1 22.838 9.060 22.141 8.377
64 3 1 22.791 9.083 22.093 8.401
65 3 1 22.743 9.119 22.045 8.436
66 3 1 22.695 9.154 21.997 8.471
67 3 1 22.635 9.178 21.937 8.495
68 3 1 22.564 9.201 21.866 8.518
69 3 1 22.504 9.236 21.806 8.553
70 3 1 22.456 9.272 21.758 8.589
71 3 1 22.396 9.283 21.698 8.600
72 3 1 22.336 9.318 21.638 8.635
73 3 1 22.289 9.342 21.590 8.659
74 3 1 22.229 9.365 21.531 8.682
75 3 1 22.181 9.389 21.483 8.706
76 3 1 22.133 9.412 21.435 8.729
77 3 1 22.085 9.436 21.387 8.753
79 3 1 22.251 9.580 21.041 8.822
80 3 1 22.275 9.592 20.993 8.786
81 3 1 22.239 9.615 20.957 8.809
82 3 1 22.203 9.615 20.921 8.809
83 3 1 22.144 9.638 20.862 8.832
84 3 1 22.084 9.686 20.802 8.879
85 3 1 22.024 9.709 20.742 8.903
86 3 1 21.964 9.732 20.682 8.926
87 3 1 21.904 9.780 20.622 8.974
88 3 1 21.844 9.803 20.562 8.997
89 3 1 21.785 9.803 20.502 8.997
90 3 1 21.725 9.826 20.442 9.020
91 3 1 21.272 9.776 20.679 9.236
92 3 1 21.308 9.812 20.620 9.188
93 3 1 21.319 9.824 20.596 9.164
94 3 1 21.272 9.847 20.549 9.187
95 3 1 21.212 9.870 20.489 9.211
96 3 1 21.152 9.894 20.429 9.234
97 3 1 21.116 9.917 20.393 9.258
98 3 1 21.056 9.941 20.333 9.281
99 3 1 21.008 9.964 20.285 9.305
100 3 1 20.948 9.988 20.225 9.328
101 3 1 20.889 10.011 20.165 9.352
102 3 1 20.841 10.035 20.117 9.375
103 3 1 20.781 10.058 20.057 9.398
104 3 1 20.721 10.082 19.997 9.422
105 3 1 20.685 10.105 19.961 9.446
106 3 1 20.625 10.117 19.902 9.457
107 3 1 20.601 10.153 19.877 9.493
108 3 1 20.553 10.164 19.830 9.504
110 3 1 20.517 10.188 19.793 9.528
111 3 1 20.529 10.200 19.758 9.504
112 3 1 20.493 10.223 19.722 9.527
113 3 1 20.445 10.247 19.674 9.551
114 3 1 20.397 10.270 19.626 9.574
115 3 1 20.349 10.294 19.578 9.598
116 3 1 20.313 10.318 19.542 9.622
117 3 1 20.265 10.341 19.494 9.645
118 3 1 20.229 10.365 19.458 9.669
119 3 1 20.205 10.377 19.434 9.680
120 3 1 20.169 10.400 19.398 9.704
121 3 1 19.810 10.422 19.277 9.906
122 3 1 19.846 10.458 19.229 9.858
123 3 1 19.858 10.470 19.205 9.834
124 3 1 19.834 10.482 19.181 9.846
125 3 1 19.798 10.505 19.145 9.869
126 3 1 19.774 10.517 19.121 9.881
127 3 1 19.738 10.517 19.085 9.881
128 3 1 19.702 10.528 19.049 9.893
129 3 1 19.678 10.552 19.025 9.916
130 3 1 19.642 10.564 18.989 9.928
131 3 1 19.594 10.564 18.941 9.928
132 3 1 19.558 10.575 18.906 9.939
133 3 1 19.522 10.599 18.869 9.963
134 3 1 19.474 10.611 18.821 9.975
135 3 1 19.438 10.610 18.786 9.974
136 3 1 19.414 10.622 18.762 9.986
137 3 1 19.378 10.646 18.725 10.010
138 3 1 19.342 10.658 18.690 10.022
139 3 1 19.318 10.669 18.665 10.033
141 3 1 19.294 10.693 18.641 10.057
142 3 1 19.473 10.813 18.342 10.043
143 3 1 19.497 10.825 18.307 10.007
144 3 1 19.473 10.837 18.283 10.019
145 3 1 19.449 10.837 18.259 10.019
146 3 1 19.425 10.861 18.235 10.043
147 3 1 19.400 10.873 18.210 10.054
148 3 1 19.376 10.908 18.186 10.090
149 3 1 19.340 10.908 18.150 10.090
150 3 1 19.304 10.932 18.114 10.113
151 3 1 19.280 10.943 18.090 10.125
152 3 1 18.898 10.834 18.412 10.330
153 3 1 18.934 10.870 18.364 10.282
154 3 1 18.970 10.906 18.305 10.222
155 3 1 18.981 10.918 18.281 10.198
156 3 1 18.957 10.930 18.257 10.210
157 3 1 18.933 10.941 18.233 10.221
158 3 1 18.897 10.953 18.197 10.233
159 3 1 18.861 10.965 18.161 10.245
160 3 1 18.837 10.977 18.137 10.257
161 3 1 18.801 10.988 18.101 10.268
162 3 1 18.753 11.000 18.053 10.280
163 3 1 18.717 11.012 18.017 10.292
164 3 1 18.682 11.012 17.981 10.292
165 3 1 18.634 11.023 17.933 10.303
166 3 1 18.586 11.035 17.885 10.315
167 3 1 18.538 11.047 17.837 10.326
169 3 1 18.502 11.058 17.801 10.338
170 3 1 18.466 11.070 17.765 10.350
171 3 1 18.526 10.951 17.561 10.361
172 3 1 18.550 10.963 17.525 10.337
173 3 1 18.514 10.975 17.489 10.348
174 3 1 18.478 10.987 17.453 10.360
175 3 1 18.442 10.998 17.417 10.372
176 3 1 18.406 11.022 17.381 10.395
178 3 1 18.382 11.034 17.357 10.407
179 3 1 18.346 11.046 17.321 10.419
180 3 1 18.310 11.057 17.285 10.431
181 3 1 18.369 11.177 16.949 10.429
182 3 1 18.393 11.189 16.890 10.392
183 3 1 18.345 11.201 16.842 10.404
184 3 1 17.997 11.258 17.140 10.573
185 3 1 18.009 11.270 17.104 10.549
186 3 1 17.973 11.282 17.068 10.561
187 3 1 17.937 11.282 17.032 10.560
189 3 1 17.901 11.294 16.996 10.572
190 3 1 17.877 11.306 16.972 10.584
191 3 1 17.841 11.305 16.936 10.584
192 3 1 17.805 11.317 16.900 10.595
193 3 1 17.686 11.221 16.816 10.547
194 3 1 17.698 11.233 16.781 10.523
195 3 1 17.674 11.233 16.757 10.523
196 3 1 17.638 11.245 16.720 10.535
197 3 1 17.602 11.256 16.684 10.546
198 3 1 17.566 11.256 16.648 10.546
199 3 1 17.530 11.256 16.612 10.546
200 3 1 17.494 11.268 16.576 10.558
201 3 1 17.458 11.279 16.540 10.569
203 3 1 17.410 11.267 16.492 10.557
204 3 1 17.374 11.291 16.456 10.581
205 3 1 17.326 11.291 16.408 10.581
206 3 1 17.278 11.302 16.360 10.592
207 3 1 17.230 11.302 16.312 10.592
208 3 1 17.266 11.231 16.383 10.664
209 3 1 17.278 11.243 16.348 10.640
211 3 1 17.242 11.254 16.312 10.652
212 3 1 17.218 11.266 16.287 10.664
213 3 1 17.182 11.278 16.251 10.675
214 3 1 17.146 11.290 16.215 10.687
215 3 1 17.110 11.313 16.179 10.711
216 3 1 17.061 11.337 16.131 10.734
217 3 1 16.975 11.611 15.867 10.733
218 3 1 16.999 11.623 15.831 10.697
219 3 1 16.951 11.647 15.783 10.720
220 3 1 16.927 11.695 15.758 10.768
221 3 1 16.854 11.718 15.686 10.792
222 3 1 16.830 11.718 15.662 10.791
223 3 1 16.782 11.742 15.614 10.815
224 3 1 16.734 11.789 15.565 10.863
225 3 1 16.710 11.813 15.541 10.886
226 3 1 16.686 11.813 15.517 10.886
227 3 1 16.638 11.813 15.469 10.886
228 3 1 16.589 11.836 15.421 10.910
229 3 1 16.541 11.860 15.372 10.933
230 3 1 16.493 11.860 15.324 10.933
231 3 1 16.469 11.907 15.300 10.981
232 3 1 16.445 11.931 15.276 11.004
233 3 1 16.396 11.979 15.227 11.052
234 3 1 16.348 12.026 15.179 11.099
235 3 1 16.323 12.050 15.155 11.123
236 3 1 16.299 12.074 15.130 11.147
237 3 1 16.227 12.121 15.058 11.194
238 3 1 16.203 12.145 15.033 11.218
239 3 1 16.131 12.145 14.961 11.218
240 3 1 16.130 12.169 14.961 11.242
241 3 1 16.106 12.216 14.937 11.289
242 3 1 16.058 12.240 14.888 11.313
243 3 1 16.033 12.264 14.864 11.337
244 3 1 16.033 12.312 14.864 11.385
245 3 1 15.985 12.335 14.815 11.408
246 3 1 15.937 12.335 14.767 11.408
247 3 1 15.731 12.490 14.754 11.504
248 3 1 15.755 12.514 14.719 11.468
249 3 1 15.719 12.549 14.682 11.503
250 3 1 15.682 12.585 14.646 11.539
251 3 1 15.646 12.597 14.610 11.551
252 3 1 15.610 12.657 14.573 11.610
253 3 1 15.573 12.668 14.537 11.622
254 3 1 15.537 12.728 14.500 11.682
255 3 1 15.501 12.740 14.464 11.694
256 3 1 15.464 12.776 14.428 11.729
257 3 1 15.452 12.811 14.415 11.765
258 3 1 15.416 12.847 14.379 11.801
259 3 1 15.379 12.859 14.343 11.813
260 3 1 15.343 12.895 14.306 11.848
261 3 1 15.307 12.930 14.270 11.884
262 3 1 15.270 12.966 14.233 11.920
263 3 1 15.234 13.002 14.197 11.956
264 3 1 15.198 13.038 14.160 11.991
265 3 1 15.161 13.073 14.124 12.027
266 3 1 15.125 13.133 14.087 12.087
267 3 1 15.088 13.169 14.051 12.122
268 3 1 15.052 13.205 14.015 12.158
269 3 1 15.015 13.240 13.978 12.194
270 3 1 14.979 13.300 13.941 12.254
271 3 1 14.967 13.312 13.929 12.265
272 3 1 14.930 13.372 13.893 12.325
273 3 1 14.894 13.407 13.856 12.361
274 3 1 14.881 13.443 13.844 12.397
275 3 1 14.869 13.479 13.831 12.433
276 3 1 14.832 13.539 13.795 12.492
277 3 1 14.665 13.430 13.962 12.637
278 3 1 14.677 13.442 13.926 12.601
279 3 1 14.652 13.478 13.902 12.637
280 3 1 14.616 13.526 13.865 12.684
281 3 1 14.591 13.574 13.841 12.732
282 3 1 14.567 13.622 13.816 12.780
283 3 1 14.542 13.669 13.792 12.828
285 3 1 14.506 13.729 13.755 12.887
286 3 1 14.493 13.789 13.742 12.947
287 3 1 14.469 13.825 13.718 12.983
288 3 1 14.444 13.873 13.693 13.031
289 3 1 14.408 13.908 13.657 13.067
290 3 1 14.371 13.944 13.620 13.102
291 3 1 14.347 13.992 13.596 13.150
292 3 1 14.335 13.932 13.559 13.234
293 3 1 14.347 13.944 13.523 13.210
294 3 1 14.323 13.980 13.499 13.246
295 3 1 14.286 14.016 13.462 13.281
296 3 1 14.262 14.076 13.438 13.341
297 3 1 14.237 14.111 13.413 13.377
298 3 1 14.201 14.183 13.376 13.449
299 3 1 14.176 14.231 13.352 13.497
301 3 1 14.152 14.279 13.327 13.544
302 3 1 14.115 14.327 13.291 13.592
303 3 1 14.090 14.386 13.266 13.652
304 3 1 14.066 14.422 13.241 13.688
305 3 1 14.029 14.482 13.205 13.748
306 3 1 14.005 14.518 13.180 13.784
307 3 1 13.980 14.578 13.156 13.843
308 3 1 13.956 14.614 13.131 13.879
309 3 1 13.810 14.769 13.177 14.083
310 3 1 13.822 14.781 13.154 14.059
311 3 1 13.797 14.829 13.129 14.107
312 3 1 13.773 14.889 13.104 14.167
313 3 1 13.748 14.937 13.080 14.215
314 3 1 13.735 14.997 13.067 14.275
315 3 1 13.711 15.056 13.042 14.335
316 3 1 13.698 15.104 13.030 14.383
317 3 1 13.674 15.164 13.005 14.442
318 3 1 13.649 15.224 12.981 14.502
319 3 1 13.624 15.272 12.956 14.550
320 3 1 13.612 15.320 12.944 14.598
321 3 1 13.587 15.368 12.919 14.646
322 3 1 13.563 15.416 12.894 14.694
323 3 1 13.538 15.464 12.870 14.742
324 3 1 13.659 15.440 12.664 14.813
325 3 1 13.683 15.452 12.628 14.789
326 3 1 13.658 15.500 12.604 14.837
327 3 1 13.646 15.548 12.591 14.885
328 3 1 13.621 15.596 12.566 14.933
329 3 1 13.597 15.656 12.542 14.993
330 3 1 13.560 15.716 12.505 15.052
331 3 1 13.535 15.764 12.480 15.100
332 3 1 13.511 15.823 12.456 15.160
333 3 1 13.486 15.883 12.431 15.220
334 3 1 13.461 15.931 12.406 15.268
335 3 1 13.437 15.979 12.382 15.316
336 3 1 13.412 16.039 12.357 15.376
337 3 1 13.388 16.099 12.332 15.436
338 3 1 13.363 16.147 12.308 15.484
339 3 1 13.085 16.182 12.547 15.737
340 3 1 13.121 16.206 12.499 15.689
341 3 1 13.157 16.242 12.439 15.640
342 3 1 13.169 16.255 12.403 15.616
343 3 1 13.157 16.302 12.390 15.664
345 3 1 13.132 16.362 12.366 15.724
346 3 1 13.119 16.422 12.353 15.784
347 3 1 13.107 16.470 12.341 15.832
349 3 1 13.082 16.530 12.316 15.892
350 3 1 13.069 16.590 12.303 15.952
351 3 1 13.057 16.638 12.291 16.000
352 3 1 13.020 16.698 12.254 16.060
353 3 1 13.007 16.770 12.241 16.132
354 3 1 12.983 16.818 12.216 16.180
355 3 1 13.042 16.914 12.191 16.324
356 3 1 13.054 16.927 12.155 16.300
357 3 1 13.030 16.962 12.130 16.336
358 3 1 13.029 17.011 12.130 16.384
359 3 1 13.003 17.227 12.153 16.504
360 3 1 13.015 17.239 12.117 16.468
361 3 1 13.003 17.275 12.105 16.504
362 3 1 12.978 17.323 12.080 16.552
363 3 1 12.965 17.383 12.067 16.612
364 3 1 12.941 17.443 12.043 16.672
365 3 1 12.928 17.491 12.030 16.720
366 3 1 12.903 17.551 12.005 16.780
367 3 1 12.879 17.611 11.981 16.840
369 3 1 12.854 17.659 11.956 16.888
370 3 1 12.830 17.707 11.931 16.936
371 3 1 12.817 17.755 11.919 16.984
372 3 1 12.575 17.814 12.074 17.165
373 3 1 12.611 17.863 12.026 17.104
374 3 1 12.623 17.875 12.003 17.068
375 3 1 12.610 17.923 11.990 17.116
376 3 1 12.598 17.971 11.977 17.164
377 3 1 12.585 18.019 11.965 17.212
378 3 1 12.572 18.079 11.952 17.273
379 3 1 12.560 18.127 11.940 17.321
380 3 1 12.701 18.536 11.806 17.356
381 3 1 12.713 18.560 11.771 17.320
382 3 1 12.712 18.620 11.770 17.380
383 3 1 12.712 18.656 11.770 17.416
384 3 1 12.687 18.716 11.745 17.476
385 3 1 12.662 18.776 11.720 17.536
386 3 1 12.638 18.836 11.695 17.597
387 3 1 12.613 18.872 11.671 17.633
388 3 1 12.588 18.956 11.646 17.717
389 3 1 12.588 18.992 11.645 17.753
390 3 1 12.563 19.052 11.621 17.813
391 3 1 12.563 19.089 11.620 17.849
392 3 1 12.538 19.149 11.596 17.909
393 3 1 12.538 19.185 11.595 17.945
395 3 1 12.513 19.245 11.570 18.005
396 3 1 12.513 19.281 11.570 18.041
397 3 1 12.512 19.341 11.569 18.101
398 3 1 12.487 19.401 11.545 18.161
399 3 1 12.487 19.461 11.544 18.221
400 3 1 12.462 19.497 11.520 18.258
401 3 1 12.462 19.557 11.519 18.318
402 3 1 12.437 19.593 11.494 18.354
403 3 1 12.196 19.521 11.673 18.631
404 3 1 12.208 19.533 11.649 18.594
405 3 1 12.184 19.581 11.625 18.643
406 3 1 12.171 19.641 11.612 18.703
407 3 1 12.424 19.702 11.456 18.570
408 3 1 12.448 19.726 11.420 18.534
409 3 1 12.448 19.762 11.420 18.570
410 3 1 12.447 19.822 11.419 18.630
411 3 1 12.447 19.858 11.419 18.666
412 3 1 12.422 19.918 11.394 18.726
413 3 1 12.446 19.954 11.418 18.763
414 3 1 12.421 20.039 11.393 18.847
415 3 1 12.420 20.099 11.392 18.907
416 3 1 12.419 20.183 11.391 18.991
417 3 1 12.395 20.219 11.367 19.027
418 3 1 12.346 20.279 11.318 19.087
419 3 1 12.321 20.315 11.293 19.123
420 3 1 12.321 20.375 11.293 19.184
421 3 1 12.296 20.436 11.268 19.244
422 3 1 12.271 20.496 11.243 19.304
423 3 1 12.295 20.508 11.267 19.316
424 3 1 12.295 20.544 11.267 19.352
425 3 1 12.271 20.580 11.242 19.388
427 3 1 12.270 20.640 11.242 19.448
428 3 1 12.270 20.676 11.241 19.484
429 3 1 12.269 20.736 11.241 19.544
430 3 1 12.245 20.773 11.216 19.581
431 3 1 12.220 20.833 11.191 19.641
432 3 1 12.243 20.893 11.215 19.701
433 3 1 12.219 20.953 11.190 19.761
434 3 1 11.866 21.194 11.332 20.110
435 3 1 11.877 21.218 11.308 20.074
436 3 1 11.865 21.278 11.295 20.134
437 3 1 11.840 21.326 11.271 20.182
438 3 1 11.828 21.375 11.258 20.231
439 3 1 11.815 21.423 11.246 20.279
441 3 1 11.961 21.350 10.989 20.568
442 3 1 11.985 21.362 10.953 20.532
443 3 1 11.972 21.411 10.940 20.580
444 3 1 11.972 21.459 10.940 20.628
445 3 1 11.959 21.507 10.927 20.676
446 3 1 11.947 21.567 10.914 20.736
447 3 1 11.946 21.615 10.914 20.785
448 3 1 11.934 21.676 10.901 20.845
449 3 1 11.933 21.724 10.901 20.893
450 3 1 11.920 21.784 10.888 20.953
451 3 1 11.908 21.832 10.875 21.001
452 3 1 11.895 21.868 10.863 21.038
453 3 1 11.883 21.917 10.850 21.086
454 3 1 11.870 21.965 10.838 21.134
455 3 1 11.905 22.169 10.922 21.194
457 3 1 11.928 22.194 10.886 21.158
458 3 1 11.940 22.218 10.898 21.182
459 3 1 11.928 22.242 10.885 21.206
460 3 1 11.940 22.266 10.897 21.230
461 3 1 11.928 22.290 10.885 21.254
462 3 1 11.915 22.338 10.872 21.303
463 3 1 11.903 22.362 10.860 21.327
464 3 1 11.890 22.410 10.847 21.375
465 3 1 11.877 22.459 10.835 21.423
466 3 1 11.549 22.652 10.979 21.507
467 3 1 11.561 22.676 10.955 21.471
468 3 1 11.548 22.724 10.943 21.519
469 3 1 11.512 22.760 10.906 21.556
470 3 1 11.511 22.796 10.906 21.592
471 3 1 11.499 22.833 10.893 21.628
472 3 1 11.813 22.868 10.819 21.748
473 3 1 11.837 22.893 10.783 21.712
474 3 1 11.837 22.917 10.783 21.736
475 3 1 11.861 22.917 10.807 21.736
476 3 1 11.861 22.941 10.807 21.761
477 3 1 11.860 22.965 10.807 21.785
478 3 1 11.860 22.989 10.807 21.809
479 3 1 11.860 23.037 10.806 21.857
480 3 1 11.859 23.085 10.806 21.905
481 3 1 11.859 23.109 10.805 21.929
482 3 1 11.859 23.158 10.805 21.977
483 3 1 11.834 23.206 10.780 22.026
484 3 1 11.809 23.254 10.756 22.074
485 3 1 11.785 23.302 10.731 22.122
487 3 1 11.760 23.375 10.706 22.195
488 3 1 11.735 23.423 10.681 22.243
489 3 1 11.710 23.495 10.656 22.315
490 3 1 11.661 23.568 10.607 22.387
491 3 1 11.636 23.640 10.582 22.460
492 3 1 11.684 23.640 10.631 22.460
493 3 1 11.708 23.664 10.655 22.484
494 3 1 11.733 23.664 10.679 22.484
495 3 1 11.757 23.688 10.703 22.508
496 3 1 11.756 23.712 10.703 22.532
497 3 1 11.394 23.604 10.820 22.858
498 3 1 11.406 23.616 10.797 22.821
499 3 1 11.406 23.628 10.796 22.833
500 3 1 11.418 23.653 10.808 22.858
501 3 1 11.418 23.653 10.808 22.858
502 3 1 11.418 23.665 10.808 22.870
503 3 1 11.658 23.833 10.712 22.773
504 3 1 11.670 23.857 10.664 22.737
505 3 1 11.670 23.869 10.664 22.749
506 3 1 11.670 23.881 10.664 22.761
507 3 1 11.646 23.893 10.640 22.773
508 3 1 11.646 23.905 10.639 22.785
509 3 1 11.645 23.918 10.639 22.797
511 3 1 11.645 23.918 10.639 22.797
512 3 1 11.717 24.038 10.651 22.809
513 3 1 11.741 24.062 10.615 22.761
514 3 1 11.741 24.074 10.615 22.773
515 3 1 11.741 24.086 10.615 22.785
516 3 1 11.741 24.074 10.615 22.773
517 3 1 11.741 24.086 10.615 22.785
518 3 1 11.741 24.074 10.615 22.773
519 3 1 11.741 24.086 10.615 22.785
520 3 1 11.741 24.074 10.615 22.773
521 3 1 11.741 24.086 10.615 22.785
522 3 1 11.741 24.074 10.615 22.773
523 3 1 11.741 24.086 10.615 22.785
524 3 1 11.741 24.074 10.615 22.773
525 3 1 11.765 24.086 10.639 22.785
526 3 1 11.765 24.074 10.640 22.773
527 3 1 11.428 23.882 10.903 23.087
528 3 1 11.440 23.894 10.879 23.050
529 3 1 11.440 23.894 10.879 23.050
530 3 1 11.440 23.894 10.879 23.050
531 3 1 11.452 23.882 10.891 23.038
532 3 1 11.464 23.870 10.904 23.026
533 3 1 11.452 23.882 10.891 23.038
534 3 1 11.464 23.870 10.904 23.026
535 3 1 11.464 23.882 10.903 23.038
536 3 1 11.464 23.870 10.904 23.026
537 3 1 11.464 23.882 10.903 23.038
538 3 1 11.464 23.870 10.904 23.026
539 3 1 11.464 23.882 10.903 23.038
540 3 1 11.464 23.882 10.903 23.038
541 3 1 11.464 23.882 10.903 23.038
542 3 1 11.464 23.870 10.904 23.026
543 3 1 11.464 23.882 10.903 23.038
544 3 1 11.476 23.870 10.916 23.026
545 3 1 11.476 23.882 10.915 23.038
546 3 1 11.476 23.870 10.916 23.026
547 3 1 11.476 23.882 10.915 23.038
549 3 1 11.476 23.870 10.916 23.026
550 3 1 11.476 23.870 10.916 23.026
551 3 1 11.476 23.870 10.916 23.026
552 3 1 11.476 23.870 10.916 23.026
553 3 1 11.477 23.858 10.916 23.014
554 3 1 11.477 23.845 10.916 23.002
555 3 1 11.477 23.858 10.916 23.014
556 3 1 11.477 23.845 10.916 23.002
557 3 1 11.477 23.761 10.963 23.099
558 3 1 11.513 23.809 10.915 23.038
559 3 1 11.525 23.821 10.892 23.002
560 3 1 11.525 23.821 10.892 23.002
562 3 1 11.525 23.821 10.892 23.002
563 3 1 11.525 23.809 10.892 22.990
16 3 1 25.340 8.222 24.252 7.597
40 3 1 23.864 8.675 23.239 7.874
510 3 1 11.645 23.930 10.639 22.810
548 3 1 11.476 23.870 10.916 23.026
0 4 1 22.177 8.270 21.467 7.647
1 4 1 22.201 8.294 21.455 7.647
2 4 1 22.213 8.283 21.467 7.635
3 4 1 22.225 8.271 21.479 7.623
4 4 1 22.225 8.271 21.479 7.623
5 4 1 22.237 8.259 21.491 7.611
6 4 1 22.249 8.247 21.503 7.599
8 4 1 22.261 8.259 21.467 7.575
9 4 1 22.261 8.247 21.467 7.564
10 4 1 22.249 8.223 21.455 7.540
11 4 1 22.237 8.211 21.444 7.528
12 4 1 22.225 8.199 21.432 7.516
13 4 1 22.214 8.176 21.420 7.492
14 4 1 22.202 8.152 21.408 7.468
15 4 1 22.178 8.140 21.385 7.456
17 4 1 22.572 8.000 21.034 6.478
18 4 1 22.608 8.036 20.987 6.430
19 4 1 22.572 8.012 20.951 6.406
20 4 1 22.536 8.012 20.915 6.406
21 4 1 22.501 7.987 20.880 6.382
22 4 1 22.465 7.963 20.844 6.358
23 4 1 22.406 7.963 20.785 6.357
24 4 1 22.394 7.939 20.773 6.333
25 4 1 22.334 7.939 20.713 6.333
26 4 1 22.322 7.939 20.701 6.333
27 4 1 22.287 7.915 20.666 6.309
28 4 1 22.251 7.914 20.630 6.308
29 4 1 22.216 7.890 20.594 6.284
30 4 1 22.204 7.890 20.582 6.284
31 4 1 21.406 7.789 20.695 7.106
32 4 1 21.418 7.801 20.660 7.082
33 4 1 21.382 7.789 20.624 7.069
34 4 1 21.334 7.789 20.576 7.069
35 4 1 21.299 7.776 20.541 7.057
36 4 1 21.275 7.776 20.517 7.057
37 4 1 21.239 7.776 20.481 7.056
38 4 1 21.180 7.764 20.422 7.044
39 4 1 21.156 7.763 20.398 7.044
41 4 1 21.072 7.751 20.314 7.031
42 4 1 21.025 7.739 20.267 7.019
43 4 1 20.989 7.726 20.231 7.007
44 4 1 20.953 7.726 20.195 7.006
45 4 1 20.906 7.714 20.147 6.994
46 4 1 20.870 7.714 20.112 6.994
48 4 1 20.834 7.713 20.076 6.994
49 4 1 20.846 7.725 20.040 6.958
50 4 1 20.810 7.725 20.004 6.957
51 4 1 20.762 7.725 19.957 6.957
52 4 1 20.727 7.724 19.921 6.957
53 4 1 20.691 7.724 19.885 6.956
54 4 1 20.643 7.724 19.837 6.956
55 4 1 20.595 7.723 19.790 6.956
56 4 1 20.548 7.735 19.742 6.967
57 4 1 20.500 7.758 19.694 6.991
58 4 1 20.452 7.770 19.646 7.002
59 4 1 20.392 7.770 19.586 7.002
60 4 1 20.356 7.781 19.550 7.013
61 4 1 20.332 7.793 19.287 7.035
62 4 1 20.356 7.805 19.252 6.999
63 4 1 20.308 7.817 19.204 7.010
64 4 1 20.260 7.828 19.156 7.022
65 4 1 20.213 7.840 19.108 7.034
66 4 1 20.177 7.851 19.072 7.045
67 4 1 20.117 7.863 19.012 7.057
68 4 1 20.081 7.874 18.976 7.068
69 4 1 20.033 7.886 18.928 7.080
70 4 1 19.985 7.909 18.880 7.103
71 4 1 19.937 7.921 18.832 7.115
72 4 1 19.889 7.932 18.784 7.126
73 4 1 19.841 7.956 18.736 7.150
74 4 1 19.794 7.967 18.689 7.161
75 4 1 19.746 7.979 18.641 7.173
76 4 1 19.686 7.990 18.581 7.184
77 4 1 19.650 8.002 18.545 7.196
78 4 1 19.590 8.014 18.485 7.207
79 4 1 19.542 8.013 18.437 7.207
80 4 1 19.495 8.025 18.389 7.218
81 4 1 19.447 8.036 18.341 7.230
82 4 1 19.399 8.048 18.293 7.241
83 4 1 19.363 8.060 18.257 7.253
84 4 1 19.315 8.071 18.209 7.265
85 4 1 19.267 8.083 18.161 7.276
86 4 1 19.219 8.094 18.113 7.288
87 4 1 19.183 8.118 18.077 7.311
88 4 1 19.147 8.129 18.041 7.323
89 4 1 19.087 8.141 17.981 7.334
90 4 1 19.051 8.164 17.945 7.358
91 4 1 18.880 8.592 17.669 7.427
92 4 1 18.904 8.616 17.622 7.391
93 4 1 18.868 8.640 17.586 7.415
94 4 1 18.808 8.639 17.526 7.414
95 4 1 18.748 8.663 17.466 7.438
96 4 1 18.688 8.686 17.406 7.461
97 4 1 18.652 8.686 17.370 7.461
98 4 1 18.592 8.709 17.310 7.484
99 4 1 18.556 8.757 17.273 7.532
100 4 1 18.520 8.780 17.237 7.555
101 4 1 18.484 8.780 17.201 7.555
102 4 1 18.424 8.804 17.141 7.578
103 4 1 18.412 8.851 17.129 7.626
104 4 1 18.352 8.875 17.069 7.649
105 4 1 18.316 8.874 17.033 7.649
106 4 1 18.280 8.898 16.997 7.672
107 4 1 18.244 8.922 16.960 7.696
108 4 1 18.184 8.921 16.900 7.696
109 4 1 18.148 8.945 16.864 7.719
110 4 1 18.087 8.992 16.804 7.766
111 4 1 18.051 9.016 16.768 7.790
112 4 1 18.015 9.015 16.732 7.790
113 4 1 17.979 9.039 16.696 7.813
114 4 1 17.919 9.086 16.635 7.861
115 4 1 17.883 9.086 16.599 7.860
116 4 1 17.847 9.110 16.563 7.884
117 4 1 17.835 9.110 16.551 7.884
118 4 1 17.799 9.133 16.515 7.907
119 4 1 17.763 9.157 16.479 7.931
120 4 1 17.727 9.157 16.443 7.931
121 4 1 17.502 8.845 16.945 8.113
122 4 1 17.514 8.857 16.921 8.077
123 4 1 17.478 8.880 16.885 8.101
124 4 1 17.453 8.904 16.861 8.125
125 4 1 17.417 8.928 16.825 8.148
126 4 1 17.381 8.951 16.789 8.172
127 4 1 17.345 8.975 16.752 8.195
128 4 1 17.321 8.999 16.728 8.219
129 4 1 17.285 9.022 16.692 8.243
130 4 1 17.249 9.046 16.656 8.266
131 4 1 17.212 9.070 16.620 8.290
132 4 1 17.176 9.093 16.584 8.314
133 4 1 17.140 9.117 16.547 8.337
134 4 1 17.104 9.140 16.511 8.361
135 4 1 17.068 9.152 16.475 8.372
136 4 1 17.128 9.164 16.354 8.467
137 4 1 17.140 9.176 16.319 8.443
138 4 1 17.116 9.188 16.295 8.455
139 4 1 17.080 9.200 16.258 8.466
140 4 1 17.055 9.236 16.234 8.502
141 4 1 17.031 9.247 16.210 8.514
142 4 1 16.995 9.271 16.174 8.537
143 4 1 16.971 9.295 16.150 8.561
144 4 1 16.935 9.306 16.114 8.573
145 4 1 16.911 9.318 16.089 8.584
146 4 1 16.875 9.342 16.053 8.608
147 4 1 16.838 9.365 16.017 8.632
148 4 1 16.802 9.377 15.981 8.643
149 4 1 16.766 9.389 15.945 8.655
150 4 1 16.730 9.412 15.909 8.679
151 4 1 16.766 9.425 15.789 8.690
152 4 1 16.790 9.437 15.753 8.654
153 4 1 16.754 9.448 15.717 8.665
154 4 1 16.718 9.460 15.681 8.677
155 4 1 16.694 9.472 15.657 8.689
156 4 1 16.657 9.484 15.620 8.701
157 4 1 16.609 9.495 15.572 8.712
158 4 1 16.573 9.507 15.536 8.724
159 4 1 16.549 9.531 15.512 8.748
160 4 1 16.513 9.542 15.476 8.759
161 4 1 16.465 9.566 15.428 8.783
162 4 1 16.429 9.578 15.391 8.795
163 4 1 16.405 9.601 15.367 8.818
164 4 1 16.368 9.625 15.331 8.842
165 4 1 16.308 9.648 15.271 8.865
166 4 1 16.284 9.672 15.247 8.889
167 4 1 16.236 9.696 15.198 8.913
168 4 1 16.200 9.719 15.162 8.936
169 4 1 16.151 9.743 15.114 8.960
170 4 1 16.115 9.767 15.078 8.983
171 4 1 16.091 9.790 15.053 9.007
172 4 1 16.055 9.814 15.017 9.031
173 4 1 16.007 9.838 14.969 9.054
174 4 1 15.970 9.849 14.933 9.066
175 4 1 15.946 9.873 14.908 9.090
176 4 1 15.910 9.897 14.872 9.113
177 4 1 15.862 9.908 14.824 9.125
178 4 1 15.814 9.932 14.776 9.149
179 4 1 15.777 9.956 14.739 9.172
180 4 1 15.753 9.979 14.715 9.196
181 4 1 15.523 10.253 14.355 9.158
182 4 1 15.546 10.277 14.319 9.122
183 4 1 15.510 10.300 14.283 9.145
184 4 1 15.474 10.348 14.246 9.193
185 4 1 15.414 10.372 14.186 9.216
186 4 1 15.353 10.371 14.126 9.216
187 4 1 15.293 10.395 14.065 9.240
188 4 1 15.257 10.442 14.029 9.287
189 4 1 15.197 10.442 13.969 9.287
190 4 1 15.160 10.466 13.933 9.310
191 4 1 15.100 10.465 13.872 9.310
192 4 1 15.088 10.489 13.860 9.334
193 4 1 15.028 10.537 13.800 9.381
194 4 1 14.991 10.560 13.763 9.405
195 4 1 14.955 10.560 13.727 9.405
196 4 1 14.919 10.584 13.691 9.428
197 4 1 14.858 10.631 13.630 9.476
198 4 1 14.822 10.655 13.594 9.499
199 4 1 14.786 10.679 13.558 9.523
200 4 1 14.749 10.726 13.521 9.571
201 4 1 14.689 10.750 13.461 9.594
202 4 1 14.653 10.750 13.424 9.594
203 4 1 14.592 10.797 13.364 9.642
204 4 1 14.556 10.821 13.328 9.665
205 4 1 14.496 10.868 13.267 9.713
206 4 1 14.459 10.892 13.231 9.736
207 4 1 14.423 10.892 13.194 9.736
208 4 1 14.387 10.916 13.158 9.760
209 4 1 14.326 10.963 13.097 9.807
210 4 1 14.290 10.987 13.061 9.831
211 4 1 14.040 10.686 13.529 10.025
212 4 1 14.076 10.734 13.481 9.965
213 4 1 14.088 10.746 13.457 9.929
214 4 1 14.051 10.770 13.421 9.953
215 4 1 14.027 10.806 13.397 9.989
216 4 1 13.991 10.830 13.360 10.012
217 4 1 13.930 10.865 13.300 10.048
218 4 1 13.906 10.901 13.275 10.084
219 4 1 13.857 10.925 13.227 10.107
220 4 1 13.821 10.948 13.191 10.131
221 4 1 13.773 10.984 13.142 10.167
222 4 1 13.736 11.020 13.106 10.202
223 4 1 13.700 11.031 13.069 10.214
224 4 1 13.651 11.067 13.021 10.250
225 4 1 13.627 11.091 12.997 10.273
226 4 1 13.591 11.115 12.960 10.297
227 4 1 13.579 11.138 12.948 10.321
228 4 1 13.542 11.162 12.912 10.345
229 4 1 13.518 11.198 12.887 10.380
230 4 1 13.493 11.234 12.863 10.416
232 4 1 13.469 11.246 12.839 10.428
233 4 1 13.588 11.462 12.524 10.582
234 4 1 13.612 11.474 12.488 10.546
235 4 1 13.587 11.498 12.464 10.569
236 4 1 13.539 11.545 12.415 10.617
237 4 1 13.514 11.569 12.391 10.641
238 4 1 13.514 11.617 12.390 10.689
239 4 1 13.490 11.641 12.366 10.713
240 4 1 13.417 11.688 12.293 10.760
241 4 1 13.416 11.736 12.293 10.808
242 4 1 13.247 11.831 12.294 10.688
243 4 1 13.271 11.855 12.258 10.652
244 4 1 13.258 11.879 12.246 10.676
245 4 1 13.222 11.927 12.209 10.724
246 4 1 13.186 11.950 12.173 10.747
247 4 1 13.149 11.998 12.136 10.795
248 4 1 13.137 12.022 12.124 10.819
249 4 1 13.100 12.070 12.087 10.867
250 4 1 13.088 12.094 12.075 10.890
251 4 1 13.051 12.141 12.038 10.938
252 4 1 13.039 12.189 12.026 10.986
253 4 1 13.002 12.213 11.989 11.010
254 4 1 12.966 12.261 11.952 11.057
255 4 1 12.929 12.308 11.916 11.105
256 4 1 12.917 12.332 11.903 11.129
257 4 1 12.880 12.380 11.867 11.177
258 4 1 12.844 12.428 11.830 11.225
259 4 1 12.807 12.452 11.794 11.248
260 4 1 12.795 12.476 11.781 11.272
261 4 1 12.758 12.523 11.745 11.320
262 4 1 12.746 12.547 11.732 11.344
263 4 1 12.709 12.595 11.696 11.392
264 4 1 12.697 12.619 11.684 11.415
265 4 1 12.660 12.667 11.647 11.463
266 4 1 12.648 12.691 11.635 11.487
267 4 1 12.612 12.738 11.598 11.535
268 4 1 12.599 12.762 11.586 11.559
269 4 1 12.563 12.810 11.549 11.606
270 4 1 12.550 12.858 11.536 11.654
271 4 1 12.514 12.882 11.500 11.678
272 4 1 12.463 13.109 11.354 11.785
273 4 1 12.487 13.133 11.318 11.737
274 4 1 12.463 13.169 11.294 11.773
275 4 1 12.462 13.205 11.293 11.809
276 4 1 12.438 13.265 11.269 11.869
277 4 1 12.389 13.301 11.220 11.904
278 4 1 12.364 13.361 11.195 11.964
279 4 1 12.364 13.397 11.195 12.000
280 4 1 12.339 13.456 11.170 12.060
281 4 1 12.315 13.468 11.146 12.072
282 4 1 12.314 13.528 11.145 12.132
283 4 1 12.290 13.564 11.121 12.168
284 4 1 12.241 13.624 11.072 12.227
285 4 1 12.193 13.636 11.023 12.239
286 4 1 12.168 13.696 10.999 12.299
287 4 1 12.168 13.732 10.998 12.335
288 4 1 12.119 13.791 10.949 12.395
289 4 1 12.094 13.827 10.925 12.431
290 4 1 12.046 13.887 10.876 12.490
291 4 1 11.997 13.923 10.827 12.526
292 4 1 11.972 13.983 10.802 12.586
293 4 1 11.972 14.043 10.802 12.646
294 4 1 11.947 14.103 10.777 12.706
295 4 1 11.898 14.138 10.728 12.742
296 4 1 11.874 14.174 10.704 12.778
297 4 1 11.873 14.210 10.704 12.813
298 4 1 11.849 14.270 10.679 12.873
299 4 1 11.800 14.306 10.630 12.909
300 4 1 11.776 14.342 10.606 12.945
301 4 1 11.775 14.378 10.605 12.981
302 4 1 11.499 14.209 10.818 13.450
303 4 1 11.511 14.221 10.794 13.414
304 4 1 11.487 14.257 10.770 13.450
305 4 1 11.462 14.305 10.745 13.498
306 4 1 11.437 14.353 10.720 13.546
307 4 1 11.413 14.413 10.696 13.606
308 4 1 11.388 14.460 10.671 13.653
309 4 1 11.375 14.520 10.658 13.713
310 4 1 11.351 14.568 10.634 13.761
311 4 1 11.326 14.616 10.609 13.809
312 4 1 11.313 14.664 10.596 13.857
313 4 1 11.289 14.712 10.572 13.905
314 4 1 11.252 14.760 10.535 13.953
315 4 1 11.227 14.808 10.510 14.001
316 4 1 11.203 14.856 10.486 14.049
317 4 1 11.299 14.868 10.316 14.120
318 4 1 11.323 14.880 10.280 14.084
319 4 1 11.299 14.928 10.255 14.132
320 4 1 11.274 14.976 10.230 14.180
321 4 1 11.249 15.024 10.206 14.228
322 4 1 11.225 15.084 10.181 14.288
323 4 1 11.200 15.144 10.156 14.348
324 4 1 11.175 15.180 10.131 14.384
325 4 1 11.150 15.252 10.106 14.456
326 4 1 11.114 15.300 10.070 14.504
327 4 1 11.077 15.360 10.033 14.564
328 4 1 11.052 15.408 10.008 14.612
329 4 1 11.027 15.468 9.983 14.672
330 4 1 11.003 15.528 9.958 14.732
331 4 1 10.978 15.564 9.934 14.768
332 4 1 10.882 15.480 10.090 14.876
333 4 1 10.894 15.492 10.054 14.852
334 4 1 10.882 15.540 10.041 14.900
335 4 1 10.845 15.588 10.005 14.948
336 4 1 10.844 15.636 10.004 14.996
337 4 1 10.820 15.684 9.979 15.044
338 4 1 10.807 15.732 9.967 15.092
339 4 1 10.770 15.780 9.930 15.140
340 4 1 10.758 15.828 9.917 15.188
341 4 1 10.733 15.876 9.893 15.236
342 4 1 10.720 15.936 9.880 15.296
343 4 1 10.708 15.984 9.867 15.344
344 4 1 10.683 16.032 9.843 15.392
345 4 1 10.658 16.092 9.818 15.452
346 4 1 10.633 16.164 9.793 15.524
347 4 1 10.609 16.212 9.768 15.572
348 4 1 10.584 16.260 9.744 15.620
349 4 1 10.559 16.308 9.719 15.668
350 4 1 10.535 16.356 9.694 15.716
351 4 1 10.522 16.404 9.682 15.764
352 4 1 10.509 16.464 9.669 15.824
353 4 1 10.485 16.500 9.644 15.860
354 4 1 10.460 16.560 9.619 15.921
355 4 1 10.436 16.596 9.595 15.957
356 4 1 10.423 16.656 9.582 16.017
357 4 1 10.410 16.692 9.570 16.053
358 4 1 10.386 16.752 9.545 16.113
359 4 1 10.361 16.800 9.520 16.161
360 4 1 10.336 16.860 9.495 16.221
361 4 1 10.311 16.920 9.470 16.281
362 4 1 10.488 17.354 9.328 15.956
363 4 1 10.512 17.378 9.293 15.908
364 4 1 10.488 17.438 9.268 15.968
365 4 1 10.463 17.498 9.243 16.028
366 4 1 10.462 17.534 9.242 16.064
367 4 1 10.438 17.594 9.218 16.124
368 4 1 10.413 17.630 9.193 16.160
369 4 1 10.412 17.690 9.192 16.220
370 4 1 10.388 17.726 9.168 16.256
371 4 1 10.363 17.762 9.143 16.292
372 4 1 10.363 17.799 9.143 16.328
373 4 1 10.362 17.859 9.142 16.388
374 4 1 10.338 17.895 9.117 16.424
375 4 1 10.313 17.955 9.093 16.484
376 4 1 10.312 17.991 9.092 16.521
377 4 1 10.312 18.051 9.092 16.581
378 4 1 10.287 18.087 9.067 16.617
379 4 1 10.262 18.171 9.042 16.701
380 4 1 10.262 18.208 9.041 16.737
381 4 1 10.237 18.268 9.017 16.797
382 4 1 10.212 18.328 8.992 16.857
383 4 1 10.212 18.388 8.991 16.917
384 4 1 10.187 18.424 8.967 16.953
385 4 1 10.162 18.484 8.942 17.014
386 4 1 10.162 18.520 8.941 17.050
387 4 1 10.161 18.580 8.941 17.110
388 4 1 10.161 18.617 8.940 17.146
389 4 1 10.136 18.677 8.915 17.206
390 4 1 10.111 18.713 8.891 17.242
391 4 1 10.111 18.773 8.890 17.302
392 4 1 9.735 18.809 9.055 17.760
393 4 1 9.747 18.833 9.031 17.724
394 4 1 9.734 18.881 9.019 17.772
395 4 1 9.721 18.941 9.006 17.832
396 4 1 9.709 19.001 8.993 17.893
397 4 1 9.696 19.050 8.980 17.941
398 4 1 9.671 19.110 8.955 18.001
399 4 1 9.659 19.158 8.943 18.049
400 4 1 9.646 19.206 8.930 18.097
401 4 1 9.633 19.254 8.918 18.145
402 4 1 9.621 19.302 8.905 18.193
403 4 1 9.608 19.363 8.892 18.254
404 4 1 9.595 19.411 8.880 18.302
405 4 1 9.583 19.447 8.867 18.338
406 4 1 9.570 19.495 8.854 18.386
407 4 1 9.789 19.483 8.585 18.663
408 4 1 9.813 19.495 8.537 18.627
409 4 1 9.800 19.531 8.524 18.663
410 4 1 9.788 19.568 8.511 18.699
411 4 1 9.799 19.628 8.523 18.759
412 4 1 9.762 19.664 8.486 18.795
413 4 1 9.774 19.724 8.498 18.855
414 4 1 9.761 19.760 8.485 18.892
415 4 1 9.773 19.820 8.497 18.952
416 4 1 9.760 19.881 8.484 19.012
417 4 1 9.772 19.941 8.495 19.072
418 4 1 9.735 20.001 8.458 19.133
419 4 1 9.746 20.061 8.470 19.193
420 4 1 9.734 20.098 8.457 19.229
421 4 1 9.721 20.158 8.445 19.289
422 4 1 9.431 20.037 8.735 19.398
423 4 1 9.443 20.049 8.711 19.374
424 4 1 9.443 20.097 8.710 19.422
425 4 1 9.418 20.146 8.685 19.470
426 4 1 9.405 20.194 8.673 19.518
427 4 1 9.393 20.242 8.660 19.567
428 4 1 9.392 20.290 8.660 19.615
429 4 1 9.380 20.338 8.647 19.663
430 4 1 9.367 20.387 8.634 19.711
431 4 1 9.367 20.435 8.634 19.760
432 4 1 9.354 20.495 8.621 19.820
433 4 1 9.329 20.543 8.596 19.868
434 4 1 9.316 20.604 8.583 19.928
435 4 1 9.316 20.652 8.583 19.977
436 4 1 9.303 20.700 8.570 20.025
437 4 1 9.278 20.748 8.545 20.073
438 4 1 9.278 20.797 8.545 20.121
439 4 1 9.265 20.833 8.532 20.157
440 4 1 9.265 20.881 8.532 20.206
441 4 1 9.265 20.917 8.532 20.242
443 4 1 9.264 20.965 8.531 20.290
444 4 1 9.252 21.002 8.518 20.326
445 4 1 9.420 21.158 8.324 20.386
446 4 1 9.444 21.170 8.288 20.350
447 4 1 9.443 21.206 8.287 20.386
448 4 1 9.443 21.255 8.287 20.435
449 4 1 9.430 21.303 8.274 20.483
450 4 1 9.430 21.351 8.274 20.531
451 4 1 9.429 21.399 8.273 20.579
452 4 1 9.429 21.460 8.272 20.640
453 4 1 9.246 21.568 8.529 20.459
454 4 1 9.257 21.592 8.493 20.423
455 4 1 9.245 21.641 8.481 20.471
457 4 1 9.256 21.689 8.492 20.519
458 4 1 9.232 21.737 8.467 20.567
459 4 1 9.231 21.785 8.467 20.616
460 4 1 9.414 21.677 8.329 21.062
461 4 1 9.438 21.689 8.292 21.038
462 4 1 9.438 21.725 8.292 21.074
463 4 1 9.438 21.773 8.291 21.122
464 4 1 9.425 21.809 8.279 21.158
465 4 1 9.412 21.858 8.266 21.207
466 4 1 9.424 21.906 8.278 21.255
467 4 1 9.411 21.954 8.265 21.303
468 4 1 9.411 22.003 8.265 21.352
469 4 1 9.398 22.051 8.252 21.400
470 4 1 9.386 22.099 8.239 21.448
471 4 1 9.385 22.147 8.239 21.496
472 4 1 9.373 22.196 8.226 21.545
473 4 1 9.348 22.256 8.201 21.605
474 4 1 9.335 22.292 8.189 21.641
475 4 1 9.335 22.340 8.188 21.689
476 4 1 9.322 22.389 8.176 21.738
477 4 1 9.309 22.425 8.163 21.774
478 4 1 9.309 22.473 8.163 21.822
480 4 1 9.296 22.509 8.150 21.858
481 4 1 9.284 22.546 8.137 21.895
482 4 1 9.284 22.582 8.137 21.931
483 4 1 9.283 22.618 8.137 21.967
484 4 1 9.292 22.920 8.197 21.967
485 4 1 9.001 22.908 8.282 22.003
486 4 1 9.013 22.920 8.246 21.967
487 4 1 9.001 22.956 8.233 22.003
488 4 1 8.988 23.005 8.221 22.052
489 4 1 8.987 23.041 8.220 22.088
490 4 1 8.987 23.089 8.220 22.136
491 4 1 8.986 23.137 8.219 22.184
492 4 1 8.974 23.186 8.207 22.233
494 4 1 8.949 23.234 8.182 22.281
495 4 1 8.949 23.282 8.181 22.329
496 4 1 8.936 23.318 8.169 22.366
497 4 1 8.923 23.367 8.156 22.414
498 4 1 8.899 23.403 8.132 22.450
499 4 1 9.103 23.572 8.082 22.523
500 4 1 9.127 23.596 8.046 22.486
501 4 1 9.127 23.644 8.046 22.535
502 4 1 9.127 23.668 8.045 22.559
503 4 1 9.126 23.717 8.045 22.607
504 4 1 9.102 23.741 8.020 22.631
505 4 1 9.101 23.765 8.020 22.655
506 4 1 9.101 23.813 8.019 22.704
507 4 1 9.076 23.838 7.995 22.728
508 4 1 9.076 23.862 7.995 22.752
509 4 1 9.051 23.910 7.970 22.800
511 4 1 9.051 23.958 7.969 22.849
512 4 1 9.026 24.007 7.944 22.897
513 4 1 9.025 24.055 7.944 22.945
514 4 1 9.025 24.079 7.944 22.970
515 4 1 9.001 24.079 7.919 22.970
516 4 1 8.770 24.055 8.198 23.018
517 4 1 8.782 24.080 8.174 22.981
518 4 1 8.770 24.092 8.162 22.993
519 4 1 8.758 24.092 8.150 22.993
520 4 1 8.758 24.104 8.150 23.006
521 4 1 8.745 24.128 8.137 23.030
522 4 1 8.733 24.140 8.125 23.042
523 4 1 8.733 24.140 8.125 23.042
524 4 1 8.733 24.140 8.125 23.042
525 4 1 8.721 24.152 8.113 23.054
526 4 1 8.709 24.164 8.101 23.066
527 4 1 8.709 24.164 8.101 23.066
528 4 1 8.709 24.164 8.101 23.066
529 4 1 8.696 24.164 8.088 23.066
530 4 1 8.684 24.176 8.076 23.078
531 4 1 8.696 24.189 8.088 23.090
532 4 1 8.684 24.176 8.076 23.078
533 4 1 8.684 24.189 8.076 23.090
534 4 1 8.684 24.176 8.076 23.078
535 4 1 8.684 24.189 8.076 23.090
536 4 1 8.684 24.176 8.076 23.078
537 4 1 8.684 24.189 8.076 23.090
538 4 1 8.684 24.176 8.076 23.078
539 4 1 8.684 24.189 8.076 23.090
540 4 1 8.684 24.176 8.076 23.078
541 4 1 8.684 24.176 8.076 23.078
542 4 1 8.696 24.176 8.088 23.078
543 4 1 8.684 24.164 8.076 23.066
544 4 1 8.697 24.152 8.089 23.054
545 4 1 8.697 24.152 8.089 23.054
546 4 1 8.856 23.983 8.002 23.163
547 4 1 8.868 23.995 7.966 23.127
549 4 1 8.893 23.983 7.991 23.114
550 4 1 8.892 23.995 7.991 23.127
551 4 1 8.905 23.971 8.003 23.102
552 4 1 8.917 23.959 8.015 23.090
553 4 1 8.929 23.971 8.027 23.102
554 4 1 8.929 23.946 8.028 23.078
555 4 1 8.942 23.934 8.040 23.066
556 4 1 8.942 23.934 8.040 23.066
557 4 1 8.954 23.922 8.052 23.054
558 4 1 8.954 23.898 8.052 23.030
559 4 1 8.966 23.898 8.065 23.030
560 4 1 8.979 23.886 8.077 23.018
561 4 1 8.979 23.886 8.077 23.018
562 4 1 8.991 23.874 8.089 23.006
563 4 1 8.991 23.850 8.089 22.981
40 4 1 21.108 7.751 20.350 7.031
510 4 1 9.051 23.934 7.970 22.825
548 4 1 8.880 23.995 7.978 23.127
0 5 1 24.512 9.677 23.577 9.029
1 5 1 24.535 9.701 23.565 9.029
2 5 1 24.571 9.701 23.600 9.029
3 5 1 24.595 9.690 23.624 9.018
4 5 1 24.642 9.690 23.672 9.018
5 5 1 24.690 9.690 23.719 9.018
6 5 1 24.725 9.679 23.755 9.007
7 5 1 24.785 9.679 23.815 9.007
8 5 1 24.809 9.667 23.838 8.995
9 5 1 24.844 9.668 23.874 8.996
10 5 1 24.892 9.656 23.922 8.984
11 5 1 24.916 9.644 23.946 8.972
12 5 1 24.951 9.633 23.981 8.961
13 5 1 24.963 9.633 23.993 8.961
14 5 1 24.999 9.621 24.029 8.949
15 5 1 25.023 9.609 24.053 8.938
17 5 1 25.070 9.598 24.100 8.926
19 5 1 25.094 9.610 24.065 8.902
20 5 1 25.118 9.598 24.089 8.890
21 5 1 25.142 9.586 24.113 8.879
22 5 1 25.166 9.563 24.137 8.855
23 5 1 25.190 9.539 24.161 8.831
24 5 1 25.225 9.516 24.196 8.808
25 5 1 25.249 9.504 24.220 8.796
26 5 1 25.285 9.492 24.256 8.784
27 5 1 25.333 9.457 24.304 8.749
28 5 1 25.356 9.445 24.328 8.737
29 5 1 25.392 9.422 24.363 8.714
30 5 1 25.367 9.635 24.352 8.666
31 5 1 25.391 9.659 24.316 8.630
32 5 1 25.426 9.636 24.352 8.607
33 5 1 25.462 9.612 24.388 8.583
34 5 1 25.474 9.612 24.400 8.583
35 5 1 25.510 9.613 24.436 8.584
36 5 1 25.498 9.589 24.424 8.560
37 5 1 25.534 9.565 24.460 8.536
38 5 1 25.522 9.541 24.448 8.513
39 5 1 25.558 9.518 24.484 8.489
41 5 1 25.605 9.518 24.531 8.489
42 5 1 25.617 9.494 24.543 8.466
43 5 1 25.629 9.471 24.555 8.442
44 5 1 25.641 9.471 24.567 8.442
45 5 1 25.677 9.471 24.603 8.442
46 5 1 25.689 9.447 24.615 8.419
47 5 1 25.725 9.424 24.651 8.395
48 5 1 25.736 9.424 24.662 8.395
49 5 1 25.772 9.400 24.698 8.372
50 5 1 25.784 9.377 24.710 8.348
51 5 1 25.820 9.377 24.746 8.348
52 5 1 25.832 9.353 24.758 8.325
53 5 1 25.868 9.306 24.794 8.278
54 5 1 25.880 9.282 24.806 8.254
55 5 1 25.892 9.283 24.818 8.254
56 5 1 25.903 9.283 24.830 8.254
57 5 1 25.915 9.259 24.842 8.230
58 5 1 25.927 9.235 24.854 8.207
59 5 1 25.939 9.235 24.866 8.207
60 5 1 25.906 8.926 25.197 8.352
61 5 1 25.917 8.938 25.162 8.328
62 5 1 25.929 8.927 25.174 8.316
63 5 1 25.941 8.903 25.186 8.292
64 5 1 25.930 8.891 25.174 8.280
65 5 1 25.930 8.891 25.174 8.280
66 5 1 25.930 8.879 25.174 8.268
67 5 1 25.930 8.855 25.174 8.245
68 5 1 25.918 8.832 25.162 8.221
69 5 1 25.906 8.820 25.151 8.209
70 5 1 25.906 8.808 25.151 8.197
71 5 1 25.907 8.772 25.151 8.161
72 5 1 25.895 8.748 25.139 8.138
73 5 1 25.871 8.724 25.116 8.114
74 5 1 25.860 8.689 25.104 8.078
75 5 1 25.860 8.653 25.104 8.042
76 5 1 25.860 8.629 25.104 8.019
77 5 1 25.848 8.606 25.093 7.995
78 5 1 25.825 8.570 25.069 7.959
79 5 1 25.813 8.534 25.057 7.923
80 5 1 25.813 8.522 25.057 7.911
81 5 1 25.802 8.487 25.046 7.876
82 5 1 25.778 8.475 25.022 7.864
83 5 1 25.766 8.439 25.011 7.828
84 5 1 25.766 8.427 25.011 7.816
85 5 1 25.755 8.391 24.999 7.780
86 5 1 25.731 8.379 24.975 7.768
87 5 1 25.719 8.355 24.964 7.745
89 5 1 25.731 8.367 24.928 7.721
90 5 1 25.695 8.367 24.965 7.495
91 5 1 25.707 8.379 24.930 7.459
92 5 1 25.684 8.355 24.906 7.436
93 5 1 25.672 8.331 24.894 7.412
94 5 1 25.637 8.307 24.859 7.388
95 5 1 25.637 8.272 24.859 7.352
96 5 1 25.613 8.224 24.836 7.304
97 5 1 25.602 8.177 24.824 7.257
98 5 1 25.578 8.141 24.801 7.221
99 5 1 25.567 8.105 24.789 7.185
100 5 1 25.567 8.081 24.789 7.162
101 5 1 25.555 8.046 24.778 7.126
102 5 1 25.532 8.022 24.754 7.102
103 5 1 25.520 7.986 24.742 7.066
104 5 1 25.508 7.950 24.731 7.031
106 5 1 25.520 7.962 24.695 6.995
107 5 1 25.496 7.938 24.672 6.971
108 5 1 25.473 7.926 24.648 6.959
109 5 1 25.461 7.903 24.636 6.935
110 5 1 25.426 7.879 24.601 6.911
111 5 1 25.402 7.867 24.577 6.899
112 5 1 25.378 7.843 24.554 6.875
113 5 1 25.343 7.830 24.518 6.863
114 5 1 25.307 7.806 24.483 6.839
115 5 1 25.284 7.794 24.459 6.827
116 5 1 25.248 7.782 24.423 6.815
117 5 1 25.189 7.758 24.364 6.790
118 5 1 25.165 7.734 24.340 6.766
119 5 1 25.130 7.722 24.305 6.754
120 5 1 25.095 7.603 24.173 6.919
121 5 1 25.107 7.615 24.138 6.895
122 5 1 25.071 7.603 24.102 6.883
123 5 1 25.060 7.579 24.090 6.859
124 5 1 25.024 7.567 24.055 6.847
125 5 1 25.012 7.543 24.043 6.823
126 5 1 24.989 7.531 24.019 6.811
128 5 1 25.012 7.543 23.984 6.775
129 5 1 24.989 7.531 23.960 6.763
130 5 1 24.953 7.531 23.925 6.763
131 5 1 24.906 7.519 23.877 6.751
132 5 1 24.870 7.495 23.842 6.727
133 5 1 24.835 7.494 23.806 6.726
134 5 1 24.787 7.482 23.759 6.714
135 5 1 24.752 7.482 23.723 6.714
136 5 1 24.716 7.482 23.687 6.714
137 5 1 24.668 7.469 23.640 6.701
138 5 1 24.633 7.457 23.604 6.689
139 5 1 24.609 7.457 23.580 6.689
140 5 1 24.585 7.457 23.557 6.689
141 5 1 24.550 7.457 23.521 6.689
143 5 1 24.573 7.469 23.486 6.653
144 5 1 24.550 7.468 23.462 6.652
145 5 1 24.526 7.456 23.438 6.640
146 5 1 24.502 7.480 23.414 6.664
147 5 1 24.478 7.480 23.390 6.664
148 5 1 24.443 7.491 23.355 6.675
149 5 1 24.407 7.491 23.319 6.675
150 5 1 24.110 7.560 22.940 6.506
151 5 1 24.133 7.584 22.892 6.470
152 5 1 24.086 7.595 22.844 6.481
153 5 1 24.062 7.583 22.821 6.469
154 5 1 24.038 7.595 22.797 6.481
155 5 1 23.967 7.606 22.725 6.492
156 5 1 23.943 7.642 22.701 6.527
157 5 1 23.895 7.630 22.654 6.515
158 5 1 23.847 7.665 22.606 6.550
159 5 1 23.824 7.653 22.582 6.538
160 5 1 23.800 7.665 22.558 6.550
161 5 1 23.752 7.676 22.511 6.562
162 5 1 23.705 7.664 22.463 6.549
163 5 1 23.681 7.675 22.439 6.561
164 5 1 23.657 7.687 22.415 6.573
165 5 1 23.586 7.675 22.344 6.560
166 5 1 23.562 7.686 22.320 6.572
167 5 1 23.514 7.674 22.273 6.560
168 5 1 23.467 7.686 22.225 6.571
169 5 1 23.443 7.697 22.201 6.583
170 5 1 23.419 7.709 22.177 6.594
171 5 1 23.371 7.721 22.129 6.606
172 5 1 23.323 7.756 22.082 6.641
173 5 1 23.276 7.744 22.034 6.629
174 5 1 23.228 7.779 21.986 6.664
175 5 1 23.204 7.791 21.962 6.676
176 5 1 23.180 7.802 21.938 6.688
177 5 1 23.109 7.814 21.867 6.699
178 5 1 23.109 7.826 21.867 6.711
179 5 1 23.085 7.837 21.843 6.722
180 5 1 22.921 7.527 22.162 6.986
181 5 1 22.932 7.539 22.127 6.962
182 5 1 22.897 7.551 22.091 6.974
183 5 1 22.873 7.562 22.067 6.986
184 5 1 22.849 7.586 22.043 7.009
185 5 1 22.813 7.598 22.007 7.021
186 5 1 22.765 7.621 21.960 7.044
187 5 1 22.729 7.644 21.924 7.068
188 5 1 22.693 7.668 21.888 7.091
189 5 1 22.646 7.691 21.840 7.115
190 5 1 22.610 7.715 21.804 7.138
191 5 1 22.586 7.750 21.780 7.174
192 5 1 22.550 7.774 21.744 7.197
193 5 1 22.502 7.809 21.696 7.232
194 5 1 22.466 7.845 21.660 7.268
195 5 1 22.430 7.868 21.624 7.291
196 5 1 22.394 7.903 21.588 7.327
197 5 1 22.370 7.927 21.564 7.350
198 5 1 22.334 7.951 21.528 7.374
199 5 1 22.298 7.974 21.492 7.397
200 5 1 22.274 7.986 21.468 7.409
201 5 1 22.250 8.009 21.444 7.433
202 5 1 22.215 8.021 21.408 7.444
203 5 1 22.179 8.045 21.373 7.468
204 5 1 22.155 8.056 21.349 7.479
205 5 1 22.131 8.080 21.325 7.503
206 5 1 22.095 8.103 21.289 7.527
207 5 1 22.047 8.115 21.241 7.538
208 5 1 22.011 8.138 21.205 7.562
209 5 1 21.987 8.162 21.181 7.585
210 5 1 21.949 8.447 20.811 7.547
211 5 1 21.973 8.459 20.776 7.511
212 5 1 21.937 8.483 20.740 7.534
213 5 1 21.878 8.482 20.680 7.534
214 5 1 21.866 8.506 20.668 7.557
215 5 1 21.806 8.529 20.608 7.581
216 5 1 21.770 8.529 20.573 7.581
217 5 1 21.734 8.553 20.537 7.604
218 5 1 21.698 8.553 20.501 7.604
219 5 1 21.639 8.552 20.441 7.603
220 5 1 21.603 8.552 20.405 7.603
221 5 1 21.567 8.575 20.369 7.627
222 5 1 21.531 8.599 20.333 7.650
223 5 1 21.495 8.622 20.297 7.674
224 5 1 21.483 8.646 20.285 7.697
225 5 1 21.447 8.670 20.249 7.721
226 5 1 21.411 8.669 20.213 7.721
227 5 1 21.375 8.693 20.177 7.744
228 5 1 21.340 8.717 20.141 7.768
229 5 1 21.304 8.740 20.105 7.791
230 5 1 21.268 8.764 20.069 7.815
231 5 1 21.208 8.763 20.010 7.814
232 5 1 21.172 8.787 19.974 7.838
233 5 1 21.136 8.810 19.938 7.861
234 5 1 21.124 8.834 19.926 7.885
235 5 1 21.064 8.857 19.866 7.908
236 5 1 21.052 8.857 19.854 7.908
237 5 1 21.016 8.881 19.818 7.932
238 5 1 20.980 8.905 19.782 7.955
239 5 1 20.944 8.928 19.746 7.979
240 5 1 20.707 8.760 20.187 8.113
241 5 1 20.742 8.808 20.139 8.053
242 5 1 20.754 8.820 20.116 8.017
243 5 1 20.718 8.831 20.080 8.029
244 5 1 20.682 8.843 20.044 8.041
245 5 1 20.646 8.867 20.008 8.064
246 5 1 20.611 8.878 19.972 8.076
247 5 1 20.575 8.902 19.936 8.099
248 5 1 20.539 8.913 19.900 8.111
249 5 1 20.503 8.937 19.864 8.135
250 5 1 20.455 8.949 19.816 8.146
251 5 1 20.419 8.972 19.780 8.170
252 5 1 20.383 8.984 19.744 8.181
253 5 1 20.347 9.007 19.708 8.205
254 5 1 20.323 9.019 19.684 8.217
255 5 1 20.299 9.043 19.660 8.240
256 5 1 20.263 9.054 19.624 8.252
258 5 1 20.287 9.019 19.324 8.405
259 5 1 20.311 9.031 19.289 8.381
260 5 1 20.287 9.055 19.264 8.404
261 5 1 20.251 9.066 19.229 8.416
262 5 1 20.215 9.090 19.192 8.439
263 5 1 20.179 9.113 19.156 8.463
264 5 1 20.143 9.137 19.120 8.487
265 5 1 20.107 9.161 19.084 8.510
266 5 1 20.083 9.196 19.060 8.546
267 5 1 20.047 9.232 19.024 8.581
268 5 1 20.011 9.267 18.988 8.617
269 5 1 19.975 9.291 18.952 8.640
270 5 1 19.938 9.326 18.916 8.676
271 5 1 19.783 9.397 19.095 8.677
272 5 1 19.794 9.409 19.071 8.641
273 5 1 19.758 9.432 19.035 8.665
274 5 1 19.722 9.444 18.999 8.676
275 5 1 19.698 9.468 18.975 8.700
276 5 1 19.674 9.491 18.951 8.724
277 5 1 19.638 9.503 18.915 8.735
278 5 1 19.590 9.515 18.867 8.747
279 5 1 19.554 9.550 18.831 8.783
280 5 1 19.530 9.550 18.807 8.782
281 5 1 19.494 9.574 18.771 8.806
282 5 1 19.446 9.585 18.723 8.818
283 5 1 19.410 9.621 18.687 8.853
284 5 1 19.374 9.620 18.651 8.853
285 5 1 19.326 9.644 18.603 8.876
286 5 1 19.278 9.668 18.555 8.900
287 5 1 19.230 9.691 18.507 8.923
288 5 1 19.182 9.715 18.459 8.947
289 5 1 19.146 9.726 18.423 8.959
290 5 1 19.122 9.762 18.399 8.994
291 5 1 19.086 9.762 18.363 8.994
292 5 1 19.038 9.785 18.315 9.017
293 5 1 19.002 9.809 18.279 9.041
294 5 1 18.978 9.833 18.254 9.065
296 5 1 18.942 9.856 18.218 9.088
297 5 1 18.954 9.916 17.931 9.122
298 5 1 18.977 9.928 17.895 9.086
299 5 1 18.941 9.952 17.859 9.110
300 5 1 18.917 9.963 17.835 9.121
301 5 1 18.881 9.987 17.799 9.145
302 5 1 18.795 10.308 17.667 9.180
303 5 1 18.819 10.332 17.631 9.144
304 5 1 18.795 10.344 17.607 9.156
305 5 1 18.722 10.403 17.535 9.215
306 5 1 18.698 10.415 17.511 9.227
307 5 1 18.650 10.451 17.462 9.262
308 5 1 18.602 10.462 17.414 9.274
309 5 1 18.578 10.498 17.390 9.309
310 5 1 18.554 10.534 17.366 9.345
311 5 1 18.506 10.569 17.318 9.380
312 5 1 18.481 10.605 17.293 9.416
313 5 1 18.457 10.640 17.269 9.452
314 5 1 18.409 10.652 17.221 9.463
315 5 1 18.385 10.688 17.197 9.499
316 5 1 18.361 10.700 17.173 9.511
317 5 1 18.313 10.711 17.125 9.522
318 5 1 18.265 10.723 17.077 9.534
319 5 1 18.241 10.758 17.052 9.570
320 5 1 18.217 10.770 17.028 9.581
321 5 1 18.144 10.806 16.956 9.617
322 5 1 18.120 10.841 16.932 9.652
323 5 1 18.072 10.877 16.884 9.688
324 5 1 18.024 10.889 16.836 9.700
325 5 1 17.976 10.924 16.787 9.735
326 5 1 17.952 10.936 16.763 9.747
327 5 1 17.928 10.972 16.739 9.783
328 5 1 17.879 10.983 16.691 9.794
329 5 1 17.855 11.019 16.667 9.830
330 5 1 17.855 11.031 16.666 9.842
331 5 1 17.807 11.066 16.618 9.877
332 5 1 17.534 10.695 16.951 10.202
333 5 1 17.570 10.731 16.892 10.154
334 5 1 17.582 10.743 16.868 10.130
335 5 1 17.558 10.766 16.844 10.153
336 5 1 17.534 10.802 16.819 10.189
337 5 1 17.497 10.826 16.783 10.213
338 5 1 17.461 10.861 16.747 10.248
339 5 1 17.425 10.897 16.711 10.284
340 5 1 17.389 10.933 16.674 10.319
341 5 1 17.364 10.968 16.650 10.355
342 5 1 17.328 11.004 16.614 10.391
343 5 1 17.292 11.052 16.577 10.438
344 5 1 17.256 11.075 16.541 10.462
345 5 1 17.231 11.111 16.517 10.498
346 5 1 17.195 11.123 16.481 10.509
347 5 1 17.171 11.158 16.456 10.545
348 5 1 17.135 11.170 16.420 10.557
349 5 1 17.111 11.206 16.396 10.593
350 5 1 17.074 11.218 16.360 10.604
351 5 1 17.050 11.253 16.336 10.640
352 5 1 17.014 11.277 16.299 10.664
353 5 1 16.978 11.301 16.263 10.687
354 5 1 16.954 11.324 16.239 10.711
355 5 1 16.917 11.348 16.203 10.735
356 5 1 16.881 11.384 16.167 10.770
357 5 1 16.845 11.419 16.130 10.806
358 5 1 16.809 11.443 16.094 10.830
359 5 1 16.772 11.479 16.058 10.865
360 5 1 16.724 11.514 16.009 10.901
361 5 1 16.688 11.538 15.973 10.925
362 5 1 16.889 11.838 15.794 10.804
363 5 1 16.913 11.862 15.758 10.768
364 5 1 16.901 11.874 15.746 10.780
365 5 1 16.889 11.886 15.734 10.792
366 5 1 16.853 11.921 15.698 10.827
367 5 1 16.841 11.933 15.686 10.839
368 5 1 16.804 11.969 15.649 10.875
369 5 1 16.768 11.981 15.613 10.887
370 5 1 16.732 12.016 15.577 10.922
371 5 1 16.720 12.028 15.565 10.934
372 5 1 16.684 12.040 15.529 10.946
373 5 1 16.647 12.076 15.492 10.982
374 5 1 16.611 12.111 15.456 11.017
375 5 1 16.575 12.123 15.420 11.029
376 5 1 16.538 12.183 15.383 11.089
377 5 1 16.502 12.194 15.347 11.100
378 5 1 16.466 12.254 15.310 11.160
379 5 1 16.454 12.266 15.298 11.172
380 5 1 16.417 12.326 15.262 11.231
381 5 1 16.405 12.337 15.250 11.243
382 5 1 16.369 12.373 15.213 11.279
383 5 1 16.356 12.409 15.201 11.315
384 5 1 16.320 12.445 15.164 11.350
385 5 1 16.308 12.480 15.152 11.386
386 5 1 16.271 12.516 15.116 11.422
387 5 1 16.259 12.528 15.104 11.434
388 5 1 16.223 12.564 15.067 11.470
389 5 1 16.187 12.576 15.031 11.481
390 5 1 16.150 12.635 14.995 11.541
391 5 1 16.138 12.647 14.982 11.553
392 5 1 15.909 12.766 14.789 11.671
393 5 1 15.933 12.790 14.753 11.635
394 5 1 15.897 12.813 14.717 11.659
395 5 1 15.861 12.813 14.681 11.659
396 5 1 15.824 12.837 14.645 11.683
397 5 1 15.788 12.909 14.608 11.754
398 5 1 15.752 12.908 14.572 11.754
399 5 1 15.715 12.932 14.535 11.778
400 5 1 15.679 12.980 14.499 11.825
401 5 1 15.643 13.004 14.463 11.849
402 5 1 15.607 12.980 14.427 11.825
403 5 1 15.618 13.027 14.438 11.873
404 5 1 15.582 13.051 14.402 11.897
405 5 1 15.570 13.075 14.390 11.921
406 5 1 15.533 13.147 14.353 11.992
407 5 1 15.521 13.147 14.341 11.992
408 5 1 15.485 13.194 14.304 12.040
409 5 1 15.472 13.218 14.292 12.064
410 5 1 15.412 13.290 14.231 12.135
411 5 1 15.400 13.290 14.219 12.135
412 5 1 15.363 13.338 14.183 12.183
413 5 1 15.327 13.385 14.146 12.231
414 5 1 15.290 13.409 14.110 12.254
415 5 1 15.278 13.481 14.097 12.326
416 5 1 15.241 13.505 14.061 12.350
417 5 1 15.253 13.553 14.073 12.398
418 5 1 15.241 13.600 14.060 12.446
419 5 1 15.228 13.624 14.048 12.470
420 5 1 15.216 13.624 14.036 12.470
421 5 1 15.204 13.648 14.023 12.493
422 5 1 14.845 13.443 14.332 12.938
423 5 1 14.881 13.479 14.285 12.890
424 5 1 14.893 13.491 14.261 12.866
425 5 1 14.868 13.527 14.236 12.902
426 5 1 14.844 13.551 14.212 12.925
427 5 1 14.808 13.587 14.176 12.961
428 5 1 14.771 13.622 14.139 12.997
429 5 1 14.759 13.658 14.127 13.033
430 5 1 14.710 13.706 14.078 13.080
431 5 1 14.686 13.742 14.054 13.116
432 5 1 14.650 13.778 14.017 13.152
433 5 1 14.625 13.813 13.993 13.188
434 5 1 14.601 13.849 13.969 13.224
435 5 1 14.576 13.885 13.944 13.260
436 5 1 14.552 13.921 13.920 13.295
437 5 1 14.528 13.957 13.895 13.331
438 5 1 14.503 13.993 13.871 13.367
439 5 1 14.479 14.028 13.847 13.403
440 5 1 14.455 14.052 13.822 13.427
441 5 1 14.442 14.088 13.810 13.463
442 5 1 14.406 14.112 13.773 13.486
443 5 1 14.394 14.148 13.761 13.522
444 5 1 14.357 14.184 13.725 13.558
445 5 1 14.345 14.220 13.712 13.594
446 5 1 14.308 14.255 13.676 13.630
447 5 1 14.296 14.291 13.663 13.666
448 5 1 14.271 14.327 13.639 13.702
449 5 1 14.247 14.363 13.615 13.737
450 5 1 14.223 14.411 13.590 13.785
451 5 1 14.198 14.447 13.566 13.821
452 5 1 14.341 14.651 13.459 13.605
453 5 1 14.353 14.675 13.423 13.569
454 5 1 14.340 14.699 13.411 13.593
455 5 1 14.304 14.723 13.375 13.617
456 5 1 14.292 14.747 13.362 13.641
457 5 1 14.256 14.747 13.326 13.640
458 5 1 14.243 14.771 13.314 13.664
459 5 1 14.207 14.842 13.277 13.736
460 5 1 14.194 14.866 13.265 13.760
461 5 1 14.158 14.914 13.228 13.808
462 5 1 14.145 14.938 13.216 13.832
463 5 1 14.109 14.962 13.180 13.856
464 5 1 14.073 15.010 13.143 13.903
465 5 1 14.036 15.058 13.106 13.951
466 5 1 14.024 15.081 13.094 13.975
467 5 1 13.987 15.105 13.058 13.999
468 5 1 13.951 15.177 13.021 14.071
469 5 1 13.914 15.177 12.985 14.071
470 5 1 13.878 15.225 12.948 14.118
471 5 1 13.841 15.249 12.912 14.142
472 5 1 13.829 15.297 12.899 14.190
473 5 1 13.793 15.321 12.863 14.214
474 5 1 13.780 15.344 12.850 14.238
475 5 1 13.768 15.392 12.838 14.286
476 5 1 13.755 15.440 12.825 14.334
477 5 1 13.743 15.464 12.813 14.358
478 5 1 13.731 15.488 12.801 14.382
479 5 1 13.694 15.536 12.764 14.430
480 5 1 13.682 15.560 12.752 14.453
481 5 1 13.646 15.584 12.716 14.477
482 5 1 13.559 15.824 12.666 14.573
483 5 1 13.571 15.848 12.631 14.525
484 5 1 13.546 15.884 12.606 14.561
485 5 1 13.546 15.944 12.606 14.621
486 5 1 13.545 15.980 12.605 14.657
487 5 1 13.521 16.039 12.581 14.717
488 5 1 13.496 16.075 12.556 14.753
489 5 1 13.496 16.111 12.556 14.789
490 5 1 13.472 16.147 12.531 14.825
491 5 1 13.423 16.183 12.483 14.860
492 5 1 13.399 16.195 12.458 14.872
493 5 1 13.398 16.231 12.458 14.908
494 5 1 13.398 16.243 12.458 14.920
495 5 1 13.374 16.279 12.433 14.956
496 5 1 13.325 16.315 12.385 14.992
497 5 1 13.277 16.351 12.336 15.028
498 5 1 13.252 16.387 12.312 15.064
499 5 1 13.252 16.447 12.311 15.124
500 5 1 13.227 16.459 12.287 15.136
501 5 1 13.179 16.519 12.238 15.196
502 5 1 13.154 16.555 12.214 15.232
503 5 1 13.154 16.591 12.213 15.268
504 5 1 13.129 16.627 12.189 15.303
505 5 1 13.081 16.662 12.140 15.339
506 5 1 13.056 16.698 12.116 15.375
507 5 1 13.080 16.734 12.139 15.411
508 5 1 13.031 16.770 12.091 15.447
509 5 1 13.007 16.806 12.066 15.483
511 5 1 13.006 16.878 12.066 15.555
512 5 1 12.792 16.566 12.109 16.024
513 5 1 12.804 16.578 12.085 15.999
514 5 1 12.792 16.614 12.073 16.035
515 5 1 12.767 16.650 12.048 16.071
516 5 1 12.755 16.686 12.036 16.107
517 5 1 12.730 16.722 12.012 16.143
518 5 1 12.718 16.758 11.999 16.179
519 5 1 12.693 16.806 11.974 16.227
520 5 1 12.681 16.842 11.962 16.263
521 5 1 12.656 16.890 11.937 16.311
522 5 1 12.632 16.938 11.913 16.359
523 5 1 12.619 16.986 11.900 16.407
524 5 1 12.595 17.034 11.876 16.455
525 5 1 12.570 17.070 11.851 16.491
526 5 1 12.545 17.118 11.826 16.539
527 5 1 12.533 17.154 11.814 16.575
528 5 1 12.509 17.190 11.790 16.611
529 5 1 12.496 17.226 11.777 16.647
530 5 1 12.472 17.262 11.753 16.683
531 5 1 12.447 17.286 11.728 16.707
532 5 1 12.435 17.322 11.716 16.743
533 5 1 12.410 17.358 11.691 16.779
534 5 1 12.386 17.394 11.667 16.815
535 5 1 12.361 17.430 11.642 16.851
536 5 1 12.337 17.466 11.618 16.887
537 5 1 12.312 17.502 11.593 16.923
538 5 1 12.288 17.538 11.569 16.959
539 5 1 12.263 17.574 11.544 16.995
540 5 1 12.239 17.622 11.519 17.043
541 5 1 12.202 17.658 11.483 17.079
542 5 1 12.345 17.850 11.437 16.779
543 5 1 12.357 17.874 11.402 16.743
544 5 1 12.345 17.898 11.389 16.767
545 5 1 12.284 17.922 11.329 16.790
546 5 1 12.272 17.970 11.316 16.838
547 5 1 12.235 17.994 11.279 16.862
549 5 1 12.235 18.018 11.279 16.886
550 5 1 12.247 18.066 11.291 16.935
551 5 1 12.210 18.114 11.254 16.983
552 5 1 12.197 18.138 11.242 17.007
553 5 1 12.161 18.162 11.205 17.031
554 5 1 12.148 18.210 11.193 17.079
555 5 1 12.112 18.258 11.156 17.127
556 5 1 12.099 18.306 11.143 17.175
557 5 1 12.063 18.330 11.107 17.199
558 5 1 12.050 18.354 11.095 17.223
559 5 1 12.013 18.427 11.058 17.295
560 5 1 12.001 18.451 11.045 17.319
561 5 1 11.988 18.523 11.032 17.391
562 5 1 11.976 18.547 11.020 17.415
563 5 1 11.963 18.595 11.008 17.463
16 5 1 25.047 9.610 24.077 8.938
40 5 1 25.570 9.518 24.496 8.489
510 5 1 13.007 16.842 12.066 15.519
548 5 1 12.223 17.994 11.267 16.862
54 6 2 10.390 27.108 8.943 24.973
55 6 2 10.438 27.169 8.919 24.937
56 6 2 10.451 27.060 8.932 24.828
57 6 2 10.464 26.975 8.945 24.744
58 6 2 10.477 26.842 8.959 24.611
59 6 2 10.490 26.757 8.972 24.526
60 6 2 9.958 26.626 9.030 24.792
61 6 2 9.970 26.662 8.994 24.732
62 6 2 9.983 26.554 9.007 24.623
63 6 2 10.020 26.445 9.045 24.514
64 6 2 10.009 26.336 9.034 24.405
65 6 2 10.047 26.227 9.071 24.296
66 6 2 10.036 26.118 9.060 24.188
67 6 2 10.073 26.010 9.098 24.079
68 6 2 10.062 25.901 9.087 23.970
69 6 2 10.100 25.792 9.125 23.862
70 6 2 10.113 25.683 9.138 23.753
71 6 2 10.126 25.574 9.151 23.644
72 6 2 10.139 25.466 9.164 23.535
73 6 2 10.153 25.357 9.178 23.427
74 6 2 10.166 25.248 9.191 23.318
75 6 2 10.179 25.115 9.204 23.185
76 6 2 10.192 25.031 9.217 23.101
77 6 2 10.230 24.898 9.255 22.968
78 6 2 10.219 24.789 9.244 22.859
79 6 2 10.257 24.680 9.282 22.751
80 6 2 10.270 24.572 9.295 22.642
81 6 2 10.307 24.463 9.333 22.533
82 6 2 10.321 24.354 9.346 22.425
83 6 2 10.334 24.246 9.359 22.316
84 6 2 10.347 24.137 9.372 22.208
85 6 2 10.384 24.028 9.410 22.099
86 6 2 10.398 23.920 9.423 21.990
87 6 2 10.435 23.811 9.461 21.882
88 6 2 10.448 23.702 9.474 21.773
89 6 2 10.486 23.570 9.512 21.641
90 6 2 10.476 23.389 9.525 21.544
91 6 2 10.500 23.425 9.489 21.484
92 6 2 10.513 23.328 9.502 21.387
93 6 2 10.526 23.208 9.516 21.267
94 6 2 10.564 23.063 9.553 21.122
95 6 2 10.577 22.966 9.567 21.026
96 6 2 10.615 22.846 9.604 20.905
97 6 2 10.628 22.749 9.617 20.809
98 6 2 10.641 22.653 9.630 20.712
99 6 2 10.654 22.532 9.644 20.592
100 6 2 10.692 22.412 9.681 20.471
101 6 2 10.729 22.315 9.719 20.375
102 6 2 10.766 22.194 9.756 20.254
103 6 2 10.780 22.074 9.770 20.134
104 6 2 10.817 21.977 9.807 20.037
105 6 2 10.830 21.881 9.820 19.941
106 6 2 10.868 21.760 9.858 19.821
107 6 2 10.881 21.616 9.871 19.676
108 6 2 10.919 21.519 9.909 19.580
109 6 2 10.956 21.399 9.946 19.459
110 6 2 10.993 21.303 9.984 19.363
111 6 2 11.006 21.206 9.997 19.267
112 6 2 11.044 21.086 10.034 19.146
113 6 2 11.081 20.965 10.072 19.026
114 6 2 11.119 20.869 10.109 18.930
115 6 2 11.132 20.772 10.122 18.833
116 6 2 11.169 20.652 10.160 18.713
117 6 2 11.207 20.532 10.197 18.593
118 6 2 11.244 20.435 10.235 18.496
119 6 2 11.257 20.315 10.248 18.376
120 6 2 11.320 20.110 10.370 18.268
121 6 2 11.344 20.146 10.334 18.208
122 6 2 11.381 20.050 10.372 18.111
123 6 2 11.418 19.930 10.409 17.991
124 6 2 11.456 19.785 10.447 17.847
125 6 2 11.518 19.689 10.509 17.751
126 6 2 11.555 19.569 10.546 17.630
127 6 2 11.592 19.473 10.583 17.534
128 6 2 11.629 19.376 10.621 17.438
129 6 2 11.667 19.256 10.658 17.318
130 6 2 11.704 19.136 10.696 17.198
131 6 2 11.766 19.040 10.757 17.102
132 6 2 11.803 18.919 10.795 16.982
133 6 2 11.841 18.799 10.832 16.861
134 6 2 11.878 18.703 10.869 16.765
135 6 2 11.759 18.462 10.907 16.645
136 6 2 11.771 18.498 10.871 16.585
137 6 2 11.808 18.402 10.908 16.489
138 6 2 11.846 18.282 10.946 16.369
139 6 2 11.907 18.210 11.007 16.297
140 6 2 11.944 18.090 11.045 16.177
141 6 2 12.006 17.994 11.106 16.081
142 6 2 12.043 17.898 11.143 15.985
143 6 2 12.104 17.778 11.205 15.865
144 6 2 12.166 17.657 11.266 15.745
145 6 2 12.227 17.585 11.328 15.673
146 6 2 12.264 17.465 11.365 15.553
147 6 2 12.350 17.369 11.451 15.457
148 6 2 12.387 17.273 11.488 15.361
149 6 2 12.448 17.177 11.549 15.265
150 6 2 12.813 16.938 11.551 15.109
151 6 2 12.836 16.974 11.503 15.049
152 6 2 12.898 16.890 11.564 14.965
153 6 2 12.959 16.782 11.626 14.857
154 6 2 13.020 16.674 11.687 14.750
155 6 2 13.081 16.590 11.748 14.666
156 6 2 13.143 16.507 11.809 14.582
157 6 2 13.228 16.399 11.895 14.474
158 6 2 13.289 16.315 11.956 14.391
159 6 2 13.375 16.207 12.042 14.283
160 6 2 13.435 16.147 12.103 14.223
161 6 2 13.521 16.039 12.188 14.115
162 6 2 13.582 15.956 12.249 14.032
163 6 2 13.667 15.872 12.335 13.948
164 6 2 13.752 15.812 12.420 13.888
165 6 2 13.837 15.728 12.505 13.805
166 6 2 13.898 15.645 12.566 13.721
167 6 2 13.983 15.561 12.651 13.638
168 6 2 14.044 15.501 12.712 13.578
169 6 2 14.129 15.418 12.797 13.494
170 6 2 14.190 15.358 12.858 13.435
171 6 2 14.275 15.274 12.943 13.351
172 6 2 14.360 15.214 13.028 13.292
173 6 2 14.445 15.155 13.113 13.232
174 6 2 14.505 15.095 13.174 13.172
175 6 2 14.590 15.011 13.259 13.089
176 6 2 14.651 14.976 13.320 13.053
177 6 2 14.736 14.892 13.405 12.970
178 6 2 14.796 14.856 13.465 12.934
179 6 2 14.881 14.797 13.550 12.874
180 6 2 15.135 14.618 13.513 13.042
181 6 2 15.171 14.654 13.465 12.994
182 6 2 15.232 14.606 13.526 12.946
183 6 2 15.316 14.559 13.610 12.899
184 6 2 15.377 14.511 13.671 12.851
185 6 2 15.485 14.463 13.780 12.804
186 6 2 15.546 14.416 13.840 12.756
187 6 2 15.631 14.368 13.925 12.709
188 6 2 15.691 14.344 13.986 12.685
189 6 2 15.775 14.297 14.070 12.637
190 6 2 15.860 14.273 14.155 12.614
191 6 2 15.944 14.250 14.239 12.590
192 6 2 16.005 14.202 14.300 12.543
193 6 2 16.089 14.178 14.384 12.519
194 6 2 16.173 14.155 14.469 12.496
195 6 2 16.257 14.131 14.553 12.472
196 6 2 16.318 14.107 14.614 12.448
197 6 2 16.426 14.084 14.722 12.425
198 6 2 16.486 14.060 14.782 12.401
199 6 2 16.571 14.037 14.867 12.378
200 6 2 16.655 14.013 14.951 12.354
201 6 2 16.739 13.989 15.036 12.331
202 6 2 16.823 13.966 15.120 12.307
203 6 2 16.931 13.966 15.228 12.308
204 6 2 17.016 13.943 15.312 12.284
205 6 2 17.100 13.919 15.397 12.261
206 6 2 17.184 13.919 15.481 12.261
207 6 2 17.268 13.896 15.565 12.238
208 6 2 17.328 13.896 15.625 12.238
209 6 2 17.436 13.873 15.734 12.215
210 6 2 17.716 13.384 15.969 12.790
211 6 2 17.752 13.396 15.909 12.766
212 6 2 17.836 13.396 15.993 12.766
213 6 2 17.896 13.372 16.053 12.742
214 6 2 17.980 13.373 16.137 12.743
215 6 2 18.064 13.373 16.221 12.743
216 6 2 18.147 13.373 16.306 12.744
217 6 2 18.208 13.350 16.366 12.720
218 6 2 18.292 13.326 16.450 12.696
219 6 2 18.376 13.327 16.534 12.697
220 6 2 18.459 13.327 16.618 12.697
221 6 2 18.543 13.303 16.702 12.674
222 6 2 18.627 13.280 16.786 12.650
223 6 2 18.711 13.280 16.870 12.650
224 6 2 18.795 13.257 16.955 12.627
225 6 2 18.879 13.233 17.039 12.603
226 6 2 18.963 13.234 17.123 12.604
227 6 2 19.047 13.210 17.207 12.580
228 6 2 19.131 13.187 17.291 12.557
229 6 2 19.215 13.187 17.375 12.557
230 6 2 19.299 13.163 17.459 12.534
231 6 2 19.383 13.116 17.543 12.486
232 6 2 19.491 13.093 17.652 12.463
233 6 2 19.551 13.093 17.712 12.463
234 6 2 19.658 13.069 17.820 12.440
235 6 2 19.742 13.046 17.904 12.416
236 6 2 19.826 13.046 17.988 12.417
237 6 2 19.910 13.023 18.072 12.393
238 6 2 20.018 12.976 18.180 12.346
239 6 2 20.078 12.952 18.240 12.322
240 6 2 20.268 13.096 18.422 12.025
241 6 2 20.304 13.120 18.362 11.989
242 6 2 20.400 13.097 18.458 11.965
243 6 2 20.495 13.073 18.554 11.942
244 6 2 20.591 13.050 18.650 11.919
245 6 2 20.687 13.026 18.746 11.895
246 6 2 20.783 13.003 18.842 11.872
247 6 2 20.878 12.979 18.938 11.848
248 6 2 20.974 12.956 19.034 11.825
249 6 2 21.070 12.933 19.130 11.802
250 6 2 21.165 12.909 19.226 11.778
251 6 2 21.285 12.886 19.346 11.755
252 6 2 21.381 12.862 19.442 11.732
253 6 2 21.476 12.839 19.537 11.708
254 6 2 21.572 12.816 19.633 11.685
255 6 2 21.692 12.792 19.753 11.662
256 6 2 21.787 12.769 19.849 11.638
257 6 2 21.883 12.746 19.945 11.615
258 6 2 21.978 12.722 20.041 11.592
259 6 2 22.098 12.699 20.160 11.568
260 6 2 22.193 12.676 20.256 11.545
261 6 2 22.289 12.652 20.352 11.522
262 6 2 22.385 12.629 20.447 11.498
263 6 2 22.504 12.605 20.567 11.475
264 6 2 22.599 12.582 20.663 11.452
265 6 2 22.695 12.559 20.759 11.429
266 6 2 22.814 12.535 20.878 11.405
267 6 2 22.910 12.512 20.974 11.382
268 6 2 23.005 12.489 21.070 11.359
269 6 2 23.125 12.465 21.189 11.336
270 6 2 23.280 12.395 21.380 11.349
271 6 2 23.327 12.419 21.320 11.312
272 6 2 23.435 12.396 21.428 11.289
273 6 2 23.518 12.348 21.512 11.242
274 6 2 23.649 12.325 21.643 11.219
275 6 2 23.733 12.326 21.727 11.219
276 6 2 23.864 12.302 21.858 11.196
277 6 2 23.948 12.255 21.942 11.149
278 6 2 24.079 12.232 22.073 11.126
279 6 2 24.186 12.233 22.181 11.127
280 6 2 24.293 12.209 22.288 11.103
281 6 2 24.400 12.162 22.396 11.056
282 6 2 24.531 12.139 22.527 11.033
283 6 2 24.614 12.139 22.610 11.034
284 6 2 24.745 12.116 22.742 11.011
285 6 2 24.829 12.069 22.825 10.964
286 6 2 24.936 12.046 22.933 10.940
287 6 2 25.043 12.046 23.040 10.941
288 6 2 25.150 12.023 23.147 10.918
289 6 2 25.257 12.000 23.254 10.895
290 6 2 25.364 12.001 23.362 10.895
291 6 2 25.471 11.977 23.469 10.872
292 6 2 25.578 11.930 23.576 10.825
293 6 2 25.685 11.907 23.684 10.802
294 6 2 25.816 11.908 23.814 10.803
295 6 2 25.923 11.884 23.922 10.779
296 6 2 26.030 11.861 24.029 10.756
297 6 2 26.137 11.862 24.136 10.757
298 6 2 26.267 11.839 24.267 10.734
299 6 2 26.375 11.792 24.374 10.687
300 6 2 26.447 11.578 24.611 10.772
301 6 2 26.483 11.590 24.552 10.736
302 6 2 26.601 11.567 24.671 10.712
303 6 2 26.696 11.544 24.766 10.689
304 6 2 26.815 11.545 24.885 10.690
305 6 2 26.934 11.521 25.004 10.667
306 6 2 27.052 11.475 25.123 10.620
307 6 2 27.171 11.451 25.242 10.597
308 6 2 27.290 11.452 25.361 10.598
309 6 2 27.408 11.453 25.480 10.598
310 6 2 27.527 11.430 25.599 10.575
311 6 2 27.646 11.383 25.718 10.528
312 6 2 27.764 11.360 25.837 10.505
313 6 2 27.883 11.360 25.955 10.506
314 6 2 28.001 11.337 26.074 10.483
315 6 2 28.167 11.303 26.454 10.473
316 6 2 28.203 11.315 26.395 10.438
317 6 2 28.321 11.292 26.513 10.414
318 6 2 28.439 11.292 26.632 10.415
319 6 2 28.558 11.269 26.751 10.392
320 6 2 28.700 11.246 26.893 10.369
321 6 2 28.818 11.247 27.012 10.370
322 6 2 28.937 11.224 27.130 10.347
323 6 2 29.055 11.224 27.249 10.348
324 6 2 29.197 11.201 27.391 10.325
325 6 2 29.315 11.202 27.509 10.326
326 6 2 29.434 11.179 27.628 10.303
327 6 2 29.575 11.180 27.770 10.303
328 6 2 29.694 11.157 27.889 10.280
329 6 2 29.836 11.158 28.031 10.281
330 6 2 30.002 10.969 28.208 10.365
331 6 2 30.037 10.981 28.149 10.341
332 6 2 30.167 10.970 28.279 10.330
333 6 2 30.274 10.959 28.386 10.319
334 6 2 30.427 10.948 28.539 10.308
335 6 2 30.557 10.936 28.670 10.297
336 6 2 30.687 10.925 28.800 10.286
337 6 2 30.817 10.914 28.930 10.275
338 6 2 30.970 10.903 29.084 10.264
339 6 2 31.100 10.892 29.214 10.253
340 6 2 31.230 10.881 29.344 10.242
341 6 2 31.360 10.870 29.474 10.231
342 6 2 31.513 10.859 29.628 10.220
343 6 2 31.643 10.848 29.758 10.209
344 6 2 31.796 10.837 29.911 10.198
345 6 2 31.902 10.826 30.018 10.187
346 6 2 32.056 10.815 30.171 10.176
347 6 2 32.185 10.827 30.301 10.188
348 6 2 32.338 10.816 30.455 10.178
349 6 2 32.445 10.805 30.561 10.166
350 6 2 32.598 10.794 30.714 10.155
351 6 2 32.727 10.783 30.844 10.144
352 6 2 32.880 10.772 30.998 10.134
353 6 2 33.010 10.785 31.127 10.146
354 6 2 33.139 10.774 31.257 10.135
355 6 2 33.269 10.763 31.387 10.124
356 6 2 33.398 10.752 31.517 10.113
357 6 2 33.528 10.764 31.646 10.126
358 6 2 33.681 10.753 31.800 10.115
359 6 2 33.787 10.766 31.906 10.127
360 6 2 34.010 10.767 32.153 10.105
361 6 2 34.045 10.779 32.094 10.081
362 6 2 34.174 10.780 32.224 10.082
363 6 2 34.304 10.781 32.354 10.083
364 6 2 34.433 10.781 32.483 10.084
365 6 2 34.586 10.782 32.636 10.085
366 6 2 34.692 10.783 32.742 10.085
367 6 2 34.844 10.784 32.895 10.086
368 6 2 34.973 10.784 33.025 10.087
369 6 2 35.103 10.785 33.154 10.088
370 6 2 35.232 10.786 33.284 10.089
371 6 2 35.361 10.787 33.413 10.089
372 6 2 35.490 10.787 33.542 10.090
373 6 2 35.619 10.788 33.672 10.091
374 6 2 35.748 10.789 33.801 10.092
375 6 2 35.877 10.790 33.930 10.093
376 6 2 36.006 10.790 34.060 10.093
377 6 2 36.135 10.815 34.189 10.118
378 6 2 36.264 10.839 34.318 10.142
379 6 2 36.393 10.816 34.447 10.119
380 6 2 36.499 10.841 34.553 10.144
381 6 2 36.651 10.841 34.706 10.145
382 6 2 36.757 10.842 34.811 10.145
383 6 2 36.885 10.843 34.941 10.146
384 6 2 37.014 10.844 35.070 10.147
385 6 2 37.143 10.868 35.199 10.171
386 6 2 37.272 10.892 35.328 10.196
387 6 2 37.401 10.893 35.457 10.197
388 6 2 37.506 10.894 35.563 10.197
389 6 2 37.635 10.894 35.692 10.198
390 6 2 37.822 11.072 35.903 10.034
63 7 2 11.799 26.777 10.639 25.271
64 7 2 11.835 26.825 10.627 25.247
65 7 2 11.848 26.692 10.640 25.114
66 7 2 11.886 26.511 10.678 24.933
67 7 2 11.900 26.354 10.692 24.776
68 7 2 11.938 26.197 10.730 24.619
69 7 2 11.952 26.040 10.744 24.462
70 7 2 11.989 25.883 10.782 24.305
71 7 2 12.003 25.702 10.796 24.124
72 7 2 12.041 25.521 10.834 23.943
73 7 2 12.055 25.364 10.847 23.786
74 7 2 12.069 25.183 10.861 23.605
75 7 2 12.082 25.026 10.875 23.448
76 7 2 12.120 24.845 10.913 23.267
77 7 2 12.134 24.688 10.927 23.111
78 7 2 12.148 24.507 10.941 22.930
79 7 2 12.162 24.351 10.954 22.773
80 7 2 12.175 24.170 10.968 22.592
81 7 2 12.189 24.013 10.982 22.435
82 7 2 12.203 23.832 10.996 22.255
83 7 2 12.217 23.651 11.010 22.074
84 7 2 12.255 23.470 11.048 21.893
85 7 2 12.268 23.314 11.062 21.736
86 7 2 12.282 23.133 11.076 21.556
87 7 2 12.296 22.952 11.090 21.375
88 7 2 12.334 22.771 11.128 21.194
89 7 2 12.324 22.591 11.117 21.013
90 7 2 11.848 22.989 11.006 21.242
91 7 2 11.860 23.025 10.970 21.182
92 7 2 11.886 22.856 10.996 21.013
93 7 2 11.888 22.663 10.998 20.821
94 7 2 11.889 22.471 11.000 20.628
95 7 2 11.915 22.302 11.026 20.459
96 7 2 11.966 22.109 11.076 20.267
97 7 2 11.967 21.916 11.078 20.074
98 7 2 11.993 21.748 11.104 19.906
99 7 2 11.995 21.555 11.106 19.713
100 7 2 12.021 21.387 11.132 19.544
101 7 2 12.071 21.194 11.182 19.352
102 7 2 12.097 21.025 11.208 19.183
103 7 2 12.099 20.833 11.210 18.991
104 7 2 12.125 20.640 11.236 18.798
105 7 2 12.175 20.472 11.286 18.630
106 7 2 12.201 20.279 11.312 18.438
107 7 2 12.203 20.111 11.314 18.269
108 7 2 12.229 19.918 11.340 18.077
109 7 2 12.279 19.750 11.390 17.909
110 7 2 12.305 19.557 11.416 17.716
111 7 2 12.330 19.389 11.442 17.548
112 7 2 12.381 19.197 11.492 17.356
113 7 2 12.406 19.028 11.518 17.187
114 7 2 12.432 18.860 11.544 17.019
115 7 2 12.482 18.668 11.594 16.827
116 7 2 12.532 18.499 11.644 16.659
117 7 2 12.582 18.331 11.694 16.491
118 7 2 12.632 18.163 11.744 16.323
119 7 2 12.682 17.971 11.794 16.131
120 7 2 12.673 17.706 11.711 15.974
121 7 2 12.696 17.743 11.676 15.914
122 7 2 12.746 17.586 11.725 15.758
123 7 2 12.796 17.406 11.775 15.578
124 7 2 12.870 17.250 11.849 15.422
125 7 2 12.944 17.070 11.924 15.243
126 7 2 13.018 16.914 11.998 15.087
127 7 2 13.092 16.759 12.072 14.931
128 7 2 13.166 16.627 12.145 14.799
129 7 2 13.239 16.471 12.219 14.643
130 7 2 13.313 16.339 12.293 14.512
131 7 2 13.387 16.183 12.367 14.356
132 7 2 13.484 16.051 12.465 14.224
133 7 2 13.558 15.920 12.538 14.093
134 7 2 13.632 15.788 12.612 13.961
135 7 2 13.841 15.297 12.733 13.878
136 7 2 13.865 15.321 12.698 13.830
137 7 2 13.938 15.213 12.771 13.722
138 7 2 14.060 15.106 12.893 13.615
139 7 2 14.133 14.998 12.966 13.507
140 7 2 14.230 14.890 13.063 13.400
141 7 2 14.327 14.807 13.161 13.316
142 7 2 14.424 14.723 13.258 13.233
143 7 2 14.521 14.640 13.355 13.149
144 7 2 14.618 14.556 13.452 13.066
145 7 2 14.715 14.497 13.549 13.006
146 7 2 14.788 14.413 13.622 12.923
147 7 2 14.861 14.353 13.695 12.863
148 7 2 14.982 14.270 13.816 12.780
149 7 2 15.055 14.234 13.889 12.744
150 7 2 15.548 14.152 13.781 12.672
151 7 2 15.584 14.188 13.721 12.624
152 7 2 15.669 14.141 13.806 12.576
153 7 2 15.753 14.117 13.891 12.553
154 7 2 15.814 14.046 13.951 12.481
155 7 2 15.898 14.022 14.036 12.458
156 7 2 15.959 13.974 14.096 12.410
157 7 2 16.043 13.951 14.181 12.386
158 7 2 16.127 13.951 14.265 12.387
159 7 2 16.211 13.927 14.350 12.363
160 7 2 16.272 13.880 14.410 12.316
161 7 2 16.356 13.856 14.495 12.292
162 7 2 16.416 13.857 14.555 12.292
163 7 2 16.500 13.833 14.639 12.269
164 7 2 16.561 13.785 14.700 12.221
165 7 2 16.645 13.786 14.784 12.222
166 7 2 16.729 13.762 14.868 12.198
167 7 2 16.813 13.762 14.953 12.199
168 7 2 16.921 13.763 15.061 12.199
169 7 2 17.005 13.739 15.145 12.176
170 7 2 17.089 13.716 15.229 12.152
171 7 2 17.197 13.740 15.337 12.177
172 7 2 17.281 13.716 15.422 12.153
173 7 2 17.365 13.717 15.506 12.154
174 7 2 17.449 13.717 15.590 12.154
175 7 2 17.533 13.717 15.674 12.154
176 7 2 17.617 13.694 15.758 12.131
177 7 2 17.726 13.670 15.867 12.108
178 7 2 17.785 13.695 15.927 12.132
179 7 2 17.893 13.671 16.035 12.108
180 7 2 18.087 13.445 16.343 12.564
181 7 2 18.123 13.457 16.283 12.528
182 7 2 18.183 13.433 16.344 12.505
183 7 2 18.291 13.410 16.452 12.481
184 7 2 18.375 13.410 16.536 12.482
185 7 2 18.483 13.387 16.644 12.458
186 7 2 18.567 13.363 16.728 12.435
187 7 2 18.675 13.340 16.836 12.411
188 7 2 18.759 13.292 16.921 12.364
189 7 2 18.867 13.269 17.029 12.340
190 7 2 18.951 13.245 17.113 12.317
191 7 2 19.059 13.198 17.222 12.270
192 7 2 19.143 13.151 17.306 12.222
193 7 2 19.251 13.127 17.414 12.199
194 7 2 19.335 13.080 17.498 12.152
195 7 2 19.443 13.033 17.607 12.104
196 7 2 19.528 12.985 17.691 12.057
197 7 2 19.612 12.938 17.775 12.010
198 7 2 19.696 12.891 17.859 11.962
199 7 2 19.780 12.819 17.944 11.891
200 7 2 19.864 12.772 18.028 11.844
201 7 2 19.948 12.701 18.113 11.772
202 7 2 20.032 12.653 18.197 11.725
203 7 2 20.117 12.582 18.281 11.654
204 7 2 20.177 12.511 18.342 11.583
205 7 2 20.285 12.440 18.450 11.512
206 7 2 20.345 12.369 18.511 11.440
207 7 2 20.430 12.297 18.595 11.369
208 7 2 20.514 12.202 18.679 11.274
209 7 2 20.598 12.107 18.764 11.179
210 7 2 20.525 12.358 19.199 10.645
211 7 2 20.548 12.393 19.152 10.585
212 7 2 20.633 12.298 19.236 10.490
213 7 2 20.717 12.227 19.320 10.419
214 7 2 20.777 12.156 19.381 10.348
215 7 2 20.861 12.061 19.465 10.253
216 7 2 20.946 11.966 19.550 10.158
217 7 2 21.030 11.895 19.634 10.087
218 7 2 21.090 11.824 19.694 10.016
219 7 2 21.174 11.729 19.779 9.921
220 7 2 21.258 11.634 19.863 9.826
221 7 2 21.343 11.539 19.947 9.731
222 7 2 21.427 11.444 20.032 9.637
223 7 2 21.535 11.349 20.140 9.542
224 7 2 21.619 11.255 20.224 9.447
225 7 2 21.703 11.160 20.308 9.352
226 7 2 21.788 11.065 20.393 9.258
227 7 2 21.896 10.970 20.501 9.163
228 7 2 21.980 10.875 20.585 9.069
229 7 2 22.088 10.781 20.693 8.974
230 7 2 22.172 10.686 20.778 8.879
231 7 2 22.256 10.591 20.862 8.785
232 7 2 22.340 10.497 20.946 8.690
233 7 2 22.448 10.402 21.054 8.596
234 7 2 22.532 10.307 21.138 8.501
235 7 2 22.640 10.213 21.246 8.407
236 7 2 22.724 10.118 21.331 8.312
237 7 2 22.832 10.023 21.439 8.218
238 7 2 22.940 9.929 21.547 8.123
239 7 2 23.047 9.834 21.655 8.029
240 7 2 23.253 9.420 21.559 7.992
241 7 2 23.288 9.444 21.500 7.933
242 7 2 23.384 9.349 21.596 7.838
243 7 2 23.504 9.255 21.716 7.744
244 7 2 23.623 9.184 21.836 7.673
245 7 2 23.742 9.114 21.956 7.603
246 7 2 23.862 8.996 22.076 7.485
247 7 2 23.981 8.949 22.195 7.438
248 7 2 24.101 8.855 22.315 7.344
249 7 2 24.220 8.784 22.434 7.274
250 7 2 24.340 8.666 22.554 7.156
251 7 2 24.459 8.620 22.674 7.109
252 7 2 24.602 8.549 22.817 7.039
253 7 2 24.721 8.455 22.936 6.945
254 7 2 24.841 8.361 23.056 6.851
255 7 2 24.984 8.291 23.199 6.781
256 7 2 25.103 8.244 23.319 6.734
257 7 2 25.246 8.174 23.462 6.664
258 7 2 25.365 8.080 23.581 6.570
259 7 2 25.508 8.010 23.724 6.500
260 7 2 25.627 7.963 23.844 6.454
261 7 2 25.770 7.893 23.987 6.384
262 7 2 25.889 7.799 24.106 6.290
263 7 2 26.032 7.729 24.249 6.220
264 7 2 26.174 7.683 24.392 6.174
265 7 2 26.317 7.636 24.535 6.127
266 7 2 26.459 7.590 24.677 6.081
267 7 2 26.602 7.520 24.820 6.011
268 7 2 26.744 7.450 24.963 5.941
269 7 2 26.887 7.403 25.106 5.895
270 7 2 27.386 7.028 25.450 5.910
271 7 2 27.434 7.052 25.391 5.874
272 7 2 27.564 7.006 25.522 5.827
273 7 2 27.718 6.960 25.676 5.781
274 7 2 27.872 6.914 25.830 5.735
275 7 2 28.026 6.867 25.985 5.689
276 7 2 28.157 6.821 26.115 5.643
277 7 2 28.311 6.775 26.270 5.597
278 7 2 28.441 6.752 26.400 5.574
279 7 2 28.618 6.706 26.578 5.529
280 7 2 28.749 6.660 26.709 5.482
281 7 2 28.902 6.614 26.863 5.436
282 7 2 29.033 6.568 26.993 5.390
283 7 2 29.186 6.545 27.147 5.368
284 7 2 29.316 6.499 27.278 5.322
285 7 2 29.470 6.453 27.432 5.276
286 7 2 29.600 6.407 27.562 5.230
287 7 2 29.754 6.361 27.716 5.184
288 7 2 29.884 6.338 27.847 5.161
289 7 2 30.014 6.292 27.977 5.115
290 7 2 30.144 6.246 28.107 5.069
291 7 2 30.298 6.200 28.261 5.023
292 7 2 30.428 6.154 28.391 4.977
293 7 2 30.581 6.108 28.545 4.931
294 7 2 30.711 6.085 28.675 4.908
295 7 2 30.841 6.039 28.806 4.862
296 7 2 30.971 5.993 28.936 4.816
297 7 2 31.124 5.947 29.090 4.770
298 7 2 31.254 5.901 29.220 4.724
299 7 2 31.384 5.855 29.350 4.678
300 7 2 31.513 5.820 29.574 4.621
301 7 2 31.560 5.844 29.515 4.573
302 7 2 31.678 5.810 29.634 4.539
303 7 2 31.796 5.752 29.752 4.481
304 7 2 31.938 5.718 29.894 4.447
305 7 2 32.079 5.660 30.036 4.389
306 7 2 32.221 5.626 30.177 4.355
307 7 2 32.362 5.568 30.319 4.297
308 7 2 32.480 5.534 30.437 4.263
309 7 2 32.598 5.476 30.555 4.205
310 7 2 32.763 5.442 30.720 4.171
311 7 2 32.857 5.383 30.815 4.113
312 7 2 32.998 5.373 30.956 4.103
313 7 2 33.139 5.315 31.098 4.045
314 7 2 33.257 5.281 31.216 4.011
315 7 2 33.422 5.223 31.381 3.953
316 7 2 33.516 5.189 31.475 3.919
317 7 2 33.657 5.155 31.617 3.885
318 7 2 33.775 5.120 31.735 3.851
319 7 2 33.939 5.087 31.899 3.817
320 7 2 34.057 5.052 32.017 3.783
321 7 2 34.198 5.018 32.159 3.749
322 7 2 34.339 5.008 32.300 3.738
323 7 2 34.479 4.974 32.441 3.704
324 7 2 34.597 4.963 32.559 3.694
325 7 2 34.714 4.929 32.676 3.660
326 7 2 34.878 4.942 32.841 3.673
327 7 2 34.996 4.908 32.959 3.639
328 7 2 35.160 4.921 33.123 3.652
329 7 2 35.277 4.887 33.241 3.618
330 7 2 35.490 4.465 33.639 3.799
331 7 2 35.525 4.477 33.581 3.775
332 7 2 35.654 4.478 33.710 3.776
333 7 2 35.806 4.479 33.862 3.777
334 7 2 35.935 4.481 33.991 3.779
335 7 2 36.064 4.482 34.120 3.780
336 7 2 36.193 4.507 34.249 3.805
337 7 2 36.345 4.508 34.402 3.806
338 7 2 36.474 4.509 34.531 3.808
339 7 2 36.626 4.511 34.683 3.809
340 7 2 36.754 4.512 34.812 3.810
341 7 2 36.883 4.537 34.941 3.835
342 7 2 36.988 4.561 35.047 3.860
343 7 2 37.140 4.586 35.199 3.885
344 7 2 37.269 4.611 35.328 3.910
345 7 2 37.397 4.636 35.457 3.934
346 7 2 37.526 4.637 35.586 3.936
347 7 2 37.678 4.662 35.738 3.961
348 7 2 37.806 4.687 35.867 3.986
67 8 2 8.179 27.140 6.741 25.039
68 8 2 8.214 27.201 6.705 25.003
69 8 2 8.241 27.031 6.731 24.833
70 8 2 8.291 26.862 6.782 24.664
71 8 2 8.317 26.668 6.808 24.470
72 8 2 8.344 26.474 6.835 24.277
73 8 2 8.419 26.305 6.910 24.107
74 8 2 8.421 26.111 6.912 23.914
75 8 2 8.447 25.918 6.938 23.720
76 8 2 8.522 25.724 7.013 23.527
77 8 2 8.524 25.555 7.015 23.357
78 8 2 8.574 25.361 7.066 23.164
79 8 2 8.600 25.192 7.092 22.995
80 8 2 8.675 24.998 7.167 22.801
81 8 2 8.702 24.805 7.194 22.608
82 8 2 8.752 24.611 7.245 22.415
83 8 2 8.803 24.418 7.295 22.221
84 8 2 8.829 24.224 7.322 22.028
85 8 2 8.856 24.031 7.348 21.835
86 8 2 8.906 23.838 7.399 21.642
87 8 2 8.957 23.669 7.449 21.473
88 8 2 9.007 23.475 7.500 21.279
89 8 2 9.058 23.282 7.551 21.086
90 8 2 8.599 23.005 7.563 21.110
91 8 2 8.623 23.041 7.527 21.050
92 8 2 8.674 22.848 7.578 20.857
93 8 2 8.724 22.655 7.628 20.664
94 8 2 8.775 22.462 7.679 20.471
95 8 2 8.850 22.268 7.754 20.278
96 8 2 8.876 22.075 7.780 20.085
97 8 2 8.975 21.882 7.880 19.892
98 8 2 9.050 21.689 7.955 19.699
99 8 2 9.101 21.496 8.005 19.506
100 8 2 9.151 21.303 8.056 19.313
101 8 2 9.226 21.110 8.131 19.120
102 8 2 9.325 20.917 8.230 18.927
103 8 2 9.400 20.748 8.305 18.759
104 8 2 9.450 20.555 8.355 18.566
105 8 2 9.525 20.387 8.430 18.398
106 8 2 9.624 20.170 8.529 18.181
107 8 2 9.698 20.001 8.604 18.012
108 8 2 9.749 19.784 8.655 17.796
109 8 2 9.848 19.616 8.753 17.627
110 8 2 9.923 19.399 8.828 17.411
111 8 2 10.021 19.255 8.927 17.266
112 8 2 10.120 19.062 9.026 17.074
113 8 2 10.195 18.869 9.101 16.882
114 8 2 10.245 18.677 9.151 16.689
115 8 2 10.344 18.509 9.250 16.521
116 8 2 10.418 18.292 9.325 16.305
117 8 2 10.541 18.124 9.448 16.137
118 8 2 10.616 17.931 9.522 15.944
119 8 2 10.739 17.739 9.645 15.752
120 8 2 11.093 17.379 9.599 15.548
121 8 2 11.129 17.415 9.551 15.487
122 8 2 11.203 17.235 9.626 15.307
123 8 2 11.277 17.079 9.700 15.151
124 8 2 11.376 16.875 9.799 14.947
125 8 2 11.450 16.695 9.873 14.767
126 8 2 11.525 16.490 9.948 14.563
127 8 2 11.623 16.311 10.047 14.384
128 8 2 11.698 16.107 10.121 14.180
129 8 2 11.772 15.927 10.196 14.000
130 8 2 11.871 15.723 10.295 13.796
131 8 2 11.945 15.519 10.369 13.592
132 8 2 11.995 15.315 10.420 13.388
133 8 2 12.070 15.135 10.494 13.209
134 8 2 12.168 14.931 10.593 13.005
135 8 2 11.978 14.643 11.077 12.971
136 8 2 11.990 14.679 11.041 12.911
137 8 2 12.052 14.487 11.103 12.719
138 8 2 12.138 14.295 11.190 12.528
139 8 2 12.200 14.104 11.252 12.336
140 8 2 12.287 13.888 11.339 12.121
141 8 2 12.373 13.720 11.425 11.953
142 8 2 12.459 13.505 11.511 11.738
143 8 2 12.521 13.337 11.573 11.571
144 8 2 12.608 13.122 11.660 11.355
145 8 2 12.670 12.954 11.722 11.188
146 8 2 12.756 12.739 11.809 10.973
147 8 2 12.842 12.572 11.895 10.806
148 8 2 12.929 12.356 11.981 10.591
149 8 2 13.039 12.189 12.091 10.424
150 8 2 13.417 11.676 11.989 9.776
151 8 2 13.453 11.712 11.941 9.716
152 8 2 13.539 11.533 12.028 9.537
153 8 2 13.649 11.354 12.138 9.358
154 8 2 13.759 11.199 12.248 9.204
155 8 2 13.869 11.020 12.358 9.025
156 8 2 13.979 10.841 12.468 8.846
157 8 2 14.088 10.687 12.578 8.691
158 8 2 14.222 10.532 12.712 8.537
159 8 2 14.332 10.353 12.822 8.358
160 8 2 14.489 10.223 12.980 8.228
161 8 2 14.599 10.044 13.090 8.049
162 8 2 14.757 9.913 13.248 7.919
163 8 2 14.890 9.759 13.381 7.765
164 8 2 15.024 9.628 13.515 7.634
165 8 2 15.157 9.474 13.649 7.480
166 8 2 15.315 9.343 13.806 7.350
167 8 2 15.448 9.213 13.940 7.219
168 8 2 15.605 9.106 14.097 7.113
169 8 2 15.738 8.976 14.231 6.983
170 8 2 15.895 8.846 14.388 6.853
171 8 2 16.052 8.716 14.545 6.723
172 8 2 16.233 8.609 14.726 6.617
173 8 2 16.366 8.503 14.860 6.511
174 8 2 16.523 8.397 15.017 6.404
175 8 2 16.680 8.290 15.174 6.298
176 8 2 16.860 8.208 15.354 6.216
177 8 2 17.017 8.102 15.511 6.110
178 8 2 17.197 8.044 15.692 6.052
179 8 2 17.378 7.938 15.873 5.947
180 8 2 17.992 7.466 16.183 6.092
181 8 2 18.028 7.490 16.124 6.044
182 8 2 18.184 7.431 16.280 5.986
183 8 2 18.364 7.373 16.460 5.928
184 8 2 18.544 7.291 16.641 5.846
185 8 2 18.700 7.233 16.797 5.788
186 8 2 18.904 7.175 17.001 5.730
187 8 2 19.059 7.140 17.157 5.695
188 8 2 19.263 7.082 17.361 5.638
189 8 2 19.419 7.048 17.517 5.603
190 8 2 19.622 7.014 17.721 5.569
191 8 2 19.801 7.003 17.900 5.559
192 8 2 19.980 6.969 18.080 5.525
193 8 2 20.160 6.959 18.259 5.515
194 8 2 20.363 6.925 18.463 5.481
195 8 2 20.518 6.914 18.618 5.470
196 8 2 20.721 6.904 18.822 5.460
197 8 2 20.900 6.917 19.001 5.474
198 8 2 21.079 6.906 19.180 5.463
199 8 2 21.257 6.920 19.359 5.477
200 8 2 21.436 6.933 19.538 5.490
201 8 2 21.615 6.946 19.717 5.504
202 8 2 21.793 6.960 19.896 5.517
203 8 2 21.972 6.973 20.075 5.531
204 8 2 22.151 6.986 20.254 5.544
205 8 2 22.329 7.023 20.433 5.581
206 8 2 22.507 7.060 20.611 5.619
207 8 2 22.662 7.097 20.766 5.656
208 8 2 22.864 7.135 20.968 5.693
209 8 2 23.018 7.171 21.123 5.730
210 8 2 23.446 7.234 21.574 5.948
211 8 2 23.481 7.258 21.515 5.900
212 8 2 23.612 7.307 21.646 5.948
213 8 2 23.790 7.356 21.824 5.997
214 8 2 23.968 7.428 22.002 6.070
215 8 2 24.122 7.453 22.157 6.095
216 8 2 24.300 7.550 22.335 6.192
217 8 2 24.454 7.598 22.489 6.241
218 8 2 24.632 7.671 22.667 6.313
219 8 2 24.786 7.719 22.822 6.362
220 8 2 24.940 7.792 22.976 6.435
221 8 2 25.093 7.864 23.130 6.507
222 8 2 25.271 7.913 23.308 6.556
223 8 2 25.425 7.985 23.462 6.629
224 8 2 25.602 8.058 23.640 6.701
225 8 2 25.756 8.107 23.794 6.750
226 8 2 25.910 8.179 23.948 6.823
227 8 2 26.064 8.275 24.102 6.919
228 8 2 26.241 8.347 24.280 6.991
229 8 2 26.395 8.396 24.434 7.040
230 8 2 26.573 8.445 24.612 7.089
231 8 2 26.726 8.517 24.765 7.161
232 8 2 26.880 8.589 24.919 7.234
233 8 2 27.034 8.638 25.073 7.283
234 8 2 27.211 8.710 25.251 7.355
235 8 2 27.364 8.782 25.405 7.428
236 8 2 27.542 8.807 25.583 7.453
237 8 2 27.695 8.879 25.736 7.525
238 8 2 27.873 8.928 25.914 7.574
239 8 2 28.003 8.976 26.044 7.622
240 8 2 28.415 9.240 26.459 7.685
241 8 2 28.462 9.276 26.400 7.637
242 8 2 28.616 9.313 26.553 7.674
243 8 2 28.769 9.349 26.707 7.710
244 8 2 28.946 9.410 26.885 7.771
245 8 2 29.100 9.446 27.038 7.808
246 8 2 29.277 9.483 27.216 7.845
247 8 2 29.454 9.520 27.393 7.881
248 8 2 29.631 9.556 27.571 7.918
249 8 2 29.785 9.593 27.724 7.955
250 8 2 29.962 9.629 27.902 7.992
251 8 2 30.115 9.642 28.055 8.005
252 8 2 30.292 9.679 28.233 8.042
253 8 2 30.445 9.692 28.386 8.055
254 8 2 30.646 9.729 28.587 8.092
255 8 2 30.799 9.741 28.741 8.105
256 8 2 30.976 9.778 28.918 8.142
257 8 2 31.129 9.791 29.071 8.155
258 8 2 31.306 9.804 29.249 8.168
259 8 2 31.459 9.817 29.402 8.181
260 8 2 31.636 9.853 29.579 8.217
261 8 2 31.789 9.843 29.733 8.207
262 8 2 31.966 9.879 29.910 8.244
263 8 2 32.119 9.868 30.063 8.233
264 8 2 32.295 9.905 30.240 8.270
265 8 2 32.449 9.894 30.393 8.259
266 8 2 32.602 9.907 30.547 8.272
267 8 2 32.755 9.920 30.700 8.285
268 8 2 32.931 9.933 30.877 8.298
269 8 2 33.084 9.922 31.030 8.287
270 8 2 33.274 9.474 31.500 8.728
271 8 2 33.310 9.486 31.441 8.692
272 8 2 33.474 9.475 31.606 8.682
273 8 2 33.615 9.488 31.747 8.695
274 8 2 33.780 9.477 31.912 8.684
275 8 2 33.945 9.490 32.077 8.697
276 8 2 34.086 9.479 32.219 8.686
277 8 2 34.250 9.492 32.383 8.699
278 8 2 34.438 9.481 32.572 8.689
279 8 2 34.603 9.494 32.736 8.702
280 8 2 34.744 9.483 32.878 8.691
281 8 2 34.885 9.472 33.019 8.680
282 8 2 35.049 9.462 33.184 8.669
283 8 2 35.237 9.475 33.372 8.682
284 8 2 35.401 9.464 33.537 8.672
285 8 2 35.518 9.453 33.654 8.661
286 8 2 35.706 9.442 33.842 8.650
287 8 2 35.847 9.455 33.983 8.663
288 8 2 36.011 9.444 34.148 8.652
289 8 2 36.128 9.457 34.265 8.665
290 8 2 36.316 9.446 34.453 8.655
291 8 2 36.457 9.459 34.594 8.667
292 8 2 36.621 9.448 34.759 8.657
293 8 2 36.761 9.461 34.899 8.669
294 8 2 36.902 9.450 35.040 8.659
295 8 2 37.066 9.463 35.205 8.672
296 8 2 37.230 9.452 35.369 8.661
297 8 2 37.370 9.465 35.510 8.674
298 8 2 37.511 9.454 35.650 8.663
299 8 2 37.651 9.467 35.791 8.676
300 8 2 37.838 9.456 36.131 8.784
111 9 2 11.733 26.137 10.275 24.053
112 9 2 11.781 26.198 10.251 24.017
113 9 2 11.830 26.065 10.301 23.884
114 9 2 11.904 25.956 10.375 23.775
115 9 2 11.978 25.823 10.449 23.642
116 9 2 12.027 25.714 10.499 23.533
117 9 2 12.102 25.557 10.573 23.376
118 9 2 12.151 25.448 10.622 23.268
119 9 2 12.225 25.315 10.696 23.135
120 9 2 11.923 25.232 10.803 23.400
121 9 2 11.947 25.268 10.767 23.340
122 9 2 11.985 25.135 10.805 23.207
123 9 2 12.046 25.002 10.867 23.075
124 9 2 12.108 24.869 10.929 22.942
125 9 2 12.146 24.737 10.966 22.809
126 9 2 12.208 24.580 11.028 22.652
127 9 2 12.245 24.447 11.066 22.520
128 9 2 12.307 24.314 11.128 22.387
129 9 2 12.345 24.181 11.165 22.254
130 9 2 12.407 24.025 11.228 22.098
131 9 2 12.444 23.892 11.265 21.965
132 9 2 12.506 23.735 11.327 21.808
133 9 2 12.544 23.603 11.365 21.676
134 9 2 12.581 23.446 11.403 21.519
135 9 2 12.488 23.084 11.570 21.724
136 9 2 12.500 23.109 11.534 21.676
137 9 2 12.525 22.988 11.560 21.555
138 9 2 12.551 22.843 11.585 21.411
139 9 2 12.625 22.699 11.659 21.266
140 9 2 12.626 22.578 11.660 21.146
141 9 2 12.676 22.434 11.710 21.001
142 9 2 12.701 22.289 11.736 20.857
143 9 2 12.751 22.145 11.786 20.712
144 9 2 12.801 22.000 11.835 20.568
145 9 2 12.826 21.880 11.861 20.447
146 9 2 12.852 21.735 11.886 20.303
147 9 2 12.901 21.591 11.936 20.159
148 9 2 12.927 21.446 11.962 20.014
149 9 2 12.928 21.326 11.963 19.894
150 9 2 13.039 21.121 12.090 19.232
151 9 2 13.062 21.158 12.055 19.172
152 9 2 13.076 21.037 12.068 19.052
153 9 2 13.113 20.917 12.105 18.932
154 9 2 13.151 20.748 12.143 18.763
155 9 2 13.164 20.628 12.156 18.643
156 9 2 13.177 20.484 12.170 18.499
157 9 2 13.191 20.340 12.183 18.355
158 9 2 13.228 20.195 12.221 18.210
159 9 2 13.242 20.051 12.234 18.066
160 9 2 13.279 19.907 12.272 17.922
161 9 2 13.293 19.786 12.285 17.802
162 9 2 13.306 19.666 12.299 17.682
163 9 2 13.319 19.522 12.312 17.538
164 9 2 13.357 19.378 12.350 17.393
165 9 2 13.370 19.258 12.363 17.273
166 9 2 13.407 19.137 12.400 17.153
167 9 2 13.421 18.993 12.414 17.009
168 9 2 13.434 18.849 12.427 16.865
169 9 2 13.447 18.729 12.440 16.745
170 9 2 13.485 18.609 12.478 16.625
171 9 2 13.498 18.465 12.491 16.481
172 9 2 13.536 18.321 12.529 16.337
173 9 2 13.549 18.200 12.542 16.217
174 9 2 13.586 18.080 12.579 16.097
175 9 2 13.600 17.936 12.593 15.953
176 9 2 13.637 17.816 12.630 15.833
177 9 2 13.650 17.696 12.643 15.713
178 9 2 13.688 17.552 12.681 15.569
179 9 2 13.701 17.432 12.694 15.449
180 9 2 13.727 17.228 12.720 15.305
181 9 2 13.750 17.276 12.684 15.245
182 9 2 13.775 17.168 12.709 15.137
183 9 2 13.825 17.036 12.759 15.005
184 9 2 13.850 16.928 12.784 14.897
185 9 2 13.875 16.796 12.809 14.766
186 9 2 13.924 16.712 12.858 14.682
187 9 2 13.950 16.581 12.884 14.550
188 9 2 13.975 16.497 12.909 14.466
189 9 2 14.024 16.389 12.958 14.358
190 9 2 14.073 16.281 13.007 14.251
191 9 2 14.098 16.197 13.032 14.167
192 9 2 14.123 16.113 13.057 14.083
193 9 2 14.172 16.005 13.106 13.975
194 9 2 14.221 15.921 13.155 13.891
195 9 2 14.270 15.838 13.204 13.808
196 9 2 14.318 15.778 13.253 13.748
197 9 2 14.344 15.670 13.278 13.640
198 9 2 14.368 15.610 13.303 13.580
199 9 2 14.441 15.526 13.376 13.497
200 9 2 14.466 15.443 13.401 13.413
201 9 2 14.539 15.359 13.474 13.329
202 9 2 14.564 15.299 13.498 13.270
203 9 2 14.637 15.215 13.571 13.186
204 9 2 14.685 15.156 13.620 13.126
205 9 2 14.734 15.072 13.669 13.043
206 9 2 14.783 15.012 13.718 12.983
207 9 2 14.856 14.928 13.791 12.900
208 9 2 14.929 14.869 13.864 12.840
209 9 2 14.977 14.785 13.913 12.756
210 9 2 15.364 14.559 13.708 12.767
211 9 2 15.400 14.595 13.648 12.707
212 9 2 15.449 14.547 13.697 12.660
213 9 2 15.521 14.499 13.770 12.612
214 9 2 15.594 14.428 13.842 12.540
215 9 2 15.667 14.380 13.915 12.493
216 9 2 15.739 14.333 13.988 12.445
217 9 2 15.812 14.285 14.060 12.398
218 9 2 15.884 14.237 14.133 12.350
219 9 2 15.957 14.190 14.206 12.303
220 9 2 16.029 14.142 14.278 12.255
221 9 2 16.102 14.095 14.351 12.208
222 9 2 16.198 14.071 14.448 12.184
223 9 2 16.270 14.023 14.520 12.137
224 9 2 16.343 13.976 14.593 12.089
225 9 2 16.439 13.952 14.689 12.066
226 9 2 16.511 13.929 14.762 12.042
227 9 2 16.584 13.881 14.834 11.995
228 9 2 16.656 13.857 14.906 11.971
229 9 2 16.753 13.810 15.003 11.924
230 9 2 16.825 13.762 15.076 11.876
231 9 2 16.921 13.715 15.172 11.829
232 9 2 17.018 13.668 15.269 11.782
233 9 2 17.090 13.620 15.341 11.734
234 9 2 17.187 13.573 15.438 11.687
235 9 2 17.259 13.525 15.510 11.639
236 9 2 17.355 13.502 15.607 11.616
237 9 2 17.451 13.454 15.703 11.569
238 9 2 17.548 13.407 15.800 11.521
239 9 2 17.644 13.359 15.896 11.474
240 9 2 17.994 13.074 16.120 12.001
241 9 2 18.030 13.098 16.060 11.965
242 9 2 18.102 13.074 16.132 11.942
243 9 2 18.198 13.003 16.229 11.870
244 9 2 18.295 12.956 16.325 11.823
245 9 2 18.367 12.908 16.398 11.776
246 9 2 18.439 12.861 16.470 11.728
247 9 2 18.559 12.814 16.591 11.681
248 9 2 18.632 12.766 16.663 11.633
249 9 2 18.728 12.719 16.760 11.586
250 9 2 18.824 12.672 16.856 11.539
251 9 2 18.920 12.624 16.952 11.492
252 9 2 19.016 12.553 17.049 11.420
253 9 2 19.113 12.482 17.145 11.349
254 9 2 19.209 12.459 17.241 11.326
255 9 2 19.281 12.387 17.314 11.255
256 9 2 19.353 12.340 17.386 11.207
257 9 2 19.473 12.293 17.507 11.160
258 9 2 19.521 12.245 17.555 11.113
259 9 2 19.618 12.174 17.651 11.042
260 9 2 19.690 12.103 17.724 10.970
261 9 2 19.810 12.056 17.844 10.923
262 9 2 19.882 12.008 17.916 10.876
263 9 2 19.978 11.937 18.013 10.805
264 9 2 20.074 11.866 18.109 10.734
265 9 2 20.146 11.819 18.181 10.687
266 9 2 20.218 11.772 18.254 10.639
267 9 2 20.315 11.700 18.350 10.568
268 9 2 20.411 11.629 18.446 10.497
269 9 2 20.507 11.582 18.542 10.450
270 9 2 20.554 11.594 18.725 10.010
271 9 2 20.590 11.630 18.666 9.962
272 9 2 20.674 11.571 18.750 9.903
273 9 2 20.758 11.512 18.835 9.844
274 9 2 20.842 11.429 18.919 9.761
275 9 2 20.926 11.370 19.003 9.702
276 9 2 21.034 11.287 19.111 9.619
277 9 2 21.094 11.228 19.172 9.560
278 9 2 21.202 11.169 19.280 9.501
279 9 2 21.286 11.110 19.364 9.442
280 9 2 21.370 11.027 19.448 9.359
281 9 2 21.454 10.992 19.532 9.324
282 9 2 21.562 10.909 19.640 9.241
283 9 2 21.646 10.850 19.724 9.182
284 9 2 21.730 10.791 19.809 9.123
285 9 2 21.814 10.732 19.893 9.064
286 9 2 21.898 10.672 19.977 9.005
287 9 2 21.982 10.613 20.061 8.946
288 9 2 22.066 10.531 20.145 8.863
289 9 2 22.149 10.495 20.229 8.828
290 9 2 22.257 10.413 20.337 8.745
291 9 2 22.341 10.377 20.421 8.710
292 9 2 22.425 10.318 20.505 8.651
293 9 2 22.509 10.259 20.589 8.592
294 9 2 22.592 10.200 20.673 8.533
295 9 2 22.676 10.165 20.757 8.498
296 9 2 22.784 10.106 20.864 8.439
297 9 2 22.867 10.047 20.948 8.381
298 9 2 22.951 9.988 21.032 8.322
299 9 2 23.035 9.953 21.116 8.287
300 9 2 23.215 9.705 21.295 8.335
301 9 2 23.262 9.729 21.235 8.287
302 9 2 23.346 9.670 21.319 8.229
303 9 2 23.430 9.611 21.403 8.170
304 9 2 23.537 9.576 21.511 8.135
305 9 2 23.621 9.517 21.595 8.076
306 9 2 23.728 9.482 21.702 8.041
307 9 2 23.812 9.399 21.786 7.958
308 9 2 23.919 9.364 21.894 7.924
309 9 2 24.003 9.306 21.977 7.865
310 9 2 24.110 9.271 22.085 7.830
311 9 2 24.194 9.212 22.169 7.771
312 9 2 24.301 9.177 22.276 7.736
313 9 2 24.408 9.118 22.384 7.678
314 9 2 24.516 9.059 22.491 7.619
315 9 2 24.599 9.001 22.575 7.560
316 9 2 24.706 8.966 22.683 7.525
317 9 2 24.814 8.907 22.790 7.467
318 9 2 24.921 8.872 22.897 7.432
319 9 2 25.004 8.813 22.981 7.373
320 9 2 25.111 8.779 23.088 7.338
321 9 2 25.219 8.720 23.196 7.280
322 9 2 25.325 8.709 23.303 7.269
323 9 2 25.409 8.650 23.387 7.210
324 9 2 25.516 8.615 23.494 7.175
325 9 2 25.599 8.556 23.578 7.116
326 9 2 25.706 8.522 23.685 7.082
327 9 2 25.813 8.487 23.792 7.047
328 9 2 25.920 8.452 23.899 7.012
329 9 2 26.004 8.393 23.983 6.953
330 9 2 26.182 8.264 24.232 6.944
331 9 2 26.230 8.288 24.173 6.896
332 9 2 26.325 8.253 24.269 6.861
333 9 2 26.420 8.218 24.364 6.826
334 9 2 26.539 8.160 24.483 6.768
335 9 2 26.681 8.101 24.626 6.709
336 9 2 26.776 8.043 24.721 6.651
337 9 2 26.895 8.008 24.840 6.616
338 9 2 26.967 7.949 24.912 6.558
339 9 2 27.085 7.891 25.031 6.499
340 9 2 27.157 7.832 25.102 6.440
341 9 2 27.275 7.798 25.221 6.406
342 9 2 27.347 7.739 25.293 6.347
343 9 2 27.465 7.704 25.412 6.313
344 9 2 27.560 7.646 25.507 6.254
345 9 2 27.655 7.611 25.602 6.219
346 9 2 27.750 7.552 25.697 6.161
347 9 2 27.845 7.517 25.792 6.126
348 9 2 27.940 7.459 25.888 6.068
349 9 2 28.059 7.401 26.007 6.009
350 9 2 28.177 7.342 26.125 5.951
351 9 2 28.248 7.307 26.197 5.916
352 9 2 28.367 7.249 26.316 5.858
353 9 2 28.462 7.214 26.411 5.823
354 9 2 28.557 7.156 26.506 5.765
355 9 2 28.652 7.097 26.601 5.707
356 9 2 28.747 7.039 26.696 5.648
357 9 2 28.841 7.004 26.791 5.613
358 9 2 28.936 6.946 26.886 5.555
359 9 2 29.031 6.887 26.981 5.497
360 9 2 29.101 6.983 27.218 5.392
361 9 2 29.148 7.018 27.159 5.344
362 9 2 29.231 6.972 27.243 5.298
363 9 2 29.314 6.925 27.326 5.251
364 9 2 29.421 6.855 27.433 5.181
365 9 2 29.504 6.785 27.516 5.111
366 9 2 29.610 6.738 27.622 5.064
367 9 2 29.693 6.668 27.706 4.994
368 9 2 29.800 6.598 27.813 4.924
369 9 2 29.883 6.551 27.896 4.878
370 9 2 29.966 6.505 27.979 4.831
371 9 2 30.072 6.434 28.085 4.761
372 9 2 30.179 6.364 28.192 4.691
373 9 2 30.262 6.318 28.275 4.644
374 9 2 30.345 6.248 28.358 4.574
375 9 2 30.427 6.177 28.441 4.504
376 9 2 30.534 6.131 28.548 4.458
377 9 2 30.617 6.084 28.631 4.411
378 9 2 30.723 6.014 28.738 4.341
379 9 2 30.806 5.944 28.821 4.271
380 9 2 30.889 5.898 28.904 4.225
381 9 2 30.971 5.851 28.986 4.178
382 9 2 31.078 5.805 29.093 4.132
383 9 2 31.160 5.735 29.176 4.062
384 9 2 31.267 5.665 29.283 3.992
385 9 2 31.349 5.618 29.365 3.946
386 9 2 31.432 5.572 29.448 3.899
387 9 2 31.515 5.525 29.531 3.853
388 9 2 31.621 5.455 29.638 3.783
389 9 2 31.704 5.385 29.721 3.713
390 9 2 31.822 5.280 29.945 3.668
391 9 2 31.869 5.316 29.886 3.620
392 9 2 31.952 5.269 29.969 3.574
393 9 2 32.011 5.222 30.028 3.527
394 9 2 32.117 5.153 30.135 3.457
395 9 2 32.199 5.106 30.217 3.411
396 9 2 32.306 5.036 30.324 3.341
397 9 2 32.388 4.990 30.406 3.295
398 9 2 32.471 4.943 30.489 3.248
399 9 2 32.553 4.873 30.572 3.178
400 9 2 32.636 4.827 30.655 3.132
401 9 2 32.718 4.780 30.737 3.085
402 9 2 32.801 4.710 30.820 3.016
403 9 2 32.884 4.664 30.903 2.969
404 9 2 32.966 4.618 30.986 2.923
405 9 2 33.049 4.548 31.068 2.853
406 9 2 33.155 4.501 31.175 2.807
407 9 2 33.213 4.455 31.234 2.760
408 9 2 33.320 4.385 31.340 2.691
409 9 2 33.378 4.338 31.399 2.644
410 9 2 33.484 4.292 31.505 2.598
411 9 2 33.543 4.246 31.564 2.551
412 9 2 33.649 4.176 31.670 2.482
413 9 2 33.732 4.130 31.753 2.436
414 9 2 33.838 4.084 31.859 2.389
415 9 2 33.897 4.013 31.918 2.319
416 9 2 34.002 3.967 32.024 2.273
417 9 2 34.085 3.921 32.107 2.227
418 9 2 34.167 3.875 32.189 2.181
419 9 2 34.226 3.828 32.248 2.134
420 9 2 34.356 3.676 32.413 2.077
421 9 2 34.402 3.712 32.354 2.029
422 9 2 34.461 3.677 32.413 1.995
423 9 2 34.520 3.619 32.472 1.936
424 9 2 34.602 3.561 32.555 1.878
425 9 2 34.685 3.526 32.637 1.844
426 9 2 34.767 3.468 32.720 1.786
427 9 2 34.826 3.410 32.779 1.728
428 9 2 34.908 3.352 32.861 1.670
429 9 2 34.990 3.318 32.944 1.635
430 9 2 35.072 3.260 33.026 1.577
431 9 2 35.131 3.201 33.085 1.578
432 9 2 35.190 3.143 33.144 1.579
433 9 2 35.249 3.073 33.202 1.568
434 9 2 35.331 3.015 33.284 1.580
435 9 2 35.413 2.981 33.367 1.581
436 9 2 35.472 2.922 33.425 1.582
437 9 2 35.531 2.864 33.484 1.583
438 9 2 35.566 2.806 33.519 1.595
440 9 2 35.613 2.830 33.461 1.594
441 9 2 35.660 2.807 33.507 1.595
442 9 2 35.707 2.784 33.554 1.595
443 9 2 35.777 2.737 33.625 1.596
444 9 2 35.801 2.714 33.648 1.596
445 9 2 35.824 2.691 33.672 1.596
446 9 2 35.848 2.644 33.695 1.597
447 9 2 35.871 2.621 33.719 1.597
448 9 2 35.895 2.586 33.742 1.597
449 9 2 35.942 2.539 33.789 1.598
450 9 2 35.942 2.515 33.789 1.598
