5 21 2 33.389 4.201 32.517 2.509
6 21 2 33.400 4.212 32.528 2.519
7 21 2 33.389 4.243 32.517 2.551
8 21 2 33.378 4.285 32.507 2.592
9 21 2 33.357 4.327 32.486 2.634
10 21 2 33.336 4.400 32.465 2.707
11 21 2 33.315 4.473 32.443 2.780
12 21 2 33.284 4.536 32.412 2.842
13 21 2 33.273 4.577 32.401 2.884
14 21 2 33.252 4.630 32.380 2.936
15 21 2 33.241 4.682 32.369 2.988
16 21 2 33.241 4.755 32.369 3.061
17 21 2 33.231 4.828 32.359 3.135
18 21 2 33.231 4.912 32.359 3.218
19 21 2 33.230 4.995 32.359 3.302
20 21 2 33.230 5.069 32.358 3.375
21 21 2 33.230 5.142 32.358 3.448
22 21 2 33.209 5.215 32.337 3.521
23 21 2 33.188 5.320 32.316 3.625
24 21 2 33.167 5.435 32.295 3.740
25 21 2 33.156 5.571 32.284 3.876
26 21 2 33.177 5.707 32.305 4.012
27 21 2 33.198 5.801 32.326 4.106
28 21 2 33.209 5.874 32.336 4.179
29 21 2 33.219 5.958 32.347 4.263
30 21 2 33.209 6.042 32.336 4.346
31 21 2 33.208 6.146 32.336 4.451
32 21 2 33.198 6.240 32.325 4.545
33 21 2 33.187 6.345 32.315 4.649
34 21 2 33.166 6.418 32.293 4.723
35 21 2 33.166 6.502 32.293 4.806
36 21 2 33.166 6.576 32.293 4.880
37 21 2 33.166 6.659 32.293 4.963
38 21 2 33.166 6.722 32.293 5.026
39 21 2 33.166 6.785 32.293 5.089
40 21 2 33.155 6.837 32.282 5.141
41 21 2 33.166 6.900 32.293 5.204
42 21 2 33.187 6.953 32.314 5.256
43 21 2 33.218 7.047 32.345 5.350
44 21 2 33.229 7.131 32.356 5.434
45 21 2 33.218 7.204 32.345 5.507
46 21 2 33.207 7.267 32.334 5.570
47 21 2 33.197 7.309 32.324 5.612
48 21 2 33.218 7.372 32.345 5.675
49 21 2 33.228 7.466 32.355 5.769
50 21 2 33.260 7.540 32.387 5.842
51 21 2 33.302 7.623 32.429 5.926
52 21 2 33.334 7.686 32.460 5.989
53 21 2 33.376 7.749 32.502 6.052
54 21 2 33.407 7.823 32.534 6.125
55 21 2 33.428 7.906 32.555 6.209
56 21 2 33.449 7.990 32.576 6.293
57 21 2 33.470 8.074 32.597 6.377
58 21 2 33.481 8.137 32.607 6.439
59 21 2 33.491 8.190 32.618 6.492
60 21 2 33.512 8.252 32.639 6.555
61 21 2 33.512 8.336 32.639 6.639
62 21 2 33.523 8.420 32.649 6.722
63 21 2 33.544 8.504 32.670 6.806
64 21 2 33.554 8.578 32.681 6.880
65 21 2 33.575 8.672 32.702 6.974
66 21 2 33.596 8.777 32.723 7.079
67 21 2 33.607 8.893 32.733 7.194
68 21 2 33.617 8.987 32.744 7.288
69 21 2 33.649 9.092 32.775 7.393
70 21 2 33.670 9.186 32.796 7.488
71 21 2 33.712 9.260 32.838 7.561
72 21 2 33.723 9.344 32.849 7.645
73 21 2 33.733 9.417 32.859 7.718
74 21 2 33.765 9.480 32.891 7.781
75 21 2 33.796 9.585 32.922 7.886
76 21 2 33.817 9.690 32.943 7.991
77 21 2 33.817 9.795 32.943 8.096
78 21 2 33.838 9.890 32.964 8.190
79 21 2 33.849 9.974 32.975 8.274
80 21 2 33.880 10.058 33.006 8.358
81 21 2 33.912 10.152 33.038 8.453
82 21 2 33.912 10.257 33.038 8.557
83 21 2 33.922 10.363 33.048 8.662
84 21 2 33.943 10.478 33.069 8.778
85 21 2 33.954 10.573 33.079 8.872
86 21 2 33.964 10.678 33.090 8.977
87 21 2 33.964 10.794 33.090 9.093
88 21 2 33.964 10.888 33.090 9.187
89 21 2 33.996 11.004 33.121 9.303
90 21 2 34.017 11.109 33.142 9.408
91 21 2 34.028 11.204 33.153 9.503
92 21 2 34.027 11.309 33.153 9.608
93 21 2 34.038 11.414 33.163 9.713
94 21 2 34.048 11.509 33.174 9.807
95 21 2 34.048 11.603 33.173 9.902
96 21 2 34.017 11.709 33.142 10.007
97 21 2 33.996 11.835 33.120 10.133
98 21 2 33.985 11.951 33.110 10.249
99 21 2 33.985 12.088 33.110 10.386
100 21 2 34.027 12.214 33.152 10.512
101 21 2 34.059 12.330 33.183 10.628
102 21 2 34.080 12.435 33.204 10.733
103 21 2 34.080 12.551 33.204 10.848
104 21 2 34.090 12.667 33.215 10.964
105 21 2 34.059 12.783 33.183 11.080
106 21 2 34.058 12.920 33.183 11.217
107 21 2 34.058 13.036 33.183 11.333
108 21 2 34.048 13.142 33.172 11.438
109 21 2 34.037 13.258 33.161 11.554
110 21 2 34.048 13.353 33.172 11.649
111 21 2 34.048 13.469 33.172 11.765
112 21 2 34.037 13.574 33.161 11.870
113 21 2 34.026 13.669 33.150 11.965
114 21 2 34.016 13.785 33.140 12.081
115 21 2 33.984 13.891 33.108 12.186
116 21 2 33.963 13.997 33.087 12.292
117 21 2 33.963 14.102 33.087 12.397
118 21 2 33.952 14.197 33.076 12.492
119 21 2 33.952 14.292 33.076 12.587
120 21 2 33.963 14.419 33.086 12.714
121 21 2 33.973 14.535 33.097 12.829
122 21 2 33.984 14.672 33.107 12.967
123 21 2 33.973 14.799 33.097 13.093
124 21 2 33.973 14.926 33.096 13.220
125 21 2 33.952 15.042 33.075 13.336
126 21 2 33.952 15.137 33.075 13.431
127 21 2 33.962 15.232 33.086 13.526
128 21 2 33.962 15.328 33.086 13.621
129 21 2 33.962 15.433 33.085 13.727
130 21 2 33.952 15.528 33.075 13.822
131 21 2 33.952 15.613 33.075 13.906
132 21 2 33.941 15.740 33.064 14.033
133 21 2 33.941 15.856 33.064 14.149
134 21 2 33.941 15.983 33.064 14.276
135 21 2 33.962 16.121 33.085 14.413
136 21 2 33.994 16.226 33.116 14.519
137 21 2 34.004 16.343 33.127 14.635
138 21 2 34.004 16.470 33.127 14.762
139 21 2 34.015 16.597 33.137 14.888
140 21 2 34.004 16.724 33.127 15.015
141 21 2 34.004 16.861 33.126 15.153
142 21 2 34.004 16.988 33.126 15.280
143 21 2 34.004 17.115 33.126 15.407
144 21 2 34.004 17.221 33.126 15.512
145 21 2 34.036 17.327 33.158 15.618
146 21 2 34.057 17.454 33.179 15.745
147 21 2 34.067 17.581 33.189 15.872
148 21 2 34.067 17.708 33.189 15.999
149 21 2 34.067 17.814 33.189 16.105
150 21 2 34.067 17.931 33.189 16.221
151 21 2 34.067 18.026 33.189 16.316
152 21 2 34.067 18.153 33.189 16.443
153 21 2 34.067 18.249 33.189 16.539
154 21 2 34.067 18.376 33.189 16.666
155 21 2 34.077 18.482 33.199 16.772
156 21 2 34.088 18.599 33.210 16.888
157 21 2 34.077 18.705 33.199 16.994
158 21 2 34.077 18.843 33.199 17.132
159 21 2 34.045 18.949 33.167 17.238
160 21 2 33.992 19.066 33.114 17.355
161 21 2 33.961 19.194 33.082 17.482
162 21 2 33.961 19.300 33.082 17.588
163 21 2 33.971 19.417 33.092 17.705
164 21 2 34.003 19.533 33.124 17.821
165 21 2 34.003 19.650 33.124 17.938
166 21 2 33.971 19.746 33.092 18.034
167 21 2 33.950 19.853 33.071 18.140
168 21 2 33.939 19.927 33.060 18.214
169 21 2 33.897 20.023 33.017 18.310
170 21 2 33.875 20.130 32.996 18.417
171 21 2 33.833 20.247 32.954 18.534
172 21 2 33.780 20.364 32.900 18.651
173 21 2 33.727 20.471 32.847 18.758
174 21 2 33.674 20.567 32.794 18.854
175 21 2 33.642 20.653 32.762 18.939
176 21 2 33.631 20.749 32.751 19.034
177 21 2 33.599 20.845 32.719 19.130
178 21 2 33.567 20.941 32.688 19.226
179 21 2 33.525 21.047 32.645 19.333
180 21 2 33.493 21.154 32.613 19.439
181 21 2 33.471 21.271 32.592 19.557
182 21 2 33.450 21.378 32.570 19.663
183 21 2 33.439 21.485 32.559 19.769
184 21 2 33.397 21.592 32.517 19.876
185 21 2 33.354 21.667 32.474 19.951
186 21 2 33.344 21.741 32.463 20.026
187 21 2 33.343 21.784 32.463 20.068
188 21 2 33.343 21.837 32.463 20.121
189 21 2 33.343 21.901 32.463 20.185
190 21 2 33.333 21.965 32.453 20.249
191 21 2 33.333 22.018 32.452 20.302
192 21 2 33.343 22.061 32.463 20.345
193 21 2 33.364 22.103 32.484 20.387
194 21 2 33.354 22.146 32.474 20.430
195 21 2 33.333 22.189 32.452 20.472
196 21 2 33.290 22.232 32.410 20.515
197 21 2 33.205 22.286 32.325 20.569
198 21 2 33.162 22.350 32.282 20.634
199 21 2 33.162 22.414 32.282 20.698
200 21 2 33.184 22.457 32.303 20.740
201 21 2 33.237 22.478 32.356 20.761
202 21 2 33.258 22.477 32.377 20.761
203 21 2 33.269 22.509 32.388 20.792
204 21 2 33.268 22.573 32.388 20.856
5 1 1 39.295 2.858 38.397 2.139
6 1 1 39.285 2.890 38.386 2.171
7 1 1 39.275 2.910 38.376 2.191
8 1 1 39.275 2.921 38.376 2.202
9 1 1 39.264 2.941 38.365 2.222
10 1 1 39.264 2.973 38.365 2.254
11 1 1 39.264 2.993 38.365 2.274
12 1 1 39.265 3.014 38.366 2.295
13 1 1 39.254 3.025 38.355 2.306
14 1 1 39.265 3.045 38.366 2.326
15 1 1 39.275 3.056 38.376 2.337
16 1 1 39.286 3.066 38.386 2.347
17 1 1 39.296 3.097 38.397 2.378
18 1 1 39.296 3.129 38.397 2.409
19 1 1 39.296 3.160 38.397 2.441
20 1 1 39.296 3.201 38.397 2.482
21 1 1 39.296 3.232 38.397 2.513
22 1 1 39.296 3.274 38.397 2.555
23 1 1 39.297 3.336 38.397 2.617
24 1 1 39.286 3.399 38.387 2.680
25 1 1 39.276 3.482 38.377 2.763
26 1 1 39.276 3.544 38.377 2.825
27 1 1 39.276 3.607 38.377 2.887
28 1 1 39.277 3.669 38.377 2.950
29 1 1 39.287 3.711 38.388 2.991
30 1 1 39.277 3.742 38.377 3.023
31 1 1 39.266 3.773 38.367 3.054
32 1 1 39.256 3.794 38.357 3.075
33 1 1 39.235 3.814 38.336 3.095
34 1 1 39.235 3.825 38.336 3.106
35 1 1 39.246 3.846 38.346 3.126
36 1 1 39.256 3.877 38.357 3.158
37 1 1 39.256 3.929 38.357 3.210
38 1 1 39.267 3.971 38.367 3.251
39 1 1 39.267 4.023 38.368 3.303
40 1 1 39.267 4.054 38.368 3.335
41 1 1 39.267 4.085 38.368 3.366
42 1 1 39.257 4.127 38.357 3.407
43 1 1 39.257 4.168 38.357 3.449
44 1 1 39.257 4.241 38.358 3.522
45 1 1 39.268 4.335 38.368 3.615
46 1 1 39.268 4.428 38.368 3.709
47 1 1 39.268 4.512 38.369 3.792
48 1 1 39.268 4.564 38.369 3.844
49 1 1 39.268 4.595 38.369 3.875
50 1 1 39.269 4.616 38.369 3.896
51 1 1 39.269 4.647 38.369 3.927
52 1 1 39.258 4.678 38.358 3.959
53 1 1 39.248 4.709 38.348 3.990
54 1 1 39.238 4.741 38.338 4.021
55 1 1 39.227 4.772 38.327 4.052
56 1 1 39.217 4.813 38.317 4.094
57 1 1 39.206 4.834 38.306 4.115
58 1 1 39.186 4.845 38.286 4.125
59 1 1 39.165 4.865 38.265 4.146
60 1 1 39.154 4.917 38.254 4.198
61 1 1 39.134 4.990 38.234 4.271
62 1 1 39.123 5.084 38.223 4.364
63 1 1 39.113 5.188 38.213 4.469
64 1 1 39.103 5.282 38.203 4.562
65 1 1 39.093 5.365 38.193 4.646
66 1 1 39.083 5.417 38.182 4.698
67 1 1 39.072 5.459 38.172 4.739
68 1 1 39.051 5.480 38.151 4.760
69 1 1 39.030 5.511 38.130 4.791
70 1 1 39.020 5.553 38.120 4.833
71 1 1 39.010 5.584 38.109 4.864
72 1 1 38.999 5.615 38.099 4.896
73 1 1 38.989 5.657 38.088 4.937
74 1 1 38.979 5.678 38.078 4.958
75 1 1 38.958 5.688 38.057 4.968
76 1 1 38.947 5.719 38.047 5.000
77 1 1 38.927 5.761 38.026 5.041
78 1 1 38.906 5.813 38.005 5.093
79 1 1 38.885 5.876 37.984 5.156
80 1 1 38.854 5.949 37.953 5.229
81 1 1 38.833 6.001 37.932 5.281
82 1 1 38.802 6.063 37.901 5.344
83 1 1 38.771 6.116 37.870 5.396
84 1 1 38.739 6.189 37.838 5.469
85 1 1 38.708 6.241 37.807 5.521
86 1 1 38.687 6.282 37.786 5.563
87 1 1 38.656 6.293 37.755 5.573
88 1 1 38.645 6.293 37.744 5.573
89 1 1 38.635 6.303 37.734 5.583
90 1 1 38.625 6.324 37.723 5.604
91 1 1 38.604 6.335 37.703 5.615
92 1 1 38.593 6.356 37.692 5.635
93 1 1 38.562 6.397 37.661 5.677
94 1 1 38.541 6.449 37.640 5.729
95 1 1 38.531 6.512 37.630 5.792
96 1 1 38.521 6.585 37.619 5.865
97 1 1 38.510 6.669 37.609 5.948
98 1 1 38.500 6.752 37.599 6.032
99 1 1 38.490 6.836 37.588 6.115
100 1 1 38.469 6.909 37.567 6.189
101 1 1 38.448 6.982 37.547 6.262
102 1 1 38.438 7.024 37.536 6.303
103 1 1 38.427 7.034 37.526 6.314
104 1 1 38.417 7.044 37.515 6.324
105 1 1 38.406 7.076 37.505 6.356
106 1 1 38.407 7.118 37.505 6.397
107 1 1 38.407 7.159 37.505 6.439
108 1 1 38.396 7.201 37.494 6.481
109 1 1 38.386 7.243 37.484 6.523
110 1 1 38.376 7.306 37.474 6.585
111 1 1 38.376 7.368 37.474 6.648
112 1 1 38.386 7.431 37.484 6.711
113 1 1 38.397 7.494 37.495 6.773
114 1 1 38.397 7.556 37.495 6.836
115 1 1 38.376 7.629 37.474 6.909
116 1 1 38.345 7.692 37.443 6.972
117 1 1 38.314 7.755 37.411 7.035
118 1 1 38.293 7.807 37.391 7.087
119 1 1 38.293 7.859 37.391 7.139
120 1 1 38.282 7.901 37.380 7.181
121 1 1 38.262 7.943 37.359 7.223
122 1 1 38.251 7.964 37.349 7.244
123 1 1 38.251 7.985 37.349 7.264
124 1 1 38.251 8.006 37.349 7.285
125 1 1 38.262 8.027 37.359 7.306
126 1 1 38.262 8.048 37.359 7.327
127 1 1 38.251 8.069 37.349 7.348
128 1 1 38.251 8.090 37.349 7.369
129 1 1 38.262 8.142 37.360 7.421
130 1 1 38.262 8.215 37.360 7.494
131 1 1 38.273 8.309 37.370 7.589
132 1 1 38.273 8.382 37.370 7.662
133 1 1 38.284 8.445 37.381 7.724
134 1 1 38.284 8.508 37.381 7.787
135 1 1 38.284 8.560 37.381 7.840
136 1 1 38.284 8.612 37.381 7.892
137 1 1 38.284 8.665 37.381 7.944
138 1 1 38.295 8.696 37.392 7.975
139 1 1 38.316 8.727 37.413 8.007
140 1 1 38.326 8.759 37.423 8.038
141 1 1 38.326 8.801 37.423 8.080
142 1 1 38.337 8.832 37.434 8.111
143 1 1 38.347 8.863 37.445 8.143
144 1 1 38.379 8.916 37.476 8.195
145 1 1 38.410 8.978 37.508 8.258
146 1 1 38.431 9.041 37.529 8.321
147 1 1 38.442 9.125 37.539 8.404
148 1 1 38.463 9.209 37.560 8.488
149 1 1 38.453 9.303 37.550 8.582
150 1 1 38.453 9.376 37.550 8.655
151 1 1 38.453 9.439 37.550 8.718
152 1 1 38.453 9.449 37.550 8.729
153 1 1 38.443 9.449 37.540 8.729
154 1 1 38.453 9.481 37.550 8.760
155 1 1 38.453 9.523 37.550 8.802
156 1 1 38.453 9.575 37.551 8.854
157 1 1 38.443 9.648 37.540 8.928
158 1 1 38.433 9.711 37.530 8.990
159 1 1 38.422 9.753 37.519 9.032
160 1 1 38.422 9.774 37.519 9.053
161 1 1 38.422 9.795 37.519 9.074
162 1 1 38.423 9.816 37.519 9.095
163 1 1 38.412 9.889 37.509 9.169
164 1 1 38.412 9.973 37.509 9.252
165 1 1 38.434 10.078 37.530 9.357
166 1 1 38.465 10.151 37.562 9.430
167 1 1 38.486 10.224 37.583 9.504
168 1 1 38.497 10.266 37.594 9.546
169 1 1 38.497 10.298 37.594 9.577
170 1 1 38.486 10.319 37.583 9.598
171 1 1 38.497 10.340 37.594 9.619
172 1 1 38.487 10.371 37.583 9.650
173 1 1 38.476 10.403 37.573 9.682
174 1 1 38.466 10.455 37.562 9.734
175 1 1 38.445 10.529 37.541 9.808
176 1 1 38.435 10.591 37.531 9.871
177 1 1 38.445 10.644 37.542 9.923
178 1 1 38.466 10.686 37.563 9.965
179 1 1 38.487 10.738 37.584 10.017
180 1 1 38.519 10.822 37.615 10.101
181 1 1 38.530 10.916 37.626 10.195
182 1 1 38.540 11.011 37.637 10.290
183 1 1 38.551 11.074 37.647 10.353
184 1 1 38.572 11.126 37.668 10.405
185 1 1 38.583 11.147 37.679 10.426
186 1 1 38.604 11.168 37.700 10.447
187 1 1 38.614 11.199 37.710 10.478
188 1 1 38.614 11.252 37.711 10.531
189 1 1 38.604 11.294 37.700 10.573
190 1 1 38.604 11.367 37.700 10.646
191 1 1 38.604 11.430 37.700 10.709
192 1 1 38.604 11.493 37.700 10.772
193 1 1 38.594 11.535 37.690 10.814
194 1 1 38.583 11.577 37.680 10.856
195 1 1 38.594 11.619 37.690 10.898
196 1 1 38.605 11.682 37.701 10.961
197 1 1 38.626 11.776 37.722 11.055
198 1 1 38.637 11.860 37.733 11.139
199 1 1 38.637 11.923 37.733 11.202
200 1 1 38.626 11.976 37.722 11.255
201 1 1 38.626 12.028 37.722 11.307
202 1 1 38.626 12.070 37.722 11.349
203 1 1 38.616 12.112 37.712 11.391
204 1 1 38.606 12.154 37.702 11.433
0 1 1 39.295 2.547 38.396 1.828
1 1 1 39.284 2.619 38.386 1.901
2 1 1 39.285 2.692 38.386 1.973
3 1 1 39.285 2.765 38.386 2.046
4 1 1 39.285 2.817 38.386 2.098
205 1 1 38.606 12.207 37.702 11.486
206 1 1 38.627 12.238 37.723 11.517
207 1 1 38.648 12.291 37.744 11.569
208 1 1 38.669 12.343 37.765 11.622
209 1 1 38.669 12.375 37.765 11.653
210 1 1 38.680 12.427 37.775 11.706
211 1 1 38.690 12.511 37.786 11.790
212 1 1 38.680 12.606 37.776 11.884
213 1 1 38.691 12.679 37.786 11.958
214 1 1 38.701 12.732 37.797 12.010
215 1 1 38.712 12.774 37.808 12.052
216 1 1 38.723 12.847 37.818 12.126
217 1 1 38.723 12.921 37.818 12.199
218 1 1 38.712 13.005 37.808 12.283
219 1 1 38.702 13.057 37.798 12.336
220 1 1 38.713 13.078 37.808 12.357
221 1 1 38.702 13.110 37.798 12.389
222 1 1 38.713 13.152 37.808 12.431
223 1 1 38.713 13.205 37.808 12.483
224 1 1 38.713 13.247 37.808 12.525
225 1 1 38.724 13.278 37.819 12.557
226 1 1 38.713 13.310 37.808 12.588
227 1 1 38.692 13.362 37.788 12.641
228 1 1 38.682 13.425 37.777 12.704
229 1 1 38.672 13.489 37.767 12.767
230 1 1 38.651 13.552 37.746 12.830
231 1 1 38.661 13.604 37.756 12.883
232 1 1 38.661 13.667 37.757 12.946
233 1 1 38.662 13.762 37.757 13.041
234 1 1 38.651 13.857 37.746 13.135
235 1 1 38.651 13.920 37.746 13.198
236 1 1 38.631 13.983 37.726 13.262
237 1 1 38.641 14.015 37.736 13.293
238 1 1 38.662 14.036 37.757 13.314
239 1 1 38.673 14.057 37.768 13.335
240 1 1 38.673 14.088 37.768 13.367
241 1 1 38.683 14.109 37.778 13.388
242 1 1 38.694 14.151 37.789 13.430
243 1 1 38.694 14.183 37.789 13.461
244 1 1 38.705 14.246 37.800 13.524
245 1 1 38.705 14.320 37.800 13.598
246 1 1 38.716 14.414 37.810 13.693
247 1 1 38.726 14.488 37.821 13.766
248 1 1 38.747 14.551 37.842 13.829
249 1 1 38.768 14.582 37.863 13.861
250 1 1 38.800 14.614 37.895 13.892
251 1 1 38.821 14.645 37.916 13.924
252 1 1 38.842 14.698 37.937 13.976
253 1 1 38.853 14.750 37.948 14.029
254 1 1 38.853 14.793 37.948 14.071
255 1 1 38.853 14.814 37.948 14.092
256 1 1 38.853 14.845 37.948 14.124
257 1 1 38.853 14.866 37.948 14.145
258 1 1 38.843 14.908 37.937 14.187
259 1 1 38.832 14.951 37.927 14.229
260 1 1 38.811 15.003 37.906 14.282
261 1 1 38.822 15.045 37.917 14.324
262 1 1 38.822 15.098 37.917 14.376
263 1 1 38.843 15.140 37.938 14.418
264 1 1 38.864 15.193 37.959 14.471
265 1 1 38.875 15.245 37.970 14.524
266 1 1 38.886 15.298 37.980 14.576
267 1 1 38.875 15.340 37.970 14.618
268 1 1 38.854 15.382 37.949 14.661
269 1 1 38.844 15.435 37.938 14.713
270 1 1 38.833 15.488 37.928 14.766
271 1 1 38.844 15.530 37.938 14.808
272 1 1 38.855 15.572 37.949 14.850
273 1 1 38.865 15.593 37.960 14.871
274 1 1 38.865 15.593 37.960 14.871
275 1 1 38.865 15.593 37.960 14.871
276 1 1 38.876 15.614 37.970 14.892
277 1 1 38.876 15.656 37.970 14.935
278 1 1 38.897 15.719 37.991 14.998
279 1 1 38.918 15.804 38.013 15.082
280 1 1 38.939 15.867 38.034 15.145
281 1 1 38.950 15.930 38.044 15.208
282 1 1 38.950 15.983 38.044 15.261
283 1 1 38.940 16.035 38.034 15.314
284 1 1 38.940 16.088 38.034 15.366
285 1 1 38.951 16.141 38.045 15.419
286 1 1 38.961 16.193 38.055 15.472
287 1 1 38.982 16.235 38.076 15.514
288 1 1 39.004 16.299 38.098 15.577
289 1 1 39.025 16.341 38.119 15.619
290 1 1 39.035 16.351 38.129 15.629
291 1 1 39.046 16.372 38.140 15.650
292 1 1 39.035 16.383 38.129 15.661
293 1 1 39.025 16.404 38.119 15.682
294 1 1 39.025 16.436 38.119 15.714
295 1 1 39.025 16.478 38.119 15.756
296 1 1 39.036 16.541 38.130 15.819
297 1 1 39.036 16.594 38.130 15.872
298 1 1 39.036 16.657 38.130 15.935
299 1 1 39.047 16.731 38.141 16.009
300 1 1 39.057 16.794 38.151 16.072
301 1 1 39.057 16.847 38.151 16.125
302 1 1 39.057 16.889 38.151 16.167
303 1 1 39.047 16.910 38.141 16.188
304 1 1 39.047 16.942 38.141 16.220
305 1 1 39.047 16.974 38.141 16.252
306 1 1 39.037 17.026 38.131 16.304
307 1 1 39.037 17.079 38.131 16.357
308 1 1 39.027 17.121 38.120 16.399
309 1 1 39.037 17.164 38.131 16.442
310 1 1 39.048 17.195 38.141 16.473
311 1 1 39.048 17.206 38.141 16.484
312 1 1 39.048 17.216 38.141 16.494
313 1 1 39.058 17.216 38.152 16.494
314 1 1 39.058 17.237 38.152 16.515
315 1 1 39.048 17.280 38.142 16.558
316 1 1 39.059 17.332 38.152 16.610
317 1 1 39.059 17.417 38.152 16.695
318 1 1 39.080 17.491 38.174 16.769
319 1 1 39.091 17.564 38.184 16.842
320 1 1 39.101 17.617 38.195 16.895
321 1 1 39.101 17.659 38.195 16.937
322 1 1 39.123 17.702 38.216 16.979
323 1 1 39.144 17.733 38.237 17.011
324 1 1 39.154 17.765 38.248 17.043
325 1 1 39.165 17.817 38.258 17.095
326 1 1 39.165 17.849 38.258 17.127
327 1 1 39.165 17.902 38.259 17.180
328 1 1 39.155 17.944 38.248 17.222
329 1 1 39.155 17.976 38.248 17.254
330 1 1 39.155 17.986 38.248 17.264
331 1 1 39.144 18.008 38.238 17.286
332 1 1 39.134 18.029 38.227 17.307
333 1 1 39.134 18.071 38.227 17.349
334 1 1 39.124 18.103 38.217 17.381
335 1 1 39.124 18.166 38.217 17.444
336 1 1 39.134 18.219 38.228 17.497
337 1 1 39.124 18.283 38.217 17.560
338 1 1 39.114 18.357 38.207 17.635
339 1 1 39.114 18.431 38.207 17.708
340 1 1 39.093 18.484 38.186 17.761
341 1 1 39.093 18.526 38.186 17.804
342 1 1 39.093 18.537 38.186 17.814
343 1 1 39.082 18.537 38.175 17.814
344 1 1 39.082 18.547 38.176 17.825
345 1 1 39.072 18.558 38.165 17.836
346 1 1 39.072 18.579 38.165 17.857
347 1 1 39.093 18.621 38.186 17.899
348 1 1 39.104 18.653 38.197 17.931
349 1 1 39.104 18.685 38.197 17.962
350 1 1 39.115 18.737 38.207 18.015
351 1 1 39.125 18.769 38.218 18.047
352 1 1 39.136 18.811 38.229 18.089
353 1 1 39.146 18.853 38.239 18.131
354 1 1 39.136 18.875 38.229 18.152
355 1 1 39.136 18.896 38.229 18.173
356 1 1 39.136 18.938 38.229 18.216
357 1 1 39.136 18.991 38.229 18.269
358 1 1 39.126 19.054 38.219 18.332
359 1 1 39.126 19.118 38.219 18.396
360 1 1 39.116 19.160 38.208 18.438
361 1 1 39.105 19.192 38.198 18.470
362 1 1 39.105 19.235 38.198 18.512
363 1 1 39.095 19.266 38.187 18.544
364 1 1 39.074 19.319 38.166 18.597
5 2 1 34.755 3.797 33.957 2.877
6 2 1 34.734 3.817 33.936 2.898
7 2 1 34.724 3.828 33.926 2.908
8 2 1 34.734 3.828 33.936 2.909
9 2 1 34.755 3.838 33.957 2.919
10 2 1 34.776 3.859 33.978 2.940
11 2 1 34.787 3.880 33.989 2.961
12 2 1 34.797 3.901 33.999 2.982
13 2 1 34.787 3.911 33.989 2.992
14 2 1 34.787 3.943 33.989 3.023
15 2 1 34.776 4.005 33.978 3.086
16 2 1 34.766 4.089 33.968 3.169
17 2 1 34.755 4.172 33.957 3.253
18 2 1 34.755 4.235 33.957 3.315
19 2 1 34.755 4.256 33.957 3.336
20 2 1 34.766 4.287 33.968 3.367
21 2 1 34.776 4.318 33.978 3.399
22 2 1 34.787 4.360 33.989 3.440
23 2 1 34.797 4.402 33.999 3.482
24 2 1 34.797 4.423 33.999 3.503
25 2 1 34.776 4.464 33.978 3.545
26 2 1 34.766 4.496 33.968 3.576
27 2 1 34.755 4.537 33.957 3.618
28 2 1 34.745 4.579 33.947 3.659
29 2 1 34.745 4.610 33.947 3.691
30 2 1 34.734 4.642 33.936 3.722
31 2 1 34.734 4.663 33.936 3.743
32 2 1 34.755 4.673 33.957 3.753
33 2 1 34.755 4.694 33.957 3.774
34 2 1 34.766 4.725 33.968 3.806
35 2 1 34.766 4.788 33.968 3.868
36 2 1 34.755 4.892 33.957 3.973
37 2 1 34.745 4.986 33.946 4.067
38 2 1 34.745 5.070 33.946 4.150
39 2 1 34.734 5.122 33.936 4.202
40 2 1 34.745 5.143 33.946 4.223
41 2 1 34.745 5.174 33.946 4.254
42 2 1 34.755 5.195 33.957 4.275
43 2 1 34.755 5.227 33.957 4.307
44 2 1 34.755 5.258 33.957 4.338
45 2 1 34.745 5.310 33.946 4.390
46 2 1 34.734 5.342 33.936 4.422
47 2 1 34.724 5.383 33.925 4.463
48 2 1 34.724 5.425 33.925 4.505
49 2 1 34.713 5.446 33.915 4.526
50 2 1 34.713 5.456 33.915 4.536
51 2 1 34.724 5.477 33.925 4.557
52 2 1 34.724 5.509 33.925 4.589
53 2 1 34.713 5.551 33.915 4.630
54 2 1 34.713 5.634 33.915 4.714
55 2 1 34.713 5.718 33.915 4.798
56 2 1 34.713 5.791 33.914 4.871
57 2 1 34.713 5.864 33.914 4.944
58 2 1 34.703 5.916 33.904 4.996
59 2 1 34.692 5.948 33.893 5.027
60 2 1 34.682 5.969 33.883 5.048
61 2 1 34.671 5.990 33.872 5.069
62 2 1 34.650 6.010 33.851 5.090
63 2 1 34.640 6.052 33.841 5.132
64 2 1 34.629 6.073 33.830 5.153
65 2 1 34.619 6.105 33.820 5.184
66 2 1 34.598 6.136 33.799 5.215
67 2 1 34.566 6.178 33.767 5.257
68 2 1 34.535 6.199 33.735 5.278
69 2 1 34.545 6.241 33.746 5.320
70 2 1 34.556 6.293 33.756 5.372
71 2 1 34.587 6.366 33.788 5.445
72 2 1 34.608 6.439 33.809 5.519
73 2 1 34.608 6.513 33.809 5.592
74 2 1 34.598 6.554 33.798 5.634
75 2 1 34.598 6.596 33.798 5.676
76 2 1 34.598 6.638 33.798 5.717
77 2 1 34.598 6.680 33.798 5.759
78 2 1 34.608 6.711 33.809 5.791
79 2 1 34.629 6.743 33.830 5.822
80 2 1 34.629 6.753 33.830 5.832
81 2 1 34.629 6.764 33.830 5.843
82 2 1 34.608 6.795 33.809 5.874
83 2 1 34.587 6.837 33.788 5.916
84 2 1 34.577 6.858 33.777 5.937
85 2 1 34.576 6.889 33.777 5.968
86 2 1 34.545 6.910 33.746 5.989
87 2 1 34.524 6.952 33.724 6.031
88 2 1 34.503 7.025 33.703 6.104
89 2 1 34.503 7.099 33.703 6.178
90 2 1 34.503 7.182 33.703 6.261
91 2 1 34.513 7.245 33.714 6.324
92 2 1 34.524 7.287 33.724 6.366
93 2 1 34.524 7.329 33.724 6.408
94 2 1 34.534 7.350 33.735 6.429
95 2 1 34.534 7.381 33.735 6.460
96 2 1 34.513 7.423 33.714 6.502
97 2 1 34.492 7.455 33.693 6.534
98 2 1 34.482 7.497 33.682 6.575
99 2 1 34.461 7.528 33.661 6.607
100 2 1 34.429 7.560 33.629 6.638
101 2 1 34.419 7.581 33.619 6.659
102 2 1 34.408 7.622 33.608 6.701
103 2 1 34.387 7.654 33.587 6.733
104 2 1 34.376 7.685 33.577 6.764
105 2 1 34.366 7.706 33.566 6.785
106 2 1 34.345 7.748 33.545 6.827
107 2 1 34.345 7.769 33.545 6.848
108 2 1 34.324 7.822 33.524 6.900
109 2 1 34.303 7.916 33.503 6.994
110 2 1 34.282 8.000 33.482 7.078
111 2 1 34.261 8.073 33.460 7.152
112 2 1 34.250 8.147 33.450 7.225
113 2 1 34.260 8.168 33.460 7.246
114 2 1 34.250 8.178 33.450 7.256
115 2 1 34.250 8.189 33.450 7.267
116 2 1 34.239 8.189 33.439 7.267
117 2 1 34.229 8.210 33.429 7.288
118 2 1 34.218 8.241 33.418 7.319
119 2 1 34.197 8.294 33.397 7.372
120 2 1 34.166 8.346 33.365 7.424
121 2 1 34.145 8.399 33.344 7.477
122 2 1 34.123 8.430 33.323 7.508
123 2 1 34.102 8.451 33.302 7.529
124 2 1 34.092 8.472 33.292 7.550
125 2 1 34.060 8.524 33.260 7.602
126 2 1 34.029 8.577 33.228 7.655
127 2 1 33.997 8.650 33.197 7.728
128 2 1 33.965 8.703 33.165 7.781
129 2 1 33.965 8.734 33.165 7.812
130 2 1 33.986 8.766 33.186 7.844
131 2 1 34.007 8.787 33.207 7.865
132 2 1 34.018 8.808 33.217 7.886
133 2 1 34.007 8.839 33.207 7.917
134 2 1 33.997 8.892 33.196 7.970
135 2 1 33.976 8.934 33.175 8.012
136 2 1 33.965 8.986 33.165 8.064
137 2 1 33.955 9.018 33.154 8.096
138 2 1 33.944 9.070 33.143 8.148
139 2 1 33.934 9.112 33.133 8.190
140 2 1 33.923 9.165 33.122 8.242
141 2 1 33.923 9.207 33.122 8.284
142 2 1 33.902 9.270 33.101 8.347
143 2 1 33.912 9.333 33.112 8.410
144 2 1 33.923 9.417 33.122 8.494
145 2 1 33.923 9.501 33.122 8.578
146 2 1 33.923 9.553 33.122 8.631
147 2 1 33.944 9.595 33.143 8.673
148 2 1 33.954 9.616 33.153 8.694
149 2 1 33.965 9.637 33.164 8.715
150 2 1 33.986 9.648 33.185 8.725
151 2 1 33.986 9.679 33.185 8.757
152 2 1 33.975 9.700 33.174 8.778
153 2 1 33.986 9.753 33.185 8.830
154 2 1 33.965 9.784 33.164 8.862
155 2 1 33.954 9.816 33.153 8.893
156 2 1 33.944 9.848 33.143 8.925
157 2 1 33.933 9.879 33.132 8.956
158 2 1 33.933 9.942 33.132 9.019
159 2 1 33.954 10.037 33.153 9.114
160 2 1 33.954 10.152 33.153 9.229
161 2 1 33.965 10.257 33.163 9.334
162 2 1 33.975 10.320 33.174 9.397
163 2 1 33.986 10.362 33.184 9.439
164 2 1 34.007 10.394 33.206 9.471
165 2 1 34.017 10.415 33.216 9.492
166 2 1 34.007 10.436 33.205 9.513
167 2 1 33.986 10.457 33.184 9.534
168 2 1 33.943 10.478 33.142 9.555
169 2 1 33.922 10.499 33.121 9.576
170 2 1 33.891 10.541 33.089 9.618
171 2 1 33.891 10.573 33.089 9.650
172 2 1 33.891 10.594 33.089 9.671
173 2 1 33.901 10.636 33.100 9.713
174 2 1 33.912 10.678 33.110 9.755
175 2 1 33.912 10.710 33.110 9.786
176 2 1 33.891 10.752 33.089 9.829
177 2 1 33.891 10.794 33.089 9.871
178 2 1 33.880 10.836 33.078 9.913
179 2 1 33.890 10.899 33.089 9.976
180 2 1 33.901 10.962 33.099 10.039
181 2 1 33.922 11.025 33.121 10.102
182 2 1 33.943 11.067 33.142 10.144
183 2 1 33.964 11.109 33.163 10.186
184 2 1 33.964 11.120 33.163 10.196
185 2 1 33.954 11.141 33.152 10.217
186 2 1 33.933 11.151 33.131 10.228
187 2 1 33.933 11.162 33.131 10.238
188 2 1 33.933 11.193 33.131 10.270
189 2 1 33.954 11.225 33.152 10.302
190 2 1 33.954 11.246 33.152 10.323
191 2 1 33.943 11.288 33.141 10.365
192 2 1 33.932 11.330 33.131 10.407
193 2 1 33.932 11.383 33.131 10.459
194 2 1 33.922 11.467 33.120 10.544
195 2 1 33.911 11.551 33.109 10.628
196 2 1 33.911 11.636 33.109 10.712
197 2 1 33.922 11.709 33.120 10.786
198 2 1 33.932 11.772 33.130 10.849
199 2 1 33.953 11.825 33.151 10.901
200 2 1 33.974 11.888 33.173 10.964
201 2 1 33.996 11.951 33.194 11.027
202 2 1 34.006 12.004 33.204 11.080
203 2 1 33.995 12.035 33.194 11.112
204 2 1 33.985 12.078 33.183 11.154
0 2 1 34.829 3.682 34.031 2.763
1 2 1 34.829 3.703 34.031 2.784
2 2 1 34.818 3.734 34.021 2.815
3 2 1 34.808 3.755 34.010 2.836
4 2 1 34.787 3.786 33.989 2.867
205 2 1 34.006 12.088 33.204 11.164
206 2 1 34.038 12.098 33.236 11.175
207 2 1 34.059 12.098 33.257 11.175
208 2 1 34.080 12.119 33.278 11.196
209 2 1 34.080 12.182 33.278 11.259
210 2 1 34.048 12.256 33.246 11.333
211 2 1 34.027 12.341 33.225 11.417
212 2 1 34.016 12.425 33.214 11.501
213 2 1 34.016 12.478 33.214 11.554
214 2 1 34.069 12.530 33.267 11.606
215 2 1 34.133 12.593 33.330 11.669
216 2 1 34.164 12.625 33.362 11.701
217 2 1 34.175 12.667 33.373 11.743
218 2 1 34.175 12.677 33.373 11.753
219 2 1 34.164 12.688 33.362 11.764
220 2 1 34.154 12.698 33.351 11.774
221 2 1 34.164 12.741 33.362 11.817
222 2 1 34.185 12.772 33.383 11.848
223 2 1 34.206 12.804 33.404 11.880
224 2 1 34.227 12.846 33.425 11.922
225 2 1 34.227 12.888 33.425 11.964
226 2 1 34.227 12.919 33.425 11.995
227 2 1 34.238 12.962 33.436 12.037
228 2 1 34.249 13.004 33.446 12.080
229 2 1 34.249 13.056 33.446 12.132
230 2 1 34.238 13.151 33.436 12.227
231 2 1 34.227 13.257 33.425 12.333
232 2 1 34.227 13.352 33.425 12.427
233 2 1 34.227 13.426 33.425 12.501
234 2 1 34.217 13.457 33.414 12.533
235 2 1 34.206 13.468 33.404 12.543
236 2 1 34.196 13.500 33.393 12.575
237 2 1 34.206 13.552 33.404 12.628
238 2 1 34.227 13.605 33.425 12.680
239 2 1 34.259 13.668 33.456 12.744
240 2 1 34.259 13.700 33.456 12.775
241 2 1 34.248 13.710 33.446 12.786
242 2 1 34.238 13.742 33.435 12.817
243 2 1 34.238 13.784 33.435 12.860
244 2 1 34.227 13.826 33.425 12.902
245 2 1 34.238 13.900 33.435 12.976
246 2 1 34.227 13.953 33.424 13.028
247 2 1 34.227 14.006 33.424 13.081
248 2 1 34.227 14.080 33.424 13.155
249 2 1 34.238 14.153 33.435 13.229
250 2 1 34.248 14.206 33.445 13.282
251 2 1 34.259 14.259 33.456 13.334
252 2 1 34.269 14.269 33.466 13.345
253 2 1 34.269 14.280 33.466 13.355
254 2 1 34.259 14.269 33.456 13.345
255 2 1 34.238 14.270 33.435 13.345
256 2 1 34.216 14.280 33.414 13.356
257 2 1 34.216 14.312 33.414 13.387
258 2 1 34.206 14.354 33.403 13.429
259 2 1 34.206 14.407 33.403 13.482
260 2 1 34.206 14.460 33.403 13.535
261 2 1 34.216 14.513 33.413 13.588
262 2 1 34.227 14.565 33.424 13.640
263 2 1 34.227 14.639 33.424 13.714
264 2 1 34.206 14.692 33.403 13.767
265 2 1 34.185 14.734 33.382 13.810
266 2 1 34.163 14.756 33.360 13.831
267 2 1 34.185 14.798 33.381 13.873
268 2 1 34.195 14.851 33.392 13.926
269 2 1 34.206 14.925 33.403 13.999
270 2 1 34.195 14.999 33.392 14.073
271 2 1 34.174 15.062 33.371 14.137
272 2 1 34.142 15.094 33.339 14.169
273 2 1 34.132 15.126 33.328 14.200
274 2 1 34.163 15.147 33.360 14.221
275 2 1 34.184 15.157 33.381 14.232
276 2 1 34.195 15.189 33.392 14.264
277 2 1 34.195 15.220 33.392 14.295
278 2 1 34.174 15.273 33.371 14.348
279 2 1 34.163 15.369 33.360 14.443
280 2 1 34.174 15.442 33.370 14.517
281 2 1 34.184 15.506 33.381 14.581
282 2 1 34.195 15.559 33.391 14.633
283 2 1 34.184 15.580 33.381 14.654
284 2 1 34.174 15.601 33.370 14.676
285 2 1 34.174 15.622 33.370 14.697
286 2 1 34.184 15.601 33.381 14.676
287 2 1 34.205 15.601 33.402 14.675
288 2 1 34.227 15.601 33.423 14.675
289 2 1 34.227 15.622 33.423 14.696
290 2 1 34.237 15.643 33.434 14.718
291 2 1 34.248 15.706 33.444 14.781
292 2 1 34.237 15.802 33.434 14.876
293 2 1 34.227 15.897 33.423 14.971
294 2 1 34.205 15.971 33.402 15.045
295 2 1 34.216 16.034 33.412 15.109
296 2 1 34.226 16.034 33.423 15.109
297 2 1 34.258 16.076 33.455 15.151
298 2 1 34.269 16.140 33.465 15.214
299 2 1 34.258 16.224 33.454 15.299
300 2 1 34.269 16.309 33.465 15.383
301 2 1 34.269 16.373 33.465 15.447
302 2 1 34.269 16.425 33.465 15.500
303 2 1 34.248 16.468 33.444 15.542
304 2 1 34.205 16.511 33.401 15.585
305 2 1 34.173 16.543 33.370 15.617
306 2 1 34.184 16.574 33.380 15.648
307 2 1 34.184 16.606 33.380 15.680
308 2 1 34.195 16.638 33.391 15.712
309 2 1 34.205 16.669 33.401 15.743
310 2 1 34.195 16.712 33.391 15.786
311 2 1 34.173 16.754 33.369 15.828
312 2 1 34.152 16.797 33.348 15.871
313 2 1 34.120 16.850 33.316 15.924
314 2 1 34.110 16.892 33.306 15.966
315 2 1 34.110 16.924 33.306 15.998
316 2 1 34.110 16.977 33.306 16.051
317 2 1 34.110 17.041 33.306 16.114
318 2 1 34.110 17.104 33.306 16.178
319 2 1 34.099 17.157 33.295 16.231
320 2 1 34.110 17.221 33.305 16.294
321 2 1 34.120 17.273 33.316 16.347
322 2 1 34.141 17.337 33.337 16.411
323 2 1 34.163 17.390 33.358 16.463
324 2 1 34.173 17.421 33.369 16.495
325 2 1 34.194 17.442 33.390 16.516
326 2 1 34.194 17.464 33.390 16.537
327 2 1 34.205 17.474 33.401 16.548
328 2 1 34.194 17.485 33.390 16.558
329 2 1 34.205 17.516 33.401 16.590
330 2 1 34.205 17.580 33.401 16.654
331 2 1 34.184 17.665 33.379 16.739
332 2 1 34.184 17.729 33.379 16.802
333 2 1 34.162 17.782 33.358 16.855
334 2 1 34.162 17.813 33.358 16.887
335 2 1 34.184 17.845 33.379 16.919
336 2 1 34.184 17.898 33.379 16.972
337 2 1 34.162 17.951 33.358 17.025
338 2 1 34.162 18.004 33.358 17.078
339 2 1 34.141 18.057 33.337 17.131
340 2 1 34.152 18.132 33.347 17.205
341 2 1 34.173 18.206 33.368 17.279
342 2 1 34.183 18.269 33.379 17.342
343 2 1 34.183 18.322 33.379 17.395
344 2 1 34.183 18.333 33.379 17.406
345 2 1 34.173 18.322 33.368 17.396
346 2 1 34.173 18.333 33.368 17.406
347 2 1 34.152 18.354 33.347 17.427
348 2 1 34.152 18.407 33.347 17.480
349 2 1 34.141 18.492 33.336 17.565
350 2 1 34.141 18.577 33.336 17.650
351 2 1 34.130 18.641 33.326 17.714
352 2 1 34.130 18.704 33.325 17.777
353 2 1 34.130 18.747 33.325 17.820
354 2 1 34.120 18.779 33.315 17.852
355 2 1 34.109 18.821 33.304 17.894
356 2 1 34.098 18.874 33.294 17.947
357 2 1 34.098 18.928 33.293 18.000
358 2 1 34.098 18.991 33.293 18.064
359 2 1 34.109 19.034 33.304 18.106
360 2 1 34.109 19.055 33.304 18.128
361 2 1 34.109 19.044 33.304 18.117
362 2 1 34.109 19.044 33.304 18.117
363 2 1 34.120 19.076 33.315 18.149
364 2 1 34.141 19.171 33.336 18.244
5 3 1 36.527 3.279 35.867 2.455
6 3 1 36.527 3.310 35.867 2.486
7 3 1 36.527 3.352 35.867 2.528
8 3 1 36.517 3.362 35.856 2.538
9 3 1 36.496 3.383 35.835 2.559
10 3 1 36.496 3.383 35.835 2.559
11 3 1 36.496 3.383 35.835 2.559
12 3 1 36.485 3.404 35.825 2.580
13 3 1 36.464 3.445 35.804 2.621
14 3 1 36.454 3.497 35.793 2.673
15 3 1 36.454 3.539 35.793 2.715
16 3 1 36.464 3.581 35.804 2.757
17 3 1 36.506 3.612 35.846 2.788
18 3 1 36.527 3.685 35.867 2.861
19 3 1 36.538 3.768 35.877 2.944
20 3 1 36.548 3.852 35.888 3.028
21 3 1 36.538 3.925 35.877 3.100
22 3 1 36.538 3.997 35.877 3.173
23 3 1 36.549 4.070 35.888 3.246
24 3 1 36.538 4.133 35.878 3.309
25 3 1 36.549 4.164 35.888 3.340
26 3 1 36.559 4.185 35.899 3.361
27 3 1 36.559 4.185 35.899 3.361
28 3 1 36.570 4.216 35.909 3.392
29 3 1 36.570 4.258 35.909 3.434
30 3 1 36.559 4.310 35.899 3.486
31 3 1 36.549 4.362 35.888 3.538
32 3 1 36.539 4.414 35.878 3.590
33 3 1 36.528 4.477 35.867 3.652
34 3 1 36.539 4.540 35.878 3.715
35 3 1 36.518 4.633 35.857 3.809
36 3 1 36.507 4.738 35.846 3.913
37 3 1 36.487 4.821 35.826 3.996
38 3 1 36.466 4.904 35.805 4.080
39 3 1 36.466 4.957 35.805 4.132
40 3 1 36.476 4.998 35.815 4.174
41 3 1 36.476 5.040 35.815 4.215
42 3 1 36.487 5.082 35.826 4.257
43 3 1 36.476 5.113 35.815 4.288
44 3 1 36.476 5.155 35.815 4.330
45 3 1 36.455 5.207 35.794 4.382
46 3 1 36.445 5.270 35.784 4.445
47 3 1 36.466 5.332 35.805 4.507
48 3 1 36.487 5.395 35.826 4.570
49 3 1 36.508 5.457 35.847 4.633
50 3 1 36.529 5.531 35.868 4.706
51 3 1 36.540 5.625 35.878 4.800
52 3 1 36.550 5.708 35.889 4.883
53 3 1 36.561 5.771 35.900 4.946
54 3 1 36.550 5.823 35.889 4.998
55 3 1 36.550 5.865 35.889 5.040
56 3 1 36.530 5.917 35.868 5.092
57 3 1 36.530 5.969 35.868 5.144
58 3 1 36.540 6.000 35.879 5.175
59 3 1 36.561 6.042 35.900 5.217
60 3 1 36.572 6.094 35.910 5.269
61 3 1 36.572 6.136 35.910 5.311
62 3 1 36.561 6.199 35.900 5.374
63 3 1 36.561 6.262 35.900 5.436
64 3 1 36.561 6.324 35.900 5.499
65 3 1 36.561 6.418 35.900 5.593
66 3 1 36.562 6.512 35.900 5.687
67 3 1 36.562 6.575 35.900 5.750
68 3 1 36.551 6.638 35.890 5.812
69 3 1 36.572 6.679 35.911 5.854
70 3 1 36.593 6.721 35.932 5.896
71 3 1 36.593 6.774 35.932 5.948
72 3 1 36.593 6.815 35.932 5.990
73 3 1 36.593 6.857 35.932 6.032
74 3 1 36.604 6.899 35.942 6.073
75 3 1 36.593 6.951 35.932 6.126
76 3 1 36.604 6.993 35.942 6.167
77 3 1 36.615 7.056 35.953 6.230
78 3 1 36.625 7.129 35.963 6.303
79 3 1 36.646 7.213 35.984 6.387
80 3 1 36.657 7.296 35.995 6.471
81 3 1 36.657 7.380 35.995 6.554
82 3 1 36.667 7.443 36.006 6.617
83 3 1 36.667 7.495 36.006 6.669
84 3 1 36.647 7.526 35.985 6.701
85 3 1 36.636 7.558 35.974 6.732
86 3 1 36.636 7.589 35.974 6.763
87 3 1 36.647 7.610 35.985 6.784
88 3 1 36.668 7.641 36.006 6.816
89 3 1 36.678 7.694 36.016 6.868
90 3 1 36.668 7.757 36.006 6.931
91 3 1 36.678 7.809 36.016 6.983
92 3 1 36.678 7.882 36.016 7.056
93 3 1 36.668 7.966 36.006 7.140
94 3 1 36.668 8.060 36.006 7.234
95 3 1 36.668 8.165 36.006 7.339
96 3 1 36.668 8.248 36.006 7.422
97 3 1 36.689 8.290 36.027 7.464
98 3 1 36.700 8.332 36.038 7.506
99 3 1 36.689 8.374 36.027 7.548
100 3 1 36.689 8.426 36.027 7.600
101 3 1 36.679 8.468 36.017 7.642
102 3 1 36.679 8.510 36.017 7.684
103 3 1 36.700 8.531 36.038 7.705
104 3 1 36.721 8.552 36.059 7.726
105 3 1 36.732 8.573 36.069 7.747
106 3 1 36.753 8.625 36.090 7.799
107 3 1 36.763 8.709 36.101 7.883
108 3 1 36.763 8.814 36.101 7.987
109 3 1 36.753 8.908 36.091 8.082
110 3 1 36.753 8.981 36.091 8.155
111 3 1 36.753 9.023 36.091 8.197
112 3 1 36.753 9.065 36.091 8.239
113 3 1 36.743 9.097 36.080 8.270
114 3 1 36.753 9.118 36.091 8.291
115 3 1 36.753 9.149 36.091 8.322
116 3 1 36.764 9.191 36.101 8.364
117 3 1 36.753 9.233 36.091 8.406
118 3 1 36.743 9.296 36.080 8.469
119 3 1 36.711 9.348 36.049 8.522
120 3 1 36.701 9.380 36.038 8.553
121 3 1 36.690 9.359 36.028 8.532
122 3 1 36.691 9.390 36.028 8.564
123 3 1 36.691 9.453 36.028 8.626
124 3 1 36.691 9.547 36.028 8.721
125 3 1 36.680 9.642 36.018 8.815
126 3 1 36.670 9.705 36.007 8.878
127 3 1 36.670 9.705 36.007 8.878
128 3 1 36.670 9.726 36.007 8.899
129 3 1 36.680 9.757 36.018 8.930
130 3 1 36.701 9.799 36.039 8.972
131 3 1 36.691 9.852 36.028 9.025
132 3 1 36.681 9.915 36.018 9.088
133 3 1 36.660 9.957 35.997 9.130
134 3 1 36.628 10.009 35.965 9.182
135 3 1 36.607 10.062 35.944 9.234
136 3 1 36.597 10.125 35.934 9.297
137 3 1 36.576 10.208 35.913 9.381
138 3 1 36.576 10.303 35.913 9.476
139 3 1 36.565 10.387 35.902 9.560
140 3 1 36.566 10.460 35.902 9.633
141 3 1 36.566 10.555 35.902 9.728
142 3 1 36.566 10.607 35.903 9.780
143 3 1 36.555 10.660 35.892 9.832
144 3 1 36.545 10.702 35.882 9.874
145 3 1 36.534 10.723 35.871 9.895
146 3 1 36.534 10.733 35.871 9.906
147 3 1 36.524 10.765 35.861 9.937
148 3 1 36.513 10.807 35.850 9.979
149 3 1 36.513 10.859 35.850 10.032
150 3 1 36.503 10.933 35.840 10.105
151 3 1 36.503 10.996 35.840 10.168
152 3 1 36.492 11.059 35.829 10.231
153 3 1 36.493 11.122 35.829 10.294
154 3 1 36.493 11.185 35.829 10.357
155 3 1 36.493 11.259 35.829 10.431
156 3 1 36.514 11.343 35.850 10.515
157 3 1 36.524 11.416 35.861 10.588
158 3 1 36.514 11.469 35.850 10.641
159 3 1 36.503 11.500 35.840 10.672
160 3 1 36.493 11.521 35.829 10.693
161 3 1 36.482 11.553 35.819 10.725
162 3 1 36.472 11.584 35.808 10.757
163 3 1 36.440 11.627 35.777 10.799
164 3 1 36.409 11.658 35.745 10.830
165 3 1 36.377 11.721 35.714 10.893
166 3 1 36.367 11.785 35.703 10.956
167 3 1 36.356 11.869 35.693 11.041
168 3 1 36.378 11.942 35.714 11.114
169 3 1 36.388 12.016 35.724 11.188
170 3 1 36.430 12.068 35.767 11.240
171 3 1 36.451 12.110 35.788 11.282
172 3 1 36.462 12.173 35.798 11.345
173 3 1 36.441 12.215 35.777 11.387
174 3 1 36.441 12.247 35.777 11.419
175 3 1 36.452 12.278 35.788 11.450
176 3 1 36.462 12.310 35.798 11.482
177 3 1 36.473 12.362 35.809 11.534
178 3 1 36.462 12.415 35.798 11.587
179 3 1 36.431 12.447 35.767 11.618
180 3 1 36.399 12.489 35.735 11.661
181 3 1 36.389 12.531 35.725 11.703
182 3 1 36.378 12.594 35.714 11.766
183 3 1 36.389 12.699 35.725 11.871
184 3 1 36.399 12.794 35.735 11.966
185 3 1 36.389 12.878 35.725 12.050
186 3 1 36.389 12.920 35.725 12.092
187 3 1 36.400 12.931 35.735 12.102
188 3 1 36.410 12.952 35.746 12.123
189 3 1 36.421 12.983 35.757 12.155
190 3 1 36.421 13.015 35.757 12.186
191 3 1 36.410 13.068 35.746 12.239
192 3 1 36.400 13.141 35.736 12.313
193 3 1 36.400 13.205 35.736 12.376
194 3 1 36.410 13.289 35.746 12.460
195 3 1 36.410 13.363 35.746 12.534
196 3 1 36.411 13.426 35.746 12.597
197 3 1 36.411 13.489 35.746 12.660
198 3 1 36.411 13.584 35.746 12.755
199 3 1 36.411 13.657 35.746 12.829
200 3 1 36.421 13.742 35.757 12.913
201 3 1 36.411 13.815 35.746 12.986
202 3 1 36.400 13.879 35.736 13.050
203 3 1 36.400 13.931 35.736 13.102
204 3 1 36.390 13.963 35.725 13.134
0 3 1 36.548 3.019 35.887 2.195
1 3 1 36.569 3.060 35.908 2.236
2 3 1 36.558 3.123 35.898 2.299
3 3 1 36.537 3.185 35.877 2.361
4 3 1 36.537 3.237 35.877 2.413
205 3 1 36.390 13.984 35.725 13.155
206 3 1 36.401 14.026 35.736 13.197
207 3 1 36.422 14.079 35.757 13.250
208 3 1 36.443 14.142 35.778 13.313
209 3 1 36.453 14.184 35.789 13.355
210 3 1 36.432 14.237 35.768 13.408
211 3 1 36.411 14.290 35.747 13.460
212 3 1 36.390 14.374 35.726 13.545
213 3 1 36.369 14.469 35.705 13.640
214 3 1 36.369 14.575 35.705 13.745
215 3 1 36.369 14.617 35.705 13.787
216 3 1 36.369 14.669 35.705 13.840
217 3 1 36.380 14.733 35.715 13.903
218 3 1 36.380 14.796 35.715 13.967
219 3 1 36.391 14.849 35.726 14.019
220 3 1 36.380 14.912 35.715 14.082
221 3 1 36.370 14.954 35.705 14.125
222 3 1 36.370 14.996 35.705 14.167
223 3 1 36.338 15.039 35.673 14.209
224 3 1 36.317 15.081 35.652 14.252
225 3 1 36.317 15.134 35.652 14.304
226 3 1 36.317 15.197 35.652 14.368
227 3 1 36.296 15.282 35.631 14.452
228 3 1 36.286 15.366 35.621 14.537
229 3 1 36.254 15.440 35.589 14.611
230 3 1 36.244 15.535 35.579 14.706
231 3 1 36.265 15.609 35.600 14.779
232 3 1 36.307 15.651 35.642 14.821
233 3 1 36.318 15.704 35.653 14.874
234 3 1 36.318 15.736 35.653 14.906
235 3 1 36.328 15.767 35.663 14.937
236 3 1 36.328 15.799 35.663 14.969
237 3 1 36.339 15.820 35.674 14.990
238 3 1 36.339 15.862 35.674 15.032
239 3 1 36.328 15.926 35.663 15.096
240 3 1 36.297 15.989 35.632 15.159
241 3 1 36.276 16.063 35.611 15.233
242 3 1 36.286 16.127 35.621 15.296
243 3 1 36.276 16.201 35.611 15.370
244 3 1 36.286 16.274 35.621 15.444
245 3 1 36.297 16.327 35.632 15.497
246 3 1 36.308 16.369 35.642 15.539
247 3 1 36.308 16.380 35.642 15.550
248 3 1 36.297 16.412 35.632 15.581
249 3 1 36.276 16.475 35.611 15.645
250 3 1 36.266 16.539 35.600 15.708
251 3 1 36.266 16.613 35.600 15.782
252 3 1 36.255 16.687 35.590 15.856
253 3 1 36.245 16.729 35.579 15.899
254 3 1 36.224 16.782 35.558 15.952
255 3 1 36.203 16.825 35.537 15.994
256 3 1 36.192 16.878 35.526 16.047
257 3 1 36.203 16.941 35.537 16.110
258 3 1 36.203 16.994 35.537 16.163
259 3 1 36.203 17.047 35.537 16.216
260 3 1 36.203 17.121 35.537 16.290
261 3 1 36.182 17.195 35.516 16.364
262 3 1 36.182 17.280 35.516 16.449
263 3 1 36.182 17.322 35.516 16.491
264 3 1 36.192 17.354 35.527 16.523
265 3 1 36.192 17.375 35.527 16.544
266 3 1 36.192 17.396 35.527 16.565
267 3 1 36.203 17.427 35.537 16.597
268 3 1 36.203 17.459 35.537 16.628
269 3 1 36.203 17.491 35.537 16.660
270 3 1 36.203 17.544 35.537 16.713
271 3 1 36.203 17.607 35.537 16.776
272 3 1 36.182 17.692 35.516 16.861
273 3 1 36.182 17.766 35.516 16.935
274 3 1 36.193 17.830 35.527 16.999
275 3 1 36.193 17.861 35.527 17.030
276 3 1 36.203 17.883 35.537 17.051
277 3 1 36.214 17.914 35.548 17.083
278 3 1 36.214 17.957 35.548 17.125
279 3 1 36.225 18.020 35.559 17.189
280 3 1 36.214 18.094 35.548 17.263
281 3 1 36.204 18.137 35.538 17.305
282 3 1 36.193 18.137 35.527 17.305
283 3 1 36.193 18.147 35.527 17.316
284 3 1 36.193 18.179 35.527 17.348
285 3 1 36.193 18.232 35.527 17.401
286 3 1 36.204 18.295 35.538 17.464
287 3 1 36.204 18.327 35.538 17.496
288 3 1 36.214 18.359 35.548 17.528
289 3 1 36.214 18.412 35.548 17.581
290 3 1 36.225 18.475 35.559 17.644
291 3 1 36.214 18.560 35.548 17.729
292 3 1 36.204 18.634 35.538 17.803
293 3 1 36.193 18.666 35.527 17.835
294 3 1 36.193 18.698 35.527 17.867
295 3 1 36.204 18.730 35.538 17.898
296 3 1 36.225 18.740 35.559 17.909
297 3 1 36.225 18.761 35.559 17.930
298 3 1 36.236 18.772 35.569 17.940
299 3 1 36.257 18.772 35.591 17.940
300 3 1 36.289 18.771 35.622 17.940
301 3 1 36.320 18.782 35.654 17.950
302 3 1 36.352 18.792 35.686 17.961
303 3 1 36.352 18.803 35.686 17.971
304 3 1 36.352 18.834 35.686 18.003
305 3 1 36.352 18.866 35.686 18.035
306 3 1 36.373 18.908 35.707 18.077
307 3 1 36.405 18.940 35.739 18.108
308 3 1 36.437 18.971 35.770 18.140
309 3 1 36.458 18.971 35.792 18.140
310 3 1 36.479 18.971 35.813 18.140
311 3 1 36.500 18.971 35.834 18.140
312 3 1 36.511 18.981 35.844 18.150
313 3 1 36.511 18.981 35.844 18.150
314 3 1 36.500 19.013 35.834 18.182
315 3 1 36.500 19.024 35.834 18.192
316 3 1 36.500 19.034 35.834 18.203
317 3 1 36.511 19.034 35.844 18.203
318 3 1 36.532 19.045 35.866 18.213
319 3 1 36.563 19.045 35.897 18.213
320 3 1 36.585 19.055 35.918 18.224
321 3 1 36.616 19.065 35.950 18.234
322 3 1 36.627 19.065 35.961 18.234
323 3 1 36.627 19.076 35.961 18.244
324 3 1 36.637 19.076 35.971 18.244
325 3 1 36.648 19.086 35.982 18.255
326 3 1 36.659 19.097 35.992 18.265
327 3 1 36.669 19.107 36.003 18.276
328 3 1 36.669 19.118 36.003 18.286
329 3 1 36.669 19.128 36.003 18.297
330 3 1 36.669 19.128 36.003 18.297
331 3 1 36.669 19.139 36.003 18.308
332 3 1 36.659 19.150 35.992 18.318
333 3 1 36.659 19.160 35.992 18.329
334 3 1 36.648 19.182 35.982 18.350
335 3 1 36.648 19.203 35.982 18.371
336 3 1 36.638 19.213 35.971 18.382
337 3 1 36.648 19.224 35.982 18.393
338 3 1 36.659 19.224 35.992 18.392
339 3 1 36.659 19.224 35.992 18.392
340 3 1 36.648 19.224 35.982 18.393
341 3 1 36.638 19.245 35.971 18.414
342 3 1 36.627 19.267 35.961 18.435
343 3 1 36.627 19.277 35.961 18.446
344 3 1 36.638 19.277 35.971 18.446
345 3 1 36.648 19.266 35.982 18.435
346 3 1 36.648 19.266 35.982 18.435
347 3 1 36.648 19.266 35.982 18.435
348 3 1 36.648 19.288 35.982 18.456
349 3 1 36.648 19.298 35.982 18.467
350 3 1 36.648 19.319 35.982 18.488
351 3 1 36.638 19.330 35.971 18.499
352 3 1 36.627 19.341 35.961 18.509
353 3 1 36.638 19.341 35.971 18.509
354 3 1 36.648 19.341 35.982 18.509
355 3 1 36.659 19.351 35.993 18.520
356 3 1 36.659 19.362 35.993 18.530
357 3 1 36.648 19.372 35.982 18.541
358 3 1 36.648 19.383 35.982 18.551
359 3 1 36.659 19.362 35.993 18.530
360 3 1 36.680 19.351 36.014 18.519
361 3 1 36.701 19.340 36.035 18.509
362 3 1 36.701 19.340 36.035 18.509
363 3 1 36.691 19.351 36.024 18.519
364 3 1 36.648 19.394 35.982 18.562
5 4 1 37.260 18.488 36.509 17.658
6 4 1 37.281 18.435 36.530 17.605
7 4 1 37.302 18.371 36.551 17.541
8 4 1 37.323 18.318 36.573 17.488
9 4 1 37.333 18.255 36.583 17.425
10 4 1 37.322 18.234 36.572 17.404
11 4 1 37.322 18.202 36.572 17.372
12 4 1 37.322 18.181 36.572 17.351
13 4 1 37.322 18.181 36.572 17.351
14 4 1 37.312 18.170 36.562 17.340
15 4 1 37.333 18.170 36.583 17.340
16 4 1 37.343 18.149 36.593 17.319
17 4 1 37.343 18.085 36.593 17.255
18 4 1 37.343 18.001 36.593 17.171
19 4 1 37.333 17.895 36.583 17.065
20 4 1 37.332 17.800 36.583 16.970
21 4 1 37.353 17.715 36.604 16.885
22 4 1 37.385 17.651 36.635 16.822
23 4 1 37.406 17.588 36.656 16.758
24 4 1 37.416 17.556 36.667 16.726
25 4 1 37.427 17.524 36.677 16.694
26 4 1 37.427 17.514 36.677 16.684
27 4 1 37.427 17.482 36.677 16.652
28 4 1 37.437 17.429 36.688 16.599
29 4 1 37.448 17.376 36.698 16.546
30 4 1 37.448 17.334 36.698 16.504
31 4 1 37.469 17.302 36.719 16.472
32 4 1 37.479 17.270 36.730 16.441
33 4 1 37.479 17.238 36.730 16.409
34 4 1 37.500 17.175 36.751 16.345
35 4 1 37.500 17.080 36.751 16.250
36 4 1 37.500 16.974 36.750 16.145
37 4 1 37.510 16.889 36.761 16.060
38 4 1 37.510 16.837 36.761 16.007
39 4 1 37.500 16.816 36.750 15.986
40 4 1 37.489 16.784 36.740 15.955
41 4 1 37.478 16.752 36.729 15.923
42 4 1 37.468 16.721 36.719 15.891
43 4 1 37.478 16.689 36.729 15.860
44 4 1 37.478 16.647 36.729 15.817
45 4 1 37.468 16.594 36.718 15.765
46 4 1 37.468 16.541 36.718 15.712
47 4 1 37.467 16.478 36.718 15.649
48 4 1 37.457 16.457 36.708 15.628
49 4 1 37.467 16.446 36.718 15.617
50 4 1 37.467 16.404 36.718 15.575
51 4 1 37.478 16.330 36.729 15.501
52 4 1 37.478 16.245 36.729 15.416
53 4 1 37.467 16.151 36.718 15.321
54 4 1 37.456 16.087 36.707 15.258
55 4 1 37.456 16.056 36.707 15.227
56 4 1 37.467 16.034 36.718 15.205
57 4 1 37.488 16.003 36.739 15.174
58 4 1 37.498 15.971 36.749 15.142
59 4 1 37.498 15.960 36.749 15.131
60 4 1 37.498 15.929 36.749 15.100
61 4 1 37.477 15.897 36.728 15.068
62 4 1 37.477 15.844 36.728 15.015
63 4 1 37.466 15.760 36.717 14.931
64 4 1 37.456 15.686 36.707 14.857
65 4 1 37.445 15.623 36.696 14.794
66 4 1 37.413 15.560 36.665 14.731
67 4 1 37.392 15.497 36.643 14.668
68 4 1 37.403 15.412 36.654 14.584
69 4 1 37.403 15.328 36.654 14.499
70 4 1 37.403 15.275 36.654 14.447
71 4 1 37.402 15.254 36.654 14.425
72 4 1 37.392 15.233 36.643 14.404
73 4 1 37.371 15.212 36.622 14.383
74 4 1 37.360 15.170 36.612 14.341
75 4 1 37.339 15.107 36.590 14.278
76 4 1 37.318 15.044 36.569 14.215
77 4 1 37.286 15.002 36.538 14.173
78 4 1 37.265 14.939 36.516 14.110
79 4 1 37.244 14.907 36.495 14.078
80 4 1 37.233 14.865 36.485 14.036
81 4 1 37.223 14.802 36.474 13.973
82 4 1 37.191 14.739 36.443 13.910
83 4 1 37.149 14.676 36.400 13.847
84 4 1 37.117 14.592 36.369 13.763
85 4 1 37.075 14.550 36.326 13.721
86 4 1 37.054 14.518 36.305 13.690
87 4 1 37.054 14.486 36.305 13.658
88 4 1 37.033 14.466 36.284 13.637
89 4 1 37.033 14.423 36.284 13.595
90 4 1 37.022 14.392 36.274 13.563
91 4 1 37.033 14.339 36.284 13.511
92 4 1 37.033 14.286 36.284 13.458
93 4 1 37.043 14.234 36.295 13.405
94 4 1 37.022 14.192 36.274 13.363
95 4 1 37.001 14.160 36.252 13.332
96 4 1 36.990 14.139 36.242 13.311
97 4 1 36.969 14.097 36.221 13.269
98 4 1 36.959 14.066 36.210 13.237
99 4 1 36.948 14.023 36.200 13.195
100 4 1 36.948 13.981 36.200 13.153
101 4 1 36.959 13.939 36.210 13.111
102 4 1 36.959 13.939 36.210 13.111
103 4 1 36.969 13.918 36.221 13.090
104 4 1 36.980 13.886 36.231 13.058
105 4 1 36.990 13.855 36.242 13.026
106 4 1 37.001 13.813 36.252 12.984
107 4 1 37.011 13.781 36.263 12.953
108 4 1 37.032 13.760 36.284 12.931
109 4 1 37.095 13.707 36.347 12.879
110 4 1 37.179 13.633 36.431 12.805
111 4 1 37.263 13.559 36.515 12.730
112 4 1 37.316 13.506 36.568 12.678
113 4 1 37.358 13.463 36.610 12.635
114 4 1 37.379 13.442 36.631 12.614
115 4 1 37.379 13.390 36.631 12.562
116 4 1 37.389 13.358 36.641 12.530
117 4 1 37.410 13.326 36.662 12.498
118 4 1 37.442 13.273 36.694 12.446
119 4 1 37.473 13.210 36.725 12.382
120 4 1 37.505 13.147 36.757 12.319
121 4 1 37.525 13.084 36.778 12.256
122 4 1 37.536 13.052 36.788 12.224
123 4 1 37.557 13.031 36.809 12.203
124 4 1 37.567 12.989 36.820 12.161
125 4 1 37.578 12.957 36.830 12.130
126 4 1 37.578 12.926 36.830 12.098
127 4 1 37.557 12.873 36.809 12.046
128 4 1 37.557 12.810 36.809 11.983
129 4 1 37.546 12.737 36.798 11.909
130 4 1 37.535 12.663 36.788 11.836
131 4 1 37.546 12.600 36.798 11.772
132 4 1 37.546 12.547 36.798 11.720
133 4 1 37.546 12.484 36.798 11.657
134 4 1 37.556 12.421 36.809 11.594
135 4 1 37.556 12.369 36.808 11.541
136 4 1 37.545 12.337 36.798 11.510
137 4 1 37.566 12.305 36.819 11.478
138 4 1 37.577 12.274 36.829 11.447
139 4 1 37.587 12.232 36.840 11.405
140 4 1 37.598 12.190 36.850 11.362
141 4 1 37.598 12.148 36.850 11.320
142 4 1 37.608 12.106 36.861 11.278
143 4 1 37.597 12.053 36.850 11.226
144 4 1 37.608 11.990 36.861 11.163
145 4 1 37.618 11.927 36.871 11.100
146 4 1 37.639 11.853 36.892 11.026
147 4 1 37.650 11.769 36.902 10.942
148 4 1 37.660 11.696 36.913 10.869
149 4 1 37.649 11.622 36.902 10.795
150 4 1 37.639 11.559 36.892 10.732
151 4 1 37.618 11.528 36.871 10.701
152 4 1 37.597 11.486 36.850 10.659
153 4 1 37.607 11.444 36.860 10.617
154 4 1 37.607 11.412 36.860 10.585
155 4 1 37.596 11.381 36.849 10.554
156 4 1 37.596 11.328 36.849 10.502
157 4 1 37.575 11.266 36.828 10.439
158 4 1 37.565 11.213 36.818 10.386
159 4 1 37.554 11.161 36.807 10.334
160 4 1 37.533 11.108 36.786 10.281
161 4 1 37.501 11.066 36.754 10.240
162 4 1 37.480 11.003 36.733 10.177
163 4 1 37.459 10.909 36.712 10.082
164 4 1 37.470 10.836 36.723 10.009
165 4 1 37.469 10.773 36.723 9.946
166 4 1 37.469 10.731 36.723 9.904
167 4 1 37.459 10.720 36.712 9.893
168 4 1 37.459 10.699 36.712 9.872
169 4 1 37.448 10.678 36.701 9.852
170 4 1 37.459 10.636 36.712 9.810
171 4 1 37.448 10.594 36.701 9.768
172 4 1 37.448 10.531 36.701 9.705
173 4 1 37.448 10.447 36.701 9.621
174 4 1 37.437 10.374 36.691 9.547
175 4 1 37.437 10.290 36.691 9.464
176 4 1 37.416 10.185 36.669 9.359
177 4 1 37.416 10.070 36.669 9.244
178 4 1 37.416 9.976 36.669 9.149
179 4 1 37.426 9.902 36.680 9.076
180 4 1 37.426 9.871 36.680 9.044
181 4 1 37.437 9.860 36.690 9.034
182 4 1 37.437 9.829 36.690 9.002
183 4 1 37.447 9.787 36.701 8.961
184 4 1 37.468 9.734 36.721 8.908
185 4 1 37.468 9.682 36.721 8.856
186 4 1 37.468 9.651 36.721 8.824
187 4 1 37.457 9.630 36.711 8.803
188 4 1 37.447 9.588 36.700 8.762
189 4 1 37.447 9.535 36.700 8.709
190 4 1 37.426 9.483 36.679 8.657
191 4 1 37.425 9.420 36.679 8.594
192 4 1 37.436 9.357 36.690 8.531
193 4 1 37.436 9.284 36.690 8.458
194 4 1 37.446 9.211 36.700 8.384
195 4 1 37.446 9.137 36.700 8.311
196 4 1 37.425 9.085 36.679 8.259
197 4 1 37.414 9.043 36.668 8.217
198 4 1 37.404 9.012 36.658 8.186
199 4 1 37.393 8.991 36.647 8.165
200 4 1 37.404 8.980 36.658 8.154
201 4 1 37.404 8.980 36.658 8.154
202 4 1 37.414 8.970 36.668 8.144
203 4 1 37.435 8.928 36.689 8.102
204 4 1 37.456 8.855 36.710 8.029
0 4 1 37.239 18.742 36.488 17.912
1 4 1 37.239 18.689 36.488 17.859
2 4 1 37.249 18.636 36.499 17.806
3 4 1 37.249 18.583 36.499 17.753
4 4 1 37.249 18.541 36.499 17.711
205 4 1 37.466 8.760 36.720 7.934
206 4 1 37.456 8.677 36.710 7.851
207 4 1 37.445 8.603 36.699 7.777
208 4 1 37.435 8.540 36.689 7.715
209 4 1 37.435 8.467 36.689 7.641
210 4 1 37.445 8.404 36.699 7.579
211 4 1 37.445 8.352 36.699 7.526
212 4 1 37.455 8.310 36.709 7.484
213 4 1 37.455 8.258 36.709 7.432
214 4 1 37.455 8.206 36.709 7.380
215 4 1 37.455 8.153 36.709 7.328
216 4 1 37.455 8.122 36.709 7.296
217 4 1 37.444 8.101 36.699 7.275
218 4 1 37.444 8.080 36.699 7.254
219 4 1 37.434 8.070 36.688 7.244
220 4 1 37.413 8.038 36.667 7.213
221 4 1 37.392 7.986 36.646 7.160
222 4 1 37.392 7.902 36.646 7.077
223 4 1 37.381 7.808 36.635 6.983
224 4 1 37.381 7.724 36.635 6.899
225 4 1 37.370 7.683 36.625 6.857
226 4 1 37.370 7.662 36.625 6.836
227 4 1 37.360 7.641 36.614 6.815
228 4 1 37.370 7.609 36.625 6.784
229 4 1 37.381 7.568 36.635 6.742
230 4 1 37.370 7.505 36.625 6.679
231 4 1 37.339 7.453 36.593 6.627
232 4 1 37.318 7.432 36.572 6.606
233 4 1 37.297 7.411 36.551 6.585
234 4 1 37.297 7.390 36.551 6.565
235 4 1 37.328 7.348 36.583 6.523
236 4 1 37.359 7.306 36.614 6.481
237 4 1 37.359 7.254 36.614 6.429
238 4 1 37.359 7.191 36.614 6.366
239 4 1 37.349 7.118 36.603 6.293
240 4 1 37.338 7.014 36.593 6.188
241 4 1 37.348 6.909 36.603 6.084
242 4 1 37.359 6.846 36.614 6.021
243 4 1 37.359 6.805 36.613 5.980
244 4 1 37.348 6.773 36.603 5.948
245 4 1 37.338 6.742 36.592 5.917
246 4 1 37.338 6.679 36.592 5.854
247 4 1 37.348 6.627 36.603 5.802
248 4 1 37.369 6.585 36.624 5.760
249 4 1 37.369 6.554 36.624 5.729
250 4 1 37.358 6.523 36.613 5.698
251 4 1 37.358 6.491 36.613 5.666
252 4 1 37.369 6.450 36.624 5.625
253 4 1 37.369 6.418 36.624 5.593
254 4 1 37.348 6.397 36.603 5.572
255 4 1 37.337 6.345 36.592 5.520
256 4 1 37.316 6.282 36.571 5.458
257 4 1 37.295 6.188 36.550 5.364
258 4 1 37.274 6.095 36.529 5.270
259 4 1 37.274 6.021 36.529 5.197
260 4 1 37.263 5.980 36.518 5.155
261 4 1 37.263 5.959 36.518 5.134
262 4 1 37.274 5.948 36.529 5.124
263 4 1 37.274 5.928 36.529 5.103
264 4 1 37.274 5.907 36.529 5.082
265 4 1 37.274 5.875 36.529 5.051
266 4 1 37.295 5.844 36.550 5.019
267 4 1 37.315 5.802 36.571 4.978
268 4 1 37.347 5.740 36.602 4.915
269 4 1 37.378 5.677 36.633 4.852
270 4 1 37.388 5.625 36.644 4.800
271 4 1 37.388 5.562 36.644 4.738
272 4 1 37.388 5.500 36.644 4.675
273 4 1 37.378 5.416 36.633 4.592
274 4 1 37.388 5.333 36.643 4.508
275 4 1 37.388 5.249 36.643 4.425
276 4 1 37.398 5.197 36.654 4.373
277 4 1 37.398 5.166 36.654 4.342
278 4 1 37.409 5.135 36.664 4.310
279 4 1 37.398 5.093 36.654 4.269
280 4 1 37.398 5.062 36.654 4.237
281 4 1 37.409 5.041 36.664 4.217
282 4 1 37.419 5.030 36.675 4.206
283 4 1 37.398 4.999 36.654 4.175
284 4 1 37.387 4.957 36.643 4.133
285 4 1 37.377 4.916 36.632 4.091
286 4 1 37.356 4.843 36.611 4.018
287 4 1 37.345 4.780 36.601 3.956
288 4 1 37.345 4.718 36.601 3.893
289 4 1 37.335 4.655 36.590 3.831
290 4 1 37.335 4.603 36.590 3.779
291 4 1 37.335 4.540 36.590 3.716
292 4 1 37.324 4.488 36.580 3.664
293 4 1 37.313 4.436 36.569 3.612
294 4 1 37.313 4.415 36.569 3.591
295 4 1 37.292 4.395 36.548 3.570
296 4 1 37.292 4.363 36.548 3.539
297 4 1 37.303 4.332 36.559 3.508
298 4 1 37.324 4.290 36.579 3.466
299 4 1 37.324 4.259 36.579 3.435
300 4 1 37.313 4.238 36.569 3.414
301 4 1 37.292 4.207 36.548 3.383
302 4 1 37.271 4.176 36.527 3.352
303 4 1 37.271 4.124 36.527 3.300
304 4 1 37.271 4.040 36.527 3.216
305 4 1 37.271 3.957 36.527 3.133
306 4 1 37.281 3.884 36.537 3.060
307 4 1 37.260 3.822 36.516 2.998
308 4 1 37.239 3.780 36.495 2.956
309 4 1 37.218 3.749 36.474 2.925
310 4 1 37.208 3.717 36.464 2.893
311 4 1 37.208 3.676 36.464 2.852
312 4 1 37.229 3.624 36.485 2.800
313 4 1 37.229 3.572 36.485 2.748
314 4 1 37.218 3.530 36.474 2.706
315 4 1 37.208 3.520 36.464 2.696
316 4 1 37.208 3.499 36.464 2.675
317 4 1 37.197 3.467 36.453 2.644
318 4 1 37.186 3.426 36.443 2.602
319 4 1 37.176 3.374 36.432 2.550
320 4 1 37.155 3.332 36.411 2.508
321 4 1 37.144 3.301 36.401 2.477
322 4 1 37.134 3.249 36.390 2.425
323 4 1 37.144 3.176 36.400 2.352
324 4 1 37.144 3.114 36.400 2.290
325 4 1 37.144 3.051 36.400 2.227
326 4 1 37.123 3.020 36.379 2.196
327 4 1 37.102 2.989 36.358 2.165
328 4 1 37.092 2.978 36.348 2.154
329 4 1 37.102 2.947 36.358 2.123
330 4 1 37.102 2.937 36.358 2.113
331 4 1 37.092 2.926 36.348 2.102
332 4 1 37.071 2.916 36.327 2.092
333 4 1 37.050 2.895 36.306 2.071
334 4 1 37.029 2.864 36.285 2.040
335 4 1 37.029 2.791 36.285 1.967
336 4 1 37.039 2.728 36.295 1.905
337 4 1 37.050 2.666 36.306 1.842
338 4 1 37.049 2.614 36.306 1.790
339 4 1 37.049 2.562 36.306 1.738
340 4 1 37.049 2.510 36.306 1.686
341 4 1 37.049 2.448 36.306 1.624
342 4 1 37.060 2.396 36.316 1.572
343 4 1 37.060 2.364 36.316 1.541
344 4 1 37.070 2.344 36.326 1.520
345 4 1 37.070 2.333 36.326 1.510
346 4 1 37.091 2.312 36.347 1.489
347 4 1 37.101 2.281 36.358 1.458
348 4 1 37.112 2.261 36.368 1.437
349 4 1 37.112 2.240 36.368 1.416
350 4 1 37.122 2.209 36.379 1.385
351 4 1 37.122 2.177 36.379 1.354
352 4 1 37.133 2.157 36.389 1.333
353 4 1 37.132 2.136 36.389 1.313
354 4 1 37.132 2.136 36.389 1.313
355 4 1 37.132 2.146 36.389 1.323
356 4 1 37.132 2.146 36.389 1.323
357 4 1 37.143 2.136 36.400 1.313
358 4 1 37.143 2.136 36.400 1.313
359 4 1 37.153 2.126 36.410 1.302
360 4 1 37.164 2.115 36.420 1.292
361 4 1 37.153 2.115 36.410 1.292
362 4 1 37.143 2.115 36.399 1.292
363 4 1 37.143 2.115 36.399 1.292
364 4 1 37.153 2.105 36.410 1.282
5 5 1 34.755 21.152 33.939 20.373
6 5 1 34.755 21.120 33.939 20.342
7 5 1 34.766 21.099 33.949 20.320
8 5 1 34.766 21.088 33.949 20.310
9 5 1 34.776 21.056 33.960 20.278
10 5 1 34.798 20.992 33.981 20.214
11 5 1 34.819 20.928 34.003 20.150
12 5 1 34.819 20.865 34.003 20.086
13 5 1 34.829 20.811 34.013 20.033
14 5 1 34.829 20.790 34.013 20.011
15 5 1 34.829 20.769 34.013 19.990
16 5 1 34.840 20.748 34.024 19.969
17 5 1 34.861 20.705 34.045 19.926
18 5 1 34.872 20.662 34.056 19.884
19 5 1 34.882 20.609 34.066 19.830
20 5 1 34.893 20.566 34.077 19.788
21 5 1 34.903 20.534 34.088 19.756
22 5 1 34.914 20.492 34.098 19.713
23 5 1 34.935 20.438 34.119 19.660
24 5 1 34.935 20.407 34.119 19.628
25 5 1 34.914 20.375 34.098 19.596
26 5 1 34.903 20.301 34.088 19.522
27 5 1 34.903 20.237 34.088 19.458
28 5 1 34.914 20.131 34.098 19.352
29 5 1 34.946 20.045 34.130 19.267
30 5 1 34.946 19.982 34.130 19.203
31 5 1 34.935 19.939 34.120 19.161
32 5 1 34.935 19.918 34.120 19.140
33 5 1 34.946 19.918 34.130 19.140
34 5 1 34.967 19.918 34.151 19.139
35 5 1 34.978 19.896 34.162 19.118
36 5 1 34.967 19.843 34.151 19.065
37 5 1 34.956 19.759 34.141 18.980
38 5 1 34.946 19.716 34.130 18.938
39 5 1 34.935 19.663 34.120 18.885
40 5 1 34.946 19.631 34.130 18.853
41 5 1 34.967 19.589 34.151 18.810
42 5 1 34.967 19.546 34.152 18.768
43 5 1 34.988 19.493 34.173 18.715
44 5 1 34.988 19.451 34.173 18.672
45 5 1 34.999 19.376 34.183 18.598
46 5 1 35.009 19.312 34.194 18.534
47 5 1 35.009 19.238 34.194 18.460
48 5 1 34.988 19.196 34.173 18.418
49 5 1 34.988 19.164 34.173 18.386
50 5 1 34.988 19.122 34.173 18.343
51 5 1 34.999 19.079 34.183 18.301
52 5 1 35.009 19.037 34.194 18.258
53 5 1 35.020 18.994 34.205 18.216
54 5 1 35.030 18.952 34.215 18.173
55 5 1 35.030 18.898 34.215 18.120
56 5 1 35.030 18.835 34.215 18.057
57 5 1 35.030 18.761 34.215 17.983
58 5 1 35.041 18.697 34.226 17.919
59 5 1 35.051 18.633 34.237 17.855
60 5 1 35.062 18.570 34.247 17.792
61 5 1 35.073 18.506 34.258 17.728
62 5 1 35.094 18.431 34.279 17.654
63 5 1 35.104 18.357 34.290 17.579
64 5 1 35.125 18.304 34.311 17.526
65 5 1 35.125 18.272 34.311 17.494
66 5 1 35.115 18.262 34.300 17.484
67 5 1 35.104 18.230 34.290 17.452
68 5 1 35.094 18.198 34.279 17.421
69 5 1 35.073 18.135 34.258 17.357
70 5 1 35.062 18.071 34.247 17.294
71 5 1 35.073 18.018 34.258 17.241
72 5 1 35.073 17.976 34.258 17.198
73 5 1 35.083 17.944 34.268 17.166
74 5 1 35.104 17.902 34.290 17.124
75 5 1 35.094 17.838 34.279 17.060
76 5 1 35.073 17.775 34.258 16.997
77 5 1 35.062 17.732 34.247 16.955
78 5 1 35.030 17.659 34.216 16.881
79 5 1 35.009 17.606 34.195 16.828
80 5 1 35.020 17.553 34.205 16.775
81 5 1 35.020 17.510 34.205 16.733
82 5 1 35.041 17.478 34.226 16.701
83 5 1 35.062 17.447 34.247 16.669
84 5 1 35.094 17.393 34.279 16.616
85 5 1 35.104 17.330 34.290 16.552
86 5 1 35.104 17.287 34.290 16.510
87 5 1 35.115 17.224 34.300 16.446
88 5 1 35.115 17.150 34.300 16.372
89 5 1 35.125 17.065 34.311 16.288
90 5 1 35.125 16.991 34.311 16.214
91 5 1 35.136 16.906 34.322 16.129
92 5 1 35.146 16.853 34.332 16.076
93 5 1 35.167 16.800 34.353 16.023
94 5 1 35.199 16.747 34.385 15.970
95 5 1 35.231 16.683 34.417 15.906
96 5 1 35.241 16.652 34.427 15.874
97 5 1 35.252 16.620 34.438 15.843
98 5 1 35.252 16.609 34.438 15.832
99 5 1 35.241 16.588 34.427 15.811
100 5 1 35.220 16.525 34.406 15.748
101 5 1 35.199 16.461 34.385 15.684
102 5 1 35.178 16.409 34.364 15.632
103 5 1 35.167 16.345 34.354 15.568
104 5 1 35.167 16.292 34.354 15.515
105 5 1 35.167 16.229 34.354 15.452
106 5 1 35.167 16.155 34.354 15.378
107 5 1 35.167 16.081 34.354 15.304
108 5 1 35.157 16.028 34.343 15.251
109 5 1 35.167 15.965 34.354 15.188
110 5 1 35.178 15.912 34.364 15.135
111 5 1 35.199 15.869 34.385 15.093
112 5 1 35.210 15.848 34.396 15.071
113 5 1 35.210 15.817 34.396 15.040
114 5 1 35.210 15.785 34.396 15.008
115 5 1 35.210 15.753 34.396 14.976
116 5 1 35.199 15.722 34.385 14.945
117 5 1 35.199 15.669 34.385 14.892
118 5 1 35.209 15.626 34.396 14.849
119 5 1 35.220 15.573 34.407 14.797
120 5 1 35.220 15.500 34.407 14.723
121 5 1 35.241 15.425 34.428 14.649
122 5 1 35.241 15.362 34.428 14.585
123 5 1 35.241 15.278 34.428 14.501
124 5 1 35.241 15.193 34.428 14.416
125 5 1 35.230 15.119 34.417 14.343
126 5 1 35.230 15.056 34.417 14.279
127 5 1 35.241 15.003 34.428 14.226
128 5 1 35.241 14.982 34.428 14.205
129 5 1 35.241 14.961 34.428 14.184
130 5 1 35.230 14.950 34.417 14.174
131 5 1 35.220 14.929 34.407 14.153
132 5 1 35.230 14.887 34.417 14.110
133 5 1 35.241 14.834 34.428 14.058
134 5 1 35.251 14.771 34.438 13.994
135 5 1 35.251 14.707 34.438 13.931
136 5 1 35.241 14.644 34.428 13.868
137 5 1 35.241 14.581 34.428 13.804
138 5 1 35.230 14.518 34.417 13.741
139 5 1 35.199 14.476 34.386 13.699
140 5 1 35.199 14.423 34.386 13.646
141 5 1 35.209 14.370 34.396 13.593
142 5 1 35.220 14.317 34.407 13.541
143 5 1 35.241 14.254 34.428 13.477
144 5 1 35.251 14.222 34.439 13.446
145 5 1 35.241 14.201 34.428 13.425
146 5 1 35.262 14.148 34.449 13.372
147 5 1 35.272 14.074 34.460 13.298
148 5 1 35.304 14.000 34.491 13.224
149 5 1 35.304 13.958 34.491 13.182
150 5 1 35.293 13.958 34.481 13.182
151 5 1 35.262 13.958 34.449 13.182
152 5 1 35.251 13.916 34.439 13.140
153 5 1 35.241 13.853 34.428 13.077
154 5 1 35.251 13.769 34.439 12.992
155 5 1 35.251 13.695 34.439 12.919
156 5 1 35.241 13.632 34.428 12.855
157 5 1 35.230 13.558 34.418 12.782
158 5 1 35.219 13.463 34.407 12.687
159 5 1 35.230 13.389 34.418 12.613
160 5 1 35.251 13.347 34.439 12.571
161 5 1 35.272 13.315 34.460 12.539
162 5 1 35.272 13.315 34.460 12.539
163 5 1 35.283 13.315 34.470 12.539
164 5 1 35.272 13.315 34.460 12.539
165 5 1 35.272 13.294 34.460 12.518
166 5 1 35.283 13.241 34.470 12.465
167 5 1 35.283 13.178 34.470 12.402
168 5 1 35.283 13.083 34.470 12.307
169 5 1 35.272 13.010 34.460 12.234
170 5 1 35.251 12.925 34.439 12.149
171 5 1 35.230 12.862 34.418 12.086
172 5 1 35.219 12.810 34.407 12.034
173 5 1 35.230 12.747 34.418 11.971
174 5 1 35.261 12.652 34.449 11.876
175 5 1 35.283 12.567 34.470 11.791
176 5 1 35.293 12.494 34.481 11.718
177 5 1 35.283 12.462 34.470 11.686
178 5 1 35.272 12.462 34.460 11.686
179 5 1 35.240 12.462 34.428 11.686
180 5 1 35.230 12.452 34.418 11.676
181 5 1 35.230 12.441 34.418 11.665
182 5 1 35.251 12.378 34.439 11.602
183 5 1 35.261 12.315 34.449 11.539
184 5 1 35.282 12.230 34.471 11.455
185 5 1 35.304 12.157 34.492 11.381
186 5 1 35.335 12.083 34.523 11.307
187 5 1 35.356 12.041 34.544 11.265
188 5 1 35.377 11.988 34.565 11.212
189 5 1 35.377 11.946 34.565 11.170
190 5 1 35.388 11.883 34.576 11.107
191 5 1 35.398 11.820 34.587 11.044
192 5 1 35.409 11.777 34.597 11.002
193 5 1 35.419 11.725 34.608 10.949
194 5 1 35.430 11.693 34.618 10.918
195 5 1 35.430 11.683 34.618 10.907
196 5 1 35.419 11.651 34.608 10.876
197 5 1 35.398 11.620 34.587 10.844
198 5 1 35.388 11.609 34.576 10.834
199 5 1 35.409 11.578 34.597 10.802
200 5 1 35.409 11.525 34.597 10.750
201 5 1 35.430 11.472 34.618 10.697
202 5 1 35.440 11.378 34.629 10.602
203 5 1 35.440 11.283 34.629 10.508
204 5 1 35.451 11.210 34.639 10.434
0 5 1 34.713 21.270 33.896 20.491
1 5 1 34.713 21.270 33.896 20.491
2 5 1 34.713 21.248 33.896 20.469
3 5 1 34.713 21.217 33.896 20.438
4 5 1 34.734 21.174 33.918 20.395
205 5 1 35.451 11.167 34.639 10.392
206 5 1 35.440 11.115 34.629 10.340
207 5 1 35.440 11.094 34.629 10.319
208 5 1 35.451 11.052 34.639 10.277
209 5 1 35.461 11.010 34.650 10.235
210 5 1 35.461 10.989 34.650 10.213
211 5 1 35.451 10.968 34.639 10.193
212 5 1 35.451 10.947 34.639 10.171
213 5 1 35.461 10.926 34.650 10.150
214 5 1 35.472 10.884 34.660 10.108
215 5 1 35.472 10.831 34.660 10.056
216 5 1 35.472 10.779 34.660 10.003
217 5 1 35.493 10.736 34.682 9.961
218 5 1 35.503 10.684 34.692 9.909
219 5 1 35.514 10.631 34.703 9.856
220 5 1 35.514 10.537 34.703 9.762
221 5 1 35.535 10.432 34.724 9.657
222 5 1 35.535 10.337 34.724 9.562
223 5 1 35.566 10.274 34.755 9.499
224 5 1 35.577 10.253 34.766 9.478
225 5 1 35.566 10.243 34.755 9.468
226 5 1 35.545 10.222 34.734 9.447
227 5 1 35.524 10.222 34.713 9.447
228 5 1 35.513 10.190 34.703 9.415
229 5 1 35.524 10.148 34.713 9.373
230 5 1 35.534 10.106 34.724 9.331
231 5 1 35.556 10.064 34.745 9.289
232 5 1 35.566 10.033 34.755 9.258
233 5 1 35.566 9.980 34.755 9.205
234 5 1 35.576 9.938 34.766 9.163
235 5 1 35.566 9.875 34.755 9.100
236 5 1 35.545 9.802 34.734 9.027
237 5 1 35.534 9.728 34.724 8.954
238 5 1 35.524 9.634 34.713 8.859
239 5 1 35.545 9.550 34.734 8.775
240 5 1 35.566 9.497 34.755 8.723
241 5 1 35.587 9.466 34.776 8.691
242 5 1 35.608 9.445 34.797 8.670
243 5 1 35.618 9.424 34.808 8.649
244 5 1 35.629 9.403 34.818 8.628
245 5 1 35.629 9.382 34.818 8.607
246 5 1 35.629 9.361 34.818 8.586
247 5 1 35.639 9.361 34.829 8.586
248 5 1 35.671 9.340 34.861 8.565
249 5 1 35.692 9.298 34.882 8.523
250 5 1 35.713 9.235 34.903 8.460
251 5 1 35.734 9.140 34.924 8.366
252 5 1 35.723 9.067 34.913 8.293
253 5 1 35.713 8.994 34.903 8.219
254 5 1 35.744 8.920 34.934 8.146
255 5 1 35.744 8.847 34.934 8.073
256 5 1 35.765 8.774 34.955 7.999
257 5 1 35.776 8.700 34.966 7.926
258 5 1 35.776 8.648 34.966 7.873
259 5 1 35.776 8.627 34.966 7.852
260 5 1 35.797 8.595 34.987 7.821
261 5 1 35.828 8.574 35.018 7.800
262 5 1 35.849 8.543 35.039 7.769
263 5 1 35.870 8.532 35.060 7.758
264 5 1 35.870 8.532 35.060 7.758
265 5 1 35.849 8.522 35.039 7.748
266 5 1 35.849 8.501 35.039 7.727
267 5 1 35.849 8.449 35.039 7.674
268 5 1 35.849 8.375 35.039 7.601
269 5 1 35.860 8.291 35.050 7.517
270 5 1 35.881 8.208 35.071 7.433
271 5 1 35.880 8.124 35.071 7.350
272 5 1 35.891 8.050 35.081 7.276
273 5 1 35.891 7.988 35.081 7.214
274 5 1 35.870 7.946 35.060 7.172
275 5 1 35.870 7.904 35.060 7.130
276 5 1 35.870 7.883 35.060 7.109
277 5 1 35.880 7.841 35.071 7.067
278 5 1 35.880 7.799 35.071 7.025
279 5 1 35.891 7.736 35.081 6.962
280 5 1 35.891 7.705 35.081 6.931
281 5 1 35.901 7.674 35.092 6.900
282 5 1 35.912 7.653 35.102 6.879
283 5 1 35.933 7.611 35.123 6.837
284 5 1 35.964 7.569 35.155 6.795
285 5 1 36.006 7.527 35.197 6.753
286 5 1 36.017 7.464 35.207 6.690
287 5 1 36.027 7.391 35.218 6.617
288 5 1 36.027 7.328 35.218 6.554
289 5 1 36.027 7.265 35.218 6.492
290 5 1 36.037 7.223 35.228 6.450
291 5 1 36.048 7.203 35.239 6.429
292 5 1 36.058 7.171 35.249 6.397
293 5 1 36.079 7.129 35.270 6.356
294 5 1 36.090 7.087 35.281 6.314
295 5 1 36.100 7.056 35.291 6.282
296 5 1 36.100 7.025 35.291 6.251
297 5 1 36.111 7.004 35.302 6.230
298 5 1 36.100 6.983 35.291 6.209
299 5 1 36.100 6.941 35.291 6.167
300 5 1 36.090 6.878 35.281 6.105
301 5 1 36.090 6.836 35.281 6.063
302 5 1 36.090 6.795 35.281 6.021
303 5 1 36.079 6.742 35.270 5.969
304 5 1 36.079 6.690 35.270 5.917
305 5 1 36.079 6.606 35.270 5.833
306 5 1 36.079 6.512 35.270 5.739
307 5 1 36.068 6.450 35.260 5.676
308 5 1 36.058 6.397 35.249 5.624
309 5 1 36.047 6.366 35.239 5.593
310 5 1 36.037 6.356 35.228 5.582
311 5 1 36.047 6.335 35.239 5.561
312 5 1 36.047 6.335 35.239 5.561
313 5 1 36.058 6.303 35.249 5.530
314 5 1 36.058 6.272 35.249 5.499
315 5 1 36.068 6.230 35.260 5.457
316 5 1 36.079 6.178 35.270 5.405
317 5 1 36.079 6.115 35.270 5.342
318 5 1 36.089 6.053 35.280 5.279
319 5 1 36.089 6.000 35.280 5.227
320 5 1 36.089 5.959 35.280 5.185
321 5 1 36.089 5.906 35.280 5.133
322 5 1 36.099 5.854 35.291 5.081
323 5 1 36.099 5.791 35.291 5.018
324 5 1 36.099 5.729 35.291 4.956
325 5 1 36.099 5.697 35.291 4.924
326 5 1 36.099 5.666 35.291 4.893
327 5 1 36.099 5.635 35.291 4.862
328 5 1 36.099 5.593 35.291 4.820
329 5 1 36.089 5.551 35.280 4.778
330 5 1 36.078 5.530 35.270 4.757
331 5 1 36.078 5.520 35.270 4.747
332 5 1 36.078 5.509 35.270 4.736
333 5 1 36.078 5.499 35.270 4.726
334 5 1 36.078 5.478 35.270 4.705
335 5 1 36.078 5.457 35.270 4.684
336 5 1 36.068 5.405 35.259 4.632
337 5 1 36.036 5.332 35.228 4.559
338 5 1 36.005 5.238 35.196 4.465
339 5 1 35.984 5.144 35.175 4.371
340 5 1 35.963 5.061 35.154 4.287
341 5 1 35.941 5.008 35.133 4.235
342 5 1 35.910 4.967 35.102 4.193
343 5 1 35.879 4.946 35.070 4.173
344 5 1 35.847 4.925 35.039 4.152
345 5 1 35.837 4.925 35.028 4.152
346 5 1 35.826 4.904 35.018 4.131
347 5 1 35.805 4.883 34.997 4.110
348 5 1 35.795 4.872 34.986 4.099
349 5 1 35.774 4.852 34.965 4.078
350 5 1 35.774 4.841 34.965 4.068
351 5 1 35.763 4.820 34.955 4.047
352 5 1 35.774 4.789 34.965 4.016
353 5 1 35.774 4.737 34.965 3.964
354 5 1 35.752 4.685 34.944 3.912
355 5 1 35.732 4.653 34.923 3.880
356 5 1 35.711 4.612 34.902 3.838
357 5 1 35.689 4.559 34.881 3.786
358 5 1 35.668 4.476 34.860 3.703
359 5 1 35.658 4.392 34.850 3.619
360 5 1 35.658 4.330 34.850 3.557
361 5 1 35.668 4.288 34.860 3.515
362 5 1 35.668 4.267 34.860 3.494
363 5 1 35.658 4.246 34.850 3.473
364 5 1 35.616 4.205 34.808 3.432
5 7 2 37.710 3.978 37.007 2.323
6 7 2 37.721 4.051 37.018 2.395
7 7 2 37.742 4.114 37.039 2.458
8 7 2 37.763 4.166 37.060 2.510
9 7 2 37.784 4.218 37.081 2.562
10 7 2 37.774 4.249 37.070 2.593
11 7 2 37.763 4.270 37.060 2.614
12 7 2 37.732 4.291 37.029 2.635
13 7 2 37.721 4.322 37.018 2.666
14 7 2 37.701 4.374 36.997 2.718
15 7 2 37.722 4.458 37.018 2.801
16 7 2 37.743 4.541 37.039 2.884
17 7 2 37.753 4.614 37.050 2.957
18 7 2 37.753 4.666 37.050 3.009
19 7 2 37.743 4.708 37.040 3.051
20 7 2 37.712 4.749 37.008 3.092
21 7 2 37.701 4.801 36.998 3.144
22 7 2 37.691 4.853 36.987 3.196
23 7 2 37.701 4.926 36.998 3.269
24 7 2 37.712 4.989 37.009 3.332
25 7 2 37.723 5.041 37.019 3.384
26 7 2 37.723 5.093 37.019 3.436
27 7 2 37.733 5.166 37.030 3.509
28 7 2 37.733 5.229 37.030 3.571
29 7 2 37.754 5.302 37.051 3.644
30 7 2 37.765 5.385 37.061 3.728
31 7 2 37.765 5.458 37.061 3.800
32 7 2 37.744 5.531 37.041 3.873
33 7 2 37.723 5.615 37.020 3.957
34 7 2 37.703 5.698 36.999 4.040
35 7 2 37.713 5.771 37.009 4.113
36 7 2 37.734 5.855 37.031 4.196
37 7 2 37.724 5.917 37.020 4.259
38 7 2 37.724 5.980 37.020 4.321
39 7 2 37.724 6.063 37.020 4.405
40 7 2 37.735 6.147 37.031 4.488
41 7 2 37.766 6.241 37.062 4.582
42 7 2 37.777 6.335 37.073 4.676
43 7 2 37.777 6.408 37.073 4.749
44 7 2 37.767 6.491 37.063 4.832
45 7 2 37.767 6.596 37.063 4.936
46 7 2 37.767 6.679 37.063 5.020
47 7 2 37.757 6.742 37.053 5.082
48 7 2 37.746 6.815 37.042 5.155
49 7 2 37.736 6.888 37.032 5.228
50 7 2 37.715 6.972 37.011 5.312
51 7 2 37.715 7.055 37.011 5.395
52 7 2 37.726 7.128 37.022 5.468
53 7 2 37.716 7.191 37.011 5.531
54 7 2 37.726 7.264 37.022 5.604
55 7 2 37.726 7.348 37.022 5.687
56 7 2 37.737 7.452 37.033 5.792
57 7 2 37.748 7.546 37.043 5.886
58 7 2 37.748 7.640 37.043 5.980
59 7 2 37.727 7.714 37.022 6.053
60 7 2 37.696 7.808 36.991 6.147
61 7 2 37.664 7.902 36.960 6.241
62 7 2 37.644 8.007 36.939 6.345
63 7 2 37.633 8.101 36.929 6.439
64 7 2 37.602 8.195 36.897 6.533
65 7 2 37.602 8.289 36.897 6.627
66 7 2 37.602 8.383 36.897 6.721
67 7 2 37.613 8.467 36.908 6.805
68 7 2 37.613 8.540 36.908 6.878
69 7 2 37.613 8.613 36.908 6.951
70 7 2 37.582 8.687 36.877 7.024
71 7 2 37.561 8.781 36.856 7.118
72 7 2 37.530 8.875 36.825 7.213
73 7 2 37.477 8.980 36.772 7.317
74 7 2 37.456 9.064 36.751 7.401
75 7 2 37.467 9.148 36.762 7.484
76 7 2 37.467 9.221 36.762 7.558
77 7 2 37.457 9.294 36.752 7.631
78 7 2 37.425 9.368 36.720 7.704
79 7 2 37.384 9.452 36.678 7.788
80 7 2 37.352 9.557 36.647 7.893
81 7 2 37.321 9.672 36.616 8.008
82 7 2 37.300 9.777 36.595 8.112
83 7 2 37.269 9.871 36.563 8.207
84 7 2 37.237 9.955 36.532 8.290
85 7 2 37.216 10.050 36.511 8.385
86 7 2 37.206 10.144 36.501 8.479
87 7 2 37.175 10.217 36.469 8.552
88 7 2 37.154 10.270 36.448 8.605
89 7 2 37.133 10.333 36.427 8.668
90 7 2 37.112 10.406 36.406 8.741
91 7 2 37.091 10.511 36.385 8.846
92 7 2 37.070 10.595 36.364 8.930
93 7 2 37.039 10.669 36.333 9.003
94 7 2 37.018 10.721 36.312 9.056
95 7 2 37.018 10.784 36.312 9.118
96 7 2 37.007 10.826 36.302 9.160
97 7 2 36.997 10.889 36.291 9.223
98 7 2 36.976 10.963 36.270 9.297
99 7 2 36.955 11.016 36.249 9.349
100 7 2 36.945 11.089 36.239 9.423
101 7 2 36.945 11.152 36.239 9.486
102 7 2 36.945 11.184 36.239 9.517
103 7 2 36.945 11.215 36.239 9.548
104 7 2 36.945 11.257 36.239 9.590
105 7 2 36.934 11.289 36.228 9.622
106 7 2 36.924 11.341 36.218 9.674
107 7 2 36.924 11.373 36.218 9.706
108 7 2 36.924 11.425 36.218 9.758
109 7 2 36.935 11.478 36.229 9.811
110 7 2 36.945 11.520 36.239 9.853
111 7 2 36.945 11.572 36.239 9.905
112 7 2 36.945 11.614 36.239 9.947
113 7 2 36.935 11.635 36.229 9.968
114 7 2 36.945 11.677 36.239 10.010
115 7 2 36.935 11.709 36.229 10.041
116 7 2 36.935 11.751 36.229 10.083
117 7 2 36.924 11.782 36.218 10.115
118 7 2 36.903 11.835 36.197 10.167
119 7 2 36.893 11.898 36.187 10.230
120 7 2 36.893 11.961 36.187 10.293
121 7 2 36.893 11.993 36.187 10.325
122 7 2 36.893 12.024 36.187 10.356
123 7 2 36.904 12.056 36.197 10.388
124 7 2 36.914 12.098 36.208 10.430
125 7 2 36.914 12.171 36.208 10.503
126 7 2 36.872 12.245 36.166 10.577
127 7 2 36.830 12.308 36.124 10.640
128 7 2 36.799 12.372 36.092 10.703
129 7 2 36.778 12.403 36.071 10.735
130 7 2 36.788 12.445 36.082 10.777
131 7 2 36.810 12.487 36.103 10.819
132 7 2 36.799 12.561 36.093 10.892
133 7 2 36.799 12.645 36.093 10.976
134 7 2 36.799 12.719 36.093 11.050
135 7 2 36.799 12.771 36.093 11.102
136 7 2 36.799 12.803 36.093 11.134
137 7 2 36.789 12.845 36.082 11.176
138 7 2 36.768 12.887 36.061 11.218
139 7 2 36.736 12.961 36.030 11.292
140 7 2 36.726 13.003 36.019 11.334
141 7 2 36.737 13.077 36.030 11.407
142 7 2 36.768 13.129 36.061 11.460
143 7 2 36.800 13.203 36.093 11.533
144 7 2 36.810 13.308 36.104 11.638
145 7 2 36.811 13.413 36.104 11.743
146 7 2 36.779 13.487 36.072 11.817
147 7 2 36.779 13.571 36.072 11.901
148 7 2 36.779 13.614 36.072 11.943
149 7 2 36.790 13.687 36.083 12.017
150 7 2 36.790 13.761 36.083 12.091
151 7 2 36.769 13.824 36.062 12.154
152 7 2 36.737 13.877 36.030 12.206
153 7 2 36.737 13.951 36.030 12.280
154 7 2 36.727 14.025 36.020 12.354
155 7 2 36.748 14.098 36.041 12.427
156 7 2 36.759 14.161 36.052 12.490
157 7 2 36.748 14.235 36.041 12.564
158 7 2 36.759 14.319 36.052 12.648
159 7 2 36.780 14.414 36.073 12.743
160 7 2 36.801 14.509 36.094 12.838
161 7 2 36.812 14.562 36.105 12.890
162 7 2 36.812 14.614 36.105 12.943
163 7 2 36.791 14.688 36.084 13.017
164 7 2 36.791 14.773 36.084 13.101
165 7 2 36.802 14.867 36.094 13.196
166 7 2 36.823 14.962 36.115 13.290
167 7 2 36.844 15.036 36.137 13.364
168 7 2 36.844 15.099 36.137 13.427
169 7 2 36.834 15.163 36.126 13.490
170 7 2 36.823 15.226 36.116 13.554
171 7 2 36.802 15.289 36.095 13.617
172 7 2 36.781 15.353 36.074 13.680
173 7 2 36.781 15.406 36.074 13.733
174 7 2 36.771 15.458 36.063 13.786
175 7 2 36.771 15.532 36.063 13.859
176 7 2 36.771 15.606 36.063 13.933
177 7 2 36.782 15.680 36.074 14.007
178 7 2 36.792 15.775 36.084 14.102
179 7 2 36.824 15.838 36.116 14.165
180 7 2 36.824 15.901 36.116 14.228
181 7 2 36.813 15.986 36.106 14.312
182 7 2 36.803 16.060 36.095 14.386
183 7 2 36.803 16.123 36.095 14.450
184 7 2 36.814 16.197 36.106 14.523
185 7 2 36.835 16.271 36.127 14.597
186 7 2 36.846 16.366 36.138 14.692
187 7 2 36.835 16.461 36.127 14.787
188 7 2 36.825 16.546 36.117 14.871
189 7 2 36.804 16.630 36.096 14.956
190 7 2 36.783 16.694 36.075 15.019
191 7 2 36.783 16.768 36.075 15.093
192 7 2 36.783 16.863 36.075 15.188
193 7 2 36.783 16.947 36.075 15.273
194 7 2 36.804 17.042 36.096 15.367
195 7 2 36.804 17.127 36.096 15.452
196 7 2 36.825 17.211 36.117 15.536
197 7 2 36.836 17.296 36.128 15.621
198 7 2 36.836 17.391 36.128 15.716
199 7 2 36.826 17.476 36.117 15.800
200 7 2 36.815 17.560 36.107 15.885
201 7 2 36.805 17.613 36.096 15.938
202 7 2 36.794 17.698 36.086 16.022
203 7 2 36.794 17.793 36.086 16.117
204 7 2 36.784 17.878 36.075 16.202
0 7 2 37.794 3.822 37.091 2.167
1 7 2 37.752 3.843 37.049 2.188
2 7 2 37.731 3.864 37.028 2.208
3 7 2 37.710 3.885 37.007 2.229
4 7 2 37.700 3.906 36.997 2.250
205 7 2 36.742 17.963 36.033 16.287
206 7 2 36.721 18.048 36.012 16.371
207 7 2 36.710 18.122 36.002 16.445
208 7 2 36.700 18.207 35.991 16.530
209 7 2 36.721 18.291 36.012 16.615
210 7 2 36.711 18.355 36.002 16.678
211 7 2 36.690 18.419 35.981 16.742
212 7 2 36.679 18.503 35.970 16.826
213 7 2 36.679 18.599 35.970 16.921
214 7 2 36.690 18.683 35.981 17.006
215 7 2 36.700 18.768 35.992 17.091
216 7 2 36.679 18.853 35.971 17.175
217 7 2 36.658 18.938 35.949 17.260
218 7 2 36.627 19.023 35.918 17.345
219 7 2 36.637 19.097 35.928 17.419
220 7 2 36.638 19.182 35.928 17.504
221 7 2 36.627 19.267 35.918 17.588
222 7 2 36.606 19.341 35.897 17.663
223 7 2 36.585 19.426 35.876 17.747
224 7 2 36.564 19.500 35.855 17.822
225 7 2 36.564 19.564 35.855 17.885
226 7 2 36.575 19.659 35.865 17.980
227 7 2 36.585 19.733 35.876 18.054
228 7 2 36.585 19.808 35.876 18.129
229 7 2 36.575 19.893 35.866 18.213
230 7 2 36.554 19.978 35.844 18.298
231 7 2 36.533 20.063 35.823 18.383
232 7 2 36.533 20.137 35.823 18.457
233 7 2 36.522 20.211 35.813 18.532
234 7 2 36.512 20.275 35.802 18.595
235 7 2 36.491 20.339 35.781 18.659
236 7 2 36.470 20.435 35.760 18.755
237 7 2 36.459 20.530 35.750 18.850
238 7 2 36.438 20.637 35.729 18.956
239 7 2 36.428 20.732 35.718 19.052
240 7 2 36.407 20.817 35.697 19.137
241 7 2 36.375 20.892 35.665 19.211
242 7 2 36.354 20.956 35.644 19.275
243 7 2 36.333 21.030 35.623 19.349
244 7 2 36.312 21.105 35.602 19.424
245 7 2 36.312 21.179 35.602 19.498
246 7 2 36.291 21.243 35.581 19.562
247 7 2 36.259 21.307 35.549 19.626
248 7 2 36.238 21.361 35.528 19.679
249 7 2 36.227 21.435 35.517 19.754
250 7 2 36.206 21.520 35.496 19.839
251 7 2 36.185 21.606 35.475 19.924
252 7 2 36.164 21.659 35.454 19.977
253 7 2 36.143 21.712 35.433 20.030
5 8 2 36.195 20.214 34.459 19.158
6 8 2 36.195 20.140 34.459 19.084
7 8 2 36.195 20.066 34.459 19.009
8 8 2 36.194 20.023 34.459 18.967
9 8 2 36.184 19.992 34.448 18.935
10 8 2 36.163 19.949 34.427 18.893
11 8 2 36.163 19.854 34.427 18.797
12 8 2 36.163 19.748 34.427 18.691
13 8 2 36.152 19.642 34.416 18.585
14 8 2 36.162 19.567 34.427 18.511
15 8 2 36.152 19.493 34.416 18.437
16 8 2 36.141 19.430 34.406 18.373
17 8 2 36.131 19.345 34.395 18.289
18 8 2 36.109 19.260 34.374 18.204
19 8 2 36.088 19.176 34.353 18.119
20 8 2 36.088 19.102 34.353 18.045
21 8 2 36.088 19.017 34.353 17.960
22 8 2 36.088 18.911 34.353 17.854
23 8 2 36.088 18.826 34.353 17.770
24 8 2 36.098 18.762 34.364 17.706
25 8 2 36.109 18.709 34.374 17.653
26 8 2 36.109 18.667 34.374 17.611
27 8 2 36.109 18.614 34.374 17.558
28 8 2 36.098 18.540 34.364 17.484
29 8 2 36.077 18.455 34.343 17.399
30 8 2 36.066 18.381 34.332 17.325
31 8 2 36.077 18.307 34.343 17.251
32 8 2 36.087 18.222 34.353 17.166
33 8 2 36.098 18.137 34.364 17.081
34 8 2 36.087 18.053 34.353 16.996
35 8 2 36.077 17.958 34.343 16.901
36 8 2 36.077 17.883 34.343 16.827
37 8 2 36.066 17.820 34.332 16.764
38 8 2 36.055 17.757 34.322 16.700
39 8 2 36.045 17.683 34.311 16.626
40 8 2 36.034 17.577 34.300 16.520
41 8 2 36.034 17.492 34.300 16.436
42 8 2 36.045 17.397 34.311 16.341
43 8 2 36.045 17.323 34.311 16.266
44 8 2 36.023 17.238 34.290 16.182
45 8 2 35.992 17.165 34.258 16.108
46 8 2 35.960 17.070 34.227 16.013
47 8 2 35.939 16.996 34.205 15.939
48 8 2 35.939 16.943 34.205 15.886
49 8 2 35.939 16.890 34.205 15.833
50 8 2 35.918 16.827 34.184 15.770
51 8 2 35.928 16.731 34.195 15.675
52 8 2 35.938 16.604 34.205 15.548
53 8 2 35.959 16.467 34.227 15.410
54 8 2 35.970 16.361 34.237 15.305
55 8 2 35.980 16.266 34.248 15.210
56 8 2 35.970 16.181 34.237 15.125
57 8 2 35.970 16.097 34.237 15.041
58 8 2 35.959 16.013 34.227 14.956
59 8 2 35.949 15.928 34.216 14.872
60 8 2 35.949 15.833 34.216 14.777
61 8 2 35.938 15.727 34.206 14.671
62 8 2 35.938 15.632 34.206 14.576
63 8 2 35.938 15.527 34.206 14.470
64 8 2 35.948 15.453 34.216 14.396
65 8 2 35.938 15.379 34.206 14.323
66 8 2 35.938 15.284 34.206 14.228
67 8 2 35.916 15.200 34.185 14.143
68 8 2 35.906 15.115 34.174 14.059
69 8 2 35.906 15.031 34.174 13.974
70 8 2 35.895 14.946 34.164 13.890
71 8 2 35.885 14.873 34.153 13.816
72 8 2 35.874 14.799 34.143 13.742
73 8 2 35.874 14.725 34.143 13.669
74 8 2 35.863 14.651 34.132 13.595
75 8 2 35.853 14.556 34.122 13.500
76 8 2 35.853 14.430 34.122 13.373
77 8 2 35.853 14.324 34.122 13.268
78 8 2 35.853 14.208 34.122 13.152
79 8 2 35.853 14.113 34.122 13.057
80 8 2 35.831 14.029 34.101 12.973
81 8 2 35.831 13.945 34.101 12.888
82 8 2 35.842 13.860 34.111 12.804
83 8 2 35.842 13.797 34.111 12.741
84 8 2 35.831 13.702 34.101 12.646
85 8 2 35.821 13.608 34.090 12.551
86 8 2 35.799 13.513 34.069 12.456
87 8 2 35.789 13.397 34.059 12.341
88 8 2 35.810 13.313 34.080 12.256
89 8 2 35.831 13.228 34.101 12.172
90 8 2 35.820 13.155 34.090 12.098
91 8 2 35.820 13.081 34.091 12.024
92 8 2 35.820 13.007 34.091 11.951
93 8 2 35.810 12.923 34.080 11.867
94 8 2 35.810 12.839 34.080 11.782
95 8 2 35.810 12.744 34.080 11.688
96 8 2 35.820 12.660 34.091 11.603
97 8 2 35.809 12.576 34.080 11.519
98 8 2 35.799 12.491 34.070 11.435
99 8 2 35.799 12.386 34.070 11.330
100 8 2 35.799 12.281 34.070 11.225
101 8 2 35.788 12.165 34.059 11.109
102 8 2 35.788 12.092 34.059 11.035
103 8 2 35.767 12.018 34.038 10.962
104 8 2 35.735 11.955 34.007 10.899
105 8 2 35.725 11.871 33.996 10.814
106 8 2 35.693 11.776 33.964 10.720
107 8 2 35.683 11.682 33.954 10.625
108 8 2 35.683 11.598 33.954 10.541
109 8 2 35.693 11.514 33.965 10.457
110 8 2 35.682 11.419 33.954 10.362
111 8 2 35.693 11.335 33.965 10.278
112 8 2 35.672 11.240 33.944 10.184
113 8 2 35.672 11.156 33.944 10.100
114 8 2 35.672 11.072 33.944 10.016
115 8 2 35.661 10.999 33.933 9.942
116 8 2 35.651 10.904 33.923 9.848
117 8 2 35.661 10.820 33.933 9.763
118 8 2 35.651 10.725 33.923 9.669
119 8 2 35.651 10.652 33.923 9.595
120 8 2 35.661 10.578 33.933 9.522
121 8 2 35.671 10.484 33.944 9.427
122 8 2 35.692 10.389 33.965 9.333
123 8 2 35.703 10.295 33.976 9.238
124 8 2 35.703 10.211 33.976 9.154
125 8 2 35.703 10.127 33.976 9.070
126 8 2 35.724 10.043 33.997 8.986
127 8 2 35.734 9.948 34.007 8.892
128 8 2 35.734 9.864 34.007 8.808
129 8 2 35.734 9.759 34.007 8.703
130 8 2 35.724 9.654 33.997 8.598
131 8 2 35.724 9.560 33.997 8.504
132 8 2 35.745 9.476 34.018 8.420
133 8 2 35.755 9.392 34.029 8.336
134 8 2 35.755 9.350 34.029 8.294
135 8 2 35.755 9.266 34.029 8.210
136 8 2 35.744 9.172 34.018 8.116
137 8 2 35.765 9.098 34.039 8.042
138 8 2 35.797 8.994 34.071 7.937
139 8 2 35.839 8.910 34.113 7.853
140 8 2 35.870 8.826 34.145 7.769
141 8 2 35.891 8.731 34.166 7.675
142 8 2 35.902 8.648 34.176 7.591
143 8 2 35.902 8.585 34.176 7.528
144 8 2 35.902 8.511 34.176 7.455
145 8 2 35.891 8.428 34.166 7.371
146 8 2 35.891 8.333 34.166 7.277
147 8 2 35.912 8.239 34.187 7.183
148 8 2 35.933 8.134 34.208 7.078
149 8 2 35.933 8.061 34.208 7.005
150 8 2 35.954 7.977 34.229 6.921
151 8 2 35.954 7.883 34.229 6.827
152 8 2 35.943 7.778 34.219 6.722
153 8 2 35.933 7.673 34.208 6.617
154 8 2 35.933 7.579 34.208 6.523
155 8 2 35.922 7.517 34.198 6.460
156 8 2 35.943 7.464 34.219 6.408
157 8 2 35.964 7.401 34.240 6.345
158 8 2 36.006 7.339 34.282 6.282
159 8 2 36.058 7.276 34.335 6.220
160 8 2 36.111 7.192 34.387 6.136
161 8 2 36.132 7.098 34.408 6.042
162 8 2 36.153 7.004 34.429 5.948
163 8 2 36.174 6.910 34.450 5.854
164 8 2 36.195 6.826 34.471 5.770
165 8 2 36.216 6.742 34.493 5.686
166 8 2 36.236 6.659 34.514 5.603
167 8 2 36.268 6.565 34.545 5.509
168 8 2 36.289 6.481 34.566 5.425
169 8 2 36.310 6.408 34.587 5.352
170 8 2 36.310 6.335 34.587 5.279
171 8 2 36.299 6.282 34.577 5.226
172 8 2 36.310 6.199 34.587 5.143
173 8 2 36.351 6.105 34.629 5.049
174 8 2 36.404 6.000 34.682 4.945
175 8 2 36.456 5.917 34.734 4.861
176 8 2 36.498 5.833 34.776 4.778
177 8 2 36.508 5.750 34.787 4.694
178 8 2 36.519 5.666 34.797 4.611
179 8 2 36.529 5.562 34.808 4.506
180 8 2 36.550 5.478 34.829 4.423
181 8 2 36.592 5.437 34.871 4.381
182 8 2 36.655 5.364 34.934 4.308
183 8 2 36.697 5.291 34.976 4.235
184 8 2 36.728 5.218 35.007 4.162
185 8 2 36.749 5.155 35.028 4.099
186 8 2 36.780 5.092 35.060 4.037
187 8 2 36.812 5.030 35.091 3.974
188 8 2 36.832 4.967 35.112 3.912
189 8 2 36.843 4.905 35.123 3.849
190 8 2 36.853 4.832 35.133 3.776
191 8 2 36.895 4.780 35.175 3.724
192 8 2 36.926 4.717 35.207 3.662
193 8 2 36.947 4.634 35.228 3.578
194 8 2 36.968 4.550 35.249 3.495
195 8 2 36.989 4.488 35.269 3.433
196 8 2 37.020 4.425 35.301 3.370
197 8 2 37.052 4.384 35.332 3.328
198 8 2 37.094 4.332 35.374 3.276
199 8 2 37.125 4.259 35.406 3.204
200 8 2 37.188 4.176 35.469 3.120
201 8 2 37.250 4.092 35.531 3.037
202 8 2 37.302 4.020 35.584 2.964
203 8 2 37.323 3.947 35.605 2.891
204 8 2 37.344 3.915 35.626 2.860
0 8 2 36.269 20.458 34.533 19.401
1 8 2 36.248 20.458 34.512 19.402
2 8 2 36.237 20.426 34.501 19.370
3 8 2 36.226 20.352 34.490 19.296
4 8 2 36.216 20.288 34.480 19.232
205 8 2 37.355 3.874 35.636 2.819
206 8 2 37.386 3.822 35.668 2.767
207 8 2 37.417 3.749 35.699 2.694
208 8 2 37.448 3.666 35.730 2.611
209 8 2 37.469 3.582 35.751 2.527
210 8 2 37.490 3.530 35.772 2.475
211 8 2 37.521 3.479 35.804 2.424
212 8 2 37.563 3.437 35.846 2.382
213 8 2 37.594 3.375 35.877 2.320
214 8 2 37.626 3.312 35.908 2.257
215 8 2 37.657 3.250 35.940 2.195
216 8 2 37.688 3.198 35.971 2.143
217 8 2 37.709 3.136 35.992 2.081
218 8 2 37.751 3.084 36.034 2.029
219 8 2 37.771 3.000 36.055 1.946
220 8 2 37.792 2.928 36.076 1.873
221 8 2 37.813 2.865 36.096 1.811
222 8 2 37.844 2.803 36.128 1.748
223 8 2 37.855 2.741 36.138 1.686
224 8 2 37.865 2.710 36.149 1.655
225 8 2 37.875 2.668 36.159 1.613
226 8 2 37.886 2.595 36.170 1.541
227 8 2 37.896 2.502 36.180 1.447
228 8 2 37.927 2.398 36.211 1.343
229 8 2 37.927 2.294 36.211 1.239
230 8 2 37.927 2.232 36.211 1.177
231 8 2 37.927 2.159 36.211 1.104
232 8 2 37.916 2.086 36.201 1.031
233 8 2 37.916 2.013 36.200 0.959
234 8 2 37.937 1.920 36.221 0.865
235 8 2 37.926 1.847 36.211 0.793
236 8 2 37.916 1.785 36.200 0.730
237 8 2 37.895 1.691 36.179 0.637
238 8 2 37.873 1.588 36.158 0.533
239 8 2 37.863 1.515 36.148 0.460
240 8 2 37.842 1.432 36.127 0.377
241 8 2 37.800 1.380 36.085 0.325
242 8 2 37.769 1.338 36.053 0.283
243 8 2 37.737 1.307 36.022 0.252
244 8 2 37.716 1.234 36.001 0.179
245 8 2 37.695 1.172 35.980 0.117
246 8 2 37.664 1.109 35.949 0.054
247 8 2 37.653 1.037 35.938 -0.018
248 8 2 37.622 0.995 35.907 -0.060
249 8 2 37.580 0.953 35.865 -0.102
250 8 2 37.538 0.881 35.823 -0.174
251 8 2 37.517 0.818 35.802 -0.237
252 8 2 37.496 0.766 35.781 -0.289
253 8 2 37.496 0.683 35.781 -0.372
254 8 2 37.475 0.642 35.760 -0.413
255 8 2 37.444 0.569 35.729 -0.486
256 8 2 37.381 0.506 35.666 -0.549
257 8 2 37.318 0.475 35.603 -0.580
258 8 2 37.256 0.433 35.540 -0.622
259 8 2 37.193 0.412 35.478 -0.643
260 8 2 37.151 0.412 35.436 -0.643
261 8 2 37.130 0.402 35.415 -0.653
262 8 2 37.099 0.391 35.383 -0.664
263 8 2 37.067 0.360 35.352 -0.695
264 8 2 37.026 0.329 35.310 -0.727
265 8 2 36.984 0.297 35.268 -0.758
266 8 2 36.911 0.256 35.195 -0.800
267 8 2 36.879 0.235 35.164 -0.821
268 8 2 36.837 0.203 35.122 -0.852
269 8 2 36.785 0.182 35.069 -0.873
270 8 2 36.775 0.182 35.059 -0.873
271 8 2 36.733 0.182 35.017 -0.873
272 8 2 36.660 0.151 34.944 -0.905
273 8 2 36.607 0.130 34.892 -0.926
274 8 2 36.524 0.088 34.808 -0.968
275 8 2 36.461 0.067 34.745 -0.989
276 8 2 36.409 0.056 34.693 -0.999
277 8 2 36.336 0.056 34.619 -1.000
278 8 2 36.294 0.056 34.577 -1.000
279 8 2 36.262 0.066 34.546 -0.990
280 8 2 36.221 0.066 34.504 -0.990
281 8 2 36.189 0.066 34.473 -0.990
282 8 2 36.158 0.076 34.441 -0.980
283 8 2 36.064 0.107 34.347 -0.949
284 8 2 36.022 0.138 34.305 -0.918
285 8 2 35.970 0.169 34.253 -0.887
286 8 2 35.928 0.179 34.211 -0.877
287 8 2 35.876 0.220 34.158 -0.836
288 8 2 35.834 0.272 34.116 -0.784
289 8 2 35.750 0.334 34.032 -0.722
290 8 2 35.698 0.365 33.980 -0.691
291 8 2 35.635 0.396 33.917 -0.660
292 8 2 35.583 0.406 33.865 -0.650
293 8 2 35.509 0.447 33.791 -0.609
294 8 2 35.457 0.530 33.739 -0.526
295 8 2 35.415 0.623 33.697 -0.433
296 8 2 35.415 0.707 33.697 -0.350
297 8 2 35.405 0.810 33.686 -0.246
298 8 2 35.394 0.883 33.676 -0.173
299 8 2 35.363 0.914 33.644 -0.142
300 8 2 35.342 0.956 33.623 -0.101
301 8 2 35.332 0.997 33.613 -0.059
302 8 2 35.332 1.049 33.613 -0.007
303 8 2 35.342 1.112 33.623 0.055
304 8 2 35.353 1.174 33.634 0.118
305 8 2 35.353 1.226 33.633 0.169
306 8 2 35.353 1.257 33.633 0.201
307 8 2 35.363 1.268 33.644 0.211
308 8 2 35.384 1.309 33.665 0.253
309 8 2 35.416 1.341 33.696 0.284
310 8 2 35.437 1.393 33.717 0.336
311 8 2 35.457 1.434 33.738 0.378
312 8 2 35.478 1.455 33.759 0.399
313 8 2 35.478 1.466 33.759 0.409
314 8 2 35.499 1.476 33.780 0.420
315 8 2 35.531 1.476 33.812 0.420
316 8 2 35.562 1.487 33.843 0.430
317 8 2 35.594 1.518 33.875 0.462
318 8 2 35.625 1.539 33.906 0.482
319 8 2 35.646 1.560 33.927 0.503
320 8 2 35.678 1.591 33.959 0.535
321 8 2 35.709 1.622 33.990 0.566
322 8 2 35.730 1.664 34.011 0.608
323 8 2 35.751 1.716 34.032 0.660
324 8 2 35.761 1.737 34.042 0.681
325 8 2 35.782 1.768 34.063 0.712
326 8 2 35.814 1.799 34.095 0.743
327 8 2 35.845 1.841 34.126 0.785
328 8 2 35.877 1.883 34.158 0.827
329 8 2 35.887 1.935 34.168 0.879
330 8 2 35.898 1.966 34.179 0.910
331 8 2 35.919 2.018 34.200 0.962
332 8 2 35.940 2.039 34.221 0.983
333 8 2 35.950 2.070 34.231 1.014
334 8 2 35.940 2.091 34.221 1.035
335 8 2 35.950 2.133 34.231 1.076
336 8 2 35.950 2.153 34.231 1.097
337 8 2 35.971 2.185 34.252 1.129
338 8 2 36.003 2.195 34.283 1.139
339 8 2 36.034 2.206 34.315 1.150
340 8 2 36.065 2.237 34.346 1.181
341 8 2 36.086 2.258 34.367 1.202
342 8 2 36.107 2.268 34.388 1.212
343 8 2 36.128 2.279 34.409 1.223
344 8 2 36.170 2.289 34.451 1.233
345 8 2 36.202 2.310 34.483 1.254
346 8 2 36.233 2.352 34.514 1.296
347 8 2 36.264 2.373 34.546 1.317
348 8 2 36.306 2.404 34.588 1.348
349 8 2 36.338 2.425 34.619 1.369
350 8 2 36.369 2.415 34.651 1.359
351 8 2 36.348 2.394 34.630 1.338
352 8 2 36.327 2.404 34.609 1.348
353 8 2 36.327 2.435 34.609 1.379
354 8 2 36.348 2.456 34.630 1.400
355 8 2 36.401 2.508 34.682 1.453
356 8 2 36.411 2.508 34.692 1.453
357 8 2 36.411 2.508 34.692 1.453
358 8 2 36.432 2.519 34.713 1.463
359 8 2 36.453 2.529 34.734 1.474
360 8 2 36.463 2.540 34.745 1.484
361 8 2 36.484 2.550 34.766 1.494
362 8 2 36.474 2.560 34.755 1.505
363 8 2 36.453 2.550 34.734 1.494
364 8 2 36.453 2.529 34.734 1.474
5 11 1 39.697 20.150 38.926 19.363
6 11 1 39.697 20.108 38.926 19.321
7 11 1 39.686 20.076 38.916 19.289
8 11 1 39.686 20.044 38.916 19.257
9 11 1 39.686 20.012 38.916 19.226
10 11 1 39.696 19.959 38.926 19.173
11 11 1 39.707 19.928 38.936 19.141
12 11 1 39.717 19.896 38.947 19.109
13 11 1 39.738 19.874 38.968 19.088
14 11 1 39.759 19.853 38.989 19.066
15 11 1 39.759 19.811 38.989 19.024
16 11 1 39.749 19.747 38.978 18.961
17 11 1 39.727 19.642 38.957 18.855
18 11 1 39.727 19.546 38.957 18.760
19 11 1 39.737 19.462 38.967 18.675
20 11 1 39.758 19.398 38.988 18.611
21 11 1 39.779 19.345 39.009 18.558
22 11 1 39.779 19.303 39.009 18.516
23 11 1 39.779 19.271 39.009 18.484
24 11 1 39.779 19.239 39.009 18.453
25 11 1 39.800 19.207 39.030 18.421
26 11 1 39.810 19.165 39.040 18.378
27 11 1 39.810 19.102 39.040 18.315
28 11 1 39.810 19.049 39.040 18.262
29 11 1 39.799 19.017 39.029 18.231
30 11 1 39.788 18.985 39.019 18.199
31 11 1 39.799 18.943 39.029 18.157
32 11 1 39.820 18.848 39.050 18.061
33 11 1 39.830 18.731 39.060 17.945
34 11 1 39.830 18.615 39.060 17.829
35 11 1 39.819 18.541 39.049 17.755
36 11 1 39.808 18.488 39.038 17.702
37 11 1 39.829 18.457 39.059 17.670
38 11 1 39.850 18.414 39.080 17.628
39 11 1 39.850 18.382 39.080 17.596
40 11 1 39.850 18.351 39.080 17.565
41 11 1 39.850 18.298 39.080 17.512
42 11 1 39.839 18.245 39.069 17.459
43 11 1 39.839 18.192 39.069 17.406
44 11 1 39.839 18.161 39.069 17.375
45 11 1 39.849 18.118 39.080 17.332
46 11 1 39.849 18.066 39.079 17.279
47 11 1 39.838 17.971 39.069 17.184
48 11 1 39.838 17.854 39.068 17.068
49 11 1 39.827 17.770 39.058 16.984
50 11 1 39.816 17.717 39.047 16.931
51 11 1 39.816 17.665 39.047 16.879
52 11 1 39.816 17.633 39.047 16.847
53 11 1 39.806 17.591 39.036 16.805
54 11 1 39.805 17.527 39.036 16.741
55 11 1 39.816 17.475 39.047 16.689
56 11 1 39.826 17.422 39.057 16.636
57 11 1 39.837 17.369 39.067 16.583
58 11 1 39.857 17.305 39.088 16.520
59 11 1 39.857 17.263 39.088 16.477
60 11 1 39.847 17.221 39.077 16.435
61 11 1 39.846 17.158 39.077 16.372
62 11 1 39.836 17.073 39.067 16.288
63 11 1 39.835 16.968 39.066 16.182
64 11 1 39.846 16.873 39.077 16.087
65 11 1 39.835 16.810 39.066 16.024
66 11 1 39.824 16.768 39.055 15.982
67 11 1 39.835 16.736 39.066 15.950
68 11 1 39.835 16.704 39.066 15.919
69 11 1 39.835 16.662 39.066 15.876
70 11 1 39.845 16.620 39.076 15.834
71 11 1 39.845 16.557 39.076 15.771
72 11 1 39.845 16.504 39.076 15.718
73 11 1 39.855 16.440 39.086 15.655
74 11 1 39.855 16.367 39.086 15.581
75 11 1 39.865 16.303 39.096 15.518
76 11 1 39.865 16.240 39.096 15.455
77 11 1 39.854 16.156 39.085 15.370
78 11 1 39.843 16.072 39.075 15.286
79 11 1 39.843 16.008 39.075 15.223
80 11 1 39.843 15.945 39.074 15.160
81 11 1 39.843 15.903 39.074 15.118
82 11 1 39.843 15.861 39.074 15.076
83 11 1 39.822 15.819 39.053 15.034
84 11 1 39.822 15.777 39.053 14.991
85 11 1 39.832 15.713 39.063 14.928
86 11 1 39.832 15.650 39.063 14.865
87 11 1 39.842 15.587 39.074 14.802
88 11 1 39.831 15.524 39.063 14.739
89 11 1 39.821 15.492 39.052 14.707
90 11 1 39.810 15.461 39.042 14.676
91 11 1 39.810 15.398 39.042 14.612
92 11 1 39.820 15.292 39.052 14.507
93 11 1 39.841 15.187 39.073 14.402
94 11 1 39.841 15.103 39.072 14.318
95 11 1 39.840 15.040 39.072 14.254
96 11 1 39.830 15.008 39.062 14.223
97 11 1 39.830 14.987 39.062 14.202
98 11 1 39.819 14.955 39.051 14.170
99 11 1 39.819 14.924 39.051 14.139
100 11 1 39.830 14.882 39.061 14.097
101 11 1 39.829 14.840 39.061 14.055
102 11 1 39.829 14.798 39.061 14.013
103 11 1 39.808 14.745 39.040 13.960
104 11 1 39.798 14.682 39.029 13.897
105 11 1 39.808 14.619 39.040 13.834
106 11 1 39.829 14.545 39.061 13.760
107 11 1 39.828 14.482 39.060 13.697
108 11 1 39.828 14.387 39.060 13.602
109 11 1 39.828 14.314 39.060 13.529
110 11 1 39.817 14.240 39.049 13.455
111 11 1 39.817 14.198 39.049 13.413
112 11 1 39.807 14.187 39.039 13.403
113 11 1 39.796 14.177 39.028 13.392
114 11 1 39.775 14.135 39.007 13.350
115 11 1 39.775 14.093 39.007 13.308
116 11 1 39.785 14.030 39.017 13.245
117 11 1 39.785 13.977 39.017 13.193
118 11 1 39.795 13.914 39.028 13.129
119 11 1 39.827 13.840 39.059 13.056
120 11 1 39.837 13.767 39.069 12.982
121 11 1 39.847 13.704 39.080 12.919
122 11 1 39.847 13.630 39.079 12.846
123 11 1 39.836 13.557 39.069 12.772
124 11 1 39.815 13.483 39.048 12.699
125 11 1 39.815 13.420 39.047 12.636
126 11 1 39.815 13.368 39.047 12.583
127 11 1 39.825 13.325 39.058 12.541
128 11 1 39.836 13.315 39.068 12.530
129 11 1 39.836 13.294 39.068 12.509
130 11 1 39.825 13.273 39.058 12.489
131 11 1 39.814 13.231 39.047 12.447
132 11 1 39.825 13.178 39.057 12.394
133 11 1 39.846 13.105 39.078 12.320
134 11 1 39.856 13.031 39.088 12.247
135 11 1 39.845 12.958 39.078 12.173
136 11 1 39.834 12.895 39.067 12.110
137 11 1 39.813 12.832 39.046 12.048
138 11 1 39.813 12.779 39.046 11.995
139 11 1 39.813 12.706 39.046 11.922
140 11 1 39.813 12.643 39.046 11.859
141 11 1 39.823 12.590 39.056 11.806
142 11 1 39.834 12.559 39.066 11.775
143 11 1 39.844 12.538 39.077 11.754
144 11 1 39.844 12.506 39.077 11.722
145 11 1 39.833 12.475 39.066 11.691
146 11 1 39.812 12.433 39.045 11.649
147 11 1 39.791 12.391 39.024 11.607
148 11 1 39.801 12.328 39.034 11.544
149 11 1 39.822 12.254 39.055 11.470
150 11 1 39.832 12.181 39.065 11.397
151 11 1 39.832 12.097 39.065 11.313
152 11 1 39.822 12.045 39.055 11.261
153 11 1 39.801 12.003 39.034 11.219
154 11 1 39.790 11.961 39.023 11.177
155 11 1 39.790 11.908 39.023 11.124
156 11 1 39.779 11.835 39.012 11.051
157 11 1 39.768 11.762 39.002 10.978
158 11 1 39.779 11.709 39.012 10.925
159 11 1 39.758 11.688 38.991 10.904
160 11 1 39.737 11.667 38.970 10.883
161 11 1 39.716 11.636 38.949 10.852
162 11 1 39.705 11.605 38.938 10.821
163 11 1 39.695 11.573 38.928 10.789
164 11 1 39.694 11.521 38.928 10.737
165 11 1 39.705 11.458 38.938 10.674
166 11 1 39.715 11.363 38.948 10.580
167 11 1 39.725 11.258 38.958 10.475
168 11 1 39.725 11.185 38.958 10.401
169 11 1 39.714 11.133 38.948 10.349
170 11 1 39.714 11.091 38.948 10.307
171 11 1 39.704 11.059 38.937 10.276
172 11 1 39.703 10.996 38.937 10.213
173 11 1 39.714 10.934 38.947 10.150
174 11 1 39.703 10.860 38.937 10.077
175 11 1 39.693 10.808 38.926 10.024
176 11 1 39.671 10.766 38.905 9.982
177 11 1 39.661 10.745 38.894 9.962
178 11 1 39.650 10.724 38.884 9.941
179 11 1 39.650 10.714 38.884 9.930
180 11 1 39.650 10.651 38.884 9.867
181 11 1 39.660 10.567 38.894 9.784
182 11 1 39.660 10.462 38.894 9.679
183 11 1 39.639 10.379 38.873 9.595
184 11 1 39.618 10.316 38.852 9.532
185 11 1 39.597 10.274 38.830 9.491
186 11 1 39.565 10.243 38.799 9.459
187 11 1 39.555 10.190 38.788 9.407
188 11 1 39.555 10.117 38.788 9.334
189 11 1 39.565 10.065 38.799 9.281
190 11 1 39.586 10.012 38.819 9.229
191 11 1 39.596 9.981 38.830 9.197
192 11 1 39.586 9.970 38.819 9.187
193 11 1 39.575 9.939 38.809 9.156
194 11 1 39.564 9.897 38.798 9.114
195 11 1 39.575 9.866 38.809 9.082
196 11 1 39.564 9.845 38.798 9.061
197 11 1 39.554 9.813 38.788 9.030
198 11 1 39.554 9.740 38.787 8.957
199 11 1 39.564 9.625 38.798 8.842
200 11 1 39.574 9.520 38.808 8.737
201 11 1 39.584 9.437 38.818 8.653
202 11 1 39.574 9.416 38.808 8.633
203 11 1 39.553 9.405 38.787 8.622
204 11 1 39.542 9.384 38.776 8.601
0 11 1 39.709 20.521 38.938 19.733
1 11 1 39.677 20.426 38.906 19.638
2 11 1 39.676 20.341 38.906 19.554
3 11 1 39.676 20.267 38.906 19.480
4 11 1 39.687 20.203 38.916 19.416
205 11 1 39.532 9.363 38.766 8.580
206 11 1 39.532 9.343 38.766 8.559
207 11 1 39.531 9.322 38.766 8.539
208 11 1 39.521 9.290 38.755 8.507
209 11 1 39.521 9.259 38.755 8.476
210 11 1 39.510 9.207 38.744 8.424
211 11 1 39.510 9.133 38.744 8.350
212 11 1 39.520 9.071 38.754 8.288
213 11 1 39.531 8.997 38.765 8.214
214 11 1 39.520 8.956 38.754 8.173
215 11 1 39.520 8.903 38.754 8.120
216 11 1 39.488 8.862 38.723 8.079
217 11 1 39.467 8.820 38.702 8.037
218 11 1 39.446 8.747 38.681 7.964
219 11 1 39.425 8.684 38.659 7.901
220 11 1 39.415 8.621 38.649 7.838
221 11 1 39.414 8.569 38.649 7.786
222 11 1 39.414 8.538 38.649 7.755
223 11 1 39.414 8.538 38.649 7.755
224 11 1 39.414 8.517 38.649 7.734
225 11 1 39.393 8.517 38.628 7.734
226 11 1 39.372 8.485 38.607 7.702
227 11 1 39.351 8.433 38.586 7.650
228 11 1 39.330 8.360 38.565 7.577
229 11 1 39.330 8.276 38.564 7.494
230 11 1 39.330 8.203 38.564 7.420
231 11 1 39.340 8.130 38.575 7.347
232 11 1 39.350 8.067 38.585 7.285
233 11 1 39.350 8.026 38.585 7.243
234 11 1 39.350 7.994 38.585 7.211
235 11 1 39.340 7.963 38.574 7.180
236 11 1 39.340 7.921 38.574 7.138
237 11 1 39.350 7.858 38.584 7.076
238 11 1 39.339 7.796 38.574 7.013
239 11 1 39.339 7.764 38.574 6.982
240 11 1 39.339 7.754 38.574 6.971
241 11 1 39.329 7.733 38.563 6.950
242 11 1 39.339 7.691 38.574 6.909
243 11 1 39.349 7.670 38.584 6.888
244 11 1 39.339 7.629 38.573 6.846
245 11 1 39.328 7.576 38.563 6.794
246 11 1 39.318 7.514 38.552 6.731
247 11 1 39.297 7.441 38.531 6.658
248 11 1 39.286 7.368 38.521 6.585
249 11 1 39.296 7.315 38.531 6.533
250 11 1 39.286 7.263 38.520 6.481
251 11 1 39.286 7.221 38.520 6.439
252 11 1 39.275 7.211 38.510 6.429
253 11 1 39.275 7.190 38.510 6.408
254 11 1 39.275 7.138 38.510 6.356
255 11 1 39.275 7.096 38.510 6.314
256 11 1 39.275 7.044 38.509 6.262
257 11 1 39.285 7.002 38.520 6.220
258 11 1 39.295 6.971 38.530 6.189
259 11 1 39.285 6.919 38.520 6.136
260 11 1 39.274 6.867 38.509 6.084
261 11 1 39.243 6.835 38.478 6.053
262 11 1 39.222 6.794 38.457 6.011
263 11 1 39.211 6.752 38.446 5.970
264 11 1 39.211 6.679 38.446 5.897
265 11 1 39.211 6.595 38.446 5.813
266 11 1 39.231 6.512 38.467 5.730
267 11 1 39.252 6.439 38.487 5.657
268 11 1 39.273 6.387 38.508 5.605
269 11 1 39.283 6.356 38.518 5.573
270 11 1 39.283 6.314 38.518 5.532
271 11 1 39.283 6.293 38.518 5.511
272 11 1 39.273 6.262 38.508 5.480
273 11 1 39.252 6.241 38.487 5.459
274 11 1 39.252 6.220 38.487 5.438
275 11 1 39.252 6.189 38.487 5.407
276 11 1 39.251 6.147 38.487 5.365
277 11 1 39.251 6.095 38.487 5.313
278 11 1 39.241 6.043 38.476 5.261
279 11 1 39.241 5.991 38.476 5.209
280 11 1 39.241 5.949 38.476 5.167
281 11 1 39.251 5.907 38.486 5.125
282 11 1 39.261 5.876 38.497 5.094
283 11 1 39.261 5.824 38.496 5.042
284 11 1 39.261 5.761 38.496 4.979
285 11 1 39.261 5.709 38.496 4.927
286 11 1 39.261 5.667 38.496 4.886
287 11 1 39.261 5.636 38.496 4.854
288 11 1 39.281 5.595 38.517 4.813
289 11 1 39.292 5.574 38.527 4.792
290 11 1 39.302 5.542 38.538 4.761
291 11 1 39.292 5.532 38.527 4.750
292 11 1 39.292 5.522 38.527 4.740
293 11 1 39.292 5.511 38.527 4.729
294 11 1 39.281 5.490 38.517 4.708
295 11 1 39.281 5.449 38.517 4.667
296 11 1 39.291 5.407 38.527 4.625
297 11 1 39.281 5.365 38.516 4.584
298 11 1 39.270 5.303 38.506 4.521
299 11 1 39.280 5.220 38.516 4.438
300 11 1 39.280 5.147 38.516 4.365
301 11 1 39.291 5.084 38.526 4.302
302 11 1 39.301 5.042 38.537 4.261
303 11 1 39.311 5.043 38.547 4.261
304 11 1 39.322 5.043 38.558 4.261
305 11 1 39.332 5.022 38.568 4.240
306 11 1 39.332 5.001 38.568 4.219
307 11 1 39.322 4.990 38.557 4.209
308 11 1 39.322 4.970 38.557 4.188
309 11 1 39.322 4.959 38.557 4.178
310 11 1 39.322 4.928 38.557 4.146
311 11 1 39.321 4.897 38.557 4.115
312 11 1 39.300 4.855 38.536 4.073
313 11 1 39.290 4.813 38.526 4.032
314 11 1 39.300 4.772 38.536 3.990
315 11 1 39.311 4.709 38.546 3.928
316 11 1 39.331 4.657 38.567 3.876
317 11 1 39.342 4.616 38.578 3.834
318 11 1 39.341 4.574 38.577 3.793
319 11 1 39.352 4.532 38.588 3.751
320 11 1 39.341 4.480 38.577 3.699
321 11 1 39.341 4.418 38.577 3.637
322 11 1 39.331 4.376 38.567 3.595
323 11 1 39.330 4.345 38.567 3.564
324 11 1 39.320 4.324 38.556 3.543
325 11 1 39.320 4.304 38.556 3.522
326 11 1 39.320 4.283 38.556 3.501
327 11 1 39.309 4.272 38.545 3.491
328 11 1 39.299 4.251 38.535 3.470
329 11 1 39.299 4.231 38.535 3.449
330 11 1 39.288 4.220 38.524 3.439
331 11 1 39.299 4.210 38.535 3.428
332 11 1 39.299 4.189 38.535 3.408
333 11 1 39.309 4.168 38.545 3.387
334 11 1 39.330 4.127 38.566 3.345
335 11 1 39.330 4.075 38.566 3.293
336 11 1 39.340 4.012 38.576 3.231
337 11 1 39.350 3.971 38.587 3.189
338 11 1 39.350 3.919 38.586 3.137
339 11 1 39.371 3.867 38.607 3.085
340 11 1 39.381 3.836 38.618 3.054
341 11 1 39.381 3.794 38.618 3.013
342 11 1 39.381 3.763 38.617 2.982
343 11 1 39.360 3.752 38.597 2.971
344 11 1 39.339 3.742 38.576 2.961
345 11 1 39.329 3.742 38.565 2.961
346 11 1 39.329 3.752 38.565 2.971
347 11 1 39.339 3.763 38.576 2.981
348 11 1 39.350 3.763 38.586 2.981
349 11 1 39.339 3.763 38.576 2.981
350 11 1 39.329 3.752 38.565 2.971
351 11 1 39.329 3.742 38.565 2.961
352 11 1 39.339 3.721 38.576 2.940
353 11 1 39.381 3.711 38.617 2.930
354 11 1 39.412 3.690 38.649 2.909
355 11 1 39.433 3.680 38.669 2.899
356 11 1 39.433 3.648 38.669 2.867
357 11 1 39.423 3.617 38.659 2.836
358 11 1 39.422 3.565 38.659 2.784
359 11 1 39.433 3.513 38.669 2.732
360 11 1 39.464 3.482 38.700 2.701
361 11 1 39.485 3.461 38.721 2.680
362 11 1 39.495 3.461 38.732 2.680
363 11 1 39.506 3.451 38.742 2.670
364 11 1 39.516 3.420 38.752 2.639
5 16 2 38.223 20.598 37.629 18.728
6 16 2 38.244 20.556 37.650 18.686
7 16 2 38.254 20.513 37.661 18.644
8 16 2 38.265 20.502 37.671 18.633
9 16 2 38.254 20.471 37.660 18.601
10 16 2 38.265 20.439 37.671 18.569
11 16 2 38.275 20.375 37.681 18.506
12 16 2 38.286 20.301 37.692 18.432
13 16 2 38.296 20.216 37.702 18.347
14 16 2 38.296 20.163 37.702 18.294
15 16 2 38.285 20.121 37.692 18.252
16 16 2 38.275 20.078 37.681 18.210
17 16 2 38.264 20.015 37.670 18.146
18 16 2 38.253 19.941 37.660 18.072
19 16 2 38.243 19.856 37.649 17.988
20 16 2 38.242 19.793 37.649 17.924
21 16 2 38.253 19.750 37.659 17.882
22 16 2 38.274 19.708 37.680 17.839
23 16 2 38.284 19.665 37.691 17.797
24 16 2 38.284 19.655 37.691 17.786
25 16 2 38.284 19.623 37.691 17.755
26 16 2 38.295 19.570 37.701 17.702
27 16 2 38.284 19.485 37.691 17.617
28 16 2 38.273 19.401 37.680 17.533
29 16 2 38.263 19.316 37.669 17.448
30 16 2 38.263 19.284 37.669 17.417
31 16 2 38.252 19.263 37.659 17.396
32 16 2 38.241 19.200 37.648 17.332
33 16 2 38.231 19.115 37.637 17.248
34 16 2 38.230 19.020 37.637 17.153
35 16 2 38.241 18.924 37.647 17.057
36 16 2 38.251 18.850 37.658 16.983
37 16 2 38.272 18.829 37.679 16.962
38 16 2 38.272 18.818 37.679 16.952
39 16 2 38.293 18.765 37.700 16.899
40 16 2 38.304 18.681 37.710 16.814
41 16 2 38.324 18.585 37.731 16.719
42 16 2 38.356 18.490 37.763 16.624
43 16 2 38.356 18.405 37.762 16.539
44 16 2 38.356 18.373 37.762 16.507
45 16 2 38.355 18.289 37.762 16.423
46 16 2 38.366 18.194 37.773 16.328
47 16 2 38.387 18.098 37.794 16.233
48 16 2 38.397 18.014 37.804 16.148
49 16 2 38.397 17.929 37.804 16.064
50 16 2 38.397 17.855 37.804 15.990
51 16 2 38.386 17.771 37.793 15.906
52 16 2 38.375 17.675 37.782 15.811
53 16 2 38.386 17.570 37.793 15.705
54 16 2 38.396 17.517 37.803 15.652
55 16 2 38.406 17.443 37.814 15.579
56 16 2 38.438 17.337 37.845 15.473
57 16 2 38.438 17.252 37.845 15.389
58 16 2 38.437 17.147 37.845 15.283
59 16 2 38.437 17.073 37.844 15.209
60 16 2 38.448 16.999 37.855 15.135
61 16 2 38.447 16.925 37.855 15.062
62 16 2 38.437 16.830 37.844 14.967
63 16 2 38.405 16.725 37.812 14.862
64 16 2 38.394 16.619 37.802 14.756
65 16 2 38.394 16.535 37.801 14.672
66 16 2 38.415 16.440 37.822 14.577
67 16 2 38.436 16.355 37.843 14.493
68 16 2 38.446 16.260 37.854 14.398
69 16 2 38.456 16.155 37.864 14.292
70 16 2 38.446 16.049 37.853 14.187
71 16 2 38.435 15.933 37.843 14.071
72 16 2 38.435 15.828 37.842 13.966
73 16 2 38.455 15.701 37.863 13.840
74 16 2 38.455 15.585 37.863 13.724
75 16 2 38.466 15.480 37.873 13.619
76 16 2 38.486 15.364 37.894 13.503
77 16 2 38.507 15.269 37.915 13.408
78 16 2 38.538 15.163 37.946 13.303
79 16 2 38.549 15.037 37.957 13.176
80 16 2 38.527 14.910 37.935 13.050
81 16 2 38.527 14.784 37.935 12.924
82 16 2 38.548 14.657 37.956 12.798
83 16 2 38.579 14.552 37.987 12.693
84 16 2 38.632 14.436 38.040 12.577
85 16 2 38.673 14.320 38.081 12.461
86 16 2 38.694 14.193 38.102 12.335
87 16 2 38.715 14.067 38.123 12.209
88 16 2 38.767 13.940 38.175 12.082
89 16 2 38.809 13.835 38.217 11.977
90 16 2 38.872 13.730 38.280 11.872
91 16 2 38.913 13.656 38.322 11.798
92 16 2 38.934 13.582 38.342 11.725
93 16 2 38.955 13.487 38.363 11.630
94 16 2 38.997 13.371 38.405 11.515
95 16 2 39.059 13.266 38.468 11.409
96 16 2 39.112 13.140 38.520 11.283
97 16 2 39.153 13.045 38.562 11.189
98 16 2 39.174 12.940 38.582 11.084
99 16 2 39.205 12.803 38.614 10.947
100 16 2 39.247 12.687 38.655 10.832
101 16 2 39.299 12.561 38.707 10.706
102 16 2 39.330 12.445 38.739 10.591
103 16 2 39.372 12.340 38.780 10.486
104 16 2 39.403 12.225 38.812 10.370
105 16 2 39.434 12.099 38.843 10.245
106 16 2 39.476 11.972 38.884 10.119
107 16 2 39.507 11.857 38.915 10.003
108 16 2 39.538 11.752 38.947 9.899
109 16 2 39.569 11.636 38.978 9.783
110 16 2 39.590 11.521 38.998 9.668
111 16 2 39.631 11.395 39.040 9.542
112 16 2 39.652 11.269 39.061 9.417
113 16 2 39.673 11.154 39.081 9.302
114 16 2 39.704 11.028 39.112 9.176
115 16 2 39.745 10.902 39.154 9.050
116 16 2 39.776 10.766 39.185 8.914
117 16 2 39.828 10.629 39.237 8.778
118 16 2 39.838 10.504 39.247 8.653
119 16 2 39.838 10.399 39.247 8.548
120 16 2 39.838 10.294 39.247 8.444
121 16 2 39.869 10.179 39.278 8.329
122 16 2 39.889 10.053 39.298 8.203
123 16 2 39.931 9.928 39.340 8.078
124 16 2 39.941 9.781 39.350 7.932
125 16 2 39.930 9.645 39.339 7.796
126 16 2 39.909 9.530 39.318 7.681
127 16 2 39.887 9.384 39.297 7.535
128 16 2 39.898 9.279 39.307 7.430
129 16 2 39.908 9.154 39.317 7.305
130 16 2 39.907 9.039 39.317 7.190
131 16 2 39.917 8.892 39.327 7.044
132 16 2 39.896 8.788 39.306 6.940
133 16 2 39.885 8.662 39.295 6.814
134 16 2 39.885 8.558 39.295 6.710
135 16 2 39.895 8.422 39.305 6.575
136 16 2 39.895 8.307 39.305 6.460
137 16 2 39.905 8.171 39.315 6.324
138 16 2 39.915 8.077 39.325 6.230
139 16 2 39.925 7.952 39.335 6.105
140 16 2 39.925 7.826 39.335 5.980
141 16 2 39.935 7.701 39.345 5.855
142 16 2 39.903 7.586 39.313 5.740
143 16 2 39.892 7.482 39.302 5.636
144 16 2 39.892 7.388 39.302 5.542
145 16 2 39.902 7.305 39.312 5.459
146 16 2 39.912 7.190 39.323 5.345
147 16 2 39.912 7.065 39.322 5.220
148 16 2 39.901 6.950 39.312 5.105
149 16 2 39.911 6.835 39.322 4.990
150 16 2 39.911 6.710 39.321 4.866
151 16 2 39.911 6.606 39.321 4.761
152 16 2 39.900 6.481 39.310 4.636
153 16 2 39.910 6.366 39.320 4.522
154 16 2 39.899 6.262 39.310 4.418
155 16 2 39.920 6.147 39.330 4.304
156 16 2 39.930 6.043 39.341 4.199
157 16 2 39.951 5.949 39.361 4.106
158 16 2 39.982 5.834 39.392 3.992
159 16 2 40.013 5.730 39.423 3.888
160 16 2 40.023 5.626 39.433 3.784
161 16 2 40.022 5.522 39.433 3.680
162 16 2 40.012 5.418 39.422 3.576
163 16 2 40.011 5.324 39.422 3.482
164 16 2 40.032 5.210 39.443 3.368
165 16 2 40.063 5.106 39.474 3.264
166 16 2 40.073 4.991 39.484 3.150
167 16 2 40.083 4.887 39.494 3.046
168 16 2 40.072 4.783 39.483 2.942
169 16 2 40.062 4.679 39.473 2.838
170 16 2 40.072 4.575 39.483 2.734
171 16 2 40.103 4.461 39.514 2.620
172 16 2 40.123 4.357 39.534 2.516
173 16 2 40.154 4.253 39.565 2.413
174 16 2 40.175 4.169 39.586 2.330
175 16 2 40.185 4.086 39.596 2.247
176 16 2 40.227 4.003 39.638 2.164
177 16 2 40.278 3.899 39.689 2.060
178 16 2 40.330 3.806 39.741 1.967
179 16 2 40.382 3.702 39.793 1.863
180 16 2 40.402 3.598 39.814 1.760
181 16 2 40.402 3.494 39.813 1.656
182 16 2 40.423 3.411 39.834 1.573
183 16 2 40.443 3.318 39.854 1.480
184 16 2 40.464 3.214 39.875 1.376
185 16 2 40.495 3.121 39.906 1.283
186 16 2 40.515 3.027 39.927 1.190
187 16 2 40.536 2.955 39.947 1.117
188 16 2 40.546 2.892 39.957 1.055
189 16 2 40.556 2.830 39.968 0.993
190 16 2 40.587 2.747 39.999 0.910
191 16 2 40.587 2.654 39.998 0.817
192 16 2 40.587 2.581 39.998 0.744
193 16 2 40.597 2.519 40.008 0.682
194 16 2 40.597 2.467 40.008 0.631
195 16 2 40.586 2.405 39.998 0.568
196 16 2 40.575 2.311 39.987 0.475
197 16 2 40.565 2.218 39.976 0.382
198 16 2 40.564 2.135 39.976 0.299
199 16 2 40.564 2.073 39.976 0.237
200 16 2 40.585 2.021 39.996 0.185
201 16 2 40.574 1.969 39.986 0.133
202 16 2 40.564 1.886 39.975 0.051
203 16 2 40.553 1.814 39.965 -0.022
204 16 2 40.532 1.741 39.944 -0.094
0 16 2 38.171 20.874 37.577 19.004
1 16 2 38.171 20.821 37.577 18.951
2 16 2 38.181 20.758 37.587 18.888
3 16 2 38.181 20.694 37.587 18.824
4 16 2 38.202 20.641 37.608 18.771
205 16 2 40.490 1.689 39.902 -0.146
206 16 2 40.459 1.637 39.871 -0.198
207 16 2 40.417 1.606 39.829 -0.229
208 16 2 40.375 1.554 39.787 -0.281
209 16 2 40.333 1.512 39.745 -0.323
210 16 2 40.292 1.471 39.704 -0.364
211 16 2 40.260 1.440 39.672 -0.396
212 16 2 40.239 1.419 39.651 -0.416
213 16 2 40.187 1.377 39.599 -0.458
214 16 2 40.135 1.336 39.547 -0.500
215 16 2 40.083 1.294 39.495 -0.541
216 16 2 40.041 1.273 39.453 -0.562
217 16 2 40.020 1.263 39.432 -0.573
218 16 2 40.020 1.263 39.432 -0.573
219 16 2 40.010 1.252 39.422 -0.583
220 16 2 40.000 1.252 39.412 -0.583
221 16 2 39.968 1.242 39.380 -0.594
222 16 2 39.927 1.242 39.339 -0.594
223 16 2 39.895 1.231 39.307 -0.604
224 16 2 39.864 1.231 39.276 -0.604
225 16 2 39.833 1.241 39.245 -0.594
226 16 2 39.791 1.220 39.203 -0.615
227 16 2 39.770 1.210 39.183 -0.626
228 16 2 39.739 1.189 39.151 -0.646
229 16 2 39.708 1.189 39.120 -0.647
230 16 2 39.697 1.189 39.110 -0.647
231 16 2 39.687 1.220 39.099 -0.616
232 16 2 39.666 1.210 39.078 -0.626
233 16 2 39.645 1.220 39.058 -0.616
234 16 2 39.604 1.199 39.016 -0.637
235 16 2 39.562 1.199 38.974 -0.637
236 16 2 39.541 1.209 38.953 -0.627
237 16 2 39.531 1.240 38.943 -0.596
238 16 2 39.500 1.261 38.912 -0.575
239 16 2 39.458 1.271 38.870 -0.565
240 16 2 39.427 1.271 38.839 -0.565
241 16 2 39.396 1.271 38.808 -0.565
242 16 2 39.364 1.281 38.777 -0.555
243 16 2 39.333 1.302 38.745 -0.534
244 16 2 39.333 1.312 38.745 -0.524
245 16 2 39.323 1.322 38.735 -0.514
246 16 2 39.333 1.322 38.745 -0.514
247 16 2 39.323 1.343 38.735 -0.493
248 16 2 39.292 1.364 38.704 -0.473
249 16 2 39.260 1.384 38.673 -0.452
250 16 2 39.240 1.405 38.652 -0.431
251 16 2 39.229 1.436 38.641 -0.400
252 16 2 39.250 1.457 38.662 -0.380
253 16 2 39.250 1.499 38.662 -0.338
254 16 2 39.240 1.519 38.652 -0.317
255 16 2 39.240 1.530 38.652 -0.307
256 16 2 39.219 1.540 38.631 -0.297
257 16 2 39.198 1.571 38.611 -0.266
258 16 2 39.167 1.612 38.579 -0.225
259 16 2 39.126 1.664 38.538 -0.173
260 16 2 39.074 1.716 38.486 -0.121
261 16 2 39.032 1.736 38.444 -0.101
262 16 2 39.022 1.747 38.434 -0.091
263 16 2 38.990 1.767 38.402 -0.070
264 16 2 38.959 1.819 38.371 -0.018
265 16 2 38.918 1.881 38.330 0.044
266 16 2 38.866 1.964 38.278 0.126
267 16 2 38.845 2.026 38.257 0.188
268 16 2 38.835 2.078 38.247 0.240
269 16 2 38.835 2.120 38.247 0.282
270 16 2 38.835 2.151 38.247 0.313
271 16 2 38.845 2.151 38.257 0.313
272 16 2 38.835 2.141 38.247 0.302
273 16 2 38.824 2.151 38.236 0.313
274 16 2 38.814 2.182 38.226 0.344
275 16 2 38.814 2.224 38.226 0.385
276 16 2 38.814 2.286 38.226 0.448
277 16 2 38.804 2.307 38.216 0.468
278 16 2 38.793 2.327 38.205 0.489
279 16 2 38.773 2.359 38.185 0.520
280 16 2 38.762 2.390 38.174 0.551
281 16 2 38.762 2.431 38.174 0.592
282 16 2 38.773 2.462 38.185 0.624
283 16 2 38.773 2.473 38.185 0.634
284 16 2 38.773 2.494 38.185 0.655
285 16 2 38.773 2.504 38.185 0.665
286 16 2 38.752 2.535 38.164 0.696
287 16 2 38.742 2.566 38.154 0.727
288 16 2 38.742 2.587 38.154 0.748
289 16 2 38.721 2.618 38.133 0.779
290 16 2 38.700 2.628 38.112 0.789
291 16 2 38.679 2.639 38.091 0.800
292 16 2 38.679 2.660 38.091 0.820
293 16 2 38.679 2.670 38.091 0.831
294 16 2 38.679 2.691 38.091 0.851
295 16 2 38.669 2.732 38.081 0.893
296 16 2 38.659 2.763 38.071 0.924
297 16 2 38.659 2.795 38.071 0.955
298 16 2 38.648 2.826 38.060 0.986
299 16 2 38.648 2.847 38.060 1.007
300 16 2 38.638 2.878 38.050 1.038
301 16 2 38.617 2.898 38.029 1.059
302 16 2 38.596 2.919 38.008 1.079
303 16 2 38.576 2.940 37.987 1.100
304 16 2 38.555 2.950 37.967 1.110
305 16 2 38.544 2.961 37.956 1.121
306 16 2 38.534 2.992 37.946 1.152
307 16 2 38.524 3.013 37.935 1.172
308 16 2 38.513 3.044 37.925 1.204
309 16 2 38.513 3.054 37.925 1.214
310 16 2 38.513 3.044 37.925 1.204
311 16 2 38.492 3.044 37.904 1.204
312 16 2 38.471 3.064 37.883 1.224
313 16 2 38.472 3.096 37.883 1.255
314 16 2 38.472 3.137 37.883 1.297
315 16 2 38.482 3.168 37.894 1.328
316 16 2 38.482 3.179 37.894 1.338
317 16 2 38.472 3.189 37.884 1.349
318 16 2 38.461 3.210 37.873 1.369
319 16 2 38.461 3.241 37.873 1.401
320 16 2 38.461 3.262 37.873 1.421
321 16 2 38.441 3.293 37.852 1.452
322 16 2 38.430 3.293 37.842 1.452
323 16 2 38.430 3.303 37.842 1.463
324 16 2 38.409 3.324 37.821 1.484
325 16 2 38.420 3.324 37.832 1.484
326 16 2 38.441 3.345 37.852 1.504
327 16 2 38.430 3.355 37.842 1.515
328 16 2 38.420 3.366 37.832 1.525
329 16 2 38.409 3.376 37.821 1.535
330 16 2 38.409 3.376 37.821 1.535
331 16 2 38.420 3.376 37.832 1.535
332 16 2 38.441 3.376 37.853 1.536
333 16 2 38.441 3.387 37.853 1.546
334 16 2 38.430 3.397 37.842 1.556
335 16 2 38.410 3.407 37.821 1.567
336 16 2 38.378 3.407 37.790 1.566
337 16 2 38.357 3.418 37.769 1.577
338 16 2 38.347 3.428 37.759 1.587
339 16 2 38.336 3.438 37.748 1.597
340 16 2 38.347 3.428 37.759 1.587
341 16 2 38.357 3.418 37.769 1.577
342 16 2 38.378 3.407 37.790 1.566
343 16 2 38.378 3.407 37.790 1.566
344 16 2 38.389 3.407 37.800 1.567
345 16 2 38.399 3.407 37.811 1.567
346 16 2 38.410 3.407 37.821 1.567
347 16 2 38.420 3.407 37.832 1.567
348 16 2 38.420 3.418 37.832 1.577
349 16 2 38.420 3.418 37.832 1.577
350 16 2 38.420 3.407 37.832 1.567
351 16 2 38.430 3.407 37.842 1.567
352 16 2 38.430 3.407 37.842 1.567
353 16 2 38.441 3.407 37.853 1.567
354 16 2 38.441 3.407 37.853 1.567
355 16 2 38.441 3.418 37.853 1.577
356 16 2 38.441 3.418 37.853 1.577
357 16 2 38.441 3.428 37.853 1.587
358 16 2 38.430 3.428 37.842 1.587
359 16 2 38.430 3.428 37.842 1.587
360 16 2 38.441 3.428 37.853 1.587
361 16 2 38.441 3.428 37.853 1.587
362 16 2 38.451 3.439 37.863 1.598
363 16 2 38.462 3.439 37.874 1.598
364 16 2 38.472 3.428 37.884 1.588
