0 0 2 52.254 12.425 50.236 11.672
1 0 2 52.307 12.447 50.193 11.661
2 0 2 52.275 12.436 50.161 11.650
3 0 2 52.222 12.425 50.107 11.639
4 0 2 52.211 12.436 50.097 11.649
5 0 2 52.157 12.425 50.043 11.638
6 0 2 52.125 12.435 50.011 11.649
7 0 2 52.072 12.424 49.958 11.638
8 0 2 52.072 12.435 49.957 11.648
9 0 2 52.008 12.424 49.893 11.637
10 0 2 51.976 12.434 49.861 11.648
11 0 2 51.965 12.424 49.850 11.637
12 0 2 51.890 12.434 49.775 11.647
13 0 2 51.837 12.423 49.722 11.636
14 0 2 51.783 12.433 49.668 11.647
15 0 2 51.751 12.444 49.636 11.657
16 0 2 51.719 12.454 49.604 11.668
17 0 2 51.676 12.454 49.561 11.667
18 0 2 51.612 12.454 49.497 11.667
19 0 2 51.559 12.443 49.443 11.656
20 0 2 51.516 12.453 49.400 11.666
21 0 2 51.473 12.463 49.358 11.677
22 0 2 51.419 12.474 49.304 11.687
23 0 2 51.366 12.463 49.250 11.676
24 0 2 51.334 12.473 49.218 11.687
25 0 2 51.280 12.484 49.165 11.697
26 0 2 51.227 12.494 49.111 11.707
27 0 2 51.173 12.483 49.057 11.696
28 0 2 51.141 12.494 49.025 11.707
29 0 2 51.066 12.482 48.950 11.696
30 0 2 51.034 12.514 48.918 11.728
31 0 2 50.981 12.503 48.864 11.717
32 0 2 50.927 12.514 48.811 11.727
33 0 2 50.874 12.503 48.757 11.716
34 0 2 50.841 12.513 48.725 11.726
35 0 2 50.766 12.524 48.650 11.737
36 0 2 50.713 12.534 48.596 11.747
37 0 2 50.659 12.523 48.543 11.736
38 0 2 50.606 12.533 48.489 11.746
39 0 2 50.531 12.544 48.414 11.757
40 0 2 50.477 12.554 48.360 11.767
41 0 2 50.402 12.543 48.285 11.756
42 0 2 50.349 12.553 48.232 11.766
43 0 2 50.274 12.542 48.157 11.755
44 0 2 50.220 12.552 48.103 11.765
45 0 2 50.145 12.563 48.028 11.776
46 0 2 50.092 12.573 47.974 11.786
47 0 2 50.017 12.562 47.899 11.775
48 0 2 49.963 12.572 47.846 11.785
49 0 2 49.888 12.561 47.771 11.774
50 0 2 49.835 12.572 47.717 11.784
51 0 2 49.760 12.560 47.642 11.773
52 0 2 49.706 12.571 47.588 11.784
53 0 2 49.631 12.560 47.513 11.772
54 0 2 49.578 12.570 47.459 11.783
55 0 2 49.503 12.559 47.384 11.771
56 0 2 49.449 12.569 47.331 11.782
57 0 2 49.353 12.558 47.234 11.771
58 0 2 49.299 12.568 47.181 11.781
59 0 2 49.224 12.557 47.105 11.770
60 0 2 49.149 12.567 47.030 11.780
61 0 2 49.074 12.556 46.955 11.769
62 0 2 49.020 12.567 46.901 11.779
63 0 2 48.924 12.555 46.805 11.768
64 0 2 48.870 12.566 46.751 11.778
65 0 2 48.795 12.554 46.676 11.767
66 0 2 48.720 12.565 46.601 11.777
67 0 2 48.645 12.553 46.526 11.766
68 0 2 48.570 12.564 46.451 11.776
69 0 2 48.495 12.553 46.376 11.765
70 0 2 48.420 12.563 46.300 11.775
71 0 2 48.345 12.552 46.225 11.764
72 0 2 48.291 12.562 46.171 11.774
73 0 2 48.195 12.551 46.075 11.763
74 0 2 48.141 12.561 46.021 11.773
75 0 2 48.045 12.550 45.925 11.762
76 0 2 47.991 12.560 45.871 11.773
77 0 2 47.895 12.549 45.774 11.761
78 0 2 47.819 12.559 45.699 11.771
79 0 2 47.723 12.548 45.602 11.760
80 0 2 47.648 12.558 45.527 11.770
81 0 2 47.551 12.547 45.430 11.759
82 0 2 47.476 12.557 45.355 11.769
83 0 2 47.401 12.546 45.280 11.758
84 0 2 47.326 12.556 45.205 11.768
85 0 2 47.229 12.545 45.108 11.757
86 0 2 47.176 12.534 45.054 11.746
87 0 2 47.079 12.522 44.958 11.734
88 0 2 47.004 12.533 44.882 11.745
89 0 2 46.907 12.521 44.786 11.733
90 0 2 46.832 12.532 44.710 11.744
91 0 2 46.736 12.520 44.614 11.732
92 0 2 46.660 12.531 44.538 11.742
93 0 2 46.585 12.519 44.463 11.731
94 0 2 46.510 12.530 44.388 11.741
95 0 2 46.414 12.518 44.291 11.730
96 0 2 46.338 12.529 44.216 11.740
97 0 2 46.242 12.517 44.119 11.729
98 0 2 46.167 12.506 44.044 11.718
99 0 2 46.070 12.495 43.947 11.706
100 0 2 45.995 12.505 43.872 11.717
101 0 2 45.898 12.494 43.775 11.705
102 0 2 45.823 12.504 43.699 11.715
103 0 2 45.748 12.493 43.624 11.704
104 0 2 45.672 12.503 43.549 11.714
105 0 2 45.576 12.492 43.452 11.703
106 0 2 45.500 12.502 43.377 11.713
107 0 2 45.404 12.491 43.280 11.702
108 0 2 45.328 12.501 43.204 11.712
109 0 2 45.253 12.490 43.129 11.701
110 0 2 45.178 12.500 43.054 11.711
111 0 2 45.081 12.489 42.957 11.700
112 0 2 45.006 12.499 42.881 11.710
113 0 2 44.909 12.487 42.785 11.699
114 0 2 44.834 12.498 42.709 11.709
115 0 2 44.737 12.486 42.612 11.698
116 0 2 44.662 12.497 42.537 11.708
117 0 2 44.565 12.507 42.440 11.718
118 0 2 44.490 12.517 42.364 11.728
119 0 2 44.393 12.506 42.268 11.717
120 0 2 44.318 12.516 42.192 11.727
121 0 2 44.221 12.505 42.095 11.716
122 0 2 44.145 12.515 42.020 11.726
123 0 2 44.049 12.504 41.923 11.715
124 0 2 43.973 12.514 41.847 11.725
125 0 2 43.898 12.503 41.772 11.714
126 0 2 43.823 12.513 41.696 11.724
127 0 2 43.726 12.502 41.599 11.713
128 0 2 43.629 12.512 41.502 11.723
129 0 2 43.532 12.501 41.405 11.711
130 0 2 43.457 12.511 41.330 11.722
131 0 2 43.360 12.500 41.233 11.710
132 0 2 43.284 12.510 41.157 11.721
133 0 2 43.188 12.498 41.060 11.709
134 0 2 43.112 12.509 40.985 11.720
135 0 2 43.015 12.519 40.888 11.730
136 0 2 42.918 12.529 40.791 11.740
137 0 2 42.821 12.518 40.694 11.728
138 0 2 42.746 12.528 40.618 11.739
139 0 2 42.649 12.517 40.521 11.727
140 0 2 42.574 12.527 40.446 11.738
141 0 2 42.477 12.516 40.349 11.726
142 0 2 42.401 12.526 40.273 11.736
143 0 2 42.304 12.515 40.176 11.725
144 0 2 42.207 12.525 40.079 11.735
145 0 2 42.110 12.513 39.982 11.724
146 0 2 42.035 12.524 39.906 11.734
147 0 2 41.938 12.512 39.809 11.723
148 0 2 41.862 12.523 39.733 11.733
149 0 2 41.765 12.511 39.636 11.722
150 0 2 41.690 12.522 39.561 11.732
151 0 2 41.571 12.510 39.442 11.720
152 0 2 41.496 12.520 39.366 11.731
153 0 2 41.399 12.509 39.269 11.719
154 0 2 41.324 12.498 39.194 11.708
155 0 2 41.205 12.486 39.075 11.696
156 0 2 41.129 12.497 38.999 11.707
157 0 2 41.033 12.485 38.902 11.695
158 0 2 40.936 12.474 38.805 11.684
159 0 2 40.839 12.462 38.708 11.672
160 0 2 40.741 12.473 38.611 11.683
161 0 2 40.644 12.461 38.514 11.671
162 0 2 40.547 12.450 38.416 11.660
163 0 2 40.450 12.438 38.319 11.648
164 0 2 40.353 12.449 38.222 11.659
165 0 2 40.256 12.416 38.125 11.626
166 0 2 40.159 12.426 38.028 11.636
167 0 2 40.062 12.393 37.931 11.603
168 0 2 39.987 12.403 37.855 11.613
169 0 2 39.868 12.370 37.736 11.580
170 0 2 39.792 12.381 37.661 11.590
171 0 2 39.674 12.347 37.542 11.557
172 0 2 39.599 12.336 37.466 11.546
173 0 2 39.480 12.303 37.348 11.513
174 0 2 39.405 12.292 37.272 11.501
175 0 2 39.286 12.259 37.154 11.468
176 0 2 39.189 12.247 37.056 11.457
177 0 2 39.092 12.214 36.959 11.424
178 0 2 38.995 12.181 36.862 11.391
179 0 2 38.898 12.148 36.765 11.358
180 0 2 38.801 12.115 36.668 11.325
181 0 2 38.704 12.082 36.571 11.292
182 0 2 38.629 12.050 36.496 11.259
183 0 2 38.532 12.017 36.399 11.226
184 0 2 38.435 11.984 36.302 11.193
185 0 2 38.338 11.951 36.204 11.160
186 0 2 38.241 11.918 36.107 11.127
187 0 2 38.144 11.863 36.011 11.072
188 0 2 38.069 11.830 35.935 11.039
189 0 2 37.972 11.776 35.838 10.985
190 0 2 37.875 11.743 35.741 10.951
191 0 2 37.779 11.688 35.644 10.897
192 0 2 37.703 11.655 35.569 10.864
193 0 2 37.606 11.601 35.472 10.809
194 0 2 37.531 11.546 35.397 10.755
195 0 2 37.434 11.492 35.300 10.700
196 0 2 37.359 11.437 35.224 10.646
197 0 2 37.241 11.382 35.106 10.591
198 0 2 37.166 11.328 35.031 10.536
199 0 2 37.090 11.273 34.955 10.482
200 0 2 37.015 11.219 34.880 10.427
201 0 2 36.918 11.164 34.783 10.373
202 0 2 36.843 11.110 34.708 10.318
203 0 2 36.746 11.055 34.611 10.264
204 0 2 36.671 11.001 34.536 10.209
205 0 2 36.574 10.946 34.439 10.154
206 0 2 36.499 10.892 34.364 10.100
207 0 2 36.402 10.837 34.267 10.045
208 0 2 36.327 10.783 34.191 9.991
209 0 2 36.231 10.707 34.095 9.915
210 0 2 36.155 10.652 34.019 9.860
211 0 2 36.080 10.598 33.944 9.806
212 0 2 36.005 10.543 33.869 9.751
213 0 2 35.908 10.489 33.772 9.696
214 0 2 35.833 10.434 33.697 9.642
215 0 2 35.736 10.379 33.600 9.587
216 0 2 35.661 10.325 33.524 9.533
217 0 2 35.564 10.249 33.428 9.456
218 0 2 35.489 10.216 33.352 9.423
219 0 2 35.392 10.140 33.255 9.347
220 0 2 35.317 10.107 33.180 9.314
221 0 2 35.220 10.030 33.083 9.238
222 0 2 35.144 9.998 33.007 9.205
223 0 2 35.048 9.943 32.910 9.150
224 0 2 34.972 9.888 32.835 9.096
225 0 2 34.875 9.834 32.738 9.041
226 0 2 34.778 9.801 32.641 9.008
227 0 2 34.681 9.746 32.544 8.953
228 0 2 34.606 9.713 32.468 8.920
229 0 2 34.487 9.658 32.350 8.865
230 0 2 34.412 9.625 32.274 8.832
231 0 2 34.315 9.571 32.177 8.778
232 0 2 34.218 9.538 32.080 8.745
233 0 2 34.099 9.483 31.961 8.690
234 0 2 34.024 9.450 31.885 8.657
235 0 2 33.905 9.417 31.766 8.623
236 0 2 33.808 9.384 31.669 8.590
237 0 2 33.710 9.350 31.572 8.557
238 0 2 33.613 9.317 31.475 8.524
239 0 2 33.494 9.284 31.356 8.491
240 0 2 33.397 9.273 31.258 8.479
241 0 2 33.300 9.240 31.161 8.446
242 0 2 33.202 9.228 31.063 8.435
243 0 2 33.083 9.195 30.944 8.401
244 0 2 32.986 9.183 30.846 8.390
245 0 2 32.867 9.150 30.727 8.356
246 0 2 32.770 9.138 30.630 8.345
247 0 2 32.651 9.105 30.511 8.311
248 0 2 32.553 9.094 30.413 8.300
249 0 2 32.434 9.060 30.294 8.267
250 0 2 32.337 9.049 30.196 8.255
251 0 2 32.218 9.037 30.077 8.243
252 0 2 32.120 9.026 29.979 8.232
253 0 2 31.979 8.992 29.839 8.198
254 0 2 31.882 8.981 29.741 8.187
255 0 2 31.763 8.969 29.621 8.175
256 0 2 31.665 8.957 29.524 8.163
257 0 2 31.524 8.946 29.383 8.151
258 0 2 31.427 8.934 29.285 8.140
259 0 2 31.307 8.922 29.165 8.128
260 0 2 31.210 8.911 29.068 8.117
261 0 2 31.090 8.899 28.948 8.105
262 0 2 30.971 8.887 28.829 8.093
263 0 2 30.852 8.876 28.709 8.081
264 0 2 30.754 8.886 28.611 8.091
265 0 2 30.635 8.874 28.492 8.080
266 0 2 30.515 8.862 28.372 8.068
267 0 2 30.396 8.851 28.253 8.056
268 0 2 30.276 8.861 28.133 8.066
269 0 2 30.157 8.849 28.013 8.054
270 0 2 30.037 8.859 27.894 8.064
271 0 2 29.918 8.847 27.774 8.052
272 0 2 29.820 8.857 27.676 8.062
273 0 2 29.679 8.845 27.535 8.051
274 0 2 29.581 8.855 27.437 8.061
275 0 2 29.461 8.844 27.317 8.049
276 0 2 29.363 8.854 27.219 8.059
277 0 2 29.222 8.842 27.077 8.047
278 0 2 29.124 8.852 26.979 8.057
279 0 2 29.005 8.840 26.860 8.045
280 0 2 28.885 8.850 26.740 8.055
281 0 2 28.765 8.838 26.620 8.043
282 0 2 28.646 8.848 26.500 8.053
283 0 2 28.526 8.858 26.380 8.063
284 0 2 28.428 8.868 26.282 8.073
285 0 2 28.286 8.856 26.140 8.061
286 0 2 28.188 8.866 26.042 8.071
287 0 2 28.069 8.855 25.922 8.060
288 0 2 27.949 8.865 25.802 8.069
289 0 2 27.829 8.875 25.682 8.079
290 0 2 27.731 8.885 25.584 8.089
291 0 2 27.611 8.873 25.464 8.078
292 0 2 27.841 8.799 25.738 8.026
293 0 2 27.841 8.810 25.705 8.025
294 0 2 27.732 8.809 25.596 8.025
295 0 2 27.623 8.808 25.487 8.024
296 0 2 27.492 8.829 25.356 8.044
297 0 2 27.383 8.828 25.247 8.043
298 0 2 27.274 8.827 25.138 8.043
299 0 2 27.144 8.826 25.007 8.042
300 0 2 27.035 8.847 24.897 8.062
301 0 2 26.926 8.846 24.788 8.062
302 0 2 26.795 8.845 24.657 8.060
303 0 2 26.686 8.866 24.548 8.081
304 0 2 26.577 8.865 24.439 8.080
305 0 2 26.446 8.864 24.308 8.079
306 0 2 26.337 8.863 24.199 8.079
307 0 2 26.228 8.884 24.090 8.099
308 0 2 26.097 8.883 23.959 8.098
309 0 2 25.988 8.882 23.849 8.097
310 0 2 25.879 8.903 23.740 8.118
311 0 2 25.748 8.902 23.609 8.117
312 0 2 25.639 8.901 23.500 8.116
313 0 2 25.530 8.922 23.390 8.137
314 0 2 25.399 8.921 23.259 8.136
315 0 2 25.290 8.920 23.150 8.135
316 0 2 25.180 8.941 23.040 8.156
317 0 2 25.049 8.940 22.909 8.155
318 0 2 24.940 8.939 22.800 8.154
319 0 2 24.853 8.960 22.712 8.175
320 0 2 24.722 8.960 22.581 8.174
321 0 2 24.613 8.959 22.472 8.173
322 0 2 24.482 8.958 22.341 8.172
323 0 2 24.350 8.978 22.209 8.193
324 0 2 24.241 8.978 22.100 8.192
325 0 2 24.154 8.977 22.013 8.191
326 0 2 24.044 8.998 21.903 8.212
327 0 2 23.913 8.997 21.772 8.211
328 0 2 23.782 8.996 21.641 8.210
329 0 2 23.673 8.995 21.531 8.209
330 0 2 23.586 9.016 21.443 8.230
331 0 2 23.454 9.015 21.312 8.229
332 0 2 23.345 9.014 21.203 8.229
333 0 2 23.214 9.013 21.072 8.228
334 0 2 23.105 9.034 20.962 8.248
335 0 2 22.995 9.033 20.852 8.247
336 0 2 22.864 9.032 20.721 8.246
337 0 2 22.755 9.031 20.612 8.246
338 0 2 22.668 9.031 20.524 8.245
339 0 2 22.536 9.030 20.393 8.244
340 0 2 22.427 9.029 20.283 8.243
341 0 2 22.296 9.028 20.152 8.242
342 0 2 22.186 9.049 20.042 8.263
343 0 2 22.077 9.048 19.933 8.262
344 0 2 21.946 9.047 19.801 8.261
345 0 2 21.836 9.046 19.692 8.260
346 0 2 21.749 9.046 19.604 8.260
347 0 2 21.639 9.045 19.495 8.259
348 0 2 21.508 9.044 19.363 8.258
349 0 2 21.399 9.043 19.254 8.257
350 0 2 21.290 9.021 19.144 8.234
351 0 2 21.180 9.020 19.035 8.233
352 0 2 21.071 9.019 18.925 8.233
353 0 2 20.940 9.018 18.794 8.232
354 0 2 20.830 9.017 18.684 8.231
355 0 2 20.743 8.995 18.597 8.208
356 0 2 20.633 8.994 18.487 8.207
357 0 2 20.524 8.993 18.377 8.207
358 0 2 20.415 8.971 18.268 8.184
359 0 2 20.305 8.970 18.158 8.183
360 0 2 20.218 8.948 18.071 8.161
361 0 2 20.109 8.947 17.961 8.160
362 0 2 19.977 8.924 17.830 8.137
363 0 2 19.868 8.923 17.720 8.136
364 0 2 19.781 8.901 17.633 8.114
365 0 2 19.671 8.878 17.524 8.091
366 0 2 19.562 8.856 17.414 8.069
367 0 2 19.475 8.833 17.327 8.047
368 0 2 19.388 8.811 17.240 8.024
369 0 2 19.278 8.789 17.130 8.002
370 0 2 19.169 8.766 17.021 7.979
371 0 2 19.082 8.744 16.933 7.957
372 0 2 18.994 8.721 16.846 7.934
373 0 2 18.907 8.699 16.758 7.912
374 0 2 18.820 8.655 16.671 7.868
375 0 2 18.733 8.633 16.584 7.845
376 0 2 18.645 8.610 16.496 7.823
377 0 2 18.558 8.566 16.409 7.779
378 0 2 18.449 8.522 16.300 7.734
379 0 2 18.340 8.499 16.191 7.712
380 0 2 18.275 8.455 16.126 7.668
381 0 2 18.187 8.433 16.038 7.646
382 0 2 18.100 8.411 15.951 7.623
383 0 2 18.035 8.367 15.885 7.579
384 0 2 17.970 8.345 15.820 7.557
385 0 2 17.882 8.300 15.733 7.513
386 0 2 17.795 8.278 15.645 7.490
0 1 2 51.925 9.720 49.876 8.858
1 1 2 51.978 9.742 49.834 8.847
2 1 2 51.956 9.753 49.812 8.858
3 1 2 51.957 9.742 49.812 8.847
4 1 2 51.935 9.731 49.791 8.836
5 1 2 51.914 9.752 49.769 8.857
6 1 2 51.892 9.731 49.748 8.836
7 1 2 51.871 9.741 49.727 8.846
8 1 2 51.850 9.730 49.705 8.835
9 1 2 51.828 9.741 49.684 8.846
10 1 2 51.807 9.730 49.663 8.835
11 1 2 51.786 9.623 49.642 8.728
12 1 2 51.764 9.708 49.620 8.813
13 1 2 51.722 9.719 49.577 8.824
14 1 2 51.700 9.761 49.555 8.866
15 1 2 51.657 9.718 49.513 8.823
16 1 2 51.636 9.707 49.491 8.812
17 1 2 51.594 9.686 49.449 8.791
18 1 2 51.572 9.685 49.427 8.790
19 1 2 51.529 9.696 49.384 8.801
20 1 2 51.508 9.685 49.363 8.790
21 1 2 51.465 9.695 49.320 8.800
22 1 2 51.423 9.663 49.278 8.768
23 1 2 51.401 9.673 49.256 8.778
24 1 2 51.359 9.662 49.213 8.767
25 1 2 51.316 9.673 49.171 8.778
26 1 2 51.273 9.662 49.128 8.767
27 1 2 51.230 9.651 49.085 8.756
28 1 2 51.188 9.640 49.042 8.745
29 1 2 51.145 9.650 48.999 8.755
30 1 2 51.123 9.639 48.978 8.744
31 1 2 51.081 9.650 48.935 8.754
32 1 2 51.038 9.639 48.892 8.743
33 1 2 50.995 9.628 48.850 8.732
34 1 2 50.953 9.617 48.807 8.721
35 1 2 50.910 9.627 48.764 8.732
36 1 2 50.867 9.616 48.721 8.721
37 1 2 50.824 9.626 48.678 8.731
38 1 2 50.781 9.615 48.636 8.720
39 1 2 50.717 9.626 48.571 8.730
40 1 2 50.675 9.615 48.529 8.719
41 1 2 50.632 9.625 48.486 8.730
42 1 2 50.589 9.614 48.443 8.719
43 1 2 50.546 9.624 48.400 8.729
44 1 2 50.503 9.613 48.357 8.718
45 1 2 50.439 9.624 48.293 8.728
46 1 2 50.396 9.634 48.250 8.739
47 1 2 50.354 9.644 48.207 8.749
48 1 2 50.289 9.633 48.143 8.738
49 1 2 50.247 9.644 48.100 8.748
50 1 2 50.182 9.632 48.036 8.737
51 1 2 50.140 9.643 47.993 8.747
52 1 2 50.075 9.632 47.929 8.736
53 1 2 50.011 9.642 47.864 8.746
54 1 2 49.968 9.652 47.821 8.757
55 1 2 49.904 9.663 47.757 8.767
56 1 2 49.840 9.651 47.693 8.756
57 1 2 49.776 9.662 47.628 8.766
58 1 2 49.712 9.650 47.564 8.755
59 1 2 49.647 9.661 47.500 8.765
60 1 2 49.583 9.650 47.435 8.754
61 1 2 49.519 9.681 47.371 8.785
62 1 2 49.455 9.670 47.307 8.774
63 1 2 49.390 9.680 47.242 8.784
64 1 2 49.326 9.669 47.178 8.773
65 1 2 49.262 9.679 47.114 8.783
66 1 2 49.197 9.690 47.049 8.794
67 1 2 49.133 9.700 46.985 8.804
68 1 2 49.069 9.689 46.921 8.793
69 1 2 49.005 9.699 46.856 8.803
70 1 2 48.941 9.688 46.792 8.792
71 1 2 48.876 9.698 46.728 8.802
72 1 2 48.791 9.687 46.642 8.791
73 1 2 48.726 9.697 46.577 8.801
74 1 2 48.662 9.686 46.513 8.790
75 1 2 48.576 9.696 46.427 8.800
76 1 2 48.512 9.685 46.363 8.789
77 1 2 48.448 9.695 46.299 8.799
78 1 2 48.362 9.684 46.213 8.787
79 1 2 48.298 9.694 46.148 8.798
80 1 2 48.212 9.682 46.063 8.786
81 1 2 48.148 9.693 45.998 8.796
82 1 2 48.062 9.681 45.912 8.785
83 1 2 47.998 9.692 45.848 8.795
84 1 2 47.912 9.680 45.762 8.784
85 1 2 47.826 9.690 45.676 8.794
86 1 2 47.762 9.679 45.612 8.783
87 1 2 47.676 9.689 45.526 8.793
88 1 2 47.612 9.678 45.462 8.782
89 1 2 47.526 9.688 45.376 8.792
90 1 2 47.440 9.677 45.290 8.780
91 1 2 47.355 9.687 45.204 8.790
92 1 2 47.290 9.676 45.139 8.779
93 1 2 47.204 9.686 45.053 8.789
94 1 2 47.119 9.696 44.968 8.799
95 1 2 47.033 9.706 44.882 8.809
96 1 2 46.947 9.695 44.796 8.798
97 1 2 46.861 9.705 44.710 8.808
98 1 2 46.775 9.694 44.624 8.797
99 1 2 46.690 9.704 44.538 8.807
100 1 2 46.604 9.692 44.452 8.795
101 1 2 46.496 9.702 44.344 8.805
102 1 2 46.411 9.691 44.259 8.794
103 1 2 46.325 9.701 44.172 8.804
104 1 2 46.218 9.689 44.065 8.793
105 1 2 46.132 9.700 43.979 8.803
106 1 2 46.024 9.688 43.872 8.791
107 1 2 45.917 9.698 43.764 8.801
108 1 2 45.831 9.687 43.678 8.790
109 1 2 45.724 9.675 43.571 8.778
110 1 2 45.638 9.664 43.485 8.767
111 1 2 45.531 9.674 43.377 8.777
112 1 2 45.445 9.662 43.291 8.765
113 1 2 45.359 9.651 43.205 8.754
114 1 2 45.252 9.639 43.098 8.742
115 1 2 45.144 9.628 42.990 8.731
116 1 2 45.037 9.616 42.883 8.719
117 1 2 44.930 9.605 42.775 8.707
118 1 2 44.822 9.593 42.668 8.696
119 1 2 44.715 9.603 42.560 8.706
120 1 2 44.608 9.570 42.453 8.673
121 1 2 44.521 9.580 42.367 8.683
122 1 2 44.414 9.547 42.259 8.650
123 1 2 44.307 9.557 42.152 8.660
124 1 2 44.199 9.546 42.044 8.648
125 1 2 44.092 9.534 41.937 8.637
126 1 2 43.985 9.523 41.829 8.625
127 1 2 43.877 9.533 41.721 8.635
128 1 2 43.769 9.521 41.614 8.623
129 1 2 43.662 9.510 41.506 8.612
130 1 2 43.555 9.498 41.399 8.600
131 1 2 43.447 9.508 41.291 8.610
132 1 2 43.340 9.497 41.183 8.599
133 1 2 43.210 9.506 41.054 8.608
134 1 2 43.103 9.495 40.946 8.597
135 1 2 42.995 9.483 40.839 8.585
136 1 2 42.888 9.472 40.731 8.574
137 1 2 42.759 9.482 40.602 8.583
138 1 2 42.651 9.448 40.494 8.550
139 1 2 42.522 9.458 40.365 8.560
140 1 2 42.393 9.447 40.235 8.548
141 1 2 42.286 9.435 40.128 8.537
142 1 2 42.178 9.423 40.020 8.525
143 1 2 42.049 9.412 39.891 8.513
144 1 2 41.941 9.400 39.783 8.502
145 1 2 41.812 9.410 39.654 8.511
146 1 2 41.705 9.377 39.546 8.478
147 1 2 41.575 9.387 39.416 8.488
148 1 2 41.446 9.375 39.287 8.476
149 1 2 41.338 9.364 39.179 8.465
150 1 2 41.209 9.352 39.050 8.453
151 1 2 41.080 9.362 38.920 8.463
152 1 2 40.972 9.350 38.813 8.451
153 1 2 40.843 9.338 38.683 8.439
154 1 2 40.714 9.327 38.554 8.428
155 1 2 40.585 9.315 38.424 8.416
156 1 2 40.477 9.303 38.317 8.404
157 1 2 40.347 9.313 38.187 8.414
158 1 2 40.218 9.280 38.058 8.381
159 1 2 40.110 9.290 37.950 8.391
160 1 2 39.981 9.278 37.820 8.379
161 1 2 39.852 9.266 37.691 8.367
162 1 2 39.723 9.255 37.561 8.355
163 1 2 39.615 9.243 37.453 8.344
164 1 2 39.485 9.231 37.324 8.332
165 1 2 39.356 9.241 37.194 8.342
166 1 2 39.227 9.208 37.065 8.308
167 1 2 39.097 9.218 36.935 8.318
168 1 2 38.968 9.206 36.805 8.306
169 1 2 38.838 9.194 36.676 8.295
170 1 2 38.709 9.183 36.546 8.283
171 1 2 38.601 9.171 36.438 8.271
172 1 2 38.472 9.159 36.309 8.259
173 1 2 38.342 9.148 36.179 8.248
174 1 2 38.213 9.136 36.049 8.236
175 1 2 38.083 9.124 35.920 8.224
176 1 2 37.975 9.112 35.812 8.212
177 1 2 37.846 9.101 35.682 8.201
178 1 2 37.716 9.089 35.552 8.189
179 1 2 37.565 9.077 35.401 8.177
180 1 2 37.436 9.065 35.271 8.165
181 1 2 37.328 9.054 35.163 8.153
182 1 2 37.198 9.042 35.033 8.142
183 1 2 37.068 9.052 34.903 8.151
184 1 2 36.960 9.040 34.795 8.140
185 1 2 36.831 9.029 34.666 8.128
186 1 2 36.701 9.017 34.536 8.116
187 1 2 36.572 9.005 34.406 8.104
188 1 2 36.442 8.993 34.276 8.093
189 1 2 36.312 9.003 34.146 8.102
190 1 2 36.182 8.991 34.016 8.091
191 1 2 36.053 8.980 33.886 8.079
192 1 2 35.923 8.968 33.757 8.067
193 1 2 35.793 8.978 33.626 8.077
194 1 2 35.664 8.966 33.497 8.065
195 1 2 35.534 8.954 33.367 8.053
196 1 2 35.404 8.942 33.237 8.041
197 1 2 35.296 8.952 33.128 8.051
198 1 2 35.166 8.919 32.999 8.018
199 1 2 35.036 8.929 32.868 8.028
200 1 2 34.906 8.917 32.738 8.016
201 1 2 34.798 8.927 32.630 8.026
202 1 2 34.668 8.915 32.500 8.014
203 1 2 34.538 8.903 32.370 8.002
204 1 2 34.430 8.892 32.262 7.991
205 1 2 34.300 8.902 32.131 8.000
206 1 2 34.170 8.890 32.001 7.988
207 1 2 34.040 8.900 31.871 7.998
208 1 2 33.911 8.866 31.741 7.965
209 1 2 33.781 8.876 31.611 7.975
210 1 2 33.651 8.864 31.481 7.963
211 1 2 33.542 8.874 31.372 7.973
212 1 2 33.412 8.863 31.242 7.961
213 1 2 33.282 8.872 31.112 7.971
214 1 2 33.152 8.861 30.982 7.959
215 1 2 33.022 8.870 30.851 7.969
216 1 2 32.892 8.859 30.721 7.957
217 1 2 32.762 8.869 30.591 7.967
218 1 2 32.653 8.857 30.482 7.955
219 1 2 32.523 8.867 30.352 7.965
220 1 2 32.393 8.855 30.222 7.953
221 1 2 32.263 8.865 30.091 7.963
222 1 2 32.133 8.853 29.961 7.951
223 1 2 32.003 8.863 29.830 7.961
224 1 2 31.872 8.851 29.700 7.949
225 1 2 31.742 8.861 29.570 7.959
226 1 2 31.612 8.849 29.439 7.947
227 1 2 31.482 8.859 29.309 7.956
228 1 2 31.352 8.847 29.179 7.945
229 1 2 31.221 8.857 29.048 7.954
230 1 2 31.113 8.845 28.939 7.943
231 1 2 30.982 8.855 28.809 7.953
232 1 2 30.852 8.843 28.678 7.941
233 1 2 30.722 8.853 28.548 7.950
234 1 2 30.591 8.841 28.417 7.939
235 1 2 30.461 8.851 28.287 7.948
236 1 2 30.331 8.861 28.156 7.958
237 1 2 30.200 8.871 28.025 7.968
238 1 2 30.070 8.859 27.895 7.956
239 1 2 29.939 8.869 27.764 7.966
240 1 2 29.809 8.857 27.634 7.954
241 1 2 29.678 8.867 27.503 7.964
242 1 2 29.570 8.855 27.394 7.952
243 1 2 29.439 8.865 27.264 7.962
244 1 2 29.309 8.853 27.133 7.950
245 1 2 29.178 8.863 27.002 7.960
246 1 2 29.048 8.851 26.872 7.948
247 1 2 28.917 8.861 26.741 7.958
248 1 2 28.787 8.871 26.610 7.968
249 1 2 28.656 8.881 26.479 7.977
250 1 2 28.504 8.869 26.327 7.965
251 1 2 28.373 8.879 26.196 7.975
252 1 2 28.243 8.867 26.065 7.963
253 1 2 28.112 8.877 25.934 7.973
254 1 2 27.982 8.865 25.804 7.961
255 1 2 27.851 8.875 25.673 7.971
256 1 2 27.720 8.885 25.542 7.981
257 1 2 27.589 8.894 25.411 7.991
258 1 2 27.459 8.883 25.280 7.979
259 1 2 27.328 8.892 25.149 7.989
260 1 2 27.197 8.881 25.019 7.977
261 1 2 27.067 8.890 24.888 7.987
262 1 2 26.936 8.879 24.757 7.975
263 1 2 26.805 8.889 24.626 7.984
264 1 2 26.675 8.877 24.495 7.973
265 1 2 26.544 8.887 24.364 7.982
266 1 2 26.413 8.896 24.233 7.992
267 1 2 26.282 8.885 24.102 7.980
268 1 2 26.152 8.873 23.971 7.969
269 1 2 26.021 8.883 23.840 7.978
270 1 2 25.890 8.871 23.709 7.966
271 1 2 25.759 8.881 23.578 7.976
272 1 2 25.628 8.869 23.447 7.964
273 1 2 25.497 8.879 23.316 7.974
274 1 2 25.367 8.867 23.185 7.962
275 1 2 25.236 8.877 23.054 7.972
276 1 2 25.127 8.865 22.945 7.960
277 1 2 24.996 8.875 22.814 7.970
278 1 2 24.865 8.863 22.683 7.958
279 1 2 24.734 8.873 22.551 7.968
280 1 2 24.603 8.861 22.420 7.956
281 1 2 24.472 8.871 22.289 7.966
282 1 2 24.341 8.859 22.158 7.954
283 1 2 24.210 8.869 22.027 7.964
284 1 2 24.079 8.857 21.896 7.952
285 1 2 23.948 8.867 21.764 7.962
286 1 2 24.602 8.915 22.244 8.052
287 1 2 24.275 8.924 22.321 8.064
288 1 2 24.024 8.868 22.059 7.997
289 1 2 24.035 8.857 22.027 7.986
290 1 2 23.904 8.856 21.895 7.985
291 1 2 23.773 8.855 21.764 7.984
292 1 2 23.642 8.854 21.633 7.983
293 1 2 23.511 8.853 21.502 7.982
294 1 2 23.380 8.852 21.370 7.981
295 1 2 23.249 8.851 21.239 7.980
296 1 2 23.118 8.850 21.108 7.979
297 1 2 23.009 8.828 20.999 7.956
298 1 2 22.878 8.805 20.868 7.933
299 1 2 22.747 8.826 20.736 7.954
300 1 2 22.616 8.803 20.605 7.931
301 1 2 22.485 8.802 20.474 7.930
302 1 2 22.354 8.801 20.343 7.929
303 1 2 22.223 8.800 20.211 7.928
304 1 2 22.092 8.777 20.080 7.905
305 1 2 21.961 8.755 19.949 7.883
306 1 2 21.830 8.754 19.818 7.882
307 1 2 21.698 8.753 19.686 7.881
308 1 2 21.567 8.730 19.555 7.858
309 1 2 21.436 8.707 19.424 7.835
310 1 2 21.305 8.706 19.293 7.834
311 1 2 21.174 8.684 19.162 7.811
312 1 2 21.044 8.639 19.031 7.767
313 1 2 20.934 8.617 18.922 7.744
314 1 2 20.803 8.616 18.790 7.743
315 1 2 20.672 8.593 18.659 7.721
316 1 2 20.541 8.549 18.528 7.676
317 1 2 20.410 8.526 18.397 7.653
318 1 2 20.279 8.525 18.265 7.652
319 1 2 20.148 8.502 18.134 7.630
320 1 2 20.017 8.458 18.003 7.585
321 1 2 19.908 8.414 17.894 7.541
322 1 2 19.777 8.391 17.763 7.518
323 1 2 19.646 8.368 17.632 7.496
324 1 2 19.515 8.324 17.501 7.451
325 1 2 19.406 8.301 17.392 7.428
326 1 2 19.275 8.279 17.260 7.406
327 1 2 19.166 8.234 17.151 7.361
328 1 2 19.057 8.190 17.042 7.317
329 1 2 18.926 8.146 16.911 7.273
330 1 2 18.817 8.123 16.802 7.250
331 1 2 18.686 8.079 16.671 7.206
332 1 2 18.577 8.056 16.562 7.183
333 1 2 18.447 7.990 16.431 7.117
334 1 2 18.337 7.968 16.321 7.094
335 1 2 18.229 7.902 16.213 7.028
336 1 2 18.098 7.857 16.082 6.984
337 1 2 17.989 7.813 15.973 6.939
338 1 2 17.880 7.769 15.864 6.895
339 1 2 17.771 7.724 15.754 6.851
340 1 2 17.662 7.680 15.645 6.807
341 1 2 17.553 7.636 15.536 6.762
342 1 2 17.444 7.592 15.427 6.718
343 1 2 17.335 7.526 15.318 6.652
344 1 2 17.227 7.460 15.210 6.586
345 1 2 17.118 7.415 15.100 6.542
346 1 2 17.008 7.371 14.991 6.497
347 1 2 16.899 7.327 14.882 6.453
348 1 2 16.791 7.261 14.773 6.387
349 1 2 16.682 7.195 14.665 6.321
350 1 2 16.573 7.151 14.555 6.276
351 1 2 16.486 7.106 14.468 6.232
352 1 2 16.377 7.062 14.359 6.188
353 1 2 16.268 6.996 14.250 6.122
354 1 2 16.181 6.930 14.163 6.056
355 1 2 16.072 6.886 14.054 6.012
356 1 2 15.985 6.842 13.967 5.968
357 1 2 15.876 6.776 13.858 5.901
358 1 2 15.768 6.710 13.749 5.835
359 1 2 15.681 6.666 13.662 5.791
360 1 2 15.571 6.621 13.553 5.747
361 1 2 15.485 6.556 13.466 5.681
362 1 2 15.376 6.490 13.357 5.615
363 1 2 15.289 6.445 13.270 5.571
364 1 2 15.180 6.379 13.161 5.505
365 1 2 15.093 6.314 13.074 5.439
366 1 2 14.984 6.269 12.965 5.394
367 1 2 14.897 6.225 12.878 5.350
368 1 2 14.788 6.159 12.769 5.284
369 1 2 14.701 6.093 12.682 5.218
370 1 2 14.592 6.049 12.573 5.174
371 1 2 14.505 5.983 12.486 5.108
372 1 2 14.419 5.917 12.399 5.042
373 1 2 14.309 5.873 12.290 4.998
374 1 2 14.222 5.829 12.202 4.953
375 1 2 14.113 5.763 12.093 4.887
376 1 2 14.027 5.697 12.007 4.821
377 1 2 13.939 5.653 11.919 4.777
378 1 2 13.830 5.608 11.810 4.733
379 1 2 13.743 5.542 11.723 4.667
380 1 2 13.634 5.476 11.614 4.601
381 1 2 13.547 5.454 11.526 4.578
382 1 2 13.460 5.388 11.439 4.512
383 1 2 13.351 5.343 11.330 4.468
384 1 2 13.264 5.299 11.243 4.424
385 1 2 13.176 5.255 11.155 4.379
386 1 2 13.067 5.211 11.046 4.335
0 2 1 39.876 10.214 38.653 9.430
1 2 1 39.908 10.236 38.631 9.419
2 2 1 39.854 10.236 38.577 9.419
3 2 1 39.822 10.235 38.545 9.418
4 2 1 39.779 10.235 38.502 9.418
5 2 1 39.736 10.235 38.458 9.418
6 2 1 39.692 10.235 38.415 9.417
7 2 1 39.649 10.234 38.372 9.417
8 2 1 39.606 10.234 38.329 9.417
9 2 1 39.585 10.234 38.307 9.417
10 2 1 39.520 10.233 38.243 9.416
11 2 1 39.498 10.233 38.221 9.416
12 2 1 39.434 10.211 38.156 9.394
13 2 1 39.412 10.211 38.135 9.394
14 2 1 39.347 10.232 38.070 9.415
15 2 1 39.326 10.210 38.048 9.393
16 2 1 39.261 10.210 37.984 9.393
17 2 1 39.240 10.199 37.962 9.382
18 2 1 39.175 10.209 37.897 9.392
19 2 1 39.153 10.188 37.876 9.370
20 2 1 39.089 10.187 37.811 9.370
21 2 1 39.045 10.187 37.768 9.370
22 2 1 39.002 10.187 37.725 9.369
23 2 1 38.959 10.186 37.681 9.369
24 2 1 38.916 10.186 37.638 9.369
25 2 1 38.894 10.186 37.617 9.368
26 2 1 38.829 10.185 37.552 9.368
27 2 1 38.808 10.185 37.530 9.368
28 2 1 38.765 10.185 37.487 9.367
29 2 1 38.721 10.195 37.444 9.378
30 2 1 38.678 10.184 37.400 9.367
31 2 1 38.635 10.184 37.357 9.367
32 2 1 38.570 10.184 37.292 9.366
33 2 1 38.549 10.183 37.271 9.366
34 2 1 38.484 10.183 37.206 9.365
35 2 1 38.441 10.183 37.163 9.365
36 2 1 38.398 10.182 37.119 9.365
37 2 1 38.354 10.182 37.076 9.364
38 2 1 38.311 10.182 37.033 9.364
39 2 1 38.268 10.181 36.990 9.364
40 2 1 38.225 10.181 36.947 9.363
41 2 1 38.182 10.181 36.903 9.363
42 2 1 38.138 10.181 36.860 9.363
43 2 1 38.117 10.180 36.838 9.363
44 2 1 38.052 10.180 36.774 9.362
45 2 1 38.031 10.158 36.752 9.340
46 2 1 37.966 10.158 36.687 9.340
47 2 1 37.944 10.158 36.666 9.340
48 2 1 37.858 10.157 36.579 9.339
49 2 1 37.814 10.157 36.536 9.339
50 2 1 37.771 10.156 36.493 9.339
51 2 1 37.728 10.156 36.449 9.338
52 2 1 37.663 10.156 36.385 9.338
53 2 1 37.642 10.155 36.363 9.338
54 2 1 37.577 10.155 36.298 9.337
55 2 1 37.555 10.133 36.277 9.315
56 2 1 37.490 10.133 36.212 9.315
57 2 1 37.469 10.133 36.190 9.315
58 2 1 37.426 10.132 36.147 9.314
59 2 1 37.382 10.132 36.104 9.314
60 2 1 37.339 10.132 36.060 9.314
61 2 1 37.296 10.131 36.017 9.314
62 2 1 37.253 10.131 35.974 9.313
63 2 1 37.209 10.131 35.931 9.313
64 2 1 37.166 10.131 35.887 9.313
65 2 1 37.101 10.130 35.822 9.312
66 2 1 37.080 10.130 35.801 9.312
67 2 1 37.015 10.129 35.736 9.311
68 2 1 36.993 10.129 35.714 9.311
69 2 1 36.928 10.129 35.649 9.311
70 2 1 36.885 10.129 35.606 9.310
71 2 1 36.842 10.128 35.563 9.310
72 2 1 36.820 10.128 35.541 9.310
73 2 1 36.755 10.128 35.476 9.310
74 2 1 36.734 10.127 35.454 9.309
75 2 1 36.669 10.127 35.390 9.309
76 2 1 36.647 10.127 35.368 9.309
77 2 1 36.582 10.126 35.303 9.308
78 2 1 36.561 10.126 35.281 9.308
79 2 1 36.496 10.126 35.216 9.308
80 2 1 36.453 10.126 35.173 9.307
81 2 1 36.409 10.125 35.130 9.307
82 2 1 36.366 10.125 35.087 9.307
83 2 1 36.323 10.125 35.043 9.306
84 2 1 36.280 10.124 35.000 9.306
85 2 1 36.215 10.102 34.935 9.284
86 2 1 36.150 10.102 34.870 9.283
87 2 1 36.128 10.102 34.849 9.283
88 2 1 36.063 10.101 34.784 9.283
89 2 1 36.042 10.101 34.762 9.283
90 2 1 35.998 10.101 34.719 9.282
91 2 1 35.955 10.100 34.675 9.282
92 2 1 35.912 10.100 34.632 9.282
93 2 1 35.869 10.100 34.589 9.281
94 2 1 35.825 10.100 34.545 9.281
95 2 1 35.782 10.099 34.502 9.281
96 2 1 35.739 10.099 34.459 9.280
97 2 1 35.695 10.099 34.415 9.280
98 2 1 35.631 10.098 34.350 9.280
99 2 1 35.609 10.098 34.329 9.279
100 2 1 35.544 10.098 34.264 9.279
101 2 1 35.522 10.097 34.242 9.279
102 2 1 35.457 10.097 34.177 9.278
103 2 1 35.436 10.118 34.155 9.300
104 2 1 35.371 10.118 34.090 9.299
105 2 1 35.349 10.118 34.069 9.299
106 2 1 35.306 10.117 34.025 9.299
107 2 1 35.262 10.117 33.982 9.299
108 2 1 35.219 10.117 33.939 9.298
109 2 1 35.176 10.116 33.895 9.298
110 2 1 35.132 10.116 33.852 9.298
111 2 1 35.089 10.116 33.809 9.297
112 2 1 35.046 10.116 33.765 9.297
113 2 1 35.002 10.115 33.722 9.297
114 2 1 34.959 10.115 33.679 9.296
115 2 1 34.916 10.115 33.635 9.296
116 2 1 34.894 10.115 33.614 9.296
117 2 1 34.873 10.114 33.592 9.296
118 2 1 34.808 10.114 33.527 9.295
119 2 1 34.786 10.092 33.505 9.273
120 2 1 34.743 10.092 33.462 9.273
121 2 1 34.699 10.092 33.419 9.273
122 2 1 34.678 10.091 33.397 9.273
123 2 1 34.656 10.091 33.375 9.272
124 2 1 34.613 10.091 33.332 9.272
125 2 1 34.570 10.091 33.289 9.272
126 2 1 34.548 10.090 33.267 9.272
127 2 1 34.548 10.090 33.267 9.272
128 2 1 34.505 10.090 33.224 9.271
129 2 1 34.461 10.090 33.180 9.271
130 2 1 34.418 10.090 33.137 9.271
131 2 1 34.375 10.089 33.093 9.270
132 2 1 34.353 10.089 33.072 9.270
133 2 1 34.288 10.110 33.007 9.291
134 2 1 34.266 10.110 32.985 9.291
135 2 1 34.201 10.110 32.920 9.291
136 2 1 34.179 10.109 32.898 9.291
137 2 1 34.114 10.131 32.833 9.312
138 2 1 34.114 10.131 32.833 9.312
139 2 1 34.071 10.130 32.789 9.311
140 2 1 34.027 10.130 32.746 9.311
141 2 1 34.006 10.130 32.724 9.311
142 2 1 33.962 10.130 32.681 9.311
143 2 1 33.919 10.129 32.638 9.310
144 2 1 33.897 10.129 32.616 9.310
145 2 1 33.876 10.129 32.594 9.310
146 2 1 33.811 10.128 32.529 9.309
147 2 1 33.789 10.128 32.507 9.309
148 2 1 33.724 10.128 32.442 9.309
149 2 1 33.702 10.128 32.421 9.309
150 2 1 33.637 10.127 32.356 9.308
151 2 1 33.616 10.127 32.334 9.308
152 2 1 33.550 10.127 32.269 9.307
153 2 1 33.529 10.126 32.247 9.307
154 2 1 33.464 10.126 32.182 9.307
155 2 1 33.442 10.126 32.160 9.307
156 2 1 33.377 10.125 32.095 9.306
157 2 1 33.355 10.125 32.074 9.306
158 2 1 33.290 10.125 32.008 9.306
159 2 1 33.269 10.125 31.987 9.305
160 2 1 33.225 10.146 31.943 9.327
161 2 1 33.182 10.146 31.900 9.326
162 2 1 33.138 10.145 31.856 9.326
163 2 1 33.095 10.167 31.813 9.347
164 2 1 33.051 10.166 31.769 9.347
165 2 1 33.008 10.188 31.726 9.368
166 2 1 32.964 10.187 31.682 9.368
167 2 1 32.921 10.209 31.638 9.389
168 2 1 32.877 10.208 31.595 9.389
169 2 1 32.834 10.230 31.551 9.410
170 2 1 32.790 10.229 31.508 9.410
171 2 1 32.747 10.229 31.465 9.410
172 2 1 32.703 10.250 31.421 9.431
173 2 1 32.660 10.250 31.377 9.431
174 2 1 32.616 10.250 31.334 9.430
175 2 1 32.573 10.249 31.291 9.430
176 2 1 32.529 10.271 31.247 9.451
177 2 1 32.486 10.270 31.203 9.451
178 2 1 32.442 10.292 31.160 9.472
179 2 1 32.421 10.292 31.138 9.472
180 2 1 32.399 10.291 31.116 9.472
181 2 1 32.334 10.313 31.051 9.493
182 2 1 32.312 10.312 31.029 9.493
183 2 1 32.247 10.312 30.964 9.492
184 2 1 32.225 10.312 30.942 9.492
185 2 1 32.160 10.311 30.877 9.492
186 2 1 32.138 10.311 30.855 9.492
187 2 1 32.073 10.311 30.790 9.491
188 2 1 32.051 10.311 30.769 9.491
189 2 1 31.986 10.310 30.703 9.490
190 2 1 31.965 10.310 30.682 9.490
191 2 1 31.900 10.310 30.617 9.490
192 2 1 31.878 10.309 30.595 9.490
193 2 1 31.812 10.331 30.529 9.511
194 2 1 31.791 10.330 30.508 9.511
195 2 1 31.747 10.330 30.464 9.510
196 2 1 31.704 10.351 30.420 9.532
197 2 1 31.660 10.351 30.377 9.531
198 2 1 31.617 10.351 30.334 9.531
199 2 1 31.552 10.350 30.268 9.531
200 2 1 31.530 10.350 30.247 9.530
201 2 1 31.465 10.350 30.181 9.530
202 2 1 31.443 10.350 30.160 9.530
203 2 1 31.378 10.349 30.094 9.529
204 2 1 31.334 10.349 30.051 9.529
205 2 1 31.313 10.349 30.029 9.529
206 2 1 31.269 10.348 29.986 9.528
207 2 1 31.226 10.348 29.942 9.528
208 2 1 31.182 10.348 29.899 9.528
209 2 1 31.161 10.348 29.877 9.528
210 2 1 31.139 10.347 29.855 9.528
211 2 1 31.074 10.347 29.790 9.527
212 2 1 31.052 10.347 29.768 9.527
213 2 1 31.009 10.347 29.725 9.527
214 2 1 30.965 10.346 29.681 9.526
215 2 1 30.922 10.346 29.638 9.526
216 2 1 30.878 10.324 29.595 9.504
217 2 1 30.835 10.324 29.551 9.504
218 2 1 30.792 10.302 29.508 9.482
219 2 1 30.748 10.301 29.465 9.481
220 2 1 30.705 10.280 29.421 9.459
221 2 1 30.640 10.279 29.356 9.459
222 2 1 30.618 10.279 29.334 9.459
223 2 1 30.575 10.279 29.291 9.459
224 2 1 30.531 10.278 29.247 9.458
225 2 1 30.488 10.278 29.204 9.458
226 2 1 30.444 10.278 29.160 9.458
227 2 1 30.423 10.278 29.139 9.457
228 2 1 30.401 10.277 29.117 9.457
229 2 1 30.336 10.277 29.052 9.457
230 2 1 30.292 10.277 29.008 9.456
231 2 1 30.249 10.276 28.965 9.456
232 2 1 30.205 10.276 28.921 9.456
233 2 1 30.162 10.276 28.878 9.456
234 2 1 30.118 10.275 28.834 9.455
235 2 1 30.075 10.254 28.791 9.433
236 2 1 30.032 10.253 28.747 9.433
237 2 1 29.966 10.253 28.682 9.432
238 2 1 29.923 10.252 28.638 9.432
239 2 1 29.879 10.252 28.595 9.432
240 2 1 29.836 10.230 28.552 9.410
241 2 1 29.793 10.230 28.508 9.410
242 2 1 29.749 10.230 28.465 9.409
243 2 1 29.706 10.229 28.421 9.409
244 2 1 29.662 10.229 28.378 9.409
245 2 1 29.619 10.207 28.334 9.387
246 2 1 29.575 10.207 28.291 9.386
247 2 1 29.532 10.185 28.248 9.364
248 2 1 29.489 10.185 28.204 9.364
249 2 1 29.423 10.184 28.139 9.364
250 2 1 29.402 10.162 28.117 9.342
251 2 1 29.337 10.162 28.052 9.341
252 2 1 29.315 10.162 28.030 9.341
253 2 1 29.250 10.161 27.965 9.341
254 2 1 29.228 10.161 27.943 9.341
255 2 1 29.184 10.161 27.899 9.340
256 2 1 29.141 10.160 27.856 9.340
257 2 1 29.097 10.160 27.812 9.340
258 2 1 29.054 10.160 27.769 9.339
259 2 1 29.010 10.160 27.725 9.339
260 2 1 28.967 10.159 27.682 9.339
261 2 1 28.923 10.159 27.638 9.338
262 2 1 28.880 10.159 27.595 9.338
263 2 1 28.815 10.158 27.529 9.337
264 2 1 28.793 10.158 27.508 9.337
265 2 1 28.728 10.158 27.442 9.337
266 2 1 28.706 10.157 27.420 9.337
267 2 1 28.640 10.157 27.355 9.336
268 2 1 28.597 10.157 27.312 9.336
269 2 1 28.553 10.156 27.268 9.336
270 2 1 28.532 10.156 27.246 9.335
271 2 1 28.466 10.156 27.181 9.335
272 2 1 28.445 10.156 27.159 9.335
273 2 1 28.379 10.155 27.094 9.334
274 2 1 28.357 10.177 27.072 9.356
275 2 1 28.292 10.176 27.006 9.355
276 2 1 28.270 10.176 26.984 9.355
277 2 1 28.205 10.176 26.919 9.355
278 2 1 28.183 10.175 26.897 9.354
279 2 1 28.118 10.175 26.832 9.354
280 2 1 28.096 10.175 26.810 9.354
281 2 1 28.031 10.174 26.745 9.353
282 2 1 28.009 10.174 26.723 9.353
283 2 1 27.944 10.174 26.658 9.353
284 2 1 27.900 10.173 26.614 9.352
285 2 1 27.857 10.151 26.571 9.330
286 2 1 27.835 10.173 26.549 9.352
287 2 1 27.769 10.172 26.483 9.351
288 2 1 27.748 10.172 26.461 9.351
289 2 1 27.704 10.172 26.418 9.351
290 2 1 27.660 10.172 26.374 9.351
291 2 1 27.617 10.193 26.330 9.372
292 2 1 27.573 10.193 26.287 9.372
293 2 1 27.529 10.214 26.243 9.393
294 2 1 27.486 10.214 26.199 9.393
295 2 1 27.442 10.213 26.156 9.392
296 2 1 27.398 10.213 26.112 9.392
297 2 1 27.333 10.213 26.047 9.392
298 2 1 27.311 10.213 26.025 9.391
299 2 1 27.246 10.212 25.960 9.391
300 2 1 27.224 10.212 25.938 9.391
301 2 1 27.180 10.233 25.894 9.412
302 2 1 27.137 10.233 25.850 9.412
303 2 1 27.093 10.233 25.807 9.411
304 2 1 27.050 10.232 25.763 9.411
305 2 1 27.006 10.232 25.719 9.411
306 2 1 26.962 10.232 25.676 9.411
307 2 1 26.919 10.231 25.632 9.410
308 2 1 26.875 10.231 25.589 9.410
309 2 1 26.832 10.231 25.545 9.410
310 2 1 26.788 10.231 25.501 9.409
311 2 1 26.744 10.230 25.458 9.409
312 2 1 26.701 10.230 25.414 9.409
313 2 1 26.658 10.208 25.371 9.387
314 2 1 26.636 10.208 25.349 9.386
315 2 1 26.614 10.208 25.327 9.386
316 2 1 26.549 10.207 25.262 9.386
317 2 1 26.527 10.185 25.240 9.364
318 2 1 26.483 10.185 25.196 9.364
319 2 1 26.440 10.185 25.153 9.363
320 2 1 26.418 10.185 25.131 9.363
321 2 1 26.396 10.184 25.109 9.363
322 2 1 26.331 10.184 25.044 9.363
323 2 1 26.309 10.184 25.022 9.362
324 2 1 26.265 10.184 24.978 9.362
325 2 1 26.222 10.183 24.935 9.362
326 2 1 26.178 10.183 24.891 9.361
327 2 1 26.135 10.183 24.847 9.361
328 2 1 26.091 10.182 24.804 9.361
329 2 1 26.047 10.182 24.760 9.360
330 2 1 26.004 10.182 24.716 9.360
331 2 1 25.960 10.160 24.673 9.338
332 2 1 25.938 10.181 24.651 9.360
333 2 1 25.916 10.181 24.629 9.360
334 2 1 25.851 10.181 24.564 9.359
335 2 1 25.851 10.181 24.564 9.359
336 2 1 25.807 10.180 24.520 9.359
337 2 1 25.786 10.180 24.498 9.359
338 2 1 25.720 10.180 24.433 9.358
339 2 1 25.698 10.180 24.411 9.358
340 2 1 25.633 10.179 24.345 9.357
341 2 1 25.611 10.179 24.323 9.357
342 2 1 25.567 10.179 24.280 9.357
343 2 1 25.524 10.178 24.236 9.357
344 2 1 25.480 10.178 24.192 9.356
345 2 1 25.437 10.178 24.149 9.356
346 2 1 25.393 10.177 24.105 9.356
347 2 1 25.350 10.155 24.062 9.334
348 2 1 25.328 10.155 24.040 9.334
349 2 1 25.306 10.155 24.018 9.333
350 2 1 25.262 10.155 23.974 9.333
351 2 1 25.219 10.133 23.931 9.311
352 2 1 25.175 10.133 23.887 9.311
353 2 1 25.153 10.132 23.865 9.311
354 2 1 25.132 10.132 23.844 9.310
355 2 1 25.088 10.132 23.800 9.310
356 2 1 25.044 10.132 23.756 9.310
357 2 1 25.023 10.132 23.734 9.310
358 2 1 25.001 10.131 23.713 9.309
359 2 1 24.957 10.131 23.669 9.309
360 2 1 24.913 10.131 23.625 9.309
361 2 1 24.870 10.130 23.582 9.309
362 2 1 24.826 10.130 23.538 9.308
363 2 1 24.804 10.130 23.516 9.308
364 2 1 24.782 10.130 23.494 9.308
365 2 1 24.717 10.129 23.429 9.307
366 2 1 24.717 10.129 23.429 9.307
367 2 1 24.673 10.151 23.385 9.329
368 2 1 24.651 10.151 23.363 9.329
369 2 1 24.607 10.172 23.319 9.350
370 2 1 24.585 10.172 23.297 9.350
371 2 1 24.563 10.172 23.275 9.350
372 2 1 24.520 10.171 23.231 9.349
373 2 1 24.498 10.171 23.209 9.349
374 2 1 24.476 10.171 23.188 9.349
375 2 1 24.432 10.171 23.144 9.349
376 2 1 24.411 10.171 23.122 9.349
377 2 1 24.389 10.170 23.100 9.348
378 2 1 24.345 10.170 23.057 9.348
379 2 1 24.323 10.192 23.034 9.370
380 2 1 24.301 10.191 23.013 9.369
381 2 1 24.257 10.191 22.969 9.369
382 2 1 24.236 10.191 22.947 9.369
383 2 1 24.236 10.191 22.947 9.369
384 2 1 24.192 10.191 22.903 9.369
385 2 1 24.170 10.169 22.882 9.347
386 2 1 24.127 10.169 22.838 9.346
0 3 1 39.912 11.001 38.710 10.249
1 3 1 39.945 11.023 38.689 10.238
2 3 1 39.912 11.012 38.656 10.227
3 3 1 39.858 11.022 38.602 10.238
4 3 1 39.815 10.990 38.559 10.205
5 3 1 39.772 11.000 38.516 10.216
6 3 1 39.751 10.989 38.495 10.205
7 3 1 39.708 10.978 38.451 10.193
8 3 1 39.686 10.967 38.430 10.183
9 3 1 39.643 10.978 38.387 10.193
10 3 1 39.621 10.967 38.365 10.182
11 3 1 39.687 10.870 38.431 10.086
12 3 1 39.579 10.902 38.323 10.117
13 3 1 39.536 10.891 38.279 10.106
14 3 1 39.547 10.859 38.291 10.074
15 3 1 39.450 10.847 38.193 10.062
16 3 1 39.407 10.836 38.150 10.051
17 3 1 39.385 10.825 38.129 10.040
18 3 1 39.320 10.814 38.064 10.029
19 3 1 39.277 10.824 38.021 10.040
20 3 1 39.212 10.813 37.956 10.028
21 3 1 39.169 10.824 37.913 10.039
22 3 1 39.126 10.813 37.870 10.028
23 3 1 39.083 10.823 37.826 10.038
24 3 1 39.040 10.812 37.783 10.027
25 3 1 38.996 10.822 37.740 10.038
26 3 1 38.953 10.811 37.697 10.026
27 3 1 38.910 10.822 37.653 10.037
28 3 1 38.888 10.833 37.632 10.048
29 3 1 38.845 10.854 37.588 10.069
30 3 1 38.823 10.897 37.566 10.112
31 3 1 38.780 10.929 37.523 10.144
32 3 1 38.736 10.939 37.479 10.154
33 3 1 38.671 10.971 37.414 10.186
34 3 1 38.628 10.960 37.371 10.175
35 3 1 38.585 10.971 37.328 10.186
36 3 1 38.541 10.981 37.285 10.196
37 3 1 38.477 10.970 37.220 10.185
38 3 1 38.434 10.959 37.177 10.174
39 3 1 38.390 10.969 37.133 10.184
40 3 1 38.347 10.958 37.090 10.173
41 3 1 38.304 10.947 37.047 10.162
42 3 1 38.261 10.936 37.004 10.151
43 3 1 38.239 10.947 36.982 10.162
44 3 1 38.196 10.957 36.939 10.172
45 3 1 38.174 10.968 36.917 10.183
46 3 1 38.153 10.935 36.896 10.150
47 3 1 38.110 10.881 36.853 10.096
48 3 1 38.089 10.827 36.832 10.042
49 3 1 38.024 10.816 36.767 10.031
50 3 1 37.982 10.783 36.724 9.998
51 3 1 37.938 10.794 36.681 10.008
52 3 1 37.895 10.783 36.638 9.997
53 3 1 37.873 10.793 36.616 10.008
54 3 1 37.809 10.782 36.551 9.997
55 3 1 37.765 10.793 36.508 10.007
56 3 1 37.701 10.781 36.443 9.996
57 3 1 37.657 10.813 36.399 10.028
58 3 1 37.614 10.802 36.356 10.017
59 3 1 37.571 10.813 36.313 10.027
60 3 1 37.439 10.963 36.170 10.231
61 3 1 37.429 10.974 36.171 10.210
62 3 1 37.407 10.984 36.149 10.220
63 3 1 37.342 10.995 36.084 10.231
64 3 1 37.342 11.027 36.083 10.263
65 3 1 37.298 11.059 36.040 10.295
66 3 1 37.233 11.069 35.975 10.306
67 3 1 37.168 11.080 35.910 10.316
68 3 1 37.125 11.069 35.867 10.305
69 3 1 37.082 11.079 35.823 10.315
70 3 1 37.060 11.068 35.802 10.304
71 3 1 36.995 11.079 35.737 10.315
72 3 1 36.952 11.068 35.693 10.304
73 3 1 36.887 11.056 35.629 10.292
74 3 1 36.844 11.045 35.585 10.281
75 3 1 36.801 11.034 35.542 10.270
76 3 1 36.758 11.023 35.499 10.259
77 3 1 36.714 11.034 35.456 10.270
78 3 1 36.693 11.023 35.434 10.259
79 3 1 36.671 11.033 35.412 10.269
80 3 1 36.628 11.022 35.369 10.258
81 3 1 36.606 10.990 35.348 10.226
83 3 1 36.596 10.979 35.337 10.215
84 3 1 36.552 10.989 35.294 10.225
85 3 1 36.509 10.978 35.251 10.214
86 3 1 36.466 10.989 35.207 10.225
87 3 1 36.423 10.978 35.164 10.214
88 3 1 36.379 10.988 35.120 10.224
89 3 1 36.314 10.977 35.056 10.213
90 3 1 36.271 10.987 35.012 10.223
91 3 1 36.228 10.998 34.969 10.234
92 3 1 36.184 11.008 34.925 10.244
93 3 1 36.141 10.997 34.882 10.233
94 3 1 36.098 11.008 34.839 10.244
95 3 1 36.055 10.975 34.796 10.211
96 3 1 36.011 10.986 34.752 10.221
97 3 1 35.968 10.975 34.709 10.210
98 3 1 35.925 10.942 34.666 10.178
99 3 1 35.882 10.931 34.623 10.167
100 3 1 35.839 10.920 34.580 10.155
101 3 1 35.795 10.930 34.536 10.166
102 3 1 35.752 10.941 34.493 10.176
103 3 1 35.709 10.930 34.450 10.165
104 3 1 35.665 10.940 34.406 10.176
105 3 1 35.622 10.951 34.363 10.186
106 3 1 35.579 10.961 34.319 10.197
107 3 1 35.535 10.950 34.276 10.186
108 3 1 35.492 10.961 34.233 10.196
109 3 1 35.449 10.950 34.189 10.185
110 3 1 35.405 10.960 34.146 10.196
111 3 1 35.384 10.971 34.124 10.206
112 3 1 35.340 10.981 34.081 10.217
113 3 1 35.297 10.992 34.037 10.227
114 3 1 35.253 11.024 33.993 10.259
115 3 1 35.188 11.056 33.928 10.291
116 3 1 35.123 11.088 33.863 10.323
117 3 1 35.101 11.077 33.841 10.312
118 3 1 35.058 11.087 33.798 10.323
119 3 1 35.036 11.076 33.776 10.312
120 3 1 34.993 11.087 33.733 10.322
121 3 1 34.949 11.076 33.689 10.311
122 3 1 34.906 11.086 33.646 10.322
123 3 1 34.841 11.097 33.581 10.332
124 3 1 34.797 11.107 33.537 10.343
125 3 1 34.754 11.096 33.494 10.331
126 3 1 34.733 11.085 33.473 10.320
127 3 1 34.689 11.074 33.429 10.309
128 3 1 34.646 11.085 33.386 10.320
129 3 1 34.603 11.073 33.343 10.309
130 3 1 34.559 11.062 33.299 10.298
131 3 1 34.495 11.051 33.234 10.286
132 3 1 34.430 11.040 33.169 10.275
133 3 1 34.386 11.029 33.126 10.264
134 3 1 34.343 11.039 33.083 10.275
135 3 1 34.321 11.028 33.061 10.264
136 3 1 34.278 11.039 33.018 10.274
137 3 1 34.235 11.028 32.974 10.263
138 3 1 34.191 11.038 32.931 10.273
139 3 1 34.148 11.049 32.887 10.284
140 3 1 34.104 11.059 32.844 10.294
141 3 1 34.061 11.048 32.801 10.283
142 3 1 34.039 11.059 32.779 10.294
143 3 1 33.996 11.048 32.735 10.283
144 3 1 33.974 11.058 32.714 10.294
145 3 1 33.931 11.047 32.670 10.282
146 3 1 33.888 11.058 32.627 10.293
147 3 1 33.844 11.068 32.583 10.303
148 3 1 33.779 11.100 32.518 10.335
149 3 1 33.735 11.089 32.475 10.324
150 3 1 33.692 11.121 32.431 10.356
151 3 1 33.670 11.110 32.409 10.345
152 3 1 33.627 11.121 32.366 10.356
153 3 1 33.583 11.110 32.322 10.345
154 3 1 33.562 11.099 32.301 10.334
155 3 1 33.422 11.012 32.270 10.204
156 3 1 33.465 10.990 32.226 10.225
157 3 1 33.444 11.001 32.204 10.236
158 3 1 33.400 10.990 32.161 10.225
159 3 1 33.357 10.979 32.118 10.214
160 3 1 33.314 10.989 32.074 10.224
161 3 1 33.270 10.978 32.031 10.213
162 3 1 33.227 10.989 31.987 10.224
163 3 1 33.162 10.977 31.922 10.212
164 3 1 33.097 10.966 31.857 10.201
165 3 1 33.054 10.955 31.814 10.190
166 3 1 33.010 10.966 31.770 10.201
167 3 1 32.988 10.955 31.749 10.190
168 3 1 32.967 10.965 31.727 10.200
169 3 1 32.923 10.954 31.684 10.189
170 3 1 32.880 10.965 31.640 10.200
171 3 1 32.858 10.954 31.619 10.189
172 3 1 32.815 10.964 31.575 10.199
173 3 1 32.771 10.975 31.531 10.210
174 3 1 32.728 10.985 31.488 10.220
175 3 1 32.684 10.974 31.445 10.209
176 3 1 32.641 10.985 31.401 10.220
177 3 1 32.598 10.974 31.358 10.208
178 3 1 32.532 11.006 31.292 10.240
179 3 1 32.489 10.994 31.249 10.229
180 3 1 32.424 11.005 31.184 10.240
181 3 1 32.380 11.015 31.140 10.250
182 3 1 32.337 11.026 31.096 10.261
183 3 1 32.293 11.015 31.053 10.250
184 3 1 32.250 11.025 31.010 10.260
185 3 1 32.206 11.036 30.966 10.271
186 3 1 32.184 11.046 30.944 10.281
187 3 1 32.141 11.035 30.901 10.270
188 3 1 32.120 11.024 30.879 10.259
189 3 1 32.076 11.013 30.836 10.248
190 3 1 32.033 11.024 30.792 10.259
191 3 1 31.989 11.013 30.749 10.247
192 3 1 31.946 11.023 30.705 10.258
193 3 1 31.903 11.012 30.662 10.247
194 3 1 31.859 11.023 30.618 10.257
195 3 1 31.816 11.012 30.575 10.246
196 3 1 31.750 11.022 30.510 10.257
197 3 1 31.707 11.011 30.466 10.245
198 3 1 31.664 11.021 30.423 10.256
199 3 1 31.620 11.010 30.380 10.245
200 3 1 31.577 11.021 30.336 10.255
201 3 1 31.533 11.010 30.293 10.244
202 3 1 31.511 11.020 30.271 10.255
203 3 1 31.490 11.031 30.249 10.266
204 3 1 31.446 11.042 30.205 10.276
205 3 1 31.403 11.030 30.162 10.265
206 3 1 31.359 11.041 30.118 10.275
207 3 1 31.316 11.051 30.075 10.286
208 3 1 31.272 11.062 30.031 10.296
209 3 1 31.229 11.051 29.988 10.285
210 3 1 31.185 11.061 29.944 10.296
211 3 1 31.164 11.050 29.923 10.285
213 3 1 31.153 11.040 29.912 10.274
214 3 1 31.131 11.050 29.890 10.285
215 3 1 31.066 11.061 29.825 10.295
216 3 1 31.044 11.050 29.803 10.284
217 3 1 30.978 11.082 29.737 10.316
218 3 1 30.935 11.071 29.694 10.305
219 3 1 30.892 11.081 29.650 10.315
221 3 1 30.881 11.070 29.640 10.305
222 3 1 30.859 11.059 29.618 10.294
223 3 1 30.838 11.048 29.596 10.283
224 3 1 30.816 11.059 29.574 10.293
225 3 1 30.794 11.048 29.553 10.282
226 3 1 30.772 11.059 29.531 10.293
227 3 1 30.772 11.069 29.531 10.304
228 3 1 30.750 11.080 29.509 10.314
229 3 1 30.707 11.069 29.466 10.303
230 3 1 30.663 11.080 29.422 10.314
231 3 1 30.598 11.090 29.357 10.324
232 3 1 30.533 11.100 29.291 10.335
233 3 1 30.468 11.089 29.226 10.323
234 3 1 30.402 11.078 29.161 10.312
235 3 1 30.337 11.067 29.096 10.301
236 3 1 30.272 11.055 29.031 10.290
237 3 1 30.229 11.044 28.987 10.278
238 3 1 30.207 11.055 28.965 10.289
239 3 1 30.207 11.044 28.965 10.278
240 3 1 30.207 11.033 28.966 10.267
241 3 1 30.186 11.001 28.944 10.235
242 3 1 30.164 11.011 28.922 10.245
243 3 1 29.696 11.084 28.605 10.384
244 3 1 29.771 11.106 28.551 10.351
245 3 1 29.750 11.106 28.529 10.351
246 3 1 29.684 11.106 28.464 10.350
247 3 1 29.663 11.084 28.442 10.329
248 3 1 29.598 11.083 28.377 10.328
249 3 1 29.554 11.083 28.334 10.328
250 3 1 29.511 11.083 28.290 10.328
251 3 1 29.445 11.082 28.225 10.327
252 3 1 29.380 11.082 28.159 10.327
253 3 1 29.336 11.103 28.116 10.348
254 3 1 29.292 11.146 28.072 10.391
255 3 1 29.249 11.168 28.028 10.412
256 3 1 29.205 11.167 27.984 10.412
257 3 1 29.161 11.167 27.941 10.412
258 3 1 29.140 11.167 27.919 10.412
259 3 1 29.074 11.166 27.853 10.411
260 3 1 29.053 11.166 27.832 10.411
261 3 1 29.009 11.166 27.788 10.411
262 3 1 28.966 11.166 27.745 10.410
263 3 1 28.922 11.187 27.701 10.432
264 3 1 28.856 11.187 27.635 10.431
265 3 1 28.771 11.056 27.617 10.193
266 3 1 28.793 11.002 27.583 10.247
267 3 1 28.739 11.002 27.529 10.247
268 3 1 28.663 11.001 27.453 10.246
269 3 1 28.608 11.001 27.398 10.246
270 3 1 28.554 10.979 27.344 10.224
271 3 1 28.544 10.957 27.333 10.202
272 3 1 28.511 10.914 27.301 10.158
273 3 1 28.501 10.892 27.291 10.137
274 3 1 28.468 10.892 27.258 10.136
275 3 1 28.436 10.891 27.225 10.136
276 3 1 28.403 10.870 27.193 10.114
277 3 1 28.393 10.848 27.182 10.093
278 3 1 28.360 10.848 27.149 10.092
279 3 1 28.327 10.847 27.117 10.092
280 3 1 28.295 10.847 27.084 10.092
281 3 1 28.240 10.825 27.030 10.070
282 3 1 28.186 10.803 26.976 10.048
283 3 1 28.131 10.824 26.921 10.069
284 3 1 28.056 10.802 26.845 10.047
285 3 1 28.001 10.824 26.790 10.068
286 3 1 27.925 10.823 26.714 10.068
287 3 1 27.870 10.866 26.659 10.111
288 3 1 27.815 10.909 26.604 10.153
289 3 1 27.804 10.909 26.593 10.153
290 3 1 27.771 10.909 26.560 10.153
291 3 1 27.738 10.908 26.527 10.153
292 3 1 27.706 10.908 26.495 10.153
293 3 1 27.695 10.908 26.484 10.153
294 3 1 27.640 10.908 26.429 10.152
295 3 1 27.608 10.908 26.397 10.152
296 3 1 27.553 10.907 26.342 10.152
297 3 1 27.520 10.929 26.309 10.173
298 3 1 27.465 10.950 26.254 10.194
299 3 1 27.411 10.950 26.200 10.194
300 3 1 27.335 10.949 26.124 10.193
301 3 1 27.280 10.949 26.069 10.193
302 3 1 27.204 10.948 25.993 10.193
303 3 1 27.128 10.926 25.917 10.170
304 3 1 27.074 10.904 25.862 10.148
305 3 1 27.085 10.839 25.874 10.083
306 3 1 27.053 10.839 25.841 10.083
307 3 1 27.042 10.839 25.831 10.083
308 3 1 27.009 10.839 25.798 10.083
309 3 1 26.999 10.817 25.787 10.061
310 3 1 26.966 10.795 25.755 10.039
311 3 1 26.933 10.816 25.722 10.061
312 3 1 26.901 10.794 25.689 10.039
313 3 1 26.868 10.816 25.656 10.060
314 3 1 26.814 10.794 25.602 10.038
315 3 1 26.781 10.794 25.569 10.038
316 3 1 26.726 10.793 25.515 10.037
317 3 1 26.672 10.793 25.460 10.037
318 3 1 26.596 10.792 25.384 10.037
319 3 1 26.541 10.814 25.329 10.058
320 3 1 26.464 10.813 25.253 10.057
321 3 1 26.431 10.835 25.220 10.079
322 3 1 26.376 10.899 25.164 10.143
323 3 1 26.365 10.899 25.153 10.143
324 3 1 26.332 10.899 25.121 10.143
325 3 1 26.322 10.877 25.110 10.121
326 3 1 26.289 10.899 25.077 10.143
327 3 1 26.278 10.877 25.066 10.121
328 3 1 26.245 10.898 25.033 10.142
329 3 1 26.213 10.877 25.001 10.121
330 3 1 26.158 10.898 24.946 10.142
331 3 1 26.125 10.898 24.913 10.142
332 3 1 26.071 10.897 24.859 10.141
333 3 1 26.016 10.897 24.804 10.141
334 3 1 25.940 10.896 24.728 10.140
335 3 1 25.886 10.874 24.673 10.118
336 3 1 25.831 10.874 24.619 10.118
337 3 1 25.777 10.852 24.565 10.096
338 3 1 25.723 10.808 24.511 10.052
339 3 1 25.712 10.765 24.500 10.009
340 3 1 25.702 10.743 24.490 9.987
341 3 1 25.691 10.743 24.479 9.987
342 3 1 25.680 10.743 24.468 9.987
343 3 1 25.669 10.743 24.457 9.987
344 3 1 25.636 10.743 24.424 9.986
345 3 1 25.625 10.743 24.413 9.986
346 3 1 25.593 10.742 24.380 9.986
347 3 1 25.560 10.742 24.348 9.986
348 3 1 25.528 10.720 24.315 9.964
349 3 1 25.495 10.698 24.283 9.942
350 3 1 25.462 10.698 24.250 9.942
351 3 1 25.430 10.698 24.217 9.942
352 3 1 25.375 10.697 24.163 9.941
353 3 1 25.342 10.697 24.130 9.941
354 3 1 25.288 10.719 24.075 9.962
355 3 1 25.233 10.696 24.021 9.940
356 3 1 25.178 10.739 23.965 9.983
357 3 1 25.145 10.761 23.932 10.005
358 3 1 25.144 10.815 23.943 10.059
360 3 1 25.134 10.804 23.932 10.048
361 3 1 25.134 10.804 23.932 10.048
362 3 1 24.967 11.031 23.875 10.189
363 3 1 25.011 10.977 23.820 10.221
364 3 1 25.000 10.977 23.809 10.221
365 3 1 24.989 10.977 23.798 10.221
366 3 1 25.000 10.998 23.809 10.242
367 3 1 24.989 11.020 23.798 10.264
368 3 1 24.978 10.998 23.787 10.242
369 3 1 24.967 11.020 23.776 10.264
370 3 1 24.956 10.998 23.765 10.242
371 3 1 24.945 11.020 23.754 10.264
372 3 1 24.934 11.020 23.743 10.263
373 3 1 24.901 11.019 23.710 10.263
374 3 1 24.890 11.041 23.699 10.285
375 3 1 24.857 11.063 23.666 10.306
376 3 1 24.846 11.062 23.655 10.306
377 3 1 24.813 11.084 23.622 10.328
378 3 1 24.824 11.084 23.633 10.328
379 3 1 24.835 11.062 23.644 10.306
380 3 1 24.847 11.041 23.655 10.285
381 3 1 24.835 11.062 23.644 10.306
382 3 1 24.825 11.041 23.634 10.284
383 3 1 24.814 11.062 23.622 10.306
384 3 1 24.825 11.041 23.634 10.284
385 3 1 24.814 11.041 23.623 10.284
386 3 1 24.825 11.041 23.634 10.284
0 4 1 40.915 9.759 39.865 8.987
1 4 1 40.947 9.780 39.854 8.976
2 4 1 40.893 9.791 39.800 8.986
3 4 1 40.861 9.780 39.768 8.975
4 4 1 40.818 9.790 39.725 8.986
5 4 1 40.764 9.779 39.671 8.974
6 4 1 40.753 9.790 39.660 8.985
7 4 1 40.688 9.779 39.596 8.974
8 4 1 40.688 9.789 39.595 8.985
9 4 1 40.645 9.778 39.552 8.974
10 4 1 40.624 9.767 39.531 8.963
11 4 1 40.462 9.755 39.369 8.951
12 4 1 40.559 9.767 39.466 8.962
13 4 1 40.516 9.756 39.423 8.951
14 4 1 40.548 9.767 39.455 8.962
15 4 1 40.430 9.755 39.337 8.950
16 4 1 40.387 9.766 39.294 8.961
17 4 1 40.333 9.754 39.240 8.950
18 4 1 40.300 9.765 39.207 8.960
19 4 1 40.257 9.775 39.164 8.971
20 4 1 40.214 9.786 39.121 8.981
21 4 1 40.202 9.926 39.087 9.121
22 4 1 40.191 9.915 39.087 9.110
23 4 1 40.148 9.936 39.044 9.131
24 4 1 40.126 9.936 39.022 9.131
25 4 1 40.083 9.946 38.979 9.142
26 4 1 40.040 9.957 38.936 9.152
27 4 1 40.019 9.946 38.914 9.141
28 4 1 39.997 9.978 38.892 9.173
29 4 1 39.932 9.988 38.828 9.183
30 4 1 39.910 9.999 38.806 9.194
31 4 1 39.867 9.988 38.763 9.183
32 4 1 39.824 9.998 38.720 9.193
33 4 1 39.781 9.987 38.677 9.182
34 4 1 39.759 9.976 38.655 9.171
35 4 1 39.738 9.966 38.634 9.160
36 4 1 39.673 9.976 38.569 9.171
37 4 1 39.652 9.965 38.547 9.160
38 4 1 39.587 9.975 38.482 9.170
39 4 1 39.565 9.964 38.461 9.159
40 4 1 39.522 9.975 38.418 9.170
41 4 1 39.479 9.964 38.374 9.159
42 4 1 39.457 9.974 38.353 9.169
43 4 1 39.436 9.963 38.331 9.158
44 4 1 39.393 9.974 38.288 9.169
45 4 1 39.350 9.963 38.245 9.158
46 4 1 39.306 9.973 38.202 9.168
47 4 1 39.263 9.962 38.159 9.157
48 4 1 39.242 9.973 38.137 9.168
49 4 1 39.198 9.983 38.094 9.178
50 4 1 39.155 9.994 38.050 9.188
51 4 1 39.112 9.983 38.007 9.177
52 4 1 39.069 9.993 37.964 9.188
53 4 1 39.026 9.982 37.921 9.177
54 4 1 38.982 9.993 37.877 9.187
55 4 1 38.939 10.003 37.834 9.198
56 4 1 38.917 10.014 37.812 9.208
57 4 1 38.853 10.002 37.748 9.197
58 4 1 38.831 10.013 37.726 9.208
59 4 1 38.766 10.023 37.661 9.218
60 4 1 38.744 10.034 37.639 9.228
61 4 1 38.701 10.023 37.596 9.217
62 4 1 38.658 10.033 37.553 9.228
63 4 1 38.615 10.022 37.510 9.217
64 4 1 38.572 10.033 37.467 9.227
65 4 1 38.529 10.022 37.423 9.216
66 4 1 38.485 10.032 37.380 9.227
67 4 1 38.442 10.021 37.337 9.215
68 4 1 38.399 10.031 37.294 9.226
69 4 1 38.356 10.020 37.251 9.215
70 4 1 38.313 10.009 37.207 9.204
71 4 1 38.269 10.020 37.164 9.214
72 4 1 38.226 10.009 37.121 9.203
73 4 1 38.183 9.998 37.078 9.192
74 4 1 38.118 10.008 37.013 9.202
75 4 1 38.097 9.997 36.991 9.191
76 4 1 38.054 9.986 36.948 9.180
77 4 1 37.989 9.975 36.884 9.169
78 4 1 37.967 9.985 36.862 9.180
79 4 1 37.903 9.974 36.797 9.168
80 4 1 37.881 9.985 36.775 9.179
81 4 1 37.838 9.995 36.732 9.189
82 4 1 37.794 10.006 36.689 9.200
83 4 1 37.729 10.016 36.624 9.210
84 4 1 37.708 10.027 36.602 9.221
85 4 1 37.664 10.015 36.559 9.210
86 4 1 37.621 10.026 36.515 9.220
87 4 1 37.578 10.036 36.472 9.231
88 4 1 37.535 10.047 36.429 9.241
89 4 1 37.491 10.036 36.386 9.230
90 4 1 37.426 10.068 36.320 9.262
91 4 1 37.383 10.057 36.277 9.251
92 4 1 37.361 10.067 36.256 9.261
93 4 1 37.296 10.078 36.191 9.272
94 4 1 37.253 10.088 36.147 9.282
95 4 1 37.210 10.077 36.104 9.271
96 4 1 37.167 10.087 36.061 9.281
97 4 1 37.124 10.076 36.017 9.270
98 4 1 37.080 10.087 35.974 9.281
99 4 1 37.037 10.076 35.931 9.270
100 4 1 36.994 10.086 35.888 9.280
101 4 1 36.951 10.075 35.844 9.269
102 4 1 36.907 10.086 35.801 9.280
103 4 1 36.864 10.074 35.758 9.268
104 4 1 36.821 10.063 35.715 9.257
105 4 1 36.778 10.052 35.672 9.246
106 4 1 36.735 10.041 35.628 9.235
107 4 1 36.691 10.030 35.585 9.224
108 4 1 36.648 10.041 35.542 9.235
109 4 1 36.605 10.030 35.499 9.223
110 4 1 36.562 10.040 35.455 9.234
111 4 1 36.518 10.050 35.412 9.244
112 4 1 36.475 10.061 35.368 9.255
113 4 1 36.431 10.071 35.325 9.265
114 4 1 36.410 10.082 35.303 9.276
115 4 1 36.345 10.092 35.238 9.286
116 4 1 36.323 10.103 35.216 9.297
117 4 1 36.280 10.092 35.173 9.286
118 4 1 36.236 10.124 35.130 9.318
119 4 1 36.193 10.113 35.087 9.307
120 4 1 36.150 10.123 35.043 9.317
121 4 1 36.085 10.134 34.978 9.327
122 4 1 36.085 10.144 34.978 9.338
123 4 1 36.041 10.133 34.935 9.327
124 4 1 35.998 10.144 34.891 9.338
125 4 1 35.955 10.154 34.848 9.348
126 4 1 35.933 10.165 34.826 9.359
127 4 1 35.868 10.154 34.761 9.347
128 4 1 35.846 10.164 34.740 9.358
129 4 1 35.803 10.153 34.696 9.347
130 4 1 35.760 10.164 34.653 9.357
131 4 1 35.717 10.153 34.610 9.346
132 4 1 35.695 10.163 34.588 9.357
133 4 1 35.673 10.152 34.566 9.346
134 4 1 35.608 10.163 34.501 9.356
135 4 1 35.587 10.152 34.480 9.345
136 4 1 35.522 10.162 34.415 9.356
137 4 1 35.500 10.151 34.393 9.345
138 4 1 35.435 10.140 34.328 9.333
139 4 1 35.414 10.129 34.307 9.322
140 4 1 35.349 10.139 34.242 9.333
141 4 1 35.327 10.128 34.220 9.322
142 4 1 35.284 10.139 34.177 9.332
143 4 1 35.219 10.128 34.112 9.321
144 4 1 35.197 10.138 34.090 9.332
145 4 1 35.154 10.127 34.047 9.321
146 4 1 35.111 10.138 34.003 9.331
147 4 1 35.089 10.148 33.981 9.342
148 4 1 35.067 10.137 33.960 9.331
149 4 1 35.002 10.126 33.895 9.319
150 4 1 34.981 10.137 33.873 9.330
151 4 1 34.916 10.125 33.808 9.319
152 4 1 34.894 10.136 33.787 9.329
153 4 1 34.829 10.125 33.722 9.318
154 4 1 34.808 10.114 33.700 9.307
155 4 1 34.743 10.103 33.635 9.296
156 4 1 34.721 10.113 33.613 9.307
157 4 1 34.656 10.102 33.549 9.295
158 4 1 34.634 10.113 33.527 9.306
159 4 1 34.591 10.102 33.483 9.295
160 4 1 34.548 10.112 33.440 9.305
161 4 1 34.504 10.101 33.397 9.294
162 4 1 34.461 10.090 33.354 9.283
163 4 1 34.418 10.100 33.310 9.294
164 4 1 34.374 10.111 33.267 9.304
165 4 1 34.331 10.100 33.223 9.293
166 4 1 34.309 10.110 33.202 9.304
167 4 1 34.266 10.099 33.158 9.292
168 4 1 34.223 10.088 33.115 9.281
169 4 1 34.180 10.077 33.072 9.270
170 4 1 34.115 10.066 33.007 9.259
171 4 1 34.050 10.055 32.942 9.248
172 4 1 34.028 10.044 32.920 9.237
173 4 1 33.963 10.032 32.855 9.225
174 4 1 33.942 10.021 32.834 9.214
175 4 1 33.877 10.032 32.769 9.225
176 4 1 33.855 10.042 32.747 9.235
177 4 1 33.812 10.031 32.704 9.224
178 4 1 33.768 10.042 32.660 9.235
179 4 1 33.747 10.031 32.639 9.224
180 4 1 33.725 10.041 32.617 9.234
181 4 1 33.660 10.030 32.552 9.223
182 4 1 33.638 10.041 32.530 9.234
183 4 1 33.573 10.030 32.465 9.223
184 4 1 33.530 10.040 32.422 9.233
185 4 1 33.486 10.051 32.378 9.243
186 4 1 33.443 10.061 32.334 9.254
187 4 1 33.378 10.050 32.270 9.243
188 4 1 33.313 10.060 32.204 9.253
189 4 1 33.291 10.049 32.183 9.242
190 4 1 33.226 10.060 32.118 9.252
191 4 1 33.204 10.049 32.096 9.241
192 4 1 33.139 10.059 32.031 9.252
193 4 1 33.139 10.070 32.031 9.263
194 4 1 33.096 10.080 31.987 9.273
195 4 1 33.052 10.069 31.944 9.262
196 4 1 33.009 10.080 31.900 9.272
197 4 1 32.966 10.068 31.857 9.261
198 4 1 32.922 10.079 31.813 9.272
199 4 1 32.879 10.089 31.770 9.282
200 4 1 32.835 10.100 31.726 9.293
201 4 1 32.792 10.089 31.683 9.282
202 4 1 32.748 10.099 31.640 9.292
203 4 1 32.705 10.088 31.596 9.281
204 4 1 32.662 10.077 31.553 9.270
205 4 1 32.618 10.088 31.509 9.280
206 4 1 32.575 10.098 31.466 9.291
207 4 1 32.531 10.087 31.423 9.280
208 4 1 32.488 10.098 31.379 9.290
209 4 1 32.466 10.087 31.357 9.279
210 4 1 32.401 10.097 31.292 9.289
211 4 1 32.380 10.086 31.271 9.279
212 4 1 32.314 10.096 31.205 9.289
213 4 1 32.293 10.107 31.184 9.299
214 4 1 32.227 10.117 31.118 9.310
215 4 1 32.206 10.106 31.097 9.299
216 4 1 32.140 10.117 31.031 9.309
217 4 1 32.097 10.106 30.988 9.298
218 4 1 32.054 10.116 30.944 9.309
219 4 1 32.010 10.105 30.901 9.297
220 4 1 31.945 10.115 30.836 9.308
221 4 1 31.880 10.104 30.771 9.296
222 4 1 31.858 10.115 30.749 9.307
223 4 1 31.784 10.006 30.674 9.220
224 4 1 31.783 10.017 30.674 9.220
225 4 1 31.740 10.017 30.631 9.220
226 4 1 31.697 10.016 30.587 9.219
227 4 1 31.653 10.016 30.544 9.219
228 4 1 31.610 10.016 30.500 9.219
229 4 1 31.566 10.015 30.457 9.218
230 4 1 31.523 10.015 30.413 9.218
231 4 1 31.479 10.015 30.370 9.218
232 4 1 31.436 10.014 30.326 9.218
233 4 1 31.393 10.014 30.283 9.217
234 4 1 31.349 9.992 30.240 9.195
235 4 1 31.328 9.970 30.218 9.174
236 4 1 31.285 9.949 30.175 9.152
237 4 1 31.241 9.948 30.132 9.151
238 4 1 31.220 9.926 30.110 9.129
239 4 1 31.176 9.926 30.067 9.129
240 4 1 31.155 9.926 30.045 9.129
241 4 1 31.111 9.926 30.001 9.129
242 4 1 31.089 9.926 29.980 9.129
243 4 1 31.046 9.925 29.936 9.128
244 4 1 31.003 9.903 29.893 9.106
245 4 1 30.959 9.903 29.849 9.106
246 4 1 30.916 9.903 29.806 9.106
247 4 1 30.873 9.881 29.763 9.084
248 4 1 30.829 9.880 29.719 9.083
249 4 1 30.786 9.880 29.676 9.083
250 4 1 30.743 9.858 29.633 9.061
251 4 1 30.699 9.858 29.589 9.061
252 4 1 30.656 9.858 29.546 9.060
253 4 1 30.612 9.857 29.502 9.060
254 4 1 30.569 9.857 29.459 9.060
255 4 1 30.547 9.857 29.437 9.060
256 4 1 30.504 9.857 29.393 9.059
257 4 1 30.460 9.856 29.350 9.059
258 4 1 30.417 9.856 29.306 9.059
259 4 1 30.373 9.856 29.263 9.058
260 4 1 30.330 9.855 29.220 9.058
261 4 1 30.286 9.855 29.176 9.058
262 4 1 30.221 9.854 29.111 9.057
263 4 1 30.178 9.854 29.067 9.057
264 4 1 30.134 9.854 29.024 9.057
265 4 1 30.091 9.854 28.980 9.056
266 4 1 30.047 9.853 28.937 9.056
267 4 1 30.004 9.831 28.894 9.034
268 4 1 29.939 9.809 28.829 9.012
269 4 1 29.917 9.809 28.807 9.012
270 4 1 29.874 9.809 28.763 9.011
271 4 1 29.830 9.808 28.720 9.011
272 4 1 29.787 9.808 28.676 9.011
273 4 1 29.743 9.808 28.633 9.010
274 4 1 29.700 9.808 28.589 9.010
275 4 1 29.656 9.807 28.546 9.010
276 4 1 29.613 9.807 28.502 9.009
277 4 1 29.569 9.807 28.459 9.009
278 4 1 29.526 9.806 28.415 9.009
279 4 1 29.482 9.806 28.372 9.008
280 4 1 29.417 9.805 28.306 9.008
281 4 1 29.395 9.805 28.285 9.008
282 4 1 29.352 9.805 28.241 9.007
283 4 1 29.308 9.805 28.198 9.007
284 4 1 29.265 9.826 28.154 9.028
285 4 1 29.221 9.826 28.110 9.028
286 4 1 29.177 9.847 28.066 9.049
287 4 1 29.134 9.847 28.023 9.049
288 4 1 29.090 9.868 27.979 9.070
289 4 1 29.047 9.868 27.936 9.070
290 4 1 29.003 9.867 27.892 9.070
291 4 1 28.960 9.867 27.848 9.069
292 4 1 28.916 9.867 27.805 9.069
293 4 1 28.873 9.866 27.761 9.069
294 4 1 28.829 9.866 27.718 9.068
295 4 1 28.785 9.866 27.674 9.068
296 4 1 28.742 9.866 27.631 9.068
297 4 1 28.698 9.865 27.587 9.067
298 4 1 28.655 9.865 27.544 9.067
299 4 1 28.611 9.865 27.500 9.067
300 4 1 28.568 9.843 27.457 9.045
301 4 1 28.525 9.821 27.414 9.023
302 4 1 28.481 9.820 27.370 9.023
303 4 1 28.438 9.820 27.326 9.022
304 4 1 28.394 9.820 27.283 9.022
305 4 1 28.351 9.819 27.239 9.022
306 4 1 28.307 9.819 27.196 9.021
307 4 1 28.264 9.819 27.152 9.021
308 4 1 28.220 9.819 27.109 9.021
309 4 1 28.177 9.818 27.065 9.020
310 4 1 28.133 9.818 27.021 9.020
311 4 1 28.090 9.796 26.978 8.998
312 4 1 28.024 9.796 26.913 8.998
313 4 1 28.003 9.795 26.891 8.997
314 4 1 27.959 9.795 26.847 8.997
315 4 1 27.916 9.795 26.804 8.997
316 4 1 27.872 9.816 26.760 9.018
317 4 1 27.850 9.816 26.738 9.018
318 4 1 27.806 9.816 26.695 9.018
319 4 1 27.763 9.815 26.651 9.017
320 4 1 27.719 9.815 26.607 9.017
321 4 1 27.676 9.815 26.564 9.017
322 4 1 27.633 9.793 26.521 8.995
323 4 1 27.589 9.792 26.477 8.994
324 4 1 27.545 9.792 26.433 8.994
325 4 1 27.502 9.792 26.390 8.994
326 4 1 27.458 9.791 26.346 8.993
327 4 1 27.436 9.791 26.324 8.993
328 4 1 27.393 9.769 26.281 8.971
329 4 1 27.350 9.747 26.238 8.949
330 4 1 27.306 9.747 26.194 8.949
331 4 1 27.285 9.725 26.173 8.927
332 4 1 27.242 9.703 26.129 8.905
333 4 1 27.198 9.703 26.086 8.905
334 4 1 27.176 9.703 26.064 8.905
335 4 1 27.133 9.703 26.020 8.904
336 4 1 27.089 9.702 25.977 8.904
337 4 1 27.045 9.702 25.933 8.904
338 4 1 27.002 9.702 25.890 8.903
339 4 1 26.958 9.701 25.846 8.903
340 4 1 26.915 9.701 25.802 8.903
341 4 1 26.871 9.679 25.759 8.881
342 4 1 26.828 9.679 25.715 8.880
343 4 1 26.784 9.678 25.672 8.880
344 4 1 26.741 9.678 25.628 8.880
345 4 1 26.697 9.656 25.585 8.858
346 4 1 26.676 9.656 25.563 8.858
347 4 1 26.654 9.656 25.541 8.857
348 4 1 26.610 9.655 25.498 8.857
349 4 1 26.567 9.655 25.454 8.857
350 4 1 26.545 9.655 25.432 8.857
351 4 1 26.501 9.655 25.389 8.856
352 4 1 26.458 9.654 25.345 8.856
353 4 1 26.414 9.654 25.301 8.856
354 4 1 26.392 9.654 25.280 8.855
355 4 1 26.349 9.632 25.236 8.833
356 4 1 26.327 9.632 25.214 8.833
357 4 1 26.283 9.631 25.171 8.833
358 4 1 26.262 9.631 25.149 8.833
359 4 1 26.218 9.631 25.105 8.832
360 4 1 26.175 9.609 25.062 8.810
361 4 1 26.153 9.587 25.040 8.789
362 4 1 26.110 9.587 24.997 8.788
363 4 1 26.088 9.565 24.975 8.767
364 4 1 26.044 9.565 24.932 8.766
365 4 1 26.001 9.543 24.888 8.744
366 4 1 25.979 9.543 24.866 8.744
367 4 1 25.958 9.542 24.845 8.744
368 4 1 25.914 9.542 24.801 8.744
369 4 1 25.892 9.542 24.779 8.743
370 4 1 25.849 9.542 24.736 8.743
371 4 1 25.827 9.542 24.714 8.743
372 4 1 25.805 9.541 24.692 8.743
373 4 1 25.761 9.541 24.648 8.742
374 4 1 25.740 9.519 24.627 8.721
375 4 1 25.696 9.519 24.583 8.720
376 4 1 25.674 9.519 24.561 8.720
377 4 1 25.631 9.518 24.518 8.720
378 4 1 25.609 9.518 24.496 8.720
379 4 1 25.587 9.518 24.474 8.719
380 4 1 25.565 9.518 24.452 8.719
381 4 1 25.543 9.518 24.430 8.719
382 4 1 25.522 9.518 24.409 8.719
383 4 1 25.500 9.539 24.386 8.740
384 4 1 25.477 9.561 24.364 8.762
385 4 1 25.456 9.561 24.342 8.762
386 4 1 25.434 9.560 24.321 8.762
0 5 1 39.728 12.402 38.416 11.703
1 5 1 39.771 12.424 38.395 11.692
2 5 1 39.717 12.380 38.340 11.778
3 5 1 39.685 12.380 38.308 11.735
4 5 1 39.641 12.390 38.265 11.724
5 5 1 39.620 12.401 38.243 11.723
6 5 1 39.598 12.379 38.222 11.702
7 5 1 39.577 12.379 38.200 11.702
8 5 1 39.523 12.357 38.146 11.680
9 5 1 39.512 12.314 38.136 11.636
10 5 1 39.459 12.271 38.082 11.593
11 5 1 39.328 12.453 37.951 11.775
12 5 1 39.384 12.184 38.006 11.625
13 5 1 39.308 12.216 37.930 11.646
14 5 1 39.309 12.162 37.931 11.581
15 5 1 39.232 12.215 37.855 11.635
16 5 1 39.168 12.193 37.790 11.613
17 5 1 39.114 12.225 37.736 11.645
18 5 1 39.081 12.193 37.704 11.612
19 5 1 39.006 12.214 37.628 11.633
20 5 1 38.952 12.192 37.574 11.611
21 5 1 38.929 12.321 37.562 11.697
22 5 1 38.929 12.310 37.562 11.708
23 5 1 38.886 12.321 37.519 11.719
24 5 1 38.864 12.310 37.497 11.708
25 5 1 38.843 12.310 37.476 11.708
26 5 1 38.821 12.310 37.454 11.708
27 5 1 38.799 12.331 37.432 11.729
28 5 1 38.756 12.374 37.389 11.772
29 5 1 38.712 12.406 37.345 11.804
30 5 1 38.647 12.438 37.280 11.836
31 5 1 38.583 12.384 37.214 11.900
32 5 1 38.540 12.384 37.171 11.900
33 5 1 38.496 12.383 37.128 11.900
34 5 1 38.453 12.383 37.085 11.899
35 5 1 38.388 12.372 37.020 11.888
36 5 1 38.345 12.382 36.976 11.899
37 5 1 38.302 12.382 36.933 11.899
38 5 1 38.237 12.371 36.868 11.887
39 5 1 38.194 12.381 36.825 11.898
40 5 1 38.151 12.381 36.782 11.898
41 5 1 38.086 12.359 36.751 11.671
42 5 1 38.097 12.284 36.740 11.735
43 5 1 38.065 12.273 36.708 11.724
44 5 1 38.054 12.262 36.697 11.713
45 5 1 38.044 12.229 36.686 11.681
46 5 1 38.012 12.197 36.654 11.648
47 5 1 37.979 12.186 36.622 11.637
48 5 1 37.904 12.153 36.546 11.605
49 5 1 37.850 12.163 36.492 11.615
50 5 1 37.796 12.152 36.438 11.604
51 5 1 37.535 12.291 36.243 11.689
52 5 1 37.557 12.259 36.221 11.700
53 5 1 37.503 12.258 36.167 11.699
54 5 1 37.470 12.258 36.134 11.699
55 5 1 37.416 12.258 36.080 11.699
56 5 1 37.362 12.258 36.026 11.698
57 5 1 37.308 12.257 35.972 11.698
58 5 1 37.276 12.257 35.939 11.698
59 5 1 37.222 12.235 35.885 11.676
60 5 1 37.190 12.213 35.853 11.654
61 5 1 37.135 12.234 35.799 11.675
62 5 1 37.103 12.213 35.767 11.653
63 5 1 37.070 12.234 35.734 11.675
64 5 1 37.060 12.234 35.723 11.675
65 5 1 37.027 12.255 35.690 11.696
66 5 1 36.973 12.298 35.636 11.739
67 5 1 36.918 12.341 35.581 11.782
68 5 1 36.886 12.341 35.549 11.782
69 5 1 36.853 12.341 35.516 11.781
70 5 1 36.799 12.319 35.462 11.760
71 5 1 36.745 12.297 35.408 11.738
72 5 1 36.713 12.297 35.376 11.737
73 5 1 36.659 12.275 35.322 11.715
74 5 1 36.605 12.253 35.268 11.693
75 5 1 36.551 12.252 35.214 11.693
76 5 1 36.497 12.252 35.160 11.693
77 5 1 36.443 12.252 35.106 11.692
78 5 1 36.410 12.252 35.073 11.692
79 5 1 36.356 12.230 35.019 11.670
80 5 1 36.346 12.208 35.009 11.649
81 5 1 36.292 12.208 34.954 11.648
82 5 1 36.281 12.208 34.944 11.648
83 5 1 36.249 12.186 34.911 11.626
84 5 1 36.238 12.142 34.901 11.583
85 5 1 36.184 12.099 34.847 11.540
86 5 1 36.131 12.077 34.793 11.518
87 5 1 36.076 12.077 34.739 11.517
88 5 1 36.044 12.098 34.706 11.539
89 5 1 35.990 12.076 34.652 11.517
90 5 1 35.935 12.097 34.598 11.538
91 5 1 35.881 12.097 34.544 11.538
92 5 1 35.849 12.097 34.511 11.537
93 5 1 35.795 12.097 34.457 11.537
94 5 1 35.741 12.096 34.403 11.537
95 5 1 35.686 12.096 34.349 11.536
96 5 1 35.654 12.096 34.316 11.536
97 5 1 35.600 12.095 34.262 11.536
98 5 1 35.567 12.095 34.229 11.535
99 5 1 35.535 12.073 34.197 11.514
100 5 1 35.502 12.095 34.164 11.535
102 5 1 35.492 12.084 34.154 11.524
103 5 1 35.459 12.105 34.121 11.546
104 5 1 35.361 12.105 34.023 11.545
105 5 1 35.307 12.104 33.969 11.545
106 5 1 35.253 12.104 33.915 11.544
107 5 1 35.242 12.104 33.904 11.544
108 5 1 35.210 12.125 33.871 11.566
109 5 1 35.177 12.125 33.839 11.565
110 5 1 35.123 12.125 33.785 11.565
111 5 1 35.090 12.124 33.752 11.565
112 5 1 35.036 12.124 33.698 11.564
113 5 1 34.982 12.124 33.644 11.564
114 5 1 34.928 12.123 33.589 11.564
115 5 1 34.874 12.123 33.535 11.563
116 5 1 34.819 12.123 33.481 11.563
117 5 1 34.809 12.123 33.470 11.563
118 5 1 34.754 12.122 33.416 11.563
119 5 1 34.744 12.122 33.405 11.563
121 5 1 34.733 12.111 33.394 11.552
122 5 1 34.679 12.111 33.340 11.551
123 5 1 34.625 12.111 33.286 11.551
124 5 1 34.570 12.110 33.232 11.551
125 5 1 34.516 12.110 33.177 11.550
126 5 1 34.484 12.110 33.145 11.550
127 5 1 34.429 12.110 33.091 11.550
128 5 1 34.397 12.109 33.058 11.550
129 5 1 34.343 12.109 33.004 11.549
130 5 1 34.310 12.109 32.971 11.549
131 5 1 34.256 12.108 32.917 11.549
132 5 1 34.202 12.108 32.863 11.548
133 5 1 34.148 12.108 32.808 11.548
134 5 1 34.115 12.108 32.776 11.548
135 5 1 34.061 12.107 32.722 11.547
136 5 1 34.028 12.107 32.689 11.547
137 5 1 33.974 12.107 32.635 11.547
138 5 1 33.942 12.106 32.602 11.547
140 5 1 33.931 12.096 32.592 11.536
141 5 1 33.898 12.095 32.559 11.535
142 5 1 33.844 12.095 32.505 11.535
143 5 1 33.812 12.095 32.472 11.535
144 5 1 33.779 12.095 32.440 11.535
145 5 1 33.768 12.095 32.429 11.535
146 5 1 33.714 12.094 32.374 11.534
147 5 1 33.703 12.116 32.363 11.556
148 5 1 33.670 12.116 32.331 11.556
149 5 1 33.638 12.115 32.298 11.555
150 5 1 33.584 12.115 32.244 11.555
151 5 1 33.529 12.115 32.190 11.555
152 5 1 33.475 12.114 32.135 11.554
153 5 1 33.443 12.114 32.103 11.554
154 5 1 33.388 12.114 32.048 11.554
155 5 1 33.356 12.114 32.016 11.554
156 5 1 33.301 12.113 31.962 11.553
157 5 1 33.269 12.113 31.929 11.553
158 5 1 33.226 12.113 31.896 11.553
160 5 1 33.215 12.102 31.886 11.542
161 5 1 33.171 12.102 31.842 11.542
162 5 1 33.128 12.101 31.799 11.541
163 5 1 33.085 12.101 31.755 11.541
164 5 1 33.041 12.101 31.712 11.541
165 5 1 32.998 12.101 31.669 11.540
166 5 1 32.954 12.100 31.625 11.540
167 5 1 32.911 12.100 31.582 11.540
168 5 1 32.868 12.100 31.538 11.540
169 5 1 32.824 12.099 31.495 11.539
170 5 1 32.781 12.099 31.451 11.539
171 5 1 32.716 12.099 31.386 11.539
172 5 1 32.672 12.099 31.343 11.538
173 5 1 32.629 12.098 31.299 11.538
174 5 1 32.585 12.098 31.256 11.538
175 5 1 32.542 12.098 31.212 11.538
176 5 1 32.499 12.097 31.169 11.537
177 5 1 32.433 12.097 31.114 11.548
179 5 1 32.423 12.086 31.104 11.537
180 5 1 32.390 12.086 31.071 11.537
181 5 1 32.347 12.086 31.028 11.536
182 5 1 32.314 12.085 30.995 11.536
183 5 1 32.281 12.085 30.962 11.536
184 5 1 32.227 12.085 30.908 11.536
185 5 1 32.195 12.085 30.875 11.535
186 5 1 32.140 12.084 30.821 11.535
187 5 1 32.108 12.084 30.788 11.535
188 5 1 32.043 12.084 30.723 11.534
189 5 1 31.999 12.083 30.680 11.534
190 5 1 31.945 12.083 30.625 11.534
191 5 1 31.912 12.083 30.593 11.534
192 5 1 31.847 12.083 30.528 11.533
193 5 1 31.815 12.082 30.495 11.533
194 5 1 31.782 12.082 30.462 11.533
195 5 1 31.738 12.082 30.419 11.532
196 5 1 31.706 12.092 30.397 11.543
198 5 1 31.695 12.082 30.386 11.532
199 5 1 31.662 12.081 30.354 11.532
200 5 1 31.630 12.081 30.321 11.532
201 5 1 31.586 12.081 30.278 11.531
202 5 1 31.543 12.081 30.234 11.531
203 5 1 31.510 12.080 30.201 11.531
204 5 1 31.467 12.080 30.158 11.531
205 5 1 31.423 12.080 30.114 11.530
206 5 1 31.380 12.080 30.071 11.530
207 5 1 31.326 12.079 30.017 11.530
208 5 1 31.282 12.079 29.973 11.529
209 5 1 31.239 12.079 29.930 11.529
210 5 1 31.195 12.078 29.886 11.529
211 5 1 31.141 12.078 29.832 11.529
212 5 1 31.097 12.078 29.788 11.528
213 5 1 31.054 12.067 29.745 11.517
214 5 1 31.011 12.066 29.701 11.517
216 5 1 31.000 12.056 29.691 11.506
217 5 1 30.532 12.085 29.321 11.460
218 5 1 30.587 12.042 29.288 11.493
219 5 1 30.554 12.042 29.255 11.492
220 5 1 30.511 12.042 29.212 11.492
221 5 1 30.467 12.041 29.168 11.492
222 5 1 30.435 12.041 29.136 11.492
223 5 1 30.402 12.041 29.103 11.491
224 5 1 30.348 12.041 29.049 11.491
225 5 1 30.304 12.040 29.005 11.491
226 5 1 30.261 12.040 28.962 11.490
227 5 1 30.206 12.040 28.907 11.490
228 5 1 30.141 12.039 28.842 11.490
229 5 1 30.098 12.039 28.798 11.489
230 5 1 30.043 12.039 28.744 11.489
231 5 1 30.011 12.039 28.711 11.489
232 5 1 29.956 12.038 28.657 11.488
233 5 1 29.924 12.038 28.624 11.488
234 5 1 29.880 12.027 28.581 11.477
235 5 1 29.837 12.027 28.537 11.477
237 5 1 29.826 12.016 28.526 11.466
238 5 1 29.793 12.015 28.494 11.466
239 5 1 29.750 12.015 28.450 11.465
240 5 1 29.706 12.004 28.407 11.454
241 5 1 29.663 11.993 28.363 11.443
242 5 1 29.630 12.004 28.331 11.454
243 5 1 29.598 11.993 28.298 11.443
244 5 1 29.543 11.992 28.244 11.442
245 5 1 29.500 11.992 28.200 11.442
246 5 1 29.446 11.981 28.146 11.431
247 5 1 29.391 11.970 28.091 11.420
248 5 1 29.359 11.969 28.059 11.420
249 5 1 29.304 11.969 28.004 11.419
250 5 1 29.272 11.969 27.972 11.419
251 5 1 29.217 11.958 27.917 11.408
252 5 1 29.196 11.947 27.896 11.397
253 5 1 29.152 11.946 27.852 11.397
255 5 1 29.141 11.936 27.841 11.386
256 5 1 29.109 11.935 27.809 11.385
257 5 1 29.087 11.935 27.787 11.385
258 5 1 29.054 11.946 27.754 11.396
259 5 1 29.010 11.956 27.710 11.406
260 5 1 28.978 11.945 27.678 11.395
261 5 1 28.945 11.956 27.645 11.406
262 5 1 28.891 11.945 27.591 11.395
263 5 1 28.858 11.955 27.558 11.405
264 5 1 28.804 11.944 27.503 11.394
265 5 1 28.760 11.966 27.460 11.416
266 5 1 28.705 11.965 27.405 11.415
267 5 1 28.640 11.965 27.340 11.415
268 5 1 28.586 11.975 27.285 11.425
269 5 1 28.553 11.964 27.253 11.414
270 5 1 28.498 11.975 27.198 11.425
271 5 1 28.466 11.975 27.165 11.425
272 5 1 28.422 11.974 27.122 11.424
273 5 1 28.390 11.974 27.089 11.424
275 5 1 28.379 11.963 27.078 11.413
276 5 1 28.346 11.963 27.045 11.413
277 5 1 28.324 11.974 27.024 11.424
278 5 1 28.292 11.963 26.991 11.413
279 5 1 28.248 11.973 26.947 11.423
280 5 1 28.204 11.973 26.904 11.423
281 5 1 28.161 11.973 26.860 11.423
282 5 1 28.117 11.983 26.816 11.433
283 5 1 28.073 11.994 26.773 11.444
284 5 1 28.019 11.983 26.718 11.432
285 5 1 27.986 11.993 26.685 11.443
286 5 1 27.932 11.982 26.631 11.432
287 5 1 27.899 12.004 26.598 11.453
288 5 1 27.845 12.003 26.543 11.453
289 5 1 27.812 12.003 26.511 11.453
290 5 1 27.757 12.003 26.456 11.452
291 5 1 27.736 11.992 26.435 11.441
292 5 1 27.387 12.011 26.043 11.385
294 5 1 27.365 11.968 26.064 11.417
295 5 1 27.333 11.967 26.031 11.417
296 5 1 27.289 11.967 25.988 11.417
297 5 1 27.256 11.967 25.955 11.417
298 5 1 27.224 11.978 25.922 11.427
299 5 1 27.180 11.988 25.878 11.438
300 5 1 27.136 11.977 25.835 11.427
301 5 1 27.093 11.988 25.791 11.437
302 5 1 27.049 11.977 25.747 11.426
303 5 1 26.995 11.987 25.693 11.437
304 5 1 26.951 11.987 25.649 11.436
305 5 1 26.896 11.986 25.595 11.436
306 5 1 26.831 11.986 25.529 11.436
307 5 1 26.787 11.986 25.485 11.435
308 5 1 26.744 11.996 25.442 11.446
309 5 1 26.711 12.007 25.409 11.456
310 5 1 26.689 11.996 25.387 11.446
311 5 1 26.656 12.017 25.354 11.467
312 5 1 26.601 12.028 25.299 11.477
313 5 1 26.580 12.028 25.277 11.477
314 5 1 26.547 12.038 25.245 11.488
315 5 1 26.503 12.049 25.201 11.499
316 5 1 26.460 12.038 25.157 11.487
317 5 1 26.427 12.048 25.124 11.498
318 5 1 26.394 12.048 25.092 11.498
319 5 1 26.339 12.048 25.037 11.497
320 5 1 26.307 12.048 25.004 11.497
321 5 1 26.252 12.047 24.950 11.497
322 5 1 26.208 12.047 24.906 11.497
323 5 1 26.154 12.047 24.851 11.496
324 5 1 26.099 12.046 24.797 11.496
325 5 1 26.067 12.046 24.764 11.496
326 5 1 26.012 12.046 24.709 11.495
327 5 1 25.980 12.035 24.677 11.484
328 5 1 25.936 12.024 24.633 11.473
329 5 1 25.904 12.002 24.601 11.451
330 5 1 25.871 11.991 24.568 11.440
331 5 1 25.817 11.969 24.514 11.418
332 5 1 25.795 11.958 24.492 11.407
333 5 1 25.762 11.947 24.460 11.396
334 5 1 25.719 11.957 24.416 11.407
335 5 1 25.686 11.946 24.383 11.396
336 5 1 25.653 11.957 24.350 11.406
337 5 1 25.610 11.946 24.307 11.395
338 5 1 25.566 11.945 24.263 11.395
339 5 1 25.533 11.956 24.230 11.405
340 5 1 25.500 11.945 24.197 11.394
341 5 1 25.435 11.955 24.132 11.405
342 5 1 25.391 11.944 24.088 11.394
343 5 1 25.348 11.955 24.044 11.404
344 5 1 25.304 11.944 24.001 11.393
345 5 1 25.260 11.954 23.957 11.404
346 5 1 25.217 11.943 23.913 11.393
347 5 1 25.184 11.954 23.880 11.403
348 5 1 25.162 11.943 23.859 11.392
349 5 1 25.129 11.954 23.826 11.403
350 5 1 25.096 11.953 23.793 11.403
351 5 1 25.074 11.964 23.771 11.413
352 5 1 25.042 11.975 23.738 11.424
353 5 1 24.998 11.974 23.694 11.424
354 5 1 24.965 11.974 23.662 11.423
355 5 1 24.943 11.974 23.640 11.423
356 5 1 24.911 11.974 23.607 11.423
357 5 1 24.867 11.974 23.563 11.423
358 5 1 24.823 11.973 23.519 11.422
359 5 1 24.779 11.973 23.476 11.422
360 5 1 24.747 11.962 23.443 11.411
361 5 1 24.714 11.962 23.410 11.411
362 5 1 24.659 11.961 23.356 11.411
363 5 1 24.627 11.961 23.323 11.410
364 5 1 24.572 11.961 23.268 11.410
365 5 1 24.550 11.950 23.247 11.399
366 5 1 24.518 11.939 23.214 11.388
367 5 1 24.474 11.939 23.170 11.388
368 5 1 24.441 11.928 23.137 11.377
369 5 1 24.420 11.906 23.116 11.355
370 5 1 24.387 11.895 23.083 11.344
371 5 1 24.344 11.884 23.040 11.333
372 5 1 24.322 11.873 23.018 11.322
373 5 1 24.289 11.883 22.985 11.332
374 5 1 24.278 11.872 22.974 11.321
375 5 1 24.235 11.872 22.930 11.321
376 5 1 24.202 11.872 22.898 11.321
377 5 1 24.180 11.872 22.876 11.321
378 5 1 24.147 11.871 22.843 11.320
379 5 1 24.103 11.871 22.799 11.320
380 5 1 24.071 11.871 22.766 11.320
381 5 1 24.038 11.882 22.733 11.331
382 5 1 23.983 11.870 22.679 11.319
383 5 1 23.950 11.881 22.646 11.330
384 5 1 23.896 11.870 22.591 11.319
385 5 1 23.874 11.881 22.569 11.329
386 5 1 23.841 11.869 22.537 11.318
0 6 1 39.440 13.123 38.107 12.359
1 6 1 39.483 13.145 38.086 12.348
2 6 1 39.451 13.145 38.054 12.348
3 6 1 39.440 13.145 38.043 12.348
4 6 1 39.397 13.123 38.000 12.326
5 6 1 39.365 13.101 37.967 12.304
6 6 1 39.376 13.123 37.978 12.326
7 6 1 39.376 13.101 37.978 12.305
8 6 1 39.365 13.122 37.967 12.326
9 6 1 39.354 13.101 37.957 12.304
10 6 1 39.311 13.122 37.913 12.326
11 6 1 39.355 12.982 37.958 12.186
12 6 1 39.269 13.003 37.870 12.325
13 6 1 39.204 13.003 37.805 12.325
14 6 1 39.128 13.024 37.729 12.346
15 6 1 39.074 13.002 37.675 12.324
16 6 1 39.009 13.023 37.610 12.345
17 6 1 38.955 13.001 37.556 12.323
18 6 1 38.923 13.023 37.524 12.345
19 6 1 38.880 13.001 37.481 12.323
20 6 1 38.847 13.001 37.448 12.323
21 6 1 38.815 13.000 37.416 12.323
22 6 1 38.794 12.979 37.394 12.301
23 6 1 38.751 12.957 37.351 12.279
24 6 1 38.729 12.957 37.330 12.279
25 6 1 38.707 12.935 37.308 12.257
26 6 1 38.675 12.913 37.276 12.235
27 6 1 38.664 12.913 37.265 12.235
28 6 1 38.665 12.892 37.265 12.214
29 6 1 38.622 12.870 37.222 12.192
30 6 1 38.578 12.870 37.179 12.192
31 6 1 38.536 12.805 37.135 12.245
33 6 1 38.524 12.858 37.124 12.299
34 6 1 38.470 12.858 37.070 12.299
35 6 1 38.416 12.858 37.016 12.299
36 6 1 38.384 12.858 36.983 12.298
37 6 1 38.330 12.857 36.929 12.298
38 6 1 38.297 12.857 36.897 12.298
39 6 1 38.243 12.857 36.843 12.297
40 6 1 38.211 12.857 36.810 12.297
41 6 1 37.917 13.114 36.561 12.328
42 6 1 37.928 13.049 36.550 12.393
43 6 1 37.896 13.038 36.517 12.382
44 6 1 37.885 13.049 36.506 12.393
45 6 1 37.896 13.038 36.517 12.382
46 6 1 37.863 13.027 36.485 12.371
47 6 1 37.853 13.038 36.474 12.382
48 6 1 37.820 13.027 36.442 12.371
49 6 1 37.788 13.038 36.409 12.381
50 6 1 37.712 13.026 36.333 12.370
51 6 1 37.420 13.046 36.151 12.239
52 6 1 37.464 12.992 36.118 12.293
53 6 1 37.420 12.981 36.074 12.282
54 6 1 37.377 12.992 36.031 12.292
55 6 1 37.356 12.981 36.009 12.281
56 6 1 37.334 12.992 35.988 12.292
57 6 1 37.291 12.959 35.945 12.259
58 6 1 37.269 12.970 35.923 12.270
59 6 1 37.248 12.937 35.902 12.238
60 6 1 37.204 12.948 35.858 12.248
61 6 1 37.183 12.937 35.837 12.237
62 6 1 37.183 12.948 35.836 12.248
63 6 1 37.183 12.958 35.836 12.259
64 6 1 37.161 12.947 35.826 12.248
66 6 1 37.150 12.937 35.815 12.237
67 6 1 37.118 12.926 35.783 12.226
68 6 1 37.064 12.914 35.729 12.215
69 6 1 37.010 12.925 35.674 12.225
70 6 1 36.956 12.914 35.620 12.214
71 6 1 36.901 12.946 35.566 12.246
72 6 1 36.847 12.935 35.512 12.235
73 6 1 36.815 12.945 35.479 12.246
74 6 1 36.761 12.956 35.425 12.256
75 6 1 36.750 12.967 35.414 12.267
76 6 1 36.696 12.955 35.360 12.256
77 6 1 36.663 12.966 35.327 12.266
78 6 1 36.609 12.955 35.273 12.255
79 6 1 36.576 12.987 35.240 12.288
80 6 1 36.500 12.998 35.164 12.298
81 6 1 36.489 13.008 35.153 12.309
82 6 1 36.479 12.976 35.143 12.276
83 6 1 36.447 12.965 35.111 12.265
84 6 1 36.393 12.954 35.057 12.254
85 6 1 36.338 12.964 35.002 12.264
86 6 1 36.284 12.953 34.948 12.253
87 6 1 36.273 12.964 34.937 12.264
88 6 1 36.241 12.953 34.905 12.253
89 6 1 36.208 12.963 34.872 12.264
90 6 1 36.154 12.952 34.818 12.252
91 6 1 36.122 12.963 34.786 12.263
92 6 1 36.089 12.952 34.753 12.252
93 6 1 36.035 12.941 34.699 12.241
94 6 1 35.981 12.930 34.645 12.230
95 6 1 35.927 12.919 34.591 12.219
96 6 1 35.873 12.907 34.537 12.207
97 6 1 35.819 12.918 34.482 12.218
98 6 1 35.765 12.907 34.428 12.207
99 6 1 35.754 12.896 34.418 12.196
100 6 1 35.722 12.885 34.385 12.185
101 6 1 35.689 12.895 34.353 12.196
102 6 1 35.635 12.884 34.299 12.184
103 6 1 35.581 12.895 34.244 12.195
104 6 1 35.527 12.884 34.190 12.184
105 6 1 35.494 12.894 34.157 12.194
106 6 1 35.440 12.883 34.103 12.183
107 6 1 35.407 12.915 34.071 12.215
108 6 1 35.353 12.904 34.016 12.204
109 6 1 35.321 12.915 33.984 12.215
110 6 1 35.266 12.925 33.929 12.225
111 6 1 35.234 12.914 33.897 12.214
112 6 1 35.180 12.903 33.843 12.203
113 6 1 35.147 12.914 33.810 12.214
114 6 1 35.072 12.903 33.734 12.202
115 6 1 35.039 12.913 33.702 12.213
116 6 1 34.963 12.902 33.626 12.202
117 6 1 34.931 12.913 33.593 12.212
118 6 1 34.898 12.902 33.561 12.201
119 6 1 34.887 12.912 33.550 12.212
120 6 1 34.833 12.901 33.496 12.201
121 6 1 34.801 12.912 33.463 12.212
122 6 1 34.746 12.901 33.409 12.200
123 6 1 34.736 12.890 33.398 12.190
124 6 1 34.682 12.879 33.344 12.178
125 6 1 34.649 12.889 33.312 12.189
126 6 1 34.617 12.878 33.279 12.178
127 6 1 34.584 12.889 33.246 12.189
128 6 1 34.530 12.878 33.192 12.177
129 6 1 34.497 12.888 33.160 12.188
130 6 1 34.465 12.877 33.127 12.177
131 6 1 34.411 12.866 33.073 12.166
132 6 1 34.357 12.855 33.019 12.155
133 6 1 34.324 12.844 32.986 12.144
134 6 1 34.248 12.833 32.911 12.132
135 6 1 34.216 12.822 32.878 12.121
136 6 1 34.205 12.811 32.867 12.111
137 6 1 34.173 12.822 32.835 12.121
138 6 1 34.119 12.810 32.781 12.110
139 6 1 34.064 12.821 32.726 12.120
140 6 1 34.010 12.810 32.672 12.109
141 6 1 33.977 12.820 32.639 12.120
142 6 1 33.923 12.831 32.585 12.130
143 6 1 33.890 12.841 32.552 12.141
144 6 1 33.858 12.852 32.520 12.152
145 6 1 33.825 12.863 32.487 12.162
146 6 1 33.771 12.852 32.433 12.151
147 6 1 33.760 12.862 32.422 12.162
148 6 1 33.706 12.851 32.368 12.151
149 6 1 33.357 12.968 32.085 12.181
150 6 1 33.390 12.925 32.063 12.214
151 6 1 33.347 12.925 32.019 12.213
152 6 1 33.282 12.924 31.954 12.213
153 6 1 33.195 12.945 31.867 12.234
154 6 1 33.151 12.945 31.824 12.234
155 6 1 33.151 12.967 31.823 12.255
156 6 1 33.129 12.988 31.801 12.277
157 6 1 33.108 12.967 31.780 12.255
158 6 1 33.043 12.966 31.715 12.255
159 6 1 33.021 12.966 31.693 12.255
160 6 1 32.956 12.944 31.628 12.233
161 6 1 32.934 12.944 31.606 12.233
162 6 1 32.869 12.944 31.541 12.232
163 6 1 32.848 12.943 31.520 12.232
164 6 1 32.804 12.943 31.476 12.232
165 6 1 32.761 12.921 31.433 12.210
166 6 1 32.717 12.921 31.389 12.210
167 6 1 32.674 12.921 31.346 12.209
168 6 1 32.631 12.920 31.302 12.209
169 6 1 32.587 12.920 31.259 12.209
170 6 1 32.544 12.898 31.216 12.187
171 6 1 32.479 12.898 31.151 12.186
172 6 1 32.457 12.876 31.129 12.165
173 6 1 32.392 12.876 31.064 12.164
174 6 1 32.370 12.876 31.042 12.164
175 6 1 32.327 12.897 30.998 12.185
176 6 1 32.283 12.897 30.955 12.185
177 6 1 32.218 12.896 30.890 12.185
178 6 1 32.196 12.896 30.868 12.185
179 6 1 32.153 12.896 30.824 12.184
180 6 1 32.110 12.896 30.781 12.184
181 6 1 32.066 12.895 30.738 12.184
182 6 1 32.023 12.895 30.694 12.184
183 6 1 31.979 12.895 30.651 12.183
184 6 1 31.936 12.895 30.607 12.183
185 6 1 31.892 12.894 30.564 12.183
186 6 1 31.849 12.894 30.520 12.182
187 6 1 31.805 12.894 30.477 12.182
188 6 1 31.740 12.894 30.411 12.182
189 6 1 31.719 12.893 30.390 12.182
190 6 1 31.653 12.915 30.324 12.203
191 6 1 31.631 12.915 30.302 12.203
192 6 1 31.588 12.914 30.259 12.202
193 6 1 31.544 12.914 30.215 12.202
194 6 1 31.501 12.914 30.172 12.202
195 6 1 31.457 12.914 30.128 12.202
196 6 1 31.414 12.913 30.085 12.201
197 6 1 31.371 12.913 30.041 12.201
198 6 1 31.327 12.891 29.998 12.179
199 6 1 31.284 12.891 29.955 12.179
200 6 1 31.240 12.891 29.911 12.179
201 6 1 31.197 12.869 29.868 12.157
202 6 1 31.154 12.868 29.824 12.156
203 6 1 31.110 12.868 29.781 12.156
204 6 1 31.088 12.868 29.759 12.156
205 6 1 31.067 12.868 29.737 12.156
206 6 1 31.002 12.846 29.672 12.134
207 6 1 30.958 12.846 29.629 12.134
208 6 1 30.915 12.824 29.585 12.112
209 6 1 30.893 12.824 29.564 12.112
210 6 1 30.849 12.845 29.520 12.133
211 6 1 30.806 12.845 29.476 12.133
212 6 1 30.763 12.844 29.433 12.132
213 6 1 30.719 12.844 29.389 12.132
214 6 1 30.676 12.844 29.346 12.132
215 6 1 30.632 12.844 29.302 12.132
216 6 1 30.589 12.843 29.259 12.131
217 6 1 30.523 12.843 29.193 12.131
218 6 1 30.502 12.843 29.172 12.131
219 6 1 30.436 12.842 29.106 12.130
220 6 1 30.415 12.842 29.085 12.130
221 6 1 30.349 12.842 29.019 12.130
222 6 1 30.328 12.842 28.997 12.130
223 6 1 30.262 12.863 28.932 12.151
224 6 1 30.240 12.863 28.910 12.151
225 6 1 30.175 12.884 28.845 12.172
226 6 1 30.153 12.906 28.822 12.194
227 6 1 30.109 12.905 28.779 12.193
228 6 1 30.066 12.905 28.735 12.193
229 6 1 30.022 12.905 28.692 12.193
230 6 1 30.000 12.905 28.670 12.193
231 6 1 29.957 12.905 28.626 12.192
232 6 1 29.913 12.904 28.583 12.192
233 6 1 29.870 12.904 28.539 12.192
234 6 1 29.826 12.904 28.496 12.191
235 6 1 29.783 12.904 28.452 12.191
236 6 1 29.739 12.903 28.409 12.191
237 6 1 29.696 12.903 28.365 12.191
238 6 1 29.652 12.903 28.322 12.190
239 6 1 29.609 12.902 28.278 12.190
240 6 1 29.587 12.881 28.256 12.168
241 6 1 29.522 12.880 28.191 12.168
242 6 1 29.500 12.880 28.169 12.168
243 6 1 29.435 12.858 28.104 12.146
244 6 1 29.414 12.836 28.083 12.124
245 6 1 29.348 12.836 28.017 12.123
246 6 1 29.326 12.857 27.995 12.145
247 6 1 29.283 12.857 27.952 12.145
248 6 1 29.239 12.857 27.908 12.144
249 6 1 29.196 12.857 27.865 12.144
250 6 1 29.152 12.856 27.821 12.144
251 6 1 29.108 12.856 27.777 12.144
252 6 1 29.065 12.856 27.734 12.143
253 6 1 29.021 12.856 27.690 12.143
254 6 1 28.978 12.855 27.647 12.143
255 6 1 28.934 12.855 27.603 12.143
256 6 1 28.891 12.855 27.559 12.142
257 6 1 28.847 12.855 27.516 12.142
258 6 1 28.803 12.876 27.472 12.163
259 6 1 28.760 12.876 27.428 12.163
260 6 1 28.716 12.876 27.385 12.163
261 6 1 28.672 12.897 27.341 12.184
262 6 1 28.629 12.918 27.297 12.206
263 6 1 28.585 12.940 27.253 12.227
264 6 1 28.563 12.940 27.231 12.227
265 6 1 28.541 12.940 27.210 12.227
266 6 1 28.476 12.939 27.144 12.226
267 6 1 28.454 12.939 27.122 12.226
268 6 1 28.389 12.939 27.057 12.226
269 6 1 28.367 12.938 27.035 12.226
270 6 1 28.301 12.938 26.970 12.225
271 6 1 28.280 12.938 26.948 12.225
272 6 1 28.214 12.938 26.882 12.225
273 6 1 28.193 12.937 26.861 12.225
274 6 1 28.149 12.937 26.817 12.224
275 6 1 28.105 12.937 26.773 12.224
276 6 1 28.062 12.937 26.730 12.224
277 6 1 28.018 12.936 26.686 12.224
278 6 1 27.975 12.914 26.643 12.202
279 6 1 27.931 12.914 26.599 12.201
280 6 1 27.888 12.892 26.556 12.179
281 6 1 27.845 12.870 26.513 12.157
282 6 1 27.801 12.870 26.469 12.157
283 6 1 27.779 12.870 26.447 12.157
284 6 1 27.757 12.870 26.425 12.157
285 6 1 27.692 12.869 26.360 12.156
286 6 1 27.670 12.869 26.338 12.156
287 6 1 27.605 12.869 26.273 12.156
288 6 1 27.583 12.869 26.251 12.156
289 6 1 27.518 12.868 26.185 12.155
290 6 1 27.496 12.868 26.163 12.155
291 6 1 27.430 12.890 26.098 12.177
292 6 1 27.408 12.889 26.076 12.176
293 6 1 27.343 12.889 26.010 12.176
294 6 1 27.321 12.889 25.989 12.176
295 6 1 27.256 12.888 25.923 12.175
296 6 1 27.234 12.888 25.901 12.175
297 6 1 27.190 12.910 25.857 12.197
298 6 1 27.146 12.910 25.814 12.196
299 6 1 27.103 12.931 25.770 12.218
300 6 1 27.059 12.931 25.726 12.218
301 6 1 27.015 12.952 25.682 12.239
302 6 1 26.971 12.952 25.639 12.239
303 6 1 26.950 12.952 25.617 12.239
304 6 1 26.928 12.952 25.595 12.238
305 6 1 26.862 12.951 25.529 12.238
306 6 1 26.841 12.929 25.508 12.216
307 6 1 26.775 12.929 25.442 12.216
308 6 1 26.754 12.929 25.420 12.216
309 6 1 26.688 12.928 25.355 12.215
310 6 1 26.667 12.907 25.333 12.193
311 6 1 26.601 12.906 25.268 12.193
312 6 1 26.579 12.906 25.246 12.193
313 6 1 26.514 12.906 25.181 12.193
314 6 1 26.492 12.884 25.159 12.171
315 6 1 26.449 12.884 25.115 12.170
316 6 1 26.405 12.862 25.072 12.148
317 6 1 26.362 12.840 25.029 12.126
318 6 1 26.318 12.840 24.985 12.126
319 6 1 26.296 12.839 24.963 12.126
320 6 1 26.275 12.839 24.941 12.126
321 6 1 26.231 12.839 24.898 12.126
322 6 1 26.187 12.839 24.854 12.125
323 6 1 26.144 12.838 24.810 12.125
324 6 1 26.100 12.838 24.766 12.125
325 6 1 26.056 12.838 24.723 12.125
326 6 1 26.013 12.838 24.679 12.124
327 6 1 25.969 12.837 24.635 12.124
328 6 1 25.925 12.837 24.592 12.124
329 6 1 25.882 12.837 24.548 12.123
330 6 1 25.838 12.837 24.504 12.123
331 6 1 25.794 12.836 24.461 12.123
332 6 1 25.750 12.858 24.417 12.144
333 6 1 25.729 12.858 24.395 12.144
334 6 1 25.707 12.879 24.373 12.166
335 6 1 25.641 12.879 24.307 12.165
336 6 1 25.619 12.900 24.285 12.187
337 6 1 25.553 12.922 24.219 12.208
338 6 1 25.531 12.922 24.197 12.208
339 6 1 25.488 12.921 24.154 12.208
340 6 1 25.444 12.921 24.110 12.208
341 6 1 25.400 12.921 24.066 12.207
342 6 1 25.378 12.921 24.044 12.207
343 6 1 25.357 12.899 24.023 12.185
344 6 1 25.291 12.899 23.957 12.185
345 6 1 25.269 12.898 23.935 12.185
346 6 1 25.204 12.898 23.870 12.184
347 6 1 25.182 12.898 23.848 12.184
348 6 1 25.117 12.897 23.782 12.184
349 6 1 25.095 12.897 23.760 12.184
350 6 1 25.051 12.875 23.717 12.162
351 6 1 25.008 12.875 23.673 12.161
352 6 1 24.964 12.853 23.630 12.139
353 6 1 24.942 12.853 23.608 12.139
354 6 1 24.921 12.831 23.586 12.117
355 6 1 24.855 12.831 23.521 12.117
356 6 1 24.855 12.831 23.521 12.117
357 6 1 24.812 12.831 23.477 12.117
358 6 1 24.790 12.830 23.455 12.117
359 6 1 24.724 12.830 23.390 12.116
360 6 1 24.702 12.830 23.368 12.116
361 6 1 24.637 12.829 23.302 12.116
362 6 1 24.615 12.851 23.280 12.137
363 6 1 24.571 12.851 23.236 12.137
364 6 1 24.527 12.851 23.192 12.137
365 6 1 24.484 12.850 23.149 12.136
366 6 1 24.440 12.850 23.105 12.136
367 6 1 24.396 12.871 23.061 12.158
368 6 1 24.374 12.871 23.039 12.157
369 6 1 24.352 12.893 23.017 12.179
370 6 1 24.308 12.893 22.973 12.179
371 6 1 24.264 12.914 22.929 12.200
372 6 1 24.220 12.914 22.885 12.200
373 6 1 24.198 12.935 22.863 12.222
374 6 1 24.176 12.935 22.841 12.221
375 6 1 24.133 12.935 22.798 12.221
376 6 1 24.089 12.935 22.754 12.221
377 6 1 24.067 12.935 22.732 12.221
378 6 1 24.045 12.935 22.710 12.221
379 6 1 24.002 12.934 22.666 12.220
380 6 1 23.958 12.934 22.622 12.220
381 6 1 23.936 12.934 22.601 12.220
382 6 1 23.914 12.912 22.579 12.198
383 6 1 23.849 12.912 22.513 12.198
384 6 1 23.827 12.912 22.492 12.198
385 6 1 23.761 12.911 22.426 12.197
386 6 1 23.739 12.911 22.404 12.197
0 7 1 41.542 12.208 40.447 11.511
1 7 1 41.574 12.230 40.426 11.500
2 7 1 41.520 12.251 40.372 11.522
3 7 1 41.487 12.229 40.340 11.500
4 7 1 41.444 12.229 40.296 11.499
5 7 1 41.401 12.229 40.253 11.499
6 7 1 41.380 12.250 40.232 11.521
7 7 1 41.358 12.250 40.210 11.520
8 7 1 41.304 12.271 40.156 11.542
9 7 1 41.272 12.249 40.124 11.520
10 7 1 41.250 12.249 40.102 11.520
11 7 1 41.272 12.249 40.124 11.520
12 7 1 41.164 12.249 40.016 11.519
13 7 1 41.142 12.249 39.994 11.519
14 7 1 41.067 12.259 39.919 11.529
15 7 1 41.056 12.248 39.908 11.518
16 7 1 40.991 12.248 39.843 11.518
17 7 1 40.970 12.248 39.822 11.518
18 7 1 40.905 12.247 39.757 11.518
19 7 1 40.862 12.269 39.713 11.539
20 7 1 40.819 12.257 39.670 11.528
21 7 1 40.775 12.290 39.627 11.560
22 7 1 40.732 12.289 39.584 11.560
23 7 1 40.689 12.289 39.541 11.559
24 7 1 40.646 12.289 39.497 11.559
25 7 1 40.603 12.288 39.454 11.559
26 7 1 40.581 12.299 39.433 11.569
27 7 1 40.516 12.288 39.368 11.558
28 7 1 40.495 12.288 39.346 11.558
29 7 1 40.430 12.298 39.281 11.568
30 7 1 40.408 12.287 39.260 11.557
31 7 1 40.344 12.287 39.195 11.557
32 7 1 40.322 12.287 39.174 11.557
33 7 1 40.257 12.286 39.109 11.556
34 7 1 40.236 12.286 39.087 11.556
35 7 1 40.171 12.264 39.023 11.534
36 7 1 40.128 12.264 38.979 11.534
37 7 1 40.085 12.264 38.936 11.534
38 7 1 40.042 12.263 38.893 11.533
39 7 1 39.999 12.242 38.850 11.512
40 7 1 39.956 12.241 38.807 11.511
41 7 1 39.934 12.241 38.785 11.511
42 7 1 39.869 12.219 38.721 11.489
43 7 1 39.869 12.219 38.721 11.489
44 7 1 39.826 12.219 38.677 11.489
45 7 1 39.783 12.197 38.634 11.467
46 7 1 39.762 12.197 38.613 11.467
47 7 1 39.697 12.197 38.548 11.466
48 7 1 39.675 12.196 38.526 11.466
49 7 1 39.611 12.196 38.461 11.466
50 7 1 39.589 12.196 38.440 11.466
51 7 1 39.524 12.195 38.375 11.465
52 7 1 39.481 12.195 38.332 11.465
53 7 1 39.438 12.195 38.289 11.465
54 7 1 39.395 12.195 38.245 11.465
55 7 1 39.330 12.194 38.181 11.464
56 7 1 39.265 12.194 38.116 11.464
57 7 1 39.243 12.215 38.094 11.485
58 7 1 39.178 12.215 38.029 11.485
59 7 1 39.157 12.215 38.007 11.485
60 7 1 39.114 12.214 37.964 11.484
61 7 1 39.070 12.214 37.921 11.484
62 7 1 39.027 12.235 37.878 11.505
63 7 1 38.984 12.235 37.834 11.505
64 7 1 38.962 12.235 37.813 11.505
65 7 1 38.919 12.235 37.769 11.505
66 7 1 38.876 12.235 37.726 11.504
67 7 1 38.833 12.234 37.683 11.504
68 7 1 38.789 12.234 37.640 11.504
69 7 1 38.746 12.234 37.597 11.503
70 7 1 38.681 12.233 37.532 11.503
71 7 1 38.617 12.233 37.467 11.503
72 7 1 38.595 12.233 37.445 11.502
73 7 1 38.530 12.211 37.380 11.480
74 7 1 38.487 12.211 37.337 11.480
75 7 1 38.444 12.210 37.294 11.480
76 7 1 38.401 12.210 37.251 11.480
77 7 1 38.358 12.188 37.208 11.458
78 7 1 38.336 12.188 37.186 11.458
79 7 1 38.271 12.166 37.121 11.436
80 7 1 38.271 12.166 37.121 11.436
81 7 1 38.228 12.166 37.078 11.435
82 7 1 38.185 12.165 37.035 11.435
83 7 1 38.142 12.165 36.992 11.435
84 7 1 38.098 12.165 36.948 11.434
85 7 1 38.055 12.165 36.905 11.434
86 7 1 37.990 12.164 36.840 11.434
87 7 1 37.926 12.164 36.775 11.433
88 7 1 37.904 12.164 36.754 11.433
89 7 1 37.839 12.163 36.689 11.433
90 7 1 37.796 12.163 36.645 11.432
91 7 1 37.753 12.163 36.602 11.432
92 7 1 37.709 12.163 36.559 11.432
93 7 1 37.666 12.162 36.516 11.432
94 7 1 37.623 12.162 36.472 11.431
95 7 1 37.580 12.162 36.429 11.431
96 7 1 37.558 12.183 36.407 11.452
97 7 1 37.493 12.183 36.342 11.452
98 7 1 37.471 12.183 36.321 11.452
99 7 1 37.406 12.182 36.256 11.451
100 7 1 37.385 12.182 36.234 11.451
101 7 1 37.320 12.182 36.169 11.451
102 7 1 37.298 12.160 36.148 11.429
103 7 1 37.233 12.160 36.083 11.429
104 7 1 37.190 12.159 36.039 11.428
105 7 1 37.147 12.159 35.996 11.428
106 7 1 37.104 12.159 35.953 11.428
107 7 1 37.039 12.158 35.888 11.427
108 7 1 36.974 12.158 35.823 11.427
109 7 1 36.952 12.158 35.801 11.427
110 7 1 36.887 12.157 35.736 11.427
111 7 1 36.866 12.157 35.715 11.426
112 7 1 36.801 12.135 35.650 11.404
113 7 1 36.779 12.135 35.628 11.404
114 7 1 36.736 12.135 35.585 11.404
115 7 1 36.693 12.135 35.542 11.404
116 7 1 36.650 12.113 35.499 11.382
117 7 1 36.606 12.112 35.455 11.381
118 7 1 36.563 12.112 35.412 11.381
119 7 1 36.520 12.112 35.369 11.381
120 7 1 36.476 12.133 35.325 11.402
121 7 1 36.411 12.133 35.260 11.402
122 7 1 36.390 12.133 35.238 11.402
123 7 1 36.325 12.154 35.173 11.423
124 7 1 36.281 12.154 35.130 11.423
125 7 1 36.238 12.153 35.087 11.422
126 7 1 36.195 12.153 35.043 11.422
127 7 1 36.151 12.174 35.000 11.443
128 7 1 36.108 12.174 34.956 11.443
129 7 1 36.064 12.195 34.913 11.464
130 7 1 36.043 12.195 34.891 11.464
131 7 1 35.978 12.195 34.826 11.464
132 7 1 35.956 12.216 34.804 11.485
133 7 1 35.913 12.216 34.761 11.485
134 7 1 35.869 12.216 34.718 11.485
135 7 1 35.826 12.216 34.674 11.484
136 7 1 35.761 12.215 34.609 11.484
137 7 1 35.739 12.215 34.588 11.484
138 7 1 35.675 12.193 34.523 11.462
139 7 1 35.653 12.193 34.501 11.462
140 7 1 35.588 12.192 34.436 11.461
141 7 1 35.545 12.192 34.393 11.461
142 7 1 35.502 12.170 34.350 11.439
143 7 1 35.437 12.170 34.285 11.439
144 7 1 35.372 12.169 34.220 11.438
145 7 1 35.350 12.169 34.198 11.438
146 7 1 35.285 12.147 34.133 11.416
147 7 1 35.285 12.147 34.133 11.416
148 7 1 35.242 12.125 34.090 11.394
149 7 1 35.220 12.125 34.068 11.394
150 7 1 35.155 12.125 34.003 11.394
151 7 1 35.134 12.125 33.982 11.393
152 7 1 35.069 12.124 33.917 11.393
153 7 1 35.047 12.124 33.895 11.393
154 7 1 34.982 12.102 33.830 11.371
155 7 1 34.961 12.102 33.808 11.371
156 7 1 34.896 12.102 33.743 11.370
157 7 1 34.874 12.102 33.722 11.370
158 7 1 34.809 12.101 33.657 11.370
159 7 1 34.765 12.101 33.613 11.369
160 7 1 34.722 12.101 33.570 11.369
161 7 1 34.657 12.079 33.505 11.347
162 7 1 34.592 12.078 33.440 11.347
163 7 1 34.571 12.078 33.418 11.346
164 7 1 34.527 12.099 33.375 11.368
165 7 1 34.484 12.099 33.331 11.368
166 7 1 34.440 12.099 33.288 11.367
167 7 1 34.397 12.099 33.244 11.367
168 7 1 34.354 12.098 33.201 11.367
169 7 1 34.310 12.098 33.158 11.366
170 7 1 34.267 12.098 33.114 11.366
171 7 1 34.224 12.097 33.071 11.366
172 7 1 34.180 12.076 33.028 11.344
173 7 1 34.137 12.075 32.984 11.344
174 7 1 34.094 12.075 32.941 11.343
175 7 1 34.050 12.075 32.897 11.343
176 7 1 34.007 12.074 32.854 11.343
177 7 1 33.964 12.074 32.811 11.342
178 7 1 33.898 12.074 32.746 11.342
179 7 1 33.877 12.074 32.724 11.342
180 7 1 33.812 12.052 32.659 11.320
181 7 1 33.790 12.051 32.637 11.320
182 7 1 33.747 12.051 32.594 11.319
183 7 1 33.704 12.051 32.550 11.319
184 7 1 33.660 12.051 32.507 11.319
185 7 1 33.617 12.050 32.464 11.319
186 7 1 33.573 12.050 32.420 11.318
187 7 1 33.530 12.050 32.377 11.318
188 7 1 33.487 12.050 32.333 11.318
189 7 1 33.443 12.049 32.290 11.317
190 7 1 33.400 12.049 32.247 11.317
191 7 1 33.356 12.070 32.203 11.339
192 7 1 33.291 12.070 32.138 11.338
193 7 1 33.269 12.091 32.116 11.360
194 7 1 33.204 12.091 32.051 11.359
195 7 1 33.182 12.091 32.029 11.359
196 7 1 33.117 12.090 31.964 11.359
197 7 1 33.074 12.112 31.920 11.380
198 7 1 33.030 12.133 31.876 11.401
199 7 1 32.987 12.133 31.833 11.401
200 7 1 32.943 12.133 31.790 11.401
201 7 1 32.900 12.154 31.746 11.422
202 7 1 32.856 12.154 31.702 11.422
203 7 1 32.813 12.153 31.659 11.421
204 7 1 32.769 12.153 31.616 11.421
205 7 1 32.726 12.175 31.572 11.443
206 7 1 32.682 12.174 31.528 11.442
207 7 1 32.639 12.174 31.485 11.442
208 7 1 32.595 12.174 31.442 11.442
209 7 1 32.552 12.173 31.398 11.441
210 7 1 32.509 12.173 31.355 11.441
211 7 1 32.465 12.173 31.311 11.441
212 7 1 32.422 12.173 31.268 11.441
213 7 1 32.378 12.172 31.224 11.440
214 7 1 32.335 12.172 31.181 11.440
215 7 1 32.291 12.172 31.137 11.440
216 7 1 32.248 12.172 31.094 11.439
217 7 1 32.226 12.171 31.072 11.439
218 7 1 32.161 12.171 31.007 11.439
219 7 1 32.139 12.171 30.985 11.439
220 7 1 32.096 12.171 30.942 11.438
221 7 1 32.052 12.170 30.898 11.438
222 7 1 32.009 12.170 30.855 11.438
223 7 1 31.966 12.170 30.811 11.438
224 7 1 31.922 12.170 30.768 11.437
225 7 1 31.878 12.191 30.724 11.459
226 7 1 31.835 12.191 30.681 11.458
227 7 1 31.792 12.190 30.637 11.458
228 7 1 31.748 12.212 30.593 11.479
229 7 1 31.683 12.211 30.528 11.479
230 7 1 31.661 12.211 30.506 11.479
231 7 1 31.596 12.232 30.441 11.500
232 7 1 31.552 12.254 30.397 11.521
233 7 1 31.508 12.254 30.354 11.521
234 7 1 31.487 12.253 30.332 11.521
235 7 1 31.421 12.275 30.267 11.542
236 7 1 31.400 12.275 30.245 11.542
237 7 1 31.356 12.274 30.201 11.542
238 7 1 31.313 12.274 30.158 11.542
239 7 1 31.291 12.274 30.136 11.541
240 7 1 31.269 12.274 30.114 11.541
241 7 1 31.204 12.252 30.049 11.519
242 7 1 31.161 12.251 30.006 11.519
243 7 1 31.117 12.251 29.962 11.519
244 7 1 31.074 12.251 29.919 11.518
245 7 1 31.030 12.251 29.875 11.518
246 7 1 30.987 12.272 29.832 11.539
247 7 1 30.965 12.272 29.810 11.539
248 7 1 30.900 12.271 29.745 11.539
249 7 1 30.878 12.271 29.723 11.539
250 7 1 30.813 12.271 29.658 11.538
251 7 1 30.791 12.271 29.636 11.538
252 7 1 30.747 12.270 29.592 11.538
253 7 1 30.726 12.270 29.570 11.538
254 7 1 30.704 12.270 29.549 11.538
255 7 1 30.639 12.248 29.484 11.515
256 7 1 30.617 12.248 29.462 11.515
257 7 1 30.552 12.248 29.397 11.515
258 7 1 30.530 12.247 29.375 11.515
259 7 1 30.465 12.247 29.310 11.514
260 7 1 30.443 12.247 29.288 11.514
261 7 1 30.378 12.247 29.223 11.514
262 7 1 30.356 12.246 29.201 11.514
263 7 1 30.291 12.246 29.136 11.513
264 7 1 30.269 12.246 29.114 11.513
265 7 1 30.204 12.245 29.048 11.513
266 7 1 30.160 12.245 29.005 11.512
267 7 1 30.138 12.267 28.983 11.534
268 7 1 30.073 12.266 28.918 11.533
269 7 1 30.051 12.266 28.896 11.533
270 7 1 30.008 12.266 28.852 11.533
271 7 1 29.964 12.287 28.808 11.554
272 7 1 29.921 12.287 28.765 11.554
273 7 1 29.899 12.287 28.743 11.554
274 7 1 29.877 12.287 28.721 11.554
275 7 1 29.812 12.286 28.656 11.553
276 7 1 29.790 12.286 28.634 11.553
277 7 1 29.725 12.286 28.569 11.553
278 7 1 29.703 12.286 28.547 11.553
279 7 1 29.660 12.285 28.504 11.552
280 7 1 29.616 12.285 28.460 11.552
281 7 1 29.572 12.285 28.417 11.552
282 7 1 29.551 12.285 28.395 11.552
283 7 1 29.529 12.285 28.373 11.552
284 7 1 29.464 12.284 28.308 11.551
285 7 1 29.442 12.284 28.286 11.551
286 7 1 29.398 12.284 28.242 11.551
287 7 1 29.355 12.283 28.199 11.550
288 7 1 29.333 12.305 28.177 11.572
289 7 1 29.311 12.305 28.155 11.572
290 7 1 29.267 12.305 28.111 11.572
291 7 1 29.245 12.326 28.089 11.593
292 7 1 29.224 12.326 28.068 11.593
293 7 1 29.158 12.326 28.002 11.593
294 7 1 29.136 12.347 27.980 11.614
295 7 1 29.093 12.347 27.937 11.614
296 7 1 29.049 12.368 27.893 11.635
297 7 1 29.005 12.368 27.849 11.635
298 7 1 28.962 12.389 27.805 11.656
299 7 1 28.918 12.389 27.762 11.656
300 7 1 28.875 12.389 27.718 11.656
301 7 1 28.831 12.410 27.674 11.677
302 7 1 28.787 12.410 27.631 11.677
303 7 1 28.743 12.431 27.587 11.698
304 7 1 28.722 12.431 27.565 11.698
305 7 1 28.700 12.453 27.543 11.720
306 7 1 28.656 12.453 27.499 11.719
307 7 1 28.612 12.452 27.456 11.719
308 7 1 28.569 12.452 27.412 11.719
309 7 1 28.547 12.452 27.390 11.719
310 7 1 28.525 12.452 27.369 11.718
311 7 1 28.460 12.451 27.303 11.718
312 7 1 28.438 12.451 27.281 11.718
313 7 1 28.373 12.451 27.216 11.717
314 7 1 28.351 12.451 27.194 11.717
315 7 1 28.286 12.450 27.129 11.717
316 7 1 28.264 12.450 27.107 11.717
317 7 1 28.199 12.450 27.042 11.716
318 7 1 28.199 12.450 27.042 11.716
319 7 1 28.155 12.449 26.998 11.716
320 7 1 28.111 12.449 26.954 11.716
321 7 1 28.068 12.449 26.911 11.716
322 7 1 28.046 12.449 26.889 11.715
323 7 1 27.981 12.448 26.824 11.715
324 7 1 27.981 12.448 26.824 11.715
325 7 1 27.937 12.448 26.780 11.715
326 7 1 27.915 12.448 26.758 11.715
327 7 1 27.850 12.448 26.693 11.714
328 7 1 27.828 12.447 26.671 11.714
329 7 1 27.784 12.469 26.627 11.735
330 7 1 27.719 12.468 26.562 11.735
331 7 1 27.697 12.468 26.540 11.735
332 7 1 27.632 12.468 26.474 11.734
333 7 1 27.610 12.468 26.453 11.734
334 7 1 27.544 12.467 26.387 11.734
335 7 1 27.523 12.467 26.365 11.734
336 7 1 27.457 12.489 26.300 11.755
337 7 1 27.435 12.488 26.278 11.755
338 7 1 27.391 12.510 26.234 11.776
339 7 1 27.347 12.531 26.190 11.798
340 7 1 27.304 12.531 26.146 11.797
341 7 1 27.260 12.552 26.102 11.819
342 7 1 27.238 12.552 26.081 11.819
343 7 1 27.216 12.552 26.059 11.818
344 7 1 27.173 12.552 26.015 11.818
345 7 1 27.175 12.389 25.920 11.557
346 7 1 27.121 12.346 25.963 11.612
347 7 1 27.077 12.345 25.920 11.612
348 7 1 27.034 12.345 25.876 11.611
349 7 1 26.990 12.345 25.832 11.611
350 7 1 26.946 12.366 25.788 11.632
351 7 1 26.902 12.388 25.744 11.654
352 7 1 26.859 12.366 25.701 11.632
353 7 1 26.815 12.387 25.657 11.653
354 7 1 26.772 12.365 25.614 11.631
355 7 1 26.728 12.386 25.570 11.653
356 7 1 26.684 12.365 25.526 11.631
357 7 1 26.641 12.364 25.483 11.630
358 7 1 26.597 12.364 25.439 11.630
359 7 1 26.554 12.364 25.396 11.630
360 7 1 26.510 12.363 25.352 11.630
361 7 1 26.488 12.363 25.330 11.629
362 7 1 26.444 12.363 25.286 11.629
363 7 1 26.401 12.363 25.243 11.629
364 7 1 26.357 12.384 25.199 11.650
365 7 1 26.314 12.362 25.155 11.628
366 7 1 26.270 12.384 25.111 11.650
367 7 1 26.226 12.362 25.068 11.628
368 7 1 26.182 12.383 25.024 11.649
369 7 1 26.139 12.383 24.980 11.649
370 7 1 26.117 12.383 24.959 11.649
371 7 1 26.073 12.382 24.915 11.648
372 7 1 26.051 12.382 24.893 11.648
373 7 1 26.008 12.382 24.849 11.648
374 7 1 25.986 12.404 24.827 11.670
375 7 1 25.942 12.425 24.783 11.691
376 7 1 25.898 12.425 24.740 11.691
377 7 1 25.854 12.425 24.696 11.690
378 7 1 25.833 12.424 24.674 11.690
379 7 1 25.789 12.424 24.630 11.690
380 7 1 25.767 12.402 24.609 11.668
381 7 1 25.723 12.424 24.565 11.690
382 7 1 25.680 12.402 24.521 11.668
383 7 1 25.636 12.401 24.478 11.667
384 7 1 25.593 12.401 24.434 11.667
385 7 1 25.549 12.401 24.390 11.667
386 7 1 25.506 12.379 24.347 11.645
0 8 1 41.794 12.932 40.755 12.117
1 8 1 41.827 12.954 40.744 12.106
2 8 1 41.783 12.964 40.701 12.117
3 8 1 41.740 12.953 40.658 12.106
4 8 1 41.708 12.942 40.626 12.095
5 8 1 41.644 12.931 40.561 12.083
6 8 1 41.622 12.942 40.540 12.094
7 8 1 41.568 12.931 40.486 12.083
8 8 1 41.525 12.909 40.443 12.061
9 8 1 41.482 12.930 40.399 12.082
10 8 1 41.449 12.941 40.367 12.093
11 8 1 41.461 12.887 40.378 12.039
12 8 1 41.385 12.940 40.302 12.092
13 8 1 41.331 12.929 40.248 12.081
14 8 1 41.266 12.950 40.183 12.103
15 8 1 41.266 12.929 40.184 12.081
16 8 1 41.234 12.939 40.151 12.092
17 8 1 41.190 12.950 40.108 12.102
18 8 1 41.169 12.961 40.086 12.113
19 8 1 41.115 12.949 40.032 12.102
20 8 1 41.082 12.971 40.000 12.123
21 8 1 41.028 12.970 39.946 12.123
22 8 1 40.996 12.981 39.913 12.133
23 8 1 40.942 12.970 39.860 12.122
24 8 1 40.910 12.981 39.827 12.133
25 8 1 40.856 12.991 39.773 12.143
26 8 1 40.823 12.991 39.741 12.143
27 8 1 40.769 13.012 39.686 12.164
28 8 1 40.737 13.023 39.654 12.175
29 8 1 40.683 13.012 39.600 12.164
30 8 1 40.650 13.022 39.568 12.174
31 8 1 40.596 13.033 39.513 12.185
32 8 1 40.575 13.043 39.492 12.195
33 8 1 40.532 13.032 39.449 12.184
34 8 1 40.499 13.043 39.416 12.195
35 8 1 40.456 13.032 39.373 12.184
36 8 1 40.434 13.042 39.351 12.194
37 8 1 40.381 13.031 39.298 12.183
38 8 1 40.348 13.042 39.265 12.194
39 8 1 40.294 13.031 39.211 12.183
40 8 1 40.240 13.041 39.157 12.193
41 8 1 40.186 13.030 39.103 12.182
42 8 1 40.154 13.041 39.071 12.193
43 8 1 40.100 13.030 39.017 12.181
44 8 1 40.067 13.040 38.984 12.192
45 8 1 40.014 13.029 38.930 12.181
46 8 1 39.981 13.040 38.898 12.192
47 8 1 39.927 13.029 38.844 12.180
48 8 1 39.895 13.039 38.811 12.191
49 8 1 39.841 13.028 38.758 12.180
50 8 1 39.819 13.060 38.736 12.212
51 8 1 39.776 13.049 38.692 12.201
52 8 1 39.743 13.060 38.660 12.212
53 8 1 39.690 13.049 38.606 12.200
54 8 1 39.657 13.059 38.574 12.211
55 8 1 39.603 13.048 38.520 12.200
56 8 1 39.571 13.059 38.487 12.211
57 8 1 39.517 13.048 38.433 12.199
58 8 1 39.463 13.058 38.379 12.210
59 8 1 39.409 13.047 38.325 12.199
60 8 1 39.376 13.058 38.293 12.209
61 8 1 39.322 13.047 38.239 12.198
62 8 1 39.290 13.057 38.206 12.209
63 8 1 39.236 13.046 38.152 12.198
64 8 1 39.203 13.057 38.120 12.208
65 8 1 39.160 13.046 38.077 12.197
66 8 1 39.139 13.035 38.055 12.186
67 8 1 39.074 13.024 37.990 12.175
68 8 1 39.052 13.034 37.969 12.186
69 8 1 38.998 13.023 37.915 12.175
70 8 1 38.966 13.012 37.882 12.164
71 8 1 38.901 13.001 37.817 12.152
72 8 1 38.858 12.990 37.774 12.141
73 8 1 38.804 12.979 37.720 12.130
74 8 1 38.761 12.989 37.677 12.141
75 8 1 38.718 12.957 37.634 12.108
76 8 1 38.686 12.967 37.602 12.119
77 8 1 38.632 12.956 37.548 12.108
78 8 1 38.599 12.945 37.515 12.097
79 8 1 38.545 12.934 37.461 12.085
80 8 1 38.513 12.945 37.429 12.096
81 8 1 38.459 12.934 37.375 12.085
82 8 1 38.426 12.944 37.342 12.095
83 8 1 38.383 12.933 37.299 12.084
84 8 1 38.362 12.944 37.277 12.095
85 8 1 38.297 12.933 37.213 12.084
86 8 1 38.253 12.943 37.169 12.094
87 8 1 38.200 12.932 37.115 12.083
88 8 1 38.167 12.943 37.083 12.094
89 8 1 38.102 12.931 37.018 12.083
90 8 1 38.059 12.942 36.974 12.093
91 8 1 38.005 12.931 36.920 12.082
92 8 1 37.962 12.941 36.877 12.093
93 8 1 37.918 12.952 36.834 12.103
94 8 1 37.886 12.963 36.801 12.114
95 8 1 37.832 12.951 36.747 12.102
96 8 1 37.799 12.962 36.715 12.113
97 8 1 37.745 12.951 36.661 12.102
98 8 1 37.713 12.962 36.628 12.113
99 8 1 37.659 12.950 36.574 12.101
100 8 1 37.626 12.939 36.542 12.090
101 8 1 37.572 12.928 36.488 12.079
102 8 1 37.540 12.939 36.455 12.090
103 8 1 37.486 12.928 36.401 12.079
104 8 1 37.453 12.938 36.369 12.089
105 8 1 37.399 12.906 36.315 12.057
106 8 1 37.345 12.916 36.261 12.067
107 8 1 37.291 12.905 36.206 12.056
108 8 1 37.259 12.916 36.174 12.066
109 8 1 37.205 12.883 36.120 12.034
110 8 1 37.172 12.894 36.088 12.044
111 8 1 37.118 12.882 36.034 12.033
112 8 1 37.064 12.893 35.979 12.044
113 8 1 37.010 12.882 35.925 12.033
114 8 1 36.978 12.892 35.893 12.043
115 8 1 36.945 12.881 35.860 12.032
116 8 1 36.891 12.892 35.806 12.043
117 8 1 36.837 12.881 35.752 12.031
118 8 1 36.805 12.891 35.719 12.042
119 8 1 36.740 12.880 35.655 12.031
120 8 1 36.718 12.891 35.633 12.041
121 8 1 36.653 12.880 35.568 12.030
122 8 1 36.631 12.890 35.546 12.041
123 8 1 36.556 12.879 35.470 12.030
124 8 1 36.523 12.890 35.438 12.040
125 8 1 36.458 12.900 35.373 12.051
126 8 1 36.415 12.911 35.329 12.061
127 8 1 36.350 12.899 35.264 12.050
128 8 1 36.328 12.910 35.243 12.061
129 8 1 36.274 12.899 35.189 12.049
130 8 1 36.241 12.910 35.156 12.060
131 8 1 36.187 12.898 35.102 12.049
132 8 1 36.155 12.909 35.069 12.060
133 8 1 36.090 12.898 35.004 12.048
134 8 1 36.057 12.908 34.972 12.059
135 8 1 36.014 12.897 34.929 12.048
136 8 1 35.982 12.886 34.896 12.037
137 8 1 35.928 12.875 34.842 12.026
138 8 1 35.895 12.886 34.810 12.036
139 8 1 35.841 12.875 34.755 12.025
140 8 1 35.787 12.864 34.701 12.014
141 8 1 35.733 12.852 34.647 12.003
142 8 1 35.700 12.863 34.615 12.013
143 8 1 35.636 12.852 34.550 12.002
144 8 1 35.592 12.862 34.506 12.013
145 8 1 35.527 12.851 34.441 12.002
146 8 1 35.495 12.862 34.409 12.012
147 8 1 35.451 12.851 34.365 12.001
148 8 1 35.419 12.861 34.333 12.012
149 8 1 35.386 12.850 34.300 12.001
150 8 1 35.354 12.861 34.268 12.011
151 8 1 35.289 12.850 34.203 12.000
152 8 1 35.245 12.860 34.159 12.011
153 8 1 35.191 12.871 34.105 12.021
154 8 1 35.159 12.881 34.072 12.032
155 8 1 35.094 12.870 34.008 12.020
156 8 1 35.072 12.881 33.986 12.031
157 8 1 34.985 12.891 33.899 12.041
158 8 1 34.963 12.902 33.877 12.052
159 8 1 34.887 12.891 33.801 12.041
160 8 1 34.855 12.923 33.768 12.073
161 8 1 34.790 12.912 33.703 12.062
162 8 1 34.768 12.922 33.682 12.072
163 8 1 34.703 12.911 33.617 12.061
164 8 1 34.681 12.922 33.595 12.072
165 8 1 34.627 12.911 33.541 12.061
166 8 1 34.594 12.921 33.508 12.071
167 8 1 34.530 12.910 33.443 12.060
168 8 1 34.508 12.921 33.421 12.071
169 8 1 34.443 12.910 33.356 12.060
170 8 1 34.421 12.920 33.334 12.070
171 8 1 34.367 12.909 33.280 12.059
172 8 1 34.313 12.920 33.226 12.070
173 8 1 34.258 12.909 33.172 12.058
174 8 1 34.226 12.898 33.139 12.047
175 8 1 34.139 12.886 33.053 12.036
176 8 1 34.107 12.897 33.020 12.047
177 8 1 34.063 12.886 32.977 12.036
178 8 1 34.031 12.875 32.944 12.025
179 8 1 33.977 12.864 32.890 12.013
180 8 1 33.944 12.874 32.858 12.024
181 8 1 33.879 12.885 32.792 12.034
182 8 1 33.846 12.895 32.760 12.045
183 8 1 33.825 12.884 32.738 12.034
184 8 1 33.781 12.895 32.694 12.045
185 8 1 33.738 12.884 32.651 12.033
186 8 1 33.705 12.894 32.619 12.044
187 8 1 33.619 12.883 32.532 12.033
188 8 1 33.586 12.894 32.499 12.043
189 8 1 33.543 12.904 32.456 12.054
190 8 1 33.510 12.915 32.423 12.065
191 8 1 33.434 12.904 32.347 12.053
192 8 1 33.401 12.914 32.314 12.064
193 8 1 33.336 12.925 32.249 12.074
194 8 1 33.304 12.935 32.216 12.085
195 8 1 33.249 12.924 32.162 12.074
196 8 1 33.228 12.935 32.140 12.084
197 8 1 33.173 12.924 32.086 12.073
198 8 1 33.141 12.934 32.053 12.084
199 8 1 33.108 12.923 32.021 12.073
200 8 1 33.065 12.934 31.977 12.083
201 8 1 33.021 12.923 31.934 12.072
202 8 1 32.989 12.933 31.901 12.083
203 8 1 32.935 12.922 31.847 12.072
204 8 1 32.902 12.933 31.815 12.082
205 8 1 32.837 12.922 31.749 12.071
206 8 1 32.794 12.911 31.706 12.060
207 8 1 32.739 12.899 31.652 12.049
208 8 1 32.707 12.910 31.619 12.059
209 8 1 32.642 12.899 31.554 12.048
210 8 1 32.620 12.910 31.532 12.059
211 8 1 32.555 12.898 31.467 12.048
212 8 1 32.533 12.909 31.445 12.058
213 8 1 32.479 12.898 31.391 12.047
214 8 1 32.446 12.909 31.358 12.058
215 8 1 32.403 12.897 31.315 12.047
216 8 1 32.370 12.908 31.282 12.057
217 8 1 32.316 12.919 31.228 12.068
218 8 1 32.294 12.929 31.206 12.078
219 8 1 32.240 12.918 31.152 12.067
220 8 1 32.207 12.929 31.119 12.078
221 8 1 32.142 12.918 31.054 12.067
222 8 1 32.120 12.950 31.032 12.099
223 8 1 32.055 12.939 30.967 12.088
224 8 1 32.011 12.949 30.923 12.098
225 8 1 31.957 12.960 30.869 12.109
226 8 1 31.924 12.970 30.836 12.119
227 8 1 31.859 12.981 30.771 12.130
228 8 1 31.837 12.992 30.749 12.141
229 8 1 31.772 12.980 30.684 12.129
230 8 1 31.750 12.991 30.662 12.140
231 8 1 31.696 13.002 30.607 12.151
232 8 1 31.663 13.012 30.575 12.161
233 8 1 31.620 13.001 30.531 12.150
234 8 1 31.587 13.012 30.499 12.161
235 8 1 31.533 13.001 30.444 12.149
236 8 1 31.511 13.011 30.422 12.160
237 8 1 31.456 13.000 30.368 12.149
238 8 1 31.424 13.011 30.335 12.160
239 8 1 31.358 13.021 30.270 12.170
240 8 1 31.337 13.032 30.248 12.181
241 8 1 31.271 13.021 30.183 12.170
242 8 1 31.228 13.031 30.139 12.180
243 8 1 31.174 13.020 30.085 12.169
244 8 1 31.141 13.031 30.052 12.180
245 8 1 31.098 13.020 30.009 12.168
246 8 1 31.065 13.030 29.976 12.179
247 8 1 31.011 13.019 29.922 12.168
248 8 1 30.988 13.051 29.900 12.200
249 8 1 30.956 13.040 29.867 12.189
250 8 1 30.923 13.051 29.835 12.200
251 8 1 30.869 13.040 29.780 12.189
252 8 1 30.836 13.051 29.748 12.199
253 8 1 30.804 13.061 29.715 12.210
254 8 1 30.760 13.072 29.671 12.220
255 8 1 30.705 13.082 29.617 12.231
256 8 1 30.684 13.093 29.595 12.242
257 8 1 30.629 13.104 29.540 12.252
258 8 1 30.596 13.114 29.507 12.263
259 8 1 30.531 13.125 29.442 12.273
260 8 1 30.498 13.157 29.409 12.305
261 8 1 30.444 13.146 29.355 12.294
262 8 1 30.422 13.156 29.333 12.305
263 8 1 30.367 13.167 29.278 12.316
264 8 1 30.334 13.178 29.245 12.326
265 8 1 30.302 13.167 29.213 12.315
266 8 1 30.258 13.177 29.169 12.326
267 8 1 30.204 13.188 29.115 12.336
268 8 1 30.182 13.198 29.093 12.347
269 8 1 30.128 13.187 29.039 12.336
270 8 1 30.095 13.198 29.006 12.346
271 8 1 30.062 13.209 28.973 12.357
272 8 1 30.018 13.219 28.929 12.368
273 8 1 29.964 13.208 28.875 12.356
274 8 1 29.942 13.219 28.853 12.367
275 8 1 29.888 13.208 28.799 12.356
276 8 1 29.855 13.218 28.766 12.367
277 8 1 29.790 13.207 28.701 12.355
278 8 1 29.757 13.218 28.668 12.366
279 8 1 29.725 13.207 28.635 12.355
280 8 1 29.692 13.217 28.603 12.366
281 8 1 29.649 13.206 28.559 12.354
282 8 1 29.616 13.217 28.526 12.365
283 8 1 29.583 13.206 28.494 12.354
284 8 1 29.540 13.216 28.450 12.365
285 8 1 29.485 13.205 28.396 12.353
286 8 1 29.485 13.216 28.396 12.364
287 8 1 29.431 13.227 28.341 12.375
288 8 1 29.398 13.237 28.308 12.385
289 8 1 29.333 13.226 28.243 12.374
290 8 1 29.300 13.237 28.210 12.385
291 8 1 29.245 13.247 28.156 12.395
292 8 1 29.223 13.258 28.134 12.406
293 8 1 29.169 13.247 28.079 12.395
294 8 1 29.136 13.257 28.047 12.405
295 8 1 29.071 13.246 27.981 12.394
296 8 1 29.060 13.257 27.970 12.405
297 8 1 29.005 13.267 27.916 12.415
298 8 1 28.973 13.256 27.883 12.404
299 8 1 28.930 13.245 27.840 12.393
300 8 1 28.918 13.256 27.829 12.404
301 8 1 28.853 13.245 27.763 12.393
302 8 1 28.831 13.256 27.741 12.404
303 8 1 28.799 13.245 27.709 12.393
304 8 1 28.766 13.255 27.676 12.403
305 8 1 28.733 13.244 27.644 12.392
306 8 1 28.701 13.255 27.611 12.403
307 8 1 28.635 13.244 27.545 12.392
308 8 1 28.603 13.233 27.513 12.380
309 8 1 28.549 13.221 27.459 12.369
310 8 1 28.527 13.232 27.437 12.380
311 8 1 28.472 13.221 27.382 12.369
312 8 1 28.439 13.232 27.349 12.379
313 8 1 28.407 13.221 27.317 12.368
314 8 1 28.363 13.231 27.273 12.379
315 8 1 28.309 13.220 27.219 12.368
316 8 1 28.309 13.231 27.219 12.379
317 8 1 28.254 13.220 27.164 12.367
318 8 1 28.243 13.230 27.153 12.378
319 8 1 28.178 13.219 27.088 12.367
320 8 1 28.167 13.230 27.077 12.378
321 8 1 28.112 13.241 27.022 12.388
322 8 1 28.112 13.251 27.022 12.399
323 8 1 28.058 13.240 26.968 12.388
324 8 1 28.025 13.273 26.935 12.420
325 8 1 27.992 13.262 26.902 12.409
326 8 1 27.948 13.294 26.858 12.441
327 8 1 27.894 13.304 26.803 12.452
328 8 1 27.872 13.315 26.781 12.463
329 8 1 27.817 13.326 26.727 12.473
330 8 1 27.784 13.336 26.694 12.484
331 8 1 27.751 13.347 26.661 12.495
332 8 1 27.708 13.357 26.617 12.505
333 8 1 27.675 13.368 26.584 12.516
334 8 1 27.642 13.379 26.551 12.526
335 8 1 27.620 13.390 26.529 12.537
336 8 1 27.587 13.400 26.497 12.548
337 8 1 27.555 13.389 26.464 12.537
338 8 1 27.511 13.400 26.420 12.547
339 8 1 27.489 13.410 26.398 12.558
340 8 1 27.445 13.421 26.354 12.569
341 8 1 27.402 13.410 26.311 12.557
342 8 1 27.391 13.421 26.300 12.568
343 8 1 27.325 13.431 26.234 12.579
344 8 1 27.303 13.442 26.212 12.589
345 8 1 27.238 13.431 26.147 12.578
346 8 1 27.216 13.441 26.125 12.589
347 8 1 27.162 13.430 26.071 12.578
348 8 1 27.129 13.441 26.038 12.588
349 8 1 27.096 13.430 26.005 12.577
350 8 1 27.052 13.440 25.961 12.588
351 8 1 27.031 13.430 25.940 12.577
352 8 1 26.987 13.440 25.896 12.587
353 8 1 26.965 13.429 25.874 12.576
354 8 1 26.932 13.440 25.841 12.587
355 8 1 26.900 13.429 25.809 12.576
356 8 1 26.856 13.439 25.765 12.587
357 8 1 26.834 13.428 25.743 12.576
358 8 1 26.791 13.439 25.699 12.586
359 8 1 26.747 13.428 25.656 12.575
360 8 1 26.714 13.439 25.623 12.586
361 8 1 26.681 13.449 25.590 12.596
362 8 1 26.638 13.460 25.546 12.607
363 8 1 26.583 13.449 25.492 12.596
364 8 1 26.561 13.459 25.470 12.607
365 8 1 26.529 13.448 25.437 12.596
366 8 1 26.496 13.459 25.404 12.606
367 8 1 26.463 13.448 25.372 12.595
368 8 1 26.419 13.459 25.328 12.606
369 8 1 26.398 13.448 25.306 12.595
370 8 1 26.354 13.458 25.262 12.605
371 8 1 26.332 13.447 25.241 12.594
372 8 1 26.299 13.458 25.208 12.605
373 8 1 26.267 13.447 25.175 12.594
374 8 1 26.245 13.458 25.153 12.605
375 8 1 26.190 13.446 25.099 12.593
376 8 1 26.190 13.436 25.099 12.583
377 8 1 26.136 13.424 25.044 12.571
378 8 1 26.125 13.435 25.033 12.582
379 8 1 26.092 13.424 25.001 12.571
380 8 1 26.049 13.413 24.957 12.560
381 8 1 26.027 13.402 24.936 12.549
382 8 1 25.984 13.391 24.892 12.538
383 8 1 25.962 13.380 24.870 12.527
384 8 1 25.929 13.369 24.838 12.516
385 8 1 25.864 13.358 24.772 12.505
386 8 1 25.853 13.347 24.762 12.494
0 11 1 40.882 11.094 39.768 10.257
1 11 1 40.914 11.116 39.746 10.246
2 11 1 40.871 11.105 39.703 10.235
3 11 1 40.871 11.115 39.703 10.245
4 11 1 40.828 11.104 39.660 10.234
5 11 1 40.817 11.115 39.649 10.245
6 11 1 40.785 11.104 39.617 10.234
7 11 1 40.742 11.136 39.573 10.266
8 11 1 40.720 11.125 39.552 10.255
9 11 1 40.699 11.136 39.530 10.266
10 11 1 40.655 11.146 39.487 10.276
11 11 1 40.526 11.156 39.357 10.286
12 11 1 40.569 11.146 39.401 10.276
13 11 1 40.526 11.156 39.357 10.286
14 11 1 40.461 11.145 39.293 10.275
15 11 1 40.440 11.156 39.271 10.285
16 11 1 40.397 11.144 39.228 10.274
17 11 1 40.343 11.144 39.174 10.274
18 11 1 40.310 11.122 39.142 10.252
19 11 1 40.267 11.133 39.099 10.263
20 11 1 40.224 11.122 39.056 10.252
21 11 1 40.181 11.111 39.012 10.241
22 11 1 40.138 11.100 38.969 10.229
23 11 1 40.095 11.110 38.926 10.240
24 11 1 40.073 11.099 38.905 10.229
25 11 1 40.030 11.110 38.861 10.239
26 11 1 39.987 11.099 38.818 10.228
27 11 1 39.944 11.088 38.775 10.217
28 11 1 39.923 11.077 38.754 10.206
29 11 1 39.879 11.066 38.711 10.195
30 11 1 39.858 11.055 38.689 10.184
31 11 1 39.815 11.065 38.646 10.195
32 11 1 39.772 11.054 38.603 10.184
33 11 1 39.729 11.043 38.560 10.173
34 11 1 39.685 11.032 38.517 10.162
35 11 1 39.642 11.021 38.473 10.151
36 11 1 39.599 11.010 38.430 10.139
37 11 1 39.556 11.020 38.387 10.150
38 11 1 39.491 11.009 38.322 10.139
39 11 1 39.448 11.020 38.279 10.149
40 11 1 39.427 11.009 38.258 10.138
41 11 1 39.383 11.019 38.214 10.149
42 11 1 39.340 11.008 38.171 10.138
43 11 1 39.297 10.997 38.128 10.127
44 11 1 39.233 10.986 38.063 10.115
45 11 1 39.189 10.996 38.020 10.126
46 11 1 39.168 10.985 37.998 10.115
47 11 1 39.125 10.996 37.955 10.125
48 11 1 39.103 10.985 37.934 10.114
49 11 1 39.060 10.995 37.890 10.125
50 11 1 39.017 10.984 37.847 10.114
51 11 1 38.973 10.995 37.804 10.124
52 11 1 38.930 10.984 37.761 10.113
53 11 1 38.887 10.994 37.718 10.124
54 11 1 38.844 10.983 37.674 10.113
55 11 1 38.801 10.994 37.631 10.123
56 11 1 38.757 10.983 37.588 10.112
57 11 1 38.714 10.993 37.545 10.122
58 11 1 38.671 11.004 37.501 10.133
59 11 1 38.628 11.014 37.458 10.143
60 11 1 38.563 11.003 37.393 10.132
61 11 1 38.520 11.013 37.350 10.143
62 11 1 38.476 11.002 37.307 10.132
63 11 1 38.433 11.013 37.263 10.142
64 11 1 38.412 11.002 37.242 10.131
65 11 1 38.368 11.012 37.199 10.142
66 11 1 38.325 11.001 37.155 10.130
67 11 1 38.282 11.012 37.112 10.141
68 11 1 38.239 11.001 37.069 10.130
69 11 1 38.196 10.990 37.026 10.119
70 11 1 38.153 10.979 36.983 10.108
71 11 1 38.109 10.989 36.939 10.118
72 11 1 38.066 10.978 36.896 10.107
73 11 1 38.023 10.967 36.853 10.096
74 11 1 37.980 10.956 36.810 10.085
75 11 1 37.937 10.966 36.767 10.095
76 11 1 37.893 10.955 36.723 10.084
77 11 1 37.850 10.966 36.680 10.095
78 11 1 37.807 10.955 36.637 10.084
79 11 1 37.764 10.965 36.594 10.094
80 11 1 37.721 10.954 36.550 10.083
81 11 1 37.656 10.943 36.486 10.072
82 11 1 37.634 10.932 36.464 10.061
83 11 1 37.591 10.942 36.421 10.071
84 11 1 37.548 10.931 36.378 10.060
85 11 1 37.504 10.942 36.334 10.071
86 11 1 37.461 10.931 36.291 10.060
87 11 1 37.418 10.941 36.248 10.070
88 11 1 37.375 10.930 36.204 10.059
89 11 1 37.332 10.941 36.161 10.070
90 11 1 37.288 10.930 36.118 10.058
91 11 1 37.245 10.940 36.075 10.069
92 11 1 37.202 10.929 36.031 10.058
93 11 1 37.159 10.939 35.988 10.068
94 11 1 37.115 10.928 35.945 10.057
95 11 1 37.050 10.939 35.880 10.068
96 11 1 37.007 10.928 35.837 10.056
97 11 1 36.964 10.938 35.793 10.067
98 11 1 36.921 10.927 35.750 10.056
99 11 1 36.878 10.916 35.707 10.045
100 11 1 36.856 10.905 35.685 10.034
101 11 1 36.813 10.916 35.642 10.044
102 11 1 36.770 10.904 35.599 10.033
103 11 1 36.726 10.915 35.555 10.044
104 11 1 36.683 10.904 35.512 10.033
105 11 1 36.640 10.893 35.469 10.021
106 11 1 36.597 10.882 35.426 10.010
107 11 1 36.553 10.892 35.382 10.021
108 11 1 36.510 10.881 35.339 10.010
109 11 1 36.467 10.892 35.296 10.020
110 11 1 36.424 10.881 35.253 10.009
111 11 1 36.380 10.891 35.209 10.020
112 11 1 36.337 10.880 35.166 10.009
113 11 1 36.294 10.890 35.123 10.019
114 11 1 36.250 10.879 35.079 10.008
115 11 1 36.207 10.890 35.036 10.018
116 11 1 36.164 10.879 34.993 10.007
117 11 1 36.121 10.889 34.949 10.018
118 11 1 36.077 10.900 34.906 10.028
119 11 1 36.034 10.910 34.862 10.039
120 11 1 35.991 10.899 34.819 10.028
121 11 1 35.947 10.910 34.776 10.038
122 11 1 35.904 10.899 34.733 10.027
123 11 1 35.861 10.909 34.689 10.038
124 11 1 35.817 10.898 34.646 10.026
125 11 1 35.774 10.909 34.603 10.037
126 11 1 35.731 10.897 34.559 10.026
127 11 1 35.666 10.908 34.494 10.036
128 11 1 35.623 10.897 34.451 10.025
129 11 1 35.579 10.907 34.408 10.036
130 11 1 35.536 10.896 34.364 10.024
131 11 1 35.493 10.907 34.321 10.035
132 11 1 35.449 10.896 34.278 10.024
133 11 1 35.406 10.906 34.234 10.034
134 11 1 35.363 10.895 34.191 10.023
135 11 1 35.319 10.905 34.148 10.034
136 11 1 35.276 10.894 34.104 10.023
137 11 1 35.233 10.883 34.061 10.011
138 11 1 35.190 10.872 34.018 10.000
139 11 1 35.146 10.883 33.974 10.011
140 11 1 35.103 10.872 33.931 10.000
141 11 1 35.060 10.882 33.888 10.010
142 11 1 35.016 10.871 33.845 9.999
143 11 1 34.973 10.882 33.801 10.010
144 11 1 34.930 10.870 33.758 9.999
145 11 1 34.886 10.881 33.714 10.009
146 11 1 34.843 10.870 33.671 9.998
147 11 1 34.800 10.880 33.628 10.008
148 11 1 34.756 10.869 33.584 9.997
149 11 1 34.713 10.880 33.541 10.008
150 11 1 34.670 10.890 33.497 10.018
151 11 1 34.626 10.901 33.454 10.029
152 11 1 34.583 10.890 33.411 10.018
153 11 1 34.518 10.900 33.346 10.028
154 11 1 34.474 10.911 33.302 10.038
155 11 1 34.431 10.921 33.259 10.049
156 11 1 34.388 10.910 33.215 10.038
157 11 1 34.344 10.920 33.172 10.048
158 11 1 34.301 10.909 33.129 10.037
159 11 1 34.258 10.920 33.085 10.048
160 11 1 34.214 10.909 33.042 10.037
161 11 1 34.171 10.919 32.998 10.047
162 11 1 34.128 10.908 32.955 10.036
163 11 1 34.062 10.919 32.890 10.046
164 11 1 34.019 10.929 32.846 10.057
165 11 1 33.975 10.940 32.803 10.067
166 11 1 33.932 10.929 32.760 10.056
167 11 1 33.910 10.939 32.738 10.067
168 11 1 33.867 10.928 32.695 10.056
169 11 1 33.824 10.939 32.651 10.066
170 11 1 33.780 10.927 32.608 10.055
171 11 1 33.737 10.938 32.564 10.066
172 11 1 33.694 10.927 32.521 10.055
173 11 1 33.650 10.937 32.477 10.065
174 11 1 33.607 10.926 32.434 10.054
175 11 1 33.564 10.915 32.391 10.043
176 11 1 33.521 10.904 32.348 10.032
177 11 1 33.499 10.915 32.326 10.042
178 11 1 33.455 10.904 32.282 10.031
179 11 1 33.412 10.914 32.239 10.042
180 11 1 33.369 10.903 32.196 10.031
181 11 1 33.325 10.914 32.152 10.041
182 11 1 33.282 10.903 32.109 10.030
183 11 1 33.238 10.913 32.065 10.041
184 11 1 33.217 10.924 32.044 10.051
185 11 1 33.195 10.934 32.022 10.062
186 11 1 33.152 10.923 31.978 10.051
187 11 1 33.108 10.934 31.935 10.061
188 11 1 33.043 10.944 31.870 10.072
189 11 1 32.999 10.955 31.826 10.082
191 11 1 33.119 10.945 31.946 10.072
192 11 1 33.097 10.955 31.924 10.083
193 11 1 33.097 10.944 31.924 10.072
194 11 1 33.054 10.955 31.880 10.082
195 11 1 33.032 10.944 31.859 10.071
196 11 1 32.988 10.955 31.815 10.082
197 11 1 32.945 10.943 31.772 10.071
198 11 1 32.923 10.954 31.750 10.082
199 11 1 32.902 10.943 31.729 10.071
200 11 1 32.880 10.932 31.707 10.060
201 11 1 32.859 10.921 31.685 10.049
202 11 1 32.815 10.932 31.642 10.059
203 11 1 32.772 10.942 31.598 10.070
204 11 1 32.728 10.953 31.555 10.080
205 11 1 32.685 10.963 31.511 10.091
206 11 1 32.641 10.974 31.468 10.101
207 11 1 32.554 10.962 31.381 10.090
208 11 1 32.511 10.973 31.337 10.100
209 11 1 32.468 10.962 31.294 10.089
210 11 1 32.446 10.973 31.272 10.100
211 11 1 32.424 10.962 31.251 10.089
212 11 1 32.381 10.972 31.207 10.099
213 11 1 32.359 10.983 31.185 10.110
214 11 1 32.337 10.972 31.164 10.099
215 11 1 32.337 10.983 31.163 10.110
216 11 1 32.337 10.993 31.163 10.121
217 11 1 32.337 10.983 31.163 10.110
218 11 1 32.315 10.993 31.142 10.120
219 11 1 32.293 11.004 31.120 10.131
220 11 1 32.250 11.014 31.076 10.142
221 11 1 31.850 10.860 30.643 10.020
222 11 1 31.569 10.761 30.481 9.954
223 11 1 31.524 10.880 30.480 10.051
224 11 1 31.567 10.880 30.425 10.040
225 11 1 31.535 10.880 30.393 10.039
226 11 1 31.480 10.880 30.338 10.039
227 11 1 31.470 10.879 30.328 10.039
228 11 1 31.437 10.858 30.295 10.017
229 11 1 31.405 10.857 30.263 10.017
230 11 1 31.350 10.857 30.208 10.017
231 11 1 31.318 10.857 30.176 10.016
232 11 1 31.264 10.856 30.121 10.016
233 11 1 31.231 10.856 30.089 10.016
234 11 1 31.198 10.856 30.056 10.015
235 11 1 31.166 10.856 30.024 10.015
236 11 1 31.133 10.856 29.991 10.015
237 11 1 31.101 10.855 29.958 10.015
238 11 1 31.046 10.855 29.904 10.014
239 11 1 31.013 10.876 29.871 10.036
240 11 1 30.959 10.876 29.817 10.035
241 11 1 30.926 10.876 29.784 10.035
242 11 1 30.698 10.918 29.664 10.045
243 11 1 30.742 10.896 29.610 10.056
244 11 1 30.589 10.895 29.730 10.056
245 11 1 30.546 10.895 29.686 10.056
246 11 1 30.502 10.895 29.643 10.056
247 11 1 30.459 10.894 29.599 10.056
248 11 1 30.415 10.894 29.556 10.055
249 11 1 30.372 10.894 29.512 10.055
250 11 1 30.329 10.893 29.469 10.055
251 11 1 30.285 10.893 29.425 10.054
252 11 1 30.242 10.893 29.382 10.054
253 11 1 30.198 10.893 29.338 10.054
254 11 1 30.155 10.892 29.295 10.053
255 11 1 30.133 10.892 29.273 10.053
256 11 1 30.089 10.892 29.229 10.053
257 11 1 30.046 10.892 29.186 10.053
258 11 1 30.002 10.891 29.142 10.052
259 11 1 29.959 10.891 29.099 10.052
260 11 1 29.915 10.891 29.055 10.052
261 11 1 29.872 10.890 29.012 10.051
262 11 1 29.828 10.890 28.968 10.051
263 11 1 29.785 10.868 28.925 10.029
264 11 1 29.742 10.868 28.881 10.029
265 11 1 29.698 10.868 28.838 10.029
266 11 1 29.655 10.867 28.794 10.028
267 11 1 29.611 10.867 28.751 10.028
268 11 1 29.568 10.867 28.707 10.028
269 11 1 29.524 10.866 28.664 10.027
270 11 1 29.481 10.866 28.620 10.027
271 11 1 29.437 10.866 28.577 10.027
272 11 1 29.394 10.865 28.533 10.026
273 11 1 29.350 10.865 28.490 10.026
274 11 1 29.307 10.865 28.446 10.026
275 11 1 29.263 10.886 28.402 10.047
276 11 1 29.219 10.886 28.359 10.047
277 11 1 29.176 10.886 28.315 10.046
278 11 1 29.132 10.885 28.272 10.046
279 11 1 29.089 10.885 28.228 10.046
280 11 1 29.045 10.885 28.185 10.046
281 11 1 29.002 10.884 28.141 10.045
282 11 1 28.958 10.884 28.098 10.045
283 11 1 28.915 10.884 28.054 10.045
284 11 1 28.871 10.884 28.010 10.044
285 11 1 28.828 10.883 27.967 10.044
286 11 1 28.784 10.861 27.924 10.022
287 11 1 28.741 10.861 27.880 10.022
288 11 1 28.719 10.861 27.858 10.022
289 11 1 28.675 10.861 27.815 10.021
290 11 1 28.632 10.860 27.771 10.021
291 11 1 28.588 10.860 27.728 10.021
292 11 1 28.545 10.860 27.684 10.020
293 11 1 28.501 10.859 27.641 10.020
294 11 1 28.458 10.838 27.597 9.998
295 11 1 28.414 10.837 27.554 9.998
296 11 1 28.371 10.837 27.510 9.997
297 11 1 28.328 10.815 27.467 9.976
298 11 1 28.284 10.815 27.423 9.975
299 11 1 28.241 10.793 27.380 9.953
300 11 1 28.219 10.793 27.358 9.953
301 11 1 28.175 10.792 27.315 9.953
302 11 1 28.132 10.792 27.271 9.952
303 11 1 28.088 10.792 27.227 9.952
304 11 1 28.045 10.791 27.184 9.952
305 11 1 28.001 10.791 27.140 9.952
306 11 1 27.958 10.791 27.097 9.951
307 11 1 27.914 10.791 27.053 9.951
308 11 1 27.871 10.790 27.010 9.951
309 11 1 27.827 10.790 26.966 9.950
310 11 1 27.805 10.790 26.944 9.950
311 11 1 27.762 10.789 26.901 9.950
312 11 1 27.718 10.811 26.857 9.971
313 11 1 27.674 10.811 26.813 9.971
314 11 1 27.631 10.810 26.770 9.971
315 11 1 27.587 10.810 26.726 9.970
316 11 1 27.543 10.831 26.682 9.992
317 11 1 27.521 10.831 26.660 9.991
318 11 1 27.478 10.831 26.617 9.991
319 11 1 27.434 10.831 26.573 9.991
320 11 1 27.391 10.809 26.530 9.969
321 11 1 27.369 10.808 26.508 9.969
322 11 1 27.326 10.808 26.464 9.968
323 11 1 27.282 10.808 26.421 9.968
324 11 1 27.238 10.808 26.377 9.968
325 11 1 27.195 10.807 26.334 9.967
326 11 1 27.151 10.807 26.290 9.967
327 11 1 27.108 10.807 26.246 9.967
328 11 1 27.064 10.806 26.203 9.967
329 11 1 27.042 10.806 26.181 9.966
330 11 1 26.999 10.784 26.138 9.944
331 11 1 26.934 10.784 26.072 9.944
332 11 1 26.890 10.784 26.029 9.944
333 11 1 26.847 10.762 25.985 9.922
334 11 1 26.825 10.740 25.964 9.900
335 11 1 26.782 10.740 25.920 9.900
336 11 1 26.738 10.739 25.877 9.899
337 11 1 26.716 10.739 25.855 9.899
338 11 1 26.673 10.739 25.811 9.899
339 11 1 26.629 10.738 25.767 9.898
340 11 1 26.585 10.738 25.724 9.898
341 11 1 26.542 10.738 25.680 9.898
342 11 1 26.520 10.738 25.658 9.898
343 11 1 26.476 10.737 25.615 9.897
344 11 1 26.433 10.737 25.571 9.897
345 11 1 26.389 10.737 25.528 9.897
346 11 1 26.367 10.737 25.506 9.897
347 11 1 26.323 10.758 25.462 9.918
348 11 1 26.280 10.758 25.418 9.918
349 11 1 26.258 10.758 25.396 9.917
350 11 1 26.214 10.779 25.352 9.939
351 11 1 26.170 10.779 25.309 9.939
352 11 1 26.149 10.779 25.287 9.938
353 11 1 26.105 10.778 25.243 9.938
354 11 1 26.083 10.778 25.222 9.938
355 11 1 26.040 10.778 25.178 9.938
356 11 1 26.018 10.778 25.156 9.937
357 11 1 25.996 10.778 25.134 9.937
358 11 1 25.952 10.777 25.091 9.937
359 11 1 25.931 10.755 25.069 9.915
360 11 1 25.887 10.755 25.025 9.915
361 11 1 25.844 10.755 24.982 9.915
362 11 1 25.822 10.733 24.960 9.893
363 11 1 25.778 10.733 24.917 9.892
364 11 1 25.757 10.733 24.895 9.892
365 11 1 25.713 10.711 24.851 9.870
366 11 1 25.691 10.710 24.830 9.870
367 11 1 25.648 10.688 24.786 9.848
368 11 1 25.626 10.688 24.764 9.848
369 11 1 25.604 10.688 24.743 9.848
370 11 1 25.561 10.666 24.699 9.826
371 11 1 25.529 10.644 24.667 9.804
372 11 1 25.518 10.644 24.656 9.804
373 11 1 25.496 10.644 24.634 9.804
374 11 1 25.474 10.644 24.612 9.804
375 11 1 25.452 10.644 24.590 9.803
376 11 1 25.409 10.644 24.547 9.803
377 11 1 25.387 10.643 24.525 9.803
378 11 1 25.365 10.622 24.503 9.781
379 11 1 25.343 10.621 24.481 9.781
380 11 1 25.311 10.621 24.449 9.781
381 11 1 25.300 10.621 24.438 9.781
382 11 1 25.278 10.621 24.416 9.781
383 11 1 25.245 10.621 24.383 9.780
384 11 1 25.235 10.599 24.373 9.759
385 11 1 25.213 10.599 24.351 9.758
386 11 1 25.191 10.599 24.329 9.758
0 13 2 42.829 10.160 40.585 9.293
89 13 2 42.893 10.182 40.542 9.282
90 13 2 42.775 10.170 40.423 9.271
91 13 2 42.657 10.137 40.305 9.237
92 13 2 42.539 10.104 40.187 9.204
93 13 2 42.420 10.071 40.068 9.171
94 13 2 42.324 10.059 39.971 9.160
95 13 2 42.184 10.026 39.831 9.126
96 13 2 42.087 9.993 39.735 9.093
97 13 2 41.948 9.960 39.595 9.060
98 13 2 41.851 9.948 39.498 9.048
99 13 2 41.711 9.915 39.358 9.015
100 13 2 41.593 9.882 39.239 8.982
101 13 2 41.475 9.849 39.121 8.949
102 13 2 41.356 9.837 39.003 8.937
103 13 2 41.216 9.804 38.863 8.904
104 13 2 41.087 9.771 38.733 8.870
105 13 2 40.980 9.738 38.626 8.837
106 13 2 40.861 9.726 38.507 8.826
107 13 2 40.732 9.693 38.378 8.792
108 13 2 40.625 9.681 38.270 8.781
109 13 2 40.485 9.648 38.130 8.747
110 13 2 40.356 9.615 38.001 8.714
111 13 2 40.248 9.582 37.893 8.681
112 13 2 40.130 9.570 37.774 8.669
113 13 2 39.979 9.537 37.623 8.636
114 13 2 39.871 9.525 37.515 8.624
115 13 2 39.731 9.492 37.375 8.591
116 13 2 39.602 9.458 37.246 8.558
117 13 2 39.495 9.425 37.138 8.524
118 13 2 39.376 9.414 37.020 8.513
119 13 2 39.225 9.380 36.869 8.479
120 13 2 39.117 9.369 36.761 8.468
121 13 2 38.977 9.335 36.620 8.434
122 13 2 38.848 9.324 36.491 8.422
123 13 2 38.719 9.312 36.361 8.411
124 13 2 38.600 9.300 36.242 8.399
125 13 2 38.449 9.267 36.091 8.365
126 13 2 38.341 9.255 35.983 8.354
127 13 2 38.201 9.243 35.843 8.342
128 13 2 38.071 9.232 35.713 8.330
129 13 2 37.942 9.220 35.583 8.318
130 13 2 37.823 9.208 35.465 8.307
131 13 2 37.672 9.196 35.313 8.295
132 13 2 37.564 9.185 35.205 8.283
133 13 2 37.413 9.173 35.054 8.271
134 13 2 37.273 9.183 34.913 8.281
135 13 2 37.143 9.171 34.783 8.269
136 13 2 37.024 9.159 34.664 8.257
137 13 2 36.873 9.147 34.513 8.245
138 13 2 36.765 9.157 34.404 8.255
139 13 2 36.592 9.145 34.231 8.243
140 13 2 36.473 9.134 34.112 8.232
141 13 2 36.343 9.122 33.982 8.220
142 13 2 36.224 9.132 33.863 8.230
143 13 2 36.073 9.120 33.712 8.218
144 13 2 35.965 9.130 33.603 8.228
145 13 2 35.813 9.118 33.452 8.216
146 13 2 35.673 9.106 33.311 8.204
147 13 2 35.543 9.094 33.181 8.192
148 13 2 35.413 9.104 33.051 8.202
149 13 2 35.273 9.092 32.910 8.190
150 13 2 35.143 9.102 32.780 8.200
151 13 2 34.991 9.090 32.628 8.188
152 13 2 34.872 9.100 32.509 8.197
153 13 2 34.742 9.088 32.379 8.186
154 13 2 34.612 9.098 32.249 8.195
155 13 2 34.450 9.108 32.086 8.205
156 13 2 34.341 9.118 31.977 8.215
157 13 2 34.190 9.106 31.825 8.203
158 13 2 34.071 9.116 31.706 8.213
159 13 2 33.919 9.125 31.554 8.222
160 13 2 33.789 9.135 31.424 8.232
161 13 2 33.626 9.145 31.261 8.242
162 13 2 33.517 9.155 31.152 8.252
163 13 2 33.366 9.143 31.000 8.240
164 13 2 33.225 9.153 30.859 8.249
165 13 2 33.095 9.162 30.729 8.259
166 13 2 32.943 9.172 30.576 8.269
167 13 2 32.802 9.160 30.435 8.257
168 13 2 32.693 9.170 30.327 8.267
169 13 2 32.542 9.158 30.175 8.255
170 13 2 32.401 9.168 30.033 8.265
171 13 2 32.270 9.178 29.903 8.274
172 13 2 32.118 9.188 29.751 8.284
173 13 2 31.977 9.197 29.609 8.294
174 13 2 31.868 9.207 29.500 8.304
175 13 2 31.695 9.217 29.326 8.313
176 13 2 31.575 9.227 29.207 8.323
177 13 2 31.423 9.236 29.054 8.333
178 13 2 31.293 9.246 28.924 8.342
179 13 2 31.151 9.256 28.782 8.352
180 13 2 31.021 9.266 28.652 8.362
181 13 2 30.869 9.276 28.499 8.372
182 13 2 30.727 9.307 28.357 8.403
183 13 2 30.597 9.317 28.227 8.413
184 13 2 30.445 9.326 28.074 8.422
185 13 2 30.303 9.336 27.933 8.432
186 13 2 30.173 9.346 27.802 8.442
187 13 2 30.020 9.356 27.649 8.451
188 13 2 29.879 9.387 27.507 8.483
189 13 2 29.748 9.397 27.377 8.493
190 13 2 29.596 9.407 27.224 8.502
191 13 2 29.454 9.416 27.082 8.512
192 13 2 29.324 9.426 26.952 8.522
193 13 2 29.171 9.436 26.799 8.531
194 13 2 29.030 9.446 26.657 8.541
195 13 2 28.899 9.456 26.526 8.551
196 13 2 28.747 9.465 26.374 8.561
197 13 2 28.605 9.475 26.232 8.570
198 13 2 28.475 9.485 26.101 8.580
199 13 2 28.322 9.495 25.948 8.590
200 13 2 28.180 9.526 25.806 8.621
201 13 2 28.049 9.536 25.675 8.631
202 13 2 27.897 9.546 25.522 8.641
203 13 2 27.733 9.555 25.359 8.650
204 13 2 27.624 9.587 25.249 8.682
205 13 2 27.472 9.597 25.096 8.692
206 13 2 27.330 9.607 24.954 8.701
207 13 2 27.177 9.616 24.801 8.711
208 13 2 27.024 9.648 24.648 8.742
209 13 2 26.883 9.657 24.506 8.752
210 13 2 26.752 9.667 24.375 8.762
211 13 2 26.599 9.677 24.222 8.772
212 13 2 26.457 9.687 24.080 8.781
213 13 2 26.304 9.697 23.927 8.791
214 13 2 26.173 9.728 23.796 8.823
215 13 2 26.010 9.738 23.632 8.832
216 13 2 25.879 9.748 23.501 8.842
217 13 2 25.726 9.757 23.348 8.852
218 13 2 25.584 9.767 23.205 8.861
219 13 2 25.453 9.777 23.074 8.871
220 13 2 25.300 9.808 22.921 8.903
221 13 2 25.136 9.818 22.757 8.912
222 13 2 25.005 9.828 22.625 8.922
223 13 2 24.852 9.838 22.472 8.932
224 13 2 24.710 9.848 22.330 8.942
225 13 2 24.557 9.857 22.177 8.951
226 13 2 24.404 9.867 22.023 8.961
227 13 2 24.262 9.877 21.881 8.971
228 13 2 24.130 9.909 21.749 9.002
229 13 2 23.955 9.918 21.574 9.012
230 13 2 23.835 9.928 21.454 9.022
231 13 2 23.682 9.938 21.300 9.032
232 13 2 23.529 9.969 21.147 9.063
233 13 2 23.365 9.979 20.983 9.073
234 13 2 23.233 9.989 20.851 9.082
235 13 2 23.080 9.999 20.698 9.092
236 13 2 22.938 10.008 20.555 9.102
237 13 2 22.785 10.018 20.402 9.112
238 13 2 22.632 10.028 20.248 9.121
239 13 2 22.467 10.038 20.084 9.131
240 13 2 22.358 10.048 19.974 9.141
241 13 2 22.183 10.057 19.799 9.151
242 13 2 22.040 10.067 19.656 9.160
243 13 2 21.887 10.077 19.503 9.170
244 13 2 21.756 10.087 19.371 9.180
245 13 2 21.591 10.097 19.206 9.190
246 13 2 21.460 10.107 19.075 9.199
247 13 2 21.285 10.116 18.899 9.209
248 13 2 21.142 10.148 18.756 9.241
249 13 2 20.989 10.157 18.603 9.250
250 13 2 20.835 10.167 18.449 9.260
251 13 2 20.671 10.177 18.284 9.270
252 13 2 20.539 10.187 18.152 9.280
253 13 2 20.386 10.197 17.999 9.289
254 13 2 20.243 10.207 17.856 9.299
255 13 2 20.090 10.216 17.702 9.309
256 13 2 19.936 10.226 17.548 9.319
257 13 2 19.771 10.236 17.384 9.328
258 13 2 19.640 10.246 17.252 9.338
259 13 2 19.464 10.255 17.076 9.348
260 13 2 19.322 10.265 16.933 9.358
261 13 2 19.190 10.275 16.801 9.367
262 13 2 19.036 10.285 16.647 9.377
263 13 2 18.872 10.295 16.482 9.387
264 13 2 18.740 10.305 16.350 9.397
265 13 2 18.564 10.314 16.174 9.406
266 13 2 18.421 10.324 16.031 9.416
267 13 2 18.268 10.334 15.877 9.426
268 13 2 18.114 10.344 15.723 9.436
269 13 2 17.949 10.354 15.558 9.445
270 13 2 17.817 10.363 15.426 9.455
271 13 2 17.642 10.351 15.250 9.443
272 13 2 17.521 10.361 15.129 9.453
273 13 2 17.367 10.349 14.975 9.441
274 13 2 17.213 10.359 14.821 9.451
275 13 2 17.049 10.347 14.657 9.439
276 13 2 16.917 10.357 14.524 9.449
277 13 2 16.741 10.345 14.349 9.437
278 13 2 16.620 10.355 14.227 9.447
279 13 2 16.467 10.343 14.073 9.435
280 13 2 16.313 10.331 13.920 9.423
281 13 2 16.148 10.319 13.755 9.410
282 13 2 16.017 10.308 13.623 9.399
283 13 2 15.863 10.296 13.469 9.387
284 13 2 15.720 10.284 13.326 9.375
285 13 2 15.567 10.272 13.172 9.363
286 13 2 15.413 10.260 13.018 9.351
287 13 2 15.270 10.226 12.875 9.317
288 13 2 15.139 10.214 12.743 9.305
289 13 2 14.985 10.181 12.590 9.271
290 13 2 14.842 10.169 12.447 9.259
291 13 2 14.689 10.135 12.293 9.226
292 13 2 14.557 10.102 12.161 9.192
293 13 2 14.393 10.068 11.997 9.158
294 13 2 14.261 10.034 11.865 9.125
295 13 2 14.108 10.000 11.711 9.091
296 13 2 13.965 9.967 11.568 9.057
297 13 2 13.834 9.912 11.437 9.002
298 13 2 13.703 9.878 11.305 8.968
299 13 2 13.561 9.823 11.163 8.913
300 13 2 13.429 9.789 11.031 8.879
301 13 2 13.276 9.733 10.878 8.823
302 13 2 13.211 9.679 10.824 8.768
303 13 2 13.134 9.624 10.758 8.714
304 13 2 13.069 9.569 10.704 8.659
305 13 2 12.993 9.514 10.639 8.604
306 13 2 12.928 9.459 10.585 8.549
307 13 2 12.852 9.382 10.520 8.472
308 13 2 12.787 9.327 10.466 8.417
309 13 2 12.722 9.251 10.412 8.341
310 13 2 12.669 9.174 10.369 8.264
312 13 2 12.944 9.165 10.656 8.256
313 13 2 12.879 9.110 10.602 8.201
314 13 2 12.826 9.012 10.560 8.102
315 13 2 12.761 8.935 10.506 8.026
316 13 2 12.708 8.815 10.464 7.906
318 13 2 12.939 8.806 10.707 7.897
319 13 2 12.928 8.795 10.707 7.886
320 13 2 12.896 8.762 10.686 7.853
321 13 2 12.885 8.773 10.685 7.864
322 13 2 12.863 8.762 10.675 7.853
323 13 2 12.852 8.751 10.675 7.842
325 13 2 12.984 8.741 10.818 7.832
326 13 2 12.973 8.752 10.818 7.843
327 13 2 12.973 8.763 10.829 7.854
328 13 2 12.962 8.752 10.829 7.843
329 13 2 12.962 8.763 10.840 7.854
330 13 2 12.951 8.752 10.840 7.844
331 13 2 12.951 8.763 10.851 7.854
332 13 2 12.940 8.752 10.851 7.844
333 13 2 12.940 8.763 10.862 7.855
334 13 2 12.929 8.752 10.862 7.844
335 13 2 12.929 8.763 10.873 7.855
336 13 2 12.918 8.752 10.873 7.844
337 13 2 12.918 8.762 10.884 7.855
338 13 2 12.918 8.752 10.895 7.844
339 13 2 12.907 8.762 10.895 7.855
340 13 2 12.907 8.752 10.906 7.844
341 13 2 12.896 8.762 10.906 7.855
342 13 2 12.885 8.751 10.895 7.844
343 13 2 12.896 8.762 10.906 7.855
344 13 2 12.896 8.751 10.906 7.844
345 13 2 12.896 8.762 10.906 7.855
346 13 2 12.896 8.751 10.906 7.844
347 13 2 12.885 8.740 10.896 7.833
348 13 2 12.885 8.751 10.895 7.844
349 13 2 12.885 8.740 10.896 7.833
350 13 2 12.908 8.730 10.918 7.822
351 13 2 12.907 8.741 10.918 7.833
352 13 2 12.908 8.730 10.918 7.822
353 13 2 12.907 8.741 10.918 7.833
354 13 2 12.908 8.730 10.918 7.822
355 13 2 12.907 8.741 10.918 7.833
356 13 2 12.908 8.730 10.918 7.822
357 13 2 12.907 8.741 10.918 7.833
358 13 2 12.908 8.730 10.918 7.822
359 13 2 12.907 8.741 10.918 7.833
360 13 2 12.908 8.730 10.918 7.822
361 13 2 12.907 8.741 10.918 7.833
362 13 2 12.908 8.730 10.918 7.822
363 13 2 12.907 8.741 10.918 7.833
364 13 2 12.908 8.730 10.918 7.822
365 13 2 12.907 8.741 10.918 7.833
366 13 2 12.908 8.730 10.918 7.822
367 13 2 12.907 8.741 10.918 7.833
368 13 2 12.908 8.730 10.918 7.822
369 13 2 12.907 8.741 10.918 7.833
370 13 2 12.908 8.730 10.918 7.822
371 13 2 12.907 8.741 10.918 7.833
372 13 2 12.908 8.730 10.918 7.822
373 13 2 12.907 8.741 10.918 7.833
374 13 2 12.908 8.730 10.918 7.822
375 13 2 12.907 8.741 10.918 7.833
376 13 2 12.908 8.730 10.918 7.822
377 13 2 12.907 8.741 10.918 7.833
378 13 2 12.908 8.730 10.918 7.822
379 13 2 12.907 8.741 10.918 7.833
380 13 2 12.908 8.730 10.918 7.822
381 13 2 12.907 8.741 10.918 7.833
382 13 2 12.908 8.730 10.918 7.822
383 13 2 12.907 8.741 10.918 7.833
384 13 2 12.908 8.730 10.918 7.822
385 13 2 12.907 8.741 10.918 7.833
386 13 2 12.908 8.730 10.918 7.822
