frame,id,class,tl_x,tl_y,br_x,br_y
0,0,1,34.540,5.404,33.806,4.368
1,0,1,34.560,5.434,33.796,4.348
2,0,1,34.561,5.484,33.796,4.398
3,0,1,34.561,5.514,33.796,4.428
4,0,1,34.601,5.544,33.817,4.468
5,0,1,34.591,5.534,33.817,4.458
6,0,1,34.602,5.594,33.827,4.518
7,0,1,34.612,5.624,33.837,4.548
8,0,1,34.592,5.695,33.818,4.618
9,0,1,34.613,5.745,33.838,4.668
10,0,1,34.603,5.795,33.829,4.718
11,0,1,34.604,5.845,33.829,4.768
12,0,1,34.604,5.915,33.829,4.839
13,0,1,34.615,5.945,33.840,4.869
14,0,1,34.615,6.026,33.840,4.949
15,0,1,34.615,6.046,33.840,4.969
16,0,1,34.606,6.096,33.831,5.019
17,0,1,34.616,6.126,33.841,5.049
18,0,1,34.626,6.176,33.852,5.099
19,0,1,34.637,6.206,33.862,5.129
20,0,1,34.627,6.276,33.852,5.200
21,0,1,34.637,6.306,33.863,5.230
22,0,1,34.648,6.357,33.873,5.280
23,0,1,34.658,6.407,33.883,5.330
24,0,1,34.669,6.457,33.894,5.380
25,0,1,34.679,6.507,33.904,5.430
26,0,1,34.508,6.579,34.117,5.498
27,0,1,34.398,6.610,34.188,5.528
28,0,1,34.368,6.680,34.249,5.597
29,0,1,34.368,6.731,34.239,5.648
30,0,1,34.369,6.781,34.290,5.697
31,0,1,34.369,6.811,34.310,5.727
32,0,1,34.703,6.938,33.515,5.945
33,0,1,34.703,6.928,33.444,6.006
34,0,1,34.733,6.968,33.465,6.126
35,0,1,34.794,6.988,33.446,6.167
36,0,1,34.774,6.998,33.415,6.177
37,0,1,34.794,7.038,33.405,6.197
38,0,1,34.805,7.058,33.426,6.227
39,0,1,34.786,7.259,33.436,6.287
40,0,1,34.686,7.401,33.900,6.243
41,0,1,34.696,7.310,34.082,6.261
42,0,1,34.514,7.312,34.063,6.342
43,0,1,34.514,7.372,34.063,6.402
44,0,1,34.525,7.422,34.073,6.452
45,0,1,34.525,7.482,34.074,6.512
46,0,1,34.536,7.523,34.084,6.552
47,0,1,34.546,7.573,34.095,6.602
48,0,1,34.547,7.613,34.095,6.643
49,0,1,34.557,7.653,34.105,6.683
50,0,1,34.567,7.693,34.116,6.723
51,0,1,34.568,7.733,34.116,6.763
52,0,1,34.578,7.783,34.127,6.813
53,0,1,34.599,7.823,34.147,6.853
54,0,1,34.609,7.874,34.158,6.903
55,0,1,34.751,8.003,34.088,7.034
56,0,1,34.803,8.153,33.806,7.198
57,0,1,34.824,8.203,33.857,7.237
58,0,1,34.814,8.254,33.807,7.288
59,0,1,34.824,8.264,33.878,7.328
60,0,1,34.864,8.253,33.949,7.337
61,0,1,34.824,8.264,33.909,7.418
62,0,1,34.874,8.243,33.960,7.468
63,0,1,34.884,8.183,33.920,7.518
64,0,1,34.935,8.232,33.990,7.457
65,0,1,34.945,8.272,33.980,7.498
66,0,1,34.976,8.292,33.980,7.508
67,0,1,34.986,8.363,33.960,7.538
68,0,1,34.997,8.473,33.900,7.589
69,0,1,34.977,8.513,33.951,7.628
70,0,1,34.969,8.695,33.720,7.801
71,0,1,34.949,8.715,33.811,7.811
72,0,1,34.959,8.745,33.953,7.870
73,0,1,35.000,8.815,34.064,7.919
74,0,1,34.990,8.885,34.055,7.989
75,0,1,34.961,8.936,34.025,8.100
76,0,1,34.971,8.976,34.015,8.130
77,0,1,34.992,9.026,34.066,8.180
78,0,1,34.992,9.056,34.056,8.231
79,0,1,34.972,9.077,34.046,8.261
80,0,1,34.961,9.047,34.077,8.321
81,0,1,34.901,9.037,33.865,8.323
82,0,1,34.659,9.080,34.127,8.270
83,0,1,35.013,9.137,34.118,8.401
84,0,1,35.065,9.327,34.169,8.410
85,0,1,35.035,9.478,34.038,8.452
86,0,1,35.036,9.569,34.028,8.532
87,0,1,34.946,9.620,33.766,8.555
88,0,1,35.077,9.649,34.170,8.541
89,0,1,34.997,9.700,34.210,8.571
90,0,1,34.967,9.771,34.171,8.742
91,0,1,34.927,9.822,34.141,8.803
92,0,1,35.028,9.780,34.264,8.933
93,0,1,35.048,9.810,34.274,8.922
94,0,1,35.058,9.830,34.274,9.013
95,0,1,35.059,9.840,34.285,9.053
96,0,1,35.079,9.850,34.275,9.093
97,0,1,35.059,9.861,34.215,9.144
98,0,1,35.120,9.890,34.285,9.144
99,0,1,35.120,9.971,34.255,9.194
100,0,1,35.121,10.122,34.186,9.305
101,0,1,35.102,10.192,34.176,9.336
102,0,1,35.032,10.334,33.934,9.378
103,0,1,35.135,10.554,34.317,9.355
104,0,1,35.135,10.554,34.288,9.435
105,0,1,35.145,10.554,34.318,9.495
106,0,1,35.155,10.544,34.319,9.536
107,0,1,35.166,10.604,34.309,9.586
108,0,1,35.165,10.574,34.299,9.626
109,0,1,35.196,10.584,34.320,9.646
110,0,1,35.196,10.604,34.310,9.687
111,0,1,35.237,10.644,34.341,9.827
112,0,1,35.278,10.714,34.392,9.857
113,0,1,35.277,10.684,34.392,9.887
114,0,1,35.297,10.674,34.372,9.918
115,0,1,35.257,10.694,34.312,9.968
116,0,1,35.278,10.805,34.352,9.938
117,0,1,35.279,10.875,34.403,9.978
118,0,1,35.269,10.966,34.413,10.018
119,0,1,35.249,10.986,34.363,10.069
120,0,1,35.250,11.026,34.323,10.099
121,0,1,35.270,11.057,34.283,10.150
122,0,1,35.280,11.087,34.152,10.171
123,0,1,35.321,11.076,34.203,10.241
124,0,1,35.311,11.096,34.142,10.272
125,0,1,35.351,11.106,34.233,10.291
126,0,1,35.088,11.089,34.598,10.429
127,0,1,35.301,11.127,34.184,10.393
128,0,1,35.382,11.116,34.143,10.403
129,0,1,35.423,11.216,34.154,10.494
130,0,1,35.434,11.307,34.124,10.564
131,0,1,35.008,11.079,34.587,10.338
132,0,1,35.008,11.120,34.588,10.379
133,0,1,35.142,11.471,34.660,10.619
134,0,1,34.626,11.395,33.923,10.647
135,0,1,35.204,11.672,34.561,10.832
136,0,1,35.153,11.612,34.642,10.892
137,0,1,35.336,11.680,34.257,10.775
138,0,1,35.316,11.751,34.258,10.815
139,0,1,35.337,11.801,34.238,10.865
140,0,1,35.347,11.781,34.248,10.906
141,0,1,35.326,11.741,34.187,10.896
142,0,1,35.326,11.741,34.188,10.936
143,0,1,35.042,11.552,34.621,10.821
144,0,1,35.042,11.593,34.622,10.862
145,0,1,35.042,11.633,34.622,10.902
146,0,1,35.032,11.673,34.612,10.942
148,0,1,34.769,11.666,34.653,10.932
149,0,1,34.739,11.656,34.673,10.921
150,0,1,35.340,12.275,34.585,11.366
151,0,1,35.269,12.215,34.595,11.376
152,0,1,34.698,11.626,34.662,10.891
153,0,1,34.688,11.616,34.652,10.881
154,0,1,34.678,11.606,34.642,10.871
155,0,1,34.668,11.597,34.632,10.861
156,0,1,34.658,11.587,34.622,10.851
157,0,1,34.647,11.577,34.612,10.841
158,0,1,34.637,11.567,34.601,10.832
159,0,1,34.627,11.557,34.591,10.822
160,0,1,34.617,11.547,34.581,10.812
161,0,1,35.455,12.677,34.317,11.963
162,0,1,35.425,12.728,34.307,12.054
163,0,1,35.405,12.778,34.318,12.084
164,0,1,35.476,12.818,34.297,12.054
165,0,1,35.468,13.030,34.439,12.093
166,0,1,35.458,13.131,34.490,12.183
167,0,1,35.439,13.212,34.531,12.203
168,0,1,35.429,13.222,34.501,12.243
169,0,1,35.459,13.242,34.501,12.314
170,0,1,35.439,13.282,34.502,12.364
171,0,1,35.429,13.272,34.522,12.425
172,0,1,35.419,13.283,34.492,12.445
173,0,1,35.439,13.272,34.452,12.476
174,0,1,35.409,13.293,34.381,12.497
175,0,1,35.389,13.313,34.392,12.597
176,0,1,35.390,13.434,34.394,12.759
177,0,1,35.350,13.475,34.374,12.850
178,0,1,35.401,13.495,34.485,12.869
179,0,1,35.381,13.545,34.496,12.909
180,0,1,35.381,13.586,34.516,12.969
181,0,1,35.422,13.666,34.476,12.970
182,0,1,35.413,13.807,34.466,13.000
183,0,1,35.434,13.858,34.466,13.020
184,0,1,35.445,14.059,34.477,13.141
185,0,1,35.446,14.100,34.488,13.171
186,0,1,35.416,14.120,34.518,13.221
187,0,1,35.436,14.140,34.539,13.231
188,0,1,35.426,14.140,34.519,13.252
189,0,1,35.456,14.140,34.479,13.313
190,0,1,35.426,14.161,34.459,13.384
191,0,1,35.416,14.211,34.419,13.445
192,0,1,35.437,14.302,34.429,13.485
193,0,1,35.418,14.383,34.441,13.656
194,0,1,35.408,14.423,34.461,13.686
195,0,1,35.409,14.534,34.431,13.677
196,0,1,35.389,14.625,34.452,13.747
197,0,1,35.329,14.707,34.441,13.717
198,0,1,35.309,14.768,34.452,13.767
199,0,1,35.300,14.869,34.452,13.858
200,0,1,35.301,14.960,34.443,13.929
201,0,1,35.301,14.980,34.423,14.050
202,0,1,35.281,15.000,34.444,14.050
203,0,1,35.230,15.021,34.424,14.111
204,0,1,35.200,15.052,34.404,14.171
205,0,1,35.211,15.072,34.384,14.212
206,0,1,35.180,15.092,34.354,14.253
207,0,1,35.160,15.113,34.294,14.354
208,0,1,35.161,15.173,34.265,14.466
209,0,1,35.151,15.234,34.285,14.486
210,0,1,35.151,15.234,34.285,14.506
211,0,1,35.182,15.304,34.285,14.536
212,0,1,35.203,15.365,34.275,14.536
213,0,1,35.163,15.436,34.316,14.496
214,0,1,35.123,15.467,34.296,14.536
215,0,1,35.173,15.476,34.276,14.597
216,0,1,35.153,15.426,34.256,14.597
217,0,1,35.164,15.527,34.286,14.657
218,0,1,35.174,15.537,34.277,14.799
219,0,1,35.144,15.568,34.278,14.849
220,0,1,35.114,15.649,34.268,14.900
221,0,1,35.084,15.720,34.228,14.971
222,0,1,35.064,15.700,34.238,14.981
223,0,1,35.135,15.800,34.158,15.033
224,0,1,35.065,15.861,34.118,15.114
225,0,1,35.015,15.892,34.007,15.186
226,0,1,35.015,15.993,34.018,15.267
227,0,1,34.986,16.095,34.018,15.327
228,0,1,34.956,16.196,34.038,15.337
229,0,1,34.905,16.116,34.079,15.407
230,0,1,34.895,16.167,34.070,15.458
231,0,1,34.875,16.207,34.050,15.499
232,0,1,34.896,16.298,33.988,15.388
233,0,1,34.886,16.308,33.988,15.439
234,0,1,34.876,16.329,33.999,15.449
235,0,1,34.836,16.319,33.999,15.499
236,0,1,34.785,16.309,33.939,15.571
237,0,1,34.786,16.390,33.950,15.702
238,0,1,34.796,16.451,33.778,15.765
239,0,1,34.705,16.452,33.879,15.763
240,0,1,34.695,16.492,33.870,15.804
241,0,1,34.685,16.533,33.860,15.844
242,0,1,34.737,16.725,33.819,15.794
243,0,1,34.798,16.724,33.759,15.866
244,0,1,34.718,16.775,33.637,15.817
245,0,1,34.738,16.795,33.556,15.828
246,0,1,34.494,16.657,33.800,15.966
247,0,1,34.799,16.845,33.831,16.047
248,0,1,34.769,16.886,33.841,16.067
249,0,1,34.647,16.817,33.953,16.127
250,0,1,34.637,16.857,33.943,16.167
251,0,1,34.617,16.898,33.923,16.208
252,0,1,34.618,16.938,33.923,16.248
253,0,1,34.690,17.140,33.365,16.103
254,0,1,34.751,17.159,33.528,16.212
255,0,1,34.761,17.169,33.529,16.384
256,0,1,34.772,17.250,33.530,16.485
257,0,1,34.692,17.352,33.490,16.536
258,0,1,34.763,17.433,33.754,16.614
259,0,1,34.814,17.513,33.855,16.613
260,0,1,34.805,17.564,33.825,16.624
261,0,1,34.775,17.645,33.825,16.674
262,0,1,34.735,17.676,33.795,16.685
263,0,1,34.684,17.727,33.785,16.715
264,0,1,34.674,17.707,33.765,16.725
265,0,1,34.674,17.737,33.786,16.806
266,0,1,34.674,17.757,33.776,16.877
267,0,1,34.665,17.798,33.766,16.887
268,0,1,34.665,17.818,33.716,16.949
269,0,1,34.635,17.849,33.625,16.950
270,0,1,34.625,17.880,33.534,17.042
271,0,1,34.656,17.940,33.635,17.041
272,0,1,34.615,17.961,33.616,17.132
273,0,1,34.585,17.991,33.586,17.193
274,0,1,34.585,18.042,33.616,17.223
275,0,1,34.596,18.103,33.576,17.294
276,0,1,34.576,18.133,33.435,17.316
277,0,1,34.627,18.193,33.668,17.354
278,0,1,34.597,18.265,33.668,17.324
279,0,1,34.628,18.325,33.597,17.355
280,0,1,34.578,18.386,33.364,17.337
281,0,1,34.639,18.396,33.679,17.415
282,0,1,34.619,18.437,33.679,17.425
283,0,1,34.619,18.447,33.729,17.363
284,0,1,34.649,18.446,33.719,17.424
285,0,1,34.619,18.507,33.720,17.485
286,0,1,34.610,18.558,33.721,17.637
287,0,1,34.599,18.508,33.599,17.638
288,0,1,34.610,18.568,33.600,17.750
289,0,1,34.549,18.589,33.581,17.871
290,0,1,34.458,18.681,33.520,17.963
291,0,1,34.520,18.762,33.632,17.942
292,0,1,34.520,18.843,33.612,18.023
293,0,1,34.531,18.893,33.643,18.053
294,0,1,34.541,18.924,33.643,18.103
295,0,1,34.512,19.015,33.643,18.124
296,0,1,34.522,19.025,33.633,18.144
297,0,1,34.481,19.046,33.613,18.124
298,0,1,34.492,19.117,33.624,18.215
299,0,1,34.532,19.076,33.644,18.255
300,0,1,34.472,19.127,33.583,18.205
301,0,1,34.452,19.178,33.542,18.206
302,0,1,34.339,19.027,33.645,18.336
303,0,1,34.493,19.248,33.624,18.266
304,0,1,34.503,19.218,33.624,18.296
305,0,1,34.523,19.208,33.604,18.317
306,0,1,34.534,19.228,33.575,18.449
307,0,1,34.493,19.248,33.463,18.480
308,0,1,34.463,19.259,33.433,18.521
309,0,1,34.494,19.330,33.565,18.570
310,0,1,34.474,19.380,33.515,18.581
311,0,1,34.474,19.380,33.545,18.591
312,0,1,34.484,19.421,33.555,18.601
313,0,1,34.444,19.472,33.536,18.652
314,0,1,34.455,19.533,33.556,18.631
315,0,1,34.466,19.624,33.556,18.662
316,0,1,34.456,19.664,33.576,18.631
317,0,1,34.425,19.685,33.535,18.631
318,0,1,34.405,19.665,33.637,18.671
319,0,1,34.405,19.675,33.607,18.702
320,0,1,34.385,19.675,33.597,18.692
321,0,1,34.355,19.757,33.525,18.652
322,0,1,34.355,19.716,33.495,18.713
0,1,1,33.164,16.297,32.267,15.538
1,1,1,33.164,16.277,32.266,15.458
2,1,1,33.123,16.247,32.256,15.397
3,1,1,33.143,16.247,32.235,15.377
4,1,1,33.143,16.156,32.265,15.225
5,1,1,33.152,16.115,32.274,15.134
6,1,1,33.132,16.095,32.284,15.043
7,1,1,33.122,16.085,32.294,15.013
8,1,1,33.132,16.065,32.293,14.982
9,1,1,33.142,16.014,32.304,14.982
10,1,1,33.162,15.974,32.334,14.962
11,1,1,33.141,15.943,32.334,14.962
12,1,1,33.120,15.883,32.304,14.972
13,1,1,33.120,15.843,32.314,14.962
14,1,1,33.120,15.782,32.293,14.972
15,1,1,33.088,15.661,32.283,14.992
16,1,1,33.109,15.630,32.273,15.003
17,1,1,33.108,15.560,32.242,14.932
18,1,1,33.159,15.539,32.252,14.851
19,1,1,33.158,15.488,32.271,14.639
20,1,1,33.178,15.448,32.260,14.548
21,1,1,33.199,15.478,32.260,14.477
22,1,1,33.178,15.407,32.259,14.427
23,1,1,33.168,15.387,32.269,14.427
24,1,1,33.157,15.337,32.289,14.396
25,1,1,33.137,15.347,32.279,14.376
26,1,1,33.147,15.337,32.279,14.386
27,1,1,33.187,15.306,32.319,14.325
28,1,1,33.197,15.265,32.340,14.345
29,1,1,33.187,15.205,32.339,14.284
30,1,1,33.186,15.144,32.309,14.305
31,1,1,33.155,15.084,32.279,14.285
32,1,1,33.165,15.033,32.289,14.315
33,1,1,33.155,14.973,32.289,14.265
34,1,1,33.195,14.912,32.329,14.214
35,1,1,33.185,14.932,32.308,14.204
36,1,1,33.194,14.871,32.318,14.194
37,1,1,33.174,14.841,32.308,14.123
38,1,1,33.174,14.811,32.307,14.063
39,1,1,33.153,14.781,32.266,13.851
40,1,1,33.173,14.771,32.265,13.780
41,1,1,33.123,14.761,32.285,13.679
42,1,1,33.123,14.751,32.284,13.639
43,1,1,33.143,14.730,32.304,13.588
44,1,1,33.143,14.710,32.335,13.578
45,1,1,33.122,14.710,32.355,13.577
46,1,1,33.162,14.649,32.304,13.487
47,1,1,33.172,14.518,32.293,13.467
48,1,1,33.151,14.518,32.284,13.517
49,1,1,33.151,14.427,32.233,13.488
50,1,1,33.150,14.387,32.222,13.417
51,1,1,33.160,14.356,32.202,13.427
52,1,1,33.170,14.316,32.182,13.438
53,1,1,33.119,14.256,32.191,13.387
54,1,1,33.129,14.195,32.191,13.357
55,1,1,33.148,14.104,32.201,13.327
56,1,1,33.169,14.094,32.201,13.266
57,1,1,33.158,14.094,32.230,13.145
58,1,1,33.148,14.044,32.219,13.034
59,1,1,33.179,14.073,32.250,13.043
60,1,1,33.158,14.094,32.220,13.054
61,1,1,33.138,14.064,32.229,12.983
62,1,1,33.138,14.064,32.229,12.973
63,1,1,33.118,14.044,32.239,12.973
64,1,1,33.117,13.973,32.209,12.953
65,1,1,33.096,13.923,32.178,12.943
66,1,1,33.086,13.832,32.178,12.953
67,1,1,33.085,13.741,32.179,12.963
68,1,1,33.085,13.721,32.199,12.963
69,1,1,33.084,13.620,32.229,12.953
70,1,1,33.104,13.549,32.229,12.912
71,1,1,33.114,13.539,32.229,12.892
72,1,1,33.134,13.488,32.229,12.872
73,1,1,33.103,13.428,32.137,12.802
74,1,1,33.153,13.347,32.196,12.590
75,1,1,33.112,13.317,32.186,12.509
76,1,1,33.113,13.347,32.196,12.489
77,1,1,33.133,13.297,32.216,12.499
78,1,1,33.092,13.327,32.205,12.459
79,1,1,33.102,13.317,32.256,12.458
80,1,1,33.133,13.347,32.225,12.418
81,1,1,33.102,13.337,32.165,12.429
82,1,1,33.122,13.307,32.215,12.438
83,1,1,33.112,13.287,32.195,12.428
84,1,1,33.071,13.247,32.165,12.439
85,1,1,33.061,13.206,32.165,12.449
86,1,1,33.080,13.075,32.155,12.409
87,1,1,33.070,13.065,32.104,12.409
88,1,1,33.070,13.025,32.114,12.399
89,1,1,33.009,12.975,32.073,12.299
90,1,1,33.009,12.965,32.093,12.278
91,1,1,32.978,12.884,32.052,12.198
92,1,1,32.977,12.814,32.072,12.137
93,1,1,32.947,12.804,32.031,12.117
94,1,1,32.896,12.794,32.001,12.098
95,1,1,32.977,12.804,32.101,12.026
96,1,1,32.987,12.783,32.091,11.955
97,1,1,33.008,12.793,32.121,12.006
98,1,1,33.018,12.813,32.111,12.016
99,1,1,33.038,12.803,32.111,12.006
100,1,1,33.048,12.793,32.101,11.975
101,1,1,32.997,12.773,32.050,11.915
102,1,1,33.007,12.753,32.060,11.925
103,1,1,33.017,12.723,32.070,11.925
104,1,1,32.997,12.693,32.050,11.865
105,1,1,33.007,12.652,32.070,11.885
106,1,1,32.976,12.612,32.050,11.875
107,1,1,32.986,12.551,32.040,11.865
108,1,1,32.965,12.481,32.029,11.855
109,1,1,32.975,12.430,32.059,11.815
110,1,1,32.974,12.380,32.069,11.804
111,1,1,33.024,12.319,32.120,11.763
112,1,1,32.974,12.320,32.100,11.754
113,1,1,32.963,12.259,32.130,11.723
114,1,1,32.994,12.259,32.129,11.693
115,1,1,32.973,12.209,32.068,11.653
116,1,1,32.983,12.168,32.038,11.593
117,1,1,33.013,12.158,32.037,11.462
118,1,1,33.043,12.147,32.067,11.421
119,1,1,33.054,12.157,32.127,11.370
120,1,1,33.064,12.157,32.137,11.340
121,1,1,33.064,12.147,32.147,11.320
122,1,1,33.074,12.157,32.188,11.319
123,1,1,33.043,12.147,32.178,11.350
124,1,1,33.002,12.047,32.167,11.289
125,1,1,32.972,12.017,32.137,11.259
126,1,1,32.961,11.977,32.127,11.279
127,1,1,33.002,11.956,32.137,11.239
128,1,1,32.981,11.876,32.126,11.239
129,1,1,32.950,11.785,32.025,11.210
130,1,1,32.898,11.675,31.903,11.100
131,1,1,32.898,11.614,31.912,11.020
132,1,1,32.817,11.555,31.770,10.920
133,1,1,32.887,11.514,31.871,10.919
134,1,1,32.827,11.575,31.760,10.860
135,1,1,32.776,11.555,31.749,10.840
136,1,1,32.806,11.545,31.820,10.809
137,1,1,32.847,11.565,31.921,10.788
138,1,1,32.887,11.554,31.951,10.737
139,1,1,32.877,11.494,31.941,10.717
140,1,1,32.867,11.504,31.961,10.676
141,1,1,32.806,11.504,31.890,10.647
142,1,1,32.785,11.414,31.869,10.577
143,1,1,32.896,11.282,32.000,10.525
144,1,1,32.733,11.193,32.142,10.614
145,1,1,32.835,11.212,31.858,10.446
146,1,1,32.855,11.192,31.919,10.445
148,1,1,32.763,11.142,31.827,10.375
149,1,1,32.763,11.082,31.847,10.355
150,1,1,32.762,11.021,31.797,10.325
151,1,1,32.924,10.999,32.252,10.361
152,1,1,32.893,10.949,32.009,10.313
153,1,1,32.954,10.898,32.110,10.262
154,1,1,33.005,10.978,32.180,10.241
155,1,1,32.964,10.918,32.129,10.161
156,1,1,33.015,10.928,32.180,10.150
157,1,1,33.024,10.888,32.169,10.050
158,1,1,33.075,10.877,32.209,10.029
159,1,1,33.034,10.867,32.158,9.989
160,1,1,33.025,10.908,32.209,9.939
161,1,1,33.004,10.918,32.219,9.898
162,1,1,32.964,10.868,32.219,9.898
163,1,1,33.004,10.847,32.269,9.878
164,1,1,32.670,10.851,32.312,10.270
165,1,1,32.660,10.841,32.302,10.260
166,1,1,32.650,10.831,32.292,10.250
167,1,1,32.640,10.821,32.282,10.240
168,1,1,32.629,10.811,32.271,10.230
169,1,1,32.619,10.801,32.261,10.220
170,1,1,32.609,10.791,32.251,10.210
171,1,1,32.599,10.781,32.241,10.200
172,1,1,32.589,10.771,31.732,9.792
173,1,1,32.428,10.924,31.571,9.945
174,1,1,32.257,11.077,31.400,10.098
175,1,1,32.558,10.741,32.200,10.160
176,1,1,33.071,10.293,32.194,9.264
177,1,1,33.081,10.273,32.255,9.254
178,1,1,33.101,10.202,32.255,9.244
179,1,1,33.101,10.202,32.264,9.213
180,1,1,33.100,10.131,32.325,9.152
181,1,1,33.110,10.081,32.334,9.052
182,1,1,33.109,10.041,32.375,9.071
183,1,1,33.140,10.040,32.334,9.072
147,1,1,32.955,11.130,32.091,10.453
184,1,1,33.047,9.830,32.213,9.083
185,1,1,33.107,9.749,32.283,9.022
186,1,1,33.158,9.718,32.354,8.961
187,1,1,33.168,9.678,32.354,8.951
188,1,1,33.177,9.617,32.323,8.871
189,1,1,33.178,9.657,32.332,8.800
190,1,1,33.178,9.667,32.352,8.729
191,1,1,33.167,9.668,32.362,8.709
192,1,1,33.157,9.668,32.332,8.679
193,1,1,33.167,9.627,32.322,8.689
194,1,1,33.157,9.607,32.332,8.659
195,1,1,33.126,9.587,32.331,8.619
196,1,1,33.197,9.536,32.281,8.650
197,1,1,33.187,9.506,32.291,8.629
198,1,1,33.176,9.426,32.310,8.498
199,1,1,33.195,9.305,32.330,8.367
200,1,1,33.185,9.245,32.329,8.327
201,1,1,33.174,9.114,32.289,8.307
202,1,1,33.173,9.084,32.319,8.287
203,1,1,33.163,9.064,32.278,8.287
204,1,1,33.183,9.013,32.319,8.237
205,1,1,33.173,9.023,32.278,8.247
206,1,1,33.183,8.983,32.298,8.157
207,1,1,33.183,8.973,32.297,8.026
208,1,1,33.172,8.933,32.296,7.935
209,1,1,33.182,8.923,32.296,7.845
210,1,1,33.192,8.802,32.357,7.884
211,1,1,33.172,8.883,32.315,7.784
212,1,1,33.152,8.883,32.335,7.744
213,1,1,33.162,8.852,32.356,7.774
214,1,1,33.141,8.812,32.336,7.794
215,1,1,33.131,8.762,32.336,7.774
216,1,1,33.171,8.752,32.285,7.694
217,1,1,33.140,8.662,32.284,7.654
218,1,1,33.140,8.601,32.264,7.644
219,1,1,33.119,8.501,32.274,7.564
220,1,1,33.138,8.380,32.263,7.493
221,1,1,33.158,8.309,32.283,7.473
222,1,1,33.178,8.339,32.273,7.443
223,1,1,33.178,8.339,32.242,7.383
224,1,1,33.179,8.380,32.221,7.323
225,1,1,33.148,8.380,32.241,7.302
226,1,1,33.138,8.390,32.231,7.293
227,1,1,33.108,8.400,32.271,7.262
228,1,1,33.108,8.380,32.271,7.252
229,1,1,33.108,8.360,32.302,7.242
230,1,1,33.108,8.350,32.311,7.181
231,1,1,33.097,8.260,32.281,7.111
232,1,1,33.086,8.169,32.290,7.061
233,1,1,33.065,8.019,32.280,6.991
234,1,1,33.044,7.928,32.199,6.981
235,1,1,33.084,7.848,32.088,6.972
236,1,1,33.053,7.727,32.118,6.932
237,1,1,33.021,7.557,32.097,6.821
238,1,1,32.991,7.537,32.096,6.761
239,1,1,33.041,7.516,32.146,6.670
240,1,1,33.102,7.506,32.166,6.620
241,1,1,33.031,7.526,32.166,6.550
242,1,1,33.011,7.527,32.155,6.530
243,1,1,32.960,7.527,31.933,6.481
244,1,1,32.910,7.538,31.872,6.422
245,1,1,32.961,7.567,31.932,6.401
246,1,1,33.011,7.547,32.084,6.390
247,1,1,32.930,7.537,31.982,6.280
248,1,1,32.940,7.507,32.012,6.230
249,1,1,32.990,7.456,32.123,6.198
250,1,1,32.989,7.326,32.163,6.178
251,1,1,32.979,7.245,32.173,6.087
252,1,1,32.948,7.175,32.092,6.078
253,1,1,32.906,7.015,32.123,6.229
254,1,1,32.906,6.975,32.123,6.188
255,1,1,33.006,6.904,32.010,5.948
256,1,1,33.047,6.863,32.131,5.957
257,1,1,33.057,6.893,32.172,5.957
258,1,1,33.087,6.923,32.232,5.936
259,1,1,33.107,6.903,32.272,5.916
260,1,1,33.077,6.893,32.272,5.866
261,1,1,33.057,6.863,32.302,5.785
262,1,1,33.057,6.853,32.312,5.755
263,1,1,33.057,6.843,32.322,5.735
264,1,1,33.056,6.793,32.291,5.705
265,1,1,33.056,6.752,32.271,5.705
266,1,1,33.066,6.712,32.251,5.685
267,1,1,33.076,6.732,32.190,5.615
268,1,1,33.065,6.662,32.179,5.606
269,1,1,33.054,6.532,32.189,5.565
270,1,1,33.054,6.451,32.229,5.485
271,1,1,33.053,6.381,32.229,5.414
272,1,1,33.093,6.350,32.228,5.374
273,1,1,33.093,6.340,32.238,5.334
274,1,1,33.073,6.300,32.228,5.304
275,1,1,33.043,6.291,32.197,5.264
276,1,1,33.043,6.301,32.197,5.254
277,1,1,33.033,6.341,32.076,5.175
278,1,1,33.002,6.331,32.055,5.085
279,1,1,33.003,6.341,32.115,5.084
280,1,1,33.023,6.341,32.095,5.074
281,1,1,33.063,6.331,32.135,5.054
282,1,1,33.053,6.291,32.216,5.033
283,1,1,33.083,6.250,32.266,5.003
284,1,1,33.092,6.130,32.246,4.963
285,1,1,33.051,5.999,32.175,4.873
286,1,1,33.080,5.929,32.144,4.903
287,1,1,32.989,5.809,32.236,5.023
288,1,1,32.988,5.769,32.236,4.983
289,1,1,32.988,5.739,32.236,4.953
290,1,1,33.059,5.768,32.092,4.653
291,1,1,33.110,5.828,32.183,4.632
292,1,1,33.110,5.798,32.213,4.612
293,1,1,33.160,5.798,32.284,4.641
294,1,1,33.140,5.798,32.304,4.631
295,1,1,33.099,5.778,32.293,4.521
296,1,1,33.099,5.748,32.273,4.461
297,1,1,33.079,5.718,32.252,4.441
298,1,1,33.089,5.678,32.292,4.400
299,1,1,33.088,5.608,32.282,4.381
300,1,1,33.088,5.608,32.282,4.340
301,1,1,33.108,5.567,32.251,4.280
302,1,1,33.128,5.497,32.201,4.281
303,1,1,33.127,5.457,32.271,4.270
304,1,1,33.137,5.396,32.261,4.270
305,1,1,33.065,5.226,32.313,4.440
306,1,1,33.126,5.196,32.231,4.220
307,1,1,33.125,5.075,32.180,4.161
308,1,1,33.145,5.065,32.200,4.221
309,1,1,33.044,5.026,32.291,4.240
310,1,1,33.135,5.085,32.230,4.090
311,1,1,33.053,4.976,32.301,4.190
312,1,1,33.053,4.956,32.301,4.170
313,1,1,33.084,5.086,32.147,3.800
314,1,1,33.064,5.106,32.167,3.820
315,1,1,33.054,5.096,32.178,3.830
316,1,1,33.064,5.096,32.177,3.810
317,1,1,33.085,5.106,32.187,3.780
318,1,1,33.054,5.066,32.187,3.710
319,1,1,32.992,4.866,32.240,4.080
320,1,1,32.992,4.836,32.240,4.050
321,1,1,32.982,4.796,32.229,4.010
322,1,1,32.981,4.766,32.229,3.980
0,2,1,31.721,4.957,30.806,3.982
1,2,1,31.751,4.987,30.795,3.972
2,2,1,31.741,5.007,30.785,3.992
3,2,1,31.731,5.007,30.775,3.992
4,2,1,31.731,5.027,30.775,4.012
5,2,1,31.731,5.047,30.776,4.032
6,2,1,31.751,4.987,30.736,4.213
7,2,1,31.741,5.017,30.746,4.173
8,2,1,31.672,5.188,30.726,4.203
9,2,1,31.682,5.138,30.706,4.233
10,2,1,31.672,5.178,30.696,4.274
11,2,1,31.662,5.299,30.687,4.394
12,2,1,31.652,5.299,30.677,4.394
13,2,1,31.663,5.339,30.687,4.434
14,2,1,31.652,5.329,30.677,4.424
15,2,1,31.663,5.419,30.688,4.514
16,2,1,31.653,5.460,30.678,4.555
17,2,1,31.694,5.519,30.719,4.615
18,2,1,31.654,5.520,30.678,4.615
19,2,1,31.664,5.580,30.689,4.675
20,2,1,31.664,5.600,30.689,4.695
21,2,1,31.705,5.660,30.730,4.755
22,2,1,31.715,5.680,30.740,4.775
24,2,1,31.584,5.681,30.609,4.776
25,2,1,31.594,5.711,30.619,4.806
26,2,1,31.585,5.872,30.671,5.026
27,2,1,31.606,5.882,30.650,4.997
28,2,1,31.616,5.922,30.661,5.037
29,2,1,31.606,5.962,30.651,5.077
30,2,1,31.596,6.022,30.641,5.137
31,2,1,31.587,6.063,30.631,5.177
32,2,1,31.597,6.103,30.642,5.217
33,2,1,31.587,6.143,30.632,5.258
34,2,1,31.577,6.183,30.622,5.298
35,2,1,31.487,6.294,30.581,5.288
36,2,1,31.467,6.254,30.561,5.339
37,2,1,31.477,6.244,30.541,5.349
38,2,1,31.386,6.275,30.583,5.519
39,2,1,31.416,6.265,30.563,5.539
40,2,1,31.386,6.285,30.533,5.600
41,2,1,31.426,6.265,30.553,5.630
42,2,1,31.396,6.356,30.554,5.690
43,2,1,31.539,6.565,30.604,5.720
44,2,1,31.499,6.525,30.625,5.730
45,2,1,31.419,6.727,30.483,5.771
46,2,1,31.410,6.808,30.463,5.781
47,2,1,31.410,6.878,30.504,5.801
48,2,1,31.603,7.077,30.615,5.810
49,2,1,31.512,7.038,30.615,5.840
50,2,1,31.420,6.868,30.707,6.010
51,2,1,31.420,6.908,30.707,6.050
52,2,1,31.421,6.948,30.708,6.090
53,2,1,31.431,6.988,30.718,6.131
54,2,1,31.441,7.038,30.728,6.181
56,2,1,31.340,7.029,30.627,6.172
57,2,1,31.340,7.059,30.627,6.202
58,2,1,31.341,7.080,30.628,6.222
59,2,1,31.341,7.110,30.628,6.252
60,2,1,31.331,7.160,30.618,6.302
62,2,1,31.321,7.150,30.608,6.292
63,2,1,31.321,7.180,30.608,6.322
64,2,1,31.311,7.210,30.598,6.353
65,2,1,31.394,7.501,30.579,6.594
66,2,1,31.333,7.472,30.620,6.614
67,2,1,31.323,7.502,30.610,6.644
68,2,1,31.313,7.532,30.600,6.674
69,2,1,31.313,7.582,30.600,6.724
70,2,1,31.303,7.603,30.590,6.745
71,2,1,31.283,7.643,30.570,6.785
73,2,1,31.273,7.633,30.560,6.775
74,2,1,31.424,7.521,30.390,6.978
75,2,1,31.475,7.581,30.420,7.008
76,2,1,31.385,7.672,30.491,7.037
77,2,1,31.415,7.682,30.471,7.118
78,2,1,31.436,7.742,30.512,7.077
79,2,1,31.335,7.803,30.602,7.016
80,2,1,31.458,7.983,30.421,7.108
81,2,1,31.407,7.994,30.461,7.108
82,2,1,31.367,8.004,30.410,7.078
83,2,1,31.296,8.025,30.340,7.129
84,2,1,31.327,8.085,30.381,7.199
85,2,1,31.327,8.115,30.391,7.239
86,2,1,31.358,8.165,30.382,7.330
87,2,1,31.236,8.136,30.503,7.349
88,2,1,31.226,8.156,30.493,7.369
89,2,1,31.226,8.177,30.493,7.389
90,2,1,31.216,8.197,30.483,7.409
91,2,1,31.196,8.217,30.463,7.429
93,2,1,31.227,8.267,30.190,7.492
94,2,1,31.197,8.277,30.120,7.503
95,2,1,31.025,8.269,30.292,7.491
96,2,1,31.186,8.278,30.120,7.513
97,2,1,31.216,8.197,30.120,7.553
98,2,1,31.196,8.257,29.978,7.565
99,2,1,31.217,8.328,29.938,7.595
100,2,1,31.167,8.378,29.959,7.615
101,2,1,31.147,8.389,29.949,7.645
102,2,1,31.086,8.419,29.928,7.666
103,2,1,31.097,8.449,29.939,7.686
104,2,1,31.086,8.439,29.929,7.746
105,2,1,31.086,8.409,29.909,7.736
106,2,1,31.076,8.409,29.919,7.776
107,2,1,31.106,8.379,29.929,7.766
108,2,1,31.046,8.400,29.909,7.726
109,2,1,30.975,8.430,29.899,7.827
110,2,1,31.066,8.440,29.889,7.807
111,2,1,31.016,8.440,29.889,7.837
112,2,1,30.975,8.461,29.859,7.878
113,2,1,30.975,8.491,29.818,7.868
114,2,1,30.966,8.561,29.788,7.888
115,2,1,30.915,8.592,29.808,7.898
116,2,1,30.835,8.633,29.718,7.979
117,2,1,30.835,8.704,29.738,7.909
118,2,1,30.816,8.865,29.799,7.938
119,2,1,30.806,8.955,29.829,7.958
120,2,1,30.786,8.966,29.799,7.989
121,2,1,30.757,9.087,29.759,8.019
122,2,1,30.736,9.077,29.779,8.029
123,2,1,30.726,9.107,29.749,8.090
124,2,1,30.737,9.137,29.739,8.100
125,2,1,30.686,9.138,29.729,8.110
126,2,1,30.666,9.158,29.739,8.221
127,2,1,30.636,9.158,29.719,8.241
128,2,1,30.707,9.218,29.760,8.210
129,2,1,30.656,9.158,29.729,8.191
130,2,1,30.605,9.159,29.679,8.221
131,2,1,30.595,9.129,29.679,8.251
132,2,1,30.575,9.099,29.619,8.322
133,2,1,30.615,9.048,29.558,8.393
134,2,1,30.514,9.079,29.559,8.444
135,2,1,30.524,9.109,29.528,8.414
136,2,1,30.413,9.221,29.356,8.446
137,2,1,30.414,9.372,29.337,8.607
138,2,1,30.395,9.473,29.307,8.678
139,2,1,30.304,9.464,29.348,8.697
140,2,1,30.253,9.494,29.358,8.748
141,2,1,30.213,9.636,29.287,8.668
142,2,1,30.234,9.686,29.277,8.668
143,2,1,30.224,9.686,29.287,8.648
144,2,1,30.214,9.686,29.368,8.667
145,2,1,30.234,9.646,29.338,8.768
146,2,1,30.254,9.655,29.328,8.829
148,2,1,30.163,9.717,29.309,9.030
149,2,1,30.194,9.727,29.289,9.020
150,2,1,30.204,9.706,29.289,9.071
151,2,1,30.123,9.747,29.259,9.101
152,2,1,30.123,9.798,29.269,9.171
153,2,1,30.174,9.888,29.259,9.222
154,2,1,30.205,9.968,29.209,9.192
155,2,1,30.176,10.120,29.239,9.202
156,2,1,30.116,10.201,29.199,9.283
157,2,1,30.075,10.252,29.199,9.303
158,2,1,30.066,10.312,29.179,9.354
159,2,1,30.106,10.352,29.230,9.343
160,2,1,30.096,10.362,29.240,9.323
161,2,1,30.127,10.402,29.250,9.262
162,2,1,30.046,10.393,29.209,9.343
163,2,1,30.056,10.413,29.210,9.353
164,2,1,30.066,10.423,29.200,9.414
165,2,1,30.127,10.433,29.231,9.484
166,2,1,30.066,10.403,29.221,9.575
167,2,1,30.056,10.413,29.181,9.636
168,2,1,30.026,10.444,29.161,9.686
169,2,1,30.026,10.534,29.182,9.877
170,2,1,30.016,10.544,29.172,9.888
171,2,1,30.007,10.645,29.192,9.898
172,2,1,30.089,10.766,29.283,9.897
173,2,1,30.057,10.635,29.284,10.007
174,2,1,30.019,10.998,29.253,9.947
175,2,1,30.060,11.088,29.284,9.957
176,2,1,30.040,11.099,29.264,10.068
177,2,1,30.081,11.129,29.316,10.189
178,2,1,30.132,11.179,29.345,10.108
179,2,1,30.132,11.179,29.335,10.027
180,2,1,30.100,10.947,29.337,10.319
181,2,1,30.142,11.168,29.275,10.199
182,2,1,30.090,10.997,29.327,10.370
183,2,1,30.090,11.038,29.327,10.410
147,2,1,30.244,9.696,29.338,8.859
184,2,1,30.090,11.068,29.327,10.440
185,2,1,30.091,11.108,29.327,10.481
186,2,1,30.091,11.149,29.328,10.521
187,2,1,30.091,11.179,29.328,10.551
188,2,1,30.082,11.401,29.197,10.714
189,2,1,30.083,11.451,29.258,10.754
190,2,1,30.093,11.582,29.248,10.824
191,2,1,30.033,11.684,29.289,10.804
192,2,1,30.085,11.784,29.248,10.794
193,2,1,30.166,11.773,29.228,10.835
194,2,1,30.125,11.854,29.299,10.783
195,2,1,30.176,11.854,29.309,10.874
196,2,1,30.114,11.693,29.482,10.973
197,2,1,30.176,11.864,29.309,10.743
198,2,1,30.166,11.884,29.319,10.743
199,2,1,30.197,11.884,29.329,10.854
200,2,1,30.176,11.864,29.340,10.934
201,2,1,30.136,11.864,29.330,10.975
202,2,1,30.166,11.884,29.341,11.025
203,2,1,30.156,11.904,29.321,11.066
204,2,1,30.177,11.955,29.321,11.197
205,2,1,30.115,11.875,29.372,11.247
206,2,1,30.116,11.915,29.372,11.287
207,2,1,30.126,11.955,29.383,11.327
208,2,1,30.189,12.298,29.404,11.468
209,2,1,30.169,12.369,29.434,11.438
210,2,1,30.220,12.328,29.363,11.418
211,2,1,30.158,12.187,29.425,11.559
212,2,1,30.158,12.227,29.425,11.599
213,2,1,30.158,12.278,29.425,11.650
214,2,1,30.159,12.318,29.425,11.690
215,2,1,30.159,12.369,29.426,11.740
216,2,1,30.159,12.419,29.426,11.791
217,2,1,30.201,12.550,29.374,11.640
218,2,1,30.149,12.409,29.416,11.781
219,2,1,30.149,12.449,29.416,11.821
220,2,1,30.150,12.490,29.416,11.862
221,2,1,30.151,12.732,29.367,12.084
223,2,1,30.120,12.702,29.387,12.074
224,2,1,30.121,12.743,29.387,12.114
225,2,1,30.121,12.783,29.388,12.155
226,2,1,30.121,12.823,29.388,12.195
227,2,1,30.132,12.864,29.398,12.235
228,2,1,30.132,12.914,29.398,12.286
229,2,1,30.142,12.954,29.409,12.326
230,2,1,30.163,12.994,29.429,12.366
231,2,1,30.173,13.045,29.440,12.416
232,2,1,30.173,13.085,29.440,12.457
233,2,1,30.194,13.136,29.461,12.507
234,2,1,30.204,13.186,29.471,12.557
235,2,1,30.225,13.226,29.491,12.598
236,2,1,30.235,13.266,29.502,12.638
237,2,1,30.225,13.307,29.492,12.678
239,2,1,30.215,13.297,29.482,12.668
240,2,1,30.226,13.347,29.492,12.719
241,2,1,30.256,13.377,29.523,12.749
242,2,1,30.236,13.418,29.503,12.789
243,2,1,30.236,13.458,29.503,12.830
244,2,1,30.237,13.509,29.503,12.880
245,2,1,30.237,13.549,29.503,12.921
246,2,1,30.331,14.003,29.524,12.981
247,2,1,30.321,14.013,29.494,13.001
248,2,1,30.321,14.003,29.464,13.163
249,2,1,30.351,14.003,29.463,12.982
250,2,1,30.372,14.043,29.535,13.052
251,2,1,30.382,14.043,29.555,13.152
252,2,1,30.372,14.073,29.556,13.173
253,2,1,30.362,14.083,29.505,13.274
254,2,1,30.300,13.983,29.567,13.354
255,2,1,30.301,14.023,29.567,13.395
256,2,1,30.301,14.064,29.567,13.435
257,2,1,30.312,14.215,29.395,13.396
258,2,1,30.322,14.215,29.375,13.488
259,2,1,30.343,14.326,29.416,13.669
260,2,1,30.303,14.417,29.488,13.779
261,2,1,30.252,14.398,29.518,13.769
262,2,1,30.253,14.438,29.519,13.809
263,2,1,30.477,14.709,29.609,13.667
264,2,1,30.487,14.719,29.619,13.677
265,2,1,30.467,14.769,29.620,13.738
266,2,1,30.437,14.780,29.620,13.828
267,2,1,30.427,14.800,29.641,13.848
268,2,1,30.427,14.841,29.610,13.818
269,2,1,30.387,14.831,29.599,13.687
270,2,1,30.377,14.861,29.620,13.768
271,2,1,30.365,14.619,29.631,13.990
272,2,1,30.365,14.669,29.632,14.041
273,2,1,30.376,14.720,29.642,14.091
274,2,1,30.418,15.003,29.592,14.172
276,2,1,30.367,14.892,29.633,14.263
277,2,1,30.377,14.932,29.643,14.303
278,2,1,30.744,15.211,29.764,14.130
279,2,1,30.531,15.264,29.704,14.333
280,2,1,30.469,15.103,29.736,14.474
281,2,1,30.470,15.144,29.736,14.515
282,2,1,30.512,15.497,29.696,14.586
283,2,1,30.503,15.538,29.716,14.606
284,2,1,30.471,15.376,29.737,14.747
285,2,1,30.472,15.487,29.635,14.586
286,2,1,30.420,15.357,29.686,14.727
287,2,1,30.422,15.559,29.625,14.688
288,2,1,30.390,15.428,29.656,14.798
289,2,1,30.433,15.700,29.658,15.041
290,2,1,30.464,15.801,29.729,15.091
291,2,1,30.453,15.751,29.719,15.121
292,2,1,30.453,15.791,29.719,15.162
293,2,1,30.454,15.832,29.719,15.202
294,2,1,30.454,15.882,29.720,15.253
295,2,1,30.475,16.054,29.608,15.224
296,2,1,30.445,16.125,29.649,15.223
297,2,1,30.547,16.175,29.679,15.213
298,2,1,30.475,16.003,29.741,15.374
299,2,1,30.670,16.355,29.731,15.364
300,2,1,30.609,16.427,29.771,15.303
301,2,1,30.455,16.024,29.721,15.395
302,2,1,30.721,16.466,29.842,15.292
303,2,1,30.610,16.508,29.810,15.141
304,2,1,30.580,16.549,29.801,15.242
305,2,1,30.559,16.539,29.791,15.343
306,2,1,30.424,16.034,29.690,15.405
307,2,1,30.425,16.105,29.691,15.476
308,2,1,30.436,16.196,29.701,15.567
310,2,1,30.425,16.186,29.691,15.557
311,2,1,30.591,16.700,29.784,15.910
312,2,1,30.591,16.802,29.907,16.121
313,2,1,30.612,16.771,29.887,16.141
314,2,1,30.612,16.812,29.888,16.182
315,2,1,30.612,16.862,29.888,16.233
316,2,1,30.612,16.903,29.888,16.273
317,2,1,30.613,16.953,29.888,16.324
318,2,1,30.603,16.994,29.878,16.364
319,2,1,30.603,17.045,29.879,16.415
320,2,1,30.593,17.085,29.869,16.455
321,2,1,30.594,17.136,29.869,16.506
322,2,1,30.584,17.176,29.859,16.547
0,3,1,32.588,4.869,31.702,3.704
1,3,1,32.619,4.899,31.692,3.684
2,3,1,32.599,4.940,31.672,3.724
3,3,1,32.599,4.980,31.672,3.764
4,3,1,32.589,4.990,31.662,3.774
5,3,1,32.569,5.040,31.643,3.824
6,3,1,32.570,5.070,31.643,3.854
7,3,1,32.540,5.101,31.613,3.885
8,3,1,32.469,5.151,31.575,4.366
9,3,1,32.470,5.212,31.565,4.276
10,3,1,32.470,5.262,31.565,4.326
11,3,1,32.522,5.462,31.617,4.527
12,3,1,32.450,5.342,31.545,4.407
13,3,1,32.451,5.392,31.546,4.457
14,3,1,32.400,5.383,31.495,4.447
15,3,1,32.431,5.493,31.526,4.557
16,3,1,32.411,5.563,31.507,4.628
17,3,1,32.402,5.614,31.497,4.678
18,3,1,32.412,5.644,31.507,4.708
19,3,1,32.412,5.674,31.507,4.738
20,3,1,32.433,5.724,31.528,4.788
21,3,1,32.463,5.663,31.438,4.889
22,3,1,32.453,5.663,31.408,4.970
23,3,1,32.402,5.704,31.489,4.999
24,3,1,32.463,5.774,31.468,4.959
25,3,1,32.434,5.844,31.478,4.979
26,3,1,32.374,6.015,31.530,5.089
27,3,1,32.365,6.156,31.469,5.120
28,3,1,32.406,6.286,31.510,5.160
29,3,1,32.427,6.326,31.520,5.190
30,3,1,32.396,6.296,31.511,5.250
31,3,1,32.396,6.286,31.501,5.290
32,3,1,32.396,6.306,31.531,5.330
33,3,1,32.396,6.316,31.531,5.280
34,3,1,32.386,6.337,31.511,5.270
35,3,1,32.376,6.337,31.541,5.300
36,3,1,32.326,6.357,31.471,5.381
37,3,1,32.286,6.368,31.431,5.472
38,3,1,32.225,6.368,31.432,5.592
39,3,1,32.265,6.368,31.463,5.642
40,3,1,32.266,6.388,31.432,5.672
41,3,1,32.306,6.368,31.483,5.742
42,3,1,32.296,6.428,31.514,5.802
43,3,1,32.186,6.559,31.363,5.803
44,3,1,32.126,6.670,31.352,5.773
45,3,1,32.137,6.741,31.332,5.804
46,3,1,32.107,6.882,31.292,5.874
47,3,1,32.118,6.992,31.283,5.955
48,3,1,32.038,7.113,31.142,6.006
49,3,1,32.129,7.133,31.233,6.005
50,3,1,32.119,7.143,31.101,5.977
51,3,1,31.926,6.984,31.284,6.146
52,3,1,31.916,7.024,31.274,6.186
53,3,1,31.906,7.064,31.264,6.226
54,3,1,31.897,7.125,31.255,6.287
55,3,1,31.887,7.155,31.245,6.317
56,3,1,31.877,7.205,31.235,6.367
57,3,1,32.099,7.193,31.114,6.418
58,3,1,32.069,7.173,31.134,6.418
59,3,1,32.049,7.224,30.973,6.430
60,3,1,32.120,7.273,31.165,6.508
61,3,1,32.172,7.444,31.226,6.548
62,3,1,32.192,7.494,31.216,6.568
63,3,1,32.131,7.464,31.297,6.577
64,3,1,32.132,7.515,31.277,6.598
65,3,1,32.142,7.555,31.307,6.658
66,3,1,32.143,7.625,31.257,6.698
67,3,1,32.143,7.655,31.278,6.748
68,3,1,32.143,7.705,31.177,6.729
69,3,1,32.173,7.685,31.187,6.709
70,3,1,32.173,7.675,31.166,6.719
71,3,1,32.173,7.635,31.157,6.800
72,3,1,31.991,7.606,31.339,6.808
73,3,1,32.173,7.585,31.219,7.000
74,3,1,32.133,7.635,31.280,7.120
75,3,1,32.032,7.757,31.380,6.979
76,3,1,32.143,7.736,31.371,7.150
77,3,1,32.143,7.746,31.331,7.170
78,3,1,32.174,7.786,31.331,7.130
79,3,1,32.145,7.937,31.300,7.140
80,3,1,32.196,8.057,31.301,7.271
81,3,1,32.156,8.168,31.221,7.302
82,3,1,32.178,8.339,31.251,7.322
83,3,1,32.158,8.369,31.231,7.332
84,3,1,32.188,8.349,31.241,7.372
85,3,1,32.127,8.359,31.241,7.392
86,3,1,32.127,8.329,31.211,7.412
87,3,1,32.168,8.339,31.221,7.412
88,3,1,32.198,8.359,31.211,7.412
89,3,1,32.168,8.409,31.242,7.422
90,3,1,32.138,8.389,31.191,7.463
91,3,1,32.148,8.389,31.222,7.443
92,3,1,32.158,8.349,31.171,7.493
93,3,1,32.117,8.369,31.162,7.554
94,3,1,32.117,8.359,31.141,7.554
95,3,1,32.127,8.349,31.142,7.584
96,3,1,32.097,8.350,31.112,7.685
97,3,1,32.087,8.380,31.102,7.715
98,3,1,32.087,8.400,31.092,7.745
99,3,1,32.239,8.378,31.122,7.725
100,3,1,32.239,8.459,31.153,7.755
101,3,1,32.271,8.640,31.194,7.805
102,3,1,32.281,8.700,31.194,7.805
103,3,1,32.292,8.810,31.254,7.774
104,3,1,32.283,8.891,31.224,7.754
105,3,1,32.263,8.921,31.224,7.754
106,3,1,32.333,8.840,31.224,7.815
107,3,1,32.374,8.900,31.264,7.804
108,3,1,32.353,8.880,31.264,7.814
109,3,1,32.282,8.851,31.265,7.844
110,3,1,32.353,8.820,31.285,7.874
111,3,1,32.333,8.840,31.275,7.884
112,3,1,32.404,8.860,31.255,7.895
113,3,1,31.897,8.754,31.225,8.006
114,3,1,31.978,8.783,31.296,8.075
115,3,1,32.393,8.799,31.225,7.915
116,3,1,32.322,8.790,31.225,7.975
117,3,1,32.333,8.860,31.245,7.975
118,3,1,32.313,8.921,31.245,8.015
119,3,1,32.293,8.911,31.225,8.026
120,3,1,31.727,8.927,31.186,8.157
121,3,1,31.817,8.845,31.267,8.156
122,3,1,31.918,8.834,31.186,8.147
123,3,1,32.292,8.770,31.134,8.006
124,3,1,32.282,8.780,31.104,8.047
125,3,1,32.110,8.812,31.024,8.118
126,3,1,32.050,8.833,30.983,8.149
127,3,1,32.040,8.883,30.892,8.170
128,3,1,31.868,8.965,30.802,8.211
129,3,1,31.929,8.904,30.791,8.151
130,3,1,31.939,8.914,30.792,8.201
131,3,1,31.970,8.985,30.883,8.280
132,3,1,31.960,9.015,30.813,8.341
133,3,1,31.758,9.027,30.651,8.423
134,3,1,31.657,9.128,30.611,8.454
135,3,1,31.738,9.087,30.611,8.434
136,3,1,31.677,9.098,30.611,8.484
137,3,1,31.819,9.087,30.601,8.454
138,3,1,31.647,9.169,30.591,8.515
139,3,1,31.546,9.210,30.581,8.565
140,3,1,31.446,9.281,30.592,8.625
141,3,1,31.436,9.272,30.541,8.636
142,3,1,31.416,9.322,30.532,8.686
143,3,1,31.436,9.372,30.541,8.646
144,3,1,31.416,9.362,30.521,8.626
145,3,1,31.336,9.474,30.420,8.697
146,3,1,31.317,9.655,30.450,8.637
148,3,1,31.276,9.686,30.431,8.717
149,3,1,31.267,9.746,30.400,8.748
150,3,1,31.287,9.726,30.380,8.768
151,3,1,31.216,9.807,30.350,8.809
152,3,1,31.227,9.888,30.330,8.819
153,3,1,31.237,9.847,30.290,8.890
154,3,1,31.014,9.829,30.169,9.002
155,3,1,30.954,9.901,30.200,9.062
156,3,1,30.903,9.790,30.251,9.152
157,3,1,30.874,9.992,30.190,9.143
158,3,1,30.904,9.972,30.160,9.183
159,3,1,30.883,9.941,30.120,9.234
160,3,1,30.935,10.032,30.120,9.244
161,3,1,30.935,10.062,30.110,9.214
162,3,1,30.915,10.082,30.080,9.295
163,3,1,30.864,10.163,30.010,9.396
164,3,1,30.845,10.224,29.959,9.427
165,3,1,30.855,10.244,29.969,9.457
166,3,1,30.865,10.284,30.091,9.506
167,3,1,30.876,10.395,30.021,9.547
168,3,1,30.826,10.436,29.960,9.548
169,3,1,30.846,10.456,29.909,9.578
170,3,1,30.846,10.496,29.910,9.659
171,3,1,30.836,10.526,29.950,9.648
172,3,1,30.816,10.557,29.951,9.679
173,3,1,30.827,10.647,29.951,9.729
174,3,1,30.827,10.627,29.941,9.749
175,3,1,30.807,10.678,29.971,9.789
176,3,1,30.807,10.648,30.033,9.849
177,3,1,30.787,10.698,30.013,9.930
178,3,1,30.726,10.628,30.074,9.990
179,3,1,30.869,10.879,29.962,9.830
180,3,1,30.716,10.659,30.064,10.020
181,3,1,30.819,10.950,29.922,10.062
182,3,1,30.708,11.052,29.598,10.075
183,3,1,30.790,11.152,29.801,10.103
147,3,1,31.317,9.685,30.420,8.627
184,3,1,30.676,10.790,30.024,10.151
185,3,1,30.800,11.252,29.772,10.234
186,3,1,30.676,10.820,30.024,10.182
187,3,1,30.687,10.860,30.035,10.222
188,3,1,30.862,11.423,29.883,10.223
189,3,1,30.667,10.901,30.015,10.262
190,3,1,30.912,11.362,30.005,10.323
191,3,1,30.667,10.931,30.015,10.293
192,3,1,30.667,10.982,30.015,10.343
193,3,1,30.677,11.002,30.025,10.363
194,3,1,30.698,11.032,30.046,10.393
196,3,1,30.761,11.434,30.088,10.655
197,3,1,30.914,11.675,30.089,10.786
198,3,1,30.914,11.675,30.089,10.786
199,3,1,30.823,11.545,30.170,10.906
200,3,1,30.965,11.715,30.069,10.816
201,3,1,30.986,11.825,30.089,10.846
202,3,1,30.936,11.927,30.100,10.927
203,3,1,30.947,12.028,30.049,10.968
204,3,1,30.957,12.027,29.786,11.051
205,3,1,30.967,12.048,29.736,11.112
206,3,1,31.008,12.067,29.989,11.069
207,3,1,31.008,12.037,30.090,11.068
208,3,1,30.783,11.686,30.131,11.047
209,3,1,30.783,11.727,30.131,11.088
210,3,1,30.927,12.068,30.193,11.259
211,3,1,30.907,12.089,30.102,11.340
212,3,1,30.927,12.078,30.082,11.411
213,3,1,30.826,12.059,30.174,11.420
214,3,1,30.836,12.089,30.184,11.450
215,3,1,30.836,12.120,30.184,11.481
216,3,1,30.847,12.170,30.194,11.531
217,3,1,31.031,12.461,30.317,11.691
218,3,1,31.082,12.500,30.256,11.671
219,3,1,31.183,12.560,30.287,11.681
220,3,1,31.051,12.430,30.399,11.791
221,3,1,31.133,12.631,30.165,11.662
222,3,1,31.133,12.631,30.175,11.672
223,3,1,31.144,12.681,30.266,11.661
224,3,1,31.205,12.711,30.237,11.793
225,3,1,31.245,12.711,30.379,11.932
226,3,1,31.235,12.741,30.359,11.943
227,3,1,31.205,12.802,30.278,12.014
228,3,1,31.205,12.852,30.299,12.075
229,3,1,31.064,12.864,30.259,12.115
230,3,1,30.992,12.804,30.340,12.165
231,3,1,31.175,12.893,30.300,12.196
232,3,1,31.156,12.994,30.331,12.276
233,3,1,31.146,13.015,30.331,12.276
234,3,1,31.146,13.065,30.392,12.326
235,3,1,31.177,13.145,30.382,12.356
236,3,1,31.188,13.277,30.362,12.356
237,3,1,31.168,13.368,30.352,12.397
238,3,1,31.128,13.358,30.311,12.428
239,3,1,31.179,13.398,30.362,12.407
240,3,1,31.148,13.378,30.382,12.427
241,3,1,31.270,13.377,30.433,12.447
242,3,1,31.229,13.387,30.403,12.467
243,3,1,31.270,13.407,30.403,12.477
244,3,1,31.209,13.428,30.373,12.568
245,3,1,31.240,13.428,30.383,12.588
246,3,1,31.200,13.509,30.354,12.821
247,3,1,31.180,13.650,30.314,12.882
248,3,1,31.221,13.700,30.314,12.942
249,3,1,31.231,13.700,30.345,12.962
250,3,1,31.282,13.700,30.396,13.002
251,3,1,31.292,13.750,30.427,13.103
252,3,1,31.262,13.831,30.417,13.093
253,3,1,31.334,13.972,30.488,13.193
254,3,1,31.315,14.063,30.448,13.193
255,3,1,31.285,14.164,30.428,13.224
256,3,1,31.275,14.205,30.377,13.204
257,3,1,31.265,14.225,30.336,13.205
258,3,1,31.265,14.175,30.408,13.285
259,3,1,31.285,14.215,30.438,13.274
260,3,1,31.224,14.236,30.418,13.376
261,3,1,31.235,14.246,30.398,13.366
262,3,1,31.195,14.327,30.389,13.507
263,3,1,31.215,14.367,30.440,13.527
264,3,1,31.195,14.418,30.450,13.618
265,3,1,31.226,14.519,30.472,13.779
266,3,1,31.247,14.620,30.502,13.738
267,3,1,31.238,14.701,30.482,13.809
268,3,1,31.248,14.741,30.482,13.819
269,3,1,31.228,14.812,30.502,13.789
270,3,1,31.238,14.802,30.482,13.829
271,3,1,31.238,14.822,30.441,13.830
272,3,1,31.280,15.003,30.483,13.920
273,3,1,31.270,15.064,30.463,13.971
274,3,1,31.146,14.600,30.493,13.961
275,3,1,31.146,14.651,30.493,14.011
276,3,1,31.271,15.165,30.483,14.011
277,3,1,31.241,15.166,30.432,14.012
278,3,1,31.116,14.672,30.463,14.032
279,3,1,31.106,14.722,30.453,14.082
281,3,1,31.096,14.712,30.443,14.072
282,3,1,31.076,14.773,30.423,14.133
284,3,1,31.066,14.763,30.413,14.123
285,3,1,31.076,14.793,30.423,14.153
286,3,1,31.066,14.844,30.413,14.204
288,3,1,31.109,15.177,30.405,14.497
289,3,1,31.111,15.541,30.407,14.831
290,3,1,31.184,15.844,30.480,15.133
291,3,1,31.205,15.975,30.255,14.822
292,3,1,31.205,15.975,30.316,14.801
293,3,1,31.195,15.975,30.214,14.853
294,3,1,31.185,15.965,30.052,14.905
295,3,1,31.185,15.955,30.225,14.934
296,3,1,31.246,15.985,30.377,14.963
297,3,1,31.256,16.005,30.347,15.003
298,3,1,31.266,16.035,30.398,15.084
299,3,1,31.256,16.066,30.328,15.155
300,3,1,31.061,15.703,30.408,15.063
301,3,1,31.062,15.744,30.409,15.104
303,3,1,31.051,15.734,30.398,15.094
304,3,1,31.062,15.774,30.409,15.134
305,3,1,31.052,15.805,30.399,15.165
307,3,1,31.042,15.795,30.389,15.155
308,3,1,31.042,15.825,30.389,15.185
309,3,1,31.042,15.815,30.389,15.175
311,3,1,31.237,16.278,30.483,15.599
312,3,1,31.189,16.663,30.556,15.901
313,3,1,31.189,16.694,30.149,15.825
314,3,1,31.179,16.582,30.535,15.942
315,3,1,31.169,16.623,30.526,15.983
316,3,1,31.170,16.866,30.180,15.926
317,3,1,31.201,16.947,30.242,16.057
318,3,1,31.149,16.654,30.505,16.013
319,3,1,31.149,16.694,30.506,16.054
320,3,1,31.149,16.745,30.506,16.104
322,3,1,31.139,16.735,30.496,16.094
0,4,1,32.110,16.390,31.366,15.771
1,4,1,32.151,16.349,31.386,15.710
2,4,1,32.150,16.309,31.365,15.609
3,4,1,32.150,16.278,31.334,15.518
4,4,1,32.140,16.258,31.333,15.427
5,4,1,32.191,16.257,31.343,15.296
6,4,1,32.180,16.227,31.363,15.215
7,4,1,32.190,16.197,31.392,15.134
8,4,1,32.160,16.187,31.362,15.134
9,4,1,32.180,16.207,31.382,15.164
10,4,1,32.169,16.126,31.362,15.134
11,4,1,32.139,16.106,31.341,15.094
12,4,1,32.149,16.056,31.341,15.084
13,4,1,32.179,16.025,31.351,15.073
14,4,1,32.158,15.934,31.341,15.063
15,4,1,32.117,15.864,31.311,15.023
16,4,1,32.106,15.783,31.321,15.043
17,4,1,32.075,15.692,31.301,15.044
18,4,1,32.146,15.671,31.340,14.861
19,4,1,32.136,15.671,31.360,14.891
20,4,1,32.135,15.591,31.320,14.841
21,4,1,32.145,15.520,31.299,14.781
22,4,1,32.155,15.489,31.309,14.720
23,4,1,32.145,15.449,31.308,14.639
24,4,1,32.135,15.459,31.317,14.518
25,4,1,32.124,15.429,31.307,14.508
26,4,1,32.154,15.388,31.327,14.487
27,4,1,32.134,15.398,31.317,14.477
28,4,1,32.124,15.419,31.317,14.457
29,4,1,32.134,15.398,31.327,14.457
30,4,1,32.144,15.368,31.347,14.437
31,4,1,32.134,15.338,31.357,14.396
32,4,1,32.153,15.236,31.347,14.386
33,4,1,32.173,15.115,31.347,14.336
34,4,1,32.182,15.024,31.336,14.285
35,4,1,32.182,14.963,31.326,14.275
36,4,1,32.182,14.913,31.346,14.224
37,4,1,32.110,14.853,31.306,14.245
38,4,1,32.120,14.843,31.305,14.215
39,4,1,32.151,14.842,31.356,14.194
40,4,1,32.201,14.761,31.355,13.992
41,4,1,32.221,14.740,31.414,13.840
42,4,1,32.231,14.700,31.424,13.789
43,4,1,32.231,14.670,31.434,13.678
44,4,1,32.251,14.679,31.434,13.658
45,4,1,32.271,14.669,31.444,13.728
46,4,1,32.241,14.669,31.424,13.739
47,4,1,32.200,14.629,31.454,13.718
48,4,1,32.261,14.659,31.392,13.547
49,4,1,32.220,14.559,31.372,13.527
50,4,1,32.199,14.539,31.352,13.517
51,4,1,32.209,14.448,31.382,13.477
52,4,1,32.218,14.367,31.371,13.456
53,4,1,32.197,14.225,31.341,13.396
54,4,1,32.258,14.164,31.421,13.335
55,4,1,32.217,14.134,31.401,13.345
56,4,1,32.206,14.074,31.401,13.335
57,4,1,32.236,14.023,31.411,13.305
58,4,1,32.226,14.003,31.421,13.274
59,4,1,32.256,13.962,31.420,13.153
60,4,1,32.256,13.942,31.389,13.083
61,4,1,32.246,13.922,31.409,13.002
62,4,1,32.236,13.912,31.399,12.961
63,4,1,32.246,13.892,31.409,12.982
64,4,1,32.266,13.851,31.429,12.981
65,4,1,32.265,13.821,31.450,12.991
66,4,1,32.275,13.790,31.419,13.002
67,4,1,32.173,13.721,31.348,12.901
68,4,1,32.163,13.680,31.358,12.952
69,4,1,32.183,13.569,31.419,12.951
70,4,1,32.182,13.508,31.409,12.921
71,4,1,32.162,13.499,31.398,12.911
72,4,1,32.243,13.467,31.408,12.830
73,4,1,32.202,13.407,31.398,12.800
74,4,1,32.272,13.346,31.427,12.658
75,4,1,32.262,13.346,31.427,12.608
76,4,1,32.242,13.346,31.386,12.588
77,4,1,32.302,13.275,31.437,12.557
78,4,1,32.282,13.295,31.427,12.568
79,4,1,32.242,13.336,31.385,12.437
80,4,1,32.292,13.295,31.457,12.608
81,4,1,32.252,13.276,31.488,12.607
82,4,1,32.242,13.306,31.446,12.446
83,4,1,32.252,13.286,31.476,12.446
84,4,1,32.221,13.235,31.426,12.446
85,4,1,32.231,13.175,31.426,12.416
86,4,1,32.250,13.104,31.426,12.426
87,4,1,32.270,13.033,31.425,12.366
88,4,1,32.249,12.953,31.425,12.325
89,4,1,32.279,12.912,31.414,12.204
90,4,1,32.249,12.831,31.383,12.154
91,4,1,32.198,12.852,31.434,12.103
92,4,1,32.238,12.811,31.454,12.123
93,4,1,32.278,12.761,31.515,12.123
94,4,1,32.278,12.700,31.515,12.102
95,4,1,32.237,12.680,31.464,12.032
96,4,1,32.258,12.690,31.494,12.042
97,4,1,32.247,12.630,31.433,11.952
98,4,1,32.237,12.599,31.392,11.892
99,4,1,32.288,12.619,31.453,11.952
100,4,1,32.287,12.589,31.463,11.911
101,4,1,32.297,12.559,31.473,11.891
102,4,1,32.277,12.569,31.463,11.962
103,4,1,32.267,12.529,31.463,11.962
104,4,1,32.287,12.468,31.442,11.881
105,4,1,32.256,12.428,31.422,11.882
106,4,1,32.266,12.408,31.412,11.831
107,4,1,32.195,12.368,31.330,11.792
108,4,1,32.235,12.337,31.340,11.792
109,4,1,32.114,12.359,31.310,11.772
110,4,1,32.113,12.318,31.310,11.802
111,4,1,32.123,12.258,31.340,11.751
112,4,1,32.173,12.207,31.360,11.721
113,4,1,32.203,12.136,31.349,11.590
114,4,1,32.213,12.126,31.349,11.549
115,4,1,32.203,12.075,31.318,11.519
116,4,1,32.202,11.995,31.287,11.409
117,4,1,32.142,12.025,31.276,11.278
118,4,1,32.142,12.025,31.307,11.257
119,4,1,32.152,11.995,31.316,11.167
120,4,1,32.132,11.995,31.327,11.227
121,4,1,32.152,12.005,31.316,11.197
122,4,1,32.182,11.965,31.326,11.156
123,4,1,32.202,12.015,31.336,11.106
124,4,1,32.182,11.975,31.336,11.106
125,4,1,32.161,11.924,31.367,11.176
126,4,1,32.202,11.874,31.397,11.186
127,4,1,32.242,11.833,31.428,11.176
128,4,1,32.271,11.732,31.438,11.135
129,4,1,32.311,11.641,31.427,11.055
130,4,1,32.371,11.539,31.436,10.934
131,4,1,32.372,11.579,31.396,10.904
132,4,1,32.351,11.559,31.497,10.883
133,4,1,32.331,11.560,31.446,10.863
134,4,1,32.341,11.499,31.496,10.852
135,4,1,32.371,11.469,31.486,10.822
136,4,1,32.310,11.459,31.486,10.772
137,4,1,32.320,11.419,31.505,10.691
138,4,1,32.330,11.368,31.505,10.651
139,4,1,32.350,11.358,31.546,10.691
140,4,1,32.380,11.358,31.555,10.600
141,4,1,32.390,11.337,31.535,10.550
142,4,1,32.248,11.208,31.677,10.669
143,4,1,32.319,11.247,31.443,10.490
144,4,1,32.349,11.227,31.463,10.409
145,4,1,32.359,11.227,31.453,10.409
146,4,1,32.257,11.157,31.494,10.449
148,4,1,32.388,11.055,31.554,10.378
149,4,1,32.398,10.995,31.574,10.338
150,4,1,32.428,10.883,31.553,10.227
151,4,1,32.255,10.784,31.674,10.145
152,4,1,32.103,10.735,31.745,10.195
153,4,1,32.275,10.714,31.451,10.037
154,4,1,32.295,10.693,31.481,10.026
155,4,1,32.275,10.693,31.511,10.016
156,4,1,32.284,10.613,31.511,9.966
157,4,1,32.314,10.612,31.561,9.885
158,4,1,32.254,10.593,31.479,9.775
159,4,1,32.284,10.603,31.499,9.764
160,4,1,32.335,10.602,31.510,9.754
161,4,1,32.021,10.555,31.663,10.014
162,4,1,32.010,10.545,31.653,10.004
163,4,1,32.000,10.535,31.643,9.995
164,4,1,31.990,10.525,31.632,9.985
165,4,1,31.980,10.515,31.622,9.975
166,4,1,31.970,10.505,31.612,9.965
167,4,1,31.970,10.495,31.612,9.955
168,4,1,31.959,10.485,31.602,9.945
169,4,1,31.909,10.475,31.642,9.934
170,4,1,31.899,10.465,31.632,9.924
171,4,1,31.888,10.455,31.622,9.914
172,4,1,31.878,10.446,31.612,9.904
173,4,1,31.868,10.436,31.601,9.894
174,4,1,31.858,10.426,31.591,9.884
175,4,1,31.848,10.416,31.581,9.874
176,4,1,31.838,10.406,31.571,9.864
177,4,1,31.827,10.396,31.561,9.854
178,4,1,31.817,10.386,31.551,9.844
179,4,1,31.807,10.376,31.540,9.834
180,4,1,31.797,10.366,31.530,9.824
181,4,1,31.787,10.356,31.520,9.814
182,4,1,31.776,10.346,31.510,9.804
183,4,1,31.766,10.336,31.500,9.794
147,4,1,32.307,11.066,31.524,10.409
184,4,1,31.756,10.326,31.489,9.785
185,4,1,31.746,10.316,31.479,9.775
186,4,1,31.736,10.306,31.469,9.765
187,4,1,31.726,10.296,31.459,9.755
188,4,1,32.286,9.404,31.310,8.598
189,4,1,32.316,9.414,31.309,8.518
190,4,1,32.347,9.434,31.360,8.538
191,4,1,32.367,9.403,31.400,8.517
192,4,1,32.316,9.424,31.309,8.518
193,4,1,32.286,9.394,31.340,8.528
194,4,1,32.306,9.424,31.379,8.276
195,4,1,32.307,9.485,31.318,8.236
196,4,1,32.378,9.484,31.469,8.215
197,4,1,32.337,9.444,31.267,8.267
198,4,1,32.275,9.344,31.339,8.347
199,4,1,32.265,9.314,31.328,8.316
200,4,1,32.275,9.263,31.338,8.266
201,4,1,32.285,9.213,31.348,8.216
202,4,1,32.294,9.163,31.358,8.165
203,4,1,32.284,9.133,31.347,8.135
204,4,1,32.314,9.082,31.377,8.085
205,4,1,32.304,9.052,31.367,8.055
206,4,1,32.314,9.022,31.377,8.024
207,4,1,32.291,8.680,31.335,7.854
208,4,1,32.282,8.770,31.345,7.793
209,4,1,32.311,8.679,31.355,7.783
210,4,1,32.381,8.528,31.475,7.601
211,4,1,32.351,8.568,31.435,7.642
212,4,1,32.371,8.548,31.465,7.591
213,4,1,32.361,8.528,31.485,7.541
214,4,1,32.340,8.458,31.494,7.400
215,4,1,32.370,8.417,31.524,7.379
216,4,1,32.370,8.407,31.545,7.389
217,4,1,32.339,8.327,31.504,7.359
218,4,1,32.349,8.277,31.484,7.370
219,4,1,32.359,8.216,31.504,7.339
220,4,1,32.318,8.136,31.453,7.350
221,4,1,32.348,8.076,31.443,7.219
222,4,1,32.307,8.016,31.422,7.159
223,4,1,32.306,7.885,31.421,7.079
224,4,1,32.245,7.825,31.431,7.059
225,4,1,32.306,7.875,31.431,7.008
226,4,1,32.316,7.865,31.401,7.029
227,4,1,32.326,7.855,31.431,6.968
228,4,1,32.316,7.845,31.441,6.958
229,4,1,32.316,7.825,31.410,6.878
230,4,1,32.305,7.764,31.410,6.818
231,4,1,32.325,7.754,31.420,6.858
232,4,1,32.315,7.694,31.429,6.757
233,4,1,32.335,7.663,31.439,6.697
234,4,1,32.375,7.603,31.469,6.636
235,4,1,32.395,7.542,31.469,6.616
236,4,1,32.273,7.493,31.418,6.556
237,4,1,32.273,7.423,31.408,6.506
238,4,1,32.262,7.383,31.397,6.506
239,4,1,32.262,7.373,31.387,6.476
240,4,1,32.302,7.342,31.418,6.486
241,4,1,32.302,7.282,31.447,6.395
242,4,1,32.352,7.241,31.477,6.355
243,4,1,32.392,7.130,31.497,6.244
244,4,1,32.422,7.140,31.517,6.194
245,4,1,32.280,7.061,31.507,6.184
246,4,1,32.361,7.040,31.506,6.093
247,4,1,32.411,7.030,31.536,6.073
248,4,1,32.422,7.050,31.566,6.053
249,4,1,32.411,7.020,31.556,6.043
250,4,1,32.361,7.030,31.516,6.013
251,4,1,32.391,7.000,31.535,5.973
252,4,1,32.401,6.969,31.535,5.932
253,4,1,32.390,6.889,31.515,5.872
254,4,1,32.410,6.758,31.504,5.812
255,4,1,32.389,6.668,31.484,5.782
256,4,1,32.277,6.639,31.494,5.752
257,4,1,32.297,6.558,31.524,5.702
258,4,1,32.296,6.458,31.503,5.652
259,4,1,32.326,6.387,31.483,5.622
260,4,1,32.316,6.357,31.462,5.612
261,4,1,32.275,6.328,31.421,5.532
262,4,1,32.245,6.318,31.401,5.462
263,4,1,32.245,6.298,31.421,5.381
264,4,1,32.255,6.268,31.420,5.361
265,4,1,32.275,6.237,31.430,5.321
266,4,1,32.265,6.247,31.420,5.281
267,4,1,32.275,6.247,31.420,5.251
268,4,1,32.234,6.248,31.379,5.221
269,4,1,32.254,6.237,31.399,5.191
270,4,1,32.265,6.237,31.409,5.171
271,4,1,32.254,6.217,31.439,5.100
272,4,1,32.234,6.157,31.429,5.060
273,4,1,32.254,6.107,31.448,5.010
274,4,1,32.243,5.966,31.428,4.950
275,4,1,32.292,5.886,31.448,4.929
276,4,1,32.312,5.815,31.468,4.939
277,4,1,32.261,5.735,31.539,4.909
278,4,1,32.321,5.654,31.549,4.888
279,4,1,32.321,5.614,31.538,4.848
280,4,1,32.331,5.574,31.508,4.839
281,4,1,32.331,5.574,31.467,4.769
282,4,1,32.280,5.564,31.467,4.698
283,4,1,32.300,5.534,31.486,4.598
284,4,1,32.290,5.524,31.486,4.538
285,4,1,32.391,5.533,31.496,4.498
286,4,1,32.401,5.543,31.496,4.498
287,4,1,32.330,5.413,31.547,4.628
288,4,1,32.329,5.383,31.547,4.597
289,4,1,32.329,5.343,31.546,4.557
290,4,1,32.401,5.443,31.485,4.387
291,4,1,32.360,5.423,31.535,4.327
292,4,1,32.360,5.353,31.545,4.276
293,4,1,32.348,5.172,31.524,4.216
294,4,1,32.358,5.062,31.524,4.146
295,4,1,32.317,5.032,31.524,4.136
296,4,1,32.317,4.982,31.523,4.106
297,4,1,32.357,4.932,31.442,4.037
298,4,1,32.336,4.912,31.432,4.037
299,4,1,32.296,4.892,31.421,3.967
300,4,1,32.306,4.892,31.421,3.967
301,4,1,32.326,4.902,31.481,3.876
302,4,1,32.336,4.902,31.440,3.786
303,4,1,32.316,4.912,31.490,3.705
304,4,1,32.346,4.892,31.500,3.645
305,4,1,32.407,4.861,31.480,3.635
306,4,1,32.386,4.851,31.510,3.555
307,4,1,32.407,4.851,31.520,3.605
308,4,1,32.344,4.621,31.562,3.835
309,4,1,32.344,4.581,31.562,3.795
310,4,1,32.344,4.540,31.561,3.755
311,4,1,32.354,4.500,31.571,3.715
312,4,1,32.354,4.480,31.571,3.695
313,4,1,32.474,4.449,31.479,3.465
314,4,1,32.484,4.409,31.478,3.425
315,4,1,32.534,4.318,31.468,3.355
316,4,1,32.382,4.229,31.600,3.444
317,4,1,32.503,4.208,31.488,3.314
318,4,1,32.473,4.188,31.488,3.334
319,4,1,32.372,4.149,31.589,3.364
320,4,1,32.371,4.129,31.589,3.344
321,4,1,32.371,4.099,31.589,3.314
322,4,1,32.371,4.069,31.589,3.283
0,6,1,34.186,16.124,33.320,15.507
1,6,1,34.196,16.134,33.290,15.497
2,6,1,34.165,16.094,33.290,15.456
3,6,1,34.195,16.013,33.329,15.335
4,6,1,34.195,15.962,33.319,15.274
5,6,1,34.184,15.871,33.287,15.143
6,6,1,34.194,15.841,33.307,15.052
7,6,1,34.184,15.821,33.317,14.981
8,6,1,34.153,15.821,33.327,14.971
9,6,1,34.143,15.821,33.256,14.972
10,6,1,34.194,15.821,33.276,14.972
11,6,1,34.123,15.781,33.286,14.981
12,6,1,34.112,15.751,33.256,14.992
13,6,1,34.082,15.741,33.246,14.972
14,6,1,34.051,15.650,33.235,14.921
15,6,1,34.050,15.569,33.215,14.891
16,6,1,34.060,15.529,33.205,14.881
17,6,1,34.060,15.488,33.204,14.851
18,6,1,34.070,15.488,33.225,14.861
19,6,1,34.090,15.448,33.255,14.820
20,6,1,34.089,15.377,33.214,14.750
21,6,1,34.120,15.387,33.152,14.650
22,6,1,34.130,15.397,33.192,14.528
23,6,1,34.119,15.336,33.222,14.517
24,6,1,34.099,15.296,33.212,14.467
25,6,1,34.078,15.286,33.211,14.427
26,6,1,34.119,15.245,33.231,14.396
27,6,1,34.108,15.245,33.251,14.355
28,6,1,34.088,15.256,33.232,14.416
29,6,1,34.118,15.195,33.241,14.366
30,6,1,34.118,15.144,33.221,14.396
31,6,1,34.118,15.124,33.231,14.386
32,6,1,34.138,15.083,33.211,14.366
33,6,1,34.147,15.033,33.191,14.346
34,6,1,34.127,14.952,33.210,14.265
35,6,1,34.116,14.912,33.190,14.205
36,6,1,34.126,14.871,33.200,14.235
37,6,1,34.136,14.841,33.210,14.215
38,6,1,34.126,14.851,33.230,14.184
39,6,1,34.095,14.801,33.199,14.114
40,6,1,34.105,14.740,33.249,14.012
41,6,1,34.094,14.690,33.229,13.982
42,6,1,34.114,14.649,33.238,13.891
43,6,1,34.124,14.619,33.227,13.750
44,6,1,34.134,14.639,33.246,13.659
45,6,1,34.094,14.649,33.277,13.618
46,6,1,34.104,14.639,33.266,13.618
47,6,1,34.124,14.639,33.287,13.598
48,6,1,34.104,14.609,33.266,13.598
49,6,1,34.103,14.569,33.276,13.598
50,6,1,34.093,14.518,33.246,13.608
51,6,1,34.144,14.508,33.287,13.598
52,6,1,34.133,14.427,33.246,13.568
53,6,1,34.132,14.346,33.246,13.538
54,6,1,34.121,14.265,33.235,13.467
55,6,1,34.111,14.215,33.215,13.437
56,6,1,34.161,14.194,33.174,13.387
57,6,1,34.090,14.155,33.174,13.427
58,6,1,34.141,14.164,33.163,13.337
59,6,1,34.121,14.144,33.163,13.286
60,6,1,34.120,14.084,33.214,13.306
61,6,1,34.110,14.094,33.224,13.296
62,6,1,34.120,14.074,33.214,13.296
63,6,1,34.130,14.053,33.234,13.275
64,6,1,34.120,14.023,33.213,13.276
65,6,1,34.119,13.922,33.163,13.256
66,6,1,34.139,13.892,33.173,13.276
67,6,1,34.159,13.831,33.183,13.266
68,6,1,34.239,13.699,33.212,13.134
69,6,1,34.278,13.577,33.171,13.054
70,6,1,34.279,13.618,33.201,12.993
71,6,1,34.238,13.598,33.201,12.953
72,6,1,34.247,13.507,33.221,12.902
73,6,1,34.207,13.497,33.211,12.902
74,6,1,34.196,13.407,33.230,12.821
75,6,1,34.206,13.386,33.210,12.771
76,6,1,34.226,13.356,33.260,12.700
77,6,1,34.226,13.376,33.280,12.629
78,6,1,34.206,13.386,33.280,12.669
79,6,1,34.206,13.366,33.290,12.649
80,6,1,34.175,13.366,33.269,12.609
81,6,1,34.115,13.357,33.209,12.650
82,6,1,34.135,13.316,33.229,12.630
83,6,1,34.124,13.286,33.209,12.630
84,6,1,34.104,13.236,33.148,12.630
85,6,1,34.124,13.205,33.138,12.590
86,6,1,34.123,13.165,33.148,12.580
87,6,1,34.043,13.176,33.158,12.590
88,6,1,34.032,13.176,33.168,12.570
89,6,1,34.032,13.166,33.158,12.560
90,6,1,34.022,13.176,33.138,12.570
91,6,1,34.002,13.156,33.117,12.550
92,6,1,34.022,13.096,33.086,12.500
93,6,1,34.021,13.055,33.085,12.328
94,6,1,34.042,13.055,33.044,12.268
95,6,1,34.021,13.045,33.024,12.228
96,6,1,34.041,13.035,33.034,12.248
97,6,1,34.031,13.045,33.064,12.228
98,6,1,34.031,13.045,33.044,12.228
99,6,1,33.981,13.046,33.024,12.208
100,6,1,34.001,13.025,33.044,12.208
101,6,1,34.021,12.995,33.044,12.188
102,6,1,34.031,12.974,33.054,12.167
103,6,1,33.990,12.934,33.033,12.158
104,6,1,34.010,12.874,33.084,12.117
105,6,1,33.990,12.864,33.053,12.117
106,6,1,33.979,12.824,33.083,12.076
107,6,1,33.968,12.733,33.094,12.096
108,6,1,33.978,12.642,33.073,12.006
109,6,1,33.988,12.602,33.042,11.986
110,6,1,33.988,12.581,33.042,11.976
111,6,1,33.998,12.561,33.012,11.926
112,6,1,34.007,12.531,33.001,11.886
113,6,1,34.057,12.460,33.000,11.755
114,6,1,34.057,12.439,33.020,11.684
115,6,1,34.027,12.420,33.000,11.674
116,6,1,34.017,12.420,32.999,11.654
117,6,1,34.007,12.430,33.010,11.674
118,6,1,34.017,12.430,33.040,11.653
119,6,1,33.976,12.440,33.030,11.613
120,6,1,33.966,12.430,33.040,11.603
121,6,1,33.916,12.451,33.039,11.583
122,6,1,33.916,12.431,32.958,11.574
123,6,1,33.875,12.361,32.928,11.544
124,6,1,33.844,12.290,32.907,11.503
125,6,1,33.803,12.190,32.907,11.473
126,6,1,33.762,12.130,32.867,11.453
127,6,1,33.731,12.080,32.876,11.393
128,6,1,33.730,11.999,32.856,11.323
129,6,1,33.771,11.958,32.906,11.262
130,6,1,33.791,11.988,32.875,11.222
131,6,1,33.842,12.008,32.804,11.192
132,6,1,33.842,12.018,32.844,11.141
133,6,1,33.832,11.998,32.814,11.131
134,6,1,33.832,12.038,32.844,11.101
135,6,1,33.821,12.008,32.854,11.081
136,6,1,33.801,11.998,32.864,11.060
137,6,1,33.821,11.948,32.884,11.010
138,6,1,33.810,11.837,32.904,10.979
139,6,1,33.800,11.777,32.903,10.909
140,6,1,33.799,11.686,32.883,10.869
141,6,1,33.808,11.605,32.842,10.839
142,6,1,33.808,11.575,32.842,10.819
143,6,1,33.848,11.524,32.912,10.768
144,6,1,33.827,11.434,32.912,10.717
145,6,1,33.807,11.373,32.871,10.698
146,6,1,33.827,11.353,32.901,10.647
148,6,1,33.836,11.272,32.900,10.415
149,6,1,33.836,11.242,32.920,10.375
150,6,1,33.816,11.232,32.909,10.314
151,6,1,33.794,11.071,33.122,10.373
152,6,1,33.856,11.161,32.909,10.325
153,6,1,33.825,11.152,32.889,10.274
154,6,1,33.866,11.141,32.949,10.254
155,6,1,33.855,11.081,32.969,10.223
156,6,1,33.885,10.970,32.959,10.163
157,6,1,33.854,10.920,32.938,10.133
158,6,1,33.843,10.799,32.927,10.032
159,6,1,33.873,10.738,32.947,9.982
160,6,1,33.893,10.698,32.968,9.982
161,6,1,33.912,10.587,32.997,9.921
162,6,1,33.841,10.587,32.947,9.881
163,6,1,33.882,10.587,32.977,9.861
164,6,1,33.902,10.556,32.956,9.800
165,6,1,33.902,10.516,32.946,9.780
166,6,1,33.891,10.506,32.915,9.751
167,6,1,33.901,10.476,32.915,9.690
168,6,1,33.951,10.395,32.954,9.549
169,6,1,33.951,10.375,32.974,9.518
170,6,1,33.951,10.365,32.974,9.539
171,6,1,33.950,10.274,33.015,9.528
172,6,1,33.940,10.194,33.035,9.488
173,6,1,33.969,10.052,33.034,9.387
174,6,1,33.999,10.002,33.044,9.357
175,6,1,34.109,9.880,33.184,9.204
176,6,1,34.089,9.850,33.144,9.215
177,6,1,34.028,9.840,33.174,9.184
178,6,1,33.998,9.881,33.154,9.175
179,6,1,34.028,9.881,33.143,9.114
180,6,1,34.028,9.901,33.163,9.104
181,6,1,34.028,9.891,33.173,9.013
182,6,1,34.018,9.861,33.162,8.913
183,6,1,34.038,9.840,33.202,8.892
147,6,1,33.836,11.282,32.900,10.506
184,6,1,34.007,9.800,33.223,8.922
185,6,1,34.037,9.760,33.223,8.902
186,6,1,34.026,9.649,33.202,8.822
187,6,1,34.036,9.558,33.212,8.761
188,6,1,34.106,9.518,33.171,8.691
189,6,1,34.076,9.508,33.090,8.702
190,6,1,33.974,9.428,33.100,8.682
191,6,1,34.054,9.297,33.079,8.582
192,6,1,34.084,9.186,33.048,8.461
193,6,1,34.084,9.206,33.098,8.441
194,6,1,34.084,9.176,33.078,8.401
195,6,1,34.083,9.135,33.138,8.380
196,6,1,34.083,9.156,33.148,8.320
197,6,1,34.053,9.146,33.178,8.289
198,6,1,34.083,9.145,33.208,8.228
199,6,1,34.104,9.135,33.177,8.209
200,6,1,34.114,9.125,33.228,8.208
201,6,1,34.133,9.065,33.238,8.188
202,6,1,34.112,8.984,33.227,8.148
203,6,1,34.092,8.904,33.207,8.168
204,6,1,34.061,8.804,33.207,8.158
205,6,1,34.070,8.733,33.196,8.048
206,6,1,34.080,8.703,33.175,7.947
207,6,1,34.019,8.613,33.145,7.917
208,6,1,34.029,8.573,33.144,7.847
209,6,1,34.028,8.532,33.134,7.767
210,6,1,34.017,8.402,33.143,7.696
211,6,1,34.018,8.462,33.102,7.616
212,6,1,34.018,8.442,33.091,7.455
213,6,1,34.028,8.462,33.071,7.466
214,6,1,33.987,8.432,33.030,7.446
215,6,1,34.027,8.382,33.050,7.416
216,6,1,34.027,8.331,33.061,7.416
217,6,1,34.016,8.291,33.061,7.426
218,6,1,34.027,8.301,33.111,7.405
219,6,1,34.016,8.281,33.081,7.385
220,6,1,33.944,8.121,33.152,7.535
221,6,1,33.934,8.081,33.142,7.495
223,6,1,33.924,8.071,33.132,7.485
224,6,1,33.924,8.051,33.132,7.465
225,6,1,33.924,8.031,32.907,7.176
227,6,1,33.894,8.111,32.878,7.256
228,6,1,33.884,8.132,32.868,7.277
229,6,1,33.874,8.162,32.858,7.307
230,6,1,33.874,8.192,32.858,7.337
231,6,1,33.875,8.242,32.858,7.387
232,6,1,33.913,7.981,33.121,7.395
233,6,1,34.032,7.668,33.006,6.843
234,6,1,34.051,7.537,33.036,6.793
235,6,1,34.081,7.456,33.056,6.712
236,6,1,34.070,7.356,33.086,6.672
237,6,1,33.999,7.337,33.004,6.622
238,6,1,33.999,7.306,33.044,6.542
239,6,1,34.069,7.175,33.104,6.401
240,6,1,34.028,7.135,33.114,6.421
241,6,1,34.068,7.125,33.103,6.340
242,6,1,34.068,7.115,33.104,6.360
243,6,1,34.109,7.094,33.093,6.270
244,6,1,34.048,7.085,33.073,6.250
245,6,1,34.058,7.075,33.113,6.200
246,6,1,34.078,7.075,33.102,6.160
247,6,1,34.088,7.055,33.112,6.149
248,6,1,34.018,7.075,33.041,6.080
249,6,1,33.977,6.995,33.082,6.140
250,6,1,33.976,6.915,33.062,6.140
251,6,1,34.015,6.804,33.081,6.029
252,6,1,34.025,6.724,33.051,6.029
253,6,1,34.014,6.643,33.051,6.019
254,6,1,33.993,6.503,33.010,5.919
255,6,1,33.993,6.543,33.009,5.829
256,6,1,33.943,6.493,32.998,5.759
257,6,1,33.932,6.494,32.988,5.719
258,6,1,33.932,6.473,33.018,5.678
259,6,1,33.952,6.473,33.007,5.598
260,6,1,33.973,6.473,33.027,5.498
261,6,1,33.993,6.483,33.047,5.457
262,6,1,33.973,6.473,33.036,5.397
263,6,1,33.973,6.453,33.046,5.377
264,6,1,33.952,6.393,33.026,5.357
265,6,1,33.972,6.353,33.016,5.347
266,6,1,34.012,6.282,33.046,5.317
267,6,1,34.011,6.232,33.076,5.307
268,6,1,34.051,6.181,33.076,5.277
269,6,1,34.021,6.131,33.076,5.246
270,6,1,34.029,5.951,33.045,5.197
271,6,1,34.019,5.870,33.035,5.187
272,6,1,34.039,5.850,33.045,5.146
273,6,1,34.079,5.830,33.044,5.066
274,6,1,34.079,5.820,33.064,5.076
275,6,1,34.099,5.819,33.054,5.016
276,6,1,34.079,5.810,33.054,4.986
277,6,1,34.079,5.790,33.073,4.945
278,6,1,34.058,5.770,33.073,4.945
279,6,1,34.039,5.850,33.093,4.875
280,6,1,34.048,5.800,33.073,4.885
281,6,1,34.008,5.810,33.053,4.875
282,6,1,33.988,5.770,33.053,4.906
283,6,1,33.967,5.730,33.073,4.825
284,6,1,34.007,5.670,33.072,4.745
285,6,1,34.026,5.539,33.021,4.685
286,6,1,34.066,5.418,32.991,4.685
287,6,1,34.055,5.328,32.980,4.645
288,6,1,33.974,5.339,33.061,4.635
289,6,1,34.044,5.268,32.929,4.566
290,6,1,34.034,5.258,32.939,4.465
291,6,1,34.024,5.238,32.969,4.475
292,6,1,33.994,5.258,32.979,4.405
293,6,1,34.034,5.248,32.999,4.384
294,6,1,34.024,5.288,32.998,4.284
295,6,1,34.004,5.288,33.028,4.234
296,6,1,34.024,5.298,33.058,4.254
297,6,1,34.045,5.308,33.099,4.223
298,6,1,34.065,5.268,33.129,4.203
299,6,1,34.044,5.238,33.128,4.173
300,6,1,34.053,5.128,33.118,4.123
301,6,1,34.053,5.067,33.118,4.093
302,6,1,34.093,5.027,33.148,4.022
303,6,1,34.072,4.937,33.118,4.093
304,6,1,34.102,4.846,33.108,4.073
305,6,1,34.090,4.666,33.056,3.983
306,6,1,34.110,4.565,33.067,4.033
307,6,1,34.130,4.545,33.076,3.943
308,6,1,34.100,4.535,33.046,3.923
309,6,1,34.150,4.525,33.066,3.913
310,6,1,34.110,4.525,33.095,3.752
311,6,1,34.110,4.545,33.105,3.692
312,6,1,34.100,4.535,33.145,3.691
313,6,1,34.100,4.545,33.165,3.661
314,6,1,34.090,4.576,33.145,3.621
315,6,1,34.070,4.606,33.114,3.622
316,6,1,34.060,4.586,33.145,3.631
317,6,1,34.079,4.556,33.125,3.622
318,6,1,34.130,4.515,33.134,3.581
319,6,1,34.169,4.405,33.074,3.612
320,6,1,34.138,4.335,33.104,3.542
321,6,1,34.158,4.254,33.124,3.481
322,6,1,34.177,4.134,33.153,3.391
0,7,1,31.108,16.624,30.251,15.834
1,7,1,31.098,16.614,30.159,15.804
2,7,1,31.098,16.614,30.169,15.804
3,7,1,31.097,16.573,30.169,15.764
4,7,1,31.107,16.563,30.230,15.824
5,7,1,31.097,16.492,30.251,15.864
6,7,1,31.127,16.441,30.281,15.833
7,7,1,31.127,16.431,30.220,15.824
8,7,1,31.157,16.370,30.281,15.742
9,7,1,31.197,16.309,30.249,15.540
10,7,1,31.207,16.228,30.259,15.520
11,7,1,31.187,16.248,30.229,15.510
12,7,1,31.166,16.249,30.228,15.460
13,7,1,31.125,16.199,30.259,15.510
14,7,1,31.237,16.157,30.288,15.307
15,7,1,31.145,16.057,30.247,15.257
16,7,1,31.216,16.046,30.287,15.156
17,7,1,31.246,16.005,30.327,15.074
18,7,1,31.215,15.955,30.347,15.034
19,7,1,31.215,15.894,30.317,15.024
20,7,1,31.265,15.863,30.357,15.013
21,7,1,31.276,15.924,30.367,14.953
22,7,1,31.256,15.985,30.336,14.882
23,7,1,31.276,15.994,30.346,14.801
24,7,1,31.245,15.934,30.346,14.842
25,7,1,31.244,15.671,30.315,14.741
26,7,1,31.223,15.661,30.294,14.660
27,7,1,31.223,15.570,30.284,14.680
28,7,1,31.243,15.489,30.294,14.660
29,7,1,31.283,15.458,30.294,14.660
30,7,1,31.222,15.449,30.355,14.670
31,7,1,31.222,15.398,30.355,14.619
32,7,1,31.252,15.368,30.385,14.588
33,7,1,31.210,15.227,30.284,14.569
34,7,1,31.220,15.186,30.314,14.539
35,7,1,31.261,15.155,30.293,14.428
36,7,1,31.311,15.165,30.302,14.316
37,7,1,31.321,15.104,30.322,14.245
38,7,1,31.311,15.094,30.373,14.255
39,7,1,31.341,15.053,30.423,14.204
40,7,1,31.321,15.013,30.403,14.234
41,7,1,31.311,15.013,30.403,14.214
42,7,1,31.310,14.973,30.424,14.224
43,7,1,31.290,14.973,30.424,14.224
44,7,1,31.290,14.922,30.423,14.174
45,7,1,31.310,14.892,30.443,14.143
46,7,1,31.289,14.852,30.423,14.103
47,7,1,31.531,14.657,30.604,13.879
48,7,1,31.419,14.618,30.533,13.940
49,7,1,31.460,14.597,30.593,13.828
50,7,1,31.490,14.566,30.624,13.828
51,7,1,31.521,14.647,30.561,13.536
52,7,1,31.530,14.526,30.561,13.475
53,7,1,31.429,14.486,30.571,13.475
54,7,1,31.428,14.426,30.591,13.384
55,7,1,31.469,14.405,30.611,13.374
56,7,1,31.459,14.405,30.621,13.363
57,7,1,31.438,14.375,30.601,13.333
58,7,1,31.397,14.345,30.570,13.334
59,7,1,31.367,14.325,30.570,13.303
60,7,1,31.387,14.295,30.560,13.334
61,7,1,31.356,14.214,30.560,13.303
62,7,1,31.346,14.194,30.468,13.264
63,7,1,31.305,14.164,30.479,13.284
64,7,1,31.314,14.053,30.499,13.314
65,7,1,31.374,13.911,30.539,13.203
66,7,1,31.394,13.870,30.549,13.233
67,7,1,31.394,13.840,30.529,13.253
68,7,1,31.424,13.799,30.539,13.152
69,7,1,31.424,13.739,30.548,13.102
70,7,1,31.393,13.688,30.498,13.132
71,7,1,31.363,13.729,30.518,13.031
72,7,1,31.363,13.709,30.538,13.051
73,7,1,31.383,13.719,30.568,12.980
74,7,1,31.383,13.699,30.598,12.980
75,7,1,31.414,13.719,30.608,12.818
76,7,1,31.383,13.678,30.577,12.819
77,7,1,31.403,13.638,30.597,12.798
78,7,1,31.433,13.496,30.608,12.838
79,7,1,31.402,13.446,30.577,12.748
80,7,1,31.463,13.476,30.587,12.697
81,7,1,31.503,13.394,30.627,12.636
82,7,1,31.452,13.324,30.606,12.566
83,7,1,31.079,13.682,30.285,13.024
84,7,1,31.431,13.244,30.616,12.546
85,7,1,31.451,13.264,30.606,12.526
86,7,1,28.047,15.565,27.251,14.905
87,7,1,31.461,13.173,30.615,12.435
88,7,1,31.430,13.072,30.595,12.394
89,7,1,32.458,12.325,31.664,11.677
90,7,1,31.439,12.991,30.624,12.202
91,7,1,31.480,12.981,30.614,12.172
92,7,1,31.469,12.951,30.593,12.162
93,7,1,31.490,12.991,30.614,12.182
94,7,1,31.480,13.011,30.624,12.152
95,7,1,31.450,13.001,30.623,12.081
96,7,1,31.460,12.971,30.603,12.051
97,7,1,31.378,12.911,30.583,12.062
98,7,1,31.358,12.932,30.552,12.062
99,7,1,31.347,12.861,30.552,12.082
100,7,1,31.388,12.891,30.542,12.072
101,7,1,31.398,12.830,30.562,12.062
102,7,1,31.397,12.770,30.572,12.021
103,7,1,31.407,12.659,30.572,12.011
104,7,1,31.437,12.608,30.562,11.961
105,7,1,31.427,12.598,30.551,11.931
106,7,1,31.417,12.618,30.531,11.931
107,7,1,31.416,12.568,30.440,11.881
108,7,1,31.447,12.547,30.460,11.881
109,7,1,31.416,12.507,30.490,11.810
110,7,1,31.436,12.467,30.500,11.800
111,7,1,31.375,12.447,30.459,11.770
112,7,1,31.355,12.437,30.479,11.750
113,7,1,31.344,12.397,30.510,11.739
114,7,1,31.314,12.427,30.510,11.719
115,7,1,31.314,12.448,30.540,11.669
116,7,1,31.385,12.467,30.549,11.598
117,7,1,31.355,12.488,30.549,11.517
118,7,1,31.365,12.487,30.559,11.507
119,7,1,31.385,12.417,30.569,11.456
120,7,1,31.425,12.376,30.578,11.366
121,7,1,31.445,12.315,30.558,11.376
122,7,1,31.415,12.376,30.558,11.376
123,7,1,31.374,12.245,30.488,11.417
124,7,1,31.374,12.275,30.487,11.387
125,7,1,31.404,12.205,30.548,11.295
126,7,1,31.394,12.184,30.557,11.204
127,7,1,31.403,12.023,30.476,11.256
128,7,1,31.404,12.205,30.577,11.164
129,7,1,31.434,12.093,30.557,11.184
130,7,1,31.444,12.073,30.607,11.073
131,7,1,31.433,12.013,30.607,11.023
132,7,1,31.504,11.971,30.656,10.861
133,7,1,31.503,11.861,30.646,10.851
134,7,1,31.483,11.871,30.646,10.851
135,7,1,31.473,11.921,30.646,10.871
136,7,1,31.493,11.921,30.636,10.811
137,7,1,31.442,11.841,30.645,10.730
138,7,1,31.452,11.780,30.615,10.720
139,7,1,31.452,11.760,30.635,10.690
140,7,1,31.461,11.639,30.676,10.770
141,7,1,31.461,11.609,30.635,10.730
142,7,1,31.562,11.598,30.665,10.669
143,7,1,31.500,11.457,30.604,10.589
144,7,1,31.491,11.588,30.594,10.609
145,7,1,31.472,11.740,30.543,10.570
146,7,1,31.452,11.740,30.553,10.549
148,7,1,31.440,11.569,30.643,10.427
149,7,1,31.409,11.388,30.663,10.316
150,7,1,31.469,11.296,30.703,10.306
151,7,1,31.529,11.255,30.723,10.225
152,7,1,31.530,11.275,30.743,10.205
153,7,1,31.550,11.275,30.713,10.185
154,7,1,31.571,11.366,30.723,10.165
155,7,1,31.581,11.366,30.783,10.124
156,7,1,31.590,11.214,30.803,10.083
157,7,1,31.610,11.174,30.844,10.053
158,7,1,31.589,11.063,30.843,10.002
159,7,1,31.630,11.234,30.853,9.982
160,7,1,31.599,11.043,30.873,9.901
161,7,1,31.638,10.811,30.893,9.841
162,7,1,31.668,10.740,30.893,9.841
163,7,1,31.677,10.619,30.852,9.760
164,7,1,31.666,10.548,30.832,9.751
165,7,1,31.687,10.558,30.831,9.720
166,7,1,31.929,10.505,30.851,9.640
167,7,1,31.909,10.486,30.861,9.629
168,7,1,31.929,10.455,30.901,9.538
169,7,1,31.726,10.316,31.074,9.668
170,7,1,31.666,10.448,30.779,9.509
171,7,1,31.676,10.478,30.830,9.459
172,7,1,31.646,10.468,30.789,9.459
173,7,1,31.636,10.468,30.779,9.459
174,7,1,31.857,10.345,30.859,9.337
175,7,1,31.686,10.377,30.798,9.288
176,7,1,31.513,10.268,30.861,9.619
177,7,1,31.724,10.135,30.787,9.107
178,7,1,31.512,10.177,30.861,9.529
179,7,1,31.512,10.127,30.860,9.478
181,7,1,31.502,10.117,30.850,9.468
182,7,1,31.522,10.096,30.870,9.448
183,7,1,31.542,10.086,30.890,9.438
147,7,1,31.441,11.609,30.644,10.458
185,7,1,31.532,10.076,30.880,9.428
186,7,1,31.641,9.753,30.826,8.784
188,7,1,31.690,9.511,30.815,8.744
189,7,1,31.781,9.540,30.784,8.674
190,7,1,31.771,9.530,30.764,8.634
191,7,1,31.730,9.440,30.794,8.603
192,7,1,31.760,9.440,30.773,8.523
193,7,1,31.467,9.412,30.937,8.763
194,7,1,31.740,9.440,30.803,8.352
195,7,1,31.740,9.430,30.822,8.271
196,7,1,31.648,9.330,30.832,8.251
197,7,1,31.436,9.332,30.906,8.683
198,7,1,31.436,9.302,30.906,8.653
200,7,1,31.385,9.292,30.855,8.643
201,7,1,31.385,9.272,30.855,8.623
202,7,1,31.385,9.262,30.855,8.613
203,7,1,31.385,9.262,30.855,8.613
204,7,1,31.385,9.262,30.855,8.613
205,7,1,31.385,9.252,30.855,8.603
206,7,1,31.385,9.232,30.855,8.583
208,7,1,31.375,9.222,30.844,8.573
209,7,1,31.374,9.161,30.844,8.512
210,7,1,31.452,8.617,30.758,7.759
211,7,1,31.370,8.527,30.840,7.878
212,7,1,31.663,8.434,30.706,7.528
213,7,1,31.622,8.334,30.706,7.518
214,7,1,31.339,8.457,30.809,7.808
215,7,1,31.329,8.417,30.799,7.768
217,7,1,31.319,8.407,30.789,7.758
218,7,1,31.319,8.387,30.789,7.738
219,7,1,31.308,8.357,30.778,7.708
220,7,1,31.308,8.317,30.778,7.668
221,7,1,31.308,8.297,30.778,7.648
222,7,1,31.308,8.297,30.778,7.648
223,7,1,31.308,8.287,30.778,7.638
224,7,1,31.298,8.277,30.768,7.628
226,7,1,31.287,8.267,30.758,7.618
227,7,1,31.287,8.257,30.757,7.608
229,7,1,31.277,8.247,30.747,7.598
230,7,1,31.287,8.236,30.757,7.588
231,7,1,31.287,8.246,30.757,7.598
232,7,1,31.287,8.246,30.757,7.598
233,7,1,31.287,8.236,30.757,7.588
234,7,1,31.287,8.236,30.757,7.588
235,7,1,31.287,8.236,30.757,7.588
236,7,1,31.525,7.490,30.630,6.583
237,7,1,31.484,7.450,30.650,6.503
238,7,1,31.545,7.419,30.649,6.453
239,7,1,31.555,7.429,30.659,6.412
240,7,1,31.524,7.389,30.638,6.332
241,7,1,31.504,7.380,30.638,6.272
242,7,1,31.504,7.319,30.618,6.232
243,7,1,31.473,7.229,30.597,6.212
244,7,1,31.483,7.159,30.536,6.152
245,7,1,31.442,7.129,30.516,6.142
246,7,1,31.432,7.139,30.516,6.112
247,7,1,31.441,7.038,30.526,6.082
248,7,1,31.461,6.958,30.545,5.981
249,7,1,31.429,6.737,30.474,5.932
250,7,1,31.429,6.637,30.474,5.892
251,7,1,31.428,6.576,30.453,5.852
252,7,1,31.398,6.577,30.433,5.832
253,7,1,31.358,6.627,30.403,5.822
254,7,1,31.398,6.627,30.453,5.781
255,7,1,31.328,6.627,30.433,5.782
256,7,1,31.317,6.628,30.463,5.701
257,7,1,31.338,6.617,30.452,5.671
258,7,1,31.317,6.607,30.442,5.671
259,7,1,31.307,6.577,30.442,5.601
260,7,1,31.317,6.577,30.472,5.560
261,7,1,31.377,6.426,30.501,5.429
262,7,1,31.356,6.386,30.491,5.369
263,7,1,31.326,6.326,30.471,5.339
264,7,1,31.305,6.256,30.420,5.330
265,7,1,31.285,6.226,30.460,5.350
266,7,1,31.314,6.155,30.460,5.259
267,7,1,31.323,5.995,30.449,5.129
268,7,1,31.343,5.934,30.459,5.078
269,7,1,31.323,5.864,30.418,5.049
270,7,1,31.303,5.904,30.408,5.039
271,7,1,31.313,5.884,30.458,4.968
272,7,1,31.312,5.864,30.428,4.918
273,7,1,31.252,5.875,30.407,4.898
274,7,1,31.252,5.875,30.437,4.868
275,7,1,31.282,5.905,30.427,4.848
276,7,1,31.313,5.874,30.407,4.858
277,7,1,31.333,5.864,30.417,4.858
278,7,1,31.322,5.844,30.406,4.778
279,7,1,31.322,5.824,30.406,4.728
280,7,1,31.261,5.764,30.325,4.678
281,7,1,31.301,5.704,30.385,4.587
282,7,1,31.320,5.503,30.395,4.507
283,7,1,31.279,5.443,30.294,4.488
284,7,1,31.249,5.413,30.273,4.498
285,7,1,31.239,5.383,30.243,4.458
286,7,1,31.299,5.272,30.233,4.418
287,7,1,31.339,5.241,30.223,4.458
288,7,1,31.187,5.263,30.364,4.427
289,7,1,31.187,5.233,30.364,4.397
290,7,1,31.187,5.203,30.364,4.367
291,7,1,31.187,5.173,30.363,4.337
292,7,1,31.318,5.222,30.342,4.106
293,7,1,31.349,5.181,30.362,4.096
294,7,1,31.288,5.182,30.331,4.036
295,7,1,31.308,5.141,30.361,4.006
296,7,1,31.247,5.122,30.351,3.976
297,7,1,31.317,5.071,30.311,3.996
298,7,1,31.337,5.041,30.331,4.006
299,7,1,31.297,5.011,30.320,3.926
300,7,1,31.417,4.910,30.360,3.805
301,7,1,31.416,4.739,30.390,3.664
302,7,1,31.315,4.630,30.491,3.794
303,7,1,31.506,4.568,30.319,3.655
304,7,1,31.536,4.487,30.369,3.634
305,7,1,30.950,4.482,30.925,3.640
306,7,1,30.960,4.452,30.935,3.610
307,7,1,31.526,4.467,30.399,3.514
308,7,1,30.950,4.412,30.924,3.570
309,7,1,31.597,4.497,30.419,3.454
310,7,1,31.556,4.517,30.419,3.444
311,7,1,31.566,4.477,30.408,3.394
312,7,1,31.566,4.427,30.458,3.333
313,7,1,31.505,4.387,30.478,3.243
314,7,1,31.445,4.418,30.467,3.193
315,7,1,31.464,4.377,30.477,3.162
316,7,1,31.444,4.317,30.447,3.143
317,7,1,31.404,4.318,30.386,3.113
318,7,1,31.444,4.277,30.406,3.053
319,7,1,30.838,4.303,30.812,3.460
320,7,1,30.828,4.293,30.802,3.450
321,7,1,30.818,4.283,30.792,3.440
322,7,1,30.807,4.273,30.782,3.431
0,8,2,19.782,13.194,17.998,12.565
1,8,2,19.659,13.195,17.978,12.565
2,8,2,19.812,13.193,18.080,12.614
3,8,2,19.904,13.193,18.131,12.594
4,8,2,19.945,13.273,18.273,12.602
5,8,2,20.158,13.261,18.385,12.611
6,8,2,20.189,13.271,18.426,12.621
7,8,2,20.260,13.260,18.497,12.580
8,8,2,20.352,13.259,18.558,12.599
9,8,2,20.393,13.268,18.671,12.618
10,8,2,20.505,13.257,18.721,12.628
11,8,2,20.525,13.297,18.833,12.617
12,8,2,20.667,13.276,18.925,12.626
13,8,2,20.769,13.264,18.935,12.626
14,8,2,20.861,13.263,18.976,12.646
15,8,2,20.973,13.272,19.047,12.635
16,8,2,20.952,13.273,19.220,12.623
17,8,2,20.963,13.283,19.312,12.602
18,8,2,21.024,13.302,19.394,12.621
19,8,2,21.156,13.291,19.505,12.620
20,8,2,21.237,13.300,19.526,12.640
21,8,2,21.349,13.279,19.648,12.629
22,8,2,21.421,13.288,19.791,12.647
23,8,2,21.492,13.287,19.872,12.626
24,8,2,21.512,13.257,19.831,12.647
25,8,2,21.685,13.265,19.984,12.645
26,8,2,21.736,13.285,20.065,12.614
27,8,2,21.766,13.284,20.147,12.644
28,8,2,21.950,13.252,20.218,12.653
29,8,2,22.021,13.251,20.310,12.652
30,8,2,22.133,13.250,20.452,12.671
31,8,2,22.194,13.250,20.523,12.670
32,8,2,22.295,13.259,20.595,12.669
33,8,2,22.499,13.277,20.625,12.649
34,8,2,22.489,13.287,20.707,12.648
35,8,2,22.570,13.286,20.829,12.647
36,8,2,22.712,13.254,20.869,12.666
37,8,2,22.794,13.253,21.012,12.675
38,8,2,22.926,13.282,21.215,12.673
39,8,2,22.977,13.272,21.287,12.682
40,8,2,23.038,13.261,21.246,12.673
41,8,2,23.353,13.278,21.348,12.682
42,8,2,23.322,13.278,21.500,12.660
43,8,2,23.322,13.288,21.602,12.659
44,8,2,23.343,13.288,21.683,12.668
45,8,2,23.566,13.276,21.704,12.648
46,8,2,23.627,13.275,21.866,12.626
47,8,2,23.760,13.263,21.927,12.645
48,8,2,23.851,13.273,22.070,12.695
49,8,2,24.186,13.259,22.029,12.654
50,8,2,23.922,13.242,22.263,12.662
51,8,2,24.004,13.281,22.334,12.641
52,8,2,24.125,13.280,22.487,12.640
53,8,2,24.247,13.268,22.568,12.639
54,8,2,24.369,13.257,22.720,12.627
55,8,2,24.339,13.268,22.802,12.647
56,8,2,24.512,13.256,22.893,12.635
57,8,2,24.745,13.263,22.893,12.646
58,8,2,24.725,13.263,23.015,12.614
59,8,2,24.887,13.262,23.066,12.634
60,8,2,24.969,13.261,23.229,12.652
61,8,2,24.999,13.271,23.290,12.631
62,8,2,25.121,13.269,23.402,12.640
63,8,2,25.101,13.270,23.422,12.640
64,8,2,25.172,13.269,23.554,12.619
65,8,2,25.233,13.248,23.584,12.638
66,8,2,25.507,13.215,23.655,12.567
67,8,2,25.375,13.176,23.757,12.596
68,8,2,25.507,13.215,23.899,12.575
69,8,2,25.690,13.243,23.950,12.625
70,8,2,25.608,13.214,24.001,12.634
71,8,2,25.700,13.213,24.093,12.633
72,8,2,25.791,13.212,24.184,12.632
73,8,2,25.903,13.191,24.296,12.611
74,8,2,25.974,13.210,24.367,12.630
75,8,2,26.086,13.189,24.479,12.609
76,8,2,26.289,13.207,24.793,12.515
77,8,2,26.350,13.216,24.803,12.515
78,8,2,26.370,13.145,24.783,12.565
79,8,2,26.461,13.144,24.874,12.564
80,8,2,26.552,13.143,24.966,12.564
81,8,2,26.664,13.122,25.078,12.542
82,8,2,26.755,13.101,25.169,12.521
83,8,2,27.090,13.138,25.362,12.458
84,8,2,27.009,13.088,25.423,12.508
85,8,2,27.100,13.087,25.514,12.507
86,8,2,27.212,13.086,25.626,12.506
87,8,2,27.303,13.085,25.717,12.505
88,8,2,27.415,13.084,25.829,12.504
89,8,2,27.506,13.083,25.920,12.503
90,8,2,27.598,13.082,26.012,12.502
91,8,2,27.689,13.081,26.103,12.501
92,8,2,27.800,13.080,26.215,12.500
93,8,2,27.871,13.079,26.286,12.499
94,8,2,27.953,13.119,26.326,12.368
95,8,2,28.064,13.117,26.437,12.346
96,8,2,28.176,13.096,26.458,12.387
97,8,2,28.105,13.026,26.519,12.446
98,8,2,28.196,13.025,26.610,12.446
99,8,2,28.307,13.024,26.722,12.444
100,8,2,28.378,13.023,26.793,12.444
101,8,2,28.795,13.090,27.077,12.410
102,8,2,28.886,13.089,27.239,12.409
103,8,2,28.906,13.038,27.290,12.388
104,8,2,28.987,13.067,27.371,12.397
105,8,2,29.068,13.097,27.361,12.418
106,8,2,29.170,13.096,27.553,12.355
107,8,2,29.160,13.096,27.655,12.324
108,8,2,29.373,13.084,27.776,12.343
109,8,2,29.383,13.094,27.726,12.394
110,8,2,29.403,13.063,27.787,12.393
111,8,2,29.555,13.082,27.969,12.371
112,8,2,29.687,13.090,28.061,12.461
113,8,2,29.738,13.090,28.102,12.491
114,8,2,29.707,13.080,28.152,12.480
115,8,2,29.758,13.090,28.183,12.480
116,8,2,29.748,13.070,28.183,12.490
117,8,2,29.819,13.069,28.254,12.489
118,8,2,29.889,13.068,28.325,12.488
119,8,2,29.981,13.087,28.416,12.508
120,8,2,30.052,13.066,28.487,12.487
121,8,2,30.143,13.086,28.578,12.506
122,8,2,30.214,13.065,28.649,12.485
123,8,2,30.396,13.083,28.943,12.482
124,8,2,30.437,13.113,29.004,12.471
125,8,2,30.610,13.151,28.974,12.492
126,8,2,30.711,13.160,29.055,12.521
127,8,2,30.802,13.159,29.156,12.500
128,8,2,30.711,13.160,29.177,12.530
129,8,2,30.832,13.139,29.288,12.559
130,8,2,30.985,13.168,29.461,12.588
131,8,2,31.025,13.137,29.552,12.496
132,8,2,31.065,13.116,29.653,12.495
133,8,2,31.197,13.125,29.673,12.525
134,8,2,31.197,13.125,29.714,12.545
135,8,2,31.299,13.164,29.754,12.474
136,8,2,31.471,13.152,29.754,12.514
137,8,2,31.724,13.109,29.886,12.503
138,8,2,31.531,13.091,30.038,12.511
139,8,2,31.704,13.160,30.038,12.471
140,8,2,31.815,13.169,30.109,12.480
141,8,2,31.693,13.110,30.200,12.530
142,8,2,32.068,13.086,30.301,12.468
143,8,2,31.916,13.067,30.423,12.487
144,8,2,31.997,13.066,30.504,12.486
145,8,2,32.220,13.104,30.554,12.425
146,8,2,32.189,13.084,30.544,12.435
147,8,2,32.311,13.093,30.615,12.425
148,8,2,32.311,13.083,30.636,12.455
149,8,2,32.291,13.053,30.757,12.352
150,8,2,32.402,13.012,30.757,12.403
151,8,2,32.644,12.948,30.918,12.300
152,8,2,32.705,12.978,31.121,12.328
153,8,2,32.806,12.916,31.151,12.247
154,8,2,32.816,12.926,31.191,12.207
155,8,2,32.846,12.866,31.292,12.165
156,8,2,32.826,12.876,31.312,12.145
157,8,2,32.856,12.886,31.343,12.135
158,8,2,32.917,12.814,31.424,12.134
159,8,2,33.007,12.783,31.525,12.153
160,8,2,33.109,12.782,31.525,12.173
161,8,2,33.038,12.763,31.556,12.183
162,8,2,33.179,12.761,31.788,12.120
163,8,2,33.209,12.731,31.738,12.151
164,8,2,33.290,12.710,31.819,12.130
165,8,2,33.351,12.709,31.879,12.129
166,8,2,33.432,12.688,31.960,12.108
167,8,2,33.604,12.696,32.181,11.864
168,8,2,33.614,12.716,32.282,11.792
169,8,2,33.675,12.706,32.343,11.802
170,8,2,33.746,12.695,32.495,11.810
171,8,2,33.825,12.543,32.394,11.962
172,8,2,33.755,12.624,32.545,11.759
173,8,2,33.865,12.482,32.445,11.901
174,8,2,33.956,12.461,32.292,11.752
175,8,2,33.865,12.472,32.201,11.763
176,8,2,33.784,12.462,32.120,11.753
177,8,2,33.713,12.453,32.049,11.744
178,8,2,33.400,12.487,31.735,11.777
179,8,2,33.916,12.451,32.353,11.801
180,8,2,34.876,12.371,33.192,11.692
181,8,2,34.917,12.400,33.283,11.681
182,8,2,33.764,12.453,32.201,11.803
183,8,2,35.068,12.409,33.445,11.690
184,8,2,35.078,12.389,33.445,11.760
185,8,2,34.158,12.398,33.749,11.807
186,8,2,34.148,12.388,33.739,11.797
187,8,2,34.138,12.378,33.729,11.787
188,8,2,34.016,12.369,33.769,11.777
189,8,2,34.006,12.359,33.759,11.767
190,8,2,33.996,12.349,33.749,11.757
191,8,2,33.986,12.339,33.739,11.747
192,8,2,33.976,12.329,33.728,11.737
193,8,2,33.965,12.319,33.718,11.727
194,8,2,33.955,12.309,33.708,11.717
195,8,2,33.945,12.299,33.698,11.707
196,8,2,33.935,12.289,33.688,11.697
197,8,2,33.925,12.279,33.678,11.687
198,8,2,33.914,12.270,33.667,11.677
199,8,2,33.904,12.260,33.657,11.667
200,8,2,33.894,12.250,33.647,11.657
201,8,2,33.884,12.240,33.637,11.647
202,8,2,33.874,12.230,33.627,11.637
203,8,2,33.863,12.220,33.616,11.627
204,8,2,33.853,12.210,33.606,11.617
205,8,2,33.843,12.200,33.596,11.607
206,8,2,33.833,12.190,33.586,11.597
207,8,2,33.823,12.180,33.576,11.587
208,8,2,33.813,12.170,33.565,11.577
209,8,2,33.802,12.160,33.555,11.567
210,8,2,33.792,12.150,33.545,11.557
211,8,2,33.782,12.140,33.535,11.548
212,8,2,33.772,12.130,33.525,11.538
213,8,2,33.762,12.120,33.515,11.528
214,8,2,33.751,12.110,33.504,11.518
215,8,2,33.741,12.100,33.494,11.508
216,8,2,33.731,12.090,33.484,11.498
217,8,2,33.721,12.080,33.474,11.488
218,8,2,33.711,12.070,33.464,11.478
219,8,2,33.700,12.060,33.453,11.468
220,8,2,33.690,12.050,31.915,11.382
221,8,2,31.886,11.675,30.110,11.007
222,8,2,30.071,11.290,28.295,10.622
223,8,2,39.086,13.164,37.313,12.497
224,8,2,39.247,13.152,37.414,12.506
225,8,2,39.369,13.171,37.566,12.534
226,8,2,39.480,13.190,37.707,12.523
227,8,2,39.621,13.188,37.839,12.562
228,8,2,39.662,13.218,37.859,12.592
229,8,2,39.753,13.197,37.990,12.570
230,8,2,39.924,13.165,38.212,12.507
231,8,2,39.955,13.215,38.303,12.557
232,8,2,40.116,13.223,38.444,12.545
233,8,2,40.147,13.243,38.526,12.595
234,8,2,40.318,13.241,38.636,12.543
235,8,2,40.449,13.240,38.626,12.554
236,8,2,40.570,13.218,38.818,12.542
237,8,2,40.621,13.208,38.979,12.540
238,8,2,40.762,13.257,39.201,12.538
239,8,2,40.803,13.256,39.333,12.566
240,8,2,40.894,13.265,39.394,12.596
241,8,2,41.024,13.214,39.424,12.576
242,8,2,41.095,13.213,39.454,12.575
243,8,2,41.156,13.232,39.515,12.605
244,8,2,41.367,13.200,39.666,12.583
245,8,2,41.438,13.209,39.827,12.581
246,8,2,41.448,13.199,39.908,12.601
247,8,2,41.710,13.186,40.110,12.568
248,8,2,41.790,13.186,40.121,12.629
249,8,2,41.811,13.226,40.141,12.669
250,8,2,41.640,13.227,39.970,12.671
251,8,2,41.377,13.230,39.707,12.673
252,8,2,41.821,13.215,40.494,12.625
253,8,2,41.962,13.154,40.877,12.601
254,8,2,41.831,13.165,41.230,12.607
255,8,2,41.881,13.154,41.401,12.595
256,8,2,42.668,13.196,40.857,12.621
257,8,2,42.779,13.195,40.998,12.589
258,8,2,42.980,13.193,41.190,12.608
259,8,2,43.051,13.192,41.301,12.627
260,8,2,43.081,13.172,41.412,12.625
261,8,2,43.262,13.150,41.543,12.604
262,8,2,43.101,13.152,41.674,12.603
263,8,2,43.201,13.141,41.774,12.591
264,8,2,43.474,13.188,41.664,12.603
265,8,2,43.625,13.156,41.825,12.591
266,8,2,43.746,13.175,41.986,12.599
267,8,2,43.897,13.173,42.118,12.638
268,8,2,44.018,13.202,42.289,12.637
269,8,2,44.129,13.201,42.359,12.636
270,8,2,44.119,13.232,42.430,12.625
271,8,2,44.048,13.192,42.501,12.654
272,8,2,44.149,13.191,42.602,12.653
273,8,2,44.270,13.190,42.722,12.652
274,8,2,44.371,13.189,42.823,12.651
275,8,2,44.652,13.166,43.044,12.538
276,8,2,44.753,13.175,43.084,12.568
277,8,2,44.682,13.135,43.135,12.598
278,8,2,44.955,13.183,43.236,12.576
279,8,2,44.864,13.143,43.317,12.606
280,8,2,44.964,13.142,43.417,12.605
281,8,2,45.287,13.169,43.658,12.542
282,8,2,45.438,13.147,43.789,12.550
283,8,2,45.478,13.167,43.810,12.550
284,8,2,45.528,13.136,43.780,12.611
285,8,2,45.427,13.137,43.881,12.610
286,8,2,45.528,13.146,43.982,12.619
287,8,2,45.761,13.204,44.011,12.588
288,8,2,45.659,13.155,44.113,12.628
289,8,2,46.052,13.181,44.364,12.585
290,8,2,46.283,13.148,44.455,12.594
291,8,2,46.344,13.158,44.525,12.553
292,8,2,46.465,13.187,44.465,12.604
293,8,2,46.466,13.247,44.636,12.622
294,8,2,46.506,13.247,44.727,12.591
295,8,2,45.630,13.236,45.602,12.602
296,8,2,45.721,13.235,45.693,12.601
297,8,2,45.801,13.244,45.774,12.610
298,8,2,45.892,13.243,45.864,12.609
299,8,2,47.048,13.171,45.289,12.505
300,8,2,46.324,13.158,45.984,12.528
301,8,2,46.313,13.148,45.974,12.518
302,8,2,46.303,13.138,45.964,12.508
303,8,2,46.293,13.128,45.954,12.498
304,8,2,46.283,13.118,45.943,12.488
305,8,2,46.273,13.108,45.933,12.478
306,8,2,46.263,13.098,45.923,12.468
307,8,2,47.753,13.234,45.935,12.609
308,8,2,47.673,13.234,46.005,12.598
309,8,2,47.703,13.234,46.106,12.597
310,8,2,47.804,13.253,46.196,12.616
311,8,2,47.874,13.273,46.257,12.636
312,8,2,47.955,13.272,46.327,12.635
313,8,2,48.026,13.291,46.388,12.654
314,8,2,48.126,13.310,46.479,12.674
315,8,2,48.197,13.309,46.539,12.673
316,8,2,48.298,13.329,46.630,12.692
317,8,2,48.348,13.348,46.681,12.712
318,8,2,48.439,13.347,46.771,12.711
319,8,2,48.489,13.367,46.822,12.730
320,8,2,48.580,13.406,46.913,12.770
321,8,2,48.651,13.425,46.983,12.789
322,8,2,48.721,13.425,47.054,12.788
0,9,2,19.277,10.529,17.393,9.719
1,9,2,19.247,10.590,17.332,9.781
2,9,2,19.359,10.539,17.373,9.790
3,9,2,19.257,10.570,17.505,9.728
4,9,2,19.430,10.649,17.658,9.808
5,9,2,19.603,10.577,17.688,9.767
6,9,2,19.755,10.535,17.780,9.726
7,9,2,19.745,10.535,17.831,9.715
8,9,2,19.908,10.452,17.902,9.714
9,9,2,19.898,10.473,17.933,9.704
10,9,2,19.867,10.483,17.922,9.704
11,9,2,19.959,10.482,18.014,9.713
12,9,2,20.101,10.471,18.116,9.723
13,9,2,20.132,10.511,18.238,9.701
14,9,2,20.081,10.491,18.207,9.701
15,9,2,20.152,10.521,18.258,9.691
16,9,2,20.132,10.481,18.258,9.721
17,9,2,20.355,10.519,18.563,9.668
18,9,2,20.325,10.529,18.604,9.647
19,9,2,20.559,10.598,18.573,9.557
20,9,2,20.529,10.699,18.665,9.546
21,9,2,20.650,10.475,18.747,9.656
22,9,2,20.884,10.453,18.858,9.665
23,9,2,20.853,10.413,18.909,9.644
24,9,2,21.006,10.401,19.001,9.623
25,9,2,21.067,10.411,19.072,9.643
26,9,2,21.077,10.401,19.214,9.631
27,9,2,21.209,10.419,19.367,9.609
28,9,2,21.250,10.399,19.438,9.599
29,9,2,21.351,10.398,19.479,9.629
30,9,2,21.473,10.407,19.560,9.618
31,9,2,21.484,10.417,19.570,9.638
32,9,2,21.595,10.395,19.642,9.657
33,9,2,21.667,10.415,19.784,9.616
34,9,2,21.789,10.444,19.784,9.656
35,9,2,21.829,10.423,19.855,9.645
36,9,2,21.799,10.444,20.018,9.603
37,9,2,22.043,10.401,20.089,9.633
38,9,2,22.175,10.450,20.201,9.652
39,9,2,22.266,10.460,20.272,9.651
40,9,2,22.144,10.451,20.292,9.641
41,9,2,22.287,10.449,20.323,9.661
42,9,2,22.358,10.459,20.445,9.680
43,9,2,22.459,10.448,20.516,9.679
44,9,2,22.490,10.447,20.547,9.659
45,9,2,22.530,10.467,20.638,9.668
46,9,2,22.632,10.486,20.770,9.677
47,9,2,22.703,10.486,20.862,9.666
48,9,2,22.815,10.495,21.034,9.644
49,9,2,22.805,10.495,21.055,9.654
50,9,2,22.947,10.493,21.177,9.632
51,9,2,22.978,10.483,21.248,9.642
52,9,2,23.201,10.491,21.349,9.661
53,9,2,23.181,10.511,21.461,9.670
54,9,2,23.323,10.530,21.593,9.679
55,9,2,23.445,10.519,21.675,9.668
56,9,2,23.486,10.538,21.766,9.687
57,9,2,23.536,10.548,21.786,9.697
58,9,2,23.648,10.527,21.929,9.716
59,9,2,23.780,10.546,22.071,9.735
60,9,2,23.932,10.544,22.091,9.745
61,9,2,24.054,10.553,22.173,9.744
62,9,2,24.166,10.572,22.264,9.743
63,9,2,24.298,10.601,22.416,9.762
64,9,2,24.318,10.621,22.498,9.761
65,9,2,24.379,10.630,22.559,9.801
66,9,2,24.532,10.639,22.650,9.820
67,9,2,24.684,10.638,22.711,9.840
68,9,2,24.725,10.647,22.833,9.808
69,9,2,24.735,10.718,22.843,9.848
70,9,2,24.776,10.727,23.016,9.847
71,9,2,24.857,10.747,23.148,9.835
72,9,2,25.070,10.735,23.229,9.895
73,9,2,25.030,10.745,23.260,9.895
74,9,2,25.141,10.754,23.331,9.955
75,9,2,25.273,10.753,23.473,9.933
76,9,2,25.334,10.772,23.585,9.962
77,9,2,25.547,10.760,23.636,9.942
78,9,2,25.649,10.789,23.687,10.022
79,9,2,25.557,10.811,23.768,9.981
80,9,2,25.821,10.818,23.910,10.040
81,9,2,25.903,10.827,23.910,10.040
82,9,2,25.984,10.826,23.971,10.069
83,9,2,26.004,10.806,23.981,10.100
84,9,2,26.065,10.836,24.083,10.068
85,9,2,26.045,10.866,24.134,10.068
86,9,2,26.207,10.875,24.245,10.077
87,9,2,26.207,10.885,24.265,10.046
88,9,2,26.349,10.863,24.458,10.085
89,9,2,26.471,10.902,24.631,10.053
90,9,2,26.501,10.882,24.651,10.053
91,9,2,26.603,10.871,24.722,10.042
92,9,2,26.664,10.890,24.824,10.061
93,9,2,26.654,10.901,24.844,10.101
94,9,2,26.867,10.919,25.077,10.079
95,9,2,26.958,10.948,25.108,10.119
96,9,2,26.989,10.968,25.149,10.108
97,9,2,27.029,10.978,25.270,10.127
98,9,2,27.141,10.986,25.392,10.096
99,9,2,27.212,11.016,25.463,10.125
100,9,2,27.303,10.995,25.514,10.125
101,9,2,27.354,11.025,25.605,10.164
102,9,2,27.405,11.044,25.606,10.195
103,9,2,27.435,11.064,25.626,10.235
104,9,2,27.557,11.093,25.798,10.203
105,9,2,27.628,11.123,25.880,10.252
106,9,2,27.709,11.132,25.900,10.283
107,9,2,27.770,11.132,25.931,10.302
108,9,2,27.851,11.151,25.992,10.322
109,9,2,27.892,11.181,26.053,10.342
110,9,2,28.014,11.210,26.225,10.400
111,9,2,28.176,11.188,26.205,10.421
112,9,2,28.207,11.228,26.357,10.419
113,9,2,28.257,11.258,26.398,10.439
114,9,2,28.369,11.247,26.469,10.459
115,9,2,28.318,11.267,26.520,10.448
116,9,2,28.369,11.287,26.530,10.458
117,9,2,28.562,11.255,26.712,10.476
118,9,2,28.715,11.455,26.803,10.354
119,9,2,29.272,11.369,26.408,10.469
120,9,2,29.262,11.379,26.510,10.519
121,9,2,29.292,11.399,26.510,10.569
122,9,2,28.572,11.245,26.854,10.495
123,9,2,28.653,11.274,26.936,10.525
124,9,2,28.714,11.304,26.997,10.554
125,9,2,28.775,11.333,27.058,10.584
126,9,2,28.856,11.363,27.139,10.613
127,9,2,28.937,11.392,27.220,10.643
128,9,2,28.998,11.422,27.281,10.672
129,9,2,29.059,11.452,27.342,10.702
130,9,2,29.140,11.481,27.423,10.731
131,9,2,29.201,11.511,27.484,10.761
132,9,2,29.263,11.560,27.546,10.811
133,9,2,29.344,11.570,27.627,10.820
134,9,2,29.405,11.620,27.688,10.870
135,9,2,29.466,11.629,27.749,10.880
136,9,2,29.547,11.658,27.830,10.909
137,9,2,29.608,11.688,27.891,10.939
138,9,2,29.648,11.718,27.932,10.969
139,9,2,29.730,11.747,28.013,10.998
140,9,2,29.791,11.777,28.074,11.028
141,9,2,29.872,11.786,28.155,11.037
142,9,2,29.953,11.836,28.236,11.087
143,9,2,30.014,11.845,28.297,11.096
144,9,2,30.075,11.875,28.358,11.126
145,9,2,30.156,11.884,28.439,11.135
146,9,2,30.219,12.196,28.673,11.233
148,9,2,30.401,12.235,28.795,11.283
149,9,2,30.432,12.275,28.977,11.301
150,9,2,30.493,12.264,28.987,11.281
151,9,2,30.767,12.342,28.987,11.150
152,9,2,30.746,12.262,29.140,11.309
153,9,2,30.746,12.272,29.190,11.339
154,9,2,30.847,12.291,29.251,11.369
155,9,2,30.868,12.311,29.312,11.399
156,9,2,31.071,12.349,29.455,11.478
157,9,2,31.151,12.308,29.545,11.426
158,9,2,31.192,12.297,29.525,11.437
159,9,2,31.283,12.307,29.616,11.416
160,9,2,31.344,12.296,29.627,11.436
161,9,2,31.516,12.314,29.718,11.505
162,9,2,31.587,12.314,29.779,11.515
163,9,2,31.708,12.292,29.799,11.505
164,9,2,31.799,12.301,29.931,11.513
165,9,2,31.850,12.291,30.113,11.481
166,9,2,31.860,12.321,30.144,11.501
167,9,2,31.921,12.310,30.245,11.460
168,9,2,32.002,12.249,30.325,11.388
169,9,2,32.113,12.227,30.346,11.398
170,9,2,32.194,12.257,30.467,11.427
171,9,2,32.194,12.227,30.528,11.406
172,9,2,32.264,12.176,30.599,11.375
173,9,2,32.436,12.184,30.700,11.395
174,9,2,32.568,12.142,30.750,11.364
175,9,2,32.608,12.101,30.821,11.353
176,9,2,32.740,12.110,30.912,11.362
177,9,2,32.810,12.109,31.013,11.301
178,9,2,32.932,12.138,31.277,11.288
179,9,2,33.033,12.077,31.337,11.247
180,9,2,33.083,12.056,31.388,11.236
181,9,2,33.235,12.024,31.438,11.246
182,9,2,33.265,12.024,31.549,11.195
183,9,2,33.235,12.004,31.620,11.194
147,9,2,30.350,12.205,28.805,11.252
184,9,2,33.356,11.953,31.761,11.132
185,9,2,33.497,11.921,31.883,11.100
186,9,2,33.538,11.910,31.953,11.009
187,9,2,33.608,11.900,32.003,10.988
188,9,2,33.790,11.867,32.104,10.957
189,9,2,33.790,11.857,32.235,10.905
190,9,2,33.931,11.795,32.286,10.905
191,9,2,34.022,11.754,32.336,10.864
192,9,2,34.173,11.733,32.468,10.883
193,9,2,34.315,11.731,32.599,10.851
194,9,2,34.396,11.690,32.619,10.831
195,9,2,34.507,11.669,32.751,10.810
196,9,2,33.505,11.628,31.708,10.760
197,9,2,33.495,11.618,33.459,10.853
198,9,2,34.961,11.604,33.024,10.777
199,9,2,35.062,11.613,33.165,10.755
200,9,2,35.184,11.712,33.215,10.644
201,9,2,35.173,11.622,33.317,10.774
202,9,2,35.476,11.578,33.428,10.763
203,9,2,35.528,11.689,33.468,10.631
204,9,2,35.678,11.546,33.600,10.751
205,9,2,35.830,11.514,33.802,10.739
206,9,2,35.880,11.514,33.873,10.738
207,9,2,36.043,11.633,34.033,10.545
208,9,2,36.093,11.643,34.104,10.565
209,9,2,36.133,11.612,34.134,10.544
210,9,2,36.336,11.630,34.336,10.532
211,9,2,36.447,11.609,34.427,10.541
212,9,2,36.588,11.577,34.538,10.520
213,9,2,37.001,11.502,34.367,10.562
214,9,2,36.821,11.635,34.821,10.497
215,9,2,36.911,11.624,34.902,10.526
216,9,2,37.033,11.653,35.023,10.525
217,9,2,37.215,11.641,35.114,10.534
218,9,2,37.346,11.610,35.266,10.563
219,9,2,37.346,11.640,35.307,10.583
220,9,2,37.497,11.638,35.458,10.601
221,9,2,37.537,11.618,35.509,10.541
222,9,2,37.719,11.616,35.691,10.569
223,9,2,37.819,11.534,35.864,10.718
224,9,2,37.961,11.533,35.995,10.717
225,9,2,38.002,11.593,36.096,10.726
226,9,2,38.082,11.582,36.288,10.724
227,9,2,38.264,11.550,36.288,10.744
228,9,2,38.082,11.582,36.449,10.702
229,9,2,38.203,11.581,36.570,10.701
230,9,2,38.708,11.566,36.722,10.740
231,9,2,38.728,11.596,36.954,10.707
232,9,2,38.809,11.605,37.055,10.717
233,9,2,38.920,11.584,37.025,10.737
234,9,2,38.950,11.593,37.207,10.715
235,9,2,39.132,11.582,37.338,10.724
236,9,2,39.384,11.569,37.509,10.722
237,9,2,39.435,11.589,37.600,10.721
238,9,2,39.576,11.557,37.762,10.730
239,9,2,39.707,11.576,37.762,10.760
240,9,2,39.747,11.585,37.863,10.749
241,9,2,39.858,11.584,38.065,10.747
242,9,2,40.060,11.582,38.247,10.765
243,9,2,40.161,11.621,38.368,10.784
244,9,2,40.262,11.620,38.489,10.763
245,9,2,40.383,11.629,38.559,10.772
246,9,2,40.536,11.748,38.559,10.671
247,9,2,40.595,11.647,38.701,10.801
248,9,2,40.787,11.625,38.872,10.789
249,9,2,40.797,11.645,39.064,10.787
250,9,2,40.908,11.644,39.195,10.786
251,9,2,41.139,11.601,39.286,10.795
252,9,2,41.240,11.610,39.407,10.794
253,9,2,41.482,11.618,39.588,10.782
254,9,2,41.573,11.617,39.669,10.771
255,9,2,41.684,11.606,39.740,10.770
256,9,2,41.653,11.616,39.881,10.769
257,9,2,41.916,11.634,40.012,10.778
258,9,2,42.016,11.633,40.163,10.786
259,9,2,42.117,11.642,40.314,10.775
260,9,2,42.369,11.619,40.456,10.773
261,9,2,42.459,11.598,40.536,10.752
262,9,2,42.520,11.587,40.657,10.771
263,9,2,42.711,11.575,40.728,10.760
264,9,2,42.731,11.595,40.819,10.790
265,9,2,42.872,11.584,40.960,10.778
266,9,2,43.044,11.582,41.040,10.777
267,9,2,43.124,11.581,41.181,10.776
268,9,2,43.184,11.571,41.323,10.785
269,9,2,43.416,11.568,41.413,10.784
270,9,2,43.427,11.618,41.524,10.813
271,9,2,43.507,11.628,41.585,10.802
272,9,2,43.739,11.615,41.796,10.800
273,9,2,43.860,11.634,41.977,10.788
274,9,2,43.900,11.584,42.068,10.767
275,9,2,44.020,11.562,42.168,10.746
276,9,2,44.131,11.591,42.279,10.745
277,9,2,44.142,11.611,42.340,10.785
278,9,2,44.383,11.579,42.531,10.753
279,9,2,44.554,11.567,42.672,10.751
280,9,2,44.584,11.556,42.783,10.730
281,9,2,44.664,11.546,42.884,10.749
282,9,2,44.876,11.533,42.964,10.728
283,9,2,44.906,11.553,42.984,10.748
284,9,2,45.097,11.571,43.105,10.747
285,9,2,45.238,11.560,43.256,10.745
286,9,2,45.289,11.569,43.488,10.743
287,9,2,45.429,11.528,43.538,10.722
288,9,2,45.509,11.527,43.699,10.711
289,9,2,45.670,11.515,43.709,10.721
290,9,2,45.701,11.525,43.729,10.731
291,9,2,45.942,11.502,43.830,10.710
292,9,2,46.002,11.482,43.950,10.708
293,9,2,46.052,11.481,44.111,10.707
294,9,2,46.133,11.491,44.222,10.696
295,9,2,46.183,11.510,44.423,10.684
296,9,2,46.314,11.519,44.524,10.683
297,9,2,46.465,11.517,44.645,10.691
298,9,2,46.636,11.506,44.705,10.711
299,9,2,46.757,11.504,44.796,10.700
300,9,2,46.847,11.493,44.916,10.689
301,9,2,46.988,11.492,45.088,10.707
302,9,2,47.048,11.501,45.148,10.717
303,9,2,47.079,11.521,45.218,10.696
304,9,2,47.280,11.539,45.279,10.705
305,9,2,47.340,11.518,45.329,10.685
306,9,2,47.420,11.508,45.429,10.674
307,9,2,47.611,11.486,45.550,10.692
308,9,2,47.711,11.475,45.641,10.702
309,9,2,47.822,11.463,45.771,10.700
310,9,2,47.932,11.472,45.872,10.689
311,9,2,48.326,11.609,45.740,10.590
312,9,2,48.437,11.628,45.770,10.560
313,9,2,47.691,11.435,46.053,10.667
314,9,2,47.379,11.448,46.555,10.672
315,9,2,47.490,11.437,46.666,10.661
316,9,2,47.580,11.446,46.757,10.670
317,9,2,47.691,11.435,46.867,10.659
318,9,2,47.781,11.444,46.958,10.668
319,9,2,48.747,11.504,46.667,10.711
320,9,2,47.661,11.445,47.239,10.666
321,9,2,49.209,11.540,46.878,10.750
322,9,2,48.325,11.498,47.532,10.763
0,10,2,18.679,11.940,16.723,11.202
1,10,2,18.771,11.939,16.774,11.262
2,10,2,18.751,11.970,16.937,11.240
3,10,2,18.873,11.969,17.018,11.249
4,10,2,19.117,11.966,17.212,11.257
5,10,2,19.331,11.914,17.324,11.216
6,10,2,19.555,11.911,17.395,11.215
7,10,2,19.585,11.911,17.477,11.214
8,10,2,19.667,11.920,17.640,11.203
9,10,2,19.718,11.920,17.823,11.191
10,10,2,19.891,11.928,17.884,11.210
11,10,2,20.155,11.895,18.088,11.198
12,10,2,20.257,11.874,18.210,11.217
13,10,2,20.450,11.882,18.444,11.205
14,10,2,20.633,11.890,18.617,11.183
15,10,2,20.725,11.899,18.719,11.182
16,10,2,20.806,11.899,18.871,11.180
17,10,2,20.918,11.887,18.922,11.180
18,10,2,21.234,11.884,19.075,11.198
19,10,2,21.233,11.854,19.156,11.187
20,10,2,21.315,11.883,19.299,11.166
21,10,2,21.366,11.883,19.523,11.153
22,10,2,21.467,11.872,19.594,11.153
23,10,2,21.742,11.879,19.777,11.131
24,10,2,21.783,11.879,19.899,11.150
25,10,2,21.793,11.878,19.960,11.119
26,10,2,21.894,11.857,20.174,11.076
27,10,2,22.098,11.835,20.306,11.095
28,10,2,22.271,11.843,20.397,11.064
29,10,2,22.362,11.802,20.631,11.041
30,10,2,22.403,11.822,20.703,11.081
31,10,2,22.464,11.821,20.814,11.039
32,10,2,22.606,11.779,20.906,11.049
33,10,2,22.799,11.757,21.018,11.058
34,10,2,22.890,11.756,21.130,11.046
35,10,2,23.043,11.765,21.221,11.056
36,10,2,23.185,11.783,21.445,11.094
37,10,2,23.155,11.794,21.496,11.053
38,10,2,23.195,11.783,21.638,11.082
39,10,2,23.388,11.751,21.750,11.071
40,10,2,23.693,11.738,21.892,11.049
41,10,2,23.663,11.779,22.045,11.058
42,10,2,23.856,11.787,22.197,11.036
43,10,2,23.907,11.806,22.309,10.994
44,10,2,24.079,11.774,22.481,11.003
45,10,2,24.292,11.742,22.532,11.022
46,10,2,24.343,11.762,22.735,11.010
47,10,2,24.516,11.750,22.928,10.988
48,10,2,24.556,11.749,23.000,11.038
49,10,2,24.547,11.820,23.091,10.976
50,10,2,24.617,11.759,23.253,10.985
51,10,2,24.719,11.707,23.355,10.954
52,10,2,24.891,11.736,23.446,10.932
53,10,2,25.135,11.713,23.599,10.951
54,10,2,25.297,11.712,23.690,10.970
55,10,2,25.308,11.752,23.731,10.950
56,10,2,25.440,11.720,23.842,10.939
57,10,2,25.754,11.667,23.964,10.968
58,10,2,25.906,11.685,24.097,11.017
59,10,2,26.018,11.694,24.320,10.974
60,10,2,26.160,11.652,24.401,11.004
61,10,2,26.221,11.692,24.513,11.003
62,10,2,26.373,11.680,24.726,10.940
63,10,2,26.403,11.650,24.777,10.939
64,10,2,26.637,11.678,24.919,10.948
65,10,2,26.739,11.707,25.121,10.886
66,10,2,26.880,11.675,25.162,10.936
67,10,2,26.830,11.666,25.304,10.924
68,10,2,26.982,11.654,25.395,10.883
69,10,2,27.276,11.621,25.517,10.912
70,10,2,27.367,11.650,25.690,10.910
71,10,2,27.438,11.690,25.862,10.898
72,10,2,27.489,11.699,25.974,10.887
73,10,2,27.580,11.658,26.035,10.897
74,10,2,27.732,11.647,26.187,10.875
75,10,2,27.935,11.604,26.258,10.894
76,10,2,28.077,11.633,26.461,10.882
77,10,2,28.026,11.583,26.471,10.923
78,10,2,28.148,11.582,26.593,10.921
79,10,2,28.432,11.629,26.785,10.869
80,10,2,28.746,11.606,26.917,10.908
81,10,2,28.868,11.635,26.998,10.897
82,10,2,28.959,11.634,27.110,10.886
83,10,2,29.020,11.623,27.262,10.864
84,10,2,29.192,11.632,27.313,10.854
85,10,2,29.304,11.641,27.323,10.874
86,10,2,29.354,11.590,27.414,10.822
87,10,2,29.587,11.547,27.566,10.831
88,10,2,29.708,11.556,27.819,10.758
89,10,2,29.729,11.556,27.900,10.717
90,10,2,29.921,11.544,27.991,10.726
91,10,2,30.032,11.512,28.113,10.704
92,10,2,30.002,11.513,28.285,10.693
93,10,2,30.235,11.500,28.376,10.672
94,10,2,30.245,11.470,28.528,10.670
95,10,2,30.336,11.408,28.700,10.608
96,10,2,30.284,11.338,28.731,10.678
97,10,2,30.406,11.317,28.852,10.657
98,10,2,30.396,11.307,29.074,10.453
99,10,2,30.426,11.317,29.124,10.422
100,10,2,30.649,11.264,29.114,10.422
101,10,2,30.638,11.173,29.105,10.513
102,10,2,30.821,11.242,29.458,10.369
103,10,2,30.911,11.191,29.701,10.376
104,10,2,31.053,11.129,29.772,10.265
105,10,2,31.133,11.068,29.873,10.193
106,10,2,31.133,11.037,29.964,10.182
107,10,2,31.265,10.996,29.953,10.162
108,10,2,31.416,10.964,30.136,10.181
109,10,2,31.436,10.924,30.247,10.099
110,10,2,31.537,10.862,30.337,10.037
111,10,2,31.739,10.830,30.479,10.006
112,10,2,31.830,10.839,30.519,9.965
113,10,2,31.911,10.758,30.681,10.004
114,10,2,31.991,10.706,30.580,10.045
115,10,2,32.102,10.655,30.843,9.942
116,10,2,32.274,10.643,30.913,9.861
117,10,2,32.395,10.612,30.994,9.850
118,10,2,32.375,10.561,30.984,9.900
119,10,2,32.547,10.570,31.236,9.777
120,10,2,32.587,10.539,31.347,9.715
121,10,2,32.738,10.487,31.427,9.564
122,10,2,32.890,10.436,31.508,9.583
123,10,2,32.919,10.314,31.589,9.602
124,10,2,32.980,10.384,31.751,9.480
125,10,2,33.203,10.352,31.953,9.478
126,10,2,33.334,10.290,32.105,9.497
127,10,2,33.374,10.239,32.175,9.466
128,10,2,33.454,10.208,32.145,9.416
129,10,2,33.444,10.138,32.135,9.476
130,10,2,33.525,10.117,32.216,9.455
131,10,2,33.646,10.096,32.337,9.434
132,10,2,34.283,10.150,32.437,9.352
133,10,2,33.757,10.064,32.448,9.403
134,10,2,33.575,10.046,32.802,9.379
135,10,2,33.696,10.045,32.923,9.378
136,10,2,33.797,10.044,33.024,9.377
137,10,2,33.918,10.043,33.145,9.376
138,10,2,34.019,10.042,33.246,9.375
139,10,2,34.141,10.041,33.368,9.374
140,10,2,34.919,10.083,33.398,9.343
141,10,2,34.231,10.030,33.458,9.363
142,10,2,34.332,10.029,33.560,9.362
143,10,2,35.384,10.179,33.671,9.411
144,10,2,35.132,10.182,33.914,9.409
145,10,2,35.627,10.187,33.863,9.470
146,10,2,35.850,10.235,34.086,9.457
148,10,2,36.072,10.273,34.247,9.466
149,10,2,36.062,10.324,34.308,9.495
150,10,2,36.153,10.323,34.409,9.515
151,10,2,36.284,10.322,34.541,9.513
152,10,2,36.255,10.412,34.672,9.492
153,10,2,36.336,10.432,34.753,9.562
154,10,2,36.489,10.581,34.843,9.430
155,10,2,36.589,10.530,34.905,9.610
156,10,2,36.630,10.590,34.916,9.671
157,10,2,36.762,10.649,35.098,9.729
158,10,2,36.903,10.688,35.149,9.779
159,10,2,36.996,10.868,35.219,9.658
160,10,2,37.026,10.858,35.412,9.847
161,10,2,37.047,10.968,35.481,9.675
162,10,2,37.179,11.017,35.604,9.795
163,10,2,37.199,10.977,35.696,9.955
164,10,2,37.290,10.996,35.706,10.015
165,10,2,37.503,11.165,35.696,9.945
166,10,2,37.585,11.245,35.807,10.024
167,10,2,37.666,11.254,35.898,10.003
168,10,2,37.737,11.334,36.000,10.083
169,10,2,37.787,11.273,36.254,10.302
170,10,2,37.930,11.433,36.233,10.201
171,10,2,37.970,11.432,36.344,10.220
172,10,2,38.011,11.512,36.446,10.280
173,10,2,38.052,11.603,36.426,10.381
174,10,2,38.144,11.722,36.528,10.450
175,10,2,38.225,11.732,36.568,10.440
176,10,2,38.528,11.789,36.649,10.459
177,10,2,38.548,11.678,36.904,10.718
178,10,2,38.619,11.718,37.005,10.767
179,10,2,38.731,11.847,36.944,10.647
180,10,2,38.802,11.917,37.116,10.696
181,10,2,38.853,11.987,37.086,10.777
182,10,2,38.884,12.057,37.107,10.847
183,10,2,38.996,12.117,37.208,10.896
147,10,2,35.981,10.224,34.136,9.477
184,10,2,39.097,12.176,37.329,10.915
185,10,2,39.106,12.075,37.513,11.105
186,10,2,39.207,12.064,37.533,11.135
187,10,2,39.298,12.083,37.574,11.174
188,10,2,39.471,12.253,37.614,11.104
189,10,2,39.573,12.312,37.745,11.163
190,10,2,39.725,12.371,37.797,11.263
191,10,2,39.826,12.430,37.888,11.302
192,10,2,39.836,12.460,37.939,11.312
193,10,2,39.998,12.509,38.060,11.341
194,10,2,40.078,12.448,38.304,11.570
195,10,2,40.179,12.447,38.405,11.579
196,10,2,40.220,12.487,38.446,11.588
197,10,2,40.373,12.616,38.445,11.498
198,10,2,40.403,12.666,38.536,11.537
199,10,2,40.362,12.596,38.578,11.718
200,10,2,40.515,12.766,38.628,11.637
201,10,2,40.627,12.825,38.729,11.686
202,10,2,40.708,12.834,38.780,11.696
203,10,2,40.910,12.842,38.992,11.704
204,10,2,40.941,12.922,39.073,11.743
205,10,2,40.970,12.842,39.286,11.922
206,10,2,41.082,12.941,39.286,11.822
207,10,2,41.122,12.860,39.348,11.992
208,10,2,41.162,12.870,39.418,12.012
209,10,2,41.303,12.899,39.580,12.030
210,10,2,41.415,12.917,39.651,12.070
211,10,2,41.526,12.947,39.772,12.099
212,10,2,41.566,12.946,39.853,12.088
213,10,2,41.667,12.975,39.954,12.137
214,10,2,41.789,12.994,40.065,12.146
215,10,2,41.849,13.004,40.126,12.165
216,10,2,42.071,13.032,40.177,12.225
217,10,2,42.243,13.030,40.268,12.245
218,10,2,42.293,13.049,40.419,12.233
219,10,2,42.314,13.089,40.450,12.303
220,10,2,42.364,13.079,40.562,12.332
221,10,2,42.475,13.098,40.734,12.381
222,10,2,42.526,13.138,40.814,12.390
223,10,2,42.607,13.157,40.845,12.430
224,10,2,42.657,13.156,40.875,12.430
225,10,2,42.718,13.156,40.926,12.439
226,10,2,42.970,13.183,41.097,12.417
227,10,2,43.121,13.121,41.289,12.425
228,10,2,43.141,13.141,41.309,12.415
229,10,2,43.212,13.150,41.450,12.414
230,10,2,43.312,13.129,41.521,12.423
231,10,2,43.373,13.129,41.571,12.432
232,10,2,43.443,13.148,41.551,12.473
233,10,2,43.554,13.157,41.733,12.471
234,10,2,43.645,13.146,41.743,12.471
235,10,2,43.756,13.135,41.904,12.459
236,10,2,43.786,13.134,41.995,12.448
237,10,2,44.007,13.142,42.237,12.466
238,10,2,44.038,13.172,42.388,12.444
239,10,2,44.119,13.171,42.358,12.515
240,10,2,43.988,13.173,42.479,12.504
241,10,2,44.068,13.182,42.560,12.513
242,10,2,44.169,13.171,42.660,12.502
243,10,2,44.522,13.177,42.812,12.510
244,10,2,44.663,13.186,42.862,12.540
245,10,2,44.502,13.187,42.993,12.529
246,10,2,44.834,13.194,43.034,12.528
247,10,2,44.965,13.223,43.074,12.578
248,10,2,45.046,13.272,43.145,12.628
249,10,2,44.845,13.264,43.337,12.616
250,10,2,45.268,13.270,43.346,12.565
251,10,2,45.238,13.260,43.427,12.554
252,10,2,45.348,13.259,43.679,12.542
253,10,2,45.490,13.308,43.740,12.601
254,10,2,45.550,13.287,43.760,12.591
255,10,2,45.691,13.316,43.870,12.590
256,10,2,45.761,13.275,43.850,12.580
257,10,2,45.822,13.314,43.900,12.569
258,10,2,45.973,13.293,44.041,12.558
259,10,2,46.074,13.312,44.172,12.567
260,10,2,46.184,13.290,44.263,12.536
261,10,2,46.245,13.300,44.404,12.584
262,10,2,46.063,13.261,44.556,12.613
263,10,2,46.144,13.271,44.636,12.622
264,10,2,46.567,13.306,44.505,12.614
265,10,2,46.698,13.315,44.626,12.632
266,10,2,46.224,13.240,44.716,12.591
267,10,2,46.879,13.303,44.889,12.680
268,10,2,46.920,13.343,45.059,12.618
269,10,2,46.970,13.343,45.140,12.667
270,10,2,47.010,13.362,45.311,12.645
271,10,2,47.131,13.361,45.261,12.686
272,10,2,47.182,13.370,45.251,12.716
273,10,2,46.578,13.377,45.845,12.700
274,10,2,47.353,13.409,45.343,12.766
275,10,2,47.514,13.407,45.514,12.784
276,10,2,47.575,13.437,45.665,12.762
277,10,2,47.706,13.445,45.776,12.771
278,10,2,47.745,13.354,45.946,12.699
279,10,2,47.796,13.404,46.006,12.688
280,10,2,47.907,13.433,45.916,12.760
281,10,2,47.968,13.523,46.047,12.758
282,10,2,48.129,13.511,46.047,12.748
283,10,2,48.210,13.551,46.319,12.756
284,10,2,47.877,13.474,46.622,12.823
285,10,2,48.421,13.569,46.711,12.762
286,10,2,48.451,13.518,46.712,12.802
287,10,2,48.511,13.517,46.792,12.781
288,10,2,48.299,13.469,46.984,12.819
289,10,2,48.370,13.479,47.054,12.828
290,10,2,48.621,13.496,46.924,12.860
291,10,2,48.742,13.485,46.994,12.869
292,10,2,48.863,13.494,47.064,12.838
293,10,2,49.014,13.522,47.215,12.837
294,10,2,49.065,13.552,47.397,12.855
295,10,2,49.114,13.511,47.426,12.835
296,10,2,49.205,13.520,47.517,12.824
297,10,2,49.327,13.619,47.598,12.913
298,10,2,49.387,13.619,47.649,12.913
299,10,2,49.628,13.606,47.789,12.911
300,10,2,49.709,13.615,47.870,12.890
301,10,2,49.799,13.635,47.971,12.930
302,10,2,49.840,13.654,48.161,12.897
303,10,2,49.940,13.653,48.142,12.918
304,10,2,50.061,13.662,48.172,12.968
305,10,2,50.040,13.612,48.122,12.948
306,10,2,50.222,13.690,48.274,13.047
307,10,2,50.263,13.740,48.385,13.056
308,10,2,50.283,13.740,48.425,13.066
309,10,2,50.464,13.758,48.606,13.054
310,10,2,50.485,13.808,49.008,13.029
311,10,2,50.647,13.877,48.988,13.090
312,10,2,50.697,13.856,49.018,13.049
313,10,2,50.687,13.846,49.108,13.038
314,10,2,50.625,13.757,49.150,13.128
315,10,2,50.948,13.884,49.129,13.058
316,10,2,50.949,13.924,49.139,13.118
317,10,2,51.049,13.923,49.170,13.138
318,10,2,51.150,13.972,49.310,13.117
319,10,2,51.253,14.092,49.288,12.966
320,10,2,51.293,14.112,49.419,12.955
321,10,2,51.353,14.121,49.519,12.944
322,10,2,51.404,14.130,49.600,12.963
0,11,1,33.877,5.791,33.204,4.804
5,11,1,33.897,5.821,33.193,4.794
6,11,1,33.897,5.851,33.194,4.824
7,11,1,33.898,5.902,33.194,4.874
8,11,1,33.898,5.932,33.194,4.904
9,11,1,33.899,6.002,33.195,4.974
10,11,1,33.919,6.052,33.215,5.024
11,11,1,33.899,6.122,33.196,5.095
12,11,1,33.920,6.152,33.216,5.125
13,11,1,33.900,6.203,33.196,5.175
14,11,1,33.921,6.253,33.217,5.225
15,11,1,33.921,6.303,33.217,5.275
16,11,1,33.921,6.353,33.217,5.325
17,11,1,33.922,6.403,33.218,5.376
18,11,1,33.922,6.433,33.218,5.406
19,11,1,33.922,6.463,33.218,5.436
20,11,1,33.922,6.494,33.218,5.466
21,11,1,33.923,6.544,33.219,5.516
22,11,1,33.923,6.594,33.219,5.566
23,11,1,33.923,6.644,33.219,5.616
24,11,1,33.924,6.674,33.220,5.647
25,11,1,33.924,6.725,33.220,5.697
26,11,1,33.823,6.776,33.331,5.746
27,11,1,33.773,6.826,33.372,5.796
28,11,1,33.784,6.876,33.373,5.846
29,11,1,33.784,6.927,33.363,5.896
30,11,1,33.795,6.977,33.363,5.946
31,11,1,33.795,7.027,33.353,5.997
32,11,1,33.795,7.057,33.354,6.027
33,11,1,33.796,7.107,33.354,6.077
34,11,1,33.796,7.158,33.354,6.127
35,11,1,33.817,7.208,33.375,6.177
36,11,1,33.837,7.238,33.395,6.207
37,11,1,33.837,7.288,33.396,6.257
38,11,1,33.838,7.338,33.396,6.308
39,11,1,33.838,7.388,33.396,6.358
40,11,1,34.091,7.507,33.316,6.379
41,11,1,34.010,7.427,33.286,6.419
42,11,1,33.970,7.447,33.336,6.398
43,11,1,33.960,7.488,33.326,6.439
44,11,1,33.970,7.528,33.337,6.479
45,11,1,33.961,7.568,33.327,6.519
46,11,1,33.971,7.628,33.337,6.579
47,11,1,33.961,7.669,33.328,6.619
48,11,1,33.972,7.709,33.338,6.660
49,11,1,33.982,7.769,33.349,6.720
50,11,1,33.993,7.829,33.359,6.780
51,11,1,34.003,7.889,33.370,6.840
52,11,1,34.014,7.929,33.380,6.880
53,11,1,34.004,7.970,33.370,6.920
54,11,1,34.014,8.010,33.381,6.960
55,11,1,34.076,8.090,33.342,7.152
56,11,1,34.035,8.130,33.382,7.111
57,11,1,34.066,8.220,33.293,7.403
58,11,1,34.006,8.301,33.353,7.302
59,11,1,34.026,8.271,33.313,7.463
60,11,1,33.996,8.302,33.293,7.464
61,11,1,34.057,8.321,33.303,7.474
62,11,1,34.057,8.351,33.304,7.504
63,11,1,34.077,8.321,33.314,7.524
64,11,1,34.087,8.341,33.334,7.514
65,11,1,34.068,8.401,33.345,7.624
66,11,1,34.149,8.431,33.355,7.644
67,11,1,34.189,8.440,33.406,7.674
68,11,1,34.119,8.501,33.466,7.613
69,11,1,34.129,8.542,33.476,7.653
70,11,1,34.120,8.592,33.467,7.703
71,11,1,34.251,8.550,33.337,7.996
72,11,1,34.181,8.672,33.358,8.016
73,11,1,34.111,8.763,33.318,8.046
74,11,1,34.133,8.984,33.329,8.167
75,11,1,34.184,9.074,33.329,8.227
76,11,1,34.204,9.104,33.339,8.227
77,11,1,34.184,9.114,33.339,8.237
78,11,1,34.204,9.114,33.370,8.257
79,11,1,34.194,9.124,33.319,8.268
80,11,1,34.204,9.124,33.309,8.278
81,11,1,34.497,9.051,33.431,8.307
82,11,1,34.709,9.069,33.501,8.286
83,11,1,34.325,9.073,33.441,8.377
84,11,1,34.265,9.164,33.391,8.438
85,11,1,34.064,9.196,33.593,8.396
86,11,1,34.074,9.236,33.603,8.436
87,11,1,34.084,9.276,33.614,8.476
88,11,1,34.278,9.516,33.504,8.648
89,11,1,34.198,9.567,33.494,8.668
90,11,1,34.229,9.657,33.525,8.738
91,11,1,34.300,9.707,33.586,8.788
92,11,1,34.230,9.788,33.557,8.969
93,11,1,34.270,9.818,33.577,8.939
94,11,1,34.270,9.828,33.557,8.949
95,11,1,34.280,9.828,33.557,8.980
96,11,1,34.341,9.837,33.567,8.969
97,11,1,34.422,9.847,33.598,9.070
98,11,1,34.372,9.867,33.598,9.100
99,11,1,34.392,9.877,33.608,9.140
100,11,1,34.484,9.987,33.639,9.220
101,11,1,34.473,9.947,33.650,9.270
102,11,1,34.697,10.106,33.721,9.310
103,11,1,34.526,10.178,33.701,9.371
104,11,1,34.537,10.349,33.701,9.411
105,11,1,34.436,10.320,33.671,9.421
106,11,1,34.426,10.420,33.631,9.432
107,11,1,34.396,10.451,33.610,9.402
108,11,1,34.386,10.451,33.590,9.452
109,11,1,34.386,10.441,33.580,9.462
110,11,1,34.447,10.410,33.611,9.502
111,11,1,34.447,10.420,33.632,9.552
112,11,1,34.436,10.410,33.632,9.643
113,11,1,34.426,10.430,33.643,9.743
114,11,1,34.528,10.460,33.704,9.763
115,11,1,34.508,10.540,33.725,9.924
116,11,1,34.539,10.570,33.756,9.954
117,11,1,34.509,10.591,33.736,9.944
118,11,1,34.499,10.661,33.746,9.974
119,11,1,34.449,10.712,33.705,9.944
120,11,1,34.479,10.742,33.777,10.024
121,11,1,34.460,10.813,33.726,10.055
122,11,1,34.328,10.774,33.858,10.074
123,11,1,34.673,10.962,33.788,10.135
124,11,1,34.673,11.012,33.808,10.195
125,11,1,34.674,11.042,33.828,10.205
126,11,1,34.654,11.053,33.828,10.164
127,11,1,34.644,11.083,33.839,10.325
128,11,1,34.472,11.044,34.001,10.344
129,11,1,34.482,11.085,34.012,10.384
130,11,1,34.472,11.125,34.002,10.425
131,11,1,34.483,11.165,34.012,10.465
132,11,1,34.483,11.205,34.013,10.505
133,11,1,34.483,11.246,34.013,10.545
135,11,1,34.473,11.236,34.003,10.535
136,11,1,34.485,11.488,34.015,10.847
137,11,1,34.474,11.367,34.006,10.958
138,11,1,34.464,11.357,33.996,10.948
139,11,1,34.454,11.347,33.986,10.938
140,11,1,34.443,11.337,33.975,10.928
141,11,1,34.433,11.327,33.965,10.918
142,11,1,34.423,11.317,33.955,10.908
143,11,1,34.413,11.307,33.945,10.899
144,11,1,34.403,11.297,33.935,10.889
145,11,1,34.393,11.287,33.924,10.879
146,11,1,34.382,11.277,33.914,10.869
148,11,1,34.362,11.257,33.894,10.849
149,11,1,34.352,11.247,33.884,10.839
150,11,1,34.601,12.172,33.918,11.382
151,11,1,34.653,12.252,34.020,11.452
152,11,1,34.612,12.242,34.060,11.452
153,11,1,34.612,12.293,34.060,11.502
154,11,1,34.603,12.343,34.051,11.552
155,11,1,34.603,12.404,34.051,11.613
156,11,1,34.604,12.454,34.052,11.663
157,11,1,34.594,12.505,34.042,11.714
158,11,1,34.574,12.555,34.022,11.764
159,11,1,34.564,12.616,34.012,11.825
160,11,1,34.605,12.615,33.982,11.866
161,11,1,34.575,12.626,34.012,11.845
162,11,1,34.686,12.655,33.741,12.090
163,11,1,34.454,12.748,33.973,11.987
164,11,1,34.444,12.788,33.963,12.027
165,11,1,34.628,12.938,33.802,12.160
166,11,1,34.619,13.089,33.813,12.190
167,11,1,34.609,13.210,33.853,12.169
168,11,1,34.600,13.251,33.833,12.220
169,11,1,34.620,13.231,33.793,12.251
170,11,1,34.630,13.261,33.813,12.271
171,11,1,34.630,13.281,33.824,12.311
172,11,1,34.630,13.321,33.814,12.321
173,11,1,34.610,13.311,33.804,12.382
174,11,1,34.599,13.241,33.825,12.523
175,11,1,34.630,13.220,33.836,12.593
176,11,1,34.630,13.311,33.837,12.684
177,11,1,34.652,13.432,33.807,12.846
178,11,1,34.621,13.463,33.727,12.877
179,11,1,34.571,13.514,33.697,12.927
180,11,1,34.581,13.534,33.697,12.978
181,11,1,34.430,13.606,33.848,12.885
182,11,1,34.491,13.656,33.545,13.010
183,11,1,34.543,13.807,33.566,13.009
184,11,1,34.545,14.008,33.617,13.039
185,11,1,34.545,14.079,33.657,13.079
186,11,1,34.555,14.049,33.637,13.019
187,11,1,34.505,14.150,33.597,13.130
188,11,1,34.475,14.140,33.567,13.171
189,11,1,34.322,14.011,33.720,13.301
190,11,1,34.312,14.051,33.710,13.341
191,11,1,34.302,14.102,33.700,13.392
192,11,1,34.293,14.152,33.690,13.442
193,11,1,34.435,14.242,33.539,13.494
194,11,1,34.436,14.312,33.550,13.585
195,11,1,34.446,14.413,33.539,13.545
196,11,1,34.467,14.464,33.559,13.544
197,11,1,34.407,14.505,33.509,13.535
198,11,1,34.377,14.646,33.539,13.545
199,11,1,34.398,14.687,33.651,13.614
200,11,1,34.347,14.697,33.621,13.655
201,11,1,34.368,14.727,33.601,13.685
202,11,1,34.358,14.748,33.622,13.837
203,11,1,34.358,14.778,33.582,13.877
204,11,1,34.308,14.829,33.582,13.867
205,11,1,34.288,14.890,33.593,14.008
206,11,1,34.288,14.930,33.574,14.120
207,11,1,34.278,14.900,33.504,14.221
208,11,1,34.349,14.940,33.544,14.272
209,11,1,34.350,14.990,33.524,14.302
210,11,1,34.258,14.981,33.464,14.394
211,11,1,34.310,15.071,33.475,14.424
212,11,1,34.290,15.092,33.465,14.424
213,11,1,34.260,15.133,33.475,14.434
214,11,1,34.281,15.274,33.495,14.424
215,11,1,34.241,15.355,33.475,14.484
216,11,1,34.211,15.416,33.455,14.485
217,11,1,34.242,15.436,33.424,14.475
218,11,1,34.282,15.365,33.395,14.586
219,11,1,34.221,15.416,33.385,14.596
220,11,1,34.242,15.436,33.456,14.646
221,11,1,34.252,15.446,33.416,14.647
222,11,1,34.212,15.487,33.376,14.728
223,11,1,34.212,15.568,33.356,14.849
224,11,1,34.152,15.659,33.347,15.001
225,11,1,34.051,15.650,33.448,14.990
226,11,1,34.041,15.691,33.439,15.030
227,11,1,34.041,15.731,33.439,15.071
228,11,1,34.072,15.761,33.247,15.184
229,11,1,33.961,15.793,33.358,15.142
230,11,1,34.054,16.055,33.288,15.194
231,11,1,34.034,16.105,33.308,15.214
232,11,1,33.984,16.197,33.278,15.184
233,11,1,33.974,16.217,33.308,15.254
234,11,1,33.924,16.299,33.288,15.234
235,11,1,33.944,16.278,33.328,15.203
236,11,1,33.932,16.066,33.330,15.416
237,11,1,33.923,16.117,33.320,15.466
238,11,1,33.913,16.147,33.310,15.497
239,11,1,33.903,16.188,33.300,15.537
240,11,1,34.280,16.477,33.301,15.689
241,11,1,34.168,16.488,33.281,15.679
242,11,1,34.026,16.399,33.423,15.748
243,11,1,34.016,16.439,33.414,15.789
244,11,1,34.016,16.490,33.414,15.839
245,11,1,34.007,16.531,33.404,15.880
246,11,1,33.926,16.572,33.455,15.920
247,11,1,34.313,16.820,33.262,15.841
248,11,1,33.926,16.602,33.455,15.950
249,11,1,33.916,16.643,33.445,15.991
250,11,1,34.486,16.940,33.303,15.952
251,11,1,33.990,16.966,33.131,15.944
252,11,1,33.796,16.766,33.325,16.113
253,11,1,33.786,16.816,33.315,16.164
254,11,1,33.776,16.847,33.305,16.194
255,11,1,33.746,16.888,33.275,16.235
256,11,1,33.990,17.077,33.073,16.359
257,11,1,34.042,17.178,33.073,16.389
258,11,1,33.920,17.199,33.074,16.430
259,11,1,33.910,17.220,33.064,16.440
260,11,1,33.880,17.250,33.064,16.460
261,11,1,33.861,17.342,33.064,16.491
262,11,1,33.801,17.454,33.034,16.501
263,11,1,33.781,17.585,33.034,16.491
264,11,1,33.771,17.575,33.044,16.491
265,11,1,33.832,17.625,33.064,16.571
266,11,1,33.833,17.676,33.054,16.582
267,11,1,33.833,17.727,33.044,16.592
268,11,1,33.832,17.636,33.035,16.643
269,11,1,33.853,17.635,33.045,16.663
270,11,1,33.884,17.706,33.035,16.754
271,11,1,33.914,17.736,33.046,16.774
272,11,1,33.710,17.576,33.239,16.924
273,11,1,33.804,17.950,32.967,17.119
274,11,1,33.784,17.940,32.967,17.149
275,11,1,33.825,17.960,32.978,17.220
276,11,1,34.008,18.049,33.018,17.210
277,11,1,33.815,18.051,32.978,17.261
278,11,1,33.785,18.132,32.958,17.251
279,11,1,33.867,18.253,32.998,17.260
280,11,1,33.990,18.353,33.019,17.301
281,11,1,33.848,18.375,32.989,17.341
282,11,1,33.818,18.405,32.969,17.362
283,11,1,33.798,18.456,32.969,17.352
284,11,1,33.879,18.445,32.958,17.352
285,11,1,33.818,18.466,32.928,17.362
286,11,1,33.602,18.013,33.131,17.360
287,11,1,33.807,18.395,32.929,17.555
288,11,1,33.818,18.426,32.940,17.585
289,11,1,33.768,18.487,32.901,17.808
290,11,1,33.717,18.569,32.922,17.990
291,11,1,33.637,18.661,32.872,18.001
292,11,1,33.678,18.772,32.872,17.991
293,11,1,33.658,18.802,32.882,18.011
294,11,1,33.658,18.772,32.862,18.042
295,11,1,33.679,18.802,32.852,18.011
296,11,1,33.679,18.822,32.892,18.011
297,11,1,33.638,18.833,32.872,18.021
298,11,1,33.639,18.934,32.872,18.021
299,11,1,33.609,18.995,32.872,18.082
300,11,1,33.650,19.046,32.893,18.102
301,11,1,33.711,19.116,32.933,18.112
302,11,1,33.732,19.126,32.944,18.132
303,11,1,33.631,19.188,32.923,18.132
304,11,1,33.631,19.269,32.893,18.163
305,11,1,33.662,19.289,32.883,18.214
306,11,1,33.712,19.227,32.915,18.335
307,11,1,33.814,19.246,32.936,18.426
308,11,1,33.824,19.256,32.946,18.507
309,11,1,33.682,19.278,32.876,18.548
310,11,1,33.652,19.350,32.825,18.620
311,11,1,33.663,19.420,32.846,18.629
312,11,1,33.693,19.451,32.836,18.630
313,11,1,33.704,19.501,32.856,18.619
314,11,1,33.694,19.552,32.886,18.578
315,11,1,33.654,19.633,32.876,18.619
316,11,1,33.644,19.664,32.876,18.609
317,11,1,33.594,19.736,32.835,18.599
318,11,1,33.655,19.775,32.896,18.578
319,11,1,33.696,19.745,32.866,18.599
320,11,1,33.543,19.706,32.805,18.681
321,11,1,33.513,19.706,32.775,18.721
322,11,1,33.523,19.706,32.776,18.782
