42 7 2 38.571 5.357 37.857 3.924
43 7 2 38.581 5.407 37.867 3.975
44 7 2 38.581 5.458 37.867 4.025
45 7 2 38.581 5.498 37.867 4.065
46 7 2 38.571 5.549 37.857 4.116
47 7 2 38.572 5.609 37.857 4.176
48 7 2 38.572 5.670 37.858 4.237
49 7 2 38.572 5.761 37.858 4.328
50 7 2 38.552 5.842 37.838 4.409
51 7 2 38.542 5.913 37.828 4.479
52 7 2 38.543 5.993 37.828 4.560
53 7 2 38.543 6.095 37.829 4.661
54 7 2 38.543 6.175 37.829 4.742
55 7 2 38.533 6.277 37.819 4.843
56 7 2 38.513 6.358 37.799 4.924
57 7 2 38.514 6.449 37.799 5.015
58 7 2 38.514 6.530 37.800 5.096
59 7 2 38.524 6.600 37.810 5.166
60 7 2 38.525 6.671 37.810 5.237
61 7 2 38.525 6.752 37.810 5.318
62 7 2 38.525 6.863 37.811 5.429
63 7 2 38.516 6.975 37.801 5.540
64 7 2 38.496 7.086 37.781 5.652
65 7 2 38.506 7.208 37.791 5.773
66 7 2 38.496 7.268 37.782 5.834
67 7 2 38.486 7.349 37.772 5.915
68 7 2 38.466 7.451 37.752 6.016
69 7 2 38.447 7.562 37.732 6.127
70 7 2 38.427 7.694 37.712 6.259
71 7 2 38.427 7.856 37.712 6.421
72 7 2 38.417 7.957 37.702 6.522
73 7 2 38.428 8.049 37.713 6.613
74 7 2 38.398 8.130 37.683 6.694
75 7 2 38.388 8.180 37.673 6.745
76 7 2 38.378 8.231 37.663 6.795
77 7 2 38.358 8.322 37.643 6.886
78 7 2 38.348 8.393 37.633 6.957
79 7 2 38.358 8.464 37.643 7.028
80 7 2 38.348 8.525 37.633 7.089
81 7 2 38.379 8.576 37.664 7.140
82 7 2 38.399 8.606 37.684 7.170
83 7 2 38.379 8.718 37.664 7.281
84 7 2 38.370 8.829 37.654 7.393
85 7 2 38.330 8.992 37.614 7.555
86 7 2 38.269 9.154 37.554 7.717
87 7 2 38.209 9.327 37.493 7.890
88 7 2 38.179 9.449 37.463 8.012
89 7 2 38.149 9.602 37.433 8.164
90 7 2 38.139 9.693 37.423 8.255
91 7 2 38.129 9.784 37.413 8.347
92 7 2 38.119 9.896 37.403 8.458
93 7 2 38.089 9.988 37.373 8.550
94 7 2 38.090 10.110 37.374 8.671
95 7 2 38.080 10.211 37.364 8.773
96 7 2 38.070 10.303 37.354 8.864
97 7 2 38.040 10.404 37.324 8.966
98 7 2 38.020 10.516 37.304 9.078
99 7 2 37.989 10.598 37.273 9.159
100 7 2 37.980 10.699 37.263 9.261
101 7 2 37.949 10.791 37.233 9.352
102 7 2 37.929 10.903 37.213 9.464
103 7 2 37.909 11.025 37.193 9.586
104 7 2 37.889 11.158 37.173 9.718
105 7 2 37.870 11.270 37.153 9.830
106 7 2 37.860 11.392 37.143 9.952
107 7 2 37.850 11.504 37.133 10.064
108 7 2 37.830 11.626 37.113 10.186
109 7 2 37.780 11.789 37.063 10.349
110 7 2 37.729 11.942 37.012 10.502
111 7 2 37.679 12.075 36.962 10.634
112 7 2 37.659 12.197 36.942 10.756
113 7 2 37.639 12.329 36.922 10.889
114 7 2 37.619 12.442 36.902 11.001
115 7 2 37.568 12.605 36.851 11.164
116 7 2 37.538 12.748 36.821 11.306
117 7 2 37.498 12.881 36.781 11.439
118 7 2 37.447 12.993 36.730 11.551
0 7 2 38.594 3.399 37.881 1.968
1 7 2 38.594 3.409 37.881 1.978
2 7 2 38.594 3.419 37.881 1.988
3 7 2 38.594 3.419 37.881 1.988
4 7 2 38.604 3.419 37.891 1.988
5 7 2 38.604 3.429 37.891 1.998
6 7 2 38.615 3.449 37.901 2.019
7 7 2 38.625 3.469 37.912 2.039
8 7 2 38.605 3.489 37.891 2.059
9 7 2 38.605 3.520 37.891 2.089
10 7 2 38.615 3.540 37.902 2.109
11 7 2 38.625 3.580 37.912 2.149
12 7 2 38.636 3.631 37.922 2.200
13 7 2 38.636 3.671 37.922 2.240
14 7 2 38.616 3.701 37.902 2.270
15 7 2 38.606 3.731 37.892 2.301
16 7 2 38.616 3.742 37.902 2.311
17 7 2 38.616 3.772 37.902 2.341
18 7 2 38.616 3.822 37.903 2.391
19 7 2 38.616 3.883 37.903 2.452
20 7 2 38.606 3.953 37.893 2.522
21 7 2 38.607 4.014 37.893 2.583
22 7 2 38.607 4.074 37.893 2.643
23 7 2 38.597 4.115 37.883 2.683
24 7 2 38.607 4.155 37.893 2.724
25 7 2 38.607 4.196 37.894 2.764
26 7 2 38.607 4.246 37.894 2.815
27 7 2 38.618 4.327 37.904 2.895
28 7 2 38.628 4.407 37.915 2.976
29 7 2 38.628 4.478 37.915 3.046
30 7 2 38.639 4.549 37.925 3.117
31 7 2 38.629 4.619 37.915 3.188
32 7 2 38.599 4.650 37.885 3.218
33 7 2 38.599 4.730 37.885 3.299
34 7 2 38.589 4.801 37.875 3.369
35 7 2 38.589 4.872 37.875 3.440
36 7 2 38.590 4.963 37.876 3.531
37 7 2 38.580 5.023 37.866 3.591
38 7 2 38.560 5.064 37.846 3.631
39 7 2 38.560 5.124 37.846 3.692
40 7 2 38.550 5.205 37.836 3.773
41 7 2 38.560 5.286 37.846 3.853
119 7 2 37.386 13.126 36.669 11.684
120 7 2 37.346 13.218 36.629 11.776
121 7 2 37.285 13.331 36.568 11.888
122 7 2 37.234 13.413 36.517 11.970
123 7 2 37.184 13.515 36.466 12.073
124 7 2 37.123 13.597 36.405 12.154
125 7 2 37.092 13.699 36.375 12.257
126 7 2 37.062 13.832 36.345 12.389
127 7 2 37.022 13.986 36.304 12.543
128 7 2 36.961 14.119 36.243 12.675
129 7 2 36.941 14.170 36.223 12.727
130 7 2 36.920 14.242 36.203 12.798
131 7 2 36.910 14.334 36.193 12.890
132 7 2 36.850 14.498 36.132 13.054
133 7 2 36.779 14.713 36.061 13.268
134 7 2 36.698 14.918 35.980 13.473
135 7 2 36.637 15.000 35.919 13.555
136 7 2 36.565 15.133 35.847 13.689
137 7 2 36.515 15.236 35.797 13.791
138 7 2 36.454 15.370 35.735 13.924
139 7 2 36.413 15.503 35.695 14.057
140 7 2 36.383 15.636 35.664 14.191
141 7 2 36.363 15.759 35.644 14.313
142 7 2 36.322 15.903 35.604 14.457
143 7 2 36.292 16.026 35.573 14.580
144 7 2 36.261 16.169 35.543 14.723
145 7 2 36.221 16.282 35.502 14.836
146 7 2 36.201 16.385 35.482 14.938
147 7 2 36.201 16.549 35.482 15.102
148 7 2 36.191 16.702 35.472 15.255
149 7 2 36.202 16.815 35.483 15.368
150 7 2 36.181 16.938 35.463 15.491
151 7 2 36.130 17.041 35.412 15.594
152 7 2 36.100 17.154 35.381 15.707
153 7 2 36.080 17.287 35.361 15.840
154 7 2 36.060 17.431 35.341 15.983
155 7 2 36.080 17.554 35.361 16.106
156 7 2 36.070 17.687 35.351 16.239
157 7 2 36.040 17.811 35.321 16.362
158 7 2 36.020 17.924 35.301 16.475
159 7 2 35.979 18.047 35.260 16.599
160 7 2 35.938 18.181 35.219 16.732
161 7 2 35.929 18.304 35.209 16.855
162 7 2 35.908 18.427 35.189 16.979
163 7 2 35.888 18.551 35.169 17.102
164 7 2 35.868 18.674 35.148 17.225
165 7 2 35.858 18.808 35.138 17.358
166 7 2 35.838 18.952 35.118 17.502
167 7 2 35.818 19.096 35.098 17.646
168 7 2 35.808 19.219 35.088 17.769
169 7 2 35.777 19.322 35.057 17.872
170 7 2 35.757 19.425 35.037 17.975
171 7 2 35.716 19.549 34.996 18.099
172 7 2 35.685 19.683 34.966 18.232
173 7 2 35.645 19.827 34.925 18.377
174 7 2 35.635 19.940 34.915 18.490
175 7 2 35.614 20.033 34.894 18.582
176 7 2 35.594 20.136 34.874 18.685
177 7 2 35.564 20.239 34.843 18.788
178 7 2 35.533 20.353 34.813 18.902
179 7 2 35.513 20.446 34.792 18.994
180 7 2 35.513 20.559 34.793 19.107
181 7 2 35.493 20.662 34.772 19.210
182 7 2 35.462 20.755 34.742 19.303
183 7 2 35.421 20.858 34.701 19.406
184 7 2 35.401 20.951 34.680 19.499
185 7 2 35.370 21.044 34.650 19.592
186 7 2 35.340 21.127 34.619 19.675
187 7 2 35.278 21.200 34.557 19.747
188 7 2 35.206 21.252 34.486 19.800
189 7 2 35.145 21.304 34.424 19.852
190 7 2 35.135 21.356 34.414 19.903
191 7 2 35.094 21.429 34.373 19.976
192 7 2 35.053 21.491 34.332 20.038
193 7 2 35.022 21.553 34.301 20.100
194 7 2 34.991 21.615 34.271 20.162
195 7 2 34.971 21.678 34.250 20.224
196 7 2 34.961 21.739 34.240 20.286
197 7 2 34.951 21.801 34.230 20.348
198 7 2 34.920 21.853 34.199 20.400
199 7 2 34.899 21.874 34.178 20.421
200 7 2 34.889 21.854 34.168 20.400
42 20 2 37.224 5.896 35.970 4.341
43 20 2 37.193 6.037 35.940 4.482
44 20 2 37.184 6.159 35.930 4.604
45 20 2 37.164 6.240 35.910 4.685
46 20 2 37.174 6.321 35.921 4.766
47 20 2 37.184 6.463 35.931 4.907
48 20 2 37.195 6.594 35.941 5.039
49 20 2 37.226 6.716 35.972 5.160
50 20 2 37.257 6.807 36.003 5.251
51 20 2 37.267 6.888 36.013 5.332
52 20 2 37.288 6.989 36.034 5.433
53 20 2 37.288 7.110 36.034 5.555
54 20 2 37.298 7.222 36.044 5.666
55 20 2 37.329 7.323 36.075 5.767
56 20 2 37.360 7.414 36.106 5.858
57 20 2 37.421 7.536 36.167 5.979
58 20 2 37.483 7.677 36.228 6.121
59 20 2 37.524 7.799 36.269 6.242
60 20 2 37.544 7.930 36.290 6.374
61 20 2 37.565 8.052 36.311 6.496
62 20 2 37.606 8.184 36.352 6.627
63 20 2 37.647 8.305 36.393 6.749
64 20 2 37.668 8.437 36.413 6.880
65 20 2 37.699 8.569 36.444 7.012
66 20 2 37.709 8.700 36.455 7.144
67 20 2 37.720 8.822 36.465 7.265
68 20 2 37.771 8.954 36.516 7.397
69 20 2 37.791 9.065 36.537 7.508
70 20 2 37.832 9.177 36.578 7.620
71 20 2 37.873 9.288 36.619 7.731
72 20 2 37.904 9.410 36.649 7.853
73 20 2 37.925 9.542 36.670 7.984
74 20 2 37.946 9.694 36.691 8.137
75 20 2 37.967 9.836 36.712 8.279
76 20 2 37.977 9.978 36.722 8.421
77 20 2 37.957 10.090 36.702 8.532
78 20 2 37.948 10.212 36.692 8.654
79 20 2 37.958 10.344 36.703 8.786
80 20 2 37.989 10.476 36.734 8.918
81 20 2 38.020 10.628 36.764 9.070
82 20 2 38.041 10.760 36.785 9.202
83 20 2 38.031 10.862 36.775 9.304
84 20 2 38.052 11.014 36.796 9.456
85 20 2 38.103 11.146 36.847 9.588
86 20 2 38.144 11.258 36.888 9.699
87 20 2 38.195 11.400 36.939 9.841
88 20 2 38.247 11.511 36.991 9.953
89 20 2 38.278 11.643 37.022 10.085
90 20 2 38.329 11.796 37.073 10.237
91 20 2 38.390 11.938 37.134 10.379
92 20 2 38.442 12.049 37.185 10.490
93 20 2 38.493 12.191 37.237 10.633
94 20 2 38.473 12.334 37.217 10.775
95 20 2 38.463 12.466 37.207 10.907
96 20 2 38.494 12.578 37.238 11.019
97 20 2 38.535 12.720 37.279 11.161
98 20 2 38.617 12.842 37.361 11.283
99 20 2 38.679 12.974 37.422 11.415
100 20 2 38.689 13.127 37.433 11.567
101 20 2 38.710 13.249 37.454 11.689
102 20 2 38.741 13.371 37.484 11.811
103 20 2 38.752 13.523 37.495 11.964
104 20 2 38.752 13.656 37.495 12.096
105 20 2 38.743 13.768 37.486 12.208
106 20 2 38.774 13.900 37.517 12.341
107 20 2 38.805 14.043 37.547 12.483
108 20 2 38.846 14.185 37.589 12.625
109 20 2 38.887 14.328 37.630 12.768
110 20 2 38.888 14.460 37.630 12.900
111 20 2 38.898 14.562 37.641 13.002
112 20 2 38.919 14.725 37.662 13.165
113 20 2 38.940 14.898 37.682 13.338
114 20 2 39.002 15.061 37.744 13.501
115 20 2 39.104 15.213 37.846 13.653
116 20 2 39.176 15.345 37.918 13.785
117 20 2 39.227 15.488 37.969 13.927
118 20 2 39.248 15.661 37.990 14.100
0 20 2 36.598 3.269 35.346 1.716
1 20 2 36.577 3.340 35.325 1.786
2 20 2 36.547 3.380 35.295 1.827
3 20 2 36.527 3.390 35.275 1.837
4 20 2 36.517 3.390 35.265 1.837
5 20 2 36.527 3.411 35.275 1.857
6 20 2 36.537 3.441 35.285 1.887
7 20 2 36.557 3.471 35.305 1.918
8 20 2 36.578 3.491 35.326 1.938
9 20 2 36.598 3.542 35.346 1.988
10 20 2 36.629 3.602 35.377 2.049
11 20 2 36.659 3.683 35.407 2.129
12 20 2 36.670 3.754 35.418 2.200
13 20 2 36.690 3.794 35.438 2.240
14 20 2 36.711 3.824 35.458 2.271
15 20 2 36.731 3.865 35.479 2.311
16 20 2 36.772 3.915 35.519 2.361
17 20 2 36.802 3.996 35.550 2.442
18 20 2 36.833 4.087 35.581 2.533
19 20 2 36.853 4.168 35.601 2.614
20 20 2 36.854 4.218 35.601 2.664
21 20 2 36.854 4.249 35.601 2.695
22 20 2 36.854 4.259 35.601 2.705
23 20 2 36.874 4.309 35.622 2.755
24 20 2 36.895 4.370 35.642 2.816
25 20 2 36.915 4.461 35.663 2.906
26 20 2 36.926 4.552 35.673 2.997
27 20 2 36.946 4.602 35.693 3.048
28 20 2 36.966 4.642 35.714 3.088
29 20 2 36.987 4.733 35.734 3.179
30 20 2 36.997 4.834 35.745 3.280
31 20 2 37.038 4.956 35.786 3.401
32 20 2 37.049 5.067 35.796 3.512
33 20 2 37.049 5.158 35.796 3.603
34 20 2 37.039 5.239 35.786 3.684
35 20 2 37.019 5.350 35.766 3.795
36 20 2 37.019 5.451 35.766 3.896
37 20 2 37.040 5.552 35.787 3.997
38 20 2 37.081 5.603 35.828 4.048
39 20 2 37.131 5.653 35.878 4.098
40 20 2 37.182 5.694 35.929 4.139
41 20 2 37.213 5.795 35.960 4.240
119 20 2 39.229 15.825 37.971 14.264
120 20 2 39.219 15.998 37.961 14.437
121 20 2 39.230 16.203 37.972 14.641
122 20 2 39.241 16.325 37.982 14.764
123 20 2 39.231 16.448 37.973 14.886
124 20 2 39.221 16.560 37.963 14.999
125 20 2 39.181 16.704 37.922 15.142
126 20 2 39.151 16.857 37.892 15.295
127 20 2 39.121 17.042 37.862 15.480
128 20 2 39.122 17.185 37.863 15.623
129 20 2 39.102 17.349 37.843 15.786
130 20 2 39.052 17.492 37.792 15.930
131 20 2 38.981 17.626 37.721 16.063
132 20 2 38.910 17.760 37.650 16.197
133 20 2 38.870 17.883 37.610 16.320
134 20 2 38.850 18.016 37.590 16.453
135 20 2 38.809 18.160 37.549 16.597
136 20 2 38.779 18.283 37.519 16.720
137 20 2 38.739 18.407 37.479 16.843
138 20 2 38.699 18.561 37.438 16.997
139 20 2 38.679 18.705 37.418 17.141
140 20 2 38.618 18.818 37.357 17.254
141 20 2 38.537 18.932 37.276 17.367
142 20 2 38.466 19.025 37.205 17.460
143 20 2 38.384 19.118 37.123 17.553
144 20 2 38.334 19.252 37.073 17.687
145 20 2 38.263 19.396 37.001 17.831
146 20 2 38.181 19.510 36.920 17.945
147 20 2 38.100 19.624 36.838 18.058
148 20 2 38.049 19.717 36.788 18.151
149 20 2 37.978 19.800 36.716 18.234
150 20 2 37.886 19.903 36.624 18.338
151 20 2 37.774 20.028 36.512 18.462
152 20 2 37.621 20.143 36.359 18.576
153 20 2 37.468 20.278 36.206 18.711
154 20 2 37.366 20.361 36.104 18.795
155 20 2 37.295 20.434 36.032 18.867
156 20 2 37.213 20.497 35.950 18.930
157 20 2 37.111 20.580 35.848 19.013
158 20 2 36.988 20.674 35.725 19.107
159 20 2 36.805 20.790 35.541 19.222
160 20 2 36.661 20.874 35.398 19.306
161 20 2 36.528 20.958 35.265 19.390
162 20 2 36.416 21.010 35.152 19.442
163 20 2 36.273 21.084 35.009 19.516
164 20 2 36.140 21.158 34.875 19.589
165 20 2 35.986 21.211 34.722 19.643
166 20 2 35.863 21.244 34.598 19.675
167 20 2 35.740 21.287 34.475 19.718
168 20 2 35.607 21.329 34.342 19.760
169 20 2 35.463 21.362 34.198 19.793
170 20 2 35.320 21.395 34.055 19.825
171 20 2 35.166 21.448 33.900 19.879
172 20 2 35.022 21.502 33.757 19.932
173 20 2 34.889 21.545 33.623 19.975
174 20 2 34.765 21.567 33.500 19.997
175 20 2 34.642 21.558 33.376 19.988
176 20 2 34.509 21.570 33.243 20.000
177 20 2 34.375 21.562 33.109 19.991
178 20 2 34.262 21.604 32.996 20.034
179 20 2 34.098 21.648 32.831 20.077
180 20 2 33.933 21.670 32.667 20.099
181 20 2 33.758 21.704 32.492 20.132
182 20 2 33.573 21.737 32.307 20.165
183 20 2 33.450 21.749 32.183 20.177
184 20 2 33.368 21.791 32.101 20.219
185 20 2 33.285 21.823 32.018 20.251
186 20 2 33.285 21.834 32.018 20.262
187 20 2 33.296 21.854 32.029 20.282
188 20 2 33.265 21.865 31.998 20.293
189 20 2 33.151 21.887 31.884 20.315
190 20 2 33.007 21.910 31.740 20.337
191 20 2 32.832 21.963 31.565 20.391
192 20 2 32.729 21.954 31.462 20.382
193 20 2 32.719 21.903 31.451 20.330
194 20 2 32.750 21.841 31.482 20.268
195 20 2 32.750 21.799 31.482 20.227
196 20 2 32.719 21.789 31.451 20.217
197 20 2 32.616 21.853 31.348 20.280
198 20 2 32.534 21.905 31.266 20.333
199 20 2 32.461 21.937 31.194 20.364
200 20 2 32.410 21.969 31.142 20.396
201 20 2 32.369 21.990 31.101 20.417
42 9 2 35.476 17.047 34.664 15.365
43 9 2 35.476 17.006 34.664 15.324
44 9 2 35.486 16.935 34.674 15.252
45 9 2 35.486 16.873 34.674 15.191
46 9 2 35.475 16.791 34.664 15.109
47 9 2 35.455 16.709 34.643 15.027
48 9 2 35.454 16.638 34.643 14.956
49 9 2 35.454 16.566 34.643 14.884
50 9 2 35.444 16.484 34.633 14.802
51 9 2 35.454 16.412 34.643 14.731
52 9 2 35.464 16.341 34.653 14.659
53 9 2 35.464 16.269 34.653 14.587
54 9 2 35.484 16.207 34.673 14.526
55 9 2 35.494 16.125 34.683 14.444
56 9 2 35.484 16.054 34.673 14.372
57 9 2 35.484 15.972 34.673 14.291
58 9 2 35.484 15.890 34.673 14.209
59 9 2 35.453 15.818 34.642 14.137
60 9 2 35.463 15.747 34.652 14.066
61 9 2 35.483 15.665 34.672 13.984
62 9 2 35.504 15.603 34.693 13.922
63 9 2 35.514 15.552 34.703 13.871
64 9 2 35.514 15.490 34.703 13.810
65 9 2 35.503 15.450 34.693 13.769
66 9 2 35.513 15.378 34.703 13.697
67 9 2 35.534 15.286 34.723 13.605
68 9 2 35.544 15.204 34.733 13.524
69 9 2 35.554 15.122 34.743 13.442
70 9 2 35.543 15.050 34.733 13.370
71 9 2 35.533 15.009 34.723 13.330
72 9 2 35.543 14.938 34.733 13.258
73 9 2 35.564 14.866 34.753 13.186
74 9 2 35.615 14.814 34.804 13.135
75 9 2 35.645 14.732 34.835 13.053
76 9 2 35.655 14.671 34.845 12.992
77 9 2 35.665 14.599 34.855 12.920
78 9 2 35.675 14.517 34.865 12.838
79 9 2 35.685 14.436 34.875 12.757
80 9 2 35.675 14.374 34.865 12.695
81 9 2 35.654 14.293 34.844 12.614
82 9 2 35.654 14.211 34.844 12.532
83 9 2 35.695 14.139 34.885 12.461
84 9 2 35.736 14.047 34.926 12.368
85 9 2 35.766 13.965 34.956 12.287
86 9 2 35.766 13.893 34.956 12.215
87 9 2 35.756 13.812 34.946 12.134
88 9 2 35.766 13.740 34.956 12.062
89 9 2 35.806 13.658 34.996 11.980
90 9 2 35.837 13.576 35.027 11.899
91 9 2 35.847 13.464 35.037 11.786
92 9 2 35.857 13.372 35.047 11.695
93 9 2 35.847 13.321 35.037 11.644
94 9 2 35.846 13.260 35.037 11.582
95 9 2 35.877 13.188 35.067 11.511
96 9 2 35.918 13.096 35.108 11.419
97 9 2 35.938 12.984 35.128 11.307
98 9 2 35.958 12.861 35.148 11.184
99 9 2 35.968 12.759 35.158 11.082
100 9 2 35.968 12.667 35.158 10.991
101 9 2 35.988 12.565 35.178 10.889
102 9 2 36.018 12.443 35.209 10.766
103 9 2 36.028 12.330 35.219 10.654
104 9 2 36.028 12.208 35.219 10.532
105 9 2 36.018 12.096 35.208 10.420
106 9 2 36.017 11.994 35.208 10.318
107 9 2 36.027 11.892 35.218 10.217
108 9 2 36.037 11.800 35.228 10.125
109 9 2 36.047 11.698 35.238 10.023
110 9 2 36.057 11.576 35.248 9.901
111 9 2 36.057 11.464 35.248 9.789
112 9 2 36.067 11.342 35.258 9.667
113 9 2 36.097 11.240 35.288 9.565
114 9 2 36.117 11.128 35.309 9.453
115 9 2 36.148 11.015 35.339 9.341
116 9 2 36.178 10.903 35.369 9.229
117 9 2 36.198 10.801 35.390 9.127
118 9 2 36.208 10.710 35.400 9.036
0 9 2 35.511 19.603 34.699 17.917
1 9 2 35.542 19.582 34.729 17.896
2 9 2 35.562 19.551 34.750 17.865
3 9 2 35.562 19.489 34.750 17.804
4 9 2 35.542 19.428 34.729 17.742
5 9 2 35.531 19.345 34.719 17.660
6 9 2 35.521 19.284 34.708 17.599
7 9 2 35.510 19.222 34.698 17.537
8 9 2 35.521 19.161 34.708 17.476
9 9 2 35.520 19.109 34.708 17.424
10 9 2 35.520 19.048 34.708 17.363
11 9 2 35.510 18.986 34.698 17.301
12 9 2 35.510 18.945 34.698 17.260
13 9 2 35.500 18.873 34.687 17.189
14 9 2 35.510 18.801 34.697 17.117
15 9 2 35.509 18.740 34.697 17.055
16 9 2 35.499 18.689 34.687 17.004
17 9 2 35.489 18.648 34.677 16.963
18 9 2 35.489 18.617 34.677 16.932
19 9 2 35.499 18.545 34.687 16.860
20 9 2 35.519 18.493 34.707 16.809
21 9 2 35.529 18.421 34.717 16.737
22 9 2 35.529 18.360 34.717 16.676
23 9 2 35.529 18.308 34.717 16.624
24 9 2 35.529 18.247 34.717 16.563
25 9 2 35.529 18.195 34.717 16.512
26 9 2 35.519 18.144 34.707 16.460
27 9 2 35.518 18.072 34.707 16.389
28 9 2 35.498 18.001 34.686 16.317
29 9 2 35.508 17.929 34.696 16.245
30 9 2 35.498 17.888 34.686 16.205
31 9 2 35.498 17.857 34.686 16.174
32 9 2 35.508 17.826 34.696 16.143
33 9 2 35.508 17.765 34.696 16.081
34 9 2 35.518 17.672 34.706 15.989
35 9 2 35.528 17.559 34.716 15.876
36 9 2 35.507 17.478 34.695 15.795
37 9 2 35.497 17.416 34.685 15.733
38 9 2 35.486 17.365 34.675 15.682
39 9 2 35.486 17.304 34.675 15.621
40 9 2 35.476 17.211 34.664 15.529
41 9 2 35.476 17.129 34.664 15.447
119 9 2 36.239 10.608 35.430 8.934
120 9 2 36.269 10.506 35.460 8.832
121 9 2 36.299 10.404 35.491 8.731
122 9 2 36.319 10.302 35.511 8.629
123 9 2 36.339 10.160 35.531 8.487
124 9 2 36.339 10.038 35.531 8.365
125 9 2 36.318 9.895 35.510 8.223
126 9 2 36.318 9.743 35.510 8.070
127 9 2 36.318 9.631 35.510 7.959
128 9 2 36.318 9.509 35.509 7.837
129 9 2 36.327 9.367 35.519 7.695
130 9 2 36.307 9.225 35.499 7.553
131 9 2 36.296 9.062 35.488 7.390
132 9 2 36.275 8.900 35.468 7.228
133 9 2 36.265 8.768 35.457 7.096
134 9 2 36.265 8.636 35.457 6.964
135 9 2 36.264 8.524 35.457 6.853
136 9 2 36.254 8.382 35.446 6.711
137 9 2 36.243 8.250 35.436 6.579
138 9 2 36.223 8.118 35.415 6.448
139 9 2 36.202 7.986 35.395 6.316
140 9 2 36.192 7.854 35.384 6.184
141 9 2 36.191 7.743 35.384 6.073
142 9 2 36.201 7.621 35.394 5.951
143 9 2 36.191 7.489 35.384 5.819
144 9 2 36.191 7.368 35.383 5.698
145 9 2 36.180 7.236 35.373 5.566
146 9 2 36.170 7.094 35.362 5.424
147 9 2 36.149 6.982 35.342 5.313
148 9 2 36.139 6.861 35.332 5.192
149 9 2 36.128 6.739 35.321 5.070
150 9 2 36.128 6.608 35.321 4.939
151 9 2 36.158 6.476 35.351 4.807
152 9 2 36.188 6.334 35.381 4.665
153 9 2 36.219 6.222 35.412 4.554
154 9 2 36.218 6.101 35.412 4.433
155 9 2 36.208 5.969 35.401 4.301
156 9 2 36.197 5.848 35.391 4.180
157 9 2 36.207 5.716 35.401 4.048
158 9 2 36.237 5.584 35.431 3.917
159 9 2 36.288 5.483 35.482 3.816
160 9 2 36.359 5.382 35.553 3.715
161 9 2 36.409 5.260 35.603 3.593
162 9 2 36.460 5.159 35.654 3.492
163 9 2 36.500 5.048 35.694 3.381
164 9 2 36.520 4.936 35.714 3.270
165 9 2 36.561 4.845 35.755 3.179
166 9 2 36.611 4.734 35.805 3.068
167 9 2 36.662 4.613 35.856 2.947
168 9 2 36.702 4.511 35.896 2.846
169 9 2 36.753 4.390 35.947 2.725
170 9 2 36.803 4.279 35.997 2.614
171 9 2 36.874 4.178 36.068 2.513
172 9 2 36.945 4.056 36.139 2.392
173 9 2 36.995 3.955 36.189 2.291
174 9 2 37.035 3.844 36.230 2.180
175 9 2 37.035 3.733 36.229 2.069
176 9 2 37.035 3.612 36.229 1.948
177 9 2 37.044 3.491 36.239 1.827
178 9 2 37.075 3.360 36.269 1.696
179 9 2 37.125 3.249 36.320 1.585
180 9 2 37.196 3.148 36.390 1.484
181 9 2 37.226 3.047 36.421 1.384
182 9 2 37.246 2.916 36.440 1.253
183 9 2 37.266 2.795 36.460 1.132
184 9 2 37.275 2.674 36.470 1.011
185 9 2 37.275 2.553 36.470 0.890
186 9 2 37.295 2.442 36.490 0.779
187 9 2 37.285 2.341 36.480 0.679
188 9 2 37.264 2.240 36.459 0.578
189 9 2 37.254 2.139 36.449 0.477
190 9 2 37.243 2.039 36.438 0.377
191 9 2 37.233 1.948 36.428 0.286
192 9 2 37.253 1.847 36.448 0.185
193 9 2 37.273 1.746 36.468 0.085
194 9 2 37.262 1.656 36.458 -0.006
195 9 2 37.252 1.555 36.447 -0.106
196 9 2 37.221 1.444 36.417 -0.217
197 9 2 37.201 1.323 36.396 -0.338
198 9 2 37.170 1.223 36.366 -0.438
199 9 2 37.139 1.142 36.335 -0.519
200 9 2 37.119 1.072 36.315 -0.589
201 9 2 37.088 1.021 36.284 -0.640
202 9 2 37.048 0.981 36.243 -0.680
203 9 2 37.017 0.941 36.213 -0.720
204 9 2 36.987 0.911 36.183 -0.750
205 9 2 36.956 0.880 36.152 -0.781
206 9 2 36.926 0.830 36.122 -0.831
207 9 2 36.875 0.780 36.071 -0.881
208 9 2 36.824 0.729 36.020 -0.932
209 9 2 36.784 0.679 35.979 -0.982
210 9 2 36.743 0.649 35.939 -1.012
211 9 2 36.733 0.629 35.929 -1.032
212 9 2 36.662 0.598 35.858 -1.063
213 9 2 36.601 0.568 35.797 -1.093
214 9 2 36.540 0.548 35.736 -1.113
215 9 2 36.489 0.518 35.685 -1.143
216 9 2 36.439 0.497 35.634 -1.164
217 9 2 36.449 0.477 35.645 -1.184
218 9 2 36.459 0.447 35.655 -1.214
219 9 2 36.489 0.417 35.685 -1.244
220 9 2 36.509 0.387 35.705 -1.274
221 9 2 36.499 0.346 35.695 -1.314
222 9 2 36.459 0.316 35.654 -1.345
223 9 2 36.428 0.286 35.624 -1.375
224 9 2 36.408 0.266 35.604 -1.395
225 9 2 36.387 0.256 35.583 -1.405
226 9 2 36.357 0.246 35.553 -1.415
227 9 2 36.306 0.236 35.502 -1.425
228 9 2 36.246 0.225 35.441 -1.436
229 9 2 36.195 0.225 35.391 -1.436
230 9 2 36.144 0.215 35.340 -1.446
231 9 2 36.093 0.215 35.289 -1.446
232 9 2 36.043 0.215 35.239 -1.446
233 9 2 36.002 0.215 35.198 -1.446
234 9 2 35.962 0.215 35.157 -1.446
235 9 2 35.921 0.215 35.117 -1.446
236 9 2 35.870 0.215 35.066 -1.446
237 9 2 35.820 0.215 35.015 -1.447
238 9 2 35.769 0.215 34.965 -1.447
239 9 2 35.728 0.215 34.924 -1.447
42 0 1 34.924 4.686 34.200 3.959
43 0 1 34.934 4.696 34.210 3.969
44 0 1 34.924 4.717 34.200 3.989
45 0 1 34.944 4.757 34.220 4.030
46 0 1 34.954 4.798 34.231 4.070
47 0 1 34.985 4.848 34.261 4.121
48 0 1 34.995 4.889 34.271 4.161
49 0 1 35.016 4.939 34.292 4.212
50 0 1 35.016 5.000 34.292 4.272
51 0 1 35.026 5.081 34.302 4.353
52 0 1 35.006 5.202 34.282 4.475
53 0 1 34.996 5.273 34.272 4.546
54 0 1 35.006 5.354 34.282 4.627
55 0 1 35.016 5.405 34.292 4.677
56 0 1 35.037 5.425 34.313 4.698
57 0 1 35.057 5.456 34.333 4.728
58 0 1 35.067 5.506 34.343 4.779
59 0 1 35.057 5.526 34.333 4.799
60 0 1 35.037 5.577 34.313 4.849
61 0 1 35.007 5.628 34.283 4.900
62 0 1 34.996 5.668 34.272 4.941
63 0 1 34.976 5.709 34.252 4.981
64 0 1 34.986 5.760 34.262 5.032
65 0 1 34.987 5.800 34.262 5.072
66 0 1 34.997 5.851 34.273 5.123
67 0 1 35.017 5.922 34.293 5.194
68 0 1 35.048 6.003 34.324 5.275
69 0 1 35.079 6.094 34.354 5.366
70 0 1 35.089 6.195 34.365 5.467
71 0 1 35.079 6.276 34.355 5.548
72 0 1 35.089 6.337 34.365 5.609
73 0 1 35.099 6.377 34.375 5.650
74 0 1 35.120 6.398 34.396 5.670
75 0 1 35.130 6.428 34.406 5.700
76 0 1 35.140 6.438 34.416 5.710
77 0 1 35.140 6.479 34.416 5.751
78 0 1 35.130 6.519 34.406 5.791
79 0 1 35.130 6.560 34.406 5.832
80 0 1 35.130 6.590 34.406 5.862
81 0 1 35.141 6.641 34.416 5.913
82 0 1 35.151 6.692 34.427 5.964
83 0 1 35.171 6.763 34.447 6.035
84 0 1 35.192 6.864 34.467 6.136
85 0 1 35.202 6.975 34.478 6.247
86 0 1 35.213 7.077 34.488 6.349
87 0 1 35.203 7.148 34.478 6.420
88 0 1 35.193 7.199 34.468 6.471
89 0 1 35.193 7.229 34.468 6.501
90 0 1 35.193 7.249 34.468 6.521
91 0 1 35.203 7.290 34.478 6.562
92 0 1 35.213 7.320 34.488 6.592
93 0 1 35.193 7.361 34.468 6.633
94 0 1 35.173 7.402 34.448 6.673
95 0 1 35.162 7.442 34.438 6.714
96 0 1 35.162 7.483 34.438 6.755
97 0 1 35.173 7.534 34.448 6.805
98 0 1 35.163 7.574 34.438 6.846
99 0 1 35.153 7.625 34.428 6.897
100 0 1 35.153 7.716 34.428 6.988
101 0 1 35.143 7.828 34.418 7.100
102 0 1 35.153 7.950 34.428 7.222
103 0 1 35.153 8.041 34.428 7.313
104 0 1 35.153 8.082 34.428 7.354
105 0 1 35.164 8.102 34.439 7.374
106 0 1 35.184 8.112 34.459 7.384
107 0 1 35.184 8.143 34.459 7.414
108 0 1 35.204 8.173 34.479 7.445
109 0 1 35.194 8.204 34.469 7.475
110 0 1 35.194 8.254 34.469 7.526
111 0 1 35.184 8.295 34.459 7.567
112 0 1 35.164 8.346 34.439 7.617
113 0 1 35.144 8.407 34.419 7.678
114 0 1 35.154 8.458 34.429 7.729
115 0 1 35.154 8.498 34.429 7.770
116 0 1 35.164 8.590 34.439 7.861
117 0 1 35.165 8.691 34.439 7.963
118 0 1 35.154 8.793 34.429 8.064
0 0 1 34.789 3.160 34.066 2.432
1 0 1 34.779 3.210 34.056 2.483
2 0 1 34.769 3.230 34.046 2.503
3 0 1 34.779 3.250 34.056 2.523
4 0 1 34.779 3.250 34.056 2.523
5 0 1 34.779 3.271 34.056 2.544
6 0 1 34.789 3.291 34.066 2.564
7 0 1 34.799 3.321 34.076 2.594
8 0 1 34.800 3.341 34.076 2.614
9 0 1 34.800 3.352 34.076 2.624
10 0 1 34.800 3.352 34.076 2.624
11 0 1 34.800 3.362 34.076 2.634
12 0 1 34.810 3.382 34.086 2.655
13 0 1 34.820 3.392 34.097 2.665
14 0 1 34.840 3.402 34.117 2.675
15 0 1 34.840 3.422 34.117 2.695
16 0 1 34.851 3.463 34.127 2.736
17 0 1 34.871 3.533 34.148 2.806
18 0 1 34.871 3.624 34.148 2.897
19 0 1 34.871 3.715 34.148 2.988
20 0 1 34.871 3.776 34.148 3.049
21 0 1 34.861 3.827 34.138 3.099
22 0 1 34.861 3.857 34.138 3.130
23 0 1 34.872 3.887 34.148 3.160
24 0 1 34.882 3.918 34.158 3.190
25 0 1 34.872 3.948 34.148 3.221
26 0 1 34.862 3.978 34.138 3.251
27 0 1 34.862 3.988 34.138 3.261
28 0 1 34.862 4.009 34.138 3.281
29 0 1 34.862 4.049 34.138 3.322
30 0 1 34.862 4.079 34.138 3.352
31 0 1 34.852 4.130 34.128 3.403
32 0 1 34.831 4.181 34.108 3.453
33 0 1 34.842 4.201 34.118 3.473
34 0 1 34.862 4.241 34.138 3.514
35 0 1 34.893 4.312 34.169 3.585
36 0 1 34.903 4.403 34.179 3.676
37 0 1 34.913 4.504 34.189 3.777
38 0 1 34.903 4.595 34.179 3.868
39 0 1 34.903 4.646 34.179 3.918
40 0 1 34.903 4.676 34.180 3.949
41 0 1 34.913 4.676 34.190 3.949
119 0 1 35.144 8.874 34.419 8.146
120 0 1 35.155 8.905 34.429 8.176
121 0 1 35.145 8.935 34.419 8.207
122 0 1 35.145 8.976 34.419 8.247
123 0 1 35.165 9.027 34.440 8.298
124 0 1 35.165 9.078 34.440 8.349
125 0 1 35.186 9.128 34.460 8.400
126 0 1 35.196 9.179 34.471 8.450
127 0 1 35.186 9.220 34.460 8.491
128 0 1 35.216 9.240 34.491 8.511
129 0 1 35.257 9.270 34.532 8.542
130 0 1 35.278 9.280 34.552 8.552
131 0 1 35.308 9.311 34.583 8.582
132 0 1 35.319 9.382 34.593 8.653
133 0 1 35.309 9.463 34.583 8.735
134 0 1 35.309 9.565 34.583 8.836
135 0 1 35.340 9.646 34.614 8.917
136 0 1 35.370 9.687 34.645 8.958
137 0 1 35.380 9.717 34.655 8.988
138 0 1 35.401 9.737 34.675 9.009
139 0 1 35.401 9.758 34.675 9.029
140 0 1 35.401 9.788 34.676 9.059
141 0 1 35.411 9.819 34.686 9.090
142 0 1 35.421 9.849 34.696 9.120
143 0 1 35.432 9.900 34.706 9.171
144 0 1 35.442 9.951 34.717 9.222
145 0 1 35.452 10.042 34.727 9.313
146 0 1 35.453 10.103 34.727 9.375
147 0 1 35.483 10.154 34.758 9.425
148 0 1 35.524 10.225 34.799 9.496
149 0 1 35.575 10.327 34.850 9.598
150 0 1 35.606 10.438 34.881 9.709
151 0 1 35.627 10.530 34.901 9.801
152 0 1 35.637 10.581 34.911 9.852
153 0 1 35.647 10.601 34.922 9.872
154 0 1 35.678 10.631 34.952 9.902
155 0 1 35.709 10.672 34.983 9.943
156 0 1 35.750 10.733 35.024 10.004
157 0 1 35.770 10.824 35.044 10.095
158 0 1 35.780 10.895 35.055 10.167
159 0 1 35.791 10.946 35.065 10.217
160 0 1 35.801 10.977 35.075 10.248
161 0 1 35.801 10.987 35.075 10.258
162 0 1 35.801 10.997 35.075 10.268
163 0 1 35.801 11.017 35.075 10.289
164 0 1 35.801 11.068 35.075 10.339
165 0 1 35.812 11.150 35.086 10.421
166 0 1 35.853 11.241 35.127 10.512
167 0 1 35.883 11.322 35.158 10.594
168 0 1 35.883 11.394 35.158 10.665
169 0 1 35.894 11.445 35.168 10.716
170 0 1 35.914 11.475 35.188 10.746
171 0 1 35.935 11.505 35.209 10.777
172 0 1 35.955 11.556 35.229 10.827
173 0 1 35.955 11.597 35.229 10.868
174 0 1 35.955 11.638 35.230 10.909
175 0 1 35.945 11.699 35.219 10.970
176 0 1 35.945 11.730 35.219 11.001
177 0 1 35.945 11.780 35.220 11.051
178 0 1 35.956 11.821 35.230 11.092
179 0 1 35.976 11.862 35.250 11.133
180 0 1 36.017 11.902 35.291 11.173
181 0 1 36.007 11.984 35.281 11.255
182 0 1 36.007 12.076 35.281 11.347
183 0 1 36.008 12.167 35.281 11.438
184 0 1 35.997 12.249 35.271 11.520
185 0 1 36.018 12.279 35.292 11.550
186 0 1 36.049 12.310 35.323 11.581
187 0 1 36.059 12.330 35.333 11.601
188 0 1 36.059 12.361 35.333 11.632
189 0 1 36.059 12.391 35.333 11.662
190 0 1 36.049 12.432 35.323 11.703
191 0 1 36.039 12.483 35.313 11.754
192 0 1 36.039 12.544 35.313 11.815
193 0 1 36.019 12.595 35.292 11.866
194 0 1 35.998 12.647 35.272 11.917
195 0 1 35.978 12.667 35.252 11.938
196 0 1 35.968 12.677 35.242 11.948
197 0 1 35.978 12.718 35.252 11.989
198 0 1 35.999 12.779 35.272 12.050
199 0 1 36.019 12.861 35.293 12.131
200 0 1 36.030 12.942 35.303 12.213
201 0 1 36.030 13.014 35.303 12.284
202 0 1 36.020 13.054 35.293 12.325
203 0 1 35.999 13.085 35.273 12.356
204 0 1 36.009 13.095 35.283 12.366
205 0 1 36.020 13.106 35.293 12.376
206 0 1 36.020 13.116 35.293 12.386
207 0 1 36.030 13.136 35.304 12.407
208 0 1 36.020 13.177 35.293 12.448
209 0 1 36.010 13.228 35.283 12.499
210 0 1 36.020 13.279 35.294 12.550
211 0 1 36.030 13.361 35.304 12.631
212 0 1 36.020 13.432 35.294 12.703
213 0 1 36.021 13.504 35.294 12.774
214 0 1 36.010 13.544 35.284 12.815
215 0 1 36.011 13.595 35.284 12.866
216 0 1 36.000 13.657 35.274 12.927
217 0 1 36.001 13.718 35.274 12.988
218 0 1 36.001 13.759 35.274 13.029
219 0 1 35.991 13.800 35.264 13.070
220 0 1 35.991 13.820 35.264 13.091
221 0 1 36.001 13.861 35.274 13.131
222 0 1 35.981 13.882 35.254 13.152
223 0 1 35.970 13.953 35.244 13.224
224 0 1 35.940 13.994 35.213 13.265
225 0 1 35.899 14.056 35.172 13.326
226 0 1 35.889 14.087 35.162 13.357
227 0 1 35.879 14.107 35.152 13.377
228 0 1 35.869 14.138 35.142 13.408
229 0 1 35.869 14.199 35.142 13.469
230 0 1 35.849 14.250 35.122 13.521
231 0 1 35.838 14.312 35.111 13.582
232 0 1 35.818 14.363 35.091 13.633
233 0 1 35.798 14.435 35.071 13.705
234 0 1 35.788 14.496 35.061 13.766
235 0 1 35.788 14.537 35.061 13.807
236 0 1 35.788 14.568 35.061 13.838
237 0 1 35.798 14.568 35.071 13.838
238 0 1 35.798 14.568 35.071 13.838
239 0 1 35.788 14.568 35.061 13.838
240 0 1 35.767 14.598 35.040 13.869
241 0 1 35.737 14.670 35.010 13.940
242 0 1 35.717 14.752 34.990 14.022
243 0 1 35.717 14.803 34.990 14.073
244 0 1 35.727 14.844 35.000 14.114
245 0 1 35.717 14.854 34.990 14.124
246 0 1 35.717 14.895 34.990 14.165
247 0 1 35.707 14.967 34.980 14.237
248 0 1 35.697 15.059 34.970 14.329
249 0 1 35.677 15.151 34.949 14.421
250 0 1 35.667 15.223 34.939 14.493
251 0 1 35.646 15.264 34.919 14.534
252 0 1 35.636 15.285 34.909 14.555
253 0 1 35.616 15.305 34.888 14.575
254 0 1 35.616 15.336 34.888 14.606
255 0 1 35.616 15.387 34.888 14.657
256 0 1 35.616 15.438 34.888 14.708
257 0 1 35.595 15.459 34.868 14.729
258 0 1 35.585 15.490 34.858 14.759
259 0 1 35.565 15.551 34.837 14.821
260 0 1 35.555 15.623 34.827 14.893
261 0 1 35.545 15.695 34.817 14.964
262 0 1 35.535 15.746 34.807 15.016
263 0 1 35.504 15.746 34.776 15.016
264 0 1 35.483 15.757 34.756 15.026
265 0 1 35.463 15.777 34.735 15.047
266 0 1 35.463 15.849 34.735 15.119
267 0 1 35.443 15.931 34.715 15.201
268 0 1 35.433 16.013 34.705 15.283
269 0 1 35.423 16.064 34.695 15.334
270 0 1 35.423 16.095 34.695 15.365
271 0 1 35.433 16.095 34.705 15.365
272 0 1 35.443 16.115 34.715 15.385
273 0 1 35.433 16.146 34.705 15.416
274 0 1 35.423 16.218 34.695 15.487
275 0 1 35.413 16.290 34.685 15.559
276 0 1 35.413 16.341 34.685 15.610
277 0 1 35.423 16.402 34.695 15.672
278 0 1 35.413 16.433 34.685 15.703
279 0 1 35.403 16.464 34.675 15.733
280 0 1 35.403 16.495 34.675 15.764
281 0 1 35.413 16.525 34.685 15.795
282 0 1 35.434 16.535 34.706 15.805
283 0 1 35.444 16.587 34.716 15.856
284 0 1 35.434 16.628 34.706 15.897
285 0 1 35.424 16.710 34.696 15.979
286 0 1 35.414 16.782 34.686 16.051
287 0 1 35.414 16.823 34.686 16.092
288 0 1 35.424 16.843 34.696 16.112
289 0 1 35.424 16.853 34.696 16.122
290 0 1 35.424 16.863 34.696 16.133
291 0 1 35.414 16.905 34.686 16.174
292 0 1 35.394 16.966 34.665 16.235
293 0 1 35.383 17.018 34.655 16.287
294 0 1 35.373 17.069 34.645 16.338
295 0 1 35.373 17.110 34.645 16.379
296 0 1 35.363 17.161 34.635 16.430
297 0 1 35.343 17.213 34.614 16.482
298 0 1 35.322 17.264 34.594 16.533
299 0 1 35.292 17.306 34.563 16.575
300 0 1 35.271 17.337 34.543 16.606
301 0 1 35.271 17.367 34.543 16.636
302 0 1 35.271 17.408 34.543 16.677
303 0 1 35.282 17.449 34.553 16.718
304 0 1 35.282 17.480 34.553 16.749
305 0 1 35.282 17.500 34.553 16.769
306 0 1 35.272 17.531 34.543 16.800
307 0 1 35.251 17.583 34.523 16.852
308 0 1 35.231 17.655 34.502 16.924
309 0 1 35.231 17.716 34.502 16.985
310 0 1 35.231 17.768 34.503 17.037
311 0 1 35.231 17.809 34.503 17.078
312 0 1 35.231 17.829 34.503 17.098
313 0 1 35.242 17.870 34.513 17.139
314 0 1 35.252 17.911 34.523 17.180
315 0 1 35.262 17.962 34.534 17.231
316 0 1 35.252 18.003 34.523 17.272
317 0 1 35.232 18.045 34.503 17.314
318 0 1 35.221 18.096 34.493 17.365
319 0 1 35.232 18.127 34.503 17.396
320 0 1 35.222 18.168 34.493 17.437
321 0 1 35.232 18.188 34.503 17.457
322 0 1 35.222 18.209 34.493 17.478
323 0 1 35.222 18.209 34.493 17.478
324 0 1 35.201 18.240 34.472 17.509
325 0 1 35.191 18.271 34.462 17.540
326 0 1 35.160 18.333 34.432 17.602
327 0 1 35.140 18.395 34.411 17.663
328 0 1 35.120 18.467 34.391 17.735
329 0 1 35.099 18.529 34.370 17.797
330 0 1 35.079 18.590 34.350 17.859
331 0 1 35.069 18.642 34.340 17.910
332 0 1 35.069 18.683 34.340 17.952
333 0 1 35.069 18.724 34.340 17.993
334 0 1 35.069 18.745 34.340 18.013
335 0 1 35.059 18.776 34.330 18.044
336 0 1 35.048 18.796 34.319 18.065
337 0 1 35.028 18.838 34.299 18.106
338 0 1 35.028 18.879 34.299 18.147
339 0 1 35.018 18.930 34.289 18.199
340 0 1 35.008 18.982 34.278 18.250
341 0 1 35.008 19.033 34.279 18.301
342 0 1 35.018 19.094 34.289 18.363
343 0 1 35.028 19.135 34.299 18.404
344 0 1 35.039 19.166 34.310 18.435
345 0 1 35.039 19.218 34.310 18.486
346 0 1 35.029 19.279 34.299 18.548
347 0 1 35.019 19.331 34.289 18.599
348 0 1 34.998 19.403 34.269 18.671
349 0 1 34.988 19.444 34.259 18.713
350 0 1 34.988 19.475 34.259 18.743
351 0 1 34.988 19.506 34.259 18.774
352 0 1 34.998 19.557 34.269 18.825
353 0 1 34.998 19.609 34.269 18.877
354 0 1 35.009 19.660 34.279 18.928
355 0 1 35.019 19.711 34.290 18.979
356 0 1 35.029 19.752 34.300 19.020
357 0 1 35.019 19.793 34.290 19.062
358 0 1 35.009 19.835 34.280 19.103
359 0 1 35.009 19.855 34.280 19.123
360 0 1 34.999 19.866 34.269 19.134
361 0 1 34.999 19.876 34.269 19.144
362 0 1 34.999 19.896 34.269 19.165
363 0 1 34.999 19.917 34.269 19.185
364 0 1 34.999 19.938 34.269 19.206
365 0 1 34.999 19.979 34.269 19.247
366 0 1 34.999 20.010 34.269 19.278
367 0 1 34.989 20.030 34.259 19.298
368 0 1 34.989 20.051 34.259 19.319
369 0 1 34.958 20.103 34.229 19.371
370 0 1 34.938 20.144 34.208 19.412
371 0 1 34.907 20.216 34.177 19.484
372 0 1 34.887 20.278 34.157 19.546
373 0 1 34.866 20.320 34.136 19.588
374 0 1 34.856 20.340 34.126 19.608
375 0 1 34.846 20.351 34.116 19.619
376 0 1 34.846 20.361 34.116 19.629
377 0 1 34.846 20.371 34.116 19.639
378 0 1 34.825 20.382 34.095 19.650
379 0 1 34.805 20.403 34.075 19.671
380 0 1 34.784 20.434 34.054 19.702
381 0 1 34.774 20.455 34.044 19.723
382 0 1 34.764 20.486 34.034 19.754
383 0 1 34.754 20.517 34.024 19.785
384 0 1 34.754 20.537 34.024 19.805
385 0 1 34.754 20.558 34.024 19.826
386 0 1 34.754 20.578 34.024 19.846
387 0 1 34.754 20.620 34.024 19.887
388 0 1 34.754 20.681 34.024 19.949
389 0 1 34.764 20.722 34.034 19.990
390 0 1 34.764 20.743 34.034 20.011
391 0 1 34.764 20.753 34.034 20.021
392 0 1 34.764 20.743 34.034 20.011
393 0 1 34.764 20.743 34.034 20.011
394 0 1 34.775 20.763 34.044 20.031
395 0 1 34.775 20.774 34.044 20.042
396 0 1 34.785 20.784 34.055 20.052
397 0 1 34.795 20.794 34.065 20.062
398 0 1 34.816 20.794 34.086 20.062
399 0 1 34.826 20.794 34.096 20.062
400 0 1 34.826 20.794 34.096 20.062
401 0 1 34.836 20.794 34.106 20.061
402 0 1 34.836 20.794 34.106 20.061
403 0 1 34.846 20.793 34.116 20.061
404 0 1 34.846 20.793 34.116 20.061
405 0 1 34.857 20.793 34.127 20.061
406 0 1 34.867 20.793 34.137 20.061
407 0 1 34.867 20.793 34.137 20.061
408 0 1 34.867 20.793 34.137 20.061
409 0 1 34.867 20.793 34.137 20.061
42 1 1 34.176 18.580 33.375 17.582
43 1 1 34.176 18.570 33.375 17.571
44 1 1 34.187 18.569 33.385 17.571
45 1 1 34.187 18.549 33.385 17.551
46 1 1 34.186 18.508 33.385 17.510
47 1 1 34.186 18.436 33.385 17.438
48 1 1 34.176 18.385 33.375 17.387
49 1 1 34.186 18.364 33.385 17.366
50 1 1 34.207 18.374 33.405 17.376
51 1 1 34.207 18.374 33.405 17.376
52 1 1 34.197 18.343 33.395 17.345
53 1 1 34.186 18.272 33.385 17.274
54 1 1 34.186 18.189 33.385 17.191
55 1 1 34.186 18.117 33.385 17.120
56 1 1 34.206 18.045 33.405 17.048
57 1 1 34.206 17.994 33.405 16.996
58 1 1 34.206 17.943 33.405 16.945
59 1 1 34.186 17.912 33.384 16.914
60 1 1 34.175 17.881 33.374 16.884
61 1 1 34.175 17.871 33.374 16.873
62 1 1 34.186 17.830 33.384 16.832
63 1 1 34.196 17.799 33.395 16.801
64 1 1 34.216 17.768 33.415 16.770
65 1 1 34.237 17.747 33.436 16.750
66 1 1 34.237 17.717 33.436 16.719
67 1 1 34.227 17.665 33.425 16.668
68 1 1 34.216 17.624 33.415 16.627
69 1 1 34.196 17.583 33.394 16.586
70 1 1 34.206 17.553 33.405 16.555
71 1 1 34.216 17.542 33.415 16.545
72 1 1 34.216 17.522 33.415 16.524
73 1 1 34.226 17.481 33.425 16.483
74 1 1 34.226 17.419 33.425 16.421
75 1 1 34.226 17.347 33.425 16.350
76 1 1 34.247 17.265 33.445 16.267
77 1 1 34.267 17.193 33.466 16.195
78 1 1 34.287 17.152 33.486 16.154
79 1 1 34.308 17.121 33.507 16.123
80 1 1 34.328 17.100 33.527 16.103
81 1 1 34.328 17.090 33.527 16.092
82 1 1 34.328 17.090 33.527 16.092
83 1 1 34.349 17.079 33.548 16.082
84 1 1 34.380 17.069 33.579 16.071
85 1 1 34.390 17.038 33.589 16.041
86 1 1 34.400 17.007 33.599 16.010
87 1 1 34.400 16.966 33.599 15.969
88 1 1 34.410 16.925 33.609 15.928
89 1 1 34.410 16.884 33.609 15.887
90 1 1 34.420 16.832 33.620 15.835
91 1 1 34.420 16.771 33.619 15.774
92 1 1 34.420 16.689 33.619 15.692
93 1 1 34.430 16.617 33.630 15.620
94 1 1 34.440 16.566 33.640 15.569
95 1 1 34.430 16.535 33.629 15.538
96 1 1 34.440 16.514 33.640 15.517
97 1 1 34.451 16.504 33.650 15.507
98 1 1 34.461 16.473 33.660 15.476
99 1 1 34.471 16.452 33.670 15.456
100 1 1 34.491 16.432 33.691 15.435
101 1 1 34.502 16.401 33.701 15.404
102 1 1 34.512 16.370 33.711 15.373
103 1 1 34.522 16.319 33.722 15.322
104 1 1 34.512 16.288 33.711 15.291
105 1 1 34.512 16.268 33.711 15.271
106 1 1 34.522 16.247 33.722 15.250
107 1 1 34.542 16.226 33.742 15.230
108 1 1 34.553 16.175 33.752 15.178
109 1 1 34.573 16.093 33.773 15.096
110 1 1 34.583 16.021 33.783 15.025
111 1 1 34.593 15.949 33.793 14.953
112 1 1 34.593 15.898 33.793 14.902
113 1 1 34.603 15.836 33.803 14.840
114 1 1 34.614 15.785 33.813 14.789
115 1 1 34.624 15.744 33.824 14.748
116 1 1 34.644 15.744 33.844 14.748
117 1 1 34.644 15.744 33.844 14.748
118 1 1 34.644 15.775 33.844 14.778
0 1 1 34.230 20.328 33.427 19.329
1 1 1 34.240 20.317 33.438 19.318
2 1 1 34.240 20.286 33.438 19.287
3 1 1 34.240 20.245 33.438 19.246
4 1 1 34.240 20.224 33.438 19.226
5 1 1 34.230 20.204 33.427 19.205
6 1 1 34.219 20.184 33.417 19.185
7 1 1 34.219 20.173 33.417 19.174
8 1 1 34.219 20.142 33.417 19.143
9 1 1 34.240 20.111 33.437 19.112
10 1 1 34.260 20.101 33.458 19.102
11 1 1 34.260 20.090 33.458 19.092
12 1 1 34.260 20.049 33.458 19.050
13 1 1 34.260 19.998 33.458 18.999
14 1 1 34.260 19.926 33.458 18.927
15 1 1 34.280 19.843 33.478 18.845
16 1 1 34.280 19.761 33.478 18.762
17 1 1 34.270 19.689 33.468 18.690
18 1 1 34.260 19.627 33.458 18.629
19 1 1 34.249 19.586 33.447 18.588
20 1 1 34.249 19.545 33.447 18.547
21 1 1 34.239 19.515 33.437 18.516
22 1 1 34.249 19.473 33.447 18.475
23 1 1 34.259 19.442 33.457 18.444
24 1 1 34.280 19.401 33.478 18.402
25 1 1 34.280 19.370 33.478 18.372
26 1 1 34.270 19.350 33.468 18.351
27 1 1 34.249 19.299 33.447 18.300
28 1 1 34.228 19.258 33.427 18.259
29 1 1 34.218 19.237 33.416 18.239
30 1 1 34.208 19.227 33.406 18.229
31 1 1 34.187 19.207 33.385 18.208
32 1 1 34.167 19.176 33.365 18.178
33 1 1 34.167 19.104 33.365 18.106
34 1 1 34.187 19.032 33.385 18.034
35 1 1 34.208 18.949 33.406 17.951
36 1 1 34.218 18.877 33.416 17.879
37 1 1 34.207 18.806 33.406 17.807
38 1 1 34.207 18.744 33.406 17.746
39 1 1 34.197 18.703 33.395 17.705
40 1 1 34.187 18.652 33.385 17.653
41 1 1 34.176 18.611 33.375 17.613
119 1 1 34.644 15.764 33.844 14.768
120 1 1 34.654 15.744 33.854 14.748
121 1 1 34.685 15.703 33.885 14.706
122 1 1 34.705 15.651 33.905 14.655
123 1 1 34.736 15.600 33.936 14.604
124 1 1 34.736 15.549 33.936 14.552
125 1 1 34.736 15.508 33.936 14.511
126 1 1 34.726 15.477 33.926 14.481
127 1 1 34.736 15.426 33.936 14.430
128 1 1 34.736 15.364 33.936 14.368
129 1 1 34.766 15.292 33.966 14.296
130 1 1 34.766 15.221 33.966 14.225
131 1 1 34.756 15.159 33.956 14.163
132 1 1 34.746 15.119 33.946 14.123
133 1 1 34.756 15.078 33.956 14.082
134 1 1 34.766 15.047 33.966 14.051
135 1 1 34.776 15.026 33.976 14.030
136 1 1 34.766 15.016 33.966 14.020
137 1 1 34.745 14.996 33.946 14.000
138 1 1 34.745 14.965 33.946 13.969
139 1 1 34.756 14.934 33.956 13.938
140 1 1 34.776 14.883 33.976 13.887
141 1 1 34.776 14.842 33.976 13.846
142 1 1 34.766 14.801 33.966 13.805
143 1 1 34.755 14.771 33.956 13.775
144 1 1 34.745 14.750 33.945 13.754
145 1 1 34.766 14.699 33.966 13.703
146 1 1 34.796 14.637 33.996 13.642
147 1 1 34.827 14.576 34.027 13.580
148 1 1 34.857 14.514 34.058 13.518
149 1 1 34.867 14.453 34.068 13.457
150 1 1 34.878 14.401 34.078 13.406
151 1 1 34.888 14.350 34.088 13.355
152 1 1 34.898 14.330 34.098 13.334
153 1 1 34.908 14.330 34.109 13.334
154 1 1 34.918 14.319 34.119 13.324
155 1 1 34.918 14.319 34.119 13.324
156 1 1 34.918 14.299 34.119 13.303
157 1 1 34.918 14.289 34.119 13.293
158 1 1 34.908 14.278 34.109 13.283
159 1 1 34.898 14.238 34.098 13.242
160 1 1 34.898 14.187 34.098 13.191
161 1 1 34.898 14.125 34.098 13.130
162 1 1 34.898 14.064 34.098 13.069
163 1 1 34.877 14.023 34.078 13.028
164 1 1 34.856 13.952 34.057 12.956
165 1 1 34.856 13.870 34.057 12.875
166 1 1 34.866 13.798 34.067 12.803
167 1 1 34.897 13.727 34.098 12.731
168 1 1 34.907 13.686 34.108 12.691
169 1 1 34.907 13.655 34.108 12.660
170 1 1 34.897 13.614 34.098 12.619
171 1 1 34.897 13.604 34.098 12.609
172 1 1 34.897 13.604 34.098 12.609
173 1 1 34.887 13.614 34.087 12.619
174 1 1 34.897 13.604 34.098 12.609
175 1 1 34.897 13.573 34.098 12.578
176 1 1 34.886 13.512 34.087 12.517
177 1 1 34.876 13.441 34.077 12.446
178 1 1 34.856 13.369 34.056 12.374
179 1 1 34.825 13.298 34.026 12.303
180 1 1 34.804 13.237 34.005 12.242
181 1 1 34.794 13.206 33.995 12.211
182 1 1 34.794 13.155 33.995 12.160
183 1 1 34.804 13.104 34.005 12.109
184 1 1 34.814 13.022 34.015 12.028
185 1 1 34.814 12.941 34.015 11.946
186 1 1 34.814 12.880 34.015 11.885
187 1 1 34.814 12.828 34.015 11.834
188 1 1 34.814 12.808 34.015 11.813
189 1 1 34.824 12.808 34.025 11.813
190 1 1 34.814 12.798 34.015 11.803
191 1 1 34.814 12.808 34.015 11.813
192 1 1 34.824 12.788 34.025 11.793
193 1 1 34.834 12.757 34.035 11.762
194 1 1 34.855 12.716 34.056 11.721
195 1 1 34.875 12.675 34.076 11.680
196 1 1 34.875 12.614 34.076 11.619
197 1 1 34.895 12.542 34.096 11.548
198 1 1 34.905 12.471 34.107 11.476
199 1 1 34.905 12.430 34.107 11.435
200 1 1 34.926 12.389 34.127 11.394
201 1 1 34.936 12.348 34.137 11.354
202 1 1 34.946 12.287 34.147 11.292
203 1 1 34.966 12.215 34.168 11.221
204 1 1 34.966 12.164 34.168 11.170
205 1 1 34.946 12.144 34.147 11.150
206 1 1 34.946 12.103 34.147 11.109
207 1 1 34.946 12.072 34.147 11.078
208 1 1 34.956 12.032 34.157 11.037
209 1 1 34.976 11.991 34.178 10.997
210 1 1 34.976 11.991 34.178 10.997
211 1 1 34.986 11.980 34.188 10.986
212 1 1 34.976 11.940 34.178 10.946
213 1 1 34.976 11.879 34.177 10.884
214 1 1 34.976 11.807 34.177 10.813
215 1 1 34.986 11.736 34.188 10.742
216 1 1 34.996 11.674 34.198 10.680
217 1 1 34.996 11.623 34.198 10.630
218 1 1 34.975 11.562 34.177 10.568
219 1 1 34.965 11.501 34.167 10.507
220 1 1 34.975 11.440 34.177 10.446
221 1 1 34.995 11.379 34.197 10.385
222 1 1 35.026 11.318 34.228 10.324
223 1 1 35.046 11.256 34.248 10.263
224 1 1 35.046 11.215 34.248 10.222
225 1 1 35.036 11.185 34.238 10.191
226 1 1 35.026 11.175 34.228 10.181
227 1 1 35.016 11.155 34.218 10.161
228 1 1 35.016 11.134 34.217 10.140
229 1 1 35.026 11.114 34.228 10.120
230 1 1 35.046 11.103 34.248 10.110
231 1 1 35.056 11.063 34.258 10.069
232 1 1 35.056 11.001 34.258 10.008
233 1 1 35.066 10.920 34.268 9.926
234 1 1 35.076 10.838 34.278 9.845
235 1 1 35.086 10.777 34.289 9.784
236 1 1 35.086 10.726 34.288 9.733
237 1 1 35.076 10.686 34.278 9.692
238 1 1 35.086 10.635 34.288 9.641
239 1 1 35.106 10.584 34.309 9.590
240 1 1 35.127 10.512 34.329 9.519
241 1 1 35.147 10.471 34.349 9.478
242 1 1 35.147 10.431 34.349 9.437
243 1 1 35.147 10.390 34.349 9.397
244 1 1 35.137 10.359 34.339 9.366
245 1 1 35.126 10.329 34.329 9.336
246 1 1 35.116 10.309 34.319 9.315
247 1 1 35.116 10.298 34.319 9.305
248 1 1 35.116 10.278 34.319 9.285
249 1 1 35.126 10.258 34.329 9.265
250 1 1 35.136 10.217 34.339 9.224
251 1 1 35.126 10.166 34.329 9.173
252 1 1 35.126 10.105 34.329 9.112
253 1 1 35.106 10.034 34.308 9.041
254 1 1 35.085 9.973 34.288 8.980
255 1 1 35.075 9.912 34.277 8.919
256 1 1 35.075 9.881 34.277 8.888
257 1 1 35.085 9.841 34.287 8.848
258 1 1 35.105 9.800 34.308 8.807
259 1 1 35.115 9.759 34.318 8.766
260 1 1 35.125 9.718 34.328 8.726
261 1 1 35.136 9.688 34.338 8.695
262 1 1 35.136 9.678 34.338 8.685
263 1 1 35.156 9.647 34.359 8.654
264 1 1 35.166 9.627 34.369 8.634
265 1 1 35.156 9.596 34.359 8.603
266 1 1 35.156 9.545 34.358 8.553
267 1 1 35.145 9.505 34.348 8.512
268 1 1 35.145 9.464 34.348 8.471
269 1 1 35.166 9.423 34.369 8.431
270 1 1 35.186 9.372 34.389 8.380
271 1 1 35.196 9.301 34.399 8.308
272 1 1 35.206 9.220 34.409 8.227
273 1 1 35.206 9.138 34.409 8.146
274 1 1 35.196 9.088 34.399 8.095
275 1 1 35.206 9.067 34.409 8.075
276 1 1 35.236 9.037 34.439 8.044
277 1 1 35.257 9.016 34.460 8.024
278 1 1 35.277 8.996 34.480 8.003
279 1 1 35.287 8.985 34.490 7.993
280 1 1 35.287 8.965 34.490 7.973
281 1 1 35.287 8.935 34.490 7.942
282 1 1 35.297 8.894 34.500 7.902
283 1 1 35.297 8.833 34.500 7.841
284 1 1 35.307 8.782 34.511 7.790
285 1 1 35.307 8.721 34.510 7.729
286 1 1 35.307 8.660 34.510 7.668
287 1 1 35.307 8.599 34.510 7.607
288 1 1 35.307 8.548 34.510 7.556
289 1 1 35.297 8.508 34.500 7.516
290 1 1 35.286 8.457 34.490 7.465
291 1 1 35.276 8.386 34.479 7.394
292 1 1 35.286 8.315 34.489 7.323
293 1 1 35.296 8.254 34.500 7.262
294 1 1 35.317 8.193 34.520 7.201
295 1 1 35.337 8.152 34.540 7.160
296 1 1 35.347 8.101 34.550 7.109
297 1 1 35.367 8.061 34.571 7.069
298 1 1 35.388 8.020 34.591 7.028
299 1 1 35.398 7.990 34.601 6.998
300 1 1 35.398 7.990 34.601 6.998
301 1 1 35.398 7.969 34.601 6.977
302 1 1 35.408 7.929 34.611 6.937
303 1 1 35.418 7.878 34.621 6.886
304 1 1 35.418 7.817 34.621 6.825
305 1 1 35.428 7.766 34.631 6.774
306 1 1 35.428 7.746 34.631 6.754
307 1 1 35.428 7.705 34.631 6.714
308 1 1 35.438 7.675 34.642 6.683
309 1 1 35.428 7.624 34.631 6.632
310 1 1 35.417 7.563 34.621 6.572
311 1 1 35.427 7.492 34.631 6.501
312 1 1 35.427 7.431 34.631 6.440
313 1 1 35.437 7.370 34.641 6.379
314 1 1 35.458 7.340 34.661 6.348
315 1 1 35.458 7.340 34.661 6.348
316 1 1 35.458 7.340 34.661 6.348
317 1 1 35.468 7.340 34.672 6.348
318 1 1 35.478 7.319 34.682 6.328
319 1 1 35.488 7.289 34.692 6.298
320 1 1 35.488 7.238 34.692 6.247
321 1 1 35.488 7.187 34.692 6.196
322 1 1 35.478 7.137 34.681 6.145
323 1 1 35.478 7.086 34.681 6.095
324 1 1 35.477 7.025 34.681 6.034
325 1 1 35.477 6.975 34.681 5.983
326 1 1 35.467 6.924 34.671 5.933
327 1 1 35.467 6.873 34.671 5.882
328 1 1 35.467 6.822 34.671 5.831
329 1 1 35.467 6.792 34.671 5.801
330 1 1 35.487 6.741 34.691 5.750
331 1 1 35.497 6.691 34.701 5.699
332 1 1 35.497 6.630 34.701 5.639
333 1 1 35.497 6.579 34.701 5.588
334 1 1 35.487 6.549 34.691 5.558
335 1 1 35.476 6.539 34.681 5.548
336 1 1 35.476 6.539 34.681 5.548
337 1 1 35.487 6.539 34.691 5.548
338 1 1 35.476 6.539 34.681 5.548
339 1 1 35.487 6.528 34.691 5.537
340 1 1 35.497 6.518 34.701 5.527
341 1 1 35.497 6.498 34.701 5.507
342 1 1 35.497 6.468 34.701 5.477
343 1 1 35.486 6.427 34.691 5.436
344 1 1 35.486 6.366 34.691 5.375
345 1 1 35.486 6.295 34.690 5.304
346 1 1 35.506 6.224 34.711 5.233
347 1 1 35.516 6.153 34.721 5.163
348 1 1 35.516 6.103 34.721 5.112
349 1 1 35.506 6.052 34.710 5.061
350 1 1 35.496 6.012 34.700 5.021
351 1 1 35.496 5.991 34.700 5.001
352 1 1 35.496 5.961 34.700 4.970
353 1 1 35.506 5.941 34.710 4.950
354 1 1 35.516 5.941 34.720 4.950
355 1 1 35.516 5.941 34.720 4.950
356 1 1 35.516 5.930 34.720 4.940
357 1 1 35.516 5.910 34.720 4.920
358 1 1 35.516 5.880 34.720 4.889
359 1 1 35.506 5.849 34.710 4.859
360 1 1 35.506 5.809 34.710 4.818
361 1 1 35.485 5.768 34.690 4.778
362 1 1 35.485 5.718 34.690 4.727
363 1 1 35.485 5.677 34.690 4.687
364 1 1 35.485 5.637 34.690 4.646
365 1 1 35.495 5.566 34.700 4.575
366 1 1 35.505 5.495 34.710 4.505
367 1 1 35.505 5.434 34.710 4.444
368 1 1 35.495 5.384 34.699 4.393
369 1 1 35.484 5.333 34.689 4.343
370 1 1 35.484 5.293 34.689 4.302
371 1 1 35.474 5.262 34.679 4.272
372 1 1 35.484 5.232 34.689 4.242
373 1 1 35.484 5.222 34.689 4.231
374 1 1 35.484 5.212 34.689 4.221
375 1 1 35.494 5.201 34.699 4.211
376 1 1 35.494 5.191 34.699 4.201
377 1 1 35.494 5.191 34.699 4.201
378 1 1 35.494 5.191 34.699 4.201
379 1 1 35.494 5.191 34.699 4.201
380 1 1 35.484 5.181 34.689 4.191
381 1 1 35.484 5.151 34.689 4.161
382 1 1 35.484 5.100 34.689 4.110
383 1 1 35.484 5.040 34.689 4.049
384 1 1 35.484 4.979 34.689 3.989
385 1 1 35.484 4.928 34.688 3.938
386 1 1 35.473 4.868 34.678 3.877
387 1 1 35.453 4.817 34.658 3.827
388 1 1 35.453 4.777 34.658 3.786
389 1 1 35.443 4.756 34.648 3.766
390 1 1 35.432 4.736 34.637 3.746
391 1 1 35.432 4.716 34.637 3.726
392 1 1 35.432 4.685 34.637 3.695
393 1 1 35.442 4.655 34.647 3.665
394 1 1 35.463 4.625 34.668 3.635
395 1 1 35.473 4.604 34.678 3.614
396 1 1 35.483 4.584 34.688 3.594
397 1 1 35.483 4.574 34.688 3.584
398 1 1 35.483 4.554 34.688 3.564
399 1 1 35.473 4.544 34.678 3.554
400 1 1 35.463 4.534 34.668 3.544
401 1 1 35.452 4.524 34.657 3.534
402 1 1 35.442 4.503 34.647 3.513
403 1 1 35.442 4.483 34.647 3.493
404 1 1 35.452 4.443 34.657 3.453
405 1 1 35.462 4.402 34.667 3.412
406 1 1 35.462 4.392 34.667 3.402
407 1 1 35.442 4.372 34.647 3.382
408 1 1 35.432 4.321 34.637 3.331
409 1 1 35.411 4.210 34.616 3.220
42 2 1 39.613 5.122 39.043 4.407
43 2 1 39.623 5.163 39.053 4.447
44 2 1 39.633 5.203 39.064 4.487
45 2 1 39.643 5.253 39.074 4.538
46 2 1 39.654 5.334 39.084 4.619
47 2 1 39.674 5.405 39.105 4.689
48 2 1 39.685 5.475 39.115 4.760
49 2 1 39.705 5.536 39.136 4.820
50 2 1 39.726 5.586 39.156 4.871
51 2 1 39.756 5.627 39.187 4.911
52 2 1 39.767 5.677 39.197 4.962
53 2 1 39.767 5.728 39.197 5.012
54 2 1 39.767 5.778 39.197 5.063
55 2 1 39.757 5.839 39.188 5.123
56 2 1 39.757 5.889 39.188 5.174
57 2 1 39.747 5.930 39.178 5.214
58 2 1 39.737 5.960 39.168 5.244
59 2 1 39.727 5.990 39.158 5.275
60 2 1 39.728 6.051 39.158 5.335
61 2 1 39.738 6.142 39.168 5.426
62 2 1 39.749 6.223 39.179 5.507
63 2 1 39.759 6.324 39.189 5.608
64 2 1 39.760 6.415 39.190 5.699
65 2 1 39.780 6.485 39.210 5.769
66 2 1 39.801 6.546 39.231 5.830
67 2 1 39.811 6.596 39.241 5.881
68 2 1 39.821 6.607 39.251 5.891
69 2 1 39.821 6.637 39.251 5.921
70 2 1 39.821 6.667 39.251 5.951
71 2 1 39.811 6.718 39.242 6.002
72 2 1 39.822 6.758 39.252 6.042
73 2 1 39.832 6.809 39.262 6.093
74 2 1 39.832 6.859 39.262 6.143
75 2 1 39.843 6.920 39.273 6.204
76 2 1 39.853 6.970 39.283 6.254
77 2 1 39.873 7.021 39.304 6.305
78 2 1 39.884 7.082 39.314 6.365
79 2 1 39.884 7.162 39.314 6.446
80 2 1 39.884 7.233 39.314 6.517
81 2 1 39.875 7.294 39.305 6.578
82 2 1 39.865 7.355 39.295 6.638
83 2 1 39.875 7.385 39.305 6.669
84 2 1 39.885 7.446 39.315 6.729
85 2 1 39.896 7.496 39.326 6.780
86 2 1 39.896 7.537 39.326 6.820
87 2 1 39.886 7.567 39.316 6.851
88 2 1 39.866 7.608 39.296 6.891
89 2 1 39.856 7.628 39.286 6.912
90 2 1 39.856 7.678 39.286 6.962
91 2 1 39.866 7.729 39.296 7.013
92 2 1 39.866 7.790 39.296 7.073
93 2 1 39.877 7.850 39.307 7.134
94 2 1 39.887 7.921 39.317 7.205
95 2 1 39.898 7.972 39.327 7.255
96 2 1 39.898 8.033 39.328 7.316
97 2 1 39.898 8.083 39.328 7.367
98 2 1 39.898 8.114 39.328 7.397
99 2 1 39.898 8.154 39.328 7.438
100 2 1 39.899 8.184 39.328 7.468
101 2 1 39.888 8.205 39.318 7.488
102 2 1 39.878 8.225 39.308 7.508
103 2 1 39.868 8.255 39.298 7.539
104 2 1 39.868 8.276 39.298 7.559
105 2 1 39.848 8.286 39.278 7.569
106 2 1 39.828 8.316 39.258 7.600
107 2 1 39.798 8.387 39.228 7.671
108 2 1 39.768 8.458 39.198 7.742
109 2 1 39.738 8.539 39.168 7.823
110 2 1 39.718 8.600 39.147 7.884
111 2 1 39.688 8.631 39.117 7.914
112 2 1 39.678 8.651 39.107 7.934
113 2 1 39.668 8.682 39.097 7.965
114 2 1 39.647 8.712 39.077 7.995
115 2 1 39.617 8.753 39.047 8.036
116 2 1 39.587 8.804 39.016 8.087
117 2 1 39.557 8.854 38.986 8.137
118 2 1 39.526 8.895 38.956 8.178
0 2 1 39.504 3.388 38.936 2.673
1 2 1 39.535 3.398 38.966 2.683
2 2 1 39.535 3.418 38.966 2.703
3 2 1 39.525 3.428 38.956 2.713
4 2 1 39.525 3.448 38.956 2.733
5 2 1 39.525 3.458 38.956 2.743
6 2 1 39.525 3.458 38.956 2.743
7 2 1 39.525 3.468 38.956 2.754
8 2 1 39.535 3.479 38.966 2.764
9 2 1 39.545 3.499 38.976 2.784
10 2 1 39.545 3.539 38.977 2.824
11 2 1 39.536 3.579 38.967 2.864
12 2 1 39.536 3.620 38.967 2.905
13 2 1 39.526 3.680 38.957 2.965
14 2 1 39.536 3.720 38.967 3.005
15 2 1 39.546 3.761 38.977 3.046
16 2 1 39.577 3.821 39.008 3.106
17 2 1 39.587 3.892 39.018 3.177
18 2 1 39.598 3.972 39.029 3.257
19 2 1 39.588 4.053 39.019 3.338
20 2 1 39.588 4.124 39.019 3.408
21 2 1 39.599 4.164 39.029 3.449
22 2 1 39.619 4.194 39.050 3.479
23 2 1 39.639 4.214 39.070 3.499
24 2 1 39.659 4.224 39.090 3.509
25 2 1 39.659 4.224 39.090 3.509
26 2 1 39.649 4.244 39.080 3.529
27 2 1 39.629 4.275 39.060 3.560
28 2 1 39.619 4.325 39.050 3.610
29 2 1 39.620 4.386 39.051 3.671
30 2 1 39.610 4.456 39.041 3.741
31 2 1 39.620 4.547 39.051 3.832
32 2 1 39.631 4.628 39.062 3.912
33 2 1 39.631 4.719 39.062 4.003
34 2 1 39.631 4.779 39.062 4.064
35 2 1 39.622 4.840 39.052 4.124
36 2 1 39.612 4.900 39.042 4.185
37 2 1 39.612 4.961 39.043 4.245
38 2 1 39.612 5.001 39.043 4.286
39 2 1 39.602 5.042 39.033 4.326
40 2 1 39.602 5.072 39.033 4.356
41 2 1 39.602 5.092 39.033 4.377
119 2 1 39.496 8.956 38.926 8.239
120 2 1 39.456 9.007 38.885 8.290
121 2 1 39.436 9.058 38.865 8.341
122 2 1 39.416 9.108 38.845 8.391
123 2 1 39.426 9.159 38.855 8.442
124 2 1 39.406 9.240 38.835 8.523
125 2 1 39.366 9.301 38.795 8.584
126 2 1 39.336 9.352 38.765 8.635
127 2 1 39.305 9.403 38.735 8.686
128 2 1 39.275 9.434 38.704 8.716
129 2 1 39.265 9.464 38.694 8.747
130 2 1 39.245 9.515 38.674 8.798
131 2 1 39.225 9.545 38.654 8.828
132 2 1 39.215 9.586 38.644 8.869
133 2 1 39.205 9.637 38.634 8.919
134 2 1 39.195 9.677 38.624 8.960
135 2 1 39.215 9.738 38.644 9.021
136 2 1 39.226 9.819 38.655 9.102
137 2 1 39.226 9.890 38.655 9.173
138 2 1 39.206 9.982 38.635 9.264
139 2 1 39.176 10.053 38.605 9.335
140 2 1 39.156 10.104 38.585 9.386
141 2 1 39.146 10.134 38.575 9.417
142 2 1 39.166 10.144 38.595 9.427
143 2 1 39.166 10.155 38.595 9.437
144 2 1 39.166 10.175 38.595 9.457
145 2 1 39.167 10.236 38.595 9.518
146 2 1 39.157 10.307 38.586 9.589
147 2 1 39.137 10.398 38.566 9.681
148 2 1 39.137 10.459 38.566 9.741
149 2 1 39.117 10.520 38.546 9.803
150 2 1 39.117 10.571 38.546 9.853
151 2 1 39.127 10.612 38.556 9.894
152 2 1 39.128 10.652 38.556 9.934
153 2 1 39.118 10.723 38.546 10.006
154 2 1 39.128 10.805 38.557 10.087
155 2 1 39.139 10.896 38.567 10.178
156 2 1 39.169 10.977 38.598 10.259
157 2 1 39.190 11.048 38.619 10.330
158 2 1 39.190 11.089 38.619 10.371
159 2 1 39.190 11.129 38.619 10.411
160 2 1 39.211 11.139 38.639 10.421
161 2 1 39.211 11.180 38.639 10.462
162 2 1 39.211 11.231 38.640 10.513
163 2 1 39.221 11.282 38.650 10.564
164 2 1 39.232 11.332 38.660 10.614
165 2 1 39.232 11.383 38.660 10.665
166 2 1 39.242 11.454 38.671 10.736
167 2 1 39.212 11.556 38.641 10.838
168 2 1 39.192 11.648 38.621 10.929
169 2 1 39.182 11.729 38.611 11.011
170 2 1 39.193 11.759 38.621 11.041
171 2 1 39.193 11.790 38.621 11.072
172 2 1 39.193 11.810 38.621 11.092
173 2 1 39.193 11.841 38.621 11.123
174 2 1 39.173 11.882 38.601 11.163
175 2 1 39.153 11.933 38.581 11.214
176 2 1 39.143 11.994 38.571 11.275
177 2 1 39.123 12.055 38.551 11.337
178 2 1 39.123 12.096 38.551 11.377
179 2 1 39.123 12.116 38.551 11.398
180 2 1 39.123 12.157 38.551 11.438
181 2 1 39.123 12.197 38.551 11.479
182 2 1 39.113 12.248 38.542 11.530
183 2 1 39.113 12.299 38.542 11.581
184 2 1 39.114 12.350 38.542 11.631
185 2 1 39.114 12.421 38.542 11.703
186 2 1 39.114 12.513 38.542 11.794
187 2 1 39.115 12.614 38.543 11.896
188 2 1 39.105 12.706 38.533 11.988
189 2 1 39.095 12.767 38.523 12.049
190 2 1 39.095 12.788 38.523 12.069
191 2 1 39.105 12.798 38.533 12.079
192 2 1 39.115 12.818 38.543 12.099
193 2 1 39.136 12.848 38.564 12.130
194 2 1 39.146 12.899 38.574 12.181
195 2 1 39.146 12.960 38.574 12.242
196 2 1 39.147 13.021 38.575 12.303
197 2 1 39.127 13.083 38.555 12.364
198 2 1 39.117 13.144 38.545 12.425
199 2 1 39.117 13.205 38.545 12.486
200 2 1 39.117 13.266 38.545 12.547
201 2 1 39.117 13.317 38.545 12.598
202 2 1 39.117 13.368 38.545 12.649
203 2 1 39.148 13.419 38.576 12.700
204 2 1 39.189 13.459 38.617 12.740
205 2 1 39.209 13.489 38.637 12.771
206 2 1 39.220 13.500 38.648 12.781
207 2 1 39.199 13.510 38.627 12.791
208 2 1 39.149 13.520 38.576 12.802
209 2 1 39.139 13.561 38.566 12.842
210 2 1 39.129 13.602 38.556 12.883
211 2 1 39.139 13.684 38.567 12.965
212 2 1 39.150 13.775 38.577 13.056
213 2 1 39.150 13.857 38.578 13.138
214 2 1 39.120 13.949 38.547 13.230
215 2 1 39.120 14.000 38.548 13.280
216 2 1 39.110 14.030 38.538 13.311
217 2 1 39.120 14.091 38.548 13.372
218 2 1 39.131 14.152 38.558 13.433
219 2 1 39.131 14.214 38.559 13.494
220 2 1 39.121 14.275 38.549 13.556
221 2 1 39.111 14.305 38.538 13.586
222 2 1 39.101 14.336 38.528 13.617
223 2 1 39.101 14.346 38.528 13.627
224 2 1 39.091 14.367 38.518 13.648
225 2 1 39.081 14.387 38.508 13.668
226 2 1 39.081 14.428 38.508 13.709
227 2 1 39.081 14.489 38.509 13.770
228 2 1 39.081 14.581 38.509 13.862
229 2 1 39.092 14.663 38.519 13.943
230 2 1 39.082 14.724 38.509 14.004
231 2 1 39.062 14.765 38.489 14.045
232 2 1 39.041 14.796 38.469 14.076
233 2 1 39.021 14.837 38.449 14.117
234 2 1 39.001 14.898 38.429 14.178
235 2 1 38.991 14.969 38.419 14.250
236 2 1 39.002 15.010 38.429 14.291
237 2 1 39.002 15.031 38.429 14.311
238 2 1 39.012 15.051 38.439 14.331
239 2 1 39.022 15.092 38.450 14.372
240 2 1 39.033 15.132 38.460 14.413
241 2 1 39.033 15.204 38.460 14.484
242 2 1 39.023 15.265 38.450 14.545
243 2 1 38.993 15.316 38.420 14.597
244 2 1 38.983 15.368 38.410 14.648
245 2 1 38.962 15.429 38.390 14.709
246 2 1 38.963 15.480 38.390 14.760
247 2 1 38.963 15.551 38.390 14.832
248 2 1 38.953 15.603 38.380 14.883
249 2 1 38.933 15.633 38.360 14.914
250 2 1 38.912 15.664 38.340 14.944
251 2 1 38.892 15.695 38.319 14.975
252 2 1 38.872 15.757 38.299 15.037
253 2 1 38.862 15.808 38.289 15.088
254 2 1 38.852 15.849 38.279 15.129
255 2 1 38.862 15.879 38.289 15.159
256 2 1 38.852 15.941 38.279 15.221
257 2 1 38.852 15.981 38.279 15.261
258 2 1 38.853 16.032 38.280 15.313
259 2 1 38.843 16.084 38.270 15.364
260 2 1 38.822 16.135 38.249 15.415
261 2 1 38.812 16.207 38.239 15.486
262 2 1 38.813 16.278 38.240 15.558
263 2 1 38.803 16.339 38.230 15.619
264 2 1 38.793 16.360 38.220 15.640
265 2 1 38.793 16.391 38.220 15.671
266 2 1 38.783 16.421 38.210 15.701
267 2 1 38.793 16.452 38.220 15.732
268 2 1 38.783 16.493 38.210 15.773
269 2 1 38.763 16.524 38.190 15.804
270 2 1 38.742 16.544 38.169 15.824
271 2 1 38.742 16.575 38.169 15.855
272 2 1 38.733 16.647 38.159 15.927
273 2 1 38.743 16.729 38.170 16.008
274 2 1 38.764 16.800 38.190 16.080
275 2 1 38.764 16.861 38.191 16.141
276 2 1 38.754 16.923 38.181 16.202
277 2 1 38.734 16.954 38.160 16.233
278 2 1 38.724 16.995 38.150 16.274
279 2 1 38.703 17.015 38.130 16.295
280 2 1 38.703 17.046 38.130 16.325
281 2 1 38.693 17.087 38.120 16.366
282 2 1 38.704 17.158 38.130 16.438
283 2 1 38.704 17.210 38.131 16.489
284 2 1 38.704 17.250 38.131 16.530
285 2 1 38.704 17.271 38.131 16.550
286 2 1 38.715 17.302 38.141 16.581
287 2 1 38.715 17.312 38.141 16.591
288 2 1 38.715 17.342 38.141 16.622
289 2 1 38.705 17.363 38.131 16.642
290 2 1 38.694 17.404 38.121 16.683
291 2 1 38.674 17.445 38.101 16.725
292 2 1 38.674 17.486 38.101 16.765
293 2 1 38.675 17.537 38.101 16.817
294 2 1 38.685 17.599 38.111 16.878
295 2 1 38.695 17.650 38.122 16.929
296 2 1 38.696 17.711 38.122 16.990
297 2 1 38.706 17.752 38.132 17.031
298 2 1 38.726 17.793 38.153 17.072
299 2 1 38.767 17.833 38.194 17.112
300 2 1 38.768 17.874 38.194 17.153
301 2 1 38.798 17.925 38.225 17.204
302 2 1 38.809 17.956 38.235 17.235
303 2 1 38.829 17.976 38.255 17.255
304 2 1 38.880 18.006 38.307 17.285
305 2 1 38.911 18.026 38.337 17.305
306 2 1 38.891 18.067 38.317 17.346
307 2 1 38.881 18.119 38.307 17.398
308 2 1 38.860 18.129 38.287 17.408
309 2 1 38.840 18.150 38.266 17.429
310 2 1 38.871 18.211 38.297 17.490
311 2 1 38.881 18.262 38.307 17.541
312 2 1 38.881 18.354 38.308 17.633
313 2 1 38.882 18.446 38.308 17.725
314 2 1 38.892 18.467 38.318 17.746
315 2 1 38.892 18.508 38.318 17.787
316 2 1 38.903 18.548 38.329 17.827
317 2 1 38.913 18.548 38.339 17.827
318 2 1 38.923 18.548 38.349 17.827
319 2 1 38.933 18.579 38.360 17.858
320 2 1 38.964 18.599 38.390 17.878
321 2 1 38.995 18.650 38.421 17.929
322 2 1 39.026 18.742 38.452 18.021
323 2 1 39.046 18.813 38.473 18.092
324 2 1 39.057 18.885 38.483 18.164
325 2 1 39.047 18.957 38.473 18.236
326 2 1 39.047 18.977 38.473 18.256
327 2 1 39.057 18.997 38.483 18.276
328 2 1 39.088 19.028 38.514 18.307
329 2 1 39.119 19.079 38.545 18.358
330 2 1 39.139 19.130 38.565 18.409
331 2 1 39.170 19.181 38.596 18.460
332 2 1 39.180 19.211 38.607 18.490
333 2 1 39.191 19.252 38.617 18.531
334 2 1 39.201 19.303 38.627 18.582
335 2 1 39.201 19.354 38.627 18.633
336 2 1 39.181 19.406 38.607 18.685
337 2 1 39.181 19.437 38.607 18.716
338 2 1 39.191 19.447 38.618 18.726
339 2 1 39.212 19.457 38.638 18.736
340 2 1 39.232 19.487 38.658 18.766
341 2 1 39.243 19.528 38.669 18.807
342 2 1 39.243 19.590 38.669 18.869
343 2 1 39.264 19.651 38.690 18.930
344 2 1 39.284 19.723 38.710 19.001
345 2 1 39.285 19.784 38.711 19.063
346 2 1 39.285 19.825 38.711 19.104
347 2 1 39.305 19.845 38.731 19.124
348 2 1 39.336 19.855 38.762 19.134
349 2 1 39.356 19.855 38.782 19.134
350 2 1 39.366 19.865 38.792 19.144
351 2 1 39.367 19.886 38.793 19.164
352 2 1 39.367 19.916 38.793 19.195
353 2 1 39.377 19.947 38.803 19.226
354 2 1 39.397 19.978 38.823 19.256
355 2 1 39.408 19.998 38.834 19.277
356 2 1 39.438 20.018 38.864 19.297
357 2 1 39.459 20.049 38.885 19.327
358 2 1 39.469 20.089 38.895 19.368
359 2 1 39.490 20.130 38.916 19.409
360 2 1 39.490 20.171 38.916 19.450
361 2 1 39.490 20.202 38.916 19.481
362 2 1 39.500 20.222 38.926 19.501
363 2 1 39.511 20.233 38.937 19.511
364 2 1 39.531 20.253 38.957 19.532
365 2 1 39.562 20.283 38.988 19.562
366 2 1 39.582 20.304 39.008 19.582
367 2 1 39.603 20.324 39.029 19.603
368 2 1 39.603 20.334 39.029 19.613
369 2 1 39.603 20.344 39.029 19.623
370 2 1 39.613 20.334 39.039 19.613
371 2 1 39.623 20.324 39.049 19.602
372 2 1 39.643 20.293 39.069 19.571
373 2 1 39.664 20.292 39.090 19.571
374 2 1 39.695 20.323 39.121 19.601
375 2 1 39.746 20.384 39.172 19.662
376 2 1 39.797 20.434 39.223 19.713
377 2 1 39.838 20.475 39.264 19.754
378 2 1 39.869 20.485 39.295 19.763
379 2 1 39.899 20.495 39.325 19.773
380 2 1 39.909 20.515 39.336 19.794
381 2 1 39.910 20.546 39.336 19.824
382 2 1 39.910 20.576 39.336 19.855
383 2 1 39.900 20.607 39.326 19.886
384 2 1 39.890 20.628 39.316 19.907
385 2 1 39.890 20.638 39.316 19.917
386 2 1 39.869 20.669 39.295 19.948
387 2 1 39.859 20.700 39.285 19.979
388 2 1 39.859 20.721 39.285 19.999
389 2 1 39.859 20.731 39.285 20.010
390 2 1 39.849 20.731 39.275 20.010
391 2 1 39.839 20.731 39.265 20.010
392 2 1 39.819 20.731 39.245 20.010
393 2 1 39.798 20.742 39.224 20.021
394 2 1 39.808 20.742 39.234 20.021
395 2 1 39.809 20.752 39.234 20.031
396 2 1 39.819 20.762 39.245 20.041
397 2 1 39.819 20.773 39.245 20.051
398 2 1 39.819 20.783 39.245 20.061
399 2 1 39.819 20.793 39.245 20.072
400 2 1 39.819 20.803 39.245 20.082
401 2 1 39.819 20.814 39.245 20.092
402 2 1 39.819 20.814 39.245 20.092
403 2 1 39.809 20.814 39.235 20.092
404 2 1 39.809 20.814 39.235 20.092
405 2 1 39.819 20.814 39.245 20.092
406 2 1 39.819 20.803 39.245 20.082
407 2 1 39.819 20.793 39.245 20.072
408 2 1 39.809 20.783 39.235 20.062
409 2 1 39.788 20.783 39.214 20.062
42 3 1 38.341 18.473 37.614 17.784
43 3 1 38.351 18.421 37.624 17.732
44 3 1 38.341 18.360 37.614 17.671
45 3 1 38.351 18.298 37.624 17.610
46 3 1 38.351 18.237 37.624 17.548
47 3 1 38.340 18.186 37.613 17.497
48 3 1 38.350 18.134 37.623 17.446
49 3 1 38.360 18.093 37.633 17.405
50 3 1 38.360 18.063 37.633 17.374
51 3 1 38.360 18.032 37.633 17.343
52 3 1 38.360 18.001 37.633 17.313
53 3 1 38.360 17.970 37.633 17.282
54 3 1 38.360 17.930 37.633 17.241
55 3 1 38.360 17.878 37.633 17.190
56 3 1 38.349 17.848 37.623 17.159
57 3 1 38.349 17.807 37.622 17.118
58 3 1 38.349 17.776 37.622 17.087
59 3 1 38.359 17.755 37.632 17.067
60 3 1 38.369 17.735 37.643 17.046
61 3 1 38.379 17.704 37.653 17.015
62 3 1 38.389 17.663 37.663 16.974
63 3 1 38.379 17.591 37.652 16.903
64 3 1 38.369 17.520 37.642 16.831
65 3 1 38.368 17.448 37.642 16.760
66 3 1 38.368 17.397 37.642 16.709
67 3 1 38.368 17.356 37.641 16.668
68 3 1 38.358 17.326 37.631 16.637
69 3 1 38.358 17.315 37.631 16.627
70 3 1 38.347 17.285 37.621 16.596
71 3 1 38.357 17.254 37.631 16.565
72 3 1 38.367 17.203 37.641 16.514
73 3 1 38.367 17.152 37.641 16.463
74 3 1 38.367 17.121 37.641 16.432
75 3 1 38.367 17.090 37.641 16.402
76 3 1 38.367 17.049 37.641 16.361
77 3 1 38.367 17.019 37.640 16.330
78 3 1 38.367 16.988 37.640 16.299
79 3 1 38.367 16.957 37.640 16.269
80 3 1 38.356 16.937 37.630 16.248
81 3 1 38.346 16.906 37.620 16.218
82 3 1 38.326 16.886 37.599 16.198
83 3 1 38.315 16.855 37.589 16.167
84 3 1 38.295 16.794 37.568 16.106
85 3 1 38.295 16.723 37.568 16.034
86 3 1 38.284 16.641 37.558 15.953
87 3 1 38.274 16.559 37.547 15.871
88 3 1 38.253 16.508 37.527 15.820
89 3 1 38.222 16.478 37.496 15.790
90 3 1 38.202 16.458 37.476 15.769
91 3 1 38.171 16.448 37.445 15.759
92 3 1 38.161 16.438 37.435 15.749
93 3 1 38.141 16.428 37.414 15.739
94 3 1 38.130 16.417 37.404 15.729
95 3 1 38.110 16.397 37.384 15.709
96 3 1 38.100 16.367 37.373 15.678
97 3 1 38.079 16.346 37.353 15.658
98 3 1 38.059 16.326 37.332 15.638
99 3 1 38.048 16.285 37.322 15.597
100 3 1 38.048 16.224 37.322 15.536
101 3 1 38.038 16.153 37.311 15.464
102 3 1 38.027 16.091 37.301 15.403
103 3 1 37.986 16.061 37.260 15.373
104 3 1 37.946 16.031 37.219 15.342
105 3 1 37.925 16.000 37.199 15.312
106 3 1 37.915 15.970 37.189 15.281
107 3 1 37.915 15.949 37.188 15.261
108 3 1 37.935 15.929 37.209 15.240
109 3 1 37.935 15.908 37.209 15.220
110 3 1 37.955 15.888 37.229 15.199
111 3 1 37.965 15.867 37.239 15.179
112 3 1 37.955 15.847 37.229 15.158
113 3 1 37.965 15.826 37.239 15.138
114 3 1 37.955 15.796 37.229 15.107
115 3 1 37.955 15.734 37.229 15.046
116 3 1 37.955 15.673 37.228 14.985
117 3 1 37.965 15.612 37.239 14.923
118 3 1 37.965 15.571 37.238 14.882
0 3 1 38.417 19.856 37.690 19.167
1 3 1 38.428 19.856 37.700 19.167
2 3 1 38.438 19.866 37.710 19.177
3 3 1 38.448 19.866 37.721 19.177
4 3 1 38.448 19.856 37.720 19.166
5 3 1 38.458 19.814 37.731 19.125
6 3 1 38.448 19.763 37.720 19.074
7 3 1 38.447 19.691 37.720 19.002
8 3 1 38.447 19.620 37.720 18.931
9 3 1 38.447 19.568 37.720 18.879
10 3 1 38.447 19.538 37.720 18.848
11 3 1 38.457 19.507 37.730 18.818
12 3 1 38.447 19.486 37.719 18.797
13 3 1 38.447 19.476 37.719 18.787
14 3 1 38.436 19.456 37.709 18.767
15 3 1 38.416 19.456 37.689 18.767
16 3 1 38.395 19.446 37.668 18.757
17 3 1 38.385 19.436 37.658 18.747
18 3 1 38.375 19.415 37.648 18.726
19 3 1 38.385 19.384 37.658 18.695
20 3 1 38.375 19.344 37.647 18.654
21 3 1 38.364 19.313 37.637 18.624
22 3 1 38.354 19.262 37.627 18.573
23 3 1 38.344 19.221 37.616 18.532
24 3 1 38.344 19.170 37.616 18.481
25 3 1 38.343 19.129 37.616 18.440
26 3 1 38.333 19.077 37.606 18.388
27 3 1 38.333 19.016 37.606 18.327
28 3 1 38.333 18.944 37.605 18.255
29 3 1 38.343 18.903 37.615 18.214
30 3 1 38.332 18.852 37.605 18.163
31 3 1 38.332 18.801 37.605 18.112
32 3 1 38.342 18.749 37.615 18.060
33 3 1 38.352 18.688 37.625 17.999
34 3 1 38.372 18.657 37.645 17.968
35 3 1 38.383 18.626 37.655 17.937
36 3 1 38.372 18.605 37.645 17.917
37 3 1 38.362 18.585 37.635 17.896
38 3 1 38.352 18.565 37.625 17.876
39 3 1 38.352 18.554 37.625 17.866
40 3 1 38.352 18.544 37.625 17.855
41 3 1 38.352 18.513 37.625 17.825
119 3 1 37.975 15.520 37.248 14.831
120 3 1 37.985 15.489 37.259 14.800
121 3 1 37.995 15.448 37.269 14.760
122 3 1 38.005 15.417 37.279 14.729
123 3 1 38.025 15.366 37.299 14.678
124 3 1 38.035 15.345 37.309 14.657
125 3 1 38.045 15.335 37.319 14.647
126 3 1 38.045 15.325 37.319 14.637
127 3 1 38.035 15.315 37.309 14.626
128 3 1 38.045 15.284 37.319 14.596
129 3 1 38.055 15.243 37.329 14.555
130 3 1 38.065 15.182 37.339 14.493
131 3 1 38.075 15.120 37.349 14.432
132 3 1 38.075 15.059 37.349 14.371
133 3 1 38.085 15.018 37.359 14.330
134 3 1 38.115 14.967 37.390 14.279
135 3 1 38.125 14.916 37.400 14.228
136 3 1 38.146 14.864 37.420 14.176
137 3 1 38.146 14.824 37.420 14.136
138 3 1 38.145 14.773 37.420 14.085
139 3 1 38.166 14.721 37.440 14.033
140 3 1 38.186 14.680 37.460 13.992
141 3 1 38.206 14.629 37.480 13.941
142 3 1 38.226 14.588 37.501 13.900
143 3 1 38.226 14.568 37.501 13.880
144 3 1 38.236 14.557 37.511 13.870
145 3 1 38.257 14.537 37.531 13.849
146 3 1 38.267 14.506 37.541 13.818
147 3 1 38.277 14.455 37.551 13.767
148 3 1 38.287 14.404 37.561 13.716
149 3 1 38.307 14.363 37.582 13.675
150 3 1 38.307 14.332 37.581 13.645
151 3 1 38.317 14.302 37.592 13.614
152 3 1 38.317 14.251 37.591 13.563
153 3 1 38.327 14.169 37.601 13.481
154 3 1 38.337 14.098 37.611 13.410
155 3 1 38.357 14.026 37.632 13.338
156 3 1 38.346 13.965 37.621 13.277
157 3 1 38.336 13.924 37.611 13.237
158 3 1 38.336 13.904 37.611 13.216
159 3 1 38.346 13.883 37.621 13.196
160 3 1 38.356 13.873 37.631 13.185
161 3 1 38.366 13.863 37.641 13.175
162 3 1 38.366 13.832 37.641 13.145
163 3 1 38.356 13.792 37.631 13.104
164 3 1 38.366 13.740 37.641 13.053
165 3 1 38.356 13.669 37.630 12.982
166 3 1 38.355 13.618 37.630 12.931
167 3 1 38.355 13.557 37.630 12.869
168 3 1 38.365 13.506 37.640 12.818
169 3 1 38.375 13.455 37.650 12.767
170 3 1 38.344 13.404 37.619 12.717
171 3 1 38.334 13.353 37.609 12.666
172 3 1 38.314 13.303 37.589 12.615
173 3 1 38.313 13.252 37.588 12.564
174 3 1 38.334 13.180 37.609 12.493
175 3 1 38.364 13.119 37.639 12.431
176 3 1 38.364 13.078 37.639 12.391
177 3 1 38.394 13.047 37.669 12.360
178 3 1 38.404 13.027 37.679 12.339
179 3 1 38.414 12.996 37.690 12.309
180 3 1 38.414 12.955 37.689 12.268
181 3 1 38.424 12.925 37.699 12.237
182 3 1 38.414 12.884 37.689 12.197
183 3 1 38.424 12.854 37.699 12.166
184 3 1 38.444 12.792 37.719 12.105
185 3 1 38.464 12.731 37.740 12.044
186 3 1 38.474 12.680 37.750 11.993
187 3 1 38.495 12.639 37.770 11.952
188 3 1 38.494 12.609 37.770 11.921
189 3 1 38.504 12.548 37.780 11.860
190 3 1 38.504 12.466 37.780 11.779
191 3 1 38.494 12.395 37.769 11.708
192 3 1 38.493 12.334 37.769 11.647
193 3 1 38.514 12.303 37.789 11.616
194 3 1 38.524 12.293 37.799 11.606
195 3 1 38.514 12.252 37.789 11.565
196 3 1 38.503 12.201 37.779 11.514
197 3 1 38.472 12.151 37.748 11.464
198 3 1 38.452 12.100 37.728 11.413
199 3 1 38.462 12.069 37.738 11.382
200 3 1 38.482 12.039 37.758 11.352
201 3 1 38.503 12.008 37.778 11.321
202 3 1 38.533 11.967 37.808 11.280
203 3 1 38.563 11.906 37.839 11.219
204 3 1 38.583 11.845 37.859 11.158
205 3 1 38.583 11.804 37.859 11.117
206 3 1 38.563 11.753 37.838 11.066
207 3 1 38.532 11.713 37.808 11.026
208 3 1 38.522 11.652 37.797 10.965
209 3 1 38.552 11.581 37.828 10.893
210 3 1 38.592 11.509 37.868 10.822
211 3 1 38.602 11.448 37.878 10.761
212 3 1 38.612 11.397 37.888 10.710
213 3 1 38.602 11.336 37.878 10.649
214 3 1 38.602 11.275 37.878 10.588
215 3 1 38.612 11.224 37.888 10.537
216 3 1 38.622 11.184 37.898 10.497
217 3 1 38.632 11.173 37.908 10.486
218 3 1 38.632 11.163 37.908 10.476
219 3 1 38.642 11.143 37.918 10.456
220 3 1 38.662 11.092 37.938 10.405
221 3 1 38.682 11.041 37.958 10.354
222 3 1 38.682 11.000 37.958 10.313
223 3 1 38.672 10.950 37.948 10.263
224 3 1 38.651 10.889 37.927 10.202
225 3 1 38.661 10.817 37.937 10.131
226 3 1 38.681 10.726 37.957 10.039
227 3 1 38.711 10.634 37.987 9.948
228 3 1 38.731 10.583 38.008 9.897
229 3 1 38.741 10.543 38.018 9.856
230 3 1 38.741 10.512 38.017 9.826
231 3 1 38.751 10.472 38.027 9.785
232 3 1 38.751 10.421 38.027 9.734
233 3 1 38.751 10.370 38.027 9.683
234 3 1 38.740 10.329 38.017 9.643
235 3 1 38.740 10.329 38.017 9.643
236 3 1 38.761 10.319 38.037 9.633
237 3 1 38.781 10.299 38.057 9.612
238 3 1 38.791 10.258 38.067 9.571
239 3 1 38.791 10.207 38.067 9.521
240 3 1 38.770 10.157 38.047 9.470
241 3 1 38.740 10.106 38.016 9.419
242 3 1 38.729 10.035 38.006 9.348
243 3 1 38.719 9.954 37.995 9.267
244 3 1 38.729 9.873 38.005 9.186
245 3 1 38.728 9.812 38.005 9.125
246 3 1 38.738 9.761 38.015 9.074
247 3 1 38.749 9.741 38.025 9.054
248 3 1 38.738 9.710 38.015 9.024
249 3 1 38.728 9.680 38.005 8.993
250 3 1 38.718 9.649 37.994 8.963
251 3 1 38.697 9.609 37.974 8.922
252 3 1 38.697 9.548 37.974 8.862
253 3 1 38.697 9.507 37.974 8.821
254 3 1 38.697 9.477 37.974 8.791
255 3 1 38.687 9.457 37.963 8.770
256 3 1 38.676 9.447 37.953 8.760
257 3 1 38.676 9.416 37.953 8.730
258 3 1 38.666 9.376 37.943 8.689
259 3 1 38.666 9.335 37.943 8.649
260 3 1 38.656 9.284 37.932 8.598
261 3 1 38.666 9.244 37.942 8.557
262 3 1 38.665 9.183 37.942 8.497
263 3 1 38.675 9.102 37.952 8.415
264 3 1 38.695 9.010 37.972 8.324
265 3 1 38.705 8.949 37.982 8.263
266 3 1 38.705 8.879 37.982 8.192
267 3 1 38.715 8.858 37.992 8.172
268 3 1 38.705 8.848 37.982 8.162
269 3 1 38.705 8.838 37.982 8.152
270 3 1 38.705 8.828 37.982 8.142
271 3 1 38.694 8.818 37.971 8.131
272 3 1 38.705 8.787 37.981 8.101
273 3 1 38.704 8.757 37.981 8.071
274 3 1 38.714 8.726 37.991 8.040
275 3 1 38.735 8.686 38.012 7.999
276 3 1 38.745 8.635 38.022 7.949
277 3 1 38.755 8.584 38.032 7.898
278 3 1 38.744 8.524 38.021 7.837
279 3 1 38.714 8.473 37.991 7.787
280 3 1 38.693 8.402 37.970 7.716
281 3 1 38.662 8.321 37.939 7.635
282 3 1 38.642 8.230 37.919 7.544
283 3 1 38.631 8.149 37.908 7.463
284 3 1 38.641 8.078 37.918 7.392
285 3 1 38.641 8.038 37.918 7.351
286 3 1 38.641 8.017 37.918 7.331
287 3 1 38.631 7.977 37.908 7.291
288 3 1 38.620 7.946 37.898 7.260
289 3 1 38.600 7.916 37.877 7.230
290 3 1 38.610 7.886 37.887 7.200
291 3 1 38.620 7.855 37.897 7.169
292 3 1 38.620 7.835 37.897 7.149
293 3 1 38.640 7.815 37.917 7.129
294 3 1 38.650 7.784 37.928 7.098
295 3 1 38.660 7.744 37.938 7.058
296 3 1 38.660 7.713 37.937 7.027
297 3 1 38.660 7.683 37.937 6.997
298 3 1 38.650 7.642 37.927 6.956
299 3 1 38.650 7.612 37.927 6.926
300 3 1 38.660 7.582 37.937 6.896
301 3 1 38.659 7.521 37.937 6.835
302 3 1 38.669 7.460 37.947 6.774
303 3 1 38.689 7.369 37.967 6.683
304 3 1 38.719 7.298 37.997 6.612
305 3 1 38.740 7.247 38.017 6.561
306 3 1 38.750 7.207 38.027 6.521
307 3 1 38.739 7.187 38.017 6.501
308 3 1 38.729 7.166 38.007 6.480
309 3 1 38.719 7.156 37.997 6.470
310 3 1 38.719 7.146 37.997 6.460
311 3 1 38.719 7.126 37.996 6.440
312 3 1 38.719 7.106 37.996 6.420
313 3 1 38.729 7.095 38.007 6.410
314 3 1 38.719 7.085 37.996 6.400
315 3 1 38.719 7.075 37.996 6.389
316 3 1 38.719 7.055 37.996 6.369
317 3 1 38.718 7.015 37.996 6.329
318 3 1 38.708 6.964 37.986 6.278
319 3 1 38.708 6.924 37.986 6.238
320 3 1 38.708 6.863 37.985 6.177
321 3 1 38.708 6.822 37.985 6.137
322 3 1 38.708 6.782 37.985 6.096
323 3 1 38.687 6.752 37.965 6.066
324 3 1 38.667 6.731 37.944 6.046
325 3 1 38.636 6.691 37.914 6.005
326 3 1 38.606 6.641 37.883 5.955
327 3 1 38.595 6.590 37.873 5.904
328 3 1 38.595 6.550 37.873 5.864
329 3 1 38.605 6.509 37.883 5.823
330 3 1 38.615 6.489 37.893 5.803
331 3 1 38.635 6.479 37.913 5.793
332 3 1 38.635 6.458 37.913 5.773
333 3 1 38.646 6.458 37.923 5.773
334 3 1 38.656 6.438 37.933 5.752
335 3 1 38.666 6.428 37.944 5.742
336 3 1 38.666 6.418 37.943 5.732
337 3 1 38.666 6.408 37.943 5.722
338 3 1 38.655 6.398 37.933 5.712
339 3 1 38.655 6.377 37.933 5.692
340 3 1 38.665 6.357 37.943 5.671
341 3 1 38.676 6.337 37.953 5.651
342 3 1 38.686 6.327 37.963 5.641
343 3 1 38.716 6.286 37.994 5.601
344 3 1 38.736 6.236 38.014 5.550
345 3 1 38.746 6.165 38.024 5.479
346 3 1 38.735 6.094 38.013 5.408
347 3 1 38.735 6.023 38.013 5.338
348 3 1 38.735 5.963 38.013 5.277
349 3 1 38.765 5.922 38.043 5.237
350 3 1 38.796 5.902 38.074 5.216
351 3 1 38.816 5.902 38.094 5.216
352 3 1 38.826 5.902 38.104 5.216
353 3 1 38.826 5.882 38.104 5.196
354 3 1 38.826 5.861 38.104 5.176
355 3 1 38.826 5.851 38.104 5.166
356 3 1 38.816 5.831 38.094 5.146
357 3 1 38.826 5.811 38.104 5.125
358 3 1 38.826 5.791 38.104 5.105
359 3 1 38.846 5.770 38.124 5.085
360 3 1 38.866 5.740 38.144 5.055
361 3 1 38.886 5.710 38.164 5.024
362 3 1 38.886 5.659 38.164 4.974
363 3 1 38.886 5.609 38.164 4.923
364 3 1 38.885 5.558 38.164 4.873
365 3 1 38.895 5.518 38.174 4.832
366 3 1 38.916 5.477 38.194 4.792
367 3 1 38.956 5.437 38.234 4.751
368 3 1 38.986 5.376 38.264 4.691
369 3 1 38.996 5.305 38.274 4.620
370 3 1 39.006 5.245 38.284 4.559
371 3 1 39.006 5.204 38.284 4.519
372 3 1 39.016 5.184 38.294 4.499
373 3 1 39.026 5.164 38.304 4.479
374 3 1 39.046 5.133 38.324 4.448
375 3 1 39.056 5.113 38.335 4.428
376 3 1 39.066 5.093 38.345 4.408
377 3 1 39.076 5.083 38.355 4.398
378 3 1 39.076 5.073 38.355 4.388
379 3 1 39.086 5.073 38.365 4.388
380 3 1 39.096 5.073 38.375 4.388
381 3 1 39.106 5.063 38.385 4.378
382 3 1 39.137 5.042 38.415 4.357
383 3 1 39.147 5.032 38.425 4.347
384 3 1 39.177 4.982 38.456 4.297
385 3 1 39.187 4.931 38.466 4.246
386 3 1 39.187 4.881 38.465 4.196
387 3 1 39.176 4.800 38.455 4.115
388 3 1 39.176 4.729 38.455 4.044
389 3 1 39.186 4.689 38.465 4.004
390 3 1 39.206 4.649 38.485 3.964
391 3 1 39.226 4.618 38.505 3.933
392 3 1 39.236 4.598 38.515 3.913
393 3 1 39.246 4.578 38.525 3.893
394 3 1 39.256 4.558 38.535 3.873
395 3 1 39.266 4.538 38.545 3.853
396 3 1 39.286 4.507 38.565 3.822
397 3 1 39.306 4.457 38.585 3.772
398 3 1 39.316 4.416 38.595 3.732
399 3 1 39.316 4.386 38.595 3.701
400 3 1 39.316 4.356 38.595 3.671
401 3 1 39.306 4.336 38.585 3.651
402 3 1 39.296 4.316 38.575 3.631
403 3 1 39.296 4.295 38.575 3.611
404 3 1 39.296 4.285 38.575 3.600
405 3 1 39.306 4.275 38.585 3.590
406 3 1 39.316 4.255 38.595 3.570
407 3 1 39.306 4.235 38.585 3.550
408 3 1 39.295 4.195 38.574 3.510
409 3 1 39.285 4.134 38.564 3.449
42 4 1 37.269 4.127 36.638 3.138
43 4 1 37.259 4.177 36.628 3.189
44 4 1 37.269 4.147 36.638 3.158
45 4 1 37.280 4.177 36.648 3.188
46 4 1 37.300 4.238 36.668 3.249
47 4 1 37.310 4.308 36.679 3.320
48 4 1 37.331 4.379 36.699 3.390
49 4 1 37.341 4.430 36.710 3.441
50 4 1 37.351 4.460 36.720 3.471
51 4 1 37.352 4.500 36.720 3.511
52 4 1 37.352 4.551 36.720 3.562
53 4 1 37.352 4.632 36.720 3.643
54 4 1 37.352 4.723 36.720 3.734
55 4 1 37.342 4.824 36.711 3.835
56 4 1 37.332 4.915 36.701 3.925
57 4 1 37.323 5.006 36.691 4.016
58 4 1 37.323 5.076 36.691 4.087
59 4 1 37.323 5.137 36.691 4.148
60 4 1 37.323 5.177 36.691 4.188
61 4 1 37.313 5.208 36.681 4.218
62 4 1 37.303 5.218 36.671 4.229
63 4 1 37.283 5.248 36.651 4.259
64 4 1 37.283 5.289 36.651 4.299
65 4 1 37.273 5.329 36.641 4.340
66 4 1 37.273 5.370 36.641 4.380
67 4 1 37.293 5.420 36.661 4.431
68 4 1 37.314 5.481 36.682 4.491
69 4 1 37.334 5.552 36.702 4.562
70 4 1 37.345 5.632 36.713 4.643
71 4 1 37.355 5.723 36.723 4.734
72 4 1 37.365 5.814 36.733 4.825
73 4 1 37.386 5.895 36.754 4.906
74 4 1 37.386 5.966 36.754 4.976
75 4 1 37.396 6.007 36.764 5.017
76 4 1 37.396 6.017 36.764 5.027
77 4 1 37.397 6.037 36.764 5.047
78 4 1 37.397 6.067 36.764 5.077
79 4 1 37.407 6.118 36.775 5.128
80 4 1 37.417 6.179 36.785 5.189
81 4 1 37.427 6.219 36.795 5.229
82 4 1 37.438 6.259 36.806 5.270
83 4 1 37.438 6.300 36.806 5.310
84 4 1 37.448 6.361 36.816 5.371
85 4 1 37.479 6.431 36.847 5.441
86 4 1 37.499 6.512 36.867 5.522
87 4 1 37.500 6.553 36.867 5.563
88 4 1 37.500 6.614 36.867 5.623
89 4 1 37.490 6.684 36.857 5.694
90 4 1 37.480 6.765 36.847 5.775
91 4 1 37.490 6.857 36.858 5.866
92 4 1 37.501 6.887 36.868 5.897
93 4 1 37.501 6.907 36.868 5.917
94 4 1 37.501 6.968 36.868 5.978
95 4 1 37.511 7.019 36.879 6.028
96 4 1 37.511 7.079 36.879 6.089
97 4 1 37.532 7.130 36.899 6.139
98 4 1 37.542 7.140 36.909 6.150
99 4 1 37.552 7.191 36.920 6.200
100 4 1 37.562 7.241 36.930 6.251
101 4 1 37.583 7.312 36.951 6.322
102 4 1 37.604 7.413 36.971 6.423
103 4 1 37.604 7.484 36.971 6.494
104 4 1 37.614 7.545 36.982 6.554
105 4 1 37.624 7.596 36.992 6.605
106 4 1 37.635 7.626 37.002 6.635
107 4 1 37.665 7.666 37.033 6.676
108 4 1 37.676 7.717 37.043 6.726
109 4 1 37.676 7.737 37.043 6.747
110 4 1 37.686 7.778 37.053 6.787
111 4 1 37.696 7.828 37.064 6.838
112 4 1 37.707 7.889 37.074 6.898
113 4 1 37.727 7.940 37.094 6.949
114 4 1 37.737 8.011 37.105 7.020
115 4 1 37.748 8.041 37.115 7.050
116 4 1 37.758 8.092 37.125 7.101
117 4 1 37.768 8.163 37.136 7.172
118 4 1 37.769 8.234 37.136 7.243
0 4 1 37.234 2.553 36.603 1.565
1 4 1 37.235 2.583 36.604 1.595
2 4 1 37.245 2.603 36.614 1.615
3 4 1 37.265 2.633 36.634 1.646
4 4 1 37.285 2.664 36.654 1.676
5 4 1 37.296 2.694 36.665 1.706
6 4 1 37.306 2.724 36.675 1.736
7 4 1 37.296 2.744 36.665 1.756
8 4 1 37.286 2.754 36.655 1.766
9 4 1 37.286 2.754 36.655 1.766
10 4 1 37.286 2.764 36.655 1.777
11 4 1 37.286 2.805 36.655 1.817
12 4 1 37.286 2.845 36.655 1.857
13 4 1 37.286 2.895 36.655 1.908
14 4 1 37.286 2.936 36.655 1.948
15 4 1 37.286 2.966 36.655 1.978
16 4 1 37.286 3.006 36.655 2.018
17 4 1 37.307 3.047 36.676 2.059
18 4 1 37.307 3.077 36.676 2.089
19 4 1 37.307 3.107 36.676 2.119
20 4 1 37.297 3.127 36.666 2.139
21 4 1 37.297 3.158 36.666 2.170
22 4 1 37.307 3.198 36.676 2.210
23 4 1 37.318 3.259 36.686 2.270
24 4 1 37.328 3.349 36.697 2.361
25 4 1 37.328 3.420 36.697 2.432
26 4 1 37.328 3.481 36.697 2.492
27 4 1 37.318 3.521 36.687 2.533
28 4 1 37.318 3.521 36.687 2.533
29 4 1 37.308 3.531 36.677 2.543
30 4 1 37.308 3.571 36.677 2.583
31 4 1 37.288 3.592 36.657 2.603
32 4 1 37.268 3.612 36.637 2.623
33 4 1 37.238 3.662 36.606 2.674
34 4 1 37.228 3.713 36.596 2.724
35 4 1 37.228 3.743 36.596 2.755
36 4 1 37.248 3.783 36.617 2.795
37 4 1 37.268 3.824 36.637 2.835
38 4 1 37.289 3.834 36.657 2.845
39 4 1 37.299 3.894 36.668 2.906
40 4 1 37.299 3.985 36.668 2.997
41 4 1 37.279 4.066 36.648 3.077
119 4 1 37.759 8.325 37.126 7.334
120 4 1 37.749 8.426 37.116 7.435
121 4 1 37.749 8.508 37.116 7.516
122 4 1 37.759 8.558 37.127 7.567
123 4 1 37.760 8.589 37.127 7.597
124 4 1 37.760 8.609 37.127 7.618
125 4 1 37.750 8.639 37.117 7.648
126 4 1 37.750 8.670 37.117 7.679
127 4 1 37.760 8.710 37.127 7.719
128 4 1 37.780 8.761 37.147 7.770
129 4 1 37.770 8.822 37.137 7.831
130 4 1 37.781 8.893 37.148 7.901
131 4 1 37.791 8.964 37.158 7.972
132 4 1 37.802 9.025 37.169 8.033
133 4 1 37.832 9.075 37.199 8.084
134 4 1 37.853 9.146 37.220 8.155
135 4 1 37.873 9.227 37.240 8.236
136 4 1 37.894 9.298 37.261 8.307
137 4 1 37.924 9.349 37.291 8.357
138 4 1 37.935 9.389 37.302 8.398
139 4 1 37.945 9.410 37.312 8.418
140 4 1 37.925 9.440 37.292 8.449
141 4 1 37.915 9.461 37.282 8.469
142 4 1 37.894 9.491 37.261 8.499
143 4 1 37.905 9.522 37.272 8.530
144 4 1 37.915 9.582 37.282 8.591
145 4 1 37.925 9.643 37.292 8.652
146 4 1 37.946 9.745 37.313 8.753
147 4 1 37.967 9.836 37.333 8.844
148 4 1 37.947 9.917 37.313 8.925
149 4 1 37.926 9.989 37.293 8.997
150 4 1 37.886 10.070 37.253 9.078
151 4 1 37.856 10.131 37.222 9.139
152 4 1 37.836 10.182 37.202 9.190
153 4 1 37.826 10.223 37.192 9.231
154 4 1 37.815 10.253 37.182 9.261
155 4 1 37.816 10.284 37.182 9.292
156 4 1 37.795 10.314 37.162 9.322
157 4 1 37.765 10.365 37.132 9.373
158 4 1 37.735 10.426 37.101 9.434
159 4 1 37.715 10.498 37.081 9.505
160 4 1 37.694 10.569 37.061 9.576
161 4 1 37.695 10.620 37.061 9.627
162 4 1 37.705 10.671 37.071 9.678
163 4 1 37.715 10.731 37.082 9.739
164 4 1 37.695 10.793 37.061 9.800
165 4 1 37.675 10.864 37.041 9.871
166 4 1 37.645 10.935 37.011 9.943
167 4 1 37.635 10.996 37.001 10.004
168 4 1 37.635 11.057 37.001 10.065
169 4 1 37.655 11.098 37.022 10.105
170 4 1 37.655 11.108 37.022 10.115
171 4 1 37.655 11.128 37.022 10.136
172 4 1 37.635 11.169 37.001 10.176
173 4 1 37.625 11.230 36.991 10.237
174 4 1 37.605 11.312 36.971 10.319
175 4 1 37.595 11.393 36.961 10.400
176 4 1 37.575 11.465 36.941 10.472
177 4 1 37.565 11.536 36.931 10.543
178 4 1 37.555 11.597 36.921 10.604
179 4 1 37.555 11.648 36.921 10.655
180 4 1 37.545 11.699 36.911 10.706
181 4 1 37.545 11.740 36.911 10.746
182 4 1 37.515 11.791 36.881 10.797
183 4 1 37.485 11.852 36.850 10.859
184 4 1 37.454 11.903 36.820 10.910
185 4 1 37.434 11.954 36.800 10.961
186 4 1 37.403 11.985 36.769 10.991
187 4 1 37.393 12.015 36.759 11.022
188 4 1 37.394 12.066 36.759 11.073
189 4 1 37.404 12.127 36.770 11.134
190 4 1 37.404 12.178 36.770 11.185
191 4 1 37.414 12.250 36.780 11.256
192 4 1 37.404 12.301 36.770 11.307
193 4 1 37.374 12.352 36.740 11.358
194 4 1 37.364 12.423 36.730 11.429
195 4 1 37.364 12.484 36.730 11.490
196 4 1 37.375 12.545 36.740 11.551
197 4 1 37.395 12.606 36.761 11.612
198 4 1 37.405 12.647 36.771 11.653
199 4 1 37.385 12.698 36.751 11.704
200 4 1 37.375 12.739 36.741 11.745
201 4 1 37.365 12.769 36.731 11.775
202 4 1 37.365 12.800 36.731 11.806
203 4 1 37.375 12.841 36.741 11.847
204 4 1 37.386 12.902 36.751 11.908
205 4 1 37.386 12.983 36.751 11.989
206 4 1 37.396 13.065 36.762 12.071
207 4 1 37.407 13.126 36.772 12.132
208 4 1 37.397 13.197 36.762 12.203
209 4 1 37.387 13.238 36.752 12.244
210 4 1 37.367 13.310 36.732 12.315
211 4 1 37.367 13.381 36.732 12.387
212 4 1 37.367 13.442 36.732 12.448
213 4 1 37.367 13.503 36.732 12.509
214 4 1 37.347 13.555 36.712 12.560
215 4 1 37.337 13.595 36.702 12.601
216 4 1 37.316 13.636 36.682 12.642
217 4 1 37.296 13.667 36.661 12.673
218 4 1 37.286 13.677 36.651 12.683
219 4 1 37.286 13.718 36.651 12.724
220 4 1 37.286 13.759 36.651 12.764
221 4 1 37.276 13.820 36.641 12.826
222 4 1 37.266 13.892 36.631 12.897
223 4 1 37.266 13.953 36.632 12.958
224 4 1 37.256 14.014 36.622 13.019
225 4 1 37.257 14.086 36.622 13.091
226 4 1 37.267 14.147 36.632 13.152
227 4 1 37.257 14.188 36.622 13.193
228 4 1 37.257 14.219 36.622 13.223
229 4 1 37.257 14.249 36.622 13.254
230 4 1 37.247 14.259 36.612 13.264
231 4 1 37.237 14.311 36.602 13.315
232 4 1 37.247 14.382 36.612 13.387
233 4 1 37.237 14.453 36.602 13.458
234 4 1 37.248 14.494 36.613 13.499
235 4 1 37.248 14.566 36.613 13.570
236 4 1 37.238 14.617 36.603 13.622
237 4 1 37.228 14.688 36.593 13.693
238 4 1 37.218 14.760 36.583 13.765
239 4 1 37.197 14.821 36.562 13.826
240 4 1 37.187 14.842 36.552 13.846
241 4 1 37.167 14.873 36.532 13.877
242 4 1 37.167 14.863 36.532 13.867
243 4 1 37.177 14.893 36.542 13.898
244 4 1 37.188 14.975 36.552 13.979
245 4 1 37.178 15.067 36.542 14.071
246 4 1 37.178 15.138 36.543 14.143
247 4 1 37.158 15.210 36.522 14.214
248 4 1 37.148 15.241 36.512 14.245
249 4 1 37.127 15.292 36.492 14.296
250 4 1 37.128 15.384 36.492 14.388
251 4 1 37.118 15.466 36.482 14.470
252 4 1 37.108 15.538 36.472 14.542
253 4 1 37.108 15.578 36.472 14.582
254 4 1 37.098 15.609 36.462 14.613
255 4 1 37.077 15.620 36.442 14.624
256 4 1 37.047 15.661 36.411 14.665
257 4 1 37.016 15.702 36.381 14.706
258 4 1 36.986 15.743 36.350 14.747
259 4 1 36.955 15.774 36.320 14.778
260 4 1 36.945 15.774 36.309 14.778
261 4 1 36.945 15.805 36.309 14.809
262 4 1 36.945 15.846 36.309 14.849
263 4 1 36.955 15.917 36.320 14.921
264 4 1 36.956 16.009 36.320 15.013
265 4 1 36.966 16.091 36.330 15.095
266 4 1 36.966 16.152 36.331 15.156
267 4 1 36.966 16.224 36.331 15.227
268 4 1 36.967 16.285 36.331 15.289
269 4 1 36.967 16.357 36.331 15.360
270 4 1 36.977 16.408 36.341 15.411
271 4 1 36.988 16.459 36.352 15.462
272 4 1 36.988 16.521 36.352 15.524
273 4 1 36.988 16.572 36.352 15.575
274 4 1 36.978 16.613 36.342 15.616
275 4 1 36.968 16.633 36.332 15.637
276 4 1 36.957 16.644 36.322 15.647
277 4 1 36.947 16.664 36.311 15.667
278 4 1 36.937 16.726 36.301 15.729
279 4 1 36.937 16.797 36.301 15.800
280 4 1 36.938 16.869 36.302 15.872
281 4 1 36.948 16.930 36.312 15.933
282 4 1 36.958 16.971 36.322 15.974
283 4 1 36.979 16.981 36.343 15.984
284 4 1 36.979 17.022 36.343 16.025
285 4 1 36.979 17.043 36.343 16.046
286 4 1 36.979 17.063 36.343 16.066
287 4 1 36.979 17.114 36.343 16.117
288 4 1 36.979 17.196 36.343 16.199
289 4 1 36.979 17.268 36.343 16.271
290 4 1 36.990 17.340 36.354 16.342
291 4 1 36.990 17.381 36.354 16.383
292 4 1 36.990 17.411 36.354 16.414
293 4 1 37.000 17.442 36.364 16.445
294 4 1 37.011 17.483 36.375 16.485
295 4 1 37.021 17.524 36.385 16.526
296 4 1 37.021 17.565 36.385 16.567
297 4 1 37.042 17.605 36.406 16.608
298 4 1 37.062 17.667 36.426 16.669
299 4 1 37.073 17.738 36.437 16.741
300 4 1 37.083 17.789 36.447 16.792
301 4 1 37.073 17.841 36.437 16.843
302 4 1 37.073 17.871 36.437 16.874
303 4 1 37.083 17.892 36.447 16.894
304 4 1 37.104 17.912 36.468 16.915
305 4 1 37.135 17.953 36.498 16.955
306 4 1 37.145 17.983 36.509 16.986
307 4 1 37.155 18.035 36.519 17.037
308 4 1 37.166 18.086 36.529 17.088
309 4 1 37.176 18.157 36.540 17.160
310 4 1 37.156 18.219 36.519 17.221
311 4 1 37.156 18.270 36.520 17.273
312 4 1 37.166 18.301 36.530 17.303
313 4 1 37.187 18.321 36.550 17.324
314 4 1 37.207 18.372 36.571 17.375
315 4 1 37.228 18.423 36.591 17.426
316 4 1 37.218 18.464 36.581 17.467
317 4 1 37.228 18.516 36.592 17.518
318 4 1 37.228 18.557 36.592 17.559
319 4 1 37.218 18.587 36.582 17.590
320 4 1 37.208 18.629 36.572 17.631
321 4 1 37.198 18.670 36.561 17.672
322 4 1 37.177 18.701 36.541 17.703
323 4 1 37.167 18.752 36.531 17.754
324 4 1 37.157 18.793 36.521 17.795
325 4 1 37.137 18.814 36.500 17.816
326 4 1 37.147 18.824 36.511 17.826
327 4 1 37.157 18.845 36.521 17.846
328 4 1 37.178 18.885 36.541 17.887
329 4 1 37.199 18.957 36.562 17.959
330 4 1 37.199 18.988 36.562 17.990
331 4 1 37.189 19.029 36.552 18.031
332 4 1 37.179 19.070 36.542 18.072
333 4 1 37.189 19.111 36.552 18.113
334 4 1 37.209 19.162 36.573 18.164
335 4 1 37.230 19.234 36.593 18.235
336 4 1 37.240 19.274 36.604 18.276
337 4 1 37.230 19.326 36.594 18.328
338 4 1 37.241 19.377 36.604 18.379
339 4 1 37.241 19.398 36.604 18.399
340 4 1 37.261 19.418 36.625 18.420
341 4 1 37.261 19.438 36.625 18.440
342 4 1 37.261 19.479 36.625 18.481
343 4 1 37.231 19.511 36.594 18.512
344 4 1 37.211 19.562 36.574 18.564
345 4 1 37.200 19.614 36.564 18.615
346 4 1 37.201 19.655 36.564 18.656
347 4 1 37.211 19.685 36.574 18.687
348 4 1 37.221 19.706 36.584 18.707
349 4 1 37.232 19.747 36.595 18.748
350 4 1 37.242 19.808 36.605 18.810
351 4 1 37.242 19.880 36.605 18.881
352 4 1 37.242 19.931 36.605 18.933
353 4 1 37.242 19.952 36.605 18.953
354 4 1 37.242 19.962 36.605 18.964
355 4 1 37.232 19.973 36.595 18.974
356 4 1 37.242 19.983 36.606 18.984
357 4 1 37.232 20.014 36.595 19.015
358 4 1 37.243 20.034 36.606 19.035
359 4 1 37.263 20.054 36.626 19.056
360 4 1 37.284 20.064 36.647 19.066
361 4 1 37.294 20.064 36.657 19.066
362 4 1 37.314 20.085 36.677 19.086
363 4 1 37.325 20.105 36.688 19.106
364 4 1 37.345 20.136 36.708 19.137
365 4 1 37.355 20.166 36.719 19.168
366 4 1 37.366 20.207 36.729 19.208
367 4 1 37.366 20.248 36.729 19.250
368 4 1 37.356 20.290 36.719 19.291
369 4 1 37.346 20.331 36.709 19.332
370 4 1 37.325 20.372 36.688 19.373
371 4 1 37.315 20.413 36.678 19.414
372 4 1 37.305 20.434 36.668 19.435
373 4 1 37.315 20.454 36.678 19.455
374 4 1 37.326 20.465 36.689 19.466
375 4 1 37.326 20.475 36.689 19.476
376 4 1 37.326 20.485 36.689 19.486
377 4 1 37.326 20.495 36.689 19.496
378 4 1 37.326 20.526 36.689 19.527
379 4 1 37.336 20.547 36.699 19.548
380 4 1 37.336 20.567 36.699 19.568
381 4 1 37.346 20.577 36.709 19.578
382 4 1 37.357 20.587 36.720 19.588
383 4 1 37.367 20.577 36.730 19.578
384 4 1 37.377 20.567 36.740 19.568
385 4 1 37.397 20.546 36.760 19.547
386 4 1 37.397 20.536 36.760 19.537
387 4 1 37.397 20.536 36.760 19.537
388 4 1 37.387 20.536 36.750 19.537
389 4 1 37.387 20.546 36.750 19.547
390 4 1 37.377 20.567 36.740 19.568
391 4 1 37.367 20.577 36.730 19.578
392 4 1 37.367 20.598 36.730 19.599
393 4 1 37.367 20.598 36.730 19.599
394 4 1 37.357 20.587 36.720 19.588
395 4 1 37.357 20.587 36.720 19.588
396 4 1 37.346 20.577 36.709 19.578
397 4 1 37.336 20.557 36.699 19.558
398 4 1 37.336 20.547 36.699 19.548
399 4 1 37.326 20.536 36.689 19.537
400 4 1 37.316 20.526 36.678 19.527
401 4 1 37.305 20.526 36.668 19.527
402 4 1 37.295 20.527 36.658 19.528
403 4 1 37.295 20.516 36.658 19.517
404 4 1 37.285 20.506 36.648 19.507
405 4 1 37.275 20.506 36.638 19.507
406 4 1 37.285 20.506 36.648 19.507
407 4 1 37.285 20.506 36.648 19.507
408 4 1 37.285 20.506 36.648 19.507
409 4 1 37.285 20.496 36.648 19.497
42 5 1 36.874 16.071 36.177 14.851
43 5 1 36.874 16.020 36.177 14.799
44 5 1 36.874 15.959 36.176 14.738
45 5 1 36.874 15.908 36.176 14.687
46 5 1 36.853 15.867 36.156 14.646
47 5 1 36.843 15.826 36.146 14.606
48 5 1 36.822 15.765 36.125 14.544
49 5 1 36.802 15.673 36.104 14.453
50 5 1 36.801 15.571 36.104 14.350
51 5 1 36.811 15.489 36.114 14.269
52 5 1 36.811 15.407 36.114 14.187
53 5 1 36.821 15.346 36.124 14.126
54 5 1 36.811 15.305 36.114 14.085
55 5 1 36.790 15.264 36.093 14.044
56 5 1 36.780 15.244 36.083 14.024
57 5 1 36.780 15.213 36.083 13.993
58 5 1 36.780 15.162 36.083 13.942
59 5 1 36.770 15.121 36.072 13.901
60 5 1 36.739 15.071 36.042 13.850
61 5 1 36.698 14.999 36.001 13.779
62 5 1 36.677 14.938 35.980 13.718
63 5 1 36.687 14.856 35.990 13.636
64 5 1 36.697 14.775 36.000 13.555
65 5 1 36.697 14.693 36.000 13.473
66 5 1 36.707 14.621 36.010 13.402
67 5 1 36.717 14.550 36.020 13.330
68 5 1 36.717 14.509 36.020 13.289
69 5 1 36.737 14.478 36.040 13.258
70 5 1 36.727 14.458 36.030 13.238
71 5 1 36.717 14.417 36.020 13.197
72 5 1 36.707 14.376 36.010 13.157
73 5 1 36.696 14.335 35.999 13.116
74 5 1 36.676 14.295 35.979 13.075
75 5 1 36.676 14.233 35.979 13.014
76 5 1 36.675 14.182 35.979 12.963
77 5 1 36.675 14.111 35.978 12.892
78 5 1 36.685 14.039 35.988 12.820
79 5 1 36.685 13.978 35.988 12.759
80 5 1 36.675 13.907 35.978 12.688
81 5 1 36.675 13.815 35.978 12.596
82 5 1 36.674 13.743 35.978 12.524
83 5 1 36.674 13.682 35.978 12.463
84 5 1 36.674 13.652 35.977 12.433
85 5 1 36.684 13.631 35.988 12.412
86 5 1 36.674 13.601 35.977 12.382
87 5 1 36.664 13.570 35.967 12.351
88 5 1 36.643 13.529 35.947 12.310
89 5 1 36.633 13.489 35.936 12.270
90 5 1 36.623 13.458 35.926 12.239
91 5 1 36.643 13.397 35.946 12.178
92 5 1 36.653 13.346 35.956 12.127
93 5 1 36.673 13.295 35.977 12.076
94 5 1 36.704 13.223 36.007 12.004
95 5 1 36.703 13.141 36.007 11.923
96 5 1 36.673 13.050 35.976 11.831
97 5 1 36.672 12.978 35.976 11.760
98 5 1 36.672 12.927 35.976 11.709
99 5 1 36.693 12.897 35.996 11.678
100 5 1 36.733 12.876 36.037 11.658
101 5 1 36.743 12.845 36.047 11.627
102 5 1 36.733 12.815 36.037 11.596
103 5 1 36.723 12.784 36.027 11.566
104 5 1 36.702 12.744 36.006 11.525
105 5 1 36.692 12.713 35.996 11.495
106 5 1 36.712 12.672 36.016 11.454
107 5 1 36.722 12.611 36.026 11.393
108 5 1 36.732 12.540 36.036 11.321
109 5 1 36.722 12.458 36.026 11.240
110 5 1 36.722 12.387 36.026 11.169
111 5 1 36.722 12.326 36.026 11.108
112 5 1 36.732 12.264 36.036 11.047
113 5 1 36.742 12.224 36.046 11.006
114 5 1 36.752 12.193 36.056 10.975
115 5 1 36.752 12.162 36.056 10.945
116 5 1 36.752 12.142 36.056 10.924
117 5 1 36.742 12.111 36.046 10.894
118 5 1 36.721 12.081 36.025 10.863
0 5 1 36.748 18.685 36.050 17.462
1 5 1 36.748 18.603 36.049 17.380
2 5 1 36.758 18.551 36.059 17.329
3 5 1 36.788 18.520 36.090 17.297
4 5 1 36.799 18.459 36.100 17.236
5 5 1 36.819 18.366 36.120 17.143
6 5 1 36.839 18.253 36.141 17.031
7 5 1 36.849 18.161 36.151 16.938
8 5 1 36.859 18.079 36.161 16.856
9 5 1 36.889 18.037 36.191 16.815
10 5 1 36.879 18.027 36.181 16.805
11 5 1 36.859 18.017 36.161 16.795
12 5 1 36.838 17.997 36.140 16.774
13 5 1 36.828 17.936 36.130 16.713
14 5 1 36.828 17.864 36.130 16.641
15 5 1 36.838 17.792 36.140 16.570
16 5 1 36.838 17.741 36.140 16.518
17 5 1 36.807 17.700 36.109 16.478
18 5 1 36.796 17.649 36.098 16.427
19 5 1 36.786 17.567 36.088 16.345
20 5 1 36.796 17.454 36.098 16.232
21 5 1 36.796 17.342 36.098 16.120
22 5 1 36.785 17.260 36.087 16.038
23 5 1 36.785 17.198 36.087 15.976
24 5 1 36.795 17.167 36.097 15.946
25 5 1 36.805 17.147 36.108 15.925
26 5 1 36.816 17.106 36.118 15.884
27 5 1 36.836 17.054 36.138 15.833
28 5 1 36.836 16.993 36.138 15.771
29 5 1 36.815 16.932 36.117 15.710
30 5 1 36.815 16.860 36.117 15.638
31 5 1 36.794 16.809 36.097 15.587
32 5 1 36.794 16.737 36.096 15.516
33 5 1 36.784 16.666 36.086 15.444
34 5 1 36.814 16.594 36.117 15.373
35 5 1 36.834 16.502 36.137 15.280
36 5 1 36.855 16.389 36.157 15.168
37 5 1 36.854 16.286 36.157 15.065
38 5 1 36.854 16.215 36.157 14.994
39 5 1 36.854 16.153 36.156 14.933
40 5 1 36.864 16.123 36.167 14.902
41 5 1 36.864 16.102 36.167 14.881
119 5 1 36.711 12.040 36.015 10.823
120 5 1 36.721 11.979 36.025 10.762
121 5 1 36.721 11.908 36.025 10.690
122 5 1 36.710 11.816 36.014 10.599
123 5 1 36.710 11.745 36.014 10.528
124 5 1 36.700 11.684 36.004 10.467
125 5 1 36.720 11.602 36.024 10.385
126 5 1 36.740 11.521 36.044 10.304
127 5 1 36.760 11.480 36.065 10.263
128 5 1 36.781 11.419 36.085 10.202
129 5 1 36.781 11.378 36.085 10.161
130 5 1 36.770 11.348 36.074 10.130
131 5 1 36.760 11.297 36.064 10.080
132 5 1 36.739 11.256 36.044 10.039
133 5 1 36.729 11.226 36.033 10.009
134 5 1 36.709 11.205 36.013 9.988
135 5 1 36.698 11.165 36.003 9.948
136 5 1 36.698 11.114 36.003 9.897
137 5 1 36.688 11.032 35.992 9.816
138 5 1 36.698 10.941 36.002 9.724
139 5 1 36.708 10.870 36.012 9.653
140 5 1 36.687 10.809 35.992 9.592
141 5 1 36.697 10.737 36.002 9.521
142 5 1 36.707 10.676 36.012 9.460
143 5 1 36.707 10.615 36.012 9.399
144 5 1 36.717 10.574 36.022 9.358
145 5 1 36.717 10.544 36.022 9.328
146 5 1 36.687 10.544 35.991 9.328
147 5 1 36.676 10.514 35.981 9.297
148 5 1 36.666 10.473 35.971 9.257
149 5 1 36.646 10.432 35.950 9.216
150 5 1 36.646 10.412 35.950 9.196
151 5 1 36.615 10.361 35.920 9.145
152 5 1 36.594 10.301 35.899 9.084
153 5 1 36.574 10.219 35.878 9.003
154 5 1 36.543 10.148 35.848 8.932
155 5 1 36.533 10.087 35.837 8.871
156 5 1 36.533 10.057 35.837 8.841
157 5 1 36.533 9.996 35.837 8.780
158 5 1 36.543 9.925 35.847 8.709
159 5 1 36.563 9.853 35.868 8.637
160 5 1 36.563 9.803 35.867 8.587
161 5 1 36.563 9.762 35.867 8.546
162 5 1 36.583 9.741 35.888 8.526
163 5 1 36.573 9.701 35.877 8.485
164 5 1 36.552 9.660 35.857 8.445
165 5 1 36.532 9.620 35.837 8.404
166 5 1 36.501 9.579 35.806 8.364
167 5 1 36.501 9.518 35.806 8.303
168 5 1 36.531 9.447 35.836 8.231
169 5 1 36.572 9.355 35.877 8.140
170 5 1 36.592 9.264 35.897 8.048
171 5 1 36.592 9.183 35.897 7.967
172 5 1 36.571 9.122 35.876 7.906
173 5 1 36.561 9.102 35.866 7.886
174 5 1 36.571 9.081 35.876 7.866
175 5 1 36.571 9.061 35.876 7.846
176 5 1 36.551 9.041 35.856 7.825
177 5 1 36.540 8.990 35.845 7.775
178 5 1 36.530 8.929 35.835 7.714
179 5 1 36.520 8.878 35.825 7.663
180 5 1 36.509 8.817 35.815 7.602
181 5 1 36.489 8.767 35.794 7.552
182 5 1 36.448 8.706 35.753 7.491
183 5 1 36.427 8.605 35.733 7.390
184 5 1 36.407 8.503 35.712 7.288
185 5 1 36.407 8.422 35.712 7.207
186 5 1 36.407 8.351 35.712 7.136
187 5 1 36.406 8.310 35.712 7.095
188 5 1 36.417 8.270 35.722 7.055
189 5 1 36.427 8.219 35.732 7.004
190 5 1 36.447 8.168 35.752 6.953
191 5 1 36.457 8.117 35.762 6.903
192 5 1 36.457 8.097 35.762 6.882
193 5 1 36.447 8.067 35.752 6.852
194 5 1 36.436 8.016 35.742 6.801
195 5 1 36.436 7.975 35.742 6.761
196 5 1 36.446 7.935 35.752 6.720
197 5 1 36.446 7.894 35.752 6.680
198 5 1 36.466 7.843 35.772 6.629
199 5 1 36.476 7.772 35.782 6.558
200 5 1 36.496 7.671 35.802 6.457
201 5 1 36.527 7.569 35.832 6.355
202 5 1 36.527 7.498 35.832 6.284
203 5 1 36.526 7.468 35.832 6.254
204 5 1 36.526 7.448 35.832 6.234
205 5 1 36.537 7.417 35.842 6.203
206 5 1 36.547 7.376 35.852 6.163
207 5 1 36.567 7.326 35.872 6.112
208 5 1 36.567 7.275 35.872 6.061
209 5 1 36.556 7.224 35.862 6.011
210 5 1 36.546 7.174 35.852 5.960
211 5 1 36.526 7.123 35.831 5.909
212 5 1 36.536 7.072 35.841 5.859
213 5 1 36.536 7.012 35.841 5.798
214 5 1 36.535 6.920 35.841 5.707
215 5 1 36.535 6.819 35.841 5.606
216 5 1 36.525 6.718 35.831 5.504
217 5 1 36.514 6.657 35.820 5.444
218 5 1 36.535 6.627 35.841 5.413
219 5 1 36.555 6.586 35.861 5.373
220 5 1 36.555 6.535 35.861 5.322
221 5 1 36.544 6.495 35.850 5.282
222 5 1 36.534 6.454 35.840 5.241
223 5 1 36.524 6.424 35.830 5.211
224 5 1 36.544 6.394 35.850 5.180
225 5 1 36.564 6.343 35.870 5.130
226 5 1 36.554 6.282 35.860 5.069
227 5 1 36.544 6.232 35.850 5.019
228 5 1 36.544 6.171 35.850 4.958
229 5 1 36.554 6.080 35.860 4.867
230 5 1 36.564 5.989 35.870 4.776
231 5 1 36.573 5.887 35.880 4.675
232 5 1 36.573 5.816 35.880 4.604
233 5 1 36.573 5.776 35.879 4.563
234 5 1 36.583 5.746 35.890 4.533
235 5 1 36.593 5.705 35.900 4.493
236 5 1 36.593 5.675 35.900 4.462
237 5 1 36.583 5.624 35.889 4.412
238 5 1 36.563 5.584 35.869 4.371
239 5 1 36.552 5.553 35.859 4.341
240 5 1 36.542 5.503 35.848 4.290
241 5 1 36.542 5.442 35.848 4.230
242 5 1 36.521 5.402 35.828 4.189
243 5 1 36.521 5.351 35.828 4.139
244 5 1 36.501 5.280 35.807 4.068
245 5 1 36.480 5.189 35.787 3.977
246 5 1 36.460 5.098 35.766 3.886
247 5 1 36.449 5.028 35.756 3.815
248 5 1 36.439 4.987 35.746 3.775
249 5 1 36.439 4.977 35.746 3.765
250 5 1 36.429 4.957 35.736 3.745
251 5 1 36.429 4.896 35.735 3.684
252 5 1 36.439 4.846 35.745 3.634
253 5 1 36.449 4.795 35.756 3.583
254 5 1 36.449 4.785 35.755 3.573
255 5 1 36.449 4.775 35.755 3.563
256 5 1 36.428 4.734 35.735 3.522
257 5 1 36.418 4.674 35.725 3.462
258 5 1 36.398 4.603 35.704 3.391
259 5 1 36.398 4.532 35.704 3.320
260 5 1 36.408 4.472 35.714 3.260
261 5 1 36.397 4.411 35.704 3.199
262 5 1 36.397 4.350 35.704 3.139
263 5 1 36.397 4.279 35.704 3.068
264 5 1 36.397 4.229 35.704 3.018
265 5 1 36.407 4.199 35.714 2.987
266 5 1 36.437 4.168 35.744 2.957
267 5 1 36.458 4.138 35.764 2.927
268 5 1 36.478 4.108 35.785 2.896
269 5 1 36.478 4.077 35.785 2.866
270 5 1 36.478 4.067 35.784 2.856
271 5 1 36.478 4.057 35.784 2.846
272 5 1 36.478 4.047 35.784 2.836
273 5 1 36.478 4.027 35.784 2.816
274 5 1 36.457 4.007 35.764 2.795
275 5 1 36.447 3.997 35.754 2.785
276 5 1 36.437 3.956 35.744 2.745
277 5 1 36.427 3.916 35.733 2.705
278 5 1 36.416 3.855 35.723 2.644
279 5 1 36.406 3.795 35.713 2.583
280 5 1 36.375 3.734 35.682 2.523
281 5 1 36.365 3.694 35.672 2.483
282 5 1 36.355 3.663 35.662 2.452
283 5 1 36.345 3.633 35.652 2.422
284 5 1 36.355 3.623 35.662 2.412
285 5 1 36.375 3.603 35.682 2.392
286 5 1 36.416 3.582 35.723 2.372
287 5 1 36.446 3.552 35.753 2.341
288 5 1 36.466 3.532 35.773 2.321
289 5 1 36.486 3.512 35.794 2.301
290 5 1 36.486 3.491 35.793 2.281
291 5 1 36.486 3.471 35.793 2.261
292 5 1 36.486 3.451 35.793 2.240
293 5 1 36.486 3.441 35.793 2.230
294 5 1 36.486 3.421 35.793 2.210
295 5 1 36.486 3.401 35.793 2.190
296 5 1 36.486 3.391 35.793 2.180
297 5 1 36.476 3.370 35.783 2.160
298 5 1 36.466 3.350 35.773 2.139
299 5 1 36.456 3.340 35.763 2.129
300 5 1 36.456 3.310 35.763 2.099
301 5 1 36.476 3.269 35.783 2.059
302 5 1 36.486 3.249 35.793 2.039
303 5 1 36.486 3.239 35.793 2.029
304 5 1 36.496 3.229 35.803 2.018
305 5 1 36.496 3.239 35.803 2.029
306 5 1 36.506 3.239 35.813 2.029
307 5 1 36.526 3.239 35.834 2.029
308 5 1 36.526 3.239 35.834 2.029
309 5 1 36.526 3.239 35.834 2.029
310 5 1 36.526 3.239 35.834 2.029
311 5 1 36.537 3.239 35.844 2.029
312 5 1 36.537 3.239 35.844 2.029
313 5 1 36.557 3.239 35.864 2.029
314 5 1 36.577 3.229 35.884 2.018
315 5 1 36.597 3.229 35.905 2.018
316 5 1 36.618 3.229 35.925 2.018
317 5 1 36.618 3.229 35.925 2.018
318 5 1 36.618 3.239 35.925 2.029
319 5 1 36.628 3.239 35.935 2.029
320 5 1 36.638 3.239 35.945 2.029
321 5 1 36.638 3.239 35.945 2.029
322 5 1 36.648 3.229 35.955 2.018
323 5 1 36.638 3.229 35.945 2.018
324 5 1 36.628 3.229 35.935 2.018
325 5 1 36.638 3.229 35.945 2.018
326 5 1 36.638 3.229 35.945 2.018
327 5 1 36.638 3.229 35.945 2.018
328 5 1 36.638 3.239 35.945 2.029
329 5 1 36.638 3.239 35.945 2.029
330 5 1 36.638 3.249 35.945 2.039
331 5 1 36.638 3.259 35.945 2.049
332 5 1 36.638 3.269 35.945 2.059
333 5 1 36.638 3.279 35.945 2.069
334 5 1 36.628 3.289 35.935 2.079
335 5 1 36.628 3.310 35.935 2.099
336 5 1 36.618 3.320 35.925 2.109
337 5 1 36.618 3.330 35.925 2.119
338 5 1 36.618 3.330 35.925 2.119
339 5 1 36.618 3.330 35.925 2.119
340 5 1 36.618 3.330 35.925 2.119
341 5 1 36.618 3.330 35.925 2.119
342 5 1 36.618 3.330 35.925 2.119
343 5 1 36.628 3.340 35.935 2.129
344 5 1 36.628 3.340 35.935 2.129
345 5 1 36.618 3.360 35.925 2.150
346 5 1 36.618 3.370 35.925 2.160
347 5 1 36.608 3.380 35.915 2.170
348 5 1 36.608 3.390 35.915 2.180
349 5 1 36.608 3.390 35.915 2.180
350 5 1 36.598 3.390 35.905 2.180
351 5 1 36.598 3.390 35.905 2.180
352 5 1 36.598 3.390 35.905 2.180
353 5 1 36.598 3.390 35.905 2.180
354 5 1 36.588 3.390 35.895 2.180
355 5 1 36.588 3.380 35.895 2.170
356 5 1 36.588 3.380 35.895 2.170
357 5 1 36.588 3.370 35.895 2.160
358 5 1 36.588 3.360 35.895 2.150
359 5 1 36.588 3.360 35.895 2.150
360 5 1 36.577 3.350 35.885 2.139
361 5 1 36.567 3.350 35.874 2.139
362 5 1 36.567 3.350 35.874 2.139
363 5 1 36.577 3.360 35.885 2.150
364 5 1 36.588 3.370 35.895 2.160
365 5 1 36.598 3.380 35.905 2.170
366 5 1 36.598 3.370 35.905 2.160
367 5 1 36.608 3.370 35.915 2.160
368 5 1 36.608 3.370 35.915 2.160
369 5 1 36.598 3.370 35.905 2.160
370 5 1 36.598 3.370 35.905 2.160
371 5 1 36.588 3.370 35.895 2.160
372 5 1 36.588 3.370 35.895 2.160
373 5 1 36.598 3.370 35.905 2.160
374 5 1 36.608 3.370 35.915 2.160
375 5 1 36.608 3.360 35.915 2.150
376 5 1 36.608 3.370 35.915 2.160
377 5 1 36.608 3.370 35.915 2.160
378 5 1 36.598 3.380 35.905 2.170
379 5 1 36.588 3.390 35.895 2.180
380 5 1 36.588 3.401 35.895 2.190
381 5 1 36.598 3.421 35.905 2.210
382 5 1 36.608 3.421 35.915 2.210
383 5 1 36.618 3.431 35.925 2.220
384 5 1 36.618 3.431 35.925 2.220
385 5 1 36.628 3.431 35.935 2.220
386 5 1 36.628 3.431 35.935 2.220
387 5 1 36.628 3.431 35.935 2.220
388 5 1 36.628 3.431 35.935 2.220
389 5 1 36.618 3.431 35.925 2.220
390 5 1 36.618 3.441 35.925 2.230
391 5 1 36.618 3.441 35.925 2.230
392 5 1 36.618 3.441 35.925 2.230
393 5 1 36.618 3.431 35.925 2.220
394 5 1 36.618 3.431 35.925 2.220
395 5 1 36.618 3.431 35.925 2.220
396 5 1 36.608 3.431 35.915 2.220
397 5 1 36.608 3.431 35.915 2.220
398 5 1 36.618 3.431 35.925 2.220
399 5 1 36.618 3.421 35.925 2.210
400 5 1 36.618 3.421 35.925 2.210
401 5 1 36.618 3.421 35.925 2.210
402 5 1 36.618 3.421 35.925 2.210
403 5 1 36.618 3.431 35.925 2.220
404 5 1 36.628 3.431 35.935 2.220
405 5 1 36.628 3.431 35.935 2.220
406 5 1 36.638 3.421 35.946 2.210
407 5 1 36.638 3.411 35.946 2.200
408 5 1 36.649 3.400 35.956 2.190
409 5 1 36.638 3.400 35.946 2.190
42 8 2 39.920 18.230 39.221 16.397
43 8 2 39.930 18.169 39.231 16.335
44 8 2 39.930 18.097 39.230 16.264
45 8 2 39.940 18.025 39.240 16.192
46 8 2 39.950 17.954 39.250 16.121
47 8 2 39.949 17.872 39.250 16.039
48 8 2 39.929 17.790 39.229 15.957
49 8 2 39.918 17.729 39.219 15.896
50 8 2 39.908 17.688 39.208 15.856
51 8 2 39.908 17.617 39.208 15.784
52 8 2 39.907 17.545 39.208 15.713
53 8 2 39.907 17.463 39.207 15.631
54 8 2 39.907 17.371 39.207 15.539
55 8 2 39.906 17.300 39.207 15.468
56 8 2 39.906 17.238 39.207 15.406
57 8 2 39.906 17.157 39.206 15.325
58 8 2 39.895 17.085 39.196 15.253
59 8 2 39.885 17.003 39.185 15.172
60 8 2 39.894 16.911 39.195 15.080
61 8 2 39.915 16.860 39.215 15.029
62 8 2 39.914 16.789 39.215 14.957
63 8 2 39.914 16.707 39.215 14.876
64 8 2 39.904 16.646 39.204 14.815
65 8 2 39.903 16.564 39.204 14.733
66 8 2 39.903 16.492 39.204 14.662
67 8 2 39.913 16.451 39.214 14.621
68 8 2 39.902 16.401 39.203 14.570
69 8 2 39.902 16.339 39.203 14.509
70 8 2 39.902 16.268 39.203 14.437
71 8 2 39.902 16.186 39.203 14.356
72 8 2 39.901 16.104 39.202 14.274
73 8 2 39.901 16.023 39.202 14.193
74 8 2 39.901 15.982 39.202 14.152
75 8 2 39.890 15.921 39.191 14.091
76 8 2 39.880 15.860 39.181 14.030
77 8 2 39.880 15.788 39.181 13.958
78 8 2 39.879 15.707 39.180 13.877
79 8 2 39.889 15.625 39.190 13.795
80 8 2 39.909 15.563 39.210 13.734
81 8 2 39.919 15.482 39.220 13.652
82 8 2 39.929 15.410 39.230 13.581
83 8 2 39.939 15.339 39.240 13.510
84 8 2 39.949 15.277 39.250 13.448
85 8 2 39.958 15.206 39.260 13.377
86 8 2 39.968 15.134 39.270 13.306
87 8 2 39.978 15.063 39.280 13.234
88 8 2 39.978 15.002 39.279 13.173
89 8 2 39.978 14.930 39.279 13.102
90 8 2 39.988 14.879 39.289 13.051
91 8 2 39.977 14.828 39.279 13.000
92 8 2 39.967 14.788 39.268 12.959
93 8 2 39.946 14.737 39.248 12.909
94 8 2 39.936 14.666 39.237 12.838
95 8 2 39.925 14.594 39.227 12.766
96 8 2 39.935 14.523 39.237 12.695
97 8 2 39.935 14.462 39.237 12.634
98 8 2 39.955 14.390 39.257 12.563
99 8 2 39.985 14.319 39.287 12.491
100 8 2 40.026 14.257 39.327 12.430
101 8 2 40.056 14.186 39.358 12.358
102 8 2 40.066 14.104 39.367 12.277
103 8 2 40.075 14.043 39.377 12.216
104 8 2 40.085 13.982 39.387 12.155
105 8 2 40.105 13.920 39.407 12.094
106 8 2 40.115 13.869 39.417 12.043
107 8 2 40.156 13.798 39.458 11.971
108 8 2 40.196 13.716 39.498 11.890
109 8 2 40.226 13.655 39.528 11.828
110 8 2 40.256 13.593 39.558 11.767
111 8 2 40.297 13.532 39.599 11.706
112 8 2 40.307 13.461 39.609 11.635
113 8 2 40.326 13.379 39.628 11.553
114 8 2 40.357 13.297 39.659 11.472
115 8 2 40.377 13.236 39.679 11.411
116 8 2 40.417 13.185 39.719 11.360
117 8 2 40.457 13.134 39.759 11.309
118 8 2 40.467 13.073 39.769 11.248
0 8 2 39.718 20.969 39.017 19.131
1 8 2 39.728 20.958 39.027 19.121
2 8 2 39.728 20.938 39.027 19.100
3 8 2 39.717 20.907 39.017 19.070
4 8 2 39.717 20.887 39.017 19.049
5 8 2 39.707 20.856 39.006 19.019
6 8 2 39.717 20.835 39.016 18.998
7 8 2 39.717 20.794 39.016 18.957
8 8 2 39.727 20.712 39.026 18.875
9 8 2 39.737 20.609 39.036 18.772
10 8 2 39.767 20.537 39.066 18.700
11 8 2 39.777 20.506 39.076 18.669
12 8 2 39.807 20.496 39.107 18.659
13 8 2 39.828 20.454 39.127 18.618
14 8 2 39.827 20.383 39.127 18.546
15 8 2 39.847 20.290 39.147 18.454
16 8 2 39.857 20.187 39.157 18.351
17 8 2 39.867 20.105 39.167 18.269
18 8 2 39.877 20.023 39.176 18.187
19 8 2 39.887 19.972 39.186 18.136
20 8 2 39.897 19.931 39.196 18.095
21 8 2 39.897 19.859 39.196 18.023
22 8 2 39.906 19.777 39.206 17.941
23 8 2 39.916 19.695 39.216 17.859
24 8 2 39.926 19.623 39.226 17.787
25 8 2 39.926 19.561 39.226 17.726
26 8 2 39.946 19.500 39.246 17.664
27 8 2 39.935 19.418 39.235 17.583
28 8 2 39.955 19.325 39.255 17.490
29 8 2 39.955 19.233 39.255 17.398
30 8 2 39.965 19.151 39.265 17.316
31 8 2 39.965 19.069 39.265 17.235
32 8 2 39.974 18.997 39.274 17.163
33 8 2 39.974 18.915 39.274 17.081
34 8 2 39.994 18.823 39.294 16.989
35 8 2 39.994 18.741 39.294 16.907
36 8 2 39.983 18.680 39.283 16.846
37 8 2 39.973 18.619 39.273 16.785
38 8 2 39.952 18.557 39.252 16.724
39 8 2 39.932 18.476 39.232 16.642
40 8 2 39.931 18.384 39.231 16.550
41 8 2 39.931 18.291 39.231 16.458
119 8 2 40.487 13.001 39.789 11.176
120 8 2 40.507 12.910 39.809 11.085
121 8 2 40.547 12.838 39.850 11.014
122 8 2 40.588 12.757 39.890 10.932
123 8 2 40.628 12.685 39.930 10.861
124 8 2 40.648 12.634 39.950 10.810
125 8 2 40.658 12.553 39.960 10.729
126 8 2 40.667 12.492 39.970 10.668
127 8 2 40.687 12.431 39.990 10.607
128 8 2 40.697 12.370 40.000 10.546
129 8 2 40.707 12.288 40.009 10.464
130 8 2 40.686 12.217 39.989 10.394
131 8 2 40.686 12.136 39.989 10.312
132 8 2 40.696 12.065 39.998 10.241
133 8 2 40.716 11.993 40.018 10.170
134 8 2 40.756 11.942 40.059 10.119
135 8 2 40.776 11.871 40.079 10.048
136 8 2 40.776 11.780 40.078 9.957
137 8 2 40.775 11.688 40.078 9.866
138 8 2 40.765 11.587 40.067 9.764
139 8 2 40.754 11.495 40.057 9.673
140 8 2 40.764 11.424 40.067 9.602
141 8 2 40.764 11.353 40.066 9.531
142 8 2 40.753 11.272 40.056 9.450
143 8 2 40.753 11.181 40.055 9.359
144 8 2 40.752 11.100 40.055 9.278
145 8 2 40.772 11.018 40.075 9.197
146 8 2 40.782 10.947 40.085 9.126
147 8 2 40.792 10.876 40.095 9.055
148 8 2 40.781 10.805 40.084 8.984
149 8 2 40.771 10.724 40.074 8.903
150 8 2 40.760 10.663 40.063 8.842
151 8 2 40.750 10.592 40.053 8.771
152 8 2 40.739 10.511 40.042 8.690
153 8 2 40.749 10.420 40.052 8.599
154 8 2 40.749 10.329 40.052 8.508
155 8 2 40.728 10.247 40.031 8.427
156 8 2 40.717 10.156 40.021 8.336
157 8 2 40.687 10.075 39.990 8.255
158 8 2 40.666 10.004 39.969 8.184
159 8 2 40.656 9.934 39.959 8.113
160 8 2 40.625 9.873 39.928 8.053
161 8 2 40.615 9.802 39.918 7.982
162 8 2 40.624 9.711 39.928 7.891
163 8 2 40.644 9.599 39.947 7.779
164 8 2 40.674 9.498 39.977 7.678
165 8 2 40.684 9.417 39.987 7.597
166 8 2 40.663 9.356 39.967 7.536
167 8 2 40.632 9.285 39.936 7.466
168 8 2 40.582 9.214 39.885 7.395
169 8 2 40.551 9.133 39.854 7.314
170 8 2 40.530 9.053 39.834 7.233
171 8 2 40.530 8.961 39.833 7.142
172 8 2 40.529 8.870 39.833 7.051
173 8 2 40.539 8.769 39.843 6.950
174 8 2 40.528 8.678 39.832 6.859
175 8 2 40.528 8.607 39.832 6.788
176 8 2 40.528 8.536 39.832 6.718
177 8 2 40.517 8.465 39.821 6.647
178 8 2 40.487 8.384 39.791 6.566
179 8 2 40.436 8.294 39.740 6.475
180 8 2 40.395 8.203 39.699 6.385
181 8 2 40.364 8.122 39.668 6.304
182 8 2 40.374 8.031 39.678 6.213
183 8 2 40.383 7.940 39.687 6.122
184 8 2 40.363 7.869 39.667 6.051
185 8 2 40.352 7.808 39.657 5.991
186 8 2 40.362 7.727 39.666 5.910
187 8 2 40.372 7.656 39.676 5.839
188 8 2 40.402 7.575 39.706 5.758
189 8 2 40.412 7.474 39.716 5.657
190 8 2 40.411 7.393 39.716 5.576
191 8 2 40.411 7.322 39.715 5.506
192 8 2 40.401 7.252 39.705 5.435
193 8 2 40.390 7.181 39.694 5.364
194 8 2 40.370 7.100 39.674 5.284
195 8 2 40.359 7.009 39.663 5.193
196 8 2 40.369 6.928 39.673 5.112
197 8 2 40.368 6.847 39.673 5.031
198 8 2 40.368 6.777 39.673 4.961
199 8 2 40.378 6.696 39.682 4.880
200 8 2 40.398 6.615 39.702 4.799
201 8 2 40.418 6.544 39.722 4.728
202 8 2 40.417 6.483 39.722 4.668
203 8 2 40.407 6.403 39.712 4.587
204 8 2 40.417 6.332 39.721 4.517
205 8 2 40.406 6.251 39.711 4.436
206 8 2 40.406 6.160 39.711 4.345
207 8 2 40.405 6.079 39.710 4.265
208 8 2 40.415 6.019 39.720 4.204
209 8 2 40.415 5.948 39.720 4.133
210 8 2 40.435 5.888 39.740 4.073
211 8 2 40.445 5.827 39.750 4.012
212 8 2 40.444 5.746 39.749 3.932
213 8 2 40.454 5.676 39.759 3.861
214 8 2 40.454 5.615 39.759 3.801
215 8 2 40.454 5.544 39.759 3.730
216 8 2 40.453 5.474 39.758 3.660
217 8 2 40.463 5.413 39.768 3.599
218 8 2 40.463 5.363 39.768 3.549
219 8 2 40.473 5.292 39.778 3.478
220 8 2 40.503 5.241 39.808 3.428
221 8 2 40.533 5.191 39.838 3.378
222 8 2 40.543 5.120 39.848 3.307
223 8 2 40.542 5.060 39.847 3.247
224 8 2 40.532 5.009 39.837 3.196
225 8 2 40.522 4.969 39.827 3.156
226 8 2 40.542 4.909 39.847 3.095
227 8 2 40.562 4.858 39.867 3.045
228 8 2 40.571 4.798 39.877 2.985
229 8 2 40.561 4.737 39.866 2.924
230 8 2 40.551 4.667 39.856 2.854
231 8 2 40.561 4.616 39.866 2.803
232 8 2 40.560 4.566 39.866 2.753
233 8 2 40.570 4.515 39.875 2.703
234 8 2 40.580 4.465 39.885 2.652
235 8 2 40.600 4.414 39.905 2.602
236 8 2 40.600 4.374 39.905 2.562
237 8 2 40.620 4.344 39.925 2.532
238 8 2 40.640 4.324 39.945 2.512
239 8 2 40.650 4.293 39.955 2.481
240 8 2 40.660 4.243 39.965 2.431
241 8 2 40.670 4.193 39.975 2.381
242 8 2 40.669 4.122 39.975 2.310
243 8 2 40.679 4.072 39.985 2.260
244 8 2 40.669 4.021 39.974 2.210
245 8 2 40.648 3.961 39.954 2.149
246 8 2 40.648 3.921 39.954 2.109
247 8 2 40.658 3.880 39.964 2.069
248 8 2 40.668 3.840 39.974 2.029
249 8 2 40.668 3.800 39.973 1.988
250 8 2 40.658 3.749 39.963 1.938
251 8 2 40.647 3.689 39.953 1.878
252 8 2 40.647 3.639 39.953 1.828
253 8 2 40.647 3.568 39.952 1.757
254 8 2 40.646 3.528 39.952 1.717
255 8 2 40.626 3.488 39.932 1.677
256 8 2 40.606 3.467 39.911 1.657
257 8 2 40.575 3.437 39.881 1.626
258 8 2 40.555 3.387 39.861 1.576
259 8 2 40.545 3.337 39.850 1.526
260 8 2 40.534 3.296 39.840 1.486
261 8 2 40.504 3.236 39.810 1.425
262 8 2 40.473 3.186 39.779 1.375
263 8 2 40.443 3.145 39.749 1.335
264 8 2 40.402 3.105 39.708 1.295
265 8 2 40.372 3.075 39.678 1.264
266 8 2 40.331 3.055 39.637 1.244
267 8 2 40.291 3.025 39.597 1.214
268 8 2 40.250 2.984 39.556 1.174
269 8 2 40.220 2.944 39.526 1.134
270 8 2 40.179 2.894 39.485 1.083
271 8 2 40.149 2.874 39.455 1.063
272 8 2 40.129 2.854 39.435 1.043
273 8 2 40.098 2.844 39.404 1.033
274 8 2 40.058 2.834 39.364 1.023
275 8 2 39.997 2.793 39.303 0.983
276 8 2 39.946 2.743 39.252 0.932
277 8 2 39.896 2.723 39.202 0.912
278 8 2 39.886 2.693 39.192 0.882
279 8 2 39.886 2.683 39.191 0.872
280 8 2 39.886 2.693 39.192 0.882
281 8 2 39.875 2.673 39.181 0.862
282 8 2 39.855 2.653 39.161 0.842
283 8 2 39.805 2.653 39.111 0.842
284 8 2 39.774 2.642 39.080 0.832
285 8 2 39.744 2.622 39.050 0.812
286 8 2 39.713 2.602 39.019 0.792
287 8 2 39.673 2.572 38.979 0.761
288 8 2 39.643 2.542 38.949 0.731
289 8 2 39.582 2.522 38.888 0.711
290 8 2 39.531 2.522 38.837 0.711
291 8 2 39.481 2.512 38.787 0.701
292 8 2 39.450 2.502 38.756 0.691
293 8 2 39.410 2.471 38.716 0.661
294 8 2 39.390 2.471 38.696 0.661
295 8 2 39.359 2.461 38.665 0.650
296 8 2 39.319 2.471 38.625 0.661
297 8 2 39.299 2.471 38.605 0.660
298 8 2 39.289 2.492 38.595 0.681
299 8 2 39.269 2.502 38.575 0.691
300 8 2 39.248 2.512 38.554 0.701
301 8 2 39.238 2.532 38.544 0.721
302 8 2 39.198 2.542 38.504 0.731
303 8 2 39.178 2.542 38.484 0.731
304 8 2 39.178 2.542 38.484 0.731
305 8 2 39.147 2.552 38.453 0.741
306 8 2 39.117 2.562 38.423 0.751
307 8 2 39.107 2.582 38.413 0.771
308 8 2 39.067 2.613 38.373 0.801
309 8 2 39.037 2.643 38.343 0.831
310 8 2 39.027 2.663 38.333 0.851
311 8 2 38.986 2.683 38.292 0.871
312 8 2 38.966 2.693 38.272 0.881
313 8 2 38.926 2.703 38.232 0.891
314 8 2 38.915 2.703 38.221 0.891
315 8 2 38.885 2.703 38.191 0.891
316 8 2 38.845 2.733 38.151 0.922
317 8 2 38.814 2.754 38.120 0.942
318 8 2 38.764 2.784 38.070 0.972
319 8 2 38.724 2.794 38.030 0.982
320 8 2 38.703 2.824 38.009 1.012
321 8 2 38.653 2.844 37.959 1.032
322 8 2 38.623 2.885 37.929 1.072
323 8 2 38.603 2.905 37.909 1.092
324 8 2 38.582 2.925 37.888 1.112
325 8 2 38.572 2.945 37.878 1.133
326 8 2 38.542 2.975 37.848 1.163
327 8 2 38.522 2.996 37.828 1.183
328 8 2 38.492 3.016 37.798 1.203
329 8 2 38.461 3.046 37.767 1.233
330 8 2 38.431 3.096 37.737 1.283
331 8 2 38.421 3.137 37.727 1.324
332 8 2 38.411 3.167 37.717 1.354
333 8 2 38.411 3.197 37.717 1.384
334 8 2 38.411 3.217 37.717 1.404
335 8 2 38.401 3.258 37.707 1.445
336 8 2 38.391 3.298 37.697 1.485
337 8 2 38.402 3.328 37.707 1.515
338 8 2 38.412 3.348 37.718 1.535
339 8 2 38.402 3.369 37.708 1.555
340 8 2 38.382 3.409 37.687 1.596
341 8 2 38.372 3.449 37.677 1.636
342 8 2 38.362 3.480 37.667 1.666
343 8 2 38.352 3.500 37.657 1.686
344 8 2 38.342 3.530 37.647 1.716
345 8 2 38.321 3.560 37.627 1.747
346 8 2 38.301 3.591 37.607 1.777
347 8 2 38.281 3.631 37.587 1.817
348 8 2 38.281 3.651 37.587 1.837
349 8 2 38.271 3.671 37.577 1.857
350 8 2 38.261 3.712 37.567 1.898
351 8 2 38.231 3.752 37.537 1.938
352 8 2 38.191 3.803 37.496 1.988
353 8 2 38.140 3.853 37.446 2.039
354 8 2 38.110 3.883 37.415 2.069
355 8 2 38.090 3.904 37.395 2.089
356 8 2 38.100 3.934 37.405 2.119
357 8 2 38.110 3.934 37.416 2.119
358 8 2 38.130 3.934 37.436 2.119
359 8 2 38.130 3.934 37.436 2.119
360 8 2 38.110 3.964 37.416 2.149
361 8 2 38.080 4.005 37.385 2.190
362 8 2 38.050 4.055 37.355 2.240
363 8 2 38.009 4.095 37.315 2.280
364 8 2 37.999 4.126 37.305 2.311
365 8 2 37.999 4.136 37.305 2.321
366 8 2 37.989 4.146 37.295 2.331
367 8 2 37.999 4.176 37.305 2.361
368 8 2 37.999 4.186 37.305 2.371
369 8 2 37.989 4.196 37.295 2.381
370 8 2 37.979 4.207 37.285 2.391
371 8 2 37.979 4.207 37.285 2.391
372 8 2 37.979 4.196 37.285 2.381
373 8 2 37.979 4.207 37.285 2.391
374 8 2 37.979 4.217 37.285 2.401
375 8 2 37.969 4.227 37.275 2.412
376 8 2 37.959 4.237 37.265 2.422
377 8 2 37.959 4.247 37.265 2.432
378 8 2 37.969 4.257 37.275 2.442
379 8 2 37.969 4.277 37.275 2.462
380 8 2 37.959 4.287 37.265 2.472
381 8 2 37.959 4.307 37.265 2.492
382 8 2 37.949 4.308 37.255 2.492
383 8 2 37.939 4.318 37.244 2.502
384 8 2 37.939 4.318 37.244 2.502
385 8 2 37.949 4.328 37.255 2.512
386 8 2 37.959 4.338 37.265 2.522
387 8 2 37.980 4.338 37.285 2.522
388 8 2 38.000 4.338 37.305 2.522
389 8 2 38.000 4.338 37.305 2.522
390 8 2 38.000 4.338 37.305 2.522
391 8 2 38.000 4.348 37.305 2.532
392 8 2 37.990 4.348 37.295 2.532
393 8 2 37.980 4.348 37.285 2.533
394 8 2 37.980 4.358 37.285 2.543
395 8 2 37.970 4.358 37.275 2.543
396 8 2 37.959 4.358 37.265 2.543
397 8 2 37.959 4.368 37.265 2.553
398 8 2 37.970 4.368 37.275 2.553
399 8 2 37.970 4.368 37.275 2.553
400 8 2 37.970 4.368 37.275 2.553
401 8 2 37.970 4.368 37.275 2.553
402 8 2 37.970 4.368 37.275 2.553
403 8 2 37.970 4.368 37.275 2.553
404 8 2 37.959 4.368 37.265 2.553
405 8 2 37.959 4.368 37.265 2.553
406 8 2 37.959 4.378 37.265 2.563
407 8 2 37.949 4.368 37.255 2.553
408 8 2 37.949 4.368 37.255 2.553
409 8 2 37.939 4.378 37.245 2.563
