frame,id,class,tl_x,tl_y,br_x,br_y
0,0,1,32.703,18.000,32.071,17.133
1,0,1,32.722,18.029,32.061,17.123
2,0,1,32.597,17.971,31.858,17.162
3,0,1,32.665,17.885,31.926,17.085
4,0,1,32.733,17.817,32.004,16.940
5,0,1,32.830,17.721,32.034,16.796
6,0,1,32.840,17.692,32.045,16.728
7,0,1,32.792,17.711,32.036,16.584
8,0,1,32.763,17.711,32.008,16.488
9,0,1,32.782,17.750,32.037,16.439
10,0,1,32.830,17.769,32.075,16.507
11,0,1,32.831,17.683,32.104,16.468
12,0,1,32.802,17.615,32.085,16.449
13,0,1,32.783,17.528,32.037,16.411
14,0,1,32.745,17.500,32.037,16.439
15,0,1,32.726,17.451,32.027,16.439
16,0,1,32.697,17.413,31.979,16.430
17,0,1,32.669,17.355,31.931,16.391
18,0,1,32.649,17.384,31.941,16.372
19,0,1,32.660,17.220,31.902,16.439
20,0,1,32.631,17.201,31.844,16.430
21,0,1,32.592,17.297,31.883,16.324
22,0,1,32.651,17.095,31.797,16.237
23,0,1,32.613,17.076,31.680,16.246
24,0,1,32.642,16.999,31.702,15.986
25,0,1,32.720,16.980,31.848,15.871
26,0,1,32.662,16.951,31.809,15.832
27,0,1,32.653,16.912,31.829,15.813
28,0,1,32.730,16.845,31.896,15.813
29,0,1,32.653,16.806,31.819,15.794
30,0,1,32.682,16.777,31.906,15.784
31,0,1,32.731,16.777,31.955,15.794
32,0,1,32.741,16.681,31.974,15.756
33,0,1,32.751,16.623,31.955,15.736
34,0,1,32.675,16.527,31.839,15.688
35,0,1,32.558,16.585,31.956,15.659
36,0,1,32.558,16.546,31.956,15.621
37,0,1,32.549,16.498,31.946,15.573
38,0,1,32.530,16.479,31.927,15.553
39,0,1,32.540,16.421,31.937,15.495
40,0,1,32.531,16.392,31.928,15.467
41,0,1,32.502,16.315,31.891,15.274
42,0,1,32.552,16.151,31.862,15.187
43,0,1,32.465,16.103,31.833,15.158
44,0,1,32.485,16.036,31.882,15.120
45,0,1,32.446,16.055,31.843,15.139
46,0,1,32.437,16.007,31.834,15.091
47,0,1,32.447,15.978,31.844,15.062
48,0,1,32.544,15.911,31.893,14.946
49,0,1,32.486,15.862,31.873,14.985
50,0,1,32.525,15.824,31.932,14.879
51,0,1,32.487,15.727,31.932,14.840
52,0,1,32.497,15.737,31.913,14.840
53,0,1,32.487,15.699,31.904,14.802
54,0,1,32.429,15.689,31.855,14.792
55,0,1,32.439,15.641,31.866,14.706
56,0,1,32.410,15.621,31.836,14.725
57,0,1,32.420,15.573,31.846,14.677
58,0,1,32.411,15.535,31.837,14.638
59,0,1,32.344,15.487,31.915,14.590
60,0,1,32.412,15.352,31.877,14.474
61,0,1,32.354,15.361,31.925,14.475
62,0,1,32.345,15.323,31.916,14.436
63,0,1,32.355,15.275,31.926,14.388
64,0,1,32.346,15.207,31.917,14.320
65,0,1,32.336,15.169,31.907,14.282
66,0,1,32.337,15.121,31.908,14.234
67,0,1,32.327,15.063,31.898,14.176
68,0,1,32.328,15.015,31.899,14.128
70,0,1,32.318,15.005,31.889,14.118
71,0,1,32.318,14.976,31.889,14.089
72,0,1,32.319,14.938,31.890,14.051
73,0,1,32.319,14.899,31.890,14.012
74,0,1,32.309,14.861,31.881,13.974
75,0,1,32.310,14.812,31.881,13.925
76,0,1,32.310,14.764,31.881,13.877
77,0,1,32.311,14.716,31.882,13.829
78,0,1,32.311,14.658,31.882,13.771
79,0,1,32.311,14.610,31.882,13.723
80,0,1,32.312,14.572,31.883,13.685
81,0,1,32.312,14.514,31.883,13.627
82,0,1,32.312,14.466,31.883,13.579
83,0,1,32.322,14.418,31.893,13.531
84,0,1,32.323,14.379,31.894,13.492
85,0,1,32.323,14.341,31.894,13.454
87,0,1,32.313,14.331,31.884,13.444
88,0,1,31.851,14.089,31.343,13.298
89,0,1,31.851,14.041,31.344,13.250
90,0,1,32.508,14.177,31.750,13.270
91,0,1,32.460,14.052,31.828,13.174
92,0,1,32.404,13.850,31.894,13.386
93,0,1,32.394,13.802,31.885,13.338
94,0,1,32.481,13.869,31.849,13.020
95,0,1,32.415,13.677,31.905,13.213
96,0,1,32.415,13.638,31.906,13.174
97,0,1,32.415,13.590,31.906,13.126
98,0,1,32.416,13.551,31.906,13.088
99,0,1,32.416,13.503,31.907,13.040
100,0,1,32.416,13.455,31.907,12.991
101,0,1,32.417,13.417,31.907,12.953
102,0,1,32.417,13.368,31.908,12.905
103,0,1,32.427,13.320,31.918,12.857
105,0,1,32.417,13.311,31.908,12.847
106,0,1,32.418,13.272,31.908,12.808
107,0,1,32.428,13.234,31.918,12.770
108,0,1,32.428,13.195,31.919,12.731
109,0,1,32.428,13.157,31.919,12.693
110,0,1,32.438,13.109,31.929,12.645
111,0,1,32.438,13.080,31.929,12.616
112,0,1,32.448,13.022,31.939,12.558
113,0,1,32.449,12.974,31.939,12.510
114,0,1,32.459,12.935,31.949,12.472
115,0,1,32.459,12.887,31.950,12.423
116,0,1,32.459,12.839,31.950,12.375
117,0,1,32.469,12.801,31.960,12.337
118,0,1,32.470,12.762,31.960,12.298
119,0,1,32.470,12.724,31.961,12.260
120,0,1,32.460,12.685,31.951,12.221
121,0,1,32.470,12.666,31.961,12.202
123,0,1,32.461,12.656,31.951,12.192
124,0,1,32.451,12.618,31.942,12.154
125,0,1,32.442,12.579,31.933,12.115
126,0,1,32.432,12.541,31.923,12.077
127,0,1,32.423,12.492,31.914,12.029
128,0,1,32.404,12.454,31.895,11.990
129,0,1,32.385,12.406,31.876,11.942
130,0,1,32.366,12.357,31.857,11.893
131,0,1,32.337,12.319,31.828,11.855
132,0,1,32.309,12.271,31.799,11.807
133,0,1,32.290,12.222,31.780,11.758
134,0,1,32.271,12.193,31.761,11.729
135,0,1,32.261,12.145,31.752,11.681
136,0,1,32.233,12.107,31.723,11.643
138,0,1,32.223,12.097,31.714,11.633
139,0,1,32.213,12.068,31.704,11.604
140,0,1,32.204,12.030,31.695,11.565
141,0,1,32.195,11.981,31.685,11.517
142,0,1,32.176,11.933,31.666,11.469
143,0,1,32.166,11.895,31.657,11.431
144,0,1,32.157,11.846,31.648,11.382
146,0,1,32.147,11.837,31.638,11.373
147,0,1,32.148,11.741,31.536,10.814
148,0,1,32.092,11.519,31.582,11.045
149,0,1,32.264,11.799,31.518,10.621
150,0,1,32.225,11.779,31.518,10.611
151,0,1,32.235,11.722,31.537,10.611
152,0,1,32.063,11.451,31.554,10.977
153,0,1,32.063,11.413,31.554,10.939
155,0,1,32.054,11.403,31.544,10.929
156,0,1,32.131,11.365,31.537,10.563
157,0,1,32.036,11.201,31.519,10.438
158,0,1,32.170,11.336,31.462,10.245
159,0,1,32.161,11.327,31.444,10.120
160,0,1,32.161,11.336,31.502,10.043
161,0,1,32.161,11.307,31.483,10.062
162,0,1,32.171,11.298,31.551,10.005
163,0,1,32.190,11.298,31.552,9.918
164,0,1,32.161,11.259,31.503,9.918
165,0,1,31.960,10.989,31.451,10.515
166,0,1,31.961,10.912,31.451,10.438
167,0,1,31.961,10.806,31.452,10.332
168,0,1,31.962,10.700,31.453,10.226
169,0,1,31.963,10.604,31.453,10.130
171,0,1,31.915,10.594,31.405,10.120
172,0,1,32.002,10.537,31.408,9.744
173,0,1,31.955,10.382,31.445,9.908
174,0,1,31.955,10.334,31.446,9.860
175,0,1,31.965,10.286,31.456,9.812
176,0,1,31.965,10.238,31.456,9.764
177,0,1,31.966,10.180,31.457,9.706
178,0,1,31.976,10.132,31.467,9.658
179,0,1,31.986,10.074,31.477,9.600
180,0,1,31.996,10.017,31.487,9.542
181,0,1,32.006,9.949,31.497,9.475
182,0,1,32.033,10.248,31.026,8.953
183,0,1,32.053,10.209,31.084,9.001
184,0,1,32.131,10.123,31.288,8.944
185,0,1,32.122,9.950,31.385,8.954
186,0,1,31.978,9.853,31.469,9.379
187,0,1,31.978,9.805,31.469,9.330
189,0,1,31.969,9.795,31.459,9.321
190,0,1,32.134,9.661,31.444,8.714
191,0,1,31.959,9.737,31.450,9.263
192,0,1,32.106,9.478,31.552,8.551
193,0,1,32.079,9.266,31.570,8.792
194,0,1,32.289,9.585,31.516,8.214
195,0,1,32.280,9.575,31.506,8.214
196,0,1,32.309,9.547,31.526,8.185
197,0,1,32.358,9.470,31.448,8.194
198,0,1,32.377,9.451,31.438,8.204
199,0,1,32.368,9.383,31.429,8.165
200,0,1,32.379,9.277,31.419,8.184
201,0,1,32.012,9.150,31.503,8.676
203,0,1,32.002,9.141,31.493,8.666
204,0,1,32.012,9.102,31.503,8.628
205,0,1,32.207,8.863,31.459,7.982
206,0,1,32.083,8.669,31.574,8.195
207,0,1,32.430,8.806,31.431,7.857
208,0,1,32.363,8.787,31.471,7.694
209,0,1,32.344,8.738,31.471,7.655
210,0,1,32.064,8.612,31.555,8.137
211,0,1,32.065,8.564,31.555,8.089
212,0,1,32.075,8.496,31.565,8.022
213,0,1,32.085,8.439,31.576,7.964
214,0,1,32.085,8.400,31.576,7.925
216,0,1,32.212,8.295,31.540,7.492
217,0,1,32.231,8.266,31.619,7.358
218,0,1,32.318,8.286,31.638,7.300
219,0,1,32.319,8.122,31.600,7.252
220,0,1,32.214,7.929,31.705,7.454
221,0,1,32.214,7.900,31.705,7.426
222,0,1,32.369,7.940,31.532,7.261
223,0,1,32.388,7.930,31.582,7.136
224,0,1,32.379,7.930,31.583,6.992
225,0,1,32.369,7.911,31.631,6.944
226,0,1,32.379,7.930,31.660,6.934
227,0,1,32.378,7.959,31.660,6.944
228,0,1,32.369,7.911,31.651,6.848
229,0,1,32.389,7.805,31.652,6.790
230,0,1,32.400,7.699,31.565,6.809
231,0,1,32.333,7.593,31.517,6.741
232,0,1,32.370,7.738,31.625,6.405
233,0,1,32.334,7.420,31.642,6.799
234,0,1,32.354,7.285,31.693,6.473
235,0,1,32.278,7.179,31.768,6.704
236,0,1,32.491,7.123,31.586,6.568
238,0,1,32.520,7.132,31.557,6.539
239,0,1,32.490,7.151,31.606,6.491
240,0,1,32.452,7.142,31.597,6.366
241,0,1,32.433,7.122,31.637,6.203
242,0,1,32.319,6.756,31.744,6.136
243,0,1,32.481,7.161,31.647,6.164
244,0,1,32.501,7.084,31.676,6.126
245,0,1,32.549,7.046,31.686,6.087
246,0,1,32.252,6.659,31.743,6.184
247,0,1,32.262,6.611,31.753,6.136
248,0,1,32.263,6.563,31.754,6.088
249,0,1,32.273,6.525,31.763,6.050
250,0,1,32.273,6.476,31.764,6.001
251,0,1,32.293,6.428,31.784,5.953
253,0,1,32.283,6.419,31.774,5.944
254,0,1,32.283,6.390,31.774,5.915
255,0,1,32.284,6.351,31.774,5.876
256,0,1,32.293,6.313,31.784,5.838
257,0,1,32.294,6.265,31.785,5.790
258,0,1,32.516,6.324,31.661,5.442
259,0,1,32.285,6.207,31.775,5.732
260,0,1,32.535,6.267,31.730,5.385
261,0,1,32.526,6.257,31.701,5.289
262,0,1,32.266,6.140,31.757,5.665
263,0,1,32.266,6.082,31.757,5.607
264,0,1,32.267,6.024,31.757,5.549
265,0,1,32.257,5.986,31.748,5.510
267,0,1,32.442,5.785,31.761,5.049
269,0,1,32.346,5.659,31.837,5.184
270,0,1,32.347,5.621,31.838,5.145
271,0,1,32.347,5.573,31.838,5.097
272,0,1,32.357,5.534,31.848,5.059
273,0,1,32.357,5.496,31.848,5.020
274,0,1,32.358,5.448,31.849,4.972
0,3,1,32.170,4.648,31.435,3.371
1,3,1,32.189,4.686,31.425,3.352
2,3,1,32.218,4.725,31.454,3.391
3,3,1,32.208,4.763,31.444,3.429
4,3,1,32.198,4.783,31.434,3.448
5,3,1,32.217,4.840,31.453,3.506
6,3,1,32.197,4.879,31.433,3.545
7,3,1,32.257,4.619,31.384,3.679
8,3,1,32.238,4.677,31.404,3.612
9,3,1,32.237,4.715,31.403,3.650
10,3,1,32.237,4.744,31.403,3.679
11,3,1,32.276,4.764,31.442,3.699
12,3,1,32.256,4.802,31.422,3.737
13,3,1,32.256,4.850,31.422,3.785
14,3,1,32.236,4.889,31.402,3.824
15,3,1,32.255,4.947,31.421,3.881
16,3,1,32.255,4.975,31.421,3.910
17,3,1,32.215,5.167,31.410,4.055
18,3,1,32.214,5.244,31.400,4.141
19,3,1,32.204,5.312,31.380,4.247
20,3,1,32.175,5.340,31.380,4.285
21,3,1,32.194,5.360,31.399,4.295
22,3,1,32.174,5.388,31.399,4.305
23,3,1,32.194,5.398,31.418,4.305
24,3,1,32.145,5.388,31.399,4.334
25,3,1,32.165,5.388,31.398,4.372
26,3,1,32.165,5.417,31.388,4.449
27,3,1,32.145,5.417,31.388,4.516
28,3,1,32.174,5.427,31.397,4.584
29,3,1,32.184,5.369,31.416,4.603
30,3,1,32.174,5.417,31.415,4.699
31,3,1,32.193,5.485,31.434,4.719
32,3,1,32.153,5.687,31.415,4.767
33,3,1,32.191,5.754,31.415,4.767
34,3,1,32.181,5.754,31.395,4.805
35,3,1,32.171,5.898,31.414,4.834
36,3,1,32.162,5.821,31.414,4.892
37,3,1,32.171,5.850,31.423,4.921
38,3,1,32.161,5.889,31.413,4.959
39,3,1,32.170,5.947,31.423,5.017
40,3,1,32.160,5.995,31.413,5.065
41,3,1,32.150,6.081,31.413,5.056
42,3,1,32.150,6.033,31.412,5.104
43,3,1,32.150,6.081,31.412,5.152
44,3,1,32.169,6.120,31.431,5.190
45,3,1,32.150,6.158,31.411,5.229
46,3,1,32.169,6.206,31.430,5.277
47,3,1,32.168,6.216,31.430,5.287
48,3,1,32.168,6.264,31.430,5.335
49,3,1,32.168,6.293,31.430,5.364
50,3,1,32.187,6.341,31.449,5.412
51,3,1,32.206,6.370,31.468,5.441
52,3,1,32.186,6.418,31.448,5.489
53,3,1,32.205,6.447,31.467,5.518
54,3,1,32.186,6.514,31.448,5.585
55,3,1,32.205,6.543,31.467,5.614
56,3,1,32.185,6.591,31.447,5.662
57,3,1,32.202,6.880,31.505,5.701
58,3,1,32.183,6.909,31.515,5.644
59,3,1,32.192,6.919,31.524,5.692
60,3,1,32.202,6.938,31.514,5.769
61,3,1,32.192,6.928,31.474,5.884
62,3,1,32.183,6.870,31.484,5.922
63,3,1,32.183,6.899,31.484,5.951
64,3,1,32.183,6.947,31.483,5.999
65,3,1,32.222,6.861,31.415,6.114
66,3,1,32.231,6.890,31.404,6.191
67,3,1,32.289,6.958,31.433,6.269
68,3,1,32.201,7.063,31.502,6.144
69,3,1,32.249,7.188,31.423,6.346
70,3,1,32.219,7.304,31.413,6.374
71,3,1,32.276,7.362,31.461,6.375
72,3,1,32.209,7.313,31.509,6.404
73,3,1,32.236,7.544,31.480,6.500
74,3,1,32.236,7.535,31.480,6.481
75,3,1,32.226,7.573,31.480,6.490
76,3,1,32.207,7.602,31.470,6.461
77,3,1,32.226,7.621,31.480,6.452
78,3,1,32.236,7.631,31.450,6.529
79,3,1,32.255,7.602,31.450,6.625
80,3,1,32.246,7.602,31.410,6.721
81,3,1,32.226,7.612,31.390,6.817
82,3,1,32.216,7.621,31.361,6.865
83,3,1,32.216,7.621,31.351,6.894
84,3,1,32.245,7.641,31.351,6.894
85,3,1,32.254,7.708,31.360,6.952
86,3,1,32.245,7.747,31.360,6.981
87,3,1,32.244,7.872,31.369,7.048
88,3,1,32.233,7.987,31.398,7.067
89,3,1,32.223,8.093,31.417,7.135
90,3,1,32.223,8.074,31.397,7.164
91,3,1,32.193,8.131,31.388,7.125
92,3,1,32.136,8.035,31.436,7.202
93,3,1,32.193,8.179,31.398,7.125
94,3,1,32.136,8.063,31.436,7.231
95,3,1,32.136,8.092,31.435,7.260
96,3,1,32.135,8.140,31.435,7.308
97,3,1,32.135,8.189,31.435,7.356
98,3,1,32.135,8.237,31.434,7.405
99,3,1,32.134,8.266,31.434,7.434
100,3,1,32.134,8.294,31.434,7.462
101,3,1,32.134,8.323,31.434,7.491
102,3,1,32.134,8.352,31.434,7.520
103,3,1,32.134,8.362,31.434,7.530
104,3,1,32.134,8.391,31.433,7.559
105,3,1,32.133,8.420,31.433,7.588
106,3,1,32.133,8.468,31.433,7.636
107,3,1,32.133,8.516,31.432,7.684
108,3,1,32.132,8.564,31.432,7.732
109,3,1,32.132,8.593,31.432,7.761
110,3,1,32.151,8.641,31.451,7.809
111,3,1,32.170,8.670,31.470,7.838
112,3,1,32.150,8.718,31.450,7.886
113,3,1,32.169,8.766,31.469,7.934
114,3,1,32.322,9.104,31.440,8.002
115,3,1,32.369,9.210,31.390,8.184
116,3,1,32.225,9.103,31.525,8.272
117,3,1,32.225,9.132,31.525,8.301
118,3,1,32.495,9.191,31.428,8.319
119,3,1,32.302,9.171,31.602,8.339
120,3,1,32.302,9.200,31.602,8.368
121,3,1,32.302,9.229,31.601,8.397
122,3,1,32.301,9.277,31.601,8.445
123,3,1,32.301,9.306,31.601,8.474
124,3,1,32.387,9.460,31.505,8.349
125,3,1,32.358,9.508,31.476,8.358
126,3,1,32.357,9.537,31.525,8.320
127,3,1,32.338,9.556,31.505,8.358
128,3,1,32.338,9.595,31.515,8.358
129,3,1,32.386,9.585,31.544,8.339
130,3,1,32.386,9.624,31.564,8.282
131,3,1,32.395,9.682,31.563,8.310
132,3,1,32.329,9.412,31.629,8.580
133,3,1,32.329,9.441,31.629,8.609
134,3,1,32.348,9.489,31.648,8.657
135,3,1,32.348,9.518,31.648,8.686
136,3,1,32.367,9.547,31.667,8.715
137,3,1,32.386,9.576,31.686,8.744
138,3,1,32.405,9.605,31.705,8.773
139,3,1,32.452,9.749,31.743,8.956
140,3,1,32.443,9.759,31.743,8.937
141,3,1,32.452,9.798,31.752,8.976
142,3,1,32.462,9.836,31.761,9.014
143,3,1,32.471,9.875,31.771,9.053
144,3,1,32.480,9.913,31.780,9.091
145,3,1,32.490,9.952,31.790,9.130
146,3,1,32.499,10.000,31.799,9.178
147,3,1,32.499,10.038,31.799,9.217
148,3,1,32.508,10.086,31.808,9.265
149,3,1,32.508,10.125,31.808,9.303
150,3,1,32.508,10.163,31.807,9.342
151,3,1,32.507,10.202,31.807,9.380
152,3,1,32.517,10.241,31.817,9.419
153,3,1,32.516,10.279,31.816,9.457
154,3,1,32.526,10.318,31.826,9.496
155,3,1,32.525,10.356,31.825,9.534
156,3,1,32.535,10.395,31.835,9.573
157,3,1,32.544,10.433,31.844,9.612
158,3,1,32.554,10.481,31.854,9.660
159,3,1,32.563,10.520,31.863,9.698
160,3,1,32.563,10.558,31.863,9.737
161,3,1,32.572,10.606,31.872,9.785
162,3,1,32.581,10.645,31.881,9.824
163,3,1,32.591,10.684,31.891,9.862
165,3,1,32.581,10.674,31.881,9.852
166,3,1,32.581,10.712,31.881,9.891
167,3,1,32.590,10.761,31.890,9.939
168,3,1,32.590,10.789,31.890,9.968
169,3,1,32.590,10.838,31.890,10.016
170,3,1,32.589,10.886,31.889,10.064
171,3,1,32.637,11.049,31.888,10.295
173,3,1,32.607,11.069,31.907,10.257
174,3,1,32.607,11.107,31.907,10.295
175,3,1,32.607,11.146,31.907,10.334
176,3,1,32.606,11.194,31.906,10.382
177,3,1,32.606,11.223,31.906,10.411
178,3,1,32.596,11.280,31.896,10.469
179,3,1,32.586,11.328,31.886,10.517
180,3,1,32.576,11.357,31.876,10.546
181,3,1,32.566,11.415,31.866,10.603
182,3,1,32.556,11.463,31.856,10.651
183,3,1,32.546,11.501,31.846,10.690
185,3,1,32.537,11.492,31.837,10.680
186,3,1,32.527,11.530,31.827,10.719
187,3,1,32.517,11.578,31.817,10.767
188,3,1,32.517,11.607,31.816,10.796
189,3,1,32.506,11.655,31.806,10.844
190,3,1,32.650,11.906,31.843,11.152
192,3,1,32.592,11.925,31.891,11.123
193,3,1,32.591,11.964,31.891,11.162
194,3,1,32.581,12.012,31.881,11.210
195,3,1,32.581,12.060,31.881,11.258
196,3,1,32.581,12.108,31.880,11.306
197,3,1,32.580,12.156,31.880,11.354
198,3,1,32.580,12.204,31.880,11.403
199,3,1,32.580,12.252,31.879,11.451
200,3,1,32.579,12.300,31.879,11.499
201,3,1,32.579,12.349,31.879,11.547
202,3,1,32.579,12.387,31.878,11.585
203,3,1,32.569,12.435,31.868,11.634
204,3,1,32.568,12.483,31.868,11.682
205,3,1,32.568,12.531,31.868,11.730
206,3,1,32.558,12.570,31.858,11.768
207,3,1,32.558,12.608,31.857,11.807
208,3,1,32.548,12.647,31.848,11.845
209,3,1,32.547,12.685,31.847,11.884
211,3,1,32.538,12.676,31.838,11.874
212,3,1,32.538,12.714,31.837,11.913
213,3,1,32.458,12.993,31.759,11.980
214,3,1,32.459,12.878,31.759,12.076
215,3,1,32.449,12.926,31.749,12.124
216,3,1,32.439,12.974,31.739,12.172
217,3,1,32.429,13.022,31.729,12.220
218,3,1,32.429,13.070,31.728,12.269
219,3,1,32.419,13.118,31.718,12.317
220,3,1,32.418,13.166,31.718,12.365
221,3,1,32.408,13.205,31.708,12.403
222,3,1,32.398,13.253,31.698,12.451
223,3,1,32.388,13.291,31.688,12.490
224,3,1,32.398,13.311,31.698,12.509
226,3,1,32.388,13.301,31.688,12.500
227,3,1,32.378,13.339,31.678,12.538
228,3,1,32.378,13.378,31.678,12.577
229,3,1,32.368,13.426,31.668,12.625
230,3,1,32.358,13.465,31.658,12.663
231,3,1,32.358,13.513,31.657,12.711
232,3,1,32.357,13.561,31.657,12.759
233,3,1,32.357,13.619,31.657,12.817
234,3,1,32.347,13.667,31.647,12.865
235,3,1,32.394,13.859,31.596,13.116
236,3,1,32.346,13.879,31.645,13.087
237,3,1,32.345,13.917,31.645,13.125
238,3,1,32.345,13.956,31.644,13.164
239,3,1,32.335,14.004,31.634,13.212
240,3,1,32.335,14.052,31.634,13.260
242,3,1,32.325,14.042,31.625,13.251
243,3,1,32.325,14.061,31.624,13.270
244,3,1,32.325,14.090,31.624,13.299
245,3,1,32.324,14.129,31.624,13.337
246,3,1,32.334,14.177,31.633,13.385
248,3,1,32.324,14.167,31.624,13.376
249,3,1,32.324,14.187,31.623,13.395
250,3,1,32.314,14.206,31.614,13.414
251,3,1,32.314,14.196,31.614,13.405
253,3,1,32.305,14.187,31.604,13.395
254,3,1,32.301,14.706,31.571,13.896
255,3,1,32.282,14.678,31.581,13.886
256,3,1,32.281,14.726,31.581,13.934
257,3,1,32.272,14.755,31.571,13.963
258,3,1,32.232,14.889,31.425,14.107
259,3,1,32.184,14.880,31.483,14.098
260,3,1,32.183,14.966,31.404,14.281
261,3,1,32.144,15.005,31.443,14.233
262,3,1,32.144,15.043,31.443,14.271
263,3,1,32.200,15.226,31.433,14.281
264,3,1,32.229,15.342,31.462,14.261
265,3,1,32.238,15.419,31.472,14.271
266,3,1,32.228,15.438,31.492,14.233
267,3,1,32.218,15.429,31.511,14.281
268,3,1,32.199,15.371,31.501,14.319
269,3,1,32.190,15.371,31.491,14.348
270,3,1,32.219,15.361,31.480,14.435
271,3,1,32.180,15.428,31.451,14.522
272,3,1,32.160,15.496,31.460,14.570
273,3,1,32.188,15.563,31.460,14.599
274,3,1,32.178,15.660,31.488,14.714
275,3,1,32.198,15.631,31.448,14.849
0,5,1,34.151,18.145,33.376,17.105
1,5,1,34.180,18.135,33.386,17.086
2,5,1,34.200,18.068,33.395,17.076
3,5,1,34.161,18.030,33.338,17.067
4,5,1,34.152,17.914,33.358,16.971
5,5,1,34.182,17.837,33.377,16.980
6,5,1,34.202,17.741,33.367,16.961
7,5,1,34.173,17.693,33.339,16.913
8,5,1,34.173,17.664,33.319,16.893
9,5,1,34.145,17.635,33.339,16.865
10,5,1,34.145,17.645,33.301,16.816
11,5,1,34.164,17.587,33.331,16.682
12,5,1,34.136,17.558,33.322,16.605
13,5,1,34.107,17.443,33.303,16.489
14,5,1,34.117,17.414,33.313,16.412
15,5,1,34.050,17.366,33.265,16.364
16,5,1,34.069,17.356,33.294,16.354
17,5,1,34.021,17.366,33.198,16.364
18,5,1,34.012,17.356,33.198,16.335
19,5,1,34.021,17.327,33.217,16.335
20,5,1,34.022,17.173,33.188,16.364
21,5,1,34.003,17.135,33.159,16.402
22,5,1,34.033,17.048,33.082,16.316
23,5,1,34.062,16.981,33.150,16.306
24,5,1,34.024,16.913,33.073,16.191
25,5,1,33.995,16.904,33.074,16.056
26,5,1,33.976,16.885,33.113,16.037
27,5,1,33.938,16.865,33.114,15.854
28,5,1,33.967,16.769,33.105,15.806
29,5,1,33.958,16.750,33.067,15.786
30,5,1,33.929,16.721,33.048,15.680
31,5,1,33.939,16.692,33.068,15.632
32,5,1,33.939,16.634,33.019,15.622
33,5,1,33.950,16.548,32.961,15.632
34,5,1,33.979,16.471,32.913,15.642
35,5,1,33.902,16.394,32.903,15.690
36,5,1,33.903,16.336,32.922,15.690
37,5,1,33.913,16.288,32.942,15.661
38,5,1,33.942,16.230,32.923,15.642
39,5,1,33.914,16.182,32.895,15.507
40,5,1,33.924,16.124,32.876,15.391
41,5,1,33.866,16.086,32.896,15.237
42,5,1,33.827,16.095,32.955,15.199
43,5,1,33.828,15.999,32.945,15.199
44,5,1,33.819,15.980,32.956,15.083
45,5,1,33.819,15.961,32.917,15.074
46,5,1,33.828,15.961,32.898,15.054
47,5,1,33.819,15.913,32.917,15.016
48,5,1,33.810,15.884,32.908,14.997
49,5,1,33.820,15.778,33.072,14.949
50,5,1,33.830,15.720,33.082,14.949
51,5,1,33.889,15.614,32.937,14.958
52,5,1,33.850,15.576,32.908,14.939
53,5,1,33.831,15.518,32.899,14.939
54,5,1,33.861,15.499,32.908,14.910
55,5,1,33.841,15.470,32.909,14.843
56,5,1,33.764,15.508,32.987,14.804
57,5,1,33.764,15.460,32.987,14.756
58,5,1,33.784,15.451,32.980,14.371
59,5,1,33.793,15.441,32.951,14.323
60,5,1,33.756,15.239,32.979,14.535
61,5,1,33.784,15.422,32.943,14.207
62,5,1,33.842,15.335,32.952,14.284
63,5,1,33.843,15.249,32.952,14.188
64,5,1,33.844,15.133,32.904,14.169
65,5,1,33.825,15.056,32.904,14.130
66,5,1,33.855,14.989,32.914,14.121
67,5,1,33.855,14.883,32.923,14.169
68,5,1,33.895,14.787,32.885,14.140
69,5,1,33.779,14.816,33.001,14.121
70,5,1,33.769,14.777,32.992,14.082
71,5,1,33.770,14.719,32.992,14.025
72,5,1,33.818,14.652,32.810,13.803
73,5,1,33.761,14.594,32.830,13.716
74,5,1,33.770,14.594,32.869,13.687
75,5,1,33.780,14.585,32.879,13.668
76,5,1,33.829,14.566,32.898,13.611
77,5,1,33.819,14.546,32.927,13.611
78,5,1,33.819,14.498,32.908,13.611
79,5,1,33.868,14.479,32.899,13.601
80,5,1,33.868,14.441,32.840,13.649
81,5,1,33.878,14.383,32.850,13.659
82,5,1,33.956,14.239,32.773,13.639
83,5,1,33.928,14.181,32.773,13.629
84,5,1,33.928,14.133,32.802,13.581
85,5,1,33.890,14.056,32.813,13.466
86,5,1,33.900,14.008,32.843,13.312
87,5,1,33.890,14.085,32.853,13.216
88,5,1,33.900,14.017,32.874,13.043
89,5,1,33.862,13.988,32.874,12.985
90,5,1,33.823,13.979,32.855,12.946
91,5,1,33.785,13.930,32.884,12.966
92,5,1,33.795,13.844,32.864,12.975
93,5,1,33.825,13.767,32.884,12.985
94,5,1,33.825,13.700,32.874,12.975
95,5,1,33.835,13.613,32.884,12.946
96,5,1,33.845,13.546,32.903,12.956
97,5,1,33.816,13.575,32.894,12.927
98,5,1,33.807,13.555,32.884,12.898
99,5,1,33.778,13.517,32.885,12.831
100,5,1,33.720,13.497,32.943,12.850
101,5,1,33.730,13.449,32.953,12.802
102,5,1,33.721,13.411,32.943,12.764
103,5,1,33.819,13.219,32.906,12.494
104,5,1,33.741,13.257,32.964,12.610
105,5,1,33.742,13.142,32.964,12.494
106,5,1,33.809,13.286,32.936,12.398
107,5,1,33.828,13.238,32.926,12.398
108,5,1,33.829,13.171,32.936,12.398
109,5,1,33.829,13.123,32.927,12.340
110,5,1,33.791,13.036,32.917,12.340
111,5,1,33.792,12.978,32.937,12.302
112,5,1,33.822,12.844,32.957,12.225
113,5,1,33.802,12.824,33.025,12.187
114,5,1,33.773,12.815,32.996,12.177
115,5,1,33.774,12.776,32.996,12.138
116,5,1,33.812,12.767,32.939,12.052
117,5,1,33.813,12.747,32.959,11.840
118,5,1,33.735,12.766,32.980,11.657
119,5,1,33.756,12.516,32.988,11.879
120,5,1,33.737,12.487,32.969,11.850
121,5,1,33.728,12.439,32.960,11.801
122,5,1,33.728,12.391,32.960,11.753
123,5,1,33.719,12.333,32.951,11.696
124,5,1,33.700,12.295,32.932,11.657
125,5,1,33.700,12.247,32.932,11.609
126,5,1,33.701,12.199,32.942,11.570
128,5,1,33.691,12.189,32.932,11.561
129,5,1,33.691,12.151,32.933,11.522
130,5,1,33.692,12.102,32.933,11.474
131,5,1,33.692,12.054,32.933,11.426
133,5,1,33.682,12.045,32.924,11.416
134,5,1,33.692,12.006,32.934,11.378
135,5,1,33.693,11.958,32.934,11.330
136,5,1,33.703,11.900,32.944,11.272
137,5,1,33.703,11.843,32.945,11.214
138,5,1,33.810,11.805,32.948,10.791
139,5,1,33.819,11.776,32.928,10.781
140,5,1,33.916,11.757,32.909,10.800
141,5,1,33.888,11.670,32.928,10.820
142,5,1,33.879,11.536,32.928,10.801
143,5,1,33.860,11.497,32.948,10.753
144,5,1,33.870,11.459,32.958,10.724
145,5,1,33.783,11.401,33.025,10.772
146,5,1,33.793,11.362,33.035,10.734
147,5,1,33.862,11.189,33.086,10.359
149,5,1,33.844,11.093,33.085,10.464
150,5,1,33.824,11.141,33.059,10.108
151,5,1,33.805,11.141,33.030,10.070
152,5,1,33.797,10.920,33.038,10.291
153,5,1,33.797,10.872,33.038,10.243
154,5,1,33.797,10.814,33.039,10.185
155,5,1,33.798,10.766,33.039,10.137
157,5,1,33.856,10.757,33.097,10.128
158,5,1,33.866,10.680,33.107,10.051
160,5,1,33.856,10.670,33.098,10.041
161,5,1,33.857,10.622,33.098,9.993
162,5,1,33.867,10.583,33.108,9.955
163,5,1,33.867,10.535,33.108,9.907
164,5,1,33.877,10.487,33.118,9.859
166,5,1,33.867,10.478,33.109,9.849
167,5,1,33.878,10.314,33.074,9.377
168,5,1,33.850,10.170,33.092,9.541
169,5,1,33.851,10.112,33.092,9.483
170,5,1,33.851,10.054,33.093,9.425
171,5,1,33.861,10.006,33.103,9.377
172,5,1,33.871,9.949,33.113,9.320
173,5,1,33.901,9.872,33.142,9.243
175,5,1,33.891,9.862,33.133,9.233
176,5,1,33.891,9.824,33.133,9.195
177,5,1,33.892,9.776,33.133,9.147
178,5,1,33.892,9.728,33.134,9.099
180,5,1,33.882,9.718,33.124,9.089
181,5,1,33.892,9.680,33.134,9.050
182,5,1,33.893,9.632,33.134,9.002
183,5,1,33.893,9.564,33.135,8.935
184,5,1,33.903,9.507,33.145,8.877
185,5,1,33.942,9.439,33.184,8.810
187,5,1,33.933,9.430,33.174,8.801
188,5,1,33.933,9.372,33.175,8.743
190,5,1,33.934,9.170,33.129,8.339
191,5,1,33.906,9.074,33.148,8.445
192,5,1,33.906,9.035,33.148,8.406
193,5,1,33.965,8.882,33.141,8.098
194,5,1,33.927,8.805,33.169,8.175
195,5,1,33.928,8.766,33.169,8.137
196,5,1,33.918,8.709,33.160,8.079
197,5,1,33.919,8.660,33.161,8.031
198,5,1,33.919,8.603,33.161,7.973
199,5,1,33.920,8.545,33.161,7.916
200,5,1,33.908,8.776,32.902,7.722
201,5,1,33.929,8.612,32.883,7.693
202,5,1,33.939,8.526,32.902,7.674
203,5,1,33.795,8.410,33.037,7.780
204,5,1,33.795,8.371,33.037,7.742
205,5,1,33.940,8.353,33.068,7.530
207,5,1,33.873,8.256,33.115,7.627
208,5,1,33.874,8.228,33.115,7.598
209,5,1,33.874,8.179,33.116,7.550
210,5,1,33.912,8.237,33.031,7.251
211,5,1,33.846,8.064,33.088,7.434
212,5,1,33.837,8.016,33.078,7.386
213,5,1,33.837,7.968,33.079,7.338
214,5,1,33.828,7.910,33.069,7.280
215,5,1,33.828,7.862,33.070,7.232
217,5,1,33.818,7.852,33.060,7.222
218,5,1,33.829,7.718,33.014,6.943
220,5,1,33.800,7.650,33.042,7.020
221,5,1,33.791,7.612,33.033,6.982
222,5,1,33.782,7.573,33.023,6.943
223,5,1,33.782,7.535,33.024,6.905
224,5,1,33.830,7.602,32.968,6.597
225,5,1,33.830,7.545,32.959,6.462
226,5,1,33.801,7.525,32.970,6.366
227,5,1,33.811,7.535,32.959,6.433
228,5,1,33.773,7.496,32.970,6.366
229,5,1,33.753,7.486,32.970,6.347
230,5,1,33.783,7.458,32.950,6.356
231,5,1,33.833,7.208,33.018,6.347
232,5,1,33.822,7.391,32.970,6.279
233,5,1,33.890,7.295,32.950,6.356
234,5,1,33.842,7.189,32.932,6.279
235,5,1,33.882,7.064,32.922,6.317
236,5,1,33.873,6.968,32.874,6.259
237,5,1,33.893,6.910,32.903,6.202
238,5,1,33.902,6.901,32.942,6.125
239,5,1,33.902,6.901,32.962,6.106
240,5,1,33.883,6.920,32.981,6.048
241,5,1,33.807,6.795,33.048,6.164
242,5,1,33.807,6.756,33.049,6.126
243,5,1,33.807,6.708,33.049,6.078
244,5,1,33.808,6.650,33.049,6.020
245,5,1,33.798,6.602,33.040,5.972
246,5,1,33.799,6.554,33.040,5.924
247,5,1,33.789,6.506,33.031,5.876
248,5,1,33.790,6.458,33.031,5.828
250,5,1,33.780,6.448,33.022,5.818
251,5,1,33.780,6.410,33.022,5.779
253,5,1,33.782,6.141,33.005,5.433
254,5,1,33.773,6.083,33.015,5.452
255,5,1,33.773,6.064,33.015,5.433
256,5,1,33.732,6.361,32.978,5.173
257,5,1,33.733,6.284,32.939,5.173
258,5,1,33.764,6.006,33.006,5.375
259,5,1,33.764,5.958,33.006,5.327
260,5,1,33.810,6.266,32.940,5.029
261,5,1,33.810,6.285,32.980,4.952
262,5,1,33.755,5.890,32.997,5.260
263,5,1,33.765,5.842,33.007,5.212
264,5,1,33.775,5.794,33.017,5.164
265,5,1,33.785,5.746,33.027,5.116
266,5,1,33.805,5.699,33.046,5.068
268,5,1,33.795,5.689,33.037,5.058
269,5,1,33.805,5.670,33.047,5.039
270,5,1,33.805,5.660,33.047,5.029
271,5,1,33.805,5.650,33.047,5.020
272,5,1,33.805,5.641,33.047,5.010
274,5,1,33.796,5.631,33.037,5.001
275,5,1,33.796,5.593,33.038,4.962
0,6,1,32.043,18.231,31.287,17.152
1,6,1,32.102,18.222,31.296,17.142
2,6,1,32.073,18.212,31.306,17.123
3,6,1,32.063,18.193,31.296,17.142
4,6,1,32.121,18.193,31.258,17.084
5,6,1,32.083,18.154,31.239,17.084
6,6,1,32.035,18.106,31.209,17.113
7,6,1,32.026,17.981,31.229,17.084
8,6,1,32.027,17.865,31.268,17.026
9,6,1,32.017,17.827,31.268,16.997
10,6,1,31.969,17.798,31.248,17.113
11,6,1,31.960,17.759,31.239,16.997
12,6,1,31.960,17.749,31.240,16.940
13,6,1,31.989,17.769,31.174,16.699
14,6,1,31.979,17.730,31.193,16.650
15,6,1,32.038,17.615,31.252,16.525
16,6,1,32.058,17.518,31.292,16.458
17,6,1,32.059,17.470,31.292,16.429
18,6,1,32.059,17.422,31.263,16.429
19,6,1,31.982,17.393,31.234,16.438
20,6,1,32.030,17.374,31.253,16.410
21,6,1,32.050,17.355,31.263,16.352
22,6,1,32.069,17.326,31.224,16.381
23,6,1,32.147,17.249,31.263,16.371
24,6,1,32.138,17.143,31.264,16.255
25,6,1,32.052,17.075,31.245,16.246
26,6,1,32.013,17.017,31.216,16.265
27,6,1,32.004,16.969,31.226,16.178
28,6,1,32.023,16.969,31.207,16.053
29,6,1,32.024,16.931,31.188,16.043
30,6,1,32.023,16.969,31.180,15.889
31,6,1,32.004,16.960,31.141,15.870
32,6,1,31.937,16.882,31.093,15.783
33,6,1,31.928,16.805,31.093,15.754
34,6,1,31.977,16.748,31.132,15.745
35,6,1,32.045,16.671,31.162,15.639
36,6,1,32.026,16.555,31.153,15.610
37,6,1,31.998,16.478,31.075,15.667
38,6,1,31.979,16.411,31.036,15.667
39,6,1,32.018,16.411,31.016,15.677
40,6,1,32.212,16.334,31.065,15.600
41,6,1,31.825,16.333,31.115,15.484
42,6,1,31.854,16.285,31.192,15.456
43,6,1,31.796,16.247,31.135,15.369
44,6,1,31.884,16.198,31.164,15.330
45,6,1,31.981,16.170,31.069,15.147
46,6,1,32.204,16.122,31.137,15.099
47,6,1,32.233,16.045,31.166,15.051
48,6,1,31.886,15.958,31.166,15.022
49,6,1,31.915,15.938,31.215,15.051
50,6,1,31.906,15.852,31.234,14.984
51,6,1,31.906,15.755,31.226,14.878
52,6,1,32.187,15.727,31.148,14.839
53,6,1,32.362,15.660,31.206,14.858
54,6,1,31.859,15.669,31.226,14.810
55,6,1,31.830,15.620,31.139,14.848
56,6,1,32.198,15.592,31.167,14.887
57,6,1,32.246,15.554,31.207,14.752
58,6,1,32.295,15.467,31.286,14.492
59,6,1,32.257,15.409,31.268,14.396
60,6,1,31.850,15.476,31.198,14.608
61,6,1,31.783,15.428,31.276,14.637
62,6,1,31.793,15.360,31.286,14.569
63,6,1,32.229,15.361,31.201,14.328
64,6,1,31.764,15.312,31.257,14.521
65,6,1,31.755,15.264,31.248,14.473
66,6,1,31.746,15.206,31.239,14.415
67,6,1,31.746,15.158,31.239,14.367
68,6,1,31.737,15.129,31.229,14.338
69,6,1,31.728,15.071,31.220,14.280
70,6,1,31.728,15.023,31.221,14.232
71,6,1,31.718,15.004,31.211,14.213
72,6,1,31.719,14.946,31.211,14.155
73,6,1,31.719,14.898,31.212,14.107
74,6,1,31.720,14.840,31.212,14.049
75,6,1,31.710,14.811,31.203,14.020
76,6,1,31.710,14.763,31.203,13.972
77,6,1,31.992,14.581,31.050,13.711
78,6,1,32.051,14.513,31.051,13.605
79,6,1,32.080,14.513,31.080,13.567
80,6,1,32.176,14.533,31.031,13.605
81,6,1,31.829,14.407,31.322,13.616
82,6,1,31.829,14.359,31.322,13.568
83,6,1,31.839,14.311,31.332,13.519
84,6,1,31.840,14.243,31.333,13.452
85,6,1,31.840,14.195,31.333,13.404
86,6,1,31.850,14.157,31.343,13.365
87,6,1,31.851,14.118,31.343,13.327
88,6,1,31.860,14.176,31.169,13.384
89,6,1,31.937,14.176,31.121,13.249
90,6,1,31.802,14.108,31.266,13.298
91,6,1,31.783,14.099,31.228,13.172
92,6,1,31.725,14.070,31.286,13.201
93,6,1,31.725,14.031,31.286,13.163
94,6,1,31.842,13.896,31.153,12.931
95,6,1,31.717,13.848,31.278,12.980
96,6,1,31.717,13.800,31.278,12.932
97,6,1,31.708,13.742,31.269,12.874
98,6,1,31.699,13.684,31.260,12.816
99,6,1,31.699,13.636,31.260,12.768
100,6,1,31.690,13.588,31.251,12.720
101,6,1,31.681,13.530,31.242,12.662
102,6,1,31.681,13.482,31.242,12.614
103,6,1,31.681,13.443,31.242,12.575
104,6,1,31.682,13.395,31.243,12.527
105,6,1,31.682,13.347,31.243,12.479
106,6,1,31.682,13.309,31.243,12.440
107,6,1,31.683,13.260,31.244,12.392
108,6,1,31.683,13.203,31.244,12.334
109,6,1,31.683,13.154,31.244,12.286
110,6,1,31.684,13.116,31.245,12.248
111,6,1,31.684,13.058,31.245,12.190
112,6,1,31.684,13.000,31.245,12.132
113,6,1,31.685,12.952,31.246,12.084
114,6,1,31.685,12.885,31.246,12.016
115,6,1,31.686,12.837,31.247,11.968
116,6,1,31.696,12.769,31.257,11.901
117,6,1,31.686,12.721,31.247,11.853
118,6,1,31.696,12.663,31.258,11.795
119,6,1,31.687,12.615,31.248,11.747
120,6,1,31.697,12.577,31.258,11.708
121,6,1,31.678,12.538,31.239,11.670
122,6,1,31.678,12.490,31.239,11.621
123,6,1,31.669,12.432,31.230,11.564
124,6,1,31.669,12.384,31.231,11.515
125,6,1,31.670,12.345,31.231,11.477
126,6,1,31.660,12.297,31.221,11.429
127,6,1,31.642,12.230,31.203,11.361
128,6,1,31.632,12.191,31.193,11.323
129,6,1,31.633,12.133,31.194,11.265
130,6,1,31.623,12.076,31.184,11.207
131,6,1,31.604,12.018,31.165,11.149
132,6,1,31.595,11.960,31.156,11.091
133,6,1,31.586,11.912,31.147,11.043
134,6,1,31.577,11.854,31.138,10.985
135,6,1,31.577,11.806,31.138,10.937
136,6,1,31.567,11.786,31.128,10.927
138,6,1,31.558,11.777,31.119,10.918
139,6,1,31.558,11.729,31.119,10.870
140,6,1,31.549,11.680,31.110,10.821
141,6,1,31.539,11.632,31.100,10.773
142,6,1,31.540,11.584,31.101,10.725
143,6,1,31.540,11.536,31.101,10.677
144,6,1,31.531,11.478,31.092,10.619
145,6,1,31.522,11.430,31.082,10.571
146,6,1,31.532,11.372,31.093,10.513
147,6,1,31.609,11.392,30.977,10.397
148,6,1,31.503,11.305,31.054,10.446
149,6,1,31.551,11.315,30.852,10.233
150,6,1,31.542,11.228,30.833,10.233
151,6,1,31.543,11.112,30.824,10.223
152,6,1,31.573,11.055,30.863,10.165
153,6,1,31.573,10.978,30.872,10.165
154,6,1,31.447,10.996,30.998,10.147
155,6,1,31.622,10.862,30.834,10.117
156,6,1,31.651,10.891,30.825,10.040
157,6,1,31.458,10.881,30.999,10.041
158,6,1,31.448,10.842,30.990,10.002
159,6,1,31.439,10.794,30.980,9.954
160,6,1,31.439,10.736,30.981,9.896
161,6,1,31.420,10.688,30.962,9.848
162,6,1,31.411,10.640,30.952,9.800
163,6,1,31.392,10.582,30.934,9.742
164,6,1,31.585,10.669,30.877,9.472
165,6,1,31.498,10.621,30.799,9.529
166,6,1,31.383,10.495,30.924,9.655
167,6,1,31.374,10.447,30.915,9.607
168,6,1,31.355,10.408,30.896,9.568
169,6,1,31.355,10.370,30.896,9.530
170,6,1,31.346,10.322,30.887,9.482
171,6,1,31.356,10.283,30.897,9.443
172,6,1,31.435,10.062,30.792,9.260
173,6,1,31.550,10.120,30.715,9.172
174,6,1,31.357,10.062,30.898,9.231
175,6,1,31.357,10.023,30.899,9.193
176,6,1,31.358,9.975,30.899,9.144
177,6,1,31.358,9.937,30.899,9.106
178,6,1,31.358,9.888,30.900,9.058
179,6,1,31.359,9.821,30.900,8.990
180,6,1,31.369,9.783,30.910,8.952
181,6,1,31.379,9.734,30.920,8.904
182,6,1,31.379,9.677,30.921,8.846
183,6,1,31.380,9.629,30.921,8.798
184,6,1,31.380,9.600,30.921,8.769
185,6,1,31.380,9.551,30.922,8.721
186,6,1,31.380,9.523,30.922,8.692
187,6,1,31.381,9.474,30.922,8.644
188,6,1,31.381,9.436,30.922,8.605
189,6,1,31.381,9.397,30.923,8.567
190,6,1,31.382,9.359,30.923,8.528
191,6,1,31.382,9.320,30.923,8.490
192,6,1,31.373,9.272,30.914,8.441
193,6,1,31.383,9.224,30.924,8.393
194,6,1,31.364,9.185,30.905,8.355
195,6,1,31.364,9.137,30.905,8.307
196,6,1,31.355,9.080,30.896,8.249
197,6,1,31.355,9.031,30.896,8.201
198,6,1,31.346,8.993,30.887,8.162
199,6,1,31.327,8.945,30.868,8.114
200,6,1,31.317,8.896,30.859,8.066
201,6,1,31.317,8.867,30.859,8.037
202,6,1,31.318,8.810,30.859,7.979
203,6,1,31.318,8.771,30.859,7.940
204,6,1,31.309,8.733,30.850,7.902
205,6,1,31.299,8.694,30.841,7.863
206,6,1,31.309,8.656,30.851,7.825
207,6,1,31.310,8.617,30.851,7.786
208,6,1,31.310,8.579,30.851,7.748
209,6,1,31.310,8.530,30.851,7.700
210,6,1,31.310,8.492,30.852,7.661
211,6,1,31.311,8.453,30.852,7.622
212,6,1,31.321,8.405,30.862,7.574
213,6,1,31.331,8.348,30.872,7.517
214,6,1,31.331,8.299,30.873,7.469
215,6,1,31.341,8.251,30.883,7.420
216,6,1,31.361,8.203,30.902,7.372
217,6,1,31.361,8.165,30.903,7.334
218,6,1,31.371,8.126,30.913,7.295
219,6,1,31.574,8.214,30.728,7.400
220,6,1,31.380,8.213,30.921,7.392
221,6,1,31.380,8.175,30.922,7.353
222,6,1,31.381,8.136,30.922,7.315
223,6,1,31.576,7.848,30.729,7.208
224,6,1,31.615,7.829,30.730,7.102
225,6,1,31.586,7.810,30.779,7.044
226,6,1,31.567,7.752,30.751,6.928
227,6,1,31.568,7.733,30.703,6.832
228,6,1,31.519,7.752,30.655,6.735
229,6,1,31.519,7.704,30.713,6.736
230,6,1,31.529,7.694,30.733,6.716
231,6,1,31.539,7.675,30.742,6.717
232,6,1,31.520,7.607,30.733,6.707
233,6,1,31.501,7.521,30.704,6.707
234,6,1,31.550,7.502,30.723,6.716
235,6,1,31.541,7.405,30.694,6.687
236,6,1,31.552,7.222,30.666,6.581
237,6,1,31.553,7.126,30.656,6.552
238,6,1,31.329,7.221,30.870,6.467
239,6,1,31.330,7.183,30.870,6.428
240,6,1,31.524,7.087,30.677,6.408
241,6,1,31.524,7.059,30.706,6.331
242,6,1,31.534,7.011,30.726,6.264
243,6,1,31.582,7.011,30.776,6.120
244,6,1,31.563,7.001,30.766,6.071
245,6,1,31.563,7.030,30.757,6.014
246,6,1,31.390,6.884,30.930,6.150
247,6,1,31.400,6.836,30.941,6.102
248,6,1,31.400,6.779,30.941,6.044
249,6,1,31.410,6.731,30.951,5.996
250,6,1,31.430,6.702,30.971,5.967
251,6,1,31.440,6.654,30.981,5.919
252,6,1,31.440,6.615,30.981,5.880
253,6,1,31.450,6.577,30.991,5.842
254,6,1,31.460,6.538,31.001,5.803
255,6,1,31.460,6.500,31.001,5.765
256,6,1,31.470,6.461,31.011,5.727
257,6,1,31.480,6.423,31.021,5.688
258,6,1,31.481,6.375,31.021,5.640
259,6,1,31.481,6.317,31.022,5.582
260,6,1,31.491,6.269,31.032,5.534
261,6,1,31.501,6.231,31.042,5.496
262,6,1,31.492,6.182,31.032,5.447
263,6,1,31.502,6.125,31.042,5.390
264,6,1,31.492,6.077,31.033,5.342
265,6,1,31.493,6.028,31.034,5.293
266,6,1,31.493,5.971,31.034,5.236
267,6,1,31.493,5.932,31.034,5.197
268,6,1,31.494,5.884,31.035,5.149
269,6,1,31.484,5.845,31.025,5.110
270,6,1,31.485,5.807,31.025,5.072
271,6,1,31.485,5.768,31.026,5.033
272,6,1,31.485,5.730,31.026,4.995
273,6,1,31.495,5.682,31.036,4.947
274,6,1,31.505,5.634,31.046,4.899
275,6,1,31.506,5.595,31.046,4.860
0,7,1,33.019,4.789,32.080,3.666
1,7,1,33.048,4.818,32.071,3.646
2,7,1,33.048,4.808,32.119,3.666
3,7,1,33.048,4.837,32.157,3.791
4,7,1,33.067,4.847,32.157,3.782
5,7,1,33.087,4.866,32.176,3.791
6,7,1,33.115,4.895,32.157,3.801
7,7,1,33.125,4.915,32.128,3.839
8,7,1,33.086,4.905,32.166,3.830
9,7,1,33.085,5.068,32.262,4.033
10,7,1,33.114,5.068,32.213,4.003
11,7,1,33.141,5.299,32.289,4.254
12,7,1,33.151,5.300,32.270,4.244
13,7,1,33.102,5.376,32.269,4.360
14,7,1,33.102,5.386,32.269,4.379
15,7,1,33.112,5.395,32.249,4.360
16,7,1,33.121,5.434,32.259,4.398
17,7,1,33.112,5.376,32.229,4.456
18,7,1,33.083,5.424,32.268,4.408
19,7,1,33.063,5.443,32.249,4.408
20,7,1,33.062,5.539,32.287,4.495
21,7,1,33.072,5.559,32.297,4.495
22,7,1,33.110,5.568,32.267,4.619
23,7,1,33.139,5.598,32.247,4.696
24,7,1,33.139,5.665,32.227,4.735
25,7,1,33.138,5.723,32.246,4.793
26,7,1,33.128,5.809,32.256,4.773
27,7,1,33.099,5.886,32.246,4.841
28,7,1,33.069,5.943,32.246,4.841
29,7,1,33.059,6.049,32.285,4.822
30,7,1,33.039,6.145,32.284,4.995
31,7,1,33.010,6.183,32.283,5.033
32,7,1,32.980,6.202,32.245,5.023
33,7,1,33.000,6.106,32.215,5.119
34,7,1,32.991,6.135,32.205,5.148
35,7,1,32.971,6.106,32.186,5.119
36,7,1,33.009,6.193,32.224,5.206
37,7,1,33.019,6.241,32.233,5.254
38,7,1,33.028,6.289,32.243,5.302
39,7,1,33.018,6.318,32.233,5.331
40,7,1,33.008,6.347,32.223,5.360
41,7,1,33.018,6.395,32.232,5.408
42,7,1,33.008,6.424,32.222,5.437
43,7,1,33.017,6.472,32.232,5.485
44,7,1,33.007,6.520,32.222,5.533
45,7,1,33.016,6.568,32.231,5.581
46,7,1,33.026,6.597,32.241,5.610
47,7,1,33.093,6.694,32.299,5.582
48,7,1,33.084,6.626,32.298,5.640
49,7,1,33.063,6.761,32.327,5.630
50,7,1,33.083,6.684,32.308,5.697
51,7,1,33.083,6.713,32.307,5.726
52,7,1,33.092,6.867,32.297,5.861
53,7,1,33.082,6.847,32.306,5.861
54,7,1,33.082,6.876,32.306,5.890
55,7,1,33.082,6.905,32.306,5.919
56,7,1,33.081,6.953,32.306,5.967
57,7,1,33.130,6.886,32.228,6.062
58,7,1,33.110,6.963,32.227,6.120
59,7,1,33.109,7.194,32.285,6.198
60,7,1,33.137,7.271,32.294,6.265
61,7,1,33.108,7.309,32.255,6.303
62,7,1,33.127,7.377,32.245,6.332
63,7,1,33.117,7.386,32.254,6.371
64,7,1,33.058,7.453,32.255,6.342
65,7,1,33.058,7.453,32.274,6.380
66,7,1,33.020,7.472,32.244,6.428
67,7,1,33.029,7.492,32.254,6.409
68,7,1,33.039,7.501,32.244,6.438
69,7,1,33.039,7.511,32.234,6.467
70,7,1,33.058,7.540,32.214,6.611
71,7,1,33.057,7.607,32.223,6.669
72,7,1,33.019,7.607,32.243,6.659
73,7,1,33.115,7.636,32.174,6.745
74,7,1,33.134,7.665,32.203,6.822
75,7,1,33.076,7.703,32.203,6.813
76,7,1,33.057,7.694,32.202,6.880
77,7,1,33.027,7.751,32.222,6.900
78,7,1,33.056,7.828,32.270,6.929
79,7,1,33.084,7.877,32.288,7.006
80,7,1,33.113,7.963,32.288,7.064
81,7,1,33.103,7.973,32.288,7.044
82,7,1,33.084,7.992,32.240,7.054
83,7,1,33.102,8.060,32.259,7.131
84,7,1,33.122,8.079,32.258,7.198
85,7,1,33.141,8.060,32.287,7.256
86,7,1,33.160,8.156,32.277,7.314
87,7,1,33.121,8.185,32.257,7.391
88,7,1,33.091,8.290,32.198,7.458
89,7,1,33.091,8.290,32.188,7.525
90,7,1,33.081,8.358,32.110,7.592
91,7,1,33.109,8.435,32.129,7.650
92,7,1,33.109,8.502,32.226,7.650
93,7,1,33.060,8.636,32.265,7.650
94,7,1,33.079,8.656,32.264,7.679
95,7,1,33.069,8.713,32.293,7.670
96,7,1,33.068,8.781,32.303,7.660
97,7,1,33.069,8.617,32.302,7.805
98,7,1,33.079,8.665,32.311,7.853
99,7,1,33.068,8.858,32.303,7.737
100,7,1,33.069,8.704,32.301,7.891
101,7,1,33.078,8.733,32.311,7.920
102,7,1,33.088,8.762,32.320,7.949
103,7,1,33.078,8.810,32.310,7.997
104,7,1,33.087,8.839,32.320,8.026
105,7,1,33.077,8.887,32.310,8.074
106,7,1,33.106,8.916,32.339,8.103
107,7,1,33.096,8.964,32.329,8.151
108,7,1,33.104,9.243,32.328,8.257
109,7,1,33.151,9.320,32.298,8.324
110,7,1,33.141,9.368,32.289,8.343
111,7,1,33.094,9.252,32.327,8.440
112,7,1,33.151,9.349,32.317,8.372
113,7,1,33.142,9.320,32.269,8.401
114,7,1,33.122,9.358,32.278,8.401
115,7,1,33.102,9.416,32.288,8.392
116,7,1,33.092,9.522,32.307,8.449
117,7,1,33.074,9.387,32.306,8.574
118,7,1,33.083,9.435,32.316,8.623
119,7,1,33.073,9.483,32.306,8.671
120,7,1,33.082,9.512,32.315,8.700
121,7,1,33.072,9.560,32.305,8.748
122,7,1,33.082,9.608,32.314,8.796
123,7,1,33.148,9.772,32.333,8.825
124,7,1,33.157,9.849,32.353,8.835
125,7,1,33.176,9.917,32.353,8.863
126,7,1,33.175,9.993,32.362,8.873
127,7,1,33.175,9.993,32.323,8.892
128,7,1,33.185,10.070,32.323,8.950
129,7,1,33.184,10.119,32.352,8.950
130,7,1,33.175,10.109,32.352,8.979
131,7,1,33.155,10.128,32.332,9.027
132,7,1,33.127,9.974,32.360,9.162
133,7,1,33.126,10.118,32.330,9.239
134,7,1,33.107,10.080,32.340,9.268
135,7,1,33.117,10.109,32.349,9.297
136,7,1,33.107,10.176,32.339,9.364
137,7,1,33.116,10.205,32.349,9.393
138,7,1,33.106,10.253,32.339,9.441
139,7,1,33.173,10.282,32.435,9.538
140,7,1,33.183,10.311,32.425,9.509
141,7,1,33.183,10.349,32.425,9.547
142,7,1,33.182,10.388,32.425,9.586
143,7,1,33.182,10.426,32.424,9.624
144,7,1,33.182,10.484,32.424,9.682
145,7,1,33.181,10.542,32.424,9.740
146,7,1,33.181,10.580,32.423,9.778
147,7,1,33.181,10.638,32.423,9.836
148,7,1,33.180,10.696,32.422,9.894
149,7,1,33.180,10.734,32.422,9.932
150,7,1,33.180,10.773,32.422,9.971
151,7,1,33.179,10.811,32.422,10.009
152,7,1,33.179,10.869,32.421,10.067
153,7,1,33.178,10.927,32.421,10.125
154,7,1,33.178,10.946,32.421,10.144
155,7,1,33.178,11.004,32.420,10.202
156,7,1,33.178,11.023,32.420,10.221
157,7,1,33.177,11.081,32.420,10.279
158,7,1,33.177,11.100,32.420,10.298
159,7,1,33.177,11.158,32.419,10.356
160,7,1,33.177,11.177,32.419,10.375
161,7,1,33.176,11.235,32.419,10.433
162,7,1,33.176,11.273,32.418,10.471
163,7,1,33.176,11.312,32.418,10.510
164,7,1,33.175,11.369,32.418,10.567
165,7,1,33.175,11.427,32.417,10.625
166,7,1,33.175,11.465,32.417,10.664
167,7,1,33.174,11.504,32.417,10.702
168,7,1,33.174,11.542,32.416,10.741
169,7,1,33.174,11.581,32.416,10.779
170,7,1,33.174,11.619,32.416,10.818
171,7,1,33.173,11.658,32.416,10.856
172,7,1,33.221,11.764,32.366,10.962
173,7,1,33.173,11.754,32.415,10.952
174,7,1,33.172,11.793,32.415,10.991
175,7,1,33.172,11.831,32.414,11.029
176,7,1,33.172,11.870,32.414,11.068
177,7,1,33.171,11.908,32.414,11.106
178,7,1,33.171,11.947,32.413,11.145
179,7,1,33.171,12.004,32.413,11.203
180,7,1,33.190,12.024,32.432,11.222
181,7,1,33.190,12.081,32.432,11.280
182,7,1,33.189,12.120,32.432,11.318
183,7,1,33.208,12.158,32.451,11.357
184,7,1,33.208,12.197,32.450,11.395
185,7,1,33.208,12.235,32.450,11.434
186,7,1,33.208,12.274,32.450,11.472
187,7,1,33.207,12.312,32.450,11.511
188,7,1,33.207,12.351,32.449,11.549
189,7,1,33.207,12.389,32.449,11.588
190,7,1,33.207,12.409,32.449,11.607
191,7,1,33.282,12.726,32.381,11.693
192,7,1,33.205,12.601,32.447,11.799
193,7,1,33.205,12.639,32.447,11.838
194,7,1,33.205,12.678,32.447,11.876
195,7,1,33.185,12.716,32.427,11.915
196,7,1,33.185,12.755,32.427,11.953
197,7,1,33.184,12.813,32.427,12.011
198,7,1,33.184,12.832,32.426,12.030
199,7,1,33.184,12.890,32.426,12.088
200,7,1,33.184,12.928,32.426,12.127
201,7,1,33.183,12.967,32.425,12.165
202,7,1,33.164,13.005,32.406,12.204
203,7,1,33.163,13.043,32.406,12.242
204,7,1,33.163,13.063,32.405,12.261
205,7,1,33.163,13.120,32.405,12.319
206,7,1,33.163,13.140,32.405,12.338
207,7,1,33.162,13.178,32.405,12.377
208,7,1,33.162,13.217,32.404,12.415
209,7,1,33.162,13.255,32.404,12.454
210,7,1,33.162,13.294,32.404,12.492
211,7,1,33.161,13.332,32.404,12.531
212,7,1,33.161,13.371,32.403,12.569
213,7,1,33.122,13.409,32.433,12.483
214,7,1,33.152,13.342,32.403,12.541
215,7,1,33.142,13.380,32.394,12.579
216,7,1,33.132,13.419,32.384,12.617
217,7,1,33.141,13.457,32.393,12.656
218,7,1,33.151,13.496,32.402,12.695
219,7,1,33.160,13.534,32.412,12.733
220,7,1,33.150,13.573,32.402,12.772
221,7,1,33.159,13.611,32.411,12.810
222,7,1,33.149,13.650,32.401,12.849
223,7,1,33.159,13.688,32.411,12.887
224,7,1,33.149,13.727,32.401,12.926
225,7,1,33.158,13.765,32.410,12.964
226,7,1,33.148,13.804,32.400,13.003
227,7,1,33.158,13.842,32.410,13.041
228,7,1,33.148,13.881,32.400,13.080
229,7,1,33.157,13.919,32.409,13.118
230,7,1,33.147,13.977,32.399,13.176
231,7,1,33.156,14.015,32.408,13.214
232,7,1,33.166,14.054,32.418,13.253
233,7,1,33.175,14.092,32.427,13.291
234,7,1,33.185,14.131,32.436,13.330
235,7,1,33.175,14.169,32.427,13.369
236,7,1,33.165,14.208,32.417,13.407
237,7,1,33.174,14.246,32.426,13.446
238,7,1,33.164,14.285,32.416,13.484
239,7,1,33.174,14.323,32.425,13.523
240,7,1,33.164,14.343,32.416,13.542
241,7,1,33.173,14.381,32.425,13.580
242,7,1,33.163,14.420,32.415,13.619
243,7,1,33.173,14.458,32.424,13.657
244,7,1,33.163,14.497,32.415,13.696
245,7,1,33.172,14.535,32.424,13.734
246,7,1,33.181,14.574,32.433,13.773
247,7,1,33.172,14.612,32.423,13.811
248,7,1,33.181,14.651,32.433,13.850
249,7,1,33.190,14.708,32.442,13.908
250,7,1,33.180,14.747,32.432,13.946
251,7,1,33.190,14.785,32.441,13.985
252,7,1,33.199,14.824,32.451,14.023
253,7,1,33.208,14.882,32.460,14.081
254,7,1,33.218,14.920,32.469,14.120
255,7,1,33.227,14.959,32.479,14.158
256,7,1,33.217,14.997,32.469,14.197
257,7,1,33.227,15.017,32.478,14.216
258,7,1,33.217,15.055,32.469,14.254
259,7,1,33.226,15.093,32.478,14.293
260,7,1,33.216,15.132,32.468,14.331
261,7,1,33.226,15.170,32.477,14.370
262,7,1,33.216,15.209,32.467,14.408
263,7,1,33.225,15.247,32.477,14.447
264,7,1,33.215,15.286,32.467,14.485
265,7,1,33.156,15.430,32.458,14.370
266,7,1,33.185,15.478,32.448,14.437
267,7,1,33.184,15.565,32.457,14.534
268,7,1,33.193,15.604,32.456,14.630
269,7,1,33.145,15.594,32.435,14.851
270,7,1,33.155,15.623,32.435,14.890
271,7,1,33.145,15.642,32.426,14.861
272,7,1,33.145,15.680,32.425,14.899
273,7,1,33.135,15.709,32.329,14.861
274,7,1,33.105,15.757,32.329,14.851
275,7,1,33.154,15.767,32.329,14.880
0,8,1,34.692,2.996,33.899,1.884
1,8,1,34.721,3.025,33.890,1.864
2,8,1,34.730,3.082,33.899,1.922
3,8,1,34.739,3.102,33.909,1.941
4,8,1,34.749,3.150,33.918,1.989
5,8,1,34.758,3.159,33.928,1.999
6,8,1,34.768,3.208,33.937,2.047
7,8,1,34.777,3.236,33.946,2.076
8,8,1,34.787,3.256,33.956,2.095
9,8,1,34.807,3.035,33.946,2.182
10,8,1,34.797,3.093,33.955,2.134
11,8,1,34.806,3.179,33.965,2.220
12,8,1,34.816,3.170,33.974,2.211
13,8,1,34.826,3.170,33.984,2.211
14,8,1,34.958,3.526,34.156,2.414
17,8,1,34.901,3.478,34.146,2.462
18,8,1,34.976,3.795,34.155,2.568
19,8,1,34.956,3.824,34.135,2.645
20,8,1,34.956,3.824,34.106,2.712
21,8,1,34.956,3.814,34.105,2.750
22,8,1,34.946,3.824,34.115,2.770
23,8,1,34.995,3.834,34.134,2.779
24,8,1,35.043,3.834,34.163,2.818
25,8,1,35.081,3.844,34.172,2.866
26,8,1,35.168,3.864,34.211,2.886
27,8,1,35.081,3.883,34.278,2.867
28,8,1,35.139,3.893,34.277,3.021
29,8,1,35.129,3.902,34.267,3.088
30,8,1,35.061,3.921,34.238,3.155
31,8,1,35.081,3.921,34.237,3.193
32,8,1,35.061,4.027,34.257,3.088
33,8,1,35.070,4.065,34.267,3.126
34,8,1,35.060,4.103,34.257,3.165
35,8,1,35.089,4.142,34.286,3.203
36,8,1,35.079,4.200,34.275,3.261
37,8,1,35.088,4.276,34.285,3.338
38,8,1,35.078,4.334,34.275,3.396
39,8,1,35.087,4.373,34.284,3.434
40,8,1,35.096,4.411,34.293,3.473
41,8,1,35.114,4.719,34.292,3.684
42,8,1,35.104,4.661,34.301,3.713
43,8,1,35.114,4.690,34.311,3.742
44,8,1,35.123,4.719,34.320,3.771
45,8,1,35.133,4.728,34.330,3.780
46,8,1,35.162,4.757,34.358,3.809
47,8,1,35.152,4.767,34.349,3.819
48,8,1,35.181,4.796,34.377,3.848
49,8,1,35.190,4.825,34.387,3.877
50,8,1,35.199,4.854,34.396,3.906
51,8,1,35.189,4.902,34.386,3.954
52,8,1,35.199,4.969,34.395,4.021
53,8,1,35.208,5.017,34.405,4.069
54,8,1,35.217,5.084,34.414,4.137
55,8,1,35.226,5.132,34.423,4.185
56,8,1,35.236,5.181,34.433,4.233
57,8,1,35.245,5.229,34.442,4.281
58,8,1,35.254,5.277,34.451,4.329
59,8,1,35.264,5.306,34.461,4.358
60,8,1,35.273,5.354,34.470,4.406
61,8,1,35.263,5.402,34.460,4.454
62,8,1,35.272,5.450,34.469,4.502
63,8,1,35.262,5.498,34.459,4.550
64,8,1,35.252,5.526,34.449,4.579
65,8,1,35.262,5.536,34.459,4.589
66,8,1,35.271,5.565,34.468,4.617
67,8,1,35.242,5.613,34.439,4.665
68,8,1,35.232,5.661,34.429,4.713
69,8,1,35.222,5.709,34.419,4.761
70,8,1,35.232,5.757,34.428,4.809
71,8,1,35.202,5.805,34.399,4.857
72,8,1,35.212,5.853,34.409,4.905
73,8,1,35.182,5.901,34.379,4.953
74,8,1,35.192,5.949,34.389,5.001
75,8,1,35.162,5.996,34.359,5.049
76,8,1,35.152,6.044,34.349,5.097
77,8,1,35.142,6.092,34.339,5.145
78,8,1,35.132,6.140,34.329,5.193
79,8,1,35.248,6.103,34.280,5.289
80,8,1,35.239,6.093,34.251,5.337
81,8,1,35.229,6.103,34.251,5.375
82,8,1,35.200,6.150,34.260,5.394
83,8,1,35.190,6.189,34.260,5.413
84,8,1,35.141,6.285,34.241,5.461
85,8,1,35.132,6.246,34.202,5.471
86,8,1,35.111,6.486,34.201,5.576
87,8,1,35.091,6.582,34.249,5.615
88,8,1,35.062,6.534,34.259,5.654
89,8,1,35.052,6.591,34.248,5.711
90,8,1,35.042,6.630,34.239,5.750
91,8,1,35.040,6.956,34.180,5.884
92,8,1,35.012,6.851,34.208,5.971
93,8,1,35.002,6.889,34.198,6.009
94,8,1,35.011,6.908,34.208,6.028
95,8,1,35.002,6.947,34.198,6.067
96,8,1,34.992,6.985,34.188,6.105
97,8,1,34.982,7.023,34.178,6.143
98,8,1,34.972,7.081,34.168,6.201
100,8,1,34.962,7.071,34.158,6.191
101,8,1,34.972,7.090,34.168,6.211
102,8,1,34.962,7.110,34.158,6.230
103,8,1,34.952,7.167,34.148,6.287
104,8,1,34.923,7.205,34.119,6.326
105,8,1,34.913,7.263,34.109,6.383
106,8,1,34.902,7.321,34.099,6.441
107,8,1,34.893,7.359,34.089,6.479
108,8,1,34.863,7.397,34.059,6.517
109,8,1,34.853,7.436,34.050,6.556
110,8,1,34.844,7.474,34.040,6.594
111,8,1,34.834,7.532,34.030,6.652
112,8,1,34.804,7.589,34.000,6.709
113,8,1,34.794,7.608,33.990,6.728
114,8,1,34.784,7.666,33.980,6.786
115,8,1,34.794,7.685,33.990,6.805
116,8,1,34.784,7.723,33.980,6.844
117,8,1,34.793,7.762,33.989,6.882
118,8,1,34.783,7.800,33.979,6.921
119,8,1,34.793,7.858,33.989,6.978
120,8,1,34.783,7.916,33.979,7.036
121,8,1,34.773,7.973,33.969,7.094
122,8,1,34.763,8.012,33.959,7.132
123,8,1,34.772,8.050,33.968,7.171
124,8,1,34.781,8.089,33.977,7.209
125,8,1,34.791,8.108,33.987,7.228
126,8,1,34.781,8.146,33.977,7.267
127,8,1,34.771,8.185,33.967,7.305
128,8,1,34.761,8.223,33.957,7.343
129,8,1,34.771,8.262,33.966,7.382
130,8,1,34.761,8.300,33.957,7.420
131,8,1,34.770,8.358,33.966,7.478
132,8,1,34.760,8.377,33.956,7.497
133,8,1,34.769,8.435,33.965,7.555
134,8,1,34.760,8.454,33.955,7.574
135,8,1,34.788,8.512,33.984,7.632
136,8,1,34.778,8.531,33.974,7.651
137,8,1,34.787,8.588,33.983,7.709
138,8,1,34.797,8.627,33.993,7.747
139,8,1,34.806,8.665,34.002,7.786
140,8,1,34.796,8.704,33.992,7.824
141,8,1,34.806,8.742,34.002,7.863
142,8,1,34.796,8.800,33.992,7.921
143,8,1,34.824,8.858,34.020,7.978
144,8,1,34.814,8.896,34.010,8.017
145,8,1,34.823,8.954,34.019,8.075
146,8,1,34.813,9.011,34.009,8.132
147,8,1,34.823,9.050,34.019,8.171
148,8,1,34.832,9.088,34.028,8.209
149,8,1,34.842,9.127,34.038,8.248
150,8,1,34.832,9.146,34.037,8.277
152,8,1,34.822,9.136,34.028,8.267
153,8,1,34.822,9.165,34.028,8.296
154,8,1,34.822,9.213,34.027,8.344
155,8,1,34.841,9.242,34.046,8.373
156,8,1,34.860,9.271,34.065,8.402
157,8,1,34.840,9.319,34.046,8.450
158,8,1,34.859,9.386,34.065,8.517
159,8,1,34.859,9.435,34.064,8.565
160,8,1,34.858,9.483,34.064,8.613
161,8,1,34.858,9.531,34.064,8.661
162,8,1,34.858,9.579,34.063,8.709
163,8,1,34.877,9.608,34.082,8.738
164,8,1,34.896,9.656,34.101,8.786
165,8,1,34.876,9.685,34.082,8.815
166,8,1,34.914,9.733,34.120,8.863
167,8,1,34.933,9.781,34.139,8.912
168,8,1,34.923,9.829,34.139,8.960
170,8,1,34.914,9.819,34.129,8.950
171,8,1,34.904,9.848,34.119,8.979
172,8,1,34.912,10.136,34.098,9.286
173,8,1,34.892,10.204,34.126,9.392
174,8,1,34.900,10.425,34.077,9.421
175,8,1,34.832,10.540,34.078,9.402
176,8,1,34.842,10.386,34.077,9.536
177,8,1,34.821,10.636,34.068,9.450
178,8,1,34.822,10.463,34.066,9.613
179,8,1,34.831,10.665,34.145,9.373
180,8,1,34.841,10.636,34.126,9.402
181,8,1,34.908,10.627,34.145,9.479
182,8,1,34.937,10.598,34.144,9.614
183,8,1,34.947,10.588,34.143,9.662
184,8,1,34.879,10.588,34.046,9.767
185,8,1,34.831,10.597,34.094,9.758
186,8,1,34.841,10.636,34.025,9.978
187,8,1,34.801,10.713,34.065,9.882
188,8,1,34.782,10.761,34.045,9.930
189,8,1,34.801,10.809,34.064,9.979
190,8,1,34.781,10.837,34.044,10.007
191,8,1,34.800,10.886,34.063,10.055
192,8,1,34.781,10.934,34.044,10.103
193,8,1,34.846,11.165,33.984,10.334
194,8,1,34.779,11.155,34.042,10.325
195,8,1,34.779,11.203,34.042,10.373
196,8,1,34.778,11.251,34.041,10.421
197,8,1,34.778,11.299,34.041,10.469
198,8,1,34.778,11.347,34.041,10.517
199,8,1,34.777,11.395,34.040,10.565
200,8,1,34.777,11.462,34.040,10.632
201,8,1,34.777,11.491,34.040,10.661
202,8,1,34.776,11.558,34.039,10.728
203,8,1,34.776,11.606,34.039,10.777
204,8,1,34.795,11.674,34.058,10.844
205,8,1,34.775,11.722,34.038,10.892
206,8,1,34.775,11.751,34.038,10.921
207,8,1,34.775,11.780,34.038,10.950
208,8,1,34.755,11.847,34.018,11.017
209,8,1,34.735,11.895,33.998,11.065
210,8,1,34.754,11.962,34.017,11.132
211,8,1,34.735,11.991,33.998,11.161
212,8,1,34.734,12.058,33.997,11.228
213,8,1,34.734,12.087,33.997,11.257
214,8,1,34.714,12.154,33.977,11.324
215,8,1,34.694,12.202,33.957,11.372
216,8,1,34.713,12.250,33.976,11.421
217,8,1,34.694,12.279,33.957,11.449
218,8,1,34.694,12.327,33.957,11.497
219,8,1,34.693,12.375,33.956,11.546
220,8,1,34.693,12.423,33.956,11.594
221,8,1,34.673,12.471,33.936,11.642
222,8,1,34.654,12.539,33.916,11.709
223,8,1,34.673,12.567,33.936,11.738
224,8,1,34.653,12.616,33.916,11.786
225,8,1,34.653,12.644,33.916,11.815
226,8,1,34.652,12.712,33.915,11.882
227,8,1,34.652,12.740,33.915,11.911
228,8,1,34.632,12.808,33.895,11.978
229,8,1,34.613,12.856,33.876,12.026
230,8,1,34.632,12.904,33.895,12.074
231,8,1,34.612,12.952,33.875,12.122
232,8,1,34.631,13.019,33.894,12.190
233,8,1,34.630,13.067,33.893,12.238
234,8,1,34.611,13.115,33.874,12.286
235,8,1,34.630,13.163,33.893,12.334
236,8,1,34.629,13.212,33.892,12.382
237,8,1,34.629,13.260,33.892,12.430
238,8,1,34.629,13.308,33.892,12.478
239,8,1,34.628,13.356,33.891,12.526
240,8,1,34.628,13.404,33.891,12.574
241,8,1,34.647,13.452,33.910,12.623
242,8,1,34.647,13.500,33.910,12.671
243,8,1,34.646,13.548,33.909,12.719
244,8,1,34.627,13.596,33.890,12.767
245,8,1,34.607,13.644,33.870,12.815
246,8,1,34.626,13.692,33.889,12.863
247,8,1,34.606,13.740,33.869,12.911
248,8,1,34.606,13.788,33.869,12.959
249,8,1,34.606,13.837,33.869,13.007
250,8,1,34.586,13.885,33.849,13.055
251,8,1,34.566,13.933,33.829,13.103
252,8,1,34.585,13.981,33.848,13.151
253,8,1,34.566,14.029,33.829,13.199
254,8,1,34.565,14.077,33.828,13.248
255,8,1,34.565,14.125,33.828,13.296
256,8,1,34.565,14.173,33.828,13.344
257,8,1,34.545,14.221,33.808,13.392
258,8,1,34.526,14.269,33.788,13.440
259,8,1,34.545,14.298,33.807,13.469
260,8,1,34.525,14.346,33.788,13.517
261,8,1,34.544,14.375,33.807,13.546
262,8,1,34.524,14.423,33.787,13.594
263,8,1,34.524,14.471,33.787,13.642
264,8,1,34.524,14.519,33.787,13.690
265,8,1,34.523,14.567,33.786,13.738
266,8,1,34.523,14.615,33.786,13.786
267,8,1,34.523,14.663,33.786,13.834
268,8,1,34.522,14.711,33.785,13.882
269,8,1,34.522,14.759,33.785,13.930
270,8,1,34.522,14.808,33.784,13.979
271,8,1,34.522,14.836,33.784,14.007
272,8,1,34.521,14.904,33.784,14.075
273,8,1,34.521,14.933,33.784,14.104
274,8,1,34.540,14.981,33.803,14.152
275,8,1,34.520,15.029,33.783,14.200
0,10,2,31.248,5.035,30.466,3.392
1,10,2,31.277,5.083,30.457,3.363
2,10,2,31.258,5.103,30.476,3.383
3,10,2,31.296,5.132,30.466,3.450
4,10,2,31.296,5.189,30.475,3.488
5,10,2,31.295,5.238,30.465,3.575
6,10,2,31.276,5.247,30.475,3.556
7,10,2,31.236,5.343,30.445,3.652
8,10,2,31.236,5.333,30.445,3.642
9,10,2,31.264,5.565,30.483,3.749
10,10,2,31.264,5.497,30.483,3.797
11,10,2,31.254,5.545,30.473,3.845
12,10,2,31.264,5.613,30.482,3.912
13,10,2,31.253,5.680,30.472,3.980
14,10,2,31.214,5.776,30.374,4.085
15,10,2,31.185,5.776,30.403,4.085
16,10,2,31.175,5.834,30.393,4.143
17,10,2,31.222,6.036,30.431,4.210
18,10,2,31.213,5.969,30.431,4.268
19,10,2,31.202,6.036,30.421,4.335
20,10,2,31.192,6.103,30.411,4.403
21,10,2,31.202,6.152,30.420,4.451
22,10,2,31.113,6.411,30.342,4.508
23,10,2,31.112,6.459,30.332,4.547
24,10,2,31.131,6.498,30.351,4.643
25,10,2,31.121,6.517,30.360,4.711
26,10,2,31.131,6.546,30.369,4.845
27,10,2,31.149,6.671,30.388,4.884
28,10,2,31.149,6.748,30.368,4.971
29,10,2,31.178,6.768,30.367,5.019
30,10,2,31.148,6.835,30.348,5.067
31,10,2,31.119,6.883,30.309,5.086
32,10,2,31.118,6.950,30.309,5.105
33,10,2,31.127,7.027,30.319,5.057
34,10,2,31.156,7.037,30.269,5.182
35,10,2,31.088,7.104,30.269,5.220
36,10,2,31.060,7.027,30.298,5.288
37,10,2,31.050,7.075,30.287,5.336
38,10,2,31.039,7.142,30.277,5.403
39,10,2,31.029,7.190,30.267,5.451
40,10,2,31.019,7.258,30.257,5.519
41,10,2,31.008,7.469,30.207,5.721
42,10,2,30.988,7.546,30.197,5.788
43,10,2,30.988,7.594,30.177,5.855
44,10,2,30.997,7.643,30.177,5.875
45,10,2,31.007,7.662,30.177,5.884
46,10,2,30.968,7.633,30.206,5.894
47,10,2,30.996,7.749,30.128,5.894
48,10,2,30.948,7.787,30.166,6.019
49,10,2,30.957,7.864,30.167,5.961
50,10,2,30.966,7.931,30.157,5.971
51,10,2,30.956,7.922,30.166,6.096
52,10,2,30.974,8.201,30.175,6.096
53,10,2,30.982,8.336,30.176,6.067
54,10,2,30.955,8.076,30.193,6.318
55,10,2,30.981,8.471,30.183,6.433
56,10,2,30.972,8.442,30.192,6.443
57,10,2,30.991,8.442,30.191,6.597
58,10,2,31.068,8.587,30.133,6.616
59,10,2,31.048,8.606,30.152,6.674
60,10,2,31.028,8.702,30.122,6.732
61,10,2,31.028,8.741,30.170,6.848
62,10,2,31.067,8.712,30.237,6.944
63,10,2,31.096,8.741,30.266,6.993
64,10,2,31.057,8.741,30.295,6.993
65,10,2,31.064,9.088,30.158,7.137
66,10,2,31.064,9.136,30.216,7.156
67,10,2,31.034,9.203,30.157,7.291
68,10,2,31.073,9.232,30.253,7.378
69,10,2,31.082,9.338,30.176,7.339
70,10,2,31.005,9.203,30.243,7.455
71,10,2,31.014,9.261,30.252,7.513
72,10,2,31.004,9.338,30.242,7.590
73,10,2,31.013,9.415,30.251,7.667
74,10,2,31.118,9.666,30.251,7.734
75,10,2,31.118,9.714,30.250,7.792
76,10,2,31.127,9.772,30.260,7.831
77,10,2,31.155,9.878,30.278,7.927
78,10,2,31.088,9.762,30.326,8.014
79,10,2,31.134,10.070,30.306,8.178
80,10,2,31.144,10.099,30.285,8.293
81,10,2,31.182,10.176,30.352,8.486
82,10,2,31.162,10.244,30.342,8.515
83,10,2,31.123,10.369,30.341,8.573
84,10,2,31.160,10.494,30.312,8.631
85,10,2,31.179,10.600,30.292,8.669
86,10,2,31.227,10.600,30.271,8.871
87,10,2,31.198,10.668,30.270,9.035
88,10,2,31.226,10.745,30.280,9.083
89,10,2,31.206,10.841,30.289,9.074
90,10,2,31.177,10.908,30.260,9.160
91,10,2,31.224,11.043,30.278,9.238
92,10,2,31.175,11.217,30.287,9.363
93,10,2,31.145,11.303,30.268,9.344
94,10,2,31.144,11.400,30.248,9.440
95,10,2,31.115,11.476,30.228,9.536
96,10,2,31.114,11.621,30.247,9.613
97,10,2,31.113,11.650,30.256,9.681
98,10,2,31.064,11.794,30.256,9.690
99,10,2,31.102,11.891,30.237,9.671
100,10,2,31.043,11.996,30.178,9.796
101,10,2,31.005,11.938,30.167,9.854
102,10,2,31.043,12.016,30.177,9.912
103,10,2,31.032,12.122,30.215,9.998
104,10,2,31.032,12.199,30.195,10.037
105,10,2,31.022,12.247,30.146,10.143
106,10,2,30.963,12.372,30.116,10.249
107,10,2,30.933,12.487,30.125,10.335
108,10,2,30.962,12.555,30.096,10.374
109,10,2,30.951,12.632,30.124,10.518
110,10,2,30.931,12.719,30.113,10.615
111,10,2,30.902,12.786,30.123,10.644
112,10,2,30.930,12.844,30.142,10.673
113,10,2,30.913,12.603,30.150,10.894
114,10,2,30.903,12.680,30.140,10.971
115,10,2,30.912,12.776,30.149,11.068
116,10,2,30.948,13.143,30.178,11.107
117,10,2,30.939,12.969,30.177,11.261
118,10,2,30.929,13.046,30.166,11.338
119,10,2,30.919,13.152,30.156,11.444
120,10,2,30.908,13.239,30.145,11.530
121,10,2,30.898,13.316,30.135,11.607
122,10,2,30.888,13.393,30.125,11.685
123,10,2,30.877,13.489,30.115,11.781
124,10,2,30.886,13.586,30.124,11.877
125,10,2,30.876,13.663,30.113,11.954
126,10,2,30.866,13.759,30.103,12.051
127,10,2,30.855,13.855,30.093,12.147
128,10,2,30.864,13.932,30.102,12.224
129,10,2,30.854,14.009,30.091,12.301
130,10,2,30.844,14.106,30.081,12.398
131,10,2,30.833,14.231,30.070,12.523
132,10,2,30.842,14.299,30.080,12.590
133,10,2,30.832,14.395,30.069,12.687
134,10,2,30.841,14.453,30.078,12.745
135,10,2,30.831,14.568,30.068,12.860
136,10,2,30.840,14.665,30.077,12.957
137,10,2,30.830,14.732,30.067,13.024
138,10,2,30.839,14.819,30.076,13.111
139,10,2,30.828,14.915,30.065,13.207
140,10,2,30.837,15.002,30.074,13.294
141,10,2,30.827,15.127,30.064,13.419
142,10,2,30.836,15.185,30.073,13.477
143,10,2,30.826,15.291,30.063,13.583
144,10,2,30.835,15.378,30.072,13.670
145,10,2,30.824,15.474,30.061,13.766
146,10,2,30.833,15.551,30.070,13.844
147,10,2,30.823,15.628,30.060,13.921
148,10,2,30.813,15.725,30.050,14.017
149,10,2,30.802,15.831,30.039,14.123
150,10,2,30.811,15.917,30.048,14.210
151,10,2,30.801,16.014,30.038,14.306
152,10,2,30.791,16.091,30.028,14.383
153,10,2,30.780,16.168,30.018,14.460
154,10,2,30.789,16.264,30.027,14.557
155,10,2,30.779,16.380,30.016,14.672
156,10,2,30.769,16.457,30.006,14.750
157,10,2,30.758,16.554,29.995,14.846
158,10,2,30.748,16.631,29.985,14.923
159,10,2,30.738,16.727,29.975,15.019
160,10,2,30.727,16.823,29.964,15.116
161,10,2,30.717,16.901,29.954,15.193
162,10,2,30.707,16.997,29.944,15.289
163,10,2,30.696,17.093,29.933,15.386
164,10,2,30.636,17.431,29.923,15.424
165,10,2,30.656,17.267,29.903,15.559
166,10,2,30.664,17.488,29.893,15.559
167,10,2,30.646,17.373,29.892,15.665
168,10,2,30.662,17.855,29.824,15.694
169,10,2,30.690,17.942,29.824,15.742
170,10,2,30.624,17.701,29.871,15.993
171,10,2,30.604,17.787,29.851,16.080
172,10,2,30.584,17.864,29.831,16.157
173,10,2,30.583,17.961,29.830,16.253
174,10,2,30.647,18.472,29.733,16.244
175,10,2,30.553,18.067,29.800,16.360
176,10,2,30.533,18.163,29.780,16.456
177,10,2,30.533,18.240,29.779,16.533
178,10,2,30.513,18.337,29.759,16.630
179,10,2,30.493,18.433,29.739,16.726
180,10,2,30.473,18.530,29.719,16.822
181,10,2,30.411,19.041,29.515,16.899
182,10,2,30.345,18.809,29.591,17.102
183,10,2,30.352,19.166,29.485,17.063
184,10,2,30.390,19.272,29.455,17.140
185,10,2,30.399,19.282,29.416,17.189
186,10,2,30.284,19.079,29.531,17.372
187,10,2,30.264,19.176,29.511,17.468
188,10,2,30.264,19.253,29.510,17.546
189,10,2,30.244,19.330,29.490,17.623
190,10,2,30.204,19.426,29.451,17.719
191,10,2,30.184,19.542,29.430,17.835
192,10,2,30.183,19.639,29.430,17.931
193,10,2,30.163,19.716,29.410,18.009
194,10,2,30.124,19.812,29.370,18.105
195,10,2,30.104,19.928,29.350,18.221
196,10,2,30.084,20.025,29.330,18.317
197,10,2,30.044,20.102,29.290,18.394
198,10,2,30.024,20.198,29.270,18.491
199,10,2,30.024,20.295,29.270,18.587
200,10,2,30.004,20.372,29.250,18.665
201,10,2,29.964,20.468,29.210,18.761
202,10,2,30.184,20.854,29.131,18.925
203,10,2,30.174,20.892,29.140,19.012
204,10,2,30.030,20.796,29.276,19.089
205,10,2,30.010,20.864,29.256,19.157
206,10,2,29.990,20.922,29.236,19.224
207,10,2,29.970,20.960,29.216,19.272
208,10,2,29.950,20.999,29.196,19.321
209,10,2,29.911,21.038,29.157,19.369
210,10,2,29.892,21.095,29.137,19.437
211,10,2,29.872,21.124,29.118,19.475
212,10,2,29.852,21.173,29.098,19.533
213,10,2,29.833,21.211,29.078,19.581
214,10,2,29.793,21.269,29.039,19.649
215,10,2,29.774,21.308,29.019,19.697
217,10,2,29.766,21.067,29.011,19.466
218,10,2,29.766,21.086,29.011,19.494
219,10,2,29.746,21.163,28.991,19.581
220,10,2,29.726,21.221,28.971,19.649
221,10,2,29.667,21.279,28.912,19.717
222,10,2,29.667,21.308,28.912,19.755
223,10,2,29.667,21.318,28.911,19.774
224,10,2,29.667,21.327,28.911,19.794
226,10,2,29.659,21.076,28.903,19.552
227,10,2,29.659,21.057,28.903,19.543
228,10,2,29.659,21.067,28.903,19.562
229,10,2,29.659,21.057,28.903,19.562
230,10,2,29.659,21.067,28.903,19.581
231,10,2,29.659,21.057,28.903,19.581
232,10,2,29.659,21.057,28.903,19.591
233,10,2,29.659,21.047,28.903,19.591
234,10,2,29.659,21.047,28.903,19.601
235,10,2,29.659,21.038,28.903,19.601
236,10,2,29.659,21.038,28.903,19.610
237,10,2,29.659,21.028,28.903,19.610
238,10,2,29.659,21.028,28.903,19.620
239,10,2,29.659,21.019,28.903,19.620
240,10,2,29.659,21.028,28.903,19.639
241,10,2,29.659,21.019,28.903,19.639
242,10,2,29.659,21.019,28.903,19.649
243,10,2,29.659,21.009,28.903,19.649
244,10,2,29.659,21.009,28.903,19.659
245,10,2,29.659,20.999,28.903,19.659
246,10,2,29.659,20.999,28.903,19.668
247,10,2,29.660,20.990,28.903,19.668
248,10,2,29.660,20.990,28.902,19.678
249,10,2,29.660,20.980,28.902,19.678
250,10,2,29.640,20.980,28.883,19.688
251,10,2,29.640,20.970,28.883,19.688
252,10,2,29.640,20.980,28.883,19.707
253,10,2,29.640,20.970,28.883,19.707
254,10,2,29.640,20.970,28.883,19.717
255,10,2,29.640,20.961,28.883,19.717
256,10,2,29.640,20.961,28.883,19.726
257,10,2,29.640,20.951,28.883,19.726
258,10,2,29.640,20.951,28.883,19.736
259,10,2,29.641,20.941,28.883,19.736
260,10,2,29.641,20.941,28.883,19.745
261,10,2,29.641,20.932,28.883,19.745
262,10,2,29.641,20.932,28.882,19.755
263,10,2,29.641,20.922,28.882,19.755
264,10,2,29.641,20.922,28.882,19.765
265,10,2,29.641,20.912,28.882,19.765
266,10,2,29.641,20.912,28.882,19.774
267,10,2,29.641,20.903,28.882,19.774
268,10,2,29.641,20.903,28.882,19.784
269,10,2,29.641,20.893,28.882,19.784
270,10,2,29.641,20.893,28.882,19.794
271,10,2,29.641,20.883,28.882,19.794
272,10,2,29.641,20.883,28.882,19.803
273,10,2,29.641,20.874,28.882,19.803
274,10,2,29.641,20.874,28.882,19.803
275,10,2,29.641,20.874,28.882,19.803
0,11,2,33.973,3.797,32.942,2.096
1,11,2,34.001,3.845,32.923,2.067
2,11,2,33.971,3.960,32.971,2.048
3,11,2,33.932,4.037,33.000,2.067
4,11,2,33.932,4.123,33.000,2.096
5,11,2,33.941,4.171,32.990,2.125
6,11,2,33.941,4.190,32.990,2.154
7,11,2,33.979,4.229,32.961,2.202
8,11,2,33.969,4.296,32.961,2.192
9,11,2,33.940,4.306,32.951,2.250
10,11,2,33.882,4.315,32.960,2.317
11,11,2,33.862,4.411,32.950,2.278
12,11,2,33.872,4.344,32.931,2.336
13,11,2,33.890,4.526,32.940,2.326
14,11,2,33.880,4.622,32.979,2.336
15,11,2,33.891,4.488,32.959,2.452
16,11,2,33.881,4.526,32.949,2.490
17,11,2,33.966,4.710,32.823,2.614
18,11,2,33.879,4.757,32.832,2.672
19,11,2,33.879,4.747,32.831,2.739
20,11,2,33.821,4.757,32.880,2.730
21,11,2,33.859,4.815,32.841,2.739
22,11,2,33.821,4.785,32.879,2.759
23,11,2,33.907,4.901,32.822,2.749
24,11,2,33.830,4.834,32.889,2.807
25,11,2,33.886,5.065,32.878,2.932
26,11,2,33.848,4.997,32.907,2.970
27,11,2,33.848,5.045,32.907,3.019
28,11,2,33.974,4.988,32.809,3.162
29,11,2,33.867,5.084,32.916,3.067
30,11,2,33.876,5.122,32.925,3.105
31,11,2,33.886,5.180,32.935,3.163
32,11,2,33.895,5.238,32.944,3.221
33,11,2,33.904,5.276,32.953,3.259
34,11,2,33.913,5.334,32.962,3.317
35,11,2,33.923,5.392,32.972,3.375
36,11,2,33.932,5.450,32.981,3.433
37,11,2,33.941,5.507,32.990,3.490
38,11,2,33.950,5.565,32.999,3.548
39,11,2,33.960,5.604,33.009,3.587
40,11,2,33.969,5.661,33.018,3.644
41,11,2,33.958,5.892,33.016,3.885
42,11,2,33.958,5.882,33.016,3.875
43,11,2,33.957,5.930,33.016,3.923
44,11,2,33.976,5.979,33.035,3.972
45,11,2,33.995,6.046,33.054,4.039
46,11,2,33.995,6.113,33.053,4.106
47,11,2,33.994,6.181,33.053,4.174
48,11,2,34.013,6.248,33.072,4.241
49,11,2,34.032,6.315,33.091,4.309
50,11,2,34.031,6.383,33.090,4.376
51,11,2,34.031,6.450,33.090,4.443
52,11,2,34.050,6.498,33.109,4.491
53,11,2,34.069,6.585,33.127,4.578
54,11,2,34.068,6.633,33.127,4.626
55,11,2,34.068,6.719,33.126,4.713
56,11,2,34.087,6.768,33.145,4.761
57,11,2,34.105,6.854,33.164,4.848
58,11,2,34.086,6.902,33.144,4.896
59,11,2,34.104,6.989,33.163,4.982
60,11,2,34.104,7.037,33.163,5.030
61,11,2,34.103,7.123,33.162,5.117
62,11,2,34.103,7.191,33.162,5.184
63,11,2,34.122,7.258,33.180,5.252
64,11,2,34.284,7.509,33.296,5.301
65,11,2,34.284,7.480,33.285,5.416
66,11,2,34.256,7.441,33.314,5.435
67,11,2,34.275,7.451,33.283,5.714
68,11,2,34.245,7.576,33.304,5.580
69,11,2,34.244,7.634,33.303,5.637
70,11,2,34.263,7.711,33.322,5.714
71,11,2,34.263,7.768,33.322,5.772
72,11,2,34.282,7.845,33.340,5.849
73,11,2,34.281,7.922,33.340,5.926
74,11,2,34.300,7.980,33.359,5.984
75,11,2,34.299,8.057,33.358,6.061
76,11,2,34.318,8.115,33.377,6.119
77,11,2,34.308,8.153,33.327,6.339
78,11,2,34.318,8.182,33.346,6.339
79,11,2,34.278,8.297,33.471,6.446
80,11,2,34.287,8.393,33.481,6.494
81,11,2,34.277,8.451,33.499,6.629
82,11,2,34.277,8.518,33.460,6.715
83,11,2,34.296,8.595,33.498,6.725
84,11,2,34.334,8.595,33.479,6.735
85,11,2,34.333,8.711,33.469,6.754
86,11,2,34.334,8.672,33.459,6.754
87,11,2,34.304,8.768,33.380,7.071
88,11,2,34.352,8.778,33.331,7.128
89,11,2,34.313,8.807,33.350,7.195
90,11,2,34.264,8.941,33.390,7.051
91,11,2,34.273,9.009,33.399,7.119
92,11,2,34.310,9.259,33.349,7.378
93,11,2,34.329,9.365,33.367,7.465
94,11,2,34.318,9.461,33.261,7.455
95,11,2,34.337,9.576,33.223,7.425
96,11,2,34.212,9.431,33.338,7.551
97,11,2,34.413,9.663,33.145,7.454
98,11,2,34.442,9.750,33.280,7.541
99,11,2,34.479,9.894,33.328,7.551
100,11,2,34.440,9.990,33.328,7.609
101,11,2,34.421,10.019,33.385,7.667
102,11,2,34.420,10.076,33.413,7.782
103,11,2,34.400,10.134,33.393,7.955
104,11,2,34.371,10.134,33.497,8.245
105,11,2,34.343,10.066,33.469,8.177
106,11,2,34.371,10.134,33.497,8.245
107,11,2,34.330,10.480,33.535,8.399
108,11,2,34.408,10.442,33.553,8.543
109,11,2,34.387,10.634,33.562,8.649
110,11,2,34.454,10.692,33.580,8.774
111,11,2,34.464,10.740,33.609,8.736
112,11,2,34.433,10.942,33.589,8.841
113,11,2,34.471,11.038,33.618,8.928
114,11,2,34.586,11.125,33.617,8.986
115,11,2,34.595,11.279,33.617,9.015
116,11,2,34.565,11.394,33.597,9.101
117,11,2,34.632,11.471,33.587,9.216
118,11,2,34.680,11.558,33.596,9.313
119,11,2,34.621,11.615,33.585,9.409
120,11,2,34.612,11.635,33.614,9.467
121,11,2,34.698,11.702,33.487,9.629
122,11,2,34.717,11.712,33.514,9.860
123,11,2,34.609,11.952,33.611,9.880
124,11,2,34.619,11.952,33.601,9.928
125,11,2,34.628,12.115,33.591,9.986
126,11,2,34.532,11.980,33.687,10.102
127,11,2,34.551,12.077,33.705,10.198
128,11,2,34.550,12.154,33.705,10.275
129,11,2,34.549,12.269,33.704,10.390
130,11,2,34.568,12.346,33.723,10.467
131,11,2,34.973,12.328,33.035,10.686
132,11,2,34.944,12.357,33.034,10.839
133,11,2,34.548,12.423,33.703,10.544
134,11,2,34.548,12.509,33.702,10.631
135,11,2,34.566,12.615,33.721,10.737
136,11,2,34.565,12.711,33.720,10.833
137,11,2,34.565,12.808,33.719,10.929
138,11,2,34.583,12.904,33.738,11.025
139,11,2,34.583,13.000,33.737,11.121
140,11,2,34.582,13.096,33.737,11.218
141,11,2,34.581,13.211,33.736,11.333
142,11,2,34.581,13.308,33.735,11.429
143,11,2,34.820,13.558,33.627,11.631
144,11,2,34.857,13.770,33.627,11.727
145,11,2,34.867,13.760,33.539,11.871
146,11,2,34.626,13.750,33.780,11.872
147,11,2,34.625,13.837,33.780,11.958
148,11,2,34.624,13.952,33.779,12.074
149,11,2,34.623,14.067,33.778,12.189
150,11,2,34.603,14.163,33.758,12.285
151,11,2,34.584,14.240,33.738,12.362
152,11,2,34.583,14.356,33.737,12.478
153,11,2,34.582,14.452,33.737,12.574
154,11,2,34.581,14.567,33.736,12.689
155,11,2,34.561,14.683,33.716,12.805
156,11,2,34.541,14.779,33.696,12.901
157,11,2,34.541,14.875,33.695,12.997
158,11,2,34.540,14.990,33.694,13.113
159,11,2,34.520,15.106,33.674,13.228
160,11,2,34.500,15.202,33.654,13.324
161,11,2,34.499,15.298,33.653,13.420
162,11,2,34.479,15.413,33.633,13.536
163,11,2,34.459,15.529,33.613,13.651
164,11,2,34.458,15.625,33.612,13.747
165,11,2,34.438,15.721,33.592,13.843
166,11,2,34.399,15.836,33.553,13.959
167,11,2,34.379,15.952,33.533,14.074
168,11,2,34.378,16.048,33.532,14.170
169,11,2,34.358,16.144,33.512,14.267
170,11,2,34.318,16.260,33.473,14.382
171,11,2,34.298,16.375,33.452,14.497
172,11,2,34.298,16.471,33.452,14.594
173,11,2,34.278,16.567,33.432,14.690
174,11,2,34.238,16.683,33.392,14.805
175,11,2,34.218,16.798,33.372,14.921
176,11,2,34.217,16.914,33.371,15.036
177,11,2,34.197,17.010,33.351,15.132
178,11,2,34.158,17.106,33.312,15.228
179,11,2,34.138,17.221,33.292,15.344
180,11,2,34.137,17.337,33.291,15.459
181,11,2,34.117,17.452,33.271,15.575
182,11,2,34.386,17.664,33.290,15.613
183,11,2,34.242,17.568,33.396,15.691
184,11,2,34.222,17.664,33.376,15.787
185,11,2,34.202,17.760,33.356,15.883
186,11,2,34.162,17.876,33.316,15.998
187,11,2,34.142,17.991,33.296,16.114
188,11,2,34.122,18.107,33.276,16.229
189,11,2,34.083,18.203,33.237,16.325
190,11,2,34.063,18.299,33.217,16.422
191,11,2,34.023,18.434,33.177,16.556
192,11,2,34.003,18.511,33.157,16.633
193,11,2,33.964,18.626,33.118,16.749
194,11,2,33.925,18.722,33.078,16.845
195,11,2,33.885,18.857,33.039,16.980
196,11,2,33.865,18.934,33.019,17.057
197,11,2,33.826,19.050,32.979,17.172
198,11,2,33.786,19.146,32.940,17.269
199,11,2,33.747,19.281,32.900,17.403
200,11,2,33.708,19.358,32.861,17.480
201,11,2,33.668,19.473,32.822,17.596
202,11,2,33.610,19.570,32.763,17.692
203,11,2,33.609,19.675,32.403,17.952
204,11,2,33.676,19.733,32.422,18.077
205,11,2,33.597,19.926,32.393,18.039
206,11,2,33.548,20.022,32.305,18.145
207,11,2,33.480,20.099,32.324,18.183
208,11,2,33.412,20.176,32.294,18.414
209,11,2,33.382,20.292,32.148,18.472
210,11,2,33.333,20.484,32.071,18.482
211,11,2,33.342,20.552,32.011,18.655
212,11,2,33.100,20.513,32.253,18.674
213,11,2,33.061,20.610,32.214,18.771
214,11,2,33.002,20.706,32.155,18.867
215,11,2,32.963,20.822,32.115,18.983
216,11,2,32.904,20.880,32.057,19.040
217,11,2,33.059,20.851,31.784,19.262
218,11,2,32.992,20.851,31.745,19.349
219,11,2,32.972,20.908,31.706,19.455
220,11,2,32.789,20.870,31.941,19.060
221,11,2,32.750,20.918,31.902,19.117
222,11,2,32.711,20.966,31.862,19.175
223,11,2,32.672,21.015,31.823,19.233
224,11,2,32.613,21.063,31.765,19.291
225,11,2,32.535,21.111,31.687,19.349
227,11,2,32.527,20.967,31.678,19.214
228,11,2,32.488,21.005,31.639,19.262
229,11,2,32.429,21.054,31.581,19.320
230,11,2,32.352,21.092,31.503,19.368
231,11,2,32.313,21.140,31.464,19.426
232,11,2,32.312,21.198,31.463,19.493
234,11,2,32.304,21.006,31.455,19.310
235,11,2,32.304,21.006,31.455,19.320
236,11,2,32.304,20.996,31.455,19.320
237,11,2,32.304,20.996,31.455,19.330
238,11,2,32.304,20.996,31.455,19.339
239,11,2,32.304,20.996,31.455,19.349
240,11,2,32.304,20.986,31.455,19.349
241,11,2,32.304,20.986,31.455,19.359
242,11,2,32.304,20.977,31.455,19.359
243,11,2,32.304,20.977,31.455,19.368
244,11,2,32.304,20.967,31.455,19.368
245,11,2,32.304,20.977,31.454,19.387
246,11,2,32.304,20.967,31.454,19.387
247,11,2,32.304,20.967,31.454,19.397
248,11,2,32.304,20.957,31.454,19.397
249,11,2,32.304,20.957,31.454,19.407
250,11,2,32.304,20.957,31.454,19.416
251,11,2,32.304,20.957,31.454,19.426
252,11,2,32.304,20.948,31.454,19.426
253,11,2,32.304,20.948,31.454,19.436
254,11,2,32.305,20.938,31.454,19.436
255,11,2,32.305,20.938,31.454,19.445
256,11,2,32.305,20.928,31.454,19.445
257,11,2,32.305,20.928,31.454,19.455
258,11,2,32.305,20.919,31.454,19.455
259,11,2,32.305,20.919,31.454,19.465
260,11,2,32.305,20.909,31.454,19.465
261,11,2,32.305,20.909,31.454,19.474
262,11,2,32.305,20.900,31.454,19.474
263,11,2,32.305,20.900,31.454,19.484
264,11,2,32.305,20.890,31.454,19.484
265,11,2,32.305,20.890,31.454,19.493
266,11,2,32.305,20.890,31.454,19.503
267,11,2,32.305,20.880,31.454,19.503
268,11,2,32.305,20.871,31.454,19.493
269,11,2,32.305,20.871,31.454,19.493
270,11,2,32.305,20.871,31.454,19.493
271,11,2,32.305,20.880,31.454,19.503
272,11,2,32.305,20.880,31.454,19.503
273,11,2,32.305,20.880,31.454,19.503
274,11,2,32.305,20.871,31.454,19.493
275,11,2,32.305,20.871,31.454,19.493
0,12,2,30.731,19.031,29.969,17.112
1,12,2,30.750,18.992,29.989,17.112
2,12,2,30.740,19.021,29.989,17.035
3,12,2,30.721,18.954,29.980,17.006
4,12,2,30.703,18.877,29.990,16.919
5,12,2,30.696,18.491,30.028,17.064
6,12,2,30.714,18.694,30.000,16.861
7,12,2,30.724,18.578,29.982,16.697
8,12,2,30.725,18.510,29.982,16.649
9,12,2,30.725,18.443,30.012,16.591
10,12,2,30.716,18.433,30.002,16.601
11,12,2,30.716,18.346,30.003,16.514
12,12,2,30.738,18.057,30.024,16.177
13,12,2,30.757,17.999,30.025,16.099
14,12,2,30.738,17.971,30.025,16.138
15,12,2,30.712,17.643,30.053,16.225
16,12,2,30.711,17.720,30.026,15.907
17,12,2,30.692,17.652,30.017,15.820
18,12,2,30.683,17.595,29.998,15.772
19,12,2,30.685,17.354,30.046,15.936
20,12,2,30.714,17.276,30.075,15.859
21,12,2,30.733,17.305,30.039,15.463
22,12,2,30.714,17.248,30.021,15.280
23,12,2,30.716,17.103,30.012,15.232
24,12,2,30.745,16.997,30.003,15.106
25,12,2,30.755,16.958,30.032,15.106
26,12,2,30.756,16.910,30.042,15.049
27,12,2,30.785,16.823,30.043,14.933
28,12,2,30.767,16.688,30.043,14.904
29,12,2,30.777,16.602,30.053,14.846
30,12,2,30.768,16.544,30.025,14.730
31,12,2,30.748,16.592,30.026,14.595
32,12,2,30.729,16.602,30.026,14.566
33,12,2,30.739,16.505,30.066,14.461
34,12,2,30.750,16.303,30.067,14.374
35,12,2,30.760,16.245,30.029,14.219
36,12,2,30.770,16.216,30.030,14.142
37,12,2,30.733,16.062,30.067,14.306
38,12,2,30.724,15.975,30.058,14.219
39,12,2,30.715,15.869,30.049,14.113
40,12,2,30.706,15.802,30.040,14.046
41,12,2,30.697,15.696,30.031,13.940
42,12,2,30.688,15.609,30.022,13.853
43,12,2,30.679,15.522,30.013,13.766
44,12,2,30.669,15.435,30.004,13.679
45,12,2,30.661,15.329,29.995,13.573
46,12,2,30.729,15.243,29.813,13.313
47,12,2,30.604,15.156,29.938,13.400
48,12,2,30.595,15.069,29.929,13.313
49,12,2,30.566,14.963,29.901,13.207
50,12,2,30.538,14.895,29.872,13.139
51,12,2,30.509,14.789,29.844,13.033
52,12,2,30.500,14.722,29.835,12.966
53,12,2,30.472,14.635,29.806,12.879
54,12,2,30.443,14.548,29.778,12.792
55,12,2,30.415,14.461,29.749,12.705
56,12,2,30.406,14.394,29.740,12.637
57,12,2,30.358,14.288,29.692,12.531
58,12,2,30.349,14.220,29.683,12.464
59,12,2,30.320,14.133,29.655,12.377
60,12,2,30.292,14.047,29.626,12.290
61,12,2,30.303,13.835,29.434,12.096
62,12,2,30.206,13.844,29.531,12.097
63,12,2,30.187,13.767,29.512,12.020
64,12,2,30.169,13.690,29.493,11.942
65,12,2,30.111,13.593,29.435,11.846
66,12,2,30.092,13.516,29.417,11.769
67,12,2,30.054,13.439,29.378,11.691
68,12,2,30.016,13.342,29.340,11.595
69,12,2,29.978,13.265,29.302,11.517
70,12,2,29.940,13.188,29.264,11.440
71,12,2,29.921,13.091,29.245,11.344
72,12,2,29.902,13.014,29.226,11.266
73,12,2,29.864,12.937,29.188,11.189
74,12,2,29.826,12.840,29.150,11.093
75,12,2,29.807,12.763,29.131,11.015
76,12,2,29.788,12.686,29.112,10.938
77,12,2,29.750,12.589,29.074,10.842
78,12,2,29.731,12.512,29.055,10.764
79,12,2,29.712,12.416,29.036,10.668
80,12,2,29.674,12.338,28.998,10.590
81,12,2,29.576,12.444,28.660,10.444
82,12,2,29.568,12.338,28.631,10.386
83,12,2,29.577,12.309,28.622,10.290
84,12,2,29.433,12.174,28.757,10.425
85,12,2,29.414,12.096,28.738,10.348
86,12,2,29.570,11.943,28.664,9.846
87,12,2,29.561,11.904,28.616,9.740
88,12,2,29.541,11.923,28.626,9.701
89,12,2,29.571,11.895,28.636,9.653
90,12,2,29.533,11.759,28.686,9.547
91,12,2,29.447,11.547,28.771,9.779
92,12,2,29.497,11.383,28.686,9.441
93,12,2,29.468,11.393,28.697,9.335
94,12,2,29.458,11.345,28.726,9.268
95,12,2,29.431,11.084,28.727,9.172
96,12,2,29.432,10.988,28.728,9.056
97,12,2,29.471,10.911,28.767,8.979
98,12,2,29.501,10.892,28.778,8.873
99,12,2,29.492,10.737,28.760,8.651
100,12,2,29.502,10.679,28.751,8.583
101,12,2,29.522,10.593,28.770,8.574
102,12,2,29.494,10.448,28.713,8.429
103,12,2,29.475,10.342,28.714,8.361
104,12,2,29.525,10.226,28.704,8.352
105,12,2,29.554,10.150,28.675,8.352
106,12,2,29.545,10.101,28.685,8.342
107,12,2,29.556,9.986,28.725,8.169
108,12,2,29.537,9.918,28.755,8.082
109,12,2,29.595,9.841,28.766,7.870
110,12,2,29.664,9.764,28.795,7.832
111,12,2,29.664,9.726,28.815,7.755
112,12,2,29.684,9.726,28.816,7.591
113,12,2,29.733,9.591,28.846,7.591
114,12,2,29.724,9.447,28.856,7.533
115,12,2,29.628,9.369,28.952,7.611
116,12,2,29.648,9.282,28.972,7.524
117,12,2,29.668,9.196,28.992,7.438
118,12,2,29.688,9.109,29.012,7.351
119,12,2,29.708,9.023,29.032,7.264
120,12,2,29.728,8.936,29.052,7.178
121,12,2,29.748,8.830,29.073,7.072
122,12,2,29.768,8.763,29.092,7.004
123,12,2,29.788,8.657,29.113,6.898
124,12,2,29.808,8.589,29.133,6.831
125,12,2,29.828,8.474,29.153,6.716
126,12,2,29.848,8.416,29.173,6.658
127,12,2,29.868,8.310,29.193,6.552
128,12,2,29.889,8.214,29.213,6.456
129,12,2,29.909,8.137,29.233,6.379
130,12,2,29.928,8.070,29.253,6.311
131,12,2,29.948,7.983,29.273,6.225
132,12,2,29.968,7.897,29.293,6.138
133,12,2,29.989,7.791,29.313,6.032
134,12,2,30.008,7.723,29.333,5.965
135,12,2,30.193,7.618,29.443,5.561
136,12,2,30.243,7.522,29.424,5.493
137,12,2,30.195,7.368,29.529,5.610
138,12,2,30.186,7.300,29.520,5.542
139,12,2,30.206,7.214,29.540,5.456
140,12,2,30.216,7.127,29.551,5.369
141,12,2,30.246,7.041,29.580,5.283
142,12,2,30.266,6.954,29.600,5.196
143,12,2,30.267,6.867,29.601,5.109
144,12,2,30.287,6.800,29.621,5.042
145,12,2,30.307,6.694,29.641,4.936
146,12,2,30.317,6.627,29.651,4.869
147,12,2,30.347,6.540,29.681,4.782
148,12,2,30.367,6.454,29.701,4.696
149,12,2,30.367,6.367,29.702,4.609
150,12,2,30.387,6.281,29.722,4.523
151,12,2,30.407,6.194,29.742,4.436
152,12,2,30.408,6.127,29.742,4.369
153,12,2,30.428,6.021,29.762,4.263
154,12,2,30.448,5.954,29.782,4.196
155,12,2,30.448,5.867,29.783,4.109
156,12,2,30.468,5.780,29.803,4.022
157,12,2,30.469,5.694,29.803,3.936
158,12,2,30.479,5.626,29.814,3.868
159,12,2,30.489,5.540,29.824,3.782
160,12,2,30.509,5.473,29.844,3.714
161,12,2,30.510,5.367,29.845,3.608
162,12,2,30.530,5.299,29.864,3.541
163,12,2,30.531,5.213,29.865,3.454
164,12,2,30.541,5.145,29.875,3.387
165,12,2,30.551,5.059,29.886,3.300
166,12,2,30.552,4.991,29.886,3.233
167,12,2,30.562,4.905,29.896,3.146
168,12,2,30.572,4.837,29.907,3.079
169,12,2,30.573,4.751,29.907,2.992
170,12,2,30.583,4.683,29.917,2.925
171,12,2,30.593,4.597,29.928,2.839
172,12,2,30.594,4.529,29.928,2.771
173,12,2,30.604,4.443,29.939,2.685
174,12,2,30.614,4.376,29.949,2.617
175,12,2,30.615,4.289,29.949,2.531
176,12,2,30.615,4.241,29.950,2.482
177,12,2,30.616,4.154,29.950,2.396
178,12,2,30.636,4.087,29.970,2.328
179,12,2,30.626,4.019,29.961,2.261
180,12,2,30.637,3.952,29.971,2.194
181,12,2,30.637,3.885,29.972,2.126
182,12,2,30.638,3.817,29.972,2.059
183,12,2,30.638,3.750,29.973,1.991
184,12,2,30.639,3.682,29.973,1.924
185,12,2,30.649,3.615,29.983,1.857
186,12,2,30.659,3.548,29.994,1.789
187,12,2,30.659,3.480,29.994,1.722
188,12,2,30.660,3.413,29.995,1.655
189,12,2,30.660,3.346,29.995,1.587
190,12,2,30.661,3.278,29.996,1.520
191,12,2,30.652,3.211,29.986,1.452
192,12,2,30.662,3.163,29.996,1.404
193,12,2,30.662,3.095,29.997,1.337
194,12,2,30.663,3.028,29.997,1.269
195,12,2,30.663,2.961,29.998,1.202
196,12,2,30.663,2.912,29.998,1.154
197,12,2,30.654,2.845,29.989,1.086
198,12,2,30.664,2.797,29.999,1.038
199,12,2,30.665,2.710,30.000,0.952
200,12,2,30.646,2.662,29.981,0.903
201,12,2,30.646,2.595,29.981,0.836
202,12,2,30.647,2.546,29.981,0.788
203,12,2,30.638,2.479,29.972,0.720
204,12,2,30.648,2.431,29.982,0.672
205,12,2,30.629,2.363,29.963,0.605
206,12,2,30.629,2.296,29.964,0.537
207,12,2,30.630,2.229,29.964,0.470
208,12,2,30.611,2.180,29.945,0.421
209,12,2,30.611,2.113,29.946,0.354
210,12,2,30.592,2.065,29.927,0.306
211,12,2,30.593,1.997,29.927,0.238
212,12,2,30.574,1.949,29.908,0.190
213,12,2,30.574,1.881,29.909,0.123
214,12,2,30.555,1.833,29.890,0.074
215,12,2,30.555,1.785,29.890,0.026
216,12,2,30.536,1.766,29.871,0.007
217,12,2,30.517,1.727,29.852,-0.023
218,12,2,30.498,1.707,29.832,-0.032
219,12,2,30.479,1.669,29.813,-0.061
220,12,2,30.479,1.640,29.813,-0.081
221,12,2,30.450,1.601,29.785,-0.110
222,12,2,30.441,1.582,29.775,-0.120
223,12,2,30.422,1.543,29.756,-0.149
224,12,2,30.402,1.514,29.736,-0.168
225,12,2,30.383,1.485,29.717,-0.188
226,12,2,30.364,1.456,29.698,-0.207
227,12,2,30.345,1.427,29.679,-0.227
228,12,2,30.326,1.398,29.660,-0.246
229,12,2,30.307,1.359,29.640,-0.275
230,12,2,30.288,1.330,29.621,-0.295
231,12,2,30.268,1.301,29.602,-0.314
232,12,2,30.249,1.281,29.583,-0.324
233,12,2,30.230,1.243,29.563,-0.353
234,12,2,30.211,1.223,29.544,-0.363
235,12,2,30.192,1.194,29.525,-0.382
236,12,2,30.172,1.175,29.505,-0.392
237,12,2,30.153,1.146,29.486,-0.412
238,12,2,30.115,1.126,29.448,-0.422
239,12,2,30.076,1.097,29.409,-0.441
240,12,2,30.038,1.077,29.370,-0.451
242,12,2,30.026,1.318,29.359,-0.201
243,12,2,30.036,1.308,29.368,-0.201
244,12,2,30.007,1.289,29.339,-0.211
245,12,2,29.997,1.279,29.330,-0.211
246,12,2,29.988,1.260,29.320,-0.221
248,12,2,29.977,1.385,29.309,-0.086
249,12,2,29.967,1.385,29.300,-0.076
250,12,2,29.958,1.365,29.290,-0.086
251,12,2,29.948,1.365,29.280,-0.077
252,12,2,29.958,1.365,29.290,-0.067
253,12,2,29.948,1.346,29.280,-0.077
254,12,2,29.958,1.356,29.290,-0.057
255,12,2,29.968,1.336,29.299,-0.067
256,12,2,29.997,1.346,29.328,-0.047
257,12,2,30.007,1.327,29.338,-0.057
258,12,2,30.016,1.337,29.348,-0.037
259,12,2,30.026,1.318,29.358,-0.047
260,12,2,30.036,1.327,29.367,-0.028
261,12,2,30.026,1.308,29.357,-0.037
262,12,2,30.036,1.318,29.367,-0.018
263,12,2,30.026,1.299,29.357,-0.028
264,12,2,30.036,1.308,29.367,-0.008
265,12,2,30.046,1.289,29.377,-0.018
266,12,2,30.055,1.299,29.386,0.002
267,12,2,30.046,1.289,29.377,0.001
268,12,2,30.055,1.289,29.386,0.011
269,12,2,30.046,1.270,29.377,0.001
270,12,2,30.055,1.280,29.386,0.011
271,12,2,30.046,1.270,29.376,0.011
272,12,2,30.055,1.280,29.386,0.021
273,12,2,30.046,1.270,29.376,0.011
274,12,2,30.055,1.280,29.386,0.021
275,12,2,30.046,1.260,29.377,0.001
0,13,2,35.155,17.943,34.318,16.317
1,13,2,35.184,17.992,34.309,16.288
2,13,2,35.184,17.934,34.309,16.231
3,13,2,35.089,17.742,34.337,16.317
4,13,2,35.099,17.684,34.357,16.288
5,13,2,35.108,17.770,34.282,15.971
6,13,2,35.128,17.732,34.292,15.961
7,13,2,35.100,17.636,34.292,15.932
8,13,2,35.081,17.588,34.301,15.981
9,13,2,35.072,17.530,34.292,15.923
10,13,2,35.082,17.453,34.302,15.846
11,13,2,35.072,17.395,34.293,15.788
12,13,2,35.064,17.251,34.312,15.856
13,13,2,35.035,17.203,34.312,15.836
14,13,2,35.036,17.164,34.273,15.884
15,13,2,35.035,17.270,34.274,15.769
16,13,2,35.026,17.203,34.265,15.702
17,13,2,35.036,17.136,34.275,15.634
18,13,2,35.026,17.088,34.265,15.586
19,13,2,34.969,16.962,34.295,15.538
20,13,2,34.941,16.886,34.295,15.452
21,13,2,34.989,16.914,34.247,15.432
22,13,2,34.952,16.770,34.153,15.028
23,13,2,34.923,16.664,34.172,15.143
24,13,2,34.924,16.597,34.172,15.076
25,13,2,34.924,16.530,34.173,15.009
26,13,2,34.992,16.482,34.267,15.317
27,13,2,34.964,16.395,34.288,15.144
28,13,2,34.973,16.424,34.243,14.711
29,13,2,34.974,16.366,34.243,14.672
30,13,2,34.926,16.289,34.281,14.778
31,13,2,34.955,16.270,34.242,14.778
32,13,2,34.955,16.212,34.243,14.720
33,13,2,34.956,16.135,34.243,14.643
34,13,2,34.956,16.078,34.243,14.586
35,13,2,34.957,16.020,34.244,14.528
36,13,2,34.957,15.962,34.244,14.470
37,13,2,34.958,15.885,34.245,14.393
38,13,2,34.977,15.828,34.265,14.336
39,13,2,35.017,15.761,34.297,13.865
40,13,2,35.036,15.712,34.297,13.836
41,13,2,34.998,15.674,34.288,13.807
42,13,2,34.999,15.501,34.286,13.980
43,13,2,35.000,15.434,34.287,13.913
44,13,2,35.038,15.462,34.318,13.653
45,13,2,35.029,15.318,34.317,13.788
46,13,2,35.030,15.261,34.317,13.730
47,13,2,35.030,15.184,34.318,13.653
48,13,2,35.031,15.107,34.318,13.576
49,13,2,35.031,15.030,34.319,13.499
50,13,2,35.051,14.972,34.338,13.441
51,13,2,35.032,14.914,34.320,13.384
52,13,2,35.052,14.838,34.339,13.307
53,13,2,35.052,14.761,34.340,13.230
54,13,2,35.053,14.684,34.340,13.153
55,13,2,35.053,14.626,34.341,13.095
56,13,2,35.054,14.568,34.341,13.038
57,13,2,35.054,14.491,34.342,12.961
58,13,2,35.055,14.415,34.342,12.884
59,13,2,35.055,14.357,34.343,12.826
60,13,2,35.056,14.299,34.343,12.768
61,13,2,35.056,14.222,34.344,12.691
62,13,2,35.057,14.145,34.344,12.614
63,13,2,35.076,14.088,34.364,12.557
64,13,2,35.096,14.030,34.384,12.499
65,13,2,35.078,13.934,34.365,12.403
66,13,2,35.097,13.896,34.385,12.365
67,13,2,35.078,13.819,34.366,12.288
68,13,2,35.098,13.761,34.386,12.230
69,13,2,35.079,13.665,34.367,12.134
70,13,2,35.099,13.626,34.387,12.095
71,13,2,35.100,13.549,34.387,12.018
72,13,2,35.100,13.473,34.388,11.941
73,13,2,35.101,13.415,34.388,11.884
74,13,2,35.101,13.309,34.389,11.778
75,13,2,35.101,13.280,34.389,11.749
76,13,2,35.102,13.203,34.390,11.672
77,13,2,35.103,13.107,34.390,11.576
78,13,2,35.178,13.300,34.411,11.336
79,13,2,35.208,13.233,34.402,11.240
80,13,2,35.228,13.175,34.364,11.182
81,13,2,35.152,12.954,34.440,11.394
82,13,2,35.238,13.108,34.375,10.961
83,13,2,35.248,13.050,34.395,10.951
84,13,2,35.248,12.992,34.434,10.855
85,13,2,35.279,12.733,34.405,10.797
86,13,2,35.249,12.829,34.435,10.692
87,13,2,35.241,12.646,34.454,10.750
88,13,2,35.279,12.666,34.436,10.605
89,13,2,35.232,12.502,34.378,10.615
90,13,2,35.281,12.377,34.397,10.605
91,13,2,35.292,12.233,34.408,10.471
92,13,2,35.253,12.281,34.437,10.471
93,13,2,35.272,12.300,34.457,10.365
94,13,2,35.311,12.339,34.467,10.259
95,13,2,35.320,12.310,34.506,10.144
96,13,2,35.312,12.099,34.516,10.096
97,13,2,35.322,12.099,34.526,10.067
98,13,2,35.351,12.012,34.546,10.010
99,13,2,35.360,12.176,34.576,9.856
100,13,2,35.417,12.205,34.606,9.770
101,13,2,35.382,11.830,34.670,10.193
102,13,2,35.324,11.753,34.613,10.116
103,13,2,35.344,11.666,34.633,10.029
104,13,2,35.325,11.599,34.623,9.962
105,13,2,35.365,11.513,34.663,9.876
106,13,2,35.384,11.446,34.682,9.809
107,13,2,35.385,11.359,34.693,9.722
108,13,2,35.395,11.292,34.703,9.655
109,13,2,35.415,11.205,34.723,9.568
110,13,2,35.415,11.138,34.723,9.501
111,13,2,35.435,11.052,34.743,9.415
112,13,2,35.542,10.870,34.794,9.050
113,13,2,35.630,10.735,34.794,9.079
114,13,2,35.553,10.726,34.861,9.089
115,13,2,35.642,10.370,34.881,8.983
116,13,2,35.633,10.274,34.940,8.839
117,13,2,35.634,10.169,34.989,8.724
118,13,2,35.692,10.217,34.978,8.926
119,13,2,35.654,10.034,34.988,8.801
120,13,2,35.663,10.217,34.990,8.628
121,13,2,35.663,10.140,34.990,8.551
122,13,2,35.683,10.073,35.010,8.484
123,13,2,35.684,9.986,35.011,8.397
124,13,2,35.684,9.910,35.011,8.321
125,13,2,35.704,9.833,35.031,8.244
126,13,2,35.724,9.756,35.051,8.167
127,13,2,35.724,9.679,35.051,8.090
128,13,2,35.744,9.602,35.071,8.013
129,13,2,35.764,9.526,35.091,7.937
130,13,2,35.765,9.430,35.092,7.841
131,13,2,35.784,9.334,35.112,7.745
132,13,2,35.804,9.276,35.131,7.687
133,13,2,35.805,9.180,35.132,7.591
134,13,2,35.805,9.122,35.132,7.533
135,13,2,35.825,9.026,35.152,7.437
136,13,2,35.845,8.950,35.172,7.361
137,13,2,35.845,8.873,35.173,7.284
138,13,2,35.846,8.796,35.173,7.207
139,13,2,35.866,8.719,35.193,7.130
140,13,2,35.886,8.643,35.213,7.054
141,13,2,35.886,8.566,35.213,6.977
142,13,2,35.887,8.489,35.214,6.900
143,13,2,35.906,8.518,35.178,6.525
144,13,2,35.916,8.422,35.188,6.439
145,13,2,35.879,8.230,35.206,6.640
146,13,2,35.879,8.153,35.207,6.564
147,13,2,35.956,8.220,35.199,6.247
148,13,2,35.909,8.028,35.236,6.439
149,13,2,35.910,7.951,35.237,6.362
150,13,2,35.910,7.874,35.237,6.285
151,13,2,35.930,7.798,35.257,6.208
152,13,2,35.911,7.721,35.239,6.132
153,13,2,35.931,7.644,35.258,6.055
154,13,2,35.932,7.548,35.259,5.959
155,13,2,35.932,7.452,35.260,5.863
156,13,2,35.933,7.394,35.260,5.805
157,13,2,35.934,7.298,35.261,5.709
158,13,2,35.953,7.241,35.280,5.652
159,13,2,35.973,7.145,35.300,5.556
160,13,2,35.954,7.087,35.282,5.498
161,13,2,35.974,6.991,35.302,5.402
162,13,2,35.975,6.914,35.302,5.325
163,13,2,35.975,6.838,35.303,5.248
164,13,2,35.976,6.761,35.303,5.171
165,13,2,35.976,6.684,35.304,5.095
166,13,2,35.977,6.607,35.304,5.018
167,13,2,35.977,6.530,35.305,4.941
168,13,2,35.978,6.454,35.305,4.864
169,13,2,35.979,6.377,35.306,4.787
170,13,2,35.979,6.300,35.306,4.710
171,13,2,35.980,6.223,35.307,4.634
172,13,2,35.980,6.146,35.307,4.557
173,13,2,35.981,6.069,35.308,4.480
174,13,2,35.981,5.993,35.309,4.403
175,13,2,35.982,5.916,35.309,4.326
176,13,2,35.982,5.839,35.310,4.249
177,13,2,35.983,5.762,35.310,4.173
178,13,2,35.983,5.685,35.311,4.096
179,13,2,35.965,5.608,35.292,4.019
180,13,2,35.993,5.753,35.160,3.605
181,13,2,35.917,5.474,35.245,3.884
182,13,2,35.918,5.397,35.245,3.807
183,13,2,35.919,5.320,35.246,3.730
184,13,2,35.994,5.474,35.142,3.432
185,13,2,36.062,5.446,35.181,3.346
186,13,2,35.948,5.195,35.276,3.606
187,13,2,35.949,5.119,35.276,3.529
188,13,2,35.949,5.042,35.277,3.452
189,13,2,35.950,4.965,35.277,3.375
190,13,2,35.931,4.888,35.258,3.298
191,13,2,35.979,4.965,35.204,2.760
192,13,2,35.941,4.821,35.269,3.231
193,13,2,35.942,4.744,35.269,3.154
194,13,2,35.923,4.667,35.250,3.077
195,13,2,35.924,4.590,35.251,3.000
196,13,2,35.924,4.514,35.252,2.924
197,13,2,35.972,4.581,35.158,2.471
198,13,2,36.021,4.476,35.131,2.298
199,13,2,35.887,4.321,35.214,2.731
200,13,2,36.022,4.303,35.151,2.212
201,13,2,36.013,4.217,35.151,2.135
202,13,2,35.918,3.976,35.246,2.386
203,13,2,35.919,3.918,35.246,2.328
204,13,2,35.919,3.861,35.246,2.271
205,13,2,35.986,3.871,35.143,1.885
206,13,2,35.948,3.813,35.144,1.828
207,13,2,35.949,3.746,35.125,1.760
208,13,2,35.930,3.640,35.116,1.703
209,13,2,35.970,3.525,35.135,1.626
210,13,2,35.884,3.371,35.211,1.781
211,13,2,35.885,3.294,35.212,1.704
212,13,2,35.885,3.236,35.212,1.646
213,13,2,35.961,3.410,35.138,1.213
214,13,2,35.990,3.324,35.139,1.146
215,13,2,36.020,3.238,35.130,1.060
216,13,2,35.857,3.131,35.184,1.540
217,13,2,36.001,3.180,35.121,0.925
218,13,2,35.848,3.063,35.175,1.473
219,13,2,35.848,3.006,35.175,1.415
220,13,2,35.849,2.929,35.176,1.338
221,13,2,35.849,2.871,35.176,1.281
222,13,2,35.869,2.814,35.196,1.223
223,13,2,35.888,2.737,35.216,1.147
224,13,2,35.889,2.680,35.216,1.089
225,13,2,35.889,2.622,35.217,1.032
226,13,2,35.890,2.545,35.217,0.955
227,13,2,35.890,2.488,35.218,0.897
228,13,2,35.910,2.430,35.237,0.840
229,13,2,35.930,2.373,35.257,0.782
230,13,2,35.930,2.296,35.257,0.706
231,13,2,35.930,2.238,35.258,0.648
232,13,2,35.950,2.181,35.278,0.591
233,13,2,35.970,2.124,35.297,0.533
234,13,2,35.970,2.066,35.298,0.475
235,13,2,35.971,2.008,35.298,0.418
236,13,2,35.990,1.951,35.318,0.360
237,13,2,36.010,1.894,35.337,0.303
238,13,2,36.010,1.836,35.338,0.245
239,13,2,36.030,1.779,35.357,0.188
240,13,2,36.050,1.721,35.377,0.131
241,13,2,36.069,1.683,35.397,0.092
242,13,2,36.089,1.645,35.416,0.064
243,13,2,36.108,1.616,35.436,0.045
244,13,2,36.147,1.578,35.474,0.016
245,13,2,36.166,1.550,35.494,-0.003
246,13,2,36.186,1.511,35.513,-0.031
247,13,2,36.225,1.483,35.552,-0.050
248,13,2,36.244,1.445,35.571,-0.079
249,13,2,36.244,1.416,35.571,-0.098
250,13,2,36.245,1.378,35.572,-0.126
251,13,2,36.264,1.359,35.591,-0.136
252,13,2,36.283,1.311,35.610,-0.174
253,13,2,36.284,1.282,35.611,-0.193
254,13,2,36.322,1.244,35.649,-0.222
255,13,2,36.457,1.236,35.784,-0.220
256,13,2,36.515,1.207,35.842,-0.239
258,13,2,36.504,1.370,35.831,-0.066
259,13,2,36.524,1.351,35.850,-0.076
260,13,2,36.524,1.342,35.850,-0.076
261,13,2,36.505,1.342,35.831,-0.066
262,13,2,36.505,1.332,35.831,-0.066
263,13,2,36.524,1.313,35.850,-0.076
264,13,2,36.505,1.303,35.831,-0.076
265,13,2,36.505,1.294,35.831,-0.076
266,13,2,36.486,1.284,35.812,-0.076
267,13,2,36.447,1.274,35.773,-0.076
268,13,2,36.428,1.274,35.754,-0.067
269,13,2,36.409,1.254,35.735,-0.077
271,13,2,36.399,1.341,35.725,0.019
272,13,2,36.399,1.341,35.725,0.029
273,13,2,36.399,1.331,35.725,0.029
274,13,2,36.399,1.331,35.724,0.038
275,13,2,36.399,1.321,35.724,0.038
0,14,2,33.717,19.415,32.880,17.577
49,14,2,33.726,19.512,32.939,17.384
50,14,2,33.707,19.425,32.920,17.384
51,14,2,33.698,19.358,32.949,17.317
52,14,2,33.709,19.204,32.950,17.230
53,14,2,33.728,19.165,32.950,17.172
54,14,2,33.738,19.107,32.951,17.066
55,14,2,33.729,19.088,32.923,16.989
56,14,2,33.739,18.973,32.952,16.999
57,14,2,33.759,18.925,32.952,16.951
58,14,2,33.722,18.751,32.972,16.787
59,14,2,33.732,18.713,32.982,16.787
60,14,2,33.761,18.674,33.012,16.691
61,14,2,33.751,18.684,33.002,16.691
62,14,2,33.771,18.626,33.022,16.633
63,14,2,33.791,18.491,32.995,16.393
64,14,2,33.724,18.424,32.946,16.364
65,14,2,33.763,18.337,32.947,16.258
66,14,2,33.744,18.347,32.967,16.210
67,14,2,33.783,18.222,32.976,16.219
68,14,2,33.745,18.212,32.996,16.219
69,14,2,33.764,18.155,33.016,16.162
70,14,2,33.765,18.097,33.016,16.104
71,14,2,33.785,18.039,33.036,16.046
72,14,2,33.804,17.981,33.055,15.988
73,14,2,33.824,17.924,33.075,15.931
74,14,2,33.913,17.693,33.115,15.738
75,14,2,33.971,17.645,33.183,15.738
76,14,2,33.981,17.548,33.174,15.632
77,14,2,34.001,17.500,33.175,15.507
78,14,2,34.011,17.443,33.233,15.411
79,14,2,33.992,17.414,33.243,15.450
80,14,2,34.012,17.346,33.263,15.382
81,14,2,34.109,17.260,33.321,15.305
82,14,2,34.080,17.260,33.331,15.305
83,14,2,34.099,17.202,33.351,15.248
84,14,2,34.139,17.125,33.390,15.171
85,14,2,34.178,17.068,33.429,15.113
86,14,2,34.217,17.010,33.468,15.055
87,14,2,34.256,16.933,33.507,14.979
88,14,2,34.295,16.856,33.546,14.902
89,14,2,34.334,16.779,33.585,14.825
90,14,2,34.373,16.702,33.625,14.748
91,14,2,34.412,16.625,33.664,14.671
92,14,2,34.451,16.568,33.703,14.613
93,14,2,34.490,16.529,33.742,14.575
94,14,2,34.529,16.452,33.781,14.498
95,14,2,34.568,16.395,33.820,14.440
96,14,2,34.627,16.318,33.878,14.364
97,14,2,34.666,16.241,33.917,14.287
98,14,2,34.705,16.183,33.956,14.229
99,14,2,34.763,16.126,34.015,14.172
100,14,2,34.802,16.049,34.054,14.095
101,14,2,34.841,15.972,34.093,14.018
102,14,2,34.881,15.895,34.132,13.941
103,14,2,34.939,15.818,34.191,13.864
104,14,2,34.978,15.760,34.230,13.807
105,14,2,35.017,15.703,34.269,13.749
106,14,2,35.056,15.626,34.308,13.672
107,14,2,35.095,15.549,34.347,13.595
108,14,2,35.134,15.472,34.386,13.519
109,14,2,35.173,15.395,34.425,13.442
110,14,2,35.212,15.319,34.464,13.365
111,14,2,35.252,15.242,34.504,13.288
112,14,2,35.291,15.165,34.543,13.211
113,14,2,35.310,15.088,34.562,13.134
114,14,2,35.350,15.011,34.602,13.058
115,14,2,35.369,14.934,34.621,12.981
116,14,2,35.409,14.838,34.661,12.885
117,14,2,35.448,14.781,34.700,12.827
118,14,2,35.467,14.685,34.720,12.731
119,14,2,35.487,14.627,34.739,12.673
120,14,2,35.507,14.531,34.759,12.577
121,14,2,35.527,14.454,34.779,12.501
122,14,2,35.547,14.377,34.799,12.424
123,14,2,35.567,14.300,34.819,12.347
124,14,2,35.605,14.243,34.858,12.289
125,14,2,35.625,14.147,34.878,12.193
126,14,2,35.664,14.089,34.917,12.136
127,14,2,35.684,13.993,34.937,12.040
128,14,2,35.704,13.916,34.957,11.963
129,14,2,35.743,13.840,34.996,11.886
130,14,2,35.782,13.744,35.035,11.790
131,14,2,35.996,13.485,35.016,11.665
132,14,2,35.997,13.398,35.036,11.608
133,14,2,36.016,13.379,35.065,11.550
134,14,2,36.036,13.293,35.094,11.550
135,14,2,36.046,13.245,35.163,11.435
136,14,2,36.085,13.158,35.192,11.416
137,14,2,36.096,13.024,35.202,11.281
138,14,2,36.096,13.005,35.241,11.291
139,14,2,36.145,12.822,35.271,11.147
140,14,2,36.165,12.813,35.310,11.042
141,14,2,36.187,12.419,35.397,11.042
142,14,2,36.195,12.630,35.350,10.850
143,14,2,36.282,12.506,35.379,10.782
144,14,2,36.263,12.448,35.370,10.706
145,14,2,36.245,12.342,35.409,10.629
146,14,2,36.274,12.371,35.390,10.696
147,14,2,36.284,12.294,35.420,10.466
148,14,2,36.313,12.198,35.470,10.283
149,14,2,36.314,12.112,35.489,10.245
150,14,2,36.296,11.977,35.509,10.139
151,14,2,36.285,12.045,35.500,10.082
152,14,2,36.326,11.785,35.558,10.043
153,14,2,36.306,11.814,35.558,10.034
154,14,2,36.307,11.737,35.559,9.957
155,14,2,36.307,11.728,35.560,9.707
156,14,2,36.298,11.603,35.550,9.822
157,14,2,36.299,11.507,35.551,9.726
158,14,2,36.299,11.449,35.551,9.669
159,14,2,36.319,11.334,35.571,9.553
160,14,2,36.320,11.257,35.572,9.477
161,14,2,36.320,11.180,35.572,9.400
162,14,2,36.321,11.084,35.573,9.304
163,14,2,36.321,11.027,35.573,9.246
164,14,2,36.362,10.758,35.662,8.872
165,14,2,36.372,10.720,35.673,8.814
166,14,2,36.382,10.652,35.653,8.872
167,14,2,36.382,10.576,35.653,8.795
168,14,2,36.383,10.499,35.654,8.718
169,14,2,36.384,10.403,35.655,8.622
170,14,2,36.384,10.326,35.655,8.545
171,14,2,36.385,10.249,35.656,8.468
172,14,2,36.385,10.172,35.656,8.392
173,14,2,36.386,10.076,35.657,8.296
174,14,2,36.386,9.999,35.657,8.219
175,14,2,36.368,9.922,35.639,8.142
176,14,2,36.387,9.846,35.658,8.065
177,14,2,36.369,9.769,35.640,7.988
178,14,2,36.369,9.711,35.640,7.930
179,14,2,36.350,9.634,35.621,7.853
180,14,2,36.332,9.538,35.603,7.757
181,14,2,36.332,9.461,35.603,7.680
182,14,2,36.314,9.384,35.585,7.603
183,14,2,36.295,9.307,35.566,7.527
184,14,2,36.295,9.250,35.566,7.469
185,14,2,36.277,9.173,35.548,7.392
186,14,2,36.258,9.115,35.529,7.334
187,14,2,36.258,9.038,35.529,7.257
188,14,2,36.239,8.981,35.510,7.200
189,14,2,36.221,8.904,35.492,7.123
190,14,2,36.221,8.827,35.492,7.046
191,14,2,36.203,8.750,35.474,6.969
192,14,2,36.184,8.673,35.455,6.892
193,14,2,36.184,8.615,35.455,6.834
194,14,2,36.166,8.539,35.436,6.757
195,14,2,36.031,8.547,35.168,6.621
196,14,2,35.983,8.499,35.158,6.582
197,14,2,36.012,8.432,35.111,6.476
198,14,2,35.926,8.345,35.197,6.564
199,14,2,35.927,8.287,35.197,6.506
200,14,2,35.908,8.211,35.179,6.429
201,14,2,35.889,8.153,35.160,6.371
202,14,2,36.005,8.038,35.133,6.131
203,14,2,35.929,7.980,35.200,6.198
204,14,2,35.910,7.922,35.181,6.141
205,14,2,35.910,7.865,35.181,6.083
206,14,2,35.891,7.807,35.162,6.025
207,14,2,35.873,7.730,35.143,5.948
208,14,2,35.873,7.672,35.144,5.891
209,14,2,35.960,7.596,35.098,5.621
210,14,2,35.941,7.538,35.089,5.487
211,14,2,35.875,7.404,35.146,5.622
212,14,2,35.875,7.346,35.146,5.564
213,14,2,35.857,7.288,35.127,5.506
214,14,2,35.857,7.231,35.128,5.449
215,14,2,35.895,7.250,35.081,5.199
216,14,2,35.867,7.154,35.081,5.189
217,14,2,35.839,7.058,35.110,5.276
218,14,2,35.839,7.000,35.110,5.218
219,14,2,35.821,6.923,35.091,5.141
220,14,2,35.821,6.865,35.092,5.083
221,14,2,35.802,6.808,35.073,5.026
222,14,2,35.803,6.750,35.073,4.968
223,14,2,35.803,6.692,35.074,4.910
224,14,2,35.784,6.635,35.055,4.853
225,14,2,35.785,6.577,35.055,4.795
226,14,2,35.775,6.539,35.037,4.583
227,14,2,35.766,6.452,35.037,4.670
228,14,2,35.767,6.394,35.037,4.612
229,14,2,35.767,6.356,35.038,4.574
230,14,2,35.748,6.279,35.019,4.497
231,14,2,35.748,6.221,35.019,4.439
232,14,2,35.749,6.145,35.020,4.362
233,14,2,35.730,6.087,35.001,4.305
234,14,2,35.730,6.049,35.001,4.266
235,14,2,35.721,5.952,34.964,4.064
236,14,2,35.722,5.866,34.907,4.016
237,14,2,35.674,5.827,34.945,4.045
238,14,2,35.675,5.770,34.945,3.987
239,14,2,35.722,5.818,34.908,3.872
240,14,2,35.703,5.789,34.947,3.805
241,14,2,35.723,5.693,34.957,3.670
242,14,2,35.724,5.645,34.987,3.594
243,14,2,35.715,5.511,34.986,3.728
244,14,2,35.715,5.453,34.986,3.671
245,14,2,35.716,5.376,34.987,3.594
246,14,2,35.697,5.318,34.968,3.536
247,14,2,35.697,5.280,34.968,3.497
248,14,2,35.698,5.242,34.968,3.459
249,14,2,35.679,5.184,34.949,3.401
250,14,2,35.679,5.107,34.950,3.324
251,14,2,35.680,5.049,34.950,3.267
252,14,2,35.661,5.011,34.931,3.228
253,14,2,35.661,4.972,34.932,3.190
254,14,2,35.661,4.915,34.932,3.132
255,14,2,35.643,4.838,34.913,3.055
256,14,2,35.643,4.780,34.914,2.998
257,14,2,35.643,4.742,34.914,2.959
258,14,2,35.624,4.703,34.895,2.921
259,14,2,35.625,4.646,34.895,2.863
260,14,2,35.625,4.569,34.896,2.786
261,14,2,35.606,4.511,34.877,2.728
262,14,2,35.607,4.492,34.877,2.709
263,14,2,35.607,4.415,34.878,2.632
264,14,2,35.588,4.357,34.859,2.574
265,14,2,35.588,4.319,34.859,2.536
266,14,2,35.569,4.280,34.840,2.497
267,14,2,35.570,4.223,34.841,2.440
268,14,2,35.551,4.146,34.822,2.363
269,14,2,35.551,4.107,34.822,2.324
270,14,2,35.533,4.050,34.803,2.267
271,14,2,35.533,4.011,34.803,2.228
272,14,2,35.446,4.097,34.573,2.168
273,14,2,35.455,4.059,34.573,2.149
274,14,2,35.437,3.972,34.563,2.111
275,14,2,35.418,3.876,34.496,2.014
