frame,id,class,tl_x,tl_y,br_x,br_y
0,0,1,24.410,9.493,23.455,8.693
1,0,1,24.443,9.515,23.444,8.682
2,0,1,24.465,9.515,23.466,8.682
3,0,1,24.486,9.537,23.488,8.703
4,0,1,24.486,9.537,23.488,8.703
5,0,1,24.508,9.537,23.510,8.703
6,0,1,24.530,9.558,23.531,8.725
7,0,1,24.552,9.558,23.553,8.725
8,0,1,24.574,9.547,23.575,8.714
9,0,1,24.595,9.558,23.597,8.725
10,0,1,24.617,9.558,23.619,8.725
11,0,1,24.628,9.623,23.629,8.790
12,0,1,24.661,9.580,23.662,8.747
13,0,1,24.683,9.580,23.684,8.747
14,0,1,24.705,9.558,23.706,8.725
15,0,1,24.726,9.580,23.728,8.746
16,0,1,24.748,9.580,23.749,8.746
17,0,1,24.770,9.590,23.771,8.757
18,0,1,24.792,9.580,23.793,8.746
19,0,1,24.813,9.580,23.815,8.746
20,0,1,24.846,9.580,23.848,8.746
21,0,1,24.901,9.579,23.902,8.746
22,0,1,24.923,9.579,23.924,8.746
23,0,1,24.966,9.579,23.968,8.746
24,0,1,24.988,9.579,23.989,8.746
25,0,1,25.010,9.579,24.011,8.746
26,0,1,25.021,9.579,24.022,8.746
27,0,1,25.075,9.558,24.077,8.725
28,0,1,25.097,9.558,24.099,8.724
29,0,1,25.119,9.558,24.121,8.724
30,0,1,25.141,9.558,24.142,8.724
31,0,1,25.163,9.558,24.164,8.724
32,0,1,25.174,9.558,24.175,8.724
33,0,1,25.206,9.557,24.208,8.724
34,0,1,25.228,9.557,24.230,8.724
35,0,1,25.250,9.557,24.251,8.724
36,0,1,25.294,9.557,24.295,8.724
37,0,1,25.315,9.557,24.317,8.724
38,0,1,25.348,9.557,24.350,8.724
39,0,1,25.381,9.557,24.382,8.724
40,0,1,25.424,9.557,24.426,8.724
41,0,1,25.446,9.557,24.448,8.724
42,0,1,25.490,9.579,24.491,8.746
43,0,1,25.512,9.579,24.513,8.746
44,0,1,25.533,9.579,24.535,8.746
45,0,1,25.577,9.579,24.579,8.746
46,0,1,25.599,9.579,24.600,8.746
47,0,1,25.621,9.579,24.622,8.746
48,0,1,25.664,9.600,24.666,8.767
49,0,1,25.686,9.600,24.688,8.767
50,0,1,25.708,9.600,24.709,8.767
51,0,1,25.729,9.600,24.731,8.767
52,0,1,25.751,9.600,24.753,8.767
53,0,1,25.762,9.600,24.764,8.767
54,0,1,25.817,9.600,24.818,8.767
55,0,1,25.828,9.600,24.829,8.767
56,0,1,25.860,9.600,24.862,8.767
57,0,1,25.904,9.600,24.906,8.767
58,0,1,25.948,9.600,24.949,8.767
59,0,1,25.969,9.600,24.971,8.767
60,0,1,26.013,9.600,25.015,8.767
61,0,1,26.035,9.600,25.037,8.767
62,0,1,26.067,9.600,25.069,8.767
63,0,1,26.100,9.578,25.102,8.745
64,0,1,26.144,9.578,25.146,8.745
65,0,1,26.166,9.578,25.168,8.745
66,0,1,26.187,9.578,25.189,8.745
67,0,1,26.231,9.556,25.233,8.723
68,0,1,26.242,9.556,25.244,8.723
69,0,1,26.275,9.556,25.277,8.723
70,0,1,26.297,9.556,25.299,8.723
71,0,1,26.329,9.556,25.331,8.723
72,0,1,26.362,9.534,25.364,8.702
73,0,1,26.373,9.534,25.375,8.702
74,0,1,26.417,9.534,25.419,8.702
75,0,1,26.449,9.534,25.451,8.702
76,0,1,26.460,9.534,25.462,8.702
77,0,1,26.504,9.534,25.506,8.702
78,0,1,26.536,9.534,25.538,8.702
79,0,1,26.580,9.534,25.582,8.702
80,0,1,26.602,9.556,25.604,8.723
81,0,1,26.645,9.556,25.647,8.723
82,0,1,26.667,9.577,25.669,8.745
83,0,1,26.689,9.577,25.691,8.745
84,0,1,26.711,9.577,25.713,8.745
85,0,1,26.754,9.599,25.756,8.766
86,0,1,26.765,9.599,25.767,8.766
87,0,1,26.819,9.599,25.822,8.766
88,0,1,26.830,9.599,25.832,8.766
89,0,1,26.863,9.599,25.865,8.766
90,0,1,26.885,9.599,25.887,8.766
91,0,1,26.928,9.599,25.930,8.766
92,0,1,26.939,9.599,25.941,8.766
93,0,1,26.972,9.599,25.974,8.766
94,0,1,27.015,9.599,26.018,8.766
95,0,1,27.048,9.599,26.050,8.766
96,0,1,27.103,9.599,26.105,8.766
97,0,1,27.135,9.599,26.138,8.766
98,0,1,27.168,9.598,26.170,8.766
99,0,1,27.212,9.598,26.214,8.766
100,0,1,27.255,9.598,26.257,8.766
101,0,1,27.277,9.598,26.279,8.766
102,0,1,27.321,9.577,26.323,8.744
103,0,1,27.331,9.577,26.334,8.744
104,0,1,27.375,9.577,26.377,8.744
105,0,1,27.408,9.577,26.410,8.744
106,0,1,27.451,9.576,26.454,8.744
107,0,1,27.473,9.555,26.476,8.722
108,0,1,27.517,9.555,26.519,8.722
109,0,1,27.538,9.555,26.541,8.722
110,0,1,27.571,9.555,26.574,8.722
111,0,1,27.625,9.576,26.628,8.744
112,0,1,27.636,9.576,26.639,8.744
113,0,1,27.691,9.576,26.693,8.744
114,0,1,27.734,9.576,26.737,8.744
115,0,1,27.745,9.576,26.748,8.744
116,0,1,27.789,9.576,26.791,8.744
117,0,1,27.821,9.598,26.824,8.765
118,0,1,27.865,9.598,26.867,8.765
119,0,1,27.887,9.598,26.889,8.765
120,0,1,27.908,9.598,26.911,8.765
121,0,1,27.952,9.598,26.955,8.765
122,0,1,27.985,9.619,26.987,8.787
123,0,1,28.017,9.619,27.020,8.787
124,0,1,28.061,9.619,27.063,8.787
125,0,1,28.093,9.619,27.096,8.787
126,0,1,28.126,9.619,27.129,8.787
127,0,1,28.170,9.641,27.172,8.808
128,0,1,28.202,9.651,27.183,8.841
129,0,1,28.191,9.651,27.194,8.830
130,0,1,28.224,9.662,27.226,8.841
131,0,1,28.278,9.651,27.281,8.830
132,0,1,28.289,9.662,27.292,8.841
133,0,1,28.344,9.651,27.346,8.830
134,0,1,28.354,9.662,27.357,8.841
135,0,1,28.387,9.651,27.390,8.830
136,0,1,28.420,9.662,27.422,8.841
137,0,1,28.474,9.651,27.477,8.830
138,0,1,28.507,9.640,27.510,8.819
139,0,1,28.540,9.629,27.542,8.808
140,0,1,28.572,9.640,27.575,8.819
141,0,1,28.605,9.629,27.608,8.808
142,0,1,28.638,9.640,27.640,8.819
143,0,1,28.692,9.629,27.695,8.808
144,0,1,28.725,9.640,27.727,8.819
145,0,1,28.757,9.651,27.760,8.829
146,0,1,28.790,9.640,27.793,8.819
147,0,1,28.822,9.651,27.825,8.829
148,0,1,28.855,9.661,27.858,8.840
149,0,1,28.888,9.672,27.890,8.851
150,0,1,28.920,9.683,27.923,8.862
151,0,1,28.953,9.672,27.956,8.851
152,0,1,28.964,9.683,27.967,8.862
153,0,1,29.018,9.694,28.021,8.872
154,0,1,29.051,9.704,28.054,8.883
155,0,1,29.105,9.694,28.108,8.872
156,0,1,29.116,9.704,28.119,8.883
157,0,1,29.170,9.693,28.173,8.872
158,0,1,29.181,9.704,28.184,8.883
159,0,1,29.236,9.693,28.239,8.872
160,0,1,29.246,9.704,28.249,8.883
161,0,1,29.301,9.693,28.304,8.872
162,0,1,29.334,9.682,28.337,8.861
163,0,1,29.388,9.672,28.391,8.850
164,0,1,29.421,9.682,28.424,8.861
165,0,1,29.475,9.671,28.478,8.850
166,0,1,29.508,9.661,28.511,8.840
167,0,1,29.562,9.628,28.565,8.807
168,0,1,29.595,9.639,28.598,8.818
169,0,1,29.649,9.606,28.652,8.785
170,0,1,29.682,9.617,28.685,8.796
171,0,1,29.736,9.606,28.739,8.785
172,0,1,29.769,9.595,28.772,8.774
173,0,1,29.802,9.585,28.805,8.764
174,0,1,29.834,9.574,28.838,8.753
175,0,1,29.867,9.563,28.870,8.742
176,0,1,29.900,9.552,28.903,8.731
177,0,1,29.954,9.563,28.957,8.742
178,0,1,29.987,9.574,28.990,8.753
179,0,1,30.041,9.563,29.044,8.742
180,0,1,30.074,9.573,29.077,8.752
181,0,1,30.128,9.563,29.131,8.742
182,0,1,30.161,9.552,29.164,8.731
183,0,1,30.215,9.541,29.218,8.720
184,0,1,30.248,9.552,29.251,8.731
185,0,1,30.302,9.541,29.305,8.720
186,0,1,30.335,9.530,29.338,8.709
187,0,1,30.389,9.519,29.392,8.698
188,0,1,30.400,9.530,29.403,8.709
189,0,1,30.454,9.519,29.458,8.698
190,0,1,30.487,9.530,29.490,8.709
191,0,1,30.541,9.519,29.545,8.698
192,0,1,30.574,9.530,29.577,8.709
193,0,1,30.628,9.519,29.632,8.698
194,0,1,30.661,9.529,29.664,8.709
195,0,1,30.715,9.519,29.719,8.698
196,0,1,30.748,9.508,29.751,8.687
197,0,1,30.802,9.497,29.806,8.676
198,0,1,30.835,9.486,29.838,8.665
199,0,1,30.889,9.475,29.893,8.654
200,0,1,30.922,9.486,29.925,8.665
201,0,1,30.976,9.453,29.980,8.633
202,0,1,31.009,9.443,30.012,8.622
203,0,1,31.063,9.432,30.067,8.611
204,0,1,31.096,9.421,30.099,8.600
205,0,1,31.150,9.410,30.154,8.589
206,0,1,31.183,9.399,30.186,8.579
207,0,1,31.215,9.388,30.219,8.568
208,0,1,31.248,9.399,30.252,8.579
209,0,1,31.302,9.388,30.306,8.568
210,0,1,31.335,9.399,30.339,8.578
211,0,1,31.389,9.388,30.393,8.568
212,0,1,31.422,9.399,30.425,8.578
213,0,1,31.476,9.388,30.480,8.568
214,0,1,31.508,9.399,30.512,8.578
215,0,1,31.563,9.388,30.567,8.567
216,0,1,31.595,9.399,30.599,8.578
217,0,1,31.650,9.388,30.654,8.567
218,0,1,31.660,9.399,30.664,8.578
219,0,1,31.715,9.388,30.719,8.567
220,0,1,31.726,9.399,30.730,8.578
221,0,1,31.780,9.409,30.784,8.589
222,0,1,31.812,9.420,30.816,8.600
223,0,1,31.845,9.409,30.849,8.589
224,0,1,31.878,9.420,30.882,8.600
225,0,1,31.932,9.409,30.936,8.589
226,0,1,31.964,9.398,30.969,8.578
227,0,1,32.019,9.387,31.023,8.567
228,0,1,32.051,9.398,31.055,8.578
229,0,1,32.084,9.387,31.088,8.567
230,0,1,32.116,9.398,31.121,8.578
231,0,1,32.171,9.387,31.175,8.567
232,0,1,32.203,9.398,31.207,8.578
233,0,1,32.258,9.365,31.262,8.545
234,0,1,32.290,9.376,31.294,8.556
235,0,1,32.345,9.365,31.349,8.545
236,0,1,32.355,9.376,31.360,8.556
237,0,1,32.388,9.344,31.392,8.524
238,0,1,32.421,9.333,31.425,8.513
239,0,1,32.453,9.322,31.457,8.502
240,0,1,32.486,9.311,31.490,8.491
241,0,1,32.540,9.300,31.544,8.480
242,0,1,32.573,9.311,31.577,8.491
243,0,1,32.605,9.300,31.610,8.480
244,0,1,32.638,9.311,31.642,8.491
245,0,1,32.692,9.300,31.696,8.480
246,0,1,32.725,9.311,31.729,8.491
247,0,1,32.779,9.300,31.783,8.480
248,0,1,32.811,9.311,31.816,8.491
249,0,1,32.866,9.300,31.870,8.480
250,0,1,32.876,9.311,31.881,8.491
251,0,1,32.931,9.300,31.935,8.480
252,0,1,32.963,9.311,31.968,8.491
253,0,1,32.996,9.300,32.000,8.480
254,0,1,33.028,9.311,32.033,8.491
255,0,1,33.061,9.300,32.065,8.480
256,0,1,33.093,9.311,32.098,8.491
257,0,1,33.148,9.300,32.152,8.480
258,0,1,33.180,9.310,32.185,8.490
259,0,1,33.213,9.300,32.217,8.480
260,0,1,33.245,9.310,32.250,8.490
261,0,1,33.299,9.321,32.304,8.501
262,0,1,33.332,9.332,32.337,8.512
263,0,1,33.386,9.321,32.391,8.501
264,0,1,33.419,9.310,32.423,8.490
265,0,1,33.473,9.299,32.478,8.479
266,0,1,33.506,9.288,32.510,8.469
267,0,1,33.538,9.278,32.543,8.458
268,0,1,33.571,9.288,32.575,8.469
269,0,1,33.625,9.278,32.630,8.458
270,0,1,33.636,9.288,32.641,8.469
271,0,1,33.668,9.256,32.673,8.436
272,0,1,33.679,9.245,32.684,8.425
273,0,1,33.712,9.234,32.717,8.414
274,0,1,33.744,9.223,32.749,8.404
275,0,1,33.799,9.213,32.803,8.393
276,0,1,33.831,9.223,32.836,8.404
277,0,1,33.864,9.213,32.869,8.393
278,0,1,33.918,9.223,32.923,8.403
279,0,1,33.972,9.212,32.977,8.393
280,0,1,34.005,9.223,33.010,8.403
281,0,1,34.037,9.212,33.042,8.393
282,0,1,34.070,9.223,33.075,8.403
283,0,1,34.102,9.212,33.107,8.393
284,0,1,34.135,9.223,33.140,8.403
285,0,1,34.167,9.212,33.172,8.392
286,0,1,34.200,9.223,33.205,8.403
287,0,1,34.232,9.212,33.237,8.392
288,0,1,34.265,9.223,33.270,8.403
289,0,1,34.297,9.234,33.302,8.414
290,0,1,34.330,9.244,33.335,8.425
291,0,1,34.362,9.234,33.367,8.414
292,0,1,34.395,9.244,33.400,8.425
293,0,1,34.449,9.233,33.454,8.414
294,0,1,34.481,9.244,33.487,8.425
295,0,1,34.536,9.233,33.541,8.414
0,1,1,25.695,9.882,24.598,9.146
1,1,1,25.728,9.904,24.576,9.136
2,1,1,25.760,9.903,24.609,9.136
3,1,1,25.771,9.903,24.620,9.136
4,1,1,25.804,9.903,24.653,9.136
5,1,1,25.815,9.903,24.663,9.136
6,1,1,25.848,9.903,24.696,9.136
7,1,1,25.859,9.882,24.707,9.114
8,1,1,25.891,9.914,24.740,9.146
9,1,1,25.924,9.882,24.773,9.114
10,1,1,25.957,9.882,24.805,9.114
11,1,1,25.869,10.012,24.717,9.244
12,1,1,26.000,9.882,24.849,9.114
13,1,1,26.011,9.881,24.860,9.114
14,1,1,26.077,9.838,24.926,9.070
15,1,1,26.077,9.881,24.925,9.114
16,1,1,26.088,9.881,24.936,9.114
17,1,1,26.098,9.892,24.947,9.124
18,1,1,26.131,9.881,24.980,9.114
19,1,1,26.164,9.881,25.013,9.114
20,1,1,26.197,9.881,25.045,9.114
21,1,1,26.208,9.881,25.056,9.113
22,1,1,26.240,9.881,25.089,9.113
23,1,1,26.273,9.881,25.122,9.113
24,1,1,26.306,9.881,25.154,9.113
25,1,1,26.338,9.881,25.187,9.113
26,1,1,26.371,9.881,25.220,9.113
27,1,1,26.404,9.881,25.253,9.113
28,1,1,26.436,9.881,25.285,9.113
29,1,1,26.447,9.881,25.296,9.113
30,1,1,26.502,9.881,25.351,9.113
31,1,1,26.513,9.881,25.362,9.113
32,1,1,26.545,9.881,25.394,9.113
33,1,1,26.578,9.881,25.427,9.113
34,1,1,26.611,9.881,25.460,9.113
35,1,1,26.622,9.881,25.471,9.113
36,1,1,26.654,9.881,25.503,9.113
37,1,1,26.665,9.881,25.514,9.113
38,1,1,26.720,9.881,25.569,9.113
39,1,1,26.731,9.902,25.580,9.135
40,1,1,26.763,9.881,25.612,9.113
41,1,1,26.774,9.902,25.623,9.135
42,1,1,26.829,9.880,25.678,9.113
43,1,1,26.840,9.902,25.689,9.135
44,1,1,26.894,9.880,25.743,9.113
45,1,1,26.905,9.902,25.754,9.134
46,1,1,26.959,9.880,25.809,9.113
47,1,1,26.970,9.880,25.820,9.113
48,1,1,27.025,9.880,25.874,9.113
49,1,1,27.036,9.880,25.885,9.113
50,1,1,27.090,9.880,25.939,9.113
51,1,1,27.123,9.880,25.972,9.113
52,1,1,27.156,9.880,26.005,9.113
53,1,1,27.167,9.858,26.016,9.091
54,1,1,27.221,9.837,26.070,9.069
55,1,1,27.232,9.858,26.081,9.091
56,1,1,27.265,9.837,26.114,9.069
57,1,1,27.297,9.858,26.147,9.091
58,1,1,27.330,9.836,26.179,9.069
59,1,1,27.341,9.858,26.190,9.091
60,1,1,27.395,9.836,26.245,9.069
61,1,1,27.406,9.858,26.256,9.091
62,1,1,27.461,9.836,26.310,9.069
63,1,1,27.472,9.858,26.321,9.091
64,1,1,27.526,9.836,26.376,9.069
65,1,1,27.559,9.858,26.408,9.090
66,1,1,27.591,9.858,26.441,9.090
67,1,1,27.624,9.858,26.474,9.090
68,1,1,27.657,9.858,26.506,9.090
69,1,1,27.689,9.858,26.539,9.090
70,1,1,27.722,9.858,26.572,9.090
71,1,1,27.755,9.858,26.604,9.090
72,1,1,27.787,9.858,26.637,9.090
73,1,1,27.798,9.858,26.648,9.090
74,1,1,27.853,9.879,26.702,9.112
75,1,1,27.863,9.901,26.713,9.133
76,1,1,27.896,9.879,26.746,9.112
77,1,1,27.907,9.901,26.757,9.133
78,1,1,27.961,9.879,26.811,9.112
79,1,1,27.972,9.901,26.822,9.133
80,1,1,28.027,9.879,26.876,9.112
81,1,1,28.038,9.901,26.887,9.133
82,1,1,28.092,9.879,26.942,9.112
83,1,1,28.125,9.900,26.974,9.133
84,1,1,28.157,9.879,27.007,9.112
85,1,1,28.190,9.900,27.040,9.133
86,1,1,28.223,9.879,27.073,9.111
87,1,1,28.255,9.900,27.105,9.133
88,1,1,28.310,9.879,27.160,9.111
89,1,1,28.321,9.879,27.171,9.111
90,1,1,28.375,9.878,27.225,9.111
91,1,1,28.386,9.878,27.236,9.111
92,1,1,28.419,9.878,27.269,9.111
93,1,1,28.451,9.878,27.301,9.111
94,1,1,28.484,9.878,27.334,9.111
95,1,1,28.495,9.878,27.345,9.111
96,1,1,28.549,9.878,27.399,9.111
97,1,1,28.560,9.878,27.410,9.111
98,1,1,28.593,9.878,27.443,9.111
99,1,1,28.625,9.878,27.475,9.111
100,1,1,28.658,9.878,27.508,9.111
101,1,1,28.691,9.878,27.541,9.111
102,1,1,28.745,9.878,27.595,9.111
103,1,1,28.756,9.878,27.606,9.111
104,1,1,28.810,9.878,27.661,9.111
105,1,1,28.843,9.878,27.693,9.111
106,1,1,28.876,9.878,27.726,9.111
107,1,1,28.908,9.899,27.758,9.132
108,1,1,28.941,9.878,27.791,9.111
109,1,1,28.974,9.899,27.824,9.132
110,1,1,29.028,9.878,27.878,9.111
111,1,1,29.061,9.899,27.911,9.132
112,1,1,29.093,9.899,27.943,9.132
113,1,1,29.104,9.899,27.954,9.132
114,1,1,29.159,9.899,28.009,9.132
115,1,1,29.169,9.899,28.020,9.132
116,1,1,29.224,9.899,28.074,9.132
117,1,1,29.235,9.899,28.085,9.132
118,1,1,29.289,9.899,28.139,9.132
119,1,1,29.300,9.899,28.150,9.132
120,1,1,29.354,9.899,28.205,9.132
121,1,1,29.387,9.899,28.237,9.132
122,1,1,29.420,9.899,28.270,9.132
123,1,1,29.452,9.899,28.303,9.132
124,1,1,29.507,9.877,28.357,9.110
125,1,1,29.539,9.899,28.390,9.132
126,1,1,29.594,9.877,28.444,9.110
127,1,1,29.626,9.899,28.477,9.132
128,1,1,29.561,9.888,28.401,9.110
129,1,1,29.550,9.877,28.401,9.110
130,1,1,29.583,9.877,28.433,9.110
131,1,1,29.616,9.877,28.466,9.110
132,1,1,29.648,9.877,28.499,9.110
133,1,1,29.703,9.877,28.553,9.110
134,1,1,29.735,9.877,28.586,9.110
135,1,1,29.768,9.877,28.618,9.110
136,1,1,29.800,9.877,28.651,9.110
137,1,1,29.855,9.877,28.705,9.110
138,1,1,29.887,9.877,28.738,9.110
139,1,1,29.942,9.898,28.792,9.131
140,1,1,29.974,9.876,28.825,9.110
141,1,1,30.007,9.898,28.858,9.131
142,1,1,30.040,9.876,28.890,9.110
143,1,1,30.094,9.898,28.945,9.131
144,1,1,30.126,9.898,28.977,9.131
145,1,1,30.159,9.898,29.010,9.131
146,1,1,30.192,9.898,29.042,9.131
147,1,1,30.246,9.898,29.097,9.131
148,1,1,30.279,9.898,29.129,9.131
149,1,1,30.311,9.898,29.162,9.131
150,1,1,30.344,9.898,29.195,9.131
151,1,1,30.398,9.898,29.249,9.131
152,1,1,30.409,9.898,29.260,9.131
153,1,1,30.463,9.897,29.314,9.131
154,1,1,30.496,9.897,29.347,9.131
155,1,1,30.550,9.897,29.401,9.131
156,1,1,30.583,9.919,29.434,9.152
157,1,1,30.637,9.940,29.488,9.174
158,1,1,30.670,9.919,29.521,9.152
159,1,1,30.702,9.940,29.553,9.174
160,1,1,30.735,9.919,29.586,9.152
161,1,1,30.789,9.940,29.640,9.174
162,1,1,30.822,9.919,29.673,9.152
163,1,1,30.876,9.940,29.727,9.174
164,1,1,30.909,9.918,29.760,9.152
165,1,1,30.941,9.940,29.793,9.174
166,1,1,30.974,9.940,29.825,9.174
167,1,1,31.007,9.940,29.858,9.173
168,1,1,31.039,9.940,29.890,9.173
169,1,1,31.072,9.940,29.923,9.173
170,1,1,31.104,9.962,29.956,9.195
171,1,1,31.159,9.983,30.010,9.217
172,1,1,31.191,9.983,30.042,9.217
173,1,1,31.224,9.983,30.075,9.217
174,1,1,31.256,9.983,30.108,9.216
175,1,1,31.289,9.983,30.140,9.216
176,1,1,31.322,10.004,30.173,9.238
177,1,1,31.354,10.026,30.205,9.260
178,1,1,31.387,10.004,30.238,9.238
179,1,1,31.419,10.026,30.270,9.260
180,1,1,31.452,10.026,30.303,9.260
181,1,1,31.484,10.026,30.336,9.259
182,1,1,31.517,10.026,30.368,9.259
183,1,1,31.550,10.026,30.401,9.259
184,1,1,31.582,10.026,30.433,9.259
185,1,1,31.615,10.026,30.466,9.259
186,1,1,31.647,10.026,30.499,9.259
187,1,1,31.702,10.026,30.553,9.259
188,1,1,31.712,10.026,30.564,9.259
189,1,1,31.745,10.026,30.596,9.259
190,1,1,31.778,10.026,30.629,9.259
191,1,1,31.832,10.025,30.683,9.259
192,1,1,31.865,10.004,30.716,9.237
193,1,1,31.897,10.025,30.749,9.259
194,1,1,31.930,10.004,30.781,9.237
195,1,1,31.984,10.025,30.836,9.259
196,1,1,32.017,10.004,30.868,9.237
197,1,1,32.049,10.004,30.901,9.237
198,1,1,32.082,10.003,30.933,9.237
199,1,1,32.136,10.003,30.988,9.237
200,1,1,32.169,10.003,31.020,9.237
201,1,1,32.223,10.003,31.075,9.237
202,1,1,32.234,10.003,31.085,9.237
203,1,1,32.288,10.003,31.140,9.237
204,1,1,32.321,10.003,31.172,9.237
205,1,1,32.375,10.003,31.227,9.237
206,1,1,32.386,10.003,31.238,9.237
207,1,1,32.418,10.003,31.270,9.237
208,1,1,32.451,10.003,31.303,9.237
209,1,1,32.483,10.003,31.335,9.237
210,1,1,32.516,10.003,31.368,9.237
211,1,1,32.549,10.003,31.400,9.237
212,1,1,32.581,10.003,31.433,9.237
213,1,1,32.614,10.003,31.466,9.237
214,1,1,32.646,10.003,31.498,9.237
215,1,1,32.679,10.003,31.531,9.237
216,1,1,32.711,10.003,31.563,9.237
217,1,1,32.766,10.003,31.618,9.236
218,1,1,32.777,10.003,31.628,9.236
219,1,1,32.831,10.002,31.683,9.236
220,1,1,32.842,10.002,31.694,9.236
221,1,1,32.896,10.002,31.748,9.236
222,1,1,32.907,10.002,31.759,9.236
223,1,1,32.961,10.002,31.813,9.236
224,1,1,32.994,10.002,31.846,9.236
225,1,1,33.026,10.002,31.878,9.236
226,1,1,33.059,9.981,31.911,9.215
227,1,1,33.091,9.959,31.944,9.193
228,1,1,33.124,9.980,31.976,9.215
229,1,1,33.178,9.959,32.030,9.193
230,1,1,33.189,9.959,32.041,9.193
231,1,1,33.243,9.959,32.095,9.193
232,1,1,33.276,9.959,32.128,9.193
233,1,1,33.330,9.959,32.182,9.193
234,1,1,33.363,9.959,32.215,9.193
235,1,1,33.395,9.937,32.248,9.171
236,1,1,33.428,9.915,32.280,9.149
237,1,1,33.482,9.937,32.334,9.171
238,1,1,33.515,9.915,32.367,9.149
239,1,1,33.547,9.937,32.399,9.171
240,1,1,33.558,9.915,32.410,9.149
241,1,1,33.612,9.937,32.465,9.171
242,1,1,33.645,9.915,32.497,9.149
243,1,1,33.677,9.915,32.530,9.149
244,1,1,33.688,9.915,32.541,9.149
245,1,1,33.742,9.915,32.595,9.149
246,1,1,33.775,9.915,32.627,9.149
247,1,1,33.807,9.915,32.660,9.149
248,1,1,33.840,9.915,32.693,9.149
249,1,1,33.894,9.915,32.747,9.149
250,1,1,33.905,9.915,32.758,9.149
251,1,1,33.959,9.936,32.812,9.170
252,1,1,33.992,9.915,32.844,9.149
253,1,1,34.024,9.936,32.877,9.170
254,1,1,34.057,9.936,32.909,9.170
255,1,1,34.111,9.936,32.964,9.170
256,1,1,34.122,9.914,32.975,9.149
257,1,1,34.154,9.936,33.007,9.170
258,1,1,34.165,9.914,33.018,9.149
259,1,1,34.219,9.936,33.072,9.170
260,1,1,34.230,9.914,33.083,9.149
261,1,1,34.263,9.914,33.116,9.148
262,1,1,34.295,9.914,33.148,9.148
263,1,1,34.328,9.914,33.181,9.148
264,1,1,34.360,9.914,33.213,9.148
265,1,1,34.415,9.892,33.268,9.127
266,1,1,34.447,9.871,33.300,9.105
267,1,1,34.502,9.871,33.354,9.105
268,1,1,34.534,9.871,33.387,9.105
269,1,1,34.567,9.871,33.419,9.105
270,1,1,34.599,9.871,33.452,9.105
271,1,1,34.653,9.870,33.506,9.105
272,1,1,34.686,9.849,33.539,9.083
273,1,1,34.718,9.849,33.571,9.083
274,1,1,34.729,9.849,33.582,9.083
275,1,1,34.783,9.849,33.636,9.083
276,1,1,34.794,9.849,33.647,9.083
277,1,1,34.827,9.849,33.680,9.083
278,1,1,34.859,9.849,33.712,9.083
279,1,1,34.892,9.849,33.745,9.083
280,1,1,34.903,9.849,33.756,9.083
281,1,1,34.957,9.848,33.810,9.083
282,1,1,34.989,9.848,33.842,9.083
283,1,1,35.022,9.848,33.875,9.083
284,1,1,35.054,9.848,33.907,9.083
285,1,1,35.108,9.870,33.962,9.104
286,1,1,35.141,9.870,33.994,9.104
287,1,1,35.173,9.870,34.027,9.104
288,1,1,35.206,9.870,34.059,9.104
289,1,1,35.260,9.870,34.113,9.104
290,1,1,35.271,9.891,34.124,9.126
291,1,1,35.325,9.870,34.178,9.104
292,1,1,35.358,9.891,34.211,9.126
293,1,1,35.390,9.870,34.243,9.104
294,1,1,35.401,9.891,34.254,9.126
295,1,1,35.455,9.869,34.308,9.104
0,2,1,24.917,10.522,23.884,9.797
1,2,1,24.949,10.544,23.874,9.787
2,2,1,24.971,10.544,23.895,9.787
3,2,1,24.993,10.544,23.917,9.787
4,2,1,25.015,10.544,23.939,9.787
5,2,1,25.037,10.544,23.961,9.787
6,2,1,25.069,10.544,23.994,9.787
7,2,1,25.080,10.544,24.005,9.786
8,2,1,25.113,10.533,24.037,9.776
9,2,1,25.124,10.544,24.048,9.786
10,2,1,25.157,10.533,24.081,9.776
12,2,1,25.146,10.522,24.070,9.765
13,2,1,25.168,10.533,24.092,9.776
14,2,1,25.189,10.544,24.114,9.786
15,2,1,25.211,10.533,24.136,9.775
16,2,1,25.255,10.544,24.179,9.786
17,2,1,25.277,10.533,24.201,9.775
18,2,1,25.288,10.544,24.212,9.786
19,2,1,25.342,10.554,24.267,9.797
20,2,1,25.364,10.565,24.288,9.808
21,2,1,25.397,10.533,24.321,9.775
22,2,1,25.451,10.565,24.376,9.808
23,2,1,25.473,10.576,24.397,9.819
24,2,1,25.527,10.608,24.452,9.851
25,2,1,25.538,10.576,24.463,9.818
26,2,1,25.560,10.587,24.485,9.829
27,2,1,25.593,10.586,24.517,9.829
28,2,1,25.647,10.608,24.572,9.851
29,2,1,25.669,10.619,24.594,9.862
30,2,1,25.713,10.630,24.637,9.872
31,2,1,25.734,10.619,24.659,9.862
32,2,1,25.756,10.630,24.681,9.872
33,2,1,25.778,10.619,24.703,9.861
34,2,1,25.822,10.630,24.746,9.872
35,2,1,25.844,10.619,24.768,9.861
36,2,1,25.865,10.629,24.790,9.872
37,2,1,25.909,10.619,24.834,9.861
38,2,1,25.953,10.629,24.877,9.872
39,2,1,25.974,10.618,24.899,9.861
40,2,1,26.018,10.629,24.943,9.872
41,2,1,26.062,10.618,24.986,9.861
42,2,1,26.083,10.629,25.008,9.872
43,2,1,26.127,10.618,25.052,9.861
44,2,1,26.149,10.607,25.074,9.850
45,2,1,26.193,10.596,25.117,9.839
46,2,1,26.214,10.607,25.139,9.850
47,2,1,26.258,10.596,25.183,9.839
48,2,1,26.280,10.607,25.205,9.850
49,2,1,26.302,10.575,25.227,9.817
50,2,1,26.324,10.585,25.248,9.828
51,2,1,26.367,10.574,25.292,9.817
52,2,1,26.389,10.585,25.314,9.828
53,2,1,26.411,10.574,25.336,9.817
54,2,1,26.433,10.585,25.357,9.828
55,2,1,26.476,10.574,25.401,9.817
56,2,1,26.520,10.585,25.445,9.828
57,2,1,26.542,10.574,25.466,9.817
58,2,1,26.585,10.585,25.510,9.828
59,2,1,26.629,10.574,25.554,9.817
60,2,1,26.651,10.585,25.575,9.828
61,2,1,26.694,10.574,25.619,9.817
62,2,1,26.716,10.585,25.641,9.828
63,2,1,26.760,10.574,25.685,9.817
64,2,1,26.781,10.585,25.706,9.828
65,2,1,26.825,10.574,25.750,9.817
66,2,1,26.869,10.585,25.794,9.828
67,2,1,26.912,10.574,25.837,9.817
68,2,1,26.934,10.584,25.859,9.828
69,2,1,26.978,10.574,25.903,9.817
70,2,1,26.999,10.584,25.924,9.827
71,2,1,27.043,10.573,25.968,9.817
72,2,1,27.065,10.584,25.990,9.827
73,2,1,27.108,10.573,26.033,9.816
74,2,1,27.130,10.562,26.055,9.806
75,2,1,27.174,10.552,26.099,9.795
76,2,1,27.217,10.562,26.143,9.805
77,2,1,27.239,10.551,26.164,9.795
78,2,1,27.283,10.562,26.208,9.805
79,2,1,27.326,10.551,26.252,9.795
80,2,1,27.370,10.562,26.295,9.805
81,2,1,27.392,10.551,26.317,9.794
82,2,1,27.435,10.562,26.361,9.805
83,2,1,27.457,10.551,26.382,9.794
84,2,1,27.501,10.540,26.426,9.783
85,2,1,27.544,10.529,26.470,9.773
86,2,1,27.566,10.540,26.491,9.783
87,2,1,27.610,10.529,26.535,9.773
88,2,1,27.631,10.540,26.557,9.783
89,2,1,27.653,10.529,26.579,9.772
90,2,1,27.697,10.540,26.622,9.783
91,2,1,27.719,10.529,26.644,9.772
92,2,1,27.762,10.540,26.688,9.783
93,2,1,27.784,10.529,26.709,9.772
94,2,1,27.828,10.540,26.753,9.783
95,2,1,27.871,10.529,26.797,9.772
96,2,1,27.893,10.518,26.818,9.761
97,2,1,27.937,10.507,26.862,9.750
98,2,1,27.958,10.496,26.884,9.740
99,2,1,28.002,10.485,26.928,9.729
100,2,1,28.024,10.496,26.949,9.740
101,2,1,28.046,10.485,26.971,9.729
102,2,1,28.089,10.474,27.015,9.718
103,2,1,28.111,10.464,27.037,9.707
104,2,1,28.155,10.474,27.080,9.718
105,2,1,28.176,10.463,27.102,9.707
106,2,1,28.220,10.453,27.146,9.696
107,2,1,28.242,10.442,27.168,9.685
108,2,1,28.285,10.452,27.211,9.696
109,2,1,28.307,10.420,27.233,9.663
110,2,1,28.351,10.431,27.276,9.674
111,2,1,28.373,10.420,27.298,9.663
112,2,1,28.394,10.409,27.320,9.652
113,2,1,28.438,10.398,27.364,9.642
114,2,1,28.460,10.387,27.386,9.631
115,2,1,28.503,10.376,27.429,9.620
116,2,1,28.525,10.387,27.451,9.631
117,2,1,28.569,10.376,27.495,9.620
118,2,1,28.591,10.365,27.516,9.609
119,2,1,28.634,10.354,27.560,9.598
120,2,1,28.656,10.365,27.582,9.609
121,2,1,28.678,10.354,27.604,9.598
122,2,1,28.721,10.344,27.647,9.587
123,2,1,28.743,10.333,27.669,9.576
124,2,1,28.787,10.343,27.713,9.587
125,2,1,28.808,10.333,27.734,9.576
126,2,1,28.830,10.322,27.756,9.565
127,2,1,28.874,10.311,27.800,9.554
128,2,1,28.939,10.354,27.876,9.533
129,2,1,28.939,10.322,27.876,9.554
130,2,1,28.972,10.322,27.909,9.554
131,2,1,29.004,10.321,27.941,9.554
132,2,1,29.037,10.321,27.974,9.554
133,2,1,29.070,10.300,28.007,9.533
134,2,1,29.102,10.300,28.039,9.533
135,2,1,29.135,10.300,28.072,9.532
136,2,1,29.168,10.300,28.105,9.532
137,2,1,29.200,10.278,28.138,9.511
138,2,1,29.211,10.278,28.148,9.511
139,2,1,29.244,10.278,28.181,9.511
140,2,1,29.277,10.278,28.214,9.511
141,2,1,29.309,10.278,28.246,9.511
142,2,1,29.342,10.278,28.279,9.511
143,2,1,29.374,10.278,28.312,9.511
144,2,1,29.407,10.278,28.344,9.511
145,2,1,29.440,10.278,28.377,9.510
146,2,1,29.472,10.278,28.410,9.510
147,2,1,29.527,10.277,28.464,9.510
148,2,1,29.559,10.277,28.497,9.510
149,2,1,29.592,10.256,28.529,9.489
150,2,1,29.625,10.256,28.562,9.489
151,2,1,29.657,10.256,28.595,9.489
152,2,1,29.690,10.256,28.627,9.489
153,2,1,29.723,10.256,28.660,9.489
154,2,1,29.755,10.255,28.693,9.488
155,2,1,29.810,10.255,28.747,9.488
156,2,1,29.820,10.255,28.758,9.488
157,2,1,29.875,10.255,28.812,9.488
158,2,1,29.886,10.255,28.823,9.488
159,2,1,29.940,10.255,28.878,9.488
160,2,1,29.973,10.255,28.910,9.488
161,2,1,30.027,10.255,28.965,9.488
162,2,1,30.060,10.255,28.997,9.488
163,2,1,30.092,10.255,29.030,9.488
164,2,1,30.125,10.255,29.063,9.488
165,2,1,30.158,10.277,29.095,9.510
166,2,1,30.190,10.276,29.128,9.510
167,2,1,30.244,10.276,29.182,9.510
168,2,1,30.255,10.298,29.193,9.531
169,2,1,30.288,10.298,29.226,9.531
170,2,1,30.321,10.298,29.258,9.531
171,2,1,30.353,10.298,29.291,9.531
172,2,1,30.386,10.298,29.323,9.531
173,2,1,30.418,10.319,29.356,9.553
174,2,1,30.451,10.319,29.389,9.553
175,2,1,30.483,10.319,29.421,9.553
176,2,1,30.516,10.341,29.454,9.574
177,2,1,30.549,10.341,29.486,9.574
178,2,1,30.581,10.363,29.519,9.596
179,2,1,30.614,10.362,29.552,9.596
180,2,1,30.646,10.384,29.584,9.617
181,2,1,30.701,10.406,29.638,9.639
182,2,1,30.711,10.406,29.649,9.639
183,2,1,30.766,10.427,29.703,9.660
184,2,1,30.798,10.427,29.736,9.660
185,2,1,30.831,10.449,29.769,9.682
186,2,1,30.863,10.470,29.801,9.704
187,2,1,30.918,10.492,29.855,9.725
188,2,1,30.928,10.492,29.866,9.725
189,2,1,30.983,10.492,29.921,9.725
190,2,1,30.994,10.513,29.931,9.747
191,2,1,31.048,10.513,29.986,9.747
192,2,1,31.059,10.535,29.997,9.768
193,2,1,31.091,10.535,30.029,9.768
194,2,1,31.124,10.556,30.062,9.790
195,2,1,31.178,10.556,30.116,9.790
196,2,1,31.211,10.578,30.149,9.811
197,2,1,31.243,10.578,30.181,9.811
198,2,1,31.276,10.578,30.214,9.811
199,2,1,31.308,10.599,30.246,9.833
200,2,1,31.341,10.599,30.279,9.833
201,2,1,31.374,10.599,30.312,9.833
202,2,1,31.406,10.621,30.344,9.854
203,2,1,31.439,10.621,30.377,9.854
204,2,1,31.471,10.621,30.409,9.854
205,2,1,31.504,10.621,30.442,9.854
206,2,1,31.536,10.621,30.475,9.854
207,2,1,31.569,10.621,30.507,9.854
208,2,1,31.602,10.621,30.540,9.854
209,2,1,31.634,10.642,30.572,9.876
210,2,1,31.645,10.642,30.583,9.876
211,2,1,31.678,10.642,30.616,9.876
212,2,1,31.689,10.642,30.627,9.876
213,2,1,31.721,10.664,30.659,9.897
214,2,1,31.732,10.664,30.670,9.897
215,2,1,31.764,10.685,30.703,9.919
216,2,1,31.775,10.685,30.713,9.919
217,2,1,31.808,10.685,30.746,9.919
218,2,1,31.819,10.685,30.757,9.919
219,2,1,31.851,10.707,30.789,9.940
220,2,1,31.862,10.707,30.800,9.940
221,2,1,31.873,10.728,30.811,9.962
223,2,1,31.862,10.718,30.800,9.951
224,2,1,31.895,10.718,30.833,9.951
225,2,1,31.905,10.718,30.844,9.951
226,2,1,31.938,10.718,30.876,9.951
227,2,1,31.949,10.717,30.887,9.951
228,2,1,31.981,10.739,30.920,9.973
229,2,1,32.014,10.761,30.952,9.994
230,2,1,32.025,10.761,30.963,9.994
231,2,1,32.014,10.782,30.952,10.016
232,2,1,31.981,10.826,30.919,10.059
233,2,1,31.970,10.847,30.908,10.081
234,2,1,31.959,10.847,30.897,10.081
235,2,1,32.242,10.858,31.289,10.059
236,2,1,32.589,10.835,31.550,10.037
237,2,1,32.752,10.835,31.702,10.004
238,2,1,32.741,10.803,31.702,10.036
239,2,1,32.774,10.803,31.734,10.036
240,2,1,32.785,10.803,31.745,10.036
241,2,1,32.817,10.803,31.778,10.036
242,2,1,32.828,10.781,31.789,10.015
243,2,1,32.882,10.803,31.843,10.036
244,2,1,32.915,10.781,31.875,10.015
245,2,1,32.948,10.802,31.908,10.036
246,2,1,32.980,10.781,31.941,10.014
247,2,1,33.013,10.781,31.973,10.014
248,2,1,33.045,10.781,32.006,10.014
249,2,1,33.078,10.781,32.038,10.014
250,2,1,33.111,10.781,32.071,10.014
251,2,1,33.143,10.781,32.103,10.014
252,2,1,33.176,10.780,32.136,10.014
253,2,1,33.208,10.780,32.169,10.014
254,2,1,33.219,10.780,32.179,10.014
255,2,1,33.273,10.780,32.234,10.014
256,2,1,33.306,10.780,32.266,10.014
257,2,1,33.360,10.780,32.321,10.014
258,2,1,33.393,10.780,32.353,10.014
259,2,1,33.447,10.780,32.407,10.014
260,2,1,33.479,10.780,32.440,10.014
261,2,1,33.512,10.780,32.473,10.014
262,2,1,33.545,10.780,32.505,10.014
263,2,1,33.599,10.780,32.559,10.014
264,2,1,33.631,10.780,32.592,10.014
265,2,1,33.664,10.780,32.625,10.014
266,2,1,33.696,10.780,32.657,10.014
267,2,1,33.751,10.780,32.711,10.013
268,2,1,33.783,10.780,32.744,10.013
269,2,1,33.816,10.758,32.777,9.992
270,2,1,33.848,10.736,32.809,9.970
271,2,1,33.903,10.736,32.863,9.970
272,2,1,33.935,10.736,32.896,9.970
273,2,1,33.968,10.736,32.929,9.970
274,2,1,34.000,10.714,32.961,9.948
275,2,1,34.033,10.693,32.994,9.927
276,2,1,34.066,10.693,33.026,9.927
277,2,1,34.120,10.692,33.081,9.927
278,2,1,34.131,10.692,33.091,9.926
279,2,1,34.185,10.671,33.146,9.905
280,2,1,34.196,10.649,33.157,9.883
281,2,1,34.250,10.649,33.211,9.883
282,2,1,34.261,10.627,33.222,9.861
283,2,1,34.294,10.606,33.254,9.840
284,2,1,34.326,10.606,33.287,9.840
285,2,1,34.380,10.606,33.341,9.840
286,2,1,34.413,10.606,33.374,9.840
287,2,1,34.445,10.584,33.406,9.818
288,2,1,34.478,10.562,33.439,9.796
289,2,1,34.511,10.562,33.472,9.796
290,2,1,34.543,10.562,33.504,9.796
291,2,1,34.597,10.562,33.558,9.796
292,2,1,34.608,10.540,33.569,9.775
293,2,1,34.662,10.519,33.624,9.753
294,2,1,34.695,10.540,33.656,9.774
295,2,1,34.749,10.519,33.710,9.753
0,3,1,24.487,11.185,23.487,10.481
1,3,1,24.520,11.206,23.476,10.470
2,3,1,24.541,11.206,23.498,10.470
3,3,1,24.563,11.206,23.520,10.470
4,3,1,24.585,11.206,23.542,10.470
5,3,1,24.618,11.217,23.574,10.481
6,3,1,24.640,11.228,23.596,10.492
7,3,1,24.672,11.228,23.629,10.492
8,3,1,24.683,11.228,23.640,10.492
9,3,1,24.727,11.239,23.683,10.503
10,3,1,24.749,11.249,23.705,10.513
12,3,1,24.727,11.239,23.683,10.503
13,3,1,24.749,11.228,23.705,10.492
14,3,1,24.782,11.217,23.738,10.481
15,3,1,24.792,11.238,23.749,10.503
16,3,1,24.847,11.217,23.804,10.481
17,3,1,24.858,11.228,23.814,10.492
18,3,1,24.891,11.217,23.847,10.481
19,3,1,24.923,11.227,23.880,10.491
20,3,1,24.956,11.216,23.913,10.481
21,3,1,24.989,11.227,23.945,10.491
22,3,1,25.022,11.216,23.978,10.480
23,3,1,25.054,11.227,24.011,10.491
24,3,1,25.087,11.216,24.044,10.480
25,3,1,25.120,11.249,24.076,10.513
26,3,1,25.174,11.238,24.131,10.502
27,3,1,25.196,11.259,24.153,10.524
28,3,1,25.240,11.238,24.197,10.502
29,3,1,25.251,11.249,24.207,10.513
30,3,1,25.305,11.238,24.262,10.502
31,3,1,25.316,11.248,24.273,10.513
32,3,1,25.349,11.259,24.306,10.523
33,3,1,25.382,11.270,24.338,10.534
34,3,1,25.414,11.281,24.371,10.545
35,3,1,25.447,11.292,24.404,10.556
36,3,1,25.480,11.302,24.436,10.567
37,3,1,25.512,11.335,24.469,10.599
38,3,1,25.545,11.324,24.502,10.588
39,3,1,25.578,11.335,24.534,10.599
40,3,1,25.632,11.324,24.589,10.588
41,3,1,25.665,11.335,24.622,10.599
42,3,1,25.698,11.302,24.655,10.566
43,3,1,25.730,11.313,24.687,10.577
44,3,1,25.785,11.302,24.742,10.566
45,3,1,25.796,11.313,24.753,10.577
46,3,1,25.850,11.302,24.807,10.566
47,3,1,25.883,11.312,24.840,10.577
48,3,1,25.916,11.302,24.873,10.566
49,3,1,25.927,11.312,24.884,10.577
50,3,1,25.960,11.280,24.917,10.544
51,3,1,25.992,11.269,24.949,10.533
52,3,1,26.025,11.258,24.982,10.522
53,3,1,26.058,11.247,25.015,10.511
54,3,1,26.113,11.236,25.070,10.501
55,3,1,26.145,11.247,25.102,10.511
56,3,1,26.178,11.236,25.135,10.500
57,3,1,26.211,11.247,25.168,10.511
58,3,1,26.265,11.236,25.222,10.500
59,3,1,26.298,11.247,25.255,10.511
60,3,1,26.331,11.236,25.288,10.500
61,3,1,26.363,11.247,25.321,10.511
62,3,1,26.418,11.257,25.375,10.522
63,3,1,26.451,11.268,25.408,10.533
64,3,1,26.505,11.279,25.462,10.543
65,3,1,26.538,11.290,25.495,10.554
66,3,1,26.570,11.279,25.528,10.543
67,3,1,26.603,11.290,25.560,10.554
68,3,1,26.636,11.300,25.593,10.565
69,3,1,26.668,11.333,25.626,10.597
70,3,1,26.701,11.344,25.658,10.608
71,3,1,26.733,11.376,25.691,10.641
72,3,1,26.788,11.387,25.745,10.651
73,3,1,26.820,11.419,25.778,10.684
74,3,1,26.853,11.430,25.810,10.695
75,3,1,26.886,11.441,25.843,10.705
76,3,1,26.918,11.430,25.876,10.694
77,3,1,26.951,11.441,25.908,10.705
78,3,1,27.006,11.430,25.963,10.694
79,3,1,27.038,11.441,25.996,10.705
80,3,1,27.071,11.430,26.028,10.694
81,3,1,27.104,11.440,26.061,10.705
82,3,1,27.136,11.430,26.094,10.694
83,3,1,27.169,11.440,26.127,10.705
84,3,1,27.202,11.451,26.159,10.716
85,3,1,27.234,11.462,26.192,10.726
86,3,1,27.267,11.451,26.225,10.716
87,3,1,27.300,11.440,26.257,10.705
88,3,1,27.333,11.429,26.290,10.694
89,3,1,27.365,11.418,26.323,10.683
90,3,1,27.398,11.407,26.356,10.672
91,3,1,27.431,11.418,26.388,10.683
92,3,1,27.485,11.429,26.443,10.694
93,3,1,27.518,11.461,26.475,10.726
94,3,1,27.551,11.450,26.508,10.715
95,3,1,27.583,11.483,26.541,10.748
96,3,1,27.638,11.472,26.595,10.737
97,3,1,27.648,11.505,26.606,10.769
98,3,1,27.703,11.515,26.660,10.780
99,3,1,27.735,11.526,26.693,10.791
100,3,1,27.768,11.537,26.726,10.802
101,3,1,27.801,11.569,26.758,10.834
102,3,1,27.855,11.580,26.813,10.845
103,3,1,27.866,11.591,26.823,10.856
104,3,1,27.920,11.580,26.878,10.845
105,3,1,27.931,11.612,26.889,10.877
106,3,1,27.985,11.623,26.943,10.888
107,3,1,27.996,11.677,26.954,10.942
108,3,1,28.050,11.710,27.008,10.974
109,3,1,28.083,11.742,27.041,11.007
110,3,1,28.116,11.753,27.073,11.018
111,3,1,28.148,11.764,27.106,11.029
112,3,1,28.181,11.775,27.139,11.039
113,3,1,28.213,11.785,27.171,11.050
114,3,1,28.268,11.774,27.226,11.039
115,3,1,28.300,11.807,27.258,11.072
116,3,1,28.355,11.796,27.313,11.061
117,3,1,28.388,11.807,27.345,11.071
118,3,1,28.420,11.796,27.378,11.061
119,3,1,28.453,11.807,27.411,11.071
120,3,1,28.507,11.817,27.465,11.082
121,3,1,28.540,11.828,27.498,11.093
122,3,1,28.573,11.839,27.531,11.104
123,3,1,28.605,11.850,27.563,11.114
124,3,1,28.638,11.839,27.596,11.104
125,3,1,28.671,11.849,27.629,11.114
126,3,1,28.725,11.817,27.683,11.082
127,3,1,28.758,11.806,27.716,11.071
128,3,1,28.791,11.795,27.749,11.060
129,3,1,28.823,11.827,27.781,11.092
130,3,1,28.878,11.838,27.836,11.103
131,3,1,28.888,11.849,27.846,11.114
132,3,1,28.943,11.838,27.901,11.103
133,3,1,28.975,11.849,27.934,11.114
134,3,1,29.008,11.860,27.966,11.125
135,3,1,29.041,11.870,27.999,11.135
136,3,1,29.095,11.881,28.053,11.146
137,3,1,29.106,11.914,28.064,11.179
138,3,1,29.160,11.924,28.118,11.189
139,3,1,29.193,11.935,28.151,11.200
140,3,1,29.247,11.924,28.205,11.189
141,3,1,29.258,11.957,28.216,11.222
142,3,1,29.312,11.967,28.271,11.232
143,3,1,29.345,12.000,28.303,11.265
144,3,1,29.399,12.011,28.358,11.276
145,3,1,29.432,12.021,28.390,11.286
146,3,1,29.465,12.010,28.423,11.276
147,3,1,29.497,12.021,28.455,11.286
148,3,1,29.552,12.010,28.510,11.275
149,3,1,29.584,12.021,28.543,11.286
150,3,1,29.617,12.010,28.575,11.275
151,3,1,29.650,12.021,28.608,11.286
152,3,1,29.704,11.988,28.663,11.253
153,3,1,29.737,11.999,28.695,11.264
154,3,1,29.770,11.967,28.728,11.232
155,3,1,29.802,11.977,28.761,11.242
156,3,1,29.857,11.966,28.815,11.231
157,3,1,29.889,11.955,28.848,11.221
158,3,1,29.944,11.966,28.902,11.231
159,3,1,29.976,11.977,28.935,11.242
160,3,1,30.009,11.966,28.967,11.231
161,3,1,30.042,11.977,29.000,11.242
162,3,1,30.096,11.988,29.054,11.253
163,3,1,30.129,11.977,29.087,11.242
164,3,1,30.161,11.966,29.120,11.231
165,3,1,30.194,11.955,29.153,11.220
166,3,1,30.227,11.922,29.185,11.188
167,3,1,30.259,11.911,29.218,11.177
168,3,1,30.314,11.900,29.273,11.166
169,3,1,30.325,11.890,29.283,11.155
170,3,1,30.379,11.879,29.338,11.144
171,3,1,30.412,11.889,29.370,11.155
172,3,1,30.466,11.878,29.425,11.144
173,3,1,30.499,11.889,29.458,11.155
174,3,1,30.532,11.878,29.490,11.144
175,3,1,30.564,11.867,29.523,11.133
176,3,1,30.619,11.857,29.577,11.122
177,3,1,30.651,11.867,29.610,11.133
178,3,1,30.706,11.856,29.664,11.122
179,3,1,30.738,11.867,29.697,11.132
180,3,1,30.771,11.835,29.730,11.100
181,3,1,30.804,11.845,29.762,11.111
182,3,1,30.858,11.834,29.817,11.100
183,3,1,30.869,11.824,29.828,11.089
184,3,1,30.923,11.813,29.882,11.078
185,3,1,30.956,11.802,29.915,11.067
186,3,1,30.989,11.791,29.948,11.056
187,3,1,31.000,11.780,29.958,11.045
188,3,1,31.054,11.747,30.013,11.013
189,3,1,31.087,11.736,30.046,11.002
190,3,1,31.119,11.726,30.078,10.991
191,3,1,31.152,11.736,30.111,11.002
192,3,1,31.206,11.725,30.165,10.991
193,3,1,31.239,11.715,30.198,10.980
194,3,1,31.272,11.704,30.231,10.969
195,3,1,31.304,11.714,30.263,10.980
196,3,1,31.358,11.725,30.318,10.991
197,3,1,31.391,11.736,30.350,11.001
198,3,1,31.445,11.747,30.405,11.012
199,3,1,31.478,11.757,30.437,11.023
200,3,1,31.511,11.746,30.470,11.012
201,3,1,31.543,11.736,30.502,11.001
202,3,1,31.576,11.725,30.535,10.990
203,3,1,31.608,11.735,30.568,11.001
204,3,1,31.663,11.725,30.622,10.990
205,3,1,31.695,11.735,30.655,11.001
206,3,1,31.750,11.724,30.709,10.990
207,3,1,31.782,11.735,30.742,11.001
208,3,1,31.837,11.724,30.796,10.990
209,3,1,31.869,11.735,30.829,11.001
210,3,1,31.924,11.724,30.883,10.990
211,3,1,31.956,11.713,30.916,10.979
212,3,1,32.011,11.702,30.970,10.968
213,3,1,32.043,11.691,31.003,10.957
214,3,1,32.098,11.659,31.057,10.925
215,3,1,32.130,11.648,31.090,10.914
216,3,1,32.185,11.637,31.144,10.903
217,3,1,32.196,11.626,31.155,10.892
218,3,1,32.250,11.615,31.210,10.881
219,3,1,32.261,11.604,31.220,10.870
220,3,1,32.315,11.593,31.275,10.859
221,3,1,32.348,11.604,31.307,10.870
222,3,1,32.380,11.593,31.340,10.859
223,3,1,32.413,11.604,31.373,10.870
224,3,1,32.467,11.593,31.427,10.859
225,3,1,32.478,11.604,31.438,10.870
226,3,1,32.532,11.593,31.492,10.859
227,3,1,32.565,11.582,31.525,10.848
228,3,1,32.619,11.571,31.579,10.837
229,3,1,32.652,11.582,31.612,10.848
230,3,1,32.706,11.571,31.666,10.837
231,3,1,32.739,11.582,31.699,10.848
232,3,1,32.793,11.571,31.753,10.837
233,3,1,32.826,11.582,31.786,10.848
234,3,1,32.858,11.571,31.818,10.837
235,3,1,32.891,11.582,31.851,10.847
236,3,1,32.923,11.571,31.883,10.837
237,3,1,32.956,11.581,31.916,10.847
238,3,1,32.989,11.571,31.949,10.837
239,3,1,33.021,11.581,31.981,10.847
240,3,1,33.075,11.570,32.035,10.836
241,3,1,33.108,11.581,32.068,10.847
242,3,1,33.141,11.570,32.101,10.836
243,3,1,33.173,11.581,32.133,10.847
244,3,1,33.227,11.570,32.187,10.836
245,3,1,33.260,11.559,32.220,10.825
246,3,1,33.293,11.548,32.253,10.814
247,3,1,33.325,11.559,32.285,10.825
248,3,1,33.380,11.527,32.340,10.793
249,3,1,33.412,11.537,32.372,10.803
250,3,1,33.466,11.505,32.427,10.771
251,3,1,33.499,11.494,32.459,10.760
252,3,1,33.553,11.483,32.514,10.749
253,3,1,33.586,11.494,32.546,10.760
254,3,1,33.618,11.483,32.579,10.749
255,3,1,33.651,11.494,32.611,10.760
256,3,1,33.705,11.483,32.666,10.749
257,3,1,33.716,11.472,32.676,10.738
258,3,1,33.770,11.461,32.731,10.727
259,3,1,33.803,11.450,32.763,10.716
260,3,1,33.836,11.439,32.796,10.705
261,3,1,33.847,11.428,32.807,10.695
262,3,1,33.901,11.417,32.861,10.684
263,3,1,33.933,11.428,32.894,10.694
264,3,1,33.966,11.417,32.926,10.684
265,3,1,33.998,11.406,32.959,10.673
266,3,1,34.053,11.395,33.013,10.662
267,3,1,34.085,11.406,33.046,10.673
268,3,1,34.140,11.395,33.100,10.662
269,3,1,34.150,11.406,33.111,10.672
270,3,1,34.205,11.395,33.165,10.662
271,3,1,34.237,11.406,33.198,10.672
273,3,1,34.226,11.395,33.187,10.661
274,3,1,34.259,11.406,33.219,10.672
275,3,1,34.291,11.395,33.252,10.661
276,3,1,34.324,11.406,33.284,10.672
277,3,1,34.356,11.395,33.317,10.661
278,3,1,34.367,11.406,33.328,10.672
279,3,1,34.400,11.395,33.360,10.661
280,3,1,34.432,11.406,33.393,10.672
281,3,1,34.465,11.395,33.426,10.661
282,3,1,34.497,11.405,33.458,10.672
283,3,1,34.530,11.395,33.491,10.661
284,3,1,34.563,11.405,33.523,10.672
285,3,1,34.617,11.394,33.577,10.661
286,3,1,34.649,11.384,33.610,10.650
287,3,1,34.704,11.373,33.664,10.639
288,3,1,34.736,11.383,33.697,10.650
289,3,1,34.790,11.373,33.751,10.639
290,3,1,34.823,11.362,33.784,10.628
291,3,1,34.877,11.351,33.838,10.617
292,3,1,34.910,11.361,33.870,10.628
293,3,1,34.964,11.329,33.925,10.595
294,3,1,34.975,11.318,33.936,10.585
295,3,1,35.007,11.286,33.968,10.552
0,4,1,25.005,12.106,23.852,11.414
1,4,1,25.038,12.128,23.830,11.403
2,4,1,25.060,12.074,23.852,11.501
3,4,1,25.126,12.073,23.917,11.457
4,4,1,25.126,12.084,23.917,11.446
5,4,1,25.169,12.095,23.961,11.446
6,4,1,25.213,12.073,24.005,11.413
7,4,1,25.257,12.073,24.049,11.413
8,4,1,25.300,12.084,24.092,11.424
9,4,1,25.366,12.051,24.158,11.391
10,4,1,25.431,12.051,24.224,11.391
11,4,1,25.269,11.780,24.062,11.120
12,4,1,25.519,12.051,24.311,11.391
13,4,1,25.541,12.051,24.333,11.391
14,4,1,25.617,12.105,24.409,11.445
15,4,1,25.628,12.051,24.420,11.391
16,4,1,25.672,12.051,24.464,11.391
17,4,1,25.693,12.040,24.486,11.380
18,4,1,25.715,12.029,24.508,11.369
19,4,1,25.781,12.029,24.573,11.369
20,4,1,25.803,11.996,24.595,11.336
21,4,1,25.868,11.985,24.661,11.325
22,4,1,25.890,11.985,24.683,11.325
23,4,1,25.956,11.985,24.748,11.325
24,4,1,25.977,11.985,24.770,11.325
25,4,1,26.043,11.985,24.836,11.325
26,4,1,26.087,11.985,24.879,11.325
27,4,1,26.130,11.985,24.923,11.325
28,4,1,26.196,11.984,24.988,11.325
29,4,1,26.261,11.984,25.054,11.325
30,4,1,26.283,11.984,25.076,11.325
31,4,1,26.348,11.984,25.141,11.325
32,4,1,26.348,11.984,25.141,11.325
33,4,1,26.392,12.006,25.185,11.346
34,4,1,26.414,12.006,25.206,11.346
35,4,1,26.479,12.027,25.272,11.368
36,4,1,26.501,12.027,25.294,11.368
37,4,1,26.544,12.049,25.337,11.389
38,4,1,26.588,12.049,25.381,11.389
39,4,1,26.632,12.049,25.424,11.389
40,4,1,26.675,12.049,25.468,11.389
41,4,1,26.719,12.048,25.512,11.389
42,4,1,26.762,12.048,25.555,11.389
43,4,1,26.806,12.048,25.599,11.389
44,4,1,26.872,12.048,25.665,11.389
45,4,1,26.893,12.048,25.686,11.389
46,4,1,26.959,12.048,25.752,11.389
47,4,1,26.980,12.070,25.774,11.410
48,4,1,27.024,12.070,25.817,11.410
49,4,1,27.068,12.069,25.861,11.410
50,4,1,27.111,12.091,25.904,11.432
51,4,1,27.155,12.091,25.948,11.432
52,4,1,27.198,12.091,25.992,11.432
53,4,1,27.220,12.091,26.013,11.432
54,4,1,27.242,12.091,26.035,11.432
55,4,1,27.307,12.091,26.101,11.431
56,4,1,27.329,12.091,26.122,11.431
57,4,1,27.395,12.091,26.188,11.431
58,4,1,27.416,12.090,26.210,11.431
59,4,1,27.482,12.112,26.275,11.453
60,4,1,27.504,12.112,26.297,11.453
61,4,1,27.569,12.112,26.362,11.453
62,4,1,27.591,12.134,26.384,11.474
63,4,1,27.656,12.133,26.449,11.474
64,4,1,27.678,12.133,26.471,11.474
65,4,1,27.743,12.155,26.537,11.496
66,4,1,27.765,12.155,26.558,11.496
67,4,1,27.830,12.176,26.624,11.517
68,4,1,27.852,12.176,26.645,11.517
69,4,1,27.917,12.198,26.711,11.539
70,4,1,27.939,12.198,26.733,11.539
71,4,1,27.983,12.198,26.776,11.539
72,4,1,28.026,12.219,26.820,11.560
73,4,1,28.070,12.219,26.863,11.560
74,4,1,28.113,12.219,26.907,11.560
75,4,1,28.157,12.241,26.950,11.582
76,4,1,28.200,12.241,26.994,11.582
77,4,1,28.244,12.241,27.038,11.582
78,4,1,28.287,12.262,27.081,11.603
79,4,1,28.331,12.262,27.125,11.603
80,4,1,28.374,12.284,27.168,11.625
81,4,1,28.418,12.284,27.212,11.625
82,4,1,28.461,12.305,27.255,11.646
83,4,1,28.505,12.305,27.299,11.646
84,4,1,28.548,12.327,27.342,11.668
85,4,1,28.592,12.327,27.386,11.668
86,4,1,28.636,12.348,27.429,11.689
87,4,1,28.679,12.348,27.473,11.689
88,4,1,28.723,12.348,27.517,11.689
89,4,1,28.766,12.348,27.560,11.689
90,4,1,28.810,12.370,27.604,11.711
91,4,1,28.853,12.369,27.647,11.710
92,4,1,28.897,12.369,27.691,11.710
93,4,1,28.940,12.369,27.734,11.710
94,4,1,29.006,12.391,27.800,11.732
95,4,1,29.027,12.391,27.821,11.732
96,4,1,29.093,12.391,27.887,11.732
97,4,1,29.115,12.391,27.909,11.732
98,4,1,29.180,12.412,27.974,11.753
99,4,1,29.202,12.412,27.996,11.753
100,4,1,29.267,12.412,28.061,11.753
101,4,1,29.289,12.434,28.083,11.775
102,4,1,29.354,12.433,28.148,11.775
103,4,1,29.376,12.455,28.170,11.796
104,4,1,29.441,12.455,28.235,11.796
105,4,1,29.463,12.477,28.257,11.818
106,4,1,29.528,12.476,28.322,11.818
107,4,1,29.550,12.476,28.344,11.818
108,4,1,29.615,12.476,28.409,11.817
109,4,1,29.637,12.476,28.431,11.817
110,4,1,29.702,12.476,28.496,11.817
111,4,1,29.724,12.476,28.518,11.817
112,4,1,29.789,12.498,28.583,11.839
113,4,1,29.833,12.497,28.627,11.839
114,4,1,29.876,12.497,28.671,11.839
115,4,1,29.920,12.519,28.714,11.860
116,4,1,29.963,12.519,28.758,11.860
117,4,1,30.007,12.519,28.801,11.860
118,4,1,30.050,12.540,28.845,11.882
119,4,1,30.115,12.540,28.910,11.882
120,4,1,30.181,12.540,28.975,11.881
121,4,1,30.202,12.540,28.997,11.881
122,4,1,30.268,12.540,29.062,11.881
123,4,1,30.289,12.540,29.084,11.881
124,4,1,30.355,12.518,29.150,11.859
125,4,1,30.398,12.518,29.193,11.859
126,4,1,30.442,12.518,29.237,11.859
127,4,1,30.485,12.518,29.280,11.859
128,4,1,30.529,12.518,29.324,11.859
129,4,1,30.594,12.517,29.389,11.859
130,4,1,30.659,12.517,29.454,11.859
131,4,1,30.681,12.517,29.476,11.859
132,4,1,30.746,12.517,29.541,11.859
133,4,1,30.790,12.495,29.585,11.837
134,4,1,30.834,12.495,29.629,11.837
135,4,1,30.877,12.517,29.672,11.858
136,4,1,30.942,12.517,29.737,11.858
137,4,1,31.008,12.517,29.803,11.858
138,4,1,31.029,12.517,29.824,11.858
139,4,1,31.073,12.516,29.868,11.858
140,4,1,31.116,12.516,29.911,11.858
141,4,1,31.160,12.516,29.955,11.858
142,4,1,31.225,12.516,30.020,11.858
143,4,1,31.247,12.494,30.042,11.836
144,4,1,31.312,12.494,30.107,11.836
145,4,1,31.356,12.494,30.151,11.836
146,4,1,31.399,12.494,30.194,11.836
147,4,1,31.443,12.494,30.238,11.836
148,4,1,31.486,12.494,30.282,11.835
149,4,1,31.530,12.494,30.325,11.835
150,4,1,31.595,12.494,30.390,11.835
151,4,1,31.660,12.494,30.456,11.835
152,4,1,31.682,12.493,30.477,11.835
153,4,1,31.747,12.493,30.543,11.835
154,4,1,31.769,12.472,30.564,11.813
155,4,1,31.834,12.471,30.630,11.813
156,4,1,31.856,12.471,30.651,11.813
157,4,1,31.921,12.471,30.717,11.813
158,4,1,31.943,12.450,30.739,11.791
159,4,1,32.008,12.449,30.804,11.791
160,4,1,32.030,12.449,30.826,11.791
161,4,1,32.095,12.449,30.891,11.791
162,4,1,32.138,12.427,30.934,11.769
163,4,1,32.182,12.427,30.978,11.769
164,4,1,32.225,12.406,31.021,11.747
165,4,1,32.291,12.405,31.087,11.747
166,4,1,32.356,12.405,31.152,11.747
167,4,1,32.399,12.384,31.195,11.725
168,4,1,32.443,12.384,31.239,11.725
169,4,1,32.486,12.383,31.282,11.725
170,4,1,32.530,12.383,31.326,11.725
171,4,1,32.573,12.383,31.369,11.725
172,4,1,32.617,12.383,31.413,11.725
173,4,1,32.660,12.383,31.456,11.725
174,4,1,32.682,12.361,31.478,11.703
175,4,1,32.747,12.361,31.543,11.703
176,4,1,32.769,12.361,31.565,11.703
177,4,1,32.834,12.339,31.630,11.681
178,4,1,32.856,12.339,31.652,11.681
179,4,1,32.921,12.318,31.717,11.659
180,4,1,32.943,12.317,31.739,11.659
181,4,1,33.008,12.317,31.804,11.659
182,4,1,33.051,12.317,31.848,11.659
183,4,1,33.095,12.296,31.891,11.637
184,4,1,33.160,12.295,31.957,11.637
185,4,1,33.247,12.295,32.043,11.637
186,4,1,33.312,12.273,32.109,11.615
187,4,1,33.334,12.273,32.130,11.615
188,4,1,33.399,12.252,32.196,11.594
189,4,1,33.421,12.252,32.217,11.594
190,4,1,33.464,12.251,32.261,11.594
191,4,1,33.508,12.230,32.304,11.572
192,4,1,33.551,12.230,32.348,11.572
193,4,1,33.595,12.230,32.391,11.572
194,4,1,33.638,12.229,32.435,11.572
195,4,1,33.681,12.208,32.478,11.550
196,4,1,33.725,12.208,32.522,11.550
197,4,1,33.768,12.208,32.565,11.550
198,4,1,33.812,12.186,32.609,11.528
199,4,1,33.855,12.186,32.652,11.528
200,4,1,33.920,12.164,32.717,11.506
201,4,1,33.942,12.164,32.739,11.506
202,4,1,34.007,12.164,32.804,11.506
203,4,1,34.051,12.164,32.848,11.506
204,4,1,34.094,12.164,32.891,11.506
205,4,1,34.137,12.163,32.935,11.506
206,4,1,34.159,12.142,32.956,11.484
207,4,1,34.224,12.142,33.021,11.484
208,4,1,34.246,12.142,33.043,11.484
209,4,1,34.311,12.120,33.108,11.462
210,4,1,34.355,12.120,33.152,11.462
211,4,1,34.398,12.120,33.195,11.462
212,4,1,34.441,12.120,33.239,11.462
213,4,1,34.485,12.119,33.282,11.462
214,4,1,34.550,12.119,33.347,11.462
215,4,1,34.615,12.119,33.412,11.462
216,4,1,34.637,12.119,33.434,11.461
217,4,1,34.723,12.119,33.521,11.461
218,4,1,34.767,12.119,33.564,11.461
219,4,1,34.832,12.119,33.629,11.461
220,4,1,34.854,12.140,33.651,11.483
221,4,1,34.919,12.140,33.716,11.483
222,4,1,34.940,12.140,33.738,11.483
223,4,1,35.005,12.162,33.803,11.504
224,4,1,35.027,12.162,33.825,11.504
225,4,1,35.092,12.162,33.890,11.504
226,4,1,35.114,12.161,33.911,11.504
227,4,1,35.179,12.161,33.976,11.504
228,4,1,35.222,12.161,34.020,11.504
229,4,1,35.266,12.161,34.063,11.504
230,4,1,35.309,12.161,34.107,11.504
231,4,1,35.374,12.161,34.172,11.503
232,4,1,35.439,12.161,34.237,11.503
233,4,1,35.461,12.139,34.259,11.482
234,4,1,35.526,12.139,34.324,11.482
235,4,1,35.547,12.139,34.345,11.481
236,4,1,35.613,12.139,34.410,11.481
237,4,1,35.656,12.139,34.454,11.481
238,4,1,35.699,12.139,34.497,11.481
239,4,1,35.721,12.139,34.519,11.481
240,4,1,35.786,12.138,34.584,11.481
241,4,1,35.786,12.138,34.584,11.481
242,4,1,35.829,12.138,34.627,11.481
243,4,1,35.894,12.117,34.693,11.459
244,4,1,35.959,12.116,34.758,11.459
245,4,1,35.981,12.116,34.779,11.459
246,4,1,36.046,12.116,34.844,11.459
247,4,1,36.068,12.116,34.866,11.459
248,4,1,36.133,12.116,34.931,11.459
249,4,1,36.155,12.116,34.953,11.459
250,4,1,36.220,12.116,35.018,11.459
251,4,1,36.263,12.116,35.061,11.459
252,4,1,36.306,12.116,35.105,11.458
253,4,1,36.350,12.137,35.148,11.480
254,4,1,36.393,12.137,35.191,11.480
255,4,1,36.436,12.137,35.235,11.480
256,4,1,36.480,12.137,35.278,11.480
257,4,1,36.501,12.137,35.300,11.480
258,4,1,36.566,12.137,35.365,11.480
259,4,1,36.588,12.137,35.386,11.480
260,4,1,36.653,12.137,35.451,11.479
261,4,1,36.675,12.137,35.473,11.479
262,4,1,36.740,12.137,35.538,11.479
263,4,1,36.761,12.115,35.560,11.458
264,4,1,36.826,12.115,35.625,11.458
265,4,1,36.848,12.115,35.647,11.457
266,4,1,36.913,12.115,35.712,11.457
267,4,1,36.956,12.093,35.755,11.436
268,4,1,37.000,12.093,35.798,11.436
269,4,1,37.043,12.093,35.842,11.436
270,4,1,37.086,12.071,35.885,11.414
271,4,1,37.130,12.071,35.928,11.414
272,4,1,37.151,12.071,35.950,11.414
273,4,1,37.216,12.071,36.015,11.414
274,4,1,37.238,12.049,36.037,11.392
275,4,1,37.281,12.049,36.080,11.392
276,4,1,37.303,12.049,36.102,11.392
277,4,1,37.325,12.049,36.123,11.392
278,4,1,37.389,12.049,36.188,11.392
279,4,1,37.411,12.049,36.210,11.392
280,4,1,37.476,12.049,36.275,11.391
281,4,1,37.498,12.048,36.297,11.391
282,4,1,37.584,12.048,36.383,11.391
283,4,1,37.628,12.048,36.427,11.391
284,4,1,37.693,12.048,36.492,11.391
285,4,1,37.714,12.048,36.513,11.391
286,4,1,37.779,12.048,36.578,11.391
287,4,1,37.801,12.048,36.600,11.391
288,4,1,37.844,12.048,36.643,11.391
289,4,1,37.887,12.069,36.687,11.412
290,4,1,37.931,12.069,36.730,11.412
291,4,1,37.974,12.091,36.773,11.434
292,4,1,37.996,12.091,36.795,11.434
293,4,1,38.017,12.091,36.817,11.434
294,4,1,38.082,12.091,36.882,11.434
295,4,1,38.104,12.090,36.903,11.434
0,5,1,24.913,12.910,23.695,12.109
1,5,1,24.946,12.932,23.673,12.098
2,5,1,24.968,12.931,23.695,12.098
3,5,1,25.011,12.931,23.738,12.098
4,5,1,25.033,12.931,23.760,12.098
5,5,1,25.077,12.931,23.804,12.098
6,5,1,25.099,12.931,23.826,12.098
7,5,1,24.924,12.964,23.772,11.957
8,5,1,24.935,12.932,23.828,11.826
9,5,1,24.946,12.953,23.838,11.924
10,5,1,24.957,12.932,23.827,11.924
11,5,1,24.978,12.975,23.958,11.880
12,5,1,25.011,12.931,23.914,11.913
13,5,1,25.033,12.942,23.936,11.924
14,5,1,25.556,13.147,24.459,12.129
15,5,1,25.099,12.942,24.002,11.924
16,5,1,25.142,12.953,24.045,11.934
17,5,1,25.110,12.920,24.013,11.902
18,5,1,25.208,12.974,24.111,11.956
19,5,1,25.393,13.017,24.320,11.663
20,5,1,25.393,13.028,24.341,11.782
21,5,1,25.404,12.952,24.330,11.858
22,5,1,25.448,12.952,24.374,11.858
23,5,1,25.459,12.952,24.385,11.858
24,5,1,25.492,12.974,24.417,11.879
25,5,1,25.557,12.995,24.483,11.901
26,5,1,25.579,12.995,24.504,11.901
27,5,1,25.644,12.995,24.570,11.901
28,5,1,25.666,12.995,24.592,11.901
29,5,1,25.732,12.995,24.657,11.901
30,5,1,25.775,13.016,24.701,11.922
31,5,1,25.884,13.147,24.743,12.194
32,5,1,25.861,13.190,24.776,12.128
33,5,1,25.883,13.201,24.798,12.139
34,5,1,25.916,13.212,24.830,12.150
35,5,1,25.971,13.201,24.885,12.139
36,5,1,26.003,13.211,24.918,12.150
37,5,1,26.058,13.200,24.972,12.139
38,5,1,26.091,13.211,25.005,12.150
39,5,1,26.145,13.200,25.060,12.139
40,5,1,26.178,13.189,25.093,12.128
41,5,1,26.254,13.178,25.169,12.117
42,5,1,26.287,13.189,25.202,12.128
43,5,1,26.342,13.178,25.256,12.117
44,5,1,26.375,13.167,25.289,12.106
45,5,1,26.429,13.156,25.344,12.095
46,5,1,26.462,13.167,25.377,12.105
47,5,1,26.516,13.156,25.431,12.094
48,5,1,26.549,13.167,25.464,12.105
49,5,1,26.604,13.156,25.519,12.094
50,5,1,26.636,13.166,25.551,12.105
51,5,1,26.691,13.177,25.606,12.116
52,5,1,26.724,13.188,25.638,12.127
53,5,1,26.778,13.177,25.693,12.116
54,5,1,26.811,13.188,25.726,12.126
55,5,1,26.865,13.198,25.780,12.137
56,5,1,26.898,13.209,25.813,12.148
57,5,1,26.953,13.198,25.868,12.137
58,5,1,27.007,13.209,25.922,12.148
59,5,1,27.062,13.220,25.977,12.158
60,5,1,27.094,13.231,26.009,12.169
61,5,1,27.149,13.220,26.064,12.158
62,5,1,27.203,13.230,26.118,12.169
63,5,1,27.258,13.241,26.173,12.180
64,5,1,27.290,13.252,26.205,12.191
65,5,1,27.345,13.241,26.260,12.180
66,5,1,27.378,13.252,26.293,12.190
67,5,1,27.432,13.241,26.347,12.179
68,5,1,27.465,13.251,26.380,12.190
69,5,1,27.519,13.240,26.435,12.179
70,5,1,27.552,13.251,26.467,12.190
71,5,1,27.607,13.240,26.522,12.179
72,5,1,27.661,13.251,26.576,12.190
73,5,1,27.716,13.240,26.631,12.179
74,5,1,27.748,13.251,26.664,12.190
75,5,1,27.803,13.240,26.718,12.179
76,5,1,27.857,13.250,26.773,12.189
77,5,1,27.912,13.239,26.827,12.178
78,5,1,27.945,13.228,26.860,12.168
79,5,1,27.999,13.239,26.914,12.178
80,5,1,28.032,13.250,26.947,12.189
81,5,1,28.086,13.239,27.002,12.178
82,5,1,28.119,13.250,27.034,12.189
83,5,1,28.174,13.239,27.089,12.178
84,5,1,28.206,13.271,27.121,12.210
85,5,1,28.261,13.260,27.176,12.199
86,5,1,28.293,13.271,27.209,12.210
87,5,1,28.348,13.282,27.263,12.221
88,5,1,28.380,13.293,27.296,12.232
89,5,1,28.435,13.282,27.350,12.221
90,5,1,28.468,13.292,27.383,12.232
91,5,1,28.522,13.303,27.437,12.242
92,5,1,28.555,13.314,27.470,12.253
93,5,1,28.609,13.325,27.525,12.264
94,5,1,28.664,13.335,27.579,12.275
95,5,1,28.718,13.324,27.634,12.264
96,5,1,28.751,13.335,27.666,12.274
97,5,1,28.805,13.346,27.721,12.285
98,5,1,28.838,13.357,27.753,12.296
99,5,1,28.892,13.346,27.808,12.285
100,5,1,28.925,13.356,27.840,12.296
101,5,1,28.979,13.367,27.895,12.306
102,5,1,29.012,13.378,27.928,12.317
103,5,1,29.066,13.367,27.982,12.306
104,5,1,29.099,13.378,28.015,12.317
105,5,1,29.154,13.367,28.069,12.306
106,5,1,29.186,13.377,28.102,12.317
107,5,1,29.241,13.366,28.156,12.306
108,5,1,29.295,13.377,28.211,12.317
109,5,1,29.350,13.366,28.265,12.306
110,5,1,29.382,13.355,28.298,12.295
111,5,1,29.437,13.344,28.353,12.284
112,5,1,29.491,13.355,28.407,12.294
113,5,1,29.524,13.366,28.440,12.305
114,5,1,29.578,13.376,28.494,12.316
115,5,1,29.611,13.365,28.527,12.305
116,5,1,29.644,13.376,28.559,12.316
117,5,1,29.698,13.387,28.614,12.327
118,5,1,29.731,13.398,28.646,12.337
119,5,1,29.785,13.387,28.701,12.326
120,5,1,29.818,13.398,28.734,12.337
121,5,1,29.851,13.387,28.766,12.326
122,5,1,29.883,13.397,28.799,12.337
123,5,1,29.938,13.408,28.853,12.348
124,5,1,29.992,13.419,28.908,12.358
125,5,1,30.046,13.408,28.962,12.348
126,5,1,30.079,13.419,28.995,12.358
127,5,1,30.133,13.429,29.049,12.369
128,5,1,30.166,13.440,29.082,12.380
129,5,1,30.220,13.429,29.136,12.369
130,5,1,30.253,13.440,29.169,12.380
131,5,1,30.308,13.429,29.224,12.369
132,5,1,30.340,13.440,29.256,12.379
133,5,1,30.395,13.429,29.311,12.368
134,5,1,30.427,13.439,29.343,12.379
135,5,1,30.482,13.450,29.398,12.390
136,5,1,30.514,13.461,29.430,12.401
137,5,1,30.569,13.450,29.485,12.390
138,5,1,30.601,13.461,29.517,12.401
139,5,1,30.656,13.450,29.572,12.390
140,5,1,30.688,13.439,29.605,12.379
141,5,1,30.743,13.428,29.659,12.368
142,5,1,30.797,13.438,29.713,12.378
143,5,1,30.852,13.428,29.768,12.368
144,5,1,30.884,13.417,29.801,12.357
145,5,1,30.939,13.406,29.855,12.346
146,5,1,30.971,13.416,29.888,12.356
147,5,1,31.026,13.405,29.942,12.345
148,5,1,31.058,13.416,29.975,12.356
149,5,1,31.113,13.405,30.029,12.345
150,5,1,31.145,13.416,30.062,12.356
151,5,1,31.178,13.427,30.094,12.367
152,5,1,31.211,13.437,30.127,12.378
153,5,1,31.265,13.426,30.181,12.367
154,5,1,31.298,13.437,30.214,12.377
155,5,1,31.352,13.426,30.268,12.366
156,5,1,31.385,13.437,30.301,12.377
157,5,1,31.439,13.448,30.355,12.388
158,5,1,31.493,13.458,30.410,12.399
159,5,1,31.548,13.447,30.464,12.388
160,5,1,31.580,13.458,30.497,12.398
161,5,1,31.635,13.447,30.551,12.388
162,5,1,31.667,13.458,30.584,12.398
163,5,1,31.722,13.447,30.638,12.387
164,5,1,31.754,13.458,30.671,12.398
165,5,1,31.809,13.447,30.725,12.387
166,5,1,31.841,13.458,30.758,12.398
167,5,1,31.896,13.447,30.812,12.387
168,5,1,31.928,13.457,30.845,12.398
169,5,1,31.983,13.446,30.899,12.387
170,5,1,32.015,13.457,30.932,12.398
171,5,1,32.070,13.446,30.986,12.387
172,5,1,32.102,13.457,31.019,12.397
173,5,1,32.157,13.424,31.073,12.365
174,5,1,32.211,13.435,31.128,12.375
175,5,1,32.265,13.424,31.182,12.365
176,5,1,32.298,13.413,31.215,12.354
177,5,1,32.352,13.402,31.269,12.343
178,5,1,32.385,13.413,31.302,12.353
179,5,1,32.439,13.402,31.356,12.342
180,5,1,32.472,13.391,31.389,12.332
181,5,1,32.526,13.380,31.443,12.321
182,5,1,32.559,13.391,31.476,12.331
183,5,1,32.613,13.380,31.530,12.320
184,5,1,32.646,13.391,31.563,12.331
185,5,1,32.700,13.380,31.617,12.320
186,5,1,32.733,13.390,31.650,12.331
187,5,1,32.766,13.379,31.682,12.320
188,5,1,32.798,13.390,31.715,12.331
189,5,1,32.874,13.379,31.791,12.320
190,5,1,32.907,13.390,31.824,12.331
191,5,1,32.961,13.379,31.878,12.320
192,5,1,33.015,13.390,31.932,12.330
193,5,1,33.070,13.400,31.987,12.341
194,5,1,33.102,13.411,32.019,12.352
195,5,1,33.157,13.400,32.074,12.341
196,5,1,33.189,13.411,32.106,12.352
197,5,1,33.244,13.378,32.161,12.319
198,5,1,33.298,13.389,32.215,12.330
199,5,1,33.330,13.378,32.248,12.319
200,5,1,33.363,13.389,32.280,12.330
201,5,1,33.417,13.378,32.334,12.319
202,5,1,33.450,13.367,32.367,12.308
203,5,1,33.504,13.356,32.421,12.297
204,5,1,33.537,13.367,32.454,12.308
205,5,1,33.591,13.356,32.508,12.297
206,5,1,33.624,13.345,32.541,12.286
207,5,1,33.678,13.334,32.595,12.275
208,5,1,33.732,13.323,32.650,12.264
209,5,1,33.787,13.312,32.704,12.253
210,5,1,33.819,13.301,32.737,12.242
211,5,1,33.874,13.290,32.791,12.231
212,5,1,33.906,13.301,32.824,12.242
213,5,1,33.961,13.290,32.878,12.231
214,5,1,33.993,13.279,32.911,12.220
215,5,1,34.026,13.268,32.943,12.209
216,5,1,34.058,13.279,32.976,12.220
217,5,1,34.113,13.268,33.030,12.209
218,5,1,34.145,13.279,33.063,12.220
219,5,1,34.200,13.268,33.117,12.209
220,5,1,34.232,13.278,33.149,12.220
221,5,1,34.286,13.267,33.204,12.209
222,5,1,34.319,13.278,33.236,12.219
223,5,1,34.373,13.267,33.291,12.208
224,5,1,34.427,13.278,33.345,12.219
225,5,1,34.482,13.267,33.399,12.208
226,5,1,34.514,13.278,33.432,12.219
227,5,1,34.569,13.267,33.486,12.208
228,5,1,34.623,13.256,33.540,12.197
229,5,1,34.655,13.245,33.573,12.186
230,5,1,34.710,13.256,33.627,12.197
231,5,1,34.764,13.245,33.682,12.186
232,5,1,34.797,13.234,33.714,12.175
233,5,1,34.829,13.223,33.747,12.164
234,5,1,34.862,13.234,33.779,12.175
235,5,1,34.916,13.201,33.834,12.142
236,5,1,34.948,13.212,33.866,12.153
237,5,1,35.003,13.201,33.920,12.142
238,5,1,35.035,13.211,33.953,12.153
239,5,1,35.090,13.179,34.007,12.120
240,5,1,35.144,13.168,34.062,12.110
241,5,1,35.198,13.157,34.116,12.099
242,5,1,35.231,13.146,34.148,12.088
243,5,1,35.285,13.135,34.203,12.077
244,5,1,35.318,13.124,34.235,12.066
245,5,1,35.372,13.113,34.290,12.055
246,5,1,35.404,13.124,34.322,12.066
247,5,1,35.459,13.113,34.376,12.055
248,5,1,35.491,13.124,34.409,12.066
249,5,1,35.545,13.113,34.463,12.055
250,5,1,35.578,13.124,34.496,12.065
251,5,1,35.610,13.113,34.528,12.054
252,5,1,35.643,13.123,34.561,12.065
253,5,1,35.697,13.112,34.615,12.054
254,5,1,35.730,13.123,34.648,12.065
255,5,1,35.784,13.112,34.702,12.054
256,5,1,35.816,13.123,34.734,12.065
257,5,1,35.871,13.112,34.789,12.054
258,5,1,35.925,13.123,34.843,12.065
259,5,1,35.979,13.112,34.897,12.054
260,5,1,36.012,13.123,34.930,12.064
261,5,1,36.087,13.111,35.006,12.053
262,5,1,36.120,13.122,35.038,12.064
263,5,1,36.153,13.111,35.071,12.053
264,5,1,36.185,13.100,35.103,12.042
265,5,1,36.239,13.089,35.157,12.032
266,5,1,36.272,13.100,35.190,12.042
267,5,1,36.326,13.089,35.244,12.031
268,5,1,36.358,13.100,35.277,12.042
269,5,1,36.391,13.089,35.309,12.031
270,5,1,36.424,13.078,35.342,12.020
271,5,1,36.478,13.067,35.396,12.009
272,5,1,36.510,13.056,35.429,11.999
273,5,1,36.565,13.045,35.483,11.988
274,5,1,36.619,13.056,35.537,11.998
275,5,1,36.673,13.024,35.591,11.966
276,5,1,36.705,13.034,35.624,11.977
277,5,1,36.760,13.023,35.678,11.966
278,5,1,36.792,13.034,35.710,11.976
279,5,1,36.846,13.023,35.765,11.965
280,5,1,36.879,13.012,35.797,11.955
281,5,1,36.933,13.001,35.851,11.944
282,5,1,36.965,13.012,35.884,11.954
283,5,1,36.998,13.001,35.916,11.944
284,5,1,37.030,13.012,35.949,11.954
285,5,1,37.085,13.001,36.003,11.943
286,5,1,37.117,13.012,36.036,11.954
287,5,1,37.171,13.001,36.090,11.943
288,5,1,37.204,13.011,36.122,11.954
289,5,1,37.258,13.022,36.177,11.965
290,5,1,37.290,13.033,36.209,11.975
291,5,1,37.345,13.022,36.263,11.964
292,5,1,37.399,13.033,36.317,11.975
293,5,1,37.453,13.022,36.372,11.964
294,5,1,37.485,13.032,36.404,11.975
295,5,1,37.540,13.022,36.458,11.964
0,7,1,22.934,13.045,21.857,12.210
1,7,1,22.967,13.067,21.846,12.200
2,7,1,22.978,13.056,21.857,12.189
3,7,1,22.989,13.045,21.868,12.178
4,7,1,23.000,13.034,21.879,12.167
5,7,1,23.011,13.023,21.890,12.156
6,7,1,23.022,13.034,21.901,12.167
7,7,1,23.033,13.001,21.912,12.134
8,7,1,23.066,13.012,21.945,12.145
9,7,1,23.077,12.979,21.956,12.112
10,7,1,23.110,12.968,21.989,12.101
11,7,1,23.109,13.055,21.988,12.188
12,7,1,23.197,12.936,22.090,11.699
13,7,1,23.198,12.859,22.090,11.797
14,7,1,23.263,12.892,22.123,11.677
15,7,1,23.295,13.011,22.187,11.949
16,7,1,23.306,13.001,22.198,11.938
17,7,1,23.328,13.044,22.220,11.981
18,7,1,23.350,13.000,22.242,11.938
19,7,1,23.361,12.990,22.253,11.927
20,7,1,23.372,13.000,22.264,11.938
21,7,1,23.405,12.968,22.297,11.905
22,7,1,23.416,12.979,22.308,11.916
23,7,1,23.448,12.978,22.340,11.916
24,7,1,23.459,12.978,22.351,11.916
25,7,1,23.492,12.967,22.384,11.905
26,7,1,23.503,12.967,22.395,11.905
27,7,1,23.536,12.946,22.428,11.883
28,7,1,23.570,12.859,22.460,12.003
29,7,1,23.603,12.826,22.493,11.970
30,7,1,23.635,12.815,22.526,11.959
31,7,1,23.668,12.804,22.559,11.948
32,7,1,23.865,12.771,22.679,12.013
33,7,1,23.909,12.771,22.799,12.024
34,7,1,23.909,12.793,22.777,12.002
35,7,1,23.941,12.803,22.810,12.013
36,7,1,23.952,12.793,22.821,12.002
37,7,1,23.985,12.771,22.854,11.980
38,7,1,23.996,12.771,22.865,11.980
39,7,1,24.007,12.771,22.876,11.980
40,7,1,24.018,12.771,22.887,11.980
41,7,1,24.051,12.771,22.919,11.980
42,7,1,24.062,12.749,22.931,11.958
43,7,1,24.095,12.749,22.963,11.958
44,7,1,24.106,12.727,22.974,11.937
45,7,1,24.139,12.727,23.007,11.936
46,7,1,24.172,12.705,23.040,11.915
47,7,1,24.226,12.705,23.095,11.915
48,7,1,24.259,12.705,23.128,11.915
49,7,1,24.335,12.705,23.204,11.914
50,7,1,24.368,12.683,23.237,11.893
51,7,1,24.401,12.683,23.270,11.893
52,7,1,24.434,12.683,23.303,11.892
53,7,1,24.489,12.661,23.357,11.871
54,7,1,24.521,12.661,23.390,11.871
55,7,1,24.576,12.639,23.445,11.849
56,7,1,24.609,12.639,23.478,11.849
57,7,1,24.642,12.639,23.511,11.849
58,7,1,24.675,12.617,23.544,11.827
59,7,1,24.707,12.617,23.576,11.827
60,7,1,24.740,12.617,23.609,11.827
61,7,1,24.773,12.617,23.642,11.827
62,7,1,24.806,12.617,23.675,11.827
63,7,1,24.839,12.617,23.707,11.827
64,7,1,24.849,12.617,23.718,11.826
65,7,1,24.904,12.617,23.773,11.826
66,7,1,24.915,12.617,23.784,11.826
67,7,1,24.970,12.617,23.839,11.826
68,7,1,25.002,12.616,23.871,11.826
69,7,1,25.057,12.616,23.926,11.826
70,7,1,25.090,12.616,23.959,11.826
71,7,1,25.144,12.616,24.013,11.826
72,7,1,25.177,12.616,24.046,11.826
73,7,1,25.232,12.616,24.101,11.826
74,7,1,25.264,12.616,24.134,11.826
75,7,1,25.319,12.616,24.188,11.826
76,7,1,25.352,12.616,24.221,11.826
77,7,1,25.406,12.616,24.276,11.825
78,7,1,25.417,12.637,24.286,11.847
79,7,1,25.450,12.637,24.319,11.847
80,7,1,25.461,12.637,24.330,11.847
81,7,1,25.493,12.659,24.363,11.869
82,7,1,25.526,12.659,24.395,11.869
83,7,1,25.559,12.659,24.428,11.869
84,7,1,25.592,12.659,24.461,11.868
85,7,1,25.646,12.658,24.516,11.868
86,7,1,25.679,12.658,24.548,11.868
87,7,1,25.734,12.658,24.603,11.868
88,7,1,25.766,12.658,24.636,11.868
89,7,1,25.821,12.658,24.690,11.868
90,7,1,25.853,12.680,24.723,11.890
91,7,1,25.886,12.680,24.756,11.890
92,7,1,25.919,12.680,24.788,11.890
93,7,1,25.974,12.679,24.843,11.889
94,7,1,26.006,12.679,24.876,11.889
95,7,1,26.061,12.679,24.930,11.889
96,7,1,26.094,12.679,24.963,11.889
97,7,1,26.126,12.701,24.996,11.911
98,7,1,26.159,12.722,25.028,11.932
99,7,1,26.192,12.722,25.061,11.932
100,7,1,26.224,12.744,25.094,11.954
101,7,1,26.279,12.744,25.148,11.954
102,7,1,26.290,12.744,25.159,11.954
103,7,1,26.322,12.766,25.192,11.976
104,7,1,26.355,12.765,25.225,11.976
105,7,1,26.409,12.787,25.279,11.997
106,7,1,26.420,12.787,25.290,11.997
107,7,1,26.475,12.809,25.344,12.019
108,7,1,26.507,12.830,25.377,12.040
109,7,1,26.562,12.830,25.432,12.040
110,7,1,26.594,12.852,25.464,12.062
111,7,1,26.627,12.852,25.497,12.062
112,7,1,26.660,12.852,25.530,12.062
113,7,1,26.714,12.873,25.584,12.083
114,7,1,26.747,12.895,25.617,12.105
115,7,1,26.780,12.916,25.649,12.127
116,7,1,26.812,12.938,25.682,12.148
117,7,1,26.845,12.938,25.715,12.148
118,7,1,26.856,12.938,25.726,12.148
119,7,1,26.889,12.938,25.758,12.148
120,7,1,26.921,12.960,25.791,12.170
121,7,1,26.976,12.959,25.845,12.170
122,7,1,26.987,12.959,25.856,12.170
123,7,1,27.041,12.981,25.911,12.191
124,7,1,27.074,12.981,25.944,12.191
125,7,1,27.106,12.981,25.976,12.191
126,7,1,27.139,12.981,26.009,12.191
127,7,1,27.172,13.002,26.042,12.213
128,7,1,27.205,13.002,26.074,12.213
129,7,1,27.259,13.002,26.129,12.212
130,7,1,27.292,13.024,26.162,12.234
131,7,1,27.346,13.024,26.216,12.234
132,7,1,27.401,13.024,26.271,12.234
133,7,1,27.455,13.023,26.325,12.234
134,7,1,27.488,13.045,26.358,12.255
135,7,1,27.521,13.045,26.391,12.255
136,7,1,27.531,13.067,26.401,12.277
137,7,1,27.586,13.067,26.456,12.277
138,7,1,27.597,13.067,26.467,12.277
139,7,1,27.651,13.066,26.521,12.277
140,7,1,27.662,13.066,26.532,12.277
141,7,1,27.717,13.088,26.587,12.298
142,7,1,27.749,13.088,26.619,12.298
143,7,1,27.782,13.088,26.652,12.298
144,7,1,27.815,13.088,26.685,12.298
145,7,1,27.847,13.088,26.718,12.298
146,7,1,27.880,13.109,26.750,12.320
147,7,1,27.934,13.109,26.805,12.320
148,7,1,27.967,13.131,26.837,12.341
149,7,1,28.000,13.131,26.870,12.341
150,7,1,28.032,13.131,26.903,12.341
151,7,1,28.087,13.130,26.957,12.341
152,7,1,28.120,13.130,26.990,12.341
153,7,1,28.174,13.152,27.044,12.362
154,7,1,28.207,13.152,27.077,12.362
155,7,1,28.239,13.152,27.110,12.362
156,7,1,28.250,13.173,27.121,12.384
157,7,1,28.283,13.173,27.153,12.384
158,7,1,28.316,13.173,27.186,12.384
159,7,1,28.370,13.173,27.240,12.384
160,7,1,28.403,13.173,27.273,12.384
161,7,1,28.435,13.173,27.306,12.384
162,7,1,28.468,13.173,27.339,12.384
163,7,1,28.501,13.173,27.371,12.383
164,7,1,28.512,13.173,27.382,12.383
165,7,1,28.544,13.173,27.415,12.383
166,7,1,28.555,13.151,27.426,12.362
167,7,1,28.610,13.151,27.480,12.362
168,7,1,28.664,13.151,27.535,12.361
169,7,1,28.719,13.151,27.589,12.361
170,7,1,28.773,13.151,27.644,12.361
171,7,1,28.828,13.129,27.699,12.339
172,7,1,28.861,13.129,27.731,12.339
173,7,1,28.893,13.129,27.764,12.339
174,7,1,28.904,13.129,27.775,12.339
175,7,1,28.959,13.128,27.829,12.339
176,7,1,28.991,13.128,27.862,12.339
177,7,1,29.046,13.128,27.917,12.339
178,7,1,29.078,13.128,27.949,12.339
179,7,1,29.133,13.128,28.004,12.339
180,7,1,29.166,13.128,28.036,12.339
181,7,1,29.198,13.128,28.069,12.339
182,7,1,29.231,13.128,28.102,12.339
183,7,1,29.285,13.128,28.156,12.338
184,7,1,29.318,13.149,28.189,12.360
185,7,1,29.372,13.149,28.243,12.360
186,7,1,29.383,13.149,28.254,12.360
187,7,1,29.438,13.149,28.309,12.360
188,7,1,29.470,13.149,28.341,12.360
189,7,1,29.547,13.149,28.418,12.360
190,7,1,29.579,13.149,28.450,12.359
191,7,1,29.634,13.148,28.505,12.359
192,7,1,29.666,13.148,28.537,12.359
193,7,1,29.677,13.148,28.548,12.359
194,7,1,29.688,13.170,28.559,12.381
195,7,1,29.743,13.170,28.614,12.381
196,7,1,29.775,13.148,28.646,12.359
197,7,1,29.830,13.148,28.701,12.359
198,7,1,29.863,13.126,28.734,12.337
199,7,1,29.895,13.126,28.766,12.337
200,7,1,29.928,13.126,28.799,12.337
201,7,1,29.961,13.104,28.832,12.315
202,7,1,29.971,13.104,28.843,12.315
203,7,1,30.004,13.104,28.875,12.315
204,7,1,30.037,13.082,28.908,12.293
205,7,1,30.091,13.082,28.963,12.293
206,7,1,30.124,13.061,28.995,12.272
207,7,1,30.178,13.060,29.050,12.271
208,7,1,30.233,13.039,29.104,12.250
209,7,1,30.287,13.039,29.159,12.250
210,7,1,30.320,13.017,29.191,12.228
211,7,1,30.353,13.017,29.224,12.228
212,7,1,30.364,13.017,29.235,12.228
213,7,1,30.418,13.017,29.289,12.228
214,7,1,30.451,13.016,29.322,12.228
215,7,1,30.505,12.995,29.377,12.206
216,7,1,30.538,12.995,29.409,12.206
217,7,1,30.571,12.973,29.442,12.184
218,7,1,30.603,12.973,29.475,12.184
219,7,1,30.658,12.973,29.529,12.184
220,7,1,30.690,12.973,29.562,12.184
221,7,1,30.745,12.972,29.616,12.184
222,7,1,30.756,12.972,29.627,12.184
223,7,1,30.810,12.972,29.682,12.183
224,7,1,30.843,12.972,29.714,12.183
225,7,1,30.897,12.972,29.769,12.183
226,7,1,30.930,12.972,29.801,12.183
227,7,1,30.984,12.972,29.856,12.183
228,7,1,31.017,12.972,29.888,12.183
229,7,1,31.093,12.972,29.965,12.183
230,7,1,31.147,12.971,30.019,12.183
231,7,1,31.180,12.971,30.052,12.183
232,7,1,31.191,12.993,30.062,12.204
233,7,1,31.245,12.993,30.117,12.204
234,7,1,31.278,12.971,30.150,12.182
235,7,1,31.310,12.971,30.182,12.182
236,7,1,31.321,12.971,30.193,12.182
237,7,1,31.354,12.971,30.226,12.182
238,7,1,31.560,12.981,30.345,12.215
239,7,1,31.517,12.981,30.389,12.204
240,7,1,31.550,12.971,30.421,12.193
241,7,1,31.560,12.960,30.432,12.182
242,7,1,31.615,12.970,30.487,12.193
243,7,1,31.626,12.960,30.498,12.182
244,7,1,31.680,12.949,30.552,12.171
245,7,1,31.734,12.938,30.607,12.160
246,7,1,31.789,12.948,30.661,12.171
247,7,1,31.843,12.937,30.715,12.160
248,7,1,31.898,12.926,30.770,12.149
249,7,1,31.930,12.915,30.802,12.138
250,7,1,31.985,12.926,30.857,12.149
251,7,1,32.017,12.915,30.889,12.138
252,7,1,32.072,12.926,30.944,12.148
253,7,1,32.082,12.915,30.955,12.137
254,7,1,32.137,12.926,31.009,12.148
255,7,1,32.169,12.937,31.042,12.159
256,7,1,32.202,12.947,31.074,12.170
257,7,1,32.235,12.936,31.107,12.159
258,7,1,32.289,12.947,31.161,12.170
259,7,1,32.321,12.936,31.194,12.159
260,7,1,32.376,12.947,31.248,12.169
261,7,1,32.408,12.958,31.281,12.180
262,7,1,32.463,12.947,31.335,12.169
263,7,1,32.495,12.936,31.368,12.158
264,7,1,32.550,12.947,31.422,12.169
265,7,1,32.582,12.936,31.455,12.158
266,7,1,32.658,12.946,31.531,12.169
267,7,1,32.691,12.957,31.563,12.180
268,7,1,32.745,12.968,31.618,12.190
269,7,1,32.778,12.979,31.650,12.201
270,7,1,32.789,12.989,31.661,12.212
271,7,1,32.799,12.978,31.672,12.201
272,7,1,32.854,12.989,31.726,12.212
273,7,1,32.865,12.957,31.737,12.179
274,7,1,32.919,12.967,31.792,12.190
275,7,1,32.952,12.956,31.824,12.179
276,7,1,32.984,12.967,31.857,12.190
277,7,1,33.017,12.956,31.889,12.179
278,7,1,33.071,12.967,31.944,12.190
279,7,1,33.104,12.956,31.976,12.179
280,7,1,33.136,12.945,32.009,12.168
281,7,1,33.169,12.934,32.042,12.157
282,7,1,33.223,12.945,32.096,12.168
283,7,1,33.278,12.934,32.150,12.157
284,7,1,33.332,12.923,32.205,12.146
285,7,1,33.386,12.912,32.259,12.135
286,7,1,33.441,12.901,32.313,12.124
287,7,1,33.495,12.869,32.368,12.091
288,7,1,33.527,12.879,32.400,12.102
289,7,1,33.538,12.890,32.411,12.113
290,7,1,33.593,12.901,32.465,12.124
291,7,1,33.625,12.890,32.498,12.113
292,7,1,33.658,12.901,32.531,12.123
293,7,1,33.690,12.890,32.563,12.113
294,7,1,33.745,12.900,32.618,12.123
295,7,1,33.777,12.911,32.650,12.134
0,8,1,22.645,12.187,21.502,11.440
1,8,1,22.677,12.209,21.480,11.429
2,8,1,22.688,12.198,21.491,11.418
3,8,1,22.677,12.209,21.480,11.429
4,8,1,22.688,12.198,21.491,11.418
5,8,1,22.677,12.209,21.480,11.429
6,8,1,22.710,12.198,21.513,11.418
7,8,1,22.699,12.209,21.502,11.429
8,8,1,22.699,12.198,21.502,11.418
9,8,1,22.721,12.209,21.523,11.429
10,8,1,22.732,12.198,21.534,11.418
11,8,1,22.699,12.209,21.502,11.429
12,8,1,22.754,12.219,21.556,11.440
13,8,1,22.765,12.230,21.567,11.450
14,8,1,22.809,12.111,21.612,11.331
15,8,1,22.808,12.230,21.611,11.450
16,8,1,22.841,12.241,21.644,11.461
17,8,1,22.852,12.230,21.655,11.450
18,8,1,22.907,12.241,21.709,11.461
19,8,1,22.918,12.252,21.720,11.472
20,8,1,22.950,12.252,21.753,11.472
21,8,1,22.983,12.273,21.786,11.493
22,8,1,23.016,12.262,21.818,11.483
23,8,1,23.049,12.262,21.851,11.482
24,8,1,23.103,12.262,21.906,11.482
25,8,1,23.136,12.273,21.939,11.493
26,8,1,23.169,12.273,21.972,11.493
27,8,1,23.202,12.295,22.004,11.515
28,8,1,23.235,12.186,22.036,11.612
29,8,1,23.246,12.197,22.047,11.623
30,8,1,23.279,12.186,22.080,11.612
31,8,1,23.312,12.197,22.113,11.623
32,8,1,23.453,12.229,22.409,11.536
33,8,1,23.366,12.251,22.365,11.536
34,8,1,23.399,12.218,22.332,11.558
35,8,1,23.421,12.207,22.354,11.547
36,8,1,23.454,12.207,22.387,11.547
37,8,1,23.475,12.207,22.409,11.547
38,8,1,23.508,12.207,22.441,11.547
39,8,1,23.541,12.196,22.474,11.536
40,8,1,23.563,12.185,22.496,11.525
41,8,1,23.607,12.185,22.540,11.525
42,8,1,23.651,12.174,22.584,11.514
43,8,1,23.694,12.163,22.628,11.503
44,8,1,23.738,12.152,22.671,11.492
45,8,1,23.782,12.130,22.715,11.470
46,8,1,23.826,12.119,22.759,11.459
47,8,1,23.880,12.098,22.814,11.437
48,8,1,23.935,12.087,22.869,11.426
49,8,1,23.968,12.076,22.901,11.415
50,8,1,24.012,12.054,22.945,11.394
51,8,1,24.056,12.043,22.989,11.383
52,8,1,24.088,12.032,23.022,11.372
53,8,1,24.099,12.021,23.033,11.361
54,8,1,24.143,12.021,23.077,11.361
55,8,1,24.176,12.010,23.110,11.350
56,8,1,24.209,12.010,23.142,11.350
57,8,1,24.253,11.999,23.186,11.339
58,8,1,24.285,11.999,23.219,11.339
59,8,1,24.318,11.999,23.252,11.339
60,8,1,24.362,11.988,23.296,11.328
62,8,1,24.351,11.901,23.285,11.241
63,8,1,24.395,11.901,23.329,11.241
64,8,1,24.439,11.890,23.373,11.230
65,8,1,24.483,11.879,23.416,11.219
66,8,1,24.537,11.879,23.471,11.219
67,8,1,24.592,11.868,23.526,11.208
68,8,1,24.625,11.868,23.559,11.208
69,8,1,24.679,11.868,23.613,11.208
70,8,1,24.712,11.868,23.646,11.208
71,8,1,24.756,11.857,23.690,11.197
72,8,1,24.799,11.857,23.733,11.197
73,8,1,24.832,11.846,23.766,11.186
74,8,1,24.854,11.846,23.788,11.186
75,8,1,24.887,11.835,23.821,11.175
76,8,1,24.931,11.835,23.865,11.175
77,8,1,24.974,11.835,23.908,11.175
78,8,1,25.007,11.824,23.941,11.164
79,8,1,25.040,11.824,23.974,11.164
80,8,1,25.094,11.824,24.029,11.164
81,8,1,25.127,11.813,24.061,11.153
82,8,1,25.182,11.813,24.116,11.153
83,8,1,25.226,11.802,24.160,11.142
84,8,1,25.269,11.791,24.203,11.131
85,8,1,25.313,11.791,24.247,11.131
86,8,1,25.368,11.780,24.302,11.120
87,8,1,25.422,11.769,24.356,11.109
88,8,1,25.455,11.769,24.389,11.109
89,8,1,25.510,11.758,24.444,11.098
90,8,1,25.542,11.758,24.477,11.098
91,8,1,25.586,11.758,24.520,11.098
92,8,1,25.630,11.758,24.564,11.098
93,8,1,25.662,11.758,24.597,11.098
94,8,1,25.695,11.758,24.629,11.098
95,8,1,25.739,11.757,24.673,11.098
96,8,1,25.782,11.768,24.717,11.108
97,8,1,25.815,11.768,24.750,11.108
98,8,1,25.848,11.779,24.782,11.119
100,8,1,25.837,11.768,24.771,11.108
101,8,1,25.880,11.779,24.815,11.119
102,8,1,25.924,11.779,24.859,11.119
103,8,1,25.968,11.790,24.902,11.130
104,8,1,26.011,11.790,24.946,11.130
105,8,1,26.055,11.800,24.989,11.141
106,8,1,26.099,11.800,25.033,11.140
107,8,1,26.142,11.811,25.077,11.151
108,8,1,26.186,11.822,25.120,11.162
109,8,1,26.218,11.822,25.153,11.162
110,8,1,26.262,11.822,25.197,11.162
111,8,1,26.295,11.832,25.229,11.173
112,8,1,26.327,11.832,25.262,11.173
113,8,1,26.371,11.832,25.306,11.173
114,8,1,26.404,11.843,25.338,11.183
116,8,1,26.393,11.832,25.328,11.172
117,8,1,26.437,11.832,25.371,11.172
118,8,1,26.469,11.843,25.404,11.183
119,8,1,26.502,11.843,25.437,11.183
120,8,1,26.556,11.843,25.491,11.183
121,8,1,26.600,11.843,25.535,11.183
122,8,1,26.644,11.843,25.578,11.183
123,8,1,26.687,11.842,25.622,11.183
124,8,1,26.731,11.842,25.666,11.183
125,8,1,26.775,11.842,25.709,11.183
126,8,1,26.818,11.842,25.753,11.183
127,8,1,26.862,11.853,25.797,11.193
128,8,1,26.905,11.853,25.840,11.193
129,8,1,27.199,11.917,26.156,11.290
130,8,1,27.199,11.928,26.145,11.280
131,8,1,27.232,11.939,26.178,11.290
132,8,1,27.265,11.928,26.211,11.279
133,8,1,27.297,11.950,26.243,11.301
134,8,1,27.352,11.971,26.298,11.323
136,8,1,27.341,11.960,26.287,11.312
137,8,1,27.384,11.960,26.330,11.312
138,8,1,27.417,11.971,26.363,11.322
139,8,1,27.450,11.982,26.396,11.333
140,8,1,27.482,11.971,26.428,11.322
141,8,1,27.526,11.982,26.472,11.333
142,8,1,27.559,11.982,26.505,11.333
143,8,1,27.602,11.982,26.548,11.333
144,8,1,27.646,11.992,26.592,11.344
145,8,1,27.689,12.014,26.635,11.365
146,8,1,27.722,12.014,26.668,11.365
147,8,1,27.755,12.025,26.701,11.376
148,8,1,27.787,12.025,26.733,11.376
149,8,1,27.820,12.025,26.766,11.376
150,8,1,27.853,12.025,26.799,11.376
152,8,1,27.842,12.014,26.788,11.365
153,8,1,27.875,12.014,26.821,11.365
154,8,1,27.907,12.024,26.853,11.376
155,8,1,27.940,12.024,26.886,11.376
156,8,1,27.973,12.024,26.919,11.376
157,8,1,28.005,12.024,26.951,11.376
158,8,1,28.038,12.024,26.984,11.376
159,8,1,28.081,12.035,27.028,11.386
160,8,1,28.125,12.046,27.071,11.397
161,8,1,28.158,12.035,27.104,11.386
162,8,1,28.201,12.046,27.148,11.397
163,8,1,28.245,12.035,27.191,11.386
164,8,1,28.288,12.045,27.235,11.397
165,8,1,28.332,12.045,27.278,11.397
166,8,1,28.376,12.045,27.322,11.397
167,8,1,28.419,12.045,27.366,11.397
168,8,1,28.452,12.045,27.398,11.397
169,8,1,28.495,12.045,27.442,11.396
170,8,1,28.528,12.045,27.475,11.396
171,8,1,28.561,12.066,27.518,11.418
173,8,1,28.550,12.056,27.507,11.407
174,8,1,28.582,12.056,27.540,11.407
175,8,1,28.626,12.066,27.583,11.418
176,8,1,28.659,12.055,27.616,11.407
177,8,1,28.691,12.066,27.649,11.418
178,8,1,28.735,12.055,27.692,11.407
179,8,1,28.778,12.066,27.736,11.418
180,8,1,28.822,12.066,27.779,11.418
181,8,1,28.855,12.066,27.812,11.417
182,8,1,28.887,12.066,27.845,11.417
183,8,1,29.301,12.119,28.182,11.471
184,8,1,29.257,12.108,28.215,11.460
185,8,1,29.301,12.119,28.259,11.471
186,8,1,29.344,12.130,28.302,11.482
187,8,1,29.388,12.119,28.346,11.471
188,8,1,29.421,12.130,28.378,11.481
189,8,1,29.442,12.130,28.400,11.481
190,8,1,29.475,12.130,28.433,11.481
191,8,1,29.529,12.130,28.487,11.481
193,8,1,29.519,12.119,28.476,11.470
194,8,1,29.562,12.119,28.520,11.470
195,8,1,29.595,12.119,28.553,11.470
196,8,1,29.627,12.129,28.585,11.481
197,8,1,29.671,12.118,28.629,11.470
198,8,1,29.714,12.129,28.672,11.481
199,8,1,29.758,12.118,28.716,11.470
200,8,1,29.802,12.129,28.759,11.481
201,8,1,29.845,12.118,28.803,11.470
202,8,1,29.889,12.129,28.847,11.481
203,8,1,29.943,12.118,28.901,11.470
204,8,1,29.976,12.129,28.934,11.480
205,8,1,30.041,12.118,28.999,11.470
206,8,1,30.084,12.128,29.042,11.480
207,8,1,30.128,12.118,29.086,11.469
208,8,1,30.171,12.128,29.130,11.480
209,8,1,30.204,12.128,29.162,11.480
210,8,1,30.226,12.128,29.184,11.480
211,8,1,30.259,12.128,29.217,11.480
213,8,1,30.248,12.117,29.206,11.469
214,8,1,30.291,12.117,29.249,11.469
215,8,1,30.324,12.128,29.282,11.480
216,8,1,30.378,12.117,29.336,11.469
217,8,1,30.400,12.128,29.358,11.480
218,8,1,30.443,12.128,29.402,11.480
219,8,1,30.487,12.128,29.445,11.480
220,8,1,30.520,12.128,29.478,11.479
221,8,1,30.585,12.127,29.543,11.479
222,8,1,30.628,12.138,29.587,11.490
223,8,1,30.672,12.149,29.630,11.501
224,8,1,30.726,12.138,29.685,11.490
225,8,1,30.759,12.160,29.717,11.512
226,8,1,30.813,12.159,29.772,11.511
227,8,1,30.846,12.159,29.804,11.511
228,8,1,30.889,12.170,29.848,11.522
229,8,1,30.922,12.170,29.880,11.522
230,8,1,30.944,12.170,29.902,11.522
231,8,1,30.976,12.170,29.935,11.522
233,8,1,30.965,12.159,29.924,11.511
234,8,1,30.998,12.159,29.957,11.511
235,8,1,31.042,12.159,30.000,11.511
236,8,1,31.074,12.159,30.033,11.511
237,8,1,31.107,12.148,30.065,11.500
238,8,1,31.454,12.212,30.348,11.608
239,8,1,31.411,12.223,30.370,11.586
240,8,1,31.454,12.223,30.413,11.586
241,8,1,31.498,12.223,30.457,11.586
242,8,1,31.541,12.223,30.500,11.586
243,8,1,31.596,12.212,30.554,11.575
244,8,1,31.628,12.212,30.587,11.575
245,8,1,31.694,12.212,30.652,11.575
246,8,1,31.737,12.201,30.696,11.564
247,8,1,31.781,12.201,30.739,11.564
248,8,1,31.824,12.201,30.783,11.564
249,8,1,31.857,12.201,30.816,11.564
250,8,1,31.889,12.201,30.848,11.564
251,8,1,31.933,12.200,30.892,11.564
253,8,1,31.922,12.190,30.881,11.553
254,8,1,31.965,12.190,30.924,11.553
255,8,1,31.998,12.190,30.957,11.553
256,8,1,32.052,12.189,31.011,11.553
257,8,1,32.085,12.189,31.044,11.552
258,8,1,32.128,12.189,31.087,11.552
259,8,1,32.172,12.189,31.131,11.552
260,8,1,32.215,12.189,31.174,11.552
261,8,1,32.259,12.189,31.218,11.552
262,8,1,32.302,12.200,31.261,11.563
263,8,1,32.346,12.200,31.305,11.563
264,8,1,32.389,12.200,31.348,11.563
265,8,1,32.433,12.199,31.392,11.563
266,8,1,32.476,12.199,31.435,11.563
267,8,1,32.509,12.210,31.468,11.573
268,8,1,32.530,12.210,31.489,11.573
269,8,1,32.563,12.210,31.522,11.573
270,8,1,32.617,12.210,31.576,11.573
272,8,1,32.606,12.199,31.566,11.562
273,8,1,32.639,12.199,31.598,11.562
274,8,1,32.672,12.199,31.631,11.562
275,8,1,32.715,12.199,31.674,11.562
276,8,1,32.759,12.199,31.718,11.562
277,8,1,32.791,12.188,31.750,11.551
278,8,1,32.824,12.188,31.783,11.551
279,8,1,32.878,12.188,31.837,11.551
280,8,1,32.911,12.188,31.870,11.551
281,8,1,32.976,12.177,31.935,11.540
282,8,1,33.019,12.177,31.979,11.540
283,8,1,33.074,12.166,32.033,11.529
284,8,1,33.106,12.166,32.066,11.529
285,8,1,33.160,12.155,32.120,11.518
286,8,1,33.193,12.155,32.153,11.518
287,8,1,33.236,12.154,32.196,11.518
288,8,1,33.280,12.144,32.239,11.507
289,8,1,33.313,12.144,32.272,11.507
290,8,1,33.345,12.143,32.305,11.507
292,8,1,33.334,12.133,32.294,11.496
293,8,1,33.367,12.133,32.326,11.496
294,8,1,33.410,12.132,32.370,11.496
295,8,1,33.454,12.132,32.413,11.496
0,10,2,48.746,11.714,47.057,11.060
1,10,2,48.789,11.735,47.025,11.049
2,10,2,48.703,11.724,46.939,11.039
3,10,2,48.617,11.714,46.853,11.028
4,10,2,48.521,11.703,46.756,11.017
5,10,2,48.424,11.693,46.659,11.007
6,10,2,48.327,11.682,46.562,10.996
7,10,2,48.230,11.672,46.466,10.986
8,10,2,48.123,11.661,46.358,10.975
9,10,2,48.037,11.650,46.272,10.964
10,10,2,47.940,11.640,46.175,10.954
11,10,2,47.779,11.629,46.014,10.943
12,10,2,47.747,11.619,45.981,10.932
13,10,2,47.628,11.608,45.863,10.922
14,10,2,47.564,11.608,45.798,10.922
15,10,2,47.445,11.544,45.852,10.825
16,10,2,47.478,11.533,45.798,10.836
17,10,2,47.424,11.512,45.745,10.814
18,10,2,47.263,11.512,45.583,10.815
19,10,2,47.166,11.512,45.486,10.815
20,10,2,47.058,11.512,45.379,10.815
21,10,2,46.951,11.491,45.271,10.794
22,10,2,46.832,11.491,45.152,10.794
23,10,2,46.725,11.470,45.045,10.772
24,10,2,46.596,11.470,44.916,10.773
25,10,2,46.499,11.470,44.819,10.773
26,10,2,46.391,11.449,44.711,10.751
27,10,2,46.284,11.449,44.603,10.752
28,10,2,46.079,11.536,44.302,10.827
29,10,2,45.982,11.514,44.248,10.849
30,10,2,45.799,11.493,44.086,10.849
31,10,2,45.659,11.493,43.935,10.817
32,10,2,45.541,11.483,43.817,10.839
33,10,2,45.444,11.472,43.720,10.818
34,10,2,45.282,11.451,43.741,10.828
35,10,2,45.175,11.483,43.634,10.764
36,10,2,45.239,11.440,43.580,10.796
37,10,2,45.121,11.430,43.461,10.786
38,10,2,45.035,11.419,43.375,10.775
39,10,2,44.884,11.430,43.224,10.786
40,10,2,44.787,11.419,43.127,10.775
41,10,2,44.647,11.409,42.987,10.765
42,10,2,44.442,11.409,42.707,10.798
43,10,2,44.410,11.420,42.750,10.787
44,10,2,44.292,11.420,42.631,10.787
45,10,2,44.151,11.420,42.491,10.787
46,10,2,44.033,11.399,42.372,10.766
47,10,2,43.914,11.399,42.254,10.766
48,10,2,43.666,11.432,41.962,10.842
49,10,2,43.645,11.443,41.984,10.820
50,10,2,43.526,11.432,41.865,10.810
51,10,2,43.408,11.443,41.747,10.821
52,10,2,43.268,11.433,41.606,10.810
53,10,2,43.171,11.444,41.509,10.821
54,10,2,43.030,11.433,41.369,10.811
55,10,2,42.912,11.444,41.250,10.822
56,10,2,42.793,11.412,41.131,10.789
57,10,2,42.674,11.423,41.013,10.800
58,10,2,42.534,11.413,40.872,10.790
59,10,2,42.416,11.402,40.753,10.779
60,10,2,42.297,11.391,40.635,10.769
61,10,2,42.178,11.402,40.516,10.780
62,10,2,42.038,11.392,40.375,10.769
63,10,2,41.919,11.381,40.257,10.758
64,10,2,41.779,11.371,40.116,10.748
65,10,2,41.660,11.382,39.997,10.759
66,10,2,41.541,11.371,39.879,10.748
67,10,2,41.423,11.361,39.760,10.738
68,10,2,41.282,11.350,39.619,10.727
69,10,2,41.164,11.361,39.500,10.738
70,10,2,41.045,11.351,39.382,10.727
71,10,2,40.926,11.340,39.263,10.717
72,10,2,40.786,11.329,39.122,10.706
73,10,2,40.688,11.340,39.025,10.717
74,10,2,40.548,11.308,38.884,10.685
75,10,2,40.429,11.319,38.765,10.696
76,10,2,40.310,11.309,38.646,10.685
77,10,2,40.192,11.298,38.528,10.675
78,10,2,40.051,11.288,38.387,10.664
79,10,2,39.932,11.299,38.268,10.675
80,10,2,39.792,11.288,38.127,10.665
81,10,2,39.695,11.277,38.030,10.654
82,10,2,39.554,11.267,37.889,10.643
83,10,2,39.435,11.278,37.770,10.654
84,10,2,39.316,11.267,37.651,10.644
85,10,2,39.197,11.257,37.532,10.633
86,10,2,39.057,11.246,37.392,10.623
87,10,2,38.959,11.257,37.294,10.634
88,10,2,38.819,11.247,37.154,10.623
89,10,2,38.700,11.236,37.035,10.612
90,10,2,38.559,11.225,36.894,10.602
91,10,2,38.462,11.236,36.796,10.613
92,10,2,38.321,11.226,36.656,10.602
93,10,2,38.062,11.075,36.429,10.440
94,10,2,37.965,11.075,36.385,10.430
95,10,2,37.997,11.064,36.353,10.441
96,10,2,37.878,11.054,36.234,10.430
97,10,2,37.759,11.065,36.115,10.441
98,10,2,37.640,11.054,35.995,10.430
99,10,2,37.521,11.044,35.876,10.420
100,10,2,37.380,11.033,35.736,10.409
101,10,2,37.283,11.044,35.638,10.420
102,10,2,37.142,11.033,35.497,10.409
103,10,2,37.023,11.044,35.378,10.420
104,10,2,36.709,11.045,35.129,10.399
105,10,2,36.612,11.034,34.988,10.399
106,10,2,36.622,11.023,34.999,10.399
107,10,2,36.503,11.013,34.880,10.389
108,10,2,36.384,11.024,34.760,10.400
109,10,2,36.265,11.013,34.641,10.389
110,10,2,36.146,11.024,34.522,10.400
111,10,2,36.027,11.014,34.403,10.389
112,10,2,35.908,11.003,34.283,10.379
113,10,2,35.767,10.992,34.142,10.368
114,10,2,35.669,11.003,34.045,10.379
115,10,2,35.528,10.993,33.904,10.369
116,10,2,35.431,11.004,33.806,10.379
117,10,2,35.290,10.993,33.665,10.369
118,10,2,35.171,11.004,33.546,10.380
119,10,2,34.889,11.070,33.350,10.413
120,10,2,34.932,11.048,33.318,10.423
121,10,2,34.824,11.037,33.209,10.413
122,10,2,34.563,11.038,32.818,10.467
123,10,2,34.379,11.016,32.710,10.457
124,10,2,34.162,11.028,32.580,10.425
125,10,2,34.075,11.028,32.623,10.392
126,10,2,34.032,11.049,32.515,10.446
127,10,2,34.065,11.039,32.482,10.435
128,10,2,33.945,11.050,32.363,10.446
129,10,2,33.848,11.061,32.265,10.457
130,10,2,33.707,11.050,32.124,10.447
131,10,2,33.609,11.061,32.026,10.458
132,10,2,33.576,10.996,31.689,10.393
133,10,2,33.425,10.996,31.841,10.393
134,10,2,33.446,10.996,31.418,10.383
135,10,2,33.229,10.986,31.635,10.383
136,10,2,33.121,10.997,31.526,10.394
137,10,2,33.012,10.986,31.418,10.383
138,10,2,32.860,10.997,31.266,10.394
139,10,2,32.773,10.987,31.179,10.383
140,10,2,32.643,10.998,31.048,10.394
141,10,2,32.513,10.987,30.918,10.384
142,10,2,32.404,10.998,30.809,10.395
143,10,2,32.274,10.987,30.679,10.384
144,10,2,32.133,10.923,30.244,10.395
145,10,2,31.992,10.955,30.396,10.363
146,10,2,31.883,10.956,30.288,10.363
147,10,2,31.731,10.956,30.135,10.363
148,10,2,31.622,10.956,30.027,10.363
149,10,2,31.492,10.956,29.896,10.363
150,10,2,31.361,10.956,29.766,10.364
151,10,2,31.231,10.957,29.635,10.364
152,10,2,31.122,10.957,29.526,10.364
153,10,2,31.014,10.957,29.418,10.364
154,10,2,30.883,10.957,29.287,10.364
155,10,2,30.753,10.957,29.156,10.365
156,10,2,30.644,10.958,29.048,10.365
157,10,2,30.535,10.958,28.939,10.365
158,10,2,30.383,10.958,28.786,10.365
159,10,2,30.296,10.958,28.699,10.365
160,10,2,30.166,10.937,28.569,10.344
161,10,2,30.035,10.915,28.438,10.322
162,10,2,29.926,10.937,28.329,10.344
163,10,2,29.774,10.916,28.177,10.323
164,10,2,29.687,10.916,28.090,10.323
165,10,2,29.557,10.916,27.959,10.323
166,10,2,29.426,10.895,27.829,10.301
167,10,2,29.317,10.873,27.720,10.280
168,10,2,29.187,10.873,27.589,10.280
169,10,2,29.056,10.874,27.458,10.280
170,10,2,28.947,10.852,27.350,10.259
171,10,2,28.839,10.831,27.241,10.237
172,10,2,28.708,10.831,27.110,10.238
173,10,2,28.577,10.831,26.979,10.238
174,10,2,28.447,10.810,26.849,10.216
175,10,2,28.338,10.766,26.740,10.173
176,10,2,28.229,10.745,26.631,10.152
177,10,2,28.099,10.745,26.500,10.152
178,10,2,27.968,10.745,26.370,10.152
179,10,2,27.859,10.724,26.261,10.130
180,10,2,27.751,10.681,26.152,10.087
181,10,2,27.620,10.659,26.021,10.066
182,10,2,27.511,10.659,25.912,10.066
183,10,2,27.402,10.638,25.803,10.044
184,10,2,27.272,10.616,25.672,10.023
185,10,2,27.141,10.617,25.542,10.023
186,10,2,27.032,10.595,25.433,10.001
187,10,2,26.792,10.606,25.302,10.012
188,10,2,26.847,10.595,25.258,10.002
189,10,2,26.727,10.574,25.138,9.980
190,10,2,26.629,10.574,25.040,9.980
191,10,2,26.509,10.553,24.920,9.959
192,10,2,26.389,10.509,24.801,9.916
193,10,2,26.270,10.488,24.681,9.894
194,10,2,26.150,10.488,24.561,9.894
195,10,2,26.030,10.467,24.441,9.873
196,10,2,25.932,10.423,24.343,9.829
197,10,2,25.790,10.402,24.201,9.808
198,10,2,25.692,10.402,24.103,9.808
199,10,2,25.572,10.381,23.983,9.787
200,10,2,25.453,10.337,23.863,9.743
201,10,2,25.333,10.316,23.743,9.722
202,10,2,25.234,10.316,23.645,9.722
203,10,2,25.093,10.295,23.503,9.700
204,10,2,24.995,10.251,23.405,9.657
205,10,2,24.875,10.230,23.285,9.636
206,10,2,24.755,10.230,23.165,9.636
207,10,2,24.635,10.208,23.045,9.614
208,10,2,24.471,10.198,22.805,9.549
209,10,2,24.439,10.198,22.696,9.550
210,10,2,24.362,10.165,22.772,9.571
211,10,2,24.297,10.166,22.434,9.528
212,10,2,24.177,10.144,22.336,9.496
213,10,2,24.090,10.144,22.226,9.496
214,10,2,23.959,10.144,22.095,9.474
215,10,2,23.729,10.166,22.052,9.474
216,10,2,23.642,10.091,21.953,9.464
217,10,2,23.599,10.069,22.008,9.474
218,10,2,23.457,10.091,21.768,9.420
219,10,2,23.402,10.047,21.811,9.453
220,10,2,23.282,10.026,21.691,9.431
221,10,2,23.184,10.026,21.593,9.432
222,10,2,23.064,10.005,21.473,9.410
223,10,2,22.944,9.983,21.353,9.388
224,10,2,22.824,9.983,21.232,9.389
225,10,2,22.726,9.962,21.134,9.367
226,10,2,22.606,9.940,21.014,9.345
227,10,2,22.485,9.940,20.894,9.346
228,10,2,22.365,9.919,20.773,9.324
229,10,2,22.267,9.897,20.675,9.302
230,10,2,22.147,9.897,20.555,9.303
231,10,2,22.027,9.876,20.435,9.281
232,10,2,21.907,9.854,20.314,9.259
233,10,2,21.808,9.854,20.216,9.259
234,10,2,21.688,9.833,20.096,9.238
235,10,2,21.568,9.811,19.976,9.216
236,10,2,21.448,9.790,19.855,9.195
237,10,2,21.350,9.790,19.757,9.195
238,10,2,20.945,9.725,19.473,9.097
239,10,2,21.011,9.703,19.429,9.108
240,10,2,20.902,9.682,19.320,9.087
241,10,2,20.793,9.682,19.210,9.087
242,10,2,20.661,9.660,19.079,9.065
243,10,2,20.552,9.639,18.970,9.044
244,10,2,20.443,9.617,18.861,9.022
245,10,2,20.312,9.617,18.729,9.022
246,10,2,20.115,9.607,18.400,9.066
247,10,2,19.951,9.618,18.291,9.023
248,10,2,19.918,9.607,18.335,9.023
249,10,2,19.808,9.596,18.225,9.012
250,10,2,19.492,9.466,18.074,8.806
251,10,2,19.284,9.456,17.920,8.871
252,10,2,19.317,9.467,17.821,8.871
253,10,2,19.350,9.456,17.799,8.871
254,10,2,19.229,9.445,17.679,8.860
255,10,2,19.109,9.413,17.559,8.828
256,10,2,19.011,9.402,17.460,8.817
257,10,2,18.891,9.369,17.340,8.785
258,10,2,18.770,9.359,17.219,8.774
259,10,2,18.563,9.283,16.979,8.622
260,10,2,18.552,9.240,17.001,8.655
261,10,2,18.454,9.229,16.902,8.644
262,10,2,18.333,9.196,16.782,8.612
263,10,2,18.213,9.186,16.662,8.601
264,10,2,18.115,9.153,16.563,8.568
265,10,2,17.994,9.121,16.443,8.536
266,10,2,17.874,9.088,16.323,8.503
267,10,2,17.754,9.078,16.202,8.493
268,10,2,17.655,9.045,16.104,8.460
269,10,2,17.535,9.013,15.983,8.428
270,10,2,17.437,8.980,15.885,8.395
271,10,2,17.316,8.969,15.764,8.384
272,10,2,17.196,8.937,15.644,8.352
273,10,2,17.076,8.904,15.523,8.319
274,10,2,16.977,8.872,15.425,8.287
275,10,2,16.857,8.840,15.305,8.254
276,10,2,16.759,8.785,15.206,8.200
277,10,2,16.638,8.775,15.086,8.189
278,10,2,16.540,8.720,14.987,8.135
279,10,2,16.419,8.710,14.867,8.124
280,10,2,16.321,8.655,14.769,8.070
281,10,2,16.201,8.623,14.648,8.038
282,10,2,16.102,8.590,14.550,8.005
283,10,2,15.982,8.558,14.429,7.973
284,10,2,15.884,8.504,14.331,7.918
285,10,2,15.763,8.471,14.210,7.886
286,10,2,15.665,8.417,14.112,7.832
287,10,2,15.545,8.385,13.992,7.799
288,10,2,15.446,8.352,13.893,7.767
289,10,2,15.348,8.320,13.795,7.734
290,10,2,15.250,8.265,13.696,7.680
291,10,2,15.129,8.233,13.576,7.647
292,10,2,15.053,8.179,13.500,7.593
293,10,2,14.932,8.146,13.379,7.560
294,10,2,14.834,8.092,13.281,7.506
295,10,2,14.736,8.038,13.182,7.452
0,11,2,52.003,10.052,49.974,9.153
1,11,2,52.067,10.063,49.909,9.206
2,11,2,52.056,10.063,49.909,9.206
3,11,2,51.981,10.074,49.834,9.217
4,11,2,51.681,10.128,49.674,9.271
5,11,2,51.724,10.117,49.641,9.260
6,11,2,51.628,10.128,49.545,9.271
7,11,2,51.553,10.139,49.470,9.282
8,11,2,51.435,10.150,49.352,9.293
9,11,2,51.339,10.161,49.255,9.304
10,11,2,51.221,10.193,49.137,9.336
11,11,2,51.124,10.182,49.041,9.325
12,11,2,50.942,10.236,48.901,9.401
13,11,2,50.760,10.194,48.880,9.433
14,11,2,50.835,10.226,48.805,9.401
15,11,2,50.728,10.247,48.698,9.423
16,11,2,50.642,10.269,48.612,9.444
17,11,2,50.535,10.269,48.504,9.444
18,11,2,50.428,10.269,48.397,9.444
19,11,2,50.320,10.270,48.290,9.444
20,11,2,50.213,10.291,48.182,9.466
21,11,2,50.106,10.313,48.075,9.488
22,11,2,49.999,10.313,47.968,9.488
23,11,2,49.891,10.313,47.860,9.488
24,11,2,49.784,10.335,47.753,9.510
25,11,2,49.677,10.356,47.645,9.531
26,11,2,49.569,10.357,47.538,9.531
27,11,2,49.248,10.443,47.345,9.553
28,11,2,49.151,10.443,47.280,9.532
29,11,2,49.012,10.454,47.151,9.543
30,11,2,49.076,10.411,47.108,9.575
31,11,2,48.968,10.422,47.001,9.586
32,11,2,48.840,10.411,46.872,9.575
33,11,2,48.732,10.422,46.764,9.586
34,11,2,48.646,10.433,46.678,9.597
35,11,2,48.518,10.444,46.549,9.608
36,11,2,48.410,10.455,46.442,9.619
37,11,2,48.281,10.466,46.313,9.630
38,11,2,48.174,10.455,46.205,9.619
39,11,2,48.066,10.466,46.098,9.630
40,11,2,47.937,10.456,45.969,9.619
41,11,2,47.830,10.488,45.861,9.652
42,11,2,47.723,10.478,45.754,9.641
43,11,2,47.594,10.489,45.625,9.652
44,11,2,47.465,10.478,45.495,9.641
45,11,2,47.357,10.489,45.388,9.652
46,11,2,47.250,10.478,45.280,9.642
47,11,2,47.121,10.489,45.151,9.653
48,11,2,47.013,10.479,45.043,9.642
49,11,2,46.906,10.490,44.936,9.653
50,11,2,46.777,10.501,44.807,9.664
51,11,2,46.648,10.512,44.678,9.675
52,11,2,46.540,10.501,44.570,9.664
53,11,2,46.454,10.512,44.484,9.675
54,11,2,46.325,10.501,44.355,9.664
55,11,2,46.217,10.512,44.247,9.675
56,11,2,46.067,10.502,44.096,9.665
57,11,2,45.981,10.513,44.010,9.675
58,11,2,45.852,10.502,43.881,9.665
59,11,2,45.723,10.513,43.751,9.676
60,11,2,45.615,10.502,43.644,9.665
61,11,2,45.486,10.513,43.514,9.676
62,11,2,45.357,10.503,43.385,9.665
63,11,2,45.249,10.492,43.277,9.655
64,11,2,44.764,10.450,43.213,9.579
65,11,2,44.969,10.428,43.040,9.590
66,11,2,44.851,10.417,42.922,9.580
67,11,2,44.517,10.472,42.943,9.569
68,11,2,44.441,10.493,42.879,9.515
69,11,2,44.592,10.428,42.728,9.591
70,11,2,44.183,10.418,42.706,9.483
71,11,2,44.366,10.375,42.534,9.537
72,11,2,44.247,10.364,42.415,9.527
73,11,2,44.129,10.354,42.297,9.516
74,11,2,44.000,10.343,42.167,9.505
75,11,2,43.892,10.333,42.059,9.495
76,11,2,43.773,10.343,41.941,9.506
77,11,2,43.633,10.301,41.800,9.463
78,11,2,43.536,10.322,41.703,9.484
79,11,2,43.418,10.312,41.585,9.474
80,11,2,43.364,10.355,41.531,9.517
81,11,2,43.181,10.290,41.347,9.452
82,11,2,43.062,10.301,41.229,9.463
83,11,2,42.954,10.258,41.121,9.420
84,11,2,42.825,10.280,40.991,9.442
85,11,2,42.706,10.248,40.873,9.410
86,11,2,42.599,10.259,40.765,9.421
87,11,2,42.469,10.248,40.635,9.410
88,11,2,42.351,10.238,40.517,9.399
89,11,2,42.243,10.227,40.409,9.389
90,11,2,42.113,10.217,40.279,9.378
91,11,2,41.995,10.206,40.160,9.368
92,11,2,41.876,10.195,40.042,9.357
93,11,2,41.757,10.163,39.923,9.325
94,11,2,41.639,10.174,39.804,9.336
95,11,2,41.520,10.142,39.685,9.303
96,11,2,41.401,10.131,39.566,9.293
97,11,2,41.283,10.099,39.448,9.261
98,11,2,41.164,10.088,39.329,9.250
99,11,2,41.045,10.078,39.210,9.239
100,11,2,40.926,10.067,39.091,9.229
101,11,2,40.808,10.035,38.972,9.196
102,11,2,40.689,10.024,38.853,9.186
103,11,2,40.570,9.992,38.735,9.153
104,11,2,40.451,9.982,38.616,9.143
105,11,2,40.333,9.949,38.497,9.111
106,11,2,40.214,9.939,38.378,9.100
107,11,2,40.095,9.907,38.259,9.068
108,11,2,39.847,9.929,37.848,9.014
109,11,2,39.782,9.885,37.946,9.046
110,11,2,39.663,9.875,37.827,9.036
111,11,2,39.566,9.843,37.730,9.004
112,11,2,39.447,9.821,37.329,8.982
113,11,2,39.317,9.821,37.470,8.982
114,11,2,39.209,9.811,37.362,8.972
115,11,2,39.058,9.779,37.211,8.939
116,11,2,38.766,9.725,37.091,9.004
117,11,2,38.853,9.779,37.016,8.950
118,11,2,38.734,9.757,36.897,8.929
119,11,2,38.615,9.736,36.778,8.907
120,11,2,38.496,9.715,36.659,8.886
121,11,2,38.377,9.693,36.540,8.864
122,11,2,38.258,9.672,36.421,8.843
123,11,2,38.140,9.650,36.302,8.822
124,11,2,37.999,9.629,36.161,8.800
125,11,2,37.902,9.607,36.064,8.779
126,11,2,37.761,9.586,35.923,8.757
127,11,2,37.642,9.565,35.804,8.736
128,11,2,37.523,9.543,35.685,8.714
129,11,2,37.404,9.522,35.566,8.693
130,11,2,37.264,9.500,35.425,8.671
131,11,2,37.145,9.479,35.306,8.650
132,11,2,37.026,9.457,35.187,8.628
133,11,2,36.907,9.436,35.068,8.607
134,11,2,36.766,9.414,34.927,8.585
135,11,2,36.647,9.393,34.808,8.564
136,11,2,36.528,9.372,34.689,8.542
137,11,2,36.409,9.350,34.570,8.521
138,11,2,36.268,9.329,34.429,8.499
139,11,2,36.149,9.307,34.310,8.478
140,11,2,36.009,9.286,34.169,8.456
141,11,2,35.890,9.264,34.050,8.435
142,11,2,35.771,9.243,33.931,8.413
143,11,2,35.651,9.243,33.812,8.414
144,11,2,35.511,9.222,33.671,8.392
145,11,2,35.392,9.200,33.552,8.371
146,11,2,35.251,9.179,33.411,8.349
147,11,2,35.132,9.157,33.292,8.328
148,11,2,34.991,9.136,33.151,8.306
149,11,2,34.872,9.136,33.032,8.306
150,11,2,34.731,9.114,32.891,8.285
151,11,2,34.612,9.093,32.771,8.263
152,11,2,34.471,9.072,32.630,8.242
153,11,2,34.352,9.072,32.511,8.242
154,11,2,34.211,9.050,32.370,8.220
155,11,2,34.092,9.029,32.251,8.199
156,11,2,33.951,9.029,32.110,8.199
157,11,2,33.832,9.007,31.991,8.177
158,11,2,33.691,9.007,31.849,8.178
159,11,2,33.572,8.986,31.730,8.156
160,11,2,33.431,8.986,31.589,8.156
161,11,2,33.311,8.965,31.470,8.135
162,11,2,33.170,8.965,31.329,8.135
163,11,2,33.029,8.943,31.188,8.113
164,11,2,32.889,8.922,31.046,8.092
165,11,2,32.769,8.922,30.927,8.092
166,11,2,32.628,8.901,30.786,8.070
167,11,2,32.509,8.879,30.667,8.049
168,11,2,32.368,8.879,30.525,8.049
169,11,2,32.227,8.858,30.384,8.027
170,11,2,32.086,8.858,30.243,8.027
171,11,2,31.966,8.836,30.124,8.006
172,11,2,31.825,8.836,29.982,8.006
173,11,2,31.684,8.815,29.841,7.984
174,11,2,31.543,8.815,29.700,7.985
175,11,2,31.402,8.794,29.559,7.963
176,11,2,31.261,8.794,29.417,7.963
177,11,2,31.141,8.794,29.298,7.963
178,11,2,30.979,8.794,29.135,7.963
179,11,2,30.859,8.794,29.015,7.963
180,11,2,30.718,8.794,28.874,7.963
181,11,2,30.577,8.773,28.733,7.942
182,11,2,30.435,8.773,28.591,7.942
183,11,2,30.316,8.773,28.472,7.942
184,11,2,30.175,8.773,28.330,7.942
185,11,2,30.033,8.773,28.189,7.942
186,11,2,29.892,8.773,28.047,7.942
187,11,2,29.751,8.752,27.906,7.921
188,11,2,29.610,8.752,27.765,7.921
189,11,2,29.490,8.752,27.645,7.921
190,11,2,29.327,8.752,27.482,7.921
191,11,2,29.207,8.752,27.362,7.921
192,11,2,29.044,8.753,27.199,7.921
193,11,2,28.925,8.753,27.079,7.921
194,11,2,28.761,8.753,26.916,7.921
195,11,2,28.642,8.775,26.796,7.943
196,11,2,28.500,8.775,26.654,7.943
197,11,2,28.359,8.775,26.513,7.943
198,11,2,28.217,8.797,26.371,7.965
199,11,2,28.076,8.797,26.229,7.965
200,11,2,27.934,8.818,26.087,7.987
201,11,2,27.793,8.819,25.946,7.987
202,11,2,27.651,8.840,25.804,8.009
203,11,2,27.531,8.840,25.684,8.009
204,11,2,27.390,8.862,25.542,8.030
205,11,2,27.248,8.862,25.401,8.031
206,11,2,27.106,8.884,25.259,8.052
207,11,2,26.987,8.884,25.139,8.052
208,11,2,26.823,8.906,24.975,8.074
209,11,2,26.703,8.906,24.855,8.074
210,11,2,26.562,8.928,24.714,8.096
211,11,2,26.442,8.928,24.594,8.096
212,11,2,26.300,8.950,24.452,8.118
213,11,2,26.180,8.972,24.332,8.140
214,11,2,26.038,8.972,24.190,8.140
215,11,2,25.896,8.994,24.048,8.161
216,11,2,25.776,9.015,23.928,8.183
217,11,2,25.656,9.037,23.807,8.205
218,11,2,25.515,9.037,23.666,8.205
219,11,2,25.395,9.059,23.545,8.227
220,11,2,25.253,9.081,23.403,8.248
221,11,2,25.155,9.103,23.305,8.270
222,11,2,25.013,9.124,23.163,8.292
223,11,2,24.893,9.124,23.043,8.292
224,11,2,24.773,9.146,22.923,8.314
225,11,2,24.652,9.168,22.802,8.336
226,11,2,24.510,9.190,22.660,8.357
227,11,2,24.412,9.212,22.562,8.379
228,11,2,24.270,9.212,22.420,8.379
229,11,2,24.172,9.234,22.321,8.401
230,11,2,24.030,9.255,22.179,8.423
231,11,2,23.931,9.277,22.081,8.444
232,11,2,23.789,9.299,21.939,8.466
233,11,2,23.691,9.321,21.840,8.488
234,11,2,23.549,9.343,21.698,8.510
235,11,2,23.451,9.343,21.600,8.510
236,11,2,23.309,9.365,21.457,8.532
237,11,2,23.210,9.386,21.359,8.553
238,11,2,23.068,9.408,21.216,8.575
239,11,2,23.472,9.408,21.512,8.553
240,11,2,23.407,9.397,21.555,8.564
241,11,2,23.286,9.419,21.435,8.586
242,11,2,23.188,9.441,21.336,8.608
243,11,2,23.046,9.441,21.194,8.608
244,11,2,22.948,9.463,21.096,8.630
245,11,2,22.827,9.506,20.975,8.673
246,11,2,22.707,9.528,20.855,8.695
247,11,2,22.587,9.528,20.734,8.695
248,11,2,22.488,9.550,20.636,8.717
249,11,2,22.368,9.572,20.515,8.739
250,11,2,22.248,9.572,20.395,8.739
251,11,2,22.127,9.594,20.275,8.760
252,11,2,22.029,9.615,20.176,8.782
253,11,2,21.908,9.616,20.056,8.782
254,11,2,21.788,9.616,19.935,8.782
255,11,2,21.668,9.638,19.815,8.804
256,11,2,21.569,9.659,19.716,8.826
257,11,2,21.449,9.659,19.596,8.826
258,11,2,21.329,9.660,19.475,8.826
259,11,2,21.208,9.681,19.355,8.848
260,11,2,21.110,9.703,19.256,8.870
261,11,2,20.989,9.703,19.136,8.870
262,11,2,20.869,9.704,19.015,8.870
263,11,2,20.748,9.725,18.894,8.892
264,11,2,20.650,9.747,18.796,8.914
265,11,2,20.530,9.747,18.675,8.914
266,11,2,20.300,9.737,18.346,8.968
267,11,2,20.256,9.759,18.401,8.936
268,11,2,20.157,9.770,18.303,8.947
269,11,2,20.037,9.781,18.182,8.958
270,11,2,19.916,9.770,18.062,8.947
271,11,2,19.818,9.781,17.963,8.958
272,11,2,19.698,9.770,17.842,8.947
273,11,2,19.599,9.781,17.744,8.958
274,11,2,19.424,9.781,17.503,8.958
275,11,2,19.303,9.771,17.415,8.980
276,11,2,19.172,9.749,17.272,9.002
277,11,2,19.063,9.749,17.184,8.980
278,11,2,18.909,9.749,17.042,9.002
279,11,2,18.822,9.728,16.932,8.991
280,11,2,18.657,9.739,16.779,8.981
281,11,2,18.712,9.750,16.570,8.981
282,11,2,18.570,9.739,16.713,8.981
283,11,2,18.471,9.728,16.614,8.970
284,11,2,18.373,9.717,16.516,8.959
285,11,2,18.252,9.728,16.395,8.970
286,11,2,18.154,9.696,16.297,8.938
287,11,2,18.033,9.707,16.176,8.949
288,11,2,17.836,9.718,15.935,8.884
289,11,2,17.803,9.729,15.858,8.895
290,11,2,17.649,9.718,15.649,8.917
291,11,2,17.606,9.675,15.562,8.895
292,11,2,17.518,9.664,15.661,8.906
293,11,2,17.420,9.653,15.562,8.895
294,11,2,17.321,9.643,15.463,8.884
295,11,2,17.201,9.632,15.343,8.873
0,12,2,46.688,8.737,44.719,7.986
59,12,2,46.741,8.758,44.676,7.975
60,12,2,46.559,8.758,44.493,7.975
61,12,2,46.376,8.758,44.310,7.975
62,12,2,46.215,8.759,44.148,7.975
63,12,2,46.032,8.759,43.966,7.975
64,12,2,45.871,8.780,43.804,7.997
65,12,2,45.666,8.781,43.600,7.997
66,12,2,45.505,8.781,43.438,7.997
67,12,2,45.301,8.781,43.233,7.997
68,12,2,45.139,8.781,43.072,7.997
69,12,2,44.956,8.781,42.889,7.998
70,12,2,44.795,8.781,42.727,7.998
71,12,2,44.590,8.782,42.522,7.998
72,12,2,44.429,8.782,42.361,7.998
73,12,2,44.246,8.782,42.178,7.998
74,12,2,44.063,8.782,41.994,7.998
75,12,2,43.880,8.782,41.811,7.998
76,12,2,43.718,8.782,41.650,7.998
77,12,2,43.535,8.783,41.466,7.999
78,12,2,43.352,8.783,41.283,7.999
79,12,2,43.169,8.783,41.100,7.999
80,12,2,42.986,8.783,40.916,7.999
81,12,2,42.803,8.783,40.733,7.999
82,12,2,42.641,8.783,40.571,7.999
83,12,2,42.436,8.784,40.366,7.999
84,12,2,42.275,8.784,40.204,7.999
85,12,2,42.070,8.784,39.999,7.999
86,12,2,41.908,8.784,39.837,8.000
87,12,2,41.725,8.784,39.654,8.000
88,12,2,41.542,8.784,39.470,8.000
89,12,2,41.337,8.785,39.265,8.000
90,12,2,41.175,8.806,39.103,8.022
91,12,2,40.970,8.806,38.898,8.022
92,12,2,40.808,8.807,38.736,8.022
93,12,2,40.603,8.807,38.531,8.022
94,12,2,40.441,8.807,38.369,8.022
95,12,2,40.236,8.807,38.163,8.022
96,12,2,40.053,8.807,37.980,8.022
97,12,2,39.869,8.807,37.796,8.022
98,12,2,39.686,8.808,37.612,8.023
99,12,2,39.480,8.808,37.407,8.023
100,12,2,39.297,8.808,37.223,8.023
101,12,2,39.113,8.808,37.039,8.023
102,12,2,38.930,8.808,36.855,8.023
103,12,2,38.724,8.787,36.650,8.002
104,12,2,38.562,8.787,36.487,8.002
105,12,2,38.357,8.787,36.282,8.002
106,12,2,38.195,8.787,36.120,8.002
107,12,2,37.989,8.788,35.914,8.002
108,12,2,37.806,8.788,35.730,8.002
109,12,2,37.622,8.788,35.546,8.002
110,12,2,37.438,8.788,35.362,8.002
111,12,2,37.254,8.788,35.178,8.003
112,12,2,37.070,8.788,34.994,8.003
113,12,2,36.886,8.789,34.810,8.003
114,12,2,36.702,8.789,34.626,8.003
115,12,2,36.497,8.789,34.420,8.003
116,12,2,36.313,8.789,34.236,8.003
117,12,2,36.129,8.789,34.051,8.003
118,12,2,35.945,8.789,33.867,8.003
119,12,2,35.739,8.790,33.661,8.004
120,12,2,35.555,8.790,33.477,8.004
121,12,2,35.349,8.790,33.271,8.004
122,12,2,35.187,8.790,33.108,8.004
123,12,2,34.981,8.790,32.902,8.004
124,12,2,34.797,8.791,32.718,8.004
125,12,2,34.613,8.791,32.534,8.004
126,12,2,34.428,8.791,32.349,8.004
127,12,2,34.223,8.791,32.143,8.005
128,12,2,34.038,8.791,31.959,8.005
129,12,2,33.854,8.791,31.774,8.005
130,12,2,33.691,8.792,31.611,8.005
131,12,2,33.485,8.792,31.405,8.005
132,12,2,33.301,8.792,31.221,8.005
133,12,2,33.117,8.792,31.036,8.005
134,12,2,32.932,8.792,30.851,8.005
135,12,2,32.726,8.792,30.645,8.006
136,12,2,32.563,8.793,30.482,8.006
137,12,2,32.357,8.793,30.276,8.006
138,12,2,32.173,8.793,30.091,8.006
139,12,2,31.988,8.771,29.906,7.984
140,12,2,31.804,8.772,29.722,7.985
141,12,2,31.533,8.718,29.764,8.190
142,12,2,31.218,8.729,29.688,8.147
143,12,2,31.446,8.794,29.482,8.071
144,12,2,31.250,8.794,29.286,8.071
145,12,2,31.076,8.794,29.113,8.071
146,12,2,30.783,8.697,29.080,8.147
147,12,2,30.892,8.772,28.960,8.071
148,12,2,30.707,8.773,28.775,8.072
149,12,2,30.501,8.773,28.569,8.072
150,12,2,30.338,8.773,28.406,8.072
151,12,2,30.131,8.752,28.199,8.050
152,12,2,29.947,8.752,28.014,8.050
153,12,2,29.762,8.752,27.829,8.051
154,12,2,29.577,8.752,27.644,8.051
155,12,2,29.392,8.752,27.459,8.051
156,12,2,29.207,8.752,27.274,8.051
157,12,2,29.001,8.753,27.067,8.051
158,12,2,28.838,8.753,26.904,8.051
159,12,2,28.631,8.753,26.697,8.051
160,12,2,28.446,8.753,26.512,8.051
161,12,2,28.261,8.753,26.327,8.052
162,12,2,28.076,8.753,26.142,8.052
163,12,2,27.869,8.754,25.935,8.052
164,12,2,27.706,8.754,25.771,8.052
165,12,2,27.499,8.754,25.564,8.052
166,12,2,27.314,8.754,25.379,8.052
167,12,2,27.129,8.754,25.194,8.052
168,12,2,26.944,8.776,25.008,8.074
169,12,2,26.758,8.776,24.823,8.074
170,12,2,26.573,8.776,24.637,8.074
171,12,2,26.366,8.777,24.430,8.075
172,12,2,26.181,8.777,24.245,8.075
173,12,2,25.996,8.777,24.059,8.075
174,12,2,25.810,8.799,23.874,8.097
175,12,2,25.625,8.799,23.688,8.097
176,12,2,25.440,8.799,23.503,8.097
177,12,2,25.233,8.799,23.295,8.097
178,12,2,25.069,8.799,23.132,8.097
179,12,2,24.862,8.800,22.924,8.097
180,12,2,24.676,8.800,22.739,8.097
181,12,2,24.491,8.822,22.553,8.119
182,12,2,24.305,8.822,22.367,8.119
183,12,2,24.120,8.822,22.181,8.119
184,12,2,23.934,8.822,21.996,8.119
185,12,2,23.749,8.822,21.810,8.120
186,12,2,23.563,8.822,21.624,8.120
187,12,2,23.356,8.823,21.417,8.120
188,12,2,23.192,8.823,21.253,8.120
189,12,2,22.985,8.823,21.045,8.120
190,12,2,22.821,8.823,20.881,8.120
191,12,2,22.613,8.823,20.673,8.120
192,12,2,22.450,8.823,20.509,8.121
193,12,2,22.242,8.824,20.301,8.121
194,12,2,22.056,8.824,20.115,8.121
195,12,2,21.870,8.824,19.930,8.121
196,12,2,21.685,8.824,19.744,8.121
197,12,2,21.499,8.824,19.558,8.121
198,12,2,21.313,8.825,19.372,8.121
199,12,2,21.127,8.825,19.185,8.121
200,12,2,20.941,8.803,19.000,8.100
201,12,2,20.756,8.803,18.813,8.100
202,12,2,20.570,8.804,18.627,8.100
203,12,2,20.384,8.782,18.441,8.079
204,12,2,20.198,8.782,18.255,8.079
205,12,2,20.012,8.782,18.069,8.079
206,12,2,19.826,8.761,17.883,8.057
207,12,2,19.640,8.761,17.697,8.057
208,12,2,19.454,8.739,17.511,8.036
209,12,2,19.246,8.718,17.303,8.014
210,12,2,19.082,8.696,17.138,7.993
211,12,2,18.896,8.697,16.952,7.993
212,12,2,18.710,8.675,16.766,7.971
213,12,2,18.502,8.653,16.558,7.950
214,12,2,18.338,8.632,16.394,7.928
215,12,2,18.130,8.610,16.185,7.906
216,12,2,17.966,8.567,16.021,7.863
217,12,2,17.780,8.546,15.835,7.841
218,12,2,17.594,8.524,15.649,7.820
219,12,2,17.408,8.481,15.463,7.777
220,12,2,17.222,8.437,15.277,7.733
221,12,2,17.036,8.416,15.090,7.712
222,12,2,16.872,8.373,14.926,7.668
223,12,2,16.686,8.329,14.740,7.625
224,12,2,16.500,8.286,14.554,7.582
225,12,2,16.314,8.243,14.368,7.538
226,12,2,16.150,8.199,14.203,7.495
227,12,2,15.964,8.156,14.017,7.452
228,12,2,15.800,8.113,13.853,7.408
229,12,2,15.614,8.048,13.667,7.343
230,12,2,15.450,8.005,13.503,7.300
231,12,2,15.285,7.961,13.338,7.256
232,12,2,15.121,7.896,13.174,7.191
233,12,2,14.936,7.831,12.988,7.126
234,12,2,14.772,7.766,12.824,7.061
235,12,2,14.608,7.701,12.660,6.996
236,12,2,14.444,7.636,12.496,6.931
237,12,2,14.258,7.571,12.310,6.866
238,12,2,14.093,7.506,12.145,6.801
239,12,2,13.929,7.441,11.981,6.736
240,12,2,13.765,7.376,11.817,6.670
241,12,2,13.601,7.311,11.653,6.605
242,12,2,13.437,7.246,11.489,6.540
243,12,2,13.273,7.180,11.324,6.475
244,12,2,13.109,7.115,11.160,6.410
245,12,2,12.945,7.029,10.996,6.323
246,12,2,12.781,6.963,10.832,6.258
247,12,2,12.683,6.898,10.745,6.193
248,12,2,12.607,6.833,10.679,6.128
249,12,2,12.520,6.746,10.603,6.041
250,12,2,12.432,6.681,10.527,5.976
251,12,2,12.356,6.638,10.462,5.932
252,12,2,12.280,6.573,10.396,5.867
254,12,2,12.478,6.562,10.605,5.856
255,12,2,12.412,6.497,10.551,5.791
256,12,2,12.347,6.453,10.497,5.748
257,12,2,12.260,6.388,10.420,5.682
258,12,2,12.183,6.323,10.355,5.617
259,12,2,12.107,6.301,10.289,5.595
261,12,2,12.360,6.290,10.553,5.585
262,12,2,12.360,6.269,10.565,5.563
263,12,2,12.349,6.247,10.565,5.541
264,12,2,12.349,6.247,10.576,5.541
265,12,2,12.338,6.247,10.576,5.541
266,12,2,12.338,6.247,10.587,5.541
267,12,2,12.327,6.269,10.587,5.563
268,12,2,12.327,6.269,10.598,5.563
269,12,2,12.316,6.247,10.598,5.541
270,12,2,12.316,6.247,10.609,5.541
271,12,2,12.294,6.247,10.598,5.541
272,12,2,12.294,6.269,10.609,5.563
273,12,2,12.283,6.269,10.609,5.563
274,12,2,12.283,6.269,10.620,5.563
275,12,2,12.272,6.269,10.620,5.563
276,12,2,12.272,6.269,10.631,5.563
277,12,2,12.261,6.269,10.631,5.563
278,12,2,12.261,6.269,10.642,5.563
279,12,2,12.250,6.269,10.642,5.563
280,12,2,12.250,6.269,10.653,5.563
281,12,2,12.239,6.269,10.653,5.563
282,12,2,12.239,6.269,10.664,5.563
283,12,2,12.228,6.269,10.664,5.563
284,12,2,12.228,6.269,10.675,5.563
285,12,2,12.217,6.269,10.675,5.563
286,12,2,12.217,6.269,10.686,5.563
287,12,2,12.206,6.269,10.686,5.563
288,12,2,12.206,6.269,10.697,5.563
289,12,2,12.195,6.269,10.697,5.563
290,12,2,12.195,6.269,10.708,5.563
291,12,2,12.184,6.269,10.708,5.563
292,12,2,12.184,6.269,10.719,5.563
293,12,2,12.173,6.269,10.719,5.563
294,12,2,12.173,6.269,10.730,5.563
295,12,2,12.162,6.269,10.730,5.563
