0 1 2 35.039 19.679 34.162 17.868
1 1 2 35.068 19.727 34.152 17.830
2 1 2 35.058 19.669 34.142 17.772
3 1 2 35.068 19.630 34.151 17.734
4 1 2 35.067 19.601 34.151 17.705
5 1 2 35.019 19.544 34.256 17.646
6 1 2 35.028 19.496 34.217 17.560
7 1 2 35.038 19.496 34.265 17.559
8 1 2 35.038 19.505 34.246 17.588
9 1 2 35.065 19.293 34.265 17.511
10 1 2 35.123 19.302 34.294 17.550
11 1 2 35.095 19.370 34.303 17.511
12 1 2 35.104 19.303 34.312 17.444
13 1 2 35.103 19.255 34.312 17.396
14 1 2 35.103 19.216 34.312 17.357
15 1 2 35.103 19.158 34.311 17.299
16 1 2 35.034 18.928 34.283 17.425
17 1 2 35.045 19.120 34.264 17.319
18 1 2 35.072 18.937 34.282 17.155
19 1 2 35.053 18.889 34.272 17.098
20 1 2 35.081 18.841 34.281 17.079
21 1 2 35.061 18.716 34.242 17.021
22 1 2 35.090 18.687 34.261 16.887
23 1 2 35.081 18.764 34.300 16.992
24 1 2 35.051 18.620 34.270 16.848
25 1 2 35.060 18.562 34.279 16.790
26 1 2 35.040 18.495 34.259 16.723
27 1 2 35.050 18.485 34.268 16.617
28 1 2 35.088 18.417 34.249 16.618
29 1 2 35.078 18.369 34.297 16.598
30 1 2 35.068 18.341 34.287 16.569
31 1 2 35.058 18.302 34.277 16.531
32 1 2 35.058 18.254 34.277 16.483
33 1 2 35.028 18.120 34.200 16.378
34 1 2 34.999 18.130 34.219 16.368
35 1 2 34.980 18.072 34.199 16.311
36 1 2 34.979 18.034 34.199 16.272
37 1 2 34.989 17.966 34.208 16.205
38 1 2 34.979 17.918 34.198 16.157
39 1 2 34.988 17.851 34.207 16.090
40 1 2 34.978 17.784 34.197 16.022
41 1 2 35.111 17.629 34.196 15.926
42 1 2 35.034 17.572 34.237 16.195
43 1 2 35.025 17.735 34.245 16.012
44 1 2 35.035 17.697 34.254 15.974
45 1 2 35.061 17.418 34.204 15.629
46 1 2 35.023 17.399 34.243 15.676
47 1 2 35.090 17.360 34.194 15.504
48 1 2 35.042 17.331 34.212 15.427
49 1 2 35.051 17.245 34.212 15.369
50 1 2 35.021 17.168 34.241 15.446
51 1 2 35.030 17.101 34.250 15.379
52 1 2 35.040 17.053 34.260 15.331
53 1 2 35.030 16.985 34.250 15.264
54 1 2 35.057 16.870 34.209 15.024
55 1 2 35.019 16.813 34.239 15.091
56 1 2 35.009 16.745 34.229 15.024
57 1 2 35.018 16.678 34.238 14.957
58 1 2 35.008 16.611 34.228 14.889
59 1 2 35.017 16.524 34.237 14.803
60 1 2 35.007 16.476 34.227 14.755
61 1 2 34.996 16.390 34.217 14.669
62 1 2 34.987 16.342 34.207 14.621
63 1 2 34.996 16.275 34.216 14.554
64 1 2 34.986 16.208 34.206 14.487
65 1 2 34.995 16.140 34.215 14.419
66 1 2 34.985 16.073 34.205 14.352
67 1 2 34.994 16.006 34.214 14.285
68 1 2 34.984 15.958 34.204 14.237
69 1 2 34.993 15.872 34.213 14.151
70 1 2 34.983 15.824 34.203 14.103
71 1 2 34.992 15.737 34.212 14.017
72 1 2 34.982 15.689 34.202 13.969
73 1 2 34.991 15.622 34.211 13.902
74 1 2 34.981 15.555 34.201 13.835
75 1 2 34.990 15.488 34.211 13.768
76 1 2 34.980 15.440 34.201 13.720
77 1 2 34.903 15.412 34.133 13.701
78 1 2 34.913 15.412 34.143 13.701
79 1 2 34.912 15.354 34.143 13.643
80 1 2 34.912 15.296 34.142 13.586
81 1 2 34.911 15.220 34.142 13.509
82 1 2 34.911 15.162 34.141 13.452
83 1 2 34.910 15.085 34.141 13.375
84 1 2 34.910 15.028 34.140 13.318
85 1 2 34.909 14.951 34.140 13.241
86 1 2 34.909 14.894 34.139 13.183
87 1 2 34.908 14.817 34.139 13.107
88 1 2 34.908 14.759 34.138 13.049
89 1 2 34.908 14.683 34.138 12.973
90 1 2 34.907 14.625 34.138 12.915
91 1 2 34.907 14.548 34.137 12.839
92 1 2 34.906 14.491 34.137 12.781
93 1 2 34.887 14.433 34.117 12.724
94 1 2 34.905 14.357 34.136 12.647
95 1 2 34.886 14.299 34.116 12.590
96 1 2 34.885 14.242 34.116 12.532
97 1 2 34.885 14.165 34.115 12.456
98 1 2 34.884 14.107 34.115 12.398
99 1 2 34.884 14.050 34.114 12.341
100 1 2 34.883 13.973 34.114 12.264
101 1 2 34.883 13.916 34.114 12.207
102 1 2 34.882 13.858 34.113 12.149
103 1 2 34.882 13.782 34.113 12.073
104 1 2 34.901 13.724 34.131 12.015
105 1 2 34.881 13.647 34.112 11.939
106 1 2 34.900 13.590 34.131 11.881
107 1 2 34.880 13.532 34.111 11.824
108 1 2 34.899 13.456 34.130 11.747
109 1 2 34.879 13.398 34.110 11.690
110 1 2 34.898 13.341 34.129 11.632
111 1 2 34.965 13.359 34.119 11.585
112 1 2 34.917 13.293 34.118 11.441
113 1 2 34.897 13.226 34.128 11.518
114 1 2 35.012 13.139 34.049 11.174
115 1 2 35.097 13.052 34.106 11.126
116 1 2 35.097 12.985 34.125 11.087
117 1 2 35.067 12.889 34.096 11.020
118 1 2 35.000 12.861 34.105 10.992
119 1 2 35.019 12.794 34.085 10.867
120 1 2 34.941 12.718 34.085 10.820
121 1 2 34.942 12.747 34.104 10.762
122 1 2 35.018 12.660 34.103 10.667
123 1 2 34.940 12.440 34.074 10.667
124 1 2 34.939 12.392 34.074 10.629
125 1 2 34.930 12.383 34.055 10.600
126 1 2 34.910 12.373 34.073 10.514
127 1 2 34.910 12.354 34.083 10.466
128 1 2 34.891 12.316 34.063 10.428
129 1 2 34.900 12.240 34.063 10.332
130 1 2 34.889 12.134 34.100 10.275
131 1 2 34.879 12.000 34.082 10.303
132 1 2 34.879 11.991 34.062 10.256
133 1 2 34.889 12.010 34.061 10.074
134 1 2 34.859 11.924 34.032 10.046
135 1 2 34.869 11.953 34.051 9.979
136 1 2 34.849 11.848 34.060 9.912
137 1 2 34.829 11.733 34.061 10.036
138 1 2 34.867 11.675 34.059 9.749
139 1 2 34.895 11.570 34.029 9.625
140 1 2 34.876 11.627 34.029 9.558
141 1 2 34.885 11.522 34.019 9.520
142 1 2 34.884 11.388 34.056 9.425
143 1 2 34.845 11.255 34.076 9.558
144 1 2 34.873 11.216 34.018 9.425
145 1 2 34.854 11.235 34.026 9.196
146 1 2 34.845 11.207 34.017 9.205
147 1 2 34.863 11.140 34.045 9.148
148 1 2 34.833 10.996 34.065 9.300
149 1 2 34.862 10.948 34.063 9.052
150 1 2 34.871 10.853 34.064 9.071
151 1 2 34.842 10.805 34.073 9.109
152 1 2 34.841 10.738 34.073 9.043
153 1 2 34.841 10.671 34.073 8.976
154 1 2 34.840 10.604 34.072 8.909
155 1 2 34.840 10.538 34.072 8.842
156 1 2 34.839 10.471 34.071 8.775
157 1 2 34.839 10.385 34.071 8.689
158 1 2 34.838 10.337 34.070 8.642
159 1 2 34.838 10.251 34.070 8.556
160 1 2 34.837 10.184 34.069 8.489
161 1 2 34.837 10.117 34.069 8.422
162 1 2 34.836 10.050 34.068 8.355
163 1 2 34.836 9.983 34.068 8.289
164 1 2 34.835 9.917 34.067 8.222
165 1 2 34.835 9.831 34.067 8.136
166 1 2 34.834 9.783 34.067 8.088
167 1 2 34.834 9.716 34.066 8.021
168 1 2 34.833 9.649 34.066 7.955
169 1 2 34.833 9.582 34.065 7.888
170 1 2 34.833 9.515 34.065 7.821
171 1 2 34.832 9.449 34.064 7.754
172 1 2 34.832 9.382 34.064 7.688
173 1 2 34.831 9.296 34.063 7.602
174 1 2 34.831 9.248 34.063 7.554
175 1 2 34.830 9.162 34.062 7.468
176 1 2 34.830 9.115 34.062 7.421
177 1 2 34.829 9.029 34.061 7.335
178 1 2 34.829 8.981 34.061 7.287
179 1 2 34.828 8.895 34.061 7.201
180 1 2 34.828 8.828 34.060 7.135
181 1 2 34.827 8.761 34.060 7.068
182 1 2 34.827 8.695 34.059 7.001
183 1 2 34.826 8.609 34.059 6.915
184 1 2 34.826 8.561 34.058 6.868
185 1 2 34.825 8.475 34.058 6.782
186 1 2 34.825 8.408 34.057 6.715
187 1 2 34.824 8.342 34.057 6.649
188 1 2 34.824 8.275 34.056 6.582
189 1 2 34.823 8.189 34.056 6.496
190 1 2 34.823 8.141 34.055 6.449
191 1 2 34.822 8.055 34.055 6.363
192 1 2 34.822 7.989 34.054 6.296
193 1 2 34.802 7.922 34.035 6.230
194 1 2 34.821 7.855 34.053 6.163
195 1 2 34.801 7.789 34.034 6.096
196 1 2 34.820 7.722 34.053 6.029
197 1 2 34.800 7.636 34.033 5.944
198 1 2 34.800 7.569 34.032 5.877
199 1 2 34.799 7.503 34.032 5.810
200 1 2 34.799 7.436 34.032 5.744
201 1 2 34.798 7.369 34.031 5.677
202 1 2 34.779 7.303 34.011 5.611
203 1 2 34.759 7.236 33.992 5.544
204 1 2 34.778 7.169 34.011 5.477
205 1 2 34.758 7.103 33.991 5.411
206 1 2 34.758 7.036 33.991 5.344
207 1 2 34.757 6.969 33.990 5.278
208 1 2 34.757 6.902 33.990 5.211
209 1 2 34.756 6.836 33.989 5.144
210 1 2 34.756 6.769 33.989 5.078
211 1 2 34.755 6.702 33.988 5.011
212 1 2 34.736 6.655 33.969 4.964
213 1 2 34.716 6.569 33.949 4.878
214 1 2 34.716 6.522 33.949 4.831
215 1 2 34.715 6.436 33.948 4.745
216 1 2 34.715 6.388 33.948 4.697
217 1 2 34.714 6.303 33.947 4.612
218 1 2 34.714 6.236 33.947 4.545
219 1 2 34.694 6.169 33.927 4.479
220 1 2 34.674 6.103 33.908 4.412
221 1 2 34.693 6.017 33.926 4.326
222 1 2 34.673 5.950 33.907 4.260
223 1 2 34.692 5.884 33.925 4.193
224 1 2 34.760 6.007 33.972 4.060
225 1 2 34.750 5.950 33.972 3.974
226 1 2 34.739 5.807 33.973 4.117
227 1 2 34.739 5.741 33.972 4.051
228 1 2 34.738 5.655 33.972 3.965
229 1 2 34.738 5.588 33.971 3.898
230 1 2 34.737 5.503 33.971 3.813
231 1 2 34.737 5.436 33.970 3.746
232 1 2 34.747 5.588 33.863 3.433
233 1 2 34.688 5.351 33.922 3.661
234 1 2 34.688 5.284 33.921 3.594
235 1 2 34.687 5.198 33.921 3.509
236 1 2 34.687 5.132 33.920 3.442
237 1 2 34.705 5.065 33.939 3.376
238 1 2 34.724 4.999 33.958 3.309
239 1 2 34.704 4.913 33.938 3.224
240 1 2 34.723 4.846 33.957 3.157
241 1 2 34.799 4.808 33.964 2.853
242 1 2 34.779 4.732 33.944 2.758
243 1 2 34.779 4.599 33.934 2.663
244 1 2 34.778 4.551 33.925 2.644
245 1 2 34.730 4.437 33.963 2.749
246 1 2 34.729 4.371 33.963 2.682
247 1 2 34.729 4.285 33.962 2.597
248 1 2 34.728 4.219 33.962 2.530
249 1 2 34.727 4.133 33.961 2.445
250 1 2 34.727 4.067 33.961 2.378
251 1 2 34.726 3.981 33.960 2.293
252 1 2 34.726 3.896 33.960 2.208
253 1 2 34.725 3.810 33.959 2.122
254 1 2 34.706 3.744 33.940 2.056
255 1 2 34.705 3.658 33.939 1.970
256 1 2 34.685 3.592 33.920 1.904
257 1 2 34.685 3.506 33.919 1.819
258 1 2 34.665 3.440 33.899 1.752
259 1 2 34.646 3.354 33.880 1.667
260 1 2 34.751 3.468 33.926 1.382
261 1 2 34.712 3.269 33.946 1.581
262 1 2 34.692 3.202 33.927 1.515
263 1 2 34.692 3.136 33.926 1.448
264 1 2 34.672 3.050 33.906 1.363
265 1 2 34.633 2.984 33.868 1.297
266 1 2 34.614 2.898 33.848 1.212
267 1 2 34.613 2.832 33.848 1.145
268 1 2 34.594 2.747 33.828 1.060
269 1 2 34.555 2.680 33.789 0.994
270 1 2 34.516 2.595 33.751 0.908
271 1 2 34.497 2.548 33.731 0.861
272 1 2 34.477 2.462 33.712 0.776
273 1 2 34.438 2.396 33.673 0.709
274 1 2 34.400 2.311 33.634 0.624
275 1 2 34.361 2.263 33.596 0.577
276 1 2 34.322 2.178 33.557 0.492
277 1 2 34.284 2.112 33.518 0.425
278 1 2 34.245 2.026 33.480 0.340
279 1 2 34.206 1.960 33.441 0.274
280 1 2 34.168 1.894 33.402 0.208
281 1 2 34.129 1.827 33.364 0.141
282 1 2 34.071 1.761 33.306 0.075
283 1 2 34.052 1.695 33.287 0.009
284 1 2 33.975 1.610 33.210 -0.076
285 1 2 33.936 1.562 33.171 -0.124
286 1 2 33.879 1.496 33.114 -0.190
287 1 2 33.840 1.430 33.075 -0.256
288 1 2 33.782 1.363 33.017 -0.322
289 1 2 33.725 1.316 32.960 -0.370
290 1 2 33.667 1.269 32.902 -0.417
291 1 2 33.610 1.241 32.845 -0.445
292 1 2 33.571 1.212 32.806 -0.464
293 1 2 33.514 1.184 32.749 -0.483
294 1 2 33.437 1.156 32.673 -0.502
295 1 2 33.380 1.127 32.615 -0.520
296 1 2 33.322 1.099 32.558 -0.539
297 1 2 33.265 1.071 32.500 -0.558
298 1 2 33.207 1.033 32.443 -0.586
299 1 2 33.131 1.005 32.366 -0.605
300 1 2 33.054 0.967 32.290 -0.634
301 1 2 32.997 0.948 32.233 -0.643
303 1 2 32.988 1.062 32.224 -0.520
304 1 2 32.930 1.034 32.166 -0.539
305 1 2 32.854 1.015 32.090 -0.548
306 1 2 32.777 0.987 32.013 -0.567
307 1 2 32.701 0.958 31.937 -0.585
308 1 2 32.643 0.949 31.879 -0.585
309 1 2 32.586 0.930 31.822 -0.595
310 1 2 32.528 0.911 31.765 -0.604
311 1 2 32.471 0.893 31.707 -0.613
312 1 2 32.433 0.855 31.669 -0.642
313 1 2 32.394 0.817 31.631 -0.670
314 1 2 32.299 0.808 31.535 -0.670
315 1 2 32.203 0.798 31.440 -0.670
316 1 2 32.107 0.799 31.344 -0.660
0 2 1 33.956 18.717 33.171 17.829
1 2 1 33.955 18.659 33.113 17.839
2 2 1 33.965 18.601 33.114 17.868
3 2 1 33.955 18.659 33.075 17.830
4 2 1 33.946 18.650 33.094 17.791
5 2 1 33.917 18.621 33.123 17.762
6 2 1 33.945 18.573 33.122 17.676
7 2 1 33.916 18.496 33.131 17.608
8 2 1 33.906 18.429 33.112 17.531
9 2 1 33.877 18.361 33.111 17.426
10 2 1 33.857 18.304 33.101 17.358
11 2 1 33.847 18.323 33.062 17.340
12 2 1 33.847 18.285 33.091 17.282
13 2 1 33.857 18.246 33.129 17.233
14 2 1 33.866 18.227 33.157 17.166
15 2 1 33.894 18.159 33.176 17.117
16 2 1 33.885 18.121 33.176 17.127
17 2 1 33.894 18.063 33.185 17.011
18 2 1 33.922 17.928 33.128 17.070
19 2 1 33.883 17.880 33.128 17.070
20 2 1 33.921 17.870 33.128 17.070
21 2 1 33.902 17.871 33.147 17.050
22 2 1 33.979 17.879 33.118 16.993
23 2 1 33.959 17.803 33.137 16.945
24 2 1 33.959 17.726 33.135 16.743
25 2 1 34.007 17.687 33.173 16.627
26 2 1 33.987 17.620 33.163 16.541
27 2 1 33.939 17.591 33.172 16.512
28 2 1 34.016 17.591 33.172 16.464
29 2 1 33.977 17.581 33.182 16.444
30 2 1 33.900 17.553 33.133 16.445
31 2 1 33.909 17.466 33.162 16.425
32 2 1 33.918 17.351 33.152 16.406
33 2 1 33.879 17.255 33.143 16.358
34 2 1 33.869 17.226 33.152 16.329
35 2 1 33.868 17.121 33.114 16.339
36 2 1 33.935 17.091 33.133 16.329
37 2 1 33.935 17.053 33.123 16.262
38 2 1 33.906 17.024 33.113 16.243
39 2 1 33.916 17.043 33.093 16.080
40 2 1 33.906 17.005 33.121 15.926
41 2 1 33.877 16.957 33.120 15.859
42 2 1 33.857 16.852 33.071 15.744
43 2 1 33.876 16.794 33.081 15.763
44 2 1 33.847 16.765 33.081 15.734
45 2 1 33.875 16.727 33.081 15.773
46 2 1 33.875 16.669 32.995 15.792
47 2 1 33.865 16.621 32.947 15.793
48 2 1 33.855 16.583 32.995 15.764
49 2 1 33.816 16.535 32.965 15.716
50 2 1 33.873 16.352 32.966 15.735
51 2 1 33.815 16.285 32.945 15.582
52 2 1 33.834 16.246 32.964 15.524
53 2 1 33.805 16.227 32.935 15.466
54 2 1 33.786 16.285 32.877 15.390
55 2 1 33.757 16.237 32.925 15.351
56 2 1 33.756 16.180 32.924 15.178
57 2 1 33.737 16.113 32.952 15.044
58 2 1 33.765 16.084 32.971 15.034
59 2 1 33.679 16.075 32.923 15.073
60 2 1 33.726 15.978 32.913 15.054
61 2 1 33.745 15.901 32.894 15.035
62 2 1 33.706 15.834 32.846 15.064
63 2 1 33.715 15.796 32.837 15.083
64 2 1 33.629 15.816 32.913 15.054
65 2 1 33.667 15.768 32.817 15.083
66 2 1 33.715 15.738 32.827 15.035
67 2 1 33.763 15.690 32.855 14.987
68 2 1 33.704 15.585 32.864 14.929
69 2 1 33.656 15.508 32.864 14.785
70 2 1 33.646 15.451 32.882 14.651
71 2 1 33.646 15.441 32.843 14.584
72 2 1 33.597 15.374 32.882 14.651
73 2 1 33.597 15.326 32.882 14.603
74 2 1 33.655 15.384 32.891 14.497
75 2 1 33.636 15.384 32.900 14.487
76 2 1 33.616 15.336 32.881 14.478
77 2 1 33.597 15.269 32.871 14.497
78 2 1 33.625 15.144 32.890 14.478
79 2 1 33.653 15.096 32.890 14.488
80 2 1 33.615 15.163 32.900 14.459
81 2 1 33.652 14.990 32.842 14.363
82 2 1 33.681 14.980 32.832 14.315
83 2 1 33.614 14.981 32.726 14.326
84 2 1 33.556 14.972 32.783 14.268
85 2 1 33.527 14.953 32.812 14.277
86 2 1 33.527 14.914 32.812 14.239
87 2 1 33.517 14.876 32.802 14.200
88 2 1 33.507 14.847 32.792 14.172
89 2 1 33.536 14.809 32.821 14.133
90 2 1 33.507 14.780 32.792 14.104
91 2 1 33.564 14.732 32.849 14.056
93 2 1 33.584 14.751 32.869 14.075
94 2 1 33.564 14.693 32.849 14.018
95 2 1 33.716 14.510 32.789 13.673
96 2 1 33.688 14.500 32.780 13.711
97 2 1 33.697 14.443 32.789 13.615
98 2 1 33.716 14.443 32.818 13.586
99 2 1 33.706 14.433 32.866 13.596
100 2 1 33.716 14.395 32.856 13.538
101 2 1 33.735 14.366 32.856 13.519
102 2 1 33.725 14.337 32.836 13.490
103 2 1 33.792 14.269 32.884 13.500
104 2 1 33.830 14.221 32.923 13.490
105 2 1 33.839 14.202 32.923 13.509
106 2 1 33.877 14.173 32.942 13.509
107 2 1 33.887 14.115 33.028 13.498
108 2 1 33.886 14.048 33.019 13.479
109 2 1 33.915 13.981 33.057 13.422
110 2 1 33.838 14.020 33.124 13.383
111 2 1 33.885 13.933 33.171 13.296
112 2 1 33.866 13.952 33.152 13.315
113 2 1 33.885 13.904 33.171 13.267
114 2 1 33.885 13.885 33.171 13.248
115 2 1 33.894 13.827 33.180 13.191
116 2 1 33.990 13.779 33.187 12.721
118 2 1 34.009 13.731 33.253 12.634
119 2 1 33.978 13.501 33.264 12.864
120 2 1 33.978 13.463 33.264 12.826
121 2 1 33.978 13.415 33.264 12.778
122 2 1 33.978 13.367 33.263 12.730
123 2 1 33.987 13.328 33.273 12.692
124 2 1 33.987 13.290 33.272 12.653
125 2 1 34.092 13.318 33.224 12.539
126 2 1 34.111 13.270 33.243 12.472
127 2 1 34.092 13.213 33.242 12.452
128 2 1 34.082 13.155 33.251 12.366
129 2 1 34.101 13.136 33.241 12.299
130 2 1 34.082 13.155 33.279 12.194
131 2 1 34.062 13.155 33.279 12.174
132 2 1 34.072 13.117 33.279 12.165
133 2 1 34.062 13.127 33.260 12.174
134 2 1 34.120 13.107 33.298 12.174
135 2 1 34.061 12.954 33.347 12.318
136 2 1 34.061 12.906 33.347 12.270
137 2 1 34.059 12.705 33.316 11.973
138 2 1 34.040 12.657 33.326 12.021
139 2 1 34.040 12.609 33.326 11.973
140 2 1 34.030 12.562 33.316 11.925
141 2 1 34.039 12.523 33.325 11.887
142 2 1 34.029 12.475 33.315 11.839
143 2 1 34.019 12.409 33.305 11.772
145 2 1 34.009 12.399 33.296 11.763
146 2 1 34.000 12.351 33.286 11.715
147 2 1 33.990 12.303 33.276 11.667
148 2 1 33.989 12.246 33.275 11.610
149 2 1 33.979 12.198 33.265 11.562
150 2 1 33.969 12.150 33.256 11.514
151 2 1 33.959 12.103 33.246 11.466
152 2 1 33.950 12.055 33.236 11.418
154 2 1 33.940 12.045 33.226 11.409
155 2 1 33.940 11.997 33.226 11.361
156 2 1 33.948 11.825 33.196 11.122
157 2 1 33.929 11.796 33.215 11.160
158 2 1 34.015 11.748 33.185 11.026
159 2 1 34.024 11.652 33.165 10.893
160 2 1 34.004 11.576 33.155 10.787
161 2 1 33.994 11.586 33.164 10.711
162 2 1 34.013 11.557 33.183 10.672
163 2 1 34.004 11.566 33.183 10.625
164 2 1 33.994 11.557 33.183 10.596
165 2 1 33.984 11.528 33.173 10.606
166 2 1 34.023 11.518 33.154 10.625
167 2 1 33.954 11.222 33.201 10.548
168 2 1 33.955 11.414 33.163 10.587
169 2 1 33.916 11.299 33.163 10.567
170 2 1 33.944 11.203 33.192 10.510
171 2 1 33.972 11.117 33.191 10.376
172 2 1 33.933 11.069 33.220 10.433
173 2 1 33.924 11.069 33.142 10.271
174 2 1 33.962 11.107 33.180 10.223
175 2 1 33.963 11.127 33.150 9.984
176 2 1 33.933 11.002 33.150 9.946
177 2 1 33.893 10.802 33.180 10.166
178 2 1 33.893 10.754 33.180 10.118
179 2 1 33.883 10.706 33.170 10.070
180 2 1 33.883 10.658 33.169 10.022
181 2 1 33.855 10.850 33.034 9.832
182 2 1 33.835 10.726 32.976 9.832
183 2 1 33.758 10.592 33.044 9.956
184 2 1 33.748 10.554 33.034 9.918
185 2 1 33.748 10.516 33.034 9.880
186 2 1 33.747 10.478 33.034 9.842
188 2 1 33.738 10.468 33.024 9.832
189 2 1 33.736 10.200 33.022 9.469
190 2 1 33.736 10.287 32.915 9.259
191 2 1 33.698 10.268 32.925 9.317
192 2 1 33.717 10.258 32.954 9.288
193 2 1 33.727 10.287 32.944 9.259
194 2 1 33.746 10.267 32.972 9.144
195 2 1 33.678 10.077 32.964 9.441
196 2 1 33.668 10.029 32.954 9.393
197 2 1 33.667 9.972 32.954 9.336
198 2 1 33.667 9.924 32.954 9.288
199 2 1 33.676 9.838 32.963 9.202
201 2 1 33.666 9.828 32.953 9.192
202 2 1 33.666 9.780 32.953 9.145
203 2 1 33.656 9.742 32.943 9.106
204 2 1 33.646 9.695 32.933 9.059
205 2 1 33.685 9.771 32.911 8.610
206 2 1 33.684 9.656 32.911 8.572
207 2 1 33.656 9.637 32.901 8.572
208 2 1 33.675 9.675 32.959 8.543
209 2 1 33.617 9.609 32.904 8.973
210 2 1 33.722 9.522 32.854 8.591
211 2 1 33.635 9.379 32.922 8.744
212 2 1 33.625 9.332 32.912 8.696
213 2 1 33.595 9.122 32.901 8.457
215 2 1 33.604 9.112 32.901 8.476
216 2 1 33.604 9.074 32.901 8.438
217 2 1 33.604 9.036 32.900 8.400
218 2 1 33.594 8.988 32.890 8.352
220 2 1 33.584 8.979 32.881 8.343
221 2 1 33.584 8.950 32.881 8.314
222 2 1 33.611 8.673 32.878 7.904
223 2 1 33.591 8.606 32.888 7.970
224 2 1 33.591 8.558 32.888 7.923
225 2 1 33.600 8.501 32.897 7.865
226 2 1 33.609 8.453 32.906 7.818
227 2 1 33.619 8.406 32.915 7.770
228 2 1 33.618 8.358 32.915 7.722
229 2 1 33.618 8.320 32.915 7.684
231 2 1 33.608 8.310 32.905 7.675
232 2 1 33.608 8.272 32.905 7.636
233 2 1 33.608 8.224 32.905 7.589
235 2 1 33.598 8.215 32.895 7.579
236 2 1 33.656 8.214 32.835 7.141
237 2 1 33.637 8.205 32.911 7.074
238 2 1 33.549 8.005 32.883 7.217
239 2 1 33.655 8.090 32.844 7.026
240 2 1 33.655 8.081 32.853 7.017
241 2 1 33.683 7.966 32.805 7.026
242 2 1 33.625 7.928 32.777 7.065
243 2 1 33.548 7.814 32.854 7.179
244 2 1 33.634 7.785 32.805 6.941
245 2 1 33.556 7.681 32.863 7.045
246 2 1 33.661 7.547 32.747 6.836
247 2 1 33.641 7.509 32.737 6.788
248 2 1 33.641 7.490 32.727 6.760
249 2 1 33.526 7.442 32.833 6.807
250 2 1 33.526 7.395 32.833 6.759
251 2 1 33.585 7.576 32.792 6.340
252 2 1 33.516 7.347 32.823 6.712
253 2 1 33.516 7.299 32.822 6.664
254 2 1 33.555 7.414 32.762 6.216
255 2 1 33.545 7.395 32.772 6.245
256 2 1 33.564 7.309 32.791 6.245
257 2 1 33.563 7.204 32.724 6.255
258 2 1 33.572 7.185 32.743 6.216
259 2 1 33.582 7.137 32.733 6.226
260 2 1 33.495 6.994 32.801 6.359
261 2 1 33.541 6.765 32.809 6.064
263 2 1 33.550 6.765 32.742 6.055
264 2 1 33.550 6.746 32.741 5.959
265 2 1 33.492 6.670 32.799 6.035
266 2 1 33.492 6.632 32.799 5.997
267 2 1 33.551 6.794 32.759 5.788
268 2 1 33.560 6.756 32.769 5.730
269 2 1 33.541 6.727 32.768 5.654
270 2 1 33.531 6.680 32.787 5.588
271 2 1 33.530 6.575 32.749 5.578
272 2 1 33.539 6.489 32.710 5.569
273 2 1 33.510 6.394 32.682 5.588
274 2 1 33.442 6.309 32.749 5.673
275 2 1 33.432 6.270 32.739 5.635
276 2 1 33.423 6.232 32.730 5.597
278 2 1 33.499 6.213 32.651 5.293
279 2 1 33.412 6.080 32.719 5.445
280 2 1 33.412 6.042 32.719 5.407
281 2 1 33.412 6.004 32.719 5.369
282 2 1 33.411 5.956 32.718 5.321
283 2 1 33.411 5.909 32.718 5.274
284 2 1 33.411 5.861 32.718 5.226
285 2 1 33.401 5.813 32.708 5.178
286 2 1 33.400 5.756 32.707 5.121
287 2 1 33.400 5.699 32.707 5.064
288 2 1 33.400 5.651 32.707 5.017
289 2 1 33.506 5.756 32.734 4.845
290 2 1 33.457 5.613 32.764 4.978
291 2 1 33.543 5.594 32.686 4.779
292 2 1 33.456 5.499 32.763 4.864
293 2 1 33.456 5.470 32.763 4.835
295 2 1 33.446 5.461 32.753 4.826
296 2 1 33.446 5.432 32.753 4.797
297 2 1 33.446 5.404 32.753 4.769
298 2 1 33.503 5.422 32.722 4.341
299 2 1 33.503 5.413 32.712 4.341
300 2 1 33.513 5.441 32.712 4.379
301 2 1 33.493 5.346 32.722 4.303
302 2 1 33.407 5.318 32.714 4.683
303 2 1 33.511 5.184 32.674 4.274
304 2 1 33.483 5.166 32.654 4.284
305 2 1 33.453 5.099 32.664 4.274
306 2 1 33.463 5.023 32.673 4.179
307 2 1 33.433 4.918 32.662 4.037
308 2 1 33.394 4.795 32.701 4.160
309 2 1 33.519 4.813 32.671 3.922
310 2 1 33.528 4.813 32.690 3.922
311 2 1 33.566 4.794 32.709 3.894
312 2 1 33.479 4.661 32.787 4.027
313 2 1 33.479 4.633 32.787 3.998
314 2 1 33.488 4.595 32.796 3.960
315 2 1 33.498 4.556 32.805 3.922
316 2 1 33.507 4.518 32.815 3.884
0 3 1 32.127 2.451 31.261 1.617
1 3 1 32.156 2.479 31.252 1.608
2 3 1 32.146 2.498 31.242 1.627
3 3 1 32.137 2.498 31.233 1.627
4 3 1 32.137 2.536 31.233 1.665
5 3 1 32.137 2.555 31.233 1.684
6 3 1 32.137 2.593 31.233 1.722
7 3 1 32.157 2.631 31.252 1.760
8 3 1 32.147 2.660 31.243 1.788
9 3 1 32.157 2.707 31.253 1.836
10 3 1 32.177 2.764 31.272 1.893
11 3 1 32.138 2.660 31.234 1.788
12 3 1 32.196 2.840 31.292 1.969
13 3 1 32.196 2.859 31.292 1.988
14 3 1 32.225 2.926 31.321 2.054
15 3 1 32.197 2.935 31.292 2.064
16 3 1 32.216 2.992 31.312 2.121
17 3 1 32.207 3.021 31.303 2.149
18 3 1 32.217 3.068 31.312 2.197
19 3 1 32.217 3.106 31.313 2.235
20 3 1 32.217 3.144 31.313 2.273
21 3 1 32.188 3.097 31.323 2.463
22 3 1 32.198 3.154 31.313 2.387
23 3 1 32.198 3.230 31.314 2.529
24 3 1 32.218 3.353 31.324 2.577
25 3 1 32.209 3.334 31.324 2.586
26 3 1 32.199 3.382 31.315 2.634
27 3 1 32.209 3.410 31.325 2.662
28 3 1 32.200 3.468 31.315 2.720
29 3 1 32.210 3.525 31.325 2.777
30 3 1 32.200 3.563 31.316 2.815
31 3 1 32.210 3.620 31.326 2.872
32 3 1 32.201 3.658 31.316 2.910
34 3 1 32.191 3.648 31.307 2.900
35 3 1 32.201 3.677 31.316 2.929
36 3 1 32.211 3.724 31.326 2.976
37 3 1 32.202 3.762 31.317 3.014
38 3 1 32.211 3.800 31.327 3.052
39 3 1 32.202 3.839 31.317 3.090
40 3 1 32.212 3.877 31.327 3.128
41 3 1 32.203 3.915 31.318 3.166
42 3 1 32.231 3.953 31.347 3.204
43 3 1 32.222 3.991 31.337 3.242
44 3 1 32.232 4.029 31.347 3.280
45 3 1 32.242 4.067 31.357 3.318
46 3 1 32.252 4.124 31.367 3.375
47 3 1 32.262 4.200 31.377 3.452
48 3 1 32.271 4.238 31.387 3.490
49 3 1 32.281 4.295 31.397 3.547
50 3 1 32.310 4.333 31.425 3.585
51 3 1 32.301 4.371 31.416 3.623
52 3 1 32.311 4.409 31.426 3.661
53 3 1 32.321 4.466 31.436 3.718
54 3 1 32.330 4.504 31.446 3.756
55 3 1 32.340 4.523 31.455 3.775
56 3 1 32.350 4.542 31.465 3.794
57 3 1 32.341 4.580 31.456 3.832
58 3 1 32.350 4.637 31.465 3.889
59 3 1 32.351 4.685 31.475 3.936
61 3 1 32.341 4.675 31.466 3.927
62 3 1 32.341 4.713 31.466 3.965
63 3 1 32.342 4.751 31.466 4.003
64 3 1 32.342 4.809 31.466 4.060
65 3 1 32.364 5.332 31.458 4.317
66 3 1 32.344 5.218 31.468 4.412
67 3 1 32.345 5.256 31.469 4.450
68 3 1 32.364 5.294 31.488 4.488
69 3 1 32.383 5.332 31.507 4.526
70 3 1 32.403 5.351 31.527 4.545
71 3 1 32.422 5.370 31.546 4.564
72 3 1 32.441 5.370 31.565 4.564
73 3 1 32.441 5.370 31.565 4.564
74 3 1 32.441 5.408 31.565 4.602
75 3 1 32.461 5.446 31.585 4.640
76 3 1 32.480 5.465 31.604 4.659
77 3 1 32.499 5.503 31.623 4.697
78 3 1 32.500 5.560 31.624 4.754
79 3 1 32.500 5.598 31.624 4.793
80 3 1 32.500 5.655 31.624 4.850
81 3 1 32.520 5.713 31.644 4.907
82 3 1 32.520 5.732 31.644 4.926
83 3 1 32.520 5.808 31.644 5.002
84 3 1 32.540 5.846 31.664 5.040
85 3 1 32.540 5.884 31.664 5.078
86 3 1 32.559 5.922 31.683 5.116
87 3 1 32.560 5.979 31.683 5.173
88 3 1 32.579 5.998 31.703 5.192
89 3 1 32.579 6.055 31.703 5.249
90 3 1 32.551 6.103 31.684 5.307
92 3 1 32.541 6.094 31.675 5.297
93 3 1 32.532 6.122 31.665 5.326
94 3 1 32.542 6.151 31.675 5.354
95 3 1 32.532 6.198 31.666 5.402
96 3 1 32.542 6.227 31.675 5.430
97 3 1 32.533 6.275 31.666 5.478
98 3 1 32.523 6.322 31.657 5.526
99 3 1 32.514 6.370 31.647 5.574
100 3 1 32.524 6.399 31.657 5.602
101 3 1 32.515 6.446 31.648 5.650
102 3 1 32.524 6.494 31.658 5.697
103 3 1 32.515 6.542 31.648 5.745
104 3 1 32.525 6.570 31.658 5.774
105 3 1 32.516 6.618 31.649 5.821
106 3 1 32.526 6.666 31.659 5.869
107 3 1 32.516 6.713 31.649 5.917
108 3 1 32.507 6.723 31.640 5.926
109 3 1 32.497 6.751 31.631 5.955
110 3 1 32.488 6.761 31.621 5.964
111 3 1 32.479 6.809 31.612 6.012
112 3 1 32.488 6.856 31.622 6.060
113 3 1 32.538 7.152 31.614 6.365
114 3 1 32.509 7.142 31.642 6.355
115 3 1 32.500 7.200 31.633 6.412
116 3 1 32.510 7.257 31.643 6.470
117 3 1 32.501 7.295 31.634 6.508
118 3 1 32.510 7.333 31.643 6.546
119 3 1 32.501 7.371 31.634 6.584
120 3 1 32.511 7.390 31.644 6.603
121 3 1 32.501 7.429 31.634 6.641
122 3 1 32.511 7.448 31.644 6.660
123 3 1 32.502 7.467 31.635 6.679
124 3 1 32.511 7.486 31.644 6.698
125 3 1 32.502 7.505 31.635 6.718
126 3 1 32.492 7.524 31.625 6.737
128 3 1 32.483 7.515 31.616 6.727
129 3 1 32.493 7.534 31.625 6.746
130 3 1 32.483 7.591 31.616 6.803
131 3 1 32.493 7.629 31.626 6.842
132 3 1 32.484 7.667 31.617 6.880
133 3 1 32.494 7.705 31.626 6.918
134 3 1 32.484 7.763 31.617 6.975
135 3 1 32.475 7.820 31.608 7.032
136 3 1 32.466 7.839 31.598 7.052
137 3 1 32.476 7.896 31.608 7.109
138 3 1 32.466 7.935 31.599 7.147
139 3 1 32.476 7.954 31.609 7.166
140 3 1 32.467 8.011 31.599 7.223
141 3 1 32.457 8.030 31.590 7.242
142 3 1 32.448 8.068 31.581 7.281
143 3 1 32.458 8.106 31.590 7.319
144 3 1 32.448 8.164 31.581 7.376
145 3 1 32.458 8.183 31.591 7.395
146 3 1 32.468 8.202 31.601 7.414
147 3 1 32.478 8.221 31.610 7.433
149 3 1 32.468 8.211 31.601 7.424
150 3 1 32.478 8.250 31.610 7.462
151 3 1 32.468 8.269 31.601 7.481
152 3 1 32.478 8.307 31.611 7.519
153 3 1 32.469 8.345 31.601 7.557
154 3 1 32.500 8.679 31.622 7.844
155 3 1 32.490 8.651 31.622 7.863
156 3 1 32.499 8.670 31.632 7.882
157 3 1 32.509 8.708 31.642 7.920
158 3 1 32.519 8.727 31.652 7.939
159 3 1 32.529 8.765 31.661 7.977
160 3 1 32.539 8.803 31.671 8.015
161 3 1 32.548 8.841 31.681 8.053
162 3 1 32.577 8.879 31.710 8.091
163 3 1 32.606 8.917 31.739 8.129
164 3 1 32.616 8.955 31.749 8.168
165 3 1 32.607 8.955 31.739 8.168
166 3 1 32.616 8.975 31.749 8.187
167 3 1 32.607 9.013 31.739 8.225
168 3 1 32.617 9.070 31.749 8.282
169 3 1 32.608 9.108 31.740 8.320
170 3 1 32.617 9.146 31.750 8.359
171 3 1 32.608 9.185 31.740 8.397
172 3 1 32.618 9.242 31.750 8.454
173 3 1 32.609 9.299 31.741 8.511
174 3 1 32.619 9.338 31.751 8.550
175 3 1 32.609 9.395 31.742 8.607
176 3 1 32.600 9.452 31.732 8.664
177 3 1 32.591 9.510 31.723 8.722
178 3 1 32.601 9.548 31.733 8.760
179 3 1 32.591 9.605 31.724 8.817
180 3 1 32.582 9.663 31.714 8.875
181 3 1 32.573 9.720 31.705 8.932
182 3 1 32.583 9.758 31.715 8.970
183 3 1 32.573 9.797 31.706 9.008
184 3 1 32.583 9.835 31.715 9.047
185 3 1 32.574 9.873 31.706 9.085
186 3 1 32.584 9.911 31.716 9.123
187 3 1 32.574 9.950 31.707 9.161
188 3 1 32.584 10.007 31.716 9.219
189 3 1 32.575 10.045 31.707 9.257
190 3 1 32.566 10.103 31.698 9.314
191 3 1 32.556 10.141 31.688 9.353
192 3 1 32.653 10.255 31.784 9.362
193 3 1 32.662 10.217 31.775 9.352
194 3 1 32.653 10.274 31.746 9.333
195 3 1 32.633 10.198 31.766 9.410
196 3 1 32.653 10.274 31.775 9.467
197 3 1 32.624 10.265 31.776 9.496
198 3 1 32.634 10.274 31.757 9.524
199 3 1 32.596 10.380 31.805 9.629
200 3 1 32.549 10.447 31.787 9.773
201 3 1 32.492 10.524 31.749 9.916
202 3 1 32.530 10.591 31.788 9.964
203 3 1 32.521 10.638 31.769 9.945
204 3 1 32.512 10.696 31.749 9.945
205 3 1 32.483 10.744 31.730 9.983
206 3 1 32.455 10.811 31.730 9.983
207 3 1 32.455 10.869 31.730 9.955
208 3 1 32.484 10.878 31.750 9.974
209 3 1 32.437 10.974 31.731 10.050
210 3 1 32.465 10.868 31.712 10.146
211 3 1 32.456 10.916 31.703 10.194
212 3 1 32.437 10.955 31.684 10.232
213 3 1 32.427 10.993 31.675 10.271
214 3 1 32.408 11.041 31.617 10.309
215 3 1 32.389 11.032 31.589 10.377
216 3 1 32.342 11.108 31.522 10.501
217 3 1 32.304 11.147 31.551 10.444
218 3 1 32.285 11.185 31.532 10.482
219 3 1 32.285 11.214 31.532 10.511
220 3 1 32.266 11.253 31.513 10.549
221 3 1 32.266 11.300 31.513 10.597
222 3 1 32.257 11.348 31.504 10.645
223 3 1 32.277 11.521 31.523 10.626
224 3 1 32.239 11.540 31.504 10.597
225 3 1 32.220 11.559 31.465 10.607
226 3 1 32.191 11.569 31.398 10.627
227 3 1 32.134 11.617 31.398 10.646
228 3 1 32.133 11.474 31.399 10.770
229 3 1 32.114 11.522 31.380 10.818
230 3 1 32.104 11.560 31.371 10.856
231 3 1 32.135 11.818 31.459 11.114
232 3 1 32.154 11.809 31.430 11.105
233 3 1 32.145 11.857 31.420 11.153
234 3 1 32.135 11.905 31.411 11.201
235 3 1 32.126 11.933 31.411 11.230
237 3 1 32.116 11.924 31.402 11.220
238 3 1 32.051 12.269 31.355 11.479
239 3 1 32.060 12.212 31.355 11.508
240 3 1 32.051 12.260 31.346 11.556
241 3 1 32.032 12.317 31.327 11.613
242 3 1 32.013 12.365 31.308 11.661
243 3 1 32.004 12.404 31.299 11.700
244 3 1 31.985 12.452 31.280 11.748
245 3 1 31.966 12.509 31.261 11.805
246 3 1 31.947 12.567 31.242 11.863
247 3 1 31.938 12.615 31.233 11.911
248 3 1 31.919 12.653 31.213 11.949
249 3 1 31.900 12.702 31.195 11.997
250 3 1 31.881 12.759 31.176 12.055
252 3 1 31.871 12.750 31.166 12.045
253 3 1 31.852 12.798 31.147 12.093
254 3 1 31.843 12.855 31.138 12.151
255 3 1 31.824 12.903 31.119 12.199
256 3 1 31.815 12.942 31.109 12.237
257 3 1 31.806 12.999 31.100 12.295
259 3 1 31.796 12.990 31.090 12.286
260 3 1 31.798 13.306 31.072 12.487
261 3 1 31.788 13.239 31.082 12.535
262 3 1 31.778 13.287 31.073 12.583
263 3 1 31.769 13.335 31.064 12.631
264 3 1 31.769 13.393 31.064 12.688
265 3 1 31.760 13.441 31.054 12.736
266 3 1 31.751 13.479 31.045 12.775
267 3 1 31.760 13.508 31.064 12.803
269 3 1 31.751 13.498 31.055 12.794
270 3 1 31.761 13.556 31.065 12.851
271 3 1 31.782 13.901 31.047 13.139
272 3 1 31.763 13.863 31.066 13.158
273 3 1 31.753 13.911 31.057 13.206
274 3 1 31.734 13.969 31.038 13.264
275 3 1 31.715 14.017 31.019 13.312
276 3 1 31.706 14.065 31.010 13.360
277 3 1 31.697 14.123 31.001 13.418
278 3 1 31.678 14.171 30.982 13.466
279 3 1 31.659 14.209 30.963 13.504
280 3 1 31.649 14.257 30.953 13.552
281 3 1 31.640 14.315 30.944 13.610
282 3 1 31.621 14.363 30.925 13.658
283 3 1 31.602 14.402 30.906 13.697
284 3 1 31.593 14.440 30.896 13.735
285 3 1 31.593 14.488 30.897 13.783
287 3 1 31.583 14.479 30.887 13.774
288 3 1 31.564 14.527 30.868 13.822
289 3 1 31.555 14.575 30.859 13.870
290 3 1 31.555 14.613 30.859 13.908
291 3 1 31.546 14.661 30.850 13.956
292 3 1 31.537 14.719 30.840 14.014
293 3 1 31.537 14.767 30.841 14.062
294 3 1 31.537 14.815 30.841 14.110
295 3 1 31.538 14.873 30.841 14.168
296 3 1 31.528 14.930 30.832 14.225
297 3 1 31.519 14.979 30.822 14.273
298 3 1 31.519 15.027 30.823 14.321
299 3 1 31.510 15.084 30.813 14.379
300 3 1 31.491 15.132 30.794 14.427
301 3 1 31.491 15.161 30.795 14.456
302 3 1 31.491 15.190 30.804 14.485
304 3 1 31.482 15.181 30.795 14.475
305 3 1 31.491 15.229 30.805 14.523
306 3 1 31.482 15.257 30.795 14.552
307 3 1 31.473 15.315 30.786 14.610
308 3 1 31.463 15.363 30.776 14.658
309 3 1 31.454 15.402 30.767 14.696
310 3 1 31.445 15.450 30.758 14.745
311 3 1 31.435 15.508 30.748 14.802
312 3 1 31.416 15.556 30.729 14.850
313 3 1 31.407 15.594 30.720 14.889
314 3 1 31.398 15.643 30.711 14.937
315 3 1 31.388 15.700 30.701 14.995
316 3 1 31.379 15.748 30.692 15.043
0 4 1 32.246 4.733 31.380 4.032
1 4 1 32.275 4.752 31.370 4.022
2 4 1 32.265 4.771 31.361 4.041
3 4 1 32.275 4.809 31.371 4.080
4 4 1 32.275 4.847 31.371 4.118
5 4 1 32.266 4.885 31.362 4.156
6 4 1 32.275 4.904 31.371 4.175
7 4 1 32.276 4.942 31.372 4.213
8 4 1 32.266 4.990 31.362 4.260
9 4 1 32.276 5.018 31.372 4.289
10 4 1 32.276 5.056 31.372 4.327
11 4 1 32.239 5.133 31.334 4.403
12 4 1 32.277 5.133 31.373 4.403
13 4 1 32.277 5.171 31.373 4.441
14 4 1 32.296 5.190 31.392 4.460
15 4 1 32.278 5.247 31.373 4.517
16 4 1 32.278 5.266 31.373 4.536
17 4 1 32.268 5.314 31.364 4.584
18 4 1 32.297 5.342 31.393 4.613
19 4 1 32.278 5.380 31.374 4.651
20 4 1 32.298 5.418 31.393 4.689
21 4 1 32.298 5.437 31.394 4.708
22 4 1 32.298 5.475 31.394 4.746
23 4 1 32.281 5.809 31.528 4.860
24 4 1 32.310 5.866 31.548 4.898
25 4 1 32.282 5.942 31.500 4.936
26 4 1 32.272 5.942 31.491 4.974
27 4 1 32.272 5.904 31.481 5.012
28 4 1 32.282 5.952 31.491 5.060
29 4 1 32.292 5.980 31.501 5.088
30 4 1 32.282 6.009 31.492 5.117
31 4 1 32.292 6.057 31.501 5.164
32 4 1 32.302 6.085 31.511 5.193
33 4 1 32.312 6.133 31.521 5.241
34 4 1 32.302 6.161 31.512 5.269
35 4 1 32.312 6.209 31.521 5.317
36 4 1 32.303 6.238 31.512 5.345
37 4 1 32.313 6.285 31.522 5.393
38 4 1 32.303 6.333 31.513 5.441
39 4 1 32.256 6.409 31.427 5.479
40 4 1 32.228 6.486 31.436 5.489
41 4 1 32.209 6.515 31.455 5.489
42 4 1 32.219 6.638 31.542 5.507
43 4 1 32.257 6.533 31.485 5.603
44 4 1 32.247 6.581 31.475 5.650
45 4 1 32.257 6.676 31.524 5.736
46 4 1 32.267 6.667 31.505 5.736
47 4 1 32.267 6.695 31.505 5.765
48 4 1 32.267 6.743 31.505 5.812
49 4 1 32.268 6.772 31.505 5.841
50 4 1 32.268 6.819 31.506 5.889
51 4 1 32.268 6.848 31.506 5.917
52 4 1 32.268 6.877 31.506 5.946
53 4 1 32.268 6.905 31.506 5.974
54 4 1 32.269 6.953 31.506 6.022
55 4 1 32.269 6.981 31.507 6.051
56 4 1 32.288 7.048 31.526 6.117
57 4 1 32.269 7.077 31.507 6.146
58 4 1 32.289 7.144 31.527 6.213
59 4 1 32.328 7.201 31.546 6.289
60 4 1 32.319 7.344 31.613 6.327
61 4 1 32.310 7.411 31.623 6.336
62 4 1 32.338 7.334 31.595 6.413
63 4 1 32.338 7.372 31.595 6.451
64 4 1 32.377 7.429 31.624 6.498
65 4 1 32.367 7.420 31.624 6.498
66 4 1 32.368 7.458 31.624 6.536
67 4 1 32.425 7.391 31.568 6.737
68 4 1 32.492 7.410 31.587 6.775
69 4 1 32.473 7.400 31.568 6.804
70 4 1 32.406 7.420 31.530 6.833
71 4 1 32.416 7.496 31.540 6.861
72 4 1 32.417 7.677 31.579 6.928
73 4 1 32.369 7.706 31.626 6.880
74 4 1 32.369 7.744 31.626 6.918
75 4 1 32.369 7.782 31.627 6.956
76 4 1 32.389 7.840 31.646 7.013
77 4 1 32.418 7.954 31.589 7.013
78 4 1 32.370 7.887 31.627 7.061
79 4 1 32.370 7.926 31.628 7.099
80 4 1 32.371 7.964 31.628 7.137
81 4 1 32.371 8.002 31.628 7.175
82 4 1 32.371 8.040 31.628 7.214
83 4 1 32.371 8.078 31.628 7.252
84 4 1 32.391 8.116 31.648 7.290
85 4 1 32.391 8.155 31.648 7.328
86 4 1 32.391 8.193 31.648 7.366
87 4 1 32.391 8.231 31.648 7.404
88 4 1 32.411 8.269 31.668 7.442
89 4 1 32.411 8.326 31.668 7.500
90 4 1 32.411 8.364 31.668 7.538
91 4 1 32.431 8.422 31.688 7.595
92 4 1 32.431 8.460 31.688 7.633
93 4 1 32.431 8.517 31.688 7.691
94 4 1 32.451 8.555 31.708 7.729
95 4 1 32.451 8.593 31.708 7.767
96 4 1 32.451 8.651 31.708 7.824
97 4 1 32.471 8.689 31.728 7.862
98 4 1 32.471 8.727 31.728 7.900
99 4 1 32.471 8.765 31.728 7.939
100 4 1 32.472 8.803 31.728 7.977
101 4 1 32.472 8.842 31.729 8.015
102 4 1 32.491 8.880 31.748 8.053
103 4 1 32.491 8.918 31.748 8.091
104 4 1 32.492 8.975 31.749 8.148
105 4 1 32.492 9.013 31.749 8.187
106 4 1 32.492 9.071 31.749 8.244
107 4 1 32.493 9.109 31.749 8.282
108 4 1 32.493 9.147 31.750 8.320
109 4 1 32.493 9.185 31.750 8.359
110 4 1 32.493 9.243 31.750 8.416
111 4 1 32.494 9.300 31.750 8.473
112 4 1 32.513 9.338 31.770 8.511
113 4 1 32.514 9.396 31.770 8.569
114 4 1 32.514 9.434 31.770 8.607
115 4 1 32.514 9.472 31.771 8.645
116 4 1 32.514 9.510 31.771 8.683
117 4 1 32.534 9.548 31.656 8.751
118 4 1 32.553 9.596 31.723 8.731
119 4 1 32.572 9.625 31.695 8.789
120 4 1 32.601 9.644 31.705 8.836
121 4 1 32.611 9.720 31.715 8.884
122 4 1 32.650 9.787 31.715 8.884
123 4 1 32.699 9.977 31.753 8.951
124 4 1 32.728 10.044 31.744 8.932
125 4 1 32.719 10.044 31.772 8.922
126 4 1 32.652 10.026 31.820 8.950
127 4 1 32.642 10.007 31.821 8.998
128 4 1 32.652 10.016 31.831 9.056
129 4 1 32.652 10.016 31.803 9.209
130 4 1 32.594 10.007 31.851 9.199
131 4 1 32.594 10.064 31.851 9.256
132 4 1 32.594 10.083 31.851 9.275
133 4 1 32.595 10.141 31.851 9.333
134 4 1 32.595 10.179 31.852 9.371
135 4 1 32.711 10.274 31.833 9.514
136 4 1 32.625 10.389 31.843 9.581
137 4 1 32.607 10.523 31.843 9.610
138 4 1 32.617 10.667 31.825 9.677
139 4 1 32.607 10.647 31.834 9.639
140 4 1 32.589 10.753 31.825 9.677
141 4 1 32.589 10.820 31.834 9.667
142 4 1 32.599 10.848 31.844 9.715
143 4 1 32.580 10.820 31.844 9.772
144 4 1 32.599 10.801 31.826 9.887
145 4 1 32.618 10.820 31.807 9.983
146 4 1 32.618 10.829 31.808 10.040
147 4 1 32.609 10.868 31.837 10.184
148 4 1 32.580 10.906 31.846 10.126
149 4 1 32.581 10.944 31.847 10.164
150 4 1 32.581 10.992 31.847 10.212
151 4 1 32.581 11.040 31.847 10.260
152 4 1 32.581 11.078 31.847 10.298
153 4 1 32.564 11.337 31.800 10.404
154 4 1 32.517 11.490 31.800 10.385
155 4 1 32.555 11.404 31.771 10.394
156 4 1 32.555 11.394 31.752 10.433
157 4 1 32.564 11.432 31.752 10.471
158 4 1 32.603 11.413 31.762 10.500
159 4 1 32.574 11.432 31.753 10.576
160 4 1 32.603 11.480 31.734 10.644
161 4 1 32.555 11.490 31.706 10.672
162 4 1 32.565 11.499 31.715 10.691
163 4 1 32.594 11.538 31.744 10.749
164 4 1 32.575 11.576 31.774 10.863
165 4 1 32.536 11.557 31.803 10.844
166 4 1 32.527 11.653 31.870 10.949
167 4 1 32.547 11.749 31.871 10.987
168 4 1 32.538 11.902 31.871 11.016
169 4 1 32.587 11.959 31.823 11.026
170 4 1 32.549 12.036 31.861 11.006
171 4 1 32.520 12.084 31.842 11.035
172 4 1 32.539 12.074 31.842 11.054
173 4 1 32.549 12.045 31.823 11.045
174 4 1 32.520 12.046 31.814 11.112
175 4 1 32.492 12.084 31.785 11.150
176 4 1 32.501 12.113 31.767 11.361
177 4 1 32.472 12.103 31.796 11.351
178 4 1 32.473 12.142 31.796 11.390
179 4 1 32.473 12.180 31.796 11.428
180 4 1 32.473 12.218 31.797 11.466
181 4 1 32.473 12.266 31.797 11.514
182 4 1 32.589 12.294 31.702 11.659
183 4 1 32.541 12.304 31.730 11.649
184 4 1 32.474 12.343 31.797 11.610
185 4 1 32.474 12.372 31.798 11.639
186 4 1 32.465 12.420 31.788 11.687
187 4 1 32.465 12.467 31.789 11.735
188 4 1 32.465 12.506 31.789 11.773
189 4 1 32.544 12.745 31.790 11.974
190 4 1 32.495 12.716 31.819 11.983
191 4 1 32.496 12.755 31.819 12.022
192 4 1 32.496 12.803 31.819 12.070
193 4 1 32.496 12.851 31.820 12.118
194 4 1 32.497 12.898 31.820 12.165
195 4 1 32.497 12.937 31.820 12.204
196 4 1 32.497 12.975 31.820 12.242
197 4 1 32.497 13.013 31.821 12.280
198 4 1 32.488 13.052 31.811 12.319
199 4 1 32.479 13.100 31.802 12.367
200 4 1 32.488 13.148 31.812 12.415
201 4 1 32.479 13.186 31.802 12.453
202 4 1 32.489 13.234 31.812 12.501
203 4 1 32.480 13.282 31.803 12.549
204 4 1 32.480 13.330 31.803 12.597
205 4 1 32.471 13.378 31.794 12.645
206 4 1 32.461 13.416 31.785 12.683
207 4 1 32.471 13.464 31.794 12.731
208 4 1 32.462 13.512 31.785 12.779
209 4 1 32.472 13.551 31.795 12.817
210 4 1 32.529 13.493 31.698 12.703
211 4 1 32.519 13.493 31.670 12.780
212 4 1 32.433 13.493 31.756 12.770
213 4 1 32.433 13.551 31.757 12.827
214 4 1 32.443 13.560 31.766 12.837
215 4 1 32.453 13.599 31.776 12.875
216 4 1 32.453 13.647 31.776 12.923
217 4 1 32.453 13.695 31.777 12.971
218 4 1 32.463 13.733 31.786 13.009
219 4 1 32.473 13.771 31.796 13.047
220 4 1 32.473 13.810 31.796 13.086
222 4 1 32.571 14.145 31.836 13.220
223 4 1 32.532 14.039 31.855 13.315
224 4 1 32.533 14.078 31.856 13.354
225 4 1 32.542 14.116 31.865 13.392
226 4 1 32.562 14.164 31.885 13.440
227 4 1 32.582 14.240 31.905 13.517
229 4 1 32.572 14.231 31.895 13.507
230 4 1 32.572 14.250 31.895 13.526
231 4 1 32.572 14.289 31.895 13.565
232 4 1 32.573 14.336 31.896 13.613
233 4 1 32.573 14.394 31.896 13.670
234 4 1 32.573 14.432 31.896 13.708
235 4 1 32.573 14.471 31.896 13.747
236 4 1 32.583 14.519 31.906 13.795
238 4 1 32.614 14.835 31.898 13.958
239 4 1 32.585 14.739 31.908 14.015
240 4 1 32.585 14.787 31.908 14.063
241 4 1 32.595 14.835 31.918 14.111
242 4 1 32.586 14.883 31.908 14.159
243 4 1 32.595 14.912 31.918 14.188
244 4 1 32.596 14.951 31.918 14.226
245 4 1 32.586 14.989 31.909 14.265
246 4 1 32.606 15.018 31.928 14.294
247 4 1 32.606 15.047 31.929 14.322
248 4 1 32.616 15.094 31.938 14.370
249 4 1 32.606 15.123 31.929 14.399
250 4 1 32.626 15.171 31.949 14.447
251 4 1 32.635 15.200 31.958 14.476
252 4 1 32.636 15.248 31.959 14.524
253 4 1 32.646 15.277 31.968 14.552
254 4 1 32.655 15.325 31.978 14.600
255 4 1 32.665 15.363 31.988 14.639
256 4 1 32.675 15.401 31.998 14.677
257 4 1 32.656 15.440 31.979 14.716
258 4 1 32.685 15.478 32.008 14.754
259 4 1 32.695 15.516 32.018 14.792
260 4 1 32.715 15.555 32.037 14.830
261 4 1 32.696 15.593 32.018 14.869
262 4 1 32.705 15.632 32.028 14.907
263 4 1 32.696 15.670 32.019 14.946
264 4 1 32.706 15.708 32.029 14.984
265 4 1 32.706 15.747 32.029 15.022
266 4 1 32.716 15.785 32.039 15.061
267 4 1 32.707 15.824 32.029 15.099
268 4 1 32.707 15.862 32.030 15.138
269 4 1 32.707 15.901 32.030 15.176
270 4 1 32.707 15.939 32.030 15.215
271 4 1 32.708 15.987 32.030 15.263
272 4 1 32.708 16.035 32.031 15.311
273 4 1 32.698 16.064 32.021 15.339
274 4 1 32.699 16.112 32.021 15.387
275 4 1 32.805 16.236 31.982 15.234
276 4 1 32.728 16.093 32.050 15.368
277 4 1 32.737 16.141 32.060 15.416
278 4 1 32.757 16.150 32.079 15.425
280 4 1 32.747 16.140 32.070 15.416
281 4 1 32.747 16.160 32.070 15.435
282 4 1 32.747 16.169 32.070 15.445
283 4 1 32.747 16.189 32.070 15.464
284 4 1 32.748 16.227 32.070 15.502
285 4 1 32.748 16.275 32.070 15.550
286 4 1 32.748 16.313 32.071 15.589
288 4 1 32.738 16.304 32.061 15.579
289 4 1 32.729 16.342 32.052 15.618
290 4 1 32.780 16.755 32.064 16.021
291 4 1 32.751 16.736 32.073 16.012
292 4 1 32.799 16.746 31.764 15.851
293 4 1 32.809 16.842 31.803 15.879
294 4 1 32.819 16.842 31.775 16.005
295 4 1 32.636 16.776 31.958 16.051
296 4 1 32.645 16.824 31.968 16.099
297 4 1 32.655 16.814 31.977 16.089
299 4 1 32.645 16.805 31.968 16.080
300 4 1 32.655 16.824 31.977 16.099
301 4 1 32.665 16.843 31.987 16.118
302 4 1 32.665 16.881 31.987 16.157
303 4 1 32.665 16.920 31.988 16.195
304 4 1 32.666 16.958 31.988 16.233
305 4 1 32.666 16.997 31.988 16.272
306 4 1 32.666 17.035 31.988 16.310
307 4 1 32.666 17.083 31.989 16.358
308 4 1 32.667 17.141 31.989 16.416
309 4 1 32.676 17.160 31.999 16.435
310 4 1 32.686 17.199 32.009 16.474
311 4 1 32.823 17.573 32.019 16.551
312 4 1 32.755 17.410 32.077 16.685
313 4 1 32.755 17.448 32.077 16.723
314 4 1 32.794 17.448 32.116 16.723
316 4 1 32.784 17.438 32.106 16.713
0 5 1 31.966 19.025 31.201 18.290
1 5 1 32.014 19.053 31.171 18.156
2 5 1 32.014 18.976 31.160 17.963
3 5 1 31.975 18.880 31.150 17.838
4 5 1 31.984 18.842 31.149 17.752
5 5 1 31.965 18.832 31.159 17.684
6 5 1 31.974 18.851 31.149 17.626
7 5 1 31.965 18.823 31.149 17.607
8 5 1 31.974 18.803 31.139 17.588
9 5 1 31.945 18.746 31.129 17.588
10 5 1 31.954 18.669 31.119 17.559
11 5 1 31.983 18.649 31.120 17.578
12 5 1 32.021 18.581 31.148 17.511
13 5 1 32.011 18.514 31.167 17.511
14 5 1 32.011 18.466 31.148 17.540
15 5 1 32.011 18.456 31.167 17.530
16 5 1 31.981 18.389 31.148 17.511
17 5 1 31.991 18.360 31.167 17.434
18 5 1 31.942 18.341 31.157 17.376
19 5 1 31.933 18.341 31.156 17.232
20 5 1 31.904 18.265 31.184 17.087
21 5 1 31.932 18.158 31.183 16.933
22 5 1 31.932 18.120 31.183 16.866
23 5 1 31.931 18.072 31.164 16.856
24 5 1 31.941 18.043 31.173 16.866
25 5 1 31.970 18.033 31.125 16.799
26 5 1 31.969 17.937 31.125 16.808
27 5 1 31.950 17.956 31.135 16.818
28 5 1 31.949 17.879 31.125 16.770
29 5 1 31.978 17.754 31.154 16.770
30 5 1 31.958 17.706 31.144 16.731
31 5 1 31.948 17.686 31.134 16.703
32 5 1 31.948 17.648 31.134 16.693
33 5 1 31.938 17.590 31.124 16.703
34 5 1 31.938 17.552 31.124 16.626
35 5 1 31.957 17.561 31.124 16.539
36 5 1 31.928 17.494 31.123 16.404
37 5 1 31.937 17.417 31.132 16.337
38 5 1 31.946 17.340 31.141 16.241
39 5 1 31.956 17.292 31.140 16.097
40 5 1 31.927 17.254 31.131 16.202
41 5 1 31.936 17.205 31.141 16.183
42 5 1 31.974 17.205 31.092 16.030
43 5 1 31.945 17.138 31.141 16.193
44 5 1 31.935 17.090 31.112 16.231
45 5 1 31.925 17.023 31.093 16.241
46 5 1 31.963 16.907 31.112 16.174
47 5 1 32.020 16.858 31.121 16.154
48 5 1 32.001 16.839 31.121 16.126
49 5 1 31.972 16.782 31.111 16.001
50 5 1 31.904 16.753 31.082 15.962
51 5 1 31.923 16.705 31.033 15.761
52 5 1 31.856 16.687 31.090 15.789
53 5 1 31.884 16.484 31.031 15.463
54 5 1 31.922 16.426 31.050 15.367
55 5 1 31.989 16.407 31.049 15.299
56 5 1 31.989 16.378 31.040 15.290
57 5 1 32.027 16.349 31.049 15.271
58 5 1 32.007 16.262 31.049 15.271
59 5 1 31.911 16.215 31.146 15.318
60 5 1 31.911 16.167 31.145 15.270
61 5 1 31.910 16.119 31.145 15.222
62 5 1 31.920 16.090 31.155 15.193
63 5 1 31.910 16.042 31.145 15.145
64 5 1 31.890 15.994 31.125 15.097
65 5 1 31.880 15.946 31.115 15.049
66 5 1 31.871 15.917 31.106 15.020
67 5 1 31.870 15.869 31.105 14.972
68 5 1 31.851 15.860 31.037 14.877
69 5 1 31.812 15.783 31.056 14.742
70 5 1 31.802 15.678 31.045 14.598
71 5 1 31.850 15.668 31.055 14.560
72 5 1 31.830 15.600 31.055 14.579
73 5 1 31.840 15.543 31.036 14.617
74 5 1 31.811 15.543 31.046 14.627
75 5 1 31.801 15.533 31.046 14.637
76 5 1 31.791 15.485 31.036 14.589
77 5 1 31.781 15.466 31.026 14.569
78 5 1 31.791 15.389 31.035 14.493
79 5 1 31.800 15.341 31.045 14.444
80 5 1 31.809 15.284 31.054 14.387
81 5 1 31.799 15.245 31.044 14.348
82 5 1 31.789 15.197 31.034 14.301
83 5 1 31.780 15.169 31.024 14.272
84 5 1 31.789 15.101 31.034 14.205
85 5 1 31.779 15.072 31.024 14.176
86 5 1 31.769 15.005 31.014 14.109
87 5 1 31.759 14.957 31.004 14.061
88 5 1 31.768 14.890 31.013 13.993
89 5 1 31.759 14.842 31.003 13.946
90 5 1 31.768 14.775 31.013 13.878
91 5 1 31.758 14.746 31.003 13.850
92 5 1 31.767 14.679 31.012 13.782
93 5 1 31.757 14.650 31.002 13.754
94 5 1 31.767 14.602 31.012 13.706
95 5 1 31.738 14.573 30.983 13.677
96 5 1 31.728 14.526 30.973 13.629
97 5 1 31.718 14.497 30.963 13.600
98 5 1 31.803 14.218 30.915 13.572
99 5 1 31.793 14.208 30.876 13.495
100 5 1 31.707 14.295 30.952 13.418
101 5 1 31.697 14.247 30.943 13.370
102 5 1 31.688 14.219 30.933 13.342
103 5 1 31.678 14.171 30.923 13.294
104 5 1 31.687 14.123 30.932 13.246
105 5 1 31.696 13.931 30.788 13.170
106 5 1 31.619 13.989 30.864 13.121
107 5 1 31.609 13.951 30.854 13.083
108 5 1 31.580 13.912 30.825 13.045
109 5 1 31.589 13.855 30.835 12.987
110 5 1 31.580 13.836 30.825 12.968
111 5 1 31.589 13.778 30.834 12.911
112 5 1 31.599 13.759 30.844 12.891
113 5 1 31.608 13.701 30.853 12.834
114 5 1 31.598 13.663 30.843 12.795
115 5 1 31.607 13.605 30.853 12.738
116 5 1 31.578 13.529 30.823 12.661
117 5 1 31.587 13.490 30.833 12.623
118 5 1 31.578 13.452 30.823 12.585
119 5 1 31.568 13.394 30.813 12.527
120 5 1 31.558 13.356 30.803 12.489
121 5 1 31.548 13.318 30.793 12.451
122 5 1 31.538 13.260 30.783 12.393
123 5 1 31.547 13.183 30.793 12.316
124 5 1 31.537 13.145 30.783 12.278
125 5 1 31.527 13.088 30.773 12.221
126 5 1 31.518 13.069 30.763 12.202
127 5 1 31.527 13.011 30.773 12.144
128 5 1 31.498 13.011 30.744 12.144
129 5 1 31.488 12.973 30.734 12.106
130 5 1 31.459 12.935 30.705 12.068
131 5 1 31.449 12.897 30.695 12.030
132 5 1 31.439 12.839 30.685 11.972
133 5 1 31.430 12.782 30.675 11.915
134 5 1 31.401 12.743 30.646 11.877
135 5 1 31.391 12.705 30.636 11.838
136 5 1 31.362 12.667 30.607 11.800
137 5 1 31.371 12.609 30.617 11.743
138 5 1 31.342 12.552 30.587 11.685
139 5 1 31.332 12.514 30.578 11.647
140 5 1 31.322 12.456 30.568 11.590
141 5 1 31.312 12.399 30.558 11.532
142 5 1 31.302 12.361 30.548 11.494
143 5 1 31.292 12.322 30.538 11.456
144 5 1 31.273 12.275 30.528 11.417
146 5 1 31.263 12.265 30.519 11.408
147 5 1 31.263 12.217 30.518 11.360
148 5 1 31.263 12.169 30.518 11.312
149 5 1 31.243 12.122 30.499 11.264
150 5 1 31.243 12.074 30.498 11.216
151 5 1 31.224 12.026 30.479 11.169
152 5 1 31.223 11.978 30.479 11.121
153 5 1 31.223 11.949 30.479 11.092
154 5 1 31.223 11.882 30.478 11.025
155 5 1 31.213 11.796 30.478 10.910
156 5 1 31.213 11.777 30.478 10.920
157 5 1 31.203 11.729 30.468 10.872
158 5 1 31.193 11.700 30.458 10.843
159 5 1 31.202 11.633 30.467 10.776
160 5 1 31.192 11.605 30.458 10.747
161 5 1 31.202 11.557 30.467 10.699
162 5 1 31.192 11.528 30.457 10.671
163 5 1 31.182 11.480 30.447 10.623
164 5 1 31.172 11.432 30.437 10.575
165 5 1 31.286 11.163 30.388 10.327
166 5 1 31.181 11.212 30.378 10.174
167 5 1 31.152 11.222 30.415 9.982
168 5 1 31.142 11.222 30.434 9.934
169 5 1 31.152 11.203 30.424 9.886
170 5 1 31.123 11.174 30.405 9.905
171 5 1 31.122 11.097 30.405 9.877
172 5 1 31.074 11.050 30.386 9.886
173 5 1 31.083 10.992 30.367 9.877
174 5 1 31.093 10.925 30.376 9.906
175 5 1 31.111 10.839 30.367 9.896
176 5 1 31.101 10.734 30.328 9.906
177 5 1 31.063 10.744 30.357 9.906
178 5 1 31.062 10.696 30.357 9.858
179 5 1 31.062 10.648 30.357 9.810
180 5 1 31.062 10.600 30.356 9.762
181 5 1 31.090 10.466 30.346 9.628
182 5 1 31.099 10.380 30.317 9.542
183 5 1 31.109 10.389 30.326 9.437
184 5 1 31.119 10.427 30.345 9.428
185 5 1 31.080 10.341 30.374 9.504
186 5 1 31.079 10.294 30.374 9.456
187 5 1 31.079 10.227 30.374 9.389
188 5 1 31.098 10.198 30.393 9.360
189 5 1 31.205 10.341 30.364 9.303
190 5 1 31.185 10.226 30.354 9.246
191 5 1 31.146 10.092 30.344 9.236
192 5 1 31.116 10.016 30.305 9.217
193 5 1 31.106 9.939 30.248 9.199
194 5 1 31.030 9.978 30.324 9.160
195 5 1 31.029 9.930 30.324 9.112
196 5 1 31.029 9.902 30.324 9.083
197 5 1 31.029 9.854 30.324 9.036
198 5 1 31.029 9.806 30.324 8.988
199 5 1 31.143 9.595 30.293 8.634
200 5 1 31.143 9.566 30.264 8.653
201 5 1 31.056 9.519 30.351 8.701
202 5 1 31.056 9.471 30.351 8.653
203 5 1 31.055 9.423 30.350 8.605
204 5 1 31.055 9.356 30.350 8.538
205 5 1 31.055 9.328 30.350 8.510
206 5 1 31.055 9.261 30.349 8.443
207 5 1 31.035 9.213 30.330 8.395
208 5 1 31.035 9.165 30.330 8.347
209 5 1 31.054 9.117 30.349 8.299
210 5 1 31.054 9.070 30.348 8.252
211 5 1 31.053 9.041 30.348 8.223
212 5 1 31.053 8.993 30.348 8.175
213 5 1 31.110 8.849 30.061 8.320
214 5 1 31.139 8.821 30.147 8.224
215 5 1 31.177 8.773 30.194 8.023
216 5 1 31.167 8.734 30.194 7.985
217 5 1 31.033 8.754 30.328 7.975
218 5 1 31.042 8.706 30.337 7.927
219 5 1 31.051 8.659 30.347 7.879
220 5 1 31.061 8.601 30.356 7.822
221 5 1 31.070 8.544 30.365 7.764
222 5 1 31.089 8.496 30.384 7.716
223 5 1 31.089 8.458 30.384 7.678
224 5 1 31.098 8.410 30.393 7.630
225 5 1 31.107 8.362 30.403 7.583
226 5 1 31.117 8.324 30.412 7.544
227 5 1 31.116 8.286 30.412 7.506
228 5 1 31.116 8.238 30.412 7.459
229 5 1 31.125 8.190 30.421 7.411
230 5 1 31.135 8.152 30.430 7.372
231 5 1 31.135 8.104 30.430 7.325
232 5 1 31.260 8.294 30.420 7.287
233 5 1 31.251 8.285 30.439 7.248
234 5 1 31.241 8.295 30.458 7.181
235 5 1 31.260 8.304 30.448 7.191
236 5 1 31.260 8.247 30.448 7.124
237 5 1 31.202 8.075 30.497 7.296
238 5 1 31.210 7.808 30.476 6.952
239 5 1 31.190 7.770 30.486 6.990
240 5 1 31.190 7.722 30.486 6.943
241 5 1 31.199 7.664 30.495 6.885
242 5 1 31.199 7.626 30.495 6.847
243 5 1 31.208 7.578 30.504 6.799
244 5 1 31.208 7.540 30.504 6.761
245 5 1 31.208 7.502 30.504 6.723
246 5 1 31.217 7.454 30.513 6.675
247 5 1 31.303 7.358 30.369 6.581
248 5 1 31.274 7.311 30.349 6.552
249 5 1 31.255 7.273 30.358 6.447
250 5 1 31.207 7.321 30.425 6.351
251 5 1 31.245 7.321 30.434 6.304
252 5 1 31.187 7.197 30.483 6.427
253 5 1 31.196 7.149 30.492 6.380
254 5 1 31.215 7.092 30.511 6.322
255 5 1 31.225 7.044 30.520 6.275
256 5 1 31.243 6.996 30.539 6.227
257 5 1 31.253 6.958 30.549 6.189
258 5 1 31.262 6.920 30.558 6.150
259 5 1 31.272 6.872 30.567 6.103
260 5 1 31.271 6.834 30.567 6.065
261 5 1 31.357 6.652 30.624 5.893
262 5 1 31.337 6.652 30.633 5.893
263 5 1 31.347 6.614 30.643 5.854
264 5 1 31.385 6.547 30.547 5.950
265 5 1 31.318 6.614 30.614 5.864
266 5 1 31.327 6.566 30.623 5.816
267 5 1 31.327 6.528 30.623 5.778
268 5 1 31.336 6.481 30.633 5.731
269 5 1 31.336 6.423 30.632 5.673
270 5 1 31.336 6.376 30.632 5.626
271 5 1 31.345 6.318 30.641 5.568
272 5 1 31.345 6.271 30.641 5.521
273 5 1 31.345 6.223 30.641 5.473
274 5 1 31.344 6.175 30.641 5.425
275 5 1 31.354 6.137 30.650 5.387
276 5 1 31.353 6.099 30.650 5.349
277 5 1 31.363 6.051 30.659 5.301
278 5 1 31.363 6.013 30.659 5.263
279 5 1 31.372 5.975 30.668 5.225
280 5 1 31.372 5.937 30.668 5.187
281 5 1 31.381 5.899 30.677 5.149
282 5 1 31.390 5.851 30.687 5.101
283 5 1 31.400 5.813 30.696 5.063
284 5 1 31.409 5.765 30.705 5.015
285 5 1 31.418 5.727 30.715 4.977
286 5 1 31.428 5.679 30.724 4.930
287 5 1 31.447 5.632 30.743 4.882
288 5 1 31.456 5.584 30.752 4.834
289 5 1 31.475 5.536 30.771 4.787
290 5 1 31.484 5.498 30.781 4.748
291 5 1 31.494 5.469 30.790 4.720
292 5 1 31.503 5.431 30.799 4.682
293 5 1 31.512 5.393 30.809 4.643
294 5 1 31.522 5.355 30.818 4.605
295 5 1 31.522 5.326 30.818 4.577
296 5 1 31.531 5.288 30.827 4.539
297 5 1 31.540 5.260 30.837 4.510
298 5 1 31.540 5.221 30.837 4.472
299 5 1 31.550 5.193 30.846 4.443
300 5 1 31.549 5.155 30.846 4.405
301 5 1 31.549 5.117 30.846 4.367
302 5 1 31.558 5.078 30.855 4.329
303 5 1 31.558 5.031 30.855 4.281
304 5 1 31.645 5.192 30.825 4.158
305 5 1 31.645 5.173 30.825 4.158
306 5 1 31.577 5.040 30.874 4.291
307 5 1 31.577 5.002 30.874 4.253
308 5 1 31.577 4.964 30.874 4.215
309 5 1 31.577 4.926 30.873 4.177
310 5 1 31.577 4.897 30.873 4.148
311 5 1 31.586 4.869 30.883 4.119
312 5 1 31.586 4.840 30.882 4.091
313 5 1 31.586 4.812 30.882 4.062
314 5 1 31.585 4.783 30.882 4.034
315 5 1 31.595 4.755 30.892 4.005
316 5 1 31.595 4.726 30.891 3.977
0 6 1 31.791 3.897 30.906 3.149
1 6 1 31.820 3.916 30.896 3.139
2 6 1 31.810 3.926 30.887 3.149
3 6 1 31.820 3.954 30.897 3.177
4 6 1 31.820 3.983 30.897 3.206
5 6 1 31.811 4.011 30.887 3.234
6 6 1 31.821 4.059 30.897 3.282
7 6 1 31.821 4.087 30.897 3.311
8 6 1 31.811 4.135 30.888 3.358
9 6 1 31.821 4.163 30.898 3.387
10 6 1 31.822 4.211 30.898 3.434
11 6 1 32.099 4.238 31.176 3.462
12 6 1 31.841 4.287 30.918 3.510
13 6 1 31.860 4.316 30.937 3.539
14 6 1 31.813 4.354 30.889 3.577
15 6 1 31.861 4.373 30.937 3.596
16 6 1 31.842 4.401 30.918 3.624
17 6 1 31.842 4.430 30.918 3.653
18 6 1 31.861 4.458 30.938 3.681
19 6 1 31.861 4.468 30.938 3.691
20 6 1 31.861 4.496 30.938 3.720
21 6 1 31.796 4.687 30.900 3.767
22 6 1 31.806 4.811 30.929 3.805
23 6 1 31.797 4.897 30.910 3.777
24 6 1 31.759 4.906 30.939 3.872
25 6 1 31.777 4.859 30.910 3.910
26 6 1 31.787 4.887 30.920 3.938
27 6 1 31.778 4.916 30.911 3.967
28 6 1 31.788 4.963 30.920 4.015
29 6 1 31.778 4.992 30.911 4.043
30 6 1 31.788 5.039 30.921 4.091
31 6 1 31.779 5.068 30.911 4.119
32 6 1 31.788 5.116 30.921 4.167
33 6 1 31.779 5.144 30.912 4.196
34 6 1 31.789 5.192 30.922 4.243
35 6 1 31.780 5.220 30.912 4.272
36 6 1 31.789 5.268 30.922 4.319
37 6 1 31.799 5.278 30.932 4.329
38 6 1 31.809 5.325 30.942 4.376
39 6 1 31.799 5.354 30.932 4.405
40 6 1 31.809 5.382 30.942 4.433
41 6 1 31.819 5.411 30.952 4.462
42 6 1 31.829 5.458 30.961 4.510
43 6 1 31.819 5.487 30.952 4.538
44 6 1 31.839 5.535 30.971 4.586
45 6 1 31.839 5.582 30.972 4.633
46 6 1 31.849 5.630 30.981 4.681
47 6 1 31.859 5.658 30.991 4.709
48 6 1 31.869 5.706 31.001 4.757
49 6 1 31.859 5.735 30.992 4.786
50 6 1 31.869 5.801 31.002 4.852
51 6 1 31.879 5.830 31.011 4.881
52 6 1 31.889 5.896 31.021 4.947
53 6 1 31.879 5.925 31.012 4.976
54 6 1 31.889 5.973 31.022 5.024
55 6 1 31.880 6.001 31.012 5.052
56 6 1 31.890 6.049 31.022 5.100
57 6 1 31.880 6.078 31.013 5.128
58 6 1 31.890 6.125 31.023 5.176
59 6 1 31.881 6.154 31.013 5.205
60 6 1 31.891 6.201 31.023 5.252
61 6 1 31.881 6.230 31.014 5.281
62 6 1 31.891 6.278 31.023 5.328
63 6 1 31.901 6.306 31.033 5.357
64 6 1 31.911 6.354 31.043 5.405
65 6 1 31.901 6.402 31.034 5.452
66 6 1 31.911 6.449 31.043 5.500
67 6 1 31.921 6.478 31.053 5.528
68 6 1 31.912 6.573 31.120 5.547
69 6 1 31.931 6.564 31.092 5.605
70 6 1 31.931 6.554 31.082 5.605
71 6 1 31.941 6.583 31.092 5.633
72 6 1 31.931 6.611 31.083 5.662
73 6 1 31.941 6.659 31.093 5.709
74 6 1 31.951 6.687 31.102 5.738
75 6 1 31.961 6.735 31.112 5.786
76 6 1 31.951 6.764 31.103 5.814
77 6 1 31.990 6.811 31.094 6.043
78 6 1 31.962 6.888 31.113 5.957
79 6 1 31.972 6.935 31.123 6.005
80 6 1 31.981 6.964 31.133 6.033
81 6 1 31.972 7.012 31.123 6.081
82 6 1 31.982 7.040 31.133 6.110
83 6 1 31.973 7.107 31.124 6.176
84 6 1 31.982 7.136 31.134 6.205
85 6 1 31.973 7.183 31.124 6.253
86 6 1 32.002 7.231 31.153 6.300
87 6 1 31.993 7.279 31.144 6.348
88 6 1 32.003 7.326 31.154 6.396
89 6 1 31.993 7.374 31.145 6.443
90 6 1 32.003 7.403 31.154 6.472
91 6 1 31.994 7.450 31.145 6.520
92 6 1 31.984 7.479 31.136 6.548
93 6 1 31.975 7.527 31.126 6.596
94 6 1 31.985 7.555 31.136 6.625
95 6 1 31.975 7.603 31.127 6.672
96 6 1 31.985 7.651 31.136 6.720
97 6 1 31.976 7.699 31.127 6.768
98 6 1 31.986 7.727 31.137 6.796
99 6 1 31.996 7.775 31.147 6.844
100 6 1 32.005 7.803 31.157 6.873
101 6 1 31.996 7.851 31.147 6.920
102 6 1 32.006 7.899 31.157 6.968
103 6 1 31.997 7.947 31.148 7.016
104 6 1 32.007 7.994 31.158 7.063
105 6 1 31.997 8.042 31.148 7.111
106 6 1 32.007 8.090 31.158 7.159
107 6 1 32.017 8.137 31.168 7.206
108 6 1 32.027 8.166 31.178 7.235
109 6 1 32.037 8.214 31.188 7.283
110 6 1 32.046 8.242 31.197 7.311
111 6 1 32.037 8.290 31.188 7.359
112 6 1 32.047 8.319 31.198 7.388
113 6 1 32.057 8.366 31.208 7.435
114 6 1 32.066 8.395 31.217 7.464
115 6 1 32.057 8.424 31.208 7.493
116 6 1 32.067 8.452 31.218 7.521
117 6 1 32.077 8.500 31.227 7.569
118 6 1 32.086 8.529 31.237 7.597
119 6 1 32.096 8.576 31.247 7.645
120 6 1 32.106 8.624 31.257 7.693
121 6 1 32.116 8.672 31.267 7.740
122 6 1 32.145 8.719 31.296 7.788
123 6 1 32.155 8.767 31.306 7.836
124 6 1 32.165 8.796 31.315 7.864
125 6 1 32.156 8.863 31.306 7.931
126 6 1 32.165 8.910 31.316 7.979
127 6 1 32.156 8.958 31.307 8.027
128 6 1 32.166 8.987 31.317 8.055
129 6 1 32.176 9.034 31.326 8.103
130 6 1 32.185 9.063 31.336 8.132
131 6 1 32.195 9.111 31.346 8.179
132 6 1 32.205 9.139 31.356 8.208
133 6 1 32.215 9.187 31.366 8.256
134 6 1 32.225 9.235 31.375 8.303
135 6 1 32.235 9.283 31.385 8.351
136 6 1 32.245 9.311 31.395 8.380
137 6 1 32.235 9.359 31.386 8.427
138 6 1 32.245 9.407 31.396 8.475
139 6 1 32.236 9.455 31.386 8.523
140 6 1 32.246 9.483 31.396 8.552
141 6 1 32.255 9.531 31.406 8.599
142 6 1 32.265 9.559 31.416 8.628
143 6 1 32.256 9.607 31.406 8.676
144 6 1 32.438 9.597 31.541 8.790
145 6 1 32.410 9.645 31.560 8.732
146 6 1 32.419 9.673 31.570 8.761
147 6 1 32.410 9.702 31.560 8.790
148 6 1 32.439 9.750 31.590 8.837
149 6 1 32.430 9.797 31.580 8.885
150 6 1 32.459 9.845 31.609 8.933
151 6 1 32.449 9.874 31.600 8.961
152 6 1 32.478 9.921 31.629 9.009
153 6 1 32.469 9.950 31.619 9.038
154 6 1 32.498 9.998 31.649 9.085
155 6 1 32.489 10.027 31.639 9.114
156 6 1 32.518 10.074 31.668 9.162
157 6 1 32.508 10.122 31.659 9.209
158 6 1 32.537 10.170 31.688 9.257
159 6 1 32.528 10.218 31.679 9.305
160 6 1 32.557 10.284 31.708 9.372
161 6 1 32.548 10.313 31.698 9.400
162 6 1 32.558 10.380 31.708 9.467
163 6 1 32.568 10.409 31.718 9.496
164 6 1 32.577 10.437 31.728 9.524
165 6 1 32.587 10.466 31.738 9.553
166 6 1 32.597 10.514 31.747 9.601
167 6 1 32.588 10.542 31.738 9.630
168 6 1 32.598 10.590 31.748 9.677
169 6 1 32.588 10.638 31.739 9.725
170 6 1 32.598 10.686 31.748 9.773
171 6 1 32.589 10.715 31.739 9.802
172 6 1 32.599 10.762 31.749 9.849
173 6 1 32.589 10.791 31.739 9.878
174 6 1 32.599 10.820 31.749 9.907
175 6 1 32.590 10.849 31.740 9.936
176 6 1 32.570 10.820 31.836 10.011
177 6 1 32.618 10.867 31.778 9.964
178 6 1 32.599 10.906 31.759 10.002
179 6 1 32.619 10.944 31.779 10.041
180 6 1 32.600 10.982 31.760 10.079
181 6 1 32.600 11.002 31.760 10.098
182 6 1 32.668 11.106 31.905 10.250
183 6 1 32.621 11.241 31.895 10.250
184 6 1 32.631 11.394 31.895 10.260
185 6 1 32.554 11.356 31.686 10.548
186 6 1 32.526 11.394 31.714 10.500
187 6 1 32.516 11.423 31.705 10.529
188 6 1 32.526 11.452 31.715 10.558
189 6 1 32.517 11.500 31.705 10.605
190 6 1 32.507 11.529 31.696 10.634
191 6 1 32.498 11.577 31.687 10.682
192 6 1 32.508 11.624 31.696 10.730
193 6 1 32.499 11.691 31.687 10.797
194 6 1 32.509 11.739 31.697 10.845
195 6 1 32.499 11.806 31.688 10.912
196 6 1 32.490 11.835 31.678 10.941
197 6 1 32.500 11.883 31.688 10.988
198 6 1 32.510 11.912 31.698 11.017
199 6 1 32.500 11.940 31.689 11.046
200 6 1 32.491 11.950 31.679 11.055
201 6 1 32.481 11.998 31.670 11.103
202 6 1 32.491 12.027 31.679 11.132
203 6 1 32.501 12.074 31.689 11.180
204 6 1 32.492 12.122 31.680 11.228
205 6 1 32.482 12.170 31.671 11.276
206 6 1 32.492 12.218 31.681 11.323
207 6 1 32.483 12.266 31.671 11.371
208 6 1 32.474 12.314 31.662 11.419
209 6 1 32.464 12.362 31.653 11.467
210 6 1 32.474 12.410 31.662 11.515
211 6 1 32.465 12.458 31.653 11.563
212 6 1 32.456 12.487 31.644 11.592
213 6 1 32.427 12.535 31.615 11.640
214 6 1 32.418 12.583 31.606 11.688
215 6 1 32.408 12.631 31.597 11.736
216 6 1 32.399 12.660 31.587 11.765
217 6 1 32.390 12.688 31.578 11.793
218 6 1 32.400 12.736 31.588 11.841
219 6 1 32.390 12.784 31.578 11.889
220 6 1 32.381 12.813 31.569 11.918
221 6 1 32.371 12.861 31.559 11.966
222 6 1 32.381 12.909 31.569 12.014
223 6 1 32.372 12.957 31.560 12.062
224 6 1 32.382 12.986 31.570 12.091
225 6 1 32.373 13.053 31.561 12.158
226 6 1 32.363 13.082 31.551 12.186
227 6 1 32.354 13.130 31.542 12.234
228 6 1 32.364 13.177 31.552 12.282
229 6 1 32.354 13.225 31.542 12.330
230 6 1 32.364 13.254 31.552 12.359
231 6 1 32.355 13.302 31.543 12.407
232 6 1 32.384 13.331 31.572 12.435
233 6 1 32.375 13.379 31.562 12.483
234 6 1 32.384 13.407 31.572 12.512
235 6 1 32.375 13.455 31.563 12.560
236 6 1 32.385 13.484 31.573 12.589
237 6 1 32.376 13.532 31.563 12.637
238 6 1 32.385 13.561 31.573 12.666
239 6 1 32.376 13.609 31.564 12.714
240 6 1 32.367 13.657 31.554 12.762
241 6 1 32.357 13.705 31.545 12.810
242 6 1 32.367 13.753 31.555 12.857
243 6 1 32.358 13.801 31.546 12.905
244 6 1 32.349 13.849 31.536 12.953
245 6 1 32.339 13.878 31.527 12.982
246 6 1 32.330 13.907 31.517 13.011
247 6 1 32.320 13.955 31.508 13.059
248 6 1 32.311 13.983 31.499 13.088
249 6 1 32.282 14.032 31.470 13.136
250 6 1 32.254 14.061 31.441 13.165
251 6 1 32.225 14.090 31.413 13.194
252 6 1 32.235 14.118 31.422 13.223
253 6 1 32.225 14.147 31.413 13.252
254 6 1 32.235 14.195 31.423 13.300
255 6 1 32.226 14.243 31.414 13.348
256 6 1 32.217 14.291 31.404 13.396
257 6 1 32.207 14.339 31.395 13.444
258 6 1 32.217 14.387 31.405 13.492
259 6 1 32.208 14.435 31.395 13.540
260 6 1 32.199 14.464 31.386 13.568
261 6 1 32.189 14.531 31.377 13.636
262 6 1 32.199 14.560 31.386 13.664
263 6 1 32.190 14.608 31.377 13.712
264 6 1 32.200 14.637 31.387 13.741
265 6 1 32.190 14.685 31.378 13.789
266 6 1 32.200 14.733 31.387 13.837
267 6 1 32.210 14.781 31.397 13.885
268 6 1 32.220 14.810 31.407 13.914
269 6 1 32.230 14.858 31.417 13.962
270 6 1 32.240 14.886 31.427 13.990
271 6 1 32.230 14.934 31.417 14.038
272 6 1 32.240 14.963 31.427 14.067
273 6 1 32.231 15.011 31.418 14.115
274 6 1 32.221 15.040 31.408 14.144
275 6 1 32.212 15.107 31.399 14.211
276 6 1 32.203 15.136 31.390 14.240
277 6 1 32.193 15.204 31.380 14.307
278 6 1 32.203 15.232 31.390 14.336
279 6 1 32.194 15.280 31.381 14.384
280 6 1 32.184 15.329 31.372 14.432
281 6 1 32.175 15.377 31.362 14.480
282 6 1 32.166 15.406 31.353 14.509
283 6 1 32.137 15.454 31.324 14.558
284 6 1 32.128 15.483 31.315 14.586
285 6 1 32.099 15.531 31.286 14.635
286 6 1 32.090 15.560 31.277 14.664
287 6 1 32.061 15.608 31.248 14.712
288 6 1 32.071 15.637 31.258 14.741
289 6 1 32.062 15.685 31.249 14.789
290 6 1 32.071 15.714 31.258 14.817
291 6 1 32.062 15.762 31.249 14.865
292 6 1 32.053 15.791 31.239 14.894
293 6 1 32.043 15.839 31.230 14.942
294 6 1 32.053 15.887 31.240 14.990
295 6 1 32.044 15.935 31.231 15.039
296 6 1 32.054 15.983 31.241 15.086
297 6 1 32.044 16.031 31.231 15.135
298 6 1 32.054 16.079 31.241 15.183
299 6 1 32.064 16.127 31.251 15.230
300 6 1 32.074 16.156 31.261 15.259
301 6 1 32.065 16.204 31.251 15.307
302 6 1 32.094 16.233 31.280 15.336
303 6 1 32.104 16.281 31.290 15.384
304 6 1 32.113 16.309 31.300 15.413
305 6 1 32.123 16.357 31.310 15.461
306 6 1 32.133 16.386 31.320 15.489
307 6 1 32.124 16.434 31.310 15.538
308 6 1 32.163 16.549 31.310 15.413
309 6 1 32.133 16.434 31.320 15.537
310 6 1 32.124 16.482 31.311 15.586
311 6 1 32.096 16.684 31.291 15.480
312 6 1 32.095 16.531 31.292 15.634
313 6 1 32.096 16.579 31.292 15.682
314 6 1 32.096 16.627 31.292 15.730
315 6 1 32.096 16.656 31.292 15.759
316 6 1 32.096 16.704 31.293 15.807
0 7 1 32.705 18.748 31.902 17.995
1 7 1 32.792 18.757 31.844 17.928
2 7 1 32.802 18.718 31.834 17.880
3 7 1 32.792 18.738 31.843 17.793
4 7 1 32.744 18.709 31.852 17.755
5 7 1 32.715 18.681 31.881 17.658
6 7 1 32.705 18.690 31.909 17.629
7 7 1 32.724 18.575 31.957 17.561
8 7 1 32.762 18.478 31.957 17.552
9 7 1 32.732 18.449 31.938 17.513
10 7 1 32.752 18.449 31.870 17.466
11 7 1 32.780 18.353 31.889 17.446
12 7 1 32.761 18.362 31.908 17.446
13 7 1 32.751 18.334 31.899 17.417
14 7 1 32.759 18.093 31.985 17.445
15 7 1 32.720 18.026 31.976 17.455
16 7 1 32.760 18.170 31.927 17.311
17 7 1 32.750 18.141 31.917 17.282
18 7 1 32.768 17.929 31.935 17.138
19 7 1 32.758 17.968 31.926 17.119
20 7 1 32.777 17.862 31.944 16.907
21 7 1 32.758 17.833 31.972 16.801
22 7 1 32.795 17.698 31.981 16.705
23 7 1 32.785 17.660 31.971 16.705
24 7 1 32.804 17.592 31.913 16.609
25 7 1 32.765 17.535 31.952 16.676
26 7 1 32.756 17.515 31.942 16.657
27 7 1 32.746 17.458 31.932 16.599
28 7 1 32.736 17.429 31.923 16.571
29 7 1 32.726 17.439 31.913 16.580
30 7 1 32.736 17.429 31.923 16.571
31 7 1 32.726 17.381 31.913 16.523
32 7 1 32.726 17.333 31.875 16.609
33 7 1 32.707 17.391 31.893 16.542
34 7 1 32.716 17.352 31.903 16.503
35 7 1 32.696 17.208 31.882 16.282
36 7 1 32.715 17.169 31.949 16.195
37 7 1 32.734 17.112 31.930 16.263
38 7 1 32.743 17.063 31.940 16.215
39 7 1 32.742 16.948 31.910 16.042
40 7 1 32.733 16.958 31.871 15.975
41 7 1 32.722 16.833 31.890 15.917
42 7 1 32.674 16.747 31.880 15.869
43 7 1 32.702 16.698 31.842 15.889
44 7 1 32.722 16.766 31.832 15.870
45 7 1 32.712 16.727 31.832 15.898
46 7 1 32.664 16.728 31.870 15.898
47 7 1 32.654 16.699 31.861 15.869
48 7 1 32.664 16.670 31.870 15.840
49 7 1 32.654 16.651 31.860 15.821
50 7 1 32.720 16.400 31.870 15.840
51 7 1 32.720 16.439 31.869 15.658
52 7 1 32.710 16.323 31.840 15.543
53 7 1 32.729 16.314 31.868 15.408
54 7 1 32.690 16.266 31.897 15.465
55 7 1 32.556 16.305 31.713 15.313
56 7 1 32.527 16.277 31.694 15.256
57 7 1 32.507 16.200 31.674 15.246
58 7 1 32.507 16.133 31.665 15.218
59 7 1 32.564 16.056 31.799 15.197
60 7 1 32.583 16.065 31.761 15.226
61 7 1 32.573 15.998 31.751 15.188
62 7 1 32.573 15.959 31.751 15.159
63 7 1 32.486 15.912 31.654 15.141
64 7 1 32.467 15.922 31.683 15.131
65 7 1 32.467 15.883 31.683 15.092
66 7 1 32.533 15.787 31.818 15.072
67 7 1 32.600 15.709 31.846 14.995
68 7 1 32.619 15.671 31.788 14.890
69 7 1 32.638 15.632 31.797 14.851
70 7 1 32.609 15.584 31.834 14.669
71 7 1 32.599 15.517 31.853 14.611
72 7 1 32.551 15.527 31.863 14.582
73 7 1 32.579 15.441 31.834 14.669
74 7 1 32.579 15.392 31.834 14.621
75 7 1 32.579 15.354 31.862 14.515
76 7 1 32.588 15.306 31.853 14.525
77 7 1 32.550 15.287 31.814 14.525
78 7 1 32.597 15.181 31.834 14.515
79 7 1 32.587 15.133 31.824 14.506
80 7 1 32.539 15.076 31.775 14.410
81 7 1 32.567 15.047 31.765 14.352
82 7 1 32.519 15.038 31.688 14.295
83 7 1 32.471 15.028 31.736 14.305
84 7 1 32.471 14.990 31.736 14.266
85 7 1 32.576 14.980 31.754 13.978
86 7 1 32.528 14.846 31.793 14.122
87 7 1 32.518 14.807 31.783 14.084
88 7 1 32.517 14.759 31.783 14.036
89 7 1 32.508 14.721 31.773 13.997
90 7 1 32.488 14.673 31.753 13.949
91 7 1 32.478 14.616 31.743 13.892
92 7 1 32.478 14.568 31.743 13.844
93 7 1 32.488 14.615 31.646 13.682
94 7 1 32.516 14.490 31.656 13.653
95 7 1 32.467 14.424 31.579 13.653
96 7 1 32.428 14.347 31.444 13.654
97 7 1 32.457 14.357 31.511 13.644
98 7 1 32.506 14.375 31.636 13.605
99 7 1 32.486 14.289 31.655 13.538
100 7 1 32.496 14.318 31.684 13.509
101 7 1 32.476 14.270 31.741 13.479
102 7 1 32.476 14.222 31.712 13.460
103 7 1 32.562 14.193 31.702 13.326
104 7 1 32.475 14.078 31.662 13.154
105 7 1 32.455 14.021 31.643 13.135
106 7 1 32.455 13.982 31.623 13.087
107 7 1 32.455 13.925 31.633 13.077
108 7 1 32.455 13.906 31.614 13.087
109 7 1 32.425 13.800 31.585 13.106
110 7 1 32.368 13.810 31.633 13.106
111 7 1 32.367 13.782 31.633 13.077
112 7 1 32.367 13.743 31.633 13.039
114 7 1 32.358 13.734 31.623 13.029
115 7 1 32.348 13.715 31.613 13.010
116 7 1 32.338 13.695 31.604 12.991
118 7 1 32.328 13.686 31.594 12.982
119 7 1 32.259 13.351 31.524 12.560
120 7 1 32.259 13.312 31.525 12.608
121 7 1 32.249 13.274 31.515 12.570
122 7 1 32.230 13.226 31.495 12.522
123 7 1 32.210 13.169 31.476 12.465
124 7 1 32.200 13.121 31.466 12.417
125 7 1 32.190 13.073 31.456 12.369
126 7 1 32.171 13.025 31.437 12.321
127 7 1 32.151 12.987 31.417 12.283
128 7 1 32.141 12.939 31.407 12.235
129 7 1 32.122 12.872 31.388 12.168
131 7 1 32.112 12.863 31.378 12.159
132 7 1 32.102 12.825 31.368 12.121
133 7 1 32.112 12.777 31.378 12.073
134 7 1 32.092 12.738 31.358 12.034
135 7 1 32.082 12.691 31.348 11.987
136 7 1 32.072 12.633 31.338 11.929
137 7 1 32.053 12.585 31.319 11.881
138 7 1 32.043 12.547 31.309 11.843
139 7 1 32.043 12.490 31.309 11.786
140 7 1 32.023 12.432 31.289 11.728
141 7 1 32.023 12.384 31.289 11.680
142 7 1 32.013 12.327 31.279 11.623
143 7 1 31.993 12.270 31.259 11.566
144 7 1 31.974 12.231 31.250 11.537
146 7 1 31.964 12.222 31.240 11.528
147 7 1 31.955 12.193 31.230 11.499
148 7 1 31.945 12.155 31.220 11.461
150 7 1 31.935 12.145 31.211 11.451
151 7 1 31.925 12.098 31.201 11.403
152 7 1 31.925 12.059 31.201 11.365
153 7 1 31.915 12.021 31.191 11.327
155 7 1 31.817 11.734 31.169 10.906
156 7 1 31.855 11.677 31.141 10.982
157 7 1 31.855 11.638 31.141 10.944
158 7 1 31.856 11.811 31.005 10.686
159 7 1 31.788 11.591 31.073 10.897
160 7 1 31.778 11.553 31.063 10.858
162 7 1 31.826 11.543 31.111 10.849
163 7 1 31.826 11.543 31.111 10.849
165 7 1 31.816 11.533 31.102 10.839
166 7 1 31.766 11.218 31.109 10.399
167 7 1 31.805 11.265 31.203 10.140
168 7 1 31.805 11.275 31.194 10.102
169 7 1 31.863 11.274 31.126 10.035
170 7 1 31.863 11.236 31.088 10.016
171 7 1 31.834 11.208 31.059 10.007
172 7 1 31.824 11.169 31.059 9.978
173 7 1 31.824 11.141 31.068 9.949
174 7 1 31.823 11.112 31.087 9.940
175 7 1 31.793 10.863 31.108 10.169
176 7 1 31.783 10.815 31.098 10.121
178 7 1 31.774 10.806 31.088 10.112
179 7 1 31.753 10.490 31.058 9.873
180 7 1 31.742 10.385 31.047 9.710
181 7 1 31.733 10.385 31.047 9.710
182 7 1 31.723 10.404 31.075 9.471
183 7 1 31.732 10.270 31.056 9.595
184 7 1 31.732 10.223 31.056 9.548
185 7 1 31.732 10.175 31.056 9.500
186 7 1 31.741 10.117 31.065 9.442
187 7 1 31.772 10.452 30.997 9.223
188 7 1 31.721 10.060 31.046 9.385
189 7 1 31.721 10.012 31.045 9.337
190 7 1 31.721 9.964 31.045 9.289
191 7 1 31.720 9.917 31.045 9.242
192 7 1 31.730 9.878 31.064 9.203
194 7 1 31.720 9.869 31.054 9.194
195 7 1 31.720 9.802 31.054 9.127
196 7 1 31.720 9.754 31.054 9.079
197 7 1 31.729 9.716 31.063 9.041
198 7 1 31.729 9.668 31.063 8.993
199 7 1 31.728 9.611 31.062 8.936
200 7 1 31.728 9.563 31.062 8.888
202 7 1 31.718 9.553 31.052 8.878
203 7 1 31.728 9.515 31.062 8.840
204 7 1 31.727 9.458 31.062 8.783
205 7 1 31.737 9.400 31.071 8.725
206 7 1 31.746 9.352 31.080 8.678
207 7 1 31.755 9.295 31.089 8.620
208 7 1 31.765 9.237 31.099 8.563
209 7 1 31.774 9.180 31.108 8.505
210 7 1 31.773 9.132 31.108 8.458
212 7 1 31.764 9.123 31.098 8.448
213 7 1 31.764 9.085 31.098 8.410
214 7 1 31.887 8.816 31.211 8.123
215 7 1 31.877 8.807 31.211 8.132
216 7 1 31.877 8.778 31.211 8.104
217 7 1 31.886 8.730 31.221 8.056
218 7 1 31.886 8.673 31.220 7.999
219 7 1 31.886 8.625 31.220 7.951
220 7 1 31.895 8.568 31.229 7.893
221 7 1 31.895 8.511 31.229 7.836
222 7 1 31.865 8.358 31.247 7.626
224 7 1 31.884 8.329 31.228 7.655
225 7 1 31.884 8.301 31.228 7.626
227 7 1 31.874 8.291 31.218 7.617
228 7 1 31.874 8.262 31.218 7.588
230 7 1 31.882 8.052 31.217 7.388
231 7 1 31.882 8.033 31.226 7.368
232 7 1 32.055 8.004 31.197 7.254
233 7 1 32.035 7.985 31.216 7.225
234 7 1 31.977 7.918 31.322 7.253
235 7 1 32.083 7.956 31.282 7.063
236 7 1 32.083 7.965 31.301 7.044
237 7 1 32.073 7.946 31.301 7.053
238 7 1 31.975 7.603 31.338 6.757
239 7 1 32.082 7.841 31.320 7.024
240 7 1 32.015 7.727 31.359 7.062
241 7 1 32.034 7.689 31.378 7.024
242 7 1 32.022 7.326 31.337 6.605
244 7 1 32.002 7.298 31.347 6.633
245 7 1 32.012 7.259 31.356 6.595
246 7 1 32.021 7.212 31.366 6.547
247 7 1 32.145 7.125 31.346 6.557
248 7 1 32.097 7.078 31.336 6.404
249 7 1 32.039 7.068 31.384 6.414
250 7 1 32.049 7.021 31.393 6.366
251 7 1 32.088 7.164 31.354 6.194
252 7 1 32.049 7.002 31.393 6.347
253 7 1 32.048 6.954 31.393 6.299
254 7 1 32.058 6.897 31.402 6.242
255 7 1 32.057 6.839 31.402 6.185
256 7 1 32.057 6.782 31.402 6.127
257 7 1 32.057 6.735 31.401 6.080
258 7 1 32.066 6.687 31.411 6.032
259 7 1 32.075 6.639 31.420 5.984
260 7 1 32.084 6.591 31.439 5.937
262 7 1 32.075 6.582 31.429 5.927
263 7 1 32.084 6.553 31.439 5.898
264 7 1 32.217 6.352 31.495 5.669
265 7 1 32.217 6.314 31.504 5.574
266 7 1 32.236 6.314 31.494 5.517
267 7 1 32.236 6.333 31.475 5.479
268 7 1 32.217 6.381 31.455 5.450
269 7 1 32.265 6.381 31.465 5.422
270 7 1 32.198 6.381 31.502 5.345
271 7 1 32.227 6.314 31.522 5.336
272 7 1 32.236 6.257 31.512 5.307
273 7 1 32.187 6.105 31.541 5.450
274 7 1 32.196 6.047 31.551 5.393
275 7 1 32.206 6.009 31.560 5.355
276 7 1 32.215 5.962 31.569 5.307
278 7 1 32.205 5.952 31.560 5.298
279 7 1 32.194 5.762 31.548 4.974
280 7 1 32.194 5.695 31.549 5.040
281 7 1 32.203 5.666 31.558 5.012
282 7 1 32.203 5.628 31.558 4.974
283 7 1 32.213 5.581 31.567 4.926
284 7 1 32.212 5.533 31.567 4.878
285 7 1 32.212 5.485 31.567 4.831
286 7 1 32.212 5.428 31.566 4.774
287 7 1 32.221 5.380 31.576 4.726
288 7 1 32.221 5.323 31.575 4.669
289 7 1 32.220 5.276 31.575 4.621
290 7 1 32.220 5.228 31.575 4.574
291 7 1 32.220 5.180 31.574 4.526
292 7 1 32.219 5.133 31.574 4.479
293 7 1 32.229 5.095 31.584 4.440
294 7 1 32.229 5.066 31.583 4.412
296 7 1 32.219 5.057 31.574 4.402
297 7 1 32.219 5.028 31.574 4.374
298 7 1 32.228 4.999 31.583 4.345
299 7 1 32.228 4.961 31.583 4.307
300 7 1 32.237 4.914 31.592 4.260
301 7 1 32.237 4.876 31.592 4.221
302 7 1 32.246 4.838 31.601 4.183
303 7 1 32.246 4.790 31.601 4.136
304 7 1 32.255 4.742 31.610 4.088
305 7 1 32.255 4.695 31.610 4.041
306 7 1 32.264 4.647 31.619 3.993
307 7 1 32.274 4.599 31.629 3.945
308 7 1 32.283 4.552 31.638 3.898
310 7 1 32.273 4.542 31.628 3.888
311 7 1 32.283 4.523 31.638 3.869
313 7 1 32.273 4.514 31.628 3.860
314 7 1 32.273 4.504 31.628 3.850
315 7 1 32.273 4.504 31.628 3.850
316 7 1 32.273 4.504 31.628 3.850
0 8 2 33.473 5.099 32.390 3.334
1 8 2 33.502 5.146 32.371 3.296
2 8 2 33.502 5.184 32.371 3.334
3 8 2 33.521 5.222 32.391 3.372
4 8 2 33.521 5.261 32.391 3.410
5 8 2 33.522 5.299 32.391 3.448
6 8 2 33.541 5.356 32.411 3.505
7 8 2 33.541 5.375 32.411 3.524
8 8 2 33.542 5.451 32.411 3.600
9 8 2 33.542 5.508 32.411 3.657
10 8 2 33.542 5.546 32.412 3.695
11 8 2 33.543 5.584 32.412 3.733
12 8 2 33.543 5.641 32.412 3.790
13 8 2 33.544 5.717 32.413 3.866
14 8 2 33.544 5.756 32.413 3.904
15 8 2 33.544 5.813 32.413 3.961
16 8 2 33.544 5.851 32.414 3.999
17 8 2 33.545 5.908 32.414 4.056
18 8 2 33.545 5.984 32.414 4.133
19 8 2 33.546 6.041 32.415 4.190
20 8 2 33.546 6.079 32.415 4.228
21 8 2 33.546 6.137 32.415 4.285
22 8 2 33.375 6.233 32.521 4.446
23 8 2 33.375 6.309 32.512 4.522
24 8 2 33.356 6.328 32.494 4.627
25 8 2 33.347 6.376 32.484 4.608
26 8 2 33.337 6.357 32.485 4.722
27 8 2 33.328 6.395 32.495 4.741
28 8 2 33.319 6.462 32.495 4.779
29 8 2 33.329 6.490 32.495 4.827
30 8 2 33.358 6.576 32.486 4.922
31 8 2 33.358 6.595 32.486 4.894
32 8 2 33.349 6.652 32.477 4.951
33 8 2 33.340 6.728 32.468 5.027
34 8 2 33.341 6.881 32.497 5.103
35 8 2 33.322 6.976 32.507 5.217
36 8 2 33.341 6.938 32.488 5.236
37 8 2 33.332 6.995 32.479 5.294
38 8 2 33.352 7.214 32.576 5.522
39 8 2 33.363 7.300 32.566 5.522
40 8 2 33.353 7.348 32.566 5.493
41 8 2 33.325 7.434 32.567 5.579
42 8 2 33.326 7.539 32.576 5.569
43 8 2 33.345 7.577 32.548 5.655
44 8 2 33.345 7.472 32.549 5.751
45 8 2 33.355 7.615 32.550 5.951
46 8 2 33.346 7.768 32.588 5.960
47 8 2 33.366 7.853 32.579 5.989
48 8 2 33.357 7.958 32.589 6.017
49 8 2 33.377 8.044 32.570 6.112
50 8 2 33.387 8.101 32.551 6.074
51 8 2 33.359 8.187 32.571 6.236
52 8 2 33.348 8.073 32.571 6.341
53 8 2 33.388 8.340 32.573 6.541
54 8 2 33.398 8.349 32.554 6.589
55 8 2 33.360 8.331 32.583 6.599
56 8 2 33.350 8.397 32.573 6.665
57 8 2 33.341 8.464 32.564 6.732
58 8 2 33.351 8.550 32.574 6.818
59 8 2 33.362 8.665 32.537 6.942
60 8 2 33.381 8.703 32.518 7.037
61 8 2 33.333 8.722 32.556 7.009
62 8 2 33.324 8.789 32.547 7.075
63 8 2 33.334 8.856 32.557 7.142
64 8 2 33.325 8.923 32.548 7.209
65 8 2 33.335 9.009 32.558 7.295
66 8 2 33.326 9.095 32.549 7.381
67 8 2 33.433 9.275 32.482 7.448
68 8 2 33.472 9.428 32.464 7.486
69 8 2 33.492 9.514 32.483 7.524
70 8 2 33.483 9.657 32.483 7.562
71 8 2 33.455 9.724 32.493 7.581
72 8 2 33.426 9.734 32.503 7.639
73 8 2 33.359 9.763 32.494 7.801
74 8 2 33.360 9.887 32.514 7.896
75 8 2 33.389 9.925 32.524 7.944
76 8 2 33.390 10.002 32.524 8.049
77 8 2 33.342 10.021 32.525 8.211
78 8 2 33.333 10.069 32.506 8.240
79 8 2 33.333 10.127 32.526 8.278
80 8 2 33.324 10.241 32.546 8.497
81 8 2 33.325 10.327 32.556 8.516
82 8 2 33.315 10.385 32.557 8.660
83 8 2 33.335 10.509 32.538 8.698
84 8 2 33.317 10.595 32.519 8.794
85 8 2 33.318 10.729 32.558 8.898
86 8 2 33.347 10.777 32.549 8.956
87 8 2 33.319 10.863 32.559 9.004
88 8 2 33.347 10.863 32.550 9.023
89 8 2 33.367 10.930 32.540 8.975
90 8 2 33.358 10.997 32.539 8.918
91 8 2 33.387 11.016 32.530 8.946
92 8 2 33.387 11.054 32.530 8.956
93 8 2 33.388 11.169 32.530 9.013
94 8 2 33.359 11.255 32.540 9.051
95 8 2 33.388 11.264 32.542 9.348
96 8 2 33.398 11.293 32.485 9.443
97 8 2 33.351 11.379 32.505 9.501
98 8 2 33.352 11.532 32.505 9.625
99 8 2 33.372 11.685 32.505 9.596
100 8 2 33.391 11.762 32.487 9.759
101 8 2 33.354 11.829 32.545 9.854
102 8 2 33.364 11.954 32.555 9.931
103 8 2 33.365 12.049 32.546 10.074
104 8 2 33.356 12.174 32.498 10.055
105 8 2 33.299 12.260 32.470 10.084
106 8 2 33.328 12.327 32.518 10.122
107 8 2 33.309 12.385 32.538 10.237
108 8 2 33.319 12.375 32.538 10.294
109 8 2 33.290 12.433 32.529 10.371
110 8 2 33.309 12.423 32.511 10.476
111 8 2 33.280 12.308 32.521 10.572
112 8 2 33.271 12.414 32.473 10.601
113 8 2 33.233 12.462 32.502 10.658
114 8 2 33.234 12.615 32.493 10.753
115 8 2 33.225 12.807 32.494 10.849
116 8 2 33.207 12.951 32.485 10.935
117 8 2 33.245 12.883 32.504 11.021
118 8 2 33.227 12.989 32.524 11.050
119 8 2 33.227 13.027 32.515 11.146
120 8 2 33.218 13.104 32.515 11.193
121 8 2 33.217 13.008 32.515 11.270
122 8 2 33.208 13.095 32.506 11.356
123 8 2 33.151 13.172 32.461 11.730
124 8 2 33.152 13.306 32.460 11.577
125 8 2 33.162 13.382 32.470 11.653
126 8 2 33.134 13.459 32.441 11.730
127 8 2 33.115 13.536 32.423 11.807
128 8 2 33.116 13.632 32.423 11.903
129 8 2 33.116 13.709 32.424 11.979
130 8 2 33.117 13.785 32.424 12.056
131 8 2 33.117 13.862 32.425 12.132
132 8 2 33.098 13.939 32.406 12.209
133 8 2 33.080 14.035 32.387 12.305
134 8 2 33.109 14.112 32.417 12.382
135 8 2 33.081 14.208 32.388 12.478
136 8 2 33.081 14.285 32.389 12.554
137 8 2 33.111 14.399 32.418 12.669
138 8 2 33.082 14.457 32.390 12.727
139 8 2 33.064 14.534 32.371 12.804
140 8 2 33.035 14.602 32.343 12.871
141 8 2 33.046 14.707 32.353 12.976
142 8 2 33.046 14.803 32.354 13.072
143 8 2 33.047 14.880 32.354 13.149
144 8 2 33.028 14.976 32.335 13.245
145 8 2 33.009 15.053 32.317 13.322
146 8 2 33.020 15.149 32.327 13.417
147 8 2 33.010 15.226 32.318 13.494
148 8 2 33.011 15.322 32.318 13.590
149 8 2 33.012 15.399 32.319 13.667
150 8 2 33.012 15.495 32.319 13.763
151 8 2 32.993 15.572 32.301 13.840
152 8 2 32.957 15.841 32.128 13.831
153 8 2 32.888 15.697 32.196 13.965
154 8 2 32.889 15.774 32.196 14.042
155 8 2 32.889 15.861 32.197 14.128
156 8 2 32.871 15.966 32.178 14.234
157 8 2 32.871 16.043 32.178 14.311
158 8 2 32.872 16.139 32.179 14.407
159 8 2 32.873 16.235 32.180 14.503
160 8 2 32.854 16.313 32.161 14.580
161 8 2 32.854 16.389 32.161 14.656
162 8 2 32.855 16.486 32.162 14.752
163 8 2 32.856 16.582 32.162 14.848
164 8 2 32.856 16.659 32.163 14.925
165 8 2 32.837 16.736 32.144 15.002
166 8 2 32.838 16.832 32.145 15.098
167 8 2 32.838 16.928 32.145 15.194
168 8 2 32.839 17.005 32.146 15.271
169 8 2 32.820 17.082 32.127 15.348
170 8 2 32.821 17.178 32.127 15.444
171 8 2 32.821 17.274 32.128 15.540
172 8 2 32.822 17.351 32.129 15.617
173 8 2 32.822 17.447 32.129 15.713
174 8 2 32.804 17.544 32.110 15.810
175 8 2 32.804 17.621 32.111 15.886
176 8 2 32.805 17.717 32.111 15.982
177 8 2 32.806 17.813 32.112 16.079
178 8 2 32.806 17.890 32.112 16.156
179 8 2 32.807 17.987 32.113 16.252
180 8 2 32.788 18.083 32.094 16.348
181 8 2 32.788 18.160 32.095 16.425
182 8 2 32.770 18.256 32.076 16.521
183 8 2 32.770 18.353 32.077 16.617
184 8 2 32.771 18.430 32.077 16.694
185 8 2 32.752 18.507 32.058 16.771
186 8 2 32.753 18.603 32.059 16.868
187 8 2 32.734 18.700 32.040 16.964
188 8 2 32.735 18.777 32.041 17.041
189 8 2 32.716 18.854 32.022 17.118
190 8 2 32.697 18.950 32.003 17.214
191 8 2 32.698 19.047 32.004 17.311
192 8 2 32.679 19.105 31.985 17.368
193 8 2 32.660 19.201 31.966 17.465
194 8 2 32.641 19.259 31.947 17.523
195 8 2 32.623 19.356 31.929 17.619
196 8 2 32.604 19.414 31.910 17.677
197 8 2 32.585 19.510 31.891 17.774
198 8 2 32.566 19.568 31.872 17.832
199 8 2 32.712 19.837 31.785 17.755
200 8 2 32.703 19.895 31.805 17.803
201 8 2 32.596 19.713 31.902 17.976
202 8 2 32.577 19.771 31.883 18.034
203 8 2 32.577 19.848 31.883 18.111
204 8 2 32.539 19.925 31.845 18.188
205 8 2 32.501 20.003 31.807 18.265
206 8 2 32.463 20.080 31.769 18.343
207 8 2 32.444 20.139 31.750 18.401
208 8 2 32.387 20.216 31.693 18.478
209 8 2 32.368 20.255 31.674 18.517
210 8 2 32.330 20.284 31.636 18.546
211 8 2 32.291 20.304 31.597 18.576
212 8 2 32.253 20.333 31.559 18.615
213 8 2 32.214 20.353 31.520 18.644
214 8 2 32.176 20.382 31.482 18.683
215 8 2 32.138 20.402 31.444 18.712
216 8 2 32.099 20.422 31.405 18.741
217 8 2 32.061 20.441 31.367 18.771
218 8 2 32.022 20.461 31.329 18.800
219 8 2 31.984 20.481 31.290 18.829
220 8 2 31.945 20.501 31.252 18.858
221 8 2 31.907 20.520 31.214 18.888
222 8 2 31.869 20.530 31.175 18.907
223 8 2 31.830 20.540 31.137 18.927
224 8 2 31.792 20.550 31.098 18.947
225 8 2 31.753 20.560 31.060 18.966
226 8 2 31.734 20.570 31.041 18.986
227 8 2 31.715 20.580 31.021 19.005
228 8 2 31.676 20.580 30.983 19.015
229 8 2 31.638 20.581 30.944 19.025
230 8 2 31.618 20.591 30.925 19.045
231 8 2 31.599 20.581 30.906 19.045
232 8 2 31.560 20.591 30.868 19.065
233 8 2 31.522 20.582 30.829 19.065
234 8 2 31.483 20.582 30.790 19.075
235 8 2 31.464 20.583 30.771 19.085
236 8 2 31.445 20.583 30.752 19.095
237 8 2 31.425 20.573 30.733 19.095
238 8 2 31.406 20.564 30.713 19.095
239 8 2 31.367 20.555 30.675 19.095
240 8 2 31.329 20.555 30.636 19.105
241 8 2 31.290 20.546 30.598 19.106
242 8 2 31.271 20.546 30.579 19.116
243 8 2 31.252 20.527 30.559 19.106
244 8 2 31.213 20.527 30.521 19.116
245 8 2 31.194 20.518 30.501 19.116
246 8 2 31.174 20.518 30.482 19.126
247 8 2 31.155 20.499 30.463 19.117
248 8 2 31.136 20.499 30.444 19.127
249 8 2 31.097 20.480 30.405 19.117
250 8 2 31.078 20.480 30.386 19.127
251 8 2 31.078 20.461 30.386 19.117
252 8 2 31.058 20.452 30.366 19.118
253 8 2 31.020 20.433 30.328 19.108
254 8 2 30.981 20.433 30.289 19.118
255 8 2 30.962 20.414 30.270 19.109
256 8 2 30.962 20.404 30.270 19.109
257 8 2 30.942 20.385 30.251 19.099
258 8 2 30.904 20.376 30.212 19.100
259 8 2 30.884 20.357 30.193 19.090
260 8 2 30.884 20.347 30.193 19.090
261 8 2 30.865 20.328 30.173 19.081
262 8 2 30.845 20.328 30.154 19.091
263 8 2 30.865 20.319 30.173 19.091
264 8 2 30.845 20.299 30.154 19.081
265 8 2 30.865 20.290 30.173 19.071
266 8 2 30.845 20.280 30.154 19.062
267 8 2 30.864 20.280 30.173 19.062
268 8 2 30.845 20.271 30.154 19.052
269 8 2 30.864 20.261 30.173 19.042
270 8 2 30.845 20.261 30.154 19.043
271 8 2 30.864 20.241 30.173 19.023
272 8 2 30.845 20.232 30.154 19.014
273 8 2 30.864 20.222 30.173 19.004
274 8 2 30.845 20.203 30.154 18.985
275 8 2 30.864 20.203 30.173 18.984
276 8 2 30.845 20.193 30.154 18.975
277 8 2 30.864 20.174 30.173 18.956
278 8 2 30.864 20.174 30.173 18.956
279 8 2 30.864 20.164 30.173 18.946
280 8 2 30.864 20.155 30.173 18.936
281 8 2 30.883 20.145 30.192 18.926
282 8 2 30.902 20.135 30.211 18.917
283 8 2 30.902 20.135 30.211 18.917
284 8 2 30.902 20.125 30.211 18.907
285 8 2 30.902 20.116 30.211 18.897
286 8 2 30.921 20.115 30.230 18.897
287 8 2 30.941 20.105 30.250 18.887
288 8 2 30.941 20.096 30.249 18.878
289 8 2 30.941 20.096 30.249 18.878
290 8 2 30.941 20.086 30.249 18.868
291 8 2 30.941 20.086 30.249 18.868
292 8 2 30.960 20.076 30.269 18.858
293 8 2 30.979 20.076 30.288 18.858
294 8 2 30.960 20.067 30.269 18.849
295 8 2 30.979 20.066 30.288 18.848
296 8 2 30.979 20.057 30.288 18.839
297 8 2 30.979 20.057 30.288 18.839
298 8 2 30.979 20.057 30.288 18.839
299 8 2 30.979 20.047 30.288 18.829
300 8 2 30.979 20.047 30.288 18.829
301 8 2 30.998 20.047 30.307 18.829
302 8 2 31.017 20.037 30.326 18.819
303 8 2 30.998 20.037 30.307 18.819
304 8 2 31.017 20.037 30.326 18.819
305 8 2 30.998 20.037 30.307 18.819
306 8 2 31.017 20.028 30.326 18.809
307 8 2 30.998 20.028 30.307 18.810
308 8 2 31.017 20.028 30.326 18.809
309 8 2 30.998 20.028 30.307 18.810
310 8 2 31.017 20.028 30.326 18.809
311 8 2 30.998 20.028 30.307 18.810
312 8 2 31.017 20.028 30.326 18.809
313 8 2 30.998 20.028 30.307 18.810
314 8 2 31.017 20.028 30.326 18.809
315 8 2 30.998 20.028 30.307 18.810
316 8 2 31.017 20.028 30.326 18.809
0 9 2 30.972 4.738 30.099 2.714
20 9 2 31.001 4.795 30.090 2.676
21 9 2 31.002 4.862 30.090 2.743
22 9 2 31.002 4.928 30.090 2.809
23 9 2 30.983 4.995 30.071 2.876
24 9 2 30.984 5.081 30.072 2.961
25 9 2 30.984 5.148 30.072 3.028
26 9 2 30.984 5.214 30.073 3.095
27 9 2 30.966 5.281 30.054 3.161
28 9 2 30.966 5.367 30.054 3.247
29 9 2 30.966 5.434 30.055 3.314
30 9 2 30.967 5.519 30.055 3.399
31 9 2 30.967 5.586 30.055 3.466
32 9 2 30.968 5.672 30.056 3.551
33 9 2 30.949 5.739 30.037 3.618
34 9 2 30.949 5.824 30.037 3.704
35 9 2 30.950 5.891 30.038 3.770
36 9 2 30.950 5.977 30.038 3.856
37 9 2 30.951 6.044 30.038 3.923
38 9 2 30.922 6.130 30.010 4.009
39 9 2 30.932 6.196 30.020 4.075
40 9 2 30.933 6.301 30.021 4.180
41 9 2 30.933 6.368 30.021 4.247
42 9 2 31.260 6.548 29.993 4.447
43 9 2 31.135 6.539 30.089 4.427
44 9 2 31.126 6.625 30.080 4.513
45 9 2 31.136 6.710 30.090 4.599
46 9 2 31.146 6.796 30.100 4.684
47 9 2 31.157 6.901 30.110 4.789
48 9 2 31.148 6.987 30.101 4.875
49 9 2 31.158 7.092 30.111 4.980
50 9 2 31.149 7.178 30.102 5.066
51 9 2 31.159 7.283 30.112 5.170
52 9 2 31.150 7.369 30.103 5.256
53 9 2 31.160 7.455 30.113 5.342
54 9 2 31.170 7.541 30.123 5.428
55 9 2 31.180 7.645 30.133 5.533
56 9 2 31.171 7.731 30.124 5.618
57 9 2 31.181 7.836 30.134 5.723
58 9 2 31.172 7.922 30.125 5.809
59 9 2 31.182 8.027 30.135 5.914
60 9 2 31.047 7.904 30.050 6.105
61 9 2 31.067 8.028 30.030 5.981
62 9 2 31.049 8.315 30.069 6.115
63 9 2 31.136 8.438 30.136 6.181
64 9 2 31.088 8.410 30.061 6.439
65 9 2 31.079 8.448 30.061 6.382
66 9 2 31.079 8.544 30.061 6.477
67 9 2 31.080 8.658 30.062 6.592
68 9 2 31.148 8.735 30.092 6.916
69 9 2 31.167 8.801 30.045 7.002
70 9 2 31.120 8.897 30.092 6.887
71 9 2 31.111 8.993 30.083 6.983
72 9 2 31.351 9.030 30.075 7.355
73 9 2 31.227 9.174 30.180 7.192
74 9 2 31.218 9.260 30.171 7.278
75 9 2 31.228 9.346 30.181 7.364
76 9 2 31.134 9.738 30.067 7.594
77 9 2 31.067 9.796 30.010 7.709
78 9 2 31.048 9.854 30.029 7.757
79 9 2 31.106 9.920 30.031 8.100
80 9 2 31.126 9.968 29.926 8.235
81 9 2 31.059 10.131 30.061 8.291
82 9 2 31.070 10.236 30.013 8.349
83 9 2 31.119 10.408 29.975 8.445
84 9 2 31.061 10.380 30.033 8.444
85 9 2 31.052 10.495 30.024 8.559
86 9 2 30.995 10.687 29.967 8.837
87 9 2 30.986 10.830 29.939 8.837
88 9 2 30.977 10.792 29.948 8.866
89 9 2 31.026 11.012 29.893 9.248
90 9 2 31.065 11.126 29.932 9.363
91 9 2 31.008 11.184 29.979 9.277
92 9 2 30.970 11.405 29.913 9.478
93 9 2 30.990 11.539 29.837 9.641
94 9 2 31.019 11.615 29.856 9.698
95 9 2 30.982 11.730 29.895 9.794
96 9 2 30.934 11.788 29.857 9.909
97 9 2 30.915 11.865 29.829 10.072
98 9 2 30.858 12.048 29.781 10.043
99 9 2 30.829 11.981 29.801 10.101
100 9 2 30.820 12.096 29.792 10.216
101 9 2 30.811 12.211 29.783 10.330
102 9 2 30.802 12.326 29.774 10.445
103 9 2 30.793 12.441 29.765 10.560
104 9 2 30.784 12.575 29.756 10.694
105 9 2 30.795 12.690 29.766 10.809
106 9 2 30.786 12.805 29.757 10.924
107 9 2 30.796 12.920 29.767 11.039
108 9 2 30.787 13.036 29.758 11.154
109 9 2 30.797 13.170 29.768 11.288
110 9 2 30.788 13.285 29.759 11.403
111 9 2 30.799 13.419 29.769 11.537
112 9 2 30.790 13.535 29.760 11.653
113 9 2 30.800 13.669 29.771 11.787
114 9 2 30.810 13.784 29.781 11.902
115 9 2 30.821 13.918 29.791 12.036
116 9 2 30.812 14.033 29.782 12.151
117 9 2 30.822 14.149 29.792 12.266
118 9 2 30.832 14.283 29.803 12.400
119 9 2 30.842 14.398 29.813 12.515
120 9 2 30.853 14.513 29.823 12.630
121 9 2 30.863 14.648 29.833 12.764
122 9 2 30.873 14.763 29.843 12.879
123 9 2 30.884 14.897 29.854 13.014
124 9 2 30.894 15.012 29.864 13.129
125 9 2 30.923 15.127 29.893 13.244
126 9 2 30.934 15.262 29.904 13.378
127 9 2 30.944 15.377 29.914 13.493
128 9 2 30.954 15.512 29.924 13.627
129 9 2 30.984 15.627 29.954 13.742
130 9 2 31.013 15.761 29.983 13.877
131 9 2 31.043 15.876 30.013 13.992
132 9 2 31.053 16.011 30.023 14.126
133 9 2 31.083 16.126 30.052 14.241
134 9 2 31.093 16.260 30.063 14.375
135 9 2 31.123 16.376 30.092 14.490
136 9 2 31.133 16.510 30.102 14.625
137 9 2 31.308 16.797 30.247 14.681
138 9 2 31.278 16.672 30.248 14.787
139 9 2 31.289 16.788 30.258 14.902
140 9 2 31.406 17.095 30.248 14.893
141 9 2 31.436 17.277 30.297 15.075
142 9 2 31.417 17.325 30.288 15.065
143 9 2 31.368 17.133 30.337 15.238
144 9 2 31.378 17.258 30.347 15.363
145 9 2 31.388 17.383 30.357 15.488
146 9 2 31.418 17.508 30.387 15.612
147 9 2 31.428 17.633 30.397 15.737
148 9 2 31.458 17.758 30.427 15.862
149 9 2 31.468 17.883 30.437 15.987
150 9 2 31.498 18.008 30.466 16.112
151 9 2 31.481 18.394 30.362 16.411
152 9 2 31.442 18.336 30.410 16.439
153 9 2 31.452 18.461 30.421 16.564
154 9 2 31.462 18.567 30.431 16.670
155 9 2 31.473 18.712 30.441 16.814
156 9 2 31.483 18.818 30.451 16.920
157 9 2 31.678 19.172 30.559 17.141
158 9 2 31.619 19.096 30.588 17.198
159 9 2 31.610 19.221 30.579 17.323
160 9 2 31.621 19.346 30.589 17.448
161 9 2 31.631 19.472 30.599 17.574
162 9 2 31.527 19.849 30.561 17.661
163 9 2 31.509 19.955 30.542 17.747
164 9 2 31.537 19.791 30.524 17.892
165 9 2 31.528 19.916 30.515 18.017
166 9 2 31.538 20.042 30.525 18.143
167 9 2 31.527 19.743 30.518 18.663
168 9 2 31.518 19.859 30.509 18.779
169 9 2 31.508 19.916 30.500 18.837
170 9 2 31.499 19.984 30.491 18.904
171 9 2 31.471 20.033 30.462 18.953
172 9 2 31.461 20.110 30.453 19.030
173 9 2 31.452 20.158 30.443 19.078
174 9 2 31.443 20.226 30.434 19.146
175 9 2 31.433 20.265 30.425 19.185
176 9 2 31.405 20.323 30.396 19.252
177 9 2 31.337 20.372 30.329 19.311
179 9 2 31.327 20.295 30.319 19.243
180 9 2 31.318 20.304 30.309 19.263
181 9 2 31.347 20.304 30.338 19.272
182 9 2 31.356 20.294 30.348 19.272
183 9 2 31.385 20.304 30.377 19.291
184 9 2 31.395 20.284 30.387 19.281
185 9 2 31.405 20.294 30.396 19.301
186 9 2 31.395 20.284 30.387 19.301
187 9 2 31.424 20.274 30.416 19.300
188 9 2 31.414 20.274 30.406 19.310
189 9 2 31.424 20.274 30.416 19.310
190 9 2 31.433 20.274 30.425 19.310
191 9 2 31.443 20.274 30.435 19.310
192 9 2 31.433 20.265 30.425 19.300
193 9 2 31.443 20.264 30.435 19.300
194 9 2 31.453 20.264 30.445 19.300
195 9 2 31.443 20.274 30.435 19.310
196 9 2 31.453 20.274 30.445 19.310
197 9 2 31.462 20.274 30.454 19.310
198 9 2 31.453 20.264 30.445 19.300
199 9 2 31.462 20.264 30.454 19.300
200 9 2 31.453 20.264 30.445 19.300
201 9 2 31.462 20.274 30.454 19.310
202 9 2 31.453 20.274 30.445 19.310
203 9 2 31.462 20.274 30.454 19.310
204 9 2 31.453 20.264 30.445 19.300
205 9 2 31.462 20.274 30.454 19.319
206 9 2 31.453 20.284 30.445 19.339
207 9 2 31.462 20.274 30.454 19.329
208 9 2 31.453 20.284 30.445 19.348
209 9 2 31.462 20.264 30.454 19.329
210 9 2 31.453 20.264 30.445 19.329
211 9 2 31.443 20.264 30.435 19.329
212 9 2 31.433 20.265 30.425 19.329
213 9 2 31.443 20.264 30.435 19.329
214 9 2 31.433 20.265 30.425 19.329
215 9 2 31.424 20.265 30.416 19.329
216 9 2 31.414 20.265 30.406 19.329
217 9 2 31.404 20.274 30.397 19.349
218 9 2 31.395 20.255 30.387 19.330
219 9 2 31.385 20.275 30.377 19.349
220 9 2 31.356 20.275 30.348 19.349
221 9 2 31.347 20.275 30.339 19.349
222 9 2 31.337 20.266 30.329 19.340
223 9 2 31.347 20.265 30.339 19.340
224 9 2 31.318 20.266 30.310 19.340
225 9 2 31.308 20.256 30.300 19.330
226 9 2 31.279 20.266 30.271 19.340
227 9 2 31.250 20.266 30.242 19.341
228 9 2 31.221 20.276 30.213 19.351
229 9 2 31.192 20.277 30.184 19.351
230 9 2 31.183 20.277 30.175 19.351
231 9 2 31.173 20.267 30.165 19.341
232 9 2 31.144 20.267 30.136 19.342
233 9 2 31.134 20.258 30.126 19.332
234 9 2 31.106 20.278 30.098 19.352
235 9 2 31.077 20.268 30.069 19.342
236 9 2 31.048 20.268 30.040 19.343
237 9 2 31.038 20.259 30.030 19.333
238 9 2 30.990 20.269 29.982 19.343
239 9 2 30.942 20.260 29.934 19.334
240 9 2 30.874 20.280 29.866 19.354
241 9 2 30.826 20.271 29.818 19.345
242 9 2 30.758 20.281 29.750 19.355
243 9 2 30.710 20.282 29.702 19.356
244 9 2 30.662 20.272 29.654 19.346
245 9 2 30.633 20.273 29.625 19.347
246 9 2 30.604 20.263 29.596 19.337
247 9 2 30.575 20.254 29.567 19.328
249 9 2 30.565 20.244 29.557 19.318
250 9 2 30.555 20.206 29.547 19.280
251 9 2 30.526 20.187 29.518 19.261
252 9 2 30.517 20.168 29.508 19.242
253 9 2 30.487 20.129 29.479 19.203
254 9 2 30.478 20.091 29.470 19.165
255 9 2 30.468 20.052 29.460 19.126
256 9 2 30.458 20.014 29.450 19.088
257 9 2 30.448 19.995 29.440 19.069
258 9 2 30.458 19.975 29.450 19.049
259 9 2 30.448 19.917 29.440 18.992
260 9 2 30.457 19.898 29.449 18.972
261 9 2 30.467 19.840 29.459 18.914
262 9 2 30.476 19.821 29.468 18.895
263 9 2 30.486 19.782 29.478 18.856
264 9 2 30.495 19.743 29.487 18.817
265 9 2 30.505 19.705 29.497 18.779
266 9 2 30.514 19.666 29.506 18.740
267 9 2 30.523 19.627 29.516 18.702
268 9 2 30.533 19.608 29.525 18.682
269 9 2 30.543 19.588 29.535 18.663
270 9 2 30.552 19.550 29.544 18.624
271 9 2 30.561 19.511 29.554 18.585
272 9 2 30.571 19.492 29.563 18.566
273 9 2 30.581 19.492 29.573 18.566
274 9 2 30.590 19.472 29.582 18.547
275 9 2 30.600 19.434 29.592 18.508
276 9 2 30.609 19.414 29.601 18.489
277 9 2 30.619 19.414 29.611 18.488
278 9 2 30.628 19.395 29.621 18.469
279 9 2 30.638 19.356 29.630 18.430
280 9 2 30.647 19.337 29.640 18.411
281 9 2 30.657 19.337 29.649 18.411
282 9 2 30.686 19.317 29.678 18.391
283 9 2 30.695 19.298 29.688 18.372
284 9 2 30.705 19.298 29.697 18.372
285 9 2 30.714 19.278 29.707 18.353
286 9 2 30.743 19.239 29.736 18.314
287 9 2 30.753 19.220 29.745 18.294
288 9 2 30.782 19.220 29.774 18.294
289 9 2 30.791 19.220 29.784 18.294
290 9 2 30.820 19.200 29.812 18.275
291 9 2 30.830 19.181 29.822 18.255
292 9 2 30.859 19.180 29.851 18.255
293 9 2 30.868 19.161 29.861 18.235
294 9 2 30.897 19.141 29.889 18.216
295 9 2 30.907 19.141 29.899 18.216
296 9 2 30.916 19.141 29.909 18.216
297 9 2 30.926 19.122 29.918 18.196
298 9 2 30.955 19.102 29.947 18.177
299 9 2 30.964 19.121 29.957 18.196
300 9 2 30.974 19.102 29.966 18.177
301 9 2 30.983 19.102 29.976 18.177
302 9 2 30.993 19.102 29.986 18.177
303 9 2 31.003 19.083 29.995 18.157
304 9 2 31.012 19.063 30.005 18.138
305 9 2 31.003 19.083 29.995 18.157
306 9 2 31.012 19.063 30.005 18.138
307 9 2 31.022 19.063 30.014 18.138
308 9 2 31.031 19.063 30.024 18.138
309 9 2 31.022 19.063 30.014 18.138
310 9 2 31.031 19.063 30.024 18.138
311 9 2 31.022 19.063 30.014 18.138
312 9 2 31.031 19.063 30.024 18.138
313 9 2 31.022 19.063 30.014 18.138
314 9 2 31.031 19.063 30.024 18.138
315 9 2 31.022 19.063 30.014 18.138
316 9 2 31.031 19.063 30.024 18.138
0 10 2 34.013 20.094 33.232 18.262
61 10 2 34.004 20.113 33.241 18.175
62 10 2 34.080 20.055 33.260 18.184
63 10 2 34.099 19.987 33.260 18.165
64 10 2 34.137 19.948 33.279 18.107
65 10 2 34.108 19.929 33.297 18.030
66 10 2 34.137 19.842 33.325 17.895
67 10 2 34.184 19.793 33.325 17.789
68 10 2 34.193 19.706 33.315 17.732
69 10 2 34.212 19.668 33.315 17.751
70 10 2 34.202 19.581 33.324 17.693
71 10 2 34.192 19.581 33.333 17.654
72 10 2 34.173 19.485 33.333 17.626
73 10 2 34.191 19.408 33.323 17.587
74 10 2 34.210 19.369 33.295 17.684
75 10 2 34.152 19.264 33.247 17.588
76 10 2 34.151 19.158 33.236 17.376
77 10 2 34.209 19.196 33.302 17.280
78 10 2 34.180 19.167 33.331 17.270
79 10 2 34.160 19.100 33.340 17.125
80 10 2 34.160 19.062 33.339 17.058
81 10 2 34.179 18.946 33.329 16.962
82 10 2 34.158 18.773 33.329 17.001
83 10 2 34.130 18.850 33.348 16.885
84 10 2 34.168 18.830 33.309 16.856
85 10 2 34.149 18.782 33.290 16.828
86 10 2 34.100 18.658 33.299 16.780
87 10 2 34.109 18.590 33.289 16.751
88 10 2 34.137 18.513 33.298 16.645
89 10 2 34.108 18.446 33.346 16.616
90 10 2 34.088 18.388 33.337 16.645
91 10 2 34.117 18.311 33.326 16.568
92 10 2 34.116 18.273 33.345 16.404
93 10 2 34.116 18.234 33.334 16.251
94 10 2 34.115 18.148 33.323 16.087
95 10 2 34.115 18.090 33.323 16.049
96 10 2 34.086 18.052 33.323 16.001
97 10 2 34.105 17.994 33.304 15.992
98 10 2 34.075 17.869 33.303 15.876
99 10 2 34.075 17.802 33.302 15.819
100 10 2 34.045 17.744 33.302 15.790
101 10 2 34.055 17.686 33.321 15.761
102 10 2 34.083 17.619 33.311 15.723
103 10 2 34.102 17.609 33.301 15.617
104 10 2 34.082 17.494 33.320 15.607
105 10 2 34.072 17.417 33.300 15.415
106 10 2 34.062 17.321 33.319 15.367
107 10 2 34.052 17.282 33.290 15.300
108 10 2 34.042 17.283 33.308 15.252
109 10 2 34.042 17.254 33.279 15.195
110 10 2 34.080 17.234 33.259 15.108
111 10 2 34.099 17.071 33.278 15.079
112 10 2 34.156 17.003 33.258 14.936
113 10 2 34.107 16.917 33.278 14.945
114 10 2 34.088 16.859 33.297 14.916
115 10 2 34.115 16.734 33.248 14.888
116 10 2 34.114 16.571 33.286 14.801
117 10 2 34.104 16.484 33.238 14.725
118 10 2 34.084 16.340 33.238 14.686
119 10 2 34.094 16.340 33.238 14.686
120 10 2 34.093 16.302 33.257 14.686
121 10 2 34.083 16.264 33.285 14.667
122 10 2 34.122 16.273 33.304 14.542
123 10 2 34.122 16.206 33.313 14.484
124 10 2 34.121 16.138 33.312 14.292
125 10 2 34.121 16.081 33.321 14.244
126 10 2 34.120 16.013 33.330 14.206
127 10 2 34.081 15.966 33.350 14.244
128 10 2 34.081 15.899 33.349 14.177
129 10 2 34.090 15.812 33.300 13.899
130 10 2 34.118 15.725 33.308 13.755
131 10 2 34.108 15.658 33.308 13.765
132 10 2 34.098 15.591 33.347 13.803
133 10 2 34.126 15.485 33.318 13.765
134 10 2 34.145 15.437 33.299 13.717
135 10 2 34.145 15.437 33.289 13.660
136 10 2 34.155 15.447 33.308 13.640
137 10 2 34.087 15.399 33.356 13.678
138 10 2 34.087 15.332 33.355 13.611
139 10 2 34.086 15.265 33.355 13.544
140 10 2 34.105 15.217 33.374 13.496
141 10 2 34.124 15.149 33.393 13.429
142 10 2 34.104 15.082 33.373 13.362
143 10 2 34.123 15.015 33.392 13.294
144 10 2 34.123 14.967 33.391 13.247
145 10 2 34.122 14.900 33.391 13.179
146 10 2 34.122 14.852 33.391 13.132
147 10 2 34.121 14.785 33.390 13.064
148 10 2 34.102 14.737 33.371 13.017
149 10 2 34.121 14.670 33.390 12.949
150 10 2 34.101 14.622 33.370 12.902
151 10 2 34.120 14.555 33.389 12.834
152 10 2 34.081 14.507 33.350 12.787
153 10 2 34.081 14.440 33.350 12.720
154 10 2 34.080 14.392 33.349 12.672
155 10 2 34.080 14.325 33.349 12.605
156 10 2 34.080 14.277 33.349 12.557
157 10 2 34.079 14.210 33.348 12.490
158 10 2 34.098 14.161 33.367 12.442
159 10 2 34.117 14.094 33.386 12.375
160 10 2 34.116 14.046 33.386 12.327
161 10 2 34.116 13.979 33.385 12.260
162 10 2 34.135 13.931 33.404 12.212
163 10 2 34.154 13.864 33.423 12.145
164 10 2 34.133 13.711 33.315 11.858
165 10 2 34.085 13.653 33.354 11.934
166 10 2 34.104 13.586 33.373 11.867
167 10 2 34.142 13.500 33.315 11.829
168 10 2 34.094 13.519 33.363 11.810
169 10 2 34.170 13.461 33.305 11.686
170 10 2 34.131 13.433 33.342 11.580
171 10 2 34.150 13.385 33.351 11.446
172 10 2 34.188 13.212 33.370 11.437
173 10 2 34.139 13.183 33.409 11.475
174 10 2 34.197 13.183 33.398 11.226
175 10 2 34.244 13.039 33.397 11.188
176 10 2 34.234 13.001 33.416 11.111
177 10 2 34.185 12.905 33.455 11.197
178 10 2 34.204 12.848 33.474 11.139
179 10 2 34.223 12.771 33.492 11.063
180 10 2 34.223 12.714 33.492 11.005
181 10 2 34.241 12.656 33.511 10.948
182 10 2 34.260 12.598 33.530 10.890
183 10 2 34.260 12.541 33.529 10.833
184 10 2 34.288 12.407 33.500 10.709
185 10 2 34.307 12.435 33.519 10.718
186 10 2 34.268 12.416 33.538 10.718
187 10 2 34.344 12.310 33.519 10.689
188 10 2 34.287 12.340 33.557 10.651
189 10 2 34.287 12.282 33.556 10.594
190 10 2 34.305 12.225 33.575 10.536
191 10 2 34.305 12.167 33.575 10.479
192 10 2 34.324 12.110 33.594 10.421
193 10 2 34.323 12.052 33.593 10.364
194 10 2 34.323 11.995 33.593 10.307
195 10 2 34.342 11.937 33.612 10.249
196 10 2 34.341 11.861 33.611 10.173
197 10 2 34.341 11.803 33.611 10.115
198 10 2 34.340 11.746 33.610 10.058
199 10 2 34.415 11.449 33.687 10.057
200 10 2 34.407 11.592 33.677 9.914
201 10 2 34.462 11.238 33.619 9.981
202 10 2 34.406 11.449 33.676 9.780
203 10 2 34.434 11.372 33.617 9.676
204 10 2 34.414 11.315 33.598 9.599
205 10 2 34.394 11.162 33.628 9.752
206 10 2 34.384 11.114 33.618 9.714
207 10 2 34.422 11.076 33.654 9.398
208 10 2 34.432 11.056 33.663 9.322
209 10 2 34.402 10.990 33.624 9.284
210 10 2 34.440 10.932 33.605 9.189
211 10 2 34.440 10.875 33.623 9.131
212 10 2 34.392 10.827 33.662 9.179
213 10 2 34.391 10.770 33.662 9.121
214 10 2 34.410 10.712 33.574 8.854
215 10 2 34.352 10.608 33.622 8.959
216 10 2 34.351 10.550 33.622 8.902
217 10 2 34.351 10.455 33.621 8.806
218 10 2 34.351 10.416 33.621 8.768
219 10 2 34.350 10.340 33.621 8.692
220 10 2 34.350 10.283 33.620 8.635
221 10 2 34.349 10.206 33.620 8.558
222 10 2 34.368 10.130 33.638 8.482
223 10 2 34.367 10.072 33.638 8.425
224 10 2 34.367 10.015 33.638 8.367
225 10 2 34.366 9.939 33.637 8.291
226 10 2 34.366 9.881 33.637 8.234
227 10 2 34.385 9.843 33.656 8.195
228 10 2 34.384 9.786 33.655 8.138
229 10 2 34.384 9.709 33.655 8.062
230 10 2 34.403 9.633 33.673 7.985
231 10 2 34.402 9.575 33.673 7.928
232 10 2 34.402 9.518 33.673 7.871
233 10 2 34.420 9.442 33.691 7.794
234 10 2 34.420 9.365 33.691 7.718
235 10 2 34.419 9.308 33.690 7.661
236 10 2 34.419 9.251 33.690 7.604
237 10 2 34.543 9.116 33.765 7.441
238 10 2 34.504 9.097 33.775 7.451
239 10 2 34.504 9.040 33.775 7.393
240 10 2 34.522 8.983 33.793 7.336
241 10 2 34.541 8.906 33.812 7.260
242 10 2 34.541 8.830 33.812 7.184
243 10 2 34.540 8.753 33.811 7.107
244 10 2 34.540 8.677 33.811 7.031
245 10 2 34.539 8.620 33.810 6.974
246 10 2 34.558 8.563 33.829 6.917
247 10 2 34.576 8.486 33.848 6.840
248 10 2 34.557 8.429 33.828 6.783
249 10 2 34.576 8.372 33.847 6.726
250 10 2 34.575 8.295 33.846 6.650
251 10 2 34.498 8.153 33.818 6.659
252 10 2 34.517 8.219 33.798 6.583
253 10 2 34.526 8.152 33.807 6.516
254 10 2 34.505 7.838 33.835 6.421
255 10 2 34.523 7.742 33.768 6.374
256 10 2 34.532 7.637 33.758 6.383
257 10 2 34.514 7.733 33.777 6.326
258 10 2 34.513 7.685 33.758 6.326
259 10 2 34.494 7.628 33.786 6.250
260 10 2 34.475 7.628 33.814 6.088
261 10 2 34.494 7.647 33.795 6.078
262 10 2 34.484 7.590 33.785 6.021
263 10 2 34.501 7.333 33.755 5.936
264 10 2 34.482 7.314 33.755 5.878
265 10 2 34.492 7.294 33.774 5.840
266 10 2 34.473 7.342 33.774 5.802
267 10 2 34.472 7.209 33.783 5.745
268 10 2 34.566 7.037 33.743 5.479
269 10 2 34.547 7.046 33.761 5.383
270 10 2 34.489 6.980 33.800 5.450
271 10 2 34.489 6.923 33.800 5.393
272 10 2 34.565 6.846 33.798 5.193
273 10 2 34.517 6.789 33.827 5.259
274 10 2 34.516 6.732 33.827 5.202
275 10 2 34.516 6.694 33.827 5.164
276 10 2 34.583 6.646 33.749 5.003
277 10 2 34.525 6.561 33.787 4.888
278 10 2 34.572 6.522 33.758 4.850
279 10 2 34.505 6.446 33.816 4.917
280 10 2 34.629 6.370 33.737 4.641
281 10 2 34.523 6.275 33.834 4.745
282 10 2 34.522 6.218 33.833 4.688
283 10 2 34.532 6.275 33.746 4.584
284 10 2 34.512 6.161 33.765 4.489
285 10 2 34.502 6.046 33.804 4.536
286 10 2 34.502 6.065 33.812 4.336
287 10 2 34.502 6.037 33.811 4.298
288 10 2 34.491 5.856 33.783 4.327
289 10 2 34.539 5.799 33.783 4.365
290 10 2 34.501 5.837 33.812 4.327
291 10 2 34.528 5.694 33.821 4.222
292 10 2 34.528 5.637 33.830 4.194
293 10 2 34.546 5.542 33.839 4.137
294 10 2 34.536 5.504 33.839 4.099
295 10 2 34.536 5.475 33.839 4.089
296 10 2 34.527 5.466 33.839 4.070
297 10 2 34.555 5.465 33.847 3.927
298 10 2 34.555 5.361 33.818 3.908
299 10 2 34.593 5.323 33.818 3.880
300 10 2 34.601 5.199 33.827 3.813
301 10 2 34.554 5.228 33.865 3.794
302 10 2 34.561 4.961 33.846 3.737
303 10 2 34.600 5.018 33.836 3.623
304 10 2 34.629 5.018 33.864 3.585
305 10 2 34.667 4.970 33.892 3.547
306 10 2 34.638 4.932 33.873 3.424
307 10 2 34.609 4.875 33.872 3.367
308 10 2 34.580 4.828 33.892 3.414
309 10 2 34.665 4.809 33.842 3.177
310 10 2 34.627 4.799 33.842 3.148
311 10 2 34.627 4.790 33.823 3.129
312 10 2 34.569 4.666 33.881 3.252
313 10 2 34.568 4.609 33.881 3.195
314 10 2 34.568 4.571 33.880 3.157
315 10 2 34.568 4.514 33.880 3.100
316 10 2 34.568 4.476 33.880 3.062
72 11 2 35.485 18.895 34.894 18.169
73 11 2 35.504 18.914 34.884 18.160
74 11 2 35.504 18.914 34.884 18.160
75 11 2 35.504 18.914 34.884 18.160
76 11 2 35.504 18.914 34.884 18.160
77 11 2 35.514 18.914 34.894 18.160
79 11 2 35.627 19.952 34.691 18.046
80 11 2 35.607 19.798 34.720 18.065
81 11 2 35.589 20.001 34.758 17.930
82 11 2 35.617 19.885 34.719 17.853
83 11 2 35.422 19.463 34.554 17.614
84 11 2 35.606 19.664 34.727 17.661
85 11 2 35.557 19.597 34.793 17.526
86 11 2 26.371 22.687 25.764 20.777
87 11 2 35.556 19.385 34.783 17.382
88 11 2 35.555 19.298 34.782 17.343
89 11 2 36.242 18.695 35.604 16.788
90 11 2 35.555 19.231 34.810 17.170
91 11 2 35.564 19.163 34.790 17.093
92 11 2 35.315 19.320 34.658 17.392
93 11 2 35.533 18.817 34.693 16.931
94 11 2 35.571 18.846 34.778 16.786
95 11 2 35.580 18.759 34.797 16.738
96 11 2 35.561 18.778 34.797 16.709
97 11 2 35.550 18.644 34.681 16.623
98 11 2 35.549 18.452 34.691 16.594
99 11 2 35.549 18.442 34.689 16.402
100 11 2 35.529 18.346 34.699 16.402
101 11 2 35.529 18.298 34.718 16.306
102 11 2 35.519 18.240 34.727 16.239
103 11 2 35.403 18.212 34.832 16.276
104 11 2 35.555 17.932 34.726 16.200
105 11 2 35.564 17.836 34.726 16.152
106 11 2 35.544 17.769 34.734 15.883
107 11 2 35.553 17.673 34.724 15.807
108 11 2 35.581 17.528 34.733 15.835
109 11 2 35.581 17.567 34.694 15.634
110 11 2 35.580 17.471 34.703 15.576
111 11 2 35.579 17.365 34.712 15.528
112 11 2 35.588 17.278 34.712 15.500
113 11 2 35.578 17.182 34.730 15.413
114 11 2 35.454 17.231 34.855 15.374
115 11 2 35.607 17.144 34.690 15.183
116 11 2 35.443 17.087 34.844 15.230
117 11 2 35.442 17.001 34.844 15.143
118 11 2 35.442 16.914 34.843 15.057
119 11 2 35.441 16.828 34.842 14.971
120 11 2 35.574 16.692 34.697 14.742
121 11 2 35.554 16.510 34.706 14.646
122 11 2 35.515 16.443 34.705 14.521
123 11 2 35.524 16.395 34.695 14.435
124 11 2 35.562 16.328 34.752 14.415
125 11 2 35.494 16.155 34.694 14.329
126 11 2 35.493 16.107 34.693 14.166
127 11 2 35.388 16.060 34.789 14.214
128 11 2 35.387 15.983 34.789 14.137
129 11 2 35.386 15.907 34.788 14.060
130 11 2 35.490 15.714 34.709 13.735
131 11 2 35.500 15.656 34.709 13.745
132 11 2 35.480 15.580 34.738 13.783
133 11 2 35.518 15.579 34.709 13.697
134 11 2 35.508 15.483 34.689 13.639
135 11 2 35.498 15.483 34.707 13.476
136 11 2 35.507 15.359 34.716 13.332
137 11 2 35.410 15.264 34.812 13.428
138 11 2 35.410 15.187 34.812 13.351
139 11 2 35.409 15.100 34.811 13.265
140 11 2 35.409 15.014 34.811 13.179
141 11 2 35.408 14.928 34.810 13.092
142 11 2 35.408 14.861 34.809 13.025
143 11 2 35.407 14.774 34.809 12.939
144 11 2 35.530 14.620 34.702 12.672
145 11 2 35.511 14.563 34.749 12.624
146 11 2 35.501 14.496 34.777 12.518
147 11 2 35.433 14.429 34.835 12.594
148 11 2 35.501 14.553 34.766 12.250
149 11 2 35.490 14.333 34.737 12.202
150 11 2 35.412 14.190 34.814 12.355
151 11 2 35.412 14.103 34.814 12.269
152 11 2 35.411 14.036 34.813 12.202
153 11 2 35.410 13.931 34.812 12.097
154 11 2 35.410 13.864 34.812 12.030
155 11 2 35.409 13.778 34.811 11.944
156 11 2 35.409 13.691 34.811 11.857
157 11 2 35.408 13.605 34.810 11.771
158 11 2 35.407 13.538 34.810 11.704
159 11 2 35.512 13.432 34.750 11.408
160 11 2 35.464 13.384 34.672 11.246
161 11 2 35.501 13.231 34.768 11.274
162 11 2 35.492 13.260 34.758 11.188
163 11 2 35.481 13.135 34.758 11.121
164 11 2 35.480 13.020 34.748 11.064
165 11 2 35.489 12.925 34.757 10.997
166 11 2 35.498 12.877 34.756 10.844
167 11 2 35.469 12.839 34.765 10.834
168 11 2 35.498 12.838 34.755 10.710
169 11 2 35.478 12.676 34.755 10.682
170 11 2 35.476 12.475 34.764 10.586
171 11 2 35.485 12.379 34.744 10.557
172 11 2 35.495 12.369 34.744 10.538
173 11 2 35.494 12.331 34.743 10.385
174 11 2 35.484 12.283 34.742 10.271
175 11 2 35.464 12.121 34.751 10.165
176 11 2 35.454 12.083 34.741 10.099
177 11 2 35.483 12.063 34.702 9.984
178 11 2 35.482 11.968 34.711 9.927
179 11 2 35.472 11.901 34.739 9.889
180 11 2 35.481 11.805 34.748 9.707
181 11 2 35.481 11.786 34.737 9.602
182 11 2 35.490 11.709 34.709 9.612
183 11 2 35.499 11.642 34.699 9.574
184 11 2 35.479 11.614 34.727 9.487
185 11 2 35.478 11.394 34.726 9.325
186 11 2 35.459 11.365 34.754 9.268
187 11 2 35.400 11.222 34.803 9.401
188 11 2 35.399 11.146 34.802 9.325
189 11 2 35.495 11.116 34.706 9.192
190 11 2 35.399 11.060 34.802 9.239
191 11 2 35.475 10.973 34.733 8.962
192 11 2 35.398 10.878 34.801 9.057
193 11 2 35.550 10.762 34.637 8.944
194 11 2 35.530 10.715 34.665 8.877
195 11 2 35.501 10.610 34.693 8.800
196 11 2 35.500 10.495 34.702 8.705
197 11 2 35.480 10.448 34.712 8.667
198 11 2 35.528 10.342 34.673 8.610
199 11 2 35.528 10.342 34.672 8.438
200 11 2 35.450 10.209 34.642 8.219
201 11 2 35.459 10.113 34.641 8.171
202 11 2 35.343 10.038 34.747 8.256
203 11 2 35.343 9.961 34.747 8.180
204 11 2 35.343 9.904 34.746 8.123
205 11 2 35.342 9.808 34.745 8.027
206 11 2 35.341 9.751 34.745 7.970
207 11 2 35.341 9.656 34.744 7.875
208 11 2 35.340 9.598 34.744 7.818
209 11 2 35.340 9.522 34.743 7.741
210 11 2 35.464 9.521 34.647 7.694
211 11 2 35.349 9.493 34.753 7.713
212 11 2 35.349 9.417 34.752 7.636
213 11 2 35.348 9.360 34.752 7.579
214 11 2 35.348 9.283 34.751 7.503
215 11 2 35.347 9.207 34.751 7.427
216 11 2 35.346 9.131 34.750 7.350
217 11 2 35.346 9.054 34.750 7.274
218 11 2 35.345 8.978 34.749 7.198
219 11 2 35.345 8.902 34.749 7.122
220 11 2 35.344 8.844 34.748 7.064
221 11 2 35.344 8.768 34.748 6.988
222 11 2 35.343 8.692 34.747 6.912
223 11 2 35.343 8.634 34.747 6.855
224 11 2 35.342 8.558 34.746 6.779
225 11 2 35.342 8.482 34.746 6.702
226 11 2 35.341 8.425 34.745 6.645
227 11 2 35.322 8.348 34.726 6.569
228 11 2 35.321 8.272 34.725 6.493
229 11 2 35.321 8.215 34.725 6.436
230 11 2 35.320 8.139 34.724 6.360
231 11 2 35.320 8.081 34.724 6.302
232 11 2 35.319 8.005 34.723 6.226
233 11 2 35.319 7.948 34.723 6.169
234 11 2 35.318 7.872 34.722 6.093
235 11 2 35.318 7.795 34.722 6.017
236 11 2 35.317 7.738 34.721 5.960
237 11 2 35.317 7.662 34.721 5.884
238 11 2 35.316 7.605 34.720 5.826
239 11 2 35.316 7.529 34.720 5.750
240 11 2 35.315 7.471 34.719 5.693
241 11 2 35.315 7.395 34.719 5.617
242 11 2 35.333 7.338 34.738 5.560
243 11 2 35.333 7.262 34.737 5.484
244 11 2 35.332 7.204 34.737 5.427
245 11 2 35.332 7.128 34.736 5.350
246 11 2 35.350 7.071 34.755 5.293
247 11 2 35.350 6.995 34.754 5.217
248 11 2 35.350 6.938 34.754 5.160
249 11 2 35.349 6.880 34.753 5.103
250 11 2 35.368 6.823 34.772 5.046
251 11 2 35.367 6.747 34.772 4.970
252 11 2 35.367 6.690 34.771 4.913
253 11 2 35.385 6.614 34.790 4.837
254 11 2 35.385 6.556 34.789 4.779
255 11 2 35.385 6.499 34.789 4.722
256 11 2 35.403 6.423 34.808 4.646
257 11 2 35.403 6.366 34.807 4.589
258 11 2 35.421 6.309 34.826 4.532
259 11 2 35.421 6.252 34.825 4.475
260 11 2 35.439 6.175 34.844 4.399
261 11 2 35.439 6.118 34.844 4.342
262 11 2 35.458 6.061 34.862 4.285
263 11 2 35.476 6.004 34.881 4.228
264 11 2 35.476 5.947 34.881 4.171
265 11 2 35.495 5.890 34.899 4.114
266 11 2 35.494 5.832 34.899 4.056
267 11 2 35.513 5.756 34.917 3.980
268 11 2 35.531 5.699 34.936 3.923
269 11 2 35.531 5.642 34.936 3.866
270 11 2 35.550 5.585 34.954 3.809
271 11 2 35.549 5.528 34.954 3.752
272 11 2 35.568 5.471 34.973 3.695
273 11 2 35.568 5.413 34.972 3.638
274 11 2 35.586 5.356 34.991 3.581
275 11 2 35.586 5.299 34.990 3.524
276 11 2 35.604 5.242 35.009 3.467
277 11 2 35.604 5.185 35.009 3.410
278 11 2 35.623 5.128 35.027 3.353
279 11 2 35.622 5.071 35.027 3.296
280 11 2 35.641 5.014 35.046 3.239
281 11 2 35.641 4.957 35.045 3.182
282 11 2 35.659 4.899 35.064 3.125
283 11 2 35.659 4.842 35.064 3.068
284 11 2 35.658 4.785 35.063 3.011
285 11 2 35.677 4.728 35.082 2.954
286 11 2 35.677 4.690 35.082 2.916
287 11 2 35.676 4.633 35.081 2.859
288 11 2 35.695 4.576 35.100 2.802
289 11 2 35.695 4.519 35.099 2.745
290 11 2 35.694 4.462 35.099 2.688
291 11 2 35.694 4.405 35.099 2.631
292 11 2 35.693 4.367 35.098 2.593
293 11 2 35.712 4.310 35.117 2.536
294 11 2 35.712 4.253 35.117 2.479
295 11 2 35.711 4.196 35.116 2.422
296 11 2 35.711 4.139 35.116 2.365
297 11 2 35.711 4.101 35.115 2.327
298 11 2 35.710 4.044 35.115 2.270
299 11 2 35.710 3.987 35.115 2.213
300 11 2 35.709 3.930 35.114 2.156
301 11 2 35.709 3.873 35.114 2.100
302 11 2 35.709 3.835 35.114 2.062
303 11 2 35.708 3.778 35.113 2.005
304 11 2 35.870 3.768 35.064 1.806
305 11 2 35.755 3.673 35.160 1.900
306 11 2 35.755 3.616 35.160 1.843
307 11 2 35.754 3.559 35.159 1.786
308 11 2 35.754 3.521 35.159 1.748
309 11 2 35.753 3.464 35.159 1.692
310 11 2 35.753 3.388 35.158 1.616
311 11 2 35.753 3.350 35.158 1.578
312 11 2 35.752 3.293 35.157 1.521
313 11 2 35.752 3.255 35.157 1.483
314 11 2 35.752 3.217 35.157 1.445
315 11 2 35.751 3.160 35.156 1.388
316 11 2 35.751 3.103 35.156 1.331
0 0 2 30.977 3.786 30.162 1.896
1 0 2 31.006 3.833 30.152 1.858
2 0 2 31.015 3.814 30.086 1.896
3 0 2 31.005 3.814 30.086 1.896
4 0 2 31.006 3.843 30.086 1.925
5 0 2 31.074 4.052 30.048 1.944
6 0 2 31.093 4.081 30.038 2.020
7 0 2 31.074 4.138 30.029 2.020
8 0 2 31.074 4.128 30.000 2.096
9 0 2 31.036 4.128 30.029 2.096
10 0 2 31.065 4.204 29.991 2.210
11 0 2 30.998 4.214 29.982 2.191
12 0 2 31.027 4.252 30.011 2.229
13 0 2 31.027 4.290 30.011 2.267
14 0 2 31.086 4.519 30.011 2.353
15 0 2 31.086 4.538 30.021 2.372
16 0 2 31.057 4.481 30.040 2.429
17 0 2 60.364 -6.486 59.350 -8.499
166 0 2 31.415 20.477 30.401 18.414
167 0 2 31.348 20.545 30.469 18.471
