0 0 1 40.994 10.603 39.950 9.875
1 0 1 41.027 10.624 39.939 9.864
2 0 1 41.027 10.624 39.939 9.864
3 0 1 41.027 10.624 39.939 9.864
4 0 1 41.027 10.624 39.939 9.864
5 0 1 41.027 10.624 39.939 9.864
6 0 1 41.027 10.624 39.939 9.864
7 0 1 41.027 10.624 39.939 9.864
8 0 1 41.027 10.624 39.939 9.864
9 0 1 41.027 10.624 39.939 9.864
10 0 1 41.005 10.624 39.917 9.864
11 0 1 40.885 10.517 39.797 9.757
12 0 1 40.983 10.603 39.895 9.843
13 0 1 40.983 10.603 39.895 9.843
14 0 1 41.027 10.656 39.939 9.896
15 0 1 40.940 10.603 39.852 9.843
16 0 1 40.940 10.603 39.852 9.843
17 0 1 40.897 10.592 39.809 9.832
18 0 1 40.875 10.603 39.787 9.843
19 0 1 40.854 10.604 39.766 9.843
20 0 1 40.832 10.625 39.744 9.865
21 0 1 40.789 10.625 39.701 9.865
22 0 1 40.767 10.626 39.679 9.865
23 0 1 40.735 10.626 39.647 9.866
24 0 1 40.724 10.626 39.636 9.866
25 0 1 40.702 10.626 39.614 9.866
26 0 1 40.659 10.648 39.571 9.888
27 0 1 40.638 10.648 39.550 9.888
28 0 1 40.638 10.670 39.550 9.909
29 0 1 40.616 10.670 39.528 9.909
30 0 1 40.573 10.670 39.485 9.910
31 0 1 40.552 10.670 39.463 9.910
32 0 1 40.519 10.670 39.431 9.910
33 0 1 40.487 10.670 39.399 9.910
34 0 1 40.465 10.649 39.377 9.889
36 0 1 40.454 10.638 39.366 9.878
37 0 1 40.421 10.638 39.333 9.878
38 0 1 40.411 10.638 39.323 9.878
39 0 1 40.357 10.639 39.269 9.879
40 0 1 40.303 10.639 39.215 9.879
41 0 1 40.249 10.639 39.161 9.879
42 0 1 40.216 10.640 39.128 9.879
43 0 1 40.162 10.661 39.074 9.901
44 0 1 40.130 10.640 39.042 9.880
45 0 1 40.076 10.662 38.988 9.902
46 0 1 40.065 10.640 38.977 9.880
47 0 1 40.011 10.662 38.923 9.902
48 0 1 40.000 10.641 38.912 9.880
49 0 1 39.968 10.684 38.880 9.924
50 0 1 39.936 10.706 38.848 9.946
51 0 1 39.903 10.706 38.815 9.946
52 0 1 39.893 10.728 38.804 9.967
53 0 1 39.839 10.750 38.751 9.989
54 0 1 39.806 10.750 38.718 9.989
55 0 1 39.752 10.750 38.664 9.990
56 0 1 39.741 10.750 38.653 9.990
57 0 1 39.687 10.751 38.599 9.990
58 0 1 39.655 10.751 38.567 9.990
59 0 1 39.579 10.751 38.491 9.991
60 0 1 39.547 10.751 38.459 9.991
61 0 1 39.514 10.752 38.426 9.991
62 0 1 39.482 10.752 38.394 9.991
63 0 1 39.428 10.752 38.340 9.992
64 0 1 39.395 10.752 38.307 9.992
65 0 1 39.363 10.752 38.275 9.992
66 0 1 39.352 10.753 38.264 9.992
67 0 1 39.319 10.731 38.231 9.971
68 0 1 39.309 10.731 38.220 9.971
69 0 1 39.276 10.710 38.188 9.949
70 0 1 39.243 10.667 38.155 9.906
71 0 1 39.189 10.645 38.101 9.885
72 0 1 39.156 10.646 38.068 9.885
73 0 1 39.102 10.624 38.014 9.864
74 0 1 39.070 10.625 37.982 9.864
75 0 1 39.016 10.625 37.928 9.864
76 0 1 38.961 10.604 37.873 9.843
77 0 1 38.907 10.625 37.819 9.865
78 0 1 38.875 10.604 37.787 9.844
79 0 1 38.821 10.626 37.733 9.865
80 0 1 38.788 10.626 37.700 9.866
81 0 1 38.756 10.626 37.668 9.866
82 0 1 38.723 10.626 37.635 9.866
83 0 1 38.691 10.627 37.603 9.866
84 0 1 38.680 10.648 37.592 9.888
85 0 1 38.670 10.692 37.582 9.931
86 0 1 38.659 10.735 37.571 9.974
87 0 1 38.627 10.778 37.539 10.018
88 0 1 38.617 10.800 37.529 10.039
89 0 1 38.563 10.800 37.474 10.040
90 0 1 38.530 10.800 37.442 10.040
91 0 1 38.498 10.801 37.410 10.040
92 0 1 38.465 10.779 37.377 10.019
93 0 1 38.433 10.801 37.345 10.040
94 0 1 38.400 10.780 37.312 10.019
95 0 1 38.346 10.802 37.258 10.041
96 0 1 38.313 10.758 37.225 9.998
97 0 1 38.259 10.759 37.171 9.998
98 0 1 38.227 10.759 37.139 9.998
99 0 1 38.194 10.759 37.106 9.998
100 0 1 38.184 10.759 37.095 9.999
101 0 1 38.130 10.781 37.041 10.020
102 0 1 38.119 10.781 37.031 10.020
103 0 1 38.086 10.781 36.998 10.021
104 0 1 38.054 10.782 36.966 10.021
105 0 1 38.000 10.782 36.912 10.021
106 0 1 37.967 10.760 36.879 10.000
107 0 1 37.913 10.761 36.825 10.000
108 0 1 37.881 10.783 36.793 10.022
109 0 1 37.827 10.805 36.739 10.044
110 0 1 37.794 10.805 36.706 10.044
111 0 1 37.740 10.805 36.652 10.044
112 0 1 37.708 10.827 36.620 10.066
113 0 1 37.654 10.849 36.566 10.088
114 0 1 37.622 10.871 36.533 10.110
115 0 1 37.589 10.892 36.501 10.131
116 0 1 37.557 10.893 36.469 10.132
117 0 1 37.524 10.914 36.436 10.153
118 0 1 37.514 10.936 36.426 10.175
119 0 1 37.481 10.958 36.393 10.197
120 0 1 37.471 11.001 36.383 10.240
121 0 1 37.439 11.066 36.351 10.305
122 0 1 37.407 11.088 36.318 10.327
123 0 1 37.375 11.153 36.286 10.392
124 0 1 37.342 11.175 36.254 10.414
125 0 1 37.288 11.197 36.200 10.436
126 0 1 37.278 11.218 36.189 10.457
127 0 1 37.246 11.262 36.157 10.501
128 0 1 37.213 11.305 36.125 10.544
129 0 1 37.159 11.327 36.071 10.566
130 0 1 37.127 11.328 36.038 10.566
131 0 1 37.073 11.328 35.984 10.567
132 0 1 37.040 11.350 35.952 10.588
133 0 1 37.008 11.371 35.919 10.610
134 0 1 36.997 11.372 35.909 10.610
136 0 1 36.986 11.361 35.898 10.599
137 0 1 36.715 11.265 35.594 10.515
138 0 1 36.704 11.265 35.615 10.515
139 0 1 36.672 11.276 35.583 10.526
140 0 1 36.596 11.287 35.507 10.537
141 0 1 36.563 11.298 35.475 10.548
142 0 1 36.531 11.309 35.442 10.559
143 0 1 36.498 11.320 35.410 10.570
144 0 1 36.444 11.332 35.356 10.581
145 0 1 36.412 11.364 35.324 10.614
146 0 1 36.358 11.375 35.269 10.625
147 0 1 36.326 11.408 35.237 10.657
148 0 1 36.293 11.397 35.205 10.647
149 0 1 36.261 11.408 35.172 10.658
150 0 1 36.228 11.398 35.140 10.647
151 0 1 36.217 11.409 35.129 10.658
152 0 1 36.185 11.420 35.096 10.669
153 0 1 36.174 11.452 35.086 10.701
154 0 1 36.142 11.485 35.053 10.734
155 0 1 36.110 11.517 35.021 10.767
156 0 1 36.034 11.529 34.945 10.778
157 0 1 35.980 11.540 34.891 10.789
158 0 1 35.926 11.529 34.837 10.778
159 0 1 35.893 11.540 34.804 10.789
160 0 1 35.861 11.551 34.772 10.800
161 0 1 35.828 11.562 34.739 10.811
162 0 1 35.752 11.574 34.664 10.823
163 0 1 35.742 11.585 34.653 10.834
164 0 1 35.709 11.574 34.620 10.823
165 0 1 35.698 11.585 34.610 10.834
166 0 1 35.666 11.574 34.577 10.823
167 0 1 35.655 11.585 34.566 10.834
169 0 1 35.644 11.574 34.555 10.823
170 0 1 35.653 11.358 34.489 10.586
171 0 1 35.621 11.347 34.521 10.596
172 0 1 35.577 11.337 34.478 10.586
173 0 1 35.534 11.348 34.435 10.597
174 0 1 35.491 11.315 34.391 10.565
175 0 1 35.469 11.305 34.369 10.554
176 0 1 35.447 11.294 34.348 10.543
177 0 1 35.382 11.305 34.283 10.555
178 0 1 35.360 11.273 34.261 10.522
179 0 1 35.317 11.241 34.217 10.490
180 0 1 35.273 11.209 34.174 10.458
181 0 1 35.208 11.220 34.109 10.469
182 0 1 35.186 11.209 34.087 10.458
183 0 1 35.143 11.199 34.044 10.448
184 0 1 35.121 11.188 34.022 10.437
185 0 1 35.121 11.199 34.022 10.448
186 0 1 35.078 11.188 33.979 10.437
187 0 1 35.034 11.178 33.935 10.427
188 0 1 35.013 11.167 33.913 10.416
189 0 1 34.948 11.178 33.848 10.427
190 0 1 34.948 11.167 33.848 10.417
191 0 1 34.926 11.178 33.827 10.427
192 0 1 34.883 11.168 33.783 10.417
193 0 1 34.861 11.179 33.762 10.428
194 0 1 34.839 11.189 33.740 10.439
195 0 1 34.796 11.201 33.697 10.450
196 0 1 34.753 11.190 33.653 10.439
197 0 1 34.709 11.201 33.610 10.450
198 0 1 34.666 11.212 33.567 10.461
199 0 1 34.644 11.223 33.545 10.472
200 0 1 34.623 11.212 33.523 10.462
201 0 1 34.558 11.224 33.458 10.473
202 0 1 34.557 11.213 33.458 10.462
203 0 1 34.536 11.224 33.437 10.473
204 0 1 34.492 11.213 33.393 10.462
205 0 1 34.449 11.224 33.350 10.473
206 0 1 34.427 11.214 33.328 10.463
207 0 1 34.406 11.224 33.306 10.474
208 0 1 34.362 11.214 33.263 10.463
209 0 1 34.319 11.225 33.220 10.474
210 0 1 34.276 11.214 33.176 10.464
211 0 1 34.210 11.204 33.111 10.453
212 0 1 34.167 11.193 33.068 10.443
213 0 1 34.124 11.204 33.024 10.454
214 0 1 34.080 11.194 32.981 10.443
215 0 1 34.059 11.205 32.959 10.454
216 0 1 34.015 11.194 32.916 10.443
217 0 1 33.972 11.205 32.872 10.454
218 0 1 33.928 11.195 32.829 10.444
219 0 1 33.885 11.206 32.786 10.455
220 0 1 33.863 11.195 32.764 10.444
221 0 1 33.842 11.185 32.742 10.434
222 0 1 33.798 11.174 32.699 10.423
223 0 1 33.755 11.185 32.655 10.434
224 0 1 33.711 11.174 32.612 10.424
225 0 1 33.668 11.186 32.569 10.435
226 0 1 33.625 11.197 32.525 10.446
227 0 1 33.560 11.229 32.460 10.478
228 0 1 33.516 11.262 32.417 10.511
229 0 1 33.495 11.273 32.395 10.522
230 0 1 33.430 11.284 32.330 10.533
231 0 1 33.408 11.295 32.309 10.544
232 0 1 33.365 11.285 32.265 10.534
233 0 1 33.321 11.296 32.222 10.545
234 0 1 33.278 11.307 32.179 10.556
235 0 1 33.235 11.318 32.135 10.567
236 0 1 33.191 11.307 32.092 10.556
237 0 1 33.169 11.297 32.070 10.546
238 0 1 33.148 11.286 32.048 10.535
239 0 1 33.083 11.297 31.983 10.546
240 0 1 33.061 11.286 31.961 10.535
241 0 1 32.996 11.276 31.896 10.525
242 0 1 32.843 11.158 31.809 10.493
243 0 1 32.865 11.190 31.777 10.450
244 0 1 32.832 11.190 31.744 10.450
245 0 1 32.778 11.191 31.690 10.450
246 0 1 32.767 11.191 31.679 10.450
247 0 1 32.735 11.191 31.646 10.451
248 0 1 32.702 11.191 31.614 10.451
249 0 1 32.648 11.191 31.559 10.451
250 0 1 32.615 11.192 31.527 10.451
251 0 1 32.561 11.192 31.473 10.452
252 0 1 32.507 11.192 31.418 10.452
253 0 1 32.453 11.193 31.364 10.452
254 0 1 32.420 11.193 31.332 10.452
255 0 1 32.366 11.193 31.277 10.453
256 0 1 32.333 11.193 31.245 10.453
257 0 1 32.279 11.194 31.190 10.453
258 0 1 32.225 11.216 31.136 10.475
259 0 1 32.149 11.238 31.060 10.497
260 0 1 32.116 11.238 31.028 10.497
261 0 1 32.084 11.238 30.995 10.498
262 0 1 32.051 11.238 30.963 10.498
263 0 1 32.019 11.238 30.930 10.498
264 0 1 31.986 11.217 30.897 10.477
265 0 1 31.932 11.239 30.843 10.498
266 0 1 31.899 11.218 30.811 10.477
267 0 1 31.845 11.218 30.756 10.477
268 0 1 31.812 11.218 30.724 10.478
269 0 1 31.758 11.218 30.669 10.478
270 0 1 31.725 11.219 30.637 10.478
271 0 1 31.671 11.219 30.582 10.478
272 0 1 31.638 11.197 30.550 10.457
273 0 1 31.584 11.176 30.495 10.436
274 0 1 31.530 11.176 30.441 10.436
275 0 1 31.497 11.177 30.409 10.436
276 0 1 31.464 11.155 30.376 10.415
277 0 1 31.410 11.134 30.322 10.393
278 0 1 31.399 11.155 30.311 10.415
279 0 1 31.367 11.134 30.278 10.393
280 0 1 31.334 11.134 30.246 10.394
281 0 1 31.280 11.135 30.191 10.394
282 0 1 31.247 11.135 30.159 10.394
283 0 1 31.193 11.135 30.104 10.394
284 0 1 31.138 11.114 30.050 10.373
285 0 1 31.084 11.092 29.996 10.352
286 0 1 31.052 11.114 29.963 10.374
287 0 1 30.997 11.093 29.909 10.352
288 0 1 30.965 11.115 29.876 10.374
290 0 1 30.954 11.104 29.865 10.363
291 0 1 30.899 11.104 29.811 10.364
292 0 1 30.845 11.105 29.757 10.364
293 0 1 30.791 11.105 29.702 10.364
294 0 1 30.737 11.105 29.648 10.365
295 0 1 30.704 11.127 29.616 10.386
297 0 1 30.693 11.116 29.605 10.376
298 0 1 30.661 11.116 29.572 10.376
299 0 1 30.628 11.117 29.539 10.376
300 0 1 30.595 11.095 29.507 10.355
301 0 1 30.541 11.117 29.453 10.377
302 0 1 30.508 11.096 29.420 10.355
303 0 1 30.454 11.096 29.366 10.355
304 0 1 30.421 11.096 29.333 10.356
305 0 1 30.367 11.097 29.279 10.356
306 0 1 30.335 11.097 29.246 10.356
307 0 1 30.280 11.097 29.192 10.356
308 0 1 30.226 11.097 29.137 10.357
309 0 1 30.172 11.098 29.083 10.357
310 0 1 30.117 11.076 29.029 10.336
311 0 1 30.063 11.055 28.974 10.314
312 0 1 30.030 11.055 28.942 10.314
313 0 1 29.998 11.034 28.909 10.293
314 0 1 29.965 11.012 28.876 10.272
315 0 1 29.932 11.012 28.844 10.272
316 0 1 29.900 10.991 28.811 10.250
317 0 1 29.867 10.969 28.779 10.229
318 0 1 29.834 10.970 28.746 10.229
319 0 1 29.802 10.970 28.713 10.229
320 0 1 29.769 10.970 28.681 10.229
321 0 1 29.715 10.949 28.626 10.208
322 0 1 29.682 10.927 28.594 10.187
323 0 1 29.628 10.949 28.539 10.209
324 0 1 29.574 10.950 28.485 10.209
325 0 1 29.519 10.950 28.431 10.209
326 0 1 29.465 10.950 28.376 10.209
327 0 1 29.389 10.951 28.300 10.210
328 0 1 29.356 10.972 28.268 10.232
329 0 1 29.280 11.016 28.192 10.275
330 0 1 29.248 11.038 28.159 10.297
331 0 1 29.215 11.017 28.127 10.276
332 0 1 29.182 11.017 28.094 10.276
333 0 1 29.128 11.017 28.040 10.276
334 0 1 29.095 11.017 28.007 10.276
335 0 1 29.063 11.017 27.974 10.277
336 0 1 29.030 10.996 27.942 10.255
337 0 1 28.976 10.975 27.887 10.234
338 0 1 28.943 10.997 27.855 10.256
339 0 1 28.889 10.975 27.800 10.234
340 0 1 28.834 10.975 27.746 10.235
341 0 1 28.780 10.976 27.692 10.235
342 0 1 28.747 10.976 27.659 10.235
343 0 1 28.671 10.955 27.583 10.214
344 0 1 28.639 10.933 27.550 10.192
345 0 1 28.606 10.912 27.518 10.171
346 0 1 28.573 10.869 27.485 10.128
347 0 1 28.541 10.847 27.452 10.106
348 0 1 28.508 10.847 27.420 10.107
349 0 1 28.475 10.826 27.387 10.085
350 0 1 28.443 10.804 27.354 10.064
351 0 1 28.410 10.805 27.322 10.064
352 0 1 28.377 10.805 27.289 10.064
353 0 1 28.345 10.783 27.256 10.043
354 0 1 28.312 10.762 27.224 10.021
355 0 1 28.258 10.762 27.169 10.021
356 0 1 28.225 10.762 27.137 10.022
357 0 1 28.171 10.741 27.082 10.000
358 0 1 28.138 10.720 27.050 9.979
359 0 1 28.062 10.742 26.974 10.001
360 0 1 28.029 10.742 26.941 10.001
361 0 1 27.953 10.764 26.865 10.023
362 0 1 27.921 10.807 26.832 10.067
363 0 1 27.866 10.829 26.778 10.088
364 0 1 27.834 10.808 26.745 10.067
365 0 1 27.801 10.808 26.713 10.067
366 0 1 27.790 10.808 26.702 10.067
367 0 1 27.736 10.809 26.647 10.068
368 0 1 27.725 10.809 26.637 10.068
369 0 1 27.671 10.809 26.582 10.068
370 0 1 27.638 10.809 26.550 10.068
371 0 1 27.605 10.809 26.517 10.068
372 0 1 27.573 10.809 26.484 10.068
373 0 1 27.518 10.810 26.430 10.069
374 0 1 27.464 10.810 26.376 10.069
375 0 1 27.410 10.810 26.321 10.069
376 0 1 27.355 10.811 26.267 10.070
377 0 1 27.301 10.789 26.212 10.048
378 0 1 27.268 10.746 26.180 10.005
379 0 1 27.235 10.703 26.147 9.962
380 0 1 27.225 10.681 26.136 9.941
381 0 1 27.170 10.682 26.082 9.941
382 0 1 27.159 10.682 26.071 9.941
383 0 1 27.127 10.682 26.038 9.941
384 0 1 27.116 10.682 26.027 9.941
385 0 1 27.083 10.661 25.995 9.920
386 0 1 27.050 10.639 25.962 9.898
387 0 1 27.018 10.661 25.929 9.920
388 0 1 27.007 10.639 25.919 9.898
389 0 1 26.953 10.640 25.864 9.899
390 0 1 26.920 10.640 25.832 9.899
391 0 1 26.865 10.640 25.777 9.899
392 0 1 26.833 10.640 25.745 9.899
393 0 1 26.778 10.619 25.690 9.878
394 0 1 26.746 10.619 25.658 9.878
395 0 1 26.670 10.620 25.581 9.879
396 0 1 26.637 10.642 25.549 9.900
397 0 1 26.583 10.685 25.494 9.944
398 0 1 26.572 10.707 25.483 9.966
399 0 1 26.539 10.685 25.451 9.944
400 0 1 26.506 10.707 25.418 9.966
401 0 1 26.474 10.686 25.385 9.945
402 0 1 26.463 10.708 25.375 9.966
403 0 1 26.430 10.686 25.342 9.945
404 0 1 26.398 10.708 25.309 9.967
405 0 1 26.365 10.686 25.277 9.945
406 0 1 26.332 10.708 25.244 9.967
407 0 1 26.300 10.687 25.211 9.946
408 0 1 26.267 10.709 25.179 9.967
409 0 1 26.213 10.687 25.124 9.946
410 0 1 26.158 10.709 25.070 9.968
411 0 1 26.104 10.688 25.015 9.947
412 0 1 26.071 10.710 24.983 9.969
413 0 1 26.017 10.667 24.928 9.926
414 0 1 25.984 10.624 24.896 9.882
415 0 1 25.951 10.580 24.863 9.839
416 0 1 25.941 10.559 24.852 9.818
417 0 1 25.908 10.581 24.820 9.840
418 0 1 25.897 10.559 24.809 9.818
419 0 1 25.864 10.581 24.776 9.840
420 0 1 25.853 10.559 24.765 9.818
421 0 1 25.821 10.581 24.733 9.840
422 0 1 25.810 10.560 24.722 9.818
423 0 1 25.777 10.581 24.689 9.840
0 1 1 40.124 11.148 38.797 10.345
1 1 1 40.167 11.169 38.775 10.335
2 1 1 40.134 11.158 38.743 10.324
3 1 1 40.080 11.170 38.689 10.335
4 1 1 40.080 11.159 38.688 10.324
5 1 1 40.037 11.170 38.645 10.335
6 1 1 39.994 11.159 38.602 10.325
7 1 1 39.972 11.170 38.580 10.336
8 1 1 39.918 11.160 38.526 10.325
9 1 1 39.886 11.149 38.494 10.315
10 1 1 39.842 11.139 38.450 10.304
11 1 1 39.757 11.247 38.365 10.413
12 1 1 39.756 11.139 38.364 10.305
13 1 1 39.734 11.150 38.342 10.315
14 1 1 39.723 11.096 38.331 10.262
15 1 1 39.669 11.150 38.277 10.316
16 1 1 39.626 11.140 38.234 10.305
17 1 1 39.594 11.162 38.202 10.327
18 1 1 39.583 11.140 38.191 10.306
19 1 1 39.529 11.151 38.137 10.317
20 1 1 39.496 11.141 38.104 10.306
21 1 1 39.453 11.152 38.061 10.317
22 1 1 39.410 11.141 38.018 10.306
23 1 1 39.356 11.152 37.964 10.318
24 1 1 39.344 11.120 37.952 10.285
25 1 1 39.323 11.131 37.931 10.296
26 1 1 39.258 11.120 37.866 10.286
27 1 1 39.236 11.131 37.844 10.297
28 1 1 39.182 11.121 37.790 10.286
29 1 1 39.150 11.132 37.758 10.297
30 1 1 39.128 11.121 37.736 10.286
31 1 1 39.106 11.132 37.715 10.297
32 1 1 39.063 11.122 37.671 10.287
33 1 1 39.020 11.111 37.628 10.276
34 1 1 38.998 11.100 37.606 10.266
36 1 1 38.976 11.100 37.584 10.266
37 1 1 38.901 11.090 37.509 10.255
38 1 1 38.890 11.079 37.498 10.245
39 1 1 38.846 11.090 37.454 10.256
40 1 1 38.803 11.080 37.411 10.245
41 1 1 38.749 11.069 37.357 10.235
42 1 1 38.716 11.059 37.324 10.224
43 1 1 38.662 11.070 37.270 10.235
44 1 1 38.630 11.059 37.238 10.224
45 1 1 38.608 11.070 37.216 10.235
46 1 1 38.586 11.059 37.194 10.225
47 1 1 38.543 11.049 37.151 10.214
48 1 1 38.500 11.038 37.108 10.204
49 1 1 38.478 11.049 37.086 10.215
50 1 1 38.446 11.039 37.054 10.204
51 1 1 38.381 11.050 36.989 10.215
52 1 1 38.370 11.039 36.978 10.204
53 1 1 38.316 11.050 36.924 10.215
54 1 1 38.283 11.040 36.891 10.205
55 1 1 38.229 11.051 36.837 10.216
56 1 1 38.207 11.040 36.815 10.205
57 1 1 38.186 11.029 36.794 10.195
58 1 1 38.121 11.019 36.729 10.184
59 1 1 38.110 11.030 36.718 10.195
60 1 1 38.045 11.019 36.653 10.185
61 1 1 38.023 11.030 36.631 10.196
62 1 1 37.947 10.998 36.555 10.164
63 1 1 37.937 11.009 36.545 10.174
64 1 1 37.882 10.999 36.490 10.164
65 1 1 37.850 11.010 36.458 10.175
66 1 1 37.807 10.999 36.415 10.164
67 1 1 37.763 11.010 36.371 10.175
68 1 1 37.709 11.000 36.317 10.165
69 1 1 37.698 10.989 36.306 10.154
70 1 1 37.666 10.978 36.274 10.144
71 1 1 37.633 10.968 36.241 10.133
72 1 1 37.590 10.957 36.198 10.122
73 1 1 37.568 10.946 36.176 10.112
74 1 1 37.535 10.936 36.143 10.101
75 1 1 37.492 10.925 36.100 10.090
76 1 1 37.449 10.915 36.057 10.080
77 1 1 37.416 10.904 36.024 10.069
78 1 1 37.373 10.894 35.981 10.059
79 1 1 37.329 10.905 35.938 10.070
80 1 1 37.275 10.894 35.883 10.059
81 1 1 37.243 10.884 35.851 10.049
82 1 1 37.221 10.873 35.829 10.038
83 1 1 37.189 10.884 35.797 10.049
84 1 1 37.145 10.873 35.753 10.038
85 1 1 37.102 10.884 35.710 10.049
86 1 1 37.069 10.874 35.677 10.039
87 1 1 37.026 10.863 35.634 10.028
88 1 1 36.983 10.853 35.591 10.018
89 1 1 36.929 10.864 35.537 10.029
90 1 1 36.896 10.853 35.504 10.018
91 1 1 36.842 10.864 35.450 10.029
92 1 1 36.809 10.854 35.417 10.019
93 1 1 36.766 10.865 35.374 10.030
94 1 1 36.744 10.854 35.352 10.019
95 1 1 36.712 10.865 35.320 10.030
96 1 1 36.668 10.833 35.276 9.998
97 1 1 36.625 10.844 35.233 10.009
98 1 1 36.571 10.833 35.179 9.998
99 1 1 36.549 10.823 35.157 9.988
100 1 1 36.495 10.812 35.103 9.977
101 1 1 36.462 10.802 35.070 9.967
102 1 1 36.441 10.791 35.049 9.956
103 1 1 36.419 10.802 35.027 9.967
104 1 1 36.354 10.791 34.962 9.956
105 1 1 36.332 10.781 34.940 9.946
106 1 1 36.256 10.770 34.864 9.935
107 1 1 36.235 10.781 34.843 9.946
108 1 1 36.191 10.771 34.799 9.936
109 1 1 36.148 10.760 34.756 9.925
110 1 1 36.115 10.728 34.723 9.893
111 1 1 36.072 10.739 34.680 9.904
112 1 1 36.050 10.728 34.658 9.893
113 1 1 36.018 10.718 34.626 9.883
114 1 1 35.953 10.707 34.561 9.872
115 1 1 35.942 10.718 34.550 9.883
116 1 1 35.877 10.708 34.485 9.873
117 1 1 35.855 10.719 34.463 9.884
118 1 1 35.801 10.708 34.409 9.873
119 1 1 35.768 10.719 34.376 9.884
120 1 1 35.725 10.709 34.333 9.873
121 1 1 35.682 10.720 34.290 9.885
122 1 1 35.628 10.709 34.236 9.874
123 1 1 35.617 10.698 34.225 9.863
124 1 1 35.584 10.688 34.192 9.853
125 1 1 35.552 10.699 34.160 9.864
126 1 1 35.508 10.710 34.116 9.875
127 1 1 35.465 10.721 34.073 9.886
128 1 1 35.400 10.732 34.008 9.897
129 1 1 35.379 10.743 33.986 9.908
130 1 1 35.324 10.732 33.932 9.897
131 1 1 35.292 10.743 33.900 9.908
132 1 1 35.248 10.733 33.856 9.898
133 1 1 35.205 10.744 33.813 9.909
134 1 1 35.151 10.733 33.759 9.898
136 1 1 35.097 10.734 33.705 9.899
137 1 1 35.064 10.723 33.672 9.888
138 1 1 34.999 10.713 33.607 9.877
139 1 1 34.988 10.724 33.596 9.888
140 1 1 34.923 10.713 33.531 9.878
141 1 1 34.902 10.724 33.509 9.889
142 1 1 34.847 10.714 33.455 9.878
143 1 1 34.815 10.725 33.423 9.889
144 1 1 34.771 10.714 33.379 9.879
145 1 1 34.728 10.703 33.336 9.868
146 1 1 34.674 10.693 33.282 9.858
147 1 1 34.641 10.682 33.249 9.847
148 1 1 34.587 10.672 33.195 9.837
149 1 1 34.565 10.683 33.173 9.847
150 1 1 34.544 10.672 33.151 9.837
151 1 1 34.478 10.662 33.086 9.826
152 1 1 34.468 10.651 33.075 9.816
153 1 1 34.424 10.662 33.032 9.827
154 1 1 34.381 10.651 32.989 9.816
155 1 1 34.327 10.662 32.935 9.827
156 1 1 34.316 10.652 32.924 9.816
157 1 1 34.283 10.663 32.891 9.827
158 1 1 34.229 10.652 32.837 9.817
159 1 1 34.207 10.663 32.815 9.828
160 1 1 34.153 10.653 32.761 9.817
161 1 1 34.121 10.664 32.729 9.828
162 1 1 34.077 10.675 32.685 9.839
163 1 1 34.034 10.686 32.642 9.850
164 1 1 33.980 10.675 32.588 9.840
165 1 1 33.915 10.686 32.523 9.851
166 1 1 33.904 10.676 32.512 9.840
167 1 1 33.850 10.665 32.457 9.830
169 1 1 33.763 10.666 32.371 9.830
170 1 1 33.730 10.655 32.338 9.820
171 1 1 33.709 10.644 32.316 9.809
172 1 1 33.687 10.634 32.295 9.798
173 1 1 33.643 10.645 32.251 9.809
174 1 1 33.600 10.634 32.208 9.799
175 1 1 33.578 10.645 32.186 9.810
176 1 1 33.546 10.634 32.154 9.799
177 1 1 33.524 10.624 32.132 9.788
178 1 1 33.502 10.613 32.110 9.778
179 1 1 33.470 10.624 32.078 9.789
180 1 1 33.426 10.635 32.034 9.800
182 1 1 33.416 10.624 32.023 9.789
183 1 1 33.383 10.635 31.991 9.800
229 1 1 31.549 10.559 30.233 9.712
230 1 1 31.527 10.559 30.211 9.713
231 1 1 31.484 10.560 30.168 9.713
232 1 1 31.440 10.560 30.124 9.713
233 1 1 31.419 10.560 30.102 9.713
234 1 1 31.375 10.560 30.059 9.713
235 1 1 31.332 10.561 30.016 9.714
236 1 1 31.289 10.561 29.972 9.714
237 1 1 31.245 10.583 29.929 9.736
238 1 1 31.223 10.583 29.907 9.736
239 1 1 31.180 10.583 29.864 9.736
240 1 1 31.137 10.583 29.820 9.736
241 1 1 31.115 10.562 29.798 9.715
242 1 1 31.071 10.584 29.755 9.737
243 1 1 30.832 10.369 29.527 9.597
244 1 1 30.832 10.380 29.527 9.587
245 1 1 30.799 10.369 29.494 9.576
246 1 1 30.767 10.380 29.461 9.587
247 1 1 30.734 10.369 29.429 9.576
248 1 1 30.702 10.380 29.396 9.587
249 1 1 30.647 10.391 29.342 9.598
250 1 1 30.615 10.402 29.309 9.609
251 1 1 30.560 10.392 29.255 9.599
252 1 1 30.528 10.403 29.223 9.610
253 1 1 30.474 10.392 29.168 9.599
254 1 1 30.441 10.403 29.136 9.610
255 1 1 30.387 10.414 29.081 9.621
256 1 1 30.354 10.425 29.049 9.632
257 1 1 30.300 10.437 28.995 9.644
258 1 1 30.267 10.448 28.962 9.654
259 1 1 30.235 10.437 28.929 9.644
260 1 1 30.202 10.448 28.897 9.655
261 1 1 30.148 10.437 28.843 9.644
262 1 1 30.115 10.448 28.810 9.655
263 1 1 30.061 10.438 28.756 9.645
264 1 1 30.028 10.449 28.723 9.656
265 1 1 29.996 10.438 28.690 9.645
266 1 1 29.963 10.449 28.658 9.656
267 1 1 29.909 10.352 28.604 9.743
268 1 1 29.876 10.363 28.571 9.754
269 1 1 29.822 10.353 28.517 9.743
270 1 1 29.789 10.364 28.484 9.754
271 1 1 29.735 10.375 28.430 9.766
272 1 1 29.702 10.386 28.397 9.777
273 1 1 29.648 10.375 28.343 9.766
274 1 1 29.616 10.386 28.310 9.777
275 1 1 29.561 10.376 28.256 9.767
276 1 1 29.550 10.365 28.245 9.756
277 1 1 29.496 10.355 28.191 9.745
278 1 1 29.463 10.366 28.158 9.756
279 1 1 29.431 10.355 28.126 9.746
280 1 1 29.398 10.366 28.093 9.757
281 1 1 29.344 10.355 28.039 9.746
282 1 1 29.311 10.366 28.006 9.757
283 1 1 29.257 10.356 27.952 9.747
284 1 1 29.246 10.367 27.941 9.757
285 1 1 29.192 10.356 27.887 9.747
286 1 1 29.159 10.367 27.854 9.758
287 1 1 29.105 10.378 27.800 9.769
288 1 1 29.072 10.389 27.767 9.780
290 1 1 29.007 10.390 27.702 9.780
291 1 1 28.953 10.401 27.648 9.792
292 1 1 28.920 10.412 27.615 9.802
293 1 1 28.866 10.401 27.561 9.792
294 1 1 28.833 10.434 27.528 9.825
295 1 1 28.801 10.423 27.495 9.814
297 1 1 28.714 10.424 27.408 9.814
298 1 1 28.681 10.435 27.376 9.825
299 1 1 28.649 10.424 27.343 9.815
300 1 1 28.616 10.435 27.311 9.826
301 1 1 28.562 10.425 27.256 9.815
302 1 1 28.529 10.414 27.224 9.805
303 1 1 28.496 10.404 27.191 9.794
304 1 1 28.464 10.415 27.158 9.805
305 1 1 28.409 10.404 27.104 9.794
306 1 1 28.377 10.415 27.071 9.805
307 1 1 28.322 10.405 27.017 9.795
308 1 1 28.290 10.416 26.984 9.806
309 1 1 28.312 10.415 27.126 9.675
310 1 1 28.355 10.361 27.071 9.741
311 1 1 28.322 10.350 27.039 9.730
312 1 1 28.268 10.340 26.984 9.719
313 1 1 28.235 10.329 26.952 9.709
314 1 1 28.203 10.297 26.919 9.677
315 1 1 28.170 10.286 26.886 9.666
316 1 1 28.137 10.276 26.854 9.655
317 1 1 28.105 10.287 26.821 9.666
318 1 1 27.844 10.386 26.756 9.591
319 1 1 27.931 10.299 26.669 9.667
320 1 1 27.898 10.299 26.636 9.667
321 1 1 27.844 10.299 26.582 9.668
322 1 1 27.811 10.299 26.549 9.668
323 1 1 27.757 10.299 26.495 9.668
324 1 1 27.724 10.300 26.462 9.668
325 1 1 27.670 10.300 26.408 9.668
326 1 1 27.659 10.300 26.397 9.669
327 1 1 27.605 10.322 26.343 9.690
328 1 1 27.572 10.301 26.310 9.669
329 1 1 27.518 10.322 26.256 9.691
330 1 1 27.485 10.323 26.223 9.691
331 1 1 27.453 10.344 26.191 9.713
332 1 1 27.420 10.366 26.158 9.735
333 1 1 27.366 10.367 26.103 9.735
334 1 1 27.355 10.345 26.093 9.714
335 1 1 27.300 10.367 26.038 9.735
336 1 1 27.268 10.346 26.006 9.714
337 1 1 27.235 10.367 25.973 9.736
338 1 1 27.202 10.346 25.940 9.714
339 1 1 27.148 10.368 25.886 9.736
340 1 1 27.115 10.346 25.853 9.715
341 1 1 27.061 10.347 25.799 9.715
342 1 1 27.028 10.347 25.766 9.715
343 1 1 26.974 10.347 25.712 9.716
344 1 1 26.941 10.347 25.679 9.716
345 1 1 26.909 10.348 25.647 9.716
346 1 1 26.876 10.348 25.614 9.716
347 1 1 26.822 10.326 25.560 9.695
348 1 1 26.789 10.305 25.527 9.673
349 1 1 26.735 10.305 25.473 9.674
350 1 1 26.724 10.305 25.462 9.674
351 1 1 26.669 10.306 25.407 9.674
352 1 1 26.659 10.284 25.396 9.652
353 1 1 26.604 10.263 25.342 9.631
354 1 1 26.430 10.339 25.375 9.739
355 1 1 26.528 10.339 25.288 9.718
356 1 1 26.495 10.328 25.255 9.707
357 1 1 26.441 10.339 25.201 9.718
358 1 1 26.408 10.329 25.168 9.708
359 1 1 26.376 10.340 25.135 9.719
360 1 1 26.343 10.329 25.103 9.708
361 1 1 26.289 10.340 25.048 9.719
362 1 1 26.256 10.330 25.016 9.709
363 1 1 26.202 10.341 24.961 9.720
364 1 1 26.169 10.352 24.928 9.731
365 1 1 26.136 10.363 24.896 9.742
366 1 1 26.104 10.352 24.863 9.731
367 1 1 26.049 10.385 24.809 9.764
368 1 1 26.017 10.396 24.776 9.775
369 1 1 25.984 10.407 24.743 9.786
370 1 1 25.951 10.396 24.711 9.775
371 1 1 25.734 10.333 24.700 9.635
372 1 1 25.832 10.299 24.613 9.678
373 1 1 25.799 10.289 24.580 9.668
374 1 1 25.788 10.300 24.569 9.679
375 1 1 25.734 10.289 24.515 9.668
376 1 1 25.723 10.278 24.504 9.657
377 1 1 25.668 10.268 24.450 9.647
378 1 1 25.636 10.257 24.417 9.636
379 1 1 25.603 10.247 24.384 9.625
380 1 1 25.570 10.258 24.352 9.636
381 1 1 25.516 10.247 24.297 9.626
382 1 1 25.505 10.236 24.286 9.615
383 1 1 25.472 10.226 24.254 9.605
384 1 1 25.440 10.237 24.221 9.616
385 1 1 25.407 10.226 24.188 9.605
386 1 1 25.396 10.237 24.178 9.616
387 1 1 25.364 10.226 24.145 9.605
388 1 1 25.353 10.216 24.134 9.594
389 1 1 25.320 10.205 24.101 9.584
390 1 1 25.309 10.194 24.090 9.573
391 1 1 25.277 10.183 24.058 9.562
392 1 1 25.244 10.173 24.025 9.552
393 1 1 25.211 10.162 23.993 9.541
394 1 1 25.200 10.173 23.982 9.552
395 1 1 25.146 10.141 23.927 9.520
396 1 1 25.135 10.152 23.916 9.531
397 1 1 25.102 10.119 23.884 9.498
398 1 1 25.070 10.131 23.851 9.509
399 1 1 25.037 10.120 23.818 9.499
400 1 1 25.004 10.109 23.786 9.488
401 1 1 24.972 10.099 23.753 9.477
402 1 1 24.961 10.088 23.742 9.467
403 1 1 24.928 10.077 23.710 9.456
404 1 1 24.917 10.088 23.699 9.467
405 1 1 24.885 10.077 23.666 9.456
406 1 1 24.874 10.088 23.655 9.467
407 1 1 24.841 10.078 23.622 9.456
408 1 1 24.852 10.088 23.633 9.467
409 1 1 24.819 10.078 23.601 9.457
410 1 1 24.830 10.089 23.612 9.467
411 1 1 24.819 10.078 23.601 9.457
412 1 1 24.809 10.089 23.590 9.467
413 1 1 24.798 10.078 23.579 9.457
414 1 1 24.787 10.089 23.568 9.468
415 1 1 24.776 10.100 23.557 9.478
416 1 1 24.765 10.111 23.546 9.489
417 1 1 24.754 10.100 23.535 9.479
418 1 1 24.743 10.111 23.524 9.489
419 1 1 24.732 10.100 23.514 9.479
420 1 1 24.721 10.111 23.503 9.490
421 1 1 24.711 10.100 23.492 9.479
422 1 1 24.700 10.111 23.481 9.490
423 1 1 24.667 10.100 23.448 9.479
35 1 1 38.987 11.111 37.595 10.276
135 1 1 35.108 10.744 33.716 9.909
168 1 1 33.806 10.655 32.414 9.819
289 1 1 29.040 10.379 27.734 9.769
296 1 1 28.768 10.434 27.463 9.825
0 2 1 40.760 12.074 39.509 11.389
1 2 1 40.792 12.095 39.487 11.378
2 2 1 40.759 12.052 39.456 11.454
3 2 1 40.640 12.020 39.433 11.336
4 2 1 40.640 12.010 39.433 11.346
5 2 1 40.630 12.042 39.422 11.379
6 2 1 40.597 12.031 39.390 11.368
7 2 1 40.554 12.021 39.347 11.358
8 2 1 40.532 12.043 39.325 11.379
9 2 1 40.510 12.021 39.303 11.358
10 2 1 40.467 12.032 39.260 11.369
11 2 1 40.446 12.032 39.238 11.369
12 2 1 40.424 12.032 39.217 11.369
13 2 1 40.359 12.044 39.152 11.380
14 2 1 40.337 12.044 39.130 11.381
15 2 1 40.273 12.044 39.065 11.381
16 2 1 40.251 12.055 39.044 11.392
17 2 1 40.197 12.023 38.989 11.360
18 2 1 40.164 12.056 38.957 11.392
19 2 1 40.121 12.045 38.914 11.382
20 2 1 40.078 12.045 38.871 11.382
21 2 1 40.034 12.046 38.827 11.382
22 2 1 40.013 12.057 38.806 11.393
23 2 1 39.991 12.046 38.784 11.383
24 2 1 39.948 12.057 38.741 11.394
25 2 1 39.904 12.025 38.697 11.361
26 2 1 39.883 12.014 38.675 11.351
27 2 1 39.861 12.003 38.654 11.340
28 2 1 39.818 11.993 38.610 11.330
29 2 1 39.774 11.961 38.567 11.297
30 2 1 39.752 11.972 38.545 11.308
31 2 1 39.730 11.939 38.523 11.276
32 2 1 39.687 11.929 38.480 11.265
33 2 1 39.644 11.918 38.437 11.255
34 2 1 39.622 11.929 38.415 11.266
36 2 1 39.535 11.908 38.328 11.245
37 2 1 39.514 11.897 38.306 11.234
38 2 1 39.449 11.909 38.242 11.245
39 2 1 39.427 11.876 38.220 11.213
40 2 1 39.362 11.887 38.155 11.224
41 2 1 39.287 11.942 38.090 11.192
42 2 1 39.286 11.910 38.090 11.225
43 2 1 39.254 11.899 38.057 11.214
44 2 1 39.221 11.888 38.025 11.203
45 2 1 39.189 11.921 37.993 11.236
46 2 1 39.157 11.910 37.960 11.225
47 2 1 39.124 11.921 37.928 11.236
48 2 1 39.092 11.932 37.895 11.247
49 2 1 39.038 11.965 37.841 11.280
50 2 1 39.027 11.954 37.830 11.269
51 2 1 38.973 11.966 37.776 11.280
52 2 1 38.941 11.977 37.744 11.291
53 2 1 38.887 11.988 37.690 11.303
54 2 1 38.854 11.977 37.657 11.292
55 2 1 38.800 11.988 37.603 11.303
56 2 1 38.767 11.978 37.571 11.292
57 2 1 38.713 11.989 37.517 11.304
58 2 1 38.681 11.978 37.484 11.293
59 2 1 38.627 11.989 37.430 11.304
60 2 1 38.594 11.979 37.397 11.293
61 2 1 38.540 11.990 37.343 11.305
62 2 1 38.507 11.979 37.311 11.294
63 2 1 38.475 11.990 37.278 11.305
64 2 1 38.442 11.980 37.246 11.294
65 2 1 38.410 11.969 37.213 11.284
66 2 1 38.377 11.937 37.180 11.251
67 2 1 38.345 11.948 37.148 11.262
68 2 1 38.312 11.915 37.115 11.230
69 2 1 38.258 11.905 37.061 11.220
70 2 1 38.225 11.894 37.028 11.209
71 2 1 38.171 11.905 36.974 11.220
72 2 1 38.139 11.895 36.942 11.210
73 2 1 38.084 11.906 36.888 11.221
74 2 1 38.052 11.895 36.855 11.210
75 2 1 37.998 11.906 36.801 11.221
76 2 1 37.965 11.896 36.769 11.211
77 2 1 37.890 11.907 36.693 11.222
78 2 1 37.857 11.897 36.660 11.211
79 2 1 37.803 11.908 36.606 11.222
80 2 1 37.770 11.897 36.574 11.212
81 2 1 37.716 11.908 36.519 11.223
82 2 1 37.684 11.898 36.487 11.212
83 2 1 37.651 11.909 36.454 11.223
84 2 1 37.619 11.898 36.422 11.213
85 2 1 37.565 11.909 36.368 11.224
86 2 1 37.554 11.920 36.357 11.235
87 2 1 37.500 11.931 36.303 11.246
88 2 1 37.467 11.942 36.270 11.257
89 2 1 37.413 11.975 36.217 11.290
90 2 1 37.381 11.964 36.184 11.279
91 2 1 37.327 11.975 36.130 11.290
92 2 1 37.272 11.965 36.076 11.280
93 2 1 37.218 11.976 36.021 11.291
94 2 1 37.186 11.966 35.989 11.280
95 2 1 37.131 11.955 35.935 11.270
96 2 1 37.099 11.944 35.902 11.259
97 2 1 37.045 11.956 35.848 11.270
98 2 1 37.012 11.945 35.815 11.259
99 2 1 36.958 11.956 35.761 11.271
100 2 1 36.926 11.945 35.729 11.260
101 2 1 36.871 11.957 35.675 11.271
102 2 1 36.839 11.946 35.642 11.261
103 2 1 36.785 11.935 35.588 11.250
104 2 1 36.774 11.925 35.577 11.239
105 2 1 36.741 11.914 35.544 11.229
106 2 1 36.730 11.882 35.533 11.196
107 2 1 36.676 11.871 35.479 11.186
108 2 1 36.643 11.839 35.446 11.153
109 2 1 36.589 11.828 35.392 11.143
110 2 1 36.556 11.818 35.359 11.132
111 2 1 36.502 11.807 35.305 11.122
112 2 1 36.469 11.797 35.272 11.111
113 2 1 36.415 11.808 35.218 11.122
114 2 1 36.383 11.797 35.186 11.112
115 2 1 36.328 11.787 35.131 11.101
116 2 1 36.296 11.776 35.099 11.091
117 2 1 36.242 11.787 35.045 11.102
118 2 1 36.209 11.777 35.012 11.091
119 2 1 36.155 11.766 34.958 11.081
120 2 1 36.144 11.755 34.947 11.070
121 2 1 36.090 11.766 34.893 11.081
122 2 1 36.057 11.756 34.860 11.070
123 2 1 36.025 11.788 34.828 11.103
124 2 1 36.014 11.799 34.817 11.114
125 2 1 35.960 11.832 34.763 11.147
126 2 1 35.949 11.865 34.752 11.179
127 2 1 35.895 11.898 34.698 11.212
128 2 1 35.863 11.909 34.666 11.223
129 2 1 35.809 11.920 34.612 11.234
130 2 1 35.798 11.931 34.601 11.245
131 2 1 35.766 11.942 34.569 11.256
132 2 1 35.733 11.953 34.536 11.267
133 2 1 35.679 11.964 34.482 11.278
134 2 1 35.647 11.975 34.449 11.289
136 2 1 35.581 11.975 34.384 11.290
137 2 1 35.527 11.986 34.330 11.301
138 2 1 35.517 11.997 34.319 11.312
139 2 1 35.462 11.987 34.265 11.301
140 2 1 35.430 11.976 34.233 11.290
141 2 1 35.397 11.965 34.200 11.280
142 2 1 35.386 11.933 34.189 11.247
143 2 1 35.332 11.944 34.135 11.259
144 2 1 35.299 11.912 34.102 11.226
145 2 1 35.223 11.902 34.026 11.216
146 2 1 35.169 11.869 33.972 11.184
147 2 1 35.115 11.881 33.917 11.195
148 2 1 35.082 11.870 33.885 11.184
149 2 1 35.028 11.859 33.831 11.174
150 2 1 34.995 11.849 33.798 11.163
151 2 1 34.941 11.860 33.744 11.174
152 2 1 34.908 11.849 33.711 11.164
153 2 1 34.854 11.860 33.657 11.175
154 2 1 34.821 11.850 33.624 11.164
155 2 1 34.789 11.839 33.592 11.154
156 2 1 34.756 11.829 33.559 11.143
157 2 1 34.702 11.840 33.505 11.154
158 2 1 34.670 11.829 33.472 11.143
159 2 1 34.637 11.840 33.440 11.154
160 2 1 34.626 11.851 33.429 11.165
161 2 1 34.594 11.905 33.397 11.220
162 2 1 34.562 11.916 33.364 11.231
163 2 1 34.507 11.928 33.310 11.242
164 2 1 34.453 11.917 33.256 11.231
165 2 1 34.399 11.928 33.202 11.242
166 2 1 34.366 11.939 33.169 11.253
167 2 1 34.334 11.950 33.137 11.264
169 2 1 34.247 11.951 33.050 11.265
170 2 1 34.214 11.940 33.017 11.254
171 2 1 34.160 11.951 32.963 11.265
172 2 1 34.128 11.941 32.930 11.255
173 2 1 34.073 11.952 32.876 11.266
174 2 1 34.041 11.941 32.844 11.255
175 2 1 34.008 11.952 32.811 11.266
176 2 1 33.976 11.942 32.778 11.256
177 2 1 33.922 11.953 32.724 11.267
178 2 1 33.911 11.942 32.713 11.256
179 2 1 33.856 11.931 32.659 11.246
180 2 1 33.824 11.921 32.626 11.235
181 2 1 33.791 11.932 32.594 11.246
182 2 1 33.759 11.921 32.561 11.235
183 2 1 33.704 11.911 32.507 11.225
184 2 1 33.672 11.922 32.474 11.236
185 2 1 33.639 11.933 32.442 11.247
186 2 1 33.607 11.922 32.409 11.236
187 2 1 33.552 11.933 32.355 11.247
188 2 1 33.520 11.944 32.323 11.258
189 2 1 33.487 11.955 32.290 11.269
190 2 1 33.455 11.945 32.257 11.259
191 2 1 33.401 11.956 32.203 11.270
192 2 1 33.368 11.945 32.171 11.259
193 2 1 33.314 11.956 32.116 11.270
194 2 1 33.281 11.946 32.084 11.260
195 2 1 33.227 11.957 32.030 11.271
196 2 1 33.194 11.946 31.997 11.260
197 2 1 33.140 11.957 31.943 11.271
198 2 1 33.108 11.968 31.910 11.282
199 2 1 33.075 11.980 31.878 11.293
200 2 1 33.042 11.991 31.845 11.304
201 2 1 32.988 12.002 31.791 11.316
202 2 1 32.956 12.013 31.758 11.327
203 2 1 32.901 12.024 31.704 11.338
204 2 1 32.869 12.013 31.671 11.327
205 2 1 32.836 12.024 31.639 11.338
206 2 1 32.804 12.014 31.606 11.328
207 2 1 32.749 12.025 31.552 11.339
208 2 1 32.695 12.014 31.498 11.328
209 2 1 32.641 12.025 31.443 11.339
210 2 1 32.608 12.037 31.411 11.350
211 2 1 32.554 12.048 31.357 11.361
212 2 1 32.500 12.037 31.302 11.351
213 2 1 32.445 12.048 31.248 11.362
214 2 1 32.413 12.038 31.215 11.351
215 2 1 32.359 12.049 31.161 11.363
216 2 1 32.326 12.038 31.128 11.352
217 2 1 32.272 12.049 31.074 11.363
218 2 1 32.261 12.039 31.063 11.352
219 2 1 32.207 12.050 31.009 11.364
220 2 1 32.174 12.039 30.976 11.353
221 2 1 32.120 12.050 30.922 11.364
222 2 1 32.087 12.061 30.890 11.375
223 2 1 32.033 12.073 30.835 11.386
224 2 1 32.000 12.084 30.803 11.397
225 2 1 31.946 12.095 30.748 11.408
226 2 1 31.892 12.084 30.694 11.398
227 2 1 31.837 12.095 30.640 11.409
228 2 1 31.805 12.085 30.607 11.398
229 2 1 31.750 12.096 30.553 11.410
230 2 1 31.696 12.085 30.498 11.399
231 2 1 31.642 12.097 30.444 11.410
232 2 1 31.609 12.086 30.412 11.400
233 2 1 31.555 12.097 30.357 11.411
234 2 1 31.522 12.086 30.325 11.400
235 2 1 31.468 12.098 30.270 11.411
236 2 1 31.435 12.109 30.238 11.422
237 2 1 31.381 12.120 30.183 11.433
238 2 1 31.348 12.109 30.151 11.423
239 2 1 31.316 12.120 30.118 11.434
240 2 1 31.283 12.131 30.086 11.445
241 2 1 31.229 12.142 30.031 11.456
242 2 1 31.196 12.132 29.999 11.445
243 2 1 31.142 12.143 29.944 11.456
244 2 1 31.109 12.132 29.912 11.446
245 2 1 31.055 12.143 29.857 11.457
246 2 1 31.001 12.133 29.803 11.446
247 2 1 30.947 12.144 29.749 11.458
248 2 1 30.914 12.155 29.716 11.469
249 2 1 30.838 12.166 29.640 11.480
250 2 1 30.805 12.156 29.607 11.469
251 2 1 30.751 12.167 29.553 11.480
252 2 1 30.718 12.178 29.521 11.491
254 2 1 30.707 12.167 29.510 11.481
255 2 1 30.675 12.157 29.477 11.470
256 2 1 30.642 12.168 29.444 11.481
257 2 1 30.610 12.157 29.412 11.470
258 2 1 30.577 12.168 29.379 11.481
259 2 1 30.544 12.157 29.347 11.471
260 2 1 30.490 12.169 29.292 11.482
261 2 1 30.457 12.158 29.260 11.471
262 2 1 30.403 12.169 29.205 11.483
263 2 1 30.349 12.159 29.151 11.472
264 2 1 30.294 12.170 29.096 11.483
265 2 1 30.262 12.159 29.064 11.473
266 2 1 30.207 12.170 29.009 11.484
267 2 1 30.153 12.138 28.955 11.451
268 2 1 30.099 12.149 28.901 11.463
269 2 1 30.066 12.139 28.868 11.452
270 2 1 30.012 12.150 28.814 11.463
271 2 1 29.979 12.139 28.781 11.453
272 2 1 29.925 12.129 28.727 11.442
273 2 1 29.892 12.096 28.694 11.410
274 2 1 29.859 12.107 28.661 11.421
275 2 1 29.827 12.097 28.629 11.410
276 2 1 29.794 12.086 28.596 11.399
277 2 1 29.761 12.075 28.563 11.389
278 2 1 29.707 12.087 28.509 11.400
279 2 1 29.674 12.076 28.476 11.389
280 2 1 29.620 12.065 28.422 11.379
281 2 1 29.587 12.055 28.389 11.368
282 2 1 29.533 12.066 28.335 11.379
283 2 1 29.500 12.055 28.302 11.369
284 2 1 29.424 12.067 28.226 11.380
285 2 1 29.392 12.078 28.194 11.391
286 2 1 29.337 12.089 28.139 11.402
287 2 1 29.305 12.100 28.107 11.413
288 2 1 29.250 12.111 28.052 11.424
290 2 1 29.163 12.177 27.965 11.490
291 2 1 29.152 12.188 27.954 11.501
292 2 1 29.098 12.199 27.900 11.512
293 2 1 29.087 12.188 27.889 11.501
294 2 1 29.033 12.199 27.835 11.512
295 2 1 29.022 12.188 27.824 11.502
297 2 1 28.935 12.189 27.737 11.502
298 2 1 28.902 12.200 27.704 11.513
299 2 1 28.870 12.189 27.672 11.502
300 2 1 28.815 12.200 27.617 11.514
301 2 1 28.783 12.190 27.585 11.503
302 2 1 28.706 12.201 27.508 11.514
303 2 1 28.674 12.190 27.476 11.504
304 2 1 28.619 12.202 27.421 11.515
305 2 1 28.587 12.169 27.389 11.482
306 2 1 28.532 12.180 27.334 11.494
307 2 1 28.500 12.148 27.302 11.461
308 2 1 28.445 12.138 27.247 11.451
309 2 1 28.412 12.084 27.214 11.397
310 2 1 28.380 12.095 27.182 11.408
311 2 1 28.347 12.084 27.149 11.397
312 2 1 28.314 12.095 27.116 11.408
313 2 1 28.282 12.084 27.084 11.397
314 2 1 28.249 12.074 27.051 11.387
315 2 1 28.216 12.063 27.018 11.376
316 2 1 28.184 12.074 26.986 11.387
317 2 1 28.151 12.063 26.953 11.377
318 2 1 28.097 12.075 26.899 11.388
319 2 1 28.064 12.064 26.866 11.377
320 2 1 28.010 12.075 26.812 11.388
321 2 1 27.977 12.065 26.779 11.378
322 2 1 27.923 12.076 26.725 11.389
323 2 1 27.868 12.065 26.670 11.378
324 2 1 27.814 12.076 26.616 11.389
325 2 1 27.781 12.066 26.583 11.379
326 2 1 27.727 12.077 26.529 11.390
327 2 1 27.694 12.088 26.496 11.401
328 2 1 27.640 12.143 26.442 11.455
329 2 1 27.629 12.153 26.431 11.466
330 2 1 27.596 12.164 26.398 11.477
331 2 1 27.564 12.154 26.365 11.467
332 2 1 27.531 12.165 26.333 11.478
333 2 1 27.498 12.154 26.300 11.467
334 2 1 27.466 12.165 26.267 11.478
335 2 1 27.433 12.155 26.235 11.468
336 2 1 27.378 12.166 26.180 11.479
337 2 1 27.346 12.155 26.148 11.468
338 2 1 27.291 12.166 26.093 11.479
339 2 1 27.259 12.156 26.061 11.469
340 2 1 27.204 12.167 26.006 11.480
341 2 1 27.150 12.156 25.952 11.469
342 2 1 27.095 12.146 25.897 11.459
343 2 1 27.063 12.135 25.864 11.448
344 2 1 27.008 12.125 25.810 11.438
345 2 1 26.976 12.092 25.777 11.405
346 2 1 26.921 12.082 25.723 11.395
347 2 1 26.888 12.028 25.690 11.341
348 2 1 26.856 12.017 25.658 11.330
349 2 1 26.823 12.006 25.625 11.319
350 2 1 26.790 12.017 25.592 11.330
351 2 1 26.779 12.007 25.581 11.320
352 2 1 26.747 11.996 25.549 11.309
353 2 1 26.714 11.985 25.516 11.298
354 2 1 26.660 11.997 25.462 11.309
355 2 1 26.649 11.986 25.451 11.299
356 2 1 26.594 11.997 25.396 11.310
357 2 1 26.562 11.986 25.364 11.299
358 2 1 26.507 11.997 25.309 11.310
359 2 1 26.475 11.987 25.276 11.300
360 2 1 26.398 11.998 25.200 11.311
361 2 1 26.366 11.987 25.167 11.300
362 2 1 26.311 11.999 25.113 11.311
363 2 1 26.279 11.988 25.080 11.301
364 2 1 26.224 11.999 25.026 11.312
365 2 1 26.191 12.010 24.993 11.323
366 2 1 26.159 12.043 24.960 11.356
367 2 1 26.126 12.076 24.928 11.388
368 2 1 26.093 12.087 24.895 11.400
369 2 1 26.082 12.076 24.884 11.389
370 2 1 26.028 12.087 24.830 11.400
371 2 1 26.017 12.076 24.819 11.389
372 2 1 25.984 12.087 24.786 11.400
373 2 1 25.952 12.077 24.753 11.390
374 2 1 25.897 12.088 24.699 11.401
375 2 1 25.886 12.077 24.688 11.390
376 2 1 25.832 12.088 24.634 11.401
377 2 1 25.799 12.078 24.601 11.390
378 2 1 25.745 12.089 24.546 11.402
379 2 1 25.690 12.078 24.492 11.391
380 2 1 25.636 12.090 24.437 11.402
381 2 1 25.603 12.079 24.405 11.392
382 2 1 25.570 12.090 24.372 11.403
383 2 1 25.538 12.058 24.339 11.370
384 2 1 25.505 12.069 24.307 11.381
385 2 1 25.472 12.036 24.274 11.349
386 2 1 25.418 12.004 24.220 11.317
387 2 1 25.407 11.972 24.209 11.284
388 2 1 25.374 11.983 24.176 11.295
389 2 1 25.342 11.972 24.143 11.285
390 2 1 25.309 11.983 24.111 11.296
391 2 1 25.298 11.972 24.100 11.285
392 2 1 25.265 11.983 24.067 11.296
393 2 1 25.233 11.973 24.034 11.285
394 2 1 25.200 11.984 24.002 11.296
395 2 1 25.167 11.973 23.969 11.286
396 2 1 25.113 11.984 23.914 11.297
397 2 1 25.080 11.974 23.882 11.286
398 2 1 25.026 11.985 23.827 11.297
399 2 1 24.993 11.974 23.795 11.287
400 2 1 24.938 11.985 23.740 11.298
401 2 1 24.906 11.996 23.707 11.309
402 2 1 24.851 12.007 23.653 11.320
403 2 1 24.819 12.019 23.620 11.331
404 2 1 24.786 12.030 23.587 11.342
405 2 1 24.753 12.041 23.555 11.353
406 2 1 24.720 12.073 23.522 11.386
407 2 1 24.688 12.106 23.489 11.419
408 2 1 24.655 12.117 23.456 11.430
409 2 1 24.644 12.106 23.446 11.419
410 2 1 24.611 12.117 23.413 11.430
411 2 1 24.579 12.107 23.380 11.419
412 2 1 24.546 12.118 23.347 11.430
413 2 1 24.535 12.107 23.337 11.420
414 2 1 24.481 12.118 23.282 11.431
415 2 1 24.448 12.108 23.249 11.420
416 2 1 24.415 12.119 23.217 11.431
417 2 1 24.382 12.108 23.184 11.420
418 2 1 24.328 12.097 23.129 11.410
419 2 1 24.295 12.087 23.097 11.399
420 2 1 24.241 12.098 23.042 11.410
421 2 1 24.208 12.087 23.009 11.400
422 2 1 24.175 12.077 22.977 11.389
423 2 1 24.143 12.066 22.944 11.378
35 2 1 39.600 11.897 38.393 11.234
135 2 1 35.614 11.986 34.417 11.300
168 2 1 34.301 11.940 33.104 11.254
289 2 1 29.218 12.122 28.020 11.435
296 2 1 28.968 12.200 27.770 11.513
0 3 1 40.291 12.823 38.963 12.020
1 3 1 40.334 12.845 38.941 12.009
2 3 1 40.215 12.856 39.071 12.019
3 3 1 40.259 12.910 38.930 11.966
4 3 1 40.237 12.899 38.940 11.966
5 3 1 40.194 12.900 38.897 11.966
6 3 1 40.172 12.900 38.875 11.966
7 3 1 40.150 12.878 38.854 11.945
8 3 1 40.161 12.878 38.864 11.945
9 3 1 40.150 12.878 38.854 11.945
10 3 1 40.129 12.878 38.832 11.945
11 3 1 40.096 12.879 38.800 11.945
12 3 1 40.107 12.879 38.810 11.945
13 3 1 40.085 12.879 38.789 11.945
14 3 1 40.107 12.889 38.810 11.956
15 3 1 40.064 12.857 38.767 11.923
16 3 1 40.042 12.857 38.745 11.924
17 3 1 39.999 12.868 38.702 11.935
18 3 1 39.955 12.858 38.659 11.924
19 3 1 39.912 12.837 38.615 11.903
20 3 1 39.869 12.848 38.572 11.914
21 3 1 39.825 12.837 38.528 11.903
22 3 1 39.782 12.837 38.485 11.904
23 3 1 39.739 12.838 38.442 11.904
24 3 1 39.695 12.838 38.399 11.904
25 3 1 39.652 12.838 38.355 11.904
26 3 1 39.609 12.838 38.312 11.905
27 3 1 39.565 12.839 38.269 11.905
28 3 1 39.522 12.861 38.225 11.927
29 3 1 39.479 12.861 38.182 11.927
30 3 1 39.457 12.861 38.160 11.927
31 3 1 39.457 12.861 38.160 11.927
32 3 1 39.436 12.861 38.139 11.927
33 3 1 39.414 12.861 38.117 11.927
34 3 1 39.414 12.861 38.117 11.927
36 3 1 39.349 12.840 38.052 11.906
37 3 1 39.284 12.819 37.987 11.885
38 3 1 39.262 12.819 37.965 11.885
39 3 1 39.219 12.819 37.922 11.885
40 3 1 39.154 12.841 37.857 11.907
41 3 1 38.861 12.854 37.457 11.953
42 3 1 38.829 12.854 37.500 11.931
43 3 1 38.796 12.844 37.467 11.921
44 3 1 38.764 12.833 37.435 11.910
45 3 1 38.753 12.844 37.424 11.921
46 3 1 38.720 12.833 37.391 11.910
47 3 1 38.731 12.844 37.402 11.921
48 3 1 38.720 12.833 37.391 11.910
49 3 1 38.731 12.844 37.402 11.921
50 3 1 38.720 12.833 37.391 11.910
51 3 1 38.731 12.822 37.402 11.899
52 3 1 38.720 12.790 37.391 11.867
53 3 1 38.709 12.801 37.380 11.878
54 3 1 38.677 12.790 37.348 11.867
55 3 1 38.644 12.779 37.315 11.856
56 3 1 38.611 12.769 37.282 11.846
57 3 1 38.579 12.758 37.250 11.835
58 3 1 38.503 12.770 37.174 11.847
59 3 1 38.449 12.781 37.120 11.858
60 3 1 38.395 12.770 37.066 11.847
61 3 1 38.362 12.781 37.033 11.858
62 3 1 38.308 12.771 36.979 11.848
63 3 1 38.276 12.782 36.947 11.859
64 3 1 38.243 12.771 36.914 11.848
65 3 1 38.211 12.782 36.882 11.859
66 3 1 38.156 12.772 36.827 11.849
67 3 1 38.124 12.783 36.795 11.860
69 3 1 38.113 12.772 36.784 11.849
70 3 1 38.102 12.761 36.773 11.838
71 3 1 37.702 12.926 36.547 12.002
72 3 1 37.778 12.915 36.492 11.991
73 3 1 37.746 12.904 36.460 11.981
74 3 1 37.735 12.915 36.449 11.992
75 3 1 37.681 12.905 36.395 11.981
76 3 1 37.626 12.916 36.341 11.992
77 3 1 37.529 12.927 36.243 12.004
78 3 1 37.496 12.917 36.210 11.993
79 3 1 37.442 12.906 36.156 11.983
80 3 1 37.410 12.917 36.124 11.994
81 3 1 37.377 12.907 36.091 11.983
82 3 1 37.344 12.896 36.059 11.972
83 3 1 37.312 12.864 36.026 11.940
84 3 1 37.279 12.875 35.993 11.951
85 3 1 37.246 12.842 35.961 11.919
86 3 1 37.236 12.853 35.950 11.930
87 3 1 37.225 12.864 35.939 11.941
88 3 1 37.214 12.875 35.928 11.951
89 3 1 37.203 12.864 35.917 11.941
90 3 1 37.171 12.854 35.885 11.930
91 3 1 37.095 12.865 35.809 11.941
92 3 1 37.041 12.876 35.755 11.952
93 3 1 36.986 12.866 35.701 11.942
94 3 1 36.932 12.855 35.646 11.931
95 3 1 36.878 12.845 35.592 11.921
96 3 1 36.845 12.834 35.559 11.910
97 3 1 36.791 12.824 35.505 11.900
98 3 1 36.737 12.835 35.451 11.911
99 3 1 36.704 12.824 35.418 11.900
100 3 1 36.672 12.835 35.386 11.911
101 3 1 36.617 12.825 35.332 11.901
102 3 1 36.607 12.836 35.321 11.912
103 3 1 36.552 12.825 35.267 11.901
104 3 1 36.520 12.836 35.234 11.912
105 3 1 36.487 12.825 35.201 11.902
106 3 1 36.498 12.815 35.212 11.891
107 3 1 36.465 12.804 35.180 11.880
108 3 1 36.455 12.836 35.169 11.913
109 3 1 36.401 12.826 35.115 11.902
110 3 1 36.346 12.815 35.060 11.892
111 3 1 36.292 12.805 35.006 11.881
112 3 1 36.259 12.816 34.974 11.892
113 3 1 36.205 12.806 34.919 11.882
114 3 1 36.173 12.795 34.887 11.871
115 3 1 36.118 12.784 34.832 11.861
116 3 1 36.107 12.795 34.822 11.871
117 3 1 36.053 12.785 34.767 11.861
118 3 1 36.042 12.796 34.757 11.872
119 3 1 36.010 12.763 34.724 11.840
120 3 1 35.977 12.753 34.691 11.829
121 3 1 35.923 12.742 34.637 11.818
122 3 1 35.890 12.732 34.604 11.808
123 3 1 35.857 12.699 34.572 11.776
124 3 1 35.846 12.689 34.561 11.765
125 3 1 35.814 12.678 34.528 11.754
126 3 1 35.803 12.689 34.517 11.765
127 3 1 35.749 12.678 34.463 11.755
128 3 1 35.716 12.668 34.430 11.744
129 3 1 35.640 12.657 34.354 11.734
130 3 1 35.608 12.668 34.322 11.745
131 3 1 35.553 12.658 34.268 11.734
132 3 1 35.521 12.669 34.235 11.745
133 3 1 35.467 12.680 34.181 11.756
134 3 1 35.434 12.691 34.148 11.767
136 3 1 35.347 12.692 34.062 11.768
137 3 1 35.293 12.681 34.007 11.757
138 3 1 35.282 12.692 33.997 11.768
139 3 1 35.228 12.682 33.942 11.758
140 3 1 35.195 12.693 33.910 11.769
141 3 1 35.141 12.682 33.855 11.758
142 3 1 35.109 12.693 33.823 11.769
143 3 1 35.054 12.683 33.769 11.759
144 3 1 35.044 12.694 33.758 11.770
145 3 1 35.011 12.683 33.725 11.759
146 3 1 34.978 12.694 33.693 11.770
147 3 1 34.924 12.683 33.638 11.759
148 3 1 34.891 12.673 33.606 11.749
149 3 1 34.837 12.662 33.551 11.738
150 3 1 34.783 12.673 33.497 11.749
151 3 1 34.750 12.663 33.465 11.739
152 3 1 34.718 12.674 33.432 11.750
153 3 1 34.663 12.663 33.378 11.739
154 3 1 34.653 12.653 33.367 11.729
155 3 1 34.598 12.642 33.313 11.718
156 3 1 34.587 12.631 33.302 11.707
157 3 1 34.533 12.621 33.247 11.697
158 3 1 34.500 12.610 33.215 11.686
159 3 1 34.446 12.600 33.160 11.676
160 3 1 34.413 12.589 33.128 11.665
161 3 1 34.381 12.578 33.095 11.654
162 3 1 34.348 12.589 33.063 11.665
164 3 1 34.338 12.709 33.052 11.785
165 3 1 34.284 12.698 32.998 11.774
166 3 1 34.208 12.688 32.922 11.764
167 3 1 34.132 12.699 32.846 11.775
169 3 1 34.023 12.700 32.737 11.776
170 3 1 33.969 12.689 32.683 11.765
171 3 1 33.936 12.700 32.651 11.776
172 3 1 33.904 12.690 32.618 11.766
173 3 1 33.893 12.701 32.607 11.776
174 3 1 33.860 12.712 32.575 11.788
175 3 1 33.828 12.744 32.542 11.820
176 3 1 33.774 12.756 32.488 11.831
177 3 1 33.720 12.767 32.434 11.843
178 3 1 33.665 12.778 32.379 11.854
179 3 1 33.633 12.789 32.347 11.865
180 3 1 33.579 12.800 32.293 11.876
181 3 1 33.568 12.811 32.282 11.887
182 3 1 33.557 12.800 32.271 11.876
183 3 1 33.524 12.811 32.238 11.887
184 3 1 33.470 12.801 32.184 11.877
185 3 1 33.437 12.812 32.152 11.888
186 3 1 33.405 12.823 32.119 11.899
187 3 1 33.372 12.834 32.086 11.910
188 3 1 33.318 12.824 32.032 11.899
189 3 1 33.307 12.834 32.021 11.910
190 3 1 33.253 12.824 31.967 11.900
191 3 1 33.220 12.835 31.934 11.911
192 3 1 33.166 12.824 31.880 11.900
193 3 1 33.133 12.836 31.848 11.911
194 3 1 33.101 12.825 31.815 11.900
195 3 1 33.068 12.814 31.782 11.890
196 3 1 33.014 12.804 31.728 11.879
197 3 1 32.981 12.836 31.695 11.912
198 3 1 32.949 12.848 31.663 11.923
199 3 1 32.938 12.858 31.652 11.934
200 3 1 32.884 12.848 31.598 11.923
201 3 1 32.829 12.859 31.543 11.935
202 3 1 32.775 12.849 31.489 11.924
203 3 1 32.742 12.860 31.457 11.935
204 3 1 32.688 12.871 31.402 11.946
205 3 1 32.656 12.882 31.370 11.957
206 3 1 32.601 12.871 31.315 11.947
207 3 1 32.569 12.882 31.283 11.958
208 3 1 32.514 12.894 31.228 11.969
209 3 1 32.482 12.905 31.196 11.980
210 3 1 32.427 12.894 31.142 11.970
211 3 1 32.395 12.905 31.109 11.981
212 3 1 32.341 12.916 31.055 11.992
213 3 1 32.308 12.949 31.022 12.024
214 3 1 32.254 12.960 30.968 12.036
215 3 1 32.221 12.971 30.935 12.047
216 3 1 32.167 12.961 30.881 12.036
217 3 1 32.156 12.972 30.870 12.047
218 3 1 32.123 12.961 30.837 12.036
219 3 1 32.091 12.972 30.805 12.047
220 3 1 32.037 12.962 30.750 12.037
221 3 1 32.004 12.973 30.718 12.048
222 3 1 31.950 12.962 30.664 12.037
223 3 1 31.917 12.973 30.631 12.048
224 3 1 31.884 12.963 30.598 12.038
225 3 1 31.852 12.974 30.566 12.049
226 3 1 31.797 12.963 30.511 12.038
227 3 1 31.765 12.974 30.479 12.049
228 3 1 31.710 12.964 30.424 12.039
229 3 1 31.678 12.953 30.392 12.028
230 3 1 31.623 12.943 30.337 12.018
231 3 1 31.591 12.954 30.305 12.029
232 3 1 31.536 12.921 30.250 11.997
233 3 1 31.504 12.933 30.218 12.008
234 3 1 31.449 12.944 30.163 12.019
235 3 1 31.439 12.976 30.153 12.051
236 3 1 31.384 12.988 30.098 12.063
237 3 1 31.352 12.999 30.066 12.074
238 3 1 31.297 12.988 30.011 12.063
239 3 1 31.265 12.999 29.979 12.074
240 3 1 31.210 13.010 29.924 12.085
241 3 1 31.178 13.021 29.892 12.096
242 3 1 31.123 13.011 29.837 12.086
243 3 1 31.091 13.022 29.805 12.097
244 3 1 31.037 13.033 29.750 12.108
245 3 1 31.004 13.044 29.718 12.119
246 3 1 30.950 13.034 29.663 12.109
247 3 1 30.917 13.045 29.631 12.120
248 3 1 30.863 13.056 29.577 12.131
249 3 1 30.830 13.067 29.544 12.142
250 3 1 30.754 13.078 29.468 12.153
251 3 1 30.721 13.089 29.435 12.164
252 3 1 30.667 13.101 29.381 12.175
253 3 1 30.656 13.112 29.370 12.186
254 3 1 30.623 13.101 29.337 12.176
255 3 1 30.591 13.090 29.305 12.165
256 3 1 30.536 13.080 29.250 12.154
257 3 1 30.504 13.091 29.218 12.165
258 3 1 30.449 13.102 29.163 12.177
259 3 1 30.417 13.113 29.131 12.188
260 3 1 30.384 13.102 29.098 12.177
261 3 1 30.352 13.113 29.065 12.188
262 3 1 30.297 13.103 29.011 12.178
263 3 1 30.265 13.114 28.978 12.189
264 3 1 30.210 13.103 28.924 12.178
265 3 1 30.199 13.114 28.913 12.189
266 3 1 30.145 13.104 28.859 12.179
267 3 1 30.112 13.093 28.826 12.168
268 3 1 30.058 13.083 28.772 12.157
269 3 1 30.003 13.072 28.717 12.147
270 3 1 29.949 13.062 28.663 12.136
271 3 1 29.938 13.073 28.652 12.147
272 3 1 29.884 13.084 28.598 12.158
273 3 1 29.873 13.095 28.587 12.169
274 3 1 29.818 13.084 28.532 12.159
275 3 1 29.764 13.095 28.478 12.170
276 3 1 29.710 13.107 28.423 12.181
277 3 1 29.677 13.118 28.391 12.192
278 3 1 29.623 13.107 28.336 12.182
279 3 1 29.590 13.118 28.304 12.193
280 3 1 29.536 13.129 28.249 12.204
281 3 1 29.503 13.119 28.217 12.193
282 3 1 29.448 13.108 28.162 12.183
283 3 1 29.416 13.119 28.130 12.194
284 3 1 29.383 13.109 28.097 12.183
285 3 1 29.329 13.120 28.043 12.194
286 3 1 29.274 13.131 27.988 12.206
287 3 1 29.242 13.142 27.956 12.217
288 3 1 29.187 13.153 27.901 12.228
290 3 1 29.144 13.132 27.858 12.206
291 3 1 29.111 13.143 27.825 12.217
292 3 1 29.057 13.132 27.770 12.207
293 3 1 29.024 13.144 27.738 12.218
294 3 1 28.970 13.133 27.683 12.207
295 3 1 28.937 13.144 27.651 12.218
297 3 1 28.850 13.123 27.564 12.197
298 3 1 28.795 13.112 27.509 12.187
299 3 1 28.763 13.123 27.477 12.198
300 3 1 28.708 13.113 27.422 12.187
301 3 1 28.654 13.102 27.368 12.177
302 3 1 28.599 13.092 27.313 12.166
303 3 1 28.567 13.103 27.281 12.177
304 3 1 28.534 13.092 27.248 12.167
305 3 1 28.501 13.082 27.215 12.156
306 3 1 28.447 13.049 27.161 12.124
307 3 1 28.414 13.060 27.128 12.135
308 3 1 28.360 13.050 27.074 12.124
309 3 1 28.349 13.061 27.063 12.135
310 3 1 28.294 13.050 27.008 12.125
311 3 1 28.262 13.061 26.976 12.136
312 3 1 28.207 13.051 26.921 12.125
313 3 1 28.175 13.062 26.888 12.136
314 3 1 28.120 13.051 26.834 12.126
315 3 1 28.087 13.063 26.801 12.137
316 3 1 28.033 13.052 26.747 12.126
317 3 1 27.979 13.063 26.692 12.137
318 3 1 27.924 13.074 26.638 12.149
319 3 1 27.891 13.085 26.605 12.160
320 3 1 27.837 13.075 26.551 12.149
321 3 1 27.804 13.086 26.518 12.160
322 3 1 27.750 13.097 26.464 12.171
323 3 1 27.717 13.130 26.431 12.204
324 3 1 27.663 13.141 26.377 12.215
325 3 1 27.630 13.152 26.344 12.226
326 3 1 27.576 13.164 26.290 12.238
327 3 1 27.543 13.175 26.257 12.249
328 3 1 27.510 13.164 26.224 12.238
329 3 1 27.478 13.175 26.191 12.249
330 3 1 27.423 13.164 26.137 12.238
331 3 1 27.391 13.176 26.104 12.250
332 3 1 27.336 13.165 26.050 12.239
333 3 1 27.303 13.154 26.017 12.228
334 3 1 27.249 13.144 25.963 12.218
335 3 1 27.216 13.155 25.930 12.229
336 3 1 27.162 13.144 25.876 12.218
337 3 1 27.129 13.155 25.843 12.229
338 3 1 27.075 13.145 25.788 12.219
339 3 1 27.042 13.156 25.756 12.230
340 3 1 26.987 13.124 25.701 12.198
341 3 1 26.955 13.135 25.668 12.209
342 3 1 26.900 13.103 25.614 12.177
343 3 1 26.867 13.092 25.581 12.166
344 3 1 26.813 13.081 25.527 12.155
345 3 1 26.802 13.092 25.516 12.166
346 3 1 26.748 13.082 25.461 12.156
347 3 1 26.715 13.093 25.429 12.167
348 3 1 26.660 13.082 25.374 12.156
349 3 1 26.628 13.093 25.342 12.167
350 3 1 26.573 13.083 25.287 12.157
351 3 1 26.541 13.094 25.254 12.168
352 3 1 26.486 13.105 25.200 12.179
353 3 1 26.453 13.116 25.167 12.190
354 3 1 26.399 13.106 25.113 12.180
355 3 1 26.344 13.117 25.058 12.191
356 3 1 26.290 13.106 25.004 12.180
357 3 1 26.279 13.117 24.993 12.191
358 3 1 26.225 13.129 24.938 12.202
359 3 1 26.192 13.140 24.906 12.213
360 3 1 26.137 13.151 24.851 12.225
361 3 1 26.105 13.184 24.818 12.257
362 3 1 26.050 13.173 24.764 12.247
363 3 1 26.017 13.206 24.731 12.280
364 3 1 25.985 13.195 24.698 12.269
365 3 1 25.952 13.185 24.666 12.258
366 3 1 25.919 13.174 24.633 12.248
367 3 1 25.887 13.185 24.600 12.259
368 3 1 25.832 13.175 24.546 12.248
369 3 1 25.799 13.186 24.513 12.259
370 3 1 25.745 13.175 24.459 12.249
371 3 1 25.712 13.164 24.426 12.238
372 3 1 25.658 13.154 24.371 12.228
373 3 1 25.625 13.165 24.339 12.239
374 3 1 25.570 13.154 24.284 12.228
375 3 1 25.538 13.166 24.251 12.239
376 3 1 25.483 13.155 24.197 12.229
377 3 1 25.450 13.144 24.164 12.218
378 3 1 25.418 13.112 24.132 12.186
379 3 1 25.385 13.101 24.099 12.175
380 3 1 25.331 13.091 24.044 12.164
381 3 1 25.298 13.102 24.012 12.175
382 3 1 25.265 13.091 23.979 12.165
383 3 1 25.232 13.102 23.946 12.176
384 3 1 25.178 13.092 23.892 12.165
385 3 1 25.145 13.103 23.859 12.176
386 3 1 25.091 13.092 23.804 12.166
387 3 1 25.058 13.103 23.772 12.177
388 3 1 25.003 13.115 23.717 12.188
389 3 1 24.971 13.126 23.684 12.199
390 3 1 24.916 13.115 23.630 12.189
391 3 1 24.883 13.126 23.597 12.200
392 3 1 24.829 13.116 23.543 12.189
393 3 1 24.796 13.127 23.510 12.200
394 3 1 24.763 13.138 23.477 12.211
395 3 1 24.731 13.149 23.444 12.222
396 3 1 24.698 13.160 23.412 12.233
397 3 1 24.665 13.171 23.379 12.244
398 3 1 24.611 13.182 23.324 12.256
399 3 1 24.578 13.193 23.292 12.267
400 3 1 24.523 13.205 23.237 12.278
401 3 1 24.491 13.194 23.204 12.267
402 3 1 24.458 13.183 23.172 12.257
403 3 1 24.425 13.194 23.139 12.268
404 3 1 24.371 13.184 23.084 12.257
405 3 1 24.338 13.195 23.052 12.268
406 3 1 24.283 13.163 22.997 12.236
407 3 1 24.251 13.174 22.964 12.247
408 3 1 24.196 13.163 22.910 12.236
409 3 1 24.163 13.174 22.877 12.247
410 3 1 24.109 13.164 22.823 12.237
411 3 1 24.076 13.153 22.790 12.226
412 3 1 24.022 13.142 22.735 12.216
413 3 1 24.011 13.132 22.724 12.205
414 3 1 23.956 13.121 22.670 12.194
415 3 1 23.923 13.110 22.637 12.184
416 3 1 23.869 13.100 22.583 12.173
417 3 1 23.836 13.089 22.550 12.163
418 3 1 23.803 13.079 22.517 12.152
419 3 1 23.792 13.090 22.506 12.163
420 3 1 23.738 13.079 22.452 12.152
421 3 1 23.705 13.090 22.419 12.163
422 3 1 23.651 13.080 22.364 12.153
423 3 1 23.618 13.091 22.332 12.164
35 3 1 39.392 12.861 38.095 11.928
135 3 1 35.380 12.681 34.094 11.757
168 3 1 34.078 12.710 32.792 11.786
289 3 1 29.176 13.143 27.890 12.217
296 3 1 28.882 13.134 27.596 12.208
0 4 1 41.886 12.240 40.646 11.480
1 4 1 41.919 12.261 40.624 11.469
2 4 1 41.897 12.251 40.602 11.458
3 4 1 41.897 12.261 40.602 11.469
4 4 1 41.875 12.229 40.580 11.437
5 4 1 41.821 12.240 40.527 11.448
6 4 1 41.810 12.230 40.516 11.437
7 4 1 41.789 12.219 40.494 11.427
8 4 1 41.767 12.241 40.472 11.448
9 4 1 41.745 12.219 40.451 11.427
10 4 1 41.724 12.208 40.429 11.416
11 4 1 41.704 12.349 40.409 11.557
12 4 1 41.659 12.209 40.364 11.417
13 4 1 41.637 12.220 40.342 11.427
14 4 1 41.604 12.166 40.309 11.374
15 4 1 41.572 12.220 40.278 11.428
16 4 1 41.529 12.210 40.234 11.417
17 4 1 41.508 12.221 40.213 11.428
18 4 1 41.486 12.188 40.191 11.396
19 4 1 41.421 12.199 40.126 11.407
20 4 1 41.399 12.189 40.104 11.396
21 4 1 41.334 12.178 40.039 11.386
22 4 1 41.312 12.168 40.017 11.375
23 4 1 41.269 12.179 39.974 11.386
24 4 1 41.226 12.168 39.931 11.376
25 4 1 41.183 12.179 39.888 11.387
26 4 1 41.161 12.169 39.866 11.376
27 4 1 41.161 12.179 39.866 11.387
28 4 1 41.118 12.169 39.823 11.376
29 4 1 41.096 12.158 39.801 11.366
30 4 1 41.053 12.148 39.758 11.355
31 4 1 41.009 12.159 39.714 11.366
32 4 1 40.988 12.148 39.693 11.356
33 4 1 40.966 12.159 39.671 11.367
34 4 1 40.923 12.148 39.628 11.356
36 4 1 40.836 12.149 39.541 11.357
37 4 1 40.793 12.160 39.498 11.368
38 4 1 40.750 12.149 39.455 11.357
39 4 1 40.706 12.161 39.412 11.368
40 4 1 40.663 12.150 39.368 11.358
41 4 1 40.620 12.161 39.325 11.369
42 4 1 40.576 12.151 39.282 11.358
43 4 1 40.533 12.162 39.238 11.369
44 4 1 40.512 12.173 39.217 11.380
45 4 1 40.490 12.184 39.195 11.391
46 4 1 40.447 12.173 39.152 11.380
47 4 1 40.425 12.184 39.130 11.391
48 4 1 40.404 12.195 39.109 11.402
49 4 1 40.361 12.206 39.066 11.413
50 4 1 40.339 12.217 39.044 11.424
51 4 1 40.318 12.228 39.023 11.435
52 4 1 40.253 12.217 38.957 11.425
53 4 1 40.231 12.228 38.936 11.436
54 4 1 40.188 12.218 38.893 11.425
55 4 1 40.144 12.229 38.849 11.436
56 4 1 40.101 12.240 38.806 11.447
57 4 1 40.058 12.251 38.763 11.458
58 4 1 40.015 12.262 38.720 11.469
59 4 1 39.972 12.273 38.677 11.481
60 4 1 39.928 12.284 38.633 11.492
61 4 1 39.885 12.295 38.590 11.503
62 4 1 39.842 12.285 38.547 11.492
63 4 1 39.799 12.296 38.504 11.503
64 4 1 39.755 12.307 38.460 11.514
65 4 1 39.712 12.318 38.417 11.525
66 4 1 39.690 12.307 38.395 11.515
67 4 1 39.669 12.318 38.374 11.526
68 4 1 39.626 12.308 38.330 11.515
69 4 1 39.582 12.319 38.287 11.526
70 4 1 39.539 12.308 38.244 11.516
71 4 1 39.496 12.319 38.201 11.527
72 4 1 39.452 12.309 38.157 11.516
73 4 1 39.409 12.320 38.114 11.527
74 4 1 39.366 12.309 38.071 11.517
75 4 1 39.301 12.321 38.006 11.528
76 4 1 39.279 12.310 37.984 11.517
77 4 1 39.214 12.321 37.919 11.528
78 4 1 39.171 12.311 37.876 11.518
79 4 1 39.128 12.322 37.832 11.529
80 4 1 39.084 12.311 37.789 11.518
81 4 1 39.041 12.322 37.746 11.529
82 4 1 39.019 12.333 37.724 11.540
83 4 1 38.955 12.344 37.659 11.551
84 4 1 38.933 12.334 37.638 11.541
85 4 1 38.890 12.345 37.594 11.552
86 4 1 38.846 12.334 37.551 11.541
87 4 1 38.825 12.345 37.529 11.552
88 4 1 38.803 12.335 37.508 11.542
89 4 1 38.738 12.346 37.443 11.553
90 4 1 38.716 12.335 37.421 11.542
91 4 1 38.651 12.346 37.356 11.553
92 4 1 38.608 12.357 37.313 11.564
93 4 1 38.565 12.368 37.270 11.575
94 4 1 38.521 12.358 37.226 11.565
95 4 1 38.478 12.369 37.183 11.576
96 4 1 38.435 12.358 37.139 11.565
97 4 1 38.370 12.370 37.075 11.577
98 4 1 38.305 12.381 37.010 11.588
99 4 1 38.283 12.392 36.988 11.599
100 4 1 38.218 12.381 36.923 11.588
101 4 1 38.197 12.392 36.901 11.599
102 4 1 38.153 12.382 36.858 11.589
103 4 1 38.110 12.393 36.815 11.600
104 4 1 38.067 12.382 36.771 11.589
105 4 1 38.023 12.372 36.728 11.579
106 4 1 37.980 12.361 36.684 11.568
107 4 1 37.937 12.372 36.641 11.579
108 4 1 37.893 12.362 36.598 11.569
109 4 1 37.850 12.373 36.554 11.580
110 4 1 37.785 12.362 36.489 11.569
111 4 1 37.763 12.373 36.468 11.580
112 4 1 37.698 12.363 36.403 11.570
113 4 1 37.655 12.374 36.359 11.581
114 4 1 37.611 12.363 36.316 11.570
115 4 1 37.568 12.375 36.273 11.581
116 4 1 37.525 12.364 36.229 11.571
117 4 1 37.481 12.375 36.186 11.582
118 4 1 37.460 12.364 36.164 11.571
119 4 1 37.395 12.376 36.099 11.582
120 4 1 37.395 12.365 36.099 11.572
121 4 1 37.351 12.376 36.056 11.583
122 4 1 37.330 12.387 36.034 11.594
123 4 1 37.265 12.398 35.969 11.605
124 4 1 37.243 12.387 35.948 11.594
125 4 1 37.178 12.399 35.883 11.605
126 4 1 37.157 12.410 35.861 11.616
127 4 1 37.113 12.421 35.818 11.627
128 4 1 37.070 12.410 35.774 11.617
129 4 1 37.027 12.443 35.731 11.650
130 4 1 36.983 12.432 35.688 11.639
131 4 1 36.940 12.465 35.645 11.672
132 4 1 36.897 12.476 35.601 11.683
133 4 1 36.854 12.487 35.558 11.694
134 4 1 36.810 12.498 35.515 11.705
136 4 1 36.724 12.521 35.428 11.727
137 4 1 36.702 12.532 35.406 11.738
138 4 1 36.680 12.543 35.385 11.749
139 4 1 36.637 12.554 35.342 11.760
140 4 1 36.594 12.543 35.298 11.750
141 4 1 36.572 12.554 35.276 11.760
142 4 1 36.550 12.543 35.255 11.750
143 4 1 36.485 12.555 35.190 11.761
144 4 1 36.464 12.566 35.168 11.772
145 4 1 36.399 12.577 35.103 11.783
146 4 1 36.377 12.566 35.081 11.772
147 4 1 36.334 12.577 35.038 11.784
148 4 1 36.290 12.567 34.995 11.773
149 4 1 36.247 12.578 34.951 11.784
150 4 1 36.225 12.567 34.930 11.773
151 4 1 36.204 12.578 34.908 11.784
152 4 1 36.160 12.567 34.864 11.774
153 4 1 36.117 12.579 34.821 11.785
154 4 1 36.095 12.568 34.799 11.774
155 4 1 36.095 12.579 34.799 11.785
156 4 1 36.052 12.568 34.756 11.774
157 4 1 36.008 12.579 34.713 11.786
158 4 1 35.987 12.568 34.691 11.775
159 4 1 35.922 12.580 34.626 11.786
160 4 1 35.900 12.591 34.604 11.797
161 4 1 35.835 12.602 34.539 11.808
162 4 1 35.835 12.613 34.539 11.819
163 4 1 35.792 12.624 34.496 11.830
164 4 1 35.748 12.635 34.453 11.841
165 4 1 35.705 12.646 34.409 11.852
166 4 1 35.683 12.635 34.388 11.842
167 4 1 35.618 12.647 34.322 11.853
169 4 1 35.597 12.668 34.301 11.875
170 4 1 35.532 12.658 34.236 11.864
171 4 1 35.510 12.669 34.214 11.875
172 4 1 35.466 12.658 34.171 11.865
173 4 1 35.423 12.669 34.127 11.876
174 4 1 35.380 12.659 34.084 11.865
175 4 1 35.336 12.670 34.040 11.876
176 4 1 35.293 12.659 33.997 11.866
177 4 1 35.271 12.670 33.975 11.877
178 4 1 35.249 12.660 33.954 11.866
179 4 1 35.184 12.671 33.889 11.877
180 4 1 35.163 12.660 33.867 11.866
181 4 1 35.098 12.672 33.802 11.878
182 4 1 35.076 12.661 33.780 11.867
183 4 1 35.011 12.672 33.715 11.878
184 4 1 34.989 12.661 33.693 11.867
185 4 1 34.946 12.672 33.650 11.879
186 4 1 34.902 12.662 33.606 11.868
187 4 1 34.881 12.673 33.585 11.879
188 4 1 34.859 12.662 33.563 11.868
189 4 1 34.816 12.673 33.520 11.879
190 4 1 34.772 12.663 33.476 11.869
191 4 1 34.729 12.674 33.433 11.880
192 4 1 34.685 12.663 33.389 11.869
193 4 1 34.664 12.674 33.368 11.880
194 4 1 34.642 12.664 33.346 11.870
195 4 1 34.577 12.675 33.281 11.881
196 4 1 34.555 12.686 33.259 11.892
197 4 1 34.490 12.697 33.194 11.903
198 4 1 34.468 12.708 33.172 11.914
199 4 1 34.403 12.719 33.107 11.925
200 4 1 34.382 12.708 33.086 11.914
201 4 1 34.317 12.741 33.021 11.947
202 4 1 34.295 12.752 32.999 11.958
203 4 1 34.230 12.764 32.934 11.970
204 4 1 34.230 12.774 32.934 11.980
205 4 1 34.187 12.786 32.890 11.991
206 4 1 34.143 12.775 32.847 11.981
207 4 1 34.100 12.786 32.804 11.992
208 4 1 34.078 12.775 32.782 11.981
209 4 1 34.013 12.787 32.717 11.993
210 4 1 33.991 12.776 32.695 11.982
211 4 1 33.926 12.787 32.630 11.993
212 4 1 33.904 12.777 32.608 11.982
213 4 1 33.839 12.788 32.543 11.994
214 4 1 33.817 12.777 32.521 11.983
215 4 1 33.752 12.788 32.456 11.994
216 4 1 33.730 12.778 32.434 11.983
217 4 1 33.665 12.789 32.369 11.995
218 4 1 33.644 12.778 32.347 11.984
219 4 1 33.578 12.789 32.282 11.995
220 4 1 33.557 12.779 32.261 11.984
221 4 1 33.513 12.790 32.217 11.996
222 4 1 33.470 12.779 32.174 11.985
223 4 1 33.426 12.790 32.130 11.996
224 4 1 33.405 12.780 32.109 11.985
225 4 1 33.383 12.791 32.087 11.996
226 4 1 33.318 12.780 32.022 11.986
227 4 1 33.296 12.791 32.000 11.997
228 4 1 33.231 12.781 31.935 11.986
229 4 1 33.209 12.792 31.913 11.997
230 4 1 33.144 12.803 31.848 12.009
231 4 1 33.122 12.814 31.826 12.020
232 4 1 33.057 12.825 31.761 12.031
233 4 1 33.036 12.836 31.739 12.042
234 4 1 32.970 12.826 31.674 12.031
235 4 1 32.949 12.837 31.652 12.042
236 4 1 32.884 12.848 31.587 12.054
237 4 1 32.862 12.859 31.566 12.064
238 4 1 32.797 12.848 31.500 12.054
239 4 1 32.775 12.859 31.479 12.065
240 4 1 32.732 12.849 31.435 12.054
241 4 1 32.688 12.860 31.392 12.066
242 4 1 32.645 12.849 31.348 12.055
243 4 1 32.601 12.861 31.305 12.066
244 4 1 32.558 12.850 31.261 12.055
245 4 1 32.514 12.861 31.218 12.067
246 4 1 32.471 12.851 31.174 12.056
247 4 1 32.427 12.840 31.131 12.045
248 4 1 32.384 12.829 31.087 12.035
249 4 1 32.340 12.840 31.044 12.046
250 4 1 32.297 12.830 31.000 12.035
251 4 1 32.253 12.819 30.957 12.025
252 4 1 32.210 12.809 30.913 12.014
253 4 1 32.166 12.820 30.870 12.025
254 4 1 32.123 12.809 30.827 12.015
255 4 1 32.079 12.820 30.783 12.026
256 4 1 32.058 12.810 30.761 12.015
257 4 1 32.036 12.799 30.740 12.004
258 4 1 31.992 12.788 30.696 11.994
259 4 1 31.949 12.800 30.653 12.005
260 4 1 31.905 12.789 30.609 11.994
261 4 1 31.862 12.800 30.566 12.006
262 4 1 31.818 12.790 30.522 11.995
263 4 1 31.775 12.801 30.479 12.006
264 4 1 31.731 12.790 30.435 11.995
265 4 1 31.688 12.801 30.392 12.007
266 4 1 31.645 12.791 30.348 11.996
267 4 1 31.601 12.780 30.305 11.985
268 4 1 31.557 12.769 30.261 11.975
269 4 1 31.492 12.781 30.196 11.986
270 4 1 31.471 12.792 30.174 11.997
271 4 1 31.405 12.803 30.109 12.008
272 4 1 31.362 12.792 30.066 11.998
273 4 1 31.340 12.803 30.044 12.009
274 4 1 31.275 12.793 29.979 11.998
275 4 1 31.253 12.804 29.957 12.009
276 4 1 31.188 12.793 29.892 11.999
277 4 1 31.166 12.783 29.870 11.988
278 4 1 31.101 12.772 29.805 11.978
279 4 1 31.079 12.783 29.783 11.989
280 4 1 31.014 12.773 29.718 11.978
281 4 1 30.992 12.762 29.696 11.967
282 4 1 30.927 12.752 29.630 11.957
283 4 1 30.905 12.763 29.609 11.968
284 4 1 30.862 12.730 29.565 11.936
285 4 1 30.818 12.741 29.522 11.947
286 4 1 30.775 12.731 29.478 11.936
287 4 1 30.731 12.720 29.435 11.926
288 4 1 30.687 12.710 29.391 11.915
290 4 1 30.622 12.710 29.326 11.915
291 4 1 30.600 12.699 29.304 11.905
292 4 1 30.535 12.689 29.239 11.894
293 4 1 30.513 12.700 29.217 11.905
294 4 1 30.448 12.690 29.152 11.895
295 4 1 30.426 12.701 29.130 11.906
297 4 1 30.339 12.701 29.043 11.906
298 4 1 30.274 12.691 28.978 11.896
299 4 1 30.252 12.702 28.956 11.907
300 4 1 30.187 12.691 28.891 11.896
301 4 1 30.165 12.702 28.869 11.907
302 4 1 30.100 12.692 28.804 11.897
303 4 1 30.057 12.681 28.760 11.886
304 4 1 30.013 12.692 28.717 11.897
305 4 1 29.970 12.703 28.673 11.908
306 4 1 29.926 12.714 28.630 11.920
307 4 1 29.883 12.726 28.586 11.931
308 4 1 29.839 12.715 28.543 11.920
309 4 1 29.796 12.726 28.499 11.931
310 4 1 29.774 12.715 28.477 11.921
311 4 1 29.709 12.727 28.412 11.932
312 4 1 29.687 12.716 28.390 11.921
313 4 1 29.622 12.727 28.325 11.932
314 4 1 29.600 12.716 28.303 11.922
315 4 1 29.535 12.728 28.238 11.933
316 4 1 29.513 12.717 28.216 11.922
317 4 1 29.447 12.728 28.151 11.933
318 4 1 29.426 12.718 28.129 11.923
319 4 1 29.360 12.729 28.064 11.934
320 4 1 29.339 12.718 28.042 11.923
321 4 1 29.295 12.729 27.999 11.934
322 4 1 29.252 12.719 27.955 11.924
323 4 1 29.208 12.708 27.912 11.913
324 4 1 29.186 12.697 27.890 11.902
325 4 1 29.165 12.708 27.868 11.913
326 4 1 29.121 12.698 27.824 11.903
327 4 1 29.077 12.709 27.781 11.914
328 4 1 29.034 12.698 27.737 11.903
329 4 1 28.990 12.709 27.694 11.914
330 4 1 28.969 12.699 27.672 11.904
331 4 1 28.947 12.710 27.650 11.915
332 4 1 28.882 12.699 27.585 11.904
333 4 1 28.838 12.710 27.541 11.915
334 4 1 28.794 12.700 27.498 11.905
335 4 1 28.751 12.711 27.454 11.916
336 4 1 28.686 12.700 27.389 11.905
337 4 1 28.620 12.712 27.324 11.917
338 4 1 28.599 12.701 27.302 11.906
339 4 1 28.533 12.712 27.237 11.917
340 4 1 28.511 12.702 27.215 11.906
341 4 1 28.446 12.713 27.150 11.918
342 4 1 28.424 12.724 27.128 11.929
343 4 1 28.381 12.735 27.084 11.940
344 4 1 28.337 12.724 27.041 11.929
345 4 1 28.294 12.735 26.997 11.940
346 4 1 28.250 12.725 26.954 11.930
347 4 1 28.207 12.714 26.910 11.919
348 4 1 28.185 12.704 26.888 11.908
349 4 1 28.163 12.715 26.867 11.919
350 4 1 28.098 12.704 26.801 11.909
351 4 1 28.054 12.694 26.758 11.898
352 4 1 28.011 12.683 26.714 11.888
353 4 1 27.967 12.694 26.671 11.899
354 4 1 27.924 12.683 26.627 11.888
355 4 1 27.902 12.673 26.605 11.878
356 4 1 27.836 12.662 26.540 11.867
357 4 1 27.815 12.673 26.518 11.878
358 4 1 27.771 12.641 26.474 11.846
359 4 1 27.728 12.652 26.431 11.857
360 4 1 27.706 12.641 26.409 11.846
361 4 1 27.684 12.652 26.387 11.857
362 4 1 27.640 12.642 26.344 11.847
363 4 1 27.597 12.653 26.300 11.858
364 4 1 27.553 12.642 26.257 11.847
365 4 1 27.510 12.653 26.213 11.858
366 4 1 27.466 12.643 26.170 11.848
367 4 1 27.423 12.654 26.126 11.859
368 4 1 27.379 12.643 26.082 11.848
369 4 1 27.335 12.655 26.039 11.859
370 4 1 27.292 12.644 25.995 11.849
371 4 1 27.248 12.655 25.952 11.860
372 4 1 27.205 12.644 25.908 11.849
373 4 1 27.161 12.634 25.865 11.839
374 4 1 27.139 12.623 25.843 11.828
375 4 1 27.118 12.634 25.821 11.839
376 4 1 27.052 12.645 25.756 11.850
377 4 1 27.031 12.656 25.734 11.861
378 4 1 26.965 12.668 25.668 11.872
379 4 1 26.943 12.657 25.647 11.862
380 4 1 26.900 12.646 25.603 11.851
381 4 1 26.856 12.658 25.560 11.862
382 4 1 26.813 12.647 25.516 11.852
383 4 1 26.791 12.636 25.494 11.841
384 4 1 26.769 12.625 25.472 11.830
385 4 1 26.704 12.615 25.407 11.820
386 4 1 26.682 12.604 25.385 11.809
387 4 1 26.617 12.616 25.320 11.820
388 4 1 26.595 12.583 25.298 11.788
389 4 1 26.529 12.594 25.233 11.799
390 4 1 26.508 12.562 25.211 11.767
391 4 1 26.464 12.573 25.167 11.778
392 4 1 26.420 12.562 25.124 11.767
393 4 1 26.377 12.552 25.080 11.756
394 4 1 26.355 12.541 25.058 11.746
395 4 1 26.333 12.530 25.037 11.735
396 4 1 26.290 12.520 24.993 11.724
397 4 1 26.246 12.531 24.949 11.736
398 4 1 26.224 12.520 24.928 11.725
399 4 1 26.202 12.531 24.906 11.736
400 4 1 26.159 12.521 24.862 11.725
401 4 1 26.115 12.532 24.819 11.736
402 4 1 26.072 12.521 24.775 11.726
403 4 1 26.028 12.532 24.731 11.737
404 4 1 25.985 12.522 24.688 11.726
405 4 1 25.941 12.533 24.644 11.737
406 4 1 25.897 12.522 24.601 11.727
407 4 1 25.854 12.512 24.557 11.716
408 4 1 25.832 12.501 24.535 11.705
409 4 1 25.810 12.512 24.514 11.716
410 4 1 25.767 12.501 24.470 11.706
411 4 1 25.723 12.534 24.426 11.739
412 4 1 25.679 12.524 24.383 11.728
413 4 1 25.658 12.535 24.361 11.739
414 4 1 25.636 12.524 24.339 11.728
415 4 1 25.614 12.535 24.317 11.739
416 4 1 25.592 12.524 24.296 11.729
417 4 1 25.549 12.514 24.252 11.718
418 4 1 25.505 12.503 24.208 11.707
419 4 1 25.483 12.514 24.187 11.718
420 4 1 25.461 12.503 24.165 11.708
421 4 1 25.396 12.493 24.099 11.697
422 4 1 25.374 12.482 24.078 11.686
423 4 1 25.309 12.493 24.012 11.698
35 4 1 40.880 12.160 39.585 11.367
135 4 1 36.767 12.509 35.471 11.716
168 4 1 35.618 12.657 34.323 11.864
289 4 1 30.644 12.721 29.348 11.926
296 4 1 30.361 12.690 29.065 11.895
0 5 1 41.896 13.171 40.828 12.398
1 5 1 41.929 13.192 40.817 12.387
2 5 1 41.896 13.192 40.784 12.387
3 5 1 41.929 13.192 40.817 12.387
4 5 1 41.885 13.192 40.774 12.387
5 5 1 41.842 13.193 40.730 12.388
6 5 1 41.864 13.192 40.752 12.387
7 5 1 41.820 13.193 40.709 12.388
8 5 1 41.777 13.193 40.665 12.388
9 5 1 41.756 13.193 40.644 12.388
10 5 1 41.712 13.172 40.600 12.367
11 5 1 41.690 13.172 40.579 12.367
12 5 1 41.669 13.172 40.557 12.367
13 5 1 41.604 13.172 40.492 12.367
14 5 1 41.582 13.162 40.470 12.357
15 5 1 41.539 13.151 40.427 12.346
16 5 1 41.517 13.151 40.405 12.346
17 5 1 41.485 13.152 40.373 12.347
18 5 1 41.452 13.152 40.340 12.347
19 5 1 41.409 13.152 40.297 12.347
20 5 1 41.376 13.152 40.265 12.347
21 5 1 41.366 13.152 40.254 12.347
22 5 1 41.322 13.153 40.210 12.348
23 5 1 41.301 13.153 40.189 12.348
24 5 1 41.279 13.153 40.167 12.348
25 5 1 41.214 13.153 40.102 12.348
26 5 1 41.203 13.153 40.091 12.348
27 5 1 41.171 13.154 40.059 12.348
28 5 1 41.127 13.154 40.016 12.349
29 5 1 41.084 13.176 39.973 12.371
30 5 1 41.041 13.176 39.929 12.371
31 5 1 40.998 13.176 39.886 12.371
32 5 1 40.954 13.177 39.843 12.371
33 5 1 40.911 13.198 39.800 12.393
34 5 1 40.868 13.199 39.756 12.394
36 5 1 40.803 13.199 39.691 12.394
37 5 1 40.738 13.200 39.626 12.394
38 5 1 40.727 13.200 39.615 12.394
39 5 1 40.695 13.200 39.583 12.395
40 5 1 40.673 13.200 39.561 12.395
41 5 1 40.608 13.200 39.496 12.395
42 5 1 40.586 13.179 39.475 12.374
43 5 1 40.521 13.179 39.410 12.374
44 5 1 40.500 13.179 39.388 12.374
45 5 1 40.435 13.158 39.323 12.353
46 5 1 40.413 13.158 39.301 12.353
47 5 1 40.348 13.137 39.236 12.332
48 5 1 40.326 13.137 39.214 12.332
49 5 1 40.261 13.116 39.149 12.311
50 5 1 40.239 13.116 39.127 12.311
51 5 1 40.174 13.116 39.063 12.311
52 5 1 40.152 13.095 39.041 12.290
53 5 1 40.098 13.095 38.987 12.290
54 5 1 40.066 13.096 38.954 12.290
55 5 1 40.022 13.096 38.911 12.291
56 5 1 39.990 13.096 38.878 12.291
57 5 1 39.979 13.096 38.867 12.291
58 5 1 39.903 13.097 38.792 12.291
59 5 1 39.893 13.097 38.781 12.291
60 5 1 39.828 13.097 38.716 12.292
61 5 1 39.806 13.097 38.694 12.292
62 5 1 39.730 13.098 38.618 12.292
63 5 1 39.719 13.098 38.608 12.292
64 5 1 39.643 13.098 38.532 12.293
65 5 1 39.633 13.120 38.521 12.315
66 5 1 39.568 13.120 38.456 12.315
67 5 1 39.546 13.120 38.434 12.315
68 5 1 39.481 13.121 38.369 12.316
69 5 1 39.460 13.121 38.348 12.316
70 5 1 39.384 13.121 38.272 12.316
71 5 1 39.384 13.121 38.272 12.316
72 5 1 39.351 13.143 38.240 12.338
73 5 1 39.308 13.144 38.196 12.338
74 5 1 39.286 13.144 38.175 12.338
75 5 1 39.221 13.144 38.110 12.339
76 5 1 39.200 13.144 38.088 12.339
77 5 1 39.146 13.145 38.034 12.339
78 5 1 39.113 13.145 38.001 12.339
79 5 1 39.070 13.145 37.958 12.340
80 5 1 39.026 13.145 37.915 12.340
81 5 1 38.983 13.146 37.871 12.340
82 5 1 38.940 13.146 37.828 12.341
83 5 1 38.896 13.146 37.785 12.341
84 5 1 38.831 13.147 37.720 12.341
85 5 1 38.810 13.125 37.698 12.320
86 5 1 38.744 13.126 37.633 12.320
87 5 1 38.723 13.126 37.611 12.320
88 5 1 38.679 13.126 37.568 12.320
89 5 1 38.636 13.148 37.525 12.342
90 5 1 38.615 13.148 37.503 12.342
91 5 1 38.593 13.148 37.481 12.343
92 5 1 38.550 13.148 37.438 12.343
93 5 1 38.506 13.149 37.394 12.343
94 5 1 38.463 13.149 37.351 12.343
95 5 1 38.409 13.149 37.297 12.344
96 5 1 38.398 13.171 37.286 12.365
97 5 1 38.376 13.171 37.265 12.366
98 5 1 38.311 13.172 37.200 12.366
99 5 1 38.290 13.172 37.178 12.366
100 5 1 38.214 13.194 37.102 12.388
101 5 1 38.192 13.194 37.080 12.388
102 5 1 38.138 13.194 37.026 12.389
103 5 1 38.116 13.195 37.005 12.389
104 5 1 38.052 13.217 36.940 12.411
105 5 1 38.052 13.217 36.940 12.411
106 5 1 37.997 13.217 36.886 12.411
107 5 1 37.987 13.217 36.875 12.411
108 5 1 37.922 13.217 36.810 12.412
109 5 1 37.922 13.217 36.810 12.412
110 5 1 37.867 13.218 36.755 12.412
111 5 1 37.856 13.218 36.745 12.412
112 5 1 37.780 13.197 36.669 12.391
113 5 1 37.770 13.197 36.658 12.391
114 5 1 37.705 13.197 36.593 12.391
115 5 1 37.683 13.176 36.571 12.370
116 5 1 37.628 13.176 36.517 12.370
117 5 1 37.596 13.154 36.484 12.349
118 5 1 37.542 13.155 36.430 12.349
119 5 1 37.509 13.133 36.397 12.328
120 5 1 37.465 13.134 36.354 12.328
121 5 1 37.422 13.112 36.310 12.306
122 5 1 37.389 13.112 36.278 12.307
123 5 1 37.378 13.091 36.267 12.285
124 5 1 37.324 13.091 36.212 12.285
125 5 1 37.313 13.091 36.202 12.285
126 5 1 37.292 13.091 36.180 12.286
127 5 1 37.248 13.092 36.137 12.286
128 5 1 37.205 13.070 36.093 12.264
129 5 1 37.161 13.070 36.050 12.265
130 5 1 37.140 13.071 36.028 12.265
131 5 1 37.107 13.071 35.995 12.265
132 5 1 37.042 13.071 35.930 12.265
133 5 1 37.031 13.093 35.920 12.287
134 5 1 36.966 13.093 35.855 12.288
136 5 1 36.869 13.094 35.757 12.288
137 5 1 36.847 13.094 35.735 12.288
138 5 1 36.793 13.116 35.681 12.310
139 5 1 36.771 13.116 35.660 12.310
140 5 1 36.706 13.117 35.594 12.311
141 5 1 36.685 13.139 35.573 12.333
142 5 1 36.609 13.139 35.497 12.333
143 5 1 36.609 13.139 35.497 12.333
144 5 1 36.565 13.139 35.454 12.333
145 5 1 36.522 13.140 35.410 12.334
146 5 1 36.489 13.140 35.378 12.334
147 5 1 36.446 13.140 35.334 12.334
148 5 1 36.403 13.140 35.291 12.334
149 5 1 36.349 13.162 35.237 12.356
150 5 1 36.316 13.163 35.204 12.357
151 5 1 36.273 13.163 35.161 12.357
152 5 1 36.229 13.163 35.117 12.357
153 5 1 36.186 13.163 35.074 12.357
154 5 1 36.142 13.164 35.031 12.358
155 5 1 36.088 13.164 34.976 12.358
156 5 1 36.056 13.164 34.944 12.358
157 5 1 36.012 13.164 34.900 12.358
158 5 1 35.980 13.165 34.868 12.359
159 5 1 35.925 13.165 34.814 12.359
160 5 1 35.904 13.187 34.792 12.381
161 5 1 35.850 13.187 34.738 12.381
162 5 1 35.817 13.187 34.705 12.381
163 5 1 35.796 13.209 34.684 12.403
164 5 1 35.763 13.209 34.651 12.403
165 5 1 35.709 13.210 34.597 12.404
166 5 1 35.687 13.232 34.575 12.425
167 5 1 35.622 13.232 34.510 12.426
169 5 1 35.557 13.254 34.445 12.448
170 5 1 35.514 13.254 34.402 12.448
171 5 1 35.470 13.276 34.358 12.470
172 5 1 35.427 13.277 34.315 12.470
173 5 1 35.373 13.299 34.261 12.492
174 5 1 35.340 13.299 34.228 12.493
175 5 1 35.286 13.321 34.174 12.515
176 5 1 35.264 13.321 34.152 12.515
177 5 1 35.254 13.321 34.142 12.515
178 5 1 35.178 13.343 34.066 12.537
179 5 1 35.189 13.343 34.077 12.537
180 5 1 35.145 13.344 34.033 12.537
181 5 1 35.102 13.344 33.990 12.537
182 5 1 35.058 13.344 33.946 12.538
183 5 1 35.015 13.344 33.903 12.538
184 5 1 34.993 13.344 33.881 12.538
185 5 1 34.928 13.345 33.816 12.539
186 5 1 34.906 13.345 33.794 12.539
187 5 1 34.830 13.346 33.718 12.539
188 5 1 34.809 13.346 33.697 12.539
189 5 1 34.743 13.346 33.632 12.540
190 5 1 34.711 13.346 33.599 12.540
191 5 1 34.667 13.347 33.556 12.540
192 5 1 34.624 13.347 33.512 12.540
193 5 1 34.602 13.347 33.490 12.541
194 5 1 34.537 13.347 33.425 12.541
195 5 1 34.515 13.348 33.403 12.541
196 5 1 34.472 13.370 33.360 12.563
197 5 1 34.429 13.370 33.317 12.563
198 5 1 34.407 13.370 33.295 12.563
199 5 1 34.385 13.392 33.273 12.585
200 5 1 34.320 13.392 33.208 12.586
201 5 1 34.298 13.392 33.187 12.586
202 5 1 34.223 13.415 33.111 12.608
203 5 1 34.201 13.415 33.089 12.608
204 5 1 34.136 13.415 33.024 12.608
205 5 1 34.125 13.437 33.013 12.630
206 5 1 34.060 13.437 32.948 12.631
207 5 1 34.038 13.459 32.926 12.652
208 5 1 33.962 13.460 32.850 12.653
209 5 1 33.941 13.481 32.828 12.675
210 5 1 33.875 13.482 32.763 12.675
211 5 1 33.864 13.482 32.752 12.675
212 5 1 33.821 13.482 32.709 12.675
213 5 1 33.778 13.482 32.666 12.676
214 5 1 33.734 13.483 32.622 12.676
215 5 1 33.702 13.483 32.589 12.676
216 5 1 33.680 13.483 32.568 12.676
217 5 1 33.615 13.484 32.503 12.677
218 5 1 33.604 13.484 32.492 12.677
219 5 1 33.539 13.484 32.427 12.677
220 5 1 33.517 13.484 32.405 12.677
221 5 1 33.441 13.485 32.329 12.678
222 5 1 33.430 13.463 32.318 12.656
223 5 1 33.354 13.463 32.242 12.657
224 5 1 33.343 13.464 32.231 12.657
225 5 1 33.278 13.464 32.166 12.657
226 5 1 33.256 13.442 32.144 12.636
227 5 1 33.180 13.443 32.068 12.636
228 5 1 33.169 13.443 32.057 12.636
229 5 1 33.115 13.443 32.003 12.636
230 5 1 33.082 13.443 31.970 12.637
231 5 1 33.039 13.444 31.926 12.637
232 5 1 33.017 13.444 31.905 12.637
233 5 1 32.984 13.444 31.872 12.637
234 5 1 32.919 13.445 31.807 12.638
235 5 1 32.908 13.445 31.796 12.638
236 5 1 32.843 13.445 31.731 12.638
237 5 1 32.821 13.445 31.709 12.638
238 5 1 32.745 13.467 31.633 12.660
239 5 1 32.723 13.467 31.611 12.661
240 5 1 32.658 13.468 31.546 12.661
241 5 1 32.647 13.468 31.535 12.661
242 5 1 32.582 13.468 31.470 12.661
243 5 1 32.539 13.490 31.427 12.683
244 5 1 32.517 13.491 31.405 12.684
245 5 1 32.452 13.491 31.340 12.684
246 5 1 32.430 13.491 31.318 12.684
247 5 1 32.354 13.492 31.242 12.685
248 5 1 32.354 13.492 31.242 12.685
249 5 1 32.310 13.492 31.198 12.685
250 5 1 32.267 13.492 31.155 12.685
251 5 1 32.234 13.492 31.122 12.685
252 5 1 32.191 13.493 31.079 12.686
253 5 1 32.147 13.493 31.035 12.686
254 5 1 32.093 13.493 30.981 12.686
255 5 1 32.060 13.493 30.948 12.686
256 5 1 32.006 13.472 30.894 12.665
257 5 1 31.973 13.472 30.861 12.665
258 5 1 31.930 13.473 30.818 12.666
259 5 1 31.886 13.473 30.774 12.666
260 5 1 31.832 13.473 30.720 12.666
261 5 1 31.799 13.473 30.687 12.666
262 5 1 31.745 13.452 30.633 12.645
263 5 1 31.723 13.452 30.611 12.645
264 5 1 31.658 13.453 30.546 12.646
265 5 1 31.669 13.474 30.557 12.667
266 5 1 31.615 13.475 30.502 12.667
267 5 1 31.582 13.475 30.470 12.668
268 5 1 31.560 13.475 30.448 12.668
269 5 1 31.495 13.475 30.383 12.668
270 5 1 31.473 13.475 30.361 12.668
271 5 1 31.397 13.476 30.285 12.669
272 5 1 31.375 13.476 30.263 12.669
273 5 1 31.332 13.476 30.220 12.669
274 5 1 31.288 13.477 30.176 12.670
275 5 1 31.256 13.477 30.144 12.670
276 5 1 31.212 13.477 30.100 12.670
277 5 1 31.169 13.499 30.057 12.692
278 5 1 31.114 13.499 30.002 12.692
279 5 1 31.082 13.500 29.970 12.692
280 5 1 31.027 13.500 29.915 12.693
281 5 1 31.006 13.500 29.893 12.693
282 5 1 30.995 13.500 29.883 12.693
283 5 1 30.919 13.501 29.806 12.694
284 5 1 30.929 13.501 29.817 12.693
285 5 1 30.886 13.501 29.774 12.694
286 5 1 30.831 13.501 29.719 12.694
287 5 1 30.799 13.502 29.687 12.694
288 5 1 30.755 13.502 29.643 12.695
290 5 1 30.668 13.502 29.556 12.695
291 5 1 30.646 13.481 29.534 12.673
292 5 1 30.570 13.481 29.458 12.674
293 5 1 30.549 13.481 29.436 12.674
294 5 1 30.483 13.482 29.371 12.674
295 5 1 30.472 13.460 29.360 12.653
297 5 1 30.385 13.461 29.273 12.653
298 5 1 30.309 13.461 29.197 12.654
299 5 1 30.287 13.461 29.175 12.654
300 5 1 30.244 13.462 29.132 12.654
301 5 1 30.200 13.462 29.088 12.655
302 5 1 30.168 13.462 29.056 12.655
303 5 1 30.146 13.462 29.034 12.655
304 5 1 30.124 13.462 29.012 12.655
305 5 1 30.059 13.463 28.947 12.655
306 5 1 30.037 13.463 28.925 12.656
307 5 1 29.961 13.485 28.849 12.678
308 5 1 29.939 13.485 28.827 12.678
309 5 1 29.874 13.486 28.762 12.678
310 5 1 29.863 13.486 28.751 12.678
311 5 1 29.798 13.486 28.686 12.679
312 5 1 29.776 13.486 28.664 12.679
313 5 1 29.700 13.509 28.588 12.701
314 5 1 29.678 13.509 28.566 12.701
315 5 1 29.613 13.509 28.501 12.702
316 5 1 29.602 13.509 28.490 12.702
317 5 1 29.558 13.509 28.446 12.702
318 5 1 29.515 13.510 28.403 12.702
319 5 1 29.471 13.510 28.359 12.702
320 5 1 29.417 13.510 28.305 12.703
321 5 1 29.406 13.510 28.294 12.703
322 5 1 29.384 13.511 28.272 12.703
323 5 1 29.319 13.489 28.207 12.682
324 5 1 29.297 13.489 28.185 12.682
325 5 1 29.221 13.490 28.109 12.682
326 5 1 29.199 13.468 28.087 12.661
327 5 1 29.134 13.469 28.022 12.661
328 5 1 29.101 13.469 27.989 12.661
329 5 1 29.057 13.447 27.945 12.640
330 5 1 29.014 13.448 27.902 12.640
331 5 1 28.970 13.448 27.858 12.640
332 5 1 28.916 13.448 27.804 12.641
333 5 1 28.883 13.427 27.771 12.619
334 5 1 28.861 13.427 27.749 12.619
335 5 1 28.796 13.427 27.684 12.620
336 5 1 28.774 13.428 27.662 12.620
337 5 1 28.698 13.428 27.586 12.620
338 5 1 28.698 13.428 27.586 12.620
339 5 1 28.654 13.428 27.542 12.621
340 5 1 28.611 13.429 27.499 12.621
341 5 1 28.578 13.429 27.466 12.621
342 5 1 28.535 13.429 27.423 12.621
343 5 1 28.491 13.429 27.379 12.622
344 5 1 28.437 13.430 27.325 12.622
345 5 1 28.404 13.430 27.292 12.622
346 5 1 28.349 13.430 27.237 12.623
347 5 1 28.317 13.430 27.205 12.623
348 5 1 28.273 13.431 27.161 12.623
349 5 1 28.230 13.431 27.118 12.623
350 5 1 28.175 13.431 27.063 12.624
351 5 1 28.143 13.432 27.030 12.624
352 5 1 28.121 13.432 27.009 12.624
353 5 1 28.055 13.432 26.943 12.624
354 5 1 28.034 13.432 26.922 12.625
355 5 1 27.957 13.433 26.845 12.625
356 5 1 27.936 13.433 26.824 12.625
357 5 1 27.892 13.411 26.780 12.604
358 5 1 27.848 13.412 26.736 12.604
359 5 1 27.816 13.412 26.704 12.604
360 5 1 27.772 13.412 26.660 12.604
361 5 1 27.729 13.412 26.617 12.605
362 5 1 27.674 13.391 26.562 12.583
363 5 1 27.630 13.391 26.518 12.584
364 5 1 27.587 13.392 26.475 12.584
365 5 1 27.554 13.392 26.442 12.584
366 5 1 27.511 13.392 26.399 12.584
367 5 1 27.467 13.392 26.355 12.585
368 5 1 27.413 13.393 26.301 12.585
369 5 1 27.402 13.393 26.290 12.585
370 5 1 27.380 13.393 26.268 12.585
371 5 1 27.315 13.372 26.202 12.564
372 5 1 27.293 13.372 26.181 12.564
373 5 1 27.249 13.372 26.137 12.564
374 5 1 27.206 13.372 26.094 12.564
375 5 1 27.162 13.373 26.050 12.565
376 5 1 27.118 13.373 26.006 12.565
377 5 1 27.075 13.395 25.963 12.587
378 5 1 27.031 13.395 25.919 12.587
379 5 1 26.988 13.395 25.876 12.588
380 5 1 26.944 13.396 25.832 12.588
381 5 1 26.900 13.396 25.788 12.588
382 5 1 26.857 13.396 25.745 12.588
383 5 1 26.813 13.397 25.701 12.589
384 5 1 26.791 13.397 25.679 12.589
385 5 1 26.770 13.397 25.658 12.589
386 5 1 26.704 13.397 25.592 12.589
387 5 1 26.704 13.397 25.592 12.589
388 5 1 26.650 13.398 25.538 12.590
389 5 1 26.617 13.398 25.505 12.590
390 5 1 26.595 13.398 25.483 12.590
391 5 1 26.519 13.398 25.407 12.590
392 5 1 26.508 13.399 25.396 12.591
393 5 1 26.454 13.399 25.342 12.591
394 5 1 26.421 13.399 25.309 12.591
395 5 1 26.377 13.378 25.265 12.570
396 5 1 26.334 13.378 25.222 12.570
397 5 1 26.290 13.378 25.178 12.570
398 5 1 26.236 13.379 25.124 12.570
399 5 1 26.203 13.357 25.091 12.549
400 5 1 26.181 13.357 25.069 12.549
401 5 1 26.148 13.357 25.036 12.549
402 5 1 26.083 13.358 24.971 12.550
403 5 1 26.094 13.358 24.982 12.550
404 5 1 26.039 13.358 24.927 12.550
405 5 1 26.028 13.336 24.916 12.528
406 5 1 25.952 13.337 24.840 12.529
407 5 1 25.941 13.337 24.829 12.529
408 5 1 25.898 13.337 24.786 12.529
409 5 1 25.854 13.337 24.742 12.529
410 5 1 25.821 13.338 24.709 12.530
411 5 1 25.799 13.338 24.687 12.530
412 5 1 25.734 13.338 24.622 12.530
413 5 1 25.723 13.338 24.611 12.530
414 5 1 25.658 13.339 24.546 12.531
415 5 1 25.636 13.339 24.524 12.531
416 5 1 25.581 13.339 24.469 12.531
417 5 1 25.538 13.339 24.426 12.531
418 5 1 25.494 13.340 24.382 12.532
419 5 1 25.483 13.340 24.371 12.532
420 5 1 25.461 13.340 24.349 12.532
421 5 1 25.407 13.340 24.295 12.532
422 5 1 25.374 13.340 24.262 12.532
423 5 1 25.352 13.341 24.240 12.532
35 5 1 40.825 13.199 39.713 12.394
135 5 1 36.945 13.094 35.833 12.288
168 5 1 35.600 13.232 34.488 12.426
289 5 1 30.734 13.502 29.621 12.695
296 5 1 30.407 13.461 29.295 12.653
0 6 1 41.045 9.222 39.937 8.506
1 6 1 41.078 9.243 39.915 8.495
2 6 1 41.056 9.254 39.894 8.506
3 6 1 41.056 9.265 39.894 8.517
4 6 1 41.035 9.254 39.872 8.506
5 6 1 41.013 9.287 39.851 8.539
6 6 1 41.013 9.276 39.851 8.528
7 6 1 40.992 9.287 39.829 8.539
8 6 1 40.960 9.308 39.797 8.560
9 6 1 40.949 9.309 39.786 8.561
10 6 1 40.949 9.319 39.786 8.571
11 6 1 40.885 9.374 39.722 8.626
12 6 1 40.906 9.320 39.743 8.572
13 6 1 40.884 9.352 39.722 8.604
14 6 1 40.884 9.320 39.722 8.572
15 6 1 40.863 9.352 39.700 8.604
16 6 1 40.841 9.363 39.679 8.615
17 6 1 40.820 9.385 39.657 8.637
18 6 1 40.798 9.363 39.636 8.615
19 6 1 40.777 9.374 39.614 8.626
20 6 1 40.755 9.374 39.592 8.626
21 6 1 40.734 9.396 39.571 8.648
22 6 1 40.712 9.385 39.549 8.637
23 6 1 40.691 9.396 39.528 8.648
24 6 1 40.669 9.386 39.506 8.637
25 6 1 40.647 9.396 39.485 8.648
26 6 1 40.604 9.407 39.442 8.659
27 6 1 40.583 9.418 39.420 8.670
28 6 1 40.539 9.408 39.377 8.660
29 6 1 40.518 9.419 39.355 8.671
30 6 1 40.475 9.430 39.312 8.682
31 6 1 40.453 9.441 39.291 8.692
32 6 1 40.432 9.430 39.269 8.682
33 6 1 40.389 9.441 39.226 8.693
34 6 1 40.367 9.430 39.204 8.682
36 6 1 40.324 9.452 39.161 8.704
37 6 1 40.302 9.463 39.140 8.715
38 6 1 40.281 9.452 39.118 8.704
39 6 1 40.237 9.463 39.075 8.715
40 6 1 40.216 9.474 39.053 8.726
41 6 1 40.194 9.485 39.032 8.737
42 6 1 40.151 9.475 38.988 8.726
43 6 1 40.130 9.485 38.967 8.737
44 6 1 40.087 9.496 38.924 8.748
45 6 1 40.065 9.507 38.902 8.759
46 6 1 40.022 9.497 38.859 8.749
47 6 1 39.979 9.508 38.816 8.760
48 6 1 39.935 9.519 38.773 8.771
49 6 1 39.914 9.530 38.751 8.781
50 6 1 39.871 9.541 38.708 8.792
51 6 1 39.828 9.552 38.665 8.803
52 6 1 39.806 9.541 38.643 8.793
53 6 1 39.785 9.552 38.622 8.804
54 6 1 39.741 9.563 38.579 8.815
55 6 1 39.720 9.574 38.557 8.826
56 6 1 39.677 9.563 38.514 8.815
57 6 1 39.655 9.574 38.492 8.826
58 6 1 39.612 9.564 38.449 8.815
59 6 1 39.590 9.575 38.427 8.826
60 6 1 39.547 9.564 38.384 8.816
61 6 1 39.525 9.575 38.363 8.827
62 6 1 39.482 9.565 38.319 8.816
63 6 1 39.439 9.576 38.276 8.827
64 6 1 39.396 9.565 38.233 8.817
65 6 1 39.352 9.576 38.190 8.828
66 6 1 39.309 9.565 38.146 8.817
67 6 1 39.288 9.576 38.125 8.828
68 6 1 39.244 9.544 38.081 8.796
69 6 1 39.201 9.555 38.038 8.807
70 6 1 39.158 9.545 37.995 8.796
71 6 1 39.136 9.556 37.973 8.807
72 6 1 39.114 9.545 37.952 8.796
73 6 1 39.071 9.556 37.908 8.807
74 6 1 39.050 9.545 37.887 8.797
75 6 1 39.006 9.556 37.844 8.808
76 6 1 38.985 9.546 37.822 8.797
77 6 1 38.942 9.557 37.779 8.808
78 6 1 38.898 9.546 37.735 8.798
79 6 1 38.877 9.557 37.714 8.808
80 6 1 38.833 9.546 37.670 8.798
81 6 1 38.790 9.557 37.627 8.809
82 6 1 38.747 9.547 37.584 8.798
83 6 1 38.704 9.558 37.541 8.809
84 6 1 38.660 9.547 37.497 8.799
85 6 1 38.617 9.558 37.454 8.810
86 6 1 38.574 9.569 37.411 8.821
87 6 1 38.553 9.580 37.390 8.832
88 6 1 38.509 9.570 37.346 8.821
89 6 1 38.488 9.581 37.325 8.832
90 6 1 38.444 9.570 37.281 8.822
91 6 1 38.423 9.581 37.260 8.832
92 6 1 38.379 9.571 37.217 8.822
93 6 1 38.336 9.582 37.173 8.833
94 6 1 38.315 9.571 37.152 8.822
95 6 1 38.271 9.582 37.108 8.833
96 6 1 38.250 9.571 37.087 8.823
97 6 1 38.206 9.582 37.044 8.834
98 6 1 38.163 9.572 37.000 8.823
99 6 1 38.120 9.583 36.957 8.834
100 6 1 38.077 9.594 36.914 8.845
101 6 1 38.034 9.605 36.871 8.856
102 6 1 37.990 9.594 36.827 8.846
103 6 1 37.969 9.605 36.806 8.856
104 6 1 37.925 9.595 36.762 8.846
105 6 1 37.882 9.606 36.719 8.857
106 6 1 37.861 9.595 36.698 8.846
107 6 1 37.817 9.606 36.654 8.857
108 6 1 37.796 9.595 36.633 8.847
109 6 1 37.774 9.606 36.611 8.857
110 6 1 37.731 9.596 36.568 8.847
111 6 1 37.709 9.607 36.546 8.858
112 6 1 37.666 9.596 36.503 8.847
113 6 1 37.644 9.607 36.481 8.858
114 6 1 37.601 9.596 36.438 8.848
115 6 1 37.579 9.607 36.416 8.858
116 6 1 37.536 9.597 36.373 8.848
117 6 1 37.493 9.608 36.330 8.859
118 6 1 37.471 9.597 36.308 8.848
119 6 1 37.428 9.608 36.265 8.859
120 6 1 37.385 9.598 36.222 8.849
121 6 1 37.363 9.608 36.200 8.860
122 6 1 37.320 9.598 36.157 8.849
123 6 1 37.298 9.609 36.135 8.860
124 6 1 37.255 9.598 36.092 8.849
125 6 1 37.233 9.609 36.070 8.860
126 6 1 37.211 9.599 36.048 8.850
127 6 1 37.190 9.609 36.027 8.861
128 6 1 37.147 9.599 35.984 8.850
129 6 1 37.125 9.610 35.962 8.861
130 6 1 37.082 9.599 35.919 8.850
131 6 1 37.060 9.610 35.897 8.861
132 6 1 37.017 9.600 35.854 8.851
133 6 1 36.995 9.589 35.832 8.840
134 6 1 36.952 9.578 35.789 8.829
136 6 1 36.887 9.557 35.724 8.808
137 6 1 36.843 9.568 35.680 8.819
138 6 1 36.800 9.558 35.637 8.809
139 6 1 36.757 9.547 35.594 8.798
140 6 1 36.735 9.536 35.572 8.787
141 6 1 36.692 9.526 35.529 8.777
142 6 1 36.670 9.515 35.507 8.766
143 6 1 36.626 9.505 35.463 8.756
144 6 1 36.605 9.494 35.442 8.745
145 6 1 36.562 9.505 35.399 8.756
146 6 1 36.540 9.494 35.377 8.745
147 6 1 36.496 9.484 35.333 8.735
148 6 1 36.475 9.473 35.312 8.724
149 6 1 36.453 9.484 35.290 8.735
150 6 1 36.410 9.473 35.247 8.724
151 6 1 36.367 9.484 35.204 8.735
152 6 1 36.345 9.474 35.182 8.725
153 6 1 36.302 9.463 35.139 8.714
154 6 1 36.258 9.453 35.095 8.704
155 6 1 36.215 9.464 35.052 8.715
156 6 1 36.172 9.453 35.009 8.704
157 6 1 36.150 9.464 34.987 8.715
158 6 1 36.107 9.453 34.944 8.705
159 6 1 36.063 9.464 34.900 8.716
160 6 1 36.042 9.454 34.879 8.705
161 6 1 35.998 9.465 34.835 8.716
162 6 1 35.977 9.454 34.814 8.705
163 6 1 35.934 9.465 34.771 8.716
164 6 1 35.890 9.455 34.727 8.706
165 6 1 35.868 9.444 34.705 8.695
166 6 1 35.825 9.433 34.662 8.684
167 6 1 35.803 9.444 34.640 8.695
169 6 1 35.738 9.423 34.575 8.674
170 6 1 35.695 9.413 34.532 8.664
171 6 1 35.652 9.424 34.489 8.675
172 6 1 35.608 9.413 34.445 8.664
173 6 1 35.565 9.402 34.402 8.653
174 6 1 35.543 9.392 34.380 8.643
175 6 1 35.500 9.381 34.337 8.632
176 6 1 35.457 9.371 34.294 8.622
177 6 1 35.435 9.360 34.272 8.611
178 6 1 35.391 9.349 34.229 8.600
179 6 1 35.370 9.339 34.207 8.590
180 6 1 35.326 9.328 34.163 8.579
181 6 1 35.305 9.318 34.142 8.569
182 6 1 35.261 9.307 34.098 8.558
183 6 1 35.240 9.318 34.077 8.569
184 6 1 35.218 9.307 34.055 8.558
185 6 1 35.175 9.297 34.012 8.548
186 6 1 35.153 9.286 33.990 8.537
187 6 1 35.109 9.275 33.947 8.526
188 6 1 35.088 9.265 33.925 8.516
189 6 1 35.045 9.276 33.882 8.527
190 6 1 35.001 9.244 33.838 8.495
191 6 1 34.979 9.255 33.817 8.506
192 6 1 34.936 9.244 33.773 8.495
193 6 1 34.893 9.233 33.730 8.484
194 6 1 34.871 9.223 33.708 8.474
195 6 1 34.828 9.234 33.665 8.485
196 6 1 34.784 9.223 33.621 8.474
197 6 1 34.763 9.213 33.600 8.463
198 6 1 34.719 9.202 33.556 8.453
199 6 1 34.698 9.191 33.535 8.442
200 6 1 34.676 9.181 33.513 8.432
201 6 1 34.633 9.192 33.470 8.443
202 6 1 34.611 9.159 33.448 8.410
203 6 1 34.567 9.170 33.405 8.421
204 6 1 34.546 9.138 33.383 8.389
205 6 1 34.524 9.149 33.361 8.400
206 6 1 34.480 9.117 33.318 8.368
207 6 1 34.437 9.128 33.274 8.379
208 6 1 34.415 9.096 33.253 8.347
209 6 1 34.372 9.107 33.209 8.358
210 6 1 34.350 9.074 33.187 8.325
211 6 1 34.307 9.085 33.144 8.336
212 6 1 34.285 9.053 33.122 8.304
213 6 1 34.242 9.064 33.079 8.315
214 6 1 34.220 9.032 33.057 8.283
215 6 1 34.177 9.043 33.014 8.294
216 6 1 34.155 9.011 32.992 8.262
217 6 1 34.112 9.022 32.949 8.273
218 6 1 34.090 9.011 32.927 8.262
219 6 1 34.068 9.000 32.906 8.251
220 6 1 34.025 8.990 32.862 8.241
221 6 1 34.003 9.001 32.841 8.252
222 6 1 33.960 8.990 32.797 8.241
223 6 1 33.938 8.980 32.775 8.231
224 6 1 33.895 8.969 32.732 8.220
225 6 1 33.852 8.980 32.689 8.231
226 6 1 33.830 8.969 32.667 8.220
227 6 1 33.787 8.980 32.624 8.231
228 6 1 33.765 8.970 32.602 8.221
229 6 1 33.722 8.981 32.559 8.232
230 6 1 33.700 8.970 32.537 8.221
231 6 1 33.657 8.981 32.494 8.232
232 6 1 33.635 8.992 32.472 8.243
233 6 1 33.592 8.981 32.429 8.232
234 6 1 33.570 8.971 32.407 8.222
235 6 1 33.548 8.982 32.385 8.233
236 6 1 33.505 8.971 32.342 8.222
237 6 1 33.483 8.982 32.320 8.233
238 6 1 33.461 8.971 32.299 8.222
239 6 1 33.418 8.961 32.255 8.212
240 6 1 33.396 8.950 32.234 8.201
241 6 1 33.353 8.961 32.190 8.212
242 6 1 33.331 8.950 32.169 8.201
243 6 1 33.310 8.961 32.147 8.212
244 6 1 33.266 8.951 32.104 8.202
245 6 1 33.245 8.940 32.082 8.191
246 6 1 33.201 8.929 32.038 8.180
247 6 1 33.158 8.941 31.995 8.191
248 6 1 33.136 8.908 31.973 8.159
249 6 1 33.093 8.919 31.930 8.170
250 6 1 33.049 8.887 31.887 8.138
251 6 1 33.028 8.898 31.865 8.149
252 6 1 32.984 8.887 31.822 8.138
253 6 1 32.941 8.877 31.778 8.128
254 6 1 32.919 8.866 31.756 8.117
255 6 1 32.897 8.856 31.735 8.106
256 6 1 32.854 8.845 31.691 8.096
257 6 1 32.832 8.856 31.670 8.107
258 6 1 32.789 8.845 31.626 8.096
259 6 1 32.767 8.856 31.605 8.107
260 6 1 32.724 8.846 31.561 8.097
261 6 1 32.681 8.835 31.518 8.086
262 6 1 32.659 8.824 31.496 8.075
263 6 1 32.616 8.835 31.453 8.086
264 6 1 32.572 8.825 31.410 8.076
265 6 1 32.551 8.836 31.388 8.087
266 6 1 32.507 8.825 31.344 8.076
267 6 1 32.464 8.836 31.301 8.087
268 6 1 32.421 8.826 31.258 8.077
269 6 1 32.377 8.837 31.214 8.088
270 6 1 32.334 8.826 31.171 8.077
271 6 1 32.291 8.837 31.128 8.088
272 6 1 32.269 8.805 31.106 8.056
273 6 1 32.247 8.816 31.084 8.067
274 6 1 32.204 8.805 31.041 8.056
275 6 1 32.160 8.816 30.998 8.067
276 6 1 32.139 8.806 30.976 8.056
277 6 1 32.095 8.817 30.933 8.067
278 6 1 32.074 8.806 30.911 8.057
279 6 1 32.030 8.795 30.867 8.046
280 6 1 31.987 8.785 30.824 8.036
281 6 1 31.965 8.796 30.802 8.047
282 6 1 31.922 8.785 30.759 8.036
283 6 1 31.878 8.775 30.716 8.025
284 6 1 31.857 8.764 30.694 8.015
285 6 1 31.813 8.775 30.651 8.026
286 6 1 31.770 8.743 30.607 7.994
287 6 1 31.726 8.754 30.564 8.005
288 6 1 31.705 8.743 30.542 7.994
290 6 1 31.640 8.722 30.477 7.973
291 6 1 31.596 8.733 30.434 7.984
292 6 1 31.553 8.722 30.390 7.973
293 6 1 31.531 8.733 30.368 7.984
294 6 1 31.488 8.701 30.260 7.952
295 6 1 31.455 8.701 30.292 7.952
297 6 1 31.390 8.702 30.227 7.952
298 6 1 31.369 8.713 30.206 7.963
299 6 1 31.325 8.702 30.162 7.953
300 6 1 31.282 8.713 30.119 7.964
301 6 1 31.238 8.724 30.076 7.975
302 6 1 31.195 8.735 30.032 7.986
303 6 1 31.152 8.724 29.989 7.975
304 6 1 31.108 8.735 29.946 7.986
305 6 1 31.065 8.725 29.902 7.976
306 6 1 31.022 8.736 29.859 7.987
307 6 1 31.000 8.725 29.837 7.976
308 6 1 30.978 8.736 29.815 7.987
309 6 1 30.935 8.726 29.772 7.976
310 6 1 30.891 8.737 29.729 7.987
311 6 1 30.870 8.726 29.707 7.977
312 6 1 30.848 8.737 29.685 7.987
313 6 1 30.805 8.726 29.642 7.977
314 6 1 30.761 8.737 29.599 7.988
315 6 1 30.718 8.727 29.555 7.977
316 6 1 30.675 8.738 29.512 7.988
317 6 1 30.631 8.727 29.468 7.978
318 6 1 30.588 8.738 29.425 7.989
319 6 1 30.544 8.728 29.382 7.978
320 6 1 30.501 8.739 29.338 7.989
321 6 1 30.458 8.728 29.295 7.979
322 6 1 30.414 8.739 29.251 7.990
323 6 1 30.371 8.729 29.208 7.979
324 6 1 30.327 8.718 29.165 7.969
325 6 1 30.284 8.707 29.121 7.958
326 6 1 30.241 8.718 29.078 7.969
327 6 1 30.219 8.708 29.056 7.958
328 6 1 30.219 8.719 29.056 7.969
329 6 1 30.175 8.708 29.013 7.959
330 6 1 30.154 8.719 28.991 7.969
331 6 1 30.089 8.708 28.926 7.959
332 6 1 30.067 8.719 28.904 7.970
333 6 1 30.024 8.730 28.861 7.981
334 6 1 29.980 8.741 28.817 7.992
335 6 1 29.937 8.731 28.774 7.981
336 6 1 29.893 8.742 28.731 7.992
337 6 1 29.850 8.753 28.687 8.003
338 6 1 29.807 8.764 28.644 8.014
339 6 1 29.763 8.753 28.600 8.004
340 6 1 29.698 8.764 28.535 8.015
341 6 1 29.676 8.754 28.514 8.004
342 6 1 29.633 8.765 28.470 8.015
343 6 1 29.611 8.754 28.448 8.005
344 6 1 29.590 8.765 28.427 8.015
345 6 1 29.525 8.755 28.362 8.005
346 6 1 29.525 8.765 28.362 8.016
347 6 1 29.481 8.755 28.318 8.005
348 6 1 29.438 8.766 28.275 8.016
349 6 1 29.416 8.755 28.253 8.006
350 6 1 29.351 8.766 28.188 8.017
351 6 1 29.307 8.756 28.145 8.006
352 6 1 29.264 8.767 28.101 8.017
353 6 1 29.221 8.756 28.058 8.007
354 6 1 29.177 8.767 28.014 8.018
355 6 1 29.134 8.757 27.971 8.007
356 6 1 29.090 8.768 27.927 8.018
357 6 1 29.047 8.757 27.884 8.007
358 6 1 29.004 8.768 27.841 8.018
359 6 1 28.960 8.758 27.797 8.008
360 6 1 28.938 8.768 27.775 8.019
361 6 1 28.895 8.758 27.732 8.008
362 6 1 28.852 8.769 27.689 8.019
363 6 1 28.808 8.758 27.645 8.009
364 6 1 28.786 8.791 27.624 8.041
365 6 1 28.765 8.780 27.602 8.030
366 6 1 28.700 8.791 27.537 8.042
367 6 1 28.678 8.802 27.515 8.052
368 6 1 28.635 8.813 27.472 8.063
369 6 1 28.569 8.824 27.406 8.075
370 6 1 28.548 8.835 27.385 8.086
371 6 1 28.483 8.825 27.320 8.075
372 6 1 28.461 8.836 27.298 8.086
373 6 1 28.396 8.847 27.233 8.097
374 6 1 28.374 8.858 27.211 8.108
375 6 1 28.331 8.847 27.168 8.097
376 6 1 28.287 8.858 27.124 8.108
377 6 1 28.265 8.848 27.102 8.098
378 6 1 28.244 8.859 27.081 8.109
379 6 1 28.200 8.870 27.037 8.120
380 6 1 28.157 8.881 26.994 8.131
381 6 1 28.113 8.870 26.950 8.120
382 6 1 28.092 8.881 26.929 8.131
383 6 1 28.048 8.870 26.885 8.120
384 6 1 28.005 8.881 26.842 8.131
385 6 1 27.961 8.892 26.798 8.142
386 6 1 27.918 8.904 26.755 8.154
387 6 1 27.874 8.893 26.711 8.143
388 6 1 27.853 8.904 26.690 8.154
389 6 1 27.788 8.915 26.624 8.165
390 6 1 27.766 8.926 26.603 8.176
391 6 1 27.701 8.915 26.538 8.165
392 6 1 27.679 8.926 26.516 8.176
393 6 1 27.636 8.916 26.472 8.166
394 6 1 27.592 8.927 26.429 8.177
395 6 1 27.570 8.916 26.407 8.166
396 6 1 27.549 8.927 26.385 8.177
397 6 1 27.505 8.938 26.342 8.188
398 6 1 27.462 8.949 26.299 8.199
399 6 1 27.440 8.938 26.277 8.188
400 6 1 27.418 8.971 26.255 8.221
401 6 1 27.353 8.961 26.190 8.210
402 6 1 27.353 8.993 26.190 8.243
403 6 1 27.310 8.982 26.146 8.232
404 6 1 27.266 8.993 26.103 8.243
405 6 1 27.223 8.983 26.060 8.233
406 6 1 27.179 8.994 26.016 8.244
407 6 1 27.158 9.005 25.994 8.255
408 6 1 27.092 9.016 25.929 8.266
409 6 1 27.071 9.005 25.907 8.255
410 6 1 27.027 9.016 25.864 8.266
411 6 1 26.984 9.006 25.820 8.255
412 6 1 26.962 9.017 25.799 8.266
413 6 1 26.940 9.006 25.777 8.256
414 6 1 26.897 9.017 25.734 8.267
415 6 1 26.853 9.028 25.690 8.278
416 6 1 26.832 9.039 25.668 8.289
417 6 1 26.810 9.028 25.647 8.278
418 6 1 26.745 9.039 25.581 8.289
419 6 1 26.723 9.029 25.560 8.278
420 6 1 26.658 9.040 25.494 8.290
421 6 1 26.658 9.029 25.494 8.279
422 6 1 26.614 9.040 25.451 8.290
423 6 1 26.571 9.030 25.407 8.279
35 6 1 40.345 9.441 39.183 8.693
135 6 1 36.908 9.589 35.745 8.840
168 6 1 35.760 9.434 34.597 8.685
289 6 1 31.661 8.733 30.499 7.983
296 6 1 31.412 8.712 30.249 7.963
0 7 1 41.689 9.930 40.871 9.040
1 7 1 41.711 9.962 40.860 9.029
2 7 1 41.700 9.951 40.849 9.018
3 7 1 41.711 9.962 40.860 9.029
4 7 1 41.690 9.962 40.838 9.029
5 7 1 41.679 9.951 40.827 9.018
6 7 1 41.679 9.962 40.827 9.029
7 7 1 41.657 9.962 40.806 9.029
8 7 1 41.646 9.952 40.795 9.018
9 7 1 41.614 9.963 40.763 9.029
10 7 1 41.603 9.963 40.752 9.029
11 7 1 41.625 9.919 40.773 8.986
12 7 1 41.560 9.963 40.709 9.030
13 7 1 41.538 9.952 40.687 9.019
14 7 1 41.495 9.974 40.644 9.041
15 7 1 41.485 9.963 40.633 9.030
16 7 1 41.474 9.942 40.622 9.009
17 7 1 41.452 9.931 40.600 8.998
18 7 1 41.430 9.931 40.579 8.998
19 7 1 41.398 9.931 40.546 8.998
20 7 1 41.387 9.931 40.535 8.998
21 7 1 41.355 9.921 40.514 8.998
23 7 1 41.344 9.910 40.503 8.988
24 7 1 41.322 9.921 40.482 8.999
25 7 1 41.279 9.932 40.438 9.010
26 7 1 41.257 9.921 40.417 8.999
27 7 1 41.257 9.932 40.417 9.010
28 7 1 41.236 9.922 40.395 8.999
29 7 1 41.193 9.933 40.352 9.010
30 7 1 41.171 9.922 40.330 8.999
31 7 1 41.171 9.933 40.330 9.010
32 7 1 41.150 9.944 40.309 9.021
33 7 1 41.106 9.955 40.266 9.032
34 7 1 41.063 9.944 40.223 9.021
36 7 1 41.020 9.966 40.180 9.043
37 7 1 40.977 9.977 40.136 9.054
38 7 1 40.956 9.988 40.115 9.065
39 7 1 40.934 9.999 40.093 9.076
40 7 1 40.891 10.010 40.050 9.087
41 7 1 40.869 10.021 40.029 9.098
42 7 1 40.869 10.010 40.029 9.087
43 7 1 40.826 10.042 39.986 9.120
44 7 1 40.805 10.032 39.964 9.109
45 7 1 40.762 10.043 39.921 9.120
46 7 1 40.718 10.054 39.878 9.131
47 7 1 40.697 10.065 39.856 9.142
48 7 1 40.675 10.076 39.835 9.153
49 7 1 40.632 10.087 39.792 9.164
50 7 1 40.611 10.076 39.770 9.153
51 7 1 40.589 10.087 39.749 9.164
52 7 1 40.546 10.076 39.705 9.154
53 7 1 40.503 10.087 39.662 9.165
54 7 1 40.459 10.077 39.619 9.154
55 7 1 40.416 10.066 39.576 9.143
56 7 1 40.394 10.056 39.554 9.133
57 7 1 40.373 10.067 39.532 9.144
58 7 1 40.329 10.056 39.489 9.133
59 7 1 40.286 10.067 39.446 9.144
60 7 1 40.265 10.056 39.424 9.134
61 7 1 40.243 10.046 39.402 9.123
62 7 1 40.200 10.035 39.359 9.112
63 7 1 40.156 10.046 39.316 9.123
64 7 1 40.135 10.036 39.294 9.113
65 7 1 40.113 10.046 39.273 9.124
66 7 1 40.048 10.036 39.208 9.113
67 7 1 40.027 10.047 39.186 9.124
68 7 1 39.984 10.058 39.143 9.135
69 7 1 39.941 10.069 39.100 9.146
70 7 1 39.897 10.058 39.057 9.136
71 7 1 39.876 10.069 39.035 9.146
72 7 1 39.833 10.080 38.992 9.157
73 7 1 39.811 10.091 38.971 9.168
74 7 1 39.746 10.081 38.906 9.158
75 7 1 39.725 10.113 38.884 9.190
76 7 1 39.681 10.103 38.841 9.180
77 7 1 39.638 10.114 38.798 9.191
78 7 1 39.595 10.125 38.755 9.202
79 7 1 39.574 10.136 38.733 9.213
80 7 1 39.552 10.125 38.712 9.202
81 7 1 39.487 10.136 38.647 9.213
82 7 1 39.487 10.125 38.647 9.202
83 7 1 39.444 10.137 38.604 9.213
84 7 1 39.401 10.148 38.560 9.224
85 7 1 39.358 10.159 38.517 9.235
86 7 1 39.314 10.148 38.474 9.225
87 7 1 39.293 10.137 38.452 9.214
88 7 1 39.228 10.127 38.387 9.204
89 7 1 39.206 10.138 38.366 9.215
90 7 1 39.141 10.127 38.301 9.204
91 7 1 39.120 10.138 38.279 9.215
92 7 1 39.055 10.128 38.214 9.205
93 7 1 39.033 10.117 38.193 9.194
94 7 1 38.968 10.107 38.128 9.184
95 7 1 38.946 10.118 38.106 9.195
96 7 1 38.903 10.107 38.063 9.184
97 7 1 38.860 10.118 38.020 9.195
98 7 1 38.816 10.108 37.976 9.184
99 7 1 38.773 10.119 37.933 9.195
100 7 1 38.730 10.108 37.890 9.185
101 7 1 38.687 10.119 37.847 9.196
102 7 1 38.643 10.109 37.803 9.185
103 7 1 38.600 10.120 37.760 9.196
104 7 1 38.579 10.131 37.739 9.207
105 7 1 38.557 10.120 37.717 9.197
106 7 1 38.492 10.109 37.652 9.186
107 7 1 38.470 10.120 37.630 9.197
108 7 1 38.427 10.110 37.587 9.187
109 7 1 38.384 10.121 37.544 9.198
110 7 1 38.341 10.132 37.501 9.209
111 7 1 38.319 10.121 37.479 9.198
112 7 1 38.297 10.132 37.457 9.209
113 7 1 38.233 10.143 37.393 9.220
114 7 1 38.211 10.133 37.371 9.209
115 7 1 38.168 10.144 37.328 9.220
116 7 1 38.146 10.133 37.306 9.210
117 7 1 38.124 10.122 37.284 9.199
118 7 1 38.081 10.112 37.241 9.188
119 7 1 38.038 10.123 37.198 9.199
120 7 1 37.994 10.112 37.154 9.189
121 7 1 37.973 10.102 37.133 9.178
122 7 1 37.951 10.091 37.111 9.168
123 7 1 37.908 10.102 37.068 9.179
124 7 1 37.864 10.070 37.024 9.146
125 7 1 37.843 10.081 37.003 9.157
126 7 1 37.821 10.070 36.981 9.147
127 7 1 37.778 10.081 36.938 9.158
128 7 1 37.734 10.071 36.894 9.147
129 7 1 37.713 10.060 36.873 9.136
130 7 1 37.691 10.071 36.851 9.147
131 7 1 37.626 10.060 36.786 9.137
132 7 1 37.626 10.050 36.786 9.126
133 7 1 37.583 10.061 36.743 9.137
134 7 1 37.561 10.072 36.721 9.148
136 7 1 37.475 10.072 36.635 9.149
137 7 1 37.432 10.083 36.592 9.160
138 7 1 37.410 10.072 36.570 9.149
139 7 1 37.388 10.083 36.548 9.160
140 7 1 37.345 10.073 36.505 9.149
141 7 1 37.302 10.084 36.462 9.160
142 7 1 37.258 10.095 36.419 9.171
143 7 1 37.215 10.106 36.375 9.182
144 7 1 37.194 10.095 36.354 9.172
145 7 1 37.172 10.106 36.332 9.182
146 7 1 37.129 10.096 36.289 9.172
147 7 1 37.085 10.107 36.245 9.183
148 7 1 37.064 10.096 36.224 9.172
149 7 1 37.042 10.107 36.202 9.183
150 7 1 36.999 10.096 36.159 9.173
151 7 1 36.955 10.086 36.115 9.162
152 7 1 36.934 10.075 36.094 9.151
153 7 1 36.912 10.086 36.072 9.162
154 7 1 36.869 10.075 36.029 9.152
155 7 1 36.825 10.086 35.986 9.163
156 7 1 36.804 10.076 35.964 9.152
157 7 1 36.782 10.065 35.942 9.141
158 7 1 36.717 10.055 35.877 9.131
159 7 1 36.695 10.044 35.855 9.120
160 7 1 36.652 10.012 35.812 9.088
161 7 1 36.608 10.001 35.769 9.078
162 7 1 36.565 9.991 35.725 9.067
163 7 1 36.543 10.002 35.704 9.078
164 7 1 36.522 9.969 35.682 9.046
165 7 1 36.478 9.980 35.639 9.057
166 7 1 36.435 9.948 35.595 9.025
167 7 1 36.413 9.959 35.574 9.036
169 7 1 36.348 9.959 35.509 9.036
170 7 1 36.305 9.927 35.465 9.004
171 7 1 36.283 9.938 35.443 9.015
172 7 1 36.261 9.928 35.422 9.004
173 7 1 36.218 9.939 35.379 9.015
174 7 1 36.196 9.928 35.357 9.004
175 7 1 36.175 9.917 35.335 8.994
176 7 1 36.131 9.907 35.292 8.983
177 7 1 36.088 9.896 35.248 8.973
178 7 1 36.045 9.886 35.205 8.962
179 7 1 36.001 9.897 35.162 8.973
180 7 1 35.979 9.864 35.140 8.941
181 7 1 35.958 9.875 35.118 8.952
182 7 1 35.915 9.865 35.075 8.941
183 7 1 35.871 9.854 35.032 8.931
184 7 1 35.828 9.844 34.988 8.920
185 7 1 35.806 9.855 34.967 8.931
186 7 1 35.784 9.822 34.945 8.899
187 7 1 35.741 9.833 34.902 8.910
188 7 1 35.698 9.823 34.858 8.899
189 7 1 35.676 9.834 34.837 8.910
190 7 1 35.654 9.823 34.815 8.899
191 7 1 35.611 9.812 34.772 8.889
192 7 1 35.589 9.780 34.750 8.857
193 7 1 35.567 9.769 34.728 8.846
194 7 1 35.524 9.737 34.684 8.814
195 7 1 35.502 9.748 34.663 8.825
196 7 1 35.480 9.716 34.641 8.792
197 7 1 35.437 9.727 34.598 8.803
198 7 1 35.415 9.716 34.576 8.793
199 7 1 35.394 9.706 34.554 8.782
200 7 1 35.350 9.695 34.511 8.772
201 7 1 35.329 9.706 34.489 8.782
202 7 1 35.329 9.695 34.489 8.772
203 7 1 35.285 9.685 34.446 8.761
204 7 1 35.264 9.674 34.424 8.750
205 7 1 35.220 9.685 34.381 8.761
206 7 1 35.199 9.674 34.359 8.751
207 7 1 35.177 9.685 34.338 8.762
208 7 1 35.134 9.675 34.294 8.751
209 7 1 35.090 9.664 34.251 8.741
210 7 1 35.047 9.654 34.208 8.730
211 7 1 35.004 9.665 34.164 8.741
212 7 1 34.982 9.632 34.142 8.709
213 7 1 34.960 9.643 34.121 8.720
214 7 1 34.895 9.633 34.056 8.709
215 7 1 34.895 9.622 34.056 8.698
216 7 1 34.873 9.611 34.034 8.688
217 7 1 34.830 9.622 33.991 8.699
218 7 1 34.787 9.612 33.947 8.688
219 7 1 34.765 9.623 33.926 8.699
220 7 1 34.743 9.612 33.904 8.688
221 7 1 34.700 9.601 33.861 8.678
222 7 1 34.678 9.612 33.839 8.689
223 7 1 34.657 9.623 33.818 8.700
224 7 1 34.635 9.613 33.796 8.689
225 7 1 34.592 9.624 33.753 8.700
226 7 1 34.570 9.613 33.731 8.689
227 7 1 34.505 9.603 33.666 8.679
228 7 1 34.483 9.570 33.644 8.647
229 7 1 34.440 9.560 33.601 8.636
230 7 1 34.396 9.528 33.557 8.604
231 7 1 34.353 9.539 33.514 8.615
232 7 1 34.331 9.528 33.492 8.604
233 7 1 34.309 9.517 33.470 8.594
234 7 1 34.266 9.507 33.427 8.583
235 7 1 34.244 9.518 33.405 8.594
236 7 1 34.223 9.507 33.384 8.583
237 7 1 34.179 9.518 33.340 8.594
238 7 1 34.158 9.529 33.319 8.605
239 7 1 34.136 9.540 33.297 8.616
240 7 1 34.093 9.529 33.254 8.606
241 7 1 34.050 9.540 33.211 8.617
242 7 1 34.006 9.530 33.167 8.606
243 7 1 33.963 9.541 33.124 8.617
244 7 1 33.919 9.530 33.081 8.606
245 7 1 33.854 9.541 33.016 8.618
246 7 1 33.833 9.531 32.994 8.607
247 7 1 33.768 9.542 32.929 8.618
248 7 1 33.768 9.531 32.929 8.607
249 7 1 33.724 9.542 32.886 8.618
250 7 1 33.703 9.531 32.864 8.608
251 7 1 33.638 9.521 32.799 8.597
252 7 1 33.638 9.510 32.799 8.586
253 7 1 33.616 9.521 32.777 8.597
254 7 1 33.573 9.510 32.734 8.587
255 7 1 33.551 9.521 32.712 8.598
256 7 1 33.551 9.511 32.712 8.587
257 7 1 33.529 9.521 32.690 8.598
258 7 1 33.486 9.511 32.647 8.587
259 7 1 33.442 9.500 32.604 8.577
260 7 1 33.399 9.490 32.560 8.566
261 7 1 33.334 9.479 32.495 8.556
262 7 1 33.290 9.447 32.452 8.523
263 7 1 33.247 9.437 32.408 8.513
264 7 1 33.204 9.426 32.365 8.502
265 7 1 33.182 9.437 32.343 8.513
266 7 1 33.117 9.427 32.278 8.503
267 7 1 33.095 9.416 32.257 8.492
268 7 1 33.052 9.405 32.213 8.481
269 7 1 33.030 9.416 32.191 8.492
270 7 1 33.008 9.406 32.170 8.482
271 7 1 32.965 9.417 32.126 8.493
272 7 1 32.943 9.406 32.105 8.482
273 7 1 32.922 9.417 32.083 8.493
274 7 1 32.857 9.406 32.018 8.483
275 7 1 32.835 9.417 31.996 8.493
276 7 1 32.770 9.407 31.931 8.483
277 7 1 32.748 9.418 31.910 8.494
278 7 1 32.683 9.407 31.845 8.483
279 7 1 32.662 9.418 31.823 8.494
280 7 1 32.597 9.408 31.758 8.484
281 7 1 32.575 9.440 31.736 8.516
282 7 1 32.510 9.451 31.671 8.527
283 7 1 32.510 9.462 31.671 8.538
284 7 1 32.467 9.473 31.628 8.549
285 7 1 32.445 9.484 31.606 8.560
286 7 1 32.380 9.495 31.541 8.571
287 7 1 32.358 9.506 31.520 8.582
288 7 1 32.315 9.517 31.476 8.593
290 7 1 32.272 9.539 31.433 8.615
291 7 1 32.229 9.550 31.390 8.626
292 7 1 32.185 9.561 31.347 8.637
293 7 1 32.142 9.572 31.303 8.648
294 7 1 31.860 9.498 30.999 8.617
295 7 1 31.849 9.509 31.010 8.596
297 7 1 31.762 9.510 30.924 8.596
298 7 1 31.719 9.510 30.880 8.596
299 7 1 31.675 9.510 30.837 8.597
300 7 1 31.632 9.510 30.793 8.597
301 7 1 31.610 9.532 30.772 8.619
302 7 1 31.567 9.554 30.728 8.640
303 7 1 31.524 9.554 30.685 8.641
304 7 1 31.480 9.576 30.642 8.662
305 7 1 31.437 9.598 30.598 8.684
306 7 1 31.393 9.576 30.555 8.663
307 7 1 31.350 9.598 30.512 8.685
308 7 1 31.307 9.577 30.468 8.663
309 7 1 31.263 9.599 30.425 8.685
310 7 1 31.242 9.599 30.403 8.685
311 7 1 31.198 9.599 30.360 8.685
312 7 1 31.155 9.621 30.316 8.707
313 7 1 31.112 9.643 30.273 8.729
314 7 1 31.068 9.621 30.230 8.708
315 7 1 31.046 9.643 30.208 8.729
316 7 1 31.003 9.622 30.165 8.708
317 7 1 30.960 9.644 30.121 8.730
318 7 1 30.938 9.644 30.100 8.730
319 7 1 30.895 9.644 30.056 8.730
320 7 1 30.851 9.644 30.013 8.730
321 7 1 30.786 9.645 29.948 8.731
322 7 1 30.743 9.645 29.904 8.731
323 7 1 30.699 9.645 29.861 8.731
324 7 1 30.656 9.667 29.818 8.753
325 7 1 30.613 9.689 29.774 8.775
326 7 1 30.569 9.667 29.731 8.754
327 7 1 30.526 9.689 29.687 8.775
328 7 1 30.482 9.668 29.644 8.754
329 7 1 30.439 9.690 29.601 8.776
330 7 1 30.395 9.668 29.557 8.754
331 7 1 30.352 9.690 29.514 8.776
332 7 1 30.330 9.690 29.492 8.776
333 7 1 30.287 9.690 29.449 8.777
334 7 1 30.243 9.691 29.405 8.777
335 7 1 30.200 9.713 29.362 8.799
336 7 1 30.157 9.734 29.318 8.820
337 7 1 30.113 9.735 29.275 8.821
338 7 1 30.070 9.735 29.232 8.821
339 7 1 30.026 9.735 29.188 8.821
340 7 1 29.983 9.757 29.145 8.843
341 7 1 29.940 9.779 29.101 8.865
342 7 1 29.896 9.779 29.058 8.865
343 7 1 29.853 9.779 29.015 8.865
344 7 1 29.809 9.780 28.971 8.866
345 7 1 29.766 9.801 28.928 8.887
346 7 1 29.744 9.823 28.906 8.909
347 7 1 29.701 9.823 28.863 8.909
348 7 1 29.658 9.824 28.819 8.910
349 7 1 29.614 9.824 28.776 8.910
350 7 1 29.571 9.824 28.732 8.910
351 7 1 29.527 9.824 28.689 8.910
352 7 1 29.484 9.846 28.646 8.932
353 7 1 29.440 9.868 28.602 8.954
354 7 1 29.397 9.847 28.559 8.933
355 7 1 29.354 9.869 28.515 8.954
356 7 1 29.310 9.869 28.472 8.955
357 7 1 29.267 9.869 28.428 8.955
358 7 1 29.223 9.869 28.385 8.955
359 7 1 29.180 9.870 28.342 8.955
360 7 1 29.136 9.870 28.298 8.956
361 7 1 29.093 9.848 28.255 8.934
362 7 1 29.049 9.870 28.211 8.956
363 7 1 29.006 9.849 28.168 8.935
364 7 1 28.984 9.892 28.146 8.978
365 7 1 28.941 9.893 28.103 8.978
366 7 1 28.897 9.893 28.059 8.978
367 7 1 28.854 9.915 28.016 9.000
368 7 1 28.810 9.893 27.972 8.979
369 7 1 28.767 9.915 27.929 9.001
370 7 1 28.724 9.915 27.885 9.001
371 7 1 28.680 9.916 27.842 9.001
372 7 1 28.637 9.916 27.799 9.001
373 7 1 28.615 9.916 27.777 9.002
374 7 1 28.571 9.916 27.733 9.002
375 7 1 28.528 9.938 27.690 9.024
376 7 1 28.485 9.960 27.647 9.045
377 7 1 28.441 9.960 27.603 9.046
378 7 1 28.419 9.982 27.581 9.067
379 7 1 28.376 10.004 27.538 9.089
380 7 1 28.333 10.004 27.495 9.089
381 7 1 28.311 10.004 27.473 9.090
382 7 1 28.267 10.026 27.429 9.111
383 7 1 28.224 10.048 27.386 9.133
384 7 1 28.181 10.048 27.342 9.134
385 7 1 28.137 10.048 27.299 9.134
386 7 1 28.115 10.049 27.277 9.134
387 7 1 28.072 10.070 27.234 9.156
388 7 1 28.028 10.092 27.190 9.178
389 7 1 27.985 10.093 27.147 9.178
390 7 1 27.941 10.093 27.103 9.178
391 7 1 27.920 10.093 27.082 9.178
392 7 1 27.876 10.093 27.038 9.178
393 7 1 27.833 10.093 26.995 9.179
394 7 1 27.789 10.094 26.951 9.179
395 7 1 27.746 10.094 26.908 9.179
396 7 1 27.724 10.094 26.886 9.179
397 7 1 27.681 10.116 26.843 9.201
398 7 1 27.637 10.138 26.799 9.223
399 7 1 27.615 10.138 26.777 9.223
400 7 1 27.572 10.138 26.734 9.223
401 7 1 27.528 10.138 26.690 9.224
402 7 1 27.485 10.160 26.647 9.245
403 7 1 27.441 10.182 26.603 9.267
404 7 1 27.420 10.161 26.582 9.246
405 7 1 27.376 10.183 26.538 9.268
406 7 1 27.333 10.161 26.495 9.246
407 7 1 27.311 10.183 26.473 9.268
408 7 1 27.267 10.183 26.430 9.268
409 7 1 27.246 10.183 26.408 9.268
410 7 1 27.202 10.205 26.364 9.290
411 7 1 27.181 10.227 26.343 9.312
412 7 1 27.159 10.227 26.321 9.312
413 7 1 27.115 10.227 26.277 9.312
414 7 1 27.094 10.227 26.256 9.312
415 7 1 27.072 10.249 26.234 9.334
416 7 1 27.028 10.271 26.190 9.356
417 7 1 27.007 10.250 26.169 9.334
418 7 1 26.963 10.271 26.125 9.356
419 7 1 26.920 10.250 26.082 9.335
420 7 1 26.898 10.272 26.060 9.357
421 7 1 26.854 10.272 26.016 9.357
422 7 1 26.833 10.272 25.995 9.357
423 7 1 26.789 10.272 25.951 9.357
35 7 1 41.042 9.955 40.201 9.032
135 7 1 37.496 10.083 36.656 9.159
168 7 1 36.391 9.948 35.552 9.025
289 7 1 32.293 9.528 31.455 8.604
296 7 1 31.805 9.509 30.967 8.596
0 9 2 50.548 11.313 48.621 10.613
1 9 2 50.602 11.334 48.589 10.602
2 9 2 50.559 11.335 48.546 10.603
3 9 2 50.517 11.356 48.503 10.624
4 9 2 50.474 11.378 48.460 10.646
5 9 2 50.431 11.379 48.417 10.646
6 9 2 50.388 11.400 48.374 10.668
7 9 2 50.345 11.401 48.331 10.668
8 9 2 50.302 11.422 48.288 10.690
9 9 2 50.259 11.423 48.245 10.691
10 9 2 50.217 11.445 48.203 10.712
11 9 2 50.174 11.445 48.159 10.713
12 9 2 50.109 11.467 48.095 10.735
13 9 2 50.088 11.467 48.074 10.735
14 9 2 50.023 11.467 48.009 10.735
15 9 2 49.980 11.489 47.966 10.757
16 9 2 49.937 11.489 47.923 10.757
17 9 2 49.862 11.511 47.848 10.779
18 9 2 49.808 11.512 47.794 10.779
19 9 2 49.787 11.512 47.773 10.780
20 9 2 49.690 11.512 47.676 10.780
21 9 2 49.658 11.513 47.643 10.780
22 9 2 49.593 11.513 47.579 10.781
23 9 2 49.572 11.513 47.557 10.781
24 9 2 49.486 11.535 47.471 10.803
25 9 2 49.443 11.535 47.428 10.803
26 9 2 49.378 11.536 47.363 10.803
27 9 2 49.335 11.536 47.320 10.804
28 9 2 49.270 11.536 47.256 10.804
29 9 2 49.195 11.537 47.180 10.804
30 9 2 49.163 11.537 47.148 10.805
31 9 2 49.098 11.537 47.083 10.805
32 9 2 49.023 11.538 47.008 10.805
33 9 2 48.990 11.538 46.976 10.806
34 9 2 48.926 11.538 46.911 10.806
36 9 2 48.775 11.539 46.760 10.807
37 9 2 48.732 11.540 46.717 10.807
38 9 2 48.656 11.540 46.641 10.808
39 9 2 48.581 11.541 46.566 10.808
40 9 2 48.516 11.541 46.501 10.808
41 9 2 48.473 11.541 46.458 10.809
42 9 2 48.409 11.542 46.393 10.809
43 9 2 48.322 11.542 46.307 10.810
44 9 2 48.258 11.542 46.243 10.810
45 9 2 48.215 11.543 46.199 10.810
46 9 2 48.150 11.543 46.135 10.811
47 9 2 48.053 11.544 46.038 10.811
48 9 2 47.977 11.544 45.962 10.812
49 9 2 47.913 11.545 45.898 10.812
50 9 2 47.870 11.545 45.854 10.812
51 9 2 47.805 11.545 45.790 10.813
52 9 2 47.719 11.546 45.703 10.813
53 9 2 47.654 11.546 45.639 10.813
54 9 2 47.611 11.546 45.596 10.814
55 9 2 47.525 11.547 45.509 10.814
56 9 2 47.449 11.547 45.434 10.815
57 9 2 47.374 11.548 45.358 10.815
58 9 2 47.309 11.548 45.294 10.815
59 9 2 47.244 11.548 45.229 10.816
60 9 2 47.158 11.549 45.143 10.816
61 9 2 47.094 11.549 45.078 10.817
62 9 2 47.104 11.549 45.089 10.817
63 9 2 46.943 11.550 44.927 10.818
64 9 2 46.856 11.551 44.841 10.818
65 9 2 46.781 11.540 44.765 10.818
66 9 2 46.727 11.530 44.711 10.808
67 9 2 46.640 11.530 44.625 10.808
68 9 2 46.554 11.520 44.538 10.798
69 9 2 46.489 11.531 44.474 10.809
70 9 2 46.425 11.532 44.409 10.810
71 9 2 46.338 11.532 44.333 10.810
72 9 2 46.241 11.533 44.236 10.811
73 9 2 46.176 11.512 44.171 10.790
74 9 2 46.112 11.512 44.106 10.790
75 9 2 46.004 11.513 43.998 10.791
76 9 2 45.939 11.513 43.934 10.791
77 9 2 45.831 11.514 43.826 10.792
78 9 2 45.766 11.514 43.761 10.792
79 9 2 45.658 11.493 43.653 10.771
80 9 2 45.593 11.494 43.588 10.771
81 9 2 45.507 11.494 43.502 10.772
82 9 2 45.421 11.495 43.415 10.772
83 9 2 45.335 11.495 43.329 10.773
84 9 2 45.248 11.496 43.243 10.773
85 9 2 45.183 11.496 43.178 10.774
86 9 2 45.119 11.496 43.113 10.774
87 9 2 45.011 11.497 43.005 10.775
88 9 2 44.946 11.497 42.940 10.775
89 9 2 44.838 11.498 42.832 10.776
90 9 2 44.773 11.498 42.768 10.776
91 9 2 44.665 11.499 42.660 10.777
92 9 2 44.601 11.499 42.595 10.777
93 9 2 44.493 11.500 42.487 10.778
94 9 2 44.428 11.500 42.422 10.778
95 9 2 44.320 11.501 42.314 10.779
96 9 2 44.255 11.501 42.249 10.779
97 9 2 44.147 11.502 42.141 10.780
98 9 2 44.082 11.503 42.076 10.780
99 9 2 43.974 11.482 41.968 10.759
100 9 2 43.888 11.482 41.882 10.760
101 9 2 43.801 11.472 41.795 10.749
102 9 2 43.715 11.483 41.709 10.761
103 9 2 43.629 11.484 41.622 10.761
104 9 2 43.542 11.484 41.536 10.762
105 9 2 43.456 11.485 41.449 10.762
106 9 2 43.348 11.485 41.341 10.763
107 9 2 43.240 11.486 41.233 10.763
108 9 2 43.175 11.486 41.169 10.764
109 9 2 43.067 11.487 41.060 10.764
110 9 2 42.981 11.487 40.974 10.765
111 9 2 42.894 11.488 40.888 10.765
112 9 2 42.808 11.488 40.801 10.766
113 9 2 42.721 11.489 40.715 10.766
114 9 2 42.635 11.490 40.628 10.767
115 9 2 42.548 11.490 40.542 10.767
116 9 2 42.440 11.491 40.434 10.768
117 9 2 42.332 11.491 40.325 10.768
118 9 2 42.268 11.492 40.261 10.769
119 9 2 42.159 11.492 40.152 10.769
120 9 2 42.095 11.493 40.088 10.770
121 9 2 41.987 11.493 39.979 10.770
122 9 2 41.900 11.494 39.893 10.771
123 9 2 41.814 11.494 39.806 10.771
124 9 2 41.727 11.495 39.720 10.772
125 9 2 41.641 11.495 39.633 10.772
126 9 2 41.554 11.496 39.547 10.773
127 9 2 41.468 11.496 39.460 10.773
128 9 2 41.381 11.497 39.374 10.774
129 9 2 41.295 11.497 39.287 10.774
130 9 2 41.208 11.498 39.201 10.775
131 9 2 41.122 11.498 39.114 10.775
132 9 2 41.035 11.499 39.028 10.776
133 9 2 40.949 11.500 38.941 10.776
134 9 2 40.862 11.478 38.854 10.755
136 9 2 40.689 11.479 38.681 10.756
137 9 2 40.603 11.480 38.595 10.757
138 9 2 40.516 11.459 38.508 10.736
139 9 2 40.429 11.459 38.421 10.736
140 9 2 40.343 11.449 38.335 10.726
141 9 2 40.256 11.439 38.248 10.716
142 9 2 40.169 11.439 38.162 10.716
143 9 2 40.083 11.429 38.075 10.706
144 9 2 39.996 11.419 37.988 10.696
145 9 2 39.910 11.419 37.902 10.696
146 9 2 39.823 11.398 37.815 10.675
147 9 2 39.736 11.377 37.728 10.654
148 9 2 39.650 11.377 37.642 10.654
149 9 2 39.563 11.356 37.555 10.633
150 9 2 39.476 11.357 37.468 10.634
151 9 2 39.390 11.336 37.381 10.613
152 9 2 39.303 11.315 37.295 10.591
153 9 2 39.216 11.315 37.208 10.592
154 9 2 39.130 11.294 37.121 10.571
155 9 2 39.043 11.273 37.035 10.550
156 9 2 38.956 11.273 36.948 10.550
157 9 2 38.891 11.252 36.883 10.529
158 9 2 38.783 11.253 36.774 10.530
159 9 2 38.718 11.232 36.709 10.508
160 9 2 38.609 11.211 36.601 10.487
161 9 2 38.544 11.200 36.536 10.477
162 9 2 38.436 11.190 36.428 10.467
163 9 2 38.371 11.169 36.362 10.445
164 9 2 38.263 11.159 36.254 10.435
165 9 2 38.197 11.148 36.189 10.425
166 9 2 38.089 11.127 36.081 10.404
167 9 2 38.002 11.117 35.994 10.394
169 9 2 37.525 11.022 36.221 10.403
170 9 2 37.840 11.064 35.896 10.351
171 9 2 37.753 11.043 35.809 10.330
172 9 2 37.666 11.022 35.722 10.309
173 9 2 37.579 11.022 35.636 10.309
174 9 2 37.178 10.938 35.777 10.341
175 9 2 37.428 10.991 35.527 10.288
176 9 2 37.341 10.980 35.441 10.278
177 9 2 37.254 10.970 35.354 10.268
178 9 2 37.167 10.960 35.267 10.257
179 9 2 37.059 10.949 35.159 10.247
180 9 2 36.994 10.917 35.094 10.215
181 9 2 36.886 10.907 34.985 10.205
182 9 2 36.820 10.897 34.920 10.194
183 9 2 36.712 10.887 34.812 10.184
184 9 2 36.647 10.855 34.746 10.152
185 9 2 36.538 10.844 34.638 10.142
186 9 2 36.473 10.812 34.573 10.110
187 9 2 36.365 10.802 34.464 10.100
188 9 2 36.300 10.770 34.399 10.068
189 9 2 36.191 10.760 34.291 10.057
190 9 2 36.126 10.728 34.226 10.025
191 9 2 36.018 10.718 34.117 10.015
192 9 2 35.952 10.686 34.052 9.983
193 9 2 35.844 10.675 33.943 9.973
194 9 2 35.779 10.643 33.878 9.941
195 9 2 35.670 10.633 33.770 9.931
196 9 2 35.605 10.601 33.705 9.899
197 9 2 35.497 10.591 33.596 9.888
198 9 2 35.432 10.559 33.531 9.856
199 9 2 35.323 10.549 33.423 9.846
200 9 2 35.258 10.517 33.357 9.814
201 9 2 35.149 10.485 33.249 9.782
202 9 2 35.084 10.453 33.184 9.750
203 9 2 34.976 10.443 33.075 9.740
204 9 2 34.911 10.410 33.010 9.708
205 9 2 34.802 10.379 32.901 9.676
206 9 2 34.737 10.347 32.836 9.644
207 9 2 34.628 10.336 32.728 9.634
208 9 2 34.563 10.304 32.662 9.602
209 9 2 34.455 10.273 32.554 9.570
210 9 2 34.389 10.241 32.489 9.538
211 9 2 34.281 10.230 32.380 9.528
212 9 2 34.216 10.198 32.315 9.496
213 9 2 34.107 10.166 32.206 9.464
214 9 2 34.020 10.135 32.120 9.432
215 9 2 33.933 10.103 32.033 9.400
216 9 2 33.846 10.071 31.946 9.368
217 9 2 33.760 10.039 31.859 9.336
218 9 2 33.673 10.007 31.772 9.304
219 9 2 33.586 9.975 31.685 9.272
220 9 2 33.477 9.943 31.577 9.240
221 9 2 33.369 9.911 31.468 9.209
222 9 2 33.282 9.858 31.381 9.155
223 9 2 33.195 9.847 31.294 9.145
224 9 2 33.108 9.794 31.207 9.091
225 9 2 33.021 9.784 31.120 9.081
226 9 2 32.913 9.752 31.012 9.049
227 9 2 32.804 9.720 30.903 9.017
228 9 2 32.717 9.688 30.816 8.985
229 9 2 32.630 9.656 30.729 8.953
230 9 2 32.522 9.624 30.621 8.922
231 9 2 32.413 9.592 30.512 8.890
232 9 2 32.326 9.560 30.425 8.858
233 9 2 32.239 9.529 30.339 8.826
234 9 2 32.131 9.497 30.230 8.794
235 9 2 32.000 9.487 30.100 8.784
236 9 2 31.914 9.455 30.013 8.752
237 9 2 31.805 9.423 29.904 8.720
238 9 2 31.740 9.391 29.839 8.688
239 9 2 31.610 9.381 29.709 8.678
240 9 2 31.501 9.349 29.600 8.646
241 9 2 31.436 9.338 29.535 8.636
242 9 2 31.306 9.307 29.405 8.604
243 9 2 31.197 9.297 29.296 8.594
244 9 2 31.110 9.265 29.209 8.562
245 9 2 31.002 9.254 29.101 8.552
246 9 2 30.893 9.223 28.992 8.520
247 9 2 30.785 9.212 28.884 8.510
248 9 2 30.676 9.180 28.775 8.478
249 9 2 30.589 9.170 28.688 8.467
250 9 2 30.481 9.138 28.580 8.436
251 9 2 30.350 9.128 28.449 8.426
252 9 2 30.242 9.118 28.341 8.415
253 9 2 30.155 9.108 28.254 8.405
254 9 2 30.046 9.076 28.145 8.373
255 9 2 29.916 9.087 28.015 8.385
256 9 2 29.807 9.056 27.906 8.353
257 9 2 29.721 9.045 27.819 8.342
258 9 2 29.590 9.035 27.689 8.332
259 9 2 29.482 9.025 27.580 8.322
260 9 2 29.351 9.015 27.450 8.312
261 9 2 29.243 9.005 27.341 8.302
262 9 2 29.156 8.994 27.255 8.291
263 9 2 29.047 8.984 27.146 8.281
264 9 2 28.917 8.974 27.016 8.271
265 9 2 28.809 8.964 26.907 8.261
266 9 2 28.700 8.953 26.798 8.250
267 9 2 28.570 8.943 26.668 8.240
268 9 2 28.461 8.933 26.559 8.230
269 9 2 28.374 8.923 26.472 8.220
270 9 2 28.244 8.913 26.342 8.210
271 9 2 28.135 8.902 26.233 8.199
272 9 2 28.005 8.892 26.103 8.189
273 9 2 27.874 8.882 25.973 8.179
274 9 2 27.766 8.872 25.864 8.169
275 9 2 27.657 8.883 25.755 8.180
276 9 2 27.527 8.873 25.625 8.170
277 9 2 27.418 8.863 25.516 8.160
278 9 2 27.310 8.853 25.407 8.150
279 9 2 27.179 8.864 25.277 8.161
280 9 2 27.070 8.854 25.168 8.151
281 9 2 26.962 8.865 25.060 8.162
282 9 2 26.831 8.855 24.929 8.152
283 9 2 26.701 8.867 24.799 8.164
284 9 2 26.592 8.857 24.690 8.153
285 9 2 26.484 8.846 24.581 8.143
286 9 2 26.353 8.836 24.451 8.133
287 9 2 26.223 8.848 24.320 8.144
288 9 2 26.114 8.837 24.211 8.134
290 9 2 25.875 8.839 23.972 8.135
291 9 2 25.744 8.829 23.842 8.125
292 9 2 25.636 8.818 23.733 8.115
293 9 2 25.527 8.830 23.624 8.126
294 9 2 25.396 8.820 23.494 8.116
295 9 2 25.288 8.831 23.385 8.128
297 9 2 25.048 8.832 23.145 8.129
298 9 2 24.918 8.822 23.015 8.119
299 9 2 24.809 8.833 22.906 8.130
300 9 2 24.700 8.823 22.797 8.120
301 9 2 24.570 8.835 22.667 8.131
302 9 2 24.439 8.825 22.536 8.121
303 9 2 24.331 8.836 22.427 8.132
304 9 2 24.222 8.826 22.318 8.122
305 9 2 24.091 8.837 22.188 8.134
306 9 2 23.961 8.827 22.057 8.124
307 9 2 23.852 8.839 21.948 8.135
308 9 2 23.743 8.828 21.839 8.125
309 9 2 23.612 8.840 21.709 8.136
310 9 2 23.504 8.830 21.600 8.126
311 9 2 23.395 8.841 21.491 8.137
312 9 2 23.264 8.831 21.360 8.127
313 9 2 23.133 8.842 21.230 8.139
314 9 2 23.025 8.832 21.121 8.128
315 9 2 22.916 8.843 21.012 8.140
316 9 2 22.785 8.833 20.881 8.130
317 9 2 22.676 8.823 20.772 8.119
318 9 2 22.567 8.813 20.663 8.109
319 9 2 22.437 8.824 20.532 8.120
320 9 2 22.328 8.814 20.424 8.110
321 9 2 22.219 8.826 20.315 8.122
322 9 2 22.088 8.815 20.184 8.111
323 9 2 21.979 8.805 20.075 8.101
324 9 2 21.870 8.795 19.966 8.091
325 9 2 21.740 8.806 19.835 8.102
326 9 2 21.631 8.796 19.726 8.092
327 9 2 21.522 8.808 19.617 8.104
328 9 2 21.391 8.797 19.486 8.093
329 9 2 21.260 8.787 19.356 8.083
330 9 2 21.151 8.777 19.247 8.073
331 9 2 21.064 8.788 19.159 8.084
332 9 2 20.934 8.778 19.029 8.074
333 9 2 20.825 8.768 18.920 8.064
334 9 2 20.694 8.758 18.789 8.054
335 9 2 20.563 8.769 18.658 8.065
336 9 2 20.454 8.759 18.549 8.055
337 9 2 20.345 8.749 18.440 8.045
338 9 2 20.214 8.739 18.309 8.034
339 9 2 20.105 8.750 18.200 8.046
340 9 2 19.996 8.718 18.091 8.014
341 9 2 19.866 8.730 17.960 8.025
342 9 2 19.757 8.719 17.851 8.015
343 9 2 19.648 8.709 17.742 8.005
344 9 2 19.517 8.699 17.611 7.995
345 9 2 19.386 8.689 17.481 7.985
346 9 2 19.277 8.679 17.372 7.974
347 9 2 19.190 8.668 17.284 7.964
348 9 2 19.059 8.658 17.153 7.954
349 9 2 18.950 8.648 17.044 7.944
350 9 2 18.819 8.638 16.914 7.933
351 9 2 18.688 8.628 16.783 7.923
352 9 2 18.579 8.617 16.674 7.913
353 9 2 18.492 8.607 16.586 7.903
354 9 2 18.361 8.575 16.456 7.871
355 9 2 18.252 8.565 16.347 7.860
356 9 2 18.121 8.555 16.216 7.850
357 9 2 17.991 8.545 16.085 7.840
358 9 2 17.882 8.513 15.976 7.808
359 9 2 17.794 8.502 15.888 7.798
360 9 2 17.685 8.492 15.779 7.788
361 9 2 17.554 8.482 15.648 7.777
362 9 2 17.445 8.450 15.539 7.746
363 9 2 17.336 8.440 15.430 7.735
364 9 2 17.206 8.408 15.300 7.703
365 9 2 17.097 8.398 15.190 7.693
366 9 2 17.009 8.366 15.103 7.661
367 9 2 16.879 8.334 14.973 7.629
368 9 2 16.770 8.302 14.864 7.597
369 9 2 16.639 8.270 14.733 7.566
370 9 2 16.530 8.238 14.624 7.534
371 9 2 16.443 8.228 14.536 7.523
372 9 2 16.334 8.196 14.427 7.491
373 9 2 16.203 8.164 14.297 7.460
374 9 2 16.094 8.132 14.188 7.428
375 9 2 16.007 8.100 14.101 7.396
376 9 2 15.898 8.068 13.992 7.364
377 9 2 15.767 8.037 13.861 7.332
378 9 2 15.636 8.005 13.730 7.300
379 9 2 15.527 7.973 13.621 7.268
380 9 2 15.440 7.941 13.534 7.236
381 9 2 15.353 7.909 13.447 7.204
382 9 2 15.244 7.877 13.338 7.172
383 9 2 15.135 7.845 13.229 7.140
384 9 2 15.048 7.791 13.142 7.087
385 9 2 14.939 7.759 13.033 7.055
386 9 2 14.808 7.706 12.902 7.001
387 9 2 14.699 7.674 12.793 6.969
388 9 2 14.612 7.620 12.706 6.916
389 9 2 14.525 7.588 12.619 6.884
390 9 2 14.416 7.556 12.510 6.852
391 9 2 14.307 7.524 12.401 6.820
392 9 2 14.220 7.471 12.314 6.766
393 9 2 14.111 7.439 12.205 6.734
394 9 2 14.002 7.385 12.096 6.681
395 9 2 13.915 7.353 12.009 6.649
396 9 2 13.806 7.300 11.900 6.595
397 9 2 13.697 7.268 11.791 6.563
398 9 2 13.610 7.214 11.704 6.510
399 9 2 13.501 7.182 11.595 6.478
400 9 2 13.393 7.129 11.486 6.424
401 9 2 13.305 7.097 11.399 6.392
402 9 2 13.196 7.065 11.290 6.360
403 9 2 13.087 7.033 11.181 6.328
404 9 2 13.033 6.979 11.127 6.274
405 9 2 12.979 6.947 11.084 6.242
406 9 2 12.925 6.893 11.041 6.188
407 9 2 12.870 6.861 10.997 6.156
408 9 2 12.827 6.829 10.965 6.124
409 9 2 12.762 6.796 10.910 6.092
410 9 2 12.707 6.743 10.867 6.038
411 9 2 12.653 6.710 10.824 6.006
412 9 2 12.599 6.657 10.780 5.952
413 9 2 12.534 6.625 10.726 5.920
414 9 2 12.501 6.592 10.705 5.887
415 9 2 12.436 6.582 10.650 5.877
417 9 2 12.687 6.570 10.912 5.865
418 9 2 12.633 6.538 10.869 5.832
419 9 2 12.568 6.484 10.815 5.779
420 9 2 12.535 6.408 10.794 5.703
422 9 2 12.721 6.397 10.991 5.691
423 9 2 12.678 6.386 10.958 5.681
35 9 2 48.829 11.539 46.814 10.807
135 9 2 40.776 11.479 38.768 10.756
168 9 2 37.916 11.107 35.907 10.383
289 9 2 26.005 8.849 24.103 8.145
296 9 2 25.179 8.821 23.276 8.117
0 10 2 52.352 9.827 50.360 8.935
1 10 2 52.406 9.859 50.317 8.925
2 10 2 52.406 9.859 50.317 8.925
3 10 2 52.385 9.860 50.295 8.925
4 10 2 52.385 9.860 50.295 8.925
5 10 2 52.363 9.881 50.274 8.946
6 10 2 52.363 9.881 50.274 8.946
7 10 2 52.342 9.881 50.252 8.946
8 10 2 52.342 9.881 50.252 8.946
9 10 2 52.320 9.881 50.231 8.947
10 10 2 52.299 9.882 50.209 8.947
11 10 2 52.278 9.882 50.188 8.947
12 10 2 52.278 9.882 50.188 8.947
13 10 2 52.256 9.882 50.167 8.947
14 10 2 52.234 9.850 50.145 8.915
15 10 2 52.213 9.861 50.123 8.926
16 10 2 52.191 9.861 50.102 8.926
17 10 2 52.148 9.850 50.059 8.915
18 10 2 52.126 9.839 50.037 8.905
19 10 2 52.083 9.840 49.994 8.905
20 10 2 52.062 9.840 49.972 8.905
21 10 2 52.019 9.840 49.929 8.905
22 10 2 51.997 9.819 49.908 8.884
23 10 2 51.954 9.819 49.865 8.884
24 10 2 51.933 9.819 49.843 8.884
25 10 2 51.890 9.819 49.800 8.884
26 10 2 51.847 9.820 49.757 8.885
27 10 2 51.804 9.820 49.714 8.885
28 10 2 51.761 9.820 49.671 8.885
29 10 2 51.740 9.842 49.650 8.907
30 10 2 51.697 9.842 49.607 8.907
31 10 2 51.654 9.842 49.564 8.907
32 10 2 51.611 9.864 49.521 8.929
33 10 2 51.568 9.864 49.478 8.929
34 10 2 51.525 9.886 49.436 8.951
36 10 2 51.440 9.908 49.350 8.973
37 10 2 51.397 9.908 49.307 8.973
38 10 2 51.354 9.919 49.264 8.984
39 10 2 51.311 9.930 49.221 8.995
40 10 2 51.268 9.952 49.178 9.017
41 10 2 51.225 9.941 49.135 9.006
42 10 2 51.161 9.974 49.071 9.039
43 10 2 51.118 9.974 49.028 9.039
44 10 2 51.075 9.985 48.985 9.050
45 10 2 51.033 9.996 48.942 9.061
46 10 2 50.968 10.018 48.878 9.083
47 10 2 50.904 10.008 48.814 9.072
48 10 2 50.861 10.040 48.771 9.105
49 10 2 50.797 10.041 48.706 9.105
50 10 2 50.732 10.030 48.642 9.095
51 10 2 50.668 10.063 48.578 9.127
52 10 2 50.604 10.063 48.513 9.128
53 10 2 50.539 10.074 48.449 9.139
54 10 2 50.475 10.085 48.384 9.150
55 10 2 50.411 10.107 48.320 9.172
56 10 2 50.346 10.097 48.255 9.161
57 10 2 50.282 10.130 48.191 9.194
58 10 2 50.217 10.130 48.127 9.194
59 10 2 50.121 10.141 48.030 9.206
60 10 2 50.067 10.152 47.976 9.217
61 10 2 50.003 10.174 47.912 9.239
62 10 2 49.862 10.089 47.771 9.153
63 10 2 49.874 10.196 47.783 9.261
64 10 2 49.810 10.208 47.719 9.272
65 10 2 49.778 10.262 47.698 9.337
66 10 2 49.660 10.230 47.579 9.305
67 10 2 49.574 10.252 47.494 9.327
68 10 2 49.498 10.242 47.418 9.327
69 10 2 49.445 10.274 47.365 9.360
70 10 2 49.359 10.275 47.279 9.360
71 10 2 49.295 10.297 47.214 9.382
72 10 2 49.209 10.297 47.128 9.383
73 10 2 49.144 10.319 47.064 9.405
74 10 2 49.058 10.330 46.978 9.416
75 10 2 48.972 10.342 46.892 9.427
76 10 2 48.908 10.363 46.828 9.449
77 10 2 48.822 10.364 46.742 9.449
78 10 2 48.736 10.386 46.656 9.471
79 10 2 48.650 10.408 46.570 9.493
80 10 2 48.575 10.408 46.494 9.494
81 10 2 48.500 10.409 46.419 9.494
82 10 2 48.414 10.431 46.333 9.516
83 10 2 48.328 10.431 46.247 9.517
84 10 2 48.242 10.432 46.161 9.517
85 10 2 48.156 10.454 46.075 9.539
86 10 2 48.070 10.454 45.989 9.540
87 10 2 47.983 10.455 45.903 9.540
88 10 2 47.919 10.455 45.838 9.540
89 10 2 47.833 10.456 45.752 9.541
90 10 2 47.747 10.478 45.666 9.563
91 10 2 47.661 10.478 45.580 9.563
92 10 2 47.574 10.479 45.493 9.564
93 10 2 47.488 10.479 45.407 9.564
94 10 2 47.402 10.501 45.321 9.586
95 10 2 47.316 10.502 45.235 9.587
96 10 2 47.230 10.502 45.149 9.587
97 10 2 47.144 10.503 45.063 9.588
98 10 2 47.058 10.503 44.976 9.588
99 10 2 46.971 10.504 44.890 9.589
100 10 2 46.864 10.504 44.782 9.589
101 10 2 46.777 10.505 44.696 9.590
102 10 2 46.691 10.505 44.610 9.590
103 10 2 46.605 10.527 44.524 9.612
104 10 2 46.519 10.528 44.438 9.613
105 10 2 46.433 10.550 44.352 9.635
106 10 2 46.347 10.551 44.265 9.635
107 10 2 46.239 10.551 44.157 9.636
108 10 2 46.153 10.573 44.071 9.658
109 10 2 46.067 10.574 43.985 9.658
110 10 2 45.981 10.574 43.899 9.659
111 10 2 45.873 10.596 43.791 9.681
112 10 2 45.787 10.597 43.705 9.681
113 10 2 45.701 10.597 43.619 9.682
114 10 2 45.615 10.619 43.533 9.704
115 10 2 45.528 10.620 43.446 9.704
116 10 2 45.442 10.642 43.360 9.726
117 10 2 45.335 10.643 43.252 9.727
118 10 2 45.249 10.665 43.166 9.749
119 10 2 45.162 10.665 43.080 9.750
120 10 2 45.076 10.687 42.994 9.772
121 10 2 44.990 10.688 42.908 9.772
122 10 2 44.904 10.688 42.821 9.773
123 10 2 44.818 10.710 42.735 9.795
124 10 2 44.731 10.711 42.649 9.795
125 10 2 44.623 10.711 42.541 9.796
126 10 2 44.537 10.733 42.455 9.818
127 10 2 44.451 10.734 42.368 9.818
128 10 2 44.365 10.756 42.282 9.840
129 10 2 44.279 10.757 42.196 9.841
130 10 2 44.193 10.779 42.110 9.863
131 10 2 44.106 10.790 42.024 9.874
132 10 2 44.020 10.801 41.937 9.885
133 10 2 43.934 10.823 41.851 9.907
134 10 2 43.848 10.835 41.765 9.919
136 10 2 43.676 10.868 41.592 9.952
137 10 2 43.589 10.879 41.506 9.963
138 10 2 43.503 10.890 41.420 9.974
139 10 2 43.417 10.913 41.334 9.996
140 10 2 43.331 10.924 41.247 10.008
141 10 2 43.244 10.935 41.161 10.019
142 10 2 43.158 10.957 41.075 10.041
143 10 2 43.072 10.958 40.988 10.042
144 10 2 42.986 10.980 40.902 10.064
145 10 2 42.899 10.980 40.816 10.064
146 10 2 42.824 11.002 40.740 10.086
147 10 2 42.748 11.003 40.665 10.087
148 10 2 42.662 11.025 40.579 10.109
149 10 2 42.576 11.025 40.492 10.109
150 10 2 42.490 11.048 40.406 10.131
151 10 2 42.403 11.048 40.319 10.132
152 10 2 42.317 11.049 40.233 10.132
153 10 2 42.231 11.071 40.147 10.154
154 10 2 42.166 11.071 40.082 10.155
155 10 2 42.079 11.072 39.995 10.155
156 10 2 41.993 11.072 39.909 10.156
157 10 2 41.907 11.094 39.823 10.178
158 10 2 41.605 11.150 39.780 10.264
159 10 2 41.724 11.149 39.672 10.243
160 10 2 41.659 11.150 39.607 10.244
161 10 2 41.594 11.150 39.542 10.244
162 10 2 41.486 11.151 39.434 10.245
163 10 2 41.421 11.173 39.369 10.266
164 10 2 41.335 11.173 39.283 10.267
165 10 2 41.248 11.174 39.196 10.267
166 10 2 41.162 11.174 39.110 10.268
167 10 2 41.075 11.175 39.023 10.268
169 10 2 40.924 11.175 38.872 10.269
170 10 2 40.859 11.176 38.807 10.270
171 10 2 40.751 11.176 38.699 10.270
172 10 2 40.686 11.177 38.634 10.271
173 10 2 40.600 11.177 38.547 10.271
174 10 2 40.513 11.178 38.461 10.272
175 10 2 40.427 11.178 38.374 10.272
176 10 2 40.340 11.157 38.288 10.251
177 10 2 40.253 11.158 38.201 10.251
178 10 2 40.167 11.158 38.115 10.252
179 10 2 40.080 11.159 38.028 10.252
180 10 2 39.994 11.159 37.941 10.253
181 10 2 39.886 11.160 37.833 10.254
182 10 2 39.821 11.139 37.768 10.232
183 10 2 39.712 11.139 37.660 10.233
184 10 2 39.626 11.140 37.573 10.233
185 10 2 39.539 11.119 37.487 10.212
186 10 2 39.453 11.119 37.400 10.213
187 10 2 39.366 11.098 37.313 10.192
188 10 2 39.279 11.099 37.227 10.192
189 10 2 39.193 11.078 37.140 10.171
190 10 2 39.084 11.078 37.032 10.172
191 10 2 38.976 11.079 36.923 10.172
192 10 2 38.911 11.058 36.858 10.151
193 10 2 38.803 11.058 36.750 10.152
194 10 2 38.738 11.059 36.685 10.152
195 10 2 38.630 11.038 36.577 10.131
196 10 2 38.565 11.038 36.512 10.131
197 10 2 38.456 11.017 36.403 10.110
198 10 2 38.391 11.017 36.338 10.111
199 10 2 38.283 10.996 36.230 10.090
200 10 2 38.196 10.997 36.143 10.090
201 10 2 38.110 10.976 36.057 10.069
202 10 2 38.023 10.976 35.970 10.070
203 10 2 37.915 10.955 35.862 10.049
204 10 2 37.806 10.934 35.753 10.028
205 10 2 37.741 10.935 35.688 10.028
206 10 2 37.633 10.914 35.580 10.007
207 10 2 37.546 10.914 35.493 10.007
208 10 2 37.459 10.893 35.406 9.986
209 10 2 37.351 10.872 35.298 9.965
210 10 2 37.210 10.808 35.449 9.878
211 10 2 37.015 10.831 35.330 9.922
212 10 2 36.993 10.777 35.178 9.880
213 10 2 36.841 10.745 35.092 9.891
214 10 2 36.960 10.755 34.983 9.870
215 10 2 36.776 10.713 34.886 9.849
216 10 2 36.657 10.714 34.745 9.860
217 10 2 36.689 10.714 34.734 9.850
218 10 2 36.592 10.714 34.636 9.850
219 10 2 36.213 10.706 34.593 9.872
220 10 2 36.375 10.716 34.441 9.862
221 10 2 36.278 10.705 34.344 9.852
222 10 2 36.180 10.695 34.246 9.842
223 10 2 35.996 10.675 34.376 9.884
224 10 2 36.137 10.695 34.225 9.852
225 10 2 36.039 10.674 34.127 9.831
226 10 2 35.920 10.675 34.008 9.832
227 10 2 35.822 10.654 33.910 9.811
228 10 2 35.703 10.655 33.791 9.812
229 10 2 35.605 10.634 33.693 9.791
230 10 2 35.486 10.634 33.574 9.791
231 10 2 35.389 10.613 33.476 9.770
232 10 2 35.269 10.592 33.357 9.749
233 10 2 35.172 10.593 33.259 9.750
234 10 2 35.052 10.572 33.140 9.729
235 10 2 34.955 10.551 33.042 9.708
236 10 2 34.835 10.530 32.923 9.687
237 10 2 34.738 10.509 32.825 9.666
238 10 2 34.597 10.488 32.684 9.645
239 10 2 34.358 10.468 32.728 9.623
240 10 2 34.239 10.447 32.608 9.602
241 10 2 34.119 10.426 32.489 9.581
242 10 2 34.000 10.405 32.370 9.560
243 10 2 33.783 10.384 32.402 9.538
244 10 2 33.664 10.342 32.282 9.496
245 10 2 33.566 10.321 32.185 9.475
246 10 2 33.447 10.300 32.065 9.454
247 10 2 33.327 10.279 31.946 9.433
248 10 2 33.208 10.258 31.827 9.412
249 10 2 33.110 10.237 31.729 9.391
250 10 2 32.991 10.216 31.610 9.370
251 10 2 32.871 10.173 31.490 9.327
252 10 2 32.730 10.153 31.349 9.306
253 10 2 32.524 10.132 31.349 9.285
254 10 2 32.383 10.090 31.208 9.242
255 10 2 32.285 10.069 31.110 9.221
256 10 2 32.144 10.026 30.969 9.179
257 10 2 32.046 10.005 30.871 9.158
258 10 2 31.840 9.963 30.849 9.115
259 10 2 31.720 9.942 30.730 9.094
260 10 2 31.601 9.921 30.611 9.073
261 10 2 31.503 9.878 30.513 9.030
262 10 2 31.384 9.857 30.393 9.009
263 10 2 31.264 9.836 30.274 8.988
264 10 2 31.145 9.794 30.154 8.946
265 10 2 31.025 9.773 30.035 8.925
266 10 2 30.906 9.752 29.916 8.904
267 10 2 30.786 9.709 29.796 8.861
268 10 2 30.602 9.689 29.731 8.840
269 10 2 30.482 9.668 29.611 8.819
270 10 2 30.363 9.625 29.492 8.776
271 10 2 30.243 9.604 29.373 8.755
272 10 2 30.102 9.583 29.231 8.735
273 10 2 29.961 9.563 29.177 8.713
274 10 2 30.384 9.571 28.482 8.328
275 10 2 29.863 9.531 29.079 8.681
276 10 2 29.744 9.510 28.960 8.660
277 10 2 29.613 9.500 28.830 8.650
278 10 2 29.494 9.479 28.710 8.629
279 10 2 29.374 9.468 28.591 8.619
280 10 2 29.233 9.448 28.450 8.598
281 10 2 29.114 9.437 28.330 8.588
282 10 2 28.972 9.427 28.189 8.578
283 10 2 28.842 9.417 28.059 8.568
284 10 2 28.712 9.407 27.928 8.558
285 10 2 28.581 9.397 27.798 8.548
286 10 2 28.451 9.387 27.668 8.538
287 10 2 28.321 9.377 27.537 8.527
288 10 2 28.190 9.367 27.407 8.517
290 10 2 27.929 9.357 27.146 8.508
291 10 2 27.799 9.358 27.016 8.509
292 10 2 27.658 9.359 26.875 8.509
293 10 2 27.517 9.360 26.733 8.510
294 10 2 27.397 9.371 26.614 8.521
295 10 2 27.245 9.383 26.462 8.533
297 10 2 26.984 9.417 26.201 8.567
298 10 2 26.854 9.428 26.071 8.578
299 10 2 26.712 9.450 25.929 8.601
300 10 2 26.593 9.462 25.810 8.612
301 10 2 26.441 9.474 25.657 8.624
302 10 2 26.310 9.496 25.527 8.646
303 10 2 26.180 9.507 25.397 8.657
304 10 2 26.049 9.530 25.266 8.680
305 10 2 25.919 9.466 25.136 8.789
306 10 2 26.060 9.638 24.342 8.609
307 10 2 25.995 9.638 24.233 8.599
308 10 2 25.527 9.414 24.700 8.812
309 10 2 25.386 9.436 24.559 8.835
310 10 2 25.255 9.458 24.428 8.857
311 10 2 25.114 9.470 24.287 8.869
312 10 2 25.429 9.760 23.645 8.775
313 10 2 24.961 9.568 24.113 8.956
314 10 2 24.831 9.591 23.982 8.978
315 10 2 24.689 9.613 23.841 9.001
316 10 2 24.548 9.635 23.699 9.023
317 10 2 24.417 9.658 23.569 9.046
318 10 2 24.667 9.862 22.676 8.920
319 10 2 24.275 9.669 23.427 9.057
320 10 2 24.145 9.692 23.296 9.079
321 10 2 24.003 9.714 23.155 9.102
322 10 2 23.873 9.737 23.024 9.124
323 10 2 23.742 9.748 22.893 9.136
324 10 2 23.600 9.770 22.752 9.158
325 10 2 23.459 9.793 22.610 9.181
326 10 2 23.317 9.805 22.469 9.192
327 10 2 23.165 9.816 22.316 9.204
328 10 2 23.034 9.839 22.185 9.226
329 10 2 22.892 9.850 22.044 9.238
330 10 2 22.761 9.862 21.913 9.249
331 10 2 22.631 9.884 21.782 9.272
332 10 2 22.489 9.896 21.640 9.283
333 10 2 22.336 9.907 21.488 9.295
334 10 2 22.195 9.919 21.346 9.306
335 10 2 22.053 9.931 21.204 9.318
336 10 2 22.238 10.081 20.322 9.095
337 10 2 21.889 9.932 21.041 9.319
338 10 2 21.748 9.932 20.899 9.320
339 10 2 21.595 9.944 20.747 9.331
340 10 2 21.453 9.956 20.605 9.343
341 10 2 21.323 9.967 20.474 9.354
342 10 2 21.181 9.968 20.332 9.355
343 10 2 21.039 9.980 20.190 9.367
344 10 2 20.897 9.980 20.049 9.368
345 10 2 20.745 9.981 19.896 9.368
346 10 2 20.603 9.982 19.754 9.369
347 10 2 20.472 9.994 19.623 9.381
348 10 2 20.330 9.994 19.481 9.381
349 10 2 20.177 10.006 19.329 9.393
350 10 2 20.025 10.007 19.176 9.394
351 10 2 19.883 10.008 19.034 9.395
352 10 2 19.752 10.019 18.903 9.406
353 10 2 19.610 10.020 18.761 9.407
354 10 2 19.446 10.032 18.597 9.419
355 10 2 19.315 10.033 18.467 9.419
356 10 2 19.173 10.044 18.325 9.431
358 10 2 19.162 10.033 18.314 9.420
359 10 2 19.010 10.034 18.161 9.421
360 10 2 18.857 10.046 18.008 9.433
361 10 2 18.715 10.047 17.866 9.433
363 10 2 18.704 10.036 17.855 9.423
364 10 2 17.873 10.290 16.469 9.300
365 10 2 18.069 10.332 16.021 9.303
366 10 2 17.895 10.312 16.185 9.312
367 10 2 17.687 10.313 16.141 9.313
368 10 2 17.490 10.314 16.021 9.313
369 10 2 17.337 10.315 15.868 9.314
370 10 2 17.173 10.327 15.321 9.393
371 10 2 17.020 10.349 15.485 9.360
372 10 2 16.867 10.361 15.332 9.371
373 10 2 16.561 10.384 14.928 9.352
374 10 2 16.594 10.362 14.687 9.429
375 10 2 16.518 10.330 14.588 9.440
376 10 2 16.376 10.342 14.413 9.452
377 10 2 16.222 10.375 14.567 9.419
378 10 2 16.047 10.376 14.457 9.419
379 10 2 15.883 10.377 14.293 9.420
380 10 2 15.741 10.378 14.151 9.421
381 10 2 15.599 10.368 13.593 9.435
382 10 2 15.413 10.369 13.790 9.423
383 10 2 15.282 10.359 13.659 9.413
384 10 2 15.129 10.371 13.506 9.425
385 10 2 14.998 10.360 13.375 9.414
386 10 2 14.976 10.317 12.915 9.439
387 10 2 14.812 10.340 12.740 9.450
388 10 2 14.626 10.352 12.948 9.428
389 10 2 14.462 10.342 12.828 9.417
390 10 2 14.320 10.332 12.685 9.407
391 10 2 14.155 10.343 12.521 9.419
392 10 2 14.035 10.333 12.401 9.409
393 10 2 13.871 10.323 12.237 9.399
394 10 2 13.729 10.313 12.095 9.389
395 10 2 13.587 10.303 11.952 9.379
396 10 2 13.444 10.293 11.810 9.369
397 10 2 13.346 10.261 11.274 9.382
398 10 2 13.149 10.273 11.493 9.359
399 10 2 13.007 10.252 11.351 9.339
400 10 2 12.865 10.253 11.208 9.339
401 10 2 12.755 10.232 11.110 9.318
402 10 2 12.668 10.211 11.033 9.297
403 10 2 12.580 10.189 10.957 9.276
404 10 2 12.504 10.190 10.891 9.276
405 10 2 12.428 10.103 10.826 9.189
406 10 2 14.486 10.049 14.271 9.431
407 10 2 12.581 10.092 10.991 9.178
408 10 2 12.505 10.070 10.925 9.156
409 10 2 12.417 10.049 10.849 9.135
410 10 2 12.363 10.028 10.805 9.114
411 10 2 12.297 10.050 10.750 9.136
412 10 2 14.421 9.984 14.206 9.367
413 10 2 12.483 10.038 10.947 9.124
414 10 2 12.494 10.016 10.970 9.102
415 10 2 12.483 10.016 10.970 9.102
416 10 2 12.473 9.995 10.970 9.080
417 10 2 12.462 9.995 10.970 9.080
418 10 2 12.462 9.995 10.981 9.080
419 10 2 12.451 9.995 10.981 9.080
420 10 2 12.440 9.995 10.981 9.080
421 10 2 12.440 9.995 10.992 9.080
422 10 2 12.429 9.995 10.992 9.080
423 10 2 12.429 9.995 11.003 9.080
35 10 2 51.482 9.875 49.392 8.940
135 10 2 43.762 10.846 41.679 9.930
168 10 2 40.989 11.175 38.937 10.269
289 10 2 28.060 9.357 27.277 8.507
296 10 2 27.114 9.394 26.331 8.545
101 11 2 50.680 11.506 48.320 10.669
102 11 2 50.616 11.507 48.256 10.669
103 11 2 50.530 11.507 48.170 10.669
104 11 2 50.465 11.508 48.105 10.670
105 11 2 50.379 11.530 48.019 10.692
106 11 2 50.315 11.552 47.955 10.714
107 11 2 50.229 11.531 47.868 10.693
108 11 2 50.164 11.553 47.804 10.715
109 11 2 50.078 11.532 47.718 10.694
110 11 2 50.014 11.554 47.653 10.716
111 11 2 49.927 11.533 47.567 10.694
112 11 2 49.863 11.554 47.502 10.716
113 11 2 49.798 11.533 47.437 10.695
114 11 2 49.712 11.555 47.352 10.717
115 11 2 49.647 11.534 47.287 10.696
116 11 2 49.561 11.556 47.201 10.718
117 11 2 49.497 11.535 47.136 10.697
118 11 2 49.410 11.536 47.049 10.697
119 11 2 49.346 11.536 46.985 10.698
120 11 2 49.260 11.536 46.899 10.698
121 11 2 49.195 11.537 46.834 10.699
122 11 2 49.109 11.537 46.748 10.699
123 11 2 49.044 11.538 46.683 10.700
124 11 2 48.958 11.538 46.597 10.700
125 11 2 48.872 11.539 46.511 10.701
126 11 2 48.807 11.539 46.446 10.701
127 11 2 48.721 11.540 46.360 10.701
128 11 2 48.635 11.540 46.273 10.702
129 11 2 48.549 11.541 46.187 10.702
130 11 2 48.484 11.541 46.123 10.703
131 11 2 48.398 11.542 46.036 10.703
132 11 2 48.312 11.564 45.950 10.725
133 11 2 48.247 11.543 45.885 10.704
134 11 2 48.161 11.565 45.799 10.726
136 11 2 47.989 11.566 45.627 10.727
137 11 2 47.902 11.545 45.540 10.706
138 11 2 47.816 11.567 45.454 10.728
139 11 2 47.730 11.567 45.368 10.729
140 11 2 47.665 11.568 45.303 10.729
141 11 2 47.579 11.568 45.217 10.730
142 11 2 47.493 11.569 45.131 10.730
143 11 2 47.406 11.569 45.044 10.731
144 11 2 47.342 11.569 44.980 10.731
145 11 2 47.256 11.570 44.893 10.731
146 11 2 47.169 11.571 44.807 10.732
147 11 2 47.083 11.571 44.721 10.732
148 11 2 47.018 11.571 44.656 10.733
149 11 2 46.921 11.572 44.559 10.733
150 11 2 46.846 11.572 44.483 10.734
151 11 2 46.760 11.573 44.397 10.734
152 11 2 46.663 11.574 44.300 10.735
153 11 2 46.587 11.574 44.224 10.735
154 11 2 46.501 11.575 44.138 10.736
155 11 2 46.404 11.575 44.041 10.736
156 11 2 46.328 11.576 43.965 10.737
157 11 2 46.242 11.576 43.879 10.737
158 11 2 46.145 11.598 43.782 10.759
159 11 2 46.070 11.620 43.707 10.781
160 11 2 46.005 11.599 43.642 10.760
161 11 2 45.908 11.621 43.545 10.782
162 11 2 45.833 11.622 43.469 10.783
163 11 2 45.746 11.622 43.383 10.783
164 11 2 45.649 11.623 43.286 10.784
165 11 2 45.574 11.645 43.211 10.806
166 11 2 45.488 11.667 43.124 10.828
167 11 2 45.390 11.646 43.027 10.807
169 11 2 45.229 11.668 42.865 10.829
170 11 2 45.132 11.669 42.768 10.830
171 11 2 45.056 11.670 42.693 10.830
172 11 2 44.970 11.670 42.606 10.831
173 11 2 44.873 11.671 42.509 10.831
174 11 2 44.797 11.671 42.433 10.832
175 11 2 44.711 11.672 42.347 10.832
176 11 2 44.646 11.672 42.282 10.833
177 11 2 44.560 11.672 42.196 10.833
178 11 2 44.441 11.652 42.077 10.812
179 11 2 44.365 11.674 42.001 10.834
180 11 2 44.300 11.652 41.936 10.813
181 11 2 44.203 11.675 41.839 10.835
182 11 2 44.095 11.654 41.731 10.814
183 11 2 44.019 11.654 41.655 10.815
184 11 2 43.933 11.655 41.569 10.815
185 11 2 43.836 11.655 41.472 10.816
186 11 2 43.760 11.656 41.396 10.816
187 11 2 43.674 11.635 41.309 10.795
188 11 2 43.609 11.613 41.244 10.774
189 11 2 43.522 11.614 41.158 10.775
190 11 2 43.436 11.614 41.071 10.775
191 11 2 43.339 11.615 40.974 10.776
192 11 2 43.263 11.615 40.898 10.776
193 11 2 43.177 11.616 40.812 10.776
194 11 2 43.079 11.595 40.714 10.755
195 11 2 43.003 11.574 40.639 10.734
196 11 2 42.917 11.596 40.552 10.756
197 11 2 42.820 11.575 40.455 10.735
198 11 2 42.744 11.575 40.379 10.736
199 11 2 42.657 11.576 40.293 10.736
200 11 2 42.560 11.576 40.195 10.737
201 11 2 42.485 11.577 40.120 10.737
202 11 2 42.398 11.556 40.033 10.716
203 11 2 42.300 11.535 39.935 10.695
204 11 2 42.225 11.557 39.860 10.717
205 11 2 42.138 11.536 39.773 10.696
206 11 2 42.041 11.536 39.676 10.697
207 11 2 41.965 11.537 39.600 10.697
208 11 2 41.879 11.537 39.514 10.698
209 11 2 41.781 11.516 39.416 10.677
210 11 2 41.706 11.495 39.340 10.655
211 11 2 41.619 11.496 39.254 10.656
212 11 2 41.522 11.496 39.156 10.656
213 11 2 41.446 11.497 39.081 10.657
214 11 2 41.359 11.475 38.994 10.636
215 11 2 41.262 11.454 38.896 10.615
216 11 2 41.186 11.455 38.821 10.615
217 11 2 41.121 11.434 38.756 10.594
218 11 2 41.024 11.413 38.658 10.573
219 11 2 40.948 11.413 38.582 10.573
220 11 2 40.861 11.414 38.496 10.574
221 11 2 40.764 11.393 38.398 10.553
222 11 2 40.710 11.371 38.344 10.531
223 11 2 40.612 11.372 38.247 10.532
224 11 2 40.526 11.351 38.160 10.511
225 11 2 40.449 11.308 38.084 10.468
226 11 2 40.363 11.308 37.997 10.469
227 11 2 40.265 11.287 37.900 10.448
228 11 2 40.190 11.288 37.824 10.448
229 11 2 40.103 11.267 37.737 10.427
230 11 2 40.005 11.246 37.640 10.406
231 11 2 39.757 11.236 38.149 10.479
232 11 2 40.081 11.267 37.802 10.437
233 11 2 40.006 11.257 37.726 10.427
234 11 2 39.930 11.246 37.651 10.417
235 11 2 39.832 11.236 37.553 10.406
236 11 2 39.756 11.226 37.477 10.396
237 11 2 39.659 11.215 37.380 10.386
238 11 2 39.583 11.183 37.304 10.354
239 11 2 39.464 11.173 37.185 10.344
240 11 2 39.388 11.163 37.109 10.333
241 11 2 39.291 11.153 37.011 10.323
242 11 2 39.215 11.142 36.935 10.313
243 11 2 39.096 11.132 36.816 10.302
244 11 2 38.998 11.122 36.719 10.292
245 11 2 38.901 11.112 36.621 10.282
246 11 2 38.803 11.101 36.524 10.272
247 11 2 38.706 11.091 36.426 10.261
248 11 2 38.608 11.081 36.329 10.251
249 11 2 38.511 11.071 36.231 10.241
250 11 2 38.413 11.060 36.134 10.231
251 11 2 38.294 11.050 36.014 10.221
252 11 2 38.218 11.040 35.938 10.210
253 11 2 38.099 11.030 35.819 10.200
254 11 2 38.023 11.020 35.743 10.190
255 11 2 37.904 11.031 35.624 10.201
256 11 2 37.807 11.021 35.527 10.191
257 11 2 37.688 11.011 35.408 10.181
258 11 2 37.590 11.000 35.310 10.171
259 11 2 37.471 11.012 35.191 10.182
260 11 2 37.374 11.002 35.093 10.172
261 11 2 37.254 10.992 34.974 10.162
262 11 2 37.157 10.981 34.876 10.151
263 11 2 37.038 10.993 34.757 10.163
264 11 2 36.940 10.961 34.660 10.131
265 11 2 36.799 10.973 34.519 10.143
266 11 2 36.702 10.962 34.421 10.132
267 11 2 36.583 10.952 34.302 10.122
268 11 2 36.485 10.942 34.204 10.112
269 11 2 36.366 10.953 34.085 10.123
270 11 2 36.247 10.943 33.966 10.113
271 11 2 36.128 10.955 33.847 10.125
272 11 2 36.030 10.923 33.749 10.093
273 11 2 35.911 10.934 33.630 10.104
274 11 2 35.791 10.924 33.511 10.094
275 11 2 35.672 10.914 33.391 10.084
276 11 2 35.575 10.904 33.294 10.074
277 11 2 35.434 10.894 33.153 10.064
278 11 2 35.336 10.884 33.055 10.053
279 11 2 35.195 10.874 32.914 10.043
280 11 2 35.098 10.863 32.816 10.033
281 11 2 34.957 10.853 32.675 10.023
282 11 2 34.859 10.822 32.577 9.991
283 11 2 34.718 10.833 32.437 10.003
284 11 2 34.620 10.801 32.339 9.971
285 11 2 34.479 10.813 32.198 9.983
286 11 2 34.382 10.803 32.100 9.972
287 11 2 34.262 10.793 31.981 9.962
288 11 2 34.165 10.782 31.883 9.952
290 11 2 33.926 10.740 31.644 9.910
291 11 2 33.785 10.730 31.503 9.900
292 11 2 33.687 10.720 31.405 9.890
293 11 2 33.546 10.710 31.264 9.880
294 11 2 33.448 10.678 31.167 9.848
295 11 2 33.307 10.668 31.025 9.838
297 11 2 33.047 10.627 30.765 9.796
298 11 2 32.949 10.595 30.667 9.764
299 11 2 32.830 10.585 30.548 9.754
300 11 2 32.710 10.553 30.428 9.722
301 11 2 32.591 10.543 30.309 9.712
302 11 2 32.471 10.511 30.189 9.680
303 11 2 32.352 10.501 30.070 9.670
304 11 2 32.232 10.469 29.950 9.638
305 11 2 32.091 10.459 29.809 9.628
306 11 2 31.972 10.406 29.689 9.575
307 11 2 31.831 10.396 29.548 9.565
308 11 2 31.733 10.364 29.450 9.533
309 11 2 31.592 10.354 29.309 9.523
310 11 2 31.494 10.322 29.211 9.491
311 11 2 31.374 10.312 29.092 9.481
312 11 2 31.255 10.280 28.972 9.449
313 11 2 31.135 10.270 28.853 9.439
314 11 2 31.016 10.238 28.733 9.407
315 11 2 30.897 10.228 28.614 9.397
316 11 2 30.777 10.196 28.494 9.365
317 11 2 30.657 10.164 28.375 9.333
318 11 2 30.538 10.132 28.255 9.302
319 11 2 30.418 10.122 28.136 9.291
320 11 2 30.299 10.090 28.016 9.260
321 11 2 30.158 10.080 27.875 9.250
322 11 2 30.060 10.049 27.777 9.218
323 11 2 29.919 10.039 27.636 9.208
324 11 2 29.821 10.007 27.538 9.176
325 11 2 29.680 9.997 27.397 9.166
326 11 2 29.582 9.965 27.299 9.134
327 11 2 29.441 9.933 27.158 9.102
328 11 2 29.321 9.901 27.038 9.070
329 11 2 29.202 9.891 26.919 9.060
330 11 2 29.082 9.859 26.799 9.028
331 11 2 28.941 9.849 26.658 9.018
332 11 2 28.843 9.817 26.560 8.986
333 11 2 28.702 9.807 26.419 8.976
334 11 2 28.582 9.776 26.299 8.945
335 11 2 28.463 9.765 26.179 8.934
336 11 2 28.343 9.734 26.060 8.903
337 11 2 28.202 9.724 25.918 8.892
338 11 2 28.082 9.692 25.799 8.861
339 11 2 27.941 9.682 25.657 8.851
340 11 2 27.843 9.650 25.560 8.819
341 11 2 27.702 9.640 25.418 8.809
342 11 2 27.582 9.608 25.299 8.777
343 11 2 27.441 9.598 25.157 8.767
344 11 2 27.321 9.566 25.038 8.735
345 11 2 27.180 9.556 24.951 8.725
346 11 2 27.180 9.556 24.951 8.725
347 11 2 27.180 9.556 24.951 8.725
348 11 2 27.180 9.556 24.951 8.725
367 11 2 24.765 9.191 22.644 8.477
368 11 2 24.635 9.191 22.524 8.478
369 11 2 24.504 9.170 22.394 8.457
370 11 2 24.396 9.149 22.285 8.436
371 11 2 24.243 9.172 22.133 8.458
372 11 2 24.134 9.151 22.024 8.437
373 11 2 23.982 9.152 21.871 8.438
374 11 2 23.873 9.152 21.762 8.439
375 11 2 23.743 9.153 21.632 8.439
376 11 2 23.612 9.154 21.501 8.440
377 11 2 23.481 9.154 21.370 8.441
378 11 2 23.351 9.133 21.240 8.420
379 11 2 23.220 9.112 21.109 8.399
380 11 2 23.089 9.135 20.978 8.421
381 11 2 22.959 9.114 20.848 8.400
382 11 2 22.850 9.114 20.739 8.401
383 11 2 22.741 9.115 20.630 8.401
384 11 2 22.589 9.116 20.477 8.402
385 11 2 22.480 9.116 20.368 8.403
386 11 2 22.349 9.117 20.237 8.403
387 11 2 22.218 9.118 20.107 8.404
388 11 2 22.088 9.097 19.976 8.383
389 11 2 21.957 9.076 19.845 8.362
390 11 2 21.826 9.098 19.714 8.384
391 11 2 21.717 9.077 19.605 8.363
392 11 2 21.608 9.078 19.496 8.364
393 11 2 21.456 9.078 19.344 8.365
394 11 2 21.347 9.057 19.235 8.343
395 11 2 21.194 9.037 19.082 8.323
396 11 2 21.085 9.037 18.973 8.323
397 11 2 20.955 9.038 18.842 8.324
398 11 2 20.824 9.039 18.711 8.325
399 11 2 20.693 9.018 18.581 8.304
400 11 2 20.551 8.997 18.439 8.283
401 11 2 20.431 8.997 18.319 8.283
402 11 2 20.301 8.998 18.188 8.284
403 11 2 20.159 8.977 18.046 8.263
404 11 2 20.039 8.956 17.927 8.242
405 11 2 19.908 8.957 17.796 8.243
406 11 2 19.799 8.936 17.687 8.222
407 11 2 19.691 8.893 17.578 8.179
408 11 2 19.538 8.872 17.425 8.158
409 11 2 19.429 8.873 17.316 8.159
410 11 2 19.276 8.852 17.163 8.138
411 11 2 19.167 8.809 17.055 8.095
412 11 2 19.026 8.788 16.913 8.074
413 11 2 18.906 8.767 16.793 8.053
414 11 2 18.775 8.725 16.662 8.010
415 11 2 18.633 8.704 16.520 7.989
416 11 2 18.535 8.683 16.422 7.968
417 11 2 18.426 8.640 16.313 7.926
418 11 2 18.263 8.597 16.150 7.883
419 11 2 18.187 8.576 16.074 7.862
420 11 2 18.056 8.555 15.943 7.841
421 11 2 17.936 8.512 15.823 7.798
422 11 2 17.795 8.470 15.681 7.756
423 11 2 17.686 8.427 15.572 7.713
135 11 2 48.074 11.544 45.713 10.705
168 11 2 45.315 11.668 42.952 10.829
289 11 2 34.024 10.772 31.742 9.942
296 11 2 33.188 10.637 30.906 9.806
