1 22 2 28.931 4.889 28.073 3.056
2 22 2 28.950 4.948 28.092 3.114
3 22 2 28.950 4.996 28.091 3.163
4 22 2 28.959 5.055 28.100 3.221
5 22 2 28.968 5.103 28.109 3.270
6 22 2 28.977 5.142 28.119 3.308
7 22 2 28.986 5.181 28.128 3.347
8 22 2 28.976 5.210 28.118 3.376
9 22 2 28.976 5.259 28.117 3.425
10 22 2 28.965 5.336 28.107 3.502
11 22 2 28.964 5.404 28.106 3.570
12 22 2 28.964 5.462 28.105 3.629
13 22 2 28.973 5.521 28.114 3.687
14 22 2 28.973 5.540 28.114 3.706
15 22 2 28.982 5.579 28.123 3.745
16 22 2 28.991 5.637 28.132 3.804
17 22 2 29.010 5.686 28.151 3.852
18 22 2 29.029 5.754 28.170 3.921
19 22 2 29.038 5.822 28.179 3.989
20 22 2 29.037 5.880 28.179 4.047
21 22 2 29.056 5.919 28.198 4.086
22 22 2 29.075 5.949 28.217 4.115
23 22 2 29.104 5.978 28.246 4.145
24 22 2 29.123 6.056 28.265 4.222
25 22 2 29.122 6.143 28.264 4.310
26 22 2 29.121 6.230 28.263 4.397
27 22 2 29.140 6.298 28.281 4.465
28 22 2 29.139 6.366 28.281 4.533
29 22 2 29.158 6.425 28.299 4.592
30 22 2 29.157 6.502 28.299 4.669
31 22 2 29.156 6.590 28.298 4.757
32 22 2 29.155 6.667 28.297 4.834
33 22 2 29.155 6.716 28.296 4.883
34 22 2 29.164 6.764 28.305 4.931
35 22 2 29.193 6.803 28.334 4.971
36 22 2 29.221 6.881 28.363 5.049
37 22 2 29.249 6.969 28.391 5.136
38 22 2 29.268 7.056 28.409 5.224
39 22 2 29.277 7.115 28.419 5.282
40 22 2 29.276 7.163 28.418 5.331
41 22 2 29.276 7.212 28.417 5.379
42 22 2 29.304 7.290 28.446 5.457
43 22 2 29.313 7.377 28.455 5.545
44 22 2 29.331 7.464 28.473 5.632
45 22 2 29.340 7.542 28.482 5.710
46 22 2 29.349 7.620 28.491 5.788
47 22 2 29.378 7.688 28.520 5.856
48 22 2 29.406 7.766 28.548 5.934
49 22 2 29.405 7.863 28.547 6.031
50 22 2 29.414 7.950 28.556 6.118
51 22 2 29.432 8.047 28.574 6.215
52 22 2 29.441 8.135 28.583 6.303
53 22 2 29.460 8.213 28.601 6.381
54 22 2 29.469 8.281 28.610 6.449
55 22 2 29.487 8.339 28.629 6.507
56 22 2 29.477 8.417 28.619 6.585
57 22 2 29.476 8.504 28.618 6.672
58 22 2 29.465 8.601 28.607 6.769
59 22 2 29.454 8.698 28.596 6.866
60 22 2 29.443 8.775 28.585 6.943
61 22 2 29.452 8.872 28.594 7.041
62 22 2 29.470 8.969 28.612 7.138
63 22 2 29.499 9.076 28.640 7.245
64 22 2 29.517 9.164 28.659 7.332
65 22 2 29.546 9.222 28.688 7.391
66 22 2 29.545 9.271 28.687 7.439
67 22 2 29.574 9.339 28.716 7.508
68 22 2 29.592 9.436 28.734 7.605
69 22 2 29.620 9.553 28.762 7.722
70 22 2 29.638 9.679 28.780 7.848
71 22 2 29.647 9.796 28.789 7.964
72 22 2 29.645 9.893 28.787 8.061
73 22 2 29.654 9.980 28.796 8.149
74 22 2 29.673 10.067 28.815 8.236
75 22 2 29.682 10.145 28.824 8.314
76 22 2 29.690 10.232 28.832 8.402
77 22 2 29.679 10.329 28.821 8.498
78 22 2 29.659 10.407 28.801 8.576
79 22 2 29.678 10.494 28.820 8.663
80 22 2 29.686 10.601 28.828 8.770
81 22 2 29.714 10.689 28.856 8.858
82 22 2 29.733 10.766 28.875 8.936
83 22 2 29.732 10.863 28.874 9.033
84 22 2 29.721 10.960 28.863 9.130
85 22 2 29.730 11.067 28.872 9.237
86 22 2 29.719 11.164 28.861 9.334
87 22 2 29.728 11.251 28.870 9.421
88 22 2 29.746 11.339 28.888 9.508
89 22 2 29.755 11.417 28.897 9.586
90 22 2 29.774 11.494 28.916 9.664
91 22 2 29.782 11.601 28.924 9.771
92 22 2 29.781 11.698 28.923 9.868
93 22 2 29.790 11.795 28.932 9.965
94 22 2 29.789 11.882 28.931 10.052
95 22 2 29.788 11.970 28.930 10.140
96 22 2 29.796 12.077 28.938 10.247
97 22 2 29.795 12.183 28.937 10.353
98 22 2 29.794 12.290 28.936 10.460
99 22 2 29.793 12.397 28.935 10.567
100 22 2 29.811 12.484 28.953 10.654
101 22 2 29.820 12.581 28.962 10.751
102 22 2 29.819 12.659 28.961 10.829
103 22 2 29.818 12.736 28.960 10.907
104 22 2 29.827 12.834 28.969 11.004
105 22 2 29.835 12.940 28.977 11.111
106 22 2 29.854 13.037 28.996 11.208
107 22 2 29.852 13.144 28.994 11.315
108 22 2 29.851 13.232 28.993 11.402
109 22 2 29.850 13.319 28.992 11.489
110 22 2 29.849 13.416 28.991 11.586
111 22 2 29.848 13.513 28.990 11.684
112 22 2 29.857 13.610 28.999 11.781
113 22 2 29.856 13.697 28.998 11.868
114 22 2 29.855 13.785 28.997 11.955
115 22 2 29.873 13.891 29.015 12.062
116 22 2 29.882 13.989 29.024 12.159
117 22 2 29.881 14.095 29.023 12.266
118 22 2 29.870 14.183 29.012 12.353
119 22 2 29.869 14.270 29.011 12.441
120 22 2 29.858 14.386 29.000 12.557
121 22 2 29.847 14.493 28.989 12.664
122 22 2 29.855 14.600 28.997 12.771
123 22 2 29.844 14.706 28.986 12.878
124 22 2 29.833 14.803 28.975 12.975
125 22 2 29.832 14.891 28.974 13.062
126 22 2 29.812 14.988 28.954 13.159
127 22 2 29.801 15.094 28.943 13.266
128 22 2 29.819 15.201 28.961 13.373
129 22 2 29.828 15.289 28.970 13.460
130 22 2 29.827 15.376 28.969 13.547
131 22 2 29.826 15.454 28.968 13.625
132 22 2 29.815 15.531 28.957 13.703
133 22 2 29.804 15.628 28.946 13.800
134 22 2 29.803 15.725 28.945 13.897
135 22 2 29.792 15.851 28.934 14.023
136 22 2 29.791 15.987 28.932 14.159
137 22 2 29.779 16.113 28.921 14.285
138 22 2 29.778 16.230 28.920 14.402
139 22 2 29.767 16.327 28.909 14.499
140 22 2 29.766 16.414 28.908 14.586
141 22 2 29.746 16.511 28.887 14.683
142 22 2 29.725 16.608 28.867 14.780
143 22 2 29.695 16.705 28.836 14.877
144 22 2 29.674 16.802 28.816 14.974
145 22 2 29.663 16.909 28.805 15.081
146 22 2 29.652 17.026 28.794 15.197
147 22 2 29.641 17.132 28.783 15.304
148 22 2 29.630 17.220 28.772 15.391
149 22 2 29.620 17.288 28.761 15.459
150 22 2 29.609 17.375 28.750 15.547
151 22 2 29.588 17.472 28.730 15.644
152 22 2 29.577 17.579 28.719 15.751
153 22 2 29.566 17.685 28.708 15.857
154 22 2 29.555 17.792 28.697 15.964
155 22 2 29.535 17.889 28.676 16.061
156 22 2 29.514 17.996 28.655 16.168
157 22 2 29.493 18.093 28.635 16.265
158 22 2 29.473 18.180 28.614 16.352
159 22 2 29.452 18.277 28.593 16.450
160 22 2 29.431 18.375 28.573 16.547
161 22 2 29.391 18.472 28.533 16.644
162 22 2 29.361 18.569 28.502 16.741
163 22 2 29.350 18.666 28.491 16.838
164 22 2 29.359 18.743 28.500 16.915
165 22 2 29.348 18.811 28.490 16.983
166 22 2 29.328 18.870 28.469 17.042
167 22 2 29.268 18.957 28.410 17.129
168 22 2 29.228 19.054 28.369 17.226
169 22 2 29.207 19.161 28.349 17.333
170 22 2 29.187 19.238 28.328 17.411
171 22 2 29.157 19.335 28.298 17.508
172 22 2 29.107 19.442 28.248 17.614
173 22 2 29.076 19.539 28.217 17.711
174 22 2 29.056 19.627 28.197 17.799
175 22 2 29.025 19.695 28.166 17.867
176 22 2 28.976 19.763 28.117 17.935
177 22 2 28.945 19.860 28.086 18.032
178 22 2 28.886 19.947 28.027 18.119
179 22 2 28.846 20.015 27.987 18.187
180 22 2 28.806 20.093 27.947 18.265
181 22 2 28.756 20.161 27.897 18.333
182 22 2 28.726 20.258 27.866 18.430
183 22 2 28.695 20.345 27.836 18.517
184 22 2 28.655 20.423 27.796 18.595
185 22 2 28.635 20.501 27.776 18.673
186 22 2 28.615 20.559 27.755 18.731
187 22 2 28.575 20.656 27.715 18.828
188 22 2 28.544 20.753 27.685 18.925
189 22 2 28.495 20.802 27.635 18.974
190 22 2 28.435 20.860 27.576 19.032
191 22 2 28.366 20.938 27.506 19.110
192 22 2 28.306 21.016 27.447 19.187
193 22 2 28.237 21.122 27.377 19.294
194 22 2 28.197 21.190 27.337 19.362
195 22 2 28.157 21.239 27.297 19.411
196 22 2 28.118 21.268 27.258 19.440
197 22 2 28.068 21.307 27.208 19.479
198 22 2 28.019 21.327 27.159 19.498
199 22 2 27.960 21.375 27.100 19.547
200 22 2 27.901 21.414 27.040 19.586
201 22 2 27.851 21.463 26.991 19.634
202 22 2 27.821 21.502 26.961 19.673
203 22 2 27.791 21.550 26.931 19.722
204 22 2 27.791 21.579 26.931 19.751
205 22 2 27.781 21.618 26.921 19.790
206 22 2 27.771 21.638 26.910 19.809
207 22 2 27.741 21.657 26.881 19.829
208 22 2 27.692 21.677 26.832 19.848
209 22 2 27.653 21.696 26.792 19.867
210 22 2 27.623 21.735 26.762 19.906
211 22 2 27.593 21.764 26.733 19.935
212 22 2 27.563 21.803 26.703 19.974
213 22 2 27.533 21.852 26.673 20.023
214 22 2 27.484 21.881 26.623 20.052
215 22 2 27.454 21.910 26.594 20.081
216 22 2 27.425 21.939 26.564 20.110
217 22 2 27.415 21.959 26.554 20.130
218 22 2 27.424 21.959 26.564 20.130
1 9 2 30.698 4.840 29.975 3.223
2 9 2 30.717 4.879 29.994 3.262
3 9 2 30.717 4.918 29.994 3.301
4 9 2 30.736 4.957 30.013 3.340
5 9 2 30.735 4.996 30.013 3.379
6 9 2 30.745 5.025 30.022 3.408
7 9 2 30.735 5.054 30.012 3.437
8 9 2 30.734 5.083 30.012 3.466
9 9 2 30.734 5.122 30.011 3.505
10 9 2 30.733 5.151 30.011 3.534
11 9 2 30.743 5.170 30.020 3.553
12 9 2 30.752 5.209 30.030 3.592
13 9 2 30.751 5.277 30.029 3.660
14 9 2 30.760 5.345 30.038 3.728
15 9 2 30.770 5.403 30.047 3.786
16 9 2 30.769 5.451 30.046 3.835
17 9 2 30.779 5.471 30.056 3.854
18 9 2 30.788 5.500 30.065 3.883
19 9 2 30.807 5.529 30.085 3.913
20 9 2 30.807 5.549 30.084 3.932
21 9 2 30.816 5.588 30.094 3.971
22 9 2 30.816 5.626 30.093 4.010
23 9 2 30.835 5.685 30.112 4.068
24 9 2 30.863 5.743 30.141 4.126
25 9 2 30.882 5.792 30.160 4.175
26 9 2 30.891 5.831 30.169 4.214
27 9 2 30.881 5.850 30.159 4.233
28 9 2 30.871 5.879 30.149 4.262
29 9 2 30.881 5.918 30.158 4.301
30 9 2 30.890 5.957 30.167 4.340
31 9 2 30.899 6.005 30.177 4.389
32 9 2 30.908 6.073 30.186 4.457
33 9 2 30.908 6.121 30.185 4.505
34 9 2 30.907 6.180 30.184 4.563
35 9 2 30.916 6.228 30.194 4.612
36 9 2 30.916 6.257 30.193 4.641
37 9 2 30.915 6.286 30.193 4.670
38 9 2 30.915 6.335 30.192 4.718
39 9 2 30.914 6.393 30.192 4.777
40 9 2 30.894 6.461 30.171 4.844
41 9 2 30.903 6.519 30.181 4.903
42 9 2 30.912 6.577 30.190 4.961
43 9 2 30.921 6.616 30.199 5.000
44 9 2 30.921 6.664 30.198 5.048
45 9 2 30.930 6.693 30.208 5.077
46 9 2 30.930 6.723 30.207 5.106
47 9 2 30.910 6.771 30.187 5.155
48 9 2 30.899 6.848 30.177 5.232
49 9 2 30.889 6.916 30.166 5.300
50 9 2 30.907 6.994 30.185 5.378
51 9 2 30.926 7.033 30.204 5.417
52 9 2 30.936 7.062 30.213 5.446
53 9 2 30.935 7.101 30.213 5.485
54 9 2 30.916 7.130 30.193 5.513
55 9 2 30.885 7.207 30.163 5.591
56 9 2 30.865 7.294 30.142 5.678
57 9 2 30.845 7.371 30.122 5.755
58 9 2 30.834 7.449 30.111 5.833
59 9 2 30.843 7.487 30.121 5.871
60 9 2 30.853 7.517 30.130 5.901
61 9 2 30.862 7.565 30.139 5.949
62 9 2 30.881 7.614 30.158 5.998
63 9 2 30.900 7.672 30.177 6.056
64 9 2 30.899 7.730 30.176 6.114
65 9 2 30.898 7.779 30.176 6.163
66 9 2 30.908 7.827 30.185 6.211
67 9 2 30.888 7.876 30.165 6.260
68 9 2 30.858 7.943 30.135 6.327
69 9 2 30.847 8.011 30.124 6.395
70 9 2 30.846 8.088 30.124 6.473
71 9 2 30.855 8.156 30.133 6.541
72 9 2 30.884 8.195 30.161 6.580
73 9 2 30.893 8.254 30.170 6.638
74 9 2 30.902 8.322 30.179 6.706
75 9 2 30.882 8.399 30.159 6.783
76 9 2 30.881 8.477 30.158 6.861
77 9 2 30.870 8.564 30.147 6.948
78 9 2 30.850 8.631 30.127 7.016
79 9 2 30.830 8.689 30.107 7.074
80 9 2 30.829 8.777 30.106 7.161
81 9 2 30.828 8.864 30.105 7.248
82 9 2 30.856 8.961 30.133 7.345
83 9 2 30.864 9.058 30.142 7.443
84 9 2 30.864 9.136 30.141 7.520
85 9 2 30.843 9.194 30.121 7.578
86 9 2 30.843 9.252 30.120 7.636
87 9 2 30.862 9.310 30.139 7.695
88 9 2 30.871 9.378 30.148 7.763
89 9 2 30.870 9.465 30.147 7.850
90 9 2 30.859 9.562 30.136 7.947
91 9 2 30.848 9.659 30.125 8.044
92 9 2 30.847 9.746 30.124 8.131
93 9 2 30.846 9.824 30.123 8.208
94 9 2 30.845 9.892 30.123 8.276
95 9 2 30.825 9.969 30.102 8.354
96 9 2 30.814 10.066 30.091 8.451
97 9 2 30.823 10.153 30.100 8.538
98 9 2 30.812 10.221 30.090 8.606
99 9 2 30.821 10.299 30.098 8.683
100 9 2 30.811 10.357 30.088 8.742
101 9 2 30.800 10.434 30.077 8.819
102 9 2 30.789 10.521 30.067 8.906
103 9 2 30.788 10.609 30.066 8.994
104 9 2 30.787 10.686 30.065 9.071
105 9 2 30.777 10.773 30.054 9.158
106 9 2 30.766 10.861 30.043 9.246
107 9 2 30.755 10.957 30.032 9.342
108 9 2 30.754 11.045 30.031 9.430
109 9 2 30.763 11.122 30.040 9.507
110 9 2 30.762 11.180 30.040 9.566
111 9 2 30.771 11.239 30.049 9.624
112 9 2 30.770 11.326 30.048 9.711
113 9 2 30.760 11.413 30.037 9.798
114 9 2 30.759 11.510 30.036 9.895
115 9 2 30.767 11.597 30.045 9.983
116 9 2 30.766 11.685 30.044 10.070
117 9 2 30.775 11.753 30.053 10.138
118 9 2 30.774 11.850 30.051 10.235
119 9 2 30.773 11.937 30.050 10.322
120 9 2 30.782 12.034 30.059 10.419
121 9 2 30.800 12.131 30.077 10.516
122 9 2 30.809 12.209 30.086 10.594
123 9 2 30.808 12.286 30.085 10.672
124 9 2 30.827 12.364 30.104 10.749
125 9 2 30.816 12.441 30.093 10.827
126 9 2 30.806 12.519 30.083 10.904
127 9 2 30.795 12.625 30.072 11.011
128 9 2 30.793 12.742 30.070 11.128
129 9 2 30.792 12.858 30.069 11.244
130 9 2 30.820 12.965 30.097 11.351
131 9 2 30.819 13.052 30.096 11.438
132 9 2 30.828 13.130 30.105 11.516
133 9 2 30.837 13.227 30.114 11.613
134 9 2 30.855 13.324 30.132 11.710
135 9 2 30.873 13.411 30.151 11.797
136 9 2 30.882 13.489 30.160 11.875
137 9 2 30.881 13.596 30.158 11.982
138 9 2 30.880 13.673 30.157 12.059
139 9 2 30.869 13.760 30.147 12.147
140 9 2 30.859 13.838 30.136 12.224
141 9 2 30.868 13.916 30.145 12.302
142 9 2 30.867 14.003 30.144 12.389
143 9 2 30.895 14.119 30.172 12.506
144 9 2 30.932 14.217 30.210 12.603
145 9 2 30.961 14.323 30.238 12.710
146 9 2 30.979 14.420 30.256 12.807
147 9 2 30.988 14.517 30.265 12.904
148 9 2 30.977 14.624 30.254 13.010
149 9 2 30.985 14.721 30.263 13.108
150 9 2 31.013 14.828 30.291 13.214
151 9 2 31.032 14.915 30.309 13.302
152 9 2 31.041 15.002 30.318 13.389
153 9 2 31.049 15.070 30.327 13.457
154 9 2 31.068 15.119 30.346 13.506
155 9 2 31.097 15.197 30.374 13.583
156 9 2 31.135 15.294 30.412 13.681
157 9 2 31.163 15.401 30.440 13.787
158 9 2 31.161 15.507 30.439 13.894
159 9 2 31.170 15.585 30.448 13.972
160 9 2 31.179 15.672 30.457 14.059
161 9 2 31.188 15.759 30.465 14.146
162 9 2 31.206 15.847 30.484 14.234
163 9 2 31.205 15.934 30.483 14.321
164 9 2 31.204 16.041 30.482 14.428
165 9 2 31.213 16.147 30.490 14.535
166 9 2 31.221 16.254 30.499 14.641
167 9 2 31.249 16.341 30.527 14.729
168 9 2 31.278 16.438 30.555 14.826
169 9 2 31.286 16.545 30.564 14.933
170 9 2 31.295 16.652 30.572 15.039
171 9 2 31.284 16.749 30.561 15.136
172 9 2 31.292 16.865 30.570 15.253
173 9 2 31.301 16.962 30.578 15.350
174 9 2 31.329 17.059 30.607 15.447
175 9 2 31.357 17.156 30.635 15.544
176 9 2 31.376 17.244 30.653 15.631
177 9 2 31.384 17.341 30.662 15.728
178 9 2 31.393 17.438 30.670 15.825
179 9 2 31.382 17.525 30.660 15.913
180 9 2 31.381 17.602 30.659 15.990
181 9 2 31.380 17.699 30.658 16.087
182 9 2 31.389 17.806 30.666 16.194
183 9 2 31.407 17.913 30.685 16.301
184 9 2 31.425 18.010 30.703 16.398
185 9 2 31.434 18.097 30.712 16.485
186 9 2 31.453 18.184 30.730 16.573
187 9 2 31.452 18.272 30.729 16.660
188 9 2 31.470 18.378 30.748 16.767
189 9 2 31.469 18.485 30.746 16.873
190 9 2 31.477 18.592 30.755 16.980
191 9 2 31.466 18.689 30.744 17.077
192 9 2 31.446 18.786 30.723 17.174
193 9 2 31.435 18.873 30.713 17.261
194 9 2 31.444 18.980 30.721 17.368
195 9 2 31.443 19.067 30.720 17.455
196 9 2 31.451 19.154 30.729 17.543
197 9 2 31.450 19.251 30.728 17.640
198 9 2 31.469 19.348 30.746 17.737
199 9 2 31.487 19.445 30.765 17.834
200 9 2 31.486 19.542 30.764 17.931
201 9 2 31.465 19.629 30.743 18.018
202 9 2 31.435 19.726 30.713 18.115
203 9 2 31.405 19.833 30.682 18.222
204 9 2 31.442 19.940 30.720 18.328
205 9 2 31.480 20.066 30.758 18.455
206 9 2 31.508 20.173 30.786 18.561
207 9 2 31.526 20.279 30.804 18.668
208 9 2 31.525 20.376 30.803 18.765
209 9 2 31.495 20.463 30.773 18.852
210 9 2 31.484 20.541 30.762 18.930
211 9 2 31.483 20.648 30.761 19.037
212 9 2 31.502 20.745 30.779 19.134
213 9 2 31.539 20.851 30.817 19.241
214 9 2 31.567 20.948 30.845 19.338
215 9 2 31.596 21.036 30.873 19.425
216 9 2 31.595 21.104 30.873 19.493
217 9 2 31.594 21.142 30.872 19.532
218 9 2 31.584 21.162 30.862 19.551
0 9 2 30.689 4.811 29.966 3.194
219 9 2 31.574 21.191 30.852 19.580
220 9 2 31.584 21.230 30.861 19.619
221 9 2 31.603 21.259 30.881 19.648
222 9 2 31.602 21.327 30.880 19.716
223 9 2 31.601 21.395 30.879 19.784
224 9 2 31.591 21.462 30.868 19.852
225 9 2 31.581 21.511 30.858 19.900
226 9 2 31.599 21.559 30.877 19.949
227 9 2 31.599 21.598 30.877 19.988
228 9 2 31.598 21.647 30.876 20.036
229 9 2 31.588 21.705 30.866 20.094
230 9 2 31.568 21.763 30.846 20.153
231 9 2 31.577 21.812 30.855 20.201
232 9 2 31.587 21.841 30.864 20.230
233 9 2 31.606 21.841 30.884 20.230
234 9 2 31.626 21.812 30.903 20.201
1 8 2 31.603 20.415 30.806 18.474
2 8 2 31.603 20.396 30.806 18.455
3 8 2 31.623 20.376 30.826 18.435
4 8 2 31.642 20.347 30.846 18.406
5 8 2 31.662 20.308 30.866 18.368
6 8 2 31.682 20.260 30.886 18.319
7 8 2 31.683 20.202 30.887 18.261
8 8 2 31.664 20.163 30.867 18.222
9 8 2 31.635 20.124 30.839 18.183
10 8 2 31.607 20.076 30.810 18.135
11 8 2 31.597 20.017 30.801 18.076
12 8 2 31.598 19.950 30.802 18.008
13 8 2 31.609 19.872 30.812 17.931
14 8 2 31.629 19.794 30.833 17.853
15 8 2 31.610 19.736 30.814 17.795
16 8 2 31.601 19.688 30.805 17.747
17 8 2 31.592 19.639 30.795 17.698
18 8 2 31.583 19.581 30.786 17.640
19 8 2 31.574 19.503 30.777 17.562
20 8 2 31.585 19.416 30.788 17.475
21 8 2 31.576 19.348 30.779 17.407
22 8 2 31.577 19.280 30.780 17.339
23 8 2 31.567 19.232 30.771 17.291
24 8 2 31.529 19.164 30.733 17.223
25 8 2 31.510 19.096 30.714 17.155
26 8 2 31.492 19.028 30.695 17.087
27 8 2 31.483 18.970 30.686 17.028
28 8 2 31.483 18.912 30.687 16.970
29 8 2 31.494 18.863 30.697 16.922
30 8 2 31.485 18.795 30.688 16.854
31 8 2 31.486 18.708 30.689 16.766
32 8 2 31.486 18.640 30.690 16.699
33 8 2 31.478 18.563 30.681 16.621
34 8 2 31.488 18.475 30.692 16.534
35 8 2 31.489 18.378 30.693 16.437
36 8 2 31.490 18.291 30.694 16.349
37 8 2 31.491 18.194 30.695 16.252
38 8 2 31.473 18.117 30.676 16.175
39 8 2 31.493 18.049 30.697 16.107
40 8 2 31.513 17.971 30.717 16.029
41 8 2 31.524 17.894 30.728 15.952
42 8 2 31.544 17.816 30.748 15.874
43 8 2 31.545 17.748 30.749 15.806
44 8 2 31.536 17.661 30.740 15.719
45 8 2 31.547 17.574 30.751 15.632
46 8 2 31.539 17.467 30.742 15.525
47 8 2 31.540 17.380 30.743 15.438
48 8 2 31.540 17.312 30.744 15.370
49 8 2 31.531 17.254 30.735 15.312
50 8 2 31.522 17.186 30.726 15.244
51 8 2 31.514 17.089 30.717 15.147
52 8 2 31.486 16.982 30.689 15.040
53 8 2 31.487 16.895 30.690 14.953
54 8 2 31.488 16.788 30.691 14.846
55 8 2 31.489 16.691 30.692 14.749
56 8 2 31.510 16.594 30.713 14.652
57 8 2 31.520 16.507 30.724 14.565
58 8 2 31.521 16.439 30.725 14.497
59 8 2 31.522 16.352 30.726 14.410
60 8 2 31.513 16.255 30.717 14.313
61 8 2 31.505 16.158 30.708 14.215
62 8 2 31.535 16.071 30.739 14.128
63 8 2 31.546 15.984 30.749 14.041
64 8 2 31.537 15.887 30.741 13.944
65 8 2 31.538 15.790 30.742 13.847
66 8 2 31.529 15.702 30.733 13.760
67 8 2 31.511 15.615 30.714 13.672
68 8 2 31.512 15.538 30.715 13.595
69 8 2 31.503 15.441 30.707 13.498
70 8 2 31.504 15.363 30.708 13.420
71 8 2 31.505 15.285 30.708 13.343
72 8 2 31.496 15.218 30.699 13.275
73 8 2 31.507 15.121 30.710 13.178
74 8 2 31.528 15.014 30.731 13.071
75 8 2 31.558 14.898 30.762 12.955
76 8 2 31.569 14.801 30.772 12.858
77 8 2 31.570 14.704 30.774 12.761
78 8 2 31.551 14.626 30.755 12.683
79 8 2 31.552 14.539 30.756 12.596
80 8 2 31.573 14.462 30.776 12.519
81 8 2 31.584 14.355 30.787 12.412
82 8 2 31.585 14.249 30.789 12.305
83 8 2 31.586 14.152 30.790 12.208
84 8 2 31.578 14.026 30.781 12.082
85 8 2 31.559 13.919 30.763 11.976
86 8 2 31.551 13.802 30.755 11.859
87 8 2 31.542 13.735 30.746 11.791
88 8 2 31.563 13.647 30.766 11.704
89 8 2 31.593 13.551 30.796 11.607
90 8 2 31.594 13.454 30.798 11.510
91 8 2 31.566 13.318 30.770 11.374
92 8 2 31.558 13.192 30.762 11.248
93 8 2 31.569 13.095 30.772 11.151
94 8 2 31.609 12.998 30.812 11.055
95 8 2 31.649 12.911 30.852 10.968
96 8 2 31.669 12.853 30.873 10.910
97 8 2 31.680 12.747 30.884 10.803
98 8 2 31.681 12.650 30.885 10.706
99 8 2 31.682 12.563 30.886 10.619
100 8 2 31.693 12.456 30.897 10.512
101 8 2 31.704 12.369 30.907 10.425
102 8 2 31.734 12.282 30.938 10.338
103 8 2 31.774 12.156 30.978 10.212
104 8 2 31.775 12.059 30.979 10.115
105 8 2 31.776 11.962 30.980 10.019
106 8 2 31.778 11.856 30.981 9.912
107 8 2 31.778 11.778 30.982 9.834
108 8 2 31.789 11.701 30.993 9.757
109 8 2 31.800 11.604 31.004 9.660
110 8 2 31.791 11.536 30.995 9.592
111 8 2 31.772 11.468 30.976 9.524
112 8 2 31.773 11.361 30.977 9.418
113 8 2 31.775 11.235 30.979 9.292
114 8 2 31.786 11.090 30.990 9.146
115 8 2 31.788 10.955 30.992 9.011
116 8 2 31.779 10.838 30.983 8.894
117 8 2 31.771 10.751 30.974 8.807
118 8 2 31.752 10.673 30.956 8.729
119 8 2 31.743 10.596 30.947 8.652
120 8 2 31.734 10.508 30.938 8.564
121 8 2 31.716 10.421 30.920 8.477
122 8 2 31.707 10.314 30.911 8.370
123 8 2 31.689 10.227 30.893 8.283
124 8 2 31.680 10.120 30.884 8.176
125 8 2 31.672 10.014 30.876 8.069
126 8 2 31.653 9.917 30.857 7.972
127 8 2 31.654 9.830 30.858 7.885
128 8 2 31.646 9.733 30.850 7.788
129 8 2 31.627 9.655 30.831 7.710
130 8 2 31.619 9.558 30.822 7.613
131 8 2 31.610 9.451 30.814 7.507
132 8 2 31.592 9.345 30.796 7.400
133 8 2 31.603 9.248 30.806 7.303
134 8 2 31.614 9.141 30.817 7.196
135 8 2 31.615 9.035 30.819 7.090
136 8 2 31.645 8.938 30.849 6.993
137 8 2 31.636 8.841 30.840 6.896
138 8 2 31.618 8.725 30.822 6.780
139 8 2 31.620 8.618 30.823 6.673
140 8 2 31.621 8.521 30.824 6.576
141 8 2 31.631 8.434 30.835 6.489
142 8 2 31.652 8.367 30.855 6.421
143 8 2 31.643 8.308 30.846 6.363
144 8 2 31.643 8.241 30.847 6.295
145 8 2 31.645 8.124 30.848 6.179
146 8 2 31.636 7.989 30.840 6.043
147 8 2 31.628 7.853 30.832 5.908
148 8 2 31.620 7.746 30.823 5.801
149 8 2 31.601 7.659 30.805 5.713
150 8 2 31.583 7.581 30.786 5.636
151 8 2 31.584 7.475 30.788 5.529
152 8 2 31.565 7.378 30.769 5.432
153 8 2 31.567 7.271 30.770 5.325
154 8 2 31.568 7.194 30.771 5.248
155 8 2 31.569 7.097 30.772 5.151
156 8 2 31.560 7.000 30.764 5.054
157 8 2 31.571 6.903 30.775 4.957
158 8 2 31.572 6.816 30.776 4.870
159 8 2 31.573 6.729 30.777 4.783
160 8 2 31.574 6.622 30.778 4.676
161 8 2 31.575 6.515 30.779 4.570
162 8 2 31.576 6.428 30.780 4.482
163 8 2 31.587 6.331 30.791 4.386
164 8 2 31.598 6.235 30.802 4.289
165 8 2 31.628 6.138 30.832 4.192
166 8 2 31.639 6.041 30.843 4.095
167 8 2 31.630 5.964 30.834 4.018
168 8 2 31.622 5.867 30.825 3.921
169 8 2 31.603 5.760 30.807 3.814
170 8 2 31.624 5.663 30.828 3.717
171 8 2 31.674 5.557 30.878 3.611
172 8 2 31.704 5.461 30.908 3.515
173 8 2 31.734 5.364 30.938 3.418
174 8 2 31.765 5.268 30.969 3.322
175 8 2 31.766 5.181 30.970 3.234
176 8 2 31.767 5.093 30.971 3.147
177 8 2 31.748 4.987 30.952 3.040
178 8 2 31.750 4.880 30.954 2.934
179 8 2 31.770 4.793 30.974 2.847
180 8 2 31.848 4.736 31.053 2.790
181 8 2 31.908 4.669 31.112 2.723
182 8 2 31.977 4.582 31.181 2.636
183 8 2 32.026 4.496 31.231 2.550
184 8 2 32.076 4.390 31.281 2.444
185 8 2 32.136 4.264 31.340 2.319
186 8 2 32.186 4.159 31.390 2.213
187 8 2 32.235 4.072 31.440 2.126
188 8 2 32.304 4.005 31.509 2.059
189 8 2 32.353 3.957 31.558 2.011
190 8 2 32.374 3.890 31.578 1.944
191 8 2 32.375 3.802 31.579 1.857
192 8 2 32.385 3.735 31.590 1.789
193 8 2 32.425 3.677 31.629 1.731
194 8 2 32.513 3.620 31.718 1.674
195 8 2 32.601 3.563 31.806 1.617
196 8 2 32.699 3.467 31.904 1.522
197 8 2 32.788 3.381 31.993 1.436
198 8 2 32.857 3.295 32.062 1.349
199 8 2 32.916 3.228 32.121 1.282
200 8 2 32.975 3.190 32.180 1.244
201 8 2 33.014 3.152 32.219 1.206
202 8 2 33.054 3.075 32.259 1.129
203 8 2 33.084 2.997 32.289 1.052
204 8 2 33.104 2.911 32.310 0.965
205 8 2 33.115 2.843 32.320 0.898
206 8 2 33.125 2.795 32.330 0.850
207 8 2 33.135 2.747 32.341 0.801
208 8 2 33.136 2.669 32.341 0.724
209 8 2 33.166 2.573 32.372 0.627
210 8 2 33.196 2.486 32.402 0.541
211 8 2 33.216 2.428 32.422 0.483
212 8 2 33.237 2.370 32.442 0.425
213 8 2 33.257 2.303 32.462 0.358
214 8 2 33.306 2.226 32.512 0.281
215 8 2 33.365 2.140 32.571 0.195
216 8 2 33.405 2.073 32.611 0.127
217 8 2 33.415 2.034 32.621 0.089
218 8 2 33.406 2.015 32.611 0.069
0 8 2 31.622 20.434 30.825 18.494
219 8 2 33.367 1.985 32.573 0.040
220 8 2 33.329 1.965 32.534 0.020
221 8 2 33.310 1.926 32.515 -0.019
222 8 2 33.300 1.888 32.506 -0.058
223 8 2 33.272 1.848 32.477 -0.097
224 8 2 33.253 1.790 32.458 -0.155
225 8 2 33.234 1.732 32.440 -0.214
226 8 2 33.225 1.693 32.430 -0.252
227 8 2 33.235 1.655 32.440 -0.291
228 8 2 33.274 1.626 32.480 -0.320
229 8 2 33.293 1.626 32.499 -0.319
230 8 2 33.294 1.617 32.499 -0.329
231 8 2 33.274 1.597 32.480 -0.349
232 8 2 33.226 1.587 32.431 -0.359
233 8 2 33.187 1.557 32.393 -0.388
234 8 2 33.188 1.528 32.393 -0.417
235 8 2 33.198 1.499 32.403 -0.446
236 8 2 33.179 1.460 32.384 -0.485
237 8 2 33.111 1.411 32.317 -0.535
238 8 2 33.083 1.372 32.288 -0.574
239 8 2 33.102 1.353 32.308 -0.593
240 8 2 33.161 1.354 32.366 -0.592
241 8 2 33.267 1.365 32.473 -0.581
242 8 2 33.296 1.365 32.502 -0.580
243 8 2 33.190 1.315 32.396 -0.630
1 7 2 31.541 1.827 30.870 -0.012
2 7 2 31.521 1.846 30.850 0.007
3 7 2 31.492 1.855 30.821 0.016
4 7 2 31.453 1.874 30.782 0.035
5 7 2 31.433 1.884 30.762 0.044
6 7 2 31.423 1.893 30.752 0.054
7 7 2 31.423 1.913 30.752 0.073
8 7 2 31.393 1.941 30.723 0.102
9 7 2 31.364 1.980 30.693 0.140
10 7 2 31.315 2.008 30.644 0.169
11 7 2 31.285 2.037 30.614 0.197
12 7 2 31.265 2.066 30.595 0.226
13 7 2 31.255 2.095 30.584 0.255
14 7 2 31.226 2.133 30.555 0.293
15 7 2 31.186 2.171 30.515 0.332
16 7 2 31.137 2.219 30.466 0.380
17 7 2 31.088 2.267 30.417 0.427
18 7 2 31.068 2.315 30.397 0.475
19 7 2 31.048 2.344 30.377 0.504
20 7 2 31.038 2.383 30.367 0.543
21 7 2 31.008 2.411 30.337 0.572
22 7 2 31.008 2.440 30.337 0.601
23 7 2 31.008 2.469 30.336 0.630
24 7 2 31.017 2.518 30.346 0.678
25 7 2 31.016 2.566 30.345 0.727
26 7 2 31.015 2.634 30.344 0.795
27 7 2 30.995 2.682 30.324 0.843
28 7 2 30.975 2.721 30.304 0.881
29 7 2 30.966 2.731 30.295 0.891
30 7 2 30.946 2.750 30.275 0.910
31 7 2 30.926 2.788 30.255 0.949
32 7 2 30.906 2.827 30.235 0.987
33 7 2 30.886 2.885 30.215 1.045
34 7 2 30.856 2.952 30.185 1.112
35 7 2 30.846 3.000 30.174 1.161
36 7 2 30.845 3.059 30.174 1.219
37 7 2 30.844 3.107 30.173 1.267
38 7 2 30.834 3.146 30.163 1.306
39 7 2 30.824 3.175 30.153 1.335
40 7 2 30.824 3.213 30.152 1.374
41 7 2 30.833 3.262 30.162 1.422
42 7 2 30.832 3.301 30.161 1.461
43 7 2 30.832 3.349 30.161 1.509
44 7 2 30.821 3.417 30.150 1.577
45 7 2 30.801 3.475 30.130 1.635
46 7 2 30.781 3.533 30.110 1.693
47 7 2 30.781 3.581 30.109 1.741
48 7 2 30.761 3.610 30.089 1.770
49 7 2 30.750 3.658 30.079 1.819
50 7 2 30.720 3.735 30.049 1.896
51 7 2 30.700 3.793 30.029 1.954
52 7 2 30.680 3.861 30.009 2.021
53 7 2 30.669 3.919 29.998 2.079
54 7 2 30.640 3.957 29.968 2.118
55 7 2 30.610 3.996 29.939 2.156
56 7 2 30.571 4.034 29.899 2.194
57 7 2 30.541 4.073 29.870 2.233
58 7 2 30.521 4.131 29.849 2.291
59 7 2 30.510 4.208 29.839 2.368
60 7 2 30.509 4.276 29.838 2.436
61 7 2 30.499 4.315 29.828 2.475
62 7 2 30.489 4.363 29.817 2.523
63 7 2 30.459 4.421 29.788 2.581
64 7 2 30.439 4.469 29.767 2.629
65 7 2 30.429 4.488 29.757 2.648
66 7 2 30.429 4.517 29.757 2.678
67 7 2 30.428 4.585 29.756 2.745
68 7 2 30.417 4.701 29.745 2.862
69 7 2 30.415 4.856 29.744 3.017
70 7 2 30.394 4.992 29.722 3.152
71 7 2 30.393 5.060 29.722 3.220
72 7 2 30.383 5.128 29.711 3.288
73 7 2 30.372 5.205 29.700 3.365
74 7 2 30.361 5.292 29.690 3.452
75 7 2 30.360 5.379 29.689 3.540
76 7 2 30.359 5.457 29.688 3.617
77 7 2 30.359 5.525 29.687 3.685
78 7 2 30.358 5.583 29.686 3.743
79 7 2 30.357 5.641 29.686 3.802
80 7 2 30.357 5.719 29.685 3.879
81 7 2 30.356 5.787 29.684 3.947
82 7 2 30.365 5.854 29.693 4.015
83 7 2 30.344 5.922 29.673 4.083
84 7 2 30.334 5.990 29.662 4.150
85 7 2 30.323 6.067 29.652 4.228
86 7 2 30.303 6.164 29.631 4.325
87 7 2 30.292 6.242 29.620 4.402
88 7 2 30.291 6.329 29.619 4.489
89 7 2 30.281 6.387 29.609 4.547
90 7 2 30.290 6.455 29.618 4.615
91 7 2 30.279 6.523 29.607 4.683
92 7 2 30.278 6.610 29.606 4.770
93 7 2 30.277 6.687 29.605 4.848
94 7 2 30.286 6.755 29.614 4.916
95 7 2 30.295 6.833 29.623 4.994
96 7 2 30.294 6.920 29.622 5.081
97 7 2 30.283 7.017 29.611 5.178
98 7 2 30.292 7.104 29.620 5.265
99 7 2 30.281 7.182 29.610 5.343
100 7 2 30.280 7.260 29.609 5.420
101 7 2 30.279 7.347 29.608 5.508
102 7 2 30.279 7.424 29.607 5.585
103 7 2 30.268 7.492 29.596 5.653
104 7 2 30.258 7.550 29.586 5.711
105 7 2 30.247 7.637 29.575 5.798
106 7 2 30.236 7.734 29.564 5.895
107 7 2 30.235 7.841 29.563 6.002
108 7 2 30.243 7.948 29.572 6.109
109 7 2 30.252 8.045 29.580 6.206
110 7 2 30.251 8.132 29.579 6.293
111 7 2 30.250 8.210 29.578 6.371
112 7 2 30.259 8.287 29.587 6.448
113 7 2 30.268 8.345 29.596 6.506
114 7 2 30.277 8.413 29.605 6.574
115 7 2 30.296 8.481 29.624 6.643
116 7 2 30.285 8.569 29.613 6.730
117 7 2 30.265 8.656 29.593 6.817
118 7 2 30.244 8.743 29.572 6.904
119 7 2 30.214 8.840 29.542 7.001
120 7 2 30.203 8.927 29.531 7.088
121 7 2 30.212 9.014 29.540 7.175
122 7 2 30.211 9.101 29.539 7.263
123 7 2 30.210 9.189 29.538 7.350
124 7 2 30.228 9.276 29.556 7.437
125 7 2 30.246 9.383 29.575 7.544
126 7 2 30.255 9.470 29.583 7.632
127 7 2 30.264 9.548 29.592 7.709
128 7 2 30.253 9.625 29.582 7.787
129 7 2 30.243 9.713 29.571 7.874
130 7 2 30.261 9.810 29.589 7.971
131 7 2 30.270 9.916 29.598 8.078
132 7 2 30.278 10.014 29.606 8.175
133 7 2 30.277 10.110 29.605 8.272
134 7 2 30.266 10.198 29.595 8.359
135 7 2 30.256 10.285 29.584 8.446
136 7 2 30.245 10.382 29.573 8.543
137 7 2 30.244 10.469 29.572 8.631
138 7 2 30.233 10.566 29.561 8.728
139 7 2 30.242 10.653 29.570 8.815
140 7 2 30.231 10.750 29.559 8.912
141 7 2 30.230 10.838 29.558 8.999
142 7 2 30.219 10.944 29.547 9.106
143 7 2 30.218 11.041 29.546 9.203
144 7 2 30.207 11.128 29.535 9.290
145 7 2 30.206 11.206 29.534 9.368
146 7 2 30.205 11.274 29.534 9.436
147 7 2 30.214 11.361 29.542 9.523
148 7 2 30.213 11.468 29.541 9.630
149 7 2 30.202 11.575 29.530 9.736
150 7 2 30.201 11.681 29.529 9.843
151 7 2 30.210 11.769 29.538 9.931
152 7 2 30.209 11.836 29.537 9.998
153 7 2 30.237 11.914 29.565 10.076
154 7 2 30.246 11.992 29.574 10.154
155 7 2 30.265 12.079 29.593 10.241
156 7 2 30.273 12.186 29.601 10.348
157 7 2 30.282 12.273 29.610 10.436
158 7 2 30.261 12.351 29.590 10.513
159 7 2 30.270 12.438 29.598 10.600
160 7 2 30.259 12.545 29.587 10.707
161 7 2 30.268 12.652 29.596 10.814
162 7 2 30.276 12.758 29.604 10.921
163 7 2 30.285 12.836 29.613 10.998
164 7 2 30.294 12.904 29.622 11.066
165 7 2 30.303 12.972 29.631 11.134
166 7 2 30.302 13.059 29.630 11.222
167 7 2 30.301 13.166 29.629 11.328
168 7 2 30.309 13.302 29.637 11.464
169 7 2 30.317 13.438 29.645 11.600
170 7 2 30.326 13.525 29.654 11.688
171 7 2 30.335 13.583 29.663 11.746
172 7 2 30.344 13.671 29.672 11.833
173 7 2 30.343 13.777 29.671 11.940
174 7 2 30.361 13.894 29.689 12.057
175 7 2 30.389 14.001 29.717 12.163
176 7 2 30.407 14.088 29.736 12.251
177 7 2 30.416 14.166 29.745 12.329
178 7 2 30.415 14.272 29.743 12.435
179 7 2 30.404 14.360 29.733 12.523
180 7 2 30.394 14.427 29.722 12.590
181 7 2 30.403 14.515 29.731 12.678
182 7 2 30.431 14.622 29.759 12.785
183 7 2 30.449 14.709 29.777 12.872
184 7 2 30.468 14.796 29.796 12.960
185 7 2 30.477 14.874 29.805 13.037
186 7 2 30.466 14.971 29.794 13.134
187 7 2 30.474 15.068 29.803 13.231
188 7 2 30.473 15.175 29.801 13.338
189 7 2 30.472 15.262 29.800 13.425
190 7 2 30.481 15.369 29.809 13.532
191 7 2 30.479 15.476 29.808 13.639
192 7 2 30.488 15.573 29.816 13.736
193 7 2 30.507 15.650 29.835 13.814
194 7 2 30.506 15.728 29.834 13.891
195 7 2 30.495 15.835 29.823 13.998
196 7 2 30.513 15.912 29.842 14.076
197 7 2 30.503 15.999 29.831 14.163
198 7 2 30.512 16.077 29.840 14.241
199 7 2 30.530 16.165 29.858 14.328
200 7 2 30.539 16.271 29.867 14.435
201 7 2 30.547 16.388 29.875 14.551
202 7 2 30.575 16.485 29.903 14.649
203 7 2 30.584 16.611 29.912 14.775
204 7 2 30.582 16.708 29.911 14.872
205 7 2 30.571 16.815 29.900 14.978
206 7 2 30.541 16.912 29.869 15.075
207 7 2 30.540 16.999 29.868 15.163
208 7 2 30.539 17.106 29.867 15.269
209 7 2 30.548 17.203 29.876 15.367
210 7 2 30.556 17.280 29.885 15.444
211 7 2 30.555 17.368 29.884 15.532
212 7 2 30.554 17.455 29.883 15.619
213 7 2 30.563 17.542 29.891 15.706
214 7 2 30.572 17.620 29.900 15.784
215 7 2 30.571 17.698 29.899 15.862
216 7 2 30.570 17.785 29.898 15.949
217 7 2 30.569 17.882 29.897 16.046
218 7 2 30.568 17.979 29.896 16.143
0 7 2 31.541 1.798 30.870 -0.041
219 7 2 30.567 18.047 29.895 16.211
220 7 2 30.547 18.124 29.875 16.289
221 7 2 30.516 18.221 29.845 16.385
222 7 2 30.476 18.328 29.804 16.492
223 7 2 30.446 18.425 29.774 16.589
224 7 2 30.435 18.512 29.763 16.676
225 7 2 30.444 18.590 29.772 16.754
226 7 2 30.453 18.677 29.781 16.841
227 7 2 30.471 18.755 29.799 16.919
228 7 2 30.480 18.833 29.808 16.997
229 7 2 30.479 18.900 29.808 17.065
230 7 2 30.440 18.978 29.768 17.142
231 7 2 30.390 19.065 29.718 17.230
232 7 2 30.360 19.153 29.688 17.317
233 7 2 30.339 19.221 29.667 17.385
234 7 2 30.348 19.269 29.676 17.433
235 7 2 30.358 19.327 29.686 17.492
236 7 2 30.376 19.415 29.704 17.579
237 7 2 30.365 19.512 29.693 17.676
238 7 2 30.345 19.599 29.673 17.763
239 7 2 30.314 19.686 29.642 17.851
240 7 2 30.275 19.754 29.603 17.919
241 7 2 30.254 19.822 29.582 17.986
242 7 2 30.253 19.910 29.581 18.074
243 7 2 30.262 19.987 29.590 18.152
244 7 2 30.262 20.045 29.589 18.210
245 7 2 30.261 20.123 29.589 18.287
246 7 2 30.250 20.201 29.578 18.365
247 7 2 30.239 20.288 29.567 18.452
248 7 2 30.219 20.375 29.547 18.540
249 7 2 30.208 20.453 29.536 18.617
250 7 2 30.198 20.502 29.526 18.666
251 7 2 30.187 20.560 29.515 18.724
252 7 2 30.157 20.628 29.485 18.792
253 7 2 30.156 20.705 29.484 18.870
254 7 2 30.136 20.783 29.464 18.947
255 7 2 30.126 20.851 29.453 19.015
256 7 2 30.125 20.929 29.452 19.093
257 7 2 30.114 20.977 29.442 19.142
258 7 2 30.114 21.045 29.441 19.210
259 7 2 30.113 21.113 29.441 19.278
260 7 2 30.102 21.162 29.430 19.326
261 7 2 30.102 21.200 29.430 19.365
262 7 2 30.092 21.230 29.420 19.394
263 7 2 30.082 21.259 29.410 19.423
264 7 2 30.081 21.307 29.409 19.472
265 7 2 30.071 21.356 29.399 19.520
266 7 2 30.070 21.404 29.398 19.569
267 7 2 30.080 21.433 29.408 19.598
268 7 2 30.089 21.453 29.417 19.617
269 7 2 30.099 21.501 29.426 19.666
270 7 2 30.108 21.550 29.436 19.715
271 7 2 30.097 21.608 29.425 19.773
272 7 2 30.097 21.637 29.425 19.802
273 7 2 30.087 21.657 29.415 19.821
274 7 2 30.087 21.666 29.415 19.831
275 7 2 30.087 21.676 29.415 19.841
276 7 2 30.087 21.696 29.414 19.860
277 7 2 30.096 21.734 29.424 19.899
278 7 2 30.095 21.783 29.423 19.948
279 7 2 30.075 21.831 29.403 19.996
280 7 2 30.085 21.880 29.412 20.045
281 7 2 30.074 21.919 29.402 20.084
282 7 2 30.074 21.948 29.402 20.113
283 7 2 30.074 21.967 29.401 20.132
284 7 2 30.064 21.987 29.391 20.151
285 7 2 30.064 21.987 29.391 20.151
286 7 2 30.074 21.987 29.401 20.151
1 18 2 34.636 20.398 33.958 18.567
2 18 2 34.637 20.359 33.958 18.528
3 18 2 34.637 20.320 33.959 18.490
4 18 2 34.638 20.252 33.959 18.422
5 18 2 34.639 20.175 33.960 18.344
6 18 2 34.639 20.127 33.961 18.296
7 18 2 34.620 20.097 33.942 18.267
8 18 2 34.611 20.068 33.932 18.238
9 18 2 34.582 20.020 33.904 18.189
10 18 2 34.554 19.933 33.876 18.102
11 18 2 34.545 19.836 33.867 18.005
12 18 2 34.527 19.759 33.848 17.928
13 18 2 34.517 19.730 33.839 17.899
14 18 2 34.489 19.700 33.810 17.870
15 18 2 34.479 19.691 33.801 17.860
16 18 2 34.480 19.652 33.801 17.821
17 18 2 34.471 19.584 33.792 17.753
18 18 2 34.462 19.488 33.783 17.657
19 18 2 34.434 19.400 33.755 17.569
20 18 2 34.415 19.333 33.737 17.502
21 18 2 34.406 19.294 33.727 17.463
22 18 2 34.416 19.236 33.738 17.405
23 18 2 34.407 19.168 33.729 17.337
24 18 2 34.379 19.081 33.701 17.250
25 18 2 34.361 18.994 33.682 17.163
26 18 2 34.342 18.916 33.664 17.085
27 18 2 34.333 18.848 33.655 17.017
28 18 2 34.324 18.800 33.645 16.969
29 18 2 34.305 18.742 33.627 16.911
30 18 2 34.277 18.684 33.598 16.852
31 18 2 34.268 18.597 33.589 16.765
32 18 2 34.249 18.529 33.571 16.697
33 18 2 34.250 18.471 33.571 16.639
34 18 2 34.241 18.422 33.562 16.591
35 18 2 34.232 18.374 33.553 16.542
36 18 2 34.233 18.306 33.554 16.475
37 18 2 34.243 18.219 33.565 16.388
38 18 2 34.234 18.151 33.556 16.320
39 18 2 34.225 18.074 33.547 16.242
40 18 2 34.197 17.996 33.518 16.165
41 18 2 34.179 17.929 33.500 16.097
42 18 2 34.179 17.851 33.501 16.019
43 18 2 34.200 17.774 33.521 15.942
44 18 2 34.210 17.716 33.531 15.884
45 18 2 34.201 17.638 33.523 15.806
46 18 2 34.173 17.570 33.494 15.739
47 18 2 34.144 17.503 33.466 15.671
48 18 2 34.117 17.396 33.438 15.564
49 18 2 34.098 17.348 33.419 15.516
50 18 2 34.098 17.289 33.420 15.457
51 18 2 34.099 17.231 33.420 15.399
52 18 2 34.080 17.154 33.402 15.322
53 18 2 34.072 17.057 33.393 15.225
54 18 2 34.073 16.951 33.394 15.118
55 18 2 34.073 16.912 33.395 15.080
56 18 2 34.074 16.854 33.395 15.022
57 18 2 34.075 16.786 33.396 14.954
58 18 2 34.076 16.709 33.397 14.876
59 18 2 34.087 16.592 33.408 14.760
60 18 2 34.078 16.486 33.399 14.654
61 18 2 34.069 16.438 33.390 14.605
62 18 2 34.060 16.370 33.381 14.537
63 18 2 34.061 16.292 33.382 14.460
64 18 2 34.062 16.205 33.383 14.373
65 18 2 34.053 16.118 33.374 14.286
66 18 2 34.035 16.041 33.356 14.208
67 18 2 34.026 15.973 33.347 14.140
68 18 2 34.026 15.905 33.348 14.073
69 18 2 34.018 15.808 33.339 13.976
70 18 2 34.019 15.721 33.340 13.889
71 18 2 33.990 15.653 33.312 13.821
72 18 2 33.981 15.585 33.303 13.753
73 18 2 33.963 15.537 33.284 13.704
74 18 2 33.944 15.469 33.265 13.636
75 18 2 33.935 15.382 33.256 13.549
76 18 2 33.936 15.295 33.257 13.462
77 18 2 33.937 15.208 33.258 13.375
78 18 2 33.958 15.121 33.279 13.288
79 18 2 33.968 15.063 33.289 13.230
80 18 2 33.940 14.985 33.261 13.152
81 18 2 33.941 14.908 33.262 13.075
82 18 2 33.932 14.830 33.253 12.997
83 18 2 33.904 14.743 33.225 12.910
84 18 2 33.904 14.666 33.226 12.833
85 18 2 33.915 14.598 33.236 12.765
86 18 2 33.906 14.520 33.227 12.687
87 18 2 33.926 14.443 33.248 12.610
88 18 2 33.927 14.366 33.248 12.533
89 18 2 33.928 14.288 33.249 12.455
90 18 2 33.919 14.211 33.240 12.378
91 18 2 33.920 14.143 33.241 12.310
92 18 2 33.901 14.085 33.222 12.252
93 18 2 33.883 14.007 33.204 12.174
94 18 2 33.884 13.930 33.205 12.097
95 18 2 33.894 13.833 33.216 12.000
96 18 2 33.895 13.736 33.217 11.903
97 18 2 33.897 13.640 33.218 11.806
98 18 2 33.878 13.591 33.199 11.758
99 18 2 33.859 13.523 33.180 11.690
100 18 2 33.850 13.465 33.171 11.632
101 18 2 33.851 13.397 33.172 11.564
102 18 2 33.852 13.320 33.173 11.486
103 18 2 33.862 13.243 33.183 11.409
104 18 2 33.872 13.194 33.194 11.361
105 18 2 33.873 13.117 33.194 11.283
106 18 2 33.864 13.049 33.185 11.215
107 18 2 33.855 12.972 33.177 11.138
108 18 2 33.837 12.904 33.158 11.070
109 18 2 33.828 12.836 33.149 11.002
110 18 2 33.829 12.778 33.150 10.944
111 18 2 33.829 12.720 33.150 10.886
112 18 2 33.830 12.662 33.151 10.828
113 18 2 33.821 12.594 33.142 10.760
114 18 2 33.822 12.526 33.143 10.692
115 18 2 33.832 12.449 33.153 10.615
116 18 2 33.842 12.400 33.164 10.567
117 18 2 33.862 12.352 33.184 10.518
118 18 2 33.863 12.304 33.184 10.470
119 18 2 33.873 12.246 33.195 10.412
120 18 2 33.864 12.197 33.185 10.364
121 18 2 33.865 12.139 33.186 10.305
122 18 2 33.875 12.091 33.196 10.257
123 18 2 33.895 12.023 33.216 10.190
124 18 2 33.896 11.965 33.217 10.131
125 18 2 33.897 11.897 33.218 10.064
126 18 2 33.888 11.839 33.209 10.006
127 18 2 33.879 11.781 33.200 9.947
128 18 2 33.889 11.733 33.210 9.899
129 18 2 33.899 11.675 33.220 9.841
130 18 2 33.909 11.627 33.231 9.793
131 18 2 33.920 11.588 33.241 9.754
132 18 2 33.930 11.530 33.251 9.696
133 18 2 33.940 11.462 33.262 9.628
134 18 2 33.941 11.404 33.262 9.570
135 18 2 33.932 11.346 33.253 9.512
136 18 2 33.923 11.298 33.244 9.464
137 18 2 33.914 11.240 33.235 9.406
138 18 2 33.905 11.181 33.226 9.347
139 18 2 33.905 11.123 33.227 9.289
140 18 2 33.896 11.075 33.217 9.241
141 18 2 33.877 11.017 33.199 9.183
142 18 2 33.859 10.959 33.180 9.124
143 18 2 33.850 10.881 33.171 9.047
144 18 2 33.851 10.813 33.172 8.979
145 18 2 33.851 10.746 33.173 8.911
146 18 2 33.862 10.688 33.183 8.853
147 18 2 33.872 10.620 33.193 8.786
148 18 2 33.863 10.552 33.184 8.718
149 18 2 33.864 10.494 33.185 8.660
150 18 2 33.855 10.436 33.176 8.602
151 18 2 33.855 10.388 33.177 8.553
152 18 2 33.875 10.349 33.196 8.515
153 18 2 33.876 10.291 33.197 8.457
154 18 2 33.877 10.194 33.198 8.360
155 18 2 33.888 10.107 33.209 8.273
156 18 2 33.888 10.039 33.210 8.205
157 18 2 33.889 9.972 33.210 8.137
158 18 2 33.899 9.923 33.221 8.089
159 18 2 33.890 9.856 33.212 8.021
160 18 2 33.891 9.769 33.213 7.934
161 18 2 33.902 9.682 33.223 7.847
162 18 2 33.903 9.614 33.224 7.779
163 18 2 33.903 9.565 33.225 7.731
164 18 2 33.904 9.527 33.225 7.692
165 18 2 33.895 9.478 33.216 7.644
166 18 2 33.886 9.411 33.207 7.576
167 18 2 33.877 9.323 33.198 7.489
168 18 2 33.868 9.246 33.189 7.411
169 18 2 33.888 9.169 33.210 7.334
170 18 2 33.909 9.101 33.230 7.267
171 18 2 33.938 9.053 33.260 7.218
172 18 2 33.939 8.976 33.261 7.141
173 18 2 33.959 8.908 33.281 7.073
174 18 2 33.970 8.840 33.291 7.006
175 18 2 33.990 8.773 33.311 6.938
176 18 2 34.010 8.715 33.331 6.880
177 18 2 34.040 8.647 33.361 6.813
178 18 2 34.041 8.580 33.362 6.745
179 18 2 34.051 8.512 33.373 6.678
180 18 2 34.052 8.454 33.373 6.619
181 18 2 34.072 8.377 33.394 6.542
182 18 2 34.082 8.319 33.404 6.484
183 18 2 34.112 8.242 33.434 6.407
184 18 2 34.123 8.164 33.445 6.330
185 18 2 34.143 8.078 33.465 6.243
186 18 2 34.144 8.010 33.466 6.175
187 18 2 34.145 7.932 33.467 6.098
188 18 2 34.136 7.855 33.458 6.020
189 18 2 34.137 7.768 33.459 5.933
190 18 2 34.138 7.691 33.460 5.856
191 18 2 34.158 7.642 33.480 5.808
192 18 2 34.158 7.604 33.480 5.769
193 18 2 34.169 7.555 33.490 5.721
194 18 2 34.179 7.468 33.501 5.634
195 18 2 34.210 7.362 33.531 5.528
196 18 2 34.220 7.275 33.542 5.441
197 18 2 34.241 7.198 33.562 5.363
198 18 2 34.270 7.131 33.592 5.296
199 18 2 34.291 7.063 33.612 5.229
200 18 2 34.301 6.967 33.623 5.132
201 18 2 34.322 6.889 33.643 5.055
202 18 2 34.322 6.831 33.644 4.997
203 18 2 34.313 6.773 33.635 4.939
204 18 2 34.333 6.706 33.655 4.871
205 18 2 34.344 6.619 33.666 4.784
206 18 2 34.355 6.532 33.677 4.697
207 18 2 34.365 6.464 33.687 4.630
208 18 2 34.376 6.397 33.697 4.562
209 18 2 34.386 6.358 33.708 4.523
210 18 2 34.406 6.300 33.728 4.466
211 18 2 34.436 6.233 33.758 4.398
212 18 2 34.466 6.146 33.788 4.311
213 18 2 34.467 6.059 33.789 4.224
214 18 2 34.448 5.982 33.770 4.147
215 18 2 34.439 5.924 33.761 4.089
216 18 2 34.421 5.856 33.742 4.021
217 18 2 34.412 5.778 33.734 3.943
218 18 2 34.422 5.701 33.744 3.866
0 18 2 34.626 20.456 33.947 18.625
219 18 2 34.423 5.633 33.745 3.798
220 18 2 34.443 5.575 33.765 3.741
221 18 2 34.453 5.537 33.775 3.702
222 18 2 34.483 5.479 33.805 3.644
223 18 2 34.503 5.412 33.825 3.577
224 18 2 34.543 5.335 33.865 3.500
225 18 2 34.563 5.258 33.885 3.423
226 18 2 34.574 5.190 33.896 3.355
227 18 2 34.574 5.122 33.896 3.287
228 18 2 34.585 5.064 33.907 3.230
229 18 2 34.585 4.997 33.907 3.162
230 18 2 34.615 4.939 33.937 3.104
231 18 2 34.635 4.872 33.957 3.037
232 18 2 34.665 4.814 33.987 2.979
233 18 2 34.676 4.746 33.998 2.911
234 18 2 34.686 4.698 34.008 2.863
235 18 2 34.686 4.650 34.008 2.815
236 18 2 34.697 4.582 34.019 2.747
237 18 2 34.688 4.505 34.010 2.670
238 18 2 34.689 4.447 34.011 2.612
239 18 2 34.689 4.399 34.011 2.563
240 18 2 34.699 4.360 34.021 2.525
241 18 2 34.729 4.302 34.051 2.467
242 18 2 34.740 4.215 34.062 2.380
243 18 2 34.750 4.138 34.072 2.303
244 18 2 34.751 4.080 34.073 2.245
245 18 2 34.761 4.042 34.083 2.207
246 18 2 34.791 4.003 34.113 2.168
247 18 2 34.810 3.955 34.133 2.120
248 18 2 34.821 3.907 34.143 2.072
249 18 2 34.831 3.839 34.153 2.004
250 18 2 34.822 3.752 34.145 1.917
251 18 2 34.813 3.685 34.136 1.849
252 18 2 34.824 3.627 34.146 1.792
253 18 2 34.824 3.569 34.147 1.734
254 18 2 34.835 3.521 34.157 1.685
255 18 2 34.835 3.472 34.157 1.637
256 18 2 34.826 3.404 34.148 1.569
257 18 2 34.827 3.337 34.149 1.502
258 18 2 34.828 3.269 34.150 1.434
259 18 2 34.838 3.192 34.161 1.357
260 18 2 34.849 3.144 34.171 1.309
261 18 2 34.830 3.115 34.152 1.279
262 18 2 34.820 3.076 34.142 1.240
263 18 2 34.821 3.027 34.143 1.192
264 18 2 34.812 2.950 34.134 1.115
265 18 2 34.793 2.872 34.116 1.037
266 18 2 34.784 2.814 34.107 0.979
267 18 2 34.765 2.775 34.088 0.940
268 18 2 34.747 2.737 34.069 0.901
269 18 2 34.747 2.688 34.069 0.853
270 18 2 34.738 2.640 34.060 0.804
271 18 2 34.729 2.591 34.051 0.756
272 18 2 34.720 2.533 34.042 0.698
273 18 2 34.711 2.466 34.033 0.630
274 18 2 34.702 2.407 34.024 0.572
275 18 2 34.693 2.349 34.015 0.514
276 18 2 34.664 2.310 33.986 0.475
277 18 2 34.655 2.272 33.977 0.436
278 18 2 34.646 2.213 33.968 0.378
279 18 2 34.637 2.146 33.959 0.310
280 18 2 34.637 2.088 33.959 0.252
281 18 2 34.618 2.049 33.941 0.213
282 18 2 34.590 2.019 33.912 0.184
283 18 2 34.571 2.000 33.893 0.164
284 18 2 34.551 1.990 33.873 0.154
285 18 2 34.542 1.971 33.864 0.135
286 18 2 34.532 1.951 33.854 0.115
287 18 2 34.513 1.941 33.835 0.105
288 18 2 34.484 1.912 33.806 0.076
289 18 2 34.475 1.883 33.797 0.047
290 18 2 34.475 1.844 33.797 0.008
291 18 2 34.476 1.815 33.798 -0.021
292 18 2 34.466 1.786 33.788 -0.050
293 18 2 34.447 1.757 33.769 -0.079
294 18 2 34.418 1.737 33.740 -0.099
295 18 2 34.409 1.708 33.731 -0.128
296 18 2 34.409 1.679 33.731 -0.157
297 18 2 34.400 1.650 33.722 -0.186
298 18 2 34.381 1.630 33.703 -0.206
299 18 2 34.362 1.601 33.683 -0.235
300 18 2 34.342 1.581 33.664 -0.255
301 18 2 34.314 1.562 33.635 -0.275
302 18 2 34.294 1.542 33.616 -0.294
303 18 2 34.275 1.513 33.597 -0.323
304 18 2 34.256 1.493 33.578 -0.343
305 18 2 34.237 1.474 33.559 -0.363
306 18 2 34.228 1.445 33.549 -0.392
307 18 2 34.209 1.406 33.530 -0.431
308 18 2 34.199 1.386 33.521 -0.450
309 18 2 34.180 1.367 33.502 -0.470
310 18 2 34.141 1.356 33.463 -0.480
311 18 2 34.103 1.337 33.424 -0.500
312 18 2 34.064 1.326 33.386 -0.510
313 18 2 34.035 1.307 33.357 -0.530
314 18 2 34.035 1.297 33.357 -0.540
315 18 2 34.016 1.287 33.337 -0.549
316 18 2 34.006 1.277 33.328 -0.559
317 18 2 33.987 1.258 33.309 -0.579
318 18 2 33.948 1.257 33.270 -0.579
1 0 1 34.456 3.574 33.803 2.967
2 0 1 34.465 3.594 33.812 2.987
3 0 1 34.465 3.613 33.812 3.006
4 0 1 34.475 3.632 33.822 3.025
5 0 1 34.475 3.642 33.821 3.035
6 0 1 34.474 3.661 33.821 3.054
7 0 1 34.484 3.691 33.831 3.084
8 0 1 34.483 3.710 33.830 3.103
9 0 1 34.483 3.729 33.830 3.122
10 0 1 34.483 3.768 33.830 3.161
11 0 1 34.482 3.816 33.829 3.209
12 0 1 34.481 3.894 33.828 3.287
13 0 1 34.480 3.990 33.827 3.383
14 0 1 34.470 4.087 33.816 3.480
15 0 1 34.469 4.145 33.816 3.538
16 0 1 34.468 4.183 33.815 3.577
17 0 1 34.468 4.203 33.815 3.596
18 0 1 34.478 4.222 33.825 3.615
19 0 1 34.477 4.242 33.824 3.635
20 0 1 34.458 4.270 33.805 3.664
21 0 1 34.448 4.299 33.795 3.692
22 0 1 34.447 4.348 33.794 3.741
23 0 1 34.456 4.396 33.803 3.789
24 0 1 34.475 4.435 33.822 3.828
25 0 1 34.475 4.474 33.822 3.867
26 0 1 34.465 4.502 33.812 3.896
27 0 1 34.474 4.551 33.821 3.944
28 0 1 34.473 4.628 33.820 4.022
29 0 1 34.462 4.725 33.809 4.118
30 0 1 34.452 4.812 33.799 4.205
31 0 1 34.451 4.889 33.798 4.283
32 0 1 34.460 4.928 33.807 4.321
33 0 1 34.469 4.957 33.816 4.350
34 0 1 34.469 4.967 33.816 4.360
35 0 1 34.469 4.976 33.816 4.370
36 0 1 34.479 4.996 33.826 4.389
37 0 1 34.478 5.044 33.825 4.438
38 0 1 34.468 5.073 33.815 4.466
39 0 1 34.458 5.121 33.805 4.515
40 0 1 34.438 5.160 33.785 4.553
41 0 1 34.428 5.208 33.775 4.601
42 0 1 34.437 5.276 33.784 4.669
43 0 1 34.446 5.363 33.792 4.756
44 0 1 34.464 5.431 33.811 4.824
45 0 1 34.483 5.508 33.830 4.902
46 0 1 34.492 5.576 33.839 4.970
47 0 1 34.472 5.624 33.819 5.018
48 0 1 34.452 5.653 33.799 5.047
49 0 1 34.442 5.691 33.789 5.085
50 0 1 34.441 5.730 33.788 5.124
51 0 1 34.441 5.750 33.788 5.143
52 0 1 34.451 5.779 33.797 5.172
53 0 1 34.450 5.788 33.797 5.182
54 0 1 34.450 5.808 33.797 5.201
55 0 1 34.450 5.846 33.797 5.240
56 0 1 34.449 5.895 33.796 5.288
57 0 1 34.429 5.981 33.776 5.375
58 0 1 34.428 6.068 33.775 5.462
59 0 1 34.417 6.146 33.764 5.540
60 0 1 34.417 6.213 33.763 5.607
61 0 1 34.406 6.262 33.753 5.656
62 0 1 34.406 6.300 33.753 5.694
63 0 1 34.405 6.349 33.752 5.743
64 0 1 34.425 6.368 33.771 5.762
65 0 1 34.424 6.397 33.771 5.791
66 0 1 34.424 6.436 33.771 5.830
67 0 1 34.423 6.494 33.770 5.888
68 0 1 34.413 6.542 33.760 5.936
69 0 1 34.422 6.571 33.769 5.965
70 0 1 34.432 6.581 33.779 5.975
71 0 1 34.432 6.610 33.778 6.004
72 0 1 34.431 6.649 33.778 6.043
73 0 1 34.411 6.726 33.758 6.120
74 0 1 34.390 6.822 33.737 6.217
75 0 1 34.380 6.909 33.726 6.304
76 0 1 34.389 6.987 33.735 6.381
77 0 1 34.398 7.045 33.744 6.439
78 0 1 34.426 7.064 33.773 6.459
79 0 1 34.426 7.093 33.773 6.488
80 0 1 34.426 7.113 33.773 6.507
81 0 1 34.416 7.142 33.763 6.536
82 0 1 34.406 7.190 33.752 6.584
83 0 1 34.405 7.248 33.752 6.642
84 0 1 34.395 7.287 33.742 6.681
85 0 1 34.394 7.345 33.741 6.739
86 0 1 34.384 7.364 33.731 6.758
87 0 1 34.365 7.383 33.711 6.777
88 0 1 34.345 7.431 33.691 6.826
89 0 1 34.334 7.509 33.681 6.903
90 0 1 34.323 7.615 33.670 7.009
91 0 1 34.332 7.712 33.679 7.106
92 0 1 34.341 7.770 33.688 7.164
93 0 1 34.341 7.789 33.687 7.184
94 0 1 34.341 7.799 33.687 7.193
95 0 1 34.331 7.799 33.678 7.193
96 0 1 34.321 7.808 33.668 7.203
97 0 1 34.311 7.837 33.658 7.232
98 0 1 34.301 7.876 33.648 7.270
99 0 1 34.281 7.924 33.628 7.318
100 0 1 34.280 7.972 33.627 7.367
101 0 1 34.260 8.021 33.607 7.415
102 0 1 34.250 8.069 33.597 7.463
103 0 1 34.230 8.117 33.577 7.512
104 0 1 34.210 8.175 33.557 7.569
105 0 1 34.210 8.223 33.556 7.618
106 0 1 34.219 8.243 33.566 7.637
107 0 1 34.209 8.252 33.556 7.647
108 0 1 34.200 8.242 33.546 7.637
109 0 1 34.200 8.252 33.546 7.647
110 0 1 34.200 8.262 33.546 7.656
111 0 1 34.219 8.281 33.565 7.676
112 0 1 34.238 8.301 33.585 7.695
113 0 1 34.267 8.311 33.614 7.705
114 0 1 34.296 8.330 33.643 7.725
115 0 1 34.325 8.369 33.671 7.764
116 0 1 34.334 8.398 33.681 7.793
117 0 1 34.353 8.428 33.700 7.822
118 0 1 34.362 8.457 33.709 7.851
119 0 1 34.372 8.486 33.718 7.880
120 0 1 34.381 8.495 33.728 7.890
121 0 1 34.401 8.505 33.747 7.900
122 0 1 34.410 8.515 33.757 7.910
123 0 1 34.420 8.534 33.766 7.929
124 0 1 34.410 8.544 33.757 7.939
125 0 1 34.410 8.573 33.756 7.968
126 0 1 34.429 8.602 33.775 7.997
127 0 1 34.467 8.651 33.814 8.046
128 0 1 34.505 8.709 33.852 8.104
129 0 1 34.553 8.777 33.900 8.172
130 0 1 34.591 8.836 33.938 8.231
131 0 1 34.629 8.894 33.976 8.289
132 0 1 34.667 8.943 34.014 8.338
133 0 1 34.706 8.982 34.053 8.377
134 0 1 34.735 9.001 34.082 8.396
135 0 1 34.764 8.992 34.111 8.387
136 0 1 34.783 9.002 34.130 8.397
137 0 1 34.802 9.011 34.149 8.406
138 0 1 34.831 9.031 34.178 8.426
139 0 1 34.870 9.060 34.217 8.455
140 0 1 34.889 9.099 34.236 8.494
141 0 1 34.898 9.167 34.245 8.562
142 0 1 34.906 9.244 34.254 8.639
143 0 1 34.915 9.312 34.262 8.707
144 0 1 34.924 9.360 34.272 8.756
145 0 1 34.953 9.390 34.300 8.785
146 0 1 34.972 9.419 34.320 8.814
147 0 1 34.991 9.467 34.338 8.863
148 0 1 35.010 9.506 34.357 8.901
149 0 1 35.019 9.555 34.367 8.950
150 0 1 35.029 9.593 34.376 8.989
151 0 1 35.048 9.632 34.395 9.028
152 0 1 35.057 9.671 34.404 9.066
153 0 1 35.066 9.729 34.413 9.124
154 0 1 35.095 9.758 34.442 9.154
155 0 1 35.123 9.787 34.471 9.183
156 0 1 35.162 9.836 34.509 9.232
157 0 1 35.180 9.904 34.528 9.299
158 0 1 35.189 9.991 34.536 9.386
159 0 1 35.188 10.078 34.535 9.474
160 0 1 35.207 10.146 34.554 9.541
161 0 1 35.225 10.204 34.573 9.600
162 0 1 35.264 10.243 34.611 9.638
163 0 1 35.292 10.282 34.640 9.677
164 0 1 35.311 10.311 34.659 9.707
165 0 1 35.330 10.340 34.678 9.736
166 0 1 35.350 10.350 34.697 9.746
167 0 1 35.340 10.379 34.687 9.774
168 0 1 35.339 10.408 34.687 9.803
169 0 1 35.339 10.456 34.686 9.852
170 0 1 35.348 10.514 34.695 9.910
171 0 1 35.357 10.582 34.704 9.978
172 0 1 35.356 10.620 34.704 10.016
173 0 1 35.346 10.669 34.694 10.065
174 0 1 35.336 10.707 34.683 10.103
175 0 1 35.326 10.765 34.673 10.161
176 0 1 35.335 10.833 34.682 10.229
177 0 1 35.343 10.920 34.691 10.316
178 0 1 35.352 10.978 34.700 10.374
179 0 1 35.362 11.017 34.709 10.413
180 0 1 35.361 11.027 34.709 10.423
181 0 1 35.361 11.027 34.709 10.423
182 0 1 35.381 11.056 34.728 10.452
183 0 1 35.380 11.094 34.728 10.490
184 0 1 35.389 11.133 34.737 10.529
185 0 1 35.379 11.201 34.726 10.597
186 0 1 35.368 11.268 34.716 10.664
187 0 1 35.368 11.346 34.715 10.742
188 0 1 35.386 11.423 34.734 10.819
189 0 1 35.395 11.491 34.743 10.887
190 0 1 35.414 11.539 34.761 10.936
191 0 1 35.423 11.607 34.770 11.003
192 0 1 35.422 11.655 34.770 11.052
193 0 1 35.422 11.713 34.769 11.110
194 0 1 35.411 11.762 34.759 11.158
195 0 1 35.401 11.791 34.749 11.187
196 0 1 35.401 11.810 34.749 11.206
197 0 1 35.391 11.819 34.739 11.216
198 0 1 35.391 11.848 34.739 11.245
199 0 1 35.371 11.887 34.719 11.283
200 0 1 35.342 11.945 34.689 11.341
201 0 1 35.312 12.032 34.659 11.428
202 0 1 35.291 12.119 34.639 11.515
203 0 1 35.271 12.176 34.618 11.573
204 0 1 35.261 12.205 34.608 11.602
205 0 1 35.261 12.225 34.608 11.621
206 0 1 35.251 12.254 34.598 11.650
207 0 1 35.241 12.312 34.588 11.708
208 0 1 35.220 12.370 34.568 11.766
209 0 1 35.220 12.418 34.567 11.814
210 0 1 35.210 12.437 34.557 11.834
211 0 1 35.210 12.457 34.557 11.853
212 0 1 35.219 12.495 34.566 11.892
213 0 1 35.228 12.544 34.576 11.940
214 0 1 35.228 12.602 34.575 11.998
215 0 1 35.237 12.660 34.584 12.056
216 0 1 35.226 12.727 34.574 12.124
217 0 1 35.216 12.805 34.563 12.201
218 0 1 35.195 12.901 34.542 12.298
0 0 1 34.437 3.555 33.784 2.948
219 0 1 35.185 12.969 34.532 12.366
220 0 1 35.165 13.017 34.512 12.414
221 0 1 35.145 13.046 34.492 12.443
222 0 1 35.125 13.075 34.473 12.472
223 0 1 35.125 13.123 34.472 12.520
224 0 1 35.115 13.162 34.462 12.559
225 0 1 35.114 13.201 34.461 12.597
226 0 1 35.104 13.220 34.452 12.617
227 0 1 35.085 13.249 34.432 12.646
228 0 1 35.065 13.287 34.412 12.684
229 0 1 35.035 13.345 34.382 12.742
230 0 1 35.035 13.374 34.382 12.771
231 0 1 35.015 13.423 34.362 12.819
232 0 1 34.995 13.471 34.342 12.868
233 0 1 34.985 13.519 34.332 12.916
234 0 1 34.984 13.587 34.331 12.984
235 0 1 34.974 13.645 34.321 13.042
236 0 1 34.973 13.693 34.320 13.090
237 0 1 34.953 13.741 34.300 13.138
238 0 1 34.943 13.790 34.290 13.187
239 0 1 34.933 13.819 34.280 13.216
240 0 1 34.952 13.838 34.299 13.235
241 0 1 34.962 13.848 34.309 13.245
242 0 1 34.961 13.877 34.308 13.274
243 0 1 34.951 13.916 34.298 13.313
244 0 1 34.941 13.993 34.288 13.390
245 0 1 34.920 14.080 34.267 13.477
246 0 1 34.910 14.157 34.257 13.554
247 0 1 34.899 14.225 34.246 13.622
248 0 1 34.898 14.293 34.245 13.690
249 0 1 34.888 14.341 34.235 13.738
250 0 1 34.878 14.418 34.225 13.815
251 0 1 34.886 14.505 34.233 13.902
252 0 1 34.886 14.563 34.233 13.961
253 0 1 34.895 14.612 34.242 14.009
254 0 1 34.895 14.641 34.242 14.038
255 0 1 34.885 14.660 34.232 14.057
256 0 1 34.875 14.679 34.222 14.077
257 0 1 34.855 14.718 34.202 14.115
258 0 1 34.845 14.757 34.192 14.154
259 0 1 34.815 14.795 34.162 14.192
260 0 1 34.795 14.853 34.142 14.250
261 0 1 34.765 14.911 34.112 14.308
262 0 1 34.745 14.959 34.092 14.357
263 0 1 34.745 15.017 34.092 14.415
264 0 1 34.754 15.056 34.101 14.453
265 0 1 34.754 15.095 34.101 14.492
266 0 1 34.744 15.124 34.091 14.521
267 0 1 34.724 15.162 34.071 14.560
268 0 1 34.694 15.211 34.041 14.608
269 0 1 34.674 15.249 34.021 14.647
270 0 1 34.674 15.288 34.021 14.685
271 0 1 34.693 15.327 34.040 14.724
272 0 1 34.702 15.346 34.049 14.744
273 0 1 34.712 15.385 34.058 14.782
274 0 1 34.711 15.424 34.058 14.821
275 0 1 34.701 15.482 34.048 14.879
276 0 1 34.671 15.549 34.018 14.947
277 0 1 34.641 15.646 33.988 15.043
278 0 1 34.620 15.733 33.967 15.130
279 0 1 34.629 15.791 33.976 15.189
280 0 1 34.648 15.830 33.995 15.227
281 0 1 34.667 15.878 34.014 15.276
282 0 1 34.676 15.927 34.023 15.324
283 0 1 34.666 15.985 34.013 15.382
284 0 1 34.656 16.033 34.003 15.431
285 0 1 34.655 16.072 34.002 15.469
286 0 1 34.665 16.110 34.011 15.508
287 0 1 34.664 16.149 34.011 15.547
288 0 1 34.664 16.178 34.011 15.576
289 0 1 34.664 16.217 34.010 15.615
290 0 1 34.634 16.265 33.981 15.663
291 0 1 34.614 16.304 33.961 15.702
292 0 1 34.594 16.362 33.941 15.760
293 0 1 34.574 16.429 33.921 15.827
294 0 1 34.554 16.497 33.900 15.895
295 0 1 34.534 16.555 33.880 15.953
296 0 1 34.514 16.603 33.860 16.001
297 0 1 34.513 16.623 33.860 16.021
298 0 1 34.504 16.642 33.850 16.040
299 0 1 34.493 16.671 33.840 16.069
300 0 1 34.474 16.700 33.820 16.098
301 0 1 34.473 16.729 33.820 16.127
302 0 1 34.483 16.758 33.829 16.156
303 0 1 34.492 16.787 33.839 16.185
304 0 1 34.501 16.836 33.848 16.234
305 0 1 34.501 16.894 33.847 16.292
306 0 1 34.490 16.942 33.837 16.340
307 0 1 34.470 17.000 33.817 16.398
308 0 1 34.470 17.048 33.816 16.446
309 0 1 34.469 17.116 33.816 16.514
310 0 1 34.488 17.184 33.834 16.582
311 0 1 34.506 17.252 33.853 16.650
312 0 1 34.516 17.300 33.862 16.698
313 0 1 34.515 17.339 33.862 16.737
314 0 1 34.495 17.378 33.842 16.776
315 0 1 34.476 17.407 33.822 16.805
316 0 1 34.437 17.426 33.783 16.824
317 0 1 34.436 17.455 33.783 16.853
318 0 1 34.436 17.474 33.783 16.872
319 0 1 34.445 17.513 33.792 16.911
320 0 1 34.445 17.561 33.791 16.959
321 0 1 34.435 17.600 33.781 16.998
322 0 1 34.424 17.648 33.771 17.047
323 0 1 34.414 17.697 33.761 17.095
324 0 1 34.404 17.745 33.750 17.143
325 0 1 34.393 17.803 33.740 17.201
326 0 1 34.383 17.852 33.730 17.250
327 0 1 34.383 17.890 33.729 17.289
328 0 1 34.373 17.919 33.719 17.318
329 0 1 34.353 17.929 33.700 17.327
330 0 1 34.324 17.939 33.670 17.337
331 0 1 34.295 17.958 33.641 17.356
332 0 1 34.275 17.977 33.621 17.375
333 0 1 34.284 18.006 33.631 17.404
334 0 1 34.274 18.026 33.621 17.424
335 0 1 34.265 18.026 33.611 17.424
336 0 1 34.264 18.055 33.611 17.453
337 0 1 34.274 18.093 33.620 17.492
338 0 1 34.283 18.151 33.629 17.550
339 0 1 34.302 18.200 33.648 17.598
340 0 1 34.320 18.258 33.667 17.656
341 0 1 34.320 18.297 33.666 17.695
342 0 1 34.339 18.374 33.685 17.773
343 0 1 34.328 18.442 33.675 17.840
344 0 1 34.308 18.471 33.655 17.869
345 0 1 34.289 18.481 33.635 17.879
346 0 1 34.269 18.481 33.616 17.879
347 0 1 34.240 18.471 33.587 17.869
348 0 1 34.221 18.509 33.567 17.908
349 0 1 34.201 18.538 33.547 17.937
350 0 1 34.210 18.548 33.557 17.947
351 0 1 34.220 18.577 33.566 17.976
352 0 1 34.220 18.597 33.566 17.995
353 0 1 34.219 18.606 33.566 18.005
354 0 1 34.209 18.635 33.556 18.034
355 0 1 34.209 18.645 33.556 18.043
356 0 1 34.199 18.664 33.546 18.063
357 0 1 34.199 18.684 33.545 18.082
358 0 1 34.199 18.703 33.545 18.101
359 0 1 34.199 18.732 33.545 18.131
360 0 1 34.198 18.751 33.545 18.150
361 0 1 34.179 18.771 33.525 18.169
362 0 1 34.159 18.790 33.505 18.189
363 0 1 34.139 18.809 33.486 18.208
364 0 1 34.130 18.809 33.476 18.208
365 0 1 34.120 18.809 33.466 18.208
366 0 1 34.101 18.819 33.447 18.218
367 0 1 34.091 18.829 33.437 18.227
368 0 1 34.081 18.838 33.427 18.237
369 0 1 34.071 18.848 33.417 18.247
370 0 1 34.071 18.858 33.417 18.256
371 0 1 34.071 18.867 33.417 18.266
372 0 1 34.071 18.877 33.417 18.276
373 0 1 34.061 18.887 33.407 18.285
374 0 1 34.051 18.896 33.397 18.295
375 0 1 34.041 18.916 33.387 18.314
376 0 1 34.031 18.916 33.378 18.314
377 0 1 34.041 18.916 33.387 18.314
378 0 1 34.031 18.925 33.378 18.324
379 0 1 34.031 18.925 33.378 18.324
380 0 1 34.031 18.925 33.378 18.324
381 0 1 34.012 18.945 33.358 18.343
382 0 1 33.992 18.983 33.338 18.382
383 0 1 33.982 19.013 33.328 18.411
384 0 1 33.972 19.042 33.318 18.440
385 0 1 33.972 19.061 33.318 18.459
386 0 1 33.972 19.061 33.318 18.459
387 0 1 33.981 19.051 33.328 18.450
388 0 1 33.991 19.042 33.337 18.440
389 0 1 34.011 19.032 33.357 18.430
390 0 1 34.030 19.032 33.376 18.430
391 0 1 34.040 19.042 33.386 18.440
392 0 1 34.050 19.042 33.396 18.440
393 0 1 34.049 19.051 33.396 18.450
394 0 1 34.049 19.051 33.396 18.450
395 0 1 34.059 19.051 33.405 18.450
396 0 1 34.059 19.051 33.405 18.450
397 0 1 34.069 19.051 33.415 18.450
398 0 1 34.069 19.051 33.415 18.450
399 0 1 34.069 19.051 33.415 18.450
400 0 1 34.069 19.051 33.415 18.450
401 0 1 34.078 19.061 33.425 18.460
402 0 1 34.088 19.061 33.434 18.460
403 0 1 34.098 19.061 33.444 18.460
404 0 1 34.098 19.061 33.444 18.460
405 0 1 34.108 19.061 33.454 18.460
406 0 1 34.117 19.061 33.464 18.460
407 0 1 34.117 19.061 33.464 18.460
408 0 1 34.117 19.061 33.464 18.460
409 0 1 34.108 19.061 33.454 18.460
410 0 1 34.108 19.061 33.454 18.460
411 0 1 34.098 19.061 33.444 18.460
412 0 1 34.098 19.071 33.444 18.469
413 0 1 34.098 19.071 33.444 18.469
414 0 1 34.107 19.071 33.454 18.469
415 0 1 34.107 19.071 33.454 18.469
416 0 1 34.107 19.071 33.454 18.469
417 0 1 34.098 19.071 33.444 18.469
418 0 1 34.098 19.071 33.444 18.469
419 0 1 34.098 19.071 33.444 18.469
420 0 1 34.098 19.071 33.444 18.469
421 0 1 34.088 19.061 33.434 18.460
422 0 1 34.088 19.061 33.434 18.460
423 0 1 34.088 19.061 33.434 18.460
424 0 1 34.088 19.061 33.434 18.460
425 0 1 34.088 19.061 33.434 18.460
426 0 1 34.088 19.061 33.434 18.460
427 0 1 34.088 19.061 33.434 18.460
428 0 1 34.088 19.061 33.434 18.460
429 0 1 34.078 19.071 33.425 18.469
430 0 1 34.078 19.071 33.425 18.469
1 1 1 32.804 20.067 32.052 19.407
2 1 1 32.814 20.057 32.062 19.397
3 1 1 32.814 20.038 32.062 19.378
4 1 1 32.824 20.009 32.072 19.349
5 1 1 32.824 19.970 32.073 19.310
6 1 1 32.815 19.931 32.064 19.271
7 1 1 32.816 19.873 32.064 19.213
8 1 1 32.826 19.834 32.074 19.174
9 1 1 32.826 19.805 32.075 19.145
10 1 1 32.817 19.776 32.065 19.116
11 1 1 32.807 19.747 32.056 19.087
12 1 1 32.798 19.728 32.046 19.068
13 1 1 32.808 19.699 32.056 19.039
14 1 1 32.818 19.670 32.067 19.010
15 1 1 32.818 19.650 32.067 18.990
16 1 1 32.809 19.621 32.057 18.961
17 1 1 32.809 19.602 32.058 18.942
18 1 1 32.809 19.592 32.058 18.932
19 1 1 32.829 19.573 32.077 18.913
20 1 1 32.839 19.553 32.087 18.893
21 1 1 32.829 19.534 32.078 18.874
22 1 1 32.839 19.505 32.088 18.845
23 1 1 32.830 19.486 32.078 18.825
24 1 1 32.830 19.447 32.079 18.787
25 1 1 32.831 19.398 32.079 18.738
26 1 1 32.832 19.331 32.080 18.670
27 1 1 32.832 19.253 32.081 18.593
28 1 1 32.823 19.185 32.072 18.525
29 1 1 32.824 19.146 32.072 18.486
30 1 1 32.815 19.108 32.063 18.447
31 1 1 32.795 19.088 32.044 18.428
32 1 1 32.766 19.078 32.015 18.418
33 1 1 32.747 19.059 31.996 18.399
34 1 1 32.728 19.040 31.976 18.379
35 1 1 32.728 19.020 31.977 18.360
36 1 1 32.729 18.982 31.977 18.321
37 1 1 32.729 18.943 31.977 18.282
38 1 1 32.720 18.914 31.968 18.253
39 1 1 32.720 18.885 31.968 18.224
40 1 1 32.730 18.846 31.979 18.185
41 1 1 32.750 18.797 31.999 18.137
42 1 1 32.760 18.759 32.009 18.098
43 1 1 32.751 18.701 32.000 18.040
44 1 1 32.742 18.642 31.991 17.982
45 1 1 32.743 18.575 31.991 17.914
46 1 1 32.744 18.507 31.992 17.846
47 1 1 32.754 18.449 32.002 17.788
48 1 1 32.745 18.420 31.993 17.759
49 1 1 32.725 18.400 31.974 17.740
50 1 1 32.716 18.381 31.964 17.720
51 1 1 32.706 18.371 31.955 17.710
52 1 1 32.697 18.361 31.945 17.701
53 1 1 32.697 18.342 31.945 17.681
54 1 1 32.697 18.332 31.945 17.672
55 1 1 32.688 18.303 31.936 17.643
56 1 1 32.698 18.264 31.946 17.604
57 1 1 32.708 18.216 31.956 17.555
58 1 1 32.718 18.158 31.967 17.497
59 1 1 32.729 18.071 31.978 17.410
60 1 1 32.740 17.984 31.988 17.323
61 1 1 32.741 17.916 31.989 17.255
62 1 1 32.731 17.867 31.980 17.206
63 1 1 32.722 17.828 31.971 17.168
64 1 1 32.713 17.790 31.961 17.129
65 1 1 32.723 17.741 31.972 17.080
66 1 1 32.733 17.693 31.982 17.032
67 1 1 32.743 17.654 31.992 16.993
68 1 1 32.744 17.625 31.992 16.964
69 1 1 32.754 17.606 32.002 16.945
70 1 1 32.754 17.577 32.003 16.916
71 1 1 32.754 17.548 32.003 16.887
72 1 1 32.745 17.518 31.994 16.858
73 1 1 32.745 17.489 31.994 16.828
74 1 1 32.726 17.480 31.974 16.819
75 1 1 32.716 17.470 31.965 16.809
76 1 1 32.717 17.441 31.965 16.780
77 1 1 32.727 17.392 31.975 16.731
78 1 1 32.738 17.315 31.986 16.654
79 1 1 32.748 17.218 31.997 16.557
80 1 1 32.759 17.150 32.007 16.489
81 1 1 32.759 17.102 32.008 16.441
82 1 1 32.760 17.073 32.008 16.412
83 1 1 32.760 17.063 32.008 16.402
84 1 1 32.760 17.053 32.009 16.392
85 1 1 32.750 17.034 31.999 16.373
86 1 1 32.741 17.005 31.990 16.344
87 1 1 32.722 16.956 31.971 16.295
88 1 1 32.703 16.927 31.952 16.266
89 1 1 32.703 16.898 31.952 16.237
90 1 1 32.704 16.879 31.952 16.218
91 1 1 32.714 16.850 31.962 16.189
92 1 1 32.724 16.801 31.972 16.140
93 1 1 32.734 16.753 31.983 16.092
94 1 1 32.745 16.695 31.993 16.034
95 1 1 32.765 16.627 32.013 15.966
96 1 1 32.795 16.559 32.043 15.898
97 1 1 32.825 16.501 32.073 15.840
98 1 1 32.835 16.443 32.084 15.782
99 1 1 32.845 16.405 32.094 15.743
100 1 1 32.845 16.385 32.094 15.724
101 1 1 32.855 16.366 32.104 15.705
102 1 1 32.855 16.347 32.104 15.685
103 1 1 32.866 16.318 32.114 15.656
104 1 1 32.866 16.279 32.115 15.617
105 1 1 32.856 16.259 32.105 15.598
106 1 1 32.856 16.259 32.105 15.598
107 1 1 32.856 16.259 32.105 15.598
108 1 1 32.867 16.230 32.115 15.569
109 1 1 32.867 16.182 32.116 15.520
110 1 1 32.868 16.104 32.117 15.443
111 1 1 32.859 16.017 32.108 15.356
112 1 1 32.860 15.949 32.109 15.288
113 1 1 32.861 15.882 32.109 15.220
114 1 1 32.861 15.843 32.110 15.181
115 1 1 32.861 15.814 32.110 15.152
116 1 1 32.862 15.785 32.110 15.123
117 1 1 32.862 15.765 32.111 15.104
118 1 1 32.853 15.727 32.101 15.065
119 1 1 32.843 15.688 32.092 15.026
120 1 1 32.834 15.649 32.083 14.987
121 1 1 32.835 15.610 32.083 14.949
122 1 1 32.835 15.581 32.084 14.919
123 1 1 32.825 15.571 32.074 14.910
124 1 1 32.826 15.542 32.074 14.881
125 1 1 32.816 15.504 32.065 14.842
126 1 1 32.807 15.455 32.056 14.793
127 1 1 32.818 15.387 32.066 14.726
128 1 1 32.838 15.320 32.087 14.658
129 1 1 32.839 15.252 32.087 14.590
130 1 1 32.839 15.194 32.088 14.532
131 1 1 32.820 15.145 32.069 14.483
132 1 1 32.821 15.116 32.069 14.454
133 1 1 32.821 15.097 32.070 14.435
134 1 1 32.831 15.077 32.080 14.416
135 1 1 32.831 15.068 32.080 14.406
136 1 1 32.821 15.058 32.070 14.396
137 1 1 32.812 15.048 32.060 14.386
138 1 1 32.822 15.029 32.070 14.367
139 1 1 32.832 15.010 32.080 14.348
140 1 1 32.842 14.981 32.090 14.319
141 1 1 32.832 14.952 32.081 14.290
142 1 1 32.823 14.903 32.072 14.241
143 1 1 32.804 14.835 32.053 14.173
144 1 1 32.795 14.767 32.044 14.105
145 1 1 32.787 14.700 32.035 14.037
146 1 1 32.768 14.632 32.016 13.969
147 1 1 32.739 14.593 31.988 13.931
148 1 1 32.739 14.564 31.988 13.902
149 1 1 32.720 14.525 31.969 13.863
150 1 1 32.721 14.486 31.969 13.824
151 1 1 32.711 14.457 31.960 13.795
152 1 1 32.692 14.428 31.941 13.766
153 1 1 32.683 14.399 31.931 13.736
154 1 1 32.664 14.360 31.912 13.698
155 1 1 32.664 14.312 31.913 13.649
156 1 1 32.655 14.282 31.904 13.620
157 1 1 32.626 14.253 31.875 13.591
158 1 1 32.607 14.234 31.855 13.571
159 1 1 32.578 14.205 31.827 13.542
160 1 1 32.559 14.146 31.808 13.484
161 1 1 32.560 14.050 31.809 13.387
162 1 1 32.552 13.953 31.800 13.290
163 1 1 32.543 13.865 31.792 13.203
164 1 1 32.524 13.836 31.772 13.174
165 1 1 32.505 13.817 31.753 13.154
166 1 1 32.475 13.826 31.724 13.164
167 1 1 32.456 13.826 31.704 13.164
168 1 1 32.436 13.836 31.685 13.173
169 1 1 32.427 13.807 31.675 13.144
170 1 1 32.408 13.758 31.656 13.095
171 1 1 32.389 13.690 31.638 13.028
172 1 1 32.371 13.622 31.619 12.960
173 1 1 32.342 13.574 31.590 12.911
174 1 1 32.323 13.535 31.571 12.872
175 1 1 32.294 13.496 31.543 12.833
176 1 1 32.285 13.457 31.533 12.794
177 1 1 32.276 13.409 31.524 12.746
178 1 1 32.267 13.351 31.515 12.688
179 1 1 32.258 13.283 31.506 12.620
180 1 1 32.249 13.205 31.497 12.542
181 1 1 32.249 13.166 31.498 12.503
182 1 1 32.259 13.147 31.508 12.484
183 1 1 32.259 13.147 31.508 12.484
184 1 1 32.250 13.128 31.498 12.465
185 1 1 32.240 13.099 31.489 12.435
186 1 1 32.241 13.060 31.489 12.397
187 1 1 32.242 13.002 31.490 12.339
188 1 1 32.242 12.953 31.490 12.290
189 1 1 32.213 12.914 31.461 12.251
190 1 1 32.194 12.866 31.443 12.203
191 1 1 32.166 12.798 31.414 12.135
192 1 1 32.128 12.739 31.376 12.076
193 1 1 32.099 12.671 31.347 12.008
194 1 1 32.081 12.604 31.329 11.940
195 1 1 32.052 12.545 31.300 11.882
196 1 1 32.052 12.516 31.300 11.853
197 1 1 32.053 12.487 31.301 11.824
198 1 1 32.053 12.477 31.301 11.814
199 1 1 32.043 12.458 31.291 11.795
200 1 1 32.044 12.419 31.292 11.756
201 1 1 32.035 12.371 31.283 11.707
202 1 1 32.025 12.313 31.273 11.649
203 1 1 32.016 12.274 31.264 11.610
204 1 1 32.007 12.245 31.255 11.581
205 1 1 31.988 12.215 31.236 11.552
206 1 1 31.978 12.167 31.226 11.503
207 1 1 31.969 12.109 31.217 11.445
208 1 1 31.970 12.022 31.218 11.358
209 1 1 31.971 11.944 31.219 11.280
210 1 1 31.991 11.876 31.239 11.213
211 1 1 31.992 11.838 31.240 11.174
212 1 1 31.982 11.818 31.230 11.154
213 1 1 31.973 11.818 31.221 11.154
214 1 1 31.963 11.818 31.211 11.154
215 1 1 31.963 11.799 31.211 11.135
216 1 1 31.963 11.770 31.211 11.106
217 1 1 31.954 11.711 31.202 11.048
218 1 1 31.936 11.643 31.184 10.980
0 1 1 32.813 20.086 32.062 19.426
219 1 1 31.907 11.566 31.155 10.902
220 1 1 31.879 11.488 31.127 10.824
221 1 1 31.860 11.440 31.108 10.776
222 1 1 31.861 11.401 31.108 10.737
223 1 1 31.871 11.343 31.119 10.679
224 1 1 31.881 11.275 31.129 10.611
225 1 1 31.892 11.207 31.140 10.543
226 1 1 31.893 11.139 31.141 10.475
227 1 1 31.893 11.110 31.141 10.446
228 1 1 31.884 11.091 31.131 10.427
229 1 1 31.884 11.071 31.132 10.407
230 1 1 31.884 11.052 31.132 10.388
231 1 1 31.884 11.033 31.132 10.369
232 1 1 31.904 11.013 31.152 10.349
233 1 1 31.914 10.975 31.162 10.311
234 1 1 31.924 10.936 31.172 10.272
235 1 1 31.925 10.868 31.173 10.204
236 1 1 31.906 10.800 31.154 10.136
237 1 1 31.907 10.723 31.155 10.059
238 1 1 31.918 10.665 31.166 10.001
239 1 1 31.908 10.626 31.156 9.962
240 1 1 31.918 10.597 31.166 9.933
241 1 1 31.938 10.549 31.186 9.884
242 1 1 31.949 10.500 31.197 9.836
243 1 1 31.969 10.452 31.217 9.788
244 1 1 31.988 10.423 31.236 9.759
245 1 1 31.989 10.413 31.237 9.749
246 1 1 31.989 10.404 31.237 9.739
247 1 1 31.979 10.384 31.227 9.720
248 1 1 31.970 10.336 31.218 9.671
249 1 1 31.971 10.278 31.219 9.613
250 1 1 31.952 10.248 31.200 9.584
251 1 1 31.942 10.210 31.190 9.545
252 1 1 31.943 10.161 31.191 9.497
253 1 1 31.953 10.084 31.201 9.419
254 1 1 31.954 9.997 31.202 9.332
255 1 1 31.975 9.909 31.223 9.245
256 1 1 31.985 9.851 31.233 9.187
257 1 1 31.995 9.813 31.243 9.148
258 1 1 32.015 9.784 31.263 9.119
259 1 1 32.025 9.755 31.273 9.090
260 1 1 32.016 9.735 31.264 9.071
261 1 1 32.016 9.716 31.264 9.051
262 1 1 32.016 9.706 31.264 9.042
263 1 1 32.007 9.687 31.255 9.022
264 1 1 32.017 9.658 31.265 8.993
265 1 1 32.027 9.639 31.275 8.974
266 1 1 32.027 9.600 31.275 8.935
267 1 1 32.037 9.551 31.285 8.887
268 1 1 32.038 9.503 31.286 8.838
269 1 1 32.038 9.445 31.287 8.780
270 1 1 32.049 9.397 31.297 8.732
271 1 1 32.049 9.348 31.297 8.683
272 1 1 32.069 9.300 31.317 8.635
273 1 1 32.089 9.252 31.337 8.587
274 1 1 32.109 9.203 31.357 8.539
275 1 1 32.129 9.174 31.377 8.510
276 1 1 32.139 9.145 31.387 8.481
277 1 1 32.130 9.116 31.378 8.451
278 1 1 32.130 9.087 31.378 8.422
279 1 1 32.121 9.068 31.369 8.403
280 1 1 32.111 9.048 31.359 8.384
281 1 1 32.111 9.029 31.359 8.364
282 1 1 32.131 9.010 31.379 8.345
283 1 1 32.161 8.971 31.409 8.306
284 1 1 32.181 8.904 31.429 8.239
285 1 1 32.182 8.807 31.430 8.142
286 1 1 32.173 8.710 31.422 8.045
287 1 1 32.164 8.652 31.412 7.987
288 1 1 32.165 8.623 31.413 7.958
289 1 1 32.184 8.603 31.432 7.938
290 1 1 32.204 8.594 31.452 7.929
291 1 1 32.204 8.555 31.452 7.890
292 1 1 32.205 8.507 31.453 7.842
293 1 1 32.196 8.458 31.444 7.793
294 1 1 32.196 8.419 31.444 7.754
295 1 1 32.187 8.381 31.435 7.716
296 1 1 32.187 8.361 31.435 7.696
297 1 1 32.187 8.323 31.436 7.657
298 1 1 32.198 8.284 31.446 7.619
299 1 1 32.217 8.245 31.466 7.580
300 1 1 32.237 8.207 31.486 7.542
301 1 1 32.248 8.139 31.496 7.474
302 1 1 32.249 8.081 31.497 7.416
303 1 1 32.240 8.013 31.488 7.348
304 1 1 32.230 7.955 31.479 7.290
305 1 1 32.212 7.897 31.460 7.231
306 1 1 32.212 7.868 31.460 7.202
307 1 1 32.222 7.829 31.470 7.164
308 1 1 32.242 7.810 31.490 7.144
309 1 1 32.252 7.790 31.500 7.125
310 1 1 32.262 7.781 31.510 7.115
311 1 1 32.252 7.761 31.500 7.096
312 1 1 32.252 7.742 31.501 7.077
313 1 1 32.262 7.713 31.511 7.048
314 1 1 32.263 7.674 31.511 7.009
315 1 1 32.263 7.616 31.512 6.951
316 1 1 32.264 7.558 31.513 6.893
317 1 1 32.265 7.510 31.513 6.844
318 1 1 32.285 7.442 31.533 6.777
319 1 1 32.295 7.394 31.544 6.728
320 1 1 32.315 7.345 31.564 6.680
321 1 1 32.316 7.307 31.564 6.641
322 1 1 32.316 7.268 31.564 6.603
323 1 1 32.326 7.229 31.575 6.564
324 1 1 32.337 7.181 31.585 6.516
325 1 1 32.337 7.133 31.585 6.467
326 1 1 32.328 7.104 31.576 6.438
327 1 1 32.318 7.084 31.567 6.418
328 1 1 32.309 7.065 31.557 6.399
329 1 1 32.319 7.045 31.567 6.380
330 1 1 32.319 7.036 31.567 6.370
331 1 1 32.319 7.016 31.567 6.351
332 1 1 32.310 6.987 31.558 6.322
333 1 1 32.310 6.939 31.558 6.273
334 1 1 32.321 6.871 31.569 6.205
335 1 1 32.331 6.794 31.580 6.128
336 1 1 32.342 6.726 31.590 6.060
337 1 1 32.352 6.658 31.601 5.993
338 1 1 32.362 6.629 31.611 5.964
339 1 1 32.362 6.610 31.611 5.944
340 1 1 32.363 6.600 31.611 5.935
341 1 1 32.372 6.591 31.621 5.925
342 1 1 32.382 6.562 31.631 5.896
343 1 1 32.402 6.533 31.651 5.867
344 1 1 32.422 6.504 31.671 5.838
345 1 1 32.432 6.485 31.680 5.819
346 1 1 32.422 6.465 31.671 5.800
347 1 1 32.432 6.436 31.681 5.771
348 1 1 32.423 6.388 31.672 5.722
349 1 1 32.434 6.320 31.682 5.654
350 1 1 32.444 6.272 31.693 5.606
351 1 1 32.445 6.223 31.693 5.558
352 1 1 32.445 6.185 31.694 5.519
353 1 1 32.455 6.156 31.704 5.490
354 1 1 32.456 6.107 31.704 5.441
355 1 1 32.476 6.059 31.724 5.393
356 1 1 32.496 6.021 31.744 5.355
357 1 1 32.515 5.992 31.764 5.326
358 1 1 32.525 5.963 31.774 5.297
359 1 1 32.526 5.924 31.774 5.258
360 1 1 32.516 5.895 31.765 5.229
361 1 1 32.517 5.876 31.765 5.210
362 1 1 32.517 5.847 31.766 5.181
363 1 1 32.527 5.827 31.776 5.161
364 1 1 32.537 5.818 31.785 5.152
365 1 1 32.547 5.798 31.795 5.132
366 1 1 32.566 5.770 31.815 5.104
367 1 1 32.577 5.731 31.825 5.065
368 1 1 32.577 5.673 31.826 5.007
369 1 1 32.578 5.615 31.827 4.949
370 1 1 32.588 5.547 31.837 4.881
371 1 1 32.599 5.480 31.848 4.813
372 1 1 32.609 5.431 31.858 4.765
373 1 1 32.619 5.402 31.868 4.736
374 1 1 32.619 5.393 31.868 4.726
375 1 1 32.629 5.402 31.878 4.736
376 1 1 32.639 5.393 31.888 4.727
377 1 1 32.658 5.374 31.907 4.707
378 1 1 32.668 5.345 31.917 4.679
379 1 1 32.669 5.325 31.917 4.659
380 1 1 32.659 5.296 31.908 4.630
381 1 1 32.660 5.267 31.908 4.601
382 1 1 32.660 5.248 31.909 4.582
383 1 1 32.680 5.219 31.928 4.553
384 1 1 32.690 5.180 31.939 4.514
385 1 1 32.700 5.122 31.949 4.456
386 1 1 32.711 5.064 31.959 4.398
387 1 1 32.711 5.016 31.960 4.350
388 1 1 32.731 4.987 31.980 4.321
389 1 1 32.741 4.949 31.990 4.282
390 1 1 32.751 4.910 32.000 4.244
391 1 1 32.752 4.862 32.001 4.195
392 1 1 32.752 4.842 32.001 4.176
393 1 1 32.752 4.833 32.001 4.166
394 1 1 32.762 4.823 32.011 4.157
395 1 1 32.772 4.813 32.021 4.147
396 1 1 32.782 4.804 32.030 4.137
397 1 1 32.782 4.794 32.031 4.128
398 1 1 32.782 4.775 32.031 4.108
399 1 1 32.782 4.736 32.031 4.070
400 1 1 32.792 4.697 32.041 4.031
401 1 1 32.793 4.668 32.042 4.002
402 1 1 32.783 4.668 32.032 4.002
403 1 1 32.783 4.659 32.032 3.992
404 1 1 32.803 4.659 32.052 3.992
405 1 1 32.812 4.649 32.061 3.983
406 1 1 32.822 4.630 32.071 3.964
407 1 1 32.822 4.630 32.071 3.964
408 1 1 32.822 4.620 32.071 3.954
409 1 1 32.832 4.611 32.081 3.944
410 1 1 32.842 4.592 32.091 3.925
411 1 1 32.862 4.582 32.111 3.916
412 1 1 32.872 4.563 32.121 3.896
413 1 1 32.891 4.553 32.140 3.887
414 1 1 32.921 4.534 32.170 3.868
415 1 1 32.950 4.525 32.199 3.859
416 1 1 32.960 4.515 32.209 3.849
417 1 1 32.970 4.496 32.219 3.830
418 1 1 32.970 4.467 32.219 3.801
419 1 1 32.951 4.438 32.200 3.771
420 1 1 32.951 4.428 32.200 3.762
421 1 1 32.951 4.418 32.200 3.752
422 1 1 32.941 4.418 32.190 3.752
423 1 1 32.922 4.408 32.171 3.742
424 1 1 32.893 4.389 32.142 3.722
425 1 1 32.874 4.369 32.123 3.703
426 1 1 32.864 4.359 32.113 3.693
427 1 1 32.855 4.350 32.104 3.683
428 1 1 32.855 4.340 32.104 3.673
429 1 1 32.845 4.330 32.094 3.664
430 1 1 32.836 4.311 32.085 3.644
1 2 1 32.380 4.170 31.593 3.232
2 2 1 32.389 4.219 31.602 3.280
3 2 1 32.389 4.267 31.602 3.329
4 2 1 32.398 4.306 31.611 3.368
5 2 1 32.388 4.316 31.601 3.377
6 2 1 32.398 4.316 31.611 3.377
7 2 1 32.398 4.316 31.611 3.377
8 2 1 32.408 4.316 31.621 3.378
9 2 1 32.407 4.345 31.620 3.407
10 2 1 32.417 4.384 31.629 3.445
11 2 1 32.426 4.432 31.639 3.494
12 2 1 32.435 4.461 31.648 3.523
13 2 1 32.435 4.490 31.648 3.552
14 2 1 32.415 4.529 31.628 3.591
15 2 1 32.385 4.587 31.598 3.648
16 2 1 32.375 4.674 31.587 3.735
17 2 1 32.374 4.761 31.586 3.823
18 2 1 32.382 4.858 31.595 3.920
19 2 1 32.381 4.945 31.594 4.007
20 2 1 32.371 5.022 31.583 4.084
21 2 1 32.370 5.071 31.583 4.133
22 2 1 32.370 5.090 31.583 4.152
23 2 1 32.360 5.109 31.573 4.171
24 2 1 32.369 5.129 31.582 4.191
25 2 1 32.379 5.158 31.591 4.220
26 2 1 32.388 5.187 31.601 4.249
27 2 1 32.407 5.216 31.620 4.278
28 2 1 32.407 5.236 31.620 4.298
29 2 1 32.407 5.265 31.619 4.327
30 2 1 32.406 5.313 31.619 4.375
31 2 1 32.415 5.400 31.628 4.462
32 2 1 32.443 5.507 31.656 4.569
33 2 1 32.461 5.633 31.674 4.695
34 2 1 32.460 5.720 31.673 4.782
35 2 1 32.469 5.798 31.682 4.860
36 2 1 32.458 5.856 31.671 4.918
37 2 1 32.458 5.885 31.671 4.947
38 2 1 32.458 5.914 31.671 4.976
39 2 1 32.458 5.923 31.670 4.986
40 2 1 32.467 5.933 31.680 4.996
41 2 1 32.496 5.963 31.709 5.025
42 2 1 32.506 5.992 31.718 5.054
43 2 1 32.505 6.030 31.718 5.093
44 2 1 32.485 6.088 31.698 5.151
45 2 1 32.465 6.146 31.678 5.209
46 2 1 32.444 6.233 31.657 5.296
47 2 1 32.443 6.330 31.656 5.393
48 2 1 32.462 6.437 31.674 5.499
49 2 1 32.480 6.543 31.693 5.606
50 2 1 32.489 6.621 31.701 5.684
51 2 1 32.498 6.669 31.711 5.732
52 2 1 32.478 6.689 31.691 5.751
53 2 1 32.468 6.708 31.681 5.771
54 2 1 32.458 6.717 31.671 5.780
55 2 1 32.468 6.737 31.681 5.800
56 2 1 32.477 6.776 31.690 5.838
57 2 1 32.487 6.814 31.699 5.877
58 2 1 32.476 6.853 31.689 5.916
59 2 1 32.486 6.882 31.698 5.945
60 2 1 32.476 6.911 31.688 5.974
61 2 1 32.475 6.969 31.688 6.032
62 2 1 32.494 7.047 31.706 6.110
63 2 1 32.493 7.124 31.705 6.187
64 2 1 32.511 7.212 31.724 6.275
65 2 1 32.540 7.289 31.752 6.352
66 2 1 32.549 7.348 31.761 6.411
67 2 1 32.539 7.377 31.751 6.440
68 2 1 32.538 7.406 31.751 6.469
69 2 1 32.538 7.435 31.751 6.498
70 2 1 32.528 7.464 31.741 6.527
71 2 1 32.537 7.502 31.750 6.566
72 2 1 32.547 7.522 31.759 6.585
73 2 1 32.566 7.541 31.779 6.605
74 2 1 32.566 7.570 31.778 6.634
75 2 1 32.575 7.609 31.788 6.672
76 2 1 32.564 7.677 31.777 6.740
77 2 1 32.564 7.745 31.776 6.808
78 2 1 32.582 7.803 31.795 6.866
79 2 1 32.582 7.871 31.794 6.934
80 2 1 32.590 7.948 31.803 7.012
81 2 1 32.599 8.035 31.812 7.099
82 2 1 32.588 8.123 31.801 7.186
83 2 1 32.588 8.181 31.801 7.244
84 2 1 32.588 8.200 31.800 7.263
85 2 1 32.597 8.200 31.810 7.264
86 2 1 32.617 8.200 31.830 7.264
87 2 1 32.626 8.210 31.839 7.273
88 2 1 32.636 8.239 31.849 7.303
89 2 1 32.645 8.278 31.858 7.341
90 2 1 32.645 8.317 31.857 7.380
91 2 1 32.654 8.365 31.867 7.429
92 2 1 32.653 8.404 31.866 7.467
93 2 1 32.663 8.443 31.875 7.506
94 2 1 32.662 8.510 31.875 7.574
95 2 1 32.642 8.588 31.854 7.651
96 2 1 32.641 8.675 31.853 7.739
97 2 1 32.630 8.743 31.843 7.806
98 2 1 32.620 8.791 31.833 7.855
99 2 1 32.629 8.820 31.842 7.884
100 2 1 32.629 8.849 31.842 7.913
101 2 1 32.619 8.888 31.832 7.951
102 2 1 32.628 8.956 31.840 8.019
103 2 1 32.607 9.023 31.820 8.087
104 2 1 32.578 9.071 31.791 8.135
105 2 1 32.567 9.120 31.780 8.184
106 2 1 32.577 9.168 31.789 8.232
107 2 1 32.576 9.207 31.789 8.271
108 2 1 32.595 9.246 31.808 8.310
109 2 1 32.604 9.294 31.817 8.358
110 2 1 32.584 9.343 31.797 8.406
111 2 1 32.574 9.410 31.787 8.474
112 2 1 32.602 9.488 31.815 8.552
113 2 1 32.650 9.537 31.863 8.601
114 2 1 32.699 9.566 31.911 8.630
115 2 1 32.737 9.586 31.950 8.650
116 2 1 32.737 9.615 31.950 8.679
117 2 1 32.708 9.634 31.920 8.698
118 2 1 32.688 9.663 31.901 8.727
119 2 1 32.678 9.702 31.890 8.766
120 2 1 32.668 9.731 31.880 8.795
121 2 1 32.667 9.779 31.880 8.843
122 2 1 32.667 9.818 31.879 8.882
123 2 1 32.656 9.856 31.869 8.921
124 2 1 32.637 9.885 31.849 8.949
125 2 1 32.626 9.934 31.839 8.998
126 2 1 32.597 9.982 31.809 9.046
127 2 1 32.586 10.049 31.799 9.114
128 2 1 32.575 10.137 31.788 9.201
129 2 1 32.584 10.214 31.797 9.278
130 2 1 32.593 10.282 31.806 9.346
131 2 1 32.593 10.321 31.806 9.385
132 2 1 32.593 10.330 31.805 9.395
133 2 1 32.593 10.321 31.806 9.385
134 2 1 32.593 10.340 31.805 9.404
135 2 1 32.583 10.359 31.795 9.424
136 2 1 32.572 10.408 31.785 9.472
137 2 1 32.572 10.466 31.784 9.530
138 2 1 32.552 10.524 31.764 9.588
139 2 1 32.541 10.572 31.754 9.637
140 2 1 32.502 10.611 31.715 9.675
141 2 1 32.492 10.659 31.704 9.723
142 2 1 32.501 10.707 31.714 9.772
143 2 1 32.529 10.766 31.742 9.830
144 2 1 32.558 10.843 31.770 9.908
145 2 1 32.576 10.911 31.789 9.976
146 2 1 32.556 10.960 31.769 10.024
147 2 1 32.556 11.008 31.769 10.073
148 2 1 32.536 11.037 31.749 10.102
149 2 1 32.526 11.056 31.739 10.121
150 2 1 32.526 11.085 31.738 10.150
151 2 1 32.526 11.105 31.738 10.169
152 2 1 32.526 11.114 31.738 10.179
153 2 1 32.515 11.143 31.728 10.208
154 2 1 32.496 11.163 31.708 10.227
155 2 1 32.466 11.201 31.679 10.266
156 2 1 32.456 11.250 31.668 10.314
157 2 1 32.455 11.308 31.668 10.372
158 2 1 32.484 11.376 31.696 10.440
159 2 1 32.512 11.453 31.725 10.518
160 2 1 32.540 11.512 31.753 10.576
161 2 1 32.579 11.551 31.792 10.615
162 2 1 32.608 11.589 31.820 10.654
163 2 1 32.627 11.619 31.840 10.684
164 2 1 32.636 11.648 31.849 10.713
165 2 1 32.646 11.677 31.858 10.742
166 2 1 32.655 11.706 31.868 10.771
167 2 1 32.684 11.735 31.897 10.800
168 2 1 32.703 11.803 31.915 10.868
169 2 1 32.721 11.871 31.934 10.936
170 2 1 32.730 11.920 31.943 10.985
171 2 1 32.730 11.958 31.943 11.023
172 2 1 32.701 11.977 31.913 11.043
173 2 1 32.710 12.016 31.923 11.081
174 2 1 32.719 12.084 31.932 11.149
175 2 1 32.747 12.181 31.960 11.246
176 2 1 32.775 12.259 31.988 11.324
177 2 1 32.794 12.336 32.007 11.402
178 2 1 32.793 12.375 32.006 11.440
179 2 1 32.793 12.394 32.006 11.460
180 2 1 32.783 12.414 31.996 11.479
181 2 1 32.793 12.433 32.005 11.499
182 2 1 32.783 12.452 31.996 11.518
183 2 1 32.792 12.491 32.005 11.557
184 2 1 32.801 12.549 32.014 11.615
185 2 1 32.800 12.627 32.013 11.692
186 2 1 32.809 12.704 32.022 11.770
187 2 1 32.789 12.782 32.002 11.847
188 2 1 32.778 12.859 31.991 11.925
189 2 1 32.768 12.917 31.981 11.983
190 2 1 32.757 12.985 31.970 12.051
191 2 1 32.766 13.053 31.979 12.118
192 2 1 32.775 13.101 31.988 12.167
193 2 1 32.784 13.159 31.997 12.225
194 2 1 32.813 13.208 32.026 12.274
195 2 1 32.842 13.237 32.055 12.303
196 2 1 32.861 13.257 32.074 12.323
197 2 1 32.861 13.276 32.074 12.342
198 2 1 32.851 13.315 32.064 12.381
199 2 1 32.821 13.382 32.034 12.448
200 2 1 32.781 13.460 31.994 12.526
201 2 1 32.761 13.518 31.974 12.584
202 2 1 32.741 13.576 31.954 12.642
203 2 1 32.750 13.634 31.963 12.700
204 2 1 32.759 13.702 31.972 12.768
205 2 1 32.758 13.779 31.971 12.845
206 2 1 32.728 13.857 31.941 12.923
207 2 1 32.698 13.915 31.911 12.981
208 2 1 32.678 13.963 31.891 13.029
209 2 1 32.687 14.011 31.900 13.077
210 2 1 32.687 14.050 31.900 13.116
211 2 1 32.686 14.089 31.899 13.155
212 2 1 32.676 14.118 31.889 13.184
213 2 1 32.666 14.166 31.879 13.232
214 2 1 32.656 14.224 31.868 13.290
215 2 1 32.655 14.292 31.868 13.358
216 2 1 32.645 14.350 31.857 13.416
217 2 1 32.624 14.408 31.837 13.474
218 2 1 32.604 14.476 31.817 13.542
0 2 1 32.381 4.122 31.594 3.184
219 2 1 32.584 14.534 31.797 13.600
220 2 1 32.564 14.602 31.777 13.668
221 2 1 32.553 14.669 31.766 13.736
222 2 1 32.553 14.718 31.765 13.784
223 2 1 32.552 14.776 31.765 13.842
224 2 1 32.542 14.824 31.755 13.891
225 2 1 32.522 14.863 31.735 13.929
226 2 1 32.512 14.902 31.724 13.968
227 2 1 32.511 14.950 31.724 14.017
228 2 1 32.511 14.979 31.724 14.046
229 2 1 32.511 15.028 31.723 14.094
230 2 1 32.490 15.086 31.703 14.152
231 2 1 32.480 15.134 31.693 14.201
232 2 1 32.470 15.192 31.682 14.259
233 2 1 32.459 15.260 31.672 14.326
234 2 1 32.448 15.357 31.661 14.423
235 2 1 32.447 15.464 31.660 14.530
236 2 1 32.446 15.541 31.659 14.608
237 2 1 32.456 15.590 31.668 14.656
238 2 1 32.445 15.628 31.658 14.695
239 2 1 32.425 15.677 31.638 14.743
240 2 1 32.396 15.735 31.608 14.801
241 2 1 32.366 15.773 31.578 14.840
242 2 1 32.336 15.812 31.549 14.878
243 2 1 32.307 15.841 31.519 14.907
244 2 1 32.287 15.889 31.499 14.956
245 2 1 32.306 15.938 31.518 15.004
246 2 1 32.295 16.006 31.507 15.072
247 2 1 32.294 16.064 31.507 15.130
248 2 1 32.293 16.161 31.506 15.227
249 2 1 32.293 16.238 31.505 15.305
250 2 1 32.263 16.306 31.475 15.373
251 2 1 32.252 16.345 31.465 15.411
252 2 1 32.242 16.374 31.455 15.440
253 2 1 32.242 16.393 31.454 15.460
254 2 1 32.261 16.442 31.473 15.508
255 2 1 32.270 16.500 31.482 15.567
256 2 1 32.260 16.548 31.472 15.615
257 2 1 32.240 16.597 31.452 15.663
258 2 1 32.239 16.635 31.452 15.702
259 2 1 32.229 16.674 31.441 15.741
260 2 1 32.229 16.713 31.441 15.780
261 2 1 32.238 16.761 31.450 15.828
262 2 1 32.238 16.800 31.450 15.867
263 2 1 32.237 16.868 31.449 15.935
264 2 1 32.236 16.926 31.448 15.993
265 2 1 32.235 17.004 31.447 16.071
266 2 1 32.225 17.071 31.437 16.138
267 2 1 32.214 17.130 31.426 16.197
268 2 1 32.204 17.168 31.416 16.235
269 2 1 32.184 17.217 31.396 16.284
270 2 1 32.174 17.255 31.386 16.322
271 2 1 32.164 17.294 31.376 16.361
272 2 1 32.154 17.343 31.366 16.410
273 2 1 32.143 17.381 31.355 16.448
274 2 1 32.124 17.410 31.336 16.477
275 2 1 32.104 17.430 31.316 16.497
276 2 1 32.084 17.449 31.296 16.516
277 2 1 32.064 17.488 31.276 16.555
278 2 1 32.064 17.536 31.276 16.603
279 2 1 32.073 17.585 31.285 16.652
280 2 1 32.082 17.643 31.294 16.710
281 2 1 32.071 17.711 31.283 16.778
282 2 1 32.061 17.769 31.273 16.836
283 2 1 32.031 17.837 31.243 16.904
284 2 1 32.011 17.895 31.223 16.962
285 2 1 32.001 17.933 31.213 17.001
286 2 1 31.991 17.963 31.203 17.030
287 2 1 31.990 17.992 31.202 17.059
288 2 1 31.990 18.040 31.202 17.107
289 2 1 31.999 18.069 31.211 17.137
290 2 1 32.009 18.108 31.221 17.175
291 2 1 32.008 18.137 31.220 17.204
292 2 1 32.018 18.156 31.230 17.224
293 2 1 32.017 18.186 31.229 17.253
294 2 1 32.017 18.205 31.229 17.272
295 2 1 32.017 18.244 31.229 17.311
296 2 1 32.026 18.292 31.238 17.360
297 2 1 32.025 18.360 31.237 17.428
298 2 1 32.034 18.428 31.246 17.495
299 2 1 32.043 18.496 31.255 17.563
300 2 1 32.033 18.564 31.245 17.631
301 2 1 32.022 18.631 31.234 17.699
302 2 1 32.022 18.680 31.233 17.748
303 2 1 32.012 18.709 31.223 17.777
304 2 1 32.001 18.738 31.213 17.806
305 2 1 32.001 18.757 31.213 17.825
306 2 1 32.001 18.777 31.213 17.844
307 2 1 32.001 18.787 31.213 17.854
308 2 1 31.991 18.787 31.203 17.854
309 2 1 31.991 18.787 31.203 17.854
310 2 1 32.011 18.787 31.223 17.854
311 2 1 32.030 18.806 31.242 17.874
312 2 1 32.049 18.835 31.261 17.903
313 2 1 32.058 18.874 31.270 17.942
314 2 1 32.038 18.922 31.250 17.990
315 2 1 32.009 18.971 31.220 18.038
316 2 1 31.989 19.019 31.200 18.087
317 2 1 31.978 19.077 31.190 18.145
318 2 1 31.987 19.136 31.199 18.203
319 2 1 31.997 19.174 31.208 18.242
320 2 1 31.996 19.203 31.208 18.271
321 2 1 31.996 19.223 31.208 18.291
322 2 1 31.996 19.232 31.208 18.300
323 2 1 31.996 19.242 31.208 18.310
324 2 1 32.005 19.262 31.217 18.329
325 2 1 32.015 19.271 31.227 18.339
326 2 1 32.015 19.291 31.227 18.359
327 2 1 32.014 19.320 31.226 18.388
328 2 1 32.004 19.339 31.216 18.407
329 2 1 31.994 19.359 31.206 18.426
330 2 1 31.994 19.378 31.206 18.446
331 2 1 32.004 19.388 31.216 18.455
332 2 1 31.994 19.407 31.206 18.475
333 2 1 31.994 19.426 31.206 18.494
334 2 1 31.993 19.455 31.205 18.523
335 2 1 31.983 19.475 31.195 18.543
336 2 1 31.993 19.494 31.205 18.562
337 2 1 32.002 19.514 31.214 18.582
338 2 1 32.002 19.533 31.214 18.601
339 2 1 32.012 19.552 31.224 18.620
340 2 1 32.002 19.562 31.214 18.630
341 2 1 31.992 19.572 31.204 18.640
342 2 1 31.982 19.581 31.194 18.649
343 2 1 31.992 19.581 31.204 18.649
344 2 1 32.002 19.591 31.213 18.659
345 2 1 32.011 19.591 31.223 18.659
346 2 1 32.011 19.591 31.223 18.659
347 2 1 32.002 19.591 31.213 18.659
348 2 1 31.982 19.601 31.194 18.669
349 2 1 31.962 19.601 31.174 18.669
350 2 1 31.943 19.601 31.155 18.669
351 2 1 31.943 19.601 31.155 18.669
352 2 1 31.953 19.601 31.165 18.669
353 2 1 31.982 19.601 31.194 18.669
354 2 1 32.001 19.601 31.213 18.669
355 2 1 32.021 19.591 31.233 18.659
356 2 1 32.021 19.591 31.233 18.659
357 2 1 32.021 19.601 31.233 18.669
358 2 1 32.031 19.601 31.243 18.669
359 2 1 32.040 19.601 31.252 18.669
360 2 1 32.031 19.611 31.242 18.679
361 2 1 32.031 19.601 31.243 18.669
362 2 1 32.021 19.601 31.233 18.669
363 2 1 32.021 19.601 31.233 18.669
364 2 1 32.031 19.601 31.243 18.669
365 2 1 32.040 19.601 31.252 18.669
366 2 1 32.040 19.601 31.252 18.669
367 2 1 32.031 19.591 31.243 18.659
368 2 1 32.021 19.591 31.233 18.659
369 2 1 32.011 19.582 31.223 18.649
370 2 1 32.011 19.582 31.223 18.649
371 2 1 32.011 19.582 31.223 18.649
372 2 1 32.002 19.582 31.214 18.649
373 2 1 32.002 19.582 31.214 18.649
374 2 1 31.992 19.581 31.204 18.649
375 2 1 31.992 19.581 31.204 18.649
376 2 1 31.982 19.581 31.194 18.649
377 2 1 31.992 19.572 31.204 18.640
378 2 1 31.992 19.572 31.204 18.640
379 2 1 32.002 19.572 31.214 18.640
380 2 1 32.002 19.562 31.214 18.630
381 2 1 31.992 19.562 31.204 18.630
382 2 1 31.973 19.562 31.185 18.630
383 2 1 31.963 19.562 31.175 18.630
384 2 1 31.953 19.562 31.165 18.630
385 2 1 31.943 19.562 31.155 18.630
386 2 1 31.944 19.552 31.155 18.620
387 2 1 31.934 19.543 31.146 18.611
388 2 1 31.914 19.543 31.126 18.611
389 2 1 31.905 19.533 31.117 18.601
390 2 1 31.905 19.533 31.117 18.601
391 2 1 31.905 19.523 31.117 18.591
392 2 1 31.915 19.523 31.126 18.591
393 2 1 31.915 19.523 31.126 18.591
394 2 1 31.924 19.523 31.136 18.591
395 2 1 31.934 19.523 31.146 18.591
396 2 1 31.934 19.523 31.146 18.591
397 2 1 31.944 19.523 31.156 18.591
398 2 1 31.944 19.523 31.156 18.591
399 2 1 31.944 19.523 31.156 18.591
400 2 1 31.944 19.523 31.156 18.591
401 2 1 31.954 19.533 31.165 18.601
402 2 1 31.963 19.533 31.175 18.601
403 2 1 31.973 19.533 31.185 18.601
404 2 1 31.973 19.543 31.185 18.611
405 2 1 31.983 19.543 31.194 18.611
406 2 1 31.983 19.533 31.195 18.601
407 2 1 31.992 19.533 31.204 18.601
408 2 1 31.992 19.533 31.204 18.601
409 2 1 31.992 19.533 31.204 18.601
410 2 1 31.992 19.533 31.204 18.601
411 2 1 31.992 19.533 31.204 18.601
412 2 1 31.983 19.523 31.195 18.591
413 2 1 31.983 19.523 31.195 18.591
414 2 1 31.973 19.523 31.185 18.591
415 2 1 31.973 19.514 31.185 18.582
416 2 1 31.973 19.514 31.185 18.582
417 2 1 31.973 19.514 31.185 18.582
418 2 1 31.964 19.504 31.175 18.572
419 2 1 31.954 19.504 31.166 18.572
420 2 1 31.954 19.514 31.166 18.581
421 2 1 31.963 19.514 31.175 18.582
422 2 1 31.963 19.514 31.175 18.582
423 2 1 31.973 19.514 31.185 18.582
424 2 1 31.973 19.514 31.185 18.582
425 2 1 31.963 19.523 31.175 18.591
426 2 1 31.963 19.523 31.175 18.591
427 2 1 31.963 19.523 31.175 18.591
428 2 1 31.954 19.533 31.165 18.601
429 2 1 31.954 19.533 31.165 18.601
430 2 1 31.954 19.533 31.165 18.601
1 3 1 33.128 18.953 32.291 18.099
2 3 1 33.157 18.934 32.320 18.080
3 3 1 33.167 18.943 32.330 18.089
4 3 1 33.147 18.934 32.311 18.080
5 3 1 33.099 18.905 32.262 18.050
6 3 1 33.070 18.875 32.233 18.021
7 3 1 33.051 18.846 32.214 17.992
8 3 1 33.042 18.817 32.205 17.963
9 3 1 33.042 18.808 32.205 17.953
10 3 1 33.042 18.798 32.205 17.944
11 3 1 33.042 18.798 32.205 17.944
12 3 1 33.032 18.769 32.196 17.915
13 3 1 33.043 18.711 32.206 17.856
14 3 1 33.053 18.643 32.217 17.789
15 3 1 33.074 18.556 32.237 17.701
16 3 1 33.084 18.478 32.248 17.624
17 3 1 33.085 18.430 32.248 17.575
18 3 1 33.046 18.391 32.210 17.537
19 3 1 33.027 18.352 32.191 17.498
20 3 1 33.018 18.333 32.181 17.478
21 3 1 33.037 18.323 32.201 17.469
22 3 1 33.057 18.314 32.220 17.459
23 3 1 33.057 18.285 32.221 17.430
24 3 1 33.058 18.236 32.221 17.382
25 3 1 33.039 18.197 32.202 17.343
26 3 1 33.020 18.168 32.183 17.314
27 3 1 33.000 18.168 32.164 17.314
28 3 1 32.971 18.168 32.134 17.313
29 3 1 32.962 18.149 32.125 17.294
30 3 1 32.952 18.120 32.115 17.265
31 3 1 32.943 18.081 32.106 17.226
32 3 1 32.953 18.023 32.117 17.168
33 3 1 32.964 17.945 32.127 17.091
34 3 1 32.965 17.848 32.128 16.994
35 3 1 32.985 17.761 32.149 16.906
36 3 1 32.977 17.684 32.140 16.829
37 3 1 32.967 17.635 32.131 16.780
38 3 1 32.958 17.606 32.121 16.751
39 3 1 32.958 17.577 32.122 16.722
40 3 1 32.949 17.567 32.112 16.712
41 3 1 32.959 17.558 32.122 16.703
42 3 1 32.959 17.548 32.122 16.693
43 3 1 32.969 17.519 32.132 16.664
44 3 1 32.969 17.490 32.132 16.635
45 3 1 32.969 17.451 32.133 16.596
46 3 1 32.960 17.422 32.123 16.567
47 3 1 32.960 17.383 32.124 16.528
48 3 1 32.971 17.354 32.134 16.499
49 3 1 32.961 17.306 32.125 16.451
50 3 1 32.962 17.257 32.125 16.402
51 3 1 32.963 17.190 32.126 16.335
52 3 1 32.954 17.112 32.117 16.257
53 3 1 32.945 17.035 32.108 16.179
54 3 1 32.946 16.967 32.109 16.112
55 3 1 32.946 16.909 32.110 16.053
56 3 1 32.947 16.889 32.110 16.034
57 3 1 32.947 16.870 32.110 16.015
58 3 1 32.937 16.851 32.101 15.995
59 3 1 32.928 16.831 32.091 15.976
60 3 1 32.918 16.812 32.082 15.956
61 3 1 32.928 16.783 32.092 15.927
62 3 1 32.919 16.754 32.082 15.898
63 3 1 32.900 16.744 32.063 15.889
64 3 1 32.881 16.705 32.044 15.850
65 3 1 32.871 16.686 32.034 15.830
66 3 1 32.881 16.637 32.045 15.782
67 3 1 32.902 16.560 32.065 15.704
68 3 1 32.932 16.473 32.095 15.617
69 3 1 32.943 16.386 32.106 15.530
70 3 1 32.944 16.298 32.107 15.443
71 3 1 32.925 16.240 32.088 15.385
72 3 1 32.906 16.192 32.069 15.336
73 3 1 32.897 16.153 32.060 15.297
74 3 1 32.897 16.134 32.060 15.278
75 3 1 32.906 16.134 32.070 15.278
76 3 1 32.916 16.134 32.080 15.278
77 3 1 32.916 16.124 32.080 15.268
78 3 1 32.897 16.095 32.061 15.239
79 3 1 32.888 16.046 32.051 15.191
80 3 1 32.889 15.998 32.052 15.142
81 3 1 32.908 15.959 32.072 15.104
82 3 1 32.918 15.940 32.082 15.084
83 3 1 32.919 15.921 32.082 15.065
84 3 1 32.919 15.862 32.083 15.007
85 3 1 32.920 15.775 32.084 14.919
86 3 1 32.902 15.678 32.065 14.822
87 3 1 32.874 15.591 32.037 14.735
88 3 1 32.855 15.523 32.018 14.667
89 3 1 32.836 15.484 31.999 14.628
90 3 1 32.827 15.455 31.990 14.599
91 3 1 32.827 15.436 31.990 14.580
92 3 1 32.827 15.426 31.990 14.570
93 3 1 32.837 15.426 32.000 14.570
94 3 1 32.827 15.407 31.990 14.551
95 3 1 32.818 15.387 31.981 14.531
96 3 1 32.799 15.349 31.962 14.493
97 3 1 32.780 15.290 31.943 14.434
98 3 1 32.771 15.252 31.934 14.395
99 3 1 32.761 15.213 31.924 14.357
100 3 1 32.732 15.184 31.896 14.327
101 3 1 32.723 15.145 31.886 14.289
102 3 1 32.714 15.058 31.878 14.201
103 3 1 32.716 14.961 31.879 14.105
104 3 1 32.726 14.874 31.889 14.017
105 3 1 32.727 14.796 31.890 13.940
106 3 1 32.728 14.757 31.891 13.901
107 3 1 32.728 14.738 31.891 13.882
108 3 1 32.718 14.719 31.881 13.862
109 3 1 32.709 14.699 31.872 13.843
110 3 1 32.699 14.689 31.862 13.833
111 3 1 32.690 14.680 31.853 13.823
112 3 1 32.700 14.651 31.863 13.794
113 3 1 32.700 14.602 31.863 13.746
114 3 1 32.701 14.544 31.864 13.688
115 3 1 32.701 14.496 31.864 13.639
116 3 1 32.692 14.447 31.855 13.591
117 3 1 32.702 14.418 31.865 13.562
118 3 1 32.683 14.379 31.846 13.523
119 3 1 32.645 14.341 31.808 13.484
120 3 1 32.616 14.273 31.779 13.416
121 3 1 32.598 14.185 31.761 13.329
122 3 1 32.589 14.108 31.752 13.251
123 3 1 32.599 14.040 31.763 13.183
124 3 1 32.590 13.992 31.753 13.135
125 3 1 32.581 13.972 31.744 13.115
126 3 1 32.571 13.972 31.734 13.115
127 3 1 32.571 13.953 31.734 13.096
128 3 1 32.552 13.943 31.715 13.086
129 3 1 32.532 13.943 31.695 13.086
130 3 1 32.504 13.914 31.667 13.057
131 3 1 32.475 13.865 31.638 13.008
132 3 1 32.466 13.817 31.629 12.960
133 3 1 32.457 13.749 31.620 12.892
134 3 1 32.457 13.700 31.620 12.843
135 3 1 32.448 13.671 31.611 12.814
136 3 1 32.429 13.613 31.592 12.756
137 3 1 32.401 13.545 31.564 12.688
138 3 1 32.363 13.448 31.526 12.591
139 3 1 32.325 13.370 31.488 12.513
140 3 1 32.306 13.312 31.469 12.455
141 3 1 32.287 13.293 31.450 12.435
142 3 1 32.277 13.283 31.440 12.425
143 3 1 32.268 13.283 31.430 12.425
144 3 1 32.268 13.283 31.430 12.425
145 3 1 32.258 13.283 31.421 12.425
146 3 1 32.268 13.254 31.431 12.396
147 3 1 32.288 13.225 31.450 12.367
148 3 1 32.298 13.176 31.461 12.319
149 3 1 32.318 13.128 31.481 12.271
150 3 1 32.309 13.089 31.471 12.232
151 3 1 32.290 13.050 31.452 12.193
152 3 1 32.281 12.982 31.443 12.125
153 3 1 32.282 12.895 31.444 12.038
154 3 1 32.283 12.808 31.445 11.951
155 3 1 32.274 12.731 31.437 11.873
156 3 1 32.255 12.663 31.418 11.805
157 3 1 32.246 12.614 31.409 11.757
158 3 1 32.227 12.575 31.390 11.718
159 3 1 32.208 12.546 31.370 11.688
160 3 1 32.208 12.527 31.371 11.669
161 3 1 32.198 12.517 31.361 11.659
162 3 1 32.169 12.497 31.332 11.640
163 3 1 32.160 12.468 31.323 11.611
164 3 1 32.151 12.420 31.313 11.562
165 3 1 32.141 12.381 31.304 11.523
166 3 1 32.142 12.352 31.304 11.494
167 3 1 32.123 12.323 31.285 11.465
168 3 1 32.104 12.265 31.266 11.407
169 3 1 32.075 12.206 31.238 11.348
170 3 1 32.057 12.138 31.219 11.280
171 3 1 32.048 12.061 31.210 11.203
172 3 1 32.039 12.003 31.201 11.145
173 3 1 32.039 11.944 31.202 11.086
174 3 1 32.040 11.896 31.202 11.038
175 3 1 32.040 11.857 31.203 10.999
176 3 1 32.041 11.828 31.203 10.970
177 3 1 32.041 11.809 31.203 10.951
178 3 1 32.051 11.789 31.213 10.931
179 3 1 32.051 11.789 31.213 10.931
180 3 1 32.051 11.789 31.213 10.931
181 3 1 32.041 11.770 31.204 10.912
182 3 1 32.032 11.722 31.195 10.863
183 3 1 32.023 11.654 31.186 10.795
184 3 1 32.014 11.586 31.177 10.728
185 3 1 32.015 11.537 31.177 10.679
186 3 1 32.035 11.479 31.197 10.621
187 3 1 32.055 11.431 31.218 10.573
188 3 1 32.075 11.363 31.238 10.505
189 3 1 32.076 11.296 31.239 10.437
190 3 1 32.057 11.237 31.220 10.379
191 3 1 32.038 11.189 31.201 10.330
192 3 1 32.029 11.121 31.192 10.262
193 3 1 32.040 11.063 31.202 10.204
194 3 1 32.060 11.024 31.222 10.166
195 3 1 32.060 11.005 31.222 10.146
196 3 1 32.060 10.995 31.222 10.137
197 3 1 32.040 10.995 31.203 10.136
198 3 1 32.031 10.985 31.193 10.127
199 3 1 32.021 10.946 31.184 10.088
200 3 1 32.022 10.888 31.185 10.030
201 3 1 32.023 10.820 31.185 9.962
202 3 1 32.014 10.762 31.176 9.904
203 3 1 32.005 10.714 31.167 9.855
204 3 1 31.995 10.665 31.158 9.807
205 3 1 31.996 10.617 31.159 9.758
206 3 1 32.016 10.549 31.179 9.690
207 3 1 32.037 10.472 31.199 9.613
208 3 1 32.047 10.394 31.210 9.536
209 3 1 32.038 10.336 31.201 9.477
210 3 1 32.039 10.278 31.201 9.419
211 3 1 32.039 10.239 31.202 9.380
212 3 1 32.049 10.210 31.212 9.351
213 3 1 32.059 10.210 31.222 9.352
214 3 1 32.079 10.201 31.241 9.342
215 3 1 32.088 10.191 31.251 9.332
216 3 1 32.098 10.162 31.261 9.303
217 3 1 32.109 10.124 31.271 9.265
218 3 1 32.119 10.066 31.282 9.207
0 3 1 33.088 19.001 32.251 18.147
219 3 1 32.110 10.007 31.273 9.148
220 3 1 32.120 9.949 31.283 9.090
221 3 1 32.131 9.911 31.293 9.052
222 3 1 32.151 9.862 31.313 9.003
223 3 1 32.151 9.824 31.314 8.965
224 3 1 32.171 9.756 31.334 8.897
225 3 1 32.182 9.678 31.345 8.819
226 3 1 32.183 9.601 31.345 8.742
227 3 1 32.183 9.543 31.346 8.684
228 3 1 32.174 9.494 31.337 8.635
229 3 1 32.174 9.465 31.337 8.606
230 3 1 32.184 9.446 31.347 8.587
231 3 1 32.194 9.446 31.357 8.587
232 3 1 32.194 9.446 31.357 8.587
233 3 1 32.194 9.456 31.357 8.597
234 3 1 32.194 9.436 31.357 8.577
235 3 1 32.185 9.388 31.348 8.529
236 3 1 32.176 9.320 31.339 8.461
237 3 1 32.187 9.243 31.350 8.383
238 3 1 32.187 9.175 31.350 8.316
239 3 1 32.188 9.126 31.351 8.267
240 3 1 32.188 9.088 31.351 8.228
241 3 1 32.179 9.049 31.342 8.190
242 3 1 32.189 9.001 31.352 8.141
243 3 1 32.210 8.943 31.372 8.083
244 3 1 32.220 8.865 31.383 8.006
245 3 1 32.231 8.807 31.393 7.948
246 3 1 32.231 8.759 31.394 7.899
247 3 1 32.231 8.739 31.394 7.880
248 3 1 32.251 8.720 31.414 7.861
249 3 1 32.280 8.711 31.443 7.851
250 3 1 32.300 8.701 31.463 7.842
251 3 1 32.310 8.701 31.473 7.842
252 3 1 32.310 8.682 31.473 7.822
253 3 1 32.301 8.643 31.463 7.784
254 3 1 32.291 8.585 31.454 7.725
255 3 1 32.273 8.498 31.436 7.638
256 3 1 32.264 8.410 31.427 7.551
257 3 1 32.284 8.343 31.447 7.483
258 3 1 32.314 8.304 31.477 7.445
259 3 1 32.334 8.275 31.497 7.416
260 3 1 32.344 8.237 31.507 7.377
261 3 1 32.335 8.188 31.498 7.329
262 3 1 32.326 8.120 31.489 7.261
263 3 1 32.327 8.053 31.490 7.193
264 3 1 32.337 8.014 31.500 7.154
265 3 1 32.356 7.995 31.519 7.135
266 3 1 32.366 7.975 31.529 7.116
267 3 1 32.376 7.966 31.539 7.106
268 3 1 32.376 7.956 31.539 7.096
269 3 1 32.376 7.946 31.540 7.087
270 3 1 32.377 7.927 31.540 7.067
271 3 1 32.367 7.908 31.530 7.048
272 3 1 32.358 7.859 31.521 6.999
273 3 1 32.339 7.801 31.502 6.941
274 3 1 32.340 7.714 31.503 6.854
275 3 1 32.351 7.636 31.514 6.776
276 3 1 32.361 7.559 31.524 6.699
277 3 1 32.352 7.520 31.515 6.660
278 3 1 32.352 7.501 31.515 6.641
279 3 1 32.353 7.481 31.516 6.621
280 3 1 32.363 7.443 31.526 6.583
281 3 1 32.373 7.394 31.536 6.534
282 3 1 32.373 7.356 31.536 6.496
283 3 1 32.374 7.346 31.537 6.486
284 3 1 32.374 7.336 31.537 6.476
285 3 1 32.393 7.337 31.556 6.476
286 3 1 32.393 7.317 31.556 6.457
287 3 1 32.413 7.298 31.576 6.438
288 3 1 32.423 7.250 31.586 6.390
289 3 1 32.434 7.201 31.597 6.341
290 3 1 32.434 7.153 31.597 6.293
291 3 1 32.444 7.095 31.608 6.235
292 3 1 32.465 7.037 31.628 6.177
293 3 1 32.494 6.979 31.658 6.119
294 3 1 32.534 6.902 31.697 6.042
295 3 1 32.554 6.854 31.717 5.994
296 3 1 32.564 6.815 31.728 5.955
297 3 1 32.555 6.786 31.718 5.926
298 3 1 32.555 6.747 31.719 5.887
299 3 1 32.546 6.718 31.709 5.858
300 3 1 32.546 6.689 31.710 5.829
301 3 1 32.546 6.679 31.710 5.819
302 3 1 32.546 6.689 31.710 5.829
303 3 1 32.566 6.680 31.729 5.819
304 3 1 32.585 6.670 31.749 5.810
305 3 1 32.595 6.641 31.759 5.781
306 3 1 32.606 6.583 31.769 5.723
307 3 1 32.616 6.506 31.780 5.646
308 3 1 32.637 6.419 31.800 5.559
309 3 1 32.647 6.342 31.811 5.481
310 3 1 32.658 6.274 31.821 5.414
311 3 1 32.659 6.216 31.822 5.355
312 3 1 32.659 6.167 31.823 5.307
313 3 1 32.660 6.119 31.823 5.259
314 3 1 32.679 6.100 31.843 5.239
315 3 1 32.689 6.071 31.853 5.211
316 3 1 32.700 6.023 31.863 5.162
317 3 1 32.700 5.984 31.864 5.123
318 3 1 32.691 5.935 31.854 5.075
319 3 1 32.691 5.906 31.855 5.046
320 3 1 32.701 5.897 31.865 5.036
321 3 1 32.721 5.897 31.884 5.036
322 3 1 32.721 5.897 31.884 5.036
323 3 1 32.730 5.887 31.894 5.027
324 3 1 32.730 5.878 31.894 5.017
325 3 1 32.731 5.849 31.894 4.988
326 3 1 32.741 5.791 31.905 4.930
327 3 1 32.752 5.723 31.915 4.863
328 3 1 32.762 5.646 31.926 4.785
329 3 1 32.763 5.578 31.927 4.717
330 3 1 32.764 5.520 31.927 4.659
331 3 1 32.774 5.472 31.937 4.611
332 3 1 32.784 5.433 31.948 4.572
333 3 1 32.804 5.414 31.967 4.553
334 3 1 32.843 5.385 32.007 4.525
335 3 1 32.872 5.356 32.036 4.496
336 3 1 32.892 5.337 32.056 4.477
337 3 1 32.912 5.318 32.075 4.457
338 3 1 32.902 5.308 32.066 4.448
339 3 1 32.902 5.308 32.066 4.448
340 3 1 32.902 5.289 32.066 4.428
341 3 1 32.912 5.270 32.076 4.409
342 3 1 32.913 5.221 32.077 4.361
343 3 1 32.913 5.173 32.077 4.312
344 3 1 32.924 5.125 32.087 4.264
345 3 1 32.915 5.076 32.078 4.215
346 3 1 32.915 5.008 32.079 4.148
347 3 1 32.916 4.941 32.080 4.080
348 3 1 32.936 4.854 32.100 3.993
349 3 1 32.947 4.796 32.111 3.935
350 3 1 32.967 4.738 32.131 3.877
351 3 1 32.958 4.699 32.121 3.838
352 3 1 32.958 4.670 32.122 3.809
353 3 1 32.958 4.641 32.122 3.780
354 3 1 32.959 4.622 32.122 3.761
355 3 1 32.968 4.612 32.132 3.751
356 3 1 32.968 4.603 32.132 3.742
357 3 1 32.968 4.603 32.132 3.742
358 3 1 32.978 4.603 32.142 3.742
359 3 1 32.998 4.603 32.161 3.742
360 3 1 33.017 4.603 32.181 3.742
361 3 1 33.027 4.593 32.191 3.733
362 3 1 33.047 4.565 32.210 3.704
363 3 1 33.057 4.526 32.221 3.665
364 3 1 33.067 4.487 32.231 3.627
365 3 1 33.068 4.429 32.231 3.568
366 3 1 33.059 4.371 32.222 3.510
367 3 1 33.059 4.323 32.223 3.462
368 3 1 33.069 4.284 32.233 3.423
369 3 1 33.079 4.255 32.243 3.394
370 3 1 33.089 4.246 32.253 3.385
371 3 1 33.079 4.236 32.243 3.375
372 3 1 33.080 4.217 32.244 3.356
373 3 1 33.070 4.207 32.234 3.346
374 3 1 33.060 4.197 32.224 3.336
375 3 1 33.061 4.187 32.224 3.326
376 3 1 33.090 4.168 32.254 3.307
377 3 1 33.129 4.149 32.293 3.288
378 3 1 33.149 4.130 32.313 3.269
379 3 1 33.159 4.111 32.323 3.250
380 3 1 33.149 4.101 32.313 3.240
381 3 1 33.130 4.082 32.294 3.221
382 3 1 33.110 4.082 32.274 3.220
383 3 1 33.082 4.052 32.245 3.191
384 3 1 33.053 4.013 32.217 3.152
385 3 1 33.034 3.974 32.198 3.113
386 3 1 33.015 3.935 32.179 3.074
387 3 1 32.996 3.925 32.159 3.064
388 3 1 32.986 3.916 32.150 3.054
389 3 1 32.976 3.906 32.140 3.045
390 3 1 32.977 3.877 32.140 3.016
391 3 1 32.997 3.838 32.160 2.977
392 3 1 33.007 3.800 32.170 2.938
393 3 1 33.007 3.780 32.171 2.919
394 3 1 32.978 3.761 32.142 2.899
395 3 1 32.959 3.761 32.122 2.899
396 3 1 32.929 3.751 32.093 2.889
397 3 1 32.910 3.741 32.074 2.879
398 3 1 32.881 3.721 32.045 2.860
399 3 1 32.862 3.701 32.026 2.840
400 3 1 32.852 3.682 32.016 2.820
401 3 1 32.843 3.682 32.006 2.820
402 3 1 32.823 3.672 31.987 2.810
403 3 1 32.824 3.662 31.987 2.801
404 3 1 32.824 3.643 31.987 2.781
405 3 1 32.833 3.643 31.997 2.781
406 3 1 32.834 3.633 31.997 2.772
407 3 1 32.824 3.624 31.988 2.762
408 3 1 32.805 3.604 31.968 2.742
409 3 1 32.776 3.584 31.939 2.723
410 3 1 32.766 3.565 31.930 2.703
411 3 1 32.766 3.555 31.930 2.694
412 3 1 32.747 3.545 31.911 2.684
413 3 1 32.728 3.545 31.891 2.683
414 3 1 32.718 3.535 31.882 2.674
415 3 1 32.689 3.525 31.852 2.664
416 3 1 32.670 3.506 31.833 2.644
417 3 1 32.660 3.496 31.824 2.634
418 3 1 32.631 3.476 31.795 2.614
419 3 1 32.621 3.486 31.785 2.624
420 3 1 32.611 3.505 31.775 2.643
421 3 1 32.601 3.544 31.765 2.682
422 3 1 32.611 3.553 31.774 2.692
423 3 1 32.591 3.572 31.755 2.711
424 3 1 32.572 3.553 31.735 2.691
425 3 1 32.543 3.533 31.706 2.672
426 3 1 32.514 3.523 31.677 2.662
427 3 1 32.514 3.523 31.677 2.662
428 3 1 32.524 3.533 31.687 2.671
429 3 1 32.514 3.543 31.677 2.681
430 3 1 32.455 3.542 31.619 2.680
1 10 1 33.003 4.119 32.523 3.601
2 10 1 32.993 4.119 32.513 3.601
3 10 1 32.983 4.138 32.503 3.620
4 10 1 32.983 4.187 32.503 3.668
5 10 1 32.982 4.283 32.502 3.765
6 10 1 32.990 4.390 32.510 3.872
7 10 1 33.009 4.487 32.528 3.969
8 10 1 33.008 4.555 32.528 4.036
9 10 1 33.007 4.593 32.527 4.075
10 10 1 32.987 4.641 32.507 4.123
11 10 1 32.977 4.680 32.497 4.162
12 10 1 32.958 4.699 32.477 4.181
13 10 1 32.948 4.699 32.468 4.181
14 10 1 32.948 4.689 32.468 4.171
15 10 1 32.948 4.680 32.468 4.162
16 10 1 32.958 4.690 32.478 4.171
17 10 1 32.967 4.709 32.487 4.191
18 10 1 32.996 4.767 32.516 4.249
19 10 1 33.014 4.855 32.534 4.337
20 10 1 33.042 4.961 32.562 4.443
21 10 1 33.060 5.087 32.580 4.569
22 10 1 33.059 5.194 32.579 4.676
23 10 1 33.048 5.261 32.568 4.743
24 10 1 33.048 5.310 32.568 4.792
25 10 1 33.038 5.329 32.558 4.811
26 10 1 33.028 5.339 32.548 4.821
27 10 1 33.018 5.368 32.538 4.850
28 10 1 33.018 5.387 32.538 4.869
29 10 1 33.008 5.406 32.528 4.888
30 10 1 33.008 5.416 32.528 4.898
31 10 1 33.008 5.435 32.527 4.917
32 10 1 32.998 5.464 32.517 4.946
33 10 1 32.997 5.522 32.517 5.004
34 10 1 33.016 5.600 32.535 5.082
35 10 1 33.025 5.658 32.544 5.140
36 10 1 33.043 5.726 32.563 5.208
37 10 1 33.072 5.804 32.591 5.286
38 10 1 33.071 5.891 32.590 5.373
39 10 1 33.079 5.978 32.599 5.460
40 10 1 33.069 6.065 32.588 5.547
41 10 1 33.049 6.103 32.568 5.586
42 10 1 33.039 6.132 32.558 5.615
43 10 1 33.019 6.142 32.539 5.624
44 10 1 32.990 6.161 32.510 5.643
45 10 1 32.970 6.180 32.490 5.662
46 10 1 32.970 6.219 32.489 5.701
47 10 1 32.969 6.248 32.489 5.730
48 10 1 32.969 6.296 32.489 5.779
49 10 1 32.968 6.354 32.488 5.837
50 10 1 32.968 6.393 32.487 5.875
51 10 1 32.987 6.442 32.506 5.924
52 10 1 33.025 6.500 32.545 5.982
53 10 1 33.053 6.587 32.573 6.070
54 10 1 33.081 6.694 32.601 6.177
55 10 1 33.080 6.801 32.600 6.283
56 10 1 33.050 6.878 32.569 6.360
57 10 1 33.040 6.907 32.559 6.389
58 10 1 33.039 6.945 32.559 6.428
59 10 1 33.039 6.974 32.559 6.457
60 10 1 33.039 6.994 32.558 6.476
61 10 1 33.019 7.013 32.539 6.495
62 10 1 32.999 7.022 32.519 6.505
63 10 1 33.009 7.032 32.529 6.515
64 10 1 33.008 7.090 32.528 6.573
65 10 1 33.008 7.148 32.528 6.631
66 10 1 33.017 7.216 32.536 6.699
67 10 1 33.035 7.284 32.555 6.767
68 10 1 33.045 7.333 32.564 6.815
69 10 1 33.054 7.391 32.573 6.873
70 10 1 33.053 7.488 32.572 6.970
71 10 1 33.032 7.584 32.552 7.067
72 10 1 33.021 7.671 32.541 7.154
73 10 1 33.001 7.729 32.521 7.212
74 10 1 32.991 7.748 32.511 7.231
75 10 1 32.982 7.748 32.501 7.231
76 10 1 32.981 7.768 32.501 7.250
77 10 1 32.991 7.797 32.510 7.279
78 10 1 33.000 7.826 32.520 7.309
79 10 1 33.009 7.874 32.529 7.357
80 10 1 33.009 7.923 32.528 7.405
81 10 1 33.008 7.961 32.528 7.444
82 10 1 33.037 8.010 32.557 7.493
83 10 1 33.046 8.059 32.566 7.541
84 10 1 33.055 8.117 32.575 7.600
85 10 1 33.074 8.204 32.593 7.687
86 10 1 33.082 8.311 32.602 7.793
87 10 1 33.091 8.388 32.611 7.871
88 10 1 33.119 8.456 32.639 7.939
89 10 1 33.100 8.475 32.620 7.958
90 10 1 33.080 8.485 32.600 7.968
91 10 1 33.051 8.494 32.571 7.977
92 10 1 33.031 8.513 32.551 7.996
93 10 1 33.031 8.542 32.551 8.025
94 10 1 33.040 8.591 32.560 8.074
95 10 1 33.069 8.659 32.588 8.142
96 10 1 33.097 8.717 32.617 8.200
97 10 1 33.106 8.756 32.626 8.239
98 10 1 33.115 8.805 32.635 8.288
99 10 1 33.105 8.843 32.625 8.326
100 10 1 33.114 8.911 32.634 8.394
101 10 1 33.123 8.979 32.643 8.462
102 10 1 33.132 9.047 32.652 8.530
103 10 1 33.151 9.105 32.671 8.588
104 10 1 33.160 9.163 32.680 8.646
105 10 1 33.150 9.221 32.669 8.704
106 10 1 33.140 9.240 32.659 8.723
107 10 1 33.140 9.221 32.660 8.704
108 10 1 33.130 9.231 32.650 8.714
109 10 1 33.139 9.260 32.659 8.743
110 10 1 33.139 9.289 32.659 8.772
111 10 1 33.129 9.327 32.649 8.810
112 10 1 33.100 9.356 32.619 8.839
113 10 1 33.070 9.385 32.590 8.868
114 10 1 33.040 9.423 32.560 8.907
115 10 1 33.050 9.482 32.569 8.965
116 10 1 33.078 9.559 32.598 9.042
117 10 1 33.116 9.627 32.636 9.111
118 10 1 33.135 9.686 32.654 9.169
119 10 1 33.134 9.724 32.654 9.208
120 10 1 33.105 9.734 32.625 9.217
121 10 1 33.086 9.734 32.605 9.217
122 10 1 33.047 9.743 32.566 9.226
123 10 1 33.037 9.753 32.556 9.236
124 10 1 33.036 9.791 32.556 9.275
125 10 1 33.046 9.830 32.565 9.313
126 10 1 33.065 9.869 32.584 9.352
127 10 1 33.083 9.927 32.603 9.410
128 10 1 33.083 9.995 32.602 9.478
129 10 1 33.091 10.072 32.611 9.556
130 10 1 33.100 10.150 32.620 9.633
131 10 1 33.119 10.199 32.639 9.682
132 10 1 33.129 10.228 32.648 9.711
133 10 1 33.128 10.266 32.648 9.750
134 10 1 33.108 10.305 32.628 9.788
135 10 1 33.078 10.363 32.598 9.846
136 10 1 33.059 10.401 32.578 9.885
137 10 1 33.029 10.469 32.548 9.952
138 10 1 32.999 10.507 32.519 9.991
139 10 1 32.989 10.527 32.509 10.010
140 10 1 32.979 10.546 32.499 10.029
141 10 1 32.979 10.575 32.499 10.059
142 10 1 32.979 10.594 32.498 10.078
143 10 1 32.998 10.643 32.517 10.126
144 10 1 33.027 10.634 32.547 10.117
145 10 1 33.075 10.682 32.595 10.166
146 10 1 33.103 10.760 32.623 10.243
147 10 1 33.122 10.847 32.641 10.331
148 10 1 33.121 10.915 32.641 10.399
149 10 1 33.130 10.954 32.650 10.437
150 10 1 33.149 10.973 32.669 10.457
151 10 1 33.158 11.041 32.678 10.525
152 10 1 33.167 11.119 32.687 10.602
153 10 1 33.166 11.177 32.686 10.660
154 10 1 33.166 11.196 32.686 10.680
155 10 1 33.166 11.215 32.686 10.699
156 10 1 33.185 11.225 32.705 10.709
157 10 1 33.195 11.264 32.714 10.748
158 10 1 33.214 11.293 32.734 10.777
159 10 1 33.204 11.332 32.723 10.815
160 10 1 33.174 11.380 32.694 10.864
161 10 1 33.124 11.457 32.644 10.941
162 10 1 33.104 11.534 32.624 11.018
163 10 1 33.123 11.622 32.642 11.105
164 10 1 33.161 11.680 32.681 11.164
165 10 1 33.209 11.738 32.729 11.222
166 10 1 33.257 11.797 32.776 11.281
167 10 1 33.275 11.874 32.795 11.358
168 10 1 33.274 11.942 32.794 11.426
169 10 1 33.264 12.000 32.784 11.484
170 10 1 33.244 12.029 32.764 11.513
171 10 1 33.244 12.058 32.764 11.542
172 10 1 33.244 12.087 32.763 11.571
173 10 1 33.263 12.136 32.782 11.620
174 10 1 33.272 12.174 32.792 11.658
175 10 1 33.271 12.233 32.791 11.717
176 10 1 33.270 12.310 32.790 11.794
177 10 1 33.269 12.407 32.789 11.891
178 10 1 33.268 12.484 32.788 11.968
179 10 1 33.268 12.542 32.788 12.026
180 10 1 33.277 12.591 32.797 12.075
181 10 1 33.286 12.649 32.806 12.133
182 10 1 33.295 12.726 32.815 12.211
183 10 1 33.294 12.785 32.814 12.269
184 10 1 33.284 12.814 32.804 12.298
185 10 1 33.255 12.823 32.775 12.307
186 10 1 33.235 12.833 32.755 12.317
187 10 1 33.215 12.871 32.735 12.355
188 10 1 33.234 12.929 32.754 12.414
189 10 1 33.234 12.959 32.754 12.443
190 10 1 33.233 13.007 32.753 12.491
191 10 1 33.252 13.084 32.772 12.569
192 10 1 33.232 13.162 32.751 12.646
193 10 1 33.231 13.249 32.750 12.733
194 10 1 33.239 13.336 32.759 12.820
195 10 1 33.239 13.365 32.759 12.849
196 10 1 33.268 13.394 32.788 12.879
197 10 1 33.277 13.462 32.797 12.946
198 10 1 33.266 13.549 32.786 13.034
199 10 1 33.255 13.636 32.775 13.121
200 10 1 33.225 13.714 32.745 13.198
201 10 1 33.206 13.743 32.725 13.227
202 10 1 33.186 13.772 32.706 13.256
203 10 1 33.185 13.810 32.705 13.295
204 10 1 33.204 13.859 32.724 13.343
205 10 1 33.213 13.936 32.733 13.421
206 10 1 33.203 14.004 32.722 13.488
207 10 1 33.153 14.062 32.673 13.546
208 10 1 33.124 14.110 32.643 13.595
209 10 1 33.094 14.139 32.614 13.624
210 10 1 33.104 14.168 32.623 13.653
211 10 1 33.132 14.207 32.652 13.692
212 10 1 33.151 14.275 32.671 13.759
213 10 1 33.170 14.353 32.689 13.837
214 10 1 33.198 14.440 32.717 13.924
215 10 1 33.197 14.498 32.717 13.982
216 10 1 33.197 14.527 32.716 14.012
217 10 1 33.206 14.537 32.726 14.021
218 10 1 33.216 14.546 32.736 14.031
0 10 1 33.003 4.109 32.523 3.591
219 10 1 33.216 14.556 32.736 14.041
220 10 1 33.215 14.595 32.735 14.079
221 10 1 33.195 14.663 32.715 14.147
222 10 1 33.175 14.769 32.694 14.254
223 10 1 33.164 14.866 32.684 14.350
224 10 1 33.163 14.943 32.683 14.428
225 10 1 33.182 15.001 32.701 14.486
226 10 1 33.181 15.040 32.701 14.525
227 10 1 33.181 15.089 32.700 14.573
228 10 1 33.180 15.166 32.700 14.651
229 10 1 33.169 15.243 32.689 14.728
230 10 1 33.159 15.321 32.678 14.806
231 10 1 33.158 15.369 32.678 14.854
232 10 1 33.148 15.389 32.668 14.873
233 10 1 33.138 15.408 32.658 14.893
234 10 1 33.138 15.447 32.657 14.931
235 10 1 33.128 15.495 32.647 14.980
236 10 1 33.127 15.563 32.646 15.048
237 10 1 33.126 15.631 32.646 15.116
238 10 1 33.116 15.698 32.635 15.183
239 10 1 33.105 15.757 32.625 15.241
240 10 1 33.075 15.815 32.595 15.299
241 10 1 33.026 15.863 32.546 15.348
242 10 1 32.996 15.921 32.516 15.406
243 10 1 32.996 15.979 32.515 15.464
244 10 1 32.995 16.047 32.515 15.532
245 10 1 33.004 16.105 32.524 15.590
246 10 1 33.023 16.144 32.543 15.629
247 10 1 33.032 16.173 32.552 15.658
248 10 1 33.052 16.183 32.571 15.667
249 10 1 33.061 16.212 32.581 15.697
250 10 1 33.041 16.241 32.561 15.726
251 10 1 33.012 16.279 32.531 15.764
252 10 1 32.982 16.337 32.502 15.822
253 10 1 32.952 16.415 32.471 15.900
254 10 1 32.932 16.482 32.451 15.967
255 10 1 32.921 16.541 32.441 16.025
256 10 1 32.901 16.618 32.421 16.103
257 10 1 32.900 16.686 32.420 16.171
258 10 1 32.899 16.773 32.419 16.258
259 10 1 32.889 16.850 32.408 16.335
260 10 1 32.878 16.918 32.398 16.403
261 10 1 32.878 16.957 32.397 16.442
262 10 1 32.868 16.986 32.387 16.471
263 10 1 32.858 17.005 32.377 16.490
264 10 1 32.848 17.034 32.367 16.519
265 10 1 32.838 17.073 32.357 16.558
266 10 1 32.827 17.121 32.347 16.607
267 10 1 32.836 17.180 32.356 16.665
268 10 1 32.836 17.228 32.355 16.713
269 10 1 32.816 17.286 32.335 16.771
270 10 1 32.796 17.335 32.315 16.820
271 10 1 32.785 17.383 32.305 16.868
272 10 1 32.775 17.422 32.295 16.907
273 10 1 32.804 17.461 32.323 16.946
274 10 1 32.814 17.480 32.333 16.965
275 10 1 32.813 17.509 32.333 16.994
276 10 1 32.793 17.557 32.313 17.043
277 10 1 32.773 17.606 32.293 17.091
278 10 1 32.763 17.664 32.282 17.149
279 10 1 32.772 17.703 32.292 17.188
280 10 1 32.772 17.732 32.291 17.217
281 10 1 32.791 17.751 32.310 17.236
282 10 1 32.801 17.771 32.320 17.256
283 10 1 32.800 17.819 32.319 17.304
284 10 1 32.790 17.877 32.309 17.362
285 10 1 32.779 17.955 32.298 17.440
286 10 1 32.778 18.042 32.297 17.527
287 10 1 32.777 18.110 32.297 17.595
288 10 1 32.796 18.158 32.316 17.643
289 10 1 32.796 18.207 32.315 17.692
290 10 1 32.795 18.226 32.315 17.711
291 10 1 32.785 18.245 32.305 17.731
292 10 1 32.785 18.284 32.304 17.769
293 10 1 32.784 18.332 32.304 17.818
294 10 1 32.774 18.381 32.294 17.866
295 10 1 32.774 18.429 32.293 17.915
296 10 1 32.754 18.468 32.273 17.953
297 10 1 32.734 18.497 32.253 17.982
298 10 1 32.714 18.526 32.234 18.012
299 10 1 32.714 18.565 32.233 18.050
300 10 1 32.704 18.604 32.223 18.089
301 10 1 32.703 18.642 32.222 18.128
302 10 1 32.703 18.671 32.222 18.157
303 10 1 32.702 18.720 32.222 18.205
304 10 1 32.721 18.797 32.240 18.283
305 10 1 32.740 18.865 32.259 18.351
306 10 1 32.749 18.933 32.268 18.419
307 10 1 32.748 18.972 32.267 18.457
308 10 1 32.758 18.982 32.277 18.467
309 10 1 32.758 18.982 32.277 18.467
310 10 1 32.758 18.991 32.277 18.477
311 10 1 32.757 19.001 32.277 18.487
312 10 1 32.757 19.020 32.277 18.506
313 10 1 32.767 19.049 32.286 18.535
314 10 1 32.757 19.069 32.276 18.554
315 10 1 32.747 19.078 32.266 18.564
316 10 1 32.737 19.108 32.256 18.593
317 10 1 32.717 19.137 32.236 18.622
318 10 1 32.688 19.166 32.207 18.651
319 10 1 32.668 19.204 32.187 18.690
320 10 1 32.648 19.243 32.167 18.729
321 10 1 32.657 19.272 32.176 18.758
322 10 1 32.657 19.292 32.176 18.777
323 10 1 32.647 19.311 32.166 18.797
324 10 1 32.647 19.311 32.166 18.797
325 10 1 32.628 19.311 32.147 18.796
326 10 1 32.627 19.321 32.147 18.806
327 10 1 32.637 19.330 32.156 18.816
328 10 1 32.647 19.340 32.166 18.826
329 10 1 32.666 19.350 32.185 18.835
330 10 1 32.676 19.350 32.195 18.835
331 10 1 32.676 19.350 32.195 18.835
332 10 1 32.676 19.350 32.195 18.835
333 10 1 32.685 19.369 32.205 18.855
334 10 1 32.705 19.379 32.224 18.864
335 10 1 32.714 19.398 32.233 18.884
336 10 1 32.714 19.418 32.233 18.903
337 10 1 32.714 19.437 32.233 18.923
338 10 1 32.704 19.456 32.223 18.942
339 10 1 32.713 19.466 32.233 18.952
340 10 1 32.713 19.466 32.233 18.952
341 10 1 32.713 19.466 32.233 18.952
342 10 1 32.704 19.466 32.223 18.952
343 10 1 32.703 19.476 32.223 18.961
344 10 1 32.694 19.476 32.213 18.961
345 10 1 32.694 19.476 32.213 18.961
346 10 1 32.684 19.485 32.203 18.971
347 10 1 32.664 19.485 32.184 18.971
348 10 1 32.664 19.485 32.184 18.971
349 10 1 32.655 19.485 32.174 18.971
350 10 1 32.655 19.476 32.174 18.961
351 10 1 32.655 19.476 32.174 18.961
352 10 1 32.635 19.476 32.155 18.961
353 10 1 32.626 19.476 32.145 18.961
354 10 1 32.626 19.485 32.145 18.971
355 10 1 32.626 19.476 32.145 18.961
356 10 1 32.626 19.476 32.145 18.961
357 10 1 32.616 19.466 32.135 18.952
358 10 1 32.606 19.456 32.126 18.942
359 10 1 32.597 19.456 32.116 18.942
360 10 1 32.587 19.456 32.106 18.942
361 10 1 32.587 19.456 32.106 18.942
362 10 1 32.587 19.456 32.106 18.942
363 10 1 32.587 19.456 32.106 18.942
364 10 1 32.587 19.446 32.106 18.932
365 10 1 32.587 19.446 32.106 18.932
366 10 1 32.587 19.437 32.106 18.922
367 10 1 32.587 19.437 32.106 18.922
368 10 1 32.587 19.437 32.106 18.922
369 10 1 32.597 19.437 32.116 18.922
370 10 1 32.597 19.437 32.116 18.922
371 10 1 32.607 19.437 32.126 18.922
372 10 1 32.607 19.427 32.126 18.913
373 10 1 32.607 19.427 32.126 18.913
374 10 1 32.607 19.427 32.126 18.913
375 10 1 32.607 19.427 32.126 18.913
376 10 1 32.607 19.437 32.126 18.922
377 10 1 32.616 19.437 32.136 18.922
378 10 1 32.616 19.447 32.136 18.932
379 10 1 32.616 19.447 32.136 18.932
380 10 1 32.616 19.437 32.136 18.922
381 10 1 32.607 19.437 32.126 18.922
382 10 1 32.607 19.427 32.126 18.913
383 10 1 32.597 19.427 32.116 18.913
384 10 1 32.597 19.417 32.116 18.903
385 10 1 32.607 19.417 32.126 18.903
386 10 1 32.607 19.417 32.126 18.903
387 10 1 32.607 19.417 32.126 18.903
388 10 1 32.607 19.408 32.126 18.893
389 10 1 32.607 19.408 32.126 18.893
390 10 1 32.607 19.408 32.126 18.893
391 10 1 32.607 19.408 32.126 18.893
392 10 1 32.597 19.408 32.117 18.893
393 10 1 32.597 19.408 32.117 18.893
394 10 1 32.597 19.398 32.117 18.884
395 10 1 32.597 19.398 32.117 18.884
396 10 1 32.597 19.398 32.117 18.884
397 10 1 32.607 19.398 32.126 18.884
398 10 1 32.607 19.398 32.126 18.884
399 10 1 32.607 19.398 32.126 18.884
400 10 1 32.607 19.398 32.126 18.884
401 10 1 32.607 19.408 32.126 18.893
402 10 1 32.607 19.408 32.126 18.893
403 10 1 32.617 19.398 32.136 18.884
404 10 1 32.617 19.398 32.136 18.884
405 10 1 32.617 19.398 32.136 18.884
406 10 1 32.617 19.388 32.136 18.874
407 10 1 32.617 19.398 32.136 18.884
408 10 1 32.617 19.398 32.136 18.884
409 10 1 32.617 19.398 32.136 18.884
410 10 1 32.617 19.398 32.136 18.884
411 10 1 32.617 19.408 32.136 18.893
412 10 1 32.607 19.408 32.126 18.893
413 10 1 32.607 19.408 32.126 18.893
414 10 1 32.597 19.398 32.117 18.884
415 10 1 32.588 19.388 32.107 18.874
416 10 1 32.578 19.379 32.097 18.864
417 10 1 32.569 19.369 32.088 18.855
418 10 1 32.569 19.369 32.088 18.855
419 10 1 32.569 19.369 32.088 18.855
420 10 1 32.569 19.369 32.088 18.855
421 10 1 32.569 19.369 32.088 18.855
422 10 1 32.569 19.369 32.088 18.855
423 10 1 32.549 19.359 32.068 18.845
424 10 1 32.520 19.359 32.039 18.845
425 10 1 32.510 19.359 32.029 18.845
426 10 1 32.510 19.359 32.029 18.845
427 10 1 32.520 19.359 32.039 18.845
428 10 1 32.530 19.359 32.049 18.845
429 10 1 32.530 19.359 32.049 18.845
430 10 1 32.500 19.369 32.020 18.854
1 12 1 33.912 20.010 33.065 19.341
2 12 1 33.913 20.000 33.065 19.331
3 12 1 33.903 19.981 33.055 19.311
4 12 1 33.903 19.971 33.056 19.302
5 12 1 33.903 19.952 33.056 19.282
6 12 1 33.894 19.932 33.046 19.263
7 12 1 33.904 19.932 33.056 19.263
8 12 1 33.923 19.932 33.075 19.263
9 12 1 33.943 19.923 33.095 19.253
10 12 1 33.952 19.913 33.105 19.244
11 12 1 33.953 19.894 33.105 19.224
12 12 1 33.953 19.855 33.105 19.186
13 12 1 33.944 19.806 33.096 19.137
14 12 1 33.945 19.739 33.097 19.069
15 12 1 33.945 19.661 33.098 18.992
16 12 1 33.946 19.593 33.099 18.924
17 12 1 33.947 19.555 33.099 18.885
18 12 1 33.947 19.516 33.100 18.846
19 12 1 33.937 19.506 33.090 18.837
20 12 1 33.928 19.487 33.080 18.817
21 12 1 33.928 19.458 33.081 18.788
22 12 1 33.929 19.438 33.081 18.769
23 12 1 33.909 19.429 33.062 18.759
24 12 1 33.890 19.409 33.042 18.740
25 12 1 33.881 19.390 33.033 18.720
26 12 1 33.891 19.351 33.043 18.682
27 12 1 33.901 19.303 33.053 18.633
28 12 1 33.921 19.264 33.073 18.595
29 12 1 33.911 19.245 33.064 18.575
30 12 1 33.902 19.235 33.054 18.565
31 12 1 33.911 19.235 33.064 18.565
32 12 1 33.922 19.196 33.074 18.527
33 12 1 33.932 19.148 33.084 18.478
34 12 1 33.932 19.090 33.085 18.420
35 12 1 33.914 19.041 33.066 18.372
36 12 1 33.895 18.974 33.047 18.304
37 12 1 33.876 18.916 33.029 18.246
38 12 1 33.877 18.848 33.029 18.178
39 12 1 33.887 18.799 33.040 18.129
40 12 1 33.897 18.751 33.050 18.081
41 12 1 33.898 18.732 33.050 18.062
42 12 1 33.898 18.703 33.050 18.033
43 12 1 33.898 18.693 33.050 18.023
44 12 1 33.888 18.683 33.041 18.013
45 12 1 33.889 18.673 33.041 18.004
46 12 1 33.889 18.654 33.041 17.984
47 12 1 33.879 18.644 33.032 17.974
48 12 1 33.870 18.615 33.022 17.945
49 12 1 33.870 18.586 33.023 17.916
50 12 1 33.861 18.538 33.013 17.868
51 12 1 33.872 18.460 33.024 17.790
52 12 1 33.872 18.383 33.025 17.713
53 12 1 33.883 18.306 33.035 17.635
54 12 1 33.884 18.228 33.036 17.558
55 12 1 33.894 18.151 33.047 17.480
56 12 1 33.905 18.083 33.057 17.413
57 12 1 33.906 18.015 33.058 17.345
58 12 1 33.896 17.967 33.049 17.296
59 12 1 33.897 17.938 33.049 17.267
60 12 1 33.897 17.918 33.049 17.248
61 12 1 33.907 17.909 33.059 17.238
62 12 1 33.917 17.899 33.069 17.229
63 12 1 33.917 17.880 33.069 17.209
64 12 1 33.898 17.870 33.050 17.200
65 12 1 33.898 17.850 33.050 17.180
66 12 1 33.888 17.841 33.041 17.170
67 12 1 33.889 17.802 33.041 17.132
68 12 1 33.889 17.754 33.042 17.083
69 12 1 33.900 17.686 33.052 17.016
70 12 1 33.930 17.599 33.082 16.928
71 12 1 33.960 17.512 33.112 16.841
72 12 1 33.980 17.434 33.133 16.764
73 12 1 33.991 17.376 33.143 16.706
74 12 1 33.981 17.318 33.134 16.648
75 12 1 33.982 17.279 33.134 16.609
76 12 1 33.982 17.260 33.135 16.590
77 12 1 33.982 17.250 33.135 16.580
78 12 1 34.002 17.231 33.154 16.561
79 12 1 34.021 17.212 33.174 16.541
80 12 1 34.031 17.192 33.184 16.522
81 12 1 34.041 17.163 33.194 16.493
82 12 1 34.042 17.134 33.194 16.464
83 12 1 34.042 17.105 33.195 16.435
84 12 1 34.052 17.076 33.205 16.406
85 12 1 34.053 17.038 33.205 16.367
86 12 1 34.053 16.980 33.206 16.309
87 12 1 34.064 16.892 33.217 16.222
88 12 1 34.075 16.786 33.228 16.115
89 12 1 34.076 16.689 33.229 16.018
90 12 1 34.096 16.612 33.249 15.941
91 12 1 34.097 16.554 33.250 15.883
92 12 1 34.097 16.515 33.250 15.844
93 12 1 34.098 16.486 33.250 15.815
94 12 1 34.098 16.467 33.251 15.796
95 12 1 34.108 16.447 33.260 15.776
96 12 1 34.118 16.438 33.270 15.767
97 12 1 34.128 16.409 33.280 15.738
98 12 1 34.147 16.389 33.300 15.719
99 12 1 34.157 16.351 33.310 15.680
100 12 1 34.168 16.312 33.320 15.641
101 12 1 34.168 16.293 33.321 15.622
102 12 1 34.168 16.264 33.321 15.593
103 12 1 34.168 16.225 33.321 15.554
104 12 1 34.169 16.167 33.322 15.496
105 12 1 34.199 16.070 33.352 15.399
106 12 1 34.230 15.973 33.382 15.302
107 12 1 34.250 15.896 33.403 15.225
108 12 1 34.280 15.838 33.433 15.167
109 12 1 34.280 15.809 33.433 15.138
110 12 1 34.280 15.780 33.433 15.109
111 12 1 34.271 15.761 33.424 15.090
112 12 1 34.261 15.741 33.414 15.070
113 12 1 34.252 15.722 33.405 15.051
114 12 1 34.252 15.693 33.405 15.022
115 12 1 34.262 15.645 33.415 14.973
116 12 1 34.263 15.606 33.416 14.935
117 12 1 34.273 15.567 33.426 14.896
118 12 1 34.273 15.528 33.426 14.857
119 12 1 34.264 15.490 33.417 14.818
120 12 1 34.265 15.422 33.418 14.751
121 12 1 34.275 15.354 33.428 14.683
122 12 1 34.286 15.258 33.439 14.586
123 12 1 34.297 15.161 33.450 14.489
124 12 1 34.298 15.083 33.451 14.412
125 12 1 34.298 15.025 33.451 14.354
126 12 1 34.309 14.977 33.462 14.305
127 12 1 34.319 14.958 33.472 14.286
128 12 1 34.319 14.938 33.472 14.267
129 12 1 34.309 14.929 33.462 14.257
130 12 1 34.300 14.909 33.453 14.238
131 12 1 34.290 14.880 33.443 14.209
132 12 1 34.281 14.851 33.434 14.179
133 12 1 34.281 14.803 33.434 14.131
134 12 1 34.282 14.754 33.435 14.083
135 12 1 34.282 14.716 33.435 14.044
136 12 1 34.283 14.677 33.436 14.005
137 12 1 34.283 14.638 33.436 13.966
138 12 1 34.304 14.571 33.457 13.899
139 12 1 34.314 14.503 33.467 13.831
140 12 1 34.325 14.416 33.478 13.744
141 12 1 34.335 14.358 33.488 13.686
142 12 1 34.336 14.309 33.489 13.638
143 12 1 34.336 14.280 33.489 13.609
144 12 1 34.365 14.261 33.518 13.589
145 12 1 34.365 14.251 33.518 13.580
146 12 1 34.375 14.242 33.528 13.570
147 12 1 34.385 14.223 33.538 13.551
148 12 1 34.385 14.184 33.539 13.512
149 12 1 34.396 14.135 33.549 13.464
150 12 1 34.416 14.087 33.569 13.415
151 12 1 34.426 14.010 33.579 13.338
152 12 1 34.427 13.942 33.580 13.270
153 12 1 34.428 13.874 33.581 13.202
154 12 1 34.409 13.826 33.562 13.154
155 12 1 34.390 13.748 33.543 13.076
156 12 1 34.372 13.652 33.525 12.979
157 12 1 34.383 13.555 33.536 12.883
158 12 1 34.413 13.478 33.566 12.805
159 12 1 34.433 13.439 33.586 12.767
160 12 1 34.433 13.449 33.586 12.776
161 12 1 34.423 13.449 33.576 12.776
162 12 1 34.413 13.429 33.567 12.757
163 12 1 34.394 13.410 33.547 12.738
164 12 1 34.385 13.381 33.538 12.708
165 12 1 34.366 13.352 33.519 12.679
166 12 1 34.356 13.323 33.509 12.650
167 12 1 34.347 13.284 33.500 12.611
168 12 1 34.348 13.235 33.501 12.563
169 12 1 34.339 13.177 33.492 12.505
170 12 1 34.310 13.109 33.463 12.437
171 12 1 34.292 13.042 33.445 12.369
172 12 1 34.292 12.974 33.445 12.301
173 12 1 34.293 12.916 33.446 12.243
174 12 1 34.313 12.838 33.466 12.166
175 12 1 34.333 12.781 33.486 12.108
176 12 1 34.324 12.742 33.477 12.069
177 12 1 34.324 12.713 33.477 12.040
178 12 1 34.305 12.703 33.458 12.030
179 12 1 34.286 12.693 33.439 12.021
180 12 1 34.276 12.674 33.429 12.001
181 12 1 34.267 12.654 33.420 11.982
182 12 1 34.267 12.625 33.420 11.953
183 12 1 34.277 12.587 33.430 11.914
184 12 1 34.278 12.548 33.431 11.875
185 12 1 34.268 12.509 33.421 11.837
186 12 1 34.259 12.451 33.412 11.778
187 12 1 34.260 12.383 33.413 11.711
188 12 1 34.270 12.325 33.423 11.653
189 12 1 34.271 12.248 33.424 11.575
190 12 1 34.263 12.161 33.416 11.488
191 12 1 34.264 12.074 33.417 11.401
192 12 1 34.255 11.987 33.408 11.314
193 12 1 34.265 11.919 33.418 11.246
194 12 1 34.285 11.890 33.438 11.217
195 12 1 34.285 11.880 33.438 11.207
196 12 1 34.275 11.880 33.429 11.207
197 12 1 34.256 11.871 33.409 11.198
198 12 1 34.227 11.861 33.380 11.188
199 12 1 34.198 11.822 33.351 11.149
200 12 1 34.199 11.783 33.352 11.110
201 12 1 34.190 11.725 33.343 11.052
202 12 1 34.190 11.667 33.343 10.994
203 12 1 34.182 11.590 33.335 10.916
204 12 1 34.182 11.532 33.335 10.858
205 12 1 34.183 11.473 33.336 10.800
206 12 1 34.203 11.435 33.356 10.762
207 12 1 34.203 11.387 33.356 10.713
208 12 1 34.223 11.329 33.376 10.655
209 12 1 34.234 11.261 33.387 10.588
210 12 1 34.235 11.193 33.388 10.520
211 12 1 34.245 11.164 33.398 10.491
212 12 1 34.235 11.135 33.388 10.462
213 12 1 34.226 11.125 33.379 10.452
214 12 1 34.206 11.116 33.359 10.442
215 12 1 34.197 11.096 33.350 10.423
216 12 1 34.187 11.077 33.340 10.403
217 12 1 34.188 11.057 33.341 10.384
218 12 1 34.198 11.019 33.351 10.345
0 12 1 33.922 20.029 33.074 19.360
219 12 1 34.198 10.970 33.351 10.297
220 12 1 34.218 10.903 33.371 10.229
221 12 1 34.249 10.806 33.402 10.133
222 12 1 34.279 10.719 33.432 10.046
223 12 1 34.289 10.652 33.442 9.978
224 12 1 34.290 10.594 33.443 9.920
225 12 1 34.281 10.545 33.434 9.872
226 12 1 34.281 10.487 33.434 9.814
227 12 1 34.301 10.429 33.455 9.756
228 12 1 34.312 10.391 33.465 9.717
229 12 1 34.321 10.372 33.475 9.698
230 12 1 34.331 10.362 33.484 9.688
231 12 1 34.322 10.352 33.475 9.678
232 12 1 34.312 10.323 33.465 9.649
233 12 1 34.303 10.284 33.456 9.611
234 12 1 34.284 10.255 33.437 9.581
235 12 1 34.275 10.216 33.428 9.543
236 12 1 34.275 10.168 33.428 9.494
237 12 1 34.286 10.091 33.439 9.417
238 12 1 34.287 9.994 33.440 9.320
239 12 1 34.288 9.907 33.441 9.233
240 12 1 34.279 9.849 33.432 9.175
241 12 1 34.269 9.820 33.423 9.146
242 12 1 34.280 9.781 33.433 9.107
243 12 1 34.280 9.733 33.433 9.059
244 12 1 34.300 9.675 33.453 9.001
245 12 1 34.320 9.636 33.473 8.962
246 12 1 34.340 9.607 33.493 8.933
247 12 1 34.350 9.598 33.503 8.924
248 12 1 34.340 9.588 33.493 8.914
249 12 1 34.340 9.559 33.493 8.885
250 12 1 34.321 9.520 33.474 8.846
251 12 1 34.293 9.491 33.446 8.817
252 12 1 34.264 9.442 33.417 8.768
253 12 1 34.255 9.384 33.408 8.710
254 12 1 34.256 9.307 33.409 8.633
255 12 1 34.257 9.201 33.410 8.526
256 12 1 34.258 9.104 33.411 8.429
257 12 1 34.249 9.055 33.402 8.381
258 12 1 34.240 9.017 33.393 8.342
259 12 1 34.240 8.988 33.393 8.313
260 12 1 34.260 8.939 33.413 8.265
261 12 1 34.280 8.882 33.433 8.207
262 12 1 34.300 8.853 33.453 8.178
263 12 1 34.319 8.843 33.472 8.169
264 12 1 34.319 8.843 33.472 8.169
265 12 1 34.319 8.824 33.473 8.149
266 12 1 34.310 8.775 33.463 8.101
267 12 1 34.301 8.717 33.454 8.043
268 12 1 34.312 8.640 33.465 7.965
269 12 1 34.322 8.572 33.475 7.898
270 12 1 34.333 8.495 33.486 7.820
271 12 1 34.343 8.408 33.497 7.733
272 12 1 34.344 8.321 33.498 7.646
273 12 1 34.345 8.263 33.498 7.588
274 12 1 34.326 8.224 33.479 7.549
275 12 1 34.317 8.214 33.470 7.540
276 12 1 34.307 8.214 33.460 7.540
277 12 1 34.317 8.176 33.470 7.501
278 12 1 34.337 8.118 33.490 7.443
279 12 1 34.357 8.070 33.510 7.395
280 12 1 34.367 8.041 33.520 7.366
281 12 1 34.367 8.012 33.521 7.337
282 12 1 34.358 8.002 33.511 7.327
283 12 1 34.339 7.973 33.492 7.298
284 12 1 34.329 7.924 33.483 7.249
285 12 1 34.330 7.866 33.483 7.191
286 12 1 34.311 7.818 33.465 7.143
287 12 1 34.312 7.760 33.465 7.085
288 12 1 34.303 7.711 33.456 7.036
289 12 1 34.313 7.634 33.467 6.959
290 12 1 34.353 7.547 33.506 6.872
291 12 1 34.422 7.471 33.575 6.796
292 12 1 34.461 7.432 33.615 6.757
293 12 1 34.491 7.404 33.644 6.728
294 12 1 34.491 7.375 33.644 6.699
295 12 1 34.492 7.317 33.645 6.641
296 12 1 34.492 7.268 33.646 6.593
297 12 1 34.492 7.249 33.646 6.574
298 12 1 34.483 7.239 33.636 6.564
299 12 1 34.483 7.239 33.636 6.564
300 12 1 34.483 7.220 33.636 6.545
301 12 1 34.483 7.181 33.637 6.506
302 12 1 34.494 7.133 33.647 6.458
303 12 1 34.514 7.075 33.667 6.400
304 12 1 34.524 7.017 33.677 6.342
305 12 1 34.515 6.940 33.669 6.264
306 12 1 34.516 6.862 33.670 6.187
307 12 1 34.507 6.804 33.660 6.129
308 12 1 34.508 6.756 33.661 6.080
309 12 1 34.508 6.698 33.662 6.022
310 12 1 34.499 6.649 33.652 5.974
311 12 1 34.509 6.611 33.663 5.935
312 12 1 34.509 6.591 33.663 5.916
313 12 1 34.529 6.572 33.682 5.897
314 12 1 34.539 6.553 33.692 5.878
315 12 1 34.539 6.505 33.693 5.829
316 12 1 34.530 6.476 33.684 5.800
317 12 1 34.530 6.456 33.684 5.781
318 12 1 34.511 6.408 33.665 5.732
319 12 1 34.512 6.359 33.665 5.684
320 12 1 34.513 6.301 33.666 5.626
321 12 1 34.523 6.243 33.676 5.568
322 12 1 34.543 6.166 33.697 5.491
323 12 1 34.563 6.089 33.717 5.413
324 12 1 34.574 6.002 33.728 5.326
325 12 1 34.585 5.925 33.738 5.249
326 12 1 34.576 5.877 33.729 5.201
327 12 1 34.586 5.848 33.739 5.172
328 12 1 34.605 5.828 33.759 5.153
329 12 1 34.615 5.800 33.769 5.124
330 12 1 34.625 5.771 33.779 5.095
331 12 1 34.626 5.742 33.779 5.066
332 12 1 34.626 5.713 33.780 5.037
333 12 1 34.626 5.703 33.780 5.027
334 12 1 34.617 5.684 33.770 5.008
335 12 1 34.617 5.655 33.770 4.979
336 12 1 34.627 5.597 33.781 4.921
337 12 1 34.638 5.529 33.791 4.853
338 12 1 34.667 5.471 33.821 4.795
339 12 1 34.678 5.423 33.831 4.747
340 12 1 34.688 5.385 33.841 4.709
341 12 1 34.708 5.327 33.862 4.651
342 12 1 34.718 5.250 33.872 4.573
343 12 1 34.709 5.182 33.863 4.506
344 12 1 34.691 5.133 33.844 4.457
345 12 1 34.672 5.085 33.825 4.409
346 12 1 34.682 5.065 33.835 4.389
347 12 1 34.711 5.046 33.865 4.370
348 12 1 34.711 5.027 33.865 4.351
349 12 1 34.711 5.017 33.865 4.341
350 12 1 34.702 4.998 33.856 4.322
351 12 1 34.702 4.979 33.856 4.302
352 12 1 34.712 4.959 33.866 4.283
353 12 1 34.732 4.921 33.886 4.245
354 12 1 34.762 4.854 33.915 4.177
355 12 1 34.792 4.777 33.945 4.100
356 12 1 34.802 4.719 33.956 4.042
357 12 1 34.802 4.690 33.956 4.013
358 12 1 34.803 4.632 33.957 3.955
359 12 1 34.794 4.574 33.948 3.897
360 12 1 34.814 4.506 33.968 3.830
361 12 1 34.844 4.429 33.998 3.753
362 12 1 34.854 4.371 34.008 3.695
363 12 1 34.845 4.342 33.999 3.666
364 12 1 34.855 4.304 34.009 3.627
365 12 1 34.855 4.284 34.009 3.608
366 12 1 34.865 4.275 34.019 3.598
367 12 1 34.875 4.256 34.029 3.579
368 12 1 34.885 4.236 34.039 3.560
369 12 1 34.885 4.207 34.039 3.531
370 12 1 34.876 4.169 34.030 3.492
371 12 1 34.886 4.120 34.040 3.444
372 12 1 34.906 4.053 34.060 3.376
373 12 1 34.926 3.995 34.080 3.319
374 12 1 34.946 3.937 34.100 3.261
375 12 1 34.937 3.879 34.091 3.203
376 12 1 34.938 3.841 34.092 3.164
377 12 1 34.948 3.812 34.102 3.135
378 12 1 34.967 3.802 34.121 3.126
379 12 1 34.987 3.783 34.141 3.107
380 12 1 35.007 3.745 34.161 3.068
381 12 1 35.017 3.697 34.171 3.020
382 12 1 35.027 3.648 34.181 2.972
383 12 1 35.037 3.610 34.191 2.933
384 12 1 35.037 3.600 34.192 2.923
385 12 1 35.047 3.581 34.201 2.904
386 12 1 35.057 3.552 34.211 2.875
387 12 1 35.067 3.523 34.221 2.846
388 12 1 35.068 3.484 34.222 2.808
389 12 1 35.078 3.436 34.232 2.760
390 12 1 35.079 3.388 34.233 2.711
391 12 1 35.079 3.330 34.233 2.653
392 12 1 35.070 3.282 34.224 2.605
393 12 1 35.080 3.214 34.235 2.537
394 12 1 35.091 3.147 34.245 2.470
395 12 1 35.101 3.079 34.256 2.402
396 12 1 35.092 3.031 34.246 2.354
397 12 1 35.093 3.002 34.247 2.325
398 12 1 35.093 2.992 34.247 2.315
399 12 1 35.083 2.972 34.237 2.295
400 12 1 35.074 2.953 34.228 2.276
401 12 1 35.064 2.924 34.219 2.247
402 12 1 35.035 2.904 34.190 2.227
403 12 1 35.026 2.895 34.180 2.217
404 12 1 35.016 2.875 34.171 2.198
405 12 1 35.017 2.846 34.171 2.169
406 12 1 35.027 2.817 34.181 2.140
407 12 1 35.027 2.769 34.181 2.092
408 12 1 35.018 2.711 34.172 2.034
409 12 1 34.990 2.662 34.144 1.985
410 12 1 34.951 2.613 34.106 1.936
411 12 1 34.933 2.574 34.087 1.897
412 12 1 34.923 2.545 34.077 1.868
413 12 1 34.904 2.555 34.058 1.878
414 12 1 34.894 2.526 34.048 1.848
415 12 1 34.866 2.487 34.020 1.809
416 12 1 34.837 2.438 33.991 1.761
417 12 1 34.838 2.380 33.992 1.703
418 12 1 34.829 2.322 33.983 1.645
419 12 1 34.790 2.302 33.944 1.625
420 12 1 34.771 2.283 33.925 1.605
421 12 1 34.742 2.263 33.896 1.585
422 12 1 34.733 2.253 33.886 1.576
423 12 1 34.723 2.243 33.877 1.566
424 12 1 34.713 2.234 33.867 1.556
425 12 1 34.704 2.224 33.858 1.546
426 12 1 34.685 2.204 33.838 1.527
427 12 1 34.666 2.165 33.819 1.488
428 12 1 34.656 2.136 33.810 1.459
429 12 1 34.637 2.097 33.791 1.420
430 12 1 34.608 2.078 33.762 1.400
