0 0 2 18.044 11.325 15.883 10.425
1 0 2 18.099 11.358 15.838 10.414
2 0 2 18.177 11.336 15.917 10.392
3 0 2 18.232 11.358 15.972 10.414
4 0 2 18.299 11.347 16.039 10.403
5 0 2 18.399 11.347 16.139 10.403
6 0 2 18.455 11.347 16.194 10.403
7 0 2 18.544 11.336 16.283 10.392
8 0 2 18.390 11.247 16.506 10.359
9 0 2 18.479 11.225 16.628 10.359
10 0 2 18.535 11.213 16.728 10.359
11 0 2 18.579 11.236 16.795 10.359
12 0 2 18.545 11.247 16.918 10.336
13 0 2 18.657 11.225 16.929 10.347
14 0 2 18.790 11.247 16.995 10.347
15 0 2 18.912 11.236 17.072 10.381
16 0 2 18.823 11.247 17.128 10.381
17 0 2 18.989 11.258 17.228 10.370
18 0 2 19.123 11.224 17.317 10.381
19 0 2 19.346 11.213 17.428 10.381
20 0 2 19.390 11.224 17.450 10.381
21 0 2 19.490 11.191 17.527 10.392
22 0 2 19.512 11.213 17.594 10.414
23 0 2 19.390 11.213 17.583 10.403
24 0 2 19.700 11.246 17.749 10.436
25 0 2 19.734 11.235 17.904 10.436
26 0 2 19.778 11.258 18.004 10.436
27 0 2 19.945 11.202 18.037 10.447
28 0 2 19.878 11.213 18.082 10.425
29 0 2 20.112 11.202 18.293 10.436
30 0 2 20.089 11.213 18.293 10.436
31 0 2 20.178 11.224 18.381 10.447
32 0 2 20.200 11.213 18.404 10.436
33 0 2 20.377 11.257 18.648 10.436
34 0 2 20.522 11.257 18.681 10.447
35 0 2 20.410 11.335 18.759 10.436
36 0 2 20.632 11.313 18.869 10.458
37 0 2 20.765 11.302 18.947 10.458
38 0 2 20.810 11.268 19.103 10.436
39 0 2 20.998 11.291 19.258 10.447
40 0 2 21.032 11.291 19.302 10.436
41 0 2 21.088 11.257 19.357 10.481
42 0 2 21.121 11.257 19.390 10.481
43 0 2 21.209 11.268 19.479 10.492
44 0 2 21.287 11.257 19.557 10.481
45 0 2 21.387 11.268 19.657 10.492
46 0 2 21.498 11.257 19.768 10.481
47 0 2 21.587 11.268 19.856 10.492
48 0 2 21.675 11.279 19.945 10.503
49 0 2 21.786 11.290 20.055 10.514
50 0 2 21.985 11.290 20.245 10.436
51 0 2 21.964 11.246 20.234 10.469
52 0 2 22.052 11.257 20.322 10.481
53 0 2 22.152 11.268 20.422 10.492
54 0 2 22.384 11.357 20.610 10.492
55 0 2 22.527 11.401 20.820 10.525
56 0 2 22.660 11.412 20.942 10.525
57 0 2 22.704 11.435 20.997 10.547
58 0 2 22.705 11.368 20.997 10.591
59 0 2 22.794 11.379 21.085 10.602
60 0 2 22.883 11.368 21.174 10.591
61 0 2 22.993 11.401 21.284 10.625
62 0 2 23.082 11.390 21.373 10.614
63 0 2 23.170 11.423 21.462 10.647
64 0 2 23.281 11.412 21.572 10.636
65 0 2 23.370 11.423 21.661 10.647
66 0 2 23.480 11.434 21.772 10.658
67 0 2 23.569 11.445 21.860 10.669
68 0 2 23.657 11.457 21.949 10.680
69 0 2 23.768 11.468 22.059 10.691
70 0 2 23.857 11.479 22.148 10.702
71 0 2 23.945 11.490 22.236 10.713
72 0 2 24.056 11.479 22.347 10.702
73 0 2 24.144 11.512 22.435 10.735
74 0 2 24.255 11.501 22.546 10.724
75 0 2 24.344 11.534 22.635 10.758
76 0 2 24.455 11.523 22.745 10.746
77 0 2 24.543 11.556 22.834 10.780
78 0 2 24.654 11.545 22.945 10.769
79 0 2 24.742 11.578 23.033 10.802
80 0 2 24.831 11.567 23.122 10.791
81 0 2 24.941 11.578 23.232 10.802
82 0 2 25.030 11.589 23.321 10.813
83 0 2 25.118 11.600 23.409 10.824
84 0 2 25.229 11.611 23.520 10.835
85 0 2 25.318 11.623 23.608 10.846
86 0 2 25.428 11.634 23.719 10.857
87 0 2 25.517 11.645 23.807 10.868
88 0 2 25.605 11.634 23.896 10.857
89 0 2 25.716 11.645 24.007 10.868
90 0 2 25.827 11.656 24.117 10.879
91 0 2 25.915 11.667 24.206 10.890
92 0 2 26.026 11.656 24.316 10.879
93 0 2 26.114 11.667 24.405 10.890
94 0 2 26.225 11.678 24.515 10.902
95 0 2 26.313 11.689 24.604 10.913
96 0 2 26.402 11.700 24.692 10.924
97 0 2 26.512 11.711 24.803 10.935
98 0 2 26.601 11.722 24.891 10.946
99 0 2 26.689 11.733 24.980 10.957
100 0 2 26.800 11.744 25.090 10.968
101 0 2 26.888 11.755 25.179 10.979
102 0 2 26.999 11.744 25.289 10.968
103 0 2 27.087 11.777 25.378 11.001
104 0 2 27.176 11.766 25.466 10.990
105 0 2 27.287 11.777 25.577 11.001
106 0 2 27.375 11.788 25.665 11.012
107 0 2 27.463 11.799 25.754 11.023
108 0 2 27.574 11.788 25.864 11.012
109 0 2 27.662 11.822 25.952 11.045
110 0 2 27.751 11.810 26.041 11.034
111 0 2 27.839 11.822 26.129 11.045
112 0 2 27.950 11.833 26.240 11.056
113 0 2 28.038 11.844 26.328 11.068
114 0 2 28.149 11.855 26.439 11.079
115 0 2 28.237 11.866 26.527 11.090
116 0 2 28.326 11.855 26.616 11.079
117 0 2 28.436 11.888 26.726 11.112
118 0 2 28.525 11.877 26.815 11.101
119 0 2 28.613 11.888 26.903 11.112
120 0 2 28.724 11.899 27.013 11.123
121 0 2 28.812 11.910 27.102 11.134
122 0 2 28.923 11.921 27.212 11.145
123 0 2 29.011 11.932 27.301 11.156
124 0 2 29.099 11.943 27.389 11.167
125 0 2 29.210 11.954 27.500 11.178
126 0 2 29.298 11.965 27.588 11.189
127 0 2 29.409 11.976 27.698 11.200
128 0 2 29.497 11.965 27.787 11.189
129 0 2 29.586 11.998 27.875 11.222
130 0 2 29.718 12.121 27.676 11.256
131 0 2 29.829 12.120 27.775 11.267
132 0 2 29.939 12.120 27.897 11.245
133 0 2 29.972 12.165 28.162 11.244
134 0 2 30.061 12.176 28.240 11.244
135 0 2 30.094 12.176 28.328 11.233
136 0 2 30.116 12.154 28.383 11.267
137 0 2 30.094 12.098 28.383 11.322
138 0 2 30.182 12.109 28.471 11.333
139 0 2 30.503 12.153 28.593 11.311
140 0 2 30.392 12.109 28.681 11.333
141 0 2 30.481 12.120 28.770 11.344
142 0 2 30.569 12.131 28.858 11.355
143 0 2 30.679 12.120 28.968 11.344
144 0 2 30.746 12.153 29.035 11.377
145 0 2 30.878 12.142 29.167 11.366
146 0 2 30.989 12.153 29.278 11.377
147 0 2 31.055 12.164 29.344 11.388
148 0 2 31.187 12.175 29.476 11.399
149 0 2 31.298 12.164 29.587 11.388
150 0 2 31.364 12.175 29.653 11.399
151 0 2 31.773 12.242 29.929 11.277
152 0 2 31.905 12.230 29.951 11.266
153 0 2 32.005 12.242 30.084 11.299
154 0 2 32.159 12.230 30.128 11.310
155 0 2 32.424 12.219 30.271 11.288
156 0 2 32.877 12.263 29.940 11.233
157 0 2 32.181 12.130 30.470 11.355
158 0 2 32.269 12.141 30.558 11.366
159 0 2 32.380 12.153 30.669 11.377
160 0 2 32.512 12.141 30.801 11.366
161 0 2 33.495 12.318 30.404 11.277
162 0 2 32.611 12.141 30.900 11.366
163 0 2 32.722 12.152 31.011 11.377
164 0 2 32.832 12.141 31.121 11.366
165 0 2 32.942 12.130 31.231 11.355
166 0 2 33.053 12.119 31.342 11.343
167 0 2 33.450 12.274 31.595 11.332
168 0 2 33.483 12.285 31.650 11.299
169 0 2 33.561 12.307 31.772 11.354
170 0 2 33.616 12.318 31.882 11.343
171 0 2 33.671 12.329 31.992 11.365
172 0 2 33.715 12.274 32.124 11.343
173 0 2 33.759 12.196 32.069 11.421
174 0 2 33.869 12.185 32.180 11.410
175 0 2 33.957 12.196 32.268 11.421
176 0 2 34.068 12.185 32.378 11.410
177 0 2 34.200 12.174 32.510 11.398
178 0 2 34.310 12.163 32.621 11.387
179 0 2 34.398 12.152 32.709 11.376
180 0 2 34.508 12.140 32.819 11.365
181 0 2 34.640 12.129 32.951 11.354
182 0 2 34.751 12.118 33.061 11.343
183 0 2 34.861 12.107 33.172 11.332
184 0 2 34.993 12.096 33.304 11.321
185 0 2 35.103 12.085 33.414 11.310
186 0 2 35.191 12.073 33.502 11.299
187 0 2 35.301 12.062 33.612 11.287
188 0 2 35.433 12.029 33.744 11.254
189 0 2 35.565 12.018 33.876 11.243
190 0 2 35.675 12.007 33.986 11.232
191 0 2 35.763 11.996 34.074 11.221
192 0 2 35.873 11.962 34.184 11.188
193 0 2 36.005 11.951 34.316 11.177
194 0 2 36.115 11.940 34.426 11.166
195 0 2 36.203 11.929 34.514 11.154
196 0 2 36.335 11.918 34.646 11.143
197 0 2 36.445 11.907 34.756 11.132
198 0 2 36.577 11.873 34.888 11.099
199 0 2 36.709 11.884 35.020 11.110
200 0 2 36.819 11.851 35.130 11.077
201 0 2 36.929 11.862 35.240 11.088
202 0 2 37.061 11.851 35.372 11.077
203 0 2 37.171 11.840 35.482 11.066
204 0 2 37.248 11.884 35.470 10.922
205 0 2 37.203 11.784 35.515 11.011
206 0 2 37.313 11.773 35.625 10.999
207 0 2 37.423 11.762 35.735 10.988
208 0 2 37.533 11.773 35.845 10.999
209 0 2 37.643 11.762 35.954 10.988
210 0 2 37.753 11.773 36.065 10.999
211 0 2 37.885 11.762 36.196 10.988
212 0 2 37.995 11.773 36.306 10.999
213 0 2 38.105 11.784 36.416 11.010
214 0 2 38.481 11.961 36.724 10.977
215 0 2 38.425 11.850 36.736 11.077
216 0 2 38.855 11.961 36.933 10.999
217 0 2 38.931 11.928 36.977 10.988
218 0 2 38.932 12.005 37.131 10.999
219 0 2 38.865 11.883 37.176 11.110
220 0 2 38.975 11.894 37.286 11.121
221 0 2 39.063 11.906 37.374 11.132
222 0 2 39.416 12.038 37.494 11.054
223 0 2 39.471 12.016 37.669 11.021
224 0 2 39.525 12.005 37.790 11.010
225 0 2 39.603 12.038 37.867 11.010
226 0 2 39.568 11.905 37.879 11.132
227 0 2 39.678 11.916 37.989 11.143
228 0 2 39.788 11.927 38.099 11.154
229 0 2 39.920 11.938 38.231 11.165
230 0 2 40.030 11.949 38.341 11.176
231 0 2 40.140 11.938 38.450 11.165
232 0 2 40.272 11.971 38.583 11.198
233 0 2 40.382 11.960 38.692 11.187
234 0 2 40.492 11.971 38.802 11.198
235 0 2 40.624 11.982 38.934 11.209
236 0 2 40.734 11.993 39.044 11.220
237 0 2 41.175 12.159 39.220 11.253
238 0 2 41.197 12.181 39.330 11.253
239 0 2 41.097 12.093 39.407 11.319
240 0 2 41.207 12.104 39.517 11.330
241 0 2 41.317 12.093 39.627 11.319
242 0 2 41.449 12.104 39.759 11.330
243 0 2 41.558 12.093 39.869 11.319
244 0 2 41.690 12.104 40.000 11.330
245 0 2 41.800 12.115 40.110 11.341
246 0 2 41.932 12.126 40.242 11.352
247 0 2 42.064 12.114 40.374 11.341
248 0 2 42.174 12.125 40.484 11.352
249 0 2 42.283 12.136 40.593 11.363
250 0 2 42.415 12.147 40.725 11.374
251 0 2 42.525 12.158 40.835 11.385
252 0 2 42.657 12.169 40.967 11.396
253 0 2 42.767 12.158 41.076 11.385
254 0 2 42.876 12.169 41.186 11.396
255 0 2 43.218 12.258 41.491 11.208
256 0 2 43.183 12.114 41.492 11.341
257 0 2 43.524 12.213 41.722 11.274
258 0 2 43.481 12.258 41.842 11.252
259 0 2 43.635 12.302 42.039 11.219
260 0 2 43.745 12.291 42.127 11.252
261 0 2 43.952 12.246 42.127 11.230
262 0 2 43.852 12.125 42.194 11.352
263 0 2 43.972 12.136 42.315 11.363
264 0 2 44.093 12.147 42.436 11.374
265 0 2 44.214 12.136 42.556 11.363
266 0 2 44.499 12.169 42.774 11.285
267 0 2 44.454 12.113 42.797 11.340
268 0 2 44.773 12.168 42.894 11.263
269 0 2 44.651 12.102 42.994 11.329
270 0 2 44.772 12.091 43.114 11.318
271 0 2 44.870 12.102 43.213 11.329
272 0 2 44.991 12.091 43.333 11.318
273 0 2 45.111 12.102 43.454 11.329
274 0 2 45.232 12.091 43.574 11.318
275 0 2 45.352 12.102 43.695 11.329
276 0 2 45.495 12.091 43.837 11.318
277 0 2 45.791 12.113 44.023 11.307
278 0 2 45.724 12.091 44.067 11.318
279 0 2 45.845 12.079 44.187 11.307
280 0 2 45.943 12.068 44.286 11.296
281 0 2 46.086 12.079 44.428 11.307
282 0 2 46.184 12.068 44.526 11.296
283 0 2 46.305 12.079 44.647 11.307
284 0 2 46.425 12.068 44.767 11.296
285 0 2 46.545 12.057 44.887 11.285
286 0 2 46.643 12.046 44.986 11.274
287 0 2 46.786 12.057 45.128 11.285
288 0 2 46.906 12.046 45.248 11.274
289 0 2 47.411 12.156 45.292 11.251
290 0 2 47.445 12.189 45.477 11.229
291 0 2 47.685 12.145 45.631 11.273
292 0 2 47.687 12.233 45.838 11.207
293 0 2 47.849 12.156 45.849 11.251
294 0 2 47.958 12.156 45.893 11.251
295 0 2 48.111 12.123 45.949 11.284
296 0 2 48.176 12.089 45.971 11.295
297 0 2 47.891 12.078 46.233 11.306
298 0 2 47.989 12.067 46.332 11.295
299 0 2 48.472 12.144 46.495 11.273
300 0 2 48.604 12.155 46.670 11.273
301 0 2 48.659 12.178 46.757 11.240
302 0 2 48.844 12.144 46.932 11.240
303 0 2 48.700 12.078 47.042 11.306
304 0 2 48.821 12.089 47.163 11.317
305 0 2 48.919 12.078 47.261 11.306
306 0 2 49.061 12.089 47.403 11.317
307 0 2 49.182 12.100 47.524 11.328
308 0 2 49.750 12.100 47.566 11.284
309 0 2 49.707 12.144 47.686 11.262
310 0 2 49.773 12.155 47.784 11.251
311 0 2 49.904 12.166 47.894 11.262
312 0 2 50.068 12.144 48.014 11.273
313 0 2 50.178 12.177 48.199 11.262
314 0 2 50.276 12.166 48.243 11.262
315 0 2 50.461 12.166 48.353 11.273
316 0 2 50.484 12.177 48.440 11.262
317 0 2 50.582 12.177 48.527 11.262
318 0 2 50.713 12.176 48.604 11.284
319 0 2 50.833 12.187 48.747 11.306
320 0 2 50.602 12.121 48.944 11.350
321 0 2 50.723 12.132 49.065 11.361
322 0 2 50.821 12.143 49.163 11.372
323 0 2 50.942 12.154 49.283 11.383
324 0 2 51.063 12.187 49.404 11.416
325 0 2 51.183 12.198 49.525 11.427
326 0 2 51.303 12.209 49.645 11.438
327 0 2 51.424 12.220 49.765 11.449
328 0 2 51.523 12.253 49.865 11.482
329 0 2 51.643 12.264 49.985 11.493
330 0 2 51.743 12.297 50.084 11.526
331 0 2 51.863 12.308 50.204 11.537
332 0 2 51.983 12.319 50.325 11.548
333 0 2 52.104 12.330 50.445 11.559
334 0 2 52.926 12.451 50.045 11.305
335 0 2 52.192 12.352 50.533 11.581
336 0 2 52.312 12.363 50.653 11.592
337 0 2 52.432 12.374 50.774 11.603
338 0 2 52.553 12.407 50.895 11.636
339 0 2 52.674 12.440 51.015 11.669
340 0 2 52.795 12.473 51.136 11.702
341 0 2 52.873 12.507 51.214 11.735
342 0 2 52.917 12.540 51.269 11.768
343 0 2 52.973 12.573 51.336 11.801
344 0 2 53.029 12.606 51.402 11.834
345 0 2 53.074 12.661 51.458 11.889
346 0 2 53.119 12.694 51.514 11.922
348 0 2 52.976 12.683 51.382 11.911
349 0 2 52.977 12.694 51.394 11.922
350 0 2 52.966 12.683 51.393 11.911
351 0 2 52.977 12.694 51.415 11.922
352 0 2 52.976 12.683 51.426 11.911
353 0 2 52.999 12.716 51.460 11.944
354 0 2 52.976 12.683 51.448 11.911
355 0 2 52.966 12.694 51.448 11.922
356 0 2 52.954 12.661 51.447 11.889
357 0 2 52.965 12.650 51.469 11.878
358 0 2 52.953 12.639 51.468 11.867
359 0 2 52.954 12.650 51.480 11.878
360 0 2 52.942 12.639 51.479 11.867
361 0 2 52.943 12.650 51.490 11.878
362 0 2 52.931 12.639 51.490 11.867
363 0 2 52.932 12.650 51.501 11.878
364 0 2 52.921 12.639 51.501 11.867
365 0 2 52.921 12.650 51.512 11.878
366 0 2 52.921 12.639 51.523 11.867
367 0 2 52.921 12.650 51.534 11.878
368 0 2 52.910 12.639 51.534 11.867
369 0 2 52.910 12.650 51.545 11.878
370 0 2 52.899 12.639 51.545 11.867
371 0 2 52.899 12.650 51.556 11.878
372 0 2 52.899 12.639 51.567 11.867
373 0 2 52.898 12.628 51.577 11.856
374 0 2 52.887 12.617 51.577 11.845
375 0 2 52.898 12.606 51.598 11.834
377 0 2 52.854 12.595 51.554 11.823
378 0 2 52.864 12.584 51.565 11.812
379 0 2 52.864 12.573 51.565 11.801
380 0 2 52.864 12.584 51.565 11.812
381 0 2 52.853 12.573 51.554 11.801
382 0 2 52.854 12.606 51.555 11.834
383 0 2 52.854 12.595 51.554 11.823
384 0 2 52.854 12.606 51.555 11.834
385 0 2 52.865 12.595 51.565 11.823
386 0 2 52.854 12.606 51.555 11.834
387 0 2 52.865 12.595 51.565 11.823
388 0 2 52.865 12.606 51.566 11.834
389 0 2 52.865 12.595 51.565 11.823
390 0 2 52.854 12.606 51.555 11.834
391 0 2 52.865 12.595 51.565 11.823
392 0 2 52.854 12.606 51.555 11.834
393 0 2 52.865 12.595 51.565 11.823
394 0 2 52.865 12.606 51.566 11.834
395 0 2 52.865 12.595 51.565 11.823
396 0 2 52.854 12.606 51.555 11.834
397 0 2 52.865 12.595 51.565 11.823
398 0 2 52.854 12.606 51.555 11.834
399 0 2 52.865 12.595 51.565 11.823
400 0 2 52.865 12.606 51.566 11.834
401 0 2 52.865 12.595 51.565 11.823
402 0 2 52.865 12.606 51.566 11.834
403 0 2 52.865 12.595 51.565 11.823
404 0 2 52.865 12.606 51.566 11.834
405 0 2 52.865 12.595 51.565 11.823
406 0 2 52.865 12.606 51.566 11.834
407 0 2 52.865 12.595 51.565 11.823
408 0 2 52.865 12.606 51.566 11.834
409 0 2 52.865 12.595 51.565 11.823
410 0 2 52.865 12.606 51.566 11.834
411 0 2 52.865 12.595 51.565 11.823
412 0 2 52.865 12.606 51.566 11.834
413 0 2 52.865 12.595 51.565 11.823
414 0 2 52.865 12.606 51.566 11.834
415 0 2 52.865 12.595 51.565 11.823
416 0 2 52.865 12.606 51.566 11.834
417 0 2 52.865 12.595 51.565 11.823
0 1 2 17.814 9.295 15.944 8.532
1 1 2 17.869 9.317 15.911 8.521
2 1 2 17.935 9.306 15.978 8.510
3 1 2 17.980 9.273 16.023 8.477
4 1 2 18.047 9.262 16.089 8.466
5 1 2 18.136 9.262 16.178 8.466
6 1 2 18.203 9.240 16.245 8.444
7 1 2 18.270 9.207 16.312 8.411
8 1 2 18.359 9.196 16.401 8.400
9 1 2 18.425 9.185 16.468 8.389
10 1 2 18.492 9.174 16.535 8.378
11 1 2 18.669 9.163 16.712 8.367
12 1 2 18.647 9.152 16.690 8.356
13 1 2 18.714 9.119 16.757 8.323
14 1 2 18.737 9.119 16.779 8.323
15 1 2 18.892 9.097 16.935 8.301
16 1 2 18.980 9.108 17.023 8.312
17 1 2 19.047 9.075 17.090 8.279
18 1 2 19.114 9.064 17.157 8.268
19 1 2 19.203 9.053 17.246 8.257
20 1 2 19.280 9.064 17.323 8.268
21 1 2 19.358 9.031 17.401 8.235
22 1 2 19.424 9.042 17.467 8.246
23 1 2 19.502 9.031 17.545 8.235
24 1 2 19.602 9.020 17.645 8.224
25 1 2 19.691 9.009 17.734 8.213
26 1 2 19.757 9.020 17.800 8.224
27 1 2 19.824 8.987 17.867 8.191
28 1 2 19.934 8.998 17.977 8.202
29 1 2 19.990 8.987 18.033 8.191
30 1 2 20.089 8.976 18.133 8.180
31 1 2 20.178 8.965 18.221 8.169
32 1 2 20.267 8.976 18.310 8.180
33 1 2 20.355 8.965 18.398 8.169
34 1 2 20.444 8.954 18.487 8.159
35 1 2 20.521 8.943 18.565 8.148
36 1 2 20.621 8.954 18.664 8.159
37 1 2 20.710 8.943 18.753 8.148
38 1 2 20.798 8.954 18.841 8.159
39 1 2 20.886 8.943 18.930 8.148
40 1 2 20.975 8.932 19.018 8.137
41 1 2 21.053 8.921 19.096 8.126
42 1 2 21.152 8.932 19.195 8.137
43 1 2 21.241 8.921 19.284 8.126
44 1 2 21.329 8.932 19.372 8.137
45 1 2 21.418 8.921 19.461 8.126
46 1 2 21.506 8.932 19.549 8.137
47 1 2 21.583 8.943 19.626 8.148
48 1 2 21.682 8.954 19.726 8.159
49 1 2 21.793 8.943 19.837 8.148
50 1 2 21.859 8.954 19.903 8.159
51 1 2 21.970 8.943 20.013 8.148
52 1 2 22.025 8.954 20.069 8.160
53 1 2 22.136 8.966 20.179 8.171
54 1 2 22.235 8.977 20.278 8.182
55 1 2 22.323 8.966 20.367 8.171
56 1 2 22.412 8.977 20.455 8.182
57 1 2 22.500 8.966 20.544 8.171
58 1 2 22.589 8.977 20.632 8.182
59 1 2 22.666 8.966 20.709 8.171
60 1 2 22.765 8.977 20.809 8.182
61 1 2 22.876 8.966 20.919 8.171
62 1 2 22.975 8.977 21.019 8.182
63 1 2 23.052 8.988 21.096 8.193
64 1 2 23.163 8.999 21.206 8.204
65 1 2 23.229 8.988 21.272 8.193
66 1 2 23.339 9.021 21.382 8.226
67 1 2 23.395 9.010 21.438 8.215
68 1 2 23.505 9.021 21.548 8.227
69 1 2 23.604 9.032 21.647 8.238
70 1 2 23.692 9.043 21.736 8.249
71 1 2 23.781 9.032 21.824 8.238
72 1 2 23.869 9.043 21.912 8.249
73 1 2 23.957 9.055 22.001 8.260
74 1 2 24.057 9.066 22.100 8.271
75 1 2 24.178 9.077 22.221 8.282
76 1 2 24.233 9.088 22.276 8.293
77 1 2 24.343 9.099 22.386 8.304
78 1 2 24.443 9.110 22.486 8.315
79 1 2 24.531 9.121 22.574 8.326
80 1 2 24.619 9.132 22.662 8.337
81 1 2 24.707 9.143 22.750 8.348
82 1 2 24.818 9.154 22.861 8.360
83 1 2 24.917 9.165 22.960 8.371
84 1 2 24.994 9.176 23.037 8.382
85 1 2 25.104 9.187 23.147 8.393
86 1 2 25.182 9.198 23.224 8.404
87 1 2 25.281 9.187 23.324 8.393
88 1 2 25.369 9.221 23.412 8.426
89 1 2 25.468 9.210 23.511 8.415
90 1 2 25.590 9.221 23.632 8.426
91 1 2 25.645 9.232 23.687 8.437
92 1 2 25.777 9.243 23.820 8.448
93 1 2 25.876 9.232 23.919 8.437
94 1 2 25.965 9.243 24.007 8.448
95 1 2 26.053 9.254 24.095 8.459
96 1 2 26.163 9.265 24.206 8.470
97 1 2 26.218 9.254 24.261 8.459
98 1 2 26.329 9.265 24.371 8.471
99 1 2 26.428 9.276 24.470 8.482
100 1 2 26.516 9.287 24.559 8.493
101 1 2 26.604 9.276 24.647 8.482
102 1 2 26.714 9.287 24.757 8.493
103 1 2 26.825 9.276 24.867 8.482
104 1 2 26.891 9.287 24.933 8.493
105 1 2 27.023 9.276 25.066 8.482
106 1 2 27.111 9.287 25.154 8.493
107 1 2 27.200 9.276 25.242 8.482
108 1 2 27.310 9.287 25.352 8.493
109 1 2 27.365 9.276 25.408 8.482
110 1 2 27.475 9.287 25.518 8.493
111 1 2 27.574 9.276 25.617 8.482
112 1 2 27.663 9.265 25.705 8.471
113 1 2 27.751 9.254 25.794 8.460
114 1 2 27.861 9.266 25.904 8.471
115 1 2 27.971 9.255 26.014 8.460
116 1 2 28.038 9.244 26.080 8.450
117 1 2 28.170 9.233 26.213 8.439
118 1 2 28.258 9.244 26.301 8.450
119 1 2 28.346 9.233 26.389 8.439
120 1 2 28.456 9.222 26.499 8.428
121 1 2 28.511 9.211 26.554 8.417
122 1 2 28.622 9.200 26.664 8.406
123 1 2 28.721 9.189 26.764 8.395
124 1 2 28.798 9.200 26.841 8.406
125 1 2 28.897 9.167 26.940 8.373
126 1 2 29.007 9.178 27.050 8.384
127 1 2 29.117 9.167 27.160 8.373
128 1 2 29.205 9.156 27.248 8.362
129 1 2 29.293 9.145 27.336 8.351
130 1 2 29.382 9.134 27.425 8.340
131 1 2 29.481 9.123 27.524 8.329
132 1 2 29.602 9.134 27.645 8.340
133 1 2 29.657 9.123 27.700 8.329
134 1 2 29.789 9.112 27.832 8.319
135 1 2 29.888 9.101 27.931 8.308
136 1 2 29.965 9.090 28.008 8.297
137 1 2 29.855 9.068 27.766 8.307
138 1 2 29.800 9.079 27.821 8.297
139 1 2 29.899 9.079 27.920 8.297
140 1 2 29.998 9.057 28.019 8.275
141 1 2 30.075 9.057 28.096 8.275
142 1 2 30.196 9.057 28.217 8.275
143 1 2 30.273 9.035 28.294 8.253
144 1 2 30.372 9.035 28.393 8.253
145 1 2 30.471 9.035 28.492 8.253
146 1 2 30.570 9.013 28.592 8.231
147 1 2 30.647 9.013 28.669 8.231
148 1 2 30.768 9.013 28.790 8.231
149 1 2 30.845 8.991 28.867 8.209
150 1 2 30.944 8.991 28.966 8.209
151 1 2 31.043 8.991 29.065 8.209
152 1 2 31.142 8.991 29.164 8.209
153 1 2 31.219 8.991 29.240 8.209
154 1 2 31.318 8.969 29.339 8.188
155 1 2 31.417 8.969 29.438 8.188
156 1 2 31.516 8.969 29.537 8.188
157 1 2 31.593 8.969 29.614 8.188
158 1 2 31.692 8.970 29.713 8.188
159 1 2 31.791 8.970 29.812 8.188
160 1 2 31.890 8.970 29.911 8.188
161 1 2 31.966 8.970 29.988 8.188
162 1 2 32.065 8.970 30.087 8.188
163 1 2 32.164 8.970 30.186 8.188
164 1 2 32.263 8.970 30.285 8.188
165 1 2 32.340 8.970 30.362 8.188
166 1 2 32.439 8.970 30.461 8.188
167 1 2 32.538 8.970 30.559 8.188
168 1 2 32.637 8.970 30.658 8.188
169 1 2 32.714 8.970 30.735 8.188
170 1 2 32.812 8.970 30.834 8.189
171 1 2 32.911 8.970 30.933 8.189
172 1 2 33.010 8.970 31.032 8.189
173 1 2 33.087 8.970 31.109 8.189
174 1 2 33.186 8.970 31.208 8.189
175 1 2 33.263 8.970 31.284 8.189
176 1 2 33.384 8.970 31.405 8.189
177 1 2 33.460 8.970 31.482 8.189
178 1 2 33.559 8.970 31.581 8.189
179 1 2 33.658 8.970 31.680 8.189
180 1 2 33.757 8.970 31.779 8.189
181 1 2 33.834 8.970 31.855 8.189
182 1 2 33.933 8.970 31.954 8.189
183 1 2 34.031 8.971 32.053 8.189
184 1 2 34.130 8.971 32.152 8.189
185 1 2 34.207 8.971 32.229 8.189
186 1 2 34.328 8.971 32.349 8.189
187 1 2 34.405 8.971 32.426 8.190
188 1 2 34.503 8.971 32.525 8.190
189 1 2 34.580 8.971 32.602 8.190
190 1 2 34.701 8.971 32.723 8.190
191 1 2 34.778 8.971 32.799 8.190
192 1 2 34.876 8.971 32.898 8.190
193 1 2 34.975 8.971 32.997 8.190
194 1 2 35.074 8.971 33.096 8.190
195 1 2 35.151 8.971 33.172 8.190
196 1 2 35.271 8.971 33.293 8.190
197 1 2 35.348 8.993 33.370 8.212
198 1 2 35.447 8.993 33.469 8.212
199 1 2 35.524 8.993 33.545 8.212
200 1 2 35.644 8.993 33.666 8.212
201 1 2 35.721 9.015 33.743 8.234
202 1 2 35.820 9.015 33.842 8.234
203 1 2 35.919 9.015 33.940 8.234
204 1 2 36.017 9.015 34.039 8.234
205 1 2 36.094 9.037 34.116 8.256
206 1 2 36.215 9.037 34.237 8.257
207 1 2 36.292 9.037 34.313 8.257
208 1 2 36.390 9.059 34.412 8.279
209 1 2 36.489 9.059 34.511 8.279
210 1 2 36.588 9.060 34.609 8.279
211 1 2 36.665 9.082 34.686 8.301
212 1 2 36.785 9.082 34.807 8.301
213 1 2 36.862 9.082 34.884 8.301
214 1 2 36.961 9.082 34.982 8.301
215 1 2 37.059 9.104 35.081 8.323
216 1 2 37.158 9.104 35.180 8.323
217 1 2 37.257 9.104 35.278 8.323
218 1 2 37.355 9.104 35.377 8.323
219 1 2 37.432 9.126 35.454 8.345
220 1 2 37.553 9.126 35.574 8.345
221 1 2 37.630 9.148 35.651 8.367
222 1 2 37.750 9.148 35.772 8.367
223 1 2 37.827 9.170 35.849 8.389
224 1 2 37.948 9.170 35.969 8.389
225 1 2 38.024 9.170 36.046 8.389
226 1 2 38.145 9.192 36.166 8.411
227 1 2 38.222 9.192 36.243 8.411
228 1 2 38.342 9.214 36.364 8.433
229 1 2 38.419 9.214 36.440 8.433
230 1 2 38.518 9.236 36.539 8.455
231 1 2 38.616 9.236 36.638 8.456
232 1 2 38.715 9.258 36.736 8.478
233 1 2 38.814 9.258 36.835 8.478
234 1 2 38.913 9.280 36.934 8.500
235 1 2 39.011 9.302 37.033 8.522
236 1 2 39.110 9.302 37.131 8.522
237 1 2 39.209 9.324 37.230 8.544
238 1 2 39.308 9.346 37.329 8.566
239 1 2 39.406 9.346 37.427 8.566
240 1 2 39.505 9.368 37.526 8.588
241 1 2 39.604 9.390 37.625 8.610
242 1 2 39.702 9.390 37.723 8.610
243 1 2 39.779 9.412 37.800 8.632
244 1 2 39.900 9.434 37.921 8.654
245 1 2 39.976 9.434 37.997 8.654
246 1 2 40.097 9.456 38.118 8.676
247 1 2 40.174 9.478 38.195 8.698
248 1 2 40.295 9.500 38.315 8.720
249 1 2 40.371 9.500 38.392 8.720
250 1 2 40.492 9.522 38.513 8.742
251 1 2 40.569 9.544 38.589 8.764
252 1 2 40.690 9.566 38.710 8.786
253 1 2 40.766 9.589 38.787 8.808
254 1 2 40.887 9.611 38.908 8.830
255 1 2 40.964 9.633 38.984 8.852
256 1 2 41.085 9.655 39.105 8.874
257 1 2 41.162 9.677 39.182 8.896
258 1 2 41.260 9.699 39.281 8.918
259 1 2 41.359 9.721 39.379 8.940
260 1 2 41.458 9.743 39.478 8.962
261 1 2 41.557 9.765 39.577 8.984
262 1 2 41.656 9.787 39.676 9.006
263 1 2 41.733 9.809 39.752 9.028
264 1 2 41.853 9.831 39.873 9.050
265 1 2 41.930 9.875 39.950 9.094
266 1 2 42.051 9.897 40.071 9.116
267 1 2 42.128 9.919 40.148 9.138
268 1 2 42.249 9.941 40.268 9.160
269 1 2 42.326 9.985 40.346 9.204
270 1 2 42.425 10.007 40.444 9.226
271 1 2 42.524 10.029 40.543 9.248
272 1 2 42.623 10.073 40.642 9.292
273 1 2 42.700 10.095 40.719 9.314
274 1 2 42.820 10.117 40.840 9.336
275 1 2 42.920 10.161 40.939 9.380
276 1 2 43.018 10.183 41.037 9.402
277 1 2 43.118 10.227 41.136 9.446
278 1 2 43.216 10.249 41.235 9.468
279 1 2 43.316 10.293 41.334 9.512
280 1 2 43.414 10.315 41.433 9.534
281 1 2 43.514 10.359 41.532 9.578
282 1 2 43.613 10.381 41.631 9.600
283 1 2 43.712 10.425 41.730 9.644
284 1 2 43.811 10.447 41.829 9.666
285 1 2 43.910 10.491 41.928 9.710
286 1 2 44.009 10.535 42.027 9.754
287 1 2 44.108 10.557 42.126 9.776
288 1 2 44.207 10.601 42.225 9.820
289 1 2 44.306 10.645 42.324 9.864
290 1 2 44.405 10.667 42.423 9.886
291 1 2 44.504 10.711 42.522 9.930
292 1 2 44.626 10.755 42.643 9.974
293 1 2 44.703 10.777 42.720 9.996
294 1 2 44.824 10.822 42.841 10.040
295 1 2 44.901 10.844 42.918 10.062
296 1 2 45.022 10.888 43.039 10.106
297 1 2 45.121 10.932 43.138 10.150
298 1 2 45.220 10.954 43.237 10.172
299 1 2 45.319 10.998 43.336 10.216
300 1 2 45.418 11.020 43.435 10.238
301 1 2 45.518 11.064 43.534 10.282
302 1 2 45.616 11.086 43.633 10.304
303 1 2 45.716 11.130 43.732 10.348
304 1 2 45.837 11.174 43.853 10.392
305 1 2 45.936 11.196 43.952 10.414
306 1 2 46.057 11.240 44.073 10.458
307 1 2 46.156 11.262 44.172 10.480
308 1 2 46.255 11.306 44.271 10.524
309 1 2 46.355 11.350 44.371 10.568
310 1 2 46.453 11.372 44.469 10.590
311 1 2 46.553 11.417 44.569 10.634
312 1 2 46.652 11.461 44.668 10.678
313 1 2 46.752 11.505 44.767 10.722
314 1 2 46.872 11.527 44.888 10.744
315 1 2 46.972 11.571 44.987 10.788
316 1 2 47.093 11.615 45.108 10.833
317 1 2 47.192 11.637 45.207 10.855
318 1 2 47.291 11.681 45.306 10.899
319 1 2 47.390 11.703 45.405 10.921
320 1 2 47.490 11.747 45.505 10.965
321 1 2 47.589 11.769 45.603 10.987
322 1 2 47.710 11.813 45.725 11.031
323 1 2 47.809 11.858 45.824 11.075
324 1 2 47.908 11.880 45.923 11.097
325 1 2 48.008 11.924 46.022 11.141
326 1 2 48.128 11.946 46.143 11.163
327 1 2 48.228 11.990 46.242 11.207
328 1 2 48.327 12.012 46.341 11.229
329 1 2 48.426 12.056 46.440 11.273
330 1 2 48.548 12.100 46.562 11.317
331 1 2 48.625 12.122 46.639 11.339
332 1 2 48.746 12.166 46.760 11.383
333 1 2 48.823 12.188 46.837 11.405
334 1 2 48.944 12.233 46.958 11.450
335 1 2 49.021 12.255 47.035 11.472
336 1 2 49.143 12.299 47.156 11.516
337 1 2 49.242 12.343 47.256 11.560
338 1 2 49.341 12.365 47.355 11.582
339 1 2 49.441 12.409 47.454 11.626
340 1 2 49.540 12.431 47.553 11.648
341 1 2 49.639 12.475 47.652 11.692
342 1 2 49.739 12.520 47.752 11.736
343 1 2 49.838 12.542 47.851 11.758
344 1 2 49.937 12.586 47.950 11.802
345 1 2 50.036 12.608 48.049 11.824
346 1 2 50.136 12.652 48.148 11.868
348 1 2 50.334 12.718 48.347 11.935
349 1 2 50.434 12.762 48.446 11.979
350 1 2 50.533 12.807 48.546 12.023
351 1 2 50.611 12.829 48.623 12.045
352 1 2 50.732 12.873 48.744 12.089
353 1 2 50.809 12.895 48.821 12.111
354 1 2 50.931 12.939 48.942 12.155
355 1 2 51.008 12.983 49.020 12.199
356 1 2 51.107 13.005 49.119 12.221
357 1 2 51.207 13.049 49.219 12.266
358 1 2 51.307 13.094 49.318 12.310
359 1 2 51.406 13.116 49.417 12.332
360 1 2 51.505 13.160 49.516 12.376
361 1 2 51.605 13.204 49.616 12.420
362 1 2 51.704 13.226 49.715 12.442
363 1 2 51.782 13.270 49.793 12.486
364 1 2 51.881 13.315 49.892 12.530
365 1 2 51.980 13.337 49.991 12.553
366 1 2 52.080 13.381 50.091 12.597
367 1 2 52.157 13.403 50.168 12.619
368 1 2 52.257 13.447 50.267 12.663
369 1 2 52.356 13.491 50.367 12.707
370 1 2 52.455 13.513 50.466 12.729
371 1 2 52.533 13.558 50.543 12.773
372 1 2 52.633 13.602 50.643 12.818
373 1 2 52.733 13.646 50.743 12.862
374 1 2 52.832 13.690 50.842 12.906
375 1 2 52.888 13.712 50.897 12.928
377 1 2 52.978 13.801 51.009 13.016
378 1 2 53.011 13.823 51.054 13.039
379 1 2 53.056 13.868 51.109 13.083
380 1 2 53.101 13.912 51.165 13.127
381 1 2 53.136 13.956 51.210 13.171
382 1 2 53.181 14.000 51.266 13.215
383 1 2 53.225 14.023 51.322 13.238
384 1 2 53.269 14.045 51.377 13.260
385 1 2 53.314 14.067 51.432 13.282
386 1 2 53.347 14.089 51.476 13.304
387 1 2 53.392 14.111 51.532 13.326
388 1 2 53.436 14.133 51.587 13.348
389 1 2 53.481 14.155 51.642 13.370
390 1 2 53.525 14.178 51.698 13.392
392 1 2 53.197 14.167 51.380 13.381
393 1 2 53.219 14.167 51.413 13.381
394 1 2 53.262 14.167 51.468 13.381
396 1 2 53.065 14.156 51.282 13.370
397 1 2 53.077 14.178 51.304 13.393
398 1 2 53.099 14.178 51.337 13.393
399 1 2 53.088 14.178 51.337 13.393
400 1 2 53.077 14.178 51.337 13.393
401 1 2 53.066 14.178 51.337 13.393
402 1 2 53.055 14.178 51.337 13.393
403 1 2 53.044 14.178 51.337 13.393
404 1 2 53.044 14.178 51.348 13.393
405 1 2 53.033 14.178 51.348 13.393
406 1 2 53.033 14.178 51.359 13.393
407 1 2 53.022 14.178 51.359 13.393
408 1 2 53.022 14.178 51.370 13.393
409 1 2 53.011 14.178 51.370 13.393
410 1 2 53.011 14.178 51.381 13.393
411 1 2 53.000 14.178 51.381 13.393
412 1 2 53.000 14.178 51.391 13.393
413 1 2 52.989 14.178 51.391 13.393
414 1 2 52.989 14.178 51.402 13.393
415 1 2 52.978 14.178 51.402 13.393
416 1 2 52.978 14.178 51.413 13.393
417 1 2 52.967 14.178 51.413 13.393
347 1 2 50.235 12.696 48.248 11.913
376 1 2 52.933 13.757 50.953 12.972
0 2 1 41.404 9.007 40.290 8.337
1 2 1 41.437 9.028 40.268 8.326
2 2 1 41.415 9.028 40.247 8.326
3 2 1 41.393 9.028 40.225 8.326
4 2 1 41.371 9.039 40.203 8.337
5 2 1 41.350 9.050 40.181 8.348
6 2 1 41.317 9.050 40.148 8.348
7 2 1 41.306 9.061 40.138 8.359
8 2 1 41.273 9.072 40.105 8.370
9 2 1 41.251 9.072 40.083 8.370
10 2 1 41.230 9.083 40.061 8.381
11 2 1 41.155 9.193 39.986 8.490
12 2 1 41.165 9.116 39.996 8.414
14 2 1 41.154 9.105 39.985 8.403
15 2 1 41.121 9.116 39.953 8.414
16 2 1 41.110 9.105 39.942 8.403
17 2 1 41.077 9.116 39.909 8.414
18 2 1 41.044 9.105 39.876 8.403
19 2 1 41.012 9.116 39.843 8.413
20 2 1 41.001 9.127 39.832 8.424
21 2 1 40.946 9.138 39.778 8.435
22 2 1 40.935 9.127 39.767 8.424
23 2 1 40.881 9.138 39.712 8.435
24 2 1 40.848 9.127 39.679 8.424
25 2 1 40.793 9.138 39.625 8.435
26 2 1 40.760 9.127 39.592 8.424
27 2 1 40.727 9.138 39.559 8.435
28 2 1 40.695 9.127 39.526 8.424
29 2 1 40.662 9.138 39.494 8.435
30 2 1 40.651 9.127 39.483 8.424
31 2 1 40.596 9.116 39.428 8.413
32 2 1 40.563 9.127 39.395 8.424
33 2 1 40.531 9.138 39.362 8.435
34 2 1 40.520 9.127 39.351 8.424
35 2 1 40.465 9.138 39.297 8.435
36 2 1 40.432 9.127 39.264 8.424
37 2 1 40.399 9.138 39.231 8.435
38 2 1 40.367 9.149 39.199 8.446
39 2 1 40.312 9.160 39.144 8.457
40 2 1 40.279 9.149 39.111 8.446
41 2 1 40.225 9.160 39.057 8.457
42 2 1 40.192 9.171 39.024 8.468
43 2 1 40.159 9.182 38.991 8.479
44 2 1 40.126 9.171 38.958 8.468
45 2 1 40.072 9.182 38.904 8.479
46 2 1 40.061 9.193 38.893 8.490
47 2 1 40.006 9.204 38.838 8.501
48 2 1 39.974 9.215 38.806 8.512
49 2 1 39.941 9.226 38.773 8.523
50 2 1 39.908 9.215 38.740 8.512
51 2 1 39.853 9.226 38.685 8.522
52 2 1 39.820 9.215 38.652 8.511
53 2 1 39.766 9.226 38.598 8.522
54 2 1 39.733 9.215 38.565 8.511
55 2 1 39.678 9.225 38.510 8.522
56 2 1 39.645 9.214 38.477 8.511
57 2 1 39.613 9.225 38.445 8.522
58 2 1 39.580 9.214 38.412 8.511
59 2 1 39.525 9.225 38.357 8.522
60 2 1 39.492 9.214 38.324 8.511
61 2 1 39.459 9.203 38.291 8.500
62 2 1 39.426 9.192 38.258 8.489
63 2 1 39.393 9.203 38.226 8.500
64 2 1 39.360 9.192 38.193 8.489
65 2 1 39.306 9.203 38.138 8.500
66 2 1 39.273 9.192 38.105 8.489
67 2 1 39.240 9.203 38.072 8.500
68 2 1 39.207 9.192 38.039 8.489
69 2 1 39.153 9.203 37.985 8.500
70 2 1 39.120 9.214 37.952 8.511
71 2 1 39.065 9.225 37.897 8.522
72 2 1 39.032 9.214 37.865 8.511
73 2 1 38.978 9.225 37.810 8.522
74 2 1 38.945 9.214 37.777 8.511
75 2 1 38.912 9.225 37.744 8.522
76 2 1 38.879 9.236 37.711 8.533
77 2 1 38.825 9.247 37.657 8.544
78 2 1 38.814 9.258 37.646 8.555
79 2 1 38.759 9.269 37.591 8.566
80 2 1 38.748 9.258 37.580 8.555
81 2 1 38.693 9.269 37.526 8.566
82 2 1 38.661 9.280 37.493 8.577
83 2 1 38.628 9.291 37.460 8.588
84 2 1 38.573 9.280 37.405 8.577
85 2 1 38.540 9.291 37.373 8.588
86 2 1 38.507 9.280 37.340 8.577
87 2 1 38.453 9.291 37.285 8.588
88 2 1 38.420 9.280 37.252 8.577
89 2 1 38.365 9.269 37.197 8.566
90 2 1 38.332 9.258 37.164 8.555
91 2 1 38.299 9.269 37.131 8.566
92 2 1 38.266 9.258 37.099 8.555
93 2 1 38.212 9.269 37.044 8.565
94 2 1 38.200 9.258 37.033 8.554
95 2 1 38.146 9.247 36.978 8.543
96 2 1 38.113 9.236 36.945 8.532
97 2 1 38.058 9.247 36.890 8.543
98 2 1 38.047 9.236 36.879 8.532
99 2 1 37.992 9.247 36.825 8.543
100 2 1 37.959 9.236 36.792 8.532
101 2 1 37.905 9.247 36.737 8.543
102 2 1 37.894 9.258 36.726 8.554
103 2 1 37.839 9.269 36.671 8.565
104 2 1 37.806 9.258 36.639 8.554
105 2 1 37.773 9.269 36.606 8.565
106 2 1 37.740 9.280 36.573 8.576
107 2 1 37.686 9.291 36.518 8.587
108 2 1 37.675 9.302 36.507 8.598
109 2 1 37.620 9.313 36.453 8.609
110 2 1 37.587 9.324 36.420 8.620
111 2 1 37.555 9.335 36.387 8.631
112 2 1 37.522 9.346 36.354 8.642
113 2 1 37.489 9.357 36.322 8.653
114 2 1 37.456 9.368 36.289 8.664
115 2 1 37.424 9.379 36.256 8.675
116 2 1 37.369 9.368 36.201 8.664
117 2 1 37.336 9.379 36.168 8.675
118 2 1 37.303 9.390 36.136 8.686
119 2 1 37.248 9.401 36.081 8.697
120 2 1 37.215 9.390 36.048 8.686
121 2 1 37.183 9.401 36.015 8.697
122 2 1 37.150 9.390 35.982 8.686
123 2 1 37.095 9.401 35.927 8.697
124 2 1 37.084 9.412 35.916 8.708
125 2 1 37.029 9.423 35.862 8.719
126 2 1 36.996 9.412 35.829 8.708
127 2 1 36.963 9.423 35.796 8.719
128 2 1 36.931 9.412 35.763 8.708
129 2 1 36.876 9.423 35.708 8.718
130 2 1 36.843 9.433 35.675 8.729
131 2 1 36.810 9.444 35.643 8.740
132 2 1 36.777 9.455 35.610 8.751
133 2 1 36.723 9.466 35.555 8.762
134 2 1 36.690 9.477 35.522 8.773
135 2 1 36.657 9.488 35.489 8.784
136 2 1 36.624 9.499 35.457 8.795
137 2 1 36.591 9.510 35.424 8.806
138 2 1 36.559 9.521 35.391 8.817
139 2 1 36.504 9.532 35.336 8.828
140 2 1 36.493 9.543 35.325 8.839
141 2 1 36.438 9.554 35.271 8.850
142 2 1 36.427 9.565 35.260 8.861
143 2 1 36.372 9.576 35.205 8.872
144 2 1 36.362 9.587 35.194 8.883
145 2 1 36.307 9.598 35.139 8.894
146 2 1 36.274 9.609 35.106 8.905
147 2 1 36.241 9.620 35.074 8.916
148 2 1 36.208 9.609 35.041 8.905
149 2 1 36.153 9.620 34.986 8.916
150 2 1 36.120 9.609 34.953 8.905
151 2 1 36.087 9.620 34.920 8.916
152 2 1 36.054 9.609 34.887 8.905
153 2 1 36.022 9.620 34.854 8.916
154 2 1 35.989 9.631 34.821 8.927
155 2 1 35.956 9.642 34.788 8.938
156 2 1 35.923 9.631 34.755 8.927
157 2 1 35.890 9.642 34.723 8.938
158 2 1 35.857 9.631 34.690 8.927
159 2 1 35.824 9.642 34.657 8.938
160 2 1 35.791 9.631 34.624 8.927
161 2 1 35.736 9.642 34.569 8.938
162 2 1 35.725 9.631 34.558 8.927
163 2 1 35.671 9.642 34.503 8.938
164 2 1 35.638 9.653 34.470 8.949
165 2 1 35.605 9.664 34.437 8.960
166 2 1 35.572 9.653 34.404 8.949
167 2 1 35.539 9.664 34.372 8.960
168 2 1 35.506 9.675 34.339 8.971
169 2 1 35.473 9.686 34.306 8.982
170 2 1 35.440 9.675 34.273 8.971
171 2 1 35.407 9.686 34.240 8.982
172 2 1 35.397 9.697 34.229 8.993
173 2 1 35.364 9.708 34.196 9.004
174 2 1 35.353 9.697 34.185 8.993
175 2 1 35.320 9.708 34.152 9.004
176 2 1 35.287 9.719 34.119 9.015
177 2 1 35.254 9.730 34.086 9.026
178 2 1 35.221 9.741 34.054 9.037
179 2 1 35.166 9.752 33.999 9.047
180 2 1 35.133 9.741 33.966 9.036
181 2 1 35.100 9.752 33.933 9.047
182 2 1 35.089 9.763 33.922 9.058
183 2 1 35.057 9.774 33.889 9.069
184 2 1 35.046 9.763 33.878 9.058
185 2 1 34.991 9.774 33.823 9.069
186 2 1 34.980 9.785 33.812 9.080
187 2 1 34.947 9.796 33.779 9.091
188 2 1 34.914 9.785 33.746 9.080
189 2 1 34.881 9.796 33.713 9.091
190 2 1 34.848 9.785 33.680 9.080
191 2 1 34.815 9.796 33.648 9.091
192 2 1 34.804 9.807 33.637 9.102
193 2 1 34.771 9.818 33.604 9.113
194 2 1 34.738 9.807 33.571 9.102
195 2 1 34.705 9.818 33.538 9.113
196 2 1 34.672 9.807 33.505 9.102
197 2 1 34.617 9.818 33.450 9.113
198 2 1 34.584 9.807 33.417 9.102
199 2 1 34.530 9.818 33.362 9.113
200 2 1 34.497 9.807 33.329 9.102
201 2 1 34.442 9.796 33.274 9.091
202 2 1 34.409 9.785 33.241 9.080
203 2 1 34.354 9.796 33.186 9.091
204 2 1 34.321 9.785 33.153 9.080
205 2 1 34.288 9.774 33.120 9.069
206 2 1 34.277 9.763 33.109 9.058
207 2 1 34.222 9.774 33.054 9.069
208 2 1 34.211 9.763 33.043 9.058
209 2 1 34.156 9.752 32.988 9.047
210 2 1 34.123 9.741 32.955 9.036
211 2 1 34.090 9.730 32.922 9.025
212 2 1 34.057 9.719 32.889 9.014
213 2 1 34.024 9.708 32.857 9.003
214 2 1 33.969 9.697 32.802 8.992
215 2 1 33.914 9.708 32.747 9.003
216 2 1 33.881 9.697 32.714 8.992
217 2 1 33.826 9.708 32.659 9.003
218 2 1 33.793 9.697 32.626 8.992
219 2 1 33.738 9.686 32.571 8.981
220 2 1 33.705 9.675 32.538 8.970
221 2 1 33.672 9.664 32.505 8.959
222 2 1 33.639 9.653 32.472 8.948
223 2 1 33.606 9.664 32.439 8.959
224 2 1 33.573 9.653 32.406 8.948
225 2 1 33.540 9.664 32.373 8.959
226 2 1 33.507 9.653 32.340 8.948
227 2 1 33.452 9.642 32.285 8.937
228 2 1 33.419 9.631 32.252 8.926
229 2 1 33.364 9.620 32.197 8.915
230 2 1 33.309 9.609 32.142 8.904
231 2 1 33.232 9.598 32.065 8.893
232 2 1 33.199 9.565 32.032 8.860
233 2 1 33.144 9.576 31.977 8.871
234 2 1 33.111 9.565 31.944 8.860
235 2 1 33.056 9.576 31.889 8.871
236 2 1 33.023 9.565 31.856 8.860
237 2 1 32.968 9.576 31.801 8.871
238 2 1 32.957 9.565 31.790 8.860
239 2 1 32.902 9.554 31.736 8.849
240 2 1 32.869 9.543 31.703 8.838
241 2 1 32.814 9.554 31.648 8.848
242 2 1 32.781 9.543 31.615 8.837
243 2 1 32.726 9.554 31.560 8.848
244 2 1 32.693 9.542 31.527 8.837
245 2 1 32.638 9.553 31.472 8.848
246 2 1 32.605 9.542 31.439 8.837
247 2 1 32.550 9.553 31.384 8.848
248 2 1 32.539 9.542 31.373 8.837
249 2 1 32.484 9.553 31.318 8.848
250 2 1 32.451 9.542 31.285 8.837
251 2 1 32.396 9.553 31.230 8.848
252 2 1 32.363 9.542 31.197 8.837
253 2 1 32.330 9.553 31.164 8.848
254 2 1 32.319 9.542 31.153 8.837
255 2 1 32.286 9.553 31.120 8.848
256 2 1 32.253 9.542 31.087 8.837
257 2 1 32.220 9.553 31.054 8.848
258 2 1 32.187 9.542 31.021 8.837
259 2 1 32.154 9.553 30.988 8.848
260 2 1 32.121 9.542 30.955 8.837
261 2 1 32.066 9.553 30.900 8.848
262 2 1 32.033 9.542 30.867 8.837
263 2 1 31.978 9.531 30.812 8.826
264 2 1 31.945 9.498 30.779 8.793
265 2 1 31.890 9.487 30.724 8.782
266 2 1 31.857 9.454 30.691 8.749
267 2 1 31.802 9.443 30.636 8.738
268 2 1 31.769 9.432 30.603 8.727
269 2 1 31.736 9.443 30.570 8.738
270 2 1 31.703 9.432 30.537 8.727
271 2 1 31.670 9.443 30.504 8.738
272 2 1 31.637 9.432 30.471 8.727
273 2 1 31.604 9.443 30.438 8.738
274 2 1 31.571 9.432 30.405 8.727
275 2 1 31.516 9.443 30.350 8.738
276 2 1 31.483 9.432 30.317 8.727
277 2 1 31.428 9.421 30.262 8.716
278 2 1 31.395 9.410 30.229 8.705
279 2 1 31.340 9.421 30.174 8.716
280 2 1 31.307 9.410 30.141 8.705
281 2 1 31.252 9.421 30.086 8.716
282 2 1 31.219 9.410 30.053 8.705
283 2 1 31.164 9.421 29.998 8.716
284 2 1 31.131 9.410 29.965 8.705
285 2 1 31.098 9.421 29.932 8.716
286 2 1 31.065 9.410 29.899 8.705
287 2 1 31.032 9.421 29.866 8.716
288 2 1 30.999 9.432 29.833 8.727
289 2 1 30.966 9.443 29.800 8.738
290 2 1 30.933 9.432 29.767 8.727
291 2 1 30.878 9.443 29.712 8.738
292 2 1 30.845 9.432 29.679 8.727
293 2 1 30.812 9.443 29.646 8.738
294 2 1 30.779 9.432 29.613 8.727
295 2 1 30.724 9.443 29.558 8.737
296 2 1 30.669 9.432 29.503 8.726
297 2 1 30.614 9.421 29.448 8.715
298 2 1 30.581 9.410 29.415 8.704
299 2 1 30.526 9.377 29.360 8.671
300 2 1 30.493 9.366 29.327 8.660
301 2 1 30.438 9.377 29.272 8.671
302 2 1 30.405 9.366 29.239 8.660
303 2 1 30.372 9.377 29.206 8.671
304 2 1 30.339 9.366 29.173 8.660
305 2 1 30.284 9.354 29.118 8.649
306 2 1 30.251 9.365 29.085 8.660
307 2 1 30.196 9.376 29.030 8.671
308 2 1 30.163 9.365 28.997 8.660
309 2 1 30.130 9.376 28.964 8.671
310 2 1 30.097 9.365 28.931 8.660
311 2 1 30.042 9.376 28.876 8.671
312 2 1 30.009 9.365 28.843 8.660
313 2 1 29.954 9.376 28.788 8.671
314 2 1 29.921 9.387 28.755 8.682
315 2 1 29.866 9.398 28.700 8.693
316 2 1 29.832 9.387 28.667 8.682
317 2 1 29.799 9.398 28.634 8.693
318 2 1 29.766 9.409 28.601 8.704
319 2 1 29.711 9.420 28.546 8.715
320 2 1 29.678 9.409 28.513 8.704
321 2 1 29.645 9.420 28.480 8.715
322 2 1 29.612 9.409 28.447 8.704
323 2 1 29.557 9.420 28.392 8.715
324 2 1 29.524 9.409 28.359 8.704
325 2 1 29.491 9.420 28.326 8.715
326 2 1 29.524 9.266 28.360 8.484
327 2 1 29.513 9.233 28.348 8.528
328 2 1 29.480 9.222 28.316 8.517
329 2 1 29.425 9.211 28.261 8.506
330 2 1 29.392 9.200 28.228 8.495
331 2 1 29.337 9.189 28.173 8.484
332 2 1 29.304 9.178 28.140 8.473
333 2 1 29.271 9.167 28.107 8.462
334 2 1 29.238 9.156 28.074 8.451
335 2 1 29.205 9.145 28.041 8.440
336 2 1 29.172 9.134 28.008 8.429
337 2 1 29.117 9.123 27.953 8.418
338 2 1 29.084 9.112 27.920 8.407
339 2 1 29.029 9.101 27.865 8.396
340 2 1 29.018 9.112 27.854 8.407
341 2 1 28.963 9.101 27.799 8.395
342 2 1 28.930 9.112 27.766 8.406
343 2 1 28.875 9.079 27.711 8.373
344 2 1 28.864 9.090 27.700 8.384
345 2 1 28.809 9.078 27.645 8.373
346 2 1 28.776 9.089 27.612 8.384
348 2 1 28.710 9.089 27.546 8.384
349 2 1 28.655 9.100 27.490 8.395
350 2 1 28.644 9.134 27.479 8.428
351 2 1 28.589 9.122 27.424 8.417
352 2 1 28.556 9.133 27.391 8.428
353 2 1 28.523 9.122 27.358 8.417
354 2 1 28.490 9.133 27.325 8.428
355 2 1 28.435 9.122 27.270 8.417
356 2 1 28.401 9.133 27.237 8.428
357 2 1 28.368 9.122 27.204 8.417
358 2 1 28.335 9.133 27.171 8.428
359 2 1 28.280 9.122 27.116 8.417
360 2 1 28.247 9.133 27.083 8.428
361 2 1 28.192 9.122 27.028 8.417
362 2 1 28.159 9.133 26.995 8.428
363 2 1 28.126 9.122 26.962 8.417
364 2 1 28.093 9.111 26.929 8.406
365 2 1 28.038 9.078 26.874 8.373
366 2 1 28.005 9.067 26.841 8.362
367 2 1 27.950 9.034 26.786 8.329
368 2 1 27.917 9.023 26.753 8.318
369 2 1 27.884 9.012 26.720 8.307
370 2 1 27.851 9.023 26.687 8.318
371 2 1 27.818 9.012 26.654 8.307
372 2 1 27.785 9.023 26.621 8.318
373 2 1 27.752 9.012 26.588 8.307
374 2 1 27.719 9.023 26.555 8.318
375 2 1 27.664 9.012 26.500 8.307
377 2 1 27.576 9.012 26.412 8.307
378 2 1 27.543 9.023 26.379 8.318
379 2 1 27.510 9.012 26.346 8.307
380 2 1 27.477 9.001 26.313 8.296
381 2 1 27.422 8.990 26.258 8.285
382 2 1 27.410 9.001 26.247 8.296
383 2 1 27.355 9.012 26.191 8.307
384 2 1 27.344 9.045 26.180 8.340
385 2 1 27.311 9.056 26.147 8.351
386 2 1 27.278 9.067 26.114 8.361
387 2 1 27.245 9.078 26.081 8.372
388 2 1 27.212 9.089 26.048 8.383
389 2 1 27.179 9.078 26.015 8.372
390 2 1 27.146 9.089 25.982 8.383
391 2 1 27.113 9.078 25.949 8.372
392 2 1 27.079 9.089 25.915 8.383
393 2 1 27.046 9.078 25.882 8.372
394 2 1 27.013 9.089 25.849 8.383
395 2 1 26.958 9.078 25.794 8.372
396 2 1 26.925 9.089 25.761 8.383
397 2 1 26.892 9.078 25.728 8.372
398 2 1 26.837 9.067 25.673 8.361
399 2 1 26.804 9.034 25.640 8.328
400 2 1 26.771 9.023 25.607 8.317
401 2 1 26.716 8.990 25.552 8.284
402 2 1 26.705 9.001 25.541 8.295
403 2 1 26.650 8.989 25.486 8.284
404 2 1 26.639 9.000 25.475 8.295
405 2 1 26.584 8.989 25.420 8.284
406 2 1 26.573 9.000 25.409 8.295
407 2 1 26.518 8.989 25.354 8.284
408 2 1 26.507 9.000 25.343 8.295
409 2 1 26.452 8.989 25.288 8.284
410 2 1 26.418 9.000 25.255 8.295
411 2 1 26.363 8.989 25.200 8.284
412 2 1 26.330 9.000 25.167 8.295
413 2 1 26.297 8.989 25.134 8.284
414 2 1 26.264 9.000 25.100 8.295
415 2 1 26.231 8.989 25.067 8.284
416 2 1 26.198 9.000 25.034 8.295
417 2 1 26.165 9.011 25.001 8.306
347 2 1 28.743 9.078 27.579 8.373
376 2 1 27.631 9.023 26.467 8.318
0 3 1 41.088 9.875 39.928 9.094
1 3 1 41.121 9.897 39.906 9.083
2 3 1 41.077 9.908 39.863 9.094
3 3 1 41.078 9.919 39.863 9.105
4 3 1 41.045 9.908 39.830 9.094
5 3 1 41.034 9.919 39.819 9.105
6 3 1 41.001 9.908 39.786 9.094
7 3 1 40.968 9.919 39.753 9.105
8 3 1 40.935 9.908 39.720 9.094
9 3 1 40.924 9.919 39.710 9.105
10 3 1 40.891 9.908 39.677 9.094
11 3 1 40.880 9.919 39.666 9.105
12 3 1 40.847 9.908 39.633 9.094
13 3 1 40.837 9.919 39.622 9.105
14 3 1 40.804 9.907 39.589 9.094
15 3 1 40.793 9.918 39.578 9.105
16 3 1 40.760 9.929 39.546 9.116
17 3 1 40.749 9.941 39.535 9.127
18 3 1 40.716 9.929 39.502 9.116
19 3 1 40.684 9.940 39.469 9.127
20 3 1 40.651 9.929 39.436 9.116
21 3 1 40.618 9.940 39.403 9.127
22 3 1 40.585 9.951 39.371 9.137
23 3 1 40.553 9.962 39.338 9.148
24 3 1 40.520 9.951 39.305 9.137
25 3 1 40.487 9.962 39.272 9.148
26 3 1 40.432 9.973 39.218 9.159
27 3 1 40.421 9.984 39.207 9.170
28 3 1 40.389 9.973 39.174 9.159
29 3 1 40.356 9.984 39.141 9.170
30 3 1 40.323 9.973 39.108 9.159
31 3 1 40.312 9.984 39.097 9.170
32 3 1 40.279 9.973 39.065 9.159
33 3 1 40.246 9.984 39.032 9.170
34 3 1 40.213 9.973 38.999 9.159
35 3 1 40.181 9.984 38.966 9.170
36 3 1 40.148 9.973 38.933 9.159
37 3 1 40.115 9.984 38.900 9.170
38 3 1 40.082 9.973 38.867 9.159
39 3 1 40.049 9.984 38.835 9.170
40 3 1 39.994 9.973 38.780 9.159
41 3 1 39.961 9.984 38.747 9.170
42 3 1 39.928 9.973 38.714 9.159
43 3 1 39.896 9.984 38.681 9.170
44 3 1 39.841 9.973 38.627 9.159
45 3 1 39.808 9.984 38.594 9.170
46 3 1 39.775 9.973 38.561 9.159
47 3 1 39.742 9.984 38.528 9.170
48 3 1 39.709 9.973 38.495 9.159
49 3 1 39.699 9.984 38.484 9.170
50 3 1 39.644 9.973 38.429 9.159
51 3 1 39.633 9.984 38.419 9.170
52 3 1 39.578 9.973 38.364 9.159
53 3 1 39.567 9.984 38.353 9.170
54 3 1 39.512 9.995 38.298 9.181
55 3 1 39.480 10.006 38.265 9.192
56 3 1 39.447 9.995 38.233 9.181
57 3 1 39.414 10.006 38.200 9.192
58 3 1 39.359 9.995 38.145 9.181
59 3 1 39.326 10.006 38.112 9.192
60 3 1 39.272 10.017 38.057 9.203
61 3 1 39.239 10.028 38.025 9.214
62 3 1 39.184 10.017 37.970 9.203
63 3 1 39.173 10.028 37.959 9.214
64 3 1 39.118 10.039 37.904 9.225
65 3 1 39.108 10.050 37.893 9.236
66 3 1 39.053 10.039 37.839 9.225
67 3 1 39.042 10.050 37.828 9.236
68 3 1 38.987 10.039 37.773 9.225
69 3 1 38.954 10.050 37.740 9.236
70 3 1 38.921 10.039 37.707 9.225
71 3 1 38.888 10.050 37.674 9.236
72 3 1 38.855 10.039 37.641 9.225
73 3 1 38.823 10.050 37.609 9.236
74 3 1 38.768 10.039 37.554 9.225
75 3 1 38.735 10.050 37.521 9.236
76 3 1 38.702 10.039 37.488 9.225
77 3 1 38.669 10.050 37.455 9.236
78 3 1 38.614 10.039 37.400 9.225
79 3 1 38.581 10.050 37.367 9.236
80 3 1 38.526 10.039 37.313 9.225
81 3 1 38.494 10.050 37.280 9.236
82 3 1 38.461 10.039 37.247 9.225
83 3 1 38.428 10.050 37.214 9.236
84 3 1 38.395 10.061 37.181 9.247
85 3 1 38.362 10.072 37.148 9.258
86 3 1 38.329 10.061 37.115 9.247
87 3 1 38.296 10.072 37.083 9.258
88 3 1 38.263 10.061 37.050 9.247
89 3 1 38.231 10.072 37.017 9.258
90 3 1 38.176 10.083 36.962 9.269
91 3 1 38.143 10.094 36.929 9.280
92 3 1 38.110 10.083 36.896 9.269
93 3 1 38.077 10.094 36.864 9.280
94 3 1 38.022 10.083 36.809 9.268
95 3 1 37.990 10.094 36.776 9.279
96 3 1 37.935 10.105 36.721 9.290
97 3 1 37.902 10.116 36.688 9.301
98 3 1 37.847 10.105 36.633 9.290
99 3 1 37.814 10.116 36.601 9.301
100 3 1 37.781 10.127 36.568 9.312
101 3 1 37.749 10.138 36.535 9.323
102 3 1 37.716 10.127 36.502 9.312
103 3 1 37.683 10.138 36.469 9.323
104 3 1 37.628 10.127 36.414 9.312
105 3 1 37.617 10.138 36.403 9.323
106 3 1 37.562 10.127 36.349 9.312
107 3 1 37.529 10.138 36.316 9.323
108 3 1 37.474 10.127 36.261 9.312
109 3 1 37.441 10.138 36.228 9.323
110 3 1 37.386 10.127 36.173 9.312
111 3 1 37.354 10.138 36.140 9.323
112 3 1 37.299 10.127 36.085 9.312
113 3 1 37.266 10.138 36.052 9.323
114 3 1 37.233 10.127 36.019 9.312
115 3 1 37.200 10.138 35.987 9.323
116 3 1 37.145 10.127 35.932 9.312
117 3 1 37.134 10.138 35.921 9.323
118 3 1 37.079 10.127 35.866 9.312
119 3 1 37.068 10.138 35.855 9.323
120 3 1 37.013 10.127 35.800 9.312
121 3 1 37.002 10.138 35.789 9.323
122 3 1 36.948 10.127 35.734 9.312
123 3 1 36.915 10.138 35.701 9.323
124 3 1 36.882 10.127 35.668 9.312
125 3 1 36.849 10.138 35.636 9.323
126 3 1 36.794 10.127 35.581 9.312
127 3 1 36.761 10.138 35.548 9.323
128 3 1 36.728 10.149 35.515 9.334
129 3 1 36.695 10.160 35.482 9.345
130 3 1 36.640 10.149 35.427 9.334
131 3 1 36.607 10.160 35.394 9.345
132 3 1 36.553 10.149 35.339 9.334
133 3 1 36.542 10.160 35.328 9.345
134 3 1 36.487 10.171 35.274 9.356
135 3 1 36.476 10.182 35.263 9.367
136 3 1 36.421 10.171 35.208 9.356
137 3 1 36.410 10.182 35.197 9.367
138 3 1 36.377 10.171 35.164 9.356
139 3 1 36.344 10.182 35.131 9.367
140 3 1 36.311 10.171 35.098 9.356
141 3 1 36.278 10.182 35.065 9.367
142 3 1 36.223 10.171 35.010 9.356
143 3 1 36.190 10.182 34.977 9.367
144 3 1 36.157 10.171 34.944 9.356
145 3 1 36.125 10.182 34.911 9.367
146 3 1 36.070 10.171 34.857 9.356
147 3 1 36.037 10.182 34.824 9.367
148 3 1 36.004 10.171 34.791 9.356
149 3 1 35.971 10.182 34.758 9.367
150 3 1 35.916 10.171 34.703 9.356
151 3 1 35.905 10.182 34.692 9.367
152 3 1 35.850 10.171 34.637 9.356
153 3 1 35.839 10.182 34.626 9.367
154 3 1 35.784 10.171 34.571 9.356
155 3 1 35.773 10.182 34.560 9.367
156 3 1 35.740 10.193 34.527 9.378
157 3 1 35.707 10.204 34.494 9.389
158 3 1 35.674 10.193 34.461 9.378
159 3 1 35.641 10.204 34.429 9.389
160 3 1 35.586 10.193 34.374 9.378
161 3 1 35.554 10.204 34.341 9.389
162 3 1 35.521 10.215 34.308 9.400
163 3 1 35.488 10.226 34.275 9.411
164 3 1 35.433 10.215 34.220 9.400
165 3 1 35.400 10.249 34.187 9.433
166 3 1 35.345 10.237 34.132 9.422
167 3 1 35.334 10.249 34.121 9.433
168 3 1 35.279 10.260 34.066 9.444
169 3 1 35.246 10.271 34.033 9.455
170 3 1 35.213 10.260 34.000 9.444
171 3 1 35.180 10.271 33.968 9.455
172 3 1 35.147 10.282 33.935 9.466
173 3 1 35.115 10.293 33.902 9.477
174 3 1 35.081 10.282 33.869 9.466
175 3 1 35.049 10.293 33.836 9.477
176 3 1 35.016 10.304 33.803 9.488
177 3 1 34.983 10.315 33.770 9.499
178 3 1 34.928 10.304 33.715 9.488
179 3 1 34.895 10.315 33.682 9.499
180 3 1 34.862 10.304 33.649 9.488
181 3 1 34.829 10.315 33.616 9.499
182 3 1 34.774 10.326 33.561 9.510
183 3 1 34.741 10.337 33.528 9.521
184 3 1 34.708 10.326 33.495 9.510
185 3 1 34.675 10.337 33.462 9.521
186 3 1 34.642 10.326 33.429 9.510
187 3 1 34.609 10.337 33.396 9.521
188 3 1 34.554 10.348 33.342 9.532
189 3 1 34.543 10.359 33.331 9.543
190 3 1 34.488 10.348 33.276 9.532
191 3 1 34.477 10.359 33.265 9.543
192 3 1 34.444 10.370 33.232 9.554
193 3 1 34.411 10.381 33.199 9.565
194 3 1 34.378 10.370 33.166 9.554
195 3 1 34.345 10.381 33.133 9.565
196 3 1 34.291 10.392 33.078 9.576
197 3 1 34.280 10.403 33.067 9.587
198 3 1 34.225 10.414 33.012 9.598
199 3 1 34.192 10.425 32.979 9.609
200 3 1 34.159 10.414 32.946 9.598
201 3 1 34.126 10.447 32.913 9.631
202 3 1 34.071 10.436 32.858 9.620
203 3 1 34.038 10.447 32.825 9.631
204 3 1 34.005 10.458 32.792 9.642
205 3 1 33.972 10.469 32.759 9.653
206 3 1 33.917 10.480 32.704 9.664
207 3 1 33.906 10.491 32.693 9.675
208 3 1 33.851 10.480 32.638 9.664
209 3 1 33.840 10.491 32.627 9.675
210 3 1 33.785 10.480 32.572 9.664
211 3 1 33.774 10.491 32.561 9.675
212 3 1 33.719 10.480 32.506 9.664
213 3 1 33.686 10.491 32.473 9.675
214 3 1 33.631 10.480 32.418 9.664
215 3 1 33.620 10.491 32.408 9.675
216 3 1 33.565 10.480 32.352 9.664
217 3 1 33.532 10.491 32.320 9.675
218 3 1 33.477 10.480 32.265 9.664
219 3 1 33.444 10.469 32.231 9.653
220 3 1 33.389 10.458 32.176 9.642
221 3 1 33.378 10.469 32.166 9.653
222 3 1 33.323 10.458 32.110 9.642
223 3 1 33.290 10.469 32.078 9.653
224 3 1 33.257 10.436 32.044 9.619
225 3 1 33.224 10.447 32.011 9.630
226 3 1 33.191 10.436 31.978 9.619
227 3 1 33.158 10.425 31.945 9.608
228 3 1 33.103 10.414 31.890 9.597
229 3 1 33.092 10.425 31.879 9.608
230 3 1 33.037 10.414 31.824 9.597
231 3 1 33.004 10.425 31.791 9.608
232 3 1 32.970 10.414 31.758 9.597
233 3 1 32.937 10.425 31.725 9.608
234 3 1 32.882 10.414 31.670 9.597
235 3 1 32.849 10.403 31.637 9.586
236 3 1 32.794 10.392 31.582 9.575
237 3 1 32.761 10.403 31.549 9.586
238 3 1 32.728 10.392 31.516 9.575
239 3 1 32.695 10.381 31.483 9.564
240 3 1 32.640 10.370 31.428 9.553
241 3 1 32.607 10.381 31.395 9.564
242 3 1 32.574 10.370 31.362 9.553
243 3 1 32.541 10.381 31.329 9.564
244 3 1 32.508 10.370 31.296 9.553
245 3 1 32.475 10.359 31.263 9.542
246 3 1 32.442 10.348 31.230 9.531
247 3 1 32.409 10.337 31.197 9.520
248 3 1 32.376 10.326 31.164 9.509
249 3 1 32.343 10.337 31.131 9.520
250 3 1 32.310 10.326 31.098 9.509
251 3 1 32.277 10.337 31.065 9.520
252 3 1 32.222 10.326 31.010 9.509
253 3 1 32.189 10.315 30.977 9.498
254 3 1 32.134 10.304 30.922 9.487
255 3 1 32.123 10.315 30.911 9.498
256 3 1 32.068 10.304 30.856 9.487
257 3 1 32.057 10.293 30.845 9.476
258 3 1 32.002 10.281 30.790 9.465
259 3 1 31.968 10.270 30.757 9.454
260 3 1 31.935 10.259 30.724 9.443
261 3 1 31.902 10.270 30.691 9.454
262 3 1 31.847 10.259 30.636 9.443
263 3 1 31.814 10.270 30.603 9.454
264 3 1 31.781 10.281 30.570 9.465
265 3 1 31.748 10.293 30.537 9.476
266 3 1 31.715 10.281 30.504 9.465
267 3 1 31.682 10.293 30.471 9.476
268 3 1 31.627 10.281 30.416 9.465
269 3 1 31.594 10.315 30.383 9.498
270 3 1 31.539 10.304 30.328 9.487
271 3 1 31.506 10.315 30.295 9.498
272 3 1 31.473 10.326 30.262 9.509
273 3 1 31.440 10.315 30.229 9.498
274 3 1 31.385 10.326 30.174 9.509
275 3 1 31.352 10.337 30.141 9.520
276 3 1 31.297 10.326 30.086 9.509
277 3 1 31.286 10.337 30.075 9.520
278 3 1 31.231 10.326 30.020 9.509
279 3 1 31.220 10.337 30.008 9.520
280 3 1 31.165 10.326 29.953 9.509
281 3 1 31.154 10.337 29.942 9.520
282 3 1 31.121 10.326 29.909 9.509
283 3 1 31.087 10.337 29.876 9.520
284 3 1 31.032 10.326 29.821 9.509
285 3 1 31.021 10.337 29.810 9.520
286 3 1 30.966 10.326 29.755 9.509
287 3 1 30.933 10.337 29.722 9.520
288 3 1 30.878 10.326 29.667 9.509
289 3 1 30.845 10.337 29.634 9.520
290 3 1 30.812 10.326 29.601 9.509
291 3 1 30.779 10.315 29.568 9.498
292 3 1 30.724 10.304 29.513 9.487
293 3 1 30.691 10.315 29.480 9.498
294 3 1 30.636 10.304 29.425 9.487
295 3 1 30.625 10.315 29.414 9.498
296 3 1 30.570 10.304 29.359 9.487
297 3 1 30.537 10.315 29.326 9.498
298 3 1 30.504 10.326 29.293 9.509
299 3 1 30.470 10.337 29.260 9.520
300 3 1 30.437 10.326 29.227 9.509
301 3 1 30.404 10.337 29.193 9.520
302 3 1 30.349 10.326 29.138 9.509
303 3 1 30.316 10.359 29.105 9.542
304 3 1 30.283 10.348 29.072 9.531
305 3 1 30.228 10.359 29.017 9.542
306 3 1 30.173 10.348 28.962 9.531
307 3 1 30.162 10.359 28.951 9.542
308 3 1 30.107 10.348 28.896 9.530
309 3 1 30.074 10.359 28.863 9.542
310 3 1 30.041 10.348 28.830 9.530
311 3 1 30.008 10.359 28.797 9.542
312 3 1 29.952 10.348 28.742 9.530
313 3 1 29.941 10.359 28.731 9.541
314 3 1 29.886 10.348 28.676 9.530
315 3 1 29.875 10.337 28.665 9.519
316 3 1 29.842 10.326 28.632 9.508
317 3 1 29.809 10.337 28.599 9.519
318 3 1 29.754 10.326 28.543 9.508
319 3 1 29.721 10.337 28.510 9.519
320 3 1 29.688 10.326 28.477 9.508
321 3 1 29.655 10.315 28.444 9.497
322 3 1 29.600 10.303 28.389 9.486
323 3 1 29.567 10.292 28.356 9.475
324 3 1 29.534 10.281 28.323 9.464
325 3 1 29.500 10.292 28.290 9.475
326 3 1 29.467 10.281 28.257 9.464
327 3 1 29.434 10.292 28.224 9.475
328 3 1 29.379 10.281 28.169 9.464
329 3 1 29.346 10.270 28.136 9.453
330 3 1 29.291 10.259 28.081 9.442
331 3 1 29.280 10.270 28.070 9.453
332 3 1 29.225 10.259 28.015 9.442
333 3 1 29.192 10.270 27.982 9.453
334 3 1 29.159 10.259 27.949 9.442
335 3 1 29.126 10.270 27.915 9.453
336 3 1 29.093 10.259 27.882 9.442
337 3 1 29.059 10.270 27.849 9.453
338 3 1 29.004 10.281 27.794 9.464
339 3 1 28.971 10.292 27.761 9.475
340 3 1 28.916 10.281 27.706 9.464
341 3 1 28.883 10.292 27.673 9.475
342 3 1 28.850 10.281 27.640 9.464
343 3 1 28.817 10.292 27.607 9.475
344 3 1 28.784 10.281 27.574 9.464
345 3 1 28.751 10.292 27.541 9.475
346 3 1 28.695 10.281 27.485 9.464
348 3 1 28.651 10.281 27.441 9.464
349 3 1 28.618 10.292 27.408 9.475
350 3 1 28.585 10.281 27.375 9.464
351 3 1 28.552 10.270 27.342 9.453
352 3 1 28.519 10.259 27.309 9.442
353 3 1 28.486 10.270 27.276 9.453
354 3 1 28.431 10.237 27.221 9.420
355 3 1 28.420 10.248 27.210 9.431
356 3 1 28.365 10.237 27.155 9.420
357 3 1 28.354 10.226 27.144 9.409
358 3 1 28.299 10.215 27.089 9.398
359 3 1 28.288 10.204 27.078 9.387
360 3 1 28.232 10.193 27.023 9.376
361 3 1 28.221 10.204 27.012 9.387
362 3 1 28.166 10.193 26.957 9.376
363 3 1 28.155 10.182 26.946 9.364
364 3 1 28.100 10.171 26.891 9.353
365 3 1 28.089 10.182 26.879 9.364
366 3 1 28.056 10.171 26.846 9.353
367 3 1 28.045 10.182 26.835 9.364
368 3 1 27.990 10.193 26.780 9.375
369 3 1 27.979 10.204 26.769 9.386
370 3 1 27.946 10.193 26.736 9.375
371 3 1 27.934 10.204 26.725 9.386
372 3 1 27.879 10.193 26.670 9.375
373 3 1 27.868 10.204 26.659 9.386
374 3 1 27.835 10.215 26.626 9.397
375 3 1 27.802 10.226 26.592 9.409
377 3 1 27.758 10.226 26.548 9.408
378 3 1 27.703 10.237 26.493 9.420
379 3 1 27.691 10.248 26.482 9.431
380 3 1 27.658 10.237 26.449 9.420
381 3 1 27.625 10.248 26.416 9.431
382 3 1 27.592 10.237 26.383 9.419
383 3 1 27.581 10.248 26.372 9.431
384 3 1 27.548 10.259 26.338 9.442
385 3 1 27.537 10.270 26.327 9.453
386 3 1 27.504 10.259 26.294 9.442
387 3 1 27.493 10.270 26.283 9.453
388 3 1 27.460 10.259 26.250 9.442
389 3 1 27.426 10.270 26.217 9.453
390 3 1 27.393 10.281 26.184 9.464
391 3 1 27.382 10.292 26.173 9.475
392 3 1 27.349 10.281 26.140 9.464
393 3 1 27.338 10.292 26.129 9.475
394 3 1 27.305 10.281 26.096 9.464
395 3 1 27.272 10.292 26.062 9.475
396 3 1 27.239 10.281 26.029 9.464
397 3 1 27.206 10.292 25.996 9.475
398 3 1 27.172 10.303 25.963 9.486
399 3 1 27.161 10.314 25.952 9.497
400 3 1 27.128 10.303 25.919 9.486
401 3 1 27.095 10.314 25.886 9.497
402 3 1 27.062 10.303 25.853 9.486
403 3 1 27.051 10.314 25.842 9.497
404 3 1 27.018 10.303 25.809 9.486
405 3 1 26.985 10.314 25.775 9.497
406 3 1 26.952 10.303 25.742 9.486
407 3 1 26.940 10.314 25.731 9.497
408 3 1 26.907 10.303 25.698 9.486
409 3 1 26.896 10.314 25.687 9.497
410 3 1 26.863 10.326 25.654 9.508
411 3 1 26.830 10.337 25.621 9.519
412 3 1 26.797 10.326 25.588 9.508
413 3 1 26.786 10.337 25.576 9.519
414 3 1 26.753 10.326 25.543 9.508
415 3 1 26.719 10.337 25.510 9.519
416 3 1 26.686 10.348 25.477 9.530
417 3 1 26.675 10.359 25.466 9.541
347 3 1 28.684 10.292 27.474 9.475
376 3 1 27.769 10.215 26.559 9.397
0 4 1 40.406 10.491 39.235 9.731
1 4 1 40.439 10.513 39.213 9.720
2 4 1 40.418 10.524 39.192 9.731
3 4 1 40.418 10.513 39.191 9.720
4 4 1 40.396 10.524 39.170 9.731
5 4 1 40.319 10.513 39.093 9.720
6 4 1 40.330 10.524 39.104 9.731
7 4 1 40.308 10.513 39.082 9.720
8 4 1 40.242 10.524 39.016 9.731
9 4 1 40.242 10.513 39.016 9.720
10 4 1 40.220 10.524 38.994 9.731
11 4 1 39.990 10.513 38.764 9.720
12 4 1 40.155 10.524 38.929 9.731
13 4 1 40.155 10.535 38.929 9.742
14 4 1 40.199 10.546 38.973 9.753
15 4 1 40.089 10.535 38.863 9.742
16 4 1 40.067 10.546 38.841 9.753
17 4 1 40.045 10.546 38.819 9.753
18 4 1 40.046 10.568 38.819 9.775
19 4 1 39.980 10.579 38.754 9.786
20 4 1 39.958 10.590 38.732 9.797
21 4 1 39.914 10.579 38.688 9.786
22 4 1 39.870 10.590 38.644 9.797
23 4 1 39.848 10.579 38.622 9.786
24 4 1 39.827 10.590 38.601 9.797
25 4 1 39.783 10.579 38.557 9.786
26 4 1 39.739 10.590 38.513 9.797
27 4 1 39.717 10.601 38.491 9.808
28 4 1 39.695 10.613 38.469 9.819
29 4 1 39.651 10.601 38.425 9.808
30 4 1 39.629 10.613 38.403 9.819
31 4 1 39.607 10.601 38.381 9.808
32 4 1 39.564 10.613 38.338 9.819
33 4 1 39.542 10.601 38.316 9.808
34 4 1 39.520 10.590 38.294 9.797
35 4 1 39.476 10.579 38.250 9.786
36 4 1 39.432 10.590 38.206 9.797
37 4 1 39.410 10.601 38.184 9.808
38 4 1 39.388 10.590 38.162 9.797
39 4 1 39.322 10.579 38.096 9.786
40 4 1 39.300 10.590 38.074 9.797
41 4 1 39.256 10.579 38.030 9.786
42 4 1 39.212 10.590 37.987 9.797
43 4 1 39.191 10.602 37.965 9.808
44 4 1 39.169 10.613 37.943 9.819
45 4 1 39.103 10.602 37.877 9.808
46 4 1 39.103 10.613 37.877 9.819
47 4 1 39.081 10.624 37.855 9.830
48 4 1 39.015 10.635 37.790 9.841
49 4 1 39.015 10.624 37.790 9.830
50 4 1 38.972 10.657 37.746 9.863
51 4 1 38.928 10.668 37.702 9.874
52 4 1 38.906 10.679 37.680 9.885
53 4 1 38.863 10.690 37.637 9.896
54 4 1 38.841 10.701 37.615 9.907
55 4 1 38.819 10.690 37.593 9.896
56 4 1 38.775 10.701 37.549 9.907
57 4 1 38.753 10.712 37.527 9.918
58 4 1 38.731 10.723 37.505 9.929
59 4 1 38.665 10.712 37.439 9.918
60 4 1 38.643 10.723 37.418 9.929
61 4 1 38.577 10.712 37.352 9.918
62 4 1 38.556 10.723 37.330 9.929
63 4 1 38.490 10.712 37.264 9.918
64 4 1 38.468 10.723 37.242 9.929
65 4 1 38.424 10.734 37.198 9.940
66 4 1 38.402 10.745 37.176 9.951
67 4 1 38.380 10.734 37.154 9.940
68 4 1 38.314 10.745 37.089 9.951
69 4 1 38.293 10.756 37.067 9.962
70 4 1 38.249 10.745 37.023 9.951
71 4 1 38.204 10.734 36.979 9.940
72 4 1 38.183 10.745 36.957 9.951
73 4 1 38.161 10.734 36.935 9.940
74 4 1 38.117 10.745 36.891 9.951
75 4 1 38.095 10.734 36.869 9.940
76 4 1 38.073 10.745 36.847 9.951
77 4 1 38.007 10.734 36.781 9.940
78 4 1 37.985 10.723 36.759 9.929
79 4 1 37.941 10.712 36.715 9.918
80 4 1 37.897 10.723 36.671 9.929
81 4 1 37.853 10.712 36.628 9.918
82 4 1 37.809 10.723 36.584 9.929
83 4 1 37.787 10.734 36.562 9.940
84 4 1 37.765 10.745 36.540 9.951
85 4 1 37.721 10.734 36.496 9.940
86 4 1 37.678 10.745 36.452 9.951
87 4 1 37.634 10.734 36.408 9.940
88 4 1 37.612 10.767 36.386 9.973
89 4 1 37.590 10.756 36.364 9.962
90 4 1 37.524 10.767 36.299 9.973
91 4 1 37.502 10.778 36.277 9.984
92 4 1 37.458 10.789 36.233 9.995
93 4 1 37.414 10.778 36.189 9.984
94 4 1 37.392 10.789 36.167 9.995
95 4 1 37.370 10.778 36.145 9.984
96 4 1 37.305 10.789 36.079 9.995
97 4 1 37.283 10.778 36.057 9.984
98 4 1 37.217 10.789 35.991 9.995
99 4 1 37.195 10.778 35.969 9.984
100 4 1 37.129 10.789 35.904 9.995
101 4 1 37.107 10.778 35.882 9.984
102 4 1 37.063 10.789 35.838 9.995
103 4 1 37.019 10.778 35.794 9.984
104 4 1 36.997 10.789 35.772 9.995
105 4 1 36.975 10.778 35.750 9.984
106 4 1 36.909 10.789 35.684 9.995
107 4 1 36.887 10.778 35.662 9.984
108 4 1 36.843 10.789 35.618 9.995
109 4 1 36.799 10.778 35.574 9.984
110 4 1 36.777 10.767 35.552 9.973
111 4 1 36.755 10.756 35.530 9.962
112 4 1 36.689 10.767 35.464 9.973
113 4 1 36.667 10.756 35.442 9.962
114 4 1 36.623 10.767 35.398 9.973
115 4 1 36.579 10.734 35.354 9.940
116 4 1 36.535 10.745 35.310 9.951
117 4 1 36.491 10.734 35.266 9.940
118 4 1 36.447 10.745 35.222 9.951
119 4 1 36.403 10.734 35.178 9.940
120 4 1 36.381 10.745 35.156 9.951
121 4 1 36.359 10.734 35.134 9.940
122 4 1 36.293 10.745 35.069 9.951
123 4 1 36.271 10.734 35.047 9.940
124 4 1 36.228 10.745 35.003 9.951
125 4 1 36.184 10.756 34.959 9.962
126 4 1 36.140 10.767 34.915 9.973
127 4 1 36.096 10.756 34.871 9.962
128 4 1 36.052 10.767 34.827 9.973
129 4 1 36.008 10.778 34.783 9.984
130 4 1 35.964 10.789 34.739 9.995
131 4 1 35.942 10.778 34.717 9.984
132 4 1 35.920 10.789 34.695 9.995
133 4 1 35.854 10.778 34.629 9.984
134 4 1 35.832 10.789 34.607 9.995
135 4 1 35.766 10.778 34.541 9.984
136 4 1 35.744 10.789 34.519 9.995
137 4 1 35.700 10.778 34.475 9.984
138 4 1 35.656 10.789 34.432 9.995
139 4 1 35.634 10.801 34.410 10.006
140 4 1 35.612 10.812 34.388 10.017
141 4 1 35.546 10.801 34.322 10.006
142 4 1 35.524 10.812 34.300 10.017
143 4 1 35.481 10.823 34.256 10.028
144 4 1 35.437 10.834 34.212 10.039
145 4 1 35.393 10.823 34.168 10.028
146 4 1 35.371 10.812 34.146 10.017
147 4 1 35.348 10.801 34.124 10.006
148 4 1 35.283 10.812 34.058 10.017
149 4 1 35.260 10.801 34.036 10.006
150 4 1 35.216 10.790 33.992 9.995
151 4 1 35.172 10.778 33.948 9.984
152 4 1 35.128 10.790 33.904 9.995
153 4 1 35.084 10.778 33.860 9.984
154 4 1 35.040 10.790 33.816 9.995
155 4 1 35.018 10.778 33.794 9.984
156 4 1 34.996 10.790 33.772 9.995
157 4 1 34.952 10.778 33.728 9.984
158 4 1 34.908 10.790 33.684 9.995
159 4 1 34.864 10.778 33.640 9.984
160 4 1 34.820 10.790 33.596 9.995
161 4 1 34.798 10.779 33.574 9.984
162 4 1 34.776 10.790 33.552 9.995
163 4 1 34.711 10.801 33.486 10.006
164 4 1 34.689 10.812 33.464 10.017
165 4 1 34.601 10.801 33.376 10.006
166 4 1 34.557 10.812 33.332 10.017
167 4 1 34.513 10.801 33.288 10.006
168 4 1 34.491 10.812 33.266 10.017
169 4 1 34.469 10.801 33.244 10.006
170 4 1 34.403 10.812 33.178 10.017
171 4 1 34.381 10.801 33.156 10.006
172 4 1 34.337 10.812 33.112 10.017
173 4 1 34.292 10.801 33.068 10.006
174 4 1 34.249 10.812 33.024 10.017
175 4 1 34.204 10.801 32.980 10.006
176 4 1 34.160 10.812 32.936 10.017
177 4 1 34.139 10.823 32.914 10.028
178 4 1 34.117 10.834 32.892 10.039
179 4 1 34.050 10.823 32.826 10.028
180 4 1 34.051 10.834 32.826 10.039
181 4 1 34.007 10.845 32.782 10.050
182 4 1 33.963 10.856 32.738 10.061
183 4 1 33.941 10.845 32.716 10.050
184 4 1 33.875 10.856 32.650 10.061
185 4 1 33.852 10.845 32.628 10.050
186 4 1 33.809 10.856 32.584 10.061
187 4 1 33.764 10.845 32.540 10.050
188 4 1 33.720 10.856 32.496 10.061
189 4 1 33.676 10.845 32.452 10.050
190 4 1 33.654 10.856 32.430 10.061
191 4 1 33.632 10.867 32.408 10.072
192 4 1 33.588 10.878 32.364 10.083
193 4 1 33.544 10.889 32.320 10.094
194 4 1 33.500 10.900 32.276 10.105
196 4 1 33.423 10.734 32.320 9.995
197 4 1 33.467 10.757 32.265 9.972
198 4 1 33.423 10.757 32.221 9.972
199 4 1 33.379 10.757 32.177 9.972
200 4 1 33.335 10.779 32.133 9.994
201 4 1 33.291 10.779 32.089 9.994
202 4 1 33.247 10.779 32.045 9.994
203 4 1 33.203 10.757 32.001 9.972
204 4 1 33.181 10.757 31.979 9.972
205 4 1 33.115 10.757 31.913 9.972
206 4 1 33.115 10.757 31.913 9.972
207 4 1 33.071 10.757 31.869 9.972
208 4 1 33.027 10.757 31.825 9.972
209 4 1 33.005 10.757 31.803 9.972
210 4 1 32.960 10.757 31.759 9.972
211 4 1 32.938 10.757 31.737 9.972
212 4 1 32.916 10.734 31.715 9.950
213 4 1 32.894 10.734 31.693 9.950
214 4 1 32.872 10.734 31.671 9.950
215 4 1 32.828 10.734 31.627 9.950
216 4 1 32.784 10.734 31.583 9.950
217 4 1 32.740 10.734 31.539 9.950
218 4 1 32.696 10.757 31.495 9.972
219 4 1 32.652 10.779 31.451 9.994
220 4 1 32.608 10.779 31.407 9.994
221 4 1 32.564 10.779 31.363 9.994
222 4 1 32.520 10.779 31.319 9.994
223 4 1 32.454 10.779 31.253 9.994
224 4 1 32.432 10.779 31.231 9.994
225 4 1 32.388 10.801 31.186 10.016
226 4 1 32.366 10.801 31.164 10.016
227 4 1 32.344 10.801 31.142 10.016
228 4 1 32.300 10.801 31.098 10.016
229 4 1 32.278 10.801 31.076 10.016
230 4 1 32.278 10.801 31.076 10.016
231 4 1 32.256 10.801 31.054 10.016
232 4 1 32.212 10.801 31.010 10.016
233 4 1 32.168 10.801 30.966 10.016
234 4 1 32.123 10.779 30.922 9.994
235 4 1 32.079 10.779 30.878 9.994
236 4 1 32.035 10.779 30.834 9.994
237 4 1 31.991 10.779 30.790 9.994
239 4 1 31.760 10.768 30.559 9.983
240 4 1 31.738 10.768 30.537 9.983
241 4 1 31.716 10.768 30.515 9.983
242 4 1 31.694 10.768 30.493 9.983
243 4 1 31.672 10.768 30.471 9.983
244 4 1 31.628 10.790 30.427 10.005
245 4 1 31.584 10.790 30.382 10.005
246 4 1 31.562 10.790 30.360 10.005
247 4 1 31.540 10.790 30.338 10.005
248 4 1 31.517 10.790 30.316 10.005
249 4 1 31.495 10.790 30.294 10.005
250 4 1 31.473 10.768 30.272 9.983
251 4 1 31.451 10.746 30.250 9.961
252 4 1 31.429 10.768 30.228 9.983
253 4 1 31.385 10.746 30.184 9.961
254 4 1 31.341 10.746 30.140 9.961
255 4 1 31.319 10.768 30.118 9.983
256 4 1 31.275 10.746 30.074 9.961
257 4 1 31.231 10.768 30.030 9.983
258 4 1 31.187 10.768 29.986 9.983
259 4 1 31.143 10.768 29.942 9.983
260 4 1 31.121 10.768 29.920 9.983
261 4 1 31.077 10.768 29.876 9.983
262 4 1 31.032 10.768 29.832 9.983
263 4 1 30.988 10.768 29.788 9.983
264 4 1 30.944 10.768 29.743 9.983
265 4 1 30.922 10.768 29.721 9.983
266 4 1 30.878 10.768 29.677 9.983
267 4 1 30.834 10.768 29.633 9.983
268 4 1 30.812 10.768 29.611 9.983
269 4 1 30.768 10.768 29.567 9.983
270 4 1 30.724 10.768 29.523 9.983
271 4 1 30.680 10.768 29.479 9.983
272 4 1 30.658 10.768 29.457 9.983
273 4 1 30.614 10.768 29.413 9.983
274 4 1 30.569 10.768 29.369 9.983
275 4 1 30.525 10.768 29.325 9.983
276 4 1 30.481 10.768 29.281 9.983
277 4 1 30.437 10.746 29.237 9.961
278 4 1 30.415 10.768 29.214 9.983
279 4 1 30.393 10.746 29.192 9.961
280 4 1 30.349 10.746 29.148 9.961
281 4 1 30.305 10.746 29.104 9.961
282 4 1 30.261 10.746 29.060 9.961
283 4 1 30.239 10.746 29.038 9.961
284 4 1 30.195 10.746 28.994 9.961
285 4 1 30.150 10.746 28.950 9.961
286 4 1 30.128 10.746 28.928 9.961
287 4 1 30.084 10.746 28.884 9.961
288 4 1 30.040 10.746 28.840 9.961
289 4 1 29.996 10.746 28.796 9.961
290 4 1 29.974 10.746 28.774 9.961
291 4 1 29.930 10.746 28.729 9.961
292 4 1 29.886 10.746 28.685 9.961
293 4 1 29.842 10.768 28.641 9.983
294 4 1 29.820 10.746 28.619 9.961
295 4 1 29.775 10.768 28.575 9.983
296 4 1 29.731 10.768 28.531 9.983
297 4 1 29.709 10.768 28.509 9.983
298 4 1 29.665 10.768 28.465 9.983
299 4 1 29.621 10.768 28.421 9.983
300 4 1 29.577 10.768 28.377 9.983
301 4 1 29.555 10.768 28.354 9.983
302 4 1 29.511 10.768 28.310 9.983
303 4 1 29.467 10.746 28.266 9.961
304 4 1 29.422 10.768 28.222 9.983
305 4 1 29.400 10.746 28.200 9.961
306 4 1 29.356 10.768 28.156 9.983
307 4 1 29.312 10.746 28.112 9.961
308 4 1 29.290 10.768 28.090 9.983
309 4 1 29.246 10.746 28.046 9.961
310 4 1 29.202 10.746 28.002 9.961
311 4 1 29.158 10.746 27.957 9.961
312 4 1 29.113 10.746 27.913 9.961
313 4 1 29.091 10.746 27.891 9.961
314 4 1 29.047 10.724 27.847 9.939
315 4 1 29.003 10.702 27.803 9.917
316 4 1 28.981 10.702 27.781 9.917
317 4 1 28.937 10.702 27.737 9.917
318 4 1 28.893 10.702 27.693 9.917
319 4 1 28.871 10.702 27.671 9.917
320 4 1 28.827 10.702 27.627 9.917
321 4 1 28.782 10.702 27.583 9.917
322 4 1 28.738 10.702 27.538 9.917
323 4 1 28.716 10.702 27.516 9.917
324 4 1 28.672 10.702 27.472 9.917
325 4 1 28.628 10.702 27.428 9.917
326 4 1 28.606 10.702 27.406 9.917
327 4 1 28.562 10.724 27.362 9.939
328 4 1 28.518 10.702 27.318 9.917
329 4 1 28.495 10.724 27.296 9.939
330 4 1 28.451 10.702 27.252 9.917
331 4 1 28.407 10.724 27.207 9.939
332 4 1 28.385 10.724 27.185 9.939
333 4 1 28.341 10.724 27.141 9.939
334 4 1 28.319 10.724 27.119 9.939
335 4 1 28.275 10.724 27.075 9.939
336 4 1 28.230 10.724 27.031 9.939
337 4 1 28.208 10.724 27.009 9.939
338 4 1 28.164 10.724 26.965 9.939
339 4 1 28.142 10.724 26.943 9.939
340 4 1 28.098 10.724 26.898 9.939
341 4 1 28.054 10.724 26.854 9.939
342 4 1 28.032 10.724 26.832 9.939
343 4 1 27.988 10.724 26.788 9.939
344 4 1 27.943 10.724 26.744 9.939
345 4 1 27.921 10.724 26.722 9.939
346 4 1 27.877 10.724 26.678 9.939
348 4 1 27.811 10.724 26.611 9.939
349 4 1 27.767 10.702 26.567 9.916
350 4 1 27.723 10.724 26.523 9.939
351 4 1 27.678 10.702 26.479 9.916
352 4 1 27.656 10.702 26.457 9.916
353 4 1 27.612 10.680 26.413 9.894
354 4 1 27.590 10.657 26.391 9.872
355 4 1 27.546 10.680 26.347 9.894
356 4 1 27.502 10.657 26.303 9.872
357 4 1 27.480 10.657 26.281 9.872
358 4 1 27.436 10.657 26.236 9.872
359 4 1 27.414 10.657 26.214 9.872
360 4 1 27.369 10.657 26.170 9.872
361 4 1 27.325 10.657 26.126 9.872
362 4 1 27.281 10.657 26.082 9.872
363 4 1 27.259 10.657 26.060 9.872
364 4 1 27.215 10.657 26.016 9.872
365 4 1 27.171 10.657 25.971 9.872
366 4 1 27.149 10.658 25.949 9.872
367 4 1 27.104 10.658 25.905 9.872
368 4 1 27.060 10.658 25.861 9.872
369 4 1 27.038 10.658 25.839 9.872
370 4 1 26.994 10.658 25.795 9.872
371 4 1 26.950 10.658 25.751 9.872
372 4 1 26.928 10.658 25.729 9.872
373 4 1 26.883 10.658 25.684 9.872
374 4 1 26.861 10.658 25.662 9.872
375 4 1 26.817 10.658 25.618 9.872
377 4 1 26.751 10.658 25.552 9.872
378 4 1 26.707 10.658 25.508 9.872
379 4 1 26.685 10.635 25.486 9.850
380 4 1 26.641 10.613 25.442 9.828
381 4 1 26.596 10.635 25.397 9.850
382 4 1 26.574 10.613 25.375 9.828
383 4 1 26.530 10.613 25.331 9.828
384 4 1 26.508 10.613 25.309 9.828
385 4 1 26.464 10.613 25.265 9.828
386 4 1 26.420 10.613 25.221 9.828
387 4 1 26.375 10.591 25.177 9.806
388 4 1 26.331 10.569 25.133 9.784
389 4 1 26.309 10.569 25.111 9.784
390 4 1 26.265 10.547 25.067 9.761
391 4 1 26.243 10.525 25.045 9.739
392 4 1 26.199 10.525 25.001 9.739
393 4 1 26.177 10.525 24.978 9.739
394 4 1 26.133 10.525 24.934 9.739
395 4 1 26.111 10.525 24.912 9.739
396 4 1 26.066 10.525 24.868 9.739
397 4 1 26.022 10.525 24.824 9.739
398 4 1 25.978 10.525 24.780 9.739
399 4 1 25.934 10.525 24.735 9.739
400 4 1 25.912 10.525 24.713 9.739
401 4 1 25.868 10.525 24.669 9.739
402 4 1 25.823 10.525 24.625 9.739
403 4 1 25.801 10.525 24.603 9.739
404 4 1 25.757 10.525 24.559 9.739
405 4 1 25.735 10.525 24.537 9.739
406 4 1 25.691 10.525 24.492 9.739
407 4 1 25.647 10.525 24.448 9.739
408 4 1 25.624 10.525 24.426 9.739
409 4 1 25.580 10.547 24.382 9.761
410 4 1 25.558 10.525 24.360 9.739
411 4 1 25.514 10.547 24.315 9.761
412 4 1 25.492 10.547 24.293 9.761
413 4 1 25.447 10.547 24.249 9.761
414 4 1 25.403 10.547 24.205 9.761
415 4 1 25.381 10.547 24.183 9.761
416 4 1 25.337 10.569 24.138 9.783
417 4 1 25.292 10.591 24.094 9.806
347 4 1 27.833 10.724 26.633 9.939
376 4 1 26.795 10.658 25.596 9.872
0 5 1 41.163 11.275 40.165 10.513
1 5 1 41.196 11.297 40.154 10.502
2 5 1 41.163 11.297 40.121 10.502
3 5 1 41.163 11.297 40.121 10.502
4 5 1 41.141 11.297 40.100 10.502
5 5 1 41.108 11.297 40.067 10.502
6 5 1 41.097 11.297 40.056 10.502
7 5 1 41.064 11.297 40.023 10.502
8 5 1 41.031 11.308 39.990 10.513
9 5 1 41.021 11.319 39.979 10.524
10 5 1 40.999 11.319 39.957 10.524
11 5 1 40.867 11.330 39.826 10.535
12 5 1 40.944 11.341 39.903 10.546
13 5 1 40.922 11.352 39.881 10.557
15 5 1 41.054 11.374 40.013 10.579
16 5 1 40.900 11.330 39.859 10.535
17 5 1 40.867 11.341 39.826 10.546
18 5 1 40.823 11.319 39.782 10.524
19 5 1 40.802 11.341 39.760 10.546
20 5 1 40.791 11.352 39.749 10.557
21 5 1 40.747 11.363 39.706 10.568
22 5 1 40.703 11.352 39.662 10.557
23 5 1 40.670 11.341 39.629 10.546
24 5 1 40.637 11.330 39.596 10.535
25 5 1 40.582 11.341 39.541 10.546
26 5 1 40.571 11.352 39.530 10.557
27 5 1 40.517 11.363 39.475 10.568
28 5 1 40.505 11.352 39.464 10.557
29 5 1 40.451 11.363 39.410 10.568
30 5 1 40.440 11.374 39.399 10.579
31 5 1 40.407 11.385 39.366 10.590
32 5 1 40.374 11.374 39.333 10.579
33 5 1 40.341 11.385 39.300 10.590
34 5 1 40.330 11.396 39.289 10.602
35 5 1 40.276 11.407 39.235 10.613
36 5 1 40.265 11.418 39.224 10.624
37 5 1 40.210 11.429 39.169 10.635
38 5 1 40.199 11.441 39.158 10.646
39 5 1 40.145 11.452 39.103 10.657
40 5 1 40.134 11.463 39.093 10.668
41 5 1 40.079 11.474 39.038 10.679
42 5 1 40.046 11.463 39.005 10.668
43 5 1 39.991 11.474 38.950 10.679
44 5 1 39.958 11.463 38.917 10.668
45 5 1 39.903 11.452 38.862 10.657
46 5 1 39.870 11.441 38.829 10.646
47 5 1 39.837 11.452 38.796 10.657
48 5 1 39.804 11.441 38.763 10.646
49 5 1 39.771 11.452 38.730 10.657
50 5 1 39.738 11.441 38.697 10.646
51 5 1 39.705 11.430 38.664 10.635
52 5 1 39.694 11.396 38.653 10.602
53 5 1 39.639 11.385 38.598 10.591
54 5 1 39.628 11.374 38.587 10.579
55 5 1 39.573 11.363 38.532 10.568
56 5 1 39.539 11.330 38.499 10.535
57 5 1 39.485 11.341 38.444 10.546
58 5 1 39.452 11.330 38.411 10.535
59 5 1 39.419 11.341 38.378 10.546
60 5 1 39.364 11.330 38.323 10.535
61 5 1 39.309 11.341 38.268 10.546
62 5 1 39.276 11.330 38.235 10.535
63 5 1 39.221 11.341 38.181 10.546
64 5 1 39.188 11.352 38.148 10.557
65 5 1 39.134 11.363 38.093 10.568
66 5 1 39.122 11.352 38.082 10.557
67 5 1 39.068 11.363 38.027 10.568
68 5 1 39.057 11.352 38.016 10.557
69 5 1 39.002 11.386 37.962 10.591
70 5 1 38.991 11.397 37.951 10.602
71 5 1 38.936 11.408 37.896 10.613
72 5 1 38.904 11.419 37.863 10.624
73 5 1 38.849 11.452 37.809 10.657
74 5 1 38.816 11.441 37.775 10.646
75 5 1 38.761 11.474 37.721 10.679
76 5 1 38.728 11.463 37.688 10.668
77 5 1 38.695 11.474 37.655 10.679
78 5 1 38.640 11.463 37.600 10.668
79 5 1 38.586 11.474 37.545 10.679
80 5 1 38.552 11.463 37.512 10.668
81 5 1 38.497 11.452 37.457 10.657
82 5 1 38.464 11.441 37.424 10.646
83 5 1 38.432 11.452 37.391 10.657
84 5 1 38.398 11.441 37.358 10.646
85 5 1 38.366 11.452 37.325 10.657
86 5 1 38.333 11.441 37.292 10.646
87 5 1 38.299 11.430 37.259 10.635
88 5 1 38.288 11.397 37.248 10.602
89 5 1 38.233 11.386 37.193 10.591
90 5 1 38.222 11.353 37.182 10.557
91 5 1 38.167 11.342 37.127 10.546
92 5 1 38.111 11.308 37.072 10.513
93 5 1 38.057 11.320 37.017 10.524
94 5 1 38.024 11.308 36.984 10.513
95 5 1 37.991 11.320 36.951 10.524
96 5 1 37.936 11.308 36.896 10.513
97 5 1 37.881 11.320 36.841 10.524
98 5 1 37.848 11.309 36.808 10.513
99 5 1 37.793 11.320 36.753 10.524
100 5 1 37.760 11.331 36.720 10.535
101 5 1 37.705 11.342 36.665 10.546
102 5 1 37.672 11.331 36.632 10.535
103 5 1 37.639 11.342 36.600 10.546
104 5 1 37.606 11.353 36.567 10.557
105 5 1 37.574 11.386 36.534 10.591
106 5 1 37.541 11.397 36.501 10.602
107 5 1 37.486 11.408 36.446 10.613
108 5 1 37.453 11.419 36.413 10.624
109 5 1 37.398 11.452 36.359 10.657
110 5 1 37.343 11.441 36.304 10.646
111 5 1 37.311 11.452 36.271 10.657
112 5 1 37.277 11.441 36.238 10.646
113 5 1 37.223 11.452 36.183 10.657
114 5 1 37.189 11.441 36.150 10.646
115 5 1 37.134 11.430 36.095 10.635
116 5 1 37.101 11.419 36.062 10.624
117 5 1 37.046 11.430 36.007 10.635
118 5 1 37.013 11.419 35.974 10.624
119 5 1 36.980 11.430 35.941 10.635
120 5 1 36.947 11.419 35.908 10.624
121 5 1 36.915 11.430 35.875 10.635
122 5 1 36.881 11.397 35.842 10.602
123 5 1 36.848 11.386 35.809 10.591
124 5 1 36.837 11.331 35.797 10.535
125 5 1 36.782 11.320 35.742 10.524
126 5 1 36.748 11.287 35.709 10.491
127 5 1 36.694 11.298 35.654 10.502
128 5 1 36.660 11.287 35.621 10.491
129 5 1 36.628 11.298 35.588 10.502
130 5 1 36.594 11.287 35.555 10.491
131 5 1 36.539 11.276 35.500 10.480
132 5 1 36.484 11.265 35.445 10.469
133 5 1 36.429 11.276 35.390 10.480
134 5 1 36.418 11.265 35.379 10.469
135 5 1 36.363 11.276 35.324 10.480
136 5 1 36.330 11.265 35.291 10.469
137 5 1 36.275 11.276 35.237 10.480
138 5 1 36.265 11.287 35.226 10.491
139 5 1 36.210 11.298 35.171 10.502
140 5 1 36.199 11.309 35.160 10.513
141 5 1 36.144 11.342 35.105 10.547
142 5 1 36.111 11.353 35.072 10.558
143 5 1 36.056 11.386 35.017 10.591
144 5 1 36.023 11.375 34.984 10.580
145 5 1 35.968 11.386 34.929 10.591
146 5 1 35.935 11.375 34.896 10.580
147 5 1 35.902 11.386 34.863 10.591
148 5 1 35.869 11.375 34.830 10.580
149 5 1 35.814 11.364 34.775 10.569
150 5 1 35.781 11.353 34.742 10.558
151 5 1 35.748 11.342 34.709 10.547
152 5 1 35.715 11.331 34.676 10.535
153 5 1 35.660 11.320 34.621 10.524
154 5 1 35.627 11.309 34.588 10.513
155 5 1 35.594 11.320 34.555 10.524
156 5 1 35.561 11.309 34.522 10.513
157 5 1 35.528 11.320 34.489 10.524
158 5 1 35.495 11.309 34.456 10.513
159 5 1 35.462 11.298 34.423 10.502
161 5 1 35.451 11.287 34.412 10.491
162 5 1 35.418 11.298 34.379 10.502
163 5 1 35.384 11.287 34.346 10.491
164 5 1 35.330 11.298 34.291 10.502
165 5 1 35.296 11.287 34.258 10.491
166 5 1 35.242 11.298 34.203 10.502
167 5 1 35.208 11.287 34.170 10.491
168 5 1 35.153 11.298 34.115 10.502
169 5 1 35.120 11.287 34.082 10.491
170 5 1 35.065 11.298 34.027 10.502
171 5 1 35.032 11.287 33.994 10.491
172 5 1 34.977 11.298 33.939 10.502
173 5 1 34.944 11.287 33.906 10.491
174 5 1 34.911 11.298 33.873 10.502
175 5 1 34.878 11.287 33.840 10.491
177 5 1 34.867 11.276 33.829 10.480
178 5 1 34.834 11.265 33.796 10.469
179 5 1 34.779 11.276 33.741 10.480
180 5 1 34.746 11.265 33.708 10.469
181 5 1 34.691 11.276 33.653 10.480
182 5 1 34.680 11.265 33.642 10.469
183 5 1 34.625 11.298 33.587 10.502
184 5 1 34.592 11.287 33.554 10.491
185 5 1 34.537 11.298 33.499 10.502
186 5 1 34.526 11.287 33.488 10.491
187 5 1 34.471 11.276 33.433 10.480
188 5 1 34.438 11.287 33.400 10.491
189 5 1 34.405 11.276 33.367 10.480
190 5 1 34.372 11.265 33.334 10.469
191 5 1 34.317 11.276 33.279 10.480
192 5 1 34.284 11.287 33.246 10.491
193 5 1 34.229 11.298 33.191 10.502
194 5 1 34.174 11.332 33.136 10.536
195 5 1 34.119 11.365 33.081 10.569
196 5 1 34.086 11.376 33.048 10.580
197 5 1 34.053 11.387 33.015 10.591
198 5 1 34.020 11.376 32.982 10.580
199 5 1 33.965 11.387 32.927 10.591
200 5 1 33.932 11.398 32.894 10.602
201 5 1 33.877 11.409 32.839 10.613
202 5 1 33.866 11.398 32.828 10.602
203 5 1 33.811 11.387 32.773 10.591
204 5 1 33.778 11.376 32.740 10.580
205 5 1 33.723 11.387 32.685 10.591
206 5 1 33.689 11.376 32.652 10.580
207 5 1 33.634 11.387 32.597 10.591
208 5 1 33.579 11.376 32.542 10.580
209 5 1 33.524 11.387 32.487 10.591
210 5 1 33.469 11.376 32.431 10.580
211 5 1 33.414 11.387 32.376 10.591
212 5 1 33.381 11.376 32.343 10.580
213 5 1 33.326 11.387 32.288 10.591
214 5 1 33.315 11.376 32.277 10.580
215 5 1 33.260 11.387 32.222 10.591
216 5 1 33.227 11.398 32.189 10.602
217 5 1 33.194 11.409 32.156 10.613
218 5 1 33.161 11.420 32.123 10.624
219 5 1 33.106 11.432 32.068 10.635
220 5 1 33.095 11.420 32.057 10.624
221 5 1 33.040 11.432 32.002 10.635
222 5 1 33.007 11.443 31.969 10.646
223 5 1 32.974 11.454 31.936 10.657
224 5 1 32.940 11.465 31.903 10.668
225 5 1 32.885 11.476 31.848 10.679
226 5 1 32.830 11.487 31.793 10.690
227 5 1 32.775 11.498 31.738 10.701
228 5 1 32.742 11.487 31.705 10.690
229 5 1 32.687 11.498 31.650 10.701
230 5 1 32.676 11.509 31.639 10.712
231 5 1 32.643 11.520 31.606 10.724
232 5 1 32.610 11.509 31.572 10.712
233 5 1 32.555 11.520 31.517 10.724
234 5 1 32.522 11.531 31.484 10.735
235 5 1 32.467 11.543 31.429 10.746
236 5 1 32.434 11.531 31.396 10.735
237 5 1 32.378 11.543 31.341 10.746
238 5 1 32.345 11.531 31.308 10.735
239 5 1 32.125 11.432 30.955 10.635
240 5 1 32.069 11.432 31.021 10.635
241 5 1 32.025 11.421 30.977 10.624
242 5 1 31.981 11.432 30.933 10.635
243 5 1 31.937 11.421 30.889 10.624
244 5 1 31.893 11.432 30.845 10.635
245 5 1 31.871 11.421 30.823 10.624
246 5 1 31.849 11.432 30.801 10.635
247 5 1 31.805 11.421 30.757 10.624
248 5 1 31.761 11.432 30.713 10.635
249 5 1 31.717 11.421 30.669 10.624
250 5 1 31.672 11.432 30.625 10.635
251 5 1 31.628 11.421 30.581 10.624
252 5 1 31.584 11.432 30.536 10.635
253 5 1 31.540 11.421 30.492 10.624
254 5 1 31.496 11.432 30.448 10.635
255 5 1 31.452 11.443 30.404 10.646
256 5 1 31.430 11.454 30.382 10.657
257 5 1 31.386 11.443 30.338 10.646
258 5 1 31.342 11.454 30.294 10.657
259 5 1 31.297 11.465 30.250 10.668
260 5 1 31.253 11.476 30.206 10.679
261 5 1 31.209 11.465 30.162 10.668
262 5 1 31.165 11.476 30.117 10.679
263 5 1 31.121 11.488 30.073 10.690
264 5 1 31.077 11.499 30.029 10.702
265 5 1 31.055 11.488 30.007 10.690
266 5 1 31.011 11.499 29.963 10.702
267 5 1 30.966 11.488 29.919 10.690
268 5 1 30.922 11.499 29.875 10.702
269 5 1 30.878 11.488 29.831 10.691
270 5 1 30.834 11.499 29.787 10.702
271 5 1 30.790 11.488 29.742 10.691
272 5 1 30.746 11.499 29.698 10.702
273 5 1 30.702 11.488 29.654 10.691
274 5 1 30.657 11.499 29.610 10.702
275 5 1 30.613 11.466 29.566 10.668
276 5 1 30.569 11.477 29.522 10.679
277 5 1 30.525 11.466 29.478 10.668
278 5 1 30.459 11.454 29.412 10.657
280 5 1 30.448 11.443 29.401 10.646
281 5 1 30.404 11.432 29.356 10.635
282 5 1 30.359 11.421 29.312 10.624
283 5 1 30.337 11.432 29.290 10.635
284 5 1 30.293 11.421 29.246 10.624
285 5 1 30.271 11.410 29.224 10.613
286 5 1 30.227 11.399 29.180 10.602
287 5 1 30.183 11.388 29.136 10.591
288 5 1 30.161 11.377 29.114 10.580
289 5 1 30.117 11.366 29.070 10.569
290 5 1 30.073 11.355 29.026 10.558
291 5 1 30.051 11.344 29.004 10.547
292 5 1 30.006 11.333 28.959 10.536
293 5 1 29.984 11.344 28.937 10.547
294 5 1 29.940 11.311 28.893 10.514
295 5 1 29.896 11.322 28.849 10.525
296 5 1 29.852 11.311 28.805 10.514
297 5 1 29.808 11.322 28.761 10.525
298 5 1 29.741 11.333 28.695 10.536
299 5 1 29.697 11.344 28.650 10.547
300 5 1 29.653 11.377 28.606 10.580
301 5 1 29.587 11.433 28.540 10.635
302 5 1 29.542 11.444 28.496 10.646
303 5 1 29.520 11.433 28.474 10.635
304 5 1 29.476 11.422 28.430 10.624
305 5 1 29.454 11.433 28.407 10.635
306 5 1 29.410 11.422 28.363 10.624
307 5 1 29.388 11.433 28.341 10.635
308 5 1 29.344 11.422 28.297 10.624
309 5 1 29.300 11.410 28.253 10.613
310 5 1 29.278 11.399 28.231 10.602
311 5 1 29.233 11.410 28.187 10.613
312 5 1 29.167 11.399 28.121 10.602
313 5 1 29.123 11.411 28.076 10.613
314 5 1 29.079 11.422 28.032 10.624
315 5 1 29.012 11.433 27.966 10.635
316 5 1 28.968 11.422 27.922 10.624
317 5 1 28.924 11.433 27.878 10.635
318 5 1 28.880 11.422 27.833 10.624
319 5 1 28.858 11.388 27.811 10.591
320 5 1 28.814 11.377 27.767 10.580
321 5 1 28.792 11.366 27.745 10.569
322 5 1 28.747 11.355 27.701 10.558
323 5 1 28.725 11.344 27.679 10.547
324 5 1 28.703 11.333 27.657 10.536
325 5 1 28.659 11.322 27.613 10.525
326 5 1 28.637 11.311 27.591 10.514
327 5 1 28.615 11.322 27.569 10.525
328 5 1 28.571 11.311 27.525 10.514
329 5 1 28.549 11.300 27.503 10.503
330 5 1 28.505 11.289 27.459 10.491
331 5 1 28.460 11.300 27.414 10.503
332 5 1 28.416 11.289 27.370 10.491
333 5 1 28.372 11.300 27.326 10.503
334 5 1 28.306 11.311 27.260 10.514
335 5 1 28.261 11.344 27.215 10.547
336 5 1 28.195 11.378 27.149 10.580
337 5 1 28.151 11.411 27.105 10.613
338 5 1 28.129 11.400 27.083 10.602
339 5 1 28.084 11.389 27.038 10.591
340 5 1 28.062 11.378 27.016 10.580
341 5 1 28.040 11.389 26.994 10.591
342 5 1 27.996 11.378 26.950 10.580
343 5 1 27.974 11.389 26.928 10.591
344 5 1 27.930 11.378 26.884 10.580
345 5 1 27.908 11.389 26.862 10.591
346 5 1 27.863 11.378 26.818 10.580
348 5 1 27.775 11.378 26.729 10.580
349 5 1 27.709 11.389 26.663 10.591
350 5 1 27.664 11.400 26.619 10.602
351 5 1 27.620 11.411 26.574 10.613
352 5 1 27.554 11.400 26.508 10.602
353 5 1 27.510 11.389 26.464 10.591
354 5 1 27.466 11.356 26.420 10.558
355 5 1 27.444 11.322 26.398 10.525
356 5 1 27.422 11.289 26.376 10.491
357 5 1 27.399 11.300 26.354 10.503
358 5 1 27.377 11.289 26.332 10.491
359 5 1 27.355 11.278 26.310 10.480
360 5 1 27.333 11.267 26.288 10.469
361 5 1 27.289 11.278 26.244 10.480
362 5 1 27.267 11.267 26.222 10.469
363 5 1 27.245 11.278 26.199 10.480
364 5 1 27.201 11.267 26.155 10.469
365 5 1 27.179 11.256 26.133 10.458
366 5 1 27.134 11.245 26.089 10.447
367 5 1 27.090 11.256 26.045 10.458
368 5 1 27.046 11.267 26.001 10.469
369 5 1 27.002 11.278 25.956 10.480
370 5 1 26.935 11.289 25.890 10.492
371 5 1 26.891 11.322 25.845 10.525
372 5 1 26.824 11.334 25.779 10.536
373 5 1 26.802 11.367 25.757 10.569
374 5 1 26.758 11.378 25.712 10.580
375 5 1 26.736 11.389 25.690 10.591
377 5 1 26.691 11.389 25.646 10.591
378 5 1 26.669 11.378 25.624 10.580
379 5 1 26.625 11.389 25.580 10.591
380 5 1 26.603 11.378 25.558 10.580
381 5 1 26.559 11.389 25.513 10.591
382 5 1 26.537 11.378 25.491 10.580
383 5 1 26.492 11.389 25.447 10.591
384 5 1 26.448 11.378 25.403 10.580
385 5 1 26.404 11.389 25.359 10.591
386 5 1 26.337 11.378 25.292 10.580
387 5 1 26.293 11.389 25.248 10.591
388 5 1 26.227 11.378 25.182 10.580
389 5 1 26.183 11.367 25.138 10.569
390 5 1 26.139 11.334 25.094 10.536
391 5 1 26.117 11.300 25.072 10.503
392 5 1 26.117 11.289 25.072 10.492
393 5 1 26.095 11.300 25.050 10.503
394 5 1 26.073 11.289 25.028 10.492
395 5 1 26.050 11.278 25.006 10.480
396 5 1 26.028 11.267 24.984 10.469
397 5 1 25.984 11.256 24.939 10.458
398 5 1 25.962 11.245 24.917 10.447
399 5 1 25.940 11.256 24.895 10.458
400 5 1 25.918 11.245 24.873 10.447
401 5 1 25.874 11.234 24.829 10.436
402 5 1 25.830 11.223 24.785 10.425
403 5 1 25.785 11.234 24.741 10.436
404 5 1 25.763 11.223 24.719 10.425
405 5 1 25.719 11.234 24.674 10.436
406 5 1 25.675 11.223 24.630 10.425
407 5 1 25.630 11.234 24.586 10.436
408 5 1 25.586 11.245 24.541 10.447
409 5 1 25.541 11.278 24.497 10.480
410 5 1 25.519 11.289 24.475 10.492
411 5 1 25.497 11.301 24.452 10.503
412 5 1 25.475 11.289 24.430 10.492
413 5 1 25.453 11.301 24.408 10.503
414 5 1 25.431 11.290 24.386 10.492
415 5 1 25.409 11.301 24.364 10.503
416 5 1 25.386 11.290 24.342 10.492
417 5 1 25.364 11.301 24.320 10.503
347 5 1 27.819 11.389 26.773 10.591
376 5 1 26.714 11.378 25.668 10.580
0 6 1 42.620 11.926 41.370 11.219
1 6 1 42.653 11.948 41.348 11.208
2 6 1 42.642 11.948 41.337 11.208
3 6 1 42.610 11.948 41.304 11.208
4 6 1 42.599 11.948 41.293 11.208
5 6 1 42.599 11.948 41.293 11.208
6 6 1 42.577 11.948 41.271 11.208
7 6 1 42.544 11.948 41.238 11.208
8 6 1 42.511 11.948 41.205 11.208
9 6 1 42.478 11.948 41.173 11.208
10 6 1 42.467 11.948 41.162 11.208
11 6 1 42.434 11.948 41.129 11.208
12 6 1 42.401 11.948 41.096 11.208
13 6 1 42.368 11.948 41.063 11.208
14 6 1 42.346 11.948 41.041 11.208
15 6 1 42.324 11.948 41.019 11.208
16 6 1 42.291 11.948 40.986 11.208
17 6 1 42.259 11.948 40.953 11.208
18 6 1 42.248 11.948 40.942 11.208
19 6 1 42.237 11.971 40.932 11.230
20 6 1 42.226 11.971 40.921 11.230
21 6 1 42.193 11.971 40.888 11.230
22 6 1 42.182 11.993 40.877 11.252
23 6 1 42.149 11.993 40.844 11.253
24 6 1 42.117 11.993 40.811 11.253
25 6 1 42.084 12.015 40.779 11.275
26 6 1 42.073 12.015 40.768 11.275
27 6 1 42.018 12.015 40.713 11.275
28 6 1 41.985 12.015 40.680 11.275
29 6 1 41.952 12.015 40.647 11.275
30 6 1 41.919 12.015 40.614 11.275
31 6 1 41.865 12.015 40.559 11.275
32 6 1 41.832 12.015 40.526 11.275
33 6 1 41.799 12.015 40.493 11.275
34 6 1 41.766 12.015 40.461 11.275
35 6 1 41.733 12.015 40.428 11.275
36 6 1 41.700 12.015 40.395 11.275
37 6 1 41.667 12.015 40.362 11.275
38 6 1 41.634 12.015 40.329 11.275
39 6 1 41.601 12.015 40.296 11.275
40 6 1 41.568 12.015 40.263 11.275
41 6 1 41.535 12.015 40.230 11.275
42 6 1 41.502 11.993 40.197 11.253
43 6 1 41.469 11.993 40.164 11.253
44 6 1 41.436 11.993 40.131 11.253
45 6 1 41.403 11.993 40.098 11.253
46 6 1 41.370 11.993 40.065 11.253
47 6 1 41.315 11.993 40.010 11.253
48 6 1 41.283 11.993 39.977 11.253
49 6 1 41.228 11.993 39.923 11.253
50 6 1 41.195 11.993 39.890 11.253
51 6 1 41.162 11.993 39.857 11.253
52 6 1 41.129 11.993 39.824 11.253
53 6 1 41.074 11.993 39.769 11.253
54 6 1 41.041 11.993 39.736 11.253
55 6 1 41.008 12.015 39.703 11.275
56 6 1 40.997 12.015 39.692 11.275
57 6 1 40.943 12.038 39.638 11.297
58 6 1 40.932 12.038 39.627 11.297
59 6 1 40.899 12.060 39.594 11.319
60 6 1 40.866 12.060 39.561 11.319
61 6 1 40.833 12.060 39.528 11.319
62 6 1 40.800 12.060 39.495 11.319
63 6 1 40.767 12.060 39.462 11.319
64 6 1 40.735 12.060 39.429 11.319
65 6 1 40.680 12.060 39.375 11.319
66 6 1 40.647 12.060 39.342 11.319
67 6 1 40.592 12.060 39.287 11.319
68 6 1 40.559 12.060 39.254 11.319
69 6 1 40.504 12.060 39.199 11.319
70 6 1 40.471 12.060 39.166 11.319
71 6 1 40.416 12.060 39.111 11.319
72 6 1 40.405 12.060 39.100 11.319
73 6 1 40.350 12.060 39.045 11.319
74 6 1 40.339 12.060 39.034 11.319
75 6 1 40.284 12.038 38.979 11.297
76 6 1 40.273 12.038 38.968 11.297
77 6 1 40.218 12.038 38.913 11.297
78 6 1 40.185 12.016 38.880 11.275
79 6 1 40.152 12.016 38.847 11.275
80 6 1 40.119 12.016 38.814 11.275
81 6 1 40.064 11.994 38.759 11.253
82 6 1 40.031 11.994 38.726 11.253
83 6 1 39.976 11.994 38.671 11.253
84 6 1 39.943 11.972 38.638 11.231
85 6 1 39.888 11.972 38.583 11.231
86 6 1 39.855 11.972 38.550 11.231
87 6 1 39.800 11.972 38.495 11.231
88 6 1 39.767 11.972 38.462 11.231
89 6 1 39.712 11.972 38.407 11.231
90 6 1 39.679 11.972 38.374 11.231
91 6 1 39.646 11.972 38.341 11.231
92 6 1 39.613 11.972 38.308 11.231
93 6 1 39.580 11.972 38.275 11.231
94 6 1 39.547 11.972 38.242 11.231
95 6 1 39.514 11.972 38.210 11.231
96 6 1 39.481 11.972 38.177 11.231
97 6 1 39.448 11.994 38.144 11.253
98 6 1 39.415 11.994 38.111 11.253
99 6 1 39.383 11.994 38.078 11.253
100 6 1 39.350 11.994 38.045 11.253
101 6 1 39.295 11.994 37.990 11.253
102 6 1 39.262 11.994 37.957 11.253
103 6 1 39.207 11.994 37.902 11.253
104 6 1 39.174 11.994 37.869 11.253
105 6 1 39.141 11.994 37.836 11.253
106 6 1 39.108 11.994 37.803 11.253
107 6 1 39.053 11.994 37.748 11.253
108 6 1 39.042 11.994 37.737 11.253
109 6 1 39.009 11.994 37.704 11.253
110 6 1 38.976 11.994 37.671 11.253
111 6 1 38.943 11.994 37.638 11.253
112 6 1 39.064 12.005 37.781 11.198
113 6 1 39.064 11.972 37.770 11.220
114 6 1 39.042 11.983 37.748 11.231
115 6 1 38.998 11.972 37.704 11.220
116 6 1 38.976 11.983 37.682 11.231
117 6 1 38.954 11.972 37.660 11.220
118 6 1 38.910 11.983 37.616 11.231
119 6 1 38.888 11.972 37.594 11.220
120 6 1 38.866 11.983 37.572 11.231
121 6 1 38.822 11.972 37.528 11.220
122 6 1 38.800 11.983 37.506 11.231
123 6 1 38.778 11.994 37.484 11.242
124 6 1 38.734 12.005 37.441 11.253
125 6 1 38.690 11.994 37.397 11.242
126 6 1 38.668 12.005 37.375 11.253
127 6 1 38.646 12.016 37.353 11.264
128 6 1 38.602 12.028 37.309 11.275
129 6 1 38.580 12.016 37.287 11.264
130 6 1 38.581 12.050 37.287 11.298
131 6 1 38.559 12.039 37.265 11.287
132 6 1 38.515 12.050 37.221 11.298
133 6 1 38.493 12.061 37.199 11.309
134 6 1 38.493 12.072 37.199 11.320
135 6 1 38.471 12.083 37.178 11.331
136 6 1 38.427 12.116 37.134 11.364
137 6 1 38.405 12.105 37.112 11.353
138 6 1 38.384 12.138 37.090 11.386
139 6 1 38.340 12.127 37.046 11.375
140 6 1 38.318 12.161 37.024 11.408
141 6 1 38.296 12.172 37.002 11.419
142 6 1 38.252 12.183 36.958 11.430
143 6 1 38.230 12.194 36.937 11.441
144 6 1 38.209 12.227 36.915 11.475
145 6 1 38.165 12.238 36.871 11.486
146 6 1 38.143 12.272 36.849 11.519
147 6 1 38.121 12.283 36.827 11.530
148 6 1 38.077 12.294 36.783 11.541
149 6 1 38.033 12.305 36.740 11.552
150 6 1 38.012 12.338 36.718 11.585
151 6 1 37.990 12.327 36.696 11.574
152 6 1 37.946 12.360 36.652 11.608
153 6 1 37.924 12.371 36.630 11.619
154 6 1 37.902 12.383 36.608 11.630
155 6 1 37.858 12.394 36.564 11.641
156 6 1 37.814 12.405 36.520 11.652
157 6 1 37.770 12.416 36.476 11.663
158 6 1 37.726 12.427 36.432 11.674
159 6 1 37.705 12.438 36.411 11.685
160 6 1 37.683 12.449 36.389 11.696
161 6 1 37.639 12.460 36.345 11.707
162 6 1 37.595 12.471 36.301 11.718
163 6 1 37.551 12.483 36.257 11.729
164 6 1 37.529 12.516 36.235 11.763
165 6 1 37.507 12.527 36.213 11.774
166 6 1 37.463 12.538 36.169 11.785
167 6 1 37.441 12.549 36.147 11.796
168 6 1 37.420 12.583 36.126 11.829
169 6 1 37.376 12.594 36.082 11.840
170 6 1 37.354 12.605 36.060 11.851
171 6 1 37.332 12.616 36.038 11.863
172 6 1 37.266 12.627 35.972 11.874
173 6 1 37.244 12.638 35.950 11.885
174 6 1 37.178 12.649 35.884 11.896
175 6 1 37.156 12.660 35.862 11.907
176 6 1 37.112 12.671 35.818 11.918
177 6 1 37.068 12.683 35.774 11.929
178 6 1 37.024 12.716 35.730 11.962
179 6 1 36.980 12.727 35.686 11.973
180 6 1 36.936 12.738 35.642 11.985
181 6 1 36.893 12.749 35.598 11.996
182 6 1 36.849 12.760 35.554 12.007
183 6 1 36.805 12.772 35.510 12.018
184 6 1 36.761 12.783 35.466 12.029
185 6 1 36.739 12.794 35.444 12.040
186 6 1 36.717 12.805 35.422 12.051
187 6 1 36.673 12.816 35.378 12.062
188 6 1 36.629 12.827 35.334 12.073
189 6 1 36.585 12.816 35.290 12.062
190 6 1 36.541 12.827 35.246 12.073
191 6 1 36.474 12.816 35.180 12.062
192 6 1 36.452 12.827 35.158 12.073
193 6 1 36.408 12.839 35.114 12.085
194 6 1 36.364 12.850 35.070 12.096
195 6 1 36.320 12.861 35.026 12.107
196 6 1 36.276 12.872 34.982 12.118
197 6 1 36.232 12.883 34.938 12.129
198 6 1 36.188 12.894 34.894 12.140
199 6 1 36.144 12.883 34.850 12.129
200 6 1 36.100 12.917 34.806 12.162
201 6 1 36.078 12.928 34.784 12.173
202 6 1 36.056 12.939 34.762 12.185
203 6 1 36.012 12.928 34.718 12.174
204 6 1 35.968 12.961 34.674 12.207
205 6 1 35.924 12.950 34.630 12.196
206 6 1 35.880 12.961 34.586 12.207
207 6 1 35.814 12.950 34.520 12.196
208 6 1 35.792 12.961 34.498 12.207
209 6 1 35.726 12.950 34.431 12.196
210 6 1 35.704 12.961 34.409 12.207
211 6 1 35.638 12.972 34.343 12.218
212 6 1 35.616 12.984 34.321 12.229
213 6 1 35.550 12.995 34.255 12.240
214 6 1 35.506 13.006 34.211 12.251
215 6 1 35.461 13.017 34.167 12.263
216 6 1 35.417 13.028 34.123 12.274
217 6 1 35.351 13.017 34.057 12.263
218 6 1 35.285 13.028 33.991 12.274
219 6 1 35.263 13.017 33.969 12.263
220 6 1 35.197 13.006 33.902 12.252
221 6 1 35.175 12.995 33.880 12.241
222 6 1 35.108 13.006 33.814 12.252
223 6 1 35.064 12.995 33.770 12.241
224 6 1 35.020 12.984 33.726 12.230
225 6 1 34.976 12.973 33.682 12.218
226 6 1 34.910 12.962 33.616 12.207
227 6 1 34.843 12.951 33.549 12.196
228 6 1 34.821 12.962 33.527 12.207
229 6 1 34.755 12.951 33.461 12.196
230 6 1 34.711 12.962 33.417 12.207
231 6 1 34.667 12.951 33.373 12.196
232 6 1 34.623 12.940 33.329 12.185
233 6 1 34.556 12.929 33.262 12.174
234 6 1 34.490 12.940 33.196 12.185
235 6 1 34.468 12.929 33.174 12.174
236 6 1 34.402 12.940 33.108 12.185
237 6 1 34.380 12.929 33.086 12.174
238 6 1 34.314 12.940 33.020 12.185
239 6 1 34.292 12.929 32.998 12.174
240 6 1 34.225 12.918 32.931 12.163
241 6 1 34.181 12.907 32.887 12.152
242 6 1 34.137 12.896 32.843 12.141
243 6 1 34.093 12.885 32.799 12.130
244 6 1 34.027 12.896 32.733 12.141
245 6 1 33.960 12.885 32.667 12.130
246 6 1 33.916 12.874 32.622 12.119
247 6 1 33.872 12.863 32.578 12.108
248 6 1 33.828 12.874 32.534 12.119
249 6 1 33.762 12.863 32.468 12.108
250 6 1 33.695 12.852 32.402 12.097
251 6 1 33.673 12.840 32.380 12.086
252 6 1 33.607 12.852 32.313 12.097
253 6 1 33.585 12.841 32.291 12.086
254 6 1 33.519 12.852 32.225 12.097
255 6 1 33.497 12.841 32.203 12.086
256 6 1 33.430 12.829 32.137 12.075
257 6 1 33.408 12.818 32.115 12.064
258 6 1 33.342 12.807 32.048 12.053
259 6 1 33.320 12.796 32.026 12.042
260 6 1 33.253 12.785 31.960 12.031
261 6 1 33.209 12.774 31.916 12.020
262 6 1 33.165 12.763 31.872 12.008
263 6 1 33.121 12.752 31.828 11.997
264 6 1 33.055 12.741 31.761 11.986
265 6 1 32.988 12.730 31.695 11.975
266 6 1 32.966 12.719 31.673 11.964
267 6 1 32.900 12.708 31.607 11.953
268 6 1 32.878 12.719 31.585 11.964
269 6 1 32.812 12.708 31.519 11.953
270 6 1 32.790 12.719 31.496 11.964
271 6 1 32.745 12.708 31.452 11.953
272 6 1 32.701 12.697 31.408 11.942
273 6 1 32.657 12.686 31.364 11.931
274 6 1 32.613 12.674 31.320 11.920
275 6 1 32.569 12.663 31.276 11.909
276 6 1 32.524 12.674 31.232 11.920
277 6 1 32.480 12.663 31.187 11.909
278 6 1 32.414 12.675 31.121 11.920
279 6 1 32.370 12.663 31.077 11.909
280 6 1 32.326 12.652 31.033 11.898
281 6 1 32.259 12.641 30.967 11.887
282 6 1 32.193 12.630 30.900 11.876
283 6 1 32.171 12.619 30.878 11.865
284 6 1 32.083 12.630 30.790 11.876
285 6 1 32.038 12.641 30.746 11.887
286 6 1 31.994 12.653 30.702 11.898
287 6 1 31.950 12.642 30.657 11.887
288 6 1 31.906 12.653 30.613 11.898
289 6 1 31.862 12.642 30.569 11.887
290 6 1 31.817 12.630 30.525 11.876
291 6 1 31.773 12.619 30.481 11.865
292 6 1 31.751 12.631 30.459 11.876
293 6 1 31.729 12.619 30.437 11.865
294 6 1 31.663 12.608 30.370 11.854
295 6 1 31.641 12.597 30.348 11.843
296 6 1 31.596 12.586 30.304 11.832
297 6 1 31.552 12.575 30.260 11.821
298 6 1 31.486 12.586 30.194 11.832
299 6 1 31.442 12.575 30.149 11.821
300 6 1 31.375 12.586 30.083 11.832
301 6 1 31.287 12.575 29.995 11.821
302 6 1 31.243 12.586 29.951 11.832
303 6 1 31.221 12.575 29.928 11.821
304 6 1 31.221 12.586 29.928 11.832
305 6 1 31.199 12.575 29.906 11.821
306 6 1 31.132 12.586 29.840 11.832
307 6 1 31.110 12.575 29.818 11.821
308 6 1 31.066 12.586 29.774 11.832
309 6 1 31.022 12.575 29.730 11.821
310 6 1 30.978 12.587 29.685 11.832
311 6 1 30.933 12.575 29.641 11.821
312 6 1 30.889 12.587 29.597 11.832
313 6 1 30.845 12.576 29.553 11.821
314 6 1 30.779 12.564 29.487 11.810
315 6 1 30.735 12.553 29.442 11.799
316 6 1 30.712 12.353 29.476 11.654
317 6 1 30.735 12.376 29.454 11.632
318 6 1 30.679 12.376 29.399 11.632
319 6 1 30.602 12.376 29.321 11.632
320 6 1 30.569 12.376 29.288 11.632
321 6 1 30.514 12.376 29.233 11.632
322 6 1 30.503 12.376 29.222 11.632
323 6 1 30.447 12.376 29.167 11.632
324 6 1 30.414 12.376 29.133 11.632
325 6 1 30.381 12.376 29.100 11.632
326 6 1 30.348 12.376 29.067 11.632
327 6 1 30.293 12.376 29.012 11.632
328 6 1 30.259 12.354 28.979 11.610
329 6 1 30.204 12.354 28.924 11.610
330 6 1 30.171 12.354 28.890 11.610
331 6 1 30.116 12.354 28.835 11.610
332 6 1 30.083 12.354 28.802 11.610
333 6 1 30.027 12.354 28.747 11.610
334 6 1 29.994 12.331 28.714 11.588
335 6 1 29.939 12.332 28.658 11.588
336 6 1 29.906 12.332 28.625 11.588
337 6 1 29.850 12.332 28.570 11.588
338 6 1 29.839 12.332 28.559 11.588
339 6 1 29.806 12.332 28.526 11.588
340 6 1 29.773 12.309 28.493 11.566
341 6 1 29.740 12.309 28.460 11.566
342 6 1 29.707 12.309 28.426 11.566
343 6 1 29.651 12.309 28.371 11.566
344 6 1 29.618 12.309 28.338 11.566
345 6 1 29.585 12.309 28.305 11.566
346 6 1 29.552 12.309 28.272 11.566
348 6 1 29.441 12.310 28.161 11.566
349 6 1 29.386 12.310 28.106 11.566
350 6 1 29.353 12.310 28.073 11.566
351 6 1 29.298 12.310 28.017 11.566
352 6 1 29.242 12.310 27.962 11.566
353 6 1 29.187 12.310 27.907 11.566
354 6 1 29.154 12.310 27.874 11.566
355 6 1 29.121 12.310 27.841 11.566
356 6 1 29.088 12.310 27.807 11.566
357 6 1 29.054 12.310 27.774 11.566
358 6 1 29.021 12.310 27.741 11.566
359 6 1 28.966 12.310 27.686 11.566
360 6 1 28.933 12.310 27.653 11.566
361 6 1 28.900 12.288 27.619 11.544
362 6 1 28.866 12.288 27.586 11.544
363 6 1 28.811 12.288 27.531 11.544
364 6 1 28.778 12.288 27.498 11.544
365 6 1 28.723 12.265 27.443 11.522
366 6 1 28.690 12.265 27.409 11.522
367 6 1 28.634 12.266 27.354 11.522
368 6 1 28.601 12.266 27.321 11.522
369 6 1 28.546 12.266 27.266 11.522
370 6 1 28.513 12.266 27.233 11.522
371 6 1 28.457 12.243 27.177 11.500
372 6 1 28.446 12.243 27.166 11.500
373 6 1 28.391 12.243 27.111 11.500
374 6 1 28.380 12.243 27.100 11.500
375 6 1 28.325 12.243 27.045 11.500
377 6 1 28.236 12.221 26.956 11.478
378 6 1 28.203 12.221 26.923 11.478
379 6 1 28.148 12.221 26.868 11.478
380 6 1 28.114 12.221 26.835 11.478
381 6 1 28.059 12.199 26.779 11.456
382 6 1 28.026 12.199 26.746 11.456
383 6 1 27.971 12.199 26.691 11.456
384 6 1 27.937 12.199 26.658 11.456
385 6 1 27.882 12.199 26.602 11.456
386 6 1 27.849 12.199 26.569 11.456
387 6 1 27.794 12.199 26.514 11.456
388 6 1 27.760 12.199 26.481 11.456
389 6 1 27.705 12.199 26.425 11.456
390 6 1 27.672 12.222 26.392 11.478
391 6 1 27.639 12.222 26.359 11.478
392 6 1 27.605 12.222 26.326 11.478
393 6 1 27.572 12.222 26.293 11.478
394 6 1 27.539 12.222 26.259 11.478
395 6 1 27.506 12.199 26.226 11.456
396 6 1 27.473 12.199 26.193 11.456
397 6 1 27.417 12.199 26.138 11.456
398 6 1 27.384 12.199 26.105 11.456
399 6 1 27.329 12.200 26.049 11.456
400 6 1 27.296 12.200 26.016 11.456
401 6 1 27.240 12.177 25.961 11.434
402 6 1 27.207 12.177 25.928 11.434
403 6 1 27.152 12.177 25.872 11.434
404 6 1 27.119 12.177 25.839 11.434
405 6 1 27.085 12.177 25.806 11.434
406 6 1 27.052 12.155 25.773 11.411
407 6 1 26.997 12.155 25.718 11.411
408 6 1 26.986 12.133 25.707 11.389
409 6 1 26.931 12.133 25.651 11.389
410 6 1 26.920 12.133 25.640 11.389
411 6 1 26.864 12.133 25.585 11.389
412 6 1 26.853 12.111 25.574 11.367
413 6 1 26.798 12.111 25.519 11.367
414 6 1 26.765 12.111 25.485 11.367
415 6 1 26.731 12.111 25.452 11.367
416 6 1 26.698 12.111 25.419 11.367
417 6 1 26.643 12.111 25.364 11.367
347 6 1 29.497 12.310 28.216 11.566
376 6 1 28.291 12.221 27.012 11.478
0 7 1 42.831 12.745 41.645 11.982
1 7 1 42.864 12.767 41.622 11.971
2 7 1 42.853 12.756 41.611 11.960
3 7 1 42.842 12.745 41.600 11.949
4 7 1 42.809 12.734 41.567 11.938
5 7 1 42.798 12.723 41.556 11.927
6 7 1 42.787 12.712 41.545 11.916
7 7 1 42.775 12.701 41.534 11.904
8 7 1 42.732 12.723 41.490 11.927
9 7 1 42.753 12.701 41.512 11.904
10 7 1 42.721 12.712 41.479 11.916
11 7 1 42.579 12.746 41.337 11.949
12 7 1 42.676 12.690 41.435 11.893
13 7 1 42.665 12.679 41.424 11.882
14 7 1 42.709 12.657 41.467 11.860
15 7 1 42.621 12.679 41.380 11.882
16 7 1 42.589 12.690 41.347 11.893
17 7 1 42.556 12.690 41.314 11.893
18 7 1 42.545 12.690 41.303 11.893
19 7 1 42.534 12.701 41.292 11.905
20 7 1 42.490 12.712 41.249 11.916
21 7 1 42.468 12.701 41.226 11.905
22 7 1 42.413 12.712 41.172 11.916
23 7 1 42.402 12.723 41.161 11.927
24 7 1 42.348 12.735 41.106 11.938
25 7 1 42.337 12.746 41.095 11.949
26 7 1 42.282 12.757 41.041 11.960
27 7 1 42.271 12.746 41.029 11.949
28 7 1 42.239 12.779 40.997 11.982
29 7 1 42.206 12.768 40.964 11.971
30 7 1 42.173 12.779 40.931 11.982
31 7 1 42.162 12.768 40.920 11.971
32 7 1 42.129 12.779 40.887 11.982
33 7 1 42.096 12.768 40.854 11.971
34 7 1 42.063 12.779 40.821 11.982
35 7 1 42.052 12.768 40.810 11.971
36 7 1 42.019 12.779 40.777 11.982
37 7 1 41.986 12.768 40.744 11.971
38 7 1 41.953 12.779 40.712 11.982
39 7 1 41.920 12.768 40.678 11.971
40 7 1 41.865 12.779 40.624 11.982
41 7 1 41.832 12.768 40.591 11.971
42 7 1 41.799 12.757 40.557 11.960
43 7 1 41.766 12.746 40.524 11.949
44 7 1 41.711 12.757 40.470 11.960
45 7 1 41.678 12.746 40.437 11.949
46 7 1 41.645 12.757 40.404 11.960
47 7 1 41.612 12.746 40.371 11.949
48 7 1 41.579 12.735 40.338 11.938
49 7 1 41.546 12.724 40.304 11.927
50 7 1 41.513 12.735 40.272 11.938
51 7 1 41.480 12.724 40.239 11.927
52 7 1 41.447 12.735 40.206 11.938
53 7 1 41.414 12.746 40.173 11.949
54 7 1 41.381 12.757 40.140 11.960
55 7 1 41.348 12.746 40.107 11.949
56 7 1 41.316 12.757 40.074 11.960
57 7 1 41.282 12.746 40.041 11.949
58 7 1 41.228 12.758 39.986 11.960
59 7 1 41.194 12.746 39.953 11.949
60 7 1 41.140 12.780 39.899 11.983
61 7 1 41.107 12.769 39.866 11.972
62 7 1 41.052 12.780 39.811 11.983
63 7 1 41.019 12.791 39.778 11.994
64 7 1 40.964 12.802 39.723 12.005
65 7 1 40.953 12.791 39.712 11.994
66 7 1 40.899 12.802 39.657 12.005
67 7 1 40.866 12.813 39.625 12.016
68 7 1 40.833 12.824 39.592 12.027
69 7 1 40.800 12.813 39.559 12.016
70 7 1 40.767 12.824 39.526 12.027
71 7 1 40.734 12.813 39.493 12.016
72 7 1 40.679 12.824 39.438 12.027
73 7 1 40.668 12.813 39.427 12.016
74 7 1 40.613 12.824 39.372 12.027
75 7 1 40.580 12.813 39.339 12.016
76 7 1 40.525 12.825 39.284 12.027
77 7 1 40.492 12.813 39.251 12.016
78 7 1 40.437 12.825 39.196 12.027
79 7 1 40.404 12.814 39.163 12.016
80 7 1 40.349 12.825 39.108 12.027
81 7 1 40.316 12.814 39.075 12.016
82 7 1 40.261 12.825 39.020 12.027
83 7 1 40.228 12.814 38.987 12.016
84 7 1 40.173 12.825 38.932 12.027
85 7 1 40.162 12.814 38.921 12.016
86 7 1 40.107 12.825 38.866 12.027
87 7 1 40.074 12.814 38.833 12.016
88 7 1 40.041 12.825 38.800 12.027
89 7 1 40.008 12.836 38.768 12.039
90 7 1 39.954 12.847 38.713 12.050
91 7 1 39.920 12.836 38.680 12.039
92 7 1 39.866 12.847 38.625 12.050
93 7 1 39.833 12.858 38.592 12.061
94 7 1 39.778 12.869 38.537 12.072
95 7 1 39.745 12.858 38.504 12.061
96 7 1 39.690 12.870 38.449 12.072
97 7 1 39.657 12.881 38.416 12.083
98 7 1 39.602 12.892 38.361 12.094
99 7 1 39.569 12.903 38.328 12.105
100 7 1 39.514 12.914 38.274 12.116
101 7 1 39.503 12.925 38.263 12.127
102 7 1 39.449 12.936 38.208 12.139
103 7 1 39.415 12.925 38.175 12.127
104 7 1 39.383 12.936 38.142 12.139
105 7 1 39.349 12.925 38.109 12.127
106 7 1 39.317 12.936 38.076 12.139
107 7 1 39.283 12.925 38.043 12.128
108 7 1 39.229 12.936 37.988 12.139
109 7 1 39.195 12.925 37.955 12.128
110 7 1 39.141 12.937 37.900 12.139
111 7 1 39.107 12.925 37.867 12.128
112 7 1 39.052 12.937 37.812 12.139
113 7 1 39.019 12.926 37.779 12.128
114 7 1 38.964 12.914 37.724 12.117
115 7 1 38.931 12.903 37.690 12.106
116 7 1 38.876 12.915 37.636 12.117
117 7 1 38.843 12.903 37.602 12.106
118 7 1 38.788 12.915 37.548 12.117
119 7 1 38.777 12.903 37.536 12.106
120 7 1 38.722 12.915 37.481 12.117
121 7 1 38.689 12.904 37.448 12.106
122 7 1 38.656 12.915 37.415 12.117
123 7 1 38.623 12.904 37.382 12.106
124 7 1 38.590 12.915 37.349 12.117
125 7 1 38.557 12.904 37.316 12.106
126 7 1 38.502 12.915 37.261 12.117
127 7 1 38.469 12.926 37.229 12.128
128 7 1 38.436 12.937 37.196 12.139
129 7 1 38.403 12.926 37.162 12.128
130 7 1 38.348 12.959 37.108 12.161
131 7 1 38.315 12.948 37.075 12.150
132 7 1 38.260 12.982 37.020 12.183
133 7 1 38.227 12.971 36.987 12.172
134 7 1 38.195 13.004 36.954 12.206
135 7 1 38.161 12.993 36.921 12.195
136 7 1 38.129 13.026 36.888 12.228
137 7 1 38.096 13.015 36.855 12.217
138 7 1 38.063 13.048 36.822 12.250
139 7 1 38.030 13.037 36.789 12.239
140 7 1 37.997 13.048 36.756 12.250
141 7 1 37.964 13.060 36.723 12.261
142 7 1 37.931 13.071 36.690 12.272
143 7 1 37.898 13.082 36.657 12.283
144 7 1 37.843 13.093 36.602 12.295
145 7 1 37.832 13.082 36.591 12.283
146 7 1 37.777 13.115 36.537 12.317
147 7 1 37.744 13.104 36.503 12.306
148 7 1 37.689 13.115 36.448 12.317
149 7 1 37.656 13.126 36.416 12.328
150 7 1 37.601 13.138 36.361 12.339
151 7 1 37.568 13.127 36.327 12.328
152 7 1 37.513 13.160 36.273 12.361
153 7 1 37.502 13.149 36.261 12.350
154 7 1 37.447 13.160 36.206 12.361
155 7 1 37.436 13.171 36.196 12.372
156 7 1 37.381 13.182 36.141 12.384
157 7 1 37.370 13.193 36.130 12.395
158 7 1 37.315 13.205 36.075 12.406
159 7 1 37.282 13.216 36.042 12.417
160 7 1 37.249 13.227 36.009 12.428
161 7 1 37.216 13.238 35.976 12.439
162 7 1 37.161 13.249 35.921 12.450
163 7 1 37.128 13.260 35.888 12.461
164 7 1 37.095 13.294 35.855 12.495
165 7 1 37.062 13.283 35.822 12.484
166 7 1 37.007 13.316 35.767 12.517
167 7 1 36.974 13.327 35.734 12.528
168 7 1 36.919 13.338 35.679 12.539
169 7 1 36.886 13.349 35.646 12.550
170 7 1 36.854 13.383 35.613 12.584
171 7 1 36.821 13.394 35.580 12.595
172 7 1 36.788 13.405 35.547 12.606
173 7 1 36.755 13.416 35.514 12.617
174 7 1 36.722 13.427 35.481 12.628
175 7 1 36.689 13.439 35.448 12.639
176 7 1 36.656 13.450 35.415 12.650
177 7 1 36.623 13.439 35.382 12.639
178 7 1 36.567 13.450 35.327 12.650
179 7 1 36.534 13.461 35.294 12.662
180 7 1 36.501 13.472 35.261 12.673
181 7 1 36.468 13.461 35.228 12.662
182 7 1 36.413 13.472 35.173 12.673
183 7 1 36.380 13.461 35.140 12.662
184 7 1 36.325 13.472 35.084 12.673
185 7 1 36.292 13.461 35.051 12.662
186 7 1 36.237 13.472 34.996 12.673
187 7 1 36.204 13.461 34.963 12.662
188 7 1 36.171 13.472 34.930 12.673
189 7 1 36.138 13.484 34.897 12.684
190 7 1 36.105 13.495 34.864 12.695
191 7 1 36.071 13.484 34.831 12.684
192 7 1 36.016 13.495 34.776 12.695
193 7 1 36.005 13.506 34.765 12.706
194 7 1 35.950 13.517 34.710 12.717
195 7 1 35.917 13.506 34.677 12.706
196 7 1 35.862 13.517 34.622 12.718
197 7 1 35.829 13.528 34.588 12.729
198 7 1 35.774 13.540 34.533 12.740
199 7 1 35.741 13.528 34.500 12.729
200 7 1 35.686 13.540 34.445 12.740
201 7 1 35.653 13.551 34.412 12.751
202 7 1 35.597 13.562 34.357 12.762
203 7 1 35.564 13.551 34.324 12.751
204 7 1 35.531 13.584 34.291 12.784
205 7 1 35.498 13.573 34.258 12.773
206 7 1 35.443 13.584 34.203 12.785
207 7 1 35.410 13.573 34.169 12.773
208 7 1 35.377 13.584 34.136 12.785
209 7 1 35.344 13.596 34.103 12.796
210 7 1 35.289 13.607 34.048 12.807
211 7 1 35.255 13.596 34.015 12.796
212 7 1 35.200 13.607 33.960 12.807
213 7 1 35.189 13.596 33.949 12.796
214 7 1 35.134 13.607 33.894 12.807
215 7 1 35.101 13.596 33.861 12.796
216 7 1 35.046 13.607 33.805 12.807
217 7 1 35.013 13.596 33.772 12.796
218 7 1 34.957 13.607 33.717 12.807
219 7 1 34.924 13.596 33.684 12.796
220 7 1 34.869 13.607 33.629 12.807
221 7 1 34.836 13.596 33.596 12.796
222 7 1 34.781 13.585 33.540 12.785
223 7 1 34.747 13.574 33.507 12.774
224 7 1 34.692 13.585 33.452 12.785
225 7 1 34.659 13.574 33.419 12.774
226 7 1 34.604 13.585 33.364 12.785
227 7 1 34.571 13.574 33.331 12.774
228 7 1 34.538 13.585 33.298 12.785
229 7 1 34.504 13.574 33.264 12.774
230 7 1 34.449 13.585 33.209 12.785
231 7 1 34.416 13.574 33.176 12.774
232 7 1 34.361 13.585 33.121 12.785
233 7 1 34.328 13.574 33.088 12.774
234 7 1 34.273 13.585 33.033 12.785
235 7 1 34.239 13.597 33.000 12.796
236 7 1 34.184 13.608 32.944 12.808
237 7 1 34.151 13.597 32.911 12.797
238 7 1 34.096 13.608 32.856 12.808
239 7 1 34.063 13.597 32.823 12.797
240 7 1 34.008 13.608 32.768 12.808
241 7 1 33.974 13.597 32.735 12.797
242 7 1 33.919 13.608 32.679 12.808
243 7 1 33.886 13.597 32.646 12.797
244 7 1 33.831 13.608 32.591 12.808
245 7 1 33.798 13.597 32.558 12.797
246 7 1 33.765 13.608 32.525 12.808
247 7 1 33.731 13.597 32.492 12.797
248 7 1 33.676 13.608 32.436 12.808
249 7 1 33.643 13.597 32.403 12.797
250 7 1 33.610 13.586 32.370 12.786
251 7 1 33.554 13.575 32.315 12.775
252 7 1 33.499 13.564 32.260 12.764
253 7 1 33.466 13.553 32.226 12.752
254 7 1 33.411 13.542 32.171 12.741
255 7 1 33.377 13.531 32.138 12.730
256 7 1 33.322 13.520 32.083 12.719
257 7 1 33.289 13.508 32.050 12.708
258 7 1 33.256 13.520 32.016 12.719
259 7 1 33.223 13.508 31.983 12.708
260 7 1 33.167 13.497 31.928 12.697
261 7 1 33.156 13.486 31.917 12.686
262 7 1 33.101 13.497 31.862 12.697
263 7 1 33.068 13.486 31.829 12.686
264 7 1 33.013 13.475 31.773 12.675
265 7 1 32.979 13.464 31.740 12.664
266 7 1 32.924 13.475 31.685 12.675
267 7 1 32.891 13.464 31.652 12.664
268 7 1 32.836 13.475 31.597 12.675
269 7 1 32.803 13.464 31.563 12.664
270 7 1 32.747 13.453 31.508 12.653
271 7 1 32.714 13.442 31.475 12.642
272 7 1 32.659 13.453 31.420 12.653
273 7 1 32.626 13.442 31.387 12.642
274 7 1 32.570 13.453 31.331 12.653
275 7 1 32.537 13.442 31.298 12.642
276 7 1 32.482 13.453 31.243 12.653
277 7 1 32.449 13.442 31.210 12.642
278 7 1 32.416 13.431 31.177 12.631
279 7 1 32.382 13.420 31.143 12.620
280 7 1 32.327 13.431 31.088 12.631
281 7 1 32.294 13.420 31.055 12.620
282 7 1 32.261 13.409 31.022 12.609
283 7 1 32.228 13.398 30.989 12.598
284 7 1 32.172 13.387 30.933 12.587
285 7 1 32.139 13.376 30.900 12.575
286 7 1 32.084 13.365 30.845 12.564
287 7 1 32.051 13.354 30.812 12.553
288 7 1 31.995 13.342 30.757 12.542
289 7 1 31.962 13.331 30.723 12.531
290 7 1 31.907 13.320 30.668 12.520
291 7 1 31.874 13.309 30.635 12.509
292 7 1 31.818 13.298 30.580 12.498
293 7 1 31.785 13.287 30.547 12.487
294 7 1 31.752 13.298 30.514 12.498
295 7 1 31.719 13.287 30.480 12.487
296 7 1 31.664 13.276 30.425 12.476
297 7 1 31.630 13.265 30.392 12.465
298 7 1 31.597 13.276 30.359 12.476
299 7 1 31.564 13.265 30.326 12.465
300 7 1 31.509 13.276 30.270 12.476
301 7 1 31.476 13.265 30.237 12.465
302 7 1 31.420 13.276 30.182 12.476
303 7 1 31.387 13.265 30.149 12.465
304 7 1 31.332 13.276 30.093 12.476
305 7 1 31.299 13.265 30.060 12.465
306 7 1 31.243 13.276 30.005 12.476
307 7 1 31.188 13.265 29.950 12.465
308 7 1 31.155 13.276 29.917 12.476
309 7 1 31.122 13.265 29.883 12.465
310 7 1 31.066 13.276 29.828 12.476
311 7 1 31.033 13.265 29.795 12.465
312 7 1 30.978 13.276 29.740 12.476
313 7 1 30.945 13.265 29.707 12.465
314 7 1 30.911 13.277 29.673 12.476
315 7 1 30.878 13.265 29.640 12.465
316 7 1 30.823 13.277 29.585 12.476
317 7 1 30.790 13.265 29.552 12.465
318 7 1 30.734 13.254 29.496 12.454
319 7 1 30.701 13.243 29.463 12.443
320 7 1 30.646 13.254 29.408 12.454
321 7 1 30.613 13.243 29.375 12.443
322 7 1 30.557 13.232 29.320 12.432
323 7 1 30.524 13.221 29.286 12.421
324 7 1 30.469 13.210 29.231 12.410
325 7 1 30.436 13.199 29.198 12.399
326 7 1 30.380 13.210 29.143 12.410
327 7 1 30.347 13.199 29.109 12.399
328 7 1 30.314 13.188 29.076 12.388
329 7 1 30.281 13.177 29.043 12.376
330 7 1 30.226 13.188 28.988 12.388
331 7 1 30.192 13.177 28.955 12.377
332 7 1 30.137 13.188 28.899 12.388
333 7 1 30.104 13.177 28.866 12.377
334 7 1 30.071 13.188 28.833 12.388
335 7 1 30.037 13.177 28.800 12.377
336 7 1 29.982 13.188 28.744 12.388
337 7 1 29.949 13.177 28.711 12.377
338 7 1 29.894 13.188 28.656 12.388
339 7 1 29.860 13.177 28.623 12.377
340 7 1 29.805 13.188 28.567 12.388
341 7 1 29.750 13.177 28.512 12.377
342 7 1 29.716 13.188 28.479 12.388
343 7 1 29.683 13.177 28.446 12.377
344 7 1 29.628 13.188 28.390 12.388
345 7 1 29.595 13.177 28.357 12.377
346 7 1 29.561 13.189 28.324 12.388
348 7 1 29.473 13.166 28.236 12.366
349 7 1 29.440 13.155 28.202 12.355
350 7 1 29.407 13.166 28.169 12.366
351 7 1 29.373 13.155 28.136 12.355
352 7 1 29.318 13.166 28.081 12.366
353 7 1 29.285 13.155 28.047 12.355
354 7 1 29.229 13.144 27.992 12.344
355 7 1 29.196 13.133 27.959 12.333
356 7 1 29.141 13.144 27.904 12.344
357 7 1 29.108 13.111 27.871 12.310
358 7 1 29.052 13.122 27.815 12.322
359 7 1 29.019 13.111 27.782 12.310
360 7 1 28.964 13.100 27.727 12.299
361 7 1 28.953 13.089 27.716 12.288
362 7 1 28.897 13.100 27.660 12.299
363 7 1 28.864 13.089 27.627 12.288
364 7 1 28.831 13.078 27.594 12.277
365 7 1 28.798 13.067 27.561 12.266
366 7 1 28.742 13.078 27.506 12.277
367 7 1 28.731 13.067 27.494 12.266
368 7 1 28.676 13.078 27.439 12.277
369 7 1 28.643 13.067 27.406 12.266
370 7 1 28.587 13.078 27.351 12.277
371 7 1 28.554 13.067 27.317 12.266
372 7 1 28.499 13.078 27.262 12.277
373 7 1 28.466 13.067 27.229 12.266
374 7 1 28.410 13.078 27.173 12.277
375 7 1 28.377 13.067 27.140 12.266
377 7 1 28.288 13.067 27.052 12.266
378 7 1 28.255 13.078 27.018 12.278
379 7 1 28.222 13.067 26.985 12.266
380 7 1 28.167 13.078 26.930 12.278
381 7 1 28.156 13.067 26.919 12.266
382 7 1 28.100 13.056 26.864 12.255
383 7 1 28.067 13.045 26.830 12.244
384 7 1 28.034 13.056 26.797 12.255
385 7 1 28.001 13.045 26.764 12.244
386 7 1 27.945 13.056 26.709 12.255
387 7 1 27.912 13.045 26.675 12.244
388 7 1 27.879 13.056 26.642 12.255
389 7 1 27.845 13.045 26.609 12.244
390 7 1 27.790 13.034 26.554 12.233
391 7 1 27.757 13.023 26.520 12.222
392 7 1 27.702 13.012 26.465 12.211
393 7 1 27.668 13.001 26.432 12.200
394 7 1 27.613 12.989 26.377 12.189
395 7 1 27.602 12.978 26.366 12.178
396 7 1 27.547 12.990 26.310 12.189
397 7 1 27.513 12.978 26.277 12.178
398 7 1 27.480 12.967 26.244 12.167
399 7 1 27.447 12.956 26.211 12.156
400 7 1 27.414 12.967 26.177 12.167
401 7 1 27.380 12.956 26.144 12.156
402 7 1 27.347 12.967 26.111 12.167
403 7 1 27.314 12.956 26.078 12.156
404 7 1 27.259 12.967 26.022 12.167
405 7 1 27.248 12.956 26.011 12.156
406 7 1 27.192 12.968 25.956 12.167
407 7 1 27.159 12.979 25.923 12.178
408 7 1 27.103 12.990 25.867 12.189
409 7 1 27.070 12.979 25.834 12.178
410 7 1 27.037 12.990 25.801 12.189
411 7 1 27.004 12.979 25.768 12.178
412 7 1 26.948 12.990 25.712 12.189
413 7 1 26.937 13.001 25.701 12.200
414 7 1 26.882 13.012 25.645 12.211
415 7 1 26.870 13.001 25.634 12.200
416 7 1 26.815 13.012 25.579 12.212
417 7 1 26.804 13.001 25.568 12.200
347 7 1 29.528 13.177 28.291 12.377
376 7 1 28.322 13.078 27.085 12.277
0 8 1 41.622 12.657 40.534 11.883
1 8 1 41.655 12.680 40.523 11.872
2 8 1 41.622 12.680 40.490 11.872
3 8 1 41.633 12.680 40.501 11.872
4 8 1 41.611 12.657 40.479 11.850
5 8 1 41.544 12.635 40.413 11.827
6 8 1 41.545 12.658 40.413 11.850
7 8 1 41.544 12.635 40.413 11.827
8 8 1 41.511 12.624 40.380 11.816
9 8 1 41.479 12.635 40.347 11.828
10 8 1 41.435 12.635 40.303 11.828
11 8 1 41.454 12.480 40.323 11.673
12 8 1 41.412 12.591 40.281 11.783
13 8 1 41.368 12.591 40.237 11.783
14 8 1 41.325 12.647 40.193 11.839
15 8 1 41.302 12.591 40.171 11.783
16 8 1 41.280 12.591 40.149 11.783
17 8 1 41.269 12.558 40.137 11.750
18 8 1 41.258 12.547 40.126 11.739
19 8 1 41.214 12.569 40.083 11.761
20 8 1 41.170 12.569 40.039 11.761
21 8 1 41.148 12.569 40.017 11.761
22 8 1 41.126 12.591 39.995 11.783
23 8 1 41.105 12.613 39.973 11.806
24 8 1 41.083 12.613 39.951 11.806
25 8 1 41.039 12.613 39.908 11.806
26 8 1 41.017 12.602 39.885 11.795
27 8 1 40.995 12.636 39.864 11.828
28 8 1 40.951 12.658 39.820 11.850
29 8 1 40.907 12.636 39.776 11.828
30 8 1 40.842 12.658 39.710 11.850
31 8 1 40.820 12.658 39.688 11.850
32 8 1 40.754 12.658 39.623 11.850
33 8 1 40.732 12.658 39.601 11.850
34 8 1 40.688 12.658 39.557 11.850
35 8 1 40.644 12.658 39.513 11.850
36 8 1 40.622 12.658 39.491 11.850
37 8 1 40.600 12.658 39.469 11.850
38 8 1 40.556 12.658 39.425 11.850
39 8 1 40.534 12.636 39.403 11.828
40 8 1 40.512 12.658 39.381 11.850
41 8 1 40.468 12.636 39.337 11.828
42 8 1 40.424 12.636 39.293 11.828
43 8 1 40.402 12.636 39.271 11.828
44 8 1 40.368 12.614 39.237 11.806
45 8 1 40.335 12.592 39.204 11.784
46 8 1 40.291 12.614 39.161 11.806
47 8 1 40.247 12.592 39.116 11.784
48 8 1 40.203 12.614 39.073 11.806
49 8 1 40.159 12.592 39.028 11.784
50 8 1 40.116 12.614 38.985 11.806
51 8 1 40.071 12.592 38.941 11.784
52 8 1 39.939 12.559 38.842 11.806
53 8 1 39.939 12.570 38.831 11.795
54 8 1 39.906 12.559 38.798 11.784
55 8 1 39.873 12.570 38.765 11.795
56 8 1 39.818 12.559 38.710 11.784
57 8 1 39.785 12.570 38.677 11.795
58 8 1 39.752 12.559 38.644 11.784
59 8 1 39.719 12.570 38.611 11.795
60 8 1 39.664 12.581 38.556 11.806
61 8 1 39.631 12.592 38.523 11.817
62 8 1 39.599 12.603 38.490 11.828
63 8 1 39.566 12.637 38.458 11.861
64 8 1 39.511 12.626 38.403 11.850
65 8 1 39.478 12.659 38.370 11.884
66 8 1 39.423 12.648 38.315 11.873
67 8 1 39.368 12.659 38.260 11.884
68 8 1 39.313 12.648 38.205 11.873
69 8 1 39.258 12.659 38.150 11.884
70 8 1 39.203 12.648 38.095 11.873
71 8 1 39.170 12.659 38.062 11.884
72 8 1 39.115 12.670 38.007 11.895
73 8 1 39.083 12.681 37.974 11.906
74 8 1 39.027 12.670 37.919 11.895
75 8 1 39.017 12.681 37.909 11.906
76 8 1 38.961 12.670 37.853 11.895
77 8 1 38.951 12.681 37.843 11.906
78 8 1 38.895 12.670 37.787 11.895
79 8 1 38.884 12.659 37.776 11.884
80 8 1 38.829 12.648 37.721 11.873
81 8 1 38.796 12.637 37.688 11.862
82 8 1 38.741 12.626 37.633 11.851
83 8 1 38.686 12.637 37.578 11.862
84 8 1 38.653 12.626 37.545 11.851
85 8 1 38.620 12.637 37.512 11.862
86 8 1 38.565 12.626 37.457 11.851
87 8 1 38.532 12.659 37.424 11.884
88 8 1 38.499 12.648 37.391 11.873
89 8 1 38.466 12.660 37.358 11.884
90 8 1 38.411 12.671 37.303 11.895
91 8 1 38.378 12.682 37.271 11.906
92 8 1 38.323 12.671 37.215 11.895
93 8 1 38.290 12.682 37.183 11.906
94 8 1 38.235 12.671 37.127 11.895
95 8 1 38.225 12.704 37.117 11.929
96 8 1 38.169 12.693 37.062 11.917
97 8 1 38.137 12.726 37.029 11.951
98 8 1 38.104 12.737 36.996 11.962
99 8 1 38.071 12.771 36.963 11.995
100 8 1 38.016 12.782 36.908 12.006
101 8 1 37.983 12.815 36.876 12.039
102 8 1 37.951 12.849 36.843 12.073
103 8 1 37.918 12.882 36.810 12.106
104 8 1 37.863 12.893 36.755 12.117
105 8 1 37.830 12.904 36.722 12.128
106 8 1 37.775 12.915 36.667 12.139
107 8 1 37.742 12.926 36.634 12.150
108 8 1 37.687 12.938 36.579 12.161
109 8 1 37.654 12.949 36.546 12.173
110 8 1 37.599 12.960 36.491 12.184
111 8 1 37.566 12.971 36.459 12.195
112 8 1 37.511 12.982 36.404 12.206
113 8 1 37.478 12.971 36.370 12.195
114 8 1 37.445 12.982 36.337 12.206
115 8 1 37.390 12.971 36.282 12.195
116 8 1 37.357 12.960 36.249 12.184
117 8 1 37.324 12.971 36.216 12.195
118 8 1 37.269 12.960 36.161 12.184
119 8 1 37.214 12.949 36.106 12.173
120 8 1 37.159 12.960 36.051 12.184
121 8 1 37.104 12.971 35.996 12.195
122 8 1 37.071 12.982 35.963 12.206
123 8 1 37.038 13.016 35.930 12.239
124 8 1 36.983 13.027 35.875 12.251
125 8 1 36.950 13.038 35.842 12.262
126 8 1 36.895 13.049 35.787 12.273
127 8 1 36.862 13.060 35.754 12.284
128 8 1 36.829 13.072 35.721 12.295
129 8 1 36.796 13.083 35.688 12.306
130 8 1 36.741 13.094 35.633 12.317
131 8 1 36.708 13.105 35.600 12.328
132 8 1 36.675 13.116 35.567 12.339
133 8 1 36.642 13.127 35.534 12.351
134 8 1 36.609 13.138 35.501 12.362
135 8 1 36.576 13.172 35.469 12.395
136 8 1 36.521 13.205 35.414 12.428
137 8 1 36.467 13.239 35.359 12.462
138 8 1 36.434 13.250 35.326 12.473
139 8 1 36.401 13.283 35.293 12.506
140 8 1 36.346 13.272 35.238 12.495
141 8 1 36.313 13.305 35.205 12.528
142 8 1 36.258 13.294 35.150 12.517
143 8 1 36.225 13.328 35.117 12.551
144 8 1 36.191 13.317 35.084 12.540
145 8 1 36.159 13.350 35.051 12.573
146 8 1 36.103 13.339 34.996 12.562
147 8 1 36.092 13.350 34.985 12.573
148 8 1 36.059 13.361 34.952 12.584
149 8 1 36.026 13.372 34.919 12.595
150 8 1 35.993 13.361 34.885 12.584
151 8 1 35.960 13.350 34.852 12.573
152 8 1 35.927 13.339 34.819 12.562
153 8 1 35.894 13.328 34.786 12.551
154 8 1 35.839 13.317 34.731 12.540
155 8 1 35.805 13.306 34.698 12.529
156 8 1 35.750 13.317 34.643 12.540
157 8 1 35.717 13.328 34.610 12.551
158 8 1 35.662 13.317 34.554 12.540
159 8 1 35.629 13.328 34.521 12.551
160 8 1 35.574 13.317 34.466 12.540
161 8 1 35.541 13.328 34.433 12.551
162 8 1 35.485 13.317 34.378 12.540
163 8 1 35.452 13.328 34.345 12.551
164 8 1 35.397 13.317 34.290 12.540
165 8 1 35.364 13.328 34.257 12.551
166 8 1 35.309 13.317 34.201 12.540
167 8 1 35.276 13.329 34.168 12.551
168 8 1 35.221 13.317 34.113 12.540
169 8 1 35.210 13.351 34.102 12.573
170 8 1 35.177 13.362 34.069 12.585
171 8 1 35.144 13.373 34.036 12.596
172 8 1 35.089 13.384 33.981 12.607
173 8 1 35.055 13.351 33.948 12.707
174 8 1 35.000 13.362 33.893 12.718
175 8 1 34.967 13.373 33.860 12.729
176 8 1 34.912 13.362 33.805 12.718
177 8 1 34.879 13.373 33.772 12.729
178 8 1 34.824 13.362 33.717 12.718
179 8 1 34.791 13.373 33.684 12.729
180 8 1 34.735 13.362 33.629 12.718
181 8 1 34.702 13.374 33.595 12.729
182 8 1 34.647 13.362 33.540 12.718
183 8 1 34.592 13.374 33.485 12.729
184 8 1 34.537 13.363 33.430 12.718
185 8 1 34.526 13.374 33.419 12.729
186 8 1 34.492 13.363 33.386 12.718
187 8 1 34.459 13.352 33.353 12.707
188 8 1 34.426 13.318 33.319 12.674
189 8 1 34.393 13.307 33.286 12.663
190 8 1 34.337 13.274 33.231 12.630
191 8 1 34.304 13.263 33.198 12.618
192 8 1 34.249 13.229 33.142 12.585
193 8 1 34.216 13.240 33.109 12.596
194 8 1 34.161 13.229 33.054 12.585
195 8 1 34.127 13.218 33.021 12.574
196 8 1 34.072 13.207 32.966 12.563
197 8 1 34.017 13.218 32.911 12.574
198 8 1 33.962 13.207 32.855 12.563
199 8 1 33.928 13.196 32.822 12.552
200 8 1 33.873 13.185 32.767 12.541
201 8 1 33.840 13.196 32.734 12.552
202 8 1 33.807 13.185 32.701 12.541
203 8 1 33.774 13.196 32.668 12.552
204 8 1 33.719 13.185 32.612 12.541
205 8 1 33.708 13.196 32.601 12.552
206 8 1 33.652 13.208 32.546 12.563
207 8 1 33.642 13.241 32.535 12.597
208 8 1 33.586 13.230 32.480 12.586
209 8 1 33.531 13.241 32.425 12.597
210 8 1 33.454 13.230 32.348 12.586
211 8 1 33.421 13.219 32.314 12.575
212 8 1 33.365 13.208 32.259 12.564
213 8 1 33.332 13.219 32.226 12.575
214 8 1 33.277 13.186 32.171 12.541
215 8 1 33.244 13.197 32.138 12.552
216 8 1 33.188 13.186 32.082 12.541
217 8 1 33.155 13.175 32.049 12.530
218 8 1 33.100 13.163 31.994 12.519
219 8 1 33.067 13.175 31.961 12.530
220 8 1 33.012 13.163 31.906 12.519
221 8 1 32.979 13.175 31.873 12.530
222 8 1 32.945 13.164 31.839 12.519
223 8 1 32.912 13.152 31.806 12.508
224 8 1 32.879 13.141 31.773 12.497
225 8 1 32.846 13.130 31.740 12.486
226 8 1 32.791 13.097 31.685 12.453
227 8 1 32.757 13.064 31.652 12.419
228 8 1 32.702 13.030 31.596 12.386
229 8 1 32.669 13.019 31.563 12.375
230 8 1 32.614 13.008 31.508 12.364
231 8 1 32.580 13.019 31.475 12.375
232 8 1 32.525 13.008 31.420 12.364
233 8 1 32.492 13.019 31.386 12.375
234 8 1 32.437 13.008 31.331 12.364
235 8 1 32.404 12.997 31.298 12.353
236 8 1 32.348 12.986 31.243 12.342
237 8 1 32.315 12.997 31.210 12.353
238 8 1 32.260 12.964 31.154 12.320
239 8 1 32.227 12.975 31.121 12.331
240 8 1 32.172 12.964 31.066 12.320
241 8 1 32.138 12.975 31.033 12.331
242 8 1 32.083 12.964 30.978 12.320
243 8 1 32.050 12.997 30.945 12.353
244 8 1 32.017 13.008 30.911 12.364
245 8 1 31.984 13.020 30.878 12.375
246 8 1 31.928 13.009 30.823 12.364
247 8 1 31.895 12.997 30.790 12.353
248 8 1 31.840 12.986 30.735 12.342
249 8 1 31.807 12.998 30.701 12.353
250 8 1 31.752 12.964 30.646 12.320
251 8 1 31.718 12.975 30.613 12.331
252 8 1 31.663 12.942 30.558 12.298
253 8 1 31.630 12.953 30.525 12.309
254 8 1 31.575 12.942 30.469 12.298
255 8 1 31.542 12.953 30.436 12.309
256 8 1 31.486 12.942 30.381 12.298
257 8 1 31.453 12.931 30.348 12.287
258 8 1 31.398 12.920 30.293 12.276
259 8 1 31.387 12.931 30.282 12.287
260 8 1 31.332 12.942 30.226 12.298
261 8 1 31.298 12.931 30.193 12.287
262 8 1 31.265 12.920 30.160 12.276
263 8 1 31.232 12.909 30.127 12.265
264 8 1 31.177 12.898 30.072 12.254
265 8 1 31.144 12.887 30.038 12.243
266 8 1 31.110 12.876 30.005 12.231
267 8 1 31.077 12.887 29.972 12.243
268 8 1 31.022 12.876 29.917 12.232
269 8 1 30.989 12.887 29.884 12.243
270 8 1 30.934 12.876 29.828 12.232
271 8 1 30.900 12.887 29.795 12.243
272 8 1 30.845 12.876 29.740 12.232
273 8 1 30.812 12.887 29.707 12.243
274 8 1 30.757 12.876 29.652 12.232
275 8 1 30.701 12.865 29.596 12.221
276 8 1 30.646 12.854 29.541 12.209
277 8 1 30.613 12.865 29.508 12.221
278 8 1 30.558 12.854 29.453 12.210
279 8 1 30.524 12.865 29.419 12.221
280 8 1 30.469 12.854 29.364 12.210
281 8 1 30.436 12.843 29.331 12.198
282 8 1 30.381 12.832 29.276 12.187
283 8 1 30.347 12.843 29.243 12.199
284 8 1 30.292 12.832 29.187 12.187
285 8 1 30.259 12.843 29.154 12.199
286 8 1 30.204 12.832 29.099 12.187
287 8 1 30.171 12.843 29.066 12.199
288 8 1 30.137 12.832 29.033 12.188
289 8 1 30.104 12.843 28.999 12.199
290 8 1 30.049 12.832 28.944 12.188
291 8 1 30.016 12.843 28.911 12.199
292 8 1 29.960 12.832 28.856 12.188
293 8 1 29.927 12.843 28.822 12.199
294 8 1 29.872 12.832 28.767 12.188
295 8 1 29.839 12.843 28.734 12.199
296 8 1 29.783 12.832 28.679 12.188
297 8 1 29.750 12.843 28.645 12.199
298 8 1 29.717 12.832 28.612 12.188
299 8 1 29.684 12.843 28.579 12.199
300 8 1 29.651 12.832 28.546 12.188
301 8 1 29.617 12.843 28.513 12.199
302 8 1 29.584 12.832 28.480 12.188
303 8 1 29.551 12.843 28.446 12.199
304 8 1 29.518 12.832 28.413 12.188
305 8 1 29.485 12.843 28.380 12.199
306 8 1 29.429 12.832 28.325 12.188
307 8 1 29.396 12.843 28.291 12.199
308 8 1 29.341 12.832 28.236 12.188
309 8 1 29.308 12.821 28.203 12.177
310 8 1 29.252 12.810 28.148 12.166
311 8 1 29.219 12.799 28.115 12.155
312 8 1 29.164 12.788 28.059 12.144
313 8 1 29.131 12.799 28.026 12.155
314 8 1 29.075 12.766 27.971 12.121
315 8 1 29.164 12.732 28.170 12.088
316 8 1 29.208 12.732 28.115 12.088
317 8 1 29.164 12.721 28.071 12.077
318 8 1 29.131 12.721 28.038 12.077
319 8 1 29.098 12.710 28.004 12.066
320 8 1 29.064 12.699 27.971 12.055
321 8 1 29.031 12.688 27.938 12.044
322 8 1 28.998 12.677 27.905 12.033
323 8 1 28.954 12.688 27.861 12.044
324 8 1 28.921 12.677 27.827 12.033
325 8 1 28.876 12.677 27.783 12.033
326 8 1 28.832 12.677 27.739 12.033
327 8 1 28.788 12.666 27.695 12.022
328 8 1 28.744 12.655 27.651 12.010
329 8 1 28.699 12.655 27.606 12.010
330 8 1 28.644 12.655 27.551 12.010
331 8 1 28.600 12.644 27.507 11.999
332 8 1 28.545 12.633 27.452 11.988
333 8 1 28.511 12.644 27.418 11.999
334 8 1 28.467 12.633 27.374 11.988
335 8 1 28.434 12.644 27.341 11.999
336 8 1 28.401 12.633 27.308 11.988
337 8 1 28.367 12.644 27.274 11.999
338 8 1 28.334 12.644 27.241 11.999
339 8 1 28.301 12.644 27.208 12.000
340 8 1 28.268 12.644 27.175 12.000
341 8 1 28.235 12.644 27.142 12.000
342 8 1 28.201 12.644 27.108 12.000
343 8 1 28.157 12.644 27.064 12.000
344 8 1 28.124 12.644 27.031 12.000
345 8 1 28.080 12.644 26.987 12.000
346 8 1 28.035 12.644 26.942 12.000
348 8 1 27.936 12.644 26.843 12.000
349 8 1 27.891 12.633 26.799 11.989
350 8 1 27.847 12.633 26.754 11.989
351 8 1 27.803 12.633 26.710 11.989
352 8 1 27.759 12.622 26.666 11.978
353 8 1 27.714 12.600 26.622 11.955
354 8 1 27.681 12.589 26.589 11.944
356 8 1 27.670 12.577 26.578 11.933
357 8 1 27.637 12.578 26.544 11.933
358 8 1 27.604 12.566 26.511 11.922
359 8 1 27.571 12.578 26.478 11.933
360 8 1 27.526 12.566 26.434 11.922
361 8 1 27.493 12.578 26.400 11.933
362 8 1 27.449 12.566 26.356 11.922
363 8 1 27.405 12.567 26.312 11.922
364 8 1 27.360 12.567 26.268 11.922
365 8 1 27.316 12.567 26.223 11.922
366 8 1 27.272 12.567 26.179 11.922
367 8 1 27.216 12.556 26.124 11.911
368 8 1 27.172 12.544 26.080 11.900
369 8 1 27.128 12.556 26.035 11.911
370 8 1 27.083 12.544 25.991 11.900
371 8 1 27.039 12.544 25.947 11.900
372 8 1 27.006 12.545 25.913 11.900
373 8 1 26.973 12.545 25.880 11.900
374 8 1 26.939 12.556 25.847 11.911
375 8 1 26.895 12.567 25.803 11.922
377 8 1 26.884 12.556 25.792 11.911
378 8 1 26.851 12.556 25.758 11.911
379 8 1 26.818 12.556 25.725 11.911
380 8 1 26.773 12.556 25.681 11.911
381 8 1 26.729 12.556 25.637 11.911
382 8 1 26.685 12.556 25.592 11.911
383 8 1 26.640 12.556 25.548 11.911
384 8 1 26.585 12.556 25.493 11.911
385 8 1 26.541 12.556 25.448 11.911
386 8 1 26.496 12.556 25.404 11.911
387 8 1 26.452 12.556 25.360 11.911
388 8 1 26.408 12.545 25.315 11.900
389 8 1 26.374 12.545 25.282 11.900
390 8 1 26.330 12.534 25.238 11.889
391 8 1 26.031 12.489 24.973 11.834
393 8 1 26.042 12.478 24.961 11.834
394 8 1 26.009 12.478 24.928 11.834
395 8 1 25.987 12.478 24.906 11.834
396 8 1 25.954 12.478 24.873 11.834
397 8 1 25.910 12.478 24.828 11.834
398 8 1 25.865 12.467 24.784 11.823
399 8 1 25.832 12.456 24.751 11.812
400 8 1 25.799 12.467 24.718 11.823
401 8 1 25.755 12.456 24.674 11.812
402 8 1 25.710 12.467 24.629 11.823
403 8 1 25.666 12.456 24.585 11.812
404 8 1 25.621 12.467 24.541 11.823
405 8 1 25.577 12.456 24.496 11.812
406 8 1 25.533 12.456 24.452 11.812
407 8 1 25.488 12.456 24.408 11.812
408 8 1 25.444 12.456 24.363 11.812
409 8 1 25.411 12.456 24.330 11.812
410 8 1 25.389 12.456 24.308 11.812
411 8 1 25.355 12.468 24.275 11.823
412 8 1 25.311 12.468 24.230 11.823
413 8 1 25.267 12.479 24.186 11.834
414 8 1 25.244 12.490 24.164 11.845
415 8 1 25.211 12.490 24.130 11.845
416 8 1 25.189 12.490 24.108 11.845
417 8 1 25.156 12.490 24.075 11.845
347 8 1 27.991 12.633 26.898 11.989
0 9 1 41.324 13.368 40.280 12.559
1 9 1 41.358 13.390 40.269 12.547
2 9 1 41.325 13.401 40.236 12.559
3 9 1 41.314 13.390 40.225 12.547
4 9 1 41.314 13.401 40.225 12.559
5 9 1 41.281 13.390 40.192 12.548
6 9 1 41.248 13.401 40.159 12.559
7 9 1 41.226 13.390 40.137 12.548
8 9 1 41.237 13.401 40.148 12.559
9 9 1 41.204 13.390 40.115 12.548
10 9 1 41.160 13.379 40.071 12.536
11 9 1 41.181 13.368 40.092 12.525
12 9 1 41.138 13.379 40.049 12.537
13 9 1 41.093 13.368 40.004 12.525
14 9 1 41.049 13.368 39.961 12.525
15 9 1 41.027 13.346 39.938 12.503
16 9 1 40.983 13.335 39.894 12.492
17 9 1 40.961 13.324 39.872 12.481
18 9 1 40.961 13.313 39.872 12.470
19 9 1 40.938 13.302 39.850 12.459
20 9 1 40.895 13.313 39.806 12.470
21 9 1 40.872 13.302 39.784 12.459
22 9 1 40.873 13.313 39.784 12.470
24 9 1 40.861 13.302 39.773 12.459
25 9 1 40.828 13.291 39.740 12.448
26 9 1 40.817 13.279 39.729 12.437
27 9 1 40.762 13.291 39.674 12.448
28 9 1 40.729 13.280 39.641 12.437
29 9 1 40.696 13.291 39.608 12.448
30 9 1 40.663 13.280 39.575 12.437
31 9 1 40.630 13.269 39.542 12.426
32 9 1 40.597 13.280 39.509 12.437
33 9 1 40.564 13.269 39.476 12.426
34 9 1 40.531 13.257 39.442 12.415
35 9 1 40.498 13.269 39.410 12.426
36 9 1 40.509 13.258 39.420 12.415
37 9 1 40.498 13.246 39.409 12.404
38 9 1 40.487 13.235 39.398 12.393
39 9 1 40.454 13.246 39.365 12.404
40 9 1 40.443 13.235 39.354 12.393
41 9 1 40.431 13.224 39.343 12.382
42 9 1 40.420 13.213 39.332 12.371
43 9 1 40.365 13.224 39.277 12.382
44 9 1 40.310 13.213 39.222 12.371
45 9 1 40.255 13.224 39.167 12.382
46 9 1 40.200 13.213 39.112 12.371
47 9 1 40.145 13.224 39.057 12.382
48 9 1 40.090 13.213 39.002 12.371
49 9 1 40.035 13.225 38.947 12.382
50 9 1 40.002 13.213 38.914 12.371
51 9 1 39.969 13.202 38.881 12.360
52 9 1 39.849 13.325 38.684 12.482
53 9 1 39.827 13.314 38.717 12.471
54 9 1 39.794 13.303 38.684 12.460
55 9 1 39.761 13.314 38.651 12.471
56 9 1 39.750 13.303 38.640 12.460
57 9 1 39.717 13.314 38.607 12.471
58 9 1 39.706 13.303 38.596 12.460
59 9 1 39.673 13.314 38.563 12.471
60 9 1 39.618 13.325 38.508 12.482
61 9 1 39.585 13.336 38.475 12.493
62 9 1 39.552 13.325 38.442 12.482
63 9 1 39.519 13.336 38.409 12.493
64 9 1 39.486 13.325 38.376 12.482
65 9 1 39.453 13.336 38.343 12.493
66 9 1 39.420 13.347 38.311 12.504
67 9 1 39.366 13.381 38.256 12.538
68 9 1 39.333 13.370 38.223 12.527
69 9 1 39.278 13.403 38.168 12.560
70 9 1 39.245 13.392 38.135 12.549
71 9 1 39.190 13.403 38.080 12.560
72 9 1 39.157 13.414 38.047 12.571
73 9 1 39.102 13.448 37.992 12.604
74 9 1 39.069 13.459 37.959 12.615
75 9 1 39.036 13.470 37.927 12.627
76 9 1 39.026 13.481 37.916 12.638
77 9 1 38.993 13.492 37.883 12.649
78 9 1 38.982 13.481 37.872 12.638
79 9 1 38.927 13.492 37.817 12.649
80 9 1 38.893 13.481 37.784 12.638
81 9 1 38.838 13.492 37.729 12.649
82 9 1 38.806 13.503 37.696 12.660
83 9 1 38.751 13.515 37.641 12.671
84 9 1 38.718 13.526 37.608 12.682
85 9 1 38.685 13.537 37.575 12.693
86 9 1 38.652 13.526 37.542 12.682
87 9 1 38.597 13.537 37.487 12.693
88 9 1 38.564 13.548 37.454 12.705
89 9 1 38.509 13.559 37.399 12.716
90 9 1 38.476 13.548 37.366 12.705
91 9 1 38.421 13.559 37.311 12.716
92 9 1 38.388 13.571 37.278 12.727
93 9 1 38.355 13.582 37.245 12.738
94 9 1 38.344 13.571 37.234 12.727
95 9 1 38.311 13.582 37.201 12.738
96 9 1 38.278 13.593 37.168 12.749
97 9 1 38.245 13.604 37.135 12.760
98 9 1 38.190 13.615 37.080 12.771
99 9 1 38.157 13.626 37.047 12.783
100 9 1 38.124 13.638 37.014 12.794
101 9 1 38.069 13.671 36.959 12.827
102 9 1 38.036 13.682 36.926 12.838
103 9 1 37.981 13.716 36.871 12.872
104 9 1 37.948 13.705 36.838 12.860
105 9 1 37.893 13.738 36.784 12.894
106 9 1 37.860 13.727 36.750 12.883
107 9 1 37.827 13.738 36.717 12.894
108 9 1 37.794 13.749 36.684 12.905
109 9 1 37.739 13.783 36.630 12.938
110 9 1 37.706 13.794 36.597 12.949
111 9 1 37.674 13.827 36.564 12.983
112 9 1 37.641 13.838 36.531 12.994
113 9 1 37.630 13.850 36.520 13.005
114 9 1 37.640 13.816 36.531 12.972
115 9 1 37.607 13.827 36.498 12.983
116 9 1 37.574 13.816 36.465 12.972
117 9 1 37.519 13.827 36.410 12.983
118 9 1 37.486 13.839 36.377 12.994
119 9 1 37.431 13.850 36.321 13.005
120 9 1 37.398 13.839 36.288 12.994
121 9 1 37.365 13.850 36.255 13.005
122 9 1 37.332 13.839 36.222 12.994
123 9 1 37.277 13.850 36.167 13.005
124 9 1 37.244 13.839 36.134 12.994
125 9 1 37.189 13.850 36.079 13.005
126 9 1 37.133 13.839 36.024 12.994
127 9 1 37.078 13.850 35.969 13.006
128 9 1 37.023 13.839 35.913 12.994
129 9 1 36.968 13.850 35.858 13.006
130 9 1 36.957 13.839 35.847 12.994
131 9 1 36.924 13.850 35.814 13.006
132 9 1 36.891 13.839 35.781 12.995
133 9 1 36.836 13.873 35.726 13.028
134 9 1 36.802 13.862 35.693 13.017
135 9 1 36.747 13.873 35.638 13.028
136 9 1 36.714 13.862 35.605 13.017
137 9 1 36.659 13.873 35.550 13.028
138 9 1 36.626 13.884 35.517 13.039
139 9 1 36.571 13.895 35.462 13.050
140 9 1 36.538 13.906 35.429 13.062
141 9 1 36.483 13.918 35.374 13.073
142 9 1 36.450 13.906 35.340 13.062
143 9 1 36.395 13.918 35.285 13.073
144 9 1 36.361 13.907 35.252 13.062
145 9 1 36.306 13.918 35.197 13.073
146 9 1 36.273 13.929 35.164 13.084
147 9 1 36.218 13.940 35.109 13.095
148 9 1 36.185 13.951 35.076 13.106
149 9 1 36.152 13.962 35.043 13.117
150 9 1 36.119 13.951 35.010 13.106
151 9 1 36.086 13.940 34.977 13.095
152 9 1 36.053 13.951 34.944 13.106
153 9 1 36.020 13.963 34.910 13.118
154 9 1 35.964 13.951 34.855 13.106
155 9 1 35.931 13.963 34.822 13.118
156 9 1 35.898 13.952 34.789 13.106
157 9 1 35.865 13.963 34.756 13.118
158 9 1 35.832 13.952 34.723 13.107
159 9 1 35.777 13.963 34.668 13.118
160 9 1 35.744 13.974 34.635 13.129
161 9 1 35.689 13.985 34.580 13.140
162 9 1 35.655 13.974 34.546 13.129
163 9 1 35.600 13.963 34.491 13.118
164 9 1 35.545 13.952 34.436 13.107
165 9 1 35.490 13.963 34.381 13.118
166 9 1 35.456 13.952 34.348 13.107
167 9 1 35.401 13.963 34.292 13.118
168 9 1 35.368 13.952 34.259 13.107
169 9 1 35.313 13.963 34.204 13.118
170 9 1 35.280 13.952 34.171 13.107
171 9 1 35.225 13.963 34.116 13.118
172 9 1 35.169 13.952 34.061 13.107
173 9 1 35.114 13.897 34.006 13.196
174 9 1 35.081 13.908 33.973 13.207
175 9 1 35.025 13.919 33.918 13.218
176 9 1 34.992 13.908 33.884 13.207
177 9 1 34.937 13.919 33.829 13.218
178 9 1 34.904 13.930 33.796 13.230
179 9 1 34.849 13.919 33.741 13.219
180 9 1 34.815 13.908 33.708 13.207
181 9 1 34.760 13.919 33.653 13.219
182 9 1 34.727 13.908 33.619 13.208
183 9 1 34.672 13.919 33.564 13.219
184 9 1 34.639 13.908 33.531 13.208
185 9 1 34.561 13.919 33.454 13.219
186 9 1 34.528 13.931 33.421 13.230
187 9 1 34.495 13.942 33.388 13.241
188 9 1 34.462 13.908 33.354 13.208
189 9 1 34.429 13.920 33.321 13.219
190 9 1 34.396 13.908 33.288 13.208
191 9 1 34.363 13.920 33.255 13.219
192 9 1 34.329 13.909 33.222 13.208
193 9 1 34.274 13.920 33.167 13.219
194 9 1 34.241 13.909 33.133 13.208
195 9 1 34.186 13.920 33.078 13.219
196 9 1 34.175 13.931 33.067 13.230
197 9 1 34.120 13.942 33.012 13.241
198 9 1 34.086 13.931 32.979 13.230
199 9 1 34.031 13.920 32.923 13.219
200 9 1 33.976 13.909 32.868 13.208
201 9 1 33.921 13.920 32.813 13.219
202 9 1 33.865 13.909 32.758 13.208
203 9 1 33.810 13.898 32.702 13.197
204 9 1 33.777 13.887 32.669 13.186
205 9 1 33.721 13.898 32.614 13.197
206 9 1 33.688 13.887 32.581 13.186
207 9 1 33.611 13.898 32.503 13.197
208 9 1 33.578 13.887 32.470 13.186
209 9 1 33.522 13.898 32.415 13.197
210 9 1 33.489 13.887 32.382 13.186
211 9 1 33.434 13.898 32.327 13.197
212 9 1 33.401 13.887 32.293 13.186
213 9 1 33.346 13.898 32.238 13.198
214 9 1 33.312 13.887 32.205 13.186
215 9 1 33.257 13.898 32.150 13.198
216 9 1 33.224 13.887 32.117 13.186
217 9 1 33.169 13.876 32.061 13.175
218 9 1 33.135 13.865 32.028 13.164
219 9 1 33.080 13.876 31.973 13.175
220 9 1 33.047 13.865 31.940 13.164
221 9 1 32.992 13.876 31.885 13.176
222 9 1 32.936 13.888 31.829 13.187
223 9 1 32.881 13.899 31.774 13.198
224 9 1 32.870 13.888 31.763 13.187
225 9 1 32.815 13.899 31.708 13.198
226 9 1 32.804 13.865 31.697 13.165
227 9 1 32.748 13.877 31.641 13.176
228 9 1 32.737 13.866 31.630 13.165
229 9 1 32.682 13.877 31.575 13.176
230 9 1 32.649 13.866 31.542 13.165
231 9 1 32.594 13.877 31.486 13.176
232 9 1 32.560 13.866 31.453 13.165
233 9 1 32.505 13.855 31.398 13.154
234 9 1 32.472 13.844 31.365 13.143
235 9 1 32.417 13.855 31.310 13.154
236 9 1 32.383 13.844 31.276 13.143
237 9 1 32.328 13.833 31.221 13.132
238 9 1 32.295 13.821 31.188 13.120
239 9 1 32.239 13.810 31.133 13.109
240 9 1 32.206 13.799 31.099 13.098
241 9 1 32.151 13.810 31.044 13.109
242 9 1 32.140 13.822 31.033 13.121
243 9 1 32.085 13.833 30.978 13.132
244 9 1 32.051 13.822 30.945 13.121
245 9 1 31.996 13.811 30.889 13.110
246 9 1 31.985 13.799 30.878 13.098
247 9 1 31.930 13.811 30.823 13.110
248 9 1 31.896 13.799 30.790 13.098
249 9 1 31.841 13.811 30.734 13.110
250 9 1 31.808 13.800 30.701 13.099
251 9 1 31.753 13.811 30.646 13.110
252 9 1 31.719 13.800 30.613 13.099
253 9 1 31.664 13.811 30.557 13.110
254 9 1 31.631 13.800 30.524 13.099
255 9 1 31.576 13.811 30.469 13.110
256 9 1 31.542 13.800 30.436 13.099
257 9 1 31.487 13.811 30.380 13.110
258 9 1 31.454 13.800 30.347 13.099
259 9 1 31.399 13.811 30.292 13.110
260 9 1 31.365 13.800 30.259 13.099
261 9 1 31.332 13.811 30.226 13.110
262 9 1 31.299 13.800 30.192 13.099
263 9 1 31.266 13.789 30.159 13.088
264 9 1 31.232 13.778 30.126 13.077
265 9 1 31.177 13.789 30.071 13.088
266 9 1 31.144 13.778 30.038 13.077
267 9 1 31.089 13.789 29.982 13.088
268 9 1 31.055 13.756 29.949 13.055
269 9 1 31.022 13.767 29.916 13.066
270 9 1 30.989 13.756 29.883 13.055
271 9 1 30.934 13.745 29.827 13.044
272 9 1 30.900 13.734 29.794 13.032
273 9 1 30.845 13.745 29.739 13.044
274 9 1 30.812 13.734 29.706 13.032
275 9 1 30.779 13.745 29.672 13.044
276 9 1 30.723 13.734 29.617 13.033
277 9 1 30.668 13.723 29.562 13.021
278 9 1 30.635 13.734 29.529 13.033
279 9 1 30.601 13.745 29.495 13.044
280 9 1 30.568 13.734 29.462 13.033
281 9 1 30.513 13.723 29.407 13.022
282 9 1 30.480 13.712 29.374 13.010
283 9 1 30.447 13.723 29.340 13.022
284 9 1 30.413 13.712 29.307 13.011
285 9 1 30.358 13.723 29.252 13.022
286 9 1 30.303 13.712 29.197 13.011
287 9 1 30.247 13.723 29.141 13.022
288 9 1 30.214 13.712 29.108 13.011
289 9 1 30.159 13.723 29.053 13.022
290 9 1 30.125 13.712 29.019 13.011
291 9 1 30.092 13.701 28.986 13.000
292 9 1 30.059 13.690 28.953 12.988
293 9 1 30.004 13.701 28.898 13.000
294 9 1 29.970 13.712 28.864 13.011
295 9 1 29.915 13.723 28.809 13.022
296 9 1 29.882 13.712 28.776 13.011
297 9 1 29.849 13.723 28.743 13.022
298 9 1 29.815 13.712 28.709 13.011
299 9 1 29.760 13.723 28.654 13.022
300 9 1 29.727 13.712 28.621 13.011
301 9 1 29.693 13.701 28.588 13.000
302 9 1 29.660 13.690 28.554 12.989
303 9 1 29.605 13.679 28.499 12.978
304 9 1 29.572 13.668 28.466 12.967
305 9 1 29.516 13.679 28.411 12.978
306 9 1 29.483 13.668 28.377 12.967
307 9 1 29.450 13.657 28.344 12.956
308 9 1 29.417 13.646 28.311 12.944
309 9 1 29.361 13.657 28.256 12.956
310 9 1 29.328 13.646 28.222 12.944
311 9 1 29.273 13.657 28.167 12.956
312 9 1 29.239 13.646 28.134 12.945
313 9 1 29.184 13.657 28.078 12.956
314 9 1 29.151 13.646 28.045 12.945
315 9 1 29.118 13.523 28.079 12.733
316 9 1 29.140 13.479 28.046 12.778
317 9 1 29.107 13.479 28.013 12.778
318 9 1 29.074 13.468 27.979 12.766
319 9 1 29.029 13.468 27.935 12.767
320 9 1 28.985 13.456 27.891 12.755
321 9 1 28.941 13.457 27.847 12.755
322 9 1 28.896 13.457 27.802 12.755
323 9 1 28.852 13.457 27.758 12.756
324 9 1 28.797 13.457 27.703 12.756
325 9 1 28.752 13.468 27.658 12.767
326 9 1 28.708 13.457 27.614 12.756
327 9 1 28.664 13.457 27.570 12.756
328 9 1 28.619 13.457 27.525 12.756
329 9 1 28.586 13.446 27.492 12.745
330 9 1 28.542 13.446 27.448 12.745
331 9 1 28.498 13.446 27.404 12.745
332 9 1 28.453 13.457 27.359 12.756
333 9 1 28.420 13.457 27.326 12.756
334 9 1 28.376 13.468 27.282 12.767
336 9 1 28.365 13.457 27.271 12.756
337 9 1 28.342 13.457 27.249 12.756
338 9 1 28.309 13.446 27.215 12.745
339 9 1 28.276 13.446 27.182 12.745
340 9 1 28.221 13.435 27.127 12.734
341 9 1 28.176 13.424 27.083 12.723
342 9 1 28.132 13.413 27.038 12.711
343 9 1 28.088 13.402 26.994 12.700
344 9 1 28.043 13.390 26.950 12.689
345 9 1 27.999 13.390 26.905 12.689
346 9 1 27.955 13.379 26.861 12.678
348 9 1 27.866 13.368 26.773 12.667
349 9 1 27.833 13.357 26.739 12.656
351 9 1 27.822 13.346 26.728 12.645
352 9 1 27.778 13.324 26.684 12.623
353 9 1 27.745 13.313 26.651 12.612
354 9 1 27.711 13.313 26.618 12.612
355 9 1 27.667 13.313 26.574 12.612
356 9 1 27.634 13.302 26.540 12.600
357 9 1 27.589 13.302 26.496 12.600
358 9 1 27.545 13.302 26.452 12.601
359 9 1 27.501 13.302 26.407 12.601
360 9 1 27.456 13.302 26.363 12.601
361 9 1 27.412 13.302 26.319 12.601
362 9 1 27.368 13.291 26.274 12.589
363 9 1 27.323 13.291 26.230 12.590
364 9 1 27.279 13.280 26.186 12.578
365 9 1 27.235 13.280 26.142 12.578
366 9 1 27.190 13.280 26.097 12.578
367 9 1 27.157 13.280 26.064 12.578
369 9 1 27.146 13.268 26.053 12.567
370 9 1 27.102 13.280 26.009 12.579
371 9 1 27.080 13.291 25.986 12.590
373 9 1 27.069 13.280 25.975 12.579
374 9 1 27.046 13.280 25.953 12.579
375 9 1 27.024 13.280 25.931 12.579
377 9 1 26.935 13.280 25.842 12.579
378 9 1 26.880 13.269 25.787 12.568
379 9 1 26.836 13.258 25.743 12.556
380 9 1 26.791 13.258 25.698 12.556
381 9 1 26.747 13.258 25.654 12.556
383 9 1 26.736 13.247 25.643 12.545
384 9 1 26.681 13.247 25.588 12.545
385 9 1 26.603 13.247 25.510 12.545
387 9 1 26.592 13.235 25.499 12.534
388 9 1 26.537 13.224 25.444 12.523
390 9 1 26.526 13.213 25.433 12.512
391 9 1 26.503 13.213 25.410 12.512
392 9 1 25.949 13.225 24.834 12.535
393 9 1 25.949 13.225 24.856 12.535
394 9 1 25.916 13.225 24.823 12.535
395 9 1 25.871 13.236 24.778 12.546
396 9 1 25.827 13.247 24.734 12.557
397 9 1 25.782 13.247 24.689 12.557
398 9 1 25.738 13.247 24.645 12.557
399 9 1 25.693 13.259 24.601 12.568
400 9 1 25.649 13.270 24.556 12.579
401 9 1 25.616 13.259 24.523 12.568
402 9 1 25.571 13.281 24.478 12.591
403 9 1 25.538 13.292 24.445 12.602
404 9 1 25.505 13.292 24.412 12.602
405 9 1 25.460 13.303 24.367 12.613
406 9 1 25.427 13.315 24.334 12.624
407 9 1 25.393 13.315 24.301 12.624
409 9 1 25.382 13.303 24.290 12.613
410 9 1 25.349 13.315 24.256 12.624
411 9 1 25.316 13.303 24.223 12.613
412 9 1 25.282 13.315 24.190 12.624
413 9 1 25.238 13.304 24.145 12.613
414 9 1 25.194 13.304 24.101 12.613
415 9 1 25.160 13.304 24.068 12.613
416 9 1 25.116 13.304 24.023 12.613
417 9 1 25.072 13.304 23.979 12.613
347 9 1 27.911 13.379 26.817 12.678
376 9 1 26.991 13.280 25.898 12.579
0 10 2 16.920 12.517 14.885 11.816
1 10 2 16.931 12.517 15.040 11.871
2 10 2 16.965 12.495 15.106 11.894
3 10 2 16.965 12.506 15.084 11.882
4 10 2 17.021 12.495 15.140 11.871
5 10 2 17.076 12.506 15.195 11.882
6 10 2 17.132 12.517 15.329 11.871
7 10 2 17.154 12.506 15.296 11.882
8 10 2 17.221 12.517 15.385 11.871
9 10 2 17.199 12.517 15.429 11.882
10 10 2 17.388 12.517 15.474 11.882
11 10 2 17.388 12.517 15.507 11.871
12 10 2 17.532 12.539 15.541 11.860
13 10 2 17.522 12.528 15.563 11.882
14 10 2 17.655 12.528 15.719 11.871
15 10 2 17.678 12.506 15.841 11.893
16 10 2 17.744 12.517 15.986 11.893
17 10 2 17.834 12.506 15.986 11.904
18 10 2 17.823 12.506 15.986 11.904
19 10 2 17.978 12.528 16.176 11.860
20 10 2 18.089 12.528 16.176 11.860
21 10 2 18.034 12.517 16.243 11.860
22 10 2 18.112 12.516 16.298 11.860
23 10 2 18.167 12.539 16.265 11.848
24 10 2 18.268 12.505 16.410 11.826
25 10 2 18.434 12.527 16.465 11.860
26 10 2 18.479 12.516 16.532 11.882
27 10 2 18.535 12.505 16.698 11.893
28 10 2 18.635 12.494 16.832 11.882
29 10 2 18.669 12.505 16.832 11.882
30 10 2 18.758 12.505 16.877 11.859
31 10 2 18.780 12.516 16.956 11.804
32 10 2 18.835 12.516 16.967 11.804
33 10 2 18.847 12.505 17.045 11.792
34 10 2 18.947 12.494 17.034 11.815
35 10 2 19.025 12.482 17.112 11.826
36 10 2 19.092 12.471 17.145 11.815
37 10 2 19.159 12.471 17.201 11.804
38 10 2 19.181 12.438 17.234 11.815
39 10 2 19.270 12.438 17.301 11.815
40 10 2 19.348 12.460 17.491 11.792
41 10 2 19.304 12.427 17.501 11.826
42 10 2 19.371 12.415 17.568 11.815
43 10 2 19.437 12.426 17.635 11.826
44 10 2 19.527 12.415 17.724 11.814
45 10 2 19.616 12.404 17.813 11.803
46 10 2 19.683 12.393 17.880 11.792
47 10 2 19.727 12.404 17.924 11.803
48 10 2 19.816 12.371 18.014 11.770
49 10 2 19.883 12.382 18.080 11.781
50 10 2 19.972 12.370 18.169 11.770
51 10 2 20.061 12.359 18.259 11.759
52 10 2 20.128 12.348 18.326 11.747
53 10 2 20.195 12.359 18.392 11.759
54 10 2 20.284 12.348 18.481 11.747
55 10 2 20.373 12.337 18.570 11.736
56 10 2 20.440 12.326 18.637 11.725
57 10 2 20.506 12.337 18.704 11.736
58 10 2 20.595 12.326 18.793 11.725
59 10 2 20.684 12.314 18.882 11.714
60 10 2 20.773 12.303 18.971 11.703
61 10 2 20.840 12.314 19.038 11.714
62 10 2 20.885 12.281 19.083 11.680
63 10 2 20.974 12.292 19.171 11.691
64 10 2 21.040 12.281 19.238 11.680
65 10 2 21.129 12.270 19.327 11.669
66 10 2 21.218 12.258 19.416 11.658
67 10 2 21.285 12.247 19.483 11.647
68 10 2 21.428 12.347 19.752 11.513
69 10 2 21.539 12.358 19.796 11.524
70 10 2 21.617 12.347 19.874 11.502
71 10 2 21.650 12.369 19.896 11.524
72 10 2 21.795 12.303 20.063 11.469
73 10 2 21.906 12.325 20.030 11.458
74 10 2 22.051 12.291 20.142 11.424
75 10 2 22.117 12.314 20.130 11.469
76 10 2 22.096 12.247 20.197 11.469
77 10 2 22.152 12.191 20.263 11.469
78 10 2 22.163 12.202 20.275 11.424
79 10 2 22.308 12.180 20.386 11.413
80 10 2 22.386 12.124 20.419 11.424
81 10 2 22.486 12.102 20.464 11.402
82 10 2 22.597 12.080 20.542 11.380
83 10 2 22.642 12.024 20.575 11.402
84 10 2 22.697 12.057 20.542 11.380
85 10 2 22.831 12.046 20.587 11.369
86 10 2 22.942 12.046 20.642 11.391
87 10 2 22.964 12.001 20.586 11.413
88 10 2 22.643 12.002 20.897 11.413
89 10 2 22.720 12.002 20.974 11.413
90 10 2 22.798 12.002 21.052 11.413
91 10 2 22.876 11.979 21.130 11.391
92 10 2 22.954 11.957 21.208 11.368
93 10 2 23.054 11.957 21.308 11.368
94 10 2 23.109 11.957 21.363 11.368
95 10 2 23.209 11.957 21.463 11.368
96 10 2 23.287 11.935 21.541 11.346
97 10 2 23.365 11.912 21.619 11.324
98 10 2 23.442 11.934 21.696 11.346
99 10 2 23.520 11.912 21.774 11.324
100 10 2 23.597 11.912 21.852 11.324
101 10 2 23.697 11.912 21.952 11.324
102 10 2 23.753 11.912 22.007 11.324
103 10 2 23.853 11.912 22.107 11.324
104 10 2 23.930 11.890 22.185 11.301
105 10 2 24.030 11.868 22.285 11.279
106 10 2 24.108 11.890 22.362 11.301
107 10 2 24.185 11.867 22.440 11.279
108 10 2 24.263 11.867 22.518 11.279
109 10 2 24.363 11.867 22.618 11.279
110 10 2 24.440 11.867 22.695 11.279
111 10 2 24.518 11.867 22.773 11.279
112 10 2 24.596 11.867 22.850 11.279
113 10 2 24.706 11.867 22.961 11.279
114 10 2 24.773 11.867 23.028 11.279
115 10 2 24.873 11.867 23.127 11.279
116 10 2 24.961 11.867 23.216 11.279
117 10 2 25.050 11.867 23.305 11.279
118 10 2 25.128 11.845 23.382 11.257
119 10 2 25.216 11.845 23.471 11.257
120 10 2 25.305 11.845 23.560 11.257
121 10 2 25.405 11.822 23.660 11.234
122 10 2 25.482 11.834 23.737 11.246
123 10 2 25.560 11.822 23.815 11.234
124 10 2 25.637 11.845 23.892 11.257
125 10 2 25.737 11.822 23.992 11.234
126 10 2 25.814 11.845 24.069 11.257
127 10 2 25.914 11.822 24.169 11.234
128 10 2 25.991 11.844 24.246 11.257
129 10 2 26.091 11.844 24.346 11.256
130 10 2 26.168 11.844 24.424 11.256
131 10 2 26.268 11.844 24.523 11.256
132 10 2 26.346 11.844 24.601 11.256
133 10 2 26.445 11.844 24.700 11.256
134 10 2 26.523 11.844 24.778 11.256
135 10 2 26.622 11.844 24.878 11.256
136 10 2 26.700 11.844 24.955 11.256
137 10 2 26.976 12.011 25.253 11.345
138 10 2 27.031 12.033 25.353 11.345
139 10 2 27.186 12.033 25.342 11.378
140 10 2 27.241 12.044 25.341 11.401
141 10 2 27.352 12.033 25.485 11.412
142 10 2 27.263 12.011 25.540 11.423
143 10 2 27.341 12.011 25.618 11.423
144 10 2 27.418 12.011 25.695 11.423
145 10 2 27.518 12.010 25.795 11.423
146 10 2 27.617 12.033 25.894 11.445
147 10 2 27.695 12.033 25.972 11.445
148 10 2 27.772 12.033 26.049 11.445
149 10 2 27.872 12.033 26.149 11.445
150 10 2 27.949 12.032 26.226 11.445
151 10 2 28.049 12.055 26.326 11.467
152 10 2 28.126 12.055 26.403 11.467
153 10 2 28.226 12.055 26.503 11.467
154 10 2 28.303 12.077 26.580 11.489
155 10 2 28.403 12.077 26.680 11.489
156 10 2 28.480 12.077 26.757 11.489
157 10 2 28.579 12.099 26.857 11.511
158 10 2 28.657 12.099 26.934 11.511
159 10 2 28.756 12.099 27.034 11.511
160 10 2 28.834 12.121 27.111 11.533
161 10 2 28.933 12.121 27.210 11.533
162 10 2 29.011 12.121 27.288 11.533
163 10 2 29.110 12.143 27.387 11.555
164 10 2 29.408 12.198 27.587 11.389
165 10 2 29.508 12.187 27.587 11.389
166 10 2 29.398 12.076 27.675 11.489
167 10 2 29.718 12.209 27.852 11.411
168 10 2 29.630 12.098 27.907 11.511
169 10 2 29.784 12.254 27.963 11.455
170 10 2 29.906 12.209 28.128 11.422
171 10 2 30.049 12.265 28.349 11.466
172 10 2 30.083 12.254 28.493 11.411
173 10 2 30.127 12.120 28.426 11.533
174 10 2 30.204 12.120 28.504 11.533
175 10 2 30.282 12.142 28.581 11.555
176 10 2 30.381 12.142 28.681 11.555
177 10 2 30.481 12.142 28.780 11.555
178 10 2 30.580 12.142 28.879 11.555
179 10 2 30.657 12.164 28.957 11.577
180 10 2 30.757 12.164 29.056 11.577
181 10 2 30.834 12.164 29.134 11.577
182 10 2 30.933 12.164 29.233 11.577
183 10 2 31.011 12.164 29.310 11.577
184 10 2 31.110 12.164 29.410 11.577
185 10 2 31.187 12.186 29.487 11.599
186 10 2 31.287 12.186 29.586 11.599
187 10 2 31.364 12.186 29.664 11.599
188 10 2 31.464 12.186 29.763 11.599
189 10 2 31.541 12.186 29.840 11.599
190 10 2 31.640 12.186 29.940 11.599
191 10 2 31.717 12.186 30.017 11.599
192 10 2 31.817 12.186 30.116 11.599
193 10 2 31.894 12.186 30.194 11.599
194 10 2 31.993 12.186 30.293 11.599
195 10 2 32.071 12.186 30.370 11.599
196 10 2 32.170 12.186 30.470 11.599
197 10 2 32.247 12.186 30.547 11.599
198 10 2 32.347 12.186 30.646 11.599
199 10 2 32.424 12.186 30.724 11.599
200 10 2 32.523 12.186 30.823 11.598
201 10 2 32.600 12.164 30.900 11.576
202 10 2 32.700 12.163 31.000 11.576
203 10 2 32.777 12.163 31.077 11.576
204 10 2 32.876 12.163 31.176 11.576
205 10 2 32.954 12.163 31.253 11.576
206 10 2 33.053 12.141 31.353 11.554
207 10 2 33.130 12.141 31.430 11.554
208 10 2 33.229 12.141 31.529 11.554
209 10 2 33.306 12.119 31.606 11.532
210 10 2 33.406 12.119 31.706 11.532
211 10 2 33.483 12.119 31.783 11.532
212 10 2 33.582 12.096 31.882 11.509
213 10 2 33.659 12.096 31.959 11.509
214 10 2 33.758 12.074 32.059 11.487
215 10 2 33.836 12.074 32.136 11.487
216 10 2 33.913 12.052 32.213 11.465
217 10 2 33.990 12.052 32.290 11.465
218 10 2 34.089 12.030 32.389 11.443
219 10 2 34.166 12.030 32.466 11.443
220 10 2 34.265 12.007 32.566 11.421
221 10 2 34.342 12.007 32.643 11.421
222 10 2 34.441 11.985 32.742 11.398
223 10 2 34.519 11.985 32.819 11.398
224 10 2 34.618 11.963 32.918 11.376
225 10 2 34.695 11.963 32.995 11.376
226 10 2 34.794 11.941 33.094 11.354
227 10 2 34.871 11.941 33.172 11.354
228 10 2 34.948 11.918 33.249 11.332
229 10 2 35.025 11.918 33.326 11.332
230 10 2 35.124 11.896 33.425 11.310
231 10 2 35.201 11.896 33.502 11.310
232 10 2 35.323 12.040 33.403 11.299
233 10 2 35.212 11.952 33.513 11.365
234 10 2 35.290 11.951 33.590 11.365
235 10 2 35.389 11.929 33.689 11.343
236 10 2 35.465 11.907 33.766 11.321
237 10 2 35.565 11.929 33.866 11.343
238 10 2 35.642 11.907 33.943 11.321
239 10 2 35.741 11.907 34.042 11.321
240 10 2 35.796 11.907 34.097 11.321
241 10 2 35.895 11.907 34.196 11.321
242 10 2 36.006 12.051 34.426 11.188
243 10 2 36.049 11.907 34.361 11.320
244 10 2 36.137 11.907 34.449 11.320
245 10 2 36.413 11.995 34.691 11.177
246 10 2 36.501 12.006 34.712 11.165
247 10 2 36.445 11.873 34.757 11.287
248 10 2 36.533 11.873 34.845 11.287
249 10 2 36.743 12.017 34.845 11.210
250 10 2 36.743 12.006 34.944 11.243
251 10 2 36.809 11.984 34.977 11.276
252 10 2 36.919 11.984 35.076 11.276
253 10 2 37.106 11.984 35.065 11.287
254 10 2 37.216 12.006 35.143 11.309
255 10 2 37.315 11.995 35.318 11.287
256 10 2 37.381 11.984 35.473 11.298
257 10 2 37.414 11.995 35.495 11.287
258 10 2 37.425 12.006 35.605 11.287
259 10 2 37.348 11.928 35.660 11.342
260 10 2 37.436 11.928 35.748 11.342
261 10 2 37.679 12.028 35.825 11.342
262 10 2 37.590 11.973 35.902 11.386
263 10 2 37.678 11.973 35.990 11.386
264 10 2 37.766 11.995 36.078 11.409
265 10 2 37.855 12.017 36.167 11.431
266 10 2 37.943 12.017 36.255 11.431
267 10 2 38.009 12.017 36.321 11.431
268 10 2 38.075 12.039 36.387 11.453
269 10 2 38.185 12.061 36.497 11.475
270 10 2 38.251 12.061 36.563 11.475
271 10 2 38.230 12.205 36.705 11.309
272 10 2 38.406 12.138 36.837 11.353
273 10 2 38.449 12.039 36.783 11.453
274 10 2 38.671 12.271 37.013 11.397
275 10 2 38.658 12.116 37.003 11.530
276 10 2 38.770 12.304 37.189 11.408
277 10 2 38.802 12.149 37.158 11.563
278 10 2 38.890 12.171 37.246 11.585
279 10 2 39.068 12.326 37.443 11.541
280 10 2 39.066 12.216 37.433 11.629
281 10 2 39.068 12.371 37.520 11.519
282 10 2 39.156 12.371 37.609 11.585
283 10 2 39.177 12.260 37.565 11.674
284 10 2 39.254 12.282 37.643 11.696
285 10 2 39.353 12.282 37.742 11.696
286 10 2 39.430 12.304 37.819 11.718
287 10 2 39.530 12.348 37.918 11.762
288 10 2 39.607 12.370 37.995 11.784
289 10 2 39.706 12.370 38.094 11.784
290 10 2 39.783 12.393 38.171 11.806
291 10 2 39.860 12.437 38.249 11.851
292 10 2 39.938 12.459 38.326 11.873
293 10 2 40.037 12.459 38.425 11.873
294 10 2 40.092 12.481 38.480 11.895
295 10 2 40.191 12.525 38.580 11.939
296 10 2 40.269 12.547 38.657 11.961
297 10 2 40.368 12.570 38.756 11.983
298 10 2 40.445 12.592 38.833 12.005
299 10 2 40.522 12.614 38.910 12.027
300 10 2 40.600 12.658 38.988 12.072
301 10 2 40.699 12.680 39.087 12.094
302 10 2 40.776 12.680 39.164 12.094
303 10 2 40.875 12.702 39.263 12.116
304 10 2 40.931 12.747 39.319 12.160
305 10 2 41.030 12.769 39.418 12.182
306 10 2 41.107 12.769 39.495 12.182
307 10 2 41.206 12.791 39.594 12.204
308 10 2 41.284 12.835 39.671 12.249
309 10 2 41.361 12.857 39.749 12.271
310 10 2 41.438 12.879 39.826 12.293
311 10 2 41.538 12.924 39.925 12.337
312 10 2 41.615 12.946 40.002 12.359
313 10 2 41.714 12.946 40.101 12.359
314 10 2 41.791 12.968 40.179 12.381
315 10 2 41.891 13.012 40.278 12.426
316 10 2 41.968 13.034 40.355 12.448
317 10 2 42.067 13.034 40.454 12.448
318 10 2 42.122 13.056 40.509 12.470
319 10 2 42.222 13.101 40.609 12.514
320 10 2 42.299 13.123 40.686 12.536
321 10 2 42.398 13.123 40.785 12.536
322 10 2 42.475 13.145 40.862 12.558
323 10 2 42.574 13.167 40.961 12.580
324 10 2 42.651 13.167 41.038 12.580
325 10 2 42.750 13.189 41.137 12.602
326 10 2 42.828 13.233 41.215 12.647
327 10 2 42.927 13.256 41.314 12.669
328 10 2 43.004 13.255 41.391 12.669
329 10 2 43.082 13.278 41.468 12.691
330 10 2 43.159 13.300 41.546 12.713
331 10 2 43.258 13.300 41.644 12.713
332 10 2 43.335 13.322 41.722 12.735
333 10 2 43.413 13.366 41.799 12.779
334 10 2 43.490 13.388 41.877 12.801
335 10 2 43.589 13.388 41.975 12.801
336 10 2 43.666 13.410 42.053 12.823
337 10 2 43.765 13.432 42.152 12.846
338 10 2 43.842 13.432 42.229 12.846
339 10 2 43.941 13.454 42.328 12.868
340 10 2 44.019 13.499 42.405 12.912
341 10 2 44.118 13.521 42.505 12.934
342 10 2 44.195 13.521 42.582 12.934
343 10 2 44.294 13.521 42.680 12.934
344 10 2 44.371 13.543 42.758 12.956
345 10 2 44.470 13.565 42.857 12.978
346 10 2 44.547 13.565 42.934 12.978
348 10 2 44.724 13.609 43.110 13.022
349 10 2 44.823 13.609 43.209 13.022
350 10 2 44.900 13.631 43.286 13.044
351 10 2 44.999 13.653 43.385 13.067
352 10 2 45.076 13.653 43.462 13.066
353 10 2 45.175 13.653 43.561 13.066
354 10 2 45.252 13.675 43.638 13.089
355 10 2 45.351 13.697 43.738 13.111
356 10 2 45.428 13.697 43.814 13.111
357 10 2 45.527 13.720 43.914 13.133
358 10 2 45.605 13.742 43.991 13.155
359 10 2 45.682 13.742 44.068 13.155
360 10 2 45.759 13.764 44.145 13.177
361 10 2 45.859 13.808 44.245 13.221
362 10 2 45.935 13.808 44.321 13.221
363 10 2 46.035 13.830 44.421 13.243
364 10 2 46.111 13.830 44.497 13.243
365 10 2 46.211 13.852 44.597 13.265
366 10 2 46.288 13.897 44.674 13.310
367 10 2 46.388 13.919 44.773 13.332
368 10 2 46.464 13.919 44.850 13.332
369 10 2 46.564 13.941 44.949 13.354
370 10 2 46.641 13.963 45.027 13.376
371 10 2 46.718 13.963 45.104 13.376
372 10 2 46.795 13.985 45.181 13.398
373 10 2 46.894 14.007 45.280 13.420
374 10 2 46.971 14.007 45.357 13.420
375 10 2 47.070 14.029 45.456 13.442
377 10 2 47.225 14.073 45.610 13.486
378 10 2 47.302 14.095 45.688 13.508
379 10 2 47.401 14.095 45.786 13.508
380 10 2 47.478 14.117 45.864 13.530
381 10 2 47.578 14.162 45.963 13.575
382 10 2 47.655 14.184 46.041 13.597
383 10 2 47.732 14.184 46.117 13.597
384 10 2 47.809 14.206 46.195 13.619
385 10 2 47.909 14.250 46.294 13.663
386 10 2 47.986 14.273 46.372 13.685
387 10 2 48.063 14.272 46.448 13.685
388 10 2 48.141 14.295 46.526 13.707
389 10 2 48.240 14.339 46.625 13.752
390 10 2 48.318 14.383 46.703 13.796
391 10 2 48.417 14.405 46.802 13.818
392 10 2 48.495 14.428 46.880 13.840
393 10 2 48.595 14.472 46.979 13.885
394 10 2 48.650 14.494 47.035 13.907
395 10 2 48.749 14.516 47.134 13.929
396 10 2 48.827 14.561 47.212 13.973
397 10 2 48.904 14.583 47.289 13.995
398 10 2 48.982 14.605 47.366 14.018
399 10 2 49.081 14.649 47.466 14.062
400 10 2 49.159 14.671 47.543 14.084
401 10 2 49.236 14.694 47.621 14.106
402 10 2 49.314 14.738 47.698 14.151
403 10 2 49.392 14.782 47.776 14.195
404 10 2 49.469 14.805 47.854 14.217
405 10 2 49.569 14.827 47.953 14.239
406 10 2 49.646 14.871 48.031 14.284
407 10 2 49.724 14.915 48.108 14.328
408 10 2 49.802 14.938 48.186 14.350
409 10 2 49.901 14.960 48.285 14.372
410 10 2 49.957 15.004 48.341 14.417
411 10 2 50.057 15.049 48.441 14.461
412 10 2 50.135 15.093 48.519 14.505
413 10 2 50.213 15.137 48.596 14.550
414 10 2 50.290 15.160 48.674 14.572
415 10 2 50.368 15.182 48.751 14.594
416 10 2 50.446 15.249 48.829 14.661
417 10 2 50.524 15.271 48.907 14.683
347 10 2 44.647 13.587 43.033 13.000
376 10 2 47.148 14.073 45.534 13.486
