frame,id,class,tl_x,tl_y,br_x,br_y
0,0,1,34.232,16.881,33.548,16.072
1,0,1,34.253,16.901,33.538,16.062
2,0,1,34.161,16.953,33.210,16.097
3,0,1,34.191,16.861,33.311,15.943
4,0,1,34.201,16.861,33.219,15.954
5,0,1,34.211,16.769,33.208,15.852
6,0,1,34.220,16.707,33.299,15.697
7,0,1,34.179,16.687,33.155,15.628
8,0,1,34.270,16.553,33.320,15.697
9,0,1,34.280,16.522,33.320,15.697
10,0,1,34.270,16.533,33.391,15.625
11,0,1,34.208,16.482,33.258,15.657
12,0,1,34.248,16.390,33.360,15.615
13,0,1,34.187,16.391,33.227,15.637
14,0,1,34.156,16.391,33.216,15.596
15,0,1,34.124,16.279,33.144,15.587
16,0,1,34.083,16.300,33.062,15.537
17,0,1,34.124,16.269,33.040,15.415
18,0,1,34.154,16.166,33.122,15.322
19,0,1,34.153,16.105,33.429,15.328
20,0,1,34.205,16.135,33.254,15.228
21,0,1,34.245,16.073,33.345,15.135
22,0,1,34.204,16.033,33.314,15.043
23,0,1,34.214,15.971,33.294,15.074
24,0,1,34.193,15.951,33.222,15.055
25,0,1,34.131,15.890,33.129,15.025
26,0,1,34.130,15.839,33.109,15.005
27,0,1,34.100,15.830,33.087,14.934
28,0,1,34.110,15.789,33.108,14.923
29,0,1,34.139,15.604,33.252,14.942
30,0,1,34.138,15.574,33.293,14.941
31,0,1,34.138,15.563,33.261,14.891
32,0,1,34.138,15.533,33.230,14.860
33,0,1,34.148,15.481,33.271,14.788
34,0,1,34.117,15.472,33.260,14.737
35,0,1,34.167,15.359,33.259,14.615
36,0,1,34.136,15.318,33.196,14.493
37,0,1,34.167,15.308,33.134,14.433
38,0,1,34.176,15.246,33.145,14.453
39,0,1,34.156,15.226,33.227,14.472
40,0,1,34.146,15.257,33.216,14.411
41,0,1,34.176,15.246,33.247,14.411
42,0,1,34.135,15.206,33.237,14.401
43,0,1,34.124,15.134,33.236,14.360
44,0,1,34.134,15.063,33.266,14.247
45,0,1,34.113,14.981,33.296,14.196
46,0,1,34.163,14.889,33.357,14.123
47,0,1,34.152,14.858,33.295,14.053
48,0,1,34.142,14.838,33.326,14.052
49,0,1,34.203,14.776,33.336,14.083
50,0,1,34.244,14.755,33.336,14.042
51,0,1,34.223,14.725,33.377,13.991
52,0,1,34.233,14.663,33.376,13.899
53,0,1,34.222,14.663,33.364,13.725
54,0,1,34.222,14.663,33.344,13.756
55,0,1,34.202,14.664,33.363,13.634
56,0,1,34.222,14.623,33.343,13.685
57,0,1,34.232,14.571,33.353,13.644
58,0,1,34.211,14.541,33.240,13.645
59,0,1,34.221,14.480,33.271,13.625
60,0,1,34.220,14.429,33.301,13.573
61,0,1,34.220,14.388,33.189,13.595
62,0,1,34.270,14.306,33.291,13.543
63,0,1,34.249,14.173,33.341,13.491
64,0,1,34.248,14.132,33.362,13.460
65,0,1,34.309,14.111,33.413,13.439
66,0,1,34.289,14.101,33.402,13.358
67,0,1,34.279,14.091,33.371,13.307
68,0,1,34.288,14.040,33.370,13.246
69,0,1,34.236,13.918,33.339,13.226
70,0,1,34.246,13.877,33.339,13.226
71,0,1,34.225,13.847,33.307,13.073
72,0,1,34.195,13.858,33.246,13.054
73,0,1,34.215,13.817,33.255,13.013
74,0,1,34.215,13.817,33.286,12.961
75,0,1,34.204,13.786,33.306,12.941
76,0,1,34.204,13.766,33.326,12.930
77,0,1,34.183,13.715,33.295,12.829
78,0,1,34.193,13.643,33.285,12.829
79,0,1,34.181,13.460,33.264,12.849
80,0,1,34.170,13.450,33.274,12.829
81,0,1,34.150,13.450,33.264,12.778
82,0,1,34.140,13.430,33.223,12.758
83,0,1,34.170,13.358,33.273,12.707
84,0,1,34.169,13.307,33.262,12.635
85,0,1,34.179,13.266,33.241,12.503
86,0,1,34.209,13.215,33.292,12.451
87,0,1,34.220,13.215,33.228,12.259
88,0,1,34.260,13.184,33.280,12.299
89,0,1,34.240,13.214,33.208,12.300
90,0,1,34.148,13.226,33.014,12.302
91,0,1,34.229,13.174,33.167,12.280
92,0,1,34.148,13.175,33.147,12.290
93,0,1,34.219,13.133,33.239,12.258
94,0,1,34.167,13.052,33.147,12.260
95,0,1,34.156,12.950,33.177,12.229
96,0,1,34.186,12.858,33.166,12.127
97,0,1,34.196,12.858,33.186,12.035
98,0,1,34.226,12.746,33.216,11.994
99,0,1,34.195,12.716,33.154,11.944
100,0,1,34.174,12.695,33.052,11.935
101,0,1,34.071,12.656,33.093,11.955
102,0,1,34.091,12.615,33.123,11.954
103,0,1,34.142,12.553,33.204,11.790
104,0,1,34.091,12.564,33.019,11.721
105,0,1,34.111,12.513,33.172,11.689
106,0,1,34.121,12.502,33.233,11.627
107,0,1,34.141,12.472,33.284,11.606
108,0,1,34.172,12.461,33.243,11.566
109,0,1,34.161,12.441,33.243,11.525
110,0,1,34.151,12.380,33.253,11.545
111,0,1,34.170,12.298,33.242,11.504
112,0,1,34.006,12.229,33.397,11.574
113,0,1,34.035,13.197,33.425,12.542
114,0,1,34.005,12.168,33.374,11.360
115,0,1,33.995,12.086,33.385,11.432
116,0,1,34.127,11.993,33.199,11.240
117,0,1,34.147,11.952,33.168,11.220
118,0,1,34.187,11.890,33.198,11.149
119,0,1,34.136,11.891,33.188,11.149
120,0,1,34.146,11.840,33.177,11.057
121,0,1,34.064,11.882,33.167,11.027
122,0,1,34.075,11.892,33.156,10.996
123,0,1,33.941,11.822,33.330,11.015
124,0,1,34.023,11.862,33.126,11.027
125,0,1,34.033,11.831,33.187,11.016
126,0,1,33.920,11.751,33.311,11.096
127,0,1,33.991,11.689,33.329,10.852
128,0,1,33.857,11.599,33.401,10.943
129,0,1,33.887,11.558,33.432,10.902
130,0,1,33.887,11.517,33.431,10.861
131,0,1,33.877,11.487,33.421,10.830
132,0,1,33.887,11.446,33.431,10.790
133,0,1,33.886,11.415,33.430,10.759
134,0,1,33.896,11.385,33.440,10.728
135,0,1,33.886,11.344,33.430,10.688
136,0,1,33.885,11.303,33.429,10.647
137,0,1,33.885,11.273,33.429,10.617
138,0,1,33.885,11.232,33.429,10.576
139,0,1,33.966,11.231,33.366,10.455
140,0,1,34.212,11.238,33.326,10.547
141,0,1,34.181,11.178,33.346,10.506
142,0,1,34.130,11.199,33.203,10.456
143,0,1,33.924,11.018,33.437,10.342
144,0,1,34.110,11.260,33.182,10.416
145,0,1,34.130,11.270,33.141,10.427
146,0,1,33.922,10.814,33.364,10.210
147,0,1,33.871,10.835,33.415,10.189
148,0,1,33.881,10.795,33.425,10.149
149,0,1,33.891,10.764,33.435,10.118
150,0,1,33.994,10.834,33.169,10.141
151,0,1,34.074,10.701,33.250,10.029
152,0,1,34.186,10.628,33.239,9.907
153,0,1,34.206,10.618,33.279,9.825
154,0,1,34.196,10.618,33.248,9.825
155,0,1,34.155,10.618,33.228,9.815
156,0,1,34.165,10.598,33.248,9.795
157,0,1,34.155,10.608,33.218,9.805
158,0,1,34.155,10.598,33.218,9.795
159,0,1,33.808,10.622,33.352,9.977
160,0,1,34.081,10.355,33.441,9.660
161,0,1,34.185,10.486,33.227,9.754
162,0,1,34.204,10.404,33.268,9.713
163,0,1,34.204,10.364,33.257,9.673
164,0,1,34.245,10.363,33.267,9.601
165,0,1,34.275,10.312,33.318,9.540
166,0,1,33.927,10.285,33.472,9.640
167,0,1,33.937,10.245,33.482,9.599
168,0,1,33.947,10.224,33.492,9.578
169,0,1,33.947,10.194,33.491,9.548
170,0,1,34.386,10.158,33.234,9.368
172,0,1,33.936,10.153,33.481,9.507
173,0,1,33.946,10.122,33.491,9.477
174,0,1,33.936,10.102,33.480,9.457
175,0,1,34.192,10.140,33.274,9.266
176,0,1,34.192,10.160,33.294,9.204
177,0,1,33.915,10.052,33.460,9.406
178,0,1,34.191,10.099,33.314,9.133
179,0,1,33.904,10.001,33.449,9.355
180,0,1,34.210,9.936,33.292,9.001
181,0,1,33.894,9.940,33.438,9.294
182,0,1,33.893,9.889,33.438,9.244
184,0,1,33.883,9.879,33.427,9.234
185,0,1,33.872,9.849,33.417,9.203
186,0,1,34.176,9.490,33.495,8.735
187,0,1,34.278,9.519,33.411,8.563
188,0,1,34.257,9.478,33.401,8.583
189,0,1,34.278,9.478,33.441,8.451
190,0,1,34.237,9.499,33.441,8.421
191,0,1,34.268,9.499,33.481,8.390
192,0,1,34.268,9.499,33.451,8.410
193,0,1,34.308,9.437,33.400,8.421
194,0,1,34.379,9.426,33.431,8.421
195,0,1,34.369,9.426,33.420,8.390
196,0,1,33.970,9.339,33.515,8.694
197,0,1,34.297,9.315,33.451,8.390
198,0,1,33.959,9.268,33.504,8.623
199,0,1,33.958,9.197,33.503,8.552
200,0,1,34.191,8.900,33.633,8.246
201,0,1,34.396,8.999,33.469,8.156
202,0,1,34.446,8.928,33.479,8.126
203,0,1,34.425,8.826,33.490,8.186
204,0,1,34.394,8.827,33.449,8.177
205,0,1,34.354,8.827,33.387,8.167
206,0,1,34.313,8.848,33.346,8.127
207,0,1,34.364,8.878,33.427,8.004
208,0,1,34.334,8.888,33.385,7.934
209,0,1,34.333,8.858,33.415,7.842
210,0,1,34.364,8.858,33.466,7.842
211,0,1,34.323,8.838,33.425,7.801
212,0,1,34.016,8.790,33.561,8.145
213,0,1,34.016,8.760,33.561,8.115
214,0,1,34.026,8.719,33.571,8.074
216,0,1,34.015,8.709,33.560,8.064
217,0,1,34.015,8.678,33.560,8.033
219,0,1,34.005,8.668,33.550,8.023
220,0,1,34.015,8.658,33.560,8.013
221,0,1,34.005,8.668,33.550,8.023
222,0,1,34.450,8.176,33.543,7.283
223,0,1,34.470,8.217,33.503,7.324
224,0,1,34.450,8.207,33.533,7.242
225,0,1,34.491,8.176,33.563,7.201
226,0,1,34.419,8.197,33.542,7.151
227,0,1,34.439,8.156,33.501,7.151
228,0,1,34.409,8.146,33.471,7.182
229,0,1,34.501,8.166,33.481,7.141
230,0,1,34.490,8.156,33.450,7.111
231,0,1,34.480,8.125,33.449,7.070
232,0,1,34.489,8.034,33.459,7.020
233,0,1,34.478,7.973,33.459,6.999
234,0,1,34.467,7.831,33.448,6.928
235,0,1,34.476,7.750,33.489,6.877
236,0,1,34.476,7.659,33.427,6.858
237,0,1,34.415,7.720,33.488,6.796
238,0,1,34.425,7.689,33.498,6.766
239,0,1,34.414,7.639,33.487,6.715
240,0,1,34.485,7.598,33.427,6.797
241,0,1,34.414,7.649,33.487,6.735
242,0,1,34.475,7.608,33.518,6.695
243,0,1,34.455,7.608,33.528,6.694
244,0,1,34.465,7.588,33.538,6.674
245,0,1,34.454,7.547,33.527,6.634
246,0,1,34.464,7.506,33.537,6.593
247,0,1,34.454,7.486,33.527,6.573
248,0,1,34.443,7.405,33.495,6.401
249,0,1,34.402,7.406,33.454,6.401
250,0,1,34.422,7.365,33.485,6.441
251,0,1,34.441,7.273,33.485,6.421
252,0,1,34.431,7.213,33.464,6.411
253,0,1,34.461,7.192,33.494,6.370
254,0,1,34.440,7.152,33.524,6.289
255,0,1,34.440,7.162,33.524,6.289
256,0,1,34.440,7.121,33.524,6.248
257,0,1,34.409,7.040,33.431,6.097
258,0,1,34.378,7.010,33.462,6.137
259,0,1,34.490,7.030,33.522,6.066
260,0,1,34.490,6.979,33.522,5.985
261,0,1,34.459,6.918,33.543,6.045
262,0,1,34.458,6.898,33.542,6.025
263,0,1,34.458,6.878,33.542,6.005
264,0,1,34.387,6.929,33.409,5.905
265,0,1,34.356,6.848,33.440,5.976
266,0,1,34.356,6.808,33.440,5.935
267,0,1,34.355,6.767,33.439,5.894
268,0,1,34.355,6.727,33.439,5.854
269,0,1,34.354,6.686,33.438,5.813
270,0,1,34.354,6.646,33.438,5.773
271,0,1,34.465,6.462,33.344,5.561
272,0,1,34.496,6.512,33.580,5.660
273,0,1,34.485,6.513,33.570,5.650
274,0,1,34.485,6.482,33.569,5.620
275,0,1,34.505,6.431,33.589,5.569
276,0,1,34.505,6.421,33.589,5.559
277,0,1,34.505,6.370,33.589,5.508
278,0,1,34.505,6.360,33.589,5.498
279,0,1,34.504,6.330,33.589,5.467
280,0,1,34.504,6.300,33.588,5.437
281,0,1,34.504,6.269,33.588,5.407
282,0,1,34.493,6.249,33.514,5.144
283,0,1,34.462,6.219,33.494,5.154
284,0,1,34.431,6.118,33.515,5.255
285,0,1,34.431,6.128,33.422,5.084
286,0,1,34.451,6.077,33.474,5.175
287,0,1,34.410,6.047,33.494,5.185
288,0,1,34.410,6.017,33.494,5.154
289,0,1,34.409,5.986,33.494,5.124
290,0,1,34.409,5.956,33.493,5.094
291,0,1,34.429,5.925,33.514,5.063
292,0,1,34.429,5.895,33.513,5.033
293,0,1,34.428,5.844,33.513,4.982
294,0,1,34.408,5.814,33.492,4.952
295,0,1,34.387,5.784,33.471,4.922
296,0,1,34.407,5.733,33.491,4.871
297,0,1,34.407,5.703,33.491,4.841
298,0,1,34.406,5.672,33.491,4.810
299,0,1,34.406,5.622,33.490,4.760
300,0,1,34.406,5.591,33.490,4.729
301,0,1,34.405,5.561,33.490,4.699
302,0,1,34.426,5.530,33.510,4.668
303,0,1,34.425,5.500,33.510,4.638
304,0,1,34.445,5.469,33.530,4.607
305,0,1,34.424,5.419,33.509,4.557
306,0,1,34.445,5.388,33.529,4.526
307,0,1,34.424,5.338,33.508,4.476
308,0,1,34.444,5.287,33.528,4.425
309,0,1,34.423,5.257,33.508,4.395
310,0,1,34.443,5.226,33.528,4.364
311,0,1,34.443,5.196,33.528,4.334
312,0,1,34.463,5.166,33.548,4.304
313,0,1,34.605,5.043,33.720,4.181
314,0,1,34.615,5.043,33.710,4.181
315,0,1,34.625,5.012,33.720,4.150
316,0,1,34.635,5.002,33.730,4.140
317,0,1,34.624,4.972,33.719,4.110
318,0,1,34.634,4.941,33.729,4.079
319,0,1,34.624,4.911,33.719,4.049
320,0,1,34.634,4.881,33.729,4.019
321,0,1,34.644,4.850,33.739,3.988
322,0,1,34.653,4.820,33.749,3.958
323,0,1,34.663,4.769,33.758,3.907
324,0,1,34.673,4.739,33.768,3.877
325,0,1,34.663,4.708,33.758,3.846
326,0,1,34.673,4.678,33.768,3.816
327,0,1,34.682,4.647,33.778,3.786
328,0,1,34.692,4.617,33.788,3.755
329,0,1,34.682,4.566,33.777,3.705
330,0,1,34.671,4.536,33.766,3.674
331,0,1,34.661,4.506,33.756,3.644
332,0,1,34.671,4.475,33.766,3.614
0,2,1,32.327,5.976,31.389,4.961
1,2,1,32.368,6.077,31.389,4.992
2,2,1,32.297,6.088,31.338,5.012
3,2,1,32.256,6.099,31.298,5.043
4,2,1,32.256,6.099,31.297,5.033
5,2,1,32.267,6.149,31.308,5.084
6,2,1,32.225,6.048,31.258,5.175
7,2,1,32.216,6.119,31.257,5.104
8,2,1,32.256,6.109,31.258,5.267
9,2,1,32.164,6.099,31.259,5.337
10,2,1,32.185,6.180,31.238,5.246
11,2,1,32.165,6.221,31.218,5.287
12,2,1,32.074,6.242,31.291,5.530
13,2,1,32.075,6.374,31.251,5.601
14,2,1,32.086,6.486,31.128,5.582
15,2,1,32.086,6.567,31.067,5.633
16,2,1,31.923,6.538,31.220,5.652
17,2,1,31.933,6.589,31.231,5.703
18,2,1,32.067,6.658,31.283,5.763
19,2,1,32.026,6.649,31.313,5.763
20,2,1,31.995,6.700,31.283,5.814
21,2,1,32.016,6.740,31.304,5.854
22,2,1,32.006,6.791,31.294,5.905
23,2,1,31.986,6.842,31.274,5.956
24,2,1,31.997,6.882,31.284,5.996
25,2,1,31.987,6.933,31.275,6.047
26,2,1,31.967,6.974,31.255,6.088
28,2,1,31.957,6.964,31.244,6.078
29,2,1,31.957,6.994,31.244,6.108
30,2,1,31.957,7.055,31.245,6.169
31,2,1,31.958,7.116,31.245,6.230
32,2,1,31.958,7.167,31.246,6.281
33,2,1,31.959,7.207,31.246,6.321
34,2,1,31.949,7.258,31.236,6.372
35,2,1,32.135,7.541,31.053,6.476
36,2,1,32.064,7.582,30.880,6.558
37,2,1,32.084,7.582,30.972,6.598
38,2,1,32.115,7.612,30.993,6.608
39,2,1,32.095,7.643,30.952,6.679
40,2,1,32.106,7.673,30.943,6.771
41,2,1,32.003,7.684,30.800,6.833
42,2,1,32.003,7.664,30.923,6.873
43,2,1,31.922,7.705,30.708,6.915
44,2,1,32.004,7.725,30.801,6.986
45,2,1,32.024,7.694,30.884,7.086
46,2,1,32.024,7.725,30.884,7.117
47,2,1,32.005,7.867,30.936,7.197
48,2,1,32.068,8.029,31.089,7.216
49,2,1,31.966,8.111,30.824,7.249
50,2,1,31.751,8.093,31.080,7.277
51,2,1,31.895,8.234,30.537,7.293
52,2,1,31.927,8.294,30.588,7.292
53,2,1,31.968,8.355,30.865,7.300
54,2,1,31.938,8.396,30.885,7.320
55,2,1,31.846,8.438,30.661,7.403
56,2,1,31.630,8.318,30.907,7.502
57,2,1,31.610,8.359,30.887,7.543
58,2,1,31.633,8.674,30.519,7.578
59,2,1,31.725,8.683,30.509,7.568
60,2,1,31.817,8.651,30.499,7.598
61,2,1,31.898,8.559,31.093,7.755
62,2,1,31.858,8.671,31.084,7.816
63,2,1,31.920,8.732,31.084,7.907
64,2,1,32.084,8.781,30.839,7.879
65,2,1,31.828,8.783,31.136,7.978
66,2,1,31.891,8.935,31.137,8.100
67,2,1,32.086,9.025,30.788,8.012
68,2,1,32.086,9.055,30.942,8.010
69,2,1,32.107,9.075,31.065,8.019
70,2,1,32.086,9.086,31.126,8.008
71,2,1,32.107,9.106,31.126,8.039
72,2,1,32.127,9.105,31.167,8.008
73,2,1,32.117,9.136,31.167,8.048
74,2,1,32.148,9.146,31.178,8.038
75,2,1,32.108,9.187,31.137,8.140
76,2,1,32.067,9.198,30.954,8.213
77,2,1,32.087,9.187,31.025,8.182
78,2,1,32.005,9.188,30.851,8.184
79,2,1,32.016,9.229,30.924,8.285
80,2,1,31.954,9.219,30.924,8.407
81,2,1,31.975,9.270,30.966,8.437
82,2,1,31.966,9.351,30.976,8.518
83,2,1,31.894,9.372,31.028,8.558
84,2,1,31.885,9.434,31.008,8.609
85,2,1,31.875,9.566,31.019,8.690
86,2,1,31.876,9.647,31.040,8.751
87,2,1,31.927,9.687,31.081,8.771
88,2,1,31.907,9.698,31.050,8.782
89,2,1,31.887,9.759,31.040,8.802
90,2,1,31.857,9.820,30.990,8.904
91,2,1,31.806,9.841,30.949,8.895
92,2,1,31.744,9.822,30.969,8.935
93,2,1,31.744,9.812,30.980,8.965
94,2,1,31.754,9.801,30.990,8.986
95,2,1,31.744,9.791,30.950,9.047
96,2,1,31.734,9.781,30.940,9.118
97,2,1,31.714,9.812,30.951,9.200
98,2,1,31.745,9.862,30.972,9.281
99,2,1,31.734,9.873,30.972,9.291
100,2,1,31.786,9.943,31.065,9.412
101,2,1,31.798,10.116,30.984,9.454
102,2,1,31.818,10.116,30.984,9.443
103,2,1,31.798,10.167,30.973,9.454
104,2,1,31.799,10.208,30.953,9.434
105,2,1,31.830,10.279,30.932,9.454
106,2,1,31.851,10.319,30.943,9.464
107,2,1,31.851,10.360,30.922,9.485
108,2,1,31.820,10.360,30.892,9.546
109,2,1,31.790,10.401,30.882,9.597
110,2,1,31.789,10.330,30.861,9.536
111,2,1,31.759,10.432,30.831,9.618
112,2,1,31.760,10.544,30.842,9.649
113,2,1,31.730,10.606,30.801,9.720
114,2,1,31.710,10.616,30.781,9.782
115,2,1,31.690,10.667,30.833,9.832
116,2,1,31.689,10.647,30.864,9.893
117,2,1,31.649,10.749,30.762,9.945
118,2,1,31.690,10.759,30.824,10.005
119,2,1,31.701,10.769,30.814,10.076
120,2,1,31.619,10.821,30.733,10.118
121,2,1,31.578,10.852,30.764,10.169
122,2,1,31.548,10.954,30.795,10.209
123,2,1,31.632,11.198,30.784,10.179
124,2,1,31.518,11.036,30.785,10.260
125,2,1,31.652,11.146,30.754,10.210
126,2,1,31.663,11.167,30.744,10.230
127,2,1,31.652,11.146,30.744,10.220
128,2,1,31.612,11.157,30.693,10.281
129,2,1,31.560,11.178,30.662,10.292
130,2,1,31.591,11.178,30.672,10.282
131,2,1,31.591,11.147,30.673,10.363
132,2,1,31.540,11.168,30.653,10.496
133,2,1,31.551,11.239,30.664,10.506
134,2,1,31.582,11.269,30.715,10.577
135,2,1,31.551,11.311,30.674,10.567
136,2,1,31.531,11.362,30.655,10.649
137,2,1,31.501,11.413,30.624,10.690
138,2,1,31.522,11.464,30.593,10.700
139,2,1,31.533,11.566,30.604,10.741
140,2,1,31.564,11.596,30.625,10.771
141,2,1,31.523,11.678,30.615,10.822
142,2,1,31.524,11.790,30.626,10.883
143,2,1,31.504,11.851,30.626,10.955
144,2,1,31.535,11.882,30.637,11.036
145,2,1,31.546,11.912,30.637,11.046
146,2,1,31.454,11.964,30.565,11.057
147,2,1,31.526,11.973,30.606,11.036
148,2,1,31.495,11.994,30.575,11.016
149,2,1,31.546,12.004,30.596,11.067
150,2,1,31.557,12.004,30.607,11.087
151,2,1,31.526,12.004,30.587,11.220
152,2,1,31.455,12.046,30.578,11.363
153,2,1,31.485,12.055,30.588,11.393
154,2,1,31.496,12.127,30.578,11.414
155,2,1,31.486,12.137,30.609,11.454
156,2,1,31.497,12.188,30.599,11.475
157,2,1,31.477,12.260,30.559,11.547
158,2,1,31.405,12.311,30.436,11.548
159,2,1,31.437,12.413,30.487,11.578
160,2,1,31.448,12.484,30.518,11.547
161,2,1,31.448,12.535,30.549,11.577
162,2,1,31.418,12.576,30.559,11.587
163,2,1,31.449,12.617,30.580,11.638
164,2,1,31.449,12.647,30.580,11.679
165,2,1,31.418,12.668,30.571,11.761
166,2,1,31.419,12.740,30.550,11.730
167,2,1,31.388,12.750,30.541,11.883
168,2,1,31.358,12.761,30.531,11.904
169,2,1,31.409,12.760,30.551,11.944
170,2,1,31.378,12.791,30.491,12.078
172,2,1,31.420,12.852,30.554,12.250
173,2,1,31.451,12.913,30.575,12.322
174,2,1,31.431,12.995,30.616,12.372
175,2,1,31.422,13.117,30.575,12.393
176,2,1,31.422,13.148,30.493,12.363
177,2,1,31.453,13.188,30.483,12.384
178,2,1,31.484,13.239,30.503,12.363
179,2,1,31.474,13.270,30.513,12.353
180,2,1,31.495,13.280,30.524,12.373
181,2,1,31.485,13.290,30.535,12.444
182,2,1,31.475,13.310,30.535,12.465
184,2,1,31.465,13.341,30.555,12.424
185,2,1,31.516,13.361,30.566,12.505
186,2,1,31.496,13.402,30.556,12.577
187,2,1,31.517,13.453,30.536,12.659
188,2,1,31.487,13.535,30.547,12.781
189,2,1,31.507,13.565,30.517,12.822
190,2,1,31.528,13.585,30.497,12.925
191,2,1,31.519,13.667,30.529,13.057
192,2,1,31.560,13.697,30.591,13.107
193,2,1,31.560,13.718,30.601,13.117
194,2,1,31.540,13.820,30.560,13.159
195,2,1,31.562,14.004,30.550,13.189
196,2,1,31.532,14.035,30.550,13.149
197,2,1,31.532,14.086,30.571,13.148
198,2,1,31.522,14.127,30.550,13.179
199,2,1,31.430,14.159,30.550,13.128
200,2,1,31.379,14.159,30.603,13.413
201,2,1,31.482,14.199,30.581,13.169
202,2,1,31.481,14.178,30.571,13.189
203,2,1,31.482,14.209,30.582,13.271
204,2,1,31.492,14.209,30.582,13.332
205,2,1,31.482,14.301,30.603,13.413
206,2,1,31.544,14.300,30.604,13.485
207,2,1,31.514,14.413,30.573,13.526
208,2,1,31.401,14.425,30.543,13.629
209,2,1,31.433,14.496,30.555,13.761
210,2,1,31.423,14.527,30.566,13.843
211,2,1,31.382,14.609,30.535,13.925
212,2,1,31.393,14.660,30.546,13.966
213,2,1,31.424,14.731,30.587,13.955
214,2,1,31.425,14.823,30.556,13.945
216,2,1,31.467,14.986,30.545,13.904
217,2,1,31.447,14.986,30.525,13.915
219,2,1,31.437,15.048,30.627,13.883
220,2,1,31.311,14.630,30.567,14.017
221,2,1,31.293,14.988,30.518,14.314
222,2,1,31.447,15.037,30.546,14.037
223,2,1,31.468,15.017,30.578,14.108
224,2,1,31.489,15.129,30.548,14.303
225,2,1,31.520,15.169,30.611,14.374
226,2,1,31.449,15.221,30.549,14.446
227,2,1,31.397,15.232,30.488,14.518
228,2,1,31.500,15.210,30.601,14.537
229,2,1,31.551,15.240,30.632,14.516
230,2,1,31.510,15.251,30.632,14.516
231,2,1,31.480,15.354,30.601,14.517
232,2,1,31.522,15.394,30.632,14.537
233,2,1,31.512,15.405,30.632,14.516
234,2,1,31.462,15.569,30.612,14.558
235,2,1,31.452,15.630,30.561,14.640
236,2,1,31.418,15.242,30.674,14.628
237,2,1,31.418,15.283,30.674,14.669
238,2,1,31.419,15.334,30.675,14.720
239,2,1,31.419,15.375,30.675,14.761
240,2,1,31.422,15.794,30.595,15.079
241,2,1,31.402,15.836,30.678,15.221
242,2,1,31.402,15.825,30.668,15.211
243,2,1,31.402,15.866,30.668,15.252
244,2,1,31.403,15.907,30.669,15.293
245,2,1,31.413,15.948,30.679,15.334
246,2,1,31.413,15.979,30.680,15.365
247,2,1,31.414,16.020,30.680,15.405
248,2,1,31.424,16.060,30.690,15.446
249,2,1,31.477,16.223,30.556,15.295
250,2,1,31.539,16.253,30.607,15.335
251,2,1,31.539,16.304,30.597,15.355
252,2,1,31.489,16.407,30.546,15.356
253,2,1,31.386,16.399,30.661,15.590
254,2,1,31.519,16.387,30.577,15.417
255,2,1,31.530,16.479,30.495,15.398
256,2,1,31.562,16.570,30.577,15.427
257,2,1,31.583,16.611,30.557,15.509
258,2,1,31.614,16.621,30.558,15.550
259,2,1,31.583,16.590,30.465,15.582
260,2,1,31.323,16.226,30.599,15.611
261,2,1,31.542,16.632,30.569,15.673
262,2,1,31.461,16.807,30.807,15.946
263,2,1,31.604,16.723,30.601,15.877
264,2,1,31.646,16.774,30.777,15.987
265,2,1,31.614,16.713,30.808,16.110
266,2,1,31.677,16.835,30.767,16.131
267,2,1,31.647,16.927,30.788,16.171
268,2,1,31.626,16.928,30.778,16.192
269,2,1,31.647,17.009,30.768,16.151
270,2,1,31.648,17.050,30.757,16.110
271,2,1,31.679,17.060,30.747,16.121
272,2,1,31.556,17.154,30.832,16.488
273,2,1,31.638,17.081,30.768,16.151
274,2,1,31.618,17.122,30.819,16.171
275,2,1,31.618,17.153,30.819,16.202
276,2,1,31.649,17.153,30.799,16.171
277,2,1,31.660,17.245,30.779,16.243
278,2,1,31.629,17.307,30.769,16.387
279,2,1,31.682,17.449,30.729,16.541
280,2,1,31.672,17.460,30.719,16.572
281,2,1,31.525,17.124,30.811,16.519
282,2,1,31.517,17.462,30.783,16.817
283,2,1,31.631,17.552,30.648,16.685
284,2,1,31.642,17.583,30.649,16.757
285,2,1,31.632,17.624,30.680,16.787
286,2,1,31.612,17.758,30.639,16.829
287,2,1,31.633,17.747,30.649,16.818
288,2,1,31.623,17.798,30.650,16.849
289,2,1,31.654,17.849,30.691,16.849
290,2,1,31.466,17.452,30.752,16.848
291,2,1,31.466,17.483,30.753,16.878
292,2,1,31.665,17.931,30.701,16.879
293,2,1,31.456,17.524,30.743,16.920
294,2,1,31.645,17.993,30.691,16.859
295,2,1,31.446,17.555,30.733,16.950
296,2,1,31.447,17.596,30.733,16.991
297,2,1,31.666,18.054,30.702,16.951
298,2,1,31.437,17.637,30.723,17.033
299,2,1,31.541,17.892,30.797,17.359
300,2,1,31.482,18.169,30.757,17.524
301,2,1,31.699,18.300,30.725,17.350
302,2,1,31.586,18.281,30.861,17.645
303,2,1,31.699,18.289,30.798,17.441
304,2,1,31.740,18.319,30.870,17.522
305,2,1,31.782,18.421,30.871,17.655
306,2,1,31.740,18.360,30.840,17.533
307,2,1,31.700,18.402,30.778,17.472
308,2,1,31.710,18.402,30.788,17.523
309,2,1,31.690,18.453,30.788,17.544
310,2,1,31.711,18.504,30.788,17.544
311,2,1,31.721,18.535,30.840,17.564
312,2,1,31.670,18.587,30.884,17.901
313,2,1,31.691,18.669,30.906,18.096
314,2,1,31.650,18.669,30.936,18.085
315,2,1,31.651,18.710,30.937,18.126
316,2,1,31.692,18.761,30.800,17.759
317,2,1,31.734,18.812,30.770,17.800
318,2,1,31.733,18.771,30.770,17.872
319,2,1,31.734,18.832,30.760,17.872
320,2,1,31.724,18.884,30.771,18.026
321,2,1,31.724,18.925,30.761,18.057
322,2,1,31.589,18.681,30.875,18.096
323,2,1,31.589,18.701,30.875,18.117
324,2,1,31.664,19.069,30.919,18.455
326,2,1,31.645,19.295,30.824,18.179
327,2,1,31.707,19.315,30.916,18.157
328,2,1,31.676,19.315,30.875,18.158
329,2,1,31.748,19.294,30.886,18.178
330,2,1,31.737,19.243,30.866,18.230
331,2,1,31.788,19.242,30.856,18.281
332,2,1,31.738,19.325,30.835,18.302
171,2,1,31.430,12.801,30.532,12.108
183,2,1,31.444,13.301,30.544,12.383
215,2,1,31.456,14.914,30.576,13.914
218,2,1,31.447,15.017,30.546,13.915
0,3,1,31.429,6.137,30.562,5.151
1,3,1,31.460,6.167,30.552,5.141
2,3,1,31.450,6.208,30.542,5.182
3,3,1,31.460,6.269,30.553,5.243
4,3,1,31.461,6.309,30.553,5.283
5,3,1,31.451,6.340,30.543,5.314
6,3,1,31.441,6.390,30.533,5.365
7,3,1,31.441,6.431,30.533,5.405
8,3,1,31.441,6.462,30.534,5.436
9,3,1,31.442,6.512,30.534,5.486
10,3,1,31.442,6.533,30.534,5.507
11,3,1,31.921,6.315,31.013,5.289
12,3,1,31.299,6.534,30.718,5.505
13,3,1,31.360,6.483,30.505,5.771
14,3,1,31.218,6.667,30.485,5.811
16,3,1,31.289,6.625,30.557,5.770
17,3,1,31.300,6.646,30.567,5.790
18,3,1,31.312,6.859,30.609,5.972
19,3,1,31.312,6.848,30.599,5.983
20,3,1,31.322,6.909,30.610,6.043
21,3,1,31.312,6.940,30.600,6.074
22,3,1,31.313,6.991,30.600,6.125
23,3,1,31.323,7.051,30.611,6.186
24,3,1,31.324,7.092,30.611,6.226
25,3,1,31.334,7.143,30.622,6.277
26,3,1,31.335,7.183,30.622,6.317
27,3,1,31.335,7.234,30.622,6.368
29,3,1,31.325,7.224,30.612,6.358
30,3,1,31.325,7.254,30.612,6.389
31,3,1,31.325,7.295,30.613,6.429
32,3,1,31.326,7.346,30.613,6.480
33,3,1,31.326,7.386,30.613,6.520
35,3,1,31.316,7.376,30.603,6.510
36,3,1,31.306,7.417,30.593,6.551
37,3,1,31.306,7.468,30.594,6.602
38,3,1,31.296,7.498,30.584,6.632
39,3,1,31.297,7.559,30.584,6.693
40,3,1,31.287,7.610,30.574,6.744
41,3,1,31.277,7.651,30.564,6.785
42,3,1,31.206,7.692,30.616,6.825
43,3,1,31.206,7.743,30.616,6.876
44,3,1,31.145,7.795,30.668,6.926
45,3,1,31.135,7.825,30.658,6.957
47,3,1,31.125,7.815,30.647,6.947
48,3,1,31.115,7.846,30.637,6.977
49,3,1,31.105,7.897,30.627,7.028
50,3,1,31.105,7.927,30.628,7.058
51,3,1,31.105,7.978,30.628,7.109
52,3,1,31.106,8.008,30.628,7.140
53,3,1,31.106,8.059,30.629,7.190
54,3,1,31.117,8.100,30.639,7.231
55,3,1,31.107,8.141,30.629,7.272
56,3,1,31.107,8.181,30.630,7.312
57,3,1,31.087,8.222,30.609,7.353
59,3,1,30.984,8.213,30.507,7.344
60,3,1,30.974,8.244,30.497,7.375
61,3,1,31.182,8.607,30.561,7.791
62,3,1,31.151,8.628,30.541,7.842
63,3,1,31.224,8.709,30.582,7.851
64,3,1,31.172,8.689,30.634,7.861
65,3,1,31.142,8.760,30.522,7.964
66,3,1,31.224,8.800,30.584,8.044
67,3,1,31.173,8.821,30.614,8.014
68,3,1,31.174,8.862,30.615,8.054
69,3,1,31.164,8.902,30.605,8.095
70,3,1,31.309,9.125,30.350,8.270
71,3,1,31.289,9.186,30.319,8.291
72,3,1,31.238,9.268,30.340,8.311
73,3,1,31.239,9.369,30.268,8.322
74,3,1,31.229,9.410,30.269,8.363
75,3,1,31.054,9.300,30.444,8.483
76,3,1,31.044,9.331,30.434,8.514
77,3,1,31.281,9.440,30.320,8.423
78,3,1,31.106,9.340,30.485,8.523
79,3,1,31.331,9.409,30.331,8.454
80,3,1,31.270,9.389,30.290,8.515
81,3,1,31.167,9.330,30.270,8.566
82,3,1,31.116,9.350,30.209,8.638
83,3,1,31.106,9.422,30.190,8.791
84,3,1,31.066,9.483,30.231,8.862
85,3,1,31.005,9.525,30.181,8.923
86,3,1,31.025,9.555,30.160,8.934
87,3,1,31.026,9.616,30.130,8.954
88,3,1,31.027,9.708,30.120,8.985
89,3,1,31.119,9.788,30.191,8.954
90,3,1,31.089,9.870,30.191,8.974
91,3,1,31.059,9.962,30.192,9.045
92,3,1,30.998,9.993,30.161,9.076
93,3,1,30.988,9.983,30.172,9.086
94,3,1,30.957,9.983,30.130,9.076
95,3,1,30.967,9.993,30.172,9.198
96,3,1,30.967,9.993,30.152,9.259
97,3,1,31.039,10.003,30.163,9.259
98,3,1,31.059,9.982,30.204,9.310
99,3,1,31.029,9.993,30.173,9.340
100,3,1,31.029,10.003,30.194,9.412
101,3,1,30.927,10.085,30.175,9.503
102,3,1,30.999,10.105,30.144,9.504
103,3,1,30.938,10.248,30.093,9.565
104,3,1,30.877,10.279,30.083,9.555
105,3,1,30.878,10.351,30.022,9.627
106,3,1,30.848,10.432,30.012,9.688
107,3,1,30.838,10.575,30.063,9.718
108,3,1,30.850,10.707,30.012,9.719
109,3,1,30.860,10.748,30.012,9.719
110,3,1,30.860,10.738,29.971,9.730
111,3,1,30.840,10.759,30.033,9.759
112,3,1,30.840,10.779,30.033,9.770
113,3,1,30.819,10.749,30.013,9.821
114,3,1,30.830,10.748,29.972,9.862
115,3,1,30.809,10.728,29.962,9.852
116,3,1,30.829,10.738,29.942,9.944
117,3,1,30.778,10.739,29.901,9.965
118,3,1,30.819,10.738,29.891,10.026
119,3,1,30.819,10.728,29.861,10.067
120,3,1,30.727,10.770,29.882,10.138
121,3,1,30.717,10.811,29.892,10.168
122,3,1,30.738,10.882,29.882,10.230
123,3,1,30.708,10.984,29.862,10.291
124,3,1,30.790,10.983,29.852,10.301
125,3,1,30.709,11.117,29.832,10.342
126,3,1,30.679,11.188,29.801,10.353
127,3,1,30.689,11.178,29.822,10.393
128,3,1,30.689,11.209,29.853,10.423
129,3,1,30.618,11.240,29.842,10.373
130,3,1,30.598,11.373,29.843,10.424
131,3,1,30.578,11.383,29.813,10.485
132,3,1,30.598,11.383,29.813,10.495
133,3,1,30.660,11.423,29.812,10.444
134,3,1,30.650,11.423,29.802,10.465
135,3,1,30.692,11.494,29.813,10.516
136,3,1,30.691,11.474,29.844,10.617
137,3,1,30.629,11.413,29.753,10.720
138,3,1,30.599,11.505,29.722,10.771
139,3,1,30.580,11.587,29.754,10.853
140,3,1,30.590,11.638,29.775,10.954
141,3,1,30.550,11.710,29.745,11.046
142,3,1,30.540,11.812,29.735,11.098
143,3,1,30.520,11.924,29.724,11.057
144,3,1,30.582,11.964,29.786,11.066
145,3,1,30.614,12.046,29.796,11.107
146,3,1,30.604,12.056,29.776,11.138
147,3,1,30.604,12.087,29.766,11.148
148,3,1,30.573,12.097,29.746,11.199
149,3,1,30.573,12.107,29.736,11.230
150,3,1,30.553,12.138,29.716,11.302
151,3,1,30.460,12.109,29.686,11.404
152,3,1,30.450,12.139,29.675,11.394
153,3,1,30.440,12.160,29.645,11.455
154,3,1,30.492,12.282,29.666,11.496
155,3,1,30.441,12.282,29.656,11.537
156,3,1,30.462,12.313,29.646,11.578
157,3,1,30.513,12.332,29.646,11.649
158,3,1,30.503,12.373,29.677,11.690
159,3,1,30.514,12.373,29.657,11.690
160,3,1,30.401,12.354,29.760,11.699
161,3,1,30.401,12.385,29.760,11.729
162,3,1,30.391,12.436,29.750,11.781
163,3,1,30.381,12.477,29.740,11.822
164,3,1,30.392,12.528,29.751,11.872
165,3,1,30.527,12.863,29.710,11.883
166,3,1,30.497,12.863,29.720,11.873
167,3,1,30.517,12.832,29.709,11.863
168,3,1,30.517,12.863,29.730,11.822
169,3,1,30.527,12.863,29.740,11.822
170,3,1,30.486,12.853,29.679,11.955
172,3,1,30.415,12.946,29.579,12.221
173,3,1,30.426,12.997,29.579,12.303
174,3,1,30.313,12.968,29.672,12.312
175,3,1,30.313,13.019,29.672,12.363
176,3,1,30.313,13.060,29.672,12.404
177,3,1,30.479,13.190,29.581,12.517
178,3,1,30.520,13.251,29.622,12.517
179,3,1,30.490,13.292,29.622,12.517
180,3,1,30.376,13.222,29.735,12.567
181,3,1,30.377,13.273,29.735,12.618
182,3,1,30.377,13.314,29.736,12.658
184,3,1,30.378,13.416,29.736,12.760
185,3,1,30.378,13.467,29.737,12.812
186,3,1,30.389,13.518,29.747,12.862
187,3,1,30.389,13.559,29.748,12.903
188,3,1,30.389,13.600,29.748,12.944
189,3,1,30.543,13.608,29.542,12.875
190,3,1,30.358,13.570,29.717,12.914
191,3,1,30.441,13.701,29.564,13.151
192,3,1,30.462,13.762,29.606,13.222
193,3,1,30.432,13.865,29.606,13.283
194,3,1,30.340,13.876,29.699,13.251
195,3,1,30.577,13.986,29.668,13.313
196,3,1,30.568,14.119,29.710,13.363
197,3,1,30.599,14.210,29.740,13.332
198,3,1,30.630,14.251,29.709,13.323
199,3,1,30.590,14.343,29.740,13.322
200,3,1,30.446,14.325,29.846,13.699
201,3,1,30.591,14.486,29.771,13.342
202,3,1,30.602,14.578,29.771,13.363
203,3,1,30.456,14.263,29.814,13.638
204,3,1,30.456,14.304,29.815,13.679
205,3,1,30.467,14.345,29.825,13.719
206,3,1,30.457,14.386,29.815,13.760
207,3,1,30.601,14.527,29.742,13.598
208,3,1,30.601,14.527,29.753,13.690
209,3,1,30.643,14.598,29.785,13.843
210,3,1,30.726,14.689,29.786,13.955
211,3,1,30.571,14.619,29.930,13.994
212,3,1,30.582,14.650,29.940,14.025
213,3,1,30.604,14.864,29.828,14.057
214,3,1,30.646,14.976,29.827,14.016
216,3,1,30.606,15.100,29.859,14.077
217,3,1,30.647,15.140,29.859,14.128
219,3,1,30.678,15.129,29.838,14.036
220,3,1,30.543,14.998,29.902,14.373
221,3,1,30.544,15.039,29.902,14.414
222,3,1,30.554,15.090,29.913,14.465
223,3,1,30.544,15.141,29.903,14.516
224,3,1,30.700,15.344,29.871,14.404
225,3,1,30.608,15.376,29.820,14.435
226,3,1,30.711,15.426,29.871,14.434
227,3,1,30.783,15.445,29.893,14.557
228,3,1,30.752,15.486,29.873,14.690
229,3,1,30.712,15.538,29.884,14.741
230,3,1,30.682,15.682,29.915,14.720
231,3,1,30.619,15.509,29.977,14.883
232,3,1,30.725,15.937,29.884,14.731
233,3,1,30.787,15.957,29.915,14.710
234,3,1,30.776,15.936,29.894,14.741
235,3,1,30.838,15.976,29.914,14.700
236,3,1,30.838,15.925,29.925,14.720
237,3,1,30.568,15.499,29.926,14.873
238,3,1,30.818,15.977,29.946,14.761
239,3,1,30.558,15.540,29.916,14.914
240,3,1,30.540,16.001,29.970,15.282
241,3,1,30.623,16.000,29.971,15.364
242,3,1,30.602,15.990,29.971,15.364
243,3,1,30.613,16.031,29.981,15.405
244,3,1,30.613,16.072,29.981,15.446
245,3,1,30.624,16.123,29.992,15.497
247,3,1,30.613,16.112,29.982,15.486
248,3,1,30.944,16.354,29.899,15.436
249,3,1,30.770,16.510,29.859,15.519
250,3,1,30.603,16.133,29.972,15.507
251,3,1,30.603,16.174,29.972,15.548
252,3,1,30.604,16.215,29.972,15.589
253,3,1,30.586,16.594,29.964,15.824
254,3,1,30.607,16.594,29.777,15.540
255,3,1,30.575,16.502,29.954,15.876
256,3,1,30.575,16.543,29.954,15.917
257,3,1,30.565,16.594,29.944,15.968
258,3,1,30.576,16.625,29.955,15.999
259,3,1,30.556,16.676,29.934,16.050
260,3,1,30.556,16.707,29.935,16.081
262,3,1,30.651,16.993,29.946,16.296
263,3,1,30.661,17.064,29.894,16.184
264,3,1,30.588,16.932,29.967,16.306
265,3,1,30.805,17.083,29.915,16.204
266,3,1,30.786,17.206,29.905,16.235
267,3,1,30.735,17.340,29.926,16.275
268,3,1,30.725,17.381,29.946,16.204
269,3,1,30.630,16.921,30.008,16.295
270,3,1,30.630,16.962,30.008,16.336
271,3,1,30.808,17.441,29.926,16.296
272,3,1,30.674,17.361,29.990,16.613
273,3,1,30.840,17.523,29.936,16.337
274,3,1,30.809,17.564,29.916,16.358
275,3,1,30.809,17.595,29.916,16.398
276,3,1,30.778,17.575,29.948,16.480
277,3,1,30.591,17.250,29.969,16.623
278,3,1,30.840,17.564,30.000,16.592
279,3,1,30.830,17.615,29.990,16.674
280,3,1,30.799,17.646,29.929,16.798
281,3,1,30.841,17.748,29.971,16.869
282,3,1,30.677,17.761,30.107,17.195
283,3,1,30.853,17.922,30.013,16.909
284,3,1,30.719,17.883,29.941,16.992
285,3,1,30.761,17.965,29.972,16.951
286,3,1,30.782,18.005,29.982,17.012
287,3,1,30.813,18.056,29.972,17.033
288,3,1,30.813,18.025,29.993,16.992
289,3,1,30.833,18.046,30.003,16.950
290,3,1,30.761,18.047,29.910,16.952
291,3,1,30.752,18.119,29.900,16.993
292,3,1,30.563,17.670,29.952,17.054
293,3,1,30.563,17.721,29.952,17.105
295,3,1,30.553,17.711,29.942,17.095
296,3,1,30.554,17.793,29.942,17.177
298,3,1,30.543,17.783,29.932,17.167
299,3,1,30.607,18.100,30.048,17.483
300,3,1,30.610,18.377,29.998,17.771
301,3,1,30.663,18.602,29.938,17.997
302,3,1,30.838,18.712,29.946,17.617
303,3,1,30.880,18.783,29.977,17.689
304,3,1,30.880,18.804,29.977,17.658
305,3,1,30.881,18.865,29.977,17.658
306,3,1,30.891,18.906,29.956,17.648
307,3,1,30.819,18.877,30.008,17.719
308,3,1,30.881,18.927,29.925,17.638
309,3,1,30.850,18.938,29.925,17.618
310,3,1,30.798,18.867,29.957,17.730
311,3,1,30.508,18.512,29.906,17.905
312,3,1,30.675,18.868,30.052,18.170
313,3,1,30.800,19.062,30.085,18.426
314,3,1,30.738,19.032,30.137,18.425
315,3,1,30.738,19.062,30.137,18.456
316,3,1,30.833,19.328,29.929,18.171
317,3,1,30.782,19.370,29.919,18.213
318,3,1,30.812,19.318,29.909,18.264
319,3,1,30.802,19.359,29.878,18.306
320,3,1,30.812,19.328,29.909,18.285
321,3,1,30.833,19.348,29.847,18.224
322,3,1,30.854,19.379,29.919,18.284
323,3,1,30.875,19.430,29.920,18.295
324,3,1,30.875,19.450,29.858,18.337
325,3,1,30.740,19.319,30.108,18.672
326,3,1,30.875,19.512,29.869,18.357
327,3,1,30.927,19.542,29.889,18.275
328,3,1,30.886,19.553,29.827,18.317
329,3,1,30.855,19.533,29.786,18.368
330,3,1,30.678,19.248,30.076,18.641
331,3,1,30.907,19.696,29.849,18.511
332,3,1,30.887,19.697,29.829,18.553
171,3,1,30.466,12.884,29.608,12.088
183,3,1,30.377,13.365,29.736,12.709
215,3,1,30.574,15.039,29.817,14.057
218,3,1,30.617,15.181,29.849,14.230
0,4,1,32.920,17.002,32.082,16.133
1,4,1,32.931,16.981,32.020,16.134
2,4,1,32.910,16.992,32.010,16.114
3,4,1,32.910,16.981,32.040,16.011
4,4,1,32.919,16.838,32.030,16.073
5,4,1,32.919,16.787,32.040,16.072
6,4,1,32.939,16.766,32.060,15.980
7,4,1,32.918,16.715,32.040,15.960
8,4,1,32.917,16.643,32.018,15.837
9,4,1,32.958,16.592,32.048,15.694
10,4,1,32.990,16.683,32.087,15.540
11,4,1,33.030,16.642,32.108,15.509
12,4,1,32.978,16.551,32.066,15.458
13,4,1,32.926,16.490,32.056,15.479
14,4,1,32.947,16.490,32.087,15.448
15,4,1,32.926,16.449,32.087,15.438
16,4,1,32.915,16.398,32.076,15.428
17,4,1,32.914,16.275,32.076,15.417
18,4,1,32.965,16.213,32.076,15.407
19,4,1,32.985,16.152,32.055,15.377
20,4,1,32.985,16.141,32.076,15.387
21,4,1,33.077,16.099,32.086,15.376
22,4,1,33.015,16.049,32.106,15.356
23,4,1,33.097,16.099,32.147,15.294
24,4,1,33.046,16.048,32.157,15.202
25,4,1,33.045,15.977,32.125,15.090
26,4,1,33.086,15.915,32.145,15.038
27,4,1,33.024,15.875,32.144,14.895
28,4,1,33.146,15.832,32.184,14.813
29,4,1,33.075,15.864,32.194,14.721
30,4,1,33.044,15.823,32.184,14.741
31,4,1,33.044,15.854,32.183,14.700
32,4,1,33.003,15.824,32.163,14.691
33,4,1,33.053,15.752,32.193,14.639
34,4,1,33.084,15.751,32.183,14.619
35,4,1,33.041,15.537,32.152,14.609
36,4,1,33.072,15.465,32.162,14.578
37,4,1,32.989,15.446,32.141,14.568
38,4,1,33.019,15.364,32.110,14.569
39,4,1,33.039,15.312,32.110,14.518
40,4,1,33.121,15.270,32.100,14.518
41,4,1,33.142,15.260,32.120,14.517
42,4,1,33.060,15.271,32.130,14.425
43,4,1,33.008,15.262,32.140,14.374
44,4,1,33.070,15.261,32.189,14.200
45,4,1,32.987,15.129,32.127,14.058
46,4,1,33.109,15.107,32.126,13.986
47,4,1,33.027,15.057,32.085,13.936
48,4,1,33.047,15.047,32.095,13.905
49,4,1,33.078,15.046,32.105,13.874
50,4,1,33.211,15.004,32.105,13.874
51,4,1,33.098,14.934,32.074,13.926
52,4,1,33.169,14.933,32.095,13.925
53,4,1,33.180,14.943,32.125,13.874
54,4,1,33.210,14.912,32.125,13.894
55,4,1,33.148,14.800,32.115,13.854
56,4,1,33.136,14.647,32.063,13.824
57,4,1,33.166,14.555,32.073,13.762
58,4,1,33.156,14.545,32.063,13.742
59,4,1,33.176,14.493,32.083,13.721
60,4,1,33.227,14.462,32.113,13.588
61,4,1,33.083,14.413,32.246,13.638
62,4,1,33.011,14.373,32.101,13.415
63,4,1,33.072,14.342,32.142,13.353
64,4,1,32.784,14.253,32.142,13.363
65,4,1,33.071,14.250,32.141,13.251
66,4,1,33.040,14.230,32.109,13.160
67,4,1,33.071,14.209,32.119,13.149
68,4,1,33.050,14.148,32.089,13.160
69,4,1,33.019,14.056,32.058,13.160
70,4,1,33.008,14.016,32.058,13.181
71,4,1,33.018,14.026,32.058,13.140
72,4,1,33.038,13.964,32.089,13.170
73,4,1,33.027,13.903,32.109,13.149
74,4,1,33.078,13.851,32.139,13.067
75,4,1,33.047,13.740,32.119,13.047
76,4,1,33.015,13.658,32.077,12.956
77,4,1,32.953,13.639,32.025,12.906
78,4,1,32.932,13.527,32.014,12.845
79,4,1,32.953,13.567,32.044,12.722
80,4,1,32.953,13.527,32.064,12.619
81,4,1,32.983,13.455,32.114,12.517
82,4,1,32.993,13.434,32.104,12.466
83,4,1,33.003,13.414,32.093,12.466
84,4,1,32.982,13.394,32.073,12.466
85,4,1,33.002,13.363,32.072,12.426
86,4,1,33.064,13.341,32.103,12.446
87,4,1,33.115,13.351,32.114,12.435
88,4,1,33.135,13.300,32.124,12.425
89,4,1,33.124,13.239,32.113,12.395
90,4,1,33.062,13.178,32.072,12.375
91,4,1,33.144,13.116,32.133,12.364
92,4,1,33.031,13.077,32.154,12.353
93,4,1,33.061,12.995,32.205,12.322
94,4,1,33.060,12.903,32.174,12.251
95,4,1,33.039,12.842,32.142,12.180
96,4,1,33.070,12.831,32.152,12.129
97,4,1,33.131,12.851,32.202,12.026
98,4,1,33.110,12.821,32.150,11.925
99,4,1,33.141,12.800,32.191,11.843
100,4,1,33.008,12.761,32.150,11.874
101,4,1,33.069,12.729,32.201,11.853
102,4,1,32.966,12.639,32.284,11.944
103,4,1,33.078,12.587,32.160,11.823
104,4,1,32.954,12.547,32.273,11.852
105,4,1,33.036,12.485,32.108,11.793
106,4,1,32.913,12.487,32.231,11.792
107,4,1,32.923,12.446,32.241,11.751
108,4,1,32.902,12.405,32.220,11.710
109,4,1,32.902,12.354,32.220,11.659
110,4,1,32.922,12.313,32.240,11.618
111,4,1,32.901,12.273,32.219,11.578
112,4,1,32.911,12.232,32.229,11.537
115,4,1,32.909,12.059,32.155,11.242
116,4,1,32.909,12.018,32.155,11.202
117,4,1,32.919,11.977,32.165,11.161
118,4,1,32.919,11.936,32.164,11.120
119,4,1,32.918,11.885,32.164,11.069
120,4,1,32.918,11.845,32.164,11.028
121,4,1,32.928,11.793,32.173,10.977
122,4,1,32.927,11.743,32.173,10.926
123,4,1,32.835,11.703,32.214,10.916
124,4,1,32.824,11.703,32.214,10.916
125,4,1,32.824,11.662,32.214,10.875
126,4,1,32.865,11.601,31.885,10.808
127,4,1,32.946,11.579,32.223,10.722
128,4,1,32.884,11.509,31.895,10.716
129,4,1,32.894,11.417,31.894,10.624
130,4,1,32.893,11.386,31.935,10.603
131,4,1,32.934,11.355,32.027,10.572
132,4,1,32.923,11.284,31.873,10.533
133,4,1,32.760,11.296,32.047,10.521
134,4,1,32.841,11.244,32.241,10.447
135,4,1,32.861,11.214,32.240,10.294
136,4,1,32.974,11.182,31.892,10.380
137,4,1,32.973,11.161,31.953,10.338
138,4,1,32.912,11.111,31.912,10.329
139,4,1,32.942,11.080,32.208,10.213
140,4,1,32.942,11.080,31.922,10.227
141,4,1,32.778,11.072,31.819,10.157
142,4,1,32.891,11.050,31.819,10.177
143,4,1,32.982,11.019,32.075,10.174
144,4,1,32.941,10.938,32.003,10.124
145,4,1,32.961,10.856,31.961,10.084
146,4,1,32.929,10.785,31.992,10.063
147,4,1,32.786,10.807,32.135,10.041
148,4,1,32.898,10.745,32.196,9.990
149,4,1,32.918,10.653,32.155,9.929
150,4,1,32.949,10.683,32.063,9.930
151,4,1,32.990,10.703,32.134,9.889
152,4,1,32.939,10.683,32.051,9.767
153,4,1,32.990,10.683,32.153,9.746
154,4,1,32.969,10.632,32.051,9.717
155,4,1,32.989,10.601,32.081,9.706
156,4,1,32.917,10.511,32.050,9.696
157,4,1,32.875,10.440,32.040,9.717
158,4,1,32.906,10.450,32.091,9.645
159,4,1,32.947,10.459,32.121,9.583
160,4,1,32.832,10.206,32.151,9.512
161,4,1,32.945,10.215,32.192,9.491
162,4,1,32.917,10.531,32.120,9.472
163,4,1,32.937,10.429,32.120,9.400
164,4,1,32.947,10.449,32.140,9.360
165,4,1,32.977,10.337,32.160,9.319
166,4,1,32.933,10.063,32.078,9.330
167,4,1,32.923,9.992,32.077,9.228
168,4,1,32.922,9.951,32.057,9.198
169,4,1,32.902,9.951,32.067,9.228
170,4,1,32.922,9.900,32.097,9.085
172,4,1,32.952,9.879,32.116,8.963
173,4,1,32.921,9.849,32.095,8.923
174,4,1,32.952,9.859,32.147,8.943
175,4,1,32.993,9.828,32.177,8.912
176,4,1,33.013,9.838,32.218,8.871
177,4,1,32.962,9.839,32.054,8.842
178,4,1,32.952,9.798,32.064,8.852
179,4,1,32.910,9.697,32.064,8.801
180,4,1,32.919,9.625,32.064,8.821
181,4,1,32.899,9.565,32.074,8.760
182,4,1,32.878,9.514,32.063,8.689
184,4,1,32.856,9.362,32.061,8.537
185,4,1,32.825,9.382,31.979,8.467
186,4,1,32.855,9.280,31.999,8.385
187,4,1,32.855,9.250,32.009,8.344
188,4,1,32.885,9.199,32.029,8.324
189,4,1,32.854,9.169,31.988,8.314
190,4,1,32.874,9.138,32.018,8.243
191,4,1,32.844,9.138,32.038,8.171
192,4,1,32.885,9.138,32.099,8.120
193,4,1,32.864,9.158,32.099,8.089
194,4,1,32.885,9.117,32.109,8.059
195,4,1,32.905,9.107,32.088,7.998
196,4,1,32.884,9.067,32.057,8.009
197,4,1,32.883,8.996,32.027,8.039
198,4,1,32.801,8.956,31.873,8.031
199,4,1,32.842,8.955,31.935,8.020
200,4,1,32.872,8.833,32.006,8.009
201,4,1,32.891,8.721,32.006,7.999
202,4,1,32.881,8.670,31.985,7.938
203,4,1,32.880,8.599,32.035,7.816
204,4,1,32.900,8.579,32.076,7.765
205,4,1,32.931,8.558,32.086,7.744
206,4,1,32.941,8.497,32.116,7.693
207,4,1,32.910,8.538,32.064,7.582
208,4,1,32.921,8.578,32.084,7.501
209,4,1,32.900,8.528,32.073,7.440
210,4,1,32.909,8.386,32.083,7.369
211,4,1,32.940,8.375,32.154,7.327
212,4,1,32.961,8.436,32.175,7.357
213,4,1,32.971,8.456,32.174,7.297
214,4,1,33.002,8.476,32.194,7.276
216,4,1,32.970,8.324,32.132,7.175
217,4,1,33.000,8.273,32.142,7.155
219,4,1,32.958,8.131,32.060,7.125
220,4,1,32.947,8.009,32.080,7.084
221,4,1,32.935,7.786,32.070,7.034
222,4,1,32.954,7.705,32.100,6.962
223,4,1,33.016,7.704,32.151,6.921
224,4,1,32.965,7.725,32.130,6.901
225,4,1,32.944,7.695,32.089,6.891
226,4,1,32.965,7.705,32.109,6.851
227,4,1,32.995,7.725,32.119,6.810
228,4,1,32.996,7.755,32.119,6.769
229,4,1,33.006,7.755,32.118,6.739
230,4,1,33.077,7.703,32.159,6.688
231,4,1,33.077,7.764,32.159,6.667
232,4,1,33.046,7.724,32.138,6.678
233,4,1,33.067,7.714,32.169,6.657
234,4,1,33.045,7.612,32.158,6.556
235,4,1,33.055,7.521,32.158,6.525
236,4,1,33.126,7.490,32.147,6.515
237,4,1,33.105,7.389,32.127,6.485
238,4,1,33.073,7.298,32.096,6.485
239,4,1,32.920,7.248,32.250,6.525
240,4,1,33.072,7.135,32.177,6.424
241,4,1,33.062,7.115,32.218,6.393
242,4,1,33.082,7.115,32.218,6.373
243,4,1,33.123,7.145,32.216,6.221
244,4,1,33.123,7.125,32.216,6.139
245,4,1,33.123,7.145,32.246,6.058
246,4,1,33.009,6.953,32.339,6.240
247,4,1,33.103,7.145,32.275,5.896
248,4,1,33.123,7.145,32.275,5.865
249,4,1,32.988,6.893,32.318,6.179
250,4,1,32.988,6.852,32.318,6.138
251,4,1,32.998,6.811,32.328,6.098
252,4,1,32.997,6.771,32.327,6.057
253,4,1,33.007,6.730,32.337,6.017
254,4,1,33.007,6.700,32.337,5.986
255,4,1,32.996,6.659,32.327,5.946
256,4,1,32.986,6.619,32.316,5.905
257,4,1,32.975,6.578,32.305,5.865
259,4,1,33.005,6.426,32.201,5.612
260,4,1,33.015,6.476,32.201,5.531
261,4,1,33.015,6.466,32.210,5.481
262,4,1,32.749,6.367,32.406,5.651
263,4,1,32.739,6.357,32.396,5.641
264,4,1,32.728,6.347,32.385,5.631
265,4,1,32.718,6.337,32.375,5.621
266,4,1,32.708,6.327,32.365,5.611
267,4,1,32.697,6.317,32.354,5.601
268,4,1,32.687,6.307,32.344,5.591
269,4,1,32.677,6.297,32.334,5.581
270,4,1,32.666,6.287,32.323,5.571
271,4,1,32.656,6.277,32.313,5.561
272,4,1,32.960,5.970,32.382,5.226
273,4,1,32.837,5.961,32.494,5.245
274,4,1,32.827,5.951,32.484,5.235
275,4,1,32.817,5.941,32.474,5.225
276,4,1,32.806,5.931,32.464,5.215
277,4,1,32.796,5.921,32.453,5.205
278,4,1,32.786,5.911,32.443,5.195
279,4,1,32.956,5.534,32.502,4.890
280,4,1,32.895,5.575,32.553,4.869
281,4,1,32.854,5.566,32.583,4.859
282,4,1,33.101,5.715,32.295,4.558
283,4,1,32.834,5.546,32.562,4.839
284,4,1,32.824,5.536,32.552,4.829
285,4,1,32.813,5.525,32.542,4.819
286,4,1,32.803,5.515,32.532,4.809
287,4,1,32.793,5.505,32.521,4.799
288,4,1,32.782,5.495,32.511,4.789
289,4,1,32.772,5.485,32.501,4.779
290,4,1,32.762,5.475,32.490,4.769
291,4,1,33.139,5.381,32.467,4.415
292,4,1,32.963,5.159,32.539,4.465
293,4,1,32.973,5.119,32.558,4.242
294,4,1,32.901,5.028,32.630,4.332
295,4,1,32.891,5.018,32.619,4.322
296,4,1,32.880,5.008,32.609,4.312
297,4,1,32.870,4.998,32.599,4.302
298,4,1,32.860,4.988,32.589,4.292
299,4,1,32.849,4.978,32.578,4.282
300,4,1,32.839,4.968,32.568,4.272
301,4,1,32.970,4.795,32.576,4.059
302,4,1,32.899,4.775,32.628,4.079
303,4,1,32.889,4.765,32.617,4.069
304,4,1,32.878,4.755,32.607,4.059
305,4,1,32.868,4.745,32.597,4.049
306,4,1,32.858,4.735,32.586,4.039
307,4,1,32.847,4.725,32.576,4.029
308,4,1,32.837,4.715,32.566,4.019
309,4,1,32.827,4.705,32.556,4.009
310,4,1,32.816,4.695,32.545,3.999
311,4,1,32.806,4.685,32.535,3.989
312,4,1,32.796,4.675,32.525,3.979
313,4,1,32.786,4.665,32.514,3.969
314,4,1,32.956,4.309,32.553,3.685
315,4,1,33.077,4.136,32.734,3.380
316,4,1,33.036,4.106,32.765,3.420
317,4,1,33.026,4.096,32.755,3.410
318,4,1,33.015,4.086,32.744,3.400
319,4,1,33.005,4.076,32.734,3.390
320,4,1,32.995,4.066,32.724,3.380
321,4,1,32.985,4.056,32.713,3.370
322,4,1,32.974,4.046,32.703,3.360
323,4,1,32.964,4.036,32.693,3.350
324,4,1,32.954,4.026,32.683,3.340
325,4,1,32.943,4.016,32.672,3.330
326,4,1,32.933,4.005,32.662,3.320
327,4,1,32.923,3.995,32.652,3.310
328,4,1,32.913,3.985,32.641,3.300
329,4,1,32.902,3.975,32.631,3.290
330,4,1,32.892,3.965,32.621,3.280
331,4,1,32.882,3.955,32.611,3.270
332,4,1,32.871,3.945,32.600,3.260
171,4,1,32.922,9.910,32.106,9.014
183,4,1,32.877,9.443,32.103,8.587
215,4,1,32.981,8.385,32.163,7.185
218,4,1,32.989,8.161,32.071,7.155
0,5,1,34.830,6.246,33.974,5.231
1,5,1,34.778,6.155,33.832,5.283
2,5,1,34.809,6.205,33.893,5.333
3,5,1,34.789,6.236,33.893,5.333
4,5,1,34.799,6.216,33.883,5.333
5,5,1,34.820,6.276,33.884,5.404
6,5,1,34.779,6.277,33.894,5.434
7,5,1,34.789,6.287,33.884,5.424
8,5,1,34.800,6.317,33.894,5.454
9,5,1,34.810,6.347,33.905,5.485
10,5,1,34.800,6.378,33.895,5.515
11,5,1,34.811,6.408,33.905,5.545
12,5,1,34.801,6.438,33.896,5.576
13,5,1,34.811,6.469,33.906,5.606
14,5,1,34.802,6.530,33.896,5.667
15,5,1,34.812,6.530,33.907,5.667
16,5,1,34.802,6.580,33.897,5.718
17,5,1,34.813,6.631,33.907,5.768
18,5,1,34.815,6.803,33.949,5.890
19,5,1,34.825,6.773,33.939,5.900
20,5,1,34.773,6.763,33.888,5.890
21,5,1,34.744,6.905,33.878,5.900
22,5,1,34.754,6.844,33.879,5.961
23,5,1,34.704,6.926,33.870,6.103
24,5,1,34.714,6.946,33.849,6.073
25,5,1,34.704,6.987,33.839,6.114
26,5,1,34.765,6.976,33.912,6.255
27,5,1,34.765,6.976,33.902,6.285
28,5,1,34.756,7.047,33.901,6.214
29,5,1,34.756,7.078,33.902,6.245
30,5,1,34.756,7.128,33.902,6.295
31,5,1,34.777,7.148,33.923,6.315
32,5,1,34.747,7.189,33.892,6.356
33,5,1,34.818,7.199,33.843,6.499
34,5,1,34.810,7.422,33.863,6.559
35,5,1,34.790,7.473,33.854,6.590
36,5,1,34.822,7.553,33.925,6.630
37,5,1,34.782,7.635,33.936,6.690
38,5,1,34.792,7.645,33.947,6.721
39,5,1,34.782,7.665,33.957,6.771
40,5,1,34.833,7.635,33.988,6.801
41,5,1,34.873,7.604,34.029,6.831
42,5,1,34.853,7.624,33.999,6.832
43,5,1,34.935,7.644,33.978,6.862
44,5,1,34.894,7.644,33.918,6.924
45,5,1,34.894,7.674,33.959,7.004
46,5,1,34.956,7.704,34.010,7.014
47,5,1,34.966,7.775,34.062,7.085
48,5,1,34.957,7.806,34.062,7.105
49,5,1,34.917,7.948,34.063,7.227
50,5,1,34.918,8.060,34.053,7.237
51,5,1,34.909,8.141,34.012,7.227
52,5,1,34.899,8.192,34.043,7.257
53,5,1,34.931,8.313,34.084,7.297
54,5,1,34.911,8.405,34.075,7.368
55,5,1,34.911,8.405,34.065,7.460
56,5,1,34.911,8.395,34.065,7.460
57,5,1,34.921,8.405,34.056,7.531
58,5,1,34.932,8.405,34.066,7.541
59,5,1,34.932,8.435,34.067,7.582
60,5,1,34.942,8.425,34.056,7.572
61,5,1,34.891,8.436,34.058,7.714
62,5,1,34.942,8.465,34.017,7.744
63,5,1,34.953,8.496,34.007,7.775
64,5,1,34.963,8.526,33.997,7.846
65,5,1,34.974,8.546,34.049,7.937
66,5,1,35.005,8.607,34.101,7.967
67,5,1,34.955,8.709,34.142,8.007
68,5,1,34.967,8.871,34.112,8.038
69,5,1,34.967,8.871,34.122,8.099
70,5,1,34.997,8.901,34.122,8.078
71,5,1,35.008,8.922,34.142,8.048
72,5,1,34.998,8.952,34.122,8.078
73,5,1,35.019,9.033,34.153,8.119
74,5,1,35.049,8.992,34.113,8.180
75,5,1,35.060,9.043,34.093,8.261
76,5,1,35.060,9.043,34.134,8.291
77,5,1,35.050,9.094,34.103,8.282
78,5,1,35.050,9.073,34.176,8.382
79,5,1,35.010,9.104,34.136,8.433
80,5,1,35.020,9.135,34.177,8.494
81,5,1,35.000,9.145,34.177,8.474
82,5,1,35.001,9.247,34.157,8.535
83,5,1,35.012,9.358,34.187,8.484
84,5,1,34.983,9.511,34.177,8.524
85,5,1,35.024,9.592,34.219,8.585
86,5,1,35.065,9.581,34.271,8.686
87,5,1,35.055,9.581,34.281,8.726
88,5,1,35.065,9.602,34.292,8.767
89,5,1,35.066,9.632,34.292,8.757
90,5,1,35.045,9.571,34.282,8.869
91,5,1,35.045,9.602,34.282,8.828
92,5,1,35.066,9.632,34.293,8.909
93,5,1,35.086,9.632,34.303,8.939
94,5,1,35.066,9.673,34.304,8.990
95,5,1,35.066,9.693,34.243,8.981
96,5,1,35.035,9.663,34.273,8.991
97,5,1,35.077,9.764,34.243,9.082
98,5,1,35.098,9.804,34.244,9.133
99,5,1,35.119,9.896,34.285,9.173
100,5,1,35.119,9.875,34.225,9.245
101,5,1,35.172,10.058,34.358,9.315
102,5,1,35.130,10.007,34.368,9.345
103,5,1,35.165,10.464,34.338,9.325
104,5,1,35.196,10.464,34.328,9.366
105,5,1,35.196,10.454,34.318,9.376
106,5,1,35.206,10.464,34.318,9.396
107,5,1,35.227,10.474,34.359,9.396
108,5,1,35.237,10.453,34.359,9.426
109,5,1,35.257,10.433,34.369,9.437
110,5,1,35.247,10.423,34.380,9.436
111,5,1,35.267,10.392,34.360,9.528
112,5,1,35.287,10.392,34.351,9.630
113,5,1,35.318,10.391,34.402,9.650
114,5,1,35.338,10.381,34.433,9.710
115,5,1,35.338,10.412,34.475,9.791
116,5,1,35.328,10.432,34.455,9.832
117,5,1,35.318,10.442,34.393,9.802
118,5,1,35.309,10.483,34.424,9.832
119,5,1,35.370,10.513,34.444,9.822
120,5,1,35.391,10.574,34.403,9.812
121,5,1,35.321,10.727,34.281,9.844
122,5,1,35.312,10.798,34.250,9.804
123,5,1,35.322,10.798,34.240,9.875
124,5,1,35.332,10.829,34.231,9.946
125,5,1,35.352,10.798,34.190,9.977
126,5,1,35.343,10.849,34.170,9.998
127,5,1,35.292,10.890,34.550,10.156
128,5,1,35.323,10.920,34.090,10.192
129,5,1,35.303,10.961,34.121,10.232
130,5,1,35.303,10.961,34.162,10.211
131,5,1,35.313,10.971,34.142,10.252
132,5,1,35.293,10.961,34.101,10.304
133,5,1,35.171,11.054,34.531,10.329
134,5,1,35.365,11.062,34.194,10.364
135,5,1,35.324,11.073,34.194,10.384
136,5,1,35.325,11.144,34.235,10.414
137,5,1,35.223,11.196,34.614,10.532
138,5,1,35.347,11.296,34.257,10.526
139,5,1,35.388,11.357,34.308,10.586
140,5,1,35.419,11.407,34.288,10.586
141,5,1,35.410,11.448,34.288,10.576
142,5,1,35.131,11.136,34.614,10.491
143,5,1,35.338,11.449,34.308,10.596
144,5,1,35.121,11.157,34.604,10.512
145,5,1,35.257,11.481,34.616,10.745
146,5,1,35.390,11.540,34.319,10.667
147,5,1,35.237,11.552,34.679,10.948
148,5,1,35.360,11.591,34.269,10.729
149,5,1,35.391,11.611,34.208,10.781
150,5,1,35.412,11.662,34.198,10.852
151,5,1,35.392,11.693,34.148,10.954
152,5,1,35.165,11.522,34.648,10.887
153,5,1,35.280,11.786,34.681,11.141
154,5,1,35.413,11.804,34.160,11.107
155,5,1,35.218,11.756,34.701,11.121
156,5,1,35.425,11.967,34.159,11.046
157,5,1,35.436,12.069,34.180,11.117
158,5,1,35.416,12.110,34.344,11.125
159,5,1,35.188,11.766,34.671,11.131
160,5,1,35.201,12.031,34.602,11.417
161,5,1,35.437,12.160,34.458,11.337
162,5,1,35.448,12.272,34.376,11.338
163,5,1,35.397,12.232,34.367,11.440
164,5,1,35.398,12.354,34.367,11.410
165,5,1,35.118,11.991,34.602,11.366
166,5,1,35.109,12.032,34.592,11.407
167,5,1,35.109,12.073,34.592,11.448
168,5,1,35.099,12.114,34.582,11.489
169,5,1,35.089,12.154,34.572,11.529
170,5,1,35.100,12.195,34.583,11.570
173,5,1,35.288,12.631,34.422,11.867
174,5,1,35.289,12.753,34.391,11.837
175,5,1,35.321,12.834,34.381,11.878
176,5,1,35.093,12.531,34.576,11.906
177,5,1,35.093,12.572,34.576,11.947
178,5,1,35.094,12.623,34.577,11.998
179,5,1,35.094,12.684,34.577,12.059
180,5,1,35.322,13.028,34.415,12.173
181,5,1,35.353,13.027,34.415,12.193
182,5,1,35.313,13.058,34.405,12.265
184,5,1,35.302,13.069,34.334,12.347
185,5,1,35.303,13.160,34.325,12.398
186,5,1,35.334,13.191,34.376,12.459
187,5,1,35.324,13.211,34.387,12.530
188,5,1,35.345,13.262,34.419,12.611
189,5,1,35.335,13.292,34.409,12.631
190,5,1,35.315,13.354,34.409,12.672
191,5,1,35.295,13.415,34.368,12.703
192,5,1,35.296,13.507,34.379,12.754
193,5,1,35.286,13.517,34.359,12.764
194,5,1,35.297,13.589,34.359,12.775
195,5,1,35.297,13.589,34.339,12.836
196,5,1,35.287,13.650,34.350,12.917
197,5,1,35.277,13.670,34.329,12.897
198,5,1,35.216,13.692,34.321,13.071
199,5,1,35.206,13.712,34.301,13.142
200,5,1,35.197,13.794,34.312,13.254
201,5,1,35.208,13.845,34.271,13.285
202,5,1,35.218,13.824,34.230,13.266
203,5,1,35.218,13.875,34.261,13.286
204,5,1,35.198,13.936,34.282,13.306
205,5,1,35.219,14.018,34.313,13.336
206,5,1,35.199,14.049,34.292,13.326
207,5,1,35.179,14.120,34.303,13.377
208,5,1,35.171,14.284,34.293,13.408
209,5,1,35.162,14.416,34.263,13.449
210,5,1,34.974,14.021,34.457,13.426
211,5,1,34.964,14.062,34.447,13.467
212,5,1,35.202,14.395,34.243,13.571
213,5,1,34.954,14.103,34.437,13.508
214,5,1,34.944,14.154,34.427,13.559
216,5,1,34.915,14.246,34.397,13.651
217,5,1,34.915,14.287,34.398,13.692
219,5,1,34.905,14.277,34.387,13.682
221,5,1,34.897,14.604,34.400,13.926
222,5,1,35.012,14.816,34.362,14.202
223,5,1,35.075,14.938,34.238,14.143
224,5,1,35.075,14.969,34.218,14.225
225,5,1,35.055,15.000,34.198,14.245
226,5,1,35.035,15.041,34.188,14.286
227,5,1,35.025,15.092,34.219,14.337
228,5,1,34.984,15.154,34.169,14.389
229,5,1,34.985,15.215,34.108,14.430
230,5,1,35.046,15.163,34.108,14.502
231,5,1,35.015,15.163,34.119,14.522
232,5,1,34.985,15.194,34.088,14.533
233,5,1,35.006,15.225,34.078,14.584
234,5,1,34.976,15.317,34.099,14.634
235,5,1,34.904,15.359,34.038,14.666
236,5,1,34.864,15.411,34.008,14.758
237,5,1,34.844,15.452,33.999,14.840
238,5,1,34.855,15.523,34.019,14.850
239,5,1,34.814,15.564,33.948,14.882
240,5,1,34.887,15.666,33.989,14.861
241,5,1,34.723,15.647,34.184,15.001
242,5,1,34.929,15.798,34.030,14.911
243,5,1,34.857,15.738,34.020,14.932
244,5,1,34.868,15.799,33.990,14.983
245,5,1,34.827,15.850,33.960,15.065
246,5,1,34.671,15.607,34.164,15.011
247,5,1,34.651,15.648,34.144,15.053
248,5,1,34.641,15.689,34.134,15.093
249,5,1,34.631,15.720,34.124,15.124
250,5,1,34.632,15.761,34.124,15.165
252,5,1,34.621,15.751,34.114,15.155
253,5,1,34.666,16.169,34.107,15.451
254,5,1,34.881,16.166,33.923,15.505
255,5,1,34.810,16.239,33.882,15.567
256,5,1,34.800,16.280,33.893,15.608
257,5,1,34.604,16.068,34.096,15.472
258,5,1,34.594,16.109,34.087,15.513
259,5,1,34.594,16.150,34.087,15.554
260,5,1,34.761,16.424,33.863,15.720
261,5,1,34.574,16.181,34.067,15.585
262,5,1,34.660,16.578,34.049,15.902
263,5,1,34.721,16.598,33.782,15.824
264,5,1,34.722,16.649,33.761,15.793
265,5,1,34.722,16.629,33.783,15.936
266,5,1,34.692,16.701,33.763,16.008
267,5,1,34.556,16.488,34.049,15.892
268,5,1,34.546,16.519,34.039,15.922
269,5,1,34.547,16.559,34.039,15.963
270,5,1,34.547,16.600,34.040,16.004
272,5,1,34.632,16.855,33.990,16.158
273,5,1,34.756,17.017,33.795,16.192
274,5,1,34.736,17.078,33.816,16.212
275,5,1,34.539,16.774,34.031,16.178
276,5,1,34.726,17.119,33.807,16.304
277,5,1,34.518,16.805,34.011,16.209
278,5,1,34.553,17.193,33.983,16.547
279,5,1,34.687,17.263,33.757,16.458
280,5,1,34.728,17.355,33.726,16.458
281,5,1,34.749,17.375,33.737,16.530
282,5,1,34.493,17.419,33.995,16.751
283,5,1,34.790,17.395,33.779,16.601
284,5,1,34.760,17.436,33.789,16.601
285,5,1,34.761,17.518,33.759,16.714
286,5,1,34.761,17.600,33.729,16.796
287,5,1,34.761,17.590,33.760,16.785
288,5,1,34.441,17.318,33.944,16.721
289,5,1,34.441,17.349,33.944,16.752
290,5,1,34.431,17.390,33.934,16.793
291,5,1,34.432,17.430,33.934,16.834
292,5,1,34.432,17.471,33.935,16.875
293,5,1,34.422,17.502,33.925,16.906
294,5,1,34.672,17.918,33.771,16.949
295,5,1,34.392,17.533,33.894,16.937
296,5,1,34.382,17.574,33.884,16.978
297,5,1,34.362,17.616,33.864,17.019
298,5,1,34.352,17.657,33.854,17.060
299,5,1,34.437,17.963,33.868,17.398
300,5,1,34.633,18.175,33.693,17.318
301,5,1,34.644,18.205,33.682,17.318
302,5,1,34.685,18.236,33.652,17.411
303,5,1,34.419,18.270,33.869,17.572
304,5,1,34.645,18.308,33.622,17.463
305,5,1,34.666,18.359,33.653,17.472
306,5,1,34.686,18.348,33.663,17.472
307,5,1,34.656,18.349,33.643,17.503
308,5,1,34.615,18.400,33.643,17.534
309,5,1,34.646,18.420,33.664,17.575
310,5,1,34.325,18.138,33.828,17.552
311,5,1,34.326,18.169,33.828,17.582
312,5,1,34.595,18.493,33.614,17.719
313,5,1,34.370,18.578,33.821,17.941
314,5,1,34.617,18.636,33.595,17.842
315,5,1,34.618,18.718,33.615,17.831
316,5,1,34.587,18.739,33.636,17.841
317,5,1,34.598,18.759,33.636,17.892
318,5,1,34.588,18.770,33.636,17.892
319,5,1,34.288,18.487,33.790,17.900
320,5,1,34.288,18.518,33.790,17.931
321,5,1,34.278,18.549,33.780,17.962
322,5,1,34.288,18.579,33.791,17.992
323,5,1,34.548,18.893,33.638,18.087
324,5,1,34.268,18.610,33.771,18.024
325,5,1,34.374,18.957,33.763,18.341
326,5,1,34.489,19.171,33.628,18.189
327,5,1,34.509,19.201,33.649,18.199
328,5,1,34.479,19.232,33.639,18.200
329,5,1,34.520,19.191,33.639,18.210
330,5,1,34.479,19.253,33.630,18.323
331,5,1,34.449,19.263,33.598,18.262
332,5,1,34.250,18.867,33.752,18.280
171,5,1,35.144,12.510,34.586,11.845
183,5,1,35.292,13.069,34.375,12.346
215,5,1,34.935,14.195,34.417,13.600
0,7,1,33.869,6.083,33.108,5.330
1,7,1,33.870,6.133,33.057,5.402
2,7,1,33.860,6.194,33.058,5.452
3,7,1,33.861,6.286,33.058,5.452
4,7,1,33.872,6.316,33.058,5.483
5,7,1,33.882,6.336,33.048,5.513
6,7,1,33.872,6.326,33.007,5.534
7,7,1,33.841,6.316,33.038,5.544
8,7,1,33.841,6.347,33.038,5.574
9,7,1,33.852,6.387,33.049,5.614
10,7,1,33.862,6.407,33.059,5.635
12,7,1,33.852,6.397,33.049,5.625
13,7,1,33.852,6.417,33.049,5.645
14,7,1,33.852,6.428,33.049,5.655
15,7,1,33.842,6.448,33.039,5.675
17,7,1,33.832,6.438,33.029,5.665
18,7,1,33.957,6.781,33.215,5.917
19,7,1,34.050,6.882,33.113,5.958
20,7,1,34.040,6.933,33.124,6.009
21,7,1,33.989,6.943,33.134,6.049
22,7,1,33.990,6.964,33.135,6.131
23,7,1,33.989,6.943,33.105,6.161
24,7,1,33.990,6.984,33.115,6.222
25,7,1,34.021,7.014,33.096,6.303
26,7,1,34.000,7.024,33.106,6.374
27,7,1,34.011,7.024,33.137,6.404
28,7,1,34.072,7.044,33.138,6.485
29,7,1,34.113,7.043,33.148,6.475
30,7,1,34.113,7.094,33.179,6.525
31,7,1,34.042,7.166,33.240,6.434
32,7,1,34.043,7.196,33.240,6.464
33,7,1,34.033,7.267,33.190,6.627
34,7,1,34.045,7.399,33.180,6.657
35,7,1,34.015,7.471,33.181,6.708
36,7,1,33.995,7.592,33.202,6.779
37,7,1,33.955,7.674,33.212,6.799
38,7,1,34.057,7.663,33.212,6.799
39,7,1,34.047,7.683,33.192,6.809
40,7,1,34.037,7.704,33.161,6.820
41,7,1,34.007,7.714,33.141,6.861
42,7,1,33.996,7.714,33.152,6.881
43,7,1,34.027,7.724,33.152,6.942
44,7,1,34.037,7.754,33.174,7.073
45,7,1,34.007,7.785,33.133,7.135
46,7,1,33.977,7.806,33.103,7.216
47,7,1,33.967,7.846,33.124,7.256
48,7,1,33.947,7.867,33.114,7.277
49,7,1,33.916,7.908,33.115,7.328
50,7,1,33.917,7.979,33.145,7.327
51,7,1,33.949,8.080,33.105,7.368
52,7,1,33.939,8.202,33.156,7.439
53,7,1,33.941,8.354,33.167,7.479
54,7,1,33.952,8.435,33.157,7.520
55,7,1,33.932,8.466,33.147,7.581
56,7,1,33.931,8.446,33.148,7.611
57,7,1,33.952,8.446,33.148,7.642
58,7,1,33.941,8.436,33.158,7.652
59,7,1,33.952,8.435,33.168,7.652
60,7,1,33.982,8.455,33.199,7.672
61,7,1,34.013,8.394,33.190,7.753
62,7,1,34.013,8.435,33.170,7.824
63,7,1,34.034,8.506,33.160,7.875
64,7,1,34.024,8.536,33.151,7.997
65,7,1,34.045,8.536,33.202,8.007
66,7,1,34.076,8.607,33.264,8.026
67,7,1,33.995,8.760,33.223,8.078
68,7,1,33.976,8.841,33.224,8.128
69,7,1,34.057,8.841,33.254,8.138
70,7,1,34.119,8.870,33.254,8.118
71,7,1,34.089,8.932,33.255,8.158
72,7,1,34.090,9.003,33.265,8.199
73,7,1,34.059,9.003,33.204,8.220
74,7,1,34.099,8.962,33.204,8.271
75,7,1,34.130,8.982,33.225,8.311
76,7,1,34.110,8.982,33.205,8.301
77,7,1,34.110,9.013,33.245,8.260
78,7,1,34.120,9.033,33.246,8.382
79,7,1,34.151,9.033,33.215,8.332
80,7,1,34.182,9.053,33.298,8.422
81,7,1,34.254,9.133,33.421,8.532
82,7,1,34.173,9.175,33.360,8.574
83,7,1,34.194,9.235,33.391,8.584
84,7,1,34.396,8.989,33.635,8.388
85,7,1,34.124,9.378,33.392,8.655
86,7,1,34.104,9.470,33.413,8.756
87,7,1,34.638,8.631,33.897,8.030
88,7,1,34.125,9.561,33.403,8.827
89,7,1,34.125,9.582,33.424,8.858
90,7,1,39.623,-0.938,38.907,-1.526
91,7,1,34.095,9.592,33.363,8.879
92,7,1,34.085,9.582,33.374,8.950
93,7,1,33.479,10.453,32.768,9.871
94,7,1,34.085,9.592,33.364,9.021
95,7,1,34.115,9.612,33.385,9.061
96,7,1,34.522,9.425,33.812,8.864
97,7,1,34.197,9.601,33.406,9.071
98,7,1,34.208,9.631,33.416,9.142
99,7,1,34.118,9.876,33.408,9.335
100,7,1,34.259,9.692,33.509,9.212
101,7,1,34.271,9.854,33.561,9.303
102,7,1,34.464,9.781,33.755,9.250
103,7,1,34.281,9.875,33.571,9.344
104,7,1,34.304,10.149,33.540,9.303
105,7,1,34.305,10.179,33.510,9.344
106,7,1,34.315,10.179,33.520,9.334
107,7,1,34.315,10.220,33.510,9.324
108,7,1,34.315,10.210,33.541,9.324
109,7,1,34.356,10.189,33.520,9.344
110,7,1,34.366,10.189,33.551,9.344
111,7,1,34.407,10.158,33.592,9.394
112,7,1,34.396,10.168,33.583,9.476
113,7,1,34.438,10.208,33.665,9.515
114,7,1,34.438,10.300,33.655,9.566
115,7,1,34.490,10.360,33.697,9.678
116,7,1,34.439,10.391,33.667,9.780
117,7,1,34.552,10.410,33.718,9.749
118,7,1,34.522,10.441,33.729,9.779
119,7,1,34.501,10.472,33.770,9.860
120,7,1,34.512,10.472,33.770,9.880
121,7,1,34.491,10.431,33.781,9.901
122,7,1,34.501,10.452,33.791,9.921
123,7,1,34.512,10.482,33.802,9.951
124,7,1,34.522,10.523,33.812,9.992
125,7,1,34.533,10.563,33.823,10.032
126,7,1,34.533,10.604,33.823,10.073
127,7,1,34.668,10.775,33.916,10.133
128,7,1,34.636,10.715,33.926,10.184
129,7,1,34.565,10.756,33.998,10.223
130,7,1,34.576,10.776,34.009,10.244
131,7,1,34.576,10.807,34.009,10.274
132,7,1,34.586,10.837,34.019,10.305
133,7,1,34.546,10.868,34.081,10.334
135,7,1,34.474,10.859,34.009,10.325
136,7,1,34.464,10.849,33.999,10.315
137,7,1,34.671,11.141,34.124,10.578
138,7,1,34.620,11.112,34.155,10.578
139,7,1,34.609,11.101,34.145,10.568
140,7,1,34.599,11.091,34.134,10.558
141,7,1,34.589,11.081,34.124,10.548
142,7,1,34.578,11.071,34.114,10.537
143,7,1,34.568,11.061,34.103,10.527
144,7,1,34.558,11.051,34.093,10.517
145,7,1,34.601,11.305,34.084,10.680
146,7,1,34.570,11.244,34.105,10.711
147,7,1,34.674,11.477,34.168,10.893
148,7,1,34.643,11.437,34.178,10.903
149,7,1,34.633,11.427,34.168,10.893
150,7,1,34.622,11.417,34.158,10.883
151,7,1,34.612,11.407,34.147,10.873
152,7,1,34.602,11.397,34.137,10.863
153,7,1,34.544,11.733,34.047,11.057
154,7,1,34.522,11.652,34.057,11.118
155,7,1,34.781,12.016,33.699,11.102
156,7,1,34.502,11.632,34.037,11.098
157,7,1,34.491,11.622,34.026,11.088
158,7,1,34.481,11.612,34.016,11.078
159,7,1,34.471,11.602,34.006,11.068
160,7,1,34.422,11.847,33.926,11.232
161,7,1,34.434,12.091,33.877,11.487
162,7,1,34.579,12.252,33.763,11.376
163,7,1,34.372,12.031,33.907,11.497
164,7,1,34.362,12.021,33.897,11.487
165,7,1,34.496,12.172,33.642,11.581
166,7,1,34.405,12.224,33.571,11.602
167,7,1,34.385,12.265,33.571,11.643
168,7,1,34.406,12.336,33.592,11.684
169,7,1,34.355,12.387,33.572,11.776
170,7,1,34.346,12.489,33.614,11.826
172,7,1,34.338,12.744,33.634,11.846
173,7,1,34.359,12.764,33.634,11.826
174,7,1,34.411,12.906,33.563,11.837
175,7,1,34.391,12.948,33.563,11.888
176,7,1,34.340,12.958,33.553,11.918
177,7,1,34.172,12.512,33.707,11.978
178,7,1,34.162,12.502,33.697,11.968
179,7,1,34.152,12.492,33.686,11.958
180,7,1,34.141,12.482,33.676,11.947
181,7,1,34.131,12.472,33.666,11.937
182,7,1,34.121,12.462,33.655,11.927
184,7,1,34.100,12.442,33.635,11.907
185,7,1,34.090,12.431,33.624,11.897
186,7,1,34.079,12.421,33.614,11.887
187,7,1,34.240,13.214,33.385,12.634
188,7,1,34.240,13.265,33.385,12.654
189,7,1,34.200,13.348,33.335,12.685
190,7,1,34.161,13.511,33.284,12.717
191,7,1,34.140,13.491,33.304,12.737
192,7,1,34.171,13.521,33.325,12.726
193,7,1,34.274,13.571,33.396,12.736
194,7,1,34.314,13.519,33.366,12.787
195,7,1,34.294,13.581,33.346,12.838
196,7,1,34.203,13.674,33.368,12.950
197,7,1,34.183,13.684,33.287,13.084
198,7,1,34.193,13.674,33.288,13.206
199,7,1,34.101,13.696,33.135,13.259
200,7,1,34.091,13.747,33.145,13.269
201,7,1,34.041,13.819,33.195,13.187
202,7,1,34.123,13.869,33.197,13.370
203,7,1,33.904,12.250,33.439,11.716
204,7,1,34.053,14.012,33.197,13.391
205,7,1,34.043,14.084,33.208,13.411
206,7,1,34.095,14.185,33.249,13.421
207,7,1,34.055,14.288,33.218,13.442
208,7,1,34.066,14.318,33.228,13.452
209,7,1,34.005,14.391,33.219,13.493
210,7,1,34.077,14.400,33.249,13.441
211,7,1,34.026,14.421,33.208,13.452
212,7,1,34.024,14.268,33.209,13.595
213,7,1,34.016,14.462,33.158,13.636
214,7,1,34.047,14.523,33.149,13.718
216,7,1,33.986,14.534,33.069,13.964
217,7,1,33.996,14.585,33.039,14.026
219,7,1,34.038,14.676,33.152,14.106
220,7,1,33.997,14.697,33.183,14.075
221,7,1,33.998,14.789,33.040,14.117
222,7,1,33.999,14.932,33.050,14.168
223,7,1,33.980,15.075,33.041,14.260
224,7,1,33.980,15.044,33.071,14.239
225,7,1,33.960,15.086,33.072,14.280
226,7,1,33.971,15.167,33.083,14.352
227,7,1,33.940,15.168,33.144,14.392
228,7,1,33.961,15.229,33.134,14.422
229,7,1,33.900,15.240,33.093,14.433
230,7,1,33.940,15.168,33.043,14.546
231,7,1,33.972,15.290,33.064,14.628
232,7,1,33.921,15.301,33.034,14.730
233,7,1,33.952,15.382,33.076,14.781
234,7,1,33.911,15.382,33.045,14.812
235,7,1,33.933,15.474,33.107,14.790
236,7,1,33.912,15.515,33.097,14.801
237,7,1,33.913,15.617,33.097,14.831
238,7,1,33.924,15.709,33.097,14.791
239,7,1,33.916,15.873,33.086,14.791
240,7,1,33.937,15.934,33.076,14.832
241,7,1,33.885,15.853,33.100,15.189
242,7,1,33.865,15.894,33.067,14.924
243,7,1,33.907,16.006,33.098,14.913
244,7,1,33.865,15.894,33.068,15.016
245,7,1,33.927,15.965,33.078,15.067
246,7,1,33.894,15.802,33.100,15.209
247,7,1,33.885,15.843,33.090,15.250
248,7,1,33.958,16.087,33.030,15.415
249,7,1,33.429,11.787,32.964,11.253
250,7,1,33.948,16.097,33.081,15.394
251,7,1,33.939,16.190,33.052,15.527
252,7,1,33.929,16.200,33.103,15.496
253,7,1,33.940,16.302,33.062,15.588
254,7,1,33.911,16.507,33.093,15.639
255,7,1,33.912,16.599,33.093,15.629
256,7,1,33.912,16.650,33.104,15.628
257,7,1,33.902,16.691,33.084,15.690
258,7,1,33.933,16.721,33.084,15.700
259,7,1,33.933,16.701,33.074,15.731
260,7,1,33.923,16.711,33.064,15.772
261,7,1,33.914,16.793,33.044,15.864
262,7,1,33.914,16.896,33.055,15.946
263,7,1,33.894,16.937,33.056,16.028
264,7,1,33.884,16.937,33.067,16.109
265,7,1,33.873,16.896,33.067,16.181
266,7,1,33.833,16.907,33.026,16.171
267,7,1,33.833,16.989,33.006,16.161
268,7,1,33.854,17.040,33.006,16.213
269,7,1,33.854,17.050,32.996,16.243
270,7,1,33.855,17.101,33.017,16.233
271,7,1,33.814,17.183,32.986,16.315
272,7,1,33.796,17.388,32.987,16.377
273,7,1,33.796,17.419,32.998,16.417
274,7,1,33.786,17.470,32.998,16.428
275,7,1,33.817,17.501,33.008,16.417
276,7,1,33.797,17.562,33.039,16.417
277,7,1,33.746,17.512,33.019,16.468
278,7,1,33.735,17.533,33.008,16.489
279,7,1,33.745,17.451,33.009,16.571
280,7,1,33.755,17.399,32.999,16.642
281,7,1,33.786,17.470,33.041,16.703
282,7,1,33.737,17.748,33.034,17.133
283,7,1,33.726,17.666,32.981,16.919
284,7,1,33.738,17.768,32.961,16.970
285,7,1,33.708,17.891,32.941,16.960
286,7,1,33.729,17.922,32.930,16.961
287,7,1,33.739,17.901,32.941,16.950
288,7,1,33.750,17.973,32.951,16.981
289,7,1,33.760,18.044,32.982,16.991
290,7,1,33.822,18.094,33.013,17.031
291,7,1,33.782,18.105,32.992,17.011
292,7,1,33.813,18.187,32.993,17.052
293,7,1,33.783,18.290,32.993,17.093
294,7,1,33.728,17.830,32.994,17.236
295,7,1,33.718,17.860,32.984,17.267
296,7,1,33.708,17.891,32.974,17.298
297,7,1,33.698,17.922,32.964,17.329
298,7,1,32.923,11.213,32.459,10.852
299,7,1,33.628,18.189,32.915,17.616
300,7,1,33.661,18.445,32.895,17.606
301,7,1,33.651,18.476,32.906,17.678
302,7,1,33.631,18.507,32.876,17.780
303,7,1,33.602,18.641,32.845,17.781
304,7,1,33.621,18.548,32.865,17.781
305,7,1,33.622,18.579,32.855,17.811
306,7,1,33.622,18.630,32.855,17.791
307,7,1,33.572,18.774,32.834,17.761
308,7,1,33.592,18.733,32.835,17.801
309,7,1,33.593,18.784,32.845,17.791
310,7,1,33.582,18.795,32.845,17.832
311,7,1,33.572,18.795,32.845,17.853
312,7,1,33.521,18.826,32.818,18.201
313,7,1,33.605,19.010,32.856,17.924
314,7,1,33.616,19.173,32.847,18.027
315,7,1,33.606,19.194,32.827,18.058
316,7,1,33.565,19.154,32.807,18.130
317,7,1,33.532,18.918,32.819,18.334
318,7,1,33.535,19.257,32.756,18.151
319,7,1,33.555,19.164,32.756,18.223
320,7,1,33.525,19.236,32.725,18.213
321,7,1,33.576,19.297,32.787,18.232
322,7,1,33.586,19.246,32.787,18.222
323,7,1,33.566,19.277,32.807,18.212
324,7,1,33.566,19.256,32.797,18.212
325,7,1,33.463,19.278,32.801,18.632
326,7,1,33.556,19.256,32.777,18.222
327,7,1,33.535,19.287,32.787,18.243
328,7,1,33.505,19.329,32.756,18.243
329,7,1,33.515,19.308,32.726,18.295
330,7,1,33.433,19.279,32.675,18.337
331,7,1,33.453,19.319,32.696,18.367
332,7,1,33.433,19.381,32.645,18.429
171,7,1,34.337,12.642,33.594,11.877
183,7,1,34.110,12.452,33.645,11.917
215,7,1,34.006,14.523,33.130,13.892
218,7,1,34.007,14.615,33.101,14.086
0,8,1,31.842,16.996,30.953,16.190
1,8,1,31.853,16.965,30.871,16.232
2,8,1,31.904,16.924,30.861,16.242
3,8,1,31.893,16.914,30.943,16.272
4,8,1,31.811,16.884,30.953,16.220
5,8,1,31.872,16.812,30.962,16.067
6,8,1,31.872,16.771,30.910,15.975
7,8,1,31.891,16.699,30.867,15.771
8,8,1,31.891,16.648,30.867,15.720
9,8,1,31.881,16.627,30.918,15.627
10,8,1,31.819,16.628,30.897,15.587
11,8,1,31.787,16.526,30.825,15.537
12,8,1,31.808,16.505,30.876,15.515
13,8,1,31.818,16.444,30.927,15.474
14,8,1,31.797,16.393,30.896,15.413
15,8,1,31.796,16.342,30.905,15.362
16,8,1,31.765,16.281,30.823,15.332
17,8,1,31.754,16.230,30.762,15.353
18,8,1,31.795,16.178,30.772,15.343
19,8,1,31.795,16.168,30.762,15.343
20,8,1,31.754,16.168,30.742,15.425
21,8,1,31.794,16.117,30.813,15.291
22,8,1,31.732,16.036,30.844,15.321
23,8,1,31.711,15.985,30.812,15.240
24,8,1,31.711,15.893,30.780,15.046
25,8,1,31.741,15.851,30.769,14.954
26,8,1,31.833,15.758,30.830,14.913
27,8,1,31.802,15.748,30.830,14.872
28,8,1,31.843,15.789,30.901,14.809
29,8,1,31.781,15.779,30.943,14.829
30,8,1,31.781,15.769,30.973,14.819
31,8,1,31.760,15.708,30.953,14.809
32,8,1,31.760,15.667,30.963,14.809
33,8,1,31.821,15.533,30.932,14.748
34,8,1,31.800,15.513,30.901,14.707
35,8,1,31.830,15.370,30.911,14.676
36,8,1,31.788,15.288,30.880,14.667
37,8,1,31.747,15.279,30.890,14.697
38,8,1,31.787,15.217,30.931,14.645
39,8,1,31.828,15.206,30.910,14.584
40,8,1,31.788,15.268,30.940,14.533
41,8,1,31.818,15.155,30.970,14.420
42,8,1,31.797,15.125,30.969,14.297
43,8,1,31.817,15.053,30.958,14.195
44,8,1,31.806,15.043,30.886,14.115
45,8,1,31.888,15.021,30.967,13.940
46,8,1,31.888,15.042,30.916,14.032
47,8,1,31.889,15.062,30.936,13.981
48,8,1,31.837,14.971,30.926,13.981
49,8,1,31.888,14.960,30.967,13.991
50,8,1,31.835,14.807,30.946,13.991
51,8,1,31.835,14.777,30.926,14.032
52,8,1,31.876,14.735,30.905,13.961
53,8,1,31.834,14.705,30.885,13.982
54,8,1,31.834,14.634,30.895,13.941
55,8,1,31.895,14.602,30.935,13.879
56,8,1,31.915,14.510,30.904,13.787
57,8,1,31.945,14.448,30.883,13.767
58,8,1,31.833,14.460,30.996,13.756
59,8,1,31.842,14.419,31.006,13.715
60,8,1,31.842,14.378,31.006,13.674
61,8,1,31.852,14.337,31.016,13.633
62,8,1,31.862,14.296,31.025,13.592
63,8,1,31.872,14.255,31.035,13.551
64,8,1,31.882,14.214,31.045,13.510
65,8,1,31.965,14.315,30.973,13.460
66,8,1,31.975,14.284,30.994,13.439
67,8,1,31.943,14.193,30.952,13.389
68,8,1,31.973,14.121,30.983,13.347
69,8,1,31.891,14.081,31.055,13.377
70,8,1,31.901,14.040,31.065,13.336
71,8,1,31.840,14.082,31.003,13.378
72,8,1,31.982,13.886,31.043,13.244
73,8,1,31.920,13.917,31.084,13.224
74,8,1,31.981,13.845,31.145,13.151
75,8,1,32.062,13.691,31.103,13.050
76,8,1,32.123,13.660,31.071,12.897
77,8,1,32.154,13.588,31.163,12.814
78,8,1,32.122,13.506,31.234,12.752
79,8,1,32.092,13.599,31.183,12.692
80,8,1,32.070,13.446,31.235,12.762
81,8,1,32.092,13.609,31.254,12.599
82,8,1,32.123,13.557,31.253,12.548
83,8,1,32.102,13.568,31.253,12.507
84,8,1,32.112,13.486,31.253,12.476
85,8,1,32.122,13.496,31.253,12.476
86,8,1,32.100,13.303,31.242,12.426
87,8,1,32.130,13.251,31.252,12.405
88,8,1,32.151,13.231,31.252,12.395
89,8,1,32.171,13.138,31.242,12.385
90,8,1,32.160,13.149,31.262,12.354
91,8,1,32.160,13.077,31.262,12.374
92,8,1,32.221,13.005,31.262,12.313
93,8,1,32.190,12.975,31.293,12.313
94,8,1,32.158,12.894,31.271,12.231
95,8,1,32.178,12.853,31.271,12.150
96,8,1,32.179,12.863,31.281,12.160
97,8,1,32.168,12.853,31.291,12.109
98,8,1,32.148,12.853,31.301,12.088
99,8,1,32.178,12.853,31.301,12.088
100,8,1,32.158,12.802,31.280,11.976
101,8,1,32.167,12.761,31.310,11.905
102,8,1,32.187,12.659,31.403,11.955
103,8,1,32.197,12.587,31.433,11.924
104,8,1,32.299,12.515,31.463,11.862
105,8,1,32.257,12.423,31.432,11.842
106,8,1,32.308,12.362,31.432,11.781
107,8,1,32.256,12.372,31.442,11.740
108,8,1,32.277,12.352,31.462,11.719
109,8,1,32.276,12.311,31.462,11.679
110,8,1,32.378,12.198,31.492,11.597
111,8,1,32.408,12.116,31.470,11.403
112,8,1,32.664,12.092,31.531,11.331
113,8,1,32.725,12.051,31.592,11.229
114,8,1,32.284,11.934,31.470,11.352
115,8,1,32.376,11.943,31.562,11.321
116,8,1,32.345,11.902,31.531,11.280
117,8,1,32.385,11.851,31.571,11.229
118,8,1,32.385,11.800,31.571,11.178
119,8,1,32.385,11.759,31.570,11.137
120,8,1,32.384,11.718,31.570,11.096
121,8,1,32.384,11.668,31.570,11.045
122,8,1,32.641,11.777,31.588,10.760
123,8,1,32.271,11.598,31.599,10.892
124,8,1,32.352,11.566,31.702,10.942
125,8,1,32.342,11.525,31.691,10.901
126,8,1,32.352,11.485,31.701,10.861
127,8,1,32.290,11.485,31.629,10.729
128,8,1,32.218,11.415,31.721,10.789
129,8,1,32.166,11.375,31.752,10.748
130,8,1,32.166,11.334,31.751,10.707
131,8,1,32.166,11.293,31.751,10.667
132,8,1,32.165,11.252,31.751,10.626
133,8,1,32.175,11.212,31.761,10.585
134,8,1,32.278,11.251,31.708,10.443
135,8,1,32.267,11.190,31.687,10.392
136,8,1,32.185,11.099,31.770,10.473
137,8,1,32.184,11.059,31.770,10.432
138,8,1,32.184,11.018,31.769,10.391
139,8,1,32.307,10.996,31.666,10.250
140,8,1,32.194,10.936,31.779,10.310
141,8,1,32.193,10.896,31.779,10.269
142,8,1,32.121,10.856,31.829,10.228
143,8,1,32.418,10.842,31.471,10.191
144,8,1,32.121,10.805,31.829,10.177
145,8,1,32.110,10.795,31.819,10.167
146,8,1,32.100,10.785,31.808,10.157
147,8,1,32.090,10.775,31.798,10.147
148,8,1,32.202,10.692,31.560,9.824
149,8,1,32.150,10.580,31.590,9.722
150,8,1,32.344,10.517,31.468,9.794
151,8,1,32.323,10.477,31.447,9.723
152,8,1,32.426,10.587,31.446,9.662
153,8,1,32.333,10.466,31.456,9.642
154,8,1,32.087,10.439,31.435,9.601
155,8,1,32.353,10.405,31.446,9.611
156,8,1,32.343,10.375,31.415,9.581
157,8,1,32.270,10.243,31.404,9.541
158,8,1,32.260,10.355,31.383,9.500
159,8,1,32.209,10.366,31.332,9.491
160,8,1,31.992,10.073,31.495,9.407
161,8,1,32.137,10.235,31.331,9.338
162,8,1,32.147,10.245,31.361,9.307
163,8,1,32.197,10.132,31.392,9.256
164,8,1,32.176,10.071,31.401,9.195
165,8,1,32.186,9.990,31.370,9.053
166,8,1,31.838,10.004,31.546,9.376
167,8,1,31.828,9.994,31.536,9.366
168,8,1,31.817,9.984,31.526,9.356
169,8,1,31.807,9.974,31.515,9.346
170,8,1,31.797,9.964,31.505,9.336
172,8,1,32.010,9.798,31.409,8.798
173,8,1,31.766,9.933,31.474,9.306
174,8,1,31.755,9.923,31.464,9.296
175,8,1,31.745,9.913,31.453,9.286
176,8,1,31.735,9.903,31.443,9.276
177,8,1,31.724,9.893,31.433,9.266
178,8,1,31.714,9.883,31.422,9.256
179,8,1,31.704,9.873,31.412,9.245
180,8,1,31.693,9.863,31.402,9.235
181,8,1,31.683,9.853,31.391,9.225
182,8,1,31.673,9.843,31.381,9.215
184,8,1,31.652,9.823,31.361,9.195
185,8,1,31.642,9.813,31.350,9.185
186,8,1,31.632,9.803,31.340,9.175
187,8,1,32.190,9.217,31.342,8.067
188,8,1,32.199,9.135,31.311,8.027
189,8,1,32.147,9.044,31.239,8.007
190,8,1,32.127,9.034,31.218,8.017
191,8,1,32.106,8.973,31.239,8.017
192,8,1,32.135,8.811,31.238,7.966
193,8,1,32.104,8.730,31.228,7.936
194,8,1,32.154,8.617,31.237,7.844
195,8,1,32.123,8.567,31.196,7.825
196,8,1,32.133,8.567,31.206,7.804
197,8,1,32.143,8.556,31.186,7.804
198,8,1,32.144,8.567,31.175,7.713
199,8,1,32.143,8.546,31.154,7.662
200,8,1,32.103,8.577,31.184,7.581
201,8,1,32.113,8.567,31.194,7.581
202,8,1,32.092,8.567,31.194,7.581
203,8,1,32.123,8.546,31.235,7.489
204,8,1,32.163,8.475,31.285,7.316
205,8,1,32.121,8.363,31.275,7.346
206,8,1,32.131,8.282,31.274,7.316
207,8,1,32.171,8.211,31.264,7.275
208,8,1,32.181,8.139,31.232,7.205
209,8,1,32.140,8.130,31.222,7.215
210,8,1,32.150,8.069,31.233,7.215
211,8,1,32.179,7.946,31.314,7.183
212,8,1,32.179,7.865,31.283,7.153
213,8,1,32.189,7.814,31.293,7.123
214,8,1,32.209,7.804,31.303,7.001
216,8,1,32.137,7.734,31.250,6.839
217,8,1,32.137,7.764,31.260,6.737
219,8,1,32.157,7.764,31.310,6.676
220,8,1,32.157,7.764,31.320,6.666
221,8,1,32.146,7.672,31.311,6.717
222,8,1,32.176,7.571,31.331,6.666
223,8,1,32.187,7.591,31.330,6.645
224,8,1,32.156,7.581,31.350,6.513
225,8,1,32.155,7.479,31.319,6.483
226,8,1,32.175,7.398,31.288,6.443
227,8,1,32.144,7.358,31.267,6.392
228,8,1,32.123,7.256,31.267,6.382
229,8,1,32.112,7.145,31.277,6.392
230,8,1,32.142,7.104,31.287,6.351
231,8,1,32.162,7.053,31.297,6.331
232,8,1,32.152,7.033,31.287,6.301
233,8,1,32.121,7.033,31.297,6.311
234,8,1,32.162,7.012,31.296,6.209
235,8,1,32.151,6.992,31.286,6.128
236,8,1,32.141,6.962,31.275,6.047
237,8,1,32.130,6.962,31.284,5.976
238,8,1,32.151,6.962,31.294,5.935
239,8,1,32.191,6.921,31.305,5.956
240,8,1,32.151,6.911,31.274,5.905
241,8,1,32.161,6.921,31.304,5.864
242,8,1,32.171,6.860,31.334,5.813
243,8,1,32.200,6.708,31.344,5.783
244,8,1,32.210,6.647,31.334,5.732
245,8,1,32.209,6.545,31.323,5.722
246,8,1,32.208,6.393,31.292,5.641
247,8,1,32.228,6.362,31.312,5.590
248,8,1,32.177,6.363,31.353,5.590
249,8,1,32.187,6.383,31.322,5.550
250,8,1,32.166,6.343,31.343,5.570
251,8,1,32.166,6.312,31.342,5.539
252,8,1,32.176,6.272,31.352,5.499
253,8,1,32.165,6.231,31.342,5.458
254,8,1,32.175,6.191,31.352,5.418
255,8,1,32.165,6.150,31.341,5.377
256,8,1,32.207,6.322,31.370,5.113
257,8,1,32.237,6.251,31.380,5.134
258,8,1,32.215,6.079,31.392,5.306
259,8,1,32.236,6.139,31.328,5.033
260,8,1,32.194,5.977,31.370,5.205
261,8,1,32.194,5.937,31.370,5.164
262,8,1,32.183,5.886,31.359,5.114
263,8,1,32.193,5.846,31.369,5.073
264,8,1,32.182,5.805,31.359,5.032
265,8,1,32.231,5.541,31.356,4.739
266,8,1,30.806,8.998,30.515,8.370
267,8,1,32.201,5.531,31.377,4.759
268,8,1,32.200,5.491,31.377,4.718
269,8,1,32.210,5.460,31.387,4.688
270,8,1,32.200,5.420,31.376,4.647
271,8,1,32.210,5.379,31.386,4.607
272,8,1,32.209,5.339,31.386,4.566
273,8,1,32.219,5.298,31.396,4.526
274,8,1,32.239,5.257,31.416,4.485
275,8,1,32.249,5.207,31.426,4.434
276,8,1,32.249,5.166,31.425,4.394
277,8,1,32.258,5.115,31.435,4.343
278,8,1,32.279,5.075,31.455,4.302
279,8,1,32.288,5.034,31.465,4.262
280,8,1,32.288,4.993,31.465,4.221
281,8,1,32.298,4.963,31.475,4.191
282,8,1,32.308,4.922,31.485,4.150
283,8,1,32.308,4.882,31.484,4.109
284,8,1,32.318,4.851,31.494,4.079
285,8,1,32.327,4.811,31.504,4.038
286,8,1,32.327,4.770,31.504,3.998
287,8,1,32.327,4.740,31.504,3.968
288,8,1,32.337,4.699,31.514,3.927
289,8,1,32.347,4.659,31.523,3.886
290,8,1,32.336,4.618,31.513,3.846
291,8,1,32.346,4.578,31.523,3.805
292,8,1,32.335,4.537,31.512,3.765
293,8,1,32.345,4.487,31.522,3.714
294,8,1,32.335,4.446,31.512,3.674
295,8,1,32.345,4.406,31.521,3.633
296,8,1,32.334,4.365,31.511,3.593
297,8,1,32.334,4.314,31.511,3.542
298,8,1,32.333,4.274,31.510,3.502
299,8,1,32.333,4.234,31.510,3.461
300,8,1,32.333,4.203,31.510,3.431
301,8,1,32.332,4.163,31.509,3.391
302,8,1,32.332,4.132,31.509,3.360
303,8,1,32.332,4.092,31.509,3.320
304,8,1,32.331,4.061,31.509,3.289
305,8,1,32.341,4.031,31.518,3.259
306,8,1,32.341,4.001,31.518,3.229
307,8,1,32.351,3.970,31.528,3.198
308,8,1,32.361,3.940,31.538,3.168
309,8,1,32.371,3.909,31.548,3.137
310,8,1,32.391,3.879,31.568,3.107
311,8,1,32.401,3.838,31.578,3.066
312,8,1,32.401,3.808,31.578,3.036
313,8,1,32.421,3.767,31.598,2.995
314,8,1,32.431,3.737,31.608,2.965
315,8,1,32.451,3.696,31.628,2.924
316,8,1,32.461,3.666,31.638,2.894
317,8,1,32.471,3.635,31.648,2.863
318,8,1,32.481,3.605,31.658,2.833
319,8,1,32.491,3.584,31.668,2.813
320,8,1,32.511,3.564,31.688,2.792
321,8,1,32.521,3.544,31.698,2.772
322,8,1,32.521,3.523,31.698,2.752
323,8,1,30.218,8.424,29.927,7.797
324,8,1,32.511,3.513,31.688,2.742
325,8,1,32.521,3.503,31.698,2.731
326,8,1,32.510,3.483,31.688,2.711
327,8,1,32.520,3.473,31.698,2.701
328,8,1,32.520,3.453,31.698,2.681
329,8,1,32.530,3.442,31.708,2.671
330,8,1,32.540,3.422,31.718,2.650
331,8,1,32.530,3.412,31.708,2.640
332,8,1,32.540,3.392,31.718,2.620
171,8,1,31.786,9.954,31.495,9.326
183,8,1,31.662,9.833,31.371,9.205
215,8,1,32.188,7.784,31.292,6.920
218,8,1,32.137,7.784,31.290,6.707
0,10,2,17.352,10.638,15.309,9.842
1,10,2,17.238,10.640,15.226,9.864
2,10,2,17.258,10.650,15.288,9.853
3,10,2,17.279,10.660,15.371,9.872
4,10,2,17.362,10.648,15.381,9.872
5,10,2,17.362,10.659,15.381,9.892
6,10,2,17.569,10.636,15.464,9.892
7,10,2,17.807,10.643,15.164,9.813
8,10,2,17.807,10.653,15.143,9.823
9,10,2,17.869,10.643,15.195,9.823
10,10,2,17.611,10.615,15.433,9.851
11,10,2,17.683,10.614,15.506,9.850
12,10,2,17.735,10.613,15.558,9.850
13,10,2,17.828,10.612,15.651,9.849
14,10,2,17.900,10.611,15.724,9.848
15,10,2,17.994,10.610,15.817,9.847
16,10,2,18.066,10.610,15.889,9.846
17,10,2,18.159,10.588,15.983,9.824
18,10,2,18.232,10.608,16.055,9.844
19,10,2,18.325,10.586,16.149,9.822
20,10,2,18.418,10.606,16.242,9.842
21,10,2,18.511,10.584,16.335,9.820
22,10,2,18.584,10.604,16.408,9.840
23,10,2,18.697,10.582,16.522,9.818
24,10,2,18.832,10.601,16.915,9.814
25,10,2,18.935,10.589,16.791,9.826
26,10,2,19.432,10.614,16.770,9.734
27,10,2,19.463,10.583,16.749,9.734
28,10,2,19.204,10.535,16.998,9.772
29,10,2,19.287,10.534,17.081,9.771
30,10,2,19.370,10.533,17.164,9.770
31,10,2,19.473,10.532,17.267,9.769
32,10,2,19.556,10.531,17.350,9.768
33,10,2,19.659,10.530,17.454,9.767
34,10,2,19.742,10.529,17.537,9.766
35,10,2,19.845,10.528,17.640,9.765
36,10,2,19.929,10.762,18.085,9.596
37,10,2,19.970,10.772,18.178,9.606
38,10,2,20.115,10.750,18.250,9.574
39,10,2,20.218,10.759,18.323,9.583
40,10,2,20.321,10.717,18.405,9.552
41,10,2,20.394,10.747,18.488,9.592
42,10,2,20.435,10.756,18.530,9.581
43,10,2,20.569,10.744,18.561,9.622
44,10,2,20.683,10.723,18.633,9.601
45,10,2,20.766,10.732,18.674,9.610
46,10,2,20.796,10.568,18.933,9.710
47,10,2,20.899,10.526,19.088,9.667
48,10,2,21.106,10.503,19.223,9.655
49,10,2,21.147,10.492,19.202,9.666
50,10,2,21.240,10.491,19.336,9.685
51,10,2,21.333,10.460,19.440,9.643
52,10,2,21.436,10.520,19.636,9.641
53,10,2,21.447,10.530,19.708,9.670
54,10,2,21.663,10.487,19.843,9.638
55,10,2,21.787,10.495,19.998,9.626
56,10,2,21.921,10.463,20.080,9.615
57,10,2,22.004,10.472,20.111,9.625
58,10,2,22.097,10.471,20.204,9.604
59,10,2,22.293,10.602,20.256,9.531
60,10,2,22.262,10.480,20.390,9.612
61,10,2,22.262,10.469,20.380,9.602
62,10,2,22.396,10.458,20.597,9.569
63,10,2,22.427,10.488,20.731,9.577
64,10,2,22.571,10.456,20.793,9.577
65,10,2,22.623,10.424,20.844,9.535
66,10,2,22.715,10.403,20.906,9.514
67,10,2,22.798,10.422,20.927,9.565
68,10,2,22.942,10.380,21.071,9.533
69,10,2,22.973,10.410,21.340,9.519
70,10,2,23.190,10.398,21.474,9.518
71,10,2,23.313,10.396,21.577,9.517
72,10,2,23.457,10.364,21.608,9.527
73,10,2,23.571,10.363,21.711,9.526
74,10,2,23.684,10.402,21.835,9.545
75,10,2,23.726,10.432,21.918,9.564
76,10,2,23.901,10.389,22.052,9.552
77,10,2,24.024,10.388,22.237,9.530
78,10,2,24.117,10.367,22.268,9.499
79,10,2,24.179,10.356,22.310,9.509
80,10,2,24.302,10.334,22.392,9.508
81,10,2,24.385,10.333,22.505,9.507
82,10,2,24.447,10.342,22.609,9.495
83,10,2,24.488,10.362,22.712,9.474
84,10,2,24.652,10.340,22.866,9.482
85,10,2,24.776,10.349,22.980,9.471
86,10,2,24.910,10.327,23.041,9.460
87,10,2,24.992,10.316,23.113,9.449
88,10,2,25.105,10.315,23.227,9.468
89,10,2,25.332,10.292,23.299,9.467
90,10,2,25.311,10.322,23.392,9.466
91,10,2,25.373,10.332,23.495,9.475
92,10,2,25.517,10.330,23.670,9.463
93,10,2,25.682,10.308,23.793,9.441
94,10,2,25.795,10.296,23.886,9.440
95,10,2,25.887,10.265,24.010,9.439
96,10,2,25.990,10.274,24.102,9.448
97,10,2,26.093,10.262,24.123,9.438
98,10,2,26.185,10.261,24.205,9.447
99,10,2,26.083,10.263,24.298,9.446
100,10,2,26.473,10.228,24.504,9.454
101,10,2,26.545,10.206,24.607,9.412
102,10,2,26.638,10.195,24.740,9.390
103,10,2,26.812,10.152,24.802,9.359
104,10,2,26.905,10.161,24.905,9.358
105,10,2,26.977,10.150,25.039,9.346
106,10,2,26.884,10.141,25.100,9.345
107,10,2,27.172,10.138,25.316,9.323
108,10,2,27.346,10.105,25.430,9.321
109,10,2,27.418,10.094,25.584,9.269
110,10,2,27.531,10.093,25.655,9.248
111,10,2,27.634,10.092,25.748,9.216
112,10,2,27.767,10.050,25.923,9.194
113,10,2,27.859,10.028,25.974,9.193
114,10,2,27.849,10.018,26.118,9.141
115,10,2,27.931,10.007,26.251,9.119
116,10,2,27.962,9.956,26.200,9.170
117,10,2,28.424,10.032,26.301,8.914
118,10,2,28.228,9.871,26.467,9.086
119,10,2,28.403,9.890,26.775,8.991
120,10,2,28.649,9.836,26.888,9.000
121,10,2,28.782,9.804,26.990,8.948
122,10,2,29.377,9.777,26.496,8.882
123,10,2,28.741,9.753,26.990,8.968
124,10,2,28.853,9.732,27.103,8.946
125,10,2,28.997,9.710,27.247,8.924
126,10,2,29.120,9.688,27.370,8.903
127,10,2,29.314,9.655,27.739,8.807
128,10,2,29.386,9.624,27.647,8.839
129,10,2,29.509,9.602,27.770,8.817
130,10,2,29.632,9.581,27.893,8.795
131,10,2,30.431,9.572,27.676,8.635
132,10,2,29.744,9.549,28.005,8.764
133,10,2,29.867,9.527,28.128,8.742
134,10,2,30.615,9.488,27.973,8.509
135,10,2,29.990,9.475,28.251,8.690
136,10,2,30.113,9.453,28.374,8.668
137,10,2,30.246,9.431,28.507,8.646
138,10,2,30.358,9.389,28.620,8.604
139,10,2,30.501,9.367,28.763,8.582
140,10,2,30.624,9.346,28.886,8.561
141,10,2,30.747,9.324,29.009,8.539
142,10,2,30.870,9.302,29.132,8.517
143,10,2,30.993,9.281,29.255,8.496
144,10,2,31.115,9.259,29.378,8.474
145,10,2,31.238,9.237,29.501,8.452
146,10,2,31.361,9.216,29.624,8.431
147,10,2,31.484,9.214,29.747,8.429
148,10,2,31.606,9.192,29.869,8.408
149,10,2,31.760,9.170,30.023,8.386
150,10,2,32.229,9.003,30.339,8.179
151,10,2,32.792,9.068,30.093,8.111
152,10,2,32.106,8.994,30.370,8.209
153,10,2,32.249,8.972,30.513,8.187
154,10,2,32.372,8.950,30.636,8.166
155,10,2,32.515,8.959,30.779,8.174
156,10,2,32.638,8.947,30.902,8.163
157,10,2,32.740,8.946,31.004,8.162
158,10,2,33.303,8.991,31.536,8.136
159,10,2,33.374,9.021,31.690,8.124
187,10,2,36.941,9.479,35.053,8.282
188,10,2,37.054,9.508,35.196,8.290
189,10,2,37.054,9.488,35.175,8.290
190,10,2,37.176,9.497,35.298,8.299
191,10,2,37.299,9.526,35.421,8.328
192,10,2,38.012,9.498,35.340,8.441
193,10,2,37.881,9.631,35.799,8.456
194,10,2,37.880,9.611,35.779,8.457
195,10,2,38.064,9.670,36.126,8.524
196,10,2,38.157,9.750,36.219,8.594
197,10,2,38.238,9.729,36.321,8.603
198,10,2,38.228,9.769,36.413,8.612
199,10,2,38.320,9.748,36.321,8.613
200,10,2,38.442,9.777,36.444,8.642
201,10,2,38.565,9.806,36.566,8.671
202,10,2,38.687,9.835,36.689,8.700
203,10,2,38.921,9.782,37.129,8.909
204,10,2,39.003,9.791,37.231,8.908
205,10,2,39.247,9.798,37.323,8.947
206,10,2,39.422,9.959,37.394,8.875
207,10,2,39.463,10.009,37.516,8.894
208,10,2,39.576,10.069,37.741,8.912
209,10,2,39.647,10.088,37.781,8.932
210,10,2,39.749,10.077,37.904,8.941
211,10,2,39.890,9.964,38.038,9.112
212,10,2,39.901,10.055,37.996,9.011
213,10,2,40.013,10.074,38.108,9.030
214,10,2,40.146,10.113,38.241,9.069
216,10,2,40.390,10.130,38.486,9.087
217,10,2,40.523,10.170,38.619,9.126
219,10,2,40.788,10.227,38.884,9.184
220,10,2,40.981,10.185,39.262,9.301
221,10,2,41.216,10.293,39.230,9.190
222,10,2,41.257,10.334,39.302,9.250
223,10,2,41.337,10.241,39.436,9.391
224,10,2,41.572,10.350,39.536,9.278
225,10,2,41.602,10.289,39.772,9.448
226,10,2,42.028,10.284,39.436,9.411
227,10,2,42.292,10.281,39.385,9.442
228,10,2,41.796,10.358,39.863,9.366
229,10,2,41.918,10.387,39.985,9.395
230,10,2,42.040,10.396,40.107,9.403
231,10,2,42.162,10.425,40.230,9.433
232,10,2,42.284,10.433,40.352,9.441
233,10,2,42.427,10.462,40.494,9.470
234,10,2,42.549,10.471,40.616,9.479
235,10,2,42.671,10.500,40.739,9.508
236,10,2,42.813,10.508,40.881,9.517
237,10,2,42.935,10.537,41.003,9.546
238,10,2,43.057,10.546,41.125,9.554
239,10,2,43.180,10.575,41.248,9.583
240,10,2,43.586,10.621,41.656,9.771
241,10,2,43.647,10.590,41.819,9.749
242,10,2,43.688,10.650,41.767,9.689
243,10,2,43.850,10.669,42.195,9.755
244,10,2,44.045,10.818,42.295,9.643
245,10,2,44.135,10.696,42.419,9.813
246,10,2,44.411,10.865,42.448,9.752
247,10,2,44.530,10.701,42.683,9.831
248,10,2,44.713,10.730,42.836,9.870
249,10,2,44.898,10.890,42.895,9.768
250,10,2,44.826,10.789,42.947,9.868
251,10,2,45.060,10.867,43.048,9.786
252,10,2,45.546,10.841,42.906,9.849
253,10,2,45.738,10.839,43.018,9.888
254,10,2,45.476,10.923,43.424,9.833
255,10,2,45.578,10.973,43.546,9.882
256,10,2,45.679,10.951,43.587,9.891
257,10,2,45.680,10.982,43.729,9.920
258,10,2,45.812,11.011,43.841,9.919
259,10,2,45.893,11.020,43.932,9.928
260,10,2,45.944,11.029,43.983,9.928
261,10,2,45.902,10.939,44.004,10.018
262,10,2,46.013,10.937,44.116,10.017
263,10,2,46.145,10.956,44.248,10.036
264,10,2,46.277,10.975,44.380,10.055
265,10,2,46.409,10.973,44.512,10.053
266,10,2,46.541,10.992,44.644,10.072
267,10,2,46.652,11.011,44.755,10.091
268,10,2,46.784,11.009,44.887,10.089
269,10,2,46.895,11.028,44.999,10.108
270,10,2,47.027,11.047,45.131,10.127
271,10,2,47.139,11.046,45.242,10.126
272,10,2,47.270,11.064,45.374,10.145
273,10,2,47.382,11.083,45.486,10.164
274,10,2,47.514,11.082,45.617,10.162
275,10,2,47.625,11.101,45.729,10.181
276,10,2,47.757,11.119,45.861,10.200
277,10,2,47.868,11.118,45.972,10.199
278,10,2,47.980,11.137,46.084,10.218
279,10,2,48.091,11.156,46.196,10.236
280,10,2,48.223,11.154,46.327,10.235
281,10,2,48.314,11.173,46.419,10.254
282,10,2,48.446,11.192,46.551,10.273
283,10,2,48.577,11.211,46.682,10.292
284,10,2,48.689,11.230,46.794,10.311
285,10,2,48.800,11.228,46.905,10.309
286,10,2,48.912,11.247,47.017,10.328
287,10,2,49.023,11.287,47.129,10.367
288,10,2,49.135,11.305,47.240,10.386
289,10,2,49.246,11.304,47.352,10.385
290,10,2,49.378,11.323,47.483,10.404
291,10,2,49.469,11.362,47.575,10.443
292,10,2,49.601,11.381,47.707,10.462
293,10,2,49.692,11.400,47.798,10.481
294,10,2,49.804,11.439,47.910,10.520
295,10,2,49.915,11.458,48.021,10.539
296,10,2,50.026,11.477,48.133,10.558
297,10,2,50.138,11.516,48.245,10.597
298,10,2,50.250,11.555,48.356,10.637
299,10,2,50.341,11.574,48.448,10.656
300,10,2,50.452,11.593,48.559,10.675
301,10,2,50.544,11.653,48.651,10.734
302,10,2,50.656,11.672,48.762,10.753
303,10,2,50.747,11.731,48.854,10.813
304,10,2,50.839,11.750,48.946,10.832
305,10,2,50.930,11.810,49.037,10.892
306,10,2,51.042,11.849,49.149,10.931
307,10,2,51.113,11.889,49.220,10.971
308,10,2,51.225,11.928,49.332,11.010
309,10,2,51.296,11.968,49.404,11.049
310,10,2,51.388,12.007,49.495,11.089
215,10,2,40.278,10.132,38.374,9.088
218,10,2,40.655,10.188,38.751,9.145
0,11,2,19.157,12.522,17.437,11.846
1,11,2,19.261,12.449,17.499,11.856
2,11,2,19.395,12.489,17.602,11.834
3,11,2,19.571,12.405,17.664,11.792
4,11,2,19.612,12.414,17.768,11.791
5,11,2,19.592,12.404,17.778,11.791
6,11,2,19.695,12.393,17.882,11.779
7,11,2,20.119,12.377,18.017,11.778
8,11,2,19.985,12.379,18.120,11.776
9,11,2,20.316,12.344,18.358,11.733
10,11,2,20.388,12.333,18.420,11.742
11,11,2,20.326,12.395,18.420,11.722
12,11,2,20.357,12.374,18.503,11.731
13,11,2,20.554,12.352,18.700,11.739
14,11,2,20.636,12.351,18.772,11.697
15,11,2,20.667,12.330,18.845,11.696
16,11,2,20.740,12.339,18.855,11.665
17,11,2,20.719,12.298,18.866,11.706
18,11,2,20.822,12.287,18.969,11.695
19,11,2,21.008,12.326,19.248,11.630
20,11,2,21.039,12.274,19.197,11.682
21,11,2,21.153,12.262,19.310,11.670
22,11,2,21.266,12.251,19.424,11.659
23,11,2,21.473,12.289,19.776,11.542
24,11,2,21.525,12.268,19.869,11.520
25,11,2,21.690,12.256,19.962,11.478
26,11,2,21.638,12.236,20.003,11.539
27,11,2,21.721,12.184,19.921,11.591
28,11,2,21.990,12.262,20.179,11.568
29,11,2,21.969,12.201,20.169,11.609
30,11,2,22.082,12.190,20.282,11.597
31,11,2,22.454,12.165,20.551,11.451
32,11,2,22.629,12.132,20.623,11.481
33,11,2,22.691,12.121,20.768,11.510
34,11,2,22.629,12.132,20.861,11.519
35,11,2,22.836,12.109,20.954,11.518
36,11,2,22.774,12.099,20.985,11.507
37,11,2,22.960,12.179,21.316,11.503
38,11,2,23.053,12.198,21.502,11.501
39,11,2,23.084,12.188,21.574,11.520
40,11,2,23.259,12.165,21.729,11.488
41,11,2,23.352,12.123,21.605,11.530
42,11,2,23.475,12.111,21.729,11.519
43,11,2,23.734,12.190,22.038,11.413
44,11,2,23.826,12.179,22.214,11.421
45,11,2,23.929,12.178,22.338,11.430
46,11,2,23.981,12.095,22.266,11.502
47,11,2,24.208,12.123,22.534,11.448
48,11,2,24.218,12.082,22.513,11.489
49,11,2,24.455,12.141,22.750,11.384
50,11,2,24.558,12.129,22.812,11.424
51,11,2,24.599,12.159,22.926,11.464
52,11,2,24.599,12.098,22.905,11.505
53,11,2,24.713,12.107,23.019,11.514
54,11,2,24.826,12.116,23.132,11.522
55,11,2,24.939,12.104,23.246,11.511
56,11,2,25.073,12.113,23.380,11.519
57,11,2,25.362,12.201,23.607,11.455
58,11,2,25.321,12.120,23.628,11.527
59,11,2,25.434,12.129,23.741,11.536
60,11,2,25.753,12.196,23.978,11.533
61,11,2,25.918,12.174,24.133,11.541
62,11,2,26.073,12.182,24.205,11.551
63,11,2,26.021,12.214,24.236,11.540
64,11,2,26.114,12.202,24.339,11.529
65,11,2,26.258,12.211,24.524,11.547
66,11,2,26.310,12.230,24.607,11.587
67,11,2,26.413,12.239,24.679,11.596
68,11,2,26.382,12.209,24.690,11.616
69,11,2,26.495,12.218,24.803,11.625
70,11,2,26.824,12.234,25.019,11.561
71,11,2,26.886,12.254,25.153,11.550
72,11,2,26.979,12.284,25.308,11.589
73,11,2,27.051,12.293,25.431,11.608
74,11,2,27.143,12.282,25.483,11.648
75,11,2,27.226,12.301,25.647,11.625
76,11,2,27.288,12.311,25.720,11.635
77,11,2,27.390,12.299,25.812,11.593
78,11,2,27.411,12.238,25.781,11.644
79,11,2,27.596,12.348,25.905,11.663
80,11,2,27.555,12.297,25.926,11.704
81,11,2,27.647,12.306,26.019,11.713
82,11,2,27.843,12.324,26.214,11.690
83,11,2,28.059,12.311,26.235,11.690
84,11,2,27.946,12.292,26.317,11.699
85,11,2,28.038,12.301,26.410,11.708
86,11,2,28.131,12.310,26.502,11.717
87,11,2,28.409,12.450,26.595,11.757
88,11,2,28.450,12.480,26.770,11.775
89,11,2,28.707,12.487,26.873,11.764
90,11,2,28.738,12.487,26.945,11.763
91,11,2,28.821,12.537,27.058,11.843
92,11,2,28.985,12.504,27.192,11.832
93,11,2,29.006,12.535,27.202,11.832
94,11,2,29.078,12.585,27.243,11.800
95,11,2,29.109,12.584,27.274,11.820
96,11,2,29.129,12.564,27.398,11.819
97,11,2,29.170,12.563,27.449,11.818
98,11,2,29.252,12.572,27.449,11.849
99,11,2,29.159,12.502,27.532,11.909
100,11,2,29.252,12.511,27.625,11.918
101,11,2,29.344,12.500,27.717,11.907
102,11,2,29.416,12.530,27.789,11.937
103,11,2,29.529,12.518,27.902,11.925
104,11,2,29.601,12.548,27.974,11.955
105,11,2,29.694,12.536,28.067,11.944
106,11,2,29.786,12.566,28.159,11.973
107,11,2,29.879,12.555,28.252,11.962
108,11,2,29.951,12.564,28.324,11.971
109,11,2,30.043,12.573,28.416,11.980
110,11,2,30.331,12.620,28.642,11.978
111,11,2,30.423,12.640,28.807,11.986
112,11,2,30.475,12.680,28.827,11.986
113,11,2,30.649,12.668,28.786,12.006
114,11,2,30.803,12.696,28.950,11.974
115,11,2,30.865,12.696,29.125,11.992
116,11,2,30.782,12.635,29.167,12.043
117,11,2,30.763,12.758,29.228,11.991
118,11,2,30.957,12.735,29.341,11.990
119,11,2,30.936,12.654,29.331,12.061
120,11,2,31.029,12.663,29.423,12.070
121,11,2,31.121,12.692,29.516,12.100
122,11,2,31.193,12.702,29.588,12.109
123,11,2,31.306,12.731,29.701,12.138
124,11,2,31.378,12.740,29.773,12.148
125,11,2,31.676,12.879,29.978,12.155
126,11,2,31.677,12.920,30.092,12.225
127,11,2,31.676,12.859,30.082,12.266
128,11,2,31.851,12.898,30.277,12.264
129,11,2,31.892,12.917,30.297,12.284
130,11,2,32.056,12.956,30.390,12.273
131,11,2,32.016,13.008,30.431,12.303
132,11,2,32.180,13.006,30.451,12.262
133,11,2,32.097,12.925,30.513,12.332
134,11,2,32.210,12.934,30.626,12.341
135,11,2,32.343,12.963,30.760,12.370
136,11,2,32.456,12.951,30.872,12.359
137,11,2,32.569,12.980,30.986,12.388
138,11,2,33.041,13.097,31.037,12.397
139,11,2,33.174,13.116,31.262,12.334
140,11,2,32.969,13.006,31.386,12.414
141,11,2,33.102,13.025,31.519,12.432
142,11,2,33.370,13.236,31.816,12.388
143,11,2,33.348,13.093,31.776,12.501
144,11,2,33.492,13.132,31.920,12.540
145,11,2,33.615,13.141,32.043,12.548
146,11,2,33.882,13.290,32.421,12.411
147,11,2,33.975,13.361,32.565,12.471
148,11,2,34.035,13.207,32.484,12.614
149,11,2,34.364,13.356,32.596,12.572
150,11,2,34.375,13.396,32.760,12.540
151,11,2,34.487,13.405,32.893,12.528
152,11,2,34.384,13.253,32.833,12.661
153,11,2,34.599,13.271,33.048,12.679
154,11,2,34.722,13.300,33.171,12.708
155,11,2,34.783,13.330,33.233,12.738
156,11,2,35.008,13.337,33.458,12.745
157,11,2,35.337,13.455,33.652,12.732
158,11,2,35.592,13.452,33.878,12.750
159,11,2,35.593,13.493,34.041,12.728
160,11,2,35.582,13.401,34.042,12.809
161,11,2,35.694,13.410,34.155,12.818
162,11,2,35.888,13.398,34.349,12.805
163,11,2,36.021,13.406,34.482,12.814
164,11,2,36.164,13.414,34.625,12.822
165,11,2,36.328,13.423,34.789,12.830
166,11,2,36.481,13.410,34.942,12.818
167,11,2,36.604,13.419,35.065,12.827
168,11,2,36.767,13.407,35.228,12.815
169,11,2,36.900,13.415,35.361,12.823
170,11,2,37.043,13.403,35.504,12.811
172,11,2,37.359,13.399,35.821,12.807
173,11,2,37.492,13.408,35.954,12.816
174,11,2,37.789,13.465,36.229,12.731
175,11,2,37.768,13.394,36.230,12.802
176,11,2,37.900,13.382,36.363,12.791
177,11,2,38.248,13.490,36.647,12.655
178,11,2,38.206,13.368,36.669,12.777
179,11,2,38.554,13.486,36.933,12.671
180,11,2,38.492,13.365,36.955,12.773
181,11,2,38.747,13.402,37.199,12.668
182,11,2,38.726,13.331,37.189,12.740
184,11,2,39.011,13.327,37.475,12.736
185,11,2,39.144,13.316,37.607,12.724
186,11,2,39.296,13.304,37.760,12.712
187,11,2,39.583,13.361,38.054,12.556
188,11,2,39.786,13.348,38.166,12.524
189,11,2,39.929,13.346,38.269,12.594
190,11,2,40.031,13.376,38.443,12.632
191,11,2,40.214,13.353,38.626,12.579
192,11,2,40.325,13.291,38.676,12.538
193,11,2,40.253,13.210,38.728,12.619
194,11,2,40.375,13.198,38.850,12.607
195,11,2,40.518,13.207,38.993,12.615
196,11,2,40.680,13.174,39.156,12.583
197,11,2,40.803,13.183,39.278,12.592
198,11,2,41.068,13.271,39.481,12.487
199,11,2,41.261,13.218,39.633,12.404
200,11,2,41.189,13.107,39.665,12.516
201,11,2,41.311,13.095,39.787,12.504
202,11,2,41.453,13.083,39.929,12.492
203,11,2,41.790,13.181,40.204,12.458
204,11,2,41.738,13.110,40.215,12.519
205,11,2,42.166,13.145,40.346,12.395
206,11,2,42.288,13.144,40.590,12.423
207,11,2,42.328,13.123,40.711,12.330
208,11,2,42.410,13.132,40.926,12.388
209,11,2,42.409,13.051,40.896,12.460
210,11,2,42.541,13.039,41.028,12.448
211,11,2,42.643,13.088,41.149,12.355
212,11,2,42.642,13.017,41.140,12.426
213,11,2,42.764,13.006,41.262,12.415
214,11,2,42.886,13.014,41.384,12.423
216,11,2,43.150,12.991,41.648,12.400
217,11,2,43.251,12.979,41.750,12.388
219,11,2,43.535,12.955,42.034,12.365
220,11,2,43.657,12.964,42.156,12.373
221,11,2,43.779,12.932,42.278,12.341
222,11,2,43.901,12.941,42.400,12.350
223,11,2,44.023,12.929,42.522,12.338
224,11,2,44.165,12.917,42.664,12.326
225,11,2,44.266,12.906,42.765,12.315
226,11,2,44.408,12.894,42.907,12.303
227,11,2,44.509,12.882,43.009,12.292
228,11,2,44.651,12.870,43.151,12.280
229,11,2,44.752,12.859,43.252,12.268
230,11,2,44.895,12.867,43.395,12.277
231,11,2,44.996,12.856,43.496,12.265
232,11,2,45.138,12.844,43.638,12.253
233,11,2,45.239,12.833,43.739,12.242
234,11,2,45.381,12.821,43.881,12.230
235,11,2,45.482,12.809,43.983,12.219
236,11,2,45.624,12.797,44.125,12.207
237,11,2,45.725,12.786,44.226,12.196
238,11,2,45.867,12.774,44.368,12.184
239,11,2,45.968,12.763,44.469,12.172
240,11,2,46.110,12.751,44.611,12.160
241,11,2,46.211,12.739,44.712,12.149
242,11,2,46.333,12.748,44.834,12.158
243,11,2,46.454,12.736,44.956,12.146
244,11,2,46.576,12.745,45.078,12.155
245,11,2,46.697,12.733,45.199,12.143
246,11,2,46.799,12.742,45.301,12.152
247,11,2,47.216,12.848,45.421,12.090
248,11,2,47.052,12.759,45.554,12.169
249,11,2,47.153,12.748,45.656,12.158
250,11,2,47.701,12.802,45.747,12.147
251,11,2,47.457,12.764,45.960,12.174
252,11,2,47.559,12.773,46.061,12.183
253,11,2,48.015,12.788,46.101,12.122
254,11,2,47.791,12.750,46.294,12.160
255,11,2,47.893,12.759,46.395,12.169
256,11,2,47.994,12.768,46.497,12.178
257,11,2,48.115,12.756,46.618,12.166
258,11,2,48.237,12.765,46.740,12.175
259,11,2,48.358,12.753,46.861,12.163
260,11,2,48.814,12.798,46.902,12.163
261,11,2,49.026,12.785,47.003,12.182
262,11,2,48.966,12.786,47.287,12.168
263,11,2,48.864,12.767,47.368,12.177
264,11,2,48.965,12.776,47.469,12.186
265,11,2,49.431,12.800,47.539,12.115
266,11,2,49.431,12.780,47.590,12.144
267,11,2,49.583,12.799,47.611,12.174
268,11,2,49.238,12.742,47.742,12.153
269,11,2,49.339,12.751,47.843,12.161
270,11,2,49.460,12.739,47.965,12.150
271,11,2,49.562,12.748,48.066,12.159
272,11,2,49.663,12.757,48.167,12.168
273,11,2,49.784,12.766,48.289,12.176
274,11,2,50.290,12.830,48.329,12.166
275,11,2,49.875,12.744,48.379,12.155
276,11,2,49.976,12.753,48.481,12.164
277,11,2,50.097,12.762,48.602,12.172
278,11,2,50.198,12.750,48.703,12.161
279,11,2,50.299,12.759,48.804,12.170
280,11,2,50.421,12.768,48.926,12.179
281,11,2,50.522,12.777,49.027,12.188
282,11,2,50.603,12.766,49.108,12.176
283,11,2,50.704,12.774,49.209,12.185
284,11,2,50.825,12.783,49.331,12.194
285,11,2,50.926,12.792,49.432,12.203
286,11,2,51.027,12.801,49.533,12.212
287,11,2,51.149,12.809,49.654,12.220
288,11,2,51.249,12.798,49.755,12.209
171,11,2,37.206,13.411,35.668,12.820
183,11,2,38.858,13.319,37.322,12.728
215,11,2,43.007,12.982,41.506,12.391
218,11,2,43.414,12.967,41.912,12.376
87,12,2,14.978,11.404,12.983,10.617
88,12,2,15.144,11.371,13.077,10.615
89,12,2,15.175,11.432,13.160,10.666
90,12,2,15.258,11.421,13.243,10.665
91,12,2,15.393,11.409,13.306,10.664
92,12,2,15.497,11.398,13.378,10.663
93,12,2,15.476,11.439,13.451,10.714
94,12,2,15.580,11.448,13.565,10.712
95,12,2,15.663,11.437,13.617,10.712
96,12,2,15.746,11.425,13.742,10.721
97,12,2,15.787,11.435,13.815,10.669
98,12,2,15.787,11.404,13.794,10.689
99,12,2,15.881,11.414,13.887,10.698
100,12,2,15.995,11.422,14.002,10.707
101,12,2,16.182,11.513,14.355,10.683
102,12,2,16.420,11.479,14.417,10.754
103,12,2,16.534,11.488,14.552,10.763
104,12,2,16.607,11.487,14.635,10.721
105,12,2,16.731,11.486,14.801,10.708
106,12,2,16.835,11.495,14.894,10.697
107,12,2,16.835,11.454,14.884,10.738
108,12,2,16.949,11.462,14.998,10.747
109,12,2,17.042,11.472,15.092,10.756
110,12,2,17.260,11.510,15.310,10.764
111,12,2,17.312,11.520,15.444,10.763
112,12,2,17.343,11.499,15.403,10.784
113,12,2,17.550,11.507,15.652,10.750
114,12,2,17.819,11.493,15.714,10.739
115,12,2,17.767,11.504,15.756,10.749
116,12,2,17.819,11.503,15.921,10.737
117,12,2,17.913,11.513,15.994,10.797
118,12,2,18.026,11.511,16.098,10.796
119,12,2,18.068,11.500,16.202,10.805
120,12,2,18.192,11.509,16.367,10.824
121,12,2,18.410,11.496,16.481,10.771
122,12,2,18.627,11.484,16.544,10.770
123,12,2,18.648,11.514,16.668,10.759
124,12,2,18.762,11.503,16.782,10.788
125,12,2,18.844,11.522,16.927,10.756
126,12,2,18.865,11.512,16.989,10.765
127,12,2,18.865,11.481,16.979,10.786
128,12,2,18.958,11.469,17.072,10.775
129,12,2,19.072,11.478,17.186,10.783
130,12,2,19.186,11.467,17.300,10.772
131,12,2,19.300,11.476,17.414,10.781
132,12,2,19.527,11.493,17.714,10.747
133,12,2,19.662,11.482,17.839,10.715
134,12,2,19.868,11.459,17.983,10.662
135,12,2,19.951,11.468,18.077,10.691
136,12,2,19.972,11.478,18.066,10.620
137,12,2,20.044,11.487,18.201,10.659
138,12,2,20.179,11.486,18.397,10.647
139,12,2,20.148,11.496,18.418,10.657
140,12,2,20.385,11.473,18.532,10.707
141,12,2,20.540,11.461,18.656,10.674
142,12,2,20.664,11.449,18.780,10.622
143,12,2,20.685,11.449,18.853,10.621
144,12,2,20.799,11.468,18.915,10.692
145,12,2,20.944,11.456,19.111,10.679
146,12,2,21.026,11.476,19.246,10.719
147,12,2,21.119,11.464,19.329,10.728
148,12,2,21.233,11.453,19.380,10.717
149,12,2,21.408,11.451,19.546,10.674
150,12,2,21.470,11.450,19.618,10.674
151,12,2,21.563,11.449,19.680,10.714
152,12,2,21.636,11.469,19.825,10.661
153,12,2,21.760,11.488,19.959,10.700
154,12,2,21.863,11.466,20.104,10.678
155,12,2,21.997,11.454,20.187,10.718
156,12,2,22.214,11.451,20.311,10.666
157,12,2,22.338,11.470,20.321,10.676
158,12,2,22.348,11.470,20.538,10.694
159,12,2,22.379,11.490,20.641,10.672
160,12,2,22.544,11.488,20.755,10.712
161,12,2,22.606,11.467,20.838,10.700
162,12,2,22.668,11.467,20.931,10.720
163,12,2,22.781,11.465,21.034,10.708
164,12,2,22.771,11.435,21.024,10.739
165,12,2,22.874,11.444,21.127,10.748
166,12,2,23.153,11.461,21.272,10.747
167,12,2,23.390,11.468,21.396,10.745
168,12,2,23.473,11.457,21.489,10.754
169,12,2,23.555,11.446,21.623,10.763
170,12,2,23.761,11.433,21.716,10.782
172,12,2,23.998,11.461,22.015,10.758
173,12,2,23.999,11.492,22.190,10.716
174,12,2,24.112,11.490,22.273,10.735
175,12,2,24.205,11.469,22.386,10.713
176,12,2,24.318,11.457,22.490,10.733
177,12,2,24.380,11.446,22.582,10.732
178,12,2,24.575,11.444,22.644,10.639
179,12,2,24.586,11.444,22.789,10.688
180,12,2,24.637,11.464,22.995,10.625
181,12,2,24.658,11.474,23.067,10.705
182,12,2,24.823,11.472,23.139,10.705
184,12,2,24.956,11.409,23.253,10.734
185,12,2,25.059,11.397,23.356,10.723
186,12,2,25.513,11.453,23.572,10.700
187,12,2,25.605,11.432,23.644,10.668
188,12,2,25.739,11.451,23.768,10.687
189,12,2,25.791,11.430,23.758,10.749
190,12,2,25.616,11.422,23.913,10.747
191,12,2,25.739,11.430,24.036,10.756
192,12,2,25.863,11.419,24.160,10.744
193,12,2,25.966,11.428,24.263,10.753
194,12,2,26.316,11.485,24.592,10.698
195,12,2,26.285,11.424,24.582,10.749
196,12,2,26.408,11.412,24.706,10.738
197,12,2,26.768,11.459,24.881,10.776
198,12,2,26.861,11.468,24.943,10.755
199,12,2,26.861,11.519,25.118,10.712
200,12,2,26.933,11.518,25.251,10.660
201,12,2,27.118,11.465,25.323,10.669
202,12,2,27.231,11.453,25.416,10.678
203,12,2,27.293,11.473,25.643,10.757
204,12,2,27.447,11.482,25.766,10.695
205,12,2,27.529,11.491,25.807,10.725
206,12,2,27.663,11.469,25.900,10.734
207,12,2,27.611,11.429,25.931,10.754
208,12,2,27.920,11.466,26.096,10.752
209,12,2,27.837,11.436,26.157,10.762
210,12,2,28.238,11.442,26.394,10.739
211,12,2,28.218,11.472,26.507,10.727
212,12,2,28.444,11.459,26.661,10.705
213,12,2,28.680,11.467,26.785,10.734
214,12,2,28.660,11.477,26.898,10.712
216,12,2,29.049,11.422,27.103,10.751
217,12,2,28.906,11.413,27.227,10.739
219,12,2,29.368,11.459,27.514,10.715
220,12,2,29.491,11.457,27.576,10.705
221,12,2,29.614,11.456,27.668,10.703
222,12,2,29.706,11.424,27.791,10.661
223,12,2,29.850,11.443,27.843,10.701
224,12,2,29.850,11.473,27.946,10.710
225,12,2,29.953,11.452,27.956,10.710
226,12,2,29.788,11.413,28.110,10.739
227,12,2,29.912,11.422,28.234,10.748
228,12,2,30.394,11.447,28.387,10.705
229,12,2,30.486,11.415,28.634,10.723
230,12,2,30.609,11.464,28.706,10.702
231,12,2,30.753,11.453,28.849,10.669
232,12,2,30.855,11.441,28.911,10.689
233,12,2,31.060,11.449,29.024,10.688
234,12,2,31.050,11.459,29.044,10.688
235,12,2,30.875,11.400,29.199,10.727
236,12,2,30.999,11.409,29.322,10.735
237,12,2,31.388,11.445,29.516,10.672
238,12,2,31.460,11.465,29.742,10.608
239,12,2,31.583,11.453,29.814,10.668
240,12,2,31.521,11.392,29.845,10.719
241,12,2,31.768,11.461,30.152,10.654
242,12,2,31.901,11.469,30.265,10.653
243,12,2,32.106,11.447,30.306,10.653
244,12,2,32.218,11.415,30.265,10.663
245,12,2,32.238,11.404,30.378,10.672
246,12,2,32.392,11.433,30.552,10.680
247,12,2,32.525,11.391,30.696,10.658
248,12,2,32.760,11.398,30.778,10.698
249,12,2,32.822,11.387,30.891,10.727
250,12,2,32.955,11.396,30.931,10.676
251,12,2,33.088,11.394,31.106,10.654
252,12,2,33.231,11.413,31.280,10.682
253,12,2,33.293,11.382,31.495,10.619
254,12,2,33.467,11.390,31.648,10.647
255,12,2,33.538,11.389,31.730,10.646
256,12,2,33.559,11.379,31.771,10.595
257,12,2,33.681,11.387,31.741,10.636
258,12,2,33.527,11.287,31.874,10.716
259,12,2,33.650,11.296,31.997,10.725
260,12,2,33.752,11.295,32.100,10.724
261,12,2,33.875,11.293,32.223,10.722
262,12,2,33.997,11.261,32.345,10.690
263,12,2,34.438,11.368,32.468,10.648
264,12,2,34.458,11.368,32.591,10.657
265,12,2,34.592,11.387,32.785,10.644
266,12,2,34.498,11.255,32.847,10.756
267,12,2,34.837,11.353,33.082,10.661
268,12,2,34.980,11.372,33.307,10.659
269,12,2,35.133,11.350,33.296,10.649
270,12,2,35.256,11.358,33.399,10.637
271,12,2,35.297,11.378,33.624,10.625
272,12,2,35.501,11.366,33.695,10.664
273,12,2,35.613,11.354,33.788,10.663
274,12,2,35.705,11.363,33.992,10.671
275,12,2,35.746,11.383,33.992,10.661
276,12,2,35.869,11.382,34.074,10.640
277,12,2,36.063,11.369,34.033,10.640
278,12,2,35.775,11.251,34.126,10.751
279,12,2,35.878,11.249,34.228,10.750
280,12,2,36.000,11.248,34.351,10.748
281,12,2,36.123,11.246,34.473,10.747
282,12,2,36.225,11.266,34.576,10.766
283,12,2,36.347,11.244,34.698,10.744
284,12,2,36.449,11.263,34.800,10.764
285,12,2,36.572,11.261,34.923,10.762
286,12,2,36.674,11.260,35.025,10.761
287,12,2,36.796,11.259,35.148,10.759
288,12,2,36.899,11.278,35.250,10.779
289,12,2,37.001,11.297,35.352,10.798
290,12,2,37.390,11.435,35.575,10.612
291,12,2,37.533,11.453,35.708,10.641
292,12,2,37.676,11.442,35.831,10.660
293,12,2,37.562,11.290,35.914,10.791
294,12,2,37.819,11.531,36.239,10.676
295,12,2,37.932,11.571,36.372,10.705
296,12,2,38.003,11.560,36.433,10.684
297,12,2,38.217,11.588,36.404,10.775
298,12,2,38.104,11.426,36.487,10.927
299,12,2,38.216,11.445,36.599,10.946
300,12,2,38.308,11.444,36.691,10.945
301,12,2,38.420,11.463,36.804,10.964
302,12,2,38.532,11.482,36.916,10.983
303,12,2,38.789,11.682,37.139,10.869
304,12,2,38.850,11.682,37.201,10.919
305,12,2,38.983,11.711,37.262,10.918
306,12,2,39.136,11.729,37.415,10.916
307,12,2,39.299,11.758,37.497,10.976
308,12,2,39.196,11.606,37.580,11.107
309,12,2,39.473,11.806,37.844,10.972
310,12,2,39.504,11.806,37.844,10.982
311,12,2,39.605,11.795,37.854,11.013
312,12,2,39.532,11.643,37.917,11.144
313,12,2,39.738,11.824,38.079,11.040
314,12,2,39.706,11.671,38.091,11.172
315,12,2,39.798,11.691,38.183,11.192
316,12,2,39.910,11.730,38.295,11.231
317,12,2,40.002,11.770,38.387,11.271
318,12,2,40.290,12.040,38.672,11.227
319,12,2,40.423,12.100,38.774,11.246
320,12,2,40.566,12.088,38.887,11.275
321,12,2,40.659,12.178,38.969,11.325
322,12,2,40.791,12.156,39.081,11.354
323,12,2,40.862,12.176,39.183,11.373
324,12,2,40.914,12.267,39.315,11.341
325,12,2,40.975,12.266,39.346,11.351
326,12,2,40.799,11.994,39.184,11.495
327,12,2,40.891,12.033,39.277,11.534
328,12,2,40.983,12.052,39.368,11.554
329,12,2,41.095,12.092,39.481,11.593
330,12,2,41.187,12.131,39.573,11.632
331,12,2,41.299,12.170,39.686,11.672
332,12,2,41.391,12.210,39.778,11.711
171,12,2,23.916,11.452,21.829,10.771
183,12,2,24.915,11.450,23.315,10.692
215,12,2,28.937,11.443,26.970,10.742
218,12,2,29.029,11.402,27.350,10.728
0,6,1,33.960,17.355,32.956,16.408
1,6,1,33.991,17.386,32.946,16.398
2,6,1,33.824,17.132,32.904,16.327
3,6,1,33.721,17.042,32.864,16.348
4,6,1,33.792,16.989,32.894,16.337
5,6,1,33.761,16.980,32.883,16.245
6,6,1,33.699,16.939,32.904,16.214
7,6,1,33.730,16.919,32.893,16.163
8,6,1,33.874,16.917,32.912,16.060
9,6,1,33.760,16.877,32.850,15.980
10,6,1,33.709,16.888,32.860,15.867
11,6,1,33.760,16.836,32.890,15.856
12,6,1,33.668,16.858,32.838,15.785
13,6,1,33.688,16.837,32.838,15.734
14,6,1,33.698,16.776,32.858,15.714
15,6,1,33.759,16.765,32.899,15.662
16,6,1,33.820,16.682,32.940,15.620
17,6,1,33.532,16.594,33.197,15.740
18,6,1,33.542,16.543,33.207,15.688
19,6,1,33.480,16.441,32.878,15.672
20,6,1,33.347,16.484,32.981,15.640
21,6,1,33.367,16.443,33.001,15.599
22,6,1,33.367,16.402,33.001,15.558
23,6,1,33.356,16.371,32.990,15.528
25,6,1,33.346,16.361,32.980,15.518
26,6,1,33.346,16.341,32.979,15.497
27,6,1,33.335,16.269,32.969,15.426
28,6,1,33.334,16.218,32.968,15.375
29,6,1,33.334,16.167,32.968,15.324
30,6,1,33.589,16.061,32.689,15.103
31,6,1,33.517,16.032,32.637,15.001
32,6,1,33.640,15.979,32.801,14.999
33,6,1,33.485,15.909,32.708,14.908
34,6,1,33.310,15.830,32.883,14.988
35,6,1,33.310,15.779,32.882,14.936
36,6,1,33.299,15.748,32.872,14.906
37,6,1,33.299,15.708,32.872,14.865
38,6,1,33.289,15.677,32.861,14.835
39,6,1,33.278,15.626,32.850,14.784
41,6,1,33.339,15.615,32.912,14.773
42,6,1,33.339,15.574,32.911,14.732
43,6,1,33.339,15.533,32.911,14.691
44,6,1,33.634,15.345,32.735,14.479
45,6,1,33.512,15.378,32.673,14.388
46,6,1,33.316,15.299,32.868,14.457
47,6,1,33.316,15.258,32.868,14.416
48,6,1,33.315,15.207,32.867,14.365
49,6,1,33.305,15.166,32.857,14.324
50,6,1,33.304,15.125,32.856,14.283
51,6,1,33.304,15.084,32.856,14.242
53,6,1,33.365,15.073,32.918,14.231
54,6,1,33.365,15.042,32.917,14.201
55,6,1,33.365,14.991,32.917,14.150
56,6,1,33.364,14.951,32.916,14.109
57,6,1,33.374,14.910,32.926,14.068
58,6,1,33.374,14.858,32.926,14.017
59,6,1,33.373,14.807,32.926,13.966
60,6,1,33.383,14.766,32.935,13.925
61,6,1,33.383,14.715,32.935,13.874
62,6,1,33.475,14.714,32.554,13.715
63,6,1,33.413,14.674,32.461,13.584
64,6,1,33.402,14.531,32.800,13.661
65,6,1,33.504,14.540,32.636,13.602
66,6,1,33.545,14.478,32.738,13.580
67,6,1,33.319,14.451,32.953,13.608
68,6,1,33.319,14.410,32.953,13.567
69,6,1,33.318,14.379,32.953,13.537
70,6,1,33.318,14.338,32.952,13.496
71,6,1,33.511,14.121,32.582,13.358
72,6,1,33.235,14.166,32.859,13.334
73,6,1,33.541,14.029,32.694,13.265
74,6,1,33.305,14.063,32.919,13.241
75,6,1,33.305,14.022,32.919,13.200
76,6,1,33.305,13.981,32.919,13.160
77,6,1,33.304,13.930,32.918,13.109
78,6,1,33.571,13.957,32.735,13.193
79,6,1,33.346,13.971,32.949,13.159
80,6,1,33.345,13.930,32.949,13.118
81,6,1,33.662,13.844,32.836,13.130
82,6,1,33.630,13.732,32.825,13.038
83,6,1,33.426,13.786,33.020,12.995
84,6,1,33.426,13.755,33.019,12.965
85,6,1,33.425,13.714,33.019,12.924
87,6,1,33.415,13.704,33.009,12.914
88,6,1,33.415,13.674,33.009,12.883
89,6,1,33.414,13.623,33.008,12.832
90,6,1,33.414,13.582,33.008,12.791
91,6,1,33.424,13.531,33.018,12.740
92,6,1,33.423,13.480,33.017,12.689
93,6,1,33.433,13.439,33.027,12.648
94,6,1,33.615,13.202,32.769,12.437
95,6,1,33.574,13.182,32.759,12.387
96,6,1,33.564,13.131,32.707,12.387
97,6,1,33.338,13.144,32.933,12.374
98,6,1,33.338,13.103,32.932,12.334
99,6,1,33.348,13.062,32.942,12.293
100,6,1,33.348,13.022,32.942,12.252
101,6,1,33.347,12.981,32.941,12.211
102,6,1,33.347,12.940,32.941,12.170
103,6,1,33.336,12.910,32.931,12.140
105,6,1,33.326,12.900,32.920,12.130
106,6,1,33.326,12.859,32.920,12.089
107,6,1,33.315,12.818,32.909,12.048
108,6,1,33.315,12.777,32.909,12.008
109,6,1,33.304,12.737,32.898,11.967
110,6,1,33.304,12.696,32.898,11.926
111,6,1,33.569,12.540,32.733,11.735
112,6,1,33.609,12.468,32.732,11.643
113,6,1,33.629,12.407,32.731,11.521
114,6,1,33.618,12.335,32.731,11.511
115,6,1,33.618,12.335,32.731,11.511
116,6,1,33.494,12.204,32.833,11.520
117,6,1,33.576,12.193,32.915,11.508
118,6,1,33.575,12.142,32.915,11.457
119,6,1,33.565,12.112,32.904,11.427
120,6,1,33.585,12.081,32.924,11.396
121,6,1,33.585,12.030,32.924,11.345
122,6,1,33.584,11.989,32.923,11.305
123,6,1,33.390,11.992,32.780,11.225
124,6,1,33.626,12.040,32.707,11.175
125,6,1,33.585,12.050,32.769,11.205
126,6,1,33.728,12.018,32.871,11.193
127,6,1,33.451,11.940,32.840,11.143
128,6,1,33.737,11.947,32.840,11.071
129,6,1,33.635,11.887,32.829,11.021
130,6,1,33.665,11.856,32.788,10.980
131,6,1,33.654,11.775,32.787,10.909
132,6,1,33.806,11.651,32.857,10.756
133,6,1,33.459,11.675,32.962,10.988
134,6,1,33.469,11.644,32.972,10.958
135,6,1,33.816,11.518,32.826,10.685
136,6,1,33.448,11.594,32.951,10.907
137,6,1,33.448,11.563,32.951,10.877
138,6,1,33.447,11.522,32.950,10.836
139,6,1,33.498,11.430,32.898,10.694
140,6,1,33.713,11.448,32.846,10.644
141,6,1,33.641,11.500,32.856,10.582
142,6,1,33.723,11.509,32.886,10.552
143,6,1,33.415,11.319,32.888,10.684
144,6,1,33.785,11.488,32.906,10.470
145,6,1,33.774,11.468,32.896,10.460
146,6,1,33.434,11.176,32.835,10.542
147,6,1,33.793,11.304,32.844,10.338
148,6,1,33.373,11.187,32.876,10.511
149,6,1,33.372,11.157,32.876,10.480
150,6,1,33.689,11.143,32.822,10.217
151,6,1,33.576,11.053,32.791,10.217
152,6,1,33.555,10.992,32.751,10.248
153,6,1,33.515,11.033,32.791,10.207
154,6,1,33.401,10.953,32.905,10.277
155,6,1,33.401,10.922,32.904,10.246
156,6,1,33.391,10.882,32.894,10.206
157,6,1,33.503,10.880,32.698,10.106
158,6,1,33.503,10.860,32.708,10.035
159,6,1,33.564,10.859,32.789,9.963
160,6,1,33.440,10.647,32.830,9.952
161,6,1,33.636,10.899,32.829,9.860
162,6,1,33.646,10.899,32.839,9.840
163,6,1,33.636,10.879,32.798,9.810
164,6,1,33.646,10.828,32.798,9.790
165,6,1,33.594,10.778,32.767,9.749
166,6,1,33.532,10.707,32.726,9.709
167,6,1,33.562,10.625,32.777,9.749
168,6,1,33.644,10.624,32.808,9.728
169,6,1,33.654,10.594,32.818,9.718
170,6,1,33.714,10.420,32.868,9.626
172,6,1,33.384,10.180,32.939,9.483
173,6,1,33.783,10.195,32.888,9.483
174,6,1,33.691,10.207,32.887,9.443
175,6,1,33.691,10.186,32.887,9.372
176,6,1,33.671,10.207,32.897,9.331
177,6,1,33.641,10.238,32.896,9.280
178,6,1,33.733,10.277,32.906,9.199
179,6,1,33.702,10.278,32.855,9.209
180,6,1,33.712,10.186,32.875,9.189
181,6,1,33.721,10.125,32.864,9.108
182,6,1,33.711,10.115,32.853,9.037
184,6,1,33.454,9.996,32.958,9.320
185,6,1,33.432,9.732,32.863,9.006
187,6,1,33.585,9.710,32.831,8.813
188,6,1,33.645,9.546,32.892,8.782
189,6,1,33.614,9.587,32.851,8.772
190,6,1,33.635,9.607,32.871,8.681
191,6,1,33.625,9.638,32.851,8.732
192,6,1,33.625,9.607,32.850,8.610
193,6,1,33.625,9.577,32.829,8.620
194,6,1,33.624,9.546,32.829,8.630
195,6,1,33.634,9.516,32.819,8.580
196,6,1,33.624,9.485,32.808,8.529
197,6,1,33.644,9.434,32.807,8.458
198,6,1,33.644,9.424,32.817,8.397
199,6,1,33.735,9.352,32.848,8.437
200,6,1,33.457,9.081,32.959,8.294
201,6,1,33.775,9.220,32.909,8.406
202,6,1,33.784,9.087,32.929,8.355
203,6,1,33.793,8.945,32.908,8.325
204,6,1,33.751,8.895,32.867,8.224
205,6,1,33.731,8.854,32.856,8.193
206,6,1,33.680,8.865,32.866,8.152
207,6,1,33.629,8.916,32.845,8.061
208,6,1,33.691,8.966,32.864,7.929
209,6,1,33.732,8.966,32.895,7.929
210,6,1,33.711,8.956,32.874,7.868
211,6,1,33.762,8.955,32.935,7.857
212,6,1,33.742,8.935,32.955,7.827
213,6,1,33.721,8.915,32.935,7.796
214,6,1,33.423,8.756,32.927,8.091
217,6,1,33.403,8.726,32.906,8.061
219,6,1,33.392,8.716,32.896,8.051
220,6,1,33.402,8.716,32.906,8.050
221,6,1,33.542,8.328,32.912,7.593
222,6,1,33.726,8.326,32.921,7.340
223,6,1,33.550,8.074,32.952,7.380
224,6,1,33.746,8.275,32.951,7.299
225,6,1,33.725,8.225,32.899,7.249
226,6,1,33.715,8.275,32.920,7.258
227,6,1,33.725,8.214,32.910,7.259
228,6,1,33.725,8.184,32.879,7.289
229,6,1,33.437,8.014,32.941,7.350
230,6,1,33.447,7.964,32.951,7.299
231,6,1,33.457,7.933,32.961,7.268
232,6,1,33.457,7.892,32.960,7.228
233,6,1,33.752,7.828,32.908,7.025
235,6,1,33.761,7.707,32.928,6.974
236,6,1,33.587,7.678,33.091,7.013
237,6,1,33.587,7.647,33.091,6.983
238,6,1,33.587,7.597,33.091,6.932
239,6,1,33.587,7.566,33.090,6.902
240,6,1,33.586,7.526,33.090,6.861
241,6,1,33.586,7.485,33.090,6.820
242,6,1,33.586,7.455,33.090,6.790
243,6,1,33.585,7.424,33.089,6.760
244,6,1,33.585,7.373,33.089,6.709
245,6,1,33.585,7.343,33.089,6.679
246,6,1,33.584,7.292,33.088,6.628
247,6,1,33.574,7.262,33.078,6.597
248,6,1,33.563,7.221,33.067,6.557
249,6,1,33.573,7.181,33.077,6.516
250,6,1,33.562,7.150,33.067,6.486
252,6,1,33.552,7.140,33.056,6.476
253,6,1,33.552,7.110,33.056,6.446
254,6,1,33.552,7.080,33.056,6.415
255,6,1,33.562,7.049,33.066,6.385
257,6,1,33.551,7.039,33.055,6.375
258,6,1,33.551,7.009,33.055,6.344
259,6,1,33.796,7.006,32.981,6.000
260,6,1,33.796,7.037,32.981,6.071
261,6,1,33.786,7.016,32.981,6.031
262,6,1,33.756,7.047,33.001,6.020
263,6,1,33.599,6.623,33.061,5.898
264,6,1,33.568,6.593,33.072,5.928
265,6,1,33.578,6.552,33.082,5.888
266,6,1,33.588,6.521,33.092,5.857
267,6,1,33.587,6.491,33.092,5.827
268,6,1,33.597,6.450,33.101,5.786
270,6,1,33.516,6.502,33.020,5.838
271,6,1,33.516,6.471,33.020,5.807
272,6,1,33.678,6.368,33.122,5.756
273,6,1,33.637,6.389,33.142,5.735
274,6,1,33.637,6.359,33.141,5.705
275,6,1,33.647,6.328,33.151,5.674
276,6,1,33.637,6.288,33.141,5.634
277,6,1,33.646,6.247,33.151,5.593
278,6,1,33.636,6.207,33.140,5.553
279,6,1,33.646,6.166,33.150,5.512
280,6,1,33.644,5.943,33.157,5.158
281,6,1,33.572,5.944,33.157,5.158
282,6,1,33.602,5.873,33.127,5.219
283,6,1,33.602,5.842,33.127,5.188
284,6,1,33.602,5.802,33.127,5.148
285,6,1,33.601,5.761,33.126,5.107
286,6,1,33.601,5.721,33.126,5.067
287,6,1,33.601,5.690,33.126,5.036
288,6,1,33.611,5.650,33.135,4.996
289,6,1,33.610,5.609,33.135,4.955
290,6,1,33.610,5.579,33.135,4.925
291,6,1,33.620,5.538,33.145,4.884
292,6,1,33.630,5.508,33.155,4.854
293,6,1,33.629,5.467,33.154,4.813
294,6,1,33.629,5.427,33.154,4.773
295,6,1,33.639,5.386,33.164,4.732
296,6,1,33.659,5.345,33.184,4.691
297,6,1,33.669,5.305,33.194,4.651
298,6,1,33.668,5.264,33.193,4.610
299,6,1,33.678,5.224,33.203,4.570
300,6,1,33.688,5.183,33.213,4.529
301,6,1,33.688,5.153,33.213,4.499
302,6,1,33.687,5.122,33.213,4.469
303,6,1,33.687,5.082,33.212,4.428
304,6,1,33.697,5.051,33.222,4.398
305,6,1,33.707,5.011,33.232,4.357
306,6,1,33.696,4.980,33.221,4.327
307,6,1,33.706,4.940,33.231,4.286
308,6,1,33.696,4.899,33.221,4.246
309,6,1,33.706,4.869,33.231,4.215
310,6,1,33.705,4.828,33.230,4.175
311,6,1,33.705,4.788,33.230,4.134
312,6,1,33.705,4.747,33.230,4.094
313,6,1,33.755,4.686,33.230,4.124
314,6,1,33.725,4.727,33.250,4.084
315,6,1,33.724,4.687,33.250,4.043
316,6,1,33.724,4.646,33.249,4.003
317,6,1,33.724,4.616,33.249,3.972
318,6,1,33.723,4.565,33.249,3.922
319,6,1,33.723,4.535,33.248,3.891
320,6,1,33.723,4.494,33.248,3.851
321,6,1,33.722,4.464,33.248,3.821
322,6,1,33.722,4.444,33.248,3.800
323,6,1,33.732,4.413,33.257,3.770
325,6,1,33.722,4.403,33.247,3.760
326,6,1,33.781,4.180,33.203,3.386
327,6,1,33.730,4.110,33.255,3.466
328,6,1,33.739,4.079,33.265,3.436
329,6,1,33.739,4.049,33.265,3.406
330,6,1,33.739,4.008,33.264,3.365
331,6,1,33.749,3.968,33.274,3.325
332,6,1,33.769,3.927,33.294,3.284
171,6,1,33.754,10.308,32.878,9.524
183,6,1,33.465,10.046,32.968,9.371
215,6,1,33.413,8.736,32.917,8.071
