frame,id,class,tl_x,tl_y,br_x,br_y
0,0,2,31.256,18.146,30.567,16.266
1,0,2,31.256,18.223,30.567,16.391
2,0,2,31.276,18.165,30.596,16.352
3,0,2,31.305,18.146,30.625,16.304
4,0,2,31.295,18.136,30.615,16.314
5,0,2,31.276,17.886,30.558,16.016
6,0,2,31.343,17.972,30.597,15.862
7,0,2,31.315,17.790,30.597,15.805
8,0,2,31.335,17.627,30.645,15.766
9,0,2,31.354,17.540,30.636,15.641
10,0,2,31.306,17.540,30.636,15.593
11,0,2,31.316,17.492,30.626,15.545
12,0,2,31.325,17.444,30.636,15.440
13,0,2,31.326,17.348,30.646,15.392
14,0,2,31.364,17.271,30.646,15.267
15,0,2,31.316,17.156,30.598,15.171
16,0,2,31.355,17.194,30.608,15.113
17,0,2,31.345,17.137,30.628,14.931
18,0,2,31.365,16.925,30.589,14.873
19,0,2,31.317,16.858,30.637,14.950
20,0,2,31.317,16.781,30.638,14.873
21,0,2,31.317,16.705,30.638,14.796
22,0,2,31.317,16.628,30.638,14.720
23,0,2,31.318,16.551,30.638,14.643
24,0,2,31.337,16.474,30.658,14.566
25,0,2,31.337,16.397,30.658,14.489
26,0,2,31.328,16.320,30.648,14.412
27,0,2,31.337,16.243,30.658,14.336
28,0,2,31.338,16.167,30.658,14.259
29,0,2,31.367,16.090,30.687,14.182
30,0,2,31.357,16.013,30.678,14.105
31,0,2,31.357,15.936,30.678,14.028
32,0,2,31.338,15.869,30.659,13.961
33,0,2,31.358,15.783,30.678,13.875
34,0,2,31.358,15.706,30.678,13.798
35,0,2,31.377,15.629,30.698,13.721
36,0,2,31.377,15.552,30.698,13.645
37,0,2,31.378,15.475,30.698,13.568
38,0,2,31.378,15.399,30.698,13.491
39,0,2,31.378,15.322,30.699,13.414
40,0,2,31.378,15.245,30.699,13.338
41,0,2,31.378,15.168,30.699,13.261
42,0,2,31.378,15.091,30.699,13.184
43,0,2,31.379,14.995,30.699,13.088
44,0,2,31.398,14.899,30.719,12.992
45,0,2,31.398,14.842,30.719,12.935
46,0,2,31.398,14.746,30.719,12.839
47,0,2,31.398,14.688,30.719,12.781
48,0,2,31.399,14.592,30.719,12.685
49,0,2,31.399,14.516,30.720,12.609
50,0,2,31.399,14.439,30.720,12.532
51,0,2,31.399,14.362,30.720,12.455
52,0,2,31.419,14.285,30.739,12.378
53,0,2,31.419,14.208,30.740,12.302
54,0,2,31.419,14.113,30.740,12.206
55,0,2,31.419,14.017,30.740,12.110
56,0,2,31.419,13.959,30.740,12.052
57,0,2,31.419,13.863,30.740,11.956
58,0,2,31.420,13.806,30.740,11.899
59,0,2,31.420,13.691,30.741,11.784
60,0,2,31.420,13.595,30.741,11.688
61,0,2,31.401,13.537,30.722,11.631
62,0,2,31.401,13.441,30.722,11.535
63,0,2,31.401,13.384,30.722,11.477
64,0,2,31.401,13.269,30.722,11.362
65,0,2,31.382,13.192,30.703,11.285
66,0,2,31.382,13.115,30.704,11.209
67,0,2,31.363,13.019,30.684,11.113
68,0,2,31.364,12.962,30.685,11.055
69,0,2,31.479,13.182,30.579,10.921
70,0,2,31.450,13.048,30.560,10.845
71,0,2,31.344,12.914,30.656,10.988
72,0,2,31.335,12.837,30.646,10.912
73,0,2,31.441,12.712,30.541,10.557
74,0,2,31.489,12.530,30.599,10.481
75,0,2,31.384,12.473,30.695,10.548
76,0,2,31.422,12.502,30.474,10.414
77,0,2,31.297,12.416,30.609,10.490
78,0,2,31.288,12.339,30.599,10.414
79,0,2,31.298,12.262,30.609,10.337
80,0,2,31.288,12.166,30.600,10.241
81,0,2,31.413,12.080,30.524,9.877
82,0,2,31.308,11.946,30.620,10.011
83,0,2,31.308,11.907,30.543,9.839
84,0,2,31.250,11.840,30.524,9.743
85,0,2,31.231,11.764,30.543,9.829
86,0,2,31.222,11.678,30.534,9.743
87,0,2,31.280,11.409,30.466,9.733
88,0,2,31.261,11.380,30.466,9.657
89,0,2,31.203,11.476,30.515,9.561
90,0,2,31.252,11.036,30.419,9.379
91,0,2,31.252,11.036,30.371,9.350
92,0,2,31.233,11.036,30.361,9.341
93,0,2,31.214,11.007,30.381,9.235
94,0,2,31.195,10.949,30.391,9.149
95,0,2,31.214,10.911,30.362,9.082
96,0,2,31.127,10.930,30.439,9.073
97,0,2,31.118,10.844,30.430,8.986
98,0,2,31.147,10.538,30.324,8.804
99,0,2,31.080,10.605,30.392,8.757
100,0,2,31.071,10.528,30.382,8.680
101,0,2,31.119,10.346,30.248,8.393
102,0,2,31.071,10.231,30.277,8.383
103,0,2,31.081,10.126,30.277,8.316
104,0,2,31.033,10.116,30.239,8.278
105,0,2,31.072,9.925,30.210,8.239
106,0,2,30.985,10.001,30.297,8.172
107,0,2,31.072,9.790,30.230,7.943
108,0,2,30.995,9.781,30.307,7.952
109,0,2,31.005,9.704,30.317,7.876
110,0,2,31.063,9.589,30.211,7.636
111,0,2,30.977,9.532,30.288,7.703
112,0,2,30.986,9.455,30.298,7.627
113,0,2,30.977,9.360,30.289,7.531
114,0,2,30.967,9.264,30.279,7.435
115,0,2,30.977,9.206,30.289,7.378
116,0,2,30.968,9.092,30.280,7.263
117,0,2,30.978,9.015,30.289,7.187
118,0,2,30.968,8.938,30.280,7.110
119,0,2,30.978,8.843,30.290,7.014
120,0,2,30.969,8.785,30.280,6.957
121,0,2,30.978,8.689,30.290,6.861
122,0,2,30.969,8.613,30.281,6.785
123,0,2,30.979,8.536,30.290,6.708
124,0,2,30.969,8.460,30.281,6.632
125,0,2,30.979,8.364,30.291,6.536
126,0,2,30.989,8.268,30.301,6.440
127,0,2,30.999,8.211,30.310,6.383
128,0,2,30.989,8.096,30.301,6.268
129,0,2,31.057,7.905,30.273,6.067
130,0,2,31.048,7.828,30.273,6.029
131,0,2,31.057,7.819,30.273,6.000
132,0,2,31.057,7.790,30.263,5.943
133,0,2,31.000,7.771,30.311,5.952
134,0,2,31.009,7.704,30.321,5.885
135,0,2,31.019,7.618,30.331,5.799
136,0,2,31.010,7.531,30.322,5.713
137,0,2,31.000,7.445,30.312,5.627
138,0,2,30.991,7.378,30.303,5.560
139,0,2,31.001,7.292,30.313,5.474
140,0,2,30.991,7.225,30.303,5.407
141,0,2,31.001,7.120,30.313,5.302
142,0,2,30.992,7.053,30.303,5.235
143,0,2,31.049,6.948,30.256,4.996
144,0,2,30.992,6.881,30.304,5.063
145,0,2,30.982,6.795,30.294,4.977
146,0,2,30.973,6.728,30.285,4.910
147,0,2,30.983,6.642,30.295,4.824
148,0,2,30.993,6.584,30.209,4.661
149,0,2,30.983,6.489,30.209,4.594
150,0,2,30.935,6.450,30.247,4.633
151,0,2,30.955,6.259,30.228,4.451
152,0,2,30.926,6.269,30.238,4.461
153,0,2,30.926,6.144,30.162,4.174
154,0,2,30.888,6.068,30.200,4.260
155,0,2,30.879,5.991,30.191,4.183
156,0,2,30.888,5.915,30.200,4.107
157,0,2,30.879,5.838,30.191,4.030
158,0,2,30.889,5.762,30.201,3.954
159,0,2,30.879,5.685,30.191,3.877
160,0,2,30.889,5.609,30.201,3.801
161,0,2,30.880,5.532,30.192,3.725
162,0,2,30.889,5.456,30.201,3.648
163,0,2,30.880,5.380,30.192,3.572
164,0,2,30.890,5.303,30.202,3.495
165,0,2,30.880,5.227,30.192,3.419
166,0,2,30.890,5.169,30.202,3.361
167,0,2,30.880,5.093,30.193,3.285
168,0,2,30.938,5.217,30.097,3.113
169,0,2,30.919,5.141,30.116,3.046
170,0,2,30.967,5.007,30.097,2.960
171,0,2,30.871,4.892,30.184,3.084
172,0,2,31.025,4.759,30.107,2.922
173,0,2,30.900,4.739,30.213,2.932
174,0,2,30.910,4.682,30.222,2.874
175,0,2,30.920,4.625,30.232,2.817
176,0,2,30.949,4.548,30.261,2.741
177,0,2,30.959,4.491,30.271,2.683
178,0,2,30.968,4.434,30.281,2.626
179,0,2,30.978,4.376,30.290,2.569
180,0,2,31.007,4.338,30.319,2.531
181,0,2,30.998,4.281,30.310,2.473
182,0,2,31.026,4.204,30.339,2.397
183,0,2,31.017,4.166,30.329,2.359
184,0,2,31.027,4.109,30.339,2.302
185,0,2,31.036,4.090,30.349,2.283
186,0,2,31.046,4.032,30.359,2.225
187,0,2,31.056,3.994,30.368,2.187
188,0,2,31.085,3.956,30.397,2.149
189,0,2,31.094,3.918,30.407,2.111
190,0,2,31.104,3.880,30.417,2.073
191,0,2,31.114,3.842,30.426,2.035
192,0,2,31.143,3.823,30.455,2.016
193,0,2,31.152,3.765,30.465,1.958
194,0,2,31.162,3.746,30.474,1.939
195,0,2,31.172,3.708,30.484,1.901
196,0,2,31.200,3.689,30.513,1.882
197,0,2,31.210,3.670,30.523,1.863
198,0,2,31.239,3.632,30.552,1.825
199,0,2,31.249,3.613,30.561,1.806
200,0,2,31.258,3.613,30.571,1.806
201,0,2,31.268,3.613,30.580,1.806
202,0,2,31.297,3.594,30.609,1.787
203,0,2,31.306,3.575,30.619,1.768
204,0,2,31.316,3.575,30.628,1.768
205,0,2,31.326,3.575,30.638,1.768
206,0,2,31.335,3.575,30.648,1.768
207,0,2,31.345,3.556,30.657,1.749
208,0,2,31.374,3.537,30.686,1.730
209,0,2,31.383,3.556,30.696,1.749
210,0,2,31.393,3.537,30.705,1.730
211,0,2,31.402,3.556,30.715,1.749
212,0,2,31.431,3.537,30.744,1.730
213,0,2,31.441,3.556,30.753,1.749
214,0,2,31.450,3.537,30.763,1.730
215,0,2,31.460,3.537,30.773,1.730
216,0,2,31.489,3.537,30.801,1.730
217,0,2,31.498,3.537,30.811,1.730
218,0,2,31.508,3.537,30.821,1.730
219,0,2,31.518,3.537,30.830,1.731
220,0,2,31.546,3.537,30.859,1.731
221,0,2,31.556,3.537,30.869,1.731
222,0,2,31.566,3.537,30.878,1.731
223,0,2,31.575,3.537,30.888,1.731
224,0,2,31.604,3.537,30.917,1.731
225,0,2,31.614,3.537,30.926,1.731
226,0,2,31.623,3.537,30.936,1.731
227,0,2,31.633,3.537,30.945,1.731
228,0,2,31.662,3.537,30.974,1.731
229,0,2,31.671,3.518,30.984,1.712
230,0,2,31.700,3.499,31.013,1.693
231,0,2,31.710,3.518,31.022,1.712
232,0,2,31.738,3.499,31.051,1.693
233,0,2,31.748,3.519,31.061,1.712
234,0,2,31.777,3.500,31.090,1.693
235,0,2,31.786,3.500,31.099,1.693
236,0,2,31.815,3.500,31.128,1.693
237,0,2,31.825,3.500,31.138,1.693
238,0,2,31.854,3.481,31.166,1.675
239,0,2,31.882,3.462,31.195,1.656
240,0,2,31.911,3.462,31.224,1.656
241,0,2,31.921,3.462,31.234,1.656
242,0,2,31.950,3.462,31.262,1.656
243,0,2,31.978,3.443,31.291,1.637
244,0,2,32.007,3.424,31.320,1.618
245,0,2,32.017,3.443,31.330,1.637
246,0,2,32.046,3.424,31.358,1.618
247,0,2,32.074,3.424,31.387,1.618
248,0,2,32.103,3.424,31.416,1.618
249,0,2,32.132,3.424,31.445,1.618
250,0,2,32.161,3.424,31.474,1.618
251,0,2,32.189,3.405,31.502,1.599
252,0,2,32.218,3.405,31.531,1.600
253,0,2,32.247,3.405,31.560,1.600
254,0,2,32.276,3.405,31.589,1.600
255,0,2,32.304,3.406,31.617,1.600
256,0,2,32.333,3.406,31.646,1.600
257,0,2,32.362,3.406,31.675,1.600
258,0,2,32.391,3.425,31.704,1.619
259,0,2,32.419,3.444,31.733,1.638
260,0,2,32.448,3.444,31.761,1.639
261,0,2,32.458,3.444,31.771,1.639
262,0,2,32.487,3.463,31.800,1.658
263,0,2,32.515,3.502,31.828,1.696
264,0,2,32.544,3.521,31.857,1.715
265,0,2,32.554,3.521,31.867,1.715
266,0,2,32.582,3.521,31.895,1.715
267,0,2,32.592,3.540,31.905,1.734
268,0,2,32.601,3.578,31.914,1.773
269,0,2,32.611,3.578,31.924,1.773
270,0,2,32.640,3.597,31.953,1.792
271,0,2,32.649,3.597,31.962,1.792
272,0,2,32.659,3.616,31.972,1.811
273,0,2,32.668,3.636,31.981,1.830
274,0,2,32.697,3.636,32.010,1.830
275,0,2,32.707,3.655,32.020,1.849
276,0,2,32.716,3.674,32.029,1.868
277,0,2,32.726,3.674,32.039,1.869
278,0,2,32.755,3.693,32.068,1.888
279,0,2,32.764,3.712,32.077,1.907
280,0,2,32.774,3.712,32.087,1.907
281,0,2,32.783,3.731,32.096,1.926
282,0,2,32.812,3.750,32.125,1.945
283,0,2,32.822,3.750,32.135,1.945
284,0,2,32.831,3.770,32.144,1.964
285,0,2,32.841,3.808,32.154,2.002
286,0,2,32.869,3.827,32.182,2.022
287,0,2,32.879,3.827,32.192,2.022
288,0,2,32.888,3.846,32.202,2.041
289,0,2,32.898,3.865,32.211,2.060
290,0,2,32.908,3.865,32.221,2.060
291,0,2,32.917,3.884,32.230,2.079
292,0,2,32.946,3.923,32.259,2.117
293,0,2,32.936,3.942,32.249,2.136
294,0,2,32.946,3.942,32.259,2.136
295,0,2,32.955,3.961,32.269,2.155
296,0,2,32.965,3.980,32.278,2.175
297,0,2,32.974,3.999,32.288,2.194
298,0,2,32.984,4.018,32.297,2.213
299,0,2,32.974,4.018,32.288,2.213
300,0,2,32.984,4.037,32.297,2.232
301,0,2,32.974,4.075,32.287,2.270
302,0,2,32.984,4.094,32.297,2.289
303,0,2,32.993,4.094,32.307,2.289
304,0,2,33.003,4.114,32.316,2.308
305,0,2,32.993,4.133,32.307,2.327
306,0,2,33.003,4.133,32.316,2.327
307,0,2,32.993,4.152,32.306,2.346
308,0,2,33.003,4.171,32.316,2.366
309,0,2,32.993,4.171,32.306,2.365
310,0,2,33.003,4.171,32.316,2.366
311,0,2,32.993,4.190,32.306,2.385
312,0,2,33.003,4.209,32.316,2.404
313,0,2,32.993,4.209,32.306,2.404
314,0,2,33.003,4.209,32.316,2.404
315,0,2,32.993,4.209,32.306,2.404
316,0,2,33.003,4.228,32.316,2.423
317,0,2,32.993,4.247,32.306,2.442
318,0,2,33.003,4.228,32.316,2.423
319,0,2,32.993,4.247,32.306,2.442
320,0,2,33.003,4.247,32.316,2.442
321,0,2,32.993,4.247,32.306,2.442
322,0,2,33.003,4.247,32.316,2.442
323,0,2,32.993,4.247,32.306,2.442
324,0,2,33.003,4.247,32.316,2.442
0,1,1,33.977,18.861,33.200,17.800
1,1,1,34.015,18.813,33.200,17.819
2,1,1,34.015,18.784,33.172,17.819
3,1,1,34.035,18.736,33.181,17.733
4,1,1,34.006,18.707,33.095,17.762
5,1,1,34.006,18.688,33.085,17.724
6,1,1,34.016,18.659,33.104,17.723
7,1,1,33.968,18.640,33.056,17.705
8,1,1,33.958,18.612,33.008,17.724
9,1,1,33.968,18.583,33.047,17.753
10,1,1,33.968,18.554,33.047,17.733
11,1,1,33.949,18.545,33.056,17.743
12,1,1,33.939,18.516,33.076,17.752
13,1,1,33.929,18.477,33.114,17.685
14,1,1,33.910,18.410,33.143,17.570
15,1,1,33.920,18.391,33.153,17.502
16,1,1,33.910,18.334,33.153,17.339
17,1,1,33.939,18.276,33.115,17.416
18,1,1,33.949,18.247,33.124,17.387
19,1,1,33.939,18.218,33.115,17.359
20,1,1,33.997,18.247,33.134,17.032
21,1,1,33.968,18.084,33.144,17.215
22,1,1,33.978,18.045,33.153,17.176
23,1,1,33.988,17.997,33.163,17.128
24,1,1,33.978,17.969,33.154,17.099
25,1,1,33.988,17.930,33.163,17.061
26,1,1,33.978,17.892,33.154,17.023
27,1,1,33.988,17.853,33.163,16.984
28,1,1,33.978,17.815,33.154,16.946
29,1,1,33.988,17.777,33.163,16.907
30,1,1,33.998,17.738,33.173,16.869
31,1,1,33.988,17.700,33.164,16.831
32,1,1,34.017,17.661,33.193,16.792
33,1,1,33.988,17.642,33.164,16.773
34,1,1,33.979,17.604,33.154,16.735
35,1,1,33.969,17.575,33.145,16.706
36,1,1,33.960,17.527,33.135,16.658
37,1,1,33.969,17.489,33.145,16.620
38,1,1,33.960,17.431,33.135,16.562
39,1,1,33.950,17.393,33.126,16.524
40,1,1,33.941,17.355,33.116,16.485
41,1,1,33.931,17.297,33.107,16.428
42,1,1,33.922,17.259,33.097,16.390
43,1,1,33.931,17.220,33.107,16.351
44,1,1,33.797,17.259,32.982,16.323
45,1,1,33.797,17.221,32.982,16.352
46,1,1,33.797,17.183,32.982,16.313
47,1,1,33.797,17.164,32.982,16.294
48,1,1,33.759,17.058,32.934,16.333
49,1,1,33.788,17.039,32.915,16.314
50,1,1,33.759,17.097,32.944,16.246
51,1,1,33.759,17.058,32.944,16.208
52,1,1,33.759,17.020,32.944,16.170
53,1,1,34.009,16.894,32.982,16.074
54,1,1,34.028,16.846,32.973,15.776
55,1,1,33.903,16.741,33.088,15.900
56,1,1,33.903,16.693,33.088,15.852
57,1,1,33.903,16.645,33.089,15.805
58,1,1,33.923,16.597,33.108,15.756
59,1,1,33.923,16.549,33.108,15.709
60,1,1,33.942,16.520,33.127,15.680
61,1,1,33.932,16.731,32.983,15.604
62,1,1,33.798,16.655,33.012,15.575
63,1,1,33.846,16.463,33.031,15.613
64,1,1,33.837,16.463,33.031,15.613
65,1,1,33.846,16.415,33.041,15.565
66,1,1,33.837,16.406,33.031,15.555
67,1,1,33.865,16.367,33.060,15.517
68,1,1,33.914,16.242,32.945,15.441
69,1,1,33.875,16.242,33.041,15.383
70,1,1,33.856,16.214,33.099,15.296
71,1,1,33.875,16.175,33.080,15.335
72,1,1,33.875,16.127,33.080,15.287
73,1,1,33.875,16.099,33.080,15.258
74,1,1,33.808,16.032,33.157,15.191
75,1,1,33.808,16.003,33.157,15.162
76,1,1,33.809,15.936,33.157,15.095
77,1,1,33.828,15.907,33.176,15.066
78,1,1,33.828,15.859,33.176,15.018
79,1,1,33.809,15.830,33.157,14.989
80,1,1,33.799,15.763,33.148,14.922
81,1,1,33.809,15.735,33.157,14.893
82,1,1,33.809,15.687,33.157,14.845
83,1,1,33.809,15.658,33.157,14.817
84,1,1,33.809,15.610,33.158,14.769
85,1,1,33.828,15.581,33.177,14.740
86,1,1,33.838,15.533,33.186,14.692
87,1,1,33.867,15.504,33.215,14.663
88,1,1,33.867,15.456,33.215,14.615
89,1,1,33.886,15.408,33.235,14.567
90,1,1,33.905,15.360,33.254,14.519
91,1,1,33.925,15.331,33.273,14.490
92,1,1,33.944,15.283,33.292,14.442
93,1,1,33.944,15.236,33.293,14.394
94,1,1,33.963,15.188,33.312,14.346
95,1,1,33.973,15.159,33.322,14.318
96,1,1,34.002,15.111,33.350,14.270
97,1,1,34.021,15.082,33.370,14.241
98,1,1,34.040,15.034,33.389,14.193
99,1,1,34.059,15.005,33.408,14.164
100,1,1,34.079,14.957,33.427,14.116
101,1,1,34.079,14.948,33.427,14.106
102,1,1,34.079,14.900,33.428,14.059
103,1,1,34.079,14.871,33.428,14.030
104,1,1,34.079,14.823,33.428,13.982
105,1,1,34.204,14.717,33.303,13.906
106,1,1,34.194,14.679,33.351,13.848
107,1,1,34.194,14.621,33.380,13.810
108,1,1,34.108,14.631,33.457,13.809
109,1,1,34.108,14.583,33.457,13.761
110,1,1,34.233,14.631,33.323,13.637
111,1,1,34.099,14.545,33.447,13.723
112,1,1,34.099,14.497,33.447,13.675
113,1,1,34.262,14.525,33.313,13.513
114,1,1,34.271,14.535,33.342,13.551
115,1,1,34.300,14.449,33.380,13.541
116,1,1,34.166,14.401,33.515,13.579
117,1,1,34.166,14.353,33.515,13.531
118,1,1,34.176,14.325,33.524,13.503
119,1,1,34.176,14.277,33.525,13.455
120,1,1,34.185,14.248,33.534,13.426
121,1,1,34.358,14.075,33.390,13.465
122,1,1,34.358,13.931,33.419,13.340
123,1,1,34.330,13.864,33.429,13.206
124,1,1,34.359,13.874,33.448,13.120
125,1,1,34.320,13.864,33.458,13.139
126,1,1,34.320,13.836,33.467,13.100
127,1,1,34.215,13.855,33.563,13.091
128,1,1,34.291,13.817,33.506,12.985
129,1,1,34.224,13.778,33.573,13.014
130,1,1,34.368,13.874,33.516,12.832
131,1,1,34.263,13.730,33.612,12.966
132,1,1,34.272,13.692,33.621,12.928
133,1,1,34.273,13.654,33.621,12.889
134,1,1,34.282,13.606,33.631,12.841
135,1,1,34.311,13.558,33.660,12.794
136,1,1,34.311,13.529,33.660,12.765
137,1,1,34.311,13.491,33.660,12.726
138,1,1,34.321,13.453,33.670,12.688
139,1,1,34.330,13.414,33.679,12.650
140,1,1,34.330,13.366,33.679,12.602
141,1,1,34.331,13.338,33.679,12.573
142,1,1,34.340,13.280,33.689,12.516
143,1,1,34.350,13.242,33.699,12.477
144,1,1,34.350,13.194,33.699,12.430
145,1,1,34.350,13.156,33.699,12.391
146,1,1,34.350,13.108,33.699,12.343
147,1,1,34.360,13.060,33.709,12.296
148,1,1,34.369,13.022,33.718,12.257
149,1,1,34.369,12.974,33.718,12.209
150,1,1,34.369,12.916,33.718,12.152
151,1,1,34.379,12.868,33.728,12.104
152,1,1,34.389,12.830,33.738,12.066
153,1,1,34.389,12.782,33.738,12.018
154,1,1,34.389,12.734,33.738,11.970
155,1,1,34.399,12.696,33.748,11.932
156,1,1,34.447,12.658,33.796,11.893
158,1,1,34.437,12.648,33.786,11.884
159,1,1,34.447,12.610,33.796,11.845
160,1,1,34.572,12.361,33.844,11.520
161,1,1,34.524,12.323,33.873,11.558
162,1,1,34.667,12.408,33.854,11.281
163,1,1,34.619,12.428,33.845,11.271
164,1,1,34.553,12.227,33.902,11.462
165,1,1,34.562,12.179,33.911,11.415
166,1,1,34.562,12.150,33.911,11.386
167,1,1,34.648,12.274,33.806,11.329
168,1,1,34.553,12.179,33.902,11.415
169,1,1,34.620,12.169,33.806,11.357
170,1,1,34.534,12.141,33.883,11.376
171,1,1,34.658,11.968,33.825,11.300
172,1,1,34.562,12.016,33.912,11.262
173,1,1,34.572,11.978,33.921,11.223
174,1,1,34.572,11.940,33.921,11.185
175,1,1,34.572,11.901,33.921,11.147
176,1,1,34.592,11.739,33.788,10.936
177,1,1,34.592,11.691,33.826,10.841
178,1,1,34.582,11.662,33.817,10.755
179,1,1,34.630,11.538,33.845,10.678
180,1,1,34.611,11.519,33.836,10.630
181,1,1,34.544,11.452,33.893,10.697
182,1,1,34.535,11.414,33.884,10.659
183,1,1,34.535,11.366,33.884,10.611
184,1,1,34.525,11.318,33.874,10.563
185,1,1,34.506,11.280,33.855,10.525
186,1,1,34.496,11.232,33.846,10.477
187,1,1,34.497,11.184,33.846,10.429
188,1,1,34.497,11.146,33.846,10.391
189,1,1,34.487,11.098,33.836,10.343
190,1,1,34.478,11.060,33.827,10.305
191,1,1,34.478,11.022,33.827,10.267
192,1,1,34.478,10.974,33.827,10.219
193,1,1,34.468,10.926,33.817,10.171
194,1,1,34.497,10.907,33.750,10.162
195,1,1,34.487,10.830,33.703,10.037
196,1,1,34.420,10.811,33.770,10.066
197,1,1,34.468,10.964,33.712,9.913
198,1,1,34.516,10.935,33.674,9.875
199,1,1,34.478,10.964,33.626,9.817
200,1,1,34.526,10.935,33.655,9.817
201,1,1,34.545,10.888,33.684,9.827
202,1,1,34.545,10.658,33.665,9.808
203,1,1,34.536,10.601,33.617,9.846
204,1,1,34.545,10.601,33.578,9.837
205,1,1,34.593,10.562,33.655,9.884
206,1,1,34.536,10.496,33.665,9.865
207,1,1,34.469,10.362,33.655,9.741
208,1,1,34.488,10.276,33.626,9.693
209,1,1,34.517,10.151,33.579,9.559
210,1,1,34.498,10.132,33.531,9.492
211,1,1,34.335,10.161,33.684,9.473
212,1,1,34.326,10.113,33.675,9.425
213,1,1,34.326,10.075,33.675,9.387
214,1,1,34.316,10.027,33.665,9.339
215,1,1,34.297,9.970,33.646,9.282
216,1,1,34.288,9.922,33.637,9.234
217,1,1,34.278,9.884,33.627,9.196
218,1,1,34.259,9.846,33.608,9.158
219,1,1,34.249,9.798,33.599,9.110
220,1,1,34.383,9.807,33.493,9.033
221,1,1,34.479,9.826,33.493,8.995
222,1,1,34.431,9.865,33.474,8.966
223,1,1,34.374,9.817,33.484,8.947
224,1,1,34.249,9.721,33.599,9.033
225,1,1,34.230,9.674,33.580,8.986
226,1,1,34.240,9.645,33.589,8.957
228,1,1,34.269,9.559,33.494,8.603
229,1,1,34.259,9.521,33.494,8.527
230,1,1,34.202,9.368,33.551,8.680
231,1,1,34.193,9.329,33.542,8.641
232,1,1,34.193,9.282,33.542,8.594
233,1,1,34.183,9.224,33.532,8.536
234,1,1,34.174,9.177,33.523,8.488
235,1,1,34.183,9.129,33.533,8.441
236,1,1,34.174,9.081,33.523,8.393
237,1,1,34.183,9.052,33.533,8.364
238,1,1,34.174,9.004,33.523,8.316
239,1,1,34.184,8.966,33.533,8.278
241,1,1,34.174,8.957,33.523,8.269
242,1,1,34.164,8.899,33.514,8.211
244,1,1,34.155,8.890,33.504,8.202
245,1,1,34.174,8.718,33.485,7.963
246,1,1,34.155,8.689,33.505,8.001
247,1,1,34.146,8.651,33.495,7.963
248,1,1,34.127,8.613,33.476,7.925
249,1,1,34.117,8.565,33.466,7.877
250,1,1,34.117,8.527,33.466,7.839
251,1,1,34.108,8.469,33.457,7.781
252,1,1,34.088,8.422,33.438,7.733
253,1,1,34.069,8.364,33.419,7.676
254,1,1,34.060,8.316,33.409,7.628
255,1,1,34.060,8.288,33.409,7.600
256,1,1,34.050,8.230,33.400,7.542
257,1,1,34.041,8.154,33.390,7.466
259,1,1,34.031,8.144,33.381,7.456
260,1,1,34.022,8.097,33.371,7.408
261,1,1,34.022,8.058,33.371,7.370
262,1,1,34.012,8.020,33.362,7.332
264,1,1,34.003,8.011,33.352,7.322
265,1,1,33.993,7.982,33.343,7.294
266,1,1,33.984,7.944,33.333,7.256
268,1,1,33.974,7.934,33.324,7.246
269,1,1,33.974,7.906,33.324,7.217
270,1,1,34.042,7.514,33.353,6.797
271,1,1,34.013,7.504,33.363,6.816
272,1,1,34.013,7.457,33.363,6.768
273,1,1,34.013,7.428,33.363,6.740
274,1,1,34.013,7.371,33.363,6.682
275,1,1,34.023,7.332,33.373,6.644
276,1,1,34.033,7.285,33.382,6.596
277,1,1,34.023,7.247,33.373,6.558
278,1,1,34.033,7.199,33.382,6.511
279,1,1,34.033,7.151,33.382,6.463
280,1,1,34.033,7.113,33.382,6.425
282,1,1,34.023,7.103,33.373,6.415
283,1,1,34.023,7.056,33.373,6.367
284,1,1,34.024,7.017,33.373,6.329
285,1,1,34.014,6.970,33.364,6.281
286,1,1,34.005,6.903,33.354,6.214
287,1,1,34.005,6.855,33.354,6.167
288,1,1,34.005,6.798,33.354,6.109
289,1,1,34.005,6.750,33.354,6.062
290,1,1,34.005,6.712,33.354,6.023
291,1,1,34.005,6.664,33.354,5.976
293,1,1,33.995,6.654,33.345,5.966
294,1,1,33.995,6.607,33.345,5.918
295,1,1,33.995,6.559,33.345,5.871
297,1,1,33.986,6.549,33.336,5.861
298,1,1,34.101,6.187,33.451,5.479
299,1,1,34.092,6.177,33.442,5.489
300,1,1,34.111,6.129,33.461,5.441
301,1,1,34.130,6.082,33.480,5.393
302,1,1,34.149,6.044,33.499,5.355
303,1,1,34.169,6.005,33.518,5.317
304,1,1,34.188,5.958,33.538,5.269
305,1,1,34.207,5.910,33.557,5.222
306,1,1,34.236,5.872,33.586,5.184
307,1,1,34.265,5.834,33.615,5.146
308,1,1,34.265,5.786,33.615,5.098
309,1,1,34.284,5.738,33.634,5.050
310,1,1,34.303,5.700,33.653,5.012
311,1,1,34.313,5.662,33.663,4.974
312,1,1,34.313,5.624,33.663,4.936
314,1,1,34.303,5.614,33.653,4.926
315,1,1,34.323,5.576,33.672,4.888
316,1,1,34.332,5.538,33.682,4.850
317,1,1,34.342,5.490,33.692,4.802
318,1,1,34.342,5.452,33.692,4.764
319,1,1,34.342,5.414,33.692,4.726
320,1,1,34.352,5.366,33.701,4.678
321,1,1,34.361,5.319,33.711,4.630
322,1,1,34.352,5.280,33.702,4.592
323,1,1,34.371,5.233,33.721,4.545
324,1,1,34.371,5.176,33.721,4.487
0,2,1,32.610,4.304,31.786,3.471
1,2,1,32.610,4.304,31.748,3.414
2,2,1,32.610,4.275,31.777,3.433
3,2,1,32.610,4.284,31.767,3.423
4,2,1,32.600,4.294,31.758,3.433
5,2,1,32.610,4.332,31.767,3.471
6,2,1,32.619,4.332,31.777,3.471
7,2,1,32.610,4.361,31.767,3.499
8,2,1,32.619,4.370,31.777,3.509
9,2,1,32.590,4.685,31.844,3.576
10,2,1,32.551,4.848,31.815,3.595
11,2,1,32.580,4.685,31.786,3.690
12,2,1,32.580,4.733,31.786,3.738
13,2,1,32.560,5.010,31.853,3.863
14,2,1,32.560,5.000,31.843,3.901
15,2,1,32.589,5.096,31.881,3.977
16,2,1,32.608,5.048,31.852,4.015
17,2,1,32.599,5.086,31.843,4.053
18,2,1,32.608,5.125,31.852,4.092
19,2,1,32.608,5.191,31.852,4.159
20,2,1,32.598,5.211,31.843,4.178
21,2,1,32.608,5.268,31.852,4.235
22,2,1,32.608,5.296,31.852,4.264
23,2,1,32.579,5.382,31.823,4.349
24,2,1,32.627,5.373,31.871,4.340
25,2,1,32.646,5.421,31.890,4.388
26,2,1,32.665,5.430,31.909,4.397
27,2,1,32.646,5.497,31.890,4.464
28,2,1,32.646,5.545,31.890,4.512
29,2,1,32.646,5.602,31.890,4.569
30,2,1,32.646,5.640,31.890,4.607
31,2,1,32.645,5.707,31.890,4.674
32,2,1,32.645,5.755,31.889,4.722
33,2,1,32.645,5.822,31.889,4.789
34,2,1,32.645,5.870,31.889,4.837
35,2,1,32.645,5.917,31.889,4.884
36,2,1,32.645,5.965,31.889,4.932
37,2,1,32.626,6.013,31.870,4.980
38,2,1,32.626,6.061,31.870,5.028
39,2,1,32.626,6.089,31.870,5.056
40,2,1,32.626,6.118,31.870,5.085
41,2,1,32.625,6.166,31.869,5.133
42,2,1,32.625,6.194,31.869,5.161
43,2,1,32.625,6.242,31.869,5.209
44,2,1,32.625,6.290,31.869,5.257
45,2,1,32.625,6.357,31.869,5.324
46,2,1,32.625,6.405,31.869,5.372
47,2,1,32.625,6.452,31.869,5.419
48,2,1,32.625,6.500,31.869,5.467
49,2,1,32.644,6.548,31.888,5.515
50,2,1,32.644,6.596,31.888,5.563
51,2,1,32.644,6.663,31.888,5.630
52,2,1,32.663,6.710,31.907,5.677
53,2,1,32.663,6.758,31.907,5.725
54,2,1,32.663,6.806,31.907,5.773
55,2,1,32.682,6.854,31.926,5.821
56,2,1,32.682,6.882,31.926,5.849
57,2,1,32.701,6.930,31.945,5.897
58,2,1,32.701,6.959,31.945,5.926
59,2,1,32.720,7.007,31.964,5.974
60,2,1,32.720,7.035,31.964,6.002
61,2,1,32.720,7.083,31.964,6.050
62,2,1,32.720,7.131,31.964,6.098
63,2,1,32.739,7.198,31.983,6.165
64,2,1,32.739,7.246,31.983,6.213
65,2,1,32.661,7.504,31.925,6.394
66,2,1,32.671,7.456,31.925,6.423
67,2,1,32.661,7.504,31.915,6.471
68,2,1,32.652,7.532,31.905,6.499
69,2,1,32.661,7.599,31.915,6.566
70,2,1,32.652,7.647,31.905,6.614
71,2,1,32.661,7.714,31.914,6.681
72,2,1,32.671,7.743,31.924,6.710
73,2,1,32.680,7.790,31.933,6.757
74,2,1,32.670,7.819,31.924,6.786
75,2,1,32.661,7.867,31.914,6.834
76,2,1,32.651,7.915,31.904,6.882
77,2,1,32.661,7.963,31.914,6.930
78,2,1,32.670,8.010,31.923,6.977
79,2,1,32.680,8.058,31.933,7.025
80,2,1,32.670,8.106,31.923,7.073
81,2,1,32.776,8.087,31.981,7.111
82,2,1,32.747,8.116,32.000,7.092
83,2,1,32.756,8.154,32.010,7.130
84,2,1,32.747,8.192,32.000,7.169
85,2,1,32.756,8.249,32.009,7.226
86,2,1,32.746,8.307,32.000,7.283
87,2,1,32.737,8.326,31.990,7.302
88,2,1,32.727,8.383,31.980,7.360
89,2,1,32.737,8.383,31.990,7.360
90,2,1,32.746,8.383,31.999,7.360
91,2,1,32.756,8.383,32.009,7.360
92,2,1,32.746,8.402,31.999,7.379
93,2,1,32.756,8.460,32.009,7.436
95,2,1,32.746,8.450,31.999,7.427
96,2,1,32.774,8.909,32.047,7.790
97,2,1,32.774,8.852,32.037,7.819
98,2,1,32.774,8.900,32.037,7.867
99,2,1,32.774,8.947,32.037,7.915
100,2,1,32.755,8.995,32.018,7.962
101,2,1,32.735,9.043,31.998,8.010
102,2,1,32.735,9.110,31.998,8.077
103,2,1,32.735,9.158,31.998,8.125
104,2,1,32.735,9.225,31.998,8.192
105,2,1,32.735,9.254,31.998,8.221
106,2,1,32.735,9.301,31.998,8.268
107,2,1,32.735,9.330,31.998,8.297
108,2,1,32.716,9.397,31.978,8.364
109,2,1,32.716,9.445,31.978,8.412
110,2,1,32.984,9.588,32.074,8.594
111,2,1,32.984,9.665,32.141,8.632
112,2,1,32.926,9.741,32.122,8.728
113,2,1,32.926,9.770,32.122,8.728
114,2,1,32.811,9.722,32.083,8.689
115,2,1,32.888,9.808,32.102,8.785
116,2,1,32.859,9.770,32.016,8.785
117,2,1,32.907,9.789,32.054,8.795
118,2,1,32.897,9.827,32.035,8.852
119,2,1,32.868,9.828,32.025,8.814
120,2,1,32.811,9.808,32.073,8.823
121,2,1,32.830,9.866,32.093,8.881
122,2,1,32.830,9.904,32.092,8.919
123,2,1,32.830,9.942,32.092,8.957
124,2,1,32.830,9.981,32.092,8.995
125,2,1,32.897,10.182,32.034,9.225
126,2,1,32.858,10.268,31.996,9.244
127,2,1,32.791,10.239,32.053,9.263
128,2,1,32.819,10.440,32.130,9.263
129,2,1,32.886,10.478,32.149,9.273
130,2,1,32.838,10.488,32.130,9.292
131,2,1,32.858,10.555,32.111,9.445
132,2,1,32.877,10.555,32.072,9.484
133,2,1,32.877,10.603,32.053,9.541
134,2,1,32.819,10.555,32.101,9.579
135,2,1,32.819,10.603,32.101,9.627
136,2,1,32.925,10.593,32.033,9.732
137,2,1,32.838,10.641,32.120,9.675
138,2,1,32.838,10.679,32.120,9.713
139,2,1,32.838,10.717,32.120,9.751
140,2,1,32.838,10.737,32.120,9.771
141,2,1,32.838,10.775,32.120,9.809
142,2,1,32.838,10.813,32.120,9.847
143,2,1,32.838,10.832,32.119,9.866
144,2,1,32.838,10.852,32.119,9.885
145,2,1,32.838,10.852,32.119,9.885
146,2,1,32.838,10.871,32.119,9.905
147,2,1,32.838,10.890,32.119,9.924
148,2,1,32.838,10.928,32.119,9.962
149,2,1,32.838,10.986,32.119,10.019
150,2,1,32.857,11.062,32.138,10.096
152,2,1,32.923,11.493,32.195,10.469
153,2,1,32.914,11.445,32.195,10.479
154,2,1,32.933,11.502,32.214,10.536
155,2,1,32.952,11.541,32.233,10.575
156,2,1,32.952,11.560,32.233,10.594
157,2,1,32.952,11.598,32.233,10.632
158,2,1,32.971,11.617,32.252,10.651
159,2,1,32.990,11.655,32.272,10.689
160,2,1,32.990,11.694,32.272,10.728
161,2,1,32.990,11.732,32.271,10.766
162,2,1,32.990,11.751,32.271,10.785
163,2,1,32.990,11.770,32.271,10.804
164,2,1,32.990,11.770,32.271,10.804
165,2,1,33.018,12.153,32.367,11.120
167,2,1,33.047,12.105,32.338,11.139
168,2,1,33.056,12.163,32.347,11.197
169,2,1,33.047,12.201,32.338,11.235
170,2,1,33.133,12.287,32.385,11.417
171,2,1,33.104,12.326,32.395,11.369
172,2,1,33.114,12.354,32.405,11.398
173,2,1,33.104,12.402,32.395,11.446
174,2,1,33.133,12.431,32.424,11.474
175,2,1,33.123,12.479,32.414,11.522
176,2,1,33.132,12.527,32.424,11.570
177,2,1,33.142,12.594,32.433,11.637
178,2,1,33.152,12.641,32.443,11.685
179,2,1,33.161,12.689,32.452,11.733
180,2,1,33.171,12.737,32.462,11.781
181,2,1,33.180,12.804,32.471,11.848
182,2,1,33.190,12.871,32.481,11.915
183,2,1,33.180,12.938,32.471,11.982
184,2,1,33.189,12.986,32.480,12.030
185,2,1,33.180,13.034,32.471,12.078
186,2,1,33.189,13.082,32.480,12.126
187,2,1,33.179,13.149,32.470,12.193
188,2,1,33.189,13.178,32.480,12.221
189,2,1,33.199,13.206,32.490,12.250
190,2,1,33.208,13.235,32.499,12.279
191,2,1,33.198,13.302,32.489,12.346
192,2,1,33.179,13.484,32.528,12.528
193,2,1,33.198,13.523,32.547,12.499
194,2,1,33.217,13.484,32.528,12.528
195,2,1,33.208,13.532,32.518,12.576
196,2,1,33.217,13.561,32.527,12.605
197,2,1,33.207,13.628,32.518,12.672
198,2,1,33.217,13.695,32.527,12.739
199,2,1,33.226,13.781,32.537,12.825
200,2,1,33.236,13.829,32.546,12.873
201,2,1,33.226,13.877,32.536,12.921
202,2,1,33.236,13.906,32.546,12.949
203,2,1,33.226,13.954,32.536,12.997
204,2,1,33.197,13.983,32.507,13.026
205,2,1,33.168,14.011,32.479,13.055
206,2,1,33.159,14.040,32.469,13.084
207,2,1,33.168,14.069,32.478,13.112
208,2,1,33.178,14.078,32.488,13.122
209,2,1,33.168,14.088,32.478,13.132
210,2,1,33.245,14.404,32.536,13.400
211,2,1,33.225,14.366,32.536,13.409
212,2,1,33.235,14.395,32.545,13.438
213,2,1,33.225,14.423,32.535,13.467
214,2,1,33.235,14.490,32.545,13.534
215,2,1,33.225,14.577,32.535,13.620
216,2,1,33.235,14.644,32.545,13.687
217,2,1,33.244,14.692,32.554,13.735
218,2,1,33.254,14.759,32.564,13.802
219,2,1,33.244,14.788,32.554,13.831
220,2,1,33.253,14.835,32.563,13.879
221,2,1,33.263,14.883,32.573,13.927
222,2,1,33.292,14.931,32.602,13.975
223,2,1,33.301,14.960,32.611,14.003
224,2,1,33.311,15.008,32.621,14.051
225,2,1,33.301,15.056,32.611,14.099
226,2,1,33.311,15.104,32.621,14.147
227,2,1,33.301,15.152,32.611,14.195
228,2,1,33.310,15.219,32.620,14.262
229,2,1,33.301,15.267,32.611,14.310
230,2,1,33.291,15.334,32.601,14.377
231,2,1,33.281,15.382,32.591,14.425
232,2,1,33.291,15.430,32.601,14.473
233,2,1,33.281,15.478,32.591,14.521
234,2,1,33.291,15.545,32.601,14.588
235,2,1,33.262,15.574,32.572,14.617
236,2,1,33.233,15.622,32.543,14.665
237,2,1,33.223,15.670,32.533,14.713
238,2,1,33.214,15.699,32.523,14.742
239,2,1,33.204,15.727,32.514,14.771
240,2,1,33.213,15.775,32.523,14.819
241,2,1,33.204,15.823,32.514,14.867
242,2,1,33.213,15.871,32.523,14.915
243,2,1,33.223,15.900,32.533,14.943
244,2,1,33.213,15.948,32.523,14.991
245,2,1,33.203,16.015,32.513,15.059
246,2,1,33.213,16.082,32.523,15.126
247,2,1,33.203,16.130,32.513,15.174
248,2,1,33.213,16.178,32.523,15.222
249,2,1,33.357,16.149,32.445,15.414
250,2,1,33.453,16.139,32.484,15.490
251,2,1,33.309,16.283,32.618,15.346
252,2,1,33.299,16.331,32.609,15.394
253,2,1,33.376,16.273,32.483,15.615
254,2,1,33.357,16.331,32.522,15.634
255,2,1,33.327,16.504,32.503,15.663
256,2,1,33.337,16.580,32.493,15.692
257,2,1,33.346,16.667,32.512,15.672
258,2,1,33.270,16.610,32.579,15.711
259,2,1,33.346,16.724,32.503,15.682
260,2,1,33.270,16.648,32.579,15.749
261,2,1,33.260,16.696,32.570,15.797
262,2,1,33.269,16.744,32.579,15.845
263,2,1,33.260,16.792,32.569,15.893
264,2,1,33.250,16.859,32.560,15.960
265,2,1,33.202,16.984,32.492,16.085
266,2,1,33.231,16.965,32.540,16.075
267,2,1,33.240,17.003,32.550,16.114
268,2,1,33.269,17.060,32.579,16.171
269,2,1,33.250,17.089,32.405,16.249
270,2,1,33.173,17.109,32.482,16.229
271,2,1,33.182,17.118,32.492,16.239
272,2,1,33.144,17.253,32.377,16.220
273,2,1,33.163,17.282,32.425,16.249
274,2,1,33.201,17.368,32.473,16.248
275,2,1,33.191,17.435,32.453,16.296
276,2,1,33.220,17.483,32.482,16.325
277,2,1,33.239,17.502,32.482,16.354
278,2,1,33.230,17.540,32.482,16.383
279,2,1,33.249,17.540,32.482,16.411
280,2,1,33.230,17.598,32.501,16.411
281,2,1,33.297,17.617,32.501,16.507
282,2,1,33.248,17.790,32.433,16.623
283,2,1,33.268,17.828,32.424,16.748
284,2,1,33.268,17.819,32.424,16.776
285,2,1,33.239,17.857,32.433,16.892
286,2,1,33.220,17.838,32.423,17.016
287,2,1,33.181,17.886,32.404,17.064
288,2,1,33.219,17.896,32.394,17.103
289,2,1,33.258,18.049,32.471,17.103
290,2,1,33.219,18.040,32.462,17.055
291,2,1,33.133,18.098,32.394,17.132
292,2,1,33.142,18.184,32.404,17.189
293,2,1,33.248,18.280,32.471,17.208
294,2,1,33.248,18.318,32.490,17.208
295,2,1,33.267,18.337,32.471,17.208
296,2,1,33.228,18.385,32.480,17.247
297,2,1,33.171,18.347,32.384,17.257
298,2,1,33.103,18.386,32.326,17.343
299,2,1,33.055,18.281,32.365,17.429
300,2,1,33.065,18.319,32.374,17.468
301,2,1,33.122,18.607,32.431,17.784
302,2,1,33.113,18.607,32.422,17.765
303,2,1,33.103,18.655,32.412,17.813
304,2,1,33.285,18.759,32.393,17.756
305,2,1,33.208,18.779,32.393,17.785
306,2,1,33.218,18.808,32.335,17.795
307,2,1,33.122,18.712,32.431,17.871
308,2,1,33.179,18.856,32.325,17.823
309,2,1,33.218,18.942,32.364,17.852
310,2,1,33.131,18.808,32.441,17.967
311,2,1,33.217,19.096,32.364,17.890
312,2,1,33.160,19.087,32.431,18.236
313,2,1,33.227,19.144,32.364,17.919
314,2,1,33.141,18.952,32.450,18.111
315,2,1,33.236,19.240,32.286,18.093
316,2,1,33.102,19.077,32.411,18.236
317,2,1,33.112,19.106,32.421,18.265
318,2,1,33.323,19.211,32.344,18.265
319,2,1,33.342,19.268,32.373,18.351
320,2,1,33.332,19.364,32.449,18.485
321,2,1,33.352,19.393,32.449,18.524
322,2,1,33.323,19.441,32.497,18.495
323,2,1,33.313,19.431,32.420,18.505
324,2,1,33.255,19.461,32.440,18.514
0,3,1,32.141,18.775,31.450,17.684
1,3,1,32.150,18.775,31.421,17.645
2,3,1,32.170,18.775,31.421,17.626
3,3,1,32.122,18.775,31.354,17.588
4,3,1,32.112,18.776,31.335,17.579
5,3,1,32.131,18.747,31.315,17.627
6,3,1,32.122,18.727,31.315,17.627
7,3,1,32.141,18.698,31.306,17.656
8,3,1,32.170,18.679,31.315,17.684
9,3,1,32.151,18.650,31.344,17.655
10,3,1,32.208,18.640,31.383,17.598
11,3,1,32.180,18.660,31.402,17.588
12,3,1,32.180,18.631,31.402,17.559
13,3,1,32.180,18.621,31.402,17.549
14,3,1,32.180,18.573,31.402,17.501
15,3,1,32.180,18.545,31.402,17.473
16,3,1,32.113,18.382,31.287,17.127
17,3,1,32.084,18.353,31.278,17.060
18,3,1,32.065,18.257,31.287,17.166
19,3,1,32.065,18.228,31.287,17.137
20,3,1,32.046,18.094,31.259,16.993
21,3,1,32.065,18.084,31.259,16.964
22,3,1,32.075,18.055,31.269,16.974
23,3,1,32.142,17.997,31.346,16.983
24,3,1,32.104,17.930,31.297,16.974
25,3,1,32.085,17.978,31.307,16.916
26,3,1,32.094,17.969,31.317,16.906
27,3,1,32.085,17.921,31.307,16.858
28,3,1,32.085,17.901,31.307,16.839
29,3,1,32.056,17.873,31.279,16.810
30,3,1,32.046,17.825,31.269,16.762
31,3,1,32.066,17.786,31.288,16.724
32,3,1,32.066,17.729,31.288,16.666
33,3,1,32.066,17.709,31.288,16.647
34,3,1,32.095,17.575,31.202,16.388
35,3,1,32.095,17.584,31.193,16.369
36,3,1,32.076,17.565,31.212,16.350
37,3,1,32.037,17.546,31.193,16.311
38,3,1,32.028,17.546,31.231,16.311
39,3,1,32.037,17.508,31.241,16.330
40,3,1,32.028,17.441,31.231,16.311
41,3,1,32.038,17.373,31.251,16.321
42,3,1,32.038,17.297,31.231,16.321
43,3,1,32.038,17.220,31.203,16.292
44,3,1,32.009,17.258,31.232,16.225
45,3,1,32.077,17.152,31.241,16.253
46,3,1,32.057,17.133,31.260,16.225
47,3,1,32.058,17.095,31.251,16.177
48,3,1,32.038,17.037,31.213,16.148
49,3,1,32.096,17.047,31.261,16.042
50,3,1,32.077,17.047,31.271,15.889
51,3,1,32.106,16.893,31.242,15.745
52,3,1,32.096,16.893,31.233,15.745
53,3,1,32.096,16.874,31.252,15.668
54,3,1,32.077,16.855,31.223,15.697
55,3,1,32.097,16.807,31.252,15.649
56,3,1,32.097,16.739,31.175,15.649
57,3,1,32.116,16.739,31.194,15.668
58,3,1,32.106,16.730,31.214,15.668
59,3,1,32.058,16.672,31.204,15.706
60,3,1,32.059,16.576,31.242,15.706
61,3,1,32.059,16.509,31.223,15.697
62,3,1,32.039,16.567,31.262,15.601
63,3,1,32.030,16.548,31.252,15.581
64,3,1,32.030,16.529,31.252,15.562
65,3,1,32.011,16.337,31.175,15.572
66,3,1,31.982,16.433,31.204,15.476
67,3,1,31.982,16.404,31.204,15.447
68,3,1,31.982,16.366,31.204,15.409
69,3,1,31.992,16.154,31.282,15.169
70,3,1,32.031,16.097,31.234,14.986
71,3,1,32.050,16.058,31.234,14.967
72,3,1,32.060,15.991,31.234,14.958
73,3,1,32.031,15.943,31.206,14.890
74,3,1,32.002,15.943,31.148,14.881
75,3,1,31.992,15.934,31.157,14.900
76,3,1,31.954,15.886,31.186,14.929
77,3,1,31.964,15.905,31.119,14.891
78,3,1,31.983,15.828,31.157,14.891
79,3,1,31.945,15.732,31.109,14.843
80,3,1,31.906,15.761,31.138,14.824
81,3,1,31.897,15.732,31.129,14.795
82,3,1,31.906,15.684,31.138,14.747
83,3,1,31.897,15.656,31.129,14.718
84,3,1,31.906,15.608,31.139,14.670
85,3,1,31.897,15.579,31.129,14.641
86,3,1,31.907,15.531,31.139,14.593
87,3,1,31.897,15.502,31.129,14.564
88,3,1,31.907,15.435,31.139,14.497
89,3,1,31.897,15.406,31.129,14.468
90,3,1,31.888,15.339,31.120,14.401
91,3,1,31.878,15.310,31.110,14.373
92,3,1,31.869,15.262,31.101,14.325
93,3,1,31.859,15.214,31.091,14.277
94,3,1,31.869,15.166,31.101,14.229
95,3,1,31.859,15.138,31.092,14.200
96,3,1,31.850,15.090,31.082,14.152
97,3,1,31.840,15.061,31.072,14.123
98,3,1,31.831,15.013,31.063,14.075
99,3,1,31.821,14.984,31.053,14.047
100,3,1,31.812,14.956,31.044,14.018
101,3,1,31.802,14.927,31.034,13.989
102,3,1,31.792,14.879,31.025,13.941
103,3,1,31.783,14.831,31.015,13.893
104,3,1,31.793,14.783,31.025,13.845
105,3,1,31.783,14.754,31.015,13.816
106,3,1,31.774,14.687,31.006,13.749
107,3,1,31.764,14.658,30.996,13.720
108,3,1,31.755,14.610,30.987,13.673
109,3,1,31.745,14.582,30.977,13.644
110,3,1,31.735,14.534,30.968,13.596
111,3,1,31.707,14.486,30.939,13.548
112,3,1,31.697,14.438,30.929,13.500
113,3,1,31.688,14.409,30.920,13.471
114,3,1,31.678,14.361,30.910,13.423
115,3,1,31.649,14.332,30.882,13.395
116,3,1,31.659,14.284,30.891,13.347
117,3,1,31.649,14.256,30.882,13.318
118,3,1,31.640,14.208,30.872,13.270
119,3,1,31.630,14.179,30.863,13.241
120,3,1,31.640,14.131,30.872,13.193
121,3,1,31.631,14.102,30.863,13.164
122,3,1,31.621,14.054,30.853,13.117
123,3,1,31.611,14.006,30.844,13.069
124,3,1,31.621,13.978,30.853,13.040
125,3,1,31.592,13.949,30.825,13.011
126,3,1,31.602,13.901,30.834,12.963
127,3,1,31.573,13.872,30.806,12.934
128,3,1,31.564,13.824,30.796,12.886
129,3,1,31.554,13.796,30.786,12.858
130,3,1,31.564,13.748,30.796,12.810
131,3,1,31.554,13.700,30.787,12.762
132,3,1,31.545,13.633,30.777,12.695
133,3,1,31.535,13.604,30.768,12.666
134,3,1,31.526,13.556,30.758,12.618
135,3,1,31.516,13.527,30.749,12.589
136,3,1,31.507,13.479,30.739,12.541
137,3,1,31.497,13.451,30.729,12.513
138,3,1,31.488,13.422,30.720,12.484
139,3,1,31.478,13.374,30.710,12.436
140,3,1,31.488,13.326,30.720,12.388
141,3,1,31.478,13.278,30.711,12.340
142,3,1,31.469,13.230,30.701,12.292
143,3,1,31.459,13.201,30.692,12.263
144,3,1,31.450,13.134,30.682,12.196
145,3,1,31.421,13.106,30.653,12.168
146,3,1,31.411,13.058,30.644,12.120
147,3,1,31.402,13.029,30.634,12.091
148,3,1,31.392,12.981,30.625,12.043
149,3,1,31.383,12.952,30.615,12.014
150,3,1,31.373,12.885,30.606,11.947
151,3,1,31.364,12.856,30.596,11.918
152,3,1,31.374,12.789,30.606,11.851
153,3,1,31.364,12.760,30.596,11.822
154,3,1,31.374,12.713,30.606,11.775
155,3,1,31.364,12.684,30.596,11.746
156,3,1,31.355,12.636,30.587,11.698
157,3,1,31.345,12.588,30.577,11.650
158,3,1,31.336,12.559,30.568,11.621
159,3,1,31.326,12.511,30.558,11.573
160,3,1,31.336,12.463,30.568,11.525
161,3,1,31.326,12.415,30.559,11.477
162,3,1,31.336,12.348,30.568,11.410
163,3,1,31.326,12.320,30.559,11.382
164,3,1,31.336,12.272,30.569,11.334
165,3,1,31.327,12.224,30.559,11.286
166,3,1,31.317,12.176,30.549,11.238
167,3,1,31.327,12.147,30.559,11.209
168,3,1,31.317,12.118,30.550,11.180
169,3,1,31.327,12.090,30.559,11.152
170,3,1,31.404,12.051,30.598,11.075
171,3,1,31.375,12.032,30.608,11.094
172,3,1,31.366,12.003,30.598,11.065
173,3,1,31.375,11.974,30.608,11.036
174,3,1,31.385,11.926,30.617,10.988
175,3,1,31.385,11.754,30.618,10.682
176,3,1,31.385,11.687,30.618,10.749
177,3,1,31.395,11.658,30.628,10.720
178,3,1,31.386,11.629,30.618,10.691
179,3,1,31.395,11.601,30.628,10.663
180,3,1,31.386,11.572,30.618,10.634
181,3,1,31.376,11.543,30.609,10.605
182,3,1,31.367,11.534,30.599,10.596
183,3,1,31.357,11.486,30.590,10.548
184,3,1,31.347,11.476,30.580,10.538
185,3,1,31.357,11.447,30.590,10.509
186,3,1,31.367,11.399,30.599,10.461
187,3,1,31.377,11.332,30.609,10.394
188,3,1,31.386,11.284,30.619,10.346
189,3,1,31.396,11.237,30.629,10.299
190,3,1,31.406,11.208,30.638,10.270
191,3,1,31.415,11.141,30.648,10.203
192,3,1,31.425,11.093,30.658,10.155
193,3,1,31.368,10.940,30.572,9.992
194,3,1,31.435,11.074,30.668,9.858
195,3,1,31.464,11.064,30.678,9.887
196,3,1,31.406,10.978,30.678,9.867
197,3,1,31.416,10.978,30.687,9.887
198,3,1,31.425,10.930,30.697,9.858
199,3,1,31.435,10.920,30.707,9.848
200,3,1,31.426,10.901,30.678,9.848
201,3,1,31.416,10.901,30.659,9.820
202,3,1,31.397,10.872,30.697,9.839
203,3,1,31.358,10.853,30.697,9.781
204,3,1,31.387,10.786,30.678,9.848
205,3,1,31.397,10.738,30.687,9.800
206,3,1,31.331,10.336,30.678,9.513
207,3,1,31.359,10.394,30.659,9.465
208,3,1,31.379,10.365,30.640,9.456
209,3,1,31.407,10.394,30.631,9.321
210,3,1,31.388,10.374,30.592,9.235
211,3,1,31.398,10.403,30.622,9.149
212,3,1,31.388,10.365,30.651,9.063
213,3,1,31.408,10.298,30.660,9.111
214,3,1,31.417,10.259,30.670,9.140
215,3,1,31.417,10.212,30.670,9.140
216,3,1,31.417,10.202,30.660,9.159
217,3,1,31.437,10.125,30.660,9.092
218,3,1,31.437,10.058,30.631,9.111
219,3,1,31.447,10.001,30.612,9.101
220,3,1,31.495,9.915,30.612,9.082
221,3,1,31.399,9.953,30.699,9.053
222,3,1,31.399,9.905,30.699,9.005
223,3,1,31.399,9.857,30.699,8.958
224,3,1,31.380,9.829,30.680,8.929
225,3,1,31.438,9.675,30.564,8.881
226,3,1,31.428,9.647,30.603,8.718
227,3,1,31.399,9.618,30.584,8.632
228,3,1,31.399,9.599,30.613,8.517
229,3,1,31.409,9.580,30.575,8.555
230,3,1,31.371,9.608,30.565,8.488
231,3,1,31.351,9.608,30.527,8.479
232,3,1,31.361,9.580,30.527,8.488
233,3,1,31.284,9.474,30.584,8.584
234,3,1,31.284,9.436,30.584,8.546
235,3,1,31.284,9.398,30.584,8.508
236,3,1,31.285,9.340,30.585,8.450
237,3,1,31.285,9.302,30.585,8.412
238,3,1,31.285,9.264,30.585,8.374
239,3,1,31.304,9.225,30.604,8.335
240,3,1,31.304,9.187,30.604,8.297
241,3,1,31.323,9.149,30.624,8.259
242,3,1,31.343,9.111,30.643,8.220
243,3,1,31.343,9.072,30.643,8.182
244,3,1,31.362,9.034,30.662,8.144
245,3,1,31.362,8.996,30.662,8.106
246,3,1,31.362,8.957,30.662,8.067
247,3,1,31.382,8.919,30.682,8.029
248,3,1,31.382,8.881,30.682,7.991
249,3,1,31.382,8.843,30.682,7.952
250,3,1,31.382,8.804,30.682,7.914
251,3,1,31.382,8.785,30.682,7.895
252,3,1,31.382,8.766,30.682,7.876
253,3,1,31.382,8.728,30.682,7.838
254,3,1,31.382,8.689,30.682,7.799
255,3,1,31.363,8.651,30.663,7.761
257,3,1,31.353,8.642,30.654,7.751
258,3,1,31.353,8.622,30.654,7.732
259,3,1,31.325,8.220,30.606,7.340
260,3,1,31.316,8.230,30.616,7.349
261,3,1,31.316,8.201,30.616,7.321
262,3,1,31.316,8.173,30.616,7.292
263,3,1,31.316,8.125,30.616,7.244
264,3,1,31.316,8.096,30.616,7.215
265,3,1,31.441,7.962,30.597,7.034
266,3,1,31.364,7.943,30.665,7.062
267,3,1,31.364,7.914,30.665,7.034
268,3,1,31.365,7.886,30.665,7.005
269,3,1,31.384,7.819,30.684,6.938
270,3,1,31.384,7.790,30.684,6.909
271,3,1,31.384,7.742,30.684,6.862
272,3,1,31.384,7.694,30.684,6.814
273,3,1,31.384,7.646,30.685,6.766
274,3,1,31.404,7.618,30.704,6.737
275,3,1,31.404,7.570,30.704,6.689
276,3,1,31.423,7.541,30.723,6.661
277,3,1,31.442,7.493,30.743,6.613
278,3,1,31.461,7.465,30.762,6.584
279,3,1,31.462,7.417,30.762,6.536
280,3,1,31.413,7.513,30.647,6.441
281,3,1,31.404,7.532,30.676,6.297
282,3,1,31.385,7.350,30.685,6.469
283,3,1,31.385,7.321,30.685,6.441
284,3,1,31.385,7.293,30.685,6.412
285,3,1,31.385,7.226,30.686,6.345
286,3,1,31.404,7.197,30.705,6.316
287,3,1,31.405,7.130,30.705,6.249
288,3,1,31.405,7.101,30.705,6.221
289,3,1,31.405,7.034,30.705,6.154
290,3,1,31.405,7.006,30.705,6.125
291,3,1,31.405,6.958,30.705,6.077
292,3,1,31.405,6.929,30.705,6.049
293,3,1,31.405,6.881,30.705,6.001
294,3,1,31.386,6.853,30.686,5.972
295,3,1,31.367,6.805,30.667,5.924
296,3,1,31.367,6.776,30.667,5.895
297,3,1,31.367,6.728,30.667,5.848
298,3,1,31.348,6.700,30.648,5.819
299,3,1,31.348,6.652,30.648,5.771
300,3,1,31.348,6.623,30.648,5.742
301,3,1,31.454,6.499,30.697,5.685
302,3,1,31.416,6.346,30.745,5.523
303,3,1,31.425,6.365,30.735,5.504
304,3,1,31.435,6.317,30.745,5.456
305,3,1,31.445,6.289,30.755,5.427
306,3,1,31.435,6.241,30.745,5.379
307,3,1,31.464,6.193,30.774,5.332
308,3,1,31.455,6.145,30.765,5.284
309,3,1,31.464,6.116,30.774,5.255
310,3,1,31.474,6.088,30.784,5.226
311,3,1,31.503,6.059,30.813,5.198
312,3,1,31.512,6.011,30.823,5.150
313,3,1,31.541,5.983,30.852,5.121
314,3,1,31.551,5.935,30.861,5.074
315,3,1,31.561,5.906,30.871,5.045
316,3,1,31.570,5.859,30.881,4.997
317,3,1,31.580,5.830,30.890,4.969
318,3,1,31.571,5.782,30.881,4.921
319,3,1,31.580,5.753,30.891,4.892
320,3,1,31.590,5.706,30.900,4.844
321,3,1,31.600,5.658,30.910,4.797
322,3,1,31.590,5.610,30.900,4.749
323,3,1,31.600,5.581,30.910,4.720
324,3,1,31.609,5.534,30.920,4.672
0,4,1,33.522,3.142,32.671,2.414
1,4,1,33.551,3.161,32.661,2.405
2,4,1,33.560,3.180,32.671,2.424
3,4,1,33.570,3.199,32.680,2.443
4,4,1,33.560,3.237,32.670,2.481
5,4,1,33.570,3.256,32.680,2.500
6,4,1,33.560,3.275,32.670,2.519
7,4,1,33.570,3.314,32.680,2.557
8,4,1,33.560,3.361,32.670,2.605
9,4,1,33.569,3.390,32.680,2.634
10,4,1,33.560,3.428,32.670,2.672
11,4,1,33.569,3.600,32.679,2.844
12,4,1,33.560,3.523,32.670,2.767
13,4,1,33.550,3.562,32.660,2.805
14,4,1,33.541,3.533,32.651,2.777
15,4,1,33.550,3.638,32.660,2.882
16,4,1,33.521,3.676,32.631,2.920
17,4,1,33.531,3.724,32.641,2.968
18,4,1,33.502,3.752,32.612,2.996
19,4,1,33.492,3.771,32.602,3.015
20,4,1,33.473,3.809,32.583,3.053
22,4,1,33.463,3.800,32.574,3.044
23,4,1,33.463,3.819,32.574,3.063
24,4,1,33.463,3.838,32.574,3.082
25,4,1,33.463,3.876,32.573,3.120
26,4,1,33.463,3.914,32.573,3.158
27,4,1,33.463,3.972,32.573,3.215
28,4,1,33.463,4.010,32.573,3.254
29,4,1,33.463,4.048,32.573,3.292
30,4,1,33.463,4.086,32.573,3.330
31,4,1,33.482,4.124,32.592,3.368
32,4,1,33.482,4.143,32.592,3.387
34,4,1,33.472,4.134,32.583,3.378
35,4,1,33.548,4.640,32.659,3.798
36,4,1,33.539,4.601,32.649,3.807
37,4,1,33.539,4.621,32.649,3.826
38,4,1,33.539,4.668,32.649,3.874
39,4,1,33.558,4.697,32.668,3.903
40,4,1,33.558,4.754,32.668,3.960
41,4,1,33.558,4.792,32.668,3.998
42,4,1,33.558,4.850,32.668,4.055
43,4,1,33.557,4.907,32.668,4.113
44,4,1,33.577,4.964,32.687,4.170
45,4,1,33.576,5.021,32.687,4.227
46,4,1,33.576,5.079,32.686,4.285
47,4,1,33.576,5.136,32.686,4.342
48,4,1,33.576,5.174,32.686,4.380
49,4,1,33.576,5.212,32.686,4.418
50,4,1,33.557,5.212,32.667,4.418
52,4,1,33.547,5.203,32.657,4.409
53,4,1,33.547,5.231,32.657,4.437
54,4,1,33.566,5.279,32.676,4.485
55,4,1,33.547,5.317,32.657,4.523
56,4,1,33.585,5.355,32.696,4.561
57,4,1,33.585,5.413,32.695,4.619
58,4,1,33.585,5.470,32.695,4.676
59,4,1,33.585,5.508,32.695,4.714
60,4,1,33.604,5.546,32.714,4.752
61,4,1,33.604,5.604,32.714,4.810
62,4,1,33.604,5.661,32.714,4.867
63,4,1,33.623,5.718,32.733,4.924
64,4,1,33.661,5.757,32.771,4.963
65,4,1,33.661,5.814,32.771,5.020
66,4,1,33.661,5.852,32.771,5.058
67,4,1,33.680,5.909,32.790,5.115
68,4,1,33.661,5.947,32.771,5.154
69,4,1,33.661,6.243,32.799,5.421
70,4,1,33.670,6.224,32.790,5.431
71,4,1,33.680,6.263,32.799,5.469
72,4,1,33.689,6.320,32.809,5.526
73,4,1,33.680,6.358,32.799,5.564
74,4,1,33.689,6.415,32.809,5.622
75,4,1,33.679,6.473,32.799,5.679
76,4,1,33.689,6.511,32.809,5.717
77,4,1,33.679,6.549,32.799,5.755
78,4,1,33.689,6.606,32.808,5.813
79,4,1,33.679,6.664,32.799,5.870
80,4,1,33.670,6.683,32.789,5.889
81,4,1,33.641,6.740,32.760,5.946
82,4,1,33.612,6.759,32.731,5.965
83,4,1,33.583,6.797,32.703,6.003
84,4,1,33.574,6.835,32.693,6.042
85,4,1,33.564,6.893,32.683,6.099
86,4,1,33.573,6.950,32.693,6.156
87,4,1,33.564,7.007,32.683,6.214
88,4,1,33.573,7.046,32.692,6.252
89,4,1,33.564,7.084,32.683,6.290
90,4,1,33.573,7.141,32.692,6.347
91,4,1,33.582,7.218,32.702,6.424
92,4,1,33.592,7.256,32.711,6.462
93,4,1,33.582,7.313,32.702,6.519
94,4,1,33.611,7.332,32.730,6.538
95,4,1,33.601,7.390,32.721,6.596
96,4,1,33.611,7.428,32.730,6.634
97,4,1,33.601,7.485,32.720,6.691
98,4,1,33.611,7.542,32.730,6.749
99,4,1,33.601,7.581,32.720,6.787
100,4,1,33.611,7.619,32.730,6.825
101,4,1,33.601,7.676,32.720,6.882
102,4,1,33.610,7.733,32.730,6.940
103,4,1,33.582,7.772,32.701,6.978
104,4,1,33.591,7.829,32.710,7.035
105,4,1,33.562,7.886,32.681,7.093
106,4,1,33.553,7.925,32.672,7.131
107,4,1,33.543,7.982,32.662,7.188
108,4,1,33.533,8.039,32.652,7.246
109,4,1,33.504,8.058,32.623,7.265
110,4,1,33.514,8.116,32.633,7.322
111,4,1,33.485,8.135,32.604,7.341
112,4,1,33.475,8.192,32.594,7.398
113,4,1,33.485,8.249,32.604,7.456
114,4,1,33.638,8.316,32.767,7.609
115,4,1,33.629,8.345,32.757,7.571
116,4,1,33.629,8.383,32.757,7.609
117,4,1,33.628,8.422,32.757,7.647
118,4,1,33.628,8.460,32.757,7.685
119,4,1,33.648,8.517,32.776,7.743
120,4,1,33.628,8.574,32.757,7.800
121,4,1,33.647,8.632,32.776,7.857
122,4,1,33.647,8.670,32.776,7.896
123,4,1,33.647,8.727,32.776,7.953
124,4,1,33.666,8.785,32.795,8.010
125,4,1,33.685,8.823,32.814,8.049
126,4,1,33.685,8.880,32.814,8.106
127,4,1,33.685,8.938,32.814,8.163
128,4,1,33.685,8.995,32.814,8.221
129,4,1,33.685,9.033,32.814,8.259
130,4,1,33.685,9.072,32.814,8.297
131,4,1,33.685,9.110,32.813,8.335
132,4,1,33.685,9.148,32.813,8.374
133,4,1,33.685,9.186,32.813,8.412
134,4,1,33.666,9.225,32.794,8.450
135,4,1,33.685,9.282,32.813,8.508
136,4,1,33.665,9.339,32.794,8.565
137,4,1,33.684,9.397,32.813,8.622
138,4,1,33.665,9.454,32.794,8.680
139,4,1,33.684,9.511,32.813,8.737
140,4,1,33.665,9.569,32.793,8.794
141,4,1,33.684,9.626,32.813,8.852
142,4,1,33.684,9.683,32.812,8.909
143,4,1,33.684,9.741,32.812,8.967
144,4,1,33.703,9.798,32.831,9.024
145,4,1,33.722,9.836,32.851,9.062
146,4,1,33.722,9.894,32.850,9.120
147,4,1,33.722,9.951,32.850,9.177
148,4,1,33.722,9.989,32.850,9.215
149,4,1,33.722,10.047,32.850,9.273
150,4,1,33.722,10.104,32.850,9.330
151,4,1,33.722,10.162,32.850,9.387
152,4,1,33.722,10.219,32.850,9.445
153,4,1,33.721,10.257,32.850,9.483
154,4,1,33.721,10.315,32.850,9.541
155,4,1,33.740,10.372,32.869,9.598
156,4,1,33.760,10.410,32.888,9.636
157,4,1,33.759,10.468,32.888,9.694
158,4,1,33.759,10.525,32.888,9.751
159,4,1,33.759,10.563,32.888,9.789
160,4,1,33.759,10.602,32.888,9.827
161,4,1,33.759,10.640,32.888,9.866
162,4,1,33.759,10.697,32.887,9.923
163,4,1,33.759,10.736,32.887,9.961
164,4,1,33.759,10.793,32.887,10.019
165,4,1,33.759,10.850,32.887,10.076
166,4,1,33.759,10.908,32.887,10.134
167,4,1,33.759,10.965,32.887,10.191
168,4,1,33.759,11.003,32.887,10.229
169,4,1,33.739,11.061,32.868,10.287
170,4,1,33.758,11.118,32.887,10.344
171,4,1,33.758,11.157,32.887,10.382
172,4,1,33.758,11.214,32.887,10.440
173,4,1,33.758,11.271,32.886,10.497
174,4,1,33.758,11.310,32.886,10.536
175,4,1,33.758,11.348,32.886,10.574
176,4,1,33.777,11.405,32.905,10.631
177,4,1,33.796,11.463,32.924,10.689
178,4,1,33.709,11.769,32.829,10.526
179,4,1,33.690,11.769,32.810,10.536
180,4,1,33.738,11.798,32.809,10.612
181,4,1,33.700,11.616,32.828,10.794
182,4,1,33.700,11.664,32.828,10.842
183,4,1,33.719,11.712,32.847,10.890
184,4,1,33.719,11.759,32.847,10.938
185,4,1,33.719,11.807,32.847,10.986
186,4,1,33.738,11.855,32.866,11.033
187,4,1,33.776,11.884,32.905,11.062
188,4,1,33.796,11.932,32.924,11.110
189,4,1,33.796,11.960,32.924,11.139
190,4,1,33.815,12.008,32.943,11.186
191,4,1,33.853,12.056,32.981,11.234
192,4,1,33.872,12.104,33.000,11.282
193,4,1,33.948,12.352,32.943,11.330
194,4,1,33.967,12.410,33.000,11.359
195,4,1,33.910,12.295,33.038,11.464
196,4,1,33.929,12.333,33.057,11.502
197,4,1,33.948,12.391,33.077,11.560
198,4,1,33.948,12.448,33.076,11.617
199,4,1,33.967,12.486,33.096,11.655
200,4,1,33.986,12.544,33.115,11.713
201,4,1,33.986,12.601,33.115,11.770
202,4,1,33.986,12.640,33.115,11.808
203,4,1,33.986,12.678,33.114,11.847
204,4,1,33.986,12.735,33.114,11.904
205,4,1,33.967,12.774,33.095,11.942
206,4,1,33.986,12.831,33.114,12.000
207,4,1,33.967,12.869,33.095,12.038
208,4,1,33.986,12.908,33.114,12.077
209,4,1,33.967,12.965,33.095,12.134
210,4,1,33.986,13.003,33.114,12.172
211,4,1,33.986,13.061,33.114,12.230
212,4,1,33.986,13.118,33.114,12.287
213,4,1,34.005,13.157,33.133,12.325
214,4,1,34.043,13.214,33.171,12.383
215,4,1,34.062,13.252,33.190,12.421
216,4,1,34.081,13.310,33.209,12.479
217,4,1,34.139,13.348,33.267,12.517
218,4,1,34.158,13.405,33.286,12.574
219,4,1,34.196,13.443,33.324,12.612
220,4,1,34.215,13.482,33.343,12.651
221,4,1,34.196,13.520,33.324,12.689
222,4,1,34.234,13.558,33.363,12.727
223,4,1,34.234,13.596,33.362,12.765
224,4,1,34.253,13.654,33.382,12.823
225,4,1,34.234,13.711,33.362,12.880
226,4,1,34.272,13.769,33.401,12.938
227,4,1,34.272,13.807,33.401,12.976
228,4,1,34.320,14.027,33.419,13.235
229,4,1,34.301,14.037,33.429,13.215
230,4,1,34.301,14.085,33.429,13.263
231,4,1,34.320,14.132,33.448,13.311
232,4,1,34.320,14.180,33.448,13.359
233,4,1,34.320,14.247,33.448,13.426
234,4,1,34.320,14.295,33.448,13.474
235,4,1,34.339,14.362,33.467,13.541
236,4,1,34.377,14.410,33.505,13.589
237,4,1,34.396,14.458,33.524,13.637
238,4,1,34.415,14.506,33.543,13.685
239,4,1,34.415,14.573,33.543,13.752
240,4,1,34.415,14.621,33.543,13.800
241,4,1,34.434,14.669,33.562,13.847
242,4,1,34.434,14.716,33.562,13.895
243,4,1,34.434,14.783,33.562,13.962
244,4,1,34.434,14.812,33.562,13.991
245,4,1,34.434,14.879,33.562,14.058
246,4,1,34.434,14.908,33.562,14.087
247,4,1,34.434,14.956,33.562,14.135
248,4,1,34.453,15.004,33.581,14.183
249,4,1,34.453,15.052,33.581,14.231
250,4,1,34.472,15.100,33.600,14.278
251,4,1,34.472,15.147,33.600,14.326
252,4,1,34.472,15.195,33.600,14.374
253,4,1,34.472,15.262,33.600,14.441
254,4,1,34.472,15.310,33.600,14.489
255,4,1,34.471,15.377,33.600,14.556
256,4,1,34.471,15.425,33.599,14.604
257,4,1,34.471,15.492,33.599,14.671
258,4,1,34.471,15.521,33.599,14.700
259,4,1,34.471,15.588,33.599,14.767
260,4,1,34.490,15.636,33.618,14.815
261,4,1,34.490,15.684,33.618,14.863
262,4,1,34.490,15.732,33.618,14.911
263,4,1,34.490,15.780,33.618,14.959
264,4,1,34.490,15.828,33.618,15.007
265,4,1,34.509,15.895,33.637,15.074
266,4,1,34.528,15.943,33.656,15.122
267,4,1,34.384,15.953,33.580,14.873
268,4,1,34.423,15.828,33.560,15.007
269,4,1,34.432,15.876,33.570,15.055
270,4,1,34.423,15.924,33.560,15.103
271,4,1,34.413,15.972,33.551,15.151
272,4,1,34.423,16.039,33.560,15.218
273,4,1,34.432,16.106,33.570,15.285
274,4,1,34.422,16.154,33.560,15.333
275,4,1,34.412,16.422,33.589,15.342
276,4,1,34.441,16.508,33.608,15.515
277,4,1,34.470,16.547,33.684,15.649
278,4,1,34.499,16.527,33.646,15.783
279,4,1,34.499,16.604,33.694,15.764
280,4,1,34.498,16.671,33.655,15.706
281,4,1,34.517,16.777,33.636,15.687
282,4,1,34.469,16.834,33.646,15.697
283,4,1,34.479,16.882,33.675,15.697
284,4,1,34.489,16.901,33.665,15.745
285,4,1,34.460,16.978,33.646,15.764
286,4,1,34.460,16.777,33.645,15.965
287,4,1,34.440,17.122,33.655,15.860
288,4,1,34.450,17.093,33.645,15.937
289,4,1,34.431,17.151,33.636,16.042
290,4,1,34.450,17.122,33.607,16.109
291,4,1,34.450,17.189,33.635,16.196
292,4,1,34.459,17.237,33.616,16.320
293,4,1,34.411,17.352,33.606,16.378
294,4,1,34.440,17.371,33.587,16.359
295,4,1,34.402,17.276,33.606,16.455
296,4,1,34.401,17.410,33.558,16.426
297,4,1,34.430,17.458,33.549,16.436
298,4,1,34.421,17.458,33.539,16.474
299,4,1,34.373,17.372,33.577,16.551
300,4,1,34.401,17.583,33.577,16.426
301,4,1,34.478,17.621,33.731,16.703
302,4,1,34.497,17.563,33.711,16.742
303,4,1,34.507,17.611,33.721,16.790
304,4,1,34.497,17.659,33.711,16.838
305,4,1,34.507,17.707,33.721,16.886
306,4,1,34.497,17.736,33.711,16.915
307,4,1,34.526,17.784,33.740,16.962
308,4,1,34.516,17.832,33.730,17.010
309,4,1,34.545,17.860,33.759,17.039
310,4,1,34.573,17.927,33.788,17.106
311,4,1,34.583,18.272,33.778,17.365
312,4,1,34.573,18.215,33.787,17.394
313,4,1,34.563,18.263,33.777,17.442
314,4,1,34.621,18.387,33.749,17.183
315,4,1,34.592,18.407,33.739,17.183
316,4,1,34.630,18.445,33.720,17.212
317,4,1,34.630,18.483,33.691,17.270
318,4,1,34.592,18.531,33.710,17.327
319,4,1,34.582,18.579,33.691,17.461
320,4,1,34.544,18.628,33.700,17.538
321,4,1,34.496,18.638,33.691,17.653
322,4,1,34.505,18.580,33.652,17.788
323,4,1,34.553,18.637,33.633,17.778
324,4,1,34.544,18.666,33.614,17.788
0,5,1,32.814,18.945,32.008,17.988
1,5,1,32.901,18.915,31.998,18.008
2,5,1,32.910,18.896,31.979,17.998
3,5,1,32.881,18.858,32.027,17.988
4,5,1,32.881,18.810,32.046,17.969
5,5,1,32.872,18.771,32.046,17.978
6,5,1,32.891,18.742,32.037,17.882
7,5,1,32.853,18.714,31.969,17.864
8,5,1,32.862,18.695,31.950,17.825
9,5,1,32.901,18.704,31.989,17.739
10,5,1,32.862,18.733,31.874,17.605
11,5,1,32.834,18.714,31.806,17.557
12,5,1,32.853,18.666,31.932,17.489
13,5,1,32.843,18.599,31.970,17.412
14,5,1,32.853,18.570,32.038,17.383
15,5,1,32.853,18.541,32.047,17.364
16,5,1,32.843,18.551,32.067,17.316
17,5,1,32.805,18.512,32.086,17.277
18,5,1,32.824,18.512,32.076,17.248
19,5,1,32.834,18.474,32.067,17.229
20,5,1,32.853,18.387,32.076,17.239
21,5,1,32.863,18.310,32.057,17.316
22,5,1,32.873,18.282,32.067,17.287
23,5,1,32.882,18.253,32.076,17.258
24,5,1,32.892,18.099,32.028,17.287
25,5,1,32.863,18.186,32.057,17.201
26,5,1,32.883,18.070,32.038,17.124
27,5,1,32.844,17.994,32.067,16.980
28,5,1,32.806,17.975,32.077,16.864
29,5,1,32.835,17.917,32.048,16.941
30,5,1,32.797,17.869,31.991,16.778
31,5,1,32.777,17.821,32.010,16.701
32,5,1,32.806,17.792,31.981,16.673
33,5,1,32.797,17.763,31.972,16.682
34,5,1,32.835,17.754,32.078,16.692
35,5,1,32.855,17.734,32.068,16.672
36,5,1,32.816,17.715,32.039,16.663
37,5,1,32.835,17.629,32.058,16.634
38,5,1,32.855,17.619,32.029,16.653
39,5,1,32.836,17.581,32.030,16.644
40,5,1,32.855,17.552,32.049,16.624
41,5,1,32.884,17.475,32.049,16.615
42,5,1,32.903,17.504,32.087,16.586
43,5,1,32.913,17.436,32.011,16.519
44,5,1,32.913,17.398,31.943,16.414
45,5,1,32.894,17.331,31.992,16.308
46,5,1,32.875,17.293,32.001,16.222
47,5,1,32.855,17.235,32.011,16.173
48,5,1,32.817,17.149,32.021,16.193
49,5,1,32.836,17.110,32.079,16.125
50,5,1,32.846,17.082,32.088,16.077
51,5,1,32.827,17.053,32.002,16.020
52,5,1,32.856,17.014,32.011,16.077
53,5,1,32.846,17.005,31.983,16.068
54,5,1,32.856,16.976,31.973,16.068
55,5,1,32.875,16.928,31.973,16.020
56,5,1,32.837,16.861,31.983,15.924
57,5,1,32.818,16.813,31.992,15.934
58,5,1,32.827,16.813,32.012,15.924
59,5,1,32.808,16.746,31.983,15.876
60,5,1,32.828,16.688,32.002,15.761
61,5,1,32.847,16.640,31.993,15.636
62,5,1,32.866,16.573,32.051,15.482
63,5,1,32.857,16.467,32.022,15.425
64,5,1,32.866,16.410,32.042,15.386
65,5,1,32.838,16.362,32.022,15.348
66,5,1,32.838,16.343,32.013,15.319
67,5,1,32.828,16.343,32.013,15.329
68,5,1,32.857,16.295,32.051,15.338
69,5,1,32.857,16.304,32.080,15.319
70,5,1,32.819,16.247,32.051,15.329
71,5,1,32.848,16.199,32.032,15.281
72,5,1,32.848,16.151,32.042,15.348
73,5,1,32.867,16.141,32.032,15.377
74,5,1,32.848,16.093,32.032,15.348
75,5,1,32.848,16.036,32.042,15.319
76,5,1,32.810,15.959,32.003,15.204
77,5,1,32.790,15.921,31.984,15.118
78,5,1,32.800,15.854,31.985,14.993
79,5,1,32.819,15.844,31.975,14.888
80,5,1,32.800,15.777,31.985,14.840
81,5,1,32.772,15.691,31.956,14.802
82,5,1,32.762,15.652,31.918,14.744
83,5,1,32.743,15.643,31.870,14.744
84,5,1,32.685,15.653,31.610,14.726
85,5,1,32.714,15.633,31.822,14.696
86,5,1,32.733,15.576,31.928,14.658
87,5,1,32.724,15.547,31.899,14.619
88,5,1,32.685,15.490,31.928,14.667
89,5,1,32.695,15.461,31.937,14.639
90,5,1,32.666,15.413,31.908,14.591
91,5,1,32.666,15.384,31.909,14.562
92,5,1,32.705,15.336,31.947,14.514
93,5,1,32.647,15.307,31.889,14.485
94,5,1,32.647,15.259,31.890,14.437
95,5,1,32.638,15.192,31.871,14.140
96,5,1,32.619,15.116,31.861,14.293
97,5,1,32.667,15.116,31.833,14.073
98,5,1,32.619,15.010,31.861,14.188
99,5,1,32.619,14.962,31.861,14.140
100,5,1,32.619,14.914,31.861,14.092
101,5,1,32.600,14.886,31.842,14.063
102,5,1,32.619,14.838,31.862,14.015
103,5,1,32.600,14.809,31.842,13.987
104,5,1,32.620,14.761,31.862,13.939
105,5,1,32.581,14.751,31.823,13.929
106,5,1,32.581,14.703,31.823,13.881
107,5,1,32.562,14.675,31.804,13.852
108,5,1,32.562,14.646,31.804,13.824
109,5,1,32.562,14.617,31.804,13.795
110,5,1,32.543,14.569,31.785,13.747
111,5,1,32.524,14.541,31.766,13.718
112,5,1,32.524,14.512,31.766,13.690
113,5,1,32.505,14.483,31.747,13.661
114,5,1,32.486,14.435,31.728,13.613
115,5,1,32.486,14.407,31.728,13.584
116,5,1,32.467,14.359,31.709,13.536
117,5,1,32.428,14.330,31.670,13.508
118,5,1,32.409,14.301,31.651,13.479
119,5,1,32.390,14.273,31.632,13.450
120,5,1,32.371,14.225,31.613,13.402
121,5,1,32.371,14.196,31.613,13.374
122,5,1,32.352,14.167,31.594,13.345
123,5,1,32.332,14.244,31.382,13.556
124,5,1,32.236,14.292,31.478,13.479
125,5,1,32.217,14.283,31.459,13.470
126,5,1,32.217,14.235,31.459,13.422
127,5,1,32.217,14.196,31.459,13.384
128,5,1,32.198,14.158,31.440,13.345
129,5,1,32.179,14.120,31.421,13.307
130,5,1,32.179,14.081,31.421,13.269
131,5,1,32.160,14.043,31.401,13.230
132,5,1,32.140,14.005,31.382,13.192
133,5,1,32.160,13.966,31.402,13.154
134,5,1,32.141,13.928,31.382,13.115
135,5,1,32.141,13.890,31.383,13.077
136,5,1,32.141,13.851,31.383,13.039
137,5,1,32.141,13.794,31.383,12.981
138,5,1,32.122,13.775,31.364,12.962
139,5,1,32.102,13.737,31.344,12.924
140,5,1,32.122,13.698,31.364,12.885
141,5,1,32.103,13.660,31.345,12.847
142,5,1,32.103,13.621,31.345,12.808
143,5,1,32.103,13.583,31.345,12.770
144,5,1,32.122,13.468,31.374,12.674
145,5,1,32.093,13.439,31.355,12.617
146,5,1,32.093,13.430,31.355,12.626
147,5,1,32.074,13.401,31.335,12.598
148,5,1,32.094,13.353,31.355,12.550
149,5,1,32.055,13.324,31.316,12.521
150,5,1,32.036,13.277,31.297,12.473
151,5,1,32.036,13.248,31.297,12.444
152,5,1,32.036,13.200,31.297,12.396
153,5,1,32.017,13.152,31.278,12.348
154,5,1,31.979,13.104,31.240,12.301
155,5,1,31.979,13.075,31.240,12.272
156,5,1,31.960,13.028,31.221,12.224
157,5,1,31.960,12.999,31.221,12.195
158,5,1,31.941,12.951,31.202,12.147
159,5,1,31.921,12.903,31.183,12.099
160,5,1,31.921,12.855,31.183,12.051
161,5,1,31.922,12.826,31.183,12.023
162,5,1,31.922,12.778,31.183,11.975
163,5,1,31.902,12.750,31.164,11.946
164,5,1,31.883,12.702,31.145,11.898
165,5,1,31.903,12.673,31.164,11.869
166,5,1,31.883,12.625,31.145,11.822
167,5,1,31.903,12.596,31.164,11.793
168,5,1,31.884,12.548,31.145,11.745
169,5,1,31.884,12.501,31.145,11.697
170,5,1,31.807,12.577,31.116,11.649
171,5,1,31.826,12.510,31.097,11.707
172,5,1,31.817,12.462,31.087,11.659
173,5,1,31.807,12.414,31.078,11.611
174,5,1,31.817,12.366,31.088,11.563
175,5,1,31.730,12.319,31.145,11.515
176,5,1,31.750,12.290,31.165,11.486
177,5,1,31.740,12.223,31.155,11.419
178,5,1,31.750,12.194,31.165,11.390
179,5,1,31.731,12.146,31.146,11.342
180,5,1,31.750,12.117,31.165,11.314
181,5,1,31.731,12.070,31.146,11.266
182,5,1,31.750,12.041,31.165,11.237
183,5,1,31.741,11.993,31.156,11.189
184,5,1,31.750,11.945,31.165,11.141
185,5,1,31.731,11.878,31.146,11.074
186,5,1,31.750,11.849,31.166,11.045
187,5,1,31.731,11.782,31.147,10.978
188,5,1,31.751,11.753,31.166,10.949
189,5,1,31.741,11.705,31.156,10.902
190,5,1,31.741,11.658,31.156,10.854
191,5,1,31.761,11.610,31.176,10.806
192,5,1,31.770,11.562,31.185,10.758
193,5,1,31.838,11.495,31.089,10.672
194,5,1,31.751,11.485,31.166,10.681
195,5,1,31.761,11.447,31.176,10.643
196,5,1,31.771,11.408,31.186,10.605
197,5,1,31.780,11.361,31.195,10.557
198,5,1,31.973,11.226,31.244,10.193
199,5,1,32.002,11.207,31.283,10.097
200,5,1,32.021,11.226,31.283,10.106
201,5,1,32.021,11.216,31.293,10.078
202,5,1,32.011,11.188,31.264,10.097
203,5,1,32.011,11.159,31.168,10.059
204,5,1,31.983,11.082,31.168,10.078
205,5,1,32.050,11.054,31.254,10.116
206,5,1,32.050,10.843,31.273,10.087
207,5,1,32.060,10.718,31.293,10.049
208,5,1,32.118,10.661,31.293,9.963
209,5,1,32.166,10.642,31.303,9.915
210,5,1,32.185,10.632,31.341,9.848
211,5,1,32.233,10.622,31.341,9.781
212,5,1,32.233,10.613,31.332,9.752
213,5,1,32.195,10.584,31.390,9.570
214,5,1,32.195,10.527,31.380,9.513
215,5,1,32.195,10.517,31.371,9.493
216,5,1,32.195,10.527,31.371,9.436
217,5,1,32.224,10.527,31.380,9.465
218,5,1,32.205,10.460,31.381,9.436
219,5,1,32.215,10.364,31.410,9.350
220,5,1,32.205,10.316,31.381,9.340
221,5,1,32.272,10.297,31.410,9.245
222,5,1,32.292,10.220,31.400,9.292
223,5,1,32.311,10.134,31.419,9.302
224,5,1,32.292,10.067,31.419,9.206
225,5,1,32.283,9.991,31.449,9.063
226,5,1,32.283,9.943,31.478,8.986
227,5,1,32.273,9.943,31.487,8.929
228,5,1,32.235,9.914,31.478,8.948
229,5,1,32.273,9.895,31.468,8.919
230,5,1,32.321,9.914,31.487,8.852
231,5,1,32.292,9.895,31.487,8.833
232,5,1,32.302,9.904,31.488,8.756
233,5,1,32.283,9.904,31.469,8.699
234,5,1,32.273,9.885,31.469,8.699
235,5,1,32.273,9.847,31.498,8.584
236,5,1,32.139,9.704,31.555,8.938
237,5,1,32.149,9.656,31.564,8.890
238,5,1,32.158,9.627,31.574,8.862
239,5,1,32.158,9.579,31.574,8.814
240,5,1,32.168,9.550,31.584,8.785
241,5,1,32.168,9.503,31.584,8.737
242,5,1,32.168,9.474,31.584,8.709
243,5,1,32.178,9.426,31.594,8.661
244,5,1,32.255,9.196,31.603,8.488
246,5,1,32.217,9.225,31.632,8.469
247,5,1,32.217,9.187,31.632,8.431
248,5,1,32.217,9.149,31.632,8.393
249,5,1,32.217,9.101,31.633,8.345
250,5,1,32.217,9.053,31.633,8.297
251,5,1,32.217,9.005,31.633,8.249
252,5,1,32.217,8.957,31.633,8.201
253,5,1,32.217,8.909,31.633,8.154
254,5,1,32.217,8.871,31.633,8.115
255,5,1,32.217,8.833,31.633,8.077
256,5,1,32.218,8.785,31.633,8.029
257,5,1,32.218,8.737,31.633,7.981
258,5,1,32.218,8.699,31.633,7.943
259,5,1,32.227,8.661,31.643,7.905
260,5,1,32.227,8.622,31.643,7.867
261,5,1,32.228,8.584,31.643,7.828
262,5,1,32.237,8.546,31.653,7.790
263,5,1,32.237,8.508,31.653,7.752
264,5,1,32.247,8.460,31.663,7.704
265,5,1,32.247,8.412,31.663,7.656
266,5,1,32.257,8.374,31.672,7.618
267,5,1,32.266,8.326,31.682,7.570
268,5,1,32.276,8.278,31.692,7.522
269,5,1,32.286,8.230,31.702,7.474
270,5,1,32.286,8.182,31.702,7.427
271,5,1,32.296,8.135,31.711,7.379
272,5,1,32.296,8.096,31.711,7.341
273,5,1,32.296,8.058,31.712,7.302
274,5,1,32.296,8.020,31.712,7.264
275,5,1,32.296,7.972,31.712,7.216
276,5,1,32.296,7.934,31.712,7.178
277,5,1,32.296,7.895,31.712,7.140
278,5,1,32.287,7.857,31.702,7.101
279,5,1,32.287,7.809,31.702,7.054
280,5,1,32.277,7.771,31.693,7.015
281,5,1,32.268,7.723,31.683,6.968
282,5,1,32.258,7.685,31.674,6.929
283,5,1,32.249,7.637,31.664,6.882
284,5,1,32.239,7.589,31.655,6.834
285,5,1,32.239,7.551,31.655,6.795
286,5,1,32.230,7.503,31.645,6.748
287,5,1,32.230,7.465,31.646,6.709
288,5,1,32.220,7.427,31.636,6.671
289,5,1,32.220,7.379,31.636,6.623
290,5,1,32.220,7.341,31.636,6.585
291,5,1,32.220,7.303,31.636,6.547
292,5,1,32.220,7.274,31.636,6.518
293,5,1,32.221,7.236,31.636,6.480
294,5,1,32.221,7.197,31.636,6.442
295,5,1,32.221,7.159,31.637,6.403
296,5,1,32.221,7.121,31.637,6.365
297,5,1,32.230,7.083,31.646,6.327
298,5,1,32.230,7.045,31.646,6.289
299,5,1,32.240,7.006,31.656,6.251
300,5,1,32.240,6.968,31.656,6.212
301,5,1,32.250,6.920,31.666,6.165
302,5,1,32.250,6.882,31.666,6.126
303,5,1,32.260,6.844,31.676,6.088
304,5,1,32.260,6.806,31.676,6.050
305,5,1,32.260,6.767,31.676,6.012
306,5,1,32.260,6.729,31.676,5.973
307,5,1,32.260,6.691,31.676,5.935
308,5,1,32.260,6.662,31.676,5.906
309,5,1,32.260,6.624,31.676,5.868
310,5,1,32.260,6.595,31.676,5.840
311,5,1,32.260,6.567,31.676,5.811
312,5,1,32.251,6.538,31.667,5.782
313,5,1,32.251,6.500,31.667,5.744
314,5,1,32.251,6.471,31.667,5.715
315,5,1,32.241,6.433,31.657,5.677
316,5,1,32.241,6.395,31.657,5.639
317,5,1,32.232,6.366,31.648,5.610
318,5,1,32.222,6.328,31.638,5.572
319,5,1,32.213,6.289,31.629,5.534
320,5,1,32.203,6.251,31.619,5.495
321,5,1,32.203,6.223,31.619,5.467
322,5,1,32.194,6.184,31.610,5.429
323,5,1,32.194,6.146,31.610,5.390
324,5,1,32.194,6.117,31.610,5.362
0,6,1,31.766,4.072,30.932,3.373
1,6,1,31.795,4.092,30.923,3.363
2,6,1,31.785,4.130,30.913,3.402
3,6,1,31.795,4.139,30.923,3.411
4,6,1,31.804,4.178,30.932,3.449
5,6,1,31.814,4.216,30.942,3.488
6,6,1,31.804,4.254,30.932,3.526
7,6,1,31.814,4.283,30.941,3.555
8,6,1,31.794,4.321,30.922,3.593
9,6,1,31.813,4.369,30.941,3.641
10,6,1,31.804,4.397,30.932,3.669
11,6,1,31.717,4.492,30.845,3.764
12,6,1,31.804,4.502,30.931,3.774
13,6,1,31.784,4.550,30.912,3.822
14,6,1,31.832,4.579,30.960,3.851
15,6,1,31.784,4.655,30.912,3.927
16,6,1,31.774,4.703,30.902,3.975
17,6,1,31.774,4.817,30.931,4.061
19,6,1,31.774,4.798,30.921,4.061
20,6,1,31.774,4.827,30.921,4.089
21,6,1,31.774,4.875,30.921,4.137
22,6,1,31.793,4.913,30.940,4.175
23,6,1,31.793,4.951,30.940,4.214
24,6,1,31.793,5.008,30.940,4.271
25,6,1,31.793,5.047,30.940,4.309
26,6,1,31.793,5.085,30.940,4.347
27,6,1,31.793,5.142,30.940,4.405
28,6,1,31.812,5.219,30.959,4.481
29,6,1,31.812,5.257,30.959,4.520
30,6,1,31.812,5.314,30.958,4.577
31,6,1,31.831,5.352,30.978,4.615
32,6,1,31.831,5.410,30.977,4.672
33,6,1,31.850,5.467,30.997,4.730
34,6,1,31.850,5.486,30.997,4.749
35,6,1,31.849,5.544,30.996,4.806
36,6,1,31.849,5.563,30.996,4.825
37,6,1,31.849,5.620,30.996,4.883
38,6,1,31.849,5.658,30.996,4.921
39,6,1,31.849,5.696,30.996,4.959
40,6,1,31.849,5.735,30.996,4.997
41,6,1,31.849,5.792,30.996,5.055
42,6,1,31.849,5.849,30.996,5.112
43,6,1,31.849,5.888,30.996,5.150
44,6,1,31.849,5.945,30.996,5.208
45,6,1,31.849,6.021,30.995,5.284
46,6,1,31.848,6.079,30.995,5.341
47,6,1,31.848,6.117,30.995,5.380
48,6,1,31.848,6.155,30.995,5.418
49,6,1,31.848,6.213,30.995,5.475
50,6,1,31.848,6.270,30.995,5.533
51,6,1,31.848,6.308,30.995,5.571
52,6,1,31.848,6.346,30.995,5.609
53,6,1,31.867,6.385,31.014,5.647
54,6,1,31.867,6.442,31.014,5.705
55,6,1,31.867,6.499,31.014,5.762
56,6,1,31.886,6.518,31.033,5.781
57,6,1,31.886,6.576,31.033,5.839
58,6,1,31.886,6.614,31.032,5.877
59,6,1,31.905,6.671,31.052,5.934
60,6,1,31.905,6.729,31.051,5.992
61,6,1,31.924,6.767,31.071,6.030
62,6,1,31.924,6.805,31.071,6.068
63,6,1,31.943,6.863,31.090,6.126
64,6,1,31.962,6.939,31.109,6.202
65,6,1,31.962,6.977,31.109,6.240
66,6,1,31.981,7.035,31.128,6.298
67,6,1,31.981,7.054,31.128,6.317
68,6,1,31.981,7.111,31.128,6.374
69,6,1,31.981,7.130,31.127,6.393
70,6,1,32.000,7.188,31.147,6.451
71,6,1,32.000,7.207,31.147,6.470
72,6,1,32.000,7.264,31.146,6.527
73,6,1,32.000,7.302,31.146,6.565
74,6,1,32.019,7.360,31.165,6.623
75,6,1,32.019,7.417,31.165,6.680
76,6,1,32.018,7.455,31.165,6.719
77,6,1,32.018,7.494,31.165,6.757
78,6,1,32.018,7.551,31.165,6.814
79,6,1,32.018,7.628,31.165,6.891
80,6,1,32.037,7.685,31.184,6.948
81,6,1,32.066,7.848,31.213,6.967
82,6,1,32.056,7.781,31.203,7.025
83,6,1,32.056,7.819,31.203,7.063
84,6,1,32.056,7.857,31.203,7.101
85,6,1,32.075,7.915,31.222,7.159
86,6,1,32.075,7.953,31.222,7.197
87,6,1,32.094,7.991,31.241,7.235
88,6,1,32.094,8.048,31.241,7.292
89,6,1,32.113,8.087,31.260,7.331
90,6,1,32.113,8.144,31.260,7.388
91,6,1,32.113,8.182,31.260,7.426
92,6,1,32.113,8.240,31.260,7.484
93,6,1,32.113,8.297,31.260,7.541
94,6,1,32.113,8.355,31.259,7.599
95,6,1,32.113,8.393,31.259,7.637
96,6,1,32.045,8.536,31.317,7.560
97,6,1,32.093,8.450,31.269,7.646
98,6,1,32.103,8.498,31.278,7.694
99,6,1,32.093,8.527,31.269,7.723
100,6,1,32.103,8.575,31.278,7.771
101,6,1,32.112,8.622,31.288,7.819
102,6,1,32.122,8.670,31.297,7.866
103,6,1,32.112,8.699,31.288,7.895
104,6,1,32.122,8.747,31.297,7.943
105,6,1,32.112,8.795,31.287,7.991
106,6,1,32.121,8.842,31.297,8.039
107,6,1,32.112,8.890,31.287,8.087
108,6,1,32.121,8.938,31.297,8.134
109,6,1,32.112,8.986,31.287,8.182
110,6,1,32.121,9.053,31.296,8.249
111,6,1,32.178,9.474,31.373,8.316
112,6,1,32.168,9.503,31.373,8.374
113,6,1,32.130,9.503,31.344,8.374
114,6,1,32.140,9.369,31.344,8.498
115,6,1,32.140,9.407,31.344,8.536
116,6,1,32.139,9.464,31.344,8.594
117,6,1,32.139,9.503,31.344,8.632
118,6,1,32.139,9.560,31.344,8.689
119,6,1,32.139,9.598,31.344,8.728
120,6,1,32.158,9.656,31.363,8.785
121,6,1,32.158,9.713,31.363,8.843
123,6,1,32.129,9.885,31.286,8.804
124,6,1,32.100,9.780,31.305,8.900
125,6,1,32.100,9.828,31.305,8.948
126,6,1,32.119,9.895,31.324,9.015
127,6,1,32.119,9.924,31.324,9.044
128,6,1,32.138,9.991,31.343,9.111
129,6,1,32.138,10.039,31.343,9.158
130,6,1,32.157,10.106,31.362,9.225
131,6,1,32.157,10.153,31.362,9.273
132,6,1,32.176,10.201,31.381,9.321
133,6,1,32.176,10.249,31.381,9.369
134,6,1,32.176,10.297,31.381,9.417
135,6,1,32.195,10.345,31.400,9.465
136,6,1,32.195,10.393,31.400,9.513
137,6,1,32.195,10.441,31.399,9.560
138,6,1,32.195,10.488,31.399,9.608
139,6,1,32.195,10.536,31.399,9.656
140,6,1,32.195,10.584,31.399,9.704
141,6,1,32.195,10.632,31.399,9.752
142,6,1,32.232,11.101,31.534,9.809
143,6,1,32.242,11.120,31.553,9.800
144,6,1,32.194,11.140,31.533,9.886
145,6,1,32.242,10.967,31.475,10.039
146,6,1,32.233,11.025,31.466,10.097
147,6,1,32.242,11.063,31.475,10.135
148,6,1,32.232,11.120,31.465,10.192
149,6,1,32.242,11.159,31.475,10.231
150,6,1,32.251,11.216,31.484,10.288
151,6,1,32.261,11.254,31.494,10.326
152,6,1,32.251,11.312,31.484,10.384
153,6,1,32.261,11.350,31.494,10.422
154,6,1,32.251,11.408,31.484,10.480
155,6,1,32.261,11.446,31.494,10.518
156,6,1,32.270,11.484,31.503,10.556
157,6,1,32.280,11.523,31.513,10.595
158,6,1,32.270,11.580,31.503,10.652
159,6,1,32.299,11.637,31.532,10.709
160,6,1,32.308,11.695,31.541,10.767
161,6,1,32.337,11.752,31.570,10.824
162,6,1,32.346,11.791,31.579,10.863
163,6,1,32.375,11.848,31.608,10.920
164,6,1,32.385,11.886,31.618,10.958
165,6,1,32.394,11.944,31.627,11.016
166,6,1,32.404,11.982,31.637,11.054
167,6,1,32.413,12.020,31.646,11.092
168,6,1,32.423,12.078,31.656,11.150
169,6,1,32.432,12.116,31.665,11.188
170,6,1,32.403,12.145,31.713,11.207
171,6,1,32.432,12.135,31.675,11.207
172,6,1,32.432,12.174,31.675,11.246
173,6,1,32.432,12.231,31.675,11.303
174,6,1,32.432,12.269,31.675,11.342
175,6,1,32.365,12.327,31.751,11.399
176,6,1,32.364,12.385,31.751,11.456
177,6,1,32.364,12.442,31.751,11.514
178,6,1,32.364,12.499,31.751,11.571
179,6,1,32.364,12.557,31.751,11.629
180,6,1,32.345,12.615,31.732,11.686
181,6,1,32.364,12.653,31.751,11.725
182,6,1,32.345,12.710,31.731,11.782
183,6,1,32.364,12.768,31.750,11.840
184,6,1,32.344,12.806,31.731,11.878
185,6,1,32.364,12.844,31.750,11.916
186,6,1,32.344,12.883,31.731,11.955
187,6,1,32.363,12.940,31.750,12.012
188,6,1,32.344,12.979,31.731,12.050
189,6,1,32.363,13.036,31.750,12.108
190,6,1,32.344,13.074,31.731,12.146
191,6,1,32.469,13.237,31.615,12.424
192,6,1,32.440,13.256,31.634,12.300
193,6,1,32.440,13.295,31.653,12.348
194,6,1,32.440,13.343,31.653,12.463
195,6,1,32.353,13.352,31.740,12.443
196,6,1,32.353,13.400,31.740,12.491
197,6,1,32.353,13.448,31.739,12.539
198,6,1,32.353,13.496,31.739,12.587
199,6,1,32.353,13.535,31.739,12.625
200,6,1,32.353,13.582,31.739,12.673
201,6,1,32.353,13.621,31.739,12.712
202,6,1,32.343,13.659,31.729,12.750
203,6,1,32.352,13.707,31.739,12.798
204,6,1,32.333,13.745,31.720,12.836
205,6,1,32.333,13.793,31.720,12.884
206,6,1,32.323,13.841,31.710,12.932
207,6,1,32.333,13.899,31.719,12.990
208,6,1,32.313,13.947,31.700,13.038
209,6,1,32.304,14.004,31.690,13.095
210,6,1,32.304,14.062,31.690,13.153
211,6,1,32.294,14.110,31.680,13.201
212,6,1,32.275,14.158,31.661,13.249
213,6,1,32.275,14.206,31.661,13.297
214,6,1,32.265,14.244,31.651,13.335
215,6,1,32.265,14.292,31.651,13.383
216,6,1,32.265,14.340,31.651,13.431
217,6,1,32.265,14.378,31.651,13.469
218,6,1,32.255,14.426,31.641,13.517
219,6,1,32.245,14.465,31.632,13.556
220,6,1,32.255,14.513,31.641,13.604
221,6,1,32.245,14.561,31.631,13.652
222,6,1,32.245,14.609,31.631,13.700
223,6,1,32.245,14.657,31.631,13.747
224,6,1,32.245,14.705,31.631,13.795
225,6,1,32.245,14.762,31.631,13.853
226,6,1,32.245,14.810,31.631,13.901
227,6,1,32.244,14.868,31.631,13.958
228,6,1,32.244,14.916,31.631,14.006
229,6,1,32.244,14.964,31.631,14.054
230,6,1,32.244,15.012,31.631,14.102
231,6,1,32.235,15.060,31.621,14.150
232,6,1,32.225,15.108,31.611,14.198
233,6,1,32.225,15.156,31.611,14.246
234,6,1,32.225,15.194,31.611,14.285
235,6,1,32.215,15.242,31.601,14.333
236,6,1,32.196,15.290,31.582,14.381
237,6,1,32.196,15.338,31.582,14.429
238,6,1,32.186,15.376,31.572,14.467
239,6,1,32.186,15.424,31.572,14.515
240,6,1,32.176,15.482,31.562,14.573
241,6,1,32.157,15.530,31.543,14.621
242,6,1,32.147,15.578,31.533,14.669
243,6,1,32.147,15.636,31.533,14.726
244,6,1,32.137,15.684,31.523,14.774
245,6,1,32.118,15.732,31.504,14.822
246,6,1,32.108,15.780,31.494,14.870
247,6,1,32.291,15.779,31.398,14.928
248,6,1,32.320,15.769,31.359,15.024
249,6,1,32.339,15.798,31.321,15.111
250,6,1,32.291,15.865,31.321,15.130
251,6,1,32.271,15.913,31.340,15.178
252,6,1,32.262,16.000,31.388,15.159
253,6,1,32.281,16.057,31.378,15.168
254,6,1,32.242,16.105,31.369,15.159
255,6,1,32.252,16.220,31.369,15.197
256,6,1,32.232,16.259,31.368,15.235
257,6,1,32.242,16.345,31.388,15.197
258,6,1,32.223,16.269,31.378,15.322
259,6,1,32.242,16.326,31.416,15.350
260,6,1,32.251,16.326,31.406,15.504
261,6,1,32.261,16.326,31.406,15.542
262,6,1,32.299,16.422,31.377,15.677
263,6,1,32.299,16.479,31.367,15.696
264,6,1,32.270,16.547,31.387,15.782
265,6,1,32.337,16.623,31.386,15.869
266,6,1,32.366,16.623,31.357,15.888
267,6,1,32.337,16.604,31.357,15.907
268,6,1,32.299,16.652,31.328,15.936
269,6,1,32.280,16.681,31.357,15.936
270,6,1,32.251,16.768,31.357,15.965
271,6,1,32.260,16.864,31.377,15.984
272,6,1,32.250,16.940,31.396,15.974
273,6,1,32.269,17.055,31.415,15.994
274,6,1,32.269,17.132,31.396,16.003
275,6,1,32.250,17.152,31.338,16.003
276,6,1,32.202,17.181,31.357,16.003
277,6,1,32.221,17.190,31.376,16.032
278,6,1,32.211,17.181,31.366,16.195
279,6,1,32.240,17.219,31.347,16.359
280,6,1,32.240,17.209,31.337,16.426
281,6,1,32.192,17.277,31.289,16.513
282,6,1,32.173,17.325,31.269,16.599
283,6,1,32.134,17.373,31.289,16.609
284,6,1,32.153,17.382,31.279,16.647
285,6,1,32.163,17.411,31.298,16.647
286,6,1,32.182,17.498,31.327,16.666
287,6,1,32.143,17.594,31.337,16.656
288,6,1,32.114,17.709,31.346,16.724
289,6,1,32.143,17.767,31.356,16.637
290,6,1,32.152,17.757,31.337,16.628
291,6,1,32.123,17.824,31.346,16.656
292,6,1,32.133,17.882,31.385,16.656
293,6,1,32.162,17.891,31.385,16.666
294,6,1,32.162,17.920,31.356,16.666
295,6,1,32.191,17.930,31.375,16.714
296,6,1,32.171,17.939,31.356,16.772
297,6,1,32.143,17.911,31.384,16.896
298,6,1,32.114,17.930,31.374,16.973
299,6,1,32.017,17.998,31.345,17.050
300,6,1,31.998,17.883,31.364,17.146
301,6,1,32.007,18.161,31.354,17.444
302,6,1,31.998,18.161,31.364,17.434
303,6,1,31.998,18.200,31.364,17.473
304,6,1,31.988,18.238,31.354,17.511
305,6,1,32.084,18.343,31.326,17.300
306,6,1,32.065,18.363,31.316,17.310
307,6,1,32.065,18.401,31.287,17.319
308,6,1,32.103,18.382,31.306,17.319
309,6,1,32.103,18.459,31.316,17.358
310,6,1,32.026,18.593,31.287,17.435
311,6,1,32.026,18.613,31.248,17.473
312,6,1,31.968,18.661,31.295,17.954
313,6,1,31.939,18.671,31.247,17.848
314,6,1,32.035,18.661,31.190,17.647
315,6,1,32.064,18.651,31.209,17.723
316,6,1,32.054,18.689,31.209,17.800
317,6,1,31.949,18.603,31.315,17.877
318,6,1,31.949,18.632,31.315,17.905
319,6,1,32.179,18.871,31.180,17.973
320,6,1,32.150,18.862,31.141,17.945
321,6,1,32.189,18.910,31.132,17.983
322,6,1,32.131,18.920,31.141,17.935
323,6,1,32.063,19.035,31.132,17.945
324,6,1,32.063,19.083,31.170,17.945
0,7,2,29.134,3.798,27.954,2.227
1,7,2,29.172,3.846,27.934,2.198
2,7,2,29.181,3.865,27.944,2.217
3,7,2,29.210,3.904,27.973,2.255
4,7,2,29.220,3.942,27.982,2.294
5,7,2,29.249,3.952,28.011,2.303
6,7,2,29.258,3.999,28.021,2.351
7,7,2,29.287,4.038,28.049,2.390
8,7,2,29.296,4.066,28.059,2.418
9,7,2,29.325,4.095,28.088,2.447
10,7,2,29.335,4.133,28.097,2.485
11,7,2,29.364,4.172,28.126,2.524
12,7,2,29.373,4.210,28.136,2.562
13,7,2,29.402,4.248,28.164,2.600
14,7,2,29.411,4.287,28.174,2.639
15,7,2,29.440,4.325,28.203,2.677
16,7,2,29.450,4.363,28.212,2.715
17,7,2,29.478,4.402,28.241,2.754
18,7,2,29.507,4.440,28.270,2.792
19,7,2,29.536,4.478,28.299,2.830
20,7,2,29.536,4.516,28.298,2.868
21,7,2,29.574,4.555,28.337,2.907
22,7,2,29.584,4.593,28.346,2.945
23,7,2,29.603,4.631,28.366,2.983
24,7,2,29.622,4.670,28.385,3.022
25,7,2,29.651,4.708,28.414,3.060
26,7,2,29.651,4.746,28.413,3.098
27,7,2,29.689,4.785,28.452,3.137
28,7,2,29.699,4.823,28.461,3.175
29,7,2,29.699,4.861,28.461,3.213
30,7,2,29.718,4.899,28.480,3.251
31,7,2,29.746,4.938,28.509,3.290
32,7,2,29.746,4.995,28.509,3.347
33,7,2,29.765,5.033,28.528,3.385
34,7,2,29.775,5.091,28.538,3.443
35,7,2,29.804,5.119,28.566,3.472
36,7,2,29.813,5.186,28.576,3.539
37,7,2,29.823,5.225,28.585,3.577
38,7,2,29.649,5.291,28.682,3.405
39,7,2,29.668,5.416,28.720,3.529
40,7,2,29.745,5.339,28.643,3.587
41,7,2,29.765,5.397,28.662,3.644
42,7,2,29.764,5.598,28.759,3.654
43,7,2,29.793,5.512,28.710,3.730
44,7,2,29.793,5.559,28.710,3.778
45,7,2,29.812,5.607,28.729,3.826
46,7,2,29.812,5.655,28.729,3.874
47,7,2,29.831,5.703,28.748,3.922
48,7,2,29.831,5.770,28.748,3.989
49,7,2,29.705,5.999,28.777,4.027
50,7,2,29.773,5.894,28.719,4.094
51,7,2,29.782,5.952,28.728,4.151
52,7,2,29.705,5.999,28.824,4.199
53,7,2,29.676,6.143,28.853,4.209
54,7,2,29.763,6.076,28.767,4.266
55,7,2,29.666,6.258,28.805,4.362
56,7,2,29.676,6.296,28.776,4.419
57,7,2,29.705,6.258,28.737,4.448
58,7,2,29.705,6.315,28.737,4.505
59,7,2,29.704,6.382,28.737,4.572
60,7,2,29.666,6.497,28.823,4.639
61,7,2,29.714,6.468,28.756,4.658
62,7,2,29.617,6.640,28.775,4.773
63,7,2,29.607,6.707,28.775,4.821
64,7,2,29.598,6.746,28.765,4.888
65,7,2,29.627,6.765,28.784,4.984
66,7,2,29.597,6.889,28.784,4.984
67,7,2,29.607,6.995,28.813,5.089
68,7,2,29.607,6.947,28.803,5.089
69,7,2,29.587,7.062,28.812,5.127
70,7,2,29.587,7.042,28.803,5.156
71,7,2,29.587,7.129,28.783,5.194
72,7,2,29.597,7.138,28.783,5.242
73,7,2,29.596,7.253,28.764,5.204
74,7,2,29.596,7.234,28.783,5.319
75,7,2,29.577,7.339,28.793,5.290
76,7,2,29.577,7.473,28.764,5.338
77,7,2,29.576,7.559,28.773,5.414
78,7,2,29.576,7.569,28.773,5.500
79,7,2,29.576,7.646,28.744,5.548
80,7,2,29.576,7.598,28.734,5.759
81,7,2,29.567,7.588,28.734,5.797
82,7,2,29.567,7.665,28.743,5.787
83,7,2,29.566,7.770,28.743,5.854
84,7,2,29.537,7.799,28.733,5.883
85,7,2,29.528,7.847,28.723,5.988
86,7,2,29.527,7.904,28.714,6.008
87,7,2,29.508,7.923,28.704,6.075
88,7,2,29.498,7.952,28.665,6.113
89,7,2,29.499,7.914,28.665,6.180
90,7,2,29.479,7.952,28.675,6.142
91,7,2,29.469,8.009,28.665,6.199
92,7,2,29.488,8.115,28.684,6.304
93,7,2,29.469,8.144,28.665,6.333
94,7,2,29.479,8.182,28.674,6.371
95,7,2,29.478,8.278,28.674,6.467
96,7,2,29.459,8.316,28.655,6.505
97,7,2,29.449,8.373,28.645,6.563
98,7,2,29.439,8.412,28.635,6.601
99,7,2,29.449,8.469,28.645,6.659
100,7,2,29.458,8.546,28.654,6.735
101,7,2,29.458,8.603,28.654,6.793
102,7,2,29.458,8.642,28.654,6.831
103,7,2,29.448,8.718,28.644,6.908
104,7,2,29.458,8.776,28.653,6.965
105,7,2,29.448,8.852,28.644,7.042
106,7,2,29.477,8.910,28.672,7.099
107,7,2,29.467,8.958,28.663,7.147
108,7,2,29.477,9.006,28.672,7.195
109,7,2,29.572,9.274,28.720,7.310
110,7,2,29.543,9.562,28.730,7.243
111,7,2,29.561,9.734,28.759,7.243
112,7,2,29.581,9.590,28.787,7.339
113,7,2,29.629,9.657,28.807,7.300
114,7,2,29.639,9.648,28.807,7.291
115,7,2,29.591,9.562,28.797,7.387
116,7,2,29.600,9.619,28.787,7.387
117,7,2,29.600,9.667,28.796,7.511
118,7,2,29.581,9.782,28.767,7.741
119,7,2,29.580,9.801,28.757,7.913
120,7,2,29.619,9.878,28.776,7.981
121,7,2,29.677,9.897,28.833,8.096
122,7,2,29.695,10.050,28.852,8.239
123,7,2,29.705,10.194,28.872,8.258
124,7,2,29.743,10.223,28.910,8.306
125,7,2,29.724,10.290,28.900,8.354
126,7,2,29.753,10.319,28.900,8.440
127,7,2,29.772,10.357,28.919,8.421
128,7,2,29.781,10.453,28.929,8.373
129,7,2,29.820,10.462,28.938,8.469
130,7,2,29.791,10.539,28.938,8.498
131,7,2,29.751,10.769,28.938,8.594
132,7,2,29.771,10.740,28.957,8.699
133,7,2,29.790,10.750,28.947,8.785
134,7,2,29.848,10.711,28.937,8.910
135,7,2,29.838,10.827,28.918,8.987
136,7,2,29.828,11.018,28.947,8.948
137,7,2,29.838,10.961,28.956,9.063
138,7,2,29.799,10.999,28.966,9.130
139,7,2,29.770,11.114,28.985,9.169
140,7,2,29.799,11.143,29.004,9.226
141,7,2,29.770,11.258,28.966,9.150
142,7,2,29.837,11.392,29.013,9.322
143,7,2,29.837,11.364,29.052,9.428
144,7,2,29.875,11.440,29.032,9.523
145,7,2,29.856,11.488,29.022,9.562
146,7,2,29.836,11.613,29.022,9.523
147,7,2,29.846,11.651,29.061,9.581
148,7,2,29.865,11.690,29.061,9.667
149,7,2,29.874,11.757,29.080,9.734
150,7,2,29.845,11.891,29.051,9.830
151,7,2,29.826,11.958,29.041,9.936
152,7,2,29.826,11.853,29.040,10.032
153,7,2,29.835,11.910,29.050,10.089
154,7,2,29.845,11.977,29.059,10.156
155,7,2,29.835,12.044,29.050,10.223
156,7,2,29.845,12.112,29.059,10.290
157,7,2,29.892,12.361,29.059,10.233
158,7,2,29.882,12.438,29.030,10.290
159,7,2,29.844,12.265,29.059,10.444
160,7,2,29.854,12.332,29.068,10.511
161,7,2,29.863,12.390,29.078,10.569
162,7,2,29.882,12.553,29.097,10.559
163,7,2,29.873,12.467,29.087,10.645
164,7,2,29.882,12.534,29.096,10.712
165,7,2,29.872,12.601,29.087,10.780
166,7,2,29.882,12.668,29.096,10.847
167,7,2,29.872,12.898,29.183,10.856
168,7,2,29.881,12.985,29.202,10.885
169,7,2,29.891,13.013,29.202,10.923
170,7,2,29.900,13.052,29.221,10.971
171,7,2,29.929,12.917,29.182,11.096
172,7,2,29.939,12.984,29.192,11.163
173,7,2,29.929,13.071,29.182,11.249
174,7,2,29.938,13.119,29.191,11.297
175,7,2,29.899,13.474,29.191,11.441
176,7,2,29.919,13.359,29.181,11.537
177,7,2,29.918,13.426,29.181,11.604
178,7,2,29.918,13.493,29.181,11.672
179,7,2,29.918,13.560,29.181,11.739
180,7,2,29.937,13.647,29.200,11.825
181,7,2,29.918,13.695,29.180,11.873
182,7,2,29.937,13.781,29.199,11.959
183,7,2,29.937,13.848,29.199,12.026
184,7,2,29.937,13.935,29.199,12.113
185,7,2,29.936,13.983,29.199,12.161
186,7,2,29.936,14.069,29.199,12.247
187,7,2,29.936,14.117,29.198,12.295
188,7,2,29.955,14.203,29.218,12.382
189,7,2,29.974,14.271,29.237,12.449
190,7,2,29.955,14.357,29.217,12.535
191,7,2,29.974,14.405,29.236,12.583
192,7,2,29.993,14.664,29.227,12.477
193,7,2,29.983,14.847,29.226,12.679
194,7,2,29.963,14.866,29.236,12.727
195,7,2,29.954,14.885,29.245,12.794
196,7,2,29.982,14.991,29.207,12.833
197,7,2,29.944,14.818,29.226,12.996
198,7,2,29.944,14.885,29.225,13.063
199,7,2,29.944,14.972,29.225,13.149
200,7,2,29.991,15.221,29.225,13.121
201,7,2,29.963,15.077,29.244,13.255
202,7,2,29.963,15.144,29.244,13.322
203,7,2,29.962,15.212,29.244,13.389
204,7,2,29.962,15.298,29.244,13.476
205,7,2,29.962,15.365,29.243,13.543
206,7,2,29.962,15.452,29.243,13.629
207,7,2,29.981,15.519,29.262,13.697
208,7,2,29.961,15.606,29.243,13.783
209,7,2,29.981,15.673,29.262,13.850
210,7,2,29.961,15.759,29.242,13.937
211,7,2,29.980,15.826,29.262,14.004
212,7,2,29.961,15.913,29.242,14.090
213,7,2,29.980,15.980,29.261,14.158
214,7,2,29.960,16.067,29.242,14.244
215,7,2,29.979,16.134,29.261,14.311
216,7,2,29.979,16.220,29.261,14.398
217,7,2,29.960,16.288,29.241,14.465
218,7,2,29.979,16.374,29.260,14.551
219,7,2,29.959,16.441,29.241,14.619
220,7,2,29.978,16.547,29.260,14.724
221,7,2,29.959,16.614,29.240,14.792
222,7,2,29.959,16.701,29.240,14.878
223,7,2,29.959,16.768,29.240,14.945
224,7,2,30.006,17.143,29.173,14.821
225,7,2,29.949,16.864,29.230,15.041
226,7,2,29.949,16.951,29.230,15.128
227,7,2,30.044,17.498,29.172,15.042
228,7,2,29.967,17.393,29.191,15.243
229,7,2,29.976,17.489,29.171,15.301
230,7,2,29.947,17.499,29.132,15.465
231,7,2,29.899,17.384,29.180,15.560
232,7,2,29.966,17.768,29.113,15.618
233,7,2,29.898,17.816,29.084,15.743
234,7,2,29.937,17.835,29.074,15.772
235,7,2,29.917,17.951,29.054,15.792
236,7,2,29.888,18.018,29.045,15.840
237,7,2,29.821,17.836,29.102,16.013
238,7,2,29.802,17.903,29.083,16.080
239,7,2,29.801,17.990,29.082,16.166
240,7,2,29.782,18.211,28.928,16.109
241,7,2,29.791,18.384,28.938,16.148
242,7,2,29.800,18.452,28.928,16.177
243,7,2,29.705,18.154,28.985,16.330
244,7,2,29.685,18.221,28.966,16.398
245,7,2,29.685,18.289,28.966,16.465
246,7,2,29.665,18.375,28.946,16.552
247,7,2,29.627,18.443,28.908,16.619
248,7,2,29.607,18.530,28.888,16.706
249,7,2,29.588,18.597,28.869,16.773
250,7,2,29.549,18.665,28.830,16.841
251,7,2,29.529,18.732,28.810,16.908
252,7,2,29.510,18.819,28.791,16.995
253,7,2,29.471,18.886,28.752,17.062
254,7,2,29.432,18.973,28.713,17.149
255,7,2,29.413,19.041,28.694,17.216
256,7,2,29.393,19.108,28.674,17.284
257,7,2,29.355,19.176,28.635,17.351
258,7,2,29.344,19.426,28.586,17.679
259,7,2,29.315,19.455,28.596,17.640
260,7,2,29.296,19.513,28.576,17.698
261,7,2,29.276,19.571,28.557,17.756
262,7,2,29.218,19.648,28.499,17.833
263,7,2,29.199,19.725,28.479,17.910
264,7,2,29.160,19.783,28.440,17.968
265,7,2,29.121,19.841,28.402,18.026
266,7,2,29.140,20.092,28.063,18.230
267,7,2,29.207,20.149,27.995,18.269
268,7,2,29.120,20.198,27.956,18.279
269,7,2,28.898,20.132,28.179,18.316
270,7,2,28.860,20.190,28.140,18.374
271,7,2,28.821,20.267,28.101,18.451
272,7,2,28.782,20.344,28.062,18.528
273,7,2,28.743,20.402,28.023,18.586
274,7,2,28.704,20.441,27.984,18.625
275,7,2,28.666,20.499,27.946,18.683
276,7,2,28.627,20.577,27.907,18.760
277,7,2,28.588,20.606,27.868,18.790
278,7,2,28.549,20.625,27.829,18.809
279,7,2,28.491,20.655,27.771,18.848
280,7,2,28.452,20.684,27.732,18.887
281,7,2,28.414,20.722,27.694,18.935
282,7,2,28.375,20.742,27.655,18.964
283,7,2,28.317,20.762,27.597,18.993
284,7,2,28.278,20.781,27.558,19.022
285,7,2,28.239,20.820,27.519,19.071
286,7,2,28.181,20.840,27.461,19.100
287,7,2,28.327,20.598,27.034,19.555
288,7,2,28.133,20.715,27.413,18.994
289,7,2,28.095,20.734,27.374,19.023
290,7,2,28.075,20.754,27.355,19.052
291,7,2,28.017,20.783,27.297,19.091
292,7,2,27.998,20.802,27.277,19.120
293,7,2,27.940,20.832,27.219,19.159
294,7,2,27.920,20.851,27.200,19.188
295,7,2,27.862,20.871,27.141,19.218
296,7,2,27.823,20.890,27.103,19.247
298,7,2,27.814,20.726,27.093,19.093
299,7,2,27.834,20.717,27.113,19.092
301,7,2,27.824,20.640,27.103,19.025
302,7,2,27.824,20.640,27.103,19.035
303,7,2,27.824,20.640,27.103,19.044
304,7,2,27.824,20.649,27.103,19.064
305,7,2,27.824,20.649,27.103,19.073
306,7,2,27.805,20.640,27.084,19.073
307,7,2,27.785,20.640,27.064,19.083
308,7,2,27.785,20.630,27.064,19.073
309,7,2,27.785,20.630,27.064,19.073
310,7,2,27.785,20.630,27.064,19.073
311,7,2,27.785,20.630,27.064,19.073
312,7,2,27.785,20.630,27.064,19.073
313,7,2,27.785,20.630,27.064,19.073
314,7,2,27.785,20.630,27.064,19.073
315,7,2,27.785,20.630,27.064,19.073
316,7,2,27.785,20.630,27.064,19.073
317,7,2,27.785,20.630,27.064,19.073
318,7,2,27.785,20.640,27.064,19.093
319,7,2,27.785,20.630,27.064,19.093
320,7,2,27.785,20.630,27.064,19.093
321,7,2,27.785,20.630,27.064,19.093
322,7,2,27.785,20.630,27.064,19.093
323,7,2,27.785,20.630,27.064,19.093
324,7,2,27.785,20.630,27.064,19.093
0,8,2,28.821,1.866,27.806,-0.068
1,8,2,28.850,1.924,27.787,-0.106
2,8,2,28.850,1.914,27.787,-0.116
3,8,2,28.830,1.943,27.768,-0.087
4,8,2,28.830,1.943,27.768,-0.087
5,8,2,28.811,1.952,27.748,-0.077
6,8,2,28.811,1.981,27.748,-0.049
7,8,2,28.811,1.981,27.748,-0.049
8,8,2,28.811,1.991,27.748,-0.039
9,8,2,28.811,2.038,27.748,0.009
10,8,2,28.811,2.058,27.748,0.028
11,8,2,28.811,2.048,27.748,0.018
12,8,2,28.811,2.058,27.748,0.028
13,8,2,28.811,2.077,27.748,0.047
14,8,2,28.811,2.115,27.748,0.085
15,8,2,28.811,2.134,27.748,0.104
16,8,2,28.811,2.134,27.748,0.104
17,8,2,28.811,2.144,27.748,0.114
18,8,2,28.830,2.191,27.767,0.161
19,8,2,28.830,2.211,27.767,0.181
20,8,2,28.830,2.201,27.767,0.171
21,8,2,28.830,2.230,27.767,0.200
22,8,2,28.830,2.268,27.767,0.238
23,8,2,28.830,2.277,27.767,0.247
24,8,2,28.849,2.287,27.786,0.257
25,8,2,28.849,2.306,27.786,0.276
26,8,2,28.849,2.344,27.786,0.314
27,8,2,28.849,2.364,27.786,0.334
28,8,2,28.849,2.364,27.786,0.334
29,8,2,28.849,2.373,27.786,0.343
30,8,2,28.848,2.421,27.785,0.391
31,8,2,28.848,2.440,27.785,0.410
32,8,2,28.848,2.450,27.785,0.420
33,8,2,28.848,2.497,27.785,0.467
34,8,2,28.848,2.516,27.785,0.486
35,8,2,28.848,2.526,27.785,0.496
36,8,2,28.848,2.593,27.785,0.563
37,8,2,28.867,2.603,27.804,0.572
38,8,2,28.867,2.669,27.804,0.639
39,8,2,28.867,2.689,27.804,0.658
40,8,2,28.886,2.746,27.823,0.716
41,8,2,28.886,2.784,27.823,0.754
42,8,2,28.886,2.822,27.823,0.792
43,8,2,28.905,2.861,27.842,0.831
44,8,2,28.905,2.918,27.842,0.888
45,8,2,28.905,2.975,27.842,0.945
46,8,2,28.905,2.985,27.842,0.955
47,8,2,28.924,3.071,27.861,1.041
48,8,2,28.924,3.109,27.861,1.079
49,8,2,28.923,3.167,27.860,1.137
50,8,2,28.923,3.195,27.860,1.165
51,8,2,28.923,3.262,27.860,1.232
52,8,2,28.942,3.320,27.879,1.290
53,8,2,28.942,3.348,27.879,1.318
54,8,2,28.942,3.415,27.879,1.385
55,8,2,28.961,3.492,27.898,1.462
56,8,2,28.961,3.521,27.898,1.490
57,8,2,28.980,3.588,27.917,1.557
58,8,2,28.980,3.616,27.917,1.586
59,8,2,28.999,3.683,27.936,1.653
60,8,2,28.999,3.741,27.936,1.710
61,8,2,29.018,3.769,27.955,1.739
62,8,2,29.172,3.904,28.109,1.873
63,8,2,29.037,3.913,27.974,1.883
64,8,2,29.056,3.970,27.993,1.940
65,8,2,29.018,3.989,27.954,1.959
66,8,2,29.075,4.066,28.012,2.036
67,8,2,29.094,4.142,28.031,2.112
68,8,2,29.113,4.200,28.050,2.170
69,8,2,29.113,4.238,28.050,2.208
70,8,2,29.132,4.276,28.069,2.246
71,8,2,29.132,4.324,28.069,2.294
72,8,2,29.151,4.410,28.088,2.380
73,8,2,29.170,4.458,28.107,2.428
74,8,2,29.189,4.506,28.126,2.476
75,8,2,29.209,4.564,28.145,2.533
76,8,2,29.228,4.640,28.164,2.610
77,8,2,29.247,4.688,28.184,2.658
78,8,2,29.266,4.736,28.203,2.706
79,8,2,29.266,4.793,28.202,2.763
80,8,2,29.285,4.841,28.222,2.820
81,8,2,29.304,4.879,28.241,2.859
82,8,2,29.304,4.937,28.241,2.916
83,8,2,29.323,5.013,28.260,2.993
84,8,2,29.323,5.071,28.259,3.050
85,8,2,29.342,5.109,28.279,3.088
86,8,2,29.342,5.166,28.278,3.146
87,8,2,29.361,5.243,28.298,3.222
88,8,2,29.380,5.300,28.317,3.280
89,8,2,29.399,5.339,28.336,3.318
90,8,2,29.418,5.396,28.355,3.375
91,8,2,29.437,5.473,28.374,3.452
92,8,2,29.456,5.530,28.393,3.509
93,8,2,29.475,5.568,28.412,3.548
94,8,2,29.495,5.626,28.431,3.605
95,8,2,29.514,5.702,28.450,3.682
96,8,2,29.514,5.760,28.450,3.739
97,8,2,29.533,5.798,28.469,3.777
98,8,2,29.552,5.856,28.488,3.835
99,8,2,29.552,5.932,28.488,3.911
100,8,2,29.571,5.990,28.507,3.969
101,8,2,29.590,6.047,28.526,4.026
102,8,2,29.590,6.124,28.526,4.103
103,8,2,29.609,6.181,28.545,4.160
104,8,2,29.609,6.219,28.545,4.199
105,8,2,29.628,6.296,28.564,4.275
106,8,2,29.628,6.353,28.564,4.333
107,8,2,29.647,6.430,28.583,4.409
108,8,2,29.646,6.487,28.583,4.467
109,8,2,29.666,6.545,28.602,4.524
110,8,2,29.665,6.621,28.602,4.601
111,8,2,29.684,6.679,28.621,4.658
112,8,2,29.684,6.736,28.621,4.715
113,8,2,29.703,6.813,28.640,4.792
114,8,2,29.722,6.870,28.659,4.849
115,8,2,29.722,6.928,28.659,4.907
116,8,2,29.482,6.793,28.659,5.012
117,8,2,29.588,6.899,28.553,4.907
118,8,2,29.597,6.947,28.562,4.954
119,8,2,29.607,7.014,28.572,5.021
120,8,2,29.635,7.081,28.601,5.089
121,8,2,29.645,7.129,28.610,5.136
122,8,2,29.674,7.196,28.639,5.203
123,8,2,29.683,7.263,28.648,5.270
124,8,2,29.712,7.330,28.677,5.338
125,8,2,29.567,7.492,28.831,5.491
126,8,2,29.692,7.473,28.686,5.481
127,8,2,29.605,7.540,28.830,5.682
128,8,2,29.625,7.540,28.839,5.807
129,8,2,29.653,7.559,28.849,5.874
130,8,2,29.634,7.445,28.906,6.027
131,8,2,29.691,7.732,28.925,6.065
132,8,2,29.711,7.761,28.906,6.046
133,8,2,29.759,7.866,28.935,6.104
134,8,2,29.758,7.923,28.906,6.094
135,8,2,29.797,7.904,28.915,6.238
136,8,2,29.768,7.914,28.944,6.238
137,8,2,29.797,8.029,28.973,6.286
138,8,2,29.797,8.077,28.992,6.362
139,8,2,29.816,8.115,28.973,6.314
140,8,2,29.825,8.163,28.982,6.362
141,8,2,29.815,8.230,28.973,6.429
142,8,2,29.825,8.278,28.982,6.477
143,8,2,29.834,8.345,28.992,6.544
144,8,2,29.844,8.412,29.001,6.611
145,8,2,29.853,8.479,29.011,6.678
146,8,2,29.863,8.546,29.020,6.745
147,8,2,29.872,8.613,29.029,6.812
148,8,2,29.862,8.680,29.020,6.879
149,8,2,29.872,8.747,29.029,6.946
150,8,2,29.881,8.814,29.039,7.013
151,8,2,29.872,8.881,29.029,7.080
152,8,2,29.881,8.929,29.038,7.128
153,8,2,29.871,9.015,29.028,7.214
154,8,2,29.881,9.063,29.038,7.262
155,8,2,29.871,9.130,29.028,7.329
156,8,2,29.880,9.197,29.038,7.396
157,8,2,29.871,9.264,29.028,7.463
158,8,2,29.899,9.312,29.057,7.511
159,8,2,29.890,9.398,29.047,7.597
160,8,2,29.918,9.446,29.075,7.645
161,8,2,29.928,9.533,29.085,7.732
162,8,2,29.937,9.600,29.094,7.799
163,8,2,29.947,9.686,29.104,7.885
164,8,2,29.956,9.753,29.113,7.952
165,8,2,29.966,9.820,29.123,8.019
166,8,2,29.975,9.868,29.132,8.067
167,8,2,30.052,9.964,29.180,8.335
168,8,2,30.033,10.031,29.190,8.239
169,8,2,30.042,10.088,29.199,8.297
170,8,2,30.051,10.165,29.208,8.373
171,8,2,30.061,10.242,29.218,8.450
172,8,2,30.070,10.318,29.227,8.527
173,8,2,30.147,10.567,29.246,8.699
174,8,2,30.137,10.615,29.275,8.718
175,8,2,30.118,10.702,29.294,8.757
176,8,2,30.117,10.836,29.304,8.709
177,8,2,30.146,10.845,29.304,8.757
178,8,2,30.146,10.874,29.294,8.843
179,8,2,30.155,10.999,29.284,8.929
180,8,2,30.127,10.855,29.303,9.054
181,8,2,30.136,10.922,29.313,9.121
182,8,2,30.146,10.989,29.322,9.188
183,8,2,30.232,11.305,29.274,9.255
184,8,2,30.203,11.392,29.283,9.197
185,8,2,30.203,11.420,29.302,9.274
186,8,2,30.183,11.507,29.293,9.322
187,8,2,30.145,11.315,29.321,9.495
188,8,2,30.154,11.382,29.331,9.562
189,8,2,30.164,11.430,29.340,9.610
190,8,2,30.173,11.516,29.350,9.696
191,8,2,30.183,11.564,29.359,9.744
192,8,2,30.212,11.651,29.388,9.830
193,8,2,30.269,11.804,29.301,9.926
194,8,2,30.192,11.766,29.368,9.945
195,8,2,30.202,11.833,29.378,10.012
196,8,2,30.230,11.900,29.406,10.079
197,8,2,30.240,11.967,29.416,10.146
198,8,2,30.249,12.034,29.425,10.213
199,8,2,30.259,12.101,29.435,10.281
200,8,2,30.287,12.168,29.464,10.348
201,8,2,30.297,12.235,29.473,10.415
202,8,2,30.306,12.303,29.482,10.482
203,8,2,30.316,12.370,29.492,10.549
204,8,2,30.325,12.437,29.501,10.616
205,8,2,30.335,12.504,29.511,10.683
206,8,2,30.364,12.571,29.540,10.750
207,8,2,30.373,12.638,29.549,10.817
208,8,2,30.402,12.724,29.578,10.904
209,8,2,30.411,12.791,29.587,10.971
210,8,2,30.421,12.859,29.597,11.038
211,8,2,30.430,12.926,29.606,11.105
212,8,2,30.459,12.993,29.635,11.172
213,8,2,30.468,13.060,29.644,11.239
214,8,2,30.478,13.127,29.654,11.306
215,8,2,30.487,13.194,29.663,11.373
216,8,2,30.516,13.280,29.692,11.460
217,8,2,30.525,13.348,29.701,11.527
218,8,2,30.535,13.415,29.711,11.594
219,8,2,30.544,13.482,29.720,11.661
220,8,2,30.573,13.568,29.749,11.747
221,8,2,30.583,13.616,29.759,11.795
222,8,2,30.611,13.702,29.787,11.881
223,8,2,30.621,13.770,29.797,11.949
224,8,2,30.630,13.856,29.806,12.035
225,8,2,30.640,13.923,29.816,12.102
226,8,2,30.668,13.990,29.844,12.169
227,8,2,30.678,14.057,29.854,12.236
228,8,2,30.687,14.124,29.863,12.303
229,8,2,30.697,14.192,29.873,12.371
230,8,2,30.726,14.259,29.902,12.438
231,8,2,30.735,14.326,29.911,12.505
232,8,2,30.745,14.412,29.920,12.591
233,8,2,30.754,14.479,29.930,12.658
234,8,2,30.763,14.566,29.939,12.745
235,8,2,30.773,14.633,29.949,12.812
236,8,2,30.782,14.700,29.958,12.879
237,8,2,30.792,14.767,29.968,12.946
238,8,2,30.801,14.853,29.977,13.032
239,8,2,30.811,14.901,29.987,13.080
240,8,2,30.820,14.988,29.996,13.167
241,8,2,30.830,15.055,30.006,13.234
242,8,2,30.839,15.141,30.015,13.320
243,8,2,30.849,15.208,30.025,13.387
244,8,2,30.867,15.458,30.005,13.599
245,8,2,30.848,15.429,30.024,13.608
246,8,2,30.858,15.496,30.033,13.675
247,8,2,30.867,15.506,30.053,13.723
248,8,2,30.867,15.525,30.053,13.714
249,8,2,30.867,15.602,30.052,13.790
250,8,2,30.828,15.775,30.014,13.810
251,8,2,30.828,15.698,30.014,13.886
252,8,2,30.828,15.775,30.014,13.963
253,8,2,30.828,15.852,30.013,14.040
254,8,2,30.828,15.929,30.013,14.117
255,8,2,30.828,16.006,30.013,14.194
256,8,2,30.828,16.082,30.013,14.270
257,8,2,30.837,16.322,30.022,14.578
258,8,2,30.914,16.255,30.128,14.462
259,8,2,30.904,16.303,30.099,14.510
260,8,2,30.894,16.380,30.089,14.587
261,8,2,30.904,16.457,30.099,14.664
262,8,2,30.894,16.534,30.089,14.741
263,8,2,30.797,16.822,30.021,14.914
264,8,2,30.797,16.889,30.030,14.981
265,8,2,30.797,17.014,30.020,15.096
266,8,2,30.816,17.081,30.001,15.202
267,8,2,30.893,17.139,30.049,15.240
268,8,2,30.854,17.081,30.078,15.288
269,8,2,30.892,17.216,30.029,15.490
270,8,2,30.844,17.235,30.068,15.451
271,8,2,30.854,17.245,30.019,15.625
272,8,2,30.825,17.322,30.048,15.548
273,8,2,30.853,17.456,30.009,15.721
274,8,2,30.815,17.466,30.038,15.701
275,8,2,30.834,17.706,29.990,15.903
276,8,2,30.853,17.735,29.980,16.057
277,8,2,30.795,17.764,30.018,16.009
278,8,2,30.824,17.860,29.960,16.134
279,8,2,30.795,17.937,29.941,16.288
280,8,2,30.775,18.052,29.960,16.384
281,8,2,30.756,18.072,29.979,16.345
282,8,2,30.756,18.014,29.969,16.672
283,8,2,30.774,18.312,29.949,16.576
284,8,2,30.784,18.456,29.921,16.538
285,8,2,30.765,18.398,29.901,16.653
286,8,2,30.716,18.379,29.940,16.663
287,8,2,30.697,18.456,29.920,16.740
288,8,2,30.658,18.697,29.910,17.038
289,8,2,30.658,18.562,29.900,17.182
290,8,2,30.667,18.803,29.842,17.115
291,8,2,30.629,18.793,29.871,17.105
292,8,2,30.657,18.918,29.842,17.288
293,8,2,30.618,19.092,29.832,17.211
294,8,2,30.599,19.101,29.823,17.221
295,8,2,30.590,18.996,29.832,17.317
296,8,2,30.570,19.073,29.813,17.394
297,8,2,30.570,19.352,29.754,17.673
298,8,2,30.560,19.419,29.706,17.769
299,8,2,30.608,19.438,29.715,17.837
300,8,2,30.531,19.467,29.773,17.807
301,8,2,30.550,19.727,29.705,17.923
302,8,2,30.502,19.641,29.744,17.981
303,8,2,30.530,19.862,29.599,18.078
304,8,2,30.501,19.679,29.617,18.366
305,8,2,30.434,19.843,29.676,18.193
306,8,2,30.405,19.882,29.607,18.433
307,8,2,30.414,20.084,29.463,18.396
308,8,2,30.317,20.046,29.559,18.405
309,8,2,30.298,20.123,29.540,18.482
310,8,2,30.278,20.200,29.520,18.559
311,8,2,30.278,20.258,29.520,18.617
312,8,2,30.259,20.335,29.501,18.694
313,8,2,30.364,20.604,29.385,18.733
314,8,2,30.345,20.604,29.355,18.916
315,8,2,30.229,20.566,29.471,18.925
316,8,2,30.210,20.605,29.452,18.964
317,8,2,30.191,20.634,29.432,19.002
318,8,2,30.191,20.663,29.432,19.041
319,8,2,30.171,20.701,29.413,19.089
320,8,2,30.152,20.730,29.393,19.127
321,8,2,30.132,20.759,29.374,19.166
322,8,2,30.113,20.788,29.355,19.205
323,8,2,30.094,20.827,29.335,19.253
324,8,2,30.094,20.846,29.335,19.282
0,9,2,34.372,4.670,33.321,3.246
1,9,2,34.400,4.708,33.302,3.218
2,9,2,34.381,4.756,33.282,3.265
3,9,2,34.381,4.784,33.282,3.294
4,9,2,34.362,4.832,33.263,3.341
5,9,2,34.343,4.880,33.244,3.389
6,9,2,34.343,4.947,33.244,3.456
7,9,2,34.323,4.994,33.224,3.503
8,9,2,34.304,5.061,33.205,3.570
9,9,2,34.304,5.128,33.205,3.637
10,9,2,34.285,5.194,33.186,3.704
11,9,2,34.246,5.261,33.147,3.770
12,9,2,34.246,5.328,33.147,3.837
13,9,2,34.055,5.356,33.224,3.914
14,9,2,34.112,5.366,33.157,3.904
15,9,2,34.103,5.423,33.147,3.961
16,9,2,34.112,5.480,33.157,4.018
17,9,2,34.025,5.748,33.099,4.085
18,9,2,34.035,5.671,33.089,4.152
19,9,2,34.035,5.728,33.089,4.209
20,9,2,34.016,5.786,33.070,4.266
21,9,2,34.035,5.862,33.089,4.343
22,9,2,34.016,5.938,33.070,4.419
23,9,2,34.016,5.996,33.069,4.476
24,9,2,34.015,6.053,33.069,4.534
25,9,2,33.996,6.148,33.050,4.629
26,9,2,33.977,6.206,33.031,4.686
27,9,2,33.977,6.282,33.031,4.763
28,9,2,33.977,6.358,33.031,4.839
29,9,2,33.957,6.435,33.011,4.915
30,9,2,33.938,6.492,32.992,4.973
31,9,2,33.938,6.549,32.992,5.030
32,9,2,33.938,6.645,32.992,5.125
33,9,2,33.938,6.702,32.992,5.183
34,9,2,33.919,6.778,32.972,5.259
35,9,2,33.899,6.855,32.953,5.335
36,9,2,33.918,6.931,32.972,5.412
37,9,2,33.899,7.008,32.953,5.488
38,9,2,33.832,7.227,32.953,5.421
39,9,2,33.765,7.237,32.915,5.383
40,9,2,33.803,7.285,32.914,5.431
41,9,2,33.764,7.428,32.866,5.469
42,9,2,33.764,7.275,32.866,5.603
43,9,2,33.755,7.332,32.857,5.660
44,9,2,33.745,7.390,32.847,5.717
45,9,2,33.755,7.466,32.856,5.794
46,9,2,33.745,7.542,32.847,5.870
47,9,2,33.735,7.619,32.837,5.946
48,9,2,33.725,7.695,32.827,6.023
49,9,2,33.716,7.772,32.817,6.099
50,9,2,33.706,7.867,32.808,6.195
51,9,2,33.686,8.192,32.865,6.204
52,9,2,33.705,8.269,32.846,6.434
53,9,2,33.715,8.183,32.836,6.472
54,9,2,33.705,8.250,32.826,6.539
55,9,2,33.696,8.326,32.817,6.615
56,9,2,33.686,8.402,32.807,6.691
57,9,2,33.657,8.479,32.778,6.768
58,9,2,33.647,8.555,32.768,6.844
59,9,2,33.619,8.632,32.739,6.921
60,9,2,33.609,8.708,32.729,6.997
61,9,2,33.599,8.766,32.720,7.054
62,9,2,33.590,8.794,32.710,7.083
63,9,2,33.580,8.861,32.700,7.150
65,9,2,33.570,8.852,32.691,7.140
66,9,2,33.561,8.890,32.681,7.179
67,9,2,33.512,9.330,32.796,7.408
68,9,2,33.569,9.588,32.795,7.685
69,9,2,33.598,9.502,32.767,7.743
70,9,2,33.607,9.674,32.632,7.733
71,9,2,33.578,9.817,32.670,7.876
72,9,2,33.597,9.932,32.718,7.953
73,9,2,33.569,9.817,32.737,8.039
74,9,2,33.569,9.884,32.737,8.106
75,9,2,33.549,9.932,32.718,8.154
76,9,2,33.530,10.018,32.698,8.240
77,9,2,33.530,10.085,32.698,8.307
78,9,2,33.482,10.334,32.679,8.498
79,9,2,33.481,10.430,32.698,8.613
80,9,2,33.462,10.420,32.727,8.670
81,9,2,33.453,10.478,32.726,8.747
82,9,2,33.481,10.487,32.688,8.728
83,9,2,33.481,10.554,32.688,8.794
84,9,2,33.481,10.640,32.688,8.881
85,9,2,33.481,10.726,32.688,8.967
86,9,2,33.481,10.812,32.687,9.053
87,9,2,33.461,10.899,32.668,9.139
88,9,2,33.461,11.004,32.668,9.244
89,9,2,33.442,11.090,32.649,9.330
90,9,2,33.442,11.176,32.648,9.416
91,9,2,33.423,11.243,32.629,9.483
92,9,2,33.422,11.348,32.629,9.588
93,9,2,33.422,11.435,32.629,9.675
94,9,2,33.403,11.540,32.609,9.780
95,9,2,33.403,11.607,32.609,9.847
96,9,2,33.403,11.693,32.609,9.933
97,9,2,33.383,11.779,32.590,10.019
98,9,2,33.383,11.865,32.590,10.105
99,9,2,33.364,11.952,32.570,10.191
100,9,2,33.364,12.038,32.570,10.278
101,9,2,33.344,12.124,32.551,10.364
102,9,2,33.325,12.402,32.464,10.526
103,9,2,33.344,12.469,32.493,10.593
104,9,2,33.305,12.402,32.512,10.641
105,9,2,33.305,12.488,32.512,10.727
106,9,2,33.305,12.574,32.511,10.814
107,9,2,33.305,12.660,32.511,10.900
108,9,2,33.372,12.919,32.482,10.919
109,9,2,33.314,12.794,32.521,11.034
110,9,2,33.314,12.881,32.520,11.120
111,9,2,33.333,13.130,32.453,11.398
112,9,2,33.333,13.331,32.462,11.426
113,9,2,33.323,13.302,32.472,11.503
114,9,2,33.294,13.273,32.501,11.522
115,9,2,33.294,13.350,32.500,11.599
116,9,2,33.294,13.446,32.500,11.695
117,9,2,33.294,13.542,32.500,11.790
118,9,2,33.294,13.618,32.500,11.867
119,9,2,33.294,13.714,32.500,11.963
120,9,2,33.294,13.810,32.500,12.059
121,9,2,33.313,13.906,32.519,12.154
122,9,2,33.332,13.982,32.538,12.231
123,9,2,33.312,14.078,32.518,12.327
124,9,2,33.370,14.068,32.527,12.921
125,9,2,33.341,14.346,32.547,12.614
126,9,2,33.350,14.250,32.507,13.017
127,9,2,33.408,14.375,32.507,13.112
128,9,2,33.389,14.432,32.430,13.218
129,9,2,33.302,14.653,32.507,12.978
130,9,2,33.350,14.663,32.439,13.448
131,9,2,33.292,14.874,32.497,13.218
132,9,2,33.292,14.950,32.497,13.295
133,9,2,33.291,15.046,32.497,13.390
134,9,2,33.291,15.142,32.497,13.486
135,9,2,33.291,15.238,32.497,13.582
136,9,2,33.310,15.334,32.516,13.678
137,9,2,33.329,15.430,32.535,13.774
138,9,2,33.310,15.526,32.515,13.870
139,9,2,33.329,15.621,32.534,13.965
140,9,2,33.310,15.717,32.515,14.061
141,9,2,33.329,15.813,32.534,14.157
142,9,2,33.309,15.909,32.515,14.253
143,9,2,33.328,16.005,32.534,14.349
144,9,2,33.328,16.101,32.534,14.445
145,9,2,33.328,16.197,32.533,14.541
146,9,2,33.328,16.293,32.533,14.637
147,9,2,33.328,16.389,32.533,14.732
148,9,2,33.328,16.485,32.533,14.828
149,9,2,33.327,16.580,32.533,14.924
150,9,2,33.327,16.676,32.533,15.020
151,9,2,33.327,16.772,32.532,15.116
152,9,2,33.327,16.868,32.532,15.212
153,9,2,33.327,16.964,32.532,15.308
154,9,2,33.327,17.060,32.532,15.404
155,9,2,33.326,17.156,32.532,15.500
156,9,2,33.326,17.252,32.532,15.596
157,9,2,33.326,17.348,32.531,15.692
158,9,2,33.326,17.444,32.531,15.788
159,9,2,33.326,17.540,32.531,15.883
160,9,2,33.326,17.636,32.531,15.979
161,9,2,33.325,17.732,32.531,16.075
162,9,2,33.325,17.828,32.530,16.171
163,9,2,33.325,17.924,32.530,16.267
164,9,2,33.325,18.020,32.530,16.363
165,9,2,33.325,18.116,32.530,16.459
166,9,2,33.325,18.231,32.530,16.574
167,9,2,33.324,18.327,32.530,16.670
168,9,2,33.324,18.423,32.529,16.766
169,9,2,33.324,18.519,32.529,16.862
170,9,2,33.324,18.615,32.529,16.958
171,9,2,33.324,18.711,32.529,17.054
172,9,2,33.324,18.807,32.529,17.150
173,9,2,33.324,18.903,32.528,17.246
174,9,2,33.323,19.018,32.528,17.361
175,9,2,33.323,19.114,32.528,17.458
176,9,2,33.323,19.211,32.528,17.554
177,9,2,33.323,19.326,32.528,17.669
178,9,2,33.323,19.422,32.528,17.765
179,9,2,33.322,19.537,32.527,17.880
180,9,2,33.303,19.633,32.508,17.976
181,9,2,33.322,19.729,32.527,18.072
182,9,2,33.303,19.825,32.508,18.168
183,9,2,33.322,19.710,32.518,17.890
184,9,2,33.313,19.633,32.518,17.976
185,9,2,33.313,19.729,32.517,18.072
186,9,2,33.312,19.825,32.517,18.168
187,9,2,33.312,19.921,32.517,18.264
188,9,2,33.312,20.037,32.517,18.379
189,9,2,33.293,20.133,32.497,18.476
190,9,2,33.292,20.229,32.497,18.572
191,9,2,33.292,20.325,32.497,18.668
192,9,2,33.292,20.421,32.497,18.764
193,9,2,33.292,20.517,32.497,18.860
194,9,2,33.273,20.594,32.477,18.937
195,9,2,33.273,20.633,32.477,18.985
196,9,2,33.273,20.681,32.477,19.042
197,9,2,33.272,20.738,32.477,19.110
198,9,2,33.272,20.786,32.477,19.167
200,9,2,33.263,20.662,32.467,19.052
201,9,2,33.263,20.700,32.467,19.100
202,9,2,33.244,20.758,32.448,19.168
203,9,2,33.224,20.825,32.429,19.245
204,9,2,33.243,20.873,32.448,19.302
205,9,2,33.224,20.883,32.429,19.321
207,9,2,33.215,20.710,32.419,19.158
208,9,2,33.215,20.739,32.419,19.197
209,9,2,33.195,20.777,32.400,19.245
210,9,2,33.195,20.816,32.400,19.293
211,9,2,33.195,20.873,32.400,19.360
212,9,2,33.195,20.902,32.399,19.398
213,9,2,33.214,20.921,32.419,19.427
214,9,2,33.253,20.931,32.457,19.446
215,9,2,33.272,20.931,32.476,19.456
216,9,2,33.291,20.921,32.496,19.456
217,9,2,33.311,20.911,32.515,19.455
218,9,2,33.330,20.901,32.534,19.455
219,9,2,33.349,20.901,32.553,19.465
220,9,2,33.349,20.882,32.553,19.455
221,9,2,33.349,20.892,32.553,19.474
222,9,2,33.349,20.872,32.553,19.465
223,9,2,33.349,20.872,32.553,19.474
224,9,2,33.349,20.863,32.553,19.474
225,9,2,33.349,20.872,32.553,19.494
226,9,2,33.349,20.863,32.553,19.494
227,9,2,33.349,20.863,32.553,19.503
228,9,2,33.349,20.853,32.553,19.503
229,9,2,33.349,20.853,32.553,19.513
230,9,2,33.349,20.844,32.553,19.513
231,9,2,33.349,20.844,32.553,19.522
232,9,2,33.349,20.834,32.553,19.522
233,9,2,33.349,20.834,32.553,19.532
234,9,2,33.349,20.824,32.553,19.532
235,9,2,33.349,20.824,32.553,19.542
236,9,2,33.349,20.815,32.553,19.542
237,9,2,33.349,20.815,32.553,19.551
238,9,2,33.349,20.805,32.553,19.551
239,9,2,33.349,20.805,32.553,19.561
240,9,2,33.349,20.796,32.553,19.561
241,9,2,33.349,20.796,32.553,19.571
242,9,2,33.349,20.786,32.553,19.571
243,9,2,33.349,20.786,32.553,19.580
244,9,2,33.349,20.776,32.553,19.580
245,9,2,33.349,20.786,32.553,19.599
246,9,2,33.349,20.776,32.553,19.599
247,9,2,33.349,20.776,32.553,19.609
248,9,2,33.349,20.767,32.553,19.609
249,9,2,33.349,20.767,32.553,19.619
250,9,2,33.349,20.757,32.553,19.619
251,9,2,33.349,20.757,32.553,19.628
252,9,2,33.349,20.757,32.553,19.638
253,9,2,33.349,20.757,32.553,19.647
254,9,2,33.349,20.748,32.553,19.647
255,9,2,33.349,20.748,32.553,19.657
256,9,2,33.349,20.738,32.553,19.657
257,9,2,33.349,20.738,32.553,19.667
258,9,2,33.349,20.728,32.553,19.667
259,9,2,33.349,20.728,32.553,19.676
260,9,2,33.349,20.719,32.553,19.676
261,9,2,33.349,20.719,32.553,19.686
262,9,2,33.349,20.709,32.553,19.686
263,9,2,33.349,20.709,32.553,19.695
264,9,2,33.349,20.699,32.553,19.695
265,9,2,33.349,20.699,32.553,19.705
266,9,2,33.349,20.690,32.553,19.705
267,9,2,33.349,20.690,32.553,19.715
268,9,2,33.349,20.680,32.553,19.715
269,9,2,33.349,20.680,32.553,19.724
270,9,2,33.349,20.680,32.553,19.734
271,9,2,33.349,20.680,32.553,19.744
272,9,2,33.349,20.671,32.553,19.744
273,9,2,33.349,20.671,32.553,19.753
274,9,2,33.349,20.661,32.553,19.753
275,9,2,33.349,20.661,32.553,19.763
276,9,2,33.349,20.651,32.553,19.763
277,9,2,33.349,20.651,32.553,19.772
278,9,2,33.349,20.642,32.553,19.772
279,9,2,33.349,20.642,32.553,19.782
280,9,2,33.350,20.632,32.553,19.782
281,9,2,33.350,20.632,32.553,19.792
282,9,2,33.350,20.623,32.553,19.792
283,9,2,33.350,20.623,32.553,19.801
284,9,2,33.350,20.613,32.553,19.801
285,9,2,33.350,20.613,32.553,19.811
286,9,2,33.350,20.603,32.553,19.811
287,9,2,33.350,20.603,32.553,19.820
288,9,2,33.350,20.594,32.553,19.820
289,9,2,33.350,20.594,32.553,19.830
290,9,2,33.350,20.584,32.553,19.830
291,9,2,33.350,20.584,32.553,19.840
292,9,2,33.350,20.584,32.553,19.849
293,9,2,33.350,20.575,32.553,19.840
294,9,2,33.350,20.575,32.553,19.840
295,9,2,33.350,20.575,32.553,19.840
296,9,2,33.350,20.575,32.553,19.840
297,9,2,33.350,20.575,32.553,19.840
298,9,2,33.350,20.584,32.553,19.859
299,9,2,33.350,20.575,32.553,19.859
300,9,2,33.350,20.565,32.553,19.849
301,9,2,33.350,20.565,32.553,19.849
302,9,2,33.330,20.575,32.533,19.859
303,9,2,33.330,20.575,32.533,19.859
304,9,2,33.330,20.575,32.533,19.859
305,9,2,33.330,20.575,32.533,19.859
306,9,2,33.330,20.575,32.533,19.859
307,9,2,33.330,20.575,32.533,19.859
308,9,2,33.330,20.584,32.533,19.878
309,9,2,33.330,20.575,32.533,19.878
310,9,2,33.350,20.575,32.553,19.878
311,9,2,33.350,20.575,32.553,19.878
312,9,2,33.350,20.575,32.553,19.878
313,9,2,33.350,20.575,32.553,19.878
314,9,2,33.350,20.575,32.553,19.878
315,9,2,33.350,20.575,32.553,19.878
316,9,2,33.350,20.575,32.553,19.878
317,9,2,33.350,20.575,32.553,19.878
318,9,2,33.350,20.575,32.553,19.878
319,9,2,33.350,20.575,32.553,19.878
320,9,2,33.350,20.575,32.553,19.878
321,9,2,33.350,20.575,32.553,19.878
322,9,2,33.350,20.575,32.553,19.878
323,9,2,33.350,20.575,32.553,19.878
324,9,2,33.350,20.575,32.553,19.878
0,10,2,33.600,20.169,32.796,18.292
29,10,2,33.648,20.304,32.796,17.965
30,10,2,33.687,20.246,32.787,17.965
31,10,2,33.677,20.092,32.806,18.128
32,10,2,33.725,20.149,32.777,17.908
33,10,2,33.725,20.111,32.816,17.927
34,10,2,33.716,20.111,32.816,17.706
35,10,2,33.745,20.034,32.826,17.667
36,10,2,33.754,19.967,32.826,17.782
37,10,2,33.706,19.881,32.787,17.725
38,10,2,33.726,19.794,32.787,17.619
39,10,2,33.755,19.765,32.787,17.581
40,10,2,33.764,19.688,32.797,17.581
41,10,2,33.793,19.630,32.807,17.600
42,10,2,33.861,19.582,32.875,17.293
43,10,2,33.889,19.534,32.846,17.389
44,10,2,33.966,19.418,32.922,17.379
45,10,2,33.957,19.447,32.971,17.206
46,10,2,33.947,19.409,32.932,17.187
47,10,2,33.995,19.322,33.028,17.196
48,10,2,34.072,19.235,33.057,17.340
49,10,2,34.159,19.177,33.115,17.128
50,10,2,34.149,19.119,33.134,17.099
51,10,2,34.169,18.975,33.028,17.340
52,10,2,34.159,18.994,33.202,17.080
53,10,2,34.188,19.090,33.250,16.974
54,10,2,34.246,19.013,33.298,16.936
55,10,2,34.207,19.004,33.317,16.936
56,10,2,34.323,18.725,33.337,16.667
57,10,2,34.342,18.696,33.327,16.590
58,10,2,34.390,18.581,33.395,16.638
59,10,2,34.457,18.494,33.404,16.638
60,10,2,34.448,18.465,33.404,16.465
61,10,2,34.371,18.485,33.481,16.455
62,10,2,34.487,18.196,33.462,16.273
63,10,2,34.544,18.177,33.386,16.197
64,10,2,34.487,18.052,33.444,16.033
65,10,2,34.449,17.995,33.492,15.765
66,10,2,34.449,17.889,33.492,15.784
67,10,2,34.506,17.784,33.454,15.659
68,10,2,34.420,17.726,33.530,15.716
69,10,2,34.593,17.678,33.675,15.658
70,10,2,34.564,17.524,33.444,15.736
71,10,2,34.603,17.467,33.464,15.525
72,10,2,34.632,17.457,33.445,15.305
73,10,2,34.555,17.333,33.493,15.285
74,10,2,34.402,17.295,33.656,15.313
75,10,2,34.421,17.218,33.675,15.237
76,10,2,34.459,17.141,33.714,15.160
77,10,2,34.613,16.987,33.704,15.064
78,10,2,34.661,16.901,33.474,14.931
79,10,2,34.441,16.902,33.695,14.930
80,10,2,34.690,16.622,33.685,14.844
81,10,2,34.662,16.565,33.618,14.825
82,10,2,34.719,16.565,33.590,14.643
83,10,2,34.527,16.585,33.782,14.642
84,10,2,34.556,16.508,33.811,14.565
85,10,2,34.815,16.306,33.964,14.373
86,10,2,34.835,16.258,33.984,14.258
87,10,2,34.758,16.162,33.600,14.202
88,10,2,34.854,16.047,33.658,14.087
89,10,2,34.826,15.855,33.553,13.934
90,10,2,34.874,15.836,33.697,13.857
91,10,2,34.893,15.721,33.668,13.933
92,10,2,34.893,15.558,34.071,13.654
93,10,2,35.104,15.365,33.505,13.848
94,10,2,35.210,15.355,33.495,13.857
95,10,2,35.200,15.403,33.534,13.675
96,10,2,35.229,15.365,33.505,13.723
97,10,2,34.759,15.558,34.004,13.655
98,10,2,34.778,15.482,34.023,13.578
99,10,2,35.411,15.020,33.544,13.541
100,10,2,34.788,15.376,34.033,13.472
101,10,2,34.807,15.299,34.052,13.396
102,10,2,35.067,14.762,34.207,12.735
103,10,2,35.009,14.714,34.255,12.811
104,10,2,35.029,14.638,34.274,12.735
105,10,2,35.048,14.523,34.293,12.620
106,10,2,35.048,14.427,34.293,12.524
107,10,2,35.067,14.350,34.313,12.447
108,10,2,35.067,14.255,34.313,12.352
109,10,2,35.087,14.140,34.332,12.237
110,10,2,35.106,14.044,34.351,12.141
111,10,2,35.106,13.967,34.352,12.065
112,10,2,35.125,13.872,34.371,11.969
113,10,2,35.241,13.603,34.160,11.653
114,10,2,35.202,13.575,34.218,11.567
115,10,2,35.222,13.527,34.228,11.405
116,10,2,35.270,13.440,34.237,11.424
117,10,2,35.241,13.402,34.285,11.357
118,10,2,35.308,13.316,34.267,11.165
119,10,2,35.347,13.220,34.248,11.070
120,10,2,35.308,13.105,34.267,10.984
121,10,2,35.270,13.010,34.267,10.850
122,10,2,35.328,12.933,34.258,10.744
123,10,2,35.328,12.914,34.248,10.658
124,10,2,35.404,12.799,34.200,10.620
125,10,2,35.338,12.732,34.239,10.410
126,10,2,35.395,12.684,34.210,10.410
127,10,2,35.385,12.665,34.134,10.314
128,10,2,35.405,12.512,34.201,10.209
129,10,2,35.137,12.503,34.382,10.601
130,10,2,35.290,12.120,34.431,10.065
131,10,2,35.405,12.436,34.268,9.951
132,10,2,35.396,12.302,34.220,9.893
133,10,2,35.358,12.053,34.230,9.683
134,10,2,35.204,12.025,34.450,10.123
135,10,2,35.301,11.585,34.441,9.769
136,10,2,35.339,11.518,34.499,9.540
137,10,2,35.320,11.613,34.336,9.301
138,10,2,35.378,11.336,34.356,9.224
139,10,2,35.349,11.307,34.336,9.176
140,10,2,35.339,11.279,34.337,9.100
141,10,2,35.330,11.173,34.317,9.129
142,10,2,35.311,11.049,34.289,9.100
143,10,2,35.301,10.915,34.251,8.947
144,10,2,35.273,10.868,34.241,8.852
145,10,2,35.302,10.791,34.260,8.794
146,10,2,35.254,10.667,34.280,8.737
147,10,2,35.254,10.552,34.280,8.565
148,10,2,35.235,10.466,34.299,8.345
149,10,2,35.254,10.409,34.300,8.240
150,10,2,35.187,10.265,34.300,8.087
151,10,2,35.168,10.208,34.252,7.992
152,10,2,35.082,10.046,34.328,8.154
153,10,2,35.063,9.960,34.309,8.068
154,10,2,35.083,9.855,34.329,7.963
155,10,2,35.044,9.769,34.290,7.877
156,10,2,35.025,9.664,34.271,7.772
157,10,2,35.026,9.558,34.272,7.667
158,10,2,35.026,9.453,34.272,7.562
159,10,2,35.007,9.367,34.253,7.476
160,10,2,34.988,9.262,34.234,7.371
161,10,2,34.988,9.176,34.234,7.285
162,10,2,34.969,9.071,34.215,7.180
163,10,2,34.931,8.985,34.177,7.094
164,10,2,34.912,8.880,34.158,6.989
165,10,2,34.912,8.775,34.158,6.884
166,10,2,34.912,8.670,34.158,6.779
167,10,2,34.893,8.584,34.139,6.693
168,10,2,34.855,8.479,34.101,6.588
169,10,2,34.836,8.393,34.082,6.502
170,10,2,34.836,8.288,34.082,6.397
171,10,2,34.817,8.202,34.063,6.311
172,10,2,34.778,8.116,34.025,6.225
173,10,2,34.759,8.030,34.006,6.139
174,10,2,34.760,7.925,34.006,6.034
175,10,2,34.741,7.839,33.987,5.948
176,10,2,34.702,7.734,33.949,5.843
177,10,2,34.683,7.648,33.930,5.757
178,10,2,34.684,7.543,33.930,5.652
179,10,2,34.665,7.457,33.911,5.566
180,10,2,34.626,7.352,33.873,5.461
181,10,2,34.607,7.266,33.854,5.375
182,10,2,34.607,7.161,33.854,5.270
183,10,2,34.588,7.075,33.835,5.184
184,10,2,34.550,6.989,33.797,5.098
185,10,2,34.531,6.903,33.778,5.012
186,10,2,34.531,6.817,33.778,4.926
187,10,2,34.732,6.856,33.605,4.821
188,10,2,34.541,6.779,33.787,4.888
189,10,2,34.522,6.693,33.768,4.802
190,10,2,34.503,6.607,33.749,4.716
191,10,2,34.484,6.540,33.730,4.650
192,10,2,34.465,6.454,33.711,4.564
193,10,2,34.465,6.369,33.711,4.478
194,10,2,34.446,6.283,33.692,4.392
195,10,2,34.427,6.216,33.673,4.325
196,10,2,34.408,6.111,33.654,4.220
197,10,2,34.408,6.044,33.654,4.153
198,10,2,34.389,5.939,33.635,4.048
199,10,2,34.389,5.872,33.636,3.981
200,10,2,34.370,5.767,33.617,3.877
201,10,2,34.408,5.758,33.473,3.714
202,10,2,34.313,5.681,33.559,3.791
203,10,2,34.294,5.595,33.540,3.705
204,10,2,34.294,5.509,33.540,3.619
205,10,2,34.275,5.404,33.521,3.514
206,10,2,34.275,5.318,33.522,3.428
207,10,2,34.275,5.233,33.522,3.342
208,10,2,34.400,5.223,33.398,2.960
209,10,2,34.266,5.042,33.512,3.151
210,10,2,34.457,4.994,33.398,2.741
211,10,2,34.448,4.985,33.417,2.665
212,10,2,34.429,4.832,33.418,2.569
213,10,2,34.295,4.651,33.542,2.760
214,10,2,34.295,4.565,33.542,2.675
215,10,2,34.295,4.479,33.542,2.589
216,10,2,34.296,4.393,33.542,2.503
217,10,2,34.296,4.307,33.542,2.417
218,10,2,34.296,4.202,33.542,2.312
219,10,2,34.296,4.117,33.543,2.227
220,10,2,34.430,4.079,33.438,1.931
221,10,2,34.401,3.983,33.524,1.798
222,10,2,34.363,3.917,33.515,1.731
223,10,2,34.316,3.773,33.562,1.884
224,10,2,34.440,3.755,33.553,1.559
225,10,2,34.488,3.631,33.563,1.455
226,10,2,34.469,3.478,33.573,1.340
227,10,2,34.488,3.402,33.544,1.359
228,10,2,34.517,3.307,33.458,1.292
229,10,2,34.555,3.326,33.449,1.206
230,10,2,34.508,3.335,33.497,1.083
231,10,2,34.536,3.231,33.535,0.978
232,10,2,34.403,3.049,33.650,1.160
233,10,2,34.403,2.963,33.650,1.074
234,10,2,34.422,2.878,33.669,0.988
235,10,2,34.441,2.792,33.688,0.903
236,10,2,34.441,2.706,33.688,0.817
237,10,2,34.442,2.620,33.689,0.731
238,10,2,34.442,2.535,33.689,0.645
239,10,2,34.461,2.449,33.708,0.560
240,10,2,34.738,2.355,33.651,0.198
241,10,2,34.806,2.231,33.603,0.074
242,10,2,34.825,2.174,33.604,0.007
243,10,2,34.700,2.173,33.671,-0.069
244,10,2,34.653,2.049,33.623,-0.060
245,10,2,34.653,1.992,33.633,-0.126
246,10,2,34.672,1.859,33.633,-0.136
247,10,2,34.644,1.821,33.556,-0.193
248,10,2,34.605,1.725,33.547,-0.203
249,10,2,34.452,1.753,33.700,-0.136
250,10,2,34.433,1.706,33.680,-0.174
251,10,2,34.414,1.658,33.661,-0.212
252,10,2,34.376,1.629,33.623,-0.231
253,10,2,34.357,1.582,33.604,-0.269
254,10,2,34.338,1.553,33.585,-0.288
255,10,2,34.319,1.505,33.566,-0.327
256,10,2,34.300,1.477,33.547,-0.346
257,10,2,34.262,1.438,33.509,-0.374
258,10,2,34.223,1.410,33.470,-0.394
259,10,2,34.185,1.371,33.432,-0.422
260,10,2,34.147,1.343,33.394,-0.442
261,10,2,34.109,1.314,33.356,-0.461
262,10,2,34.070,1.285,33.317,-0.480
263,10,2,34.013,1.256,33.260,-0.499
264,10,2,33.975,1.237,33.222,-0.509
266,10,2,33.965,1.437,33.212,-0.300
267,10,2,33.946,1.428,33.193,-0.300
268,10,2,33.946,1.428,33.193,-0.290
269,10,2,33.946,1.418,33.193,-0.290
270,10,2,33.946,1.418,33.193,-0.281
271,10,2,33.946,1.409,33.193,-0.281
272,10,2,33.946,1.399,33.193,-0.281
273,10,2,33.965,1.399,33.212,-0.271
274,10,2,33.984,1.390,33.231,-0.271
276,10,2,33.974,1.475,33.221,-0.176
277,10,2,33.974,1.466,33.221,-0.176
278,10,2,33.975,1.456,33.221,-0.176
279,10,2,33.975,1.456,33.221,-0.166
280,10,2,33.975,1.447,33.221,-0.166
281,10,2,33.975,1.447,33.221,-0.157
282,10,2,33.975,1.437,33.221,-0.157
283,10,2,33.975,1.437,33.221,-0.147
284,10,2,33.975,1.428,33.221,-0.147
285,10,2,33.975,1.428,33.221,-0.138
286,10,2,33.975,1.418,33.221,-0.138
287,10,2,33.975,1.418,33.221,-0.128
288,10,2,33.975,1.409,33.221,-0.128
289,10,2,33.975,1.409,33.221,-0.128
290,10,2,33.975,1.409,33.221,-0.119
291,10,2,33.975,1.409,33.221,-0.119
292,10,2,33.975,1.399,33.221,-0.128
293,10,2,33.975,1.399,33.221,-0.128
294,10,2,33.975,1.399,33.221,-0.128
295,10,2,33.975,1.409,33.221,-0.119
296,10,2,33.975,1.399,33.221,-0.128
297,10,2,33.975,1.409,33.221,-0.119
298,10,2,33.975,1.409,33.221,-0.119
299,10,2,33.975,1.399,33.221,-0.128
300,10,2,33.975,1.399,33.221,-0.128
301,10,2,33.975,1.409,33.221,-0.119
302,10,2,33.975,1.399,33.221,-0.128
303,10,2,33.975,1.409,33.221,-0.119
304,10,2,33.975,1.399,33.221,-0.128
305,10,2,33.975,1.399,33.221,-0.128
306,10,2,33.975,1.399,33.221,-0.128
307,10,2,33.975,1.409,33.221,-0.119
308,10,2,33.975,1.399,33.221,-0.128
309,10,2,33.975,1.409,33.221,-0.119
310,10,2,33.975,1.409,33.221,-0.119
311,10,2,33.975,1.409,33.221,-0.119
312,10,2,33.975,1.409,33.221,-0.119
313,10,2,33.975,1.418,33.221,-0.109
314,10,2,33.975,1.409,33.221,-0.119
315,10,2,33.975,1.418,33.221,-0.109
316,10,2,33.975,1.409,33.221,-0.119
317,10,2,33.975,1.409,33.221,-0.119
318,10,2,33.975,1.409,33.221,-0.119
319,10,2,33.975,1.418,33.221,-0.109
320,10,2,33.975,1.409,33.221,-0.119
321,10,2,33.975,1.418,33.221,-0.109
322,10,2,33.975,1.409,33.221,-0.119
323,10,2,33.975,1.409,33.221,-0.119
324,10,2,33.975,1.409,33.221,-0.119
