frame,id,class,tl_x,tl_y,br_x,br_y
0,0,1,33.590,4.492,32.842,3.472
1,0,1,33.610,4.522,32.831,3.452
2,0,1,33.610,4.552,32.832,3.482
3,0,1,33.610,4.582,32.832,3.511
4,0,1,33.590,4.631,32.812,3.561
5,0,1,33.571,4.661,32.792,3.591
6,0,1,33.571,4.711,32.792,3.641
7,0,1,33.571,4.741,32.793,3.671
8,0,1,33.571,4.761,32.793,3.691
9,0,1,33.551,4.801,32.773,3.731
10,0,1,33.531,4.831,32.753,3.761
11,0,1,33.612,4.821,32.833,3.750
12,0,1,33.532,4.891,32.753,3.820
13,0,1,33.532,4.921,32.753,3.850
14,0,1,33.542,4.971,32.764,3.900
15,0,1,33.532,4.981,32.754,3.910
16,0,1,33.512,5.011,32.734,3.940
17,0,1,33.492,5.031,32.714,3.960
18,0,1,33.513,5.090,32.734,4.020
19,0,1,33.493,5.120,32.714,4.050
20,0,1,33.493,5.170,32.715,4.099
21,0,1,33.494,5.200,32.715,4.129
22,0,1,33.494,5.250,32.715,4.179
23,0,1,33.494,5.280,32.715,4.209
24,0,1,33.494,5.330,32.716,4.259
25,0,1,33.494,5.360,32.716,4.289
26,0,1,33.495,5.389,32.716,4.319
27,0,1,33.475,5.419,32.696,4.349
28,0,1,33.455,5.450,32.676,4.379
29,0,1,33.475,5.479,32.696,4.408
30,0,1,33.455,5.509,32.676,4.438
31,0,1,33.455,5.539,32.677,4.468
32,0,1,33.566,5.558,32.607,4.618
33,0,1,33.567,5.738,32.648,4.688
34,0,1,33.517,5.718,32.688,4.677
35,0,1,33.507,5.758,32.678,4.717
36,0,1,33.517,5.798,32.688,4.757
37,0,1,33.438,5.918,32.599,4.857
38,0,1,33.478,5.958,32.589,4.877
39,0,1,33.478,5.998,32.599,4.857
40,0,1,33.508,5.958,32.589,4.887
41,0,1,33.468,5.948,32.629,4.897
42,0,1,33.468,5.978,32.629,4.927
43,0,1,33.448,6.008,32.609,4.957
44,0,1,33.578,5.927,32.569,5.027
45,0,1,33.609,5.997,32.600,5.097
46,0,1,33.529,6.047,32.670,5.026
47,0,1,33.529,6.067,32.670,5.046
48,0,1,33.529,6.087,32.670,5.066
49,0,1,33.529,6.127,32.670,5.106
50,0,1,33.529,6.167,32.670,5.146
51,0,1,33.409,6.088,32.582,5.416
52,0,1,33.339,6.168,32.531,5.406
53,0,1,33.399,6.228,32.541,5.366
54,0,1,33.460,6.347,32.551,5.346
55,0,1,33.471,6.457,32.592,5.406
56,0,1,33.491,6.487,32.582,5.456
57,0,1,33.451,6.447,32.612,5.475
58,0,1,33.451,6.477,32.612,5.505
59,0,1,33.451,6.507,32.612,5.535
60,0,1,33.451,6.557,32.613,5.585
61,0,1,33.432,6.587,32.593,5.615
62,0,1,33.452,6.617,32.613,5.645
63,0,1,33.773,6.574,32.533,5.765
64,0,1,33.462,6.647,32.824,5.683
65,0,1,33.452,6.687,32.814,5.723
66,0,1,33.793,6.634,32.533,5.785
67,0,1,33.763,6.634,32.523,5.795
68,0,1,33.542,6.646,32.453,5.835
69,0,1,33.402,6.657,32.464,5.895
70,0,1,33.282,6.708,32.384,6.006
71,0,1,33.272,6.788,32.384,6.045
72,0,1,33.052,6.859,32.595,5.954
73,0,1,33.042,6.899,32.585,5.994
74,0,1,33.032,6.939,32.575,6.034
75,0,1,33.012,6.979,32.555,6.074
76,0,1,33.002,7.009,32.545,6.104
77,0,1,32.982,7.049,32.525,6.144
78,0,1,33.233,7.008,32.345,6.225
79,0,1,33.203,7.058,32.355,6.235
80,0,1,33.163,7.068,32.375,6.285
81,0,1,33.214,7.118,32.406,6.335
82,0,1,33.244,7.127,32.356,6.375
83,0,1,33.284,7.177,32.376,6.435
84,0,1,33.305,7.197,32.387,6.485
85,0,1,33.285,7.217,32.357,6.505
86,0,1,33.285,7.247,32.357,6.555
87,0,1,33.265,7.357,32.397,6.574
88,0,1,33.205,7.397,32.367,6.585
89,0,1,33.296,7.427,32.407,6.594
90,0,1,33.246,7.457,32.377,6.644
91,0,1,33.226,7.487,32.408,6.684
92,0,1,33.216,7.487,32.368,6.694
93,0,1,33.156,7.518,32.368,6.764
94,0,1,33.106,7.628,32.378,6.784
95,0,1,33.046,7.628,32.358,6.774
96,0,1,33.146,7.628,32.389,6.854
97,0,1,33.157,7.648,32.299,6.955
98,0,1,33.167,7.627,32.239,6.975
99,0,1,33.157,7.648,32.239,7.005
100,0,1,33.228,7.767,32.269,7.035
101,0,1,33.268,7.817,32.319,7.024
102,0,1,33.379,7.876,32.410,7.004
103,0,1,33.128,7.848,32.279,7.104
104,0,1,33.118,7.878,32.239,7.145
105,0,1,33.138,7.888,32.260,7.175
106,0,1,33.078,7.908,32.240,7.265
107,0,1,33.088,7.968,32.260,7.264
108,0,1,33.129,8.048,32.221,7.375
109,0,1,33.049,8.108,32.160,7.405
110,0,1,32.999,8.178,32.181,7.405
111,0,1,32.858,8.130,32.311,7.434
112,0,1,33.060,8.288,32.130,7.365
113,0,1,33.150,8.317,32.030,7.396
114,0,1,32.858,8.200,32.312,7.504
115,0,1,33.160,8.287,32.010,7.426
116,0,1,32.858,8.200,32.312,7.504
117,0,1,33.050,8.308,32.060,7.436
118,0,1,33.060,8.328,32.040,7.466
119,0,1,33.000,8.368,32.081,7.586
120,0,1,32.980,8.359,32.071,7.606
121,0,1,33.040,8.348,32.122,7.685
122,0,1,33.060,8.388,32.122,7.715
123,0,1,33.071,8.448,32.092,7.725
124,0,1,32.850,8.420,32.303,7.744
125,0,1,32.850,8.450,32.303,7.774
126,0,1,32.850,8.470,32.303,7.794
127,0,1,32.850,8.510,32.303,7.834
128,0,1,32.850,8.540,32.304,7.864
129,0,1,33.032,8.728,32.103,7.905
130,0,1,32.841,8.640,32.294,7.964
131,0,1,32.841,8.670,32.294,7.994
132,0,1,32.851,8.690,32.304,8.014
133,0,1,32.841,8.720,32.295,8.044
134,0,1,32.851,8.760,32.305,8.084
135,0,1,32.842,8.790,32.295,8.114
136,0,1,32.842,8.810,32.295,8.134
137,0,1,32.842,8.840,32.295,8.164
138,0,1,32.842,8.880,32.295,8.204
139,0,1,32.842,8.910,32.296,8.234
140,0,1,32.832,8.930,32.286,8.254
141,0,1,32.853,9.030,32.286,8.294
142,0,1,33.166,9.248,32.215,8.194
143,0,1,33.096,9.328,32.175,8.205
144,0,1,33.086,9.388,32.175,8.325
145,0,1,32.946,9.420,32.156,8.405
146,0,1,33.097,9.418,32.095,8.275
147,0,1,33.117,9.438,32.105,8.295
148,0,1,33.168,9.528,32.155,8.325
149,0,1,32.794,9.211,32.247,8.534
150,0,1,32.794,9.241,32.247,8.564
151,0,1,33.208,9.518,32.125,8.265
152,0,1,32.774,9.271,32.227,8.594
153,0,1,33.168,9.518,32.156,8.365
154,0,1,32.875,9.420,32.268,8.704
155,0,1,32.835,9.390,32.288,8.714
156,0,1,33.027,9.619,32.127,8.595
157,0,1,33.007,9.649,32.077,8.716
158,0,1,33.118,9.709,32.177,8.715
159,0,1,33.038,9.659,32.147,8.735
160,0,1,33.008,9.679,32.107,8.665
161,0,1,32.998,9.710,32.117,8.735
162,0,1,33.078,9.749,32.137,8.665
163,0,1,33.169,9.728,32.237,8.574
164,0,1,33.259,9.727,32.287,8.494
165,0,1,32.856,9.520,32.309,8.844
166,0,1,32.917,9.720,32.340,9.094
167,0,1,32.897,9.730,32.350,9.064
168,0,1,32.907,9.760,32.361,9.094
169,0,1,32.928,9.790,32.381,9.124
170,0,1,32.948,9.820,32.401,9.154
172,0,1,32.938,9.810,32.391,9.144
173,0,1,32.948,9.840,32.401,9.174
174,0,1,32.958,9.870,32.411,9.203
175,0,1,32.959,9.910,32.412,9.244
176,0,1,32.959,9.940,32.412,9.274
177,0,1,32.969,9.980,32.422,9.314
178,0,1,32.979,10.020,32.432,9.353
179,0,1,33.102,10.270,32.474,9.583
181,0,1,33.051,10.250,32.504,9.583
182,0,1,33.051,10.280,32.504,9.613
183,0,1,33.052,10.340,32.505,9.673
184,0,1,33.052,10.380,32.505,9.713
185,0,1,33.052,10.430,32.505,9.764
186,0,1,33.062,10.470,32.515,9.803
187,0,1,33.063,10.510,32.516,9.844
188,0,1,33.143,10.570,32.313,9.685
189,0,1,33.224,10.649,32.404,9.764
190,0,1,33.285,10.709,32.465,9.884
191,0,1,33.326,10.749,32.535,9.743
192,0,1,33.316,10.849,32.575,9.623
193,0,1,33.205,10.780,32.526,9.954
194,0,1,33.226,10.830,32.536,9.984
195,0,1,33.347,10.929,32.606,9.783
196,0,1,33.347,10.999,32.606,9.803
197,0,1,33.488,11.028,32.696,9.682
198,0,1,33.338,11.080,32.596,9.793
199,0,1,33.204,10.660,32.657,9.993
200,0,1,33.147,11.182,32.639,10.364
201,0,1,33.167,11.091,32.629,10.424
202,0,1,33.177,11.131,32.640,10.464
203,0,1,33.177,11.171,32.640,10.504
204,0,1,33.429,11.239,32.498,10.234
205,0,1,33.399,11.300,32.448,10.305
206,0,1,33.420,11.350,32.418,10.375
207,0,1,33.177,11.121,32.640,10.454
208,0,1,33.187,11.171,32.650,10.504
209,0,1,33.269,11.461,32.642,10.805
210,0,1,33.371,11.621,32.450,10.766
211,0,1,33.321,11.742,32.481,10.806
212,0,1,33.302,11.792,32.481,10.826
213,0,1,33.272,11.823,32.461,10.846
214,0,1,33.322,11.862,32.501,10.826
215,0,1,33.313,12.023,32.501,10.886
216,0,1,33.424,11.992,32.572,10.865
217,0,1,33.373,11.932,32.501,10.876
218,0,1,33.262,11.903,32.664,11.186
219,0,1,33.253,12.013,32.472,11.137
220,0,1,33.323,12.013,32.513,11.157
221,0,1,33.333,11.993,32.573,11.176
222,0,1,33.343,11.922,32.594,11.276
223,0,1,33.373,11.942,32.584,11.307
224,0,1,33.363,12.023,32.544,11.357
225,0,1,33.293,12.093,32.514,11.428
226,0,1,33.284,12.284,32.545,11.477
227,0,1,33.335,12.354,32.555,11.528
228,0,1,33.305,12.405,32.515,11.488
229,0,1,33.295,12.425,32.545,11.558
230,0,1,33.316,12.465,32.545,11.538
231,0,1,33.306,12.475,32.585,11.537
232,0,1,33.296,12.495,32.575,11.568
233,0,1,33.346,12.535,32.606,11.557
234,0,1,33.356,12.525,32.596,11.587
235,0,1,33.386,12.504,32.576,11.668
236,0,1,33.356,12.525,32.576,11.738
237,0,1,33.326,12.525,32.497,11.879
238,0,1,33.357,12.625,32.497,12.050
239,0,1,33.357,12.675,32.478,12.151
240,0,1,33.368,12.756,32.538,12.060
241,0,1,33.368,12.826,32.548,12.070
242,0,1,33.359,12.977,32.538,12.070
243,0,1,33.339,13.057,32.538,12.100
244,0,1,33.329,13.097,32.538,12.100
245,0,1,33.320,13.118,32.528,12.100
246,0,1,33.340,13.178,32.518,12.200
247,0,1,33.370,13.208,32.509,12.241
248,0,1,33.360,13.178,32.498,12.191
249,0,1,33.370,13.188,32.499,12.241
250,0,1,33.370,13.198,32.469,12.351
251,0,1,33.320,13.208,32.459,12.432
252,0,1,33.310,13.218,32.439,12.452
253,0,1,33.331,13.278,32.460,12.562
254,0,1,33.361,13.278,32.440,12.663
255,0,1,33.331,13.308,32.451,12.743
256,0,1,33.311,13.339,32.411,12.794
257,0,1,33.291,13.379,32.421,12.824
258,0,1,33.302,13.560,32.441,12.864
259,0,1,33.312,13.580,32.411,12.884
260,0,1,33.293,13.681,32.381,12.865
261,0,1,33.293,13.701,32.401,12.854
262,0,1,33.243,13.752,32.381,12.834
263,0,1,33.223,13.782,32.371,12.804
264,0,1,33.233,13.792,32.391,12.844
265,0,1,33.293,13.811,32.401,12.874
266,0,1,33.070,13.522,32.533,12.934
267,0,1,33.050,13.582,32.513,12.994
269,0,1,33.040,13.572,32.503,12.984
271,0,1,33.030,13.562,32.492,12.974
272,0,1,33.040,13.572,32.503,12.984
273,0,1,33.225,14.104,32.313,13.338
274,0,1,33.255,14.184,32.384,13.327
275,0,1,33.226,14.275,32.343,13.357
276,0,1,33.186,14.356,32.313,13.408
277,0,1,33.166,14.467,32.354,13.438
278,0,1,33.217,14.486,32.384,13.448
279,0,1,33.187,14.547,32.344,13.468
281,0,1,33.146,14.517,32.264,13.640
282,0,1,33.157,14.628,32.244,13.670
284,0,1,33.167,14.678,32.256,13.941
285,0,1,33.087,14.729,32.206,14.063
286,0,1,33.077,14.810,32.216,14.073
288,0,1,33.047,14.820,32.216,14.133
289,0,1,33.057,14.840,32.206,14.133
290,0,1,33.078,14.900,32.226,14.093
291,0,1,33.068,15.001,32.226,14.052
292,0,1,33.069,15.021,32.196,14.063
293,0,1,33.089,15.021,32.206,14.073
294,0,1,33.109,15.001,32.236,14.103
295,0,1,33.129,15.041,32.257,14.133
296,0,1,33.099,15.051,32.237,14.173
297,0,1,33.079,15.061,32.247,14.203
298,0,1,33.039,15.122,32.227,14.314
299,0,1,32.979,15.223,32.188,14.405
300,0,1,32.979,15.243,32.198,14.445
301,0,1,33.010,15.364,32.117,14.486
302,0,1,33.040,15.404,32.138,14.496
303,0,1,33.071,15.504,32.138,14.587
304,0,1,33.101,15.454,32.188,14.566
305,0,1,33.081,15.514,32.209,14.606
306,0,1,33.062,15.585,32.189,14.687
307,0,1,33.052,15.656,32.199,14.737
309,0,1,33.063,15.756,32.230,14.807
310,0,1,33.073,15.736,32.240,14.837
280,0,1,33.146,14.517,32.294,13.569
283,0,1,33.167,14.668,32.255,13.760
287,0,1,33.057,14.810,32.206,14.103
308,0,1,33.052,15.686,32.210,14.767
0,1,1,34.491,4.377,33.663,3.387
1,1,1,34.521,4.406,33.653,3.377
2,1,1,34.512,4.426,33.643,3.397
3,1,1,34.502,4.466,33.633,3.437
4,1,1,34.522,4.486,33.653,3.456
5,1,1,34.492,4.526,33.624,3.496
6,1,1,34.502,4.546,33.634,3.516
7,1,1,34.482,4.566,33.614,3.536
8,1,1,34.443,4.606,33.574,3.576
9,1,1,34.463,4.626,33.594,3.596
10,1,1,34.433,4.666,33.564,3.636
11,1,1,34.293,4.677,33.424,3.647
12,1,1,34.423,4.725,33.555,3.696
13,1,1,34.413,4.765,33.545,3.736
14,1,1,34.424,4.805,33.555,3.775
15,1,1,34.384,4.825,33.515,3.796
16,1,1,34.384,4.865,33.515,3.835
17,1,1,34.354,4.895,33.485,3.865
18,1,1,34.344,4.945,33.476,3.915
19,1,1,34.345,4.985,33.476,3.955
20,1,1,34.335,5.025,33.466,3.995
21,1,1,34.325,5.065,33.456,4.035
22,1,1,34.305,5.105,33.437,4.075
23,1,1,34.296,5.145,33.427,4.115
24,1,1,34.306,5.185,33.437,4.154
25,1,1,34.296,5.224,33.427,4.194
26,1,1,34.306,5.264,33.438,4.234
27,1,1,34.307,5.304,33.438,4.274
28,1,1,34.307,5.344,33.438,4.314
29,1,1,34.287,5.364,33.418,4.334
30,1,1,34.267,5.404,33.398,4.374
31,1,1,34.288,5.444,33.419,4.413
32,1,1,34.408,5.453,33.369,4.513
33,1,1,34.399,5.563,33.419,4.553
34,1,1,34.399,5.583,33.379,4.563
35,1,1,34.349,5.573,33.420,4.573
36,1,1,34.339,5.603,33.410,4.603
37,1,1,34.389,5.692,33.400,4.613
38,1,1,34.370,5.742,33.400,4.643
39,1,1,34.349,5.693,33.410,4.682
40,1,1,34.349,5.722,33.410,4.712
41,1,1,34.350,5.752,33.411,4.742
42,1,1,34.330,5.782,33.391,4.772
43,1,1,34.330,5.832,33.391,4.822
44,1,1,34.310,5.862,33.371,4.852
45,1,1,34.311,5.912,33.371,4.902
46,1,1,34.291,5.942,33.351,4.932
47,1,1,34.291,5.992,33.352,4.982
48,1,1,34.271,6.022,33.332,5.012
49,1,1,34.252,6.142,33.323,5.201
50,1,1,34.252,6.162,33.323,5.161
51,1,1,34.242,6.202,33.223,5.292
52,1,1,34.192,6.222,33.253,5.262
53,1,1,34.192,6.232,33.243,5.272
54,1,1,34.092,6.193,33.203,5.282
55,1,1,34.122,6.203,33.193,5.312
56,1,1,34.112,6.233,33.193,5.282
57,1,1,34.092,6.263,33.173,5.312
58,1,1,34.072,6.293,33.153,5.342
59,1,1,34.093,6.343,33.174,5.392
60,1,1,34.073,6.373,33.154,5.422
61,1,1,34.073,6.403,33.154,5.452
62,1,1,34.073,6.433,33.154,5.482
63,1,1,34.053,6.483,33.134,5.532
64,1,1,33.923,6.514,33.225,5.561
65,1,1,33.923,6.563,33.225,5.611
66,1,1,33.994,6.683,32.865,5.803
67,1,1,33.964,6.683,32.835,5.813
68,1,1,33.984,6.683,32.995,5.832
69,1,1,33.984,6.703,33.036,5.891
70,1,1,33.995,6.733,33.066,5.911
71,1,1,33.764,6.774,33.287,5.870
72,1,1,33.754,6.804,33.277,5.900
73,1,1,33.744,6.834,33.267,5.930
74,1,1,33.734,6.864,33.257,5.959
75,1,1,33.735,6.904,33.257,5.999
76,1,1,33.725,6.934,33.248,6.029
77,1,1,33.715,6.974,33.238,6.069
78,1,1,34.006,7.012,33.038,6.220
79,1,1,33.967,7.122,33.069,6.310
80,1,1,33.977,7.192,33.059,6.350
81,1,1,33.958,7.212,33.059,6.420
82,1,1,33.988,7.222,33.059,6.470
83,1,1,33.948,7.242,33.009,6.510
84,1,1,33.887,7.253,32.969,6.510
85,1,1,33.878,7.303,32.939,6.541
86,1,1,33.787,7.303,32.930,6.590
87,1,1,33.647,7.354,33.080,6.540
88,1,1,33.768,7.353,32.910,6.641
89,1,1,33.828,7.363,32.859,6.611
90,1,1,33.868,7.373,32.910,6.661
91,1,1,33.888,7.402,32.900,6.691
92,1,1,33.868,7.422,32.921,6.770
93,1,1,33.899,7.542,32.921,6.830
94,1,1,33.881,7.762,32.901,6.860
95,1,1,33.861,7.822,32.981,6.870
96,1,1,33.851,7.882,32.921,6.910
97,1,1,33.831,7.832,32.962,6.970
98,1,1,33.861,7.852,32.942,6.970
99,1,1,33.871,7.832,32.922,6.990
100,1,1,33.901,7.842,32.932,7.040
101,1,1,33.871,7.832,32.892,7.020
102,1,1,33.851,7.902,32.882,7.020
103,1,1,33.861,7.872,32.942,7.080
104,1,1,33.891,7.862,32.953,7.120
105,1,1,33.861,7.862,32.983,7.189
106,1,1,33.881,7.892,33.014,7.239
107,1,1,33.882,7.962,33.004,7.279
108,1,1,33.852,8.032,32.964,7.379
109,1,1,33.832,8.062,32.904,7.390
110,1,1,33.873,8.142,32.944,7.419
111,1,1,33.883,8.192,32.814,7.440
112,1,1,33.824,8.292,32.773,7.381
113,1,1,33.864,8.312,32.824,7.410
114,1,1,33.642,8.204,33.025,7.509
115,1,1,33.864,8.312,32.764,7.451
116,1,1,33.804,8.382,32.784,7.500
117,1,1,33.774,8.403,32.844,7.510
118,1,1,33.784,8.402,32.824,7.540
119,1,1,33.764,8.393,32.905,7.639
120,1,1,33.754,8.383,32.916,7.689
121,1,1,33.734,8.413,32.906,7.749
122,1,1,33.704,8.423,32.896,7.759
123,1,1,33.603,8.424,32.986,7.749
124,1,1,33.603,8.444,32.987,7.769
125,1,1,33.594,8.464,32.977,7.789
126,1,1,33.594,8.484,32.977,7.809
127,1,1,33.594,8.504,32.977,7.829
128,1,1,33.594,8.524,32.977,7.849
129,1,1,33.594,8.544,32.977,7.869
130,1,1,33.594,8.564,32.977,7.889
131,1,1,33.594,8.584,32.977,7.909
132,1,1,33.594,8.604,32.977,7.929
133,1,1,33.584,8.624,32.967,7.949
135,1,1,33.574,8.614,32.957,7.939
136,1,1,33.574,8.634,32.957,7.959
137,1,1,33.565,8.654,32.948,7.979
138,1,1,33.565,8.674,32.948,7.999
139,1,1,33.555,8.694,32.938,8.019
140,1,1,33.545,8.714,32.928,8.039
141,1,1,33.515,8.705,32.928,8.009
142,1,1,33.525,8.695,32.918,8.019
143,1,1,33.515,8.715,32.908,8.039
144,1,1,33.515,8.735,32.908,8.059
145,1,1,33.505,8.755,32.898,8.079
146,1,1,33.485,8.775,32.878,8.099
147,1,1,33.475,8.785,32.868,8.109
148,1,1,33.475,8.795,32.868,8.119
150,1,1,33.465,8.785,32.858,8.110
151,1,1,33.465,8.805,32.858,8.130
152,1,1,33.465,8.825,32.858,8.150
153,1,1,33.465,8.845,32.858,8.170
154,1,1,33.456,8.945,32.829,8.290
155,1,1,33.446,8.945,32.839,8.280
156,1,1,33.456,8.975,32.849,8.310
157,1,1,33.466,8.995,32.859,8.330
158,1,1,33.466,9.015,32.859,8.350
159,1,1,33.476,9.045,32.869,8.379
160,1,1,33.497,9.065,32.890,8.399
161,1,1,33.507,9.095,32.900,8.429
162,1,1,33.517,9.115,32.910,8.449
163,1,1,33.527,9.135,32.920,8.469
164,1,1,33.527,9.165,32.920,8.499
165,1,1,33.538,9.185,32.931,8.519
166,1,1,33.548,9.205,32.941,8.539
168,1,1,33.538,9.195,32.931,8.529
169,1,1,33.548,9.215,32.941,8.549
170,1,1,33.548,9.235,32.941,8.569
172,1,1,33.578,9.284,32.971,8.619
173,1,1,33.579,9.304,32.971,8.639
174,1,1,33.589,9.334,32.982,8.669
175,1,1,33.589,9.364,32.982,8.699
176,1,1,33.589,9.394,32.982,8.729
177,1,1,33.589,9.424,32.982,8.759
178,1,1,33.589,9.455,32.982,8.789
179,1,1,33.590,9.485,32.983,8.819
181,1,1,33.580,9.555,32.973,8.889
182,1,1,33.590,9.595,32.983,8.929
183,1,1,33.581,9.635,32.973,8.969
184,1,1,33.591,9.675,32.984,9.009
185,1,1,33.591,9.715,32.984,9.049
186,1,1,33.693,9.864,32.823,9.110
187,1,1,33.703,9.914,32.864,9.190
188,1,1,33.582,9.875,32.975,9.209
189,1,1,33.592,9.915,32.985,9.249
190,1,1,33.593,9.965,32.985,9.299
191,1,1,33.664,10.135,32.926,9.480
192,1,1,33.725,10.205,32.936,9.470
193,1,1,33.766,10.324,32.986,9.449
194,1,1,33.746,10.415,32.986,9.399
195,1,1,33.697,10.575,32.815,9.371
196,1,1,33.717,10.555,32.865,9.400
197,1,1,33.585,10.306,32.977,9.650
198,1,1,33.717,10.555,32.885,9.360
199,1,1,33.757,10.475,32.986,9.409
200,1,1,33.827,10.434,33.118,9.689
201,1,1,33.736,10.375,33.128,9.718
202,1,1,33.746,10.415,33.139,9.758
203,1,1,33.748,10.645,32.958,9.860
204,1,1,33.667,10.566,33.059,9.909
205,1,1,33.677,10.606,33.069,9.949
206,1,1,33.920,10.834,33.090,10.029
207,1,1,33.980,10.864,33.261,10.048
208,1,1,34.001,10.974,33.261,10.048
209,1,1,33.992,11.044,33.251,10.048
210,1,1,34.033,11.214,33.292,10.148
211,1,1,34.023,11.174,33.262,10.198
212,1,1,34.023,11.214,33.273,10.298
213,1,1,34.073,11.214,33.253,10.359
214,1,1,34.104,11.284,33.253,10.399
215,1,1,34.064,11.294,33.304,10.438
216,1,1,34.034,11.385,33.214,10.569
217,1,1,34.023,11.265,33.204,10.559
218,1,1,34.014,11.365,33.265,10.629
219,1,1,33.933,11.315,33.325,10.659
220,1,1,33.953,11.365,33.346,10.709
221,1,1,33.964,11.425,33.356,10.769
222,1,1,33.974,11.476,33.366,10.819
223,1,1,34.096,11.635,33.336,10.739
224,1,1,34.147,11.695,33.406,10.748
225,1,1,34.157,11.765,33.416,10.718
226,1,1,34.147,11.785,33.466,10.698
227,1,1,34.148,11.855,33.447,10.798
228,1,1,34.168,11.875,33.467,10.888
229,1,1,34.138,11.896,33.447,10.888
230,1,1,34.128,11.926,33.418,11.129
231,1,1,34.178,11.885,33.429,11.219
232,1,1,34.208,11.895,33.399,11.250
233,1,1,34.258,11.894,33.338,11.210
234,1,1,34.239,11.935,33.339,11.270
235,1,1,34.360,12.064,33.410,11.440
236,1,1,34.411,12.144,33.461,11.490
237,1,1,34.431,12.184,33.481,11.510
238,1,1,34.493,12.304,33.512,11.560
239,1,1,34.493,12.434,33.511,11.520
240,1,1,34.433,12.455,33.491,11.500
241,1,1,34.404,12.536,33.491,11.490
242,1,1,34.424,12.556,33.501,11.510
243,1,1,34.474,12.585,33.521,11.519
244,1,1,34.231,12.266,33.623,11.629
245,1,1,34.231,12.316,33.623,11.679
246,1,1,34.231,12.366,33.623,11.729
247,1,1,34.222,12.407,33.614,11.770
249,1,1,34.211,12.397,33.603,11.760
250,1,1,34.212,12.427,33.604,11.790
252,1,1,34.201,12.417,33.593,11.780
253,1,1,34.202,12.447,33.594,11.810
254,1,1,34.387,13.169,33.465,12.212
255,1,1,34.408,13.188,33.455,12.172
256,1,1,34.398,13.199,33.445,12.233
257,1,1,34.348,13.239,33.415,12.263
258,1,1,34.388,13.269,33.425,12.303
259,1,1,34.418,13.289,33.436,12.333
260,1,1,34.368,13.259,33.396,12.364
261,1,1,34.489,13.258,33.426,12.434
262,1,1,34.479,13.278,33.427,12.504
263,1,1,34.509,13.348,33.427,12.604
264,1,1,34.449,13.389,33.398,12.725
265,1,1,34.440,13.439,33.408,12.805
266,1,1,34.450,13.540,33.429,12.926
267,1,1,34.521,13.529,33.459,12.925
269,1,1,34.422,13.761,33.419,12.956
271,1,1,34.413,13.952,33.379,13.017
272,1,1,34.332,13.983,33.430,13.006
273,1,1,34.332,13.943,33.410,13.077
274,1,1,34.353,14.013,33.410,13.147
275,1,1,34.343,14.053,33.380,13.157
276,1,1,34.292,14.054,33.371,13.228
277,1,1,34.252,14.084,33.330,13.218
278,1,1,34.252,14.074,33.360,13.208
279,1,1,34.222,14.105,33.310,13.208
281,1,1,34.173,14.236,33.321,13.409
282,1,1,34.133,14.307,33.261,13.520
284,1,1,34.154,14.528,33.281,13.500
285,1,1,34.084,14.519,33.252,13.631
286,1,1,34.034,14.599,33.241,13.551
288,1,1,34.074,14.639,33.282,13.610
289,1,1,34.064,14.650,33.252,13.671
290,1,1,34.065,14.700,33.232,13.711
291,1,1,34.105,14.699,33.243,13.762
292,1,1,34.136,14.750,33.233,13.882
293,1,1,34.135,14.699,33.234,13.983
294,1,1,34.095,14.770,33.204,14.034
295,1,1,34.086,14.820,33.174,14.124
296,1,1,34.136,14.860,33.265,14.103
297,1,1,34.147,14.900,33.275,14.174
298,1,1,34.127,14.971,33.275,14.194
299,1,1,34.107,15.082,33.246,14.265
300,1,1,34.077,15.102,33.225,14.194
301,1,1,34.078,15.173,33.205,14.275
302,1,1,34.109,15.243,33.215,14.265
303,1,1,34.099,15.344,33.226,14.285
304,1,1,34.089,15.344,33.216,14.376
305,1,1,34.079,15.354,33.196,14.406
306,1,1,34.069,15.344,33.116,14.467
307,1,1,34.048,15.314,33.126,14.517
309,1,1,33.998,15.375,33.187,14.537
310,1,1,33.938,15.396,33.147,14.638
280,1,1,34.192,14.165,33.300,13.279
283,1,1,34.093,14.398,33.232,13.591
287,1,1,34.074,14.559,33.252,13.591
308,1,1,34.069,15.324,33.217,14.486
171,1,1,33.558,9.255,32.951,8.589
180,1,1,33.590,9.525,32.983,8.859
268,1,1,34.451,13.610,33.429,12.906
270,1,1,34.392,13.832,33.439,12.946
0,2,1,32.827,18.675,31.923,17.826
1,2,1,32.848,18.807,31.902,17.705
2,2,1,32.838,18.776,31.902,17.634
3,2,1,32.837,18.685,31.911,17.513
4,2,1,32.857,18.685,31.931,17.482
5,2,1,32.847,18.615,31.951,17.411
6,2,1,32.867,18.554,32.001,17.350
7,2,1,32.836,18.574,31.991,17.310
8,2,1,32.856,18.524,32.001,17.300
9,2,1,32.856,18.513,32.001,17.269
10,2,1,32.856,18.412,31.960,17.270
11,2,1,32.856,18.382,31.960,17.270
12,2,1,32.885,18.250,31.971,17.290
13,2,1,32.895,18.250,32.021,17.229
14,2,1,32.864,18.099,31.960,17.209
15,2,1,32.894,18.008,32.011,17.219
16,2,1,32.914,17.977,32.001,17.209
17,2,1,32.883,17.907,31.970,17.179
18,2,1,32.893,17.877,31.990,17.108
19,2,1,32.893,17.856,31.979,17.038
20,2,1,32.893,17.846,31.999,16.997
21,2,1,32.903,17.836,31.938,16.897
22,2,1,32.913,17.765,31.988,16.805
23,2,1,32.912,17.715,31.978,16.755
24,2,1,32.862,17.695,31.987,16.644
25,2,1,32.902,17.675,32.048,16.583
26,2,1,32.872,17.645,32.048,16.553
27,2,1,32.831,17.635,32.047,16.492
28,2,1,32.841,17.635,32.047,16.532
29,2,1,32.861,17.604,32.077,16.451
30,2,1,32.851,17.574,32.077,16.451
31,2,1,32.871,17.523,32.098,16.492
32,2,1,32.911,17.402,32.006,16.341
33,2,1,32.839,17.281,31.955,16.301
34,2,1,32.838,17.130,31.905,16.282
35,2,1,32.828,17.140,31.945,16.291
36,2,1,32.848,17.100,31.965,16.261
37,2,1,32.818,17.060,31.935,16.241
38,2,1,32.868,17.029,31.995,16.180
39,2,1,32.858,17.019,31.853,16.020
40,2,1,32.837,16.969,31.913,15.868
41,2,1,32.766,16.889,31.964,15.979
42,2,1,32.807,16.878,31.932,15.697
43,2,1,32.797,16.878,31.902,15.677
44,2,1,32.816,16.797,31.911,15.626
45,2,1,32.806,16.787,31.942,15.596
46,2,1,32.816,16.737,31.972,15.636
47,2,1,32.846,16.777,32.043,15.585
48,2,1,32.795,16.646,31.850,15.526
49,2,1,32.805,16.596,31.901,15.536
50,2,1,32.844,16.414,31.941,15.475
51,2,1,32.834,16.293,31.880,15.425
52,2,1,32.874,16.202,31.830,15.435
53,2,1,32.904,16.252,31.911,15.455
54,2,1,32.924,16.191,31.900,15.374
55,2,1,32.903,16.151,31.890,15.354
56,2,1,32.833,16.222,31.718,15.245
57,2,1,32.873,16.182,31.858,15.113
58,2,1,32.873,16.182,31.928,15.011
59,2,1,32.883,16.151,31.999,14.960
60,2,1,32.903,16.091,31.998,14.850
61,2,1,32.863,16.071,31.957,14.759
62,2,1,32.883,16.030,32.018,14.769
63,2,1,32.863,16.041,32.058,14.759
64,2,1,32.842,16.041,31.988,14.809
65,2,1,32.842,16.000,31.876,14.639
66,2,1,32.862,15.940,31.896,14.659
67,2,1,32.841,15.809,31.866,14.650
68,2,1,32.841,15.779,31.835,14.579
69,2,1,32.638,15.609,32.028,14.749
70,2,1,32.850,15.597,31.825,14.499
71,2,1,32.637,15.478,32.027,14.618
72,2,1,32.890,15.506,31.997,14.517
73,2,1,32.909,15.395,31.976,14.508
74,2,1,32.728,15.377,32.118,14.516
75,2,1,32.960,15.375,31.925,14.377
76,2,1,32.939,15.314,31.955,14.306
77,2,1,32.898,15.254,31.934,14.176
78,2,1,32.716,15.145,32.106,14.285
79,2,1,32.716,15.095,32.106,14.235
80,2,1,32.716,15.044,32.106,14.184
81,2,1,32.726,15.004,32.116,14.144
82,2,1,32.735,14.944,32.125,14.084
83,2,1,32.725,14.893,32.115,14.033
84,2,1,32.735,14.853,32.125,13.993
85,2,1,32.867,15.053,31.953,13.884
86,2,1,32.695,14.914,32.085,14.054
87,2,1,32.836,14.923,31.943,13.854
88,2,1,32.694,14.813,32.084,13.953
89,2,1,32.733,14.581,32.123,13.721
90,2,1,32.694,14.733,32.084,13.873
91,2,1,32.694,14.692,32.084,13.832
92,2,1,32.684,14.712,32.074,13.853
93,2,1,32.713,14.612,32.103,13.752
94,2,1,32.703,14.561,32.093,13.702
95,2,1,32.713,14.501,32.103,13.641
96,2,1,32.702,14.471,32.093,13.611
97,2,1,32.702,14.430,32.092,13.571
98,2,1,32.913,14.348,32.111,13.239
99,2,1,32.914,14.408,32.121,13.219
100,2,1,32.934,14.338,32.121,13.269
101,2,1,32.974,14.287,32.090,13.199
102,2,1,32.953,14.267,32.090,13.149
103,2,1,32.821,14.138,32.212,13.278
104,2,1,32.821,14.097,32.212,13.238
105,2,1,32.821,14.057,32.211,13.198
106,2,1,32.811,14.017,32.201,13.158
107,2,1,32.910,13.805,31.980,13.250
108,2,1,32.870,13.735,31.949,13.170
109,2,1,32.859,13.654,31.979,13.059
110,2,1,32.859,13.614,31.938,12.939
111,2,1,32.698,13.686,32.089,12.867
112,2,1,32.698,13.646,32.089,12.827
113,2,1,32.949,13.593,31.905,12.517
114,2,1,32.919,13.594,31.945,12.356
115,2,1,32.929,13.604,32.097,12.455
116,2,1,32.939,13.553,32.056,12.405
117,2,1,32.919,13.523,32.066,12.435
118,2,1,32.949,13.503,32.116,12.395
119,2,1,32.949,13.432,32.096,12.335
120,2,1,32.958,13.372,32.096,12.355
121,2,1,32.968,13.312,32.106,12.365
122,2,1,32.998,13.281,32.106,12.355
123,2,1,32.967,13.221,32.046,12.425
124,2,1,32.947,13.171,32.056,12.425
125,2,1,32.937,13.131,32.056,12.395
126,2,1,33.037,13.130,32.036,12.365
127,2,1,33.057,12.989,31.985,12.225
128,2,1,33.016,12.970,32.075,12.124
129,2,1,32.987,13.030,32.104,12.013
130,2,1,32.996,12.930,32.124,11.923
131,2,1,33.006,12.859,32.114,11.893
132,2,1,33.006,12.859,32.113,11.752
133,2,1,32.945,12.819,32.043,11.773
134,2,1,32.985,12.819,32.083,11.762
135,2,1,32.985,12.799,32.093,11.782
136,2,1,32.965,12.819,32.103,11.742
137,2,1,32.965,12.749,32.113,11.692
138,2,1,32.994,12.638,32.102,11.652
139,2,1,32.974,12.538,32.082,11.612
140,2,1,32.993,12.457,32.092,11.592
141,2,1,32.983,12.407,32.092,11.572
142,2,1,32.922,12.307,32.082,11.632
143,2,1,32.942,12.207,32.082,11.612
144,2,1,32.961,12.177,32.031,11.562
145,2,1,32.961,12.146,32.021,11.482
146,2,1,32.981,12.076,32.010,11.362
147,2,1,32.951,12.076,32.030,11.311
148,2,1,32.961,12.036,32.060,11.201
149,2,1,32.951,12.026,32.069,11.110
150,2,1,32.971,12.036,32.039,11.040
151,2,1,32.961,12.016,32.059,11.030
152,2,1,32.940,12.006,32.039,11.030
153,2,1,32.930,11.996,32.039,10.990
154,2,1,32.890,12.037,32.018,10.940
155,2,1,32.900,11.946,32.028,10.870
156,2,1,32.899,11.886,32.018,10.870
157,2,1,32.848,11.736,31.997,10.810
158,2,1,32.828,11.636,31.977,10.730
159,2,1,32.837,11.565,31.977,10.740
160,2,1,32.786,11.415,31.906,10.750
161,2,1,32.705,11.296,31.755,10.682
162,2,1,32.785,11.245,31.896,10.670
163,2,1,32.765,11.185,31.835,10.591
164,2,1,32.775,11.175,31.825,10.541
165,2,1,32.835,11.164,31.854,10.420
166,2,1,32.835,11.134,31.824,10.410
167,2,1,32.855,11.104,31.844,10.360
168,2,1,32.885,11.134,31.783,10.320
169,2,1,32.865,11.084,31.803,10.290
170,2,1,32.835,11.104,31.814,10.310
172,2,1,32.601,10.805,32.014,10.128
173,2,1,32.764,11.135,31.853,10.139
174,2,1,32.713,11.035,31.882,9.899
175,2,1,32.723,10.964,31.812,9.919
176,2,1,32.682,10.854,31.731,9.920
177,2,1,32.722,10.834,31.872,10.019
178,2,1,32.833,10.833,31.892,9.828
179,2,1,32.581,10.745,31.983,10.078
181,2,1,32.580,10.575,31.983,9.918
182,2,1,32.580,10.544,31.982,9.888
183,2,1,32.580,10.494,31.982,9.838
184,2,1,32.579,10.454,31.982,9.798
185,2,1,32.579,10.414,31.982,9.758
186,2,1,32.579,10.374,31.982,9.718
187,2,1,32.579,10.334,31.981,9.678
188,2,1,32.578,10.284,31.981,9.627
189,2,1,32.639,10.283,31.708,9.379
190,2,1,32.639,10.344,31.718,9.299
191,2,1,32.669,10.333,31.768,9.289
192,2,1,32.699,10.273,31.888,9.218
193,2,1,32.658,10.203,31.868,9.208
194,2,1,32.628,10.183,31.838,9.198
195,2,1,32.668,10.203,31.878,9.208
196,2,1,32.709,10.193,31.918,9.177
197,2,1,32.758,10.072,31.928,9.117
198,2,1,32.798,9.972,31.948,9.107
199,2,1,32.818,9.901,31.928,9.107
200,2,1,32.635,9.652,31.968,9.067
201,2,1,32.828,9.931,31.948,9.047
202,2,1,32.818,9.901,31.878,9.067
203,2,1,32.757,9.912,31.847,9.008
204,2,1,32.767,9.842,31.887,8.927
205,2,1,32.787,9.761,31.926,8.737
206,2,1,32.776,9.711,31.946,8.687
207,2,1,32.595,9.683,31.998,9.037
208,2,1,32.594,9.402,31.986,8.716
209,2,1,32.836,9.571,31.905,8.517
210,2,1,32.765,9.541,31.884,8.367
211,2,1,32.725,9.521,31.834,8.347
212,2,1,32.815,9.461,31.904,8.317
213,2,1,32.765,9.391,31.924,8.347
214,2,1,32.533,9.333,31.936,8.687
215,2,1,32.612,9.012,31.964,8.296
216,2,1,32.773,9.111,31.894,8.287
217,2,1,32.813,9.030,31.904,8.257
218,2,1,32.823,8.980,31.873,8.197
219,2,1,32.761,8.850,31.823,8.187
220,2,1,32.751,8.760,31.802,8.088
221,2,1,32.791,8.700,31.842,7.997
222,2,1,32.801,8.690,31.862,7.907
223,2,1,32.811,8.680,31.891,7.817
224,2,1,32.791,8.670,31.871,7.797
225,2,1,32.821,8.730,31.841,7.777
226,2,1,32.841,8.710,31.871,7.717
227,2,1,32.871,8.700,31.901,7.757
228,2,1,32.881,8.669,31.911,7.717
229,2,1,32.881,8.659,31.890,7.647
230,2,1,32.831,8.650,31.840,7.567
231,2,1,32.851,8.600,31.910,7.517
232,2,1,32.558,8.482,31.962,7.836
233,2,1,32.568,8.442,31.972,7.796
234,2,1,32.568,8.402,31.971,7.756
235,2,1,32.568,8.352,31.971,7.706
237,2,1,32.558,8.342,31.961,7.696
238,2,1,32.568,8.322,31.971,7.676
239,2,1,32.567,8.282,31.971,7.636
240,2,1,32.567,8.232,31.970,7.586
241,2,1,32.567,8.192,31.970,7.546
243,2,1,32.557,8.182,31.960,7.536
244,2,1,32.557,8.172,31.960,7.526
245,2,1,32.547,8.172,31.950,7.527
246,2,1,32.835,7.710,32.078,6.956
247,2,1,32.835,7.660,32.077,6.906
248,2,1,32.835,7.610,32.077,6.856
249,2,1,32.835,7.550,32.077,6.796
250,2,1,32.834,7.500,32.077,6.746
251,2,1,32.834,7.460,32.076,6.706
252,2,1,32.895,7.500,32.005,6.587
253,2,1,32.944,7.329,31.946,6.667
254,2,1,32.884,7.420,31.935,6.548
255,2,1,32.914,7.350,31.915,6.558
256,2,1,32.923,7.260,31.905,6.538
257,2,1,32.913,7.240,31.924,6.478
258,2,1,32.903,7.230,31.904,6.428
259,2,1,32.943,7.200,31.934,6.298
260,2,1,32.943,7.180,31.954,6.268
261,2,1,32.963,7.159,31.993,6.158
262,2,1,32.942,7.060,32.004,6.258
263,2,1,32.963,7.129,31.962,6.058
264,2,1,32.932,7.000,31.993,6.188
265,2,1,32.952,6.950,32.013,6.138
266,2,1,32.951,6.900,32.013,6.088
267,2,1,32.971,6.850,32.033,6.038
269,2,1,32.981,6.870,32.032,5.878
271,2,1,32.930,6.710,32.002,5.879
272,2,1,32.960,6.570,32.062,5.828
273,2,1,32.949,6.530,32.072,5.808
274,2,1,32.960,6.580,32.051,5.768
275,2,1,32.990,6.550,32.081,5.738
276,2,1,33.059,6.380,32.071,5.609
277,2,1,33.089,6.310,32.070,5.499
278,2,1,33.058,6.300,32.079,5.319
279,2,1,33.018,6.221,32.110,5.419
281,2,1,33.079,6.330,32.229,5.199
282,2,1,33.098,6.170,32.200,5.358
284,2,1,33.097,6.070,32.199,5.259
285,2,1,33.097,6.020,32.199,5.209
286,2,1,33.117,5.970,32.219,5.159
288,2,1,33.116,5.871,32.218,5.059
289,2,1,33.096,5.941,32.218,5.049
290,2,1,33.106,5.891,32.218,5.079
291,2,1,33.096,5.861,32.208,5.049
292,2,1,33.106,5.811,32.218,4.999
293,2,1,33.075,5.781,32.188,4.970
294,2,1,33.065,5.731,32.177,4.920
295,2,1,33.055,5.702,32.167,4.890
296,2,1,33.045,5.652,32.157,4.840
297,2,1,33.034,5.622,32.147,4.811
298,2,1,33.044,5.572,32.156,4.761
299,2,1,33.054,5.542,32.166,4.731
300,2,1,33.064,5.492,32.176,4.681
301,2,1,33.054,5.462,32.166,4.651
302,2,1,33.063,5.412,32.176,4.601
303,2,1,33.073,5.362,32.185,4.551
304,2,1,33.083,5.313,32.195,4.501
305,2,1,33.073,5.283,32.185,4.472
306,2,1,33.082,5.233,32.195,4.422
307,2,1,33.072,5.203,32.185,4.392
309,2,1,33.092,5.143,32.204,4.332
310,2,1,33.102,5.113,32.214,4.302
280,2,1,33.028,6.181,32.120,5.379
283,2,1,33.098,6.120,32.199,5.309
287,2,1,33.116,5.921,32.219,5.109
308,2,1,33.082,5.153,32.194,4.342
171,2,1,32.815,11.164,31.833,10.220
180,2,1,32.590,10.564,31.973,9.918
268,2,1,32.962,7.060,32.012,5.988
270,2,1,32.880,6.741,32.052,5.848
0,3,1,31.804,18.241,30.991,17.481
1,3,1,31.844,18.220,30.910,17.472
2,3,1,31.894,18.200,30.951,17.462
3,3,1,31.965,18.159,31.051,17.349
4,3,1,31.985,18.108,31.061,17.248
5,3,1,32.035,18.067,31.091,17.157
6,3,1,32.055,18.026,31.121,17.147
7,3,1,32.045,17.996,31.181,16.995
8,3,1,32.075,17.996,31.221,16.934
9,3,1,32.045,18.026,31.170,16.823
10,3,1,32.055,17.996,31.190,16.823
11,3,1,32.035,17.976,31.160,16.834
12,3,1,32.045,17.905,31.190,16.843
13,3,1,32.054,17.845,31.160,16.753
14,3,1,32.044,17.784,31.150,16.813
15,3,1,32.094,17.672,31.170,16.773
16,3,1,32.083,17.602,31.210,16.692
17,3,1,32.053,17.542,31.180,16.692
18,3,1,32.073,17.551,31.200,16.712
19,3,1,32.103,17.521,31.159,16.652
20,3,1,32.154,17.551,31.250,16.580
21,3,1,32.174,17.571,31.209,16.419
22,3,1,32.164,17.510,31.259,16.308
23,3,1,32.143,17.460,31.218,16.218
24,3,1,32.123,17.420,31.247,16.106
25,3,1,32.203,17.308,31.278,16.066
26,3,1,32.152,17.278,31.267,15.995
27,3,1,32.122,17.238,31.277,16.025
28,3,1,32.132,17.238,31.267,15.995
29,3,1,32.132,17.208,31.237,16.006
30,3,1,32.132,17.218,31.257,15.985
31,3,1,32.162,17.187,31.287,16.005
32,3,1,32.152,17.137,31.277,16.015
33,3,1,32.111,17.077,31.267,16.025
34,3,1,32.161,17.005,31.257,16.056
35,3,1,32.090,16.915,31.227,16.026
36,3,1,32.090,16.895,31.247,16.026
37,3,1,32.100,16.885,31.197,16.026
38,3,1,32.140,16.905,31.247,15.995
39,3,1,32.221,16.894,31.287,15.854
40,3,1,32.190,16.844,31.286,15.773
41,3,1,32.241,16.853,31.316,15.662
42,3,1,32.211,16.813,31.285,15.531
43,3,1,32.169,16.632,31.326,15.722
44,3,1,32.169,16.592,31.326,15.682
45,3,1,32.169,16.551,31.326,15.642
46,3,1,32.189,16.511,31.346,15.601
47,3,1,32.179,16.501,31.415,15.308
48,3,1,32.208,16.359,31.376,15.450
49,3,1,32.178,16.360,31.385,15.339
50,3,1,32.228,16.299,31.406,15.389
51,3,1,32.197,16.259,31.375,15.349
52,3,1,32.197,16.218,31.375,15.309
53,3,1,32.207,16.208,31.385,15.299
54,3,1,32.197,16.158,31.375,15.248
55,3,1,32.217,16.117,31.395,15.208
56,3,1,32.277,16.026,31.455,15.117
57,3,1,32.126,16.017,31.495,15.106
58,3,1,32.125,15.977,31.495,15.066
59,3,1,32.145,15.957,31.515,15.045
60,3,1,32.125,15.896,31.494,14.985
61,3,1,32.125,15.856,31.494,14.945
62,3,1,32.114,15.796,31.484,14.885
63,3,1,32.124,15.755,31.494,14.844
64,3,1,32.104,15.695,31.473,14.784
65,3,1,32.103,15.655,31.473,14.744
66,3,1,32.103,15.614,31.473,14.703
67,3,1,32.083,15.554,31.452,14.643
68,3,1,32.083,15.514,31.452,14.603
69,3,1,32.082,15.453,31.452,14.543
70,3,1,32.082,15.413,31.452,14.502
71,3,1,32.082,15.373,31.451,14.462
72,3,1,32.091,15.121,31.280,14.383
73,3,1,32.091,15.141,31.270,14.454
74,3,1,32.151,15.140,31.310,14.463
75,3,1,32.041,15.242,31.411,14.362
76,3,1,32.120,14.929,31.238,14.202
77,3,1,32.120,15.000,31.278,14.141
78,3,1,32.009,15.001,31.379,14.141
79,3,1,32.009,14.960,31.379,14.100
80,3,1,32.019,14.910,31.389,14.050
81,3,1,32.008,14.860,31.379,14.000
82,3,1,32.028,14.819,31.399,13.959
83,3,1,32.038,14.769,31.408,13.909
84,3,1,32.028,14.719,31.398,13.859
85,3,1,32.160,14.878,31.347,13.839
86,3,1,32.169,14.757,31.377,13.758
87,3,1,32.169,14.717,31.398,13.778
88,3,1,32.088,14.678,31.458,13.818
89,3,1,32.088,14.637,31.458,13.778
90,3,1,32.078,14.597,31.448,13.737
91,3,1,32.067,14.557,31.438,13.697
92,3,1,32.077,14.517,31.447,13.657
93,3,1,32.057,14.467,31.427,13.607
94,3,1,32.057,14.416,31.427,13.557
95,3,1,32.046,14.386,31.417,13.526
96,3,1,32.046,14.326,31.416,13.466
97,3,1,32.036,14.276,31.406,13.416
98,3,1,32.025,14.235,31.396,13.376
99,3,1,32.025,14.185,31.395,13.326
100,3,1,32.015,14.135,31.385,13.275
101,3,1,32.166,14.073,31.303,12.944
102,3,1,32.145,13.922,31.333,12.954
103,3,1,32.175,13.922,31.313,12.954
104,3,1,32.144,13.872,31.293,12.924
105,3,1,32.154,13.822,31.273,12.945
106,3,1,32.164,13.701,31.263,12.965
107,3,1,32.103,13.621,31.212,12.945
108,3,1,32.052,13.591,31.232,12.844
109,3,1,32.042,13.531,31.212,12.865
110,3,1,32.072,13.531,31.272,12.844
111,3,1,32.102,13.420,31.261,12.693
112,3,1,32.132,13.420,31.241,12.583
113,3,1,32.142,13.440,31.260,12.362
114,3,1,32.010,13.300,31.381,12.501
115,3,1,32.072,13.460,31.249,12.171
116,3,1,32.082,13.420,31.289,12.261
117,3,1,32.082,13.470,31.269,12.151
118,3,1,32.082,13.410,31.249,12.201
119,3,1,32.072,13.430,31.259,12.181
120,3,1,32.021,13.360,31.219,12.272
121,3,1,32.000,13.310,31.209,12.292
122,3,1,32.020,13.280,31.209,12.282
123,3,1,32.060,13.149,31.229,12.262
124,3,1,32.069,13.038,31.219,12.201
125,3,1,32.079,12.938,31.229,12.201
126,3,1,32.099,12.867,31.218,12.091
127,3,1,32.048,12.747,31.228,12.081
128,3,1,32.048,12.707,31.228,12.031
129,3,1,32.058,12.717,31.258,11.950
130,3,1,32.007,12.667,31.197,11.850
131,3,1,32.057,12.656,31.256,11.689
132,3,1,32.037,12.606,31.226,11.569
133,3,1,32.118,12.606,31.286,11.468
134,3,1,32.087,12.566,31.246,11.528
135,3,1,32.117,12.545,31.255,11.498
136,3,1,32.097,12.515,31.235,11.468
137,3,1,32.097,12.465,31.245,11.468
138,3,1,32.066,12.435,31.185,11.489
139,3,1,32.045,12.305,31.205,11.509
140,3,1,32.055,12.255,31.215,11.509
141,3,1,32.065,12.174,31.205,11.489
142,3,1,32.095,12.104,31.235,11.428
143,3,1,32.084,12.003,31.204,11.368
144,3,1,32.084,11.913,31.194,11.268
145,3,1,32.044,11.953,31.173,11.218
146,3,1,32.043,11.913,31.214,11.218
147,3,1,32.084,11.893,31.274,11.137
148,3,1,32.093,11.853,31.264,11.087
149,3,1,32.073,11.853,31.263,11.017
150,3,1,32.103,11.802,31.283,10.886
151,3,1,32.103,11.812,31.303,10.876
152,3,1,32.113,11.792,31.302,10.806
153,3,1,32.093,11.812,31.343,10.785
154,3,1,32.113,11.822,31.373,10.765
155,3,1,32.103,11.772,31.373,10.755
156,3,1,32.113,11.652,31.373,10.715
157,3,1,32.032,11.592,31.281,10.515
158,3,1,32.021,11.542,31.281,10.575
159,3,1,32.001,11.422,31.271,10.555
160,3,1,32.020,11.321,31.261,10.525
161,3,1,32.090,11.190,31.281,10.545
162,3,1,31.989,11.211,31.362,10.524
163,3,1,31.989,11.171,31.361,10.484
164,3,1,31.989,11.131,31.361,10.444
165,3,1,31.979,11.091,31.351,10.404
166,3,1,31.968,11.041,31.341,10.354
169,3,1,31.917,10.770,31.581,10.021
170,3,1,31.947,10.830,31.570,9.971
171,3,1,31.937,10.830,31.550,9.951
172,3,1,31.957,10.860,31.450,9.992
173,3,1,31.947,10.850,31.449,9.982
174,3,1,31.957,10.800,31.459,9.932
175,3,1,31.937,10.760,31.439,9.892
176,3,1,31.936,10.720,31.439,9.852
178,3,1,31.926,10.710,31.429,9.842
179,3,1,31.875,10.460,31.438,9.702
181,3,1,32.186,10.307,31.286,9.583
182,3,1,32.136,10.287,31.306,9.533
183,3,1,32.155,10.207,31.286,9.443
184,3,1,32.135,10.167,31.366,9.292
185,3,1,32.044,10.128,31.436,9.351
186,3,1,32.205,10.117,31.285,9.272
187,3,1,32.215,10.086,31.285,9.202
188,3,1,32.164,9.997,31.305,9.232
189,3,1,32.144,10.037,31.285,9.252
190,3,1,32.145,10.157,31.295,9.222
191,3,1,32.003,9.968,31.245,9.243
192,3,1,31.892,9.909,31.184,9.163
193,3,1,31.852,9.909,31.133,9.173
194,3,1,31.942,9.918,31.173,9.113
195,3,1,31.912,9.838,31.173,9.093
196,3,1,31.931,9.748,31.183,9.033
197,3,1,31.962,9.738,31.213,8.963
198,3,1,32.012,9.707,31.212,8.802
199,3,1,32.031,9.597,31.212,8.772
200,3,1,31.980,9.457,31.242,8.722
201,3,1,32.041,9.547,31.211,8.652
202,3,1,31.961,9.638,31.160,8.493
203,3,1,31.991,9.607,31.201,8.512
204,3,1,32.051,9.617,31.240,8.392
205,3,1,31.991,9.577,31.201,8.482
206,3,1,32.001,9.577,31.240,8.342
207,3,1,32.051,9.607,31.270,8.292
208,3,1,31.948,9.127,31.160,8.382
209,3,1,32.009,9.217,31.230,8.272
210,3,1,31.999,9.147,31.240,8.252
211,3,1,31.999,9.117,31.250,8.262
212,3,1,32.019,9.197,31.149,8.152
213,3,1,32.039,9.076,31.118,8.143
214,3,1,32.038,8.916,31.138,8.093
215,3,1,32.047,8.846,31.148,8.012
216,3,1,31.997,8.896,31.148,7.962
217,3,1,31.987,8.846,31.137,7.893
218,3,1,32.007,8.826,31.107,7.853
219,3,1,31.987,8.806,31.056,7.773
220,3,1,31.997,8.806,31.046,7.683
221,3,1,31.987,8.786,31.076,7.683
222,3,1,31.977,8.756,31.076,7.703
223,3,1,31.957,8.797,31.126,7.653
224,3,1,31.896,8.767,31.076,7.643
225,3,1,31.914,8.347,31.196,7.622
226,3,1,31.976,8.746,31.146,7.662
227,3,1,31.986,8.686,31.156,7.582
228,3,1,32.016,8.606,31.176,7.582
229,3,1,32.026,8.506,31.125,7.463
230,3,1,32.065,8.396,31.125,7.463
231,3,1,31.994,8.226,31.125,7.373
232,3,1,32.054,8.096,31.155,7.393
233,3,1,32.023,8.056,31.105,7.393
234,3,1,31.983,8.046,31.095,7.363
235,3,1,32.023,7.966,31.084,7.233
236,3,1,32.073,7.945,31.093,7.063
237,3,1,31.982,7.936,31.123,6.893
238,3,1,31.891,7.797,31.204,7.042
239,3,1,31.932,7.947,31.082,6.853
240,3,1,31.851,7.767,31.163,7.013
241,3,1,31.840,7.717,31.153,6.963
242,3,1,31.850,7.667,31.163,6.913
243,3,1,31.840,7.627,31.153,6.873
244,3,1,31.850,7.577,31.162,6.823
246,3,1,31.840,7.567,31.152,6.813
247,3,1,31.829,7.537,31.142,6.783
248,3,1,31.809,7.508,31.122,6.753
250,3,1,31.799,7.498,31.112,6.743
251,3,1,31.799,7.488,31.112,6.733
252,3,1,31.809,7.508,31.122,6.753
253,3,1,31.799,7.508,31.112,6.753
254,3,1,31.809,7.508,31.122,6.753
255,3,1,31.799,7.498,31.112,6.743
256,3,1,31.809,7.488,31.122,6.733
257,3,1,31.799,7.488,31.112,6.733
258,3,1,31.809,7.478,31.122,6.723
259,3,1,31.799,7.438,31.111,6.683
260,3,1,31.977,6.937,31.139,6.144
261,3,1,31.977,6.887,31.139,6.094
262,3,1,31.987,6.847,31.149,6.054
263,3,1,31.986,6.797,31.148,6.004
264,3,1,31.996,6.687,31.159,6.024
265,3,1,32.006,6.617,31.169,6.024
267,3,1,31.995,6.517,31.159,6.014
268,3,1,31.885,6.598,31.077,5.705
269,3,1,31.895,6.518,31.077,5.805
270,3,1,31.894,6.488,31.077,5.775
271,3,1,31.894,6.458,31.077,5.745
272,3,1,31.786,6.908,31.101,6.524
273,3,1,31.884,6.448,31.067,5.735
274,3,1,31.884,6.418,31.067,5.705
275,3,1,31.884,6.368,31.066,5.656
276,3,1,31.883,6.318,31.066,5.606
277,3,1,31.883,6.249,31.066,5.536
278,3,1,31.893,6.199,31.076,5.486
279,3,1,31.776,6.898,31.091,6.514
280,3,1,31.883,6.189,31.066,5.476
281,3,1,31.872,6.119,31.055,5.406
282,3,1,31.882,5.999,31.065,5.286
283,3,1,31.776,6.898,31.091,6.514
284,3,1,31.872,5.989,31.055,5.277
285,3,1,31.841,5.940,31.024,5.227
286,3,1,31.861,5.959,31.044,5.247
287,3,1,31.872,5.969,31.054,5.257
288,3,1,31.882,5.979,31.065,5.267
289,3,1,31.882,5.969,31.064,5.257
290,3,1,31.882,5.979,31.065,5.267
291,3,1,31.882,5.969,31.064,5.257
292,3,1,31.882,5.969,31.064,5.257
293,3,1,31.930,5.550,31.052,4.798
294,3,1,31.928,5.181,31.101,4.479
295,3,1,31.928,5.191,31.101,4.479
296,3,1,31.928,5.141,31.101,4.429
297,3,1,31.927,5.091,31.100,4.379
298,3,1,31.927,5.051,31.100,4.339
299,3,1,31.927,5.011,31.100,4.299
300,3,1,31.937,4.971,31.110,4.259
301,3,1,31.957,4.931,31.130,4.219
302,3,1,31.966,4.891,31.140,4.180
303,3,1,31.966,4.852,31.139,4.140
304,3,1,31.976,4.812,31.149,4.100
305,3,1,31.776,6.888,31.091,6.504
306,3,1,31.966,4.802,31.139,4.090
307,3,1,31.966,4.772,31.139,4.060
308,3,1,31.976,4.742,31.149,4.030
309,3,1,31.975,4.682,31.149,3.970
310,3,1,31.975,4.642,31.149,3.930
0,4,1,31.767,5.142,30.849,4.351
1,4,1,31.797,5.162,30.839,4.341
2,4,1,31.777,5.212,30.819,4.391
3,4,1,31.797,5.222,30.840,4.401
4,4,1,31.787,5.242,30.830,4.421
5,4,1,31.788,5.291,30.830,4.471
6,4,1,31.788,5.321,30.830,4.500
7,4,1,31.850,5.630,30.850,4.441
8,4,1,31.910,5.710,30.900,4.440
9,4,1,31.890,5.620,30.900,4.510
10,4,1,31.880,5.650,30.890,4.540
11,4,1,31.911,5.749,30.921,4.639
12,4,1,31.880,5.730,30.891,4.620
13,4,1,31.891,5.780,30.901,4.669
14,4,1,31.860,5.750,30.871,4.640
15,4,1,31.891,5.839,30.901,4.729
16,4,1,31.881,5.869,30.891,4.759
17,4,1,31.800,5.780,30.772,4.900
18,4,1,31.800,5.760,30.691,4.920
19,4,1,31.780,5.760,30.661,4.940
20,4,1,31.710,5.831,30.681,4.850
21,4,1,31.720,5.871,30.691,4.890
22,4,1,31.731,5.890,30.701,4.910
23,4,1,31.721,5.910,30.691,4.930
24,4,1,31.711,5.950,30.681,4.970
25,4,1,31.701,5.970,30.672,4.990
26,4,1,31.691,6.010,30.662,5.030
27,4,1,31.681,6.050,30.652,5.070
28,4,1,31.671,6.070,30.642,5.090
29,4,1,31.661,6.110,30.632,5.130
30,4,1,31.592,6.271,30.743,5.309
31,4,1,31.632,6.260,30.754,5.348
32,4,1,31.652,6.260,30.744,5.398
33,4,1,31.652,6.300,30.684,5.449
34,4,1,31.632,6.330,30.634,5.479
35,4,1,31.642,6.330,30.604,5.569
36,4,1,31.653,6.350,30.604,5.599
37,4,1,31.562,6.351,30.604,5.649
38,4,1,31.512,6.361,30.584,5.689
39,4,1,31.552,6.381,30.554,5.709
40,4,1,31.522,6.461,30.574,5.619
41,4,1,31.513,6.481,30.564,5.639
42,4,1,31.503,6.521,30.554,5.679
43,4,1,31.513,6.561,30.564,5.719
44,4,1,31.503,6.601,30.554,5.759
45,4,1,31.513,6.641,30.565,5.799
46,4,1,31.645,6.909,30.615,5.878
47,4,1,31.625,6.919,30.626,5.948
48,4,1,31.575,6.920,30.616,5.998
49,4,1,31.535,6.960,30.636,6.068
50,4,1,31.555,6.940,30.657,6.118
51,4,1,31.565,6.950,30.667,6.147
52,4,1,31.555,6.970,30.677,6.147
53,4,1,31.606,7.000,30.677,6.137
54,4,1,31.646,7.049,30.596,6.168
55,4,1,31.606,7.039,30.617,6.218
56,4,1,31.646,7.039,30.607,6.268
57,4,1,31.636,7.079,30.587,6.318
58,4,1,31.606,7.109,30.587,6.388
59,4,1,31.546,7.140,30.637,6.347
60,4,1,31.617,7.229,30.547,6.428
61,4,1,31.567,7.260,30.558,6.478
62,4,1,31.577,7.389,30.558,6.488
63,4,1,31.517,7.320,30.608,6.537
64,4,1,31.507,7.360,30.598,6.577
65,4,1,31.517,7.400,30.609,6.617
66,4,1,31.508,7.540,30.568,6.607
67,4,1,31.528,7.570,30.569,6.657
68,4,1,31.548,7.560,30.569,6.697
69,4,1,31.478,7.640,30.529,6.778
70,4,1,31.498,7.650,30.519,6.848
71,4,1,31.508,7.680,30.560,6.917
72,4,1,31.498,7.680,30.530,6.987
73,4,1,31.499,7.730,30.540,7.027
74,4,1,31.469,7.750,30.560,6.997
75,4,1,31.459,7.780,30.550,7.027
76,4,1,31.449,7.810,30.540,7.057
77,4,1,31.459,7.860,30.550,7.107
78,4,1,31.479,7.890,30.530,7.027
79,4,1,31.500,7.960,30.510,7.067
80,4,1,31.510,8.060,30.530,7.147
81,4,1,31.511,8.190,30.571,7.217
82,4,1,31.521,8.220,30.561,7.287
83,4,1,31.521,8.260,30.562,7.337
84,4,1,31.511,8.260,30.562,7.357
85,4,1,31.502,8.320,30.582,7.337
86,4,1,31.482,8.340,30.612,7.347
87,4,1,31.481,8.300,30.592,7.377
88,4,1,31.512,8.320,30.582,7.407
89,4,1,31.512,8.310,30.572,7.407
90,4,1,31.512,8.330,30.582,7.427
91,4,1,31.462,8.420,30.562,7.447
92,4,1,31.512,8.450,30.542,7.487
93,4,1,31.502,8.430,30.532,7.587
94,4,1,31.502,8.470,30.463,7.738
95,4,1,31.513,8.500,30.453,7.768
96,4,1,31.563,8.519,30.463,7.798
97,4,1,31.523,8.630,30.484,7.887
98,4,1,31.504,8.710,30.564,7.857
99,4,1,31.494,8.860,30.594,7.867
100,4,1,31.495,9.040,30.594,7.907
101,4,1,31.485,9.111,30.625,7.966
102,4,1,31.505,9.100,30.595,7.997
103,4,1,31.485,9.131,30.595,8.037
104,4,1,31.475,9.141,30.585,8.037
105,4,1,31.465,9.151,30.565,8.057
106,4,1,31.476,9.161,30.575,8.157
107,4,1,31.405,9.161,30.586,8.197
108,4,1,31.405,9.211,30.585,8.177
109,4,1,31.415,9.211,30.576,8.237
110,4,1,31.435,9.181,30.556,8.267
111,4,1,31.476,9.211,30.525,8.257
112,4,1,31.466,9.161,30.485,8.308
113,4,1,31.416,9.281,30.466,8.408
114,4,1,31.376,9.302,30.466,8.448
115,4,1,31.346,9.352,30.456,8.458
116,4,1,31.376,9.472,30.466,8.568
117,4,1,31.337,9.562,30.446,8.568
118,4,1,31.327,9.583,30.487,8.598
119,4,1,31.277,9.613,30.477,8.618
120,4,1,31.307,9.683,30.497,8.618
121,4,1,31.357,9.672,30.487,8.678
122,4,1,31.297,9.693,30.487,8.708
123,4,1,31.327,9.713,30.487,8.768
124,4,1,31.327,9.733,30.498,8.828
125,4,1,31.338,9.743,30.498,8.848
126,4,1,31.297,9.743,30.478,8.878
127,4,1,31.338,9.743,30.478,8.908
128,4,1,31.358,9.743,30.488,8.958
129,4,1,31.338,9.793,30.499,9.038
130,4,1,31.338,9.813,30.499,9.078
131,4,1,31.278,9.823,30.499,9.108
132,4,1,31.308,9.843,30.479,9.148
133,4,1,31.338,9.863,30.479,9.169
134,4,1,31.268,9.934,30.469,9.139
135,4,1,31.299,10.004,30.479,9.128
136,4,1,31.349,10.103,30.499,9.158
137,4,1,31.461,10.183,30.509,9.178
138,4,1,31.380,10.173,30.479,9.239
139,4,1,31.330,10.174,30.470,9.289
140,4,1,31.219,10.245,30.480,9.329
141,4,1,31.229,10.295,30.480,9.379
142,4,1,31.169,10.305,30.450,9.489
143,4,1,31.169,10.315,30.420,9.469
144,4,1,31.129,10.316,30.360,9.520
145,4,1,31.038,10.266,30.249,9.571
146,4,1,31.038,10.266,30.219,9.581
147,4,1,30.998,10.287,30.199,9.591
148,4,1,31.028,10.347,30.179,9.632
149,4,1,31.089,10.386,30.230,9.651
150,4,1,30.938,10.357,30.371,9.670
151,4,1,30.928,10.387,30.361,9.700
152,4,1,30.928,10.428,30.361,9.740
153,4,1,31.090,10.697,30.251,9.872
154,4,1,31.081,10.787,30.231,9.882
155,4,1,31.131,10.857,30.321,9.821
156,4,1,31.091,10.908,30.311,9.831
157,4,1,31.061,10.958,30.301,9.881
158,4,1,31.011,10.958,30.271,9.932
159,4,1,30.951,10.949,30.231,9.962
160,4,1,30.961,10.939,30.221,10.042
161,4,1,30.961,10.959,30.211,10.042
162,4,1,30.890,10.959,30.131,10.123
163,4,1,30.911,10.999,30.131,10.213
164,4,1,30.840,11.030,30.111,10.224
165,4,1,30.961,11.039,30.091,10.254
166,4,1,30.981,11.069,30.122,10.304
167,4,1,30.860,11.070,30.071,10.384
168,4,1,30.931,11.069,30.082,10.424
169,4,1,30.971,11.049,30.102,10.444
170,4,1,30.931,11.100,30.112,10.464
172,4,1,30.771,11.241,30.173,10.624
173,4,1,30.842,11.361,30.042,10.565
174,4,1,30.983,11.360,30.082,10.605
175,4,1,30.912,11.391,30.032,10.656
176,4,1,30.943,11.451,30.012,10.646
177,4,1,30.903,11.541,29.992,10.716
178,4,1,30.873,11.602,29.942,10.716
179,4,1,30.691,11.563,30.124,10.885
181,4,1,31.155,11.600,29.942,10.777
182,4,1,30.974,11.581,29.852,10.828
183,4,1,31.004,11.611,29.842,10.838
184,4,1,30.994,11.631,29.822,10.898
185,4,1,30.994,11.661,29.822,10.918
186,4,1,30.924,11.732,29.792,10.948
187,4,1,30.611,11.514,30.043,10.856
188,4,1,30.601,11.544,30.033,10.886
189,4,1,30.632,11.815,30.004,11.127
190,4,1,30.875,12.114,29.822,11.059
191,4,1,30.612,11.925,30.045,11.318
192,4,1,30.876,12.174,29.893,11.048
193,4,1,30.956,12.184,29.883,11.068
194,4,1,31.027,12.133,29.873,11.068
195,4,1,30.785,12.205,29.913,11.048
196,4,1,30.755,12.256,29.893,11.018
197,4,1,30.775,12.205,29.893,11.108
198,4,1,30.775,12.215,29.843,11.169
199,4,1,30.785,12.205,29.863,11.239
200,4,1,30.674,12.126,30.046,11.498
201,4,1,30.745,12.216,29.864,11.349
202,4,1,30.775,12.296,29.844,11.410
203,4,1,30.776,12.356,29.894,11.409
204,4,1,30.563,12.076,29.995,11.439
205,4,1,30.563,12.097,29.995,11.459
206,4,1,30.563,12.117,29.995,11.479
207,4,1,30.736,12.497,29.905,11.429
208,4,1,30.746,12.437,29.864,11.500
209,4,1,30.655,12.347,30.057,11.719
210,4,1,30.786,12.406,29.895,11.560
211,4,1,30.816,12.386,29.895,11.600
212,4,1,30.806,12.416,29.875,11.570
213,4,1,30.716,12.487,29.945,11.539
214,4,1,30.726,12.427,29.946,11.600
215,4,1,30.766,12.477,29.915,11.610
216,4,1,30.776,12.527,29.885,11.620
217,4,1,30.736,12.497,29.895,11.630
218,4,1,30.746,12.527,29.886,11.711
219,4,1,30.756,12.487,29.886,11.711
220,4,1,30.746,12.517,29.855,11.741
221,4,1,30.746,12.517,29.896,11.771
222,4,1,30.756,12.527,29.866,11.781
223,4,1,30.757,12.597,29.866,11.841
224,4,1,30.757,12.617,29.866,11.861
225,4,1,30.767,12.678,29.826,11.892
226,4,1,30.777,12.718,29.836,12.002
227,4,1,30.767,12.758,29.837,12.063
228,4,1,30.788,12.768,29.816,12.043
229,4,1,30.808,12.738,29.857,12.032
230,4,1,30.788,12.768,29.877,12.052
231,4,1,30.798,12.768,29.917,12.032
232,4,1,30.818,12.707,29.948,12.082
233,4,1,30.787,12.698,29.988,12.122
234,4,1,30.666,12.719,30.099,12.101
235,4,1,30.677,12.749,30.109,12.131
236,4,1,30.697,12.769,30.129,12.150
237,4,1,30.707,12.799,30.140,12.181
238,4,1,30.859,12.878,30.019,12.161
239,4,1,30.900,13.079,30.039,12.232
240,4,1,30.880,13.109,30.049,12.322
241,4,1,30.748,13.009,30.181,12.391
242,4,1,30.759,13.040,30.191,12.421
243,4,1,30.769,13.080,30.201,12.461
244,4,1,30.850,13.220,30.110,12.382
245,4,1,30.810,13.210,30.080,12.402
246,4,1,30.901,13.229,30.000,12.483
247,4,1,30.911,13.229,30.040,12.503
248,4,1,30.901,13.199,30.040,12.533
249,4,1,30.921,13.209,30.040,12.573
250,4,1,30.952,13.329,30.010,12.553
251,4,1,30.749,13.180,30.182,12.562
252,4,1,30.731,13.502,30.122,12.814
253,4,1,30.933,13.571,30.081,12.734
254,4,1,30.922,13.541,30.102,12.754
255,4,1,30.872,13.511,30.152,12.763
256,4,1,30.862,13.572,30.142,12.763
257,4,1,30.872,13.602,30.162,12.773
258,4,1,30.883,13.652,30.083,13.015
259,4,1,30.903,13.662,30.073,13.046
260,4,1,30.833,13.753,30.033,13.096
261,4,1,30.843,13.773,30.033,13.177
262,4,1,30.843,13.894,30.053,13.237
263,4,1,30.814,14.005,30.054,13.287
264,4,1,30.824,14.015,30.033,13.297
265,4,1,30.884,14.064,30.043,13.297
266,4,1,30.945,14.074,30.094,13.277
267,4,1,30.945,14.124,30.084,13.247
269,4,1,30.956,14.185,30.074,13.257
271,4,1,30.986,14.245,30.104,13.287
272,4,1,30.996,14.285,30.084,13.307
273,4,1,30.732,13.915,30.165,13.306
274,4,1,30.906,14.306,30.084,13.347
275,4,1,30.722,13.945,30.155,13.336
276,4,1,30.713,13.996,30.145,13.387
277,4,1,30.723,14.026,30.155,13.417
279,4,1,30.713,14.016,30.145,13.407
281,4,1,30.703,14.006,30.135,13.397
282,4,1,30.713,14.016,30.145,13.407
283,4,1,30.887,14.709,30.056,13.981
284,4,1,30.888,14.769,30.057,14.052
285,4,1,30.908,14.860,30.036,14.032
286,4,1,30.889,14.940,30.047,14.022
287,4,1,30.878,14.900,30.077,14.052
288,4,1,30.858,14.911,30.047,14.052
289,4,1,30.858,14.900,30.047,14.112
290,4,1,30.848,14.890,30.027,14.123
291,4,1,30.858,14.961,29.946,14.113
292,4,1,30.859,15.031,29.966,14.173
293,4,1,30.849,15.092,29.987,14.214
294,4,1,30.819,15.102,29.997,14.354
295,4,1,30.839,15.142,29.998,14.375
296,4,1,30.829,15.233,30.018,14.415
297,4,1,30.820,15.324,29.998,14.495
298,4,1,30.820,15.425,29.978,14.475
299,4,1,30.820,15.405,29.988,14.536
300,4,1,30.850,15.364,29.918,14.597
301,4,1,30.870,15.394,29.918,14.617
302,4,1,30.831,15.505,29.867,14.577
303,4,1,30.821,15.596,29.877,14.627
304,4,1,30.811,15.647,29.898,14.617
305,4,1,30.831,15.616,29.918,14.607
306,4,1,30.822,15.788,29.948,14.627
307,4,1,30.842,15.798,29.989,14.657
308,4,1,30.873,15.878,29.979,14.697
309,4,1,30.934,15.978,30.080,14.827
310,4,1,30.964,15.978,30.101,14.857
0,5,1,33.784,16.526,32.961,15.576
1,5,1,33.753,16.486,32.879,15.436
2,5,1,33.733,16.466,32.919,15.405
3,5,1,33.692,16.406,32.899,15.405
4,5,1,33.722,16.294,32.859,15.396
5,5,1,33.722,16.264,32.929,15.375
6,5,1,33.732,16.274,32.929,15.385
7,5,1,33.741,16.163,32.889,15.375
8,5,1,33.690,16.083,32.909,15.315
9,5,1,33.700,16.053,32.908,15.224
10,5,1,33.689,15.942,32.877,15.023
11,5,1,33.669,15.852,32.857,15.003
12,5,1,33.678,15.791,32.877,14.952
13,5,1,33.699,15.811,32.906,14.872
14,5,1,33.688,15.791,32.927,14.881
15,5,1,33.689,15.821,32.896,14.821
16,5,1,33.678,15.761,32.936,14.771
17,5,1,33.647,15.670,32.916,14.731
18,5,1,33.637,15.570,32.885,14.741
19,5,1,33.616,15.479,32.865,14.691
20,5,1,33.636,15.409,32.895,14.741
21,5,1,33.625,15.378,32.885,14.691
22,5,1,33.655,15.308,32.885,14.660
23,5,1,33.675,15.207,32.925,14.610
24,5,1,33.645,15.227,32.894,14.550
25,5,1,33.655,15.207,32.853,14.449
26,5,1,33.685,15.197,32.873,14.248
27,5,1,33.684,15.136,32.862,14.188
28,5,1,33.654,15.036,32.872,14.137
29,5,1,33.633,14.945,32.861,14.057
30,5,1,33.663,14.955,32.861,14.047
31,5,1,33.653,14.945,32.871,14.047
32,5,1,33.653,14.935,32.891,13.986
33,5,1,33.632,14.855,32.871,13.936
34,5,1,33.622,14.805,32.850,13.896
35,5,1,33.621,14.734,32.860,13.835
36,5,1,33.621,14.714,32.860,13.815
37,5,1,33.651,14.653,32.870,13.835
38,5,1,33.641,14.623,32.880,13.725
39,5,1,33.661,14.553,32.899,13.644
40,5,1,33.640,14.482,32.808,13.564
41,5,1,33.650,14.402,32.788,13.534
42,5,1,33.619,14.342,32.807,13.383
43,5,1,33.619,14.281,32.777,13.323
44,5,1,33.618,14.231,32.786,13.193
45,5,1,33.638,14.191,32.816,13.172
46,5,1,33.618,14.231,32.796,13.152
47,5,1,33.618,14.221,32.796,13.132
48,5,1,33.588,14.161,32.725,13.123
49,5,1,33.567,14.111,32.725,13.113
50,5,1,33.577,14.060,32.725,13.123
51,5,1,33.577,13.970,32.735,13.062
52,5,1,33.586,13.909,32.744,12.992
53,5,1,33.596,13.940,32.755,13.052
54,5,1,33.576,13.839,32.735,13.073
55,5,1,33.596,13.779,32.755,13.012
56,5,1,33.626,13.748,32.744,12.851
57,5,1,33.594,13.608,32.723,12.781
58,5,1,33.574,13.548,32.733,12.721
59,5,1,33.574,13.538,32.722,12.631
60,5,1,33.594,13.487,32.711,12.450
61,5,1,33.623,13.376,32.751,12.399
62,5,1,33.613,13.396,32.781,12.349
63,5,1,33.633,13.336,32.771,12.359
64,5,1,33.623,13.306,32.761,12.339
65,5,1,33.633,13.356,32.781,12.278
66,5,1,33.623,13.326,32.811,12.218
67,5,1,33.612,13.256,32.811,12.278
68,5,1,33.623,13.256,32.801,12.278
69,5,1,33.632,13.125,32.801,12.258
70,5,1,33.642,13.095,32.801,12.238
71,5,1,33.671,12.984,32.810,12.158
72,5,1,33.681,12.934,32.840,12.077
73,5,1,33.620,12.814,32.840,12.027
74,5,1,33.600,12.814,32.799,11.987
75,5,1,33.579,12.744,32.779,11.907
76,5,1,33.538,12.623,32.748,11.737
77,5,1,33.558,12.603,32.778,11.716
78,5,1,33.609,12.633,32.768,11.726
79,5,1,33.619,12.603,32.777,11.666
80,5,1,33.619,12.633,32.797,11.646
81,5,1,33.588,12.593,32.797,11.586
82,5,1,33.608,12.522,32.777,11.596
83,5,1,33.598,12.472,32.756,11.536
84,5,1,33.618,12.432,32.756,11.536
85,5,1,33.607,12.342,32.756,11.506
86,5,1,33.636,12.221,32.807,11.485
87,5,1,33.646,12.171,32.786,11.496
88,5,1,33.616,12.101,32.766,11.456
89,5,1,33.655,12.030,32.775,11.335
90,5,1,33.655,12.000,32.825,11.254
91,5,1,33.665,12.010,32.825,11.234
92,5,1,33.665,11.960,32.835,11.194
93,5,1,33.675,11.970,32.835,11.164
94,5,1,33.685,11.950,32.824,11.064
95,5,1,33.725,11.919,32.854,11.023
96,5,1,33.725,11.949,32.894,11.013
97,5,1,33.694,11.829,32.804,10.974
98,5,1,33.735,11.819,32.884,10.923
99,5,1,33.684,11.799,32.793,10.874
100,5,1,33.745,11.788,32.863,10.823
101,5,1,33.744,11.688,32.863,10.733
102,5,1,33.754,11.668,32.883,10.722
103,5,1,33.744,11.658,32.913,10.662
104,5,1,33.773,11.507,32.933,10.672
105,5,1,33.752,11.427,32.923,10.682
106,5,1,33.832,11.306,32.962,10.521
107,5,1,33.862,11.246,32.992,10.511
108,5,1,33.802,11.256,32.941,10.381
109,5,1,33.822,11.226,33.011,10.330
110,5,1,33.872,11.206,33.081,10.280
111,5,1,33.922,11.205,33.101,10.250
112,5,1,33.882,11.246,33.051,10.230
113,5,1,33.973,11.245,33.071,10.180
114,5,1,34.154,11.233,33.181,10.079
115,5,1,34.133,11.173,33.211,10.038
116,5,1,34.173,11.113,33.291,9.978
117,5,1,34.243,11.012,33.321,9.927
118,5,1,33.929,10.774,33.322,10.078
119,5,1,34.101,10.853,33.290,9.887
120,5,1,33.949,10.734,33.422,10.007
121,5,1,33.969,10.683,33.442,9.956
122,5,1,33.999,10.613,33.471,9.886
123,5,1,33.999,10.593,33.471,9.866
124,5,1,34.008,10.543,33.481,9.816
126,5,1,33.998,10.533,33.471,9.806
127,5,1,34.008,10.493,33.481,9.766
128,5,1,34.189,10.471,33.418,9.376
129,5,1,34.057,10.292,33.530,9.565
130,5,1,34.077,10.232,33.550,9.505
131,5,1,34.087,10.182,33.559,9.455
132,5,1,34.116,10.121,33.589,9.394
133,5,1,34.672,10.447,33.405,8.886
134,5,1,34.106,10.051,33.579,9.324
135,5,1,34.116,9.991,33.588,9.264
136,5,1,34.105,9.941,33.578,9.214
138,5,1,34.095,9.931,33.568,9.204
139,5,1,34.095,9.901,33.568,9.174
140,5,1,34.154,9.640,33.556,8.834
141,5,1,34.142,9.380,33.605,8.624
142,5,1,34.485,9.598,33.524,8.524
143,5,1,34.615,9.516,33.443,8.425
144,5,1,34.112,9.350,33.584,8.624
145,5,1,34.575,9.497,33.462,8.315
146,5,1,34.101,9.280,33.574,8.554
147,5,1,34.564,9.377,33.471,8.175
148,5,1,34.091,9.210,33.564,8.484
149,5,1,34.080,9.150,33.553,8.424
150,5,1,34.080,9.090,33.553,8.364
152,5,1,34.070,9.080,33.543,8.354
153,5,1,34.059,9.041,33.532,8.314
154,5,1,34.178,8.769,33.601,7.984
155,5,1,34.148,8.740,33.621,8.014
156,5,1,34.319,8.858,33.460,7.925
157,5,1,34.148,8.750,33.621,8.024
158,5,1,34.148,8.700,33.621,7.974
159,5,1,34.137,8.650,33.610,7.924
160,5,1,34.147,8.580,33.620,7.854
161,5,1,34.136,8.520,33.610,7.794
162,5,1,34.136,8.450,33.609,7.724
163,5,1,34.126,8.390,33.599,7.664
164,5,1,34.115,8.330,33.588,7.604
166,5,1,34.114,8.080,33.526,7.315
167,5,1,34.083,8.060,33.557,7.335
168,5,1,34.083,8.030,33.556,7.305
169,5,1,34.083,7.970,33.556,7.245
170,5,1,34.072,7.920,33.546,7.195
172,5,1,34.062,7.911,33.536,7.185
173,5,1,34.062,7.881,33.535,7.155
174,5,1,34.062,7.831,33.535,7.105
176,5,1,34.052,7.821,33.525,7.095
177,5,1,33.989,7.462,33.442,6.717
178,5,1,33.979,7.452,33.452,6.726
179,5,1,33.959,7.392,33.432,6.667
181,5,1,33.938,7.282,33.411,6.557
182,5,1,33.928,7.232,33.401,6.507
184,5,1,33.917,7.222,33.391,6.497
185,5,1,33.917,7.182,33.391,6.457
186,5,1,33.917,7.132,33.390,6.408
187,5,1,33.906,7.083,33.380,6.358
188,5,1,33.906,7.033,33.380,6.308
189,5,1,33.896,6.973,33.369,6.248
190,5,1,33.864,6.743,33.317,5.939
191,5,1,33.854,6.704,33.328,5.979
192,5,1,33.844,6.644,33.317,5.919
193,5,1,33.853,6.594,33.327,5.869
194,5,1,33.833,6.534,33.306,5.810
195,5,1,33.822,6.484,33.296,5.760
196,5,1,33.832,6.424,33.306,5.700
197,5,1,33.812,6.375,33.285,5.650
198,5,1,33.811,6.325,33.285,5.600
199,5,1,33.780,6.155,33.224,5.451
201,5,1,33.942,6.274,33.044,5.542
202,5,1,33.751,6.255,33.225,5.541
203,5,1,33.751,6.225,33.224,5.511
204,5,1,33.740,6.166,33.214,5.451
205,5,1,33.740,6.116,33.214,5.401
206,5,1,33.730,6.076,33.203,5.362
207,5,1,33.709,6.016,33.183,5.302
208,5,1,33.678,5.827,33.132,5.073
209,5,1,33.668,5.807,33.142,5.093
210,5,1,33.657,5.767,33.131,5.053
211,5,1,33.647,5.717,33.121,5.003
212,5,1,33.627,5.668,33.101,4.954
213,5,1,33.626,5.618,33.100,4.904
214,5,1,33.655,5.398,33.069,4.685
216,5,1,33.625,5.399,33.099,4.685
217,5,1,33.625,5.359,33.099,4.645
218,5,1,33.615,5.319,33.089,4.605
219,5,1,33.624,5.269,33.098,4.555
220,5,1,33.604,5.219,33.078,4.505
221,5,1,33.604,5.189,33.078,4.476
222,5,1,33.593,5.140,33.068,4.426
223,5,1,33.593,5.100,33.067,4.386
224,5,1,33.593,5.040,33.067,4.326
225,5,1,33.583,4.990,33.057,4.276
226,5,1,33.562,4.931,33.036,4.217
227,5,1,33.562,4.881,33.036,4.167
228,5,1,33.552,4.841,33.026,4.127
229,5,1,33.551,4.801,33.026,4.087
230,5,1,33.541,4.751,33.015,4.038
231,5,1,33.521,4.712,32.995,3.998
232,5,1,33.510,4.662,32.985,3.948
234,5,1,33.500,4.652,32.975,3.938
235,5,1,33.500,4.622,32.974,3.909
236,5,1,33.490,4.592,32.964,3.879
237,5,1,33.490,4.542,32.964,3.829
238,5,1,33.479,4.503,32.954,3.789
239,5,1,33.459,4.463,32.933,3.750
240,5,1,33.449,4.413,32.923,3.700
241,5,1,33.448,4.364,32.923,3.650
242,5,1,33.428,4.324,32.902,3.610
243,5,1,33.418,4.274,32.892,3.561
244,5,1,33.397,4.224,32.872,3.511
245,5,1,33.387,4.195,32.862,3.481
246,5,1,33.387,4.155,32.861,3.442
248,5,1,33.377,4.145,32.851,3.432
249,5,1,33.367,4.115,32.841,3.402
251,5,1,33.357,4.105,32.831,3.392
252,5,1,33.356,4.085,32.831,3.372
253,5,1,33.356,4.055,32.831,3.342
254,5,1,33.356,4.026,32.831,3.312
255,5,1,33.356,4.026,32.831,3.312
256,5,1,33.356,4.036,32.831,3.322
257,5,1,33.346,4.026,32.821,3.313
259,5,1,33.336,4.016,32.810,3.303
260,5,1,33.326,3.996,32.800,3.283
261,5,1,33.326,3.976,32.800,3.263
263,5,1,33.316,3.966,32.790,3.253
264,5,1,33.295,3.946,32.770,3.233
266,5,1,33.285,3.936,32.760,3.223
267,5,1,33.275,3.937,32.750,3.223
269,5,1,33.275,3.937,32.750,3.223
271,5,1,33.275,3.937,32.750,3.223
272,5,1,33.265,3.927,32.740,3.214
273,5,1,33.265,3.937,32.740,3.223
274,5,1,33.352,3.279,32.735,2.388
275,5,1,33.342,3.269,32.725,2.378
276,5,1,33.331,3.260,32.715,2.368
277,5,1,33.331,3.250,32.715,2.359
278,5,1,33.331,3.230,32.715,2.339
279,5,1,33.321,3.210,32.705,2.319
281,5,1,33.311,3.170,32.694,2.279
282,5,1,33.301,3.150,32.684,2.259
284,5,1,33.270,3.111,32.654,2.220
285,5,1,33.270,3.101,32.654,2.210
286,5,1,33.260,3.091,32.644,2.200
288,5,1,33.250,3.071,32.634,2.180
289,5,1,33.240,3.071,32.624,2.180
290,5,1,33.220,3.061,32.604,2.170
291,5,1,33.210,3.061,32.594,2.170
292,5,1,33.210,3.061,32.594,2.170
293,5,1,33.200,3.061,32.584,2.170
294,5,1,33.180,3.062,32.564,2.171
295,5,1,33.170,3.062,32.554,2.171
296,5,1,33.180,3.062,32.564,2.171
297,5,1,33.170,3.062,32.554,2.171
298,5,1,33.170,3.062,32.554,2.171
299,5,1,33.174,3.828,32.649,3.115
300,5,1,33.160,3.052,32.543,2.161
301,5,1,33.160,3.052,32.543,2.161
302,5,1,33.160,3.062,32.544,2.171
303,5,1,33.160,3.072,32.544,2.181
304,5,1,33.160,3.072,32.544,2.181
305,5,1,33.160,3.072,32.544,2.181
306,5,1,33.160,3.082,32.544,2.191
307,5,1,33.160,3.092,32.544,2.201
309,5,1,33.160,3.092,32.544,2.201
310,5,1,33.160,3.092,32.544,2.201
280,5,1,33.311,3.190,32.695,2.299
283,5,1,33.281,3.131,32.664,2.240
287,5,1,33.250,3.081,32.634,2.190
308,5,1,33.160,3.092,32.544,2.201
180,5,1,33.948,7.342,33.422,6.617
268,5,1,33.265,3.937,32.740,3.223
270,5,1,33.265,3.927,32.740,3.214
0,6,1,34.470,16.519,33.638,15.721
1,6,1,34.520,16.478,33.657,15.690
2,6,1,34.540,16.438,33.677,15.660
3,6,1,34.569,16.337,33.667,15.610
4,6,1,34.569,16.307,33.657,15.559
5,6,1,34.609,16.236,33.696,15.418
6,6,1,34.568,16.186,33.726,15.377
7,6,1,34.568,16.155,33.716,15.347
8,6,1,34.508,16.156,33.645,15.308
9,6,1,34.497,16.126,33.715,15.267
10,6,1,34.446,16.026,33.665,15.227
11,6,1,34.456,15.975,33.654,15.136
12,6,1,34.455,15.884,33.613,15.076
13,6,1,34.465,15.864,33.582,14.896
14,6,1,34.455,15.774,33.623,14.915
15,6,1,34.444,15.733,33.632,14.885
16,6,1,34.444,15.693,33.673,14.854
17,6,1,34.443,15.592,33.672,14.824
18,6,1,34.423,15.512,33.662,14.834
19,6,1,34.433,15.482,33.612,14.805
20,6,1,34.482,15.391,33.642,14.734
21,6,1,34.502,15.350,33.641,14.663
22,6,1,34.522,15.320,33.641,14.603
23,6,1,34.562,15.229,33.671,14.552
24,6,1,34.512,15.229,33.671,14.542
25,6,1,34.521,15.169,33.681,14.502
26,6,1,34.511,15.159,33.690,14.462
27,6,1,34.500,15.058,33.690,14.411
28,6,1,34.510,14.967,33.710,14.331
29,6,1,34.540,14.897,33.679,14.210
30,6,1,34.600,14.816,33.719,14.160
31,6,1,34.580,14.816,33.698,14.140
32,6,1,34.549,14.766,33.729,14.150
33,6,1,34.528,14.716,33.708,14.069
34,6,1,34.528,14.645,33.698,14.039
35,6,1,34.528,14.595,33.667,13.949
36,6,1,34.517,14.555,33.656,13.848
37,6,1,34.537,14.535,33.676,13.768
38,6,1,34.558,14.585,33.685,13.557
39,6,1,34.578,14.595,33.715,13.496
40,6,1,34.568,14.544,33.674,13.506
41,6,1,34.477,14.485,33.594,13.497
42,6,1,34.476,14.374,33.573,13.447
43,6,1,34.476,14.334,33.583,13.427
44,6,1,34.495,14.253,33.552,13.327
45,6,1,34.465,14.264,33.542,13.317
46,6,1,34.455,14.233,33.562,13.246
47,6,1,34.474,14.123,33.572,13.226
48,6,1,34.453,13.962,33.602,13.256
49,6,1,34.453,13.972,33.572,13.226
50,6,1,34.453,13.942,33.541,13.156
51,6,1,34.462,13.861,33.541,13.086
52,6,1,34.462,13.801,33.541,13.045
53,6,1,34.502,13.750,33.530,12.925
54,6,1,34.502,13.760,33.530,12.895
55,6,1,34.482,13.720,33.550,12.844
56,6,1,34.461,13.560,33.590,12.854
57,6,1,34.460,13.550,33.570,12.834
58,6,1,34.450,13.500,33.569,12.794
59,6,1,34.470,13.459,33.569,12.754
60,6,1,34.500,13.379,33.558,12.653
61,6,1,34.549,13.308,33.578,12.603
62,6,1,34.580,13.297,33.598,12.492
63,6,1,34.559,13.247,33.597,12.402
64,6,1,34.579,13.197,33.638,12.412
65,6,1,34.569,13.147,33.657,12.361
66,6,1,34.588,13.086,33.667,12.241
67,6,1,34.568,13.066,33.687,12.190
68,6,1,34.497,12.997,33.626,12.171
69,6,1,34.467,12.947,33.596,12.141
70,6,1,34.447,13.057,33.575,12.131
71,6,1,34.497,12.997,33.605,12.071
72,6,1,34.507,12.906,33.585,11.991
73,6,1,34.415,12.756,33.625,12.000
74,6,1,34.425,12.706,33.625,11.950
75,6,1,34.444,12.596,33.624,11.860
76,6,1,34.433,12.485,33.614,11.800
77,6,1,34.433,12.455,33.573,11.790
78,6,1,34.443,12.405,33.613,11.709
79,6,1,34.473,12.374,33.633,11.649
80,6,1,34.442,12.294,33.582,11.609
81,6,1,34.412,12.265,33.562,11.579
82,6,1,34.452,12.204,33.612,11.529
83,6,1,34.482,12.164,33.612,11.438
84,6,1,34.522,12.123,33.642,11.418
85,6,1,34.582,12.082,33.671,11.318
86,6,1,34.622,12.032,33.721,11.287
87,6,1,34.621,12.002,33.711,11.267
88,6,1,34.611,11.942,33.711,11.207
89,6,1,34.580,11.872,33.701,11.217
90,6,1,34.570,11.802,33.700,11.147
91,6,1,34.590,11.781,33.710,11.097
92,6,1,34.609,11.701,33.689,11.007
93,6,1,34.639,11.650,33.669,10.937
94,6,1,34.689,11.620,33.739,10.826
95,6,1,34.719,11.590,33.769,10.795
96,6,1,34.709,11.580,33.748,10.745
97,6,1,34.679,11.550,33.758,10.735
98,6,1,34.648,11.500,33.738,10.756
99,6,1,34.668,11.450,33.778,10.705
100,6,1,34.678,11.419,33.798,10.645
101,6,1,34.687,11.309,33.797,10.555
102,6,1,34.687,11.299,33.807,10.494
103,6,1,34.687,11.259,33.796,10.384
104,6,1,34.657,11.249,33.766,10.304
105,6,1,34.666,11.189,33.756,10.304
106,6,1,34.606,11.139,33.675,10.305
107,6,1,34.635,11.049,33.736,10.325
108,6,1,34.614,10.909,33.745,10.234
109,6,1,34.644,10.908,33.785,10.184
110,6,1,34.604,10.869,33.654,10.085
111,6,1,34.674,10.808,33.673,9.995
112,6,1,34.614,10.829,33.633,9.975
113,6,1,34.644,10.788,33.673,9.884
114,6,1,34.604,10.859,33.532,9.845
115,6,1,34.583,10.759,33.682,9.814
116,6,1,34.573,10.729,33.642,9.805
117,6,1,34.623,10.648,33.591,9.725
118,6,1,34.641,10.377,33.923,9.662
119,6,1,34.672,10.487,33.721,9.554
120,6,1,34.560,10.338,33.993,9.692
121,6,1,34.570,10.288,34.003,9.641
122,6,1,34.590,10.228,34.023,9.581
123,6,1,34.579,10.188,34.012,9.541
124,6,1,34.579,10.138,34.012,9.491
125,6,1,34.589,10.077,34.022,9.431
126,6,1,34.578,10.037,34.011,9.391
127,6,1,34.710,10.177,33.578,9.274
128,6,1,34.810,10.096,33.778,9.123
129,6,1,34.558,9.927,33.991,9.281
130,6,1,34.557,9.877,33.990,9.231
131,6,1,34.557,9.847,33.990,9.201
132,6,1,34.577,9.767,34.010,9.121
133,6,1,34.566,9.707,33.999,9.061
134,6,1,34.576,9.647,34.009,9.001
135,6,1,34.565,9.597,33.999,8.951
136,6,1,34.575,9.537,34.008,8.891
137,6,1,34.565,9.487,33.998,8.841
138,6,1,34.585,9.437,34.018,8.791
139,6,1,34.584,9.387,34.017,8.741
140,6,1,34.633,9.196,34.036,8.481
141,6,1,34.693,9.136,34.086,8.470
142,6,1,34.663,9.126,34.096,8.480
143,6,1,34.673,9.076,34.106,8.430
144,6,1,34.662,9.026,34.095,8.380
145,6,1,34.672,8.976,34.105,8.330
146,6,1,34.662,8.926,34.095,8.280
147,6,1,34.671,8.866,34.104,8.220
148,6,1,34.671,8.806,34.104,8.160
149,6,1,34.670,8.746,34.104,8.100
150,6,1,34.680,8.686,34.113,8.040
151,6,1,34.690,8.636,34.123,7.990
152,6,1,34.871,8.744,33.601,7.964
153,6,1,34.669,8.566,34.103,7.920
154,6,1,34.689,8.466,34.092,7.840
155,6,1,34.669,8.476,34.102,7.840
156,6,1,34.668,8.436,34.102,7.800
157,6,1,34.658,8.386,34.091,7.750
158,6,1,34.668,8.346,34.101,7.710
159,6,1,34.647,8.306,34.081,7.671
160,6,1,34.637,8.256,34.071,7.621
161,6,1,34.637,8.196,34.070,7.561
163,6,1,34.627,8.186,34.060,7.551
164,6,1,34.626,8.146,34.060,7.511
165,6,1,34.626,8.076,34.059,7.441
166,6,1,34.624,7.816,34.068,7.181
167,6,1,34.624,7.806,34.068,7.171
168,6,1,34.614,7.767,34.057,7.131
169,6,1,34.613,7.727,34.057,7.091
170,6,1,34.603,7.677,34.047,7.042
172,6,1,34.602,7.567,34.046,6.932
173,6,1,34.602,7.527,34.046,6.892
174,6,1,34.602,7.477,34.046,6.842
175,6,1,34.591,7.417,34.035,6.782
176,6,1,34.591,7.367,34.035,6.732
177,6,1,34.591,7.337,34.014,6.663
178,6,1,34.581,7.317,34.024,6.682
179,6,1,34.580,7.267,34.024,6.633
181,6,1,34.580,7.148,34.023,6.513
182,6,1,34.579,7.098,34.023,6.463
183,6,1,34.569,7.038,34.013,6.403
184,6,1,34.568,6.988,34.012,6.353
185,6,1,34.558,6.948,34.002,6.313
186,6,1,34.558,6.898,34.002,6.263
187,6,1,34.547,6.838,33.991,6.204
188,6,1,34.537,6.799,33.981,6.164
189,6,1,34.527,6.749,33.971,6.114
190,6,1,34.516,6.719,33.960,6.084
191,6,1,34.516,6.659,33.960,6.024
192,6,1,34.506,6.619,33.950,5.985
193,6,1,34.495,6.569,33.939,5.935
194,6,1,34.475,6.530,33.919,5.895
195,6,1,34.465,6.480,33.909,5.845
196,6,1,34.454,6.420,33.898,5.785
197,6,1,34.434,6.370,33.878,5.736
198,6,1,34.424,6.320,33.868,5.686
199,6,1,34.413,6.271,33.857,5.636
200,6,1,34.422,6.081,33.826,5.357
201,6,1,34.523,6.230,33.565,5.449
202,6,1,34.322,6.142,33.766,5.507
203,6,1,34.312,6.102,33.756,5.467
204,6,1,34.311,6.052,33.756,5.418
205,6,1,34.301,6.022,33.745,5.388
206,6,1,34.301,5.972,33.745,5.338
207,6,1,34.291,5.932,33.735,5.298
208,6,1,34.319,5.713,33.713,5.059
209,6,1,34.289,5.703,33.733,5.069
210,6,1,34.289,5.653,33.733,5.019
211,6,1,34.289,5.613,33.733,4.979
212,6,1,34.278,5.563,33.723,4.929
213,6,1,34.278,5.494,33.722,4.860
214,6,1,34.278,5.454,33.722,4.820
215,6,1,34.267,5.404,33.712,4.770
216,6,1,34.267,5.354,33.711,4.720
217,6,1,34.267,5.314,33.711,4.680
218,6,1,34.266,5.274,33.711,4.641
219,6,1,34.256,5.225,33.700,4.591
220,6,1,34.256,5.175,33.700,4.541
221,6,1,34.245,5.145,33.690,4.511
222,6,1,34.245,5.095,33.690,4.461
223,6,1,34.235,5.065,33.679,4.432
224,6,1,34.235,5.016,33.679,4.382
225,6,1,34.224,4.976,33.669,4.342
226,6,1,34.214,4.936,33.659,4.302
227,6,1,34.204,4.886,33.648,4.253
228,6,1,34.193,4.837,33.638,4.203
229,6,1,34.183,4.787,33.628,4.153
230,6,1,34.173,4.737,33.617,4.104
231,6,1,34.172,4.697,33.617,4.064
232,6,1,34.162,4.648,33.607,4.014
233,6,1,34.162,4.598,33.606,3.964
234,6,1,34.162,4.568,33.606,3.934
235,6,1,34.151,4.508,33.596,3.875
236,6,1,34.313,4.716,33.124,3.798
237,6,1,34.141,4.458,33.585,3.825
238,6,1,34.141,4.419,33.585,3.785
239,6,1,34.140,4.379,33.585,3.745
240,6,1,34.140,4.339,33.585,3.706
241,6,1,34.140,4.289,33.584,3.656
242,6,1,34.129,4.240,33.574,3.606
243,6,1,34.129,4.210,33.574,3.576
244,6,1,34.139,4.160,33.584,3.527
245,6,1,34.139,4.120,33.583,3.487
246,6,1,34.138,4.070,33.583,3.437
247,6,1,34.138,4.020,33.583,3.387
248,6,1,34.138,3.991,33.583,3.357
249,6,1,34.420,4.158,33.402,3.299
250,6,1,34.127,3.931,33.572,3.298
251,6,1,34.127,3.891,33.572,3.258
252,6,1,34.117,3.861,33.562,3.228
253,6,1,34.117,3.832,33.562,3.198
254,6,1,34.117,3.792,33.561,3.159
255,6,1,34.106,3.762,33.551,3.129
256,6,1,34.096,3.742,33.541,3.109
257,6,1,34.086,3.712,33.531,3.079
258,6,1,34.086,3.673,33.531,3.039
259,6,1,34.398,3.919,33.410,2.911
260,6,1,34.338,3.949,33.340,2.921
261,6,1,34.347,3.850,33.369,2.861
262,6,1,34.287,3.811,33.289,2.822
263,6,1,34.256,3.691,33.249,2.832
264,6,1,34.025,3.593,33.470,2.960
265,6,1,34.015,3.573,33.460,2.940
266,6,1,34.005,3.544,33.450,2.911
267,6,1,34.005,3.524,33.450,2.891
269,6,1,34.255,3.443,33.118,2.724
271,6,1,33.974,3.474,33.419,2.841
272,6,1,33.964,3.444,33.409,2.812
273,6,1,33.964,3.444,33.409,2.812
274,6,1,33.954,3.425,33.399,2.792
276,6,1,33.944,3.415,33.389,2.782
277,6,1,33.954,3.405,33.399,2.772
278,6,1,33.954,3.395,33.399,2.762
279,6,1,33.954,3.365,33.399,2.732
281,6,1,33.963,3.325,33.408,2.692
284,6,1,33.963,3.295,33.408,2.662
285,6,1,33.963,3.275,33.408,2.643
286,6,1,33.963,3.246,33.408,2.613
288,6,1,33.963,3.206,33.408,2.573
289,6,1,33.952,3.196,33.397,2.563
290,6,1,33.942,3.176,33.387,2.543
292,6,1,33.932,3.166,33.377,2.533
293,6,1,33.942,3.156,33.387,2.523
294,6,1,33.942,3.136,33.387,2.503
295,6,1,33.952,3.126,33.397,2.493
296,6,1,33.962,3.116,33.407,2.483
297,6,1,33.972,3.096,33.417,2.464
298,6,1,33.982,3.086,33.427,2.454
299,6,1,33.992,3.076,33.437,2.444
300,6,1,34.002,3.056,33.447,2.424
301,6,1,34.012,3.046,33.457,2.414
302,6,1,34.012,3.036,33.457,2.404
303,6,1,34.021,3.016,33.467,2.384
304,6,1,34.021,3.007,33.466,2.374
305,6,1,34.021,3.007,33.466,2.374
306,6,1,34.031,2.997,33.476,2.364
307,6,1,34.031,2.987,33.476,2.354
309,6,1,34.031,2.977,33.476,2.344
310,6,1,34.031,2.967,33.476,2.334
280,6,1,33.963,3.345,33.408,2.712
283,6,1,33.953,3.315,33.398,2.682
287,6,1,33.963,3.236,33.408,2.603
308,6,1,34.031,2.987,33.476,2.354
171,6,1,34.603,7.617,34.046,6.982
180,6,1,34.580,7.217,34.024,6.583
268,6,1,34.315,3.462,33.208,2.753
270,6,1,33.974,3.484,33.419,2.851
0,7,1,32.730,5.066,31.842,4.055
1,7,1,32.760,5.095,31.831,4.036
2,7,1,32.751,5.145,31.822,4.085
3,7,1,32.761,5.175,31.832,4.115
4,7,1,32.761,5.235,31.832,4.175
5,7,1,32.751,5.255,31.822,4.195
6,7,1,32.762,5.315,31.833,4.255
7,7,1,32.762,5.335,31.833,4.275
8,7,1,32.752,5.365,31.823,4.305
9,7,1,32.762,5.394,31.833,4.334
10,7,1,32.762,5.394,31.833,4.334
11,7,1,32.722,5.475,31.793,4.414
12,7,1,32.762,5.454,31.833,4.394
13,7,1,32.763,5.514,31.834,4.454
14,7,1,32.783,5.514,31.854,4.454
15,7,1,32.763,5.574,31.834,4.514
16,7,1,32.583,5.705,31.724,4.594
17,7,1,32.613,5.725,31.744,4.664
18,7,1,32.623,5.725,31.745,4.694
19,7,1,32.623,5.735,31.755,4.714
20,7,1,32.624,5.784,31.755,4.763
21,7,1,32.624,5.784,31.755,4.743
22,7,1,32.614,5.804,31.745,4.763
23,7,1,32.604,5.854,31.735,4.813
24,7,1,32.594,5.884,31.725,4.843
25,7,1,32.584,5.924,31.715,4.883
26,7,1,32.574,5.944,31.705,4.903
27,7,1,32.564,5.944,31.695,4.903
28,7,1,32.575,5.984,31.706,4.943
29,7,1,32.585,5.974,31.726,4.933
30,7,1,32.596,6.154,31.736,4.943
31,7,1,32.596,6.244,31.726,5.023
32,7,1,32.566,6.254,31.707,5.133
33,7,1,32.556,6.284,31.677,5.212
34,7,1,32.546,6.304,31.687,5.262
35,7,1,32.567,6.324,31.697,5.272
36,7,1,32.547,6.344,31.647,5.292
37,7,1,32.516,6.354,31.617,5.293
38,7,1,32.526,6.354,31.607,5.283
39,7,1,32.557,6.374,31.647,5.342
40,7,1,32.537,6.374,31.638,5.392
41,7,1,32.547,6.414,31.638,5.432
42,7,1,32.517,6.434,31.658,5.462
43,7,1,32.537,6.474,31.659,5.552
44,7,1,32.537,6.404,31.659,5.612
45,7,1,32.537,6.483,31.639,5.662
46,7,1,32.467,6.504,31.619,5.771
47,7,1,32.467,6.584,31.630,5.771
48,7,1,32.498,6.663,31.629,5.741
49,7,1,32.489,6.763,31.639,5.741
50,7,1,32.509,6.853,31.650,5.821
51,7,1,32.510,6.933,31.660,5.901
52,7,1,32.500,6.973,31.640,5.881
53,7,1,32.470,6.983,31.630,5.921
54,7,1,32.500,7.063,31.661,5.971
55,7,1,32.490,7.033,31.641,6.021
56,7,1,32.520,7.043,31.611,6.101
57,7,1,32.550,7.053,31.621,6.091
58,7,1,32.530,7.023,31.591,6.151
59,7,1,32.480,7.053,31.641,6.121
60,7,1,32.480,7.083,31.641,6.150
61,7,1,32.490,7.023,31.531,6.211
62,7,1,32.470,7.053,31.511,6.221
63,7,1,32.470,7.113,31.491,6.241
64,7,1,32.471,7.163,31.471,6.182
65,7,1,32.501,7.253,31.562,6.321
66,7,1,32.441,7.323,31.613,6.470
67,7,1,32.412,7.383,31.563,6.520
68,7,1,32.422,7.413,31.543,6.551
69,7,1,32.352,7.444,31.503,6.551
70,7,1,32.422,7.483,31.523,6.561
71,7,1,32.402,7.513,31.483,6.611
72,7,1,32.413,7.553,31.453,6.611
73,7,1,32.423,7.563,31.433,6.651
74,7,1,32.342,7.534,31.513,6.661
75,7,1,32.332,7.564,31.504,6.691
76,7,1,32.423,7.623,31.484,6.731
77,7,1,32.453,7.623,31.544,6.830
78,7,1,32.383,7.673,31.565,6.890
79,7,1,32.323,7.714,31.555,6.950
80,7,1,32.273,7.754,31.535,7.030
81,7,1,32.314,7.834,31.495,7.040
82,7,1,32.344,7.833,31.445,7.061
83,7,1,32.395,7.973,31.476,7.140
84,7,1,32.355,8.043,31.476,7.150
85,7,1,32.326,8.194,31.466,7.220
86,7,1,32.366,8.263,31.507,7.310
87,7,1,32.356,8.313,31.517,7.320
88,7,1,32.336,8.294,31.497,7.370
89,7,1,32.336,8.364,31.477,7.340
90,7,1,32.337,8.394,31.477,7.330
91,7,1,32.296,8.374,31.487,7.360
92,7,1,32.306,8.374,31.477,7.400
93,7,1,32.316,8.364,31.497,7.420
94,7,1,32.316,8.384,31.447,7.480
95,7,1,32.306,8.394,31.468,7.550
96,7,1,32.307,8.404,31.498,7.630
97,7,1,32.297,8.474,31.448,7.690
98,7,1,32.327,8.534,31.469,7.820
99,7,1,32.348,8.553,31.439,7.840
100,7,1,32.358,8.563,31.449,7.830
101,7,1,32.328,8.634,31.429,7.790
102,7,1,32.348,8.674,31.469,7.850
103,7,1,32.329,8.754,31.429,7.890
104,7,1,32.269,8.914,31.420,8.050
105,7,1,32.239,8.995,31.400,8.071
106,7,1,32.270,9.014,31.400,8.141
107,7,1,32.250,9.025,31.390,8.151
108,7,1,32.300,9.044,31.390,8.151
109,7,1,32.280,9.084,31.370,8.171
110,7,1,32.210,9.095,31.350,8.111
111,7,1,32.210,9.105,31.309,8.101
112,7,1,32.180,9.095,31.330,8.151
113,7,1,32.160,9.135,31.340,8.241
114,7,1,32.160,9.165,31.321,8.351
115,7,1,32.119,9.156,31.341,8.341
116,7,1,32.140,9.166,31.331,8.421
117,7,1,32.150,9.196,31.321,8.501
118,7,1,32.150,9.186,31.341,8.461
119,7,1,32.201,9.295,31.351,8.341
120,7,1,32.221,9.395,31.361,8.421
121,7,1,32.141,9.466,31.342,8.601
122,7,1,32.202,9.616,31.312,8.561
123,7,1,32.142,9.616,31.332,8.671
124,7,1,32.142,9.686,31.322,8.671
125,7,1,32.093,9.787,31.252,8.722
126,7,1,32.113,9.797,31.222,8.752
127,7,1,32.083,9.817,31.212,8.802
128,7,1,32.063,9.807,31.182,8.893
129,7,1,32.063,9.817,31.193,8.923
130,7,1,32.103,9.827,31.193,8.983
131,7,1,32.093,9.827,31.223,8.982
132,7,1,32.042,9.797,31.203,9.033
133,7,1,31.952,9.818,31.093,9.134
134,7,1,31.892,9.869,31.063,9.134
135,7,1,31.851,9.859,31.053,9.164
136,7,1,31.862,9.959,31.013,9.154
137,7,1,31.802,10.030,30.811,9.186
138,7,1,31.853,10.069,30.993,9.235
139,7,1,31.974,10.118,31.164,9.303
140,7,1,31.954,10.229,31.134,9.294
141,7,1,31.914,10.289,31.064,9.384
142,7,1,31.924,10.319,31.044,9.465
143,7,1,31.924,10.319,31.105,9.494
144,7,1,31.753,10.331,30.954,9.505
145,7,1,31.793,10.320,30.984,9.495
146,7,1,31.773,10.310,30.954,9.505
147,7,1,31.793,10.320,30.964,9.515
148,7,1,31.804,10.340,30.904,9.516
149,7,1,31.743,10.361,30.813,9.536
150,7,1,31.562,10.302,31.005,9.585
151,7,1,31.663,10.392,30.673,9.688
152,7,1,31.451,10.393,30.894,9.686
153,7,1,31.442,10.423,30.884,9.716
154,7,1,31.643,10.472,31.016,9.795
155,7,1,31.493,10.593,30.885,9.937
156,7,1,31.473,10.594,30.915,9.906
157,7,1,31.463,10.624,30.906,9.937
158,7,1,31.453,10.664,30.896,9.977
159,7,1,31.443,10.704,30.886,10.017
160,7,1,31.433,10.734,30.876,10.047
161,7,1,31.423,10.775,30.866,10.087
162,7,1,31.413,10.815,30.856,10.127
163,7,1,31.413,10.855,30.856,10.167
164,7,1,31.414,10.895,30.856,10.208
165,7,1,31.404,10.925,30.847,10.238
166,7,1,31.404,10.965,30.847,10.278
167,7,1,31.394,10.995,30.837,10.308
168,7,1,31.344,11.026,30.897,10.338
169,7,1,31.294,11.066,30.938,10.377
170,7,1,31.254,11.097,30.968,10.407
171,7,1,31.254,11.117,30.968,10.427
172,7,1,31.395,11.156,30.837,10.438
173,7,1,31.294,11.127,30.948,10.447
174,7,1,31.596,11.154,30.817,10.418
175,7,1,31.586,11.194,30.807,10.408
176,7,1,31.617,11.345,30.827,10.458
177,7,1,31.354,11.126,31.009,10.447
178,7,1,31.344,11.116,30.999,10.437
179,7,1,31.275,11.368,30.768,10.660
180,7,1,31.194,11.338,30.848,10.659
181,7,1,31.184,11.328,30.838,10.649
182,7,1,31.174,11.318,30.828,10.639
183,7,1,31.164,11.308,30.818,10.629
184,7,1,31.154,11.298,30.808,10.619
185,7,1,31.144,11.288,30.798,10.609
186,7,1,31.133,11.279,30.788,10.599
187,7,1,31.123,11.269,30.778,10.589
188,7,1,31.113,11.259,30.768,10.579
189,7,1,31.276,11.558,30.729,10.881
190,7,1,31.165,11.549,30.819,10.870
191,7,1,31.276,11.649,30.779,10.980
192,7,1,31.196,11.649,30.850,10.980
193,7,1,31.186,11.639,30.840,10.970
194,7,1,31.175,11.629,30.830,10.960
195,7,1,31.165,11.620,30.820,10.950
196,7,1,31.155,11.610,30.809,10.940
197,7,1,31.145,11.600,30.799,10.930
198,7,1,31.135,11.590,30.789,10.920
199,7,1,31.125,11.580,30.779,10.910
200,7,1,31.448,11.818,30.831,11.161
201,7,1,31.550,11.958,30.730,11.192
202,7,1,31.550,11.958,30.740,11.222
203,7,1,31.530,11.958,30.750,11.221
204,7,1,31.550,11.958,30.730,11.182
205,7,1,31.570,11.967,30.790,11.181
206,7,1,31.651,12.007,30.891,11.230
207,7,1,31.600,11.947,30.831,11.131
208,7,1,31.621,12.007,30.750,11.191
209,7,1,31.671,12.027,30.892,11.250
210,7,1,31.661,11.997,30.790,11.181
211,7,1,31.681,12.017,30.902,11.240
212,7,1,31.691,12.047,30.871,11.210
213,7,1,31.712,12.127,30.942,11.300
214,7,1,31.409,11.919,31.063,11.259
215,7,1,31.561,12.108,31.033,11.430
216,7,1,31.702,12.207,30.893,11.592
217,7,1,31.682,12.258,30.913,11.592
218,7,1,31.743,12.318,30.923,11.612
219,7,1,31.774,12.388,30.934,11.621
220,7,1,31.794,12.418,30.933,11.591
221,7,1,31.764,12.408,30.954,11.611
222,7,1,31.794,12.407,30.923,11.622
223,7,1,31.410,12.190,31.064,11.530
224,7,1,31.400,12.180,31.054,11.520
225,7,1,31.663,12.469,31.176,11.760
226,7,1,31.855,12.507,31.034,11.590
227,7,1,31.885,12.507,31.024,11.641
228,7,1,31.845,12.507,30.984,11.641
229,7,1,31.855,12.517,31.044,11.610
230,7,1,31.845,12.507,31.024,11.591
231,7,1,31.785,12.508,31.045,11.741
232,7,1,31.815,12.538,31.066,11.932
233,7,1,31.805,12.648,31.097,12.012
234,7,1,31.816,12.789,31.046,12.032
235,7,1,31.806,12.819,31.006,12.022
236,7,1,31.807,12.920,31.036,12.002
237,7,1,31.917,12.758,31.057,12.082
238,7,1,31.887,12.849,31.036,12.062
239,7,1,31.563,12.590,31.217,11.950
240,7,1,31.553,12.580,31.207,11.940
241,7,1,31.543,12.570,31.197,11.930
242,7,1,31.533,12.560,31.187,11.921
243,7,1,31.523,12.550,31.177,11.911
244,7,1,31.513,12.541,31.167,11.901
245,7,1,31.502,12.531,31.157,11.891
246,7,1,31.492,12.521,31.146,11.881
247,7,1,31.482,12.511,31.136,11.871
248,7,1,31.472,12.501,31.126,11.861
249,7,1,31.462,12.491,31.116,11.851
250,7,1,31.452,12.481,31.106,11.841
251,7,1,31.442,12.471,31.096,11.831
252,7,1,31.431,12.461,31.086,11.821
253,7,1,32.040,13.270,31.120,12.604
254,7,1,32.061,13.279,31.140,12.654
255,7,1,32.071,13.310,31.170,12.674
256,7,1,32.082,13.410,31.201,12.744
257,7,1,32.102,13.530,31.221,12.764
258,7,1,32.133,13.591,31.241,12.744
259,7,1,32.123,13.721,31.211,12.774
260,7,1,32.103,13.722,31.201,12.825
261,7,1,32.083,13.752,31.222,12.824
262,7,1,32.084,13.802,31.242,12.814
263,7,1,32.084,13.832,31.252,12.804
264,7,1,32.114,13.832,31.262,12.784
265,7,1,32.124,13.842,31.242,12.854
266,7,1,32.154,13.852,31.222,12.965
267,7,1,32.165,13.852,31.203,13.086
268,7,1,32.144,13.842,31.203,13.096
269,7,1,32.124,13.892,31.223,13.206
270,7,1,32.115,13.953,31.204,13.287
271,7,1,32.105,13.983,31.183,13.297
272,7,1,32.055,14.034,31.194,13.307
273,7,1,32.065,14.074,31.204,13.337
274,7,1,32.086,14.174,31.234,13.297
275,7,1,32.056,14.225,31.244,13.317
276,7,1,32.076,14.245,31.254,13.347
277,7,1,32.096,14.315,31.254,13.337
278,7,1,32.097,14.366,31.254,13.357
279,7,1,32.077,14.376,31.244,13.387
280,7,1,32.097,14.416,31.234,13.417
281,7,1,32.127,14.446,31.235,13.448
282,7,1,32.117,14.486,31.225,13.508
283,7,1,32.118,14.516,31.235,13.488
284,7,1,32.078,14.567,31.225,13.478
285,7,1,32.007,14.527,31.216,13.679
286,7,1,32.027,14.588,31.195,13.699
287,7,1,32.017,14.628,31.196,13.860
288,7,1,32.028,14.678,31.227,13.971
289,7,1,32.058,14.718,31.247,14.021
290,7,1,32.038,14.779,31.238,14.132
291,7,1,32.069,14.789,31.228,14.132
292,7,1,32.039,14.829,31.198,14.142
293,7,1,32.039,14.869,31.167,14.142
294,7,1,32.069,14.960,31.238,14.092
295,7,1,32.080,15.020,31.248,14.091
296,7,1,32.050,15.051,31.248,14.101
297,7,1,32.050,15.101,31.258,14.091
298,7,1,32.060,15.151,31.258,14.101
299,7,1,32.050,15.171,31.258,14.091
300,7,1,32.071,15.191,31.228,14.202
301,7,1,32.111,15.201,31.198,14.243
302,7,1,32.101,15.242,31.209,14.313
303,7,1,32.132,15.282,31.189,14.384
304,7,1,32.051,15.353,31.179,14.475
305,7,1,32.031,15.333,31.179,14.515
306,7,1,32.051,15.363,31.179,14.555
307,7,1,32.001,15.434,31.180,14.616
308,7,1,31.991,15.464,31.180,14.686
309,7,1,31.982,15.515,31.180,14.736
310,7,1,31.951,15.515,31.170,14.736
0,8,2,48.413,10.645,46.550,9.502
1,8,2,48.423,10.665,46.530,9.552
2,8,2,48.332,10.576,46.632,9.661
3,8,2,48.294,10.676,46.461,9.573
4,8,2,48.103,10.648,46.310,9.534
5,8,2,48.004,10.659,46.081,9.556
6,8,2,47.924,10.679,45.981,9.586
7,8,2,47.894,10.669,45.911,9.547
8,8,2,47.853,10.630,45.871,9.537
9,8,2,47.704,10.671,45.721,9.569
10,8,2,47.654,10.661,45.661,9.599
11,8,2,47.582,10.502,45.702,9.688
12,8,2,47.963,10.579,45.291,9.582
13,8,2,48.033,10.608,45.181,9.553
14,8,2,47.742,10.551,45.161,9.593
15,8,2,47.273,10.595,45.291,9.522
16,8,2,47.243,10.595,45.241,9.522
17,8,2,47.592,10.542,44.931,9.595
18,8,2,47.463,10.573,44.831,9.566
19,8,2,47.523,10.553,44.721,9.576
20,8,2,47.243,10.585,44.641,9.587
21,8,2,47.313,10.584,44.482,9.608
22,8,2,46.674,10.630,44.751,9.566
23,8,2,46.482,10.501,44.662,9.677
24,8,2,46.383,10.522,44.552,9.678
25,8,2,46.293,10.513,44.442,9.689
26,8,2,46.223,10.533,44.422,9.679
27,8,2,46.143,10.544,44.323,9.729
28,8,2,46.063,10.565,44.273,9.740
29,8,2,46.094,10.634,44.151,9.591
30,8,2,46.624,10.660,43.631,9.575
31,8,2,46.123,10.564,44.102,9.641
32,8,2,46.023,10.575,44.002,9.652
33,8,2,45.963,10.565,43.942,9.643
34,8,2,45.843,10.576,43.822,9.654
35,8,2,45.763,10.567,43.742,9.644
36,8,2,45.433,10.560,43.533,9.756
37,8,2,45.394,10.620,43.441,9.587
38,8,2,45.724,10.637,43.080,9.579
39,8,2,45.774,10.657,43.061,9.600
40,8,2,45.874,10.636,42.921,9.601
41,8,2,45.413,10.570,43.392,9.657
42,8,2,45.333,10.571,43.311,9.658
43,8,2,45.233,10.571,43.211,9.658
44,8,2,45.294,10.621,42.761,9.682
45,8,2,44.784,10.625,42.611,9.703
46,8,2,44.574,10.647,42.411,9.655
47,8,2,44.463,10.568,42.672,9.783
48,8,2,44.343,10.609,42.642,9.773
49,8,2,44.253,10.639,42.522,9.784
50,8,2,44.103,10.641,42.342,9.825
51,8,2,44.083,10.651,42.252,9.806
52,8,2,44.063,10.641,42.202,9.826
53,8,2,44.003,10.621,42.152,9.817
54,8,2,44.244,10.669,41.780,9.720
55,8,2,44.194,10.690,41.690,9.710
56,8,2,43.663,10.644,41.951,9.798
57,8,2,43.563,10.655,41.731,9.800
58,8,2,43.544,10.735,41.550,9.682
59,8,2,43.554,10.745,41.539,9.662
60,8,2,43.923,10.662,41.299,9.714
61,8,2,43.873,10.622,41.259,9.684
62,8,2,43.723,10.654,41.189,9.704
63,8,2,43.442,10.596,41.480,9.752
64,8,2,43.494,10.726,40.909,9.707
65,8,2,42.832,10.641,40.840,9.827
66,8,2,43.023,10.739,40.959,9.716
67,8,2,42.782,10.671,40.900,9.827
68,8,2,42.662,10.682,40.890,9.807
69,8,2,43.063,10.729,40.588,9.679
70,8,2,42.863,10.741,40.427,9.681
71,8,2,42.743,10.752,40.307,9.691
72,8,2,42.703,10.762,40.217,9.722
73,8,2,42.251,10.656,40.449,9.860
74,8,2,42.191,10.666,40.309,9.891
75,8,2,42.221,10.686,40.299,9.871
76,8,2,42.121,10.687,40.199,9.872
77,8,2,42.041,10.707,40.119,9.893
78,8,2,41.941,10.708,40.018,9.894
79,8,2,41.841,10.709,39.918,9.895
80,8,2,41.460,10.732,39.778,9.916
81,8,2,41.350,10.743,39.728,9.886
82,8,2,41.490,10.722,39.587,9.907
83,8,2,41.410,10.723,39.507,9.908
84,8,2,41.310,10.743,39.407,9.929
85,8,2,41.209,10.724,39.307,9.909
86,8,2,41.109,10.745,39.206,9.930
87,8,2,40.679,10.819,39.097,9.981
88,8,2,40.599,10.859,39.056,9.971
89,8,2,40.469,10.860,38.856,10.013
90,8,2,40.338,10.872,38.766,9.984
91,8,2,40.098,10.934,38.716,10.024
92,8,2,40.148,10.933,38.546,10.116
93,8,2,40.088,10.894,38.495,10.046
94,8,2,40.078,10.904,38.405,10.077
95,8,2,39.968,10.915,38.385,10.037
96,8,2,39.937,10.885,38.265,10.068
97,8,2,40.007,10.874,38.204,10.058
98,8,2,39.707,10.927,37.984,10.120
99,8,2,39.557,10.968,37.904,10.131
100,8,2,39.416,10.949,37.753,10.132
101,8,2,39.376,10.960,37.693,10.132
102,8,2,39.356,10.970,37.693,10.122
103,8,2,39.316,10.990,37.583,10.163
104,8,2,39.346,10.990,37.533,10.184
105,8,2,39.216,10.971,37.422,10.185
106,8,2,39.065,10.992,37.292,10.226
107,8,2,39.005,11.003,37.202,10.227
108,8,2,38.945,11.003,37.092,10.247
109,8,2,38.845,10.994,36.992,10.288
110,8,2,38.764,10.995,36.911,10.279
111,8,2,38.644,10.996,36.871,10.299
112,8,2,38.614,11.026,36.740,10.260
113,8,2,38.574,11.016,36.700,10.261
114,8,2,38.453,11.007,36.620,10.301
115,8,2,38.363,11.038,36.580,10.302
116,8,2,38.253,11.029,36.489,10.272
117,8,2,38.243,11.029,36.369,10.293
118,8,2,38.182,11.030,36.399,10.273
119,8,2,38.092,11.010,36.258,10.254
120,8,2,37.981,11.001,36.238,10.264
121,8,2,37.951,11.021,36.188,10.305
122,8,2,37.881,11.052,36.158,10.255
123,8,2,37.761,11.053,36.178,10.285
124,8,2,37.791,11.043,36.168,10.255
125,8,2,37.741,11.063,36.057,10.296
126,8,2,37.691,11.094,36.068,10.316
127,8,2,37.661,11.074,36.078,10.326
128,8,2,37.600,11.064,35.987,10.276
129,8,2,37.610,11.074,35.967,10.267
130,8,2,37.540,11.075,35.866,10.277
131,8,2,37.530,11.085,35.826,10.288
132,8,2,37.490,11.075,35.726,10.278
133,8,2,37.490,11.065,35.706,10.289
134,8,2,37.470,11.116,35.706,10.279
135,8,2,37.410,11.086,35.615,10.249
136,8,2,37.379,11.076,35.575,10.270
137,8,2,37.339,11.097,35.465,10.311
138,8,2,37.279,11.077,35.445,10.331
139,8,2,37.279,11.097,35.475,10.291
140,8,2,37.249,11.107,35.495,10.270
141,8,2,37.159,11.118,35.354,10.292
142,8,2,37.159,11.118,35.344,10.302
143,8,2,37.249,11.087,35.435,10.301
144,8,2,37.169,11.088,35.394,10.291
145,8,2,37.149,11.118,35.364,10.291
146,8,2,37.219,11.108,35.374,10.311
147,8,2,37.189,11.118,35.354,10.312
148,8,2,37.119,11.129,35.475,10.301
149,8,2,37.289,11.087,35.364,10.321
150,8,2,37.319,11.067,35.374,10.311
151,8,2,37.029,11.169,35.364,10.311
152,8,2,36.988,11.180,35.414,10.301
153,8,2,37.048,11.129,35.324,10.322
154,8,2,37.048,11.119,35.274,10.332
155,8,2,37.028,11.139,35.344,10.322
156,8,2,36.978,11.150,35.334,10.312
157,8,2,36.968,11.180,35.354,10.312
158,8,2,37.079,11.179,35.294,10.322
159,8,2,37.089,11.169,35.274,10.332
160,8,2,37.059,11.179,35.234,10.353
161,8,2,36.978,11.190,35.174,10.353
162,8,2,36.988,11.180,35.083,10.354
163,8,2,37.049,11.159,35.043,10.354
164,8,2,36.958,11.180,35.033,10.364
165,8,2,37.039,11.179,35.093,10.354
166,8,2,36.938,11.160,35.043,10.344
167,8,2,36.938,11.160,35.023,10.334
168,8,2,36.928,11.160,35.023,10.334
169,8,2,36.898,11.150,34.982,10.325
170,8,2,36.848,11.161,34.932,10.335
172,8,2,36.727,11.162,34.792,10.346
173,8,2,36.737,11.172,34.812,10.346
174,8,2,36.808,11.191,34.902,10.335
175,8,2,36.848,11.161,34.872,10.345
176,8,2,36.807,11.161,34.902,10.325
177,8,2,36.797,11.151,34.802,10.346
178,8,2,36.767,11.182,34.802,10.346
179,8,2,36.737,11.192,34.771,10.346
181,8,2,36.727,11.172,34.741,10.337
182,8,2,36.596,11.153,34.641,10.337
183,8,2,36.566,11.143,34.621,10.327
184,8,2,36.606,11.113,34.610,10.328
185,8,2,36.606,11.093,34.570,10.338
186,8,2,36.606,11.083,34.510,10.358
187,8,2,36.485,11.104,34.540,10.318
188,8,2,36.556,11.083,34.470,10.349
189,8,2,36.586,11.083,34.480,10.349
190,8,2,36.606,11.073,34.470,10.349
191,8,2,36.556,11.063,34.490,10.329
192,8,2,36.595,11.033,34.450,10.339
193,8,2,36.545,11.033,34.489,10.258
194,8,2,36.575,11.003,34.449,10.249
195,8,2,36.495,11.013,34.489,10.218
196,8,2,36.535,11.023,34.499,10.248
197,8,2,36.465,11.034,34.529,10.238
198,8,2,36.425,11.034,34.529,10.198
199,8,2,36.454,10.974,34.489,10.158
200,8,2,36.384,10.914,34.468,10.108
201,8,2,36.333,10.935,34.438,10.159
202,8,2,36.323,10.905,34.418,10.119
203,8,2,36.283,10.865,34.388,10.079
204,8,2,36.293,10.835,34.367,10.069
205,8,2,36.242,10.815,34.327,10.039
206,8,2,36.192,10.806,34.297,10.030
207,8,2,36.162,10.786,34.307,10.010
208,8,2,36.131,10.776,34.196,9.980
209,8,2,36.111,10.796,34.276,9.990
210,8,2,36.041,10.757,34.095,9.961
211,8,2,35.991,10.767,34.075,9.941
212,8,2,36.021,10.757,34.075,9.951
213,8,2,35.980,10.737,34.055,9.921
214,8,2,36.010,10.727,34.105,9.921
215,8,2,35.890,10.748,34.044,9.851
216,8,2,35.830,10.728,33.984,9.892
217,8,2,35.790,10.819,33.873,9.723
218,8,2,35.689,10.790,33.812,9.673
219,8,2,35.598,10.660,33.903,9.782
220,8,2,35.578,10.640,33.883,9.763
221,8,2,35.598,10.720,33.781,9.583
222,8,2,35.447,10.581,33.732,9.694
223,8,2,35.487,10.651,33.650,9.514
224,8,2,35.336,10.542,33.661,9.634
225,8,2,35.186,10.633,33.509,9.395
226,8,2,35.305,10.432,33.672,9.714
227,8,2,35.255,10.433,33.621,9.715
228,8,2,35.184,10.413,33.551,9.695
229,8,2,35.114,10.414,33.480,9.696
230,8,2,35.043,10.394,33.410,9.676
231,8,2,34.973,10.375,33.339,9.657
232,8,2,34.882,10.355,33.249,9.637
233,8,2,34.812,10.336,33.178,9.618
234,8,2,34.701,10.317,33.067,9.599
235,8,2,34.631,10.317,32.997,9.599
236,8,2,34.572,10.538,32.513,9.413
237,8,2,34.500,10.288,32.866,9.570
238,8,2,34.409,10.269,32.775,9.551
239,8,2,34.511,10.459,32.040,9.357
240,8,2,34.642,10.488,31.939,9.307
241,8,2,34.238,10.250,32.604,9.532
242,8,2,33.816,10.354,32.071,9.507
243,8,2,34.057,10.322,32.031,9.527
244,8,2,33.896,10.313,31.890,9.508
245,8,2,33.735,10.265,32.101,9.546
246,8,2,33.645,10.265,32.011,9.547
247,8,2,33.796,10.404,31.285,9.362
248,8,2,33.504,10.256,31.870,9.538
249,8,2,33.433,10.257,31.800,9.539
250,8,2,33.323,10.258,31.689,9.540
251,8,2,33.222,10.259,31.588,9.540
252,8,2,33.101,10.260,31.467,9.541
253,8,2,32.971,10.261,31.337,9.542
254,8,2,32.860,10.262,31.226,9.543
255,8,2,32.729,10.263,31.095,9.544
256,8,2,32.598,10.264,30.964,9.545
257,8,2,32.478,10.285,30.843,9.566
258,8,2,32.337,10.306,30.703,9.587
259,8,2,32.206,10.287,30.572,9.568
260,8,2,32.095,10.308,30.461,9.589
261,8,2,31.965,10.309,30.330,9.590
262,8,2,31.854,10.310,30.219,9.591
263,8,2,31.713,10.311,30.078,9.592
264,8,2,31.592,10.332,29.957,9.613
265,8,2,31.461,10.353,29.827,9.634
266,8,2,31.331,10.374,29.696,9.656
267,8,2,31.180,10.395,29.545,9.677
269,8,2,30.898,10.418,29.263,9.699
271,8,2,30.596,10.440,28.960,9.722
272,8,2,30.465,10.461,28.829,9.743
273,8,2,30.314,10.483,28.678,9.764
274,8,2,30.183,10.484,28.547,9.765
275,8,2,30.032,10.505,28.396,9.786
276,8,2,29.901,10.526,28.265,9.807
277,8,2,29.750,10.527,28.114,9.808
278,8,2,29.598,10.529,27.963,9.810
279,8,2,29.447,10.550,27.812,9.831
281,8,2,29.306,10.561,27.670,9.842
282,8,2,29.155,10.582,27.519,9.863
284,8,2,28.873,10.605,27.237,9.886
285,8,2,29.035,10.834,26.379,9.802
286,8,2,28.712,10.616,27.075,9.897
288,8,2,28.449,10.638,26.813,9.919
289,8,2,28.298,10.660,26.662,9.940
290,8,2,28.147,10.661,26.511,9.942
291,8,2,27.996,10.682,26.359,9.963
292,8,2,27.865,10.703,26.228,9.984
293,8,2,27.713,10.705,26.077,9.985
294,8,2,27.602,10.705,25.966,9.986
295,8,2,27.451,10.727,25.814,10.007
296,8,2,27.340,10.748,25.703,10.028
297,8,2,27.189,10.749,25.552,10.030
298,8,2,27.078,10.750,25.441,10.030
299,8,2,26.947,10.751,25.310,10.031
300,8,2,26.836,10.752,25.198,10.032
301,8,2,26.704,10.753,25.067,10.033
302,8,2,26.593,10.754,24.956,10.034
303,8,2,26.462,10.755,24.825,10.035
304,8,2,26.351,10.756,24.714,10.036
305,8,2,26.220,10.757,24.582,10.037
306,8,2,26.129,10.738,24.491,10.018
307,8,2,25.998,10.759,24.360,10.039
309,8,2,25.775,10.740,24.138,10.021
310,8,2,25.664,10.741,24.027,10.022
280,8,2,29.348,10.882,27.277,9.705
283,8,2,29.004,10.584,27.368,9.865
287,8,2,28.581,10.617,26.944,9.898
308,8,2,25.886,10.740,24.249,10.020
171,8,2,36.787,11.141,34.781,10.346
180,8,2,36.707,11.182,34.721,10.357
268,8,2,31.049,10.397,29.414,9.678
270,8,2,30.747,10.439,29.112,9.720
0,9,2,50.024,11.561,48.096,10.838
1,9,2,49.924,11.592,48.077,10.938
2,9,2,49.965,11.601,47.948,10.969
3,9,2,50.234,11.609,47.617,10.872
4,9,2,49.726,11.653,47.878,10.959
5,9,2,49.626,11.664,47.808,10.970
6,9,2,49.526,11.645,47.748,10.970
7,9,2,49.605,11.634,47.668,10.971
8,9,2,49.506,11.645,47.568,10.982
9,9,2,49.406,11.656,47.468,10.993
10,9,2,49.306,11.647,47.368,10.984
11,9,2,49.186,11.658,47.249,10.995
12,9,2,49.086,11.669,47.149,11.005
13,9,2,48.987,11.680,47.049,11.016
14,9,2,48.887,11.671,46.949,11.007
15,9,2,48.787,11.681,46.849,11.018
16,9,2,48.667,11.692,46.729,11.029
17,9,2,48.567,11.703,46.629,11.040
18,9,2,48.467,11.694,46.529,11.030
19,9,2,48.167,11.697,46.230,11.113
20,9,2,47.968,11.708,46.090,11.124
21,9,2,47.868,11.729,45.930,11.105
22,9,2,47.688,11.731,45.830,11.096
23,9,2,47.568,11.732,45.720,11.087
24,9,2,47.518,11.712,45.680,11.087
25,9,2,47.438,11.693,45.660,11.098
26,9,2,47.368,11.703,45.620,11.098
27,9,2,47.268,11.724,45.550,11.119
28,9,2,47.178,11.735,45.320,11.130
29,9,2,47.148,11.715,45.130,11.122
30,9,2,46.958,11.727,45.030,11.123
31,9,2,46.898,11.727,45.000,11.123
32,9,2,46.818,11.738,44.870,11.164
33,9,2,46.758,11.739,44.770,11.165
34,9,2,46.698,11.739,44.840,11.164
35,9,2,46.598,11.740,44.740,11.165
36,9,2,46.498,11.761,44.640,11.186
37,9,2,46.379,11.782,44.520,11.207
38,9,2,46.048,11.765,44.249,11.139
39,9,2,45.988,11.775,44.209,11.160
40,9,2,45.868,11.796,44.099,11.171
41,9,2,45.719,11.817,43.989,11.162
42,9,2,45.768,11.777,43.949,11.202
43,9,2,45.528,11.769,43.719,11.164
44,9,2,45.408,11.810,43.619,11.165
45,9,2,45.318,11.791,43.489,11.176
46,9,2,45.318,11.791,43.458,11.156
47,9,2,45.148,11.802,43.378,11.177
48,9,2,45.168,11.772,43.379,11.197
49,9,2,45.057,11.773,43.268,11.198
50,9,2,44.737,11.806,42.988,11.180
51,9,2,44.657,11.796,42.878,11.191
52,9,2,44.577,11.807,42.767,11.172
53,9,2,44.527,11.797,42.737,11.162
54,9,2,44.387,11.789,42.587,11.183
55,9,2,44.317,11.809,42.457,11.194
56,9,2,44.157,11.811,42.287,11.196
57,9,2,44.016,11.772,42.226,11.186
58,9,2,43.896,11.773,42.066,11.218
59,9,2,43.866,11.773,41.946,11.179
60,9,2,43.766,11.784,41.926,11.199
61,9,2,43.616,11.795,41.766,11.210
62,9,2,43.515,11.796,41.595,11.222
63,9,2,43.365,11.767,41.505,11.192
64,9,2,43.215,11.779,41.394,11.183
65,9,2,43.125,11.789,41.264,11.174
66,9,2,43.084,11.760,41.224,11.175
67,9,2,42.994,11.790,41.164,11.175
68,9,2,42.864,11.791,41.013,11.166
69,9,2,42.774,11.802,40.923,11.177
70,9,2,42.744,11.762,40.963,11.197
71,9,2,42.643,11.773,40.863,11.208
72,9,2,42.523,11.784,40.743,11.219
73,9,2,42.323,11.816,40.462,11.191
74,9,2,42.162,11.787,40.402,11.191
75,9,2,41.982,11.819,40.251,11.193
76,9,2,41.942,11.809,40.201,11.203
77,9,2,41.792,11.831,40.121,11.194
78,9,2,41.661,11.812,39.991,11.225
79,9,2,41.542,11.863,39.811,11.276
80,9,2,41.531,11.823,39.700,11.247
81,9,2,41.361,11.844,39.670,11.228
82,9,2,41.230,11.845,39.509,11.239
83,9,2,41.060,11.887,39.409,11.260
84,9,2,41.000,11.887,39.288,11.231
85,9,2,40.810,11.899,39.228,11.261
86,9,2,40.760,11.950,39.118,11.272
87,9,2,40.780,11.919,39.108,11.262
88,9,2,40.690,11.940,39.108,11.262
89,9,2,40.619,11.911,39.028,11.243
90,9,2,40.549,11.901,38.827,11.265
91,9,2,40.429,11.902,38.807,11.275
92,9,2,40.198,11.914,38.677,11.286
93,9,2,40.088,11.965,38.536,11.327
94,9,2,40.018,11.986,38.386,11.318
95,9,2,40.028,11.976,38.416,11.308
96,9,2,39.987,11.936,38.315,11.309
97,9,2,39.947,11.946,38.215,11.350
98,9,2,39.817,11.928,38.095,11.341
99,9,2,39.686,11.959,38.025,11.371
100,9,2,39.556,11.960,37.894,11.363
101,9,2,39.395,11.951,37.813,11.323
102,9,2,39.275,12.012,37.733,11.374
103,9,2,39.255,12.023,37.673,11.344
104,9,2,39.205,12.023,37.603,11.345
105,9,2,39.105,12.024,37.452,11.356
106,9,2,39.004,12.015,37.312,11.387
107,9,2,38.904,12.015,37.171,11.389
108,9,2,38.854,12.046,37.051,11.420
109,9,2,38.713,12.057,36.970,11.440
110,9,2,38.633,12.078,36.930,11.431
111,9,2,38.583,12.058,36.910,11.411
112,9,2,38.573,12.078,36.900,11.421
113,9,2,38.543,12.079,36.840,11.431
114,9,2,38.432,12.100,36.740,11.482
115,9,2,38.352,12.100,36.649,11.513
116,9,2,38.222,12.122,36.569,11.514
117,9,2,38.081,12.103,36.468,11.465
118,9,2,37.971,12.124,36.368,11.496
119,9,2,37.860,12.105,36.247,11.487
120,9,2,37.800,12.125,36.237,11.477
121,9,2,37.770,12.125,36.217,11.457
122,9,2,37.760,12.126,36.197,11.487
123,9,2,37.760,12.126,36.097,11.508
124,9,2,37.700,12.156,36.077,11.538
125,9,2,37.639,12.157,36.006,11.559
126,9,2,37.519,12.178,35.976,11.569
127,9,2,37.428,12.158,35.876,11.550
128,9,2,37.237,12.160,35.745,11.581
129,9,2,37.227,12.180,35.594,11.602
130,9,2,37.197,12.190,35.524,11.583
131,9,2,37.006,12.182,35.484,11.593
132,9,2,36.976,12.202,35.444,11.594
133,9,2,36.976,12.202,35.373,11.604
134,9,2,36.946,12.213,35.363,11.624
135,9,2,36.896,12.243,35.233,11.635
136,9,2,36.785,12.224,35.132,11.666
137,9,2,36.866,12.223,35.142,11.646
138,9,2,36.705,12.235,35.012,11.667
139,9,2,36.584,12.226,34.861,11.659
140,9,2,36.494,12.237,34.770,11.659
141,9,2,36.454,12.267,34.720,11.660
142,9,2,36.363,12.208,34.579,11.681
143,9,2,36.273,12.269,34.539,11.661
144,9,2,36.303,12.268,34.519,11.662
145,9,2,36.153,12.340,34.459,11.702
146,9,2,36.042,12.341,34.378,11.743
147,9,2,36.013,12.421,34.298,11.794
148,9,2,35.822,12.453,34.288,11.764
149,9,2,35.691,12.504,34.207,11.754
150,9,2,35.601,12.525,34.107,11.785
151,9,2,35.551,12.526,33.987,11.857
152,9,2,35.521,12.596,33.976,11.837
153,9,2,35.461,12.637,33.937,11.967
154,9,2,35.381,12.688,33.897,11.968
155,9,2,35.270,12.689,33.796,11.979
156,9,2,35.290,12.598,33.796,12.049
157,9,2,35.199,12.629,33.706,12.080
158,9,2,35.109,12.660,33.616,12.111
159,9,2,34.818,12.833,33.383,12.002
160,9,2,34.637,12.835,33.373,11.962
161,9,2,34.668,12.995,33.353,12.033
162,9,2,34.567,12.956,33.243,12.064
163,9,2,34.637,12.775,33.183,12.225
164,9,2,34.296,13.069,33.022,12.186
165,9,2,34.185,13.070,32.942,12.207
166,9,2,34.055,13.111,32.751,12.299
167,9,2,34.005,13.122,32.700,12.269
168,9,2,34.035,13.162,32.619,12.230
169,9,2,33.914,13.183,32.530,12.381
170,9,2,33.934,13.042,32.530,12.492
172,9,2,33.752,13.084,32.349,12.533
173,9,2,33.552,13.206,31.996,12.456
174,9,2,33.381,13.238,31.925,12.447
175,9,2,33.210,13.259,31.754,12.468
176,9,2,33.240,13.229,31.694,12.469
177,9,2,33.210,13.259,31.462,12.501
178,9,2,33.119,13.270,31.482,12.491
179,9,2,33.048,13.281,31.452,12.511
181,9,2,32.727,13.404,31.190,12.553
182,9,2,32.606,13.405,31.079,12.625
183,9,2,32.586,13.426,31.039,12.635
184,9,2,32.455,13.407,31.009,12.595
185,9,2,32.283,13.438,30.817,12.627
186,9,2,32.253,13.378,30.646,12.679
187,9,2,32.213,13.399,30.515,12.690
188,9,2,32.062,13.470,30.485,12.710
189,9,2,32.071,13.420,30.273,12.732
190,9,2,31.970,13.351,30.566,12.800
191,9,2,31.779,13.382,30.142,12.753
192,9,2,31.597,13.384,29.981,12.735
193,9,2,31.496,13.325,30.092,12.774
194,9,2,31.375,13.316,29.971,12.765
195,9,2,31.254,13.307,29.849,12.756
196,9,2,31.133,13.298,29.728,12.747
197,9,2,31.012,13.269,29.607,12.718
198,9,2,30.891,13.260,29.486,12.709
199,9,2,30.770,13.251,29.365,12.700
200,9,2,30.649,13.242,29.244,12.691
201,9,2,30.507,13.213,29.102,12.662
202,9,2,30.366,13.204,28.961,12.653
203,9,2,30.265,13.175,28.860,12.624
204,9,2,30.103,13.146,28.698,12.595
205,9,2,29.982,13.117,28.577,12.566
206,9,2,29.851,13.088,28.446,12.537
207,9,2,29.740,13.059,28.335,12.508
208,9,2,29.498,13.191,27.931,12.411
209,9,2,29.528,13.131,27.819,12.341
210,9,2,29.376,13.011,27.971,12.460
211,9,2,29.255,12.982,27.850,12.431
212,9,2,29.033,13.055,27.415,12.174
213,9,2,28.710,13.047,27.374,12.104
214,9,2,28.589,12.998,27.293,12.004
215,9,2,28.780,12.856,27.385,12.305
216,9,2,28.608,12.807,27.213,12.256
217,9,2,28.497,12.778,27.102,12.227
218,9,2,28.497,12.727,27.102,12.176
219,9,2,28.214,12.700,26.819,12.149
220,9,2,28.032,12.691,26.444,11.820
221,9,2,27.800,12.713,26.404,11.700
222,9,2,27.729,12.644,26.272,11.731
223,9,2,27.598,12.574,26.111,11.622
224,9,2,27.709,12.523,25.949,11.613
225,9,2,27.668,12.423,26.283,11.882
226,9,2,27.274,12.215,25.808,11.695
227,9,2,27.052,12.418,25.656,11.465
228,9,2,27.223,12.216,25.838,11.684
229,9,2,27.102,12.186,25.717,11.655
230,9,2,26.981,12.147,25.595,11.616
231,9,2,26.819,12.088,25.434,11.557
232,9,2,26.697,12.039,25.312,11.508
233,9,2,26.566,11.990,25.181,11.459
234,9,2,26.394,11.941,25.009,11.410
235,9,2,26.273,11.892,24.887,11.361
236,9,2,26.141,11.843,24.756,11.311
237,9,2,26.010,11.794,24.625,11.262
238,9,2,25.868,11.744,24.483,11.213
239,9,2,25.737,11.695,24.352,11.164
240,9,2,25.605,11.646,24.220,11.115
241,9,2,25.484,11.597,24.099,11.066
242,9,2,25.343,11.548,23.957,11.017
243,9,2,25.201,11.499,23.816,10.968
244,9,2,25.080,11.449,23.694,10.918
245,9,2,24.958,11.400,23.573,10.869
246,9,2,24.817,11.351,23.431,10.820
247,9,2,24.675,11.302,23.290,10.771
248,9,2,24.554,11.253,23.168,10.722
249,9,2,24.432,11.204,23.047,10.672
250,9,2,24.311,11.174,22.926,10.643
251,9,2,24.170,11.125,22.784,10.594
252,9,2,24.028,11.076,22.642,10.545
253,9,2,23.907,11.027,22.521,10.496
254,9,2,24.341,11.104,21.793,10.040
255,9,2,23.775,10.968,22.389,10.437
256,9,2,23.654,10.939,22.268,10.407
257,9,2,23.532,10.889,22.147,10.358
258,9,2,23.411,10.840,22.025,10.309
259,9,2,23.269,10.791,21.884,10.260
260,9,2,23.148,10.742,21.762,10.211
261,9,2,23.027,10.693,21.641,10.161
262,9,2,22.885,10.664,21.499,10.132
263,9,2,22.764,10.614,21.378,10.083
264,9,2,22.642,10.565,21.257,10.034
265,9,2,22.521,10.516,21.135,9.985
266,9,2,22.400,10.467,21.014,9.935
267,9,2,22.278,10.417,20.892,9.886
269,9,2,22.035,10.339,20.650,9.808
271,9,2,21.793,10.240,20.407,9.709
272,9,2,21.671,10.211,20.285,9.680
273,9,2,21.550,10.162,20.164,9.631
274,9,2,21.429,10.133,20.043,9.601
275,9,2,21.307,10.084,19.921,9.552
276,9,2,21.186,10.054,19.800,9.523
277,9,2,21.085,10.005,19.699,9.474
278,9,2,20.629,9.848,19.172,9.277
279,9,2,20.599,9.828,19.213,9.297
281,9,2,20.336,9.750,18.950,9.218
282,9,2,20.215,9.701,18.828,9.169
284,9,2,19.972,9.622,18.586,9.091
285,9,2,19.830,9.573,18.444,9.041
286,9,2,19.709,9.524,18.322,8.992
288,9,2,19.466,9.425,18.080,8.894
289,9,2,19.324,9.376,17.938,8.845
290,9,2,19.901,9.512,16.997,8.470
291,9,2,19.193,9.317,17.806,8.785
292,9,2,19.071,9.268,17.685,8.736
293,9,2,18.950,9.218,17.564,8.687
294,9,2,18.828,9.189,17.442,8.658
295,9,2,18.707,9.120,17.321,8.588
296,9,2,18.586,9.091,17.199,8.559
297,9,2,18.464,9.041,17.078,8.510
298,9,2,18.343,8.992,16.956,8.460
299,9,2,18.221,8.943,16.835,8.411
300,9,2,18.080,8.914,16.693,8.382
301,9,2,17.978,8.864,16.592,8.333
302,9,2,17.837,8.835,16.450,8.304
303,9,2,17.736,8.786,16.349,8.254
304,9,2,17.594,8.757,16.207,8.225
305,9,2,17.493,8.707,16.106,8.176
306,9,2,17.351,8.678,15.964,8.147
307,9,2,17.250,8.629,15.863,8.097
309,9,2,16.987,8.551,15.600,8.019
310,9,2,16.865,8.521,15.478,7.990
280,9,2,20.478,9.799,19.092,9.267
283,9,2,20.093,9.651,18.707,9.120
287,9,2,19.587,9.474,18.201,8.943
308,9,2,17.108,8.600,15.721,8.068
171,9,2,33.833,13.073,32.430,12.523
180,9,2,32.938,13.332,31.291,12.522
268,9,2,22.157,10.388,20.771,9.857
270,9,2,21.914,10.290,20.528,9.758
14,10,2,50.998,11.293,49.200,10.539
15,10,2,50.918,11.274,49.081,10.550
16,10,2,50.828,11.264,48.881,10.532
17,10,2,50.709,11.275,48.771,10.522
18,10,2,50.608,11.256,48.602,10.564
19,10,2,50.478,11.237,48.651,10.513
20,10,2,50.389,11.238,48.592,10.554
21,10,2,50.229,11.220,48.451,10.475
22,10,2,50.089,11.231,48.291,10.496
23,10,2,50.019,11.231,48.161,10.478
24,10,2,50.019,11.211,48.171,10.497
25,10,2,49.679,11.184,47.900,10.420
26,10,2,49.549,11.185,47.741,10.411
27,10,2,49.459,11.176,47.640,10.362
28,10,2,49.309,11.157,47.540,10.353
29,10,2,49.338,11.107,47.530,10.393
30,10,2,49.050,11.199,47.280,10.375
31,10,2,48.940,11.180,47.141,10.386
32,10,2,48.820,11.191,47.160,10.356
33,10,2,48.750,11.162,46.970,10.327
34,10,2,48.640,11.163,46.830,10.358
35,10,2,48.450,11.164,46.721,10.359
36,10,2,48.400,11.185,46.641,10.360
37,10,2,48.310,11.146,46.491,10.351
38,10,2,48.160,11.147,46.450,10.332
39,10,2,48.010,11.118,46.380,10.332
40,10,2,47.960,11.129,46.330,10.323
41,10,2,47.830,11.120,46.070,10.335
42,10,2,47.780,11.130,46.050,10.305
43,10,2,47.670,11.141,45.910,10.296
44,10,2,47.560,11.132,45.829,10.257
45,10,2,47.500,11.112,45.680,10.328
46,10,2,47.540,11.102,45.620,10.318
47,10,2,47.490,11.092,45.560,10.299
48,10,2,47.389,11.053,45.660,10.338
49,10,2,47.279,11.054,45.550,10.339
50,10,2,47.149,11.055,45.420,10.340
51,10,2,47.059,11.056,45.330,10.341
52,10,2,46.929,11.037,45.200,10.322
53,10,2,46.819,11.038,45.090,10.323
54,10,2,46.709,11.039,44.980,10.324
55,10,2,46.599,11.040,44.870,10.324
56,10,2,46.350,11.112,44.500,10.317
57,10,2,46.120,11.114,44.420,10.318
58,10,2,45.940,11.105,44.320,10.299
59,10,2,45.850,11.106,44.299,10.269
60,10,2,45.751,11.157,44.268,10.159
61,10,2,45.630,11.118,44.139,10.290
62,10,2,45.729,11.057,44.050,10.341
63,10,2,45.470,11.129,43.809,10.273
64,10,2,45.230,11.151,43.739,10.284
65,10,2,45.200,11.141,43.559,10.315
66,10,2,45.210,11.111,43.508,10.266
67,10,2,45.080,11.132,43.459,10.306
68,10,2,44.950,11.134,43.329,10.307
69,10,2,44.840,11.124,43.179,10.308
70,10,2,44.749,11.095,43.068,10.249
71,10,2,44.539,11.097,42.928,10.290
72,10,2,44.489,11.087,42.788,10.291
73,10,2,44.449,11.108,42.787,10.231
74,10,2,44.249,11.119,42.668,10.322
75,10,2,44.159,11.110,42.598,10.313
76,10,2,44.089,11.111,42.458,10.344
77,10,2,44.039,11.121,42.347,10.305
78,10,2,43.879,11.142,42.227,10.336
79,10,2,43.799,11.133,42.107,10.347
80,10,2,43.668,11.144,42.027,10.328
81,10,2,43.618,11.135,42.017,10.328
82,10,2,43.468,11.156,41.887,10.339
83,10,2,43.398,11.156,41.846,10.309
84,10,2,43.298,11.187,41.686,10.340
85,10,2,43.168,11.188,41.596,10.331
86,10,2,43.068,11.209,41.476,10.362
87,10,2,42.958,11.200,41.386,10.373
88,10,2,42.868,11.201,41.326,10.353
89,10,2,42.788,11.192,41.216,10.364
90,10,2,42.737,11.192,41.136,10.435
91,10,2,42.637,11.183,41.056,10.385
92,10,2,42.577,11.203,40.876,10.437
93,10,2,42.447,11.204,40.765,10.428
94,10,2,42.317,11.236,40.676,10.479
95,10,2,42.267,11.236,40.556,10.530
96,10,2,42.287,11.216,40.576,10.509
97,10,2,42.177,11.227,40.536,10.530
98,10,2,42.107,11.237,40.476,10.530
99,10,2,41.997,11.258,40.245,10.492
100,10,2,41.966,11.258,40.205,10.532
101,10,2,41.897,11.299,40.175,10.523
102,10,2,41.746,11.300,40.024,10.544
103,10,2,41.626,11.291,39.934,10.525
104,10,2,41.556,11.302,39.784,10.556
105,10,2,41.536,11.282,39.824,10.576
106,10,2,41.416,11.313,39.744,10.576
107,10,2,41.406,11.333,39.674,10.617
108,10,2,41.366,11.344,39.614,10.617
109,10,2,41.316,11.324,39.453,10.619
110,10,2,41.226,11.355,39.363,10.659
111,10,2,41.115,11.346,39.293,10.630
112,10,2,41.135,11.355,39.183,10.691
113,10,2,40.905,11.367,39.133,10.671
114,10,2,40.825,11.368,39.053,10.682
115,10,2,40.755,11.419,39.053,10.712
116,10,2,40.675,11.409,39.053,10.702
117,10,2,40.634,11.400,38.973,10.733
118,10,2,40.544,11.421,38.842,10.714
119,10,2,40.474,11.441,38.732,10.725
120,10,2,40.424,11.452,38.661,10.695
121,10,2,40.374,11.462,38.601,10.716
122,10,2,40.224,11.473,38.461,10.737
123,10,2,40.174,11.464,38.371,10.758
124,10,2,40.104,11.494,38.310,10.738
125,10,2,40.084,11.515,38.331,10.748
126,10,2,39.984,11.545,38.290,10.738
127,10,2,39.934,11.576,38.230,10.759
128,10,2,39.854,11.587,38.130,10.790
129,10,2,39.784,11.607,38.090,10.800
130,10,2,39.753,11.607,38.040,10.800
131,10,2,39.643,11.658,37.970,10.841
132,10,2,39.564,11.699,37.890,10.872
133,10,2,39.463,11.720,37.820,10.942
134,10,2,39.423,11.740,37.760,10.893
135,10,2,39.343,11.781,37.620,10.994
136,10,2,39.254,11.832,37.631,11.104
137,10,2,39.184,11.863,37.671,11.114
138,10,2,39.164,11.933,37.581,11.125
139,10,2,39.164,11.933,37.531,11.155
140,10,2,39.044,11.974,37.510,11.105
141,10,2,38.984,11.985,37.460,11.136
142,10,2,38.944,12.005,37.400,11.166
143,10,2,38.844,12.086,37.360,11.167
144,10,2,38.774,12.107,37.260,11.197
145,10,2,38.724,12.137,37.200,11.238
146,10,2,38.704,12.168,37.100,11.289
147,10,2,38.644,12.208,36.939,11.320
148,10,2,38.614,12.229,36.929,11.331
149,10,2,38.495,12.340,36.971,11.501
150,10,2,38.365,12.381,36.910,11.481
151,10,2,38.375,12.391,36.970,11.450
152,10,2,38.274,12.422,36.920,11.461
153,10,2,38.234,12.422,36.780,11.472
154,10,2,38.194,12.433,36.669,11.503
155,10,2,38.044,12.464,36.559,11.544
156,10,2,37.974,12.515,36.509,11.575
157,10,2,37.964,12.525,36.469,11.595
158,10,2,37.884,12.556,36.429,11.645
159,10,2,37.824,12.606,36.309,11.687
160,10,2,37.814,12.647,36.279,11.747
161,10,2,37.844,12.626,36.179,11.758
162,10,2,37.714,12.648,36.149,11.778
163,10,2,37.543,12.659,36.008,11.830
164,10,2,37.503,12.720,35.968,11.870
165,10,2,37.523,12.729,35.878,11.921
166,10,2,37.513,12.719,35.798,11.902
167,10,2,37.443,12.750,35.728,11.972
168,10,2,37.332,12.731,35.688,11.993
169,10,2,37.332,12.741,35.567,11.994
170,10,2,37.262,12.752,35.476,11.984
172,10,2,37.051,12.784,35.406,12.005
173,10,2,36.991,12.824,35.256,12.037
174,10,2,36.991,12.834,35.185,12.057
175,10,2,36.891,12.865,35.095,12.108
176,10,2,36.851,12.866,34.994,12.109
177,10,2,36.781,12.886,34.964,12.139
178,10,2,36.811,12.896,34.894,12.150
179,10,2,36.630,12.898,34.773,12.121
181,10,2,36.510,12.959,34.683,12.202
182,10,2,36.500,12.979,34.643,12.202
183,10,2,36.419,12.980,34.573,12.253
184,10,2,36.278,12.991,34.533,12.253
185,10,2,36.238,13.002,34.512,12.224
186,10,2,36.289,13.021,34.462,12.224
187,10,2,36.158,13.032,34.351,12.265
188,10,2,36.098,13.093,34.231,12.306
189,10,2,36.048,13.084,34.151,12.327
190,10,2,35.966,12.964,34.513,12.284
191,10,2,35.876,12.985,34.422,12.305
192,10,2,35.806,12.985,34.352,12.305
193,10,2,35.695,13.006,34.241,12.326
194,10,2,35.625,13.027,34.171,12.347
195,10,2,35.514,13.028,34.060,12.348
196,10,2,35.444,13.049,33.990,12.369
197,10,2,35.333,13.090,33.879,12.410
198,10,2,35.263,13.111,33.809,12.430
199,10,2,35.152,13.132,33.698,12.451
200,10,2,35.082,13.152,33.628,12.472
201,10,2,34.971,13.173,33.517,12.493
202,10,2,34.881,13.194,33.427,12.514
203,10,2,34.790,13.195,33.336,12.515
204,10,2,34.700,13.216,33.246,12.536
205,10,2,34.589,13.257,33.135,12.577
206,10,2,34.499,13.278,33.044,12.598
207,10,2,34.388,13.279,32.934,12.599
208,10,2,34.298,13.300,32.843,12.619
209,10,2,34.187,13.341,32.733,12.661
210,10,2,34.017,13.453,32.349,12.614
211,10,2,33.886,13.454,32.169,12.786
212,10,2,33.825,13.475,32.027,12.717
213,10,2,33.665,13.527,31.907,12.738
214,10,2,33.513,13.458,32.058,12.787
215,10,2,33.402,13.469,31.947,12.798
216,10,2,33.242,13.571,31.635,12.861
217,10,2,33.171,13.541,31.716,12.870
218,10,2,33.060,13.552,31.605,12.881
219,10,2,32.859,13.654,31.302,12.844
220,10,2,32.859,13.624,31.121,12.876
221,10,2,32.637,13.666,31.010,12.887
222,10,2,32.537,13.677,30.818,12.888
223,10,2,32.385,13.669,30.657,12.920
224,10,2,32.345,13.689,30.637,12.870
225,10,2,32.345,13.669,30.405,12.942
226,10,2,32.204,13.600,30.748,12.929
227,10,2,32.093,13.611,30.637,12.940
228,10,2,31.982,13.602,30.526,12.931
229,10,2,31.871,13.613,30.415,12.942
230,10,2,31.730,13.755,30.022,13.046
231,10,2,31.609,13.716,30.153,13.045
232,10,2,31.498,13.707,30.042,13.036
233,10,2,31.367,13.718,29.911,13.047
234,10,2,31.256,13.709,29.800,13.038
235,10,2,31.145,13.720,29.689,13.049
236,10,2,31.034,13.691,29.578,13.020
237,10,2,30.903,13.702,29.447,13.031
238,10,2,30.792,13.673,29.336,13.002
239,10,2,30.661,13.664,29.205,12.993
240,10,2,30.570,13.655,29.114,12.984
241,10,2,30.439,13.646,28.982,12.975
242,10,2,30.327,13.617,28.871,12.945
243,10,2,30.216,13.608,28.760,12.936
244,10,2,30.186,13.648,28.427,12.829
245,10,2,30.035,13.569,28.578,12.898
246,10,2,29.923,13.560,28.467,12.889
247,10,2,29.792,13.531,28.336,12.860
248,10,2,29.681,13.502,28.225,12.830
249,10,2,29.408,13.494,27.901,12.632
250,10,2,29.327,13.444,27.770,12.613
251,10,2,29.277,13.364,27.820,12.693
252,10,2,29.165,13.335,27.709,12.664
253,10,2,29.054,13.306,27.598,12.635
254,10,2,28.752,13.349,27.304,12.406
255,10,2,28.661,13.340,27.274,12.406
256,10,2,28.690,13.209,27.254,12.537
257,10,2,28.499,13.301,27.011,12.338
258,10,2,28.478,13.150,27.042,12.479
259,10,2,28.327,13.161,26.819,12.179
260,10,2,28.337,13.202,26.627,11.989
261,10,2,28.276,13.001,26.840,12.329
262,10,2,28.165,12.952,26.728,12.280
263,10,2,27.912,13.064,26.425,11.971
264,10,2,28.063,12.912,26.627,12.241
265,10,2,27.952,12.883,26.516,12.211
266,10,2,27.841,12.814,26.405,12.142
267,10,2,27.750,12.784,26.314,12.113
269,10,2,27.527,12.686,26.091,12.014
271,10,2,27.305,12.587,25.869,11.915
272,10,2,27.194,12.517,25.757,11.846
273,10,2,27.103,12.468,25.666,11.796
274,10,2,26.971,12.419,25.535,11.747
275,10,2,26.880,12.369,25.444,11.698
276,10,2,26.769,12.300,25.333,11.628
277,10,2,26.658,12.251,25.221,11.579
278,10,2,26.546,12.181,25.110,11.510
279,10,2,26.455,12.132,25.019,11.460
281,10,2,26.253,12.013,24.817,11.341
282,10,2,26.142,11.943,24.705,11.272
284,10,2,25.919,11.824,24.483,11.153
285,10,2,25.828,11.775,24.392,11.103
286,10,2,25.717,11.706,24.281,11.034
288,10,2,25.514,11.587,24.078,10.915
289,10,2,25.423,11.537,23.987,10.866
290,10,2,25.312,11.468,23.876,10.796
291,10,2,25.221,11.418,23.785,10.747
292,10,2,25.110,11.349,23.674,10.677
293,10,2,25.019,11.299,23.583,10.628
294,10,2,24.907,11.230,23.471,10.558
295,10,2,24.816,11.180,23.380,10.509
296,10,2,24.705,11.111,23.269,10.439
297,10,2,24.614,11.061,23.178,10.390
298,10,2,24.503,10.992,23.067,10.321
299,10,2,24.412,10.922,22.976,10.251
300,10,2,24.301,10.853,22.865,10.182
301,10,2,24.210,10.804,22.774,10.132
302,10,2,24.098,10.754,22.662,10.083
303,10,2,24.007,10.705,22.571,10.033
304,10,2,23.896,10.635,22.460,9.964
305,10,2,23.805,10.586,22.369,9.914
306,10,2,23.694,10.516,22.258,9.845
307,10,2,23.603,10.467,22.167,9.796
309,10,2,23.401,10.348,21.965,9.677
310,10,2,23.289,10.279,21.853,9.607
280,10,2,26.344,12.062,24.908,11.391
283,10,2,26.051,11.894,24.614,11.222
287,10,2,25.626,11.656,24.190,10.985
308,10,2,23.492,10.397,22.056,9.726
171,10,2,37.232,12.762,35.416,12.005
180,10,2,36.539,12.919,34.713,12.182
268,10,2,27.639,12.735,26.202,12.063
270,10,2,27.416,12.636,25.980,11.965
