0 0 1 25.345 9.148 24.180 8.468
1 0 1 25.377 9.170 24.159 8.457
2 0 1 25.280 9.159 24.245 8.446
3 0 1 25.355 9.148 24.267 8.436
4 0 1 25.420 9.159 24.300 8.446
5 0 1 25.442 9.149 24.311 8.436
6 0 1 25.453 9.159 24.310 8.447
7 0 1 25.496 9.149 24.343 8.436
8 0 1 25.529 9.160 24.375 8.447
9 0 1 25.561 9.149 24.408 8.436
10 0 1 25.583 9.160 24.430 8.447
11 0 1 25.557 9.740 24.403 9.027
12 0 1 25.648 9.160 24.495 8.447
13 0 1 25.669 9.149 24.516 8.436
14 0 1 25.735 9.106 24.582 8.394
15 0 1 25.734 9.171 24.581 8.458
16 0 1 25.756 9.182 24.603 8.469
17 0 1 25.778 9.150 24.625 8.437
18 0 1 25.821 9.182 24.668 8.469
19 0 1 25.864 9.171 24.711 8.459
20 0 1 25.907 9.161 24.754 8.448
21 0 1 25.929 9.171 24.776 8.459
22 0 1 25.951 9.182 24.798 8.470
23 0 1 26.016 9.172 24.863 8.459
24 0 1 26.015 9.204 24.862 8.491
25 0 1 26.059 9.193 24.906 8.481
26 0 1 26.080 9.204 24.927 8.491
27 0 1 26.145 9.194 24.992 8.481
28 0 1 26.145 9.204 24.992 8.492
29 0 1 26.167 9.194 25.014 8.481
30 0 1 26.210 9.205 25.057 8.492
31 0 1 26.253 9.194 25.101 8.481
32 0 1 26.275 9.205 25.122 8.492
33 0 1 26.297 9.194 25.144 8.481
34 0 1 26.340 9.205 25.187 8.492
35 0 1 26.383 9.194 25.231 8.482
36 0 1 26.405 9.205 25.252 8.492
37 0 1 26.427 9.194 25.274 8.482
38 0 1 26.491 9.205 25.339 8.493
39 0 1 26.513 9.195 25.360 8.482
40 0 1 26.578 9.206 25.425 8.493
41 0 1 26.600 9.195 25.447 8.482
42 0 1 26.664 9.206 25.512 8.493
43 0 1 26.686 9.195 25.534 8.483
44 0 1 26.730 9.185 25.577 8.472
45 0 1 26.773 9.174 25.620 8.461
46 0 1 26.794 9.185 25.642 8.472
47 0 1 26.816 9.174 25.664 8.462
48 0 1 26.859 9.185 25.707 8.472
49 0 1 26.902 9.196 25.750 8.483
50 0 1 26.924 9.207 25.771 8.494
51 0 1 26.946 9.196 25.793 8.483
52 0 1 27.011 9.207 25.858 8.494
53 0 1 27.032 9.196 25.880 8.484
54 0 1 27.075 9.207 25.923 8.495
55 0 1 27.119 9.218 25.966 8.505
56 0 1 27.162 9.229 26.009 8.516
57 0 1 27.205 9.218 26.053 8.506
58 0 1 27.248 9.229 26.096 8.517
59 0 1 27.292 9.218 26.139 8.506
60 0 1 27.313 9.229 26.161 8.517
61 0 1 27.335 9.240 26.182 8.528
62 0 1 27.400 9.251 26.247 8.539
63 0 1 27.400 9.240 26.247 8.528
64 0 1 27.421 9.251 26.269 8.539
65 0 1 27.486 9.240 26.334 8.528
66 0 1 27.486 9.230 26.334 8.517
67 0 1 27.529 9.241 26.377 8.528
68 0 1 27.551 9.230 26.399 8.518
69 0 1 27.616 9.241 26.464 8.529
70 0 1 27.616 9.230 26.464 8.518
71 0 1 27.659 9.219 26.507 8.507
72 0 1 27.702 9.230 26.550 8.518
73 0 1 27.746 9.220 26.593 8.507
74 0 1 27.789 9.231 26.637 8.518
75 0 1 27.832 9.220 26.680 8.508
76 0 1 27.854 9.231 26.701 8.519
77 0 1 27.919 9.199 26.767 8.487
78 0 1 27.940 9.210 26.788 8.497
79 0 1 28.005 9.199 26.853 8.487
80 0 1 28.005 9.188 26.853 8.476
81 0 1 28.048 9.178 26.896 8.465
82 0 1 28.070 9.188 26.918 8.476
83 0 1 28.113 9.178 26.961 8.466
84 0 1 28.156 9.189 27.004 8.477
85 0 1 28.200 9.178 27.048 8.466
86 0 1 28.221 9.189 27.069 8.477
87 0 1 28.243 9.178 27.091 8.466
88 0 1 28.286 9.189 27.134 8.477
89 0 1 28.329 9.178 27.177 8.466
90 0 1 28.373 9.189 27.221 8.477
91 0 1 28.416 9.179 27.264 8.467
92 0 1 28.437 9.190 27.285 8.477
93 0 1 28.459 9.179 27.307 8.467
94 0 1 28.524 9.190 27.372 8.478
95 0 1 28.545 9.179 27.394 8.467
96 0 1 28.589 9.190 27.437 8.478
97 0 1 28.632 9.179 27.480 8.467
98 0 1 28.675 9.190 27.523 8.478
99 0 1 28.697 9.180 27.545 8.468
100 0 1 28.697 9.190 27.545 8.478
101 0 1 28.718 9.180 27.566 8.468
102 0 1 28.783 9.169 27.631 8.457
103 0 1 28.783 9.158 27.631 8.446
104 0 1 28.826 9.169 27.675 8.457
105 0 1 28.848 9.159 27.696 8.447
106 0 1 28.891 9.148 27.740 8.436
107 0 1 28.934 9.137 27.783 8.425
108 0 1 28.978 9.148 27.826 8.436
109 0 1 28.999 9.137 27.848 8.426
110 0 1 29.021 9.127 27.869 8.415
111 0 1 29.064 9.116 27.913 8.404
112 0 1 29.107 9.127 27.956 8.415
113 0 1 29.151 9.095 27.999 8.383
114 0 1 29.194 9.106 28.042 8.394
115 0 1 29.215 9.074 28.064 8.362
116 0 1 29.237 9.063 28.086 8.351
117 0 1 29.280 9.052 28.129 8.341
118 0 1 29.324 9.042 28.172 8.330
119 0 1 29.367 9.010 28.216 8.298
120 0 1 29.388 9.021 28.237 8.309
121 0 1 29.410 8.988 28.259 8.277
122 0 1 29.453 8.999 28.302 8.288
123 0 1 29.496 8.989 28.345 8.277
124 0 1 29.518 8.978 28.367 8.266
125 0 1 29.540 8.946 28.389 8.234
126 0 1 29.605 8.957 28.453 8.245
127 0 1 29.626 8.925 28.475 8.213
128 0 1 29.691 8.914 28.540 8.203
129 0 1 29.713 8.903 28.562 8.192
130 0 1 29.756 8.893 28.605 8.181
131 0 1 29.799 8.861 28.648 8.149
132 0 1 29.842 8.872 28.691 8.160
133 0 1 29.864 8.840 28.713 8.128
134 0 1 29.886 8.850 28.735 8.139
135 0 1 29.950 8.818 28.800 8.107
136 0 1 29.972 8.808 28.821 8.096
137 0 1 30.015 8.797 28.864 8.086
138 0 1 30.037 8.786 28.886 8.075
139 0 1 30.059 8.776 28.908 8.064
140 0 1 30.102 8.765 28.951 8.054
141 0 1 30.145 8.755 28.994 8.043
142 0 1 30.188 8.765 29.037 8.054
143 0 1 30.231 8.733 29.081 8.022
144 0 1 30.253 8.723 29.102 8.011
145 0 1 30.275 8.712 29.124 8.001
146 0 1 30.339 8.702 29.189 7.990
147 0 1 30.361 8.691 29.210 7.980
148 0 1 30.404 8.680 29.253 7.969
149 0 1 30.447 8.648 29.297 7.937
150 0 1 30.469 8.638 29.318 7.926
151 0 1 30.491 8.627 29.340 7.916
152 0 1 30.534 8.616 29.383 7.905
153 0 1 30.577 8.584 29.427 7.873
154 0 1 30.620 8.595 29.470 7.884
155 0 1 30.642 8.563 29.491 7.852
156 0 1 30.663 8.574 29.513 7.863
157 0 1 30.706 8.563 29.556 7.852
158 0 1 30.750 8.553 29.599 7.842
159 0 1 30.793 8.542 29.642 7.831
160 0 1 30.836 8.532 29.686 7.820
161 0 1 30.879 8.521 29.729 7.810
162 0 1 30.922 8.510 29.772 7.799
163 0 1 30.944 8.500 29.794 7.789
164 0 1 30.965 8.511 29.815 7.799
165 0 1 31.030 8.500 29.880 7.789
166 0 1 31.052 8.489 29.902 7.778
167 0 1 31.095 8.479 29.945 7.768
168 0 1 31.138 8.490 29.988 7.779
169 0 1 31.181 8.458 30.031 7.747
170 0 1 31.224 8.469 30.074 7.757
171 0 1 31.246 8.458 30.096 7.747
172 0 1 31.267 8.469 30.117 7.758
173 0 1 31.310 8.458 30.160 7.747
174 0 1 31.353 8.469 30.203 7.758
175 0 1 31.375 8.437 30.225 7.726
176 0 1 31.397 8.448 30.247 7.737
177 0 1 31.440 8.437 30.290 7.726
178 0 1 31.483 8.448 30.333 7.737
179 0 1 31.526 8.437 30.376 7.726
180 0 1 31.547 8.448 30.398 7.737
181 0 1 31.569 8.437 30.419 7.727
182 0 1 31.634 8.448 30.484 7.737
183 0 1 31.634 8.416 30.484 7.705
184 0 1 31.677 8.427 30.527 7.716
185 0 1 31.720 8.417 30.570 7.706
186 0 1 31.763 8.427 30.613 7.716
187 0 1 31.806 8.417 30.656 7.706
188 0 1 31.849 8.428 30.699 7.717
189 0 1 31.892 8.417 30.742 7.706
190 0 1 31.914 8.406 30.764 7.696
191 0 1 31.978 8.396 30.829 7.685
192 0 1 32.000 8.407 30.850 7.696
193 0 1 32.043 8.396 30.893 7.685
194 0 1 32.086 8.407 30.936 7.696
195 0 1 32.108 8.418 30.958 7.707
196 0 1 32.129 8.429 30.979 7.718
197 0 1 32.194 8.418 31.044 7.707
198 0 1 32.194 8.429 31.044 7.718
199 0 1 32.237 8.418 31.087 7.707
200 0 1 32.280 8.450 31.130 7.740
201 0 1 32.301 8.440 31.152 7.729
202 0 1 32.366 8.451 31.216 7.740
203 0 1 32.387 8.462 31.238 7.751
204 0 1 32.430 8.472 31.281 7.762
205 0 1 32.473 8.462 31.324 7.751
206 0 1 32.516 8.473 31.367 7.762
207 0 1 32.559 8.483 31.410 7.773
208 0 1 32.602 8.494 31.453 7.784
209 0 1 32.624 8.505 31.475 7.794
210 0 1 32.645 8.516 31.496 7.805
211 0 1 32.689 8.505 31.539 7.795
212 0 1 32.732 8.516 31.582 7.806
213 0 1 32.753 8.506 31.604 7.795
214 0 1 32.775 8.516 31.625 7.806
215 0 1 32.839 8.527 31.690 7.817
216 0 1 32.839 8.538 31.690 7.827
217 0 1 32.882 8.527 31.733 7.817
218 0 1 32.925 8.538 31.776 7.828
219 0 1 32.968 8.528 31.819 7.817
220 0 1 33.011 8.538 31.862 7.828
221 0 1 33.054 8.528 31.905 7.817
222 0 1 33.076 8.539 31.927 7.828
223 0 1 33.140 8.528 31.991 7.818
224 0 1 33.162 8.539 32.013 7.828
225 0 1 33.227 8.528 32.077 7.818
226 0 1 33.248 8.539 32.099 7.829
227 0 1 33.291 8.529 32.142 7.818
228 0 1 33.334 8.539 32.185 7.829
229 0 1 33.356 8.550 32.206 7.840
230 0 1 33.377 8.561 32.228 7.851
231 0 1 33.420 8.550 32.271 7.840
232 0 1 33.463 8.561 32.314 7.851
233 0 1 33.485 8.572 32.335 7.862
234 0 1 33.506 8.583 32.357 7.872
235 0 1 33.571 8.572 32.422 7.862
236 0 1 33.592 8.583 32.443 7.873
237 0 1 33.635 8.594 32.486 7.884
238 0 1 33.678 8.605 32.529 7.894
239 0 1 33.721 8.616 32.572 7.905
240 0 1 33.743 8.626 32.594 7.916
241 0 1 33.764 8.637 32.615 7.927
242 0 1 33.807 8.648 32.658 7.938
243 0 1 33.850 8.659 32.701 7.949
244 0 1 33.893 8.670 32.744 7.959
245 0 1 33.915 8.681 32.766 7.970
246 0 1 33.936 8.691 32.787 7.981
247 0 1 33.979 8.681 32.830 7.970
248 0 1 34.001 8.692 32.852 7.981
249 0 1 34.022 8.702 32.873 7.992
250 0 1 34.065 8.713 32.916 8.003
251 0 1 34.108 8.703 32.959 7.992
252 0 1 34.151 8.713 33.002 8.003
253 0 1 34.173 8.703 33.024 7.992
254 0 1 34.194 8.714 33.045 8.003
255 0 1 34.259 8.703 33.110 7.993
256 0 1 34.280 8.714 33.131 8.003
257 0 1 34.323 8.703 33.174 7.993
258 0 1 34.366 8.714 33.217 8.004
259 0 1 34.409 8.703 33.260 7.993
260 0 1 34.452 8.714 33.303 8.004
261 0 1 34.474 8.704 33.325 7.993
262 0 1 34.495 8.714 33.346 8.004
263 0 1 34.560 8.704 33.411 7.994
264 0 1 34.581 8.715 33.432 8.004
265 0 1 34.624 8.704 33.475 7.994
266 0 1 34.645 8.715 33.497 8.005
267 0 1 34.667 8.704 33.518 7.994
268 0 1 34.710 8.715 33.561 8.005
269 0 1 34.753 8.726 33.604 8.016
270 0 1 34.796 8.737 33.647 8.027
271 0 1 34.839 8.748 33.690 8.037
272 0 1 34.860 8.758 33.712 8.048
273 0 1 34.882 8.748 33.733 8.038
274 0 1 34.925 8.780 33.776 8.070
275 0 1 34.968 8.769 33.819 8.059
276 0 1 35.011 8.780 33.862 8.070
277 0 1 35.032 8.770 33.884 8.060
278 0 1 35.054 8.780 33.905 8.070
279 0 1 35.097 8.791 33.948 8.081
280 0 1 35.140 8.802 33.991 8.092
281 0 1 35.183 8.792 34.034 8.081
282 0 1 35.204 8.802 34.056 8.092
283 0 1 35.226 8.813 34.077 8.103
284 0 1 35.269 8.824 34.120 8.114
285 0 1 35.312 8.813 34.163 8.103
286 0 1 35.333 8.824 34.185 8.114
287 0 1 35.355 8.813 34.206 8.103
288 0 1 35.419 8.824 34.271 8.114
289 0 1 35.440 8.814 34.292 8.104
290 0 1 35.505 8.825 34.357 8.115
291 0 1 35.526 8.814 34.378 8.104
292 0 1 35.569 8.825 34.421 8.115
293 0 1 35.612 8.814 34.464 8.104
294 0 1 35.634 8.825 34.485 8.115
295 0 1 35.655 8.814 34.507 8.104
296 0 1 35.720 8.804 34.571 8.094
297 0 1 35.741 8.793 34.593 8.083
298 0 1 35.806 8.804 34.657 8.094
299 0 1 35.806 8.793 34.657 8.084
300 0 1 35.827 8.804 34.679 8.094
301 0 1 35.870 8.794 34.722 8.084
302 0 1 35.913 8.804 34.765 8.095
303 0 1 35.956 8.794 34.808 8.084
304 0 1 35.977 8.805 34.829 8.095
305 0 1 35.999 8.794 34.851 8.084
306 0 1 36.063 8.805 34.915 8.095
307 0 1 36.085 8.816 34.937 8.106
308 0 1 36.128 8.827 34.980 8.117
309 0 1 36.171 8.837 35.023 8.128
310 0 1 36.192 8.848 35.044 8.138
311 0 1 36.214 8.837 35.066 8.128
312 0 1 36.257 8.848 35.109 8.138
313 0 1 36.299 8.838 35.152 8.128
314 0 1 36.342 8.849 35.194 8.139
315 0 1 36.364 8.838 35.216 8.128
316 0 1 36.385 8.849 35.237 8.139
317 0 1 36.450 8.860 35.302 8.150
318 0 1 36.450 8.849 35.302 8.139
319 0 1 36.471 8.838 35.323 8.129
320 0 1 36.536 8.849 35.388 8.139
321 0 1 36.557 8.839 35.409 8.129
322 0 1 36.600 8.849 35.452 8.140
323 0 1 36.643 8.839 35.495 8.129
324 0 1 36.664 8.828 35.517 8.118
325 0 1 36.686 8.818 35.538 8.108
326 0 1 36.750 8.828 35.603 8.119
327 0 1 36.772 8.818 35.624 8.108
328 0 1 36.836 8.807 35.688 8.098
329 0 1 36.858 8.797 35.710 8.087
330 0 1 36.901 8.786 35.753 8.076
331 0 1 36.943 8.776 35.796 8.066
332 0 1 36.965 8.786 35.817 8.077
333 0 1 36.986 8.754 35.839 8.045
334 0 1 37.051 8.744 35.903 8.034
335 0 1 37.051 8.733 35.903 8.024
336 0 1 37.094 8.744 35.946 8.034
337 0 1 37.115 8.733 35.968 8.024
338 0 1 37.158 8.744 36.011 8.035
339 0 1 37.201 8.734 36.053 8.024
340 0 1 37.244 8.723 36.096 8.013
341 0 1 37.287 8.712 36.139 8.003
342 0 1 37.308 8.723 36.161 8.014
343 0 1 37.330 8.713 36.182 8.003
344 0 1 37.373 8.723 36.225 8.014
345 0 1 37.416 8.713 36.268 8.003
346 0 1 37.458 8.724 36.311 8.014
347 0 1 37.501 8.713 36.354 8.004
348 0 1 37.523 8.724 36.375 8.014
349 0 1 37.544 8.713 36.397 8.004
350 0 1 37.587 8.724 36.440 8.015
351 0 1 37.630 8.713 36.483 8.004
352 0 1 37.651 8.724 36.504 8.015
353 0 1 37.673 8.735 36.526 8.026
354 0 1 37.716 8.746 36.569 8.036
355 0 1 37.737 8.735 36.590 8.026
356 0 1 37.759 8.746 36.611 8.037
357 0 1 37.802 8.735 36.654 8.026
0 1 1 24.528 9.716 23.472 8.874
1 1 1 24.560 9.738 23.462 8.863
2 1 1 24.603 9.738 23.505 8.863
3 1 1 24.647 9.738 23.548 8.863
4 1 1 24.690 9.738 23.592 8.864
5 1 1 24.701 9.738 23.603 8.864
6 1 1 24.712 9.738 23.613 8.864
7 1 1 24.755 9.738 23.657 8.864
8 1 1 24.777 9.738 23.679 8.864
9 1 1 24.842 9.738 23.744 8.864
10 1 1 24.864 9.738 23.765 8.864
11 1 1 24.814 9.157 23.716 8.283
12 1 1 24.929 9.739 23.830 8.864
13 1 1 24.950 9.760 23.852 8.886
14 1 1 25.015 9.803 23.916 8.929
15 1 1 25.037 9.760 23.938 8.886
16 1 1 25.059 9.739 23.960 8.865
17 1 1 25.080 9.782 23.982 8.908
18 1 1 25.123 9.761 24.025 8.886
19 1 1 25.167 9.761 24.069 8.886
20 1 1 25.188 9.804 24.090 8.930
21 1 1 25.210 9.825 24.111 8.951
22 1 1 25.253 9.847 24.154 8.973
23 1 1 25.285 9.847 24.187 8.973
24 1 1 25.318 9.869 24.219 8.994
25 1 1 25.339 9.912 24.241 9.038
26 1 1 25.393 9.934 24.295 9.059
27 1 1 25.425 9.934 24.327 9.059
28 1 1 25.490 9.955 24.392 9.081
29 1 1 25.490 9.977 24.392 9.102
30 1 1 25.533 9.977 24.435 9.103
31 1 1 25.555 9.977 24.457 9.103
32 1 1 25.598 9.977 24.500 9.103
33 1 1 25.642 9.999 24.543 9.124
34 1 1 25.663 10.020 24.565 9.146
35 1 1 25.685 10.020 24.586 9.146
36 1 1 25.750 10.021 24.651 9.146
37 1 1 25.771 10.042 24.673 9.168
38 1 1 25.825 10.064 24.727 9.189
39 1 1 25.858 10.064 24.759 9.190
40 1 1 25.901 10.064 24.803 9.190
41 1 1 25.933 10.064 24.835 9.190
42 1 1 25.988 10.064 24.889 9.190
43 1 1 26.009 10.064 24.911 9.190
44 1 1 26.031 10.086 24.933 9.212
45 1 1 26.074 10.107 24.976 9.233
46 1 1 26.117 10.086 25.019 9.212
47 1 1 26.139 10.108 25.041 9.233
48 1 1 26.161 10.108 25.062 9.233
49 1 1 26.204 10.108 25.106 9.234
50 1 1 26.236 10.108 25.138 9.234
51 1 1 26.290 10.108 25.192 9.234
52 1 1 26.312 10.130 25.214 9.255
53 1 1 26.333 10.151 25.235 9.277
54 1 1 26.377 10.151 25.279 9.277
55 1 1 26.420 10.151 25.322 9.277
56 1 1 26.452 10.173 25.354 9.299
57 1 1 26.485 10.195 25.387 9.320
58 1 1 26.506 10.195 25.408 9.320
59 1 1 26.539 10.195 25.441 9.321
60 1 1 26.593 10.195 25.495 9.321
61 1 1 26.636 10.216 25.538 9.342
62 1 1 26.658 10.238 25.560 9.364
63 1 1 26.679 10.217 25.581 9.342
64 1 1 26.723 10.238 25.625 9.364
65 1 1 26.734 10.217 25.635 9.343
66 1 1 26.766 10.238 25.668 9.364
67 1 1 26.809 10.217 25.711 9.343
68 1 1 26.831 10.217 25.733 9.343
69 1 1 26.853 10.217 25.755 9.343
70 1 1 26.896 10.217 25.798 9.343
71 1 1 26.928 10.217 25.830 9.343
72 1 1 26.961 10.217 25.863 9.343
73 1 1 26.983 10.196 25.885 9.322
74 1 1 27.015 10.174 25.917 9.300
75 1 1 27.069 10.196 25.971 9.322
76 1 1 27.080 10.175 25.982 9.301
77 1 1 27.113 10.175 26.015 9.301
78 1 1 27.156 10.175 26.058 9.301
79 1 1 27.199 10.175 26.101 9.301
80 1 1 27.221 10.153 26.123 9.280
81 1 1 27.221 10.132 26.123 9.258
82 1 1 27.243 10.132 26.145 9.258
83 1 1 27.297 10.132 26.199 9.258
84 1 1 27.308 10.132 26.210 9.258
85 1 1 27.351 10.111 26.253 9.237
86 1 1 27.362 10.111 26.264 9.237
87 1 1 27.416 10.111 26.318 9.237
88 1 1 27.459 10.111 26.361 9.237
89 1 1 27.481 10.111 26.383 9.237
90 1 1 27.502 10.111 26.405 9.237
91 1 1 27.546 10.111 26.448 9.237
92 1 1 27.578 10.111 26.480 9.238
93 1 1 27.610 10.111 26.513 9.238
94 1 1 27.632 10.111 26.534 9.238
95 1 1 27.665 10.112 26.567 9.238
96 1 1 27.719 10.112 26.621 9.238
97 1 1 27.729 10.112 26.632 9.238
98 1 1 27.762 10.112 26.664 9.238
99 1 1 27.805 10.112 26.708 9.238
100 1 1 27.848 10.112 26.751 9.238
101 1 1 27.870 10.112 26.772 9.238
102 1 1 27.892 10.112 26.794 9.238
103 1 1 27.935 10.091 26.837 9.217
104 1 1 27.967 10.091 26.870 9.217
105 1 1 28.021 10.091 26.924 9.217
106 1 1 28.065 10.070 26.967 9.196
107 1 1 28.087 10.048 26.989 9.175
108 1 1 28.108 10.048 27.011 9.175
109 1 1 28.151 10.048 27.054 9.175
110 1 1 28.162 10.027 27.065 9.153
111 1 1 28.195 9.984 27.098 9.110
112 1 1 28.238 9.963 27.141 9.089
113 1 1 28.260 9.984 27.163 9.111
114 1 1 28.282 9.941 27.184 9.068
115 1 1 28.325 9.941 27.228 9.068
116 1 1 28.336 9.920 27.239 9.046
117 1 1 28.368 9.920 27.271 9.046
118 1 1 28.412 9.920 27.314 9.047
119 1 1 28.433 9.920 27.336 9.047
120 1 1 28.455 9.899 27.358 9.025
121 1 1 28.498 9.877 27.401 9.004
122 1 1 28.531 9.899 27.433 9.025
123 1 1 28.563 9.877 27.466 9.004
124 1 1 28.585 9.899 27.487 9.026
125 1 1 28.628 9.878 27.531 9.004
126 1 1 28.671 9.899 27.574 9.026
127 1 1 28.682 9.878 27.585 9.004
128 1 1 28.714 9.899 27.617 9.026
129 1 1 28.758 9.878 27.660 9.005
130 1 1 28.779 9.899 27.682 9.026
131 1 1 28.801 9.878 27.704 9.005
132 1 1 28.844 9.878 27.747 9.005
133 1 1 28.866 9.878 27.769 9.005
134 1 1 28.866 9.878 27.769 9.005
135 1 1 28.909 9.878 27.812 9.005
136 1 1 28.930 9.878 27.833 9.005
137 1 1 28.963 9.878 27.866 9.005
138 1 1 29.017 9.879 27.920 9.005
139 1 1 29.028 9.857 27.931 8.984
140 1 1 29.060 9.836 27.963 8.963
141 1 1 29.103 9.836 28.006 8.963
142 1 1 29.147 9.836 28.050 8.963
143 1 1 29.179 9.815 28.082 8.942
144 1 1 29.212 9.793 28.115 8.920
145 1 1 29.223 9.793 28.126 8.920
146 1 1 29.266 9.772 28.169 8.899
147 1 1 29.320 9.729 28.223 8.856
148 1 1 29.331 9.708 28.234 8.835
149 1 1 29.363 9.708 28.267 8.835
150 1 1 29.407 9.708 28.310 8.835
151 1 1 29.428 9.686 28.331 8.813
152 1 1 29.428 9.643 28.332 8.771
153 1 1 29.472 9.643 28.375 8.771
154 1 1 29.493 9.622 28.397 8.749
155 1 1 29.547 9.622 28.451 8.749
156 1 1 29.558 9.601 28.462 8.728
157 1 1 29.601 9.579 28.505 8.707
158 1 1 29.623 9.579 28.526 8.707
159 1 1 29.688 9.580 28.591 8.707
160 1 1 29.699 9.580 28.602 8.707
161 1 1 29.753 9.558 28.656 8.686
162 1 1 29.796 9.537 28.699 8.664
163 1 1 29.839 9.537 28.743 8.664
164 1 1 29.861 9.537 28.764 8.665
165 1 1 29.882 9.537 28.786 8.665
166 1 1 29.926 9.537 28.829 8.665
167 1 1 29.958 9.516 28.861 8.643
168 1 1 29.990 9.495 28.894 8.622
169 1 1 30.001 9.516 28.905 8.644
170 1 1 30.044 9.495 28.948 8.622
171 1 1 30.098 9.516 29.002 8.644
172 1 1 30.131 9.495 29.034 8.622
173 1 1 30.163 9.495 29.067 8.623
174 1 1 30.185 9.495 29.088 8.623
175 1 1 30.228 9.474 29.132 8.601
176 1 1 30.260 9.452 29.164 8.580
177 1 1 30.314 9.453 29.218 8.580
178 1 1 30.325 9.453 29.229 8.580
179 1 1 30.358 9.431 29.261 8.559
180 1 1 30.422 9.410 29.326 8.538
181 1 1 30.433 9.410 29.337 8.538
182 1 1 30.476 9.410 29.380 8.538
183 1 1 30.530 9.389 29.434 8.516
184 1 1 30.541 9.367 29.445 8.495
185 1 1 30.574 9.367 29.477 8.495
186 1 1 30.617 9.346 29.521 8.474
187 1 1 30.660 9.325 29.564 8.453
188 1 1 30.671 9.325 29.575 8.453
189 1 1 30.703 9.325 29.607 8.453
190 1 1 30.746 9.325 29.650 8.453
191 1 1 30.779 9.325 29.683 8.453
192 1 1 30.833 9.325 29.736 8.453
193 1 1 30.865 9.325 29.769 8.453
194 1 1 30.897 9.325 29.801 8.453
195 1 1 30.919 9.325 29.823 8.453
196 1 1 30.984 9.326 29.888 8.454
197 1 1 30.994 9.326 29.898 8.454
198 1 1 31.048 9.326 29.952 8.454
199 1 1 31.081 9.347 29.984 8.475
200 1 1 31.113 9.326 30.017 8.454
201 1 1 31.134 9.348 30.038 8.475
202 1 1 31.178 9.348 30.082 8.476
203 1 1 31.210 9.348 30.114 8.476
204 1 1 31.231 9.369 30.135 8.497
205 1 1 31.253 9.391 30.157 8.519
206 1 1 31.296 9.369 30.200 8.497
207 1 1 31.350 9.391 30.254 8.519
208 1 1 31.361 9.370 30.265 8.498
209 1 1 31.393 9.391 30.297 8.519
210 1 1 31.458 9.391 30.362 8.519
211 1 1 31.468 9.391 30.372 8.519
212 1 1 31.512 9.392 30.416 8.520
213 1 1 31.565 9.392 30.469 8.520
214 1 1 31.576 9.392 30.480 8.520
215 1 1 31.609 9.392 30.513 8.520
216 1 1 31.673 9.392 30.577 8.520
217 1 1 31.684 9.392 30.588 8.520
218 1 1 31.749 9.392 30.653 8.520
219 1 1 31.770 9.392 30.674 8.520
220 1 1 31.824 9.392 30.728 8.521
221 1 1 31.867 9.393 30.771 8.521
222 1 1 31.910 9.393 30.814 8.521
223 1 1 31.921 9.393 30.825 8.521
224 1 1 31.953 9.393 30.858 8.521
225 1 1 32.018 9.393 30.922 8.521
226 1 1 32.029 9.414 30.933 8.543
227 1 1 32.082 9.436 30.987 8.564
228 1 1 32.104 9.436 31.008 8.564
229 1 1 32.126 9.436 31.030 8.564
230 1 1 32.158 9.458 31.062 8.586
231 1 1 32.212 9.479 31.116 8.608
232 1 1 32.222 9.479 31.127 8.608
233 1 1 32.233 9.501 31.137 8.629
234 1 1 32.255 9.522 31.159 8.651
235 1 1 32.298 9.522 31.202 8.651
236 1 1 32.308 9.523 31.213 8.651
237 1 1 32.308 9.544 31.213 8.672
238 1 1 32.341 9.566 31.245 8.694
239 1 1 32.373 9.566 31.277 8.694
240 1 1 32.427 9.566 31.331 8.694
241 1 1 32.437 9.587 31.342 8.715
242 1 1 32.470 9.609 31.374 8.737
243 1 1 32.513 9.609 31.417 8.737
244 1 1 32.556 9.609 31.460 8.737
245 1 1 32.588 9.609 31.492 8.737
246 1 1 32.610 9.631 31.514 8.759
247 1 1 32.631 9.652 31.535 8.780
248 1 1 32.685 9.631 31.589 8.759
249 1 1 32.728 9.652 31.632 8.781
250 1 1 32.739 9.652 31.643 8.781
251 1 1 32.771 9.653 31.675 8.781
252 1 1 32.814 9.653 31.719 8.781
253 1 1 32.836 9.653 31.740 8.781
254 1 1 32.857 9.674 31.762 8.802
255 1 1 32.900 9.674 31.805 8.803
256 1 1 32.943 9.674 31.848 8.803
257 1 1 32.965 9.674 31.869 8.803
258 1 1 32.986 9.675 31.891 8.803
259 1 1 33.030 9.675 31.934 8.803
260 1 1 33.062 9.675 31.966 8.803
261 1 1 33.105 9.696 32.009 8.825
262 1 1 33.126 9.675 32.031 8.803
263 1 1 33.159 9.718 32.063 8.846
264 1 1 33.202 9.718 32.106 8.846
265 1 1 33.245 9.718 32.149 8.847
266 1 1 33.255 9.740 32.160 8.868
267 1 1 33.255 9.718 32.160 8.847
268 1 1 33.288 9.740 32.192 8.868
269 1 1 33.320 9.740 32.224 8.868
270 1 1 33.342 9.740 32.246 8.868
271 1 1 33.342 9.740 32.246 8.868
272 1 1 33.374 9.740 32.278 8.868
273 1 1 33.417 9.740 32.321 8.868
274 1 1 33.438 9.762 32.343 8.890
275 1 1 33.460 9.783 32.364 8.911
276 1 1 33.503 9.762 32.407 8.890
277 1 1 33.546 9.783 32.450 8.912
278 1 1 33.568 9.762 32.472 8.890
279 1 1 33.589 9.762 32.494 8.890
280 1 1 33.632 9.784 32.537 8.912
281 1 1 33.664 9.762 32.569 8.891
282 1 1 33.686 9.784 32.590 8.912
283 1 1 33.707 9.762 32.612 8.891
284 1 1 33.772 9.784 32.677 8.912
285 1 1 33.794 9.763 32.698 8.891
286 1 1 33.847 9.784 32.752 8.913
287 1 1 33.890 9.763 32.795 8.891
288 1 1 33.933 9.784 32.838 8.913
289 1 1 33.976 9.763 32.881 8.892
290 1 1 33.998 9.785 32.903 8.913
291 1 1 34.020 9.763 32.924 8.892
292 1 1 34.063 9.763 32.967 8.892
293 1 1 34.095 9.763 33.000 8.892
294 1 1 34.116 9.763 33.021 8.892
295 1 1 34.138 9.742 33.043 8.871
296 1 1 34.203 9.721 33.107 8.849
297 1 1 34.224 9.742 33.129 8.871
298 1 1 34.278 9.721 33.183 8.850
299 1 1 34.321 9.743 33.226 8.871
300 1 1 34.364 9.721 33.269 8.850
301 1 1 34.375 9.743 33.279 8.871
302 1 1 34.407 9.743 33.312 8.871
303 1 1 34.450 9.743 33.355 8.872
304 1 1 34.493 9.743 33.398 8.872
305 1 1 34.514 9.743 33.419 8.872
306 1 1 34.536 9.743 33.441 8.872
307 1 1 34.579 9.743 33.484 8.872
308 1 1 34.611 9.765 33.516 8.894
309 1 1 34.654 9.765 33.559 8.894
310 1 1 34.697 9.786 33.602 8.915
311 1 1 34.751 9.765 33.656 8.894
312 1 1 34.794 9.787 33.699 8.916
313 1 1 34.837 9.765 33.742 8.894
314 1 1 34.869 9.765 33.774 8.894
315 1 1 34.891 9.765 33.796 8.894
316 1 1 34.912 9.766 33.817 8.894
317 1 1 34.977 9.766 33.882 8.895
318 1 1 34.998 9.744 33.903 8.873
319 1 1 35.074 9.723 33.979 8.852
320 1 1 35.095 9.723 34.000 8.852
321 1 1 35.138 9.723 34.043 8.852
322 1 1 35.181 9.723 34.086 8.852
323 1 1 35.192 9.723 34.097 8.852
324 1 1 35.224 9.724 34.129 8.853
325 1 1 35.267 9.702 34.172 8.831
326 1 1 35.299 9.681 34.205 8.810
327 1 1 35.321 9.681 34.226 8.810
328 1 1 35.342 9.660 34.248 8.789
329 1 1 35.385 9.638 34.291 8.767
330 1 1 35.181 9.734 34.387 8.811
331 1 1 35.170 9.756 34.377 8.832
332 1 1 35.299 9.724 34.247 8.853
333 1 1 35.332 9.724 34.280 8.853
334 1 1 35.364 9.724 34.312 8.853
335 1 1 35.396 9.724 34.344 8.853
336 1 1 35.428 9.724 34.376 8.853
337 1 1 35.461 9.703 34.409 8.832
338 1 1 35.493 9.681 34.441 8.811
339 1 1 35.525 9.703 34.473 8.832
340 1 1 35.579 9.682 34.527 8.811
341 1 1 35.611 9.703 34.559 8.832
342 1 1 35.665 9.682 34.613 8.811
343 1 1 35.697 9.703 34.645 8.833
344 1 1 35.729 9.682 34.678 8.811
345 1 1 35.761 9.704 34.710 8.833
346 1 1 35.815 9.704 34.763 8.833
347 1 1 35.847 9.704 34.796 8.833
348 1 1 35.880 9.704 34.828 8.833
349 1 1 35.912 9.704 34.860 8.833
350 1 1 35.944 9.704 34.892 8.833
351 1 1 35.976 9.704 34.925 8.834
352 1 1 36.009 9.704 34.957 8.834
353 1 1 36.041 9.704 34.989 8.834
354 1 1 36.073 9.683 35.021 8.812
355 1 1 36.105 9.704 35.054 8.834
356 1 1 36.116 9.587 35.172 8.802
357 1 1 36.159 9.630 35.118 8.770
0 2 1 25.922 10.129 24.791 9.276
1 2 1 25.955 10.150 24.770 9.265
2 2 1 25.987 10.140 24.802 9.254
3 2 1 26.019 10.150 24.835 9.265
4 2 1 26.052 10.140 24.867 9.254
5 2 1 26.085 10.129 24.900 9.244
6 2 1 26.096 10.118 24.911 9.233
7 2 1 26.128 10.108 24.943 9.222
8 2 1 26.171 10.097 24.987 9.212
9 2 1 26.193 10.086 25.009 9.201
10 2 1 26.226 10.076 25.041 9.190
11 2 1 26.085 10.054 25.029 9.373
12 2 1 26.106 10.097 24.997 9.330
13 2 1 26.150 10.097 25.040 9.330
14 2 1 26.117 10.086 25.008 9.319
15 2 1 26.215 10.097 25.105 9.330
16 2 1 26.258 10.097 25.148 9.331
17 2 1 26.301 10.097 25.192 9.331
18 2 1 26.323 10.097 25.213 9.331
19 2 1 26.366 10.097 25.257 9.331
20 2 1 26.388 10.098 25.278 9.331
21 2 1 26.431 10.098 25.322 9.331
22 2 1 26.453 10.098 25.343 9.331
23 2 1 26.496 10.098 25.387 9.331
24 2 1 26.518 10.098 25.408 9.331
25 2 1 26.539 10.098 25.430 9.331
26 2 1 26.583 10.098 25.473 9.331
27 2 1 26.604 10.098 25.495 9.331
28 2 1 26.626 10.098 25.516 9.332
29 2 1 26.669 10.098 25.560 9.332
30 2 1 26.691 10.098 25.581 9.332
31 2 1 26.713 10.098 25.603 9.332
32 2 1 26.756 10.098 25.646 9.332
33 2 1 26.777 10.120 25.668 9.353
34 2 1 26.821 10.099 25.711 9.332
35 2 1 26.864 10.120 25.754 9.354
36 2 1 26.886 10.099 25.776 9.332
37 2 1 26.929 10.120 25.819 9.354
38 2 1 26.951 10.099 25.841 9.332
39 2 1 26.994 10.121 25.884 9.354
40 2 1 27.016 10.099 25.906 9.333
41 2 1 27.059 10.121 25.949 9.354
42 2 1 27.081 10.099 25.971 9.333
43 2 1 27.124 10.121 26.014 9.354
44 2 1 27.145 10.099 26.036 9.333
45 2 1 27.189 10.121 26.079 9.355
46 2 1 27.210 10.100 26.101 9.333
47 2 1 27.253 10.121 26.144 9.355
48 2 1 27.275 10.100 26.166 9.333
49 2 1 27.297 10.100 26.188 9.333
50 2 1 27.340 10.100 26.231 9.334
51 2 1 27.362 10.100 26.252 9.334
52 2 1 27.383 10.100 26.274 9.334
53 2 1 27.427 10.100 26.317 9.334
54 2 1 27.448 10.100 26.339 9.334
55 2 1 27.492 10.100 26.382 9.334
56 2 1 27.535 10.100 26.426 9.334
57 2 1 27.556 10.101 26.447 9.334
58 2 1 27.600 10.101 26.491 9.334
59 2 1 27.643 10.101 26.534 9.334
60 2 1 27.665 10.101 26.555 9.335
61 2 1 27.708 10.101 26.599 9.335
62 2 1 27.729 10.101 26.620 9.335
63 2 1 27.773 10.101 26.664 9.335
64 2 1 27.794 10.101 26.685 9.335
65 2 1 27.838 10.101 26.729 9.335
66 2 1 27.859 10.101 26.750 9.335
67 2 1 27.881 10.101 26.772 9.335
68 2 1 27.924 10.101 26.815 9.335
69 2 1 27.946 10.102 26.837 9.335
70 2 1 27.989 10.102 26.880 9.335
71 2 1 28.011 10.102 26.902 9.336
72 2 1 28.032 10.102 26.923 9.336
73 2 1 28.075 10.102 26.966 9.336
74 2 1 28.097 10.102 26.988 9.336
75 2 1 28.140 10.102 27.031 9.336
76 2 1 28.184 10.102 27.075 9.336
77 2 1 28.205 10.102 27.096 9.336
78 2 1 28.248 10.102 27.139 9.336
79 2 1 28.292 10.102 27.183 9.336
80 2 1 28.313 10.081 27.205 9.315
81 2 1 28.335 10.060 27.226 9.293
82 2 1 28.378 10.081 27.269 9.315
83 2 1 28.400 10.060 27.291 9.294
84 2 1 28.443 10.081 27.334 9.315
85 2 1 28.465 10.060 27.356 9.294
86 2 1 28.508 10.081 27.399 9.315
87 2 1 28.551 10.060 27.443 9.294
88 2 1 28.595 10.060 27.486 9.294
89 2 1 28.616 10.060 27.507 9.294
90 2 1 28.659 10.060 27.551 9.294
91 2 1 28.681 10.060 27.572 9.294
92 2 1 28.724 10.061 27.615 9.295
93 2 1 28.746 10.039 27.637 9.273
94 2 1 28.789 10.018 27.681 9.252
95 2 1 28.832 10.039 27.724 9.273
96 2 1 28.854 10.018 27.745 9.252
97 2 1 28.897 10.039 27.789 9.274
98 2 1 28.941 10.018 27.832 9.252
99 2 1 28.962 10.040 27.853 9.274
100 2 1 28.984 10.018 27.875 9.252
101 2 1 29.027 10.040 27.918 9.274
102 2 1 29.070 10.018 27.962 9.253
103 2 1 29.092 10.040 27.983 9.274
104 2 1 29.135 10.019 28.026 9.253
105 2 1 29.156 10.040 28.048 9.274
106 2 1 29.200 10.019 28.091 9.253
107 2 1 29.221 10.040 28.113 9.275
108 2 1 29.265 10.019 28.156 9.253
109 2 1 29.308 10.041 28.199 9.275
110 2 1 29.329 10.019 28.221 9.253
111 2 1 29.372 10.041 28.264 9.275
112 2 1 29.394 10.041 28.286 9.275
113 2 1 29.437 10.041 28.329 9.275
114 2 1 29.459 10.041 28.350 9.275
115 2 1 29.502 10.041 28.394 9.275
116 2 1 29.545 10.041 28.437 9.275
117 2 1 29.567 10.041 28.458 9.276
118 2 1 29.610 10.041 28.502 9.276
119 2 1 29.632 10.041 28.523 9.276
120 2 1 29.653 10.041 28.545 9.276
121 2 1 29.696 10.042 28.588 9.276
122 2 1 29.718 10.042 28.610 9.276
123 2 1 29.761 10.042 28.653 9.276
124 2 1 29.783 10.042 28.674 9.276
125 2 1 29.826 10.042 28.718 9.276
126 2 1 29.848 10.042 28.739 9.276
127 2 1 29.891 10.042 28.782 9.276
128 2 1 29.934 10.042 28.826 9.277
129 2 1 29.977 10.042 28.869 9.277
130 2 1 29.999 10.042 28.890 9.277
131 2 1 30.042 10.042 28.934 9.277
132 2 1 30.063 10.042 28.955 9.277
133 2 1 30.107 10.043 28.998 9.277
134 2 1 30.128 10.043 29.020 9.277
135 2 1 30.171 10.043 29.063 9.277
136 2 1 30.193 10.043 29.085 9.277
137 2 1 30.236 10.043 29.128 9.277
138 2 1 30.258 10.043 29.150 9.277
139 2 1 30.301 10.043 29.193 9.278
140 2 1 30.322 10.043 29.214 9.278
141 2 1 30.366 10.043 29.258 9.278
142 2 1 30.387 10.043 29.279 9.278
143 2 1 30.430 10.022 29.322 9.257
144 2 1 30.452 10.043 29.344 9.278
145 2 1 30.474 10.022 29.366 9.257
146 2 1 30.517 10.022 29.409 9.257
147 2 1 30.538 10.022 29.430 9.257
148 2 1 30.582 10.022 29.474 9.257
149 2 1 30.603 10.022 29.495 9.257
150 2 1 30.646 10.023 29.538 9.257
151 2 1 30.668 10.023 29.560 9.257
152 2 1 30.689 10.023 29.581 9.257
153 2 1 30.733 10.023 29.625 9.257
154 2 1 30.754 10.023 29.646 9.257
155 2 1 30.797 10.001 29.690 9.236
156 2 1 30.819 9.980 29.711 9.215
157 2 1 30.841 10.002 29.733 9.236
158 2 1 30.884 9.980 29.776 9.215
159 2 1 30.905 9.980 29.798 9.215
160 2 1 30.927 9.980 29.819 9.215
161 2 1 30.970 9.980 29.862 9.215
162 2 1 30.992 9.959 29.884 9.194
163 2 1 31.035 9.938 29.927 9.172
164 2 1 31.056 9.959 29.949 9.194
165 2 1 31.100 9.938 29.992 9.173
166 2 1 31.121 9.938 30.014 9.173
167 2 1 31.164 9.938 30.057 9.173
168 2 1 31.208 9.938 30.100 9.173
169 2 1 31.251 9.917 30.143 9.152
170 2 1 31.294 9.895 30.186 9.130
171 2 1 31.315 9.917 30.208 9.152
172 2 1 31.359 9.896 30.251 9.130
173 2 1 31.380 9.896 30.273 9.130
174 2 1 31.402 9.896 30.294 9.131
175 2 1 31.445 9.896 30.337 9.131
176 2 1 31.466 9.896 30.359 9.131
177 2 1 31.510 9.896 30.402 9.131
178 2 1 31.531 9.896 30.424 9.131
179 2 1 31.574 9.875 30.467 9.110
180 2 1 31.618 9.853 30.510 9.088
181 2 1 31.661 9.875 30.553 9.110
182 2 1 31.682 9.853 30.575 9.088
183 2 1 31.725 9.854 30.618 9.089
184 2 1 31.747 9.854 30.640 9.089
185 2 1 31.790 9.854 30.683 9.089
186 2 1 31.812 9.854 30.704 9.089
187 2 1 31.855 9.854 30.747 9.089
188 2 1 31.876 9.832 30.769 9.068
189 2 1 31.920 9.811 30.812 9.046
190 2 1 31.941 9.811 30.834 9.046
191 2 1 31.984 9.811 30.877 9.046
192 2 1 32.006 9.811 30.898 9.047
193 2 1 32.049 9.811 30.942 9.047
194 2 1 32.070 9.812 30.963 9.047
195 2 1 32.092 9.790 30.985 9.025
196 2 1 32.135 9.769 31.028 9.004
197 2 1 32.157 9.790 31.049 9.026
198 2 1 32.200 9.769 31.093 9.004
199 2 1 32.221 9.790 31.114 9.026
200 2 1 32.264 9.769 31.157 9.004
201 2 1 32.286 9.791 31.179 9.026
202 2 1 32.308 9.769 31.200 9.005
203 2 1 32.329 9.791 31.222 9.026
204 2 1 32.372 9.769 31.265 9.005
205 2 1 32.394 9.791 31.287 9.026
206 2 1 32.437 9.770 31.330 9.005
207 2 1 32.458 9.791 31.351 9.026
208 2 1 32.501 9.791 31.394 9.027
209 2 1 32.545 9.791 31.437 9.027
210 2 1 32.588 9.791 31.481 9.027
211 2 1 32.631 9.792 31.524 9.027
212 2 1 32.652 9.792 31.545 9.027
213 2 1 32.674 9.792 31.567 9.027
214 2 1 32.717 9.792 31.610 9.027
215 2 1 32.738 9.813 31.631 9.049
216 2 1 32.781 9.835 31.674 9.070
217 2 1 32.824 9.835 31.717 9.070
218 2 1 32.868 9.835 31.761 9.071
219 2 1 32.889 9.835 31.782 9.071
220 2 1 32.932 9.835 31.825 9.071
221 2 1 32.954 9.857 31.847 9.092
222 2 1 32.975 9.878 31.868 9.114
223 2 1 32.997 9.857 31.890 9.092
224 2 1 33.040 9.879 31.933 9.114
225 2 1 33.061 9.879 31.954 9.114
226 2 1 33.104 9.879 31.997 9.114
227 2 1 33.126 9.879 32.019 9.114
228 2 1 33.169 9.879 32.062 9.114
229 2 1 33.212 9.900 32.105 9.136
230 2 1 33.233 9.922 32.127 9.157
231 2 1 33.277 9.901 32.170 9.136
232 2 1 33.298 9.901 32.191 9.136
233 2 1 33.341 9.922 32.234 9.158
234 2 1 33.363 9.901 32.256 9.136
235 2 1 33.384 9.922 32.277 9.158
236 2 1 33.406 9.922 32.299 9.158
237 2 1 33.449 9.922 32.342 9.158
238 2 1 33.470 9.923 32.363 9.158
239 2 1 33.492 9.923 32.385 9.158
240 2 1 33.513 9.944 32.406 9.180
241 2 1 33.535 9.966 32.428 9.201
242 2 1 33.578 9.966 32.471 9.201
243 2 1 33.599 9.966 32.493 9.201
244 2 1 33.621 9.966 32.514 9.201
245 2 1 33.664 9.966 32.557 9.202
246 2 1 33.685 9.966 32.579 9.202
247 2 1 33.728 9.988 32.622 9.223
248 2 1 33.771 10.009 32.665 9.245
249 2 1 33.793 10.009 32.686 9.245
250 2 1 33.836 10.009 32.729 9.245
251 2 1 33.857 10.031 32.751 9.266
252 2 1 33.900 10.052 32.794 9.288
253 2 1 33.922 10.052 32.815 9.288
254 2 1 33.965 10.053 32.858 9.288
255 2 1 33.986 10.074 32.880 9.310
256 2 1 34.029 10.096 32.923 9.331
257 2 1 34.051 10.096 32.944 9.331
258 2 1 34.073 10.096 32.966 9.331
259 2 1 34.116 10.096 33.009 9.331
260 2 1 34.137 10.096 33.031 9.332
261 2 1 34.180 10.096 33.074 9.332
262 2 1 34.202 10.118 33.095 9.353
263 2 1 34.245 10.139 33.138 9.375
264 2 1 34.288 10.118 33.181 9.353
265 2 1 34.309 10.139 33.203 9.375
266 2 1 34.352 10.118 33.246 9.354
267 2 1 34.374 10.139 33.267 9.375
268 2 1 34.417 10.140 33.310 9.375
269 2 1 34.438 10.140 33.332 9.375
270 2 1 34.481 10.140 33.375 9.375
271 2 1 34.503 10.140 33.396 9.375
272 2 1 34.546 10.118 33.439 9.354
273 2 1 34.567 10.140 33.461 9.376
274 2 1 34.610 10.119 33.504 9.354
275 2 1 34.632 10.140 33.525 9.376
276 2 1 34.675 10.119 33.569 9.355
277 2 1 34.718 10.140 33.612 9.376
278 2 1 34.740 10.119 33.633 9.355
279 2 1 34.783 10.140 33.676 9.376
280 2 1 34.804 10.119 33.698 9.355
281 2 1 34.847 10.141 33.741 9.376
282 2 1 34.869 10.141 33.762 9.376
283 2 1 34.912 10.141 33.805 9.377
284 2 1 34.955 10.141 33.848 9.377
285 2 1 34.976 10.141 33.870 9.377
286 2 1 35.019 10.141 33.913 9.377
287 2 1 35.041 10.141 33.934 9.377
288 2 1 35.084 10.163 33.977 9.399
289 2 1 35.127 10.184 34.020 9.420
290 2 1 35.148 10.163 34.042 9.399
291 2 1 35.191 10.184 34.085 9.420
292 2 1 35.213 10.206 34.106 9.442
293 2 1 35.256 10.227 34.149 9.463
294 2 1 35.277 10.228 34.171 9.463
295 2 1 35.299 10.228 34.192 9.463
296 2 1 35.342 10.228 34.235 9.464
297 2 1 35.363 10.228 34.257 9.464
298 2 1 35.406 10.228 34.300 9.464
299 2 1 35.428 10.249 34.321 9.485
300 2 1 35.471 10.271 34.364 9.507
301 2 1 35.395 10.239 34.386 9.400
302 2 1 35.438 10.196 34.343 9.432
303 2 1 35.471 10.196 34.375 9.432
304 2 1 35.503 10.196 34.407 9.432
305 2 1 35.535 10.196 34.440 9.432
306 2 1 35.567 10.196 34.472 9.432
307 2 1 35.621 10.196 34.526 9.432
308 2 1 35.632 10.196 34.537 9.432
309 2 1 35.686 10.196 34.590 9.432
310 2 1 35.696 10.196 34.601 9.432
311 2 1 35.750 10.197 34.655 9.433
312 2 1 35.761 10.175 34.666 9.411
313 2 1 35.815 10.154 34.719 9.390
314 2 1 35.825 10.154 34.730 9.390
315 2 1 35.879 10.154 34.784 9.390
316 2 1 35.890 10.154 34.795 9.390
317 2 1 35.944 10.154 34.848 9.390
318 2 1 35.976 10.154 34.881 9.390
319 2 1 36.008 10.154 34.913 9.390
320 2 1 36.040 10.154 34.945 9.391
321 2 1 36.073 10.154 34.977 9.391
322 2 1 36.105 10.155 35.010 9.391
323 2 1 36.159 10.155 35.063 9.391
324 2 1 36.191 10.155 35.096 9.391
325 2 1 36.223 10.155 35.128 9.391
326 2 1 36.255 10.155 35.160 9.391
327 2 1 36.287 10.155 35.192 9.391
328 2 1 36.320 10.155 35.225 9.391
329 2 1 36.373 10.177 35.278 9.413
330 2 1 36.438 10.284 35.547 9.392
331 2 1 36.524 10.209 35.439 9.446
332 2 1 36.567 10.231 35.482 9.467
333 2 1 36.588 10.231 35.504 9.467
334 2 1 36.631 10.231 35.547 9.467
335 2 1 36.674 10.231 35.590 9.467
336 2 1 36.696 10.253 35.611 9.489
337 2 1 36.717 10.274 35.633 9.510
338 2 1 36.760 10.253 35.676 9.489
339 2 1 36.803 10.274 35.719 9.511
340 2 1 36.846 10.253 35.762 9.489
341 2 1 36.867 10.274 35.783 9.511
342 2 1 36.889 10.253 35.805 9.489
343 2 1 36.953 10.275 35.869 9.511
344 2 1 36.975 10.253 35.891 9.490
345 2 1 37.039 10.275 35.955 9.511
346 2 1 37.061 10.253 35.977 9.490
347 2 1 37.104 10.275 36.020 9.511
348 2 1 37.125 10.254 36.041 9.490
349 2 1 37.147 10.254 36.063 9.490
350 2 1 37.190 10.254 36.106 9.490
351 2 1 37.232 10.254 36.148 9.490
352 2 1 37.071 10.307 36.202 9.523
353 2 1 37.179 10.286 36.105 9.522
354 2 1 37.211 10.286 36.138 9.522
355 2 1 37.243 10.286 36.170 9.523
356 2 1 37.275 10.286 36.202 9.523
357 2 1 37.308 10.286 36.234 9.523
0 3 1 25.591 11.054 24.491 10.308
1 3 1 25.623 11.075 24.469 10.297
2 3 1 25.644 11.086 24.491 10.308
3 3 1 25.688 11.076 24.534 10.297
4 3 1 25.710 11.086 24.556 10.308
5 3 1 25.731 11.054 24.578 10.276
6 3 1 25.753 11.043 24.599 10.265
7 3 1 25.797 11.011 24.643 10.233
8 3 1 25.851 11.000 24.697 10.222
9 3 1 25.884 10.990 24.730 10.212
10 3 1 25.927 10.979 24.773 10.201
11 3 1 26.013 11.076 24.859 10.298
12 3 1 25.992 11.001 24.838 10.223
13 3 1 26.035 10.990 24.882 10.212
14 3 1 26.046 10.947 24.893 10.169
15 3 1 26.122 10.990 24.968 10.212
16 3 1 26.165 11.001 25.012 10.223
17 3 1 26.197 11.023 25.044 10.245
18 3 1 26.230 11.023 25.076 10.245
19 3 1 26.273 11.012 25.120 10.234
20 3 1 26.317 11.023 25.163 10.245
21 3 1 26.338 11.034 25.185 10.256
22 3 1 26.381 11.045 25.228 10.267
23 3 1 26.403 11.056 25.250 10.278
24 3 1 26.425 11.088 25.271 10.310
25 3 1 26.468 11.099 25.314 10.321
26 3 1 26.511 11.131 25.357 10.353
27 3 1 26.554 11.142 25.401 10.364
28 3 1 26.597 11.153 25.444 10.375
29 3 1 26.641 11.164 25.487 10.386
30 3 1 26.662 11.175 25.509 10.397
31 3 1 26.706 11.164 25.552 10.386
32 3 1 26.749 11.153 25.595 10.375
33 3 1 26.792 11.143 25.639 10.365
34 3 1 26.836 11.153 25.682 10.376
35 3 1 26.879 11.121 25.726 10.343
36 3 1 26.922 11.132 25.769 10.354
37 3 1 26.966 11.121 25.812 10.344
38 3 1 26.987 11.132 25.834 10.354
39 3 1 27.031 11.122 25.877 10.344
40 3 1 27.052 11.132 25.899 10.355
41 3 1 27.096 11.122 25.942 10.344
42 3 1 27.117 11.111 25.964 10.333
43 3 1 27.139 11.079 25.986 10.301
44 3 1 27.183 11.068 26.029 10.290
45 3 1 27.226 11.036 26.073 10.258
46 3 1 27.269 11.025 26.116 10.247
47 3 1 27.291 11.014 26.138 10.237
48 3 1 27.334 11.025 26.181 10.248
49 3 1 27.378 11.015 26.225 10.237
50 3 1 27.421 11.004 26.268 10.226
51 3 1 27.464 10.993 26.311 10.216
52 3 1 27.508 11.004 26.355 10.227
53 3 1 27.529 10.993 26.376 10.216
54 3 1 27.573 11.004 26.420 10.227
55 3 1 27.616 11.015 26.463 10.238
56 3 1 27.637 11.026 26.484 10.248
57 3 1 27.681 11.015 26.528 10.238
58 3 1 27.702 11.026 26.549 10.249
59 3 1 27.746 11.015 26.593 10.238
60 3 1 27.767 11.026 26.614 10.249
61 3 1 27.810 11.059 26.657 10.281
62 3 1 27.832 11.091 26.679 10.313
63 3 1 27.875 11.102 26.722 10.324
64 3 1 27.918 11.113 26.765 10.335
65 3 1 27.961 11.102 26.809 10.325
66 3 1 27.983 11.113 26.830 10.335
67 3 1 28.026 11.102 26.873 10.325
68 3 1 28.048 11.091 26.895 10.314
69 3 1 28.091 11.081 26.939 10.303
70 3 1 28.135 11.070 26.982 10.293
71 3 1 28.178 11.059 27.025 10.282
72 3 1 28.200 11.049 27.047 10.271
73 3 1 28.243 11.038 27.090 10.261
74 3 1 28.265 11.049 27.112 10.271
75 3 1 28.308 11.038 27.155 10.261
76 3 1 28.330 11.049 27.177 10.272
77 3 1 28.351 11.038 27.199 10.261
78 3 1 28.373 11.028 27.220 10.250
79 3 1 28.395 11.017 27.242 10.240
80 3 1 28.438 11.006 27.285 10.229
81 3 1 28.460 10.974 27.307 10.197
82 3 1 28.503 10.963 27.350 10.186
83 3 1 28.546 10.953 27.394 10.175
84 3 1 28.568 10.942 27.415 10.165
85 3 1 28.590 10.931 27.437 10.154
86 3 1 28.633 10.921 27.480 10.143
87 3 1 28.676 10.910 27.524 10.133
88 3 1 28.720 10.921 27.567 10.144
89 3 1 28.741 10.910 27.589 10.133
90 3 1 28.784 10.921 27.632 10.144
91 3 1 28.806 10.932 27.653 10.155
92 3 1 28.849 10.943 27.697 10.165
93 3 1 28.871 10.932 27.718 10.155
94 3 1 28.892 10.943 27.740 10.166
95 3 1 28.936 10.954 27.783 10.176
96 3 1 28.957 10.964 27.805 10.187
97 3 1 28.979 10.975 27.826 10.198
99 3 1 28.968 10.964 27.815 10.187
100 3 1 28.989 10.975 27.837 10.198
101 3 1 28.989 10.986 27.837 10.209
102 3 1 29.011 10.997 27.859 10.220
103 3 1 29.054 11.008 27.902 10.230
104 3 1 29.076 11.018 27.923 10.241
105 3 1 29.076 11.029 27.923 10.252
106 3 1 29.076 11.040 27.923 10.263
107 3 1 29.097 11.051 27.945 10.274
108 3 1 29.140 11.062 27.988 10.284
109 3 1 29.140 11.094 27.988 10.317
110 3 1 29.162 11.105 28.009 10.327
111 3 1 29.162 11.137 28.009 10.360
112 3 1 29.183 11.148 28.031 10.371
113 3 1 29.205 11.159 28.052 10.381
114 3 1 29.205 11.169 28.052 10.392
115 3 1 29.226 11.180 28.074 10.403
116 3 1 29.248 11.169 28.095 10.392
117 3 1 29.248 11.180 28.095 10.403
118 3 1 29.248 11.169 28.095 10.392
119 3 1 29.269 11.180 28.117 10.403
120 3 1 29.291 11.170 28.139 10.392
121 3 1 29.269 11.180 28.117 10.403
122 3 1 29.291 11.170 28.139 10.392
123 3 1 29.291 11.180 28.139 10.403
124 3 1 29.291 11.170 28.139 10.392
125 3 1 29.291 11.180 28.139 10.403
126 3 1 29.291 11.170 28.139 10.392
127 3 1 29.313 11.180 28.160 10.403
128 3 1 29.334 11.191 28.182 10.414
129 3 1 29.313 11.202 28.160 10.425
130 3 1 29.334 11.191 28.182 10.414
131 3 1 29.313 11.202 28.160 10.425
132 3 1 29.334 11.191 28.182 10.414
133 3 1 29.313 11.202 28.160 10.425
134 3 1 29.334 11.191 28.182 10.414
135 3 1 29.334 11.202 28.182 10.425
136 3 1 29.334 11.191 28.182 10.414
137 3 1 29.334 11.202 28.182 10.425
138 3 1 29.334 11.191 28.182 10.414
139 3 1 29.334 11.202 28.182 10.425
140 3 1 29.334 11.191 28.182 10.414
141 3 1 29.334 11.202 28.182 10.425
142 3 1 29.334 11.191 28.182 10.414
143 3 1 29.334 11.202 28.182 10.425
144 3 1 29.334 11.191 28.182 10.414
145 3 1 29.334 11.202 28.182 10.425
146 3 1 29.356 11.191 28.203 10.414
147 3 1 29.377 11.202 28.225 10.425
148 3 1 29.356 11.191 28.203 10.414
149 3 1 29.377 11.202 28.225 10.425
150 3 1 29.356 11.191 28.203 10.414
151 3 1 29.377 11.202 28.225 10.425
152 3 1 29.356 11.191 28.203 10.414
153 3 1 29.377 11.180 28.225 10.403
154 3 1 29.356 11.170 28.204 10.392
155 3 1 29.377 11.180 28.225 10.403
156 3 1 29.356 11.170 28.204 10.392
157 3 1 29.377 11.180 28.225 10.403
158 3 1 29.356 11.170 28.204 10.392
159 3 1 29.377 11.180 28.225 10.403
160 3 1 29.356 11.170 28.204 10.392
161 3 1 29.377 11.180 28.225 10.403
162 3 1 29.356 11.170 28.204 10.392
163 3 1 29.377 11.180 28.225 10.403
164 3 1 29.356 11.170 28.204 10.392
165 3 1 29.377 11.180 28.225 10.403
166 3 1 29.356 11.170 28.204 10.392
167 3 1 29.377 11.180 28.225 10.403
168 3 1 29.356 11.170 28.204 10.392
169 3 1 29.377 11.180 28.225 10.403
170 3 1 29.356 11.170 28.204 10.392
171 3 1 29.377 11.180 28.225 10.403
172 3 1 29.356 11.191 28.203 10.414
173 3 1 29.377 11.202 28.225 10.425
174 3 1 29.356 11.191 28.203 10.414
175 3 1 29.377 11.202 28.225 10.425
176 3 1 29.356 11.213 28.203 10.436
177 3 1 29.377 11.223 28.225 10.446
178 3 1 29.377 11.234 28.225 10.457
179 3 1 29.377 11.245 28.225 10.468
180 3 1 29.377 11.256 28.225 10.479
181 3 1 29.377 11.288 28.224 10.511
182 3 1 29.377 11.277 28.225 10.500
183 3 1 29.377 11.288 28.224 10.511
184 3 1 29.377 11.299 28.224 10.522
185 3 1 29.377 11.331 28.224 10.554
186 3 1 29.398 11.342 28.246 10.565
187 3 1 29.420 11.353 28.267 10.575
188 3 1 29.398 11.363 28.246 10.586
189 3 1 29.420 11.374 28.267 10.597
190 3 1 29.398 11.363 28.246 10.586
191 3 1 29.420 11.374 28.267 10.597
192 3 1 29.420 11.363 28.267 10.586
193 3 1 29.420 11.374 28.267 10.597
194 3 1 29.420 11.363 28.267 10.586
195 3 1 29.420 11.374 28.267 10.597
196 3 1 29.441 11.385 28.289 10.608
197 3 1 29.463 11.396 28.310 10.619
198 3 1 29.463 11.385 28.310 10.608
199 3 1 29.463 11.396 28.310 10.619
200 3 1 29.485 11.385 28.332 10.608
201 3 1 29.506 11.396 28.354 10.619
202 3 1 29.506 11.385 28.354 10.608
203 3 1 29.506 11.396 28.354 10.619
204 3 1 29.528 11.407 28.375 10.630
205 3 1 29.571 11.418 28.418 10.640
206 3 1 29.592 11.407 28.440 10.630
207 3 1 29.593 11.396 28.440 10.619
208 3 1 29.614 11.385 28.462 10.608
209 3 1 29.657 11.396 28.505 10.619
210 3 1 29.679 11.386 28.527 10.608
211 3 1 29.701 11.396 28.548 10.619
212 3 1 29.744 11.386 28.591 10.609
213 3 1 29.765 11.396 28.613 10.619
214 3 1 29.787 11.386 28.635 10.609
215 3 1 29.852 11.397 28.700 10.620
216 3 1 29.874 11.386 28.721 10.609
217 3 1 29.938 11.375 28.786 10.598
218 3 1 29.960 11.365 28.808 10.588
219 3 1 30.025 11.375 28.873 10.598
220 3 1 30.046 11.365 28.894 10.588
221 3 1 30.090 11.354 28.938 10.577
222 3 1 30.133 11.343 28.981 10.566
223 3 1 30.176 11.354 29.024 10.577
224 3 1 30.198 11.344 29.046 10.567
225 3 1 30.219 11.333 29.067 10.556
226 3 1 30.263 11.322 29.111 10.545
227 3 1 30.306 11.333 29.154 10.556
228 3 1 30.349 11.322 29.197 10.545
229 3 1 30.371 11.312 29.219 10.535
230 3 1 30.392 11.301 29.240 10.524
231 3 1 30.436 11.290 29.284 10.513
232 3 1 30.479 11.280 29.327 10.503
233 3 1 30.522 11.290 29.370 10.514
234 3 1 30.565 11.280 29.413 10.503
235 3 1 30.608 11.269 29.457 10.492
236 3 1 30.652 11.258 29.500 10.482
237 3 1 30.695 11.269 29.543 10.493
238 3 1 30.738 11.280 29.586 10.503
239 3 1 30.781 11.291 29.629 10.514
240 3 1 30.824 11.302 29.672 10.525
241 3 1 30.867 11.334 29.715 10.557
242 3 1 30.889 11.302 29.737 10.525
243 3 1 30.911 11.291 29.759 10.515
244 3 1 30.976 11.281 29.824 10.504
245 3 1 30.997 11.291 29.845 10.515
246 3 1 31.040 11.281 29.889 10.504
247 3 1 31.083 11.292 29.932 10.515
248 3 1 31.127 11.281 29.975 10.504
249 3 1 31.170 11.292 30.018 10.515
250 3 1 31.213 11.281 30.061 10.505
251 3 1 31.256 11.292 30.104 10.515
252 3 1 31.299 11.281 30.148 10.505
253 3 1 31.342 11.292 30.191 10.516
254 3 1 31.386 11.282 30.234 10.505
255 3 1 31.429 11.271 30.277 10.494
256 3 1 31.472 11.260 30.320 10.484
257 3 1 31.515 11.250 30.364 10.473
258 3 1 31.559 11.217 30.407 10.441
259 3 1 31.580 11.228 30.429 10.452
260 3 1 31.602 11.217 30.450 10.441
261 3 1 31.666 11.228 30.515 10.452
262 3 1 31.688 11.218 30.537 10.441
263 3 1 31.753 11.229 30.601 10.452
264 3 1 31.774 11.218 30.623 10.441
265 3 1 31.839 11.207 30.688 10.431
266 3 1 31.861 11.197 30.709 10.420
267 3 1 31.925 11.207 30.774 10.431
268 3 1 31.947 11.197 30.796 10.420
269 3 1 32.012 11.208 30.860 10.431
270 3 1 32.033 11.197 30.882 10.421
271 3 1 32.098 11.208 30.947 10.431
272 3 1 32.141 11.197 30.990 10.421
273 3 1 32.163 11.208 31.011 10.432
274 3 1 32.227 11.219 31.076 10.443
275 3 1 32.227 11.230 31.076 10.453
276 3 1 32.270 11.219 31.119 10.443
277 3 1 32.314 11.208 31.162 10.432
278 3 1 32.357 11.198 31.206 10.421
279 3 1 32.400 11.208 31.249 10.432
280 3 1 32.443 11.198 31.292 10.422
281 3 1 32.486 11.209 31.335 10.432
282 3 1 32.529 11.198 31.378 10.422
283 3 1 32.572 11.209 31.421 10.433
284 3 1 32.615 11.198 31.464 10.422
285 3 1 32.680 11.209 31.529 10.433
286 3 1 32.745 11.177 31.594 10.401
287 3 1 32.788 11.166 31.637 10.390
288 3 1 32.831 11.156 31.680 10.380
289 3 1 32.874 11.145 31.723 10.369
290 3 1 32.917 11.134 31.767 10.358
291 3 1 32.961 11.124 31.810 10.348
292 3 1 32.982 11.113 31.831 10.337
293 3 1 33.047 11.124 31.896 10.348
294 3 1 33.068 11.135 31.918 10.359
295 3 1 33.133 11.124 31.982 10.348
296 3 1 33.305 11.243 32.262 10.499
297 3 1 33.337 11.253 32.208 10.488
298 3 1 33.381 11.254 32.251 10.488
299 3 1 33.424 11.254 32.294 10.488
300 3 1 33.467 11.254 32.338 10.489
301 3 1 33.510 11.254 32.381 10.489
302 3 1 33.553 11.254 32.424 10.489
303 3 1 33.596 11.254 32.467 10.489
304 3 1 33.639 11.254 32.510 10.489
305 3 1 33.682 11.254 32.553 10.489
306 3 1 33.725 11.254 32.596 10.489
307 3 1 33.768 11.276 32.639 10.511
308 3 1 33.811 11.297 32.682 10.532
309 3 1 33.854 11.297 32.725 10.532
310 3 1 33.897 11.298 32.768 10.533
311 3 1 33.941 11.298 32.812 10.533
312 3 1 33.984 11.298 32.855 10.533
313 3 1 34.027 11.298 32.898 10.533
314 3 1 34.070 11.298 32.941 10.533
315 3 1 34.113 11.298 32.984 10.533
316 3 1 34.156 11.298 33.027 10.533
317 3 1 34.221 11.298 33.092 10.533
318 3 1 34.242 11.298 33.113 10.533
319 3 1 34.307 11.277 33.178 10.512
320 3 1 34.350 11.277 33.221 10.512
321 3 1 34.393 11.277 33.264 10.512
322 3 1 34.457 11.277 33.329 10.512
323 3 1 34.522 11.277 33.393 10.513
324 3 1 34.544 11.277 33.415 10.513
325 3 1 34.608 11.278 33.479 10.513
326 3 1 34.630 11.256 33.501 10.491
327 3 1 34.694 11.235 33.566 10.470
328 3 1 34.716 11.235 33.587 10.470
329 3 1 34.759 11.235 33.630 10.470
330 3 1 34.802 11.214 33.673 10.449
331 3 1 34.845 11.192 33.717 10.427
332 3 1 34.888 11.214 33.760 10.449
333 3 1 34.953 11.192 33.824 10.428
334 3 1 34.974 11.214 33.846 10.449
335 3 1 35.039 11.193 33.910 10.428
336 3 1 35.060 11.214 33.932 10.449
337 3 1 35.125 11.193 33.996 10.428
338 3 1 35.146 11.193 34.018 10.428
339 3 1 35.211 11.193 34.083 10.428
340 3 1 35.232 11.193 34.104 10.428
341 3 1 35.297 11.193 34.169 10.429
342 3 1 35.340 11.215 34.212 10.450
343 3 1 35.383 11.215 34.255 10.450
344 3 1 35.426 11.236 34.298 10.472
345 3 1 35.469 11.258 34.341 10.493
346 3 1 35.512 11.237 34.384 10.472
347 3 1 35.555 11.258 34.427 10.494
348 3 1 35.598 11.258 34.470 10.494
349 3 1 35.641 11.258 34.513 10.494
350 3 1 35.684 11.258 34.556 10.494
351 3 1 35.727 11.259 34.599 10.494
352 3 1 35.770 11.259 34.642 10.494
353 3 1 35.835 11.237 34.707 10.473
354 3 1 35.899 11.259 34.771 10.494
355 3 1 35.921 11.237 34.793 10.473
356 3 1 35.985 11.238 34.857 10.473
357 3 1 36.028 11.238 34.900 10.473
0 4 1 25.127 12.153 23.896 11.427
1 4 1 25.159 12.174 23.874 11.417
2 4 1 25.214 12.164 23.928 11.406
3 4 1 25.246 12.174 23.961 11.417
4 4 1 25.290 12.164 24.004 11.406
5 4 1 25.333 12.175 24.048 11.417
6 4 1 25.376 12.164 24.091 11.406
7 4 1 25.398 12.153 24.113 11.396
8 4 1 25.442 12.142 24.157 11.385
9 4 1 25.485 12.153 24.200 11.396
10 4 1 25.528 12.164 24.243 11.407
11 4 1 25.463 12.175 24.178 11.417
12 4 1 25.593 12.186 24.308 11.428
13 4 1 25.636 12.197 24.351 11.439
14 4 1 25.712 12.197 24.427 11.439
15 4 1 25.723 12.197 24.438 11.439
16 4 1 25.767 12.186 24.482 11.429
17 4 1 25.799 12.197 24.514 11.440
18 4 1 25.853 12.186 24.568 11.429
19 4 1 25.897 12.197 24.612 11.440
20 4 1 25.940 12.208 24.655 11.451
21 4 1 25.983 12.219 24.698 11.461
22 4 1 26.027 12.208 24.742 11.451
23 4 1 26.092 12.219 24.807 11.462
24 4 1 26.135 12.208 24.850 11.451
25 4 1 26.178 12.219 24.894 11.462
26 4 1 26.200 12.208 24.915 11.451
27 4 1 26.243 12.219 24.959 11.462
28 4 1 26.265 12.209 24.980 11.451
29 4 1 26.308 12.219 25.024 11.462
30 4 1 26.352 12.209 25.067 11.451
31 4 1 26.395 12.198 25.111 11.441
32 4 1 26.439 12.187 25.154 11.430
33 4 1 26.482 12.198 25.197 11.441
34 4 1 26.525 12.187 25.241 11.430
35 4 1 26.569 12.198 25.284 11.441
36 4 1 26.612 12.188 25.328 11.430
37 4 1 26.655 12.198 25.371 11.441
38 4 1 26.699 12.188 25.414 11.431
39 4 1 26.764 12.177 25.479 11.420
40 4 1 26.807 12.166 25.523 11.409
41 4 1 26.851 12.177 25.566 11.420
42 4 1 26.872 12.166 25.588 11.409
43 4 1 26.916 12.177 25.631 11.420
44 4 1 26.959 12.167 25.675 11.410
45 4 1 26.981 12.177 25.696 11.420
46 4 1 27.024 12.188 25.740 11.431
47 4 1 27.067 12.199 25.783 11.442
48 4 1 27.089 12.188 25.805 11.431
49 4 1 27.132 12.199 25.848 11.442
50 4 1 27.175 12.210 25.891 11.453
51 4 1 27.219 12.221 25.934 11.464
52 4 1 27.262 12.210 25.978 11.453
53 4 1 27.305 12.221 26.021 11.464
54 4 1 27.349 12.210 26.064 11.453
55 4 1 27.392 12.221 26.108 11.464
56 4 1 27.413 12.232 26.129 11.475
57 4 1 27.457 12.243 26.173 11.486
58 4 1 27.500 12.232 26.216 11.475
59 4 1 27.543 12.243 26.259 11.486
60 4 1 27.565 12.254 26.281 11.497
61 4 1 27.608 12.265 26.324 11.508
62 4 1 27.652 12.254 26.368 11.497
63 4 1 27.673 12.265 26.389 11.508
64 4 1 27.717 12.254 26.433 11.497
65 4 1 27.738 12.265 26.454 11.508
66 4 1 27.781 12.276 26.497 11.519
67 4 1 27.825 12.287 26.541 11.530
68 4 1 27.868 12.276 26.584 11.519
69 4 1 27.911 12.287 26.627 11.530
70 4 1 27.954 12.298 26.671 11.541
71 4 1 27.976 12.309 26.692 11.552
72 4 1 28.019 12.298 26.736 11.541
73 4 1 28.062 12.330 26.779 11.573
74 4 1 28.106 12.320 26.822 11.563
75 4 1 28.149 12.330 26.865 11.574
76 4 1 28.192 12.341 26.909 11.584
77 4 1 28.236 12.352 26.952 11.595
78 4 1 28.279 12.363 26.995 11.606
79 4 1 28.300 12.395 27.017 11.639
80 4 1 28.344 12.385 27.060 11.628
81 4 1 28.387 12.417 27.103 11.660
82 4 1 28.408 12.428 27.125 11.671
83 4 1 28.452 12.439 27.168 11.682
84 4 1 28.473 12.450 27.189 11.693
85 4 1 28.516 12.460 27.233 11.704
86 4 1 28.560 12.471 27.276 11.715
87 4 1 28.603 12.482 27.319 11.725
88 4 1 28.646 12.493 27.362 11.736
89 4 1 28.668 12.504 27.384 11.747
90 4 1 28.711 12.515 27.427 11.758
91 4 1 28.754 12.547 27.470 11.790
92 4 1 28.797 12.558 27.514 11.801
93 4 1 28.840 12.569 27.557 11.812
94 4 1 28.884 12.580 27.600 11.823
95 4 1 28.927 12.612 27.643 11.855
96 4 1 28.970 12.623 27.686 11.866
97 4 1 29.013 12.634 27.730 11.877
98 4 1 29.056 12.623 27.773 11.866
99 4 1 29.078 12.634 27.795 11.877
100 4 1 29.121 12.645 27.838 11.888
101 4 1 29.164 12.655 27.881 11.899
102 4 1 29.208 12.666 27.924 11.910
103 4 1 29.251 12.677 27.967 11.921
104 4 1 29.294 12.666 28.011 11.910
105 4 1 29.337 12.677 28.054 11.921
106 4 1 29.381 12.688 28.097 11.932
107 4 1 29.424 12.699 28.141 11.942
108 4 1 29.467 12.688 28.184 11.932
109 4 1 29.510 12.699 28.227 11.943
110 4 1 29.554 12.710 28.270 11.953
111 4 1 29.597 12.721 28.314 11.964
112 4 1 29.640 12.732 28.357 11.975
113 4 1 29.705 12.743 28.422 11.986
114 4 1 29.748 12.753 28.465 11.997
115 4 1 29.791 12.764 28.508 12.008
116 4 1 29.835 12.753 28.551 11.997
117 4 1 29.878 12.764 28.595 12.008
118 4 1 29.921 12.775 28.638 12.019
119 4 1 29.964 12.786 28.681 12.030
120 4 1 30.007 12.775 28.724 12.019
121 4 1 30.051 12.786 28.768 12.030
122 4 1 30.094 12.775 28.811 12.019
123 4 1 30.137 12.786 28.854 12.030
124 4 1 30.180 12.797 28.897 12.041
125 4 1 30.224 12.808 28.940 12.052
126 4 1 30.288 12.797 29.005 12.041
127 4 1 30.332 12.830 29.049 12.073
128 4 1 30.375 12.819 29.092 12.063
129 4 1 30.418 12.830 29.135 12.074
130 4 1 30.483 12.841 29.200 12.084
131 4 1 30.526 12.852 29.243 12.095
132 4 1 30.569 12.841 29.286 12.085
133 4 1 30.612 12.852 29.330 12.095
134 4 1 30.656 12.841 29.373 12.085
135 4 1 30.699 12.852 29.416 12.096
136 4 1 30.742 12.841 29.459 12.085
137 4 1 30.785 12.852 29.503 12.096
138 4 1 30.850 12.841 29.568 12.085
139 4 1 30.893 12.852 29.611 12.096
140 4 1 30.937 12.841 29.654 12.085
141 4 1 30.980 12.852 29.697 12.096
142 4 1 31.045 12.842 29.762 12.085
143 4 1 31.088 12.852 29.805 12.096
144 4 1 31.131 12.842 29.849 12.086
145 4 1 31.196 12.853 29.913 12.096
146 4 1 31.239 12.863 29.957 12.107
147 4 1 31.304 12.874 30.021 12.118
148 4 1 31.347 12.864 30.065 12.108
149 4 1 31.390 12.874 30.108 12.118
150 4 1 31.433 12.864 30.151 12.108
151 4 1 31.477 12.875 30.194 12.119
152 4 1 31.520 12.885 30.237 12.129
153 4 1 31.563 12.875 30.281 12.119
154 4 1 31.606 12.885 30.324 12.130
155 4 1 31.671 12.896 30.389 12.140
156 4 1 31.714 12.886 30.432 12.130
157 4 1 31.757 12.875 30.475 12.119
158 4 1 31.801 12.886 30.518 12.130
159 4 1 31.844 12.897 30.561 12.141
160 4 1 31.887 12.886 30.605 12.130
161 4 1 31.930 12.897 30.648 12.141
162 4 1 31.995 12.886 30.713 12.130
163 4 1 32.038 12.897 30.756 12.141
164 4 1 32.103 12.886 30.821 12.130
165 4 1 32.146 12.897 30.864 12.141
166 4 1 32.189 12.886 30.907 12.131
167 4 1 32.232 12.876 30.950 12.120
168 4 1 32.276 12.865 30.994 12.109
169 4 1 32.319 12.854 31.037 12.098
170 4 1 32.362 12.844 31.080 12.088
171 4 1 32.405 12.854 31.123 12.099
172 4 1 32.448 12.844 31.167 12.088
173 4 1 32.492 12.833 31.210 12.077
174 4 1 32.535 12.822 31.253 12.067
175 4 1 32.578 12.812 31.296 12.056
176 4 1 32.643 12.801 31.361 12.045
177 4 1 32.686 12.790 31.404 12.035
178 4 1 32.729 12.780 31.448 12.024
179 4 1 32.772 12.790 31.491 12.035
180 4 1 32.837 12.780 31.555 12.024
181 4 1 32.880 12.769 31.599 12.013
182 4 1 32.923 12.758 31.642 12.003
183 4 1 32.967 12.748 31.685 11.992
184 4 1 33.010 12.737 31.728 11.981
185 4 1 33.053 12.726 31.772 11.971
186 4 1 33.075 12.715 31.793 11.960
187 4 1 33.118 12.705 31.836 11.949
188 4 1 33.182 12.694 31.901 11.939
189 4 1 33.226 12.705 31.944 11.949
190 4 1 33.269 12.694 31.987 11.939
191 4 1 33.312 12.684 32.031 11.928
192 4 1 33.355 12.673 32.074 11.917
193 4 1 33.420 12.684 32.139 11.928
194 4 1 33.463 12.673 32.182 11.918
195 4 1 33.506 12.662 32.225 11.907
196 4 1 33.549 12.652 32.268 11.896
197 4 1 33.592 12.641 32.311 11.886
198 4 1 33.636 12.630 32.354 11.875
199 4 1 33.700 12.620 32.419 11.864
200 4 1 33.743 12.609 32.462 11.854
201 4 1 33.765 12.598 32.484 11.843
202 4 1 33.808 12.588 32.527 11.832
203 4 1 33.851 12.577 32.570 11.822
204 4 1 33.894 12.566 32.614 11.811
205 4 1 33.938 12.555 32.657 11.800
206 4 1 33.981 12.545 32.700 11.790
207 4 1 34.024 12.556 32.743 11.800
208 4 1 34.089 12.523 32.808 11.768
209 4 1 34.132 12.534 32.851 11.779
210 4 1 34.175 12.524 32.894 11.768
211 4 1 34.218 12.513 32.937 11.758
212 4 1 34.261 12.502 32.980 11.747
213 4 1 34.304 12.492 33.023 11.736
214 4 1 34.347 12.481 33.067 11.726
215 4 1 34.390 12.492 33.110 11.737
216 4 1 34.433 12.481 33.153 11.726
217 4 1 34.476 12.492 33.196 11.737
218 4 1 34.520 12.481 33.239 11.726
219 4 1 34.563 12.470 33.282 11.715
220 4 1 34.584 12.460 33.304 11.705
221 4 1 34.627 12.449 33.347 11.694
222 4 1 34.670 12.438 33.390 11.683
223 4 1 34.735 12.428 33.455 11.673
224 4 1 34.778 12.417 33.498 11.662
225 4 1 34.821 12.428 33.541 11.673
226 4 1 34.864 12.417 33.584 11.662
227 4 1 34.907 12.406 33.627 11.652
228 4 1 34.951 12.396 33.670 11.641
229 4 1 34.994 12.407 33.713 11.652
230 4 1 35.058 12.396 33.778 11.641
231 4 1 35.101 12.407 33.821 11.652
232 4 1 35.144 12.396 33.864 11.641
233 4 1 35.209 12.407 33.929 11.652
234 4 1 35.252 12.396 33.972 11.642
235 4 1 35.295 12.407 34.015 11.652
236 4 1 35.338 12.396 34.058 11.642
237 4 1 35.381 12.407 34.101 11.653
238 4 1 35.424 12.397 34.144 11.642
239 4 1 35.467 12.386 34.187 11.631
240 4 1 35.510 12.375 34.231 11.621
241 4 1 35.553 12.386 34.274 11.631
242 4 1 35.597 12.354 34.317 11.599
243 4 1 35.640 12.365 34.360 11.610
244 4 1 35.683 12.354 34.403 11.599
245 4 1 35.726 12.343 34.446 11.589
246 4 1 35.769 12.333 34.489 11.578
247 4 1 35.812 12.322 34.532 11.567
248 4 1 35.855 12.311 34.575 11.557
249 4 1 35.898 12.322 34.618 11.568
250 4 1 35.941 12.311 34.661 11.557
251 4 1 35.984 12.301 34.705 11.546
252 4 1 36.027 12.290 34.748 11.536
253 4 1 36.070 12.301 34.791 11.547
254 4 1 36.092 12.290 34.812 11.536
255 4 1 36.135 12.301 34.855 11.547
256 4 1 36.178 12.290 34.898 11.536
257 4 1 36.221 12.280 34.941 11.525
258 4 1 36.242 12.269 34.963 11.515
259 4 1 36.285 12.280 35.006 11.525
260 4 1 36.328 12.269 35.049 11.515
261 4 1 36.371 12.259 35.092 11.504
262 4 1 36.414 12.248 35.135 11.493
263 4 1 36.479 12.259 35.200 11.504
264 4 1 36.522 12.248 35.243 11.494
265 4 1 36.565 12.259 35.286 11.505
266 4 1 36.608 12.248 35.329 11.494
267 4 1 36.651 12.259 35.372 11.505
268 4 1 36.694 12.270 35.415 11.516
269 4 1 36.737 12.281 35.458 11.526
270 4 1 36.780 12.291 35.501 11.537
271 4 1 36.802 12.302 35.522 11.548
272 4 1 36.845 12.292 35.565 11.537
273 4 1 36.888 12.302 35.608 11.548
274 4 1 36.931 12.292 35.652 11.537
275 4 1 36.974 12.303 35.695 11.548
276 4 1 37.017 12.292 35.738 11.538
277 4 1 37.060 12.303 35.781 11.548
278 4 1 37.103 12.292 35.824 11.538
279 4 1 37.167 12.303 35.888 11.549
280 4 1 37.210 12.292 35.931 11.538
281 4 1 37.253 12.303 35.974 11.549
282 4 1 37.318 12.292 36.039 11.538
283 4 1 37.361 12.303 36.082 11.549
284 4 1 37.404 12.314 36.125 11.560
285 4 1 37.447 12.303 36.168 11.549
286 4 1 37.490 12.293 36.211 11.539
287 4 1 37.511 12.303 36.232 11.549
288 4 1 37.554 12.293 36.275 11.539
289 4 1 37.576 12.304 36.297 11.550
290 4 1 37.619 12.293 36.340 11.539
291 4 1 37.661 12.304 36.383 11.550
292 4 1 37.704 12.293 36.426 11.539
293 4 1 37.747 12.304 36.469 11.550
294 4 1 37.790 12.293 36.512 11.539
295 4 1 37.833 12.326 36.555 11.572
296 4 1 37.898 12.315 36.619 11.561
297 4 1 37.941 12.326 36.662 11.572
298 4 1 37.984 12.336 36.705 11.583
299 4 1 38.027 12.347 36.748 11.593
300 4 1 38.070 12.358 36.791 11.604
301 4 1 38.113 12.369 36.834 11.615
302 4 1 38.156 12.380 36.877 11.626
303 4 1 38.177 12.391 36.899 11.637
304 4 1 38.220 12.401 36.942 11.647
305 4 1 38.263 12.412 36.985 11.658
306 4 1 38.306 12.401 37.028 11.648
307 4 1 38.349 12.412 37.071 11.658
308 4 1 38.392 12.402 37.114 11.648
309 4 1 38.435 12.412 37.157 11.659
310 4 1 38.478 12.402 37.200 11.648
311 4 1 38.521 12.413 37.243 11.659
312 4 1 38.564 12.402 37.286 11.648
313 4 1 38.607 12.413 37.329 11.659
314 4 1 38.650 12.402 37.372 11.648
315 4 1 38.693 12.413 37.415 11.659
316 4 1 38.757 12.402 37.479 11.649
317 4 1 38.800 12.392 37.522 11.638
318 4 1 38.843 12.381 37.565 11.627
319 4 1 38.886 12.392 37.608 11.638
320 4 1 38.929 12.381 37.651 11.627
321 4 1 38.972 12.392 37.694 11.638
322 4 1 39.015 12.381 37.737 11.628
323 4 1 39.036 12.392 37.758 11.638
324 4 1 39.079 12.381 37.801 11.628
325 4 1 39.122 12.392 37.844 11.638
326 4 1 39.144 12.381 37.866 11.628
327 4 1 39.187 12.392 37.909 11.639
328 4 1 39.230 12.403 37.952 11.649
329 4 1 39.294 12.414 38.016 11.660
330 4 1 39.337 12.403 38.059 11.650
331 4 1 39.401 12.414 38.123 11.661
332 4 1 39.444 12.425 38.166 11.671
333 4 1 39.487 12.436 38.209 11.682
334 4 1 39.530 12.425 38.252 11.671
335 4 1 39.573 12.436 38.295 11.682
336 4 1 39.616 12.425 38.338 11.672
337 4 1 39.659 12.436 38.381 11.682
338 4 1 39.702 12.447 38.424 11.693
339 4 1 39.745 12.458 38.467 11.704
340 4 1 39.788 12.468 38.510 11.715
341 4 1 39.831 12.479 38.553 11.726
342 4 1 39.873 12.469 38.596 11.715
343 4 1 39.916 12.479 38.639 11.726
344 4 1 39.959 12.469 38.682 11.715
345 4 1 40.002 12.458 38.725 11.705
346 4 1 40.045 12.447 38.768 11.694
347 4 1 40.088 12.458 38.810 11.705
348 4 1 40.131 12.447 38.853 11.694
349 4 1 40.195 12.437 38.918 11.684
350 4 1 40.238 12.426 38.961 11.673
351 4 1 40.281 12.416 39.004 11.662
352 4 1 40.324 12.405 39.047 11.652
353 4 1 40.367 12.416 39.089 11.662
354 4 1 40.388 12.405 39.111 11.652
355 4 1 40.431 12.416 39.154 11.663
356 4 1 40.474 12.405 39.197 11.652
357 4 1 40.517 12.416 39.240 11.663
0 5 1 22.946 12.019 21.681 11.250
1 5 1 22.978 12.041 21.660 11.239
2 5 1 23.022 11.976 21.702 11.326
3 5 1 22.968 11.965 21.822 11.337
4 5 1 22.979 11.965 21.812 11.283
5 5 1 22.914 11.976 21.887 11.315
6 5 1 23.033 12.019 21.954 11.197
7 5 1 23.011 12.019 21.997 11.197
8 5 1 22.979 11.911 21.996 11.272
9 5 1 23.012 11.900 21.974 11.305
10 5 1 23.045 11.911 22.018 11.273
11 5 1 23.045 11.922 22.007 11.262
12 5 1 23.078 11.868 22.040 11.305
13 5 1 23.121 11.868 22.083 11.305
14 5 1 23.154 11.858 22.116 11.294
15 5 1 23.186 11.858 22.148 11.294
16 5 1 23.230 11.858 22.192 11.294
17 5 1 23.273 11.858 22.235 11.295
18 5 1 23.317 11.836 22.279 11.284
19 5 1 23.360 11.836 22.322 11.284
20 5 1 23.392 11.977 22.354 11.424
21 5 1 23.448 11.739 22.408 11.381
22 5 1 23.491 11.740 22.452 11.381
23 5 1 23.535 11.707 22.496 11.349
24 5 1 23.546 11.729 22.506 11.371
25 5 1 23.578 11.729 22.539 11.371
26 5 1 23.611 11.729 22.571 11.371
27 5 1 23.654 11.718 22.615 11.360
28 5 1 23.676 11.707 22.637 11.349
29 5 1 23.697 11.880 22.725 11.220
30 5 1 23.719 11.740 22.691 11.360
31 5 1 23.752 11.729 22.724 11.350
32 5 1 23.785 11.729 22.756 11.350
33 5 1 23.817 11.719 22.789 11.339
34 5 1 23.861 11.708 22.833 11.328
35 5 1 23.893 11.697 22.865 11.317
36 5 1 23.937 11.686 22.909 11.307
37 5 1 23.981 11.676 22.952 11.296
38 5 1 24.024 11.654 22.996 11.275
39 5 1 24.068 11.644 23.039 11.264
40 5 1 24.111 11.633 23.083 11.253
41 5 1 24.155 11.611 23.127 11.232
42 5 1 24.187 11.601 23.159 11.221
43 5 1 24.231 11.590 23.203 11.210
44 5 1 24.263 11.579 23.235 11.200
45 5 1 24.296 11.568 23.268 11.189
46 5 1 24.329 11.569 23.301 11.189
47 5 1 24.361 11.558 23.333 11.178
48 5 1 24.394 11.558 23.366 11.178
49 5 1 24.426 11.558 23.399 11.178
50 5 1 24.459 11.547 23.431 11.168
51 5 1 24.492 11.537 23.464 11.157
52 5 1 24.535 11.537 23.507 11.157
53 5 1 24.568 11.537 23.540 11.157
54 5 1 24.600 11.526 23.572 11.146
55 5 1 24.644 11.526 23.616 11.146
56 5 1 24.687 11.515 23.659 11.136
57 5 1 24.731 11.515 23.703 11.136
58 5 1 24.774 11.505 23.746 11.125
59 5 1 24.817 11.505 23.790 11.125
60 5 1 24.872 11.494 23.844 11.115
61 5 1 24.915 11.494 23.887 11.115
62 5 1 24.958 11.494 23.931 11.115
63 5 1 24.991 11.494 23.963 11.115
64 5 1 25.024 11.484 23.996 11.104
65 5 1 25.067 11.484 24.039 11.104
66 5 1 25.100 11.484 24.072 11.104
67 5 1 25.132 11.473 24.105 11.094
68 5 1 25.165 11.473 24.137 11.094
69 5 1 25.197 11.473 24.170 11.094
70 5 1 25.230 11.463 24.202 11.083
71 5 1 25.273 11.463 24.246 11.083
72 5 1 25.306 11.463 24.278 11.083
73 5 1 25.349 11.452 24.322 11.073
74 5 1 25.392 11.452 24.365 11.073
75 5 1 25.436 11.441 24.409 11.062
76 5 1 25.479 11.441 24.452 11.062
77 5 1 25.523 11.442 24.495 11.062
78 5 1 25.577 11.431 24.550 11.051
79 5 1 25.620 11.431 24.593 11.052
80 5 1 25.664 11.420 24.637 11.041
81 5 1 25.707 11.420 24.680 11.041
82 5 1 25.750 11.420 24.723 11.041
83 5 1 25.794 11.410 24.767 11.030
84 5 1 25.826 11.410 24.799 11.030
85 5 1 25.859 11.410 24.832 11.031
86 5 1 25.891 11.421 24.864 11.041
87 5 1 25.935 11.421 24.908 11.042
88 5 1 25.967 11.421 24.940 11.042
89 5 1 26.000 11.421 24.973 11.042
90 5 1 26.043 11.432 25.016 11.053
91 5 1 26.097 11.432 25.070 11.053
93 5 1 26.086 11.421 25.059 11.042
94 5 1 26.130 11.421 25.103 11.042
95 5 1 26.162 11.432 25.135 11.053
96 5 1 26.205 11.432 25.179 11.053
97 5 1 26.249 11.443 25.222 11.064
98 5 1 26.292 11.454 25.265 11.075
99 5 1 26.335 11.465 25.308 11.085
100 5 1 26.379 11.465 25.352 11.086
101 5 1 26.422 11.476 25.395 11.096
102 5 1 26.454 11.487 25.428 11.107
103 5 1 26.487 11.497 25.460 11.118
104 5 1 26.519 11.497 25.493 11.118
105 5 1 26.562 11.508 25.536 11.129
106 5 1 26.584 11.508 25.557 11.129
107 5 1 26.617 11.508 25.590 11.129
108 5 1 26.649 11.519 25.622 11.140
109 5 1 26.693 11.476 25.666 11.097
111 5 1 26.854 11.595 25.883 11.076
112 5 1 26.866 11.520 25.850 11.130
113 5 1 26.909 11.520 25.893 11.130
114 5 1 26.952 11.531 25.937 11.141
115 5 1 26.985 11.542 25.969 11.152
116 5 1 27.017 11.531 26.002 11.141
117 5 1 27.071 11.542 26.056 11.152
118 5 1 27.104 11.542 26.088 11.152
119 5 1 27.158 11.542 26.142 11.152
120 5 1 27.190 11.542 26.175 11.152
121 5 1 27.234 11.542 26.218 11.152
122 5 1 27.277 11.542 26.262 11.152
123 5 1 27.309 11.542 26.294 11.152
124 5 1 27.331 11.553 26.316 11.163
125 5 1 27.363 11.564 26.348 11.174
126 5 1 27.407 11.564 26.391 11.174
128 5 1 27.396 11.553 26.381 11.163
129 5 1 27.428 11.564 26.413 11.174
130 5 1 27.472 11.564 26.456 11.174
131 5 1 27.504 11.575 26.489 11.185
132 5 1 27.536 11.597 26.521 11.207
133 5 1 27.580 11.607 26.564 11.217
134 5 1 27.612 11.618 26.597 11.228
135 5 1 27.634 11.640 26.618 11.250
136 5 1 27.677 11.651 26.662 11.261
137 5 1 27.709 11.661 26.694 11.272
138 5 1 27.763 11.694 26.748 11.304
139 5 1 27.796 11.705 26.780 11.315
140 5 1 27.839 11.737 26.823 11.347
141 5 1 27.871 11.748 26.856 11.358
142 5 1 27.903 11.780 26.888 11.391
143 5 1 27.936 11.791 26.921 11.401
144 5 1 27.957 11.813 26.942 11.423
145 5 1 27.990 11.834 26.974 11.445
146 5 1 28.022 11.845 27.007 11.455
147 5 1 28.044 11.856 27.028 11.466
149 5 1 28.033 11.845 27.018 11.455
150 5 1 28.065 11.867 27.050 11.477
151 5 1 28.087 11.888 27.072 11.499
152 5 1 28.119 11.899 27.104 11.509
153 5 1 28.162 11.921 27.147 11.531
154 5 1 28.195 11.943 27.179 11.553
155 5 1 28.227 11.964 27.212 11.574
156 5 1 28.270 11.975 27.255 11.585
157 5 1 28.313 11.986 27.298 11.596
158 5 1 28.357 12.007 27.341 11.618
159 5 1 28.400 12.029 27.385 11.639
160 5 1 28.443 12.040 27.428 11.650
161 5 1 28.486 12.051 27.471 11.661
162 5 1 28.518 12.083 27.503 11.693
163 5 1 28.551 12.083 27.536 11.693
164 5 1 28.594 12.105 27.579 11.715
165 5 1 28.637 12.116 27.622 11.726
166 5 1 28.670 12.137 27.655 11.748
168 5 1 28.659 12.127 27.644 11.737
169 5 1 28.691 12.137 27.676 11.748
170 5 1 28.713 12.170 27.698 11.780
171 5 1 28.756 12.181 27.741 11.791
172 5 1 28.788 12.202 27.773 11.812
173 5 1 28.993 12.396 28.043 11.985
174 5 1 29.015 12.375 28.010 11.985
175 5 1 29.058 12.397 28.054 12.007
176 5 1 29.090 12.418 28.086 12.029
177 5 1 29.133 12.440 28.129 12.050
178 5 1 29.176 12.461 28.172 12.072
179 5 1 29.220 12.472 28.215 12.083
180 5 1 29.252 12.483 28.248 12.093
181 5 1 29.295 12.516 28.291 12.126
182 5 1 29.327 12.516 28.323 12.126
183 5 1 29.360 12.537 28.356 12.148
184 5 1 29.392 12.548 28.388 12.158
186 5 1 29.381 12.537 28.377 12.148
187 5 1 29.425 12.548 28.421 12.158
188 5 1 29.457 12.559 28.453 12.169
189 5 1 29.500 12.559 28.496 12.169
190 5 1 29.543 12.570 28.540 12.180
191 5 1 29.587 12.581 28.583 12.191
192 5 1 29.630 12.570 28.626 12.180
193 5 1 29.673 12.581 28.669 12.191
194 5 1 29.716 12.581 28.713 12.191
195 5 1 29.771 12.581 28.767 12.191
196 5 1 29.825 12.581 28.821 12.191
197 5 1 29.868 12.581 28.864 12.192
198 5 1 29.911 12.581 28.907 12.192
199 5 1 29.954 12.581 28.951 12.192
200 5 1 29.998 12.581 28.994 12.192
201 5 1 30.041 12.592 29.037 12.203
202 5 1 30.073 12.603 29.069 12.213
204 5 1 30.062 12.592 29.059 12.203
205 5 1 30.106 12.592 29.102 12.203
206 5 1 30.138 12.592 29.134 12.203
207 5 1 30.181 12.592 29.178 12.203
208 5 1 30.214 12.603 29.210 12.214
209 5 1 30.257 12.593 29.253 12.203
210 5 1 30.300 12.603 29.297 12.214
211 5 1 30.343 12.603 29.340 12.214
212 5 1 30.387 12.604 29.383 12.214
213 5 1 30.430 12.614 29.426 12.225
214 5 1 30.473 12.625 29.469 12.236
215 5 1 30.516 12.625 29.513 12.236
216 5 1 30.559 12.625 29.556 12.236
217 5 1 30.603 12.625 29.599 12.236
218 5 1 30.646 12.625 29.642 12.236
219 5 1 30.678 12.626 29.675 12.236
220 5 1 30.721 12.636 29.718 12.247
221 5 1 30.754 12.636 29.750 12.247
222 5 1 30.786 12.636 29.783 12.247
224 5 1 31.110 12.669 30.140 12.248
225 5 1 31.110 12.648 30.118 12.258
226 5 1 31.143 12.648 30.150 12.258
227 5 1 31.175 12.648 30.183 12.258
228 5 1 31.229 12.637 30.237 12.248
229 5 1 31.262 12.648 30.269 12.259
230 5 1 31.316 12.637 30.323 12.248
231 5 1 31.348 12.637 30.356 12.248
232 5 1 31.402 12.627 30.410 12.237
233 5 1 31.434 12.616 30.442 12.227
234 5 1 31.488 12.616 30.496 12.227
235 5 1 31.532 12.605 30.540 12.216
236 5 1 31.575 12.584 30.583 12.195
237 5 1 31.618 12.584 30.626 12.195
238 5 1 31.651 12.573 30.659 12.184
239 5 1 31.694 12.573 30.702 12.184
240 5 1 31.726 12.573 30.734 12.184
242 5 1 31.715 12.563 30.723 12.173
243 5 1 31.748 12.552 30.756 12.163
244 5 1 31.780 12.563 30.788 12.173
245 5 1 31.823 12.552 30.831 12.163
246 5 1 31.867 12.552 30.875 12.163
247 5 1 31.899 12.552 30.907 12.163
248 5 1 31.931 12.541 30.940 12.152
249 5 1 31.985 12.531 30.994 12.141
250 5 1 32.018 12.531 31.026 12.142
251 5 1 32.061 12.531 31.069 12.142
252 5 1 32.115 12.520 31.123 12.131
253 5 1 32.147 12.509 31.156 12.120
254 5 1 32.201 12.520 31.210 12.131
255 5 1 32.234 12.510 31.242 12.120
256 5 1 32.288 12.510 31.296 12.120
257 5 1 32.320 12.499 31.328 12.110
258 5 1 32.363 12.488 31.372 12.099
259 5 1 32.396 12.488 31.404 12.099
260 5 1 32.396 12.499 31.415 12.110
262 5 1 32.385 12.488 31.404 12.099
263 5 1 32.417 12.478 31.436 12.088
264 5 1 32.460 12.467 31.480 12.078
265 5 1 32.493 12.467 31.512 12.078
266 5 1 32.536 12.456 31.555 12.067
267 5 1 32.579 12.446 31.599 12.056
268 5 1 32.612 12.446 31.631 12.057
269 5 1 32.655 12.435 31.674 12.046
270 5 1 32.698 12.414 31.717 12.024
271 5 1 32.752 12.403 31.771 12.014
272 5 1 32.795 12.392 31.815 12.003
273 5 1 32.849 12.381 31.869 11.992
274 5 1 32.892 12.382 31.912 11.992
275 5 1 32.935 12.371 31.955 11.982
276 5 1 32.979 12.349 31.998 11.960
277 5 1 33.011 12.339 32.041 11.950
279 5 1 33.000 12.328 32.031 11.939
280 5 1 33.043 12.328 32.074 11.939
281 5 1 33.076 12.317 32.106 11.928
282 5 1 33.097 12.317 32.128 11.928
283 5 1 33.140 12.317 32.171 11.928
284 5 1 33.173 12.317 32.203 11.928
285 5 1 33.227 12.307 32.257 11.918
286 5 1 33.259 12.296 32.290 11.907
287 5 1 33.302 12.307 32.333 11.918
288 5 1 33.345 12.296 32.376 11.907
289 5 1 33.388 12.307 32.419 11.918
290 5 1 33.442 12.307 32.473 11.918
291 5 1 33.475 12.307 32.505 11.918
292 5 1 33.539 12.307 32.570 11.918
293 5 1 33.582 12.307 32.613 11.918
294 5 1 33.626 12.308 32.656 11.919
295 5 1 33.669 12.308 32.699 11.919
296 5 1 33.701 12.308 32.732 11.919
297 5 1 33.733 12.308 32.764 11.919
299 5 1 33.723 12.297 32.753 11.908
300 5 1 33.755 12.308 32.786 11.919
301 5 1 33.798 12.308 32.829 11.919
302 5 1 33.830 12.319 32.861 11.930
303 5 1 33.863 12.319 32.894 11.930
305 5 1 33.852 12.308 32.883 11.919
306 5 1 33.884 12.308 32.915 11.919
307 5 1 33.938 12.308 32.969 11.919
308 5 1 33.981 12.308 33.012 11.919
309 5 1 34.035 12.297 33.066 11.909
310 5 1 34.089 12.308 33.120 11.919
311 5 1 34.531 12.320 33.530 11.952
312 5 1 34.498 12.320 33.530 11.942
313 5 1 34.541 12.320 33.573 11.942
314 5 1 34.585 12.309 33.616 11.931
315 5 1 34.628 12.309 33.659 11.931
316 5 1 34.671 12.299 33.702 11.921
317 5 1 34.714 12.299 33.745 11.921
319 5 1 34.703 12.288 33.734 11.910
320 5 1 34.735 12.288 33.767 11.910
321 5 1 34.768 12.288 33.799 11.910
322 5 1 34.822 12.288 33.853 11.910
323 5 1 34.854 12.288 33.885 11.910
324 5 1 34.897 12.288 33.928 11.910
325 5 1 34.940 12.288 33.971 11.910
326 5 1 34.994 12.288 34.025 11.910
327 5 1 35.026 12.288 34.058 11.910
328 5 1 35.091 12.289 34.122 11.911
329 5 1 35.145 12.289 34.176 11.911
330 5 1 35.177 12.289 34.208 11.911
331 5 1 35.231 12.289 34.262 11.911
332 5 1 35.263 12.289 34.295 11.911
333 5 1 35.317 12.289 34.348 11.911
334 5 1 35.338 12.289 34.370 11.911
335 5 1 35.554 12.268 34.607 11.815
336 5 1 35.554 12.225 34.596 11.847
337 5 1 35.586 12.225 34.629 11.847
338 5 1 35.629 12.225 34.672 11.847
339 5 1 35.661 12.225 34.704 11.847
340 5 1 35.704 12.225 34.747 11.847
341 5 1 35.747 12.214 34.790 11.837
342 5 1 35.780 12.214 34.822 11.837
343 5 1 35.823 12.215 34.865 11.837
344 5 1 35.866 12.204 34.909 11.826
345 5 1 35.920 12.204 34.962 11.826
346 5 1 35.963 12.193 35.005 11.815
347 5 1 36.016 12.183 35.059 11.805
348 5 1 36.060 12.183 35.102 11.805
349 5 1 36.103 12.172 35.145 11.794
350 5 1 36.146 12.161 35.188 11.784
351 5 1 36.189 12.161 35.232 11.784
352 5 1 36.232 12.151 35.275 11.773
353 5 1 36.264 12.151 35.307 11.773
354 5 1 36.296 12.151 35.339 11.773
355 5 1 36.339 12.151 35.382 11.773
356 5 1 36.371 12.151 35.414 11.773
357 5 1 36.404 12.151 35.447 11.773
0 6 1 23.135 12.743 22.066 11.931
1 6 1 23.168 12.765 22.056 11.920
2 6 1 23.026 12.754 22.143 11.910
3 6 1 23.137 12.559 22.067 11.910
4 6 1 23.234 12.646 22.056 11.877
5 6 1 23.168 12.678 22.143 11.877
6 6 1 23.267 12.624 22.165 11.877
7 6 1 23.397 12.603 22.165 11.877
8 6 1 23.397 12.625 22.230 11.877
9 6 1 23.364 12.646 22.252 11.877
10 6 1 23.495 12.646 22.187 11.813
11 6 1 23.397 12.592 22.274 11.856
12 6 1 23.430 12.538 22.306 11.899
13 6 1 23.441 12.506 22.317 11.899
14 6 1 23.507 12.495 22.382 11.910
15 6 1 23.529 12.474 22.404 11.889
16 6 1 23.561 12.463 22.436 11.878
17 6 1 23.594 12.441 22.469 11.878
18 6 1 23.627 12.431 22.502 11.867
19 6 1 23.659 12.441 22.534 11.878
20 6 1 23.684 12.139 22.559 11.576
21 6 1 23.726 12.301 22.599 11.943
22 6 1 23.758 12.290 22.632 11.932
23 6 1 23.801 12.345 22.675 11.986
24 6 1 23.823 12.291 22.697 11.932
25 6 1 23.834 12.301 22.708 11.943
26 6 1 23.878 12.280 22.751 11.922
27 6 1 23.900 12.280 22.773 11.922
28 6 1 23.932 12.269 22.806 11.911
29 6 1 24.018 12.442 22.905 11.760
30 6 1 24.019 12.291 22.903 11.900
31 6 1 24.051 12.291 22.936 11.900
32 6 1 24.084 12.280 22.969 11.890
33 6 1 24.128 12.280 23.012 11.890
34 6 1 24.171 12.270 23.056 11.879
35 6 1 24.215 12.259 23.099 11.868
36 6 1 24.258 12.259 23.143 11.868
37 6 1 24.291 12.248 23.175 11.858
38 6 1 24.334 12.227 23.219 11.836
39 6 1 24.378 12.216 23.263 11.825
41 6 1 24.367 12.205 23.252 11.815
42 6 1 24.400 12.205 23.284 11.815
43 6 1 24.432 12.194 23.317 11.804
44 6 1 24.465 12.205 23.350 11.815
45 6 1 24.508 12.195 23.393 11.804
46 6 1 24.541 12.205 23.426 11.815
47 6 1 24.573 12.195 23.458 11.804
48 6 1 24.617 12.206 23.502 11.815
49 6 1 24.649 12.195 23.534 11.804
50 6 1 24.693 12.206 23.578 11.815
51 6 1 24.725 12.206 23.610 11.815
52 6 1 24.769 12.206 23.654 11.815
53 6 1 24.812 12.206 23.697 11.815
54 6 1 24.844 12.217 23.730 11.826
55 6 1 24.888 12.228 23.773 11.837
56 6 1 24.931 12.228 23.816 11.837
57 6 1 24.964 12.228 23.849 11.837
58 6 1 25.007 12.239 23.892 11.848
59 6 1 25.029 12.249 23.925 11.859
61 6 1 25.018 12.239 23.914 11.848
62 6 1 25.040 12.239 23.936 11.848
63 6 1 25.061 12.250 23.957 11.859
64 6 1 25.094 12.239 23.990 11.848
65 6 1 25.115 12.260 24.011 11.870
66 6 1 25.148 12.260 24.044 11.870
68 6 1 25.137 12.250 24.033 11.859
69 6 1 25.170 12.250 24.066 11.859
70 6 1 25.213 12.250 24.109 11.859
71 6 1 25.246 12.250 24.142 11.859
72 6 1 25.278 12.239 24.174 11.849
73 6 1 25.332 12.250 24.229 11.860
74 6 1 25.365 12.239 24.261 11.849
75 6 1 25.408 12.239 24.305 11.849
76 6 1 25.452 12.229 24.348 11.838
77 6 1 25.484 12.218 24.381 11.828
78 6 1 25.517 12.218 24.413 11.828
79 6 1 25.560 12.218 24.457 11.828
81 6 1 25.550 12.207 24.446 11.817
82 6 1 25.571 12.207 24.468 11.817
83 6 1 25.604 12.207 24.500 11.817
84 6 1 25.647 12.207 24.544 11.817
85 6 1 25.680 12.197 24.576 11.806
86 6 1 25.701 12.208 24.598 11.817
87 6 1 25.734 12.208 24.631 11.817
88 6 1 25.777 12.208 24.674 11.817
89 6 1 25.810 12.208 24.706 11.817
90 6 1 25.842 12.219 24.739 11.828
91 6 1 25.886 12.229 24.782 11.839
92 6 1 25.929 12.229 24.826 11.839
93 6 1 25.961 12.240 24.858 11.850
94 6 1 25.994 12.262 24.890 11.872
95 6 1 26.037 12.273 24.934 11.883
96 6 1 26.080 12.284 24.977 11.893
98 6 1 26.070 12.273 24.966 11.883
99 6 1 26.113 12.284 25.010 11.893
100 6 1 26.145 12.305 25.042 11.915
101 6 1 26.189 12.316 25.085 11.926
102 6 1 26.210 12.316 25.107 11.926
103 6 1 26.243 12.327 25.139 11.937
104 6 1 26.264 12.349 25.161 11.958
105 6 1 26.307 12.360 25.204 11.969
106 6 1 26.329 12.360 25.226 11.969
107 6 1 26.372 12.370 25.269 11.980
109 6 1 26.362 12.360 25.259 11.969
110 6 1 26.394 12.371 25.291 11.980
111 6 1 26.935 12.512 25.726 11.862
112 6 1 26.871 12.382 25.768 11.981
113 6 1 26.903 12.393 25.801 11.992
114 6 1 26.957 12.404 25.855 12.003
115 6 1 26.990 12.404 25.887 12.003
116 6 1 27.033 12.415 25.930 12.014
118 6 1 27.022 12.404 25.920 12.003
119 6 1 27.066 12.415 25.963 12.014
120 6 1 27.098 12.426 25.995 12.025
122 6 1 27.087 12.415 25.985 12.014
123 6 1 27.120 12.426 26.017 12.025
124 6 1 27.152 12.437 26.050 12.036
125 6 1 27.185 12.447 26.082 12.046
126 6 1 27.217 12.458 26.114 12.057
127 6 1 27.249 12.469 26.147 12.068
129 6 1 27.239 12.458 26.136 12.057
130 6 1 27.271 12.469 26.169 12.068
131 6 1 27.325 12.480 26.223 12.079
132 6 1 27.347 12.491 26.244 12.090
133 6 1 27.390 12.512 26.287 12.111
134 6 1 27.422 12.523 26.320 12.122
135 6 1 27.477 12.534 26.374 12.133
136 6 1 27.509 12.545 26.406 12.144
138 6 1 27.498 12.534 26.396 12.133
139 6 1 27.552 12.556 26.450 12.155
140 6 1 27.639 12.578 26.536 12.177
142 6 1 27.628 12.567 26.526 12.166
143 6 1 27.671 12.588 26.569 12.187
144 6 1 28.146 12.848 27.066 12.339
146 6 1 28.136 12.783 27.044 12.382
147 6 1 28.190 12.794 27.098 12.393
148 6 1 28.222 12.805 27.131 12.404
149 6 1 28.255 12.816 27.163 12.415
151 6 1 28.244 12.805 27.152 12.404
152 6 1 28.276 12.816 27.185 12.415
153 6 1 28.309 12.827 27.217 12.426
154 6 1 28.352 12.848 27.260 12.447
155 6 1 28.406 12.870 27.314 12.469
157 6 1 28.395 12.859 27.304 12.458
158 6 1 28.449 12.870 27.358 12.469
160 6 1 28.438 12.859 27.347 12.458
161 6 1 28.471 12.870 27.379 12.469
162 6 1 28.514 12.892 27.423 12.491
163 6 1 28.546 12.902 27.455 12.502
165 6 1 28.536 12.892 27.444 12.491
166 6 1 28.568 12.902 27.477 12.502
167 6 1 28.611 12.913 27.520 12.513
169 6 1 28.600 12.903 27.509 12.502
170 6 1 28.611 12.913 27.520 12.513
171 6 1 28.924 13.076 27.952 12.729
172 6 1 29.205 13.259 28.178 12.902
173 6 1 29.215 13.259 28.146 12.880
174 6 1 29.237 13.270 28.167 12.891
175 6 1 29.259 13.281 28.189 12.902
177 6 1 29.248 13.270 28.178 12.891
178 6 1 29.280 13.281 28.211 12.902
179 6 1 29.302 13.292 28.232 12.913
180 6 1 29.334 13.303 28.265 12.924
182 6 1 29.324 13.292 28.254 12.913
183 6 1 29.367 13.303 28.297 12.924
184 6 1 29.399 13.303 28.330 12.924
185 6 1 29.432 13.303 28.362 12.924
186 6 1 29.475 13.314 28.405 12.935
188 6 1 29.464 13.303 28.395 12.924
189 6 1 29.497 13.303 28.427 12.924
190 6 1 29.864 13.465 28.882 12.935
191 6 1 29.886 13.390 28.827 13.011
192 6 1 29.918 13.390 28.860 13.011
193 6 1 29.950 13.390 28.892 13.011
194 6 1 30.005 13.390 28.946 13.011
196 6 1 29.994 13.379 28.935 13.000
197 6 1 30.026 13.379 28.968 13.000
198 6 1 30.048 13.379 28.990 13.000
199 6 1 30.091 13.379 29.033 13.000
200 6 1 30.134 13.379 29.076 13.000
201 6 1 30.178 13.379 29.119 13.000
202 6 1 30.221 13.379 29.163 13.000
203 6 1 30.264 13.379 29.206 13.000
204 6 1 30.307 13.379 29.249 13.001
205 6 1 30.361 13.380 29.303 13.001
206 6 1 30.415 13.390 29.357 13.011
207 6 1 30.448 13.390 29.390 13.012
208 6 1 30.502 13.401 29.444 13.022
209 6 1 30.545 13.391 29.498 13.012
211 6 1 30.534 13.380 29.487 13.001
212 6 1 30.578 13.380 29.531 13.001
213 6 1 30.621 13.380 29.574 13.001
215 6 1 30.610 13.369 29.563 12.990
216 6 1 30.643 13.369 29.595 12.990
217 6 1 30.686 13.369 29.639 12.990
218 6 1 30.729 13.358 29.682 12.980
219 6 1 30.772 13.348 29.725 12.969
220 6 1 30.805 13.337 29.758 12.958
221 6 1 30.848 13.326 29.801 12.947
222 6 1 30.891 13.316 29.844 12.937
223 6 1 31.215 13.381 30.115 12.969
224 6 1 31.172 13.359 30.125 12.980
225 6 1 31.205 13.348 30.158 12.970
226 6 1 31.248 13.338 30.201 12.959
227 6 1 31.291 13.327 30.244 12.948
228 6 1 31.335 13.316 30.288 12.937
229 6 1 31.378 13.305 30.331 12.927
230 6 1 31.421 13.295 30.374 12.916
231 6 1 31.453 13.284 30.407 12.905
232 6 1 31.486 13.284 30.439 12.905
233 6 1 31.529 13.284 30.483 12.905
234 6 1 31.561 13.284 30.515 12.905
235 6 1 31.594 13.273 30.547 12.895
236 6 1 31.637 13.273 30.591 12.895
237 6 1 31.680 13.263 30.634 12.884
238 6 1 31.713 13.263 30.666 12.884
240 6 1 31.702 13.252 30.656 12.873
241 6 1 31.734 13.252 30.688 12.873
242 6 1 31.778 13.252 30.731 12.873
243 6 1 31.821 13.252 30.774 12.873
244 6 1 31.864 13.263 30.818 12.884
245 6 1 31.907 13.263 30.861 12.884
247 6 1 31.896 13.252 30.850 12.874
248 6 1 31.940 13.252 30.893 12.874
249 6 1 31.972 13.252 30.926 12.874
251 6 1 31.961 13.242 30.915 12.863
252 6 1 32.004 13.242 30.958 12.863
253 6 1 32.037 13.252 30.991 12.874
254 6 1 32.080 13.242 31.034 12.863
255 6 1 32.123 13.253 31.077 12.874
256 6 1 32.156 13.253 31.109 12.874
257 6 1 32.188 13.253 31.142 12.874
259 6 1 32.587 13.318 31.650 12.821
260 6 1 32.620 13.253 31.585 12.875
261 6 1 32.652 13.253 31.617 12.875
262 6 1 32.685 13.243 31.649 12.864
263 6 1 32.695 13.210 31.671 12.832
265 6 1 32.685 13.199 31.660 12.821
266 6 1 32.739 13.200 31.714 12.821
267 6 1 32.793 13.200 31.768 12.821
269 6 1 32.782 13.189 31.758 12.810
270 6 1 32.857 13.189 31.833 12.810
272 6 1 32.847 13.178 31.822 12.800
273 6 1 32.879 13.178 31.855 12.800
274 6 1 32.933 13.178 31.909 12.800
275 6 1 32.976 13.178 31.952 12.800
276 6 1 33.019 13.178 31.995 12.800
277 6 1 33.062 13.189 32.038 12.811
278 6 1 33.116 13.200 32.092 12.822
279 6 1 33.159 13.200 32.135 12.822
281 6 1 33.149 13.189 32.125 12.811
282 6 1 33.181 13.189 32.157 12.811
283 6 1 33.246 13.189 32.222 12.811
284 6 1 33.300 13.200 32.276 12.822
286 6 1 33.289 13.189 32.265 12.811
287 6 1 33.354 13.190 32.330 12.811
288 6 1 33.462 13.179 32.438 12.801
289 6 1 33.548 13.179 32.524 12.801
291 6 1 33.537 13.168 32.513 12.790
292 6 1 33.548 13.168 32.524 12.790
293 6 1 33.548 13.168 32.524 12.790
295 6 1 34.108 13.234 32.945 12.737
296 6 1 34.022 13.169 32.999 12.791
297 6 1 34.055 13.169 33.031 12.791
298 6 1 34.098 13.158 33.074 12.780
299 6 1 34.152 13.137 33.128 12.759
300 6 1 34.195 13.126 33.172 12.748
301 6 1 34.227 13.126 33.204 12.748
302 6 1 34.270 13.126 33.247 12.748
303 6 1 34.314 13.116 33.290 12.737
304 6 1 34.357 13.116 33.333 12.737
305 6 1 34.400 13.105 33.387 12.727
307 6 1 34.389 13.094 33.377 12.716
308 6 1 34.432 13.083 33.420 12.705
310 6 1 34.421 13.073 33.409 12.694
311 6 1 34.917 13.095 33.754 12.695
312 6 1 34.831 13.073 33.819 12.695
313 6 1 34.874 13.063 33.862 12.684
314 6 1 34.928 13.052 33.916 12.674
315 6 1 34.960 13.052 33.948 12.674
316 6 1 35.014 13.052 34.002 12.674
317 6 1 35.046 13.063 34.034 12.685
319 6 1 35.036 13.052 34.023 12.674
320 6 1 35.068 13.052 34.056 12.674
321 6 1 35.122 13.052 34.110 12.674
322 6 1 35.165 13.052 34.153 12.674
323 6 1 35.176 13.052 34.164 12.674
325 6 1 35.165 13.041 34.153 12.663
326 6 1 35.186 13.052 34.174 12.674
328 6 1 35.176 13.041 34.164 12.663
329 6 1 35.186 13.041 34.174 12.663
330 6 1 35.186 13.052 34.174 12.674
332 6 1 35.176 13.041 34.164 12.663
333 6 1 35.186 13.041 34.174 12.663
334 6 1 35.186 13.041 34.174 12.663
335 6 1 35.703 13.128 34.724 12.664
336 6 1 35.703 13.085 34.702 12.707
337 6 1 35.746 13.075 34.745 12.697
338 6 1 35.789 13.075 34.788 12.697
339 6 1 35.832 13.075 34.832 12.697
340 6 1 35.876 13.075 34.875 12.697
341 6 1 35.919 13.064 34.918 12.686
342 6 1 35.962 13.064 34.961 12.686
344 6 1 35.951 13.053 34.950 12.675
345 6 1 36.005 13.043 35.004 12.665
347 6 1 35.994 13.032 34.993 12.654
348 6 1 36.026 13.021 35.026 12.643
349 6 1 36.059 13.021 35.058 12.643
350 6 1 36.112 13.021 35.112 12.643
352 6 1 36.102 13.011 35.101 12.633
353 6 1 36.134 13.011 35.133 12.633
354 6 1 36.155 13.011 35.155 12.633
355 6 1 36.199 13.000 35.198 12.622
356 6 1 36.263 12.989 35.262 12.611
357 6 1 36.338 12.989 35.338 12.611
0 8 1 24.751 13.037 23.770 12.226
1 8 1 24.784 13.059 23.759 12.215
2 8 1 24.816 13.070 23.791 12.226
3 8 1 24.849 13.081 23.824 12.237
4 8 1 24.881 13.070 23.857 12.226
5 8 1 24.913 13.113 23.889 12.269
6 8 1 24.968 13.092 23.943 12.248
7 8 1 25.000 13.124 23.976 12.280
8 8 1 25.055 13.113 24.030 12.269
9 8 1 25.087 13.146 24.062 12.302
10 8 1 25.119 13.157 24.095 12.313
11 8 1 25.142 13.070 24.117 12.226
12 8 1 25.206 13.178 24.181 12.334
13 8 1 25.239 13.189 24.214 12.345
14 8 1 25.292 13.243 24.268 12.399
15 8 1 25.304 13.211 24.279 12.367
16 8 1 25.358 13.200 24.333 12.356
17 8 1 25.369 13.200 24.344 12.356
18 8 1 25.423 13.222 24.398 12.378
19 8 1 25.434 13.233 24.409 12.389
20 8 1 25.488 13.233 24.463 12.389
21 8 1 25.520 13.233 24.496 12.389
22 8 1 25.575 13.222 24.550 12.378
23 8 1 25.607 13.233 24.583 12.389
24 8 1 25.662 13.222 24.637 12.378
25 8 1 25.694 13.233 24.669 12.389
26 8 1 25.748 13.222 24.724 12.378
27 8 1 25.803 13.233 24.778 12.389
28 8 1 25.857 13.222 24.832 12.379
29 8 1 25.889 13.233 24.865 12.390
30 8 1 25.944 13.222 24.919 12.379
31 8 1 25.976 13.233 24.952 12.390
32 8 1 26.020 13.223 24.995 12.379
33 8 1 26.063 13.233 25.038 12.390
34 8 1 26.095 13.244 25.071 12.401
35 8 1 26.128 13.255 25.103 12.412
36 8 1 26.182 13.244 25.158 12.401
37 8 1 26.215 13.255 25.190 12.412
38 8 1 26.258 13.266 25.233 12.423
39 8 1 26.301 13.277 25.277 12.433
40 8 1 26.355 13.266 25.331 12.423
41 8 1 26.388 13.277 25.364 12.434
42 8 1 26.442 13.288 25.418 12.444
43 8 1 26.475 13.299 25.450 12.455
44 8 1 26.518 13.288 25.494 12.445
45 8 1 26.583 13.299 25.559 12.455
46 8 1 26.637 13.310 25.613 12.466
47 8 1 26.670 13.321 25.645 12.477
48 8 1 26.724 13.310 25.700 12.466
49 8 1 26.756 13.321 25.732 12.477
50 8 1 26.800 13.310 25.775 12.467
51 8 1 26.843 13.321 25.819 12.477
52 8 1 26.876 13.310 25.851 12.467
53 8 1 26.908 13.321 25.884 12.478
54 8 1 26.962 13.310 25.938 12.467
55 8 1 26.995 13.321 25.971 12.478
56 8 1 27.038 13.310 26.014 12.467
57 8 1 27.082 13.321 26.057 12.478
58 8 1 27.136 13.310 26.112 12.467
59 8 1 27.168 13.300 26.144 12.456
60 8 1 27.223 13.289 26.198 12.446
61 8 1 27.277 13.300 26.253 12.457
62 8 1 27.320 13.289 26.296 12.446
63 8 1 27.364 13.278 26.339 12.435
64 8 1 27.418 13.268 26.394 12.424
65 8 1 27.450 13.279 26.426 12.435
66 8 1 27.505 13.268 26.480 12.425
67 8 1 27.537 13.279 26.513 12.435
68 8 1 27.580 13.268 26.556 12.425
69 8 1 27.624 13.279 26.600 12.436
70 8 1 27.678 13.268 26.654 12.425
71 8 1 27.710 13.279 26.686 12.436
72 8 1 27.743 13.268 26.719 12.425
73 8 1 27.775 13.301 26.751 12.457
74 8 1 27.819 13.290 26.795 12.447
75 8 1 27.862 13.301 26.838 12.458
76 8 1 27.916 13.290 26.892 12.447
77 8 1 27.948 13.322 26.924 12.479
78 8 1 28.003 13.312 26.979 12.469
79 8 1 28.057 13.323 27.033 12.479
80 8 1 28.100 13.333 27.076 12.490
81 8 1 28.143 13.344 27.119 12.501
82 8 1 28.197 13.333 27.174 12.490
83 8 1 28.230 13.344 27.206 12.501
84 8 1 28.284 13.334 27.260 12.491
85 8 1 28.284 13.344 27.260 12.501
86 8 1 28.338 13.334 27.314 12.491
87 8 1 28.381 13.345 27.358 12.502
88 8 1 28.414 13.334 27.390 12.491
89 8 1 28.446 13.345 27.423 12.502
90 8 1 28.501 13.334 27.477 12.491
91 8 1 28.533 13.345 27.509 12.502
92 8 1 28.576 13.334 27.553 12.491
93 8 1 28.620 13.345 27.596 12.502
94 8 1 28.674 13.334 27.650 12.491
95 8 1 28.706 13.323 27.683 12.481
96 8 1 28.761 13.313 27.737 12.470
97 8 1 28.793 13.323 27.769 12.481
98 8 1 28.836 13.313 27.813 12.470
99 8 1 28.880 13.324 27.856 12.481
100 8 1 28.934 13.313 27.910 12.470
101 8 1 28.966 13.324 27.943 12.481
102 8 1 28.999 13.313 27.975 12.470
103 8 1 29.031 13.324 28.007 12.481
104 8 1 29.074 13.335 28.051 12.492
105 8 1 29.118 13.346 28.094 12.503
106 8 1 29.139 13.335 28.116 12.492
107 8 1 29.183 13.346 28.159 12.503
108 8 1 29.237 13.356 28.213 12.514
109 8 1 29.258 13.367 28.235 12.525
110 8 1 29.312 13.357 28.289 12.514
111 8 1 29.356 13.367 28.332 12.525
112 8 1 29.410 13.378 28.386 12.536
113 8 1 29.442 13.389 28.418 12.546
114 8 1 29.496 13.400 28.473 12.557
115 8 1 29.528 13.411 28.505 12.568
116 8 1 29.572 13.400 28.548 12.557
117 8 1 29.615 13.432 28.591 12.590
118 8 1 29.669 13.422 28.646 12.579
119 8 1 29.701 13.433 28.678 12.590
120 8 1 29.734 13.443 28.710 12.601
121 8 1 29.766 13.454 28.743 12.612
122 8 1 29.810 13.443 28.786 12.601
123 8 1 29.853 13.454 28.829 12.612
124 8 1 29.875 13.444 28.851 12.601
125 8 1 29.918 13.454 28.894 12.612
126 8 1 29.972 13.444 28.948 12.601
127 8 1 29.993 13.455 28.970 12.612
128 8 1 30.048 13.444 29.024 12.601
129 8 1 30.091 13.455 29.067 12.612
130 8 1 30.167 13.444 29.143 12.602
131 8 1 30.199 13.455 29.176 12.612
132 8 1 30.253 13.444 29.230 12.602
133 8 1 30.285 13.455 29.262 12.612
134 8 1 30.329 13.444 29.305 12.602
135 8 1 30.372 13.455 29.349 12.613
136 8 1 30.426 13.466 29.403 12.623
137 8 1 30.458 13.477 29.435 12.634
138 8 1 30.512 13.488 29.489 12.645
139 8 1 30.545 13.498 29.521 12.656
140 8 1 30.588 13.488 29.565 12.645
141 8 1 30.631 13.520 29.608 12.678
142 8 1 30.685 13.509 29.662 12.667
143 8 1 30.718 13.520 29.694 12.678
144 8 1 30.772 13.531 29.748 12.689
145 8 1 30.804 13.542 29.781 12.700
146 8 1 30.847 13.553 29.824 12.710
147 8 1 30.890 13.563 29.867 12.721
148 8 1 30.944 13.574 29.921 12.732
149 8 1 30.988 13.585 29.964 12.743
150 8 1 31.053 13.574 30.029 12.732
151 8 1 31.074 13.585 30.051 12.743
152 8 1 31.117 13.596 30.094 12.754
153 8 1 31.150 13.607 30.126 12.765
154 8 1 31.204 13.596 30.181 12.754
155 8 1 31.225 13.607 30.202 12.765
156 8 1 31.290 13.618 30.267 12.776
157 8 1 31.312 13.629 30.288 12.787
158 8 1 31.377 13.618 30.353 12.776
159 8 1 31.409 13.629 30.386 12.787
160 8 1 31.463 13.618 30.440 12.776
161 8 1 31.485 13.629 30.461 12.787
162 8 1 31.549 13.618 30.526 12.776
163 8 1 31.593 13.607 30.570 12.765
164 8 1 31.658 13.597 30.634 12.755
165 8 1 31.690 13.608 30.667 12.766
166 8 1 31.744 13.597 30.721 12.755
167 8 1 31.787 13.608 30.764 12.766
168 8 1 31.852 13.597 30.829 12.755
169 8 1 31.874 13.608 30.851 12.766
170 8 1 31.917 13.597 30.894 12.755
171 8 1 31.949 13.608 30.926 12.766
172 8 1 32.003 13.597 30.980 12.755
173 8 1 32.025 13.608 31.002 12.766
174 8 1 32.090 13.619 31.067 12.777
175 8 1 32.111 13.630 31.088 12.788
176 8 1 32.176 13.619 31.153 12.777
177 8 1 32.208 13.630 31.185 12.788
178 8 1 32.262 13.619 31.239 12.777
179 8 1 32.305 13.630 31.283 12.788
180 8 1 32.370 13.619 31.347 12.777
181 8 1 32.392 13.630 31.369 12.788
182 8 1 32.467 13.641 31.445 12.799
183 8 1 32.500 13.652 31.477 12.810
184 8 1 32.565 13.641 31.542 12.799
185 8 1 32.597 13.652 31.574 12.810
186 8 1 32.651 13.641 31.628 12.799
187 8 1 32.683 13.652 31.660 12.810
188 8 1 32.727 13.641 31.704 12.799
189 8 1 32.759 13.630 31.736 12.789
190 8 1 32.824 13.620 31.801 12.778
191 8 1 32.856 13.631 31.833 12.789
192 8 1 32.910 13.620 31.887 12.778
193 8 1 32.942 13.609 31.920 12.768
194 8 1 32.986 13.598 31.963 12.757
195 8 1 33.018 13.588 31.995 12.746
196 8 1 33.083 13.577 32.060 12.735
197 8 1 33.126 13.588 32.103 12.746
198 8 1 33.191 13.556 32.168 12.714
199 8 1 33.212 13.566 32.190 12.725
200 8 1 33.277 13.556 32.255 12.714
201 8 1 33.310 13.545 32.287 12.703
202 8 1 33.364 13.534 32.341 12.693
203 8 1 33.385 13.545 32.363 12.704
204 8 1 33.428 13.534 32.406 12.693
205 8 1 33.450 13.524 32.427 12.682
206 8 1 33.504 13.513 32.481 12.671
207 8 1 33.536 13.524 32.514 12.682
208 8 1 33.601 13.513 32.578 12.672
209 8 1 33.633 13.524 32.611 12.682
210 8 1 33.687 13.513 32.665 12.672
211 8 1 33.741 13.524 32.719 12.683
212 8 1 33.784 13.513 32.762 12.672
213 8 1 33.849 13.524 32.827 12.683
214 8 1 33.892 13.513 32.870 12.672
215 8 1 33.935 13.524 32.913 12.683
216 8 1 33.989 13.514 32.967 12.672
217 8 1 34.022 13.503 32.999 12.662
218 8 1 34.065 13.492 33.042 12.651
219 8 1 34.097 13.503 33.075 12.662
220 8 1 34.162 13.492 33.139 12.651
221 8 1 34.173 13.481 33.150 12.640
222 8 1 34.227 13.471 33.204 12.630
223 8 1 34.259 13.460 33.237 12.619
224 8 1 34.302 13.449 33.280 12.608
225 8 1 34.334 13.460 33.312 12.619
226 8 1 34.399 13.428 33.377 12.587
227 8 1 34.431 13.439 33.409 12.598
228 8 1 34.485 13.406 33.463 12.565
229 8 1 34.539 13.417 33.517 12.576
230 8 1 34.582 13.385 33.560 12.544
231 8 1 34.615 13.396 33.593 12.555
232 8 1 34.679 13.364 33.657 12.523
233 8 1 34.712 13.374 33.690 12.534
234 8 1 34.766 13.342 33.744 12.501
235 8 1 34.798 13.353 33.776 12.512
236 8 1 34.841 13.342 33.819 12.501
237 8 1 34.873 13.353 33.851 12.512
238 8 1 34.938 13.342 33.916 12.502
239 8 1 34.970 13.332 33.948 12.491
240 8 1 35.024 13.321 34.002 12.480
241 8 1 35.057 13.332 34.035 12.491
242 8 1 35.100 13.321 34.078 12.480
243 8 1 35.132 13.332 34.110 12.491
244 8 1 35.197 13.321 34.175 12.481
245 8 1 35.229 13.332 34.207 12.491
246 8 1 35.304 13.321 34.283 12.481
247 8 1 35.326 13.332 34.304 12.492
248 8 1 35.380 13.322 34.358 12.481
249 8 1 35.412 13.332 34.390 12.492
250 8 1 35.477 13.322 34.455 12.481
251 8 1 35.509 13.332 34.487 12.492
252 8 1 35.541 13.322 34.520 12.481
253 8 1 35.574 13.311 34.552 12.470
254 8 1 35.617 13.300 34.595 12.460
255 8 1 35.649 13.311 34.627 12.471
256 8 1 35.714 13.279 34.692 12.438
257 8 1 35.746 13.290 34.724 12.449
258 8 1 35.800 13.258 34.778 12.417
259 8 1 35.832 13.268 34.811 12.428
260 8 1 35.875 13.236 34.854 12.396
261 8 1 35.908 13.247 34.886 12.406
262 8 1 35.972 13.215 34.951 12.374
263 8 1 36.005 13.226 34.983 12.385
264 8 1 36.058 13.193 35.037 12.353
265 8 1 36.091 13.183 35.069 12.342
266 8 1 36.134 13.172 35.112 12.332
267 8 1 36.166 13.161 35.145 12.321
268 8 1 36.231 13.151 35.209 12.310
269 8 1 36.263 13.161 35.241 12.321
270 8 1 36.317 13.151 35.295 12.310
271 8 1 36.349 13.161 35.328 12.321
272 8 1 36.381 13.129 35.360 12.289
273 8 1 36.414 13.140 35.392 12.300
274 8 1 36.467 13.129 35.446 12.289
275 8 1 36.489 13.140 35.468 12.300
276 8 1 36.554 13.130 35.532 12.289
277 8 1 36.575 13.140 35.554 12.300
278 8 1 36.640 13.108 35.618 12.268
279 8 1 36.693 13.119 35.672 12.279
280 8 1 36.747 13.108 35.726 12.268
281 8 1 36.779 13.119 35.758 12.279
282 8 1 36.833 13.108 35.812 12.268
283 8 1 36.866 13.119 35.844 12.279
284 8 1 36.909 13.109 35.887 12.268
285 8 1 36.941 13.119 35.920 12.279
286 8 1 37.005 13.109 35.984 12.269
287 8 1 37.038 13.098 36.016 12.258
288 8 1 37.070 13.087 36.049 12.247
289 8 1 37.102 13.098 36.081 12.258
290 8 1 37.145 13.087 36.124 12.247
291 8 1 37.177 13.077 36.156 12.237
292 8 1 37.242 13.066 36.221 12.226
293 8 1 37.274 13.055 36.253 12.215
294 8 1 37.328 13.045 36.307 12.205
295 8 1 37.360 13.055 36.339 12.215
296 8 1 37.403 13.023 36.382 12.183
297 8 1 37.436 13.034 36.414 12.194
298 8 1 37.500 13.023 36.479 12.184
299 8 1 37.532 13.013 36.511 12.173
300 8 1 37.586 13.002 36.565 12.162
301 8 1 37.618 13.013 36.597 12.173
302 8 1 37.661 13.002 36.640 12.162
303 8 1 37.672 13.013 36.651 12.173
304 8 1 37.737 13.002 36.716 12.162
305 8 1 37.769 13.013 36.748 12.173
306 8 1 37.823 13.002 36.802 12.163
307 8 1 37.844 13.013 36.823 12.173
308 8 1 37.887 13.002 36.866 12.163
309 8 1 37.919 13.013 36.898 12.174
310 8 1 37.973 13.003 36.952 12.163
311 8 1 37.995 13.013 36.974 12.174
312 8 1 38.059 13.003 37.038 12.163
313 8 1 38.102 13.035 37.081 12.195
314 8 1 38.167 13.024 37.146 12.185
315 8 1 38.188 13.035 37.167 12.195
316 8 1 38.252 13.046 37.232 12.206
317 8 1 38.274 13.057 37.253 12.217
318 8 1 38.338 13.046 37.318 12.206
319 8 1 38.360 13.057 37.339 12.217
320 8 1 38.424 13.068 37.404 12.228
321 8 1 38.446 13.078 37.425 12.239
322 8 1 38.510 13.068 37.490 12.228
323 8 1 38.532 13.079 37.511 12.239
324 8 1 38.575 13.068 37.554 12.228
325 8 1 38.596 13.079 37.576 12.239
326 8 1 38.650 13.068 37.629 12.228
327 8 1 38.682 13.079 37.661 12.239
328 8 1 38.747 13.068 37.726 12.229
329 8 1 38.779 13.079 37.758 12.239
330 8 1 38.854 13.068 37.833 12.229
331 8 1 38.876 13.079 37.855 12.240
332 8 1 38.929 13.068 37.909 12.229
333 8 1 38.962 13.079 37.941 12.240
334 8 1 39.026 13.069 38.005 12.229
335 8 1 39.058 13.079 38.038 12.240
336 8 1 39.112 13.069 38.091 12.229
337 8 1 39.144 13.079 38.123 12.240
338 8 1 39.187 13.069 38.166 12.229
339 8 1 39.219 13.080 38.199 12.240
340 8 1 39.284 13.090 38.263 12.251
341 8 1 39.294 13.101 38.274 12.262
342 8 1 39.348 13.090 38.328 12.251
343 8 1 39.380 13.101 38.360 12.262
344 8 1 39.423 13.091 38.403 12.251
345 8 1 39.456 13.123 38.435 12.284
346 8 1 39.520 13.112 38.499 12.273
347 8 1 39.552 13.123 38.532 12.284
348 8 1 39.627 13.134 38.607 12.295
349 8 1 39.649 13.145 38.628 12.305
350 8 1 39.702 13.155 38.682 12.316
351 8 1 39.735 13.166 38.714 12.327
352 8 1 39.799 13.156 38.779 12.316
353 8 1 39.831 13.166 38.811 12.327
354 8 1 39.885 13.177 38.864 12.338
355 8 1 39.885 13.188 38.864 12.349
356 8 1 39.939 13.177 38.918 12.338
357 8 1 39.971 13.188 38.950 12.349
0 9 2 48.894 12.024 47.164 11.443
1 9 2 48.948 12.045 47.132 11.443
2 9 2 48.841 12.045 47.026 11.443
3 9 2 48.777 12.045 46.962 11.443
4 9 2 48.671 12.023 46.855 11.421
5 9 2 48.554 12.045 46.738 11.442
6 9 2 48.500 12.023 46.684 11.421
7 9 2 48.362 12.023 46.546 11.421
8 9 2 48.276 12.023 46.460 11.420
9 9 2 48.202 12.023 46.386 11.420
10 9 2 48.085 12.022 46.268 11.420
11 9 2 48.116 12.012 46.300 11.409
12 9 2 47.903 12.001 46.087 11.398
13 9 2 47.818 11.979 46.001 11.377
14 9 2 47.722 11.979 45.905 11.376
15 9 2 47.626 11.979 45.809 11.376
16 9 2 47.541 12.000 45.724 11.397
17 9 2 47.434 11.978 45.617 11.376
18 9 2 47.306 11.999 45.489 11.397
19 9 2 47.221 11.999 45.404 11.397
20 9 2 47.114 11.999 45.297 11.397
21 9 2 47.029 11.999 45.212 11.396
22 9 2 46.911 11.999 45.094 11.396
23 9 2 46.815 11.999 44.998 11.396
24 9 2 46.730 11.998 44.913 11.396
25 9 2 46.613 11.998 44.795 11.395
26 9 2 46.495 11.998 44.678 11.395
27 9 2 46.410 11.998 44.592 11.395
28 9 2 46.293 11.998 44.475 11.395
29 9 2 46.218 11.997 44.400 11.395
30 9 2 46.111 11.997 44.293 11.394
31 9 2 45.962 11.986 44.186 11.384
32 9 2 45.972 11.986 44.175 11.383
33 9 2 45.876 11.997 44.079 11.394
34 9 2 45.759 12.007 43.962 11.404
35 9 2 45.663 11.996 43.865 11.394
36 9 2 45.545 12.007 43.748 11.404
37 9 2 45.449 11.996 43.652 11.393
38 9 2 45.332 12.007 43.534 11.404
39 9 2 45.235 11.996 43.438 11.393
40 9 2 45.118 12.006 43.320 11.403
41 9 2 45.022 11.995 43.224 11.392
42 9 2 44.904 12.006 43.106 11.403
43 9 2 44.808 11.995 43.010 11.392
44 9 2 44.691 12.027 42.892 11.424
45 9 2 44.594 12.016 42.796 11.413
46 9 2 44.477 12.026 42.678 11.423
47 9 2 44.381 12.015 42.582 11.412
48 9 2 44.263 12.026 42.464 11.423
49 9 2 44.167 12.015 42.368 11.412
50 9 2 44.049 12.026 42.250 11.422
51 9 2 43.953 12.015 42.154 11.411
52 9 2 43.835 12.025 42.036 11.422
53 9 2 43.739 12.014 41.940 11.411
54 9 2 43.622 12.025 41.822 11.421
55 9 2 43.525 12.014 41.726 11.411
56 9 2 43.408 12.024 41.608 11.421
57 9 2 43.311 12.013 41.512 11.410
58 9 2 43.194 12.003 41.394 11.399
59 9 2 43.097 11.992 41.297 11.388
60 9 2 42.980 12.002 41.180 11.399
61 9 2 42.883 11.991 41.083 11.388
62 9 2 42.766 11.980 40.965 11.377
63 9 2 42.669 11.969 40.869 11.366
64 9 2 42.552 11.980 40.751 11.376
65 9 2 42.455 11.969 40.655 11.365
66 9 2 42.337 11.958 40.537 11.354
67 9 2 42.241 11.947 40.440 11.344
68 9 2 42.123 11.958 40.322 11.354
69 9 2 42.027 11.925 40.226 11.322
70 9 2 41.909 11.936 40.108 11.332
71 9 2 41.813 11.925 40.012 11.321
72 9 2 41.695 11.914 39.894 11.310
73 9 2 41.598 11.903 39.797 11.299
74 9 2 41.481 11.914 39.679 11.310
75 9 2 41.384 11.881 39.583 11.277
76 9 2 41.288 11.892 39.486 11.288
77 9 2 41.191 11.881 39.390 11.277
78 9 2 41.073 11.870 39.272 11.266
79 9 2 40.977 11.859 39.175 11.255
80 9 2 40.859 11.848 39.057 11.244
81 9 2 40.763 11.837 38.960 11.233
82 9 2 40.666 11.826 38.864 11.222
83 9 2 40.570 11.815 38.767 11.211
84 9 2 40.452 11.826 38.649 11.222
85 9 2 40.355 11.794 38.553 11.189
86 9 2 40.237 11.804 38.435 11.200
87 9 2 40.141 11.772 38.338 11.168
88 9 2 40.023 11.782 38.220 11.178
89 9 2 39.926 11.750 38.123 11.146
90 9 2 39.808 11.760 38.005 11.156
91 9 2 39.712 11.728 37.909 11.124
92 9 2 39.615 11.739 37.812 11.134
93 9 2 39.347 11.749 37.705 11.134
94 9 2 39.422 11.738 37.640 11.134
95 9 2 39.326 11.727 37.544 11.123
96 9 2 38.993 11.737 37.425 11.123
97 9 2 39.090 11.727 37.340 11.122
98 9 2 38.982 11.716 37.232 11.112
99 9 2 38.875 11.705 37.125 11.101
100 9 2 38.789 11.715 37.039 11.111
101 9 2 38.682 11.705 36.931 11.100
102 9 2 38.478 11.715 36.555 11.099
103 9 2 38.403 11.704 36.641 11.100
104 9 2 38.306 11.715 36.544 11.110
105 9 2 38.209 11.704 36.448 11.099
106 9 2 38.091 11.714 36.329 11.110
107 9 2 37.995 11.703 36.233 11.099
108 9 2 37.866 11.746 36.114 11.120
109 9 2 37.866 11.724 36.114 11.120
110 9 2 37.554 11.735 35.824 11.108
111 9 2 37.447 11.724 35.738 11.140
112 9 2 37.425 11.724 35.663 11.130
113 9 2 37.329 11.734 35.534 11.151
114 9 2 37.296 11.734 35.566 11.151
115 9 2 37.210 11.745 35.480 11.161
116 9 2 37.103 11.734 35.372 11.150
117 9 2 36.974 11.744 35.243 11.161
118 9 2 36.888 11.733 35.157 11.150
119 9 2 36.780 11.744 35.050 11.160
120 9 2 36.716 11.754 34.985 11.171
121 9 2 36.587 11.765 34.856 11.181
122 9 2 36.501 11.754 34.770 11.171
123 9 2 36.393 11.764 34.662 11.181
124 9 2 36.329 11.754 34.598 11.170
125 9 2 36.200 11.764 34.468 11.181
126 9 2 36.114 11.753 34.382 11.170
127 9 2 36.028 11.764 34.296 11.180
128 9 2 35.920 11.774 34.188 11.191
129 9 2 35.856 11.785 34.124 11.201
130 9 2 35.727 11.774 33.995 11.190
131 9 2 35.640 11.784 33.908 11.201
132 9 2 35.533 11.774 33.801 11.190
133 9 2 35.468 11.784 33.736 11.201
134 9 2 35.361 11.773 33.628 11.190
135 9 2 35.275 11.784 33.542 11.200
136 9 2 35.188 11.773 33.456 11.189
137 9 2 35.102 11.783 33.370 11.200
138 9 2 34.995 11.773 33.262 11.189
139 9 2 34.887 11.783 33.154 11.199
140 9 2 34.823 11.772 33.090 11.188
141 9 2 34.715 11.783 32.982 11.199
142 9 2 34.629 11.793 32.896 11.210
143 9 2 34.542 11.804 32.809 11.220
144 9 2 34.456 11.793 32.723 11.209
145 9 2 34.370 11.804 32.637 11.220
146 9 2 34.284 11.793 32.551 11.209
147 9 2 34.198 11.803 32.464 11.219
148 9 2 34.112 11.792 32.378 11.208
149 9 2 34.026 11.781 32.292 11.197
150 9 2 33.939 11.770 32.206 11.187
151 9 2 33.853 11.781 32.119 11.197
152 9 2 33.745 11.770 32.012 11.186
153 9 2 33.659 11.759 31.925 11.175
154 9 2 33.573 11.748 31.839 11.164
155 9 2 33.487 11.759 31.753 11.175
156 9 2 33.401 11.748 31.667 11.164
157 9 2 33.315 11.737 31.580 11.153
158 9 2 33.228 11.726 31.494 11.142
159 9 2 33.142 11.715 31.408 11.131
160 9 2 33.056 11.683 31.322 11.099
161 9 2 32.970 11.672 31.235 11.088
162 9 2 32.884 11.661 31.149 11.077
163 9 2 32.797 11.650 31.063 11.066
164 9 2 32.690 11.618 30.955 11.033
165 9 2 32.625 11.607 30.890 11.022
166 9 2 32.517 11.574 30.782 10.990
167 9 2 32.453 11.563 30.718 10.979
168 9 2 32.345 11.531 30.610 10.947
169 9 2 32.280 11.498 30.545 10.914
170 9 2 32.172 11.466 30.437 10.882
171 9 2 32.108 11.455 30.373 10.871
172 9 2 32.000 11.423 30.265 10.838
173 9 2 31.914 11.390 30.179 10.806
174 9 2 31.828 11.358 30.092 10.773
175 9 2 31.742 11.325 30.006 10.741
176 9 2 31.655 11.293 29.920 10.708
177 9 2 31.548 11.260 29.812 10.676
178 9 2 31.440 11.206 29.704 10.622
179 9 2 31.354 11.174 29.618 10.589
180 9 2 31.267 11.142 29.532 10.557
181 9 2 31.160 11.109 29.424 10.524
182 9 2 31.052 11.055 29.316 10.470
183 9 2 30.966 11.023 29.230 10.438
184 9 2 30.880 10.969 29.144 10.384
185 9 2 30.772 10.936 29.036 10.352
186 9 2 30.664 10.904 28.928 10.319
187 9 2 30.578 10.871 28.842 10.287
188 9 2 30.492 10.839 28.756 10.254
189 9 2 30.384 10.806 28.648 10.222
190 9 2 30.276 10.774 28.540 10.189
191 9 2 30.190 10.741 28.453 10.157
192 9 2 30.082 10.709 28.346 10.124
193 9 2 29.952 10.676 28.216 10.091
194 9 2 29.845 10.644 28.108 10.059
195 9 2 29.758 10.611 28.022 10.026
196 9 2 29.651 10.579 27.914 9.994
197 9 2 29.521 10.568 27.784 9.983
198 9 2 29.413 10.535 27.676 9.950
199 9 2 29.327 10.524 27.590 9.939
200 9 2 29.219 10.492 27.482 9.907
201 9 2 29.089 10.481 27.352 9.896
202 9 2 28.981 10.448 27.244 9.863
203 9 2 28.895 10.437 27.158 9.852
204 9 2 28.787 10.405 27.050 9.820
205 9 2 28.658 10.394 26.920 9.809
206 9 2 28.528 10.361 26.791 9.776
207 9 2 28.420 10.350 26.682 9.765
208 9 2 28.312 10.339 26.574 9.754
209 9 2 28.182 10.349 26.444 9.764
210 9 2 28.074 10.317 26.336 9.732
211 9 2 27.966 10.327 26.228 9.742
212 9 2 27.836 10.295 26.098 9.710
213 9 2 27.728 10.305 25.990 9.720
214 9 2 27.620 10.294 25.882 9.709
215 9 2 27.556 10.230 26.056 9.602
216 9 2 27.566 10.273 25.915 9.645
217 9 2 27.599 10.240 25.882 9.655
218 9 2 27.491 10.229 25.774 9.644
219 9 2 27.361 10.240 25.644 9.655
220 9 2 27.253 10.229 25.536 9.643
221 9 2 27.123 10.218 25.406 9.632
222 9 2 26.993 10.207 25.276 9.621
223 9 2 26.885 10.217 25.168 9.632
224 9 2 26.755 10.206 25.038 9.621
225 9 2 26.647 10.195 24.930 9.610
226 9 2 26.539 10.184 24.821 9.598
227 9 2 26.409 10.194 24.691 9.609
228 9 2 26.301 10.183 24.583 9.598
229 9 2 26.171 10.194 24.453 9.608
230 9 2 26.063 10.183 24.345 9.597
231 9 2 25.933 10.193 24.214 9.608
232 9 2 25.803 10.182 24.084 9.596
233 9 2 25.694 10.193 23.976 9.607
234 9 2 25.564 10.182 23.846 9.596
235 9 2 25.456 10.192 23.737 9.606
236 9 2 25.326 10.181 23.607 9.595
237 9 2 25.218 10.170 23.499 9.584
238 9 2 25.088 10.159 23.369 9.573
239 9 2 24.979 10.169 23.260 9.583
240 9 2 24.514 10.114 23.055 9.497
241 9 2 24.384 10.092 23.001 9.464
242 9 2 24.536 10.071 22.849 9.485
243 9 2 24.417 10.060 22.730 9.474
244 9 2 24.319 10.049 22.632 9.463
245 9 2 24.178 10.060 22.491 9.474
246 9 2 24.081 10.049 22.393 9.463
247 9 2 23.940 10.037 22.252 9.451
248 9 2 23.821 10.026 22.133 9.440
249 9 2 23.701 10.015 22.014 9.429
250 9 2 23.582 10.004 21.894 9.418
251 9 2 23.463 10.015 21.775 9.429
252 9 2 23.344 9.982 21.656 9.396
253 9 2 23.224 9.992 21.536 9.406
254 9 2 23.105 9.960 21.417 9.374
255 9 2 22.986 9.970 21.297 9.384
256 9 2 22.867 9.938 21.178 9.352
257 9 2 22.726 9.927 21.037 9.340
258 9 2 22.628 9.916 20.940 9.329
259 9 2 22.487 9.904 20.798 9.318
260 9 2 22.389 9.893 20.701 9.307
261 9 2 22.248 9.882 20.560 9.296
262 9 2 21.912 9.903 20.538 9.274
263 9 2 22.064 9.871 20.386 9.285
264 9 2 21.857 9.935 20.212 9.284
265 9 2 21.803 9.935 20.082 9.273
266 9 2 21.781 9.892 20.114 9.305
267 9 2 21.662 9.881 19.994 9.294
268 9 2 21.543 9.848 19.875 9.262
269 9 2 21.304 9.858 19.712 9.240
270 9 2 21.336 9.837 19.679 9.250
271 9 2 21.076 9.858 19.429 9.250
272 9 2 21.087 9.836 19.440 9.250
273 9 2 20.967 9.825 19.321 9.238
274 9 2 20.869 9.814 19.223 9.227
275 9 2 20.750 9.803 19.103 9.216
276 9 2 20.631 9.792 18.984 9.205
277 9 2 20.511 9.759 18.864 9.172
278 9 2 20.414 9.748 18.767 9.161
279 9 2 20.272 9.737 18.625 9.150
280 9 2 20.175 9.726 18.527 9.139
281 9 2 20.055 9.693 18.408 9.106
282 9 2 19.936 9.682 18.289 9.095
283 9 2 19.816 9.671 18.169 9.084
284 9 2 19.697 9.660 18.049 9.073
285 9 2 19.577 9.627 17.930 9.040
286 9 2 19.480 9.616 17.832 9.029
287 9 2 19.360 9.583 17.713 8.997
288 9 2 19.241 9.572 17.593 8.986
289 9 2 19.122 9.540 17.474 8.953
290 9 2 19.024 9.529 17.376 8.942
291 9 2 18.883 9.496 17.235 8.909
292 9 2 18.785 9.485 17.137 8.898
293 9 2 18.665 9.452 17.017 8.865
294 9 2 18.568 9.441 16.919 8.854
295 9 2 18.426 9.408 16.778 8.821
296 9 2 18.133 9.343 16.573 8.670
297 9 2 18.177 9.300 16.540 8.713
298 9 2 18.069 9.267 16.431 8.680
299 9 2 17.982 9.235 16.344 8.648
300 9 2 17.873 9.224 16.236 8.636
301 9 2 17.743 9.169 16.105 8.582
302 9 2 17.635 9.158 15.997 8.571
303 9 2 17.548 9.104 15.910 8.517
304 9 2 17.418 9.071 15.780 8.484
305 9 2 17.309 9.039 15.671 8.451
306 9 2 17.179 9.006 15.541 8.419
307 9 2 17.071 8.952 15.432 8.364
308 9 2 16.984 8.919 15.346 8.332
309 9 2 16.897 8.865 15.259 8.278
310 9 2 16.789 8.832 15.150 8.245
311 9 2 16.659 8.778 15.020 8.190
312 9 2 16.550 8.745 14.912 8.158
313 9 2 16.464 8.691 14.825 8.104
314 9 2 16.377 8.658 14.738 8.071
315 9 2 16.269 8.604 14.630 8.017
316 9 2 16.138 8.571 14.499 7.984
317 9 2 16.052 8.517 14.413 7.930
318 9 2 15.943 8.485 14.304 7.897
319 9 2 15.878 8.430 14.240 7.843
320 9 2 15.748 8.376 14.109 7.789
321 9 2 15.662 8.322 14.023 7.734
322 9 2 15.554 8.268 13.915 7.680
323 9 2 15.489 8.214 13.850 7.626
324 9 2 15.381 8.159 13.741 7.572
325 9 2 15.294 8.105 13.655 7.518
326 9 2 15.208 8.051 13.568 7.463
327 9 2 15.121 7.997 13.482 7.409
328 9 2 15.013 7.943 13.374 7.355
329 9 2 14.926 7.867 13.287 7.279
330 9 2 14.840 7.813 13.201 7.225
331 9 2 14.754 7.737 13.115 7.149
332 9 2 14.667 7.683 13.028 7.095
333 9 2 14.581 7.607 12.942 7.019
334 9 2 14.495 7.553 12.855 6.965
335 9 2 14.430 7.477 12.791 6.889
336 9 2 14.365 7.423 12.726 6.835
337 9 2 14.257 7.369 12.618 6.781
338 9 2 14.192 7.315 12.553 6.727
339 9 2 14.084 7.239 12.445 6.651
340 9 2 14.020 7.185 12.380 6.597
341 9 2 13.934 7.109 12.294 6.521
342 9 2 13.869 7.055 12.230 6.467
343 9 2 13.804 6.979 12.165 6.391
344 9 2 13.718 6.925 12.079 6.337
345 9 2 13.632 6.849 11.992 6.262
346 9 2 13.567 6.795 11.928 6.207
347 9 2 13.502 6.741 11.863 6.153
348 9 2 13.416 6.687 11.777 6.099
349 9 2 13.352 6.611 11.712 6.024
350 9 2 13.309 6.557 11.669 5.970
351 9 2 13.223 6.482 11.583 5.894
352 9 2 13.158 6.428 11.518 5.840
353 9 2 13.071 6.374 11.432 5.786
354 9 2 13.007 6.319 11.367 5.731
355 9 2 12.964 6.244 11.325 5.656
356 9 2 12.899 6.190 11.260 5.602
357 9 2 12.813 6.136 11.174 5.548
0 11 2 50.937 10.501 49.167 9.719
1 11 2 50.990 10.523 49.135 9.708
2 11 2 50.884 10.533 49.028 9.718
3 11 2 50.820 10.544 48.965 9.729
4 11 2 50.735 10.554 48.880 9.739
5 11 2 50.640 10.565 48.784 9.750
6 11 2 50.566 10.575 48.710 9.760
7 11 2 50.481 10.586 48.625 9.771
8 11 2 50.385 10.596 48.529 9.781
9 11 2 50.311 10.607 48.454 9.791
10 11 2 50.226 10.617 48.369 9.802
11 11 2 50.045 10.659 48.156 9.780
12 11 2 49.854 10.670 47.986 9.790
13 11 2 49.864 10.648 47.997 9.790
14 11 2 49.726 10.691 47.763 9.843
15 11 2 49.599 10.712 47.667 9.864
16 11 2 49.546 10.722 47.614 9.874
17 11 2 49.471 10.722 47.582 9.874
18 11 2 49.418 10.743 47.507 9.885
19 11 2 49.386 10.754 47.497 9.906
20 11 2 49.344 10.775 47.454 9.927
21 11 2 49.301 10.764 47.412 9.917
22 11 2 49.216 10.764 47.327 9.916
23 11 2 49.131 10.764 47.241 9.916
24 11 2 49.025 10.785 47.135 9.937
25 11 2 48.918 10.785 47.028 9.937
26 11 2 48.823 10.806 46.933 9.958
27 11 2 48.706 10.806 46.815 9.958
28 11 2 48.620 10.827 46.730 9.979
29 11 2 48.514 10.827 46.624 9.979
30 11 2 48.408 10.826 46.517 9.978
31 11 2 48.301 10.847 46.411 9.999
32 11 2 48.216 10.847 46.325 9.999
33 11 2 48.109 10.847 46.219 9.999
34 11 2 48.003 10.847 46.112 9.999
35 11 2 47.896 10.846 46.006 9.998
36 11 2 47.790 10.846 45.899 9.998
37 11 2 47.683 10.846 45.792 9.998
38 11 2 47.598 10.846 45.707 9.997
39 11 2 47.492 10.846 45.600 9.997
40 11 2 47.385 10.867 45.494 10.018
41 11 2 47.279 10.866 45.387 10.018
42 11 2 47.172 10.866 45.280 10.018
43 11 2 47.065 10.866 45.174 10.017
44 11 2 46.959 10.866 45.067 10.017
45 11 2 46.852 10.865 44.960 10.017
46 11 2 46.746 10.865 44.854 10.017
47 11 2 46.639 10.865 44.747 10.016
48 11 2 46.532 10.886 44.640 10.037
49 11 2 46.426 10.886 44.533 10.037
50 11 2 46.319 10.886 44.427 10.037
51 11 2 46.212 10.885 44.320 10.037
52 11 2 46.106 10.885 44.213 10.036
53 11 2 45.999 10.885 44.106 10.036
54 11 2 45.892 10.885 44.000 10.036
55 11 2 45.764 10.884 43.871 10.035
56 11 2 45.658 10.884 43.765 10.035
57 11 2 45.551 10.884 43.658 10.035
58 11 2 45.444 10.884 43.551 10.035
59 11 2 45.337 10.883 43.444 10.034
60 11 2 45.231 10.883 43.337 10.034
61 11 2 45.124 10.861 43.230 10.012
62 11 2 45.017 10.861 43.123 10.012
63 11 2 44.889 10.861 42.995 10.012
64 11 2 44.782 10.861 42.888 10.011
65 11 2 44.675 10.839 42.781 9.990
66 11 2 44.569 10.839 42.674 9.990
67 11 2 44.462 10.817 42.568 9.968
68 11 2 44.355 10.817 42.461 9.968
69 11 2 44.248 10.817 42.354 9.967
70 11 2 44.141 10.795 42.247 9.946
71 11 2 44.013 10.795 42.118 9.945
72 11 2 43.906 10.773 42.011 9.924
73 11 2 43.799 10.773 41.904 9.923
74 11 2 43.692 10.773 41.797 9.923
75 11 2 43.585 10.751 41.690 9.901
76 11 2 43.478 10.751 41.583 9.901
77 11 2 43.371 10.729 41.476 9.879
78 11 2 43.243 10.729 41.348 9.879
79 11 2 43.136 10.729 41.241 9.879
80 11 2 43.029 10.707 41.134 9.857
81 11 2 42.922 10.707 41.027 9.857
82 11 2 42.815 10.685 40.920 9.835
83 11 2 42.708 10.685 40.813 9.835
84 11 2 42.602 10.684 40.706 9.835
85 11 2 42.495 10.663 40.599 9.813
86 11 2 42.366 10.663 40.470 9.813
87 11 2 42.259 10.641 40.363 9.791
88 11 2 42.152 10.641 40.256 9.791
89 11 2 42.045 10.640 40.149 9.790
90 11 2 41.938 10.619 40.042 9.769
91 11 2 41.831 10.618 39.935 9.768
92 11 2 41.724 10.618 39.828 9.768
93 11 2 41.617 10.618 39.720 9.768
94 11 2 41.510 10.596 39.613 9.746
95 11 2 41.403 10.596 39.506 9.746
96 11 2 41.253 10.553 39.592 9.703
97 11 2 41.092 10.563 39.656 9.618
98 11 2 41.296 10.510 39.453 9.660
99 11 2 41.199 10.510 39.356 9.660
100 11 2 41.103 10.510 39.260 9.660
101 11 2 40.985 10.488 39.142 9.638
102 11 2 40.889 10.488 39.045 9.638
103 11 2 40.771 10.466 38.927 9.616
104 11 2 40.696 10.466 38.852 9.616
105 11 2 40.578 10.466 38.734 9.615
106 11 2 40.482 10.444 38.638 9.594
107 11 2 40.364 10.444 38.520 9.593
108 11 2 40.289 10.422 38.445 9.572
109 11 2 40.171 10.422 38.327 9.571
110 11 2 40.096 10.422 38.252 9.571
111 11 2 39.978 10.421 38.134 9.571
112 11 2 39.689 10.453 37.984 9.624
113 11 2 39.753 10.453 37.919 9.613
114 11 2 39.668 10.442 37.834 9.602
115 11 2 39.582 10.431 37.748 9.591
116 11 2 39.496 10.442 37.662 9.602
117 11 2 39.410 10.431 37.576 9.591
118 11 2 39.303 10.441 37.469 9.601
119 11 2 39.239 10.430 37.404 9.590
120 11 2 39.132 10.441 37.297 9.601
121 11 2 39.067 10.430 37.233 9.590
122 11 2 38.960 10.440 37.125 9.600
123 11 2 38.874 10.451 37.040 9.611
124 11 2 38.788 10.461 36.954 9.621
125 11 2 38.703 10.472 36.868 9.632
126 11 2 38.617 10.482 36.782 9.642
127 11 2 38.531 10.493 36.696 9.653
128 11 2 38.424 10.503 36.589 9.663
129 11 2 38.316 10.514 36.481 9.673
130 11 2 38.252 10.524 36.417 9.684
131 11 2 38.123 10.535 36.288 9.694
132 11 2 38.037 10.545 36.202 9.705
133 11 2 37.952 10.556 36.116 9.715
134 11 2 37.866 10.566 36.030 9.726
135 11 2 37.758 10.577 35.923 9.736
136 11 2 37.694 10.609 35.858 9.768
137 11 2 37.587 10.619 35.751 9.779
138 11 2 37.522 10.630 35.686 9.789
139 11 2 37.415 10.640 35.579 9.799
140 11 2 37.329 10.651 35.493 9.810
141 11 2 37.243 10.640 35.407 9.799
142 11 2 37.157 10.672 35.321 9.831
143 11 2 37.071 10.661 35.235 9.820
144 11 2 36.641 10.703 35.041 9.755
145 11 2 36.609 10.692 34.719 9.786
146 11 2 36.577 10.660 34.762 9.819
147 11 2 36.491 10.670 34.676 9.829
148 11 2 36.384 10.659 34.568 9.818
149 11 2 36.298 10.670 34.482 9.829
150 11 2 36.212 10.680 34.396 9.839
151 11 2 36.104 10.691 34.288 9.850
152 11 2 36.018 10.701 34.202 9.860
153 11 2 35.932 10.712 34.116 9.871
154 11 2 35.846 10.701 34.030 9.860
155 11 2 35.739 10.711 33.922 9.870
156 11 2 35.653 10.722 33.836 9.881
157 11 2 35.567 10.732 33.750 9.891
158 11 2 35.459 10.721 33.643 9.880
159 11 2 35.373 10.753 33.556 9.912
160 11 2 35.287 10.742 33.470 9.901
161 11 2 35.201 10.753 33.384 9.912
162 11 2 35.093 10.742 33.277 9.901
163 11 2 35.007 10.752 33.190 9.911
164 11 2 34.921 10.763 33.104 9.922
165 11 2 34.835 10.774 33.018 9.932
166 11 2 34.728 10.784 32.910 9.943
167 11 2 34.641 10.795 32.824 9.953
168 11 2 34.555 10.784 32.738 9.942
169 11 2 34.469 10.794 32.652 9.953
170 11 2 34.362 10.805 32.544 9.963
171 11 2 34.275 10.815 32.458 9.974
172 11 2 34.189 10.804 32.372 9.963
173 11 2 34.082 10.815 32.264 9.973
174 11 2 33.996 10.804 32.178 9.962
175 11 2 33.888 10.814 32.070 9.973
176 11 2 33.802 10.803 31.984 9.962
177 11 2 33.716 10.814 31.897 9.972
178 11 2 33.608 10.803 31.790 9.961
179 11 2 33.522 10.813 31.703 9.972
180 11 2 33.436 10.803 31.617 9.961
181 11 2 33.328 10.813 31.509 9.971
182 11 2 33.252 10.856 31.811 9.950
183 11 2 33.414 10.813 31.617 9.971
184 11 2 33.328 10.802 31.531 9.960
185 11 2 33.220 10.813 31.423 9.971
186 11 2 33.134 10.802 31.337 9.960
187 11 2 33.048 10.812 31.251 9.970
188 11 2 32.940 10.801 31.143 9.959
189 11 2 32.832 10.790 31.035 9.948
190 11 2 32.746 10.779 30.949 9.937
191 11 2 32.638 10.790 30.841 9.948
192 11 2 32.531 10.779 30.733 9.937
193 11 2 32.444 10.790 30.647 9.947
194 11 2 32.337 10.779 30.539 9.936
195 11 2 32.229 10.768 30.431 9.925
196 11 2 32.143 10.757 30.345 9.914
197 11 2 32.035 10.746 30.237 9.903
198 11 2 31.927 10.735 30.129 9.892
199 11 2 31.841 10.724 30.043 9.881
200 11 2 31.733 10.713 29.935 9.870
201 11 2 31.625 10.702 29.827 9.859
202 11 2 31.539 10.691 29.741 9.848
203 11 2 31.431 10.680 29.633 9.837
204 11 2 31.302 10.669 29.503 9.826
205 11 2 31.194 10.679 29.395 9.837
206 11 2 31.086 10.668 29.287 9.826
207 11 2 30.956 10.657 29.158 9.815
208 11 2 30.849 10.646 29.050 9.803
209 11 2 30.762 10.635 28.963 9.792
210 11 2 30.654 10.624 28.855 9.781
211 11 2 30.525 10.613 28.726 9.770
212 11 2 30.417 10.602 28.618 9.759
213 11 2 30.331 10.591 28.531 9.748
214 11 2 30.223 10.580 28.423 9.737
215 11 2 30.093 10.569 28.294 9.726
216 11 2 29.986 10.537 28.186 9.694
217 11 2 29.878 10.547 28.078 9.704
218 11 2 29.748 10.515 27.948 9.672
219 11 2 29.640 10.504 27.840 9.661
220 11 2 29.554 10.493 27.754 9.650
221 11 2 29.424 10.481 27.624 9.638
222 11 2 29.316 10.470 27.516 9.627
223 11 2 29.187 10.459 27.386 9.616
224 11 2 29.133 10.416 27.159 9.605
225 11 2 29.014 10.427 27.192 9.584
226 11 2 29.003 10.416 27.203 9.584
227 11 2 28.895 10.416 27.095 9.583
228 11 2 28.787 10.415 26.986 9.583
229 11 2 28.657 10.415 26.857 9.583
230 11 2 28.549 10.415 26.749 9.582
231 11 2 28.441 10.415 26.640 9.582
232 11 2 28.312 10.414 26.510 9.582
233 11 2 28.182 10.392 26.381 9.560
234 11 2 28.074 10.371 26.273 9.538
235 11 2 27.944 10.370 26.143 9.538
236 11 2 27.814 10.370 26.013 9.537
237 11 2 27.706 10.370 25.905 9.537
238 11 2 27.565 10.412 25.710 9.515
239 11 2 27.533 10.369 25.732 9.536
240 11 2 27.425 10.369 25.623 9.536
241 11 2 27.295 10.369 25.493 9.536
242 11 2 27.187 10.368 25.385 9.536
243 11 2 27.057 10.347 25.255 9.514
244 11 2 26.949 10.325 25.147 9.492
245 11 2 26.819 10.346 25.017 9.513
246 11 2 26.689 10.324 24.887 9.491
247 11 2 26.581 10.345 24.779 9.512
248 11 2 26.451 10.324 24.649 9.490
249 11 2 26.321 10.323 24.519 9.490
250 11 2 26.192 10.323 24.389 9.490
251 11 2 26.083 10.323 24.280 9.489
252 11 2 25.953 10.322 24.150 9.489
253 11 2 25.823 10.322 24.020 9.489
254 11 2 25.693 10.322 23.890 9.488
255 11 2 25.585 10.321 23.782 9.488
256 11 2 25.455 10.321 23.652 9.488
257 11 2 25.325 10.321 23.521 9.487
258 11 2 25.217 10.321 23.413 9.487
259 11 2 25.086 10.342 23.283 9.508
260 11 2 24.957 10.320 23.153 9.486
261 11 2 24.848 10.341 23.044 9.507
262 11 2 24.718 10.341 22.914 9.507
263 11 2 24.577 10.405 22.664 9.485
264 11 2 24.479 10.437 22.512 9.538
265 11 2 24.272 10.480 22.426 9.506
266 11 2 24.208 10.437 22.371 9.549
267 11 2 24.186 10.404 22.382 9.570
268 11 2 24.056 10.404 22.251 9.570
269 11 2 23.948 10.404 22.143 9.570
270 11 2 23.796 10.425 21.991 9.591
271 11 2 23.687 10.425 21.882 9.590
272 11 2 23.557 10.424 21.752 9.590
273 11 2 23.427 10.424 21.621 9.590
274 11 2 23.296 10.445 21.491 9.611
275 11 2 23.188 10.466 21.382 9.632
276 11 2 23.079 10.466 21.273 9.632
277 11 2 22.927 10.487 21.121 9.653
278 11 2 22.818 10.509 21.012 9.674
279 11 2 22.688 10.508 20.882 9.674
280 11 2 22.557 10.530 20.751 9.695
281 11 2 22.427 10.551 20.620 9.716
282 11 2 22.035 10.615 20.339 9.640
283 11 2 21.905 10.625 20.165 9.618
284 11 2 21.764 10.603 20.034 9.618
285 11 2 21.601 10.614 19.795 9.671
286 11 2 21.590 10.549 19.816 9.714
287 11 2 21.175 10.753 19.674 9.714
288 11 2 21.142 10.774 19.533 9.746
289 11 2 21.055 10.796 19.413 9.745
290 11 2 21.023 10.785 19.282 9.777
291 11 2 21.024 10.698 19.281 9.864
292 11 2 20.675 10.795 19.010 9.809
293 11 2 20.544 10.848 18.955 9.809
294 11 2 20.435 10.881 18.835 9.862
295 11 2 20.457 10.837 18.671 9.916
296 11 2 20.336 10.891 18.508 9.905
297 11 2 20.260 10.880 18.355 9.969
298 11 2 20.174 10.848 18.158 10.001
299 11 2 20.032 10.836 18.322 10.001
300 11 2 19.912 10.858 18.202 10.023
301 11 2 19.771 10.879 18.060 10.044
302 11 2 19.640 10.933 17.537 9.999
303 11 2 19.540 11.062 17.386 9.880
304 11 2 19.345 10.964 17.351 10.074
305 11 2 19.225 11.007 17.209 10.085
306 11 2 19.105 11.029 17.188 10.074
307 11 2 19.072 11.061 17.176 10.096
308 11 2 19.040 11.039 17.122 10.085
309 11 2 18.952 11.093 17.067 10.106
310 11 2 18.712 11.136 16.893 10.095
311 11 2 18.669 11.028 16.957 10.192
312 11 2 18.549 11.049 16.837 10.213
313 11 2 18.429 11.070 16.717 10.235
314 11 2 18.309 11.070 16.597 10.234
315 11 2 18.211 11.070 16.499 10.234
316 11 2 18.069 11.091 16.357 10.255
317 11 2 17.949 11.113 16.236 10.277
318 11 2 17.741 11.220 15.843 10.319
319 11 2 17.610 11.242 15.636 10.318
320 11 2 17.446 11.252 15.614 10.318
321 11 2 17.402 11.241 15.428 10.329
322 11 2 17.260 11.262 15.253 10.350
323 11 2 17.184 11.241 15.122 10.350
324 11 2 17.457 11.263 14.654 10.251
325 11 2 16.999 11.197 15.286 10.361
326 11 2 16.879 11.197 15.166 10.361
327 11 2 16.759 11.197 15.045 10.360
328 11 2 16.640 11.175 14.926 10.338
329 11 2 16.520 11.174 14.806 10.338
330 11 2 16.400 11.153 14.686 10.316
331 11 2 16.280 11.152 14.566 10.316
332 11 2 16.160 11.130 14.446 10.294
333 11 2 16.040 11.109 14.326 10.272
334 11 2 15.942 11.087 14.228 10.250
335 11 2 15.822 11.086 14.108 10.250
336 11 2 15.702 11.065 13.988 10.228
337 11 2 15.582 11.043 13.868 10.206
338 11 2 15.463 11.021 13.748 10.184
339 11 2 15.343 10.999 13.628 10.162
340 11 2 15.223 10.977 13.508 10.140
341 11 2 15.111 11.193 12.975 9.923
342 11 2 15.101 11.139 12.910 9.901
343 11 2 14.863 10.933 13.148 10.096
344 11 2 14.743 10.911 13.028 10.074
345 11 2 14.623 10.889 12.908 10.052
346 11 2 14.503 10.867 12.788 10.030
347 11 2 14.383 10.845 12.668 10.008
348 11 2 14.263 10.823 12.548 9.986
349 11 2 14.144 10.801 12.428 9.964
350 11 2 14.024 10.780 12.308 9.943
351 11 2 13.904 10.758 12.188 9.921
352 11 2 13.784 10.736 12.068 9.899
353 11 2 13.663 10.735 11.948 9.898
354 11 2 13.543 10.714 11.828 9.876
355 11 2 13.423 10.713 11.707 9.876
356 11 2 13.325 10.713 11.609 9.876
357 11 2 13.289 10.908 11.011 9.625
29 12 2 51.856 9.875 49.853 9.081
30 12 2 51.856 9.864 49.864 9.071
31 12 2 51.792 9.864 49.800 9.071
32 12 2 51.707 9.896 49.715 9.102
33 12 2 51.644 9.885 49.652 9.091
34 12 2 51.687 9.939 49.674 9.336
35 12 2 51.666 9.992 49.674 9.251
36 12 2 51.602 10.013 49.610 9.272
37 12 2 51.517 10.013 49.525 9.272
38 12 2 51.305 9.980 49.451 9.368
39 12 2 51.241 10.012 49.547 9.347
40 12 2 51.347 10.023 49.430 9.325
41 12 2 51.273 10.023 49.355 9.325
42 12 2 51.199 10.044 49.281 9.346
43 12 2 51.124 10.022 49.207 9.324
44 12 2 51.029 10.043 49.111 9.346
45 12 2 50.955 10.043 49.037 9.345
46 12 2 50.859 10.043 48.941 9.345
47 12 2 50.785 10.043 48.866 9.345
48 12 2 50.689 10.064 48.771 9.366
49 12 2 50.615 10.085 48.697 9.387
50 12 2 50.519 10.085 48.601 9.387
51 12 2 50.445 10.084 48.526 9.386
52 12 2 50.349 10.084 48.431 9.386
53 12 2 50.275 10.105 48.356 9.407
54 12 2 50.180 10.126 48.261 9.428
55 12 2 50.105 10.126 48.186 9.428
56 12 2 50.009 10.126 48.090 9.428
57 12 2 49.914 10.147 47.995 9.449
58 12 2 49.818 10.168 47.899 9.470
59 12 2 49.744 10.168 47.825 9.470
60 12 2 49.648 10.168 47.729 9.469
61 12 2 49.553 10.189 47.633 9.491
62 12 2 49.436 10.231 47.516 9.533
63 12 2 49.362 10.231 47.442 9.533
64 12 2 49.266 10.252 47.346 9.554
65 12 2 49.170 10.252 47.250 9.553
66 12 2 49.075 10.273 47.154 9.575
67 12 2 48.979 10.315 47.059 9.617
68 12 2 48.883 10.315 46.963 9.617
69 12 2 48.788 10.336 46.867 9.638
70 12 2 48.692 10.336 46.771 9.637
71 12 2 48.596 10.357 46.675 9.659
72 12 2 48.501 10.378 46.580 9.680
73 12 2 48.405 10.378 46.484 9.679
74 12 2 48.309 10.378 46.388 9.679
75 12 2 48.213 10.399 46.292 9.700
76 12 2 48.096 10.420 46.175 9.721
77 12 2 48.022 10.420 46.100 9.721
78 12 2 47.905 10.419 45.983 9.721
79 12 2 47.830 10.441 45.908 9.742
80 12 2 47.713 10.462 45.791 9.763
81 12 2 47.617 10.461 45.695 9.763
82 12 2 47.521 10.461 45.599 9.762
83 12 2 47.425 10.461 45.503 9.762
84 12 2 47.287 10.461 45.365 9.762
85 12 2 47.191 10.460 45.269 9.761
86 12 2 47.074 10.460 45.151 9.761
87 12 2 46.978 10.481 45.055 9.782
88 12 2 46.861 10.502 44.938 9.803
89 12 2 46.765 10.481 44.842 9.782
90 12 2 46.648 10.502 44.725 9.803
91 12 2 46.552 10.502 44.629 9.802
92 12 2 46.434 10.501 44.511 9.802
93 12 2 46.339 10.501 44.415 9.802
94 12 2 46.221 10.501 44.298 9.802
95 12 2 46.125 10.500 44.202 9.801
96 12 2 46.008 10.500 44.084 9.801
97 12 2 45.912 10.500 43.988 9.801
98 12 2 45.795 10.521 43.871 9.822
99 12 2 45.699 10.542 43.775 9.843
100 12 2 45.581 10.521 43.657 9.821
101 12 2 45.485 10.542 43.561 9.842
102 12 2 45.368 10.520 43.443 9.821
103 12 2 45.272 10.541 43.347 9.842
104 12 2 45.133 10.519 43.208 9.820
105 12 2 45.037 10.541 43.112 9.841
106 12 2 44.920 10.519 42.995 9.819
107 12 2 44.824 10.540 42.899 9.841
108 12 2 44.685 10.518 42.760 9.819
109 12 2 44.589 10.540 42.663 9.840
110 12 2 44.471 10.518 42.546 9.818
111 12 2 44.375 10.539 42.450 9.839
112 12 2 44.258 10.517 42.332 9.818
113 12 2 44.140 10.517 42.214 9.817
114 12 2 44.023 10.517 42.097 9.817
115 12 2 43.926 10.517 42.000 9.817
116 12 2 43.809 10.516 41.883 9.816
117 12 2 43.691 10.516 41.765 9.816
118 12 2 43.574 10.516 41.647 9.816
119 12 2 43.478 10.515 41.551 9.816
120 12 2 43.360 10.515 41.433 9.815
121 12 2 43.264 10.515 41.337 9.815
122 12 2 43.125 10.515 41.198 9.815
123 12 2 43.029 10.514 41.102 9.814
124 12 2 42.911 10.514 40.984 9.814
125 12 2 42.794 10.514 40.866 9.814
126 12 2 42.676 10.514 40.749 9.813
127 12 2 42.580 10.513 40.652 9.813
128 12 2 42.441 10.513 40.513 9.813
129 12 2 42.344 10.513 40.417 9.812
130 12 2 42.227 10.512 40.299 9.812
131 12 2 42.109 10.512 40.181 9.812
132 12 2 41.991 10.512 40.063 9.812
133 12 2 41.874 10.512 39.945 9.811
134 12 2 41.756 10.511 39.828 9.811
135 12 2 41.660 10.511 39.731 9.811
136 12 2 41.542 10.511 39.613 9.810
137 12 2 41.446 10.489 39.517 9.789
138 12 2 41.306 10.467 39.378 9.767
139 12 2 41.210 10.489 39.281 9.788
140 12 2 41.092 10.467 39.163 9.766
141 12 2 40.974 10.467 39.045 9.766
142 12 2 40.857 10.466 38.927 9.766
143 12 2 40.760 10.466 38.831 9.765
144 12 2 40.643 10.466 38.713 9.765
145 12 2 40.525 10.465 38.595 9.765
146 12 2 40.407 10.465 38.477 9.764
147 12 2 40.310 10.444 38.381 9.743
148 12 2 40.171 10.422 38.241 9.721
149 12 2 40.075 10.443 38.145 9.742
150 12 2 39.935 10.421 38.005 9.720
151 12 2 39.775 10.410 37.984 9.795
152 12 2 39.839 10.442 37.919 9.752
153 12 2 39.732 10.431 37.812 9.741
154 12 2 39.625 10.442 37.705 9.752
155 12 2 39.496 10.452 37.576 9.762
156 12 2 39.389 10.441 37.469 9.751
157 12 2 39.282 10.452 37.361 9.761
158 12 2 39.153 10.441 37.233 9.750
159 12 2 39.046 10.451 37.125 9.761
160 12 2 38.939 10.440 37.018 9.750
161 12 2 38.810 10.451 36.889 9.760
162 12 2 38.703 10.440 36.782 9.749
163 12 2 38.595 10.450 36.674 9.760
164 12 2 38.467 10.439 36.546 9.749
165 12 2 38.359 10.450 36.438 9.759
166 12 2 38.252 10.439 36.331 9.748
167 12 2 38.123 10.449 36.202 9.758
168 12 2 38.016 10.459 36.094 9.769
169 12 2 37.909 10.470 35.987 9.779
170 12 2 37.780 10.459 35.858 9.768
171 12 2 37.673 10.469 35.751 9.779
172 12 2 37.587 10.458 35.665 9.768
173 12 2 37.458 10.490 35.536 9.799
174 12 2 37.350 10.479 35.428 9.788
175 12 2 37.222 10.490 35.299 9.799
176 12 2 37.114 10.500 35.192 9.809
177 12 2 37.028 10.511 35.106 9.820
178 12 2 36.760 10.435 34.998 9.734
179 12 2 36.835 10.424 34.923 9.733
180 12 2 36.738 10.435 34.826 9.744
181 12 2 36.620 10.445 34.708 9.754
182 12 2 36.524 10.434 34.611 9.743
183 12 2 36.405 10.466 34.493 9.775
184 12 2 36.309 10.455 34.396 9.764
185 12 2 36.190 10.466 34.278 9.775
186 12 2 36.094 10.476 34.181 9.785
187 12 2 35.975 10.487 34.062 9.795
188 12 2 35.879 10.476 33.966 9.784
189 12 2 35.760 10.486 33.847 9.795
190 12 2 35.664 10.497 33.750 9.805
191 12 2 35.545 10.507 33.632 9.816
192 12 2 35.449 10.496 33.535 9.805
193 12 2 35.330 10.528 33.417 9.837
194 12 2 35.234 10.517 33.320 9.826
195 12 2 35.115 10.527 33.201 9.836
196 12 2 35.018 10.538 33.104 9.846
197 12 2 34.900 10.548 32.986 9.857
198 12 2 34.782 10.537 32.867 9.846
199 12 2 34.663 10.548 32.749 9.856
200 12 2 34.567 10.558 32.652 9.867
201 12 2 34.050 10.579 32.695 9.770
202 12 2 34.104 10.589 32.653 9.631
203 12 2 34.308 10.461 32.448 9.759
204 12 2 34.201 10.461 32.340 9.759
205 12 2 34.072 10.461 32.211 9.758
206 12 2 33.964 10.460 32.103 9.758
207 12 2 33.878 10.460 32.017 9.758
208 12 2 33.770 10.460 31.909 9.757
209 12 2 33.641 10.459 31.780 9.757
210 12 2 33.533 10.459 31.672 9.757
211 12 2 33.426 10.459 31.564 9.757
212 12 2 33.296 10.566 31.359 9.885
213 12 2 33.253 10.566 31.391 9.874
214 12 2 33.145 10.555 31.283 9.863
215 12 2 33.059 10.565 31.197 9.874
216 12 2 32.952 10.554 31.089 9.863
217 12 2 32.844 10.565 30.981 9.873
218 12 2 32.736 10.532 30.874 9.841
219 12 2 32.607 10.543 30.744 9.851
220 12 2 32.499 10.532 30.636 9.840
221 12 2 32.413 10.521 30.550 9.829
222 12 2 32.284 10.510 30.421 9.818
223 12 2 32.176 10.499 30.313 9.807
224 12 2 32.046 10.488 30.183 9.796
225 12 2 31.615 10.465 30.119 9.720
226 12 2 31.799 10.434 29.957 9.741
227 12 2 31.691 10.423 29.849 9.730
228 12 2 31.605 10.412 29.763 9.719
229 12 2 31.497 10.401 29.655 9.708
230 12 2 31.389 10.390 29.547 9.697
231 12 2 31.281 10.357 29.439 9.665
232 12 2 31.152 10.346 29.310 9.654
233 12 2 31.044 10.314 29.202 9.621
234 12 2 30.958 10.324 29.115 9.632
235 12 2 30.850 10.292 29.008 9.599
236 12 2 30.721 10.280 28.878 9.588
237 12 2 30.613 10.269 28.770 9.577
238 12 2 30.527 10.259 28.684 9.566
239 12 2 30.419 10.226 28.576 9.534
240 12 2 30.289 10.215 28.446 9.523
241 12 2 30.182 10.182 28.338 9.490
242 12 2 30.095 10.171 28.252 9.479
243 12 2 29.987 10.160 28.144 9.468
244 12 2 29.858 10.149 28.014 9.457
245 12 2 29.750 10.117 27.907 9.424
246 12 2 29.642 10.106 27.799 9.413
247 12 2 29.513 10.095 27.669 9.402
248 12 2 29.405 10.084 27.561 9.391
249 12 2 29.318 10.051 27.475 9.359
250 12 2 29.210 10.040 27.366 9.348
251 12 2 29.081 10.029 27.237 9.336
252 12 2 28.973 10.018 27.129 9.325
253 12 2 28.865 9.986 27.021 9.293
254 12 2 28.735 9.996 26.891 9.303
255 12 2 28.627 9.964 26.783 9.271
256 12 2 28.541 9.953 26.697 9.260
257 12 2 28.433 9.942 26.588 9.249
258 12 2 28.303 9.930 26.459 9.238
259 12 2 28.174 9.898 26.329 9.205
260 12 2 27.741 9.972 26.253 9.269
261 12 2 27.720 9.940 26.210 9.280
262 12 2 27.547 9.928 26.090 9.290
263 12 2 27.720 9.940 25.928 9.268
264 12 2 27.601 9.929 25.809 9.257
265 12 2 27.482 9.918 25.690 9.246
266 12 2 27.277 9.874 25.441 9.224
267 12 2 27.255 9.885 25.463 9.224
268 12 2 27.136 9.884 25.344 9.224
269 12 2 27.039 9.863 25.247 9.202
270 12 2 26.920 9.841 25.128 9.180
271 12 2 26.823 9.841 25.030 9.180
272 12 2 26.704 9.819 24.911 9.158
273 12 2 26.606 9.818 24.814 9.157
274 12 2 26.487 9.797 24.695 9.136
275 12 2 26.368 9.796 24.576 9.135
276 12 2 26.249 9.774 24.457 9.113
277 12 2 26.152 9.753 24.359 9.092
278 12 2 26.033 9.752 24.240 9.091
279 12 2 25.914 9.731 24.121 9.069
280 12 2 25.795 9.730 24.002 9.069
281 12 2 25.449 9.708 23.873 8.929
282 12 2 25.558 9.644 23.775 8.982
283 12 2 25.449 9.622 23.667 8.961
284 12 2 25.341 9.621 23.558 8.960
285 12 2 25.233 9.600 23.450 8.938
286 12 2 25.125 9.599 23.342 8.938
287 12 2 24.995 9.577 23.212 8.916
288 12 2 24.887 9.556 23.104 8.894
289 12 2 24.778 9.555 22.995 8.894
290 12 2 24.670 9.534 22.887 8.872
291 12 2 24.562 9.512 22.779 8.850
292 12 2 24.432 9.490 22.649 8.828
293 12 2 24.324 9.490 22.540 8.828
294 12 2 24.215 9.468 22.432 8.806
295 12 2 24.107 9.446 22.324 8.784
296 12 2 23.999 9.424 22.215 8.763
297 12 2 23.891 9.424 22.107 8.762
298 12 2 23.761 9.402 21.977 8.740
299 12 2 23.652 9.380 21.869 8.718
300 12 2 23.544 9.358 21.760 8.697
301 12 2 23.436 9.336 21.652 8.675
302 12 2 23.328 9.336 21.543 8.674
303 12 2 23.198 9.314 21.413 8.652
304 12 2 23.089 9.292 21.305 8.631
305 12 2 22.981 9.271 21.197 8.609
306 12 2 22.873 9.249 21.088 8.587
307 12 2 22.764 9.227 20.980 8.565
308 12 2 22.634 9.205 20.850 8.543
309 12 2 22.526 9.183 20.741 8.521
310 12 2 22.418 9.161 20.633 8.499
311 12 2 22.310 9.139 20.524 8.477
312 12 2 22.201 9.118 20.416 8.456
313 12 2 22.093 9.096 20.308 8.434
314 12 2 21.985 9.074 20.199 8.412
315 12 2 21.876 9.052 20.091 8.390
316 12 2 21.768 9.030 19.982 8.368
317 12 2 21.659 9.008 19.874 8.346
318 12 2 21.551 8.987 19.766 8.324
319 12 2 21.443 8.965 19.657 8.303
320 12 2 21.334 8.943 19.549 8.281
321 12 2 21.226 8.921 19.440 8.259
322 12 2 21.096 8.877 19.310 8.215
323 12 2 20.988 8.856 19.202 8.193
324 12 2 20.879 8.834 19.093 8.172
325 12 2 20.771 8.812 18.985 8.150
326 12 2 20.663 8.790 18.876 8.128
327 12 2 20.554 8.747 18.768 8.084
328 12 2 20.446 8.725 18.659 8.062
329 12 2 20.337 8.703 18.551 8.041
330 12 2 20.229 8.660 18.443 7.997
331 12 2 20.121 8.638 18.334 7.975
332 12 2 20.013 8.594 18.226 7.932
333 12 2 19.904 8.572 18.117 7.910
334 12 2 19.796 8.529 18.009 7.867
335 12 2 19.687 8.507 17.901 7.845
336 12 2 19.579 8.464 17.792 7.801
337 12 2 19.471 8.442 17.684 7.779
338 12 2 19.363 8.398 17.575 7.736
339 12 2 19.254 8.377 17.467 7.714
340 12 2 19.146 8.333 17.359 7.671
341 12 2 19.038 8.290 17.250 7.627
342 12 2 18.929 8.268 17.142 7.605
343 12 2 18.843 8.225 17.055 7.562
344 12 2 18.734 8.181 16.947 7.518
345 12 2 18.626 8.138 16.838 7.475
346 12 2 18.518 8.094 16.730 7.431
347 12 2 18.409 8.051 16.622 7.388
348 12 2 18.301 8.007 16.513 7.345
349 12 2 18.193 7.964 16.405 7.301
350 12 2 18.106 7.921 16.319 7.258
351 12 2 17.998 7.877 16.210 7.214
352 12 2 17.912 7.834 16.124 7.171
353 12 2 17.804 7.769 16.016 7.106
354 12 2 17.695 7.725 15.907 7.063
355 12 2 17.609 7.682 15.821 7.019
356 12 2 17.501 7.617 15.713 6.954
357 12 2 17.392 7.574 15.604 6.911
