0 0 1 32.102 2.492 31.414 1.656
1 0 1 32.126 2.516 31.406 1.640
2 0 1 32.126 2.556 31.406 1.680
3 0 1 32.110 2.580 31.390 1.703
4 0 1 32.126 2.635 31.406 1.759
5 0 1 32.110 2.675 31.390 1.799
6 0 1 32.126 2.715 31.406 1.839
7 0 1 32.110 2.755 31.390 1.879
8 0 1 32.126 2.811 31.406 1.935
9 0 1 32.110 2.835 31.390 1.958
10 0 1 32.126 2.874 31.406 1.998
11 0 1 32.126 2.898 31.406 2.022
12 0 1 32.126 2.954 31.406 2.078
13 0 1 32.022 3.018 31.406 2.158
14 0 1 32.022 3.018 31.398 2.158
15 0 1 32.030 3.058 31.406 2.197
16 0 1 32.038 3.098 31.414 2.237
17 0 1 32.046 3.153 31.422 2.293
18 0 1 32.054 3.193 31.430 2.333
19 0 1 32.046 3.249 31.422 2.389
20 0 1 32.054 3.289 31.430 2.429
21 0 1 32.046 3.345 31.422 2.484
22 0 1 32.038 3.385 31.414 2.524
23 0 1 32.030 3.424 31.406 2.564
24 0 1 32.038 3.464 31.414 2.604
25 0 1 32.014 3.520 31.390 2.660
26 0 1 32.006 3.560 31.382 2.700
27 0 1 31.998 3.616 31.374 2.755
28 0 1 31.990 3.656 31.366 2.795
29 0 1 31.966 3.711 31.342 2.851
30 0 1 31.958 3.751 31.334 2.891
31 0 1 31.950 3.807 31.326 2.947
32 0 1 31.942 3.847 31.318 2.987
33 0 1 31.918 3.903 31.294 3.042
34 0 1 31.910 3.959 31.286 3.098
35 0 1 31.886 4.015 31.262 3.154
36 0 1 31.878 4.054 31.254 3.194
37 0 1 31.870 4.110 31.246 3.250
38 0 1 31.862 4.166 31.238 3.306
39 0 1 31.854 4.222 31.230 3.361
40 0 1 31.862 4.262 31.238 3.401
41 0 1 31.854 4.318 31.230 3.457
42 0 1 31.846 4.357 31.222 3.497
43 0 1 31.838 4.413 31.214 3.553
44 0 1 31.846 4.453 31.222 3.593
45 0 1 31.838 4.509 31.214 3.648
46 0 1 31.846 4.565 31.222 3.704
47 0 1 31.838 4.637 31.214 3.776
48 0 1 31.846 4.692 31.222 3.832
49 0 1 31.838 4.748 31.214 3.888
50 0 1 31.846 4.804 31.222 3.943
51 0 1 31.838 4.860 31.214 3.999
52 0 1 31.830 4.900 31.206 4.039
53 0 1 31.822 4.940 31.198 4.079
54 0 1 31.814 4.996 31.190 4.135
55 0 1 31.806 5.051 31.182 4.191
56 0 1 31.798 5.091 31.173 4.231
57 0 1 31.774 5.147 31.149 4.287
58 0 1 31.782 5.187 31.157 4.326
59 0 1 31.774 5.243 31.149 4.382
60 0 1 31.766 5.283 31.141 4.422
61 0 1 31.758 5.339 31.133 4.478
62 0 1 31.750 5.394 31.125 4.534
63 0 1 31.742 5.450 31.117 4.590
64 0 1 31.734 5.522 31.109 4.661
65 0 1 31.726 5.578 31.101 4.717
66 0 1 31.718 5.634 31.093 4.773
67 0 1 31.694 5.690 31.069 4.829
68 0 1 31.686 5.730 31.061 4.869
69 0 1 31.678 5.770 31.053 4.909
70 0 1 31.670 5.825 31.045 4.965
71 0 1 31.678 5.881 31.053 5.021
72 0 1 31.686 5.937 31.061 5.076
73 0 1 31.678 5.993 31.053 5.132
74 0 1 31.686 6.033 31.061 5.172
75 0 1 31.678 6.089 31.053 5.228
76 0 1 31.686 6.129 31.061 5.268
77 0 1 31.678 6.169 31.053 5.308
78 0 1 31.686 6.224 31.061 5.364
79 0 1 31.678 6.280 31.053 5.420
80 0 1 31.686 6.336 31.061 5.475
81 0 1 31.678 6.408 31.053 5.547
82 0 1 31.686 6.448 31.061 5.587
83 0 1 31.678 6.520 31.053 5.659
84 0 1 31.686 6.560 31.061 5.699
85 0 1 31.662 6.600 31.037 5.739
86 0 1 31.670 6.624 31.045 5.763
87 0 1 31.646 6.679 31.021 5.819
88 0 1 31.654 6.719 31.029 5.859
89 0 1 31.630 6.775 31.005 5.914
90 0 1 31.622 6.815 30.997 5.954
91 0 1 31.614 6.855 30.989 5.994
92 0 1 31.638 6.895 31.013 6.034
93 0 1 31.613 6.951 30.989 6.090
94 0 1 31.605 6.991 30.981 6.130
95 0 1 31.581 7.047 30.957 6.186
96 0 1 31.573 7.119 30.949 6.258
97 0 1 31.565 7.191 30.941 6.330
98 0 1 31.557 7.239 30.933 6.378
99 0 1 31.533 7.302 30.909 6.442
100 0 1 31.525 7.342 30.900 6.481
101 0 1 31.501 7.398 30.876 6.537
102 0 1 31.493 7.422 30.868 6.561
103 0 1 31.485 7.462 30.860 6.601
104 0 1 31.477 7.510 30.852 6.649
105 0 1 31.469 7.574 30.844 6.713
106 0 1 31.461 7.614 30.836 6.753
107 0 1 31.453 7.654 30.828 6.793
108 0 1 31.445 7.694 30.820 6.833
109 0 1 31.437 7.750 30.812 6.889
110 0 1 31.429 7.806 30.804 6.945
111 0 1 31.421 7.862 30.796 7.001
112 0 1 31.429 7.918 30.804 7.057
113 0 1 31.421 7.974 30.796 7.112
114 0 1 31.429 8.013 30.804 7.152
115 0 1 31.437 8.085 30.812 7.224
116 0 1 31.429 8.125 30.804 7.264
117 0 1 31.421 8.181 30.796 7.320
118 0 1 31.429 8.221 30.804 7.360
119 0 1 31.405 8.261 30.780 7.400
120 0 1 31.397 8.285 30.772 7.424
121 0 1 31.389 8.341 30.764 7.480
122 0 1 31.381 8.381 30.756 7.520
123 0 1 31.373 8.437 30.748 7.576
124 0 1 31.365 8.461 30.740 7.600
125 0 1 31.357 8.549 30.716 7.680
126 0 1 31.349 8.541 30.724 7.680
127 0 1 31.341 8.581 30.716 7.720
128 0 1 31.349 8.621 30.724 7.760
129 0 1 31.341 8.677 30.716 7.816
130 0 1 31.333 8.733 30.708 7.872
131 0 1 31.325 8.789 30.700 7.927
132 0 1 31.317 8.845 30.692 7.983
133 0 1 31.293 8.917 30.668 8.055
134 0 1 31.285 8.957 30.659 8.095
135 0 1 31.277 8.997 30.651 8.135
136 0 1 31.285 9.020 30.659 8.159
137 0 1 31.261 9.045 30.635 8.183
138 0 1 31.252 9.084 30.627 8.223
139 0 1 31.260 9.156 30.635 8.295
140 0 1 31.252 9.180 30.627 8.319
141 0 1 31.244 9.236 30.619 8.375
142 0 1 31.252 9.276 30.627 8.415
143 0 1 31.244 9.332 30.619 8.471
144 0 1 31.252 9.372 30.627 8.511
145 0 1 31.244 9.428 30.619 8.567
146 0 1 31.252 9.468 30.627 8.607
147 0 1 31.260 9.540 30.635 8.679
148 0 1 31.268 9.580 30.643 8.719
149 0 1 31.260 9.636 30.635 8.775
150 0 1 31.268 9.676 30.643 8.815
151 0 1 31.260 9.716 30.635 8.855
152 0 1 31.252 9.756 30.627 8.895
153 0 1 31.244 9.812 30.619 8.950
154 0 1 31.252 9.852 30.627 8.990
155 0 1 31.244 9.924 30.619 9.062
156 0 1 31.236 9.964 30.611 9.102
157 0 1 31.228 10.020 30.603 9.158
158 0 1 31.220 10.076 30.595 9.214
159 0 1 31.212 10.132 30.587 9.270
160 0 1 31.204 10.172 30.579 9.310
161 0 1 31.196 10.244 30.571 9.382
162 0 1 31.188 10.300 30.563 9.438
163 0 1 31.148 10.372 30.523 9.510
164 0 1 31.124 10.444 30.499 9.582
165 0 1 31.100 10.500 30.474 9.638
166 0 1 31.108 10.556 30.482 9.694
167 0 1 31.100 10.596 30.474 9.734
168 0 1 31.092 10.652 30.466 9.790
169 0 1 31.084 10.676 30.458 9.814
170 0 1 31.076 10.732 30.450 9.870
171 0 1 31.068 10.788 30.442 9.926
172 0 1 31.076 10.844 30.450 9.982
173 0 1 31.052 10.900 30.426 10.038
174 0 1 31.044 10.956 30.418 10.094
175 0 1 31.036 11.012 30.410 10.150
176 0 1 31.027 11.068 30.402 10.206
177 0 1 31.019 11.140 30.394 10.278
178 0 1 31.027 11.196 30.402 10.334
179 0 1 31.019 11.268 30.394 10.406
180 0 1 31.027 11.324 30.402 10.462
181 0 1 31.019 11.380 30.394 10.518
182 0 1 31.027 11.420 30.402 10.558
183 0 1 31.019 11.476 30.394 10.614
184 0 1 31.011 11.516 30.386 10.654
185 0 1 31.003 11.556 30.378 10.694
186 0 1 30.979 11.596 30.354 10.734
187 0 1 30.987 11.652 30.362 10.790
188 0 1 30.995 11.692 30.370 10.830
189 0 1 30.971 11.748 30.346 10.886
190 0 1 30.963 11.788 30.338 10.926
191 0 1 30.955 11.844 30.330 10.982
192 0 1 30.947 11.884 30.322 11.022
193 0 1 30.939 11.940 30.313 11.078
194 0 1 30.947 11.996 30.321 11.134
195 0 1 30.939 12.068 30.313 11.206
196 0 1 30.931 12.140 30.305 11.279
197 0 1 30.923 12.212 30.297 11.351
198 0 1 30.931 12.252 30.305 11.391
199 0 1 30.923 12.324 30.297 11.463
200 0 1 30.931 12.364 30.305 11.503
201 0 1 30.939 12.404 30.313 11.543
202 0 1 30.963 12.444 30.337 11.582
203 0 1 30.923 12.316 30.297 11.719
204 0 1 30.923 12.444 30.297 11.599
205 0 1 30.931 12.484 30.305 11.639
206 0 1 30.923 12.540 30.297 11.695
207 0 1 30.947 12.596 30.321 11.751
208 0 1 30.939 12.652 30.313 11.807
209 0 1 30.963 12.708 30.337 11.863
210 0 1 30.971 12.764 30.345 11.918
211 0 1 30.979 12.820 30.353 11.974
212 0 1 30.987 12.892 30.361 12.046
213 0 1 31.011 12.948 30.385 12.102
214 0 1 31.019 13.004 30.393 12.158
215 0 1 31.043 13.044 30.417 12.198
216 0 1 31.051 13.100 30.425 12.254
217 0 1 31.075 13.140 30.449 12.294
218 0 1 31.051 13.180 30.425 12.334
219 0 1 31.059 13.236 30.433 12.390
220 0 1 31.067 13.308 30.441 12.462
221 0 1 31.059 13.364 30.433 12.518
222 0 1 31.051 13.420 30.425 12.574
223 0 1 31.075 13.460 30.449 12.614
224 0 1 31.067 13.532 30.441 12.686
225 0 1 31.091 13.572 30.465 12.726
226 0 1 31.099 13.644 30.473 12.798
227 0 1 31.123 13.700 30.497 12.854
228 0 1 31.115 13.772 30.489 12.926
229 0 1 31.123 13.828 30.497 12.982
230 0 1 31.115 13.884 30.489 13.038
231 0 1 31.139 13.924 30.513 13.078
232 0 1 31.131 13.980 30.505 13.134
233 0 1 31.139 14.036 30.513 13.190
234 0 1 31.147 14.092 30.521 13.246
235 0 1 31.155 14.132 30.529 13.286
236 0 1 31.163 14.188 30.537 13.342
237 0 1 31.171 14.228 30.545 13.382
238 0 1 31.163 14.284 30.537 13.439
239 0 1 31.171 14.324 30.545 13.479
240 0 1 31.163 14.380 30.537 13.535
241 0 1 31.171 14.436 30.545 13.591
242 0 1 31.179 14.509 30.553 13.663
243 0 1 31.203 14.564 30.577 13.719
244 0 1 31.211 14.637 30.585 13.791
245 0 1 31.235 14.692 30.609 13.847
246 0 1 31.243 14.748 30.617 13.903
247 0 1 31.267 14.804 30.641 13.959
248 0 1 31.275 14.844 30.649 13.999
249 0 1 31.283 14.884 30.657 14.039
250 0 1 31.275 14.941 30.649 14.095
251 0 1 31.267 14.981 30.641 14.135
252 0 1 31.259 15.053 30.633 14.207
253 0 1 31.267 15.109 30.641 14.263
254 0 1 31.259 15.165 30.633 14.319
255 0 1 31.283 15.205 30.657 14.359
256 0 1 31.291 15.261 30.665 14.415
257 0 1 31.299 15.301 30.673 14.455
258 0 1 31.291 15.373 30.665 14.527
259 0 1 31.299 15.429 30.673 14.583
260 0 1 31.291 15.501 30.665 14.655
261 0 1 31.299 15.557 30.673 14.711
262 0 1 31.291 15.613 30.665 14.767
263 0 1 31.283 15.653 30.657 14.807
264 0 1 31.291 15.709 30.665 14.864
265 0 1 31.299 15.749 30.673 14.904
266 0 1 31.291 15.822 30.665 14.976
267 0 1 31.315 15.846 30.689 15.000
268 0 1 31.307 15.902 30.681 15.056
269 0 1 31.315 15.942 30.689 15.096
270 0 1 31.307 15.998 30.681 15.152
271 0 1 31.315 16.038 30.689 15.192
272 0 1 31.323 16.094 30.697 15.248
273 0 1 31.331 16.134 30.705 15.288
274 0 1 31.339 16.190 30.713 15.344
275 0 1 31.347 16.246 30.721 15.400
276 0 1 31.355 16.318 30.729 15.472
277 0 1 31.379 16.374 30.753 15.528
278 0 1 31.371 16.430 30.745 15.584
279 0 1 31.379 16.470 30.753 15.624
280 0 1 31.387 16.526 30.761 15.680
281 0 1 31.395 16.550 30.769 15.704
282 0 1 31.403 16.606 30.777 15.760
283 0 1 31.395 16.646 30.769 15.800
284 0 1 31.371 16.703 30.745 15.857
285 0 1 31.379 16.743 30.753 15.897
286 0 1 31.371 16.799 30.745 15.953
287 0 1 31.379 16.839 30.753 15.993
288 0 1 31.371 16.895 30.745 16.049
289 0 1 31.379 16.935 30.753 16.089
290 0 1 31.371 17.007 30.745 16.161
291 0 1 31.379 17.063 30.753 16.217
292 0 1 31.371 17.135 30.745 16.289
293 0 1 31.363 17.168 30.737 16.370
294 0 1 31.355 17.240 30.729 16.442
0 1 1 31.190 2.277 30.422 1.361
1 1 1 31.214 2.301 30.414 1.345
2 1 1 31.214 2.341 30.414 1.385
3 1 1 31.198 2.365 30.398 1.409
4 1 1 31.198 2.421 30.397 1.465
5 1 1 31.182 2.445 30.381 1.489
6 1 1 31.182 2.500 30.381 1.544
7 1 1 31.166 2.540 30.365 1.584
8 1 1 31.182 2.580 30.381 1.624
9 1 1 31.214 2.604 30.413 1.648
10 1 1 31.294 2.612 30.494 1.656
11 1 1 31.286 2.652 30.485 1.696
12 1 1 31.294 2.692 30.493 1.736
13 1 1 31.062 2.636 30.277 1.839
14 1 1 31.062 2.644 30.277 1.831
15 1 1 31.054 2.700 30.269 1.887
16 1 1 31.046 2.756 30.261 1.943
17 1 1 31.038 2.811 30.253 1.999
18 1 1 31.030 2.867 30.245 2.055
19 1 1 31.022 2.923 30.237 2.110
20 1 1 31.014 2.979 30.229 2.166
21 1 1 31.006 3.035 30.221 2.222
22 1 1 31.014 3.075 30.229 2.262
23 1 1 31.006 3.130 30.221 2.318
24 1 1 30.998 3.170 30.213 2.357
25 1 1 30.974 3.242 30.189 2.429
26 1 1 30.949 3.298 30.165 2.485
27 1 1 30.925 3.354 30.141 2.541
28 1 1 30.917 3.394 30.133 2.581
29 1 1 30.909 3.465 30.125 2.653
30 1 1 30.901 3.521 30.117 2.708
31 1 1 30.877 3.593 30.093 2.780
32 1 1 30.885 3.649 30.100 2.836
33 1 1 30.877 3.721 30.092 2.908
34 1 1 30.885 3.760 30.100 2.948
35 1 1 30.861 3.832 30.076 3.019
36 1 1 30.869 3.872 30.084 3.059
37 1 1 30.877 3.928 30.092 3.115
38 1 1 30.901 3.968 30.116 3.155
39 1 1 30.909 4.024 30.124 3.211
40 1 1 30.933 4.063 30.148 3.251
41 1 1 30.941 4.119 30.156 3.306
42 1 1 30.949 4.175 30.164 3.362
43 1 1 30.957 4.215 30.172 3.402
44 1 1 30.965 4.271 30.180 3.458
45 1 1 30.957 4.327 30.172 3.514
46 1 1 30.949 4.382 30.164 3.570
47 1 1 30.941 4.454 30.156 3.642
48 1 1 30.949 4.494 30.164 3.681
49 1 1 30.941 4.566 30.156 3.753
50 1 1 30.949 4.622 30.164 3.809
51 1 1 30.941 4.678 30.156 3.865
52 1 1 30.949 4.718 30.164 3.905
53 1 1 30.941 4.773 30.156 3.961
54 1 1 30.917 4.813 30.132 4.001
55 1 1 30.893 4.869 30.108 4.056
56 1 1 30.869 4.925 30.084 4.112
57 1 1 30.861 4.981 30.076 4.168
58 1 1 30.853 5.021 30.068 4.208
59 1 1 30.845 5.077 30.060 4.264
60 1 1 30.837 5.117 30.052 4.304
61 1 1 30.829 5.188 30.044 4.376
62 1 1 30.837 5.244 30.052 4.431
63 1 1 30.829 5.300 30.044 4.487
64 1 1 30.837 5.356 30.052 4.543
65 1 1 30.829 5.428 30.044 4.615
66 1 1 30.837 5.468 30.052 4.655
67 1 1 30.829 5.524 30.044 4.711
68 1 1 30.837 5.564 30.052 4.751
69 1 1 30.845 5.619 30.060 4.807
70 1 1 30.869 5.659 30.084 4.846
71 1 1 30.877 5.715 30.092 4.902
72 1 1 30.901 5.771 30.116 4.958
73 1 1 30.893 5.811 30.108 4.998
74 1 1 30.917 5.851 30.132 5.038
75 1 1 30.925 5.907 30.140 5.094
76 1 1 30.933 5.947 30.148 5.134
77 1 1 30.925 6.018 30.140 5.206
78 1 1 30.917 6.074 30.131 5.261
79 1 1 30.909 6.130 30.123 5.317
80 1 1 30.917 6.186 30.131 5.373
81 1 1 30.925 6.242 30.139 5.429
82 1 1 30.933 6.282 30.147 5.469
83 1 1 30.925 6.338 30.139 5.525
84 1 1 30.933 6.378 30.147 5.565
85 1 1 30.909 6.434 30.123 5.621
86 1 1 30.900 6.457 30.115 5.645
87 1 1 30.876 6.513 30.091 5.701
88 1 1 30.852 6.569 30.067 5.756
89 1 1 30.828 6.625 30.043 5.812
90 1 1 30.820 6.665 30.035 5.852
91 1 1 30.828 6.721 30.043 5.908
92 1 1 30.820 6.793 30.035 5.980
93 1 1 30.812 6.833 30.027 6.020
94 1 1 30.804 6.889 30.019 6.076
95 1 1 30.796 6.929 30.011 6.116
96 1 1 30.804 7.001 30.019 6.188
97 1 1 30.796 7.057 30.011 6.244
98 1 1 30.796 7.120 30.011 6.308
99 1 1 30.764 7.168 29.979 6.356
100 1 1 30.772 7.208 29.987 6.395
101 1 1 30.772 7.248 29.987 6.435
102 1 1 30.804 7.304 30.019 6.491
103 1 1 30.812 7.360 30.027 6.547
104 1 1 30.820 7.416 30.035 6.603
105 1 1 30.812 7.472 30.027 6.659
106 1 1 30.820 7.512 30.035 6.699
107 1 1 30.828 7.568 30.043 6.755
108 1 1 30.820 7.608 30.035 6.795
109 1 1 30.812 7.680 30.026 6.867
110 1 1 30.804 7.735 30.018 6.923
111 1 1 30.796 7.791 30.010 6.978
112 1 1 30.804 7.831 30.018 7.018
113 1 1 30.812 7.887 30.026 7.074
114 1 1 30.820 7.927 30.034 7.114
115 1 1 30.828 7.983 30.042 7.170
116 1 1 30.836 8.023 30.050 7.210
117 1 1 30.828 8.063 30.042 7.250
118 1 1 30.836 8.087 30.050 7.274
119 1 1 30.828 8.127 30.042 7.314
120 1 1 30.836 8.167 30.050 7.354
121 1 1 30.828 8.223 30.042 7.410
122 1 1 30.820 8.263 30.034 7.450
123 1 1 30.812 8.303 30.026 7.490
124 1 1 30.764 8.550 29.978 7.642
126 1 1 30.764 8.511 29.978 7.674
127 1 1 30.756 8.559 29.970 7.722
128 1 1 30.748 8.622 29.962 7.785
129 1 1 30.739 8.686 29.954 7.849
130 1 1 30.715 8.734 29.930 7.897
131 1 1 30.707 8.782 29.922 7.945
132 1 1 30.683 8.830 29.898 7.993
133 1 1 30.659 8.862 29.874 8.025
134 1 1 30.635 8.894 29.849 8.057
135 1 1 30.627 8.926 29.841 8.089
136 1 1 30.603 8.990 29.817 8.153
137 1 1 30.595 9.054 29.809 8.217
138 1 1 30.571 9.118 29.785 8.281
139 1 1 30.563 9.182 29.777 8.345
140 1 1 30.539 9.230 29.753 8.393
141 1 1 30.531 9.294 29.745 8.457
142 1 1 30.523 9.342 29.737 8.505
143 1 1 30.515 9.390 29.729 8.553
144 1 1 30.507 9.454 29.721 8.617
145 1 1 30.515 9.502 29.729 8.665
146 1 1 30.507 9.550 29.721 8.713
147 1 1 30.531 9.598 29.745 8.761
148 1 1 30.539 9.630 29.753 8.793
149 1 1 30.563 9.662 29.777 8.825
150 1 1 30.555 9.710 29.769 8.873
151 1 1 30.563 9.774 29.777 8.937
152 1 1 30.555 9.806 29.769 8.969
153 1 1 30.563 9.870 29.777 9.033
154 1 1 30.466 9.934 29.592 9.265
155 1 1 30.426 10.006 29.640 9.185
156 1 1 30.418 10.054 29.632 9.233
157 1 1 30.410 10.102 29.624 9.281
158 1 1 30.418 10.166 29.632 9.345
159 1 1 30.394 10.230 29.608 9.409
160 1 1 30.402 10.278 29.616 9.457
161 1 1 30.378 10.326 29.592 9.505
162 1 1 30.370 10.390 29.584 9.569
163 1 1 30.362 10.438 29.576 9.617
164 1 1 30.354 10.470 29.568 9.649
165 1 1 30.346 10.518 29.560 9.697
166 1 1 30.338 10.550 29.552 9.729
167 1 1 30.330 10.614 29.544 9.793
168 1 1 30.314 10.503 29.535 10.017
169 1 1 30.314 10.655 29.536 9.857
170 1 1 30.314 10.711 29.535 9.913
171 1 1 30.314 10.751 29.535 9.953
172 1 1 30.314 10.822 29.535 10.025
173 1 1 30.297 10.863 29.519 10.065
174 1 1 30.297 10.935 29.519 10.137
175 1 1 30.297 10.975 29.519 10.177
176 1 1 30.297 11.031 29.519 10.233
177 1 1 30.297 11.087 29.519 10.289
178 1 1 30.313 11.142 29.535 10.345
179 1 1 30.313 11.182 29.535 10.385
180 1 1 30.313 11.222 29.535 10.425
181 1 1 30.313 11.262 29.535 10.465
182 1 1 30.313 11.302 29.535 10.505
183 1 1 30.313 11.342 29.535 10.545
184 1 1 30.313 11.415 29.535 10.617
185 1 1 30.233 11.535 29.607 10.713
187 1 1 30.289 11.519 29.543 10.721
188 1 1 30.289 11.559 29.543 10.761
189 1 1 30.273 11.599 29.527 10.801
190 1 1 30.257 11.671 29.511 10.873
191 1 1 30.273 11.711 29.527 10.913
192 1 1 30.257 11.767 29.511 10.969
193 1 1 30.273 11.823 29.527 11.025
194 1 1 30.257 11.863 29.511 11.065
195 1 1 30.257 11.903 29.511 11.105
196 1 1 30.257 11.943 29.511 11.145
197 1 1 30.257 11.951 29.511 11.153
198 1 1 30.257 12.007 29.511 11.209
199 1 1 30.241 12.079 29.495 11.282
200 1 1 30.225 12.151 29.478 11.354
201 1 1 30.241 12.191 29.495 11.394
202 1 1 30.241 12.247 29.494 11.450
203 1 1 30.241 12.287 29.494 11.490
204 1 1 30.241 12.343 29.494 11.546
205 1 1 30.257 12.399 29.510 11.602
206 1 1 30.273 12.455 29.526 11.658
207 1 1 30.273 12.479 29.526 11.682
208 1 1 30.289 12.551 29.542 11.754
209 1 1 30.305 12.591 29.559 11.794
210 1 1 30.289 12.647 29.542 11.850
211 1 1 30.305 12.687 29.558 11.890
212 1 1 30.289 12.727 29.542 11.930
213 1 1 30.305 12.767 29.558 11.970
214 1 1 30.289 12.823 29.542 12.026
215 1 1 30.305 12.879 29.558 12.082
216 1 1 30.273 12.951 29.526 12.154
217 1 1 30.256 13.007 29.510 12.210
218 1 1 30.273 13.063 29.526 12.266
219 1 1 30.256 13.104 29.510 12.306
220 1 1 30.289 13.159 29.542 12.362
221 1 1 30.289 13.199 29.542 12.402
222 1 1 30.305 13.271 29.558 12.474
223 1 1 30.305 13.328 29.558 12.530
224 1 1 30.304 13.384 29.558 12.586
225 1 1 30.304 13.440 29.558 12.642
226 1 1 30.304 13.496 29.558 12.698
227 1 1 30.320 13.536 29.574 12.738
228 1 1 30.337 13.608 29.590 12.810
229 1 1 30.336 13.648 29.590 12.850
230 1 1 30.336 13.704 29.590 12.906
231 1 1 30.336 13.744 29.590 12.946
232 1 1 30.352 13.800 29.606 13.002
233 1 1 30.369 13.840 29.622 13.042
234 1 1 30.369 13.896 29.622 13.098
235 1 1 30.368 13.952 29.622 13.154
236 1 1 30.385 14.008 29.638 13.210
237 1 1 30.417 14.048 29.670 13.250
238 1 1 30.433 14.104 29.686 13.306
239 1 1 30.433 14.160 29.686 13.362
240 1 1 30.449 14.216 29.702 13.418
241 1 1 30.465 14.272 29.718 13.474
242 1 1 30.465 14.328 29.718 13.530
243 1 1 30.465 14.368 29.718 13.570
244 1 1 30.465 14.408 29.718 13.610
245 1 1 30.465 14.448 29.718 13.651
246 1 1 30.449 14.504 29.702 13.707
247 1 1 30.481 14.560 29.734 13.763
248 1 1 30.481 14.632 29.734 13.835
249 1 1 30.481 14.672 29.734 13.875
250 1 1 30.497 14.728 29.750 13.931
251 1 1 30.481 14.768 29.734 13.971
252 1 1 30.497 14.824 29.750 14.027
253 1 1 30.497 14.880 29.750 14.083
254 1 1 30.497 14.936 29.750 14.139
255 1 1 30.497 14.977 29.750 14.179
256 1 1 30.513 15.033 29.766 14.235
257 1 1 30.529 15.089 29.782 14.291
258 1 1 30.513 15.145 29.766 14.347
259 1 1 30.529 15.185 29.782 14.387
260 1 1 30.529 15.241 29.782 14.443
261 1 1 30.545 15.281 29.798 14.483
262 1 1 30.561 15.337 29.814 14.539
263 1 1 30.545 15.377 29.798 14.579
264 1 1 30.577 15.417 29.830 14.619
265 1 1 30.577 15.457 29.830 14.659
266 1 1 30.593 15.513 29.846 14.715
267 1 1 30.593 15.553 29.846 14.755
268 1 1 30.593 15.609 29.846 14.812
269 1 1 30.609 15.665 29.862 14.868
270 1 1 30.625 15.721 29.878 14.924
271 1 1 30.625 15.761 29.878 14.964
272 1 1 30.625 15.817 29.878 15.020
273 1 1 30.641 15.841 29.894 15.044
274 1 1 30.641 15.897 29.894 15.100
275 1 1 30.641 15.937 29.894 15.140
276 1 1 30.641 15.977 29.894 15.180
277 1 1 30.641 16.017 29.894 15.220
278 1 1 30.641 16.074 29.894 15.276
279 1 1 30.641 16.114 29.894 15.316
280 1 1 30.641 16.170 29.894 15.372
281 1 1 30.641 16.210 29.894 15.412
282 1 1 30.641 16.266 29.894 15.468
283 1 1 30.641 16.322 29.894 15.525
284 1 1 30.641 16.378 29.894 15.581
285 1 1 30.641 16.418 29.894 15.621
286 1 1 30.641 16.474 29.894 15.677
287 1 1 30.641 16.514 29.894 15.717
288 1 1 30.641 16.571 29.894 15.773
289 1 1 30.641 16.627 29.894 15.829
290 1 1 30.640 16.683 29.894 15.885
291 1 1 30.640 16.723 29.894 15.925
292 1 1 30.657 16.779 29.910 15.981
293 1 1 30.640 16.819 29.894 16.022
294 1 1 30.656 16.875 29.910 16.078
295 1 1 30.656 16.915 29.910 16.118
296 1 1 30.656 16.971 29.910 16.174
297 1 1 30.673 17.011 29.926 16.214
298 1 1 30.689 17.067 29.942 16.270
299 1 1 30.689 17.107 29.942 16.310
300 1 1 30.689 17.164 29.942 16.366
301 1 1 30.705 17.220 29.958 16.422
302 1 1 30.721 17.276 29.974 16.478
303 1 1 30.721 17.332 29.974 16.534
304 1 1 30.721 17.388 29.974 16.590
305 1 1 30.721 17.428 29.974 16.630
306 1 1 30.721 17.468 29.974 16.671
307 1 1 30.721 17.508 29.974 16.711
308 1 1 30.721 17.564 29.974 16.767
309 1 1 30.721 17.604 29.974 16.807
310 1 1 30.704 17.645 29.958 16.847
311 1 1 30.720 17.685 29.974 16.887
312 1 1 30.704 17.741 29.958 16.943
313 1 1 30.704 17.781 29.957 16.983
314 1 1 30.704 17.837 29.957 17.040
315 1 1 30.704 17.861 29.957 17.064
316 1 1 30.704 17.917 29.957 17.120
317 1 1 30.704 17.973 29.957 17.176
319 1 1 30.672 18.070 29.925 17.272
0 3 2 16.943 8.806 15.479 8.111
1 3 2 16.983 8.830 15.446 8.103
2 3 2 17.072 8.837 15.535 8.111
3 3 2 17.145 8.861 15.608 8.135
4 3 2 17.234 8.885 15.697 8.158
5 3 2 17.307 8.909 15.770 8.182
6 3 2 17.412 8.917 15.876 8.190
7 3 2 17.437 8.901 15.794 8.263
8 3 2 17.429 8.909 15.810 8.254
9 3 2 17.518 8.932 15.900 8.278
10 3 2 17.607 8.940 15.989 8.286
11 3 2 17.728 8.980 16.110 8.326
12 3 2 17.817 9.004 16.199 8.350
13 3 2 17.922 9.028 16.304 8.374
14 3 2 18.124 9.172 16.620 8.421
15 3 2 18.148 9.139 16.588 8.445
16 3 2 18.245 9.171 16.685 8.477
17 3 2 18.342 9.203 16.782 8.509
18 3 2 18.456 9.219 16.895 8.525
19 3 2 18.553 9.251 16.992 8.556
20 3 2 18.650 9.282 17.089 8.588
21 3 2 18.811 9.386 17.300 8.700
22 3 2 18.819 9.386 17.275 8.700
23 3 2 18.932 9.410 17.389 8.724
24 3 2 19.029 9.450 17.486 8.764
25 3 2 19.142 9.490 17.599 8.804
26 3 2 19.256 9.513 17.712 8.827
27 3 2 19.369 9.553 17.825 8.867
28 3 2 19.595 9.576 18.068 8.923
29 3 2 19.595 9.584 18.060 8.907
30 3 2 19.716 9.616 18.181 8.939
31 3 2 19.837 9.648 18.302 8.970
32 3 2 19.942 9.696 18.408 9.018
33 3 2 20.063 9.744 18.529 9.066
34 3 2 20.185 9.775 18.650 9.098
35 3 2 20.378 9.863 18.787 9.162
36 3 2 20.346 9.847 18.804 9.170
37 3 2 20.459 9.879 18.917 9.201
38 3 2 20.604 9.910 19.062 9.233
39 3 2 20.701 9.942 19.159 9.265
40 3 2 20.830 9.974 19.288 9.296
41 3 2 20.943 10.005 19.402 9.328
42 3 2 21.089 10.037 19.547 9.360
43 3 2 21.202 10.085 19.660 9.408
44 3 2 21.331 10.117 19.789 9.439
45 3 2 21.460 10.148 19.919 9.471
46 3 2 21.573 10.180 20.032 9.503
47 3 2 21.686 10.212 20.145 9.535
48 3 2 21.831 10.243 20.290 9.566
49 3 2 21.960 10.275 20.419 9.598
50 3 2 22.089 10.307 20.548 9.630
51 3 2 22.218 10.338 20.678 9.661
52 3 2 22.348 10.354 20.807 9.677
53 3 2 22.477 10.385 20.936 9.709
54 3 2 22.606 10.417 21.065 9.740
55 3 2 22.751 10.449 21.210 9.772
56 3 2 22.896 10.480 21.356 9.804
57 3 2 23.009 10.496 21.469 9.819
58 3 2 23.154 10.527 21.614 9.851
59 3 2 23.267 10.559 21.727 9.883
60 3 2 23.412 10.591 21.872 9.914
61 3 2 23.525 10.622 21.985 9.946
62 3 2 23.670 10.638 22.130 9.961
63 3 2 23.896 10.677 22.372 10.017
64 3 2 23.896 10.677 22.364 10.009
65 3 2 24.016 10.701 22.485 10.032
66 3 2 24.137 10.724 22.606 10.056
67 3 2 24.274 10.748 22.743 10.080
68 3 2 24.395 10.772 22.864 10.103
69 3 2 24.532 10.795 23.001 10.127
70 3 2 24.701 10.859 23.187 10.183
71 3 2 24.701 10.851 23.179 10.183
72 3 2 24.830 10.874 23.308 10.206
73 3 2 24.959 10.882 23.437 10.214
74 3 2 25.088 10.905 23.566 10.237
75 3 2 25.217 10.929 23.695 10.261
76 3 2 25.345 10.953 23.824 10.285
77 3 2 25.595 11.088 24.025 10.236
78 3 2 25.563 11.000 24.041 10.316
79 3 2 25.692 11.007 24.170 10.323
80 3 2 25.804 11.031 24.283 10.347
81 3 2 25.917 11.055 24.396 10.371
82 3 2 26.062 11.062 24.541 10.378
83 3 2 26.175 11.086 24.654 10.402
84 3 2 26.319 11.093 24.799 10.410
85 3 2 26.432 11.117 24.911 10.433
86 3 2 26.577 11.124 25.056 10.441
87 3 2 26.690 11.132 25.169 10.448
88 3 2 26.834 11.139 25.314 10.456
89 3 2 26.963 11.163 25.443 10.479
90 3 2 27.092 11.170 25.572 10.487
91 3 2 27.502 11.161 25.894 10.494
92 3 2 27.454 11.161 25.926 10.486
93 3 2 27.590 11.177 26.063 10.501
94 3 2 27.711 11.208 26.183 10.533
95 3 2 27.848 11.224 26.320 10.548
96 3 2 27.984 11.223 26.457 10.548
97 3 2 28.121 11.239 26.594 10.564
98 3 2 28.394 11.318 26.835 10.651
99 3 2 28.370 11.318 26.843 10.651
100 3 2 28.507 11.325 26.980 10.658
101 3 2 28.643 11.333 27.116 10.666
102 3 2 28.796 11.356 27.269 10.689
103 3 2 28.932 11.364 27.406 10.697
104 3 2 29.069 11.387 27.542 10.720
105 3 2 29.382 11.354 27.703 10.744
106 3 2 29.302 11.378 27.768 10.720
107 3 2 29.430 11.394 27.896 10.735
108 3 2 29.575 11.409 28.041 10.751
109 3 2 29.719 11.409 28.186 10.750
110 3 2 29.848 11.424 28.314 10.766
111 3 2 29.992 11.424 28.459 10.765
112 3 2 30.410 11.574 28.788 10.732
113 3 2 30.353 11.478 28.820 10.812
114 3 2 30.482 11.486 28.949 10.819
115 3 2 30.610 11.493 29.077 10.827
116 3 2 30.755 11.501 29.222 10.834
117 3 2 30.883 11.524 29.350 10.858
118 3 2 31.027 11.516 29.495 10.849
119 3 2 31.388 11.530 29.591 10.905
120 3 2 31.260 11.547 29.712 10.889
121 3 2 31.388 11.546 29.840 10.888
122 3 2 31.533 11.562 29.984 10.904
123 3 2 31.661 11.577 30.113 10.919
124 3 2 31.805 11.593 30.257 10.935
125 3 2 31.933 11.592 30.386 10.934
126 3 2 32.158 11.631 30.354 10.942
127 3 2 32.030 11.616 30.474 10.958
128 3 2 32.150 11.631 30.594 10.973
129 3 2 32.286 11.631 30.731 10.973
130 3 2 32.422 11.630 30.867 10.972
131 3 2 32.543 11.646 30.987 10.988
132 3 2 32.679 11.661 31.124 11.004
133 3 2 33.079 11.748 31.412 11.026
134 3 2 33.015 11.708 31.461 11.050
135 3 2 33.151 11.723 31.597 11.066
136 3 2 33.288 11.707 31.733 11.049
137 3 2 33.408 11.738 31.853 11.081
138 3 2 33.544 11.754 31.990 11.096
139 3 2 33.680 11.753 32.126 11.096
140 3 2 33.816 11.769 32.262 11.111
141 3 2 33.936 11.784 32.382 11.127
142 3 2 34.072 11.784 32.519 11.126
143 3 2 34.192 11.783 32.639 11.126
144 3 2 34.328 11.799 32.775 11.141
145 3 2 34.448 11.814 32.895 11.157
146 3 2 34.584 11.814 33.031 11.156
147 3 2 34.704 11.829 33.151 11.172
148 3 2 34.840 11.845 33.287 11.187
149 3 2 34.960 11.844 33.408 11.187
150 3 2 35.096 11.860 33.544 11.202
151 3 2 35.216 11.875 33.664 11.218
152 3 2 35.352 11.875 33.800 11.217
153 3 2 35.472 11.890 33.920 11.233
154 3 2 35.832 11.913 33.952 11.129
155 3 2 35.672 11.849 34.104 11.192
156 3 2 35.792 11.865 34.224 11.208
157 3 2 35.912 11.880 34.344 11.223
158 3 2 36.048 11.880 34.480 11.223
159 3 2 36.168 11.895 34.600 11.238
160 3 2 36.304 11.911 34.736 11.254
161 3 2 36.655 12.005 35.064 11.309
162 3 2 36.631 11.981 35.064 11.325
163 3 2 36.751 11.997 35.184 11.340
164 3 2 36.871 11.996 35.304 11.340
165 3 2 37.007 12.012 35.440 11.355
166 3 2 37.111 12.043 35.544 11.387
167 3 2 37.246 12.059 35.680 11.402
168 3 2 37.606 12.177 35.920 11.337
169 3 2 37.534 12.081 35.968 11.425
170 3 2 37.654 12.097 36.087 11.440
171 3 2 37.789 12.112 36.223 11.456
172 3 2 37.893 12.144 36.327 11.487
173 3 2 38.029 12.159 36.463 11.503
174 3 2 38.133 12.175 36.567 11.518
175 3 2 38.205 12.310 36.791 11.557
176 3 2 38.276 12.262 36.719 11.606
177 3 2 38.388 12.277 36.831 11.621
178 3 2 38.516 12.293 36.958 11.637
179 3 2 38.628 12.324 37.070 11.668
180 3 2 38.755 12.356 37.198 11.700
181 3 2 38.867 12.387 37.310 11.731
182 3 2 38.987 12.522 37.557 11.722
183 3 2 39.043 12.450 37.494 11.794
184 3 2 39.146 12.482 37.598 11.826
185 3 2 39.266 12.497 37.717 11.841
186 3 2 39.370 12.513 37.821 11.857
187 3 2 39.489 12.544 37.941 11.888
188 3 2 39.593 12.576 38.045 11.920
189 3 2 39.856 12.686 38.316 11.935
190 3 2 39.848 12.638 38.308 11.983
191 3 2 39.960 12.670 38.420 12.014
192 3 2 40.056 12.685 38.516 12.030
193 3 2 40.167 12.701 38.627 12.045
194 3 2 40.279 12.748 38.739 12.092
195 3 2 40.390 12.764 38.851 12.108
196 3 2 40.375 12.867 39.114 12.139
197 3 2 40.502 12.827 38.978 12.171
198 3 2 40.614 12.858 39.090 12.203
199 3 2 40.725 12.890 39.202 12.234
200 3 2 40.821 12.921 39.298 12.266
201 3 2 40.933 12.953 39.409 12.297
202 3 2 41.060 12.984 39.537 12.329
203 3 2 41.339 13.166 39.760 12.312
204 3 2 41.299 13.063 39.776 12.407
205 3 2 41.411 13.094 39.888 12.439
206 3 2 41.522 13.126 39.999 12.470
207 3 2 41.618 13.157 40.095 12.502
208 3 2 41.713 13.189 40.191 12.533
209 3 2 41.825 13.220 40.302 12.565
210 3 2 41.992 13.291 40.470 12.532
211 3 2 41.984 13.235 40.462 12.580
212 3 2 42.080 13.267 40.558 12.611
213 3 2 42.191 13.298 40.669 12.643
214 3 2 42.287 13.345 40.765 12.690
215 3 2 42.382 13.361 40.860 12.706
216 3 2 42.494 13.424 40.972 12.769
217 3 2 42.605 13.456 41.084 12.801
218 3 2 42.701 13.503 41.179 12.848
219 3 2 42.812 13.518 41.291 12.863
220 3 2 42.924 13.566 41.402 12.911
221 3 2 43.019 13.597 41.498 12.942
222 3 2 43.131 13.629 41.610 12.974
223 3 2 43.242 13.660 41.721 13.005
224 3 2 43.338 13.707 41.817 13.052
225 3 2 43.449 13.755 41.928 13.100
226 3 2 43.577 13.786 42.056 13.131
227 3 2 43.688 13.833 42.167 13.179
228 3 2 43.768 13.881 42.247 13.226
229 3 2 43.879 13.912 42.358 13.257
230 3 2 43.975 13.959 42.454 13.305
231 3 2 44.070 14.007 42.550 13.352
232 3 2 44.181 14.038 42.661 13.384
233 3 2 44.293 14.085 42.773 13.431
234 3 2 44.388 14.133 42.868 13.478
235 3 2 44.484 14.164 42.964 13.510
236 3 2 44.595 14.211 43.075 13.557
237 3 2 44.707 14.259 43.187 13.604
238 3 2 44.786 14.290 43.266 13.636
239 3 2 44.897 14.321 43.378 13.667
240 3 2 44.993 14.369 43.473 13.715
241 3 2 45.088 14.416 43.569 13.762
242 3 2 45.184 14.448 43.664 13.793
243 3 2 45.279 14.495 43.760 13.841
244 3 2 45.391 14.542 43.871 13.888
245 3 2 45.502 14.557 43.982 13.903
246 3 2 45.581 14.621 44.062 13.967
247 3 2 45.693 14.652 44.173 13.998
248 3 2 45.772 14.700 44.253 14.046
249 3 2 45.883 14.715 44.364 14.061
250 3 2 45.963 14.762 44.444 14.108
251 3 2 46.074 14.794 44.555 14.140
252 3 2 46.154 14.825 44.635 14.171
0 7 1 33.542 3.104 32.958 2.380
1 7 1 33.558 3.128 32.950 2.372
2 7 1 33.550 3.168 32.942 2.412
3 7 1 33.542 3.208 32.934 2.452
4 7 1 33.550 3.248 32.942 2.491
5 7 1 33.542 3.288 32.934 2.531
6 7 1 33.550 3.327 32.942 2.571
7 7 1 33.654 3.598 32.990 2.675
8 7 1 33.646 3.582 32.990 2.675
9 7 1 33.654 3.622 32.998 2.714
10 7 1 33.646 3.662 32.990 2.754
11 7 1 33.654 3.734 32.998 2.826
12 7 1 33.646 3.773 32.990 2.866
13 7 1 33.638 3.829 32.982 2.922
14 7 1 33.630 3.869 32.974 2.961
15 7 1 33.638 3.941 32.982 3.033
16 7 1 33.630 3.981 32.974 3.073
17 7 1 33.638 4.036 32.982 3.129
18 7 1 33.630 4.076 32.974 3.169
19 7 1 33.638 4.132 32.982 3.224
20 7 1 33.646 4.172 32.990 3.264
21 7 1 33.654 4.228 32.998 3.320
22 7 1 33.662 4.283 33.006 3.376
23 7 1 33.670 4.339 33.014 3.431
24 7 1 33.662 4.379 33.006 3.471
25 7 1 33.670 4.435 33.014 3.527
26 7 1 33.678 4.491 33.022 3.583
27 7 1 33.686 4.562 33.030 3.655
28 7 1 33.678 4.618 33.022 3.710
29 7 1 33.702 4.674 33.046 3.766
30 7 1 33.694 4.730 33.038 3.822
31 7 1 33.702 4.785 33.046 3.878
32 7 1 33.694 4.841 33.038 3.934
33 7 1 33.702 4.897 33.046 3.989
34 7 1 33.710 4.937 33.054 4.029
35 7 1 33.718 4.993 33.062 4.085
36 7 1 33.710 5.033 33.054 4.125
37 7 1 33.718 5.088 33.062 4.181
38 7 1 33.710 5.128 33.054 4.220
39 7 1 33.718 5.200 33.062 4.292
40 7 1 33.710 5.240 33.054 4.332
41 7 1 33.718 5.296 33.062 4.388
42 7 1 33.726 5.351 33.070 4.444
43 7 1 33.734 5.407 33.078 4.499
44 7 1 33.726 5.463 33.070 4.555
45 7 1 33.734 5.519 33.078 4.611
46 7 1 33.726 5.559 33.070 4.651
47 7 1 33.734 5.630 33.078 4.723
48 7 1 33.742 5.670 33.086 4.762
49 7 1 33.750 5.726 33.094 4.818
50 7 1 33.742 5.766 33.086 4.858
51 7 1 33.750 5.806 33.094 4.898
52 7 1 33.758 5.846 33.102 4.938
53 7 1 33.766 5.901 33.110 4.994
54 7 1 33.774 5.957 33.118 5.049
55 7 1 33.782 6.013 33.126 5.105
56 7 1 33.774 6.053 33.118 5.145
57 7 1 33.782 6.125 33.126 5.217
58 7 1 33.774 6.165 33.118 5.257
59 7 1 33.798 6.236 33.142 5.328
60 7 1 33.791 6.276 33.134 5.368
61 7 1 33.799 6.332 33.142 5.424
62 7 1 33.791 6.372 33.134 5.464
63 7 1 33.799 6.428 33.142 5.520
64 7 1 33.791 6.468 33.134 5.560
65 7 1 33.799 6.507 33.142 5.600
66 7 1 33.807 6.547 33.150 5.639
67 7 1 33.815 6.603 33.159 5.695
68 7 1 33.807 6.627 33.151 5.719
69 7 1 33.815 6.667 33.159 5.759
70 7 1 33.807 6.707 33.151 5.799
71 7 1 33.815 6.763 33.159 5.855
72 7 1 33.823 6.803 33.167 5.895
73 7 1 33.831 6.842 33.175 5.934
74 7 1 33.839 6.882 33.183 5.974
75 7 1 33.847 6.938 33.191 6.030
76 7 1 33.839 6.978 33.183 6.070
77 7 1 33.847 7.034 33.191 6.126
78 7 1 33.839 7.074 33.183 6.166
79 7 1 33.847 7.130 33.191 6.222
80 7 1 33.855 7.153 33.199 6.245
81 7 1 33.863 7.209 33.207 6.301
82 7 1 33.871 7.233 33.215 6.325
83 7 1 33.895 7.289 33.239 6.381
84 7 1 33.903 7.313 33.247 6.405
85 7 1 33.911 7.369 33.255 6.461
86 7 1 33.919 7.393 33.263 6.485
87 7 1 33.943 7.448 33.287 6.540
88 7 1 33.951 7.488 33.295 6.580
89 7 1 33.975 7.544 33.319 6.636
90 7 1 33.983 7.584 33.327 6.676
91 7 1 34.007 7.640 33.351 6.732
92 7 1 34.015 7.680 33.359 6.772
93 7 1 34.039 7.735 33.383 6.827
94 7 1 34.047 7.775 33.391 6.867
95 7 1 34.055 7.831 33.399 6.923
96 7 1 34.063 7.871 33.407 6.963
97 7 1 34.071 7.911 33.415 7.003
98 7 1 34.095 7.951 33.439 7.043
99 7 1 34.119 8.007 33.463 7.099
100 7 1 34.127 8.030 33.471 7.122
101 7 1 34.151 8.070 33.495 7.162
102 7 1 34.159 8.110 33.503 7.202
103 7 1 34.167 8.150 33.511 7.242
104 7 1 34.175 8.174 33.519 7.266
105 7 1 34.199 8.214 33.543 7.306
106 7 1 34.207 8.254 33.551 7.346
107 7 1 34.215 8.294 33.559 7.386
108 7 1 34.223 8.317 33.567 7.409
109 7 1 34.231 8.357 33.575 7.449
110 7 1 34.223 8.381 33.567 7.473
111 7 1 34.231 8.421 33.575 7.513
112 7 1 34.239 8.445 33.583 7.537
113 7 1 34.247 8.469 33.591 7.561
114 7 1 34.239 8.493 33.583 7.585
115 7 1 34.247 8.533 33.591 7.625
116 7 1 34.255 8.557 33.599 7.649
117 7 1 34.279 8.581 33.623 7.673
118 7 1 34.287 8.605 33.631 7.697
119 7 1 34.295 8.629 33.639 7.720
120 7 1 34.303 8.652 33.647 7.744
121 7 1 34.311 8.676 33.655 7.768
122 7 1 34.319 8.700 33.663 7.792
123 7 1 34.343 8.724 33.687 7.816
124 7 1 34.351 8.732 33.695 7.824
125 7 1 34.375 8.772 33.719 7.864
126 7 1 34.383 8.780 33.727 7.872
127 7 1 34.407 8.820 33.751 7.912
128 7 1 34.415 8.828 33.759 7.920
129 7 1 34.439 8.868 33.783 7.960
130 7 1 34.447 8.891 33.791 7.983
131 7 1 34.471 8.915 33.815 8.007
132 7 1 34.479 8.939 33.823 8.031
133 7 1 34.487 8.979 33.831 8.071
134 7 1 34.495 9.003 33.839 8.095
135 7 1 34.503 9.043 33.847 8.135
136 7 1 34.511 9.067 33.855 8.159
137 7 1 34.535 9.091 33.879 8.183
138 7 1 34.543 9.131 33.887 8.223
139 7 1 34.551 9.155 33.895 8.247
140 7 1 34.559 9.194 33.903 8.286
141 7 1 34.567 9.234 33.911 8.326
142 7 1 34.559 9.258 33.903 8.350
143 7 1 34.567 9.298 33.911 8.390
144 7 1 34.559 9.338 33.903 8.430
145 7 1 34.567 9.378 33.911 8.470
146 7 1 34.559 9.402 33.903 8.494
147 7 1 34.567 9.458 33.911 8.550
148 7 1 34.559 9.482 33.903 8.574
149 7 1 34.567 9.522 33.911 8.614
150 7 1 34.575 9.546 33.919 8.638
151 7 1 34.583 9.601 33.927 8.693
152 7 1 34.575 9.625 33.919 8.717
153 7 1 34.583 9.681 33.927 8.773
154 7 1 34.591 9.721 33.935 8.813
155 7 1 34.599 9.761 33.943 8.853
156 7 1 34.607 9.801 33.951 8.893
157 7 1 34.616 9.841 33.959 8.933
158 7 1 34.608 9.881 33.951 8.973
159 7 1 34.600 9.921 33.943 9.013
160 7 1 34.592 9.961 33.935 9.053
161 7 1 34.600 10.017 33.943 9.108
162 7 1 34.592 10.041 33.935 9.132
163 7 1 34.584 10.080 33.927 9.172
164 7 1 34.576 10.120 33.919 9.212
165 7 1 34.584 10.160 33.927 9.252
166 7 1 34.560 10.200 33.903 9.292
167 7 1 34.568 10.240 33.911 9.332
168 7 1 34.544 10.264 33.887 9.356
169 7 1 34.536 10.304 33.879 9.396
170 7 1 34.528 10.344 33.871 9.436
171 7 1 34.520 10.384 33.863 9.476
172 7 1 34.496 10.408 33.839 9.500
173 7 1 34.488 10.448 33.831 9.540
174 7 1 34.464 10.472 33.807 9.564
175 7 1 34.456 10.512 33.799 9.604
176 7 1 34.432 10.552 33.775 9.644
177 7 1 34.424 10.592 33.767 9.684
178 7 1 34.400 10.616 33.743 9.708
179 7 1 34.376 10.656 33.719 9.748
180 7 1 34.352 10.680 33.695 9.772
181 7 1 34.328 10.720 33.671 9.812
182 7 1 34.304 10.760 33.647 9.852
183 7 1 34.296 10.800 33.639 9.892
184 7 1 34.272 10.824 33.615 9.916
185 7 1 34.248 10.864 33.591 9.956
186 7 1 34.208 10.888 33.551 9.980
187 7 1 34.184 10.928 33.527 10.020
188 7 1 34.144 10.953 33.487 10.044
189 7 1 34.120 10.993 33.463 10.084
190 7 1 34.080 11.033 33.423 10.124
191 7 1 34.056 11.073 33.399 10.164
192 7 1 34.016 11.097 33.359 10.188
193 7 1 33.904 11.017 33.247 10.133
195 7 1 33.896 11.009 33.239 10.125
196 7 1 33.872 11.041 33.215 10.157
197 7 1 33.848 11.073 33.191 10.189
198 7 1 33.808 11.122 33.151 10.237
199 7 1 33.768 11.170 33.111 10.285
200 7 1 33.744 11.202 33.087 10.317
201 7 1 33.736 11.218 33.079 10.333
202 7 1 33.712 11.250 33.055 10.365
203 7 1 33.672 11.282 33.015 10.397
204 7 1 33.632 11.330 32.975 10.445
205 7 1 33.592 11.346 32.935 10.461
206 7 1 33.552 11.378 32.895 10.494
207 7 1 33.528 11.410 32.871 10.526
208 7 1 33.472 11.458 32.815 10.574
209 7 1 33.432 11.507 32.775 10.622
210 7 1 33.368 11.435 32.671 10.846
211 7 1 33.344 11.571 32.687 10.710
212 7 1 33.320 11.595 32.663 10.734
213 7 1 33.312 11.635 32.655 10.774
214 7 1 33.207 11.779 32.543 10.910
216 7 1 33.199 11.771 32.535 10.902
217 7 1 33.224 11.963 32.430 10.975
218 7 1 33.159 11.899 32.486 11.023
219 7 1 33.151 11.939 32.478 11.063
220 7 1 33.127 11.979 32.454 11.103
221 7 1 33.119 12.035 32.446 11.159
222 7 1 33.095 12.091 32.422 11.215
223 7 1 33.087 12.163 32.414 11.287
224 7 1 33.151 12.211 32.406 11.199
225 7 1 33.111 12.147 32.438 11.263
226 7 1 33.103 12.195 32.430 11.311
227 7 1 33.079 12.243 32.406 11.359
228 7 1 33.087 12.291 32.414 11.407
229 7 1 33.079 12.339 32.406 11.455
230 7 1 33.087 12.387 32.414 11.502
231 7 1 33.079 12.451 32.406 11.566
232 7 1 33.071 12.499 32.398 11.614
233 7 1 33.063 12.547 32.390 11.662
234 7 1 33.055 12.595 32.382 11.710
235 7 1 33.031 12.643 32.358 11.759
236 7 1 33.023 12.691 32.350 11.807
237 7 1 33.015 12.755 32.342 11.871
238 7 1 33.007 12.819 32.334 11.935
239 7 1 32.983 12.884 32.310 11.999
240 7 1 32.991 12.947 32.318 12.063
241 7 1 32.983 13.012 32.310 12.127
242 7 1 32.975 13.076 32.302 12.191
243 7 1 32.967 13.124 32.294 12.239
244 7 1 32.943 13.172 32.270 12.287
245 7 1 32.935 13.220 32.262 12.335
246 7 1 32.927 13.268 32.254 12.383
247 7 1 32.919 13.316 32.246 12.431
248 7 1 32.911 13.364 32.238 12.479
249 7 1 32.903 13.412 32.230 12.527
250 7 1 32.911 13.476 32.238 12.591
251 7 1 32.903 13.540 32.230 12.655
252 7 1 32.895 13.604 32.222 12.719
253 7 1 32.887 13.652 32.214 12.767
254 7 1 32.895 13.716 32.222 12.831
255 7 1 32.887 13.780 32.214 12.895
256 7 1 32.911 13.844 32.238 12.959
257 7 1 32.919 13.892 32.246 13.007
258 7 1 32.927 13.940 32.254 13.055
259 7 1 32.895 14.156 32.254 13.191
260 7 1 32.903 14.116 32.238 13.223
261 7 1 32.887 14.140 32.222 13.247
262 7 1 32.887 14.164 32.222 13.271
263 7 1 32.887 14.188 32.222 13.295
264 7 1 32.871 14.212 32.206 13.319
265 7 1 32.871 14.284 32.206 13.391
266 7 1 32.871 14.604 32.214 13.503
267 7 1 32.871 14.500 32.214 13.599
268 7 1 32.879 14.548 32.222 13.647
269 7 1 32.871 14.596 32.214 13.695
270 7 1 32.863 14.676 32.206 13.775
271 7 1 32.871 14.724 32.214 13.823
272 7 1 32.879 14.788 32.222 13.887
273 7 1 32.887 14.836 32.230 13.935
274 7 1 32.863 14.884 32.206 13.983
275 7 1 32.855 14.932 32.198 14.031
276 7 1 32.847 14.981 32.190 14.079
277 7 1 32.855 15.045 32.198 14.143
278 7 1 32.847 15.093 32.190 14.191
279 7 1 32.855 15.125 32.198 14.223
280 7 1 32.863 15.173 32.206 14.271
281 7 1 32.871 15.237 32.214 14.335
282 7 1 32.863 15.285 32.206 14.383
283 7 1 32.871 15.333 32.214 14.431
284 7 1 32.879 15.413 32.222 14.511
285 7 1 32.887 15.461 32.230 14.559
286 7 1 32.895 15.541 32.238 14.639
287 7 1 32.919 15.589 32.262 14.687
288 7 1 32.928 15.653 32.270 14.751
289 7 1 32.936 15.701 32.278 14.799
290 7 1 32.944 15.749 32.286 14.847
291 7 1 32.968 15.813 32.310 14.911
292 7 1 32.960 15.861 32.302 14.959
293 7 1 32.968 15.893 32.310 14.991
294 7 1 32.976 15.941 32.318 15.039
295 7 1 32.984 16.005 32.326 15.103
296 7 1 32.976 16.053 32.318 15.151
297 7 1 32.984 16.101 32.326 15.199
298 7 1 32.992 16.165 32.334 15.263
299 7 1 33.000 16.229 32.342 15.327
300 7 1 33.008 16.293 32.350 15.391
301 7 1 33.016 16.357 32.358 15.455
302 7 1 33.024 16.405 32.366 15.503
303 7 1 33.048 16.453 32.390 15.551
304 7 1 33.056 16.517 32.398 15.615
305 7 1 33.064 16.565 32.406 15.663
306 7 1 33.056 16.597 32.398 15.696
307 7 1 33.064 16.629 32.406 15.727
308 7 1 33.056 16.677 32.398 15.776
309 7 1 33.064 16.725 32.406 15.824
310 7 1 33.056 16.757 32.398 15.856
311 7 1 33.048 16.805 32.390 15.904
312 7 1 33.040 16.853 32.382 15.952
313 7 1 33.048 16.901 32.390 16.000
314 7 1 33.040 16.965 32.382 16.064
315 7 1 33.048 17.013 32.390 16.112
316 7 1 33.056 17.061 32.398 16.160
317 7 1 33.064 17.126 32.406 16.224
319 7 1 33.080 17.206 32.422 16.304
320 7 1 33.088 17.254 32.430 16.352
321 7 1 33.096 17.302 32.438 16.400
322 7 1 33.120 17.349 32.462 16.448
324 7 1 33.120 17.430 32.462 16.528
325 7 1 33.128 17.462 32.471 16.560
326 7 1 33.120 17.494 32.462 16.592
327 7 1 33.128 17.542 32.471 16.640
329 7 1 33.112 17.622 32.454 16.720
330 7 1 33.104 17.670 32.446 16.769
331 7 1 33.112 17.718 32.454 16.817
332 7 1 33.104 17.766 32.446 16.865
333 7 1 33.112 17.830 32.454 16.929
334 7 1 33.120 17.878 32.462 16.977
318 7 1 33.072 17.174 32.414 16.272
323 7 1 33.128 17.398 32.471 16.496
328 7 1 33.120 17.590 32.462 16.688
335 7 1 33.128 17.910 32.471 17.009
21 10 2 16.766 11.177 15.430 10.458
22 10 2 16.717 11.153 15.487 10.466
23 10 2 16.822 11.160 15.592 10.473
24 10 2 16.928 11.168 15.698 10.481
25 10 2 17.017 11.176 15.787 10.489
26 10 2 17.138 11.199 15.909 10.512
27 10 2 17.227 11.191 15.998 10.504
28 10 2 17.503 11.166 15.900 10.504
29 10 2 17.389 11.174 16.006 10.504
30 10 2 17.487 11.182 16.103 10.512
31 10 2 17.600 11.190 16.217 10.519
32 10 2 17.713 11.197 16.330 10.527
33 10 2 17.811 11.205 16.427 10.535
34 10 2 17.924 11.213 16.541 10.542
35 10 2 18.296 11.219 16.654 10.558
36 10 2 18.199 11.220 16.743 10.558
37 10 2 18.304 11.219 16.849 10.557
38 10 2 18.410 11.235 16.954 10.573
39 10 2 18.515 11.218 17.059 10.557
40 10 2 18.620 11.234 17.164 10.572
41 10 2 18.741 11.234 17.286 10.572
42 10 2 19.040 11.361 17.319 10.467
43 10 2 18.927 11.265 17.424 10.555
44 10 2 19.033 11.265 17.529 10.555
45 10 2 19.138 11.264 17.634 10.555
46 10 2 19.243 11.280 17.739 10.570
47 10 2 19.348 11.280 17.845 10.570
48 10 2 19.453 11.279 17.950 10.570
49 10 2 19.558 11.279 18.055 10.569
50 10 2 19.663 11.278 18.160 10.569
51 10 2 19.769 11.294 18.266 10.585
52 10 2 19.874 11.294 18.371 10.584
53 10 2 19.995 11.293 18.492 10.584
54 10 2 20.100 11.293 18.597 10.583
55 10 2 20.205 11.292 18.703 10.583
56 10 2 20.528 11.275 18.832 10.599
57 10 2 20.431 11.283 18.913 10.582
58 10 2 20.537 11.291 19.018 10.590
59 10 2 20.625 11.283 19.107 10.582
60 10 2 20.747 11.274 19.229 10.573
61 10 2 20.836 11.266 19.317 10.565
62 10 2 20.957 11.273 19.439 10.572
63 10 2 21.256 11.216 19.649 10.572
64 10 2 21.207 11.240 19.681 10.548
65 10 2 21.304 11.240 19.778 10.547
66 10 2 21.417 11.240 19.892 10.547
67 10 2 21.514 11.239 19.989 10.546
68 10 2 21.611 11.223 20.086 10.530
69 10 2 21.724 11.239 20.199 10.546
70 10 2 22.176 11.245 20.150 10.506
71 10 2 21.942 11.222 20.361 10.529
72 10 2 22.055 11.221 20.474 10.529
73 10 2 22.160 11.205 20.579 10.512
74 10 2 22.281 11.188 20.700 10.496
75 10 2 22.386 11.204 20.805 10.512
76 10 2 22.491 11.188 20.910 10.495
77 10 2 22.733 11.267 21.136 10.438
78 10 2 22.717 11.203 21.136 10.502
79 10 2 22.822 11.194 21.241 10.494
80 10 2 22.935 11.186 21.354 10.486
81 10 2 23.032 11.177 21.451 10.477
82 10 2 23.137 11.169 21.556 10.469
83 10 2 23.242 11.161 21.661 10.460
84 10 2 23.435 11.200 21.774 10.332
85 10 2 23.395 11.120 21.815 10.404
86 10 2 23.500 11.112 21.920 10.395
87 10 2 23.605 11.087 22.025 10.371
88 10 2 23.709 11.079 22.130 10.363
89 10 2 23.830 11.054 22.251 10.338
90 10 2 23.935 11.046 22.356 10.330
91 10 2 24.217 11.093 22.606 10.176
92 10 2 24.185 10.997 22.606 10.265
93 10 2 24.298 10.988 22.719 10.256
94 10 2 24.387 10.964 22.808 10.232
95 10 2 24.508 10.940 22.929 10.207
96 10 2 24.596 10.915 23.017 10.183
97 10 2 24.717 10.907 23.138 10.175
98 10 2 24.999 10.898 23.252 10.014
99 10 2 24.919 10.826 23.332 10.086
100 10 2 25.015 10.809 23.429 10.069
101 10 2 25.136 10.777 23.550 10.037
102 10 2 25.225 10.761 23.639 10.021
103 10 2 25.322 10.728 23.735 9.988
104 10 2 25.434 10.712 23.848 9.972
105 10 2 25.821 10.670 23.832 9.852
106 10 2 25.628 10.631 24.018 9.891
107 10 2 25.724 10.623 24.114 9.883
108 10 2 25.821 10.582 24.211 9.842
109 10 2 25.926 10.550 24.316 9.810
110 10 2 26.030 10.517 24.421 9.778
111 10 2 26.135 10.501 24.526 9.761
112 10 2 26.409 10.548 24.792 9.624
113 10 2 26.368 10.460 24.759 9.713
114 10 2 26.481 10.436 24.872 9.688
115 10 2 26.586 10.411 24.977 9.664
116 10 2 26.690 10.363 25.082 9.615
117 10 2 26.795 10.347 25.186 9.599
118 10 2 26.883 10.306 25.275 9.559
119 10 2 27.390 10.289 25.259 9.383
120 10 2 27.141 10.209 25.509 9.454
121 10 2 27.237 10.177 25.605 9.422
122 10 2 27.254 10.161 25.621 9.405
123 10 2 27.431 10.112 25.798 9.357
124 10 2 27.527 10.080 25.895 9.325
125 10 2 27.648 10.031 26.016 9.276
126 10 2 27.945 10.103 25.976 9.092
127 10 2 27.776 9.975 26.137 9.212
128 10 2 27.873 9.935 26.233 9.171
129 10 2 27.969 9.894 26.330 9.131
130 10 2 28.074 9.854 26.434 9.091
131 10 2 28.178 9.798 26.539 9.034
132 10 2 28.283 9.757 26.644 8.994
133 10 2 28.371 9.765 26.853 8.761
134 10 2 28.436 9.637 26.805 8.866
135 10 2 28.500 9.613 26.869 8.841
136 10 2 28.612 9.564 26.982 8.793
137 10 2 28.693 9.516 27.062 8.745
138 10 2 28.805 9.468 27.175 8.696
139 10 2 28.885 9.419 27.255 8.648
140 10 2 29.110 9.491 27.617 8.431
141 10 2 29.167 9.347 27.545 8.567
142 10 2 29.239 9.306 27.617 8.527
143 10 2 29.335 9.266 27.713 8.487
144 10 2 29.432 9.210 27.810 8.431
145 10 2 29.536 9.170 27.914 8.390
146 10 2 29.608 9.129 27.987 8.350
147 10 2 29.713 9.089 28.091 8.310
148 10 2 29.801 9.033 28.180 8.254
149 10 2 29.905 8.977 28.284 8.197
150 10 2 29.993 8.904 28.372 8.125
151 10 2 30.114 8.880 28.493 8.101
152 10 2 30.202 8.840 28.581 8.061
153 10 2 30.306 8.800 28.686 8.021
154 10 2 30.395 8.743 28.774 7.964
155 10 2 30.515 8.703 28.895 7.924
156 10 2 30.619 8.663 28.999 7.884
157 10 2 30.739 8.638 29.119 7.860
158 10 2 30.844 8.598 29.224 7.819
159 10 2 30.964 8.558 29.344 7.779
160 10 2 31.068 8.518 29.448 7.739
161 10 2 31.188 8.493 29.569 7.715
162 10 2 31.309 8.453 29.689 7.674
163 10 2 31.429 8.445 29.810 7.666
164 10 2 31.533 8.405 29.914 7.626
165 10 2 31.653 8.380 30.034 7.602
166 10 2 31.741 8.356 30.122 7.577
167 10 2 31.862 8.332 30.243 7.553
168 10 2 31.950 8.308 30.331 7.529
169 10 2 32.054 8.283 30.435 7.505
170 10 2 32.158 8.259 30.539 7.480
171 10 2 32.278 8.251 30.660 7.472
172 10 2 32.382 8.243 30.764 7.464
173 10 2 32.502 8.234 30.884 7.456
174 10 2 32.607 8.210 30.988 7.431
175 10 2 32.711 8.202 31.093 7.423
176 10 2 32.799 8.194 31.181 7.415
177 10 2 32.919 8.201 31.301 7.423
178 10 2 33.023 8.193 31.405 7.415
179 10 2 33.127 8.185 31.509 7.406
180 10 2 33.231 8.176 31.613 7.398
181 10 2 33.351 8.184 31.734 7.406
182 10 2 33.455 8.176 31.838 7.398
183 10 2 33.575 8.184 31.958 7.405
184 10 2 33.679 8.175 32.062 7.397
185 10 2 33.783 8.183 32.166 7.405
186 10 2 33.871 8.175 32.254 7.397
187 10 2 33.991 8.182 32.374 7.404
188 10 2 34.079 8.174 32.462 7.396
189 10 2 34.199 8.182 32.582 7.404
190 10 2 34.287 8.190 32.671 7.412
191 10 2 34.407 8.197 32.791 7.419
192 10 2 34.511 8.205 32.895 7.427
193 10 2 34.615 8.213 32.999 7.435
194 10 2 34.719 8.220 33.103 7.442
195 10 2 34.839 8.244 33.223 7.466
196 10 2 34.943 8.252 33.327 7.474
197 10 2 35.047 8.275 33.431 7.498
198 10 2 35.150 8.283 33.535 7.505
199 10 2 35.270 8.307 33.655 7.529
200 10 2 35.374 8.314 33.759 7.537
201 10 2 35.494 8.354 33.879 7.576
202 10 2 35.582 8.378 33.967 7.600
203 10 2 35.686 8.401 34.071 7.624
204 10 2 35.790 8.425 34.175 7.647
205 10 2 35.894 8.465 34.279 7.687
206 10 2 35.997 8.488 34.383 7.711
207 10 2 36.101 8.512 34.487 7.734
208 10 2 36.205 8.535 34.591 7.758
209 10 2 36.309 8.575 34.695 7.798
210 10 2 36.413 8.599 34.798 7.821
211 10 2 36.533 8.638 34.918 7.861
212 10 2 36.637 8.662 35.022 7.885
213 10 2 36.740 8.701 35.126 7.924
214 10 2 36.844 8.741 35.230 7.964
215 10 2 36.948 8.796 35.334 8.019
216 10 2 37.036 8.836 35.422 8.059
217 10 2 37.140 8.876 35.526 8.099
218 10 2 37.227 8.915 35.614 8.138
219 10 2 37.331 8.971 35.718 8.194
220 10 2 37.435 9.010 35.822 8.233
221 10 2 37.555 9.066 35.941 8.289
222 10 2 37.643 9.105 36.029 8.329
223 10 2 37.762 9.161 36.149 8.384
224 10 2 37.866 9.200 36.253 8.424
225 10 2 37.970 9.256 36.357 8.479
226 10 2 38.074 9.295 36.461 8.519
227 10 2 38.193 9.351 36.581 8.574
228 10 2 38.297 9.406 36.684 8.630
229 10 2 38.417 9.462 36.804 8.685
230 10 2 38.521 9.501 36.908 8.725
231 10 2 38.640 9.557 37.028 8.780
232 10 2 38.744 9.612 37.132 8.836
233 10 2 38.864 9.668 37.251 8.891
234 10 2 38.967 9.707 37.355 8.931
235 10 2 39.071 9.763 37.459 8.986
236 10 2 39.175 9.802 37.563 9.026
237 10 2 39.278 9.858 37.667 9.081
238 10 2 39.175 10.009 37.706 8.986
239 10 2 39.247 9.882 37.643 9.105
240 10 2 39.342 9.921 37.738 9.145
241 10 2 39.454 9.961 37.850 9.185
242 10 2 39.581 10.016 37.978 9.240
243 10 2 39.677 10.056 38.074 9.280
244 10 2 39.789 10.111 38.185 9.335
245 10 2 39.869 10.326 38.321 9.351
246 10 2 39.893 10.222 38.297 9.446
247 10 2 39.996 10.262 38.401 9.486
248 10 2 40.100 10.317 38.505 9.541
249 10 2 40.203 10.341 38.608 9.565
250 10 2 40.307 10.396 38.712 9.620
251 10 2 40.411 10.436 38.816 9.660
252 10 2 40.682 10.594 39.159 9.659
253 10 2 40.706 10.514 39.119 9.739
254 10 2 40.801 10.554 39.215 9.778
255 10 2 40.913 10.577 39.326 9.802
256 10 2 40.992 10.633 39.406 9.857
257 10 2 41.120 10.656 39.533 9.881
258 10 2 41.215 10.712 39.629 9.936
259 10 2 41.359 10.783 40.115 10.046
260 10 2 41.510 10.798 39.940 10.031
261 10 2 41.606 10.830 40.036 10.062
262 10 2 41.717 10.861 40.147 10.094
263 10 2 41.797 10.909 40.227 10.141
264 10 2 41.924 10.940 40.355 10.173
265 10 2 42.036 10.972 40.466 10.204
266 10 2 42.052 11.139 40.769 10.227
267 10 2 42.187 11.067 40.634 10.299
268 10 2 42.283 11.098 40.729 10.331
269 10 2 42.378 11.130 40.825 10.362
270 10 2 42.490 11.161 40.936 10.394
271 10 2 42.585 11.193 41.032 10.425
272 10 2 42.696 11.224 41.143 10.457
273 10 2 42.752 11.327 41.319 10.584
274 10 2 42.808 11.327 41.263 10.568
275 10 2 42.896 11.351 41.351 10.592
276 10 2 42.999 11.374 41.454 10.615
277 10 2 43.118 11.414 41.574 10.655
278 10 2 43.222 11.437 41.677 10.678
279 10 2 43.325 11.461 41.781 10.702
280 10 2 43.429 11.484 41.884 10.725
281 10 2 43.532 11.508 41.988 10.749
282 10 2 43.635 11.531 42.091 10.772
283 10 2 43.739 11.555 42.194 10.796
284 10 2 43.842 11.562 42.298 10.803
285 10 2 43.961 11.586 42.417 10.827
286 10 2 44.065 11.609 42.521 10.850
287 10 2 44.184 11.617 42.640 10.858
288 10 2 44.287 11.624 42.743 10.865
289 10 2 44.406 11.647 42.863 10.889
290 10 2 44.510 11.655 42.966 10.897
291 10 2 44.629 11.663 43.085 10.904
292 10 2 44.732 11.670 43.189 10.912
293 10 2 44.851 11.678 43.308 10.919
294 10 2 44.954 11.669 43.411 10.911
295 10 2 45.074 11.677 43.531 10.918
296 10 2 45.177 11.668 43.634 10.910
297 10 2 45.296 11.676 43.753 10.918
22 11 2 45.614 8.939 43.246 8.102
23 11 2 45.622 8.939 43.254 8.094
24 11 2 45.456 8.931 43.087 8.087
25 11 2 45.273 8.924 42.905 8.079
26 11 2 45.098 8.924 42.730 8.080
27 11 2 44.924 8.901 42.555 8.056
28 11 2 44.741 8.893 42.372 8.049
29 11 2 44.559 8.862 42.189 8.018
30 11 2 44.384 8.839 42.014 7.994
31 11 2 44.209 8.831 41.839 7.987
32 11 2 44.027 8.832 41.656 7.987
33 11 2 43.844 8.809 41.473 7.964
34 11 2 43.653 8.801 41.282 7.956
35 11 2 43.470 8.802 41.099 7.957
36 11 2 43.288 8.778 40.916 7.933
37 11 2 43.097 8.747 40.725 7.902
38 11 2 42.906 8.740 40.534 7.894
39 11 2 42.715 8.740 40.343 7.895
40 11 2 42.524 8.717 40.152 7.872
41 11 2 42.326 8.709 39.953 7.864
42 11 2 42.127 8.686 39.754 7.841
43 11 2 41.936 8.679 39.562 7.833
44 11 2 41.737 8.679 39.363 7.834
45 11 2 41.538 8.656 39.164 7.810
46 11 2 41.339 8.649 38.965 7.803
47 11 2 41.140 8.649 38.766 7.803
48 11 2 40.949 8.626 38.574 7.780
49 11 2 40.750 8.626 38.375 7.780
50 11 2 40.551 8.619 38.176 7.773
51 11 2 40.344 8.620 37.968 7.774
52 11 2 40.145 8.596 37.769 7.750
53 11 2 39.946 8.597 37.569 7.751
54 11 2 39.747 8.589 37.370 7.743
55 11 2 39.548 8.590 37.170 7.744
56 11 2 39.348 8.590 36.971 7.744
57 11 2 39.141 8.567 36.763 7.721
58 11 2 38.942 8.560 36.564 7.713
59 11 2 38.735 8.560 36.356 7.714
60 11 2 38.519 8.561 36.141 7.714
61 11 2 38.312 8.538 35.933 7.691
62 11 2 38.105 8.530 35.725 7.683
63 11 2 37.897 8.531 35.518 7.684
64 11 2 37.690 8.531 35.310 7.684
65 11 2 37.474 8.532 35.094 7.685
66 11 2 37.267 8.509 34.886 7.662
67 11 2 37.059 8.509 34.679 7.662
68 11 2 36.852 8.502 34.471 7.655
69 11 2 36.644 8.502 34.263 7.655
70 11 2 36.421 8.479 34.039 7.632
71 11 2 36.213 8.480 33.831 7.632
72 11 2 35.997 8.472 33.615 7.625
73 11 2 35.790 8.473 33.407 7.625
74 11 2 35.574 8.449 33.191 7.602
75 11 2 35.366 8.442 32.983 7.594
76 11 2 35.143 8.443 32.759 7.595
77 11 2 34.935 8.443 32.550 7.595
78 11 2 34.719 8.420 32.334 7.572
79 11 2 34.495 8.412 32.110 7.565
80 11 2 34.287 8.389 31.902 7.541
81 11 2 34.063 8.382 31.677 7.534
82 11 2 33.831 8.358 31.445 7.510
83 11 2 33.623 8.359 31.237 7.511
84 11 2 33.407 8.352 31.020 7.503
85 11 2 33.183 8.336 30.796 7.488
86 11 2 32.975 8.321 30.588 7.472
87 11 2 32.759 8.321 30.371 7.473
88 11 2 32.534 8.322 30.147 7.473
89 11 2 32.326 8.299 29.938 7.450
90 11 2 32.102 8.291 29.713 7.442
91 11 2 31.886 8.268 29.497 7.419
92 11 2 31.677 8.260 29.288 7.412
93 11 2 31.461 8.261 29.071 7.412
94 11 2 31.237 8.262 28.847 7.413
95 11 2 31.028 8.262 28.638 7.413
96 11 2 30.812 8.239 28.421 7.390
97 11 2 30.587 8.231 28.196 7.382
98 11 2 30.379 8.232 27.988 7.383
99 11 2 30.154 8.232 27.763 7.383
100 11 2 29.938 8.233 27.546 7.384
101 11 2 29.721 8.210 27.329 7.360
102 11 2 29.512 8.210 27.120 7.361
103 11 2 29.280 8.203 26.887 7.353
104 11 2 29.079 8.203 26.686 7.354
105 11 2 28.862 8.204 26.469 7.354
106 11 2 28.637 8.205 26.243 7.355
107 11 2 28.429 8.181 26.034 7.331
108 11 2 28.204 8.174 25.809 7.324
109 11 2 27.979 8.174 25.584 7.324
110 11 2 27.770 8.151 25.375 7.301
111 11 2 27.553 8.143 25.157 7.293
112 11 2 27.336 8.120 24.940 7.270
113 11 2 27.127 8.113 24.731 7.262
114 11 2 26.910 8.113 24.513 7.263
115 11 2 26.685 8.114 24.288 7.263
116 11 2 26.476 8.090 24.078 7.240
117 11 2 26.259 8.083 23.861 7.232
118 11 2 26.041 8.083 23.643 7.233
119 11 2 25.832 8.060 23.434 7.209
120 11 2 25.623 8.052 23.224 7.202
121 11 2 25.406 8.029 23.007 7.178
122 11 2 25.197 8.029 22.797 7.179
123 11 2 24.979 8.022 22.580 7.171
124 11 2 24.762 7.999 22.362 7.147
125 11 2 24.561 7.991 22.160 7.140
126 11 2 24.351 7.968 21.951 7.116
127 11 2 24.134 7.960 21.733 7.109
128 11 2 23.924 7.961 21.523 7.109
129 11 2 23.715 7.937 21.313 7.086
130 11 2 23.497 7.930 21.095 7.078
131 11 2 23.296 7.906 20.894 7.055
132 11 2 23.078 7.899 20.676 7.047
133 11 2 22.860 7.875 20.458 7.023
134 11 2 22.659 7.868 20.256 7.016
135 11 2 22.449 7.844 20.046 6.992
136 11 2 22.232 7.837 19.828 6.985
137 11 2 22.030 7.813 19.626 6.961
138 11 2 21.828 7.806 19.424 6.954
139 11 2 21.610 7.782 19.206 6.930
140 11 2 21.401 7.775 18.995 6.922
141 11 2 21.191 7.775 18.785 6.923
142 11 2 20.957 7.752 18.551 6.899
143 11 2 20.763 7.744 18.357 6.892
144 11 2 20.553 7.721 18.147 6.868
145 11 2 20.335 7.713 17.928 6.861
146 11 2 20.133 7.690 17.726 6.837
147 11 2 19.931 7.658 17.524 6.805
148 11 2 19.721 7.627 17.313 6.774
149 11 2 19.527 7.595 17.119 6.742
150 11 2 19.317 7.571 16.909 6.718
151 11 2 19.107 7.540 16.698 6.687
152 11 2 18.913 7.524 16.504 6.671
153 11 2 18.711 7.501 16.302 6.647
154 11 2 18.501 7.469 16.091 6.616
155 11 2 18.307 7.445 15.897 6.592
156 11 2 18.105 7.414 15.694 6.560
157 11 2 17.894 7.382 15.484 6.529
48 14 1 32.599 17.128 32.021 16.178
49 14 1 32.727 17.192 32.013 16.162
50 14 1 32.703 17.144 32.021 16.210
51 14 1 32.703 17.096 32.021 16.162
52 14 1 32.703 17.048 32.021 16.114
53 14 1 32.687 17.016 32.005 16.082
54 14 1 32.687 16.967 32.005 16.034
55 14 1 32.687 16.903 32.005 15.970
56 14 1 32.711 16.871 32.013 15.922
57 14 1 32.703 16.863 32.021 15.930
58 14 1 32.703 16.831 32.021 15.898
59 14 1 32.703 16.783 32.021 15.850
60 14 1 32.719 16.751 32.037 15.818
61 14 1 32.719 16.703 32.037 15.770
62 14 1 32.719 16.671 32.037 15.737
63 14 1 32.735 16.487 32.029 15.866
64 14 1 32.719 16.615 32.037 15.737
65 14 1 32.735 16.575 32.053 15.697
66 14 1 32.735 16.551 32.053 15.673
67 14 1 32.735 16.511 32.053 15.633
68 14 1 32.735 16.487 32.053 15.609
69 14 1 32.735 16.447 32.053 15.569
70 14 1 32.775 16.278 32.094 15.337
71 14 1 32.767 16.254 32.086 15.369
72 14 1 32.783 16.222 32.102 15.337
73 14 1 32.783 16.174 32.102 15.289
74 14 1 32.799 16.142 32.118 15.257
75 14 1 32.815 16.110 32.134 15.224
76 14 1 32.815 16.062 32.134 15.176
77 14 1 32.863 16.053 32.118 15.192
78 14 1 32.831 16.062 32.150 15.184
79 14 1 32.831 16.038 32.150 15.160
80 14 1 32.831 15.997 32.150 15.120
81 14 1 32.831 15.989 32.150 15.112
82 14 1 32.847 15.949 32.166 15.072
83 14 1 32.847 15.925 32.166 15.048
84 14 1 32.839 15.797 32.166 14.952
85 14 1 32.839 15.813 32.166 14.944
86 14 1 32.831 15.781 32.158 14.912
87 14 1 32.839 15.749 32.166 14.880
88 14 1 32.847 15.717 32.174 14.848
89 14 1 32.839 15.685 32.166 14.816
90 14 1 32.847 15.653 32.174 14.784
91 14 1 32.936 15.581 32.230 14.631
92 14 1 32.911 15.541 32.238 14.671
93 14 1 32.919 15.509 32.246 14.639
94 14 1 32.928 15.476 32.254 14.607
95 14 1 32.936 15.444 32.262 14.575
96 14 1 32.944 15.412 32.270 14.543
97 14 1 32.952 15.380 32.278 14.511
98 14 1 32.976 15.420 32.222 14.527
99 14 1 32.936 15.404 32.262 14.535
100 14 1 32.944 15.372 32.270 14.503
101 14 1 32.952 15.356 32.278 14.487
102 14 1 32.960 15.324 32.286 14.455
103 14 1 32.952 15.292 32.278 14.423
104 14 1 32.976 15.260 32.302 14.391
105 14 1 33.072 15.132 32.214 14.351
106 14 1 32.984 15.172 32.302 14.311
107 14 1 32.984 15.148 32.302 14.287
108 14 1 32.984 15.108 32.302 14.247
109 14 1 32.984 15.100 32.302 14.239
110 14 1 32.984 15.060 32.302 14.199
111 14 1 32.984 15.052 32.302 14.191
112 14 1 33.024 14.924 32.270 13.991
113 14 1 32.984 14.892 32.302 14.031
114 14 1 32.984 14.868 32.302 14.007
115 14 1 32.984 14.844 32.302 13.983
116 14 1 32.984 14.820 32.302 13.959
117 14 1 32.984 14.796 32.302 13.935
118 14 1 32.984 14.772 32.302 13.911
119 14 1 33.048 14.819 32.238 14.007
120 14 1 32.984 14.836 32.302 13.983
121 14 1 32.984 14.804 32.302 13.951
122 14 1 33.000 14.788 32.318 13.935
123 14 1 32.984 14.772 32.302 13.919
124 14 1 33.000 14.740 32.318 13.887
125 14 1 33.000 14.724 32.318 13.871
126 14 1 33.000 14.708 32.318 13.855
127 14 1 33.000 14.676 32.318 13.823
128 14 1 33.000 14.660 32.318 13.807
129 14 1 33.000 14.628 32.318 13.775
130 14 1 33.016 14.596 32.334 13.742
131 14 1 33.032 14.579 32.350 13.726
132 14 1 33.016 14.547 32.334 13.694
133 14 1 33.184 14.403 32.254 13.367
134 14 1 33.064 14.315 32.374 13.454
135 14 1 33.072 14.291 32.382 13.430
136 14 1 33.080 14.283 32.390 13.422
137 14 1 33.072 14.243 32.382 13.382
138 14 1 33.080 14.219 32.390 13.358
139 14 1 33.072 14.179 32.382 13.318
140 14 1 33.080 14.155 32.390 13.294
141 14 1 33.088 14.115 32.398 13.254
142 14 1 33.096 14.091 32.406 13.230
143 14 1 33.104 14.051 32.414 13.190
144 14 1 33.112 14.027 32.422 13.166
145 14 1 33.120 13.987 32.430 13.126
146 14 1 33.144 13.963 32.454 13.102
147 14 1 33.152 13.923 32.462 13.062
148 14 1 33.160 13.883 32.470 13.022
149 14 1 33.168 13.843 32.478 12.982
150 14 1 33.192 13.850 32.503 12.990
151 14 1 33.200 13.810 32.511 12.950
152 14 1 33.208 13.786 32.519 12.926
153 14 1 33.216 13.746 32.527 12.886
154 14 1 33.312 13.706 32.519 12.734
155 14 1 33.256 13.650 32.567 12.789
156 14 1 33.264 13.626 32.575 12.765
157 14 1 33.288 13.586 32.599 12.725
158 14 1 33.296 13.562 32.607 12.701
159 14 1 33.304 13.538 32.615 12.677
160 14 1 33.312 13.514 32.623 12.653
161 14 1 33.424 13.457 32.623 12.805
162 14 1 33.368 13.554 32.679 12.709
163 14 1 33.376 13.546 32.687 12.701
164 14 1 33.384 13.538 32.695 12.693
165 14 1 33.392 13.514 32.703 12.669
166 14 1 33.400 13.506 32.711 12.661
167 14 1 33.408 13.466 32.719 12.621
168 14 1 33.432 13.425 32.743 12.581
169 14 1 33.440 13.369 32.751 12.525
170 14 1 33.464 13.329 32.775 12.485
171 14 1 33.456 13.305 32.767 12.461
172 14 1 33.464 13.281 32.775 12.437
173 14 1 33.472 13.241 32.783 12.397
174 14 1 33.480 13.217 32.791 12.373
175 14 1 33.616 13.185 32.767 12.205
176 14 1 33.536 13.121 32.847 12.276
177 14 1 33.544 13.097 32.855 12.252
178 14 1 33.536 13.073 32.847 12.228
179 14 1 33.560 13.033 32.871 12.188
180 14 1 33.568 13.009 32.879 12.164
181 14 1 33.592 12.969 32.903 12.124
182 14 1 33.600 12.945 32.911 12.100
183 14 1 33.624 12.905 32.935 12.060
184 14 1 33.632 12.865 32.943 12.020
185 14 1 33.656 12.825 32.967 11.980
186 14 1 33.680 12.785 32.991 11.940
187 14 1 33.704 12.760 33.015 11.916
188 14 1 33.696 12.769 33.007 11.924
189 14 1 33.720 12.744 33.031 11.900
190 14 1 33.728 12.720 33.039 11.876
191 14 1 33.752 12.680 33.063 11.836
192 14 1 33.776 12.656 33.087 11.812
193 14 1 33.816 12.616 33.127 11.771
194 14 1 33.840 12.592 33.151 11.747
195 14 1 33.880 12.552 33.191 11.707
196 14 1 33.904 12.512 33.215 11.667
197 14 1 33.944 12.472 33.255 11.627
198 14 1 33.968 12.448 33.280 11.603
199 14 1 33.992 12.423 33.304 11.579
200 14 1 34.000 12.399 33.312 11.555
201 14 1 34.024 12.359 33.336 11.515
202 14 1 34.032 12.351 33.344 11.507
203 14 1 34.056 12.311 33.368 11.467
204 14 1 34.064 12.287 33.376 11.443
205 14 1 34.088 12.263 33.400 11.419
206 14 1 34.112 12.223 33.424 11.379
207 14 1 34.136 12.183 33.448 11.339
208 14 1 34.160 12.143 33.472 11.299
209 14 1 34.184 12.087 33.496 11.243
210 14 1 34.224 12.095 33.448 11.067
211 14 1 34.176 12.007 33.488 11.163
212 14 1 34.200 11.967 33.512 11.123
213 14 1 34.208 11.911 33.520 11.067
214 14 1 34.232 11.871 33.544 11.027
215 14 1 34.240 11.815 33.552 10.971
216 14 1 34.264 11.775 33.576 10.931
217 14 1 34.280 11.679 33.640 11.074
218 14 1 34.296 11.791 33.616 10.962
219 14 1 34.312 11.751 33.632 10.922
220 14 1 34.312 11.711 33.632 10.882
221 14 1 34.328 11.687 33.648 10.858
222 14 1 34.344 11.663 33.664 10.834
223 14 1 34.344 11.639 33.664 10.810
224 14 1 34.472 11.439 33.784 10.498
225 14 1 34.464 11.391 33.784 10.562
226 14 1 34.480 11.351 33.800 10.522
227 14 1 34.480 11.311 33.800 10.482
228 14 1 34.496 11.287 33.816 10.458
229 14 1 34.512 11.231 33.832 10.402
230 14 1 34.528 11.191 33.848 10.362
231 14 1 34.544 11.135 33.864 10.306
232 14 1 34.544 11.095 33.864 10.267
233 14 1 34.560 11.039 33.880 10.211
234 14 1 34.560 10.999 33.880 10.171
235 14 1 34.576 10.959 33.896 10.131
236 14 1 34.576 10.919 33.896 10.091
237 14 1 34.576 10.879 33.896 10.051
238 14 1 34.680 10.671 33.848 10.155
239 14 1 34.600 10.815 33.920 10.003
240 14 1 34.600 10.775 33.920 9.963
241 14 1 34.600 10.751 33.920 9.939
242 14 1 34.600 10.711 33.920 9.899
243 14 1 34.600 10.671 33.920 9.859
244 14 1 34.600 10.615 33.920 9.803
245 14 1 34.592 10.679 33.935 9.588
246 14 1 34.600 10.544 33.927 9.723
247 14 1 34.592 10.496 33.919 9.675
248 14 1 34.584 10.448 33.911 9.628
249 14 1 34.592 10.400 33.919 9.580
250 14 1 34.584 10.336 33.911 9.516
251 14 1 34.592 10.288 33.919 9.468
252 14 1 34.576 10.152 33.879 9.516
253 14 1 34.560 10.240 33.887 9.428
254 14 1 34.552 10.200 33.879 9.388
255 14 1 34.560 10.160 33.887 9.348
256 14 1 34.552 10.120 33.879 9.308
257 14 1 34.544 10.113 33.871 9.300
258 14 1 34.520 10.073 33.847 9.260
259 14 1 34.624 9.937 33.879 8.965
260 14 1 34.584 9.857 33.911 9.045
261 14 1 34.576 9.817 33.903 9.005
262 14 1 34.567 9.777 33.895 8.965
263 14 1 34.559 9.721 33.887 8.909
264 14 1 34.551 9.681 33.879 8.869
265 14 1 34.543 9.641 33.871 8.829
266 14 1 34.472 9.753 33.799 8.774
267 14 1 34.471 9.666 33.799 8.853
268 14 1 34.463 9.610 33.791 8.798
269 14 1 34.455 9.586 33.783 8.774
270 14 1 34.447 9.562 33.775 8.750
271 14 1 34.439 9.522 33.767 8.710
272 14 1 34.431 9.466 33.759 8.654
273 14 1 34.423 9.442 33.751 8.630
274 14 1 34.415 9.402 33.743 8.590
275 14 1 34.391 9.379 33.719 8.566
276 14 1 34.383 9.339 33.711 8.526
277 14 1 34.359 9.315 33.687 8.502
278 14 1 34.351 9.291 33.679 8.479
279 14 1 34.327 9.251 33.655 8.439
280 14 1 34.319 9.211 33.647 8.399
281 14 1 34.295 9.155 33.623 8.343
282 14 1 34.287 9.099 33.615 8.287
283 14 1 34.263 9.044 33.591 8.231
284 14 1 34.255 8.988 33.583 8.176
285 14 1 34.247 8.932 33.575 8.120
286 14 1 34.239 8.876 33.567 8.064
287 14 1 34.231 8.836 33.559 8.024
288 14 1 34.223 8.796 33.551 7.984
289 14 1 34.215 8.756 33.543 7.944
290 14 1 34.207 8.701 33.535 7.888
291 14 1 34.183 8.677 33.511 7.864
292 14 1 34.175 8.637 33.503 7.825
293 14 1 34.167 8.613 33.495 7.801
294 14 1 34.239 8.365 33.343 7.562
295 14 1 34.127 8.374 33.455 7.569
296 14 1 34.119 8.342 33.447 7.537
297 14 1 34.111 8.310 33.439 7.506
298 14 1 34.087 8.262 33.415 7.458
299 14 1 34.079 8.214 33.407 7.410
300 14 1 34.055 8.182 33.383 7.378
301 14 1 34.047 8.150 33.375 7.346
302 14 1 34.023 8.103 33.351 7.298
303 14 1 34.015 8.039 33.343 7.234
304 14 1 34.007 7.975 33.335 7.171
305 14 1 33.999 7.943 33.327 7.139
306 14 1 33.991 7.895 33.319 7.091
307 14 1 33.999 7.879 33.327 7.075
308 14 1 33.975 7.831 33.303 7.027
309 14 1 33.967 7.815 33.295 7.011
310 14 1 33.943 7.768 33.271 6.963
311 14 1 33.935 7.752 33.263 6.947
312 14 1 33.911 7.704 33.239 6.900
313 14 1 33.903 7.672 33.231 6.868
314 14 1 33.879 7.640 33.207 6.836
315 14 1 33.871 7.592 33.199 6.788
316 14 1 33.847 7.544 33.175 6.740
317 14 1 33.823 7.513 33.151 6.708
319 14 1 33.775 7.417 33.103 6.613
320 14 1 33.751 7.369 33.079 6.565
321 14 1 33.743 7.321 33.071 6.517
322 14 1 33.719 7.289 33.047 6.485
324 14 1 33.703 7.194 33.031 6.389
325 14 1 33.695 7.178 33.023 6.373
326 14 1 33.671 7.130 32.999 6.326
327 14 1 33.663 7.098 32.991 6.294
329 14 1 33.631 7.034 32.959 6.230
330 14 1 33.623 7.002 32.951 6.198
331 14 1 33.615 6.971 32.943 6.166
332 14 1 33.591 6.939 32.919 6.134
333 14 1 33.583 6.907 32.911 6.102
334 14 1 33.575 6.859 32.903 6.055
336 14 1 33.543 6.779 32.871 5.975
337 14 1 33.535 6.731 32.863 5.927
338 14 1 33.511 6.684 32.838 5.879
339 14 1 33.519 6.652 32.846 5.847
340 14 1 33.495 6.628 32.822 5.823
341 14 1 33.487 6.572 32.814 5.768
342 14 1 33.479 6.524 32.806 5.720
343 14 1 33.447 6.428 32.774 5.624
344 14 1 33.479 6.460 32.806 5.656
345 14 1 33.471 6.444 32.798 5.640
347 14 1 33.471 6.365 32.798 5.560
348 14 1 33.463 6.333 32.790 5.528
349 14 1 33.471 6.293 32.798 5.488
350 14 1 33.463 6.269 32.790 5.465
351 14 1 33.455 6.237 32.782 5.433
352 14 1 33.447 6.205 32.774 5.401
354 14 1 33.415 6.125 32.742 5.321
355 14 1 33.423 6.078 32.750 5.273
357 14 1 33.391 6.014 32.718 5.209
358 14 1 33.367 5.966 32.694 5.162
359 14 1 33.359 5.918 32.686 5.114
360 14 1 33.351 5.886 32.678 5.082
361 14 1 33.359 5.838 32.686 5.034
363 14 1 33.358 5.759 32.686 4.954
364 14 1 33.334 5.743 32.662 4.938
365 14 1 33.326 5.695 32.654 4.891
367 14 1 33.294 5.631 32.622 4.827
368 14 1 33.302 5.599 32.630 4.795
369 14 1 33.310 5.583 32.638 4.779
371 14 1 33.278 5.520 32.606 4.715
372 14 1 33.270 5.488 32.598 4.683
373 14 1 33.262 5.456 32.590 4.651
374 14 1 33.254 5.424 32.582 4.620
375 14 1 33.262 5.392 32.590 4.588
376 14 1 33.238 5.344 32.566 4.540
377 14 1 33.246 5.312 32.574 4.508
378 14 1 33.222 5.280 32.550 4.476
379 14 1 33.230 5.249 32.558 4.444
380 14 1 33.222 5.201 32.550 4.396
381 14 1 33.214 5.153 32.542 4.349
382 14 1 33.206 5.137 32.534 4.333
383 14 1 33.214 5.089 32.542 4.285
384 14 1 33.206 5.073 32.534 4.269
385 14 1 33.334 4.922 32.654 4.125
387 14 1 33.326 4.914 32.646 4.117
388 14 1 33.326 4.890 32.646 4.093
389 14 1 33.310 4.866 32.630 4.069
390 14 1 33.310 4.842 32.630 4.046
391 14 1 33.294 4.802 32.614 4.006
392 14 1 33.294 4.778 32.614 3.982
393 14 1 33.278 4.738 32.598 3.942
394 14 1 33.278 4.698 32.598 3.902
395 14 1 33.262 4.659 32.582 3.862
396 14 1 33.262 4.619 32.582 3.822
397 14 1 33.246 4.579 32.566 3.783
398 14 1 33.246 4.539 32.566 3.743
399 14 1 33.246 4.499 32.566 3.703
400 14 1 33.230 4.475 32.550 3.679
401 14 1 33.246 4.435 32.566 3.639
402 14 1 33.246 4.396 32.566 3.599
403 14 1 33.246 4.356 32.566 3.559
404 14 1 33.246 4.332 32.566 3.536
405 14 1 33.230 4.292 32.550 3.496
406 14 1 33.214 4.284 32.534 3.488
407 14 1 33.214 4.244 32.534 3.448
408 14 1 33.214 4.220 32.534 3.424
409 14 1 33.214 4.180 32.534 3.384
410 14 1 33.214 4.156 32.534 3.360
411 14 1 33.214 4.117 32.534 3.320
412 14 1 33.214 4.093 32.534 3.296
413 14 1 33.214 4.053 32.534 3.257
414 14 1 33.214 4.029 32.534 3.233
415 14 1 33.214 3.989 32.534 3.193
416 14 1 33.214 3.965 32.534 3.169
417 14 1 33.214 3.925 32.534 3.129
418 14 1 33.214 3.901 32.534 3.105
419 14 1 33.214 3.862 32.534 3.065
420 14 1 33.214 3.838 32.534 3.041
421 14 1 33.198 3.798 32.518 3.002
422 14 1 33.198 3.774 32.518 2.978
423 14 1 33.198 3.734 32.518 2.938
424 14 1 33.214 3.710 32.534 2.914
425 14 1 33.214 3.686 32.534 2.890
426 14 1 33.230 3.662 32.550 2.866
318 14 1 33.799 7.465 33.127 6.660
323 14 1 33.727 7.242 33.055 6.437
328 14 1 33.639 7.066 32.967 6.262
335 14 1 33.567 6.811 32.895 6.007
346 14 1 33.479 6.428 32.806 5.624
353 14 1 33.439 6.173 32.766 5.369
356 14 1 33.399 6.046 32.726 5.241
362 14 1 33.351 5.791 32.678 4.986
366 14 1 33.302 5.679 32.630 4.875
370 14 1 33.286 5.551 32.614 4.747
23 12 2 45.219 12.512 43.445 11.691
24 12 2 44.750 12.514 43.644 11.690
25 12 2 44.694 12.514 43.365 11.691
26 12 2 44.615 12.515 43.175 11.692
27 12 2 44.480 12.515 42.976 11.693
28 12 2 44.361 12.516 42.817 11.694
29 12 2 44.226 12.516 42.650 11.694
30 12 2 44.091 12.517 42.491 11.695
31 12 2 43.947 12.517 42.331 11.695
32 12 2 43.804 12.518 42.172 11.696
33 12 2 43.653 12.535 42.013 11.713
34 12 2 43.510 12.519 41.862 11.697
35 12 2 43.343 12.536 41.687 11.714
36 12 2 43.200 12.520 41.536 11.699
37 12 2 43.033 12.521 41.368 11.699
38 12 2 42.882 12.522 41.217 11.700
39 12 2 42.715 12.538 41.050 11.716
40 12 2 42.580 12.523 40.915 11.701
41 12 2 42.413 12.540 40.747 11.718
42 12 2 42.198 12.437 40.644 11.782
43 12 2 42.214 12.469 40.620 11.750
44 12 2 42.062 12.469 40.469 11.751
45 12 2 41.911 12.470 40.317 11.751
46 12 2 41.760 12.487 40.166 11.768
47 12 2 41.609 12.471 40.014 11.752
48 12 2 41.457 12.488 39.863 11.769
49 12 2 41.139 12.561 39.456 11.723
50 12 2 41.115 12.521 39.488 11.762
51 12 2 40.964 12.530 39.337 11.771
52 12 2 40.796 12.539 39.169 11.780
53 12 2 40.645 12.531 39.018 11.772
54 12 2 40.494 12.540 38.866 11.781
55 12 2 40.342 12.549 38.715 11.789
56 12 2 40.350 12.588 38.284 11.855
57 12 2 40.183 12.589 38.444 11.838
58 12 2 40.032 12.606 38.292 11.855
59 12 2 39.880 12.590 38.140 11.840
60 12 2 39.729 12.623 37.989 11.872
61 12 2 39.577 12.624 37.837 11.873
62 12 2 39.426 12.640 37.685 11.889
63 12 2 39.131 12.633 37.318 11.867
64 12 2 39.099 12.626 37.350 11.875
65 12 2 38.955 12.642 37.206 11.891
66 12 2 38.780 12.643 37.031 11.892
67 12 2 38.636 12.644 36.887 11.892
68 12 2 38.476 12.660 36.727 11.909
69 12 2 38.317 12.677 36.567 11.926
70 12 2 38.261 12.717 36.256 12.007
71 12 2 38.149 12.725 36.360 11.982
72 12 2 37.998 12.734 36.208 11.991
73 12 2 37.846 12.743 36.056 12.000
74 12 2 37.694 12.767 35.904 12.024
75 12 2 37.543 12.776 35.752 12.033
76 12 2 37.391 12.801 35.600 12.057
77 12 2 36.968 12.890 35.488 12.106
78 12 2 37.103 12.866 35.360 12.122
79 12 2 36.952 12.874 35.208 12.131
80 12 2 36.800 12.899 35.057 12.155
81 12 2 36.648 12.908 34.905 12.164
82 12 2 36.496 12.916 34.753 12.173
83 12 2 36.344 12.925 34.601 12.181
84 12 2 35.985 12.910 34.432 12.206
85 12 2 36.073 12.926 34.352 12.190
86 12 2 35.929 12.927 34.208 12.191
87 12 2 35.769 12.943 34.048 12.207
88 12 2 35.625 12.960 33.904 12.224
89 12 2 35.465 12.961 33.744 12.225
90 12 2 35.321 12.977 33.600 12.241
91 12 2 35.289 13.033 33.167 12.259
92 12 2 35.105 13.010 33.352 12.274
93 12 2 34.961 13.027 33.208 12.291
94 12 2 34.801 13.028 33.047 12.291
95 12 2 34.641 13.044 32.887 12.308
96 12 2 34.497 13.045 32.743 12.309
97 12 2 34.353 13.061 32.599 12.325
98 12 2 34.065 13.063 32.126 12.311
99 12 2 33.985 13.055 32.214 12.319
100 12 2 33.840 13.056 32.070 12.320
101 12 2 33.680 13.056 31.909 12.320
102 12 2 33.520 13.073 31.749 12.337
103 12 2 33.376 13.090 31.605 12.353
104 12 2 33.216 13.074 31.444 12.338
105 12 2 33.063 13.155 31.155 12.299
106 12 2 32.999 13.099 31.220 12.355
107 12 2 32.863 13.092 31.083 12.348
108 12 2 32.711 13.085 30.931 12.340
109 12 2 32.543 13.093 30.762 12.349
110 12 2 32.406 13.102 30.626 12.358
111 12 2 32.238 13.095 30.457 12.350
112 12 2 31.861 13.088 30.249 12.383
113 12 2 31.941 13.104 30.176 12.367
114 12 2 31.789 13.105 30.024 12.368
115 12 2 31.637 13.105 29.871 12.369
116 12 2 31.484 13.106 29.719 12.369
117 12 2 31.332 13.091 29.566 12.354
118 12 2 31.195 13.091 29.430 12.354
119 12 2 31.027 13.076 29.261 12.339
120 12 2 30.891 13.077 29.124 12.340
121 12 2 30.722 13.077 28.956 12.340
122 12 2 30.586 13.078 28.819 12.341
123 12 2 30.433 13.063 28.666 12.326
124 12 2 30.297 13.063 28.530 12.326
125 12 2 30.128 13.064 28.361 12.327
126 12 2 29.871 13.041 28.024 12.224
127 12 2 29.831 13.001 28.064 12.264
128 12 2 29.694 13.002 27.927 12.265
129 12 2 29.542 12.987 27.774 12.249
130 12 2 29.389 12.971 27.621 12.234
131 12 2 29.253 12.972 27.485 12.234
132 12 2 29.100 12.956 27.332 12.219
133 12 2 28.859 12.966 27.066 12.236
134 12 2 28.843 12.966 27.074 12.236
135 12 2 28.706 12.958 26.938 12.229
136 12 2 28.554 12.935 26.785 12.205
137 12 2 28.401 12.927 26.632 12.198
138 12 2 28.248 12.904 26.479 12.174
139 12 2 28.111 12.897 26.342 12.167
140 12 2 27.902 12.866 26.020 12.184
141 12 2 27.846 12.882 26.077 12.160
142 12 2 27.709 12.866 25.940 12.144
143 12 2 27.557 12.835 25.787 12.113
144 12 2 27.420 12.820 25.650 12.098
145 12 2 27.267 12.804 25.497 12.082
146 12 2 27.130 12.773 25.360 12.051
147 12 2 26.977 12.741 25.207 12.019
148 12 2 26.841 12.726 25.070 12.004
149 12 2 26.688 12.710 24.917 11.988
150 12 2 26.551 12.679 24.780 11.957
151 12 2 26.398 12.648 24.627 11.925
152 12 2 26.261 12.616 24.490 11.894
153 12 2 26.108 12.585 24.337 11.862
154 12 2 25.971 12.553 24.200 11.831
155 12 2 25.835 12.522 24.063 11.799
156 12 2 25.698 12.490 23.926 11.768
157 12 2 25.545 12.459 23.773 11.736
158 12 2 25.408 12.427 23.636 11.705
159 12 2 25.271 12.396 23.499 11.673
160 12 2 25.134 12.348 23.362 11.625
161 12 2 24.981 12.317 23.208 11.594
162 12 2 24.860 12.285 23.088 11.562
163 12 2 24.707 12.254 22.934 11.531
164 12 2 24.570 12.206 22.797 11.483
165 12 2 24.433 12.159 22.660 11.436
166 12 2 24.296 12.111 22.523 11.388
167 12 2 24.159 12.063 22.386 11.340
168 12 2 24.022 12.032 22.249 11.309
169 12 2 23.885 11.984 22.112 11.261
170 12 2 23.748 11.921 21.975 11.197
171 12 2 23.611 11.873 21.837 11.150
172 12 2 23.490 11.842 21.716 11.118
173 12 2 23.337 11.794 21.563 11.071
174 12 2 23.216 11.730 21.442 11.007
175 12 2 23.079 11.667 21.305 10.943
176 12 2 22.942 11.619 21.168 10.895
177 12 2 22.805 11.587 21.030 10.864
178 12 2 22.684 11.524 20.909 10.800
179 12 2 22.547 11.476 20.772 10.752
180 12 2 22.426 11.412 20.651 10.689
181 12 2 22.289 11.349 20.514 10.625
182 12 2 22.168 11.285 20.393 10.561
183 12 2 22.031 11.221 20.256 10.497
184 12 2 21.894 11.158 20.118 10.434
185 12 2 21.757 11.094 19.981 10.370
186 12 2 21.636 11.030 19.860 10.306
187 12 2 21.515 10.966 19.739 10.242
188 12 2 21.394 10.887 19.618 10.162
189 12 2 21.257 10.823 19.480 10.099
190 12 2 21.136 10.759 19.359 10.035
191 12 2 20.998 10.679 19.222 9.955
192 12 2 20.877 10.600 19.101 9.875
193 12 2 20.756 10.520 18.980 9.795
194 12 2 20.635 10.440 18.859 9.715
195 12 2 20.498 10.376 18.721 9.651
196 12 2 20.280 10.465 18.827 9.298
197 12 2 20.426 10.248 18.665 9.507
198 12 2 20.305 10.184 18.544 9.443
199 12 2 20.184 10.120 18.423 9.379
200 12 2 20.079 10.040 18.318 9.299
201 12 2 19.958 9.961 18.197 9.219
202 12 2 19.837 9.881 18.075 9.140
203 12 2 19.716 9.801 17.954 9.060
204 12 2 19.611 9.721 17.849 8.980
205 12 2 19.490 9.641 17.728 8.900
206 12 2 19.385 9.561 17.623 8.820
207 12 2 19.264 9.481 17.502 8.740
208 12 2 19.159 9.401 17.397 8.660
209 12 2 19.038 9.321 17.276 8.580
210 12 2 18.933 9.257 17.171 8.516
211 12 2 18.828 9.177 17.066 8.436
212 12 2 18.723 9.098 16.961 8.356
213 12 2 18.602 9.018 16.839 8.276
214 12 2 18.497 8.954 16.734 8.212
215 12 2 18.376 8.874 16.613 8.132
216 12 2 18.287 8.810 16.524 8.068
217 12 2 18.166 8.746 16.403 8.004
218 12 2 18.077 8.682 16.314 7.940
219 12 2 17.972 8.634 16.209 7.892
220 12 2 17.867 8.586 16.104 7.844
221 12 2 17.761 8.538 15.998 7.796
222 12 2 17.656 8.490 15.893 7.748
223 12 2 17.551 8.426 15.788 7.684
224 12 2 17.373 8.363 15.611 7.155
41 13 1 31.235 17.593 30.472 16.892
42 13 1 31.283 17.481 30.504 16.692
43 13 1 31.275 17.481 30.496 16.700
44 13 1 31.275 17.441 30.496 16.660
45 13 1 31.275 17.401 30.496 16.619
46 13 1 31.275 17.377 30.496 16.595
47 13 1 31.291 17.320 30.512 16.539
48 13 1 31.291 17.296 30.512 16.515
49 13 1 31.307 17.208 30.608 16.346
50 13 1 31.323 17.184 30.584 16.370
51 13 1 31.315 17.144 30.576 16.330
52 13 1 31.323 17.104 30.584 16.290
53 13 1 31.331 17.048 30.592 16.234
54 13 1 31.339 17.007 30.601 16.194
55 13 1 31.331 16.967 30.592 16.154
56 13 1 31.323 16.959 30.641 15.929
57 13 1 31.339 16.879 30.617 16.010
58 13 1 31.331 16.847 30.609 15.978
59 13 1 31.323 16.799 30.601 15.930
60 13 1 31.331 16.783 30.609 15.913
61 13 1 31.323 16.735 30.601 15.865
62 13 1 31.331 16.703 30.609 15.833
63 13 1 31.355 16.599 30.585 15.906
64 13 1 31.331 16.663 30.601 15.833
65 13 1 31.331 16.623 30.601 15.793
66 13 1 31.331 16.599 30.601 15.769
67 13 1 31.331 16.559 30.601 15.729
68 13 1 31.331 16.535 30.601 15.705
69 13 1 31.331 16.494 30.601 15.665
70 13 1 31.395 16.382 30.681 15.424
71 13 1 31.395 16.326 30.673 15.480
72 13 1 31.387 16.286 30.665 15.440
73 13 1 31.395 16.246 30.673 15.400
74 13 1 31.387 16.222 30.665 15.376
75 13 1 31.411 16.182 30.689 15.336
76 13 1 31.403 16.158 30.681 15.312
77 13 1 31.460 16.141 30.649 15.232
78 13 1 31.419 16.109 30.689 15.256
79 13 1 31.419 16.077 30.689 15.224
80 13 1 31.419 16.045 30.689 15.192
81 13 1 31.403 16.029 30.673 15.176
82 13 1 31.403 15.997 30.673 15.144
83 13 1 31.403 15.965 30.673 15.112
84 13 1 31.516 15.893 30.689 15.112
85 13 1 31.468 15.917 30.729 15.079
86 13 1 31.476 15.885 30.737 15.047
87 13 1 31.484 15.853 30.745 15.015
88 13 1 31.476 15.821 30.737 14.983
89 13 1 31.484 15.805 30.745 14.967
90 13 1 31.476 15.757 30.737 14.919
91 13 1 31.572 15.676 30.818 14.662
92 13 1 31.556 15.596 30.818 14.743
93 13 1 31.564 15.564 30.826 14.711
94 13 1 31.556 15.532 30.818 14.679
95 13 1 31.564 15.500 30.826 14.646
96 13 1 31.556 15.468 30.818 14.614
97 13 1 31.564 15.436 30.826 14.582
98 13 1 31.636 15.475 30.778 14.647
99 13 1 31.580 15.484 30.834 14.638
100 13 1 31.580 15.460 30.834 14.614
101 13 1 31.580 15.436 30.834 14.590
102 13 1 31.580 15.412 30.834 14.566
103 13 1 31.580 15.387 30.834 14.542
104 13 1 31.580 15.363 30.834 14.518
105 13 1 31.644 15.259 30.794 14.510
106 13 1 31.588 15.299 30.842 14.462
107 13 1 31.588 15.267 30.842 14.430
108 13 1 31.588 15.235 30.842 14.398
109 13 1 31.588 15.203 30.842 14.366
110 13 1 31.588 15.171 30.842 14.334
111 13 1 31.588 15.155 30.842 14.318
112 13 1 31.620 15.051 30.738 14.054
113 13 1 31.556 14.979 30.802 14.134
114 13 1 31.548 14.955 30.794 14.110
115 13 1 31.556 14.915 30.802 14.070
116 13 1 31.564 14.891 30.810 14.046
117 13 1 31.572 14.851 30.818 14.006
118 13 1 31.564 14.827 30.810 13.982
119 13 1 31.596 14.875 30.810 13.902
120 13 1 31.580 14.811 30.826 13.958
121 13 1 31.588 14.779 30.834 13.926
122 13 1 31.580 14.763 30.826 13.910
123 13 1 31.588 14.731 30.834 13.878
124 13 1 31.580 14.699 30.826 13.846
125 13 1 31.588 14.667 30.834 13.814
126 13 1 31.660 14.570 30.818 13.910
127 13 1 31.612 14.659 30.858 13.821
128 13 1 31.620 14.626 30.866 13.789
129 13 1 31.612 14.594 30.858 13.757
130 13 1 31.620 14.562 30.866 13.725
131 13 1 31.612 14.530 30.858 13.693
132 13 1 31.620 14.498 30.866 13.661
133 13 1 31.741 14.322 30.939 13.445
134 13 1 31.709 14.306 30.955 13.469
135 13 1 31.701 14.274 30.947 13.437
136 13 1 31.693 14.242 30.939 13.405
137 13 1 31.701 14.210 30.947 13.373
138 13 1 31.693 14.162 30.939 13.325
139 13 1 31.701 14.130 30.947 13.293
140 13 1 31.628 14.226 30.874 13.229
141 13 1 31.628 14.146 30.874 13.301
142 13 1 31.628 14.114 30.874 13.269
143 13 1 31.612 14.082 30.858 13.237
144 13 1 31.620 14.058 30.866 13.213
145 13 1 31.612 14.018 30.858 13.173
146 13 1 31.604 13.994 30.850 13.149
147 13 1 31.645 13.818 30.810 13.197
148 13 1 31.604 13.930 30.850 13.101
149 13 1 31.596 13.898 30.842 13.069
150 13 1 31.604 13.874 30.850 13.045
151 13 1 31.596 13.858 30.842 13.029
152 13 1 31.604 13.826 30.850 12.997
153 13 1 31.596 13.802 30.842 12.973
154 13 1 31.604 13.554 30.883 12.645
155 13 1 31.612 13.506 30.867 12.677
156 13 1 31.612 13.482 30.867 12.653
157 13 1 31.612 13.466 30.867 12.637
158 13 1 31.629 13.434 30.883 12.605
159 13 1 31.629 13.410 30.883 12.581
160 13 1 31.645 13.370 30.899 12.540
161 13 1 31.733 13.481 30.907 12.548
162 13 1 31.685 13.425 30.939 12.596
163 13 1 31.693 13.417 30.947 12.588
164 13 1 31.685 13.393 30.939 12.564
165 13 1 31.701 13.353 30.955 12.524
166 13 1 31.717 13.345 30.971 12.516
167 13 1 31.701 13.305 30.955 12.476
168 13 1 31.717 13.297 30.971 12.468
169 13 1 31.717 13.257 30.971 12.428
170 13 1 31.717 13.233 30.971 12.404
171 13 1 31.717 13.209 30.971 12.380
172 13 1 31.733 13.185 30.987 12.356
173 13 1 31.749 13.145 31.003 12.316
174 13 1 31.749 13.121 31.003 12.292
175 13 1 31.749 13.081 31.003 12.252
176 13 1 31.765 13.057 31.019 12.228
177 13 1 31.781 13.017 31.035 12.188
178 13 1 31.781 12.993 31.035 12.164
179 13 1 31.781 12.953 31.035 12.124
180 13 1 31.781 12.929 31.035 12.100
181 13 1 31.797 12.873 31.051 12.044
182 13 1 31.797 12.849 31.051 12.020
183 13 1 31.797 12.809 31.051 11.980
184 13 1 31.797 12.769 31.051 11.940
185 13 1 31.797 12.729 31.051 11.900
186 13 1 31.797 12.689 31.051 11.860
187 13 1 31.797 12.649 31.051 11.820
188 13 1 31.797 12.625 31.051 11.796
189 13 1 31.797 12.585 31.051 11.756
190 13 1 31.781 12.561 31.035 11.732
191 13 1 31.765 12.521 31.019 11.692
192 13 1 31.797 12.481 31.051 11.652
193 13 1 31.797 12.441 31.051 11.612
194 13 1 31.797 12.417 31.051 11.588
195 13 1 31.797 12.361 31.051 11.532
196 13 1 31.829 12.241 31.019 11.468
197 13 1 31.797 12.265 31.051 11.444
198 13 1 31.797 12.233 31.051 11.412
199 13 1 31.797 12.201 31.051 11.380
200 13 1 31.797 12.153 31.051 11.332
201 13 1 31.797 12.121 31.051 11.300
202 13 1 31.797 12.089 31.051 11.268
203 13 1 31.821 12.169 31.076 11.276
204 13 1 31.813 12.129 31.068 11.308
205 13 1 31.813 12.097 31.068 11.276
206 13 1 31.813 12.065 31.068 11.244
207 13 1 31.813 12.033 31.068 11.212
208 13 1 31.813 12.001 31.068 11.180
209 13 1 31.797 11.953 31.052 11.132
210 13 1 31.813 11.937 31.068 11.116
211 13 1 31.797 11.873 31.052 11.052
212 13 1 31.797 11.841 31.052 11.020
213 13 1 31.797 11.809 31.052 10.988
214 13 1 31.781 11.761 31.036 10.940
215 13 1 31.749 11.745 31.003 10.924
216 13 1 31.733 11.697 30.987 10.876
217 13 1 31.733 11.665 30.987 10.844
218 13 1 31.717 11.617 30.971 10.796
219 13 1 31.669 11.569 30.923 10.748
220 13 1 31.669 11.537 30.923 10.716
221 13 1 31.637 11.489 30.891 10.668
222 13 1 31.621 11.442 30.875 10.621
223 13 1 31.573 11.410 30.827 10.589
224 13 1 31.573 11.378 30.827 10.557
225 13 1 31.557 11.346 30.811 10.525
226 13 1 31.525 11.314 30.779 10.493
227 13 1 31.509 11.282 30.763 10.461
228 13 1 31.509 11.250 30.763 10.429
229 13 1 31.509 11.218 30.763 10.397
230 13 1 31.493 11.170 30.747 10.349
231 13 1 31.477 11.122 30.731 10.301
232 13 1 31.477 11.090 30.731 10.269
233 13 1 31.477 11.042 30.731 10.221
234 13 1 31.461 10.994 30.715 10.173
235 13 1 31.445 10.962 30.699 10.141
236 13 1 31.445 10.914 30.699 10.093
237 13 1 31.445 10.866 30.699 10.045
238 13 1 31.445 10.834 30.699 10.013
239 13 1 31.428 10.787 30.683 9.966
240 13 1 31.412 10.723 30.667 9.902
241 13 1 31.429 10.675 30.683 9.854
242 13 1 31.396 10.643 30.651 9.822
243 13 1 31.396 10.595 30.651 9.774
244 13 1 31.396 10.531 30.651 9.710
245 13 1 31.396 10.483 30.651 9.662
246 13 1 31.396 10.467 30.651 9.646
247 13 1 31.396 10.419 30.651 9.598
248 13 1 31.397 10.403 30.651 9.582
249 13 1 31.397 10.339 30.651 9.518
250 13 1 31.413 10.291 30.667 9.470
251 13 1 31.429 10.259 30.683 9.438
252 13 1 31.413 10.227 30.667 9.406
253 13 1 31.429 10.195 30.683 9.374
254 13 1 31.373 9.979 30.635 9.150
256 13 1 31.365 9.971 30.627 9.142
257 13 1 31.373 9.931 30.635 9.102
258 13 1 31.365 9.891 30.627 9.062
259 13 1 31.373 9.835 30.635 9.006
260 13 1 31.365 9.779 30.627 8.950
261 13 1 31.373 9.739 30.635 8.910
262 13 1 31.365 9.700 30.627 8.871
263 13 1 31.373 9.660 30.635 8.831
264 13 1 31.421 9.523 30.683 8.703
266 13 1 31.413 9.516 30.675 8.695
267 13 1 31.421 9.484 30.683 8.663
268 13 1 31.413 9.452 30.675 8.631
269 13 1 31.421 9.404 30.683 8.583
270 13 1 31.413 9.372 30.675 8.551
271 13 1 31.421 9.324 30.683 8.503
272 13 1 31.429 9.260 30.691 8.439
273 13 1 31.437 9.212 30.699 8.391
274 13 1 31.445 9.164 30.708 8.343
275 13 1 31.453 9.116 30.716 8.295
276 13 1 31.461 9.068 30.724 8.247
277 13 1 31.469 9.020 30.732 8.199
278 13 1 31.477 8.972 30.740 8.151
279 13 1 31.485 8.940 30.748 8.119
280 13 1 31.493 8.892 30.756 8.071
281 13 1 31.501 8.860 30.764 8.039
282 13 1 31.509 8.812 30.772 7.991
283 13 1 31.517 8.780 30.780 7.959
284 13 1 31.509 8.732 30.772 7.911
285 13 1 31.517 8.700 30.780 7.879
286 13 1 31.525 8.652 30.788 7.831
287 13 1 31.533 8.620 30.796 7.799
288 13 1 31.525 8.588 30.788 7.767
289 13 1 31.533 8.572 30.796 7.751
290 13 1 31.621 8.316 30.892 7.488
292 13 1 31.613 8.308 30.884 7.480
293 13 1 31.613 8.285 30.884 7.456
294 13 1 31.629 8.420 30.852 7.352
295 13 1 31.605 8.301 30.876 7.472
296 13 1 31.605 8.261 30.876 7.432
297 13 1 31.621 8.205 30.892 7.376
298 13 1 31.621 8.165 30.892 7.336
299 13 1 31.621 8.093 30.892 7.264
300 13 1 31.637 8.037 30.908 7.208
301 13 1 31.637 7.997 30.908 7.168
302 13 1 31.621 8.005 30.892 7.176
303 13 1 31.621 7.965 30.892 7.136
304 13 1 31.621 7.925 30.892 7.096
305 13 1 31.621 7.869 30.892 7.040
306 13 1 31.637 7.829 30.908 7.000
307 13 1 31.637 7.773 30.908 6.945
308 13 1 31.637 7.733 30.908 6.905
309 13 1 31.637 7.693 30.908 6.865
310 13 1 31.637 7.670 30.908 6.841
311 13 1 31.637 7.614 30.908 6.785
312 13 1 31.653 7.574 30.924 6.745
313 13 1 31.653 7.518 30.924 6.689
314 13 1 31.669 7.478 30.941 6.649
315 13 1 31.669 7.422 30.941 6.593
316 13 1 31.686 7.382 30.957 6.553
317 13 1 31.686 7.342 30.957 6.513
319 13 1 31.702 7.246 30.973 6.417
320 13 1 31.718 7.206 30.989 6.377
321 13 1 31.718 7.150 30.989 6.322
322 13 1 31.718 7.126 30.989 6.298
324 13 1 31.734 7.047 31.005 6.218
325 13 1 31.734 6.991 31.005 6.162
326 13 1 31.750 6.951 31.021 6.122
327 13 1 31.750 6.895 31.021 6.066
329 13 1 31.750 6.831 31.021 6.002
330 13 1 31.734 6.791 31.005 5.962
331 13 1 31.734 6.751 31.005 5.922
332 13 1 31.734 6.711 31.005 5.883
333 13 1 31.718 6.655 30.989 5.827
334 13 1 31.718 6.600 30.989 5.771
336 13 1 31.854 6.583 31.013 5.651
337 13 1 31.790 6.528 31.061 5.699
338 13 1 31.790 6.488 31.061 5.659
339 13 1 31.790 6.432 31.061 5.603
340 13 1 31.790 6.392 31.061 5.563
341 13 1 31.790 6.352 31.061 5.523
342 13 1 31.774 6.328 31.045 5.499
343 13 1 31.950 6.056 30.909 5.412
344 13 1 31.790 6.144 31.061 5.324
345 13 1 31.790 6.113 31.061 5.292
347 13 1 31.790 6.033 31.061 5.212
348 13 1 31.790 6.001 31.061 5.180
349 13 1 31.790 5.953 31.061 5.132
350 13 1 31.790 5.905 31.061 5.084
351 13 1 31.790 5.873 31.061 5.052
352 13 1 31.806 5.825 31.077 5.005
354 13 1 31.822 5.729 31.093 4.909
355 13 1 31.822 5.698 31.093 4.877
357 13 1 31.822 5.618 31.093 4.797
358 13 1 31.838 5.570 31.109 4.749
359 13 1 31.854 5.538 31.125 4.717
360 13 1 31.854 5.490 31.125 4.669
361 13 1 31.854 5.458 31.125 4.638
363 13 1 31.886 5.362 31.157 4.542
364 13 1 31.886 5.330 31.157 4.510
365 13 1 31.886 5.283 31.157 4.462
367 13 1 31.886 5.219 31.157 4.398
368 13 1 31.870 5.187 31.141 4.366
369 13 1 31.886 5.155 31.157 4.334
371 13 1 31.870 5.059 31.141 4.239
372 13 1 31.870 5.011 31.141 4.191
373 13 1 31.854 4.964 31.125 4.143
374 13 1 31.838 4.916 31.109 4.095
375 13 1 31.854 4.868 31.125 4.047
376 13 1 31.838 4.820 31.109 3.999
377 13 1 31.854 4.788 31.125 3.968
378 13 1 31.838 4.740 31.109 3.920
379 13 1 31.838 4.692 31.110 3.872
380 13 1 31.838 4.660 31.110 3.840
381 13 1 31.838 4.629 31.110 3.808
382 13 1 31.822 4.597 31.094 3.776
383 13 1 31.806 4.549 31.078 3.728
384 13 1 31.822 4.517 31.094 3.696
385 13 1 31.806 4.469 31.078 3.649
386 13 1 31.822 4.437 31.094 3.617
387 13 1 31.806 4.405 31.078 3.585
388 13 1 31.822 4.373 31.094 3.553
389 13 1 31.806 4.326 31.078 3.505
390 13 1 31.822 4.294 31.094 3.473
391 13 1 31.822 4.246 31.094 3.425
392 13 1 31.838 4.198 31.110 3.377
393 13 1 31.854 4.150 31.126 3.330
394 13 1 31.870 4.086 31.142 3.266
395 13 1 31.886 4.038 31.158 3.218
396 13 1 31.886 3.991 31.158 3.170
397 13 1 31.886 3.959 31.158 3.138
398 13 1 31.902 3.911 31.174 3.090
399 13 1 31.918 3.879 31.190 3.058
400 13 1 31.902 3.831 31.174 3.011
401 13 1 31.934 3.799 31.206 2.979
402 13 1 31.934 3.751 31.206 2.931
403 13 1 31.950 3.719 31.222 2.899
404 13 1 31.934 3.672 31.206 2.851
405 13 1 31.950 3.640 31.222 2.819
406 13 1 31.934 3.608 31.206 2.787
407 13 1 31.950 3.576 31.222 2.755
408 13 1 31.934 3.528 31.206 2.708
409 13 1 31.934 3.496 31.206 2.676
410 13 1 31.934 3.448 31.206 2.628
411 13 1 31.918 3.401 31.190 2.580
412 13 1 31.902 3.353 31.174 2.532
413 13 1 31.918 3.305 31.190 2.484
414 13 1 31.886 3.273 31.158 2.453
415 13 1 31.886 3.225 31.158 2.405
416 13 1 31.886 3.193 31.158 2.373
417 13 1 31.886 3.162 31.158 2.341
418 13 1 31.870 3.130 31.142 2.309
419 13 1 31.886 3.098 31.158 2.277
420 13 1 31.870 3.066 31.142 2.245
421 13 1 31.870 3.034 31.142 2.214
422 13 1 31.870 3.002 31.142 2.182
423 13 1 31.870 2.970 31.142 2.150
424 13 1 31.870 2.938 31.142 2.118
425 13 1 31.870 2.922 31.142 2.102
426 13 1 31.870 2.891 31.142 2.070
318 13 1 31.702 7.302 30.973 6.473
323 13 1 31.718 7.086 30.989 6.258
328 13 1 31.750 6.871 31.021 6.042
335 13 1 31.718 6.544 30.989 5.715
346 13 1 31.790 6.065 31.061 5.244
353 13 1 31.822 5.777 31.093 4.957
356 13 1 31.822 5.650 31.093 4.829
362 13 1 31.870 5.410 31.141 4.590
366 13 1 31.886 5.251 31.157 4.430
370 13 1 31.870 5.107 31.141 4.287
49 15 1 33.938 17.273 33.192 16.484
50 15 1 33.930 17.233 33.184 16.444
51 15 1 33.922 17.209 33.176 16.420
52 15 1 33.930 17.152 33.184 16.364
53 15 1 33.922 17.112 33.176 16.324
54 15 1 33.930 17.056 33.184 16.268
55 15 1 33.922 17.000 33.176 16.212
56 15 1 33.930 16.944 33.184 16.156
57 15 1 33.922 16.904 33.176 16.116
58 15 1 33.930 16.848 33.184 16.060
59 15 1 33.922 16.808 33.176 16.020
60 15 1 33.914 16.752 33.168 15.964
61 15 1 33.906 16.712 33.160 15.924
62 15 1 33.914 16.656 33.168 15.868
63 15 1 33.906 16.632 33.160 15.844
64 15 1 33.897 16.592 33.152 15.804
65 15 1 33.905 16.552 33.160 15.763
66 15 1 33.930 16.512 33.184 15.723
67 15 1 33.921 16.472 33.176 15.683
68 15 1 33.929 16.448 33.184 15.659
69 15 1 33.905 16.424 33.160 15.635
70 15 1 33.841 16.288 33.120 15.419
71 15 1 33.841 16.272 33.112 15.443
72 15 1 33.841 16.232 33.112 15.403
73 15 1 33.841 16.192 33.112 15.363
74 15 1 33.841 16.168 33.112 15.339
75 15 1 33.841 16.128 33.112 15.299
76 15 1 33.841 16.104 33.112 15.275
77 15 1 33.841 16.216 33.104 15.187
78 15 1 33.833 16.144 33.104 15.251
79 15 1 33.833 16.104 33.104 15.211
80 15 1 33.833 16.064 33.104 15.171
81 15 1 33.817 16.040 33.088 15.147
82 15 1 33.801 16.000 33.072 15.107
83 15 1 33.937 15.751 33.160 15.091
85 15 1 33.913 15.839 33.176 15.011
86 15 1 33.921 15.799 33.184 14.971
87 15 1 33.913 15.759 33.176 14.931
88 15 1 33.905 15.735 33.168 14.907
89 15 1 33.897 15.711 33.160 14.883
90 15 1 33.889 15.672 33.152 14.843
91 15 1 33.905 15.511 33.224 14.530
92 15 1 33.921 15.455 33.200 14.603
93 15 1 33.929 15.423 33.208 14.571
94 15 1 33.921 15.375 33.200 14.523
95 15 1 33.929 15.327 33.208 14.475
96 15 1 33.921 15.295 33.200 14.443
97 15 1 33.929 15.247 33.208 14.395
98 15 1 33.969 15.327 33.240 14.450
99 15 1 33.961 15.311 33.240 14.458
100 15 1 33.969 15.279 33.248 14.426
101 15 1 33.977 15.247 33.256 14.394
102 15 1 33.969 15.215 33.248 14.362
103 15 1 33.993 15.183 33.272 14.330
104 15 1 34.001 15.135 33.280 14.282
105 15 1 34.041 15.086 33.320 14.234
106 15 1 34.065 15.038 33.344 14.186
107 15 1 34.073 15.022 33.352 14.170
108 15 1 34.049 15.006 33.328 14.154
109 15 1 34.041 14.974 33.320 14.122
110 15 1 34.033 14.943 33.312 14.090
111 15 1 34.041 14.910 33.320 14.058
112 15 1 34.049 14.862 33.328 14.010
113 15 1 34.073 14.830 33.352 13.978
114 15 1 34.081 14.782 33.360 13.930
115 15 1 34.105 14.750 33.384 13.898
116 15 1 34.129 14.702 33.408 13.849
117 15 1 34.153 14.670 33.432 13.817
118 15 1 34.177 14.622 33.456 13.769
119 15 1 34.185 14.590 33.464 13.737
120 15 1 34.193 14.558 33.472 13.705
121 15 1 34.201 14.526 33.480 13.673
122 15 1 34.193 14.510 33.472 13.657
123 15 1 34.201 14.478 33.480 13.625
124 15 1 34.193 14.446 33.472 13.593
125 15 1 34.201 14.414 33.480 13.561
126 15 1 34.209 14.382 33.488 13.529
127 15 1 34.217 14.350 33.496 13.497
128 15 1 34.209 14.318 33.488 13.465
129 15 1 34.217 14.286 33.496 13.433
130 15 1 34.209 14.254 33.488 13.401
131 15 1 34.217 14.222 33.496 13.369
132 15 1 34.225 14.174 33.504 13.321
133 15 1 34.233 14.142 33.512 13.289
134 15 1 34.225 14.094 33.504 13.241
135 15 1 34.233 14.046 33.512 13.193
136 15 1 34.241 14.014 33.520 13.161
137 15 1 34.249 13.966 33.528 13.113
138 15 1 34.241 13.934 33.520 13.081
139 15 1 34.249 13.902 33.528 13.049
140 15 1 34.241 13.870 33.520 13.017
141 15 1 34.249 13.838 33.528 12.985
142 15 1 34.257 13.806 33.536 12.953
143 15 1 34.265 13.773 33.544 12.921
144 15 1 34.273 13.757 33.552 12.905
145 15 1 34.281 13.725 33.560 12.873
146 15 1 34.289 13.677 33.568 12.825
147 15 1 34.313 13.645 33.592 12.793
148 15 1 34.321 13.613 33.600 12.761
149 15 1 34.329 13.597 33.608 12.745
150 15 1 34.321 13.581 33.600 12.729
151 15 1 34.329 13.565 33.608 12.713
152 15 1 34.337 13.533 33.616 12.681
153 15 1 34.361 13.485 33.640 12.633
154 15 1 34.297 13.422 33.448 12.378
155 15 1 34.241 13.334 33.512 12.473
156 15 1 34.257 13.310 33.528 12.449
157 15 1 34.241 13.286 33.512 12.425
158 15 1 34.257 13.262 33.528 12.401
159 15 1 34.257 13.222 33.528 12.361
160 15 1 34.273 13.182 33.544 12.321
161 15 1 34.289 13.142 33.560 12.281
162 15 1 34.425 13.109 33.688 12.281
164 15 1 34.417 13.101 33.680 12.273
165 15 1 34.441 13.061 33.704 12.233
166 15 1 34.465 13.005 33.728 12.177
167 15 1 34.473 12.965 33.736 12.137
168 15 1 34.481 12.925 33.744 12.097
169 15 1 34.473 12.901 33.736 12.073
170 15 1 34.481 12.845 33.744 12.017
171 15 1 34.489 12.805 33.752 11.977
172 15 1 34.497 12.749 33.760 11.921
173 15 1 34.505 12.709 33.768 11.881
174 15 1 34.513 12.669 33.776 11.841
175 15 1 34.569 12.637 33.840 11.673
176 15 1 34.569 12.573 33.840 11.737
177 15 1 34.569 12.541 33.840 11.705
178 15 1 34.585 12.493 33.856 11.657
179 15 1 34.601 12.445 33.872 11.609
180 15 1 34.617 12.429 33.888 11.593
181 15 1 34.633 12.381 33.904 11.545
182 15 1 34.649 12.349 33.920 11.513
183 15 1 34.665 12.301 33.936 11.465
184 15 1 34.681 12.253 33.952 11.417
185 15 1 34.761 12.149 34.016 11.321
187 15 1 34.753 12.141 34.008 11.313
188 15 1 34.769 12.101 34.024 11.273
189 15 1 34.784 12.061 34.040 11.233
190 15 1 34.800 12.021 34.056 11.193
191 15 1 34.832 11.981 34.088 11.152
192 15 1 34.848 11.940 34.104 11.112
193 15 1 34.864 11.900 34.120 11.072
194 15 1 34.864 11.877 34.120 11.048
195 15 1 34.880 11.836 34.136 11.008
196 15 1 34.896 11.796 34.152 10.968
197 15 1 34.928 11.724 34.184 10.896
198 15 1 34.976 11.668 34.232 10.840
199 15 1 35.008 11.612 34.264 10.784
200 15 1 35.040 11.572 34.296 10.744
201 15 1 35.040 11.532 34.296 10.704
202 15 1 35.056 11.492 34.312 10.664
203 15 1 35.088 11.452 34.344 10.624
204 15 1 35.104 11.412 34.360 10.584
205 15 1 35.120 11.372 34.376 10.544
206 15 1 35.136 11.316 34.392 10.488
207 15 1 35.136 11.276 34.392 10.448
208 15 1 35.136 11.236 34.392 10.409
209 15 1 35.152 11.180 34.408 10.353
210 15 1 35.216 11.300 34.456 10.217
211 15 1 35.200 11.172 34.456 10.336
212 15 1 35.216 11.140 34.472 10.304
213 15 1 35.232 11.092 34.488 10.256
214 15 1 35.264 11.044 34.520 10.208
215 15 1 35.280 10.996 34.536 10.160
216 15 1 35.312 10.948 34.568 10.112
217 15 1 35.328 10.916 34.584 10.080
218 15 1 35.328 10.900 34.584 10.064
219 15 1 35.328 10.868 34.584 10.033
220 15 1 35.344 10.836 34.600 10.001
221 15 1 35.360 10.788 34.616 9.953
222 15 1 35.376 10.740 34.632 9.905
223 15 1 35.392 10.692 34.647 9.857
224 15 1 35.408 10.660 34.663 9.825
225 15 1 35.424 10.628 34.679 9.793
226 15 1 35.424 10.597 34.679 9.761
227 15 1 35.439 10.549 34.695 9.713
228 15 1 35.439 10.517 34.695 9.681
229 15 1 35.439 10.485 34.695 9.649
230 15 1 35.455 10.437 34.711 9.601
231 15 1 35.455 10.389 34.711 9.553
232 15 1 35.471 10.357 34.727 9.521
233 15 1 35.471 10.309 34.727 9.473
234 15 1 35.487 10.261 34.743 9.425
235 15 1 35.519 10.197 34.775 9.361
236 15 1 35.535 10.165 34.791 9.329
237 15 1 35.519 10.133 34.775 9.298
238 15 1 35.519 10.101 34.775 9.266
239 15 1 35.519 10.053 34.775 9.218
240 15 1 35.519 10.006 34.775 9.170
241 15 1 35.519 9.958 34.775 9.122
242 15 1 35.519 9.910 34.775 9.074
243 15 1 35.519 9.846 34.775 9.010
244 15 1 35.519 9.798 34.775 8.962
245 15 1 35.503 9.750 34.759 8.914
246 15 1 35.487 9.686 34.743 8.851
247 15 1 35.471 9.639 34.727 8.803
248 15 1 35.455 9.591 34.711 8.755
249 15 1 35.439 9.543 34.695 8.707
250 15 1 35.439 9.495 34.695 8.659
251 15 1 35.423 9.447 34.679 8.611
252 15 1 35.423 9.399 34.679 8.564
253 15 1 35.423 9.351 34.679 8.516
254 15 1 35.423 9.319 34.679 8.484
255 15 1 35.407 9.288 34.663 8.452
256 15 1 35.407 9.256 34.663 8.420
257 15 1 35.407 9.208 34.663 8.372
258 15 1 35.391 9.176 34.647 8.340
259 15 1 35.391 9.128 34.647 8.292
260 15 1 35.375 9.096 34.631 8.261
261 15 1 35.375 9.064 34.631 8.229
262 15 1 35.359 9.032 34.615 8.197
263 15 1 35.359 9.001 34.615 8.165
264 15 1 35.343 8.969 34.599 8.133
265 15 1 35.343 8.937 34.599 8.101
266 15 1 35.327 8.921 34.583 8.085
267 15 1 35.311 8.889 34.567 8.053
268 15 1 35.311 8.857 34.567 8.021
269 15 1 35.295 8.793 34.551 7.958
270 15 1 35.295 8.729 34.551 7.894
271 15 1 35.310 8.650 34.567 7.814
272 15 1 35.326 8.586 34.583 7.750
273 15 1 35.326 8.522 34.583 7.686
274 15 1 35.326 8.474 34.583 7.638
275 15 1 35.398 8.298 34.598 7.455
277 15 1 35.366 8.290 34.622 7.455
278 15 1 35.350 8.259 34.606 7.423
279 15 1 35.350 8.227 34.606 7.391
280 15 1 35.334 8.195 34.590 7.359
281 15 1 35.302 8.147 34.558 7.311
282 15 1 35.270 8.099 34.526 7.264
283 15 1 35.238 8.067 34.494 7.232
284 15 1 35.222 8.020 34.478 7.184
285 15 1 35.206 7.940 34.462 7.104
286 15 1 35.190 7.892 34.446 7.056
287 15 1 35.190 7.844 34.446 7.009
288 15 1 35.174 7.812 34.430 6.977
289 15 1 35.158 7.781 34.414 6.945
290 15 1 35.174 7.733 34.430 6.897
291 15 1 35.158 7.669 34.414 6.833
292 15 1 35.158 7.637 34.414 6.801
293 15 1 35.158 7.605 34.414 6.769
294 15 1 35.158 7.573 34.414 6.737
295 15 1 35.142 7.525 34.398 6.690
296 15 1 35.126 7.509 34.382 6.674
297 15 1 35.126 7.478 34.382 6.642
298 15 1 35.110 7.446 34.366 6.610
299 15 1 35.094 7.414 34.350 6.578
300 15 1 35.094 7.382 34.350 6.546
301 15 1 35.078 7.350 34.334 6.514
302 15 1 35.062 7.318 34.318 6.483
303 15 1 35.062 7.286 34.318 6.451
304 15 1 35.046 7.254 34.302 6.419
305 15 1 35.014 7.223 34.270 6.387
306 15 1 35.014 7.175 34.270 6.339
307 15 1 34.998 7.127 34.254 6.291
308 15 1 35.014 7.063 34.270 6.227
309 15 1 34.998 6.999 34.254 6.164
310 15 1 35.014 6.936 34.270 6.100
311 15 1 35.014 6.888 34.270 6.052
312 15 1 35.030 6.840 34.286 6.004
313 15 1 35.078 6.728 34.334 5.892
314 15 1 35.062 6.680 34.318 5.845
315 15 1 35.062 6.632 34.318 5.797
316 15 1 35.046 6.617 34.302 5.781
317 15 1 35.014 6.569 34.270 5.733
319 15 1 34.966 6.505 34.222 5.669
320 15 1 34.950 6.457 34.206 5.622
321 15 1 34.918 6.378 34.174 5.542
322 15 1 34.902 6.330 34.158 5.494
324 15 1 34.886 6.202 34.142 5.367
325 15 1 34.886 6.155 34.142 5.319
326 15 1 34.886 6.107 34.142 5.271
327 15 1 34.886 6.043 34.142 5.207
329 15 1 34.870 5.947 34.126 5.112
330 15 1 34.854 5.915 34.110 5.080
331 15 1 34.838 5.884 34.094 5.048
332 15 1 34.822 5.836 34.078 5.000
333 15 1 34.806 5.820 34.062 4.984
334 15 1 34.806 5.772 34.062 4.936
336 15 1 34.774 5.724 34.030 4.889
337 15 1 34.774 5.692 34.030 4.857
338 15 1 34.758 5.661 34.014 4.825
339 15 1 34.726 5.629 33.982 4.793
340 15 1 34.726 5.597 33.982 4.761
341 15 1 34.710 5.549 33.966 4.713
342 15 1 34.710 5.517 33.966 4.682
343 15 1 34.709 5.469 33.966 4.634
344 15 1 34.725 5.390 33.982 4.554
345 15 1 34.725 5.326 33.982 4.490
347 15 1 34.773 4.983 34.030 4.140
348 15 1 34.789 4.927 34.046 4.084
349 15 1 34.773 4.872 34.030 4.028
350 15 1 34.773 4.832 34.030 3.988
351 15 1 34.757 4.792 34.014 3.948
352 15 1 34.725 4.752 33.982 3.909
354 15 1 34.677 4.673 33.934 3.829
355 15 1 34.677 4.617 33.934 3.773
357 15 1 34.645 4.505 33.902 3.662
358 15 1 34.645 4.450 33.902 3.606
359 15 1 34.645 4.394 33.902 3.550
360 15 1 34.629 4.338 33.886 3.494
361 15 1 34.613 4.282 33.870 3.439
363 15 1 34.613 4.187 33.870 3.343
364 15 1 34.629 4.147 33.886 3.303
365 15 1 34.613 4.107 33.870 3.263
367 15 1 34.597 4.027 33.854 3.184
368 15 1 34.581 3.988 33.838 3.144
369 15 1 34.581 3.948 33.838 3.104
371 15 1 34.549 3.868 33.806 3.025
372 15 1 34.549 3.828 33.806 2.985
373 15 1 34.549 3.788 33.806 2.945
374 15 1 34.549 3.749 33.806 2.905
375 15 1 34.549 3.693 33.806 2.849
376 15 1 34.549 3.653 33.806 2.809
377 15 1 34.549 3.597 33.806 2.754
378 15 1 34.533 3.558 33.790 2.714
379 15 1 34.517 3.502 33.774 2.658
380 15 1 34.517 3.478 33.774 2.634
381 15 1 34.517 3.422 33.774 2.579
382 15 1 34.533 3.366 33.789 2.523
383 15 1 34.533 3.295 33.789 2.451
384 15 1 34.533 3.239 33.789 2.395
385 15 1 34.565 3.167 33.821 2.324
386 15 1 34.565 3.112 33.821 2.268
387 15 1 34.549 3.072 33.805 2.228
388 15 1 34.549 3.048 33.805 2.204
389 15 1 34.533 3.008 33.789 2.165
390 15 1 34.501 2.968 33.757 2.125
391 15 1 34.485 2.913 33.741 2.069
392 15 1 34.469 2.873 33.725 2.029
393 15 1 34.437 2.817 33.693 1.973
394 15 1 34.421 2.777 33.677 1.934
395 15 1 34.421 2.721 33.677 1.878
396 15 1 34.405 2.682 33.661 1.838
397 15 1 34.389 2.626 33.645 1.782
398 15 1 34.405 2.586 33.661 1.743
399 15 1 34.389 2.530 33.645 1.687
400 15 1 34.389 2.491 33.645 1.647
401 15 1 34.389 2.451 33.645 1.607
402 15 1 34.373 2.443 33.629 1.599
403 15 1 34.357 2.403 33.613 1.559
404 15 1 34.357 2.379 33.613 1.536
405 15 1 34.341 2.355 33.597 1.512
406 15 1 34.325 2.331 33.581 1.488
407 15 1 34.325 2.308 33.581 1.464
408 15 1 34.309 2.284 33.565 1.440
409 15 1 34.293 2.260 33.549 1.416
410 15 1 34.293 2.236 33.549 1.392
411 15 1 34.277 2.212 33.533 1.368
412 15 1 34.261 2.188 33.517 1.345
413 15 1 34.245 2.164 33.502 1.321
414 15 1 34.229 2.140 33.486 1.297
415 15 1 34.229 2.117 33.486 1.273
416 15 1 34.229 2.093 33.486 1.249
417 15 1 34.229 2.069 33.486 1.225
418 15 1 34.245 2.029 33.501 1.185
419 15 1 34.245 1.989 33.501 1.146
420 15 1 34.261 1.949 33.517 1.106
421 15 1 34.277 1.910 33.533 1.066
422 15 1 34.277 1.870 33.533 1.026
423 15 1 34.277 1.846 33.533 1.002
424 15 1 34.293 1.822 33.549 0.978
425 15 1 34.309 1.814 33.565 0.970
426 15 1 34.293 1.806 33.549 0.963
318 15 1 34.982 6.537 34.238 5.701
323 15 1 34.902 6.250 34.158 5.414
328 15 1 34.870 5.979 34.126 5.144
335 15 1 34.790 5.756 34.046 4.920
346 15 1 34.781 5.023 34.022 4.100
353 15 1 34.693 4.712 33.950 3.869
356 15 1 34.661 4.561 33.918 3.717
362 15 1 34.629 4.242 33.886 3.399
366 15 1 34.613 4.067 33.870 3.224
370 15 1 34.565 3.908 33.822 3.064
74 16 2 43.754 11.268 41.884 10.446
75 16 2 43.595 11.253 41.724 10.431
76 16 2 43.436 11.253 41.565 10.432
77 16 2 43.046 11.135 41.534 10.543
78 16 2 43.070 11.151 41.510 10.527
79 16 2 42.919 11.136 41.358 10.512
80 16 2 42.752 11.136 41.191 10.513
81 16 2 42.601 11.121 41.040 10.497
82 16 2 42.434 11.106 40.873 10.482
83 16 2 42.283 11.106 40.721 10.482
84 16 2 41.909 11.092 40.761 10.395
85 16 2 42.012 11.067 40.658 10.411
86 16 2 41.861 11.052 40.506 10.395
87 16 2 41.694 11.021 40.339 10.364
88 16 2 41.542 11.005 40.188 10.349
89 16 2 41.391 11.006 40.036 10.349
90 16 2 41.240 10.990 39.885 10.334
91 16 2 40.969 10.960 39.542 10.343
92 16 2 40.945 10.968 39.574 10.327
93 16 2 40.794 10.952 39.422 10.311
94 16 2 40.658 10.953 39.287 10.312
95 16 2 40.491 10.953 39.120 10.313
96 16 2 40.340 10.954 38.968 10.313
97 16 2 40.188 10.938 38.817 10.298
98 16 2 40.133 10.915 38.338 10.251
99 16 2 39.965 10.899 38.505 10.259
100 16 2 39.822 10.900 38.362 10.259
101 16 2 39.662 10.885 38.202 10.244
102 16 2 39.503 10.869 38.043 10.228
103 16 2 39.359 10.870 37.899 10.229
104 16 2 39.200 10.854 37.740 10.214
105 16 2 38.961 10.887 37.572 10.134
106 16 2 38.993 10.839 37.548 10.190
107 16 2 38.849 10.832 37.404 10.183
108 16 2 38.690 10.808 37.245 10.159
109 16 2 38.546 10.801 37.101 10.152
110 16 2 38.418 10.793 36.973 10.144
111 16 2 38.291 10.786 36.845 10.137
112 16 2 38.115 10.787 36.318 10.099
113 16 2 37.972 10.763 36.470 10.114
114 16 2 37.836 10.756 36.334 10.107
115 16 2 37.700 10.748 36.198 10.099
116 16 2 37.580 10.741 36.079 10.091
117 16 2 37.461 10.733 35.959 10.084
118 16 2 37.341 10.725 35.839 10.076
119 16 2 37.054 10.734 35.607 10.029
120 16 2 37.077 10.702 35.583 10.053
121 16 2 36.966 10.695 35.471 10.046
122 16 2 36.854 10.671 35.359 10.022
123 16 2 36.726 10.680 35.231 10.030
124 16 2 36.614 10.656 35.119 10.007
125 16 2 36.502 10.665 35.007 10.015
126 16 2 36.391 10.641 34.895 9.992
127 16 2 36.295 10.649 34.800 10.000
128 16 2 36.183 10.642 34.688 9.992
129 16 2 36.087 10.634 34.592 9.985
130 16 2 35.975 10.627 34.480 9.977
131 16 2 35.879 10.619 34.384 9.969
132 16 2 35.783 10.611 34.288 9.962
133 16 2 35.687 10.604 34.192 9.954
134 16 2 35.591 10.596 34.096 9.946
135 16 2 35.511 10.604 34.016 9.955
136 16 2 35.416 10.597 33.920 9.947
137 16 2 35.336 10.589 33.840 9.939
138 16 2 35.240 10.581 33.743 9.932
139 16 2 35.160 10.574 33.663 9.924
140 16 2 34.904 10.606 33.663 9.916
141 16 2 35.024 10.582 33.551 9.932
142 16 2 34.952 10.574 33.479 9.924
143 16 2 34.880 10.567 33.407 9.917
144 16 2 34.808 10.559 33.335 9.909
145 16 2 34.736 10.551 33.263 9.901
146 16 2 34.664 10.543 33.191 9.893
147 16 2 34.608 10.536 33.135 9.886
148 16 2 34.536 10.528 33.063 9.878
149 16 2 34.480 10.520 33.007 9.870
150 16 2 34.408 10.528 32.935 9.878
151 16 2 34.368 10.520 32.895 9.870
152 16 2 34.296 10.513 32.823 9.863
153 16 2 34.256 10.505 32.783 9.855
154 16 2 34.200 10.513 32.727 9.863
155 16 2 34.160 10.505 32.687 9.855
156 16 2 34.104 10.497 32.631 9.847
157 16 2 34.064 10.490 32.591 9.839
158 16 2 34.008 10.482 32.534 9.832
159 16 2 33.984 10.474 32.510 9.824
160 16 2 33.944 10.482 32.470 9.832
161 16 2 33.904 10.474 32.430 9.824
162 16 2 33.864 10.482 32.390 9.832
163 16 2 33.840 10.474 32.366 9.824
164 16 2 33.800 10.466 32.326 9.816
165 16 2 33.776 10.459 32.302 9.808
166 16 2 33.736 10.467 32.262 9.817
167 16 2 33.696 10.459 32.222 9.809
168 16 2 33.656 10.451 32.182 9.801
169 16 2 33.632 10.443 32.158 9.793
170 16 2 33.592 10.451 32.118 9.801
171 16 2 33.568 10.443 32.094 9.793
172 16 2 33.528 10.451 32.054 9.801
173 16 2 33.487 10.444 32.014 9.793
174 16 2 33.447 10.436 31.974 9.785
175 16 2 33.407 10.428 31.934 9.778
176 16 2 33.351 10.420 31.878 9.770
177 16 2 33.311 10.412 31.837 9.762
178 16 2 33.271 10.404 31.797 9.754
179 16 2 33.231 10.397 31.757 9.746
180 16 2 33.175 10.389 31.701 9.738
181 16 2 33.135 10.365 31.661 9.715
182 16 2 33.063 10.357 31.589 9.707
183 16 2 33.007 10.349 31.533 9.699
184 16 2 32.935 10.342 31.461 9.691
185 16 2 32.879 10.318 31.405 9.667
186 16 2 32.807 10.310 31.333 9.660
187 16 2 32.751 10.286 31.276 9.636
188 16 2 32.679 10.279 31.204 9.628
189 16 2 32.607 10.255 31.132 9.604
190 16 2 32.535 10.247 31.060 9.597
191 16 2 32.462 10.223 30.988 9.573
192 16 2 32.390 10.216 30.916 9.565
193 16 2 32.318 10.192 30.843 9.541
194 16 2 32.230 10.184 30.755 9.534
195 16 2 32.174 10.160 30.699 9.510
196 16 2 32.086 10.137 30.611 9.486
197 16 2 32.030 10.113 30.555 9.462
198 16 2 31.958 10.105 30.483 9.454
199 16 2 31.886 10.081 30.410 9.431
200 16 2 31.813 10.074 30.338 9.423
201 16 2 31.741 10.050 30.266 9.399
202 16 2 31.653 10.042 30.178 9.391
203 16 2 31.581 10.019 30.106 9.368
204 16 2 31.493 10.011 30.017 9.360
205 16 2 31.421 9.987 29.945 9.336
206 16 2 31.316 9.963 29.841 9.313
207 16 2 31.244 9.940 29.769 9.289
208 16 2 31.156 9.916 29.680 9.265
209 16 2 31.084 9.892 29.608 9.241
210 16 2 30.980 9.869 29.504 9.218
211 16 2 30.891 9.845 29.415 9.194
212 16 2 30.803 9.821 29.327 9.170
213 16 2 30.715 9.798 29.239 9.146
214 16 2 30.627 9.790 29.151 9.139
215 16 2 30.539 9.766 29.062 9.115
216 16 2 30.450 9.742 28.974 9.091
217 16 2 30.362 9.719 28.886 9.067
218 16 2 30.258 9.711 28.781 9.060
219 16 2 30.170 9.687 28.693 9.036
220 16 2 30.065 9.680 28.589 9.028
221 16 2 29.977 9.656 28.500 9.005
222 16 2 29.873 9.648 28.396 8.997
223 16 2 29.784 9.625 28.308 8.973
224 16 2 29.680 9.617 28.203 8.966
225 16 2 29.576 9.593 28.099 8.942
226 16 2 29.471 9.570 27.994 8.918
227 16 2 29.383 9.546 27.906 8.894
228 16 2 29.263 9.538 27.785 8.887
229 16 2 29.174 9.515 27.697 8.863
230 16 2 29.054 9.507 27.576 8.855
231 16 2 28.966 9.483 27.488 8.832
232 16 2 28.845 9.476 27.367 8.824
233 16 2 28.741 9.452 27.263 8.800
234 16 2 28.636 9.444 27.158 8.793
235 16 2 28.532 9.421 27.054 8.769
236 16 2 28.412 9.413 26.933 8.761
237 16 2 28.307 9.389 26.829 8.737
238 16 2 28.187 9.382 26.708 8.730
239 16 2 28.082 9.358 26.604 8.706
240 16 2 27.962 9.350 26.483 8.698
241 16 2 27.857 9.327 26.379 8.675
242 16 2 27.721 9.319 26.242 8.667
243 16 2 27.616 9.295 26.137 8.643
244 16 2 27.496 9.288 26.017 8.636
245 16 2 27.391 9.264 25.912 8.612
246 16 2 27.271 9.240 25.791 8.588
247 16 2 27.166 9.217 25.687 8.565
248 16 2 27.045 9.209 25.566 8.557
249 16 2 26.941 9.185 25.461 8.533
250 16 2 26.804 9.162 25.325 8.509
251 16 2 26.700 9.138 25.220 8.486
252 16 2 26.579 9.114 25.099 8.462
253 16 2 26.459 9.091 24.979 8.438
254 16 2 26.322 9.067 24.842 8.415
255 16 2 26.201 9.043 24.721 8.391
256 16 2 26.081 9.020 24.600 8.367
257 16 2 25.960 8.996 24.479 8.344
258 16 2 25.823 8.972 24.343 8.320
259 16 2 25.718 8.949 24.238 8.296
260 16 2 25.582 8.925 24.101 8.273
261 16 2 25.461 8.901 23.980 8.249
262 16 2 25.340 8.878 23.859 8.225
263 16 2 25.220 8.838 23.739 8.185
264 16 2 25.083 8.814 23.602 8.162
265 16 2 24.962 8.775 23.481 8.122
266 16 2 24.825 8.751 23.344 8.098
267 16 2 24.704 8.727 23.223 8.075
268 16 2 24.568 8.704 23.086 8.051
269 16 2 24.431 8.664 22.949 8.011
270 16 2 24.294 8.640 22.812 7.988
271 16 2 24.173 8.601 22.691 7.948
272 16 2 24.036 8.577 22.554 7.924
273 16 2 23.915 8.553 22.433 7.900
274 16 2 23.778 8.530 22.296 7.877
275 16 2 23.657 8.490 22.175 7.837
276 16 2 23.520 8.450 22.038 7.797
277 16 2 23.384 8.411 21.901 7.757
278 16 2 23.247 8.387 21.764 7.734
279 16 2 23.126 8.347 21.643 7.694
280 16 2 22.973 8.324 21.490 7.670
281 16 2 22.835 8.300 21.352 7.647
282 16 2 22.698 8.276 21.215 7.623
283 16 2 22.561 8.253 21.078 7.599
284 16 2 22.424 8.229 20.941 7.575
285 16 2 22.303 8.189 20.820 7.536
286 16 2 22.166 8.166 20.683 7.512
287 16 2 22.029 8.142 20.545 7.488
288 16 2 21.892 8.118 20.408 7.465
289 16 2 21.771 8.094 20.287 7.441
290 16 2 21.634 8.071 20.150 7.417
291 16 2 21.513 8.031 20.029 7.377
292 16 2 21.376 8.007 19.891 7.353
293 16 2 21.255 7.984 19.770 7.330
294 16 2 21.118 7.960 19.633 7.306
295 16 2 20.997 7.920 19.512 7.266
296 16 2 20.859 7.896 19.375 7.242
297 16 2 20.738 7.857 19.253 7.203
298 16 2 20.601 7.833 19.116 7.179
299 16 2 20.480 7.809 18.995 7.155
300 16 2 20.343 7.785 18.857 7.131
301 16 2 20.222 7.746 18.736 7.091
302 16 2 20.084 7.722 18.599 7.068
303 16 2 19.963 7.682 18.478 7.028
304 16 2 19.826 7.642 18.340 6.988
305 16 2 19.705 7.603 18.219 6.948
306 16 2 19.568 7.563 18.082 6.908
307 16 2 19.447 7.523 17.960 6.869
308 16 2 19.309 7.499 17.823 6.845
309 16 2 19.188 7.459 17.702 6.805
310 16 2 19.051 7.436 17.564 6.781
311 16 2 18.930 7.396 17.443 6.741
312 16 2 18.792 7.356 17.306 6.701
313 16 2 18.671 7.316 17.184 6.662
314 16 2 18.534 7.292 17.047 6.638
315 16 2 18.412 7.253 16.925 6.598
316 16 2 18.275 7.229 16.788 6.574
317 16 2 18.138 7.189 16.650 6.534
319 16 2 17.879 7.125 16.391 6.471
320 16 2 17.741 7.086 16.254 6.431
321 16 2 17.620 7.062 16.132 6.407
322 16 2 17.483 7.038 15.995 6.383
324 16 2 17.224 6.974 15.736 6.319
325 16 2 17.086 6.951 15.598 6.296
326 16 2 16.949 6.927 15.460 6.272
327 16 2 16.852 6.903 15.363 6.248
329 16 2 16.714 6.855 15.242 6.200
330 16 2 16.641 6.831 15.177 6.176
