0 0 1 21.597 9.093 20.402 8.468
1 0 1 21.629 9.108 20.378 8.460
2 0 1 21.645 9.116 20.394 8.468
3 0 1 21.661 9.108 20.410 8.460
4 0 1 21.693 9.116 20.442 8.468
5 0 1 21.725 9.124 20.473 8.476
6 0 1 21.757 9.132 20.505 8.484
7 0 1 21.773 9.124 20.521 8.476
8 0 1 21.789 9.132 20.537 8.484
9 0 1 21.821 9.124 20.569 8.476
10 0 1 21.837 9.132 20.585 8.484
11 0 1 21.853 9.124 20.601 8.476
12 0 1 21.901 9.115 20.649 8.468
13 0 1 21.917 9.107 20.665 8.460
14 0 1 21.646 9.045 20.649 8.507
15 0 1 21.693 9.060 20.617 8.492
16 0 1 21.725 9.052 20.649 8.484
17 0 1 21.757 9.060 20.681 8.491
18 0 1 21.789 9.068 20.713 8.499
19 0 1 21.821 9.076 20.745 8.507
20 0 1 21.837 9.068 20.761 8.499
21 0 1 21.941 8.996 21.024 8.514
22 0 1 21.981 9.020 20.977 8.491
23 0 1 22.021 9.020 21.016 8.490
24 0 1 22.061 9.004 21.056 8.474
25 0 1 22.101 9.004 21.096 8.474
26 0 1 22.141 9.004 21.136 8.474
27 0 1 22.180 9.003 21.176 8.474
28 0 1 22.220 9.003 21.216 8.474
29 0 1 22.260 9.003 21.256 8.474
30 0 1 22.316 9.003 21.312 8.474
31 0 1 22.356 9.003 21.352 8.474
32 0 1 22.396 9.019 21.392 8.489
33 0 1 22.436 9.019 21.432 8.489
34 0 1 22.492 9.034 21.487 8.505
35 0 1 22.460 9.026 21.392 8.497
36 0 1 22.436 9.026 21.424 8.497
37 0 1 22.484 9.026 21.472 8.497
38 0 1 22.547 9.026 21.535 8.497
39 0 1 22.579 9.026 21.567 8.497
40 0 1 22.627 9.026 21.615 8.497
41 0 1 22.643 9.026 21.631 8.497
42 0 1 22.691 9.026 21.679 8.496
43 0 1 22.707 9.026 21.695 8.496
44 0 1 22.771 9.025 21.759 8.496
45 0 1 22.803 9.041 21.791 8.512
46 0 1 22.851 9.057 21.839 8.528
47 0 1 22.882 9.057 21.871 8.528
48 0 1 22.930 9.057 21.918 8.528
49 0 1 22.978 9.072 21.966 8.543
50 0 1 23.010 9.088 21.998 8.559
51 0 1 23.058 9.088 22.046 8.559
52 0 1 23.106 9.088 22.094 8.559
53 0 1 23.138 9.088 22.126 8.559
54 0 1 23.185 9.088 22.174 8.559
55 0 1 23.249 9.088 22.238 8.558
56 0 1 23.297 9.087 22.285 8.558
57 0 1 23.329 9.087 22.317 8.558
58 0 1 23.361 9.087 22.349 8.558
59 0 1 23.409 9.087 22.397 8.558
60 0 1 23.457 9.103 22.445 8.574
61 0 1 23.472 9.119 22.461 8.590
62 0 1 23.520 9.119 22.509 8.589
63 0 1 23.839 9.173 22.724 8.597
64 0 1 23.775 9.149 22.756 8.620
65 0 1 23.823 9.149 22.804 8.620
66 0 1 23.887 9.149 22.868 8.620
67 0 1 23.927 9.149 22.908 8.620
68 0 1 23.983 9.149 22.963 8.620
69 0 1 24.039 9.149 23.019 8.620
70 0 1 24.094 9.149 23.075 8.620
71 0 1 24.134 9.164 23.115 8.635
72 0 1 24.190 9.180 23.171 8.651
73 0 1 24.246 9.164 23.227 8.635
74 0 1 24.302 9.180 23.282 8.651
75 0 1 24.341 9.164 23.322 8.635
76 0 1 24.397 9.163 23.378 8.635
77 0 1 24.437 9.163 23.418 8.634
78 0 1 24.493 9.147 23.474 8.618
79 0 1 24.517 9.147 23.498 8.618
80 0 1 24.557 9.147 23.538 8.618
81 0 1 24.597 9.147 23.577 8.618
82 0 1 24.636 9.147 23.617 8.618
83 0 1 24.676 9.147 23.657 8.618
84 0 1 24.732 9.147 23.713 8.618
85 0 1 24.772 9.131 23.753 8.602
86 0 1 24.828 9.130 23.809 8.602
87 0 1 24.883 9.130 23.865 8.601
88 0 1 24.939 9.114 23.920 8.585
89 0 1 24.979 9.090 23.960 8.561
90 0 1 25.035 9.098 24.016 8.569
91 0 1 25.075 9.098 24.056 8.569
92 0 1 25.107 9.098 24.088 8.569
93 0 1 25.154 9.098 24.136 8.569
94 0 1 25.194 9.098 24.176 8.569
95 0 1 25.561 9.096 24.542 8.568
96 0 1 25.258 9.097 24.239 8.569
97 0 1 25.298 9.097 24.279 8.568
98 0 1 25.170 9.098 24.311 8.568
99 0 1 25.282 9.097 24.423 8.568
100 0 1 25.338 9.097 24.478 8.568
101 0 1 25.378 9.097 24.550 8.568
102 0 1 25.417 9.081 24.590 8.552
103 0 1 25.457 9.065 24.630 8.536
104 0 1 25.505 9.073 24.686 8.559
105 0 1 25.553 9.057 24.733 8.543
106 0 1 25.625 9.057 24.805 8.543
107 0 1 25.664 9.056 24.853 8.543
108 0 1 25.712 9.056 24.901 8.543
109 0 1 25.752 9.056 24.941 8.543
110 0 1 25.808 9.056 25.004 8.543
111 0 1 25.848 9.056 25.044 8.542
112 0 1 25.903 9.040 25.100 8.526
113 0 1 25.943 9.024 25.140 8.518
114 0 1 25.983 9.008 25.180 8.502
115 0 1 26.023 8.992 25.220 8.486
116 0 1 26.071 8.976 25.275 8.470
117 0 1 26.095 8.960 25.299 8.454
118 0 1 26.150 8.960 25.355 8.454
119 0 1 26.174 8.952 25.379 8.446
120 0 1 26.230 8.960 25.435 8.454
121 0 1 26.270 8.944 25.475 8.438
122 0 1 26.326 8.928 25.530 8.422
123 0 1 26.365 8.927 25.570 8.422
124 0 1 26.421 8.927 25.626 8.422
125 0 1 26.461 8.927 25.666 8.422
126 0 1 26.517 8.927 25.722 8.422
127 0 1 26.557 8.927 25.761 8.421
128 0 1 26.612 8.911 25.817 8.405
129 0 1 26.652 8.895 25.857 8.389
130 0 1 26.692 8.911 25.897 8.405
131 0 1 26.716 8.918 25.921 8.413
132 0 1 26.756 8.942 25.960 8.437
133 0 1 26.779 8.942 25.984 8.437
134 0 1 26.819 8.958 26.024 8.452
135 0 1 26.859 8.974 26.064 8.468
136 0 1 26.899 8.973 26.104 8.468
137 0 1 26.939 8.973 26.144 8.476
138 0 1 26.978 8.981 26.183 8.484
139 0 1 27.018 8.997 26.223 8.499
140 0 1 27.074 8.981 26.279 8.483
141 0 1 27.114 8.997 26.319 8.499
142 0 1 27.169 8.996 26.374 8.499
143 0 1 27.225 9.012 26.430 8.515
144 0 1 27.281 9.028 26.486 8.530
145 0 1 27.321 9.028 26.526 8.530
146 0 1 27.376 9.028 26.581 8.530
147 0 1 27.416 9.043 26.621 8.546
148 0 1 27.472 9.059 26.677 8.562
149 0 1 27.511 9.059 26.717 8.569
150 0 1 27.551 9.059 26.756 8.569
151 0 1 27.591 9.059 26.796 8.569
152 0 1 27.647 9.043 26.852 8.553
153 0 1 27.687 9.042 26.892 8.553
154 0 1 27.726 9.042 26.931 8.553
155 0 1 27.766 9.042 26.971 8.553
156 0 1 27.806 9.058 27.011 8.569
157 0 1 27.846 9.042 27.051 8.553
158 0 1 27.901 9.058 27.107 8.568
159 0 1 27.941 9.058 27.146 8.568
160 0 1 27.997 9.057 27.202 8.568
161 0 1 28.037 9.057 27.242 8.568
162 0 1 28.092 9.057 27.298 8.568
163 0 1 28.132 9.057 27.337 8.568
164 0 1 28.188 9.057 27.393 8.567
165 0 1 28.227 9.073 27.433 8.583
166 0 1 28.283 9.088 27.488 8.599
167 0 1 28.307 9.088 27.512 8.607
168 0 1 28.363 9.080 27.568 8.599
169 0 1 28.386 9.096 27.592 8.614
170 0 1 28.426 9.127 27.632 8.654
171 0 1 28.450 9.143 27.655 8.670
172 0 1 28.506 9.143 27.711 8.670
173 0 1 28.545 9.143 27.751 8.677
174 0 1 28.585 9.151 27.791 8.685
175 0 1 28.625 9.167 27.830 8.701
176 0 1 28.665 9.166 27.870 8.701
177 0 1 28.704 9.182 27.910 8.717
178 0 1 28.760 9.198 27.966 8.732
179 0 1 28.800 9.198 28.005 8.732
180 0 1 28.855 9.213 28.061 8.748
181 0 1 28.911 9.229 28.117 8.764
182 0 1 28.967 9.229 28.172 8.763
183 0 1 29.006 9.245 28.212 8.779
184 0 1 29.062 9.276 28.268 8.811
185 0 1 29.102 9.292 28.307 8.827
186 0 1 29.157 9.292 28.363 8.826
187 0 1 29.197 9.292 28.403 8.826
188 0 1 29.253 9.291 28.458 8.826
189 0 1 29.277 9.291 28.482 8.826
190 0 1 29.332 9.291 28.538 8.826
191 0 1 29.372 9.291 28.578 8.826
192 0 1 29.412 9.291 28.618 8.826
193 0 1 29.452 9.275 28.657 8.810
194 0 1 29.507 9.275 28.713 8.809
195 0 1 29.531 9.275 28.737 8.809
196 0 1 29.587 9.275 28.793 8.809
197 0 1 29.611 9.275 28.816 8.809
198 0 1 29.666 9.274 28.872 8.809
199 0 1 29.706 9.274 28.912 8.809
200 0 1 29.762 9.258 28.967 8.793
201 0 1 29.801 9.242 29.007 8.777
202 0 1 29.857 9.242 29.063 8.777
203 0 1 29.897 9.226 29.103 8.761
204 0 1 29.952 9.210 29.158 8.745
205 0 1 29.992 9.210 29.198 8.745
206 0 1 30.048 9.210 29.254 8.744
207 0 1 30.088 9.210 29.293 8.744
208 0 1 30.127 9.210 29.333 8.744
209 0 1 30.167 9.209 29.373 8.744
210 0 1 30.223 9.193 29.429 8.728
211 0 1 30.262 9.177 29.468 8.712
212 0 1 30.334 9.177 29.540 8.712
213 0 1 30.374 9.161 29.580 8.696
214 0 1 30.429 9.145 29.635 8.680
215 0 1 30.485 9.129 29.691 8.664
216 0 1 30.541 9.097 29.747 8.632
217 0 1 30.596 9.081 29.802 8.616
218 0 1 30.668 9.081 29.874 8.624
219 0 1 30.723 9.065 29.929 8.608
220 0 1 30.779 9.049 29.985 8.592
221 0 1 30.835 9.049 30.041 8.592
222 0 1 30.906 9.049 30.112 8.591
223 0 1 30.946 9.033 30.152 8.575
224 0 1 31.001 9.017 30.208 8.559
225 0 1 31.041 9.001 30.247 8.543
226 0 1 31.097 8.985 30.303 8.527
227 0 1 31.152 8.969 30.359 8.511
228 0 1 31.192 8.953 30.398 8.495
229 0 1 31.232 8.953 30.438 8.495
230 0 1 31.287 8.937 30.494 8.479
231 0 1 31.327 8.921 30.533 8.463
232 0 1 31.383 8.905 30.589 8.447
233 0 1 31.407 8.873 30.613 8.416
234 0 1 31.462 8.857 30.669 8.400
235 0 1 31.502 8.841 30.708 8.384
236 0 1 31.557 8.809 30.764 8.352
237 0 1 31.613 8.793 30.820 8.336
238 0 1 31.669 8.777 30.875 8.320
239 0 1 31.724 8.729 30.931 8.272
240 0 1 31.780 8.729 30.986 8.272
241 0 1 31.820 8.713 31.026 8.256
242 0 1 31.859 8.697 31.066 8.240
243 0 1 31.899 8.697 31.106 8.240
244 0 1 31.955 8.681 31.161 8.224
245 0 1 31.994 8.665 31.201 8.208
246 0 1 32.034 8.665 31.241 8.208
247 0 1 32.074 8.665 31.280 8.208
248 0 1 32.113 8.665 31.320 8.208
249 0 1 32.153 8.665 31.360 8.208
250 0 1 32.209 8.649 31.415 8.192
251 0 1 32.248 8.633 31.455 8.176
252 0 1 32.304 8.633 31.511 8.175
253 0 1 32.343 8.632 31.550 8.175
254 0 1 32.399 8.632 31.606 8.175
255 0 1 32.439 8.632 31.646 8.175
256 0 1 32.510 8.632 31.717 8.175
257 0 1 32.550 8.632 31.757 8.175
258 0 1 32.621 8.632 31.828 8.175
259 0 1 32.661 8.647 31.868 8.190
260 0 1 32.716 8.631 31.923 8.174
261 0 1 32.756 8.647 31.963 8.190
262 0 1 32.796 8.647 32.003 8.190
263 0 1 32.835 8.631 32.042 8.174
264 0 1 32.891 8.647 32.098 8.190
265 0 1 32.931 8.631 32.138 8.174
266 0 1 32.970 8.646 32.177 8.189
267 0 1 33.010 8.646 32.217 8.189
268 0 1 33.050 8.646 32.257 8.189
269 0 1 33.089 8.646 32.296 8.189
270 0 1 33.145 8.646 32.352 8.189
271 0 1 33.184 8.646 32.392 8.189
272 0 1 33.240 8.646 32.447 8.189
273 0 1 33.280 8.646 32.487 8.189
274 0 1 33.351 8.645 32.558 8.188
275 0 1 33.407 8.645 32.614 8.188
276 0 1 33.478 8.645 32.685 8.188
277 0 1 33.533 8.645 32.741 8.188
278 0 1 33.589 8.645 32.796 8.188
279 0 1 33.629 8.660 32.836 8.203
280 0 1 33.684 8.676 32.891 8.219
281 0 1 33.708 8.660 32.915 8.203
282 0 1 33.763 8.676 32.971 8.219
283 0 1 33.787 8.676 32.994 8.219
284 0 1 33.843 8.676 33.050 8.219
285 0 1 33.882 8.676 33.090 8.219
286 0 1 33.922 8.691 33.129 8.234
287 0 1 33.962 8.707 33.169 8.250
288 0 1 34.001 8.707 33.209 8.250
289 0 1 34.041 8.707 33.248 8.250
290 0 1 34.096 8.722 33.304 8.265
291 0 1 34.136 8.738 33.343 8.281
292 0 1 34.191 8.738 33.399 8.281
293 0 1 34.231 8.754 33.439 8.297
294 0 1 34.302 8.785 33.510 8.328
295 0 1 34.342 8.801 33.550 8.344
296 0 1 34.398 8.801 33.605 8.344
297 0 1 34.437 8.801 33.645 8.344
298 0 1 34.493 8.816 33.700 8.359
299 0 1 34.532 8.832 33.740 8.375
300 0 1 34.588 8.832 33.795 8.375
301 0 1 34.627 8.832 33.835 8.375
302 0 1 34.667 8.832 33.875 8.375
303 0 1 34.707 8.816 33.914 8.359
304 0 1 34.746 8.831 33.954 8.374
305 0 1 34.786 8.815 33.994 8.359
306 0 1 34.841 8.831 34.049 8.374
307 0 1 34.865 8.815 34.073 8.358
308 0 1 34.921 8.831 34.128 8.374
309 0 1 34.960 8.815 34.168 8.358
310 0 1 35.032 8.815 34.239 8.358
311 0 1 35.071 8.815 34.279 8.358
312 0 1 35.127 8.814 34.334 8.358
313 0 1 35.182 8.814 34.390 8.357
314 0 1 35.238 8.814 34.445 8.357
315 0 1 35.277 8.814 34.485 8.357
316 0 1 35.333 8.814 34.540 8.357
317 0 1 35.372 8.814 34.580 8.357
318 0 1 35.412 8.814 34.620 8.357
319 0 1 35.452 8.829 34.659 8.372
320 0 1 35.507 8.813 34.715 8.357
321 0 1 35.547 8.829 34.754 8.372
322 0 1 35.586 8.829 34.794 8.372
323 0 1 35.626 8.829 34.834 8.372
324 0 1 35.681 8.829 34.889 8.372
325 0 1 35.705 8.828 34.913 8.372
326 0 1 35.760 8.828 34.968 8.372
327 0 1 35.800 8.828 35.008 8.372
328 0 1 35.856 8.844 35.063 8.387
329 0 1 35.895 8.860 35.103 8.403
330 0 1 35.951 8.844 35.159 8.387
331 0 1 36.006 8.859 35.214 8.403
332 0 1 36.061 8.843 35.270 8.387
333 0 1 36.101 8.859 35.309 8.402
334 0 1 36.156 8.843 35.365 8.386
335 0 1 36.196 8.859 35.404 8.402
336 0 1 36.252 8.843 35.460 8.386
337 0 1 36.275 8.858 35.483 8.402
338 0 1 36.331 8.842 35.539 8.386
339 0 1 36.370 8.842 35.578 8.386
340 0 1 36.410 8.842 35.618 8.386
341 0 1 36.449 8.842 35.658 8.385
342 0 1 36.489 8.842 35.697 8.385
343 0 1 36.529 8.842 35.737 8.385
344 0 1 36.568 8.842 35.776 8.385
345 0 1 36.608 8.842 35.816 8.385
346 0 1 36.663 8.826 35.872 8.369
347 0 1 36.703 8.810 35.911 8.353
348 0 1 36.774 8.810 35.982 8.353
349 0 1 36.814 8.809 36.022 8.353
350 0 1 36.869 8.809 36.077 8.353
351 0 1 36.909 8.793 36.117 8.337
352 0 1 36.964 8.777 36.172 8.321
353 0 1 37.004 8.777 36.212 8.321
354 0 1 37.059 8.777 36.267 8.320
355 0 1 37.083 8.777 36.291 8.320
356 0 1 37.138 8.777 36.347 8.320
357 0 1 37.178 8.777 36.386 8.320
358 0 1 37.217 8.792 36.426 8.336
359 0 1 37.257 8.776 36.465 8.320
360 0 1 37.297 8.792 36.505 8.336
361 0 1 37.336 8.792 36.545 8.336
362 0 1 37.376 8.792 36.584 8.335
363 0 1 37.415 8.792 36.624 8.335
364 0 1 37.471 8.807 36.679 8.351
365 0 1 37.510 8.831 36.719 8.375
366 0 1 37.566 8.855 36.774 8.398
367 0 1 37.621 8.854 36.830 8.398
368 0 1 37.676 8.870 36.885 8.414
369 0 1 37.732 8.886 36.940 8.429
370 0 1 37.787 8.901 36.996 8.445
371 0 1 37.827 8.917 37.035 8.461
372 0 1 37.882 8.917 37.091 8.461
373 0 1 37.922 8.917 37.130 8.460
374 0 1 37.961 8.933 37.170 8.476
375 0 1 38.001 8.948 37.209 8.492
376 0 1 38.040 8.932 37.249 8.476
377 0 1 38.080 8.948 37.289 8.492
378 0 1 38.119 8.948 37.328 8.492
379 0 1 38.159 8.948 37.368 8.491
380 0 1 38.199 8.948 37.407 8.491
381 0 1 38.238 8.948 37.447 8.491
382 0 1 38.293 8.963 37.502 8.507
383 0 1 38.333 8.979 37.542 8.523
384 0 1 38.388 8.963 37.597 8.507
385 0 1 38.428 8.979 37.637 8.522
386 0 1 38.483 8.978 37.692 8.522
387 0 1 38.539 8.978 37.748 8.522
388 0 1 38.594 8.994 37.803 8.538
389 0 1 38.634 9.010 37.843 8.553
390 0 1 38.673 9.010 37.882 8.553
391 0 1 38.713 9.009 37.922 8.553
392 0 1 38.752 9.025 37.961 8.569
393 0 1 38.792 9.041 38.001 8.584
394 0 1 38.831 9.041 38.040 8.584
395 0 1 38.855 9.056 38.064 8.600
396 0 1 38.895 9.088 38.104 8.632
397 0 1 38.934 9.104 38.143 8.647
398 0 1 38.974 9.104 38.183 8.647
399 0 1 38.997 9.103 38.206 8.647
400 0 1 39.053 9.119 38.262 8.663
401 0 1 39.076 9.143 38.286 8.686
402 0 1 39.132 9.166 38.341 8.710
403 0 1 39.171 9.182 38.380 8.726
404 0 1 39.227 9.213 38.436 8.757
405 0 1 39.266 9.229 38.475 8.773
406 0 1 39.306 9.245 38.515 8.789
407 0 1 39.345 9.276 38.554 8.820
408 0 1 39.385 9.292 38.594 8.836
409 0 1 39.424 9.292 38.634 8.836
410 0 1 39.480 9.292 38.689 8.836
411 0 1 39.503 9.307 38.713 8.851
412 0 1 39.559 9.323 38.768 8.867
413 0 1 39.598 9.323 38.808 8.867
414 0 1 39.638 9.339 38.847 8.882
415 0 1 39.677 9.354 38.887 8.898
416 0 1 39.733 9.354 38.942 8.898
417 0 1 39.756 9.370 38.966 8.914
418 0 1 39.812 9.401 39.021 8.945
419 0 1 39.851 9.417 39.061 8.961
420 0 1 39.907 9.417 39.116 8.961
421 0 1 39.946 9.417 39.156 8.961
422 0 1 40.017 9.432 39.227 8.976
423 0 1 40.057 9.464 39.266 9.008
424 0 1 40.112 9.480 39.322 9.023
425 0 1 40.152 9.479 39.361 9.023
426 0 1 40.207 9.495 39.416 9.039
427 0 1 40.231 9.511 39.440 9.055
428 0 1 40.270 9.511 39.480 9.055
429 0 1 40.294 9.526 39.503 9.070
430 0 1 40.333 9.542 39.543 9.086
431 0 1 40.357 9.542 39.567 9.086
432 0 1 40.381 9.542 39.590 9.086
433 0 1 40.405 9.542 39.614 9.086
434 0 1 40.428 9.550 39.638 9.094
435 0 1 40.436 9.573 39.646 9.117
436 0 1 40.460 9.573 39.669 9.117
437 0 1 40.484 9.589 39.693 9.133
438 0 1 40.507 9.621 39.717 9.165
439 0 1 40.515 9.636 39.725 9.180
440 0 1 40.523 9.652 39.733 9.196
441 0 1 40.531 9.684 39.741 9.228
442 0 1 40.555 9.699 39.764 9.243
443 0 1 40.547 9.715 39.756 9.259
444 0 1 40.571 9.747 39.780 9.291
445 0 1 40.579 9.763 39.788 9.307
446 0 1 40.602 9.747 39.812 9.291
447 0 1 40.626 9.763 39.835 9.306
448 0 1 40.673 9.620 39.669 9.125
449 0 1 40.571 9.605 39.780 9.149
450 0 1 40.586 9.605 39.796 9.148
451 0 1 40.594 9.604 39.804 9.148
452 0 1 40.547 9.660 39.748 9.204
454 0 1 40.539 9.652 39.741 9.196
455 0 1 40.547 9.652 39.748 9.196
456 0 1 40.555 9.652 39.756 9.196
457 0 1 40.563 9.652 39.764 9.196
458 0 1 40.579 9.660 39.780 9.204
459 0 1 40.586 9.652 39.788 9.196
460 0 1 40.602 9.660 39.804 9.204
461 0 1 40.610 9.660 39.812 9.204
0 1 1 32.477 18.288 31.659 17.521
1 1 1 32.501 18.304 31.643 17.506
2 1 1 32.493 18.272 31.635 17.474
3 1 1 32.501 18.232 31.643 17.434
4 1 1 32.493 18.192 31.635 17.394
5 1 1 32.501 18.153 31.643 17.355
6 1 1 32.493 18.113 31.635 17.315
7 1 1 32.485 18.073 31.627 17.275
8 1 1 32.477 18.034 31.620 17.236
9 1 1 32.485 17.978 31.628 17.180
10 1 1 32.477 17.938 31.620 17.140
11 1 1 32.485 17.883 31.628 17.085
12 1 1 32.478 17.843 31.620 17.045
13 1 1 32.486 17.787 31.628 16.989
14 1 1 32.478 17.748 31.620 16.949
15 1 1 32.486 17.692 31.628 16.894
16 1 1 32.478 17.652 31.620 16.854
17 1 1 32.486 17.573 31.628 16.775
18 1 1 32.478 17.541 31.620 16.743
19 1 1 32.486 17.501 31.628 16.703
20 1 1 32.478 17.461 31.620 16.663
21 1 1 32.470 17.406 31.612 16.608
22 1 1 32.462 17.366 31.604 16.568
23 1 1 32.470 17.326 31.612 16.528
24 1 1 32.462 17.287 31.604 16.489
25 1 1 32.454 17.247 31.597 16.449
26 1 1 32.446 17.184 31.589 16.385
27 1 1 32.438 17.136 31.581 16.338
28 1 1 32.415 17.096 31.557 16.298
29 1 1 32.423 17.017 31.565 16.219
30 1 1 32.399 16.985 31.541 16.187
31 1 1 32.407 16.914 31.549 16.116
32 1 1 32.383 16.866 31.525 16.068
33 1 1 32.391 16.802 31.533 16.004
34 1 1 32.383 16.763 31.526 15.965
35 1 1 32.375 16.707 31.518 15.909
36 1 1 32.367 16.668 31.510 15.870
37 1 1 32.375 16.612 31.518 15.814
38 1 1 32.367 16.572 31.510 15.774
39 1 1 32.375 16.517 31.518 15.719
40 1 1 32.368 16.493 31.510 15.695
41 1 1 32.376 16.437 31.518 15.639
42 1 1 32.368 16.397 31.510 15.599
43 1 1 32.376 16.342 31.518 15.544
44 1 1 32.368 16.278 31.510 15.480
45 1 1 32.376 16.231 31.518 15.433
46 1 1 32.368 16.175 31.510 15.377
47 1 1 32.376 16.111 31.518 15.314
48 1 1 32.368 16.064 31.510 15.266
49 1 1 32.376 16.008 31.518 15.210
50 1 1 32.368 15.945 31.511 15.147
51 1 1 32.376 15.897 31.519 15.099
52 1 1 32.368 15.857 31.511 15.059
53 1 1 32.360 15.794 31.503 14.996
54 1 1 32.352 15.778 31.495 14.980
55 1 1 32.344 15.723 31.487 14.925
56 1 1 32.337 15.675 31.479 14.877
57 1 1 32.329 15.627 31.471 14.829
58 1 1 32.321 15.572 31.463 14.774
59 1 1 32.313 15.508 31.455 14.710
60 1 1 32.289 15.461 31.432 14.663
61 1 1 32.281 15.405 31.424 14.607
62 1 1 32.273 15.342 31.416 14.544
63 1 1 32.265 15.294 31.408 14.496
64 1 1 32.242 15.239 31.384 14.441
65 1 1 32.250 15.175 31.392 14.377
66 1 1 32.226 15.143 31.368 14.345
67 1 1 32.234 15.088 31.376 14.290
68 1 1 32.226 15.040 31.369 14.242
69 1 1 32.234 14.993 31.377 14.195
70 1 1 32.226 14.937 31.369 14.139
71 1 1 32.234 14.873 31.377 14.076
72 1 1 32.210 14.858 31.353 14.060
73 1 1 32.218 14.818 31.361 14.020
74 1 1 32.210 14.770 31.353 13.972
75 1 1 32.218 14.723 31.361 13.925
76 1 1 32.210 14.683 31.353 13.885
77 1 1 32.218 14.619 31.361 13.822
78 1 1 32.195 14.588 31.337 13.790
79 1 1 32.203 14.532 31.345 13.734
80 1 1 32.195 14.485 31.337 13.687
81 1 1 32.203 14.437 31.345 13.639
82 1 1 32.179 14.397 31.322 13.599
83 1 1 32.187 14.334 31.330 13.536
84 1 1 32.179 14.286 31.322 13.488
85 1 1 32.171 14.231 31.314 13.433
86 1 1 32.163 14.191 31.306 13.393
87 1 1 32.171 14.151 31.314 13.353
88 1 1 32.147 14.128 31.290 13.330
89 1 1 32.155 14.064 31.298 13.266
90 1 1 32.132 14.033 31.274 13.235
91 1 1 32.140 13.977 31.282 13.179
92 1 1 32.124 13.636 31.267 12.846
93 1 1 32.029 13.731 31.156 12.870
115 1 1 32.014 12.914 31.331 12.139
116 1 1 32.014 12.867 31.331 12.092
117 1 1 32.014 12.851 31.331 12.076
118 1 1 31.998 12.803 31.316 12.028
119 1 1 32.022 12.581 31.212 11.926
120 1 1 32.006 12.589 31.220 11.918
121 1 1 32.006 12.557 31.220 11.886
122 1 1 31.990 12.526 31.204 11.854
123 1 1 31.990 12.478 31.205 11.807
124 1 1 31.974 12.430 31.189 11.759
125 1 1 31.959 12.415 31.173 11.743
126 1 1 31.943 12.351 31.157 11.680
127 1 1 31.927 12.320 31.141 11.648
128 1 1 31.911 12.272 31.125 11.601
129 1 1 31.895 12.240 31.109 11.569
130 1 1 31.879 12.209 31.094 11.537
131 1 1 31.848 12.161 31.062 11.490
132 1 1 31.832 12.114 31.046 11.442
133 1 1 31.832 12.106 31.102 11.300
134 1 1 31.840 12.058 31.078 11.339
135 1 1 31.832 12.026 31.070 11.308
136 1 1 31.824 11.995 31.062 11.276
137 1 1 31.800 11.947 31.038 11.228
138 1 1 31.792 11.900 31.031 11.181
139 1 1 31.769 11.868 31.007 11.149
140 1 1 31.761 11.836 30.999 11.117
141 1 1 31.737 11.805 30.975 11.086
142 1 1 31.745 11.773 30.983 11.054
143 1 1 31.721 11.741 30.959 11.022
144 1 1 31.713 11.694 30.951 10.975
145 1 1 31.689 11.646 30.928 10.927
146 1 1 31.697 11.599 30.936 10.880
147 1 1 31.674 11.551 30.912 10.832
148 1 1 31.666 11.520 30.904 10.801
149 1 1 31.642 11.488 30.880 10.769
150 1 1 31.634 11.456 30.872 10.737
151 1 1 31.610 11.425 30.848 10.706
152 1 1 31.602 11.393 30.840 10.674
153 1 1 31.594 11.361 30.833 10.642
154 1 1 31.586 11.329 30.825 10.611
155 1 1 31.563 11.298 30.801 10.579
156 1 1 31.571 11.250 30.809 10.531
157 1 1 31.547 11.203 30.785 10.484
158 1 1 31.555 11.171 30.793 10.452
159 1 1 31.531 11.123 30.769 10.405
160 1 1 31.539 11.060 30.777 10.341
161 1 1 31.515 11.013 30.754 10.294
162 1 1 31.523 10.981 30.762 10.262
163 1 1 31.515 10.917 30.754 10.199
164 1 1 31.508 10.870 30.746 10.151
165 1 1 31.500 10.806 30.738 10.088
166 1 1 31.508 10.743 30.746 10.024
167 1 1 31.484 10.696 30.722 9.977
168 1 1 31.492 10.664 30.730 9.945
169 1 1 31.484 10.632 30.722 9.913
170 1 1 31.492 10.600 30.730 9.881
171 1 1 31.476 10.545 30.714 9.834
172 1 1 32.124 14.001 31.266 13.211
173 1 1 31.468 10.537 30.706 9.826
174 1 1 31.460 10.497 30.699 9.786
175 1 1 31.452 10.458 30.691 9.747
176 1 1 31.460 10.434 30.699 9.723
177 1 1 31.468 10.378 30.707 9.668
178 1 1 31.492 10.339 30.731 9.628
179 1 1 31.516 10.267 30.754 9.556
180 1 1 31.524 10.228 30.762 9.517
181 1 1 31.532 10.172 30.770 9.461
182 1 1 31.556 10.117 30.794 9.406
183 1 1 31.564 10.045 30.802 9.334
184 1 1 31.588 9.990 30.826 9.279
185 1 1 31.596 9.918 30.834 9.207
186 1 1 31.636 9.879 30.874 9.168
187 1 1 31.644 9.839 30.882 9.128
188 1 1 31.636 9.799 30.874 9.088
189 1 1 31.644 9.744 30.882 9.033
190 1 1 31.668 9.704 30.906 8.993
191 1 1 31.676 9.649 30.914 8.938
192 1 1 31.684 9.609 30.922 8.898
193 1 1 31.692 9.553 30.930 8.843
194 1 1 32.140 14.032 31.282 13.243
195 1 1 31.684 9.546 30.922 8.835
196 1 1 31.755 9.403 30.907 8.613
197 1 1 31.724 9.379 30.938 8.644
198 1 1 31.740 9.316 30.954 8.581
199 1 1 31.755 9.252 30.970 8.518
200 1 1 31.756 9.189 30.970 8.454
201 1 1 31.771 9.141 30.986 8.407
202 1 1 31.803 9.094 31.018 8.359
203 1 1 31.787 9.094 31.002 8.359
204 1 1 31.803 9.046 31.018 8.311
205 1 1 31.835 8.998 31.050 8.264
206 1 1 31.851 8.967 31.066 8.232
207 1 1 31.883 8.919 31.098 8.184
208 1 1 32.034 8.681 31.241 7.954
209 1 1 32.026 8.681 31.241 7.954
210 1 1 32.042 8.641 31.257 7.915
211 1 1 32.074 8.602 31.289 7.875
212 1 1 32.090 8.562 31.305 7.835
213 1 1 32.121 8.506 31.336 7.780
214 1 1 32.137 8.435 31.352 7.709
215 1 1 32.169 8.380 31.384 7.653
216 1 1 32.201 8.324 31.416 7.598
217 1 1 32.217 8.284 31.432 7.558
218 1 1 32.249 8.245 31.464 7.518
219 1 1 32.280 8.205 31.495 7.479
220 1 1 32.296 8.149 31.511 7.423
221 1 1 32.281 8.110 31.496 7.384
222 1 1 32.296 8.054 31.512 7.328
223 1 1 32.296 8.015 31.512 7.288
224 1 1 32.249 7.817 31.472 7.083
225 1 1 32.179 14.040 31.322 13.250
226 1 1 32.241 7.809 31.464 7.075
227 1 1 32.265 7.762 31.488 7.027
228 1 1 32.273 7.714 31.496 6.980
229 1 1 32.297 7.666 31.520 6.932
230 1 1 32.305 7.603 31.528 6.869
231 1 1 32.329 7.540 31.552 6.805
232 1 1 32.337 7.461 31.560 6.726
233 1 1 32.345 7.413 31.568 6.679
234 1 1 32.353 7.365 31.576 6.631
235 1 1 32.361 7.318 31.584 6.584
236 1 1 32.369 7.286 31.592 6.552
237 1 1 32.377 7.270 31.600 6.536
238 1 1 32.400 7.223 31.624 6.489
239 1 1 32.424 7.175 31.647 6.441
240 1 1 32.432 7.112 31.655 6.378
241 1 1 32.456 7.080 31.679 6.346
242 1 1 32.464 7.033 31.687 6.298
243 1 1 32.472 6.985 31.695 6.251
244 1 1 32.496 6.938 31.719 6.203
245 1 1 32.520 6.890 31.743 6.156
246 1 1 32.528 6.843 31.751 6.108
247 1 1 32.567 6.779 31.791 6.045
248 1 1 32.575 6.716 31.799 5.982
249 1 1 32.615 6.668 31.838 5.934
250 1 1 32.623 6.605 31.846 5.871
251 1 1 32.647 6.557 31.870 5.823
252 1 1 32.655 6.526 31.878 5.792
253 1 1 32.679 6.478 31.902 5.744
254 1 1 32.671 6.447 31.894 5.712
255 1 1 32.663 6.415 31.886 5.681
256 1 1 32.671 6.367 31.894 5.633
257 1 1 32.679 6.320 31.902 5.586
258 1 1 32.687 6.272 31.910 5.538
259 1 1 32.695 6.241 31.918 5.507
260 1 1 32.703 6.193 31.926 5.459
261 1 1 32.711 6.146 31.934 5.412
262 1 1 32.719 6.082 31.942 5.348
263 1 1 32.727 6.035 31.950 5.301
264 1 1 32.719 5.972 31.942 5.238
265 1 1 32.727 5.908 31.950 5.174
266 1 1 32.719 5.861 31.942 5.127
267 1 1 32.727 5.798 31.950 5.063
268 1 1 32.719 5.750 31.943 5.016
269 1 1 32.727 5.703 31.951 4.969
270 1 1 32.719 5.687 31.943 4.953
271 1 1 32.727 5.655 31.951 4.921
272 1 1 32.719 5.608 31.943 4.874
273 1 1 32.743 5.560 31.967 4.826
274 1 1 32.735 5.529 31.959 4.795
275 1 1 32.759 5.481 31.982 4.747
276 1 1 32.751 5.434 31.975 4.700
277 1 1 32.759 5.386 31.983 4.652
278 1 1 32.767 5.339 31.991 4.605
279 1 1 32.775 5.291 31.999 4.557
280 1 1 32.783 5.244 32.007 4.510
281 1 1 32.791 5.181 32.015 4.446
282 1 1 32.783 5.133 32.007 4.399
283 1 1 32.807 5.070 32.030 4.336
284 1 1 32.799 5.022 32.023 4.288
285 1 1 32.807 4.975 32.031 4.241
286 1 1 32.815 4.927 32.039 4.193
287 1 1 32.823 4.880 32.047 4.146
288 1 1 32.799 4.848 32.023 4.114
289 1 1 32.791 4.817 32.015 4.083
290 1 1 32.783 4.785 32.007 4.051
291 1 1 32.775 4.738 31.999 4.004
292 1 1 32.783 4.690 32.007 3.956
293 1 1 32.791 4.643 32.015 3.909
294 1 1 32.784 4.611 32.007 3.877
295 1 1 32.791 4.564 32.015 3.830
296 1 1 32.784 4.516 32.007 3.782
297 1 1 32.792 4.469 32.015 3.735
298 1 1 32.768 4.421 31.992 3.687
299 1 1 32.760 4.358 31.984 3.624
300 1 1 32.752 4.311 31.976 3.577
301 1 1 32.744 4.263 31.968 3.529
302 1 1 32.736 4.232 31.960 3.498
303 1 1 32.744 4.184 31.968 3.450
304 1 1 32.736 4.153 31.960 3.419
305 1 1 32.744 4.137 31.968 3.403
306 1 1 32.736 4.105 31.960 3.371
307 1 1 32.744 4.074 31.968 3.339
308 1 1 32.752 4.042 31.976 3.308
309 1 1 32.760 4.010 31.984 3.276
310 1 1 32.752 3.979 31.976 3.245
311 1 1 32.776 3.947 32.000 3.213
312 1 1 32.768 3.915 31.992 3.181
313 1 1 32.792 3.868 32.016 3.134
314 1 1 32.784 3.836 32.008 3.102
315 1 1 32.808 3.789 32.032 3.055
316 1 1 32.816 3.757 32.040 3.023
317 1 1 32.824 3.726 32.048 2.992
318 1 1 32.832 3.678 32.056 2.944
319 1 1 32.840 3.646 32.064 2.912
320 1 1 32.848 3.615 32.072 2.881
321 1 1 32.856 3.583 32.080 2.849
322 1 1 32.848 3.552 32.072 2.818
323 1 1 32.872 3.536 32.096 2.802
324 1 1 32.864 3.504 32.088 2.770
325 1 1 32.872 3.473 32.096 2.739
326 1 1 32.864 3.457 32.088 2.723
327 1 1 32.872 3.441 32.096 2.707
328 1 1 32.864 3.409 32.088 2.675
329 1 1 32.856 3.394 32.080 2.660
330 1 1 32.848 3.378 32.072 2.644
331 1 1 32.840 3.362 32.064 2.628
332 1 1 32.832 3.346 32.056 2.612
333 1 1 32.824 3.330 32.048 2.596
334 1 1 32.816 3.315 32.040 2.581
335 1 1 32.808 3.299 32.032 2.565
336 1 1 32.785 3.283 32.009 2.549
337 1 1 32.777 3.267 32.001 2.533
338 1 1 32.753 3.236 31.977 2.502
339 1 1 32.745 3.220 31.969 2.486
340 1 1 32.721 3.204 31.945 2.470
341 1 1 32.713 3.172 31.937 2.438
342 1 1 32.690 3.157 31.914 2.423
343 1 1 32.666 3.125 31.890 2.391
344 1 1 32.642 3.109 31.866 2.375
345 1 1 32.634 3.093 31.858 2.359
346 1 1 32.611 3.078 31.834 2.344
347 1 1 32.603 3.062 31.826 2.328
348 1 1 32.595 3.062 31.819 2.328
349 1 1 32.587 3.062 31.811 2.328
350 1 1 32.579 3.046 31.803 2.312
351 1 1 32.587 3.046 31.811 2.312
352 1 1 32.579 3.030 31.803 2.296
353 1 1 32.587 3.030 31.811 2.296
354 1 1 32.579 3.015 31.803 2.281
355 1 1 32.587 3.015 31.811 2.280
356 1 1 32.595 2.999 31.819 2.265
357 1 1 32.603 2.983 31.827 2.249
358 1 1 32.611 2.967 31.834 2.233
359 1 1 32.619 2.951 31.842 2.217
360 1 1 32.627 2.920 31.850 2.186
361 1 1 32.650 2.904 31.874 2.170
362 1 1 32.642 2.872 31.866 2.138
363 1 1 32.650 2.856 31.874 2.122
364 1 1 32.658 2.825 31.882 2.091
365 1 1 32.666 2.809 31.890 2.075
366 1 1 32.674 2.793 31.898 2.059
367 1 1 32.682 2.762 31.906 2.028
368 1 1 32.690 2.746 31.914 2.012
369 1 1 32.698 2.714 31.922 1.980
370 1 1 32.706 2.698 31.930 1.964
371 1 1 32.714 2.667 31.938 1.933
372 1 1 32.706 2.651 31.930 1.917
373 1 1 32.714 2.635 31.938 1.901
374 1 1 32.722 2.635 31.946 1.901
375 1 1 32.730 2.635 31.954 1.901
376 1 1 32.738 2.619 31.962 1.885
377 1 1 32.762 2.619 31.985 1.885
378 1 1 32.769 2.603 31.993 1.869
379 1 1 32.793 2.603 32.017 1.869
380 1 1 32.809 2.580 32.033 1.846
381 1 1 32.163 13.961 31.306 13.171
382 1 1 32.801 2.572 32.025 1.838
383 1 1 32.809 2.556 32.033 1.822
384 1 1 32.817 2.556 32.041 1.822
385 1 1 32.841 2.540 32.065 1.806
386 1 1 32.849 2.540 32.073 1.806
387 1 1 32.873 2.524 32.097 1.790
388 1 1 32.880 2.524 32.104 1.790
389 1 1 32.888 2.524 32.112 1.790
390 1 1 32.896 2.508 32.120 1.774
391 1 1 32.904 2.508 32.128 1.774
392 1 1 32.912 2.493 32.136 1.759
393 1 1 32.920 2.477 32.144 1.743
394 1 1 32.912 2.477 32.136 1.743
395 1 1 32.920 2.461 32.144 1.727
396 1 1 32.912 2.445 32.136 1.711
397 1 1 32.920 2.445 32.144 1.711
398 1 1 32.912 2.429 32.136 1.695
399 1 1 32.920 2.414 32.144 1.680
400 1 1 32.896 2.398 32.120 1.664
401 1 1 32.904 2.398 32.128 1.664
402 1 1 32.881 2.382 32.105 1.648
403 1 1 32.873 2.382 32.097 1.648
404 1 1 32.865 2.366 32.089 1.632
405 1 1 32.857 2.366 32.081 1.632
406 1 1 32.833 2.350 32.057 1.616
407 1 1 32.825 2.350 32.049 1.617
408 1 1 32.817 2.335 32.041 1.601
409 1 1 32.809 2.319 32.033 1.585
410 1 1 32.786 2.303 32.010 1.569
411 1 1 32.786 2.295 32.010 1.561
412 1 1 32.156 13.969 31.298 13.179
413 1 1 32.778 2.287 32.002 1.553
414 1 1 32.770 2.271 31.994 1.538
415 1 1 32.778 2.256 32.002 1.522
416 1 1 32.770 2.240 31.994 1.506
417 1 1 32.778 2.208 32.002 1.474
418 1 1 32.770 2.192 31.994 1.459
419 1 1 32.778 2.192 32.002 1.459
420 1 1 32.770 2.177 31.994 1.443
421 1 1 32.778 2.177 32.002 1.443
422 1 1 32.770 2.177 31.994 1.443
423 1 1 32.778 2.161 32.002 1.427
424 1 1 32.786 2.161 32.010 1.427
425 1 1 32.794 2.145 32.018 1.411
426 1 1 32.786 2.145 32.010 1.411
427 1 1 32.810 2.129 32.034 1.395
428 1 1 32.817 2.129 32.041 1.395
429 1 1 32.825 2.129 32.049 1.395
430 1 1 32.833 2.113 32.057 1.379
431 1 1 32.857 2.113 32.081 1.379
432 1 1 32.865 2.098 32.089 1.364
433 1 1 32.873 2.098 32.097 1.364
434 1 1 32.881 2.098 32.105 1.364
435 1 1 32.889 2.098 32.113 1.364
436 1 1 32.897 2.098 32.121 1.364
437 1 1 32.905 2.098 32.129 1.364
438 1 1 32.913 2.082 32.137 1.348
439 1 1 32.921 2.082 32.145 1.348
440 1 1 32.928 2.082 32.153 1.348
441 1 1 32.936 2.082 32.160 1.348
442 1 1 32.928 2.082 32.153 1.348
443 1 1 32.936 2.082 32.160 1.348
444 1 1 32.944 2.066 32.168 1.332
445 1 1 32.952 2.066 32.176 1.332
446 1 1 32.944 2.066 32.168 1.332
447 1 1 32.952 2.066 32.176 1.332
448 1 1 32.960 2.066 32.184 1.332
449 1 1 32.968 2.066 32.192 1.332
450 1 1 32.960 2.066 32.184 1.332
451 1 1 32.968 2.066 32.192 1.332
452 1 1 32.960 2.066 32.184 1.332
454 1 1 32.960 2.066 32.184 1.332
455 1 1 32.968 2.050 32.192 1.316
456 1 1 32.960 2.050 32.184 1.316
457 1 1 32.968 2.050 32.192 1.316
458 1 1 32.960 2.050 32.184 1.316
459 1 1 32.968 2.050 32.192 1.316
460 1 1 32.960 2.050 32.184 1.316
461 1 1 32.968 2.050 32.192 1.316
453 1 1 32.968 2.066 32.192 1.332
0 2 1 33.621 18.282 32.827 17.650
1 2 1 33.645 18.289 32.819 17.634
2 2 1 33.645 18.266 32.819 17.611
3 2 1 33.645 18.234 32.819 17.579
4 2 1 33.645 18.202 32.820 17.547
5 2 1 33.645 18.154 32.820 17.499
6 2 1 33.645 18.107 32.820 17.452
7 2 1 33.645 18.059 32.820 17.404
8 2 1 33.645 18.011 32.820 17.356
9 2 1 33.645 17.964 32.820 17.309
10 2 1 33.646 17.916 32.820 17.261
11 2 1 33.630 17.868 32.804 17.213
12 2 1 33.630 17.805 32.804 17.150
13 2 1 33.630 17.757 32.804 17.102
14 2 1 33.630 17.710 32.804 17.055
15 2 1 33.630 17.662 32.804 17.007
16 2 1 33.630 17.614 32.804 16.959
17 2 1 33.630 17.567 32.804 16.912
18 2 1 33.646 17.519 32.820 16.864
19 2 1 33.646 17.471 32.820 16.816
20 2 1 33.638 17.424 32.812 16.769
21 2 1 33.662 17.376 32.836 16.721
22 2 1 33.662 17.328 32.836 16.673
23 2 1 33.654 17.265 32.828 16.610
24 2 1 33.662 17.217 32.836 16.562
25 2 1 33.662 17.169 32.836 16.514
26 2 1 33.678 17.121 32.852 16.467
27 2 1 33.694 17.058 32.868 16.403
28 2 1 33.694 17.010 32.868 16.355
29 2 1 33.710 16.947 32.884 16.292
30 2 1 33.710 16.883 32.884 16.228
31 2 1 33.726 16.835 32.900 16.180
32 2 1 33.742 16.788 32.916 16.133
33 2 1 33.742 16.724 32.916 16.069
34 2 1 33.758 16.676 32.932 16.021
35 2 1 33.758 16.629 32.932 15.974
36 2 1 33.758 16.581 32.932 15.926
37 2 1 33.758 16.533 32.932 15.878
38 2 1 33.758 16.486 32.932 15.831
39 2 1 33.758 16.438 32.932 15.783
40 2 1 33.758 16.375 32.932 15.720
41 2 1 33.758 16.327 32.932 15.672
42 2 1 33.758 16.279 32.932 15.624
43 2 1 33.758 16.216 32.933 15.561
44 2 1 33.758 16.152 32.933 15.497
45 2 1 33.758 16.089 32.933 15.434
46 2 1 33.758 16.041 32.933 15.386
47 2 1 33.758 15.978 32.933 15.323
48 2 1 33.758 15.930 32.933 15.275
49 2 1 33.758 15.867 32.933 15.212
50 2 1 33.774 15.819 32.949 15.164
51 2 1 33.774 15.771 32.949 15.116
52 2 1 33.774 15.724 32.949 15.069
53 2 1 33.790 15.676 32.965 15.021
54 2 1 33.790 15.628 32.965 14.973
55 2 1 33.790 15.581 32.965 14.926
56 2 1 33.790 15.533 32.965 14.878
57 2 1 33.790 15.485 32.965 14.830
58 2 1 33.806 15.422 32.981 14.767
59 2 1 33.806 15.374 32.981 14.719
60 2 1 33.822 15.311 32.997 14.656
61 2 1 33.822 15.263 32.997 14.608
62 2 1 33.838 15.215 33.013 14.560
63 2 1 33.838 15.152 33.013 14.497
64 2 1 33.838 15.104 33.013 14.449
65 2 1 33.854 15.056 33.029 14.402
66 2 1 33.854 15.009 33.029 14.354
67 2 1 33.854 14.961 33.029 14.306
68 2 1 33.854 14.914 33.029 14.259
69 2 1 33.854 14.866 33.029 14.211
70 2 1 33.854 14.818 33.029 14.163
71 2 1 33.854 14.771 33.029 14.116
72 2 1 33.854 14.723 33.029 14.068
73 2 1 33.838 14.676 33.013 14.021
74 2 1 33.838 14.628 33.013 13.973
75 2 1 33.839 14.580 33.013 13.926
76 2 1 33.823 14.517 32.998 13.862
77 2 1 33.823 14.469 32.998 13.815
78 2 1 33.823 14.422 32.998 13.767
79 2 1 33.807 14.358 32.982 13.703
80 2 1 33.799 14.311 32.974 13.656
81 2 1 33.807 14.263 32.982 13.608
82 2 1 33.807 14.216 32.982 13.561
83 2 1 33.799 14.168 32.974 13.513
84 2 1 33.807 14.120 32.982 13.465
85 2 1 33.807 14.073 32.982 13.418
86 2 1 33.799 14.025 32.974 13.370
87 2 1 33.791 13.978 32.966 13.323
88 2 1 33.791 13.930 32.966 13.275
89 2 1 33.791 13.882 32.966 13.228
90 2 1 33.791 13.835 32.966 13.180
91 2 1 33.791 13.787 32.966 13.132
92 2 1 33.784 13.740 32.958 13.085
93 2 1 33.784 13.565 32.887 12.839
115 2 1 33.570 12.884 32.817 11.991
116 2 1 33.562 12.852 32.809 11.959
117 2 1 33.570 12.836 32.817 11.943
118 2 1 33.562 12.821 32.809 11.928
119 2 1 33.602 12.678 32.840 11.991
120 2 1 33.594 12.694 32.840 11.975
121 2 1 33.594 12.662 32.840 11.943
122 2 1 33.594 12.646 32.840 11.927
123 2 1 33.594 12.614 32.840 11.896
124 2 1 33.594 12.583 32.840 11.864
125 2 1 33.594 12.551 32.841 11.832
126 2 1 33.673 12.543 32.944 11.594
127 2 1 33.673 12.479 32.936 11.658
128 2 1 33.673 12.455 32.936 11.634
129 2 1 33.689 12.432 32.952 11.610
130 2 1 33.705 12.408 32.968 11.586
131 2 1 33.689 12.384 32.952 11.562
132 2 1 33.705 12.360 32.968 11.538
133 2 1 33.681 12.313 32.991 11.641
134 2 1 33.697 12.360 32.976 11.594
135 2 1 33.697 12.344 32.976 11.578
136 2 1 33.697 12.329 32.976 11.562
137 2 1 33.697 12.297 32.976 11.531
138 2 1 33.697 12.281 32.976 11.515
139 2 1 33.697 12.281 32.976 11.515
140 2 1 33.745 12.257 32.912 11.451
141 2 1 33.697 12.241 32.952 11.467
142 2 1 33.689 12.233 32.944 11.459
143 2 1 33.681 12.210 32.936 11.436
144 2 1 33.689 12.202 32.944 11.428
145 2 1 33.682 12.178 32.936 11.404
146 2 1 33.689 12.170 32.944 11.396
147 2 1 33.690 12.075 32.936 11.499
148 2 1 33.682 12.154 32.936 11.420
149 2 1 33.689 12.138 32.944 11.404
150 2 1 33.682 12.138 32.936 11.404
151 2 1 33.689 12.122 32.944 11.388
152 2 1 33.682 12.091 32.936 11.356
153 2 1 33.690 12.075 32.944 11.340
154 2 1 33.650 12.012 32.968 11.332
155 2 1 33.674 12.035 32.944 11.309
156 2 1 33.682 12.027 32.952 11.301
157 2 1 33.674 12.019 32.944 11.293
158 2 1 33.697 12.011 32.968 11.285
159 2 1 33.705 12.003 32.976 11.277
160 2 1 33.713 11.980 32.984 11.253
161 2 1 33.745 11.900 33.047 11.253
162 2 1 33.753 11.932 33.032 11.221
163 2 1 33.753 11.924 33.032 11.213
164 2 1 33.753 11.932 33.032 11.221
165 2 1 33.753 11.924 33.032 11.213
166 2 1 33.753 11.932 33.032 11.221
167 2 1 33.753 11.940 33.032 11.229
168 2 1 33.840 11.900 32.889 11.206
169 2 1 33.729 11.908 32.992 11.205
170 2 1 33.729 11.908 32.992 11.205
171 2 1 33.713 11.908 32.976 11.206
172 2 1 33.713 11.924 32.976 11.221
173 2 1 33.713 11.924 32.976 11.221
174 2 1 33.698 11.940 32.960 11.237
175 2 1 33.737 12.027 32.857 11.238
176 2 1 33.666 11.980 32.920 11.277
177 2 1 33.674 11.996 32.928 11.293
178 2 1 33.666 12.012 32.920 11.309
179 2 1 33.674 12.027 32.928 11.325
180 2 1 33.682 12.059 32.936 11.356
181 2 1 33.690 12.075 32.944 11.372
182 2 1 33.753 12.162 32.960 11.388
183 2 1 33.729 12.122 32.984 11.420
184 2 1 33.737 12.138 32.992 11.435
185 2 1 33.745 12.154 33.000 11.451
186 2 1 33.769 12.186 33.023 11.483
187 2 1 33.777 12.217 33.031 11.514
188 2 1 33.800 12.249 33.055 11.546
189 2 1 33.824 12.265 33.079 11.562
190 2 1 33.864 12.296 33.119 11.593
191 2 1 33.888 12.328 33.142 11.625
192 2 1 33.927 12.359 33.182 11.657
193 2 1 33.951 12.391 33.206 11.688
194 2 1 33.991 12.407 33.245 11.704
195 2 1 34.015 12.422 33.269 11.720
196 2 1 34.150 12.343 33.364 11.799
197 2 1 34.126 12.414 33.380 11.727
198 2 1 34.149 12.414 33.404 11.727
199 2 1 34.189 12.398 33.444 11.711
200 2 1 34.229 12.382 33.483 11.695
201 2 1 34.253 12.382 33.507 11.695
202 2 1 34.308 12.366 33.563 11.679
203 2 1 34.332 12.334 33.587 11.647
204 2 1 34.372 12.318 33.626 11.631
205 2 1 34.411 12.318 33.666 11.631
206 2 1 34.467 12.302 33.722 11.615
207 2 1 34.491 12.270 33.745 11.583
208 2 1 34.546 12.238 33.801 11.551
209 2 1 34.570 12.222 33.825 11.535
210 2 1 34.776 12.197 33.809 11.615
211 2 1 34.665 12.238 33.912 11.559
212 2 1 34.697 12.214 33.944 11.535
213 2 1 34.729 12.190 33.976 11.511
214 2 1 34.776 12.166 34.023 11.487
215 2 1 34.808 12.142 34.055 11.463
216 2 1 34.840 12.118 34.087 11.439
217 2 1 35.078 12.014 34.023 11.479
218 2 1 34.935 12.078 34.166 11.415
219 2 1 34.982 12.054 34.214 11.391
220 2 1 35.030 12.030 34.261 11.367
221 2 1 35.062 11.990 34.293 11.328
222 2 1 35.094 11.951 34.325 11.288
223 2 1 35.276 11.791 34.499 11.010
224 2 1 34.201 18.199 33.376 17.544
225 2 1 35.260 11.736 34.491 11.073
226 2 1 35.276 11.696 34.507 11.034
227 2 1 35.276 11.641 34.507 10.978
228 2 1 35.292 11.601 34.523 10.939
229 2 1 35.308 11.530 34.539 10.867
230 2 1 35.308 11.474 34.539 10.812
231 2 1 35.371 11.744 34.547 10.574
232 2 1 35.339 11.498 34.571 10.804
233 2 1 35.339 11.443 34.571 10.748
234 2 1 35.340 11.387 34.571 10.693
235 2 1 35.355 11.332 34.587 10.637
236 2 1 35.371 11.292 34.603 10.598
237 2 1 35.355 11.252 34.587 10.558
238 2 1 35.340 10.991 34.587 10.511
239 2 1 35.348 11.094 34.587 10.415
240 2 1 35.340 11.054 34.579 10.376
241 2 1 35.348 10.999 34.587 10.320
242 2 1 35.340 10.959 34.579 10.281
243 2 1 35.332 10.888 34.571 10.210
244 2 1 35.324 10.833 34.563 10.154
245 2 1 35.332 10.761 34.571 10.083
246 2 1 35.324 10.706 34.563 10.027
247 2 1 35.316 10.635 34.555 9.956
248 2 1 35.308 10.579 34.548 9.901
249 2 1 35.316 10.508 34.555 9.830
250 2 1 35.308 10.468 34.548 9.790
251 2 1 35.300 10.397 34.540 9.719
252 2 1 35.324 10.152 34.556 9.639
253 2 1 35.316 10.231 34.556 9.568
254 2 1 35.308 10.175 34.548 9.513
255 2 1 35.316 10.120 34.556 9.457
256 2 1 35.308 10.080 34.548 9.418
257 2 1 35.300 10.009 34.540 9.347
258 2 1 35.277 9.970 34.516 9.307
259 2 1 35.221 10.041 34.469 8.959
260 2 1 35.221 9.843 34.469 9.165
261 2 1 35.205 9.788 34.453 9.109
262 2 1 35.206 9.717 34.453 9.038
263 2 1 35.206 9.645 34.453 8.967
264 2 1 35.190 9.574 34.437 8.896
265 2 1 35.174 9.535 34.421 8.856
266 2 1 35.190 9.479 34.437 8.801
267 2 1 35.158 9.424 34.406 8.745
268 2 1 35.158 9.368 34.406 8.690
269 2 1 35.142 9.313 34.390 8.634
270 2 1 35.142 9.258 34.390 8.579
271 2 1 35.142 9.218 34.390 8.539
272 2 1 35.142 9.163 34.390 8.484
273 2 1 35.142 9.091 34.390 8.413
274 2 1 35.142 9.020 34.390 8.342
275 2 1 35.127 8.949 34.374 8.270
276 2 1 35.111 8.894 34.358 8.215
277 2 1 35.127 8.838 34.374 8.160
278 2 1 35.111 8.783 34.358 8.104
279 2 1 35.143 8.743 34.390 8.065
280 2 1 35.143 8.688 34.390 8.009
281 2 1 35.143 8.632 34.390 7.954
282 2 1 35.127 8.577 34.374 7.898
283 2 1 35.111 8.537 34.358 7.859
284 2 1 35.127 8.482 34.374 7.803
285 2 1 35.127 8.411 34.374 7.732
286 2 1 35.127 8.340 34.374 7.661
287 2 1 35.127 8.284 34.375 7.606
288 2 1 35.111 8.229 34.359 7.550
289 2 1 35.111 8.173 34.359 7.495
290 2 1 35.095 8.102 34.343 7.424
291 2 1 35.064 8.047 34.311 7.368
292 2 1 35.048 7.976 34.295 7.297
293 2 1 35.048 7.920 34.295 7.242
294 2 1 35.032 7.833 34.280 7.155
295 2 1 34.312 18.278 33.630 17.789
296 2 1 35.024 7.825 34.272 7.147
297 2 1 34.992 7.786 34.240 7.107
298 2 1 34.977 7.746 34.224 7.068
299 2 1 34.961 7.691 34.208 7.013
300 2 1 34.929 7.652 34.177 6.973
301 2 1 34.913 7.596 34.161 6.918
302 2 1 34.898 7.557 34.145 6.878
303 2 1 34.898 7.501 34.145 6.823
304 2 1 34.882 7.446 34.129 6.768
305 2 1 34.882 7.391 34.129 6.712
306 2 1 34.866 7.335 34.114 6.657
307 2 1 34.850 7.264 34.098 6.586
308 2 1 34.850 7.209 34.098 6.530
309 2 1 34.834 7.138 34.082 6.459
310 2 1 34.834 7.082 34.082 6.404
311 2 1 34.819 7.011 34.066 6.333
312 2 1 34.819 6.956 34.066 6.277
313 2 1 34.803 6.900 34.050 6.222
314 2 1 34.835 6.845 34.082 6.167
315 2 1 34.850 6.790 34.098 6.111
316 2 1 34.850 6.750 34.098 6.072
317 2 1 34.835 6.695 34.082 6.016
318 2 1 34.835 6.655 34.082 5.977
319 2 1 34.819 6.600 34.067 5.921
320 2 1 34.803 6.545 34.051 5.866
321 2 1 34.787 6.489 34.035 5.811
322 2 1 34.771 6.434 34.019 5.755
323 2 1 34.756 6.379 34.003 5.700
324 2 1 34.724 6.323 33.972 5.645
325 2 1 34.708 6.252 33.956 5.574
326 2 1 34.676 6.197 33.924 5.518
327 2 1 34.645 6.126 33.892 5.447
328 2 1 34.597 6.086 33.845 5.408
329 2 1 34.566 6.031 33.813 5.352
330 2 1 34.534 5.992 33.782 5.313
331 2 1 34.518 5.936 33.766 5.258
332 2 1 34.502 5.897 33.750 5.218
333 2 1 34.486 5.841 33.734 5.163
334 2 1 34.471 5.802 33.718 5.123
335 2 1 34.455 5.731 33.703 5.052
336 2 1 34.455 5.675 33.703 4.997
337 2 1 34.439 5.620 33.687 4.942
338 2 1 34.423 5.565 33.671 4.886
339 2 1 34.407 5.509 33.655 4.831
340 2 1 34.392 5.454 33.639 4.776
341 2 1 34.376 5.383 33.624 4.704
342 2 1 34.376 5.328 33.624 4.649
343 2 1 34.360 5.272 33.608 4.594
344 2 1 34.344 5.217 33.592 4.539
345 2 1 34.376 5.146 33.624 4.467
346 2 1 34.392 5.106 33.640 4.428
347 2 1 34.392 5.067 33.640 4.388
348 2 1 34.376 5.027 33.624 4.349
349 2 1 34.376 4.972 33.624 4.293
350 2 1 34.360 4.932 33.608 4.254
351 2 1 34.360 4.877 33.608 4.199
352 2 1 34.329 4.822 33.576 4.143
353 2 1 34.313 4.766 33.561 4.088
354 2 1 34.297 4.727 33.545 4.049
355 2 1 34.281 4.656 33.529 3.977
356 2 1 34.250 4.601 33.497 3.922
357 2 1 34.234 4.545 33.482 3.867
358 2 1 34.218 4.490 33.466 3.812
359 2 1 34.202 4.451 33.450 3.772
360 2 1 34.155 4.427 33.402 3.748
361 2 1 34.123 4.372 33.371 3.693
362 2 1 34.107 4.348 33.355 3.669
363 2 1 34.107 4.308 33.355 3.630
364 2 1 34.107 4.285 33.355 3.606
365 2 1 34.107 4.261 33.355 3.582
366 2 1 34.091 4.221 33.339 3.543
367 2 1 34.091 4.182 33.339 3.503
368 2 1 34.076 4.111 33.323 3.432
369 2 1 34.076 4.056 33.324 3.377
370 2 1 34.060 4.000 33.308 3.322
371 2 1 34.044 3.961 33.292 3.282
372 2 1 34.044 3.921 33.292 3.243
373 2 1 34.044 3.866 33.292 3.187
374 2 1 34.044 3.826 33.292 3.148
375 2 1 34.044 3.771 33.292 3.093
376 2 1 34.044 3.732 33.292 3.053
377 2 1 34.028 3.692 33.276 3.014
378 2 1 34.076 3.637 33.324 2.958
379 2 1 34.108 3.581 33.356 2.903
380 2 1 34.092 3.558 33.340 2.879
381 2 1 34.092 3.534 33.340 2.855
382 2 1 34.076 3.510 33.324 2.832
383 2 1 34.076 3.471 33.324 2.792
384 2 1 34.060 3.447 33.308 2.769
385 2 1 34.060 3.408 33.308 2.729
386 2 1 34.044 3.384 33.292 2.705
387 2 1 34.044 3.344 33.292 2.666
388 2 1 34.044 3.305 33.292 2.626
389 2 1 34.045 3.265 33.292 2.587
390 2 1 34.045 3.242 33.292 2.563
391 2 1 34.029 3.202 33.277 2.524
392 2 1 34.029 3.178 33.277 2.500
393 2 1 33.997 3.155 33.245 2.476
394 2 1 33.950 3.147 33.197 2.469
395 2 1 33.902 3.155 33.150 2.476
396 2 1 33.886 3.163 33.134 2.484
397 2 1 33.870 3.155 33.118 2.477
398 2 1 33.870 3.147 33.118 2.469
399 2 1 33.870 3.139 33.118 2.461
400 2 1 33.854 3.147 33.102 2.469
401 2 1 33.854 3.139 33.102 2.461
402 2 1 33.854 3.147 33.102 2.469
403 2 1 33.854 3.139 33.102 2.461
404 2 1 33.854 3.147 33.102 2.469
405 2 1 33.839 3.155 33.087 2.477
406 2 1 33.854 3.147 33.102 2.469
407 2 1 33.886 3.123 33.134 2.445
408 2 1 34.265 18.246 33.582 17.757
409 2 1 33.878 3.115 33.126 2.437
410 2 1 33.910 3.076 33.158 2.397
411 2 1 33.942 3.036 33.190 2.358
412 2 1 33.989 2.965 33.237 2.287
413 2 1 34.021 2.910 33.269 2.231
414 2 1 34.053 2.855 33.301 2.176
415 2 1 34.084 2.799 33.332 2.121
416 2 1 34.273 18.246 33.590 17.757
417 2 1 34.077 2.791 33.325 2.113
418 2 1 34.092 2.783 33.340 2.105
419 2 1 34.108 2.775 33.356 2.097
420 2 1 34.108 2.783 33.356 2.105
421 2 1 34.108 2.775 33.356 2.097
422 2 1 34.124 2.783 33.372 2.105
423 2 1 34.124 2.775 33.372 2.097
424 2 1 34.124 2.783 33.372 2.105
425 2 1 34.140 2.775 33.388 2.097
426 2 1 34.140 2.783 33.388 2.105
427 2 1 34.140 2.775 33.388 2.097
428 2 1 34.156 2.768 33.404 2.089
429 2 1 34.156 2.760 33.404 2.081
430 2 1 34.172 2.736 33.420 2.057
431 2 1 34.172 2.712 33.420 2.034
432 2 1 34.172 2.673 33.420 1.994
433 2 1 34.172 2.649 33.420 1.971
434 2 1 34.156 2.625 33.404 1.947
435 2 1 34.156 2.586 33.404 1.907
436 2 1 34.140 2.562 33.388 1.884
437 2 1 34.140 2.538 33.388 1.860
438 2 1 34.140 2.531 33.388 1.852
439 2 1 34.124 2.507 33.372 1.828
440 2 1 34.124 2.499 33.372 1.821
441 2 1 34.124 2.491 33.372 1.813
442 2 1 34.124 2.499 33.372 1.821
443 2 1 34.124 2.491 33.372 1.813
444 2 1 34.124 2.499 33.372 1.821
445 2 1 34.124 2.491 33.372 1.813
446 2 1 34.124 2.499 33.372 1.821
447 2 1 34.124 2.491 33.372 1.813
448 2 1 34.124 2.499 33.372 1.821
449 2 1 34.124 2.491 33.372 1.813
450 2 1 34.124 2.483 33.372 1.805
451 2 1 34.124 2.475 33.372 1.797
452 2 1 34.124 2.483 33.372 1.805
454 2 1 34.124 2.483 33.372 1.805
455 2 1 34.124 2.475 33.372 1.797
456 2 1 34.124 2.483 33.372 1.805
457 2 1 34.124 2.475 33.372 1.797
458 2 1 34.124 2.483 33.372 1.805
459 2 1 34.124 2.475 33.372 1.797
460 2 1 34.124 2.483 33.372 1.805
461 2 1 34.124 2.475 33.372 1.797
453 2 1 34.124 2.475 33.372 1.797
0 3 1 31.198 17.659 30.459 16.995
1 3 1 31.221 17.683 30.451 16.987
2 3 1 31.214 17.627 30.443 16.932
3 3 1 31.222 17.587 30.451 16.892
4 3 1 31.198 17.540 30.427 16.844
5 3 1 31.206 17.492 30.435 16.797
6 3 1 31.198 17.444 30.427 16.749
7 3 1 31.166 17.508 30.443 16.654
8 3 1 31.166 17.484 30.435 16.661
9 3 1 31.158 17.445 30.427 16.622
10 3 1 31.182 17.405 30.451 16.582
11 3 1 31.174 17.365 30.443 16.542
12 3 1 31.198 17.325 30.467 16.502
13 3 1 31.190 17.285 30.459 16.463
14 3 1 31.254 17.110 30.475 16.407
15 3 1 31.238 17.142 30.491 16.375
16 3 1 31.246 17.094 30.499 16.327
17 3 1 31.254 17.047 30.507 16.280
18 3 1 31.262 16.999 30.515 16.232
19 3 1 31.270 16.951 30.523 16.184
20 3 1 31.262 16.904 30.515 16.137
21 3 1 31.286 16.856 30.539 16.089
22 3 1 31.278 16.808 30.531 16.041
23 3 1 31.286 16.760 30.539 15.993
24 3 1 31.294 16.729 30.547 15.962
25 3 1 31.302 16.681 30.555 15.914
26 3 1 31.310 16.633 30.564 15.866
27 3 1 31.318 16.601 30.571 15.834
28 3 1 31.326 16.411 30.500 15.700
29 3 1 31.294 16.427 30.532 15.676
30 3 1 31.302 16.379 30.540 15.628
31 3 1 31.310 16.315 30.548 15.564
32 3 1 31.319 16.268 30.556 15.517
33 3 1 31.311 16.236 30.548 15.485
34 3 1 31.319 16.188 30.556 15.437
35 3 1 31.311 16.125 30.548 15.374
36 3 1 31.303 16.061 30.540 15.310
37 3 1 31.311 16.013 30.548 15.262
38 3 1 31.303 15.966 30.540 15.215
39 3 1 31.311 15.902 30.549 15.151
40 3 1 31.303 15.855 30.541 15.104
41 3 1 31.311 15.807 30.549 15.056
42 3 1 31.319 15.759 30.557 15.008
43 3 1 31.327 15.727 30.565 14.976
44 3 1 31.319 15.680 30.557 14.929
45 3 1 31.327 15.616 30.565 14.865
46 3 1 31.335 15.569 30.573 14.818
47 3 1 31.343 15.537 30.581 14.786
48 3 1 31.335 15.489 30.573 14.738
49 3 1 31.343 15.410 30.581 14.659
50 3 1 31.335 15.378 30.573 14.627
51 3 1 31.343 15.314 30.581 14.563
52 3 1 31.336 15.267 30.573 14.516
53 3 1 31.344 15.203 30.581 14.452
54 3 1 31.352 15.140 30.589 14.389
55 3 1 31.360 15.092 30.597 14.341
56 3 1 31.352 15.060 30.589 14.309
57 3 1 31.360 15.012 30.597 14.262
58 3 1 31.384 14.933 30.621 14.182
59 3 1 31.392 14.901 30.629 14.150
60 3 1 31.400 14.853 30.637 14.103
61 3 1 31.408 14.790 30.645 14.039
62 3 1 31.400 14.758 30.637 14.007
63 3 1 31.408 14.711 30.646 13.960
64 3 1 31.400 14.663 30.638 13.912
65 3 1 31.408 14.599 30.646 13.848
66 3 1 31.400 14.552 30.638 13.801
67 3 1 31.408 14.504 30.646 13.753
68 3 1 31.400 14.441 30.638 13.690
69 3 1 31.392 14.377 30.630 13.626
70 3 1 31.384 14.330 30.622 13.579
71 3 1 31.392 14.282 30.630 13.531
72 3 1 31.384 14.218 30.622 13.468
73 3 1 31.392 14.171 30.630 13.420
74 3 1 31.385 14.139 30.622 13.388
75 3 1 31.393 14.107 30.630 13.356
76 3 1 31.385 14.060 30.622 13.309
77 3 1 31.393 13.996 30.631 13.245
78 3 1 31.385 13.948 30.623 13.198
79 3 1 31.409 13.932 30.647 13.182
80 3 1 31.401 13.869 30.639 13.118
81 3 1 31.409 13.821 30.647 13.071
82 3 1 31.401 13.774 30.639 13.023
83 3 1 31.409 13.710 30.647 12.959
84 3 1 31.401 13.679 30.639 12.928
85 3 1 31.409 13.631 30.647 12.880
86 3 1 31.401 13.599 30.639 12.848
87 3 1 31.409 13.567 30.647 12.817
88 3 1 31.401 13.520 30.639 12.769
89 3 1 31.393 13.488 30.631 12.737
90 3 1 31.401 13.425 30.639 12.674
91 3 1 31.409 13.361 30.647 12.610
92 3 1 31.393 13.321 30.631 12.571
93 3 1 31.409 13.282 30.647 12.531
94 3 1 31.402 13.234 30.639 12.483
95 3 1 33.929 20.903 33.167 20.152
99 3 1 31.434 12.805 30.775 12.094
100 3 1 31.434 12.758 30.775 12.046
101 3 1 31.434 12.694 30.775 11.983
102 3 1 31.418 12.647 30.759 11.935
103 3 1 31.418 12.615 30.759 11.904
104 3 1 31.402 12.568 30.744 11.856
105 3 1 31.386 12.504 30.728 11.793
106 3 1 31.386 12.512 30.696 11.888
108 3 1 31.379 12.504 30.688 11.880
109 3 1 31.379 12.457 30.688 11.832
110 3 1 31.363 12.441 30.672 11.817
111 3 1 31.379 12.377 30.688 11.753
112 3 1 31.363 12.346 30.672 11.721
113 3 1 31.363 12.298 30.672 11.674
114 3 1 31.363 12.266 30.672 11.642
115 3 1 31.347 12.219 30.657 11.595
116 3 1 31.331 12.171 30.641 11.547
117 3 1 31.228 12.084 30.569 11.373
119 3 1 31.220 12.076 30.561 11.365
120 3 1 31.204 12.037 30.546 11.325
121 3 1 31.188 11.981 30.530 11.270
122 3 1 31.173 11.958 30.514 11.246
123 3 1 31.141 11.918 30.482 11.207
124 3 1 31.125 11.878 30.466 11.167
125 3 1 31.125 11.839 30.466 11.127
126 3 1 31.109 11.799 30.451 11.088
127 3 1 31.077 11.760 30.419 11.048
128 3 1 31.062 11.720 30.403 11.009
129 3 1 31.046 11.680 30.387 10.969
130 3 1 31.030 11.641 30.371 10.929
131 3 1 31.046 11.601 30.387 10.890
132 3 1 31.030 11.577 30.371 10.866
133 3 1 31.046 11.538 30.387 10.826
134 3 1 31.046 11.530 30.387 10.818
135 3 1 31.062 11.522 30.403 10.810
136 3 1 31.062 11.498 30.403 10.786
137 3 1 30.983 11.308 30.269 10.446
138 3 1 30.967 11.260 30.284 10.486
139 3 1 30.959 11.221 30.277 10.446
140 3 1 30.951 11.181 30.269 10.406
141 3 1 30.943 11.141 30.261 10.367
142 3 1 30.935 11.118 30.253 10.343
143 3 1 30.943 11.062 30.261 10.287
144 3 1 30.935 11.038 30.253 10.264
145 3 1 30.927 10.999 30.245 10.224
146 3 1 30.920 10.975 30.237 10.200
147 3 1 30.912 10.935 30.229 10.161
148 3 1 30.904 10.912 30.221 10.137
149 3 1 30.896 10.872 30.213 10.097
150 3 1 30.888 10.848 30.206 10.073
151 3 1 30.880 10.626 30.190 9.772
152 3 1 30.872 10.595 30.190 9.804
153 3 1 30.864 10.555 30.182 9.764
154 3 1 30.872 10.499 30.190 9.709
155 3 1 30.880 10.460 30.198 9.669
156 3 1 30.873 10.404 30.190 9.614
157 3 1 30.881 10.365 30.198 9.574
158 3 1 30.873 10.341 30.190 9.550
159 3 1 30.865 10.317 30.182 9.526
160 3 1 30.873 10.262 30.190 9.471
161 3 1 30.881 10.238 30.198 9.447
162 3 1 30.873 10.182 30.191 9.392
163 3 1 30.881 10.158 30.199 9.368
164 3 1 30.889 10.103 30.207 9.312
165 3 1 30.913 10.079 30.230 9.288
166 3 1 30.937 10.039 30.254 9.249
167 3 1 31.080 9.952 30.366 9.225
168 3 1 31.064 9.976 30.382 9.201
169 3 1 31.072 9.936 30.390 9.161
170 3 1 31.064 9.896 30.382 9.122
171 3 1 31.072 9.841 30.390 9.066
172 3 1 31.064 9.801 30.382 9.026
173 3 1 31.088 9.746 30.406 8.971
174 3 1 31.096 9.722 30.414 8.947
175 3 1 31.120 9.666 30.438 8.892
176 3 1 31.128 9.627 30.446 8.852
178 3 1 31.120 9.619 30.438 8.844
179 3 1 31.080 9.476 30.287 8.591
180 3 1 31.033 9.429 30.335 8.638
181 3 1 31.041 9.389 30.343 8.599
182 3 1 31.049 9.349 30.351 8.559
183 3 1 31.057 9.310 30.359 8.519
184 3 1 31.081 9.270 30.383 8.480
185 3 1 31.073 9.215 30.375 8.424
186 3 1 31.081 9.175 30.383 8.385
187 3 1 31.089 9.119 30.391 8.329
188 3 1 31.097 9.096 30.399 8.305
189 3 1 31.089 9.040 30.391 8.250
190 3 1 31.097 9.001 30.399 8.210
191 3 1 31.089 8.961 30.391 8.171
192 3 1 31.105 8.913 30.407 8.123
194 3 1 31.097 8.905 30.399 8.115
195 3 1 31.105 8.866 30.407 8.075
196 3 1 31.113 8.842 30.415 8.052
197 3 1 31.121 8.787 30.423 7.996
198 3 1 31.153 8.723 30.455 7.933
200 3 1 31.145 8.715 30.447 7.925
201 3 1 31.169 8.675 30.471 7.885
202 3 1 31.192 8.636 30.495 7.845
203 3 1 31.200 8.596 30.503 7.806
204 3 1 31.208 8.557 30.511 7.766
206 3 1 31.200 8.549 30.503 7.758
207 3 1 31.193 8.525 30.495 7.735
208 3 1 31.145 8.248 30.392 7.370
209 3 1 31.121 8.208 30.424 7.410
210 3 1 31.129 8.161 30.432 7.362
211 3 1 31.122 8.113 30.424 7.315
212 3 1 31.145 8.066 30.448 7.267
213 3 1 31.138 8.018 30.440 7.220
214 3 1 31.161 7.970 30.464 7.172
215 3 1 31.169 7.939 30.472 7.141
216 3 1 31.177 7.891 30.480 7.093
217 3 1 31.185 7.859 30.488 7.061
218 3 1 31.193 7.828 30.496 7.030
219 3 1 31.186 7.780 30.488 6.982
220 3 1 31.210 7.527 30.512 6.721
222 3 1 31.202 7.519 30.504 6.713
223 3 1 31.210 7.479 30.512 6.673
224 3 1 31.202 7.440 30.504 6.634
225 3 1 31.210 7.368 30.512 6.562
226 3 1 31.218 7.329 30.520 6.523
227 3 1 31.226 7.257 30.528 6.451
228 3 1 31.218 7.202 30.520 6.396
229 3 1 31.242 7.131 30.544 6.325
230 3 1 31.250 7.091 30.552 6.285
231 3 1 31.274 7.036 30.576 6.230
232 3 1 31.282 6.996 30.584 6.190
233 3 1 31.290 6.972 30.592 6.166
234 3 1 31.369 6.830 30.672 6.032
236 3 1 31.361 6.822 30.664 6.024
237 3 1 31.369 6.790 30.672 5.992
238 3 1 31.377 6.742 30.680 5.944
239 3 1 31.385 6.679 30.688 5.881
240 3 1 31.377 6.616 30.680 5.818
241 3 1 31.385 6.568 30.688 5.770
242 3 1 31.378 6.521 30.680 5.723
243 3 1 31.386 6.457 30.688 5.659
244 3 1 31.378 6.410 30.680 5.612
245 3 1 31.386 6.362 30.688 5.565
246 3 1 31.394 6.299 30.696 5.501
247 3 1 31.402 6.252 30.704 5.454
248 3 1 31.410 6.220 30.712 5.422
249 3 1 31.418 6.172 30.720 5.374
250 3 1 31.410 6.109 30.712 5.311
252 3 1 31.402 6.101 30.704 5.303
253 3 1 31.410 6.070 30.712 5.272
254 3 1 31.418 6.022 30.720 5.224
255 3 1 31.426 5.975 30.728 5.177
256 3 1 31.434 5.927 30.736 5.129
257 3 1 31.442 5.880 30.744 5.082
258 3 1 31.450 5.832 30.752 5.034
259 3 1 31.442 5.785 30.744 4.987
260 3 1 31.466 5.737 30.768 4.939
261 3 1 31.458 5.674 30.760 4.876
262 3 1 31.482 5.610 30.784 4.813
263 3 1 31.490 5.563 30.792 4.765
264 3 1 31.514 5.515 30.816 4.718
265 3 1 31.522 5.484 30.824 4.686
266 3 1 31.545 5.452 30.848 4.654
267 3 1 31.553 5.420 30.856 4.622
269 3 1 31.545 5.412 30.848 4.615
270 3 1 31.553 5.381 30.856 4.583
271 3 1 31.577 5.349 30.880 4.551
272 3 1 31.569 5.302 30.872 4.504
273 3 1 31.577 5.270 30.880 4.472
274 3 1 31.585 5.207 30.888 4.409
275 3 1 31.593 5.159 30.896 4.361
276 3 1 31.585 5.096 30.888 4.298
277 3 1 31.609 5.048 30.912 4.251
278 3 1 31.601 5.001 30.904 4.203
279 3 1 31.609 4.938 30.912 4.140
280 3 1 31.617 4.890 30.920 4.092
281 3 1 31.625 4.858 30.928 4.061
282 3 1 31.633 4.827 30.936 4.029
283 3 1 31.610 4.764 30.912 3.966
284 3 1 31.570 4.700 30.873 3.903
285 3 1 31.578 4.653 30.881 3.855
286 3 1 31.586 4.590 30.889 3.792
287 3 1 31.594 4.558 30.897 3.760
288 3 1 31.586 4.510 30.889 3.713
289 3 1 31.594 4.479 30.897 3.681
290 3 1 31.586 4.431 30.889 3.634
291 3 1 31.594 4.368 30.897 3.570
292 3 1 31.586 4.336 30.889 3.539
293 3 1 31.610 4.289 30.913 3.491
294 3 1 31.618 4.257 30.921 3.460
295 3 1 31.642 4.194 30.945 3.396
296 3 1 31.650 4.147 30.953 3.349
298 3 1 31.642 4.139 30.945 3.341
299 3 1 31.666 4.123 30.969 3.325
300 3 1 31.674 4.107 30.977 3.309
301 3 1 31.785 3.933 31.072 3.096
302 3 1 31.777 3.917 31.080 3.119
303 3 1 31.785 3.885 31.088 3.088
304 3 1 31.793 3.869 31.096 3.072
305 3 1 31.817 3.838 31.120 3.040
306 3 1 31.809 3.822 31.112 3.024
307 3 1 31.817 3.790 31.120 2.993
308 3 1 31.825 3.759 31.128 2.961
309 3 1 31.833 3.727 31.136 2.930
310 3 1 31.841 3.680 31.144 2.882
311 3 1 31.849 3.648 31.152 2.850
312 3 1 31.857 3.601 31.160 2.803
313 3 1 31.881 3.553 31.184 2.756
314 3 1 31.889 3.506 31.192 2.708
315 3 1 31.912 3.474 31.215 2.676
316 3 1 31.920 3.442 31.223 2.645
317 3 1 31.928 3.395 31.231 2.597
318 3 1 31.905 3.347 31.208 2.550
319 3 1 31.881 3.300 31.184 2.503
320 3 1 31.873 3.268 31.176 2.471
321 3 1 31.881 3.237 31.184 2.439
322 3 1 31.873 3.221 31.176 2.424
323 3 1 31.881 3.189 31.184 2.392
324 3 1 31.873 3.174 31.176 2.376
325 3 1 31.881 3.158 31.184 2.360
326 3 1 31.873 3.142 31.176 2.344
327 3 1 31.881 3.126 31.184 2.329
328 3 1 31.873 3.095 31.176 2.297
329 3 1 31.881 3.063 31.184 2.265
330 3 1 31.873 3.047 31.176 2.250
331 3 1 31.881 3.015 31.184 2.218
332 3 1 32.024 2.802 31.351 2.099
333 3 1 32.032 2.841 31.343 2.060
334 3 1 32.016 2.826 31.327 2.044
335 3 1 32.016 2.794 31.327 2.012
336 3 1 32.016 2.778 31.327 1.997
337 3 1 32.016 2.778 31.327 1.997
338 3 1 32.016 2.778 31.327 1.997
339 3 1 32.016 2.762 31.327 1.981
340 3 1 32.032 2.747 31.343 1.965
341 3 1 32.032 2.747 31.343 1.965
342 3 1 32.032 2.747 31.343 1.965
343 3 1 32.048 2.731 31.359 1.949
344 3 1 32.048 2.715 31.359 1.933
345 3 1 32.048 2.699 31.359 1.917
346 3 1 32.048 2.667 31.359 1.886
347 3 1 32.032 2.636 31.343 1.854
348 3 1 32.032 2.604 31.343 1.823
349 3 1 32.001 2.573 31.312 1.791
350 3 1 31.969 2.541 31.280 1.759
351 3 1 31.921 2.510 31.232 1.728
352 3 1 31.890 2.478 31.201 1.696
353 3 1 31.858 2.431 31.169 1.649
354 3 1 31.842 2.415 31.153 1.633
355 3 1 31.826 2.367 31.137 1.586
356 3 1 31.811 2.352 31.122 1.570
357 3 1 31.779 2.320 31.090 1.538
358 3 1 31.763 2.304 31.074 1.523
359 3 1 31.747 2.304 31.058 1.523
360 3 1 31.731 2.304 31.042 1.523
361 3 1 31.731 2.304 31.042 1.523
362 3 1 31.731 2.288 31.042 1.507
363 3 1 31.731 2.273 31.042 1.491
364 3 1 31.731 2.257 31.042 1.475
365 3 1 31.731 2.241 31.042 1.459
366 3 1 31.747 2.225 31.058 1.444
367 3 1 31.747 2.209 31.058 1.428
368 3 1 31.763 2.209 31.074 1.428
369 3 1 31.763 2.194 31.074 1.412
371 3 1 31.755 2.186 31.066 1.404
372 3 1 31.739 2.170 31.050 1.388
373 3 1 31.724 2.170 31.035 1.388
374 3 1 31.724 2.154 31.035 1.373
375 3 1 31.922 2.012 31.090 1.286
376 3 1 31.851 2.035 31.154 1.262
377 3 1 31.843 2.028 31.146 1.254
378 3 1 31.835 2.004 31.138 1.230
379 3 1 31.827 2.012 31.130 1.238
380 3 1 31.819 1.988 31.122 1.214
381 3 1 31.811 1.996 31.114 1.222
382 3 1 31.803 1.988 31.106 1.214
383 3 1 31.795 1.996 31.098 1.222
384 3 1 31.787 1.988 31.090 1.214
385 3 1 31.779 1.996 31.082 1.222
386 3 1 31.787 1.988 31.090 1.214
387 3 1 31.779 1.996 31.082 1.222
388 3 1 31.771 1.988 31.074 1.214
389 3 1 31.763 1.996 31.066 1.222
390 3 1 31.771 1.988 31.074 1.214
391 3 1 31.763 2.012 31.066 1.238
392 3 1 31.771 2.004 31.074 1.230
393 3 1 31.763 2.012 31.066 1.238
394 3 1 31.771 2.020 31.074 1.246
395 3 1 31.779 2.028 31.082 1.254
396 3 1 31.787 2.020 31.090 1.246
397 3 1 31.795 2.028 31.098 1.254
398 3 1 31.803 2.036 31.106 1.262
399 3 1 31.795 2.043 31.098 1.270
400 3 1 31.819 2.036 31.122 1.262
401 3 1 31.827 2.043 31.130 1.270
402 3 1 31.835 2.035 31.138 1.262
403 3 1 31.843 2.043 31.146 1.270
404 3 1 31.851 2.051 31.154 1.278
405 3 1 31.843 2.059 31.146 1.285
406 3 1 31.866 2.051 31.170 1.278
407 3 1 31.858 2.059 31.162 1.285
408 3 1 31.866 2.051 31.170 1.278
409 3 1 31.874 2.059 31.177 1.285
410 3 1 31.866 2.067 31.170 1.293
411 3 1 31.874 2.075 31.177 1.301
412 3 1 31.882 2.067 31.185 1.293
413 3 1 31.874 2.075 31.177 1.301
414 3 1 31.882 2.083 31.185 1.309
415 3 1 31.874 2.091 31.177 1.317
416 3 1 31.882 2.083 31.185 1.309
417 3 1 31.890 2.091 31.193 1.317
418 3 1 31.898 2.083 31.201 1.309
419 3 1 31.890 2.091 31.193 1.317
420 3 1 31.898 2.083 31.201 1.309
421 3 1 31.906 2.091 31.209 1.317
422 3 1 31.914 2.083 31.217 1.309
423 3 1 31.906 2.091 31.209 1.317
424 3 1 31.930 2.083 31.233 1.309
425 3 1 31.922 2.091 31.225 1.317
426 3 1 31.930 2.083 31.233 1.309
427 3 1 31.922 2.091 31.225 1.317
428 3 1 31.930 2.083 31.233 1.309
429 3 1 31.938 2.091 31.241 1.317
430 3 1 31.946 2.083 31.249 1.309
431 3 1 31.938 2.091 31.241 1.317
432 3 1 31.946 2.083 31.249 1.309
433 3 1 31.938 2.091 31.241 1.317
434 3 1 31.946 2.083 31.249 1.309
435 3 1 31.938 2.075 31.241 1.301
436 3 1 31.946 2.067 31.249 1.293
437 3 1 31.954 2.075 31.257 1.301
438 3 1 31.962 2.067 31.265 1.293
439 3 1 31.954 2.075 31.257 1.301
440 3 1 31.962 2.067 31.265 1.293
441 3 1 31.954 2.075 31.257 1.301
442 3 1 31.962 2.067 31.265 1.293
443 3 1 31.954 2.075 31.257 1.301
444 3 1 31.962 2.067 31.265 1.293
445 3 1 31.954 2.075 31.257 1.301
446 3 1 31.962 2.067 31.265 1.293
447 3 1 31.954 2.059 31.257 1.285
448 3 1 31.962 2.051 31.265 1.277
449 3 1 31.954 2.059 31.257 1.285
450 3 1 31.962 2.051 31.265 1.277
451 3 1 31.954 2.059 31.257 1.285
452 3 1 31.962 2.051 31.265 1.277
454 3 1 31.962 2.051 31.265 1.277
455 3 1 31.954 2.059 31.257 1.285
456 3 1 31.962 2.051 31.265 1.277
457 3 1 31.954 2.059 31.257 1.285
458 3 1 31.946 2.051 31.249 1.278
459 3 1 31.938 2.043 31.241 1.270
460 3 1 31.946 2.035 31.249 1.262
461 3 1 31.938 2.043 31.241 1.270
453 3 1 31.954 2.059 31.257 1.285
0 4 1 20.891 10.191 20.039 9.590
1 4 1 20.915 10.207 20.023 9.582
2 4 1 20.923 10.207 20.031 9.582
3 4 1 20.947 10.223 20.054 9.598
4 4 1 20.955 10.207 20.063 9.582
5 4 1 20.979 10.223 20.086 9.598
6 4 1 20.987 10.207 20.094 9.582
7 4 1 21.315 10.119 20.126 9.606
8 4 1 21.283 10.127 20.150 9.598
9 4 1 21.307 10.127 20.174 9.598
10 4 1 21.331 10.126 20.198 9.598
11 4 1 21.355 10.126 20.222 9.597
12 4 1 21.379 10.126 20.246 9.597
13 4 1 21.419 10.126 20.286 9.597
14 4 1 21.427 10.126 20.294 9.597
15 4 1 21.467 10.110 20.334 9.581
16 4 1 21.491 10.094 20.358 9.565
17 4 1 21.515 10.094 20.382 9.565
18 4 1 21.539 10.094 20.406 9.565
19 4 1 21.563 10.094 20.430 9.565
20 4 1 21.587 10.094 20.454 9.565
21 4 1 21.451 10.134 20.614 9.588
22 4 1 21.539 10.126 20.526 9.596
23 4 1 21.570 10.126 20.558 9.596
24 4 1 21.602 10.126 20.590 9.596
25 4 1 21.634 10.125 20.622 9.596
26 4 1 21.666 10.125 20.654 9.596
27 4 1 21.698 10.125 20.686 9.596
28 4 1 22.073 10.148 20.861 9.627
29 4 1 21.978 10.148 20.933 9.627
30 4 1 22.009 10.156 20.965 9.635
31 4 1 22.057 10.164 21.013 9.643
32 4 1 22.089 10.172 21.045 9.650
33 4 1 22.121 10.179 21.077 9.658
34 4 1 22.169 10.187 21.125 9.666
35 4 1 22.217 10.195 21.173 9.674
36 4 1 22.265 10.187 21.221 9.666
37 4 1 22.313 10.179 21.268 9.658
38 4 1 22.217 10.251 21.244 9.729
40 4 1 22.209 10.243 21.236 9.721
41 4 1 22.257 10.251 21.284 9.729
42 4 1 22.273 10.258 21.300 9.737
43 4 1 22.329 10.250 21.356 9.729
44 4 1 22.376 10.258 21.404 9.737
45 4 1 22.408 10.250 21.436 9.729
46 4 1 22.448 10.258 21.476 9.737
47 4 1 22.512 10.274 21.540 9.752
48 4 1 22.544 10.273 21.572 9.752
49 4 1 22.600 10.265 21.627 9.744
50 4 1 22.648 10.281 21.675 9.760
51 4 1 22.696 10.265 21.723 9.744
52 4 1 22.735 10.273 21.763 9.752
53 4 1 22.783 10.257 21.811 9.735
54 4 1 22.815 10.273 21.843 9.751
55 4 1 22.855 10.264 21.883 9.743
56 4 1 22.895 10.272 21.923 9.751
57 4 1 22.935 10.280 21.963 9.759
58 4 1 22.959 10.288 21.987 9.767
59 4 1 23.015 10.296 22.043 9.774
60 4 1 23.055 10.304 22.082 9.782
61 4 1 23.094 10.311 22.122 9.790
62 4 1 23.134 10.319 22.162 9.798
63 4 1 23.350 10.215 22.258 9.742
64 4 1 23.294 10.231 22.306 9.718
65 4 1 23.350 10.223 22.362 9.710
66 4 1 23.374 10.231 22.386 9.718
67 4 1 23.414 10.247 22.426 9.734
68 4 1 23.470 10.247 22.482 9.733
69 4 1 23.509 10.262 22.521 9.749
70 4 1 23.565 10.278 22.577 9.765
71 4 1 23.589 10.278 22.601 9.765
72 4 1 23.645 10.294 22.657 9.780
73 4 1 23.685 10.293 22.697 9.780
74 4 1 23.725 10.293 22.737 9.780
75 4 1 23.765 10.293 22.777 9.780
76 4 1 23.804 10.277 22.817 9.764
78 4 1 23.796 10.269 22.809 9.756
79 4 1 23.836 10.269 22.849 9.756
80 4 1 23.860 10.285 22.872 9.772
81 4 1 23.900 10.301 22.912 9.788
82 4 1 23.940 10.285 22.952 9.772
83 4 1 23.980 10.300 22.992 9.787
84 4 1 24.426 10.235 23.032 9.843
85 4 1 24.227 10.284 23.208 9.787
86 4 1 24.267 10.284 23.247 9.786
87 4 1 24.307 10.283 23.287 9.786
88 4 1 24.363 10.283 23.343 9.786
89 4 1 24.402 10.283 23.383 9.786
90 4 1 24.458 10.283 23.439 9.786
91 4 1 24.482 10.283 23.463 9.786
92 4 1 24.522 10.283 23.503 9.786
93 4 1 24.562 10.267 23.543 9.770
94 4 1 24.602 10.267 23.582 9.770
95 4 1 24.626 10.282 23.606 9.785
96 4 1 24.634 10.306 23.654 9.809
98 4 1 24.626 10.314 23.694 9.801
99 4 1 24.642 10.306 23.670 9.809
100 4 1 24.681 10.306 23.710 9.809
101 4 1 24.721 10.290 23.750 9.793
102 4 1 24.761 10.306 23.790 9.809
103 4 1 24.817 10.290 23.846 9.793
104 4 1 24.857 10.305 23.885 9.808
105 4 1 25.168 10.273 23.941 9.824
106 4 1 25.040 10.289 24.061 9.800
107 4 1 25.088 10.297 24.109 9.808
108 4 1 25.120 10.289 24.141 9.800
109 4 1 25.168 10.296 24.188 9.807
110 4 1 25.200 10.288 24.220 9.799
111 4 1 25.239 10.296 24.260 9.807
113 4 1 25.231 10.288 24.252 9.799
114 4 1 25.271 10.280 24.292 9.791
115 4 1 25.311 10.272 24.332 9.783
116 4 1 25.359 10.296 24.380 9.807
117 4 1 25.391 10.288 24.412 9.799
118 4 1 25.423 10.296 24.443 9.806
119 4 1 25.470 10.287 24.491 9.798
120 4 1 25.518 10.295 24.539 9.806
121 4 1 25.550 10.303 24.571 9.814
122 4 1 25.598 10.311 24.619 9.822
123 4 1 25.646 10.303 24.667 9.814
124 4 1 25.694 10.295 24.715 9.806
125 4 1 25.757 10.287 24.778 9.797
126 4 1 25.805 10.294 24.826 9.805
127 4 1 25.853 10.286 24.874 9.797
128 4 1 25.885 10.278 24.906 9.789
129 4 1 25.917 10.270 24.938 9.781
130 4 1 25.964 10.278 24.986 9.789
131 4 1 26.012 10.270 25.033 9.781
132 4 1 26.060 10.278 25.081 9.789
133 4 1 26.156 10.285 25.256 9.796
134 4 1 26.187 10.277 25.217 9.788
135 4 1 26.235 10.285 25.264 9.796
136 4 1 26.283 10.293 25.312 9.804
137 4 1 26.323 10.285 25.352 9.796
138 4 1 26.363 10.292 25.392 9.803
139 4 1 26.402 10.300 25.432 9.811
140 4 1 26.458 10.308 25.487 9.819
141 4 1 26.498 10.300 25.527 9.811
142 4 1 26.554 10.324 25.583 9.835
143 4 1 26.594 10.331 25.623 9.842
144 4 1 26.649 10.339 25.679 9.850
145 4 1 26.689 10.347 25.718 9.858
146 4 1 26.729 10.355 25.758 9.866
147 4 1 26.753 10.363 25.782 9.874
148 4 1 26.793 10.370 25.822 9.881
149 4 1 26.832 10.362 25.862 9.873
150 4 1 26.872 10.370 25.902 9.881
151 4 1 26.896 10.362 25.925 9.873
152 4 1 26.952 10.370 25.981 9.881
153 4 1 26.976 10.378 26.005 9.889
154 4 1 27.015 10.401 26.045 9.912
155 4 1 27.039 10.393 26.069 9.904
156 4 1 27.079 10.417 26.109 9.928
157 4 1 27.119 10.409 26.148 9.920
158 4 1 27.175 10.433 26.204 9.944
159 4 1 27.214 10.425 26.244 9.936
160 4 1 27.270 10.432 26.300 9.943
161 4 1 27.310 10.424 26.340 9.935
162 4 1 27.366 10.432 26.395 9.943
163 4 1 27.405 10.424 26.435 9.935
164 4 1 27.461 10.416 26.491 9.927
165 4 1 27.485 10.408 26.515 9.919
166 4 1 27.525 10.400 26.555 9.911
167 4 1 27.549 10.392 26.578 9.903
168 4 1 27.604 10.399 26.634 9.911
169 4 1 27.644 10.391 26.674 9.903
170 4 1 27.700 10.399 26.730 9.910
171 4 1 27.740 10.407 26.770 9.918
172 4 1 27.779 10.415 26.809 9.926
173 4 1 27.819 10.407 26.849 9.918
174 4 1 27.859 10.414 26.889 9.926
175 4 1 27.899 10.406 26.929 9.918
176 4 1 27.955 10.414 26.984 9.925
177 4 1 27.978 10.406 27.008 9.917
178 4 1 28.034 10.414 27.064 9.925
179 4 1 28.074 10.422 27.104 9.933
180 4 1 28.130 10.429 27.160 9.941
181 4 1 28.153 10.421 27.183 9.933
182 4 1 28.209 10.429 27.239 9.940
183 4 1 28.233 10.421 27.263 9.932
184 4 1 28.289 10.429 27.319 9.940
185 4 1 28.313 10.421 27.343 9.932
186 4 1 28.336 10.429 27.367 9.940
187 4 1 28.376 10.421 27.406 9.932
188 4 1 28.416 10.413 27.446 9.924
189 4 1 28.440 10.405 27.470 9.916
190 4 1 28.464 10.412 27.494 9.924
191 4 1 28.488 10.420 27.518 9.932
192 4 1 28.527 10.428 27.558 9.939
193 4 1 28.551 10.436 27.581 9.947
194 4 1 28.591 10.444 27.621 9.955
195 4 1 28.615 10.436 27.645 9.947
196 4 1 28.671 10.428 27.701 9.939
197 4 1 28.694 10.420 27.725 9.931
198 4 1 28.750 10.411 27.780 9.923
199 4 1 28.774 10.403 27.804 9.915
200 4 1 28.830 10.395 27.860 9.907
201 4 1 28.869 10.371 27.900 9.883
202 4 1 28.925 10.363 27.956 9.875
203 4 1 28.949 10.339 27.979 9.851
204 4 1 28.973 10.331 28.003 9.843
205 4 1 28.997 10.323 28.027 9.835
206 4 1 29.052 10.315 28.083 9.827
207 4 1 29.092 10.307 28.123 9.818
208 4 1 29.148 10.299 28.178 9.810
209 4 1 29.172 10.275 28.202 9.787
210 4 1 29.267 10.307 28.234 9.818
211 4 1 29.235 10.299 28.266 9.810
212 4 1 29.275 10.291 28.306 9.802
213 4 1 29.315 10.283 28.345 9.794
214 4 1 29.371 10.259 28.401 9.770
215 4 1 29.410 10.251 28.441 9.762
216 4 1 29.466 10.242 28.497 9.754
217 4 1 29.506 10.234 28.536 9.746
218 4 1 29.562 10.210 28.592 9.722
219 4 1 29.601 10.202 28.632 9.714
220 4 1 29.657 10.194 28.688 9.706
221 4 1 29.697 10.186 28.727 9.698
222 4 1 29.752 10.162 28.783 9.674
223 4 1 29.792 10.154 28.823 9.666
224 4 1 29.705 10.194 28.815 9.626
225 4 1 29.744 10.154 28.783 9.666
226 4 1 29.792 10.130 28.831 9.642
227 4 1 29.824 10.122 28.863 9.634
228 4 1 29.856 10.114 28.895 9.626
229 4 1 29.872 10.122 28.910 9.634
230 4 1 29.903 10.114 28.942 9.626
231 4 1 29.935 10.106 28.974 9.617
232 4 1 29.983 10.082 29.022 9.594
233 4 1 30.222 9.931 29.261 9.434
235 4 1 30.214 9.923 29.253 9.426
236 4 1 30.246 9.907 29.284 9.410
237 4 1 30.293 9.859 29.332 9.363
238 4 1 30.325 9.843 29.364 9.347
239 4 1 30.373 9.795 29.412 9.299
240 4 1 30.436 9.779 29.475 9.283
241 4 1 30.468 9.748 29.507 9.251
242 4 1 30.500 9.732 29.539 9.235
243 4 1 30.516 9.732 29.555 9.235
244 4 1 30.532 9.716 29.571 9.219
245 4 1 30.564 9.787 29.810 9.100
246 4 1 30.659 9.691 29.714 9.187
247 4 1 30.691 9.683 29.746 9.179
248 4 1 30.723 9.660 29.778 9.155
249 4 1 30.754 9.651 29.810 9.147
250 4 1 30.802 9.628 29.857 9.123
251 4 1 30.834 9.620 29.889 9.115
252 4 1 30.882 9.596 29.937 9.091
253 4 1 30.913 9.572 29.969 9.067
254 4 1 30.961 9.548 30.016 9.043
255 4 1 31.009 9.540 30.064 9.035
256 4 1 31.056 9.516 30.112 9.011
257 4 1 31.104 9.492 30.159 8.988
258 4 1 31.136 9.468 30.191 8.964
259 4 1 31.041 9.437 30.064 8.805
260 4 1 31.025 9.373 30.080 8.869
261 4 1 31.057 9.365 30.112 8.861
262 4 1 31.088 9.341 30.144 8.837
263 4 1 31.120 9.317 30.176 8.813
264 4 1 31.152 9.294 30.207 8.789
265 4 1 31.168 9.301 30.223 8.797
266 4 1 31.200 9.293 30.255 8.789
267 4 1 31.231 9.285 30.287 8.781
268 4 1 31.279 9.262 30.334 8.757
269 4 1 31.311 9.253 30.366 8.749
270 4 1 31.343 9.245 30.398 8.741
271 4 1 31.374 9.237 30.430 8.733
272 4 1 31.406 9.214 30.462 8.709
273 4 1 31.438 9.206 30.493 8.701
274 4 1 31.470 9.182 30.525 8.677
275 4 1 31.517 9.158 30.573 8.653
276 4 1 31.565 9.118 30.621 8.614
277 4 1 31.613 9.094 30.668 8.590
278 4 1 31.660 9.054 30.716 8.550
279 4 1 31.708 9.030 30.764 8.526
280 4 1 31.740 9.007 30.796 8.502
281 4 1 31.986 9.045 31.050 8.533
283 4 1 31.978 9.038 31.042 8.525
284 4 1 32.002 9.022 31.066 8.509
285 4 1 32.041 9.021 31.105 8.509
286 4 1 32.065 9.021 31.129 8.509
287 4 1 32.105 9.005 31.169 8.493
288 4 1 32.129 8.990 31.193 8.477
289 4 1 32.184 8.989 31.248 8.477
290 4 1 32.208 8.973 31.272 8.461
291 4 1 32.264 8.957 31.328 8.445
292 4 1 32.303 8.957 31.367 8.445
293 4 1 32.359 8.957 31.423 8.445
294 4 1 32.415 8.957 31.479 8.445
295 4 1 32.470 8.957 31.534 8.445
296 4 1 32.510 8.941 31.574 8.429
297 4 1 32.550 8.925 31.613 8.413
298 4 1 32.589 8.925 31.653 8.413
299 4 1 32.629 8.925 31.693 8.413
300 4 1 32.653 8.925 31.717 8.412
301 4 1 32.692 8.909 31.756 8.397
302 4 1 32.732 8.909 31.796 8.396
303 4 1 32.772 8.908 31.836 8.396
304 4 1 32.796 8.908 31.860 8.396
305 4 1 32.835 8.908 31.899 8.396
306 4 1 32.875 8.908 31.939 8.396
307 4 1 32.930 8.908 31.995 8.396
308 4 1 32.970 8.908 32.034 8.396
309 4 1 33.026 8.908 32.090 8.396
310 4 1 33.065 8.908 32.129 8.395
311 4 1 33.121 8.907 32.185 8.395
312 4 1 33.176 8.907 32.241 8.395
313 4 1 33.232 8.907 32.296 8.395
314 4 1 33.271 8.907 32.336 8.395
315 4 1 33.327 8.907 32.391 8.395
316 4 1 33.351 8.907 32.415 8.395
317 4 1 33.406 8.907 32.471 8.395
318 4 1 33.446 8.906 32.510 8.394
319 4 1 33.486 8.906 32.550 8.394
320 4 1 33.525 8.922 32.590 8.410
321 4 1 33.581 8.938 32.645 8.426
322 4 1 33.605 8.938 32.669 8.426
323 4 1 33.660 8.953 32.725 8.441
324 4 1 33.684 8.985 32.748 8.473
325 4 1 33.739 9.001 32.804 8.489
326 4 1 33.779 9.016 32.843 8.504
327 4 1 33.834 9.048 32.899 8.536
328 4 1 33.874 9.064 32.939 8.552
329 4 1 33.930 9.079 32.994 8.567
330 4 1 33.985 9.111 33.050 8.599
331 4 1 34.025 9.126 33.089 8.614
332 4 1 34.080 9.142 33.145 8.630
333 4 1 34.120 9.174 33.184 8.662
334 4 1 34.159 9.189 33.224 8.677
335 4 1 34.215 9.205 33.280 8.693
336 4 1 34.239 9.221 33.303 8.709
337 4 1 34.278 9.236 33.343 8.725
338 4 1 34.318 9.268 33.383 8.756
339 4 1 34.358 9.284 33.422 8.772
340 4 1 34.397 9.284 33.462 8.772
341 4 1 34.453 9.283 33.517 8.772
342 4 1 34.492 9.299 33.557 8.787
343 4 1 34.548 9.331 33.613 8.819
344 4 1 34.587 9.346 33.652 8.835
345 4 1 34.643 9.346 33.708 8.834
346 4 1 34.698 9.346 33.763 8.834
347 4 1 34.754 9.362 33.819 8.850
348 4 1 34.794 9.393 33.858 8.881
349 4 1 34.849 9.409 33.914 8.897
350 4 1 34.889 9.409 33.954 8.897
351 4 1 34.928 9.409 33.993 8.897
352 4 1 34.968 9.424 34.033 8.913
353 4 1 35.023 9.456 34.088 8.944
354 4 1 35.063 9.472 34.128 8.960
355 4 1 35.103 9.471 34.168 8.960
356 4 1 35.142 9.487 34.207 8.975
357 4 1 35.198 9.503 34.263 8.991
358 4 1 35.237 9.519 34.302 9.007
359 4 1 35.277 9.550 34.342 9.038
360 4 1 35.317 9.566 34.382 9.054
361 4 1 35.372 9.566 34.437 9.054
362 4 1 35.427 9.581 34.493 9.070
363 4 1 35.483 9.613 34.548 9.101
364 4 1 35.523 9.644 34.588 9.133
365 4 1 35.578 9.660 34.643 9.148
366 4 1 35.618 9.676 34.683 9.164
367 4 1 35.673 9.691 34.738 9.180
368 4 1 35.697 9.707 34.762 9.195
369 4 1 35.752 9.739 34.817 9.227
370 4 1 35.776 9.754 34.841 9.243
371 4 1 35.831 9.754 34.897 9.243
372 4 1 35.855 9.770 34.920 9.258
373 4 1 35.895 9.801 34.960 9.290
374 4 1 35.919 9.817 34.984 9.306
375 4 1 35.974 9.817 35.039 9.305
376 4 1 35.998 9.817 35.063 9.305
377 4 1 36.053 9.833 35.119 9.321
378 4 1 36.093 9.848 35.158 9.337
379 4 1 36.132 9.848 35.198 9.337
380 4 1 36.172 9.864 35.237 9.352
381 4 1 36.227 9.880 35.293 9.368
382 4 1 36.267 9.879 35.332 9.368
383 4 1 36.307 9.895 35.372 9.384
384 4 1 36.346 9.911 35.412 9.399
385 4 1 36.386 9.927 35.451 9.415
386 4 1 36.425 9.942 35.491 9.431
387 4 1 36.465 9.942 35.531 9.431
388 4 1 36.489 9.958 35.554 9.446
389 4 1 36.544 9.973 35.610 9.462
390 4 1 36.568 9.973 35.633 9.462
391 4 1 36.623 9.989 35.689 9.478
392 4 1 36.647 10.005 35.713 9.493
393 4 1 36.703 10.020 35.768 9.509
394 4 1 36.726 10.036 35.792 9.525
395 4 1 36.782 10.052 35.847 9.540
396 4 1 36.821 10.068 35.887 9.556
397 4 1 36.877 10.083 35.942 9.572
398 4 1 36.916 10.115 35.982 9.603
399 4 1 36.972 10.130 36.037 9.619
400 4 1 37.011 10.130 36.077 9.619
401 4 1 37.067 10.146 36.133 9.634
402 4 1 37.106 10.162 36.172 9.650
403 4 1 37.146 10.177 36.212 9.666
404 4 1 37.186 10.193 36.251 9.682
405 4 1 37.225 10.193 36.291 9.681
406 4 1 37.249 10.209 36.315 9.697
407 4 1 37.289 10.224 36.354 9.713
408 4 1 37.328 10.224 36.394 9.713
409 4 1 37.368 10.240 36.433 9.728
410 4 1 37.391 10.256 36.457 9.744
411 4 1 37.447 10.255 36.513 9.744
412 4 1 37.471 10.271 36.536 9.760
413 4 1 37.526 10.287 36.592 9.775
414 4 1 37.566 10.271 36.631 9.759
415 4 1 37.621 10.286 36.687 9.775
416 4 1 37.661 10.286 36.726 9.775
417 4 1 37.716 10.286 36.782 9.775
418 4 1 37.756 10.286 36.821 9.775
419 4 1 37.811 10.302 36.877 9.790
420 4 1 37.851 10.317 36.916 9.806
421 4 1 37.906 10.317 36.972 9.806
422 4 1 37.945 10.317 37.011 9.806
423 4 1 37.985 10.317 37.051 9.806
424 4 1 38.025 10.317 37.091 9.806
425 4 1 38.080 10.317 37.146 9.805
426 4 1 38.104 10.317 37.170 9.805
427 4 1 38.159 10.332 37.225 9.821
428 4 1 38.183 10.348 37.249 9.837
429 4 1 38.238 10.348 37.304 9.836
430 4 1 38.278 10.348 37.344 9.836
431 4 1 38.317 10.363 37.384 9.852
432 4 1 38.357 10.379 37.423 9.868
433 4 1 38.412 10.379 37.479 9.868
434 4 1 38.452 10.394 37.518 9.883
435 4 1 38.507 10.410 37.573 9.899
436 4 1 38.531 10.410 37.597 9.899
437 4 1 38.586 10.426 37.653 9.914
438 4 1 38.626 10.441 37.692 9.930
439 4 1 38.666 10.441 37.732 9.930
440 4 1 38.689 10.457 37.756 9.946
441 4 1 38.729 10.473 37.795 9.961
442 4 1 38.768 10.473 37.835 9.961
443 4 1 38.792 10.472 37.858 9.961
444 4 1 38.816 10.488 37.882 9.977
445 4 1 38.855 10.504 37.922 9.993
446 4 1 38.879 10.504 37.945 9.993
447 4 1 38.919 10.504 37.985 9.993
448 4 1 38.942 10.504 38.009 9.992
449 4 1 38.982 10.503 38.048 9.992
450 4 1 39.021 10.503 38.088 9.992
451 4 1 39.061 10.503 38.127 9.992
452 4 1 39.101 10.503 38.167 9.992
454 4 1 39.180 10.503 38.246 9.992
455 4 1 39.219 10.503 38.286 9.992
456 4 1 39.243 10.503 38.309 9.991
457 4 1 39.282 10.502 38.349 9.991
458 4 1 39.306 10.502 38.373 9.991
459 4 1 39.346 10.502 38.412 9.991
460 4 1 39.354 10.518 38.420 10.007
461 4 1 39.393 10.534 38.460 10.023
453 4 1 39.140 10.503 38.207 9.992
0 5 2 31.952 3.221 31.320 1.451
1 5 2 31.968 3.268 31.312 1.412
2 5 2 31.952 3.316 31.296 1.459
3 5 2 31.952 3.395 31.296 1.538
4 5 2 31.936 3.442 31.280 1.586
5 5 2 31.920 3.521 31.264 1.665
6 5 2 31.904 3.569 31.248 1.712
7 5 2 32.023 3.751 31.256 1.878
8 5 2 32.007 3.743 31.264 1.878
9 5 2 31.999 3.798 31.256 1.933
10 5 2 31.975 3.853 31.232 1.989
11 5 2 31.983 3.909 31.240 2.044
12 5 2 31.975 3.964 31.232 2.099
13 5 2 31.967 4.004 31.224 2.139
14 5 2 31.959 4.241 31.232 2.234
15 5 2 31.959 4.193 31.224 2.273
16 5 2 31.959 4.241 31.224 2.321
17 5 2 31.943 4.304 31.208 2.384
18 5 2 31.943 4.367 31.208 2.447
19 5 2 31.927 4.431 31.192 2.510
20 5 2 31.911 4.510 31.176 2.590
21 5 2 31.879 4.731 31.073 2.756
22 5 2 31.848 4.708 31.096 2.771
23 5 2 31.832 4.771 31.080 2.835
24 5 2 31.816 4.850 31.064 2.914
25 5 2 31.816 4.929 31.064 2.993
26 5 2 31.800 5.008 31.048 3.072
27 5 2 31.768 5.088 31.017 3.151
28 5 2 31.744 5.127 31.080 3.277
29 5 2 31.776 5.159 31.048 3.246
30 5 2 31.768 5.230 31.040 3.317
31 5 2 31.744 5.317 31.016 3.404
32 5 2 31.720 5.404 30.992 3.491
33 5 2 31.696 5.491 30.968 3.578
34 5 2 31.688 5.562 30.960 3.649
35 5 2 31.648 5.618 30.960 3.871
36 5 2 31.664 5.681 30.944 3.800
37 5 2 31.648 5.752 30.928 3.871
38 5 2 31.632 5.840 30.912 3.958
39 5 2 31.616 5.911 30.896 4.029
40 5 2 31.600 6.014 30.880 4.132
41 5 2 31.584 6.085 30.864 4.203
42 5 2 31.497 6.299 30.697 4.465
43 5 2 31.465 6.315 30.737 4.441
44 5 2 31.457 6.394 30.729 4.520
45 5 2 31.449 6.473 30.721 4.599
46 5 2 31.425 6.584 30.697 4.710
47 5 2 31.417 6.663 30.689 4.789
48 5 2 31.393 6.774 30.665 4.900
49 5 2 31.361 6.948 30.673 4.995
50 5 2 31.377 6.909 30.657 5.026
51 5 2 31.361 6.996 30.641 5.113
52 5 2 31.345 7.099 30.625 5.216
53 5 2 31.329 7.202 30.609 5.319
54 5 2 31.313 7.289 30.593 5.406
55 5 2 31.297 7.392 30.577 5.509
56 5 2 31.289 7.550 30.577 5.683
57 5 2 31.289 7.550 30.577 5.676
58 5 2 31.281 7.645 30.569 5.771
59 5 2 31.257 7.740 30.545 5.866
60 5 2 31.233 7.851 30.521 5.976
61 5 2 31.209 7.931 30.497 6.056
62 5 2 31.201 8.042 30.489 6.167
63 5 2 31.082 8.177 30.441 6.278
64 5 2 31.114 8.161 30.409 6.285
65 5 2 31.098 8.256 30.393 6.381
66 5 2 31.082 8.367 30.377 6.491
67 5 2 31.081 8.462 30.377 6.586
68 5 2 31.065 8.573 30.361 6.697
69 5 2 31.049 8.684 30.345 6.808
70 5 2 31.049 8.945 30.392 7.125
71 5 2 31.065 8.961 30.369 7.093
72 5 2 31.057 9.064 30.360 7.196
73 5 2 31.033 9.167 30.336 7.299
74 5 2 31.009 9.286 30.312 7.418
75 5 2 31.001 9.389 30.304 7.521
76 5 2 30.977 9.508 30.280 7.640
77 5 2 30.850 9.778 30.153 7.973
78 5 2 30.850 9.794 30.153 7.934
79 5 2 30.841 9.889 30.145 8.029
80 5 2 30.817 10.000 30.121 8.140
81 5 2 30.809 10.127 30.113 8.266
82 5 2 30.785 10.254 30.089 8.393
83 5 2 30.777 10.365 30.081 8.504
84 5 2 30.761 10.492 30.096 8.615
85 5 2 30.769 10.484 30.080 8.623
86 5 2 30.753 10.595 30.064 8.734
87 5 2 30.737 10.722 30.048 8.861
88 5 2 30.721 10.849 30.032 8.988
89 5 2 30.705 10.960 30.016 9.099
90 5 2 30.689 11.087 30.000 9.226
91 5 2 30.728 11.293 30.071 9.440
92 5 2 30.736 11.293 30.055 9.440
93 5 2 30.728 11.412 30.047 9.559
94 5 2 30.720 11.531 30.039 9.678
95 5 2 30.696 11.650 30.015 9.797
96 5 2 30.688 11.769 30.007 9.916
97 5 2 30.664 11.872 29.983 10.019
98 5 2 30.624 12.007 29.935 10.209
99 5 2 30.616 12.031 29.935 10.185
100 5 2 30.608 12.142 29.927 10.296
101 5 2 30.584 12.269 29.903 10.423
102 5 2 30.576 12.380 29.895 10.534
103 5 2 30.552 12.507 29.871 10.661
104 5 2 30.544 12.619 29.863 10.772
105 5 2 30.536 12.746 29.855 10.899
106 5 2 30.544 12.873 29.862 11.026
107 5 2 30.520 12.984 29.838 11.137
108 5 2 30.527 13.111 29.846 11.264
109 5 2 30.503 13.238 29.822 11.391
110 5 2 30.511 13.365 29.830 11.518
111 5 2 30.487 13.492 29.806 11.645
112 5 2 30.407 13.842 29.877 11.923
113 5 2 30.479 13.802 29.813 11.955
114 5 2 30.471 13.913 29.805 12.066
115 5 2 30.463 14.056 29.797 12.209
116 5 2 30.470 14.167 29.805 12.320
117 5 2 30.462 14.310 29.797 12.463
118 5 2 30.470 14.421 29.805 12.574
119 5 2 30.382 14.604 29.772 12.796
120 5 2 30.406 14.612 29.749 12.773
121 5 2 30.406 14.731 29.748 12.892
122 5 2 30.406 14.834 29.748 12.995
123 5 2 30.406 14.969 29.748 13.130
124 5 2 30.405 15.088 29.748 13.249
125 5 2 30.405 15.223 29.748 13.384
126 5 2 30.389 15.470 29.747 13.670
127 5 2 30.389 15.478 29.739 13.646
128 5 2 30.397 15.589 29.747 13.757
129 5 2 30.389 15.700 29.739 13.868
130 5 2 30.396 15.843 29.747 14.011
131 5 2 30.388 15.970 29.739 14.138
132 5 2 30.396 16.097 29.746 14.265
133 5 2 30.340 16.280 29.762 14.480
134 5 2 30.372 16.288 29.730 14.464
135 5 2 30.372 16.407 29.730 14.583
136 5 2 30.372 16.527 29.730 14.702
137 5 2 30.372 16.662 29.730 14.837
138 5 2 30.355 16.781 29.714 14.957
139 5 2 30.355 16.916 29.713 15.092
140 5 2 30.315 17.290 29.681 15.322
141 5 2 30.315 17.211 29.681 15.386
142 5 2 30.307 17.330 29.673 15.505
143 5 2 30.283 17.449 29.649 15.624
144 5 2 30.291 17.584 29.657 15.759
145 5 2 30.267 17.704 29.633 15.879
146 5 2 30.259 17.839 29.624 16.014
147 5 2 30.274 18.252 29.584 16.189
148 5 2 30.242 18.133 29.608 16.300
149 5 2 30.234 18.245 29.600 16.411
0 6 2 33.831 2.973 33.246 1.323
1 6 2 33.847 3.021 33.238 1.292
2 6 2 33.847 3.029 33.238 1.299
3 6 2 33.847 3.021 33.238 1.292
4 6 2 33.847 3.044 33.238 1.315
5 6 2 33.847 3.052 33.238 1.323
6 6 2 33.862 3.060 33.254 1.331
7 6 2 33.862 3.068 33.254 1.339
8 6 2 33.862 3.076 33.254 1.347
9 6 2 33.862 3.084 33.254 1.355
10 6 2 33.862 3.108 33.254 1.378
11 6 2 33.862 3.100 33.254 1.371
12 6 2 33.878 3.123 33.270 1.394
13 6 2 33.878 3.131 33.270 1.402
14 6 2 33.878 3.155 33.270 1.426
15 6 2 33.878 3.163 33.270 1.434
16 6 2 33.878 3.187 33.270 1.457
17 6 2 33.878 3.210 33.270 1.481
18 6 2 33.878 3.234 33.270 1.505
19 6 2 33.878 3.242 33.270 1.513
20 6 2 33.894 3.266 33.285 1.536
21 6 2 33.949 3.313 33.269 1.615
22 6 2 33.934 3.313 33.285 1.607
23 6 2 33.941 3.337 33.293 1.631
24 6 2 33.949 3.376 33.301 1.671
25 6 2 33.941 3.400 33.293 1.694
26 6 2 33.949 3.439 33.301 1.734
27 6 2 33.941 3.463 33.293 1.757
28 6 2 33.973 3.637 33.238 1.694
29 6 2 33.941 3.558 33.261 1.773
30 6 2 33.949 3.597 33.269 1.813
31 6 2 33.941 3.637 33.261 1.852
32 6 2 33.949 3.676 33.269 1.892
33 6 2 33.957 3.716 33.277 1.931
34 6 2 33.965 3.755 33.285 1.971
35 6 2 33.997 3.826 33.261 1.987
36 6 2 33.973 3.803 33.285 2.010
37 6 2 33.973 3.850 33.285 2.058
38 6 2 33.989 3.898 33.301 2.105
39 6 2 33.973 3.929 33.285 2.137
40 6 2 33.989 3.977 33.301 2.184
41 6 2 33.989 4.040 33.301 2.247
42 6 2 34.036 4.182 33.348 2.263
43 6 2 34.028 4.127 33.340 2.318
44 6 2 34.028 4.174 33.340 2.366
45 6 2 34.044 4.206 33.356 2.397
46 6 2 34.044 4.237 33.356 2.429
47 6 2 34.060 4.285 33.372 2.476
48 6 2 34.060 4.348 33.372 2.539
49 6 2 34.123 4.514 33.419 2.603
50 6 2 34.115 4.466 33.427 2.642
51 6 2 34.115 4.514 33.427 2.689
52 6 2 34.131 4.561 33.443 2.737
53 6 2 34.147 4.625 33.459 2.800
54 6 2 34.131 4.688 33.443 2.863
55 6 2 34.147 4.735 33.459 2.911
56 6 2 34.146 4.830 33.443 2.958
57 6 2 34.139 4.806 33.451 2.982
58 6 2 34.139 4.870 33.451 3.045
59 6 2 34.154 4.933 33.466 3.108
60 6 2 34.154 4.996 33.466 3.171
61 6 2 34.154 5.059 33.466 3.235
62 6 2 34.170 5.123 33.482 3.298
63 6 2 34.273 5.201 33.466 3.614
64 6 2 34.217 5.296 33.522 3.495
65 6 2 34.225 5.352 33.529 3.551
66 6 2 34.217 5.423 33.521 3.622
67 6 2 34.241 5.494 33.545 3.693
68 6 2 34.233 5.565 33.537 3.764
69 6 2 34.241 5.636 33.545 3.835
70 6 2 34.257 5.747 33.561 3.930
71 6 2 34.249 5.739 33.553 3.938
72 6 2 34.257 5.810 33.561 4.009
73 6 2 34.249 5.866 33.553 4.064
74 6 2 34.257 5.937 33.561 4.135
75 6 2 34.249 6.008 33.553 4.207
76 6 2 34.257 6.079 33.561 4.278
77 6 2 34.241 6.380 33.568 4.436
78 6 2 34.249 6.309 33.560 4.499
79 6 2 34.248 6.388 33.560 4.578
80 6 2 34.248 6.451 33.560 4.641
81 6 2 34.248 6.530 33.560 4.720
82 6 2 34.248 6.609 33.560 4.799
83 6 2 34.264 6.688 33.576 4.879
84 6 2 34.312 6.854 33.568 4.981
85 6 2 34.280 6.823 33.592 5.013
86 6 2 34.280 6.902 33.592 5.092
87 6 2 34.296 6.981 33.607 5.171
88 6 2 34.296 7.060 33.607 5.250
89 6 2 34.296 7.139 33.607 5.329
90 6 2 34.295 7.218 33.607 5.408
91 6 2 34.287 7.368 33.568 5.480
92 6 2 34.272 7.329 33.583 5.519
93 6 2 34.272 7.408 33.583 5.598
94 6 2 34.287 7.471 33.599 5.661
95 6 2 34.303 7.550 33.615 5.740
96 6 2 34.303 7.630 33.615 5.820
97 6 2 34.303 7.709 33.615 5.899
98 6 2 34.351 7.938 33.615 6.104
99 6 2 34.327 7.922 33.638 6.112
100 6 2 34.327 8.001 33.638 6.191
101 6 2 34.343 8.065 33.654 6.254
102 6 2 34.342 8.144 33.654 6.334
103 6 2 34.342 8.239 33.654 6.429
104 6 2 34.358 8.318 33.670 6.508
105 6 2 34.287 8.421 33.662 6.587
106 6 2 34.311 8.405 33.630 6.595
107 6 2 34.318 8.484 33.638 6.674
108 6 2 34.326 8.579 33.646 6.769
109 6 2 34.334 8.658 33.654 6.848
110 6 2 34.342 8.738 33.662 6.927
111 6 2 34.350 8.817 33.669 7.006
112 6 2 34.310 8.975 33.661 7.141
113 6 2 34.326 8.959 33.653 7.149
114 6 2 34.342 9.038 33.669 7.228
115 6 2 34.326 9.118 33.653 7.307
116 6 2 34.342 9.213 33.669 7.402
117 6 2 34.342 9.292 33.669 7.481
118 6 2 34.342 9.387 33.669 7.576
119 6 2 34.381 9.632 33.708 7.892
120 6 2 34.373 9.656 33.701 7.853
121 6 2 34.373 9.743 33.700 7.940
122 6 2 34.389 9.830 33.716 8.027
123 6 2 34.405 9.917 33.732 8.114
124 6 2 34.389 10.004 33.716 8.201
125 6 2 34.405 10.091 33.732 8.288
126 6 2 34.508 10.162 33.811 8.462
127 6 2 34.492 10.210 33.819 8.414
128 6 2 34.492 10.289 33.819 8.494
129 6 2 34.508 10.368 33.835 8.573
130 6 2 34.508 10.463 33.835 8.668
131 6 2 34.508 10.558 33.835 8.763
132 6 2 34.523 10.653 33.850 8.858
133 6 2 34.507 10.796 33.763 9.056
134 6 2 34.468 10.820 33.795 9.032
135 6 2 34.468 10.907 33.795 9.119
136 6 2 34.468 11.010 33.795 9.222
137 6 2 34.483 11.097 33.811 9.309
138 6 2 34.499 11.184 33.826 9.396
139 6 2 34.499 11.271 33.826 9.483
140 6 2 34.523 11.406 33.794 9.626
141 6 2 34.491 11.406 33.818 9.626
142 6 2 34.491 11.501 33.818 9.721
143 6 2 34.507 11.596 33.834 9.816
144 6 2 34.507 11.675 33.834 9.895
145 6 2 34.507 11.786 33.834 10.006
146 6 2 34.507 11.866 33.834 10.085
147 6 2 34.562 12.016 33.961 10.275
148 6 2 34.586 12.032 33.921 10.259
149 6 2 34.594 12.119 33.929 10.346
150 6 2 34.602 12.222 33.937 10.449
151 6 2 34.594 12.309 33.929 10.537
152 6 2 34.602 12.412 33.936 10.639
153 6 2 34.594 12.499 33.928 10.727
154 6 2 34.514 12.611 33.928 10.941
155 6 2 34.546 12.650 33.889 10.885
156 6 2 34.546 12.745 33.889 10.980
157 6 2 34.546 12.840 33.889 11.075
158 6 2 34.546 12.920 33.889 11.155
159 6 2 34.546 13.031 33.888 11.266
160 6 2 34.546 13.110 33.888 11.345
161 6 2 34.601 13.268 33.960 11.424
162 6 2 34.601 13.229 33.952 11.464
163 6 2 34.609 13.324 33.960 11.559
164 6 2 34.601 13.419 33.952 11.654
165 6 2 34.609 13.514 33.960 11.749
166 6 2 34.601 13.609 33.952 11.844
167 6 2 34.609 13.704 33.959 11.939
168 6 2 34.648 13.871 33.880 12.098
169 6 2 34.585 13.863 33.935 12.098
170 6 2 34.593 13.958 33.943 12.193
171 6 2 34.585 14.054 33.935 12.288
172 6 2 34.593 14.149 33.943 12.383
173 6 2 34.585 14.244 33.935 12.478
174 6 2 34.593 14.339 33.943 12.573
175 6 2 34.489 14.506 33.983 12.779
176 6 2 34.553 14.522 33.911 12.764
177 6 2 34.553 14.609 33.911 12.851
178 6 2 34.553 14.696 33.911 12.938
179 6 2 34.553 14.799 33.911 13.041
180 6 2 34.553 14.887 33.911 13.128
181 6 2 34.553 14.990 33.911 13.232
182 6 2 34.552 15.188 33.966 13.438
183 6 2 34.576 15.188 33.942 13.438
184 6 2 34.584 15.267 33.950 13.517
185 6 2 34.576 15.363 33.942 13.612
186 6 2 34.584 15.474 33.950 13.723
187 6 2 34.576 15.569 33.942 13.818
188 6 2 34.584 15.664 33.950 13.914
189 6 2 34.489 15.839 33.934 14.104
190 6 2 34.528 15.839 33.902 14.096
191 6 2 34.528 15.926 33.902 14.183
192 6 2 34.528 16.029 33.902 14.287
193 6 2 34.528 16.117 33.902 14.374
194 6 2 34.528 16.220 33.902 14.477
195 6 2 34.544 16.307 33.918 14.564
196 6 2 34.631 16.585 33.950 14.667
197 6 2 34.599 16.497 33.973 14.754
198 6 2 34.599 16.585 33.973 14.842
199 6 2 34.599 16.672 33.973 14.929
200 6 2 34.615 16.775 33.989 15.032
201 6 2 34.615 16.863 33.989 15.119
202 6 2 34.615 16.966 33.989 15.222
203 6 2 34.662 17.116 33.949 15.445
204 6 2 34.615 17.140 33.989 15.405
205 6 2 34.631 17.236 34.005 15.500
206 6 2 34.646 17.331 34.020 15.595
207 6 2 34.646 17.426 34.020 15.691
208 6 2 34.662 17.521 34.036 15.786
209 6 2 34.694 17.616 34.068 15.881
210 6 2 34.781 17.807 34.044 16.095
211 6 2 34.726 17.807 34.099 16.079
212 6 2 34.741 17.894 34.115 16.166
213 6 2 34.741 17.982 34.115 16.254
214 6 2 34.757 18.085 34.131 16.357
215 6 2 34.789 18.172 34.163 16.444
216 6 2 34.821 18.275 34.194 16.547
0 7 2 35.446 3.769 34.552 2.230
1 7 2 35.469 3.808 34.536 2.198
2 7 2 35.477 3.832 34.544 2.222
3 7 2 35.501 3.872 34.568 2.262
4 7 2 35.509 3.911 34.576 2.301
5 7 2 35.517 3.935 34.584 2.325
6 7 2 35.525 3.990 34.591 2.380
7 7 2 35.548 4.029 34.615 2.419
8 7 2 35.556 4.085 34.623 2.475
9 7 2 35.564 4.124 34.631 2.514
10 7 2 35.572 4.195 34.639 2.585
11 7 2 35.596 4.235 34.663 2.625
12 7 2 35.604 4.306 34.670 2.696
13 7 2 35.612 4.361 34.678 2.751
14 7 2 35.588 4.590 34.670 2.791
15 7 2 35.588 4.559 34.670 2.814
16 7 2 35.596 4.622 34.678 2.877
17 7 2 35.619 4.685 34.702 2.941
18 7 2 35.627 4.764 34.710 3.020
19 7 2 35.651 4.827 34.734 3.083
20 7 2 35.643 4.906 34.726 3.162
21 7 2 35.619 5.080 34.710 3.106
22 7 2 35.619 5.009 34.710 3.178
23 7 2 35.619 5.080 34.710 3.249
24 7 2 35.619 5.136 34.710 3.304
25 7 2 35.635 5.222 34.725 3.391
26 7 2 35.651 5.294 34.741 3.462
27 7 2 35.635 5.396 34.725 3.565
28 7 2 35.643 5.610 34.868 3.786
29 7 2 35.690 5.602 34.820 3.778
30 7 2 35.682 5.681 34.812 3.857
31 7 2 35.690 5.744 34.820 3.920
32 7 2 35.682 5.839 34.812 4.015
33 7 2 35.690 5.949 34.820 4.125
34 7 2 35.682 6.060 34.812 4.236
35 7 2 35.571 6.219 34.820 4.291
36 7 2 35.619 6.171 34.772 4.331
37 7 2 35.619 6.266 34.772 4.426
38 7 2 35.603 6.377 34.757 4.536
39 7 2 35.603 6.471 34.756 4.631
40 7 2 35.587 6.566 34.741 4.726
41 7 2 35.571 6.661 34.725 4.821
42 7 2 35.532 6.796 34.685 5.066
43 7 2 35.532 6.835 34.685 5.019
44 7 2 35.516 6.938 34.669 5.122
45 7 2 35.500 7.041 34.653 5.224
46 7 2 35.500 7.160 34.653 5.343
47 7 2 35.484 7.278 34.637 5.462
48 7 2 35.484 7.397 34.637 5.580
49 7 2 35.571 7.563 34.645 5.817
50 7 2 35.531 7.587 34.677 5.786
51 7 2 35.523 7.690 34.669 5.888
52 7 2 35.499 7.808 34.645 6.007
53 7 2 35.491 7.959 34.637 6.157
54 7 2 35.484 8.062 34.629 6.260
55 7 2 35.476 8.196 34.621 6.395
56 7 2 35.444 8.402 34.541 6.624
57 7 2 35.420 8.402 34.565 6.608
58 7 2 35.428 8.513 34.573 6.719
59 7 2 35.420 8.624 34.565 6.830
60 7 2 35.428 8.750 34.573 6.956
61 7 2 35.436 8.861 34.581 7.067
62 7 2 35.444 8.972 34.589 7.178
63 7 2 35.523 9.177 34.644 7.605
64 7 2 35.507 9.272 34.652 7.502
65 7 2 35.515 9.375 34.660 7.605
66 7 2 35.538 9.510 34.683 7.739
67 7 2 35.546 9.660 34.691 7.890
68 7 2 35.570 9.810 34.715 8.040
69 7 2 35.578 9.929 34.723 8.159
70 7 2 35.602 10.064 34.747 8.293
71 7 2 35.609 10.198 34.754 8.428
72 7 2 35.633 10.364 34.778 8.594
73 7 2 35.641 10.499 34.786 8.728
74 7 2 35.665 10.634 34.810 8.863
75 7 2 35.688 10.768 34.833 8.997
76 7 2 35.712 10.918 34.857 9.148
77 7 2 35.736 11.188 34.896 9.607
78 7 2 35.736 11.267 34.889 9.520
79 7 2 35.768 11.394 34.920 9.646
80 7 2 35.783 11.536 34.936 9.789
81 7 2 35.815 11.678 34.968 9.931
82 7 2 35.847 11.805 34.999 10.058
83 7 2 35.878 11.948 35.031 10.200
84 7 2 35.965 12.240 35.118 10.572
85 7 2 35.957 12.264 35.110 10.525
86 7 2 35.989 12.383 35.142 10.643
87 7 2 36.021 12.533 35.173 10.794
88 7 2 36.052 12.668 35.205 10.928
89 7 2 36.068 12.818 35.221 11.079
90 7 2 36.100 12.953 35.252 11.213
91 7 2 36.203 13.222 35.252 11.372
92 7 2 36.147 13.167 35.300 11.427
93 7 2 36.179 13.301 35.332 11.561
94 7 2 36.195 13.436 35.347 11.696
95 7 2 36.227 13.571 35.379 11.831
96 7 2 36.242 13.721 35.395 11.981
97 7 2 36.274 13.856 35.426 12.116
98 7 2 36.377 14.117 35.410 12.409
99 7 2 36.314 14.125 35.466 12.393
100 7 2 36.329 14.252 35.482 12.520
101 7 2 36.377 14.379 35.529 12.646
102 7 2 36.393 14.521 35.545 12.789
103 7 2 36.424 14.680 35.577 12.947
104 7 2 36.440 14.822 35.592 13.090
105 7 2 36.551 15.187 35.592 13.328
106 7 2 36.496 15.116 35.648 13.375
107 7 2 36.511 15.250 35.664 13.510
108 7 2 36.543 15.401 35.695 13.660
109 7 2 36.559 15.536 35.711 13.795
110 7 2 36.575 15.686 35.727 13.945
111 7 2 36.591 15.821 35.743 14.080
112 7 2 36.670 16.201 35.782 14.231
113 7 2 36.646 16.082 35.798 14.334
114 7 2 36.662 16.209 35.814 14.460
115 7 2 36.662 16.368 35.814 14.619
116 7 2 36.678 16.511 35.830 14.762
117 7 2 36.709 16.653 35.861 14.904
118 7 2 36.725 16.780 35.877 15.031
119 7 2 36.820 17.105 35.822 15.301
120 7 2 36.741 17.074 35.893 15.325
121 7 2 36.757 17.201 35.909 15.451
122 7 2 36.757 17.343 35.909 15.594
123 7 2 36.757 17.470 35.909 15.721
124 7 2 36.773 17.613 35.925 15.864
125 7 2 36.788 17.756 35.940 16.007
126 7 2 36.828 18.089 35.988 16.284
127 7 2 36.828 18.057 35.988 16.308
128 7 2 36.836 18.184 35.996 16.435
129 7 2 36.844 18.288 36.004 16.538
0 8 1 20.847 11.488 19.819 10.688
1 8 1 20.879 11.511 19.803 10.672
2 8 1 20.903 11.519 19.827 10.680
3 8 1 20.927 11.511 19.851 10.672
4 8 1 20.951 11.519 19.875 10.680
5 8 1 20.975 11.527 19.899 10.688
6 8 1 20.999 11.535 19.923 10.696
7 8 1 21.023 11.527 19.947 10.688
8 8 1 21.047 11.535 19.971 10.696
9 8 1 21.087 11.527 20.011 10.687
10 8 1 21.111 11.519 20.035 10.679
11 8 1 21.151 11.511 20.075 10.671
12 8 1 21.175 11.518 20.099 10.679
13 8 1 21.199 11.510 20.123 10.671
14 8 1 21.223 11.502 20.147 10.663
15 8 1 21.263 11.494 20.187 10.655
16 8 1 21.287 11.502 20.211 10.663
17 8 1 21.327 11.494 20.251 10.655
18 8 1 21.367 11.486 20.291 10.647
19 8 1 21.407 11.478 20.331 10.639
20 8 1 21.431 11.486 20.355 10.646
21 8 1 21.591 11.398 20.450 10.750
22 8 1 21.575 11.429 20.466 10.710
23 8 1 21.607 11.429 20.498 10.710
24 8 1 21.638 11.429 20.530 10.710
25 8 1 21.686 11.429 20.578 10.709
26 8 1 21.718 11.429 20.610 10.709
27 8 1 21.750 11.429 20.642 10.709
28 8 1 21.598 11.453 20.642 10.693
29 8 1 21.654 11.437 20.594 10.709
30 8 1 21.686 11.445 20.626 10.717
31 8 1 21.734 11.437 20.674 10.709
32 8 1 21.750 11.445 20.690 10.717
33 8 1 21.814 11.437 20.754 10.709
34 8 1 21.862 11.460 20.802 10.732
35 8 1 21.894 11.452 20.834 10.724
36 8 1 21.926 11.476 20.866 10.748
37 8 1 21.974 11.468 20.914 10.740
38 8 1 22.038 11.491 20.978 10.764
39 8 1 22.085 11.499 21.025 10.771
40 8 1 22.101 11.507 21.041 10.779
41 8 1 22.165 11.515 21.105 10.787
42 8 1 22.197 11.523 21.137 10.795
43 8 1 22.245 11.514 21.185 10.787
44 8 1 22.261 11.522 21.201 10.795
45 8 1 22.309 11.514 21.249 10.787
46 8 1 22.341 11.522 21.281 10.794
47 8 1 22.373 11.530 21.313 10.802
48 8 1 22.421 11.522 21.361 10.794
49 8 1 22.692 11.529 21.561 10.698
50 8 1 22.652 11.481 21.585 10.738
51 8 1 22.692 11.473 21.625 10.730
52 8 1 22.732 11.481 21.664 10.737
53 8 1 22.788 11.473 21.720 10.729
54 8 1 22.828 11.480 21.760 10.737
55 8 1 22.868 11.472 21.800 10.729
56 8 1 22.908 11.480 21.840 10.737
57 8 1 22.964 11.456 21.896 10.713
58 8 1 23.004 11.464 21.936 10.721
59 8 1 23.059 11.456 21.992 10.712
60 8 1 23.099 11.448 22.032 10.704
61 8 1 23.139 11.440 22.072 10.696
62 8 1 23.179 11.447 22.112 10.704
63 8 1 23.131 11.463 22.239 10.688
64 8 1 23.195 11.447 22.168 10.704
65 8 1 23.227 11.455 22.199 10.712
66 8 1 23.275 11.463 22.247 10.719
67 8 1 23.307 11.455 22.279 10.711
68 8 1 23.355 11.463 22.327 10.719
69 8 1 23.402 11.470 22.375 10.727
70 8 1 23.434 11.478 22.407 10.735
71 8 1 23.482 11.470 22.455 10.727
72 8 1 23.530 11.478 22.503 10.734
73 8 1 23.578 11.470 22.551 10.726
74 8 1 23.626 11.493 22.598 10.750
75 8 1 23.674 11.485 22.646 10.742
76 8 1 23.722 11.493 22.694 10.750
77 8 1 23.769 11.501 22.742 10.758
78 8 1 23.801 11.509 22.774 10.765
79 8 1 23.849 11.501 22.822 10.757
80 8 1 23.881 11.508 22.854 10.765
81 8 1 23.929 11.500 22.902 10.757
82 8 1 23.961 11.508 22.934 10.765
83 8 1 23.993 11.516 22.966 10.773
84 8 1 23.953 11.580 23.093 10.740
85 8 1 24.025 11.532 23.021 10.780
86 8 1 24.064 11.532 23.061 10.780
87 8 1 24.104 11.531 23.101 10.780
88 8 1 24.144 11.515 23.141 10.764
89 8 1 24.184 11.499 23.181 10.748
90 8 1 24.224 11.515 23.221 10.764
91 8 1 24.264 11.499 23.261 10.748
92 8 1 24.320 11.499 23.317 10.748
93 8 1 24.360 11.499 23.357 10.747
94 8 1 24.415 11.499 23.412 10.747
95 8 1 24.455 11.498 23.452 10.747
96 8 1 24.511 11.498 23.508 10.747
97 8 1 24.551 11.482 23.548 10.731
98 8 1 24.679 11.426 23.556 10.723
99 8 1 24.623 11.442 23.612 10.699
100 8 1 24.671 11.434 23.660 10.691
101 8 1 24.719 11.442 23.708 10.699
102 8 1 24.766 11.434 23.756 10.690
103 8 1 24.798 11.442 23.787 10.698
104 8 1 24.846 11.433 23.835 10.690
105 8 1 24.878 11.441 23.867 10.698
106 8 1 24.926 11.433 23.915 10.690
107 8 1 24.974 11.441 23.963 10.698
108 8 1 25.006 11.449 23.995 10.706
109 8 1 25.053 11.456 24.043 10.713
110 8 1 25.101 11.448 24.090 10.705
111 8 1 25.149 11.456 24.138 10.713
112 8 1 25.197 11.464 24.186 10.721
113 8 1 25.245 11.472 24.234 10.729
114 8 1 25.292 11.464 24.282 10.720
115 8 1 25.340 11.487 24.330 10.744
116 8 1 25.372 11.479 24.361 10.736
117 8 1 25.420 11.487 24.409 10.744
118 8 1 25.468 11.479 24.457 10.736
119 8 1 25.500 11.487 24.489 10.744
120 8 1 25.547 11.478 24.537 10.735
121 8 1 25.579 11.486 24.569 10.743
122 8 1 25.627 11.478 24.617 10.735
123 8 1 25.659 11.486 24.648 10.743
124 8 1 25.691 11.478 24.680 10.735
125 8 1 25.739 11.470 24.728 10.727
126 8 1 25.771 11.462 24.760 10.719
127 8 1 25.818 11.470 24.808 10.727
128 8 1 25.850 11.461 24.840 10.718
129 8 1 25.898 11.453 24.888 10.710
130 8 1 25.946 11.445 24.936 10.702
131 8 1 25.994 11.453 24.983 10.710
132 8 1 26.026 11.445 25.015 10.702
133 8 1 26.073 11.437 25.063 10.694
134 8 1 26.121 11.429 25.111 10.686
135 8 1 26.169 11.436 25.159 10.694
136 8 1 26.217 11.412 25.207 10.670
137 8 1 26.265 11.420 25.254 10.677
138 8 1 26.313 11.412 25.302 10.669
139 8 1 26.344 11.404 25.334 10.661
140 8 1 26.392 11.412 25.382 10.669
141 8 1 26.440 11.420 25.430 10.677
142 8 1 26.472 11.412 25.462 10.669
143 8 1 26.504 11.419 25.493 10.677
144 8 1 26.551 11.411 25.541 10.668
145 8 1 26.599 11.419 25.589 10.676
146 8 1 26.631 11.427 25.621 10.684
147 8 1 26.679 11.435 25.669 10.692
148 8 1 26.727 11.427 25.717 10.684
149 8 1 26.774 11.434 25.764 10.691
150 8 1 26.822 11.442 25.812 10.699
151 8 1 26.870 11.450 25.860 10.707
152 8 1 26.918 11.458 25.908 10.715
153 8 1 26.965 11.465 25.956 10.723
154 8 1 26.997 11.457 25.987 10.715
155 8 1 27.045 11.465 26.035 10.722
156 8 1 27.093 11.473 26.083 10.730
157 8 1 27.125 11.481 26.115 10.738
158 8 1 27.173 11.473 26.163 10.730
159 8 1 27.204 11.480 26.194 10.738
160 8 1 27.252 11.488 26.242 10.745
161 8 1 27.284 11.496 26.274 10.753
162 8 1 27.316 11.488 26.306 10.745
163 8 1 27.364 11.496 26.354 10.753
164 8 1 27.395 11.488 26.386 10.745
165 8 1 27.443 11.495 26.433 10.753
166 8 1 27.475 11.487 26.465 10.745
167 8 1 27.523 11.495 26.513 10.752
168 8 1 27.825 11.502 26.545 10.744
169 8 1 27.698 11.494 26.672 10.752
170 8 1 27.746 11.502 26.720 10.760
171 8 1 27.777 11.510 26.752 10.767
172 8 1 27.825 11.502 26.800 10.759
173 8 1 27.889 11.494 26.863 10.751
174 8 1 27.937 11.486 26.911 10.743
175 8 1 27.969 11.493 26.943 10.751
176 8 1 28.016 11.485 26.991 10.743
177 8 1 28.064 11.477 27.039 10.735
178 8 1 28.080 11.469 27.055 10.727
179 8 1 28.144 11.477 27.118 10.734
180 8 1 28.191 11.469 27.166 10.726
181 8 1 28.207 11.477 27.182 10.734
182 8 1 28.271 11.469 27.246 10.726
183 8 1 28.303 11.476 27.277 10.734
184 8 1 28.351 11.468 27.325 10.726
185 8 1 28.366 11.476 27.341 10.734
186 8 1 28.430 11.468 27.405 10.725
187 8 1 28.462 11.476 27.437 10.733
188 8 1 28.510 11.483 27.484 10.741
189 8 1 28.541 11.491 27.516 10.749
190 8 1 28.589 11.499 27.564 10.757
191 8 1 28.653 11.507 27.628 10.764
192 8 1 28.701 11.499 27.675 10.756
193 8 1 28.716 11.507 27.691 10.764
194 8 1 28.780 11.514 27.755 10.772
195 8 1 28.812 11.522 27.787 10.780
196 8 1 28.653 11.546 27.795 10.851
197 8 1 28.732 11.562 27.715 10.828
198 8 1 28.772 11.562 27.755 10.827
199 8 1 28.796 11.562 27.779 10.827
200 8 1 28.836 11.562 27.819 10.827
201 8 1 28.860 11.562 27.842 10.827
202 8 1 28.899 11.561 27.882 10.827
203 8 1 28.923 11.561 27.906 10.827
204 8 1 28.979 11.561 27.962 10.827
205 8 1 29.003 11.561 27.986 10.827
206 8 1 29.058 11.545 28.041 10.811
207 8 1 29.098 11.545 28.081 10.810
208 8 1 29.138 11.545 28.121 10.810
209 8 1 29.178 11.529 28.161 10.794
210 8 1 29.337 11.457 28.073 10.747
211 8 1 29.218 11.465 28.193 10.739
212 8 1 29.265 11.457 28.240 10.731
213 8 1 29.313 11.465 28.288 10.738
214 8 1 29.361 11.441 28.336 10.714
215 8 1 29.409 11.433 28.384 10.706
216 8 1 29.440 11.409 28.416 10.682
217 8 1 29.488 11.440 28.726 10.761
218 8 1 29.599 11.456 28.598 10.737
219 8 1 29.639 11.456 28.638 10.737
220 8 1 29.679 11.455 28.678 10.737
221 8 1 29.719 11.439 28.718 10.721
222 8 1 29.743 11.439 28.742 10.721
223 8 1 29.782 11.439 28.781 10.721
224 8 1 29.918 11.343 28.837 10.752
225 8 1 29.870 11.399 28.869 10.689
226 8 1 29.894 11.391 28.893 10.681
227 8 1 29.918 11.383 28.917 10.673
228 8 1 29.957 11.391 28.956 10.680
229 8 1 29.997 11.383 28.996 10.672
230 8 1 30.037 11.375 29.036 10.664
231 8 1 29.934 11.359 29.100 10.751
232 8 1 30.013 11.399 29.020 10.696
233 8 1 30.045 11.383 29.052 10.680
234 8 1 30.077 11.383 29.084 10.680
235 8 1 30.092 11.367 29.100 10.664
236 8 1 30.124 11.367 29.131 10.664
237 8 1 30.140 11.366 29.147 10.664
238 8 1 30.188 11.335 29.362 10.473
239 8 1 30.260 11.255 29.275 10.552
240 8 1 30.283 11.239 29.299 10.536
241 8 1 30.307 11.223 29.323 10.521
242 8 1 30.331 11.207 29.346 10.505
243 8 1 30.355 11.191 29.370 10.489
244 8 1 30.379 11.175 29.394 10.473
245 8 1 30.403 11.143 29.418 10.441
246 8 1 30.443 11.127 29.458 10.425
247 8 1 30.466 11.096 29.482 10.393
248 8 1 30.506 11.064 29.522 10.361
249 8 1 30.530 11.032 29.545 10.329
250 8 1 30.570 11.016 29.585 10.313
251 8 1 30.594 10.984 29.609 10.282
252 8 1 30.618 10.968 29.633 10.266
253 8 1 30.641 10.952 29.657 10.250
254 8 1 30.681 10.936 29.697 10.234
255 8 1 30.705 10.920 29.721 10.218
256 8 1 30.745 10.920 29.760 10.218
257 8 1 30.753 10.920 29.768 10.218
258 8 1 30.792 10.904 29.808 10.202
259 8 1 30.920 10.856 29.895 10.257
260 8 1 30.896 10.904 29.911 10.209
261 8 1 30.920 10.912 29.935 10.217
262 8 1 30.959 10.919 29.975 10.225
263 8 1 31.015 10.911 30.031 10.217
264 8 1 31.055 10.919 30.070 10.225
265 8 1 31.110 10.895 30.126 10.201
266 8 1 31.150 10.919 30.166 10.224
267 8 1 31.190 10.911 30.205 10.216
268 8 1 31.214 10.934 30.229 10.240
269 8 1 31.253 10.926 30.269 10.232
270 8 1 31.277 10.934 30.293 10.240
271 8 1 31.317 10.926 30.332 10.232
272 8 1 31.357 10.934 30.372 10.239
273 8 1 31.412 10.926 30.428 10.231
274 8 1 31.452 10.933 30.468 10.239
275 8 1 31.523 10.925 30.539 10.231
276 8 1 31.579 10.933 30.595 10.239
277 8 1 31.635 10.925 30.650 10.231
278 8 1 31.674 10.917 30.690 10.222
279 8 1 31.730 10.909 30.746 10.214
280 8 1 31.785 10.916 30.801 10.222
281 8 1 31.841 10.908 30.857 10.214
282 8 1 31.897 10.932 30.913 10.238
283 8 1 31.968 10.924 30.984 10.229
284 8 1 32.039 10.963 31.055 10.269
285 8 1 32.111 10.987 31.127 10.292
286 8 1 32.182 11.026 31.198 10.332
287 8 1 32.254 11.050 31.270 10.355
288 8 1 32.309 11.089 31.325 10.395
289 8 1 32.381 11.113 31.397 10.418
290 8 1 32.436 11.152 31.452 10.458
291 8 1 32.508 11.191 31.524 10.497
292 8 1 32.563 11.215 31.579 10.521
293 8 1 32.619 11.239 31.635 10.544
294 8 1 32.658 11.278 31.675 10.584
295 8 1 32.714 11.302 31.730 10.607
296 8 1 32.770 11.325 31.786 10.631
297 8 1 32.841 11.349 31.857 10.655
298 8 1 32.896 11.356 31.913 10.662
299 8 1 32.952 11.364 31.968 10.670
300 8 1 33.008 11.372 32.024 10.678
301 8 1 33.079 11.364 32.095 10.670
302 8 1 33.135 11.371 32.151 10.677
304 8 1 33.127 11.364 32.143 10.669
305 8 1 33.190 11.371 32.207 10.677
306 8 1 33.238 11.363 32.254 10.669
307 8 1 33.309 11.387 32.326 10.693
308 8 1 33.476 11.457 32.326 10.685
309 8 1 33.388 11.410 32.405 10.716
310 8 1 33.444 11.418 32.461 10.724
311 8 1 33.650 11.409 32.667 10.715
313 8 1 33.642 11.401 32.659 10.707
314 8 1 33.492 11.418 32.524 10.724
315 8 1 33.801 11.432 32.929 10.698
316 8 1 33.825 11.409 32.889 10.722
317 8 1 33.960 11.400 33.032 10.714
318 8 1 33.888 11.408 32.961 10.722
319 8 1 33.928 11.408 33.000 10.722
320 8 1 33.928 11.408 32.992 10.730
321 8 1 33.991 11.408 33.056 10.730
322 8 1 34.261 11.447 33.349 10.642
323 8 1 34.277 11.383 33.349 10.705
324 8 1 34.293 11.375 33.365 10.697
325 8 1 34.340 11.367 33.413 10.689
326 8 1 34.372 11.375 33.445 10.697
327 8 1 34.404 11.367 33.476 10.689
328 8 1 34.452 11.375 33.524 10.696
329 8 1 34.475 11.382 33.476 10.689
330 8 1 34.444 11.367 33.516 10.696
331 8 1 34.475 11.351 33.548 10.680
332 8 1 34.515 11.351 33.587 10.680
333 8 1 34.570 11.350 33.643 10.680
334 8 1 34.602 11.334 33.675 10.664
335 8 1 34.634 11.334 33.706 10.664
336 8 1 34.705 11.413 33.905 10.671
337 8 1 34.761 11.373 33.841 10.703
338 8 1 34.808 11.373 33.897 10.711
339 8 1 34.840 11.373 33.928 10.711
340 8 1 34.864 11.373 33.952 10.711
341 8 1 34.896 11.373 33.992 10.711
342 8 1 34.935 11.357 34.032 10.695
343 8 1 35.030 11.452 34.032 10.623
344 8 1 34.983 11.365 34.087 10.702
345 8 1 35.007 11.357 34.111 10.694
346 8 1 35.046 11.364 34.151 10.702
347 8 1 35.078 11.356 34.190 10.694
348 8 1 35.102 11.348 34.214 10.686
349 8 1 35.157 11.340 34.270 10.678
350 8 1 35.197 11.332 34.309 10.670
351 8 1 35.236 11.308 34.349 10.646
352 8 1 35.276 11.316 34.389 10.654
353 8 1 35.316 11.292 34.428 10.630
354 8 1 35.355 11.300 34.468 10.638
355 8 1 35.395 11.276 34.507 10.614
356 8 1 35.435 11.284 34.547 10.622
357 8 1 35.474 11.260 34.587 10.598
358 8 1 35.514 11.268 34.626 10.605
359 8 1 35.554 11.244 34.666 10.582
360 8 1 35.577 11.252 34.690 10.589
361 8 1 35.617 11.244 34.729 10.581
362 8 1 35.657 11.251 34.769 10.589
363 8 1 35.712 11.243 34.825 10.581
364 8 1 35.847 11.179 34.833 10.605
365 8 1 35.783 11.219 34.896 10.565
366 8 1 35.823 11.219 34.936 10.565
367 8 1 35.863 11.235 34.975 10.580
368 8 1 35.918 11.219 35.031 10.572
369 8 1 35.958 11.250 35.070 10.604
370 8 1 36.013 11.250 35.126 10.604
371 8 1 36.021 11.210 35.284 10.690
372 8 1 36.085 11.266 35.205 10.627
373 8 1 36.116 11.266 35.237 10.627
374 8 1 36.164 11.281 35.284 10.643
375 8 1 36.195 11.297 35.316 10.659
376 8 1 36.243 11.297 35.364 10.658
377 8 1 36.275 11.312 35.395 10.674
378 8 1 36.393 11.320 35.411 10.698
379 8 1 36.338 11.320 35.459 10.690
380 8 1 36.370 11.328 35.498 10.705
381 8 1 36.401 11.320 35.530 10.697
382 8 1 36.433 11.344 35.562 10.721
383 8 1 36.465 11.336 35.593 10.713
384 8 1 36.496 11.343 35.625 10.721
385 8 1 36.718 11.438 35.689 10.633
386 8 1 36.631 11.343 35.768 10.728
387 8 1 36.671 11.343 35.807 10.728
388 8 1 36.694 11.358 35.831 10.744
389 8 1 36.742 11.366 35.887 10.759
390 8 1 36.782 11.350 35.926 10.744
391 8 1 36.837 11.366 35.982 10.759
392 8 1 36.877 11.366 36.021 10.759
393 8 1 36.916 11.366 36.061 10.759
394 8 1 36.956 11.381 36.100 10.775
395 8 1 37.011 11.397 36.164 10.798
396 8 1 37.051 11.381 36.203 10.782
397 8 1 37.090 11.397 36.243 10.798
398 8 1 37.130 11.381 36.283 10.782
399 8 1 37.288 11.467 36.346 10.687
400 8 1 37.233 11.372 36.386 10.774
401 8 1 37.265 11.380 36.417 10.789
402 8 1 37.312 11.388 36.465 10.797
403 8 1 37.360 11.380 36.512 10.789
404 8 1 37.391 11.388 36.552 10.797
405 8 1 37.423 11.395 36.584 10.805
406 8 1 37.629 11.474 36.354 10.726
407 8 1 37.415 11.395 36.568 10.805
408 8 1 37.463 11.411 36.615 10.820
409 8 1 37.510 11.411 36.663 10.820
410 8 1 37.558 11.427 36.710 10.836
411 8 1 37.605 11.442 36.758 10.851
412 8 1 37.653 11.442 36.805 10.851
413 8 1 37.938 11.568 36.805 10.891
414 8 1 37.787 11.521 36.940 10.930
415 8 1 37.819 11.521 36.972 10.930
416 8 1 37.866 11.536 37.019 10.946
417 8 1 37.882 11.536 37.035 10.945
418 8 1 37.946 11.552 37.098 10.961
419 8 1 37.977 11.552 37.138 10.961
420 8 1 38.238 11.590 37.059 10.985
421 8 1 38.064 11.575 37.225 10.984
422 8 1 38.104 11.575 37.273 10.992
423 8 1 38.143 11.575 37.312 10.992
424 8 1 38.183 11.590 37.352 11.008
425 8 1 38.230 11.598 37.407 11.023
426 8 1 38.254 11.582 37.431 11.007
427 8 1 38.310 11.598 37.486 11.023
428 8 1 38.349 11.582 37.526 11.007
429 8 1 38.420 11.598 37.597 11.023
430 8 1 38.460 11.582 37.637 11.007
431 8 1 38.515 11.597 37.692 11.022
432 8 1 38.555 11.597 37.732 11.022
433 8 1 38.595 11.597 37.771 11.022
434 8 1 38.761 11.675 37.613 10.959
435 8 1 38.602 11.605 37.771 11.030
436 8 1 38.650 11.605 37.819 11.030
437 8 1 38.697 11.604 37.874 11.038
438 8 1 38.713 11.604 37.890 11.037
439 8 1 38.761 11.604 37.938 11.037
440 8 1 38.784 11.604 37.961 11.037
441 8 1 38.824 11.620 38.001 11.053
442 8 1 38.856 11.620 38.033 11.053
443 8 1 38.895 11.620 38.072 11.053
444 8 1 38.951 11.635 38.128 11.068
445 8 1 38.982 11.635 38.159 11.068
446 8 1 39.014 11.651 38.199 11.084
447 8 1 39.053 11.651 38.238 11.084
448 8 1 39.481 11.696 38.238 10.973
449 8 1 39.259 11.618 38.444 11.051
450 8 1 39.307 11.626 38.492 11.059
451 8 1 39.338 11.650 38.523 11.083
452 8 1 39.386 11.641 38.571 11.083
454 8 1 39.465 11.673 38.650 11.114
455 8 1 39.655 11.767 38.555 11.035
456 8 1 39.512 11.681 38.697 11.122
457 8 1 39.544 11.680 38.729 11.122
458 8 1 39.575 11.696 38.761 11.137
459 8 1 39.607 11.712 38.792 11.153
460 8 1 39.639 11.712 38.824 11.153
461 8 1 39.670 11.712 38.856 11.153
453 8 1 39.433 11.665 38.618 11.106
20 9 2 45.251 10.016 43.870 9.255
21 9 2 45.188 10.024 43.909 9.247
22 9 2 45.117 10.024 43.838 9.247
23 9 2 45.062 10.040 43.783 9.263
24 9 2 44.991 10.041 43.712 9.263
25 9 2 44.935 10.057 43.657 9.279
26 9 2 44.864 10.057 43.586 9.279
27 9 2 44.809 10.073 43.531 9.295
28 9 2 44.738 10.073 43.460 9.295
29 9 2 44.667 10.073 43.389 9.295
30 9 2 44.596 10.074 43.318 9.296
31 9 2 44.541 10.074 43.263 9.296
32 9 2 44.455 10.074 43.176 9.296
33 9 2 44.399 10.090 43.121 9.312
34 9 2 44.313 10.090 43.034 9.312
35 9 2 44.257 10.090 42.979 9.313
36 9 2 44.186 10.091 42.908 9.313
37 9 2 44.115 10.091 42.837 9.313
38 9 2 44.044 10.091 42.766 9.313
39 9 2 43.989 10.091 42.710 9.313
40 9 2 43.918 10.092 42.639 9.314
41 9 2 43.847 10.092 42.568 9.314
42 9 2 43.776 10.092 42.497 9.314
43 9 2 43.705 10.092 42.426 9.314
44 9 2 43.634 10.093 42.355 9.314
45 9 2 43.579 10.093 42.300 9.315
46 9 2 43.508 10.093 42.229 9.315
47 9 2 43.437 10.093 42.158 9.315
48 9 2 43.366 10.093 42.087 9.315
49 9 2 43.295 10.094 42.016 9.316
50 9 2 43.224 10.094 41.945 9.316
51 9 2 43.169 10.094 41.889 9.316
52 9 2 43.082 10.094 41.803 9.316
53 9 2 43.027 10.095 41.747 9.316
54 9 2 42.956 10.095 41.676 9.317
55 9 2 42.885 10.095 41.605 9.317
56 9 2 42.948 9.818 41.289 9.239
57 9 2 42.790 9.906 41.447 9.167
58 9 2 42.735 9.898 41.392 9.159
59 9 2 42.664 9.906 41.321 9.168
60 9 2 42.592 9.898 41.250 9.160
61 9 2 42.537 9.891 41.194 9.152
62 9 2 42.466 9.883 41.123 9.144
63 9 2 42.553 9.827 41.052 9.200
64 9 2 42.482 9.867 41.115 9.152
65 9 2 42.419 9.867 41.052 9.153
66 9 2 42.356 9.852 40.989 9.137
67 9 2 42.292 9.836 40.926 9.121
68 9 2 42.229 9.836 40.863 9.122
69 9 2 42.150 9.837 40.784 9.122
70 9 2 42.071 9.797 40.673 9.138
71 9 2 42.056 9.821 40.689 9.114
72 9 2 41.992 9.813 40.626 9.106
73 9 2 41.929 9.806 40.562 9.099
74 9 2 41.850 9.814 40.483 9.107
75 9 2 41.787 9.806 40.420 9.099
76 9 2 41.724 9.799 40.357 9.091
77 9 2 41.582 9.783 40.096 9.132
78 9 2 41.527 9.807 40.152 9.108
79 9 2 41.455 9.807 40.080 9.108
80 9 2 41.400 9.807 40.025 9.108
81 9 2 41.313 9.792 39.938 9.093
82 9 2 41.258 9.792 39.883 9.093
83 9 2 41.171 9.792 39.796 9.093
84 9 2 41.068 9.793 39.662 9.117
85 9 2 41.053 9.801 39.677 9.109
86 9 2 40.982 9.793 39.606 9.102
87 9 2 40.910 9.785 39.535 9.094
88 9 2 40.839 9.793 39.464 9.102
89 9 2 40.768 9.786 39.393 9.094
90 9 2 40.681 9.794 39.306 9.103
91 9 2 40.776 9.809 38.839 9.025
92 9 2 40.515 9.763 39.100 9.071
93 9 2 40.436 9.755 39.021 9.064
94 9 2 40.373 9.763 38.958 9.072
95 9 2 40.294 9.756 38.879 9.064
96 9 2 40.215 9.764 38.800 9.072
97 9 2 40.152 9.756 38.736 9.065
98 9 2 40.176 9.788 38.317 9.066
99 9 2 39.970 9.773 38.523 9.081
100 9 2 39.891 9.781 38.444 9.089
101 9 2 39.844 9.773 38.396 9.082
102 9 2 39.749 9.781 38.301 9.090
103 9 2 39.670 9.773 38.222 9.082
104 9 2 39.606 9.782 38.159 9.090
105 9 2 39.812 9.836 37.732 9.099
106 9 2 39.519 9.814 38.025 9.122
107 9 2 39.440 9.822 37.945 9.130
108 9 2 39.361 9.830 37.866 9.138
109 9 2 39.298 9.822 37.803 9.131
110 9 2 39.219 9.830 37.724 9.139
111 9 2 39.124 9.823 37.629 9.131
112 9 2 39.290 9.862 37.209 9.140
113 9 2 39.013 9.847 37.479 9.155
114 9 2 38.942 9.839 37.407 9.148
115 9 2 38.871 9.847 37.336 9.156
116 9 2 38.784 9.840 37.249 9.148
117 9 2 38.713 9.832 37.178 9.141
118 9 2 38.642 9.824 37.107 9.133
119 9 2 38.816 9.808 36.742 9.102
120 9 2 38.563 9.801 36.996 9.109
121 9 2 38.491 9.793 36.924 9.102
122 9 2 38.404 9.785 36.837 9.094
123 9 2 38.333 9.778 36.766 9.086
124 9 2 38.246 9.770 36.679 9.079
125 9 2 38.175 9.747 36.608 9.055
126 9 2 38.183 9.699 36.354 9.064
127 9 2 38.056 9.723 36.481 9.040
128 9 2 37.977 9.708 36.402 9.024
129 9 2 37.882 9.708 36.307 9.025
130 9 2 37.803 9.692 36.228 9.009
131 9 2 37.724 9.661 36.149 8.978
132 9 2 37.629 9.630 36.053 8.946
133 9 2 37.740 9.598 35.610 8.868
134 9 2 37.471 9.575 35.879 8.891
135 9 2 37.391 9.559 35.800 8.876
136 9 2 37.296 9.528 35.705 8.844
137 9 2 37.217 9.512 35.626 8.829
138 9 2 37.138 9.481 35.547 8.797
139 9 2 37.059 9.450 35.467 8.766
140 9 2 36.964 9.434 35.372 8.750
141 9 2 36.885 9.403 35.293 8.719
142 9 2 36.806 9.371 35.214 8.687
143 9 2 36.727 9.340 35.135 8.656
144 9 2 36.632 9.308 35.040 8.625
145 9 2 36.552 9.277 34.960 8.593
146 9 2 36.473 9.246 34.881 8.562
147 9 2 36.378 9.214 34.786 8.530
148 9 2 36.299 9.183 34.707 8.499
149 9 2 36.204 9.151 34.612 8.468
150 9 2 36.125 9.104 34.533 8.420
151 9 2 36.046 9.073 34.453 8.389
152 9 2 35.951 9.026 34.358 8.342
153 9 2 35.871 8.978 34.279 8.294
154 9 2 35.776 8.947 34.184 8.263
155 9 2 35.681 8.916 34.089 8.232
156 9 2 35.602 8.868 34.010 8.184
157 9 2 35.507 8.837 33.914 8.153
158 9 2 35.412 8.821 33.819 8.137
159 9 2 35.333 8.790 33.740 8.106
160 9 2 35.238 8.759 33.645 8.075
161 9 2 35.143 8.727 33.550 8.043
162 9 2 35.047 8.712 33.455 8.028
163 9 2 34.952 8.680 33.359 7.996
164 9 2 34.857 8.649 33.264 7.965
165 9 2 34.762 8.633 33.169 7.949
166 9 2 34.651 8.618 33.058 7.934
167 9 2 34.556 8.586 32.963 7.902
168 9 2 34.445 8.555 32.852 7.871
169 9 2 34.350 8.524 32.757 7.839
170 9 2 34.239 8.492 32.646 7.808
171 9 2 34.128 8.477 32.535 7.793
172 9 2 34.017 8.446 32.424 7.761
173 9 2 33.922 8.414 32.328 7.730
174 9 2 33.811 8.399 32.217 7.714
175 9 2 33.700 8.367 32.106 7.683
176 9 2 33.589 8.336 31.995 7.651
177 9 2 33.478 8.320 31.884 7.636
178 9 2 33.383 8.289 31.789 7.604
179 9 2 33.272 8.273 31.678 7.589
180 9 2 33.161 8.258 31.567 7.573
181 9 2 33.050 8.242 31.456 7.558
182 9 2 32.955 8.211 31.360 7.526
183 9 2 32.844 8.195 31.249 7.511
184 9 2 32.733 8.164 31.138 7.479
185 9 2 32.622 8.149 31.027 7.464
186 9 2 32.511 8.117 30.916 7.432
187 9 2 32.400 8.102 30.805 7.417
188 9 2 32.304 8.086 30.710 7.401
189 9 2 32.193 8.055 30.598 7.370
190 9 2 32.082 8.039 30.487 7.354
191 9 2 31.971 8.024 30.376 7.339
192 9 2 31.860 8.008 30.265 7.323
193 9 2 31.749 7.977 30.154 7.292
194 9 2 31.638 7.945 30.043 7.260
195 9 2 31.543 7.914 29.947 7.229
196 9 2 31.431 7.898 29.836 7.213
197 9 2 31.320 7.867 29.725 7.182
198 9 2 31.209 7.852 29.614 7.166
199 9 2 31.098 7.852 29.503 7.167
200 9 2 30.971 7.852 29.375 7.167
201 9 2 30.860 7.837 29.264 7.151
202 9 2 30.749 7.821 29.153 7.136
203 9 2 30.653 7.805 29.058 7.120
204 9 2 30.542 7.806 28.946 7.121
205 9 2 30.447 7.806 28.851 7.121
206 9 2 30.352 7.806 28.756 7.121
207 9 2 30.256 7.807 28.660 7.121
208 9 2 30.161 7.807 28.565 7.122
209 9 2 30.066 7.807 28.469 7.122
210 9 2 29.970 7.807 28.374 7.122
211 9 2 29.875 7.808 28.279 7.122
212 9 2 29.780 7.808 28.183 7.122
213 9 2 29.684 7.824 28.088 7.139
214 9 2 29.589 7.824 27.992 7.139
215 9 2 29.494 7.840 27.897 7.155
216 9 2 29.398 7.856 27.801 7.171
217 9 2 29.319 7.872 27.722 7.187
218 9 2 29.223 7.889 27.626 7.203
219 9 2 29.128 7.905 27.531 7.219
220 9 2 29.048 7.921 27.451 7.235
221 9 2 28.953 7.937 27.356 7.251
222 9 2 28.873 7.953 27.276 7.267
223 9 2 28.794 7.969 27.197 7.283
224 9 2 28.714 8.001 27.117 7.315
225 9 2 28.635 8.017 27.037 7.331
226 9 2 28.555 8.033 26.958 7.347
227 9 2 28.476 8.049 26.878 7.364
228 9 2 28.396 8.065 26.799 7.380
229 9 2 28.317 8.081 26.719 7.396
230 9 2 28.237 8.097 26.639 7.412
231 9 2 28.157 8.129 26.560 7.444
232 9 2 28.078 8.145 26.480 7.460
233 9 2 27.998 8.177 26.400 7.492
234 9 2 27.919 8.193 26.321 7.508
235 9 2 27.839 8.209 26.241 7.524
236 9 2 27.760 8.241 26.161 7.556
237 9 2 27.664 8.257 26.066 7.572
238 9 2 27.585 8.274 25.986 7.588
239 9 2 27.505 8.305 25.906 7.620
240 9 2 27.425 8.322 25.827 7.636
241 9 2 27.346 8.353 25.747 7.668
242 9 2 27.250 8.370 25.652 7.684
243 9 2 27.171 8.386 25.572 7.700
244 9 2 27.091 8.402 25.492 7.716
245 9 2 26.995 8.418 25.397 7.732
246 9 2 26.916 8.434 25.317 7.748
247 9 2 26.836 8.466 25.237 7.780
248 9 2 26.756 8.482 25.157 7.796
249 9 2 26.677 8.498 25.078 7.812
250 9 2 26.581 8.530 24.982 7.844
251 9 2 26.502 8.546 24.902 7.860
252 9 2 26.406 8.562 24.807 7.877
253 9 2 26.310 8.594 24.711 7.909
254 9 2 26.231 8.610 24.631 7.925
255 9 2 26.135 8.642 24.536 7.957
256 9 2 26.056 8.659 24.456 7.973
257 9 2 25.976 8.691 24.376 8.005
258 9 2 25.880 8.707 24.280 8.021
259 9 2 25.801 8.723 24.201 8.037
260 9 2 25.705 8.755 24.105 8.069
261 9 2 25.609 8.771 24.009 8.085
262 9 2 25.530 8.787 23.930 8.101
263 9 2 25.450 8.819 23.850 8.133
264 9 2 25.354 8.835 23.754 8.149
265 9 2 25.275 8.867 23.674 8.181
266 9 2 25.179 8.883 23.579 8.197
267 9 2 25.099 8.899 23.499 8.213
268 9 2 25.019 8.916 23.419 8.230
269 9 2 24.924 8.932 23.323 8.246
270 9 2 24.844 8.964 23.243 8.278
271 9 2 24.764 8.980 23.164 8.294
272 9 2 24.669 8.996 23.068 8.310
273 9 2 24.812 8.988 22.964 8.263
274 9 2 24.685 8.964 23.076 8.278
275 9 2 24.597 8.980 22.988 8.294
276 9 2 24.509 8.996 22.900 8.310
277 9 2 24.422 9.013 22.813 8.327
278 9 2 24.334 9.029 22.725 8.343
279 9 2 24.246 9.045 22.637 8.359
280 9 2 24.087 9.069 22.477 8.447
281 9 2 24.087 9.093 22.477 8.415
282 9 2 23.999 9.101 22.390 8.423
283 9 2 23.927 9.109 22.318 8.431
284 9 2 23.823 9.118 22.214 8.439
285 9 2 23.752 9.126 22.142 8.448
286 9 2 23.648 9.118 22.038 8.440
287 9 2 23.664 9.142 21.759 8.457
288 9 2 23.520 9.134 21.911 8.456
289 9 2 23.433 9.143 21.823 8.464
290 9 2 23.345 9.135 21.735 8.457
291 9 2 23.257 9.143 21.647 8.465
292 9 2 23.153 9.135 21.543 8.457
293 9 2 23.082 9.144 21.472 8.465
294 9 2 23.026 9.168 21.152 8.482
295 9 2 22.898 9.160 21.280 8.482
296 9 2 22.818 9.152 21.200 8.474
297 9 2 22.739 9.161 21.120 8.482
298 9 2 22.643 9.153 21.025 8.475
299 9 2 22.563 9.161 20.945 8.483
300 9 2 22.483 9.153 20.865 8.475
301 9 2 22.268 9.075 20.825 8.443
302 9 2 22.348 9.098 20.737 8.428
303 9 2 22.260 9.098 20.649 8.428
304 9 2 22.188 9.083 20.578 8.412
305 9 2 22.084 9.067 20.474 8.397
306 9 2 21.997 9.067 20.386 8.397
307 9 2 21.909 9.068 20.298 8.397
308 9 2 21.837 9.052 20.226 8.381
309 9 2 21.733 9.037 20.122 8.366
310 9 2 21.662 9.037 20.050 8.366
311 9 2 21.574 9.021 19.963 8.350
312 9 2 21.486 8.990 19.875 8.319
313 9 2 21.398 8.974 19.787 8.303
314 9 2 21.310 8.974 19.699 8.303
315 9 2 21.223 8.959 19.611 8.288
316 9 2 21.151 8.927 19.540 8.256
317 9 2 21.063 8.911 19.452 8.241
318 9 2 20.975 8.912 19.364 8.241
319 9 2 20.887 8.896 19.276 8.225
320 9 2 20.816 8.864 19.204 8.194
321 9 2 20.712 8.833 19.100 8.162
322 9 2 20.640 8.817 19.028 8.146
323 9 2 20.552 8.802 18.941 8.131
324 9 2 20.481 8.770 18.869 8.099
325 9 2 20.393 8.754 18.781 8.083
326 9 2 20.305 8.739 18.693 8.068
327 9 2 20.217 8.707 18.605 8.036
328 9 2 20.145 8.692 18.533 8.021
329 9 2 20.057 8.676 18.445 8.005
330 9 2 19.970 8.644 18.357 7.973
331 9 2 19.882 8.613 18.270 7.942
332 9 2 19.810 8.597 18.198 7.926
333 9 2 19.722 8.582 18.110 7.910
334 9 2 19.650 8.550 18.038 7.879
335 9 2 19.563 8.518 17.950 7.847
336 9 2 19.475 8.487 17.862 7.816
337 9 2 19.387 8.455 17.774 7.784
338 9 2 19.315 8.424 17.703 7.753
339 9 2 19.243 8.408 17.631 7.737
340 9 2 19.171 8.392 17.559 7.721
341 9 2 19.084 8.345 17.471 7.674
342 9 2 19.012 8.329 17.399 7.658
343 9 2 18.924 8.282 17.311 7.610
344 9 2 18.852 8.266 17.239 7.595
345 9 2 18.764 8.235 17.151 7.563
346 9 2 18.692 8.203 17.079 7.532
347 9 2 18.605 8.171 16.992 7.500
348 9 2 18.533 8.140 16.920 7.468
349 9 2 18.461 8.108 16.848 7.437
350 9 2 18.389 8.077 16.776 7.405
351 9 2 18.301 8.045 16.688 7.374
352 9 2 18.229 8.013 16.616 7.342
353 9 2 18.158 7.982 16.544 7.310
354 9 2 18.086 7.950 16.472 7.279
355 9 2 17.998 7.935 16.384 7.263
356 9 2 17.942 7.919 16.328 7.247
357 9 2 17.854 7.871 16.241 7.200
358 9 2 17.782 7.856 16.169 7.184
359 9 2 17.694 7.824 16.081 7.152
360 9 2 17.622 7.792 16.009 7.121
361 9 2 17.550 7.777 15.937 7.105
362 9 2 17.479 7.761 15.865 7.089
363 9 2 17.407 7.729 15.793 7.058
364 9 2 17.335 7.698 15.721 7.026
365 9 2 17.247 7.666 15.633 6.994
366 9 2 17.175 7.635 15.561 6.963
367 9 2 17.103 7.619 15.489 6.947
368 9 2 17.031 7.603 15.417 6.931
369 9 2 16.943 7.572 15.329 6.900
370 9 2 16.871 7.540 15.257 6.868
371 9 2 16.799 7.524 15.185 6.852
372 9 2 16.743 7.509 15.129 6.837
32 11 2 45.528 10.868 43.745 10.266
33 11 2 45.575 10.884 43.705 10.258
34 11 2 45.512 10.892 43.642 10.266
35 11 2 45.433 10.900 43.563 10.274
36 11 2 45.370 10.908 43.500 10.283
37 11 2 45.291 10.916 43.421 10.291
38 11 2 45.134 11.012 43.422 10.338
39 11 2 45.142 11.004 43.422 10.338
40 11 2 45.063 11.004 43.343 10.338
41 11 2 44.984 11.020 43.264 10.355
42 11 2 45.126 11.075 43.019 10.442
43 11 2 44.976 11.091 43.153 10.434
44 11 2 44.890 11.092 43.067 10.434
45 11 2 44.819 11.092 42.996 10.434
46 11 2 44.732 11.108 42.909 10.451
47 11 2 44.661 11.108 42.838 10.451
48 11 2 44.574 11.108 42.751 10.451
49 11 2 44.606 11.132 42.538 10.468
50 11 2 44.503 11.132 42.632 10.475
51 11 2 44.424 11.141 42.554 10.483
52 11 2 44.345 11.141 42.475 10.484
53 11 2 44.267 11.149 42.396 10.492
54 11 2 44.188 11.157 42.317 10.500
55 11 2 44.109 11.158 42.238 10.500
56 11 2 43.770 11.127 42.104 10.556
57 11 2 43.864 11.158 42.025 10.517
58 11 2 43.801 11.167 41.961 10.525
59 11 2 43.714 11.183 41.875 10.541
60 11 2 43.643 11.183 41.803 10.541
61 11 2 43.557 11.183 41.717 10.542
62 11 2 43.486 11.199 41.646 10.558
63 11 2 43.194 11.264 41.456 10.606
64 11 2 43.273 11.224 41.472 10.598
65 11 2 43.194 11.240 41.393 10.614
66 11 2 43.115 11.240 41.314 10.614
67 11 2 43.020 11.233 41.219 10.607
68 11 2 42.941 11.241 41.140 10.615
69 11 2 42.862 11.249 41.061 10.623
70 11 2 42.602 11.195 40.958 10.615
71 11 2 42.688 11.226 40.919 10.600
72 11 2 42.594 11.226 40.824 10.600
73 11 2 42.499 11.227 40.729 10.600
74 11 2 42.412 11.219 40.642 10.593
75 11 2 42.325 11.211 40.555 10.585
76 11 2 42.246 11.212 40.476 10.585
77 11 2 42.065 11.165 40.453 10.609
78 11 2 42.136 11.196 40.381 10.578
79 11 2 42.049 11.197 40.294 10.578
80 11 2 41.970 11.197 40.215 10.578
81 11 2 41.883 11.197 40.128 10.579
82 11 2 41.796 11.190 40.042 10.571
83 11 2 41.717 11.190 39.962 10.571
84 11 2 41.464 11.064 39.741 10.501
85 11 2 41.504 11.104 39.749 10.493
86 11 2 41.417 11.112 39.662 10.501
87 11 2 41.338 11.112 39.583 10.501
88 11 2 41.251 11.089 39.496 10.478
89 11 2 41.164 11.097 39.409 10.486
90 11 2 41.085 11.097 39.330 10.486
91 11 2 40.990 11.098 39.235 10.408
92 11 2 40.982 11.066 39.235 10.455
93 11 2 40.903 11.066 39.156 10.455
94 11 2 40.824 11.067 39.077 10.456
95 11 2 40.745 11.067 38.998 10.456
96 11 2 40.666 11.051 38.919 10.440
97 11 2 40.587 11.052 38.840 10.441
98 11 2 40.342 11.021 38.697 10.417
99 11 2 40.413 11.021 38.673 10.410
100 11 2 40.334 11.021 38.594 10.410
101 11 2 40.255 11.021 38.515 10.410
102 11 2 40.176 11.021 38.436 10.410
103 11 2 40.097 11.022 38.357 10.411
104 11 2 40.018 11.022 38.278 10.411
105 11 2 39.868 11.030 38.064 10.388
106 11 2 39.844 11.007 38.112 10.396
107 11 2 39.757 11.007 38.025 10.396
108 11 2 39.694 11.007 37.961 10.396
109 11 2 39.623 11.008 37.890 10.396
110 11 2 39.552 11.008 37.819 10.397
111 11 2 39.472 11.008 37.740 10.397
112 11 2 39.393 11.048 37.613 10.374
113 11 2 39.378 11.008 37.653 10.397
114 11 2 39.298 11.009 37.573 10.397
115 11 2 39.227 11.009 37.502 10.398
116 11 2 39.156 11.017 37.431 10.406
117 11 2 39.093 11.025 37.368 10.414
118 11 2 39.030 11.018 37.304 10.406
119 11 2 38.911 11.073 37.091 10.415
120 11 2 38.879 11.034 37.154 10.423
121 11 2 38.808 11.034 37.083 10.423
122 11 2 38.745 11.042 37.019 10.431
123 11 2 38.681 11.043 36.956 10.431
124 11 2 38.594 11.035 36.869 10.424
125 11 2 38.539 11.059 36.813 10.448
126 11 2 38.325 11.052 36.742 10.416
127 11 2 38.405 11.044 36.687 10.432
128 11 2 38.341 11.060 36.623 10.448
129 11 2 38.278 11.060 36.560 10.448
130 11 2 38.215 11.076 36.497 10.464
131 11 2 38.167 11.092 36.449 10.480
132 11 2 38.104 11.092 36.386 10.481
133 11 2 37.898 11.164 36.219 10.529
134 11 2 37.930 11.132 36.211 10.521
135 11 2 37.882 11.140 36.164 10.529
136 11 2 37.819 11.156 36.101 10.545
137 11 2 37.756 11.157 36.037 10.545
138 11 2 37.708 11.173 35.990 10.561
139 11 2 37.645 11.181 35.926 10.569
140 11 2 37.478 11.276 35.799 10.538
141 11 2 37.550 11.237 35.831 10.625
142 11 2 37.502 11.245 35.784 10.633
143 11 2 37.439 11.261 35.720 10.649
144 11 2 37.391 11.269 35.673 10.657
145 11 2 37.344 11.269 35.625 10.657
146 11 2 37.281 11.285 35.562 10.673
147 11 2 37.146 11.325 35.514 10.650
148 11 2 37.209 11.285 35.490 10.666
149 11 2 37.170 11.285 35.451 10.666
150 11 2 37.114 11.301 35.395 10.682
151 11 2 37.075 11.302 35.356 10.682
152 11 2 37.019 11.318 35.300 10.698
153 11 2 36.980 11.318 35.261 10.698
154 11 2 36.774 11.319 35.205 10.706
155 11 2 36.885 11.326 35.173 10.707
156 11 2 36.837 11.326 35.126 10.707
157 11 2 36.782 11.334 35.070 10.715
158 11 2 36.742 11.335 35.031 10.715
159 11 2 36.694 11.335 34.983 10.715
160 11 2 36.639 11.343 34.928 10.723
161 11 2 36.687 11.351 34.611 10.701
162 11 2 36.512 11.351 34.793 10.732
163 11 2 36.473 11.351 34.753 10.732
164 11 2 36.417 11.367 34.698 10.748
165 11 2 36.386 11.367 34.666 10.748
166 11 2 36.346 11.368 34.626 10.748
167 11 2 36.306 11.368 34.587 10.748
168 11 2 36.362 11.352 34.563 10.724
169 11 2 36.314 11.344 34.595 10.724
170 11 2 36.283 11.344 34.563 10.724
171 11 2 36.235 11.344 34.515 10.725
172 11 2 36.203 11.368 34.484 10.749
173 11 2 36.172 11.368 34.452 10.749
174 11 2 36.140 11.376 34.420 10.757
175 11 2 36.092 11.376 34.373 10.757
176 11 2 36.061 11.377 34.341 10.757
177 11 2 36.029 11.377 34.309 10.757
178 11 2 35.997 11.377 34.277 10.757
179 11 2 35.966 11.377 34.246 10.757
180 11 2 35.918 11.377 34.198 10.757
181 11 2 35.886 11.377 34.166 10.758
182 11 2 35.728 11.370 34.079 10.750
183 11 2 35.768 11.378 34.055 10.758
184 11 2 35.744 11.378 34.032 10.758
185 11 2 35.696 11.378 33.984 10.758
186 11 2 35.664 11.378 33.952 10.758
187 11 2 35.633 11.378 33.921 10.758
188 11 2 35.601 11.378 33.889 10.759
189 11 2 35.522 11.355 33.952 10.742
190 11 2 35.569 11.370 33.865 10.751
191 11 2 35.538 11.371 33.833 10.751
192 11 2 35.498 11.371 33.794 10.751
193 11 2 35.466 11.371 33.762 10.751
194 11 2 35.435 11.371 33.730 10.751
195 11 2 35.403 11.371 33.698 10.751
196 11 2 35.292 11.332 33.778 10.743
197 11 2 35.371 11.347 33.675 10.735
198 11 2 35.324 11.340 33.627 10.728
199 11 2 35.284 11.340 33.587 10.728
200 11 2 35.260 11.340 33.564 10.728
201 11 2 35.213 11.340 33.516 10.728
202 11 2 35.173 11.332 33.476 10.720
203 11 2 35.078 11.412 33.238 10.721
204 11 2 35.070 11.349 33.373 10.737
205 11 2 35.022 11.333 33.326 10.721
206 11 2 34.991 11.341 33.294 10.729
207 11 2 34.959 11.341 33.262 10.729
208 11 2 34.904 11.325 33.207 10.713
209 11 2 34.880 11.325 33.183 10.713
210 11 2 34.816 11.302 33.500 10.760
211 11 2 34.991 11.333 33.302 10.729
212 11 2 34.935 11.333 33.246 10.729
213 11 2 34.896 11.317 33.207 10.713
214 11 2 34.840 11.318 33.151 10.714
215 11 2 34.800 11.318 33.111 10.714
216 11 2 34.745 11.302 33.056 10.698
217 11 2 34.444 11.351 32.961 10.722
218 11 2 34.563 11.335 32.881 10.730
219 11 2 34.507 11.335 32.826 10.730
220 11 2 34.452 11.335 32.770 10.731
221 11 2 34.404 11.335 32.722 10.731
222 11 2 34.348 11.335 32.667 10.731
223 11 2 34.301 11.335 32.619 10.731
224 11 2 34.253 11.336 32.572 10.731
225 11 2 34.206 11.336 32.524 10.732
226 11 2 34.158 11.336 32.476 10.732
227 11 2 34.095 11.336 32.413 10.732
228 11 2 34.031 11.336 32.349 10.732
229 11 2 33.984 11.337 32.302 10.732
230 11 2 33.920 11.337 32.238 10.733
231 11 2 33.873 11.337 32.191 10.733
232 11 2 33.809 11.337 32.127 10.733
233 11 2 33.746 11.337 32.064 10.733
234 11 2 33.698 11.338 32.016 10.733
235 11 2 33.635 11.362 31.952 10.757
236 11 2 33.571 11.354 31.889 10.750
237 11 2 33.508 11.354 31.825 10.750
238 11 2 33.444 11.434 31.762 10.829
239 11 2 33.381 11.386 31.698 10.782
240 11 2 33.317 11.387 31.635 10.782
241 11 2 33.254 11.363 31.571 10.759
242 11 2 33.190 11.419 31.508 10.814
243 11 2 33.127 11.419 31.444 10.815
244 11 2 33.063 11.443 31.380 10.839
245 11 2 33.000 11.435 31.317 10.831
246 11 2 32.936 11.451 31.253 10.847
247 11 2 32.857 11.452 31.174 10.847
248 11 2 32.793 11.452 31.110 10.847
249 11 2 32.714 11.468 31.031 10.864
250 11 2 32.634 11.468 30.951 10.864
251 11 2 32.555 11.485 30.872 10.880
252 11 2 32.476 11.485 30.793 10.880
253 11 2 32.404 11.501 30.721 10.896
254 11 2 32.333 11.501 30.649 10.897
255 11 2 32.269 11.517 30.586 10.913
256 11 2 32.190 11.533 30.506 10.929
257 11 2 32.126 11.534 30.443 10.929
258 11 2 32.047 11.550 30.363 10.945
259 11 2 31.967 11.566 30.284 10.961
260 11 2 31.904 11.566 30.220 10.962
261 11 2 31.824 11.582 30.141 10.978
262 11 2 31.745 11.599 30.061 10.994
263 11 2 31.666 11.615 29.982 11.010
264 11 2 31.586 11.615 29.902 11.010
265 11 2 31.507 11.631 29.823 11.026
266 11 2 31.427 11.647 29.743 11.043
267 11 2 31.348 11.648 29.664 11.043
268 11 2 31.252 11.664 29.568 11.059
269 11 2 31.173 11.664 29.489 11.059
270 11 2 31.093 11.680 29.409 11.076
271 11 2 31.014 11.696 29.330 11.092
272 11 2 30.919 11.713 29.234 11.108
273 11 2 30.744 11.801 28.892 11.125
274 11 2 30.664 11.745 28.980 11.141
275 11 2 30.601 11.746 28.916 11.141
276 11 2 30.521 11.762 28.836 11.157
277 11 2 30.442 11.762 28.757 11.157
278 11 2 30.346 11.762 28.661 11.158
279 11 2 30.267 11.763 28.582 11.158
280 11 2 30.251 11.866 28.367 11.079
281 11 2 30.156 11.771 28.470 11.166
282 11 2 30.060 11.771 28.375 11.167
283 11 2 29.965 11.780 28.279 11.175
284 11 2 29.885 11.780 28.200 11.175
285 11 2 29.790 11.788 28.104 11.183
286 11 2 29.694 11.789 28.009 11.184
287 11 2 29.718 11.852 27.532 11.074
288 11 2 29.599 11.725 27.921 11.121
289 11 2 29.504 11.726 27.826 11.121
290 11 2 29.408 11.726 27.730 11.121
291 11 2 29.313 11.727 27.635 11.122
292 11 2 29.217 11.727 27.539 11.122
293 11 2 29.122 11.727 27.444 11.122
294 11 2 28.859 11.855 27.165 11.147
295 11 2 28.859 11.800 27.181 11.195
296 11 2 28.764 11.800 27.085 11.195
297 11 2 28.668 11.800 26.990 11.195
298 11 2 28.573 11.801 26.894 11.196
299 11 2 28.477 11.801 26.799 11.196
300 11 2 28.382 11.801 26.703 11.196
301 11 2 28.286 11.802 26.608 11.197
302 11 2 28.191 11.802 26.512 11.197
303 11 2 28.095 11.803 26.417 11.197
304 11 2 28.000 11.803 26.321 11.198
305 11 2 27.904 11.803 26.225 11.198
306 11 2 27.809 11.804 26.130 11.198
307 11 2 27.713 11.804 26.034 11.199
308 11 2 27.530 11.797 25.835 11.152
309 11 2 27.546 11.765 25.867 11.160
310 11 2 27.451 11.765 25.771 11.160
311 11 2 27.355 11.766 25.676 11.160
312 11 2 27.260 11.766 25.580 11.161
313 11 2 27.164 11.766 25.484 11.161
314 11 2 27.084 11.767 25.405 11.161
315 11 2 26.885 11.783 25.293 11.098
316 11 2 26.957 11.759 25.277 11.154
317 11 2 26.861 11.760 25.182 11.154
318 11 2 26.766 11.760 25.086 11.154
319 11 2 26.670 11.760 24.990 11.155
320 11 2 26.575 11.761 24.895 11.155
321 11 2 26.479 11.761 24.799 11.156
322 11 2 26.367 11.841 24.504 11.045
323 11 2 26.280 11.746 24.600 11.140
324 11 2 26.184 11.746 24.504 11.141
325 11 2 26.089 11.747 24.408 11.141
326 11 2 25.993 11.747 24.313 11.141
327 11 2 25.898 11.747 24.217 11.142
328 11 2 25.802 11.748 24.121 11.142
329 11 2 25.778 11.891 23.842 11.087
330 11 2 25.650 11.788 23.970 11.182
331 11 2 25.555 11.788 23.874 11.183
332 11 2 25.459 11.789 23.778 11.183
333 11 2 25.363 11.789 23.682 11.183
334 11 2 25.268 11.789 23.587 11.184
335 11 2 25.172 11.790 23.491 11.184
336 11 2 24.861 11.775 23.268 11.113
337 11 2 24.933 11.751 23.252 11.145
338 11 2 24.837 11.751 23.156 11.145
339 11 2 24.742 11.752 23.060 11.146
340 11 2 24.662 11.752 22.980 11.146
341 11 2 24.574 11.736 22.893 11.131
342 11 2 24.479 11.737 22.797 11.131
343 11 2 24.247 11.738 22.566 11.108
344 11 2 24.295 11.729 22.613 11.124
345 11 2 24.200 11.730 22.518 11.124
346 11 2 24.128 11.706 22.446 11.100
347 11 2 24.032 11.699 22.350 11.093
348 11 2 23.936 11.699 22.254 11.093
349 11 2 23.849 11.699 22.166 11.093
350 11 2 23.769 11.763 21.951 11.038
351 11 2 23.713 11.700 22.031 11.094
352 11 2 23.625 11.700 21.943 11.094
353 11 2 23.538 11.677 21.855 11.071
354 11 2 23.450 11.669 21.767 11.063
355 11 2 23.362 11.669 21.679 11.063
356 11 2 23.266 11.670 21.584 11.064
357 11 2 23.187 11.662 21.456 11.064
358 11 2 23.163 11.662 21.480 11.064
359 11 2 23.075 11.662 21.392 11.064
360 11 2 22.995 11.663 21.312 11.065
361 11 2 22.891 11.647 21.208 11.049
362 11 2 22.819 11.647 21.136 11.049
363 11 2 22.732 11.648 21.049 11.050
364 11 2 22.444 11.633 20.961 10.962
365 11 2 22.556 11.601 20.881 11.003
366 11 2 22.468 11.593 20.793 10.995
367 11 2 22.389 11.585 20.713 10.987
368 11 2 22.309 11.586 20.633 10.987
369 11 2 22.229 11.586 20.553 10.988
370 11 2 22.149 11.586 20.474 10.988
371 11 2 22.061 11.587 20.386 10.988
372 11 2 21.973 11.587 20.298 10.989
373 11 2 21.886 11.587 20.210 10.989
374 11 2 21.814 11.588 20.138 10.989
375 11 2 21.734 11.588 20.058 10.990
376 11 2 21.654 11.596 19.978 10.998
377 11 2 21.574 11.604 19.898 11.006
378 11 2 21.478 11.605 19.802 11.006
379 11 2 21.398 11.605 19.722 11.007
380 11 2 21.318 11.621 19.642 11.023
381 11 2 21.239 11.622 19.562 11.023
382 11 2 21.159 11.638 19.482 11.039
383 11 2 21.079 11.638 19.402 11.040
384 11 2 20.999 11.654 19.322 11.056
385 11 2 20.774 11.854 19.075 10.921
386 11 2 20.775 11.687 19.098 11.088
387 11 2 20.695 11.703 19.018 11.105
388 11 2 20.615 11.711 18.938 11.113
389 11 2 20.535 11.735 18.858 11.137
390 11 2 20.455 11.760 18.778 11.161
391 11 2 20.375 11.776 18.698 11.177
392 11 2 20.135 11.976 18.531 11.011
393 11 2 20.295 11.800 18.618 11.201
394 11 2 20.215 11.816 18.538 11.218
395 11 2 20.135 11.832 18.458 11.234
396 11 2 20.055 11.865 18.378 11.266
397 11 2 19.975 11.889 18.298 11.290
398 11 2 19.895 11.913 18.218 11.314
399 11 2 19.638 12.216 17.954 11.196
400 11 2 19.823 11.945 18.145 11.346
401 11 2 19.751 11.961 18.073 11.363
402 11 2 19.671 11.993 17.993 11.395
403 11 2 19.599 12.017 17.921 11.419
404 11 2 19.527 12.058 17.849 11.459
405 11 2 19.463 12.090 17.785 11.491
406 11 2 19.383 12.122 17.705 11.523
407 11 2 19.311 12.154 17.633 11.555
408 11 2 19.238 12.186 17.560 11.587
409 11 2 19.158 12.218 17.480 11.620
410 11 2 19.094 12.250 17.416 11.652
411 11 2 19.022 12.282 17.344 11.684
412 11 2 18.950 12.314 17.272 11.716
413 11 2 18.886 12.355 17.207 11.756
414 11 2 18.806 12.395 17.127 11.796
415 11 2 18.742 12.427 17.063 11.828
416 11 2 18.678 12.459 16.999 11.860
417 11 2 18.605 12.499 16.927 11.900
418 11 2 18.533 12.531 16.855 11.932
419 11 2 18.469 12.571 16.790 11.972
420 11 2 18.405 12.611 16.726 12.012
421 11 2 18.341 12.651 16.662 12.053
422 11 2 18.277 12.683 16.598 12.085
423 11 2 18.213 12.715 16.533 12.117
424 11 2 18.148 12.748 16.469 12.149
425 11 2 18.084 12.796 16.405 12.197
426 11 2 18.012 12.828 16.333 12.229
427 11 2 17.940 12.860 16.261 12.261
428 11 2 17.876 12.892 16.196 12.293
429 11 2 17.812 12.924 16.132 12.325
430 11 2 17.747 12.956 16.068 12.358
431 11 2 17.667 12.996 15.988 12.398
432 11 2 17.603 13.036 15.923 12.438
433 11 2 17.531 13.069 15.851 12.470
434 11 2 17.459 13.101 15.779 12.502
435 11 2 17.394 13.133 15.715 12.534
436 11 2 17.322 13.165 15.642 12.566
437 11 2 17.250 13.197 15.570 12.599
438 11 2 17.186 13.229 15.506 12.631
439 11 2 17.106 13.262 15.426 12.663
440 11 2 17.033 13.294 15.353 12.695
441 11 2 16.984 13.573 15.273 12.608
442 11 2 16.953 13.318 15.273 12.719
443 11 2 16.881 13.342 15.201 12.743
444 11 2 16.809 13.374 15.128 12.776
