frame,id,class,tl_x,tl_y,br_x,br_y
0,0,2,21.470,8.249,19.661,7.539
1,0,2,21.522,8.270,19.624,7.532
2,0,2,21.654,8.255,19.757,7.516
3,0,2,21.771,8.269,19.874,7.530
4,0,2,21.889,8.261,19.992,7.522
5,0,2,22.036,8.246,20.140,7.507
6,0,2,22.153,8.245,20.257,7.506
7,0,2,22.286,8.251,20.390,7.513
8,0,2,22.447,8.214,20.552,7.476
9,0,2,22.550,8.235,20.655,7.497
10,0,2,22.697,8.227,20.802,7.489
11,0,2,23.100,8.166,21.206,7.428
12,0,2,22.961,8.211,21.067,7.473
13,0,2,23.107,8.217,21.214,7.479
14,0,2,23.129,8.239,21.236,7.501
15,0,2,23.386,8.201,21.493,7.463
16,0,2,23.533,8.193,21.640,7.455
17,0,2,23.657,8.170,21.765,7.433
18,0,2,23.840,8.191,21.948,7.454
19,0,2,23.987,8.183,22.095,7.445
20,0,2,24.119,8.175,22.227,7.437
21,0,2,24.280,8.181,22.389,7.444
22,0,2,24.426,8.173,22.536,7.436
23,0,2,24.558,8.165,22.668,7.428
24,0,2,24.733,8.157,22.844,7.420
25,0,2,24.880,8.163,22.990,7.426
26,0,2,25.011,8.155,23.122,7.418
27,0,2,25.172,8.161,23.284,7.424
28,0,2,25.333,8.153,23.445,7.416
29,0,2,25.479,8.160,23.591,7.423
30,0,2,25.655,8.151,23.767,7.415
31,0,2,25.815,8.172,23.928,7.436
32,0,2,25.969,8.164,24.082,7.427
33,0,2,26.137,8.170,24.250,7.434
34,0,2,26.283,8.177,24.397,7.440
35,0,2,26.436,8.183,24.550,7.447
36,0,2,26.589,8.175,24.704,7.439
37,0,2,26.764,8.195,24.880,7.459
38,0,2,26.918,8.195,25.033,7.459
39,0,2,27.100,8.222,25.216,7.487
40,0,2,27.260,8.229,25.377,7.493
41,0,2,27.428,8.235,25.545,7.499
42,0,2,27.610,8.256,25.727,7.520
43,0,2,27.785,8.276,25.903,7.541
44,0,2,27.938,8.283,26.056,7.547
45,0,2,28.120,8.303,26.238,7.568
46,0,2,28.280,8.309,26.399,7.574
47,0,2,28.448,8.316,26.567,7.581
48,0,2,28.630,8.336,26.749,7.601
49,0,2,28.790,8.357,26.910,7.622
50,0,2,28.942,8.371,27.063,7.636
51,0,2,29.124,8.398,27.245,7.664
52,0,2,29.299,8.405,27.420,7.670
53,0,2,29.466,8.425,27.587,7.691
54,0,2,29.648,8.431,27.770,7.697
55,0,2,29.822,8.438,27.944,7.703
56,0,2,30.004,8.429,28.126,7.695
57,0,2,30.185,8.435,28.308,7.701
58,0,2,30.388,8.427,28.512,7.693
59,0,2,30.570,8.419,28.694,7.685
60,0,2,30.780,8.410,28.905,7.676
61,0,2,30.983,8.402,29.108,7.668
62,0,2,31.150,8.386,29.275,7.652
63,0,2,31.345,8.385,29.471,7.651
64,0,2,31.534,8.376,29.660,7.643
65,0,2,31.715,8.375,29.842,7.642
66,0,2,31.896,8.374,30.023,7.641
67,0,2,32.084,8.380,30.212,7.647
68,0,2,32.265,8.379,30.393,7.646
69,0,2,32.461,8.392,30.589,7.660
70,0,2,32.634,8.413,30.763,7.680
71,0,2,32.801,8.426,30.930,7.694
72,0,2,32.996,8.440,31.126,7.707
73,0,2,33.170,8.446,31.300,7.713
74,0,2,33.320,8.228,31.473,7.539
75,0,2,33.328,8.243,31.466,7.525
76,0,2,33.501,8.256,31.640,7.538
77,0,2,33.682,8.270,31.821,7.552
78,0,2,33.877,8.283,32.016,7.565
79,0,2,34.050,8.296,32.190,7.578
80,0,2,34.224,8.324,32.364,7.606
81,0,2,34.397,8.337,32.537,7.620
82,0,2,34.570,8.365,32.711,7.648
83,0,2,34.743,8.393,32.885,7.676
84,0,2,34.917,8.435,33.058,7.718
85,0,2,35.090,8.463,33.232,7.746
86,0,2,35.248,8.505,33.391,7.788
87,0,2,35.436,8.547,33.579,7.830
88,0,2,35.595,8.589,33.738,7.873
89,0,2,35.753,8.632,33.897,7.915
90,0,2,35.898,8.674,34.042,7.957
91,0,2,36.056,8.716,34.200,8.000
92,0,2,36.215,8.773,34.359,8.056
93,0,2,36.359,8.829,34.504,8.113
94,0,2,36.518,8.900,34.663,8.184
95,0,2,36.691,8.957,34.836,8.241
96,0,2,36.849,9.028,34.995,8.312
97,0,2,36.979,9.085,35.125,8.369
98,0,2,37.123,9.156,35.270,8.440
99,0,2,37.296,9.241,35.443,8.525
100,0,2,37.440,9.312,35.587,8.597
101,0,2,37.585,9.383,35.732,8.668
102,0,2,37.729,9.454,35.876,8.739
103,0,2,37.873,9.539,36.021,8.824
104,0,2,38.017,9.625,36.165,8.910
105,0,2,38.161,9.710,36.310,8.995
106,0,2,38.305,9.795,36.454,9.081
107,0,2,38.449,9.881,36.598,9.166
108,0,2,38.593,9.966,36.743,9.252
109,0,2,38.737,10.051,36.887,9.337
110,0,2,38.881,10.137,37.031,9.423
111,0,2,39.011,10.222,37.161,9.508
112,0,2,39.141,10.307,37.291,9.594
113,0,2,39.285,10.393,37.435,9.679
115,0,2,39.278,10.385,37.428,9.672
116,0,2,39.400,10.456,37.551,9.743
117,0,2,39.537,10.542,37.688,9.828
118,0,2,39.666,10.627,37.818,9.914
119,0,2,39.803,10.712,37.955,9.999
120,0,2,39.968,10.783,38.120,10.070
121,0,2,40.112,10.839,38.264,10.127
122,0,2,40.256,10.910,38.408,10.198
123,0,2,40.414,10.995,38.567,10.283
124,0,2,40.543,11.066,38.696,10.354
125,0,2,40.687,11.123,38.840,10.410
126,0,2,40.845,11.179,38.998,10.467
127,0,2,40.988,11.221,39.142,10.509
128,0,2,41.146,11.277,39.300,10.565
129,0,2,41.289,11.319,39.444,10.607
130,0,2,41.447,11.361,39.602,10.649
131,0,2,41.605,11.403,39.760,10.691
132,0,2,41.776,11.416,39.932,10.704
133,0,2,41.934,11.457,40.090,10.746
134,0,2,42.077,11.471,40.233,10.759
135,0,2,42.234,11.512,40.391,10.801
136,0,2,42.392,11.525,40.549,10.814
137,0,2,42.549,11.538,40.706,10.828
138,0,2,42.692,11.552,40.849,10.841
139,0,2,42.849,11.579,41.007,10.868
140,0,2,43.006,11.592,41.164,10.881
141,0,2,43.163,11.576,41.322,10.866
142,0,2,43.306,11.590,41.465,10.879
143,0,2,43.448,11.588,41.608,10.878
144,0,2,43.605,11.587,41.765,10.877
145,0,2,43.762,11.586,41.922,10.875
146,0,2,43.919,11.584,42.079,10.874
147,0,2,44.075,11.583,42.236,10.873
148,0,2,44.211,11.582,42.372,10.872
0,1,1,33.573,16.850,32.902,15.979
1,1,1,33.594,16.879,32.895,15.964
2,1,1,33.609,16.798,32.909,15.884
3,1,1,33.608,16.762,32.909,15.848
4,1,1,33.623,16.726,32.923,15.811
5,1,1,33.651,16.653,32.952,15.738
6,1,1,33.666,16.623,32.966,15.709
7,1,1,33.651,16.565,32.951,15.651
8,1,1,33.665,16.514,32.966,15.600
9,1,1,33.651,16.471,32.951,15.557
10,1,1,33.665,16.420,32.965,15.506
11,1,1,33.722,16.259,33.023,15.345
12,1,1,33.679,16.289,32.979,15.375
13,1,1,33.708,16.216,33.008,15.302
14,1,1,33.686,16.202,32.986,15.288
15,1,1,33.722,16.092,33.022,15.178
16,1,1,33.735,15.874,32.942,15.005
17,1,1,33.728,15.874,32.985,14.983
18,1,1,33.756,15.729,33.065,14.960
19,1,1,33.770,15.613,33.007,14.990
20,1,1,33.771,15.685,33.043,14.895
21,1,1,33.799,15.518,33.057,14.837
22,1,1,33.785,15.562,33.057,14.793
23,1,1,33.864,15.401,33.085,14.546
24,1,1,33.841,15.307,33.121,14.517
25,1,1,33.841,15.300,33.114,14.524
26,1,1,33.834,15.235,33.106,14.459
27,1,1,33.841,15.169,33.113,14.394
28,1,1,33.718,15.308,32.989,14.097
29,1,1,33.776,15.155,33.076,14.140
30,1,1,33.783,15.068,33.062,14.235
31,1,1,33.782,15.017,33.062,14.184
32,1,1,33.782,14.974,33.062,14.140
33,1,1,33.839,14.719,33.062,14.176
34,1,1,33.811,14.850,33.090,14.046
35,1,1,33.875,14.574,33.076,14.104
36,1,1,33.832,14.727,33.112,13.951
37,1,1,33.846,14.676,33.126,13.900
38,1,1,33.846,14.618,33.126,13.842
39,1,1,33.846,14.560,33.125,13.784
40,1,1,33.860,14.480,33.140,13.704
41,1,1,33.859,14.415,33.139,13.639
42,1,1,33.874,14.335,33.153,13.559
43,1,1,33.888,14.269,33.168,13.494
44,1,1,33.902,14.204,33.182,13.428
45,1,1,33.916,14.139,33.196,13.363
46,1,1,33.829,13.987,33.080,13.212
47,1,1,33.793,14.002,32.985,13.112
48,1,1,33.813,13.799,32.992,13.126
49,1,1,33.857,13.733,33.079,13.125
50,1,1,33.835,13.676,33.050,13.082
51,1,1,33.799,13.748,33.079,13.009
52,1,1,33.798,13.691,33.079,12.951
53,1,1,33.798,13.647,33.078,12.908
54,1,1,33.798,13.604,33.078,12.864
55,1,1,33.812,13.531,33.093,12.792
56,1,1,33.812,13.473,33.092,12.734
57,1,1,33.826,13.400,33.106,12.661
58,1,1,33.826,13.314,33.106,12.574
59,1,1,33.840,13.241,33.120,12.502
60,1,1,33.963,13.334,33.185,12.291
61,1,1,33.927,13.189,33.207,12.436
62,1,1,33.941,13.131,33.221,12.378
63,1,1,33.941,13.088,33.221,12.334
64,1,1,33.955,13.059,33.235,12.305
65,1,1,33.969,13.015,33.250,12.262
66,1,1,33.983,12.943,33.264,12.189
67,1,1,33.998,12.899,33.278,12.146
68,1,1,34.012,12.841,33.292,12.087
69,1,1,34.026,12.797,33.307,12.044
70,1,1,34.026,12.754,33.307,12.001
71,1,1,34.040,12.696,33.321,11.942
72,1,1,34.054,12.623,33.335,11.870
73,1,1,34.083,12.580,33.364,11.826
74,1,1,34.097,12.507,33.378,11.754
75,1,1,34.126,12.449,33.407,11.696
76,1,1,34.140,12.377,33.421,11.623
77,1,1,34.169,12.304,33.450,11.551
78,1,1,34.183,12.260,33.464,11.507
79,1,1,34.197,12.202,33.478,11.449
80,1,1,34.211,12.144,33.492,11.391
81,1,1,34.211,12.101,33.492,11.348
82,1,1,34.225,12.058,33.506,11.304
83,1,1,34.167,11.812,33.347,11.204
84,1,1,34.196,11.848,33.419,11.095
85,1,1,34.239,11.783,33.497,10.885
86,1,1,34.217,11.754,33.555,10.812
87,1,1,34.224,11.718,33.569,10.776
88,1,1,34.245,11.623,33.541,10.870
89,1,1,34.259,11.565,33.555,10.812
90,1,1,34.259,11.493,33.555,10.740
91,1,1,34.274,11.623,33.576,10.667
92,1,1,34.274,11.515,33.577,10.761
93,1,1,34.258,11.327,33.525,10.610
94,1,1,34.272,11.233,33.533,10.617
95,1,1,34.315,11.117,33.540,10.610
96,1,1,34.315,11.059,33.518,10.567
97,1,1,34.265,11.175,33.568,10.458
98,1,1,34.365,10.957,33.597,10.364
99,1,1,34.322,11.023,33.625,10.313
100,1,1,34.329,10.979,33.632,10.269
101,1,1,34.336,10.907,33.639,10.197
102,1,1,34.343,10.864,33.646,10.154
103,1,1,34.350,10.791,33.653,10.082
104,1,1,34.371,10.748,33.675,10.038
105,1,1,34.378,10.661,33.682,9.951
106,1,1,34.400,10.589,33.703,9.879
107,1,1,34.407,10.531,33.710,9.821
108,1,1,34.428,10.473,33.731,9.763
109,1,1,34.449,10.415,33.753,9.705
110,1,1,34.471,10.357,33.774,9.647
111,1,1,34.478,10.299,33.781,9.589
112,1,1,34.520,10.104,33.766,9.503
113,1,1,34.492,10.155,33.795,9.452
115,1,1,34.506,10.054,33.809,9.351
116,1,1,34.527,10.003,33.831,9.300
117,1,1,34.519,9.938,33.823,9.235
118,1,1,34.541,9.873,33.845,9.170
119,1,1,34.548,9.808,33.851,9.105
120,1,1,34.555,9.743,33.858,9.040
121,1,1,34.561,9.663,33.865,8.961
122,1,1,34.568,9.598,33.872,8.896
123,1,1,34.561,9.533,33.865,8.831
124,1,1,34.582,9.483,33.886,8.780
125,1,1,34.575,9.432,33.879,8.730
126,1,1,34.582,9.396,33.886,8.694
127,1,1,34.589,9.346,33.893,8.643
128,1,1,34.596,9.295,33.900,8.593
129,1,1,34.603,9.230,33.907,8.528
130,1,1,34.610,9.180,33.914,8.477
131,1,1,34.602,9.129,33.906,8.427
132,1,1,34.609,9.093,33.913,8.391
133,1,1,34.616,9.028,33.920,8.326
134,1,1,34.623,8.978,33.927,8.275
135,1,1,34.630,8.913,33.934,8.210
136,1,1,34.637,8.848,33.941,8.145
137,1,1,34.644,8.783,33.948,8.080
138,1,1,34.651,8.718,33.955,8.016
139,1,1,34.658,8.653,33.962,7.951
140,1,1,34.679,8.617,33.984,7.914
141,1,1,34.672,8.552,33.976,7.850
142,1,1,34.679,8.516,33.983,7.814
143,1,1,34.671,8.451,33.976,7.749
144,1,1,34.650,8.415,33.954,7.713
145,1,1,34.642,8.365,33.946,7.662
146,1,1,34.649,8.314,33.953,7.612
147,1,1,34.642,8.264,33.946,7.561
148,1,1,34.634,8.213,33.939,7.511
149,1,1,34.627,8.163,33.931,7.461
150,1,1,34.619,8.113,33.924,7.410
151,1,1,34.612,8.048,33.916,7.345
153,1,1,34.582,7.918,33.887,7.216
154,1,1,34.575,7.853,33.879,7.151
155,1,1,34.553,7.803,33.857,7.101
156,1,1,34.560,7.753,33.864,7.050
157,1,1,34.553,7.702,33.857,7.000
158,1,1,34.545,7.666,33.850,6.964
159,1,1,34.538,7.616,33.842,6.914
160,1,1,34.545,7.565,33.849,6.863
161,1,1,34.523,7.515,33.827,6.813
163,1,1,34.508,7.429,33.813,6.727
164,1,1,34.501,7.393,33.805,6.691
165,1,1,34.493,7.328,33.798,6.626
167,1,1,34.478,7.213,33.783,6.511
168,1,1,34.485,7.162,33.790,6.460
169,1,1,34.478,7.083,33.782,6.381
170,1,1,34.470,7.033,33.775,6.331
171,1,1,34.463,6.968,33.767,6.266
172,1,1,34.470,6.918,33.774,6.215
173,1,1,34.462,6.853,33.767,6.151
174,1,1,34.469,6.817,33.774,6.115
175,1,1,34.462,6.766,33.766,6.064
176,1,1,34.454,6.716,33.759,6.014
177,1,1,34.418,6.666,33.723,5.964
178,1,1,34.411,6.630,33.715,5.928
179,1,1,34.403,6.580,33.708,5.877
180,1,1,34.396,6.529,33.701,5.827
181,1,1,34.374,6.479,33.679,5.777
182,1,1,34.367,6.429,33.671,5.726
183,1,1,34.345,6.364,33.649,5.662
184,1,1,34.337,6.314,33.642,5.611
185,1,1,34.315,6.249,33.620,5.547
186,1,1,34.293,6.199,33.598,5.497
187,1,1,34.272,6.134,33.576,5.432
188,1,1,34.264,6.098,33.569,5.396
189,1,1,34.242,6.033,33.547,5.331
190,1,1,34.249,5.997,33.554,5.295
191,1,1,34.227,5.947,33.532,5.245
192,1,1,34.220,5.911,33.525,5.209
193,1,1,34.198,5.861,33.503,5.159
194,1,1,34.191,5.825,33.496,5.123
195,1,1,34.169,5.775,33.474,5.073
196,1,1,34.162,5.739,33.466,5.037
197,1,1,34.154,5.688,33.459,4.986
198,1,1,34.147,5.653,33.452,4.950
199,1,1,34.125,5.588,33.430,4.886
200,1,1,34.132,5.538,33.437,4.835
201,1,1,34.110,5.473,33.415,4.771
202,1,1,34.103,5.423,33.407,4.720
203,1,1,34.081,5.372,33.386,4.670
204,1,1,34.088,5.322,33.393,4.620
205,1,1,34.080,5.272,33.385,4.569
206,1,1,34.087,5.221,33.392,4.519
207,1,1,34.080,5.171,33.385,4.469
208,1,1,34.072,5.121,33.377,4.418
209,1,1,34.051,5.085,33.356,4.383
210,1,1,34.043,5.049,33.348,4.347
211,1,1,34.036,4.999,33.341,4.296
212,1,1,34.029,4.963,33.333,4.260
213,1,1,34.007,4.912,33.312,4.210
214,1,1,33.999,4.876,33.304,4.174
215,1,1,33.992,4.812,33.297,4.110
216,1,1,33.984,4.761,33.289,4.059
217,1,1,33.963,4.711,33.268,4.009
218,1,1,33.955,4.661,33.260,3.959
219,1,1,33.933,4.596,33.238,3.894
220,1,1,33.926,4.546,33.231,3.844
221,1,1,33.904,4.496,33.209,3.794
222,1,1,33.911,4.460,33.216,3.758
223,1,1,33.889,4.410,33.194,3.707
224,1,1,33.882,4.374,33.187,3.671
225,1,1,33.874,4.323,33.179,3.621
226,1,1,33.867,4.288,33.172,3.585
227,1,1,33.845,4.252,33.150,3.549
228,1,1,33.852,4.216,33.157,3.513
229,1,1,33.831,4.165,33.136,3.463
230,1,1,33.838,4.130,33.143,3.427
231,1,1,33.830,4.079,33.135,3.377
232,1,1,33.837,4.043,33.142,3.341
233,1,1,33.830,3.979,33.135,3.276
234,1,1,33.837,3.928,33.142,3.226
235,1,1,33.829,3.878,33.134,3.176
236,1,1,33.836,3.828,33.141,3.126
237,1,1,33.829,3.778,33.134,3.075
238,1,1,33.836,3.742,33.141,3.039
239,1,1,33.829,3.691,33.134,2.989
240,1,1,33.850,3.655,33.155,2.953
241,1,1,33.843,3.605,33.148,2.903
242,1,1,33.850,3.569,33.155,2.867
243,1,1,33.842,3.533,33.147,2.831
244,1,1,33.849,3.497,33.155,2.795
245,1,1,33.828,3.461,33.133,2.759
246,1,1,33.835,3.426,33.140,2.723
247,1,1,33.827,3.390,33.132,2.688
248,1,1,33.820,3.354,33.125,2.652
249,1,1,33.813,3.318,33.118,2.616
250,1,1,33.805,3.282,33.110,2.580
251,1,1,33.798,3.232,33.103,2.530
252,1,1,33.776,3.196,33.081,2.494
253,1,1,33.769,3.146,33.074,2.444
254,1,1,33.761,3.095,33.066,2.393
0,2,1,31.493,16.155,30.764,15.414
1,2,1,31.530,16.162,30.698,15.328
2,2,1,31.523,16.169,30.698,15.342
3,2,1,31.522,16.118,30.698,15.291
4,2,1,31.522,16.060,30.698,15.233
5,2,1,31.522,16.016,30.698,15.189
6,2,1,31.536,15.958,30.712,15.131
7,2,1,31.536,15.900,30.712,15.073
8,2,1,31.551,15.842,30.726,15.015
9,2,1,31.565,15.783,30.741,14.956
10,2,1,31.565,15.732,30.762,14.593
11,2,1,31.623,15.681,30.747,14.607
12,2,1,31.586,15.579,30.835,14.715
13,2,1,31.557,15.500,30.820,14.788
14,2,1,31.557,15.485,30.806,14.796
15,2,1,31.571,15.391,30.806,14.723
16,2,1,31.549,15.325,30.834,14.614
17,2,1,31.578,15.260,30.871,14.577
18,2,1,31.585,15.238,30.870,14.504
19,2,1,31.556,15.245,30.855,14.374
20,2,1,31.541,15.195,30.884,14.185
21,2,1,31.519,15.079,30.891,14.105
22,2,1,31.592,15.114,30.847,13.931
23,2,1,31.592,15.063,30.825,13.873
24,2,1,31.570,15.035,30.854,13.822
25,2,1,31.511,14.955,30.905,13.872
26,2,1,31.541,15.006,30.883,13.734
27,2,1,31.548,14.882,30.919,13.836
28,2,1,31.540,14.846,30.912,13.886
29,2,1,31.540,14.802,30.912,13.879
30,2,1,31.612,14.664,30.890,13.887
31,2,1,31.619,14.642,30.883,13.894
32,2,1,31.619,14.584,30.890,13.908
33,2,1,31.648,14.511,30.898,13.879
34,2,1,31.677,14.423,30.876,13.778
35,2,1,31.691,14.358,30.883,13.705
36,2,1,31.691,14.329,30.919,13.625
37,2,1,31.655,14.344,30.882,13.553
38,2,1,31.618,14.279,30.925,13.364
39,2,1,31.611,14.235,30.925,13.414
40,2,1,31.618,14.184,30.932,13.363
41,2,1,31.654,14.111,30.969,13.291
42,2,1,31.632,14.082,30.947,13.262
43,2,1,31.654,14.031,30.968,13.211
44,2,1,31.306,14.246,30.620,13.425
45,2,1,31.813,13.993,31.004,13.043
46,2,1,31.798,13.885,30.997,13.073
47,2,1,32.081,13.664,31.396,12.851
48,2,1,31.813,13.739,30.997,13.036
49,2,1,31.812,13.689,31.040,13.021
50,2,1,31.805,13.674,31.011,13.000
51,2,1,31.834,13.565,31.004,12.920
52,2,1,31.819,13.507,31.003,12.818
53,2,1,31.833,13.463,31.061,12.738
54,2,1,31.841,13.463,31.083,12.629
55,2,1,31.826,13.493,31.097,12.440
56,2,1,31.855,13.412,31.111,12.375
57,2,1,31.862,13.340,31.118,12.281
58,2,1,31.840,13.297,31.133,12.259
59,2,1,31.839,13.101,31.155,12.331
60,2,1,31.884,13.325,31.074,12.216
61,2,1,31.847,13.224,31.104,12.317
62,2,1,31.811,13.232,31.126,12.462
63,2,1,31.825,13.108,31.140,12.339
64,2,1,31.832,13.065,31.147,12.295
65,2,1,31.854,13.014,31.169,12.244
66,2,1,31.861,12.977,31.176,12.208
67,2,1,31.882,12.948,31.198,12.178
68,2,1,31.890,12.919,31.205,12.149
69,2,1,31.897,12.890,31.212,12.120
70,2,1,31.904,12.861,31.219,12.091
71,2,1,31.926,12.817,31.241,12.048
72,2,1,31.947,12.773,31.262,12.004
73,2,1,31.969,12.744,31.284,11.975
74,2,1,31.990,12.701,31.306,11.931
75,2,1,32.099,12.547,31.370,11.735
76,2,1,32.179,12.561,31.385,11.727
77,2,1,32.128,12.518,31.443,11.749
78,2,1,32.142,12.496,31.458,11.727
79,2,1,32.164,12.452,31.479,11.683
80,2,1,32.200,12.423,31.515,11.654
81,2,1,32.207,12.394,31.523,11.625
82,2,1,32.229,12.365,31.544,11.596
83,2,1,32.250,12.336,31.566,11.567
84,2,1,32.482,12.276,31.486,11.654
85,2,1,32.438,12.211,31.551,11.574
86,2,1,32.438,12.211,31.609,11.515
87,2,1,32.511,12.167,31.617,11.530
88,2,1,32.402,12.218,31.718,11.478
89,2,1,32.424,12.189,31.740,11.449
90,2,1,32.445,12.160,31.761,11.420
91,2,1,32.453,12.146,31.768,11.405
92,2,1,32.489,12.116,31.805,11.376
93,2,1,32.496,12.087,31.812,11.347
94,2,1,32.575,11.978,31.826,11.137
95,2,1,32.626,11.985,31.818,11.130
96,2,1,32.560,11.927,31.876,11.187
97,2,1,32.582,11.913,31.898,11.173
98,2,1,32.604,11.884,31.920,11.144
99,2,1,32.611,11.855,31.927,11.115
100,2,1,32.632,11.825,31.949,11.085
101,2,1,32.640,11.811,31.956,11.071
102,2,1,32.661,11.782,31.977,11.042
103,2,1,32.668,11.753,31.985,11.013
104,2,1,32.705,11.723,32.021,10.983
105,2,1,32.712,11.694,32.028,10.954
106,2,1,32.734,11.752,32.050,11.056
107,2,1,32.799,11.701,32.021,11.027
108,2,1,32.791,11.629,32.086,10.983
109,2,1,32.849,11.599,32.122,10.975
110,2,1,32.863,11.563,32.129,10.946
111,2,1,32.907,11.541,32.108,10.939
112,2,1,32.842,11.592,32.158,10.896
113,2,1,32.863,11.577,32.180,10.881
115,2,1,32.907,11.534,32.223,10.837
116,2,1,32.928,11.504,32.245,10.808
117,2,1,32.964,11.490,32.281,10.793
118,2,1,32.986,11.446,32.303,10.750
119,2,1,33.022,11.431,32.339,10.735
120,2,1,33.058,11.402,32.375,10.706
121,2,1,33.094,11.373,32.411,10.676
122,2,1,33.130,11.344,32.447,10.647
123,2,1,33.166,11.314,32.483,10.618
124,2,1,33.202,11.299,32.519,10.603
125,2,1,33.239,11.285,32.556,10.589
126,2,1,33.260,11.256,32.577,10.559
127,2,1,33.296,11.226,32.613,10.530
128,2,1,33.318,11.197,32.635,10.501
129,2,1,33.354,11.183,32.671,10.486
130,2,1,33.397,11.095,32.692,10.407
131,2,1,33.383,11.103,32.700,10.414
132,2,1,33.440,11.044,32.685,10.327
133,2,1,33.476,11.051,32.699,10.269
134,2,1,33.433,11.037,32.685,10.248
135,2,1,33.397,10.987,32.714,10.298
136,2,1,33.418,10.965,32.735,10.276
137,2,1,33.534,11.029,32.800,10.016
138,2,1,33.534,11.015,32.807,9.972
139,2,1,33.505,10.841,32.822,10.153
140,2,1,33.526,10.805,32.843,10.116
141,2,1,33.548,10.769,32.865,10.080
142,2,1,33.584,10.732,32.901,10.044
143,2,1,33.605,10.682,32.922,9.993
144,2,1,33.641,10.631,32.958,9.942
145,2,1,33.807,10.536,33.110,9.861
146,2,1,33.792,10.543,33.110,9.861
147,2,1,33.828,10.499,33.146,9.818
148,2,1,33.987,10.404,33.117,9.811
149,2,1,33.886,10.448,33.204,9.774
150,2,1,34.016,10.324,33.102,9.753
151,2,1,33.900,10.376,33.218,9.709
153,2,1,33.958,10.303,33.275,9.636
154,2,1,34.044,10.288,33.224,9.377
155,2,1,34.117,10.295,33.289,9.369
156,2,1,34.124,10.237,33.339,9.289
157,2,1,34.123,10.194,33.296,9.290
158,2,1,34.138,10.172,33.361,9.231
159,2,1,34.087,10.035,33.405,9.368
160,2,1,34.195,10.041,33.382,9.246
161,2,1,34.230,9.904,33.455,9.224
163,2,1,34.266,9.716,33.498,9.144
164,2,1,34.215,9.760,33.534,9.107
165,2,1,34.460,9.578,33.613,9.107
167,2,1,34.431,9.570,33.670,8.861
168,2,1,34.467,9.577,33.706,8.774
169,2,1,34.446,9.570,33.734,8.673
170,2,1,34.439,9.643,33.697,8.486
171,2,1,34.431,9.635,33.704,8.428
172,2,1,34.446,9.614,33.704,8.378
173,2,1,34.409,9.556,33.741,8.522
174,2,1,34.402,9.542,33.755,8.493
175,2,1,34.380,9.491,33.755,8.478
176,2,1,34.430,9.397,33.769,8.478
177,2,1,34.437,9.289,33.762,8.435
178,2,1,34.466,9.246,33.755,8.406
179,2,1,34.458,9.166,33.740,8.385
180,2,1,34.429,9.094,33.769,8.457
181,2,1,34.429,9.051,33.769,8.413
182,2,1,34.429,9.022,33.769,8.384
183,2,1,34.429,8.979,33.769,8.341
184,2,1,34.428,8.950,33.769,8.312
185,2,1,34.428,8.921,33.769,8.283
186,2,1,34.428,8.892,33.768,8.255
187,2,1,34.428,8.863,33.768,8.226
188,2,1,34.428,8.835,33.768,8.197
189,2,1,34.428,8.806,33.768,8.168
190,2,1,34.413,8.763,33.753,8.125
191,2,1,34.413,8.705,33.753,8.067
192,2,1,34.398,8.647,33.739,8.010
194,2,1,34.391,8.640,33.731,8.002
195,2,1,34.362,8.583,33.702,7.945
196,2,1,34.333,8.525,33.673,7.887
197,2,1,34.303,8.453,33.644,7.815
198,2,1,34.316,8.100,33.657,7.412
199,2,1,34.309,8.078,33.650,7.441
200,2,1,34.294,8.035,33.635,7.397
201,2,1,34.280,8.006,33.620,7.369
202,2,1,34.265,7.963,33.606,7.326
203,2,1,34.251,7.920,33.591,7.282
204,2,1,34.120,7.719,33.381,7.125
205,2,1,34.084,7.741,33.424,7.110
206,2,1,34.069,7.705,33.410,7.074
207,2,1,34.026,7.655,33.366,7.024
208,2,1,34.011,7.619,33.352,6.988
209,2,1,33.982,7.569,33.323,6.938
210,2,1,33.939,7.518,33.279,6.888
211,2,1,33.924,7.468,33.264,6.837
212,2,1,33.880,7.432,33.221,6.801
213,2,1,33.866,7.382,33.206,6.751
214,2,1,33.822,7.346,33.163,6.715
215,2,1,33.822,7.296,33.163,6.665
216,2,1,33.793,7.260,33.134,6.629
217,2,1,33.779,7.224,33.119,6.593
218,2,1,33.750,7.188,33.090,6.557
219,2,1,33.720,7.138,33.061,6.507
220,2,1,33.706,7.087,33.046,6.456
221,2,1,33.691,7.037,33.032,6.406
222,2,1,33.648,7.001,32.988,6.370
223,2,1,33.648,6.965,32.988,6.334
224,2,1,33.619,6.929,32.959,6.298
225,2,1,33.604,6.879,32.944,6.248
226,2,1,33.575,6.829,32.915,6.198
227,2,1,33.546,6.778,32.886,6.147
228,2,1,33.531,6.728,32.871,6.097
229,2,1,33.531,6.677,32.871,6.047
230,2,1,33.516,6.642,32.857,6.011
231,2,1,33.487,6.591,32.828,5.960
232,2,1,33.473,6.555,32.813,5.925
233,2,1,33.472,6.505,32.813,5.874
234,2,1,33.458,6.469,32.798,5.838
235,2,1,33.429,6.419,32.769,5.788
236,2,1,33.400,6.383,32.740,5.752
237,2,1,33.385,6.332,32.725,5.702
238,2,1,33.385,6.296,32.725,5.666
239,2,1,33.370,6.261,32.711,5.630
240,2,1,33.341,6.225,32.682,5.594
241,2,1,33.312,6.174,32.653,5.544
242,2,1,33.298,6.138,32.638,5.508
243,2,1,33.283,6.102,32.623,5.472
244,2,1,33.254,6.052,32.594,5.421
245,2,1,33.225,6.002,32.565,5.371
246,2,1,33.196,5.966,32.536,5.335
247,2,1,33.167,5.916,32.507,5.285
248,2,1,33.138,5.880,32.478,5.249
249,2,1,33.123,5.830,32.463,5.199
250,2,1,33.109,5.794,32.449,5.163
251,2,1,33.079,5.743,32.420,5.112
252,2,1,33.065,5.707,32.405,5.077
253,2,1,33.050,5.671,32.391,5.041
254,2,1,33.021,5.636,32.362,5.005
255,2,1,33.007,5.585,32.347,4.954
256,2,1,32.992,5.549,32.332,4.918
257,2,1,32.963,5.499,32.303,4.868
258,2,1,32.948,5.463,32.289,4.832
259,2,1,32.934,5.427,32.274,4.796
260,2,1,32.905,5.391,32.245,4.760
261,2,1,32.890,5.341,32.231,4.710
262,2,1,32.890,5.305,32.230,4.674
263,2,1,32.875,5.255,32.216,4.624
264,2,1,32.846,5.219,32.187,4.588
265,2,1,32.832,5.154,32.172,4.523
266,2,1,32.832,5.118,32.172,4.487
267,2,1,32.817,5.068,32.157,4.437
268,2,1,32.802,5.032,32.143,4.401
269,2,1,32.802,4.981,32.143,4.351
270,2,1,32.788,4.946,32.128,4.315
271,2,1,32.773,4.910,32.113,4.279
272,2,1,32.773,4.874,32.113,4.243
273,2,1,32.758,4.838,32.099,4.207
274,2,1,32.729,4.802,32.070,4.171
275,2,1,32.729,4.766,32.070,4.135
276,2,1,32.715,4.730,32.055,4.099
114,2,1,32.870,11.534,32.187,10.837
152,2,1,33.922,10.332,33.239,9.666
162,2,1,34.273,9.810,33.491,9.209
166,2,1,34.424,9.578,33.634,9.049
277,2,1,32.714,4.694,32.055,4.063
278,2,1,32.700,4.658,32.040,4.027
279,2,1,32.671,4.622,32.011,3.991
280,2,1,32.656,4.586,31.997,3.955
281,2,1,32.656,4.550,31.997,3.919
282,2,1,32.642,4.514,31.982,3.883
283,2,1,32.613,4.478,31.953,3.847
284,2,1,32.584,4.443,31.924,3.812
285,2,1,32.569,4.392,31.909,3.761
286,2,1,32.569,4.356,31.909,3.725
287,2,1,32.554,4.320,31.895,3.689
288,2,1,32.525,4.285,31.866,3.653
289,2,1,32.511,4.249,31.851,3.618
290,2,1,32.510,4.213,31.851,3.582
291,2,1,32.496,4.177,31.836,3.546
292,2,1,32.467,4.141,31.807,3.510
293,2,1,32.452,4.105,31.793,3.474
294,2,1,32.452,4.083,31.793,3.452
295,2,1,32.438,4.047,31.778,3.416
296,2,1,32.409,4.026,31.749,3.395
297,2,1,32.394,3.976,31.734,3.345
298,2,1,32.394,3.954,31.734,3.323
299,2,1,32.394,3.918,31.734,3.287
300,2,1,32.379,3.897,31.720,3.266
301,2,1,32.365,3.861,31.705,3.230
302,2,1,32.365,3.825,31.705,3.194
303,2,1,32.350,3.789,31.690,3.158
304,2,1,32.335,3.739,31.676,3.107
305,2,1,32.335,3.688,31.676,3.057
306,2,1,32.335,3.652,31.676,3.021
307,2,1,32.320,3.588,31.661,2.956
308,2,1,32.306,3.552,31.646,2.921
309,2,1,32.320,3.516,31.661,2.885
310,2,1,32.306,3.494,31.646,2.863
311,2,1,32.306,3.458,31.646,2.827
312,2,1,32.305,3.437,31.646,2.806
313,2,1,32.305,3.401,31.646,2.770
314,2,1,32.305,3.365,31.646,2.734
315,2,1,32.291,3.329,31.631,2.698
316,2,1,32.276,3.307,31.617,2.676
317,2,1,32.276,3.271,31.616,2.640
318,2,1,32.276,3.250,31.616,2.619
319,2,1,32.261,3.214,31.602,2.583
320,2,1,32.232,3.192,31.573,2.561
321,2,1,32.232,3.156,31.573,2.525
322,2,1,32.218,3.135,31.558,2.504
323,2,1,32.218,3.099,31.558,2.468
324,2,1,32.203,3.063,31.544,2.432
325,2,1,32.188,3.013,31.529,2.382
0,3,1,32.333,5.098,31.650,4.086
1,3,1,32.362,5.213,31.599,4.007
2,3,1,32.384,5.235,31.599,4.014
3,3,1,32.370,5.221,31.599,4.014
4,3,1,32.363,5.257,31.592,4.050
5,3,1,32.356,5.314,31.585,4.108
6,3,1,32.348,5.343,31.578,4.136
7,3,1,32.327,5.408,31.557,4.201
8,3,1,32.334,5.444,31.564,4.237
9,3,1,32.313,5.480,31.542,4.273
10,3,1,32.320,5.502,31.550,4.295
11,3,1,32.320,5.538,31.550,4.331
12,3,1,32.306,5.574,31.535,4.367
13,3,1,32.284,5.624,31.514,4.417
14,3,1,32.284,5.660,31.514,4.453
15,3,1,32.256,5.711,31.485,4.504
16,3,1,32.249,5.732,31.478,4.525
17,3,1,32.480,5.775,31.710,4.568
18,3,1,32.220,5.819,31.449,4.612
19,3,1,32.198,5.855,31.428,4.648
20,3,1,32.170,5.898,31.399,4.691
21,3,1,32.184,5.927,31.414,4.720
22,3,1,32.177,5.949,31.406,4.742
23,3,1,32.163,5.985,31.392,4.778
24,3,1,32.148,6.007,31.378,4.799
25,3,1,32.141,6.043,31.370,4.835
26,3,1,32.134,6.064,31.363,4.857
27,3,1,32.113,6.101,31.342,4.893
28,3,1,32.105,6.122,31.335,4.915
29,3,1,32.098,6.144,31.327,4.936
30,3,1,32.091,6.165,31.320,4.958
31,3,1,32.084,6.187,31.313,4.980
32,3,1,32.077,6.209,31.306,5.001
33,3,1,32.070,6.230,31.299,5.023
34,3,1,32.062,6.252,31.292,5.045
35,3,1,32.055,6.274,31.284,5.066
36,3,1,32.063,6.295,31.292,5.088
37,3,1,32.055,6.317,31.285,5.110
38,3,1,32.048,6.324,31.277,5.117
39,3,1,32.041,6.346,31.270,5.138
40,3,1,32.048,6.367,31.277,5.160
41,3,1,32.041,6.389,31.270,5.182
42,3,1,32.048,6.411,31.278,5.203
43,3,1,32.033,6.173,31.148,5.506
44,3,1,32.048,6.173,31.235,5.484
45,3,1,32.040,6.187,31.271,5.470
46,3,1,32.041,6.331,31.263,5.326
47,3,1,32.027,6.353,31.249,5.347
48,3,1,31.968,6.144,31.213,5.549
49,3,1,31.968,6.144,31.206,5.564
50,3,1,31.969,6.310,31.206,5.398
51,3,1,31.954,6.339,31.191,5.427
52,3,1,31.954,6.368,31.191,5.456
53,3,1,31.940,6.382,31.177,5.470
54,3,1,31.940,6.411,31.177,5.499
55,3,1,31.926,6.440,31.163,5.528
56,3,1,31.911,6.483,31.148,5.571
57,3,1,31.897,6.512,31.134,5.600
58,3,1,31.883,6.556,31.120,5.643
59,3,1,31.840,6.794,31.120,5.809
60,3,1,31.854,6.758,31.106,5.838
61,3,1,31.840,6.794,31.091,5.874
62,3,1,31.840,6.830,31.091,5.910
63,3,1,31.826,6.881,31.077,5.961
64,3,1,31.811,6.917,31.063,5.997
65,3,1,31.812,6.982,31.063,6.062
66,3,1,31.797,7.018,31.049,6.098
67,3,1,31.862,6.880,31.006,6.264
68,3,1,31.805,7.018,31.049,6.120
69,3,1,31.870,6.974,30.984,6.409
70,3,1,31.848,7.039,30.984,6.445
71,3,1,31.819,7.133,30.984,6.416
72,3,1,31.791,7.285,31.013,6.459
73,3,1,31.741,7.357,31.035,6.517
74,3,1,31.697,7.422,31.014,6.538
75,3,1,31.726,7.393,30.978,6.560
76,3,1,31.726,7.429,30.978,6.596
77,3,1,31.712,7.480,30.963,6.647
78,3,1,31.698,7.531,30.949,6.697
79,3,1,31.727,7.538,31.021,6.567
80,3,1,31.741,7.473,31.000,6.639
81,3,1,31.785,7.559,30.964,6.733
82,3,1,31.741,7.559,31.000,6.733
83,3,1,31.734,7.617,30.993,6.791
84,3,1,31.713,7.660,30.971,6.834
85,3,1,31.720,7.718,30.979,6.892
86,3,1,31.713,7.762,30.971,6.935
87,3,1,31.706,7.805,30.964,6.979
88,3,1,31.684,7.863,30.943,7.037
89,3,1,31.677,7.921,30.936,7.094
90,3,1,31.656,7.978,30.914,7.152
91,3,1,31.649,8.022,30.907,7.196
92,3,1,31.627,8.065,30.885,7.239
93,3,1,31.620,8.123,30.878,7.297
94,3,1,31.598,8.181,30.857,7.355
95,3,1,31.591,8.239,30.850,7.413
96,3,1,31.584,8.297,30.843,7.470
97,3,1,31.577,8.355,30.835,7.528
98,3,1,31.556,8.412,30.814,7.586
99,3,1,31.505,8.434,30.706,7.897
100,3,1,31.541,8.478,30.699,7.991
101,3,1,31.491,8.630,30.749,7.832
102,3,1,31.484,8.673,30.742,7.875
103,3,1,31.477,8.702,30.735,7.904
104,3,1,31.455,8.760,30.713,7.962
105,3,1,31.434,8.818,30.692,8.020
106,3,1,31.412,8.876,30.670,8.078
107,3,1,31.405,8.934,30.663,8.136
108,3,1,31.384,8.992,30.642,8.194
109,3,1,31.261,9.188,30.591,8.173
110,3,1,31.297,9.079,30.562,8.274
111,3,1,31.283,9.130,30.548,8.325
112,3,1,31.276,9.231,30.584,8.346
113,3,1,31.290,9.188,30.562,8.382
115,3,1,31.247,9.275,30.519,8.469
116,3,1,31.240,9.325,30.512,8.520
117,3,1,31.218,9.376,30.490,8.571
118,3,1,31.211,9.427,30.483,8.622
119,3,1,31.189,9.463,30.461,8.658
120,3,1,31.168,9.514,30.440,8.709
121,3,1,31.146,9.565,30.418,8.759
122,3,1,31.125,9.615,30.397,8.810
123,3,1,31.088,9.666,30.360,8.861
124,3,1,31.081,9.731,30.353,8.926
125,3,1,31.045,9.782,30.317,8.977
126,3,1,31.038,9.833,30.310,9.028
127,3,1,31.002,9.884,30.274,9.079
128,3,1,30.995,9.964,30.267,9.158
129,3,1,30.959,10.015,30.282,9.404
130,3,1,30.872,10.022,30.202,9.484
131,3,1,30.901,10.145,30.188,9.361
132,3,1,30.894,10.174,30.180,9.390
133,3,1,30.793,10.443,30.173,9.506
134,3,1,30.779,10.494,30.108,9.565
135,3,1,30.793,10.414,30.094,9.630
136,3,1,30.771,10.458,30.072,9.673
137,3,1,30.764,10.516,30.065,9.731
138,3,1,30.728,10.559,30.029,9.775
139,3,1,30.721,10.617,30.022,9.833
140,3,1,30.699,10.675,30.000,9.891
141,3,1,30.707,10.777,30.043,9.746
142,3,1,30.721,10.661,30.029,9.876
143,3,1,30.671,10.799,29.993,9.906
144,3,1,30.693,10.791,29.993,10.014
145,3,1,30.678,10.820,29.935,10.138
146,3,1,30.635,10.937,29.885,10.298
147,3,1,30.599,10.988,29.914,10.225
148,3,1,30.577,11.024,29.892,10.261
149,3,1,30.570,11.075,29.885,10.312
150,3,1,30.548,11.111,29.863,10.349
151,3,1,30.527,11.162,29.841,10.399
153,3,1,30.483,11.264,29.798,10.501
154,3,1,30.447,11.315,29.762,10.552
155,3,1,30.425,11.366,29.740,10.603
156,3,1,30.404,11.417,29.718,10.654
157,3,1,30.397,11.468,29.711,10.705
158,3,1,30.360,11.519,29.675,10.756
159,3,1,30.346,11.512,29.530,10.974
160,3,1,30.281,11.614,29.595,10.858
161,3,1,30.274,11.657,29.588,10.901
163,3,1,30.230,11.730,29.545,10.974
164,3,1,30.223,11.788,29.538,11.032
165,3,1,30.201,11.846,29.516,11.091
167,3,1,30.187,11.963,29.502,11.207
168,3,1,30.180,12.035,29.494,11.279
169,3,1,30.173,12.079,29.487,11.323
170,3,1,30.166,12.137,29.480,11.381
171,3,1,30.159,12.180,29.473,11.425
172,3,1,30.166,12.209,29.480,11.454
173,3,1,30.239,12.252,29.524,11.511
174,3,1,30.275,12.332,29.437,11.744
175,3,1,30.196,12.398,29.510,11.656
176,3,1,30.188,12.441,29.503,11.700
177,3,1,30.181,12.471,29.495,11.729
178,3,1,30.159,12.514,29.474,11.773
179,3,1,30.152,12.572,29.467,11.831
180,3,1,30.131,12.631,29.445,11.889
181,3,1,30.124,12.689,29.438,11.947
182,3,1,30.102,12.733,29.416,11.991
183,3,1,30.095,12.791,29.409,12.049
184,3,1,30.073,12.849,29.387,12.107
185,3,1,30.066,12.893,29.380,12.151
186,3,1,30.044,12.936,29.358,12.195
187,3,1,30.037,12.980,29.351,12.238
188,3,1,30.030,13.038,29.344,12.297
189,3,1,30.037,13.096,29.351,12.355
190,3,1,30.030,13.154,29.344,12.413
191,3,1,30.023,13.198,29.337,12.456
192,3,1,30.030,13.241,29.344,12.500
193,3,1,30.038,13.285,29.352,12.543
194,3,1,30.031,13.329,29.345,12.587
195,3,1,30.053,13.387,29.367,12.645
196,3,1,30.060,13.445,29.374,12.703
197,3,1,30.082,13.502,29.396,12.761
198,3,1,30.089,13.546,29.403,12.804
199,3,1,30.111,13.604,29.425,12.862
200,3,1,30.133,13.676,29.447,12.935
201,3,1,30.170,13.734,29.484,12.992
202,3,1,30.177,13.792,29.491,13.051
203,3,1,30.199,13.836,29.513,13.094
204,3,1,30.221,13.879,29.535,13.137
205,3,1,30.243,13.922,29.557,13.181
206,3,1,30.251,13.966,29.565,13.224
207,3,1,30.287,14.009,29.601,13.267
208,3,1,30.309,14.052,29.623,13.311
209,3,1,30.316,14.096,29.630,13.354
210,3,1,30.324,14.139,29.638,13.398
211,3,1,30.346,14.197,29.660,13.456
212,3,1,30.353,14.241,29.667,13.499
213,3,1,30.375,14.284,29.689,13.543
214,3,1,30.383,14.342,29.696,13.601
215,3,1,30.405,14.386,29.718,13.644
216,3,1,30.412,14.444,29.726,13.702
217,3,1,30.434,14.487,29.748,13.746
218,3,1,30.441,14.545,29.755,13.804
219,3,1,30.463,14.589,29.777,13.847
220,3,1,30.471,14.647,29.785,13.905
221,3,1,30.493,14.690,29.807,13.948
222,3,1,30.500,14.748,29.814,14.007
223,3,1,30.493,14.806,29.807,14.065
224,3,1,30.500,14.850,29.814,14.108
225,3,1,30.508,14.893,29.822,14.152
226,3,1,30.515,14.937,29.829,14.195
227,3,1,30.537,14.995,29.851,14.253
228,3,1,30.545,15.038,29.858,14.297
229,3,1,30.567,15.082,29.880,14.340
230,3,1,30.574,15.140,29.888,14.398
231,3,1,30.581,15.184,29.895,14.442
232,3,1,30.589,15.227,29.903,14.485
233,3,1,30.596,15.285,29.910,14.544
234,3,1,30.604,15.329,29.917,14.587
235,3,1,30.626,15.372,29.939,14.631
236,3,1,30.618,15.416,29.932,14.674
237,3,1,30.655,15.459,29.969,14.717
238,3,1,30.662,15.503,29.976,14.761
239,3,1,30.684,15.546,29.998,14.804
240,3,1,30.692,15.575,30.005,14.833
241,3,1,30.699,15.619,30.013,14.877
242,3,1,30.706,15.648,30.020,14.906
243,3,1,30.714,15.691,30.028,14.950
244,3,1,30.721,15.720,30.035,14.979
245,3,1,30.729,15.749,30.042,15.008
246,3,1,30.721,15.778,30.035,15.037
247,3,1,30.729,15.807,30.042,15.066
248,3,1,30.721,15.837,30.035,15.095
249,3,1,30.729,15.866,30.043,15.124
251,3,1,30.722,15.858,30.035,15.117
252,3,1,30.714,15.902,30.028,15.161
253,3,1,30.707,15.960,30.021,15.219
254,3,1,30.700,16.004,30.014,15.263
256,3,1,30.693,15.997,30.006,15.255
257,3,1,30.686,16.026,29.999,15.285
258,3,1,30.664,16.026,29.977,15.285
259,3,1,30.657,16.027,29.970,15.285
260,3,1,30.649,16.027,29.963,15.285
261,3,1,30.657,16.027,29.970,15.285
262,3,1,30.649,16.041,29.963,15.299
263,3,1,30.642,16.056,29.956,15.314
264,3,1,30.635,16.070,29.948,15.329
265,3,1,30.628,16.100,29.941,15.358
266,3,1,30.620,16.143,29.934,15.402
267,3,1,30.628,16.202,29.941,15.460
268,3,1,30.635,16.260,29.949,15.518
269,3,1,30.672,16.317,29.985,15.576
270,3,1,30.694,16.390,30.007,15.648
271,3,1,30.716,16.477,30.030,15.735
273,3,1,30.709,16.470,30.022,15.728
274,3,1,30.701,16.485,30.015,15.743
275,3,1,30.694,16.485,30.008,15.743
276,3,1,30.740,17.118,30.228,16.585
114,3,1,31.268,9.238,30.541,8.433
152,3,1,30.490,11.213,29.805,10.450
162,3,1,30.252,11.686,29.566,10.931
166,3,1,30.194,11.919,29.509,11.163
277,3,1,30.754,17.132,30.221,16.578
278,3,1,30.754,17.183,30.221,16.629
279,3,1,30.755,17.212,30.221,16.658
280,3,1,30.755,17.256,30.221,16.702
281,3,1,30.762,17.292,30.229,16.738
282,3,1,30.762,17.336,30.229,16.782
283,3,1,30.930,17.538,30.111,16.382
284,3,1,30.945,17.530,30.104,16.390
285,3,1,30.908,17.472,30.141,16.440
286,3,1,30.908,17.502,30.141,16.469
287,3,1,30.916,17.589,30.148,16.557
288,3,1,30.909,17.604,30.141,16.571
289,3,1,30.909,17.647,30.141,16.615
290,3,1,30.894,17.662,30.127,16.630
291,3,1,30.923,17.720,30.156,16.688
292,3,1,30.924,17.764,30.156,16.731
293,3,1,30.946,17.807,30.178,16.775
294,3,1,30.953,17.822,30.185,16.789
295,3,1,30.953,17.851,30.185,16.819
296,3,1,30.953,17.880,30.185,16.848
0,4,1,32.709,16.679,32.110,15.712
1,4,1,32.759,16.547,32.074,15.777
2,4,1,32.773,16.423,32.001,15.771
3,4,1,32.744,16.460,32.023,15.742
4,4,1,32.744,16.409,32.022,15.691
5,4,1,32.794,16.314,32.059,15.676
6,4,1,32.809,16.278,32.095,15.559
7,4,1,32.794,16.234,32.123,15.508
8,4,1,32.786,16.140,32.116,15.414
9,4,1,32.794,16.198,32.087,15.341
10,4,1,32.816,16.183,32.079,15.312
11,4,1,32.823,16.117,32.101,15.377
12,4,1,32.801,16.176,32.123,15.304
13,4,1,32.779,16.045,32.166,15.072
14,4,1,32.793,16.038,32.158,15.050
15,4,1,32.786,16.031,32.158,15.050
16,4,1,32.778,15.900,32.144,15.014
17,4,1,32.807,15.842,32.143,14.927
18,4,1,32.806,15.660,32.136,14.869
19,4,1,32.791,15.580,32.150,14.839
20,4,1,32.784,15.508,32.128,14.832
21,4,1,32.835,15.500,32.157,14.825
22,4,1,32.871,15.391,32.128,14.854
23,4,1,32.849,15.434,32.179,14.679
24,4,1,32.841,15.355,32.171,14.585
25,4,1,32.841,15.296,32.142,14.534
26,4,1,32.848,15.267,32.164,14.527
27,4,1,32.819,15.210,32.149,14.375
28,4,1,32.804,15.173,32.156,14.425
29,4,1,32.804,15.123,32.156,14.375
30,4,1,32.819,15.057,32.170,14.309
31,4,1,32.833,15.006,32.184,14.258
32,4,1,32.825,14.941,32.177,14.193
33,4,1,32.891,14.955,32.191,14.106
34,4,1,32.926,14.816,32.198,14.055
35,4,1,32.911,14.679,32.140,14.070
36,4,1,32.846,14.745,32.198,14.004
37,4,1,32.969,14.547,32.125,13.976
38,4,1,32.868,14.628,32.219,13.895
39,4,1,32.867,14.578,32.219,13.844
40,4,1,32.867,14.527,32.219,13.793
41,4,1,32.867,14.476,32.219,13.743
42,4,1,32.867,14.411,32.219,13.677
43,4,1,32.881,14.360,32.233,13.626
44,4,1,32.881,14.302,32.233,13.568
45,4,1,32.896,14.389,32.225,13.416
46,4,1,32.917,14.323,32.202,13.134
47,4,1,32.924,14.250,32.203,13.293
48,4,1,32.960,14.083,32.159,13.315
49,4,1,32.880,14.070,32.232,13.329
50,4,1,32.938,14.025,32.195,13.192
51,4,1,32.887,13.982,32.239,13.242
52,4,1,32.901,13.939,32.253,13.198
53,4,1,32.908,13.902,32.260,13.162
54,4,1,33.016,13.582,32.152,13.141
55,4,1,32.943,13.547,32.180,13.105
56,4,1,32.950,13.496,32.194,12.960
57,4,1,32.893,13.591,32.245,12.879
58,4,1,33.015,13.416,32.273,12.676
59,4,1,32.957,13.409,32.310,12.698
60,4,1,32.972,13.365,32.324,12.654
61,4,1,32.957,13.307,32.309,12.596
62,4,1,32.986,13.249,32.338,12.538
63,4,1,33.000,13.191,32.352,12.480
64,4,1,33.000,13.133,32.352,12.422
65,4,1,33.014,13.090,32.366,12.378
66,4,1,33.028,13.046,32.381,12.335
68,4,1,33.021,13.039,32.373,12.327
69,4,1,33.021,12.995,32.373,12.284
70,4,1,33.035,12.952,32.388,12.240
71,4,1,33.050,12.908,32.402,12.197
72,4,1,33.064,12.850,32.416,12.139
73,4,1,33.078,12.806,32.431,12.095
74,4,1,33.194,12.791,32.517,11.884
75,4,1,33.172,12.697,32.524,11.986
76,4,1,33.186,12.653,32.539,11.942
77,4,1,33.215,12.609,32.568,11.898
78,4,1,33.229,12.551,32.582,11.840
79,4,1,33.229,12.493,32.582,11.782
80,4,1,33.243,12.450,32.596,11.739
81,4,1,33.272,12.406,32.625,11.695
82,4,1,33.309,12.478,32.552,11.710
83,4,1,33.301,12.399,32.560,11.725
84,4,1,33.300,12.283,32.581,11.696
85,4,1,33.286,12.232,32.581,11.667
86,4,1,33.307,12.181,32.588,11.623
87,4,1,33.314,12.116,32.581,11.543
88,4,1,33.271,12.167,32.624,11.492
89,4,1,33.401,12.007,32.674,11.253
90,4,1,33.393,11.993,32.666,11.137
91,4,1,33.350,11.906,32.703,11.231
92,4,1,33.364,11.855,32.717,11.180
93,4,1,33.378,11.819,32.731,11.144
94,4,1,33.437,11.941,32.716,11.036
95,4,1,33.407,11.862,32.724,11.000
96,4,1,33.451,11.804,32.731,10.985
97,4,1,33.465,11.782,32.709,10.964
98,4,1,33.508,11.651,32.738,10.956
99,4,1,33.580,11.564,32.745,10.934
100,4,1,33.479,11.587,32.832,10.919
101,4,1,33.493,11.543,32.846,10.876
102,4,1,33.659,11.440,32.853,10.890
103,4,1,33.572,11.492,32.926,10.832
104,4,1,33.601,11.455,32.954,10.795
105,4,1,33.702,11.346,32.925,10.571
106,4,1,33.702,11.353,32.946,10.549
107,4,1,33.644,11.281,32.997,10.621
108,4,1,33.672,11.231,33.026,10.570
109,4,1,33.687,11.180,33.040,10.520
110,4,1,33.701,11.144,33.055,10.483
111,4,1,33.744,11.078,33.098,10.418
112,4,1,33.758,11.042,33.112,10.382
113,4,1,33.802,10.991,33.155,10.331
115,4,1,33.903,11.019,33.257,10.359
116,4,1,33.932,10.983,33.285,10.323
117,4,1,33.946,10.932,33.300,10.272
118,4,1,33.960,10.910,33.314,10.250
119,4,1,34.003,10.859,33.357,10.199
120,4,1,34.032,10.837,33.386,10.177
121,4,1,34.061,10.786,33.415,10.127
122,4,1,34.090,10.750,33.444,10.090
123,4,1,34.118,10.699,33.472,10.039
124,4,1,34.147,10.663,33.501,10.003
125,4,1,34.190,10.626,33.544,9.967
126,4,1,34.248,10.590,33.602,9.930
127,4,1,34.291,10.539,33.645,9.879
128,4,1,34.320,10.503,33.674,9.843
129,4,1,34.348,10.452,33.703,9.792
130,4,1,34.392,10.415,33.746,9.756
131,4,1,34.435,10.379,33.789,9.719
132,4,1,34.449,10.343,33.803,9.683
133,4,1,34.492,10.306,33.847,9.647
134,4,1,34.492,10.270,33.846,9.611
135,4,1,34.521,10.220,33.875,9.560
136,4,1,34.578,10.082,33.802,9.394
137,4,1,34.571,10.147,33.773,9.330
138,4,1,34.491,10.068,33.846,9.409
139,4,1,34.505,10.032,33.860,9.372
140,4,1,34.549,9.995,33.903,9.336
141,4,1,34.563,9.945,33.917,9.285
142,4,1,34.591,9.894,33.946,9.235
143,4,1,34.620,9.843,33.975,9.184
144,4,1,34.634,9.793,33.989,9.133
145,4,1,34.756,9.669,34.082,9.032
146,4,1,34.735,9.677,34.089,9.024
147,4,1,34.749,9.633,34.104,8.981
148,4,1,34.749,9.604,34.104,8.952
149,4,1,34.763,9.561,34.118,8.909
150,4,1,34.777,9.503,34.132,8.851
151,4,1,34.777,9.445,34.132,8.793
153,4,1,34.805,9.359,34.160,8.707
154,4,1,34.805,9.301,34.160,8.649
155,4,1,34.892,9.286,34.195,8.302
156,4,1,34.855,9.128,34.210,8.475
157,4,1,34.928,9.286,34.179,8.137
158,4,1,34.862,9.063,34.217,8.411
159,4,1,34.861,9.005,34.216,8.353
160,4,1,34.876,8.947,34.231,8.295
161,4,1,34.890,8.889,34.245,8.237
163,4,1,34.904,8.788,34.259,8.136
164,4,1,34.918,8.745,34.273,8.093
165,4,1,34.903,8.702,34.258,8.050
167,4,1,34.903,8.615,34.258,7.963
168,4,1,34.903,8.572,34.258,7.920
169,4,1,34.902,8.514,34.258,7.862
170,4,1,34.902,8.457,34.257,7.805
171,4,1,34.902,8.399,34.257,7.747
172,4,1,34.887,8.342,34.242,7.690
173,4,1,34.873,8.298,34.228,7.646
174,4,1,34.872,8.241,34.228,7.589
175,4,1,34.872,8.183,34.227,7.531
176,4,1,34.872,8.125,34.227,7.473
177,4,1,34.857,8.082,34.212,7.430
178,4,1,34.842,8.025,34.198,7.373
179,4,1,34.857,7.981,34.212,7.329
180,4,1,34.828,7.953,34.183,7.301
181,4,1,34.828,7.910,34.183,7.258
182,4,1,34.827,7.866,34.183,7.214
183,4,1,34.813,7.809,34.168,7.157
184,4,1,34.827,7.751,34.182,7.099
185,4,1,34.812,7.708,34.167,7.056
186,4,1,34.812,7.665,34.167,7.013
187,4,1,34.812,7.607,34.167,6.955
188,4,1,34.797,7.564,34.152,6.912
189,4,1,34.782,7.506,34.138,6.855
190,4,1,34.782,7.449,34.137,6.797
191,4,1,34.782,7.391,34.137,6.739
192,4,1,34.782,7.334,34.137,6.682
193,4,1,34.824,7.161,34.129,6.495
194,4,1,34.795,7.154,34.151,6.502
195,4,1,34.795,7.110,34.150,6.458
196,4,1,34.795,7.053,34.150,6.401
197,4,1,34.780,7.010,34.136,6.358
198,4,1,34.780,6.981,34.135,6.329
199,4,1,34.780,6.923,34.135,6.271
200,4,1,34.765,6.880,34.121,6.228
201,4,1,34.750,6.823,34.106,6.171
202,4,1,34.750,6.779,34.106,6.128
203,4,1,34.736,6.736,34.091,6.084
204,4,1,34.721,6.679,34.076,6.027
205,4,1,34.721,6.621,34.076,5.969
206,4,1,34.706,6.578,34.062,5.926
207,4,1,34.691,6.535,34.047,5.883
208,4,1,34.691,6.477,34.047,5.826
209,4,1,34.677,6.434,34.032,5.783
210,4,1,34.662,6.406,34.018,5.754
211,4,1,34.662,6.363,34.017,5.711
212,4,1,34.662,6.305,34.017,5.653
213,4,1,34.661,6.262,34.017,5.610
214,4,1,34.661,6.233,34.017,5.581
215,4,1,34.647,6.190,34.002,5.538
216,4,1,34.632,6.132,33.988,5.481
217,4,1,34.632,6.089,33.987,5.437
218,4,1,34.632,6.060,33.987,5.409
219,4,1,34.631,6.017,33.987,5.365
220,4,1,34.631,5.945,33.987,5.294
221,4,1,34.631,5.902,33.987,5.250
222,4,1,34.631,5.845,33.986,5.193
223,4,1,34.630,5.787,33.986,5.135
224,4,1,34.630,5.744,33.986,5.092
225,4,1,34.630,5.715,33.986,5.063
226,4,1,34.630,5.658,33.986,5.006
227,4,1,34.630,5.615,33.985,4.963
228,4,1,34.629,5.557,33.985,4.905
229,4,1,34.629,5.514,33.985,4.862
230,4,1,34.629,5.500,33.985,4.848
231,4,1,34.629,5.442,33.985,4.790
232,4,1,34.629,5.399,33.984,4.747
233,4,1,34.614,5.370,33.970,4.718
234,4,1,34.599,5.327,33.955,4.675
235,4,1,34.599,5.270,33.955,4.618
236,4,1,34.585,5.227,33.940,4.575
237,4,1,34.570,5.198,33.926,4.546
238,4,1,34.570,5.140,33.926,4.489
239,4,1,34.570,5.097,33.925,4.445
240,4,1,34.555,5.040,33.911,4.388
241,4,1,34.540,4.997,33.896,4.345
242,4,1,34.540,4.968,33.896,4.316
243,4,1,34.540,4.925,33.896,4.273
244,4,1,34.540,4.867,33.896,4.216
245,4,1,34.540,4.839,33.896,4.187
246,4,1,34.525,4.796,33.881,4.144
247,4,1,34.510,4.767,33.866,4.115
248,4,1,34.525,4.738,33.881,4.086
249,4,1,34.510,4.695,33.866,4.043
250,4,1,34.510,4.637,33.866,3.986
251,4,1,34.495,4.594,33.851,3.943
252,4,1,34.481,4.580,33.837,3.928
253,4,1,34.495,4.523,33.851,3.871
254,4,1,34.480,4.480,33.836,3.828
255,4,1,34.495,4.451,33.851,3.799
256,4,1,34.480,4.408,33.836,3.756
257,4,1,34.494,4.350,33.850,3.698
258,4,1,34.480,4.307,33.836,3.655
259,4,1,34.494,4.278,33.850,3.627
260,4,1,34.479,4.235,33.835,3.584
261,4,1,34.493,4.192,33.850,3.540
262,4,1,34.479,4.163,33.835,3.512
263,4,1,34.493,4.120,33.849,3.469
264,4,1,34.479,4.077,33.835,3.426
265,4,1,34.493,4.049,33.849,3.397
266,4,1,34.478,4.020,33.834,3.368
267,4,1,34.478,3.991,33.834,3.339
268,4,1,34.478,3.948,33.834,3.296
269,4,1,34.478,3.905,33.834,3.253
270,4,1,34.463,3.891,33.819,3.239
271,4,1,34.449,3.848,33.805,3.196
272,4,1,34.449,3.819,33.805,3.167
273,4,1,34.434,3.790,33.790,3.138
274,4,1,34.405,3.747,33.761,3.095
275,4,1,34.405,3.690,33.761,3.038
276,4,1,34.390,3.647,33.746,2.995
114,4,1,33.968,11.105,33.213,10.294
152,4,1,34.791,9.402,34.146,8.750
162,4,1,34.890,8.846,34.245,8.194
166,4,1,34.903,8.659,34.258,8.007
277,4,1,34.390,3.632,33.746,2.981
278,4,1,34.390,3.575,33.746,2.923
279,4,1,34.375,3.546,33.732,2.895
280,4,1,34.361,3.518,33.717,2.866
281,4,1,34.361,3.489,33.717,2.837
282,4,1,34.361,3.460,33.717,2.808
283,4,1,34.346,3.417,33.702,2.765
284,4,1,34.331,3.403,33.688,2.751
285,4,1,34.331,3.374,33.688,2.722
286,4,1,34.331,3.345,33.687,2.694
287,4,1,34.317,3.317,33.673,2.665
288,4,1,34.302,3.288,33.658,2.636
289,4,1,34.302,3.259,33.658,2.608
290,4,1,34.302,3.231,33.658,2.579
291,4,1,34.287,3.202,33.644,2.550
292,4,1,34.273,3.173,33.629,2.522
293,4,1,34.287,3.130,33.643,2.478
294,4,1,34.273,3.116,33.629,2.464
295,4,1,34.287,3.073,33.643,2.421
296,4,1,34.272,3.044,33.629,2.392
297,4,1,34.286,2.944,33.643,2.435
0,5,1,34.039,3.942,33.336,3.147
1,5,1,34.060,3.964,33.329,3.132
2,5,1,34.046,3.992,33.315,3.161
3,5,1,34.046,4.021,33.315,3.190
4,5,1,34.025,4.057,33.293,3.226
5,5,1,34.032,4.093,33.301,3.262
6,5,1,34.011,4.129,33.279,3.298
7,5,1,34.004,4.179,33.272,3.348
8,5,1,33.982,4.194,33.250,3.362
9,5,1,33.975,4.237,33.243,3.406
10,5,1,33.954,4.273,33.222,3.441
11,5,1,33.946,4.208,33.215,3.377
12,5,1,33.939,4.330,33.208,3.499
13,5,1,33.932,4.366,33.201,3.535
14,5,1,33.925,4.417,33.194,3.585
15,5,1,33.918,4.438,33.187,3.607
16,5,1,33.911,4.474,33.179,3.643
17,5,1,33.904,4.517,33.172,3.686
18,5,1,33.897,4.561,33.165,3.729
19,5,1,33.905,4.611,33.173,3.779
20,5,1,33.897,4.647,33.166,3.815
21,5,1,33.890,4.683,33.159,3.851
22,5,1,33.883,4.719,33.152,3.887
23,5,1,33.876,4.769,33.145,3.938
24,5,1,33.869,4.805,33.138,3.973
25,5,1,33.877,4.848,33.094,3.988
26,5,1,33.862,4.848,33.102,4.002
27,5,1,33.848,4.877,33.087,4.031
28,5,1,33.848,4.899,33.087,4.053
29,5,1,33.848,4.935,33.087,4.089
30,5,1,33.834,4.971,33.073,4.125
31,5,1,33.914,5.121,33.167,4.247
32,5,1,33.914,5.114,33.160,4.261
33,5,1,33.907,5.136,33.153,4.283
34,5,1,33.900,5.179,33.146,4.326
35,5,1,33.893,5.222,33.139,4.369
36,5,1,33.886,5.251,33.132,4.398
37,5,1,33.864,5.294,33.110,4.441
38,5,1,33.872,5.337,33.118,4.484
39,5,1,33.872,5.423,33.176,4.549
40,5,1,33.886,5.409,33.147,4.556
41,5,1,33.879,5.452,33.140,4.599
42,5,1,33.872,5.481,33.133,4.628
43,5,1,33.865,5.524,33.126,4.671
44,5,1,33.858,5.567,33.119,4.714
45,5,1,33.851,5.611,33.112,4.757
46,5,1,33.844,5.639,33.105,4.786
47,5,1,33.851,5.683,33.112,4.829
48,5,1,33.844,5.711,33.105,4.858
49,5,1,33.852,5.754,33.112,4.901
50,5,1,33.845,5.798,33.105,4.944
51,5,1,33.852,5.826,33.113,4.973
52,5,1,33.845,5.870,33.106,5.016
53,5,1,33.852,5.898,33.113,5.045
54,5,1,33.860,5.927,33.120,5.074
55,5,1,33.867,5.970,33.128,5.117
56,5,1,33.874,5.999,33.135,5.146
57,5,1,33.882,6.028,33.142,5.175
58,5,1,33.875,6.071,33.135,5.218
59,5,1,33.882,6.100,33.143,5.246
60,5,1,33.875,6.143,33.135,5.290
61,5,1,33.882,6.172,33.143,5.318
62,5,1,33.875,6.201,33.136,5.347
63,5,1,33.883,6.229,33.143,5.376
64,5,1,33.875,6.258,33.136,5.405
65,5,1,33.883,6.287,33.143,5.434
66,5,1,33.890,6.316,33.151,5.462
67,5,1,33.897,6.344,33.158,5.491
68,5,1,33.905,6.373,33.165,5.520
69,5,1,33.912,6.388,33.173,5.534
70,5,1,33.905,6.416,33.165,5.563
71,5,1,33.912,6.445,33.173,5.592
72,5,1,33.920,6.474,33.180,5.621
73,5,1,33.927,6.488,33.187,5.635
74,5,1,33.920,6.517,33.180,5.664
75,5,1,33.927,6.546,33.188,5.693
76,5,1,33.935,6.575,33.195,5.721
77,5,1,33.942,6.603,33.202,5.750
78,5,1,33.935,6.632,33.195,5.779
79,5,1,33.942,6.647,33.202,5.793
80,5,1,33.935,6.675,33.195,5.822
81,5,1,33.899,6.813,33.174,5.851
82,5,1,33.906,6.755,33.174,5.894
83,5,1,33.907,6.776,33.174,5.916
84,5,1,33.907,6.812,33.174,5.952
85,5,1,33.907,6.820,33.174,5.959
86,5,1,33.972,6.906,33.232,6.002
87,5,1,33.965,6.884,33.232,6.024
88,5,1,33.965,6.906,33.232,6.045
89,5,1,33.965,6.927,33.232,6.067
90,5,1,33.965,6.949,33.232,6.088
91,5,1,33.965,6.985,33.233,6.124
92,5,1,33.980,6.992,33.247,6.131
93,5,1,33.980,7.028,33.247,6.167
94,5,1,33.980,7.050,33.247,6.189
95,5,1,33.994,7.071,33.262,6.211
96,5,1,33.994,7.093,33.262,6.232
97,5,1,33.995,7.115,33.262,6.254
98,5,1,33.980,7.136,33.248,6.275
99,5,1,33.980,7.158,33.248,6.297
100,5,1,33.980,7.179,33.248,6.319
101,5,1,33.981,7.215,33.248,6.355
102,5,1,33.981,7.223,33.248,6.362
103,5,1,33.981,7.259,33.248,6.398
104,5,1,33.981,7.280,33.248,6.420
105,5,1,33.967,7.302,33.234,6.441
106,5,1,33.967,7.324,33.234,6.463
107,5,1,33.967,7.360,33.234,6.499
108,5,1,33.967,7.381,33.234,6.520
109,5,1,33.953,7.403,33.220,6.542
110,5,1,33.953,7.425,33.220,6.564
111,5,1,33.953,7.461,33.220,6.600
112,5,1,33.938,7.482,33.206,6.621
113,5,1,33.939,7.504,33.206,6.643
115,5,1,33.924,7.562,33.192,6.701
116,5,1,33.924,7.569,33.192,6.708
117,5,1,33.925,7.605,33.192,6.744
118,5,1,33.925,7.626,33.192,6.766
119,5,1,33.925,7.648,33.192,6.787
120,5,1,33.925,7.670,33.192,6.809
121,5,1,33.925,7.706,33.192,6.845
122,5,1,33.925,7.727,33.192,6.866
123,5,1,33.925,7.749,33.192,6.888
124,5,1,33.925,7.771,33.192,6.910
125,5,1,33.925,7.792,33.192,6.931
126,5,1,33.925,7.814,33.193,6.953
127,5,1,33.926,7.850,33.193,6.989
128,5,1,33.926,7.872,33.193,7.011
129,5,1,33.926,7.908,33.193,7.047
130,5,1,33.926,7.929,33.193,7.068
131,5,1,33.926,7.965,33.193,7.104
132,5,1,33.926,7.987,33.193,7.126
133,5,1,33.941,8.023,33.208,7.162
134,5,1,33.955,8.059,33.222,7.198
135,5,1,33.955,8.095,33.223,7.234
136,5,1,33.956,8.131,33.223,7.270
137,5,1,33.956,8.167,33.223,7.306
138,5,1,33.941,8.189,33.208,7.328
139,5,1,33.927,8.210,33.194,7.349
140,5,1,33.913,8.232,33.180,7.371
141,5,1,33.913,8.268,33.180,7.407
142,5,1,33.913,8.304,33.180,7.443
143,5,1,33.913,8.340,33.180,7.479
144,5,1,33.913,8.362,33.180,7.501
145,5,1,33.899,8.398,33.166,7.537
146,5,1,33.899,8.434,33.166,7.573
147,5,1,33.899,8.470,33.166,7.609
148,5,1,33.885,8.492,33.152,7.631
149,5,1,33.871,8.528,33.138,7.667
150,5,1,33.871,8.550,33.138,7.689
151,5,1,33.856,8.571,33.123,7.710
153,5,1,33.828,8.615,33.095,7.754
154,5,1,33.813,8.637,33.080,7.775
155,5,1,33.814,8.673,33.080,7.811
156,5,1,33.799,8.694,33.066,7.833
157,5,1,33.785,8.731,33.052,7.869
158,5,1,33.785,8.752,33.052,7.891
159,5,1,33.771,8.788,33.037,7.927
160,5,1,33.771,8.810,33.038,7.949
161,5,1,33.771,8.846,33.038,7.985
163,5,1,33.757,8.904,33.023,8.043
164,5,1,33.750,8.933,33.038,8.021
165,5,1,33.757,8.904,33.031,8.043
167,5,1,33.757,8.947,33.031,8.086
168,5,1,33.750,8.969,33.024,8.108
169,5,1,33.757,8.991,33.031,8.129
170,5,1,33.750,9.012,33.024,8.151
171,5,1,33.757,9.034,33.031,8.172
172,5,1,33.750,9.056,33.024,8.194
173,5,1,33.757,9.092,33.031,8.230
174,5,1,33.750,9.113,33.024,8.252
175,5,1,33.772,9.149,33.046,8.288
176,5,1,33.765,9.171,33.039,8.310
177,5,1,33.772,9.221,33.046,8.360
178,5,1,33.765,9.243,33.039,8.382
179,5,1,33.773,9.279,33.047,8.418
180,5,1,33.780,9.301,33.054,8.439
181,5,1,33.787,9.337,33.061,8.475
182,5,1,33.795,9.358,33.069,8.497
183,5,1,33.802,9.394,33.076,8.533
184,5,1,33.809,9.416,33.083,8.555
185,5,1,33.817,9.452,33.091,8.591
186,5,1,33.810,9.474,33.083,8.612
187,5,1,33.817,9.510,33.091,8.648
188,5,1,33.810,9.532,33.084,8.670
189,5,1,33.832,9.567,33.106,8.706
190,5,1,33.825,9.589,33.098,8.728
191,5,1,33.724,9.612,33.099,8.822
192,5,1,33.753,9.647,33.135,8.843
193,5,1,33.738,9.676,33.150,8.879
194,5,1,33.774,9.676,33.178,8.879
195,5,1,33.753,9.698,33.200,8.821
196,5,1,33.753,9.705,33.186,8.835
197,5,1,33.811,9.683,33.128,8.850
198,5,1,33.818,9.705,33.135,8.872
199,5,1,33.825,9.741,33.142,8.908
200,5,1,33.818,9.777,33.135,8.944
201,5,1,33.826,9.813,33.143,8.980
202,5,1,33.818,9.835,33.136,9.002
203,5,1,33.789,9.756,33.136,9.190
204,5,1,33.811,9.770,33.158,9.247
205,5,1,33.797,9.813,33.166,9.276
206,5,1,33.819,9.957,33.180,9.319
207,5,1,33.819,10.059,33.173,9.334
208,5,1,33.798,10.124,33.159,9.319
209,5,1,33.791,10.117,33.173,9.377
210,5,1,33.798,10.153,33.181,9.391
211,5,1,33.769,10.189,33.180,9.377
212,5,1,33.798,10.203,33.195,9.420
213,5,1,33.791,10.218,33.203,9.485
214,5,1,33.856,10.224,33.239,9.499
215,5,1,33.864,10.246,33.210,9.543
216,5,1,33.863,10.239,33.224,9.543
217,5,1,33.842,10.253,33.239,9.521
218,5,1,33.842,10.290,33.239,9.557
219,5,1,33.857,10.326,33.254,9.593
220,5,1,33.857,10.347,33.254,9.615
221,5,1,33.871,10.383,33.268,9.651
222,5,1,33.980,10.339,33.225,9.760
223,5,1,33.944,10.397,33.233,9.752
224,5,1,33.886,10.434,33.283,9.716
225,5,1,33.901,10.470,33.298,9.752
226,5,1,33.901,10.506,33.298,9.788
227,5,1,33.901,10.528,33.298,9.810
228,5,1,33.901,10.549,33.298,9.831
229,5,1,33.901,10.585,33.298,9.867
230,5,1,33.901,10.622,33.298,9.903
231,5,1,33.901,10.643,33.298,9.925
232,5,1,33.901,10.679,33.298,9.961
233,5,1,33.902,10.701,33.299,9.983
234,5,1,33.917,10.845,33.248,9.926
235,5,1,33.945,10.831,33.255,9.969
236,5,1,33.938,10.845,33.234,10.085
237,5,1,33.931,10.860,33.234,10.164
238,5,1,33.924,10.853,33.256,10.171
239,5,1,33.931,10.874,33.242,10.200
240,5,1,33.888,10.882,33.285,10.185
241,5,1,33.888,10.911,33.285,10.214
242,5,1,33.888,10.954,33.250,10.410
243,5,1,33.917,11.012,33.214,10.446
244,5,1,33.925,11.084,33.199,10.453
245,5,1,33.904,11.207,33.185,10.410
246,5,1,33.955,11.286,33.207,10.482
247,5,1,33.984,11.351,33.228,10.468
248,5,1,33.984,11.344,33.221,10.489
249,5,1,33.962,11.373,33.206,10.468
250,5,1,33.948,11.402,33.257,10.482
251,5,1,33.977,11.380,33.257,10.511
252,5,1,33.977,11.380,33.257,10.540
253,5,1,33.977,11.373,33.250,10.533
254,5,1,33.970,11.380,33.265,10.590
255,5,1,33.969,11.358,33.236,10.677
256,5,1,33.970,11.373,33.222,10.735
257,5,1,33.984,11.423,33.215,10.844
258,5,1,33.948,11.481,33.230,10.959
259,5,1,34.021,11.488,33.230,10.952
260,5,1,34.021,11.517,33.245,10.959
261,5,1,34.035,11.538,33.143,10.974
262,5,1,34.014,11.625,33.201,10.996
263,5,1,34.007,11.741,33.187,11.032
264,5,1,33.993,11.850,33.202,11.083
265,5,1,33.986,11.922,33.230,11.061
266,5,1,33.994,11.937,33.260,11.089
267,5,1,34.001,11.973,33.259,11.075
268,5,1,33.979,11.980,33.267,11.053
269,5,1,33.958,11.973,33.259,11.060
270,5,1,33.972,11.980,33.259,11.068
271,5,1,33.972,11.973,33.267,11.104
272,5,1,33.972,11.966,33.274,11.169
273,5,1,33.965,11.966,33.267,11.234
274,5,1,33.979,11.987,33.253,11.292
275,5,1,33.979,12.016,33.253,11.357
276,5,1,33.972,12.067,33.153,11.495
114,5,1,33.939,7.526,33.206,6.665
152,5,1,33.842,8.593,33.109,7.732
162,5,1,33.771,8.868,33.038,8.007
166,5,1,33.764,8.926,33.038,8.064
277,5,1,33.864,12.090,33.261,11.465
278,5,1,33.864,12.119,33.261,11.494
279,5,1,33.864,12.148,33.261,11.523
280,5,1,34.009,12.269,33.233,11.589
281,5,1,33.995,12.363,33.262,11.588
282,5,1,33.996,12.421,33.240,11.618
283,5,1,33.989,12.443,33.255,11.646
284,5,1,33.981,12.458,33.276,11.646
285,5,1,33.974,12.494,33.276,11.639
286,5,1,33.989,12.530,33.269,11.653
287,5,1,33.982,12.537,33.276,11.661
288,5,1,33.945,12.494,33.255,11.683
289,5,1,34.004,12.588,33.247,11.668
290,5,1,33.975,12.566,33.226,11.697
291,5,1,33.967,12.545,33.255,11.755
292,5,1,33.982,12.581,33.241,11.849
293,5,1,34.004,12.617,33.227,11.972
294,5,1,33.924,12.646,33.278,12.109
295,5,1,33.903,12.683,33.300,12.066
296,5,1,33.903,12.719,33.300,12.102
297,5,1,33.918,12.755,33.314,12.138
298,5,1,33.903,12.777,33.300,12.160
299,5,1,33.918,12.813,33.315,12.196
300,5,1,33.903,12.835,33.300,12.218
301,5,1,33.918,12.871,33.315,12.254
302,5,1,33.998,12.993,33.250,12.247
303,5,1,33.918,12.922,33.315,12.304
304,5,1,33.918,12.943,33.315,12.326
305,5,1,33.919,12.979,33.315,12.362
306,5,1,33.977,13.109,33.243,12.291
307,5,1,33.963,13.124,33.236,12.327
308,5,1,33.999,13.145,33.257,12.334
309,5,1,33.999,13.153,33.265,12.406
310,5,1,33.992,13.174,33.258,12.428
311,5,1,33.970,13.225,33.279,12.450
312,5,1,34.021,13.239,33.236,12.559
313,5,1,33.992,13.268,33.244,12.718
314,5,1,34.050,13.297,33.244,12.761
315,5,1,34.086,13.296,33.266,12.754
316,5,1,34.043,13.355,33.273,12.768
317,5,1,34.000,13.486,33.288,12.783
318,5,1,33.971,13.515,33.259,12.834
319,5,1,33.993,13.529,33.267,12.848
320,5,1,34.015,13.558,33.274,12.833
321,5,1,34.015,13.587,33.266,12.826
322,5,1,33.979,13.602,33.266,12.797
323,5,1,33.972,13.609,33.252,12.790
324,5,1,33.972,13.602,33.252,12.819
325,5,1,33.987,13.718,33.252,12.834
326,5,1,33.972,13.689,33.238,12.899
327,5,1,33.980,13.725,33.216,12.935
328,5,1,33.900,13.617,33.296,13.029
329,5,1,33.900,13.653,33.296,13.065
330,5,1,33.900,13.675,33.296,13.087
331,5,1,34.016,13.891,33.218,13.276
332,5,1,33.915,13.863,33.312,13.275
333,5,1,33.915,13.899,33.312,13.311
334,5,1,34.046,14.079,33.225,13.435
335,5,1,34.025,14.080,33.233,13.399
336,5,1,34.017,14.101,33.218,13.305
337,5,1,33.974,14.145,33.218,13.312
338,5,1,33.989,14.167,33.232,13.319
339,5,1,33.974,14.182,33.225,13.348
340,5,1,33.960,14.247,33.232,13.363
341,5,1,33.946,14.254,33.240,13.406
342,5,1,33.960,14.319,33.233,13.479
343,5,1,33.953,14.341,33.247,13.522
344,5,1,33.968,14.341,33.276,13.529
345,5,1,33.932,14.363,33.248,13.573
346,5,1,33.888,14.385,33.240,13.573
347,5,1,33.946,14.421,33.262,13.631
348,5,1,33.946,14.428,33.263,13.689
349,5,1,33.961,14.479,33.234,13.834
350,5,1,33.896,14.443,33.292,13.855
351,5,1,33.896,14.465,33.292,13.877
352,5,1,33.983,14.587,33.213,13.899
353,5,1,33.998,14.645,33.227,13.877
354,5,1,33.991,14.711,33.242,13.841
355,5,1,33.970,14.776,33.249,13.841
356,5,1,33.948,14.762,33.256,13.834
357,5,1,33.977,14.762,33.241,13.827
358,5,1,33.962,14.798,33.249,13.841
359,5,1,33.933,14.798,33.242,13.863
360,5,1,33.970,14.812,33.234,13.899
361,5,1,33.860,14.502,33.256,13.913
362,5,1,33.860,14.538,33.256,13.950
363,5,1,33.832,14.770,33.257,14.189
364,5,1,33.963,14.914,33.243,14.276
365,5,1,34.007,14.986,33.229,14.284
366,5,1,34.000,15.015,33.222,14.349
367,5,1,34.036,15.095,33.200,14.443
368,5,1,34.022,15.116,33.215,14.516
369,5,1,33.913,15.103,33.317,14.522
370,5,1,33.906,15.132,33.310,14.551
371,5,1,34.015,15.240,33.193,14.502
372,5,1,34.001,15.276,33.237,14.487
373,5,1,33.913,15.168,33.317,14.587
374,5,1,34.015,15.341,33.208,14.472
375,5,1,34.001,15.313,33.222,14.472
376,5,1,33.950,15.349,33.259,14.494
0,6,1,34.583,15.901,33.876,15.016
1,6,1,34.604,15.930,33.869,15.002
2,6,1,34.590,15.865,33.854,14.937
3,6,1,34.589,15.828,33.854,14.901
4,6,1,34.582,15.778,33.847,14.850
5,6,1,34.567,15.720,33.832,14.792
6,6,1,34.567,15.662,33.832,14.734
7,6,1,34.574,15.596,33.839,14.669
8,6,1,34.559,15.546,33.824,14.618
9,6,1,34.588,15.466,33.853,14.538
10,6,1,34.595,15.400,33.860,14.473
11,6,1,34.507,15.198,33.772,14.271
12,6,1,34.594,15.241,33.859,14.313
13,6,1,34.760,15.130,34.018,14.239
14,6,1,34.643,14.950,33.916,14.044
17,6,1,34.832,15.180,34.098,14.282
18,6,1,34.687,14.913,33.930,13.899
19,6,1,34.679,14.884,33.937,13.943
20,6,1,34.672,14.841,33.930,13.899
21,6,1,34.664,14.798,33.922,13.856
22,6,1,34.671,14.725,33.929,13.783
23,6,1,34.678,14.681,33.936,13.740
24,6,1,34.685,14.609,33.943,13.667
25,6,1,34.678,14.566,33.936,13.624
26,6,1,34.685,14.493,33.943,13.551
27,6,1,34.677,14.450,33.935,13.508
28,6,1,34.684,14.377,33.942,13.436
29,6,1,34.677,14.334,33.935,13.392
30,6,1,34.669,14.247,33.927,13.305
31,6,1,34.676,14.174,33.934,13.233
32,6,1,34.683,14.116,33.941,13.175
33,6,1,34.675,14.058,33.934,13.117
34,6,1,34.668,14.000,33.926,13.059
35,6,1,34.675,13.942,33.933,13.001
36,6,1,34.682,13.899,33.940,12.958
37,6,1,34.674,13.841,33.933,12.900
38,6,1,34.653,13.812,33.911,12.871
39,6,1,34.631,13.755,33.889,12.813
40,6,1,34.623,13.697,33.881,12.755
41,6,1,34.616,13.639,33.874,12.698
42,6,1,34.623,13.581,33.881,12.640
43,6,1,34.615,13.523,33.873,12.582
44,6,1,34.622,13.451,33.880,12.509
45,6,1,34.629,13.393,33.887,12.451
46,6,1,34.636,13.320,33.894,12.379
47,6,1,34.628,13.248,33.887,12.307
48,6,1,34.621,13.190,33.879,12.249
49,6,1,34.613,13.118,33.872,12.176
50,6,1,34.606,13.045,33.864,12.104
51,6,1,34.598,12.988,33.857,12.046
52,6,1,34.605,12.930,33.864,11.988
53,6,1,34.598,12.872,33.856,11.931
54,6,1,34.619,12.814,33.878,11.873
55,6,1,34.626,12.756,33.885,11.815
56,6,1,34.633,12.712,33.892,11.771
57,6,1,34.626,12.654,33.884,11.713
58,6,1,34.633,12.596,33.891,11.655
59,6,1,34.640,12.538,33.898,11.597
60,6,1,34.647,12.481,33.905,11.540
61,6,1,34.639,12.437,33.898,11.496
62,6,1,34.646,12.394,33.905,11.453
63,6,1,34.639,12.336,33.897,11.395
64,6,1,34.646,12.278,33.904,11.337
65,6,1,34.653,12.220,33.911,11.279
66,6,1,34.674,12.148,33.933,11.207
67,6,1,34.681,12.090,33.940,11.149
68,6,1,34.702,12.017,33.961,11.076
69,6,1,34.695,11.945,33.953,11.004
70,6,1,34.702,11.902,33.961,10.961
71,6,1,34.694,11.844,33.953,10.903
72,6,1,34.716,11.786,33.974,10.845
73,6,1,34.737,11.728,33.996,10.787
74,6,1,34.758,11.670,34.017,10.729
75,6,1,34.780,11.612,34.039,10.671
76,6,1,34.801,11.568,34.060,10.627
77,6,1,34.823,11.510,34.082,10.570
78,6,1,34.844,11.452,34.103,10.512
79,6,1,34.851,11.409,34.110,10.468
80,6,1,34.858,11.336,34.117,10.396
81,6,1,34.851,11.293,34.110,10.353
82,6,1,34.857,11.235,34.117,10.295
83,6,1,34.864,11.163,34.124,10.222
84,6,1,34.871,11.105,34.130,10.165
85,6,1,34.878,11.033,34.137,10.092
86,6,1,34.885,10.961,34.144,10.020
87,6,1,34.892,10.917,34.151,9.977
88,6,1,34.899,10.845,34.158,9.904
89,6,1,34.906,10.801,34.165,9.861
90,6,1,34.942,10.729,34.201,9.789
91,6,1,34.963,10.671,34.222,9.731
92,6,1,34.970,10.628,34.230,9.687
93,6,1,34.963,10.570,34.222,9.630
94,6,1,34.970,10.512,34.229,9.572
95,6,1,34.977,10.454,34.236,9.514
96,6,1,34.998,10.411,34.257,9.471
97,6,1,34.991,10.382,34.250,9.442
98,6,1,34.998,10.339,34.257,9.398
99,6,1,35.004,10.266,34.264,9.326
100,6,1,35.026,10.223,34.285,9.283
101,6,1,35.047,10.151,34.307,9.211
102,6,1,35.069,10.107,34.328,9.167
103,6,1,35.076,10.035,34.335,9.095
104,6,1,35.083,9.992,34.342,9.052
105,6,1,35.075,9.934,34.335,8.994
106,6,1,35.096,9.876,34.356,8.936
107,6,1,35.118,9.818,34.378,8.878
108,6,1,35.154,9.760,34.413,8.820
109,6,1,35.175,9.702,34.435,8.762
110,6,1,35.196,9.644,34.456,8.705
111,6,1,35.218,9.587,34.478,8.647
112,6,1,35.239,9.529,34.499,8.589
113,6,1,35.232,9.486,34.491,8.546
115,6,1,35.245,9.384,34.505,8.445
116,6,1,35.252,9.341,34.512,8.401
117,6,1,35.259,9.283,34.519,8.344
118,6,1,35.266,9.226,34.526,8.286
119,6,1,35.259,9.154,34.519,8.214
120,6,1,35.266,9.082,34.526,8.142
121,6,1,35.273,9.038,34.533,8.099
122,6,1,35.280,8.981,34.540,8.041
123,6,1,35.272,8.923,34.532,7.983
124,6,1,35.279,8.880,34.539,7.940
125,6,1,35.286,8.836,34.546,7.897
126,6,1,35.322,8.764,34.582,7.825
127,6,1,35.329,8.721,34.589,7.781
129,6,1,35.321,8.714,34.582,7.774
130,6,1,35.421,8.425,34.667,7.435
131,6,1,35.406,8.410,34.667,7.464
132,6,1,35.413,8.360,34.674,7.413
133,6,1,35.406,8.310,34.666,7.363
134,6,1,35.399,8.274,34.659,7.327
135,6,1,35.391,8.223,34.652,7.277
136,6,1,35.369,8.173,34.630,7.226
137,6,1,35.362,8.108,34.622,7.162
138,6,1,35.354,8.058,34.615,7.111
139,6,1,35.347,8.007,34.607,7.061
140,6,1,35.325,7.957,34.585,7.011
141,6,1,35.318,7.921,34.578,6.975
142,6,1,35.296,7.885,34.556,6.939
143,6,1,35.303,7.835,34.563,6.888
144,6,1,35.295,7.784,34.556,6.838
145,6,1,35.302,7.720,34.563,6.773
146,6,1,35.295,7.669,34.555,6.723
147,6,1,35.316,7.604,34.577,6.658
148,6,1,35.309,7.554,34.569,6.608
149,6,1,35.301,7.504,34.562,6.557
150,6,1,35.279,7.453,34.540,6.507
151,6,1,35.272,7.389,34.532,6.442
153,6,1,35.242,7.274,34.503,6.327
154,6,1,35.221,7.223,34.481,6.277
155,6,1,35.199,7.159,34.459,6.212
156,6,1,35.177,7.094,34.437,6.148
157,6,1,35.169,7.029,34.430,6.083
158,6,1,35.147,6.979,34.408,6.033
159,6,1,35.154,6.929,34.415,5.982
160,6,1,35.147,6.878,34.408,5.932
161,6,1,35.139,6.814,34.400,5.867
163,6,1,35.139,6.713,34.400,5.767
164,6,1,35.117,6.677,34.378,5.731
165,6,1,35.110,6.627,34.370,5.680
167,6,1,35.080,6.540,34.341,5.594
168,6,1,35.073,6.490,34.334,5.544
169,6,1,35.066,6.440,34.326,5.494
170,6,1,35.058,6.389,34.319,5.443
171,6,1,35.051,6.339,34.312,5.393
172,6,1,35.043,6.289,34.304,5.343
173,6,1,35.036,6.224,34.297,5.278
174,6,1,35.014,6.174,34.275,5.228
175,6,1,35.006,6.124,34.267,5.177
176,6,1,34.999,6.073,34.260,5.127
177,6,1,34.992,6.023,34.252,5.077
178,6,1,34.984,5.973,34.245,5.027
179,6,1,34.977,5.922,34.238,4.976
180,6,1,34.984,5.858,34.245,4.912
181,6,1,34.991,5.807,34.252,4.861
182,6,1,34.997,5.742,34.258,4.796
183,6,1,35.004,5.692,34.265,4.746
184,6,1,34.983,5.642,34.244,4.696
185,6,1,34.975,5.592,34.236,4.646
186,6,1,34.953,5.556,34.214,4.610
187,6,1,34.946,5.505,34.207,4.559
188,6,1,34.939,5.455,34.200,4.509
189,6,1,34.931,5.391,34.192,4.445
190,6,1,34.909,5.340,34.170,4.394
191,6,1,34.902,5.276,34.163,4.330
192,6,1,34.894,5.211,34.155,4.265
193,6,1,34.887,5.146,34.148,4.200
194,6,1,34.879,5.096,34.140,4.150
195,6,1,34.886,5.046,34.147,4.100
196,6,1,34.879,4.995,34.140,4.050
197,6,1,34.886,4.931,34.147,3.985
198,6,1,34.878,4.895,34.139,3.949
199,6,1,34.871,4.830,34.132,3.884
200,6,1,34.863,4.794,34.125,3.848
201,6,1,34.856,4.744,34.117,3.798
202,6,1,34.849,4.708,34.110,3.762
203,6,1,34.841,4.658,34.102,3.712
204,6,1,34.834,4.622,34.095,3.676
205,6,1,34.826,4.572,34.088,3.626
206,6,1,34.833,4.521,34.095,3.576
207,6,1,34.826,4.471,34.087,3.525
208,6,1,34.818,4.421,34.080,3.475
209,6,1,34.825,4.371,34.087,3.425
210,6,1,34.818,4.320,34.079,3.375
211,6,1,34.811,4.270,34.072,3.324
212,6,1,34.803,4.220,34.064,3.274
213,6,1,34.796,4.170,34.057,3.224
214,6,1,34.788,4.119,34.050,3.174
215,6,1,34.795,4.069,34.057,3.123
216,6,1,34.802,4.019,34.064,3.073
217,6,1,34.809,3.954,34.071,3.009
218,6,1,34.830,3.904,34.092,2.958
219,6,1,34.837,3.854,34.099,2.908
220,6,1,34.816,3.818,34.077,2.872
221,6,1,34.808,3.768,34.070,2.822
222,6,1,34.786,3.732,34.048,2.786
223,6,1,34.779,3.682,34.041,2.736
224,6,1,34.772,3.631,34.033,2.686
225,6,1,34.764,3.581,34.026,2.636
226,6,1,34.742,3.531,34.004,2.585
227,6,1,34.735,3.466,33.996,2.521
228,6,1,34.713,3.416,33.975,2.471
229,6,1,34.706,3.352,33.967,2.406
0,7,1,33.327,4.462,32.660,3.572
1,7,1,33.349,4.490,32.652,3.558
2,7,1,33.327,4.519,32.631,3.587
3,7,1,33.335,4.534,32.638,3.601
4,7,1,33.320,4.562,32.624,3.630
5,7,1,33.313,4.570,32.617,3.637
6,7,1,33.306,4.620,32.610,3.687
7,7,1,33.306,4.663,32.610,3.731
8,7,1,33.306,4.699,32.610,3.767
9,7,1,33.306,4.735,32.610,3.802
10,7,1,33.307,4.778,32.610,3.846
11,7,1,33.299,4.771,32.603,3.838
12,7,1,33.307,4.836,32.610,3.903
13,7,1,33.307,4.857,32.610,3.925
14,7,1,33.307,4.908,32.611,3.975
15,7,1,33.307,4.922,32.611,3.989
16,7,1,33.307,4.965,32.611,4.033
17,7,1,33.293,4.987,32.597,4.054
18,7,1,33.293,5.023,32.597,4.090
19,7,1,33.293,5.052,32.597,4.119
20,7,1,33.293,5.088,32.597,4.155
21,7,1,33.294,5.124,32.597,4.191
22,7,1,33.294,5.152,32.597,4.220
23,7,1,33.294,5.188,32.597,4.256
24,7,1,33.294,5.224,32.597,4.292
25,7,1,33.258,5.296,32.533,4.349
26,7,1,33.251,5.296,32.540,4.356
27,7,1,33.244,5.318,32.533,4.378
28,7,1,33.237,5.347,32.526,4.407
29,7,1,33.244,5.361,32.533,4.421
30,7,1,33.237,5.376,32.526,4.436
31,7,1,33.302,5.397,32.562,4.450
32,7,1,33.287,5.390,32.569,4.450
33,7,1,33.288,5.419,32.569,4.479
34,7,1,33.288,5.447,32.569,4.507
35,7,1,33.288,5.476,32.569,4.536
36,7,1,33.273,5.505,32.555,4.565
37,7,1,33.274,5.548,32.555,4.608
38,7,1,33.274,5.591,32.555,4.651
39,7,1,33.187,5.585,32.440,4.630
40,7,1,33.173,5.577,32.447,4.637
41,7,1,33.166,5.606,32.440,4.666
42,7,1,33.158,5.635,32.433,4.695
43,7,1,33.166,5.664,32.440,4.724
44,7,1,33.159,5.678,32.433,4.738
45,7,1,33.166,5.693,32.440,4.752
46,7,1,33.159,5.721,32.433,4.781
47,7,1,33.166,5.750,32.440,4.810
48,7,1,33.159,5.779,32.433,4.839
49,7,1,33.166,5.793,32.441,4.853
50,7,1,33.159,5.808,32.433,4.868
51,7,1,33.181,5.837,32.455,4.896
52,7,1,33.174,5.851,32.448,4.911
53,7,1,33.181,5.865,32.455,4.925
54,7,1,33.188,5.894,32.463,4.954
55,7,1,33.196,5.908,32.470,4.968
56,7,1,33.188,5.908,32.463,4.968
57,7,1,33.181,5.937,32.448,5.004
58,7,1,33.174,5.937,32.448,5.004
59,7,1,33.181,5.959,32.456,5.026
60,7,1,33.174,5.966,32.448,5.033
61,7,1,33.182,5.988,32.456,5.055
62,7,1,33.276,6.117,32.651,5.162
63,7,1,33.312,6.102,32.608,5.169
64,7,1,33.312,6.124,32.608,5.191
65,7,1,33.312,6.146,32.608,5.213
66,7,1,33.327,6.153,32.623,5.220
67,7,1,33.327,6.174,32.623,5.241
68,7,1,33.327,6.196,32.623,5.263
69,7,1,33.327,6.218,32.623,5.284
70,7,1,33.327,6.225,32.623,5.292
71,7,1,33.341,6.246,32.637,5.313
72,7,1,33.341,6.253,32.637,5.320
73,7,1,33.342,6.275,32.637,5.342
74,7,1,33.342,6.282,32.637,5.349
75,7,1,33.356,6.304,32.652,5.371
76,7,1,33.356,6.311,32.652,5.378
77,7,1,33.356,6.347,32.652,5.414
78,7,1,33.371,6.354,32.667,5.421
79,7,1,33.371,6.390,32.667,5.457
80,7,1,33.371,6.397,32.667,5.464
81,7,1,33.371,6.419,32.667,5.486
82,7,1,33.371,6.441,32.667,5.507
83,7,1,33.386,6.462,32.681,5.529
84,7,1,33.386,6.469,32.681,5.536
85,7,1,33.386,6.505,32.682,5.572
86,7,1,33.263,6.513,32.580,5.565
87,7,1,33.270,6.506,32.573,5.573
88,7,1,33.278,6.527,32.581,5.594
89,7,1,33.285,6.549,32.588,5.616
90,7,1,33.278,6.571,32.581,5.637
91,7,1,33.285,6.607,32.588,5.673
92,7,1,33.278,6.628,32.581,5.695
93,7,1,33.285,6.650,32.588,5.717
94,7,1,33.278,6.672,32.581,5.738
95,7,1,33.285,6.707,32.588,5.774
96,7,1,33.278,6.729,32.581,5.796
97,7,1,33.286,6.765,32.589,5.832
98,7,1,33.279,6.787,32.582,5.853
99,7,1,33.286,6.823,32.589,5.889
100,7,1,33.279,6.844,32.582,5.911
101,7,1,33.286,6.866,32.589,5.933
102,7,1,33.293,6.888,32.596,5.954
103,7,1,33.301,6.909,32.604,5.976
104,7,1,33.294,6.916,32.596,5.983
105,7,1,33.301,6.952,32.604,6.019
106,7,1,33.308,6.960,32.611,6.026
107,7,1,33.315,6.981,32.618,6.048
108,7,1,33.308,7.003,32.611,6.069
109,7,1,33.316,7.024,32.619,6.091
110,7,1,33.323,7.046,32.626,6.113
111,7,1,33.330,7.068,32.633,6.134
112,7,1,33.338,7.089,32.640,6.156
113,7,1,33.345,7.125,32.648,6.192
115,7,1,33.360,7.168,32.662,6.235
116,7,1,33.352,7.190,32.655,6.257
117,7,1,33.360,7.212,32.663,6.278
118,7,1,33.353,7.233,32.655,6.300
119,7,1,33.360,7.255,32.663,6.321
120,7,1,33.353,7.276,32.656,6.343
121,7,1,33.360,7.312,32.663,6.379
122,7,1,33.353,7.334,32.656,6.401
123,7,1,33.346,7.356,32.649,6.422
124,7,1,33.339,7.377,32.642,6.444
125,7,1,33.346,7.399,32.649,6.466
126,7,1,33.339,7.421,32.642,6.487
127,7,1,33.346,7.457,32.649,6.523
128,7,1,33.339,7.478,32.642,6.545
129,7,1,33.346,7.514,32.649,6.581
130,7,1,33.339,7.536,32.642,6.603
131,7,1,33.347,7.572,32.649,6.639
132,7,1,33.340,7.594,32.642,6.660
133,7,1,33.333,7.630,32.635,6.696
134,7,1,33.325,7.637,32.628,6.704
135,7,1,33.333,7.673,32.635,6.740
136,7,1,33.326,7.695,32.628,6.761
137,7,1,33.318,7.731,32.621,6.797
138,7,1,33.311,7.738,32.614,6.805
139,7,1,33.319,7.760,32.621,6.826
140,7,1,33.311,7.781,32.614,6.848
141,7,1,33.319,7.803,32.621,6.869
142,7,1,33.312,7.810,32.614,6.877
143,7,1,33.319,7.832,32.622,6.898
144,7,1,33.297,7.854,32.600,6.920
145,7,1,33.305,7.875,32.607,6.942
146,7,1,33.283,7.897,32.586,6.963
147,7,1,33.290,7.918,32.593,6.985
148,7,1,33.283,7.926,32.586,6.992
149,7,1,33.276,7.933,32.578,6.999
150,7,1,33.269,7.955,32.571,7.021
151,7,1,33.276,7.991,32.579,7.057
153,7,1,33.262,8.048,32.564,7.115
154,7,1,33.255,8.070,32.557,7.136
155,7,1,33.248,8.092,32.550,7.158
156,7,1,33.241,8.114,32.543,7.180
157,7,1,33.248,8.135,32.550,7.201
158,7,1,33.241,8.157,32.543,7.223
159,7,1,33.234,8.178,32.536,7.245
160,7,1,33.226,8.200,32.529,7.266
161,7,1,33.219,8.222,32.522,7.288
163,7,1,33.205,8.265,32.507,7.331
164,7,1,33.191,8.287,32.493,7.353
165,7,1,33.191,8.287,32.493,7.353
167,7,1,33.205,8.330,32.508,7.396
168,7,1,33.198,8.366,32.501,7.432
169,7,1,33.205,8.388,32.508,7.454
170,7,1,33.213,8.438,32.515,7.504
171,7,1,33.220,8.460,32.523,7.526
172,7,1,33.213,8.496,32.515,7.562
173,7,1,33.220,8.503,32.523,7.569
174,7,1,33.213,8.525,32.516,7.591
175,7,1,33.221,8.547,32.523,7.613
176,7,1,33.213,8.568,32.516,7.634
177,7,1,33.221,8.590,32.523,7.656
178,7,1,33.214,8.626,32.516,7.692
179,7,1,33.221,8.648,32.523,7.714
180,7,1,33.228,8.655,32.531,7.721
181,7,1,33.236,8.676,32.538,7.742
182,7,1,33.228,8.712,32.531,7.779
183,7,1,33.236,8.734,32.538,7.800
184,7,1,33.229,8.756,32.531,7.822
185,7,1,33.236,8.792,32.538,7.858
186,7,1,33.229,8.828,32.531,7.894
187,7,1,33.236,8.864,32.539,7.930
188,7,1,33.244,8.900,32.546,7.966
189,7,1,33.251,8.922,32.553,7.988
190,7,1,33.244,8.943,32.546,8.009
191,7,1,33.266,8.965,32.568,8.031
192,7,1,33.273,8.986,32.575,8.053
193,7,1,33.280,8.994,32.582,8.060
194,7,1,33.288,9.030,32.590,8.096
195,7,1,33.295,9.051,32.597,8.117
196,7,1,33.302,9.073,32.604,8.139
197,7,1,33.310,9.109,32.612,8.175
198,7,1,33.302,9.145,32.605,8.211
199,7,1,33.310,9.167,32.612,8.233
200,7,1,33.317,9.217,32.619,8.283
201,7,1,33.325,9.253,32.627,8.319
202,7,1,33.318,9.304,32.620,8.370
203,7,1,33.325,9.325,32.627,8.391
204,7,1,33.318,9.376,32.620,8.442
205,7,1,33.325,9.398,32.627,8.464
206,7,1,33.318,9.434,32.620,8.500
207,7,1,33.325,9.470,32.628,8.536
208,7,1,33.333,9.506,32.635,8.572
209,7,1,33.340,9.542,32.642,8.608
210,7,1,33.333,9.578,32.635,8.644
211,7,1,33.340,9.600,32.643,8.666
212,7,1,33.348,9.636,32.650,8.702
213,7,1,33.355,9.643,32.657,8.709
214,7,1,33.362,9.679,32.665,8.745
215,7,1,33.370,9.701,32.672,8.767
216,7,1,33.377,9.737,32.679,8.803
217,7,1,33.399,9.773,32.701,8.839
218,7,1,33.406,9.823,32.708,8.889
219,7,1,33.414,9.859,32.716,8.925
220,7,1,33.421,9.895,32.723,8.961
221,7,1,33.429,9.931,32.731,8.997
222,7,1,33.436,9.982,32.738,9.048
223,7,1,33.443,10.018,32.745,9.084
224,7,1,33.436,10.069,32.738,9.134
225,7,1,33.429,10.119,32.731,9.185
226,7,1,33.422,10.155,32.724,9.221
227,7,1,33.430,10.192,32.732,9.257
228,7,1,33.422,10.213,32.724,9.279
229,7,1,33.430,10.235,32.732,9.301
230,7,1,33.423,10.271,32.725,9.337
231,7,1,33.430,10.293,32.732,9.358
232,7,1,33.423,10.343,32.725,9.409
233,7,1,33.430,10.379,32.732,9.445
234,7,1,33.423,10.430,32.725,9.496
235,7,1,33.416,10.481,32.718,9.546
236,7,1,33.409,10.531,32.711,9.597
237,7,1,33.402,10.582,32.704,9.648
238,7,1,33.381,10.633,32.683,9.698
239,7,1,33.388,10.669,32.690,9.734
240,7,1,33.381,10.720,32.683,9.785
241,7,1,33.389,10.770,32.690,9.836
242,7,1,33.381,10.806,32.683,9.872
243,7,1,33.374,10.828,32.676,9.894
244,7,1,33.367,10.864,32.669,9.930
245,7,1,33.375,10.900,32.676,9.966
246,7,1,33.367,10.937,32.669,10.002
247,7,1,33.360,10.973,32.662,10.038
248,7,1,33.353,11.009,32.655,10.074
249,7,1,33.361,11.016,32.662,10.082
250,7,1,33.368,11.052,32.670,10.118
251,7,1,33.289,11.234,32.649,10.313
252,7,1,33.289,11.234,32.649,10.349
253,7,1,33.275,11.270,32.663,10.400
254,7,1,33.289,11.255,32.663,10.407
255,7,1,33.253,11.299,32.642,10.429
256,7,1,33.282,11.306,32.649,10.458
257,7,1,33.289,11.328,32.635,10.436
258,7,1,33.362,11.298,32.665,10.718
259,7,1,33.340,11.356,32.672,10.819
260,7,1,33.319,11.385,32.651,10.906
261,7,1,33.312,11.566,32.657,10.718
262,7,1,33.312,11.472,32.644,10.978
263,7,1,33.326,11.501,32.607,10.935
264,7,1,33.312,11.595,32.607,10.885
265,7,1,33.334,11.696,32.571,10.914
266,7,1,33.277,11.798,32.600,10.921
267,7,1,33.248,11.842,32.600,10.921
268,7,1,33.263,11.863,32.644,10.935
269,7,1,33.248,11.863,32.622,10.957
270,7,1,33.263,11.900,32.622,10.971
271,7,1,33.277,11.907,32.622,10.993
272,7,1,33.285,11.957,32.593,11.044
273,7,1,33.285,11.936,32.579,11.138
274,7,1,33.292,11.899,32.601,11.196
275,7,1,33.314,11.935,32.609,11.275
276,7,1,33.415,12.007,32.609,11.478
114,7,1,33.352,7.147,32.655,6.213
152,7,1,33.255,8.027,32.557,7.093
162,7,1,33.212,8.244,32.515,7.310
166,7,1,33.198,8.309,32.500,7.375
277,7,1,33.292,12.030,32.595,11.543
278,7,1,33.278,12.059,32.574,11.623
279,7,1,33.278,12.080,32.574,11.601
280,7,1,33.293,12.116,32.566,11.594
281,7,1,33.264,12.167,32.552,11.587
282,7,1,33.221,12.247,32.588,11.500
283,7,1,33.221,12.284,32.588,11.536
284,7,1,33.229,12.551,32.617,11.659
285,7,1,33.258,12.551,32.617,11.652
286,7,1,33.273,12.580,32.632,11.673
287,7,1,33.280,12.565,32.654,11.717
288,7,1,33.265,12.566,32.647,11.731
289,7,1,33.244,12.566,32.640,11.767
290,7,1,33.273,12.580,32.632,11.796
291,7,1,33.244,12.616,32.625,11.883
292,7,1,33.258,12.624,32.575,11.971
293,7,1,33.222,12.660,32.611,11.927
294,7,1,33.230,12.682,32.618,11.949
295,7,1,33.223,12.733,32.611,11.999
296,7,1,33.215,12.754,32.604,12.021
297,7,1,33.223,12.805,32.612,12.072
298,7,1,33.201,12.841,32.590,12.108
299,7,1,33.209,12.878,32.597,12.144
300,7,1,33.202,12.899,32.590,12.166
301,7,1,33.195,12.950,32.583,12.217
302,7,1,33.224,13.124,32.475,12.276
303,7,1,33.152,13.059,32.540,12.326
304,7,1,33.144,13.096,32.533,12.362
305,7,1,33.152,13.132,32.540,12.398
306,7,1,33.130,13.168,32.519,12.435
307,7,1,33.246,13.181,32.468,12.370
308,7,1,33.246,13.189,32.454,12.457
309,7,1,33.210,13.182,32.468,12.522
310,7,1,33.210,13.196,32.425,12.581
311,7,1,33.123,13.248,32.512,12.529
312,7,1,33.131,13.270,32.519,12.551
313,7,1,33.138,13.306,32.527,12.587
314,7,1,33.167,13.320,32.361,12.791
315,7,1,33.203,13.363,32.404,12.813
316,7,1,33.247,13.413,32.440,12.827
317,7,1,33.182,13.494,32.419,12.878
318,7,1,33.197,13.559,32.441,12.899
319,7,1,33.234,13.660,32.470,12.913
320,7,1,33.154,13.624,32.542,12.942
321,7,1,33.248,13.718,32.492,12.921
322,7,1,33.219,13.718,32.477,12.935
323,7,1,33.205,13.747,32.521,12.949
324,7,1,33.227,13.747,32.485,12.986
325,7,1,33.219,13.754,32.485,13.008
326,7,1,33.212,13.754,32.470,13.044
327,7,1,33.227,13.790,32.471,13.116
328,7,1,33.154,13.784,32.543,13.109
329,7,1,33.147,13.820,32.536,13.145
330,7,1,33.155,13.842,32.543,13.167
331,7,1,33.147,13.878,32.536,13.203
332,7,1,33.155,13.914,32.543,13.239
333,7,1,33.148,13.951,32.536,13.275
334,7,1,33.250,14.044,32.428,13.508
335,7,1,33.141,14.103,32.530,13.435
336,7,1,33.148,14.132,32.537,13.464
337,7,1,33.156,14.161,32.544,13.493
338,7,1,33.149,14.176,32.537,13.507
339,7,1,33.084,14.408,32.385,13.531
340,7,1,33.128,14.422,32.421,13.537
341,7,1,33.157,14.444,32.436,13.566
342,7,1,33.135,14.451,32.356,13.589
343,7,1,33.157,14.451,32.421,13.595
344,7,1,33.106,14.466,32.407,13.617
345,7,1,33.106,14.510,32.414,13.617
346,7,1,33.114,14.495,32.436,13.617
347,7,1,33.077,14.387,32.465,13.718
348,7,1,33.084,14.416,32.473,13.747
349,7,1,33.099,14.582,32.328,13.908
350,7,1,33.020,14.569,32.408,13.900
351,7,1,33.114,14.640,32.184,14.019
352,7,1,33.071,14.662,32.184,14.062
353,7,1,33.093,14.691,32.307,14.075
354,7,1,33.064,14.713,32.293,14.068
355,7,1,33.086,14.742,32.278,14.083
356,7,1,33.086,14.764,32.336,14.090
357,7,1,33.086,14.829,32.372,14.068
358,7,1,33.086,14.858,32.380,14.089
359,7,1,33.057,14.924,32.336,14.111
360,7,1,33.079,14.974,32.358,14.118
361,7,1,33.065,14.975,32.329,14.148
362,7,1,33.079,14.967,32.358,14.169
363,7,1,33.043,15.047,32.329,14.199
364,7,1,33.058,15.098,32.315,14.257
365,7,1,32.992,14.997,32.381,14.350
366,7,1,33.000,15.019,32.388,14.372
367,7,1,32.978,15.055,32.366,14.409
368,7,1,32.985,15.077,32.374,14.430
369,7,1,32.993,15.113,32.381,14.467
370,7,1,33.015,15.120,32.403,14.474
371,7,1,33.022,15.157,32.410,14.510
372,7,1,33.095,15.214,32.295,14.627
373,7,1,33.001,15.237,32.389,14.597
374,7,1,33.059,15.280,32.287,14.649
375,7,1,33.059,15.316,32.244,14.657
376,7,1,33.066,15.352,32.280,14.685
0,8,2,19.850,12.601,18.278,11.796
1,8,2,19.895,12.623,18.249,11.781
2,8,2,20.050,12.621,18.404,11.780
3,8,2,20.205,12.620,18.559,11.779
4,8,2,20.374,12.618,18.729,11.777
5,8,2,20.699,12.644,19.084,11.767
6,8,2,20.691,12.637,19.069,11.774
7,8,2,20.846,12.643,19.224,11.780
8,8,2,21.008,12.664,19.387,11.801
9,8,2,21.170,12.669,19.549,11.807
10,8,2,21.340,12.690,19.719,11.827
11,8,2,21.502,12.710,19.881,11.848
12,8,2,21.664,12.731,20.044,11.868
13,8,2,21.848,12.736,20.228,11.874
14,8,2,22.010,12.757,20.390,11.895
15,8,2,22.172,12.762,20.552,11.901
16,8,2,22.341,12.783,20.722,11.921
17,8,2,22.517,12.788,20.899,11.927
18,8,2,22.679,12.809,21.061,11.947
19,8,2,22.848,12.814,21.230,11.953
20,8,2,23.025,12.835,21.407,11.973
21,8,2,23.186,12.841,21.569,11.979
22,8,2,23.355,12.861,21.738,12.000
23,8,2,23.531,12.866,21.915,12.006
24,8,2,23.693,12.887,22.077,12.026
25,8,2,23.862,12.893,22.246,12.032
26,8,2,24.038,12.927,22.422,12.067
27,8,2,24.199,12.933,22.584,12.073
28,8,2,24.390,12.851,22.944,12.259
29,8,2,24.441,12.945,22.871,12.158
30,8,2,24.595,12.966,23.025,12.178
31,8,2,24.779,12.986,23.208,12.198
32,8,2,24.940,12.992,23.370,12.204
33,8,2,25.101,13.027,23.532,12.239
34,8,2,25.255,13.033,23.686,12.245
35,8,2,25.431,13.067,23.862,12.280
36,8,2,25.592,13.073,24.023,12.286
37,8,2,25.760,13.108,24.192,12.321
38,8,2,25.922,13.128,24.353,12.341
39,8,2,26.083,13.148,24.515,12.362
40,8,2,26.236,13.169,24.669,12.382
41,8,2,26.412,13.204,24.845,12.417
42,8,2,26.558,13.224,24.991,12.438
43,8,2,26.726,13.244,25.160,12.458
44,8,2,26.902,13.264,25.335,12.478
45,8,2,27.063,13.285,25.497,12.499
46,8,2,27.216,13.305,25.650,12.519
47,8,2,27.377,13.340,25.811,12.554
48,8,2,27.523,13.360,25.958,12.574
49,8,2,27.691,13.380,26.126,12.595
50,8,2,27.852,13.401,26.287,12.615
51,8,2,28.071,13.515,26.499,12.650
52,8,2,28.239,13.513,26.638,12.670
53,8,2,28.202,13.477,26.638,12.685
54,8,2,28.363,13.498,26.799,12.705
55,8,2,28.516,13.525,26.952,12.733
56,8,2,28.691,13.422,27.303,12.780
57,8,2,28.764,13.486,27.223,12.716
58,8,2,28.909,13.492,27.369,12.722
59,8,2,29.084,13.498,27.544,12.727
60,8,2,29.216,13.518,27.675,12.748
61,8,2,29.361,13.524,27.821,12.754
62,8,2,29.558,13.522,28.018,12.752
63,8,2,29.682,13.535,28.142,12.765
64,8,2,29.827,13.541,28.288,12.771
65,8,2,30.089,13.539,28.551,12.769
66,8,2,30.148,13.567,28.609,12.797
67,8,2,30.279,13.559,28.740,12.789
68,8,2,30.344,13.587,28.806,12.817
69,8,2,30.613,13.570,29.076,12.800
70,8,2,30.759,13.590,29.221,12.821
71,8,2,30.875,13.582,29.338,12.812
72,8,2,31.064,13.602,29.527,12.832
73,8,2,31.238,13.593,29.702,12.823
74,8,2,31.369,13.599,29.833,12.829
75,8,2,31.543,13.604,30.008,12.835
76,8,2,31.689,13.610,30.153,12.841
77,8,2,31.834,13.616,30.299,12.847
78,8,2,32.023,13.621,30.488,12.852
79,8,2,32.168,13.627,30.633,12.858
80,8,2,32.320,13.633,30.786,12.864
81,8,2,32.458,13.624,30.924,12.856
82,8,2,32.632,13.630,31.098,12.861
83,8,2,32.770,13.636,31.236,12.867
84,8,2,32.936,13.641,31.403,12.873
85,8,2,33.067,13.633,31.534,12.864
86,8,2,33.219,13.638,31.686,12.870
87,8,2,33.357,13.644,31.824,12.876
88,8,2,33.530,13.650,31.998,12.882
89,8,2,33.668,13.641,32.136,12.873
90,8,2,33.820,13.647,32.288,12.879
91,8,2,33.965,13.638,32.433,12.870
92,8,2,34.102,13.644,32.571,12.876
93,8,2,34.254,13.635,32.723,12.868
94,8,2,34.413,13.641,32.883,12.873
95,8,2,34.543,13.632,33.013,12.865
96,8,2,34.702,13.638,33.172,12.871
97,8,2,34.833,13.629,33.303,12.862
98,8,2,34.984,13.635,33.455,12.868
99,8,2,35.122,13.627,33.592,12.859
100,8,2,35.280,13.632,33.752,12.865
101,8,2,35.410,13.624,33.882,12.857
102,8,2,35.569,13.615,34.041,12.848
103,8,2,35.699,13.606,34.171,12.840
104,8,2,35.843,13.612,34.316,12.845
105,8,2,35.988,13.604,34.460,12.837
106,8,2,36.132,13.609,34.605,12.843
107,8,2,36.276,13.601,34.749,12.834
108,8,2,36.421,13.606,34.894,12.840
109,8,2,36.565,13.598,35.038,12.831
110,8,2,36.694,13.589,35.168,12.823
111,8,2,36.824,13.581,35.298,12.814
112,8,2,36.983,13.586,35.457,12.820
113,8,2,37.112,13.578,35.587,12.812
115,8,2,37.400,13.575,35.875,12.809
116,8,2,37.544,13.581,36.020,12.815
117,8,2,37.688,13.572,36.164,12.806
118,8,2,37.832,13.578,36.308,12.812
119,8,2,37.976,13.569,36.452,12.804
120,8,2,38.106,13.575,36.582,12.810
121,8,2,38.235,13.567,36.712,12.801
122,8,2,38.393,13.587,36.870,12.821
123,8,2,38.508,13.578,36.986,12.813
124,8,2,38.652,13.584,37.130,12.819
125,8,2,38.781,13.576,37.259,12.811
126,8,2,38.925,13.581,37.403,12.816
127,8,2,39.069,13.587,37.547,12.822
128,8,2,39.198,13.593,37.677,12.828
129,8,2,39.327,13.585,37.806,12.820
130,8,2,39.471,13.590,37.950,12.826
131,8,2,39.600,13.596,38.079,12.832
132,8,2,39.715,13.602,38.195,12.838
133,8,2,40.053,13.642,38.188,12.860
134,8,2,39.887,13.630,38.346,12.865
135,8,2,40.009,13.636,38.468,12.871
136,8,2,40.361,13.647,38.425,12.886
137,8,2,40.511,13.616,38.576,12.914
138,8,2,40.640,13.615,38.698,12.920
139,8,2,40.769,13.585,38.863,12.925
140,8,2,40.912,13.605,38.806,12.875
141,8,2,40.669,13.607,39.035,12.873
142,8,2,40.784,13.613,39.150,12.879
143,8,2,40.913,13.619,39.280,12.885
144,8,2,41.042,13.625,39.409,12.891
145,8,2,41.171,13.646,39.538,12.912
146,8,2,41.300,13.652,39.667,12.918
147,8,2,41.414,13.658,39.782,12.924
148,8,2,41.543,13.663,39.911,12.930
149,8,2,41.672,13.669,40.040,12.936
150,8,2,41.801,13.675,40.170,12.942
151,8,2,41.915,13.696,40.284,12.962
153,8,2,42.173,13.722,40.543,12.989
154,8,2,42.287,13.728,40.657,12.995
155,8,2,42.416,13.748,40.786,13.015
156,8,2,42.531,13.754,40.901,13.021
157,8,2,42.660,13.775,41.030,13.042
158,8,2,42.774,13.781,41.145,13.048
159,8,2,42.903,13.801,41.274,13.068
160,8,2,43.017,13.807,41.388,13.074
161,8,2,43.131,13.827,41.503,13.095
163,8,2,43.374,13.854,41.746,13.121
164,8,2,43.489,13.874,41.861,13.142
165,8,2,43.617,13.894,41.990,13.162
167,8,2,43.846,13.921,42.219,13.189
168,8,2,43.974,13.927,42.348,13.195
169,8,2,44.103,13.947,42.476,13.215
170,8,2,44.217,13.967,42.591,13.235
0,9,2,22.592,11.227,20.930,10.489
1,9,2,22.930,11.202,20.952,10.518
2,9,2,22.981,11.245,21.033,10.561
3,9,2,23.003,11.267,21.026,10.590
4,9,2,23.091,11.281,21.144,10.604
5,9,2,23.084,11.274,21.129,10.597
6,9,2,23.179,11.288,21.224,10.611
7,9,2,23.260,11.301,21.305,10.625
8,9,2,23.356,11.330,21.401,10.653
9,9,2,23.400,11.300,21.857,10.737
10,9,2,23.554,11.343,21.673,10.687
11,9,2,23.635,11.364,21.754,10.709
12,9,2,23.745,11.385,21.864,10.730
13,9,2,23.825,11.406,21.945,10.751
14,9,2,23.921,11.427,22.041,10.772
15,9,2,24.111,11.520,22.188,10.778
16,9,2,24.082,11.477,22.203,10.814
17,9,2,24.163,11.491,22.283,10.828
18,9,2,24.258,11.504,22.379,10.842
19,9,2,24.273,11.512,22.680,10.949
20,9,2,24.390,11.547,22.548,10.899
21,9,2,24.478,11.561,22.636,10.913
22,9,2,24.566,11.575,22.724,10.927
23,9,2,24.654,11.603,22.812,10.955
24,9,2,24.742,11.617,22.901,10.969
25,9,2,24.749,11.617,23.304,11.024
26,9,2,24.830,11.667,23.400,11.053
27,9,2,24.874,11.776,23.400,10.994
28,9,2,24.976,11.688,23.569,11.088
29,9,2,25.101,11.701,23.649,11.102
30,9,2,25.203,11.715,23.525,11.088
31,9,2,25.306,11.845,23.759,11.006
32,9,2,25.364,11.852,23.855,11.042
33,9,2,25.635,11.849,23.781,11.108
34,9,2,25.474,11.836,24.023,11.186
35,9,2,25.562,11.828,23.921,11.187
36,9,2,25.642,11.835,24.001,11.193
37,9,2,25.752,11.856,24.111,11.214
38,9,2,25.833,11.877,24.192,11.236
39,9,2,25.928,11.898,24.287,11.257
40,9,2,26.023,11.904,24.383,11.263
41,9,2,26.118,11.925,24.478,11.284
42,9,2,26.199,11.932,24.558,11.291
43,9,2,26.308,11.938,24.668,11.297
44,9,2,26.389,11.945,24.749,11.304
45,9,2,26.608,11.892,25.035,11.338
46,9,2,26.703,11.898,25.122,11.337
47,9,2,26.718,11.927,25.093,11.301
48,9,2,26.813,11.934,25.188,11.307
49,9,2,26.893,11.955,25.269,11.329
50,9,2,27.258,12.032,25.386,11.320
51,9,2,27.127,11.982,25.496,11.356
52,9,2,27.214,11.989,25.584,11.362
53,9,2,27.309,12.009,25.679,11.383
54,9,2,27.404,12.016,25.774,11.390
55,9,2,27.506,12.022,25.876,11.396
56,9,2,27.769,12.064,25.847,11.448
57,9,2,27.623,12.065,25.986,11.446
58,9,2,27.704,12.079,26.066,11.460
59,9,2,27.806,12.041,26.322,11.502
60,9,2,27.849,12.077,26.410,11.516
61,9,2,27.930,12.099,26.308,11.495
62,9,2,28.010,12.112,26.388,11.508
63,9,2,28.090,12.141,26.469,11.537
64,9,2,28.171,12.184,26.761,11.585
65,9,2,28.258,12.183,26.644,11.586
66,9,2,28.353,12.189,26.739,11.593
67,9,2,28.440,12.196,26.827,11.599
68,9,2,28.586,12.151,27.090,11.597
69,9,2,28.608,12.158,27.185,11.589
70,9,2,28.746,12.186,27.294,11.610
71,9,2,28.797,12.185,27.207,11.611
72,9,2,29.249,12.232,27.148,11.604
73,9,2,29.293,12.224,27.404,11.660
74,9,2,29.329,12.246,27.462,11.638
75,9,2,29.453,12.274,27.477,11.623
76,9,2,29.642,12.308,27.630,11.636
77,9,2,29.672,12.315,27.681,11.665
78,9,2,29.671,12.294,27.681,11.687
79,9,2,29.715,12.322,27.776,11.678
80,9,2,29.934,12.342,27.878,11.714
81,9,2,30.028,12.341,27.988,11.764
82,9,2,30.050,12.356,28.053,11.756
83,9,2,29.875,12.335,28.199,11.769
84,9,2,29.977,12.342,28.301,11.776
85,9,2,30.057,12.363,28.381,11.797
86,9,2,30.181,12.398,28.753,11.837
87,9,2,30.312,12.426,28.833,11.858
88,9,2,30.392,12.425,28.928,11.865
89,9,2,30.465,12.446,29.044,11.856
90,9,2,30.566,12.423,28.921,11.865
91,9,2,30.690,12.459,29.219,11.884
92,9,2,30.748,12.465,29.343,11.883
93,9,2,30.828,12.472,29.452,11.889
94,9,2,31.032,12.499,29.095,11.878
95,9,2,31.075,12.535,29.125,11.907
96,9,2,30.908,12.493,29.285,11.934
97,9,2,30.995,12.507,29.372,11.948
98,9,2,31.112,12.506,29.489,11.947
99,9,2,31.199,12.519,29.576,11.961
100,9,2,31.300,12.533,29.678,11.974
101,9,2,31.409,12.546,29.787,11.988
102,9,2,31.504,12.560,29.882,12.002
103,9,2,31.605,12.574,29.984,12.015
104,9,2,31.714,12.573,30.093,12.014
105,9,2,31.809,12.586,30.187,12.028
106,9,2,31.910,12.585,30.289,12.027
107,9,2,32.034,12.599,30.413,12.040
108,9,2,32.113,12.598,30.493,12.040
109,9,2,32.215,12.597,30.594,12.039
110,9,2,32.774,12.773,31.154,12.215
111,9,2,32.418,12.610,30.798,12.052
112,9,2,32.534,12.609,30.914,12.050
113,9,2,32.556,12.579,30.943,12.028
115,9,2,32.853,12.606,31.241,12.055
116,9,2,32.954,12.605,31.342,12.061
117,9,2,33.070,12.596,31.459,12.053
118,9,2,33.186,12.595,31.575,12.052
119,9,2,33.280,12.594,31.676,12.058
120,9,2,33.396,12.579,31.792,12.043
121,9,2,33.497,12.578,31.894,12.042
122,9,2,33.606,12.570,32.003,12.034
123,9,2,33.714,12.576,32.111,12.040
124,9,2,33.830,12.560,32.227,12.024
125,9,2,33.924,12.560,32.329,12.024
126,9,2,34.032,12.559,32.438,12.023
127,9,2,34.148,12.543,32.553,12.007
128,9,2,34.242,12.542,32.648,12.006
129,9,2,34.365,12.527,32.771,11.991
130,9,2,34.466,12.526,32.872,11.990
131,9,2,34.560,12.518,32.974,11.989
132,9,2,34.676,12.502,33.089,11.973
133,9,2,34.777,12.501,33.191,11.973
134,9,2,34.892,12.500,33.306,11.972
135,9,2,35.008,12.484,33.422,11.956
136,9,2,35.109,12.484,33.524,11.955
137,9,2,35.643,12.493,33.574,11.882
138,9,2,35.390,12.452,33.798,11.924
139,9,2,35.852,12.477,33.827,11.858
140,9,2,35.874,12.477,33.856,11.894
141,9,2,35.758,12.427,34.283,11.898
142,9,2,35.809,12.427,34.210,11.899
143,9,2,35.910,12.426,34.319,11.905
144,9,2,36.025,12.425,34.434,11.904
145,9,2,36.458,12.457,34.347,11.847
146,9,2,36.119,12.402,34.535,11.881
147,9,2,36.227,12.394,34.644,11.873
148,9,2,36.335,12.400,34.752,11.879
149,9,2,36.436,12.392,34.860,11.871
150,9,2,36.544,12.398,34.969,11.877
151,9,2,36.666,12.390,35.091,11.869
153,9,2,36.897,12.388,35.322,11.867
154,9,2,37.005,12.380,35.431,11.859
155,9,2,37.509,12.433,35.474,11.844
156,9,2,37.271,12.392,35.698,11.871
157,9,2,37.379,12.398,35.806,11.877
158,9,2,37.480,12.404,35.907,11.884
159,9,2,37.595,12.396,36.022,11.876
160,9,2,37.796,12.394,36.332,11.873
161,9,2,37.990,12.378,36.454,11.865
163,9,2,38.185,12.398,36.707,11.877
164,9,2,38.278,12.411,36.750,11.905
165,9,2,38.300,12.397,36.844,11.883
167,9,2,38.472,12.402,36.944,11.904
168,9,2,38.681,12.422,37.268,11.915
169,9,2,39.069,12.455,37.096,11.910
170,9,2,39.205,12.468,37.254,11.908
171,9,2,38.982,12.434,37.463,11.935
172,9,2,39.097,12.433,37.578,11.934
173,9,2,39.535,12.465,37.556,11.891
174,9,2,39.198,12.425,37.686,11.926
175,9,2,39.305,12.424,37.794,11.925
176,9,2,39.959,12.497,37.678,11.890
177,9,2,39.420,12.415,37.909,11.917
178,9,2,39.528,12.414,38.016,11.916
179,9,2,39.635,12.413,38.131,11.915
180,9,2,39.757,12.412,38.254,11.914
181,9,2,39.865,12.426,38.361,11.927
182,9,2,39.980,12.425,38.476,11.926
183,9,2,40.094,12.424,38.591,11.925
184,9,2,40.216,12.423,38.713,11.924
185,9,2,40.317,12.436,38.814,11.938
186,9,2,40.446,12.435,38.943,11.937
187,9,2,40.567,12.434,39.065,11.936
188,9,2,40.682,12.447,39.180,11.949
189,9,2,40.811,12.446,39.309,11.948
190,9,2,40.933,12.459,39.431,11.961
191,9,2,41.033,12.458,39.532,11.960
192,9,2,41.162,12.471,39.661,11.974
193,9,2,41.269,12.470,39.769,11.973
194,9,2,41.384,12.484,39.883,11.986
195,9,2,41.498,12.497,39.998,11.999
196,9,2,41.620,12.510,40.120,12.013
197,9,2,41.720,12.524,40.221,12.026
198,9,2,41.849,12.537,40.350,12.040
199,9,2,41.957,12.551,40.457,12.053
200,9,2,42.071,12.564,40.572,12.066
201,9,2,42.185,12.577,40.687,12.080
202,9,2,42.307,12.590,40.808,12.093
203,9,2,42.407,12.604,40.909,12.107
204,9,2,42.536,12.617,41.038,12.120
205,9,2,42.643,12.631,41.145,12.133
206,9,2,42.758,12.658,41.260,12.161
207,9,2,42.872,12.672,41.374,12.174
208,9,2,42.979,12.699,41.482,12.202
209,9,2,43.079,12.713,41.582,12.216
210,9,2,43.208,12.740,41.711,12.243
211,9,2,43.315,12.754,41.818,12.257
212,9,2,43.430,12.781,41.933,12.285
213,9,2,43.544,12.795,42.048,12.298
214,9,2,43.651,12.822,42.155,12.326
215,9,2,43.751,12.850,42.255,12.354
216,9,2,43.880,12.863,42.384,12.367
217,9,2,43.987,12.891,42.491,12.395
218,9,2,44.101,12.919,42.606,12.422
27,10,2,16.758,10.272,16.308,9.683
28,10,2,16.773,10.294,16.301,9.676
29,10,2,16.884,10.286,16.412,9.667
30,10,2,16.973,10.300,16.501,9.681
31,10,2,17.076,10.306,16.604,9.688
32,10,2,17.306,10.275,16.753,9.650
34,10,2,17.298,10.268,16.745,9.643
35,10,2,17.350,10.275,16.797,9.650
36,10,2,17.506,10.281,16.952,9.656
37,10,2,18.600,10.404,16.641,9.637
38,10,2,18.710,10.403,16.774,9.738
39,10,2,18.592,10.419,16.863,9.708
40,10,2,18.732,10.476,17.159,9.735
41,10,2,18.858,10.410,17.285,9.837
42,10,2,19.176,10.444,17.270,9.793
43,10,2,19.308,10.487,17.403,9.792
44,10,2,19.353,10.515,17.633,9.776
45,10,2,19.382,10.544,17.648,9.783
46,10,2,19.471,10.551,17.869,9.781
47,10,2,19.633,10.586,18.017,9.817
48,10,2,19.780,10.578,18.113,9.824
49,10,2,19.869,10.599,18.202,9.852
50,10,2,19.920,10.643,18.357,9.902
51,10,2,19.965,10.613,18.290,9.925
52,10,2,20.083,10.634,18.409,9.946
53,10,2,20.178,10.648,18.505,9.960
54,10,2,20.399,10.734,18.866,9.986
55,10,2,20.738,10.702,18.859,10.052
56,10,2,20.687,10.702,19.110,10.130
57,10,2,20.841,10.796,19.235,10.049
58,10,2,20.724,10.753,19.398,10.114
59,10,2,20.878,10.766,19.250,10.100
60,10,2,20.989,10.795,19.361,10.129
61,10,2,21.121,10.823,19.493,10.157
62,10,2,21.232,10.851,19.604,10.185
63,10,2,21.357,10.879,19.729,10.213
64,10,2,21.489,10.908,19.862,10.242
65,10,2,21.614,10.936,19.987,10.270
66,10,2,21.739,10.964,20.113,10.298
67,10,2,21.872,11.007,20.245,10.341
68,10,2,22.011,11.035,20.385,10.369
69,10,2,22.151,11.063,20.525,10.397
70,10,2,22.269,11.105,20.643,10.440
71,10,2,22.393,11.134,20.768,10.468
72,10,2,22.548,11.162,20.923,10.496
73,10,2,22.680,11.204,21.055,10.539
74,10,2,22.798,11.232,21.173,10.567
75,10,2,22.930,11.275,21.305,10.610
76,10,2,23.077,11.303,21.453,10.638
77,10,2,23.201,11.331,21.578,10.666
78,10,2,23.341,11.374,21.717,10.709
79,10,2,23.620,11.502,22.078,10.706
80,10,2,23.715,11.575,22.188,10.742
81,10,2,23.884,11.610,22.335,10.792
82,10,2,24.009,11.645,22.438,10.827
83,10,2,24.009,11.565,22.416,10.900
84,10,2,24.317,11.693,22.702,10.927
85,10,2,24.295,11.635,22.702,10.971
86,10,2,24.559,11.728,22.981,10.969
87,10,2,24.734,11.748,23.055,11.004
88,10,2,24.764,11.813,23.209,11.018
89,10,2,24.771,11.740,23.194,11.076
90,10,2,24.903,11.768,23.326,11.104
91,10,2,25.020,11.797,23.444,11.132
92,10,2,25.306,11.976,23.693,11.196
93,10,2,25.357,11.968,23.789,11.224
94,10,2,25.350,11.925,23.781,11.261
95,10,2,25.474,11.953,23.906,11.289
96,10,2,25.613,11.981,24.045,11.317
97,10,2,25.752,12.023,24.185,11.359
98,10,2,25.891,12.051,24.324,11.387
99,10,2,26.016,12.094,24.449,11.430
100,10,2,26.155,12.121,24.588,11.458
101,10,2,26.294,12.149,24.727,11.486
102,10,2,26.433,12.177,24.866,11.514
103,10,2,26.557,12.220,24.991,11.557
104,10,2,26.696,12.248,25.130,11.584
105,10,2,26.835,12.290,25.269,11.627
106,10,2,26.974,12.318,25.408,11.655
107,10,2,27.113,12.360,25.547,11.697
108,10,2,27.251,12.388,25.686,11.725
109,10,2,27.376,12.416,25.811,11.753
110,10,2,27.514,12.444,25.950,11.781
111,10,2,27.638,12.486,26.074,11.824
112,10,2,27.777,12.514,26.213,11.852
113,10,2,27.916,12.542,26.352,11.880
115,10,2,28.179,12.598,26.615,11.936
116,10,2,28.317,12.626,26.754,11.963
117,10,2,28.544,12.783,27.054,11.990
118,10,2,28.565,12.710,27.010,12.048
119,10,2,28.697,12.738,27.141,12.076
120,10,2,29.010,12.895,27.463,12.066
121,10,2,29.076,12.895,27.587,12.080
122,10,2,29.090,12.815,27.550,12.153
123,10,2,29.207,12.828,27.667,12.166
124,10,2,29.338,12.870,27.799,12.209
125,10,2,29.484,12.884,27.945,12.222
126,10,2,29.629,12.926,28.090,12.264
127,10,2,29.760,12.939,28.222,12.278
128,10,2,29.891,12.967,28.353,12.305
129,10,2,30.022,12.980,28.484,12.319
130,10,2,30.153,12.993,28.616,12.332
131,10,2,30.284,13.036,28.747,12.375
132,10,2,30.415,13.034,28.878,12.373
133,10,2,30.546,13.048,29.009,12.387
134,10,2,30.677,13.076,29.140,12.415
135,10,2,30.808,13.103,29.271,12.442
136,10,2,30.939,13.117,29.403,12.456
137,10,2,31.070,13.115,29.534,12.455
138,10,2,31.186,13.129,29.650,12.468
139,10,2,31.317,13.157,29.781,12.496
140,10,2,31.448,13.170,29.912,12.509
141,10,2,31.578,13.183,30.043,12.523
142,10,2,31.695,13.196,30.160,12.536
143,10,2,31.825,13.195,30.290,12.535
144,10,2,31.956,13.208,30.421,12.548
145,10,2,32.087,13.236,30.552,12.576
146,10,2,32.217,13.249,30.683,12.589
147,10,2,32.333,13.234,30.799,12.574
148,10,2,32.464,13.247,30.930,12.587
149,10,2,32.638,13.267,31.330,12.641
150,10,2,32.718,13.274,31.417,12.655
151,10,2,32.942,13.271,31.475,12.655
153,10,2,33.051,13.278,31.533,12.639
154,10,2,33.167,13.284,31.649,12.646
155,10,2,33.297,13.275,31.780,12.637
156,10,2,33.797,13.299,31.860,12.629
157,10,2,33.934,13.291,31.976,12.628
158,10,2,34.079,13.311,32.026,12.642
159,10,2,34.130,13.296,32.201,12.641
160,10,2,34.303,13.273,32.338,12.625
161,10,2,34.151,13.260,32.744,12.657
163,10,2,34.325,13.272,32.780,12.642
164,10,2,34.441,13.271,32.896,12.641
165,10,2,34.954,13.310,32.976,12.641
167,10,2,34.831,13.304,33.273,12.674
168,10,2,35.330,13.335,33.345,12.637
169,10,2,35.330,13.335,33.389,12.637
170,10,2,35.445,13.319,33.512,12.643
171,10,2,35.626,13.347,33.635,12.656
172,10,2,35.489,13.377,34.011,12.624
173,10,2,35.647,13.375,34.134,12.644
174,10,2,35.922,13.344,33.997,12.667
175,10,2,36.051,13.321,34.098,12.681
176,10,2,35.842,13.308,34.286,12.679
177,10,2,35.957,13.307,34.402,12.678
178,10,2,36.087,13.306,34.532,12.677
179,10,2,36.217,13.319,34.662,12.690
180,10,2,36.318,13.318,34.763,12.689
181,10,2,36.448,13.317,34.893,12.688
182,10,2,36.563,13.316,35.009,12.687
183,10,2,37.010,13.311,35.067,12.694
184,10,2,36.808,13.313,35.254,12.692
185,10,2,36.924,13.320,35.370,12.698
186,10,2,37.385,13.373,35.471,12.647
187,10,2,37.449,13.365,35.586,12.667
188,10,2,37.550,13.342,35.608,12.681
189,10,2,37.687,13.363,35.752,12.666
190,10,2,37.564,13.335,36.135,12.742
191,10,2,37.701,13.319,36.257,12.726
192,10,2,37.968,13.367,36.098,12.691
193,10,2,38.090,13.366,36.199,12.690
194,10,2,38.248,13.364,36.300,12.697
195,10,2,38.032,13.330,36.495,12.724
196,10,2,38.457,13.391,36.618,12.715
197,10,2,38.291,13.349,36.755,12.743
198,10,2,38.888,13.394,36.683,12.736
199,10,2,38.399,13.348,36.863,12.742
200,10,2,38.500,13.355,36.964,12.748
201,10,2,38.600,13.361,37.064,12.755
202,10,2,38.730,13.367,37.194,12.761
203,10,2,38.830,13.373,37.295,12.767
204,10,2,38.960,13.379,37.424,12.773
205,10,2,39.060,13.385,37.525,12.779
206,10,2,39.175,13.391,37.640,12.785
207,10,2,39.290,13.397,37.756,12.791
208,10,2,39.405,13.389,37.871,12.783
209,10,2,39.520,13.395,37.986,12.789
210,10,2,39.620,13.401,38.086,12.796
211,10,2,39.721,13.408,38.187,12.802
212,10,2,40.202,13.482,38.259,12.816
213,10,2,40.374,13.459,38.310,12.837
214,10,2,39.979,13.441,38.446,12.835
215,10,2,40.080,13.447,38.547,12.842
216,10,2,40.166,13.439,38.633,12.834
217,10,2,40.281,13.445,38.748,12.840
218,10,2,40.381,13.452,38.849,12.846
219,10,2,40.496,13.458,38.964,12.852
220,10,2,40.596,13.449,39.064,12.844
221,10,2,40.696,13.456,39.165,12.850
222,10,2,40.797,13.448,39.265,12.842
223,10,2,40.883,13.454,39.351,12.849
224,10,2,40.983,13.460,39.452,12.855
225,10,2,41.098,13.466,39.567,12.861
226,10,2,41.212,13.458,39.681,12.853
227,10,2,41.312,13.464,39.782,12.859
228,10,2,41.398,13.470,39.868,12.865
229,10,2,41.499,13.477,39.968,12.872
230,10,2,41.599,13.483,40.069,12.878
231,10,2,41.685,13.489,40.155,12.884
232,10,2,41.785,13.481,40.255,12.876
233,10,2,41.899,13.487,40.370,12.882
234,10,2,41.985,13.493,40.456,12.889
235,10,2,42.085,13.500,40.556,12.895
236,10,2,42.157,13.506,40.628,12.901
237,10,2,42.257,13.512,40.728,12.908
238,10,2,42.343,13.519,40.814,12.914
239,10,2,42.429,13.525,40.900,12.920
240,10,2,42.515,13.531,40.986,12.927
241,10,2,42.615,13.538,41.087,12.933
242,10,2,42.715,13.544,41.187,12.939
243,10,2,42.786,13.550,41.258,12.946
244,10,2,42.886,13.556,41.359,12.952
245,10,2,42.958,13.563,41.430,12.959
246,10,2,43.058,13.569,41.531,12.965
247,10,2,43.129,13.576,41.602,12.971
248,10,2,43.229,13.582,41.702,12.978
249,10,2,43.301,13.588,41.774,12.984
250,10,2,43.387,13.595,41.860,12.991
251,10,2,43.472,13.615,41.946,13.011
252,10,2,43.558,13.607,42.032,13.003
253,10,2,43.644,13.628,42.118,13.024
254,10,2,43.715,13.620,42.189,13.016
255,10,2,43.787,13.641,42.261,13.037
256,10,2,44.216,13.788,42.282,12.979
257,10,2,43.865,13.640,42.339,13.036
258,10,2,43.936,13.647,42.411,13.043
259,10,2,44.008,13.653,42.482,13.049
260,10,2,44.093,13.659,42.568,13.056
261,10,2,44.165,13.680,42.640,13.077
262,10,2,44.229,13.672,42.704,13.069
