6 0 1 33.112 18.397 32.352 17.723
7 0 1 33.112 18.373 32.352 17.699
8 0 1 33.112 18.357 32.352 17.683
9 0 1 33.096 18.357 32.336 17.683
10 0 1 33.096 18.349 32.336 17.675
11 0 1 33.080 18.317 32.320 17.644
12 0 1 33.048 18.349 32.288 17.676
13 0 1 33.017 18.318 32.256 17.644
14 0 1 33.017 18.294 32.257 17.620
15 0 1 33.017 18.262 32.257 17.588
16 0 1 33.017 18.238 32.257 17.564
17 0 1 33.017 18.214 32.257 17.540
18 0 1 33.017 18.190 32.257 17.516
19 0 1 33.017 18.150 32.257 17.476
20 0 1 32.993 18.102 32.233 17.429
21 0 1 33.002 18.054 32.241 17.381
22 0 1 33.002 18.014 32.241 17.341
23 0 1 32.994 17.950 32.234 17.277
24 0 1 33.002 17.918 32.242 17.245
25 0 1 33.002 17.862 32.242 17.189
26 0 1 32.994 17.814 32.234 17.141
27 0 1 33.002 17.766 32.242 17.093
28 0 1 33.002 17.727 32.242 17.053
29 0 1 32.994 17.687 32.234 17.013
30 0 1 33.002 17.647 32.243 16.974
31 0 1 33.003 17.607 32.243 16.934
32 0 1 32.979 17.583 32.219 16.910
33 0 1 32.971 17.543 32.211 16.870
34 0 1 32.971 17.503 32.211 16.830
35 0 1 33.162 17.454 32.402 16.717
36 0 1 33.154 17.438 32.394 16.725
37 0 1 33.162 17.398 32.402 16.685
38 0 1 33.154 17.358 32.394 16.645
39 0 1 33.162 17.302 32.402 16.590
40 0 1 33.170 17.262 32.410 16.550
41 0 1 33.178 17.207 32.418 16.494
42 0 1 33.305 17.262 32.586 16.246
43 0 1 33.313 17.142 32.569 16.365
44 0 1 33.313 17.102 32.570 16.325
45 0 1 33.329 17.046 32.586 16.269
46 0 1 33.321 17.006 32.578 16.230
47 0 1 33.329 16.950 32.586 16.174
48 0 1 33.337 16.910 32.594 16.134
49 0 1 33.345 16.855 32.602 16.078
50 0 1 33.353 16.815 32.610 16.038
51 0 1 33.361 16.759 32.618 15.982
52 0 1 33.353 16.719 32.610 15.943
53 0 1 33.361 16.663 32.618 15.887
54 0 1 33.354 16.607 32.610 15.831
55 0 1 33.362 16.552 32.619 15.775
56 0 1 33.354 16.496 32.611 15.720
57 0 1 33.362 16.440 32.619 15.664
58 0 1 33.354 16.400 32.611 15.624
59 0 1 33.362 16.344 32.619 15.568
60 0 1 33.370 16.289 32.627 15.512
61 0 1 33.378 16.249 32.635 15.473
62 0 1 33.386 16.209 32.643 15.433
63 0 1 33.394 16.153 32.651 15.377
64 0 1 33.402 16.113 32.659 15.337
65 0 1 33.410 16.057 32.667 15.281
66 0 1 33.418 16.002 32.675 15.226
67 0 1 33.426 15.962 32.683 15.186
68 0 1 33.434 15.906 32.691 15.130
69 0 1 33.442 15.850 32.700 15.074
70 0 1 33.450 15.810 32.708 15.034
71 0 1 33.458 15.754 32.716 14.979
72 0 1 33.466 15.715 32.724 14.939
73 0 1 33.490 15.643 32.748 14.867
74 0 1 33.482 15.603 32.740 14.827
75 0 1 33.506 15.547 32.764 14.772
76 0 1 33.498 15.508 32.756 14.732
77 0 1 33.451 15.420 32.709 14.549
78 0 1 33.451 15.380 32.709 14.597
79 0 1 33.459 15.333 32.717 14.549
80 0 1 33.451 15.301 32.709 14.517
81 0 1 33.459 15.253 32.717 14.470
82 0 1 33.467 15.221 32.725 14.438
83 0 1 33.491 15.173 32.749 14.390
84 0 1 33.483 15.126 32.741 14.342
85 0 1 33.507 15.078 32.765 14.295
86 0 1 33.499 15.030 32.757 14.247
87 0 1 33.507 14.982 32.765 14.199
88 0 1 33.515 14.935 32.773 14.151
89 0 1 33.523 14.887 32.781 14.104
90 0 1 33.515 14.839 32.773 14.056
91 0 1 33.539 14.792 32.797 14.008
92 0 1 33.531 14.744 32.789 13.961
93 0 1 33.555 14.712 32.813 13.929
94 0 1 33.547 14.680 32.805 13.897
95 0 1 33.571 14.648 32.829 13.865
96 0 1 33.563 14.601 32.821 13.818
97 0 1 33.571 14.569 32.829 13.786
98 0 1 33.627 14.465 32.933 13.690
99 0 1 33.643 14.465 32.909 13.690
100 0 1 33.659 14.425 32.925 13.650
101 0 1 33.659 14.394 32.925 13.619
102 0 1 33.675 14.362 32.941 13.587
103 0 1 33.675 14.322 32.941 13.547
104 0 1 33.690 14.282 32.957 13.507
105 0 1 33.627 14.283 32.902 13.246
106 0 1 33.627 14.163 32.902 13.365
107 0 1 33.628 14.132 32.902 13.333
108 0 1 33.659 14.116 32.933 13.317
109 0 1 33.651 14.100 32.926 13.301
110 0 1 33.675 14.068 32.949 13.269
111 0 1 33.683 14.036 32.957 13.237
112 0 1 33.802 13.964 32.997 13.118
113 0 1 33.762 13.940 33.037 13.142
114 0 1 33.770 13.909 33.045 13.110
115 0 1 33.762 13.893 33.037 13.094
116 0 1 33.770 13.861 33.045 13.063
117 0 1 33.762 13.829 33.037 13.031
118 0 1 33.770 13.782 33.045 12.983
119 0 1 33.778 13.750 33.053 12.951
120 0 1 33.786 13.718 33.061 12.920
121 0 1 33.779 13.686 33.053 12.888
122 0 1 33.786 13.655 33.061 12.856
123 0 1 33.929 13.551 33.172 12.713
125 0 1 33.913 13.535 33.188 12.737
126 0 1 33.929 13.345 33.173 12.451
127 0 1 33.913 13.305 33.188 12.507
128 0 1 33.921 13.273 33.196 12.475
129 0 1 33.929 13.241 33.204 12.443
130 0 1 33.922 13.210 33.196 12.412
131 0 1 33.945 13.194 33.220 12.396
132 0 1 33.937 13.162 33.212 12.364
133 0 1 33.945 13.130 33.220 12.332
134 0 1 33.938 13.115 33.212 12.317
135 0 1 33.945 13.099 33.220 12.301
136 0 1 33.938 13.067 33.212 12.269
137 0 1 33.946 13.035 33.220 12.237
138 0 1 33.938 13.019 33.213 12.222
139 0 1 33.946 12.988 33.221 12.190
140 0 1 33.985 12.964 33.260 12.023
141 0 1 33.977 12.892 33.252 12.095
142 0 1 33.985 12.877 33.260 12.079
143 0 1 34.009 12.845 33.284 12.047
144 0 1 34.001 12.829 33.276 12.031
145 0 1 34.025 12.797 33.300 11.999
146 0 1 34.033 12.781 33.308 11.984
147 0 1 34.041 12.749 33.316 11.952
148 0 1 34.049 12.734 33.324 11.936
149 0 1 34.057 12.702 33.332 11.904
150 0 1 34.065 12.670 33.340 11.873
151 0 1 34.073 12.638 33.348 11.841
152 0 1 34.080 12.607 33.356 11.809
153 0 1 34.104 12.559 33.379 11.762
154 0 1 34.136 12.472 33.253 11.889
155 0 1 34.057 12.567 33.324 11.786
156 0 1 34.088 12.535 33.356 11.754
157 0 1 34.104 12.519 33.372 11.738
158 0 1 34.104 12.504 33.372 11.722
159 0 1 34.120 12.488 33.387 11.706
160 0 1 34.136 12.456 33.403 11.674
161 0 1 34.239 12.353 33.546 11.334
162 0 1 34.247 12.242 33.522 11.452
163 0 1 34.270 12.218 33.546 11.429
164 0 1 34.294 12.194 33.570 11.405
165 0 1 34.302 12.155 33.578 11.365
166 0 1 34.326 12.115 33.601 11.326
167 0 1 34.350 12.075 33.625 11.286
168 0 1 34.397 12.218 33.657 11.262
169 0 1 34.381 12.131 33.657 11.333
170 0 1 34.405 12.099 33.680 11.302
171 0 1 34.413 12.067 33.688 11.270
172 0 1 34.452 12.035 33.728 11.238
173 0 1 34.460 11.988 33.736 11.191
174 0 1 34.484 11.940 33.759 11.143
175 0 1 34.476 11.837 33.830 11.096
176 0 1 34.508 11.861 33.791 11.072
177 0 1 34.523 11.821 33.807 11.032
178 0 1 34.539 11.798 33.823 11.009
179 0 1 34.539 11.742 33.823 10.953
180 0 1 34.555 11.703 33.839 10.914
181 0 1 34.571 11.647 33.855 10.858
182 0 1 34.539 11.632 33.863 10.582
183 0 1 34.555 11.505 33.847 10.708
184 0 1 34.563 11.473 33.855 10.677
185 0 1 34.587 11.426 33.879 10.629
186 0 1 34.579 11.394 33.871 10.598
187 0 1 34.603 11.362 33.895 10.566
188 0 1 34.611 11.315 33.902 10.518
189 0 1 34.650 11.173 33.879 10.495
190 0 1 34.619 11.228 33.910 10.439
191 0 1 34.627 11.173 33.918 10.384
192 0 1 34.635 11.133 33.926 10.345
193 0 1 34.642 11.078 33.934 10.289
194 0 1 34.650 11.038 33.942 10.250
195 0 1 34.658 10.983 33.950 10.194
196 0 1 34.698 10.920 34.132 10.147
197 0 1 34.761 10.927 34.061 10.147
198 0 1 34.761 10.880 34.061 10.100
199 0 1 34.761 10.817 34.061 10.036
200 0 1 34.761 10.769 34.061 9.989
201 0 1 34.761 10.722 34.061 9.942
202 0 1 34.745 10.643 34.045 9.863
203 0 1 34.745 10.611 33.983 9.587
204 0 1 34.714 10.493 34.014 9.705
205 0 1 34.714 10.438 34.014 9.650
206 0 1 34.714 10.398 34.014 9.610
207 0 1 34.714 10.359 34.014 9.571
208 0 1 34.714 10.304 34.014 9.516
209 0 1 34.730 10.264 34.030 9.476
210 0 1 34.644 10.122 33.889 9.232
211 0 1 34.612 10.075 33.912 9.287
212 0 1 34.612 10.035 33.913 9.247
213 0 1 34.612 9.996 33.913 9.208
214 0 1 34.612 9.941 33.913 9.153
215 0 1 34.612 9.885 33.913 9.098
216 0 1 34.597 9.814 33.897 9.027
217 0 1 34.557 9.980 33.890 8.822
218 0 1 34.565 9.799 33.874 9.003
219 0 1 34.557 9.751 33.866 8.956
220 0 1 34.565 9.704 33.874 8.908
221 0 1 34.558 9.641 33.866 8.845
222 0 1 34.550 9.594 33.858 8.798
223 0 1 34.542 9.562 33.850 8.767
224 0 1 34.590 9.191 33.850 8.696
225 0 1 34.558 9.341 33.866 8.554
226 0 1 34.550 9.286 33.859 8.499
227 0 1 34.542 9.247 33.851 8.459
228 0 1 34.535 9.207 33.843 8.420
229 0 1 34.511 9.152 33.820 8.365
230 0 1 34.503 9.113 33.812 8.325
231 0 1 34.480 9.058 33.788 8.270
232 0 1 34.472 9.002 33.780 8.215
233 0 1 34.448 8.947 33.757 8.160
234 0 1 34.425 8.892 33.733 8.105
235 0 1 34.401 8.837 33.710 8.050
236 0 1 34.393 8.782 33.702 7.994
237 0 1 34.370 8.727 33.679 7.939
238 0 1 34.378 8.703 33.687 7.916
239 0 1 34.354 8.664 33.663 7.876
240 0 1 34.331 8.609 33.639 7.821
241 0 1 34.323 8.553 33.632 7.766
242 0 1 34.331 8.530 33.640 7.743
243 0 1 34.307 8.506 33.616 7.719
244 0 1 34.299 8.482 33.608 7.695
245 0 1 34.276 8.443 33.585 7.656
246 0 1 34.268 8.419 33.577 7.632
247 0 1 34.260 8.380 33.569 7.593
248 0 1 34.252 8.325 33.561 7.538
249 0 1 34.229 8.270 33.538 7.483
250 0 1 34.221 8.231 33.530 7.443
251 0 1 34.213 8.175 33.522 7.388
252 0 1 34.221 8.120 33.530 7.333
253 0 1 34.214 8.081 33.522 7.294
254 0 1 34.206 8.042 33.515 7.255
255 0 1 34.198 7.986 33.507 7.199
256 0 1 34.190 7.931 33.499 7.144
257 0 1 34.182 7.892 33.491 7.105
259 0 1 34.174 7.884 33.483 7.097
260 0 1 34.167 7.860 33.476 7.074
261 0 1 34.159 7.837 33.468 7.050
262 0 1 34.128 7.554 33.398 6.775
263 0 1 34.104 7.554 33.413 6.775
264 0 1 34.096 7.522 33.406 6.743
265 0 1 34.073 7.475 33.382 6.696
266 0 1 34.065 7.396 33.374 6.617
267 0 1 34.042 7.349 33.351 6.570
268 0 1 34.034 7.270 33.343 6.492
269 0 1 34.010 7.223 33.320 6.444
270 0 1 34.003 7.145 33.312 6.366
271 0 1 33.979 7.097 33.288 6.319
272 0 1 33.971 7.050 33.281 6.271
273 0 1 33.964 7.019 33.273 6.240
274 0 1 33.956 6.972 33.265 6.193
275 0 1 33.948 6.924 33.257 6.146
276 0 1 33.940 6.893 33.249 6.114
277 0 1 33.932 6.846 33.242 6.067
278 0 1 33.925 6.783 33.234 6.004
279 0 1 33.917 6.736 33.226 5.957
280 0 1 33.925 6.688 33.234 5.910
281 0 1 33.917 6.610 33.226 5.831
282 0 1 33.925 6.563 33.234 5.784
283 0 1 33.917 6.500 33.227 5.721
284 0 1 33.925 6.437 33.235 5.659
285 0 1 33.917 6.390 33.227 5.612
286 0 1 33.925 6.343 33.235 5.564
287 0 1 33.918 6.280 33.227 5.502
288 0 1 33.926 6.233 33.235 5.455
289 0 1 33.933 6.201 33.243 5.423
290 0 1 33.973 6.154 33.283 5.376
291 0 1 33.981 6.107 33.290 5.329
292 0 1 33.989 6.076 33.298 5.298
293 0 1 33.997 6.044 33.306 5.266
294 0 1 34.005 5.997 33.314 5.219
295 0 1 33.997 5.934 33.307 5.156
296 0 1 33.989 5.887 33.299 5.109
297 0 1 33.981 5.840 33.291 5.062
298 0 1 33.989 5.777 33.299 4.999
299 0 1 33.981 5.715 33.291 4.937
300 0 1 33.989 5.667 33.299 4.890
301 0 1 33.982 5.620 33.292 4.843
302 0 1 33.990 5.558 33.300 4.780
303 0 1 33.982 5.495 33.292 4.717
304 0 1 33.990 5.448 33.300 4.670
305 0 1 33.982 5.432 33.292 4.654
306 0 1 33.974 5.369 33.284 4.592
307 0 1 33.966 5.322 33.276 4.545
308 0 1 33.959 5.291 33.269 4.513
309 0 1 33.951 5.259 33.261 4.482
310 0 1 33.959 5.212 33.269 4.435
311 0 1 33.951 5.165 33.261 4.388
312 0 1 33.959 5.134 33.269 4.356
313 0 1 33.951 5.071 33.261 4.294
314 0 1 33.959 5.024 33.269 4.247
315 0 1 33.951 4.961 33.262 4.184
316 0 1 33.959 4.899 33.269 4.121
317 0 1 33.951 4.852 33.262 4.074
318 0 1 33.959 4.805 33.270 4.027
319 0 1 33.952 4.742 33.262 3.965
320 0 1 33.960 4.695 33.270 3.918
321 0 1 33.967 4.664 33.278 3.886
322 0 1 33.975 4.616 33.286 3.839
323 0 1 33.983 4.569 33.294 3.792
324 0 1 34.023 4.538 33.333 3.761
325 0 1 34.015 4.491 33.325 3.714
326 0 1 34.023 4.444 33.333 3.667
327 0 1 34.015 4.413 33.326 3.636
328 0 1 34.023 4.382 33.333 3.604
329 0 1 34.015 4.334 33.326 3.557
330 0 1 34.023 4.272 33.334 3.495
331 0 1 34.015 4.225 33.326 3.448
332 0 1 34.007 4.193 33.318 3.416
333 0 1 34.000 4.146 33.310 3.369
334 0 1 34.008 4.099 33.318 3.323
335 0 1 34.000 4.068 33.311 3.291
336 0 1 34.008 4.037 33.318 3.260
337 0 1 34.000 3.990 33.311 3.213
338 0 1 33.992 3.912 33.303 3.135
339 0 1 33.969 3.880 33.280 3.103
340 0 1 33.961 3.849 33.272 3.072
341 0 1 33.938 3.802 33.248 3.025
342 0 1 33.945 3.739 33.256 2.962
343 0 1 33.938 3.708 33.249 2.931
344 0 1 33.946 3.677 33.256 2.900
345 0 1 33.938 3.645 33.249 2.868
346 0 1 33.946 3.614 33.257 2.837
347 0 1 33.938 3.583 33.249 2.806
348 0 1 33.946 3.536 33.257 2.759
349 0 1 33.954 3.504 33.265 2.728
350 0 1 33.962 3.442 33.273 2.665
351 0 1 33.954 3.395 33.265 2.618
352 0 1 33.962 3.332 33.273 2.556
353 0 1 33.970 3.285 33.281 2.509
354 0 1 33.978 3.254 33.289 2.478
355 0 1 33.970 3.223 33.281 2.446
356 0 1 33.978 3.191 33.289 2.415
357 0 1 33.986 3.145 33.297 2.368
358 0 1 34.009 3.098 33.320 2.321
359 0 1 34.017 3.066 33.328 2.290
360 0 1 34.025 3.035 33.336 2.259
361 0 1 34.017 3.004 33.328 2.228
362 0 1 34.025 2.973 33.336 2.196
363 0 1 34.017 2.941 33.329 2.165
364 0 1 34.025 2.910 33.337 2.134
365 0 1 34.002 2.879 33.313 2.102
366 0 1 34.010 2.832 33.321 2.056
367 0 1 34.002 2.785 33.313 2.009
368 0 1 33.994 2.754 33.305 1.977
369 0 1 33.971 2.707 33.282 1.930
0 1 1 20.115 9.161 19.012 8.684
1 1 1 20.147 9.177 18.996 8.684
2 1 1 20.163 9.177 19.012 8.684
3 1 1 20.179 9.177 19.028 8.684
4 1 1 20.211 9.193 19.060 8.700
5 1 1 20.227 9.209 19.076 8.716
6 1 1 20.259 9.193 19.108 8.700
7 1 1 20.420 9.161 19.245 8.644
8 1 1 20.412 9.153 19.245 8.644
9 1 1 20.436 9.161 19.269 8.652
10 1 1 20.476 9.153 19.309 8.644
11 1 1 20.500 9.161 19.333 8.652
12 1 1 20.540 9.168 19.374 8.660
13 1 1 20.564 9.176 19.398 8.668
14 1 1 20.467 9.272 19.445 8.771
15 1 1 20.507 9.264 19.404 8.764
16 1 1 20.547 9.264 19.445 8.764
17 1 1 20.587 9.280 19.485 8.779
18 1 1 20.611 9.280 19.509 8.779
19 1 1 20.635 9.280 19.533 8.779
20 1 1 20.659 9.296 19.557 8.795
21 1 1 20.531 9.320 19.614 8.739
22 1 1 20.595 9.288 19.549 8.771
23 1 1 20.627 9.288 19.581 8.771
24 1 1 20.659 9.288 19.613 8.771
25 1 1 20.691 9.288 19.645 8.771
26 1 1 20.724 9.288 19.678 8.771
27 1 1 20.756 9.288 19.710 8.771
28 1 1 20.804 9.288 19.758 8.771
29 1 1 20.820 9.288 19.774 8.771
30 1 1 20.884 9.287 19.838 8.771
31 1 1 20.916 9.287 19.870 8.771
32 1 1 20.948 9.287 19.902 8.771
33 1 1 20.996 9.287 19.951 8.771
34 1 1 21.028 9.287 19.983 8.771
35 1 1 21.205 9.223 20.088 8.731
36 1 1 21.165 9.231 20.112 8.723
37 1 1 21.205 9.239 20.152 8.731
38 1 1 21.229 9.231 20.176 8.723
39 1 1 21.269 9.239 20.216 8.731
40 1 1 21.293 9.247 20.240 8.739
41 1 1 21.333 9.255 20.280 8.747
42 1 1 21.318 9.199 20.425 8.691
43 1 1 21.382 9.199 20.361 8.691
44 1 1 21.422 9.191 20.401 8.683
45 1 1 21.478 9.183 20.457 8.675
46 1 1 21.503 9.175 20.482 8.667
47 1 1 21.559 9.167 20.538 8.659
48 1 1 21.599 9.159 20.578 8.651
49 1 1 21.655 9.151 20.634 8.643
50 1 1 21.711 9.159 20.690 8.651
51 1 1 21.767 9.151 20.746 8.643
52 1 1 21.823 9.159 20.803 8.651
53 1 1 21.879 9.151 20.859 8.643
54 1 1 21.919 9.159 20.899 8.651
55 1 1 21.975 9.151 20.955 8.643
56 1 1 22.047 9.175 21.004 8.587
57 1 1 22.032 9.135 21.011 8.627
58 1 1 22.072 9.127 21.051 8.619
59 1 1 22.112 9.119 21.092 8.611
60 1 1 22.168 9.127 21.148 8.619
61 1 1 22.192 9.119 21.172 8.611
62 1 1 22.232 9.127 21.212 8.619
63 1 1 22.303 9.190 21.413 8.571
64 1 1 22.352 9.135 21.348 8.619
65 1 1 22.384 9.134 21.380 8.619
66 1 1 22.448 9.134 21.444 8.619
67 1 1 22.488 9.134 21.484 8.619
68 1 1 22.544 9.134 21.540 8.619
69 1 1 22.568 9.134 21.564 8.619
70 1 1 22.848 9.142 21.613 8.603
71 1 1 22.736 9.126 21.717 8.610
72 1 1 22.776 9.126 21.757 8.610
73 1 1 22.816 9.126 21.797 8.610
74 1 1 22.872 9.126 21.853 8.610
75 1 1 22.912 9.126 21.893 8.610
76 1 1 22.952 9.126 21.933 8.610
77 1 1 22.976 9.126 21.957 8.610
78 1 1 23.016 9.126 21.997 8.610
79 1 1 23.040 9.126 22.021 8.610
80 1 1 23.080 9.142 22.061 8.626
81 1 1 23.104 9.157 22.085 8.642
82 1 1 23.144 9.173 22.124 8.658
83 1 1 23.184 9.173 22.164 8.658
84 1 1 23.240 9.173 22.220 8.658
85 1 1 23.280 9.173 22.261 8.658
86 1 1 23.336 9.173 22.317 8.658
87 1 1 23.375 9.173 22.357 8.658
88 1 1 23.431 9.173 22.413 8.658
89 1 1 23.471 9.173 22.453 8.658
90 1 1 23.527 9.173 22.509 8.658
91 1 1 23.712 9.125 22.509 8.594
92 1 1 23.608 9.117 22.581 8.602
93 1 1 23.664 9.117 22.637 8.602
94 1 1 23.696 9.117 22.669 8.602
95 1 1 23.720 9.093 22.693 8.578
96 1 1 23.776 9.085 22.749 8.570
97 1 1 23.824 9.085 22.797 8.570
98 1 1 23.751 9.157 22.781 8.570
99 1 1 23.776 9.117 22.757 8.602
100 1 1 23.815 9.117 22.797 8.602
101 1 1 23.600 9.077 22.581 8.562
102 1 1 23.895 9.117 22.877 8.602
103 1 1 23.935 9.133 22.917 8.617
104 1 1 24.031 9.141 23.021 8.633
105 1 1 24.015 9.133 23.005 8.625
106 1 1 24.071 9.133 23.061 8.625
107 1 1 24.095 9.140 23.092 8.641
108 1 1 24.159 9.156 23.156 8.657
109 1 1 24.199 9.140 23.196 8.641
110 1 1 24.238 9.156 23.236 8.657
111 1 1 24.278 9.156 23.276 8.657
112 1 1 24.318 9.156 23.316 8.657
113 1 1 24.358 9.156 23.356 8.657
114 1 1 24.398 9.156 23.396 8.657
115 1 1 24.438 9.140 23.436 8.641
116 1 1 24.494 9.140 23.492 8.641
117 1 1 24.518 9.156 23.516 8.657
118 1 1 24.558 9.156 23.556 8.657
119 1 1 24.598 9.156 23.596 8.657
120 1 1 24.637 9.172 23.636 8.672
121 1 1 24.677 9.187 23.675 8.688
122 1 1 24.733 9.187 23.731 8.688
123 1 1 24.773 9.187 23.771 8.688
125 1 1 24.884 9.219 23.883 8.720
126 1 1 24.940 9.203 23.939 8.704
127 1 1 24.980 9.219 23.979 8.720
128 1 1 25.036 9.219 24.034 8.720
129 1 1 25.076 9.219 24.074 8.720
130 1 1 25.148 9.203 24.146 8.704
131 1 1 25.187 9.203 24.186 8.704
132 1 1 25.243 9.203 24.242 8.704
133 1 1 25.283 9.187 24.282 8.688
134 1 1 25.323 9.171 24.322 8.672
135 1 1 25.363 9.171 24.362 8.672
136 1 1 25.403 9.171 24.402 8.672
137 1 1 25.443 9.171 24.442 8.672
138 1 1 25.483 9.171 24.482 8.672
139 1 1 25.523 9.171 24.522 8.672
140 1 1 25.562 9.170 24.562 8.672
141 1 1 25.602 9.170 24.601 8.672
142 1 1 25.658 9.170 24.657 8.672
143 1 1 25.698 9.170 24.697 8.672
144 1 1 25.754 9.170 24.753 8.672
145 1 1 25.809 9.170 24.809 8.672
146 1 1 25.849 9.170 24.849 8.671
147 1 1 26.129 9.083 24.817 8.632
148 1 1 25.977 9.107 24.961 8.616
149 1 1 26.017 9.099 25.001 8.608
150 1 1 26.057 9.091 25.041 8.600
151 1 1 26.097 9.099 25.080 8.608
152 1 1 26.120 9.122 25.104 8.632
153 1 1 26.160 9.146 25.144 8.655
154 1 1 26.327 9.138 25.416 8.560
155 1 1 26.367 9.098 25.359 8.608
156 1 1 26.399 9.090 25.391 8.600
157 1 1 26.447 9.098 25.439 8.608
158 1 1 26.479 9.090 25.471 8.600
159 1 1 26.526 9.098 25.519 8.608
160 1 1 26.590 9.090 25.583 8.600
161 1 1 26.638 9.098 25.630 8.607
162 1 1 26.686 9.090 25.678 8.599
163 1 1 26.749 9.082 25.742 8.591
164 1 1 26.797 9.090 25.790 8.599
165 1 1 26.829 9.098 25.821 8.607
166 1 1 26.877 9.090 25.869 8.599
167 1 1 26.940 9.098 25.933 8.607
168 1 1 26.932 9.145 25.941 8.583
169 1 1 26.940 9.105 25.941 8.615
170 1 1 26.980 9.098 25.981 8.607
171 1 1 27.020 9.090 26.020 8.599
172 1 1 27.060 9.082 26.060 8.591
173 1 1 27.099 9.089 26.100 8.599
174 1 1 27.139 9.097 26.140 8.607
175 1 1 27.163 9.089 26.164 8.599
176 1 1 27.218 9.113 26.219 8.623
177 1 1 27.258 9.105 26.259 8.615
178 1 1 27.298 9.129 26.299 8.639
179 1 1 27.338 9.121 26.339 8.631
180 1 1 27.393 9.129 26.394 8.639
181 1 1 27.433 9.137 26.434 8.646
182 1 1 27.488 9.144 26.490 8.654
183 1 1 27.528 9.137 26.529 8.646
184 1 1 27.584 9.144 26.585 8.654
185 1 1 27.624 9.136 26.625 8.646
186 1 1 27.663 9.144 26.665 8.654
187 1 1 27.687 9.152 26.688 8.662
188 1 1 27.743 9.160 26.744 8.670
189 1 1 27.782 9.152 26.784 8.662
190 1 1 27.822 9.160 26.824 8.670
191 1 1 27.862 9.152 26.863 8.662
192 1 1 27.917 9.160 26.919 8.670
193 1 1 27.957 9.152 26.959 8.662
194 1 1 27.997 9.160 26.999 8.670
195 1 1 28.037 9.152 27.038 8.662
196 1 1 28.092 9.160 27.094 8.670
197 1 1 28.132 9.167 27.134 8.678
198 1 1 28.187 9.175 27.189 8.685
199 1 1 28.243 9.167 27.245 8.677
200 1 1 28.314 9.175 27.316 8.685
201 1 1 28.354 9.167 27.356 8.677
202 1 1 28.425 9.175 27.428 8.685
203 1 1 28.465 9.167 27.467 8.677
204 1 1 28.521 9.175 27.523 8.685
205 1 1 28.560 9.167 27.563 8.677
206 1 1 28.616 9.175 27.618 8.685
207 1 1 28.656 9.167 27.658 8.677
208 1 1 28.711 9.159 27.714 8.669
209 1 1 28.751 9.151 27.753 8.661
210 1 1 28.806 9.143 27.809 8.653
211 1 1 28.846 9.135 27.849 8.645
212 1 1 28.886 9.143 27.889 8.653
213 1 1 28.925 9.135 27.928 8.645
214 1 1 28.965 9.143 27.968 8.653
215 1 1 29.005 9.135 28.008 8.645
216 1 1 29.060 9.127 28.063 8.637
217 1 1 29.425 9.055 28.008 8.606
218 1 1 29.219 9.071 28.198 8.590
219 1 1 29.267 9.071 28.246 8.590
220 1 1 29.298 9.071 28.278 8.590
221 1 1 29.346 9.055 28.326 8.574
222 1 1 29.410 9.055 28.389 8.574
223 1 1 29.457 9.039 28.437 8.558
224 1 1 29.394 9.039 28.294 8.510
124 1 1 24.829 9.203 23.827 8.704
225 1 1 29.354 9.016 28.334 8.534
226 1 1 29.418 9.000 28.397 8.518
227 1 1 29.497 8.984 28.477 8.502
228 1 1 29.545 8.952 28.524 8.471
229 1 1 29.576 8.952 28.556 8.471
230 1 1 29.608 8.952 28.588 8.471
231 1 1 29.640 8.968 28.620 8.486
232 1 1 29.671 8.984 28.651 8.502
233 1 1 29.719 8.984 28.699 8.502
234 1 1 29.766 8.984 28.746 8.502
235 1 1 29.814 8.999 28.794 8.518
236 1 1 29.877 8.999 28.857 8.518
237 1 1 29.941 8.999 28.921 8.518
238 1 1 30.004 8.999 28.984 8.518
239 1 1 30.051 8.999 29.032 8.518
240 1 1 30.115 8.983 29.095 8.502
241 1 1 30.162 8.967 29.143 8.486
242 1 1 30.210 8.967 29.190 8.486
243 1 1 30.273 8.952 29.254 8.470
244 1 1 30.321 8.936 29.301 8.454
245 1 1 30.353 8.936 29.333 8.454
246 1 1 30.400 8.936 29.381 8.454
247 1 1 30.432 8.936 29.412 8.454
248 1 1 30.479 8.935 29.460 8.454
249 1 1 30.511 8.951 29.492 8.470
250 1 1 30.558 8.935 29.539 8.454
251 1 1 30.606 8.951 29.587 8.470
252 1 1 30.637 8.935 29.618 8.454
253 1 1 30.685 8.951 29.666 8.470
254 1 1 30.741 8.777 29.722 8.296
256 1 1 30.733 8.769 29.714 8.288
257 1 1 30.796 8.753 29.778 8.272
259 1 1 31.168 8.722 30.158 8.241
261 1 1 31.160 8.714 30.150 8.233
262 1 1 31.216 8.698 30.205 8.217
263 1 1 31.255 8.682 30.245 8.201
264 1 1 31.279 8.682 30.269 8.201
265 1 1 31.318 8.682 30.308 8.201
266 1 1 31.358 8.682 30.348 8.201
267 1 1 31.429 8.666 30.419 8.185
268 1 1 31.484 8.634 30.474 8.153
269 1 1 31.556 8.619 30.546 8.138
270 1 1 31.611 8.619 30.601 8.138
271 1 1 31.682 8.603 30.672 8.122
272 1 1 31.737 8.587 30.728 8.106
273 1 1 31.793 8.587 30.783 8.106
274 1 1 31.832 8.587 30.823 8.106
275 1 1 31.887 8.571 30.878 8.090
276 1 1 31.927 8.555 30.917 8.074
277 1 1 31.982 8.555 30.973 8.074
278 1 1 32.022 8.539 31.012 8.059
279 1 1 32.077 8.523 31.068 8.043
280 1 1 32.117 8.523 31.107 8.043
281 1 1 32.172 8.523 31.163 8.043
282 1 1 32.211 8.508 31.202 8.027
283 1 1 32.267 8.492 31.257 8.011
284 1 1 32.306 8.508 31.297 8.027
285 1 1 32.361 8.492 31.352 8.011
286 1 1 32.416 8.507 31.408 8.027
287 1 1 32.487 8.492 31.479 8.011
288 1 1 32.558 8.492 31.550 8.011
289 1 1 32.629 8.492 31.621 8.011
290 1 1 32.685 8.476 31.676 7.995
291 1 1 32.771 8.444 31.763 7.964
292 1 1 32.827 8.444 31.818 7.964
293 1 1 32.882 8.444 31.874 7.964
294 1 1 32.937 8.444 31.929 7.964
295 1 1 32.992 8.444 31.984 7.964
296 1 1 33.032 8.444 32.023 7.964
297 1 1 33.103 8.444 32.094 7.964
298 1 1 33.142 8.444 32.134 7.963
299 1 1 33.197 8.444 32.189 7.963
300 1 1 33.237 8.460 32.229 7.979
301 1 1 33.307 8.475 32.299 7.995
302 1 1 33.347 8.460 32.339 7.979
303 1 1 33.418 8.475 32.410 7.995
304 1 1 33.473 8.475 32.465 7.995
305 1 1 33.528 8.491 32.520 8.011
306 1 1 33.583 8.522 32.575 8.042
307 1 1 33.654 8.538 32.646 8.058
308 1 1 33.709 8.538 32.701 8.058
309 1 1 33.764 8.538 32.757 8.058
310 1 1 33.803 8.554 32.796 8.074
311 1 1 33.859 8.569 32.851 8.089
312 1 1 33.898 8.569 32.891 8.089
313 1 1 33.953 8.585 32.946 8.105
314 1 1 33.992 8.601 32.985 8.121
315 1 1 34.047 8.617 33.040 8.137
316 1 1 34.087 8.632 33.080 8.152
317 1 1 34.126 8.648 33.119 8.168
318 1 1 34.165 8.664 33.158 8.184
319 1 1 34.221 8.664 33.213 8.184
320 1 1 34.260 8.679 33.253 8.199
321 1 1 34.315 8.695 33.308 8.215
322 1 1 34.370 8.695 33.363 8.215
323 1 1 34.425 8.711 33.418 8.231
324 1 1 34.480 8.727 33.473 8.247
325 1 1 34.535 8.727 33.528 8.247
326 1 1 34.590 8.726 33.584 8.247
327 1 1 34.645 8.742 33.639 8.262
328 1 1 34.685 8.758 33.678 8.278
329 1 1 34.740 8.758 33.733 8.278
330 1 1 34.779 8.774 33.772 8.294
331 1 1 34.834 8.789 33.828 8.309
332 1 1 34.873 8.789 33.867 8.309
333 1 1 34.913 8.805 33.906 8.325
334 1 1 34.952 8.821 33.946 8.341
335 1 1 34.991 8.821 33.985 8.341
336 1 1 35.031 8.836 34.024 8.357
337 1 1 35.086 8.852 34.079 8.372
338 1 1 35.125 8.852 34.119 8.372
339 1 1 35.164 8.868 34.158 8.388
340 1 1 35.219 8.899 34.213 8.420
341 1 1 35.274 8.915 34.268 8.435
342 1 1 35.313 8.931 34.307 8.451
343 1 1 35.368 8.962 34.362 8.482
344 1 1 35.423 8.978 34.417 8.498
345 1 1 35.478 8.993 34.473 8.514
346 1 1 35.518 9.009 34.512 8.530
347 1 1 35.573 9.025 34.567 8.545
348 1 1 35.596 9.041 34.590 8.561
349 1 1 35.651 9.041 34.646 8.561
350 1 1 35.691 9.056 34.685 8.577
351 1 1 35.745 9.072 34.740 8.592
352 1 1 35.769 9.072 34.763 8.592
353 1 1 35.824 9.072 34.818 8.592
354 1 1 35.848 9.072 34.842 8.592
355 1 1 35.903 9.087 34.897 8.608
356 1 1 35.942 9.103 34.936 8.624
357 1 1 35.997 9.087 34.991 8.608
358 1 1 36.036 9.103 35.031 8.624
359 1 1 36.091 9.103 35.086 8.624
360 1 1 36.146 9.103 35.141 8.624
361 1 1 36.201 9.103 35.196 8.624
362 1 1 36.256 9.103 35.251 8.624
363 1 1 36.311 9.103 35.306 8.623
364 1 1 36.350 9.103 35.345 8.623
365 1 1 36.405 9.103 35.400 8.623
366 1 1 36.444 9.103 35.439 8.623
367 1 1 36.484 9.103 35.479 8.623
368 1 1 36.523 9.103 35.518 8.623
369 1 1 36.578 9.102 35.573 8.623
370 1 1 36.601 9.102 35.596 8.623
371 1 1 36.656 9.102 35.651 8.623
372 1 1 36.680 9.118 35.675 8.639
373 1 1 36.735 9.134 35.730 8.655
374 1 1 36.774 9.118 35.769 8.639
375 1 1 36.829 9.134 35.824 8.655
376 1 1 36.868 9.134 35.863 8.655
377 1 1 36.923 9.149 35.918 8.670
378 1 1 36.978 9.165 35.973 8.686
379 1 1 37.048 9.165 36.044 8.686
380 1 1 37.088 9.165 36.083 8.686
381 1 1 37.142 9.165 36.138 8.686
382 1 1 37.197 9.180 36.193 8.701
383 1 1 37.252 9.196 36.248 8.717
384 1 1 37.291 9.180 36.287 8.701
385 1 1 37.346 9.196 36.342 8.717
386 1 1 37.385 9.196 36.382 8.717
387 1 1 37.425 9.196 36.421 8.717
388 1 1 37.464 9.196 36.460 8.717
389 1 1 37.503 9.196 36.499 8.717
390 1 1 37.542 9.196 36.538 8.717
391 1 1 37.597 9.196 36.593 8.717
392 1 1 37.636 9.196 36.633 8.717
393 1 1 37.691 9.196 36.687 8.717
394 1 1 37.730 9.196 36.727 8.717
395 1 1 37.785 9.195 36.782 8.717
396 1 1 37.824 9.195 36.821 8.717
397 1 1 37.895 9.195 36.891 8.717
398 1 1 37.934 9.195 36.931 8.717
399 1 1 37.989 9.195 36.985 8.717
400 1 1 38.028 9.195 37.025 8.716
402 1 1 38.106 9.195 37.103 8.716
403 1 1 38.161 9.211 37.158 8.732
404 1 1 38.185 9.226 37.181 8.748
405 1 1 38.224 9.211 37.221 8.732
406 1 1 38.263 9.226 37.260 8.748
407 1 1 38.302 9.226 37.299 8.748
408 1 1 38.341 9.226 37.338 8.748
409 1 1 38.380 9.226 37.377 8.748
410 1 1 38.419 9.242 37.417 8.763
411 1 1 38.459 9.258 37.456 8.779
412 1 1 38.498 9.273 37.495 8.795
413 1 1 38.552 9.289 37.550 8.810
414 1 1 38.592 9.305 37.589 8.826
415 1 1 38.646 9.320 37.644 8.842
416 1 1 38.686 9.336 37.683 8.857
417 1 1 38.740 9.367 37.738 8.889
418 1 1 38.780 9.383 37.777 8.905
419 1 1 38.819 9.383 37.816 8.904
420 1 1 38.858 9.399 37.855 8.920
421 1 1 38.913 9.414 37.910 8.936
422 1 1 38.936 9.414 37.934 8.936
423 1 1 38.975 9.414 37.973 8.936
424 1 1 39.014 9.430 38.012 8.951
425 1 1 39.053 9.445 38.051 8.967
426 1 1 39.077 9.445 38.075 8.967
427 1 1 39.116 9.445 38.114 8.967
428 1 1 39.139 9.461 38.137 8.983
429 1 1 39.179 9.477 38.176 8.998
430 1 1 39.218 9.477 38.216 8.998
431 1 1 39.257 9.492 38.255 9.014
432 1 1 39.296 9.508 38.294 9.030
433 1 1 39.351 9.508 38.349 9.030
434 1 1 39.390 9.508 38.388 9.030
435 1 1 39.444 9.508 38.443 9.030
436 1 1 39.499 9.508 38.497 9.030
437 1 1 39.554 9.508 38.552 9.029
438 1 1 39.593 9.508 38.591 9.029
439 1 1 39.632 9.508 38.630 9.029
440 1 1 39.671 9.507 38.669 9.029
441 1 1 39.710 9.507 38.709 9.029
442 1 1 39.734 9.507 38.732 9.029
443 1 1 39.773 9.523 38.771 9.045
444 1 1 39.781 9.539 38.779 9.061
445 1 1 39.820 9.523 38.818 9.045
446 1 1 39.827 9.539 38.826 9.061
447 1 1 39.867 9.539 38.865 9.061
448 1 1 39.874 9.539 38.873 9.061
449 1 1 39.898 9.539 38.896 9.061
450 1 1 39.921 9.539 38.920 9.061
451 1 1 39.945 9.539 38.943 9.060
452 1 1 39.952 9.538 38.951 9.060
258 1 1 30.844 8.738 29.825 8.256
401 1 1 38.083 9.195 37.079 8.716
23 2 1 31.961 18.318 31.239 17.787
25 2 1 31.953 18.310 31.231 17.779
26 2 1 31.953 18.262 31.231 17.731
27 2 1 31.953 18.214 31.231 17.683
28 2 1 31.953 18.158 31.232 17.627
29 2 1 31.953 18.102 31.232 17.571
30 2 1 31.953 18.046 31.232 17.516
31 2 1 31.954 17.990 31.232 17.460
32 2 1 31.954 17.934 31.232 17.404
33 2 1 31.954 17.886 31.233 17.356
34 2 1 31.954 17.830 31.233 17.300
35 2 1 31.962 17.910 31.290 16.916
36 2 1 31.978 17.750 31.273 17.076
37 2 1 31.994 17.702 31.289 17.028
38 2 1 31.963 17.630 31.258 16.956
39 2 1 32.010 17.622 31.305 16.948
40 2 1 32.026 17.558 31.322 16.884
41 2 1 32.058 17.542 31.353 16.868
42 2 1 32.026 17.550 31.315 16.373
43 2 1 32.019 17.358 31.315 16.573
44 2 1 32.004 17.263 31.299 16.477
45 2 1 32.035 17.246 31.331 16.461
46 2 1 32.051 17.182 31.347 16.397
47 2 1 32.067 17.126 31.363 16.341
48 2 1 32.083 17.070 31.379 16.285
49 2 1 32.099 17.022 31.395 16.237
50 2 1 32.116 16.942 31.411 16.157
51 2 1 32.116 16.911 31.412 16.125
52 2 1 32.116 16.847 31.412 16.061
53 2 1 32.116 16.799 31.412 16.014
54 2 1 32.132 16.735 31.428 15.950
55 2 1 32.148 16.687 31.444 15.902
57 2 1 32.140 16.679 31.436 15.894
58 2 1 32.140 16.631 31.436 15.846
59 2 1 32.141 16.567 31.437 15.782
60 2 1 32.157 16.519 31.453 15.734
61 2 1 32.141 16.456 31.437 15.671
62 2 1 32.157 16.392 31.453 15.607
63 2 1 32.205 16.288 31.462 15.415
64 2 1 32.181 16.248 31.477 15.455
65 2 1 32.181 16.192 31.478 15.399
66 2 1 32.197 16.136 31.494 15.344
67 2 1 32.197 16.081 31.494 15.288
68 2 1 32.213 16.025 31.510 15.232
69 2 1 32.229 15.985 31.526 15.192
70 2 1 32.245 15.929 31.542 15.136
71 2 1 32.246 15.873 31.542 15.080
72 2 1 32.262 15.849 31.558 15.056
73 2 1 32.262 15.825 31.558 15.033
74 2 1 32.262 15.769 31.558 14.977
75 2 1 32.278 15.714 31.574 14.921
76 2 1 32.278 15.658 31.575 14.865
77 2 1 32.223 15.515 31.496 14.746
78 2 1 32.207 15.523 31.504 14.738
79 2 1 32.207 15.475 31.504 14.691
80 2 1 32.223 15.443 31.520 14.659
81 2 1 32.207 15.395 31.504 14.611
82 2 1 32.223 15.332 31.520 14.547
83 2 1 32.224 15.284 31.520 14.499
84 2 1 32.224 15.252 31.520 14.468
85 2 1 32.224 15.204 31.520 14.420
86 2 1 32.240 15.156 31.536 14.372
87 2 1 32.256 15.140 31.552 14.356
88 2 1 32.240 15.093 31.537 14.308
89 2 1 32.240 15.061 31.537 14.277
90 2 1 32.240 15.029 31.537 14.245
91 2 1 32.240 14.981 31.537 14.197
92 2 1 32.240 14.933 31.537 14.149
93 2 1 32.240 14.902 31.537 14.118
94 2 1 32.241 14.854 31.537 14.070
95 2 1 32.241 14.790 31.538 14.006
96 2 1 32.241 14.742 31.538 13.958
97 2 1 32.241 14.711 31.538 13.927
98 2 1 32.400 14.622 31.729 13.727
99 2 1 32.400 14.575 31.705 13.783
100 2 1 32.392 14.535 31.697 13.743
101 2 1 32.400 14.495 31.705 13.703
102 2 1 32.408 14.455 31.713 13.664
103 2 1 32.400 14.416 31.705 13.624
104 2 1 32.408 14.376 31.713 13.584
105 2 1 32.369 14.312 31.737 13.735
106 2 1 32.392 14.400 31.705 13.632
107 2 1 32.393 14.352 31.706 13.584
108 2 1 32.393 14.320 31.706 13.552
109 2 1 32.393 14.304 31.706 13.536
110 2 1 32.393 14.288 31.706 13.521
111 2 1 32.409 14.225 31.722 13.457
112 2 1 32.425 14.193 31.738 13.425
113 2 1 32.409 14.145 31.722 13.377
114 2 1 32.441 14.129 31.754 13.361
115 2 1 32.441 14.082 31.754 13.314
116 2 1 32.441 14.066 31.754 13.298
117 2 1 32.441 14.018 31.754 13.250
118 2 1 32.457 13.986 31.770 13.218
119 2 1 32.457 13.938 31.770 13.171
120 2 1 32.457 13.875 31.770 13.107
121 2 1 32.457 13.843 31.771 13.075
122 2 1 32.457 13.811 31.771 13.044
123 2 1 32.457 13.764 31.771 12.996
124 2 1 32.473 13.748 31.787 12.980
125 2 1 32.473 13.700 31.787 12.932
126 2 1 32.474 13.684 31.787 12.917
127 2 1 32.474 13.636 31.787 12.869
128 2 1 32.474 13.621 31.787 12.853
129 2 1 32.474 13.573 31.787 12.805
130 2 1 32.474 13.557 31.787 12.790
131 2 1 32.458 13.509 31.772 12.742
132 2 1 32.442 13.494 31.756 12.726
133 2 1 32.443 13.446 31.756 12.679
134 2 1 32.427 13.430 31.740 12.663
135 2 1 32.411 13.367 31.725 12.599
136 2 1 32.411 13.319 31.725 12.552
137 2 1 32.395 13.287 31.709 12.520
138 2 1 32.364 13.256 31.677 12.488
139 2 1 32.348 13.208 31.662 12.441
140 2 1 32.348 13.145 31.662 12.377
141 2 1 32.348 13.113 31.662 12.346
142 2 1 32.333 13.065 31.646 12.298
143 2 1 32.317 13.050 31.631 12.282
144 2 1 32.317 13.002 31.631 12.235
145 2 1 32.317 12.986 31.631 12.219
146 2 1 32.317 12.938 31.631 12.171
147 2 1 32.215 12.812 31.583 12.203
148 2 1 32.238 12.883 31.560 12.132
149 2 1 32.230 12.851 31.552 12.100
150 2 1 32.223 12.820 31.544 12.068
151 2 1 32.215 12.772 31.536 12.021
152 2 1 32.207 12.725 31.529 11.973
153 2 1 32.199 12.693 31.521 11.942
154 2 1 32.200 12.574 31.434 11.966
155 2 1 32.160 12.637 31.481 11.902
156 2 1 32.152 12.590 31.474 11.855
157 2 1 32.128 12.542 31.450 11.807
158 2 1 32.121 12.511 31.442 11.775
159 2 1 32.113 12.463 31.434 11.728
160 2 1 32.105 12.400 31.427 11.664
161 2 1 32.161 12.249 31.426 11.760
162 2 1 32.129 12.360 31.451 11.648
163 2 1 32.121 12.320 31.443 11.609
164 2 1 32.098 12.265 31.419 11.553
165 2 1 32.090 12.225 31.411 11.514
166 2 1 32.066 12.170 31.388 11.458
167 2 1 32.058 12.130 31.380 11.419
168 2 1 32.067 11.987 31.365 11.237
169 2 1 32.051 11.972 31.373 11.260
170 2 1 32.027 11.932 31.349 11.221
171 2 1 32.004 11.893 31.325 11.181
172 2 1 31.996 11.837 31.318 11.126
173 2 1 31.957 11.782 31.278 11.070
174 2 1 31.949 11.726 31.271 11.015
175 2 1 31.933 11.726 31.295 10.880
176 2 1 31.949 11.663 31.279 10.944
177 2 1 31.933 11.631 31.263 10.912
178 2 1 31.918 11.600 31.247 10.880
179 2 1 31.918 11.568 31.247 10.849
180 2 1 31.902 11.536 31.232 10.817
181 2 1 31.886 11.489 31.216 10.770
182 2 1 31.886 11.441 31.216 10.722
183 2 1 31.887 11.425 31.216 10.706
184 2 1 31.871 11.378 31.201 10.659
185 2 1 31.855 11.362 31.185 10.643
186 2 1 31.761 11.220 31.098 10.501
188 2 1 31.753 11.212 31.090 10.493
189 2 1 31.745 11.180 31.083 10.461
190 2 1 31.753 11.133 31.091 10.414
191 2 1 31.729 11.085 31.067 10.366
192 2 1 31.722 11.038 31.059 10.319
193 2 1 31.714 10.966 31.052 10.247
195 2 1 31.706 10.959 31.044 10.240
196 2 1 31.698 10.911 31.036 10.192
197 2 1 31.706 10.879 31.044 10.160
198 2 1 31.683 10.832 31.021 10.113
199 2 1 31.675 10.784 31.013 10.066
200 2 1 31.683 10.737 31.021 10.018
201 2 1 31.675 10.689 31.013 9.971
202 2 1 31.667 10.658 31.005 9.939
203 2 1 31.675 10.626 31.013 9.907
204 2 1 31.668 10.594 31.006 9.876
224 2 1 31.783 9.195 31.224 8.643
225 2 1 31.799 9.211 31.216 8.635
226 2 1 31.838 9.084 31.209 8.437
227 2 1 31.831 9.084 31.209 8.445
228 2 1 31.846 9.037 31.225 8.398
229 2 1 31.862 8.974 31.241 8.335
230 2 1 31.878 8.910 31.257 8.272
231 2 1 31.894 8.863 31.273 8.224
232 2 1 31.910 8.816 31.288 8.177
233 2 1 31.926 8.768 31.304 8.129
234 2 1 31.926 8.737 31.305 8.098
235 2 1 31.927 8.689 31.305 8.051
236 2 1 31.927 8.642 31.305 8.003
237 2 1 31.927 8.595 31.305 7.956
238 2 1 31.927 8.555 31.305 7.916
239 2 1 31.927 8.516 31.305 7.877
240 2 1 31.943 8.468 31.321 7.830
241 2 1 31.943 8.405 31.322 7.767
242 2 1 31.959 8.358 31.337 7.719
243 2 1 31.959 8.295 31.338 7.656
244 2 1 31.959 8.240 31.338 7.601
245 2 1 31.960 8.184 31.338 7.546
246 2 1 31.960 8.121 31.338 7.483
247 2 1 31.960 8.058 31.339 7.420
248 2 1 31.976 8.011 31.354 7.372
249 2 1 31.976 7.964 31.355 7.325
250 2 1 31.976 7.916 31.355 7.278
251 2 1 31.976 7.885 31.355 7.246
252 2 1 31.992 7.837 31.371 7.199
253 2 1 31.992 7.790 31.371 7.152
254 2 1 31.993 7.743 31.371 7.104
255 2 1 31.993 7.696 31.371 7.057
256 2 1 32.009 7.648 31.387 7.010
257 2 1 32.009 7.601 31.387 6.963
259 2 1 32.009 7.491 31.388 6.852
260 2 1 32.025 7.435 31.404 6.797
261 2 1 32.025 7.380 31.404 6.742
262 2 1 32.025 7.317 31.404 6.679
263 2 1 32.041 7.254 31.420 6.616
264 2 1 32.042 7.191 31.420 6.553
265 2 1 32.042 7.144 31.421 6.506
266 2 1 32.042 7.097 31.421 6.459
267 2 1 32.042 7.050 31.421 6.412
268 2 1 32.026 7.018 31.405 6.380
269 2 1 32.026 6.971 31.405 6.333
270 2 1 32.027 6.924 31.406 6.286
271 2 1 32.027 6.876 31.406 6.238
272 2 1 32.027 6.829 31.406 6.191
273 2 1 32.043 6.774 31.422 6.136
274 2 1 32.043 6.719 31.422 6.081
275 2 1 32.043 6.656 31.422 6.018
276 2 1 32.043 6.609 31.422 5.971
277 2 1 32.043 6.546 31.423 5.908
278 2 1 32.044 6.483 31.423 5.845
279 2 1 32.044 6.420 31.423 5.782
280 2 1 32.044 6.373 31.423 5.735
281 2 1 32.044 6.310 31.423 5.672
282 2 1 32.060 6.263 31.439 5.625
283 2 1 32.060 6.231 31.439 5.593
284 2 1 32.060 6.184 31.440 5.546
285 2 1 32.076 6.137 31.456 5.499
286 2 1 32.092 6.090 31.471 5.452
287 2 1 32.092 6.042 31.472 5.405
288 2 1 32.108 5.995 31.488 5.358
289 2 1 32.124 5.948 31.504 5.311
290 2 1 32.124 5.901 31.504 5.263
291 2 1 32.140 5.854 31.520 5.216
292 2 1 32.156 5.791 31.536 5.153
293 2 1 32.172 5.744 31.551 5.106
294 2 1 32.188 5.681 31.567 5.044
295 2 1 32.204 5.618 31.583 4.981
296 2 1 32.220 5.571 31.599 4.934
297 2 1 32.236 5.524 31.615 4.887
298 2 1 32.251 5.477 31.631 4.839
299 2 1 32.252 5.430 31.631 4.792
300 2 1 32.252 5.382 31.631 4.745
301 2 1 32.252 5.351 31.632 4.714
302 2 1 32.252 5.304 31.632 4.667
303 2 1 32.252 5.257 31.632 4.620
304 2 1 32.268 5.210 31.648 4.573
305 2 1 32.284 5.163 31.664 4.525
306 2 1 32.284 5.115 31.664 4.478
307 2 1 32.284 5.068 31.664 4.431
308 2 1 32.284 5.006 31.664 4.368
309 2 1 32.284 4.943 31.664 4.306
310 2 1 32.285 4.880 31.665 4.243
311 2 1 32.285 4.817 31.665 4.180
312 2 1 32.285 4.770 31.665 4.133
313 2 1 32.285 4.715 31.665 4.078
314 2 1 32.285 4.660 31.665 4.023
315 2 1 32.285 4.629 31.665 3.992
316 2 1 32.301 4.582 31.681 3.945
317 2 1 32.301 4.535 31.681 3.898
318 2 1 32.317 4.488 31.697 3.851
319 2 1 32.317 4.456 31.697 3.819
320 2 1 32.317 4.409 31.698 3.772
321 2 1 32.333 4.362 31.714 3.725
322 2 1 32.333 4.315 31.714 3.678
323 2 1 32.349 4.268 31.730 3.631
324 2 1 32.357 4.213 31.738 3.577
325 2 1 32.365 4.158 31.746 3.522
326 2 1 32.381 4.103 31.762 3.467
327 2 1 32.397 4.049 31.777 3.412
328 2 1 32.405 4.002 31.786 3.365
329 2 1 32.413 3.939 31.794 3.302
330 2 1 32.429 3.892 31.809 3.255
331 2 1 32.429 3.845 31.810 3.208
332 2 1 32.445 3.814 31.825 3.177
333 2 1 32.445 3.767 31.826 3.130
334 2 1 32.445 3.735 31.826 3.099
335 2 1 32.429 3.719 31.810 3.083
336 2 1 32.445 3.672 31.826 3.036
337 2 1 32.445 3.625 31.826 2.989
338 2 1 32.446 3.594 31.826 2.958
339 2 1 32.446 3.547 31.826 2.911
340 2 1 32.446 3.500 31.826 2.864
341 2 1 32.446 3.461 31.827 2.825
342 2 1 32.446 3.406 31.827 2.770
343 2 1 32.446 3.359 31.827 2.723
344 2 1 32.446 3.312 31.827 2.676
345 2 1 32.446 3.249 31.827 2.613
346 2 1 32.447 3.203 31.827 2.566
347 2 1 32.447 3.171 31.827 2.535
348 2 1 32.447 3.124 31.828 2.488
349 2 1 32.447 3.077 31.828 2.441
350 2 1 32.447 3.030 31.828 2.394
351 2 1 32.447 2.999 31.828 2.363
352 2 1 32.447 2.968 31.828 2.332
353 2 1 32.447 2.936 31.828 2.300
354 2 1 32.447 2.889 31.828 2.253
355 2 1 32.448 2.858 31.828 2.222
356 2 1 32.463 2.811 31.844 2.175
357 2 1 32.463 2.780 31.844 2.144
358 2 1 32.464 2.733 31.845 2.097
359 2 1 32.479 2.686 31.860 2.050
360 2 1 32.480 2.639 31.861 2.003
361 2 1 32.480 2.592 31.861 1.956
362 2 1 32.496 2.545 31.877 1.909
363 2 1 32.496 2.498 31.877 1.862
364 2 1 32.496 2.467 31.877 1.831
365 2 1 32.512 2.420 31.893 1.784
366 2 1 32.512 2.389 31.893 1.753
367 2 1 32.512 2.358 31.893 1.722
368 2 1 32.512 2.326 31.893 1.690
369 2 1 32.512 2.295 31.893 1.659
258 2 1 32.009 7.546 31.388 6.908
0 3 2 34.041 3.074 33.267 1.438
1 3 2 34.064 3.121 33.260 1.407
2 3 2 34.056 3.129 33.252 1.415
3 3 2 34.048 3.137 33.244 1.423
4 3 2 34.056 3.160 33.252 1.446
5 3 2 34.048 3.168 33.244 1.454
6 3 2 34.056 3.192 33.252 1.477
7 3 2 34.048 3.200 33.244 1.485
8 3 2 34.056 3.239 33.252 1.524
9 3 2 34.048 3.246 33.244 1.532
10 3 2 34.056 3.270 33.251 1.555
11 3 2 34.048 3.293 33.244 1.579
12 3 2 34.056 3.333 33.251 1.618
13 3 2 34.048 3.356 33.243 1.641
14 3 2 34.056 3.379 33.251 1.665
15 3 2 34.064 3.403 33.259 1.688
16 3 2 34.071 3.442 33.267 1.727
17 3 2 34.064 3.466 33.259 1.751
18 3 2 34.071 3.505 33.267 1.790
19 3 2 34.079 3.544 33.274 1.829
20 3 2 34.087 3.583 33.282 1.868
21 3 2 34.079 3.606 33.274 1.891
22 3 2 34.103 3.646 33.298 1.931
23 3 2 34.095 3.669 33.290 1.954
24 3 2 34.102 3.708 33.298 1.993
25 3 2 34.095 3.732 33.290 2.016
26 3 2 34.118 3.771 33.313 2.056
27 3 2 34.110 3.810 33.305 2.095
28 3 2 34.196 3.755 33.415 1.993
29 3 2 34.196 3.748 33.407 2.009
30 3 2 34.196 3.787 33.407 2.048
31 3 2 34.196 3.826 33.407 2.087
32 3 2 34.196 3.849 33.407 2.111
33 3 2 34.212 3.904 33.423 2.165
34 3 2 34.212 3.928 33.423 2.189
35 3 2 34.173 3.982 33.438 2.306
36 3 2 34.188 3.998 33.423 2.283
37 3 2 34.196 4.029 33.430 2.314
38 3 2 34.204 4.076 33.438 2.361
39 3 2 34.196 4.123 33.430 2.408
40 3 2 34.204 4.155 33.438 2.439
41 3 2 34.196 4.202 33.430 2.486
42 3 2 34.227 4.264 33.493 2.541
43 3 2 34.235 4.257 33.477 2.541
44 3 2 34.235 4.304 33.477 2.588
45 3 2 34.235 4.335 33.477 2.619
46 3 2 34.235 4.382 33.477 2.666
47 3 2 34.235 4.445 33.477 2.728
48 3 2 34.235 4.507 33.476 2.791
49 3 2 34.148 4.687 33.484 2.854
50 3 2 34.179 4.633 33.445 2.893
51 3 2 34.187 4.687 33.453 2.947
52 3 2 34.179 4.727 33.445 2.986
53 3 2 34.187 4.782 33.452 3.041
54 3 2 34.179 4.836 33.444 3.096
55 3 2 34.171 4.907 33.436 3.166
56 3 2 34.195 5.032 33.499 3.167
57 3 2 34.202 4.978 33.476 3.221
58 3 2 34.202 5.032 33.475 3.276
59 3 2 34.202 5.087 33.475 3.331
60 3 2 34.202 5.142 33.475 3.386
61 3 2 34.202 5.213 33.475 3.456
62 3 2 34.202 5.268 33.475 3.511
63 3 2 34.139 5.487 33.498 3.683
64 3 2 34.170 5.456 33.459 3.699
65 3 2 34.170 5.511 33.459 3.754
66 3 2 34.170 5.550 33.459 3.793
67 3 2 34.170 5.621 33.459 3.863
68 3 2 34.170 5.676 33.458 3.918
69 3 2 34.170 5.730 33.458 3.973
70 3 2 34.138 5.809 33.474 4.051
71 3 2 34.154 5.801 33.450 4.043
72 3 2 34.146 5.856 33.442 4.098
73 3 2 34.154 5.911 33.450 4.153
74 3 2 34.146 5.982 33.442 4.224
75 3 2 34.154 6.037 33.450 4.278
76 3 2 34.146 6.107 33.442 4.349
77 3 2 34.153 6.296 33.442 4.427
78 3 2 34.146 6.241 33.442 4.474
79 3 2 34.138 6.304 33.434 4.537
80 3 2 34.130 6.366 33.426 4.600
81 3 2 34.137 6.429 33.433 4.662
82 3 2 34.129 6.508 33.425 4.741
83 3 2 34.137 6.555 33.433 4.788
84 3 2 34.129 6.751 33.354 4.882
85 3 2 34.098 6.696 33.394 4.921
86 3 2 34.090 6.767 33.386 4.992
87 3 2 34.082 6.838 33.378 5.062
88 3 2 34.090 6.893 33.385 5.117
89 3 2 34.082 6.964 33.377 5.188
90 3 2 34.089 7.019 33.385 5.243
91 3 2 34.136 7.105 33.416 5.329
92 3 2 34.121 7.097 33.416 5.321
93 3 2 34.113 7.168 33.408 5.392
94 3 2 34.120 7.223 33.416 5.447
95 3 2 34.112 7.294 33.408 5.518
96 3 2 34.120 7.349 33.416 5.573
97 3 2 34.112 7.420 33.408 5.643
98 3 2 34.041 7.561 33.345 5.769
99 3 2 34.041 7.546 33.345 5.769
100 3 2 34.041 7.601 33.344 5.824
101 3 2 34.041 7.672 33.344 5.894
102 3 2 34.041 7.727 33.344 5.949
103 3 2 34.041 7.798 33.344 6.020
104 3 2 34.041 7.868 33.344 6.091
105 3 2 34.025 8.002 33.359 6.248
106 3 2 34.033 8.010 33.344 6.240
107 3 2 34.040 8.073 33.351 6.303
108 3 2 34.032 8.136 33.343 6.366
109 3 2 34.024 8.199 33.335 6.429
110 3 2 34.032 8.262 33.343 6.492
111 3 2 34.024 8.325 33.335 6.554
112 3 2 34.009 8.341 33.335 6.665
113 3 2 34.008 8.380 33.327 6.617
114 3 2 34.008 8.451 33.327 6.688
115 3 2 34.008 8.506 33.327 6.743
116 3 2 34.008 8.577 33.327 6.814
117 3 2 34.008 8.632 33.327 6.869
118 3 2 34.008 8.688 33.326 6.924
119 3 2 34.031 8.751 33.342 6.940
120 3 2 34.024 8.727 33.342 6.963
121 3 2 34.024 8.782 33.342 7.018
122 3 2 34.023 8.837 33.342 7.074
123 3 2 34.023 8.908 33.342 7.144
125 3 2 34.039 9.019 33.357 7.255
126 3 2 34.047 9.161 33.475 7.499
127 3 2 34.094 9.200 33.420 7.443
128 3 2 34.102 9.247 33.428 7.491
129 3 2 34.094 9.310 33.420 7.554
130 3 2 34.086 9.373 33.412 7.617
131 3 2 34.078 9.421 33.404 7.664
132 3 2 34.085 9.468 33.411 7.711
133 3 2 34.077 9.547 33.466 7.837
134 3 2 34.101 9.563 33.435 7.813
135 3 2 34.101 9.618 33.435 7.869
136 3 2 34.101 9.673 33.435 7.924
137 3 2 34.101 9.728 33.434 7.979
138 3 2 34.085 9.800 33.419 8.050
139 3 2 34.069 9.839 33.403 8.089
140 3 2 34.100 9.989 33.379 8.215
141 3 2 34.069 9.973 33.402 8.223
142 3 2 34.069 10.028 33.402 8.278
143 3 2 34.053 10.084 33.386 8.333
144 3 2 34.037 10.123 33.371 8.373
145 3 2 34.037 10.194 33.370 8.444
146 3 2 34.037 10.234 33.370 8.483
147 3 2 34.037 10.297 33.252 8.594
148 3 2 33.974 10.313 33.307 8.570
149 3 2 33.974 10.360 33.307 8.617
150 3 2 33.958 10.424 33.291 8.680
151 3 2 33.942 10.471 33.275 8.728
152 3 2 33.942 10.534 33.275 8.791
153 3 2 33.926 10.582 33.259 8.838
154 3 2 33.981 10.661 33.157 8.972
155 3 2 33.902 10.684 33.235 8.948
156 3 2 33.886 10.740 33.220 9.004
157 3 2 33.870 10.779 33.204 9.043
158 3 2 33.855 10.851 33.188 9.114
159 3 2 33.839 10.906 33.172 9.169
160 3 2 33.823 10.961 33.156 9.225
161 3 2 33.965 11.080 33.180 9.225
162 3 2 33.902 11.016 33.235 9.280
163 3 2 33.886 11.072 33.219 9.335
164 3 2 33.870 11.127 33.203 9.390
165 3 2 33.854 11.183 33.187 9.446
166 3 2 33.838 11.238 33.171 9.501
167 3 2 33.822 11.309 33.155 9.572
168 3 2 33.774 11.578 32.997 9.706
169 3 2 33.719 11.507 33.052 9.770
170 3 2 33.703 11.563 33.036 9.825
171 3 2 33.672 11.602 33.005 9.864
172 3 2 33.656 11.674 32.989 9.936
173 3 2 33.624 11.745 32.957 10.007
174 3 2 33.608 11.816 32.941 10.078
175 3 2 33.489 12.015 32.696 10.244
176 3 2 33.426 11.991 32.759 10.252
177 3 2 33.410 12.047 32.743 10.307
178 3 2 33.394 12.118 32.727 10.379
179 3 2 33.363 12.173 32.695 10.434
180 3 2 33.331 12.261 32.664 10.521
181 3 2 33.315 12.316 32.648 10.576
182 3 2 33.362 12.411 32.545 10.672
183 3 2 33.283 12.404 32.616 10.664
184 3 2 33.267 12.459 32.600 10.719
185 3 2 33.236 12.546 32.568 10.806
186 3 2 33.220 12.602 32.552 10.861
187 3 2 33.188 12.673 32.520 10.933
188 3 2 33.172 12.745 32.504 11.004
189 3 2 33.179 12.935 32.464 11.194
190 3 2 33.156 12.927 32.488 11.186
191 3 2 33.140 12.999 32.472 11.257
192 3 2 33.108 13.070 32.440 11.329
193 3 2 33.092 13.142 32.424 11.400
194 3 2 33.060 13.213 32.393 11.471
195 3 2 33.044 13.285 32.376 11.543
196 3 2 33.005 13.309 32.289 11.622
197 3 2 32.981 13.333 32.313 11.598
198 3 2 32.965 13.396 32.297 11.662
199 3 2 32.949 13.460 32.281 11.725
200 3 2 32.917 13.539 32.249 11.805
201 3 2 32.901 13.603 32.233 11.868
202 3 2 32.885 13.666 32.217 11.932
203 3 2 32.885 13.674 32.225 12.130
204 3 2 32.885 13.762 32.225 12.035
205 3 2 32.877 13.817 32.217 12.090
206 3 2 32.853 13.905 32.193 12.177
207 3 2 32.829 13.961 32.169 12.233
208 3 2 32.821 14.048 32.161 12.320
209 3 2 32.797 14.104 32.137 12.376
210 3 2 32.788 14.406 32.010 12.503
211 3 2 32.725 14.311 32.065 12.582
212 3 2 32.701 14.366 32.041 12.638
213 3 2 32.693 14.438 32.033 12.709
214 3 2 32.669 14.526 32.009 12.797
215 3 2 32.645 14.597 31.985 12.868
216 3 2 32.621 14.685 31.961 12.956
217 3 2 32.566 14.828 31.826 13.171
218 3 2 32.526 14.852 31.865 13.131
219 3 2 32.502 14.916 31.841 13.194
220 3 2 32.478 14.996 31.817 13.274
221 3 2 32.470 15.075 31.809 13.353
222 3 2 32.430 15.155 31.769 13.433
223 3 2 32.422 15.235 31.761 13.512
224 3 2 32.437 15.362 31.713 13.616
124 3 2 34.023 8.963 33.342 7.199
225 3 2 32.406 15.346 31.745 13.624
226 3 2 32.382 15.426 31.721 13.703
227 3 2 32.374 15.506 31.713 13.783
228 3 2 32.350 15.586 31.689 13.862
229 3 2 32.326 15.665 31.665 13.942
230 3 2 32.301 15.745 31.641 14.022
231 3 2 32.230 15.945 31.616 14.181
232 3 2 32.253 15.921 31.601 14.197
233 3 2 32.237 16.001 31.584 14.276
234 3 2 32.221 16.080 31.568 14.356
235 3 2 32.205 16.160 31.552 14.436
236 3 2 32.189 16.240 31.536 14.515
237 3 2 32.173 16.336 31.520 14.611
238 3 2 32.188 16.535 31.504 14.730
239 3 2 32.165 16.487 31.511 14.762
240 3 2 32.148 16.567 31.495 14.842
241 3 2 32.116 16.663 31.463 14.938
242 3 2 32.100 16.743 31.447 15.017
243 3 2 32.100 16.823 31.447 15.097
244 3 2 32.084 16.919 31.431 15.193
245 3 2 32.020 17.047 31.311 15.329
246 3 2 31.988 17.047 31.335 15.328
247 3 2 31.972 17.119 31.319 15.400
248 3 2 31.972 17.207 31.318 15.488
249 3 2 31.956 17.295 31.302 15.576
250 3 2 31.940 17.367 31.286 15.648
251 3 2 31.923 17.471 31.270 15.751
252 3 2 31.891 17.743 31.230 15.759
253 3 2 31.883 17.607 31.230 15.887
254 3 2 31.867 17.695 31.214 15.975
255 3 2 31.851 17.767 31.197 16.047
256 3 2 31.835 17.855 31.181 16.135
257 3 2 31.819 17.927 31.165 16.206
259 3 2 31.755 18.087 31.188 16.478
260 3 2 31.794 18.135 31.148 16.422
261 3 2 31.786 18.215 31.140 16.502
262 3 2 31.762 18.295 31.116 16.582
263 3 2 31.738 18.375 31.092 16.662
258 3 2 31.803 18.031 31.149 16.310
0 4 1 19.500 11.587 18.495 10.783
1 4 1 19.532 11.611 18.479 10.767
2 4 1 19.548 11.619 18.495 10.775
3 4 1 19.564 11.627 18.511 10.783
4 4 1 19.597 11.619 18.544 10.775
5 4 1 19.629 11.627 18.576 10.783
6 4 1 19.661 11.619 18.608 10.775
7 4 1 20.008 11.562 18.760 10.838
8 4 1 19.975 11.570 18.769 10.830
9 4 1 20.008 11.570 18.801 10.830
10 4 1 20.040 11.570 18.833 10.830
11 4 1 20.072 11.570 18.865 10.830
12 4 1 20.104 11.570 18.898 10.830
13 4 1 20.136 11.570 18.930 10.830
14 4 1 20.168 11.570 18.962 10.830
15 4 1 20.201 11.569 18.994 10.830
16 4 1 20.233 11.569 19.026 10.830
17 4 1 20.249 11.569 19.042 10.830
18 4 1 20.265 11.569 19.059 10.830
19 4 1 20.313 11.569 19.107 10.829
20 4 1 20.329 11.569 19.123 10.829
21 4 1 20.168 11.594 19.131 10.797
22 4 1 20.225 11.569 19.083 10.814
23 4 1 20.257 11.569 19.115 10.813
24 4 1 20.289 11.569 19.147 10.813
25 4 1 20.321 11.569 19.179 10.813
26 4 1 20.353 11.569 19.212 10.813
27 4 1 20.385 11.585 19.244 10.829
28 4 1 20.433 11.601 19.292 10.845
29 4 1 20.466 11.601 19.324 10.845
30 4 1 20.514 11.601 19.372 10.845
31 4 1 20.546 11.600 19.404 10.845
32 4 1 20.594 11.616 19.453 10.861
33 4 1 20.642 11.632 19.501 10.876
34 4 1 20.674 11.632 19.533 10.876
35 4 1 20.706 11.648 19.565 10.892
36 4 1 20.754 11.664 19.613 10.908
37 4 1 20.786 11.664 19.645 10.908
38 4 1 20.818 11.680 19.677 10.924
39 4 1 20.866 11.695 19.725 10.940
40 4 1 20.899 11.679 19.758 10.924
41 4 1 20.931 11.695 19.790 10.940
42 4 1 20.979 11.695 19.838 10.940
43 4 1 21.011 11.695 19.870 10.939
44 4 1 21.043 11.695 19.902 10.939
45 4 1 21.091 11.695 19.950 10.939
46 4 1 21.124 11.695 19.983 10.939
47 4 1 21.172 11.694 20.031 10.939
48 4 1 21.220 11.694 20.079 10.939
49 4 1 21.252 11.694 20.111 10.939
50 4 1 21.300 11.694 20.159 10.939
51 4 1 21.348 11.694 20.208 10.939
52 4 1 21.381 11.678 20.240 10.923
53 4 1 21.429 11.694 20.288 10.938
54 4 1 21.477 11.678 20.336 10.922
55 4 1 21.525 11.677 20.385 10.922
56 4 1 21.557 11.677 20.417 10.922
57 4 1 21.606 11.661 20.465 10.906
58 4 1 21.638 11.645 20.497 10.890
59 4 1 21.686 11.645 20.546 10.890
60 4 1 21.734 11.645 20.594 10.890
61 4 1 21.766 11.645 20.626 10.890
62 4 1 21.814 11.645 20.674 10.890
63 4 1 21.726 11.653 20.723 10.802
64 4 1 21.783 11.613 20.675 10.842
65 4 1 21.831 11.613 20.723 10.842
66 4 1 21.863 11.613 20.755 10.842
67 4 1 21.911 11.612 20.803 10.841
68 4 1 21.959 11.612 20.851 10.841
69 4 1 22.007 11.612 20.900 10.841
70 4 1 22.055 11.612 20.948 10.841
71 4 1 22.103 11.628 20.996 10.857
72 4 1 22.152 11.628 21.044 10.857
73 4 1 22.184 11.628 21.076 10.857
74 4 1 22.232 11.643 21.124 10.873
75 4 1 22.280 11.643 21.172 10.873
76 4 1 22.312 11.643 21.204 10.872
77 4 1 22.584 11.650 21.325 10.856
78 4 1 22.504 11.635 21.381 10.864
79 4 1 22.536 11.635 21.413 10.864
80 4 1 22.584 11.634 21.461 10.864
81 4 1 22.633 11.634 21.509 10.864
82 4 1 22.665 11.634 21.542 10.864
83 4 1 22.697 11.634 21.574 10.864
84 4 1 22.745 11.618 21.622 10.848
85 4 1 22.809 11.602 21.686 10.831
86 4 1 22.857 11.618 21.734 10.847
87 4 1 22.889 11.602 21.766 10.831
88 4 1 22.937 11.618 21.814 10.847
89 4 1 23.001 11.601 21.879 10.831
90 4 1 23.050 11.601 21.927 10.831
91 4 1 23.082 11.601 21.959 10.831
92 4 1 23.130 11.601 22.007 10.831
93 4 1 23.194 11.585 22.071 10.815
94 4 1 23.242 11.569 22.120 10.799
95 4 1 23.274 11.569 22.152 10.798
96 4 1 23.322 11.569 22.200 10.798
97 4 1 23.370 11.568 22.248 10.798
98 4 1 23.354 11.553 22.336 10.806
99 4 1 23.394 11.560 22.288 10.798
100 4 1 23.426 11.552 22.320 10.790
101 4 1 23.474 11.560 22.368 10.798
102 4 1 23.490 11.552 22.384 10.790
103 4 1 23.554 11.560 22.448 10.798
104 4 1 23.602 11.552 22.496 10.790
105 4 1 23.634 11.560 22.528 10.798
106 4 1 23.682 11.552 22.576 10.790
107 4 1 23.746 11.559 22.640 10.797
108 4 1 23.795 11.551 22.689 10.789
109 4 1 23.826 11.559 22.721 10.797
110 4 1 23.875 11.551 22.769 10.789
111 4 1 23.938 11.575 22.833 10.813
112 4 1 23.986 11.567 22.881 10.805
113 4 1 24.018 11.575 22.913 10.813
114 4 1 24.066 11.566 22.961 10.805
115 4 1 24.130 11.574 23.025 10.812
116 4 1 24.162 11.566 23.057 10.804
117 4 1 24.210 11.574 23.105 10.812
118 4 1 24.242 11.566 23.137 10.804
119 4 1 24.243 11.518 23.409 10.835
120 4 1 24.362 11.550 23.281 10.796
121 4 1 24.402 11.550 23.321 10.796
122 4 1 24.442 11.549 23.361 10.796
123 4 1 24.498 11.533 23.417 10.780
125 4 1 24.578 11.533 23.497 10.779
126 4 1 24.618 11.533 23.537 10.779
127 4 1 24.674 11.533 23.593 10.779
128 4 1 24.714 11.533 23.633 10.779
129 4 1 24.770 11.517 23.689 10.763
130 4 1 24.810 11.517 23.729 10.763
131 4 1 24.866 11.500 23.785 10.747
132 4 1 24.906 11.500 23.825 10.747
133 4 1 24.914 11.508 23.897 10.834
134 4 1 24.938 11.540 23.865 10.795
135 4 1 24.986 11.532 23.913 10.786
136 4 1 25.018 11.524 23.945 10.778
137 4 1 25.066 11.532 23.993 10.786
138 4 1 25.098 11.524 24.025 10.778
139 4 1 25.130 11.516 24.057 10.770
140 4 1 25.178 11.508 24.105 10.762
141 4 1 25.226 11.515 24.153 10.770
142 4 1 25.258 11.491 24.185 10.746
143 4 1 25.306 11.499 24.233 10.754
144 4 1 25.338 11.491 24.265 10.746
145 4 1 25.386 11.483 24.313 10.738
146 4 1 25.418 11.475 24.345 10.730
147 4 1 25.465 11.483 24.393 10.738
148 4 1 25.513 11.475 24.441 10.730
149 4 1 25.561 11.467 24.489 10.721
150 4 1 25.593 11.459 24.521 10.713
151 4 1 25.641 11.451 24.569 10.705
152 4 1 25.689 11.442 24.617 10.697
153 4 1 25.721 11.434 24.649 10.689
154 4 1 25.753 11.426 24.681 10.681
155 4 1 25.801 11.418 24.729 10.673
156 4 1 25.833 11.394 24.761 10.649
157 4 1 25.881 11.386 24.809 10.641
158 4 1 25.913 11.362 24.841 10.617
159 4 1 25.945 11.354 24.873 10.609
160 4 1 25.993 11.346 24.921 10.601
161 4 1 26.025 11.338 24.953 10.593
162 4 1 26.057 11.314 24.985 10.569
163 4 1 26.105 11.306 25.033 10.561
164 4 1 26.153 11.282 25.081 10.537
165 4 1 26.185 11.274 25.113 10.529
166 4 1 26.233 11.250 25.162 10.505
167 4 1 26.281 11.226 25.210 10.481
168 4 1 26.313 11.202 25.242 10.457
169 4 1 26.361 11.194 25.290 10.449
170 4 1 26.409 11.186 25.338 10.441
171 4 1 26.457 11.178 25.385 10.433
172 4 1 26.504 11.170 25.433 10.425
173 4 1 26.536 11.162 25.465 10.417
174 4 1 26.584 11.154 25.513 10.409
175 4 1 26.632 11.162 25.561 10.417
176 4 1 26.664 11.154 25.593 10.409
177 4 1 26.712 11.146 25.641 10.401
178 4 1 26.744 11.137 25.673 10.393
179 4 1 26.776 11.145 25.705 10.401
180 4 1 26.823 11.137 25.753 10.393
181 4 1 26.887 11.145 25.816 10.401
182 4 1 26.951 11.153 25.880 10.408
183 4 1 27.014 11.161 25.944 10.416
184 4 1 27.062 11.168 25.992 10.424
185 4 1 27.110 11.176 26.039 10.432
186 4 1 27.158 11.184 26.087 10.440
187 4 1 27.189 11.192 26.119 10.448
188 4 1 27.237 11.184 26.167 10.440
189 4 1 27.150 11.129 26.286 10.463
190 4 1 27.245 11.160 26.191 10.424
191 4 1 27.293 11.160 26.239 10.424
192 4 1 27.325 11.160 26.271 10.424
193 4 1 27.373 11.160 26.318 10.423
194 4 1 27.420 11.160 26.366 10.423
195 4 1 27.452 11.160 26.398 10.423
196 4 1 27.500 11.159 26.446 10.423
197 4 1 27.548 11.159 26.494 10.423
198 4 1 27.611 11.159 26.557 10.423
199 4 1 27.659 11.159 26.605 10.423
200 4 1 27.723 11.159 26.669 10.423
201 4 1 27.771 11.143 26.717 10.407
202 4 1 27.834 11.127 26.781 10.391
203 4 1 27.882 11.143 26.828 10.406
204 4 1 27.946 11.126 26.892 10.390
205 4 1 27.993 11.126 26.940 10.390
206 4 1 28.041 11.126 26.987 10.390
207 4 1 28.105 11.126 27.051 10.390
208 4 1 28.152 11.126 27.099 10.390
209 4 1 28.200 11.126 27.147 10.390
210 4 1 28.248 11.126 27.194 10.390
211 4 1 28.296 11.126 27.242 10.390
212 4 1 28.343 11.125 27.290 10.390
213 4 1 28.391 11.125 27.338 10.390
214 4 1 28.439 11.125 27.385 10.389
215 4 1 28.486 11.125 27.433 10.389
216 4 1 28.534 11.141 27.481 10.405
217 4 1 28.597 11.141 27.544 10.405
218 4 1 28.645 11.141 27.592 10.405
219 4 1 28.693 11.156 27.640 10.421
220 4 1 28.756 11.188 27.703 10.452
221 4 1 28.804 11.188 27.751 10.452
222 4 1 28.867 11.203 27.814 10.468
223 4 1 28.915 11.203 27.862 10.468
224 4 1 28.796 11.204 27.949 10.531
124 4 1 24.538 11.533 23.457 10.780
225 4 1 28.891 11.227 27.854 10.500
226 4 1 28.939 11.235 27.902 10.507
227 4 1 28.986 11.259 27.949 10.531
228 4 1 29.018 11.251 27.981 10.523
229 4 1 29.065 11.274 28.029 10.547
230 4 1 29.097 11.282 28.060 10.555
231 4 1 29.145 11.290 28.108 10.563
232 4 1 29.192 11.298 28.156 10.570
233 4 1 29.240 11.306 28.203 10.578
234 4 1 29.272 11.314 28.235 10.586
235 4 1 29.335 11.321 28.299 10.594
236 4 1 29.383 11.329 28.346 10.602
237 4 1 29.446 11.337 28.410 10.609
238 4 1 29.653 11.328 28.465 10.586
239 4 1 29.573 11.321 28.529 10.593
240 4 1 29.629 11.328 28.584 10.601
241 4 1 29.684 11.352 28.640 10.625
242 4 1 29.740 11.344 28.696 10.617
243 4 1 29.779 11.368 28.735 10.641
244 4 1 29.835 11.360 28.791 10.632
245 4 1 29.732 11.376 29.140 10.735
246 4 1 29.938 11.407 28.925 10.688
247 4 1 29.977 11.423 28.965 10.703
248 4 1 30.017 11.423 29.005 10.703
249 4 1 30.073 11.438 29.060 10.719
250 4 1 30.128 11.470 29.116 10.751
251 4 1 30.183 11.486 29.171 10.766
252 4 1 30.413 11.612 29.441 10.750
253 4 1 30.421 11.540 29.417 10.813
254 4 1 30.469 11.564 29.464 10.837
255 4 1 30.500 11.588 29.496 10.861
256 4 1 30.548 11.596 29.544 10.869
257 4 1 30.611 11.619 29.607 10.892
259 4 1 30.436 11.739 29.742 10.900
260 4 1 30.579 11.683 29.599 10.956
261 4 1 30.619 11.691 29.638 10.964
262 4 1 30.674 11.714 29.694 10.987
263 4 1 30.714 11.722 29.733 10.995
264 4 1 30.753 11.746 29.773 11.019
265 4 1 30.793 11.753 29.813 11.027
266 4 1 31.133 11.832 30.090 11.018
267 4 1 31.086 11.784 30.106 11.058
268 4 1 31.125 11.792 30.146 11.065
269 4 1 31.181 11.784 30.201 11.057
270 4 1 31.236 11.808 30.256 11.081
271 4 1 31.307 11.800 30.328 11.073
272 4 1 31.379 11.823 30.399 11.096
273 4 1 31.347 11.815 30.217 11.065
274 4 1 31.276 11.800 30.296 11.073
275 4 1 31.331 11.807 30.352 11.081
276 4 1 31.402 11.815 30.423 11.088
277 4 1 31.442 11.823 30.462 11.096
278 4 1 31.513 11.815 30.534 11.088
279 4 1 31.553 11.823 30.573 11.096
280 4 1 31.679 11.854 30.795 11.103
281 4 1 31.719 11.838 30.748 11.111
282 4 1 31.767 11.846 30.795 11.119
283 4 1 31.830 11.853 30.859 11.127
284 4 1 31.877 11.861 30.906 11.135
285 4 1 31.909 11.885 30.938 11.158
286 4 1 31.972 11.893 31.001 11.166
287 4 1 32.114 11.964 31.223 11.086
288 4 1 32.146 11.884 31.183 11.158
289 4 1 32.202 11.892 31.238 11.166
290 4 1 32.241 11.916 31.278 11.189
291 4 1 32.296 11.923 31.333 11.197
292 4 1 32.352 11.931 31.389 11.205
293 4 1 32.407 11.939 31.444 11.213
294 4 1 32.344 11.963 31.618 11.204
295 4 1 32.454 11.947 31.507 11.220
296 4 1 32.510 11.954 31.563 11.228
297 4 1 32.549 11.978 31.602 11.252
298 4 1 32.605 11.986 31.658 11.260
299 4 1 32.660 11.994 31.713 11.267
300 4 1 32.731 12.001 31.784 11.275
301 4 1 32.786 12.009 31.839 11.283
302 4 1 32.842 12.001 31.895 11.275
303 4 1 32.897 12.009 31.950 11.283
304 4 1 32.968 11.985 32.021 11.259
305 4 1 33.023 11.992 32.077 11.266
306 4 1 33.079 11.984 32.132 11.258
307 4 1 33.134 11.992 32.188 11.266
308 4 1 33.142 11.952 31.998 11.306
309 4 1 33.047 11.984 32.101 11.266
310 4 1 33.102 11.984 32.156 11.266
311 4 1 33.158 11.968 32.211 11.250
312 4 1 33.197 11.984 32.251 11.266
313 4 1 33.481 12.038 32.543 11.321
315 4 1 33.474 12.031 32.535 11.313
316 4 1 33.521 12.030 32.583 11.313
317 4 1 33.584 12.046 32.646 11.328
318 4 1 33.631 12.062 32.693 11.344
319 4 1 33.663 12.077 32.725 11.360
320 4 1 33.726 12.093 32.788 11.375
321 4 1 33.773 12.109 32.835 11.391
322 4 1 33.837 12.124 32.898 11.407
323 4 1 33.900 12.140 32.962 11.422
324 4 1 33.947 12.140 33.009 11.422
325 4 1 33.979 12.156 33.041 11.438
326 4 1 34.026 12.171 33.088 11.454
327 4 1 34.089 12.171 33.151 11.454
328 4 1 34.121 12.187 33.183 11.469
329 4 1 34.184 12.179 33.396 11.421
330 4 1 34.247 12.155 33.317 11.437
331 4 1 34.286 12.170 33.356 11.453
332 4 1 34.326 12.170 33.396 11.453
333 4 1 34.365 12.186 33.435 11.469
334 4 1 34.405 12.186 33.475 11.468
335 4 1 34.444 12.186 33.514 11.468
336 4 1 34.673 12.217 33.554 11.413
337 4 1 34.570 12.169 33.640 11.452
338 4 1 34.610 12.169 33.680 11.452
339 4 1 34.665 12.169 33.735 11.452
340 4 1 34.704 12.169 33.775 11.452
341 4 1 34.759 12.169 33.830 11.452
342 4 1 34.799 12.169 33.869 11.451
343 4 1 34.752 12.129 33.656 11.476
344 4 1 34.673 12.153 33.743 11.444
345 4 1 34.728 12.161 33.798 11.452
346 4 1 34.783 12.169 33.854 11.459
347 4 1 35.106 12.073 34.161 11.443
349 4 1 35.090 12.104 34.161 11.403
350 4 1 35.232 12.159 34.264 11.442
351 4 1 35.209 12.144 34.279 11.442
352 4 1 35.248 12.144 34.319 11.442
353 4 1 35.287 12.143 34.358 11.442
354 4 1 35.327 12.143 34.398 11.442
355 4 1 35.366 12.143 34.437 11.442
356 4 1 35.421 12.143 34.492 11.442
357 4 1 35.476 12.143 34.547 11.442
358 4 1 35.532 12.143 34.603 11.442
359 4 1 35.571 12.142 34.642 11.441
360 4 1 35.626 12.142 34.697 11.441
361 4 1 35.665 12.142 34.737 11.441
362 4 1 35.720 12.142 34.792 11.441
363 4 1 35.760 12.142 34.831 11.441
364 4 1 35.776 12.150 34.855 11.449
365 4 1 35.776 12.142 34.855 11.441
366 4 1 35.807 12.142 34.886 11.441
367 4 1 35.854 12.142 34.934 11.441
368 4 1 35.886 12.157 34.965 11.456
369 4 1 35.917 12.173 34.997 11.472
370 4 1 35.964 12.173 35.044 11.472
371 4 1 36.169 12.148 35.138 11.345
372 4 1 36.106 12.101 35.186 11.400
373 4 1 36.138 12.101 35.217 11.400
374 4 1 36.169 12.101 35.249 11.400
375 4 1 36.216 12.085 35.296 11.384
376 4 1 36.263 12.069 35.343 11.368
377 4 1 36.311 12.069 35.390 11.368
378 4 1 36.460 12.037 35.194 11.353
379 4 1 36.287 12.045 35.367 11.352
380 4 1 36.334 12.037 35.414 11.344
381 4 1 36.397 12.029 35.477 11.336
382 4 1 36.429 12.021 35.508 11.328
383 4 1 36.476 12.013 35.556 11.320
384 4 1 36.704 11.981 35.737 11.312
386 4 1 36.672 11.989 35.752 11.304
387 4 1 36.704 11.973 35.784 11.288
388 4 1 36.735 11.973 35.815 11.288
389 4 1 36.767 11.957 35.847 11.272
390 4 1 36.814 11.957 35.894 11.272
391 4 1 36.861 11.941 35.941 11.256
392 4 1 37.120 11.956 35.949 11.225
393 4 1 36.987 11.932 36.067 11.248
394 4 1 37.034 11.932 36.114 11.248
395 4 1 37.081 11.932 36.161 11.248
396 4 1 37.144 11.916 36.224 11.232
397 4 1 37.191 11.932 36.271 11.247
398 4 1 37.238 11.916 36.319 11.231
399 4 1 37.285 11.916 36.366 11.231
400 4 1 37.332 11.916 36.413 11.231
402 4 1 37.427 11.915 36.507 11.231
403 4 1 37.458 11.915 36.539 11.231
404 4 1 37.489 11.915 36.570 11.231
405 4 1 37.536 11.931 36.617 11.246
406 4 1 37.819 11.946 36.727 11.167
407 4 1 37.725 11.899 36.806 11.214
408 4 1 37.756 11.898 36.837 11.214
409 4 1 37.803 11.898 36.884 11.214
410 4 1 37.850 11.898 36.931 11.214
411 4 1 37.897 11.898 36.979 11.214
412 4 1 37.945 11.882 37.026 11.198
413 4 1 38.227 11.857 36.853 11.151
414 4 1 37.999 11.842 37.073 11.158
415 4 1 38.054 11.842 37.128 11.158
416 4 1 38.109 11.842 37.183 11.158
417 4 1 38.164 11.842 37.238 11.158
418 4 1 38.219 11.826 37.293 11.142
419 4 1 38.258 11.826 37.332 11.142
420 4 1 38.501 11.857 37.253 11.134
421 4 1 38.337 11.833 37.410 11.150
422 4 1 38.376 11.833 37.450 11.150
423 4 1 38.415 11.817 37.489 11.134
424 4 1 38.470 11.833 37.544 11.149
425 4 1 38.493 11.817 37.567 11.134
426 4 1 38.548 11.833 37.622 11.149
427 4 1 38.588 11.817 37.661 11.133
428 4 1 38.627 11.833 37.701 11.149
429 4 1 38.666 11.817 37.740 11.133
430 4 1 38.721 11.832 37.795 11.149
431 4 1 38.760 11.832 37.834 11.149
432 4 1 38.815 11.832 37.889 11.148
433 4 1 38.870 11.832 37.944 11.148
434 4 1 39.081 11.855 37.881 11.109
435 4 1 38.940 11.824 38.014 11.140
436 4 1 38.979 11.824 38.054 11.140
437 4 1 39.034 11.823 38.108 11.140
438 4 1 39.073 11.839 38.148 11.156
439 4 1 39.113 11.839 38.187 11.156
440 4 1 39.152 11.839 38.226 11.155
441 4 1 39.316 11.878 38.289 11.132
442 4 1 39.261 11.839 38.336 11.155
443 4 1 39.301 11.838 38.375 11.155
444 4 1 39.324 11.838 38.398 11.155
445 4 1 39.379 11.838 38.453 11.155
446 4 1 39.402 11.838 38.477 11.155
447 4 1 39.457 11.838 38.532 11.155
448 4 1 39.755 11.853 38.594 11.076
449 4 1 39.629 11.806 38.704 11.123
450 4 1 39.668 11.806 38.743 11.123
451 4 1 39.723 11.790 38.798 11.107
452 4 1 39.762 11.790 38.837 11.107
258 4 1 30.658 11.643 29.655 10.916
401 4 1 37.379 11.915 36.460 11.231
0 5 2 31.897 2.895 31.163 1.367
1 5 2 31.921 2.935 31.155 1.336
2 5 2 31.905 2.958 31.139 1.359
3 5 2 31.920 2.982 31.155 1.382
4 5 2 31.889 3.005 31.123 1.406
5 5 2 31.889 3.028 31.123 1.429
6 5 2 31.873 3.052 31.108 1.453
7 5 2 31.802 3.060 31.124 1.382
8 5 2 31.810 3.052 31.116 1.398
9 5 2 31.794 3.083 31.100 1.429
10 5 2 31.778 3.114 31.084 1.460
11 5 2 31.763 3.161 31.068 1.507
12 5 2 31.747 3.208 31.052 1.554
13 5 2 31.731 3.255 31.036 1.601
14 5 2 31.715 3.302 31.020 1.648
15 5 2 31.699 3.365 31.004 1.710
16 5 2 31.683 3.412 30.988 1.757
17 5 2 31.683 3.474 30.988 1.820
18 5 2 31.667 3.537 30.972 1.882
19 5 2 31.651 3.615 30.956 1.960
20 5 2 31.651 3.678 30.956 2.023
21 5 2 31.713 3.780 30.933 1.968
22 5 2 31.682 3.733 30.948 2.007
23 5 2 31.674 3.788 30.940 2.062
24 5 2 31.650 3.859 30.916 2.133
25 5 2 31.642 3.929 30.908 2.203
26 5 2 31.634 4.000 30.900 2.273
27 5 2 31.626 4.055 30.892 2.328
28 5 2 31.602 4.141 30.868 2.414
29 5 2 31.594 4.196 30.860 2.469
30 5 2 31.586 4.282 30.852 2.555
31 5 2 31.578 4.337 30.844 2.610
32 5 2 31.570 4.408 30.835 2.680
33 5 2 31.577 4.462 30.843 2.735
34 5 2 31.553 4.533 30.819 2.806
35 5 2 31.561 4.588 30.827 2.861
36 5 2 31.553 4.659 30.819 2.931
37 5 2 31.545 4.729 30.811 3.002
38 5 2 31.537 4.800 30.802 3.072
39 5 2 31.544 4.871 30.810 3.143
40 5 2 31.521 4.941 30.786 3.213
41 5 2 31.528 5.012 30.794 3.284
42 5 2 31.520 5.083 30.786 3.354
43 5 2 31.512 5.153 30.777 3.425
44 5 2 31.504 5.224 30.769 3.495
45 5 2 31.496 5.295 30.761 3.566
46 5 2 31.487 5.381 30.753 3.652
47 5 2 31.495 5.452 30.760 3.723
48 5 2 31.487 5.538 30.752 3.809
49 5 2 31.479 5.609 30.744 3.880
50 5 2 31.471 5.711 30.736 3.982
51 5 2 31.478 5.782 30.743 4.052
52 5 2 31.454 5.884 30.719 4.154
53 5 2 31.462 5.955 30.727 4.225
54 5 2 31.454 6.057 30.719 4.327
55 5 2 31.445 6.144 30.710 4.414
56 5 2 31.437 6.246 30.702 4.516
57 5 2 31.445 6.317 30.710 4.586
58 5 2 31.437 6.419 30.701 4.688
59 5 2 31.428 6.506 30.693 4.775
60 5 2 31.420 6.608 30.685 4.877
61 5 2 31.412 6.679 30.677 4.948
62 5 2 31.404 6.782 30.669 5.050
63 5 2 31.396 6.868 30.660 5.136
64 5 2 31.387 6.955 30.652 5.223
65 5 2 31.379 7.041 30.644 5.309
66 5 2 31.371 7.144 30.636 5.411
67 5 2 31.363 7.231 30.627 5.498
68 5 2 31.339 7.333 30.603 5.600
69 5 2 31.331 7.420 30.595 5.687
70 5 2 31.393 7.727 30.744 5.891
71 5 2 31.417 7.680 30.705 5.931
72 5 2 31.400 7.782 30.688 6.033
73 5 2 31.400 7.869 30.688 6.120
74 5 2 31.400 7.987 30.688 6.238
75 5 2 31.384 8.074 30.671 6.324
76 5 2 31.352 8.193 30.639 6.442
77 5 2 31.264 8.398 30.631 6.600
78 5 2 31.296 8.374 30.599 6.616
79 5 2 31.280 8.469 30.583 6.710
80 5 2 31.279 8.579 30.583 6.821
81 5 2 31.247 8.690 30.551 6.931
82 5 2 31.231 8.785 30.534 7.025
83 5 2 31.183 8.895 30.486 7.136
84 5 2 31.024 9.140 30.359 7.357
85 5 2 31.040 9.125 30.351 7.364
86 5 2 31.016 9.219 30.327 7.459
87 5 2 30.992 9.314 30.303 7.554
88 5 2 30.968 9.425 30.279 7.664
89 5 2 30.944 9.520 30.255 7.759
90 5 2 30.920 9.631 30.230 7.869
91 5 2 30.895 9.726 30.206 7.964
92 5 2 30.871 9.836 30.182 8.075
93 5 2 30.847 9.947 30.158 8.185
94 5 2 30.823 10.042 30.134 8.280
95 5 2 30.799 10.153 30.110 8.391
96 5 2 30.775 10.264 30.085 8.501
97 5 2 30.735 10.359 30.045 8.596
98 5 2 30.663 10.565 30.060 8.802
99 5 2 30.702 10.557 30.029 8.794
100 5 2 30.678 10.668 30.004 8.904
101 5 2 30.654 10.779 29.980 9.015
102 5 2 30.630 10.874 29.956 9.110
103 5 2 30.606 10.985 29.932 9.221
104 5 2 30.581 11.112 29.907 9.347
105 5 2 30.485 11.334 29.930 9.561
106 5 2 30.533 11.326 29.875 9.561
107 5 2 30.509 11.437 29.850 9.672
108 5 2 30.500 11.548 29.842 9.783
109 5 2 30.476 11.643 29.818 9.878
110 5 2 30.452 11.755 29.794 9.989
111 5 2 30.428 11.866 29.769 10.099
112 5 2 30.403 12.048 29.705 10.250
113 5 2 30.379 12.025 29.721 10.258
114 5 2 30.355 12.136 29.697 10.369
115 5 2 30.331 12.247 29.672 10.480
116 5 2 30.323 12.358 29.664 10.591
117 5 2 30.282 12.469 29.624 10.702
118 5 2 30.274 12.581 29.615 10.813
119 5 2 30.281 12.732 29.670 10.995
120 5 2 30.297 12.740 29.646 10.979
121 5 2 30.281 12.843 29.630 11.083
122 5 2 30.264 12.978 29.613 11.217
123 5 2 30.248 13.081 29.597 11.321
125 5 2 30.231 13.304 29.580 11.543
126 5 2 30.166 13.623 29.531 11.853
127 5 2 30.174 13.607 29.531 11.845
128 5 2 30.166 13.710 29.523 11.948
129 5 2 30.158 13.829 29.514 12.067
130 5 2 30.149 13.949 29.506 12.186
131 5 2 30.141 14.052 29.497 12.289
132 5 2 30.148 14.172 29.505 12.409
133 5 2 30.020 14.443 29.409 12.560
134 5 2 30.036 14.379 29.400 12.608
135 5 2 30.036 14.491 29.400 12.719
136 5 2 30.035 14.602 29.399 12.830
137 5 2 30.035 14.730 29.399 12.958
138 5 2 30.034 14.841 29.398 13.069
139 5 2 30.049 14.953 29.414 13.180
140 5 2 30.072 15.192 29.508 13.434
141 5 2 30.104 15.192 29.476 13.427
142 5 2 30.112 15.295 29.484 13.530
143 5 2 30.119 15.431 29.491 13.665
144 5 2 30.126 15.535 29.498 13.769
145 5 2 30.150 15.654 29.522 13.888
146 5 2 30.157 15.774 29.529 14.007
147 5 2 30.228 16.029 29.608 14.190
148 5 2 30.228 15.989 29.607 14.222
149 5 2 30.243 16.108 29.623 14.341
150 5 2 30.259 16.228 29.638 14.461
151 5 2 30.258 16.332 29.638 14.564
152 5 2 30.274 16.451 29.653 14.684
153 5 2 30.305 16.571 29.684 14.803
154 5 2 30.304 16.755 29.636 15.043
155 5 2 30.280 16.771 29.660 15.011
156 5 2 30.296 16.883 29.675 15.122
157 5 2 30.295 17.010 29.674 15.250
158 5 2 30.311 17.138 29.690 15.377
159 5 2 30.310 17.250 29.689 15.489
160 5 2 30.326 17.362 29.705 15.601
161 5 2 30.435 17.753 29.664 15.745
162 5 2 30.356 17.626 29.735 15.856
163 5 2 30.356 17.746 29.735 15.976
164 5 2 30.355 17.850 29.734 16.079
165 5 2 30.355 17.970 29.734 16.199
166 5 2 30.370 18.090 29.749 16.319
167 5 2 30.370 18.210 29.748 16.439
169 5 2 30.353 18.386 29.732 16.615
0 6 1 20.005 10.357 18.846 9.760
1 6 1 20.037 10.373 18.822 9.753
2 6 1 20.061 10.380 18.846 9.760
3 6 1 20.085 10.388 18.870 9.768
4 6 1 20.109 10.396 18.894 9.776
5 6 1 20.133 10.388 18.918 9.768
6 6 1 20.157 10.412 18.942 9.792
7 6 1 20.069 10.412 18.974 9.832
8 6 1 20.077 10.412 18.966 9.832
9 6 1 20.109 10.428 18.998 9.848
10 6 1 20.141 10.444 19.030 9.864
11 6 1 20.173 10.444 19.062 9.864
12 6 1 20.205 10.460 19.094 9.880
13 6 1 20.237 10.476 19.126 9.896
14 6 1 20.253 10.508 19.182 9.895
15 6 1 20.261 10.492 19.166 9.903
16 6 1 20.293 10.500 19.198 9.911
17 6 1 20.325 10.508 19.230 9.919
18 6 1 20.341 10.499 19.246 9.911
19 6 1 20.373 10.523 19.278 9.935
20 6 1 20.405 10.515 19.311 9.927
21 6 1 20.325 10.531 19.351 9.871
22 6 1 20.365 10.499 19.303 9.895
23 6 1 20.397 10.507 19.335 9.903
24 6 1 20.429 10.515 19.367 9.911
25 6 1 20.461 10.507 19.399 9.903
26 6 1 20.510 10.515 19.447 9.911
27 6 1 20.558 10.507 19.496 9.903
28 6 1 20.590 10.515 19.528 9.911
29 6 1 20.622 10.507 19.560 9.903
30 6 1 20.670 10.515 19.608 9.911
31 6 1 20.735 10.507 19.673 9.903
32 6 1 20.767 10.515 19.705 9.911
33 6 1 20.815 10.506 19.753 9.903
34 6 1 20.847 10.498 19.785 9.894
35 6 1 21.128 10.490 19.954 9.878
36 6 1 21.064 10.482 19.994 9.878
37 6 1 21.088 10.490 20.018 9.886
38 6 1 21.112 10.498 20.042 9.894
39 6 1 21.152 10.490 20.083 9.886
40 6 1 21.176 10.498 20.107 9.894
41 6 1 21.216 10.506 20.147 9.902
42 6 1 21.289 10.474 20.163 9.894
43 6 1 21.257 10.482 20.179 9.886
44 6 1 21.305 10.466 20.227 9.870
45 6 1 21.353 10.450 20.276 9.854
46 6 1 21.385 10.449 20.308 9.854
47 6 1 21.433 10.449 20.356 9.854
48 6 1 21.498 10.449 20.420 9.854
49 6 1 21.546 10.449 20.469 9.853
50 6 1 21.578 10.449 20.501 9.853
51 6 1 21.626 10.449 20.549 9.853
52 6 1 21.674 10.449 20.597 9.853
53 6 1 21.706 10.449 20.629 9.853
54 6 1 21.738 10.449 20.661 9.853
55 6 1 21.786 10.449 20.709 9.853
56 6 1 21.867 10.441 20.789 9.901
57 6 1 21.858 10.456 20.782 9.869
58 6 1 21.891 10.448 20.814 9.861
59 6 1 21.923 10.456 20.846 9.869
60 6 1 21.971 10.464 20.894 9.877
61 6 1 22.003 10.472 20.926 9.885
62 6 1 22.051 10.464 20.974 9.877
63 6 1 22.379 10.455 21.183 9.812
64 6 1 22.316 10.424 21.231 9.836
65 6 1 22.356 10.432 21.271 9.844
66 6 1 22.412 10.439 21.327 9.852
67 6 1 22.452 10.431 21.367 9.844
68 6 1 22.508 10.439 21.423 9.852
69 6 1 22.548 10.431 21.464 9.844
70 6 1 22.436 10.431 21.328 9.804
71 6 1 22.428 10.408 21.344 9.820
72 6 1 22.468 10.399 21.384 9.812
73 6 1 22.508 10.391 21.424 9.804
74 6 1 22.548 10.383 21.464 9.796
75 6 1 22.588 10.375 21.504 9.788
76 6 1 22.628 10.367 21.544 9.780
77 6 1 22.556 10.399 21.769 9.732
78 6 1 22.685 10.359 21.633 9.772
79 6 1 22.725 10.367 21.673 9.780
80 6 1 22.765 10.375 21.713 9.788
81 6 1 22.789 10.367 21.737 9.780
82 6 1 22.845 10.375 21.793 9.788
83 6 1 22.869 10.367 21.817 9.780
84 6 1 23.117 10.398 21.929 9.851
85 6 1 23.044 10.414 21.985 9.835
86 6 1 23.092 10.414 22.033 9.835
87 6 1 23.124 10.430 22.065 9.851
88 6 1 23.172 10.430 22.113 9.851
89 6 1 23.220 10.446 22.161 9.867
90 6 1 23.252 10.446 22.193 9.867
91 6 1 23.524 10.429 22.337 9.874
92 6 1 23.452 10.437 22.385 9.866
93 6 1 23.492 10.429 22.425 9.858
94 6 1 23.516 10.421 22.449 9.850
95 6 1 23.572 10.413 22.505 9.842
96 6 1 23.597 10.389 22.530 9.818
97 6 1 23.637 10.381 22.570 9.810
98 6 1 23.461 10.326 22.762 9.794
99 6 1 23.637 10.341 22.594 9.778
100 6 1 23.685 10.341 22.642 9.778
101 6 1 23.717 10.341 22.674 9.778
102 6 1 23.765 10.325 22.722 9.762
103 6 1 23.813 10.325 22.770 9.762
104 6 1 23.845 10.325 22.802 9.762
105 6 1 23.893 10.325 22.850 9.762
106 6 1 23.941 10.309 22.898 9.746
107 6 1 23.989 10.309 22.946 9.746
108 6 1 24.037 10.293 22.995 9.730
109 6 1 24.069 10.293 23.027 9.730
110 6 1 24.117 10.277 23.075 9.714
111 6 1 24.149 10.277 23.107 9.714
112 6 1 24.221 10.316 23.147 9.714
113 6 1 24.205 10.293 23.163 9.730
114 6 1 24.237 10.292 23.195 9.730
115 6 1 24.285 10.292 23.243 9.730
116 6 1 24.317 10.292 23.275 9.730
117 6 1 24.349 10.292 23.307 9.730
118 6 1 24.397 10.292 23.355 9.729
119 6 1 24.675 10.387 23.523 9.658
120 6 1 24.612 10.308 23.570 9.737
121 6 1 24.660 10.300 23.618 9.729
122 6 1 24.708 10.292 23.666 9.721
123 6 1 24.756 10.299 23.714 9.729
125 6 1 24.852 10.315 23.810 9.745
126 6 1 24.900 10.307 23.858 9.737
127 6 1 24.947 10.315 23.906 9.745
128 6 1 24.995 10.307 23.954 9.736
129 6 1 25.043 10.315 24.002 9.744
130 6 1 25.075 10.291 24.034 9.720
131 6 1 25.123 10.267 24.082 9.697
132 6 1 25.156 10.243 24.114 9.673
133 6 1 24.980 10.299 24.154 9.681
134 6 1 25.084 10.267 24.058 9.697
135 6 1 25.116 10.259 24.090 9.689
136 6 1 25.163 10.267 24.138 9.696
137 6 1 25.195 10.259 24.170 9.688
138 6 1 25.243 10.267 24.218 9.696
139 6 1 25.291 10.259 24.266 9.688
140 6 1 25.339 10.266 24.314 9.696
141 6 1 25.387 10.258 24.362 9.688
142 6 1 25.435 10.266 24.410 9.696
143 6 1 25.483 10.258 24.458 9.688
144 6 1 25.530 10.250 24.506 9.680
145 6 1 25.578 10.226 24.554 9.656
146 6 1 25.610 10.218 24.586 9.648
147 6 1 25.658 10.210 24.634 9.640
148 6 1 25.690 10.202 24.666 9.632
149 6 1 25.738 10.194 24.714 9.624
150 6 1 25.802 10.202 24.777 9.632
151 6 1 25.850 10.194 24.825 9.624
152 6 1 25.882 10.202 24.857 9.632
153 6 1 25.929 10.194 24.905 9.624
154 6 1 25.977 10.202 24.953 9.632
155 6 1 26.009 10.194 24.985 9.624
156 6 1 26.041 10.202 25.017 9.632
157 6 1 26.089 10.194 25.065 9.624
158 6 1 26.137 10.201 25.112 9.631
159 6 1 26.168 10.209 25.144 9.639
160 6 1 26.216 10.217 25.192 9.647
161 6 1 26.248 10.209 25.224 9.639
162 6 1 26.280 10.217 25.256 9.647
163 6 1 26.328 10.209 25.304 9.639
164 6 1 26.360 10.217 25.336 9.647
165 6 1 26.392 10.209 25.368 9.639
166 6 1 26.423 10.201 25.399 9.631
167 6 1 26.471 10.193 25.447 9.623
168 6 1 26.503 10.201 25.479 9.631
169 6 1 26.551 10.193 25.527 9.623
170 6 1 26.599 10.201 25.575 9.631
171 6 1 26.631 10.193 25.607 9.623
172 6 1 26.662 10.200 25.639 9.631
173 6 1 26.694 10.192 25.671 9.623
174 6 1 26.742 10.200 25.718 9.631
175 6 1 26.774 10.192 25.750 9.623
176 6 1 26.806 10.200 25.782 9.630
177 6 1 26.853 10.192 25.830 9.622
178 6 1 26.901 10.200 25.878 9.630
179 6 1 26.949 10.192 25.926 9.622
180 6 1 26.997 10.184 25.973 9.614
181 6 1 27.045 10.160 26.021 9.590
182 6 1 27.077 10.152 26.053 9.582
183 6 1 27.124 10.144 26.101 9.574
184 6 1 27.156 10.136 26.133 9.566
185 6 1 27.204 10.128 26.181 9.558
186 6 1 27.252 10.136 26.229 9.566
187 6 1 27.299 10.128 26.277 9.558
188 6 1 27.347 10.136 26.324 9.566
189 6 1 27.395 10.128 26.372 9.558
190 6 1 27.443 10.135 26.420 9.566
191 6 1 27.490 10.127 26.468 9.558
192 6 1 27.522 10.135 26.499 9.566
193 6 1 27.570 10.127 26.547 9.558
194 6 1 27.618 10.135 26.595 9.566
195 6 1 27.665 10.127 26.643 9.558
196 6 1 27.713 10.135 26.690 9.566
197 6 1 27.761 10.143 26.738 9.573
198 6 1 27.808 10.151 26.786 9.581
199 6 1 27.856 10.143 26.834 9.573
200 6 1 27.904 10.150 26.881 9.581
201 6 1 27.951 10.142 26.929 9.573
202 6 1 27.983 10.134 26.961 9.565
203 6 1 28.031 10.126 27.009 9.557
204 6 1 28.079 10.118 27.057 9.549
205 6 1 28.126 10.110 27.104 9.541
206 6 1 28.174 10.118 27.152 9.549
207 6 1 28.222 10.126 27.200 9.557
208 6 1 28.253 10.134 27.231 9.565
209 6 1 28.301 10.142 27.279 9.573
210 6 1 28.349 10.150 27.327 9.581
211 6 1 28.396 10.142 27.374 9.573
212 6 1 28.444 10.165 27.422 9.596
213 6 1 28.492 10.157 27.470 9.588
214 6 1 28.555 10.165 27.533 9.596
215 6 1 28.603 10.173 27.581 9.604
216 6 1 28.650 10.181 27.629 9.612
217 6 1 28.698 10.173 27.676 9.604
218 6 1 28.761 10.181 27.740 9.612
219 6 1 28.809 10.173 27.788 9.604
220 6 1 28.857 10.180 27.835 9.612
221 6 1 28.920 10.188 27.899 9.619
222 6 1 28.968 10.196 27.946 9.627
223 6 1 29.015 10.204 27.994 9.635
224 6 1 29.182 10.259 28.026 9.556
124 6 1 24.804 10.307 23.762 9.737
225 6 1 29.111 10.188 28.089 9.619
226 6 1 29.158 10.196 28.137 9.627
227 6 1 29.206 10.204 28.185 9.635
228 6 1 29.253 10.227 28.232 9.658
229 6 1 29.317 10.235 28.296 9.666
230 6 1 29.380 10.259 28.359 9.690
231 6 1 29.530 10.314 28.327 9.745
232 6 1 29.435 10.306 28.414 9.737
233 6 1 29.499 10.314 28.478 9.745
234 6 1 29.546 10.338 28.525 9.769
235 6 1 29.578 10.345 28.557 9.777
236 6 1 29.625 10.353 28.605 9.785
237 6 1 29.689 10.377 28.668 9.808
238 6 1 29.736 10.416 28.716 9.848
239 6 1 29.784 10.440 28.763 9.872
240 6 1 29.847 10.464 28.826 9.895
241 6 1 29.894 10.472 28.874 9.903
242 6 1 29.942 10.495 28.921 9.927
243 6 1 30.021 10.503 29.001 9.935
244 6 1 30.084 10.527 29.064 9.958
245 6 1 30.100 10.550 29.144 9.808
246 6 1 30.124 10.463 29.112 9.887
247 6 1 30.196 10.479 29.183 9.903
248 6 1 30.267 10.479 29.255 9.902
249 6 1 30.322 10.479 29.310 9.902
250 6 1 30.410 10.478 29.398 9.902
251 6 1 30.497 10.478 29.485 9.902
252 6 1 30.647 10.620 29.770 9.973
253 6 1 30.702 10.581 29.698 10.005
254 6 1 30.765 10.612 29.762 10.036
255 6 1 30.845 10.628 29.841 10.052
256 6 1 30.924 10.659 29.920 10.083
257 6 1 31.003 10.675 29.999 10.099
259 6 1 31.145 10.849 30.324 10.170
260 6 1 31.224 10.793 30.228 10.217
261 6 1 31.279 10.809 30.284 10.233
262 6 1 31.350 10.841 30.355 10.265
263 6 1 31.406 10.888 30.410 10.312
264 6 1 31.477 10.919 30.481 10.344
265 6 1 31.564 10.951 30.568 10.375
266 6 1 31.666 10.982 30.671 10.407
267 6 1 31.738 11.014 30.742 10.438
268 6 1 31.809 11.030 30.814 10.454
269 6 1 31.880 11.045 30.885 10.469
270 6 1 31.951 11.061 30.956 10.485
271 6 1 32.022 11.061 31.027 10.485
272 6 1 32.109 11.060 31.114 10.485
273 6 1 32.180 11.076 31.185 10.501
274 6 1 32.251 11.092 31.257 10.516
275 6 1 32.322 11.107 31.328 10.532
276 6 1 32.393 11.123 31.399 10.548
277 6 1 32.465 11.123 31.470 10.547
278 6 1 32.551 11.138 31.557 10.563
279 6 1 32.623 11.154 31.628 10.579
280 6 1 32.583 11.202 31.897 10.491
281 6 1 32.725 11.130 31.747 10.555
282 6 1 32.781 11.130 31.802 10.555
283 6 1 32.836 11.130 31.858 10.554
284 6 1 32.891 11.130 31.913 10.554
285 6 1 32.931 11.130 31.952 10.554
286 6 1 32.970 11.130 31.992 10.554
287 6 1 32.994 11.161 32.016 10.586
288 6 1 33.049 11.193 32.071 10.617
289 6 1 33.120 11.240 32.142 10.665
290 6 1 33.207 11.287 32.229 10.712
291 6 1 33.262 11.319 32.284 10.743
292 6 1 33.317 11.334 32.339 10.759
293 6 1 33.530 11.357 32.568 10.687
295 6 1 33.530 11.310 32.560 10.727
296 6 1 33.578 11.302 32.608 10.719
297 6 1 33.609 11.294 32.639 10.711
298 6 1 33.641 11.286 32.671 10.703
299 6 1 33.933 11.309 32.971 10.726
301 6 1 33.909 11.451 33.082 10.568
302 6 1 33.956 11.301 33.003 10.710
303 6 1 34.019 11.285 33.066 10.694
304 6 1 34.083 11.285 33.129 10.694
305 6 1 34.098 11.316 33.153 10.726
306 6 1 34.161 11.285 33.216 10.694
307 6 1 34.209 11.284 33.263 10.694
308 6 1 34.563 11.410 33.271 10.773
309 6 1 34.382 11.379 33.437 10.796
310 6 1 34.421 11.371 33.476 10.788
311 6 1 34.406 11.363 33.452 10.780
312 6 1 34.524 11.371 33.571 10.788
313 6 1 34.563 11.363 33.610 10.780
314 6 1 34.650 11.362 33.697 10.780
315 6 1 34.674 11.362 33.721 10.780
316 6 1 34.729 11.338 33.776 10.756
317 6 1 34.776 11.346 33.823 10.764
318 6 1 34.823 11.338 33.871 10.756
319 6 1 34.847 11.330 33.894 10.748
320 6 1 34.886 11.338 33.934 10.763
321 6 1 34.910 11.330 33.957 10.755
322 6 1 34.871 11.275 34.013 10.653
323 6 1 34.910 11.251 33.973 10.676
324 6 1 34.934 11.251 33.997 10.676
325 6 1 34.973 11.251 34.036 10.676
326 6 1 34.997 11.235 34.060 10.660
327 6 1 35.036 11.219 34.099 10.644
328 6 1 35.076 11.203 34.139 10.629
329 6 1 35.123 11.171 34.186 10.605
330 6 1 35.170 11.140 34.233 10.573
331 6 1 35.225 11.124 34.289 10.557
332 6 1 35.265 11.100 34.328 10.541
333 6 1 35.320 11.052 34.383 10.494
334 6 1 35.359 11.052 34.423 10.494
335 6 1 35.398 11.052 34.470 10.494
336 6 1 35.430 11.021 34.501 10.462
337 6 1 35.469 11.005 34.541 10.446
338 6 1 35.493 10.973 34.565 10.414
339 6 1 35.548 10.941 34.620 10.383
340 6 1 35.572 10.925 34.643 10.367
341 6 1 35.627 10.925 34.698 10.367
342 6 1 35.650 10.909 34.722 10.351
343 6 1 35.690 10.894 34.761 10.335
344 6 1 35.713 10.893 34.785 10.343
345 6 1 35.768 10.878 34.840 10.327
346 6 1 35.792 10.846 34.864 10.295
347 6 1 35.847 10.830 34.919 10.279
348 6 1 35.886 10.814 34.958 10.264
349 6 1 35.926 10.782 34.998 10.232
350 6 1 35.965 10.751 35.037 10.200
351 6 1 36.004 10.735 35.076 10.184
352 6 1 36.044 10.735 35.116 10.184
353 6 1 36.083 10.719 35.155 10.169
354 6 1 36.106 10.703 35.179 10.153
355 6 1 36.146 10.703 35.218 10.153
356 6 1 36.169 10.687 35.242 10.137
357 6 1 36.209 10.671 35.281 10.121
358 6 1 36.248 10.671 35.320 10.121
359 6 1 36.287 10.663 35.360 10.113
360 6 1 36.311 10.655 35.383 10.105
361 6 1 36.350 10.639 35.423 10.089
362 6 1 36.374 10.624 35.446 10.073
363 6 1 36.429 10.592 35.501 10.042
364 6 1 36.468 10.576 35.541 10.026
365 6 1 36.507 10.552 35.588 10.002
366 6 1 36.546 10.529 35.627 9.978
367 6 1 36.601 10.513 35.682 9.962
368 6 1 36.625 10.505 35.706 9.962
369 6 1 36.664 10.505 35.745 9.962
370 6 1 36.703 10.489 35.784 9.947
371 6 1 36.743 10.457 35.824 9.923
372 6 1 36.766 10.441 35.847 9.907
373 6 1 36.806 10.441 35.887 9.907
374 6 1 36.829 10.425 35.910 9.891
375 6 1 36.868 10.410 35.949 9.875
376 6 1 36.892 10.394 35.973 9.859
377 6 1 36.931 10.378 36.012 9.844
378 6 1 36.955 10.378 36.036 9.844
379 6 1 37.010 10.378 36.091 9.844
380 6 1 37.041 10.362 36.130 9.828
381 6 1 37.080 10.346 36.169 9.812
382 6 1 37.119 10.346 36.209 9.812
383 6 1 37.174 10.338 36.264 9.804
384 6 1 37.214 10.346 36.303 9.812
385 6 1 37.269 10.330 36.358 9.796
386 6 1 37.292 10.314 36.381 9.780
387 6 1 37.331 10.330 36.421 9.796
388 6 1 37.371 10.314 36.460 9.780
389 6 1 37.410 10.330 36.499 9.796
390 6 1 37.449 10.314 36.539 9.780
391 6 1 37.488 10.330 36.578 9.795
392 6 1 37.512 10.314 36.601 9.780
393 6 1 37.567 10.314 36.656 9.780
394 6 1 37.590 10.314 36.680 9.780
395 6 1 37.629 10.314 36.727 9.779
396 6 1 37.669 10.298 36.766 9.764
397 6 1 37.723 10.282 36.821 9.748
398 6 1 37.763 10.274 36.860 9.748
399 6 1 37.817 10.274 36.915 9.748
400 6 1 37.841 10.274 36.939 9.748
402 6 1 37.935 10.258 37.033 9.732
403 6 1 37.974 10.242 37.072 9.716
404 6 1 38.013 10.258 37.111 9.739
405 6 1 38.053 10.242 37.151 9.724
406 6 1 38.076 10.242 37.174 9.724
407 6 1 38.123 10.234 37.221 9.716
408 6 1 38.154 10.242 37.253 9.723
409 6 1 38.194 10.242 37.292 9.723
410 6 1 38.217 10.241 37.315 9.723
411 6 1 38.256 10.241 37.354 9.723
412 6 1 38.295 10.241 37.394 9.723
413 6 1 38.335 10.241 37.433 9.723
414 6 1 38.358 10.257 37.456 9.739
415 6 1 38.413 10.257 37.511 9.739
416 6 1 38.444 10.257 37.543 9.739
417 6 1 38.507 10.257 37.605 9.739
418 6 1 38.530 10.272 37.629 9.754
419 6 1 38.585 10.280 37.684 9.762
420 6 1 38.609 10.288 37.707 9.770
421 6 1 38.664 10.288 37.762 9.770
422 6 1 38.687 10.296 37.786 9.778
423 6 1 38.726 10.319 37.825 9.801
424 6 1 38.765 10.319 37.864 9.801
425 6 1 38.805 10.319 37.903 9.809
426 6 1 38.828 10.311 37.927 9.801
427 6 1 38.867 10.327 37.966 9.817
428 6 1 38.891 10.343 37.989 9.840
429 6 1 38.930 10.342 38.029 9.840
430 6 1 38.953 10.342 38.052 9.840
431 6 1 38.992 10.342 38.091 9.840
432 6 1 39.016 10.342 38.115 9.840
433 6 1 39.071 10.342 38.170 9.840
434 6 1 39.102 10.342 38.201 9.840
435 6 1 39.149 10.342 38.248 9.840
436 6 1 39.188 10.342 38.287 9.840
437 6 1 39.227 10.342 38.326 9.840
438 6 1 39.266 10.342 38.365 9.840
439 6 1 39.321 10.326 38.420 9.824
440 6 1 39.345 10.334 38.444 9.832
441 6 1 39.384 10.326 38.483 9.824
442 6 1 39.407 10.326 38.506 9.824
443 6 1 39.446 10.318 38.545 9.816
444 6 1 39.470 10.326 38.569 9.824
445 6 1 39.509 10.326 38.608 9.824
446 6 1 39.532 10.325 38.632 9.824
447 6 1 39.571 10.325 38.671 9.824
448 6 1 39.595 10.325 38.694 9.823
449 6 1 39.618 10.333 38.718 9.831
450 6 1 39.642 10.325 38.741 9.823
451 6 1 39.681 10.341 38.780 9.839
452 6 1 39.704 10.333 38.804 9.831
258 6 1 31.066 10.675 30.063 10.099
401 6 1 37.896 10.274 36.994 9.748
17 8 1 31.001 17.573 29.802 16.942
18 8 1 31.033 17.589 29.778 16.934
19 8 1 31.041 17.541 29.786 16.886
20 8 1 31.033 17.493 29.779 16.838
21 8 1 31.041 17.477 29.787 16.822
22 8 1 31.033 17.429 29.779 16.774
23 8 1 31.057 17.413 29.803 16.758
24 8 1 31.066 17.365 29.811 16.710
25 8 1 31.074 17.349 29.819 16.694
26 8 1 31.097 17.317 29.843 16.662
27 8 1 31.121 17.285 29.867 16.630
28 8 1 31.145 17.268 29.891 16.614
29 8 1 31.185 17.252 29.931 16.597
30 8 1 31.177 17.188 29.923 16.534
31 8 1 31.186 17.108 29.932 16.454
32 8 1 31.194 17.060 29.940 16.406
33 8 1 31.186 17.013 29.932 16.358
34 8 1 31.178 16.965 29.924 16.310
35 8 1 30.858 17.446 30.202 16.476
36 8 1 30.906 17.414 30.146 16.508
37 8 1 30.922 17.350 30.162 16.444
38 8 1 30.923 17.310 30.163 16.404
39 8 1 30.923 17.262 30.163 16.356
40 8 1 30.939 17.198 30.179 16.292
41 8 1 30.939 17.150 30.179 16.244
42 8 1 31.002 17.205 30.242 16.356
43 8 1 31.002 17.221 30.242 16.332
44 8 1 31.003 17.174 30.243 16.284
45 8 1 31.019 17.125 30.259 16.236
46 8 1 31.035 17.085 30.275 16.196
47 8 1 31.051 17.029 30.291 16.140
48 8 1 31.067 16.957 30.307 16.068
49 8 1 31.092 16.774 30.180 16.109
50 8 1 31.035 16.878 30.260 16.020
51 8 1 31.044 16.822 30.268 15.965
52 8 1 31.044 16.766 30.268 15.909
53 8 1 31.060 16.726 30.284 15.869
54 8 1 31.060 16.678 30.284 15.821
55 8 1 31.060 16.630 30.284 15.773
56 8 1 31.013 16.511 30.229 15.709
57 8 1 31.021 16.535 30.245 15.685
58 8 1 31.029 16.479 30.253 15.630
59 8 1 31.037 16.439 30.261 15.590
60 8 1 31.045 16.383 30.270 15.534
61 8 1 31.045 16.343 30.270 15.494
62 8 1 31.046 16.287 30.270 15.438
63 8 1 31.062 16.071 30.294 15.326
64 8 1 31.062 16.127 30.294 15.294
65 8 1 31.070 16.071 30.303 15.239
66 8 1 31.070 16.024 30.303 15.191
67 8 1 31.071 15.968 30.303 15.135
68 8 1 31.071 15.912 30.303 15.079
69 8 1 31.071 15.872 30.303 15.039
70 8 1 31.063 15.808 30.296 14.976
71 8 1 31.063 15.744 30.296 14.912
72 8 1 31.040 15.681 30.272 14.848
73 8 1 31.040 15.625 30.273 14.792
74 8 1 31.040 15.561 30.273 14.729
75 8 1 31.041 15.497 30.273 14.665
76 8 1 31.041 15.458 30.273 14.625
77 8 1 31.097 15.218 30.321 14.553
78 8 1 31.089 15.298 30.322 14.481
79 8 1 31.089 15.258 30.322 14.442
80 8 1 31.089 15.218 30.322 14.402
81 8 1 31.089 15.170 30.322 14.354
82 8 1 31.105 15.123 30.338 14.306
83 8 1 31.106 15.067 30.338 14.250
84 8 1 31.106 15.011 30.339 14.195
85 8 1 31.106 14.963 30.339 14.147
86 8 1 31.106 14.908 30.339 14.091
87 8 1 31.106 14.852 30.339 14.036
88 8 1 31.107 14.788 30.340 13.972
89 8 1 31.107 14.740 30.340 13.924
90 8 1 31.107 14.693 30.340 13.876
91 8 1 31.044 14.637 30.293 13.829
92 8 1 31.060 14.645 30.300 13.837
93 8 1 31.060 14.597 30.301 13.789
94 8 1 31.060 14.542 30.301 13.733
95 8 1 31.076 14.502 30.317 13.693
96 8 1 31.084 14.438 30.325 13.630
97 8 1 31.084 14.382 30.325 13.574
98 8 1 31.108 14.342 30.349 13.534
99 8 1 31.108 14.295 30.350 13.487
100 8 1 31.101 14.239 30.342 13.431
101 8 1 31.109 14.191 30.350 13.383
102 8 1 31.109 14.135 30.350 13.327
103 8 1 31.085 14.088 30.327 13.280
104 8 1 31.093 14.032 30.335 13.224
105 8 1 31.094 13.976 30.335 13.169
106 8 1 31.086 13.929 30.327 13.121
107 8 1 31.094 13.881 30.335 13.073
108 8 1 31.094 13.833 30.336 13.025
109 8 1 31.086 13.786 30.328 12.978
110 8 1 31.087 13.738 30.328 12.930
111 8 1 31.079 13.690 30.320 12.882
112 8 1 31.079 13.642 30.321 12.835
113 8 1 31.079 13.603 30.321 12.795
114 8 1 31.079 13.571 30.321 12.763
115 8 1 31.079 13.547 30.321 12.739
116 8 1 31.079 13.515 30.321 12.708
117 8 1 31.080 13.483 30.321 12.676
118 8 1 31.080 13.452 30.321 12.644
119 8 1 31.072 13.277 30.481 12.493
120 8 1 31.152 13.292 30.409 12.493
121 8 1 31.144 13.261 30.401 12.461
122 8 1 31.152 13.229 30.409 12.429
123 8 1 31.152 13.189 30.410 12.390
125 8 1 31.168 13.125 30.426 12.326
126 8 1 31.002 13.039 30.402 12.215
127 8 1 31.073 13.054 30.355 12.263
128 8 1 31.073 13.031 30.355 12.239
129 8 1 31.089 12.999 30.371 12.207
130 8 1 31.089 12.983 30.371 12.191
131 8 1 31.105 12.951 30.387 12.159
132 8 1 31.105 12.935 30.387 12.144
133 8 1 31.121 12.903 30.403 12.112
134 8 1 31.121 12.887 30.403 12.096
135 8 1 31.121 12.871 30.403 12.080
136 8 1 31.122 12.832 30.403 12.040
137 8 1 31.122 12.824 30.403 12.032
138 8 1 31.122 12.808 30.403 12.017
139 8 1 31.122 12.768 30.403 11.977
140 8 1 31.122 12.760 30.403 11.969
141 8 1 31.122 12.744 30.404 11.953
142 8 1 31.122 12.705 30.404 11.913
143 8 1 31.122 12.697 30.404 11.905
144 8 1 31.122 12.665 30.404 11.874
145 8 1 31.122 12.633 30.404 11.842
146 8 1 31.122 12.617 30.404 11.826
147 8 1 31.122 12.586 30.404 11.794
148 8 1 31.123 12.554 30.404 11.763
149 8 1 31.123 12.538 30.404 11.747
150 8 1 31.123 12.514 30.404 11.723
151 8 1 31.123 12.482 30.405 11.691
152 8 1 31.123 12.459 30.405 11.667
153 8 1 31.123 12.435 30.405 11.644
154 8 1 31.123 12.506 30.437 11.564
155 8 1 31.139 12.435 30.429 11.644
156 8 1 31.123 12.395 30.413 11.604
157 8 1 31.123 12.355 30.413 11.564
158 8 1 31.123 12.332 30.413 11.540
159 8 1 31.124 12.284 30.413 11.493
160 8 1 31.124 12.244 30.413 11.453
161 8 1 31.124 12.221 30.414 11.429
162 8 1 31.124 12.173 30.414 11.382
163 8 1 31.140 12.157 30.430 11.366
164 8 1 31.156 12.141 30.446 11.350
165 8 1 31.156 12.109 30.446 11.318
166 8 1 31.148 12.101 30.438 11.310
167 8 1 31.156 12.062 30.446 11.271
168 8 1 31.189 11.760 30.304 11.136
169 8 1 31.101 11.848 30.383 11.065
170 8 1 31.102 11.816 30.383 11.033
171 8 1 31.102 11.768 30.384 10.986
172 8 1 31.102 11.721 30.384 10.938
173 8 1 31.110 11.673 30.392 10.890
174 8 1 31.110 11.626 30.392 10.843
175 8 1 31.102 11.602 30.361 10.827
176 8 1 31.086 11.610 30.368 10.835
177 8 1 31.110 11.562 30.392 10.787
178 8 1 31.118 11.515 30.401 10.740
179 8 1 31.142 11.475 30.424 10.700
180 8 1 31.150 11.419 30.433 10.645
181 8 1 31.174 11.364 30.457 10.589
182 8 1 31.175 11.324 30.457 10.550
183 8 1 31.175 11.285 30.457 10.510
184 8 1 31.175 11.245 30.457 10.470
185 8 1 31.175 11.197 30.457 10.423
186 8 1 31.175 11.158 30.457 10.383
187 8 1 31.167 11.118 30.450 10.344
188 8 1 31.168 11.071 30.450 10.296
189 8 1 31.168 11.015 30.450 10.241
190 8 1 31.168 10.952 30.450 10.177
191 8 1 31.160 10.904 30.443 10.130
192 8 1 31.145 10.849 30.427 10.075
193 8 1 31.137 10.801 30.419 10.027
194 8 1 31.137 10.754 30.420 9.980
195 8 1 31.113 10.714 30.396 9.940
196 8 1 31.114 10.604 30.396 9.829
197 8 1 31.114 10.596 30.396 9.821
198 8 1 31.114 10.540 30.397 9.766
199 8 1 31.114 10.516 30.397 9.750
200 8 1 31.122 10.429 30.405 9.663
201 8 1 31.115 10.366 30.397 9.600
202 8 1 31.115 10.311 30.398 9.544
203 8 1 31.107 10.271 30.390 9.505
204 8 1 31.107 10.216 30.390 9.450
205 8 1 31.107 10.160 30.390 9.394
206 8 1 31.108 10.097 30.390 9.331
207 8 1 31.108 10.034 30.391 9.268
208 8 1 31.108 9.970 30.391 9.204
209 8 1 31.108 9.907 30.391 9.141
210 8 1 31.108 9.883 30.448 8.841
211 8 1 31.141 9.749 30.431 8.983
212 8 1 31.149 9.709 30.440 8.943
213 8 1 31.165 9.654 30.456 8.888
214 8 1 31.173 9.591 30.464 8.825
215 8 1 31.181 9.551 30.472 8.785
216 8 1 31.181 9.496 30.472 8.730
217 8 1 31.189 9.456 30.480 8.691
218 8 1 31.197 9.401 30.488 8.635
219 8 1 31.197 9.361 30.488 8.596
220 8 1 31.198 9.306 30.489 8.540
221 8 1 31.198 9.243 30.489 8.477
222 8 1 31.198 9.180 30.489 8.414
223 8 1 31.198 9.140 30.489 8.375
224 8 1 31.064 9.132 30.435 8.098
124 8 1 31.144 13.157 30.402 12.358
225 8 1 31.104 9.014 30.403 8.240
226 8 1 31.096 8.943 30.395 8.169
227 8 1 31.096 8.895 30.395 8.122
228 8 1 31.096 8.856 30.396 8.082
229 8 1 31.097 8.801 30.396 8.027
230 8 1 31.105 8.761 30.404 7.988
231 8 1 31.105 8.714 30.404 7.940
232 8 1 31.105 8.666 30.404 7.893
233 8 1 31.129 8.611 30.428 7.838
234 8 1 31.129 8.564 30.428 7.790
235 8 1 31.137 8.508 30.437 7.735
236 8 1 31.153 8.461 30.453 7.688
237 8 1 31.161 8.398 30.461 7.625
238 8 1 31.162 8.335 30.461 7.562
239 8 1 31.170 8.279 30.469 7.506
240 8 1 31.170 8.224 30.469 7.451
241 8 1 31.170 8.169 30.470 7.396
242 8 1 31.186 8.129 30.486 7.357
243 8 1 31.194 8.082 30.494 7.309
244 8 1 31.202 8.043 30.502 7.270
245 8 1 31.186 8.003 30.486 7.230
246 8 1 31.187 7.956 30.486 7.183
247 8 1 31.203 7.909 30.502 7.136
248 8 1 31.203 7.869 30.502 7.096
249 8 1 31.203 7.830 30.503 7.057
250 8 1 31.203 7.790 30.503 7.018
251 8 1 31.203 7.743 30.503 6.970
252 8 1 31.203 7.696 30.503 6.923
253 8 1 31.196 7.648 30.495 6.876
254 8 1 31.188 7.585 30.488 6.813
255 8 1 31.188 7.530 30.488 6.757
256 8 1 31.173 7.467 30.472 6.694
257 8 1 31.165 7.420 30.465 6.647
259 8 1 31.165 7.301 30.465 6.529
260 8 1 31.157 7.294 30.457 6.521
261 8 1 31.158 7.238 30.458 6.466
262 8 1 31.214 7.010 30.411 6.230
263 8 1 31.158 7.018 30.451 6.245
264 8 1 31.158 6.978 30.451 6.206
265 8 1 31.151 6.931 30.443 6.159
266 8 1 31.159 6.884 30.451 6.112
267 8 1 31.159 6.821 30.451 6.049
268 8 1 31.159 6.758 30.452 5.986
269 8 1 31.159 6.711 30.452 5.938
270 8 1 31.160 6.648 30.452 5.875
271 8 1 31.160 6.600 30.452 5.828
272 8 1 31.160 6.537 30.453 5.765
273 8 1 31.160 6.474 30.453 5.702
274 8 1 31.161 6.411 30.453 5.639
275 8 1 31.176 6.364 30.469 5.592
276 8 1 31.177 6.317 30.469 5.545
277 8 1 31.161 6.278 30.454 5.506
278 8 1 31.161 6.238 30.454 5.466
279 8 1 31.161 6.207 30.454 5.435
280 8 1 31.161 6.167 30.454 5.395
281 8 1 31.185 6.120 30.478 5.348
282 8 1 31.209 6.049 30.502 5.278
283 8 1 31.225 5.986 30.518 5.215
284 8 1 31.225 5.939 30.518 5.168
285 8 1 31.226 5.892 30.518 5.120
286 8 1 31.226 5.837 30.519 5.065
287 8 1 31.226 5.782 30.519 5.010
288 8 1 31.226 5.735 30.519 4.963
289 8 1 31.226 5.672 30.519 4.900
290 8 1 31.226 5.625 30.519 4.853
291 8 1 31.235 5.577 30.527 4.806
292 8 1 31.235 5.538 30.528 4.767
293 8 1 31.251 5.507 30.544 4.735
294 8 1 31.259 5.452 30.552 4.680
295 8 1 31.259 5.405 30.552 4.633
296 8 1 31.275 5.357 30.568 4.586
297 8 1 31.275 5.310 30.568 4.539
298 8 1 31.283 5.263 30.576 4.492
299 8 1 31.291 5.216 30.584 4.445
300 8 1 31.299 5.169 30.592 4.398
301 8 1 31.307 5.122 30.600 4.350
302 8 1 31.307 5.075 30.600 4.303
303 8 1 31.315 5.027 30.609 4.256
304 8 1 31.316 4.965 30.609 4.193
305 8 1 31.339 4.917 30.633 4.146
306 8 1 31.340 4.855 30.633 4.084
307 8 1 31.355 4.808 30.649 4.037
308 8 1 31.371 4.760 30.665 3.989
309 8 1 31.387 4.713 30.681 3.942
310 8 1 31.387 4.674 30.681 3.903
311 8 1 31.395 4.635 30.689 3.864
312 8 1 31.403 4.603 30.697 3.833
313 8 1 31.411 4.556 30.705 3.786
314 8 1 31.435 4.494 30.729 3.723
315 8 1 31.451 4.439 30.745 3.668
316 8 1 31.452 4.376 30.745 3.605
317 8 1 31.452 4.337 30.745 3.566
318 8 1 31.452 4.290 30.745 3.519
319 8 1 31.452 4.242 30.746 3.472
320 8 1 31.452 4.180 30.746 3.409
321 8 1 31.452 4.133 30.746 3.362
322 8 1 31.453 4.078 30.746 3.307
323 8 1 31.453 4.023 30.747 3.252
324 8 1 31.453 3.991 30.747 3.221
325 8 1 31.461 3.936 30.755 3.166
326 8 1 31.469 3.913 30.763 3.143
327 8 1 31.469 3.866 30.763 3.096
328 8 1 31.469 3.835 30.763 3.064
329 8 1 31.469 3.803 30.763 3.033
330 8 1 31.469 3.756 30.763 2.986
331 8 1 31.470 3.709 30.763 2.939
332 8 1 31.470 3.678 30.764 2.907
333 8 1 31.470 3.631 30.764 2.860
334 8 1 31.470 3.584 30.764 2.813
335 8 1 31.470 3.537 30.764 2.766
336 8 1 31.470 3.490 30.764 2.719
337 8 1 31.470 3.443 30.765 2.672
338 8 1 31.471 3.380 30.765 2.610
339 8 1 31.471 3.333 30.765 2.563
340 8 1 31.479 3.278 30.773 2.508
341 8 1 31.503 3.255 30.797 2.484
342 8 1 31.518 3.208 30.813 2.438
343 8 1 31.542 3.176 30.836 2.406
344 8 1 31.589 3.145 30.884 2.375
345 8 1 31.621 3.114 30.915 2.344
346 8 1 31.629 3.083 30.923 2.313
347 8 1 31.629 3.036 30.924 2.266
348 8 1 31.629 3.004 30.924 2.234
349 8 1 31.629 2.957 30.924 2.187
350 8 1 31.630 2.910 30.924 2.140
351 8 1 31.630 2.879 30.924 2.109
352 8 1 31.630 2.832 30.924 2.062
353 8 1 31.630 2.801 30.924 2.031
354 8 1 31.630 2.754 30.925 1.984
355 8 1 31.630 2.707 30.925 1.937
356 8 1 31.630 2.675 30.925 1.906
357 8 1 31.630 2.644 30.925 1.874
358 8 1 31.631 2.613 30.925 1.843
359 8 1 31.631 2.581 30.925 1.812
360 8 1 31.623 2.550 30.918 1.780
361 8 1 31.615 2.503 30.910 1.733
362 8 1 31.615 2.487 30.910 1.718
363 8 1 31.615 2.456 30.910 1.686
364 8 1 31.615 2.425 30.910 1.655
365 8 1 31.616 2.393 30.910 1.624
366 8 1 31.616 2.362 30.910 1.593
367 8 1 31.616 2.331 30.910 1.561
368 8 1 31.616 2.299 30.911 1.530
258 8 1 31.165 7.357 30.465 6.584
28 7 2 45.674 12.510 43.945 11.950
29 7 2 45.666 12.510 43.945 11.950
30 7 2 45.557 12.503 43.836 11.942
31 7 2 45.464 12.479 43.743 11.919
32 7 2 45.355 12.472 43.634 11.912
33 7 2 45.231 12.464 43.509 11.904
34 7 2 45.122 12.457 43.400 11.897
35 7 2 44.920 12.434 43.345 11.826
36 7 2 44.951 12.418 43.306 11.834
37 7 2 44.842 12.403 43.197 11.819
38 7 2 44.733 12.388 43.088 11.803
39 7 2 44.624 12.388 42.979 11.804
40 7 2 44.515 12.373 42.870 11.788
41 7 2 44.406 12.357 42.761 11.773
42 7 2 44.196 12.350 42.605 11.789
43 7 2 44.220 12.358 42.590 11.781
44 7 2 44.111 12.350 42.480 11.774
45 7 2 44.002 12.343 42.371 11.766
46 7 2 43.877 12.335 42.246 11.759
47 7 2 43.768 12.328 42.137 11.751
48 7 2 43.675 12.305 42.043 11.728
49 7 2 43.550 12.297 41.919 11.720
50 7 2 43.441 12.274 41.809 11.697
51 7 2 43.301 12.251 41.669 11.674
52 7 2 43.191 12.228 41.559 11.650
53 7 2 43.051 12.204 41.419 11.627
54 7 2 42.942 12.181 41.309 11.604
55 7 2 42.802 12.174 41.169 11.596
56 7 2 42.380 12.104 40.973 11.463
57 7 2 42.466 12.081 40.887 11.495
58 7 2 42.333 12.065 40.755 11.480
59 7 2 42.201 12.050 40.622 11.464
60 7 2 42.084 12.035 40.504 11.449
61 7 2 41.951 12.019 40.371 11.433
62 7 2 41.818 12.004 40.239 11.418
63 7 2 41.553 11.973 40.059 11.379
64 7 2 41.584 11.965 40.020 11.379
65 7 2 41.451 11.950 39.887 11.364
66 7 2 41.318 11.950 39.754 11.364
67 7 2 41.186 11.935 39.620 11.349
68 7 2 41.053 11.920 39.487 11.333
69 7 2 40.920 11.904 39.354 11.318
70 7 2 40.677 11.803 39.135 11.200
71 7 2 40.685 11.795 39.127 11.208
72 7 2 40.560 11.795 39.002 11.209
73 7 2 40.435 11.780 38.876 11.193
74 7 2 40.294 11.764 38.735 11.178
75 7 2 40.138 11.765 38.579 11.178
76 7 2 39.997 11.750 38.438 11.163
77 7 2 39.700 11.750 38.085 11.172
78 7 2 39.676 11.751 38.116 11.172
79 7 2 39.535 11.743 37.975 11.164
80 7 2 39.394 11.736 37.834 11.156
81 7 2 39.269 11.728 37.708 11.149
82 7 2 39.128 11.721 37.567 11.141
83 7 2 38.987 11.713 37.426 11.134
84 7 2 38.791 11.714 37.120 11.166
85 7 2 38.744 11.722 37.175 11.150
86 7 2 38.611 11.722 37.041 11.151
87 7 2 38.478 11.723 36.908 11.151
88 7 2 38.344 11.707 36.774 11.136
89 7 2 38.211 11.708 36.641 11.136
90 7 2 38.078 11.708 36.507 11.136
91 7 2 37.882 11.701 36.311 11.097
92 7 2 37.882 11.685 36.311 11.113
93 7 2 37.748 11.685 36.177 11.113
94 7 2 37.615 11.686 36.043 11.114
95 7 2 37.481 11.686 35.910 11.114
96 7 2 37.348 11.686 35.776 11.114
97 7 2 37.214 11.687 35.642 11.115
98 7 2 37.057 11.743 35.265 11.029
99 7 2 36.955 11.672 35.367 11.092
100 7 2 36.837 11.664 35.249 11.084
101 7 2 36.704 11.673 35.115 11.092
102 7 2 36.586 11.665 34.997 11.085
103 7 2 36.436 11.673 34.847 11.093
104 7 2 36.319 11.666 34.729 11.085
105 7 2 36.083 11.690 34.469 11.055
106 7 2 36.075 11.659 34.485 11.078
107 7 2 35.957 11.667 34.367 11.086
108 7 2 35.823 11.659 34.233 11.079
109 7 2 35.705 11.652 34.114 11.071
110 7 2 35.587 11.660 33.996 11.079
111 7 2 35.469 11.653 33.878 11.072
112 7 2 35.280 11.669 33.562 11.088
113 7 2 35.225 11.661 33.625 11.080
114 7 2 35.115 11.654 33.515 11.073
115 7 2 35.004 11.662 33.404 11.081
116 7 2 34.878 11.654 33.278 11.073
117 7 2 34.752 11.663 33.152 11.082
118 7 2 34.642 11.671 33.041 11.090
119 7 2 34.437 11.695 32.773 11.098
120 7 2 34.405 11.687 32.804 11.106
121 7 2 34.295 11.696 32.694 11.114
122 7 2 34.200 11.688 32.599 11.107
123 7 2 34.090 11.680 32.488 11.099
125 7 2 33.853 11.681 32.251 11.100
126 7 2 33.743 11.721 31.975 11.013
127 7 2 33.664 11.658 32.054 11.076
128 7 2 33.561 11.666 31.951 11.085
129 7 2 33.459 11.658 31.848 11.077
130 7 2 33.340 11.667 31.729 11.085
131 7 2 33.238 11.643 31.627 11.062
132 7 2 33.119 11.636 31.508 11.054
133 7 2 32.993 11.699 31.231 10.983
134 7 2 32.922 11.628 31.302 11.047
135 7 2 32.827 11.637 31.207 11.055
136 7 2 32.716 11.629 31.096 11.047
137 7 2 32.605 11.637 30.985 11.055
138 7 2 32.495 11.630 30.875 11.048
139 7 2 32.384 11.622 30.764 11.040
140 7 2 32.116 11.551 30.487 10.961
141 7 2 32.116 11.544 30.495 10.961
142 7 2 32.005 11.536 30.384 10.954
143 7 2 31.894 11.528 30.273 10.946
144 7 2 31.783 11.521 30.162 10.938
145 7 2 31.673 11.513 30.051 10.931
146 7 2 31.562 11.505 29.940 10.923
147 7 2 31.467 11.498 29.845 10.915
148 7 2 31.356 11.490 29.734 10.908
149 7 2 31.245 11.483 29.623 10.900
150 7 2 31.134 11.475 29.512 10.892
151 7 2 31.024 11.483 29.401 10.901
152 7 2 30.913 11.460 29.290 10.877
153 7 2 30.802 11.468 29.179 10.885
154 7 2 30.762 11.500 29.187 10.838
155 7 2 30.778 11.460 29.163 10.877
156 7 2 30.675 11.452 29.060 10.870
157 7 2 30.556 11.461 28.940 10.878
158 7 2 30.453 11.485 28.837 10.902
159 7 2 30.350 11.493 28.734 10.910
160 7 2 30.247 11.501 28.630 10.918
161 7 2 30.238 11.652 28.042 10.920
162 7 2 29.961 11.573 28.320 10.991
163 7 2 29.866 11.582 28.225 10.999
164 7 2 29.755 11.590 28.113 11.007
165 7 2 29.659 11.614 28.018 11.031
166 7 2 29.548 11.622 27.906 11.039
167 7 2 29.437 11.646 27.795 11.063
168 7 2 29.342 11.655 27.699 11.072
169 7 2 29.230 11.679 27.588 11.096
170 7 2 29.103 11.687 27.461 11.104
171 7 2 29.008 11.711 27.365 11.128
172 7 2 28.896 11.719 27.253 11.136
173 7 2 28.801 11.744 27.158 11.160
174 7 2 28.705 11.768 27.062 11.184
175 7 2 28.594 11.792 26.950 11.208
176 7 2 28.467 11.816 26.823 11.233
177 7 2 28.371 11.840 26.727 11.257
178 7 2 28.260 11.864 26.615 11.281
179 7 2 28.164 11.904 26.519 11.321
180 7 2 28.068 11.929 26.424 11.345
181 7 2 27.957 11.969 26.312 11.385
182 7 2 27.845 11.993 26.200 11.409
183 7 2 27.749 12.033 26.104 11.449
184 7 2 27.654 12.057 26.008 11.473
185 7 2 27.542 12.097 25.896 11.514
186 7 2 27.430 12.121 25.784 11.538
187 7 2 27.335 12.162 25.688 11.578
188 7 2 27.239 12.202 25.592 11.618
189 7 2 27.061 12.544 25.441 11.555
190 7 2 27.071 12.337 25.431 11.746
191 7 2 26.967 12.370 25.327 11.778
192 7 2 26.879 12.402 25.239 11.810
193 7 2 26.775 12.434 25.135 11.842
194 7 2 26.671 12.466 25.031 11.874
195 7 2 26.567 12.498 24.927 11.906
196 7 2 26.190 12.842 24.711 11.899
197 7 2 26.271 12.667 24.638 12.067
198 7 2 26.175 12.691 24.542 12.091
199 7 2 26.063 12.715 24.430 12.115
200 7 2 25.983 12.739 24.350 12.139
201 7 2 25.871 12.764 24.237 12.164
202 7 2 25.775 12.788 24.141 12.188
203 7 2 25.679 12.812 24.045 12.212
204 7 2 25.583 12.837 23.949 12.236
205 7 2 25.471 12.861 23.836 12.261
206 7 2 25.359 12.885 23.724 12.285
207 7 2 25.279 12.910 23.644 12.309
208 7 2 25.151 12.934 23.516 12.334
209 7 2 25.055 12.958 23.419 12.358
210 7 2 24.943 12.983 23.307 12.382
211 7 2 24.862 13.007 23.227 12.406
212 7 2 24.750 13.015 23.114 12.415
213 7 2 24.654 13.040 23.018 12.439
214 7 2 24.542 13.064 22.905 12.463
215 7 2 24.430 13.088 22.793 12.488
216 7 2 24.334 13.113 22.697 12.512
217 7 2 24.221 13.137 22.584 12.536
218 7 2 24.109 13.145 22.472 12.545
219 7 2 24.013 13.170 22.375 12.569
220 7 2 23.901 13.194 22.263 12.593
221 7 2 23.788 13.219 22.150 12.618
222 7 2 23.692 13.227 22.054 12.626
223 7 2 23.580 13.251 21.941 12.650
224 7 2 23.451 13.276 21.812 12.675
124 7 2 33.948 11.673 32.346 11.092
225 7 2 23.339 13.300 21.700 12.699
226 7 2 23.258 13.309 21.619 12.708
227 7 2 23.130 13.333 21.490 12.732
228 7 2 23.018 13.342 21.378 12.740
229 7 2 22.921 13.366 21.281 12.765
230 7 2 22.809 13.374 21.169 12.773
231 7 2 22.889 13.342 21.145 12.693
232 7 2 22.825 13.318 21.185 12.717
233 7 2 22.713 13.327 21.073 12.726
234 7 2 22.600 13.351 20.960 12.750
235 7 2 22.504 13.360 20.863 12.758
236 7 2 22.391 13.384 20.750 12.783
237 7 2 22.263 13.393 20.622 12.791
238 7 2 22.166 13.417 20.525 12.816
239 7 2 22.054 13.425 20.412 12.824
240 7 2 21.957 13.434 20.315 12.832
241 7 2 21.845 13.442 20.203 12.841
242 7 2 21.716 13.467 20.074 12.865
243 7 2 21.619 13.475 19.977 12.874
244 7 2 21.507 13.500 19.864 12.898
245 7 2 21.410 13.508 19.767 12.906
246 7 2 21.297 13.533 19.654 12.931
247 7 2 21.169 13.541 19.525 12.939
248 7 2 21.056 13.566 19.412 12.964
249 7 2 20.959 13.574 19.315 12.972
250 7 2 20.846 13.599 19.202 12.997
251 7 2 20.734 13.607 19.089 13.005
252 7 2 20.637 13.632 18.992 13.029
253 7 2 20.508 13.640 18.863 13.038
254 7 2 20.395 13.665 18.750 13.062
255 7 2 20.282 13.673 18.637 13.071
256 7 2 20.169 13.698 18.524 13.095
257 7 2 20.040 13.706 18.394 13.104
259 7 2 19.830 13.739 18.184 13.137
260 7 2 19.717 13.764 18.071 13.161
261 7 2 19.588 13.772 17.941 13.170
262 7 2 19.475 13.781 17.828 13.178
263 7 2 19.362 13.789 17.715 13.187
264 7 2 19.233 13.814 17.585 13.211
265 7 2 19.120 13.822 17.472 13.220
266 7 2 19.023 13.847 17.375 13.244
267 7 2 18.910 13.855 17.262 13.253
268 7 2 18.780 13.880 17.132 13.277
269 7 2 18.651 13.889 17.003 13.286
270 7 2 18.538 13.913 16.889 13.310
271 7 2 18.441 13.922 16.792 13.319
272 7 2 18.327 13.946 16.678 13.343
273 7 2 18.214 13.955 16.565 13.352
274 7 2 18.117 13.979 16.467 13.376
275 7 2 18.004 13.988 16.354 13.385
276 7 2 17.874 14.013 16.224 13.409
277 7 2 17.777 14.021 16.127 13.418
278 7 2 17.664 14.030 16.013 13.426
279 7 2 17.583 14.038 15.932 13.435
280 7 2 17.453 14.063 15.802 13.459
281 7 2 17.356 14.071 15.705 13.468
282 7 2 17.243 14.096 15.591 13.492
283 7 2 17.162 14.104 15.510 13.501
284 7 2 17.048 14.129 15.396 13.525
285 7 2 16.967 14.137 15.315 13.534
286 7 2 16.870 14.162 15.217 13.558
258 7 2 19.927 13.731 18.281 13.128
45 9 2 35.701 3.165 34.551 2.271
46 9 2 35.733 3.189 34.528 2.255
47 9 2 35.740 3.267 34.536 2.334
48 9 2 35.615 3.876 34.911 2.382
49 9 2 35.771 4.198 34.919 2.413
50 9 2 35.716 4.072 34.958 2.483
51 9 2 35.716 4.143 34.958 2.554
52 9 2 35.732 4.237 34.974 2.648
53 9 2 35.732 4.307 34.974 2.718
54 9 2 35.732 4.393 34.974 2.804
55 9 2 35.732 4.471 34.973 2.882
56 9 2 35.724 4.761 34.958 2.968
57 9 2 35.732 4.698 34.958 3.038
58 9 2 35.732 4.777 34.958 3.116
59 9 2 35.732 4.855 34.958 3.194
60 9 2 35.732 4.933 34.957 3.273
61 9 2 35.732 5.019 34.957 3.359
62 9 2 35.732 5.106 34.957 3.445
63 9 2 35.739 5.450 34.848 3.515
64 9 2 35.700 5.333 34.926 3.624
65 9 2 35.700 5.395 34.926 3.687
66 9 2 35.700 5.482 34.926 3.773
67 9 2 35.700 5.568 34.926 3.859
68 9 2 35.700 5.646 34.925 3.937
69 9 2 35.700 5.732 34.925 4.023
70 9 2 35.669 5.944 34.902 4.109
71 9 2 35.692 5.874 34.933 4.149
72 9 2 35.692 5.960 34.933 4.235
73 9 2 35.692 6.038 34.933 4.313
74 9 2 35.668 6.117 34.909 4.391
75 9 2 35.668 6.203 34.909 4.477
76 9 2 35.668 6.281 34.909 4.556
77 9 2 35.731 6.485 34.932 4.728
78 9 2 35.700 6.454 34.940 4.728
79 9 2 35.700 6.533 34.940 4.806
80 9 2 35.684 6.611 34.924 4.885
81 9 2 35.684 6.689 34.924 4.963
82 9 2 35.684 6.784 34.924 5.057
83 9 2 35.668 6.862 34.909 5.135
84 9 2 35.644 7.145 34.853 5.292
85 9 2 35.652 7.082 34.893 5.339
86 9 2 35.652 7.161 34.893 5.418
87 9 2 35.652 7.247 34.892 5.504
88 9 2 35.636 7.333 34.877 5.590
89 9 2 35.636 7.420 34.877 5.676
90 9 2 35.621 7.498 34.861 5.755
91 9 2 35.660 7.687 34.876 5.935
92 9 2 35.628 7.664 34.868 5.920
93 9 2 35.613 7.750 34.853 6.006
94 9 2 35.605 7.829 34.845 6.084
95 9 2 35.581 7.907 34.821 6.163
96 9 2 35.581 8.002 34.821 6.257
97 9 2 35.573 8.080 34.813 6.336
98 9 2 35.573 8.206 34.852 6.516
99 9 2 35.565 8.206 34.805 6.469
100 9 2 35.565 8.277 34.805 6.540
101 9 2 35.542 8.364 34.781 6.626
102 9 2 35.534 8.458 34.773 6.720
103 9 2 35.534 8.529 34.773 6.791
104 9 2 35.510 8.615 34.750 6.878
105 9 2 35.416 8.655 34.734 7.066
106 9 2 35.455 8.718 34.702 6.987
107 9 2 35.447 8.773 34.694 7.043
108 9 2 35.447 8.860 34.694 7.129
109 9 2 35.439 8.938 34.686 7.208
110 9 2 35.423 9.033 34.671 7.302
111 9 2 35.415 9.120 34.663 7.388
112 9 2 35.297 9.435 34.560 7.593
113 9 2 35.337 9.348 34.584 7.609
114 9 2 35.337 9.427 34.584 7.687
115 9 2 35.321 9.506 34.568 7.766
116 9 2 35.321 9.585 34.568 7.845
117 9 2 35.305 9.663 34.552 7.923
118 9 2 35.305 9.742 34.552 8.002
119 9 2 35.289 9.971 34.544 8.175
120 9 2 35.297 9.908 34.552 8.175
121 9 2 35.297 9.979 34.552 8.246
122 9 2 35.297 10.058 34.551 8.325
123 9 2 35.281 10.137 34.536 8.404
125 9 2 35.281 10.310 34.535 8.577
126 9 2 35.249 10.437 34.551 8.742
127 9 2 35.265 10.445 34.527 8.711
128 9 2 35.241 10.524 34.504 8.790
129 9 2 35.249 10.626 34.511 8.892
130 9 2 35.233 10.721 34.495 8.987
131 9 2 35.225 10.800 34.488 9.065
132 9 2 35.225 10.895 34.487 9.160
133 9 2 35.154 11.140 34.416 9.349
134 9 2 35.209 11.076 34.471 9.341
135 9 2 35.202 11.163 34.463 9.428
136 9 2 35.201 11.258 34.463 9.523
137 9 2 35.201 11.353 34.463 9.617
138 9 2 35.201 11.448 34.463 9.712
139 9 2 35.201 11.543 34.463 9.807
140 9 2 35.217 11.717 34.526 10.043
141 9 2 35.217 11.732 34.478 10.004
142 9 2 35.217 11.827 34.478 10.099
143 9 2 35.217 11.922 34.478 10.193
144 9 2 35.217 12.017 34.478 10.288
145 9 2 35.232 12.112 34.494 10.383
146 9 2 35.232 12.215 34.494 10.486
147 9 2 35.311 12.484 34.430 10.588
148 9 2 35.240 12.397 34.501 10.667
149 9 2 35.240 12.492 34.501 10.762
150 9 2 35.263 12.610 34.525 10.881
151 9 2 35.263 12.713 34.524 10.983
152 9 2 35.271 12.832 34.532 11.102
153 9 2 35.295 12.935 34.556 11.204
154 9 2 35.413 13.243 34.532 11.497
155 9 2 35.358 13.188 34.618 11.457
156 9 2 35.373 13.283 34.634 11.552
157 9 2 35.389 13.402 34.650 11.671
158 9 2 35.405 13.505 34.665 11.774
159 9 2 35.420 13.624 34.681 11.892
160 9 2 35.436 13.727 34.697 11.995
161 9 2 35.531 13.813 34.633 12.201
162 9 2 35.444 13.869 34.704 12.145
163 9 2 35.452 13.972 34.712 12.248
164 9 2 35.467 14.075 34.728 12.351
165 9 2 35.483 14.178 34.743 12.454
166 9 2 35.514 14.281 34.775 12.557
167 9 2 35.530 14.384 34.790 12.660
168 9 2 35.696 14.669 34.798 12.850
169 9 2 35.585 14.614 34.845 12.889
170 9 2 35.601 14.709 34.861 12.984
171 9 2 35.625 14.828 34.885 13.103
172 9 2 35.640 14.939 34.900 13.214
173 9 2 35.648 15.035 34.908 13.309
174 9 2 35.680 15.146 34.939 13.420
175 9 2 35.703 15.368 34.994 13.713
176 9 2 35.680 15.376 34.939 13.650
177 9 2 35.711 15.479 34.971 13.753
178 9 2 35.727 15.590 34.986 13.863
179 9 2 35.735 15.702 34.994 13.974
180 9 2 35.766 15.813 35.026 14.085
181 9 2 35.782 15.924 35.041 14.196
182 9 2 35.869 16.289 35.010 14.308
183 9 2 35.805 16.162 35.065 14.434
184 9 2 35.813 16.258 35.073 14.530
185 9 2 35.829 16.369 35.088 14.641
186 9 2 35.845 16.480 35.104 14.752
187 9 2 35.861 16.591 35.120 14.863
188 9 2 35.868 16.703 35.127 14.974
189 9 2 36.089 17.027 35.143 15.077
190 9 2 35.979 16.917 35.238 15.188
191 9 2 35.979 17.012 35.238 15.283
192 9 2 36.002 17.132 35.261 15.402
193 9 2 36.002 17.243 35.261 15.513
194 9 2 36.010 17.331 35.269 15.601
195 9 2 36.034 17.450 35.293 15.720
196 9 2 36.192 17.664 35.206 15.705
197 9 2 36.058 17.545 35.316 15.815
198 9 2 36.081 17.657 35.340 15.926
199 9 2 36.089 17.752 35.348 16.022
200 9 2 36.089 17.848 35.348 16.117
201 9 2 36.105 17.959 35.363 16.228
202 9 2 36.113 18.063 35.371 16.332
203 9 2 36.192 18.373 35.363 16.610
204 9 2 36.121 18.326 35.379 16.594
56 10 2 45.213 10.824 43.680 10.200
57 10 2 45.213 10.824 43.688 10.207
58 10 2 45.105 10.800 43.579 10.184
59 10 2 45.011 10.793 43.485 10.176
60 10 2 44.918 10.762 43.392 10.145
61 10 2 44.817 10.738 43.291 10.122
62 10 2 44.716 10.707 43.189 10.091
63 10 2 44.623 10.700 43.096 10.083
64 10 2 44.522 10.676 42.995 10.060
65 10 2 44.420 10.645 42.893 10.028
66 10 2 44.327 10.614 42.800 9.997
67 10 2 44.218 10.606 42.691 9.990
68 10 2 44.117 10.575 42.590 9.958
69 10 2 44.016 10.544 42.488 9.927
70 10 2 43.798 10.560 42.216 9.935
71 10 2 43.783 10.552 42.247 9.935
72 10 2 43.689 10.521 42.153 9.904
73 10 2 43.580 10.490 42.044 9.873
74 10 2 43.471 10.459 41.935 9.842
75 10 2 43.362 10.428 41.826 9.810
76 10 2 43.253 10.397 41.717 9.779
77 10 2 43.035 10.373 41.592 9.764
78 10 2 43.097 10.381 41.568 9.748
79 10 2 42.988 10.350 41.459 9.717
80 10 2 42.879 10.319 41.350 9.686
81 10 2 42.770 10.288 41.241 9.654
82 10 2 42.661 10.264 41.131 9.631
83 10 2 42.552 10.233 41.022 9.600
84 10 2 42.411 10.178 40.600 9.490
85 10 2 42.294 10.147 40.757 9.514
86 10 2 42.193 10.132 40.655 9.498
87 10 2 42.068 10.108 40.530 9.475
88 10 2 41.967 10.077 40.429 9.444
89 10 2 41.850 10.046 40.311 9.412
90 10 2 41.749 10.015 40.210 9.381
91 10 2 41.585 9.960 40.124 9.303
92 10 2 41.624 9.952 40.069 9.318
93 10 2 41.514 9.921 39.960 9.287
94 10 2 41.405 9.898 39.850 9.264
95 10 2 41.296 9.866 39.741 9.232
96 10 2 41.187 9.835 39.631 9.201
97 10 2 41.077 9.812 39.522 9.178
98 10 2 40.835 9.757 39.186 9.045
99 10 2 40.851 9.734 39.311 9.099
100 10 2 40.742 9.710 39.201 9.076
101 10 2 40.632 9.687 39.092 9.052
102 10 2 40.523 9.655 38.982 9.021
103 10 2 40.413 9.624 38.873 8.990
104 10 2 40.304 9.593 38.763 8.959
105 10 2 40.015 9.554 38.716 8.872
106 10 2 40.132 9.530 38.607 8.896
107 10 2 40.015 9.515 38.489 8.880
108 10 2 39.913 9.484 38.388 8.849
109 10 2 39.796 9.468 38.270 8.833
110 10 2 39.694 9.437 38.168 8.802
111 10 2 39.593 9.421 38.067 8.786
112 10 2 39.523 9.476 37.652 8.747
113 10 2 39.390 9.414 37.855 8.779
114 10 2 39.288 9.390 37.753 8.755
115 10 2 39.178 9.382 37.644 8.747
116 10 2 39.069 9.359 37.534 8.724
117 10 2 38.959 9.328 37.424 8.693
118 10 2 38.850 9.320 37.315 8.685
119 10 2 38.607 9.234 37.009 8.599
120 10 2 38.592 9.234 37.056 8.599
121 10 2 38.490 9.218 36.954 8.583
122 10 2 38.380 9.187 36.844 8.551
123 10 2 38.271 9.163 36.734 8.528
125 10 2 38.059 9.124 36.523 8.489
126 10 2 37.981 9.085 36.444 8.520
127 10 2 37.981 9.124 36.444 8.497
128 10 2 37.879 9.093 36.342 8.465
129 10 2 37.769 9.070 36.232 8.442
130 10 2 37.675 9.046 36.138 8.418
131 10 2 37.566 9.015 36.028 8.387
132 10 2 37.464 8.983 35.926 8.355
133 10 2 37.362 8.960 35.824 8.332
134 10 2 37.260 8.936 35.722 8.308
135 10 2 37.158 8.905 35.620 8.277
136 10 2 37.064 8.874 35.526 8.246
137 10 2 36.970 8.842 35.432 8.214
138 10 2 36.876 8.803 35.338 8.175
139 10 2 36.782 8.772 35.243 8.143
140 10 2 36.680 8.740 35.141 8.112
141 10 2 36.578 8.709 35.039 8.081
142 10 2 36.483 8.685 34.945 8.057
143 10 2 36.374 8.662 34.835 8.033
144 10 2 36.272 8.638 34.733 8.010
145 10 2 36.170 8.623 34.630 7.994
146 10 2 36.075 8.599 34.536 7.971
147 10 2 35.966 8.576 34.426 7.947
148 10 2 35.871 8.552 34.332 7.923
149 10 2 35.761 8.537 34.222 7.908
150 10 2 35.667 8.513 34.127 7.884
151 10 2 35.557 8.489 34.017 7.861
152 10 2 35.463 8.466 33.923 7.837
153 10 2 35.369 8.450 33.828 7.821
154 10 2 34.921 8.309 33.719 7.561
155 10 2 35.094 8.269 33.569 7.640
156 10 2 34.992 8.262 33.467 7.632
157 10 2 34.890 8.246 33.364 7.617
158 10 2 34.787 8.230 33.262 7.601
159 10 2 34.685 8.215 33.160 7.585
160 10 2 34.583 8.199 33.057 7.569
161 10 2 34.363 8.199 32.853 7.546
162 10 2 34.379 8.191 32.860 7.562
163 10 2 34.284 8.183 32.766 7.554
164 10 2 34.174 8.168 32.656 7.538
165 10 2 34.080 8.152 32.561 7.522
166 10 2 33.970 8.136 32.451 7.506
167 10 2 33.867 8.120 32.348 7.491
168 10 2 33.757 8.105 32.238 7.475
169 10 2 33.647 8.105 32.127 7.475
170 10 2 33.537 8.089 32.017 7.459
171 10 2 33.426 8.073 31.907 7.443
172 10 2 33.316 8.058 31.796 7.428
173 10 2 33.206 8.050 31.686 7.420
174 10 2 33.088 8.042 31.567 7.412
175 10 2 32.977 8.042 31.457 7.412
176 10 2 32.867 8.026 31.347 7.396
177 10 2 32.749 8.018 31.228 7.388
178 10 2 32.631 8.011 31.110 7.380
179 10 2 32.520 8.003 30.999 7.372
180 10 2 32.402 7.995 30.881 7.364
181 10 2 32.284 7.995 30.762 7.364
182 10 2 32.173 7.987 30.652 7.357
183 10 2 32.055 7.979 30.533 7.349
184 10 2 31.937 7.979 30.414 7.349
185 10 2 31.810 7.964 30.288 7.333
186 10 2 31.692 7.964 30.169 7.333
187 10 2 31.574 7.964 30.051 7.333
188 10 2 31.447 7.948 29.924 7.317
189 10 2 31.321 7.948 29.798 7.317
190 10 2 31.195 7.932 29.671 7.301
191 10 2 31.084 7.917 29.560 7.285
192 10 2 30.958 7.917 29.434 7.285
193 10 2 30.839 7.917 29.315 7.285
194 10 2 30.721 7.901 29.196 7.270
195 10 2 30.594 7.901 29.070 7.270
196 10 2 30.476 7.885 28.951 7.254
197 10 2 30.357 7.869 28.832 7.238
198 10 2 30.230 7.869 28.705 7.238
199 10 2 30.112 7.869 28.587 7.238
200 10 2 29.993 7.854 28.468 7.222
201 10 2 29.875 7.838 28.349 7.206
202 10 2 29.756 7.838 28.230 7.206
203 10 2 29.637 7.838 28.111 7.206
204 10 2 29.518 7.838 27.992 7.206
205 10 2 29.392 7.822 27.865 7.190
206 10 2 29.273 7.822 27.746 7.190
207 10 2 29.154 7.806 27.627 7.175
208 10 2 29.035 7.807 27.508 7.175
209 10 2 28.916 7.807 27.389 7.175
210 10 2 28.798 7.807 27.270 7.174
211 10 2 28.679 7.807 27.151 7.174
212 10 2 28.552 7.807 27.024 7.174
213 10 2 28.433 7.807 26.905 7.174
214 10 2 28.314 7.807 26.786 7.174
215 10 2 28.187 7.807 26.659 7.174
216 10 2 28.060 7.807 26.531 7.174
217 10 2 27.941 7.807 26.412 7.174
218 10 2 27.822 7.807 26.293 7.174
219 10 2 27.695 7.823 26.166 7.190
220 10 2 27.568 7.823 26.038 7.190
221 10 2 27.457 7.839 25.927 7.206
222 10 2 27.330 7.839 25.800 7.206
223 10 2 27.203 7.839 25.672 7.206
224 10 2 27.163 7.870 25.513 7.245
124 10 2 38.161 9.140 36.625 8.504
225 10 2 27.099 7.870 25.569 7.245
226 10 2 26.980 7.870 25.449 7.245
227 10 2 26.853 7.894 25.322 7.269
228 10 2 26.725 7.894 25.194 7.269
229 10 2 26.598 7.894 25.067 7.269
230 10 2 26.487 7.894 24.955 7.269
231 10 2 26.352 7.902 24.820 7.277
232 10 2 26.224 7.902 24.692 7.277
233 10 2 26.097 7.902 24.565 7.277
234 10 2 25.986 7.902 24.453 7.277
235 10 2 25.858 7.918 24.326 7.293
236 10 2 25.739 7.926 24.206 7.301
237 10 2 25.611 7.926 24.078 7.300
238 10 2 25.484 7.934 23.951 7.308
239 10 2 25.372 7.934 23.839 7.308
240 10 2 25.237 7.934 23.703 7.308
241 10 2 25.110 7.934 23.576 7.308
242 10 2 24.998 7.934 23.464 7.308
243 10 2 24.878 7.934 23.344 7.308
244 10 2 24.751 7.934 23.216 7.308
245 10 2 24.623 7.934 23.089 7.308
246 10 2 24.512 7.934 22.977 7.308
247 10 2 24.376 7.934 22.841 7.308
248 10 2 24.264 7.934 22.729 7.308
249 10 2 24.145 7.927 22.609 7.300
250 10 2 24.017 7.927 22.481 7.300
251 10 2 23.913 7.927 22.378 7.300
252 10 2 23.786 7.919 22.250 7.292
253 10 2 23.658 7.919 22.122 7.292
254 10 2 23.538 7.919 22.002 7.292
255 10 2 23.411 7.895 21.874 7.268
256 10 2 23.283 7.895 21.746 7.268
257 10 2 23.171 7.887 21.634 7.260
259 10 2 22.908 7.863 21.370 7.237
260 10 2 22.780 7.863 21.242 7.237
261 10 2 22.668 7.856 21.130 7.229
262 10 2 22.548 7.856 21.010 7.229
263 10 2 22.420 7.832 20.882 7.205
264 10 2 22.292 7.832 20.754 7.205
265 10 2 22.165 7.824 20.626 7.197
266 10 2 22.053 7.824 20.514 7.197
267 10 2 21.917 7.816 20.377 7.189
268 10 2 21.789 7.800 20.249 7.173
269 10 2 21.677 7.792 20.137 7.165
270 10 2 21.549 7.792 20.009 7.165
271 10 2 21.429 7.792 19.888 7.165
272 10 2 21.301 7.769 19.760 7.141
273 10 2 21.189 7.769 19.648 7.141
274 10 2 21.052 7.761 19.512 7.133
275 10 2 20.924 7.761 19.383 7.133
276 10 2 20.812 7.761 19.271 7.133
277 10 2 20.692 7.761 19.150 7.133
278 10 2 20.580 7.737 19.038 7.109
279 10 2 20.444 7.737 18.902 7.109
280 10 2 20.315 7.737 18.773 7.109
281 10 2 20.203 7.737 18.661 7.109
282 10 2 20.083 7.737 18.540 7.109
283 10 2 19.970 7.737 18.428 7.109
284 10 2 19.850 7.737 18.307 7.109
285 10 2 19.730 7.737 18.187 7.109
286 10 2 19.617 7.737 18.074 7.109
287 10 2 19.497 7.745 17.953 7.117
288 10 2 19.376 7.745 17.833 7.117
289 10 2 19.264 7.745 17.720 7.117
290 10 2 19.143 7.769 17.599 7.140
291 10 2 19.022 7.769 17.478 7.140
292 10 2 18.918 7.777 17.374 7.148
293 10 2 18.797 7.777 17.253 7.148
294 10 2 18.685 7.777 17.140 7.148
295 10 2 18.548 7.801 17.003 7.172
296 10 2 18.443 7.809 16.898 7.180
297 10 2 18.323 7.809 16.777 7.180
298 10 2 18.210 7.833 16.664 7.204
299 10 2 18.105 7.841 16.559 7.212
300 10 2 17.984 7.841 16.438 7.212
301 10 2 17.864 7.841 16.317 7.212
302 10 2 17.759 7.865 16.212 7.236
303 10 2 17.638 7.873 16.091 7.244
304 10 2 17.525 7.873 15.978 7.244
305 10 2 17.388 7.889 15.841 7.260
306 10 2 17.275 7.897 15.728 7.268
307 10 2 17.154 7.905 15.607 7.275
258 10 2 23.035 7.887 21.498 7.260
