0 0 1 34.076 2.429 33.465 1.460
1 0 1 34.092 2.460 33.457 1.444
2 0 1 34.084 2.484 33.449 1.468
3 0 1 34.076 2.539 33.441 1.523
4 0 1 34.069 2.579 33.433 1.563
5 0 1 34.084 2.594 33.449 1.578
6 0 1 34.069 2.642 33.433 1.626
7 0 1 34.061 2.681 33.425 1.665
8 0 1 34.077 2.713 33.441 1.697
9 0 1 34.061 2.760 33.425 1.744
10 0 1 34.069 2.800 33.433 1.784
11 0 1 34.172 2.886 33.537 1.870
12 0 1 34.085 2.910 33.449 1.894
13 0 1 34.077 2.966 33.442 1.950
14 0 1 34.046 2.989 33.410 1.973
15 0 1 34.077 3.060 33.442 2.044
16 0 1 34.085 3.076 33.450 2.060
17 0 1 34.085 3.139 33.450 2.123
18 0 1 34.070 3.163 33.434 2.147
19 0 1 34.062 3.203 33.426 2.187
20 0 1 34.062 3.234 33.426 2.218
21 0 1 34.062 3.282 33.426 2.266
22 0 1 34.054 3.321 33.418 2.305
23 0 1 34.046 3.361 33.411 2.345
24 0 1 34.054 3.385 33.419 2.368
25 0 1 34.031 3.424 33.395 2.408
26 0 1 34.039 3.456 33.403 2.440
27 0 1 34.031 3.503 33.395 2.487
28 0 1 34.023 3.543 33.387 2.527
29 0 1 34.015 3.582 33.379 2.566
30 0 1 34.023 3.622 33.387 2.606
31 0 1 34.015 3.677 33.379 2.661
32 0 1 34.007 3.709 33.372 2.693
33 0 1 34.000 3.772 33.364 2.756
34 0 1 33.992 3.804 33.356 2.787
35 0 1 33.984 3.851 33.348 2.835
36 0 1 33.992 3.891 33.356 2.874
37 0 1 33.984 3.946 33.348 2.930
38 0 1 33.992 3.970 33.356 2.953
39 0 1 33.984 4.025 33.348 3.009
40 0 1 33.992 4.041 33.356 3.024
41 0 1 34.000 4.088 33.364 3.072
42 0 1 34.008 4.112 33.372 3.096
43 0 1 34.016 4.152 33.380 3.135
44 0 1 34.024 4.183 33.388 3.167
45 0 1 34.016 4.246 33.380 3.230
46 0 1 34.024 4.278 33.388 3.261
47 0 1 34.032 4.325 33.396 3.309
48 0 1 34.056 4.365 33.420 3.348
49 0 1 34.048 4.420 33.412 3.404
50 0 1 34.072 4.468 33.436 3.451
51 0 1 34.080 4.531 33.444 3.514
52 0 1 34.088 4.562 33.452 3.546
53 0 1 34.096 4.626 33.460 3.609
54 0 1 34.120 4.649 33.484 3.633
55 0 1 34.128 4.689 33.492 3.672
56 0 1 34.136 4.720 33.500 3.704
57 0 1 34.144 4.783 33.508 3.767
58 0 1 34.152 4.815 33.516 3.798
59 0 1 34.144 4.863 33.508 3.846
60 0 1 34.152 4.902 33.516 3.885
61 0 1 34.160 4.942 33.524 3.925
62 0 1 34.168 4.973 33.532 3.956
63 0 1 34.176 5.021 33.540 4.004
64 0 1 34.184 5.052 33.548 4.035
65 0 1 34.192 5.108 33.556 4.091
66 0 1 34.216 5.155 33.580 4.138
67 0 1 34.224 5.210 33.588 4.193
68 0 1 34.232 5.250 33.596 4.233
69 0 1 34.240 5.305 33.604 4.288
70 0 1 34.264 5.337 33.628 4.320
71 0 1 34.272 5.384 33.636 4.367
72 0 1 34.280 5.423 33.644 4.407
73 0 1 34.288 5.463 33.652 4.446
74 0 1 34.312 5.487 33.676 4.470
75 0 1 34.320 5.526 33.684 4.509
76 0 1 34.344 5.566 33.708 4.549
77 0 1 34.352 5.597 33.716 4.580
78 0 1 34.360 5.629 33.724 4.612
79 0 1 34.368 5.668 33.732 4.651
80 0 1 34.392 5.692 33.756 4.675
81 0 1 34.400 5.731 33.764 4.714
82 0 1 34.408 5.771 33.772 4.754
83 0 1 34.416 5.818 33.780 4.801
84 0 1 34.424 5.866 33.788 4.849
85 0 1 34.432 5.921 33.796 4.904
86 0 1 34.440 5.961 33.804 4.944
87 0 1 34.448 6.000 33.812 4.983
88 0 1 34.472 6.040 33.836 5.023
89 0 1 34.480 6.087 33.844 5.070
90 0 1 34.504 6.119 33.867 5.101
91 0 1 34.512 6.174 33.875 5.157
92 0 1 34.535 6.197 33.899 5.180
93 0 1 34.528 6.253 33.891 5.236
94 0 1 34.536 6.285 33.899 5.267
95 0 1 34.544 6.324 33.907 5.307
96 0 1 34.552 6.356 33.915 5.339
97 0 1 34.544 6.395 33.908 5.378
98 0 1 34.552 6.427 33.916 5.410
99 0 1 34.560 6.474 33.924 5.457
100 0 1 34.568 6.490 33.932 5.473
101 0 1 34.560 6.538 33.924 5.521
102 0 1 34.568 6.561 33.932 5.544
103 0 1 34.560 6.601 33.924 5.584
104 0 1 34.568 6.617 33.932 5.600
105 0 1 34.576 6.664 33.940 5.647
106 0 1 34.584 6.680 33.948 5.663
107 0 1 34.576 6.728 33.940 5.710
108 0 1 34.584 6.767 33.948 5.750
109 0 1 34.576 6.807 33.940 5.790
110 0 1 34.584 6.831 33.948 5.813
111 0 1 34.592 6.870 33.956 5.853
112 0 1 34.600 6.886 33.964 5.869
113 0 1 34.592 6.910 33.956 5.892
114 0 1 34.600 6.941 33.964 5.924
115 0 1 34.608 6.957 33.972 5.940
116 0 1 34.616 6.989 33.980 5.971
117 0 1 34.624 7.012 33.988 5.995
118 0 1 34.632 7.012 33.996 5.995
119 0 1 34.640 7.052 34.004 6.035
120 0 1 34.648 7.060 34.012 6.042
121 0 1 34.656 7.091 34.020 6.074
122 0 1 34.680 7.099 34.044 6.082
123 0 1 34.688 7.123 34.052 6.106
124 0 1 34.712 7.123 34.075 6.105
125 0 1 34.736 7.146 34.099 6.129
126 0 1 34.759 7.154 34.123 6.137
127 0 1 34.767 7.162 34.131 6.145
128 0 1 34.807 7.178 34.171 6.160
129 0 1 34.831 7.201 34.195 6.184
130 0 1 34.855 7.201 34.218 6.184
131 0 1 34.878 7.225 34.242 6.207
132 0 1 34.918 7.232 34.282 6.215
133 0 1 34.958 7.264 34.321 6.246
134 0 1 34.997 7.271 34.361 6.254
135 0 1 35.021 7.295 34.385 6.278
136 0 1 35.061 7.295 34.425 6.277
137 0 1 35.085 7.302 34.448 6.285
138 0 1 35.124 7.318 34.488 6.301
139 0 1 35.148 7.342 34.512 6.324
140 0 1 35.188 7.349 34.552 6.332
141 0 1 35.212 7.357 34.575 6.340
142 0 1 35.251 7.365 34.615 6.347
143 0 1 35.275 7.380 34.639 6.363
144 0 1 35.315 7.388 34.678 6.371
145 0 1 35.354 7.419 34.718 6.402
146 0 1 35.394 7.427 34.758 6.410
147 0 1 35.434 7.450 34.797 6.433
148 0 1 35.473 7.450 34.837 6.433
149 0 1 35.513 7.458 34.877 6.441
150 0 1 35.553 7.489 34.916 6.472
151 0 1 35.592 7.505 34.956 6.488
152 0 1 35.648 7.520 35.012 6.503
153 0 1 35.687 7.560 35.051 6.542
154 0 1 35.727 7.559 35.091 6.542
155 0 1 35.751 7.599 35.115 6.582
156 0 1 35.790 7.606 35.154 6.589
157 0 1 35.814 7.638 35.178 6.621
158 0 1 35.854 7.653 35.218 6.636
159 0 1 35.878 7.685 35.242 6.668
160 0 1 35.902 7.701 35.265 6.684
161 0 1 35.925 7.740 35.289 6.723
162 0 1 35.949 7.779 35.313 6.762
163 0 1 35.973 7.819 35.337 6.802
164 0 1 35.997 7.835 35.361 6.818
165 0 1 36.021 7.874 35.385 6.857
166 0 1 36.061 7.897 35.424 6.880
167 0 1 36.084 7.929 35.448 6.912
168 0 1 36.124 7.968 35.488 6.951
169 0 1 36.148 8.008 35.512 6.991
170 0 1 36.188 8.039 35.551 7.022
171 0 1 36.211 8.079 35.575 7.062
172 0 1 36.251 8.118 35.615 7.101
173 0 1 36.275 8.149 35.639 7.132
174 0 1 36.315 8.189 35.679 7.172
175 0 1 36.339 8.228 35.702 7.211
176 0 1 36.362 8.260 35.726 7.243
177 0 1 36.386 8.299 35.750 7.282
178 0 1 36.410 8.323 35.774 7.306
179 0 1 36.418 8.354 35.782 7.337
180 0 1 36.426 8.378 35.790 7.361
181 0 1 36.434 8.425 35.798 7.408
182 0 1 36.442 8.449 35.806 7.432
183 0 1 36.450 8.489 35.814 7.472
184 0 1 36.403 8.513 35.656 7.584
185 0 1 36.355 8.545 35.703 7.544
186 0 1 36.363 8.576 35.711 7.575
187 0 1 36.371 8.608 35.719 7.607
188 0 1 36.363 8.640 35.711 7.639
189 0 1 36.371 8.687 35.719 7.686
190 0 1 36.364 8.719 35.712 7.718
191 0 1 36.372 8.767 35.720 7.765
192 0 1 36.364 8.830 35.712 7.829
193 0 1 36.356 8.878 35.704 7.876
194 0 1 36.348 8.909 35.696 7.908
195 0 1 36.341 8.957 35.688 7.956
196 0 1 36.317 9.036 35.665 8.035
197 0 1 36.293 9.068 35.641 8.067
198 0 1 36.270 9.116 35.617 8.114
199 0 1 36.278 9.163 35.626 8.162
200 0 1 36.270 9.195 35.618 8.194
201 0 1 36.262 9.275 35.610 8.273
203 0 1 36.254 9.267 35.602 8.265
204 0 1 36.246 9.298 35.594 8.297
205 0 1 36.239 9.568 35.579 8.590
206 0 1 36.231 9.568 35.579 8.574
207 0 1 36.223 9.608 35.571 8.614
208 0 1 36.216 9.647 35.563 8.654
209 0 1 36.192 9.703 35.540 8.709
210 0 1 36.184 9.743 35.532 8.749
211 0 1 36.089 9.736 35.444 8.655
212 0 1 36.097 9.759 35.445 8.702
213 0 1 36.089 9.720 35.445 8.726
214 0 1 36.073 9.760 35.429 8.766
215 0 1 36.073 9.783 35.429 8.789
216 0 1 36.058 9.807 35.413 8.813
217 0 1 36.026 9.831 35.381 8.837
218 0 1 36.010 9.871 35.366 8.877
219 0 1 35.994 9.895 35.350 8.901
220 0 1 35.963 9.951 35.318 8.957
221 0 1 35.947 9.991 35.303 8.996
222 0 1 35.947 10.046 35.303 9.052
223 0 1 35.931 10.086 35.287 9.092
224 0 1 35.884 10.142 35.240 9.148
225 0 1 35.868 10.181 35.224 9.187
226 0 1 35.837 10.221 35.192 9.227
227 0 1 35.805 10.261 35.161 9.267
228 0 1 35.773 10.301 35.129 9.307
229 0 1 35.742 10.341 35.097 9.347
230 0 1 35.710 10.397 35.066 9.403
231 0 1 35.679 10.437 35.034 9.443
232 0 1 35.663 10.493 35.018 9.498
233 0 1 35.647 10.532 35.003 9.538
234 0 1 35.631 10.556 34.987 9.562
235 0 1 35.616 10.564 34.971 9.570
236 0 1 35.600 10.604 34.955 9.610
237 0 1 35.584 10.644 34.939 9.649
238 0 1 35.568 10.715 34.924 9.721
240 0 1 35.560 10.708 34.916 9.713
241 0 1 35.585 11.017 34.916 9.991
242 0 1 35.569 10.993 34.924 9.999
243 0 1 35.553 11.017 34.908 10.023
244 0 1 35.522 11.041 34.877 10.047
245 0 1 35.506 11.081 34.861 10.086
246 0 1 35.506 11.121 34.861 10.126
247 0 1 35.474 11.177 34.829 10.182
248 0 1 35.459 11.216 34.814 10.222
249 0 1 35.427 11.272 34.782 10.278
250 0 1 35.395 11.328 34.750 10.333
251 0 1 35.380 11.384 34.735 10.389
252 0 1 35.380 11.439 34.735 10.445
253 0 1 35.364 11.479 34.719 10.484
254 0 1 35.332 11.503 34.687 10.508
255 0 1 35.316 11.527 34.672 10.532
256 0 1 35.301 11.551 34.656 10.556
257 0 1 35.285 11.607 34.640 10.612
258 0 1 35.269 11.647 34.624 10.652
259 0 1 35.238 11.703 34.593 10.708
260 0 1 35.222 11.727 34.577 10.732
261 0 1 35.222 11.766 34.577 10.771
262 0 1 35.190 11.806 34.545 10.811
263 0 1 35.174 11.846 34.529 10.851
264 0 1 35.143 11.870 34.498 10.875
265 0 1 35.111 11.910 34.466 10.915
266 0 1 35.095 11.950 34.450 10.955
267 0 1 35.080 12.006 34.434 11.011
268 0 1 35.048 12.046 34.403 11.051
269 0 1 35.016 12.102 34.371 11.107
270 0 1 35.000 12.142 34.355 11.146
271 0 1 35.001 12.197 34.355 11.202
272 0 1 34.985 12.221 34.340 11.226
273 0 1 34.969 12.261 34.324 11.266
274 0 1 34.953 12.301 34.308 11.306
275 0 1 34.937 12.357 34.292 11.361
276 0 1 34.922 12.428 34.276 11.433
277 0 1 34.906 12.468 34.261 11.473
278 0 1 34.906 12.492 34.261 11.497
279 0 1 34.890 12.532 34.245 11.537
280 0 1 34.859 12.572 34.213 11.577
281 0 1 34.890 12.627 34.078 11.538
282 0 1 34.811 12.580 34.166 11.585
283 0 1 34.795 12.620 34.150 11.625
284 0 1 34.763 12.660 34.118 11.665
285 0 1 34.748 12.700 34.102 11.705
286 0 1 34.748 12.756 34.102 11.760
287 0 1 34.732 12.812 34.087 11.816
288 0 1 34.716 12.867 34.071 11.872
289 0 1 34.716 12.891 34.071 11.896
290 0 1 34.701 12.931 34.055 11.935
291 0 1 34.669 12.939 34.023 11.944
292 0 1 34.653 12.963 34.007 11.968
293 0 1 34.653 12.971 34.008 11.976
294 0 1 34.653 12.995 34.008 11.999
295 0 1 34.653 13.019 34.008 12.023
297 0 1 34.645 13.011 34.000 12.015
298 0 1 34.645 13.035 34.000 12.039
299 0 1 34.645 13.059 34.000 12.063
300 0 1 34.645 13.067 34.000 12.071
301 0 1 34.645 13.091 34.000 12.095
302 0 1 34.629 13.131 33.984 12.135
303 0 1 34.630 13.170 33.984 12.175
304 0 1 34.575 13.465 33.937 12.453
305 0 1 34.488 13.633 33.866 12.597
306 0 1 34.495 13.609 33.866 12.613
307 0 1 34.480 13.649 33.850 12.653
308 0 1 34.464 13.689 33.834 12.693
309 0 1 34.464 13.729 33.834 12.732
310 0 1 34.464 13.768 33.834 12.772
311 0 1 34.464 13.824 33.834 12.828
312 0 1 34.448 13.864 33.819 12.868
313 0 1 34.432 13.904 33.803 12.908
314 0 1 34.417 13.944 33.787 12.948
315 0 1 34.417 13.984 33.787 12.987
316 0 1 34.417 14.023 33.787 13.027
317 0 1 34.417 14.079 33.787 13.083
318 0 1 34.417 14.119 33.787 13.123
319 0 1 34.401 14.175 33.771 13.178
320 0 1 34.385 14.231 33.756 13.234
321 0 1 34.386 14.286 33.756 13.290
322 0 1 34.370 14.326 33.740 13.330
323 0 1 34.370 14.366 33.740 13.370
324 0 1 34.370 14.406 33.740 13.409
325 0 1 34.354 14.446 33.724 13.449
326 0 1 34.338 14.486 33.708 13.489
328 0 1 34.330 14.478 33.700 13.481
329 0 1 34.339 14.804 33.669 13.760
330 0 1 34.315 14.773 33.685 13.776
331 0 1 34.315 14.812 33.685 13.816
332 0 1 34.299 14.836 33.669 13.840
333 0 1 34.283 14.876 33.653 13.880
334 0 1 34.284 14.900 33.653 13.904
335 0 1 34.268 14.940 33.638 13.943
336 0 1 34.236 14.980 33.606 13.984
337 0 1 34.220 15.036 33.590 14.039
338 0 1 34.188 15.092 33.558 14.095
339 0 1 34.173 15.148 33.543 14.151
340 0 1 34.141 15.188 33.511 14.191
341 0 1 34.109 15.244 33.479 14.247
342 0 1 34.093 15.269 33.463 14.272
343 0 1 34.093 15.308 33.463 14.311
344 0 1 34.078 15.348 33.448 14.351
345 0 1 34.046 15.404 33.416 14.407
346 0 1 34.030 15.444 33.400 14.447
347 0 1 34.030 15.484 33.400 14.487
348 0 1 34.014 15.524 33.384 14.527
349 0 1 33.983 15.580 33.352 14.583
350 0 1 33.967 15.620 33.337 14.623
351 0 1 33.967 15.660 33.337 14.663
352 0 1 33.967 15.684 33.337 14.687
353 0 1 33.951 15.740 33.321 14.743
354 0 1 33.919 15.780 33.289 14.783
355 0 1 33.904 15.852 33.273 14.855
356 0 1 33.904 15.908 33.273 14.910
357 0 1 33.888 15.964 33.258 14.966
358 0 1 33.856 16.004 33.226 15.007
359 0 1 33.840 16.060 33.210 15.062
360 0 1 33.840 16.100 33.210 15.102
361 0 1 33.841 16.155 33.210 15.158
362 0 1 33.825 16.180 33.194 15.182
363 0 1 33.809 16.236 33.179 15.238
364 0 1 33.809 16.259 33.179 15.262
365 0 1 33.809 16.315 33.179 15.318
366 0 1 33.793 16.339 33.163 15.342
367 0 1 33.761 16.395 33.131 15.398
368 0 1 33.746 16.435 33.115 15.438
369 0 1 33.746 16.475 33.115 15.478
370 0 1 33.746 16.515 33.115 15.518
371 0 1 33.730 16.555 33.099 15.558
372 0 1 33.698 16.595 33.068 15.598
373 0 1 33.682 16.651 33.052 15.654
374 0 1 33.682 16.691 33.052 15.694
375 0 1 33.667 16.747 33.036 15.750
376 0 1 33.635 16.803 33.004 15.806
377 0 1 33.619 16.843 32.988 15.846
378 0 1 33.619 16.883 32.989 15.886
379 0 1 33.619 16.939 32.989 15.941
380 0 1 33.603 16.963 32.973 15.965
381 0 1 33.588 17.019 32.957 16.021
382 0 1 33.588 17.059 32.957 16.061
383 0 1 33.588 17.099 32.957 16.101
384 0 1 33.572 17.139 32.941 16.141
385 0 1 33.556 17.179 32.925 16.181
386 0 1 33.556 17.219 32.925 16.221
387 0 1 33.540 17.275 32.910 16.277
388 0 1 33.524 17.315 32.894 16.317
389 0 1 33.524 17.355 32.894 16.357
390 0 1 33.509 17.395 32.878 16.397
391 0 1 33.493 17.451 32.862 16.453
392 0 1 33.509 17.491 32.878 16.493
393 0 1 33.493 17.547 32.862 16.549
394 0 1 33.509 17.586 32.878 16.588
395 0 1 33.493 17.642 32.862 16.644
396 0 1 33.509 17.682 32.878 16.684
397 0 1 33.493 17.738 32.862 16.740
398 0 1 33.509 17.762 32.878 16.764
399 0 1 33.493 17.818 32.863 16.820
400 0 1 33.493 17.842 32.863 16.844
401 0 1 33.494 17.882 32.863 16.884
402 0 1 33.494 17.906 32.863 16.908
403 0 1 33.478 17.962 32.847 16.964
404 0 1 33.462 17.978 32.831 16.980
405 0 1 33.462 17.994 32.831 16.996
406 0 1 33.462 18.010 32.831 17.020
407 0 1 33.462 18.026 32.831 17.044
408 0 1 33.446 18.042 32.815 17.068
409 0 1 33.430 18.066 32.799 17.100
410 0 1 33.430 18.082 32.799 17.124
411 0 1 33.446 18.106 32.815 17.155
412 0 1 33.398 18.122 32.768 17.180
414 0 1 33.390 18.043 32.759 17.108
415 0 1 33.390 18.059 32.760 17.132
416 0 1 33.390 18.067 32.760 17.148
417 0 1 33.374 18.091 32.744 17.180
418 0 1 33.359 18.115 32.728 17.212
420 0 1 33.350 18.035 32.720 17.140
421 0 1 33.319 18.059 32.688 17.173
422 0 1 33.271 18.076 32.640 17.197
423 0 1 33.287 18.068 32.656 17.197
424 0 1 33.287 18.060 32.656 17.197
425 0 1 33.271 18.052 32.640 17.197
426 0 1 33.287 18.052 32.656 17.205
427 0 1 33.271 18.044 32.640 17.205
428 0 1 33.287 18.044 32.656 17.213
429 0 1 33.271 18.044 32.640 17.221
430 0 1 33.287 18.044 32.656 17.229
431 0 1 33.271 18.044 32.640 17.237
432 0 1 33.271 18.044 32.640 17.245
433 0 1 33.287 18.068 32.656 17.277
434 0 1 33.255 18.084 32.624 17.301
435 0 1 33.191 18.085 32.561 17.310
436 0 1 33.112 18.102 32.481 17.335
437 0 1 33.080 18.118 32.449 17.359
439 0 1 33.072 18.038 32.441 17.287
440 0 1 33.072 18.030 32.441 17.287
441 0 1 33.072 18.022 32.441 17.287
442 0 1 33.072 18.022 32.441 17.295
443 0 1 33.072 18.014 32.441 17.295
444 0 1 33.072 18.014 32.441 17.303
445 0 1 33.072 18.006 32.441 17.303
446 0 1 33.072 18.006 32.441 17.311
447 0 1 33.072 17.998 32.441 17.311
448 0 1 33.072 17.998 32.441 17.319
449 0 1 33.072 17.990 32.441 17.311
450 0 1 33.072 17.998 32.441 17.319
451 0 1 33.072 17.990 32.441 17.311
452 0 1 33.072 17.990 32.441 17.311
453 0 1 33.072 17.990 32.441 17.311
454 0 1 33.072 17.990 32.441 17.311
455 0 1 33.072 17.990 32.441 17.311
456 0 1 33.072 17.998 32.441 17.319
457 0 1 33.072 17.990 32.441 17.311
458 0 1 33.072 17.990 32.441 17.311
459 0 1 33.072 17.990 32.441 17.311
460 0 1 33.072 17.990 32.441 17.311
461 0 1 33.072 17.990 32.441 17.311
462 0 1 33.072 17.998 32.441 17.319
463 0 1 33.072 17.990 32.441 17.311
464 0 1 33.072 17.990 32.441 17.311
465 0 1 33.072 17.990 32.441 17.311
466 0 1 33.072 17.990 32.441 17.311
467 0 1 33.072 17.990 32.441 17.311
468 0 1 33.072 17.998 32.441 17.319
469 0 1 33.072 17.990 32.441 17.311
470 0 1 33.072 17.990 32.441 17.311
471 0 1 33.072 17.990 32.441 17.311
472 0 1 33.072 17.990 32.441 17.311
0 1 1 32.420 2.254 31.626 1.468
1 1 1 32.444 2.278 31.618 1.460
2 1 1 32.444 2.310 31.618 1.492
3 1 1 32.444 2.325 31.618 1.507
4 1 1 32.444 2.341 31.618 1.523
5 1 1 32.420 2.397 31.594 1.579
6 1 1 32.444 2.405 31.618 1.586
7 1 1 32.428 2.436 31.602 1.618
8 1 1 32.436 2.476 31.610 1.657
9 1 1 32.428 2.499 31.602 1.681
10 1 1 32.444 2.531 31.618 1.713
11 1 1 32.396 2.587 31.570 1.768
12 1 1 32.444 2.610 31.618 1.792
13 1 1 32.412 2.642 31.586 1.824
14 1 1 32.436 2.665 31.610 1.847
15 1 1 32.412 2.705 31.586 1.887
16 1 1 32.412 2.752 31.586 1.934
17 1 1 32.405 2.792 31.578 1.974
18 1 1 32.413 2.831 31.586 2.013
19 1 1 32.413 2.863 31.587 2.045
20 1 1 32.421 2.895 31.594 2.076
21 1 1 32.444 2.926 31.618 2.108
22 1 1 32.429 2.958 31.602 2.140
23 1 1 32.445 2.989 31.618 2.171
24 1 1 32.429 3.021 31.603 2.203
25 1 1 32.429 3.069 31.603 2.250
26 1 1 32.421 3.108 31.595 2.290
27 1 1 32.429 3.148 31.603 2.329
28 1 1 32.374 3.409 31.642 2.385
29 1 1 32.390 3.496 31.603 2.472
30 1 1 32.390 3.559 31.603 2.472
31 1 1 32.318 3.552 31.595 2.464
32 1 1 32.334 3.567 31.619 2.519
33 1 1 32.350 3.528 31.587 2.551
34 1 1 32.342 3.567 31.579 2.590
35 1 1 32.374 3.559 31.548 2.701
36 1 1 32.326 3.528 31.611 2.804
37 1 1 32.350 3.630 31.587 2.701
38 1 1 32.342 3.670 31.579 2.741
39 1 1 32.398 3.527 31.532 2.883
40 1 1 32.342 3.654 31.571 2.756
41 1 1 32.342 3.694 31.572 2.796
42 1 1 32.342 3.733 31.572 2.836
43 1 1 32.327 3.757 31.556 2.859
44 1 1 32.327 3.813 31.556 2.915
45 1 1 32.327 3.836 31.556 2.938
46 1 1 32.327 3.876 31.556 2.978
47 1 1 32.327 3.915 31.556 3.018
48 1 1 32.311 3.955 31.540 3.057
49 1 1 32.311 3.995 31.540 3.097
50 1 1 32.311 4.034 31.540 3.136
51 1 1 32.295 4.058 31.524 3.160
52 1 1 32.295 4.098 31.524 3.200
53 1 1 32.280 4.121 31.508 3.223
54 1 1 32.280 4.177 31.509 3.279
55 1 1 32.280 4.200 31.509 3.303
56 1 1 32.280 4.256 31.509 3.358
57 1 1 32.296 4.295 31.525 3.397
58 1 1 32.296 4.351 31.525 3.453
59 1 1 32.351 4.366 31.453 3.540
60 1 1 32.288 4.398 31.509 3.508
61 1 1 32.296 4.430 31.517 3.540
62 1 1 32.304 4.446 31.525 3.556
63 1 1 32.296 4.477 31.517 3.587
64 1 1 32.304 4.493 31.525 3.603
65 1 1 32.296 4.509 31.517 3.619
66 1 1 32.304 4.541 31.525 3.651
67 1 1 32.296 4.557 31.517 3.666
68 1 1 32.304 4.556 31.525 3.666
69 1 1 32.296 4.588 31.517 3.698
70 1 1 32.304 4.620 31.525 3.730
71 1 1 32.312 4.699 31.533 3.809
72 1 1 32.320 4.778 31.541 3.888
73 1 1 32.328 4.825 31.549 3.935
74 1 1 32.336 4.889 31.557 3.999
75 1 1 32.344 4.936 31.565 4.046
76 1 1 32.368 4.968 31.589 4.078
77 1 1 32.360 4.984 31.581 4.093
78 1 1 32.368 5.031 31.589 4.141
79 1 1 32.360 5.031 31.581 4.141
80 1 1 32.368 5.063 31.589 4.173
81 1 1 32.369 5.467 31.518 4.466
82 1 1 32.337 5.403 31.550 4.497
83 1 1 32.353 5.435 31.566 4.529
84 1 1 32.353 5.467 31.566 4.561
85 1 1 32.369 5.498 31.582 4.592
86 1 1 32.369 5.546 31.582 4.640
87 1 1 32.369 5.593 31.582 4.687
88 1 1 32.369 5.625 31.582 4.719
89 1 1 32.369 5.657 31.582 4.751
90 1 1 32.369 5.688 31.582 4.782
91 1 1 32.369 5.736 31.582 4.830
92 1 1 32.369 5.783 31.582 4.877
93 1 1 32.369 5.815 31.582 4.909
94 1 1 32.385 5.847 31.598 4.940
95 1 1 32.401 5.878 31.614 4.972
96 1 1 32.401 5.926 31.614 5.020
97 1 1 32.401 5.973 31.614 5.067
98 1 1 32.401 6.005 31.614 5.099
99 1 1 32.401 6.037 31.614 5.130
100 1 1 32.417 6.052 31.630 5.146
101 1 1 32.417 6.100 31.630 5.194
102 1 1 32.433 6.116 31.646 5.209
103 1 1 32.433 6.163 31.646 5.257
104 1 1 32.433 6.195 31.646 5.289
105 1 1 32.449 6.226 31.662 5.320
106 1 1 32.449 6.258 31.662 5.352
107 1 1 32.465 6.274 31.678 5.368
108 1 1 32.465 6.321 31.678 5.415
109 1 1 32.465 6.321 31.678 5.415
110 1 1 32.465 6.353 31.678 5.447
111 1 1 32.481 6.369 31.694 5.463
112 1 1 32.481 6.416 31.694 5.510
113 1 1 32.481 6.432 31.694 5.526
114 1 1 32.481 6.480 31.694 5.574
115 1 1 32.481 6.496 31.694 5.589
116 1 1 32.497 6.511 31.710 5.605
117 1 1 32.600 6.352 31.662 5.693
118 1 1 32.521 6.472 31.734 5.581
119 1 1 32.664 6.463 31.654 5.740
120 1 1 32.719 6.455 31.726 5.748
121 1 1 32.616 6.534 31.813 5.660
122 1 1 32.616 6.550 31.813 5.676
123 1 1 32.616 6.566 31.813 5.692
124 1 1 32.616 6.582 31.813 5.708
125 1 1 32.616 6.598 31.813 5.723
126 1 1 32.632 6.614 31.829 5.739
127 1 1 32.632 6.629 31.829 5.755
128 1 1 32.823 6.470 31.773 5.755
129 1 1 32.712 6.502 31.758 5.795
130 1 1 32.704 6.494 31.742 5.795
131 1 1 32.648 6.510 31.742 5.787
132 1 1 32.854 6.509 31.813 5.787
133 1 1 32.767 6.518 31.782 5.811
134 1 1 32.807 6.502 31.813 5.811
135 1 1 32.720 6.565 31.901 5.747
136 1 1 32.735 6.557 31.916 5.739
137 1 1 32.751 6.565 31.932 5.746
138 1 1 32.854 6.485 31.893 5.786
139 1 1 32.910 6.453 31.932 5.802
140 1 1 32.926 6.461 31.948 5.810
141 1 1 32.846 6.454 31.940 5.810
142 1 1 32.799 6.525 31.980 5.738
143 1 1 32.815 6.517 31.996 5.730
144 1 1 32.831 6.525 32.012 5.738
145 1 1 32.831 6.517 32.012 5.730
146 1 1 32.847 6.509 32.028 5.722
147 1 1 32.862 6.501 32.043 5.714
148 1 1 32.878 6.509 32.059 5.722
149 1 1 32.878 6.501 32.059 5.714
150 1 1 32.894 6.493 32.075 5.706
151 1 1 32.894 6.485 32.075 5.698
152 1 1 32.910 6.493 32.091 5.706
153 1 1 32.926 6.485 32.107 5.698
154 1 1 32.942 6.477 32.123 5.690
155 1 1 32.942 6.469 32.123 5.682
156 1 1 32.958 6.461 32.139 5.674
157 1 1 32.973 6.453 32.155 5.666
158 1 1 32.973 6.445 32.155 5.658
159 1 1 32.989 6.437 32.170 5.650
160 1 1 32.989 6.429 32.170 5.642
161 1 1 33.005 6.421 32.186 5.634
162 1 1 33.005 6.413 32.186 5.626
163 1 1 33.021 6.389 32.202 5.602
164 1 1 33.021 6.381 32.202 5.594
165 1 1 33.021 6.358 32.202 5.571
166 1 1 33.037 6.350 32.218 5.562
167 1 1 33.037 6.326 32.218 5.539
168 1 1 33.053 6.334 32.234 5.547
169 1 1 33.053 6.310 32.234 5.523
170 1 1 33.053 6.302 32.234 5.515
171 1 1 33.068 6.278 32.250 5.491
172 1 1 33.068 6.254 32.250 5.467
173 1 1 33.084 6.230 32.265 5.443
174 1 1 33.084 6.222 32.265 5.435
175 1 1 33.084 6.215 32.265 5.428
176 1 1 33.100 6.207 32.281 5.420
177 1 1 33.100 6.199 32.281 5.412
178 1 1 33.116 6.191 32.297 5.404
179 1 1 33.116 6.183 32.297 5.396
180 1 1 33.116 6.191 32.297 5.404
181 1 1 33.116 6.183 32.297 5.396
182 1 1 33.132 6.190 32.313 5.404
183 1 1 33.132 6.183 32.313 5.396
184 1 1 33.132 6.175 32.313 5.388
185 1 1 33.148 6.167 32.329 5.380
186 1 1 33.148 6.175 32.329 5.388
187 1 1 33.148 6.167 32.329 5.380
188 1 1 33.163 6.174 32.345 5.387
189 1 1 33.163 6.167 32.345 5.380
190 1 1 33.163 6.174 32.345 5.387
191 1 1 33.179 6.166 32.361 5.379
192 1 1 33.179 6.174 32.361 5.387
193 1 1 33.195 6.166 32.376 5.379
194 1 1 33.195 6.174 32.377 5.387
195 1 1 33.211 6.182 32.392 5.395
196 1 1 33.211 6.190 32.392 5.403
197 1 1 33.227 6.182 32.408 5.395
198 1 1 33.227 6.206 32.408 5.419
199 1 1 33.243 6.198 32.424 5.411
200 1 1 33.259 6.221 32.440 5.434
201 1 1 33.259 6.213 32.440 5.427
202 1 1 33.275 6.237 32.456 5.450
203 1 1 33.275 6.245 32.456 5.458
204 1 1 33.291 6.253 32.472 5.466
205 1 1 33.291 6.277 32.472 5.490
206 1 1 33.306 6.300 32.488 5.513
207 1 1 33.322 6.308 32.504 5.521
208 1 1 33.338 6.332 32.520 5.545
209 1 1 33.354 6.340 32.536 5.553
210 1 1 33.370 6.363 32.551 5.576
211 1 1 33.386 6.371 32.567 5.584
212 1 1 33.402 6.395 32.583 5.608
213 1 1 33.418 6.403 32.599 5.616
214 1 1 33.434 6.426 32.615 5.639
215 1 1 33.450 6.434 32.631 5.647
216 1 1 33.465 6.458 32.647 5.671
217 1 1 33.481 6.450 32.663 5.663
218 1 1 33.497 6.473 32.679 5.686
219 1 1 33.386 6.403 32.647 5.845
220 1 1 33.418 6.434 32.695 5.789
221 1 1 33.378 6.545 32.711 5.829
222 1 1 33.402 6.632 32.734 5.932
223 1 1 33.418 6.711 32.782 5.939
224 1 1 33.553 6.750 32.814 5.923
225 1 1 33.553 6.782 32.846 5.971
226 1 1 33.553 6.806 32.822 5.986
227 1 1 33.569 6.837 32.862 5.994
228 1 1 33.625 6.805 32.878 6.042
229 1 1 33.625 6.813 32.838 6.050
230 1 1 33.656 6.773 32.814 6.066
231 1 1 33.680 6.765 32.774 6.074
232 1 1 33.680 6.797 32.838 6.050
233 1 1 33.720 6.812 32.822 6.185
234 1 1 33.641 6.861 32.894 6.129
235 1 1 33.783 6.796 32.790 6.216
236 1 1 33.752 6.804 32.838 6.335
237 1 1 33.752 6.820 32.854 6.374
238 1 1 33.673 6.947 32.925 6.239
239 1 1 33.696 6.971 32.949 6.263
240 1 1 33.720 6.995 32.973 6.287
241 1 1 33.816 7.097 32.973 6.421
242 1 1 33.871 7.176 33.045 6.468
243 1 1 33.879 7.208 32.997 6.469
244 1 1 33.808 7.184 33.061 6.484
245 1 1 33.832 7.216 33.085 6.516
246 1 1 33.840 7.247 33.093 6.547
247 1 1 33.864 7.295 33.117 6.595
248 1 1 33.887 7.326 33.140 6.626
249 1 1 33.911 7.374 33.164 6.673
250 1 1 33.935 7.405 33.188 6.705
251 1 1 33.959 7.453 33.212 6.752
252 1 1 33.983 7.484 33.236 6.784
253 1 1 34.007 7.516 33.260 6.815
254 1 1 34.015 7.547 33.268 6.847
255 1 1 34.039 7.579 33.292 6.879
256 1 1 34.047 7.610 33.300 6.910
257 1 1 34.055 7.658 33.308 6.958
258 1 1 34.063 7.690 33.316 6.989
259 1 1 34.087 7.721 33.339 7.021
260 1 1 34.253 7.815 33.371 7.084
261 1 1 34.238 7.974 33.387 7.076
262 1 1 34.254 8.013 33.411 7.092
263 1 1 34.262 8.077 33.419 7.123
264 1 1 34.286 8.100 33.427 7.155
265 1 1 34.286 8.140 33.427 7.218
266 1 1 34.278 8.132 33.443 7.234
267 1 1 34.294 8.116 33.443 7.266
268 1 1 34.286 8.148 33.435 7.211
269 1 1 34.302 8.171 33.419 7.242
270 1 1 34.254 8.124 33.467 7.377
271 1 1 34.262 8.116 33.443 7.409
272 1 1 34.278 8.132 33.428 7.480
273 1 1 34.222 8.148 33.475 7.456
274 1 1 34.246 8.188 33.499 7.495
275 1 1 34.254 8.211 33.507 7.519
276 1 1 34.294 8.235 33.547 7.543
277 1 1 34.302 8.274 33.555 7.582
278 1 1 34.326 8.298 33.579 7.606
279 1 1 34.350 8.338 33.602 7.645
280 1 1 34.373 8.361 33.626 7.669
281 1 1 34.381 8.401 33.634 7.708
282 1 1 34.405 8.440 33.658 7.748
283 1 1 34.429 8.480 33.682 7.787
284 1 1 34.453 8.519 33.706 7.827
285 1 1 34.461 8.575 33.714 7.882
286 1 1 34.620 8.811 33.857 8.143
287 1 1 34.652 8.874 33.921 8.039
288 1 1 34.644 8.906 33.944 8.103
289 1 1 34.660 8.843 33.929 8.158
290 1 1 34.763 8.961 33.937 8.293
291 1 1 34.779 8.961 33.969 8.364
292 1 1 34.732 8.993 34.000 8.324
293 1 1 34.740 9.024 34.008 8.356
294 1 1 34.764 9.072 34.032 8.403
295 1 1 34.772 9.119 34.040 8.451
296 1 1 34.795 9.135 34.064 8.466
297 1 1 34.867 9.301 34.080 8.522
298 1 1 34.835 9.238 34.104 8.569
299 1 1 34.780 9.484 34.088 8.546
300 1 1 34.772 9.516 34.104 8.545
301 1 1 34.788 9.532 34.088 8.546
302 1 1 34.788 9.524 34.112 8.601
303 1 1 34.820 9.531 34.080 8.680
304 1 1 34.804 9.579 34.057 8.704
305 1 1 34.836 9.579 34.097 8.752
306 1 1 34.844 9.611 34.113 8.831
307 1 1 34.820 9.547 34.121 8.878
308 1 1 34.844 9.595 34.144 8.926
309 1 1 34.836 9.611 34.137 8.942
310 1 1 34.844 9.658 34.145 8.989
311 1 1 34.868 9.690 34.168 9.021
312 1 1 34.900 9.808 34.193 9.235
313 1 1 34.948 9.879 34.209 9.251
314 1 1 34.932 10.054 34.209 9.282
315 1 1 34.964 10.165 34.240 9.219
316 1 1 34.972 10.212 34.280 9.194
317 1 1 34.933 10.229 34.296 9.282
318 1 1 34.917 10.261 34.248 9.298
319 1 1 34.965 10.324 34.280 9.353
320 1 1 34.989 10.355 34.272 9.385
321 1 1 35.012 10.379 34.320 9.456
322 1 1 35.028 10.387 34.312 9.543
323 1 1 35.044 10.379 34.273 9.639
324 1 1 35.052 10.371 34.265 9.718
325 1 1 35.092 10.394 34.329 9.742
326 1 1 35.068 10.402 34.321 9.837
327 1 1 35.092 10.545 34.361 9.940
328 1 1 35.060 10.561 34.321 10.019
329 1 1 35.029 10.601 34.353 9.971
330 1 1 35.100 10.703 34.282 10.043
331 1 1 35.037 10.760 34.218 10.020
332 1 1 35.029 10.831 34.226 10.020
333 1 1 35.021 10.863 34.218 10.028
334 1 1 34.966 10.943 34.170 10.028
335 1 1 34.966 10.998 34.202 10.044
336 1 1 34.919 11.023 34.234 10.076
337 1 1 34.935 11.046 34.226 10.123
338 1 1 34.942 11.054 34.234 10.155
339 1 1 34.958 11.102 34.179 10.219
340 1 1 34.903 11.094 34.147 10.259
341 1 1 34.919 11.030 34.139 10.362
342 1 1 34.927 11.054 34.171 10.465
343 1 1 34.887 11.086 34.132 10.553
344 1 1 34.855 11.190 34.116 10.688
345 1 1 34.871 11.213 34.148 10.743
346 1 1 34.840 11.277 34.164 10.679
347 1 1 34.888 11.325 34.132 10.743
348 1 1 34.840 11.325 34.164 10.735
349 1 1 34.872 11.571 34.061 10.768
350 1 1 34.872 11.642 34.077 10.720
351 1 1 34.809 11.532 34.125 10.942
352 1 1 34.825 11.706 34.069 10.760
353 1 1 34.849 11.762 34.108 10.791
354 1 1 34.857 11.801 34.101 10.847
355 1 1 34.825 11.833 34.077 10.879
356 1 1 34.769 11.492 34.093 10.902
357 1 1 34.762 11.842 34.062 11.228
358 1 1 34.746 11.771 34.070 11.181
359 1 1 34.746 11.802 34.070 11.212
360 1 1 34.730 11.834 34.054 11.244
361 1 1 34.730 11.866 34.054 11.276
362 1 1 34.714 11.898 34.038 11.308
363 1 1 34.698 11.946 34.022 11.356
364 1 1 34.698 11.977 34.022 11.388
365 1 1 34.699 12.025 34.022 11.435
366 1 1 34.667 12.161 33.999 11.531
367 1 1 34.667 12.137 33.999 11.547
368 1 1 34.659 12.169 33.991 11.578
369 1 1 34.620 12.558 33.935 11.420
370 1 1 34.604 12.582 33.919 11.436
371 1 1 34.620 12.574 33.911 11.452
372 1 1 34.628 12.582 33.927 11.468
373 1 1 34.580 12.471 33.936 11.817
374 1 1 34.588 12.431 33.928 11.841
375 1 1 34.580 12.471 33.920 11.881
376 1 1 34.573 12.511 33.912 11.921
377 1 1 34.565 12.551 33.904 11.961
378 1 1 34.549 12.591 33.888 12.001
379 1 1 34.549 12.630 33.888 12.040
380 1 1 34.541 12.662 33.881 12.072
381 1 1 34.525 12.702 33.865 12.112
382 1 1 34.517 12.742 33.857 12.152
383 1 1 34.502 12.782 33.841 12.192
384 1 1 34.486 12.822 33.825 12.232
385 1 1 34.470 12.862 33.809 12.271
386 1 1 34.462 12.902 33.802 12.311
387 1 1 34.446 12.949 33.786 12.359
388 1 1 34.439 12.997 33.778 12.407
389 1 1 34.383 13.133 33.699 12.567
390 1 1 34.367 13.141 33.707 12.559
391 1 1 34.359 13.181 33.699 12.598
392 1 1 34.344 13.229 33.683 12.646
393 1 1 34.336 13.269 33.675 12.686
394 1 1 34.328 13.300 33.667 12.718
395 1 1 34.320 13.332 33.659 12.750
396 1 1 34.304 13.372 33.644 12.790
397 1 1 34.296 13.420 33.636 12.838
398 1 1 34.281 13.460 33.620 12.878
399 1 1 34.265 13.492 33.604 12.909
400 1 1 34.257 13.524 33.596 12.941
401 1 1 34.241 13.564 33.580 12.981
402 1 1 34.225 13.612 33.564 13.029
403 1 1 34.209 13.652 33.549 13.069
404 1 1 34.194 13.691 33.533 13.109
405 1 1 34.186 13.739 33.525 13.157
406 1 1 34.170 13.787 33.509 13.205
407 1 1 34.218 13.930 33.485 13.014
408 1 1 34.178 13.763 33.517 13.181
409 1 1 34.162 13.803 33.501 13.221
410 1 1 34.162 13.843 33.501 13.260
411 1 1 34.187 14.105 33.398 13.293
412 1 1 34.123 13.979 33.462 13.396
413 1 1 34.139 14.233 33.390 13.341
414 1 1 34.155 14.177 33.414 13.341
415 1 1 34.115 14.289 33.390 13.373
416 1 1 34.107 14.265 33.358 13.341
417 1 1 34.099 14.305 33.366 13.373
418 1 1 34.076 14.353 33.319 13.374
419 1 1 34.100 14.345 33.319 13.381
420 1 1 34.051 14.083 33.390 13.500
421 1 1 34.028 14.131 33.367 13.548
422 1 1 34.012 14.433 33.343 13.819
423 1 1 34.004 14.409 33.343 13.827
424 1 1 33.996 14.449 33.335 13.867
425 1 1 33.988 14.473 33.327 13.891
426 1 1 33.973 14.521 33.312 13.939
428 1 1 33.965 14.513 33.304 13.931
429 1 1 33.957 14.537 33.296 13.955
430 1 1 33.949 14.577 33.288 13.995
431 1 1 33.933 14.601 33.272 14.019
432 1 1 33.942 14.880 33.184 13.972
433 1 1 33.910 14.944 33.153 13.956
434 1 1 33.909 14.625 33.248 14.043
435 1 1 33.893 14.665 33.232 14.083
436 1 1 33.870 14.713 33.208 14.131
437 1 1 33.775 14.937 33.105 14.371
438 1 1 33.767 14.937 33.105 14.363
439 1 1 33.751 14.969 33.090 14.395
440 1 1 33.743 15.009 33.082 14.435
441 1 1 33.727 15.041 33.066 14.467
442 1 1 33.711 15.081 33.050 14.507
443 1 1 33.711 15.113 33.050 14.538
445 1 1 33.703 15.105 33.042 14.530
446 1 1 33.695 15.137 33.034 14.562
447 1 1 33.696 15.169 33.034 14.594
448 1 1 33.688 15.209 33.026 14.634
449 1 1 33.672 15.249 33.010 14.674
450 1 1 33.664 15.289 33.003 14.714
451 1 1 33.656 15.329 32.995 14.754
452 1 1 33.648 15.369 32.987 14.794
453 1 1 33.632 15.417 32.971 14.842
454 1 1 33.624 15.457 32.963 14.882
455 1 1 33.673 15.767 32.923 14.763
456 1 1 33.609 15.489 32.947 14.914
457 1 1 33.665 15.870 32.907 14.914
458 1 1 33.593 15.521 32.931 14.946
459 1 1 33.538 15.824 32.908 15.209
460 1 1 33.553 15.792 32.900 15.217
461 1 1 33.546 15.824 32.892 15.249
462 1 1 33.530 15.856 32.876 15.281
463 1 1 33.530 15.880 32.876 15.305
464 1 1 33.522 15.912 32.868 15.337
465 1 1 33.514 15.952 32.860 15.377
466 1 1 33.498 15.984 32.844 15.409
467 1 1 33.490 16.024 32.837 15.449
468 1 1 33.594 16.126 32.876 15.209
469 1 1 33.586 16.126 32.868 15.217
470 1 1 33.562 16.143 32.852 15.225
471 1 1 33.610 16.190 32.884 15.225
472 1 1 33.554 16.222 32.860 15.305
0 2 1 31.428 2.251 30.617 1.377
1 2 1 31.452 2.275 30.602 1.361
2 2 1 31.452 2.322 30.602 1.409
3 2 1 31.468 2.354 30.618 1.440
4 2 1 31.484 2.377 30.633 1.464
5 2 1 31.460 2.417 30.610 1.504
6 2 1 31.484 2.456 30.634 1.543
7 2 1 31.468 2.496 30.618 1.583
8 2 1 31.460 2.536 30.610 1.622
9 2 1 31.468 2.575 30.618 1.662
10 2 1 31.468 2.615 30.618 1.701
11 2 1 31.437 2.741 30.586 1.828
12 2 1 31.452 2.694 30.602 1.780
13 2 1 31.437 2.749 30.586 1.836
14 2 1 31.444 2.733 30.594 1.820
15 2 1 31.437 2.828 30.586 1.915
16 2 1 31.421 2.868 30.570 1.955
17 2 1 31.405 2.915 30.554 2.002
18 2 1 31.405 2.947 30.555 2.034
19 2 1 31.405 2.987 30.555 2.073
20 2 1 31.405 3.010 30.555 2.097
21 2 1 31.389 3.066 30.539 2.152
22 2 1 31.373 3.090 30.523 2.176
23 2 1 31.381 3.129 30.531 2.216
24 2 1 31.357 2.932 30.523 2.239
25 2 1 31.373 2.971 30.515 2.271
26 2 1 31.365 3.003 30.523 2.216
27 2 1 31.357 3.034 30.515 2.247
28 2 1 31.366 3.272 30.523 2.374
29 2 1 31.366 3.224 30.523 2.421
30 2 1 31.358 3.256 30.515 2.453
31 2 1 31.366 3.311 30.523 2.508
32 2 1 31.358 3.335 30.515 2.532
33 2 1 31.366 3.390 30.523 2.587
34 2 1 31.358 3.430 30.515 2.627
35 2 1 31.318 3.660 30.523 2.690
36 2 1 31.334 3.580 30.499 2.754
37 2 1 31.334 3.628 30.500 2.801
38 2 1 31.334 3.675 30.500 2.849
39 2 1 31.350 3.707 30.515 2.880
40 2 1 31.334 3.739 30.500 2.912
41 2 1 31.350 3.786 30.516 2.959
42 2 1 31.334 3.834 30.500 3.007
43 2 1 31.350 3.865 30.516 3.038
44 2 1 31.335 3.897 30.500 3.070
45 2 1 31.350 3.944 30.516 3.118
46 2 1 31.335 3.992 30.500 3.165
47 2 1 31.335 4.024 30.500 3.197
48 2 1 31.335 4.071 30.500 3.244
49 2 1 31.335 4.134 30.500 3.308
50 2 1 31.335 4.182 30.500 3.355
51 2 1 31.319 4.214 30.484 3.387
52 2 1 31.303 4.245 30.468 3.419
53 2 1 31.319 4.293 30.484 3.466
54 2 1 31.303 4.356 30.468 3.529
55 2 1 31.303 4.404 30.468 3.577
56 2 1 31.303 4.420 30.468 3.593
57 2 1 31.303 4.483 30.468 3.656
58 2 1 31.303 4.515 30.468 3.688
59 2 1 31.303 4.562 30.468 3.735
60 2 1 31.304 4.594 30.469 3.767
61 2 1 31.304 4.625 30.469 3.799
62 2 1 31.304 4.657 30.469 3.830
63 2 1 31.320 4.704 30.484 3.878
64 2 1 31.304 4.752 30.469 3.925
65 2 1 31.320 4.768 30.485 3.941
66 2 1 31.320 4.815 30.485 3.988
67 2 1 31.320 4.847 30.485 4.020
68 2 1 31.320 4.895 30.485 4.068
69 2 1 31.336 4.958 30.501 4.131
70 2 1 31.352 5.005 30.517 4.178
71 2 1 31.352 5.037 30.517 4.210
72 2 1 31.352 5.084 30.517 4.258
73 2 1 31.368 5.132 30.533 4.305
74 2 1 31.384 5.163 30.548 4.337
75 2 1 31.384 5.211 30.548 4.384
76 2 1 31.400 5.258 30.564 4.432
77 2 1 31.415 5.290 30.580 4.463
78 2 1 31.400 5.338 30.564 4.511
79 2 1 31.416 5.385 30.580 4.558
80 2 1 31.400 5.417 30.565 4.590
81 2 1 31.416 5.448 30.580 4.622
82 2 1 31.400 5.480 30.565 4.653
83 2 1 31.416 5.528 30.581 4.701
84 2 1 31.400 5.575 30.565 4.748
85 2 1 31.416 5.607 30.581 4.780
86 2 1 31.400 5.655 30.565 4.828
87 2 1 31.416 5.718 30.581 4.891
88 2 1 31.400 5.765 30.565 4.938
89 2 1 31.416 5.781 30.581 4.954
90 2 1 31.400 5.845 30.565 5.018
91 2 1 31.416 5.892 30.581 5.065
92 2 1 31.400 5.924 30.565 5.097
93 2 1 31.416 5.956 30.581 5.129
94 2 1 31.400 6.003 30.565 5.176
95 2 1 31.416 6.051 30.581 5.224
96 2 1 31.400 6.082 30.565 5.255
97 2 1 31.416 6.130 30.581 5.303
98 2 1 31.401 6.178 30.565 5.351
99 2 1 31.416 6.193 30.581 5.366
100 2 1 31.417 6.241 30.581 5.414
101 2 1 31.417 6.257 30.581 5.430
102 2 1 31.417 6.288 30.581 5.461
103 2 1 31.433 6.320 30.597 5.493
104 2 1 31.448 6.352 30.613 5.525
105 2 1 31.448 6.368 30.613 5.540
106 2 1 31.464 6.383 30.629 5.556
107 2 1 31.480 6.415 30.645 5.588
108 2 1 31.480 6.447 30.645 5.620
109 2 1 31.496 6.462 30.661 5.635
110 2 1 31.512 6.478 30.677 5.651
111 2 1 31.544 6.383 30.709 5.675
112 2 1 31.544 6.391 30.685 5.730
113 2 1 31.528 6.454 30.693 5.659
114 2 1 31.528 6.486 30.693 5.691
115 2 1 31.544 6.502 30.709 5.706
116 2 1 31.544 6.518 30.709 5.722
117 2 1 31.568 6.414 30.756 5.785
118 2 1 31.544 6.486 30.740 5.793
119 2 1 31.544 6.533 30.764 5.849
120 2 1 31.576 6.628 30.796 5.864
121 2 1 31.576 6.716 30.828 5.896
122 2 1 31.568 6.795 30.796 5.920
123 2 1 31.576 6.731 30.788 5.967
124 2 1 31.576 6.763 30.788 5.999
125 2 1 31.576 6.779 30.788 6.015
126 2 1 31.592 6.795 30.804 6.031
127 2 1 31.544 6.811 30.757 6.047
128 2 1 31.552 6.811 30.780 6.031
129 2 1 31.552 6.795 30.788 6.086
130 2 1 31.552 6.787 30.788 6.102
131 2 1 31.560 6.787 30.788 6.102
132 2 1 31.560 6.779 30.812 6.086
133 2 1 31.576 6.795 30.820 6.078
134 2 1 31.560 6.795 30.804 6.110
135 2 1 31.568 6.819 30.788 6.094
136 2 1 31.616 6.802 30.820 6.126
137 2 1 31.648 6.786 30.836 6.134
138 2 1 31.687 6.810 30.884 6.110
139 2 1 31.719 6.826 30.868 6.118
140 2 1 31.751 6.817 30.884 6.125
141 2 1 31.751 6.810 30.908 6.133
142 2 1 31.703 6.810 30.947 6.125
143 2 1 31.719 6.810 30.963 6.125
144 2 1 31.735 6.810 30.979 6.125
145 2 1 31.751 6.794 30.995 6.109
146 2 1 31.767 6.794 31.011 6.109
147 2 1 31.783 6.778 31.027 6.093
148 2 1 31.799 6.778 31.043 6.093
149 2 1 31.814 6.777 31.059 6.093
150 2 1 31.814 6.762 31.059 6.077
151 2 1 31.830 6.761 31.075 6.077
152 2 1 31.830 6.761 31.075 6.077
153 2 1 31.846 6.745 31.090 6.061
154 2 1 31.846 6.745 31.090 6.061
155 2 1 31.862 6.745 31.106 6.061
156 2 1 31.862 6.745 31.106 6.061
157 2 1 31.862 6.730 31.106 6.045
158 2 1 31.862 6.730 31.106 6.045
159 2 1 31.862 6.730 31.106 6.045
160 2 1 31.862 6.730 31.106 6.045
161 2 1 31.862 6.730 31.106 6.045
162 2 1 31.862 6.730 31.106 6.045
163 2 1 31.862 6.730 31.106 6.045
164 2 1 31.862 6.730 31.106 6.045
165 2 1 31.862 6.730 31.106 6.045
166 2 1 31.862 6.730 31.106 6.045
167 2 1 31.862 6.730 31.106 6.045
168 2 1 31.846 6.730 31.090 6.045
169 2 1 31.846 6.730 31.090 6.045
170 2 1 31.846 6.730 31.090 6.045
171 2 1 31.846 6.730 31.090 6.045
172 2 1 31.846 6.730 31.090 6.045
173 2 1 31.846 6.730 31.090 6.045
174 2 1 31.830 6.730 31.075 6.045
175 2 1 31.830 6.730 31.075 6.045
176 2 1 31.830 6.730 31.075 6.045
177 2 1 31.830 6.730 31.075 6.045
178 2 1 31.830 6.730 31.075 6.045
179 2 1 31.814 6.730 31.059 6.045
180 2 1 31.814 6.730 31.059 6.045
181 2 1 31.814 6.730 31.059 6.045
182 2 1 31.814 6.730 31.059 6.045
183 2 1 31.814 6.730 31.059 6.045
184 2 1 31.814 6.746 31.059 6.061
185 2 1 31.814 6.746 31.059 6.061
186 2 1 31.814 6.746 31.059 6.061
187 2 1 31.814 6.746 31.059 6.061
188 2 1 31.814 6.762 31.059 6.077
189 2 1 31.814 6.762 31.059 6.077
190 2 1 31.814 6.762 31.059 6.077
191 2 1 31.814 6.762 31.059 6.077
192 2 1 31.814 6.777 31.059 6.093
193 2 1 31.814 6.777 31.059 6.093
194 2 1 31.830 6.777 31.075 6.092
195 2 1 31.830 6.777 31.075 6.092
196 2 1 31.830 6.777 31.075 6.092
197 2 1 31.846 6.793 31.091 6.108
198 2 1 31.862 6.793 31.106 6.108
199 2 1 31.862 6.793 31.106 6.108
200 2 1 31.878 6.793 31.122 6.108
201 2 1 31.894 6.793 31.138 6.108
202 2 1 31.910 6.808 31.154 6.124
203 2 1 31.942 6.808 31.186 6.123
204 2 1 31.958 6.808 31.202 6.123
205 2 1 31.973 6.824 31.218 6.139
206 2 1 32.005 6.824 31.250 6.139
207 2 1 32.037 6.824 31.281 6.139
208 2 1 32.053 6.823 31.297 6.139
209 2 1 32.085 6.839 31.329 6.154
210 2 1 32.116 6.839 31.361 6.154
211 2 1 32.132 6.839 31.377 6.154
212 2 1 32.164 6.854 31.409 6.170
213 2 1 32.164 6.775 31.178 6.100
214 2 1 32.220 6.791 31.218 6.099
215 2 1 32.236 6.791 31.281 6.099
216 2 1 32.259 6.838 31.345 6.107
217 2 1 32.315 6.845 31.401 6.146
218 2 1 32.315 6.885 31.464 6.169
219 2 1 32.355 6.885 31.575 6.137
220 2 1 32.434 6.908 31.591 6.113
221 2 1 32.395 6.932 31.599 6.137
222 2 1 32.403 6.996 31.639 6.168
223 2 1 32.427 7.051 31.663 6.208
224 2 1 32.466 7.066 31.663 6.247
225 2 1 32.458 7.122 31.687 6.287
226 2 1 32.482 7.185 31.703 6.326
227 2 1 32.482 7.177 31.727 6.366
228 2 1 32.474 7.201 31.734 6.334
229 2 1 32.506 7.193 31.711 6.366
230 2 1 32.522 7.225 31.719 6.382
231 2 1 32.522 7.225 31.695 6.414
232 2 1 32.522 7.193 31.687 6.414
233 2 1 32.514 7.225 31.687 6.429
234 2 1 32.530 7.217 31.679 6.445
235 2 1 32.570 7.216 31.671 6.469
236 2 1 32.578 7.208 31.679 6.437
237 2 1 32.498 7.161 31.751 6.485
238 2 1 32.506 7.185 31.759 6.508
239 2 1 32.530 7.209 31.782 6.532
240 2 1 32.649 7.216 31.735 6.580
241 2 1 32.697 7.215 31.838 6.642
242 2 1 32.736 7.231 31.918 6.682
243 2 1 32.689 7.279 31.894 6.753
244 2 1 32.665 7.319 31.854 6.785
245 2 1 32.784 7.413 32.021 6.824
246 2 1 32.769 7.429 32.021 6.800
247 2 1 32.792 7.453 32.045 6.823
248 2 1 32.816 7.492 32.069 6.863
249 2 1 32.824 7.500 32.077 6.871
250 2 1 32.848 7.540 32.101 6.910
251 2 1 32.872 7.563 32.125 6.934
252 2 1 32.896 7.603 32.148 6.973
253 2 1 32.920 7.626 32.172 6.997
254 2 1 32.959 7.666 32.212 7.036
255 2 1 32.983 7.689 32.236 7.060
256 2 1 33.023 7.729 32.276 7.099
257 2 1 33.047 7.768 32.300 7.139
258 2 1 33.087 7.807 32.339 7.178
259 2 1 33.111 7.831 32.363 7.202
260 2 1 33.150 7.870 32.403 7.241
261 2 1 33.158 7.894 32.411 7.265
262 2 1 33.198 7.934 32.451 7.304
263 2 1 33.206 7.957 32.459 7.328
264 2 1 33.230 7.997 32.483 7.368
265 2 1 33.254 8.020 32.506 7.391
266 2 1 33.278 8.060 32.530 7.431
267 2 1 33.333 8.155 32.475 7.494
268 2 1 33.278 8.131 32.530 7.502
269 2 1 33.302 8.171 32.554 7.542
270 2 1 33.326 8.194 32.578 7.565
271 2 1 33.334 8.234 32.586 7.605
272 2 1 33.357 8.273 32.610 7.644
273 2 1 33.365 8.313 32.618 7.684
274 2 1 33.389 8.352 32.642 7.723
275 2 1 33.413 8.408 32.666 7.779
276 2 1 33.437 8.447 32.690 7.818
277 2 1 33.445 8.503 32.698 7.874
278 2 1 33.469 8.526 32.722 7.897
279 2 1 33.461 8.566 32.714 7.937
280 2 1 33.485 8.606 32.738 7.976
281 2 1 33.493 8.645 32.746 8.016
282 2 1 33.501 8.669 32.754 8.040
283 2 1 33.509 8.708 32.762 8.079
284 2 1 33.533 8.732 32.785 8.103
285 2 1 33.525 8.772 32.778 8.143
286 2 1 33.549 8.795 32.801 8.166
287 2 1 33.557 8.835 32.809 8.206
288 2 1 33.565 8.859 32.817 8.230
289 2 1 33.573 8.898 32.825 8.269
290 2 1 33.597 8.906 32.849 8.277
291 2 1 33.589 8.946 32.841 8.317
292 2 1 33.613 8.969 32.865 8.340
293 2 1 33.621 9.009 32.873 8.380
294 2 1 33.645 9.033 32.897 8.404
295 2 1 33.653 9.088 32.905 8.459
296 2 1 33.677 9.112 32.929 8.483
297 2 1 33.700 9.151 32.953 8.522
298 2 1 33.724 9.191 32.977 8.562
299 2 1 33.732 9.230 32.985 8.601
300 2 1 33.772 9.254 33.025 8.625
301 2 1 33.780 9.293 33.033 8.664
302 2 1 33.804 9.317 33.056 8.688
303 2 1 33.812 9.373 33.064 8.743
304 2 1 33.836 9.396 33.088 8.767
305 2 1 33.844 9.436 33.096 8.807
306 2 1 33.868 9.459 33.120 8.830
307 2 1 33.860 9.499 33.112 8.870
308 2 1 33.884 9.523 33.136 8.894
309 2 1 33.892 9.578 33.144 8.949
310 2 1 33.900 9.602 33.152 8.973
311 2 1 33.908 9.642 33.160 9.013
312 2 1 33.916 9.681 33.168 9.052
313 2 1 33.924 9.737 33.176 9.108
314 2 1 33.932 9.776 33.184 9.147
315 2 1 33.924 9.832 33.176 9.203
316 2 1 33.932 9.872 33.184 9.242
317 2 1 33.940 9.927 33.192 9.298
318 2 1 33.948 9.983 33.200 9.353
319 2 1 33.940 10.038 33.193 9.409
320 2 1 34.020 10.260 33.304 9.218
321 2 1 34.004 10.244 33.288 9.218
322 2 1 34.028 10.228 33.288 9.266
323 2 1 34.052 10.220 33.304 9.321
324 2 1 34.044 10.260 33.280 9.480
325 2 1 34.044 10.307 33.233 9.631
326 2 1 34.004 10.276 33.272 9.647
327 2 1 34.012 10.315 33.280 9.686
328 2 1 34.020 10.355 33.288 9.726
329 2 1 34.084 10.505 33.241 9.837
330 2 1 34.020 10.474 33.289 9.845
331 2 1 34.077 10.783 33.297 9.900
332 2 1 34.069 10.839 33.265 9.885
333 2 1 34.061 10.855 33.241 9.869
334 2 1 34.037 10.855 33.217 9.909
335 2 1 34.045 10.879 33.289 9.908
336 2 1 34.037 10.911 33.344 9.924
337 2 1 34.029 10.927 33.329 9.932
338 2 1 34.061 10.942 33.337 9.972
339 2 1 34.069 10.974 33.329 10.035
340 2 1 34.053 11.030 33.305 10.146
341 2 1 34.093 11.061 33.218 10.242
342 2 1 34.117 11.037 33.242 10.338
343 2 1 34.069 11.022 33.234 10.393
344 2 1 34.069 11.093 33.226 10.449
345 2 1 34.117 11.180 33.258 10.647
346 2 1 34.125 11.220 33.258 10.695
347 2 1 34.101 11.284 33.242 10.647
348 2 1 34.054 11.355 33.195 10.616
349 2 1 33.951 11.436 33.107 10.641
350 2 1 33.879 11.476 33.115 10.648
351 2 1 34.046 11.403 33.298 10.838
352 2 1 33.919 11.587 33.203 10.632
353 2 1 33.904 11.603 33.203 10.664
354 2 1 33.904 11.651 33.211 10.719
355 2 1 33.880 11.659 33.139 10.696
356 2 1 33.880 11.722 33.163 10.712
357 2 1 34.007 11.729 33.243 11.076
358 2 1 33.967 11.698 33.267 11.084
359 2 1 33.959 11.738 33.259 11.124
360 2 1 33.952 11.777 33.251 11.164
361 2 1 33.944 11.817 33.243 11.203
362 2 1 33.920 11.857 33.220 11.243
363 2 1 33.928 11.897 33.228 11.283
364 2 1 33.904 11.937 33.204 11.323
365 2 1 33.912 11.961 33.212 11.347
366 2 1 33.873 12.064 33.156 11.482
367 2 1 33.865 12.072 33.164 11.466
368 2 1 33.857 12.104 33.156 11.498
369 2 1 33.849 12.152 33.149 11.546
370 2 1 33.841 12.200 33.141 11.594
371 2 1 33.849 12.231 33.149 11.625
372 2 1 33.825 12.279 33.125 11.673
373 2 1 33.762 12.487 33.061 11.435
374 2 1 33.770 12.502 33.077 11.443
375 2 1 33.817 12.311 33.117 11.705
376 2 1 33.810 12.359 33.109 11.753
377 2 1 33.818 12.407 33.117 11.801
378 2 1 33.794 12.439 33.093 11.833
379 2 1 33.786 12.486 33.085 11.880
380 2 1 33.762 12.518 33.062 11.912
381 2 1 33.770 12.566 33.070 11.960
382 2 1 33.762 12.598 33.062 11.992
383 2 1 33.770 12.630 33.070 12.024
384 2 1 33.762 12.661 33.062 12.056
385 2 1 33.771 12.693 33.070 12.087
386 2 1 33.747 12.725 33.046 12.119
387 2 1 33.755 12.757 33.054 12.151
388 2 1 33.731 12.789 33.030 12.183
389 2 1 33.731 13.036 32.999 12.438
390 2 1 33.715 13.028 33.015 12.430
391 2 1 33.708 13.068 33.007 12.470
392 2 1 33.668 13.108 32.967 12.510
393 2 1 33.660 13.132 32.959 12.534
394 2 1 33.636 13.188 32.936 12.589
395 2 1 33.628 13.212 32.928 12.613
396 2 1 33.636 13.211 32.792 12.392
397 2 1 33.565 13.109 32.864 12.511
398 2 1 33.557 13.133 32.856 12.535
399 2 1 33.557 13.339 32.816 12.758
400 2 1 33.533 13.340 32.832 12.750
401 2 1 33.525 13.372 32.824 12.781
402 2 1 33.517 13.388 32.817 12.797
403 2 1 33.510 13.435 32.809 12.845
404 2 1 33.502 13.467 32.801 12.877
405 2 1 33.478 13.499 32.777 12.909
406 2 1 33.470 13.547 32.769 12.957
407 2 1 33.367 13.851 32.657 12.775
408 2 1 33.454 13.571 32.753 12.981
409 2 1 33.446 13.603 32.745 13.013
410 2 1 33.438 13.635 32.737 13.045
411 2 1 33.430 13.683 32.730 13.093
412 2 1 33.423 13.699 32.722 13.109
413 2 1 33.399 13.763 32.698 13.172
414 2 1 33.335 13.962 32.570 12.903
415 2 1 33.320 14.002 32.586 12.935
416 2 1 33.351 14.018 32.619 13.436
417 2 1 33.312 13.971 32.611 13.380
418 2 1 33.304 14.002 32.603 13.412
419 2 1 33.296 14.034 32.595 13.444
420 2 1 33.272 14.066 32.571 13.476
421 2 1 33.280 14.114 32.579 13.524
422 2 1 33.288 14.241 32.531 13.683
423 2 1 33.256 14.250 32.555 13.667
424 2 1 33.249 14.290 32.547 13.707
425 2 1 33.241 14.329 32.540 13.747
426 2 1 33.233 14.353 32.532 13.771
427 2 1 33.209 14.393 32.508 13.811
428 2 1 33.217 14.433 32.516 13.851
429 2 1 33.233 14.712 32.269 13.527
430 2 1 33.185 14.465 32.484 13.883
431 2 1 33.249 14.751 32.253 13.583
432 2 1 33.138 14.665 32.309 13.670
433 2 1 33.130 14.689 32.317 13.709
434 2 1 33.146 14.737 32.309 13.773
435 2 1 33.145 14.474 32.444 13.891
436 2 1 33.138 14.514 32.436 13.931
437 2 1 33.154 14.744 32.397 14.202
438 2 1 33.122 14.753 32.421 14.178
439 2 1 33.114 14.785 32.413 14.210
440 2 1 33.098 14.896 32.278 14.251
441 2 1 33.043 14.857 32.341 14.283
442 2 1 33.035 14.889 32.333 14.314
443 2 1 33.043 15.088 32.254 14.228
444 2 1 32.995 14.937 32.294 14.363
445 2 1 32.987 14.969 32.286 14.395
446 2 1 33.011 15.256 32.293 14.243
447 2 1 32.980 15.280 32.309 14.187
448 2 1 32.964 15.320 32.309 14.219
449 2 1 32.972 15.280 32.293 14.219
450 2 1 32.956 15.304 32.301 14.259
451 2 1 32.939 14.962 32.238 14.387
452 2 1 32.915 15.010 32.214 14.435
453 2 1 32.892 15.058 32.190 14.483
454 2 1 32.884 15.106 32.182 14.531
455 2 1 32.900 15.488 32.254 14.514
456 2 1 32.852 15.146 32.151 14.571
457 2 1 32.844 15.178 32.143 14.603
458 2 1 32.836 15.226 32.135 14.651
459 2 1 32.877 15.568 32.095 14.954
460 2 1 32.837 15.536 32.135 14.962
461 2 1 32.829 15.568 32.127 14.994
462 2 1 32.821 15.600 32.119 15.026
463 2 1 32.797 15.617 32.095 15.042
464 2 1 32.789 15.648 32.087 15.074
465 2 1 32.765 15.697 32.064 15.122
466 2 1 32.757 15.729 32.056 15.154
467 2 1 32.829 15.863 32.063 14.915
468 2 1 32.766 15.888 32.008 14.923
469 2 1 32.758 15.904 31.992 14.939
470 2 1 32.742 15.952 31.968 14.971
471 2 1 32.726 16.016 31.992 15.051
472 2 1 32.726 16.048 31.952 15.131
0 3 1 32.703 16.830 31.842 15.850
1 3 1 32.727 16.861 31.826 15.834
2 3 1 32.727 16.781 31.825 15.754
3 3 1 32.711 16.750 31.809 15.722
4 3 1 32.711 16.718 31.809 15.691
5 3 1 32.695 16.686 31.793 15.659
6 3 1 32.695 16.670 31.793 15.643
7 3 1 32.846 16.429 31.984 15.465
8 3 1 32.894 16.357 32.080 15.289
9 3 1 32.902 16.333 32.064 15.321
10 3 1 32.902 16.293 32.064 15.281
11 3 1 32.933 16.197 32.096 15.185
12 3 1 32.917 16.181 32.080 15.170
13 3 1 32.917 16.125 32.080 15.114
14 3 1 32.893 16.118 32.056 15.106
15 3 1 32.933 16.014 32.095 15.002
16 3 1 32.933 15.958 32.095 14.946
17 3 1 32.957 15.902 32.119 14.890
18 3 1 32.949 15.846 32.111 14.835
19 3 1 32.965 15.806 32.127 14.795
20 3 1 32.964 15.750 32.127 14.739
21 3 1 32.980 15.694 32.143 14.683
22 3 1 32.996 15.622 32.159 14.611
23 3 1 32.996 15.583 32.159 14.571
24 3 1 32.996 15.543 32.158 14.531
25 3 1 33.012 15.503 32.174 14.491
26 3 1 33.028 15.447 32.190 14.435
27 3 1 33.043 15.391 32.206 14.379
28 3 1 33.043 15.335 32.206 14.324
29 3 1 33.059 15.279 32.222 14.268
30 3 1 33.075 15.223 32.238 14.212
31 3 1 33.091 15.183 32.254 14.172
32 3 1 33.107 15.127 32.269 14.116
33 3 1 33.138 15.071 32.301 14.060
34 3 1 33.154 15.015 32.317 14.004
35 3 1 33.170 14.959 32.333 13.948
36 3 1 33.170 14.904 32.333 13.892
37 3 1 33.170 14.864 32.333 13.853
38 3 1 33.186 14.808 32.349 13.797
39 3 1 33.202 14.768 32.364 13.757
40 3 1 33.202 14.712 32.364 13.701
41 3 1 33.217 14.656 32.380 13.645
42 3 1 33.233 14.600 32.396 13.589
43 3 1 33.233 14.560 32.396 13.549
44 3 1 33.249 14.505 32.412 13.494
45 3 1 33.265 14.449 32.428 13.438
46 3 1 33.281 14.393 32.443 13.382
47 3 1 33.280 14.353 32.443 13.342
48 3 1 33.296 14.297 32.459 13.286
49 3 1 33.312 14.241 32.475 13.230
50 3 1 33.328 14.185 32.491 13.174
51 3 1 33.344 14.145 32.507 13.134
52 3 1 33.344 14.090 32.507 13.079
53 3 1 33.375 14.049 32.538 13.039
54 3 1 33.391 14.010 32.554 12.999
55 3 1 33.407 13.954 32.570 12.943
56 3 1 33.423 13.898 32.586 12.887
57 3 1 33.439 13.858 32.602 12.847
58 3 1 33.454 13.802 32.618 12.791
59 3 1 33.454 13.762 32.618 12.751
60 3 1 33.470 13.706 32.633 12.696
61 3 1 33.486 13.682 32.649 12.672
62 3 1 33.502 13.626 32.665 12.616
63 3 1 33.518 13.587 32.681 12.576
64 3 1 33.534 13.531 32.697 12.520
65 3 1 33.549 13.507 32.713 12.496
66 3 1 33.549 13.467 32.713 12.456
67 3 1 33.565 13.427 32.728 12.416
68 3 1 33.581 13.371 32.744 12.361
69 3 1 33.597 13.315 32.760 12.305
71 3 1 33.589 13.307 32.752 12.297
72 3 1 33.636 13.052 32.807 12.010
73 3 1 33.636 13.044 32.807 12.034
74 3 1 33.644 13.005 32.815 11.994
75 3 1 33.652 12.965 32.823 11.954
76 3 1 33.676 12.909 32.847 11.898
77 3 1 33.667 12.869 32.839 11.859
78 3 1 33.691 12.829 32.863 11.819
79 3 1 33.699 12.789 32.871 11.779
80 3 1 33.707 12.734 32.879 11.723
81 3 1 33.715 12.678 32.886 11.667
82 3 1 33.723 12.590 32.894 11.580
83 3 1 33.730 12.550 32.902 11.540
84 3 1 33.738 12.511 32.910 11.500
85 3 1 33.746 12.471 32.918 11.461
86 3 1 33.786 12.431 32.958 11.420
87 3 1 33.794 12.391 32.965 11.381
88 3 1 33.802 12.335 32.973 11.325
89 3 1 33.794 12.295 32.965 11.285
90 3 1 33.801 12.256 32.973 11.245
91 3 1 33.809 12.216 32.981 11.206
92 3 1 33.817 12.160 32.989 11.150
93 3 1 33.825 12.120 32.997 11.110
94 3 1 33.849 12.080 33.021 11.070
95 3 1 33.857 12.041 33.028 11.030
96 3 1 33.880 11.985 33.052 10.975
97 3 1 33.848 11.898 32.933 11.103
98 3 1 33.848 11.818 32.933 11.095
99 3 1 33.801 11.946 32.973 10.975
100 3 1 34.015 11.825 33.195 10.838
101 3 1 34.007 11.817 33.187 10.846
102 3 1 34.023 11.769 33.203 10.799
103 3 1 34.039 11.721 33.219 10.751
104 3 1 34.023 11.689 33.203 10.719
105 3 1 34.039 11.642 33.219 10.671
106 3 1 33.991 11.563 33.306 10.385
107 3 1 34.046 11.467 33.234 10.489
108 3 1 34.054 11.427 33.242 10.449
109 3 1 34.062 11.403 33.250 10.425
110 3 1 34.054 11.348 33.242 10.369
111 3 1 34.062 11.308 33.250 10.330
112 3 1 34.070 11.252 33.258 10.274
113 3 1 34.093 11.212 33.281 10.234
114 3 1 34.085 11.157 33.273 10.179
115 3 1 34.093 11.117 33.281 10.139
116 3 1 34.085 11.093 33.273 10.115
117 3 1 34.093 11.069 33.281 10.091
118 3 1 34.077 10.855 33.321 10.202
120 3 1 34.053 10.831 33.337 10.043
121 3 1 34.093 10.910 33.297 9.964
122 3 1 34.101 10.886 33.305 9.940
123 3 1 34.093 10.863 33.297 9.916
124 3 1 34.101 10.823 33.305 9.877
125 3 1 34.108 10.799 33.313 9.853
126 3 1 34.132 10.759 33.336 9.813
127 3 1 34.124 10.735 33.328 9.789
128 3 1 34.148 10.711 33.352 9.765
129 3 1 34.156 10.687 33.360 9.741
130 3 1 34.164 10.648 33.368 9.701
131 3 1 34.172 10.624 33.376 9.678
132 3 1 34.195 10.584 33.400 9.638
133 3 1 34.203 10.544 33.407 9.598
134 3 1 34.227 10.488 33.431 9.542
135 3 1 34.251 10.448 33.455 9.502
136 3 1 34.274 10.393 33.479 9.447
137 3 1 34.282 10.369 33.487 9.423
138 3 1 34.306 10.329 33.510 9.383
139 3 1 34.298 10.321 33.502 9.375
140 3 1 34.306 10.281 33.510 9.335
141 3 1 34.314 10.257 33.518 9.311
142 3 1 34.322 10.218 33.526 9.272
143 3 1 34.330 10.194 33.534 9.248
144 3 1 34.337 10.170 33.542 9.224
145 3 1 34.329 10.146 33.534 9.200
146 3 1 34.337 10.106 33.542 9.160
147 3 1 34.345 10.083 33.550 9.137
148 3 1 34.353 10.043 33.557 9.097
149 3 1 34.361 10.003 33.565 9.057
150 3 1 34.369 9.963 33.573 9.017
151 3 1 34.361 9.940 33.565 8.994
152 3 1 34.384 9.900 33.589 8.954
153 3 1 34.392 9.876 33.597 8.930
154 3 1 34.384 9.852 33.589 8.906
155 3 1 34.376 9.828 33.581 8.882
156 3 1 34.384 9.789 33.589 8.843
157 3 1 34.376 9.765 33.581 8.819
158 3 1 34.384 9.741 33.589 8.795
159 3 1 34.376 9.717 33.581 8.771
160 3 1 34.384 9.678 33.589 8.732
161 3 1 34.376 9.638 33.580 8.692
162 3 1 34.384 9.598 33.588 8.652
163 3 1 34.376 9.575 33.580 8.629
164 3 1 34.384 9.535 33.588 8.589
165 3 1 34.376 9.495 33.580 8.549
166 3 1 34.384 9.455 33.588 8.510
167 3 1 34.376 9.416 33.580 8.470
168 3 1 34.368 9.376 33.572 8.430
169 3 1 34.360 9.337 33.564 8.391
170 3 1 34.367 9.297 33.572 8.351
171 3 1 34.359 9.257 33.564 8.312
172 3 1 34.367 9.218 33.572 8.272
173 3 1 34.359 9.194 33.564 8.248
174 3 1 34.367 9.138 33.572 8.193
175 3 1 34.359 9.115 33.564 8.169
176 3 1 34.367 9.075 33.572 8.129
177 3 1 34.375 9.051 33.579 8.105
178 3 1 34.383 9.011 33.587 8.066
179 3 1 34.391 8.987 33.595 8.042
180 3 1 34.398 8.932 33.603 7.986
181 3 1 34.390 8.908 33.595 7.962
182 3 1 34.398 8.868 33.603 7.923
183 3 1 34.390 8.829 33.595 7.883
184 3 1 34.398 8.773 33.603 7.828
185 3 1 34.390 8.734 33.595 7.788
186 3 1 34.398 8.678 33.603 7.732
187 3 1 34.390 8.639 33.595 7.693
188 3 1 34.398 8.599 33.602 7.653
189 3 1 34.390 8.575 33.594 7.629
190 3 1 34.398 8.535 33.602 7.590
191 3 1 34.390 8.512 33.594 7.566
193 3 1 34.382 8.504 33.586 7.558
194 3 1 34.374 8.480 33.578 7.534
195 3 1 34.382 8.456 33.586 7.511
196 3 1 34.389 8.432 33.594 7.487
197 3 1 34.397 8.377 33.602 7.431
198 3 1 34.389 8.321 33.594 7.376
199 3 1 34.397 8.250 33.602 7.304
200 3 1 34.389 8.179 33.594 7.233
201 3 1 34.413 8.123 33.617 7.178
202 3 1 34.420 8.099 33.625 7.154
203 3 1 34.460 8.075 33.665 7.130
204 3 1 34.468 8.035 33.673 7.090
205 3 1 34.610 7.718 33.720 6.884
207 3 1 34.563 7.773 33.768 6.844
208 3 1 34.570 7.734 33.775 6.804
209 3 1 34.562 7.726 33.767 6.796
210 3 1 34.570 7.702 33.775 6.772
211 3 1 34.562 7.678 33.767 6.749
212 3 1 34.554 7.670 33.759 6.741
213 3 1 34.546 7.663 33.751 6.733
214 3 1 34.554 7.639 33.759 6.709
215 3 1 34.577 7.345 33.735 6.393
216 3 1 34.578 7.377 33.783 6.424
217 3 1 34.570 7.361 33.775 6.432
218 3 1 34.545 7.163 33.783 6.353
219 3 1 34.561 7.108 33.791 6.392
220 3 1 34.601 7.028 33.846 6.360
221 3 1 34.608 6.870 33.862 6.281
222 3 1 34.608 6.775 33.861 6.130
223 3 1 34.600 6.759 33.869 6.067
224 3 1 34.584 6.775 33.845 6.075
225 3 1 34.537 6.760 33.845 5.925
226 3 1 34.521 6.736 33.884 5.734
227 3 1 34.513 6.728 33.884 5.663
228 3 1 34.505 6.696 33.876 5.632
229 3 1 34.513 6.688 33.876 5.616
230 3 1 34.497 6.673 33.868 5.616
231 3 1 34.528 6.570 33.837 5.711
232 3 1 34.528 6.522 33.837 5.664
233 3 1 34.528 6.443 33.837 5.584
234 3 1 34.528 6.395 33.836 5.537
235 3 1 34.528 6.332 33.836 5.474
236 3 1 34.528 6.285 33.836 5.426
237 3 1 34.528 6.237 33.836 5.379
238 3 1 34.543 6.174 33.852 5.315
239 3 1 34.559 6.126 33.868 5.268
240 3 1 34.559 6.094 33.868 5.236
241 3 1 34.559 6.047 33.868 5.189
242 3 1 34.559 5.984 33.867 5.125
243 3 1 34.559 5.936 33.867 5.078
244 3 1 34.543 5.889 33.851 5.030
245 3 1 34.527 5.826 33.835 4.967
246 3 1 34.511 5.778 33.819 4.920
247 3 1 34.495 5.731 33.804 4.872
248 3 1 34.479 5.668 33.788 4.809
249 3 1 34.463 5.604 33.772 4.746
250 3 1 34.447 5.541 33.756 4.683
251 3 1 34.431 5.478 33.740 4.620
252 3 1 34.415 5.446 33.724 4.588
253 3 1 34.399 5.415 33.708 4.557
254 3 1 34.383 5.352 33.692 4.493
255 3 1 34.367 5.320 33.676 4.462
256 3 1 34.351 5.273 33.660 4.414
257 3 1 34.351 5.241 33.660 4.383
258 3 1 34.335 5.194 33.644 4.335
259 3 1 34.335 5.130 33.644 4.272
260 3 1 34.335 5.083 33.644 4.225
261 3 1 34.319 5.051 33.628 4.193
262 3 1 34.319 4.988 33.628 4.130
263 3 1 34.382 4.671 33.619 3.909
264 3 1 34.342 4.719 33.651 3.869
265 3 1 34.342 4.664 33.651 3.813
266 3 1 34.326 4.608 33.635 3.758
267 3 1 34.342 4.569 33.651 3.719
268 3 1 34.310 4.529 33.619 3.679
269 3 1 34.310 4.490 33.619 3.640
270 3 1 34.310 4.419 33.619 3.569
271 3 1 34.310 4.379 33.619 3.529
272 3 1 34.310 4.340 33.619 3.490
273 3 1 34.294 4.300 33.603 3.450
274 3 1 34.294 4.245 33.603 3.395
275 3 1 34.278 4.205 33.587 3.355
276 3 1 34.246 4.150 33.555 3.300
277 3 1 34.230 4.095 33.539 3.245
278 3 1 34.230 4.040 33.539 3.190
279 3 1 34.214 4.000 33.523 3.150
280 3 1 34.182 3.945 33.491 3.095
281 3 1 34.166 3.890 33.475 3.040
282 3 1 34.166 3.834 33.475 2.984
283 3 1 34.150 3.795 33.459 2.945
284 3 1 34.134 3.756 33.443 2.906
285 3 1 34.134 3.732 33.443 2.882
286 3 1 34.118 3.692 33.427 2.842
287 3 1 34.102 3.637 33.411 2.787
288 3 1 34.102 3.598 33.411 2.748
289 3 1 34.086 3.558 33.395 2.708
290 3 1 34.070 3.503 33.379 2.653
291 3 1 34.070 3.463 33.379 2.613
292 3 1 34.070 3.424 33.379 2.574
293 3 1 34.054 3.385 33.363 2.535
294 3 1 34.038 3.329 33.347 2.479
295 3 1 34.038 3.290 33.347 2.440
296 3 1 34.038 3.234 33.347 2.385
297 3 1 34.038 3.195 33.347 2.345
298 3 1 34.022 3.140 33.331 2.290
299 3 1 34.006 3.100 33.315 2.250
300 3 1 34.022 3.061 33.331 2.211
301 3 1 34.006 3.021 33.315 2.171
302 3 1 34.006 2.982 33.315 2.132
303 3 1 34.006 2.942 33.315 2.092
304 3 1 34.006 2.887 33.315 2.037
305 3 1 34.006 2.863 33.315 2.013
306 3 1 34.006 2.824 33.315 1.974
307 3 1 33.990 2.800 33.299 1.950
308 3 1 33.974 2.761 33.283 1.911
309 3 1 33.974 2.737 33.283 1.887
310 3 1 33.974 2.698 33.283 1.848
311 3 1 33.958 2.674 33.267 1.824
312 3 1 33.926 2.619 33.235 1.769
313 3 1 33.910 2.579 33.219 1.730
314 3 1 33.910 2.540 33.219 1.690
315 3 1 33.894 2.500 33.203 1.651
316 3 1 33.862 2.461 33.172 1.611
317 3 1 33.862 2.437 33.172 1.588
318 3 1 33.862 2.414 33.172 1.564
319 3 1 33.846 2.406 33.156 1.556
320 3 1 33.846 2.366 33.156 1.517
321 3 1 33.830 2.343 33.140 1.493
322 3 1 33.815 2.319 33.124 1.469
323 3 1 33.830 2.295 33.140 1.446
324 3 1 33.814 2.256 33.124 1.406
325 3 1 33.814 2.232 33.124 1.382
326 3 1 33.814 2.193 33.124 1.343
327 3 1 33.814 2.153 33.124 1.304
328 3 1 33.798 2.130 33.108 1.280
329 3 1 33.783 2.106 33.092 1.256
330 3 1 33.782 2.067 33.092 1.217
331 3 1 33.782 2.043 33.092 1.193
332 3 1 33.782 2.019 33.092 1.169
333 3 1 33.782 2.011 33.092 1.162
334 3 1 33.782 1.972 33.092 1.122
335 3 1 33.782 1.964 33.092 1.114
336 3 1 33.782 1.940 33.092 1.091
337 3 1 33.798 1.932 33.107 1.083
338 3 1 33.782 1.924 33.092 1.075
339 3 1 33.798 1.916 33.107 1.067
340 3 1 33.798 1.893 33.107 1.043
341 3 1 33.798 1.901 33.107 1.051
342 3 1 33.798 1.893 33.107 1.043
343 3 1 33.798 1.901 33.107 1.051
344 3 1 33.814 1.893 33.123 1.043
345 3 1 33.830 1.901 33.139 1.051
346 3 1 33.830 1.893 33.139 1.043
347 3 1 33.830 1.885 33.139 1.035
348 3 1 33.830 1.877 33.139 1.027
349 3 1 33.845 1.885 33.155 1.035
350 3 1 33.861 1.877 33.171 1.027
351 3 1 33.861 1.885 33.171 1.035
352 3 1 33.877 1.877 33.187 1.027
353 3 1 33.893 1.869 33.202 1.019
354 3 1 33.893 1.861 33.202 1.011
355 3 1 33.909 1.869 33.218 1.019
356 3 1 33.925 1.861 33.234 1.011
357 3 1 33.925 1.869 33.234 1.019
358 3 1 33.940 1.861 33.250 1.011
359 3 1 33.956 1.868 33.266 1.019
360 3 1 33.956 1.861 33.266 1.011
361 3 1 33.972 1.853 33.282 1.003
362 3 1 33.988 1.845 33.297 0.995
363 3 1 33.988 1.852 33.297 1.003
364 3 1 33.988 1.845 33.297 0.995
365 3 1 33.988 1.852 33.297 1.003
366 3 1 33.988 1.845 33.297 0.995
367 3 1 33.988 1.852 33.297 1.003
368 3 1 34.004 1.845 33.313 0.995
369 3 1 34.004 1.852 33.313 1.003
370 3 1 34.004 1.845 33.313 0.995
371 3 1 34.004 1.837 33.313 0.987
372 3 1 34.004 1.829 33.313 0.979
373 3 1 34.004 1.837 33.313 0.987
374 3 1 34.004 1.829 33.313 0.979
375 3 1 34.020 1.837 33.329 0.987
376 3 1 34.004 1.829 33.313 0.979
377 3 1 34.020 1.837 33.329 0.987
378 3 1 34.004 1.829 33.313 0.979
379 3 1 34.020 1.837 33.329 0.987
380 3 1 34.004 1.829 33.313 0.979
381 3 1 34.020 1.837 33.329 0.987
382 3 1 34.020 1.829 33.329 0.979
383 3 1 34.020 1.821 33.329 0.971
384 3 1 34.004 1.813 33.313 0.963
385 3 1 34.020 1.821 33.329 0.971
386 3 1 34.004 1.813 33.313 0.963
387 3 1 34.020 1.821 33.329 0.971
388 3 1 34.004 1.813 33.313 0.963
389 3 1 34.020 1.821 33.329 0.971
390 3 1 34.004 1.797 33.313 0.948
391 3 1 34.004 1.805 33.313 0.955
392 3 1 34.004 1.797 33.313 0.948
393 3 1 34.004 1.789 33.313 0.940
394 3 1 34.004 1.781 33.313 0.932
395 3 1 34.004 1.789 33.313 0.940
396 3 1 34.004 1.781 33.313 0.932
397 3 1 34.004 1.789 33.313 0.940
398 3 1 34.004 1.781 33.313 0.932
399 3 1 34.004 1.789 33.313 0.940
400 3 1 34.004 1.781 33.313 0.932
401 3 1 34.004 1.789 33.313 0.940
402 3 1 34.004 1.781 33.313 0.932
403 3 1 34.004 1.789 33.313 0.940
404 3 1 34.004 1.781 33.313 0.932
405 3 1 33.988 1.789 33.297 0.940
406 3 1 33.972 1.797 33.281 0.948
407 3 1 33.972 1.805 33.281 0.956
408 3 1 33.972 1.797 33.281 0.948
409 3 1 33.972 1.805 33.281 0.956
410 3 1 33.972 1.797 33.281 0.948
411 3 1 33.972 1.805 33.281 0.956
412 3 1 33.972 1.797 33.281 0.948
413 3 1 33.972 1.805 33.281 0.956
414 3 1 33.972 1.797 33.281 0.948
415 3 1 33.972 1.805 33.281 0.956
416 3 1 33.956 1.797 33.266 0.948
417 3 1 33.940 1.805 33.250 0.956
418 3 1 33.956 1.797 33.266 0.948
419 3 1 33.940 1.805 33.250 0.956
420 3 1 33.956 1.797 33.266 0.948
421 3 1 33.940 1.805 33.250 0.956
422 3 1 33.956 1.797 33.266 0.948
423 3 1 33.940 1.805 33.250 0.956
424 3 1 33.956 1.797 33.266 0.948
425 3 1 33.940 1.805 33.250 0.956
426 3 1 33.956 1.797 33.266 0.948
427 3 1 33.940 1.790 33.250 0.940
428 3 1 33.956 1.782 33.266 0.932
429 3 1 33.940 1.790 33.250 0.940
430 3 1 33.956 1.782 33.266 0.932
431 3 1 33.940 1.790 33.250 0.940
432 3 1 33.956 1.782 33.266 0.932
433 3 1 33.940 1.790 33.250 0.940
434 3 1 33.956 1.782 33.266 0.932
435 3 1 33.940 1.790 33.250 0.940
436 3 1 33.956 1.782 33.266 0.932
437 3 1 33.940 1.790 33.250 0.940
438 3 1 33.940 1.782 33.250 0.932
439 3 1 33.940 1.790 33.250 0.940
440 3 1 33.940 1.782 33.250 0.932
441 3 1 33.940 1.790 33.250 0.940
442 3 1 33.940 1.782 33.250 0.932
443 3 1 33.940 1.790 33.250 0.940
444 3 1 33.940 1.782 33.250 0.932
445 3 1 33.940 1.790 33.250 0.940
446 3 1 33.940 1.782 33.250 0.932
447 3 1 33.940 1.774 33.250 0.924
448 3 1 33.940 1.766 33.250 0.916
449 3 1 33.940 1.774 33.250 0.924
450 3 1 33.940 1.766 33.250 0.916
451 3 1 33.940 1.774 33.250 0.924
452 3 1 33.940 1.766 33.250 0.916
453 3 1 33.940 1.774 33.250 0.924
454 3 1 33.940 1.766 33.250 0.916
455 3 1 33.940 1.774 33.250 0.924
456 3 1 33.940 1.766 33.250 0.916
457 3 1 33.940 1.774 33.250 0.924
458 3 1 33.940 1.766 33.250 0.916
459 3 1 33.940 1.774 33.250 0.924
460 3 1 33.940 1.766 33.250 0.916
461 3 1 33.940 1.758 33.250 0.908
462 3 1 33.940 1.750 33.250 0.900
463 3 1 33.940 1.758 33.250 0.908
464 3 1 33.940 1.750 33.250 0.900
465 3 1 33.940 1.758 33.250 0.908
466 3 1 33.940 1.750 33.250 0.900
467 3 1 33.940 1.758 33.250 0.908
468 3 1 33.940 1.750 33.250 0.900
469 3 1 33.940 1.758 33.250 0.908
470 3 1 33.940 1.750 33.250 0.900
471 3 1 33.940 1.758 33.250 0.908
472 3 1 33.940 1.750 33.250 0.900
0 4 1 30.264 17.991 29.561 17.183
1 4 1 30.288 18.014 29.553 17.167
2 4 1 30.280 17.974 29.545 17.128
3 4 1 30.288 17.950 29.553 17.104
4 4 1 30.304 17.902 29.569 17.055
5 4 1 30.296 17.846 29.561 17.000
6 4 1 30.304 17.822 29.569 16.976
7 4 1 30.304 17.774 29.569 16.928
8 4 1 30.296 17.742 29.561 16.896
9 4 1 30.304 17.678 29.569 16.832
10 4 1 30.304 17.630 29.569 16.784
11 4 1 30.352 17.630 29.616 16.783
12 4 1 30.320 17.534 29.584 16.688
13 4 1 30.320 17.471 29.584 16.624
14 4 1 30.296 17.415 29.560 16.568
15 4 1 30.320 17.375 29.584 16.528
16 4 1 30.319 17.327 29.584 16.480
17 4 1 30.335 17.279 29.600 16.432
18 4 1 30.335 17.231 29.600 16.384
19 4 1 30.351 17.183 29.616 16.336
20 4 1 30.359 17.135 29.624 16.288
21 4 1 30.383 17.086 29.648 16.240
22 4 1 30.383 17.039 29.648 16.192
23 4 1 30.399 16.990 29.664 16.144
24 4 1 30.399 16.943 29.664 16.096
25 4 1 30.399 16.895 29.664 16.048
26 4 1 30.391 16.847 29.656 16.000
27 4 1 30.415 16.783 29.680 15.936
28 4 1 30.415 16.735 29.680 15.888
29 4 1 30.415 16.671 29.680 15.824
30 4 1 30.415 16.623 29.680 15.777
31 4 1 30.415 16.559 29.680 15.713
32 4 1 30.407 16.495 29.672 15.649
33 4 1 30.415 16.447 29.680 15.601
34 4 1 30.415 16.399 29.680 15.553
35 4 1 30.423 16.351 29.688 15.505
36 4 1 30.430 16.303 29.696 15.457
37 4 1 30.430 16.256 29.696 15.409
38 4 1 30.430 16.208 29.696 15.361
39 4 1 30.430 16.160 29.696 15.314
40 4 1 30.446 16.112 29.712 15.266
41 4 1 30.438 16.048 29.703 15.202
42 4 1 30.446 16.000 29.711 15.154
43 4 1 30.446 15.952 29.711 15.106
44 4 1 30.446 15.888 29.711 15.042
45 4 1 30.446 15.824 29.711 14.978
46 4 1 30.446 15.777 29.711 14.930
47 4 1 30.454 15.729 29.719 14.882
48 4 1 30.462 15.681 29.727 14.835
49 4 1 30.462 15.633 29.727 14.787
50 4 1 30.462 15.569 29.727 14.723
51 4 1 30.462 15.505 29.727 14.659
52 4 1 30.478 15.457 29.743 14.611
53 4 1 30.470 15.409 29.735 14.563
54 4 1 30.478 15.361 29.743 14.515
55 4 1 30.478 15.298 29.743 14.452
56 4 1 30.486 15.250 29.751 14.404
57 4 1 30.493 15.202 29.759 14.356
58 4 1 30.493 15.138 29.759 14.292
59 4 1 30.493 15.090 29.759 14.244
60 4 1 30.493 15.026 29.759 14.180
61 4 1 30.477 14.963 29.743 14.117
62 4 1 30.469 14.915 29.735 14.069
63 4 1 30.477 14.867 29.743 14.021
64 4 1 30.477 14.819 29.743 13.973
65 4 1 30.477 14.755 29.743 13.909
66 4 1 30.477 14.707 29.743 13.862
67 4 1 30.477 14.660 29.743 13.814
68 4 1 30.469 14.612 29.735 13.766
69 4 1 30.493 14.564 29.759 13.718
70 4 1 30.485 14.516 29.751 13.670
71 4 1 30.493 14.468 29.758 13.622
72 4 1 30.477 14.420 29.743 13.575
73 4 1 30.477 14.373 29.742 13.527
74 4 1 30.469 14.325 29.734 13.479
75 4 1 30.477 14.261 29.742 13.415
76 4 1 30.469 14.197 29.734 13.351
77 4 1 30.477 14.149 29.742 13.304
78 4 1 30.477 14.102 29.742 13.256
79 4 1 30.477 14.038 29.742 13.192
80 4 1 30.469 13.990 29.734 13.144
81 4 1 30.476 13.942 29.742 13.096
82 4 1 30.468 13.894 29.734 13.049
83 4 1 30.484 13.830 29.750 12.985
84 4 1 30.508 13.767 29.774 12.921
85 4 1 30.516 13.703 29.782 12.857
86 4 1 30.524 13.655 29.790 12.809
87 4 1 30.524 13.591 29.790 12.745
88 4 1 30.524 13.543 29.790 12.698
89 4 1 30.516 13.496 29.782 12.650
90 4 1 30.524 13.448 29.790 12.602
91 4 1 30.516 13.384 29.782 12.538
92 4 1 30.524 13.336 29.790 12.491
93 4 1 30.524 13.288 29.790 12.443
94 4 1 30.524 13.225 29.790 12.379
95 4 1 30.516 13.161 29.782 12.315
96 4 1 30.524 13.113 29.790 12.268
97 4 1 30.516 13.081 29.782 12.236
98 4 1 30.532 13.033 29.806 12.196
100 4 1 30.524 13.025 29.798 12.188
101 4 1 30.524 12.986 29.798 12.148
102 4 1 30.524 12.930 29.798 12.092
103 4 1 30.539 12.874 29.813 12.036
104 4 1 30.555 12.818 29.829 11.981
105 4 1 30.539 12.778 29.813 11.941
106 4 1 30.555 12.707 29.829 11.869
107 4 1 30.539 12.667 29.813 11.829
108 4 1 30.539 12.627 29.813 11.790
110 4 1 30.579 12.332 29.845 11.511
111 4 1 30.571 12.340 29.845 11.511
112 4 1 30.571 12.292 29.845 11.463
113 4 1 30.587 12.245 29.861 11.415
114 4 1 30.571 12.197 29.845 11.368
115 4 1 30.587 12.149 29.861 11.320
116 4 1 30.571 12.085 29.845 11.256
118 4 1 30.563 12.078 29.837 11.248
119 4 1 30.618 11.791 29.829 11.018
120 4 1 30.586 11.815 29.853 11.001
121 4 1 30.578 11.767 29.845 10.954
122 4 1 30.586 11.735 29.853 10.922
123 4 1 30.578 11.687 29.845 10.874
124 4 1 30.570 11.624 29.837 10.811
125 4 1 30.562 11.576 29.829 10.763
126 4 1 30.570 11.528 29.837 10.715
127 4 1 30.562 11.465 29.829 10.652
128 4 1 30.491 11.617 29.829 10.660
129 4 1 30.522 11.537 29.797 10.715
130 4 1 30.482 11.410 29.821 10.564
131 4 1 30.514 11.314 29.892 10.452
132 4 1 30.522 11.258 29.852 10.437
133 4 1 30.538 11.258 29.836 10.437
134 4 1 30.546 11.218 29.844 10.397
135 4 1 30.554 11.179 29.852 10.357
136 4 1 30.546 11.123 29.844 10.301
137 4 1 30.538 11.083 29.836 10.262
138 4 1 30.530 11.028 29.828 10.206
139 4 1 30.522 10.988 29.820 10.166
140 4 1 30.514 10.932 29.812 10.111
141 4 1 30.506 10.893 29.804 10.071
142 4 1 30.498 10.821 29.796 10.000
143 4 1 30.506 10.765 29.804 9.944
144 4 1 30.498 10.710 29.796 9.888
145 4 1 30.569 10.447 29.764 9.618
146 4 1 30.522 10.447 29.812 9.626
147 4 1 30.522 10.407 29.812 9.586
148 4 1 30.521 10.368 29.812 9.546
149 4 1 30.521 10.312 29.812 9.491
150 4 1 30.505 10.272 29.796 9.451
151 4 1 30.505 10.217 29.796 9.395
152 4 1 30.489 10.177 29.780 9.356
153 4 1 30.489 10.121 29.780 9.300
154 4 1 30.489 10.066 29.780 9.245
155 4 1 30.473 10.010 29.764 9.189
157 4 1 30.465 10.002 29.756 9.181
158 4 1 30.465 9.947 29.756 9.126
159 4 1 30.449 9.907 29.740 9.086
160 4 1 30.465 9.851 29.756 9.030
161 4 1 30.433 9.796 29.724 8.975
162 4 1 30.433 9.740 29.724 8.919
163 4 1 30.433 9.701 29.724 8.879
164 4 1 30.433 9.645 29.724 8.824
165 4 1 30.433 9.589 29.724 8.768
166 4 1 30.433 9.534 29.724 8.713
167 4 1 30.433 9.510 29.724 8.689
168 4 1 30.433 9.454 29.724 8.633
169 4 1 30.417 9.415 29.708 8.594
170 4 1 30.417 9.359 29.708 8.538
171 4 1 30.401 9.319 29.692 8.498
172 4 1 30.369 9.264 29.660 8.443
173 4 1 30.369 9.224 29.660 8.403
174 4 1 30.353 9.169 29.644 8.348
175 4 1 30.369 9.113 29.660 8.292
176 4 1 30.353 9.057 29.644 8.237
177 4 1 30.369 9.018 29.660 8.197
178 4 1 30.353 8.962 29.644 8.141
179 4 1 30.353 8.938 29.644 8.117
180 4 1 30.353 8.914 29.644 8.094
181 4 1 30.337 8.875 29.628 8.054
183 4 1 30.329 8.867 29.620 8.046
184 4 1 30.401 8.517 29.636 7.697
185 4 1 30.369 8.525 29.660 7.704
186 4 1 30.369 8.470 29.660 7.649
187 4 1 30.369 8.430 29.660 7.609
188 4 1 30.369 8.390 29.660 7.569
189 4 1 30.369 8.350 29.660 7.530
190 4 1 30.369 8.295 29.660 7.474
192 4 1 30.361 8.287 29.652 7.466
193 4 1 30.361 8.247 29.652 7.427
194 4 1 30.345 8.208 29.636 7.387
195 4 1 30.345 8.152 29.636 7.331
196 4 1 30.345 8.128 29.636 7.308
197 4 1 30.345 8.073 29.636 7.252
198 4 1 30.345 8.049 29.636 7.228
199 4 1 30.345 8.009 29.636 7.188
200 4 1 30.360 7.969 29.651 7.149
201 4 1 30.360 7.930 29.651 7.109
202 4 1 30.360 7.906 29.651 7.085
204 4 1 30.352 7.898 29.643 7.077
205 4 1 30.352 7.866 29.643 7.046
206 4 1 30.416 7.405 29.659 6.625
207 4 1 30.392 7.429 29.683 6.617
208 4 1 30.400 7.382 29.691 6.569
209 4 1 30.392 7.366 29.683 6.553
210 4 1 30.408 7.318 29.699 6.506
211 4 1 30.408 7.286 29.699 6.474
212 4 1 30.408 7.239 29.699 6.426
213 4 1 30.408 7.207 29.699 6.395
214 4 1 30.423 7.167 29.683 6.307
215 4 1 30.408 7.144 29.699 6.331
216 4 1 30.423 7.112 29.715 6.299
217 4 1 30.439 7.064 29.731 6.252
218 4 1 30.455 7.032 29.746 6.220
219 4 1 30.471 7.000 29.762 6.188
220 4 1 30.471 6.953 29.762 6.140
221 4 1 30.471 6.905 29.762 6.093
222 4 1 30.471 6.873 29.762 6.061
223 4 1 30.471 6.842 29.762 6.029
224 4 1 30.479 6.707 29.754 5.902
225 4 1 30.471 6.707 29.762 5.902
226 4 1 30.471 6.651 29.762 5.847
227 4 1 30.487 6.612 29.778 5.807
228 4 1 30.487 6.556 29.778 5.752
229 4 1 30.502 6.516 29.794 5.712
230 4 1 30.502 6.461 29.794 5.656
231 4 1 30.502 6.437 29.794 5.633
232 4 1 30.518 6.397 29.810 5.593
233 4 1 30.534 6.358 29.826 5.553
234 4 1 30.566 6.302 29.857 5.497
235 4 1 30.582 6.278 29.873 5.474
237 4 1 30.574 6.270 29.865 5.466
238 4 1 30.574 6.238 29.865 5.434
239 4 1 30.590 6.191 29.881 5.386
240 4 1 30.574 6.151 29.865 5.347
241 4 1 30.606 6.111 29.897 5.307
242 4 1 30.621 6.072 29.913 5.267
243 4 1 30.621 6.016 29.913 5.212
244 4 1 30.637 5.976 29.929 5.172
245 4 1 30.653 5.921 29.945 5.116
246 4 1 30.653 5.881 29.945 5.077
247 4 1 30.669 5.825 29.961 5.021
248 4 1 30.701 5.786 29.992 4.981
249 4 1 30.717 5.730 30.008 4.926
250 4 1 30.732 5.690 30.024 4.886
251 4 1 30.748 5.651 30.040 4.846
253 4 1 30.740 5.643 30.032 4.839
254 4 1 30.740 5.603 30.032 4.799
255 4 1 30.764 5.413 30.040 4.585
256 4 1 30.756 5.405 30.048 4.601
257 4 1 30.772 5.365 30.064 4.561
258 4 1 30.772 5.326 30.064 4.521
259 4 1 30.772 5.270 30.064 4.466
260 4 1 30.788 5.230 30.079 4.426
261 4 1 30.788 5.175 30.079 4.371
262 4 1 30.803 5.135 30.095 4.331
263 4 1 30.819 5.080 30.111 4.276
264 4 1 30.819 5.040 30.111 4.236
265 4 1 30.819 4.985 30.111 4.181
266 4 1 30.835 4.945 30.127 4.141
267 4 1 30.835 4.905 30.127 4.101
268 4 1 30.851 4.866 30.143 4.062
269 4 1 30.851 4.826 30.143 4.022
270 4 1 30.851 4.786 30.143 3.982
271 4 1 30.835 4.731 30.127 3.927
272 4 1 30.819 4.707 30.111 3.903
273 4 1 30.803 4.652 30.095 3.848
274 4 1 30.803 4.612 30.095 3.808
275 4 1 30.803 4.573 30.095 3.769
276 4 1 30.803 4.533 30.095 3.729
277 4 1 30.803 4.478 30.095 3.674
278 4 1 30.803 4.438 30.095 3.634
279 4 1 30.819 4.383 30.111 3.579
280 4 1 30.819 4.343 30.111 3.539
281 4 1 30.834 4.287 30.127 3.484
282 4 1 30.834 4.248 30.127 3.444
283 4 1 30.834 4.192 30.126 3.389
284 4 1 30.850 4.153 30.142 3.349
285 4 1 30.882 4.113 30.174 3.309
286 4 1 30.930 4.105 30.222 3.301
287 4 1 30.977 4.065 30.269 3.261
288 4 1 31.025 4.041 30.317 3.237
289 4 1 31.041 4.001 30.333 3.198
290 4 1 31.057 3.962 30.349 3.158
291 4 1 31.057 3.906 30.349 3.103
292 4 1 31.072 3.867 30.365 3.063
293 4 1 31.072 3.827 30.365 3.023
294 4 1 31.088 3.787 30.380 2.984
295 4 1 31.088 3.732 30.380 2.928
296 4 1 31.104 3.692 30.396 2.889
297 4 1 31.104 3.637 30.396 2.833
298 4 1 31.120 3.613 30.412 2.810
299 4 1 31.120 3.558 30.412 2.754
300 4 1 31.136 3.518 30.428 2.714
301 4 1 31.136 3.478 30.428 2.675
302 4 1 31.136 3.439 30.428 2.635
303 4 1 31.151 3.399 30.444 2.596
304 4 1 31.151 3.360 30.444 2.556
305 4 1 31.135 3.320 30.428 2.517
306 4 1 31.104 3.297 30.396 2.493
307 4 1 31.088 3.241 30.380 2.438
308 4 1 31.088 3.202 30.380 2.398
309 4 1 31.088 3.162 30.380 2.359
310 4 1 31.103 3.138 30.396 2.335
311 4 1 31.103 3.083 30.396 2.280
312 4 1 31.103 3.059 30.396 2.256
313 4 1 31.119 3.004 30.412 2.200
314 4 1 31.119 2.964 30.412 2.161
315 4 1 31.119 2.909 30.412 2.105
316 4 1 31.119 2.869 30.412 2.066
317 4 1 31.135 2.814 30.427 2.011
318 4 1 31.151 2.774 30.443 1.971
319 4 1 31.182 2.750 30.475 1.947
320 4 1 31.214 2.727 30.507 1.923
321 4 1 31.262 2.718 30.554 1.915
322 4 1 31.309 2.710 30.602 1.907
323 4 1 31.357 2.671 30.650 1.867
324 4 1 31.373 2.647 30.666 1.843
325 4 1 31.389 2.607 30.681 1.804
326 4 1 31.389 2.583 30.681 1.780
327 4 1 31.405 2.544 30.697 1.740
328 4 1 31.404 2.504 30.697 1.701
329 4 1 31.404 2.465 30.697 1.661
330 4 1 31.420 2.441 30.713 1.638
331 4 1 31.420 2.386 30.713 1.582
332 4 1 31.436 2.362 30.729 1.559
333 4 1 31.452 2.322 30.745 1.519
334 4 1 31.468 2.283 30.760 1.479
335 4 1 31.468 2.243 30.760 1.440
336 4 1 31.484 2.219 30.776 1.416
337 4 1 31.499 2.180 30.792 1.376
338 4 1 31.515 2.156 30.808 1.353
339 4 1 31.531 2.116 30.824 1.313
340 4 1 31.547 2.092 30.840 1.289
341 4 1 31.547 2.069 30.840 1.266
342 4 1 31.531 2.045 30.824 1.242
343 4 1 31.531 2.021 30.824 1.218
344 4 1 31.531 1.998 30.824 1.195
345 4 1 31.531 1.974 30.824 1.171
346 4 1 31.531 1.950 30.824 1.147
347 4 1 31.531 1.927 30.824 1.123
348 4 1 31.531 1.903 30.824 1.100
349 4 1 31.531 1.879 30.824 1.076
350 4 1 31.531 1.855 30.824 1.052
351 4 1 31.531 1.816 30.824 1.013
352 4 1 31.547 1.808 30.839 1.005
353 4 1 31.547 1.784 30.839 0.981
354 4 1 31.547 1.761 30.839 0.957
355 4 1 31.546 1.737 30.839 0.934
356 4 1 31.562 1.713 30.855 0.910
357 4 1 31.562 1.705 30.855 0.902
358 4 1 31.578 1.681 30.871 0.878
359 4 1 31.578 1.658 30.871 0.855
360 4 1 31.578 1.650 30.871 0.847
361 4 1 31.562 1.634 30.855 0.839
362 4 1 31.562 1.618 30.855 0.831
363 4 1 31.546 1.602 30.839 0.823
364 4 1 31.546 1.595 30.839 0.823
365 4 1 31.530 1.579 30.823 0.815
367 4 1 31.523 1.595 30.815 0.839
368 4 1 31.507 1.587 30.800 0.839
369 4 1 31.459 1.571 30.752 0.831
370 4 1 31.475 1.555 30.768 0.823
371 4 1 31.459 1.548 30.752 0.823
372 4 1 31.475 1.540 30.768 0.823
373 4 1 31.443 1.532 30.736 0.824
374 4 1 31.443 1.524 30.736 0.824
375 4 1 31.427 1.516 30.720 0.824
376 4 1 31.443 1.508 30.736 0.824
377 4 1 31.427 1.508 30.720 0.832
378 4 1 31.427 1.492 30.720 0.824
379 4 1 31.427 1.484 30.720 0.824
380 4 1 31.427 1.477 30.720 0.824
381 4 1 31.427 1.477 30.720 0.832
382 4 1 31.427 1.469 30.720 0.832
383 4 1 31.411 1.461 30.704 0.832
384 4 1 31.395 1.445 30.688 0.824
385 4 1 31.395 1.453 30.688 0.840
386 4 1 31.395 1.437 30.688 0.832
387 4 1 31.395 1.437 30.688 0.840
388 4 1 31.395 1.429 30.688 0.840
389 4 1 31.395 1.421 30.688 0.840
390 4 1 31.395 1.406 30.688 0.832
391 4 1 31.380 1.414 30.673 0.840
392 4 1 31.364 1.406 30.657 0.840
393 4 1 31.379 1.406 30.673 0.840
394 4 1 31.364 1.398 30.657 0.840
395 4 1 31.379 1.398 30.673 0.840
396 4 1 31.364 1.398 30.657 0.840
397 4 1 31.364 1.398 30.657 0.840
398 4 1 31.364 1.398 30.657 0.840
399 4 1 31.364 1.398 30.657 0.840
400 4 1 31.364 1.398 30.657 0.840
401 4 1 31.364 1.398 30.657 0.840
402 4 1 31.364 1.398 30.657 0.840
403 4 1 31.364 1.398 30.657 0.840
404 4 1 31.364 1.398 30.657 0.840
405 4 1 31.364 1.398 30.657 0.840
406 4 1 31.364 1.398 30.657 0.840
407 4 1 31.364 1.398 30.657 0.840
408 4 1 31.364 1.398 30.657 0.840
409 4 1 31.364 1.398 30.657 0.840
410 4 1 31.364 1.398 30.657 0.840
411 4 1 31.348 1.398 30.641 0.840
412 4 1 31.332 1.398 30.625 0.840
413 4 1 31.348 1.398 30.641 0.840
414 4 1 31.332 1.398 30.625 0.840
415 4 1 31.348 1.398 30.641 0.840
416 4 1 31.332 1.398 30.625 0.840
417 4 1 31.332 1.398 30.625 0.840
418 4 1 31.332 1.398 30.625 0.840
419 4 1 31.332 1.398 30.625 0.840
420 4 1 31.332 1.398 30.625 0.840
421 4 1 31.332 1.398 30.625 0.840
422 4 1 31.332 1.398 30.625 0.840
423 4 1 31.332 1.390 30.625 0.840
424 4 1 31.332 1.374 30.625 0.832
425 4 1 31.332 1.382 30.625 0.840
426 4 1 31.332 1.374 30.625 0.840
427 4 1 31.332 1.382 30.625 0.848
428 4 1 31.316 1.374 30.609 0.848
429 4 1 31.300 1.374 30.593 0.848
430 4 1 31.316 1.366 30.609 0.840
431 4 1 31.300 1.374 30.593 0.848
432 4 1 31.316 1.366 30.609 0.840
433 4 1 31.300 1.374 30.593 0.848
434 4 1 31.316 1.366 30.609 0.840
435 4 1 31.300 1.366 30.593 0.840
436 4 1 31.316 1.366 30.609 0.840
437 4 1 31.300 1.366 30.593 0.840
438 4 1 31.316 1.366 30.609 0.840
439 4 1 31.300 1.366 30.593 0.840
440 4 1 31.300 1.366 30.593 0.840
441 4 1 31.300 1.366 30.593 0.840
442 4 1 31.300 1.366 30.593 0.840
443 4 1 31.300 1.366 30.593 0.840
444 4 1 31.300 1.366 30.593 0.840
445 4 1 31.300 1.366 30.593 0.840
446 4 1 31.300 1.366 30.593 0.840
447 4 1 31.300 1.366 30.593 0.840
448 4 1 31.300 1.366 30.593 0.840
449 4 1 31.300 1.366 30.593 0.840
450 4 1 31.300 1.366 30.593 0.840
451 4 1 31.300 1.366 30.593 0.840
452 4 1 31.300 1.366 30.593 0.840
453 4 1 31.300 1.366 30.593 0.840
454 4 1 31.300 1.366 30.593 0.840
455 4 1 31.300 1.366 30.593 0.840
456 4 1 31.300 1.366 30.593 0.840
457 4 1 31.300 1.366 30.593 0.840
458 4 1 31.300 1.366 30.593 0.840
459 4 1 31.300 1.366 30.593 0.840
460 4 1 31.300 1.366 30.593 0.840
461 4 1 31.300 1.366 30.593 0.840
462 4 1 31.300 1.359 30.593 0.840
463 4 1 31.300 1.343 30.593 0.832
464 4 1 31.300 1.351 30.593 0.840
465 4 1 31.300 1.343 30.593 0.840
466 4 1 31.300 1.351 30.593 0.848
467 4 1 31.300 1.343 30.593 0.848
468 4 1 31.300 1.343 30.593 0.848
469 4 1 31.300 1.335 30.593 0.840
470 4 1 31.300 1.335 30.593 0.848
471 4 1 31.300 1.327 30.593 0.840
472 4 1 31.300 1.335 30.593 0.848
0 5 2 18.004 11.125 16.282 10.547
1 5 2 18.045 11.132 16.371 10.554
2 5 2 18.109 11.132 16.435 10.554
3 5 2 18.206 11.123 16.468 10.561
4 5 2 18.238 11.123 16.564 10.553
5 5 2 18.399 11.121 16.669 10.552
6 5 2 18.528 11.128 16.766 10.543
7 5 2 18.584 11.120 16.822 10.535
8 5 2 18.600 11.128 16.879 10.542
9 5 2 18.689 11.143 16.992 10.533
10 5 2 18.785 11.142 17.024 10.533
11 5 2 18.825 11.166 17.096 10.532
12 5 2 18.922 11.141 17.145 10.540
13 5 2 18.994 11.140 17.225 10.555
14 5 2 19.067 11.132 17.306 10.539
15 5 2 19.147 11.131 17.418 10.530
16 5 2 19.187 11.131 17.507 10.521
17 5 2 19.203 11.139 17.604 10.512
18 5 2 19.348 11.137 17.660 10.520
19 5 2 19.388 11.137 17.676 10.528
20 5 2 19.413 11.145 17.765 10.535
21 5 2 19.565 11.135 17.878 10.526
22 5 2 19.710 11.126 17.998 10.517
23 5 2 19.742 11.134 18.087 10.516
24 5 2 19.815 11.125 18.151 10.524
25 5 2 19.943 11.140 18.288 10.515
26 5 2 19.959 11.140 18.312 10.514
27 5 2 20.080 11.123 18.401 10.530
28 5 2 20.249 11.106 18.481 10.521
29 5 2 20.305 11.121 18.618 10.512
30 5 2 20.345 11.113 18.699 10.511
31 5 2 20.450 11.120 18.884 10.502
32 5 2 20.570 11.119 18.908 10.518
33 5 2 20.650 11.118 19.012 10.517
34 5 2 20.787 11.109 19.109 10.532
35 5 2 20.916 11.108 19.237 10.531
36 5 2 20.996 11.116 19.342 10.514
37 5 2 21.092 11.115 19.455 10.481
38 5 2 21.084 11.083 19.446 10.513
39 5 2 21.213 11.106 19.599 10.488
40 5 2 21.341 11.097 19.744 10.471
41 5 2 21.341 11.065 19.720 10.495
42 5 2 21.606 11.062 19.945 10.453
43 5 2 21.711 11.046 20.025 10.437
44 5 2 21.791 11.069 20.138 10.436
45 5 2 21.871 11.156 20.259 10.315
46 5 2 22.192 11.097 20.195 10.323
47 5 2 22.112 11.130 20.444 10.281
48 5 2 22.200 11.026 20.580 10.384
49 5 2 22.312 11.104 20.645 10.264
50 5 2 22.312 11.120 20.741 10.263
51 5 2 22.673 11.070 20.677 10.280
52 5 2 22.826 11.068 20.805 10.255
53 5 2 22.713 11.093 21.038 10.253
54 5 2 22.834 11.092 21.166 10.252
55 5 2 22.906 11.084 21.263 10.195
56 5 2 22.986 11.091 21.431 10.194
57 5 2 23.002 10.923 21.399 10.354
58 5 2 23.107 10.922 21.503 10.353
59 5 2 23.379 11.072 21.712 10.223
60 5 2 23.435 11.063 21.760 10.215
61 5 2 23.395 10.920 21.792 10.350
62 5 2 23.643 10.990 22.017 10.349
63 5 2 23.619 10.950 22.017 10.381
64 5 2 23.900 11.091 22.226 10.251
65 5 2 23.996 11.090 22.362 10.242
66 5 2 24.108 11.026 22.466 10.393
67 5 2 24.212 11.025 22.618 10.392
68 5 2 24.308 11.024 22.650 10.391
69 5 2 24.404 11.111 22.731 10.271
70 5 2 24.428 11.039 22.915 10.397
71 5 2 24.612 11.021 22.995 10.381
72 5 2 24.661 11.037 23.075 10.396
73 5 2 24.653 10.997 23.067 10.428
74 5 2 24.757 10.996 23.171 10.427
75 5 2 24.877 10.995 23.292 10.426
76 5 2 24.965 10.994 23.380 10.425
77 5 2 25.069 10.994 23.484 10.425
78 5 2 25.293 11.040 23.692 10.407
79 5 2 25.381 11.039 23.804 10.390
80 5 2 25.493 11.030 23.861 10.382
81 5 2 25.621 10.989 24.005 10.373
82 5 2 25.589 10.965 24.013 10.396
83 5 2 25.821 11.019 24.181 10.379
84 5 2 25.781 10.980 24.205 10.411
85 5 2 25.949 11.034 24.373 10.393
86 5 2 25.941 10.994 24.365 10.425
87 5 2 26.021 10.994 24.445 10.425
88 5 2 26.101 10.993 24.525 10.424
89 5 2 26.181 10.992 24.605 10.423
90 5 2 26.277 10.992 24.701 10.423
91 5 2 26.452 11.022 24.845 10.374
92 5 2 26.516 11.029 24.941 10.389
93 5 2 26.508 10.990 24.933 10.421
94 5 2 26.588 10.989 25.013 10.420
95 5 2 26.804 11.003 25.173 10.395
96 5 2 26.884 11.050 25.261 10.394
97 5 2 27.012 11.017 25.373 10.369
98 5 2 27.036 11.009 25.333 10.402
99 5 2 27.084 11.041 25.437 10.433
100 5 2 27.172 11.048 25.549 10.416
101 5 2 27.275 11.079 25.605 10.431
102 5 2 27.379 11.070 25.645 10.415
103 5 2 27.291 11.023 25.717 10.454
104 5 2 27.611 11.179 25.829 10.294
105 5 2 27.667 11.179 25.869 10.326
106 5 2 27.731 11.210 25.869 10.326
107 5 2 27.675 11.195 25.957 10.333
108 5 2 27.747 11.194 26.085 10.308
109 5 2 27.771 11.178 26.109 10.308
110 5 2 27.819 11.210 26.141 10.299
111 5 2 27.930 11.201 26.213 10.323
112 5 2 27.898 11.225 26.309 10.274
113 5 2 27.994 11.232 26.373 10.282
114 5 2 27.962 11.041 26.389 10.473
115 5 2 28.010 11.041 26.437 10.472
116 5 2 28.090 11.056 26.517 10.488
117 5 2 28.122 11.056 26.549 10.487
118 5 2 28.170 11.071 26.597 10.503
119 5 2 28.250 11.071 26.676 10.502
120 5 2 28.282 11.086 26.708 10.518
121 5 2 28.329 11.102 26.756 10.533
122 5 2 28.409 11.101 26.836 10.533
123 5 2 28.441 11.117 26.868 10.548
124 5 2 28.505 11.132 26.932 10.564
125 5 2 28.553 11.132 26.980 10.563
126 5 2 28.617 11.147 27.044 10.579
127 5 2 28.681 11.162 27.108 10.594
128 5 2 28.728 11.178 27.156 10.610
129 5 2 28.776 11.178 27.204 10.609
130 5 2 28.840 11.193 27.268 10.625
131 5 2 28.904 11.208 27.331 10.640
132 5 2 29.000 11.470 27.348 10.473
133 5 2 29.048 11.470 27.403 10.488
134 5 2 29.143 11.493 27.515 10.464
135 5 2 28.992 11.247 27.419 10.679
136 5 2 29.055 11.263 27.483 10.695
137 5 2 29.127 11.278 27.555 10.710
138 5 2 29.183 11.294 27.611 10.726
139 5 2 29.247 11.325 27.675 10.757
140 5 2 29.311 11.340 27.739 10.772
141 5 2 29.375 11.340 27.803 10.772
142 5 2 29.438 11.355 27.866 10.787
143 5 2 29.502 11.394 27.930 10.826
144 5 2 29.566 11.402 27.994 10.834
145 5 2 29.630 11.417 28.058 10.849
146 5 2 29.694 11.456 28.122 10.889
147 5 2 29.757 11.464 28.186 10.896
148 5 2 29.821 11.479 28.250 10.911
149 5 2 29.885 11.495 28.313 10.927
150 5 2 29.965 11.510 28.393 10.942
151 5 2 30.028 11.541 28.457 10.973
152 5 2 30.084 11.556 28.513 10.989
153 5 2 30.156 11.572 28.585 11.004
154 5 2 30.236 11.587 28.665 11.019
155 5 2 30.299 11.602 28.728 11.035
156 5 2 30.379 11.634 28.808 11.066
157 5 2 30.459 11.649 28.888 11.081
158 5 2 30.523 11.656 28.952 11.089
159 5 2 30.602 11.663 29.032 11.096
160 5 2 30.682 11.695 29.111 11.127
161 5 2 30.762 11.718 29.191 11.150
162 5 2 30.825 11.741 29.255 11.174
163 5 2 30.905 11.740 29.335 11.173
164 5 2 30.985 11.756 29.414 11.188
165 5 2 31.064 11.787 29.494 11.219
166 5 2 31.128 11.802 29.558 11.235
167 5 2 31.280 12.055 29.685 11.146
168 5 2 31.255 11.873 29.685 11.305
169 5 2 31.335 11.888 29.765 11.320
170 5 2 31.407 11.903 29.837 11.336
171 5 2 31.494 11.902 29.925 11.335
172 5 2 31.574 11.918 30.004 11.350
173 5 2 31.654 11.933 30.084 11.365
174 5 2 31.733 11.948 30.164 11.381
175 5 2 31.813 11.963 30.243 11.396
176 5 2 31.892 11.978 30.323 11.411
177 5 2 31.972 11.994 30.403 11.426
178 5 2 32.068 11.993 30.498 11.426
179 5 2 32.147 12.008 30.578 11.441
180 5 2 32.243 12.023 30.674 11.456
181 5 2 32.322 12.022 30.753 11.455
182 5 2 32.402 12.037 30.833 11.470
183 5 2 32.497 12.053 30.929 11.486
184 5 2 32.577 12.052 31.008 11.485
185 5 2 32.672 12.067 31.104 11.500
186 5 2 32.752 12.066 31.183 11.499
187 5 2 32.847 12.081 31.279 11.514
188 5 2 33.046 12.183 31.414 11.298
189 5 2 33.006 12.024 31.438 11.457
190 5 2 33.086 12.023 31.518 11.457
191 5 2 33.173 12.039 31.605 11.472
192 5 2 33.277 12.038 31.709 11.471
193 5 2 33.436 12.283 32.003 11.341
194 5 2 33.595 12.242 31.979 11.341
195 5 2 33.674 12.217 32.122 11.316
196 5 2 33.666 12.050 32.115 11.483
197 5 2 33.761 12.049 32.210 11.483
198 5 2 33.857 12.064 32.306 11.498
199 5 2 33.952 12.048 32.401 11.481
200 5 2 34.111 12.173 32.544 11.519
201 5 2 34.095 12.118 32.544 11.551
202 5 2 34.190 12.117 32.640 11.550
203 5 2 34.453 12.162 32.751 11.565
204 5 2 34.485 12.186 32.878 11.572
205 5 2 34.445 12.155 32.894 11.588
206 5 2 34.588 12.249 33.220 11.529
207 5 2 34.802 12.223 33.220 11.585
208 5 2 34.890 12.214 33.236 11.593
209 5 2 34.826 12.183 33.284 11.616
210 5 2 34.913 12.182 33.371 11.616
211 5 2 35.016 12.181 33.474 11.615
212 5 2 35.120 12.196 33.578 11.630
213 5 2 35.223 12.211 33.681 11.645
214 5 2 35.326 12.210 33.784 11.644
215 5 2 35.549 12.359 33.943 11.460
216 5 2 35.509 12.193 33.967 11.626
217 5 2 35.612 12.192 34.070 11.625
218 5 2 35.770 12.254 34.348 11.591
219 5 2 35.858 12.277 34.388 11.639
220 5 2 35.881 12.237 34.356 11.671
221 5 2 35.985 12.236 34.460 11.670
222 5 2 36.445 12.319 34.444 11.567
223 5 2 36.080 12.227 34.555 11.661
224 5 2 36.183 12.226 34.658 11.660
225 5 2 36.270 12.226 34.745 11.659
226 5 2 36.389 12.240 34.864 11.674
227 5 2 36.476 12.240 34.952 11.673
228 5 2 36.595 12.239 35.071 11.672
229 5 2 36.682 12.254 35.158 11.687
230 5 2 36.785 12.253 35.261 11.687
231 5 2 36.888 12.252 35.364 11.686
232 5 2 36.992 12.267 35.468 11.701
233 5 2 37.095 12.266 35.571 11.700
234 5 2 37.198 12.265 35.674 11.699
235 5 2 37.301 12.280 35.777 11.714
236 5 2 37.404 12.279 35.880 11.713
237 5 2 37.491 12.278 35.967 11.712
238 5 2 37.609 12.277 36.086 11.711
239 5 2 37.697 12.276 36.174 11.710
240 5 2 37.815 12.275 36.292 11.709
241 5 2 37.902 12.275 36.380 11.709
242 5 2 38.021 12.274 36.499 11.708
243 5 2 38.108 12.273 36.586 11.707
244 5 2 38.227 12.272 36.705 11.706
245 5 2 38.330 12.271 36.808 11.705
246 5 2 38.813 12.354 36.712 11.603
247 5 2 38.441 12.262 36.919 11.696
248 5 2 38.544 12.261 37.022 11.695
249 5 2 38.631 12.260 37.109 11.694
250 5 2 38.749 12.243 37.227 11.677
251 5 2 38.852 12.226 37.330 11.661
252 5 2 38.955 12.241 37.433 11.676
253 5 2 39.042 12.225 37.520 11.659
254 5 2 39.161 12.224 37.639 11.658
255 5 2 39.263 12.223 37.742 11.657
256 5 2 39.366 12.222 37.845 11.656
257 5 2 39.469 12.221 37.948 11.655
258 5 2 39.572 12.204 38.051 11.639
259 5 2 39.674 12.187 38.154 11.622
260 5 2 39.777 12.186 38.257 11.621
261 5 2 39.880 12.186 38.359 11.620
262 5 2 39.983 12.169 38.462 11.603
263 5 2 40.085 12.152 38.565 11.587
264 5 2 40.188 12.151 38.668 11.586
265 5 2 40.291 12.134 38.771 11.569
266 5 2 40.393 12.118 38.873 11.552
267 5 2 40.480 12.117 38.960 11.551
268 5 2 40.599 12.100 39.079 11.534
269 5 2 40.686 12.083 39.166 11.518
270 5 2 40.804 12.082 39.285 11.517
271 5 2 40.891 12.066 39.371 11.500
272 5 2 41.009 12.033 39.490 11.468
273 5 2 41.096 12.016 39.577 11.451
274 5 2 41.199 12.015 39.680 11.450
275 5 2 41.301 11.999 39.782 11.433
276 5 2 41.838 12.025 39.655 11.276
277 5 2 41.412 11.974 39.893 11.409
278 5 2 41.514 11.957 39.995 11.392
279 5 2 41.601 11.940 40.082 11.375
280 5 2 41.703 11.924 40.185 11.359
281 5 2 41.806 11.907 40.288 11.342
282 5 2 41.908 11.890 40.390 11.325
283 5 2 41.995 11.874 40.477 11.309
284 5 2 42.098 11.857 40.580 11.292
285 5 2 42.200 11.840 40.682 11.275
286 5 2 42.302 11.823 40.785 11.258
287 5 2 42.389 11.807 40.872 11.242
288 5 2 42.492 11.790 40.974 11.225
289 5 2 42.578 11.773 41.061 11.208
290 5 2 42.681 11.757 41.163 11.192
291 5 2 42.783 11.740 41.266 11.175
292 5 2 42.885 11.723 41.369 11.158
293 5 2 42.972 11.722 41.455 11.158
294 5 2 43.075 11.706 41.558 11.141
295 5 2 43.177 11.689 41.660 11.124
296 5 2 43.279 11.688 41.763 11.123
297 5 2 43.366 11.672 41.850 11.107
298 5 2 43.468 11.655 41.952 11.090
299 5 2 43.555 11.654 42.039 11.089
300 5 2 43.657 11.637 42.141 11.073
301 5 2 43.744 11.637 42.228 11.072
302 5 2 43.846 11.620 42.330 11.055
303 5 2 43.933 11.619 42.417 11.055
304 5 2 44.035 11.602 42.520 11.038
305 5 2 44.122 11.602 42.606 11.037
306 5 2 44.224 11.585 42.709 11.020
307 5 2 44.311 11.568 42.795 11.004
308 5 2 44.413 11.568 42.898 11.003
309 5 2 44.499 11.551 42.984 10.986
310 5 2 44.602 11.550 43.087 10.986
311 5 2 44.688 11.534 43.173 10.969
312 5 2 44.775 11.533 43.260 10.968
313 5 2 44.861 11.516 43.347 10.952
314 5 2 44.948 11.500 43.433 10.935
315 5 2 45.034 11.499 43.520 10.934
316 5 2 45.136 11.482 43.622 10.918
317 5 2 45.207 11.482 43.693 10.917
318 5 2 45.309 11.465 43.795 10.901
319 5 2 45.380 11.448 43.866 10.884
320 5 2 45.467 11.448 43.953 10.883
321 5 2 45.553 11.431 44.039 10.867
322 5 2 45.639 11.415 44.126 10.850
323 5 2 45.710 11.398 44.196 10.834
324 5 2 45.796 11.382 44.283 10.817
325 5 2 45.867 11.365 44.354 10.801
326 5 2 45.938 11.349 44.424 10.785
327 5 2 46.118 11.276 44.612 10.633
328 5 2 46.110 11.237 44.605 10.672
329 5 2 46.221 11.354 44.643 10.411
330 5 2 46.213 11.307 44.682 10.411
331 5 2 46.197 11.275 44.697 10.348
332 5 2 46.148 11.094 44.651 10.530
333 5 2 46.070 11.198 45.051 10.313
334 5 2 46.132 11.055 44.643 10.490
335 5 2 46.164 11.023 44.682 10.458
336 5 2 46.195 10.991 44.721 10.426
337 5 2 46.218 10.959 44.753 10.395
338 5 2 46.249 10.896 44.792 10.331
340 5 2 46.171 10.889 44.721 10.324
341 5 2 46.194 10.857 44.752 10.292
342 5 2 46.225 10.825 44.791 10.260
343 5 2 46.249 10.746 44.822 10.181
344 5 2 46.272 10.682 44.854 10.117
345 5 2 46.295 10.698 44.885 10.133
346 5 2 46.319 10.650 44.916 10.085
348 5 2 46.209 10.643 44.814 10.078
349 5 2 46.224 10.612 44.837 10.046
350 5 2 46.232 10.564 44.853 9.999
351 5 2 46.255 10.501 44.884 9.935
352 5 2 46.270 10.469 44.907 9.903
353 5 2 46.286 10.422 44.931 9.856
354 5 2 46.301 10.374 44.954 9.808
355 5 2 46.317 10.295 44.977 9.729
356 5 2 46.332 10.247 45.001 9.682
357 5 2 46.347 10.184 45.024 9.618
358 5 2 46.363 10.121 45.047 9.555
359 5 2 46.378 10.058 45.070 9.491
360 5 2 46.385 9.979 45.086 9.412
361 5 2 46.417 9.931 45.125 9.365
363 5 2 46.252 9.924 44.967 9.358
364 5 2 46.252 9.924 44.975 9.358
365 5 2 46.236 9.924 44.967 9.358
366 5 2 46.236 9.924 44.975 9.358
367 5 2 46.228 9.925 44.975 9.358
368 5 2 46.228 9.925 44.983 9.358
369 5 2 46.220 9.925 44.983 9.358
370 5 2 46.220 9.925 44.991 9.358
371 5 2 46.212 9.925 44.991 9.358
372 5 2 46.212 9.925 44.999 9.358
373 5 2 46.204 9.925 44.999 9.358
374 5 2 46.204 9.925 45.007 9.358
375 5 2 46.197 9.925 45.007 9.358
376 5 2 46.197 9.925 45.014 9.358
377 5 2 46.189 9.925 45.014 9.358
378 5 2 46.189 9.925 45.022 9.358
379 5 2 46.181 9.925 45.022 9.358
380 5 2 46.181 9.925 45.030 9.358
381 5 2 46.173 9.925 45.030 9.358
382 5 2 46.173 9.925 45.038 9.357
383 5 2 46.165 9.925 45.038 9.357
384 5 2 46.165 9.925 45.046 9.357
385 5 2 46.157 9.925 45.046 9.357
386 5 2 46.149 9.925 45.046 9.357
387 5 2 46.142 9.925 45.046 9.357
388 5 2 46.142 9.925 45.054 9.357
389 5 2 46.134 9.925 45.054 9.357
390 5 2 46.134 9.925 45.062 9.357
391 5 2 46.126 9.910 45.054 9.342
392 5 2 46.126 9.910 45.054 9.342
393 5 2 46.118 9.910 45.046 9.342
394 5 2 46.118 9.910 45.046 9.342
395 5 2 46.118 9.910 45.046 9.342
396 5 2 46.118 9.910 45.046 9.342
397 5 2 46.118 9.910 45.046 9.342
398 5 2 46.126 9.910 45.054 9.342
399 5 2 46.118 9.910 45.046 9.342
400 5 2 46.118 9.910 45.046 9.342
401 5 2 46.118 9.910 45.046 9.342
402 5 2 46.110 9.910 45.038 9.342
403 5 2 46.110 9.910 45.038 9.342
404 5 2 46.118 9.910 45.046 9.342
405 5 2 46.110 9.910 45.038 9.342
406 5 2 46.110 9.910 45.038 9.342
407 5 2 46.110 9.910 45.038 9.342
408 5 2 46.118 9.910 45.046 9.342
409 5 2 46.110 9.910 45.038 9.342
410 5 2 46.118 9.910 45.046 9.342
411 5 2 46.110 9.910 45.038 9.342
412 5 2 46.110 9.910 45.038 9.342
413 5 2 46.110 9.910 45.038 9.342
414 5 2 46.110 9.910 45.038 9.342
415 5 2 46.110 9.910 45.038 9.342
416 5 2 46.110 9.910 45.038 9.342
417 5 2 46.110 9.910 45.038 9.342
418 5 2 46.110 9.910 45.038 9.342
419 5 2 46.110 9.910 45.038 9.342
420 5 2 46.110 9.910 45.038 9.342
421 5 2 46.110 9.910 45.038 9.342
422 5 2 46.110 9.910 45.038 9.342
423 5 2 46.110 9.910 45.038 9.342
424 5 2 46.110 9.910 45.038 9.342
425 5 2 46.110 9.910 45.038 9.342
426 5 2 46.110 9.910 45.038 9.342
427 5 2 46.110 9.910 45.038 9.342
428 5 2 46.110 9.910 45.038 9.342
429 5 2 46.110 9.910 45.038 9.342
430 5 2 46.110 9.910 45.038 9.342
431 5 2 46.110 9.910 45.038 9.342
432 5 2 46.110 9.910 45.038 9.342
433 5 2 46.110 9.910 45.038 9.342
434 5 2 46.110 9.910 45.038 9.342
435 5 2 46.110 9.910 45.038 9.342
436 5 2 46.110 9.910 45.038 9.342
437 5 2 46.110 9.910 45.038 9.342
438 5 2 46.110 9.910 45.038 9.342
439 5 2 46.110 9.910 45.038 9.342
440 5 2 46.110 9.910 45.038 9.342
441 5 2 46.102 9.910 45.030 9.342
442 5 2 46.102 9.910 45.030 9.342
443 5 2 46.102 9.910 45.030 9.342
444 5 2 46.110 9.910 45.038 9.342
445 5 2 46.102 9.910 45.030 9.342
446 5 2 46.110 9.910 45.038 9.342
447 5 2 46.102 9.910 45.030 9.342
448 5 2 46.102 9.910 45.030 9.342
449 5 2 46.102 9.910 45.030 9.342
450 5 2 46.110 9.910 45.038 9.342
451 5 2 46.102 9.910 45.030 9.342
452 5 2 46.110 9.910 45.038 9.342
453 5 2 46.102 9.910 45.030 9.342
454 5 2 46.102 9.910 45.030 9.342
455 5 2 46.102 9.910 45.030 9.342
456 5 2 46.110 9.910 45.038 9.342
457 5 2 46.102 9.910 45.030 9.342
458 5 2 46.110 9.910 45.038 9.342
459 5 2 46.102 9.910 45.030 9.342
460 5 2 46.102 9.910 45.030 9.342
461 5 2 46.102 9.910 45.030 9.342
462 5 2 46.110 9.910 45.038 9.342
463 5 2 46.102 9.910 45.030 9.342
464 5 2 46.110 9.910 45.038 9.342
465 5 2 46.110 9.910 45.038 9.342
466 5 2 46.110 9.910 45.038 9.342
467 5 2 46.110 9.910 45.038 9.342
468 5 2 46.110 9.910 45.038 9.342
469 5 2 46.110 9.910 45.038 9.342
470 5 2 46.110 9.910 45.038 9.342
471 5 2 46.110 9.910 45.038 9.342
472 5 2 46.110 9.910 45.038 9.342
0 6 2 17.928 12.373 16.198 11.540
1 6 2 17.976 12.397 16.166 11.524
2 6 2 18.048 12.412 16.238 11.540
3 6 2 18.121 12.412 16.311 11.539
4 6 2 18.210 12.427 16.399 11.554
5 6 2 18.266 12.426 16.456 11.554
6 6 2 18.354 12.442 16.544 11.569
7 6 2 18.427 12.441 16.617 11.568
8 6 2 18.515 12.440 16.706 11.568
9 6 2 18.604 12.455 16.794 11.583
10 6 2 18.910 12.501 16.899 11.694
11 6 2 18.845 12.525 17.044 11.677
12 6 2 18.878 12.517 17.003 11.685
13 6 2 18.894 12.501 17.237 11.667
14 6 2 18.966 12.500 17.157 11.668
15 6 2 19.143 12.427 17.487 11.793
16 6 2 19.248 12.530 17.584 11.704
17 6 2 19.360 12.521 17.664 11.711
18 6 2 19.393 12.520 17.704 11.711
19 6 2 19.497 12.519 17.850 11.686
20 6 2 19.618 12.438 17.962 11.789
21 6 2 19.747 12.517 18.035 11.692
22 6 2 19.803 12.525 18.156 11.659
23 6 2 19.819 12.477 18.115 11.700
24 6 2 19.924 12.476 18.220 11.699
25 6 2 20.012 12.491 18.308 11.714
26 6 2 20.117 12.490 18.413 11.713
27 6 2 20.221 12.505 18.518 11.728
28 6 2 20.342 12.504 18.638 11.727
29 6 2 20.446 12.503 18.743 11.726
30 6 2 20.567 12.518 18.864 11.741
31 6 2 20.655 12.533 18.952 11.756
32 6 2 20.776 12.548 19.073 11.771
33 6 2 20.880 12.547 19.177 11.770
34 6 2 20.985 12.562 19.282 11.785
35 6 2 21.089 12.577 19.387 11.801
36 6 2 21.193 12.576 19.491 11.800
37 6 2 21.298 12.591 19.596 11.815
38 6 2 21.402 12.606 19.700 11.830
39 6 2 21.507 12.605 19.805 11.829
40 6 2 21.611 12.620 19.909 11.844
41 6 2 21.731 12.619 20.030 11.843
42 6 2 21.852 12.618 20.150 11.842
43 6 2 21.956 12.633 20.255 11.857
44 6 2 22.077 12.632 20.375 11.856
45 6 2 22.181 12.631 20.480 11.855
46 6 2 22.301 12.646 20.600 11.870
47 6 2 22.406 12.645 20.705 11.869
48 6 2 22.526 12.644 20.825 11.868
49 6 2 22.630 12.643 20.930 11.867
50 6 2 22.751 12.658 21.050 11.882
51 6 2 22.855 12.657 21.155 11.881
52 6 2 22.959 12.656 21.259 11.880
53 6 2 23.064 12.655 21.364 11.879
54 6 2 23.184 12.670 21.484 11.894
55 6 2 23.288 12.669 21.588 11.893
56 6 2 23.392 12.668 21.693 11.892
57 6 2 23.497 12.667 21.797 11.891
58 6 2 23.617 12.666 21.918 11.890
59 6 2 23.721 12.665 22.022 11.889
60 6 2 23.841 12.664 22.142 11.888
61 6 2 23.946 12.663 22.247 11.888
62 6 2 24.058 12.662 22.359 11.887
63 6 2 24.154 12.661 22.455 11.886
64 6 2 24.258 12.660 22.560 11.885
65 6 2 24.370 12.659 22.672 11.884
66 6 2 24.482 12.658 22.784 11.883
67 6 2 24.587 12.657 22.888 11.882
68 6 2 24.699 12.656 23.001 11.881
69 6 2 24.795 12.655 23.097 11.880
70 6 2 24.899 12.670 23.201 11.895
71 6 2 25.027 12.669 23.329 11.894
72 6 2 25.107 12.668 23.410 11.893
73 6 2 25.211 12.668 23.514 11.892
74 6 2 25.163 12.668 23.466 11.893
75 6 2 25.419 12.666 23.722 11.891
76 6 2 25.539 12.665 23.842 11.890
77 6 2 25.620 12.664 23.923 11.889
78 6 2 25.748 12.663 24.051 11.888
79 6 2 25.836 12.678 24.139 11.903
80 6 2 25.932 12.677 24.235 11.902
81 6 2 26.044 12.676 24.347 11.901
82 6 2 26.148 12.675 24.451 11.900
83 6 2 26.236 12.674 24.539 11.899
84 6 2 26.340 12.689 24.644 11.914
85 6 2 26.428 12.688 24.732 11.914
86 6 2 26.524 12.688 24.828 11.913
87 6 2 26.620 12.687 24.924 11.912
88 6 2 26.723 12.702 25.028 11.927
89 6 2 26.811 12.701 25.116 11.926
90 6 2 26.915 12.716 25.220 11.941
91 6 2 27.003 12.715 25.308 11.941
92 6 2 27.107 12.730 25.412 11.956
93 6 2 27.195 12.729 25.500 11.955
94 6 2 27.283 12.744 25.588 11.970
95 6 2 27.387 12.728 25.812 12.048
96 6 2 27.435 12.767 25.748 12.001
97 6 2 27.515 12.774 25.828 12.008
98 6 2 27.651 12.837 26.004 11.982
99 6 2 27.762 12.852 26.092 11.982
100 6 2 27.954 12.858 26.140 11.973
101 6 2 27.986 12.842 26.236 11.988
102 6 2 27.938 12.794 26.268 12.028
103 6 2 28.018 12.801 26.348 12.035
104 6 2 28.090 12.793 26.420 12.027
105 6 2 28.194 12.800 26.524 12.034
106 6 2 28.274 12.791 26.604 12.025
107 6 2 28.354 12.798 26.684 12.032
108 6 2 28.433 12.806 26.764 12.039
109 6 2 28.513 12.813 26.844 12.047
110 6 2 28.593 12.804 26.924 12.038
111 6 2 28.673 12.811 27.004 12.045
112 6 2 28.753 12.803 27.083 12.037
113 6 2 28.809 12.906 27.147 12.020
114 6 2 28.904 12.897 27.195 12.036
115 6 2 29.040 12.912 27.339 12.010
116 6 2 29.112 12.895 27.419 12.010
117 6 2 29.208 12.894 27.483 12.009
118 6 2 29.208 12.783 27.587 12.096
119 6 2 29.216 12.814 27.563 12.056
120 6 2 29.279 12.814 27.627 12.056
121 6 2 29.359 12.813 27.707 12.055
122 6 2 29.543 12.899 27.794 12.006
123 6 2 29.487 12.828 27.834 12.070
124 6 2 29.551 12.827 27.898 12.069
125 6 2 29.997 12.927 27.842 11.998
126 6 2 29.886 12.944 28.098 12.004
127 6 2 29.814 12.849 28.154 12.091
128 6 2 29.965 12.943 28.250 12.002
129 6 2 29.934 12.848 28.274 12.090
130 6 2 29.989 12.847 28.329 12.089
131 6 2 29.965 12.911 28.417 11.945
132 6 2 29.957 12.903 28.481 11.977
133 6 2 30.093 12.878 28.537 11.984
134 6 2 30.125 12.806 28.489 12.048
135 6 2 30.205 12.805 28.569 12.047
136 6 2 30.284 12.821 28.649 12.063
137 6 2 30.468 12.899 28.848 11.981
138 6 2 30.468 12.819 28.840 12.061
139 6 2 30.555 12.818 28.928 12.060
140 6 2 30.627 12.817 29.000 12.060
141 6 2 30.715 12.817 29.088 12.059
142 6 2 30.802 12.832 29.175 12.074
143 6 2 30.906 12.831 29.279 12.073
144 6 2 30.978 12.830 29.351 12.072
145 6 2 31.081 12.845 29.455 12.087
146 6 2 31.153 12.844 29.526 12.087
147 6 2 31.241 12.844 29.614 12.086
148 6 2 31.312 12.859 29.686 12.101
149 6 2 31.400 12.858 29.774 12.101
150 6 2 31.487 12.857 29.861 12.100
151 6 2 31.575 12.857 29.949 12.099
152 6 2 31.663 12.872 30.037 12.114
153 6 2 31.766 12.871 30.140 12.113
154 6 2 31.854 12.870 30.228 12.112
155 6 2 31.957 12.885 30.332 12.127
156 6 2 32.045 12.884 30.419 12.127
157 6 2 32.148 12.883 30.523 12.126
158 6 2 32.236 12.882 30.611 12.125
159 6 2 32.339 12.897 30.714 12.140
160 6 2 32.443 12.896 30.818 12.139
161 6 2 32.546 12.895 30.921 12.138
162 6 2 32.634 12.895 31.009 12.137
163 6 2 32.737 12.894 31.112 12.136
164 6 2 32.825 12.909 31.200 12.152
165 6 2 32.944 12.908 31.319 12.150
166 6 2 33.135 13.049 31.590 12.140
167 6 2 33.207 13.032 31.686 12.147
168 6 2 33.246 12.968 31.638 12.211
169 6 2 33.334 12.968 31.726 12.211
170 6 2 33.437 12.967 31.829 12.210
171 6 2 33.556 12.981 31.948 12.224
172 6 2 33.660 12.981 32.052 12.224
173 6 2 33.779 12.995 32.171 12.238
174 6 2 33.882 12.994 32.275 12.237
175 6 2 34.017 13.009 32.410 12.252
176 6 2 34.192 12.968 32.712 12.281
177 6 2 34.240 12.999 32.641 12.250
178 6 2 34.351 13.006 32.752 12.257
179 6 2 34.447 13.013 32.848 12.264
180 6 2 34.574 13.020 32.975 12.271
181 6 2 34.685 13.027 33.086 12.278
182 6 2 34.812 13.033 33.213 12.285
183 6 2 34.939 13.040 33.341 12.292
184 6 2 35.066 13.063 33.468 12.314
185 6 2 35.177 13.070 33.579 12.321
186 6 2 35.288 13.077 33.690 12.328
187 6 2 35.431 13.083 33.833 12.335
188 6 2 35.542 13.106 33.945 12.358
189 6 2 35.701 13.113 34.104 12.364
190 6 2 35.828 13.119 34.231 12.371
191 6 2 35.955 13.126 34.358 12.378
192 6 2 36.082 13.149 34.485 12.401
193 6 2 36.209 13.156 34.612 12.407
194 6 2 36.352 13.162 34.755 12.414
195 6 2 36.463 13.169 34.866 12.421
196 6 2 36.622 13.191 35.025 12.443
197 6 2 36.764 13.182 35.168 12.434
198 6 2 36.891 13.205 35.295 12.457
199 6 2 37.034 13.211 35.438 12.463
200 6 2 37.192 13.218 35.596 12.470
201 6 2 37.335 13.225 35.739 12.477
202 6 2 37.478 13.231 35.882 12.483
203 6 2 37.636 13.238 36.041 12.490
204 6 2 37.779 13.244 36.184 12.496
205 6 2 37.921 13.251 36.326 12.503
206 6 2 38.080 13.257 36.485 12.510
207 6 2 38.222 13.264 36.628 12.516
208 6 2 38.349 13.286 36.755 12.539
209 6 2 38.508 13.277 36.913 12.530
210 6 2 38.650 13.300 37.056 12.552
211 6 2 38.824 13.306 37.230 12.558
212 6 2 38.967 13.328 37.373 12.581
213 6 2 39.125 13.303 37.777 12.585
214 6 2 39.236 13.318 37.650 12.578
215 6 2 39.386 13.332 37.801 12.593
216 6 2 39.536 13.347 37.951 12.607
217 6 2 39.687 13.361 38.102 12.622
218 6 2 39.837 13.376 38.252 12.636
219 6 2 40.003 13.390 38.418 12.651
220 6 2 40.154 13.404 38.569 12.665
221 6 2 40.320 13.419 38.735 12.680
222 6 2 40.470 13.433 38.885 12.694
223 6 2 40.636 13.463 39.052 12.724
224 6 2 40.786 13.494 39.202 12.755
225 6 2 40.952 13.508 39.368 12.769
226 6 2 41.102 13.538 39.519 12.799
227 6 2 41.268 13.552 39.685 12.814
228 6 2 41.419 13.583 39.835 12.844
229 6 2 41.584 13.613 40.001 12.874
230 6 2 41.735 13.643 40.152 12.905
231 6 2 41.901 13.673 40.318 12.935
232 6 2 42.051 13.704 40.468 12.965
233 6 2 42.217 13.734 40.634 12.995
234 6 2 42.367 13.780 40.784 13.042
235 6 2 42.533 13.810 40.950 13.072
236 6 2 42.683 13.856 41.101 13.118
237 6 2 42.849 13.886 41.267 13.148
238 6 2 42.999 13.932 41.417 13.194
239 6 2 43.164 13.962 41.583 13.224
240 6 2 43.386 14.190 41.890 13.182
241 6 2 43.403 14.269 42.080 13.156
242 6 2 43.512 14.078 41.946 13.340
243 6 2 43.662 14.108 42.097 13.370
244 6 2 43.812 14.154 42.247 13.416
245 6 2 43.962 14.216 42.397 13.478
246 6 2 44.112 14.262 42.547 13.524
247 6 2 44.262 14.292 42.697 13.555
248 6 2 44.412 14.339 42.847 13.601
249 6 2 44.562 14.400 42.997 13.663
250 6 2 44.768 14.692 43.335 13.414
251 6 2 44.822 14.422 43.266 13.676
252 6 2 44.964 14.460 43.408 13.714
253 6 2 45.106 14.514 43.550 13.768
254 6 2 45.264 14.568 43.708 13.822
255 6 2 45.525 14.906 43.960 13.796
256 6 2 45.509 14.716 43.953 13.971
257 6 2 45.841 15.061 44.133 13.779
258 6 2 45.881 15.132 44.197 13.865
259 6 2 45.809 14.871 44.253 14.110
260 6 2 45.935 14.925 44.379 14.164
261 6 2 46.077 14.995 44.522 14.234
262 6 2 46.164 15.050 44.609 14.289
263 6 2 46.235 15.120 44.688 14.360
264 6 2 46.141 15.201 45.019 14.404
265 6 2 46.228 15.176 44.696 14.415
266 6 2 46.291 15.231 44.767 14.470
267 6 2 46.354 15.333 44.839 14.572
269 6 2 46.236 15.326 44.728 14.565
270 6 2 46.284 15.350 44.783 14.588
271 6 2 46.347 15.420 44.855 14.659
272 6 2 46.410 15.475 44.926 14.714
273 6 2 46.482 15.546 45.005 14.784
274 6 2 46.505 15.506 45.036 14.744
276 6 2 46.308 15.500 44.847 14.738
277 6 2 46.340 15.492 44.887 14.730
278 6 2 46.379 15.483 44.934 14.722
279 6 2 46.418 15.364 44.980 14.602
281 6 2 46.268 15.358 44.839 14.596
282 6 2 46.268 15.350 44.846 14.588
283 6 2 46.260 15.358 44.847 14.596
284 6 2 46.252 15.350 44.846 14.588
285 6 2 46.252 15.358 44.854 14.596
286 6 2 46.244 15.350 44.854 14.588
287 6 2 46.244 15.358 44.862 14.596
288 6 2 46.236 15.350 44.862 14.588
289 6 2 46.237 15.358 44.870 14.595
290 6 2 46.221 15.350 44.862 14.588
291 6 2 46.221 15.358 44.870 14.595
292 6 2 46.213 15.350 44.870 14.588
293 6 2 46.213 15.342 44.878 14.580
294 6 2 46.205 15.335 44.878 14.572
295 6 2 46.205 15.343 44.886 14.579
296 6 2 46.197 15.335 44.886 14.572
297 6 2 46.189 15.343 44.886 14.579
298 6 2 46.181 15.335 44.886 14.572
299 6 2 46.181 15.343 44.894 14.579
300 6 2 46.173 15.335 44.894 14.571
301 6 2 46.173 15.343 44.902 14.579
302 6 2 46.166 15.335 44.894 14.571
303 6 2 46.166 15.343 44.902 14.579
304 6 2 46.166 15.335 44.902 14.571
305 6 2 46.166 15.343 44.902 14.579
306 6 2 46.166 15.335 44.902 14.571
307 6 2 46.166 15.343 44.902 14.579
308 6 2 46.166 15.335 44.902 14.571
309 6 2 46.166 15.343 44.902 14.579
310 6 2 46.166 15.335 44.902 14.571
311 6 2 46.165 15.327 44.901 14.563
312 6 2 46.165 15.319 44.901 14.556
313 6 2 46.165 15.327 44.901 14.563
314 6 2 46.165 15.319 44.901 14.556
315 6 2 46.165 15.327 44.901 14.563
316 6 2 46.165 15.319 44.901 14.556
317 6 2 46.165 15.327 44.901 14.563
318 6 2 46.165 15.319 44.901 14.556
319 6 2 46.165 15.327 44.901 14.563
320 6 2 46.165 15.319 44.901 14.556
321 6 2 46.165 15.327 44.901 14.563
322 6 2 46.165 15.319 44.901 14.556
323 6 2 46.165 15.327 44.901 14.563
324 6 2 46.165 15.319 44.901 14.556
325 6 2 46.158 15.327 44.894 14.564
326 6 2 46.158 15.319 44.894 14.556
327 6 2 46.158 15.327 44.894 14.564
328 6 2 46.158 15.319 44.894 14.556
329 6 2 46.158 15.327 44.894 14.564
330 6 2 46.158 15.319 44.894 14.556
331 6 2 46.158 15.327 44.894 14.564
332 6 2 46.158 15.319 44.894 14.556
333 6 2 46.158 15.327 44.894 14.564
334 6 2 46.158 15.319 44.894 14.556
335 6 2 46.150 15.311 44.886 14.548
336 6 2 46.150 15.319 44.886 14.556
337 6 2 46.150 15.311 44.886 14.548
338 6 2 46.150 15.304 44.886 14.540
339 6 2 46.142 15.312 44.878 14.548
340 6 2 46.142 15.304 44.878 14.540
341 6 2 46.142 15.312 44.878 14.548
342 6 2 46.142 15.304 44.878 14.540
343 6 2 46.142 15.312 44.878 14.548
344 6 2 46.142 15.304 44.878 14.540
345 6 2 46.142 15.312 44.878 14.548
346 6 2 46.142 15.304 44.878 14.540
347 6 2 46.142 15.312 44.878 14.548
348 6 2 46.134 15.304 44.870 14.540
349 6 2 46.134 15.296 44.870 14.532
350 6 2 46.126 15.288 44.862 14.524
351 6 2 46.126 15.296 44.862 14.532
352 6 2 46.126 15.288 44.862 14.524
353 6 2 46.118 15.296 44.854 14.532
354 6 2 46.118 15.288 44.854 14.524
355 6 2 46.118 15.296 44.854 14.532
356 6 2 46.118 15.288 44.854 14.524
357 6 2 46.110 15.296 44.846 14.532
358 6 2 46.110 15.288 44.846 14.524
359 6 2 46.110 15.296 44.846 14.532
360 6 2 46.110 15.288 44.846 14.524
361 6 2 46.110 15.296 44.846 14.532
362 6 2 46.102 15.288 44.838 14.524
363 6 2 46.102 15.296 44.838 14.532
364 6 2 46.102 15.288 44.838 14.524
365 6 2 46.102 15.296 44.838 14.532
366 6 2 46.102 15.288 44.838 14.524
367 6 2 46.102 15.296 44.838 14.532
368 6 2 46.102 15.288 44.838 14.524
369 6 2 46.094 15.296 44.830 14.532
370 6 2 46.102 15.288 44.838 14.524
371 6 2 46.094 15.296 44.830 14.532
372 6 2 46.094 15.288 44.830 14.525
373 6 2 46.094 15.296 44.830 14.532
374 6 2 46.094 15.288 44.830 14.525
375 6 2 46.094 15.296 44.830 14.532
376 6 2 46.094 15.288 44.830 14.525
377 6 2 46.094 15.296 44.830 14.532
378 6 2 46.094 15.288 44.830 14.525
379 6 2 46.094 15.296 44.830 14.532
380 6 2 46.094 15.288 44.830 14.525
381 6 2 46.094 15.296 44.830 14.532
382 6 2 46.094 15.288 44.830 14.525
383 6 2 46.094 15.296 44.830 14.532
384 6 2 46.094 15.288 44.830 14.525
385 6 2 46.094 15.280 44.830 14.517
386 6 2 46.094 15.272 44.830 14.509
387 6 2 46.087 15.280 44.822 14.517
388 6 2 46.086 15.272 44.822 14.509
389 6 2 46.087 15.280 44.822 14.517
390 6 2 46.086 15.272 44.822 14.509
391 6 2 46.087 15.280 44.822 14.517
392 6 2 46.086 15.272 44.822 14.509
393 6 2 46.087 15.280 44.822 14.517
394 6 2 46.086 15.272 44.822 14.509
395 6 2 46.087 15.280 44.822 14.517
396 6 2 46.086 15.272 44.822 14.509
397 6 2 46.079 15.280 44.815 14.517
398 6 2 46.079 15.273 44.815 14.509
399 6 2 46.079 15.280 44.815 14.517
400 6 2 46.079 15.273 44.815 14.509
401 6 2 46.079 15.280 44.815 14.517
402 6 2 46.079 15.273 44.815 14.509
403 6 2 46.079 15.280 44.815 14.517
404 6 2 46.079 15.273 44.815 14.509
405 6 2 46.071 15.281 44.807 14.517
406 6 2 46.071 15.273 44.807 14.509
407 6 2 46.071 15.281 44.807 14.517
408 6 2 46.071 15.273 44.807 14.509
409 6 2 46.071 15.281 44.807 14.517
410 6 2 46.071 15.273 44.807 14.509
411 6 2 46.071 15.281 44.807 14.517
412 6 2 46.071 15.273 44.807 14.509
413 6 2 46.071 15.281 44.807 14.517
414 6 2 46.071 15.273 44.807 14.509
415 6 2 46.063 15.281 44.799 14.517
416 6 2 46.063 15.273 44.799 14.509
417 6 2 46.063 15.281 44.799 14.517
418 6 2 46.063 15.273 44.799 14.509
419 6 2 46.063 15.281 44.799 14.517
420 6 2 46.063 15.273 44.799 14.509
421 6 2 46.063 15.281 44.799 14.517
422 6 2 46.063 15.273 44.799 14.509
423 6 2 46.063 15.281 44.799 14.517
424 6 2 46.063 15.273 44.799 14.509
425 6 2 46.063 15.281 44.799 14.517
426 6 2 46.063 15.273 44.799 14.509
427 6 2 46.055 15.281 44.791 14.517
428 6 2 46.063 15.273 44.799 14.509
429 6 2 46.063 15.281 44.799 14.517
430 6 2 46.063 15.273 44.799 14.509
431 6 2 46.063 15.281 44.799 14.517
432 6 2 46.063 15.273 44.799 14.509
433 6 2 46.063 15.281 44.799 14.517
434 6 2 46.063 15.273 44.799 14.509
435 6 2 46.063 15.281 44.799 14.517
436 6 2 46.063 15.273 44.799 14.509
437 6 2 46.055 15.281 44.791 14.517
438 6 2 46.047 15.273 44.783 14.509
439 6 2 46.055 15.265 44.791 14.501
440 6 2 46.047 15.257 44.783 14.493
441 6 2 46.055 15.265 44.791 14.501
442 6 2 46.047 15.257 44.783 14.493
443 6 2 46.055 15.265 44.791 14.501
444 6 2 46.047 15.257 44.783 14.493
445 6 2 46.055 15.265 44.791 14.501
446 6 2 46.047 15.257 44.783 14.493
447 6 2 46.055 15.265 44.791 14.501
448 6 2 46.047 15.257 44.783 14.493
449 6 2 46.055 15.265 44.791 14.501
450 6 2 46.047 15.257 44.783 14.493
451 6 2 46.055 15.265 44.791 14.501
452 6 2 46.047 15.257 44.783 14.493
453 6 2 46.055 15.265 44.791 14.501
454 6 2 46.047 15.257 44.783 14.493
455 6 2 46.055 15.265 44.791 14.501
456 6 2 46.047 15.257 44.783 14.493
457 6 2 46.055 15.265 44.791 14.501
458 6 2 46.047 15.257 44.783 14.493
459 6 2 46.055 15.265 44.791 14.501
460 6 2 46.047 15.257 44.783 14.493
461 6 2 46.055 15.265 44.791 14.501
462 6 2 46.047 15.257 44.783 14.493
463 6 2 46.055 15.265 44.791 14.501
464 6 2 46.047 15.257 44.783 14.493
465 6 2 46.055 15.265 44.791 14.501
466 6 2 46.063 15.257 44.799 14.493
467 6 2 46.063 15.265 44.799 14.501
468 6 2 46.063 15.257 44.799 14.493
469 6 2 46.063 15.265 44.799 14.501
470 6 2 46.071 15.257 44.807 14.493
471 6 2 46.063 15.265 44.799 14.501
472 6 2 46.071 15.257 44.807 14.493
9 7 1 31.222 17.884 30.463 16.575
10 7 1 31.230 17.836 30.471 16.527
11 7 1 31.222 17.788 30.463 16.479
12 7 1 31.246 17.724 30.486 16.415
13 7 1 31.254 17.692 30.494 16.383
14 7 1 31.246 17.676 30.486 16.367
15 7 1 31.253 17.612 30.494 16.303
16 7 1 31.277 17.564 30.518 16.255
17 7 1 31.285 17.500 30.526 16.191
18 7 1 31.293 17.452 30.534 16.143
19 7 1 31.285 17.388 30.526 16.079
20 7 1 31.309 17.324 30.550 16.015
21 7 1 31.317 17.276 30.558 15.967
22 7 1 31.325 17.228 30.566 15.919
23 7 1 31.333 17.164 30.574 15.855
24 7 1 31.341 17.116 30.582 15.807
25 7 1 31.333 17.052 30.574 15.743
26 7 1 31.341 16.988 30.582 15.679
27 7 1 31.333 16.956 30.574 15.648
28 7 1 31.340 16.908 30.582 15.600
29 7 1 31.332 16.860 30.573 15.552
30 7 1 31.340 16.812 30.581 15.504
31 7 1 31.348 16.764 30.589 15.456
32 7 1 31.340 16.717 30.581 15.408
33 7 1 31.332 16.669 30.573 15.360
34 7 1 31.340 16.605 30.581 15.297
35 7 1 31.332 16.541 30.573 15.233
36 7 1 31.340 16.493 30.581 15.185
37 7 1 31.332 16.429 30.573 15.121
38 7 1 31.340 16.366 30.581 15.057
39 7 1 31.332 16.302 30.573 14.994
40 7 1 31.340 16.254 30.581 14.946
41 7 1 31.332 16.206 30.573 14.898
42 7 1 31.340 16.158 30.581 14.850
43 7 1 31.348 16.094 30.589 14.786
44 7 1 31.355 16.030 30.597 14.722
45 7 1 31.363 15.998 30.605 14.690
46 7 1 31.355 15.982 30.597 14.674
47 7 1 31.363 15.934 30.605 14.626
48 7 1 31.371 15.887 30.613 14.578
49 7 1 31.379 15.823 30.620 14.515
50 7 1 31.387 15.775 30.628 14.467
51 7 1 31.395 15.727 30.636 14.419
52 7 1 31.403 15.663 30.644 14.355
53 7 1 31.411 15.615 30.652 14.307
54 7 1 31.419 15.567 30.660 14.259
55 7 1 31.427 15.519 30.668 14.211
56 7 1 31.435 15.455 30.676 14.147
57 7 1 31.419 15.392 30.660 14.084
58 7 1 31.434 15.328 30.676 14.020
59 7 1 31.426 15.280 30.668 13.972
60 7 1 31.434 15.232 30.676 13.924
61 7 1 31.434 15.184 30.676 13.876
62 7 1 31.450 15.152 30.692 13.844
63 7 1 31.434 15.104 30.676 13.797
64 7 1 31.450 15.056 30.692 13.749
65 7 1 31.442 15.009 30.684 13.701
66 7 1 31.434 14.945 30.676 13.637
67 7 1 31.418 14.897 30.660 13.590
68 7 1 31.434 14.849 30.675 13.542
69 7 1 31.418 14.802 30.659 13.494
70 7 1 31.434 14.754 30.675 13.446
71 7 1 31.426 14.706 30.667 13.399
72 7 1 31.434 14.626 30.675 13.319
73 7 1 31.418 14.578 30.659 13.271
74 7 1 31.434 14.530 30.675 13.223
75 7 1 31.441 14.483 30.683 13.175
76 7 1 31.449 14.419 30.691 13.112
77 7 1 31.457 14.371 30.699 13.064
78 7 1 31.465 14.323 30.707 13.016
79 7 1 31.473 14.307 30.715 13.000
80 7 1 31.481 14.291 30.723 12.984
81 7 1 31.465 14.243 30.707 12.936
82 7 1 31.481 14.195 30.723 12.888
83 7 1 31.473 14.148 30.715 12.841
84 7 1 31.481 14.084 30.723 12.777
85 7 1 31.473 14.036 30.715 12.729
86 7 1 31.481 13.988 30.723 12.681
87 7 1 31.489 13.924 30.730 12.617
88 7 1 31.497 13.877 30.738 12.570
89 7 1 31.489 13.829 30.730 12.522
90 7 1 31.496 13.765 30.738 12.458
91 7 1 31.488 13.701 30.730 12.395
92 7 1 31.496 13.638 30.738 12.331
93 7 1 31.488 13.606 30.730 12.299
94 7 1 31.480 13.574 30.722 12.267
95 7 1 31.472 13.542 30.714 12.235
96 7 1 31.480 13.494 30.722 12.188
97 7 1 31.464 13.463 30.706 12.156
98 7 1 31.464 13.415 30.706 12.108
99 7 1 31.448 13.351 30.690 12.045
100 7 1 31.448 13.304 30.690 11.997
101 7 1 31.440 13.256 30.682 11.949
102 7 1 31.432 13.208 30.674 11.902
103 7 1 31.416 13.161 30.658 11.854
104 7 1 31.416 13.097 30.658 11.790
105 7 1 31.400 13.049 30.642 11.743
106 7 1 31.400 12.970 30.642 11.663
107 7 1 31.376 12.906 30.618 11.600
108 7 1 31.384 12.858 30.626 11.552
109 7 1 31.368 12.811 30.610 11.504
110 7 1 31.360 12.763 30.602 11.457
111 7 1 31.376 12.715 30.618 11.409
112 7 1 31.400 12.635 30.642 11.329
114 7 1 31.392 12.627 30.634 11.321
115 7 1 31.392 12.580 30.634 11.273
116 7 1 31.376 12.516 30.618 11.210
117 7 1 31.376 12.468 30.618 11.162
118 7 1 31.391 12.420 30.634 11.114
119 7 1 31.391 12.357 30.634 11.051
120 7 1 31.391 12.293 30.633 10.987
121 7 1 31.391 12.245 30.633 10.939
122 7 1 31.391 12.214 30.633 10.907
123 7 1 31.391 12.166 30.633 10.860
124 7 1 31.391 12.118 30.633 10.812
125 7 1 31.391 12.062 30.641 10.764
127 7 1 31.383 12.054 30.633 10.756
128 7 1 31.375 12.015 30.625 10.717
129 7 1 31.367 11.975 30.617 10.677
130 7 1 31.375 11.935 30.625 10.637
131 7 1 31.367 11.895 30.617 10.597
132 7 1 31.359 11.856 30.609 10.558
133 7 1 31.351 11.800 30.601 10.502
134 7 1 31.343 11.760 30.593 10.462
135 7 1 31.335 11.705 30.585 10.407
136 7 1 31.303 11.387 30.625 10.343
137 7 1 31.327 11.506 30.585 10.240
138 7 1 31.255 11.236 30.593 10.383
139 7 1 31.287 11.419 30.553 10.200
140 7 1 31.279 11.379 30.545 10.161
141 7 1 31.287 11.355 30.553 10.137
142 7 1 31.279 11.316 30.545 10.097
143 7 1 31.287 11.276 30.553 10.057
144 7 1 31.279 11.236 30.545 10.018
145 7 1 31.246 10.831 30.521 9.700
146 7 1 31.246 10.870 30.521 9.668
147 7 1 31.231 10.831 30.505 9.628
148 7 1 31.215 10.823 30.489 9.621
149 7 1 31.215 10.815 30.489 9.613
150 7 1 31.215 10.807 30.489 9.605
151 7 1 31.199 10.783 30.473 9.581
152 7 1 31.183 10.760 30.457 9.557
153 7 1 31.167 10.720 30.441 9.518
154 7 1 31.151 10.680 30.425 9.478
156 7 1 31.143 10.673 30.417 9.470
157 7 1 31.150 10.267 30.449 9.239
158 7 1 31.158 10.347 30.441 9.176
159 7 1 31.150 10.323 30.433 9.152
160 7 1 31.142 10.299 30.425 9.128
161 7 1 31.134 10.243 30.417 9.073
162 7 1 31.126 10.220 30.409 9.049
163 7 1 31.134 10.148 30.417 8.978
164 7 1 31.142 10.108 30.425 8.938
165 7 1 31.134 10.069 30.417 8.898
166 7 1 31.126 10.045 30.409 8.874
167 7 1 31.134 10.005 30.417 8.835
168 7 1 31.126 9.965 30.409 8.795
169 7 1 31.118 9.910 30.401 8.739
170 7 1 31.110 9.854 30.393 8.684
171 7 1 31.102 9.799 30.385 8.628
172 7 1 31.094 9.743 30.377 8.573
173 7 1 31.102 9.703 30.385 8.533
174 7 1 31.094 9.664 30.377 8.493
175 7 1 31.102 9.624 30.385 8.454
176 7 1 31.094 9.584 30.377 8.414
177 7 1 31.102 9.544 30.385 8.374
178 7 1 31.094 9.521 30.377 8.350
179 7 1 31.102 9.481 30.385 8.311
180 7 1 31.110 9.441 30.392 8.271
181 7 1 31.118 9.417 30.400 8.247
182 7 1 31.110 9.409 30.392 8.239
183 7 1 31.102 9.385 30.384 8.215
184 7 1 31.117 9.099 30.400 7.969
185 7 1 31.109 9.123 30.392 7.961
186 7 1 31.117 9.091 30.400 7.929
187 7 1 31.109 9.076 30.392 7.914
188 7 1 31.133 9.060 30.416 7.898
189 7 1 31.125 9.028 30.408 7.866
190 7 1 31.133 9.012 30.416 7.850
191 7 1 31.125 9.012 30.408 7.850
192 7 1 31.133 8.996 30.416 7.834
193 7 1 31.141 8.964 30.424 7.802
194 7 1 31.165 8.916 30.448 7.754
195 7 1 31.189 8.869 30.472 7.707
196 7 1 31.213 8.805 30.495 7.643
197 7 1 31.220 8.773 30.503 7.611
198 7 1 31.228 8.741 30.511 7.579
199 7 1 31.220 8.709 30.503 7.548
200 7 1 31.244 8.678 30.527 7.516
201 7 1 31.236 8.646 30.519 7.484
202 7 1 31.244 8.614 30.527 7.452
203 7 1 31.236 8.582 30.519 7.421
204 7 1 31.244 8.551 30.527 7.389
205 7 1 31.236 8.519 30.519 7.357
206 7 1 31.228 8.471 30.511 7.310
208 7 1 31.220 8.463 30.503 7.302
209 7 1 31.212 8.416 30.495 7.254
210 7 1 31.188 8.352 30.471 7.191
211 7 1 31.180 8.289 30.463 7.127
212 7 1 31.172 8.241 30.455 7.080
213 7 1 31.164 8.194 30.447 7.032
214 7 1 31.140 8.123 30.463 7.008
215 7 1 31.156 8.138 30.447 6.985
216 7 1 31.156 8.115 30.447 6.961
217 7 1 31.140 8.075 30.431 6.921
218 7 1 31.140 8.051 30.431 6.898
219 7 1 31.124 7.996 30.415 6.842
220 7 1 31.124 7.956 30.415 6.802
221 7 1 31.108 7.916 30.399 6.763
222 7 1 31.108 7.877 30.399 6.723
224 7 1 31.116 7.599 30.383 6.509
225 7 1 31.100 7.631 30.391 6.485
226 7 1 31.100 7.599 30.391 6.454
227 7 1 31.100 7.552 30.391 6.406
228 7 1 31.124 7.488 30.415 6.350
230 7 1 31.116 7.480 30.407 6.342
231 7 1 31.298 7.138 30.423 6.453
232 7 1 31.306 7.090 30.439 6.437
233 7 1 31.250 7.019 30.415 6.453
234 7 1 31.187 7.273 30.478 6.199
235 7 1 31.203 7.233 30.494 6.160
236 7 1 31.203 7.178 30.494 6.104
237 7 1 31.346 6.804 30.486 6.136
238 7 1 31.266 7.003 30.558 5.945
239 7 1 31.266 6.963 30.558 5.905
240 7 1 31.282 6.924 30.574 5.866
241 7 1 31.282 6.868 30.573 5.810
242 7 1 31.298 6.813 30.589 5.755
243 7 1 31.298 6.757 30.589 5.699
244 7 1 31.314 6.701 30.605 5.644
245 7 1 31.314 6.630 30.605 5.572
246 7 1 31.329 6.574 30.621 5.517
247 7 1 31.345 6.487 30.637 5.429
248 7 1 31.345 6.447 30.637 5.390
249 7 1 31.361 6.408 30.653 5.350
250 7 1 31.361 6.400 30.653 5.342
251 7 1 31.377 6.344 30.668 5.287
252 7 1 31.393 6.304 30.684 5.247
253 7 1 31.409 6.249 30.700 5.191
254 7 1 31.424 6.209 30.716 5.152
255 7 1 31.448 6.035 30.732 4.977
256 7 1 31.440 6.035 30.732 4.977
257 7 1 31.456 5.995 30.748 4.937
258 7 1 31.456 5.939 30.748 4.882
259 7 1 31.488 5.884 30.779 4.826
260 7 1 31.503 5.844 30.795 4.787
261 7 1 31.519 5.789 30.811 4.731
262 7 1 31.535 5.733 30.827 4.676
263 7 1 31.567 5.677 30.859 4.620
264 7 1 31.583 5.638 30.874 4.580
265 7 1 31.599 5.582 30.890 4.525
266 7 1 31.614 5.542 30.906 4.485
267 7 1 31.614 5.503 30.906 4.445
268 7 1 31.614 5.479 30.906 4.422
269 7 1 31.614 5.439 30.906 4.382
270 7 1 31.630 5.400 30.922 4.342
271 7 1 31.662 5.344 30.954 4.287
272 7 1 31.678 5.304 30.970 4.247
273 7 1 31.693 5.249 30.985 4.192
274 7 1 31.709 5.209 31.001 4.152
275 7 1 31.725 5.154 31.017 4.096
276 7 1 31.741 5.098 31.033 4.041
277 7 1 31.741 5.043 31.033 3.986
278 7 1 31.757 4.987 31.049 3.930
279 7 1 31.757 4.932 31.049 3.875
280 7 1 31.772 4.892 31.064 3.835
281 7 1 31.772 4.837 31.064 3.780
282 7 1 31.788 4.797 31.080 3.740
283 7 1 31.788 4.741 31.080 3.685
284 7 1 31.788 4.718 31.080 3.661
285 7 1 31.804 4.662 31.096 3.605
286 7 1 31.836 4.622 31.128 3.566
287 7 1 31.851 4.583 31.144 3.526
288 7 1 31.867 4.559 31.159 3.502
289 7 1 31.883 4.503 31.175 3.447
290 7 1 31.899 4.480 31.191 3.423
291 7 1 31.915 4.424 31.207 3.367
292 7 1 31.931 4.384 31.223 3.328
293 7 1 31.962 4.329 31.254 3.272
294 7 1 31.978 4.289 31.270 3.233
295 7 1 32.010 4.234 31.302 3.177
296 7 1 32.026 4.194 31.318 3.137
297 7 1 32.057 4.138 31.350 3.082
298 7 1 32.073 4.099 31.365 3.042
299 7 1 32.089 4.043 31.381 2.987
300 7 1 32.105 4.019 31.397 2.963
301 7 1 32.121 3.980 31.413 2.923
302 7 1 32.121 3.956 31.413 2.900
303 7 1 32.121 3.916 31.413 2.860
304 7 1 32.120 3.893 31.413 2.836
305 7 1 32.136 3.837 31.429 2.781
306 7 1 32.152 3.798 31.444 2.741
307 7 1 32.168 3.758 31.460 2.702
308 7 1 32.168 3.718 31.460 2.662
309 7 1 32.184 3.679 31.476 2.622
310 7 1 32.199 3.639 31.492 2.583
311 7 1 32.199 3.584 31.492 2.528
312 7 1 32.199 3.544 31.492 2.488
313 7 1 32.215 3.489 31.508 2.433
314 7 1 32.215 3.449 31.508 2.393
315 7 1 32.215 3.394 31.507 2.338
316 7 1 32.215 3.354 31.507 2.298
317 7 1 32.215 3.299 31.507 2.243
318 7 1 32.215 3.275 31.507 2.219
319 7 1 32.215 3.236 31.507 2.180
320 7 1 32.215 3.212 31.507 2.156
321 7 1 32.231 3.172 31.523 2.116
322 7 1 32.231 3.149 31.523 2.093
323 7 1 32.246 3.109 31.539 2.053
324 7 1 32.246 3.085 31.539 2.029
325 7 1 32.246 3.046 31.539 1.990
326 7 1 32.262 3.022 31.555 1.966
327 7 1 32.262 2.982 31.555 1.926
328 7 1 32.278 2.943 31.570 1.887
329 7 1 32.278 2.903 31.570 1.847
330 7 1 32.294 2.864 31.586 1.808
331 7 1 32.309 2.824 31.602 1.768
332 7 1 32.309 2.785 31.602 1.729
333 7 1 32.325 2.745 31.618 1.689
334 7 1 32.325 2.705 31.618 1.650
335 7 1 32.325 2.666 31.618 1.610
336 7 1 32.341 2.642 31.634 1.586
337 7 1 32.341 2.603 31.634 1.547
338 7 1 32.341 2.579 31.634 1.523
339 7 1 32.341 2.539 31.633 1.484
340 7 1 32.341 2.531 31.633 1.476
341 7 1 32.341 2.508 31.633 1.452
342 7 1 32.325 2.484 31.618 1.428
343 7 1 32.325 2.460 31.618 1.405
344 7 1 32.309 2.453 31.602 1.397
345 7 1 32.293 2.429 31.586 1.373
346 7 1 32.277 2.405 31.570 1.350
347 7 1 32.277 2.382 31.570 1.326
348 7 1 32.261 2.374 31.554 1.318
349 7 1 32.261 2.350 31.554 1.294
350 7 1 32.261 2.342 31.554 1.286
351 7 1 32.261 2.318 31.554 1.263
352 7 1 32.261 2.311 31.554 1.255
353 7 1 32.261 2.287 31.554 1.231
354 7 1 32.261 2.279 31.554 1.223
355 7 1 32.277 2.255 31.570 1.199
356 7 1 32.293 2.247 31.586 1.191
357 7 1 32.309 2.223 31.601 1.168
358 7 1 32.324 2.200 31.617 1.144
359 7 1 32.324 2.176 31.617 1.120
360 7 1 32.324 2.152 31.617 1.097
361 7 1 32.324 2.128 31.617 1.073
362 7 1 32.324 2.121 31.617 1.065
363 7 1 32.324 2.097 31.617 1.041
364 7 1 32.324 2.089 31.617 1.033
365 7 1 32.324 2.065 31.617 1.010
366 7 1 32.324 2.057 31.617 1.002
367 7 1 32.324 2.018 31.617 0.962
368 7 1 32.324 2.010 31.617 0.954
369 7 1 32.324 1.986 31.617 0.931
370 7 1 32.324 1.978 31.617 0.923
371 7 1 32.340 1.955 31.633 0.899
372 7 1 32.340 1.947 31.633 0.891
373 7 1 32.340 1.939 31.633 0.883
374 7 1 32.340 1.947 31.633 0.891
375 7 1 32.340 1.939 31.633 0.883
376 7 1 32.340 1.931 31.633 0.875
377 7 1 32.340 1.923 31.633 0.867
378 7 1 32.340 1.915 31.633 0.859
379 7 1 32.340 1.907 31.633 0.852
380 7 1 32.340 1.915 31.633 0.859
381 7 1 32.340 1.907 31.633 0.852
382 7 1 32.340 1.907 31.633 0.852
383 7 1 32.340 1.899 31.633 0.844
384 7 1 32.340 1.907 31.633 0.852
385 7 1 32.340 1.899 31.633 0.844
386 7 1 32.340 1.899 31.633 0.844
387 7 1 32.340 1.891 31.633 0.836
388 7 1 32.340 1.899 31.633 0.844
389 7 1 32.340 1.891 31.633 0.836
390 7 1 32.340 1.891 31.633 0.836
391 7 1 32.340 1.883 31.633 0.828
392 7 1 32.340 1.891 31.633 0.836
393 7 1 32.340 1.883 31.633 0.828
394 7 1 32.340 1.883 31.633 0.828
395 7 1 32.356 1.883 31.649 0.828
396 7 1 32.356 1.891 31.649 0.836
397 7 1 32.356 1.883 31.649 0.828
398 7 1 32.372 1.891 31.664 0.836
399 7 1 32.372 1.883 31.664 0.828
400 7 1 32.372 1.883 31.664 0.828
401 7 1 32.372 1.891 31.664 0.836
402 7 1 32.372 1.891 31.664 0.836
403 7 1 32.372 1.891 31.664 0.836
404 7 1 32.372 1.899 31.664 0.844
405 7 1 32.372 1.891 31.664 0.836
406 7 1 32.372 1.899 31.664 0.844
407 7 1 32.372 1.891 31.664 0.836
408 7 1 32.372 1.899 31.664 0.844
409 7 1 32.372 1.891 31.664 0.836
410 7 1 32.372 1.899 31.664 0.844
411 7 1 32.372 1.891 31.664 0.836
412 7 1 32.372 1.899 31.664 0.844
413 7 1 32.372 1.891 31.664 0.836
414 7 1 32.372 1.899 31.664 0.844
415 7 1 32.372 1.891 31.664 0.836
416 7 1 32.372 1.899 31.664 0.844
417 7 1 32.372 1.891 31.664 0.836
418 7 1 32.372 1.899 31.664 0.844
419 7 1 32.372 1.891 31.664 0.836
420 7 1 32.356 1.899 31.649 0.844
421 7 1 32.356 1.891 31.649 0.836
422 7 1 32.356 1.899 31.649 0.844
423 7 1 32.340 1.891 31.633 0.836
424 7 1 32.340 1.899 31.633 0.844
425 7 1 32.324 1.891 31.617 0.836
426 7 1 32.308 1.899 31.601 0.844
427 7 1 32.292 1.892 31.585 0.836
428 7 1 32.276 1.892 31.569 0.836
429 7 1 32.261 1.884 31.553 0.828
430 7 1 32.245 1.892 31.538 0.836
431 7 1 32.229 1.884 31.522 0.828
432 7 1 32.213 1.892 31.506 0.836
433 7 1 32.197 1.884 31.490 0.828
434 7 1 32.181 1.892 31.474 0.836
435 7 1 32.181 1.884 31.474 0.829
436 7 1 32.165 1.892 31.458 0.836
437 7 1 32.165 1.884 31.458 0.829
438 7 1 32.150 1.892 31.442 0.837
439 7 1 32.150 1.884 31.442 0.829
440 7 1 32.150 1.892 31.442 0.837
441 7 1 32.150 1.884 31.442 0.829
442 7 1 32.150 1.892 31.442 0.837
443 7 1 32.150 1.884 31.442 0.829
444 7 1 32.150 1.892 31.442 0.837
445 7 1 32.150 1.884 31.442 0.829
446 7 1 32.150 1.892 31.442 0.837
447 7 1 32.150 1.884 31.442 0.829
448 7 1 32.165 1.892 31.458 0.836
449 7 1 32.165 1.884 31.458 0.829
450 7 1 32.165 1.892 31.458 0.836
451 7 1 32.165 1.884 31.458 0.829
452 7 1 32.165 1.892 31.458 0.836
453 7 1 32.165 1.884 31.458 0.829
454 7 1 32.165 1.892 31.458 0.836
455 7 1 32.165 1.884 31.458 0.829
456 7 1 32.165 1.892 31.458 0.836
457 7 1 32.165 1.884 31.458 0.829
458 7 1 32.165 1.892 31.458 0.836
459 7 1 32.165 1.884 31.458 0.829
460 7 1 32.165 1.892 31.458 0.836
461 7 1 32.165 1.884 31.458 0.829
462 7 1 32.165 1.892 31.458 0.836
463 7 1 32.181 1.884 31.474 0.829
464 7 1 32.181 1.892 31.474 0.836
465 7 1 32.181 1.884 31.474 0.829
466 7 1 32.181 1.892 31.474 0.836
467 7 1 32.181 1.884 31.474 0.829
468 7 1 32.181 1.892 31.474 0.836
469 7 1 32.181 1.884 31.474 0.829
470 7 1 32.181 1.892 31.474 0.836
471 7 1 32.181 1.884 31.474 0.829
472 7 1 32.181 1.876 31.474 0.821
6 8 2 16.200 8.956 15.548 8.737
7 8 2 16.256 8.980 15.507 8.730
8 8 2 16.272 8.972 15.532 8.713
9 8 2 16.320 8.987 15.564 8.729
10 8 2 16.385 8.995 15.620 8.737
11 8 2 16.457 9.018 15.693 8.760
12 8 2 16.514 9.026 15.749 8.768
14 8 2 16.506 9.018 15.741 8.760
15 8 2 16.570 9.041 15.805 8.783
16 8 2 16.634 9.057 15.870 8.799
17 8 2 16.699 9.080 15.934 8.822
18 8 2 16.763 9.104 15.999 8.846
19 8 2 16.827 9.127 16.063 8.869
20 8 2 16.892 9.143 16.127 8.885
21 8 2 16.956 9.166 16.192 8.908
22 8 2 17.029 9.190 16.264 8.932
23 8 2 17.093 9.205 16.329 8.947
24 8 2 17.157 9.229 16.393 8.971
25 8 2 17.222 9.252 16.457 8.994
26 8 2 17.294 9.276 16.530 9.018
27 8 2 17.358 9.299 16.594 9.041
28 8 2 17.431 9.323 16.667 9.065
29 8 2 17.503 9.346 16.739 9.088
30 8 2 17.792 9.695 15.934 8.846
31 8 2 17.679 9.752 16.023 8.878
32 8 2 17.735 9.768 16.063 8.917
33 8 2 17.647 9.681 16.135 8.989
34 8 2 18.097 9.837 16.078 9.037
35 8 2 18.145 9.852 16.127 9.069
36 8 2 18.177 9.884 16.223 9.076
37 8 2 18.025 9.829 16.368 9.115
38 8 2 18.097 9.845 16.441 9.130
39 8 2 18.185 9.892 16.529 9.178
40 8 2 18.258 9.907 16.602 9.193
41 8 2 18.346 9.939 16.690 9.224
42 8 2 18.419 9.970 16.763 9.256
43 8 2 18.507 9.985 16.851 9.271
44 8 2 18.563 10.001 16.907 9.287
45 8 2 18.652 10.032 16.996 9.318
46 8 2 18.724 10.064 17.068 9.349
47 8 2 18.812 10.095 17.157 9.381
48 8 2 18.885 10.126 17.229 9.412
49 8 2 18.973 10.142 17.318 9.427
50 8 2 19.045 10.157 17.390 9.443
51 8 2 19.134 10.204 17.478 9.490
52 8 2 19.206 10.220 17.551 9.505
53 8 2 19.455 10.234 17.792 9.607
54 8 2 19.439 10.266 17.784 9.560
55 8 2 19.632 10.288 18.017 9.622
56 8 2 19.640 10.304 17.993 9.606
57 8 2 19.736 10.335 18.090 9.637
58 8 2 19.817 10.366 18.170 9.668
59 8 2 19.913 10.398 18.267 9.700
60 8 2 20.009 10.429 18.363 9.731
61 8 2 20.090 10.460 18.443 9.762
62 8 2 20.186 10.491 18.540 9.793
63 8 2 20.282 10.522 18.636 9.825
64 8 2 20.363 10.538 18.717 9.840
65 8 2 20.459 10.585 18.813 9.887
66 8 2 20.555 10.600 18.909 9.902
67 8 2 20.652 10.647 19.006 9.950
68 8 2 20.732 10.662 19.086 9.965
69 8 2 20.924 10.876 19.231 9.924
70 8 2 20.956 10.932 19.311 9.947
71 8 2 20.948 10.796 19.303 10.067
72 8 2 21.045 10.828 19.399 10.098
73 8 2 21.141 10.859 19.496 10.129
74 8 2 21.237 10.890 19.592 10.161
75 8 2 21.334 10.921 19.689 10.192
76 8 2 21.414 10.936 19.769 10.207
77 8 2 21.526 10.967 19.881 10.238
78 8 2 21.606 10.999 19.962 10.269
79 8 2 21.719 11.030 20.074 10.300
80 8 2 21.799 11.061 20.154 10.332
81 8 2 21.911 11.076 20.267 10.347
82 8 2 21.991 11.107 20.347 10.378
83 8 2 22.104 11.138 20.459 10.409
84 8 2 22.184 11.169 20.540 10.440
85 8 2 22.280 11.185 20.636 10.456
86 8 2 22.336 11.216 20.909 10.493
87 8 2 22.432 11.215 20.805 10.494
88 8 2 22.705 11.389 20.981 10.421
89 8 2 22.649 11.269 21.021 10.540
90 8 2 22.729 11.301 21.102 10.572
91 8 2 22.825 11.316 21.198 10.587
92 8 2 22.921 11.331 21.294 10.602
93 8 2 23.018 11.378 21.390 10.649
94 8 2 23.258 11.583 21.511 10.552
95 8 2 23.378 11.582 21.679 10.615
96 8 2 23.330 11.463 21.703 10.718
97 8 2 23.426 11.494 21.799 10.749
98 8 2 23.482 11.557 21.952 10.892
99 8 2 23.682 11.683 22.008 10.796
100 8 2 23.642 11.604 22.024 10.867
101 8 2 23.731 11.627 22.112 10.891
102 8 2 23.835 11.650 22.216 10.914
103 8 2 23.923 11.673 22.305 10.937
104 8 2 24.027 11.696 22.409 10.960
105 8 2 24.115 11.720 22.497 10.983
106 8 2 24.219 11.743 22.601 11.006
107 8 2 24.291 11.766 22.673 11.030
108 8 2 24.395 11.773 22.778 11.037
109 8 2 24.483 11.812 22.866 11.076
110 8 2 24.588 11.819 22.970 11.083
111 8 2 24.676 11.842 23.058 11.106
112 8 2 24.764 11.866 23.146 11.129
113 8 2 24.852 11.889 23.234 11.153
114 8 2 24.956 11.896 23.339 11.160
115 8 2 25.044 11.919 23.427 11.183
116 8 2 25.148 11.942 23.531 11.206
117 8 2 25.220 11.965 23.603 11.229
118 8 2 25.324 11.972 23.707 11.236
119 8 2 25.412 11.996 23.795 11.260
120 8 2 25.516 12.003 23.899 11.267
121 8 2 25.588 12.026 23.971 11.290
122 8 2 25.692 12.033 24.076 11.297
123 8 2 25.780 12.056 24.164 11.320
124 8 2 25.868 12.063 24.252 11.327
125 8 2 26.100 12.077 24.492 11.429
126 8 2 26.092 12.109 24.484 11.381
127 8 2 26.172 12.124 24.564 11.397
128 8 2 26.284 12.123 24.676 11.396
129 8 2 26.364 12.139 24.756 11.411
130 8 2 26.460 12.154 24.852 11.426
131 8 2 26.556 12.153 24.948 11.425
132 8 2 26.652 12.168 25.044 11.440
133 8 2 26.732 12.183 25.124 11.456
134 8 2 26.812 12.183 25.204 11.455
135 8 2 26.924 12.197 25.316 11.470
136 8 2 27.003 12.213 25.396 11.485
137 8 2 27.099 12.212 25.492 11.484
138 8 2 27.195 12.227 25.588 11.500
139 8 2 27.291 12.242 25.684 11.515
140 8 2 27.371 12.257 25.764 11.530
141 8 2 27.451 12.257 25.844 11.529
142 8 2 27.547 12.272 25.940 11.544
143 8 2 27.643 12.287 26.036 11.559
144 8 2 27.739 12.286 26.132 11.559
145 8 2 27.818 12.301 26.212 11.574
146 8 2 27.898 12.316 26.292 11.589
147 8 2 27.994 12.315 26.388 11.588
148 8 2 28.090 12.331 26.484 11.603
149 8 2 28.170 12.330 26.564 11.603
150 8 2 28.250 12.345 26.644 11.618
151 8 2 28.361 12.360 26.756 11.633
152 8 2 28.425 12.359 26.820 11.632
153 8 2 28.521 12.375 26.916 11.648
154 8 2 28.601 12.390 26.996 11.663
155 8 2 28.713 12.389 27.108 11.662
156 8 2 28.777 12.404 27.171 11.677
157 8 2 28.872 12.419 27.267 11.692
158 8 2 28.952 12.418 27.347 11.692
159 8 2 29.064 12.433 27.459 11.707
160 8 2 29.128 12.449 27.523 11.722
161 8 2 29.223 12.464 27.619 11.737
162 8 2 29.303 12.463 27.699 11.736
163 8 2 29.399 12.478 27.795 11.751
164 8 2 29.495 12.493 27.890 11.767
165 8 2 29.590 12.508 27.986 11.782
166 8 2 29.670 12.508 28.066 11.781
167 8 2 29.750 12.523 28.146 11.796
168 8 2 29.846 12.538 28.242 11.811
169 8 2 29.941 12.537 28.337 11.810
170 8 2 30.037 12.552 28.433 11.826
171 8 2 30.133 12.567 28.529 11.841
172 8 2 30.228 12.582 28.625 11.856
173 8 2 30.308 12.597 28.705 11.871
174 8 2 30.388 12.597 28.784 11.870
175 8 2 30.499 12.612 28.896 11.885
176 8 2 30.579 12.627 28.976 11.900
177 8 2 30.675 12.626 29.072 11.900
178 8 2 30.770 12.641 29.167 11.915
179 8 2 30.866 12.640 29.263 11.914
180 8 2 30.946 12.655 29.343 11.929
181 8 2 31.025 12.670 29.423 11.944
182 8 2 31.137 12.669 29.534 11.943
183 8 2 31.216 12.685 29.614 11.959
184 8 2 31.312 12.700 29.710 11.974
185 8 2 31.408 12.699 29.805 11.973
186 8 2 31.503 12.714 29.901 11.988
187 8 2 31.599 12.729 29.997 12.003
188 8 2 31.694 12.728 30.092 12.002
189 8 2 31.790 12.743 30.188 12.017
190 8 2 31.885 12.758 30.284 12.032
191 8 2 31.981 12.773 30.379 12.047
192 8 2 32.077 12.788 30.475 12.062
193 8 2 32.172 12.803 30.571 12.078
194 8 2 32.268 12.818 30.666 12.093
195 8 2 32.363 12.833 30.762 12.108
196 8 2 32.459 12.832 30.857 12.107
197 8 2 32.554 12.848 30.953 12.122
198 8 2 32.650 12.863 31.049 12.137
199 8 2 32.745 12.878 31.144 12.152
200 8 2 32.841 12.893 31.240 12.167
201 8 2 32.936 12.908 31.335 12.182
202 8 2 33.032 12.923 31.431 12.197
203 8 2 33.127 12.938 31.527 12.212
204 8 2 33.024 12.915 31.519 12.268
205 8 2 33.055 12.938 31.694 12.219
206 8 2 33.167 12.945 31.829 12.233
207 8 2 33.246 12.953 31.996 12.240
208 8 2 33.389 12.943 31.829 12.233
209 8 2 33.477 12.958 31.917 12.249
210 8 2 33.596 12.973 32.036 12.263
211 8 2 33.684 12.988 32.124 12.279
212 8 2 33.787 13.003 32.227 12.294
213 8 2 33.890 13.018 32.331 12.309
214 8 2 33.994 13.017 32.434 12.308
215 8 2 34.081 13.032 32.522 12.323
216 8 2 34.184 13.047 32.625 12.338
217 8 2 34.343 13.030 32.784 12.368
218 8 2 34.351 13.038 32.824 12.384
219 8 2 34.359 13.054 32.808 12.360
220 8 2 34.455 13.069 32.903 12.375
221 8 2 34.550 13.068 32.999 12.374
222 8 2 34.645 13.067 33.094 12.373
223 8 2 34.741 13.082 33.190 12.388
224 8 2 34.836 13.081 33.285 12.387
225 8 2 34.931 13.096 33.380 12.403
226 8 2 35.026 13.095 33.476 12.402
227 8 2 35.122 13.110 33.571 12.417
228 8 2 35.233 13.109 33.683 12.416
229 8 2 35.312 13.108 33.762 12.415
230 8 2 35.423 13.123 33.873 12.430
231 8 2 35.503 13.122 33.953 12.429
232 8 2 35.630 13.121 34.080 12.428
233 8 2 35.725 13.136 34.175 12.443
234 8 2 35.836 13.135 34.286 12.442
235 8 2 35.916 13.150 34.366 12.457
236 8 2 36.027 13.149 34.477 12.456
237 8 2 36.122 13.148 34.572 12.455
238 8 2 36.217 13.163 34.668 12.470
239 8 2 36.328 13.162 34.779 12.469
240 8 2 36.439 13.161 34.890 12.468
241 8 2 36.518 13.177 34.969 12.484
242 8 2 36.629 13.176 35.081 12.483
243 8 2 36.709 13.175 35.160 12.482
244 8 2 36.820 13.190 35.271 12.497
245 8 2 36.915 13.189 35.366 12.496
246 8 2 37.010 13.188 35.462 12.495
247 8 2 37.121 13.203 35.573 12.510
248 8 2 37.232 13.202 35.684 12.509
249 8 2 37.327 13.217 35.779 12.524
250 8 2 37.549 13.246 36.057 12.641
251 8 2 37.597 13.254 36.231 12.607
252 8 2 37.747 13.237 36.263 12.623
253 8 2 37.826 13.228 36.247 12.679
254 8 2 37.898 13.235 36.382 12.693
255 8 2 37.890 13.291 36.374 12.638
256 8 2 37.985 13.298 36.469 12.645
257 8 2 38.096 13.305 36.580 12.652
258 8 2 38.294 13.255 36.810 12.673
259 8 2 38.436 13.238 36.834 12.689
260 8 2 38.507 13.253 36.961 12.680
261 8 2 38.476 13.277 36.969 12.648
262 8 2 38.579 13.276 37.072 12.647
263 8 2 38.808 13.242 37.230 12.670
264 8 2 38.761 13.267 37.254 12.646
265 8 2 38.864 13.274 37.357 12.653
266 8 2 38.967 13.281 37.460 12.660
267 8 2 39.054 13.272 37.547 12.651
268 8 2 39.157 13.279 37.650 12.658
269 8 2 39.259 13.286 37.753 12.665
270 8 2 39.362 13.293 37.856 12.672
271 8 2 39.449 13.284 37.943 12.663
272 8 2 39.568 13.291 38.062 12.670
273 8 2 39.655 13.282 38.149 12.661
274 8 2 39.758 13.289 38.252 12.668
275 8 2 39.845 13.280 38.339 12.659
276 8 2 39.947 13.287 38.442 12.666
277 8 2 40.050 13.278 38.545 12.658
278 8 2 40.153 13.285 38.648 12.665
279 8 2 40.240 13.277 38.735 12.656
280 8 2 40.501 13.282 38.814 12.655
281 8 2 40.406 13.275 38.901 12.654
282 8 2 40.825 13.327 38.774 12.600
283 8 2 40.888 13.310 38.782 12.624
284 8 2 40.540 13.266 39.028 12.645
285 8 2 40.635 13.257 39.123 12.636
286 8 2 40.730 13.264 39.217 12.644
287 8 2 40.825 13.255 39.312 12.635
288 8 2 40.920 13.262 39.407 12.642
289 8 2 41.014 13.254 39.502 12.633
290 8 2 41.109 13.261 39.597 12.640
291 8 2 41.204 13.252 39.692 12.631
292 8 2 41.283 13.259 39.771 12.638
293 8 2 41.393 13.250 39.882 12.630
294 8 2 41.472 13.257 39.961 12.637
295 8 2 41.583 13.248 40.071 12.628
296 8 2 41.662 13.255 40.150 12.635
297 8 2 41.772 13.262 40.261 12.642
298 8 2 41.851 13.269 40.340 12.649
299 8 2 41.962 13.260 40.451 12.640
300 8 2 42.041 13.268 40.530 12.647
301 8 2 42.151 13.275 40.640 12.654
302 8 2 42.215 13.282 40.704 12.662
303 8 2 42.309 13.273 40.798 12.653
304 8 2 42.404 13.280 40.893 12.660
305 8 2 42.499 13.287 40.988 12.667
306 8 2 42.578 13.294 41.067 12.674
307 8 2 42.688 13.301 41.178 12.681
308 8 2 42.767 13.308 41.257 12.688
309 8 2 42.877 13.315 41.367 12.695
310 8 2 42.956 13.322 41.446 12.702
311 8 2 43.051 13.329 41.541 12.710
312 8 2 43.146 13.352 41.636 12.732
313 8 2 43.240 13.359 41.731 12.739
314 8 2 43.335 13.366 41.825 12.747
315 8 2 43.414 13.374 41.904 12.754
316 8 2 43.493 13.397 41.983 12.777
317 8 2 43.587 13.404 42.078 12.784
318 8 2 43.682 13.426 42.173 12.807
319 8 2 43.777 13.434 42.268 12.814
320 8 2 43.856 13.457 42.347 12.837
321 8 2 43.935 13.480 42.426 12.860
322 8 2 44.029 13.502 42.520 12.883
323 8 2 44.124 13.509 42.615 12.890
324 8 2 44.203 13.532 42.694 12.913
325 8 2 44.282 13.555 42.773 12.936
326 8 2 44.376 13.578 42.868 12.959
327 8 2 44.455 13.601 42.947 12.982
328 8 2 44.534 13.640 43.026 13.021
329 8 2 44.629 13.647 43.120 13.028
330 8 2 44.708 13.686 43.199 13.067
331 8 2 44.771 13.709 43.263 13.090
332 8 2 44.865 13.732 43.357 13.113
333 8 2 44.944 13.755 43.436 13.136
334 8 2 45.039 13.794 43.531 13.174
335 8 2 45.118 13.817 43.610 13.197
336 8 2 45.197 13.840 43.689 13.220
337 8 2 45.291 13.863 43.784 13.243
338 8 2 45.370 13.886 43.863 13.266
339 8 2 45.433 13.909 43.926 13.290
340 8 2 45.512 13.947 44.005 13.328
341 8 2 45.607 13.970 44.099 13.351
342 8 2 45.686 13.993 44.178 13.374
343 8 2 45.749 14.016 44.241 13.397
344 8 2 45.843 14.039 44.336 13.420
345 8 2 45.922 14.062 44.415 13.443
346 8 2 46.001 14.085 44.494 13.466
347 8 2 46.080 14.108 44.573 13.489
348 8 2 46.143 14.131 44.636 13.512
349 8 2 46.182 14.139 44.683 13.520
350 8 2 46.214 14.162 44.723 13.543
351 8 2 46.245 14.186 44.762 13.567
352 8 2 46.293 14.209 44.817 13.590
353 8 2 46.324 14.217 44.857 13.597
354 8 2 46.364 14.240 44.904 13.621
355 8 2 46.403 14.248 44.951 13.628
356 8 2 46.442 14.271 44.999 13.652
358 8 2 46.277 14.265 44.841 13.645
359 8 2 46.325 14.288 44.897 13.668
361 8 2 46.214 14.281 44.794 13.661
362 8 2 46.254 14.289 44.841 13.669
363 8 2 46.285 14.312 44.881 13.692
364 8 2 46.325 14.320 44.928 13.700
365 8 2 46.364 14.327 44.976 13.707
366 8 2 46.411 14.350 45.031 13.730
367 8 2 46.443 14.358 45.070 13.738
368 8 2 46.490 14.381 45.125 13.761
369 8 2 46.506 14.357 45.149 13.737
370 8 2 46.506 14.334 45.157 13.713
372 8 2 46.309 14.328 44.968 13.707
373 8 2 46.317 14.320 44.983 13.699
374 8 2 46.332 14.280 45.007 13.659
375 8 2 46.317 14.304 44.999 13.683
376 8 2 46.309 14.312 44.999 13.691
377 8 2 46.301 14.320 44.999 13.699
378 8 2 46.301 14.312 45.007 13.691
379 8 2 46.293 14.320 45.007 13.699
380 8 2 46.293 14.312 45.015 13.691
381 8 2 46.285 14.320 45.015 13.699
382 8 2 46.285 14.312 45.023 13.691
383 8 2 46.270 14.320 45.015 13.699
384 8 2 46.270 14.312 45.023 13.691
385 8 2 46.262 14.320 45.023 13.699
386 8 2 46.262 14.312 45.031 13.691
387 8 2 46.254 14.320 45.031 13.699
388 8 2 46.254 14.312 45.038 13.691
389 8 2 46.238 14.320 45.031 13.699
390 8 2 46.238 14.313 45.038 13.691
391 8 2 46.230 14.321 45.038 13.699
392 8 2 46.230 14.313 45.046 13.691
393 8 2 46.222 14.305 45.046 13.683
394 8 2 46.222 14.297 45.054 13.675
395 8 2 46.215 14.305 45.054 13.683
396 8 2 46.214 14.297 45.062 13.675
397 8 2 46.207 14.305 45.062 13.683
398 8 2 46.207 14.297 45.070 13.675
399 8 2 46.191 14.305 45.062 13.683
400 8 2 46.191 14.297 45.070 13.675
401 8 2 46.183 14.305 45.070 13.683
402 8 2 46.183 14.297 45.078 13.675
403 8 2 46.175 14.305 45.078 13.682
404 8 2 46.175 14.297 45.086 13.674
405 8 2 46.167 14.305 45.086 13.682
406 8 2 46.167 14.297 45.093 13.674
407 8 2 46.167 14.305 45.101 13.682
408 8 2 46.159 14.297 45.101 13.674
409 8 2 46.152 14.305 45.093 13.682
410 8 2 46.159 14.297 45.101 13.674
411 8 2 46.152 14.290 45.093 13.666
412 8 2 46.152 14.298 45.093 13.674
413 8 2 46.152 14.305 45.093 13.682
414 8 2 46.152 14.298 45.093 13.674
415 8 2 46.144 14.306 45.086 13.682
416 8 2 46.152 14.298 45.093 13.674
417 8 2 46.144 14.306 45.086 13.682
418 8 2 46.152 14.298 45.093 13.674
419 8 2 46.152 14.305 45.093 13.682
420 8 2 46.152 14.298 45.093 13.674
421 8 2 46.152 14.305 45.093 13.682
422 8 2 46.152 14.298 45.093 13.674
423 8 2 46.152 14.305 45.093 13.682
424 8 2 46.152 14.298 45.093 13.674
425 8 2 46.152 14.305 45.093 13.682
426 8 2 46.152 14.298 45.093 13.674
427 8 2 46.152 14.290 45.093 13.666
428 8 2 46.151 14.282 45.093 13.659
429 8 2 46.152 14.290 45.093 13.666
430 8 2 46.151 14.282 45.093 13.659
431 8 2 46.152 14.290 45.093 13.666
432 8 2 46.151 14.282 45.093 13.659
433 8 2 46.152 14.290 45.093 13.666
434 8 2 46.151 14.282 45.093 13.659
435 8 2 46.136 14.290 45.078 13.667
436 8 2 46.144 14.298 45.086 13.674
437 8 2 46.144 14.290 45.086 13.667
438 8 2 46.144 14.282 45.085 13.659
439 8 2 46.144 14.290 45.086 13.667
440 8 2 46.144 14.282 45.085 13.659
441 8 2 46.144 14.290 45.086 13.667
442 8 2 46.144 14.282 45.085 13.659
443 8 2 46.144 14.290 45.086 13.667
444 8 2 46.144 14.282 45.085 13.659
445 8 2 46.144 14.290 45.086 13.667
446 8 2 46.144 14.282 45.085 13.659
447 8 2 46.144 14.290 45.086 13.667
448 8 2 46.144 14.282 45.085 13.659
449 8 2 46.144 14.290 45.086 13.667
450 8 2 46.144 14.282 45.085 13.659
451 8 2 46.144 14.290 45.086 13.667
452 8 2 46.144 14.282 45.085 13.659
453 8 2 46.144 14.290 45.086 13.667
454 8 2 46.144 14.282 45.085 13.659
455 8 2 46.144 14.290 45.086 13.667
456 8 2 46.144 14.282 45.085 13.659
457 8 2 46.144 14.290 45.086 13.667
458 8 2 46.144 14.282 45.085 13.659
459 8 2 46.144 14.290 45.086 13.667
460 8 2 46.144 14.282 45.085 13.659
461 8 2 46.144 14.290 45.086 13.667
462 8 2 46.144 14.282 45.085 13.659
463 8 2 46.151 14.274 45.093 13.651
464 8 2 46.144 14.282 45.085 13.659
465 8 2 46.151 14.274 45.093 13.651
466 8 2 46.151 14.266 45.093 13.643
467 8 2 46.151 14.274 45.093 13.651
468 8 2 46.151 14.266 45.093 13.643
469 8 2 46.151 14.274 45.093 13.651
470 8 2 46.151 14.266 45.093 13.643
471 8 2 46.151 14.274 45.093 13.651
472 8 2 46.151 14.266 45.093 13.643
36 9 2 46.055 11.198 43.918 10.346
37 9 2 45.984 11.190 43.847 10.339
38 9 2 45.897 11.183 43.761 10.331
39 9 2 45.827 11.176 43.690 10.324
40 9 2 45.740 11.169 43.603 10.317
41 9 2 45.669 11.146 43.532 10.294
42 9 2 45.583 11.123 43.446 10.271
43 9 2 45.512 11.100 43.375 10.248
44 9 2 45.425 11.092 43.288 10.240
45 9 2 45.354 11.069 43.217 10.217
46 9 2 45.283 11.062 43.146 10.210
47 9 2 45.213 11.039 43.075 10.187
48 9 2 45.142 11.032 43.004 10.179
49 9 2 45.071 11.008 42.933 10.156
50 9 2 44.984 10.985 42.846 10.133
51 9 2 44.913 10.962 42.775 10.110
52 9 2 44.827 10.955 42.689 10.103
53 9 2 44.756 10.932 42.617 10.080
54 9 2 44.669 10.909 42.531 10.057
55 9 2 44.598 10.886 42.460 10.034
56 9 2 44.511 10.879 42.373 10.026
57 9 2 44.441 10.856 42.302 10.003
58 9 2 44.338 10.833 42.199 9.980
59 9 2 44.267 10.810 42.128 9.957
60 9 2 44.181 10.802 42.041 9.950
61 9 2 44.110 10.779 41.970 9.927
62 9 2 44.007 10.772 41.868 9.920
63 9 2 43.936 10.765 41.797 9.912
64 9 2 43.850 10.758 41.710 9.905
65 9 2 43.763 10.735 41.623 9.882
66 9 2 43.676 10.743 41.537 9.891
67 9 2 43.590 10.736 41.450 9.883
68 9 2 43.487 10.729 41.347 9.876
69 9 2 43.393 10.722 41.252 9.869
70 9 2 43.298 10.715 41.158 9.862
71 9 2 43.211 10.708 41.071 9.855
72 9 2 43.101 10.701 40.960 9.848
73 9 2 43.038 10.693 40.897 9.840
74 9 2 42.936 10.686 40.795 9.833
75 9 2 42.841 10.679 40.700 9.826
76 9 2 42.746 10.672 40.605 9.819
77 9 2 42.660 10.665 40.518 9.812
78 9 2 42.549 10.658 40.408 9.805
79 9 2 42.470 10.651 40.329 9.797
80 9 2 42.368 10.643 40.226 9.790
81 9 2 42.273 10.636 40.131 9.783
82 9 2 42.179 10.629 40.037 9.776
83 9 2 42.092 10.606 39.950 9.753
84 9 2 41.966 10.599 39.823 9.746
85 9 2 41.887 10.592 39.744 9.739
86 9 2 41.768 10.585 39.626 9.732
87 9 2 41.674 10.562 39.531 9.709
88 9 2 41.563 10.555 39.420 9.702
89 9 2 41.476 10.532 39.333 9.679
90 9 2 41.366 10.525 39.222 9.671
91 9 2 41.271 10.502 39.128 9.648
92 9 2 41.271 10.478 39.176 9.814
93 9 2 40.955 10.410 39.413 9.820
94 9 2 41.192 10.495 39.167 9.727
95 9 2 40.758 10.395 39.191 9.790
96 9 2 40.671 10.365 39.057 9.784
97 9 2 40.536 10.381 39.128 9.775
98 9 2 40.758 10.427 38.907 9.729
99 9 2 40.671 10.420 38.820 9.722
100 9 2 40.584 10.397 38.733 9.699
101 9 2 40.481 10.390 38.630 9.692
102 9 2 40.394 10.367 38.543 9.669
103 9 2 40.054 10.267 38.495 9.709
104 9 2 39.920 10.244 38.408 9.694
105 9 2 40.062 10.298 38.274 9.631
106 9 2 39.975 10.275 38.187 9.608
107 9 2 39.888 10.252 38.100 9.585
108 9 2 39.604 10.167 38.131 9.545
109 9 2 39.746 10.190 37.981 9.531
110 9 2 39.651 10.175 37.886 9.516
111 9 2 39.572 10.160 37.807 9.500
112 9 2 39.477 10.129 37.712 9.469
113 9 2 39.382 10.098 37.616 9.438
114 9 2 39.303 10.067 37.537 9.407
115 9 2 39.042 9.982 37.196 9.188
116 9 2 39.010 9.927 37.236 9.251
117 9 2 38.923 9.896 37.149 9.220
118 9 2 38.852 9.864 37.078 9.189
119 9 2 38.749 9.834 36.975 9.158
120 9 2 38.678 9.802 36.903 9.127
121 9 2 38.575 9.772 36.800 9.096
122 9 2 38.503 9.740 36.729 9.065
123 9 2 38.400 9.694 36.626 9.018
124 9 2 38.329 9.663 36.554 8.987
125 9 2 38.226 9.616 36.451 8.940
126 9 2 38.155 9.569 36.380 8.893
127 9 2 38.068 9.522 36.293 8.846
128 9 2 37.996 9.475 36.221 8.799
129 9 2 37.909 9.428 36.134 8.752
130 9 2 37.838 9.397 36.063 8.721
131 9 2 37.751 9.350 35.975 8.674
132 9 2 37.679 9.303 35.904 8.627
133 9 2 37.592 9.256 35.817 8.580
134 9 2 37.521 9.225 35.745 8.549
135 9 2 37.434 9.178 35.658 8.502
136 9 2 37.362 9.131 35.587 8.455
137 9 2 37.275 9.100 35.499 8.424
138 9 2 37.220 9.053 35.444 8.377
139 9 2 37.132 9.006 35.356 8.330
140 9 2 37.061 8.975 35.285 8.299
141 9 2 36.974 8.928 35.198 8.252
142 9 2 36.918 8.881 35.142 8.205
143 9 2 36.831 8.834 35.055 8.158
144 9 2 36.776 8.787 34.999 8.111
145 9 2 36.704 8.740 34.928 8.064
146 9 2 36.633 8.709 34.856 8.033
147 9 2 36.561 8.662 34.785 7.986
148 9 2 36.490 8.631 34.714 7.955
149 9 2 36.403 8.600 34.626 7.923
150 9 2 36.332 8.569 34.555 7.892
151 9 2 36.244 8.538 34.468 7.861
152 9 2 36.173 8.507 34.396 7.830
153 9 2 36.086 8.476 34.309 7.799
154 9 2 36.014 8.444 34.237 7.768
155 9 2 35.927 8.429 34.150 7.752
156 9 2 35.856 8.414 34.079 7.737
157 9 2 35.769 8.383 33.991 7.706
158 9 2 35.697 8.367 33.920 7.691
159 9 2 35.610 8.336 33.833 7.660
160 9 2 35.539 8.321 33.761 7.644
161 9 2 35.452 8.306 33.674 7.629
162 9 2 35.364 8.291 33.586 7.614
163 9 2 35.277 8.260 33.499 7.583
164 9 2 35.206 8.244 33.428 7.567
165 9 2 35.118 8.229 33.340 7.552
166 9 2 35.047 8.214 33.269 7.537
167 9 2 34.960 8.198 33.182 7.521
168 9 2 34.888 8.183 33.110 7.506
169 9 2 34.801 8.168 33.023 7.491
170 9 2 34.730 8.153 32.951 7.475
171 9 2 34.643 8.137 32.864 7.460
172 9 2 34.571 8.122 32.792 7.445
173 9 2 34.484 8.107 32.705 7.429
174 9 2 34.412 8.091 32.634 7.414
175 9 2 34.341 8.076 32.562 7.399
176 9 2 34.286 8.061 32.506 7.383
177 9 2 34.198 8.061 32.419 7.384
178 9 2 34.143 8.062 32.363 7.384
179 9 2 34.071 8.062 32.292 7.385
180 9 2 34.000 8.078 32.220 7.401
181 9 2 33.944 8.079 32.165 7.401
182 9 2 33.905 8.063 32.125 7.386
183 9 2 33.849 8.064 32.069 7.386
184 9 2 33.810 8.064 32.030 7.387
185 9 2 33.754 8.064 31.974 7.387
186 9 2 33.714 8.065 31.934 7.387
187 9 2 33.675 8.081 31.895 7.403
188 9 2 33.635 8.081 31.855 7.404
189 9 2 33.595 8.081 31.815 7.404
190 9 2 33.571 8.082 31.791 7.404
191 9 2 33.532 8.082 31.752 7.404
192 9 2 33.492 8.082 31.712 7.405
193 9 2 33.437 8.098 31.656 7.421
194 9 2 33.413 8.098 31.632 7.421
195 9 2 33.373 8.099 31.593 7.421
196 9 2 33.333 8.099 31.553 7.421
197 9 2 33.294 8.115 31.513 7.438
198 9 2 33.254 8.115 31.473 7.438
199 9 2 33.214 8.132 31.434 7.454
200 9 2 33.191 8.132 31.410 7.454
201 9 2 33.151 8.132 31.370 7.454
202 9 2 33.127 8.148 31.346 7.470
203 9 2 33.087 8.148 31.307 7.471
204 9 2 33.048 8.165 31.267 7.487
205 9 2 33.008 8.165 31.227 7.487
206 9 2 32.984 8.181 31.203 7.503
207 9 2 32.944 8.181 31.163 7.503
208 9 2 32.921 8.181 31.140 7.504
209 9 2 32.881 8.197 31.100 7.520
210 9 2 32.841 8.198 31.060 7.520
211 9 2 32.802 8.214 31.020 7.536
212 9 2 32.778 8.230 30.997 7.552
213 9 2 32.738 8.230 30.957 7.553
214 9 2 32.786 8.262 31.068 7.552
215 9 2 32.810 8.246 31.036 7.568
216 9 2 32.778 8.246 31.004 7.568
217 9 2 32.746 8.262 30.973 7.584
218 9 2 32.698 8.278 30.925 7.600
219 9 2 32.651 8.278 30.877 7.601
220 9 2 32.619 8.295 30.845 7.617
221 9 2 32.587 8.295 30.814 7.617
222 9 2 32.540 8.311 30.766 7.633
223 9 2 32.476 8.311 30.702 7.634
224 9 2 32.436 8.351 30.607 7.658
225 9 2 32.405 8.344 30.631 7.666
226 9 2 32.357 8.360 30.583 7.682
227 9 2 32.309 8.360 30.535 7.682
228 9 2 32.246 8.377 30.472 7.699
229 9 2 32.182 8.393 30.408 7.715
230 9 2 32.119 8.409 30.344 7.731
231 9 2 32.055 8.426 30.281 7.748
232 9 2 31.975 8.442 30.201 7.764
233 9 2 31.912 8.458 30.137 7.780
234 9 2 31.848 8.475 30.074 7.797
235 9 2 31.769 8.491 29.994 7.813
236 9 2 31.689 8.508 29.915 7.830
237 9 2 31.626 8.524 29.851 7.846
238 9 2 31.546 8.540 29.771 7.862
239 9 2 31.483 8.541 29.708 7.863
240 9 2 31.403 8.557 29.628 7.879
241 9 2 31.324 8.574 29.548 7.896
242 9 2 31.244 8.590 29.469 7.912
243 9 2 31.180 8.607 29.405 7.928
244 9 2 31.101 8.623 29.325 7.945
245 9 2 31.021 8.624 29.246 7.945
246 9 2 30.958 8.640 29.182 7.962
247 9 2 30.878 8.656 29.102 7.978
248 9 2 30.799 8.673 29.023 7.995
249 9 2 30.735 8.689 28.959 8.011
250 9 2 30.655 8.706 28.879 8.028
251 9 2 30.576 8.722 28.799 8.044
252 9 2 30.512 8.739 28.736 8.060
253 9 2 30.433 8.739 28.656 8.061
254 9 2 30.353 8.756 28.576 8.077
255 9 2 30.273 8.772 28.497 8.094
256 9 2 30.210 8.788 28.433 8.110
257 9 2 30.035 8.901 28.273 8.207
258 9 2 30.043 8.885 28.273 8.207
259 9 2 29.971 8.901 28.202 8.223
260 9 2 29.883 8.918 28.114 8.240
261 9 2 29.812 8.919 28.042 8.240
262 9 2 29.724 8.935 27.954 8.257
263 9 2 29.668 8.951 27.899 8.273
264 9 2 29.581 8.952 27.811 8.274
265 9 2 29.509 8.968 27.739 8.290
266 9 2 29.421 8.969 27.651 8.291
267 9 2 29.366 8.985 27.595 8.307
268 9 2 29.278 8.986 27.508 8.308
269 9 2 29.206 9.003 27.436 8.324
270 9 2 29.278 9.010 27.188 8.365
271 9 2 29.119 9.019 27.340 8.348
272 9 2 29.039 9.028 27.260 8.357
273 9 2 28.943 9.036 27.164 8.366
274 9 2 28.863 9.045 27.085 8.374
275 9 2 28.816 9.053 27.037 8.382
276 9 2 28.720 9.046 26.941 8.375
277 9 2 28.640 9.054 26.861 8.384
278 9 2 28.576 9.063 26.797 8.392
279 9 2 28.513 9.071 26.733 8.401
280 9 2 28.433 9.064 26.653 8.393
281 9 2 28.337 9.073 26.558 8.402
282 9 2 28.257 9.065 26.478 8.394
283 9 2 28.194 9.074 26.414 8.403
284 9 2 28.114 9.082 26.334 8.411
285 9 2 28.018 9.091 26.238 8.420
286 9 2 27.867 9.052 26.174 8.468
287 9 2 27.779 9.061 26.062 8.477
288 9 2 27.811 9.093 26.046 8.437
289 9 2 27.731 9.101 25.967 8.446
290 9 2 27.651 9.094 25.887 8.439
291 9 2 27.571 9.102 25.807 8.447
292 9 2 27.507 9.095 25.743 8.440
293 9 2 27.428 9.103 25.663 8.448
294 9 2 27.348 9.096 25.583 8.441
295 9 2 27.268 9.105 25.503 8.449
296 9 2 27.188 9.097 25.423 8.442
297 9 2 27.108 9.106 25.343 8.450
298 9 2 27.028 9.098 25.263 8.443
299 9 2 26.949 9.107 25.183 8.452
300 9 2 26.845 9.068 25.143 8.484
301 9 2 26.869 9.100 25.111 8.452
302 9 2 26.797 9.100 25.039 8.453
303 9 2 26.725 9.101 24.967 8.453
304 9 2 26.637 9.101 24.879 8.454
305 9 2 26.581 9.102 24.823 8.454
306 9 2 26.366 9.048 24.791 8.462
307 9 2 26.254 9.033 24.687 8.479
308 9 2 26.198 9.057 24.751 8.447
309 9 2 26.342 9.064 24.607 8.440
310 9 2 26.278 9.056 24.543 8.432
311 9 2 26.198 9.065 24.463 8.441
312 9 2 25.974 9.003 24.311 8.458
313 9 2 26.014 9.034 24.287 8.418
314 9 2 25.942 9.035 24.215 8.419
315 9 2 25.870 9.020 24.143 8.403
316 9 2 25.598 9.030 24.135 8.403
317 9 2 25.582 8.998 23.959 8.445
318 9 2 25.455 8.983 23.895 8.405
319 9 2 25.383 8.975 23.871 8.374
320 9 2 25.479 8.975 23.783 8.374
321 9 2 25.407 8.975 23.711 8.375
322 9 2 25.335 8.960 23.639 8.359
323 9 2 25.143 8.961 23.663 8.367
324 9 2 25.039 8.946 23.607 8.352
325 9 2 25.167 8.945 23.487 8.352
326 9 2 25.095 8.938 23.415 8.345
327 9 2 24.767 8.932 23.319 8.322
328 9 2 24.887 8.923 23.215 8.330
329 9 2 24.823 8.916 23.151 8.323
330 9 2 24.743 8.909 23.071 8.316
331 9 2 24.663 8.901 22.991 8.308
332 9 2 24.599 8.894 22.927 8.301
333 9 2 24.319 8.848 22.959 8.189
334 9 2 24.471 8.815 22.806 8.222
335 9 2 24.399 8.808 22.734 8.214
336 9 2 24.327 8.800 22.662 8.207
337 9 2 24.255 8.793 22.590 8.200
338 9 2 24.183 8.785 22.518 8.192
339 9 2 24.095 8.778 22.430 8.185
340 9 2 24.039 8.770 22.374 8.177
341 9 2 23.951 8.763 22.286 8.170
342 9 2 23.879 8.756 22.214 8.162
343 9 2 23.791 8.748 22.125 8.155
344 9 2 23.719 8.741 22.053 8.148
345 9 2 23.647 8.734 21.981 8.140
346 9 2 23.575 8.726 21.909 8.133
347 9 2 23.487 8.719 21.821 8.125
348 9 2 23.414 8.711 21.749 8.118
349 9 2 23.326 8.704 21.661 8.110
350 9 2 23.254 8.697 21.588 8.103
351 9 2 23.182 8.689 21.516 8.096
352 9 2 23.110 8.666 21.444 8.072
353 9 2 23.022 8.674 21.356 8.081
354 9 2 22.950 8.651 21.284 8.057
355 9 2 22.878 8.644 21.212 8.050
356 9 2 22.806 8.636 21.139 8.042
357 9 2 22.718 8.629 21.051 8.035
358 9 2 22.646 8.621 20.979 8.028
359 9 2 22.573 8.614 20.907 8.020
360 9 2 22.501 8.607 20.835 8.013
361 9 2 22.413 8.599 20.746 8.005
362 9 2 22.341 8.576 20.674 7.982
363 9 2 22.269 8.568 20.602 7.974
364 9 2 22.197 8.561 20.530 7.967
365 9 2 22.109 8.554 20.441 7.960
366 9 2 22.037 8.546 20.369 7.952
367 9 2 21.964 8.539 20.297 7.945
368 9 2 21.892 8.515 20.225 7.921
369 9 2 21.820 8.524 20.152 7.930
370 9 2 21.748 8.500 20.080 7.906
371 9 2 21.676 8.493 20.008 7.899
372 9 2 21.604 8.486 19.936 7.891
373 9 2 21.531 8.478 19.864 7.884
374 9 2 21.459 8.455 19.791 7.861
375 9 2 21.371 8.447 19.703 7.853
376 9 2 21.315 8.440 19.647 7.846
377 9 2 21.227 8.432 19.558 7.838
378 9 2 21.171 8.425 19.502 7.831
379 9 2 21.082 8.418 19.414 7.823
380 9 2 21.010 8.410 19.342 7.816
381 9 2 20.938 8.403 19.269 7.808
382 9 2 20.882 8.395 19.213 7.801
383 9 2 20.794 8.388 19.125 7.793
384 9 2 20.721 8.364 19.052 7.770
385 9 2 20.633 8.357 18.964 7.763
386 9 2 20.561 8.350 18.892 7.755
387 9 2 20.489 8.342 18.819 7.748
388 9 2 20.416 8.335 18.747 7.740
389 9 2 20.328 8.327 18.659 7.733
390 9 2 20.272 8.320 18.603 7.725
391 9 2 20.184 8.312 18.514 7.718
392 9 2 20.111 8.305 18.442 7.710
393 9 2 20.039 8.297 18.369 7.703
394 9 2 19.967 8.290 18.297 7.695
395 9 2 19.895 8.298 18.225 7.704
396 9 2 19.822 8.291 18.152 7.696
397 9 2 19.750 8.284 18.080 7.689
398 9 2 19.694 8.276 18.024 7.681
399 9 2 19.605 8.269 17.935 7.674
400 9 2 19.549 8.261 17.879 7.666
401 9 2 19.477 8.270 17.807 7.675
402 9 2 19.405 8.262 17.734 7.667
403 9 2 19.332 8.271 17.662 7.676
404 9 2 19.276 8.263 17.605 7.668
405 9 2 19.204 8.272 17.533 7.677
406 9 2 19.147 8.264 17.477 7.669
407 9 2 19.059 8.257 17.388 7.662
408 9 2 19.003 8.249 17.332 7.654
409 9 2 18.930 8.258 17.259 7.663
410 9 2 18.858 8.250 17.187 7.655
411 9 2 18.786 8.259 17.115 7.664
412 9 2 18.730 8.251 17.058 7.656
413 9 2 18.641 8.260 16.970 7.665
414 9 2 18.585 8.252 16.913 7.657
415 9 2 18.496 8.245 16.825 7.650
416 9 2 18.440 8.237 16.768 7.642
417 9 2 18.368 8.246 16.696 7.651
418 9 2 18.311 8.238 16.640 7.643
419 9 2 18.223 8.231 16.551 7.636
420 9 2 18.167 8.223 16.495 7.628
421 9 2 18.094 8.232 16.422 7.637
422 9 2 18.038 8.224 16.366 7.629
423 9 2 17.950 8.217 16.277 7.622
424 9 2 17.893 8.209 16.221 7.614
425 9 2 17.821 8.218 16.148 7.622
426 9 2 17.748 8.210 16.076 7.615
427 9 2 17.676 8.203 16.003 7.607
428 9 2 17.620 8.195 15.947 7.600
429 9 2 17.547 8.188 15.875 7.592
430 9 2 17.491 8.180 15.818 7.585
431 9 2 17.419 8.173 15.746 7.577
432 9 2 17.346 8.165 15.673 7.570
433 9 2 17.274 8.158 15.601 7.562
434 9 2 17.226 8.150 15.552 7.555
435 9 2 17.185 8.142 15.520 7.547
436 9 2 17.145 8.135 15.488 7.539
437 9 2 17.105 8.127 15.456 7.531
438 9 2 17.073 8.119 15.432 7.524
439 9 2 17.024 8.111 15.391 7.516
440 9 2 16.992 8.088 15.367 7.492
441 9 2 16.952 8.080 15.335 7.484
442 9 2 16.920 8.072 15.311 7.476
443 9 2 16.872 8.049 15.271 7.453
444 9 2 16.839 8.041 15.247 7.445
445 9 2 16.799 8.033 15.214 7.437
446 9 2 16.767 8.025 15.190 7.429
447 9 2 16.735 8.034 15.166 7.437
449 9 2 16.928 8.024 15.368 7.428
450 9 2 16.896 8.017 15.343 7.420
451 9 2 16.856 7.993 15.311 7.397
452 9 2 16.816 7.985 15.279 7.389
453 9 2 16.791 7.961 15.263 7.365
454 9 2 16.751 7.954 15.231 7.357
455 9 2 16.719 7.930 15.207 7.333
457 9 2 16.896 7.921 15.392 7.324
458 9 2 16.864 7.929 15.368 7.332
459 9 2 16.840 7.937 15.352 7.340
460 9 2 16.824 7.945 15.344 7.348
461 9 2 16.816 7.937 15.344 7.340
462 9 2 16.808 7.929 15.344 7.332
463 9 2 16.800 7.937 15.344 7.340
464 9 2 16.792 7.945 15.344 7.348
465 9 2 16.783 7.937 15.344 7.340
466 9 2 16.775 7.930 15.344 7.332
467 9 2 16.767 7.938 15.344 7.340
468 9 2 16.759 7.930 15.344 7.332
469 9 2 16.751 7.938 15.344 7.340
470 9 2 16.743 7.930 15.344 7.332
471 9 2 16.735 7.922 15.344 7.324
472 9 2 16.743 7.930 15.360 7.332
62 10 2 45.903 9.501 43.973 8.694
63 10 2 45.809 9.533 43.879 8.727
64 10 2 45.731 9.549 43.800 8.743
65 10 2 45.621 9.582 43.690 8.775
66 10 2 45.543 9.614 43.611 8.808
67 10 2 45.433 9.631 43.501 8.824
68 10 2 45.354 9.647 43.423 8.841
69 10 2 45.244 9.680 43.313 8.873
70 10 2 45.181 9.696 43.250 8.889
71 10 2 45.087 9.712 43.155 8.906
72 10 2 44.993 9.745 43.061 8.938
73 10 2 44.899 9.761 42.967 8.955
74 10 2 44.804 9.778 42.872 8.971
75 10 2 44.710 9.794 42.778 8.988
76 10 2 44.616 9.811 42.683 9.004
77 10 2 44.537 9.827 42.605 9.021
78 10 2 44.427 9.844 42.494 9.037
79 10 2 44.349 9.845 42.416 9.038
80 10 2 44.239 9.861 42.305 9.054
81 10 2 44.128 9.807 41.975 9.128
82 10 2 44.073 9.839 42.045 9.088
83 10 2 43.979 9.855 41.951 9.105
84 10 2 43.931 9.824 41.864 9.105
85 10 2 43.916 9.832 41.880 9.097
86 10 2 43.829 9.849 41.793 9.114
87 10 2 43.364 9.797 41.833 9.240
88 10 2 43.569 9.859 41.644 9.162
89 10 2 43.483 9.867 41.557 9.171
90 10 2 43.113 9.815 41.494 9.290
91 10 2 43.026 9.839 41.471 9.282
92 10 2 43.160 9.878 41.336 9.228
93 10 2 42.853 9.849 41.179 9.300
94 10 2 42.782 9.905 41.140 9.316
95 10 2 42.640 9.898 41.108 9.301
96 10 2 42.522 9.875 41.006 9.302
97 10 2 42.475 9.883 40.935 9.318
98 10 2 42.372 9.868 40.872 9.334
99 10 2 42.475 9.899 40.777 9.303
100 10 2 42.380 9.900 40.682 9.304
101 10 2 42.136 9.933 40.690 9.328
102 10 2 42.010 9.926 40.540 9.329
103 10 2 41.931 9.919 40.335 9.362
104 10 2 41.828 9.912 40.264 9.371
105 10 2 41.868 9.928 40.224 9.347
106 10 2 41.781 9.928 40.138 9.348
107 10 2 41.679 9.929 40.035 9.349
108 10 2 41.482 9.954 39.948 9.373
109 10 2 41.529 9.946 39.893 9.365
110 10 2 41.434 9.947 39.798 9.366
111 10 2 41.198 9.949 39.703 9.367
112 10 2 41.134 9.933 39.719 9.351
113 10 2 41.237 9.933 39.624 9.352
114 10 2 41.150 9.933 39.537 9.352
115 10 2 41.079 9.934 39.466 9.353
116 10 2 40.977 9.935 39.364 9.354
117 10 2 40.906 9.935 39.292 9.354
118 10 2 40.566 9.883 38.905 9.223
119 10 2 40.550 9.843 38.937 9.262
120 10 2 40.463 9.844 38.850 9.263
121 10 2 40.376 9.844 38.763 9.263
122 10 2 40.305 9.845 38.692 9.264
123 10 2 40.218 9.846 38.605 9.265
124 10 2 40.132 9.846 38.518 9.265
125 10 2 40.013 9.919 38.542 9.400
126 10 2 40.077 9.934 38.470 9.361
127 10 2 39.998 9.927 38.391 9.353
128 10 2 39.919 9.935 38.312 9.362
129 10 2 39.840 9.928 38.233 9.354
130 10 2 39.761 9.921 38.154 9.347
131 10 2 39.682 9.913 38.075 9.340
132 10 2 39.618 9.922 38.012 9.348
133 10 2 39.539 9.914 37.933 9.341
134 10 2 39.460 9.907 37.853 9.334
135 10 2 39.381 9.900 37.774 9.326
136 10 2 39.318 9.892 37.711 9.319
137 10 2 39.239 9.885 37.632 9.312
138 10 2 39.176 9.894 37.569 9.320
139 10 2 39.097 9.886 37.489 9.313
140 10 2 39.018 9.895 37.410 9.321
141 10 2 38.955 9.887 37.347 9.314
142 10 2 38.876 9.896 37.268 9.322
143 10 2 38.812 9.889 37.205 9.315
144 10 2 38.733 9.897 37.125 9.323
145 10 2 38.670 9.890 37.062 9.316
146 10 2 38.591 9.898 36.983 9.324
147 10 2 38.512 9.891 36.904 9.317
148 10 2 38.449 9.899 36.840 9.326
149 10 2 38.369 9.892 36.761 9.318
150 10 2 38.306 9.900 36.698 9.327
151 10 2 38.156 9.886 36.524 9.288
152 10 2 38.045 9.887 36.476 9.281
153 10 2 38.069 9.871 36.468 9.297
154 10 2 37.950 9.919 36.373 9.321
155 10 2 38.061 9.958 36.032 9.237
156 10 2 37.792 9.912 36.167 9.307
157 10 2 37.737 9.905 36.112 9.315
158 10 2 37.721 9.889 36.120 9.315
159 10 2 37.650 9.898 36.048 9.324
160 10 2 37.594 9.906 35.993 9.332
161 10 2 37.507 9.915 35.906 9.341
162 10 2 37.452 9.939 35.850 9.365
163 10 2 37.365 9.948 35.763 9.373
164 10 2 37.309 9.956 35.708 9.382
165 10 2 37.222 9.965 35.621 9.390
166 10 2 37.167 9.989 35.565 9.415
167 10 2 37.080 9.997 35.478 9.423
168 10 2 37.025 10.006 35.423 9.432
169 10 2 36.937 10.014 35.335 9.440
170 10 2 36.882 10.039 35.280 9.464
171 10 2 36.795 10.047 35.193 9.473
172 10 2 36.724 10.072 35.121 9.497
173 10 2 36.637 10.080 35.034 9.506
174 10 2 36.565 10.105 34.963 9.530
175 10 2 36.478 10.113 34.876 9.539
176 10 2 36.407 10.137 34.804 9.563
177 10 2 36.320 10.162 34.717 9.588
178 10 2 36.249 10.186 34.646 9.612
179 10 2 36.162 10.195 34.558 9.621
180 10 2 36.090 10.219 34.487 9.645
181 10 2 36.019 10.244 34.416 9.669
182 10 2 35.948 10.268 34.344 9.694
183 10 2 35.861 10.293 34.257 9.718
184 10 2 35.789 10.317 34.186 9.743
185 10 2 35.702 10.341 34.098 9.767
186 10 2 35.631 10.366 34.027 9.791
187 10 2 35.560 10.374 33.956 9.800
188 10 2 35.488 10.399 33.884 9.824
189 10 2 35.401 10.423 33.797 9.849
190 10 2 35.330 10.448 33.726 9.873
191 10 2 35.243 10.472 33.638 9.898
192 10 2 35.155 10.497 33.551 9.922
193 10 2 35.068 10.521 33.464 9.947
194 10 2 34.966 10.776 33.328 9.884
195 10 2 34.831 10.777 33.265 9.925
196 10 2 34.854 10.642 33.257 10.060
197 10 2 34.775 10.659 33.178 10.076
198 10 2 34.696 10.691 33.098 10.108
199 10 2 34.600 10.708 33.003 10.125
200 10 2 34.505 10.724 32.908 10.142
201 10 2 34.426 10.757 32.828 10.174
202 10 2 34.347 10.773 32.749 10.191
203 10 2 34.251 10.806 32.654 10.223
204 10 2 34.156 10.822 32.558 10.240
205 10 2 34.077 10.855 32.479 10.272
206 10 2 33.997 10.871 32.399 10.289
207 10 2 33.902 10.888 32.304 10.305
208 10 2 33.823 10.921 32.224 10.338
209 10 2 33.759 10.953 32.161 10.370
210 10 2 33.680 10.969 32.081 10.387
211 10 2 33.585 10.986 31.986 10.403
212 10 2 33.505 11.003 31.906 10.420
213 10 2 33.442 11.035 31.843 10.452
214 10 2 33.362 11.051 31.763 10.469
215 10 2 33.267 11.084 31.668 10.501
216 10 2 33.188 11.101 31.588 10.518
217 10 2 33.124 11.117 31.525 10.534
218 10 2 33.045 11.150 31.445 10.567
219 10 2 32.949 11.166 31.350 10.583
220 10 2 32.886 11.183 31.286 10.600
221 10 2 32.806 11.199 31.206 10.616
222 10 2 32.743 11.216 31.143 10.633
223 10 2 32.663 11.232 31.063 10.649
224 10 2 32.568 11.249 30.968 10.666
225 10 2 32.488 11.250 30.888 10.667
226 10 2 32.425 11.266 30.824 10.683
227 10 2 32.345 11.283 30.745 10.700
228 10 2 32.250 11.299 30.649 10.716
229 10 2 32.170 11.300 30.570 10.717
230 10 2 32.106 11.301 30.506 10.718
231 10 2 32.043 11.317 30.442 10.734
232 10 2 31.963 11.334 30.362 10.751
233 10 2 31.709 11.391 30.362 10.719
234 10 2 31.828 11.343 30.235 10.760
235 10 2 31.637 11.408 30.179 10.712
236 10 2 31.621 11.384 30.123 10.729
237 10 2 31.661 11.344 30.084 10.761
238 10 2 31.589 11.345 30.012 10.761
239 10 2 31.518 11.345 29.940 10.762
240 10 2 31.446 11.322 29.868 10.779
241 10 2 31.422 11.322 29.829 10.763
242 10 2 31.287 11.323 29.876 10.739
243 10 2 31.247 11.308 30.020 10.737
244 10 2 31.191 11.300 29.837 10.739
245 10 2 31.295 11.299 29.741 10.740
246 10 2 31.231 11.292 29.677 10.732
247 10 2 31.151 11.301 29.597 10.741
248 10 2 31.072 11.293 29.518 10.734
249 10 2 30.761 11.272 29.175 10.673
250 10 2 30.578 11.290 29.175 10.641
251 10 2 30.554 11.290 29.127 10.681
252 10 2 30.610 11.258 29.071 10.698
253 10 2 30.546 11.250 29.007 10.690
254 10 2 30.466 11.259 28.928 10.699
255 10 2 30.387 11.236 28.848 10.676
256 10 2 30.323 11.228 28.784 10.668
257 10 2 30.259 11.221 28.720 10.661
258 10 2 30.180 11.213 28.641 10.653
259 10 2 30.100 11.206 28.561 10.646
260 10 2 30.036 11.199 28.497 10.639
261 10 2 29.972 11.191 28.433 10.631
262 10 2 29.893 11.184 28.353 10.624
263 10 2 29.813 11.161 28.274 10.601
264 10 2 29.749 11.153 28.210 10.593
265 10 2 29.685 11.146 28.146 10.586
266 10 2 29.606 11.139 28.066 10.578
267 10 2 29.462 11.084 27.843 10.445
268 10 2 29.422 11.045 27.882 10.484
269 10 2 29.350 11.085 27.755 10.438
270 10 2 29.279 11.062 27.635 10.447
271 10 2 29.183 11.079 27.635 10.447
272 10 2 29.167 11.039 27.515 10.448
273 10 2 29.087 11.056 27.475 10.448
274 10 2 29.047 11.064 27.379 10.449
275 10 2 28.960 11.049 27.308 10.465
276 10 2 28.904 11.033 27.363 10.473
277 10 2 28.840 11.026 27.300 10.465
278 10 2 28.968 11.041 26.812 10.414
279 10 2 28.752 11.011 27.212 10.450
280 10 2 28.673 11.003 27.132 10.443
281 10 2 28.497 11.013 26.916 10.437
282 10 2 28.449 10.989 26.804 10.414
283 10 2 28.449 10.965 26.780 10.382
284 10 2 28.385 10.950 26.844 10.389
285 10 2 28.321 10.943 26.780 10.382
286 10 2 28.242 10.935 26.701 10.375
287 10 2 28.178 10.984 26.549 10.376
288 10 2 28.130 10.952 26.589 10.391
289 10 2 28.002 10.953 26.413 10.345
290 10 2 27.978 10.930 26.437 10.369
291 10 2 27.914 10.922 26.373 10.361
292 10 2 27.835 10.915 26.293 10.354
293 10 2 27.771 10.907 26.229 10.347
294 10 2 27.707 10.900 26.165 10.339
295 10 2 27.643 10.892 26.101 10.332
296 10 2 27.563 10.885 26.021 10.324
297 10 2 27.483 10.878 25.941 10.317
298 10 2 27.419 10.870 25.877 10.310
299 10 2 27.355 10.863 25.813 10.302
300 10 2 27.276 10.856 25.733 10.295
301 10 2 27.196 10.848 25.653 10.287
302 10 2 27.132 10.841 25.589 10.280
303 10 2 27.068 10.818 25.525 10.257
304 10 2 27.004 10.810 25.461 10.249
305 10 2 26.924 10.803 25.382 10.242
306 10 2 26.844 10.796 25.302 10.235
307 10 2 26.780 10.772 25.238 10.211
308 10 2 26.716 10.765 25.174 10.204
309 10 2 26.652 10.757 25.110 10.196
310 10 2 26.588 10.750 25.046 10.189
311 10 2 26.509 10.743 24.966 10.181
312 10 2 26.429 10.735 24.886 10.174
313 10 2 26.381 10.712 24.838 10.151
314 10 2 26.285 10.705 24.742 10.143
315 10 2 26.221 10.697 24.678 10.136
316 10 2 26.157 10.690 24.613 10.128
317 10 2 26.077 10.666 24.533 10.105
318 10 2 26.029 10.659 24.485 10.098
319 10 2 25.949 10.652 24.405 10.090
320 10 2 25.885 10.644 24.341 10.083
321 10 2 25.821 10.637 24.277 10.075
322 10 2 25.741 10.629 24.197 10.068
323 10 2 25.661 10.622 24.117 10.061
324 10 2 25.557 10.567 23.869 9.935
325 10 2 25.437 10.576 23.829 9.943
326 10 2 25.357 10.569 23.733 9.960
327 10 2 25.253 10.586 23.661 9.961
328 10 2 25.221 10.570 23.629 9.937
329 10 2 25.133 10.563 23.581 9.929
330 10 2 25.053 10.563 23.493 9.938
331 10 2 25.053 10.531 23.429 9.915
332 10 2 24.981 10.532 23.324 9.923
333 10 2 24.909 10.493 23.260 9.860
334 10 2 24.853 10.589 23.125 9.710
335 10 2 24.765 10.430 23.220 9.868
336 10 2 24.669 10.598 23.092 9.702
337 10 2 24.653 10.431 23.108 9.869
338 10 2 24.589 10.424 23.044 9.862
339 10 2 24.493 10.584 22.796 9.728
340 10 2 24.445 10.576 22.740 9.673
341 10 2 24.405 10.561 22.628 9.690
342 10 2 24.325 10.561 22.596 9.674
343 10 2 24.149 10.555 22.515 9.643
344 10 2 24.117 10.555 22.451 9.635
345 10 2 24.133 10.563 22.411 9.652
346 10 2 23.996 10.548 22.291 9.676
347 10 2 23.908 10.541 22.227 9.709
348 10 2 23.844 10.517 22.163 9.685
349 10 2 23.748 10.502 22.074 9.654
350 10 2 23.941 10.445 21.898 9.648
351 10 2 23.852 10.469 21.810 9.624
352 10 2 23.668 10.343 22.122 9.781
353 10 2 23.604 10.336 22.058 9.774
354 10 2 23.540 10.328 21.994 9.766
355 10 2 23.468 10.361 21.842 9.760
356 10 2 23.300 10.362 21.786 9.712
357 10 2 23.316 10.314 21.777 9.752
358 10 2 23.364 10.346 21.425 9.540
359 10 2 23.332 10.354 21.353 9.532
360 10 2 23.228 10.291 21.689 9.729
361 10 2 23.156 10.284 21.617 9.722
362 10 2 23.084 10.260 21.545 9.698
363 10 2 23.027 10.253 21.489 9.691
364 10 2 22.955 10.229 21.417 9.667
366 10 2 22.947 10.222 21.409 9.659
367 10 2 22.891 10.214 21.352 9.652
368 10 2 22.867 10.190 21.328 9.628
369 10 2 22.843 10.167 21.304 9.604
370 10 2 22.563 10.185 21.080 9.494
371 10 2 22.595 10.121 21.064 9.558
372 10 2 22.563 10.113 21.032 9.551
373 10 2 22.547 10.089 21.016 9.527
374 10 2 22.499 10.097 20.967 9.535
375 10 2 22.499 10.090 20.967 9.527
376 10 2 22.467 10.098 20.935 9.535
377 10 2 22.450 10.106 20.919 9.543
378 10 2 22.418 10.114 20.887 9.552
379 10 2 22.386 10.122 20.855 9.560
380 10 2 22.370 10.146 20.839 9.584
381 10 2 22.354 10.154 20.823 9.592
382 10 2 22.338 10.163 20.807 9.600
383 10 2 22.338 10.171 20.807 9.608
384 10 2 22.322 10.179 20.791 9.616
385 10 2 22.274 10.187 20.742 9.625
386 10 2 22.274 10.179 20.742 9.617
387 10 2 22.258 10.171 20.726 9.609
388 10 2 22.226 10.179 20.694 9.617
389 10 2 22.226 10.171 20.694 9.609
390 10 2 22.226 10.179 20.694 9.617
391 10 2 22.210 10.172 20.678 9.609
392 10 2 22.226 10.179 20.694 9.617
393 10 2 22.210 10.172 20.678 9.609
394 10 2 22.210 10.180 20.678 9.617
395 10 2 22.210 10.172 20.678 9.609
396 10 2 22.210 10.164 20.678 9.601
397 10 2 22.370 10.338 20.582 9.378
398 10 2 22.202 10.148 20.670 9.585
399 10 2 22.370 10.346 20.606 9.386
400 10 2 22.194 10.132 20.662 9.569
401 10 2 22.194 10.124 20.662 9.561
402 10 2 22.194 10.116 20.662 9.553
403 10 2 22.194 10.108 20.662 9.545
404 10 2 22.210 10.116 20.678 9.553
405 10 2 22.226 10.108 20.694 9.545
406 10 2 22.210 10.100 20.678 9.537
407 10 2 22.226 10.092 20.694 9.529
408 10 2 22.210 10.084 20.678 9.521
409 10 2 22.226 10.076 20.694 9.513
410 10 2 22.210 10.084 20.678 9.521
411 10 2 22.210 10.076 20.678 9.513
412 10 2 22.210 10.068 20.678 9.505
413 10 2 22.210 10.060 20.678 9.497
414 10 2 22.210 10.068 20.678 9.505
415 10 2 22.194 10.060 20.662 9.498
416 10 2 22.178 10.052 20.646 9.490
417 10 2 22.194 10.044 20.662 9.482
418 10 2 22.178 10.052 20.646 9.490
419 10 2 22.194 10.044 20.662 9.482
420 10 2 22.178 10.036 20.646 9.474
421 10 2 22.178 10.028 20.646 9.466
422 10 2 22.178 10.036 20.646 9.474
423 10 2 22.178 10.028 20.646 9.466
424 10 2 22.178 10.020 20.646 9.458
425 10 2 22.306 10.259 20.575 9.323
426 10 2 22.282 10.251 20.583 9.315
427 10 2 22.274 10.235 20.607 9.330
428 10 2 22.274 10.227 20.631 9.314
429 10 2 22.274 10.219 20.599 9.338
430 10 2 22.258 10.211 20.591 9.338
431 10 2 22.266 10.227 20.558 9.347
432 10 2 22.242 10.243 20.559 9.299
433 10 2 22.274 10.251 20.534 9.307
434 10 2 22.298 10.267 20.534 9.283
435 10 2 22.154 10.044 20.622 9.482
436 10 2 22.314 10.322 20.510 9.235
437 10 2 22.146 10.044 20.614 9.482
438 10 2 22.146 10.052 20.614 9.490
439 10 2 22.146 10.044 20.614 9.482
440 10 2 22.146 10.052 20.614 9.490
441 10 2 22.130 10.045 20.598 9.482
442 10 2 22.114 10.053 20.582 9.490
443 10 2 22.130 10.061 20.598 9.498
444 10 2 22.114 10.069 20.582 9.506
445 10 2 22.130 10.061 20.598 9.498
446 10 2 22.114 10.069 20.582 9.506
447 10 2 22.282 10.275 20.454 9.276
448 10 2 22.266 10.299 20.430 9.244
449 10 2 22.274 10.299 20.430 9.236
450 10 2 22.242 10.267 20.422 9.252
451 10 2 22.234 10.267 20.406 9.260
452 10 2 22.266 10.259 20.470 9.291
453 10 2 22.266 10.259 20.486 9.307
454 10 2 22.274 10.267 20.486 9.299
455 10 2 22.210 10.259 20.494 9.283
456 10 2 22.194 10.251 20.478 9.275
457 10 2 22.178 10.252 20.478 9.267
458 10 2 22.226 10.291 20.478 9.220
459 10 2 22.218 10.275 20.494 9.243
460 10 2 22.010 9.958 20.478 9.395
461 10 2 22.250 10.275 20.470 9.244
462 10 2 22.002 9.942 20.470 9.379
463 10 2 22.258 10.275 20.454 9.252
464 10 2 21.994 9.942 20.462 9.379
465 10 2 21.994 9.934 20.462 9.371
466 10 2 21.978 9.942 20.446 9.379
467 10 2 21.978 9.934 20.446 9.371
468 10 2 21.962 9.942 20.430 9.380
469 10 2 21.962 9.934 20.430 9.372
470 10 2 21.946 9.926 20.414 9.364
471 10 2 21.946 9.918 20.414 9.356
472 10 2 21.930 9.911 20.398 9.348
