0 0 1 31.424 3.267 30.717 2.283
1 0 1 31.447 3.296 30.709 2.268
2 0 1 31.447 3.326 30.709 2.298
3 0 1 31.447 3.355 30.709 2.327
4 0 1 31.447 3.399 30.709 2.371
5 0 1 31.432 3.428 30.694 2.400
6 0 1 31.432 3.472 30.694 2.444
7 0 1 31.432 3.502 30.694 2.474
8 0 1 31.417 3.531 30.680 2.503
9 0 1 31.417 3.575 30.680 2.547
10 0 1 31.417 3.604 30.680 2.576
11 0 1 31.417 3.634 30.680 2.606
12 0 1 31.402 3.678 30.665 2.650
13 0 1 31.402 3.707 30.665 2.679
14 0 1 31.387 3.729 30.650 2.701
15 0 1 31.387 3.766 30.650 2.738
16 0 1 31.387 3.795 30.650 2.767
17 0 1 31.365 3.839 30.628 2.811
18 0 1 31.373 3.869 30.635 2.840
19 0 1 31.373 3.913 30.635 2.884
20 0 1 31.373 3.942 30.635 2.914
21 0 1 31.373 3.986 30.635 2.958
22 0 1 31.373 4.015 30.635 2.987
23 0 1 31.373 4.059 30.635 3.031
24 0 1 31.373 4.089 30.635 3.060
25 0 1 31.373 4.133 30.635 3.104
26 0 1 31.373 4.162 30.635 3.134
27 0 1 31.387 4.206 30.650 3.178
28 0 1 31.387 4.236 30.650 3.207
29 0 1 31.380 4.258 30.642 3.229
30 0 1 31.387 4.309 30.650 3.280
31 0 1 31.387 4.338 30.650 3.310
32 0 1 31.380 4.360 30.642 3.332
33 0 1 31.373 4.397 30.635 3.368
34 0 1 31.373 4.426 30.635 3.398
35 0 1 31.373 4.448 30.635 3.420
36 0 1 31.358 4.500 30.620 3.471
37 0 1 31.358 4.529 30.620 3.501
38 0 1 31.358 4.551 30.620 3.523
39 0 1 31.343 4.603 30.605 3.574
40 0 1 31.328 4.647 30.590 3.618
41 0 1 31.328 4.669 30.590 3.640
42 0 1 31.313 4.720 30.575 3.691
43 0 1 31.299 4.764 30.561 3.735
44 0 1 31.284 4.786 30.546 3.757
45 0 1 31.269 4.838 30.531 3.809
46 0 1 31.254 4.882 30.516 3.853
47 0 1 31.254 4.904 30.516 3.875
48 0 1 31.239 4.955 30.501 3.926
49 0 1 31.225 4.999 30.487 3.970
50 0 1 31.210 5.021 30.472 3.992
51 0 1 31.210 5.073 30.472 4.044
52 0 1 31.195 5.102 30.457 4.073
53 0 1 31.173 5.124 30.435 4.095
54 0 1 31.180 5.175 30.442 4.146
55 0 1 31.166 5.205 30.427 4.176
56 0 1 31.158 5.242 30.420 4.212
57 0 1 31.165 5.293 30.427 4.264
58 0 1 31.151 5.337 30.412 4.308
59 0 1 31.143 5.374 30.405 4.345
60 0 1 31.151 5.425 30.412 4.396
61 0 1 31.151 5.484 30.412 4.455
62 0 1 31.143 5.521 30.405 4.492
63 0 1 31.151 5.587 30.412 4.558
64 0 1 31.151 5.631 30.412 4.602
65 0 1 31.143 5.668 30.405 4.639
66 0 1 31.151 5.719 30.412 4.690
67 0 1 31.151 5.763 30.412 4.734
68 0 1 31.143 5.822 30.405 4.793
69 0 1 31.150 5.866 30.412 4.837
70 0 1 31.150 5.911 30.412 4.881
71 0 1 31.143 5.947 30.405 4.918
72 0 1 31.150 5.999 30.412 4.969
73 0 1 31.136 6.043 30.397 5.013
74 0 1 31.128 6.102 30.390 5.072
75 0 1 31.136 6.146 30.397 5.116
76 0 1 31.121 6.205 30.382 5.175
77 0 1 31.099 6.242 30.360 5.212
78 0 1 31.106 6.308 30.367 5.278
79 0 1 31.106 6.352 30.367 5.322
80 0 1 31.084 6.271 30.197 5.072
81 0 1 31.025 6.212 30.249 5.146
82 0 1 31.025 6.256 30.249 5.190
83 0 1 31.010 6.345 30.234 5.278
84 0 1 30.995 6.359 30.219 5.293
85 0 1 30.995 6.403 30.219 5.337
86 0 1 31.002 6.492 30.227 5.425
87 0 1 30.995 6.506 30.219 5.440
88 0 1 30.995 6.551 30.219 5.484
89 0 1 31.002 6.632 30.227 5.565
90 0 1 30.995 6.654 30.219 5.587
91 0 1 30.995 6.683 30.219 5.616
92 0 1 31.276 7.566 30.500 6.499
93 0 1 30.995 6.801 30.219 5.734
94 0 1 30.995 6.830 30.226 5.771
95 0 1 31.113 7.022 30.042 5.572
96 0 1 31.143 7.139 30.079 5.697
97 0 1 31.150 7.176 30.093 5.742
98 0 1 31.172 7.287 30.086 5.808
99 0 1 31.165 7.316 30.086 5.845
100 0 1 31.172 7.368 30.101 5.903
101 0 1 31.194 7.434 30.108 5.948
102 0 1 31.179 7.478 30.100 5.999
103 0 1 31.187 7.522 30.115 6.051
104 0 1 31.172 7.574 30.108 6.110
105 0 1 31.179 7.618 30.123 6.161
106 0 1 31.165 7.655 30.115 6.205
107 0 1 31.172 7.714 30.130 6.264
108 0 1 31.157 7.758 30.122 6.316
109 0 1 31.150 7.795 30.122 6.360
110 0 1 31.142 7.846 30.130 6.426
111 0 1 31.128 7.905 30.122 6.492
112 0 1 31.105 7.942 30.107 6.537
113 0 1 31.120 7.986 30.115 6.595
114 0 1 31.105 8.053 30.107 6.669
115 0 1 31.105 8.104 30.115 6.728
116 0 1 31.098 8.149 30.115 6.772
117 0 1 31.098 8.222 30.122 6.853
118 0 1 31.076 8.259 30.107 6.897
119 0 1 31.061 8.318 30.100 6.964
120 0 1 31.053 8.355 30.100 7.008
121 0 1 31.053 8.385 30.107 7.045
122 0 1 31.046 8.421 30.107 7.089
123 0 1 31.046 8.480 30.114 7.155
124 0 1 31.038 8.532 30.114 7.214
125 0 1 31.038 8.576 30.122 7.266
126 0 1 31.031 8.598 30.122 7.295
127 0 1 31.031 8.643 30.129 7.347
128 0 1 31.024 8.694 30.129 7.406
129 0 1 31.024 8.739 30.136 7.457
130 0 1 31.031 8.775 30.151 7.502
131 0 1 31.016 8.834 30.143 7.561
132 0 1 31.024 8.893 30.158 7.627
133 0 1 31.023 8.945 30.166 7.686
134 0 1 31.023 9.004 30.166 7.752
135 0 1 31.016 9.041 30.165 7.796
136 0 1 31.009 8.783 30.239 7.959
137 0 1 31.038 8.960 30.210 7.789
138 0 1 31.038 8.997 30.210 7.826
139 0 1 31.038 9.048 30.210 7.877
140 0 1 31.038 9.085 30.210 7.914
141 0 1 31.038 9.137 30.210 7.966
142 0 1 31.053 9.188 30.225 8.018
143 0 1 31.068 9.240 30.239 8.069
144 0 1 31.053 9.277 30.224 8.106
145 0 1 31.068 9.329 30.239 8.158
146 0 1 31.060 9.365 30.239 8.195
147 0 1 31.060 9.417 30.239 8.246
148 0 1 31.060 9.469 30.239 8.298
149 0 1 31.045 9.535 30.232 8.364
150 0 1 31.060 9.587 30.246 8.416
151 0 1 31.045 9.639 30.232 8.467
152 0 1 31.045 9.690 30.232 8.519
153 0 1 31.045 9.742 30.231 8.571
154 0 1 31.045 9.779 30.231 8.608
155 0 1 31.045 9.831 30.231 8.659
156 0 1 31.045 9.867 30.231 8.696
157 0 1 31.045 9.934 30.231 8.763
158 0 1 31.053 9.971 30.246 8.799
159 0 1 31.038 10.022 30.231 8.851
160 0 1 31.067 10.059 30.261 8.888
161 0 1 31.082 10.111 30.276 8.940
162 0 1 31.067 10.148 30.261 8.977
163 0 1 31.097 10.200 30.290 9.028
164 0 1 31.112 10.236 30.313 9.065
165 0 1 31.112 10.288 30.313 9.117
166 0 1 31.127 10.325 30.327 9.153
167 0 1 31.156 10.377 30.357 9.205
168 0 1 31.171 10.428 30.372 9.257
169 0 1 31.156 10.480 30.357 9.308
170 0 1 31.171 10.517 30.372 9.345
171 0 1 31.171 10.569 30.372 9.397
172 0 1 31.186 10.620 30.386 9.449
173 0 1 31.200 10.672 30.401 9.500
174 0 1 31.200 10.724 30.401 9.552
175 0 1 31.215 10.775 30.416 9.604
176 0 1 31.237 10.797 30.445 9.626
177 0 1 31.237 10.849 30.445 9.677
178 0 1 31.252 10.886 30.460 9.714
179 0 1 31.252 10.923 30.460 9.759
180 0 1 31.252 10.952 30.460 9.788
181 0 1 31.267 11.004 30.475 9.840
182 0 1 31.282 11.041 30.497 9.884
183 0 1 31.267 11.093 30.482 9.936
184 0 1 31.297 11.159 30.512 10.002
185 0 1 31.296 11.226 30.512 10.069
186 0 1 31.311 11.277 30.527 10.120
187 0 1 31.311 11.329 30.527 10.172
188 0 1 31.326 11.381 30.541 10.224
189 0 1 31.341 11.418 30.556 10.260
190 0 1 31.356 11.455 30.571 10.297
191 0 1 31.385 11.506 30.601 10.349
192 0 1 31.400 11.543 30.615 10.386
193 0 1 31.400 11.580 30.615 10.423
194 0 1 31.415 11.617 30.630 10.460
195 0 1 31.444 11.654 30.660 10.497
196 0 1 31.459 11.691 30.675 10.533
197 0 1 31.474 11.728 30.697 10.570
198 0 1 31.496 11.750 30.719 10.592
199 0 1 31.511 11.801 30.734 10.644
200 0 1 31.526 11.823 30.749 10.666
201 0 1 31.570 11.875 30.793 10.718
202 0 1 31.585 11.912 30.808 10.755
203 0 1 31.630 11.949 30.852 10.799
204 0 1 31.644 11.978 30.867 10.828
205 0 1 31.689 12.015 30.911 10.865
206 0 1 31.704 12.052 30.926 10.909
207 0 1 31.733 12.089 30.956 10.946
208 0 1 31.748 12.111 30.971 10.968
209 0 1 31.748 12.148 30.978 11.005
210 0 1 31.778 12.185 31.008 11.042
211 0 1 31.792 12.221 31.022 11.079
212 0 1 32.029 12.139 31.104 11.470
213 0 1 31.948 12.339 31.171 11.256
214 0 1 31.963 12.369 31.185 11.285
215 0 1 31.963 12.413 31.185 11.330
216 0 1 31.977 12.457 31.200 11.374
217 0 1 31.992 12.487 31.215 11.403
218 0 1 32.007 12.531 31.230 11.448
219 0 1 32.007 12.590 31.230 11.507
220 0 1 31.992 12.672 31.200 11.633
221 0 1 31.985 12.686 31.207 11.618
222 0 1 31.985 12.723 31.207 11.655
223 0 1 32.000 12.760 31.222 11.692
224 0 1 32.096 12.745 31.230 11.743
225 0 1 32.052 12.775 31.274 11.714
226 0 1 32.066 12.827 31.289 11.765
227 0 1 32.066 12.864 31.289 11.802
228 0 1 32.111 12.767 31.230 12.017
229 0 1 32.059 12.908 31.274 11.876
230 0 1 32.052 12.945 31.267 11.913
231 0 1 32.059 12.967 31.274 11.936
232 0 1 32.052 13.019 31.267 11.987
233 0 1 32.059 13.056 31.274 12.024
234 0 1 32.052 13.093 31.267 12.061
235 0 1 32.074 13.130 31.289 12.098
236 0 1 32.066 13.293 31.318 12.290
237 0 1 32.081 13.300 31.304 12.276
238 0 1 32.081 13.345 31.304 12.320
239 0 1 32.096 13.359 31.318 12.335
240 0 1 32.081 13.441 31.296 12.291
241 0 1 32.074 13.382 31.296 12.350
242 0 1 32.074 13.419 31.304 12.394
243 0 1 32.089 13.470 31.318 12.446
244 0 1 32.103 13.522 31.333 12.498
245 0 1 32.089 13.574 31.326 12.549
246 0 1 32.096 13.626 31.333 12.601
247 0 1 32.081 13.663 31.318 12.638
248 0 1 32.096 13.700 31.340 12.675
249 0 1 32.081 13.722 31.326 12.697
250 0 1 32.096 13.774 31.340 12.749
251 0 1 32.081 13.818 31.326 12.794
252 0 1 32.148 13.929 31.296 13.127
253 0 1 32.096 14.026 31.340 13.016
254 0 1 32.089 14.055 31.333 13.045
255 0 1 32.081 14.085 31.326 13.075
256 0 1 32.052 14.070 31.281 13.149
257 0 1 32.044 14.107 31.288 13.112
258 0 1 32.037 14.144 31.281 13.149
259 0 1 32.029 14.182 31.274 13.186
260 0 1 31.963 14.301 31.214 13.261
261 0 1 31.963 14.271 31.207 13.276
262 0 1 31.955 14.315 31.199 13.320
263 0 1 31.933 14.345 31.185 13.350
264 0 1 31.948 14.293 31.162 13.513
265 0 1 31.926 14.390 31.177 13.409
266 0 1 31.926 14.434 31.177 13.453
267 0 1 31.911 14.464 31.162 13.483
268 0 1 31.933 14.560 31.155 13.839
269 0 1 31.911 14.671 31.162 13.713
270 0 1 31.911 14.701 31.162 13.742
271 0 1 31.896 14.746 31.147 13.787
272 0 1 31.911 14.864 31.088 13.847
273 0 1 31.874 14.827 31.125 13.869
274 0 1 31.874 14.864 31.125 13.906
275 0 1 31.859 14.902 31.110 13.943
276 0 1 31.859 14.954 31.110 13.995
277 0 1 31.859 15.005 31.110 14.047
278 0 1 31.844 15.072 31.095 14.121
279 0 1 31.844 15.109 31.095 14.158
280 0 1 31.777 15.058 30.977 14.114
281 0 1 31.748 15.058 30.999 14.121
282 0 1 31.748 15.095 30.999 14.159
283 0 1 31.733 15.132 30.984 14.196
284 0 1 31.718 15.177 30.969 14.248
285 0 1 31.733 15.199 30.984 14.270
286 0 1 31.718 15.251 30.969 14.322
287 0 1 31.733 15.288 30.984 14.359
288 0 1 31.718 15.325 30.969 14.396
289 0 1 31.733 15.347 30.984 14.418
290 0 1 31.718 15.385 30.969 14.455
291 0 1 31.718 15.422 30.969 14.492
292 0 1 31.666 15.645 30.820 14.716
293 0 1 31.622 15.630 30.872 14.708
294 0 1 31.622 15.667 30.872 14.745
295 0 1 31.607 15.705 30.858 14.782
296 0 1 31.592 15.749 30.843 14.834
297 0 1 31.577 15.786 30.828 14.872
298 0 1 31.562 15.853 30.813 14.939
299 0 1 31.547 15.891 30.798 14.976
300 0 1 31.532 15.943 30.783 15.028
301 0 1 31.518 15.980 30.768 15.065
302 0 1 31.503 16.032 30.753 15.117
303 0 1 31.488 16.069 30.739 15.154
304 0 1 31.688 16.112 30.575 15.393
305 0 1 31.510 16.203 30.746 15.310
306 0 1 31.495 16.240 30.731 15.347
307 0 1 31.495 16.277 30.731 15.384
308 0 1 31.592 16.276 30.627 15.430
309 0 1 31.488 16.292 30.716 15.407
310 0 1 31.480 16.329 30.709 15.444
311 0 1 31.473 16.351 30.701 15.466
312 0 1 31.488 16.559 30.627 15.452
313 0 1 31.443 16.448 30.671 15.556
314 0 1 31.436 16.493 30.671 15.600
315 0 1 31.428 16.538 30.664 15.645
316 0 1 31.488 16.656 30.679 15.556
317 0 1 31.458 16.552 30.694 15.667
318 0 1 31.443 16.597 30.679 15.712
319 0 1 31.458 16.641 30.694 15.756
320 0 1 31.443 16.723 30.679 15.949
321 0 1 31.436 16.768 30.671 15.890
322 0 1 31.436 16.812 30.671 15.934
323 0 1 31.436 16.842 30.671 15.964
324 0 1 31.183 16.911 30.730 16.224
325 0 1 31.332 16.999 30.582 16.128
326 0 1 31.317 17.036 30.574 16.165
327 0 1 31.302 17.059 30.560 16.188
328 0 1 31.391 17.110 30.545 16.247
329 0 1 31.339 17.110 30.597 16.254
330 0 1 31.332 17.140 30.589 16.284
331 0 1 31.324 17.185 30.582 16.329
332 0 1 31.332 17.259 30.537 16.262
333 0 1 31.302 17.185 30.559 16.329
334 0 1 31.295 17.222 30.552 16.366
335 0 1 31.272 17.260 30.537 16.404
336 0 1 31.265 17.431 30.351 16.294
337 0 1 31.176 17.290 30.440 16.434
338 0 1 31.161 17.328 30.433 16.471
339 0 1 31.176 17.350 30.448 16.494
340 0 1 31.183 17.543 30.463 16.642
341 0 1 31.183 17.513 30.470 16.664
342 0 1 31.168 17.551 30.455 16.702
343 0 1 31.168 17.573 30.455 16.724
344 0 1 31.146 17.603 30.433 16.754
345 0 1 31.138 17.633 30.425 16.784
346 0 1 31.138 17.670 30.425 16.821
347 0 1 31.124 17.692 30.418 16.851
348 0 1 31.101 17.722 30.396 16.881
349 0 1 31.101 17.745 30.396 16.903
350 0 1 31.086 17.782 30.388 16.948
351 0 1 31.071 17.804 30.373 16.970
352 0 1 31.049 18.117 30.202 16.979
353 0 1 30.975 17.962 30.276 17.134
354 0 1 30.967 17.991 30.269 17.164
355 0 1 30.960 18.036 30.261 17.209
356 0 1 30.952 18.088 30.254 17.269
357 0 1 30.945 18.133 30.246 17.313
358 0 1 30.923 18.163 30.224 17.343
359 0 1 30.915 18.185 30.217 17.373
360 0 1 30.781 18.172 30.335 17.558
361 0 1 30.900 18.208 30.209 17.410
362 0 1 30.900 18.223 30.209 17.425
363 0 1 30.885 18.238 30.194 17.448
364 0 1 30.900 18.245 30.209 17.462
365 0 1 30.871 18.260 30.187 17.485
366 0 1 30.856 18.268 30.172 17.500
367 0 1 30.885 18.282 30.202 17.522
368 0 1 30.878 18.290 30.202 17.537
369 0 1 30.863 18.297 30.187 17.552
370 0 1 30.848 18.305 30.172 17.567
371 0 1 30.848 18.320 30.172 17.589
372 0 1 30.833 18.328 30.157 17.604
373 0 1 30.848 18.260 30.172 17.545
375 0 1 30.841 18.216 30.164 17.500
376 0 1 30.841 18.216 30.164 17.507
377 0 1 30.826 18.231 30.150 17.530
378 0 1 30.826 18.238 30.157 17.537
379 0 1 30.826 18.261 30.157 17.567
380 0 1 30.811 18.291 30.142 17.604
381 0 1 30.796 18.306 30.127 17.627
382 0 1 30.781 18.343 30.112 17.672
384 0 1 30.774 18.254 30.105 17.590
385 0 1 30.766 18.269 30.097 17.612
387 0 1 30.759 18.217 30.090 17.568
388 0 1 30.752 18.217 30.083 17.575
389 0 1 30.744 18.239 30.075 17.605
390 0 1 30.737 18.239 30.068 17.613
391 0 1 30.729 18.254 30.060 17.635
392 0 1 30.722 18.262 30.053 17.650
393 0 1 30.714 18.277 30.045 17.672
394 0 1 30.737 18.284 30.075 17.687
395 0 1 30.729 18.299 30.068 17.709
396 0 1 30.752 18.299 30.090 17.717
397 0 1 30.752 18.299 30.090 17.724
399 0 1 30.744 18.232 30.082 17.664
400 0 1 30.744 18.224 30.082 17.664
401 0 1 30.744 18.224 30.082 17.672
402 0 1 30.744 18.217 30.082 17.672
403 0 1 30.744 18.217 30.082 17.679
404 0 1 30.744 18.209 30.082 17.679
405 0 1 30.744 18.209 30.082 17.687
406 0 1 30.744 18.202 30.082 17.687
407 0 1 30.744 18.202 30.082 17.694
408 0 1 30.744 18.194 30.082 17.687
409 0 1 30.744 18.194 30.082 17.694
410 0 1 30.744 18.194 30.082 17.694
411 0 1 30.744 18.194 30.082 17.694
412 0 1 30.744 18.194 30.082 17.694
413 0 1 30.744 18.194 30.082 17.702
414 0 1 30.744 18.187 30.082 17.694
415 0 1 30.744 18.187 30.082 17.694
416 0 1 30.744 18.187 30.082 17.694
417 0 1 30.744 18.194 30.082 17.702
418 0 1 30.744 18.187 30.082 17.694
419 0 1 30.744 18.194 30.082 17.702
420 0 1 30.744 18.187 30.082 17.694
421 0 1 30.744 18.187 30.082 17.694
422 0 1 30.744 18.187 30.082 17.694
423 0 1 30.744 18.194 30.082 17.702
424 0 1 30.744 18.187 30.082 17.694
425 0 1 30.744 18.194 30.082 17.702
426 0 1 30.744 18.187 30.082 17.694
427 0 1 30.744 18.187 30.082 17.694
428 0 1 30.744 18.187 30.082 17.694
429 0 1 30.744 18.194 30.082 17.702
430 0 1 30.744 18.187 30.082 17.694
431 0 1 30.744 18.194 30.082 17.702
432 0 1 30.744 18.187 30.082 17.694
433 0 1 30.744 18.187 30.082 17.694
434 0 1 30.744 18.187 30.082 17.694
435 0 1 30.744 18.194 30.082 17.702
436 0 1 30.744 18.187 30.082 17.694
437 0 1 30.744 18.194 30.082 17.702
438 0 1 30.744 18.187 30.082 17.694
439 0 1 30.744 18.187 30.082 17.694
440 0 1 30.744 18.187 30.082 17.694
441 0 1 30.744 18.194 30.082 17.702
442 0 1 30.744 18.187 30.082 17.694
443 0 1 30.744 18.194 30.082 17.702
444 0 1 30.744 18.187 30.082 17.694
445 0 1 30.744 18.187 30.082 17.694
446 0 1 30.744 18.187 30.082 17.694
447 0 1 30.729 18.195 30.068 17.702
448 0 1 30.729 18.187 30.068 17.694
449 0 1 30.729 18.195 30.068 17.702
450 0 1 30.729 18.187 30.068 17.694
451 0 1 30.729 18.187 30.068 17.694
452 0 1 30.729 18.187 30.068 17.694
453 0 1 30.729 18.195 30.068 17.702
454 0 1 30.729 18.187 30.068 17.694
455 0 1 30.729 18.195 30.068 17.702
456 0 1 30.729 18.187 30.068 17.694
457 0 1 30.714 18.187 30.053 17.695
458 0 1 30.714 18.187 30.053 17.695
459 0 1 30.714 18.195 30.053 17.702
460 0 1 30.714 18.187 30.053 17.695
461 0 1 30.700 18.195 30.038 17.702
462 0 1 30.700 18.187 30.038 17.695
463 0 1 30.700 18.187 30.038 17.695
464 0 1 30.700 18.187 30.038 17.695
465 0 1 30.700 18.195 30.038 17.702
466 0 1 30.685 18.187 30.023 17.695
467 0 1 30.685 18.195 30.023 17.702
468 0 1 30.685 18.187 30.023 17.695
469 0 1 30.685 18.187 30.023 17.695
470 0 1 30.685 18.187 30.023 17.695
471 0 1 30.685 18.195 30.023 17.702
472 0 1 30.685 18.187 30.023 17.695
473 0 1 30.685 18.195 30.023 17.702
474 0 1 30.685 18.187 30.023 17.695
475 0 1 30.685 18.187 30.023 17.695
476 0 1 30.685 18.187 30.023 17.695
477 0 1 30.685 18.195 30.023 17.702
478 0 1 30.685 18.187 30.023 17.695
479 0 1 30.685 18.195 30.023 17.702
480 0 1 30.685 18.187 30.023 17.695
481 0 1 30.685 18.187 30.023 17.695
482 0 1 30.685 18.187 30.023 17.695
483 0 1 30.685 18.195 30.023 17.702
484 0 1 30.685 18.187 30.023 17.695
485 0 1 30.685 18.195 30.023 17.702
486 0 1 30.685 18.187 30.023 17.695
487 0 1 30.685 18.187 30.023 17.695
488 0 1 30.685 18.187 30.023 17.695
489 0 1 30.685 18.187 30.023 17.695
490 0 1 30.685 18.187 30.023 17.695
491 0 1 30.685 18.187 30.023 17.695
492 0 1 30.685 18.187 30.023 17.695
493 0 1 30.685 18.187 30.023 17.695
494 0 1 30.685 18.187 30.023 17.695
495 0 1 30.685 18.187 30.023 17.695
496 0 1 30.685 18.187 30.023 17.695
497 0 1 30.685 18.187 30.023 17.695
498 0 1 30.685 18.187 30.023 17.695
499 0 1 30.685 18.187 30.023 17.695
500 0 1 30.685 18.180 30.023 17.687
501 0 1 30.670 18.188 30.008 17.695
502 0 1 30.670 18.180 30.008 17.688
503 0 1 30.670 18.188 30.008 17.695
504 0 1 30.670 18.180 30.008 17.688
505 0 1 30.670 18.188 30.008 17.695
506 0 1 30.670 18.180 30.008 17.688
507 0 1 30.670 18.188 30.008 17.695
508 0 1 30.670 18.180 30.008 17.688
509 0 1 30.670 18.180 30.008 17.688
510 0 1 30.670 18.173 30.008 17.680
511 0 1 30.670 18.180 30.008 17.688
512 0 1 30.670 18.173 30.008 17.680
513 0 1 30.670 18.180 30.008 17.688
514 0 1 30.670 18.173 30.008 17.680
515 0 1 30.670 18.180 30.008 17.688
516 0 1 30.670 18.173 30.008 17.680
517 0 1 30.670 18.180 30.008 17.688
518 0 1 30.670 18.173 30.008 17.680
519 0 1 30.655 18.180 29.993 17.688
520 0 1 30.655 18.173 29.993 17.680
521 0 1 30.655 18.173 29.993 17.680
522 0 1 30.655 18.165 29.993 17.673
523 0 1 30.655 18.165 29.993 17.673
524 0 1 30.655 18.165 29.993 17.673
525 0 1 30.655 18.173 29.993 17.680
526 0 1 30.655 18.165 29.993 17.673
527 0 1 30.655 18.173 29.993 17.680
528 0 1 30.655 18.165 29.993 17.673
529 0 1 30.655 18.165 29.993 17.673
530 0 1 30.655 18.165 29.993 17.673
531 0 1 30.655 18.165 29.993 17.673
532 0 1 30.655 18.158 29.993 17.665
533 0 1 30.655 18.165 29.993 17.673
534 0 1 30.655 18.158 29.993 17.665
535 0 1 30.655 18.158 29.993 17.665
536 0 1 30.640 18.151 29.978 17.658
537 0 1 30.640 18.158 29.978 17.665
538 0 1 30.640 18.151 29.978 17.658
539 0 1 30.640 18.158 29.978 17.665
540 0 1 30.640 18.151 29.978 17.658
541 0 1 30.640 18.158 29.978 17.665
542 0 1 30.640 18.151 29.978 17.658
543 0 1 30.640 18.158 29.978 17.665
544 0 1 30.640 18.151 29.978 17.658
545 0 1 30.640 18.158 29.978 17.665
546 0 1 30.640 18.151 29.978 17.658
547 0 1 30.640 18.158 29.978 17.665
548 0 1 30.640 18.151 29.978 17.658
0 1 1 33.811 4.685 33.090 3.746
1 1 1 33.833 4.714 33.082 3.731
2 1 1 33.833 4.744 33.082 3.761
3 1 1 33.848 4.788 33.097 3.805
4 1 1 33.863 4.832 33.112 3.849
5 1 1 33.878 4.876 33.126 3.893
6 1 1 33.907 4.920 33.156 3.937
7 1 1 33.922 4.949 33.171 3.966
8 1 1 33.937 4.993 33.185 4.010
9 1 1 33.966 5.037 33.215 4.054
10 1 1 33.995 5.081 33.244 4.098
11 1 1 33.973 5.125 33.222 4.142
12 1 1 33.966 5.184 33.215 4.201
13 1 1 33.966 5.228 33.215 4.245
14 1 1 33.966 5.264 33.215 4.281
15 1 1 33.966 5.330 33.215 4.347
16 1 1 33.966 5.374 33.215 4.391
17 1 1 33.981 5.411 33.230 4.428
18 1 1 33.981 5.462 33.230 4.479
19 1 1 33.981 5.506 33.230 4.523
20 1 1 33.981 5.528 33.230 4.545
21 1 1 33.981 5.580 33.230 4.597
22 1 1 33.967 5.624 33.215 4.641
23 1 1 33.930 5.660 33.178 4.677
24 1 1 33.922 5.712 33.171 4.729
25 1 1 33.893 5.756 33.142 4.773
26 1 1 33.893 5.778 33.142 4.795
27 1 1 33.893 5.829 33.142 4.846
28 1 1 33.878 5.873 33.127 4.890
29 1 1 33.879 5.910 33.127 4.927
30 1 1 33.864 5.961 33.112 4.978
31 1 1 33.849 6.005 33.098 5.022
32 1 1 33.864 6.042 33.112 5.059
33 1 1 33.864 6.093 33.112 5.110
34 1 1 33.864 6.152 33.112 5.169
35 1 1 33.864 6.189 33.112 5.205
36 1 1 33.864 6.240 33.112 5.257
37 1 1 33.879 6.284 33.127 5.301
38 1 1 33.894 6.306 33.142 5.323
39 1 1 33.908 6.358 33.157 5.374
40 1 1 33.923 6.416 33.171 5.433
41 1 1 33.916 6.453 33.164 5.470
42 1 1 33.938 6.490 33.186 5.506
43 1 1 33.982 6.534 33.230 5.550
44 1 1 33.975 6.578 33.223 5.594
45 1 1 33.968 6.622 33.216 5.638
46 1 1 33.968 6.666 33.216 5.682
47 1 1 33.968 6.725 33.216 5.741
48 1 1 33.968 6.769 33.216 5.785
49 1 1 33.968 6.813 33.216 5.829
50 1 1 33.968 6.850 33.216 5.866
51 1 1 33.968 6.901 33.216 5.917
52 1 1 33.983 6.945 33.231 5.961
53 1 1 33.960 6.982 33.209 5.998
54 1 1 33.983 7.019 33.231 6.035
55 1 1 33.953 7.063 33.201 6.079
56 1 1 33.916 7.107 33.165 6.123
57 1 1 33.880 7.151 33.128 6.167
58 1 1 33.880 7.195 33.128 6.211
59 1 1 33.865 7.232 33.113 6.248
60 1 1 33.865 7.268 33.113 6.285
61 1 1 33.865 7.313 33.113 6.329
62 1 1 33.843 7.357 33.091 6.373
63 1 1 33.850 7.415 33.098 6.432
64 1 1 33.961 7.386 33.246 6.461
65 1 1 33.968 7.408 33.231 6.446
66 1 1 33.976 7.452 33.238 6.490
67 1 1 33.968 7.511 33.231 6.549
68 1 1 33.961 7.555 33.224 6.593
69 1 1 33.968 7.599 33.231 6.637
70 1 1 33.961 7.643 33.224 6.681
71 1 1 33.969 7.673 33.231 6.711
72 1 1 33.961 7.717 33.224 6.755
73 1 1 33.954 7.776 33.217 6.814
74 1 1 33.947 7.820 33.209 6.858
75 1 1 33.954 7.864 33.217 6.902
76 1 1 33.932 7.923 33.194 6.961
77 1 1 33.910 7.952 33.172 6.990
78 1 1 33.903 7.981 33.165 7.019
79 1 1 33.925 8.040 33.187 7.078
80 1 1 33.932 8.084 33.195 7.122
81 1 1 33.940 8.128 33.202 7.166
82 1 1 33.947 8.187 33.209 7.225
83 1 1 33.954 8.231 33.217 7.269
84 1 1 33.962 8.276 33.224 7.313
85 1 1 33.984 8.334 33.246 7.372
86 1 1 33.991 8.378 33.254 7.416
87 1 1 33.999 8.408 33.261 7.446
88 1 1 33.991 8.452 33.254 7.490
89 1 1 33.999 8.503 33.261 7.541
90 1 1 33.991 8.526 33.254 7.563
91 1 1 33.999 8.570 33.261 7.607
92 1 1 33.992 8.665 33.254 7.703
93 1 1 33.999 8.673 33.261 7.710
94 1 1 34.006 8.702 33.269 7.740
95 1 1 34.014 8.709 33.276 7.747
96 1 1 33.992 8.776 33.254 7.813
97 1 1 33.999 8.835 33.261 7.872
98 1 1 33.984 8.886 33.247 7.924
99 1 1 33.999 8.923 33.261 7.961
100 1 1 33.992 8.982 33.254 8.019
101 1 1 33.999 9.033 33.262 8.071
102 1 1 33.992 9.085 33.254 8.122
103 1 1 33.985 9.114 33.247 8.152
105 1 1 33.977 9.114 33.239 8.152
106 1 1 33.970 9.151 33.232 8.189
107 1 1 33.963 9.181 33.225 8.218
108 1 1 33.955 9.210 33.217 8.248
109 1 1 33.948 9.254 33.210 8.292
110 1 1 33.941 9.313 33.203 8.351
111 1 1 33.933 9.357 33.195 8.395
112 1 1 33.941 9.402 33.203 8.439
113 1 1 33.948 9.446 33.210 8.483
114 1 1 33.941 9.490 33.203 8.527
115 1 1 33.948 9.549 33.210 8.586
116 1 1 33.956 9.593 33.218 8.630
117 1 1 33.948 9.637 33.210 8.675
118 1 1 33.956 9.681 33.218 8.719
119 1 1 33.963 9.726 33.225 8.763
120 1 1 33.956 9.770 33.218 8.807
121 1 1 33.948 9.814 33.210 8.851
122 1 1 33.941 9.858 33.203 8.895
123 1 1 33.919 9.888 33.181 8.925
124 1 1 33.926 9.932 33.188 8.969
125 1 1 33.919 9.961 33.181 8.999
126 1 1 33.912 10.006 33.174 9.043
127 1 1 33.890 10.050 33.152 9.087
128 1 1 33.882 10.079 33.144 9.117
129 1 1 33.875 10.124 33.137 9.161
130 1 1 33.868 10.168 33.129 9.205
131 1 1 33.860 10.227 33.122 9.264
132 1 1 33.853 10.271 33.115 9.308
133 1 1 33.846 10.330 33.107 9.367
134 1 1 33.838 10.374 33.100 9.411
135 1 1 33.831 10.419 33.093 9.456
136 1 1 33.839 10.463 33.100 9.500
137 1 1 33.816 10.507 33.078 9.544
138 1 1 33.809 10.551 33.071 9.588
139 1 1 33.802 10.581 33.063 9.618
140 1 1 33.794 10.625 33.056 9.662
141 1 1 33.787 10.655 33.049 9.691
142 1 1 33.780 10.699 33.041 9.736
143 1 1 33.772 10.743 33.034 9.780
144 1 1 33.772 10.758 33.086 10.156
145 1 1 33.787 10.905 33.056 9.986
146 1 1 33.773 10.950 33.041 10.031
147 1 1 33.758 11.009 33.027 10.090
148 1 1 33.743 11.068 33.012 10.149
149 1 1 33.743 11.112 33.012 10.193
150 1 1 33.728 11.142 32.997 10.222
151 1 1 33.743 11.186 33.012 10.267
152 1 1 33.692 11.134 32.938 10.459
153 1 1 33.677 11.238 32.945 10.348
154 1 1 33.677 11.282 32.946 10.392
155 1 1 33.677 11.312 32.946 10.422
156 1 1 33.736 11.186 32.953 10.665
157 1 1 33.706 11.348 32.975 10.503
158 1 1 33.692 11.378 32.960 10.532
159 1 1 33.677 11.422 32.946 10.577
160 1 1 33.832 11.311 32.887 10.828
161 1 1 33.729 11.466 32.975 10.665
162 1 1 33.721 11.511 32.968 10.709
163 1 1 33.714 11.570 32.960 10.768
164 1 1 33.744 11.717 33.020 10.894
165 1 1 33.751 11.702 33.005 10.901
166 1 1 33.751 11.747 33.005 10.945
167 1 1 33.736 11.806 32.990 11.004
168 1 1 33.736 11.850 32.990 11.049
169 1 1 33.722 11.894 32.975 11.093
170 1 1 33.722 11.953 32.975 11.152
171 1 1 33.707 11.998 32.961 11.197
172 1 1 33.692 12.027 32.946 11.226
173 1 1 33.692 12.072 32.946 11.270
174 1 1 33.678 12.116 32.931 11.315
175 1 1 33.663 12.146 32.916 11.344
176 1 1 33.692 11.968 32.791 11.478
177 1 1 33.619 12.109 32.865 11.330
178 1 1 33.611 12.161 32.857 11.382
179 1 1 33.604 12.198 32.850 11.418
180 1 1 33.693 12.456 32.865 11.551
181 1 1 33.656 12.390 32.902 11.603
182 1 1 33.663 12.434 32.909 11.647
183 1 1 33.671 12.493 32.917 11.706
184 1 1 33.663 12.537 32.909 11.751
185 1 1 33.671 12.581 32.917 11.795
186 1 1 33.678 12.641 32.924 11.854
187 1 1 33.685 12.685 32.931 11.898
188 1 1 33.678 12.700 32.924 11.913
189 1 1 33.700 12.759 32.946 11.972
190 1 1 33.693 12.788 32.939 12.002
191 1 1 33.700 12.833 32.946 12.046
192 1 1 33.693 12.862 32.939 12.075
193 1 1 33.700 12.906 32.946 12.120
194 1 1 33.693 12.966 32.939 12.179
195 1 1 33.701 13.010 32.946 12.223
196 1 1 33.693 13.039 32.939 12.253
197 1 1 33.701 13.084 32.946 12.297
198 1 1 33.693 13.143 32.939 12.356
199 1 1 33.686 13.187 32.932 12.401
200 1 1 33.664 13.217 32.910 12.430
201 1 1 33.656 13.276 32.902 12.489
202 1 1 33.649 13.321 32.895 12.534
203 1 1 33.642 13.380 32.887 12.593
204 1 1 33.634 13.439 32.880 12.652
205 1 1 33.627 13.469 32.873 12.682
206 1 1 33.620 13.513 32.865 12.726
207 1 1 33.627 13.543 32.873 12.756
208 1 1 33.620 13.587 32.865 12.800
209 1 1 33.627 13.646 32.873 12.859
210 1 1 33.620 13.691 32.865 12.904
211 1 1 33.612 13.720 32.858 12.933
212 1 1 33.590 13.765 32.836 12.978
213 1 1 33.583 13.824 32.828 13.037
214 1 1 33.576 13.868 32.821 13.081
215 1 1 33.583 13.913 32.828 13.126
216 1 1 33.576 13.972 32.821 13.185
217 1 1 33.583 14.016 32.829 13.229
218 1 1 33.591 14.061 32.836 13.274
219 1 1 33.598 14.105 32.843 13.318
220 1 1 33.605 14.134 32.851 13.347
221 1 1 33.613 14.179 32.858 13.392
222 1 1 33.605 14.238 32.851 13.451
223 1 1 33.613 14.282 32.858 13.495
224 1 1 33.657 14.312 32.888 13.562
225 1 1 33.642 14.327 32.888 13.547
226 1 1 33.635 14.364 32.880 13.584
227 1 1 33.643 14.401 32.888 13.621
228 1 1 33.620 14.519 32.829 13.806
229 1 1 33.598 14.542 32.844 13.769
230 1 1 33.591 14.586 32.836 13.814
231 1 1 33.598 14.616 32.844 13.843
232 1 1 33.576 14.660 32.821 13.888
233 1 1 33.584 14.719 32.829 13.947
234 1 1 33.562 14.764 32.807 13.992
235 1 1 33.554 14.794 32.799 14.021
236 1 1 33.547 14.838 32.792 14.066
237 1 1 33.539 14.897 32.785 14.125
238 1 1 33.532 14.942 32.777 14.169
239 1 1 33.525 14.971 32.770 14.199
240 1 1 33.517 15.016 32.762 14.244
241 1 1 33.525 15.075 32.770 14.303
242 1 1 33.517 15.120 32.762 14.347
243 1 1 33.525 15.149 32.770 14.377
244 1 1 33.517 15.179 32.762 14.406
245 1 1 33.510 15.223 32.755 14.451
246 1 1 33.503 15.283 32.748 14.510
247 1 1 33.510 15.327 32.755 14.555
248 1 1 33.503 15.357 32.748 14.584
249 1 1 33.510 15.401 32.755 14.629
250 1 1 33.518 15.460 32.763 14.688
251 1 1 33.540 15.505 32.785 14.732
252 1 1 33.533 15.534 32.777 14.762
253 1 1 33.540 15.579 32.785 14.806
254 1 1 33.547 15.623 32.792 14.851
255 1 1 33.555 15.653 32.800 14.880
256 1 1 33.547 15.697 32.792 14.925
257 1 1 33.555 15.742 32.800 14.969
258 1 1 33.547 15.771 32.792 14.999
259 1 1 33.555 15.801 32.800 15.028
260 1 1 33.548 15.846 32.792 15.073
261 1 1 33.540 15.905 32.785 15.132
262 1 1 33.533 15.949 32.778 15.177
263 1 1 33.540 15.979 32.785 15.206
264 1 1 33.533 16.024 32.778 15.251
265 1 1 33.526 16.068 32.770 15.295
266 1 1 33.503 16.113 32.748 15.340
267 1 1 33.496 16.172 32.741 15.399
268 1 1 33.489 16.217 32.733 15.444
269 1 1 33.481 16.246 32.726 15.474
270 1 1 33.474 16.291 32.718 15.518
271 1 1 33.467 16.335 32.711 15.563
272 1 1 33.459 16.380 32.704 15.607
273 1 1 33.467 16.424 32.711 15.652
274 1 1 33.459 16.454 32.704 15.681
275 1 1 33.467 16.499 32.711 15.726
276 1 1 33.444 16.558 32.689 15.785
277 1 1 33.452 16.588 32.696 15.815
278 1 1 33.445 16.632 32.689 15.860
279 1 1 33.437 16.662 32.682 15.889
280 1 1 33.415 16.707 32.659 15.934
281 1 1 33.422 16.766 32.667 15.993
282 1 1 33.415 16.811 32.659 16.038
283 1 1 33.422 16.855 32.667 16.082
284 1 1 33.415 16.915 32.659 16.142
285 1 1 33.423 16.959 32.667 16.186
286 1 1 33.430 16.989 32.674 16.216
287 1 1 33.437 17.033 32.682 16.260
288 1 1 33.430 17.078 32.674 16.305
289 1 1 33.437 17.107 32.682 16.334
290 1 1 33.430 17.152 32.674 16.379
291 1 1 33.438 17.196 32.682 16.423
292 1 1 33.430 17.226 32.674 16.453
293 1 1 33.438 17.256 32.682 16.483
294 1 1 33.430 17.300 32.674 16.527
295 1 1 33.438 17.345 32.682 16.572
296 1 1 33.415 17.375 32.660 16.602
297 1 1 33.408 17.404 32.652 16.631
298 1 1 33.401 17.449 32.645 16.676
299 1 1 33.393 17.494 32.637 16.721
300 1 1 33.371 17.524 32.615 16.751
301 1 1 33.364 17.568 32.608 16.795
302 1 1 33.342 17.613 32.586 16.840
303 1 1 33.334 17.643 32.578 16.870
304 1 1 33.327 17.687 32.571 16.914
305 1 1 33.319 17.747 32.563 16.974
306 1 1 33.297 17.777 32.541 17.004
307 1 1 33.290 17.821 32.534 17.048
308 1 1 33.282 17.836 32.526 17.063
309 1 1 33.290 17.896 32.534 17.122
310 1 1 33.268 17.925 32.511 17.152
311 1 1 33.260 17.955 32.504 17.182
312 1 1 33.253 17.985 32.497 17.212
313 1 1 33.246 18.030 32.489 17.257
314 1 1 33.223 18.045 32.467 17.272
315 1 1 33.201 18.104 32.445 17.331
316 1 1 33.194 18.134 32.437 17.361
317 1 1 33.186 18.164 32.430 17.391
318 1 1 33.179 18.179 32.423 17.406
319 1 1 33.172 18.194 32.415 17.428
320 1 1 33.164 18.201 32.408 17.443
321 1 1 33.172 18.224 32.415 17.473
322 1 1 33.164 18.239 32.408 17.495
323 1 1 33.172 18.246 32.415 17.510
324 1 1 33.164 18.261 32.408 17.532
325 1 1 33.142 18.276 32.386 17.555
326 1 1 33.120 18.284 32.363 17.570
327 1 1 33.112 18.291 32.356 17.585
328 1 1 33.046 18.217 32.297 17.526
330 1 1 33.038 18.180 32.289 17.496
331 1 1 33.023 18.188 32.274 17.511
332 1 1 33.023 18.195 32.274 17.526
333 1 1 33.009 18.195 32.259 17.533
334 1 1 32.979 18.203 32.230 17.549
335 1 1 32.964 18.203 32.215 17.556
336 1 1 32.949 18.218 32.200 17.579
337 1 1 32.920 18.226 32.170 17.594
338 1 1 32.905 18.234 32.156 17.609
339 1 1 32.905 18.241 32.156 17.624
340 1 1 32.890 18.249 32.141 17.639
341 1 1 32.875 18.256 32.126 17.654
342 1 1 32.734 18.324 31.985 17.744
344 1 1 32.727 18.235 31.977 17.662
345 1 1 32.712 18.243 31.963 17.677
346 1 1 32.727 18.354 31.992 17.811
348 1 1 32.719 18.250 31.985 17.714
349 1 1 32.705 18.250 31.970 17.722
350 1 1 32.705 18.258 31.970 17.737
351 1 1 32.705 18.258 31.970 17.744
352 1 1 32.705 18.258 31.970 17.752
353 1 1 32.705 18.250 31.970 17.752
354 1 1 32.705 18.243 31.970 17.752
355 1 1 32.705 18.235 31.970 17.752
357 1 1 32.697 18.191 31.963 17.714
358 1 1 32.697 18.191 31.963 17.722
359 1 1 32.697 18.191 31.963 17.729
360 1 1 32.682 18.198 31.948 17.744
361 1 1 32.682 18.213 31.948 17.767
362 1 1 32.653 18.221 31.918 17.782
363 1 1 32.638 18.229 31.903 17.797
364 1 1 32.623 18.229 31.888 17.804
365 1 1 32.497 18.289 31.762 17.880
367 1 1 32.489 18.215 31.755 17.813
368 1 1 32.475 18.215 31.740 17.821
369 1 1 32.482 18.215 31.747 17.828
370 1 1 32.489 18.208 31.755 17.828
371 1 1 32.489 18.208 31.755 17.835
372 1 1 32.489 18.200 31.755 17.835
373 1 1 32.489 18.200 31.755 17.843
374 1 1 32.482 18.193 31.747 17.843
375 1 1 32.482 18.193 31.747 17.850
376 1 1 32.482 18.185 31.747 17.850
377 1 1 32.475 18.186 31.740 17.858
378 1 1 32.482 18.178 31.747 17.858
379 1 1 32.482 18.178 31.747 17.865
380 1 1 32.482 18.178 31.747 17.865
381 1 1 32.475 18.178 31.740 17.865
382 1 1 32.475 18.178 31.740 17.865
383 1 1 32.475 18.171 31.740 17.858
384 1 1 32.475 18.178 31.740 17.865
385 1 1 32.475 18.171 31.740 17.858
386 1 1 32.475 18.178 31.740 17.865
387 1 1 32.475 18.178 31.740 17.865
388 1 1 32.475 18.178 31.740 17.865
389 1 1 32.475 18.171 31.740 17.858
390 1 1 32.475 18.178 31.740 17.865
391 1 1 32.475 18.171 31.740 17.858
392 1 1 32.475 18.178 31.740 17.865
393 1 1 32.475 18.171 31.740 17.858
394 1 1 32.475 18.178 31.740 17.865
395 1 1 32.475 18.171 31.740 17.858
396 1 1 32.475 18.178 31.740 17.865
397 1 1 32.475 18.171 31.740 17.858
398 1 1 32.467 18.178 31.733 17.865
399 1 1 32.467 18.171 31.733 17.858
400 1 1 32.467 18.178 31.733 17.865
401 1 1 32.467 18.171 31.733 17.858
402 1 1 32.467 18.178 31.733 17.865
403 1 1 32.467 18.171 31.733 17.858
404 1 1 32.467 18.178 31.733 17.865
405 1 1 32.467 18.171 31.733 17.858
406 1 1 32.460 18.178 31.725 17.865
407 1 1 32.460 18.171 31.725 17.858
408 1 1 32.460 18.178 31.725 17.865
409 1 1 32.460 18.171 31.725 17.858
410 1 1 32.460 18.178 31.725 17.865
411 1 1 32.460 18.171 31.725 17.858
412 1 1 32.460 18.178 31.725 17.865
413 1 1 32.460 18.171 31.725 17.858
414 1 1 32.460 18.178 31.725 17.865
415 1 1 32.460 18.171 31.725 17.858
416 1 1 32.460 18.178 31.725 17.865
417 1 1 32.460 18.171 31.725 17.858
418 1 1 32.460 18.178 31.725 17.865
419 1 1 32.460 18.171 31.725 17.858
420 1 1 32.460 18.178 31.725 17.865
421 1 1 32.460 18.171 31.725 17.858
422 1 1 32.460 18.178 31.725 17.865
423 1 1 32.452 18.171 31.718 17.858
424 1 1 32.452 18.178 31.718 17.865
425 1 1 32.452 18.171 31.718 17.858
426 1 1 32.452 18.178 31.718 17.865
427 1 1 32.452 18.171 31.718 17.858
428 1 1 32.452 18.178 31.718 17.865
429 1 1 32.452 18.171 31.718 17.858
430 1 1 32.452 18.178 31.718 17.865
431 1 1 32.452 18.171 31.718 17.858
432 1 1 32.452 18.178 31.718 17.865
433 1 1 32.452 18.171 31.718 17.858
434 1 1 32.452 18.178 31.718 17.865
435 1 1 32.445 18.171 31.710 17.858
436 1 1 32.445 18.178 31.710 17.865
437 1 1 32.445 18.171 31.710 17.858
438 1 1 32.445 18.178 31.710 17.865
439 1 1 32.445 18.171 31.710 17.858
440 1 1 32.445 18.178 31.710 17.865
441 1 1 32.445 18.171 31.710 17.858
442 1 1 32.445 18.178 31.710 17.865
443 1 1 32.445 18.171 31.710 17.858
444 1 1 32.445 18.178 31.710 17.865
445 1 1 32.445 18.171 31.710 17.858
446 1 1 32.445 18.178 31.710 17.865
447 1 1 32.445 18.171 31.710 17.858
448 1 1 32.445 18.178 31.710 17.865
449 1 1 32.445 18.171 31.710 17.858
450 1 1 32.445 18.178 31.710 17.865
451 1 1 32.445 18.171 31.710 17.858
452 1 1 32.438 18.178 31.703 17.866
453 1 1 32.438 18.171 31.703 17.858
454 1 1 32.438 18.178 31.703 17.866
455 1 1 32.438 18.171 31.703 17.858
456 1 1 32.430 18.179 31.695 17.866
457 1 1 32.430 18.171 31.695 17.858
458 1 1 32.430 18.179 31.695 17.866
459 1 1 32.423 18.171 31.688 17.858
460 1 1 32.423 18.179 31.688 17.866
461 1 1 32.423 18.179 31.688 17.873
462 1 1 32.415 18.171 31.681 17.866
463 1 1 32.408 18.171 31.673 17.866
464 1 1 32.408 18.171 31.673 17.873
465 1 1 32.408 18.171 31.673 17.873
466 1 1 32.408 18.171 31.673 17.873
467 1 1 32.408 18.171 31.673 17.873
468 1 1 32.408 18.171 31.673 17.873
469 1 1 32.408 18.171 31.673 17.873
470 1 1 32.408 18.171 31.673 17.873
471 1 1 32.408 18.171 31.673 17.873
473 1 1 32.400 18.164 31.666 17.866
474 1 1 32.400 18.164 31.666 17.866
475 1 1 32.400 18.164 31.666 17.866
476 1 1 32.408 18.164 31.673 17.866
477 1 1 32.408 18.164 31.673 17.866
478 1 1 32.408 18.164 31.673 17.866
479 1 1 32.408 18.164 31.673 17.866
480 1 1 32.408 18.164 31.673 17.866
481 1 1 32.408 18.164 31.673 17.866
482 1 1 32.408 18.164 31.673 17.866
483 1 1 32.408 18.164 31.673 17.866
484 1 1 32.408 18.164 31.673 17.866
485 1 1 32.408 18.164 31.673 17.866
486 1 1 32.408 18.164 31.673 17.866
487 1 1 32.408 18.156 31.673 17.858
488 1 1 32.408 18.156 31.673 17.858
489 1 1 32.408 18.156 31.673 17.858
490 1 1 32.408 18.156 31.673 17.858
491 1 1 32.400 18.156 31.666 17.858
492 1 1 32.400 18.156 31.666 17.858
493 1 1 32.400 18.149 31.666 17.851
494 1 1 32.400 18.149 31.666 17.851
495 1 1 32.400 18.149 31.666 17.851
496 1 1 32.400 18.149 31.666 17.851
497 1 1 32.400 18.149 31.666 17.851
498 1 1 32.393 18.142 31.658 17.844
499 1 1 32.393 18.142 31.658 17.844
500 1 1 32.393 18.142 31.658 17.844
501 1 1 32.386 18.142 31.651 17.844
502 1 1 32.386 18.142 31.651 17.844
503 1 1 32.386 18.134 31.651 17.836
504 1 1 32.386 18.134 31.651 17.836
505 1 1 32.378 18.134 31.643 17.836
506 1 1 32.378 18.134 31.643 17.836
507 1 1 32.378 18.134 31.643 17.836
508 1 1 32.378 18.134 31.643 17.836
509 1 1 32.378 18.127 31.643 17.829
510 1 1 32.378 18.127 31.643 17.829
511 1 1 32.371 18.127 31.636 17.829
512 1 1 32.371 18.127 31.636 17.829
513 1 1 32.371 18.127 31.636 17.829
514 1 1 32.371 18.120 31.636 17.822
515 1 1 32.363 18.120 31.629 17.822
516 1 1 32.363 18.120 31.629 17.822
517 1 1 32.363 18.120 31.629 17.822
518 1 1 32.363 18.120 31.629 17.822
519 1 1 32.356 18.120 31.621 17.822
520 1 1 32.356 18.120 31.621 17.822
521 1 1 32.356 18.120 31.621 17.822
522 1 1 32.356 18.120 31.621 17.822
523 1 1 32.356 18.120 31.621 17.822
524 1 1 32.356 18.112 31.621 17.814
525 1 1 32.356 18.112 31.621 17.814
526 1 1 32.349 18.112 31.614 17.814
527 1 1 32.349 18.112 31.614 17.814
528 1 1 32.349 18.105 31.614 17.807
529 1 1 32.349 18.105 31.614 17.807
530 1 1 32.349 18.105 31.614 17.807
531 1 1 32.349 18.105 31.614 17.807
532 1 1 32.349 18.098 31.614 17.799
533 1 1 32.349 18.098 31.614 17.799
534 1 1 32.349 18.098 31.614 17.799
535 1 1 32.341 18.098 31.606 17.800
536 1 1 32.341 18.098 31.606 17.800
537 1 1 32.341 18.090 31.606 17.792
538 1 1 32.341 18.090 31.606 17.792
539 1 1 32.341 18.090 31.606 17.792
540 1 1 32.341 18.090 31.606 17.792
541 1 1 32.341 18.090 31.606 17.792
542 1 1 32.341 18.083 31.606 17.785
543 1 1 32.334 18.083 31.599 17.785
544 1 1 32.341 18.083 31.606 17.785
545 1 1 32.341 18.083 31.606 17.785
546 1 1 32.341 18.083 31.606 17.785
547 1 1 32.341 18.083 31.606 17.785
548 1 1 32.341 18.075 31.606 17.777
0 2 1 35.015 3.968 34.309 3.031
1 2 1 35.037 3.998 34.302 3.016
2 2 1 35.037 4.042 34.302 3.060
3 2 1 35.052 4.085 34.317 3.104
4 2 1 35.052 4.129 34.317 3.148
5 2 1 35.052 4.173 34.317 3.192
6 2 1 35.067 4.203 34.331 3.221
7 2 1 35.067 4.247 34.332 3.265
8 2 1 35.045 4.276 34.310 3.294
9 2 1 35.052 4.320 34.317 3.338
10 2 1 35.052 4.364 34.317 3.382
11 2 1 35.053 4.408 34.317 3.426
12 2 1 35.038 4.451 34.302 3.470
13 2 1 35.038 4.510 34.302 3.528
14 2 1 35.023 4.554 34.288 3.572
15 2 1 35.009 4.613 34.273 3.631
16 2 1 35.009 4.657 34.273 3.675
17 2 1 35.009 4.715 34.273 3.733
18 2 1 34.994 4.774 34.259 3.792
19 2 1 34.994 4.832 34.259 3.850
20 2 1 34.995 4.891 34.259 3.909
21 2 1 34.995 4.935 34.259 3.953
22 2 1 34.995 4.979 34.259 3.997
23 2 1 34.995 5.037 34.259 4.055
24 2 1 34.995 5.096 34.259 4.114
25 2 1 34.995 5.140 34.259 4.158
26 2 1 34.995 5.191 34.259 4.209
27 2 1 34.995 5.257 34.259 4.275
28 2 1 35.010 5.287 34.274 4.304
29 2 1 35.010 5.323 34.274 4.341
30 2 1 35.010 5.374 34.274 4.392
31 2 1 35.010 5.418 34.274 4.436
32 2 1 35.025 5.477 34.289 4.495
33 2 1 35.025 5.536 34.289 4.553
34 2 1 35.025 5.594 34.289 4.612
35 2 1 35.025 5.646 34.289 4.663
36 2 1 35.025 5.697 34.289 4.715
37 2 1 35.025 5.741 34.289 4.759
38 2 1 35.025 5.778 34.289 4.795
39 2 1 35.025 5.829 34.289 4.847
40 2 1 35.025 5.873 34.289 4.891
41 2 1 35.025 5.895 34.289 4.913
42 2 1 35.025 5.946 34.289 4.964
43 2 1 35.026 5.990 34.289 5.008
44 2 1 35.004 6.027 34.267 5.044
45 2 1 34.996 6.093 34.260 5.110
46 2 1 34.982 6.152 34.246 5.169
47 2 1 34.960 6.188 34.223 5.206
48 2 1 34.967 6.240 34.231 5.257
49 2 1 34.953 6.298 34.216 5.316
50 2 1 34.945 6.357 34.209 5.374
51 2 1 34.938 6.416 34.202 5.433
52 2 1 34.938 6.474 34.202 5.492
53 2 1 34.916 6.511 34.180 5.528
54 2 1 34.923 6.562 34.187 5.580
55 2 1 34.924 6.621 34.187 5.638
56 2 1 34.916 6.658 34.180 5.675
57 2 1 34.924 6.724 34.187 5.741
58 2 1 34.924 6.783 34.187 5.800
59 2 1 34.917 6.834 34.180 5.851
60 2 1 34.924 6.871 34.187 5.888
61 2 1 34.939 6.915 34.202 5.932
62 2 1 34.931 6.973 34.195 5.991
63 2 1 34.939 7.032 34.202 6.049
64 2 1 34.939 7.091 34.202 6.108
65 2 1 34.932 7.142 34.195 6.159
66 2 1 34.954 7.208 34.217 6.225
67 2 1 34.954 7.267 34.217 6.284
68 2 1 34.947 7.319 34.210 6.335
69 2 1 34.954 7.385 34.217 6.401
70 2 1 34.954 7.429 34.217 6.446
71 2 1 34.947 7.451 34.210 6.468
72 2 1 34.954 7.502 34.218 6.519
73 2 1 34.954 7.546 34.218 6.563
74 2 1 34.947 7.583 34.210 6.600
75 2 1 34.954 7.634 34.218 6.651
76 2 1 34.940 7.693 34.203 6.710
77 2 1 34.933 7.730 34.196 6.747
78 2 1 34.925 7.781 34.188 6.798
79 2 1 34.925 7.840 34.189 6.857
80 2 1 34.903 7.899 34.167 6.916
81 2 1 34.911 7.958 34.174 6.974
82 2 1 34.911 8.016 34.174 7.033
83 2 1 34.889 8.068 34.152 7.084
84 2 1 34.911 8.002 34.123 7.092
85 2 1 34.889 8.031 34.145 7.070
86 2 1 34.889 8.090 34.145 7.129
87 2 1 34.889 8.105 34.145 7.143
88 2 1 34.889 8.149 34.145 7.187
89 2 1 34.889 8.222 34.145 7.261
90 2 1 34.889 8.266 34.145 7.305
91 2 1 34.889 8.310 34.145 7.349
92 2 1 34.889 8.355 34.145 7.393
93 2 1 34.889 8.384 34.145 7.422
94 2 1 34.875 8.428 34.130 7.467
95 2 1 34.875 8.457 34.130 7.496
96 2 1 34.875 8.531 34.130 7.569
97 2 1 34.890 8.590 34.145 7.628
98 2 1 34.882 8.656 34.138 7.694
99 2 1 34.890 8.707 34.145 7.746
100 2 1 34.875 8.766 34.131 7.805
101 2 1 34.890 8.825 34.145 7.863
102 2 1 34.875 8.869 34.131 7.908
103 2 1 34.890 8.928 34.146 7.966
104 2 1 34.861 8.972 34.116 8.010
105 2 1 34.846 9.016 34.101 8.055
106 2 1 34.846 9.061 34.101 8.099
107 2 1 34.831 9.105 34.087 8.143
108 2 1 34.817 9.149 34.072 8.187
109 2 1 34.817 9.193 34.072 8.231
110 2 1 34.817 9.237 34.072 8.275
111 2 1 34.817 9.296 34.072 8.334
112 2 1 34.817 9.355 34.072 8.393
113 2 1 34.802 9.414 34.058 8.452
114 2 1 34.788 9.473 34.043 8.511
115 2 1 34.788 9.546 34.043 8.584
116 2 1 34.810 9.642 34.102 8.621
117 2 1 34.817 9.612 34.080 8.643
118 2 1 34.810 9.664 34.073 8.695
119 2 1 34.803 9.723 34.065 8.753
120 2 1 34.840 9.738 34.058 9.144
121 2 1 34.818 9.892 34.080 8.967
122 2 1 34.825 9.951 34.088 9.026
123 2 1 34.833 9.995 34.095 9.070
124 2 1 34.840 9.841 34.051 9.291
125 2 1 34.818 9.995 34.073 9.129
126 2 1 34.818 10.032 34.073 9.166
127 2 1 34.818 10.069 34.073 9.202
128 2 1 34.818 10.135 34.073 9.269
129 2 1 34.818 10.187 34.073 9.320
130 2 1 34.818 10.253 34.073 9.386
131 2 1 34.833 10.304 34.088 9.438
132 2 1 34.863 10.503 34.037 9.394
133 2 1 34.826 10.393 34.073 9.497
134 2 1 34.833 10.444 34.081 9.548
135 2 1 34.841 10.496 34.088 9.600
136 2 1 34.892 10.547 34.074 9.843
137 2 1 34.856 10.629 34.103 9.747
138 2 1 34.863 10.680 34.111 9.799
139 2 1 34.856 10.732 34.103 9.850
140 2 1 34.893 10.687 34.067 10.219
141 2 1 34.856 10.864 34.096 10.027
142 2 1 34.856 10.916 34.096 10.079
143 2 1 34.856 10.953 34.096 10.116
144 2 1 34.864 11.181 34.104 10.255
145 2 1 34.856 11.137 34.096 10.292
146 2 1 34.871 11.181 34.111 10.337
147 2 1 34.886 11.240 34.126 10.395
148 2 1 34.871 11.299 34.111 10.454
149 2 1 34.871 11.373 34.111 10.528
150 2 1 34.872 11.432 34.111 10.587
151 2 1 34.872 11.476 34.111 10.631
152 2 1 34.879 11.314 34.207 10.660
153 2 1 34.916 11.402 34.163 10.580
154 2 1 34.923 11.439 34.170 10.616
155 2 1 34.931 11.476 34.178 10.653
156 2 1 34.938 11.527 34.185 10.705
157 2 1 34.945 11.579 34.193 10.756
158 2 1 34.953 11.631 34.200 10.808
159 2 1 34.946 11.667 34.193 10.845
160 2 1 34.953 11.719 34.200 10.896
161 2 1 34.960 11.756 34.208 10.933
162 2 1 34.968 11.807 34.215 10.985
163 2 1 34.975 11.859 34.223 11.036
164 2 1 34.983 11.925 34.230 11.103
165 2 1 34.990 11.977 34.237 11.154
166 2 1 35.012 12.043 34.260 11.221
167 2 1 35.020 12.095 34.267 11.272
168 2 1 35.027 12.146 34.274 11.324
169 2 1 35.020 12.183 34.267 11.361
170 2 1 35.042 12.220 34.289 11.397
171 2 1 35.035 12.257 34.282 11.434
172 2 1 35.042 12.309 34.289 11.486
173 2 1 35.035 12.346 34.282 11.523
174 2 1 35.042 12.382 34.289 11.560
175 2 1 35.035 12.419 34.282 11.597
176 2 1 35.043 12.471 34.290 11.648
177 2 1 35.035 12.508 34.282 11.685
178 2 1 35.043 12.560 34.290 11.737
179 2 1 35.035 12.611 34.282 11.788
180 2 1 35.028 12.663 34.275 11.840
181 2 1 35.006 12.730 34.253 11.907
182 2 1 34.999 12.796 34.246 11.973
183 2 1 34.991 12.833 34.238 12.010
184 2 1 34.999 12.885 34.246 12.062
185 2 1 34.992 12.922 34.238 12.099
186 2 1 34.999 12.973 34.246 12.150
187 2 1 34.992 13.010 34.239 12.187
188 2 1 35.014 13.047 34.261 12.224
189 2 1 35.007 13.099 34.253 12.276
190 2 1 35.014 13.136 34.261 12.313
191 2 1 35.007 13.172 34.253 12.350
192 2 1 34.999 13.224 34.246 12.401
193 2 1 34.992 13.261 34.239 12.438
194 2 1 35.000 13.313 34.246 12.490
195 2 1 34.992 13.365 34.239 12.542
196 2 1 35.000 13.431 34.246 12.608
197 2 1 35.007 13.483 34.254 12.660
198 2 1 35.015 13.549 34.261 12.726
199 2 1 35.007 13.586 34.254 12.763
200 2 1 35.030 13.652 34.276 12.829
201 2 1 35.022 13.689 34.269 12.866
202 2 1 35.030 13.741 34.276 12.918
203 2 1 35.022 13.778 34.269 12.955
204 2 1 35.015 13.830 34.262 13.007
205 2 1 35.008 13.867 34.254 13.044
206 2 1 35.015 13.904 34.262 13.081
207 2 1 35.008 13.941 34.254 13.118
208 2 1 35.001 13.978 34.247 13.155
209 2 1 34.993 14.015 34.240 13.192
210 2 1 34.986 14.067 34.232 13.243
211 2 1 34.979 14.104 34.225 13.280
212 2 1 34.971 14.170 34.218 13.347
213 2 1 34.949 14.222 34.196 13.399
214 2 1 34.942 14.289 34.188 13.465
215 2 1 34.920 14.340 34.166 13.517
216 2 1 34.913 14.392 34.159 13.569
217 2 1 34.891 14.444 34.137 13.621
218 2 1 34.898 14.496 34.144 13.673
219 2 1 34.891 14.533 34.137 13.710
220 2 1 34.898 14.570 34.144 13.747
221 2 1 34.891 14.607 34.137 13.784
222 2 1 34.898 14.659 34.144 13.835
223 2 1 34.876 14.696 34.122 13.872
224 2 1 34.869 14.748 34.115 13.924
225 2 1 34.862 14.785 34.108 13.961
226 2 1 34.854 14.822 34.100 13.998
227 2 1 34.847 14.859 34.093 14.035
228 2 1 34.840 14.910 34.086 14.087
229 2 1 34.832 14.962 34.078 14.139
230 2 1 34.840 15.029 34.086 14.205
231 2 1 34.832 15.081 34.078 14.257
232 2 1 34.825 15.133 34.071 14.309
233 2 1 34.818 15.184 34.064 14.361
234 2 1 34.825 15.236 34.071 14.413
235 2 1 34.833 15.273 34.079 14.450
236 2 1 34.825 15.325 34.071 14.501
237 2 1 34.818 15.347 34.064 14.524
238 2 1 34.811 15.399 34.056 14.575
239 2 1 34.789 15.436 34.034 14.613
240 2 1 34.796 15.473 34.042 14.650
241 2 1 34.789 15.510 34.034 14.687
242 2 1 34.781 15.547 34.027 14.724
243 2 1 34.774 15.584 34.020 14.761
244 2 1 34.767 15.621 34.012 14.798
245 2 1 34.745 15.673 33.990 14.850
246 2 1 34.737 15.725 33.983 14.902
247 2 1 34.715 15.777 33.961 14.954
248 2 1 34.693 15.844 33.939 15.020
249 2 1 34.671 15.881 33.917 15.058
250 2 1 34.664 15.948 33.909 15.124
251 2 1 34.656 15.985 33.902 15.161
252 2 1 34.649 16.037 33.895 15.213
253 2 1 34.642 16.074 33.887 15.250
254 2 1 34.649 16.126 33.895 15.302
255 2 1 34.627 16.163 33.872 15.339
256 2 1 34.620 16.200 33.865 15.376
257 2 1 34.598 16.237 33.843 15.414
258 2 1 34.590 16.275 33.836 15.451
259 2 1 34.583 16.312 33.828 15.488
260 2 1 34.576 16.364 33.821 15.540
261 2 1 34.568 16.401 33.814 15.577
262 2 1 34.561 16.467 33.806 15.644
263 2 1 34.554 16.519 33.799 15.695
264 2 1 34.561 16.571 33.806 15.747
265 2 1 34.554 16.623 33.799 15.799
266 2 1 34.561 16.690 33.806 15.866
267 2 1 34.554 16.727 33.799 15.903
268 2 1 34.576 16.779 33.821 15.955
269 2 1 34.569 16.816 33.814 15.992
270 2 1 34.576 16.868 33.821 16.044
271 2 1 34.569 16.905 33.814 16.081
272 2 1 34.576 16.957 33.821 16.132
273 2 1 34.569 16.994 33.814 16.170
274 2 1 34.576 17.031 33.822 16.207
275 2 1 34.569 17.053 33.814 16.229
276 2 1 34.577 17.105 33.822 16.281
277 2 1 34.569 17.142 33.814 16.318
278 2 1 34.562 17.194 33.807 16.370
279 2 1 34.555 17.246 33.800 16.422
280 2 1 34.547 17.298 33.792 16.474
281 2 1 34.540 17.350 33.785 16.526
282 2 1 34.533 17.417 33.777 16.593
283 2 1 34.525 17.469 33.770 16.644
284 2 1 34.518 17.536 33.763 16.711
285 2 1 34.511 17.573 33.755 16.748
286 2 1 34.518 17.625 33.763 16.800
287 2 1 34.511 17.662 33.756 16.837
288 2 1 34.503 17.714 33.748 16.889
289 2 1 34.496 17.751 33.741 16.927
290 2 1 34.489 17.788 33.733 16.964
291 2 1 34.481 17.825 33.726 17.001
292 2 1 34.489 17.877 33.733 17.053
293 2 1 34.481 17.914 33.726 17.090
294 2 1 34.489 17.966 33.734 17.142
295 2 1 34.482 18.003 33.726 17.179
296 2 1 34.489 18.055 33.734 17.231
297 2 1 34.482 18.107 33.726 17.283
298 2 1 34.489 18.152 33.734 17.327
299 2 1 34.497 18.174 33.741 17.357
300 2 1 34.504 18.204 33.749 17.394
301 2 1 34.511 18.218 33.756 17.416
302 2 1 34.519 18.241 33.763 17.446
303 2 1 34.526 18.263 33.771 17.475
304 2 1 34.534 18.285 33.778 17.505
305 2 1 34.556 18.300 33.801 17.527
306 2 1 34.578 18.322 33.823 17.557
307 2 1 34.556 18.322 33.801 17.564
308 2 1 34.578 18.329 33.823 17.579
309 2 1 34.571 18.337 33.815 17.594
311 2 1 34.563 18.233 33.808 17.497
312 2 1 34.556 18.240 33.800 17.512
313 2 1 34.563 18.255 33.808 17.534
314 2 1 34.556 18.255 33.801 17.542
315 2 1 34.563 18.277 33.808 17.572
316 2 1 34.556 18.285 33.801 17.587
317 2 1 34.563 18.307 33.808 17.616
319 2 1 34.556 18.218 33.801 17.535
320 2 1 34.519 18.241 33.764 17.565
321 2 1 34.526 18.255 33.771 17.587
322 2 1 34.519 18.270 33.764 17.609
323 2 1 34.512 18.293 33.756 17.639
324 2 1 34.504 18.315 33.749 17.669
325 2 1 34.482 18.337 33.727 17.699
326 2 1 34.489 18.360 33.734 17.728
328 2 1 34.482 18.248 33.727 17.624
329 2 1 34.489 18.256 33.734 17.639
330 2 1 34.467 18.271 33.712 17.662
331 2 1 34.489 18.308 33.734 17.706
332 2 1 34.467 18.330 33.712 17.736
333 2 1 34.460 18.345 33.704 17.758
335 2 1 34.556 18.233 33.801 17.653
336 2 1 34.519 18.241 33.764 17.668
337 2 1 34.497 18.248 33.741 17.684
338 2 1 34.534 18.240 33.778 17.683
339 2 1 34.541 18.233 33.786 17.683
340 2 1 34.548 18.225 33.793 17.683
341 2 1 34.541 18.225 33.786 17.691
342 2 1 34.548 18.218 33.793 17.690
343 2 1 34.541 18.218 33.786 17.698
344 2 1 34.548 18.211 33.793 17.698
345 2 1 34.541 18.211 33.786 17.705
346 2 1 34.548 18.203 33.793 17.705
347 2 1 34.541 18.196 33.786 17.705
348 2 1 34.548 18.196 33.793 17.713
349 2 1 34.541 18.196 33.786 17.720
350 2 1 34.548 18.188 33.793 17.720
351 2 1 34.541 18.188 33.786 17.728
352 2 1 34.548 18.181 33.793 17.728
353 2 1 34.541 18.181 33.786 17.735
354 2 1 34.548 18.173 33.793 17.735
355 2 1 34.541 18.174 33.786 17.743
356 2 1 34.548 18.166 33.793 17.742
357 2 1 34.541 18.166 33.786 17.750
358 2 1 34.548 18.166 33.793 17.757
359 2 1 34.541 18.159 33.786 17.757
360 2 1 34.548 18.159 33.793 17.757
361 2 1 34.541 18.159 33.786 17.765
362 2 1 34.548 18.151 33.793 17.757
363 2 1 34.541 18.159 33.786 17.765
364 2 1 34.548 18.151 33.793 17.757
365 2 1 34.541 18.159 33.786 17.765
366 2 1 34.548 18.151 33.793 17.757
367 2 1 34.541 18.151 33.786 17.757
368 2 1 34.548 18.151 33.793 17.757
369 2 1 34.541 18.151 33.786 17.757
370 2 1 34.548 18.151 33.793 17.757
371 2 1 34.541 18.159 33.786 17.765
372 2 1 34.534 18.151 33.779 17.757
373 2 1 34.526 18.151 33.771 17.758
374 2 1 34.534 18.151 33.779 17.757
375 2 1 34.526 18.151 33.771 17.758
376 2 1 34.534 18.151 33.779 17.757
377 2 1 34.526 18.159 33.771 17.765
378 2 1 34.534 18.151 33.779 17.757
379 2 1 34.526 18.151 33.771 17.758
380 2 1 34.534 18.151 33.779 17.757
381 2 1 34.526 18.151 33.771 17.758
382 2 1 34.534 18.151 33.779 17.757
383 2 1 34.526 18.159 33.771 17.765
384 2 1 34.534 18.151 33.779 17.757
385 2 1 34.526 18.151 33.771 17.758
386 2 1 34.519 18.151 33.764 17.758
387 2 1 34.511 18.152 33.756 17.758
388 2 1 34.519 18.151 33.764 17.758
389 2 1 34.526 18.159 33.771 17.765
390 2 1 34.519 18.151 33.764 17.758
391 2 1 34.511 18.152 33.756 17.758
392 2 1 34.519 18.151 33.764 17.758
393 2 1 34.511 18.159 33.756 17.765
394 2 1 34.519 18.151 33.764 17.758
395 2 1 34.511 18.159 33.756 17.765
396 2 1 34.519 18.151 33.764 17.758
397 2 1 34.511 18.152 33.756 17.758
398 2 1 34.519 18.151 33.764 17.758
399 2 1 34.511 18.152 33.756 17.758
400 2 1 34.519 18.151 33.764 17.758
401 2 1 34.511 18.159 33.756 17.765
402 2 1 34.519 18.151 33.764 17.758
403 2 1 34.511 18.152 33.756 17.758
404 2 1 34.519 18.151 33.764 17.758
405 2 1 34.511 18.152 33.756 17.758
406 2 1 34.519 18.151 33.764 17.758
407 2 1 34.511 18.159 33.756 17.765
408 2 1 34.519 18.151 33.764 17.758
409 2 1 34.511 18.152 33.756 17.758
410 2 1 34.519 18.151 33.764 17.758
411 2 1 34.511 18.152 33.756 17.758
412 2 1 34.519 18.151 33.764 17.758
413 2 1 34.511 18.159 33.756 17.765
414 2 1 34.519 18.151 33.764 17.758
415 2 1 34.511 18.152 33.756 17.758
416 2 1 34.519 18.151 33.764 17.758
417 2 1 34.511 18.152 33.756 17.758
418 2 1 34.519 18.151 33.764 17.758
419 2 1 34.511 18.159 33.756 17.765
420 2 1 34.504 18.152 33.749 17.758
421 2 1 34.497 18.152 33.741 17.758
422 2 1 34.504 18.152 33.749 17.758
423 2 1 34.497 18.152 33.741 17.758
424 2 1 34.504 18.152 33.749 17.758
425 2 1 34.497 18.159 33.742 17.765
426 2 1 34.504 18.152 33.749 17.758
427 2 1 34.497 18.152 33.741 17.758
428 2 1 34.504 18.152 33.749 17.758
429 2 1 34.497 18.152 33.741 17.758
430 2 1 34.504 18.152 33.749 17.758
431 2 1 34.497 18.159 33.742 17.765
432 2 1 34.504 18.152 33.749 17.758
433 2 1 34.497 18.152 33.741 17.758
434 2 1 34.504 18.152 33.749 17.758
435 2 1 34.482 18.159 33.727 17.765
436 2 1 34.489 18.152 33.734 17.758
437 2 1 34.482 18.159 33.727 17.765
438 2 1 34.489 18.152 33.734 17.758
439 2 1 34.482 18.152 33.727 17.758
440 2 1 34.489 18.152 33.734 17.758
441 2 1 34.482 18.152 33.727 17.758
442 2 1 34.489 18.152 33.734 17.758
443 2 1 34.482 18.159 33.727 17.765
444 2 1 34.489 18.152 33.734 17.758
445 2 1 34.482 18.152 33.727 17.758
446 2 1 34.489 18.152 33.734 17.758
447 2 1 34.482 18.152 33.727 17.758
448 2 1 34.489 18.152 33.734 17.758
449 2 1 34.482 18.159 33.727 17.765
450 2 1 34.489 18.152 33.734 17.758
451 2 1 34.482 18.152 33.727 17.758
452 2 1 34.489 18.152 33.734 17.758
453 2 1 34.482 18.152 33.727 17.758
454 2 1 34.489 18.152 33.734 17.758
455 2 1 34.482 18.159 33.727 17.765
456 2 1 34.474 18.152 33.719 17.758
457 2 1 34.467 18.152 33.712 17.758
458 2 1 34.474 18.152 33.719 17.758
459 2 1 34.467 18.152 33.712 17.758
460 2 1 34.474 18.152 33.719 17.758
461 2 1 34.467 18.159 33.712 17.765
462 2 1 34.474 18.152 33.719 17.758
463 2 1 34.452 18.152 33.697 17.758
464 2 1 34.460 18.152 33.704 17.758
465 2 1 34.452 18.152 33.697 17.758
466 2 1 34.460 18.152 33.704 17.758
467 2 1 34.452 18.160 33.697 17.766
468 2 1 34.445 18.152 33.690 17.758
469 2 1 34.437 18.152 33.682 17.758
470 2 1 34.445 18.152 33.690 17.758
471 2 1 34.437 18.152 33.682 17.758
472 2 1 34.445 18.152 33.690 17.758
473 2 1 34.437 18.160 33.682 17.766
474 2 1 34.445 18.152 33.690 17.758
475 2 1 34.437 18.152 33.682 17.758
476 2 1 34.445 18.152 33.690 17.758
477 2 1 34.437 18.160 33.682 17.766
478 2 1 34.430 18.152 33.675 17.758
479 2 1 34.423 18.160 33.667 17.766
480 2 1 34.430 18.152 33.675 17.758
481 2 1 34.423 18.152 33.667 17.758
482 2 1 34.430 18.152 33.675 17.758
483 2 1 34.423 18.152 33.667 17.758
484 2 1 34.430 18.152 33.675 17.758
485 2 1 34.423 18.160 33.667 17.766
486 2 1 34.430 18.152 33.675 17.758
487 2 1 34.423 18.152 33.667 17.758
488 2 1 34.430 18.152 33.675 17.758
489 2 1 34.423 18.152 33.667 17.758
490 2 1 34.430 18.152 33.675 17.758
491 2 1 34.423 18.160 33.667 17.766
492 2 1 34.430 18.152 33.675 17.758
493 2 1 34.423 18.152 33.667 17.758
494 2 1 34.415 18.152 33.660 17.759
495 2 1 34.408 18.153 33.653 17.759
496 2 1 34.415 18.152 33.660 17.759
497 2 1 34.408 18.153 33.653 17.759
498 2 1 34.415 18.152 33.660 17.759
499 2 1 34.408 18.153 33.653 17.759
500 2 1 34.415 18.152 33.660 17.759
501 2 1 34.408 18.153 33.653 17.759
502 2 1 34.400 18.145 33.645 17.751
503 2 1 34.393 18.153 33.638 17.759
504 2 1 34.400 18.145 33.645 17.751
505 2 1 34.393 18.145 33.638 17.751
506 2 1 34.400 18.145 33.645 17.751
507 2 1 34.393 18.153 33.638 17.759
508 2 1 34.400 18.145 33.645 17.751
509 2 1 34.393 18.145 33.638 17.751
510 2 1 34.400 18.138 33.645 17.744
511 2 1 34.393 18.138 33.638 17.744
512 2 1 34.400 18.138 33.645 17.744
513 2 1 34.393 18.145 33.638 17.751
514 2 1 34.386 18.138 33.630 17.744
515 2 1 34.378 18.145 33.623 17.751
516 2 1 34.386 18.138 33.630 17.744
517 2 1 34.378 18.138 33.623 17.744
518 2 1 34.386 18.130 33.630 17.737
519 2 1 34.378 18.138 33.623 17.744
520 2 1 34.386 18.130 33.630 17.737
521 2 1 34.378 18.138 33.623 17.744
522 2 1 34.386 18.138 33.630 17.744
523 2 1 34.378 18.145 33.623 17.751
524 2 1 34.386 18.138 33.630 17.744
525 2 1 34.378 18.138 33.623 17.744
526 2 1 34.386 18.130 33.630 17.737
527 2 1 34.378 18.138 33.623 17.744
528 2 1 34.371 18.131 33.616 17.737
529 2 1 34.363 18.138 33.608 17.744
530 2 1 34.371 18.131 33.616 17.737
531 2 1 34.363 18.131 33.608 17.737
532 2 1 34.371 18.123 33.616 17.729
533 2 1 34.363 18.131 33.608 17.737
534 2 1 34.371 18.123 33.616 17.729
535 2 1 34.363 18.131 33.608 17.737
536 2 1 34.356 18.123 33.601 17.729
537 2 1 34.349 18.131 33.593 17.737
538 2 1 34.356 18.123 33.601 17.729
539 2 1 34.349 18.131 33.593 17.737
540 2 1 34.356 18.123 33.601 17.729
541 2 1 34.349 18.131 33.593 17.737
542 2 1 34.356 18.123 33.601 17.729
543 2 1 34.349 18.123 33.593 17.729
544 2 1 34.341 18.116 33.586 17.722
545 2 1 34.334 18.124 33.579 17.730
546 2 1 34.341 18.116 33.586 17.722
547 2 1 34.334 18.124 33.579 17.730
548 2 1 34.341 18.116 33.586 17.722
0 3 1 32.920 3.248 32.184 2.404
1 3 1 32.942 3.270 32.176 2.389
2 3 1 32.942 3.306 32.176 2.426
3 3 1 32.942 3.358 32.176 2.477
4 3 1 32.942 3.394 32.176 2.514
5 3 1 32.942 3.431 32.176 2.550
6 3 1 32.942 3.467 32.176 2.587
7 3 1 32.957 3.519 32.191 2.638
8 3 1 32.972 3.555 32.206 2.675
9 3 1 32.986 3.607 32.221 2.726
10 3 1 33.001 3.658 32.235 2.778
11 3 1 33.016 3.709 32.250 2.829
12 3 1 33.045 3.761 32.279 2.880
13 3 1 33.060 3.812 32.294 2.932
14 3 1 33.053 3.849 32.287 2.968
15 3 1 33.075 3.900 32.309 3.019
16 3 1 33.104 3.937 32.338 3.056
17 3 1 33.119 3.973 32.353 3.093
18 3 1 33.119 4.010 32.353 3.129
19 3 1 33.119 4.061 32.353 3.181
20 3 1 33.134 4.098 32.368 3.217
21 3 1 33.149 4.149 32.383 3.269
22 3 1 33.149 4.186 32.383 3.305
23 3 1 33.141 4.237 32.375 3.357
24 3 1 33.149 4.289 32.383 3.408
25 3 1 33.149 4.340 32.383 3.459
26 3 1 33.149 4.377 32.383 3.496
27 3 1 33.164 4.428 32.397 3.547
28 3 1 33.178 4.465 32.412 3.584
29 3 1 33.171 4.516 32.405 3.635
30 3 1 33.193 4.567 32.427 3.687
31 3 1 33.208 4.633 32.442 3.753
32 3 1 33.200 4.670 32.434 3.789
33 3 1 33.208 4.736 32.442 3.855
34 3 1 33.223 4.773 32.456 3.892
35 3 1 33.252 4.824 32.486 3.943
36 3 1 33.267 4.861 32.501 3.980
37 3 1 33.267 4.897 32.501 4.017
38 3 1 33.282 4.919 32.515 4.039
39 3 1 33.311 4.956 32.545 4.075
40 3 1 33.326 4.978 32.560 4.097
41 3 1 33.318 5.029 32.552 4.149
42 3 1 33.326 5.081 32.560 4.200
43 3 1 33.341 5.132 32.574 4.251
44 3 1 33.355 5.183 32.589 4.303
45 3 1 33.355 5.249 32.589 4.369
46 3 1 33.370 5.286 32.604 4.405
47 3 1 33.400 5.352 32.633 4.471
48 3 1 33.414 5.389 32.648 4.508
49 3 1 33.414 5.440 32.648 4.559
50 3 1 33.429 5.492 32.663 4.611
51 3 1 33.473 5.543 32.707 4.662
52 3 1 33.473 5.580 32.707 4.699
53 3 1 33.481 5.631 32.715 4.750
54 3 1 33.503 5.682 32.737 4.802
55 3 1 33.488 5.734 32.722 4.853
56 3 1 33.496 5.771 32.729 4.890
57 3 1 33.488 5.822 32.722 4.941
58 3 1 33.503 5.859 32.737 4.978
59 3 1 33.503 5.895 32.737 5.014
60 3 1 33.503 5.947 32.737 5.066
61 3 1 33.503 5.998 32.737 5.117
62 3 1 33.503 6.035 32.737 5.154
63 3 1 33.503 6.101 32.737 5.220
64 3 1 33.503 6.152 32.737 5.271
65 3 1 33.518 6.204 32.752 5.323
66 3 1 33.533 6.255 32.766 5.374
67 3 1 33.518 6.321 32.752 5.440
68 3 1 33.548 6.358 32.781 5.477
69 3 1 33.548 6.409 32.781 5.528
70 3 1 33.548 6.461 32.781 5.580
71 3 1 33.540 6.512 32.774 5.631
72 3 1 33.563 6.549 32.796 5.668
73 3 1 33.548 6.600 32.781 5.719
74 3 1 33.577 6.637 32.811 5.756
75 3 1 33.592 6.674 32.825 5.793
76 3 1 33.592 6.710 32.825 5.829
77 3 1 33.600 6.747 32.833 5.866
78 3 1 33.622 6.784 32.855 5.903
79 3 1 33.622 6.835 32.855 5.954
80 3 1 33.614 6.887 32.848 6.006
81 3 1 33.622 6.953 32.855 6.072
82 3 1 33.637 6.990 32.870 6.108
83 3 1 33.651 7.041 32.885 6.160
84 3 1 33.651 7.092 32.885 6.211
85 3 1 33.666 7.144 32.899 6.263
86 3 1 33.681 7.195 32.914 6.314
87 3 1 33.681 7.261 32.914 6.380
88 3 1 33.681 7.298 32.914 6.417
89 3 1 33.696 7.342 32.929 6.461
90 3 1 33.711 7.401 32.944 6.520
91 3 1 33.696 7.452 32.929 6.571
92 3 1 33.703 6.644 32.936 5.771
93 3 1 33.696 7.526 32.929 6.652
94 3 1 33.711 7.563 32.944 6.689
95 3 1 33.718 7.423 32.907 7.167
98 3 1 33.725 7.430 32.922 7.174
99 3 1 33.740 7.496 32.944 7.240
100 3 1 33.747 7.548 32.959 7.292
101 3 1 33.748 7.614 32.966 7.358
102 3 1 33.755 7.666 32.981 7.409
103 3 1 33.770 7.717 32.996 7.461
104 3 1 33.770 7.768 33.003 7.512
105 3 1 33.785 7.820 33.018 7.564
106 3 1 33.799 7.871 33.033 7.615
107 3 1 33.799 7.923 33.033 7.667
108 3 1 33.814 7.960 33.047 7.703
109 3 1 33.844 8.011 33.077 7.755
110 3 1 33.844 8.048 33.077 7.792
111 3 1 33.858 8.099 33.092 7.843
112 3 1 33.859 8.151 33.092 7.895
113 3 1 33.859 8.202 33.092 7.946
114 3 1 33.873 8.254 33.107 7.998
115 3 1 33.903 8.276 33.136 8.020
116 3 1 33.918 8.298 33.151 8.042
117 3 1 33.932 8.334 33.166 8.078
118 3 1 33.947 8.371 33.180 8.115
119 3 1 33.962 8.408 33.195 8.152
120 3 1 33.977 8.445 33.210 8.189
121 3 1 33.977 8.496 33.210 8.240
122 3 1 33.991 8.533 33.225 8.277
123 3 1 34.021 8.584 33.254 8.328
124 3 1 34.036 8.636 33.269 8.380
125 3 1 34.036 8.687 33.269 8.431
126 3 1 34.051 8.739 33.284 8.483
127 3 1 34.065 8.790 33.299 8.534
128 3 1 34.065 8.827 33.299 8.571
129 3 1 34.065 8.879 33.299 8.623
130 3 1 34.080 8.901 33.313 8.645
131 3 1 34.095 8.952 33.328 8.696
132 3 1 34.095 8.989 33.328 8.733
133 3 1 34.095 9.040 33.328 8.785
134 3 1 34.110 9.077 33.343 8.821
135 3 1 34.125 9.114 33.358 8.858
136 3 1 34.125 9.151 33.358 8.895
137 3 1 34.125 9.202 33.358 8.947
138 3 1 34.125 9.239 33.358 8.983
139 3 1 34.125 9.291 33.358 9.035
140 3 1 34.110 9.342 33.343 9.087
141 3 1 34.118 9.394 33.351 9.138
142 3 1 34.110 9.445 33.343 9.190
143 3 1 34.125 9.497 33.358 9.241
144 3 1 34.110 9.548 33.343 9.293
145 3 1 34.125 9.600 33.358 9.344
146 3 1 34.110 9.637 33.343 9.381
147 3 1 34.118 9.688 33.351 9.433
148 3 1 34.125 9.725 33.358 9.470
149 3 1 34.140 9.762 33.373 9.506
150 3 1 34.155 9.799 33.388 9.543
151 3 1 34.155 9.850 33.388 9.595
152 3 1 34.155 9.887 33.388 9.632
153 3 1 34.162 9.938 33.395 9.683
154 3 1 34.185 9.990 33.417 9.735
155 3 1 34.170 10.042 33.403 9.786
156 3 1 34.185 10.078 33.418 9.823
157 3 1 34.185 10.130 33.418 9.875
158 3 1 34.185 10.182 33.418 9.926
159 3 1 34.177 10.233 33.410 9.978
160 3 1 34.126 10.462 33.454 9.499
161 3 1 34.163 10.167 33.418 9.801
162 3 1 34.163 10.218 33.418 9.852
163 3 1 34.163 10.270 33.418 9.904
164 3 1 34.170 10.307 33.425 9.941
165 3 1 34.089 10.543 33.344 10.148
167 3 1 34.082 10.536 33.337 10.140
168 3 1 34.075 10.580 33.329 10.184
169 3 1 34.067 10.617 33.322 10.221
170 3 1 34.060 10.661 33.315 10.266
171 3 1 34.053 10.705 33.307 10.310
172 3 1 34.045 10.742 33.300 10.347
173 3 1 34.031 10.868 33.285 10.421
175 3 1 34.023 10.860 33.278 10.413
176 3 1 33.950 11.229 33.167 10.251
177 3 1 33.935 10.986 33.189 10.487
178 3 1 33.920 11.023 33.174 10.524
179 3 1 33.905 11.075 33.160 10.576
180 3 1 33.943 11.259 33.123 10.451
181 3 1 33.905 11.119 33.152 10.591
182 3 1 33.898 11.156 33.145 10.628
183 3 1 33.891 11.421 33.182 10.856
185 3 1 33.906 11.392 33.160 10.864
186 3 1 33.906 11.429 33.160 10.901
187 3 1 33.891 11.466 33.145 10.937
188 3 1 33.891 11.488 33.145 10.960
189 3 1 33.891 11.510 33.145 10.982
190 3 1 33.891 11.562 33.145 11.033
191 3 1 33.891 11.598 33.145 11.070
192 3 1 33.891 11.665 33.145 11.137
193 3 1 33.891 11.702 33.145 11.174
194 3 1 33.891 11.753 33.145 11.225
195 3 1 33.891 11.805 33.145 11.277
196 3 1 33.891 11.857 33.145 11.329
197 3 1 33.891 11.908 33.145 11.380
198 3 1 33.892 11.960 33.145 11.432
199 3 1 33.892 12.012 33.145 11.484
200 3 1 33.892 12.063 33.146 11.535
201 3 1 33.892 12.100 33.146 11.572
202 3 1 33.892 12.137 33.146 11.609
203 3 1 33.892 12.174 33.146 11.646
204 3 1 33.892 12.211 33.146 11.683
205 3 1 33.892 12.248 33.146 11.720
206 3 1 33.907 12.300 33.160 11.772
207 3 1 33.921 12.322 33.175 11.794
208 3 1 33.907 12.373 33.160 11.845
209 3 1 33.907 12.410 33.160 11.882
210 3 1 33.907 12.462 33.161 11.934
211 3 1 33.892 12.499 33.146 11.971
212 3 1 33.826 12.795 33.079 11.772
213 3 1 33.826 12.566 33.079 12.001
214 3 1 33.826 12.610 33.079 12.045
215 3 1 33.826 12.655 33.079 12.090
216 3 1 33.826 12.699 33.079 12.134
217 3 1 33.826 12.758 33.079 12.193
218 3 1 33.826 12.802 33.079 12.237
219 3 1 33.811 12.861 33.065 12.296
220 3 1 33.826 13.157 33.057 12.319
221 3 1 33.811 13.024 33.065 12.444
222 3 1 33.811 13.068 33.065 12.489
223 3 1 33.797 13.128 33.050 12.548
224 3 1 33.885 13.268 33.087 12.592
225 3 1 33.856 13.216 33.109 12.636
226 3 1 33.856 13.260 33.109 12.681
227 3 1 33.856 13.290 33.109 12.710
228 3 1 33.841 13.467 33.013 12.563
229 3 1 33.804 13.312 33.058 12.718
230 3 1 33.804 13.357 33.058 12.762
231 3 1 33.804 13.416 33.058 12.821
232 3 1 33.804 13.445 33.058 12.851
233 3 1 33.804 13.490 33.058 12.895
234 3 1 33.819 13.519 33.072 12.925
235 3 1 33.834 13.564 33.087 12.969
237 3 1 33.827 13.556 33.080 12.962
238 3 1 33.812 13.586 33.065 12.991
239 3 1 33.827 13.586 33.080 12.991
240 3 1 33.827 13.601 33.080 13.006
241 3 1 33.827 13.586 33.080 12.991
242 3 1 33.827 13.586 33.080 12.991
243 3 1 33.827 13.586 33.080 12.991
244 3 1 33.841 13.600 33.095 13.006
245 3 1 33.841 13.600 33.095 13.006
246 3 1 33.841 13.600 33.095 13.006
247 3 1 33.841 13.600 33.095 13.006
248 3 1 33.827 13.601 33.080 13.006
249 3 1 33.827 13.601 33.080 13.006
250 3 1 33.812 13.601 33.065 13.006
251 3 1 33.805 13.867 33.058 13.354
252 3 1 33.797 13.897 33.050 13.317
253 3 1 33.790 14.192 33.036 13.664
254 3 1 33.783 14.207 33.036 13.635
255 3 1 33.776 14.459 33.036 13.849
256 3 1 33.776 14.437 33.036 13.864
257 3 1 33.835 14.880 33.184 13.997
258 3 1 33.872 14.732 33.147 14.137
259 3 1 33.865 14.777 33.140 14.182
260 3 1 33.857 14.836 33.132 14.241
261 3 1 33.865 14.880 33.140 14.285
262 3 1 33.857 14.910 33.132 14.315
263 3 1 33.850 14.954 33.125 14.360
264 3 1 33.857 15.014 33.132 14.419
265 3 1 33.865 15.073 33.140 14.478
266 3 1 33.858 15.117 33.132 14.522
267 3 1 33.865 15.162 33.140 14.567
268 3 1 33.872 15.221 33.147 14.626
269 3 1 33.880 15.280 33.155 14.685
270 3 1 33.872 15.339 33.147 14.745
271 3 1 33.880 15.384 33.155 14.789
272 3 1 33.887 15.428 33.162 14.833
273 3 1 33.895 15.472 33.170 14.878
274 3 1 33.902 15.517 33.177 14.922
275 3 1 33.910 15.576 33.184 14.981
276 3 1 33.917 15.620 33.192 15.026
277 3 1 33.925 15.650 33.199 15.055
278 3 1 33.917 15.695 33.192 15.100
279 3 1 33.925 15.754 33.199 15.159
280 3 1 33.932 15.798 33.207 15.203
281 3 1 33.939 15.828 33.214 15.233
282 3 1 33.932 15.872 33.207 15.277
283 3 1 33.940 15.931 33.214 15.337
284 3 1 33.932 15.991 33.207 15.396
285 3 1 33.940 16.035 33.214 15.440
286 3 1 33.932 16.080 33.207 15.485
287 3 1 33.940 16.154 33.214 15.559
288 3 1 33.932 16.198 33.207 15.604
289 3 1 33.940 16.258 33.214 15.663
290 3 1 33.947 16.302 33.222 15.707
291 3 1 33.955 16.346 33.229 15.752
292 3 1 33.962 16.391 33.237 15.796
293 3 1 33.970 16.435 33.244 15.840
294 3 1 33.977 16.480 33.252 15.885
295 3 1 33.985 16.509 33.259 15.914
296 3 1 33.977 16.554 33.252 15.959
297 3 1 33.985 16.613 33.259 16.018
298 3 1 33.992 16.657 33.267 16.063
299 3 1 33.999 16.702 33.274 16.107
300 3 1 33.992 16.761 33.267 16.167
301 3 1 34.000 16.806 33.274 16.211
302 3 1 34.007 16.835 33.281 16.241
303 3 1 34.014 16.895 33.289 16.300
304 3 1 34.022 16.939 33.296 16.344
305 3 1 34.029 17.013 33.304 16.418
306 3 1 34.037 17.058 33.311 16.463
307 3 1 34.044 17.117 33.319 16.522
308 3 1 34.052 17.161 33.326 16.567
309 3 1 34.059 17.191 33.333 16.596
310 3 1 34.067 17.235 33.341 16.641
311 3 1 34.074 17.295 33.348 16.700
312 3 1 34.067 17.339 33.341 16.744
313 3 1 34.074 17.369 33.348 16.774
314 3 1 34.052 17.414 33.326 16.819
315 3 1 34.045 17.473 33.319 16.878
316 3 1 34.037 17.518 33.311 16.923
317 3 1 34.030 17.547 33.304 16.953
318 3 1 34.023 17.592 33.297 16.997
319 3 1 34.030 17.636 33.304 17.042
320 3 1 34.008 17.681 33.282 17.086
321 3 1 34.001 17.741 33.275 17.146
322 3 1 33.993 17.800 33.267 17.205
323 3 1 33.986 17.845 33.260 17.250
324 3 1 33.978 17.889 33.252 17.294
325 3 1 33.986 17.949 33.260 17.354
326 3 1 33.979 17.993 33.253 17.398
327 3 1 33.971 18.038 33.245 17.443
328 3 1 33.964 18.097 33.238 17.502
329 3 1 33.956 18.142 33.230 17.547
330 3 1 33.949 18.157 33.223 17.562
331 3 1 33.942 18.179 33.216 17.592
332 3 1 33.920 18.202 33.193 17.622
333 3 1 33.919 18.142 33.193 17.570
335 3 1 33.912 18.135 33.186 17.562
336 3 1 33.905 18.157 33.179 17.585
337 3 1 33.912 18.179 33.186 17.614
338 3 1 33.890 18.187 33.164 17.629
339 3 1 33.897 18.209 33.171 17.659
341 3 1 33.890 18.172 33.164 17.629
342 3 1 33.883 18.195 33.156 17.659
343 3 1 33.860 18.225 33.134 17.696
344 3 1 33.868 18.254 33.142 17.734
345 3 1 33.860 18.299 33.134 17.786
346 3 1 33.838 18.336 33.112 17.830
347 3 1 33.831 18.232 33.105 17.734
349 3 1 33.823 18.188 33.097 17.697
350 3 1 33.831 18.180 33.105 17.697
351 3 1 33.838 18.173 33.112 17.697
352 3 1 33.816 18.166 33.090 17.697
353 3 1 33.823 18.165 33.097 17.704
354 3 1 33.816 18.166 33.090 17.704
355 3 1 33.823 18.165 33.097 17.712
356 3 1 33.816 18.158 33.090 17.704
357 3 1 33.823 18.158 33.097 17.704
358 3 1 33.816 18.166 33.090 17.719
359 3 1 33.823 18.158 33.097 17.712
360 3 1 33.816 18.166 33.090 17.719
361 3 1 33.823 18.165 33.097 17.726
362 3 1 33.816 18.158 33.090 17.719
363 3 1 33.823 18.158 33.097 17.719
364 3 1 33.816 18.158 33.090 17.719
365 3 1 33.823 18.158 33.097 17.719
366 3 1 33.816 18.158 33.090 17.719
367 3 1 33.823 18.165 33.097 17.734
368 3 1 33.816 18.158 33.090 17.727
369 3 1 33.823 18.158 33.097 17.726
370 3 1 33.816 18.158 33.090 17.727
371 3 1 33.823 18.158 33.097 17.726
372 3 1 33.816 18.158 33.090 17.727
373 3 1 33.823 18.158 33.097 17.726
374 3 1 33.816 18.158 33.090 17.727
375 3 1 33.823 18.158 33.097 17.726
376 3 1 33.816 18.158 33.090 17.727
377 3 1 33.823 18.158 33.097 17.726
378 3 1 33.816 18.158 33.090 17.727
379 3 1 33.823 18.158 33.097 17.726
380 3 1 33.816 18.158 33.090 17.727
381 3 1 33.823 18.158 33.097 17.726
382 3 1 33.816 18.158 33.090 17.727
383 3 1 33.823 18.158 33.097 17.726
384 3 1 33.816 18.158 33.090 17.727
385 3 1 33.823 18.158 33.097 17.726
386 3 1 33.816 18.158 33.090 17.727
387 3 1 33.823 18.158 33.097 17.726
388 3 1 33.816 18.158 33.090 17.727
389 3 1 33.808 18.158 33.082 17.727
390 3 1 33.816 18.158 33.090 17.727
391 3 1 33.808 18.158 33.082 17.727
392 3 1 33.801 18.158 33.075 17.727
393 3 1 33.808 18.158 33.082 17.727
394 3 1 33.801 18.158 33.075 17.727
395 3 1 33.808 18.158 33.082 17.727
396 3 1 33.801 18.158 33.075 17.727
397 3 1 33.808 18.158 33.082 17.727
398 3 1 33.801 18.158 33.075 17.727
399 3 1 33.808 18.158 33.082 17.727
400 3 1 33.801 18.158 33.075 17.727
401 3 1 33.808 18.158 33.082 17.727
402 3 1 33.801 18.158 33.075 17.727
403 3 1 33.808 18.158 33.082 17.727
404 3 1 33.801 18.158 33.075 17.727
405 3 1 33.808 18.158 33.082 17.727
406 3 1 33.801 18.158 33.075 17.727
407 3 1 33.808 18.158 33.082 17.727
408 3 1 33.801 18.158 33.075 17.727
409 3 1 33.808 18.158 33.082 17.727
410 3 1 33.801 18.158 33.075 17.727
411 3 1 33.808 18.158 33.082 17.727
412 3 1 33.801 18.158 33.075 17.727
413 3 1 33.808 18.158 33.082 17.727
414 3 1 33.801 18.158 33.075 17.727
415 3 1 33.808 18.158 33.082 17.727
416 3 1 33.801 18.158 33.075 17.727
417 3 1 33.808 18.158 33.082 17.727
418 3 1 33.801 18.158 33.075 17.727
419 3 1 33.808 18.158 33.082 17.727
420 3 1 33.801 18.158 33.075 17.727
421 3 1 33.794 18.158 33.068 17.727
422 3 1 33.786 18.158 33.060 17.727
423 3 1 33.794 18.158 33.068 17.727
424 3 1 33.786 18.158 33.060 17.727
425 3 1 33.794 18.158 33.068 17.727
426 3 1 33.786 18.158 33.060 17.727
427 3 1 33.794 18.158 33.068 17.727
428 3 1 33.786 18.158 33.060 17.727
429 3 1 33.794 18.158 33.068 17.727
430 3 1 33.786 18.158 33.060 17.727
431 3 1 33.794 18.158 33.068 17.727
432 3 1 33.786 18.158 33.060 17.727
433 3 1 33.794 18.158 33.068 17.727
434 3 1 33.786 18.158 33.060 17.727
435 3 1 33.794 18.158 33.068 17.727
436 3 1 33.786 18.158 33.060 17.727
437 3 1 33.794 18.158 33.068 17.727
438 3 1 33.786 18.158 33.060 17.727
439 3 1 33.794 18.158 33.068 17.727
440 3 1 33.786 18.158 33.060 17.727
441 3 1 33.794 18.158 33.068 17.727
442 3 1 33.786 18.158 33.060 17.727
443 3 1 33.794 18.158 33.068 17.727
444 3 1 33.786 18.158 33.060 17.727
445 3 1 33.794 18.158 33.068 17.727
446 3 1 33.786 18.158 33.060 17.727
447 3 1 33.794 18.158 33.068 17.727
448 3 1 33.786 18.158 33.060 17.727
449 3 1 33.794 18.158 33.068 17.727
450 3 1 33.786 18.158 33.060 17.727
451 3 1 33.779 18.158 33.053 17.727
452 3 1 33.771 18.158 33.045 17.727
453 3 1 33.779 18.158 33.053 17.727
454 3 1 33.771 18.158 33.045 17.727
455 3 1 33.779 18.158 33.053 17.727
456 3 1 33.771 18.158 33.045 17.727
457 3 1 33.779 18.158 33.053 17.727
458 3 1 33.771 18.158 33.045 17.727
459 3 1 33.779 18.158 33.053 17.727
460 3 1 33.757 18.159 33.031 17.727
461 3 1 33.764 18.159 33.038 17.727
462 3 1 33.757 18.159 33.031 17.727
463 3 1 33.764 18.159 33.038 17.727
464 3 1 33.757 18.159 33.031 17.727
465 3 1 33.749 18.159 33.023 17.727
466 3 1 33.742 18.159 33.016 17.727
467 3 1 33.749 18.159 33.023 17.727
468 3 1 33.742 18.159 33.016 17.727
469 3 1 33.749 18.159 33.023 17.727
470 3 1 33.742 18.159 33.016 17.727
471 3 1 33.749 18.159 33.023 17.727
472 3 1 33.742 18.159 33.016 17.727
473 3 1 33.734 18.159 33.008 17.727
474 3 1 33.727 18.159 33.001 17.727
475 3 1 33.734 18.159 33.008 17.727
476 3 1 33.727 18.159 33.001 17.727
477 3 1 33.734 18.159 33.008 17.727
478 3 1 33.727 18.159 33.001 17.727
479 3 1 33.734 18.159 33.008 17.727
480 3 1 33.727 18.159 33.001 17.727
481 3 1 33.734 18.159 33.008 17.727
482 3 1 33.727 18.159 33.001 17.727
483 3 1 33.734 18.159 33.008 17.727
484 3 1 33.727 18.159 33.001 17.727
485 3 1 33.734 18.159 33.008 17.727
486 3 1 33.727 18.159 33.001 17.727
487 3 1 33.734 18.159 33.008 17.727
488 3 1 33.727 18.159 33.001 17.727
489 3 1 33.734 18.159 33.008 17.727
490 3 1 33.727 18.159 33.001 17.727
491 3 1 33.734 18.159 33.008 17.727
492 3 1 33.727 18.159 33.001 17.727
493 3 1 33.720 18.159 32.993 17.727
494 3 1 33.712 18.159 32.986 17.728
495 3 1 33.720 18.159 32.993 17.727
496 3 1 33.727 18.151 33.001 17.720
497 3 1 33.734 18.159 33.008 17.727
498 3 1 33.712 18.159 32.986 17.728
499 3 1 33.720 18.159 32.993 17.727
500 3 1 33.712 18.159 32.986 17.728
501 3 1 33.720 18.159 32.993 17.727
502 3 1 33.712 18.152 32.986 17.720
503 3 1 33.705 18.159 32.979 17.728
504 3 1 33.697 18.159 32.971 17.728
505 3 1 33.705 18.152 32.979 17.720
506 3 1 33.697 18.152 32.971 17.720
507 3 1 33.705 18.152 32.979 17.720
508 3 1 33.697 18.152 32.971 17.720
509 3 1 33.705 18.152 32.979 17.720
510 3 1 33.697 18.152 32.971 17.720
511 3 1 33.705 18.144 32.979 17.713
512 3 1 33.697 18.144 32.971 17.713
513 3 1 33.690 18.144 32.964 17.713
514 3 1 33.683 18.144 32.956 17.713
515 3 1 33.690 18.144 32.964 17.713
516 3 1 33.683 18.144 32.956 17.713
517 3 1 33.690 18.144 32.964 17.713
518 3 1 33.683 18.144 32.956 17.713
519 3 1 33.690 18.144 32.964 17.713
520 3 1 33.683 18.144 32.956 17.713
521 3 1 33.675 18.145 32.949 17.713
522 3 1 33.668 18.145 32.942 17.713
523 3 1 33.675 18.145 32.949 17.713
524 3 1 33.668 18.145 32.942 17.713
525 3 1 33.675 18.145 32.949 17.713
526 3 1 33.668 18.145 32.942 17.713
527 3 1 33.675 18.137 32.949 17.706
528 3 1 33.668 18.137 32.942 17.706
529 3 1 33.675 18.137 32.949 17.706
530 3 1 33.668 18.137 32.942 17.706
531 3 1 33.660 18.137 32.934 17.706
532 3 1 33.653 18.137 32.927 17.706
533 3 1 33.660 18.137 32.934 17.706
534 3 1 33.653 18.137 32.927 17.706
535 3 1 33.660 18.130 32.934 17.698
536 3 1 33.653 18.130 32.927 17.698
537 3 1 33.646 18.130 32.919 17.698
538 3 1 33.638 18.130 32.912 17.698
539 3 1 33.646 18.130 32.919 17.698
540 3 1 33.638 18.130 32.912 17.698
541 3 1 33.646 18.130 32.919 17.698
542 3 1 33.638 18.130 32.912 17.698
543 3 1 33.646 18.123 32.919 17.691
544 3 1 33.638 18.115 32.912 17.684
545 3 1 33.646 18.123 32.919 17.691
546 3 1 33.638 18.115 32.912 17.684
547 3 1 33.646 18.123 32.919 17.691
548 3 1 33.638 18.115 32.912 17.684
59 5 2 44.119 12.571 42.208 11.862
60 5 2 44.010 12.586 42.427 11.963
61 5 2 44.126 12.615 42.303 11.927
62 5 2 43.959 12.630 42.135 11.943
63 5 2 43.777 12.661 41.953 11.973
64 5 2 43.246 12.656 41.377 11.976
65 5 2 43.275 12.649 41.457 11.975
66 5 2 43.101 12.664 41.282 11.991
67 5 2 42.926 12.665 41.107 11.992
68 5 2 42.584 12.755 40.939 12.015
69 5 2 42.664 12.718 40.866 12.044
70 5 2 42.496 12.734 40.698 12.060
71 5 2 42.314 12.749 40.516 12.075
72 5 2 41.979 12.802 40.252 12.047
73 5 2 42.008 12.766 40.223 12.084
74 5 2 41.840 12.774 40.055 12.092
75 5 2 41.658 12.782 39.872 12.101
76 5 2 41.154 12.770 39.953 12.152
77 5 2 41.417 12.798 39.682 12.124
78 5 2 41.242 12.799 39.507 12.124
79 5 2 41.067 12.800 39.331 12.125
80 5 2 40.394 12.789 39.163 12.156
81 5 2 40.621 12.802 38.936 12.135
82 5 2 40.453 12.811 38.767 12.143
83 5 2 40.285 12.804 38.599 12.136
84 5 2 40.102 12.813 38.415 12.145
85 5 2 39.934 12.821 38.247 12.153
86 5 2 39.751 12.829 38.063 12.161
87 5 2 39.582 12.823 37.895 12.154
88 5 2 39.421 12.838 37.374 12.150
89 5 2 39.260 12.825 37.542 12.156
90 5 2 39.092 12.818 37.374 12.150
91 5 2 38.909 12.812 37.190 12.143
92 5 2 38.440 12.858 36.815 12.116
93 5 2 38.483 12.821 36.779 12.153
94 5 2 38.315 12.815 36.610 12.146
95 5 2 38.131 12.823 36.426 12.154
96 5 2 37.801 12.818 36.367 12.110
97 5 2 37.926 12.795 36.242 12.126
98 5 2 37.764 12.803 36.080 12.134
99 5 2 37.603 12.797 35.918 12.127
100 5 2 37.096 12.814 35.734 12.128
101 5 2 37.258 12.799 35.587 12.129
102 5 2 37.096 12.792 35.425 12.122
103 5 2 36.934 12.800 35.263 12.131
104 5 2 36.743 12.794 35.071 12.124
105 5 2 36.567 12.802 34.895 12.132
106 5 2 36.390 12.796 34.718 12.126
107 5 2 36.229 12.804 34.556 12.134
108 5 2 36.037 12.798 34.364 12.128
109 5 2 35.875 12.806 34.202 12.136
110 5 2 35.684 12.800 34.010 12.129
111 5 2 35.522 12.808 33.847 12.137
112 5 2 35.330 12.802 33.655 12.131
113 5 2 35.168 12.810 33.493 12.139
114 5 2 34.977 12.818 33.301 12.148
115 5 2 34.815 12.827 33.138 12.156
116 5 2 34.623 12.820 32.946 12.149
117 5 2 34.461 12.828 32.784 12.157
118 5 2 34.269 12.822 32.592 12.151
119 5 2 34.106 12.830 32.429 12.159
120 5 2 33.914 12.824 32.236 12.153
121 5 2 33.737 12.832 32.059 12.161
122 5 2 33.560 12.841 31.881 12.169
123 5 2 33.398 12.849 31.718 12.177
124 5 2 33.205 12.857 31.526 12.186
125 5 2 33.043 12.866 31.363 12.194
126 5 2 32.851 12.874 31.170 12.202
127 5 2 32.688 12.882 31.007 12.211
128 5 2 32.496 12.891 30.814 12.219
129 5 2 32.333 12.899 30.651 12.227
130 5 2 32.140 12.893 30.458 12.221
131 5 2 31.977 12.901 30.295 12.229
132 5 2 31.785 12.910 30.102 12.237
133 5 2 31.637 12.918 29.954 12.245
134 5 2 31.459 12.926 29.776 12.254
135 5 2 31.266 12.935 29.582 12.262
136 5 2 31.088 12.928 29.404 12.256
137 5 2 30.910 12.937 29.226 12.264
138 5 2 30.747 12.945 29.062 12.272
139 5 2 30.584 12.953 28.899 12.280
140 5 2 30.391 12.962 28.705 12.289
141 5 2 30.243 12.970 28.557 12.297
142 5 2 30.064 12.963 28.378 12.290
143 5 2 29.886 12.972 28.199 12.299
144 5 2 29.723 12.965 28.036 12.292
145 5 2 29.544 12.988 27.857 12.315
146 5 2 29.366 12.982 27.678 12.309
147 5 2 29.188 12.990 27.499 12.317
148 5 2 29.024 12.984 27.335 12.310
149 5 2 28.860 12.992 27.171 12.319
150 5 2 28.682 12.986 26.992 12.312
151 5 2 28.503 12.994 26.813 12.320
152 5 2 28.339 13.003 26.649 12.329
153 5 2 28.176 13.011 26.485 12.337
154 5 2 27.997 13.004 26.306 12.330
155 5 2 27.818 13.013 26.127 12.339
156 5 2 27.654 13.021 25.962 12.347
157 5 2 27.490 13.029 25.798 12.355
158 5 2 27.311 13.038 25.619 12.363
159 5 2 27.147 13.046 25.454 12.372
160 5 2 26.983 13.055 25.290 12.380
161 5 2 26.789 13.063 25.095 12.388
162 5 2 26.640 13.071 24.946 12.397
163 5 2 26.461 13.095 24.766 12.420
164 5 2 26.296 13.103 24.601 12.428
165 5 2 26.117 13.126 24.422 12.451
166 5 2 25.938 13.150 24.242 12.475
167 5 2 25.773 13.173 24.077 12.498
168 5 2 25.624 13.196 23.927 12.521
169 5 2 25.444 13.234 23.747 12.559
170 5 2 25.279 13.257 23.582 12.582
171 5 2 25.100 13.281 23.402 12.605
172 5 2 24.935 13.319 23.237 12.643
173 5 2 24.785 13.357 23.087 12.681
174 5 2 24.620 13.395 22.922 12.720
175 5 2 24.441 13.433 22.741 12.758
176 5 2 24.276 13.472 22.576 12.796
177 5 2 24.126 13.510 22.426 12.834
178 5 2 23.976 13.563 22.275 12.887
179 5 2 23.811 13.601 22.110 12.925
180 5 2 23.630 13.639 21.929 12.963
181 5 2 23.465 13.692 21.764 13.016
182 5 2 23.330 13.730 21.628 13.054
183 5 2 23.150 13.784 21.447 13.108
184 5 2 22.999 13.837 21.297 13.161
185 5 2 22.834 13.890 21.131 13.214
186 5 2 22.684 13.943 20.980 13.267
187 5 2 22.533 14.011 20.829 13.335
188 5 2 22.382 14.079 20.678 13.403
189 5 2 22.232 14.147 20.527 13.471
190 5 2 22.081 14.201 20.376 13.524
191 5 2 21.931 14.269 20.225 13.592
192 5 2 21.780 14.337 20.074 13.660
193 5 2 21.629 14.405 19.923 13.729
194 5 2 21.478 14.473 19.772 13.797
195 5 2 21.327 14.556 19.620 13.880
196 5 2 21.176 14.625 19.469 13.948
197 5 2 21.025 14.708 19.318 14.031
198 5 2 20.874 14.776 19.166 14.100
199 5 2 20.723 14.859 19.015 14.183
200 5 2 20.587 14.928 18.878 14.251
201 5 2 20.421 15.011 18.711 14.334
202 5 2 20.300 15.079 18.590 14.402
203 5 2 20.148 15.163 18.438 14.486
204 5 2 20.012 15.231 18.302 14.554
205 5 2 19.846 15.314 18.135 14.638
206 5 2 19.709 15.398 17.998 14.721
207 5 2 19.558 15.481 17.846 14.804
208 5 2 19.421 15.564 17.710 14.888
209 5 2 19.285 15.648 17.573 14.971
210 5 2 19.133 15.731 17.421 15.054
211 5 2 18.982 15.815 17.269 15.138
212 5 2 18.845 15.883 17.132 15.206
213 5 2 18.709 15.967 16.995 15.290
214 5 2 18.557 16.050 16.843 15.373
215 5 2 18.420 16.134 16.705 15.457
216 5 2 18.283 16.217 16.568 15.540
217 5 2 18.116 16.301 16.401 15.624
218 5 2 17.995 16.385 16.279 15.708
219 5 2 17.888 16.468 16.180 15.791
220 5 2 17.812 16.536 16.111 15.859
221 5 2 17.735 16.634 16.042 15.957
222 5 2 17.659 16.703 15.973 16.025
223 5 2 17.583 16.771 15.904 16.093
224 5 2 17.507 16.839 15.835 16.162
225 5 2 17.423 16.907 15.759 16.230
227 5 2 17.650 16.898 15.994 16.220
228 5 2 17.582 16.936 15.933 16.258
229 5 2 17.513 17.004 15.872 16.327
230 5 2 17.589 16.936 15.956 16.258
231 5 2 17.506 16.989 15.879 16.311
233 5 2 17.672 16.980 16.054 16.303
234 5 2 17.672 16.988 16.062 16.310
235 5 2 17.665 16.995 16.062 16.317
236 5 2 17.657 16.988 16.062 16.310
237 5 2 17.657 16.995 16.069 16.317
238 5 2 17.650 16.988 16.069 16.310
239 5 2 17.650 16.980 16.077 16.302
240 5 2 17.634 16.988 16.069 16.310
241 5 2 17.634 16.995 16.077 16.317
242 5 2 17.627 16.988 16.077 16.310
243 5 2 17.627 16.996 16.084 16.317
244 5 2 17.619 16.988 16.084 16.310
245 5 2 17.619 16.996 16.092 16.317
246 5 2 17.612 16.988 16.092 16.310
247 5 2 17.612 16.996 16.100 16.317
248 5 2 17.604 16.988 16.100 16.310
249 5 2 17.604 16.996 16.107 16.317
250 5 2 17.597 16.988 16.107 16.310
251 5 2 17.596 16.996 16.115 16.317
252 5 2 17.589 16.988 16.115 16.310
253 5 2 17.589 16.981 16.123 16.302
254 5 2 17.581 16.973 16.123 16.294
255 5 2 17.581 16.981 16.130 16.302
256 5 2 17.574 16.973 16.130 16.294
257 5 2 17.574 16.981 16.138 16.302
258 5 2 17.566 16.974 16.138 16.294
259 5 2 17.566 16.981 16.145 16.302
260 5 2 17.559 16.974 16.145 16.294
261 5 2 17.566 16.981 16.160 16.302
262 5 2 17.559 16.974 16.161 16.294
263 5 2 17.559 16.981 16.168 16.302
264 5 2 17.559 16.974 16.176 16.294
265 5 2 17.551 16.981 16.176 16.302
266 5 2 17.544 16.974 16.176 16.294
267 5 2 17.544 16.981 16.183 16.302
268 5 2 17.536 16.974 16.183 16.294
269 5 2 17.536 16.981 16.191 16.301
270 5 2 17.536 16.974 16.191 16.294
271 5 2 17.536 16.981 16.191 16.301
272 5 2 17.536 16.989 16.191 16.309
273 5 2 17.528 16.996 16.183 16.317
274 5 2 17.521 16.989 16.183 16.309
275 5 2 17.521 16.996 16.191 16.316
276 5 2 17.521 16.989 16.191 16.309
277 5 2 17.521 16.996 16.191 16.316
278 5 2 17.528 16.989 16.198 16.309
279 5 2 17.521 16.996 16.191 16.316
280 5 2 17.528 16.989 16.198 16.309
281 5 2 17.528 16.996 16.198 16.316
282 5 2 17.528 16.989 16.198 16.309
283 5 2 17.528 16.996 16.198 16.316
284 5 2 17.521 17.004 16.191 16.324
285 5 2 17.513 17.012 16.183 16.332
286 5 2 17.521 17.004 16.191 16.324
287 5 2 17.528 17.011 16.198 16.331
288 5 2 17.528 17.004 16.198 16.324
289 5 2 17.528 17.011 16.198 16.331
290 5 2 17.536 17.004 16.206 16.324
291 5 2 17.528 17.011 16.198 16.331
292 5 2 17.536 17.004 16.206 16.324
293 5 2 17.536 17.011 16.206 16.331
294 5 2 17.536 17.004 16.206 16.324
295 5 2 17.536 17.011 16.206 16.331
296 5 2 17.536 17.004 16.206 16.324
297 5 2 17.536 17.011 16.206 16.331
298 5 2 17.543 17.004 16.213 16.324
299 5 2 17.543 16.996 16.213 16.316
300 5 2 17.543 17.004 16.213 16.324
301 5 2 17.543 17.011 16.213 16.331
302 5 2 17.543 17.004 16.213 16.324
303 5 2 17.536 17.011 16.206 16.331
304 5 2 17.543 17.004 16.213 16.324
305 5 2 17.543 17.011 16.213 16.331
306 5 2 17.543 17.004 16.213 16.324
307 5 2 17.543 17.011 16.213 16.331
308 5 2 17.543 17.004 16.213 16.324
309 5 2 17.536 17.011 16.206 16.331
310 5 2 17.543 17.004 16.213 16.324
311 5 2 17.543 17.011 16.213 16.331
312 5 2 17.543 17.004 16.213 16.324
313 5 2 17.543 17.011 16.213 16.331
314 5 2 17.543 17.004 16.213 16.324
315 5 2 17.536 17.011 16.206 16.331
316 5 2 17.543 17.004 16.213 16.324
317 5 2 17.543 17.011 16.213 16.331
318 5 2 17.543 17.004 16.213 16.324
319 5 2 17.543 17.011 16.213 16.331
320 5 2 17.543 17.004 16.213 16.324
321 5 2 17.536 17.011 16.206 16.331
322 5 2 17.543 17.004 16.213 16.324
323 5 2 17.543 17.011 16.213 16.331
324 5 2 17.543 17.019 16.213 16.339
325 5 2 17.543 17.026 16.213 16.346
326 5 2 17.543 17.019 16.213 16.339
327 5 2 17.536 17.011 16.206 16.331
328 5 2 17.543 17.004 16.213 16.324
329 5 2 17.543 17.011 16.213 16.331
330 5 2 17.543 17.004 16.213 16.324
331 5 2 17.543 17.011 16.213 16.331
332 5 2 17.543 17.004 16.213 16.324
333 5 2 17.536 17.011 16.206 16.331
334 5 2 17.543 17.004 16.213 16.324
335 5 2 17.543 17.011 16.213 16.331
336 5 2 17.543 17.019 16.213 16.339
337 5 2 17.543 17.026 16.213 16.346
338 5 2 17.543 17.019 16.213 16.339
339 5 2 17.536 17.026 16.206 16.346
340 5 2 17.536 17.019 16.206 16.339
341 5 2 17.536 17.026 16.206 16.346
342 5 2 17.536 17.019 16.206 16.339
343 5 2 17.536 17.011 16.206 16.331
344 5 2 17.528 17.019 16.198 16.339
345 5 2 17.528 17.026 16.198 16.346
346 5 2 17.528 17.019 16.198 16.339
347 5 2 17.528 17.011 16.198 16.331
348 5 2 17.528 17.019 16.198 16.339
349 5 2 17.528 17.026 16.198 16.346
350 5 2 17.513 17.019 16.183 16.339
351 5 2 17.513 17.027 16.183 16.347
352 5 2 17.513 17.019 16.183 16.339
353 5 2 17.513 17.027 16.183 16.347
354 5 2 17.521 17.019 16.191 16.339
355 5 2 17.528 17.026 16.198 16.346
356 5 2 17.528 17.019 16.198 16.339
357 5 2 17.528 17.026 16.198 16.346
358 5 2 17.521 17.019 16.191 16.339
359 5 2 17.520 17.026 16.190 16.347
360 5 2 17.513 17.019 16.183 16.339
361 5 2 17.513 17.027 16.183 16.347
362 5 2 17.513 17.019 16.183 16.339
363 5 2 17.521 17.011 16.191 16.331
364 5 2 17.505 17.019 16.183 16.339
365 5 2 17.505 17.027 16.190 16.347
366 5 2 17.498 17.019 16.183 16.339
367 5 2 17.498 17.027 16.183 16.347
368 5 2 17.513 17.019 16.198 16.339
369 5 2 17.513 17.027 16.198 16.346
370 5 2 17.513 17.019 16.198 16.339
371 5 2 17.505 17.027 16.190 16.347
372 5 2 17.498 17.019 16.183 16.339
373 5 2 17.498 17.027 16.183 16.347
374 5 2 17.498 17.019 16.183 16.339
375 5 2 17.505 17.012 16.191 16.331
376 5 2 17.505 17.004 16.191 16.324
377 5 2 17.505 17.012 16.191 16.331
378 5 2 17.498 17.004 16.183 16.324
379 5 2 17.498 17.012 16.183 16.332
380 5 2 17.498 17.019 16.183 16.339
381 5 2 17.505 17.027 16.190 16.347
382 5 2 17.490 17.019 16.183 16.339
383 5 2 17.490 17.027 16.190 16.347
384 5 2 17.475 17.019 16.183 16.339
385 5 2 17.483 17.027 16.190 16.347
386 5 2 17.483 17.019 16.191 16.339
387 5 2 17.483 17.012 16.191 16.331
388 5 2 17.483 17.004 16.191 16.324
389 5 2 17.483 17.012 16.191 16.331
390 5 2 17.483 17.004 16.191 16.324
391 5 2 17.475 17.012 16.191 16.331
392 5 2 17.467 17.019 16.183 16.339
393 5 2 17.467 17.027 16.183 16.347
394 5 2 17.475 17.019 16.191 16.339
395 5 2 17.467 17.027 16.183 16.347
396 5 2 17.475 17.019 16.191 16.339
397 5 2 17.475 17.027 16.190 16.347
398 5 2 17.475 17.019 16.191 16.339
399 5 2 17.467 17.027 16.183 16.347
400 5 2 17.460 17.019 16.183 16.339
401 5 2 17.460 17.012 16.191 16.331
402 5 2 17.460 17.004 16.191 16.324
403 5 2 17.460 17.012 16.198 16.331
404 5 2 17.452 17.005 16.191 16.324
405 5 2 17.460 17.012 16.198 16.331
406 5 2 17.452 17.005 16.191 16.324
407 5 2 17.452 17.012 16.191 16.331
408 5 2 17.452 17.005 16.191 16.324
409 5 2 17.452 17.012 16.191 16.331
410 5 2 17.452 17.005 16.191 16.324
411 5 2 17.452 17.012 16.191 16.331
412 5 2 17.452 17.020 16.191 16.339
413 5 2 17.452 17.027 16.190 16.347
414 5 2 17.452 17.020 16.191 16.339
415 5 2 17.452 17.027 16.190 16.347
416 5 2 17.452 17.020 16.191 16.339
417 5 2 17.445 17.027 16.190 16.347
418 5 2 17.445 17.020 16.198 16.339
419 5 2 17.437 17.027 16.190 16.347
420 5 2 17.437 17.020 16.191 16.339
421 5 2 17.437 17.027 16.190 16.347
422 5 2 17.437 17.020 16.191 16.339
423 5 2 17.437 17.012 16.191 16.331
424 5 2 17.437 17.005 16.191 16.324
425 5 2 17.437 17.012 16.191 16.331
426 5 2 17.437 17.005 16.191 16.324
427 5 2 17.437 17.012 16.191 16.331
428 5 2 17.437 17.005 16.191 16.324
429 5 2 17.437 17.012 16.191 16.331
430 5 2 17.437 17.020 16.191 16.339
431 5 2 17.437 17.012 16.191 16.331
432 5 2 17.437 17.020 16.191 16.339
433 5 2 17.437 17.027 16.190 16.347
434 5 2 17.437 17.020 16.191 16.339
435 5 2 17.437 17.012 16.191 16.331
436 5 2 17.437 17.005 16.191 16.324
437 5 2 17.437 17.012 16.191 16.331
438 5 2 17.437 17.020 16.191 16.339
439 5 2 17.437 17.027 16.190 16.347
440 5 2 17.437 17.020 16.191 16.339
441 5 2 17.437 17.027 16.190 16.347
442 5 2 17.437 17.020 16.191 16.339
443 5 2 17.430 17.027 16.190 16.347
444 5 2 17.422 17.020 16.191 16.339
445 5 2 17.422 17.027 16.190 16.347
446 5 2 17.422 17.020 16.191 16.339
447 5 2 17.422 17.027 16.190 16.347
448 5 2 17.422 17.020 16.191 16.339
449 5 2 17.422 17.027 16.190 16.347
450 5 2 17.422 17.020 16.191 16.339
451 5 2 17.422 17.027 16.190 16.347
452 5 2 17.414 17.020 16.191 16.339
453 5 2 17.414 17.027 16.198 16.346
454 5 2 17.407 17.020 16.191 16.339
455 5 2 17.407 17.027 16.190 16.347
456 5 2 17.407 17.020 16.191 16.339
457 5 2 17.407 17.027 16.190 16.347
458 5 2 17.399 17.020 16.191 16.339
459 5 2 17.399 17.027 16.198 16.346
460 5 2 17.392 17.020 16.191 16.339
461 5 2 17.384 17.028 16.190 16.347
462 5 2 17.377 17.020 16.191 16.339
463 5 2 17.376 17.028 16.190 16.347
464 5 2 17.377 17.005 16.191 16.324
465 5 2 17.377 17.013 16.191 16.331
466 5 2 17.377 17.005 16.191 16.324
467 5 2 17.377 17.013 16.191 16.331
468 5 2 17.369 17.005 16.191 16.324
469 5 2 17.361 17.013 16.191 16.331
470 5 2 17.361 17.020 16.191 16.339
471 5 2 17.361 17.028 16.190 16.347
472 5 2 17.361 17.020 16.191 16.339
473 5 2 17.361 17.028 16.190 16.347
474 5 2 17.361 17.020 16.191 16.339
475 5 2 17.361 17.013 16.191 16.331
476 5 2 17.361 17.005 16.191 16.324
477 5 2 17.361 17.013 16.191 16.331
478 5 2 17.354 17.005 16.191 16.324
479 5 2 17.346 17.013 16.191 16.331
480 5 2 17.346 17.005 16.191 16.324
481 5 2 17.346 17.013 16.191 16.331
482 5 2 17.346 17.005 16.191 16.324
483 5 2 17.346 17.013 16.191 16.331
484 5 2 17.346 17.005 16.191 16.324
485 5 2 17.346 17.013 16.191 16.331
486 5 2 17.346 17.005 16.191 16.324
487 5 2 17.354 17.013 16.198 16.331
488 5 2 17.354 17.005 16.198 16.324
489 5 2 17.354 17.013 16.198 16.331
490 5 2 17.346 17.005 16.191 16.324
491 5 2 17.346 17.013 16.191 16.331
492 5 2 17.346 17.005 16.191 16.324
493 5 2 17.346 16.998 16.191 16.316
494 5 2 17.346 16.990 16.191 16.309
495 5 2 17.346 16.998 16.191 16.316
496 5 2 17.346 17.005 16.191 16.324
497 5 2 17.346 16.998 16.191 16.316
498 5 2 17.346 17.005 16.191 16.324
499 5 2 17.346 16.998 16.191 16.316
500 5 2 17.346 17.005 16.191 16.324
501 5 2 17.346 16.998 16.191 16.316
502 5 2 17.346 16.990 16.191 16.309
503 5 2 17.346 16.998 16.191 16.316
504 5 2 17.346 16.990 16.191 16.309
505 5 2 17.346 16.998 16.191 16.316
506 5 2 17.346 16.990 16.191 16.309
507 5 2 17.346 16.998 16.191 16.316
508 5 2 17.346 16.990 16.191 16.309
509 5 2 17.346 16.983 16.191 16.301
510 5 2 17.347 16.975 16.191 16.294
511 5 2 17.346 16.983 16.191 16.301
512 5 2 17.347 16.975 16.191 16.294
513 5 2 17.346 16.983 16.191 16.301
514 5 2 17.347 16.975 16.191 16.294
515 5 2 17.346 16.983 16.191 16.301
516 5 2 17.347 16.975 16.191 16.294
517 5 2 17.346 16.983 16.191 16.301
518 5 2 17.347 16.975 16.191 16.294
519 5 2 17.346 16.983 16.191 16.301
520 5 2 17.347 16.975 16.191 16.294
521 5 2 17.346 16.983 16.191 16.301
522 5 2 17.339 16.975 16.191 16.294
523 5 2 17.331 16.983 16.191 16.301
524 5 2 17.331 16.976 16.191 16.294
525 5 2 17.331 16.983 16.191 16.301
526 5 2 17.339 16.975 16.198 16.294
527 5 2 17.339 16.968 16.199 16.286
528 5 2 17.339 16.960 16.199 16.279
529 5 2 17.339 16.968 16.199 16.286
530 5 2 17.339 16.960 16.199 16.279
531 5 2 17.339 16.968 16.199 16.286
532 5 2 17.339 16.975 16.198 16.294
533 5 2 17.339 16.968 16.199 16.286
534 5 2 17.339 16.960 16.199 16.279
535 5 2 17.339 16.968 16.199 16.286
536 5 2 17.339 16.960 16.199 16.279
537 5 2 17.339 16.968 16.199 16.286
538 5 2 17.331 16.960 16.191 16.279
539 5 2 17.332 16.953 16.191 16.271
540 5 2 17.332 16.945 16.191 16.264
541 5 2 17.332 16.953 16.191 16.271
542 5 2 17.332 16.945 16.191 16.264
543 5 2 17.332 16.953 16.191 16.271
544 5 2 17.332 16.945 16.191 16.264
545 5 2 17.339 16.938 16.199 16.256
546 5 2 17.339 16.930 16.199 16.249
547 5 2 17.339 16.938 16.199 16.256
548 5 2 17.332 16.930 16.191 16.249
53 6 1 30.179 17.969 29.740 17.295
54 6 1 30.194 17.991 29.740 17.288
55 6 1 30.186 17.969 29.733 17.266
56 6 1 30.179 17.947 29.726 17.243
57 6 1 30.186 17.909 29.733 17.206
58 6 1 30.179 17.880 29.726 17.176
60 6 1 30.172 17.872 29.718 17.169
61 6 1 30.172 17.850 29.718 17.147
62 6 1 30.172 17.827 29.718 17.124
64 6 1 30.164 17.820 29.711 17.117
65 6 1 30.365 18.012 29.740 17.273
67 6 1 30.350 18.004 29.748 17.273
68 6 1 30.350 17.975 29.748 17.243
69 6 1 30.350 17.945 29.748 17.213
70 6 1 30.350 17.915 29.748 17.184
71 6 1 30.350 17.878 29.748 17.146
72 6 1 30.350 17.833 29.748 17.102
73 6 1 30.343 17.781 29.741 17.050
74 6 1 30.343 17.744 29.741 17.013
75 6 1 30.343 17.707 29.741 16.975
76 6 1 30.335 17.670 29.733 16.938
77 6 1 30.335 17.618 29.733 16.886
78 6 1 30.335 17.580 29.733 16.849
79 6 1 30.336 17.528 29.734 16.797
80 6 1 30.336 17.499 29.734 16.767
81 6 1 30.336 17.446 29.734 16.715
82 6 1 30.336 17.417 29.734 16.685
83 6 1 30.336 17.379 29.734 16.648
84 6 1 30.373 17.342 29.652 16.582
85 6 1 30.321 17.327 29.697 16.596
86 6 1 30.313 17.298 29.689 16.567
87 6 1 30.313 17.253 29.689 16.522
88 6 1 30.366 17.201 29.615 16.225
89 6 1 30.314 17.104 29.674 16.344
90 6 1 30.321 17.075 29.682 16.314
91 6 1 30.321 17.030 29.682 16.269
92 6 1 30.380 17.104 29.653 15.920
93 6 1 30.336 16.926 29.690 16.106
94 6 1 30.336 16.881 29.690 16.061
95 6 1 30.351 16.844 29.705 16.024
96 6 1 30.448 16.888 29.667 15.964
97 6 1 30.381 16.844 29.719 16.016
98 6 1 30.381 16.799 29.720 15.972
99 6 1 30.381 16.769 29.720 15.942
100 6 1 30.448 16.746 29.697 15.942
101 6 1 30.410 16.754 29.742 15.934
102 6 1 30.411 16.717 29.742 15.897
103 6 1 30.411 16.687 29.742 15.867
104 6 1 30.411 16.650 29.742 15.830
105 6 1 30.411 16.613 29.742 15.793
106 6 1 30.411 16.568 29.742 15.748
107 6 1 30.411 16.516 29.742 15.696
108 6 1 30.403 16.479 29.735 15.659
109 6 1 30.396 16.442 29.727 15.622
110 6 1 30.396 16.390 29.727 15.570
111 6 1 30.396 16.353 29.727 15.533
112 6 1 30.396 16.301 29.727 15.481
113 6 1 30.396 16.264 29.728 15.444
114 6 1 30.396 16.211 29.728 15.392
115 6 1 30.396 16.174 29.728 15.355
116 6 1 30.396 16.145 29.728 15.325
117 6 1 30.396 16.107 29.728 15.288
118 6 1 30.396 16.063 29.728 15.243
119 6 1 30.396 16.026 29.728 15.206
120 6 1 30.411 15.974 29.743 15.154
121 6 1 30.411 15.936 29.743 15.117
122 6 1 30.411 15.907 29.743 15.087
123 6 1 30.411 15.855 29.743 15.035
124 6 1 30.411 15.818 29.743 14.998
125 6 1 30.426 15.765 29.758 14.946
126 6 1 30.426 15.728 29.758 14.909
127 6 1 30.426 15.676 29.758 14.857
128 6 1 30.426 15.639 29.758 14.820
129 6 1 30.441 15.587 29.773 14.768
130 6 1 30.441 15.550 29.773 14.730
131 6 1 30.441 15.520 29.773 14.701
132 6 1 30.441 15.468 29.773 14.649
133 6 1 30.434 15.431 29.766 14.612
134 6 1 30.426 15.379 29.758 14.560
135 6 1 30.426 15.342 29.758 14.523
136 6 1 30.426 15.290 29.758 14.471
137 6 1 30.426 15.260 29.758 14.441
138 6 1 30.427 15.223 29.758 14.404
139 6 1 30.427 15.194 29.758 14.374
140 6 1 30.419 15.164 29.751 14.345
141 6 1 30.412 15.127 29.744 14.308
142 6 1 30.412 15.090 29.744 14.270
143 6 1 30.404 15.053 29.736 14.233
144 6 1 30.397 15.016 29.729 14.196
145 6 1 30.390 14.964 29.722 14.144
146 6 1 30.382 14.904 29.714 14.085
147 6 1 30.367 14.867 29.699 14.048
148 6 1 30.367 14.815 29.699 13.996
149 6 1 30.353 14.786 29.685 13.967
150 6 1 30.353 14.756 29.685 13.937
151 6 1 30.338 14.719 29.670 13.900
152 6 1 30.338 14.667 29.670 13.848
153 6 1 30.330 14.630 29.662 13.811
154 6 1 30.323 14.578 29.655 13.759
155 6 1 30.323 14.541 29.655 13.722
156 6 1 30.323 14.512 29.655 13.692
157 6 1 30.323 14.460 29.655 13.640
158 6 1 30.308 14.423 29.640 13.603
159 6 1 30.308 14.371 29.640 13.551
160 6 1 30.301 14.334 29.633 13.514
161 6 1 30.294 14.282 29.626 13.463
162 6 1 30.286 14.245 29.618 13.426
163 6 1 30.264 14.193 29.596 13.374
164 6 1 30.249 14.156 29.581 13.337
165 6 1 30.249 14.104 29.581 13.285
166 6 1 30.249 14.067 29.581 13.248
167 6 1 30.249 14.037 29.581 13.218
168 6 1 30.249 14.008 29.581 13.188
169 6 1 30.242 13.971 29.574 13.151
170 6 1 30.227 13.919 29.559 13.100
171 6 1 30.197 13.860 29.530 13.040
172 6 1 30.160 13.800 29.492 12.981
173 6 1 30.131 13.749 29.463 12.930
174 6 1 30.116 13.727 29.448 12.907
175 6 1 30.101 13.697 29.433 12.878
176 6 1 30.093 13.690 29.426 12.871
177 6 1 30.056 13.653 29.389 12.834
178 6 1 30.042 13.631 29.374 12.811
179 6 1 30.027 13.608 29.359 12.789
180 6 1 30.012 13.579 29.344 12.760
181 6 1 29.997 13.549 29.329 12.730
182 6 1 29.990 13.542 29.322 12.723
183 6 1 29.982 13.527 29.314 12.708
184 6 1 29.982 13.505 29.314 12.686
185 6 1 29.982 13.498 29.314 12.678
186 6 1 29.982 13.498 29.314 12.678
187 6 1 29.967 13.512 29.300 12.693
188 6 1 29.967 13.512 29.300 12.693
189 6 1 29.967 13.512 29.300 12.693
190 6 1 29.983 13.031 29.278 12.278
191 6 1 29.968 13.068 29.300 12.263
192 6 1 29.983 12.801 29.234 11.842
193 6 1 29.946 12.734 29.271 11.915
194 6 1 29.946 12.682 29.271 11.864
195 6 1 29.924 12.646 29.249 11.827
196 6 1 29.946 12.594 29.271 11.775
197 6 1 29.946 12.557 29.271 11.738
198 6 1 29.946 12.505 29.271 11.686
199 6 1 29.946 12.475 29.271 11.656
200 6 1 29.954 12.438 29.279 11.619
201 6 1 29.954 12.386 29.279 11.567
202 6 1 29.954 12.349 29.279 11.530
203 6 1 29.961 12.319 29.286 11.501
204 6 1 29.961 12.290 29.286 11.471
205 6 1 29.984 11.964 29.235 10.909
206 6 1 29.947 11.875 29.265 11.034
207 6 1 29.962 11.838 29.279 10.997
208 6 1 29.969 11.794 29.287 10.953
209 6 1 29.977 11.734 29.294 10.894
210 6 1 29.977 11.683 29.295 10.842
211 6 1 29.991 11.631 29.309 10.790
212 6 1 29.999 11.542 29.094 10.783
213 6 1 29.895 11.579 29.206 10.746
214 6 1 29.895 11.528 29.206 10.694
215 6 1 29.917 11.476 29.228 10.642
216 6 1 29.932 11.394 29.243 10.561
217 6 1 29.955 11.342 29.265 10.509
218 6 1 29.955 11.298 29.265 10.465
219 6 1 29.977 11.246 29.288 10.413
220 6 1 30.073 11.268 29.095 10.081
221 6 1 29.940 11.098 29.243 10.258
222 6 1 29.940 11.054 29.243 10.213
223 6 1 29.955 11.009 29.258 10.169
224 6 1 30.014 11.113 29.147 9.984
225 6 1 29.933 10.965 29.236 10.117
226 6 1 29.940 10.906 29.244 10.058
227 6 1 29.963 10.847 29.266 9.999
228 6 1 30.059 10.758 29.266 9.940
229 6 1 30.015 10.780 29.318 9.939
230 6 1 30.015 10.728 29.318 9.888
231 6 1 30.029 10.669 29.333 9.829
232 6 1 30.044 10.624 29.348 9.784
233 6 1 30.059 10.580 29.363 9.740
234 6 1 30.074 10.521 29.378 9.681
235 6 1 30.089 10.462 29.393 9.621
236 6 1 30.089 10.403 29.393 9.562
237 6 1 30.104 10.343 29.408 9.503
238 6 1 30.119 10.299 29.422 9.459
239 6 1 30.119 10.240 29.423 9.400
240 6 1 30.134 10.181 29.437 9.341
241 6 1 30.149 10.114 29.452 9.274
242 6 1 30.164 10.040 29.467 9.200
243 6 1 30.178 9.966 29.482 9.126
244 6 1 30.193 9.914 29.497 9.074
245 6 1 30.193 9.863 29.497 9.023
246 6 1 30.208 9.811 29.512 8.971
247 6 1 30.208 9.767 29.512 8.927
248 6 1 30.223 9.722 29.527 8.882
249 6 1 30.223 9.671 29.527 8.831
250 6 1 30.238 9.619 29.542 8.779
251 6 1 30.238 9.560 29.542 8.720
252 6 1 30.253 9.501 29.557 8.661
253 6 1 30.253 9.442 29.557 8.602
254 6 1 30.268 9.382 29.572 8.543
255 6 1 30.283 9.309 29.587 8.469
256 6 1 30.298 9.250 29.602 8.410
257 6 1 30.312 9.190 29.617 8.351
258 6 1 30.327 9.131 29.632 8.292
259 6 1 30.342 9.087 29.646 8.247
260 6 1 30.439 8.814 29.661 8.196
261 6 1 30.394 8.925 29.698 8.092
262 6 1 30.402 8.888 29.706 8.055
263 6 1 30.409 8.829 29.713 7.996
264 6 1 30.416 8.792 29.721 7.959
265 6 1 30.417 8.740 29.721 7.908
266 6 1 30.417 8.696 29.721 7.864
267 6 1 30.417 8.644 29.721 7.812
268 6 1 30.431 8.585 29.736 7.753
269 6 1 30.432 8.519 29.736 7.687
270 6 1 30.439 8.452 29.743 7.620
271 6 1 30.446 8.393 29.751 7.561
272 6 1 30.446 8.334 29.751 7.502
273 6 1 30.476 8.275 29.781 7.443
274 6 1 30.469 8.268 29.773 7.436
275 6 1 30.476 8.224 29.781 7.392
276 6 1 30.461 8.194 29.766 7.362
277 6 1 30.461 8.157 29.766 7.325
278 6 1 30.454 8.120 29.759 7.288
279 6 1 30.454 8.083 29.759 7.252
280 6 1 30.447 8.047 29.751 7.215
281 6 1 30.432 8.017 29.736 7.185
282 6 1 30.417 8.002 29.722 7.170
283 6 1 30.402 7.988 29.707 7.156
284 6 1 30.395 7.966 29.699 7.134
285 6 1 30.402 7.921 29.707 7.089
286 6 1 30.402 7.877 29.707 7.045
287 6 1 30.402 7.855 29.707 7.023
288 6 1 30.699 7.479 30.033 6.588
289 6 1 30.699 7.457 30.011 6.625
290 6 1 30.721 7.405 30.033 6.573
291 6 1 30.728 7.353 30.041 6.522
292 6 1 30.758 7.294 30.070 6.463
293 6 1 30.773 7.243 30.085 6.411
294 6 1 30.780 7.191 30.093 6.360
295 6 1 30.780 7.147 30.093 6.316
296 6 1 30.780 7.096 30.093 6.264
297 6 1 30.780 7.044 30.093 6.213
298 6 1 30.780 6.985 30.093 6.154
299 6 1 30.780 6.919 30.093 6.087
300 6 1 30.788 6.853 30.100 6.021
301 6 1 30.788 6.786 30.101 5.955
302 6 1 30.788 6.720 30.101 5.889
303 6 1 30.810 6.661 30.123 5.830
304 6 1 30.810 6.602 30.123 5.771
305 6 1 30.818 6.551 30.130 5.719
306 6 1 30.818 6.514 30.130 5.683
307 6 1 30.810 6.470 30.123 5.639
308 6 1 30.810 6.418 30.123 5.587
309 6 1 30.803 6.374 30.116 5.543
310 6 1 30.803 6.330 30.116 5.499
311 6 1 30.788 6.278 30.101 5.447
312 6 1 30.781 6.227 30.094 5.396
313 6 1 30.781 6.175 30.094 5.344
314 6 1 30.781 6.117 30.094 5.285
315 6 1 30.781 6.058 30.094 5.227
316 6 1 30.788 5.999 30.101 5.168
317 6 1 30.788 5.940 30.101 5.109
318 6 1 30.811 5.881 30.124 5.050
319 6 1 30.818 5.837 30.131 5.006
320 6 1 30.840 5.786 30.153 4.955
321 6 1 30.848 5.734 30.161 4.903
322 6 1 30.877 5.661 30.190 4.830
323 6 1 30.914 5.594 30.227 4.763
324 6 1 30.929 5.543 30.242 4.712
325 6 1 30.929 5.499 30.242 4.668
326 6 1 30.929 5.462 30.242 4.631
327 6 1 30.929 5.418 30.242 4.587
328 6 1 30.929 5.374 30.242 4.543
329 6 1 30.929 5.322 30.242 4.492
330 6 1 30.929 5.264 30.242 4.433
331 6 1 30.929 5.197 30.242 4.367
332 6 1 30.929 5.139 30.242 4.308
333 6 1 30.929 5.080 30.243 4.249
334 6 1 30.929 5.021 30.243 4.190
335 6 1 30.929 4.970 30.243 4.139
336 6 1 30.929 4.926 30.243 4.095
337 6 1 30.929 4.881 30.243 4.051
338 6 1 30.929 4.845 30.243 4.014
339 6 1 30.922 4.793 30.235 3.963
340 6 1 30.907 4.749 30.221 3.918
341 6 1 30.900 4.705 30.213 3.874
342 6 1 30.900 4.661 30.213 3.830
343 6 1 30.900 4.617 30.213 3.786
344 6 1 30.900 4.573 30.213 3.742
345 6 1 30.907 4.529 30.221 3.698
346 6 1 30.907 4.477 30.221 3.647
347 6 1 30.907 4.426 30.221 3.595
348 6 1 30.930 4.375 30.243 3.544
349 6 1 30.937 4.323 30.251 3.493
350 6 1 30.944 4.286 30.258 3.456
351 6 1 30.967 4.250 30.280 3.419
352 6 1 30.989 4.206 30.302 3.375
353 6 1 30.996 4.162 30.310 3.331
354 6 1 31.026 4.110 30.339 3.280
355 6 1 31.077 4.052 30.391 3.221
356 6 1 31.100 3.846 30.421 2.979
357 6 1 31.107 3.831 30.428 3.001
358 6 1 31.107 3.802 30.428 2.972
359 6 1 31.107 3.773 30.428 2.943
360 6 1 31.122 3.729 30.443 2.899
361 6 1 31.122 3.692 30.443 2.862
362 6 1 31.137 3.626 30.458 2.796
363 6 1 31.151 3.582 30.473 2.752
364 6 1 31.166 3.531 30.488 2.701
365 6 1 31.181 3.472 30.502 2.642
366 6 1 31.196 3.413 30.517 2.583
367 6 1 31.211 3.377 30.532 2.547
368 6 1 31.225 3.325 30.547 2.495
369 6 1 31.225 3.289 30.547 2.459
370 6 1 31.240 3.259 30.562 2.429
371 6 1 31.255 3.208 30.576 2.378
372 6 1 31.247 3.171 30.569 2.341
373 6 1 31.240 3.120 30.562 2.290
374 6 1 31.240 3.083 30.562 2.253
375 6 1 31.240 3.054 30.562 2.224
376 6 1 31.255 3.032 30.576 2.209
377 6 1 31.255 3.003 30.576 2.187
378 6 1 31.270 2.981 30.591 2.173
379 6 1 31.284 2.952 30.606 2.151
380 6 1 31.292 2.922 30.613 2.129
381 6 1 31.299 2.886 30.621 2.100
382 6 1 31.314 2.856 30.636 2.078
383 6 1 31.314 2.849 30.636 2.078
384 6 1 31.307 2.922 30.628 2.158
385 6 1 31.329 2.886 30.650 2.129
386 6 1 31.358 2.834 30.680 2.085
387 6 1 31.447 2.783 30.768 2.041
388 6 1 31.543 2.776 30.864 2.042
389 6 1 31.535 2.776 30.857 2.049
390 6 1 31.550 2.769 30.872 2.049
391 6 1 31.550 2.769 30.872 2.056
392 6 1 31.550 2.761 30.872 2.056
393 6 1 31.550 2.761 30.872 2.064
394 6 1 31.535 2.754 30.857 2.064
395 6 1 31.535 2.747 30.857 2.064
396 6 1 31.535 2.732 30.857 2.056
397 6 1 31.520 2.717 30.842 2.049
398 6 1 31.513 2.805 30.835 2.144
399 6 1 31.506 2.805 30.827 2.151
400 6 1 31.506 2.798 30.827 2.151
401 6 1 31.506 2.798 30.827 2.159
402 6 1 31.506 2.791 30.827 2.159
403 6 1 31.506 2.791 30.827 2.166
404 6 1 31.506 2.783 30.827 2.166
405 6 1 31.506 2.783 30.827 2.173
406 6 1 31.506 2.776 30.827 2.173
407 6 1 31.506 2.776 30.827 2.181
408 6 1 31.506 2.769 30.827 2.181
409 6 1 31.506 2.769 30.827 2.188
410 6 1 31.506 2.761 30.827 2.188
411 6 1 31.506 2.761 30.827 2.195
412 6 1 31.506 2.754 30.827 2.195
413 6 1 31.491 2.754 30.813 2.203
414 6 1 31.491 2.747 30.813 2.203
415 6 1 31.491 2.747 30.813 2.210
416 6 1 31.491 2.739 30.813 2.210
417 6 1 31.491 2.739 30.813 2.217
418 6 1 31.491 2.732 30.813 2.217
419 6 1 31.491 2.732 30.813 2.225
420 6 1 31.491 2.725 30.813 2.225
421 6 1 31.491 2.725 30.813 2.225
422 6 1 31.491 2.725 30.813 2.225
423 6 1 31.491 2.725 30.813 2.225
424 6 1 31.491 2.725 30.813 2.225
425 6 1 31.491 2.725 30.813 2.225
426 6 1 31.491 2.725 30.813 2.225
427 6 1 31.491 2.725 30.813 2.225
428 6 1 31.491 2.725 30.813 2.225
429 6 1 31.491 2.725 30.813 2.225
430 6 1 31.491 2.725 30.813 2.225
431 6 1 31.491 2.725 30.813 2.225
432 6 1 31.476 2.725 30.798 2.225
433 6 1 31.476 2.725 30.798 2.225
434 6 1 31.469 2.725 30.790 2.225
435 6 1 31.476 2.725 30.798 2.225
436 6 1 31.476 2.725 30.798 2.225
437 6 1 31.476 2.725 30.798 2.225
438 6 1 31.476 2.725 30.798 2.225
439 6 1 31.476 2.725 30.798 2.225
440 6 1 31.476 2.725 30.798 2.225
441 6 1 31.476 2.725 30.798 2.225
442 6 1 31.476 2.725 30.798 2.225
443 6 1 31.476 2.725 30.798 2.225
444 6 1 31.476 2.725 30.798 2.225
445 6 1 31.476 2.725 30.798 2.225
446 6 1 31.461 2.725 30.783 2.225
447 6 1 31.461 2.725 30.783 2.225
448 6 1 31.461 2.725 30.783 2.225
449 6 1 31.461 2.725 30.783 2.225
450 6 1 31.461 2.725 30.783 2.225
451 6 1 31.461 2.725 30.783 2.225
452 6 1 31.461 2.725 30.783 2.225
453 6 1 31.461 2.725 30.783 2.225
454 6 1 31.461 2.725 30.783 2.225
455 6 1 31.461 2.725 30.783 2.225
456 6 1 31.447 2.725 30.768 2.225
457 6 1 31.447 2.725 30.768 2.225
458 6 1 31.447 2.725 30.768 2.225
459 6 1 31.447 2.725 30.768 2.225
460 6 1 31.447 2.725 30.768 2.225
461 6 1 31.432 2.725 30.754 2.225
462 6 1 31.432 2.725 30.754 2.225
463 6 1 31.432 2.725 30.754 2.225
464 6 1 31.432 2.732 30.754 2.232
465 6 1 31.432 2.732 30.754 2.232
466 6 1 31.432 2.732 30.754 2.232
467 6 1 31.432 2.732 30.754 2.232
468 6 1 31.417 2.732 30.739 2.232
469 6 1 31.417 2.732 30.739 2.232
470 6 1 31.410 2.732 30.731 2.232
471 6 1 31.417 2.732 30.739 2.232
472 6 1 31.417 2.732 30.739 2.232
473 6 1 31.403 2.732 30.724 2.232
474 6 1 31.403 2.732 30.724 2.232
475 6 1 31.403 2.732 30.724 2.232
476 6 1 31.403 2.732 30.724 2.232
477 6 1 31.410 2.732 30.731 2.232
478 6 1 31.403 2.732 30.724 2.232
479 6 1 31.403 2.732 30.724 2.232
480 6 1 31.403 2.732 30.724 2.232
481 6 1 31.403 2.732 30.724 2.232
482 6 1 31.403 2.732 30.724 2.232
483 6 1 31.403 2.732 30.724 2.232
484 6 1 31.403 2.732 30.724 2.232
485 6 1 31.403 2.732 30.724 2.232
486 6 1 31.403 2.732 30.724 2.232
487 6 1 31.403 2.732 30.724 2.232
488 6 1 31.403 2.732 30.724 2.232
489 6 1 31.403 2.732 30.724 2.232
490 6 1 31.403 2.732 30.724 2.232
491 6 1 31.403 2.732 30.724 2.232
492 6 1 31.403 2.732 30.724 2.232
493 6 1 31.403 2.732 30.724 2.232
494 6 1 31.403 2.732 30.724 2.232
495 6 1 31.403 2.732 30.724 2.232
496 6 1 31.403 2.732 30.724 2.232
497 6 1 31.403 2.732 30.724 2.232
498 6 1 31.388 2.732 30.709 2.232
499 6 1 31.388 2.732 30.709 2.232
500 6 1 31.380 2.732 30.702 2.232
501 6 1 31.388 2.732 30.709 2.232
502 6 1 31.388 2.732 30.709 2.232
503 6 1 31.373 2.732 30.695 2.232
504 6 1 31.373 2.732 30.695 2.232
505 6 1 31.373 2.732 30.695 2.232
506 6 1 31.373 2.732 30.695 2.232
507 6 1 31.373 2.732 30.695 2.232
508 6 1 31.373 2.732 30.695 2.232
509 6 1 31.373 2.732 30.695 2.232
510 6 1 31.373 2.732 30.695 2.232
511 6 1 31.373 2.732 30.695 2.232
512 6 1 31.373 2.732 30.695 2.232
513 6 1 31.358 2.732 30.680 2.232
514 6 1 31.358 2.732 30.680 2.232
515 6 1 31.358 2.732 30.680 2.232
516 6 1 31.358 2.732 30.680 2.232
517 6 1 31.358 2.732 30.680 2.232
518 6 1 31.358 2.732 30.680 2.232
519 6 1 31.358 2.732 30.680 2.232
520 6 1 31.358 2.732 30.680 2.232
521 6 1 31.358 2.732 30.680 2.232
522 6 1 31.358 2.732 30.680 2.232
523 6 1 31.358 2.732 30.680 2.232
524 6 1 31.358 2.732 30.680 2.232
525 6 1 31.358 2.732 30.680 2.232
526 6 1 31.344 2.732 30.665 2.232
527 6 1 31.344 2.732 30.665 2.232
528 6 1 31.344 2.732 30.665 2.232
529 6 1 31.344 2.732 30.665 2.232
530 6 1 31.344 2.732 30.665 2.232
531 6 1 31.344 2.732 30.665 2.232
532 6 1 31.344 2.732 30.665 2.232
533 6 1 31.344 2.732 30.665 2.232
534 6 1 31.329 2.732 30.650 2.232
535 6 1 31.329 2.732 30.650 2.232
536 6 1 31.329 2.732 30.650 2.232
537 6 1 31.329 2.732 30.650 2.232
538 6 1 31.329 2.732 30.650 2.232
539 6 1 31.329 2.732 30.650 2.232
540 6 1 31.329 2.732 30.650 2.232
541 6 1 31.329 2.732 30.650 2.232
542 6 1 31.329 2.732 30.650 2.232
543 6 1 31.329 2.732 30.650 2.232
544 6 1 31.329 2.732 30.650 2.232
545 6 1 31.329 2.732 30.650 2.232
546 6 1 31.329 2.732 30.650 2.232
547 6 1 31.329 2.732 30.650 2.232
548 6 1 31.329 2.732 30.650 2.232
78 7 2 44.563 7.926 41.827 6.937
79 7 2 44.635 7.955 41.769 6.923
80 7 2 44.498 7.955 41.630 6.923
81 7 2 44.207 7.912 42.331 7.345
82 7 2 44.222 7.919 42.316 7.338
83 7 2 44.077 7.898 42.171 7.316
84 7 2 43.953 7.905 42.047 7.324
85 7 2 43.815 7.891 41.909 7.309
86 7 2 43.685 7.891 41.778 7.310
87 7 2 43.554 7.884 41.647 7.303
88 7 2 43.416 7.877 41.508 7.295
89 7 2 43.278 7.870 41.370 7.288
90 7 2 43.147 7.863 41.239 7.281
91 7 2 43.017 7.848 41.108 7.267
92 7 2 42.878 7.849 40.969 7.267
93 7 2 42.740 7.834 40.831 7.252
94 7 2 42.609 7.834 40.700 7.253
95 7 2 42.479 7.820 40.568 7.238
96 7 2 42.340 7.820 40.430 7.238
97 7 2 42.202 7.813 40.291 7.231
98 7 2 42.071 7.806 40.160 7.224
99 7 2 41.933 7.806 40.021 7.224
100 7 2 41.795 7.799 39.883 7.217
101 7 2 41.664 7.792 39.751 7.210
102 7 2 41.533 7.792 39.620 7.210
103 7 2 41.394 7.785 39.481 7.203
104 7 2 41.256 7.778 39.343 7.196
105 7 2 41.125 7.778 39.211 7.196
106 7 2 40.986 7.771 39.072 7.189
107 7 2 40.848 7.764 38.933 7.182
108 7 2 40.928 7.852 38.656 7.182
109 7 2 40.782 7.816 38.809 7.218
110 7 2 40.651 7.801 38.678 7.204
111 7 2 40.512 7.801 38.539 7.204
112 7 2 40.381 7.802 38.407 7.204
113 7 2 40.250 7.802 38.276 7.204
114 7 2 40.119 7.802 38.144 7.204
115 7 2 39.980 7.802 38.005 7.205
116 7 2 39.841 7.802 37.866 7.205
117 7 2 39.710 7.803 37.734 7.205
118 7 2 39.578 7.803 37.602 7.205
119 7 2 39.447 7.796 37.470 7.198
120 7 2 39.315 7.789 37.339 7.191
121 7 2 39.184 7.789 37.207 7.191
122 7 2 39.045 7.789 37.068 7.191
123 7 2 38.906 7.789 36.928 7.191
124 7 2 38.775 7.790 36.796 7.191
125 7 2 38.628 7.790 36.650 7.192
126 7 2 38.489 7.790 36.510 7.192
127 7 2 38.350 7.790 36.371 7.192
128 7 2 38.219 7.791 36.239 7.192
129 7 2 38.072 7.805 36.092 7.207
130 7 2 37.941 7.806 35.960 7.207
131 7 2 37.802 7.799 35.821 7.200
132 7 2 37.662 7.806 35.681 7.207
133 7 2 37.523 7.806 35.542 7.208
134 7 2 37.384 7.821 35.402 7.223
135 7 2 37.238 7.821 35.255 7.223
136 7 2 37.106 7.822 35.123 7.223
137 7 2 36.959 7.837 34.976 7.238
138 7 2 36.813 7.837 34.829 7.238
139 7 2 36.666 7.852 34.682 7.253
140 7 2 36.534 7.852 34.549 7.253
141 7 2 36.387 7.852 34.402 7.253
142 7 2 36.248 7.852 34.263 7.253
143 7 2 36.108 7.867 34.123 7.268
144 7 2 35.961 7.868 33.975 7.268
145 7 2 35.822 7.868 33.836 7.269
146 7 2 35.682 7.868 33.696 7.269
147 7 2 35.535 7.868 33.548 7.269
148 7 2 35.389 7.883 33.401 7.284
149 7 2 35.242 7.884 33.254 7.284
150 7 2 35.095 7.884 33.106 7.284
151 7 2 34.947 7.884 32.959 7.284
152 7 2 34.800 7.884 32.811 7.285
153 7 2 34.653 7.885 32.664 7.285
154 7 2 34.506 7.900 32.516 7.300
155 7 2 34.359 7.900 32.369 7.300
156 7 2 34.212 7.900 32.221 7.300
157 7 2 34.064 7.915 32.073 7.315
158 7 2 33.917 7.915 31.926 7.315
159 7 2 33.770 7.916 31.778 7.315
160 7 2 33.623 7.930 31.630 7.330
161 7 2 33.475 7.931 31.483 7.330
162 7 2 33.328 7.946 31.335 7.345
163 7 2 33.180 7.946 31.187 7.345
164 7 2 33.018 7.961 31.024 7.360
165 7 2 32.871 7.961 30.876 7.361
166 7 2 32.723 7.976 30.728 7.376
167 7 2 32.575 7.976 30.580 7.376
168 7 2 32.420 7.991 30.425 7.391
169 7 2 32.273 7.992 30.277 7.391
170 7 2 32.125 8.007 30.129 7.406
171 7 2 31.977 8.007 29.981 7.406
172 7 2 31.837 8.022 29.840 7.421
173 7 2 31.689 8.022 29.692 7.421
174 7 2 31.534 8.037 29.536 7.436
175 7 2 31.379 8.038 29.380 7.436
176 7 2 31.224 8.030 29.225 7.429
177 7 2 31.068 8.038 29.069 7.437
178 7 2 30.913 8.038 28.913 7.437
179 7 2 30.758 8.053 28.757 7.452
180 7 2 30.610 8.054 28.609 7.452
181 7 2 30.454 8.054 28.453 7.452
182 7 2 30.299 8.069 28.297 7.467
183 7 2 30.150 8.069 28.149 7.468
184 7 2 29.995 8.084 27.993 7.483
185 7 2 29.839 8.085 27.837 7.483
186 7 2 29.691 8.085 27.688 7.483
187 7 2 29.543 8.100 27.539 7.498
188 7 2 29.387 8.100 27.383 7.498
189 7 2 29.231 8.115 27.227 7.513
190 7 2 29.076 8.116 27.071 7.513
191 7 2 28.920 8.131 26.915 7.528
192 7 2 28.756 8.131 26.751 7.529
193 7 2 28.593 8.131 26.587 7.529
194 7 2 28.437 8.146 26.431 7.544
195 7 2 28.281 8.147 26.274 7.544
196 7 2 28.118 8.147 26.110 7.544
197 7 2 27.954 8.147 25.947 7.545
198 7 2 27.806 8.148 25.798 7.545
199 7 2 27.650 8.148 25.641 7.545
200 7 2 27.486 8.148 25.477 7.545
201 7 2 27.330 8.148 25.320 7.545
202 7 2 27.166 8.149 25.156 7.546
203 7 2 27.017 8.149 25.007 7.546
204 7 2 26.854 8.149 24.843 7.546
205 7 2 26.705 8.150 24.694 7.546
206 7 2 26.541 8.150 24.529 7.547
207 7 2 26.392 8.150 24.380 7.547
208 7 2 26.235 8.151 24.223 7.547
209 7 2 26.072 8.136 24.059 7.533
210 7 2 25.922 8.136 23.909 7.533
211 7 2 25.766 8.129 23.752 7.526
212 7 2 25.594 8.115 23.580 7.511
213 7 2 25.445 8.115 23.431 7.511
214 7 2 25.289 8.108 23.274 7.504
215 7 2 25.125 8.093 23.109 7.489
216 7 2 24.975 8.086 22.960 7.482
217 7 2 24.826 8.079 22.810 7.475
218 7 2 24.654 8.072 22.638 7.468
219 7 2 24.513 8.050 22.496 7.446
220 7 2 24.348 8.036 22.331 7.431
221 7 2 24.184 8.021 22.166 7.417
222 7 2 24.035 8.007 22.016 7.402
223 7 2 23.870 7.985 21.852 7.380
224 7 2 23.713 7.955 21.694 7.351
225 7 2 23.564 7.941 21.544 7.336
226 7 2 23.407 7.911 21.387 7.306
227 7 2 23.242 7.897 21.222 7.292
228 7 2 23.093 7.867 21.072 7.262
229 7 2 22.936 7.838 20.915 7.233
230 7 2 22.771 7.809 20.750 7.203
231 7 2 22.629 7.779 20.607 7.174
232 7 2 22.464 7.750 20.442 7.144
233 7 2 22.307 7.720 20.285 7.115
234 7 2 22.165 7.691 20.142 7.085
235 7 2 22.015 7.647 19.992 7.041
236 7 2 21.850 7.617 19.827 7.011
237 7 2 21.701 7.588 19.677 6.982
238 7 2 21.551 7.544 19.526 6.937
239 7 2 21.378 7.514 19.354 6.908
240 7 2 21.236 7.470 19.211 6.864
241 7 2 21.086 7.440 19.061 6.834
242 7 2 20.914 7.396 18.888 6.790
243 7 2 20.771 7.367 18.745 6.760
244 7 2 20.621 7.322 18.595 6.716
245 7 2 20.464 7.270 18.437 6.664
246 7 2 20.322 7.219 18.294 6.612
247 7 2 20.172 7.174 18.144 6.567
248 7 2 20.014 7.130 17.986 6.523
249 7 2 19.872 7.071 17.843 6.464
250 7 2 19.722 7.012 17.693 6.404
251 7 2 19.564 6.967 17.535 6.360
252 7 2 19.421 6.908 17.392 6.300
253 7 2 19.286 6.863 17.256 6.256
254 7 2 19.129 6.804 17.098 6.196
255 7 2 18.986 6.745 16.955 6.137
256 7 2 18.836 6.686 16.805 6.078
257 7 2 18.693 6.626 16.662 6.018
258 7 2 18.551 6.567 16.519 5.959
259 7 2 18.400 6.508 16.368 5.899
260 7 2 18.310 6.448 16.278 5.840
261 7 2 18.220 6.389 16.196 5.780
262 7 2 18.145 6.315 16.128 5.706
263 7 2 18.086 6.255 16.076 5.647
264 7 2 17.996 6.181 15.993 5.572
265 7 2 17.921 6.122 15.926 5.513
266 7 2 17.831 6.047 15.843 5.438
267 7 2 17.771 5.966 15.791 5.357
268 7 2 17.689 5.899 15.716 5.290
269 7 2 17.621 5.840 15.656 5.230
270 7 2 17.539 5.795 15.581 5.186
271 7 2 17.893 5.788 15.943 5.178
272 7 2 17.999 5.765 16.057 5.156
273 7 2 18.006 5.721 16.072 5.111
274 7 2 17.991 5.780 16.064 5.171
275 7 2 18.081 5.765 16.163 5.156
276 7 2 18.096 5.788 16.185 5.178
277 7 2 18.096 5.802 16.193 5.193
278 7 2 18.096 5.788 16.200 5.178
279 7 2 18.096 5.788 16.208 5.178
280 7 2 18.089 5.788 16.208 5.178
281 7 2 18.089 5.788 16.215 5.178
282 7 2 18.081 5.788 16.215 5.178
283 7 2 18.081 5.788 16.223 5.178
284 7 2 18.074 5.788 16.223 5.178
285 7 2 18.074 5.788 16.230 5.178
286 7 2 18.074 5.788 16.238 5.178
287 7 2 18.074 5.788 16.245 5.178
288 7 2 18.066 5.788 16.245 5.178
289 7 2 18.066 5.788 16.253 5.178
290 7 2 18.059 5.788 16.253 5.178
291 7 2 18.059 5.788 16.261 5.178
292 7 2 18.051 5.788 16.261 5.178
293 7 2 18.051 5.788 16.268 5.178
294 7 2 18.044 5.788 16.261 5.178
295 7 2 18.044 5.788 16.261 5.178
296 7 2 18.044 5.788 16.261 5.178
297 7 2 18.044 5.788 16.261 5.178
298 7 2 18.044 5.788 16.261 5.178
299 7 2 18.044 5.788 16.261 5.178
300 7 2 18.044 5.788 16.261 5.178
301 7 2 18.044 5.788 16.261 5.178
302 7 2 18.044 5.788 16.261 5.178
303 7 2 18.044 5.788 16.261 5.178
304 7 2 18.044 5.788 16.261 5.178
305 7 2 18.044 5.788 16.261 5.178
306 7 2 18.044 5.788 16.261 5.178
307 7 2 18.044 5.788 16.261 5.178
308 7 2 18.044 5.788 16.261 5.178
309 7 2 18.044 5.788 16.261 5.178
310 7 2 18.044 5.788 16.261 5.178
311 7 2 18.044 5.788 16.261 5.178
312 7 2 18.044 5.788 16.261 5.178
313 7 2 18.044 5.788 16.261 5.178
314 7 2 18.044 5.788 16.261 5.178
315 7 2 18.044 5.788 16.261 5.178
316 7 2 18.044 5.788 16.261 5.178
317 7 2 18.044 5.788 16.261 5.178
318 7 2 18.044 5.788 16.261 5.178
319 7 2 18.044 5.788 16.261 5.178
320 7 2 18.044 5.788 16.261 5.178
321 7 2 18.044 5.788 16.261 5.178
322 7 2 18.044 5.788 16.261 5.178
323 7 2 18.044 5.788 16.261 5.178
324 7 2 18.044 5.788 16.261 5.178
325 7 2 18.044 5.788 16.261 5.178
326 7 2 18.044 5.788 16.261 5.178
327 7 2 18.044 5.788 16.261 5.178
328 7 2 18.044 5.788 16.261 5.178
329 7 2 18.044 5.788 16.261 5.178
330 7 2 18.044 5.780 16.261 5.171
331 7 2 18.044 5.773 16.261 5.163
332 7 2 18.044 5.765 16.261 5.156
333 7 2 18.044 5.773 16.261 5.163
334 7 2 18.044 5.773 16.261 5.163
335 7 2 18.044 5.773 16.268 5.163
336 7 2 18.036 5.773 16.268 5.163
337 7 2 18.029 5.773 16.261 5.163
338 7 2 18.029 5.773 16.261 5.163
339 7 2 18.029 5.765 16.261 5.156
340 7 2 18.029 5.758 16.261 5.149
341 7 2 18.029 5.750 16.261 5.141
342 7 2 18.029 5.758 16.261 5.149
343 7 2 18.029 5.758 16.261 5.149
344 7 2 18.029 5.758 16.261 5.149
345 7 2 18.029 5.750 16.261 5.141
346 7 2 18.029 5.743 16.268 5.134
347 7 2 18.021 5.736 16.269 5.126
348 7 2 18.014 5.743 16.261 5.134
349 7 2 18.014 5.743 16.261 5.134
350 7 2 18.006 5.743 16.261 5.134
351 7 2 18.006 5.743 16.261 5.134
352 7 2 18.014 5.743 16.268 5.134
353 7 2 18.006 5.743 16.268 5.134
354 7 2 17.999 5.743 16.261 5.134
355 7 2 17.999 5.743 16.261 5.134
356 7 2 17.999 5.743 16.261 5.134
357 7 2 17.999 5.743 16.261 5.134
358 7 2 17.991 5.758 16.261 5.149
359 7 2 17.991 5.750 16.261 5.141
360 7 2 17.999 5.743 16.268 5.134
361 7 2 17.991 5.743 16.268 5.134
362 7 2 17.984 5.736 16.261 5.126
363 7 2 17.984 5.743 16.261 5.134
364 7 2 17.984 5.743 16.261 5.134
365 7 2 17.984 5.743 16.261 5.134
366 7 2 17.984 5.743 16.261 5.134
367 7 2 17.984 5.743 16.261 5.134
368 7 2 17.976 5.743 16.261 5.134
369 7 2 17.976 5.743 16.268 5.134
370 7 2 17.969 5.743 16.261 5.134
371 7 2 17.969 5.736 16.261 5.126
372 7 2 17.969 5.743 16.261 5.134
373 7 2 17.969 5.743 16.261 5.134
374 7 2 17.969 5.736 16.261 5.126
375 7 2 17.969 5.743 16.261 5.134
376 7 2 17.969 5.743 16.261 5.134
377 7 2 17.961 5.736 16.261 5.126
378 7 2 17.961 5.743 16.268 5.134
379 7 2 17.953 5.743 16.261 5.134
380 7 2 17.954 5.736 16.261 5.126
381 7 2 17.953 5.743 16.261 5.134
382 7 2 17.953 5.743 16.261 5.134
383 7 2 17.954 5.736 16.261 5.126
384 7 2 17.953 5.743 16.261 5.134
385 7 2 17.953 5.743 16.261 5.134
386 7 2 17.954 5.736 16.269 5.126
387 7 2 17.946 5.743 16.261 5.134
388 7 2 17.946 5.743 16.268 5.134
389 7 2 17.938 5.736 16.261 5.126
390 7 2 17.938 5.743 16.261 5.134
391 7 2 17.938 5.743 16.261 5.134
392 7 2 17.938 5.743 16.261 5.134
393 7 2 17.938 5.743 16.261 5.134
394 7 2 17.938 5.743 16.261 5.134
395 7 2 17.938 5.743 16.268 5.134
396 7 2 17.931 5.743 16.268 5.134
397 7 2 17.923 5.743 16.261 5.134
398 7 2 17.923 5.743 16.261 5.134
399 7 2 17.923 5.743 16.261 5.134
400 7 2 17.923 5.743 16.261 5.134
401 7 2 17.923 5.743 16.261 5.134
402 7 2 17.923 5.743 16.261 5.134
403 7 2 17.923 5.743 16.261 5.134
404 7 2 17.923 5.743 16.261 5.134
405 7 2 17.923 5.743 16.261 5.134
406 7 2 17.923 5.743 16.261 5.134
407 7 2 17.923 5.743 16.261 5.134
408 7 2 17.923 5.743 16.261 5.134
409 7 2 17.923 5.743 16.261 5.134
410 7 2 17.923 5.743 16.261 5.134
411 7 2 17.923 5.743 16.261 5.134
412 7 2 17.923 5.743 16.261 5.134
413 7 2 17.923 5.743 16.261 5.134
414 7 2 17.923 5.743 16.261 5.134
415 7 2 17.923 5.743 16.261 5.134
416 7 2 17.923 5.743 16.261 5.134
417 7 2 17.923 5.743 16.261 5.134
418 7 2 17.923 5.743 16.261 5.134
419 7 2 17.923 5.743 16.261 5.134
420 7 2 17.923 5.743 16.261 5.134
421 7 2 17.923 5.743 16.261 5.134
422 7 2 17.923 5.743 16.261 5.134
423 7 2 17.923 5.743 16.261 5.134
424 7 2 17.923 5.743 16.261 5.134
425 7 2 17.923 5.743 16.261 5.134
426 7 2 17.923 5.743 16.261 5.134
427 7 2 17.923 5.743 16.261 5.134
428 7 2 17.923 5.743 16.261 5.134
429 7 2 17.923 5.743 16.261 5.134
430 7 2 17.923 5.743 16.261 5.134
431 7 2 17.923 5.743 16.261 5.134
432 7 2 17.923 5.743 16.261 5.134
433 7 2 17.923 5.743 16.261 5.134
434 7 2 17.923 5.743 16.261 5.134
435 7 2 17.916 5.743 16.261 5.134
436 7 2 17.916 5.743 16.268 5.134
437 7 2 17.908 5.743 16.268 5.134
438 7 2 17.908 5.743 16.268 5.134
439 7 2 17.908 5.743 16.268 5.134
440 7 2 17.908 5.743 16.268 5.134
441 7 2 17.908 5.743 16.268 5.134
442 7 2 17.908 5.743 16.268 5.134
443 7 2 17.908 5.743 16.268 5.134
444 7 2 17.908 5.743 16.268 5.134
445 7 2 17.908 5.743 16.268 5.134
446 7 2 17.901 5.743 16.268 5.134
447 7 2 17.901 5.743 16.268 5.134
448 7 2 17.901 5.743 16.268 5.134
449 7 2 17.893 5.743 16.268 5.134
450 7 2 17.893 5.743 16.268 5.134
451 7 2 17.893 5.743 16.268 5.134
452 7 2 17.893 5.743 16.268 5.134
453 7 2 17.893 5.743 16.268 5.134
454 7 2 17.893 5.743 16.268 5.134
455 7 2 17.893 5.743 16.268 5.134
456 7 2 17.886 5.743 16.268 5.134
457 7 2 17.878 5.743 16.268 5.134
458 7 2 17.878 5.743 16.268 5.134
459 7 2 17.878 5.743 16.268 5.134
460 7 2 17.878 5.743 16.268 5.134
461 7 2 17.871 5.743 16.268 5.134
462 7 2 17.863 5.743 16.268 5.134
463 7 2 17.863 5.743 16.268 5.134
464 7 2 17.863 5.743 16.268 5.134
465 7 2 17.856 5.743 16.268 5.134
466 7 2 17.856 5.743 16.268 5.134
467 7 2 17.848 5.743 16.268 5.134
468 7 2 17.848 5.743 16.268 5.134
469 7 2 17.848 5.743 16.268 5.134
470 7 2 17.848 5.743 16.268 5.134
471 7 2 17.848 5.743 16.268 5.134
472 7 2 17.848 5.743 16.268 5.134
473 7 2 17.848 5.743 16.268 5.134
474 7 2 17.848 5.743 16.268 5.134
475 7 2 17.848 5.743 16.268 5.134
476 7 2 17.848 5.743 16.268 5.134
477 7 2 17.848 5.743 16.268 5.134
478 7 2 17.848 5.743 16.268 5.134
479 7 2 17.848 5.743 16.268 5.134
480 7 2 17.848 5.743 16.268 5.134
481 7 2 17.848 5.743 16.268 5.134
482 7 2 17.848 5.743 16.268 5.134
483 7 2 17.848 5.743 16.268 5.134
484 7 2 17.848 5.743 16.268 5.134
485 7 2 17.848 5.743 16.268 5.134
486 7 2 17.848 5.743 16.268 5.134
487 7 2 17.848 5.743 16.268 5.134
488 7 2 17.848 5.743 16.268 5.134
489 7 2 17.848 5.743 16.268 5.134
490 7 2 17.848 5.743 16.268 5.134
491 7 2 17.848 5.743 16.268 5.134
492 7 2 17.848 5.743 16.268 5.134
493 7 2 17.840 5.743 16.268 5.134
494 7 2 17.840 5.743 16.268 5.134
495 7 2 17.840 5.743 16.268 5.134
496 7 2 17.840 5.743 16.268 5.134
497 7 2 17.840 5.743 16.268 5.134
498 7 2 17.840 5.743 16.268 5.134
499 7 2 17.840 5.743 16.268 5.134
500 7 2 17.840 5.743 16.268 5.134
501 7 2 17.840 5.743 16.268 5.134
502 7 2 17.840 5.743 16.268 5.134
503 7 2 17.840 5.743 16.268 5.134
504 7 2 17.840 5.743 16.268 5.134
505 7 2 17.840 5.743 16.268 5.134
506 7 2 17.840 5.743 16.268 5.134
507 7 2 17.840 5.743 16.268 5.134
508 7 2 17.840 5.743 16.268 5.134
509 7 2 17.840 5.743 16.268 5.134
510 7 2 17.840 5.743 16.268 5.134
511 7 2 17.840 5.743 16.268 5.134
512 7 2 17.840 5.743 16.268 5.134
513 7 2 17.840 5.743 16.268 5.134
514 7 2 17.840 5.743 16.268 5.134
515 7 2 17.840 5.743 16.268 5.134
516 7 2 17.840 5.743 16.268 5.134
517 7 2 17.840 5.743 16.268 5.134
518 7 2 17.840 5.743 16.268 5.134
519 7 2 17.840 5.743 16.268 5.134
520 7 2 17.840 5.743 16.268 5.134
521 7 2 17.840 5.743 16.268 5.134
522 7 2 17.840 5.743 16.268 5.134
523 7 2 17.840 5.743 16.268 5.134
524 7 2 17.840 5.743 16.268 5.134
525 7 2 17.840 5.743 16.268 5.134
526 7 2 17.840 5.743 16.268 5.134
527 7 2 17.840 5.743 16.268 5.134
528 7 2 17.840 5.743 16.268 5.134
529 7 2 17.840 5.743 16.268 5.134
530 7 2 17.840 5.743 16.268 5.134
531 7 2 17.840 5.743 16.268 5.134
532 7 2 17.840 5.743 16.268 5.134
533 7 2 17.840 5.743 16.268 5.134
534 7 2 17.840 5.743 16.268 5.134
535 7 2 17.840 5.743 16.268 5.134
536 7 2 17.840 5.743 16.268 5.134
537 7 2 17.840 5.743 16.268 5.134
538 7 2 17.840 5.743 16.268 5.134
539 7 2 17.840 5.743 16.268 5.134
540 7 2 17.840 5.743 16.268 5.134
541 7 2 17.840 5.743 16.268 5.134
542 7 2 17.840 5.743 16.268 5.134
543 7 2 17.840 5.743 16.268 5.134
544 7 2 17.840 5.743 16.268 5.134
545 7 2 17.840 5.743 16.268 5.134
546 7 2 17.840 5.743 16.268 5.134
547 7 2 17.840 5.743 16.268 5.134
548 7 2 17.840 5.743 16.268 5.134
116 9 1 31.421 17.898 30.745 16.900
117 9 1 31.428 17.898 30.760 16.900
118 9 1 31.421 17.868 30.752 16.870
119 9 1 31.421 17.824 30.752 16.826
120 9 1 31.473 17.756 30.827 16.788
121 9 1 31.473 17.764 30.812 16.780
122 9 1 31.473 17.734 30.812 16.751
123 9 1 31.458 17.697 30.797 16.714
124 9 1 31.465 17.645 30.827 16.736
125 9 1 31.473 17.667 30.819 16.706
126 9 1 31.473 17.630 30.819 16.669
127 9 1 31.473 17.600 30.819 16.639
128 9 1 31.458 17.466 30.827 16.661
129 9 1 31.465 17.526 30.819 16.595
130 9 1 31.480 17.496 30.834 16.565
131 9 1 31.480 17.466 30.834 16.535
132 9 1 31.480 17.436 30.834 16.505
133 9 1 31.391 17.392 30.923 16.460
134 9 1 31.346 17.363 30.968 16.430
135 9 1 31.347 17.319 30.968 16.385
136 9 1 31.347 17.289 30.968 16.356
137 9 1 31.347 17.244 30.968 16.311
138 9 1 31.347 17.200 30.968 16.266
139 9 1 31.347 17.170 30.968 16.237
140 9 1 31.347 17.125 30.968 16.192
141 9 1 31.347 17.096 30.968 16.162
142 9 1 31.347 17.051 30.968 16.118
143 9 1 31.302 17.022 30.990 16.088
144 9 1 31.302 16.992 30.991 16.058
145 9 1 31.302 16.947 30.991 16.014
146 9 1 31.287 16.918 30.976 15.984
147 9 1 31.287 16.888 30.976 15.954
148 9 1 31.391 16.642 30.783 16.090
149 9 1 31.258 16.806 30.909 15.925
150 9 1 31.258 16.777 30.909 15.895
151 9 1 31.250 16.740 30.901 15.858
152 9 1 31.243 16.703 30.894 15.821
153 9 1 31.183 16.666 30.939 15.784
154 9 1 31.154 16.629 30.961 15.747
155 9 1 31.146 16.584 30.954 15.702
156 9 1 31.139 16.547 30.946 15.665
157 9 1 31.124 16.510 30.931 15.628
158 9 1 31.117 16.466 30.924 15.583
159 9 1 31.109 16.429 30.917 15.546
160 9 1 31.094 16.399 30.902 15.517
161 9 1 31.087 16.369 30.894 15.487
162 9 1 31.080 16.332 30.887 15.450
163 9 1 31.072 16.303 30.879 15.420
164 9 1 31.295 16.071 30.612 15.385
165 9 1 31.087 16.161 30.828 15.310
166 9 1 31.080 16.132 30.820 15.280
167 9 1 31.072 16.102 30.813 15.250
168 9 1 31.065 16.065 30.805 15.213
169 9 1 31.057 16.028 30.798 15.176
170 9 1 31.050 15.991 30.790 15.139
171 9 1 31.043 15.954 30.783 15.102
172 9 1 31.325 15.944 30.635 14.903
173 9 1 31.109 15.857 30.828 14.998
174 9 1 31.109 15.827 30.828 14.968
175 9 1 31.095 15.783 30.813 14.924
176 9 1 31.495 15.965 30.590 14.762
177 9 1 31.161 15.775 30.828 14.894
178 9 1 31.154 15.738 30.820 14.857
179 9 1 31.147 15.708 30.813 14.827
180 9 1 31.206 15.552 30.575 14.784
181 9 1 31.124 15.612 30.754 14.739
182 9 1 31.124 15.582 30.754 14.709
183 9 1 31.110 15.552 30.739 14.679
184 9 1 31.110 15.493 30.561 14.718
185 9 1 31.028 15.531 30.650 14.665
186 9 1 31.020 15.501 30.642 14.636
187 9 1 31.006 15.464 30.627 14.599
188 9 1 31.147 15.300 30.449 14.288
189 9 1 30.991 15.242 30.605 14.376
190 9 1 30.976 15.205 30.591 14.339
191 9 1 30.969 15.167 30.583 14.302
192 9 1 30.954 15.130 30.568 14.265
193 9 1 30.939 15.093 30.553 14.228
194 9 1 30.924 15.064 30.539 14.199
195 9 1 30.909 15.027 30.524 14.162
196 9 1 30.909 14.997 30.524 14.132
197 9 1 30.895 14.968 30.509 14.102
198 9 1 30.895 14.931 30.509 14.065
199 9 1 30.880 14.901 30.494 14.036
200 9 1 30.880 14.864 30.494 13.999
201 9 1 30.865 14.827 30.479 13.962
202 9 1 30.865 14.797 30.479 13.932
203 9 1 30.850 14.760 30.465 13.895
204 9 1 30.850 14.731 30.465 13.865
205 9 1 30.835 14.694 30.450 13.828
206 9 1 30.835 14.656 30.450 13.791
207 9 1 30.835 14.612 30.450 13.747
208 9 1 30.828 14.575 30.442 13.710
209 9 1 30.828 14.538 30.443 13.673
210 9 1 30.821 14.493 30.435 13.628
211 9 1 30.821 14.456 30.435 13.591
212 9 1 30.813 14.419 30.428 13.554
213 9 1 30.813 14.390 30.428 13.525
214 9 1 30.813 14.353 30.428 13.487
215 9 1 30.806 14.323 30.420 13.458
216 9 1 30.806 14.286 30.420 13.421
217 9 1 30.739 14.257 30.465 13.391
218 9 1 30.709 14.227 30.487 13.361
219 9 1 30.695 14.190 30.472 13.324
220 9 1 30.695 14.160 30.472 13.295
221 9 1 30.687 14.153 30.465 13.287
222 9 1 30.680 14.124 30.458 13.258
223 9 1 30.665 14.087 30.443 13.221
224 9 1 30.658 14.049 30.435 13.184
225 9 1 30.643 14.005 30.421 13.139
226 9 1 30.635 13.968 30.413 13.102
227 9 1 30.620 13.924 30.398 13.058
228 9 1 30.606 13.879 30.384 13.013
229 9 1 30.591 13.842 30.369 12.977
230 9 1 30.576 13.805 30.354 12.940
231 9 1 30.561 13.761 30.339 12.895
232 9 1 30.546 13.724 30.324 12.858
233 9 1 30.539 13.687 30.317 12.821
234 9 1 30.524 13.657 30.302 12.792
235 9 1 30.509 13.620 30.287 12.755
236 9 1 30.502 13.583 30.280 12.718
237 9 1 30.487 13.546 30.265 12.681
238 9 1 30.480 13.509 30.258 12.644
239 9 1 30.472 13.472 30.250 12.607
240 9 1 30.458 13.435 30.236 12.570
241 9 1 30.450 13.391 30.228 12.525
242 9 1 30.443 13.354 30.221 12.488
243 9 1 30.428 13.310 30.206 12.444
244 9 1 30.421 13.273 30.199 12.407
245 9 1 30.413 13.228 30.191 12.363
246 9 1 30.406 13.184 30.184 12.318
247 9 1 30.398 13.147 30.176 12.281
248 9 1 30.391 13.110 30.169 12.244
249 9 1 30.384 13.073 30.162 12.207
250 9 1 30.376 13.036 30.154 12.170
251 9 1 30.369 12.999 30.147 12.133
252 9 1 30.361 12.991 30.139 12.126
253 9 1 30.354 12.962 30.132 12.096
254 9 1 30.347 12.925 30.125 12.059
255 9 1 30.339 12.888 30.117 12.022
256 9 1 30.324 12.851 30.102 11.986
257 9 1 30.317 12.814 30.095 11.949
258 9 1 30.310 12.777 30.088 11.912
259 9 1 30.302 12.740 30.080 11.875
260 9 1 30.295 12.703 30.073 11.838
261 9 1 30.287 12.658 30.066 11.793
262 9 1 30.280 12.614 30.058 11.749
263 9 1 30.280 12.570 30.058 11.704
264 9 1 30.273 12.525 30.051 11.660
265 9 1 30.265 12.488 30.043 11.623
266 9 1 30.258 12.481 30.036 11.616
267 9 1 30.250 12.444 30.029 11.579
268 9 1 30.243 12.407 30.021 11.542
269 9 1 30.243 12.370 30.021 11.505
270 9 1 30.243 12.333 30.021 11.468
271 9 1 30.236 12.296 30.014 11.431
272 9 1 30.228 12.259 30.007 11.394
273 9 1 30.221 12.251 29.999 11.386
274 9 1 30.221 12.214 29.999 11.349
275 9 1 30.214 12.177 29.992 11.313
276 9 1 30.214 12.140 29.992 11.276
277 9 1 30.206 12.103 29.984 11.239
278 9 1 30.206 12.059 29.984 11.194
279 9 1 30.199 12.015 29.977 11.150
280 9 1 30.199 11.978 29.977 11.113
281 9 1 30.199 11.933 29.977 11.068
282 9 1 30.199 11.896 29.977 11.031
283 9 1 30.199 11.859 29.977 10.994
284 9 1 30.192 11.815 29.970 10.950
285 9 1 30.192 11.778 29.970 10.913
286 9 1 30.184 11.770 29.962 10.906
287 9 1 30.147 11.734 30.007 10.869
288 9 1 30.110 11.697 30.014 10.832
289 9 1 30.110 11.660 30.015 10.795
290 9 1 30.110 11.623 30.015 10.758
291 9 1 30.103 11.586 30.022 10.721
292 9 1 30.081 11.579 30.000 10.713
293 9 1 30.073 11.571 29.992 10.706
294 9 1 30.066 11.564 29.985 10.699
295 9 1 30.237 11.297 29.718 10.537
296 9 1 30.036 11.349 29.918 10.499
297 9 1 30.029 11.342 29.911 10.492
298 9 1 30.021 11.335 29.904 10.485
299 9 1 30.014 11.327 29.896 10.477
300 9 1 30.007 11.320 29.889 10.470
301 9 1 29.999 11.313 29.881 10.462
302 9 1 29.992 11.305 29.874 10.455
303 9 1 29.984 11.298 29.866 10.448
304 9 1 29.977 11.290 29.859 10.440
305 9 1 30.148 10.890 29.703 10.300
306 9 1 29.992 11.009 29.852 10.182
307 9 1 29.985 11.002 29.845 10.174
308 9 1 29.977 10.994 29.837 10.167
309 9 1 29.970 10.987 29.830 10.160
310 9 1 29.962 10.980 29.822 10.152
311 9 1 29.955 10.972 29.815 10.145
312 9 1 29.948 10.965 29.807 10.137
313 9 1 29.940 10.958 29.800 10.130
314 9 1 29.933 10.950 29.793 10.123
315 9 1 29.925 10.943 29.785 10.115
316 9 1 29.918 10.936 29.778 10.108
317 9 1 29.911 10.928 29.770 10.101
318 9 1 30.170 10.594 29.637 9.850
319 9 1 29.985 10.639 29.823 9.820
320 9 1 30.208 10.395 29.548 9.769
321 9 1 29.978 10.595 29.815 9.775
322 9 1 29.970 10.558 29.808 9.738
323 9 1 29.963 10.521 29.801 9.701
324 9 1 29.963 10.484 29.801 9.665
325 9 1 29.963 10.455 29.801 9.635
326 9 1 29.956 10.447 29.793 9.628
327 9 1 29.956 10.418 29.793 9.598
328 9 1 29.956 10.381 29.793 9.561
329 9 1 29.956 10.344 29.793 9.524
330 9 1 29.956 10.300 29.793 9.480
331 9 1 29.948 10.292 29.786 9.472
332 9 1 29.948 10.255 29.786 9.436
333 9 1 29.941 10.218 29.779 9.399
334 9 1 29.934 10.174 29.771 9.354
335 9 1 29.934 10.130 29.771 9.310
336 9 1 29.934 10.085 29.771 9.266
337 9 1 29.926 10.078 29.764 9.258
338 9 1 29.919 10.041 29.757 9.221
339 9 1 29.919 10.011 29.757 9.192
340 9 1 29.919 9.982 29.757 9.162
341 9 1 29.911 9.974 29.749 9.155
342 9 1 29.912 9.938 29.749 9.118
343 9 1 29.926 9.908 29.764 9.089
344 9 1 29.926 9.878 29.764 9.059
345 9 1 29.934 9.841 29.772 9.022
346 9 1 29.934 9.804 29.772 8.985
347 9 1 29.934 9.768 29.772 8.948
348 9 1 29.941 9.731 29.779 8.911
349 9 1 29.941 9.694 29.779 8.874
350 9 1 29.941 9.649 29.779 8.830
351 9 1 29.941 9.612 29.779 8.793
352 9 1 29.942 9.575 29.779 8.756
353 9 1 29.956 9.538 29.794 8.719
354 9 1 29.956 9.509 29.794 8.690
355 9 1 29.956 9.472 29.794 8.653
356 9 1 29.964 9.442 29.802 8.623
357 9 1 29.971 9.413 29.809 8.594
358 9 1 29.971 9.383 29.809 8.564
359 9 1 29.971 9.346 29.809 8.527
360 9 1 29.971 9.317 29.809 8.498
361 9 1 29.971 9.287 29.809 8.468
362 9 1 29.971 9.258 29.809 8.439
363 9 1 29.964 9.250 29.802 8.431
364 9 1 29.964 9.221 29.802 8.402
365 9 1 29.964 9.191 29.802 8.372
366 9 1 29.972 9.162 29.809 8.343
367 9 1 29.972 9.125 29.809 8.306
368 9 1 29.964 9.118 29.802 8.299
369 9 1 29.964 9.088 29.802 8.269
370 9 1 29.964 9.051 29.802 8.232
371 9 1 29.964 9.014 29.802 8.195
372 9 1 29.957 8.977 29.795 8.158
373 9 1 29.957 8.948 29.795 8.129
374 9 1 29.950 8.940 29.787 8.122
375 9 1 29.950 8.911 29.787 8.092
376 9 1 29.942 8.881 29.780 8.063
377 9 1 29.942 8.852 29.780 8.033
378 9 1 29.942 8.822 29.780 8.004
379 9 1 29.935 8.785 29.773 7.967
380 9 1 29.927 8.778 29.765 7.959
381 9 1 29.928 8.756 29.765 7.937
382 9 1 29.928 8.719 29.765 7.900
383 9 1 29.928 8.689 29.765 7.871
384 9 1 29.928 8.653 29.765 7.834
385 9 1 29.942 8.608 29.780 7.790
386 9 1 29.935 8.571 29.773 7.753
387 9 1 29.928 8.564 29.766 7.745
388 9 1 29.928 8.520 29.766 7.701
389 9 1 30.261 8.312 29.633 7.377
390 9 1 29.920 8.483 29.758 7.664
391 9 1 29.920 8.424 29.758 7.605
392 9 1 30.284 8.017 29.729 7.340
393 9 1 30.091 8.084 29.907 7.281
394 9 1 30.091 8.055 29.907 7.251
395 9 1 30.091 8.018 29.907 7.214
396 9 1 30.091 7.988 29.907 7.185
397 9 1 30.084 7.959 29.899 7.156
398 9 1 30.084 7.922 29.900 7.119
399 9 1 30.077 7.892 29.892 7.089
400 9 1 30.077 7.856 29.892 7.052
401 9 1 30.069 7.826 29.885 7.023
402 9 1 30.069 7.789 29.885 6.986
403 9 1 30.062 7.752 29.877 6.949
404 9 1 30.062 7.716 29.878 6.912
405 9 1 30.055 7.679 29.870 6.876
406 9 1 30.047 7.649 29.863 6.846
407 9 1 30.040 7.612 29.855 6.809
408 9 1 30.040 7.583 29.855 6.780
409 9 1 30.032 7.553 29.848 6.750
410 9 1 30.032 7.524 29.848 6.721
411 9 1 30.025 7.494 29.841 6.691
412 9 1 30.018 7.465 29.833 6.662
413 9 1 30.018 7.443 29.833 6.640
414 9 1 30.010 7.413 29.826 6.610
415 9 1 30.010 7.384 29.826 6.581
416 9 1 30.010 7.354 29.826 6.551
417 9 1 30.010 7.325 29.826 6.522
418 9 1 30.010 7.295 29.826 6.493
419 9 1 30.010 7.266 29.826 6.463
420 9 1 30.010 7.229 29.826 6.426
421 9 1 30.011 7.200 29.826 6.397
422 9 1 30.011 7.163 29.826 6.360
423 9 1 30.011 7.133 29.826 6.331
424 9 1 30.011 7.096 29.826 6.294
425 9 1 30.011 7.067 29.826 6.264
426 9 1 30.011 7.038 29.826 6.235
427 9 1 30.011 7.008 29.826 6.205
428 9 1 30.011 6.979 29.826 6.176
429 9 1 30.011 6.949 29.826 6.146
430 9 1 30.018 6.920 29.834 6.117
431 9 1 30.018 6.890 29.834 6.088
432 9 1 30.018 6.861 29.834 6.058
433 9 1 30.011 6.853 29.827 6.051
434 9 1 30.011 6.824 29.827 6.021
435 9 1 30.011 6.794 29.827 5.992
436 9 1 30.011 6.765 29.827 5.962
437 9 1 30.011 6.735 29.827 5.933
438 9 1 30.011 6.699 29.827 5.896
439 9 1 30.011 6.669 29.827 5.867
440 9 1 30.011 6.632 29.827 5.830
441 9 1 30.011 6.596 29.827 5.793
442 9 1 30.011 6.559 29.827 5.756
443 9 1 30.011 6.522 29.827 5.720
444 9 1 30.011 6.485 29.827 5.683
445 9 1 30.011 6.456 29.827 5.653
446 9 1 30.004 6.426 29.820 5.624
447 9 1 30.004 6.397 29.820 5.594
448 9 1 30.004 6.367 29.820 5.565
449 9 1 30.004 6.338 29.820 5.536
450 9 1 29.997 6.308 29.812 5.506
451 9 1 29.997 6.286 29.812 5.484
452 9 1 29.989 6.279 29.805 5.477
453 9 1 29.989 6.257 29.805 5.455
454 9 1 29.989 6.227 29.805 5.425
455 9 1 29.989 6.198 29.805 5.396
456 9 1 29.989 6.161 29.805 5.359
457 9 1 29.997 6.132 29.813 5.330
458 9 1 29.997 6.102 29.813 5.300
459 9 1 30.004 6.073 29.820 5.271
460 9 1 30.004 6.043 29.820 5.241
461 9 1 30.012 6.007 29.827 5.204
462 9 1 30.012 5.977 29.827 5.175
463 9 1 30.012 5.948 29.827 5.146
464 9 1 30.019 5.918 29.835 5.116
465 9 1 30.027 5.889 29.842 5.087
466 9 1 30.034 5.859 29.850 5.057
467 9 1 30.041 5.830 29.857 5.028
468 9 1 30.049 5.800 29.865 4.999
469 9 1 30.056 5.778 29.872 4.976
470 9 1 30.064 5.749 29.879 4.947
471 9 1 30.056 5.742 29.872 4.940
472 9 1 30.056 5.719 29.872 4.918
473 9 1 30.064 5.697 29.880 4.896
474 9 1 30.064 5.668 29.880 4.866
475 9 1 30.071 5.639 29.887 4.837
476 9 1 30.079 5.616 29.894 4.815
477 9 1 30.079 5.580 29.894 4.778
478 9 1 30.079 5.550 29.894 4.749
479 9 1 30.086 5.513 29.902 4.712
480 9 1 30.094 5.484 29.909 4.682
481 9 1 30.101 5.447 29.917 4.646
482 9 1 30.108 5.418 29.924 4.616
483 9 1 30.116 5.388 29.932 4.587
484 9 1 30.116 5.359 29.932 4.557
485 9 1 30.116 5.330 29.932 4.528
486 9 1 30.116 5.308 29.932 4.506
487 9 1 30.116 5.278 29.932 4.477
488 9 1 30.109 5.256 29.924 4.455
489 9 1 30.101 5.249 29.917 4.447
490 9 1 30.101 5.227 29.917 4.425
491 9 1 30.101 5.205 29.917 4.403
492 9 1 30.101 5.182 29.917 4.381
493 9 1 30.101 5.153 29.917 4.352
494 9 1 30.101 5.131 29.917 4.330
495 9 1 30.109 5.102 29.925 4.300
496 9 1 30.116 5.080 29.932 4.278
497 9 1 30.124 5.050 29.939 4.249
498 9 1 30.131 5.021 29.947 4.219
499 9 1 30.138 4.991 29.954 4.190
500 9 1 30.146 4.962 29.962 4.161
501 9 1 30.138 4.955 29.954 4.153
502 9 1 30.146 4.925 29.962 4.124
503 9 1 30.153 4.888 29.969 4.087
504 9 1 30.146 4.881 29.962 4.080
505 9 1 30.153 4.844 29.969 4.043
506 9 1 30.146 4.837 29.962 4.036
507 9 1 30.153 4.808 29.969 4.006
508 9 1 30.146 4.800 29.962 3.999
509 9 1 30.153 4.785 29.969 3.984
510 9 1 30.146 4.778 29.962 3.977
511 9 1 30.153 4.763 29.969 3.962
512 9 1 30.161 4.741 29.977 3.940
513 9 1 30.161 4.727 29.977 3.926
514 9 1 30.168 4.705 29.984 3.903
515 9 1 30.168 4.683 29.984 3.881
516 9 1 30.176 4.661 29.992 3.859
517 9 1 30.168 4.653 29.984 3.852
518 9 1 30.168 4.624 29.984 3.823
519 9 1 30.168 4.580 29.984 3.779
520 9 1 30.176 4.536 29.992 3.735
521 9 1 30.168 4.528 29.984 3.727
522 9 1 30.176 4.484 29.992 3.683
523 9 1 30.168 4.477 29.984 3.676
524 9 1 30.176 4.418 29.992 3.617
525 9 1 30.176 4.359 29.992 3.558
526 9 1 30.169 4.352 29.984 3.551
527 9 1 30.169 4.337 29.984 3.536
528 9 1 30.597 4.007 30.051 3.301
529 9 1 30.420 4.051 30.221 3.258
530 9 1 30.413 4.029 30.214 3.236
531 9 1 30.413 4.007 30.214 3.214
532 9 1 30.405 3.985 30.206 3.192
533 9 1 30.398 3.955 30.199 3.162
534 9 1 30.398 3.926 30.199 3.133
535 9 1 30.398 3.911 30.199 3.118
536 9 1 30.398 3.882 30.199 3.089
537 9 1 30.398 3.867 30.199 3.074
538 9 1 30.405 3.838 30.207 3.045
539 9 1 30.405 3.809 30.207 3.015
540 9 1 30.413 3.779 30.214 2.986
541 9 1 30.413 3.764 30.214 2.971
542 9 1 30.420 3.735 30.221 2.942
543 9 1 30.420 3.720 30.221 2.927
544 9 1 30.420 3.706 30.221 2.913
545 9 1 30.420 3.676 30.222 2.883
546 9 1 30.428 3.662 30.229 2.869
547 9 1 30.435 3.632 30.236 2.839
548 9 1 30.435 3.618 30.236 2.825
115 10 2 44.644 10.518 42.144 9.378
116 10 2 44.709 10.547 42.086 9.356
117 10 2 44.600 10.541 41.977 9.349
118 10 2 44.477 10.534 41.853 9.342
119 10 2 44.324 10.512 41.700 9.321
120 10 2 44.186 10.491 41.561 9.299
121 10 2 44.048 10.455 41.423 9.263
122 10 2 43.910 10.448 41.284 9.256
123 10 2 43.772 10.427 41.146 9.235
124 10 2 43.648 10.405 41.022 9.213
125 10 2 43.510 10.384 40.883 9.191
126 10 2 43.372 10.377 40.744 9.184
127 10 2 43.234 10.355 40.606 9.163
128 10 2 42.942 10.247 41.016 9.491
129 10 2 42.986 10.276 40.964 9.462
130 10 2 42.848 10.254 40.826 9.441
131 10 2 42.724 10.233 40.702 9.419
132 10 2 42.403 10.212 40.644 9.558
133 10 2 42.513 10.263 40.578 9.507
134 10 2 42.382 10.241 40.446 9.486
135 10 2 41.996 10.228 40.081 9.428
136 10 2 41.828 10.148 40.133 9.479
137 10 2 41.937 10.184 40.037 9.443
138 10 2 41.791 10.170 39.891 9.429
139 10 2 41.667 10.156 39.767 9.414
140 10 2 41.405 10.091 39.526 9.400
141 10 2 41.427 10.098 39.526 9.371
142 10 2 41.295 10.076 39.394 9.349
143 10 2 41.157 10.062 39.255 9.335
144 10 2 40.843 9.983 39.065 9.292
145 10 2 40.930 10.004 39.043 9.292
146 10 2 40.806 9.983 38.919 9.270
147 10 2 40.660 9.947 38.772 9.234
148 10 2 40.368 9.852 38.545 9.212
149 10 2 40.404 9.889 38.523 9.183
150 10 2 40.266 9.867 38.384 9.161
151 10 2 40.141 9.846 38.259 9.140
152 10 2 39.929 9.795 37.952 9.111
153 10 2 39.893 9.810 38.018 9.111
154 10 2 39.761 9.788 37.886 9.089
155 10 2 39.630 9.767 37.754 9.068
156 10 2 39.410 9.709 37.482 8.966
157 10 2 39.395 9.709 37.519 9.010
158 10 2 39.271 9.687 37.395 8.988
159 10 2 39.132 9.651 37.255 8.951
160 10 2 38.905 9.593 37.013 8.908
161 10 2 38.905 9.607 37.028 8.908
162 10 2 38.458 9.535 36.653 8.733
163 10 2 38.495 9.491 36.624 8.784
164 10 2 38.334 9.477 36.492 8.799
165 10 2 38.363 9.492 36.499 8.792
166 10 2 38.239 9.470 36.374 8.770
167 10 2 38.107 9.441 36.242 8.741
168 10 2 37.769 9.347 36.095 8.661
169 10 2 37.872 9.354 36.036 8.661
170 10 2 37.755 9.325 35.919 8.632
171 10 2 37.615 9.296 35.779 8.602
172 10 2 37.388 9.267 35.566 8.566
173 10 2 37.417 9.267 35.595 8.581
174 10 2 37.293 9.245 35.470 8.559
175 10 2 37.161 9.216 35.338 8.530
176 10 2 36.683 9.129 34.889 8.391
177 10 2 36.771 9.114 34.956 8.428
178 10 2 36.647 9.085 34.831 8.399
179 10 2 36.522 9.064 34.705 8.377
180 10 2 36.243 8.969 34.911 8.332
181 10 2 36.382 9.035 34.566 8.348
182 10 2 36.257 9.013 34.440 8.326
183 10 2 36.140 8.976 34.323 8.290
184 10 2 36.015 8.969 34.197 8.282
185 10 2 35.875 8.940 34.057 8.253
186 10 2 35.750 8.904 33.932 8.217
187 10 2 35.618 8.882 33.800 8.195
188 10 2 35.493 8.868 33.674 8.180
189 10 2 35.353 8.831 33.534 8.144
190 10 2 35.228 8.810 33.409 8.122
191 10 2 35.111 8.780 33.291 8.093
192 10 2 34.985 8.744 33.166 8.056
193 10 2 34.860 8.737 33.040 8.049
194 10 2 34.728 8.708 32.908 8.020
195 10 2 34.588 8.671 32.767 7.983
196 10 2 34.463 8.664 32.642 7.976
197 10 2 34.345 8.650 32.524 7.962
198 10 2 34.220 8.613 32.398 7.925
199 10 2 34.080 8.606 32.258 7.918
200 10 2 33.955 8.577 32.133 7.889
201 10 2 33.837 8.555 32.014 7.867
202 10 2 33.697 8.548 31.874 7.860
203 10 2 33.571 8.534 31.748 7.845
204 10 2 33.439 8.512 31.615 7.824
205 10 2 33.313 8.490 31.490 7.802
206 10 2 33.188 8.476 31.364 7.787
207 10 2 33.070 8.461 31.246 7.773
208 10 2 32.930 8.447 31.105 7.758
209 10 2 32.812 8.432 30.987 7.744
210 10 2 32.686 8.418 30.861 7.729
211 10 2 32.546 8.404 30.721 7.714
212 10 2 32.428 8.389 30.602 7.700
213 10 2 32.310 8.375 30.484 7.685
214 10 2 32.184 8.360 30.358 7.671
215 10 2 32.044 8.360 30.217 7.671
216 10 2 31.926 8.346 30.099 7.656
217 10 2 31.800 8.346 29.973 7.657
218 10 2 31.660 8.346 29.832 7.657
219 10 2 31.541 8.347 29.714 7.657
220 10 2 31.416 8.332 29.588 7.643
221 10 2 31.290 8.340 29.462 7.650
222 10 2 31.157 8.348 29.328 7.658
223 10 2 31.016 8.348 29.187 7.658
224 10 2 30.891 8.348 29.061 7.658
225 10 2 30.772 8.348 28.943 7.658
226 10 2 30.646 8.349 28.817 7.658
227 10 2 30.506 8.349 28.676 7.659
228 10 2 30.380 8.349 28.549 7.659
229 10 2 30.254 8.357 28.423 7.666
230 10 2 30.121 8.364 28.289 7.674
231 10 2 29.995 8.357 28.163 7.667
232 10 2 29.869 8.372 28.037 7.682
233 10 2 29.735 8.387 27.903 7.697
234 10 2 29.609 8.388 27.777 7.697
235 10 2 29.490 8.410 27.658 7.719
236 10 2 29.350 8.425 27.517 7.734
237 10 2 29.223 8.425 27.390 7.735
238 10 2 29.090 8.448 27.256 7.757
239 10 2 28.964 8.463 27.130 7.772
240 10 2 28.838 8.470 27.003 7.779
241 10 2 28.719 8.493 26.884 7.802
242 10 2 28.578 8.515 26.743 7.824
243 10 2 28.451 8.523 26.616 7.832
244 10 2 28.325 8.545 26.489 7.854
245 10 2 28.191 8.568 26.355 7.877
246 10 2 28.065 8.590 26.229 7.899
247 10 2 27.946 8.605 26.109 7.914
248 10 2 27.805 8.628 25.968 7.937
249 10 2 27.678 8.650 25.841 7.959
250 10 2 27.544 8.673 25.707 7.981
251 10 2 27.418 8.695 25.580 8.004
252 10 2 27.299 8.718 25.461 8.026
253 10 2 27.172 8.740 25.334 8.049
254 10 2 27.053 8.763 25.214 8.071
255 10 2 26.912 8.785 25.072 8.094
256 10 2 26.539 8.853 25.050 8.219
257 10 2 26.755 8.889 24.923 8.197
258 10 2 26.628 8.897 24.796 8.205
259 10 2 26.501 8.934 24.669 8.242
260 10 2 26.330 9.016 24.392 8.258
261 10 2 26.308 8.994 24.482 8.302
262 10 2 26.173 9.024 24.347 8.332
263 10 2 26.054 9.054 24.227 8.362
264 10 2 25.562 9.107 23.861 8.407
265 10 2 25.674 9.099 23.861 8.407
266 10 2 25.554 9.114 23.741 8.422
267 10 2 25.412 9.144 23.599 8.452
268 10 2 25.151 9.278 23.434 8.452
269 10 2 25.203 9.212 23.397 8.519
270 10 2 25.076 9.227 23.269 8.534
271 10 2 24.956 9.264 23.150 8.572
272 10 2 24.635 9.376 22.932 8.594
273 10 2 24.725 9.324 22.925 8.631
274 10 2 24.597 9.354 22.797 8.661
275 10 2 24.470 9.384 22.670 8.691
276 10 2 24.156 9.452 22.430 8.692
277 10 2 24.201 9.422 22.407 8.729
278 10 2 24.074 9.452 22.280 8.759
279 10 2 23.939 9.475 22.145 8.782
280 10 2 23.684 9.601 21.949 8.834
281 10 2 23.722 9.557 21.934 8.864
282 10 2 23.602 9.572 21.814 8.879
283 10 2 23.482 9.609 21.694 8.916
284 10 2 23.197 9.685 21.454 8.917
285 10 2 23.235 9.640 21.454 8.947
286 10 2 23.107 9.670 21.326 8.977
287 10 2 22.987 9.700 21.206 9.007
288 10 2 22.627 9.813 21.101 8.962
289 10 2 22.755 9.745 20.980 9.052
290 10 2 22.635 9.761 20.860 9.067
291 10 2 22.507 9.791 20.732 9.097
292 10 2 22.162 9.896 20.567 9.083
293 10 2 22.275 9.866 20.506 9.172
294 10 2 22.162 9.873 20.393 9.180
295 10 2 22.034 9.911 20.265 9.217
296 10 2 21.696 9.986 20.024 9.218
297 10 2 21.764 9.934 20.002 9.240
298 10 2 21.629 9.979 19.866 9.285
299 10 2 21.508 10.009 19.745 9.316
300 10 2 21.170 10.152 19.573 9.145
301 10 2 21.261 10.003 19.505 9.301
302 10 2 21.148 10.033 19.392 9.331
303 10 2 21.005 10.078 19.248 9.376
304 10 2 20.748 10.265 19.173 9.421
305 10 2 20.839 10.183 19.089 9.481
306 10 2 20.733 10.205 18.984 9.504
307 10 2 20.605 10.258 18.855 9.556
308 10 2 20.228 10.438 18.689 9.587
309 10 2 20.357 10.341 18.613 9.639
310 10 2 20.221 10.408 18.477 9.706
311 10 2 20.108 10.446 18.364 9.744
312 10 2 19.820 10.678 18.266 9.700
313 10 2 19.911 10.536 18.175 9.834
314 10 2 19.806 10.596 18.069 9.894
315 10 2 19.458 10.806 17.727 10.104
316 10 2 19.579 10.708 17.849 10.006
317 10 2 19.473 10.776 17.743 10.074
318 10 2 19.511 10.739 17.796 10.036
319 10 2 19.254 10.904 17.538 10.201
320 10 2 19.155 10.986 17.439 10.284
321 10 2 19.042 11.076 17.333 10.374
322 10 2 18.958 11.128 17.249 10.426
323 10 2 18.860 11.196 17.150 10.494
324 10 2 18.761 11.271 17.059 10.569
325 10 2 18.670 11.353 16.968 10.651
326 10 2 18.579 11.443 16.876 10.741
327 10 2 18.488 11.526 16.785 10.824
328 10 2 18.397 11.616 16.694 10.914
329 10 2 18.306 11.706 16.602 11.004
330 10 2 18.214 11.796 16.511 11.094
331 10 2 18.138 11.886 16.434 11.184
332 10 2 18.062 11.983 16.358 11.281
333 10 2 17.986 12.088 16.281 11.393
334 10 2 17.947 12.185 16.243 11.491
335 10 2 17.901 12.275 16.204 11.581
336 10 2 17.863 12.373 16.173 11.678
337 10 2 17.824 12.477 16.142 11.783
338 10 2 17.786 12.582 16.111 11.888
339 10 2 17.755 12.687 16.087 11.993
340 10 2 17.709 12.792 16.049 12.097
341 10 2 17.670 12.904 16.017 12.210
342 10 2 17.632 13.002 15.986 12.307
343 10 2 17.601 13.107 15.963 12.412
344 10 2 17.570 13.182 15.940 12.487
345 10 2 17.539 13.287 15.916 12.592
346 10 2 17.501 13.384 15.885 12.689
347 10 2 17.682 13.375 16.074 12.681
348 10 2 17.629 13.443 16.028 12.756
349 10 2 17.644 13.383 16.052 12.696
350 10 2 17.584 13.384 15.999 12.696
351 10 2 17.697 13.368 16.120 12.688
352 10 2 17.697 13.443 16.127 12.763
353 10 2 17.666 13.525 16.104 12.845
354 10 2 17.627 13.623 16.072 12.943
355 10 2 17.628 13.570 16.080 12.891
356 10 2 17.711 13.562 16.171 12.883
357 10 2 17.704 13.570 16.171 12.897
358 10 2 17.696 13.570 16.171 12.897
359 10 2 17.688 13.570 16.171 12.897
360 10 2 17.681 13.563 16.171 12.890
361 10 2 17.681 13.570 16.179 12.897
362 10 2 17.673 13.570 16.179 12.897
363 10 2 17.673 13.570 16.186 12.897
364 10 2 17.666 13.570 16.186 12.897
365 10 2 17.666 13.570 16.194 12.897
366 10 2 17.658 13.570 16.194 12.897
367 10 2 17.658 13.570 16.202 12.897
368 10 2 17.651 13.570 16.202 12.897
369 10 2 17.651 13.570 16.209 12.897
370 10 2 17.643 13.570 16.209 12.897
371 10 2 17.643 13.570 16.209 12.897
372 10 2 17.635 13.570 16.209 12.897
373 10 2 17.628 13.570 16.209 12.897
374 10 2 17.628 13.570 16.217 12.897
375 10 2 17.620 13.570 16.209 12.897
376 10 2 17.628 13.570 16.217 12.897
377 10 2 17.628 13.585 16.217 12.912
378 10 2 17.628 13.585 16.224 12.912
379 10 2 17.620 13.585 16.217 12.912
380 10 2 17.620 13.585 16.217 12.912
381 10 2 17.620 13.585 16.217 12.912
382 10 2 17.620 13.585 16.217 12.912
383 10 2 17.620 13.585 16.217 12.912
384 10 2 17.620 13.585 16.217 12.912
385 10 2 17.620 13.585 16.217 12.912
386 10 2 17.620 13.585 16.217 12.912
387 10 2 17.620 13.585 16.217 12.912
388 10 2 17.613 13.585 16.209 12.912
389 10 2 17.613 13.585 16.217 12.912
390 10 2 17.605 13.585 16.209 12.912
391 10 2 17.613 13.585 16.217 12.912
392 10 2 17.613 13.585 16.217 12.912
393 10 2 17.613 13.585 16.217 12.912
394 10 2 17.613 13.585 16.217 12.912
395 10 2 17.613 13.585 16.217 12.912
396 10 2 17.605 13.585 16.209 12.912
397 10 2 17.613 13.585 16.217 12.912
398 10 2 17.613 13.585 16.217 12.912
399 10 2 17.613 13.585 16.217 12.912
400 10 2 17.613 13.585 16.217 12.912
401 10 2 17.613 13.585 16.217 12.912
402 10 2 17.605 13.585 16.209 12.912
403 10 2 17.613 13.585 16.217 12.912
404 10 2 17.597 13.585 16.209 12.912
405 10 2 17.597 13.585 16.209 12.912
406 10 2 17.605 13.585 16.217 12.912
407 10 2 17.605 13.585 16.217 12.912
408 10 2 17.605 13.585 16.217 12.912
409 10 2 17.605 13.585 16.217 12.912
410 10 2 17.605 13.585 16.217 12.912
411 10 2 17.605 13.585 16.217 12.912
412 10 2 17.605 13.585 16.217 12.912
413 10 2 17.605 13.585 16.217 12.912
414 10 2 17.605 13.585 16.217 12.912
415 10 2 17.597 13.585 16.217 12.912
416 10 2 17.597 13.585 16.217 12.912
417 10 2 17.590 13.586 16.209 12.912
418 10 2 17.597 13.585 16.217 12.912
419 10 2 17.597 13.585 16.217 12.912
420 10 2 17.597 13.585 16.224 12.912
421 10 2 17.590 13.586 16.217 12.912
422 10 2 17.590 13.586 16.217 12.912
423 10 2 17.590 13.586 16.217 12.912
424 10 2 17.590 13.586 16.217 12.912
425 10 2 17.590 13.586 16.217 12.912
426 10 2 17.590 13.586 16.217 12.912
427 10 2 17.590 13.586 16.217 12.912
428 10 2 17.590 13.586 16.217 12.912
429 10 2 17.590 13.586 16.217 12.912
430 10 2 17.590 13.586 16.217 12.912
431 10 2 17.590 13.586 16.217 12.912
432 10 2 17.590 13.586 16.217 12.912
433 10 2 17.590 13.586 16.217 12.912
434 10 2 17.590 13.586 16.217 12.912
435 10 2 17.590 13.586 16.217 12.912
436 10 2 17.590 13.586 16.217 12.912
437 10 2 17.590 13.586 16.217 12.912
438 10 2 17.590 13.586 16.217 12.912
439 10 2 17.590 13.586 16.217 12.912
440 10 2 17.590 13.586 16.217 12.912
441 10 2 17.590 13.586 16.217 12.912
442 10 2 17.590 13.586 16.217 12.912
443 10 2 17.590 13.586 16.217 12.912
444 10 2 17.590 13.586 16.217 12.912
445 10 2 17.590 13.586 16.217 12.912
446 10 2 17.590 13.586 16.217 12.912
447 10 2 17.590 13.586 16.217 12.912
448 10 2 17.590 13.586 16.217 12.912
449 10 2 17.590 13.586 16.217 12.912
450 10 2 17.590 13.586 16.217 12.912
451 10 2 17.590 13.586 16.217 12.912
452 10 2 17.590 13.586 16.217 12.912
453 10 2 17.590 13.586 16.217 12.912
454 10 2 17.590 13.586 16.217 12.912
455 10 2 17.582 13.586 16.217 12.912
456 10 2 17.582 13.586 16.217 12.912
457 10 2 17.582 13.586 16.217 12.912
458 10 2 17.582 13.586 16.217 12.912
459 10 2 17.575 13.586 16.209 12.912
460 10 2 17.567 13.586 16.209 12.912
461 10 2 17.567 13.586 16.217 12.912
462 10 2 17.567 13.586 16.217 12.912
463 10 2 17.567 13.586 16.217 12.912
464 10 2 17.567 13.586 16.217 12.912
465 10 2 17.560 13.586 16.209 12.912
466 10 2 17.567 13.586 16.217 12.912
467 10 2 17.567 13.586 16.217 12.912
468 10 2 17.560 13.586 16.217 12.912
469 10 2 17.552 13.586 16.217 12.912
470 10 2 17.552 13.586 16.217 12.912
471 10 2 17.545 13.586 16.217 12.912
472 10 2 17.545 13.586 16.217 12.912
473 10 2 17.545 13.586 16.217 12.912
474 10 2 17.545 13.586 16.217 12.912
475 10 2 17.545 13.586 16.217 12.912
476 10 2 17.545 13.586 16.217 12.912
477 10 2 17.545 13.586 16.217 12.912
478 10 2 17.545 13.586 16.217 12.912
479 10 2 17.545 13.586 16.217 12.912
480 10 2 17.545 13.586 16.217 12.912
481 10 2 17.545 13.586 16.217 12.912
482 10 2 17.545 13.586 16.217 12.912
483 10 2 17.545 13.586 16.217 12.912
484 10 2 17.545 13.586 16.217 12.912
485 10 2 17.545 13.586 16.217 12.912
486 10 2 17.545 13.586 16.217 12.912
487 10 2 17.545 13.586 16.217 12.912
488 10 2 17.545 13.586 16.217 12.912
489 10 2 17.545 13.586 16.217 12.912
490 10 2 17.545 13.586 16.217 12.912
491 10 2 17.545 13.586 16.217 12.912
492 10 2 17.545 13.586 16.217 12.912
493 10 2 17.537 13.586 16.217 12.912
494 10 2 17.537 13.586 16.217 12.912
495 10 2 17.529 13.586 16.217 12.912
496 10 2 17.529 13.586 16.217 12.912
497 10 2 17.529 13.586 16.217 12.912
498 10 2 17.529 13.586 16.217 12.912
499 10 2 17.529 13.586 16.217 12.912
500 10 2 17.529 13.586 16.217 12.912
501 10 2 17.529 13.586 16.217 12.912
502 10 2 17.529 13.586 16.217 12.912
503 10 2 17.529 13.586 16.217 12.912
504 10 2 17.529 13.586 16.217 12.912
505 10 2 17.529 13.586 16.217 12.912
506 10 2 17.529 13.586 16.217 12.912
507 10 2 17.529 13.578 16.217 12.905
508 10 2 17.529 13.571 16.217 12.897
509 10 2 17.529 13.571 16.217 12.897
510 10 2 17.529 13.571 16.217 12.897
511 10 2 17.529 13.571 16.217 12.897
512 10 2 17.529 13.571 16.217 12.897
513 10 2 17.529 13.571 16.217 12.897
514 10 2 17.529 13.571 16.217 12.897
515 10 2 17.529 13.571 16.217 12.897
516 10 2 17.529 13.571 16.217 12.897
517 10 2 17.529 13.571 16.217 12.897
518 10 2 17.529 13.571 16.217 12.897
519 10 2 17.529 13.571 16.217 12.897
520 10 2 17.529 13.571 16.217 12.897
521 10 2 17.522 13.571 16.217 12.897
522 10 2 17.529 13.571 16.224 12.897
523 10 2 17.529 13.571 16.224 12.897
524 10 2 17.529 13.571 16.224 12.897
525 10 2 17.529 13.571 16.224 12.897
526 10 2 17.529 13.571 16.224 12.897
527 10 2 17.530 13.563 16.224 12.890
528 10 2 17.522 13.556 16.217 12.882
529 10 2 17.530 13.556 16.224 12.882
530 10 2 17.530 13.556 16.224 12.882
531 10 2 17.530 13.556 16.224 12.882
532 10 2 17.530 13.556 16.224 12.882
533 10 2 17.530 13.556 16.224 12.882
534 10 2 17.522 13.556 16.217 12.882
535 10 2 17.530 13.556 16.224 12.882
536 10 2 17.530 13.556 16.224 12.882
537 10 2 17.530 13.556 16.224 12.882
538 10 2 17.530 13.556 16.224 12.882
539 10 2 17.530 13.556 16.224 12.882
540 10 2 17.522 13.556 16.217 12.882
541 10 2 17.530 13.556 16.224 12.882
542 10 2 17.530 13.556 16.224 12.882
543 10 2 17.530 13.556 16.224 12.882
544 10 2 17.530 13.556 16.224 12.882
545 10 2 17.530 13.556 16.224 12.882
546 10 2 17.522 13.556 16.217 12.882
547 10 2 17.530 13.556 16.224 12.882
548 10 2 17.530 13.556 16.224 12.882
129 11 2 44.556 9.262 42.577 8.521
130 11 2 44.426 9.247 42.446 8.507
131 11 2 44.295 9.233 42.315 8.493
132 11 2 44.164 9.248 42.278 8.471
133 11 2 44.164 9.241 42.271 8.471
134 11 2 44.041 9.219 42.147 8.449
135 11 2 43.605 9.199 41.674 8.421
136 11 2 43.423 9.089 41.899 8.362
137 11 2 43.568 9.104 41.746 8.348
138 11 2 43.445 9.082 41.622 8.326
139 11 2 43.306 9.060 41.484 8.304
140 11 2 43.059 9.017 41.105 8.283
141 11 2 43.008 9.025 41.163 8.276
142 11 2 42.877 9.010 41.032 8.261
143 11 2 42.732 8.982 40.886 8.232
144 11 2 42.528 9.019 40.565 8.182
145 11 2 42.477 8.975 40.624 8.218
146 11 2 42.353 8.953 40.500 8.197
147 11 2 42.200 8.932 40.346 8.175
148 11 2 42.099 8.925 40.098 8.073
149 11 2 42.033 8.881 40.164 8.117
150 11 2 41.909 8.867 40.040 8.102
151 11 2 41.770 8.838 39.901 8.073
152 11 2 41.632 8.765 39.572 8.059
153 11 2 41.552 8.787 39.660 8.030
154 11 2 41.421 8.765 39.528 8.008
155 11 2 41.289 8.758 39.397 8.001
156 11 2 40.998 8.700 38.995 8.002
157 11 2 40.954 8.723 39.053 7.972
158 11 2 40.830 8.708 38.929 7.958
159 11 2 40.691 8.694 38.790 7.943
160 11 2 40.567 8.680 38.665 7.929
161 11 2 40.428 8.651 38.526 7.900
162 11 2 40.092 8.505 38.255 7.790
163 11 2 40.114 8.519 38.226 7.783
164 11 2 40.041 8.549 38.073 7.835
165 11 2 39.997 8.556 38.109 7.827
166 11 2 39.873 8.535 37.985 7.806
167 11 2 39.735 8.528 37.846 7.798
168 11 2 39.654 8.491 37.589 7.799
169 11 2 39.566 8.506 37.670 7.784
170 11 2 39.435 8.492 37.538 7.770
171 11 2 39.303 8.477 37.406 7.755
172 11 2 39.172 8.463 37.274 7.741
173 11 2 39.055 8.448 37.157 7.726
174 11 2 38.923 8.434 37.025 7.712
175 11 2 38.791 8.420 36.893 7.697
176 11 2 38.382 8.406 36.445 7.676
177 11 2 38.367 8.399 36.467 7.676
178 11 2 38.250 8.384 36.350 7.662
179 11 2 38.118 8.384 36.218 7.662
180 11 2 38.022 8.231 36.130 7.530
181 11 2 38.023 8.245 36.130 7.530
182 11 2 37.898 8.238 36.005 7.523
183 11 2 37.759 8.231 35.865 7.515
184 11 2 37.634 8.224 35.740 7.508
185 11 2 37.495 8.217 35.601 7.501
186 11 2 37.371 8.195 35.476 7.479
187 11 2 37.231 8.203 35.336 7.487
188 11 2 37.107 8.196 35.211 7.480
189 11 2 36.967 8.189 35.072 7.473
190 11 2 36.843 8.167 34.947 7.451
191 11 2 36.703 8.160 34.807 7.444
192 11 2 36.579 8.153 34.682 7.436
193 11 2 36.439 8.146 34.542 7.429
194 11 2 36.300 8.124 34.403 7.407
195 11 2 36.160 8.132 34.263 7.415
196 11 2 36.035 8.110 34.138 7.393
197 11 2 35.896 8.103 33.998 7.386
198 11 2 35.771 8.096 33.873 7.379
199 11 2 35.631 8.089 33.733 7.372
200 11 2 35.506 8.081 33.607 7.364
201 11 2 35.367 8.074 33.467 7.357
202 11 2 35.242 8.067 33.342 7.350
203 11 2 35.102 8.060 33.202 7.343
204 11 2 34.977 8.053 33.077 7.336
205 11 2 34.852 8.046 32.951 7.328
206 11 2 34.727 8.039 32.826 7.321
207 11 2 34.587 8.032 32.686 7.314
208 11 2 34.433 7.944 32.472 7.285
209 11 2 34.403 7.973 32.501 7.263
210 11 2 34.278 7.973 32.376 7.263
211 11 2 34.168 7.974 32.265 7.263
212 11 2 34.028 7.959 32.125 7.249
213 11 2 33.917 7.974 32.014 7.263
214 11 2 33.792 7.960 31.889 7.249
215 11 2 33.682 7.960 31.778 7.249
216 11 2 33.556 7.960 31.652 7.249
217 11 2 33.431 7.960 31.527 7.249
218 11 2 33.306 7.960 31.401 7.249
219 11 2 33.195 7.961 31.290 7.250
220 11 2 33.084 7.961 31.180 7.250
221 11 2 32.974 7.961 31.069 7.250
222 11 2 32.863 7.961 30.958 7.250
223 11 2 32.753 7.961 30.847 7.250
224 11 2 32.642 7.962 30.736 7.250
225 11 2 32.531 7.962 30.625 7.250
226 11 2 32.420 7.962 30.514 7.251
227 11 2 32.325 7.962 30.418 7.251
228 11 2 32.199 7.962 30.292 7.251
229 11 2 32.088 7.963 30.181 7.251
230 11 2 31.977 7.978 30.070 7.266
231 11 2 31.867 7.963 29.959 7.251
232 11 2 31.756 7.978 29.848 7.266
233 11 2 31.645 7.963 29.736 7.252
234 11 2 31.534 7.978 29.625 7.266
235 11 2 31.423 7.979 29.514 7.267
236 11 2 31.298 7.979 29.388 7.267
237 11 2 31.201 7.979 29.292 7.267
238 11 2 31.076 7.979 29.166 7.267
239 11 2 30.965 7.979 29.054 7.267
240 11 2 30.854 7.980 28.943 7.267
241 11 2 30.743 7.994 28.832 7.282
242 11 2 30.632 8.009 28.721 7.297
243 11 2 30.521 8.010 28.609 7.297
244 11 2 30.395 8.010 28.483 7.297
245 11 2 30.299 8.010 28.387 7.298
246 11 2 30.173 8.010 28.260 7.298
247 11 2 30.062 8.010 28.149 7.298
248 11 2 29.950 8.025 28.038 7.313
249 11 2 29.839 8.040 27.926 7.328
250 11 2 29.728 8.041 27.815 7.328
251 11 2 29.617 8.041 27.703 7.328
252 11 2 29.491 8.056 27.577 7.343
253 11 2 29.380 8.071 27.465 7.358
254 11 2 29.268 8.071 27.354 7.358
255 11 2 29.157 8.071 27.242 7.358
256 11 2 29.046 8.086 27.131 7.373
257 11 2 28.935 8.101 27.019 7.388
258 11 2 28.808 8.101 26.893 7.388
259 11 2 28.697 8.116 26.781 7.403
260 11 2 28.586 8.131 26.669 7.418
261 11 2 28.474 8.131 26.558 7.418
262 11 2 28.348 8.146 26.431 7.433
263 11 2 28.237 8.161 26.319 7.448
264 11 2 28.125 8.162 26.208 7.448
265 11 2 28.014 8.162 26.096 7.448
266 11 2 27.902 8.177 25.984 7.463
267 11 2 27.791 8.192 25.872 7.478
268 11 2 27.664 8.192 25.746 7.478
269 11 2 27.553 8.207 25.634 7.493
270 11 2 27.426 8.222 25.507 7.508
271 11 2 27.315 8.222 25.395 7.508
272 11 2 27.203 8.237 25.283 7.523
273 11 2 27.091 8.252 25.171 7.538
274 11 2 26.965 8.253 25.044 7.538
275 11 2 26.853 8.268 24.932 7.553
276 11 2 26.742 8.283 24.820 7.568
277 11 2 26.630 8.283 24.708 7.569
278 11 2 26.503 8.298 24.581 7.584
279 11 2 26.391 8.313 24.469 7.599
280 11 2 26.265 8.313 24.342 7.599
281 11 2 26.153 8.313 24.230 7.599
282 11 2 26.041 8.328 24.118 7.614
283 11 2 25.929 8.343 24.006 7.629
284 11 2 25.817 8.344 23.894 7.629
285 11 2 25.706 8.344 23.782 7.629
286 11 2 25.579 8.344 23.655 7.629
287 11 2 25.467 8.344 23.543 7.630
288 11 2 25.340 8.345 23.415 7.630
289 11 2 25.243 8.345 23.318 7.630
290 11 2 25.116 8.345 23.191 7.630
291 11 2 25.004 8.345 23.079 7.630
292 11 2 24.877 8.346 22.952 7.630
293 11 2 24.765 8.346 22.839 7.631
294 11 2 24.653 8.331 22.727 7.616
295 11 2 24.541 8.346 22.615 7.631
296 11 2 24.414 8.332 22.487 7.616
297 11 2 24.302 8.332 22.375 7.617
298 11 2 24.190 8.332 22.263 7.617
299 11 2 24.078 8.318 22.150 7.602
300 11 2 23.951 8.303 22.023 7.587
301 11 2 23.839 8.288 21.911 7.573
302 11 2 23.712 8.274 21.783 7.558
303 11 2 23.600 8.274 21.671 7.558
304 11 2 23.488 8.260 21.558 7.544
305 11 2 23.376 8.230 21.446 7.514
306 11 2 23.248 8.216 21.319 7.499
307 11 2 23.136 8.216 21.206 7.500
308 11 2 23.024 8.201 21.094 7.485
309 11 2 22.912 8.172 20.981 7.455
310 11 2 22.784 8.157 20.854 7.441
311 11 2 22.672 8.142 20.741 7.426
312 11 2 22.560 8.113 20.629 7.396
313 11 2 22.448 8.098 20.516 7.382
314 11 2 22.335 8.084 20.403 7.367
315 11 2 22.223 8.054 20.291 7.338
316 11 2 22.096 8.025 20.163 7.308
317 11 2 21.999 7.995 20.066 7.278
318 11 2 21.871 7.966 19.938 7.249
319 11 2 21.759 7.936 19.826 7.219
320 11 2 21.647 7.907 19.713 7.190
321 11 2 21.534 7.877 19.600 7.160
322 11 2 21.422 7.863 19.488 7.145
323 11 2 21.309 7.848 19.375 7.131
324 11 2 21.182 7.819 19.247 7.101
325 11 2 21.069 7.789 19.134 7.072
326 11 2 20.957 7.760 19.022 7.042
327 11 2 20.844 7.730 18.909 7.012
328 11 2 20.732 7.701 18.796 6.983
329 11 2 20.620 7.656 18.684 6.938
330 11 2 20.507 7.642 18.571 6.924
331 11 2 20.395 7.597 18.458 6.879
332 11 2 20.267 7.568 18.330 6.850
333 11 2 20.155 7.523 18.218 6.805
334 11 2 20.027 7.479 18.090 6.761
335 11 2 19.914 7.449 17.977 6.731
336 11 2 19.802 7.405 17.864 6.686
337 11 2 19.704 7.361 17.766 6.642
338 11 2 19.577 7.331 17.638 6.612
339 11 2 19.479 7.301 17.541 6.583
340 11 2 19.352 7.257 17.413 6.538
341 11 2 19.239 7.213 17.300 6.494
342 11 2 19.126 7.183 17.187 6.464
343 11 2 19.014 7.139 17.074 6.419
344 11 2 18.886 7.094 16.946 6.375
345 11 2 18.788 7.065 16.848 6.345
346 11 2 18.661 7.020 16.720 6.301
347 11 2 18.563 6.976 16.622 6.256
348 11 2 18.435 6.946 16.494 6.226
349 11 2 18.322 6.902 16.381 6.182
350 11 2 18.225 6.857 16.283 6.137
351 11 2 18.172 6.827 16.238 6.108
352 11 2 18.097 6.783 16.171 6.063
353 11 2 18.045 6.723 16.126 6.003
354 11 2 17.977 6.694 16.066 5.974
355 11 2 17.925 6.634 16.021 5.914
356 11 2 17.857 6.590 15.961 5.870
357 11 2 17.797 6.560 15.908 5.840
358 11 2 17.745 6.530 15.863 5.810
359 11 2 17.692 6.501 15.818 5.780
360 11 2 17.632 6.471 15.765 5.751
361 11 2 17.579 6.441 15.720 5.721
362 11 2 17.519 6.427 15.667 5.706
364 11 2 17.828 6.419 15.985 5.699
365 11 2 17.783 6.389 15.947 5.669
366 11 2 17.761 6.374 15.932 5.654
368 11 2 17.942 6.367 16.121 5.647
369 11 2 17.919 6.367 16.106 5.647
370 11 2 17.934 6.352 16.129 5.632
371 11 2 17.927 6.367 16.129 5.647
372 11 2 17.919 6.367 16.129 5.647
373 11 2 17.912 6.367 16.129 5.647
374 11 2 17.912 6.367 16.136 5.647
375 11 2 17.904 6.367 16.136 5.647
376 11 2 17.904 6.367 16.144 5.647
377 11 2 17.896 6.367 16.144 5.647
378 11 2 17.896 6.367 16.151 5.647
379 11 2 17.889 6.367 16.151 5.647
380 11 2 17.889 6.367 16.159 5.647
381 11 2 17.881 6.367 16.159 5.647
382 11 2 17.881 6.367 16.166 5.647
383 11 2 17.874 6.367 16.166 5.647
384 11 2 17.866 6.367 16.166 5.647
385 11 2 17.859 6.367 16.166 5.647
386 11 2 17.859 6.367 16.174 5.647
387 11 2 17.851 6.367 16.174 5.647
388 11 2 17.851 6.367 16.181 5.647
389 11 2 17.844 6.367 16.181 5.647
390 11 2 17.844 6.367 16.189 5.647
391 11 2 17.836 6.367 16.189 5.647
392 11 2 17.836 6.367 16.197 5.647
393 11 2 17.829 6.367 16.197 5.647
394 11 2 17.821 6.367 16.197 5.647
395 11 2 17.814 6.367 16.197 5.647
396 11 2 17.814 6.367 16.204 5.647
397 11 2 17.806 6.367 16.204 5.647
398 11 2 17.806 6.367 16.212 5.647
399 11 2 17.798 6.367 16.212 5.647
400 11 2 17.798 6.367 16.219 5.647
401 11 2 17.791 6.367 16.219 5.647
402 11 2 17.791 6.367 16.227 5.647
403 11 2 17.783 6.367 16.227 5.647
404 11 2 17.783 6.367 16.234 5.647
405 11 2 17.776 6.367 16.234 5.647
406 11 2 17.776 6.367 16.242 5.647
407 11 2 17.768 6.367 16.242 5.647
408 11 2 17.768 6.367 16.249 5.647
409 11 2 17.761 6.367 16.249 5.647
410 11 2 17.761 6.367 16.257 5.647
411 11 2 17.761 6.367 16.265 5.647
412 11 2 17.753 6.367 16.265 5.647
413 11 2 17.753 6.367 16.272 5.647
414 11 2 17.746 6.367 16.265 5.647
415 11 2 17.746 6.367 16.265 5.647
416 11 2 17.746 6.367 16.265 5.647
417 11 2 17.746 6.367 16.265 5.647
418 11 2 17.746 6.367 16.265 5.647
419 11 2 17.738 6.367 16.265 5.647
420 11 2 17.731 6.367 16.265 5.647
421 11 2 17.731 6.367 16.265 5.647
422 11 2 17.731 6.367 16.265 5.647
423 11 2 17.731 6.367 16.265 5.647
424 11 2 17.731 6.367 16.265 5.647
425 11 2 17.731 6.367 16.265 5.647
426 11 2 17.731 6.367 16.265 5.647
427 11 2 17.731 6.367 16.265 5.647
428 11 2 17.731 6.367 16.265 5.647
429 11 2 17.731 6.367 16.265 5.647
430 11 2 17.731 6.367 16.265 5.647
431 11 2 17.731 6.367 16.265 5.647
432 11 2 17.731 6.367 16.265 5.647
433 11 2 17.731 6.367 16.265 5.647
434 11 2 17.731 6.367 16.265 5.647
435 11 2 17.731 6.367 16.265 5.647
436 11 2 17.731 6.367 16.265 5.647
437 11 2 17.731 6.367 16.265 5.647
438 11 2 17.731 6.367 16.265 5.647
439 11 2 17.723 6.367 16.265 5.647
440 11 2 17.716 6.367 16.265 5.647
441 11 2 17.716 6.367 16.265 5.647
442 11 2 17.716 6.367 16.265 5.647
443 11 2 17.716 6.367 16.265 5.647
444 11 2 17.716 6.367 16.265 5.647
445 11 2 17.716 6.367 16.265 5.647
446 11 2 17.716 6.367 16.265 5.647
447 11 2 17.716 6.367 16.265 5.647
448 11 2 17.716 6.367 16.265 5.647
449 11 2 17.716 6.367 16.265 5.647
450 11 2 17.716 6.367 16.265 5.647
451 11 2 17.716 6.367 16.265 5.647
452 11 2 17.716 6.367 16.265 5.647
453 11 2 17.716 6.367 16.265 5.647
454 11 2 17.708 6.367 16.265 5.647
455 11 2 17.700 6.367 16.265 5.647
456 11 2 17.700 6.367 16.265 5.647
457 11 2 17.700 6.367 16.265 5.647
458 11 2 17.693 6.367 16.265 5.647
459 11 2 17.693 6.367 16.272 5.647
460 11 2 17.685 6.367 16.272 5.647
461 11 2 17.685 6.367 16.272 5.647
462 11 2 17.670 6.367 16.265 5.647
463 11 2 17.670 6.367 16.272 5.647
464 11 2 17.663 6.367 16.265 5.647
465 11 2 17.670 6.367 16.272 5.647
466 11 2 17.670 6.367 16.272 5.647
467 11 2 17.670 6.367 16.272 5.647
468 11 2 17.655 6.367 16.265 5.647
469 11 2 17.655 6.367 16.272 5.647
470 11 2 17.655 6.367 16.272 5.647
471 11 2 17.655 6.367 16.272 5.647
472 11 2 17.655 6.367 16.272 5.647
473 11 2 17.655 6.367 16.272 5.647
474 11 2 17.655 6.367 16.272 5.647
475 11 2 17.640 6.367 16.265 5.647
476 11 2 17.640 6.367 16.272 5.647
477 11 2 17.633 6.367 16.265 5.647
478 11 2 17.640 6.367 16.272 5.647
479 11 2 17.633 6.367 16.265 5.647
480 11 2 17.640 6.367 16.272 5.647
481 11 2 17.640 6.367 16.272 5.647
482 11 2 17.648 6.367 16.280 5.647
483 11 2 17.648 6.367 16.280 5.647
484 11 2 17.648 6.367 16.280 5.647
485 11 2 17.648 6.367 16.280 5.647
486 11 2 17.648 6.367 16.280 5.647
487 11 2 17.648 6.367 16.280 5.647
488 11 2 17.648 6.367 16.280 5.647
489 11 2 17.648 6.367 16.280 5.647
490 11 2 17.648 6.367 16.280 5.647
491 11 2 17.648 6.367 16.280 5.647
492 11 2 17.648 6.367 16.280 5.647
493 11 2 17.648 6.367 16.280 5.647
494 11 2 17.648 6.367 16.280 5.647
495 11 2 17.648 6.367 16.280 5.647
496 11 2 17.648 6.367 16.280 5.647
497 11 2 17.648 6.367 16.280 5.647
498 11 2 17.648 6.367 16.280 5.647
499 11 2 17.640 6.367 16.272 5.647
500 11 2 17.640 6.367 16.272 5.647
501 11 2 17.633 6.367 16.265 5.647
502 11 2 17.640 6.367 16.272 5.647
503 11 2 17.633 6.367 16.265 5.647
504 11 2 17.640 6.367 16.272 5.647
505 11 2 17.640 6.367 16.272 5.647
506 11 2 17.640 6.367 16.272 5.647
507 11 2 17.633 6.367 16.265 5.647
508 11 2 17.640 6.367 16.272 5.647
509 11 2 17.633 6.367 16.265 5.647
510 11 2 17.640 6.367 16.272 5.647
511 11 2 17.640 6.367 16.272 5.647
512 11 2 17.640 6.367 16.272 5.647
513 11 2 17.633 6.367 16.265 5.647
514 11 2 17.640 6.367 16.272 5.647
515 11 2 17.633 6.367 16.265 5.647
516 11 2 17.640 6.367 16.272 5.647
517 11 2 17.640 6.367 16.272 5.647
518 11 2 17.640 6.367 16.272 5.647
519 11 2 17.633 6.367 16.265 5.647
520 11 2 17.640 6.367 16.272 5.647
521 11 2 17.633 6.367 16.265 5.647
522 11 2 17.640 6.367 16.272 5.647
523 11 2 17.640 6.367 16.272 5.647
524 11 2 17.640 6.367 16.272 5.647
525 11 2 17.640 6.367 16.272 5.647
526 11 2 17.640 6.367 16.272 5.647
527 11 2 17.640 6.367 16.272 5.647
528 11 2 17.640 6.367 16.272 5.647
529 11 2 17.640 6.367 16.272 5.647
530 11 2 17.640 6.367 16.272 5.647
531 11 2 17.640 6.367 16.272 5.647
532 11 2 17.640 6.367 16.272 5.647
533 11 2 17.640 6.367 16.272 5.647
534 11 2 17.640 6.367 16.272 5.647
535 11 2 17.640 6.367 16.272 5.647
536 11 2 17.640 6.367 16.272 5.647
537 11 2 17.640 6.367 16.272 5.647
538 11 2 17.640 6.367 16.272 5.647
539 11 2 17.640 6.367 16.272 5.647
540 11 2 17.640 6.367 16.272 5.647
541 11 2 17.640 6.367 16.272 5.647
542 11 2 17.640 6.367 16.272 5.647
543 11 2 17.640 6.367 16.272 5.647
544 11 2 17.640 6.367 16.272 5.647
545 11 2 17.640 6.367 16.272 5.647
546 11 2 17.640 6.367 16.272 5.647
547 11 2 17.640 6.367 16.272 5.647
548 11 2 17.640 6.367 16.272 5.647
168 12 1 31.800 15.896 31.147 14.803
169 12 1 31.800 15.859 31.147 14.766
170 12 1 31.785 15.822 31.132 14.729
171 12 1 31.785 15.785 31.132 14.692
172 12 1 31.733 15.778 31.110 14.847
173 12 1 31.733 15.785 31.110 14.833
174 12 1 31.725 15.741 31.102 14.788
175 12 1 31.718 15.726 31.095 14.773
176 12 1 31.703 15.644 31.065 14.759
177 12 1 31.696 15.659 31.065 14.744
178 12 1 31.696 15.637 31.065 14.722
179 12 1 31.696 15.600 31.065 14.685
180 12 1 31.762 15.496 31.117 14.736
181 12 1 31.748 15.548 31.117 14.684
182 12 1 31.748 15.518 31.117 14.655
183 12 1 31.733 15.488 31.102 14.625
184 12 1 31.725 15.407 31.058 14.381
185 12 1 31.711 15.348 31.073 14.447
186 12 1 31.703 15.311 31.065 14.410
187 12 1 31.681 15.274 31.043 14.373
188 12 1 31.659 15.185 31.103 14.269
189 12 1 31.688 15.177 31.066 14.277
190 12 1 31.681 15.140 31.058 14.240
191 12 1 31.659 15.103 31.036 14.203
192 12 1 31.651 15.051 31.029 14.151
193 12 1 31.629 15.029 31.006 14.129
194 12 1 31.622 14.977 30.999 14.077
195 12 1 31.614 14.955 30.991 14.055
196 12 1 31.607 14.903 30.984 14.003
197 12 1 31.599 14.881 30.977 13.981
198 12 1 31.592 14.844 30.969 13.944
199 12 1 31.570 14.807 30.947 13.907
200 12 1 31.540 14.793 30.925 14.100
201 12 1 31.540 14.874 30.925 14.003
202 12 1 31.525 14.837 30.910 13.966
203 12 1 31.525 14.800 30.910 13.929
204 12 1 31.510 14.763 30.895 13.892
205 12 1 31.510 14.726 30.895 13.855
206 12 1 31.496 14.689 30.880 13.818
207 12 1 31.496 14.652 30.880 13.781
208 12 1 31.496 14.615 30.880 13.744
209 12 1 31.481 14.578 30.866 13.707
210 12 1 31.481 14.541 30.866 13.670
211 12 1 31.466 14.504 30.851 13.633
212 12 1 31.466 14.467 30.851 13.596
213 12 1 31.451 14.430 30.836 13.559
214 12 1 31.451 14.408 30.836 13.537
215 12 1 31.436 14.371 30.821 13.500
216 12 1 31.288 14.253 30.472 13.480
217 12 1 31.140 14.298 30.628 13.442
218 12 1 31.110 14.276 30.658 13.419
219 12 1 31.095 14.254 30.643 13.397
220 12 1 31.362 14.001 30.710 13.330
221 12 1 31.266 14.083 30.792 13.248
222 12 1 31.258 14.053 30.784 13.219
223 12 1 31.251 14.024 30.777 13.189
224 12 1 31.273 13.949 30.480 12.991
225 12 1 31.132 13.891 30.628 13.049
226 12 1 31.125 13.854 30.621 13.012
227 12 1 31.118 13.832 30.614 12.990
228 12 1 31.266 13.742 30.606 12.849
229 12 1 31.184 13.720 30.673 12.879
230 12 1 31.184 13.683 30.673 12.842
231 12 1 31.170 13.646 30.658 12.805
232 12 1 31.155 13.624 30.643 12.782
233 12 1 31.155 13.587 30.644 12.745
234 12 1 31.140 13.550 30.629 12.708
235 12 1 31.125 13.513 30.614 12.672
236 12 1 31.125 13.491 30.614 12.649
237 12 1 31.125 13.454 30.614 12.612
238 12 1 31.110 13.432 30.599 12.590
239 12 1 31.096 13.395 30.584 12.553
240 12 1 31.096 13.372 30.584 12.531
241 12 1 31.096 13.269 30.577 12.427
243 12 1 31.088 13.261 30.570 12.420
244 12 1 31.081 13.239 30.562 12.398
245 12 1 31.073 13.202 30.555 12.361
246 12 1 31.081 13.165 30.562 12.324
247 12 1 31.073 13.128 30.555 12.287
248 12 1 31.066 13.091 30.547 12.250
249 12 1 31.059 13.039 30.540 12.198
250 12 1 31.066 13.002 30.547 12.161
251 12 1 31.059 12.950 30.540 12.109
252 12 1 31.051 12.914 30.533 12.072
253 12 1 31.044 12.877 30.525 12.035
254 12 1 31.051 12.839 30.533 11.998
255 12 1 31.029 12.803 30.511 11.961
256 12 1 31.037 12.766 30.518 11.924
257 12 1 30.999 12.795 30.473 11.962
259 12 1 30.992 12.788 30.466 11.954
260 12 1 30.992 12.758 30.466 11.925
261 12 1 30.977 12.729 30.451 11.895
262 12 1 30.977 12.699 30.451 11.865
263 12 1 30.962 12.655 30.436 11.821
264 12 1 30.962 12.625 30.436 11.792
265 12 1 30.948 12.581 30.422 11.747
266 12 1 30.933 12.551 30.407 11.718
267 12 1 30.918 12.507 30.392 11.673
268 12 1 30.985 12.381 30.073 11.527
269 12 1 30.799 12.374 30.259 11.541
270 12 1 30.785 12.330 30.244 11.496
271 12 1 30.785 12.300 30.244 11.467
272 12 1 30.785 12.256 30.244 11.422
273 12 1 30.770 12.212 30.229 11.378
274 12 1 30.740 12.182 30.199 11.349
275 12 1 30.740 12.153 30.199 11.319
276 12 1 30.725 12.123 30.185 11.290
277 12 1 30.740 12.093 30.200 11.260
279 12 1 30.733 12.086 30.192 11.253
280 12 1 30.733 12.057 30.192 11.223
281 12 1 30.733 12.027 30.192 11.193
282 12 1 30.733 11.997 30.192 11.164
283 12 1 30.733 11.983 30.192 11.149
284 12 1 30.748 11.953 30.207 11.119
285 12 1 30.592 11.798 30.014 10.957
287 12 1 30.540 11.791 30.051 10.950
288 12 1 30.526 11.754 30.089 10.913
289 12 1 30.518 11.732 30.081 10.891
290 12 1 30.511 11.680 30.074 10.839
291 12 1 30.489 11.643 30.074 10.802
292 12 1 30.496 11.591 30.081 10.750
293 12 1 30.474 11.569 30.059 10.728
294 12 1 30.481 11.532 30.067 10.691
295 12 1 30.459 11.495 30.044 10.654
296 12 1 30.466 11.458 30.052 10.617
297 12 1 30.459 11.421 30.044 10.580
299 12 1 30.452 11.414 30.037 10.573
300 12 1 30.444 11.377 30.030 10.536
301 12 1 30.437 11.325 30.022 10.484
302 12 1 30.429 11.274 30.015 10.432
303 12 1 30.422 11.237 30.007 10.395
304 12 1 30.415 11.215 30.000 10.373
305 12 1 30.874 11.205 30.297 10.217
306 12 1 30.793 11.139 30.363 10.283
307 12 1 30.785 11.102 30.356 10.246
308 12 1 30.778 11.050 30.349 10.195
309 12 1 30.785 11.013 30.356 10.158
310 12 1 30.793 10.962 30.364 10.106
311 12 1 30.800 10.925 30.371 10.069
313 12 1 30.793 10.917 30.364 10.062
314 12 1 30.800 10.880 30.371 10.025
315 12 1 30.793 10.843 30.364 9.988
316 12 1 30.815 10.806 30.386 9.951
317 12 1 30.808 10.784 30.379 9.929
318 12 1 30.830 10.777 30.401 9.921
319 12 1 30.823 10.740 30.393 9.884
320 12 1 30.830 10.703 30.401 9.847
321 12 1 30.838 10.666 30.408 9.810
322 12 1 30.845 10.614 30.416 9.759
323 12 1 30.852 10.577 30.423 9.722
324 12 1 30.860 10.525 30.431 9.670
325 12 1 30.867 10.474 30.438 9.618
326 12 1 30.875 10.437 30.446 9.581
327 12 1 30.867 10.385 30.438 9.530
328 12 1 30.904 10.208 30.268 9.538
329 12 1 30.801 10.297 30.364 9.456
330 12 1 30.801 10.274 30.364 9.434
331 12 1 30.801 10.252 30.364 9.412
332 12 1 30.956 10.045 30.290 9.434
333 12 1 30.838 10.149 30.394 9.323
334 12 1 30.830 10.112 30.386 9.286
335 12 1 30.838 10.075 30.394 9.249
336 12 1 30.971 9.934 30.261 9.132
337 12 1 30.838 9.942 30.387 9.124
338 12 1 30.838 9.912 30.387 9.094
339 12 1 30.838 9.883 30.387 9.065
340 12 1 30.956 9.794 30.261 8.851
341 12 1 30.831 9.735 30.372 8.917
342 12 1 30.823 9.706 30.365 8.888
343 12 1 30.831 9.661 30.372 8.843
344 12 1 30.949 9.676 30.253 8.858
345 12 1 30.831 9.669 30.365 8.851
346 12 1 30.831 9.624 30.365 8.807
347 12 1 30.831 9.595 30.365 8.777
348 12 1 30.957 9.484 30.202 8.785
349 12 1 30.816 9.536 30.342 8.725
350 12 1 30.823 9.499 30.350 8.688
351 12 1 30.816 9.462 30.343 8.652
352 12 1 30.942 9.299 30.202 8.622
353 12 1 30.809 9.366 30.328 8.563
354 12 1 30.809 9.337 30.328 8.534
355 12 1 30.809 9.292 30.328 8.489
356 12 1 30.809 9.248 30.328 8.445
357 12 1 30.809 9.233 30.328 8.430
358 12 1 30.809 9.189 30.328 8.386
359 12 1 30.809 9.160 30.328 8.357
360 12 1 30.809 9.130 30.328 8.327
361 12 1 30.824 9.086 30.343 8.283
362 12 1 30.824 9.027 30.343 8.224
363 12 1 30.824 8.982 30.343 8.180
364 12 1 30.824 8.953 30.343 8.150
365 12 1 30.824 8.909 30.343 8.106
366 12 1 30.824 8.864 30.343 8.062
367 12 1 30.824 8.835 30.343 8.032
368 12 1 30.824 8.791 30.343 7.988
369 12 1 30.824 8.746 30.343 7.944
370 12 1 30.824 8.732 30.343 7.929
371 12 1 30.824 8.687 30.343 7.885
372 12 1 31.053 8.510 30.143 7.914
373 12 1 30.839 8.606 30.351 7.811
374 12 1 30.831 8.584 30.343 7.789
375 12 1 30.824 8.562 30.336 7.767
376 12 1 30.831 8.525 30.343 7.730
377 12 1 30.824 8.503 30.336 7.708
378 12 1 30.831 8.451 30.343 7.656
379 12 1 30.824 8.415 30.336 7.619
380 12 1 31.024 8.503 30.203 7.428
381 12 1 30.854 8.363 30.358 7.568
382 12 1 30.854 8.326 30.358 7.531
383 12 1 30.854 8.289 30.358 7.494
384 12 1 30.854 8.252 30.358 7.457
385 12 1 30.854 8.215 30.358 7.420
386 12 1 30.854 8.179 30.358 7.383
387 12 1 30.854 8.142 30.358 7.347
388 12 1 30.854 8.105 30.358 7.310
389 12 1 30.854 8.068 30.358 7.273
390 12 1 30.854 8.046 30.358 7.251
391 12 1 30.854 8.009 30.358 7.214
392 12 1 30.854 7.987 30.358 7.192
393 12 1 30.854 7.935 30.359 7.140
394 12 1 30.854 7.913 30.359 7.118
395 12 1 30.854 7.876 30.359 7.081
396 12 1 30.869 7.840 30.373 7.044
397 12 1 30.869 7.803 30.373 7.008
398 12 1 30.869 7.781 30.373 6.986
399 12 1 30.869 7.744 30.373 6.949
400 12 1 30.869 7.722 30.373 6.927
401 12 1 30.869 7.700 30.374 6.905
402 12 1 30.869 7.582 30.374 6.787
404 12 1 30.861 7.574 30.366 6.779
405 12 1 30.861 7.537 30.366 6.743
406 12 1 30.861 7.515 30.366 6.720
407 12 1 30.861 7.464 30.366 6.669
408 12 1 30.861 7.427 30.366 6.632
409 12 1 30.861 7.390 30.366 6.595
410 12 1 30.861 7.368 30.366 6.573
411 12 1 30.862 7.331 30.366 6.536
412 12 1 30.862 7.309 30.366 6.514
413 12 1 30.847 7.287 30.352 6.492
414 12 1 30.832 7.265 30.337 6.470
415 12 1 30.832 7.228 30.337 6.433
416 12 1 30.832 7.206 30.337 6.411
417 12 1 30.832 7.184 30.337 6.389
418 12 1 30.832 7.162 30.337 6.367
419 12 1 30.832 7.125 30.337 6.330
420 12 1 31.024 6.978 30.278 6.139
421 12 1 30.899 6.956 30.404 6.161
422 12 1 30.899 6.933 30.404 6.139
423 12 1 30.899 6.911 30.404 6.117
424 12 1 31.010 6.948 30.256 6.109
425 12 1 30.877 6.919 30.382 6.124
426 12 1 30.877 6.882 30.382 6.087
427 12 1 30.877 6.845 30.382 6.051
428 12 1 30.877 6.823 30.382 6.028
429 12 1 30.877 6.772 30.382 5.977
430 12 1 30.877 6.735 30.382 5.940
431 12 1 30.862 6.698 30.367 5.903
432 12 1 30.825 6.573 30.323 5.786
434 12 1 30.818 6.565 30.315 5.778
435 12 1 30.810 6.536 30.308 5.749
436 12 1 30.803 6.507 30.300 5.719
437 12 1 30.810 6.492 30.308 5.705
438 12 1 30.803 6.462 30.300 5.675
439 12 1 30.810 6.433 30.308 5.646
440 12 1 30.803 6.404 30.301 5.616
441 12 1 30.810 6.374 30.308 5.587
442 12 1 30.803 6.345 30.301 5.558
443 12 1 30.810 6.301 30.308 5.513
444 12 1 30.818 6.271 30.315 5.484
445 12 1 30.825 6.242 30.323 5.455
446 12 1 30.818 6.198 30.316 5.411
447 12 1 30.825 6.168 30.323 5.381
448 12 1 30.833 6.139 30.330 5.352
449 12 1 30.840 6.095 30.338 5.308
450 12 1 30.833 6.065 30.330 5.278
451 12 1 30.840 6.021 30.338 5.234
452 12 1 30.847 5.992 30.345 5.205
453 12 1 30.855 5.962 30.353 5.175
454 12 1 30.862 5.933 30.360 5.146
455 12 1 30.870 5.918 30.367 5.131
456 12 1 30.877 5.889 30.375 5.102
457 12 1 30.884 5.859 30.382 5.072
458 12 1 30.877 5.830 30.375 5.043
459 12 1 30.885 5.815 30.382 5.028
460 12 1 30.877 5.786 30.375 4.999
461 12 1 30.885 5.756 30.382 4.969
462 12 1 30.877 5.727 30.375 4.940
463 12 1 30.885 5.697 30.382 4.911
464 12 1 30.877 5.668 30.375 4.881
465 12 1 30.885 5.639 30.382 4.852
466 12 1 30.892 5.609 30.390 4.822
467 12 1 30.899 5.580 30.397 4.793
468 12 1 30.892 5.536 30.390 4.749
469 12 1 30.914 5.506 30.412 4.719
470 12 1 30.922 5.477 30.420 4.690
471 12 1 30.929 5.447 30.427 4.661
472 12 1 30.936 5.418 30.434 4.631
473 12 1 30.959 5.389 30.457 4.602
474 12 1 30.936 5.344 30.434 4.558
475 12 1 30.944 5.315 30.442 4.528
476 12 1 30.937 5.286 30.435 4.499
477 12 1 30.959 5.256 30.457 4.470
478 12 1 30.951 5.242 30.449 4.455
479 12 1 30.973 5.212 30.472 4.426
480 12 1 30.966 5.183 30.464 4.396
481 12 1 30.988 5.153 30.486 4.367
482 12 1 30.981 5.139 30.479 4.352
483 12 1 31.003 5.109 30.501 4.323
484 12 1 31.010 5.080 30.509 4.293
485 12 1 31.033 5.036 30.531 4.249
486 12 1 31.040 5.006 30.538 4.220
487 12 1 31.047 4.977 30.546 4.191
488 12 1 31.055 4.948 30.553 4.161
489 12 1 31.062 4.918 30.560 4.132
490 12 1 31.070 4.874 30.568 4.088
491 12 1 31.092 4.845 30.590 4.058
492 12 1 31.084 4.815 30.583 4.029
493 12 1 31.107 4.771 30.605 3.985
494 12 1 31.099 4.757 30.597 3.970
495 12 1 31.121 4.727 30.620 3.941
496 12 1 31.144 4.698 30.642 3.912
497 12 1 31.166 4.683 30.664 3.897
498 12 1 31.173 4.654 30.671 3.868
499 12 1 31.181 4.639 30.679 3.853
500 12 1 31.188 4.610 30.686 3.824
501 12 1 31.195 4.580 30.694 3.794
502 12 1 31.188 4.551 30.686 3.765
503 12 1 31.195 4.522 30.694 3.736
504 12 1 31.203 4.492 30.701 3.706
505 12 1 31.210 4.463 30.708 3.677
506 12 1 31.203 4.434 30.701 3.647
507 12 1 31.210 4.404 30.708 3.618
508 12 1 31.218 4.375 30.716 3.589
509 12 1 31.225 4.345 30.723 3.559
510 12 1 31.232 4.316 30.731 3.530
511 12 1 31.240 4.301 30.738 3.515
512 12 1 31.247 4.272 30.745 3.486
513 12 1 31.254 4.257 30.753 3.471
514 12 1 31.262 4.228 30.760 3.442
515 12 1 31.269 4.199 30.768 3.413
516 12 1 31.277 4.155 30.775 3.369
517 12 1 31.284 4.140 30.782 3.354
518 12 1 31.277 4.111 30.775 3.325
519 12 1 31.284 4.096 30.782 3.310
520 12 1 31.291 4.067 30.790 3.281
521 12 1 31.299 4.052 30.797 3.266
522 12 1 31.306 4.037 30.805 3.251
523 12 1 31.328 4.023 30.827 3.237
524 12 1 31.336 3.993 30.834 3.207
525 12 1 31.343 3.979 30.842 3.193
526 12 1 31.351 3.949 30.849 3.163
527 12 1 31.373 3.920 30.871 3.134
528 12 1 31.380 3.905 30.879 3.119
529 12 1 31.402 3.876 30.901 3.090
530 12 1 31.410 3.847 30.908 3.061
531 12 1 31.432 3.817 30.930 3.032
532 12 1 31.439 3.803 30.938 3.017
533 12 1 31.446 3.773 30.945 2.988
534 12 1 31.454 3.759 30.952 2.973
535 12 1 31.476 3.729 30.975 2.944
536 12 1 31.483 3.715 30.982 2.929
537 12 1 31.491 3.685 30.989 2.900
538 12 1 31.498 3.671 30.997 2.885
539 12 1 31.520 3.656 31.019 2.870
540 12 1 31.528 3.641 31.026 2.856
541 12 1 31.550 3.627 31.048 2.841
542 12 1 31.572 3.597 31.071 2.812
543 12 1 31.594 3.583 31.093 2.797
544 12 1 31.601 3.553 31.100 2.768
545 12 1 31.609 3.539 31.107 2.753
546 12 1 31.616 3.509 31.115 2.724
547 12 1 31.624 3.480 31.122 2.695
548 12 1 31.616 3.465 31.115 2.680
106 8 1 32.237 18.084 31.606 16.930
107 8 1 32.230 18.047 31.599 16.893
108 8 1 32.222 18.009 31.592 16.856
109 8 1 32.215 17.972 31.584 16.819
110 8 1 32.208 17.935 31.577 16.781
111 8 1 32.200 17.913 31.569 16.759
112 8 1 32.193 17.876 31.562 16.722
113 8 1 32.185 17.854 31.555 16.700
114 8 1 32.193 17.831 31.562 16.678
115 8 1 32.185 17.809 31.555 16.655
116 8 1 32.193 17.772 31.562 16.618
117 8 1 32.185 17.750 31.555 16.596
118 8 1 32.178 17.727 31.547 16.574
119 8 1 32.170 17.705 31.540 16.551
120 8 1 32.148 17.557 31.488 16.582
121 8 1 32.141 17.587 31.495 16.544
122 8 1 32.141 17.557 31.495 16.515
123 8 1 32.126 17.527 31.480 16.485
124 8 1 32.074 17.513 31.399 16.278
125 8 1 32.067 17.461 31.414 16.337
126 8 1 32.059 17.424 31.406 16.300
127 8 1 32.067 17.387 31.414 16.263
128 8 1 32.044 17.312 31.399 16.300
129 8 1 32.044 17.350 31.399 16.263
130 8 1 32.044 17.320 31.399 16.233
131 8 1 32.029 17.275 31.384 16.189
132 8 1 32.052 17.275 30.916 16.289
133 8 1 31.777 17.307 31.206 16.242
134 8 1 31.718 17.271 31.243 16.205
135 8 1 31.725 17.248 31.250 16.182
136 8 1 31.718 17.211 31.243 16.145
137 8 1 31.725 17.174 31.250 16.108
138 8 1 31.718 17.137 31.243 16.071
139 8 1 31.710 17.115 31.236 16.049
140 8 1 31.703 17.078 31.228 16.012
141 8 1 31.710 17.040 31.236 15.975
142 8 1 31.688 17.003 31.213 15.938
143 8 1 31.666 16.966 31.258 15.900
144 8 1 31.644 16.929 31.236 15.863
145 8 1 31.636 16.907 31.228 15.841
146 8 1 31.629 16.855 31.221 15.789
147 8 1 31.621 16.833 31.213 15.767
148 8 1 31.918 16.727 30.894 15.621
149 8 1 31.658 16.706 31.139 15.634
150 8 1 31.651 16.677 31.132 15.604
151 8 1 31.644 16.632 31.124 15.560
152 8 1 31.866 16.564 30.746 15.548
153 8 1 31.547 16.589 31.080 15.523
154 8 1 31.510 16.552 31.095 15.486
155 8 1 31.503 16.515 31.087 15.449
156 8 1 31.480 16.441 30.709 15.637
