frame,id,class,tl_x,tl_y,br_x,br_y
0,0,1,34.932,3.660,34.194,2.741
1,0,1,34.954,3.689,34.179,2.726
2,0,1,34.962,3.755,34.187,2.792
3,0,1,34.969,3.806,34.194,2.843
4,0,1,34.962,3.864,34.187,2.901
5,0,1,34.969,3.923,34.194,2.960
6,0,1,34.962,3.981,34.187,3.018
7,0,1,34.969,4.039,34.194,3.076
8,0,1,34.983,4.076,34.208,3.113
9,0,1,34.983,4.127,34.208,3.164
10,0,1,34.976,4.185,34.201,3.222
11,0,1,35.086,4.346,34.311,3.383
12,0,1,35.005,4.302,34.230,3.339
13,0,1,35.013,4.360,34.237,3.397
14,0,1,34.976,4.360,34.201,3.397
15,0,1,35.013,4.477,34.237,3.514
16,0,1,35.020,4.550,34.245,3.587
17,0,1,35.034,4.608,34.259,3.645
18,0,1,35.020,4.681,34.244,3.718
19,0,1,35.042,4.769,34.266,3.805
20,0,1,35.042,4.834,34.266,3.871
21,0,1,35.056,4.900,34.281,3.937
22,0,1,35.064,4.958,34.288,3.995
23,0,1,35.056,5.002,34.281,4.039
24,0,1,35.049,5.075,34.273,4.112
25,0,1,35.056,5.119,34.281,4.156
26,0,1,35.049,5.177,34.273,4.214
27,0,1,35.041,5.250,34.266,4.287
28,0,1,35.034,5.309,34.259,4.345
29,0,1,35.027,5.374,34.251,4.411
30,0,1,35.005,5.469,34.229,4.506
31,0,1,35.012,5.542,34.236,4.579
32,0,1,35.005,5.601,34.229,4.637
33,0,1,34.997,5.688,34.222,4.725
34,0,1,34.990,5.761,34.214,4.798
35,0,1,34.997,5.842,34.222,4.878
36,0,1,34.990,5.922,34.214,4.958
37,0,1,34.997,5.944,34.221,4.980
38,0,1,34.990,6.017,34.214,5.053
39,0,1,34.997,6.112,34.221,5.148
40,0,1,35.004,6.185,34.229,5.221
41,0,1,35.012,6.251,34.236,5.287
42,0,1,35.019,6.316,34.243,5.353
43,0,1,35.026,6.390,34.250,5.426
44,0,1,35.019,6.448,34.243,5.484
45,0,1,35.026,6.521,34.250,5.557
46,0,1,35.019,6.623,34.243,5.659
47,0,1,35.026,6.689,34.250,5.725
48,0,1,35.019,6.784,34.243,5.820
49,0,1,35.041,6.857,34.265,5.893
50,0,1,35.033,6.916,34.257,5.952
51,0,1,35.026,6.989,34.250,6.025
52,0,1,35.019,7.062,34.242,6.098
53,0,1,35.019,6.843,34.191,6.229
54,0,1,35.099,6.843,34.191,6.361
55,0,1,35.136,6.923,34.125,6.449
56,0,1,35.048,7.055,34.213,6.295
57,0,1,35.040,7.120,34.206,6.361
58,0,1,35.033,7.201,34.198,6.441
59,0,1,35.026,7.281,34.191,6.522
60,0,1,35.018,7.362,34.183,6.602
61,0,1,35.011,7.442,34.176,6.683
62,0,1,34.989,7.537,34.154,6.778
63,0,1,34.996,7.603,34.161,6.843
64,0,1,34.989,7.683,34.154,6.924
65,0,1,34.996,7.749,34.161,6.990
66,0,1,34.989,7.815,34.154,7.055
67,0,1,34.996,7.866,34.161,7.107
68,0,1,34.989,7.947,34.154,7.187
69,0,1,35.011,8.013,34.176,7.253
70,0,1,35.003,8.093,34.168,7.333
71,0,1,35.025,8.159,34.190,7.399
72,0,1,35.018,8.239,34.183,7.480
73,0,1,35.025,8.305,34.190,7.546
74,0,1,35.018,8.386,34.183,7.626
75,0,1,35.025,8.452,34.190,7.692
76,0,1,35.018,8.547,34.182,7.787
77,0,1,35.040,8.613,34.204,7.853
78,0,1,35.032,8.693,34.197,7.933
79,0,1,35.025,8.759,34.190,7.999
80,0,1,35.018,8.840,34.182,8.080
81,0,1,35.025,8.891,34.189,8.131
82,0,1,35.003,8.957,34.167,8.197
83,0,1,35.010,9.023,34.175,8.263
84,0,1,34.988,9.089,34.153,8.329
85,0,1,34.995,9.140,34.160,8.380
86,0,1,34.988,9.206,34.152,8.446
87,0,1,34.981,9.286,34.145,8.527
88,0,1,34.959,9.367,34.123,8.607
89,0,1,34.951,9.448,34.116,8.688
90,0,1,34.929,9.543,34.093,8.783
91,0,1,34.922,9.609,34.086,8.849
92,0,1,34.900,9.704,34.064,8.944
93,0,1,34.907,9.770,34.071,9.010
94,0,1,34.885,9.851,34.049,9.091
95,0,1,34.892,9.902,34.056,9.142
96,0,1,34.885,9.968,34.049,9.208
97,0,1,34.892,10.034,34.056,9.274
98,0,1,34.900,10.115,34.064,9.355
99,0,1,34.892,10.181,34.056,9.421
100,0,1,34.885,10.247,34.049,9.486
101,0,1,34.877,10.298,34.041,9.538
102,0,1,34.863,10.628,34.056,9.486
103,0,1,34.870,10.445,34.041,9.655
104,0,1,34.870,10.511,34.041,9.721
105,0,1,34.855,10.591,34.026,9.802
106,0,1,34.855,10.672,34.026,9.882
107,0,1,34.855,10.753,34.026,9.963
108,0,1,34.855,10.833,34.026,10.044
109,0,1,34.855,10.899,34.026,10.110
110,0,1,34.855,10.965,34.026,10.176
111,0,1,34.826,11.017,33.997,10.227
112,0,1,34.811,11.083,33.982,10.293
113,0,1,34.811,11.134,33.982,10.345
114,0,1,34.811,11.200,33.982,10.411
115,0,1,34.796,11.266,33.967,10.477
116,0,1,34.796,11.332,33.967,10.543
117,0,1,34.781,11.413,33.952,10.623
118,0,1,34.767,11.494,33.937,10.704
119,0,1,34.752,11.560,33.923,10.770
120,0,1,34.737,11.656,33.908,10.866
121,0,1,34.722,11.736,33.893,10.947
122,0,1,34.708,11.817,33.878,11.027
123,0,1,34.693,11.883,33.864,11.093
124,0,1,34.693,11.964,33.864,11.174
125,0,1,34.708,12.015,33.878,11.225
126,0,1,34.708,12.067,33.878,11.277
127,0,1,34.722,12.133,33.893,11.343
128,0,1,34.722,12.214,33.893,11.424
129,0,1,34.722,12.280,33.893,11.490
130,0,1,34.671,12.427,33.973,11.504
131,0,1,34.729,12.360,33.915,11.563
132,0,1,34.729,12.419,33.915,11.622
133,0,1,34.729,12.493,33.914,11.695
134,0,1,34.729,12.581,33.914,11.783
135,0,1,34.729,12.654,33.914,11.857
136,0,1,34.729,12.728,33.914,11.930
137,0,1,34.729,12.801,33.914,12.004
138,0,1,34.744,12.875,33.929,12.077
139,0,1,34.758,12.933,33.943,12.136
140,0,1,34.758,12.992,33.943,12.195
141,0,1,34.744,13.051,33.929,12.254
142,0,1,34.744,13.110,33.929,12.312
143,0,1,34.744,13.169,33.928,12.371
144,0,1,34.744,13.213,33.928,12.415
145,0,1,34.744,13.272,33.928,12.474
146,0,1,34.744,13.330,33.928,12.533
147,0,1,34.743,13.389,33.928,12.592
148,0,1,34.729,13.463,33.913,12.665
149,0,1,34.729,13.536,33.913,12.739
150,0,1,34.714,13.610,33.899,12.812
151,0,1,34.699,13.698,33.884,12.900
152,0,1,34.684,13.772,33.869,12.974
153,0,1,34.684,13.831,33.869,13.033
154,0,1,34.699,13.904,33.884,13.106
155,0,1,34.714,13.963,33.898,13.165
156,0,1,34.714,14.022,33.898,13.224
157,0,1,34.728,14.080,33.913,13.283
158,0,1,34.728,14.139,33.913,13.342
159,0,1,34.728,14.198,33.913,13.400
160,0,1,34.728,14.242,33.913,13.444
161,0,1,34.728,14.301,33.913,13.503
162,0,1,34.728,14.375,33.913,13.577
163,0,1,34.728,14.434,33.913,13.636
164,0,1,34.743,14.507,33.927,13.709
165,0,1,34.743,14.595,33.927,13.798
166,0,1,34.757,14.669,33.942,13.871
167,0,1,34.772,14.728,33.956,13.930
168,0,1,34.787,14.786,33.971,13.989
169,0,1,34.787,14.845,33.971,14.047
170,0,1,34.787,14.904,33.971,14.106
171,0,1,34.787,14.963,33.971,14.165
172,0,1,34.787,15.022,33.971,14.224
173,0,1,34.801,15.066,33.985,14.268
174,0,1,34.801,15.110,33.985,14.312
175,0,1,34.801,15.169,33.985,14.371
176,0,1,34.801,15.213,33.985,14.415
177,0,1,34.801,15.272,33.985,14.474
178,0,1,34.801,15.331,33.985,14.533
179,0,1,34.801,15.405,33.985,14.607
180,0,1,34.786,15.478,33.970,14.680
181,0,1,34.786,15.552,33.970,14.754
182,0,1,34.771,15.626,33.956,14.828
183,0,1,34.757,15.700,33.941,14.902
184,0,1,34.757,15.759,33.941,14.960
185,0,1,34.771,15.817,33.955,15.019
186,0,1,34.771,15.876,33.955,15.078
187,0,1,34.771,15.921,33.955,15.122
188,0,1,34.757,15.980,33.940,15.181
189,0,1,34.757,16.038,33.940,15.240
190,0,1,34.757,16.083,33.940,15.285
191,0,1,34.742,16.142,33.926,15.344
192,0,1,34.742,16.201,33.926,15.402
193,0,1,34.742,16.260,33.925,15.461
194,0,1,34.742,16.333,33.925,15.535
195,0,1,34.742,16.392,33.925,15.594
196,0,1,34.742,16.466,33.925,15.668
197,0,1,34.756,16.540,33.940,15.741
198,0,1,34.771,16.598,33.955,15.800
199,0,1,34.771,16.657,33.955,15.859
200,0,1,34.771,16.702,33.954,15.903
201,0,1,34.771,16.761,33.954,15.962
202,0,1,34.771,16.834,33.954,16.036
203,0,1,34.756,16.879,33.940,16.080
204,0,1,34.756,16.923,33.940,16.125
205,0,1,34.756,16.967,33.939,16.169
206,0,1,34.741,17.012,33.925,16.213
207,0,1,34.741,17.056,33.925,16.257
208,0,1,34.726,17.115,33.910,16.316
209,0,1,34.712,17.174,33.895,16.376
210,0,1,34.697,17.233,33.880,16.435
211,0,1,34.667,17.307,33.851,16.509
212,0,1,34.653,17.381,33.836,16.582
213,0,1,34.638,17.440,33.821,16.642
214,0,1,34.623,17.499,33.806,16.701
215,0,1,34.623,17.558,33.806,16.760
216,0,1,34.623,17.602,33.806,16.804
217,0,1,34.623,17.647,33.806,16.848
218,0,1,34.608,17.676,33.791,16.878
219,0,1,34.594,17.721,33.777,16.922
220,0,1,34.579,17.765,33.762,16.967
221,0,1,34.564,17.809,33.747,17.011
222,0,1,34.549,17.854,33.732,17.055
223,0,1,34.534,17.898,33.718,17.100
224,0,1,34.534,17.957,33.718,17.159
0,1,1,32.751,3.096,32.180,2.206
1,1,1,32.765,3.126,32.173,2.191
2,1,1,32.765,3.169,32.173,2.235
3,1,1,32.780,3.228,32.187,2.293
4,1,1,32.780,3.272,32.187,2.337
5,1,1,32.794,3.323,32.202,2.388
6,1,1,32.809,3.374,32.216,2.439
7,1,1,32.838,3.432,32.245,2.498
8,1,1,32.919,3.469,32.326,2.534
9,1,1,32.970,3.520,32.377,2.585
10,1,1,32.999,3.578,32.407,2.644
11,1,1,33.006,3.651,32.282,2.680
12,1,1,32.970,3.644,32.304,2.695
13,1,1,32.970,3.710,32.304,2.760
14,1,1,33.013,3.914,32.348,2.870
15,1,1,32.999,3.987,32.377,2.914
16,1,1,32.991,4.023,32.325,2.986
17,1,1,33.006,4.023,32.406,3.045
18,1,1,33.050,4.075,32.391,3.052
19,1,1,33.057,4.096,32.310,3.125
20,1,1,33.013,4.118,32.369,3.125
21,1,1,33.108,4.053,32.347,3.264
22,1,1,33.050,4.140,32.398,3.169
23,1,1,33.072,4.191,32.420,3.220
24,1,1,33.050,4.257,32.398,3.286
25,1,1,33.064,4.330,32.413,3.359
26,1,1,33.057,4.410,32.405,3.439
27,1,1,33.064,4.491,32.412,3.519
28,1,1,33.064,4.549,32.412,3.578
29,1,1,33.078,4.622,32.427,3.651
30,1,1,33.093,4.710,32.441,3.738
31,1,1,33.093,4.783,32.441,3.811
32,1,1,33.114,5.017,32.522,4.045
33,1,1,33.100,4.980,32.500,4.140
34,1,1,33.151,4.987,32.521,4.176
35,1,1,33.173,4.973,32.551,4.242
36,1,1,33.210,5.017,32.521,4.330
37,1,1,33.202,5.053,32.543,4.366
38,1,1,33.232,5.170,32.499,4.461
39,1,1,33.195,5.331,32.506,4.534
40,1,1,33.158,5.353,32.536,4.490
41,1,1,33.173,5.418,32.550,4.556
42,1,1,33.173,5.499,32.550,4.637
43,1,1,33.187,5.565,32.565,4.702
44,1,1,33.209,5.901,32.586,4.870
45,1,1,33.223,5.901,32.564,4.907
46,1,1,33.275,5.967,32.616,4.958
47,1,1,33.245,5.908,32.630,5.024
48,1,1,33.245,5.894,32.630,5.024
49,1,1,33.238,5.952,32.623,5.082
50,1,1,33.245,6.003,32.630,5.133
51,1,1,33.238,6.084,32.623,5.214
52,1,1,33.363,6.120,32.644,5.397
53,1,1,33.326,6.274,32.659,5.440
54,1,1,33.281,6.464,32.651,5.535
55,1,1,33.355,6.544,32.703,5.601
56,1,1,33.355,6.588,32.732,5.601
57,1,1,33.347,6.522,32.732,5.667
58,1,1,33.369,6.595,32.754,5.740
59,1,1,33.377,6.654,32.761,5.799
60,1,1,33.384,6.712,32.768,5.857
61,1,1,33.450,6.786,32.754,5.923
62,1,1,33.450,6.771,32.812,6.047
63,1,1,33.516,6.793,32.856,6.069
64,1,1,33.486,6.851,32.871,6.011
65,1,1,33.567,6.859,32.849,6.223
66,1,1,33.545,7.005,32.856,6.332
67,1,1,33.486,7.159,32.848,6.376
68,1,1,33.544,7.371,32.892,6.471
69,1,1,33.574,7.451,32.892,6.523
70,1,1,33.500,7.481,32.878,6.523
71,1,1,33.515,7.532,32.892,6.588
72,1,1,33.552,7.612,32.929,6.698
73,1,1,33.544,7.554,32.929,6.735
74,1,1,33.603,7.671,32.973,6.793
75,1,1,33.640,7.634,32.906,6.947
76,1,1,33.632,7.554,32.877,7.020
77,1,1,33.559,7.685,32.943,6.881
78,1,1,33.566,7.751,32.950,6.947
79,1,1,33.573,7.803,32.958,6.998
80,1,1,33.581,7.868,32.965,7.064
81,1,1,33.588,7.920,32.972,7.115
82,1,1,33.595,8.000,32.979,7.196
83,1,1,33.588,8.066,32.972,7.262
84,1,1,33.595,8.147,32.979,7.342
85,1,1,33.588,8.213,32.972,7.408
86,1,1,33.595,8.293,32.979,7.489
87,1,1,33.587,8.374,32.972,7.569
88,1,1,33.595,8.454,32.979,7.650
89,1,1,33.587,8.520,32.971,7.716
90,1,1,33.594,8.586,32.979,7.782
91,1,1,33.602,8.637,32.986,7.833
93,1,1,33.594,8.630,32.979,7.825
94,1,1,33.602,8.696,32.986,7.891
95,1,1,33.609,8.777,32.993,7.972
96,1,1,33.594,9.062,32.985,8.177
97,1,1,33.594,9.018,32.985,8.214
98,1,1,33.609,9.070,33.000,8.265
99,1,1,33.594,9.136,32.985,8.331
100,1,1,33.608,9.216,33.000,8.411
101,1,1,33.594,9.282,32.985,8.477
102,1,1,33.608,9.363,33.000,8.558
103,1,1,33.608,9.429,32.999,8.624
105,1,1,33.601,9.422,32.992,8.617
106,1,1,33.645,9.685,32.926,8.881
107,1,1,33.586,9.678,32.977,8.873
108,1,1,33.586,9.744,32.977,8.939
109,1,1,33.769,9.810,33.146,9.005
110,1,1,33.755,9.802,33.146,8.997
111,1,1,33.769,9.854,33.161,9.049
112,1,1,33.784,9.920,33.175,9.115
113,1,1,33.769,9.986,33.160,9.181
114,1,1,33.784,10.066,33.175,9.261
115,1,1,33.769,10.132,33.160,9.327
116,1,1,33.769,10.213,33.160,9.408
117,1,1,33.769,10.279,33.160,9.474
118,1,1,33.769,10.360,33.160,9.555
119,1,1,33.754,10.426,33.145,9.621
120,1,1,33.739,10.492,33.130,9.687
121,1,1,33.739,10.543,33.130,9.738
122,1,1,33.724,10.609,33.115,9.804
123,1,1,33.724,10.661,33.115,9.856
124,1,1,33.724,10.742,33.115,9.936
125,1,1,33.724,10.793,33.115,9.988
126,1,1,33.739,10.874,33.130,10.068
127,1,1,33.768,10.925,33.159,10.120
128,1,1,33.783,11.006,33.174,10.200
129,1,1,33.783,11.072,33.174,10.266
130,1,1,33.797,11.152,33.188,10.347
131,1,1,33.812,11.218,33.203,10.413
132,1,1,33.812,11.284,33.203,10.479
133,1,1,33.827,11.350,33.217,10.545
134,1,1,33.841,11.417,33.232,10.611
135,1,1,33.826,11.483,33.217,10.677
136,1,1,33.826,11.549,33.217,10.743
137,1,1,33.826,11.600,33.217,10.795
138,1,1,33.826,11.666,33.217,10.861
139,1,1,33.841,11.718,33.232,10.912
140,1,1,33.841,11.784,33.232,10.978
141,1,1,33.841,11.850,33.231,11.044
142,1,1,33.855,11.916,33.246,11.110
143,1,1,33.833,12.217,33.202,11.184
144,1,1,33.818,12.100,33.209,11.287
145,1,1,33.818,12.173,33.209,11.360
146,1,1,33.818,12.247,33.209,11.433
147,1,1,33.818,12.291,33.209,11.478
148,1,1,33.833,12.364,33.223,11.551
149,1,1,33.833,12.408,33.223,11.595
150,1,1,33.833,12.482,33.223,11.668
151,1,1,33.833,12.526,33.223,11.713
152,1,1,33.847,12.599,33.238,11.786
153,1,1,33.847,12.643,33.238,11.830
154,1,1,33.899,12.834,33.157,12.110
155,1,1,33.876,12.945,33.186,12.073
156,1,1,33.869,13.033,33.193,12.087
157,1,1,33.810,13.188,33.193,12.176
158,1,1,33.854,13.187,33.230,12.198
159,1,1,33.840,13.092,33.230,12.286
160,1,1,33.854,13.158,33.245,12.352
161,1,1,33.869,13.224,33.259,12.418
162,1,1,33.869,13.276,33.259,12.469
163,1,1,33.883,13.327,33.274,12.521
164,1,1,33.898,13.378,33.288,12.572
165,1,1,33.898,13.445,33.288,12.638
166,1,1,33.898,13.481,33.288,12.675
167,1,1,33.898,13.548,33.288,12.741
168,1,1,33.898,13.599,33.288,12.793
169,1,1,33.898,13.665,33.288,12.859
170,1,1,33.898,13.702,33.288,12.896
171,1,1,33.898,13.768,33.288,12.962
172,1,1,33.883,13.820,33.273,13.013
173,1,1,33.883,13.886,33.273,13.080
174,1,1,33.883,13.952,33.273,13.146
175,1,1,33.868,14.033,33.258,13.227
176,1,1,33.853,14.085,33.243,13.278
177,1,1,33.853,14.151,33.243,13.345
178,1,1,34.030,14.261,33.302,13.580
179,1,1,33.963,14.312,33.353,13.513
180,1,1,33.963,14.371,33.353,13.572
181,1,1,33.963,14.430,33.353,13.631
182,1,1,33.963,14.489,33.353,13.690
183,1,1,33.963,14.533,33.353,13.734
184,1,1,33.948,14.607,33.338,13.808
185,1,1,33.948,14.651,33.338,13.852
186,1,1,33.934,14.725,33.324,13.926
187,1,1,33.933,14.769,33.323,13.970
188,1,1,33.933,14.843,33.323,14.043
189,1,1,33.933,14.887,33.323,14.088
190,1,1,33.933,14.960,33.323,14.161
191,1,1,33.933,15.005,33.323,14.205
192,1,1,33.933,15.078,33.323,14.279
193,1,1,33.933,15.123,33.323,14.323
194,1,1,33.918,15.182,33.308,14.382
195,1,1,33.918,15.240,33.308,14.441
196,1,1,33.918,15.285,33.308,14.485
197,1,1,33.918,15.329,33.308,14.529
198,1,1,33.903,15.388,33.293,14.588
199,1,1,33.903,15.447,33.293,14.647
200,1,1,33.889,15.491,33.278,14.692
201,1,1,33.874,15.535,33.264,14.736
202,1,1,33.859,15.594,33.249,14.795
203,1,1,33.844,15.653,33.234,14.854
204,1,1,33.829,15.713,33.219,14.913
205,1,1,33.815,15.772,33.204,14.972
206,1,1,33.800,15.831,33.190,15.031
207,1,1,33.785,15.875,33.175,15.075
208,1,1,33.770,15.919,33.160,15.120
209,1,1,33.770,15.978,33.160,15.178
210,1,1,33.770,16.037,33.160,15.237
211,1,1,33.755,16.082,33.145,15.282
212,1,1,33.755,16.126,33.145,15.326
213,1,1,33.741,16.170,33.130,15.370
214,1,1,33.741,16.214,33.130,15.415
215,1,1,33.726,16.273,33.115,15.474
216,1,1,33.711,16.318,33.101,15.518
217,1,1,33.711,16.362,33.100,15.562
218,1,1,33.696,16.421,33.086,15.621
219,1,1,33.696,16.480,33.086,15.680
220,1,1,33.696,16.539,33.085,15.739
221,1,1,33.681,16.583,33.071,15.783
222,1,1,33.681,16.628,33.071,15.828
223,1,1,33.681,16.687,33.071,15.887
224,1,1,33.666,16.746,33.056,15.946
225,1,1,33.666,16.790,33.056,15.990
226,1,1,33.652,16.820,33.041,16.020
227,1,1,33.637,16.864,33.026,16.064
228,1,1,33.637,16.923,33.026,16.123
229,1,1,33.622,16.982,33.011,16.182
230,1,1,33.622,17.026,33.011,16.226
231,1,1,33.607,17.056,32.996,16.256
232,1,1,33.592,17.100,32.982,16.300
234,1,1,33.577,17.204,32.967,16.404
235,1,1,33.548,17.248,32.937,16.448
236,1,1,33.533,17.322,32.922,16.522
237,1,1,33.518,17.367,32.907,16.566
238,1,1,33.489,17.426,32.878,16.626
239,1,1,33.474,17.485,32.863,16.685
240,1,1,33.444,17.530,32.833,16.729
241,1,1,33.430,17.574,32.819,16.774
242,1,1,33.415,17.633,32.804,16.833
243,1,1,33.400,17.678,32.789,16.877
244,1,1,33.400,17.722,32.789,16.921
246,1,1,33.370,17.825,32.759,17.025
247,1,1,33.356,17.855,32.745,17.055
248,1,1,33.341,17.900,32.730,17.099
249,1,1,33.326,17.959,32.715,17.158
233,1,1,33.592,17.160,32.981,16.359
245,1,1,33.385,17.781,32.774,16.981
0,2,1,33.689,2.820,33.096,2.134
1,2,1,33.711,2.842,33.089,2.127
2,2,1,33.718,2.886,33.096,2.171
3,2,1,33.725,2.930,33.104,2.215
4,2,1,33.718,2.974,33.096,2.258
5,2,1,33.725,2.995,33.103,2.280
6,2,1,33.733,3.061,33.111,2.346
7,2,1,33.740,3.105,33.118,2.390
8,2,1,33.740,3.134,33.118,2.419
10,2,1,33.732,3.127,33.111,2.411
11,2,1,33.732,3.156,33.111,2.441
12,2,1,33.747,3.229,33.125,2.514
13,2,1,33.747,3.294,33.125,2.579
14,2,1,33.754,3.360,33.132,2.645
15,2,1,33.747,3.426,33.125,2.710
16,2,1,33.746,3.907,33.132,2.579
17,2,1,33.790,3.907,33.162,2.586
18,2,1,33.783,3.805,33.169,2.689
19,2,1,33.790,3.863,33.176,2.747
20,2,1,33.798,3.929,33.183,2.813
21,2,1,33.805,4.009,33.191,2.893
22,2,1,33.812,4.053,33.198,2.936
23,2,1,33.834,4.111,33.220,2.995
24,2,1,33.827,4.170,33.212,3.053
25,2,1,33.834,4.243,33.220,3.126
26,2,1,33.826,4.287,33.212,3.170
27,2,1,33.834,4.360,33.219,3.243
28,2,1,33.812,4.403,33.197,3.287
29,2,1,33.804,4.476,33.190,3.360
30,2,1,33.958,4.498,33.322,3.578
31,2,1,33.921,4.644,33.300,3.673
32,2,1,33.929,4.754,33.336,3.681
33,2,1,33.819,4.798,33.314,3.746
34,2,1,33.877,4.841,33.351,3.732
35,2,1,33.907,4.856,33.343,3.746
36,2,1,33.914,4.827,33.336,3.775
37,2,1,33.906,5.017,33.351,3.834
38,2,1,33.906,5.068,33.321,3.958
39,2,1,33.899,5.031,33.328,3.973
40,2,1,33.906,5.090,33.336,4.031
41,2,1,33.928,5.134,33.358,4.075
42,2,1,33.935,5.192,33.365,4.133
43,2,1,33.957,5.250,33.387,4.192
44,2,1,33.979,5.294,33.409,4.235
45,2,1,34.111,5.287,33.386,4.505
46,2,1,34.104,5.484,33.379,4.615
47,2,1,34.067,5.616,33.438,4.717
48,2,1,34.074,5.674,33.423,4.754
49,2,1,34.038,5.711,33.452,4.710
50,2,1,34.045,5.769,33.459,4.768
51,2,1,34.067,5.842,33.481,4.841
52,2,1,34.074,5.915,33.489,4.914
53,2,1,34.096,5.988,33.511,4.987
54,2,1,34.162,6.164,33.474,4.871
55,2,1,34.111,6.025,33.525,5.009
56,2,1,34.118,6.098,33.532,5.082
57,2,1,34.140,6.156,33.554,5.141
58,2,1,34.147,6.200,33.562,5.185
59,2,1,34.169,6.259,33.584,5.243
60,2,1,34.162,6.317,33.576,5.302
61,2,1,34.169,6.375,33.583,5.360
62,2,1,34.176,6.449,33.591,5.433
63,2,1,34.183,6.507,33.598,5.491
64,2,1,34.176,6.566,33.591,5.550
65,2,1,34.183,6.624,33.598,5.608
66,2,1,34.176,6.683,33.590,5.667
67,2,1,34.183,6.741,33.598,5.725
68,2,1,34.191,6.814,33.605,5.798
69,2,1,34.198,6.887,33.612,5.871
70,2,1,34.205,6.960,33.619,5.945
71,2,1,34.212,7.033,33.627,6.018
72,2,1,34.205,7.107,33.619,6.091
73,2,1,34.227,7.165,33.641,6.149
74,2,1,34.190,7.224,33.612,6.208
75,2,1,34.227,7.319,33.612,6.354
76,2,1,34.205,7.333,33.626,6.325
77,2,1,34.205,7.399,33.626,6.390
78,2,1,34.219,7.436,33.641,6.427
79,2,1,34.234,7.487,33.656,6.478
80,2,1,34.263,7.524,33.685,6.515
81,2,1,34.278,7.575,33.699,6.566
82,2,1,34.278,7.641,33.699,6.632
83,2,1,34.263,7.721,33.685,6.712
84,2,1,34.263,7.802,33.685,6.793
85,2,1,34.248,7.897,33.670,6.888
86,2,1,34.248,7.963,33.670,6.954
87,2,1,34.263,8.028,33.684,7.019
88,2,1,34.277,8.080,33.699,7.071
89,2,1,34.292,8.160,33.713,7.151
90,2,1,34.307,8.226,33.728,7.217
91,2,1,34.321,8.292,33.743,7.283
92,2,1,34.336,8.358,33.757,7.349
93,2,1,34.351,8.424,33.772,7.414
94,2,1,34.351,8.475,33.772,7.466
95,2,1,34.336,8.555,33.757,7.546
96,2,1,34.306,8.621,33.728,7.605
97,2,1,34.306,8.614,33.728,7.605
98,2,1,34.306,8.665,33.728,7.656
99,2,1,34.306,8.717,33.728,7.707
100,2,1,34.306,8.753,33.728,7.744
101,2,1,34.306,8.790,33.727,7.780
102,2,1,34.321,8.826,33.742,7.817
103,2,1,34.336,8.878,33.757,7.868
104,2,1,34.350,8.929,33.771,7.919
106,2,1,34.365,9.141,33.764,8.073
107,2,1,34.350,9.112,33.771,8.102
108,2,1,34.350,9.141,33.771,8.132
109,2,1,34.365,9.163,33.786,8.154
118,2,1,34.276,10.102,33.807,9.172
119,2,1,34.283,10.160,33.814,9.231
120,2,1,34.276,10.248,33.807,9.318
121,2,1,34.298,10.314,33.829,9.384
122,2,1,34.305,10.380,33.836,9.450
123,2,1,34.312,10.446,33.843,9.516
124,2,1,34.320,10.527,33.850,9.597
125,2,1,34.341,10.578,33.872,9.648
126,2,1,34.349,10.644,33.880,9.714
127,2,1,34.371,10.710,33.902,9.780
128,2,1,34.452,10.622,33.644,9.876
129,2,1,34.378,10.659,33.718,9.839
130,2,1,34.510,10.666,33.732,10.008
131,2,1,34.525,10.739,33.747,10.169
132,2,1,34.488,10.812,33.718,10.191
133,2,1,34.466,10.842,33.747,10.155
134,2,1,34.473,10.893,33.754,10.206
135,2,1,34.495,10.945,33.776,10.257
136,2,1,34.503,10.996,33.784,10.308
137,2,1,34.525,11.062,33.806,10.374
138,2,1,34.517,11.128,33.798,10.440
139,2,1,34.525,11.209,33.805,10.521
140,2,1,34.532,11.275,33.813,10.587
141,2,1,34.539,11.355,33.820,10.668
142,2,1,34.517,11.590,33.960,10.506
143,2,1,34.554,11.612,33.879,10.682
144,2,1,34.532,11.686,33.930,10.653
145,2,1,34.590,11.737,33.945,10.748
146,2,1,34.598,11.722,33.967,10.902
147,2,1,34.612,11.810,33.974,11.049
148,2,1,34.620,11.898,33.966,11.225
149,2,1,34.715,11.949,33.959,11.313
150,2,1,34.656,12.023,34.010,11.225
151,2,1,34.664,12.082,34.018,11.284
152,2,1,34.671,12.140,34.025,11.342
153,2,1,34.722,12.405,34.040,11.291
154,2,1,34.737,12.471,34.150,11.408
155,2,1,34.707,12.544,34.150,11.430
156,2,1,34.722,12.551,34.142,11.408
157,2,1,34.744,12.404,34.120,11.555
158,2,1,34.759,12.713,34.084,11.372
159,2,1,34.700,12.654,34.091,11.430
160,2,1,34.707,12.485,34.091,11.599
161,2,1,34.766,12.720,34.091,11.695
162,2,1,34.729,12.647,34.113,11.761
163,2,1,34.810,12.963,34.076,11.871
164,2,1,34.751,12.853,34.135,11.959
165,2,1,34.758,12.904,34.142,12.010
166,2,1,34.780,12.955,34.164,12.062
167,2,1,34.773,13.007,34.157,12.113
168,2,1,34.876,13.241,34.098,12.290
169,2,1,34.817,13.212,34.105,12.326
170,2,1,34.802,13.323,34.127,12.326
171,2,1,34.773,13.418,34.112,12.341
172,2,1,34.773,13.470,34.120,12.341
173,2,1,34.839,13.536,34.098,12.326
174,2,1,34.809,13.587,34.127,12.311
175,2,1,34.795,13.602,34.105,12.363
176,2,1,34.817,13.683,34.105,12.407
177,2,1,34.831,13.720,34.083,12.539
178,2,1,34.780,13.712,34.119,12.664
179,2,1,34.773,13.801,34.112,12.730
180,2,1,34.795,13.859,34.097,12.863
181,2,1,34.751,13.816,34.134,12.885
182,2,1,34.743,13.874,34.126,12.944
183,2,1,35.663,7.339,35.114,6.346
184,2,1,34.736,13.867,34.119,12.936
185,2,1,34.728,13.897,34.112,12.966
186,2,1,34.736,13.897,34.119,12.966
187,2,1,34.728,13.897,34.112,12.966
188,2,1,34.721,13.897,34.104,12.966
189,2,1,34.714,13.897,34.097,12.966
190,2,1,34.706,13.897,34.090,12.966
191,2,1,34.699,13.911,34.082,12.980
192,2,1,34.706,13.911,34.090,12.980
193,2,1,34.691,14.287,34.067,13.392
194,2,1,34.684,14.287,34.067,13.363
195,2,1,34.699,14.588,34.074,13.679
196,2,1,34.691,14.581,34.074,13.664
197,2,1,34.684,14.890,34.096,14.025
198,2,1,34.691,14.905,34.081,13.995
199,2,1,34.801,15.073,34.214,14.142
200,2,1,34.801,15.059,34.199,14.149
201,2,1,34.779,15.302,34.199,14.370
202,2,1,34.786,15.280,34.191,14.370
203,2,1,34.786,15.331,34.191,14.422
204,2,1,34.772,15.368,34.177,14.459
205,2,1,34.772,15.420,34.177,14.510
206,2,1,34.757,15.486,34.162,14.576
207,2,1,34.727,15.552,34.132,14.643
208,2,1,34.713,15.604,34.118,14.694
209,2,1,34.698,15.685,34.103,14.775
210,2,1,34.668,15.737,34.073,14.827
211,2,1,34.654,15.818,34.058,14.908
212,2,1,34.654,15.884,34.058,14.975
213,2,1,34.639,15.951,34.044,15.041
214,2,1,34.609,16.003,34.014,15.093
215,2,1,34.595,16.069,33.999,15.159
216,2,1,34.609,16.106,34.014,15.196
217,2,1,34.661,16.268,33.904,15.277
218,2,1,34.580,16.224,33.984,15.314
219,2,1,34.565,16.275,33.970,15.365
220,2,1,34.565,16.312,33.970,15.402
221,2,1,34.565,16.379,33.970,15.469
222,2,1,34.565,16.416,33.970,15.505
223,2,1,34.565,16.482,33.970,15.572
224,2,1,34.550,16.534,33.955,15.623
225,2,1,34.535,16.600,33.940,15.690
226,2,1,34.535,16.652,33.940,15.741
227,2,1,34.521,16.718,33.925,15.808
228,2,1,34.491,16.785,33.896,15.874
229,2,1,34.476,16.851,33.881,15.941
230,2,1,34.476,16.903,33.881,15.992
231,2,1,34.462,16.969,33.866,16.059
232,2,1,34.432,17.021,33.836,16.111
234,2,1,34.432,17.124,33.836,16.214
235,2,1,34.417,17.176,33.822,16.265
236,2,1,34.417,17.228,33.822,16.317
237,2,1,34.402,17.279,33.807,16.369
238,2,1,34.388,17.316,33.792,16.406
239,2,1,34.388,17.383,33.792,16.472
240,2,1,34.358,17.420,33.762,16.509
241,2,1,34.343,17.486,33.748,16.576
242,2,1,34.299,17.524,33.703,16.613
243,2,1,34.284,17.590,33.689,16.679
244,2,1,34.255,17.642,33.659,16.731
246,2,1,34.211,17.760,33.615,16.849
247,2,1,34.196,17.746,33.600,17.004
248,2,1,34.166,17.790,33.570,17.049
249,2,1,34.137,17.864,33.541,17.123
250,2,1,34.122,17.835,33.526,17.226
251,2,1,34.122,17.857,33.526,17.249
252,2,1,34.122,17.879,33.526,17.271
253,2,1,34.122,17.857,33.526,17.344
254,2,1,34.122,17.886,33.526,17.374
255,2,1,34.078,17.924,33.481,17.411
257,2,1,34.070,17.850,33.474,17.404
258,2,1,34.063,17.887,33.467,17.441
259,2,1,34.048,17.939,33.452,17.493
260,2,1,34.034,17.954,33.437,17.559
261,2,1,34.019,17.813,33.422,17.759
262,2,1,35.634,7.317,35.085,6.324
263,2,1,34.012,17.806,33.415,17.751
264,2,1,34.004,17.799,33.407,17.744
265,2,1,33.997,17.791,33.400,17.737
266,2,1,33.989,17.784,33.393,17.729
267,2,1,33.982,17.777,33.385,17.722
268,2,1,33.975,17.769,33.378,17.715
269,2,1,33.967,17.762,33.370,17.707
270,2,1,33.960,17.755,33.363,17.700
271,2,1,33.953,17.747,33.356,17.693
272,2,1,33.945,17.740,33.348,17.685
273,2,1,33.938,17.733,33.341,17.678
274,2,1,33.931,17.725,33.334,17.671
275,2,1,33.923,17.718,33.326,17.663
276,2,1,33.916,17.711,33.319,17.656
277,2,1,33.909,17.703,33.312,17.649
278,2,1,33.901,17.696,33.304,17.641
279,2,1,33.894,17.689,33.297,17.634
280,2,1,33.886,17.681,33.289,17.627
281,2,1,33.879,17.674,33.282,17.619
282,2,1,33.872,17.667,33.275,17.612
283,2,1,33.864,17.660,33.267,17.605
284,2,1,33.857,17.652,33.260,17.597
285,2,1,33.850,17.645,33.253,17.590
286,2,1,33.842,17.638,33.245,17.583
287,2,1,33.835,17.630,33.238,17.575
288,2,1,33.828,17.623,33.231,17.568
289,2,1,33.820,17.616,33.223,17.561
290,2,1,33.813,17.608,33.216,17.553
291,2,1,33.805,17.601,33.208,17.546
292,2,1,33.798,17.594,33.201,17.539
293,2,1,33.791,17.586,33.194,17.531
294,2,1,33.783,17.579,33.186,17.524
295,2,1,33.776,17.572,33.179,17.517
296,2,1,33.769,17.564,33.172,17.509
297,2,1,33.761,17.557,33.164,17.502
298,2,1,33.754,17.550,33.157,17.495
299,2,1,33.747,17.542,33.150,17.487
300,2,1,33.739,17.535,33.142,17.480
301,2,1,33.732,17.528,33.135,17.473
302,2,1,33.724,17.520,33.127,17.465
303,2,1,33.717,17.513,33.120,17.458
304,2,1,33.710,17.506,33.113,17.451
305,2,1,33.702,17.498,33.105,17.443
306,2,1,33.695,17.491,33.098,17.436
307,2,1,33.688,17.484,33.091,17.429
308,2,1,33.680,17.476,33.083,17.421
309,2,1,33.673,17.469,33.076,17.414
310,2,1,33.666,17.462,33.069,17.407
311,2,1,33.658,17.454,33.061,17.399
312,2,1,33.651,17.447,33.054,17.392
313,2,1,33.644,17.440,33.046,17.385
314,2,1,33.636,17.432,33.039,17.377
315,2,1,33.629,17.425,33.032,17.370
316,2,1,33.621,17.418,33.024,17.363
317,2,1,33.614,17.410,33.017,17.355
318,2,1,33.607,17.403,33.010,17.348
319,2,1,33.599,17.396,33.002,17.341
320,2,1,33.592,17.388,32.995,17.333
321,2,1,33.585,17.381,32.988,17.326
322,2,1,33.577,17.374,32.980,17.319
323,2,1,33.570,17.366,32.973,17.311
324,2,1,33.563,17.359,32.965,17.304
325,2,1,33.555,17.352,32.958,17.297
326,2,1,33.548,17.344,32.951,17.289
327,2,1,33.540,17.337,32.943,17.282
328,2,1,33.533,17.330,32.936,17.275
329,2,1,33.526,17.322,32.929,17.267
330,2,1,33.518,17.315,32.921,17.260
331,2,1,33.511,17.308,32.914,17.253
332,2,1,33.504,17.300,32.906,17.245
333,2,1,33.496,17.293,32.899,17.238
334,2,1,33.489,17.286,32.892,17.231
335,2,1,33.482,17.278,32.884,17.223
336,2,1,33.474,17.271,32.877,17.216
337,2,1,33.467,17.264,32.870,17.209
338,2,1,33.459,17.256,32.862,17.201
339,2,1,33.452,17.249,32.855,17.194
340,2,1,33.445,17.242,32.848,17.187
341,2,1,33.437,17.234,32.840,17.179
342,2,1,33.430,17.227,32.833,17.172
343,2,1,33.423,17.220,32.825,17.165
344,2,1,33.415,17.212,32.818,17.157
345,2,1,33.408,17.205,32.811,17.150
346,2,1,33.401,17.198,32.803,17.143
347,2,1,33.393,17.190,32.796,17.135
348,2,1,33.386,17.183,32.789,17.128
349,2,1,33.378,17.176,32.781,17.121
350,2,1,33.371,17.168,32.774,17.113
351,2,1,33.364,17.161,32.767,17.106
352,2,1,33.356,17.154,32.759,17.099
353,2,1,33.349,17.146,32.752,17.091
354,2,1,33.342,17.139,32.744,17.084
355,2,1,33.334,17.132,32.737,17.077
356,2,1,33.327,17.124,32.730,17.069
357,2,1,33.320,17.117,32.722,17.062
358,2,1,33.312,17.110,32.715,17.055
359,2,1,33.305,17.102,32.708,17.047
360,2,1,33.297,17.095,32.700,17.040
361,2,1,33.290,17.088,32.693,17.033
362,2,1,33.283,17.080,32.686,17.025
363,2,1,33.275,17.073,32.678,17.018
364,2,1,33.268,17.066,32.671,17.011
365,2,1,33.261,17.058,32.663,17.003
366,2,1,33.253,17.051,32.656,16.996
367,2,1,33.246,17.044,32.649,16.989
368,2,1,33.239,17.036,32.641,16.981
369,2,1,33.231,17.029,32.634,16.974
370,2,1,33.224,17.022,32.627,16.967
371,2,1,33.216,17.014,32.619,16.959
372,2,1,33.209,17.007,32.612,16.952
373,2,1,33.202,17.000,32.605,16.945
374,2,1,33.194,16.992,32.597,16.937
375,2,1,33.187,16.985,32.590,16.930
376,2,1,33.180,16.978,32.582,16.923
377,2,1,33.172,16.970,32.575,16.915
378,2,1,33.165,16.963,32.568,16.908
379,2,1,33.158,16.956,32.560,16.901
380,2,1,33.150,16.948,32.553,16.893
381,2,1,33.143,16.941,32.546,16.886
382,2,1,33.136,16.934,32.538,16.879
383,2,1,33.128,16.926,32.531,16.871
384,2,1,33.121,16.919,32.523,16.864
385,2,1,33.113,16.912,32.516,16.857
386,2,1,33.106,16.904,32.509,16.849
387,2,1,33.099,16.897,32.501,16.842
388,2,1,33.091,16.890,32.494,16.835
389,2,1,33.084,16.882,32.487,16.827
390,2,1,33.077,16.875,32.479,16.820
391,2,1,33.069,16.868,32.472,16.813
392,2,1,33.062,16.861,32.465,16.805
393,2,1,33.055,16.853,32.457,16.798
394,2,1,33.047,16.846,32.450,16.791
395,2,1,33.040,16.839,32.442,16.783
396,2,1,33.032,16.831,32.435,16.776
397,2,1,33.025,16.824,32.428,16.769
398,2,1,33.018,16.817,32.420,16.761
399,2,1,33.010,16.809,32.413,16.754
400,2,1,33.003,16.802,32.406,16.747
401,2,1,32.996,16.795,32.398,16.739
402,2,1,32.988,16.787,32.391,16.732
403,2,1,32.981,16.780,32.384,16.725
404,2,1,32.974,16.773,32.376,16.717
405,2,1,32.966,16.765,32.369,16.710
406,2,1,32.959,16.758,32.361,16.703
407,2,1,32.951,16.751,32.354,16.695
408,2,1,32.944,16.743,32.347,16.688
409,2,1,32.937,16.736,32.339,16.681
410,2,1,32.929,16.729,32.332,16.673
411,2,1,32.922,16.721,32.325,16.666
412,2,1,32.915,16.714,32.317,16.659
413,2,1,32.907,16.707,32.310,16.651
414,2,1,32.900,16.699,32.303,16.644
415,2,1,32.893,16.692,32.295,16.637
416,2,1,32.885,16.685,32.288,16.629
417,2,1,32.878,16.677,32.280,16.622
418,2,1,32.870,16.670,32.273,16.615
419,2,1,32.863,16.663,32.266,16.607
420,2,1,32.856,16.655,32.258,16.600
421,2,1,32.848,16.648,32.251,16.593
422,2,1,32.841,16.641,32.244,16.585
423,2,1,32.834,16.633,32.236,16.578
424,2,1,32.826,16.626,32.229,16.571
425,2,1,32.819,16.619,32.221,16.563
426,2,1,32.812,16.611,32.214,16.556
427,2,1,32.804,16.604,32.207,16.549
428,2,1,32.797,16.597,32.199,16.541
429,2,1,32.789,16.589,32.192,16.534
430,2,1,32.782,16.582,32.185,16.527
431,2,1,32.775,16.575,32.177,16.519
432,2,1,32.767,16.567,32.170,16.512
433,2,1,32.760,16.560,32.163,16.505
434,2,1,32.753,16.553,32.155,16.497
435,2,1,32.745,16.545,32.148,16.490
436,2,1,32.738,16.538,32.140,16.483
437,2,1,32.731,16.531,32.133,16.475
438,2,1,32.723,16.523,32.126,16.468
439,2,1,32.716,16.516,32.118,16.461
440,2,1,32.708,16.509,32.111,16.453
441,2,1,32.701,16.501,32.104,16.446
442,2,1,32.694,16.494,32.096,16.439
443,2,1,32.686,16.487,32.089,16.431
444,2,1,32.679,16.479,32.082,16.424
445,2,1,32.672,16.472,32.074,16.417
446,2,1,32.664,16.465,32.067,16.409
447,2,1,32.657,16.457,32.059,16.402
448,2,1,32.650,16.450,32.052,16.395
449,2,1,32.642,16.443,32.045,16.387
450,2,1,32.635,16.435,32.037,16.380
451,2,1,32.627,16.428,32.030,16.373
452,2,1,32.620,16.421,32.023,16.365
453,2,1,32.613,16.413,32.015,16.358
454,2,1,32.605,16.406,32.008,16.351
455,2,1,32.598,16.399,32.000,16.343
456,2,1,32.591,16.391,31.993,16.336
457,2,1,32.583,16.384,31.986,16.329
458,2,1,32.576,16.377,31.978,16.321
459,2,1,32.569,16.369,31.971,16.314
460,2,1,32.561,16.362,31.964,16.307
461,2,1,32.554,16.355,31.956,16.299
462,2,1,32.546,16.347,31.949,16.292
233,2,1,34.417,17.087,33.822,16.177
245,2,1,34.225,17.709,33.629,16.798
256,2,1,35.634,7.317,35.085,6.324
0,3,2,44.489,10.554,42.990,9.778
1,3,2,44.423,10.503,43.092,9.873
2,3,2,44.358,10.504,43.026,9.858
3,3,2,44.365,10.496,43.026,9.858
4,3,2,44.300,10.489,42.961,9.851
5,3,2,44.234,10.497,42.896,9.859
6,3,2,44.169,10.475,42.830,9.837
7,3,2,44.104,10.468,42.765,9.830
8,3,2,44.133,10.461,42.299,9.787
9,3,2,44.118,10.468,42.205,9.780
10,3,2,43.951,10.447,42.379,9.794
11,3,2,43.987,10.468,41.928,9.817
12,3,2,43.835,10.461,41.754,9.803
13,3,2,43.733,10.491,41.804,9.803
14,3,2,43.660,10.462,41.768,9.811
15,3,2,43.610,10.499,41.659,9.818
16,3,2,43.552,10.470,41.462,9.826
17,3,2,43.479,10.470,41.462,9.819
18,3,2,43.348,10.492,41.331,9.826
19,3,2,43.297,10.500,41.309,9.826
20,3,2,43.210,10.493,41.244,9.819
21,3,2,43.159,10.478,41.164,9.805
22,3,2,43.130,10.493,41.200,9.797
23,3,2,43.057,10.500,41.222,9.805
24,3,2,42.716,10.443,41.433,9.848
25,3,2,42.679,10.458,41.426,9.855
26,3,2,42.941,10.471,41.164,9.841
27,3,2,42.861,10.472,41.084,9.842
28,3,2,42.767,10.472,40.989,9.842
29,3,2,42.687,10.472,40.909,9.842
30,3,2,42.439,10.429,40.654,9.821
31,3,2,42.301,10.408,40.515,9.829
32,3,2,42.032,10.445,40.770,9.813
33,3,2,41.952,10.423,40.683,9.813
34,3,2,41.857,10.438,40.515,9.829
35,3,2,41.799,10.438,40.435,9.829
36,3,2,41.653,10.446,40.355,9.807
37,3,2,41.704,10.504,40.158,9.734
38,3,2,41.726,10.373,39.910,9.772
39,3,2,41.631,10.410,39.808,9.757
40,3,2,41.515,10.403,39.691,9.765
41,3,2,41.471,10.432,39.640,9.765
42,3,2,41.442,10.425,39.596,9.743
43,3,2,41.362,10.403,39.545,9.765
44,3,2,41.260,10.374,39.421,9.780
45,3,2,40.888,10.405,39.575,9.787
46,3,2,40.779,10.405,39.516,9.787
47,3,2,40.815,10.419,39.509,9.780
48,3,2,40.764,10.398,39.436,9.780
49,3,2,40.611,10.398,39.326,9.766
50,3,2,40.779,10.376,39.173,9.781
51,3,2,40.465,10.399,39.129,9.781
52,3,2,40.597,10.384,38.998,9.789
53,3,2,40.509,10.377,38.910,9.782
54,3,2,40.210,10.392,38.903,9.789
55,3,2,40.188,10.377,38.932,9.752
56,3,2,40.349,10.362,38.764,9.767
57,3,2,40.261,10.355,38.677,9.760
58,3,2,40.174,10.348,38.589,9.753
59,3,2,40.086,10.356,38.501,9.761
60,3,2,39.999,10.349,38.414,9.754
61,3,2,39.911,10.342,38.326,9.747
62,3,2,39.823,10.335,38.238,9.739
63,3,2,39.721,10.342,38.136,9.747
64,3,2,39.356,10.387,38.041,9.747
65,3,2,39.247,10.373,37.895,9.755
66,3,2,39.437,10.431,37.456,9.742
67,3,2,39.415,10.402,37.507,9.705
68,3,2,39.247,10.351,37.668,9.756
69,3,2,39.152,10.344,37.573,9.749
70,3,2,39.072,10.337,37.493,9.741
71,3,2,38.977,10.345,37.398,9.749
72,3,2,39.028,10.374,36.856,9.677
73,3,2,38.874,10.330,37.295,9.735
74,3,2,38.794,10.323,37.215,9.728
75,3,2,38.685,10.316,37.105,9.720
76,3,2,38.604,10.294,37.024,9.699
77,3,2,38.524,10.287,36.944,9.692
78,3,2,38.443,10.266,36.863,9.670
79,3,2,38.429,10.295,36.336,9.576
80,3,2,38.188,10.230,36.600,9.634
81,3,2,38.114,10.223,36.527,9.627
82,3,2,38.041,10.201,36.453,9.605
83,3,2,37.968,10.179,36.380,9.583
84,3,2,37.895,10.172,36.307,9.576
85,3,2,37.822,10.150,36.234,9.554
86,3,2,37.807,10.158,35.860,9.372
87,3,2,37.639,10.063,36.051,9.467
88,3,2,37.581,10.041,35.992,9.445
89,3,2,37.522,10.019,35.934,9.423
90,3,2,37.464,10.012,35.875,9.416
91,3,2,37.390,9.976,35.802,9.380
92,3,2,37.332,9.969,35.743,9.373
93,3,2,37.273,9.932,35.684,9.336
94,3,2,37.215,9.925,35.626,9.329
95,3,2,37.156,9.889,35.567,9.292
96,3,2,37.098,9.867,35.509,9.271
97,3,2,37.039,9.845,35.450,9.249
98,3,2,36.981,9.823,35.391,9.227
99,3,2,36.937,9.801,35.347,9.205
100,3,2,36.878,9.780,35.289,9.183
101,3,2,36.739,9.970,35.560,8.956
102,3,2,36.812,9.751,35.223,9.154
103,3,2,36.754,9.729,35.164,9.132
104,3,2,36.688,9.707,35.098,9.110
105,3,2,36.651,9.685,35.061,9.089
106,3,2,36.607,9.663,35.018,9.067
107,3,2,36.527,9.627,34.937,9.030
108,3,2,36.490,9.605,34.900,9.008
109,3,2,36.432,9.568,34.842,8.972
110,3,2,36.366,9.547,34.776,8.950
111,3,2,36.314,9.510,34.724,8.913
112,3,2,36.256,9.488,34.666,8.892
113,3,2,35.758,8.582,34.168,7.985
114,3,2,36.168,9.445,34.578,8.848
115,3,2,36.109,9.408,34.519,8.811
116,3,2,36.073,9.401,34.512,8.826
117,3,2,35.977,9.343,34.416,8.768
118,3,2,35.934,9.321,34.372,8.746
119,3,2,35.890,9.292,34.336,8.724
120,3,2,35.816,9.270,34.262,8.702
121,3,2,35.772,9.233,34.218,8.666
122,3,2,35.714,9.212,34.167,8.644
123,3,2,35.648,9.190,34.101,8.622
124,3,2,35.604,9.168,34.057,8.600
125,3,2,35.560,9.146,34.020,8.578
126,3,2,35.487,9.124,33.947,8.556
127,3,2,35.443,9.102,33.903,8.534
128,3,2,35.384,9.080,33.852,8.512
129,3,2,35.318,9.044,33.785,8.476
130,3,2,35.245,9.022,33.712,8.454
131,3,2,35.201,9.000,33.675,8.440
132,3,2,35.128,8.979,33.602,8.418
133,3,2,35.069,8.942,33.543,8.381
134,3,2,34.996,8.920,33.477,8.359
135,3,2,34.900,8.884,33.382,8.323
136,3,2,34.827,8.862,33.308,8.301
137,3,2,34.768,8.826,33.250,8.264
138,3,2,34.680,8.804,33.162,8.243
139,3,2,34.607,8.767,33.088,8.206
140,3,2,34.519,8.745,33.007,8.184
141,3,2,34.431,8.724,32.919,8.163
142,3,2,34.358,8.702,32.846,8.141
143,3,2,34.284,8.680,32.772,8.119
144,3,2,34.196,8.658,32.684,8.097
145,3,2,34.108,8.636,32.596,8.075
146,3,2,34.020,8.622,32.515,8.061
147,3,2,33.925,8.608,32.420,8.046
148,3,2,33.837,8.600,32.332,8.039
149,3,2,33.749,8.579,32.243,8.017
150,3,2,33.646,8.571,32.140,8.010
151,3,2,33.558,8.564,32.052,8.003
152,3,2,33.455,8.557,31.957,7.996
153,3,2,33.338,8.535,31.839,7.974
154,3,2,33.220,8.528,31.721,7.967
155,3,2,33.117,8.507,31.618,7.945
156,3,2,33.014,8.499,31.515,7.938
157,3,2,32.882,8.478,31.383,7.916
158,3,2,32.779,8.478,31.287,7.916
159,3,2,32.654,8.463,31.162,7.902
160,3,2,32.537,8.456,31.044,7.894
161,3,2,32.434,8.442,30.941,7.887
162,3,2,32.331,8.435,30.838,7.880
163,3,2,32.199,8.428,30.706,7.873
164,3,2,32.096,8.435,30.610,7.880
165,3,2,31.963,8.428,30.478,7.873
166,3,2,31.860,8.436,30.374,7.881
167,3,2,31.713,8.428,30.227,7.874
168,3,2,31.581,8.436,30.094,7.881
169,3,2,31.463,8.429,29.976,7.874
170,3,2,31.345,8.437,29.866,7.882
171,3,2,31.191,8.444,29.711,7.889
172,3,2,31.058,8.452,29.578,7.897
173,3,2,30.911,8.459,29.431,7.904
174,3,2,30.778,8.467,29.298,7.912
175,3,2,30.660,8.474,29.180,7.919
176,3,2,30.528,8.497,29.054,7.941
177,3,2,30.380,8.504,28.907,7.949
178,3,2,30.247,8.512,28.774,7.957
179,3,2,30.130,8.519,28.656,7.964
180,3,2,29.997,8.542,28.523,7.986
181,3,2,29.849,8.549,28.375,7.994
182,3,2,29.717,8.557,28.250,8.009
183,3,2,29.576,8.579,28.109,8.031
184,3,2,29.429,8.587,27.961,8.039
185,3,2,29.296,8.595,27.828,8.046
186,3,2,29.163,8.617,27.695,8.069
187,3,2,29.015,8.624,27.547,8.076
188,3,2,28.883,8.647,27.422,8.098
189,3,2,28.764,8.669,27.303,8.121
190,3,2,28.617,8.691,27.155,8.143
191,3,2,28.484,8.699,27.022,8.150
192,3,2,28.336,8.721,26.874,8.173
193,3,2,28.203,8.729,26.741,8.180
194,3,2,28.085,8.751,26.630,8.203
195,3,2,27.944,8.759,26.489,8.210
196,3,2,27.796,8.781,26.341,8.233
197,3,2,28.047,8.987,25.964,8.218
198,3,2,27.656,8.781,26.201,8.233
199,3,2,27.625,8.987,25.712,8.285
200,3,2,27.514,8.995,25.623,8.293
201,3,2,27.455,9.047,25.526,8.307
202,3,2,27.293,8.907,25.837,8.358
203,3,2,27.160,8.922,25.704,8.381
204,3,2,27.041,8.937,25.585,8.396
205,3,2,26.908,8.952,25.452,8.411
206,3,2,26.760,8.967,25.311,8.426
207,3,2,26.612,8.982,25.162,8.441
208,3,2,26.471,8.997,25.022,8.456
209,3,2,26.360,9.005,24.910,8.463
210,3,2,26.227,9.013,24.777,8.471
211,3,2,26.079,9.028,24.628,8.486
212,3,2,25.945,9.035,24.502,8.493
213,3,2,25.819,9.058,24.376,8.516
214,3,2,25.686,9.058,24.242,8.516
215,3,2,25.538,9.073,24.094,8.531
216,3,2,25.404,9.073,23.960,8.531
217,3,2,25.285,9.088,23.841,8.546
218,3,2,25.152,9.088,23.715,8.546
219,3,2,24.885,9.148,23.322,8.547
220,3,2,24.707,9.134,23.218,8.555
221,3,2,24.581,9.134,23.076,8.548
222,3,2,24.551,9.112,23.114,8.570
223,3,2,24.425,9.120,22.987,8.577
224,3,2,24.128,9.142,22.690,8.548
225,3,2,24.002,9.150,22.564,8.541
226,3,2,24.002,9.113,22.571,8.571
227,3,2,23.868,9.121,22.437,8.586
228,3,2,23.578,9.158,22.132,8.564
229,3,2,23.504,9.158,22.021,8.572
230,3,2,23.482,9.129,22.050,8.601
231,3,2,23.348,9.129,21.916,8.601
232,3,2,23.140,9.152,21.664,8.543
234,3,2,22.992,9.101,21.567,8.573
235,3,2,22.873,9.094,21.448,8.565
236,3,2,22.739,9.101,21.321,8.573
237,3,2,22.583,9.094,21.165,8.566
238,3,2,22.449,9.087,21.031,8.559
239,3,2,22.330,9.080,20.912,8.552
240,3,2,22.196,9.088,20.777,8.559
241,3,2,22.047,9.066,20.629,8.538
242,3,2,21.913,9.074,20.502,8.545
243,3,2,21.794,9.052,20.383,8.523
244,3,2,21.653,9.059,20.241,8.531
246,3,2,21.378,9.030,19.965,8.502
247,3,2,21.259,9.023,19.846,8.495
248,3,2,21.125,9.016,19.719,8.488
249,3,2,20.968,9.009,19.563,8.480
250,3,2,20.834,9.002,19.429,8.473
251,3,2,20.715,8.980,19.309,8.451
252,3,2,20.581,8.973,19.175,8.444
253,3,2,20.432,8.951,19.026,8.422
254,3,2,20.298,8.944,18.899,8.415
255,3,2,20.179,8.922,18.780,8.393
257,3,2,19.896,8.893,18.496,8.364
258,3,2,19.761,8.886,18.362,8.357
259,3,2,19.642,8.864,18.243,8.335
260,3,2,19.508,8.842,18.116,8.321
261,3,2,19.351,8.821,17.959,8.299
262,3,2,19.217,8.814,17.824,8.292
263,3,2,19.113,8.784,17.720,8.262
264,3,2,18.964,8.770,17.571,8.248
265,3,2,18.829,8.748,17.436,8.226
266,3,2,18.725,8.726,17.339,8.211
267,3,2,18.576,8.682,17.190,8.167
268,3,2,18.442,8.660,17.055,8.145
269,3,2,18.323,8.623,16.936,8.116
270,3,2,18.203,8.601,16.817,8.094
271,3,2,18.069,8.579,16.682,8.072
272,3,2,17.934,8.557,16.555,8.050
273,3,2,17.823,8.521,16.443,8.013
233,3,2,23.125,9.108,21.701,8.580
245,3,2,21.512,9.038,20.100,8.509
256,3,2,20.045,8.915,18.645,8.386
0,4,2,43.163,9.245,41.132,8.448
1,4,2,43.214,9.267,41.088,8.433
2,4,2,43.163,9.267,41.037,8.433
3,4,2,43.097,9.267,40.972,8.433
4,4,2,43.047,9.268,40.921,8.433
5,4,2,42.981,9.282,40.855,8.448
6,4,2,42.930,9.282,40.804,8.448
7,4,2,42.865,9.283,40.739,8.448
8,4,2,42.814,9.297,40.688,8.463
9,4,2,42.734,9.297,40.608,8.463
10,4,2,42.683,9.298,40.557,8.463
11,4,2,42.618,9.312,40.491,8.478
12,4,2,42.552,9.312,40.425,8.478
13,4,2,42.487,9.327,40.360,8.493
14,4,2,42.436,9.327,40.309,8.493
15,4,2,42.254,9.182,40.200,8.559
16,4,2,42.239,9.167,40.214,8.559
17,4,2,42.210,9.211,40.171,8.588
18,4,2,42.218,9.226,40.163,8.559
19,4,2,42.101,9.219,40.047,8.603
20,4,2,42.094,9.248,39.908,8.610
21,4,2,42.043,9.248,39.967,8.603
22,4,2,41.825,9.263,39.726,8.611
23,4,2,41.745,9.271,39.653,8.626
24,4,2,41.731,9.300,39.588,8.640
25,4,2,41.629,9.307,39.580,8.648
26,4,2,41.519,9.300,39.456,8.648
27,4,2,41.570,9.329,39.106,8.656
28,4,2,41.483,9.351,39.092,8.663
29,4,2,41.199,9.345,39.092,8.700
30,4,2,41.185,9.345,39.011,8.707
31,4,2,41.207,9.389,38.953,8.729
32,4,2,41.127,9.396,38.829,8.729
33,4,2,40.966,9.418,38.646,8.759
34,4,2,40.792,9.455,38.654,8.766
35,4,2,40.675,9.463,38.552,8.788
36,4,2,40.610,9.500,38.471,8.796
37,4,2,40.464,9.515,38.413,8.818
38,4,2,40.420,9.602,38.179,8.848
39,4,2,40.253,9.610,38.121,8.862
40,4,2,40.143,9.625,38.033,8.906
41,4,2,40.121,9.662,37.931,8.907
42,4,2,39.947,9.713,37.799,8.980
43,4,2,39.903,9.794,37.631,8.973
44,4,2,39.691,9.787,37.719,8.995
45,4,2,39.596,9.794,37.543,9.039
46,4,2,39.509,9.809,37.507,9.068
47,4,2,39.472,9.817,37.353,9.105
48,4,2,39.378,9.883,37.295,9.149
49,4,2,39.385,9.832,37.302,9.193
50,4,2,39.283,9.854,37.200,9.215
51,4,2,39.151,9.891,37.068,9.252
52,4,2,38.867,10.008,36.812,9.282
53,4,2,38.889,9.957,36.812,9.319
54,4,2,38.779,9.994,36.702,9.356
55,4,2,38.567,10.112,36.490,9.356
56,4,2,38.546,10.148,36.417,9.407
57,4,2,38.399,10.163,36.329,9.459
58,4,2,38.407,10.127,36.336,9.488
59,4,2,38.290,10.164,36.219,9.525
60,4,2,38.188,10.186,36.117,9.547
61,4,2,38.071,10.237,35.999,9.599
62,4,2,37.954,10.260,35.882,9.621
63,4,2,37.822,10.311,35.750,9.673
64,4,2,37.705,10.348,35.633,9.710
65,4,2,37.456,10.532,35.354,9.747
66,4,2,37.449,10.452,35.376,9.813
67,4,2,37.361,10.606,35.259,9.799
68,4,2,37.339,10.518,35.266,9.879
69,4,2,37.222,10.555,35.149,9.916
70,4,2,37.091,10.592,35.017,9.953
71,4,2,36.952,10.629,34.878,9.990
72,4,2,36.769,10.761,34.643,10.049
73,4,2,36.747,10.717,34.672,10.079
74,4,2,36.607,10.754,34.533,10.116
75,4,2,36.512,10.777,34.437,10.138
76,4,2,36.366,10.828,34.290,10.190
77,4,2,36.226,10.866,34.151,10.227
78,4,2,36.117,10.903,34.041,10.264
79,4,2,35.985,10.940,33.908,10.301
80,4,2,35.398,10.986,34.077,10.330
81,4,2,35.823,10.969,33.747,10.331
82,4,2,35.691,10.992,33.615,10.353
83,4,2,35.515,11.037,33.438,10.398
84,4,2,34.987,11.266,33.504,10.427
85,4,2,35.134,11.229,33.041,10.501
86,4,2,35.141,11.170,33.063,10.531
87,4,2,35.002,11.200,32.923,10.561
88,4,2,34.657,11.362,32.710,10.701
89,4,2,34.730,11.340,32.658,10.701
90,4,2,34.583,11.370,32.511,10.731
91,4,2,34.297,11.444,32.268,10.761
92,4,2,34.326,11.415,32.261,10.776
93,4,2,34.010,11.445,31.893,10.813
94,4,2,33.988,11.445,31.922,10.813
95,4,2,33.841,11.461,31.775,10.829
96,4,2,33.709,11.476,31.642,10.844
97,4,2,33.562,11.476,31.495,10.844
98,4,2,33.393,11.492,31.325,10.859
99,4,2,33.268,11.492,31.200,10.860
100,4,2,33.121,11.507,31.053,10.875
101,4,2,32.937,11.508,30.868,10.876
102,4,2,32.841,11.508,30.772,10.876
103,4,2,32.694,11.509,30.625,10.876
104,4,2,32.363,11.466,30.293,10.833
105,4,2,32.414,11.495,30.345,10.863
106,4,2,32.267,11.496,30.197,10.863
107,4,2,32.252,11.510,30.182,10.878
108,4,2,31.972,11.482,29.902,10.849
109,4,2,31.840,11.468,29.769,10.835
110,4,2,31.604,11.461,29.459,10.733
111,4,2,31.575,11.410,29.504,10.777
112,4,2,31.516,11.462,29.304,10.711
113,4,2,31.442,11.403,29.371,10.770
114,4,2,31.324,11.389,29.253,10.756
115,4,2,31.162,11.389,29.090,10.756
116,4,2,31.015,11.375,28.942,10.742
117,4,2,30.867,11.346,28.795,10.713
118,4,2,30.735,11.317,28.662,10.684
119,4,2,30.595,11.288,28.521,10.655
120,4,2,30.440,11.259,28.366,10.626
121,4,2,30.307,11.230,28.233,10.597
122,4,2,30.182,11.201,28.108,10.568
123,4,2,30.027,11.173,27.953,10.539
124,4,2,29.894,11.144,27.820,10.510
125,4,2,29.768,11.115,27.694,10.481
126,4,2,29.628,11.071,27.553,10.437
127,4,2,29.481,11.042,27.406,10.408
128,4,2,29.355,11.013,27.280,10.379
129,4,2,29.215,10.969,27.139,10.335
130,4,2,29.082,10.911,27.006,10.277
131,4,2,28.957,10.867,26.881,10.233
132,4,2,28.817,10.823,26.740,10.189
133,4,2,28.698,10.780,26.622,10.145
134,4,2,28.573,10.736,26.496,10.101
135,4,2,28.433,10.677,26.356,10.043
136,4,2,28.300,10.634,26.223,9.999
137,4,2,28.174,10.590,26.097,9.955
138,4,2,28.049,10.531,25.971,9.897
139,4,2,27.916,10.473,25.838,9.838
140,4,2,27.798,10.414,25.720,9.779
141,4,2,27.665,10.356,25.586,9.721
142,4,2,27.547,10.297,25.468,9.662
143,4,2,27.414,10.239,25.335,9.604
144,4,2,27.295,10.180,25.217,9.545
145,4,2,27.162,10.122,25.083,9.486
146,4,2,27.044,10.048,24.965,9.413
147,4,2,26.926,9.990,24.847,9.354
148,4,2,26.793,9.931,24.713,9.296
149,4,2,26.675,9.873,24.595,9.237
150,4,2,26.557,9.814,24.477,9.178
151,4,2,26.424,9.741,24.343,9.105
152,4,2,26.305,9.667,24.225,9.032
153,4,2,25.809,9.720,24.338,8.722
154,4,2,26.180,9.602,24.099,8.966
155,4,2,26.061,9.558,23.981,8.922
156,4,2,25.928,9.499,23.847,8.863
157,4,2,25.825,9.440,23.744,8.804
158,4,2,25.692,9.367,23.610,8.731
159,4,2,25.574,9.308,23.492,8.672
160,4,2,25.455,9.235,23.373,8.599
161,4,2,25.337,9.176,23.255,8.540
162,4,2,25.219,9.103,23.136,8.466
163,4,2,25.085,9.044,23.003,8.408
164,4,2,24.952,8.986,22.870,8.349
165,4,2,24.849,8.912,22.766,8.276
166,4,2,24.701,8.854,22.618,8.217
167,4,2,24.582,8.795,22.499,8.158
168,4,2,24.449,8.736,22.366,8.099
169,4,2,24.346,8.678,22.262,8.041
170,4,2,24.197,8.619,22.113,7.982
171,4,2,24.064,8.560,21.980,7.923
172,4,2,23.946,8.517,21.861,7.879
173,4,2,23.812,8.473,21.728,7.835
174,4,2,23.679,8.414,21.594,7.776
175,4,2,23.560,8.355,21.475,7.717
176,4,2,23.427,8.311,21.342,7.673
177,4,2,23.293,8.267,21.208,7.629
178,4,2,23.190,8.223,21.104,7.585
179,4,2,23.056,8.165,20.970,7.527
180,4,2,22.938,8.106,20.852,7.468
181,4,2,22.804,8.062,20.718,7.424
182,4,2,22.671,8.018,20.584,7.380
183,4,2,22.567,7.959,20.480,7.321
184,4,2,22.137,7.709,20.118,6.975
185,4,2,22.175,7.665,20.095,7.026
186,4,2,22.049,7.621,19.969,6.982
187,4,2,21.937,7.577,19.857,6.938
188,4,2,21.796,7.533,19.716,6.894
189,4,2,21.425,7.386,19.397,6.592
190,4,2,21.456,7.312,19.382,6.673
191,4,2,21.337,7.283,19.263,6.644
192,4,2,21.218,7.239,19.144,6.600
193,4,2,21.099,7.180,19.025,6.541
194,4,2,20.966,7.121,18.891,6.482
195,4,2,20.847,7.062,18.772,6.423
196,4,2,20.713,7.018,18.638,6.379
197,4,2,20.594,6.959,18.519,6.320
198,4,2,20.461,6.915,18.385,6.276
199,4,2,20.327,6.856,18.251,6.217
200,4,2,20.208,6.812,18.132,6.172
201,4,2,20.074,6.768,17.998,6.128
202,4,2,19.941,6.724,17.864,6.084
203,4,2,19.822,6.680,17.745,6.040
204,4,2,19.688,6.636,17.611,5.996
205,4,2,19.554,6.592,17.477,5.952
206,4,2,19.420,6.548,17.343,5.907
207,4,2,19.301,6.504,17.224,5.863
208,4,2,19.167,6.459,17.090,5.819
209,4,2,19.033,6.415,16.955,5.775
210,4,2,18.899,6.386,16.821,5.745
211,4,2,18.780,6.342,16.702,5.701
212,4,2,18.646,6.298,16.568,5.657
213,4,2,18.512,6.268,16.433,5.627
214,4,2,18.453,6.224,16.381,5.583
1,5,1,31.849,2.906,31.233,2.423
2,5,1,31.871,2.920,31.226,2.416
3,5,1,31.863,2.986,31.218,2.481
4,5,1,31.863,3.022,31.218,2.518
5,5,1,31.848,3.044,31.203,2.540
6,5,1,31.834,3.044,31.189,2.540
8,5,1,31.826,3.037,31.181,2.532
9,5,1,31.826,3.066,31.181,2.562
10,5,1,31.833,3.154,31.188,2.649
11,5,1,31.841,3.219,31.196,2.715
13,5,1,31.841,3.227,31.195,2.722
14,5,1,32.148,3.468,31.225,2.627
15,5,1,32.104,3.672,31.232,2.700
16,5,1,32.177,3.848,31.203,2.715
17,5,1,32.133,3.964,31.247,2.824
18,5,1,32.177,4.037,31.254,2.846
19,5,1,32.133,4.118,31.276,2.868
20,5,1,32.133,3.994,31.268,2.985
21,5,1,32.140,4.059,31.276,3.051
22,5,1,32.133,4.132,31.268,3.124
23,5,1,32.140,4.205,31.275,3.197
24,5,1,32.147,4.271,31.282,3.263
25,5,1,32.154,4.322,31.290,3.314
26,5,1,32.161,4.388,31.297,3.379
27,5,1,32.183,4.439,31.319,3.431
28,5,1,32.191,4.520,31.326,3.511
29,5,1,32.212,4.644,31.318,3.620
30,5,1,32.146,4.746,31.370,3.737
31,5,1,32.109,4.841,31.428,3.803
32,5,1,32.131,4.980,31.384,3.810
33,5,1,32.094,5.009,31.377,3.854
34,5,1,32.102,5.082,31.355,3.905
35,5,1,32.182,5.170,31.369,3.883
36,5,1,32.131,5.250,31.362,3.957
37,5,1,32.145,5.221,31.347,4.052
38,5,1,32.146,5.119,31.413,4.278
39,5,1,32.241,5.170,31.354,4.307
40,5,1,32.189,5.258,31.405,4.227
41,5,1,32.189,5.309,31.405,4.278
42,5,1,32.204,5.382,31.420,4.351
43,5,1,32.189,5.455,31.405,4.424
44,5,1,32.204,5.514,31.420,4.483
45,5,1,32.181,5.689,31.397,4.761
46,5,1,32.174,5.828,31.478,4.812
47,5,1,32.232,6.026,31.492,4.768
48,5,1,32.247,5.901,31.477,4.878
49,5,1,32.262,5.967,31.492,4.943
50,5,1,32.276,6.048,31.507,5.024
51,5,1,32.276,6.113,31.506,5.090
52,5,1,32.239,6.260,31.536,4.951
53,5,1,32.268,6.282,31.492,5.053
54,5,1,32.327,6.238,31.631,5.236
55,5,1,32.320,6.238,31.601,5.338
56,5,1,32.371,6.238,31.638,5.455
57,5,1,32.371,6.245,31.608,5.536
58,5,1,32.356,6.384,31.616,5.389
59,5,1,32.474,6.369,31.615,5.711
60,5,1,32.466,6.508,31.689,5.733
61,5,1,32.429,6.691,31.718,5.792
62,5,1,32.488,6.801,31.696,5.887
63,5,1,32.466,6.860,31.747,5.923
64,5,1,32.480,6.918,31.733,5.923
65,5,1,32.532,7.021,31.681,5.843
66,5,1,32.546,7.072,31.733,5.887
67,5,1,32.576,7.108,31.777,5.945
68,5,1,32.583,7.094,31.820,6.106
69,5,1,32.627,7.108,31.813,6.172
70,5,1,32.664,7.101,31.820,6.253
71,5,1,32.671,7.079,31.827,6.370
72,5,1,32.678,7.138,31.827,6.480
73,5,1,32.730,7.225,31.834,6.553
74,5,1,32.744,7.313,31.834,6.633
75,5,1,32.766,7.386,31.790,6.641
76,5,1,32.766,7.489,31.819,6.699
77,5,1,32.656,7.533,31.930,6.641
78,5,1,32.670,7.584,31.944,6.692
79,5,1,32.656,7.650,31.930,6.758
80,5,1,32.685,7.701,31.959,6.809
81,5,1,32.699,7.767,31.973,6.875
82,5,1,32.685,7.819,31.959,6.926
83,5,1,32.714,7.870,31.988,6.977
84,5,1,32.729,7.921,32.003,7.028
85,5,1,32.729,7.972,32.002,7.080
86,5,1,32.743,8.009,32.017,7.116
87,5,1,32.773,8.060,32.046,7.168
88,5,1,32.787,8.097,32.061,7.204
89,5,1,32.802,8.148,32.076,7.255
90,5,1,32.846,8.170,32.120,7.277
91,5,1,32.860,8.221,32.134,7.329
92,5,1,32.905,8.243,32.178,7.351
93,5,1,32.919,8.280,32.193,7.387
94,5,1,32.963,8.316,32.237,7.424
95,5,1,32.978,8.353,32.252,7.460
96,5,1,33.000,8.411,32.252,7.512
97,5,1,32.985,8.404,32.259,7.512
98,5,1,33.014,8.441,32.288,7.548
99,5,1,33.044,8.463,32.318,7.570
100,5,1,33.073,8.499,32.347,7.607
101,5,1,33.088,8.536,32.362,7.643
102,5,1,33.117,8.572,32.391,7.680
103,5,1,33.132,8.594,32.406,7.702
104,5,1,33.161,8.631,32.435,7.738
105,5,1,33.176,8.668,32.450,7.775
106,5,1,33.190,8.719,32.464,7.826
107,5,1,33.220,8.755,32.494,7.863
108,5,1,33.234,8.807,32.508,7.914
109,5,1,33.264,8.843,32.538,7.951
110,5,1,33.278,8.909,32.552,8.017
111,5,1,33.293,8.946,32.567,8.053
112,5,1,33.308,9.012,32.581,8.119
113,5,1,33.322,9.063,32.596,8.170
114,5,1,33.337,9.114,32.611,8.222
115,5,1,33.351,9.166,32.625,8.273
116,5,1,33.366,9.217,32.640,8.324
117,5,1,33.381,9.254,32.654,8.361
118,5,1,33.395,9.305,32.669,8.412
119,5,1,33.410,9.341,32.684,8.449
120,5,1,33.425,9.407,32.698,8.515
121,5,1,33.439,9.444,32.713,8.551
122,5,1,33.454,9.510,32.728,8.617
123,5,1,33.469,9.561,32.742,8.668
124,5,1,33.483,9.627,32.757,8.734
125,5,1,33.498,9.678,32.771,8.786
126,5,1,33.527,9.744,32.801,8.852
127,5,1,33.556,9.796,32.830,8.903
128,5,1,33.586,9.876,32.859,8.983
129,5,1,33.600,9.928,32.874,9.035
130,5,1,33.630,10.008,32.903,9.115
131,5,1,33.644,10.059,32.918,9.167
132,5,1,33.674,10.125,32.947,9.233
133,5,1,33.688,10.177,32.962,9.284
134,5,1,33.703,10.228,32.976,9.335
135,5,1,33.717,10.279,32.991,9.386
136,5,1,33.732,10.345,33.006,9.452
137,5,1,33.747,10.397,33.020,9.504
138,5,1,33.761,10.448,33.035,9.555
139,5,1,33.776,10.514,33.050,9.621
140,5,1,33.776,10.580,33.049,9.687
141,5,1,33.791,10.646,33.064,9.753
142,5,1,33.812,10.866,33.042,9.584
143,5,1,33.923,10.778,33.196,9.907
144,5,1,33.842,10.947,33.079,9.716
145,5,1,33.820,10.903,33.013,9.753
146,5,1,33.937,10.946,33.262,9.936
147,5,1,33.849,10.932,33.159,10.031
148,5,1,33.923,10.954,33.218,10.259
149,5,1,33.967,10.946,33.196,10.347
150,5,1,33.930,11.042,33.196,10.442
151,5,1,33.930,11.159,33.151,10.626
152,5,1,33.893,11.314,33.188,10.450
153,5,1,33.952,11.328,33.217,10.582
154,5,1,33.959,11.563,33.210,10.582
155,5,1,33.981,11.717,33.261,10.604
156,5,1,33.988,11.835,33.217,10.604
157,5,1,34.024,11.893,33.239,10.611
158,5,1,33.958,11.879,33.247,10.618
159,5,1,33.929,11.960,33.283,10.648
160,5,1,33.914,11.872,33.298,10.772
161,5,1,33.936,11.960,33.291,10.890
162,5,1,33.958,11.842,33.268,10.985
163,5,1,33.988,11.915,33.224,11.088
164,5,1,34.120,11.952,33.195,11.206
165,5,1,33.995,11.996,33.305,11.154
166,5,1,34.002,12.055,33.312,11.213
167,5,1,34.112,12.150,33.319,11.565
168,5,1,34.098,12.223,33.334,11.558
169,5,1,34.061,12.326,33.341,11.565
170,5,1,34.061,12.473,33.378,11.558
171,5,1,34.039,12.613,33.393,11.580
172,5,1,34.053,12.679,33.429,11.580
173,5,1,34.075,12.686,33.407,11.602
174,5,1,34.053,12.709,33.415,11.660
175,5,1,34.009,12.738,33.422,11.697
176,5,1,34.024,12.841,33.429,11.785
177,5,1,34.075,12.870,33.400,11.888
178,5,1,34.097,12.877,33.377,11.999
179,5,1,34.104,12.907,33.414,12.065
180,5,1,34.170,13.068,33.385,12.145
181,5,1,34.097,13.010,33.451,12.189
182,5,1,34.104,13.061,33.458,12.241
183,5,1,34.097,13.127,33.451,12.307
184,5,1,34.104,13.164,33.458,12.344
185,5,1,34.111,13.230,33.465,12.410
186,5,1,34.119,13.282,33.472,12.461
187,5,1,34.111,13.333,33.465,12.513
188,5,1,34.119,13.399,33.472,12.579
189,5,1,34.111,13.466,33.465,12.645
190,5,1,34.133,13.517,33.487,12.696
191,5,1,34.126,13.598,33.479,12.777
192,5,1,34.052,13.701,33.457,12.682
193,5,1,34.052,13.723,33.428,12.770
194,5,1,34.111,13.789,33.413,12.954
195,5,1,34.118,13.782,33.406,13.035
196,5,1,34.074,13.812,33.442,12.998
197,5,1,34.067,13.870,33.435,13.057
198,5,1,34.059,13.915,33.428,13.101
199,5,1,34.067,13.959,33.435,13.145
200,5,1,34.059,14.003,33.427,13.189
201,5,1,34.052,14.062,33.420,13.248
202,5,1,34.015,14.136,33.383,13.322
203,5,1,33.993,14.195,33.361,13.381
204,5,1,33.971,14.254,33.339,13.440
205,5,1,33.949,14.313,33.317,13.499
206,5,1,33.912,14.372,33.280,13.558
207,5,1,33.890,14.445,33.258,13.632
208,5,1,33.853,14.504,33.221,13.691
209,5,1,33.845,14.563,33.213,13.749
210,5,1,33.809,14.622,33.176,13.809
211,5,1,33.801,14.681,33.169,13.867
212,5,1,33.764,14.726,33.132,13.912
213,5,1,33.757,14.785,33.125,13.971
214,5,1,33.735,14.829,33.103,14.015
215,5,1,33.727,14.888,33.095,14.074
216,5,1,33.705,14.932,33.073,14.118
217,5,1,33.698,14.977,33.066,14.162
218,5,1,33.676,15.021,33.043,14.207
219,5,1,33.668,15.080,33.036,14.266
220,5,1,33.646,15.139,33.014,14.325
221,5,1,33.624,15.198,32.992,14.384
222,5,1,33.616,15.478,32.874,14.333
223,5,1,33.557,15.309,32.925,14.495
224,5,1,33.542,15.552,32.881,14.517
225,5,1,33.535,15.574,32.822,14.576
226,5,1,33.498,15.685,32.777,14.724
227,5,1,33.483,15.670,32.755,14.820
228,5,1,33.454,15.781,32.711,14.916
229,5,1,33.395,15.745,32.762,14.930
230,5,1,33.388,15.789,32.755,14.974
231,5,1,33.380,15.818,32.748,15.004
232,5,1,33.387,15.863,32.755,15.048
235,5,1,33.358,15.900,32.725,15.085
236,5,1,33.336,15.944,32.703,15.129
237,5,1,33.328,16.003,32.696,15.189
238,5,1,33.306,16.062,32.673,15.248
239,5,1,33.284,16.136,32.651,15.321
240,5,1,33.262,16.195,32.629,15.381
241,5,1,33.240,16.254,32.607,15.440
242,5,1,33.203,16.314,32.570,15.499
243,5,1,33.166,16.388,32.533,15.573
244,5,1,33.114,16.447,32.481,15.632
246,5,1,33.107,16.440,32.474,15.625
247,5,1,33.099,16.469,32.466,15.654
248,5,1,33.092,16.499,32.459,15.684
249,5,1,33.084,16.528,32.452,15.713
250,5,1,33.077,16.573,32.444,15.758
251,5,1,33.055,16.617,32.422,15.802
252,5,1,33.047,16.676,32.414,15.861
253,5,1,33.025,16.721,32.392,15.906
254,5,1,33.003,16.780,32.370,15.965
255,5,1,32.884,17.238,32.215,16.312
257,5,1,32.862,17.172,32.229,16.357
258,5,1,32.840,17.231,32.207,16.416
259,5,1,32.803,17.290,32.170,16.475
260,5,1,32.781,17.350,32.148,16.534
261,5,1,32.759,17.394,32.126,16.579
262,5,1,32.737,17.453,32.103,16.638
263,5,1,32.729,17.498,32.096,16.682
264,5,1,32.722,17.527,32.088,16.712
266,5,1,32.714,17.520,32.081,16.705
267,5,1,32.707,17.535,32.074,16.719
268,5,1,32.699,17.564,32.066,16.749
269,5,1,32.692,17.579,32.059,16.764
270,5,1,32.685,17.579,32.051,16.764
271,5,1,32.677,17.609,32.044,16.793
272,5,1,32.655,17.639,32.022,16.823
273,5,1,32.633,17.683,32.000,16.868
274,5,1,32.581,17.743,31.948,16.927
275,5,1,32.529,17.817,31.896,17.001
276,5,1,32.448,17.906,31.815,17.090
277,5,1,32.396,17.980,31.763,17.165
233,5,1,33.365,15.907,32.733,15.092
31,6,2,44.706,12.539,42.755,11.714
32,6,2,44.684,12.502,42.712,11.780
33,6,2,44.648,12.590,42.639,11.765
34,6,2,44.590,12.576,42.523,11.831
35,6,2,44.496,12.562,42.377,11.825
36,6,2,44.350,12.548,42.246,11.847
37,6,2,44.329,12.570,42.152,11.855
38,6,2,44.307,12.577,42.108,11.855
39,6,2,44.380,12.606,42.013,11.892
40,6,2,44.394,12.664,41.912,11.929
41,6,2,44.169,12.665,42.145,11.943
42,6,2,44.075,12.658,42.050,11.936
43,6,2,43.980,12.651,41.955,11.929
44,6,2,43.733,12.623,41.671,11.966
45,6,2,43.726,12.653,41.700,11.937
46,6,2,43.566,12.646,41.409,12.004
47,6,2,43.311,12.640,41.322,11.997
48,6,2,43.326,12.647,41.249,12.012
49,6,2,43.144,12.633,41.198,11.983
50,6,2,43.115,12.655,41.103,12.005
51,6,2,43.071,12.663,40.826,12.043
52,6,2,43.027,12.663,40.687,12.014
53,6,2,42.838,12.664,40.709,12.007
54,6,2,42.794,12.664,40.760,12.006
55,6,2,42.612,12.657,40.497,11.986
56,6,2,42.576,12.650,40.541,11.993
57,6,2,42.474,12.651,40.439,11.993
58,6,2,42.387,12.651,40.352,11.993
59,6,2,42.168,12.652,40.162,11.994
60,6,2,42.146,12.667,40.089,11.994
61,6,2,42.132,12.652,40.103,11.994
62,6,2,42.030,12.652,40.001,11.995
63,6,2,41.928,12.653,39.899,11.995
64,6,2,41.695,12.669,39.585,11.974
65,6,2,41.593,12.654,39.600,11.989
66,6,2,41.607,12.647,39.585,11.989
67,6,2,41.505,12.647,39.483,11.989
68,6,2,41.381,12.648,39.359,11.990
69,6,2,41.272,12.648,39.249,11.990
70,6,2,41.141,12.649,39.118,11.991
71,6,2,40.542,12.651,39.366,12.019
72,6,2,41.046,12.627,39.023,11.969
73,6,2,40.944,12.628,38.920,11.970
74,6,2,40.849,12.628,38.825,11.970
75,6,2,40.725,12.629,38.701,11.971
76,6,2,40.623,12.629,38.599,11.971
77,6,2,40.521,12.630,38.496,11.971
78,6,2,40.418,12.615,38.394,11.957
79,6,2,40.302,12.601,38.277,11.943
80,6,2,40.039,12.654,38.028,11.988
81,6,2,40.053,12.646,38.035,11.988
82,6,2,39.959,12.647,37.940,11.988
83,6,2,39.871,12.647,37.853,11.988
84,6,2,39.739,12.648,37.721,11.989
85,6,2,39.644,12.648,37.626,11.989
86,6,2,39.520,12.649,37.501,11.990
87,6,2,39.411,12.634,37.391,11.976
88,6,2,39.301,12.649,37.282,11.991
89,6,2,38.760,12.571,37.377,11.990
90,6,2,39.074,12.606,37.076,11.955
91,6,2,38.489,12.565,37.157,11.955
92,6,2,38.343,12.595,37.113,11.940
93,6,2,38.811,12.578,36.835,11.934
94,6,2,38.702,12.579,36.725,11.934
95,6,2,38.585,12.565,36.608,11.920
96,6,2,38.468,12.565,36.490,11.920
97,6,2,38.343,12.551,36.366,11.906
98,6,2,38.233,12.551,36.256,11.907
99,6,2,38.109,12.552,36.131,11.907
100,6,2,37.985,12.552,36.007,11.908
101,6,2,37.860,12.553,35.882,11.908
102,6,2,37.736,12.553,35.757,11.909
103,6,2,37.611,12.554,35.632,11.909
104,6,2,37.487,12.555,35.508,11.910
105,6,2,37.348,12.555,35.368,11.910
106,6,2,37.223,12.556,35.244,11.911
107,6,2,37.099,12.556,35.119,11.911
108,6,2,36.974,12.557,34.994,11.911
109,6,2,36.835,12.557,34.855,11.912
110,6,2,36.710,12.558,34.730,11.913
111,6,2,36.571,12.558,34.590,11.913
112,6,2,36.446,12.559,34.465,11.914
113,6,2,36.307,12.574,34.326,11.929
114,6,2,36.168,12.575,34.186,11.929
115,6,2,36.028,12.575,34.046,11.930
116,6,2,35.904,12.576,33.922,11.930
117,6,2,35.764,12.591,33.782,11.946
118,6,2,35.625,12.592,33.642,11.946
119,6,2,35.486,12.592,33.502,11.947
120,6,2,35.346,12.593,33.363,11.947
121,6,2,35.192,12.594,33.208,11.948
122,6,2,35.052,12.579,33.069,11.934
123,6,2,34.913,12.580,32.929,11.934
124,6,2,34.773,12.566,32.789,11.920
125,6,2,34.634,12.567,32.649,11.920
126,6,2,34.509,12.552,32.524,11.906
127,6,2,34.369,12.553,32.384,11.907
128,6,2,34.230,12.539,32.244,11.893
129,6,2,34.090,12.525,32.104,11.878
130,6,2,33.950,12.511,31.964,11.864
131,6,2,33.811,12.496,31.824,11.850
132,6,2,33.671,12.482,31.684,11.836
133,6,2,33.531,12.468,31.544,11.822
134,6,2,33.392,12.439,31.404,11.793
135,6,2,33.252,12.425,31.264,11.779
136,6,2,33.127,12.411,31.139,11.764
137,6,2,32.987,12.397,30.999,11.750
138,6,2,32.847,12.368,30.859,11.721
139,6,2,32.693,12.339,30.704,11.692
140,6,2,32.568,12.296,30.579,11.649
141,6,2,32.413,12.267,30.424,11.620
142,6,2,32.273,12.238,30.284,11.591
143,6,2,32.118,12.224,30.129,11.577
144,6,2,31.978,12.195,29.989,11.548
145,6,2,31.839,12.166,29.849,11.519
146,6,2,31.699,12.137,29.708,11.490
147,6,2,31.271,12.257,29.916,11.217
148,6,2,31.551,12.101,29.561,11.454
149,6,2,31.426,12.087,29.435,11.440
150,6,2,31.286,12.073,29.295,11.425
151,6,2,31.131,12.044,29.140,11.396
152,6,2,31.021,12.030,29.029,11.382
153,6,2,30.866,12.016,28.874,11.368
154,6,2,30.740,11.987,28.748,11.339
155,6,2,30.600,11.973,28.608,11.325
156,6,2,30.475,11.973,28.482,11.325
157,6,2,30.320,11.959,28.327,11.311
158,6,2,30.180,11.930,28.187,11.282
159,6,2,30.054,11.916,28.061,11.268
160,6,2,29.914,11.916,27.920,11.268
161,6,2,29.456,12.014,27.817,11.084
162,6,2,29.633,11.873,27.654,11.225
163,6,2,29.493,11.874,27.514,11.225
164,6,2,29.353,11.859,27.373,11.211
165,6,2,29.212,11.875,27.232,11.226
166,6,2,29.057,11.861,27.077,11.212
167,6,2,28.932,11.861,26.951,11.213
168,6,2,28.776,11.876,26.795,11.228
169,6,2,28.651,11.862,26.669,11.213
170,6,2,28.495,11.877,26.514,11.229
171,6,2,28.355,11.878,26.373,11.229
172,6,2,28.214,11.893,26.232,11.244
173,6,2,28.074,11.909,26.091,11.260
174,6,2,27.933,11.909,25.950,11.260
175,6,2,27.792,11.924,25.809,11.275
176,6,2,27.652,11.954,25.668,11.305
177,6,2,27.511,11.970,25.527,11.321
178,6,2,27.370,11.970,25.386,11.321
179,6,2,27.229,11.986,25.245,11.336
180,6,2,27.088,12.016,25.104,11.366
181,6,2,26.962,12.031,24.978,11.382
182,6,2,26.822,12.046,24.837,11.397
183,6,2,26.681,12.076,24.695,11.427
184,6,2,26.540,12.106,24.554,11.457
185,6,2,26.414,12.121,24.428,11.472
186,6,2,26.273,12.137,24.287,11.487
187,6,2,25.931,12.352,24.272,11.414
188,6,2,26.087,12.204,24.108,11.554
189,6,2,25.953,12.219,23.974,11.570
190,6,2,25.805,12.249,23.825,11.600
191,6,2,25.671,12.265,23.691,11.615
192,6,2,25.552,12.295,23.572,11.645
193,6,2,25.419,12.310,23.438,11.660
194,6,2,25.270,12.340,23.289,11.690
195,6,2,25.137,12.355,23.155,11.706
196,6,2,25.003,12.385,23.021,11.736
197,6,2,24.854,12.401,22.872,11.751
198,6,2,24.720,12.416,22.738,11.766
199,6,2,24.601,12.446,22.619,11.796
200,6,2,24.467,12.462,22.485,11.812
201,6,2,24.319,12.492,22.336,11.842
202,6,2,24.170,12.507,22.187,11.857
203,6,2,24.036,12.537,22.053,11.887
204,6,2,23.902,12.553,21.918,11.903
205,6,2,23.753,12.583,21.769,11.933
206,6,2,23.619,12.598,21.635,11.948
207,6,2,23.485,12.628,21.501,11.978
208,6,2,23.336,12.644,21.351,11.993
209,6,2,23.202,12.674,21.217,12.024
210,6,2,23.083,12.689,21.097,12.039
211,6,2,22.949,12.704,20.963,12.054
212,6,2,22.800,12.735,20.814,12.084
213,6,2,22.666,12.750,20.679,12.100
214,6,2,22.531,12.765,20.545,12.115
215,6,2,22.382,12.796,20.395,12.145
216,6,2,22.248,12.811,20.261,12.161
217,6,2,22.129,12.826,20.141,12.176
218,6,2,21.994,12.857,20.007,12.206
219,6,2,21.845,12.872,19.857,12.221
220,6,2,21.696,12.887,19.708,12.237
221,6,2,21.562,12.918,19.573,12.267
222,6,2,21.442,12.933,19.453,12.282
223,6,2,21.308,12.948,19.319,12.298
224,6,2,21.159,12.964,19.169,12.313
225,6,2,21.024,12.979,19.035,12.328
226,6,2,20.890,12.995,18.900,12.344
227,6,2,20.740,13.010,18.750,12.359
228,6,2,20.606,13.026,18.615,12.375
229,6,2,20.486,13.041,18.496,12.390
230,6,2,20.352,13.056,18.361,12.405
231,6,2,20.202,13.072,18.211,12.421
232,6,2,20.053,13.072,18.061,12.421
234,6,2,19.799,13.088,17.807,12.437
235,6,2,19.664,13.089,17.672,12.438
236,6,2,19.515,13.090,17.522,12.438
237,6,2,19.380,13.090,17.387,12.439
238,6,2,19.246,13.091,17.252,12.439
239,6,2,19.096,13.092,17.103,12.440
240,6,2,18.962,13.092,16.968,12.441
241,6,2,18.842,13.093,16.848,12.441
242,6,2,18.707,13.078,16.713,12.427
243,6,2,18.558,13.079,16.563,12.427
244,6,2,18.408,13.065,16.413,12.413
246,6,2,18.259,13.051,16.271,12.399
233,6,2,19.918,13.088,17.927,12.437
245,6,2,18.326,13.065,16.331,12.413
32,7,1,32.101,17.702,31.542,16.597
33,7,1,32.094,17.650,31.535,16.546
34,7,1,32.087,17.613,31.528,16.509
35,7,1,32.094,17.561,31.535,16.457
36,7,1,32.087,17.524,31.528,16.420
37,7,1,32.094,17.473,31.535,16.368
38,7,1,32.087,17.436,31.528,16.332
39,7,1,32.095,17.384,31.536,16.280
40,7,1,32.087,17.347,31.528,16.243
41,7,1,32.095,17.295,31.536,16.191
42,7,1,32.087,17.273,31.528,16.169
43,7,1,32.095,17.221,31.536,16.117
44,7,1,32.088,17.185,31.529,16.081
45,7,1,32.095,17.133,31.536,16.029
46,7,1,32.088,17.096,31.529,15.992
47,7,1,32.095,17.044,31.536,15.940
48,7,1,32.088,17.007,31.529,15.903
49,7,1,32.095,16.956,31.536,15.852
50,7,1,32.088,16.919,31.529,15.815
51,7,1,32.095,16.867,31.537,15.763
52,7,1,32.088,16.830,31.529,15.726
53,7,1,32.096,16.778,31.537,15.675
54,7,1,32.088,16.741,31.529,15.638
55,7,1,32.096,16.675,31.537,15.571
56,7,1,32.103,16.638,31.544,15.534
57,7,1,32.111,16.586,31.552,15.483
58,7,1,32.118,16.549,31.559,15.446
59,7,1,32.126,16.498,31.567,15.394
60,7,1,32.133,16.461,31.574,15.357
61,7,1,32.141,16.409,31.582,15.305
62,7,1,32.148,16.372,31.589,15.269
63,7,1,32.155,16.320,31.597,15.217
64,7,1,32.163,16.283,31.604,15.180
65,7,1,32.170,16.232,31.612,15.128
66,7,1,32.178,16.195,31.619,15.091
67,7,1,32.156,16.047,31.501,15.026
68,7,1,32.149,16.025,31.494,15.018
69,7,1,32.156,16.003,31.486,15.004
70,7,1,32.119,16.025,31.516,14.981
71,7,1,32.127,15.988,31.523,14.944
72,7,1,32.134,15.937,31.531,14.893
73,7,1,32.141,15.885,31.538,14.841
74,7,1,32.149,15.833,31.546,14.789
75,7,1,32.142,15.796,31.539,14.753
76,7,1,32.149,15.745,31.546,14.701
77,7,1,32.142,15.708,31.539,14.664
78,7,1,32.149,15.656,31.546,14.613
79,7,1,32.142,15.619,31.539,14.576
80,7,1,32.149,15.553,31.546,14.509
81,7,1,32.142,15.501,31.539,14.458
82,7,1,32.164,15.450,31.561,14.406
83,7,1,32.172,15.413,31.569,14.369
84,7,1,32.179,15.361,31.576,14.317
85,7,1,32.187,15.324,31.584,14.281
86,7,1,32.194,15.287,31.591,14.244
87,7,1,32.202,15.250,31.599,14.207
88,7,1,32.209,15.199,31.606,14.155
89,7,1,32.216,15.162,31.614,14.118
90,7,1,32.224,15.095,31.621,14.052
91,7,1,32.231,15.058,31.629,14.015
92,7,1,32.239,15.007,31.636,13.963
93,7,1,32.246,14.985,31.643,13.941
94,7,1,32.254,14.948,31.651,13.904
95,7,1,32.276,14.911,31.673,13.868
96,7,1,32.298,14.859,31.695,13.816
97,7,1,32.291,14.822,31.688,13.779
98,7,1,32.298,14.771,31.696,13.727
99,7,1,32.306,14.734,31.703,13.691
100,7,1,32.313,14.682,31.710,13.639
101,7,1,32.306,14.645,31.703,13.602
102,7,1,32.313,14.594,31.711,13.551
103,7,1,32.321,14.557,31.718,13.514
104,7,1,32.328,14.520,31.725,13.477
105,7,1,32.321,14.483,31.718,13.440
106,7,1,32.328,14.431,31.726,13.389
107,7,1,32.336,14.395,31.733,13.352
108,7,1,32.343,14.343,31.741,13.300
109,7,1,32.336,14.306,31.733,13.263
110,7,1,32.329,14.269,31.726,13.227
111,7,1,32.321,14.247,31.719,13.204
112,7,1,32.329,14.210,31.726,13.168
113,7,1,32.321,14.188,31.719,13.146
114,7,1,32.329,14.152,31.726,13.109
115,7,1,32.321,14.129,31.719,13.087
116,7,1,32.314,14.093,31.712,13.050
117,7,1,32.307,14.071,31.704,13.028
118,7,1,32.314,14.048,31.712,13.006
119,7,1,32.307,14.041,31.704,12.998
120,7,1,32.314,14.004,31.712,12.962
121,7,1,32.307,13.997,31.704,12.954
122,7,1,32.314,13.975,31.712,12.932
123,7,1,32.307,13.953,31.704,12.910
124,7,1,32.314,13.931,31.712,12.888
125,7,1,32.322,13.923,31.719,12.881
126,7,1,32.329,13.901,31.727,12.858
127,7,1,32.337,13.894,31.734,12.851
128,7,1,32.359,13.871,31.756,12.829
129,7,1,32.366,13.849,31.764,12.807
130,7,1,32.388,13.827,31.786,12.785
131,7,1,32.396,13.820,31.793,12.777
132,7,1,32.418,13.783,31.815,12.740
133,7,1,32.425,13.761,31.823,12.718
134,7,1,32.447,13.739,31.845,12.696
135,7,1,32.455,13.716,31.852,12.674
136,7,1,32.477,13.679,31.875,12.637
137,7,1,32.484,13.657,31.882,12.615
138,7,1,32.507,13.620,31.904,12.578
139,7,1,32.514,13.598,31.911,12.556
140,7,1,32.536,13.561,31.934,12.519
141,7,1,32.543,13.525,31.941,12.482
142,7,1,32.566,13.488,31.963,12.445
143,7,1,32.573,13.451,31.971,12.409
144,7,1,32.595,13.414,31.993,12.372
145,7,1,32.603,13.392,32.000,12.350
146,7,1,32.610,13.340,32.008,12.298
148,7,1,32.603,13.333,32.000,12.291
149,7,1,32.610,13.296,32.008,12.254
150,7,1,32.618,13.274,32.015,12.232
151,7,1,32.780,13.170,32.126,12.084
152,7,1,32.728,13.089,32.074,12.070
153,7,1,32.743,13.038,32.097,12.033
154,7,1,32.750,13.023,32.038,12.048
155,7,1,32.787,13.008,32.060,12.048
156,7,1,32.817,12.935,32.119,12.003
157,7,1,32.832,12.905,32.148,12.040
158,7,1,32.802,12.854,32.104,12.062
159,7,1,32.817,12.692,32.148,12.062
160,7,1,32.884,12.589,32.163,12.011
161,7,1,32.913,12.559,32.237,11.981
162,7,1,32.957,12.500,32.252,11.885
163,7,1,32.906,12.640,32.289,11.745
164,7,1,32.913,12.603,32.296,11.709
165,7,1,32.920,12.581,32.303,11.687
166,7,1,32.928,12.530,32.311,11.635
167,7,1,32.935,12.507,32.318,11.613
168,7,1,32.987,12.272,32.186,11.466
169,7,1,32.972,12.287,32.142,11.408
170,7,1,32.958,12.294,32.186,11.356
171,7,1,32.994,12.265,32.253,11.312
172,7,1,33.061,12.220,32.356,11.267
173,7,1,33.061,12.191,32.356,11.238
174,7,1,33.120,12.051,32.370,11.238
175,7,1,33.164,11.955,32.429,11.201
176,7,1,33.105,12.014,32.481,11.149
177,7,1,33.120,11.977,32.496,11.113
178,7,1,33.135,11.926,32.511,11.061
179,7,1,33.260,11.705,32.386,10.951
180,7,1,33.135,11.764,32.511,10.907
181,7,1,33.150,11.720,32.526,10.863
182,7,1,33.164,11.676,32.540,10.819
183,7,1,33.179,11.632,32.555,10.775
184,7,1,33.209,11.573,32.585,10.716
185,7,1,33.224,11.529,32.599,10.672
186,7,1,33.253,11.470,32.629,10.613
187,7,1,33.268,11.411,32.644,10.554
188,7,1,33.297,11.352,32.673,10.495
189,7,1,33.312,11.308,32.688,10.451
190,7,1,33.452,11.256,32.762,10.458
191,7,1,33.481,11.087,32.732,10.414
192,7,1,33.533,10.955,32.784,10.341
193,7,1,33.540,10.926,32.879,10.333
194,7,1,33.504,10.882,32.850,10.238
195,7,1,33.511,10.823,32.865,10.084
196,7,1,33.541,10.779,32.880,9.974
197,7,1,33.519,10.786,32.895,9.981
198,7,1,33.533,10.735,32.909,9.929
199,7,1,33.621,10.779,32.873,9.753
200,7,1,33.651,10.742,32.910,9.761
201,7,1,33.666,10.705,32.954,9.695
202,7,1,33.673,10.676,32.969,9.673
203,7,1,33.695,10.588,32.976,9.621
204,7,1,33.717,10.470,32.917,9.629
205,7,1,33.629,10.448,33.005,9.643
206,7,1,33.644,10.412,33.020,9.606
207,7,1,33.732,10.294,32.969,9.643
208,7,1,33.659,10.368,33.035,9.570
209,7,1,33.820,10.140,33.219,9.320
210,7,1,33.820,10.132,33.204,9.335
211,7,1,33.828,10.088,33.212,9.291
212,7,1,33.798,10.169,33.006,8.917
213,7,1,33.718,9.949,33.102,9.144
214,7,1,33.820,10.125,33.036,8.741
215,7,1,33.718,9.905,33.102,9.100
216,7,1,33.725,9.869,33.109,9.064
217,7,1,33.718,9.817,33.102,9.012
218,7,1,33.813,9.810,33.183,8.756
219,7,1,33.799,9.685,33.183,8.880
220,7,1,33.806,9.619,33.190,8.814
221,7,1,33.828,9.568,33.212,8.763
222,7,1,33.887,9.392,33.154,8.624
223,7,1,33.829,9.414,33.213,8.616
224,7,1,33.821,9.355,33.205,8.558
225,7,1,33.843,9.311,33.227,8.514
226,7,1,33.836,9.267,33.220,8.470
227,7,1,33.843,9.223,33.227,8.426
228,7,1,33.836,9.165,33.220,8.367
229,7,1,33.844,9.106,33.228,8.308
230,7,1,33.836,9.047,33.220,8.250
231,7,1,33.844,8.974,33.228,8.177
232,7,1,33.836,8.915,33.221,8.118
234,7,1,33.837,8.798,33.221,8.001
235,7,1,33.844,8.754,33.228,7.957
236,7,1,33.837,8.710,33.221,7.913
237,7,1,33.851,8.718,33.221,7.869
238,7,1,33.844,8.688,33.228,7.891
239,7,1,33.837,8.644,33.221,7.847
240,7,1,33.837,8.234,33.221,7.525
241,7,1,33.837,8.278,33.221,7.488
242,7,1,33.830,8.242,33.214,7.452
243,7,1,33.808,8.190,33.192,7.401
244,7,1,33.800,8.154,33.185,7.364
246,7,1,33.771,8.037,33.156,7.247
247,7,1,33.749,7.971,33.134,7.181
248,7,1,33.742,7.919,33.126,7.130
249,7,1,33.735,7.854,33.119,7.064
250,7,1,33.727,7.802,33.112,7.013
251,7,1,33.706,7.751,33.090,6.961
252,7,1,33.698,7.700,33.083,6.910
253,7,1,33.691,7.634,33.075,6.844
254,7,1,33.698,7.583,33.083,6.793
255,7,1,33.676,7.532,33.061,6.742
257,7,1,33.662,7.444,33.046,6.654
258,7,1,33.655,7.407,33.039,6.618
259,7,1,33.633,7.356,33.017,6.566
260,7,1,33.640,7.305,33.024,6.515
261,7,1,33.618,7.254,33.002,6.464
262,7,1,33.757,7.458,33.018,6.098
263,7,1,33.706,7.436,32.981,6.091
264,7,1,33.611,7.188,32.995,6.398
265,7,1,33.603,7.137,32.988,6.347
266,7,1,33.596,7.085,32.981,6.296
267,7,1,33.589,7.034,32.973,6.245
268,7,1,33.596,6.983,32.981,6.193
269,7,1,33.589,6.917,32.974,6.128
270,7,1,33.596,6.881,32.981,6.091
271,7,1,33.574,6.829,32.959,6.040
272,7,1,33.567,6.778,32.952,5.989
273,7,1,33.575,6.712,32.959,5.923
274,7,1,33.582,6.676,32.967,5.886
275,7,1,33.575,6.625,32.959,5.835
276,7,1,33.567,6.573,32.952,5.784
277,7,1,33.560,6.522,32.945,5.733
278,7,1,33.553,6.471,32.937,5.682
279,7,1,33.531,6.405,32.916,5.616
280,7,1,33.524,6.354,32.908,5.565
281,7,1,33.516,6.303,32.901,5.514
282,7,1,33.509,6.252,32.894,5.462
283,7,1,33.487,6.186,32.872,5.397
284,7,1,33.480,6.149,32.865,5.360
285,7,1,33.473,6.083,32.857,5.294
286,7,1,33.465,6.047,32.850,5.258
287,7,1,33.458,5.996,32.843,5.207
288,7,1,33.451,5.959,32.835,5.170
289,7,1,33.429,5.908,32.814,5.119
290,7,1,33.436,5.872,32.821,5.082
291,7,1,33.414,5.820,32.799,5.031
292,7,1,33.422,5.769,32.806,4.980
293,7,1,33.414,5.718,32.799,4.929
294,7,1,33.407,5.667,32.792,4.878
295,7,1,33.400,5.616,32.785,4.827
296,7,1,33.407,5.565,32.792,4.775
297,7,1,33.400,5.499,32.785,4.710
298,7,1,33.393,5.448,32.778,4.659
299,7,1,33.385,5.396,32.770,4.607
300,7,1,33.393,5.345,32.778,4.556
301,7,1,33.386,5.280,32.770,4.491
302,7,1,33.393,5.243,32.778,4.454
303,7,1,33.386,5.177,32.771,4.388
304,7,1,33.378,5.141,32.763,4.352
305,7,1,33.371,5.090,32.756,4.301
306,7,1,33.393,5.039,32.778,4.250
307,7,1,33.386,4.973,32.771,4.184
308,7,1,33.393,4.936,32.778,4.147
309,7,1,33.371,4.885,32.756,4.096
310,7,1,33.379,4.834,32.764,4.045
311,7,1,33.357,4.783,32.742,3.994
312,7,1,33.350,4.732,32.735,3.943
313,7,1,33.342,4.681,32.727,3.892
314,7,1,33.335,4.630,32.720,3.841
315,7,1,33.328,4.564,32.713,3.775
316,7,1,33.320,4.527,32.706,3.738
317,7,1,33.313,4.476,32.698,3.687
318,7,1,33.306,4.425,32.691,3.636
319,7,1,33.299,4.374,32.684,3.585
320,7,1,33.291,4.337,32.676,3.549
321,7,1,33.284,4.286,32.669,3.498
322,7,1,33.277,4.250,32.662,3.461
323,7,1,33.270,4.199,32.655,3.410
324,7,1,33.277,4.162,32.662,3.374
325,7,1,33.270,4.126,32.655,3.337
326,7,1,33.277,4.089,32.662,3.301
327,7,1,33.270,4.038,32.655,3.249
328,7,1,33.277,3.987,32.662,3.198
329,7,1,33.270,3.921,32.655,3.133
330,7,1,33.277,3.870,32.663,3.082
331,7,1,33.270,3.819,32.655,3.031
332,7,1,33.277,3.783,32.663,2.994
333,7,1,33.270,3.732,32.655,2.943
334,7,1,33.278,3.695,32.663,2.907
335,7,1,33.270,3.644,32.656,2.856
336,7,1,33.278,3.608,32.663,2.819
337,7,1,33.256,3.571,32.641,2.783
338,7,1,33.263,3.535,32.648,2.746
339,7,1,33.256,3.484,32.641,2.695
340,7,1,33.263,3.447,32.649,2.659
341,7,1,33.256,3.367,32.641,2.578
342,7,1,33.263,3.374,32.649,2.586
343,7,1,33.241,3.338,32.627,2.549
344,7,1,33.241,3.323,32.627,2.535
345,7,1,33.212,3.265,32.597,2.476
346,7,1,33.205,3.228,32.590,2.440
347,7,1,33.183,3.177,32.568,2.389
348,7,1,33.176,3.155,32.561,2.367
349,7,1,33.154,3.104,32.539,2.316
350,7,1,33.146,3.068,32.532,2.279
233,7,1,33.844,8.857,33.228,8.059
245,7,1,33.779,8.088,33.163,7.298
256,7,1,33.669,7.495,33.054,6.705
51,8,2,44.636,9.169,42.644,8.386
52,8,2,44.614,9.140,42.419,8.409
53,8,2,44.549,9.155,42.368,8.423
54,8,2,44.411,9.155,42.354,8.423
55,8,2,44.397,9.162,42.288,8.431
56,8,2,44.324,9.148,42.245,8.424
57,8,2,44.266,9.170,42.201,8.409
58,8,2,44.280,9.148,42.194,8.424
59,8,2,44.143,9.141,42.179,8.424
60,8,2,44.193,9.141,42.121,8.424
61,8,2,44.121,9.141,42.048,8.424
62,8,2,44.034,9.141,41.961,8.424
63,8,2,43.947,9.142,41.874,8.424
64,8,2,43.860,9.142,41.787,8.424
65,8,2,43.772,9.142,41.699,8.425
66,8,2,43.685,9.142,41.612,8.425
67,8,2,43.598,9.142,41.525,8.425
68,8,2,43.511,9.128,41.437,8.411
69,8,2,43.424,9.114,41.350,8.396
70,8,2,43.337,9.128,41.263,8.411
71,8,2,43.249,9.114,41.175,8.396
72,8,2,43.162,9.129,41.088,8.411
73,8,2,43.075,9.114,41.001,8.397
74,8,2,42.988,9.129,40.913,8.411
75,8,2,42.901,9.115,40.826,8.397
76,8,2,42.814,9.115,40.739,8.397
77,8,2,42.712,9.115,40.637,8.397
78,8,2,42.625,9.115,40.549,8.398
79,8,2,42.537,9.116,40.462,8.398
80,8,2,42.436,9.116,40.360,8.398
81,8,2,42.348,9.116,40.272,8.398
82,8,2,42.247,9.116,40.170,8.398
83,8,2,41.956,9.153,40.010,8.406
84,8,2,42.021,9.131,39.959,8.413
85,8,2,41.796,9.095,39.675,8.443
86,8,2,41.665,9.103,39.544,8.458
87,8,2,41.657,9.139,39.543,8.429
88,8,2,41.570,9.147,39.376,8.429
89,8,2,41.468,9.096,39.230,8.444
90,8,2,41.293,9.111,39.208,8.429
91,8,2,41.162,9.097,39.113,8.444
92,8,2,41.133,9.111,39.026,8.422
93,8,2,41.097,9.141,38.967,8.400
94,8,2,40.980,9.126,38.938,8.408
95,8,2,40.929,9.134,38.748,8.401
96,8,2,40.776,9.083,38.653,8.416
97,8,2,40.667,9.098,38.588,8.430
98,8,2,40.609,9.113,38.544,8.394
99,8,2,40.609,9.083,38.544,8.416
100,8,2,40.507,9.076,38.442,8.409
101,8,2,40.405,9.069,38.339,8.402
102,8,2,40.317,9.077,38.252,8.409
103,8,2,40.069,9.048,38.069,8.395
104,8,2,40.055,9.077,37.945,8.395
105,8,2,40.033,9.063,37.974,8.402
106,8,2,39.938,9.063,37.879,8.402
107,8,2,39.683,9.042,37.594,8.388
108,8,2,39.676,9.042,37.616,8.388
109,8,2,39.530,9.042,37.441,8.389
110,8,2,39.442,9.028,37.382,8.360
111,8,2,39.442,9.020,37.382,8.367
112,8,2,39.347,9.013,37.287,8.360
113,8,2,39.267,9.006,37.207,8.353
114,8,2,39.172,8.999,37.112,8.345
115,8,2,39.077,8.992,37.017,8.338
116,8,2,38.982,8.999,36.922,8.346
117,8,2,38.902,8.992,36.841,8.339
118,8,2,38.807,8.985,36.746,8.331
119,8,2,38.727,8.978,36.666,8.324
120,8,2,38.632,8.986,36.570,8.332
121,8,2,38.552,8.978,36.490,8.325
122,8,2,38.457,8.971,36.395,8.317
123,8,2,38.376,8.964,36.314,8.310
124,8,2,38.281,8.957,36.219,8.303
125,8,2,38.216,8.950,36.153,8.296
126,8,2,38.121,8.957,36.058,8.303
127,8,2,37.953,9.016,35.882,8.296
128,8,2,37.931,9.009,35.941,8.238
129,8,2,37.770,9.002,35.824,8.260
130,8,2,37.828,8.958,35.780,8.304
131,8,2,37.748,8.951,35.699,8.297
132,8,2,37.682,8.958,35.633,8.304
133,8,2,37.602,8.951,35.553,8.297
134,8,2,37.521,8.944,35.472,8.290
135,8,2,37.441,8.937,35.392,8.283
136,8,2,37.361,8.944,35.311,8.290
137,8,2,37.280,8.937,35.230,8.283
138,8,2,37.214,8.930,35.165,8.276
139,8,2,37.119,8.923,35.069,8.269
140,8,2,37.053,8.916,35.003,8.261
141,8,2,36.973,8.909,34.923,8.254
142,8,2,36.907,8.902,34.857,8.247
143,8,2,36.812,8.894,34.761,8.240
144,8,2,36.746,8.887,34.695,8.233
145,8,2,36.651,8.880,34.600,8.226
146,8,2,36.585,8.873,34.534,8.218
147,8,2,36.490,8.866,34.439,8.211
148,8,2,36.424,8.859,34.373,8.204
149,8,2,36.329,8.852,34.277,8.197
150,8,2,36.263,8.844,34.211,8.190
151,8,2,36.168,8.837,34.116,8.182
152,8,2,36.102,8.830,34.050,8.175
153,8,2,36.007,8.823,33.955,8.168
154,8,2,35.926,8.816,33.874,8.161
155,8,2,35.846,8.809,33.793,8.154
156,8,2,35.765,8.801,33.712,8.147
157,8,2,35.685,8.780,33.632,8.125
158,8,2,35.604,8.773,33.551,8.117
159,8,2,35.523,8.765,33.470,8.110
160,8,2,35.443,8.758,33.389,8.103
161,8,2,35.362,8.751,33.309,8.096
162,8,2,35.282,8.744,33.228,8.089
163,8,2,35.201,8.737,33.147,8.082
164,8,2,35.120,8.730,33.066,8.074
165,8,2,35.040,8.708,32.986,8.053
166,8,2,34.959,8.701,32.905,8.045
167,8,2,34.878,8.694,32.824,8.038
168,8,2,34.798,8.686,32.743,8.031
169,8,2,34.717,8.679,32.662,8.024
170,8,2,34.636,8.672,32.582,8.017
171,8,2,34.556,8.665,32.501,8.009
172,8,2,34.475,8.658,32.420,8.002
173,8,2,34.380,8.651,32.324,7.995
174,8,2,34.314,8.643,32.258,7.988
175,8,2,34.218,8.636,32.163,7.981
176,8,2,34.138,8.644,32.082,7.988
177,8,2,34.057,8.637,32.001,7.981
178,8,2,33.976,8.629,31.920,7.974
179,8,2,33.895,8.622,31.839,7.966
180,8,2,33.815,8.615,31.758,7.959
181,8,2,33.719,8.608,31.663,7.952
182,8,2,33.653,8.615,31.596,7.959
183,8,2,33.558,8.608,31.501,7.952
184,8,2,33.477,8.616,31.420,7.960
185,8,2,33.396,8.609,31.339,7.953
186,8,2,33.315,8.601,31.258,7.945
187,8,2,33.220,8.594,31.162,7.938
188,8,2,33.139,8.602,31.081,7.946
189,8,2,33.058,8.595,31.000,7.938
190,8,2,32.978,8.587,30.919,7.931
191,8,2,32.882,8.580,30.824,7.924
192,8,2,32.816,8.588,30.757,7.931
193,8,2,32.720,8.581,30.662,7.924
194,8,2,32.639,8.588,30.580,7.932
195,8,2,32.559,8.581,30.499,7.925
196,8,2,32.478,8.574,30.418,7.917
197,8,2,32.382,8.567,30.323,7.910
198,8,2,32.301,8.574,30.242,7.918
199,8,2,32.220,8.582,30.161,7.925
200,8,2,32.139,8.589,30.079,7.933
201,8,2,32.198,8.618,29.991,7.918
202,8,2,32.117,8.589,30.057,7.933
203,8,2,32.036,8.597,29.976,7.940
204,8,2,31.941,8.604,29.880,7.948
205,8,2,31.875,8.597,29.814,7.940
206,8,2,31.779,8.604,29.718,7.948
207,8,2,31.698,8.612,29.637,7.955
208,8,2,31.617,8.619,29.556,7.963
209,8,2,31.536,8.612,29.475,7.956
210,8,2,31.440,8.620,29.379,7.963
211,8,2,31.374,8.627,29.313,7.970
212,8,2,31.411,8.700,29.290,7.970
213,8,2,31.403,8.686,29.231,7.985
214,8,2,31.345,8.657,29.283,8.000
215,8,2,31.264,8.664,29.202,8.007
216,8,2,31.197,8.657,29.135,8.000
217,8,2,31.102,8.664,29.040,8.008
218,8,2,31.021,8.672,28.958,8.015
219,8,2,30.940,8.679,28.877,8.023
220,8,2,30.741,8.738,28.560,8.030
221,8,2,30.689,8.709,28.626,8.052
222,8,2,30.608,8.717,28.545,8.060
223,8,2,30.512,8.724,28.449,8.067
224,8,2,30.431,8.717,28.368,8.060
225,8,2,30.180,8.769,28.146,8.038
226,8,2,30.203,8.732,28.146,8.075
227,8,2,30.129,8.740,28.072,8.083
228,8,2,29.981,8.755,27.814,8.046
229,8,2,29.930,8.725,27.873,8.068
230,8,2,29.841,8.733,27.784,8.076
231,8,2,29.753,8.740,27.695,8.083
232,8,2,29.679,8.733,27.621,8.076
234,8,2,29.502,8.734,27.444,8.076
235,8,2,29.399,8.741,27.340,8.084
236,8,2,29.325,8.734,27.267,8.077
237,8,2,29.222,8.742,27.163,8.084
238,8,2,29.148,8.734,27.089,8.077
239,8,2,29.045,8.742,26.986,8.084
240,8,2,28.971,8.735,26.912,8.077
241,8,2,28.867,8.742,26.808,8.085
242,8,2,28.794,8.750,26.734,8.092
243,8,2,28.690,8.757,26.630,8.100
244,8,2,28.616,8.750,26.556,8.092
246,8,2,28.439,8.750,26.379,8.093
247,8,2,28.336,8.758,26.275,8.100
248,8,2,28.262,8.751,26.201,8.093
249,8,2,28.158,8.758,26.097,8.101
250,8,2,28.085,8.751,26.023,8.093
251,8,2,27.981,8.759,25.920,8.101
252,8,2,27.907,8.752,25.846,8.094
253,8,2,27.767,8.789,25.698,8.079
254,8,2,27.678,8.781,25.683,8.057
255,8,2,27.619,8.782,25.564,8.109
257,8,2,27.538,8.760,25.483,8.102
258,8,2,27.456,8.752,25.401,8.094
259,8,2,27.360,8.760,25.305,8.102
260,8,2,27.264,8.753,25.209,8.095
261,8,2,27.086,8.783,25.149,8.073
262,8,2,27.005,8.783,25.061,8.036
263,8,2,26.909,8.768,25.002,7.977
264,8,2,26.805,8.791,24.920,7.970
265,8,2,26.879,8.710,24.853,8.051
266,8,2,26.798,8.702,24.771,8.044
267,8,2,26.717,8.695,24.690,8.037
268,8,2,26.620,8.703,24.594,8.044
269,8,2,26.539,8.695,24.512,8.037
270,8,2,26.443,8.703,24.415,8.044
271,8,2,26.361,8.696,24.334,8.037
272,8,2,26.250,8.689,24.223,8.030
273,8,2,26.169,8.682,24.141,8.023
274,8,2,26.073,8.689,24.045,8.030
275,8,2,25.991,8.682,23.963,8.023
276,8,2,25.895,8.675,23.867,8.016
277,8,2,25.814,8.668,23.785,8.009
278,8,2,25.717,8.675,23.688,8.016
279,8,2,25.636,8.668,23.607,8.009
280,8,2,25.525,8.675,23.495,8.016
281,8,2,25.443,8.668,23.414,8.009
282,8,2,25.347,8.661,23.317,8.002
283,8,2,25.265,8.654,23.236,7.995
284,8,2,25.169,8.661,23.139,8.002
285,8,2,25.087,8.654,23.057,7.995
286,8,2,24.991,8.662,22.961,8.003
287,8,2,24.895,8.655,22.864,7.995
288,8,2,24.798,8.647,22.768,7.988
289,8,2,24.717,8.640,22.686,7.981
290,8,2,24.620,8.648,22.589,7.988
291,8,2,24.539,8.641,22.507,7.981
292,8,2,24.442,8.648,22.411,7.989
293,8,2,24.361,8.641,22.329,7.982
294,8,2,24.249,8.648,22.217,7.989
295,8,2,24.168,8.641,22.136,7.982
296,8,2,24.071,8.649,22.039,7.989
297,8,2,23.989,8.642,21.957,7.982
298,8,2,23.893,8.649,21.860,7.990
299,8,2,23.811,8.642,21.779,7.982
300,8,2,23.700,8.650,21.667,7.990
301,8,2,23.618,8.642,21.585,7.983
302,8,2,23.522,8.650,21.488,7.990
303,8,2,23.425,8.643,21.392,7.983
304,8,2,23.329,8.650,21.295,7.991
305,8,2,23.247,8.643,21.213,7.983
306,8,2,23.150,8.651,21.116,7.991
307,8,2,23.054,8.643,21.020,7.984
308,8,2,22.957,8.651,20.923,7.991
309,8,2,22.875,8.644,20.841,7.984
310,8,2,22.779,8.651,20.744,7.991
311,8,2,22.682,8.644,20.647,7.984
312,8,2,22.585,8.652,20.550,7.992
313,8,2,22.504,8.645,20.468,7.984
314,8,2,22.392,8.652,20.357,7.992
315,8,2,22.310,8.645,20.275,7.985
316,8,2,22.213,8.652,20.178,7.992
317,8,2,22.117,8.645,20.081,7.985
318,8,2,22.020,8.638,19.984,7.978
319,8,2,21.938,8.631,19.902,7.971
320,8,2,21.827,8.639,19.790,7.978
321,8,2,21.745,8.631,19.708,7.971
322,8,2,21.648,8.624,19.611,7.964
323,8,2,21.551,8.617,19.514,7.956
324,8,2,21.455,8.624,19.417,7.964
325,8,2,21.358,8.603,19.320,7.942
326,8,2,21.261,8.610,19.223,7.950
327,8,2,21.179,8.603,19.141,7.942
328,8,2,21.068,8.596,19.030,7.935
329,8,2,20.986,8.574,18.948,7.913
330,8,2,20.889,8.567,18.851,7.906
331,8,2,20.792,8.559,18.754,7.899
332,8,2,20.695,8.552,18.657,7.891
333,8,2,20.599,8.530,18.560,7.869
334,8,2,20.502,8.523,18.463,7.862
335,8,2,20.405,8.501,18.366,7.840
336,8,2,20.308,8.494,18.269,7.833
337,8,2,20.227,8.472,18.187,7.811
338,8,2,20.115,8.465,18.075,7.804
339,8,2,20.033,8.443,17.993,7.782
340,8,2,19.936,8.435,17.896,7.774
341,8,2,19.839,8.414,17.799,7.752
342,8,2,19.742,8.392,17.702,7.730
343,8,2,19.661,8.370,17.620,7.708
344,8,2,19.564,8.348,17.523,7.686
345,8,2,19.482,8.326,17.441,7.664
346,8,2,19.385,8.304,17.344,7.642
347,8,2,19.303,8.282,17.262,7.620
348,8,2,19.206,8.260,17.165,7.598
349,8,2,19.124,8.223,17.083,7.561
350,8,2,19.028,8.201,16.986,7.539
351,8,2,18.961,8.164,16.919,7.502
352,8,2,18.864,8.142,16.822,7.480
353,8,2,18.625,8.106,16.897,7.443
354,8,2,18.528,8.084,16.800,7.421
355,8,2,18.446,8.047,16.718,7.384
356,8,2,18.350,8.010,16.621,7.348
357,8,2,18.298,7.973,16.569,7.311
358,8,2,18.253,7.936,16.524,7.274
359,8,2,18.223,7.899,16.495,7.237
360,8,2,18.179,7.863,16.450,7.200
361,8,2,18.142,7.811,16.413,7.148
233,8,2,29.576,8.741,27.518,8.083
245,8,2,28.513,8.758,26.453,8.100
256,8,2,27.619,8.767,25.564,8.109
59,9,1,33.149,17.798,32.523,16.982
60,9,1,33.149,17.798,32.523,16.982
61,9,1,33.149,17.768,32.523,16.953
62,9,1,33.149,17.738,32.523,16.923
63,9,1,33.149,17.709,32.523,16.894
64,9,1,33.135,17.665,32.509,16.849
65,9,1,33.149,17.635,32.524,16.820
66,9,1,33.135,17.591,32.509,16.776
67,9,1,33.149,17.546,32.524,16.731
68,9,1,33.135,17.502,32.509,16.687
69,9,1,33.135,17.458,32.509,16.643
70,9,1,33.135,17.414,32.509,16.598
71,9,1,33.135,17.384,32.509,16.569
72,9,1,33.135,17.340,32.509,16.525
73,9,1,33.135,17.310,32.509,16.495
74,9,1,33.135,17.281,32.509,16.466
75,9,1,33.135,17.236,32.509,16.421
76,9,1,33.135,17.207,32.509,16.392
77,9,1,33.135,17.177,32.510,16.362
78,9,1,33.135,17.148,32.510,16.333
79,9,1,33.135,17.118,32.510,16.303
80,9,1,33.135,17.074,32.510,16.259
81,9,1,33.135,17.045,32.510,16.229
82,9,1,33.135,17.015,32.510,16.200
83,9,1,33.135,16.971,32.510,16.156
84,9,1,33.136,16.926,32.510,16.111
85,9,1,33.136,16.897,32.510,16.082
86,9,1,33.136,16.867,32.510,16.052
87,9,1,33.136,16.823,32.510,16.008
88,9,1,33.099,16.779,32.481,15.942
89,9,1,33.099,16.772,32.481,15.949
90,9,1,33.106,16.735,32.488,15.912
91,9,1,33.114,16.713,32.496,15.890
92,9,1,33.106,16.676,32.488,15.853
93,9,1,33.121,16.668,32.474,15.802
94,9,1,33.106,16.646,32.481,15.817
95,9,1,33.106,16.617,32.481,15.787
96,9,1,33.092,16.587,32.466,15.758
97,9,1,33.077,16.558,32.452,15.728
98,9,1,33.077,16.528,32.452,15.699
99,9,1,33.077,16.484,32.452,15.654
100,9,1,33.062,16.440,32.437,15.610
101,9,1,33.048,16.410,32.422,15.581
102,9,1,33.048,16.381,32.422,15.551
103,9,1,33.033,16.337,32.408,15.507
104,9,1,33.018,16.293,32.393,15.463
105,9,1,33.018,16.263,32.393,15.434
106,9,1,33.019,16.219,32.393,15.389
107,9,1,33.019,16.175,32.393,15.345
108,9,1,33.019,16.145,32.393,15.316
109,9,1,33.019,16.101,32.393,15.271
110,9,1,33.004,16.071,32.379,15.242
111,9,1,32.989,16.042,32.364,15.213
112,9,1,32.989,15.998,32.364,15.168
113,9,1,32.989,15.983,32.364,15.154
114,9,1,32.989,15.939,32.364,15.109
115,9,1,32.989,15.924,32.364,15.095
116,9,1,32.975,15.880,32.349,15.050
117,9,1,32.960,15.865,32.335,15.036
118,9,1,32.975,15.821,32.350,14.991
119,9,1,32.960,15.806,32.335,14.977
120,9,1,32.960,15.762,32.335,14.933
121,9,1,32.960,15.733,32.335,14.903
122,9,1,32.960,15.703,32.335,14.874
123,9,1,32.960,15.674,32.335,14.844
124,9,1,32.960,15.644,32.335,14.815
125,9,1,32.960,15.615,32.335,14.785
126,9,1,33.056,15.385,32.299,14.623
127,9,1,33.005,15.430,32.343,14.601
128,9,1,33.071,15.334,32.313,14.608
129,9,1,33.005,15.378,32.365,14.564
130,9,1,33.005,15.349,32.365,14.534
131,9,1,32.998,15.319,32.299,14.527
132,9,1,32.968,15.327,32.328,14.520
133,9,1,32.968,15.305,32.328,14.498
134,9,1,32.990,15.268,32.350,14.468
135,9,1,32.983,15.268,32.343,14.468
136,9,1,32.983,15.238,32.343,14.439
137,9,1,32.983,15.224,32.343,14.424
138,9,1,32.968,15.194,32.328,14.395
139,9,1,32.954,15.165,32.314,14.365
140,9,1,32.954,15.135,32.314,14.336
141,9,1,32.954,15.106,32.314,14.306
142,9,1,32.954,15.076,32.314,14.277
143,9,1,32.939,15.047,32.299,14.247
144,9,1,32.924,15.018,32.284,14.218
145,9,1,32.924,14.988,32.284,14.189
146,9,1,32.924,14.959,32.285,14.159
147,9,1,32.924,14.929,32.285,14.130
148,9,1,32.910,14.900,32.270,14.100
149,9,1,32.895,14.870,32.255,14.071
150,9,1,32.910,14.841,32.270,14.041
151,9,1,32.895,14.812,32.255,14.012
152,9,1,32.814,14.805,32.152,13.931
153,9,1,32.799,14.768,32.160,13.961
154,9,1,32.800,14.746,32.160,13.939
155,9,1,32.785,14.724,32.145,13.917
156,9,1,32.785,14.702,32.145,13.895
157,9,1,32.770,14.665,32.130,13.858
158,9,1,32.770,14.643,32.130,13.836
159,9,1,32.770,14.606,32.130,13.799
160,9,1,32.756,14.569,32.116,13.762
161,9,1,32.756,14.532,32.116,13.725
162,9,1,32.741,14.510,32.101,13.703
163,9,1,32.741,14.459,32.101,13.652
164,9,1,32.726,14.437,32.086,13.630
165,9,1,32.712,14.415,32.072,13.608
166,9,1,32.712,14.378,32.072,13.571
167,9,1,32.697,14.341,32.057,13.534
168,9,1,32.697,14.304,32.057,13.497
169,9,1,32.682,14.282,32.042,13.475
170,9,1,32.682,14.260,32.043,13.453
171,9,1,32.668,14.223,32.028,13.417
172,9,1,32.668,14.187,32.028,13.380
173,9,1,32.653,14.150,32.013,13.343
174,9,1,32.653,14.128,32.013,13.321
175,9,1,32.638,14.091,31.999,13.284
176,9,1,32.638,14.054,31.999,13.247
177,9,1,32.624,14.017,31.984,13.211
178,9,1,32.624,13.981,31.984,13.174
179,9,1,32.609,13.944,31.969,13.137
180,9,1,32.595,13.716,31.933,12.997
181,9,1,32.602,13.760,31.977,12.975
182,9,1,32.602,13.760,31.970,12.968
183,9,1,32.595,13.738,31.962,12.946
184,9,1,32.587,13.701,31.955,12.909
185,9,1,32.595,13.679,31.962,12.887
186,9,1,32.573,13.642,31.940,12.850
187,9,1,32.595,13.605,31.963,12.813
188,9,1,32.602,13.539,31.970,12.747
189,9,1,32.595,13.517,31.963,12.725
190,9,1,32.588,13.480,31.955,12.688
191,9,1,32.595,13.458,31.963,12.666
192,9,1,32.625,13.355,31.993,12.556
193,9,1,32.632,13.384,31.978,12.423
194,9,1,32.617,13.303,31.985,12.511
195,9,1,32.625,13.392,31.985,12.423
196,9,1,32.617,13.303,31.985,12.511
197,9,1,32.625,13.267,31.993,12.475
198,9,1,32.632,13.230,32.000,12.438
199,9,1,32.640,13.193,32.008,12.401
200,9,1,32.647,13.156,32.015,12.364
201,9,1,32.655,13.134,32.022,12.342
202,9,1,32.662,13.097,32.030,12.305
203,9,1,32.699,13.031,32.045,12.246
204,9,1,32.684,13.031,32.052,12.246
205,9,1,32.692,13.001,32.059,12.217
206,9,1,32.714,12.972,32.082,12.187
207,9,1,32.721,12.928,32.089,12.143
208,9,1,32.729,12.913,32.096,12.129
209,9,1,32.721,12.869,32.089,12.084
210,9,1,32.729,12.854,32.097,12.070
211,9,1,32.721,12.825,32.089,12.040
212,9,1,32.714,12.810,32.082,12.026
213,9,1,32.788,12.633,32.222,11.724
214,9,1,32.810,12.574,32.185,11.783
215,9,1,32.825,12.537,32.200,11.746
216,9,1,32.840,12.515,32.215,11.724
217,9,1,32.854,12.464,32.230,11.672
218,9,1,32.869,12.427,32.245,11.635
219,9,1,32.884,12.375,32.259,11.584
220,9,1,32.899,12.353,32.274,11.562
221,9,1,32.928,12.302,32.304,11.510
222,9,1,32.943,12.265,32.319,11.473
223,9,1,32.958,12.228,32.333,11.437
224,9,1,32.987,12.191,32.363,11.400
225,9,1,33.002,12.140,32.378,11.348
226,9,1,33.017,12.118,32.392,11.326
227,9,1,33.046,12.081,32.422,11.289
228,9,1,33.061,12.059,32.437,11.267
229,9,1,33.076,12.022,32.451,11.230
230,9,1,33.076,12.000,32.451,11.208
231,9,1,33.091,11.963,32.466,11.172
232,9,1,33.105,11.926,32.481,11.135
234,9,1,33.150,11.852,32.525,11.061
235,9,1,33.164,11.816,32.540,11.024
236,9,1,33.179,11.794,32.555,11.002
237,9,1,33.194,11.771,32.555,10.922
238,9,1,33.186,11.742,32.562,10.951
239,9,1,33.201,11.705,32.577,10.914
240,9,1,33.231,11.683,32.606,10.892
241,9,1,33.157,11.676,32.687,10.884
242,9,1,33.172,11.625,32.702,10.833
243,9,1,33.172,11.603,32.702,10.811
244,9,1,33.246,11.551,32.629,10.789
246,9,1,33.231,11.507,32.732,10.745
247,9,1,33.216,11.514,32.739,10.737
248,9,1,33.172,11.492,32.776,10.715
249,9,1,33.179,11.470,32.783,10.693
250,9,1,33.194,11.448,32.798,10.671
251,9,1,33.319,11.433,32.850,10.399
252,9,1,33.275,11.308,32.879,10.524
253,9,1,33.283,11.272,32.887,10.487
254,9,1,33.305,11.235,32.909,10.450
255,9,1,33.312,11.191,32.916,10.406
257,9,1,33.342,11.132,32.946,10.348
259,9,1,33.334,11.125,32.938,10.340
260,9,1,33.349,11.095,32.953,10.311
261,9,1,33.364,11.058,32.968,10.274
262,9,1,33.379,11.022,32.983,10.237
263,9,1,33.393,10.992,32.997,10.208
264,9,1,33.408,10.963,33.012,10.179
265,9,1,33.423,10.941,33.027,10.157
267,9,1,33.415,10.933,33.019,10.149
268,9,1,33.430,10.911,33.034,10.127
269,9,1,33.445,10.882,33.049,10.098
270,9,1,33.467,10.852,33.071,10.068
271,9,1,33.474,10.816,33.078,10.032
272,9,1,33.496,10.779,33.101,9.995
273,9,1,33.511,10.735,33.115,9.951
274,9,1,33.526,10.698,33.130,9.914
276,9,1,33.519,10.691,33.123,9.907
277,9,1,33.533,10.647,33.137,9.863
278,9,1,33.673,10.412,33.218,9.731
279,9,1,33.636,10.463,33.241,9.686
280,9,1,33.644,10.434,33.248,9.657
281,9,1,33.644,10.404,33.248,9.628
282,9,1,33.651,10.375,33.255,9.598
283,9,1,33.666,10.338,33.270,9.562
284,9,1,33.673,10.316,33.278,9.540
285,9,1,33.681,10.272,33.285,9.496
286,9,1,33.695,10.243,33.300,9.466
287,9,1,33.703,10.206,33.307,9.430
288,9,1,33.703,10.177,33.307,9.400
289,9,1,33.710,10.140,33.314,9.364
290,9,1,33.725,10.103,33.329,9.327
292,9,1,33.718,10.096,33.322,9.320
293,9,1,33.732,10.059,33.337,9.283
294,9,1,33.740,10.030,33.344,9.254
295,9,1,33.747,10.008,33.351,9.232
297,9,1,33.740,10.001,33.344,9.224
298,9,1,33.747,9.979,33.351,9.202
299,9,1,33.747,9.942,33.351,9.166
300,9,1,33.755,9.912,33.359,9.136
302,9,1,33.747,9.905,33.351,9.129
303,9,1,33.909,9.875,33.367,8.858
304,9,1,33.836,9.758,33.440,8.975
305,9,1,33.843,9.729,33.447,8.946
306,9,1,33.850,9.700,33.455,8.916
307,9,1,33.858,9.670,33.462,8.887
308,9,1,33.872,9.634,33.477,8.850
309,9,1,33.880,9.604,33.484,8.821
310,9,1,33.880,9.568,33.484,8.784
311,9,1,33.887,9.531,33.491,8.748
312,9,1,33.895,9.502,33.499,8.718
313,9,1,33.895,9.465,33.499,8.682
314,9,1,33.895,9.436,33.499,8.652
315,9,1,33.902,9.406,33.506,8.623
316,9,1,33.909,9.377,33.514,8.594
318,9,1,33.902,9.370,33.506,8.586
319,9,1,33.902,9.348,33.506,8.564
320,9,1,33.902,9.318,33.506,8.535
321,9,1,33.902,9.289,33.506,8.506
322,9,1,33.902,9.260,33.506,8.476
323,9,1,33.902,9.230,33.507,8.447
324,9,1,33.902,9.194,33.507,8.411
325,9,1,33.902,9.164,33.507,8.381
326,9,1,33.902,9.128,33.507,8.345
327,9,1,33.902,9.091,33.507,8.308
328,9,1,33.902,9.062,33.507,8.279
329,9,1,33.902,9.025,33.507,8.242
330,9,1,33.895,8.989,33.499,8.205
331,9,1,33.895,8.959,33.500,8.176
333,9,1,33.888,8.952,33.492,8.169
334,9,1,33.888,8.923,33.492,8.140
335,9,1,33.888,8.901,33.492,8.118
337,9,1,33.880,8.893,33.485,8.110
338,9,1,33.881,8.879,33.485,8.096
339,9,1,33.888,8.857,33.492,8.074
340,9,1,33.895,8.835,33.500,8.052
341,9,1,33.888,8.805,33.492,8.022
343,9,1,33.881,8.798,33.485,8.015
344,9,1,33.888,8.783,33.492,8.000
345,9,1,33.895,8.754,33.500,7.971
346,9,1,33.895,8.710,33.500,7.927
347,9,1,33.903,8.673,33.507,7.891
349,9,1,33.895,8.666,33.500,7.883
350,9,1,33.895,8.637,33.500,7.854
352,9,1,33.888,8.630,33.493,7.847
353,9,1,33.895,8.615,33.500,7.832
354,9,1,33.896,8.249,33.442,7.305
355,9,1,33.867,8.183,33.471,7.400
356,9,1,33.867,8.154,33.471,7.371
357,9,1,33.859,8.132,33.464,7.349
358,9,1,33.867,8.102,33.471,7.320
359,9,1,33.852,8.080,33.456,7.298
360,9,1,33.852,8.051,33.457,7.268
361,9,1,33.845,8.022,33.449,7.239
362,9,1,33.845,7.993,33.449,7.210
363,9,1,33.845,7.963,33.449,7.181
364,9,1,33.837,7.927,33.442,7.144
365,9,1,33.830,7.890,33.435,7.107
366,9,1,33.830,7.861,33.435,7.078
367,9,1,33.830,7.824,33.435,7.042
368,9,1,33.823,7.795,33.427,7.012
369,9,1,33.816,7.758,33.420,6.976
370,9,1,33.816,7.729,33.420,6.947
371,9,1,33.816,7.700,33.420,6.917
372,9,1,33.808,7.671,33.413,6.888
373,9,1,33.801,7.641,33.406,6.859
375,9,1,33.794,7.634,33.398,6.851
376,9,1,33.794,7.612,33.398,6.829
377,9,1,33.794,7.590,33.398,6.808
378,9,1,33.794,7.568,33.398,6.786
379,9,1,33.786,7.539,33.391,6.756
380,9,1,33.794,7.510,33.398,6.727
381,9,1,33.787,7.480,33.391,6.698
382,9,1,33.787,7.444,33.391,6.661
383,9,1,33.787,7.414,33.391,6.632
384,9,1,33.787,7.378,33.391,6.595
385,9,1,33.779,7.341,33.384,6.559
386,9,1,33.772,7.305,33.377,6.522
387,9,1,33.779,7.268,33.384,6.486
388,9,1,33.772,7.231,33.377,6.449
389,9,1,33.772,7.202,33.377,6.420
390,9,1,33.772,7.173,33.377,6.391
391,9,1,33.765,7.136,33.370,6.354
392,9,1,33.758,7.114,33.362,6.332
394,9,1,33.750,7.107,33.355,6.325
395,9,1,33.750,7.085,33.355,6.303
396,9,1,33.750,7.056,33.355,6.274
397,9,1,33.750,7.027,33.355,6.244
398,9,1,33.743,6.997,33.348,6.215
399,9,1,33.750,6.968,33.355,6.186
400,9,1,33.743,6.939,33.348,6.157
401,9,1,33.743,6.910,33.348,6.127
402,9,1,33.736,6.873,33.341,6.091
403,9,1,33.729,6.836,33.333,6.054
233,9,1,33.135,11.889,32.510,11.098
245,9,1,33.172,11.558,32.695,10.774
256,9,1,33.334,11.161,32.938,10.377
60,10,1,33.665,17.949,33.084,17.089
61,10,1,33.665,17.919,33.084,17.060
62,10,1,33.665,17.875,33.084,17.015
63,10,1,33.665,17.845,33.084,16.986
64,10,1,33.650,17.801,33.069,16.942
65,10,1,33.651,17.757,33.069,16.897
66,10,1,33.651,17.713,33.069,16.853
67,10,1,33.636,17.669,33.055,16.809
68,10,1,33.636,17.639,33.055,16.779
69,10,1,33.621,17.595,33.040,16.735
70,10,1,33.621,17.550,33.040,16.691
71,10,1,33.621,17.521,33.040,16.661
72,10,1,33.607,17.492,33.025,16.632
73,10,1,33.607,17.447,33.025,16.588
74,10,1,33.607,17.418,33.025,16.558
75,10,1,33.607,17.388,33.025,16.529
76,10,1,33.607,17.359,33.026,16.499
77,10,1,33.607,17.314,33.026,16.455
78,10,1,33.592,17.285,33.011,16.425
79,10,1,33.592,17.241,33.011,16.381
80,10,1,33.592,17.211,33.011,16.352
81,10,1,33.592,17.167,33.011,16.307
82,10,1,33.592,17.137,33.011,16.278
83,10,1,33.592,17.093,33.011,16.234
84,10,1,33.607,17.049,33.026,16.189
85,10,1,33.607,17.019,33.026,16.160
86,10,1,33.607,16.975,33.026,16.116
87,10,1,33.607,16.945,33.026,16.086
88,10,1,33.681,16.893,33.056,16.042
89,10,1,33.666,16.893,33.063,16.042
90,10,1,33.659,16.857,33.056,16.005
91,10,1,33.666,16.820,33.063,15.968
92,10,1,33.659,16.798,33.056,15.946
93,10,1,33.674,16.753,33.019,15.902
94,10,1,33.652,16.753,33.034,15.902
95,10,1,33.644,16.716,33.026,15.865
96,10,1,33.637,16.694,33.019,15.843
97,10,1,33.644,16.657,33.026,15.806
98,10,1,33.637,16.621,33.019,15.769
99,10,1,33.644,16.569,33.027,15.717
100,10,1,33.637,16.547,33.019,15.695
101,10,1,33.645,16.495,33.027,15.644
102,10,1,33.637,16.458,33.019,15.607
103,10,1,33.630,16.422,33.012,15.570
104,10,1,33.623,16.385,33.005,15.533
105,10,1,33.630,16.348,33.012,15.496
106,10,1,33.623,16.311,33.005,15.459
107,10,1,33.630,16.274,33.012,15.423
108,10,1,33.623,16.237,33.005,15.386
109,10,1,33.630,16.200,33.012,15.349
110,10,1,33.623,16.178,33.005,15.327
111,10,1,33.645,16.126,33.027,15.275
112,10,1,33.638,16.104,33.020,15.253
113,10,1,33.645,16.067,33.027,15.216
114,10,1,33.638,16.031,33.020,15.179
115,10,1,33.645,15.994,33.027,15.142
116,10,1,33.638,15.957,33.020,15.106
117,10,1,33.645,15.920,33.027,15.069
118,10,1,33.638,15.883,33.020,15.032
119,10,1,33.579,15.854,32.888,14.789
120,10,1,33.572,15.795,32.903,14.775
121,10,1,33.564,15.795,32.910,14.782
122,10,1,33.550,15.729,32.925,14.841
123,10,1,33.550,15.699,32.925,14.811
124,10,1,33.550,15.670,32.925,14.782
125,10,1,33.550,15.641,32.925,14.752
126,10,1,33.550,15.611,32.925,14.723
127,10,1,33.579,15.611,32.903,14.716
128,10,1,33.557,15.604,32.925,14.716
129,10,1,33.550,15.574,32.917,14.686
130,10,1,33.557,15.397,32.837,14.583
131,10,1,33.543,15.368,32.866,14.539
132,10,1,33.521,15.390,32.888,14.517
133,10,1,33.513,15.361,32.881,14.487
134,10,1,33.521,15.331,32.888,14.458
135,10,1,33.513,15.302,32.881,14.429
136,10,1,33.506,15.272,32.874,14.399
137,10,1,33.499,15.243,32.866,14.370
138,10,1,33.491,15.213,32.859,14.340
139,10,1,33.484,15.184,32.852,14.311
140,10,1,33.477,15.155,32.844,14.281
141,10,1,33.469,15.125,32.837,14.252
142,10,1,33.462,15.096,32.830,14.223
143,10,1,33.455,15.066,32.822,14.193
144,10,1,33.447,15.037,32.815,14.164
145,10,1,33.440,15.007,32.808,14.134
146,10,1,33.447,14.978,32.815,14.105
147,10,1,33.440,14.949,32.808,14.075
148,10,1,33.433,14.919,32.801,14.046
149,10,1,33.425,14.890,32.793,14.017
150,10,1,33.433,14.860,32.801,13.987
151,10,1,33.425,14.831,32.793,13.958
152,10,1,33.477,14.823,32.837,13.950
153,10,1,33.470,14.816,32.838,13.943
154,10,1,33.462,14.786,32.830,13.913
155,10,1,33.455,14.757,32.823,13.884
156,10,1,33.462,14.727,32.830,13.854
157,10,1,33.455,14.698,32.823,13.825
158,10,1,33.463,14.668,32.830,13.796
159,10,1,33.455,14.639,32.823,13.766
160,10,1,33.463,14.610,32.830,13.737
161,10,1,33.455,14.580,32.823,13.707
162,10,1,33.463,14.551,32.831,13.678
163,10,1,33.455,14.521,32.823,13.648
164,10,1,33.463,14.492,32.831,13.619
165,10,1,33.441,14.462,32.809,13.590
166,10,1,33.433,14.448,32.801,13.575
167,10,1,33.426,14.418,32.794,13.545
168,10,1,33.419,14.389,32.787,13.516
169,10,1,33.411,14.359,32.779,13.487
170,10,1,33.404,14.330,32.772,13.457
171,10,1,33.397,14.286,32.765,13.413
172,10,1,33.404,14.256,32.772,13.384
173,10,1,33.397,14.227,32.765,13.354
174,10,1,33.294,14.007,32.625,13.303
175,10,1,33.279,14.088,32.647,13.222
176,10,1,33.272,14.066,32.640,13.200
177,10,1,33.264,14.029,32.632,13.163
178,10,1,33.390,13.955,32.625,13.105
179,10,1,33.434,13.947,32.691,13.104
180,10,1,33.427,13.888,32.655,13.156
181,10,1,33.368,13.859,32.618,13.105
182,10,1,33.309,13.904,32.677,13.068
183,10,1,33.301,13.882,32.669,13.046
184,10,1,33.294,13.860,32.662,13.024
185,10,1,33.302,13.823,32.670,12.987
186,10,1,33.294,13.801,32.662,12.965
187,10,1,33.302,13.764,32.670,12.928
188,10,1,33.294,13.742,32.662,12.906
189,10,1,33.302,13.690,32.670,12.854
190,10,1,33.294,13.668,32.662,12.832
191,10,1,33.287,13.631,32.655,12.796
192,10,1,33.243,13.521,32.582,12.671
193,10,1,33.273,13.499,32.692,12.560
194,10,1,33.287,13.447,32.663,12.612
195,10,1,33.302,13.411,32.678,12.575
196,10,1,33.287,13.389,32.663,12.553
197,10,1,33.302,13.352,32.678,12.516
198,10,1,33.302,13.315,32.678,12.479
199,10,1,33.302,13.278,32.678,12.442
200,10,1,33.317,13.241,32.692,12.406
201,10,1,33.332,13.204,32.707,12.369
202,10,1,33.332,13.182,32.707,12.347
203,10,1,33.346,13.219,32.700,12.288
204,10,1,33.332,13.168,32.707,12.332
205,10,1,33.332,13.131,32.707,12.295
206,10,1,33.347,13.109,32.722,12.273
207,10,1,33.361,13.072,32.737,12.236
208,10,1,33.361,13.035,32.737,12.199
209,10,1,33.361,12.998,32.737,12.163
210,10,1,33.376,12.962,32.752,12.126
211,10,1,33.391,12.925,32.767,12.089
212,10,1,33.391,12.888,32.767,12.052
213,10,1,33.413,12.866,32.752,11.964
214,10,1,33.391,12.829,32.767,11.994
215,10,1,33.406,12.792,32.781,11.957
216,10,1,33.421,12.770,32.796,11.935
217,10,1,33.421,12.719,32.796,11.883
218,10,1,33.421,12.682,32.796,11.846
219,10,1,33.435,12.630,32.811,11.795
220,10,1,33.465,12.608,32.841,11.773
221,10,1,33.480,12.557,32.855,11.721
222,10,1,33.465,12.520,32.841,11.685
223,10,1,33.494,12.483,32.870,11.648
224,10,1,33.509,12.461,32.885,11.626
225,10,1,33.509,12.424,32.885,11.589
226,10,1,33.524,12.387,32.900,11.552
227,10,1,33.553,12.351,32.929,11.515
228,10,1,33.568,12.328,32.944,11.493
229,10,1,33.568,12.277,32.944,11.442
230,10,1,33.583,12.255,32.959,11.420
231,10,1,33.598,12.203,32.974,11.368
232,10,1,33.613,12.181,32.988,11.346
234,10,1,33.657,12.122,33.033,11.287
235,10,1,33.657,12.071,33.033,11.236
236,10,1,33.671,12.049,33.047,11.214
237,10,1,33.701,12.034,33.062,11.184
238,10,1,33.694,12.019,33.070,11.184
239,10,1,33.760,11.894,32.694,11.185
240,10,1,33.782,11.813,32.694,11.090
241,10,1,33.789,11.747,32.746,11.024
242,10,1,33.789,11.696,32.790,10.943
243,10,1,33.790,11.666,32.842,10.906
244,10,1,33.804,11.652,32.864,10.869
246,10,1,33.826,11.652,32.813,10.642
247,10,1,33.892,11.629,32.820,10.568
248,10,1,33.878,11.629,32.842,10.553
249,10,1,33.745,11.586,33.158,10.707
250,10,1,33.841,11.607,32.879,10.502
251,10,1,33.863,11.607,33.247,10.684
252,10,1,33.775,11.542,33.327,10.750
253,10,1,33.790,11.505,33.342,10.713
254,10,1,33.804,11.483,33.357,10.691
255,10,1,33.804,11.446,33.357,10.655
257,10,1,33.849,11.372,33.401,10.581
258,10,1,33.863,11.350,33.416,10.559
259,10,1,33.863,11.314,33.416,10.522
260,10,1,33.878,11.292,33.431,10.500
261,10,1,33.908,11.255,33.460,10.464
262,10,1,33.922,11.233,33.475,10.441
263,10,1,33.922,11.196,33.475,10.405
264,10,1,34.077,11.071,33.247,10.229
265,10,1,33.886,11.049,33.438,10.258
266,10,1,33.900,11.027,33.453,10.236
267,10,1,33.915,10.990,33.468,10.199
268,10,1,33.930,10.968,33.482,10.177
269,10,1,34.143,11.041,33.005,9.870
270,10,1,34.194,11.004,33.130,9.863
271,10,1,34.187,10.960,33.071,9.863
272,10,1,34.209,10.916,33.071,9.870
273,10,1,34.268,10.872,33.049,9.878
274,10,1,33.908,10.895,33.461,10.104
275,10,1,33.923,10.844,33.475,10.053
276,10,1,33.923,10.822,33.475,10.031
277,10,1,33.923,10.785,33.475,9.994
278,10,1,34.261,10.725,33.777,9.912
279,10,1,34.231,10.711,33.784,9.920
280,10,1,34.246,10.674,33.799,9.883
281,10,1,34.246,10.637,33.799,9.846
282,10,1,34.246,10.615,33.799,9.824
283,10,1,34.261,10.578,33.813,9.788
284,10,1,34.275,10.542,33.828,9.751
285,10,1,34.275,10.505,33.828,9.714
286,10,1,34.290,10.483,33.843,9.692
287,10,1,34.305,10.432,33.858,9.641
288,10,1,34.305,10.410,33.858,9.619
289,10,1,34.305,10.373,33.858,9.582
290,10,1,34.320,10.351,33.872,9.560
291,10,1,34.334,10.300,33.887,9.509
292,10,1,34.334,10.278,33.887,9.487
293,10,1,34.349,10.241,33.902,9.450
294,10,1,34.364,10.204,33.917,9.414
295,10,1,34.364,10.167,33.917,9.377
296,10,1,34.364,10.145,33.917,9.355
297,10,1,34.364,10.109,33.917,9.318
298,10,1,34.379,10.072,33.931,9.282
299,10,1,34.393,10.035,33.946,9.245
300,10,1,34.379,9.999,33.932,9.208
301,10,1,34.393,9.962,33.946,9.172
302,10,1,34.393,9.925,33.946,9.135
303,10,1,34.393,9.889,33.946,9.098
304,10,1,34.408,9.867,33.961,9.076
305,10,1,34.423,9.830,33.976,9.040
306,10,1,34.423,9.808,33.976,9.018
307,10,1,34.438,9.771,33.991,8.981
308,10,1,34.452,9.735,34.005,8.944
309,10,1,34.452,9.698,34.005,8.908
310,10,1,34.452,9.676,34.005,8.886
311,10,1,34.452,9.639,34.005,8.849
312,10,1,34.452,9.617,34.005,8.827
313,10,1,34.467,9.581,34.020,8.790
314,10,1,34.482,9.544,34.035,8.754
315,10,1,34.482,9.507,34.035,8.717
316,10,1,34.482,9.485,34.035,8.695
317,10,1,34.497,9.449,34.050,8.659
318,10,1,34.511,9.427,34.064,8.637
319,10,1,34.511,9.375,34.064,8.585
320,10,1,34.511,9.353,34.064,8.563
321,10,1,34.511,9.317,34.064,8.527
322,10,1,34.511,9.280,34.064,8.490
323,10,1,34.511,9.244,34.064,8.453
324,10,1,34.511,9.207,34.064,8.417
325,10,1,34.511,9.170,34.064,8.380
326,10,1,34.511,9.148,34.064,8.358
327,10,1,34.511,9.097,34.065,8.307
328,10,1,34.511,9.075,34.065,8.285
329,10,1,34.511,9.024,34.065,8.234
330,10,1,34.512,9.002,34.065,8.212
331,10,1,34.512,8.965,34.065,8.175
332,10,1,34.512,8.929,34.065,8.139
333,10,1,34.512,8.892,34.065,8.102
334,10,1,34.512,8.870,34.065,8.080
335,10,1,34.526,8.833,34.079,8.043
336,10,1,34.526,8.797,34.079,8.007
337,10,1,34.526,8.760,34.080,7.970
338,10,1,34.526,8.723,34.080,7.934
339,10,1,34.526,8.687,34.080,7.897
340,10,1,34.526,8.665,34.080,7.875
341,10,1,34.541,8.614,34.094,7.824
342,10,1,34.526,8.592,34.080,7.802
343,10,1,34.541,8.555,34.094,7.765
344,10,1,34.541,8.518,34.094,7.729
345,10,1,34.541,8.482,34.094,7.692
346,10,1,34.541,8.460,34.094,7.670
347,10,1,34.541,8.423,34.094,7.634
348,10,1,34.541,8.401,34.095,7.612
349,10,1,34.541,8.365,34.095,7.575
350,10,1,34.541,8.343,34.095,7.553
351,10,1,34.541,8.306,34.095,7.516
352,10,1,34.541,8.284,34.095,7.494
353,10,1,34.541,8.248,34.095,7.458
354,10,1,34.541,8.226,34.095,7.436
355,10,1,34.541,8.189,34.095,7.399
356,10,1,34.541,8.167,34.095,7.377
357,10,1,34.541,8.130,34.095,7.341
358,10,1,34.541,8.109,34.095,7.319
359,10,1,34.527,8.072,34.080,7.282
360,10,1,34.527,8.050,34.080,7.260
361,10,1,34.527,8.013,34.080,7.224
362,10,1,34.527,7.991,34.080,7.202
363,10,1,34.512,7.955,34.066,7.165
364,10,1,34.498,7.933,34.051,7.143
365,10,1,34.512,7.896,34.066,7.107
366,10,1,34.498,7.860,34.051,7.070
367,10,1,34.498,7.823,34.051,7.034
368,10,1,34.498,7.787,34.051,6.997
369,10,1,34.498,7.750,34.051,6.961
370,10,1,34.498,7.728,34.051,6.939
371,10,1,34.498,7.691,34.051,6.902
372,10,1,34.483,7.670,34.037,6.880
373,10,1,34.469,7.633,34.022,6.844
374,10,1,34.469,7.611,34.022,6.822
375,10,1,34.469,7.574,34.022,6.785
376,10,1,34.469,7.553,34.022,6.763
377,10,1,34.469,7.516,34.022,6.727
378,10,1,34.469,7.494,34.022,6.705
379,10,1,34.469,7.457,34.022,6.668
380,10,1,34.454,7.435,34.007,6.646
381,10,1,34.439,7.399,33.993,6.610
382,10,1,34.454,7.377,34.007,6.588
383,10,1,34.439,7.340,33.993,6.551
384,10,1,34.454,7.318,34.008,6.529
385,10,1,34.439,7.282,33.993,6.493
386,10,1,34.439,7.260,33.993,6.471
387,10,1,34.439,7.223,33.993,6.434
388,10,1,34.440,7.187,33.993,6.398
389,10,1,34.440,7.150,33.993,6.361
390,10,1,34.440,7.128,33.993,6.339
391,10,1,34.440,7.092,33.993,6.302
392,10,1,34.440,7.070,33.993,6.281
393,10,1,34.440,7.033,33.993,6.244
394,10,1,34.440,7.011,33.993,6.222
395,10,1,34.440,6.975,33.993,6.186
396,10,1,34.425,6.953,33.979,6.164
397,10,1,34.410,6.916,33.964,6.127
398,10,1,34.425,6.894,33.979,6.105
399,10,1,34.410,6.858,33.964,6.069
400,10,1,34.410,6.821,33.964,6.032
401,10,1,34.411,6.785,33.964,5.996
402,10,1,34.411,6.763,33.964,5.974
403,10,1,34.411,6.726,33.964,5.937
404,10,1,34.411,6.704,33.964,5.915
405,10,1,34.411,6.668,33.964,5.879
406,10,1,34.411,6.646,33.964,5.857
407,10,1,34.411,6.609,33.964,5.820
408,10,1,34.396,6.587,33.950,5.798
409,10,1,34.381,6.551,33.935,5.762
410,10,1,34.396,6.529,33.950,5.740
411,10,1,34.381,6.492,33.935,5.703
412,10,1,34.396,6.470,33.950,5.681
413,10,1,34.381,6.434,33.935,5.645
414,10,1,34.396,6.397,33.950,5.608
415,10,1,34.382,6.361,33.935,5.572
416,10,1,34.396,6.339,33.950,5.550
417,10,1,34.396,6.302,33.950,5.513
418,10,1,34.396,6.280,33.950,5.491
419,10,1,34.396,6.244,33.950,5.455
420,10,1,34.396,6.207,33.950,5.418
421,10,1,34.396,6.171,33.950,5.382
422,10,1,34.396,6.149,33.950,5.360
423,10,1,34.411,6.112,33.965,5.323
424,10,1,34.426,6.090,33.979,5.301
425,10,1,34.411,6.054,33.965,5.265
426,10,1,34.426,6.032,33.979,5.243
427,10,1,34.411,5.995,33.965,5.207
428,10,1,34.426,5.973,33.979,5.185
429,10,1,34.411,5.937,33.965,5.148
430,10,1,34.426,5.915,33.980,5.126
431,10,1,34.411,5.878,33.965,5.090
432,10,1,34.426,5.857,33.980,5.068
433,10,1,34.411,5.820,33.965,5.031
434,10,1,34.426,5.798,33.980,5.009
435,10,1,34.411,5.762,33.965,4.973
436,10,1,34.426,5.740,33.980,4.951
437,10,1,34.411,5.703,33.965,4.914
438,10,1,34.426,5.667,33.980,4.878
439,10,1,34.426,5.630,33.980,4.841
440,10,1,34.426,5.594,33.980,4.805
441,10,1,34.426,5.557,33.980,4.768
442,10,1,34.426,5.535,33.980,4.747
443,10,1,34.426,5.499,33.980,4.710
444,10,1,34.426,5.462,33.980,4.674
445,10,1,34.412,5.426,33.965,4.637
446,10,1,34.426,5.404,33.980,4.615
447,10,1,34.412,5.367,33.965,4.579
448,10,1,34.412,5.345,33.965,4.557
449,10,1,34.412,5.309,33.965,4.520
450,10,1,34.412,5.287,33.965,4.498
451,10,1,34.397,5.250,33.951,4.462
452,10,1,34.382,5.228,33.936,4.440
453,10,1,34.397,5.192,33.951,4.403
454,10,1,34.382,5.155,33.936,4.367
455,10,1,34.397,5.119,33.951,4.330
456,10,1,34.383,5.097,33.936,4.309
457,10,1,34.383,5.061,33.936,4.272
458,10,1,34.383,5.024,33.936,4.236
459,10,1,34.383,4.988,33.936,4.199
460,10,1,34.383,4.966,33.936,4.177
461,10,1,34.383,4.929,33.937,4.141
462,10,1,34.383,4.907,33.937,4.119
233,10,1,33.642,12.144,33.018,11.309
245,10,1,33.775,11.659,32.908,10.818
256,10,1,33.819,11.409,33.372,10.618
