frame,id,class,tl_x,tl_y,br_x,br_y
0,2,1,41.985,9.252,40.755,8.592
1,2,1,42.016,9.275,40.731,8.584
2,2,1,42.024,9.275,40.739,8.584
3,2,1,42.016,9.260,40.732,8.569
4,2,1,42.024,9.275,40.739,8.584
5,2,1,42.016,9.260,40.732,8.569
6,2,1,42.024,9.275,40.739,8.584
7,2,1,42.016,9.260,40.732,8.569
8,2,1,42.024,9.275,40.739,8.584
9,2,1,42.016,9.260,40.732,8.569
10,2,1,42.024,9.275,40.739,8.584
11,2,1,42.016,9.275,40.731,8.584
12,2,1,42.024,9.275,40.739,8.584
13,2,1,42.016,9.275,40.731,8.584
14,2,1,42.024,9.275,40.739,8.584
15,2,1,42.016,9.275,40.731,8.584
16,2,1,42.024,9.275,40.739,8.584
17,2,1,42.016,9.275,40.731,8.584
18,2,1,42.024,9.275,40.739,8.584
19,2,1,42.016,9.275,40.731,8.584
20,2,1,42.024,9.275,40.739,8.584
21,2,1,42.016,9.275,40.731,8.584
22,2,1,42.024,9.275,40.739,8.584
23,2,1,42.016,9.275,40.731,8.584
24,2,1,42.024,9.275,40.739,8.584
25,2,1,42.000,9.275,40.716,8.584
26,2,1,42.008,9.275,40.724,8.584
27,2,1,42.000,9.275,40.716,8.584
28,2,1,42.008,9.275,40.724,8.584
29,2,1,41.985,9.275,40.700,8.584
30,2,1,41.993,9.275,40.708,8.584
31,2,1,41.985,9.275,40.700,8.584
32,2,1,41.977,9.275,40.693,8.584
33,2,1,41.969,9.290,40.685,8.599
34,2,1,41.961,9.306,40.677,8.615
35,2,1,41.954,9.283,40.669,8.592
36,2,1,41.946,9.306,40.661,8.615
37,2,1,41.938,9.290,40.654,8.599
38,2,1,41.930,9.306,40.646,8.615
39,2,1,41.923,9.290,40.638,8.599
40,2,1,41.915,9.306,40.630,8.615
41,2,1,41.907,9.290,40.623,8.599
42,2,1,41.899,9.306,40.615,8.615
43,2,1,41.876,9.290,40.592,8.599
44,2,1,41.868,9.306,40.584,8.615
45,2,1,41.845,9.290,40.560,8.599
46,2,1,41.837,9.305,40.553,8.614
47,2,1,41.814,9.290,40.529,8.599
48,2,1,41.791,9.305,40.506,8.614
49,2,1,41.767,9.290,40.483,8.599
50,2,1,41.744,9.282,40.459,8.591
51,2,1,41.705,9.289,40.421,8.598
52,2,1,41.682,9.274,40.397,8.583
53,2,1,41.643,9.250,40.359,8.559
54,2,1,41.620,9.258,40.335,8.567
55,2,1,41.581,9.258,40.296,8.566
56,2,1,41.558,9.234,40.273,8.543
57,2,1,41.519,9.226,40.234,8.535
58,2,1,41.496,9.226,40.211,8.535
59,2,1,41.457,9.203,40.172,8.511
60,2,1,41.434,9.195,40.149,8.503
61,2,1,41.395,9.210,40.110,8.519
62,2,1,41.357,9.186,40.072,8.495
63,2,1,41.318,9.210,40.033,8.518
64,2,1,41.294,9.194,40.009,8.503
65,2,1,41.271,9.202,39.986,8.510
66,2,1,41.248,9.194,39.963,8.503
67,2,1,41.209,9.209,39.924,8.518
68,2,1,41.186,9.186,39.901,8.494
69,2,1,41.147,9.209,39.861,8.518
70,2,1,41.124,9.193,39.838,8.502
71,2,1,41.085,9.185,39.799,8.494
72,2,1,41.062,9.177,39.776,8.486
73,2,1,41.007,9.162,39.722,8.470
74,2,1,40.984,9.161,39.699,8.470
75,2,1,40.930,9.161,39.644,8.470
76,2,1,40.891,9.161,39.605,8.470
77,2,1,40.836,9.153,39.551,8.462
78,2,1,40.798,9.145,39.512,8.454
79,2,1,40.759,9.129,39.473,8.438
80,2,1,40.720,9.129,39.434,8.438
81,2,1,40.666,9.129,39.380,8.437
82,2,1,40.642,9.129,39.357,8.437
83,2,1,40.588,9.105,39.302,8.414
84,2,1,40.565,9.097,39.279,8.406
85,2,1,40.526,9.097,39.240,8.406
86,2,1,40.487,9.074,39.201,8.382
87,2,1,40.448,9.066,39.163,8.374
88,2,1,40.410,9.065,39.124,8.374
89,2,1,40.371,9.042,39.085,8.350
90,2,1,40.332,9.034,39.046,8.342
91,2,1,40.293,9.034,39.007,8.342
92,2,1,40.239,9.033,38.953,8.342
93,2,1,40.185,9.018,38.898,8.326
94,2,1,40.146,9.002,38.860,8.310
95,2,1,40.091,9.002,38.805,8.310
96,2,1,40.037,8.986,38.751,8.294
97,2,1,39.983,8.970,38.696,8.278
98,2,1,39.928,8.970,38.642,8.278
99,2,1,39.858,8.969,38.572,8.278
100,2,1,39.819,8.969,38.533,8.278
101,2,1,39.750,8.946,38.463,8.254
102,2,1,39.711,8.938,38.424,8.246
103,2,1,39.656,8.953,38.370,8.261
104,2,1,39.618,8.929,38.331,8.238
105,2,1,39.563,8.952,38.276,8.261
106,2,1,39.540,8.937,38.253,8.245
107,2,1,39.485,8.944,38.198,8.252
108,2,1,39.446,8.936,38.160,8.245
109,2,1,39.392,8.952,38.105,8.260
110,2,1,39.353,8.928,38.066,8.236
111,2,1,39.299,8.936,38.012,8.244
112,2,1,39.260,8.935,37.973,8.244
113,2,1,39.190,8.927,37.903,8.235
114,2,1,39.151,8.935,37.864,8.243
115,2,1,39.081,8.935,37.794,8.243
116,2,1,39.026,8.927,37.739,8.235
117,2,1,38.972,8.934,37.684,8.242
118,2,1,38.933,8.934,37.646,8.242
119,2,1,38.879,8.926,37.591,8.234
120,2,1,38.840,8.918,37.552,8.226
121,2,1,38.785,8.902,37.498,8.210
122,2,1,38.746,8.902,37.459,8.210
123,2,1,38.692,8.902,37.404,8.210
124,2,1,38.669,8.886,37.381,8.194
125,2,1,38.614,8.862,37.327,8.170
126,2,1,38.591,8.870,37.303,8.178
127,2,1,38.536,8.870,37.249,8.178
128,2,1,38.498,8.862,37.210,8.170
129,2,1,38.443,8.854,37.155,8.162
130,2,1,38.404,8.838,37.116,8.146
131,2,1,38.350,8.838,37.062,8.146
132,2,1,38.311,8.838,37.023,8.145
133,2,1,38.256,8.837,36.968,8.145
134,2,1,38.218,8.814,36.930,8.121
135,2,1,38.163,8.806,36.875,8.113
136,2,1,38.109,8.821,36.820,8.129
137,2,1,38.054,8.797,36.766,8.105
138,2,1,38.015,8.821,36.727,8.128
139,2,1,37.961,8.805,36.672,8.112
140,2,1,37.922,8.812,36.633,8.120
141,2,1,37.883,8.804,36.594,8.112
142,2,1,37.844,8.820,36.555,8.127
143,2,1,37.805,8.796,36.517,8.104
144,2,1,37.766,8.819,36.477,8.127
145,2,1,37.727,8.819,36.438,8.127
146,2,1,37.688,8.811,36.399,8.119
147,2,1,37.634,8.803,36.345,8.111
148,2,1,37.595,8.819,36.306,8.126
149,2,1,37.540,8.795,36.251,8.103
150,2,1,37.501,8.818,36.212,8.126
151,2,1,37.447,8.802,36.158,8.110
152,2,1,37.408,8.794,36.119,8.102
153,2,1,37.353,8.802,36.064,8.109
154,2,1,37.314,8.802,36.025,8.109
155,2,1,37.260,8.778,35.971,8.086
156,2,1,37.221,8.770,35.932,8.078
157,2,1,37.182,8.770,35.893,8.077
158,2,1,37.143,8.770,35.854,8.077
159,2,1,37.104,8.754,35.815,8.061
160,2,1,37.065,8.738,35.776,8.046
161,2,1,37.026,8.715,35.737,8.022
162,2,1,37.003,8.691,35.714,7.998
163,2,1,36.964,8.675,35.675,7.983
164,2,1,36.925,8.691,35.636,7.998
165,2,1,36.886,8.675,35.597,7.982
166,2,1,36.847,8.675,35.558,7.982
167,2,1,36.809,8.651,35.519,7.958
168,2,1,36.770,8.643,35.480,7.950
169,2,1,36.715,8.643,35.426,7.950
170,2,1,36.692,8.619,35.402,7.927
171,2,1,36.637,8.611,35.348,7.919
172,2,1,36.614,8.611,35.324,7.918
173,2,1,36.560,8.588,35.270,7.895
174,2,1,36.521,8.580,35.231,7.887
175,2,1,36.466,8.579,35.176,7.886
176,2,1,36.443,8.579,35.153,7.886
177,2,1,36.388,8.579,35.098,7.886
178,2,1,36.365,8.563,35.075,7.870
179,2,1,36.326,8.540,35.036,7.847
180,2,1,36.302,8.563,35.012,7.870
181,2,1,36.264,8.547,34.974,7.854
182,2,1,36.240,8.555,34.950,7.862
183,2,1,36.201,8.547,34.911,7.854
184,2,1,36.162,8.562,34.872,7.869
185,2,1,36.123,8.539,34.833,7.846
186,2,1,36.084,8.546,34.794,7.853
187,2,1,36.045,8.546,34.755,7.853
188,2,1,36.006,8.523,34.716,7.830
189,2,1,35.967,8.515,34.677,7.822
190,2,1,35.928,8.514,34.638,7.821
191,2,1,35.890,8.491,34.599,7.798
192,2,1,35.851,8.483,34.560,7.790
193,2,1,35.812,8.483,34.521,7.789
194,2,1,35.773,8.459,34.482,7.766
195,2,1,35.734,8.451,34.443,7.758
196,2,1,35.711,8.435,34.420,7.742
197,2,1,35.672,8.412,34.381,7.719
198,2,1,35.648,8.404,34.358,7.711
199,2,1,35.609,8.388,34.319,7.695
200,2,1,35.586,8.388,34.295,7.695
201,2,1,35.547,8.372,34.256,7.679
202,2,1,35.508,8.356,34.217,7.663
203,2,1,35.469,8.333,34.179,7.639
204,2,1,35.446,8.325,34.155,7.632
205,2,1,35.407,8.325,34.116,7.631
206,2,1,35.368,8.301,34.077,7.608
207,2,1,35.329,8.293,34.038,7.600
208,2,1,35.290,8.277,33.999,7.584
209,2,1,35.236,8.254,33.945,7.560
210,2,1,35.197,8.246,33.906,7.552
211,2,1,35.142,8.230,33.851,7.536
212,2,1,35.088,8.229,33.797,7.536
213,2,1,35.033,8.213,33.742,7.520
214,2,1,34.994,8.182,33.703,7.489
215,2,1,34.940,8.158,33.649,7.465
216,2,1,34.901,8.182,33.609,7.488
217,2,1,34.846,8.166,33.555,7.472
218,2,1,34.807,8.158,33.516,7.464
219,2,1,34.752,8.165,33.461,7.472
220,2,1,34.713,8.165,33.422,7.472
221,2,1,34.659,8.157,33.367,7.463
222,2,1,34.620,8.180,33.328,7.487
223,2,1,34.565,8.180,33.273,7.486
224,2,1,34.526,8.188,33.234,7.494
225,2,1,34.471,8.195,33.179,7.502
226,2,1,34.416,8.195,33.125,7.501
227,2,1,34.362,8.187,33.070,7.493
228,2,1,34.323,8.179,33.031,7.485
229,2,1,34.253,8.163,32.961,7.469
230,2,1,34.213,8.163,32.921,7.469
231,2,1,34.324,8.007,32.866,7.531
232,2,1,34.245,8.100,32.937,7.430
233,2,1,34.206,8.100,32.898,7.430
234,2,1,34.152,8.084,32.844,7.414
235,2,1,34.113,8.068,32.805,7.398
236,2,1,34.058,8.068,32.750,7.398
237,2,1,34.019,8.052,32.711,7.382
238,2,1,33.980,8.037,32.672,7.366
239,2,1,33.941,8.021,32.633,7.350
240,2,1,33.887,8.005,32.578,7.334
241,2,1,33.847,8.020,32.539,7.350
242,2,1,33.777,8.004,32.469,7.334
243,2,1,33.722,8.020,32.414,7.349
244,2,1,33.668,8.004,32.359,7.333
245,2,1,33.472,7.987,32.318,7.559
246,2,1,33.542,8.089,32.249,7.442
247,2,1,33.487,8.097,32.194,7.449
248,2,1,33.432,8.088,32.139,7.441
249,2,1,33.362,8.096,32.069,7.449
250,2,1,33.307,8.088,32.014,7.441
251,2,1,33.237,8.095,31.944,7.448
252,2,1,33.198,8.087,31.904,7.440
253,2,1,33.143,8.095,31.850,7.448
254,2,1,33.120,8.087,31.826,7.440
255,2,1,33.065,8.094,31.771,7.447
256,2,1,33.026,8.071,31.732,7.424
257,2,1,32.971,8.078,31.678,7.431
258,2,1,32.932,8.086,31.638,7.439
259,2,1,32.877,8.109,31.583,7.462
260,2,1,32.854,8.101,31.560,7.454
261,2,1,32.815,8.078,31.521,7.430
262,2,1,32.776,8.070,31.482,7.422
263,2,1,32.721,8.077,31.427,7.430
264,2,1,32.666,8.085,31.372,7.437
265,2,1,32.611,8.108,31.317,7.460
266,2,1,32.556,8.115,31.262,7.468
267,2,1,32.501,8.123,31.207,7.476
268,2,1,32.447,8.130,31.152,7.483
269,2,1,32.392,8.138,31.097,7.491
270,2,1,32.353,8.130,31.058,7.483
271,2,1,32.298,8.137,31.003,7.490
272,2,1,32.259,8.129,30.964,7.482
273,2,1,32.220,8.121,30.925,7.474
274,2,1,32.181,8.113,30.886,7.466
275,2,1,32.142,8.105,30.847,7.458
276,2,1,32.118,8.098,30.824,7.450
277,2,1,32.063,8.105,30.769,7.458
278,2,1,32.024,8.097,30.730,7.450
279,2,1,31.985,8.105,30.690,7.457
280,2,1,31.946,8.097,30.651,7.449
281,2,1,31.891,8.104,30.596,7.457
282,2,1,31.852,8.096,30.557,7.449
283,2,1,31.797,8.104,30.502,7.456
284,2,1,31.742,8.096,30.447,7.448
285,2,1,31.687,8.103,30.392,7.456
286,2,1,31.648,8.095,30.353,7.448
287,2,1,31.594,8.087,30.299,7.439
288,2,1,31.539,8.079,30.244,7.431
289,2,1,31.500,8.087,30.204,7.439
290,2,1,31.461,8.079,30.165,7.431
291,2,1,31.421,8.086,30.126,7.439
292,2,1,31.398,8.078,30.103,7.431
293,2,1,31.359,8.086,30.063,7.438
294,2,1,31.319,8.094,30.024,7.446
295,2,1,31.264,8.117,29.969,7.469
296,2,1,31.225,8.156,29.929,7.508
297,2,1,31.185,8.194,29.890,7.547
298,2,1,31.146,8.218,29.850,7.570
299,2,1,31.107,8.225,29.811,7.578
300,2,1,31.068,8.233,29.772,7.585
301,2,1,31.012,8.256,29.717,7.608
302,2,1,30.973,8.264,29.677,7.616
303,2,1,30.918,8.287,29.622,7.639
304,2,1,30.879,8.295,29.583,7.647
305,2,1,30.824,8.302,29.528,7.654
306,2,1,30.785,8.310,29.489,7.662
307,2,1,30.730,8.317,29.434,7.670
308,2,1,30.691,8.325,29.394,7.677
309,2,1,30.651,8.333,29.355,7.685
310,2,1,30.628,8.309,29.332,7.661
311,2,1,30.589,8.270,29.293,7.622
312,2,1,30.566,8.246,29.270,7.598
313,2,1,30.527,8.254,29.230,7.606
314,2,1,30.487,8.261,29.191,7.614
315,2,1,30.432,8.269,29.136,7.621
316,2,1,30.393,8.277,29.097,7.629
317,2,1,30.338,8.284,29.042,7.636
318,2,1,30.283,8.276,28.987,7.628
319,2,1,30.213,8.284,28.916,7.636
320,2,1,30.158,8.291,28.861,7.643
321,2,1,30.103,8.299,28.806,7.651
322,2,1,30.048,8.306,28.751,7.658
323,2,1,29.977,8.329,28.680,7.681
324,2,1,29.922,8.353,28.625,7.705
325,2,1,29.867,8.376,28.570,7.728
326,2,1,29.828,8.383,28.531,7.735
327,2,1,29.772,8.407,28.475,7.759
328,2,1,29.733,8.414,28.436,7.766
329,2,1,29.694,8.406,28.397,7.758
330,2,1,29.655,8.414,28.358,7.766
331,2,1,29.600,8.421,28.302,7.773
332,2,1,29.561,8.413,28.263,7.765
333,2,1,29.506,8.421,28.208,7.773
334,2,1,29.466,8.429,28.169,7.780
335,2,1,29.411,8.436,28.114,7.788
336,2,1,29.372,8.428,28.075,7.780
337,2,1,29.333,8.436,28.035,7.788
338,2,1,29.278,8.443,27.980,7.795
339,2,1,29.223,8.451,27.925,7.803
340,2,1,29.183,8.458,27.886,7.810
341,2,1,29.113,8.482,27.815,7.833
342,2,1,29.073,8.489,27.776,7.841
343,2,1,29.018,8.512,27.720,7.864
344,2,1,28.979,8.520,27.681,7.872
345,2,1,28.924,8.543,27.626,7.895
346,2,1,28.884,8.551,27.586,7.903
347,2,1,28.829,8.558,27.531,7.910
348,2,1,28.790,8.550,27.492,7.902
349,2,1,28.719,8.558,27.421,7.910
350,2,1,28.680,8.550,27.382,7.902
351,2,1,28.625,8.558,27.327,7.909
352,2,1,28.586,8.550,27.288,7.901
353,2,1,28.531,8.557,27.233,7.909
354,2,1,28.476,8.549,27.178,7.901
355,2,1,28.421,8.557,27.122,7.908
356,2,1,28.366,8.548,27.068,7.900
357,2,1,28.295,8.556,26.997,7.908
358,2,1,28.240,8.548,26.942,7.899
359,2,1,28.065,8.798,26.845,8.157
360,2,1,28.097,8.798,26.813,8.157
361,2,1,28.042,8.797,26.758,8.157
362,2,1,27.987,8.797,26.703,8.157
363,2,1,27.947,8.797,26.664,8.157
364,2,1,27.892,8.797,26.609,8.156
365,2,1,27.853,8.797,26.570,8.156
366,2,1,27.798,8.812,26.514,8.171
367,2,1,27.759,8.812,26.475,8.171
368,2,1,27.704,8.812,26.420,8.171
369,2,1,27.664,8.827,26.381,8.186
370,2,1,27.609,8.842,26.325,8.202
371,2,1,27.554,8.842,26.270,8.202
372,2,1,27.499,8.842,26.215,8.201
373,2,1,27.460,8.857,26.176,8.217
374,2,1,27.389,8.857,26.105,8.216
375,2,1,27.334,8.872,26.050,8.232
376,2,1,27.263,8.888,25.979,8.247
377,2,1,27.223,8.888,25.939,8.247
378,2,1,27.153,8.887,25.868,8.247
379,2,1,27.113,8.903,25.829,8.262
380,2,1,27.058,8.903,25.774,8.262
381,2,1,27.003,8.918,25.719,8.277
382,2,1,26.948,8.918,25.663,8.277
383,2,1,26.916,8.933,25.632,8.292
384,2,1,26.853,8.933,25.569,8.292
385,2,1,26.798,8.933,25.514,8.292
386,2,1,26.759,8.932,25.482,8.292
387,2,1,26.704,8.932,25.427,8.291
388,2,1,26.649,8.932,25.372,8.291
389,2,1,26.594,8.932,25.333,8.291
390,2,1,26.531,8.931,25.270,8.291
391,2,1,26.491,8.931,25.230,8.291
392,2,1,26.436,8.931,25.175,8.290
393,2,1,26.381,8.915,25.120,8.274
394,2,1,26.311,8.915,25.049,8.274
395,2,1,26.256,8.907,24.994,8.274
396,2,1,26.200,8.914,24.939,8.281
397,2,1,26.161,8.914,24.899,8.281
398,2,1,26.106,8.906,24.844,8.281
399,2,1,26.067,8.890,24.805,8.265
400,2,1,26.012,8.890,24.750,8.265
401,2,1,25.972,8.890,24.710,8.272
402,2,1,25.933,8.890,24.671,8.272
403,2,1,25.894,8.889,24.632,8.272
404,2,1,25.831,8.866,24.577,8.256
405,2,1,25.792,8.865,24.537,8.256
406,2,1,25.737,8.865,24.482,8.255
407,2,1,25.697,8.865,24.443,8.255
408,2,1,25.642,8.865,24.388,8.255
409,2,1,25.603,8.864,24.348,8.255
410,2,1,25.548,8.864,24.293,8.255
411,2,1,25.492,8.864,24.238,8.254
412,2,1,25.437,8.864,24.183,8.254
413,2,1,25.398,8.864,24.151,8.254
414,2,1,25.343,8.863,24.096,8.254
415,2,1,25.319,8.863,24.072,8.253
416,2,1,25.264,8.879,24.017,8.269
417,2,1,25.224,8.878,23.977,8.269
418,2,1,25.169,8.894,23.922,8.284
419,2,1,25.130,8.894,23.883,8.284
420,2,1,24.972,8.909,23.993,8.261
421,2,1,25.098,8.886,23.867,8.276
422,2,1,25.067,8.886,23.843,8.276
423,2,1,25.020,8.885,23.796,8.276
424,2,1,24.972,8.885,23.749,8.275
425,2,1,24.925,8.885,23.701,8.275
426,2,1,24.878,8.885,23.654,8.275
427,2,1,24.846,8.908,23.709,8.275
428,2,1,24.878,8.892,23.662,8.291
429,2,1,24.830,8.892,23.614,8.290
430,2,1,24.767,8.892,23.551,8.290
431,2,1,24.704,8.892,23.488,8.290
432,2,1,24.657,8.891,23.441,8.290
433,2,1,24.610,8.891,23.394,8.289
434,2,1,24.547,8.891,23.338,8.289
435,2,1,24.499,8.906,23.291,8.305
436,2,1,24.468,8.906,23.259,8.304
437,2,1,24.428,8.906,23.228,8.304
438,2,1,24.381,8.906,23.180,8.304
439,2,1,24.334,8.906,23.133,8.304
440,2,1,24.302,8.906,23.102,8.304
441,2,1,24.089,8.920,23.133,8.296
442,2,1,24.208,8.905,23.023,8.303
443,2,1,24.176,8.913,22.999,8.311
444,2,1,24.129,8.920,22.951,8.319
445,2,1,24.097,8.912,22.920,8.311
446,2,1,24.050,8.936,22.872,8.334
447,2,1,24.018,8.943,22.841,8.342
448,2,1,23.971,8.951,22.793,8.349
449,2,1,23.923,8.959,22.746,8.357
450,2,1,23.876,8.966,22.698,8.364
451,2,1,23.829,8.958,22.651,8.356
452,2,1,23.797,8.966,22.619,8.364
453,2,1,23.750,8.974,22.572,8.372
454,2,1,23.718,8.997,22.540,8.395
455,2,1,23.670,9.005,22.493,8.403
456,2,1,23.623,9.028,22.445,8.426
457,2,1,23.575,9.051,22.398,8.449
458,2,1,23.543,9.075,22.366,8.473
459,2,1,23.496,9.082,22.318,8.480
460,2,1,23.464,9.106,22.286,8.504
461,2,1,23.425,9.113,22.255,8.511
462,2,1,23.260,8.987,22.152,8.487
463,2,1,23.291,9.034,22.129,8.440
464,2,1,23.252,9.050,22.090,8.456
465,2,1,23.212,9.050,22.050,8.456
466,2,1,23.189,9.049,22.026,8.455
467,2,1,23.149,9.049,21.987,8.455
468,2,1,23.141,9.049,21.979,8.455
469,2,1,23.102,9.049,21.939,8.455
470,2,1,23.078,9.033,21.924,8.447
471,2,1,23.039,9.033,21.884,8.447
472,2,1,23.015,9.017,21.861,8.431
473,2,1,22.976,9.001,21.821,8.415
474,2,1,22.937,9.001,21.782,8.415
475,2,1,22.897,8.985,21.743,8.399
476,2,1,22.874,8.985,21.719,8.399
477,2,1,22.834,8.985,21.679,8.399
478,2,1,22.810,8.985,21.656,8.399
479,2,1,22.771,8.985,21.616,8.398
480,2,1,22.732,8.985,21.577,8.398
481,2,1,22.692,8.969,21.537,8.382
482,2,1,22.669,8.969,21.514,8.382
483,2,1,22.503,8.976,21.481,8.476
484,2,1,22.566,9.007,21.418,8.429
485,2,1,22.526,9.007,21.387,8.429
486,2,1,22.502,9.007,21.363,8.429
487,2,1,22.463,9.007,21.323,8.428
488,2,1,22.439,9.007,21.300,8.428
489,2,1,22.400,9.007,21.260,8.428
490,2,1,22.424,8.983,21.299,8.452
491,2,1,22.423,8.999,21.300,8.428
492,2,1,22.400,8.991,21.276,8.420
493,2,1,22.360,8.983,21.237,8.412
0,3,2,32.627,18.447,31.786,16.769
1,3,2,32.650,18.494,31.771,16.737
2,3,2,32.634,18.494,31.802,16.737
3,3,2,32.611,18.494,31.810,16.737
4,3,2,32.611,18.494,31.833,16.737
5,3,2,32.611,18.479,31.818,16.722
6,3,2,32.611,18.479,31.834,16.722
7,3,2,32.705,18.432,31.762,16.847
8,3,2,32.674,18.440,31.801,16.831
9,3,2,32.666,18.440,31.793,16.831
10,3,2,32.674,18.440,31.801,16.831
11,3,2,32.666,18.424,31.794,16.816
12,3,2,32.674,18.440,31.801,16.831
13,3,2,32.666,18.424,31.794,16.816
14,3,2,32.658,18.424,31.747,16.808
15,3,2,32.643,18.416,31.754,16.808
16,3,2,32.643,18.400,31.755,16.792
17,3,2,32.643,18.400,31.755,16.792
18,3,2,32.627,18.385,31.739,16.777
19,3,2,32.627,18.369,31.739,16.761
20,3,2,32.628,18.353,31.739,16.745
21,3,2,32.596,18.361,31.677,16.659
22,3,2,32.573,18.322,31.701,16.690
23,3,2,32.565,18.298,31.693,16.667
24,3,2,32.557,18.291,31.685,16.659
25,3,2,32.550,18.267,31.678,16.635
26,3,2,32.542,18.243,31.670,16.612
27,3,2,32.550,18.204,31.678,16.573
28,3,2,32.582,18.228,31.748,16.675
29,3,2,32.589,18.251,31.732,16.643
30,3,2,32.589,18.220,31.733,16.612
31,3,2,32.574,18.189,31.717,16.580
32,3,2,32.590,18.142,31.733,16.533
33,3,2,32.575,18.126,31.718,16.518
34,3,2,32.575,18.063,31.718,16.455
35,3,2,32.497,18.063,31.845,16.353
36,3,2,32.575,18.016,31.758,16.392
37,3,2,32.568,17.969,31.751,16.345
38,3,2,32.561,17.922,31.743,16.298
39,3,2,32.569,17.875,31.751,16.251
40,3,2,32.561,17.828,31.744,16.204
41,3,2,32.554,17.765,31.737,16.142
42,3,2,32.469,17.640,31.786,15.922
43,3,2,32.524,17.601,31.730,15.969
44,3,2,32.525,17.546,31.731,15.914
45,3,2,32.525,17.491,31.731,15.859
46,3,2,32.525,17.436,31.732,15.804
47,3,2,32.526,17.381,31.732,15.750
48,3,2,32.526,17.310,31.733,15.679
49,3,2,32.449,17.193,31.783,15.326
50,3,2,32.505,17.091,31.727,15.436
51,3,2,32.505,17.028,31.727,15.373
52,3,2,32.521,16.981,31.744,15.326
53,3,2,32.522,16.918,31.744,15.264
54,3,2,32.522,16.856,31.745,15.201
55,3,2,32.539,16.793,31.761,15.138
56,3,2,32.562,16.832,31.880,14.951
57,3,2,32.602,16.730,31.840,15.052
58,3,2,32.602,16.660,31.841,14.982
59,3,2,32.619,16.605,31.857,14.927
60,3,2,32.619,16.519,31.857,14.841
61,3,2,32.636,16.448,31.874,14.770
62,3,2,32.668,16.362,31.906,14.684
63,3,2,32.637,16.300,31.977,14.653
64,3,2,32.676,16.307,31.930,14.637
65,3,2,32.692,16.229,31.946,14.559
66,3,2,32.709,16.151,31.962,14.481
67,3,2,32.741,16.057,31.995,14.387
68,3,2,32.773,15.978,32.027,14.309
69,3,2,32.805,15.900,32.059,14.230
70,3,2,32.924,15.665,32.090,14.160
71,3,2,32.876,15.736,32.130,14.082
72,3,2,32.908,15.657,32.162,14.003
73,3,2,32.925,15.564,32.179,13.910
74,3,2,32.957,15.470,32.211,13.816
75,3,2,32.989,15.391,32.243,13.737
76,3,2,33.021,15.329,32.275,13.675
77,3,2,33.077,15.188,32.348,13.354
78,3,2,33.078,15.102,32.339,13.440
79,3,2,33.102,15.016,32.364,13.354
80,3,2,33.126,14.930,32.388,13.268
81,3,2,33.166,14.843,32.428,13.182
82,3,2,33.190,14.757,32.452,13.096
83,3,2,33.230,14.671,32.492,13.010
84,3,2,33.341,14.460,32.470,12.775
85,3,2,33.279,14.452,32.533,12.791
86,3,2,33.311,14.366,32.565,12.705
87,3,2,33.343,14.265,32.597,12.603
88,3,2,33.375,14.163,32.629,12.502
89,3,2,33.407,14.061,32.661,12.400
90,3,2,33.439,13.959,32.694,12.299
91,3,2,33.520,13.623,32.797,12.048
92,3,2,33.528,13.662,32.790,12.009
93,3,2,33.552,13.568,32.814,11.916
94,3,2,33.592,13.459,32.854,11.806
95,3,2,33.632,13.350,32.894,11.697
96,3,2,33.656,13.256,32.919,11.603
97,3,2,33.696,13.146,32.959,11.494
98,3,2,33.759,13.178,32.975,11.392
99,3,2,33.736,13.107,32.998,11.447
100,3,2,33.776,13.006,33.038,11.345
101,3,2,33.800,12.920,33.062,11.259
102,3,2,33.856,12.803,33.118,11.142
103,3,2,33.880,12.701,33.142,11.041
104,3,2,33.935,12.600,33.198,10.939
105,3,2,34.047,12.311,33.271,10.674
106,3,2,34.024,12.326,33.286,10.674
107,3,2,34.063,12.232,33.326,10.580
108,3,2,34.103,12.123,33.366,10.471
109,3,2,34.159,11.998,33.422,10.346
110,3,2,34.199,11.904,33.462,10.253
111,3,2,34.239,11.795,33.502,10.143
112,3,2,34.397,11.632,33.574,9.901
113,3,2,34.350,11.592,33.613,9.941
114,3,2,34.390,11.499,33.653,9.847
115,3,2,34.430,11.389,33.693,9.738
116,3,2,34.454,11.296,33.717,9.644
117,3,2,34.510,11.186,33.773,9.535
118,3,2,34.534,11.062,33.797,9.410
119,3,2,34.637,10.929,33.791,9.246
120,3,2,34.582,10.913,33.845,9.262
121,3,2,34.607,10.804,33.869,9.153
122,3,2,34.631,10.695,33.894,9.043
123,3,2,34.671,10.585,33.934,8.934
124,3,2,34.695,10.476,33.958,8.825
125,3,2,34.735,10.351,33.998,8.700
126,3,2,34.869,10.258,34.007,8.521
127,3,2,34.807,10.211,34.070,8.560
128,3,2,34.831,10.102,34.094,8.451
129,3,2,34.855,9.993,34.118,8.342
130,3,2,34.895,9.868,34.158,8.217
131,3,2,34.919,9.759,34.183,8.108
132,3,2,34.959,9.649,34.223,7.999
133,3,2,35.008,9.454,34.264,7.655
134,3,2,35.001,9.384,34.264,7.734
135,3,2,35.025,9.275,34.288,7.624
136,3,2,35.049,9.166,34.312,7.515
137,3,2,35.089,9.057,34.352,7.406
138,3,2,35.113,8.948,34.377,7.297
139,3,2,35.153,8.854,34.416,7.204
140,3,2,35.319,8.605,34.482,6.861
141,3,2,35.265,8.558,34.528,6.908
142,3,2,35.289,8.464,34.552,6.814
143,3,2,35.329,8.355,34.592,6.705
144,3,2,35.337,8.246,34.601,6.596
145,3,2,35.362,8.137,34.625,6.487
146,3,2,35.386,8.028,34.650,6.378
147,3,2,35.504,7.904,34.783,6.231
148,3,2,35.504,7.888,34.776,6.238
149,3,2,35.520,7.810,34.792,6.160
150,3,2,35.521,7.717,34.793,6.067
151,3,2,35.553,7.592,34.825,5.942
152,3,2,35.585,7.467,34.857,5.818
153,3,2,35.602,7.358,34.873,5.709
154,3,2,35.579,7.226,34.876,5.405
155,3,2,35.588,7.140,34.867,5.490
156,3,2,35.612,7.046,34.891,5.397
157,3,2,35.621,6.937,34.900,5.288
158,3,2,35.645,6.828,34.924,5.179
159,3,2,35.653,6.735,34.933,5.085
160,3,2,35.678,6.626,34.957,4.976
161,3,2,35.686,6.587,34.967,4.727
162,3,2,35.679,6.485,34.958,4.828
163,3,2,35.687,6.384,34.967,4.727
164,3,2,35.712,6.283,34.991,4.626
165,3,2,35.720,6.182,35.000,4.525
166,3,2,35.744,6.080,35.024,4.424
167,3,2,35.753,5.979,35.033,4.322
168,3,2,35.871,5.824,35.152,3.972
169,3,2,35.864,5.730,35.144,4.074
170,3,2,35.873,5.645,35.152,3.988
171,3,2,35.881,5.559,35.161,3.902
172,3,2,35.905,5.458,35.185,3.801
173,3,2,35.898,5.372,35.178,3.716
174,3,2,35.922,5.271,35.202,3.614
175,3,2,35.907,5.279,35.228,3.233
176,3,2,35.924,5.092,35.211,3.428
177,3,2,35.924,4.998,35.212,3.334
178,3,2,35.940,4.920,35.228,3.256
179,3,2,35.957,4.827,35.245,3.163
180,3,2,35.957,4.749,35.245,3.085
181,3,2,35.958,4.656,35.246,2.992
182,3,2,35.950,4.663,35.247,2.844
183,3,2,35.951,4.585,35.246,2.922
184,3,2,35.959,4.508,35.255,2.844
185,3,2,35.968,4.414,35.263,2.750
186,3,2,35.961,4.321,35.256,2.657
187,3,2,35.954,4.243,35.249,2.579
188,3,2,35.946,4.165,35.242,2.501
189,3,2,35.940,4.032,35.213,2.197
190,3,2,35.925,3.947,35.220,2.283
191,3,2,35.917,3.869,35.213,2.205
192,3,2,35.926,3.806,35.221,2.143
193,3,2,35.919,3.713,35.214,2.049
194,3,2,35.911,3.635,35.207,1.971
195,3,2,35.904,3.541,35.200,1.878
196,3,2,35.896,3.565,35.279,1.762
197,3,2,35.936,3.495,35.239,1.832
198,3,2,35.936,3.417,35.240,1.754
199,3,2,35.922,3.331,35.225,1.668
0,4,1,34.076,1.986,32.852,1.665
1,4,1,34.107,1.994,32.829,1.665
2,4,1,34.107,1.994,32.829,1.665
3,4,1,34.099,1.994,32.821,1.665
4,4,1,34.091,1.994,32.813,1.665
5,4,1,34.099,1.994,32.821,1.665
6,4,1,34.091,1.994,32.813,1.665
7,4,1,34.099,1.994,32.821,1.665
8,4,1,34.091,1.994,32.813,1.665
9,4,1,34.099,1.994,32.821,1.665
10,4,1,34.091,1.994,32.813,1.665
11,4,1,34.099,1.994,32.821,1.665
12,4,1,34.091,1.994,32.813,1.665
13,4,1,34.099,1.994,32.821,1.665
14,4,1,34.091,1.994,32.813,1.665
15,4,1,34.099,1.994,32.821,1.665
16,4,1,34.091,1.994,32.813,1.665
17,4,1,34.099,1.994,32.821,1.665
18,4,1,34.091,1.994,32.813,1.665
19,4,1,34.099,1.994,32.821,1.665
20,4,1,34.091,1.994,32.813,1.665
21,4,1,34.099,1.994,32.821,1.665
22,4,1,34.091,2.002,32.813,1.672
23,4,1,34.099,2.002,32.821,1.672
24,4,1,34.091,2.010,32.813,1.680
25,4,1,34.099,2.017,32.821,1.688
26,4,1,34.091,2.033,32.813,1.704
27,4,1,34.099,2.049,32.821,1.719
29,4,1,34.091,2.041,32.813,1.711
30,4,1,34.099,2.056,32.821,1.727
31,4,1,34.106,2.088,32.828,1.758
32,4,1,34.114,2.119,32.836,1.789
33,4,1,34.106,2.150,32.828,1.821
34,4,1,34.082,2.181,32.804,1.852
35,4,1,34.058,2.212,32.780,1.883
36,4,1,34.050,2.243,32.772,1.914
37,4,1,34.027,2.258,32.749,1.929
38,4,1,34.034,2.290,32.756,1.960
39,4,1,34.026,2.321,32.748,1.991
40,4,1,34.034,2.352,32.756,2.023
41,4,1,34.026,2.367,32.748,2.038
42,4,1,34.034,2.383,32.755,2.054
43,4,1,34.025,2.414,32.747,2.085
44,4,1,34.033,2.430,32.755,2.101
45,4,1,34.025,2.461,32.747,2.132
46,4,1,33.978,2.476,32.809,2.148
47,4,1,33.970,2.492,32.801,2.163
48,4,1,33.978,2.507,32.809,2.179
49,4,1,33.970,2.523,32.801,2.194
50,4,1,33.954,2.538,32.840,2.210
51,4,1,33.946,2.554,32.832,2.226
52,4,1,33.954,2.569,32.840,2.242
53,4,1,33.930,2.600,32.816,2.273
54,4,1,33.938,2.632,32.824,2.304
55,4,1,33.914,2.663,32.800,2.335
56,4,1,33.922,2.709,32.807,2.382
57,4,1,33.913,2.756,32.799,2.428
58,4,1,33.921,2.803,32.807,2.475
59,4,1,33.913,2.850,32.798,2.522
60,4,1,33.904,2.896,32.790,2.569
61,4,1,33.896,2.927,32.782,2.600
62,4,1,33.904,2.974,32.789,2.646
63,4,1,33.911,3.021,32.797,2.693
64,4,1,33.919,3.068,32.804,2.740
65,4,1,33.911,3.114,32.796,2.787
66,4,1,33.934,3.161,32.819,2.834
67,4,1,33.925,3.208,32.811,2.880
68,4,1,33.933,3.255,32.818,2.927
69,4,1,33.925,3.302,32.810,2.974
70,4,1,33.932,3.348,32.818,3.021
71,4,1,33.940,3.380,32.825,3.052
72,4,1,33.947,3.426,32.833,3.099
73,4,1,33.939,3.473,32.824,3.146
74,4,1,33.946,3.520,32.832,3.192
75,4,1,33.938,3.567,32.824,3.239
76,4,1,33.946,3.613,32.831,3.286
77,4,1,33.937,3.660,32.823,3.333
78,4,1,33.945,3.707,32.830,3.380
79,4,1,33.937,3.754,32.822,3.426
80,4,1,33.944,3.801,32.830,3.473
81,4,1,33.936,3.847,32.821,3.520
82,4,1,33.943,3.894,32.829,3.567
83,4,1,33.951,3.941,32.836,3.614
84,4,1,33.958,3.988,32.844,3.660
85,4,1,33.950,4.034,32.835,3.707
86,4,1,33.957,4.081,32.843,3.754
87,4,1,33.949,4.128,32.835,3.801
88,4,1,33.957,4.175,32.842,3.848
89,4,1,33.948,4.222,32.834,3.894
90,4,1,33.956,4.268,32.841,3.941
91,4,1,33.948,4.315,32.833,3.988
92,4,1,33.955,4.362,32.840,4.035
93,4,1,33.947,4.409,32.832,4.081
94,4,1,33.970,4.456,32.855,4.128
95,4,1,33.962,4.502,32.847,4.175
96,4,1,33.969,4.549,32.855,4.222
97,4,1,33.977,4.596,32.862,4.269
98,4,1,33.984,4.643,32.869,4.316
99,4,1,33.991,4.705,32.877,4.378
100,4,1,33.999,4.752,32.884,4.425
101,4,1,34.006,4.799,32.892,4.472
102,4,1,34.014,4.846,32.899,4.519
103,4,1,34.021,4.892,32.906,4.566
104,4,1,34.029,4.939,32.914,4.612
105,4,1,34.036,4.986,32.921,4.659
106,4,1,34.043,5.033,32.929,4.706
107,4,1,34.035,5.080,32.921,4.753
108,4,1,34.043,5.142,32.928,4.815
109,4,1,34.034,5.189,32.920,4.862
110,4,1,34.042,5.236,32.927,4.909
111,4,1,34.034,5.282,32.919,4.956
112,4,1,34.041,5.345,32.926,5.018
113,4,1,34.033,5.392,32.918,5.065
114,4,1,34.040,5.438,32.925,5.112
115,4,1,34.047,5.501,32.933,5.174
116,4,1,34.055,5.548,32.940,5.221
117,4,1,34.047,5.595,32.932,5.268
118,4,1,34.054,5.641,32.939,5.315
119,4,1,34.046,5.688,32.931,5.361
120,4,1,34.069,5.735,32.954,5.408
121,4,1,34.061,5.782,32.946,5.455
122,4,1,34.068,5.829,32.953,5.502
123,4,1,34.060,5.875,32.945,5.549
124,4,1,34.067,5.922,32.953,5.596
125,4,1,34.059,5.969,32.944,5.642
126,4,1,34.067,6.016,32.952,5.689
127,4,1,34.074,6.078,32.959,5.752
128,4,1,34.081,6.125,32.967,5.799
129,4,1,34.089,6.172,32.974,5.845
130,4,1,34.096,6.219,32.981,5.892
131,4,1,34.104,6.266,32.989,5.939
132,4,1,34.127,6.313,33.012,5.986
133,4,1,34.118,6.375,33.004,6.049
134,4,1,34.142,6.422,33.027,6.096
135,4,1,34.133,6.469,33.018,6.142
136,4,1,34.146,6.789,33.079,6.408
138,4,1,34.139,6.781,33.071,6.400
139,4,1,34.138,6.820,33.071,6.439
140,4,1,34.138,6.874,33.070,6.494
141,4,1,34.138,6.913,33.070,6.533
142,4,1,34.137,6.984,33.069,6.603
143,4,1,34.137,7.023,33.069,6.642
144,4,1,34.136,7.077,33.069,6.697
145,4,1,34.151,7.132,33.084,6.752
146,4,1,34.151,7.187,33.083,6.806
147,4,1,34.016,7.420,33.186,6.744
148,4,1,34.111,7.288,33.083,6.869
149,4,1,34.119,7.319,33.090,6.900
150,4,1,34.111,7.366,33.082,6.947
151,4,1,34.118,7.397,33.090,6.978
152,4,1,34.126,7.444,33.097,7.025
153,4,1,34.133,7.507,33.104,7.087
154,4,1,34.098,7.990,33.294,6.839
155,4,1,34.186,7.671,33.198,7.142
156,4,1,34.186,7.718,33.197,7.189
157,4,1,34.201,7.749,33.213,7.221
158,4,1,34.216,7.811,33.228,7.283
159,4,1,34.232,7.858,33.243,7.330
160,4,1,34.247,7.921,33.258,7.393
161,4,1,34.262,7.968,33.274,7.440
162,4,1,34.277,8.015,33.289,7.486
163,4,1,34.292,8.077,33.304,7.549
164,4,1,34.292,8.124,33.304,7.596
165,4,1,34.307,8.155,33.319,7.627
166,4,1,34.307,8.202,33.319,7.674
167,4,1,34.322,8.265,33.334,7.737
168,4,1,34.085,8.537,33.380,7.791
169,4,1,34.211,8.428,33.254,7.885
170,4,1,34.211,8.475,33.254,7.931
171,4,1,34.226,8.522,33.269,7.978
172,4,1,34.226,8.569,33.269,8.025
173,4,1,34.225,8.631,33.268,8.088
174,4,1,34.241,8.678,33.284,8.135
175,4,1,34.256,8.725,33.299,8.181
176,4,1,34.255,8.787,33.298,8.244
177,4,1,34.255,8.834,33.298,8.291
178,4,1,34.255,8.881,33.298,8.338
179,4,1,34.254,8.928,33.297,8.385
180,4,1,34.270,8.959,33.313,8.416
181,4,1,34.269,8.990,33.312,8.447
182,4,1,34.331,9.155,33.523,8.433
183,4,1,34.394,9.069,33.460,8.510
184,4,1,34.401,9.116,33.468,8.557
185,4,1,34.393,9.147,33.460,8.588
186,4,1,34.401,9.194,33.467,8.635
187,4,1,34.408,9.241,33.475,8.682
188,4,1,34.415,9.303,33.482,8.745
189,4,1,34.311,9.639,33.554,8.573
190,4,1,34.391,9.405,33.474,8.807
191,4,1,34.399,9.444,33.481,8.846
192,4,1,34.406,9.499,33.488,8.901
193,4,1,34.413,9.538,33.496,8.940
194,4,1,34.421,9.577,33.503,8.979
195,4,1,34.428,9.616,33.511,9.018
196,4,1,34.413,9.647,33.697,9.191
197,4,1,34.498,9.710,33.596,9.128
198,4,1,34.506,9.733,33.604,9.151
199,4,1,34.498,9.772,33.596,9.190
200,4,1,34.505,9.796,33.603,9.214
201,4,1,34.497,9.835,33.595,9.253
202,4,1,34.505,9.874,33.602,9.292
203,4,1,34.407,10.303,33.595,9.237
204,4,1,34.448,10.069,33.554,9.456
205,4,1,34.448,10.108,33.554,9.495
206,4,1,34.432,10.147,33.538,9.534
207,4,1,34.432,10.186,33.538,9.573
208,4,1,34.416,10.225,33.522,9.612
209,4,1,34.415,10.264,33.521,9.651
210,4,1,34.344,10.350,33.599,9.690
211,4,1,34.407,10.327,33.529,9.714
212,4,1,34.391,10.366,33.513,9.753
213,4,1,34.391,10.389,33.513,9.776
214,4,1,34.391,10.428,33.512,9.815
215,4,1,34.391,10.452,33.512,9.839
216,4,1,34.374,10.506,33.496,9.893
217,4,1,34.301,10.897,33.566,9.878
218,4,1,34.365,10.701,33.502,10.065
219,4,1,34.349,10.733,33.486,10.096
220,4,1,34.349,10.780,33.486,10.143
221,4,1,34.333,10.826,33.470,10.190
222,4,1,34.317,10.873,33.454,10.237
223,4,1,34.301,10.920,33.438,10.284
224,4,1,34.136,11.029,33.502,10.073
225,4,1,34.239,10.881,33.392,10.229
226,4,1,34.238,10.928,33.391,10.276
227,4,1,34.222,10.959,33.375,10.307
228,4,1,34.206,11.006,33.359,10.354
229,4,1,34.206,11.037,33.359,10.385
230,4,1,34.206,11.099,33.358,10.448
231,4,1,34.119,11.216,33.318,10.611
232,4,1,34.142,11.232,33.303,10.588
233,4,1,34.118,11.271,33.279,10.627
234,4,1,34.095,11.294,33.255,10.650
235,4,1,34.086,11.333,33.247,10.689
236,4,1,34.047,11.372,33.207,10.728
237,4,1,34.039,11.411,33.199,10.767
238,4,1,33.942,11.732,33.169,10.642
239,4,1,33.968,11.513,33.136,10.861
240,4,1,33.952,11.560,33.120,10.908
241,4,1,33.920,11.591,33.088,10.939
242,4,1,33.904,11.638,33.072,10.986
243,4,1,33.832,11.802,33.000,11.158
245,4,1,33.918,11.825,33.015,11.291
246,4,1,33.879,11.872,33.047,11.236
247,4,1,33.878,11.903,33.047,11.267
248,4,1,33.878,11.950,33.046,11.314
249,4,1,33.846,11.997,33.014,11.361
250,4,1,33.846,12.044,33.014,11.408
251,4,1,33.830,12.091,32.998,11.455
252,4,1,33.757,12.466,33.023,11.314
253,4,1,33.798,12.208,32.974,11.556
254,4,1,33.790,12.255,32.965,11.603
255,4,1,33.766,12.302,32.942,11.650
256,4,1,33.742,12.349,32.918,11.697
257,4,1,33.718,12.396,32.894,11.744
258,4,1,33.710,12.442,32.886,11.791
259,4,1,33.686,12.505,32.862,11.853
260,4,1,33.678,12.552,32.853,11.900
261,4,1,33.669,12.599,32.845,11.947
262,4,1,33.677,12.646,32.853,11.994
263,4,1,33.669,12.693,32.844,12.041
264,4,1,33.660,12.740,32.836,12.088
265,4,1,33.652,12.771,32.828,12.119
266,4,1,33.644,12.802,32.820,12.150
267,4,1,33.636,12.849,32.812,12.197
268,4,1,33.628,12.896,32.804,12.244
269,4,1,33.620,12.943,32.795,12.291
270,4,1,33.611,12.990,32.787,12.338
271,4,1,33.588,13.052,32.763,12.400
272,4,1,33.564,13.099,32.739,12.447
273,4,1,33.381,13.404,32.591,12.353
274,4,1,33.398,13.200,32.582,12.541
275,4,1,33.382,13.255,32.566,12.595
276,4,1,33.382,13.294,32.565,12.635
277,4,1,33.366,13.318,32.550,12.658
278,4,1,33.350,13.388,32.533,12.728
279,4,1,33.334,13.443,32.517,12.783
280,4,1,33.318,13.482,32.501,12.822
281,4,1,33.318,13.521,32.501,12.861
282,4,1,33.302,13.560,32.485,12.900
283,4,1,33.316,13.764,32.507,13.081
285,4,1,33.308,13.756,32.499,13.073
286,4,1,33.300,13.787,32.491,13.104
287,4,1,33.292,13.818,32.483,13.135
288,4,1,33.284,13.850,32.475,13.167
289,4,1,33.276,13.865,32.467,13.182
290,4,1,33.299,13.865,32.490,13.182
291,4,1,33.307,13.850,32.498,13.167
292,4,1,33.299,13.818,32.491,13.135
293,4,1,33.339,13.834,32.530,13.151
295,4,1,33.331,13.826,32.522,13.143
296,4,1,33.232,14.397,32.539,13.918
297,4,1,33.255,14.413,32.531,13.910
298,4,1,33.247,14.460,32.523,13.957
299,4,1,33.247,14.499,32.523,13.996
300,4,1,33.247,14.538,32.522,14.036
301,4,1,33.238,14.593,32.514,14.090
302,4,1,33.222,14.640,32.498,14.137
303,4,1,33.214,14.687,32.490,14.184
304,4,1,33.244,14.859,32.435,14.200
305,4,1,33.236,14.859,32.435,14.215
306,4,1,33.236,14.898,32.434,14.255
307,4,1,33.236,14.938,32.434,14.294
308,4,1,33.235,14.977,32.434,14.333
309,4,1,33.235,15.024,32.433,14.380
310,4,1,33.234,15.063,32.433,14.419
311,4,1,33.234,15.118,32.433,14.474
312,4,1,33.234,15.165,32.432,14.521
313,4,1,33.233,15.212,32.432,14.568
314,4,1,33.233,15.266,32.431,14.623
315,4,1,33.232,15.313,32.431,14.670
316,4,1,33.232,15.368,32.431,14.725
317,4,1,33.232,15.423,32.430,14.779
318,4,1,33.231,15.470,32.430,14.826
319,4,1,33.231,15.517,32.429,14.873
320,4,1,33.230,15.564,32.429,14.920
321,4,1,33.230,15.611,32.428,14.967
322,4,1,33.230,15.658,32.428,15.014
323,4,1,33.245,15.705,32.443,15.061
324,4,1,33.245,15.744,32.443,15.101
325,4,1,33.244,15.791,32.443,15.148
326,4,1,33.244,15.846,32.442,15.202
327,4,1,33.243,15.885,32.442,15.242
328,4,1,33.243,15.940,32.441,15.296
329,4,1,33.243,15.987,32.441,15.343
330,4,1,33.242,16.034,32.441,15.390
331,4,1,33.226,16.081,32.425,15.437
332,4,1,33.226,16.120,32.424,15.476
333,4,1,33.210,16.159,32.408,15.516
334,4,1,33.194,16.198,32.392,15.555
335,4,1,33.178,16.230,32.376,15.586
336,4,1,33.178,16.269,32.376,15.625
337,4,1,33.177,16.316,32.376,15.672
338,4,1,33.177,16.363,32.375,15.719
339,4,1,33.176,16.410,32.375,15.766
340,4,1,33.176,16.449,32.374,15.805
341,4,1,33.176,16.496,32.374,15.852
342,4,1,33.175,16.535,32.374,15.892
343,4,1,33.175,16.574,32.373,15.931
344,4,1,33.175,16.621,32.373,15.978
345,4,1,33.174,16.661,32.373,16.017
346,4,1,33.174,16.708,32.372,16.064
347,4,1,33.174,16.755,32.372,16.111
348,4,1,33.173,16.802,32.371,16.158
349,4,1,33.173,16.849,32.371,16.205
350,4,1,33.172,16.896,32.371,16.252
351,4,1,33.172,16.943,32.370,16.299
352,4,1,33.172,16.990,32.370,16.346
353,4,1,33.171,17.037,32.370,16.393
354,4,1,33.171,17.076,32.369,16.432
355,4,1,33.171,17.115,32.369,16.472
356,4,1,33.170,17.154,32.369,16.511
357,4,1,33.170,17.193,32.368,16.550
358,4,1,33.170,17.240,32.368,16.597
359,4,1,33.169,17.280,32.367,16.636
360,4,1,33.169,17.319,32.367,16.675
361,4,1,33.169,17.366,32.367,16.722
362,4,1,33.168,17.421,32.366,16.777
363,4,1,33.168,17.468,32.366,16.824
364,4,1,33.167,17.499,32.366,16.856
365,4,1,33.151,17.546,32.350,16.903
366,4,1,33.151,17.585,32.349,16.942
367,4,1,33.135,17.609,32.333,16.965
368,4,1,33.119,17.648,32.317,17.005
369,4,1,33.119,17.687,32.317,17.044
370,4,1,33.103,17.726,32.301,17.083
371,4,1,33.103,17.773,32.301,17.130
372,4,1,33.087,17.813,32.285,17.169
373,4,1,33.071,17.836,32.269,17.193
374,4,1,33.070,17.883,32.268,17.240
375,4,1,33.054,17.922,32.252,17.279
376,4,1,33.054,17.946,32.252,17.302
377,4,1,33.054,17.993,32.252,17.349
378,4,1,33.053,18.024,32.251,17.381
379,4,1,33.053,18.063,32.251,17.420
380,4,1,33.068,18.103,32.267,17.459
381,4,1,33.076,18.150,32.274,17.506
382,4,1,33.083,18.189,32.281,17.545
383,4,1,33.099,18.236,32.297,17.592
384,4,1,33.114,18.291,32.312,17.647
385,4,1,33.114,18.338,32.312,17.694
386,4,1,33.121,18.393,32.319,17.749
387,4,1,33.113,18.448,32.311,17.804
388,4,1,33.112,18.487,32.310,17.843
389,4,1,33.112,18.534,32.310,17.890
0,5,1,41.521,12.552,40.872,11.919
1,5,1,41.544,12.576,40.864,11.911
2,5,1,41.544,12.568,40.864,11.903
3,5,1,41.544,12.576,40.864,11.911
4,5,1,41.544,12.568,40.864,11.903
5,5,1,41.559,12.576,40.880,11.911
6,5,1,41.559,12.568,40.880,11.903
7,5,1,41.614,12.568,40.632,11.746
8,5,1,41.591,12.552,40.663,11.762
9,5,1,41.598,12.552,40.671,11.762
10,5,1,41.606,12.552,40.679,11.762
11,5,1,41.598,12.568,40.671,11.778
12,5,1,41.606,12.568,40.679,11.778
13,5,1,41.598,12.568,40.671,11.778
14,5,1,41.606,12.576,40.617,11.770
15,5,1,41.583,12.568,40.640,11.778
16,5,1,41.590,12.568,40.648,11.778
17,5,1,41.598,12.568,40.655,11.778
18,5,1,41.590,12.568,40.648,11.778
19,5,1,41.598,12.568,40.655,11.778
20,5,1,41.590,12.568,40.648,11.778
21,5,1,41.637,12.607,40.655,11.770
22,5,1,41.614,12.584,40.663,11.786
23,5,1,41.614,12.591,40.663,11.793
24,5,1,41.614,12.584,40.663,11.786
25,5,1,41.614,12.576,40.663,11.778
26,5,1,41.614,12.568,40.663,11.770
27,5,1,41.614,12.576,40.663,11.778
28,5,1,41.621,12.599,40.624,11.754
29,5,1,41.598,12.576,40.640,11.770
30,5,1,41.590,12.576,40.632,11.770
31,5,1,41.583,12.560,40.624,11.754
32,5,1,41.575,12.560,40.617,11.754
33,5,1,41.567,12.560,40.609,11.754
34,5,1,41.560,12.544,40.601,11.739
35,5,1,41.560,12.537,40.616,11.785
36,5,1,41.559,12.552,40.609,11.762
37,5,1,41.544,12.552,40.593,11.762
38,5,1,41.513,12.536,40.562,11.746
39,5,1,41.482,12.536,40.531,11.746
40,5,1,41.466,12.536,40.516,11.746
41,5,1,41.451,12.536,40.500,11.746
42,5,1,41.389,12.513,40.485,11.738
43,5,1,41.404,12.513,40.461,11.730
44,5,1,41.381,12.505,40.438,11.722
45,5,1,41.342,12.497,40.399,11.714
46,5,1,41.319,12.505,40.376,11.722
47,5,1,41.280,12.497,40.337,11.714
48,5,1,41.241,12.489,40.298,11.706
49,5,1,41.203,12.481,40.259,11.698
50,5,1,41.164,12.489,40.220,11.706
51,5,1,41.125,12.481,40.182,11.698
52,5,1,41.086,12.488,40.143,11.706
53,5,1,41.032,12.480,40.088,11.698
54,5,1,40.993,12.488,40.049,11.705
55,5,1,40.954,12.480,40.011,11.698
56,5,1,40.986,12.340,39.761,11.814
57,5,1,40.853,12.457,39.894,11.697
58,5,1,40.814,12.456,39.855,11.697
59,5,1,40.775,12.441,39.816,11.681
60,5,1,40.752,12.441,39.793,11.681
61,5,1,40.713,12.425,39.754,11.665
62,5,1,40.674,12.425,39.715,11.665
63,5,1,40.635,12.479,39.707,11.673
64,5,1,40.643,12.456,39.692,11.696
65,5,1,40.612,12.456,39.660,11.696
66,5,1,40.565,12.440,39.614,11.681
67,5,1,40.534,12.424,39.583,11.665
68,5,1,40.488,12.424,39.536,11.665
69,5,1,40.426,12.408,39.474,11.649
70,5,1,40.379,12.393,39.427,11.633
71,5,1,40.348,12.393,39.396,11.633
72,5,1,40.301,12.377,39.350,11.617
73,5,1,40.239,12.361,39.288,11.601
74,5,1,40.193,12.361,39.241,11.601
75,5,1,40.162,12.345,39.210,11.586
76,5,1,40.131,12.345,39.179,11.586
77,5,1,40.278,12.361,39.022,11.702
78,5,1,40.130,12.400,39.155,11.656
79,5,1,40.091,12.400,39.116,11.656
80,5,1,40.052,12.399,39.077,11.655
81,5,1,40.014,12.384,39.038,11.640
82,5,1,39.975,12.384,38.999,11.640
83,5,1,39.936,12.384,38.960,11.639
84,5,1,39.897,12.321,38.479,11.404
85,5,1,39.696,12.242,38.697,11.490
86,5,1,39.649,12.234,38.650,11.482
87,5,1,39.602,12.226,38.603,11.474
88,5,1,39.556,12.219,38.557,11.466
89,5,1,39.493,12.211,38.494,11.458
90,5,1,39.447,12.218,38.448,11.466
91,5,1,39.423,12.249,38.221,11.528
92,5,1,39.330,12.257,38.315,11.512
93,5,1,39.283,12.257,38.268,11.512
94,5,1,39.252,12.241,38.237,11.496
95,5,1,39.205,12.241,38.190,11.496
96,5,1,39.159,12.225,38.144,11.481
97,5,1,39.128,12.225,38.113,11.480
98,5,1,39.182,12.241,38.128,11.504
99,5,1,39.159,12.241,38.144,11.504
100,5,1,39.112,12.233,38.097,11.496
101,5,1,39.065,12.240,38.050,11.504
102,5,1,39.019,12.217,38.004,11.480
103,5,1,38.972,12.224,37.957,11.488
104,5,1,38.925,12.201,37.910,11.464
105,5,1,38.738,12.232,37.746,11.542
106,5,1,38.754,12.247,37.746,11.518
107,5,1,38.699,12.247,37.692,11.518
108,5,1,38.660,12.231,37.653,11.502
109,5,1,38.606,12.216,37.598,11.486
110,5,1,38.567,12.215,37.559,11.486
111,5,1,38.528,12.215,37.520,11.486
112,5,1,38.474,12.114,37.513,11.416
113,5,1,38.490,12.129,37.490,11.408
114,5,1,38.459,12.121,37.459,11.400
115,5,1,38.412,12.113,37.412,11.392
116,5,1,38.365,12.121,37.365,11.400
117,5,1,38.334,12.113,37.334,11.392
118,5,1,38.303,12.121,37.303,11.400
119,5,1,38.179,12.042,36.983,11.391
120,5,1,38.085,12.073,37.077,11.360
121,5,1,38.046,12.058,37.038,11.344
122,5,1,37.991,12.073,36.983,11.359
123,5,1,37.937,12.057,36.929,11.344
124,5,1,37.898,12.057,36.890,11.343
125,5,1,37.843,12.057,36.835,11.343
126,5,1,37.945,12.081,36.679,11.382
127,5,1,37.820,12.080,36.804,11.374
128,5,1,37.773,12.072,36.757,11.366
129,5,1,37.726,12.080,36.710,11.374
130,5,1,37.695,12.072,36.679,11.366
131,5,1,37.649,12.064,36.632,11.358
132,5,1,37.618,12.041,36.601,11.335
133,5,1,37.539,12.072,36.578,11.335
134,5,1,37.563,12.056,36.554,11.350
135,5,1,37.524,12.048,36.515,11.342
136,5,1,37.469,12.040,36.461,11.334
137,5,1,37.446,12.048,36.437,11.342
138,5,1,37.392,12.024,36.383,11.318
139,5,1,37.353,12.032,36.344,11.326
140,5,1,37.313,12.063,36.219,11.372
141,5,1,37.267,12.063,36.258,11.365
142,5,1,37.212,12.063,36.203,11.364
143,5,1,37.157,12.047,36.149,11.349
144,5,1,37.119,12.031,36.110,11.333
145,5,1,37.064,12.031,36.055,11.333
146,5,1,37.025,12.031,36.016,11.333
147,5,1,36.955,11.960,35.829,11.269
148,5,1,36.901,11.960,35.892,11.270
149,5,1,36.862,11.952,35.853,11.262
150,5,1,36.823,11.960,35.814,11.269
151,5,1,36.784,11.952,35.775,11.261
152,5,1,36.745,11.960,35.735,11.269
153,5,1,36.706,11.952,35.696,11.261
154,5,1,36.659,11.952,35.634,11.292
155,5,1,36.651,11.959,35.642,11.277
156,5,1,36.612,11.959,35.603,11.276
157,5,1,36.573,11.959,35.564,11.276
158,5,1,36.518,11.959,35.509,11.276
159,5,1,36.479,11.959,35.470,11.276
160,5,1,36.440,11.959,35.431,11.276
161,5,1,36.347,11.927,35.182,11.197
162,5,1,36.277,11.904,35.267,11.220
163,5,1,36.238,11.903,35.228,11.220
164,5,1,36.199,11.903,35.189,11.220
165,5,1,36.144,11.903,35.135,11.220
166,5,1,36.105,11.903,35.095,11.220
167,5,1,36.066,11.903,35.056,11.220
168,5,1,35.980,12.004,35.088,11.196
169,5,1,36.035,11.942,35.033,11.259
170,5,1,36.004,11.942,35.001,11.259
171,5,1,35.957,11.942,34.955,11.258
172,5,1,35.925,11.941,34.923,11.258
173,5,1,35.879,11.941,34.876,11.258
174,5,1,35.847,11.941,34.845,11.258
175,5,1,35.636,12.026,34.869,11.242
176,5,1,35.746,11.972,34.759,11.289
177,5,1,35.699,11.972,34.712,11.289
178,5,1,35.652,11.972,34.665,11.289
179,5,1,35.605,11.972,34.618,11.288
180,5,1,35.558,11.971,34.571,11.288
181,5,1,35.511,11.971,34.525,11.288
182,5,1,35.465,11.956,34.478,11.272
183,5,1,35.418,11.940,34.431,11.257
184,5,1,35.371,11.955,34.384,11.272
185,5,1,35.324,11.939,34.337,11.256
186,5,1,35.293,11.955,34.306,11.272
187,5,1,35.246,11.939,34.259,11.256
188,5,1,35.199,11.955,34.212,11.271
189,5,1,35.113,11.986,34.229,11.146
190,5,1,35.160,11.908,34.181,11.224
191,5,1,35.121,11.908,34.142,11.224
192,5,1,35.067,11.907,34.087,11.224
193,5,1,35.043,11.907,34.064,11.224
194,5,1,34.988,11.907,34.009,11.224
195,5,1,34.949,11.907,33.970,11.224
196,5,1,34.794,11.844,33.649,11.222
197,5,1,34.715,11.867,33.736,11.192
198,5,1,34.676,11.859,33.697,11.184
199,5,1,34.622,11.867,33.642,11.191
200,5,1,34.567,11.859,33.587,11.183
201,5,1,34.528,11.866,33.548,11.191
202,5,1,34.473,11.858,33.493,11.183
203,5,1,34.512,11.929,33.602,11.222
204,5,1,34.535,11.906,33.563,11.230
205,5,1,34.488,11.898,33.516,11.222
206,5,1,34.442,11.890,33.469,11.214
207,5,1,34.410,11.897,33.438,11.222
208,5,1,34.363,11.889,33.391,11.214
209,5,1,34.316,11.897,33.344,11.221
210,5,1,34.151,12.045,33.321,11.198
211,5,1,34.214,11.951,33.250,11.276
212,5,1,34.160,11.959,33.195,11.283
213,5,1,34.105,11.951,33.140,11.275
214,5,1,34.066,11.943,33.101,11.267
215,5,1,34.011,11.935,33.047,11.259
216,5,1,33.956,11.943,32.992,11.267
217,5,1,34.042,11.935,32.820,11.243
218,5,1,33.910,11.927,32.937,11.251
219,5,1,33.863,11.919,32.890,11.243
220,5,1,33.816,11.927,32.843,11.251
221,5,1,33.769,11.919,32.796,11.243
222,5,1,33.737,11.926,32.765,11.251
223,5,1,33.690,11.934,32.718,11.258
224,5,1,33.362,11.972,32.585,11.211
225,5,1,33.456,11.926,32.491,11.250
226,5,1,33.417,11.933,32.452,11.257
227,5,1,33.377,11.941,32.412,11.265
228,5,1,33.323,11.917,32.358,11.241
229,5,1,33.284,11.925,32.319,11.249
230,5,1,33.229,11.917,32.264,11.241
231,5,1,33.150,11.964,32.108,11.115
232,5,1,33.112,11.877,32.147,11.201
233,5,1,33.073,11.869,32.108,11.193
234,5,1,33.018,11.893,32.053,11.217
235,5,1,32.963,11.869,31.998,11.193
236,5,1,32.924,11.877,31.959,11.201
237,5,1,32.869,11.853,31.904,11.177
238,5,1,32.924,11.932,31.865,11.161
239,5,1,32.869,11.884,31.904,11.208
240,5,1,32.830,11.877,31.865,11.200
241,5,1,32.791,11.869,31.826,11.192
242,5,1,32.752,11.876,31.786,11.200
243,5,1,32.697,11.853,31.732,11.176
244,5,1,32.658,11.860,31.693,11.184
245,5,1,32.470,11.907,31.669,11.137
246,5,1,32.548,11.860,31.591,11.184
247,5,1,32.517,11.868,31.559,11.191
248,5,1,32.470,11.875,31.512,11.199
249,5,1,32.407,11.867,31.450,11.191
250,5,1,32.361,11.859,31.403,11.183
251,5,1,32.314,11.851,31.356,11.175
252,5,1,32.353,11.851,31.160,11.112
253,5,1,32.236,11.820,31.278,11.144
254,5,1,32.189,11.812,31.231,11.136
255,5,1,32.126,11.804,31.168,11.127
256,5,1,32.079,11.811,31.121,11.135
257,5,1,32.063,11.804,31.105,11.127
258,5,1,32.001,11.811,31.042,11.135
259,5,1,31.883,11.834,31.106,11.010
260,5,1,31.970,11.756,31.019,11.080
261,5,1,31.930,11.764,30.980,11.088
262,5,1,31.891,11.756,30.941,11.080
263,5,1,31.852,11.764,30.902,11.087
264,5,1,31.813,11.756,30.863,11.079
265,5,1,31.774,11.763,30.823,11.087
266,5,1,31.617,11.810,30.526,11.023
267,5,1,31.547,11.755,30.596,11.078
268,5,1,31.507,11.763,30.557,11.086
269,5,1,31.453,11.755,30.502,11.078
270,5,1,31.413,11.762,30.463,11.086
271,5,1,31.359,11.754,30.408,11.078
272,5,1,31.304,11.762,30.353,11.085
273,5,1,31.389,11.848,30.306,11.038
274,5,1,31.319,11.778,30.368,11.101
275,5,1,31.280,11.770,30.329,11.093
276,5,1,31.241,11.777,30.290,11.101
277,5,1,31.186,11.769,30.235,11.093
278,5,1,31.147,11.777,30.196,11.100
279,5,1,31.092,11.769,30.141,11.092
280,5,1,30.903,11.862,30.164,11.092
281,5,1,31.005,11.816,30.062,11.139
282,5,1,30.958,11.808,30.015,11.131
283,5,1,30.943,11.800,29.999,11.123
284,5,1,30.880,11.807,29.937,11.131
285,5,1,30.833,11.784,29.890,11.107
286,5,1,30.802,11.792,29.858,11.115
287,5,1,30.691,11.877,29.882,11.107
288,5,1,30.754,11.823,29.819,11.146
289,5,1,30.715,11.815,29.780,11.138
290,5,1,30.660,11.822,29.725,11.146
291,5,1,30.621,11.799,29.685,11.122
292,5,1,30.582,11.806,29.646,11.130
293,5,1,30.543,11.798,29.607,11.122
294,5,1,30.465,11.751,29.569,11.020
295,5,1,30.481,11.720,29.553,11.043
296,5,1,30.449,11.712,29.521,11.035
297,5,1,30.418,11.704,29.490,11.027
298,5,1,30.371,11.712,29.443,11.035
299,5,1,30.355,11.704,29.427,11.027
300,5,1,30.308,11.712,29.380,11.035
301,5,1,30.277,11.704,29.349,11.027
302,5,1,30.245,11.711,29.317,11.035
303,5,1,30.214,11.703,29.286,11.027
304,5,1,30.167,11.711,29.239,11.034
305,5,1,30.120,11.703,29.192,11.026
306,5,1,30.088,11.711,29.160,11.034
307,5,1,30.041,11.703,29.113,11.026
308,5,1,29.971,11.679,28.847,10.970
309,5,1,29.877,11.663,28.949,10.986
310,5,1,29.830,11.655,28.902,10.978
311,5,1,29.783,11.663,28.854,10.986
312,5,1,29.752,11.639,28.823,10.962
313,5,1,29.704,11.647,28.776,10.970
314,5,1,29.673,11.639,28.745,10.962
315,5,1,29.626,11.631,28.698,10.954
316,5,1,29.595,11.623,28.666,10.946
317,5,1,29.563,11.631,28.635,10.954
318,5,1,29.516,11.623,28.588,10.946
319,5,1,29.485,11.630,28.556,10.953
320,5,1,29.438,11.622,28.509,10.945
321,5,1,29.406,11.630,28.478,10.953
322,5,1,29.359,11.622,28.431,10.945
323,5,1,29.312,11.630,28.383,10.953
324,5,1,29.281,11.622,28.352,10.945
325,5,1,29.234,11.614,28.305,10.937
326,5,1,29.187,11.606,28.258,10.929
327,5,1,29.139,11.598,28.211,10.921
328,5,1,29.092,11.590,28.164,10.913
329,5,1,29.045,11.582,28.117,10.905
330,5,1,28.998,11.558,28.070,10.881
331,5,1,28.951,11.550,28.023,10.873
332,5,1,28.904,11.527,27.976,10.849
333,5,1,28.873,11.519,27.944,10.841
334,5,1,28.826,11.511,27.897,10.833
335,5,1,28.795,11.503,27.866,10.825
336,5,1,28.558,11.565,27.834,10.841
337,5,1,28.653,11.534,27.732,10.856
338,5,1,28.614,11.541,27.692,10.864
339,5,1,28.590,11.549,27.669,10.872
340,5,1,28.535,11.541,27.614,10.864
341,5,1,28.511,11.549,27.590,10.871
342,5,1,28.472,11.541,27.551,10.863
343,5,1,28.260,11.509,27.245,10.745
344,5,1,28.214,11.462,27.292,10.784
345,5,1,28.174,11.469,27.253,10.792
346,5,1,28.135,11.461,27.213,10.784
347,5,1,28.096,11.469,27.174,10.792
348,5,1,28.056,11.461,27.135,10.784
349,5,1,28.001,11.469,27.080,10.791
350,5,1,27.962,11.461,27.040,10.783
351,5,1,27.907,11.468,26.985,10.791
352,5,1,27.868,11.476,26.946,10.798
353,5,1,27.812,11.484,26.891,10.806
354,5,1,27.789,11.476,26.867,10.798
355,5,1,27.734,11.483,26.812,10.806
356,5,1,27.710,11.475,26.788,10.798
357,5,1,27.568,11.569,26.882,10.861
358,5,1,27.678,11.546,26.764,10.868
359,5,1,27.631,11.554,26.717,10.876
360,5,1,27.584,11.561,26.670,10.884
361,5,1,27.552,11.553,26.638,10.876
362,5,1,27.505,11.561,26.591,10.883
363,5,1,27.442,11.553,26.528,10.875
364,5,1,27.395,11.561,26.481,10.883
365,5,1,27.364,11.553,26.449,10.875
366,5,1,27.316,11.560,26.402,10.883
367,5,1,27.253,11.552,26.339,10.875
368,5,1,27.206,11.560,26.292,10.882
369,5,1,27.175,11.552,26.260,10.874
370,5,1,27.128,11.560,26.213,10.882
371,5,1,27.387,11.568,26.275,10.961
372,5,1,27.277,11.599,26.362,10.930
373,5,1,27.229,11.599,26.315,10.929
374,5,1,27.182,11.599,26.268,10.929
375,5,1,27.151,11.599,26.236,10.929
376,5,1,27.119,11.599,26.205,10.929
377,5,1,27.088,11.614,26.173,10.945
378,5,1,26.780,11.676,26.017,10.858
379,5,1,26.852,11.598,25.945,10.928
380,5,1,26.812,11.613,25.905,10.944
381,5,1,26.773,11.613,25.866,10.943
382,5,1,26.718,11.629,25.811,10.959
383,5,1,26.694,11.629,25.787,10.959
384,5,1,26.639,11.644,25.732,10.974
385,5,1,26.772,11.676,25.480,10.973
386,5,1,26.584,11.660,25.677,10.990
387,5,1,26.544,11.675,25.637,11.005
388,5,1,26.505,11.691,25.598,11.021
389,5,1,26.449,11.691,25.542,11.021
390,5,1,26.410,11.706,25.503,11.036
391,5,1,26.370,11.722,25.463,11.052
392,5,1,26.362,11.824,25.440,10.965
393,5,1,26.347,11.730,25.440,11.060
394,5,1,26.307,11.745,25.400,11.075
395,5,1,26.284,11.729,25.377,11.059
396,5,1,26.244,11.745,25.337,11.075
397,5,1,26.205,11.760,25.297,11.090
398,5,1,26.149,11.776,25.242,11.106
399,5,1,25.992,11.799,25.030,11.066
400,5,1,25.968,11.767,25.061,11.097
401,5,1,25.937,11.783,25.029,11.113
402,5,1,25.905,11.783,24.998,11.113
403,5,1,25.850,11.798,24.942,11.128
404,5,1,25.826,11.798,24.919,11.128
405,5,1,25.771,11.798,24.864,11.128
406,5,1,25.732,11.798,24.824,11.128
407,5,1,25.677,11.798,24.769,11.128
408,5,1,25.637,11.798,24.730,11.128
409,5,1,25.582,11.798,24.674,11.127
410,5,1,25.558,11.798,24.651,11.127
411,5,1,25.519,11.813,24.611,11.143
412,5,1,25.495,11.813,24.588,11.143
413,5,1,25.527,11.844,24.572,11.166
414,5,1,25.495,11.837,24.587,11.166
415,5,1,25.471,11.836,24.564,11.166
416,5,1,25.464,11.821,24.556,11.150
417,5,1,25.424,11.821,24.517,11.150
418,5,1,25.401,11.805,24.493,11.135
419,5,1,25.377,11.773,24.470,11.103
420,5,1,25.354,11.773,24.446,11.103
421,5,1,25.314,11.773,24.407,11.103
422,5,1,25.275,11.773,24.367,11.103
423,5,1,25.236,11.773,24.328,11.103
424,5,1,25.196,11.773,24.288,11.102
425,5,1,25.141,11.788,24.241,11.118
426,5,1,25.101,11.804,24.201,11.134
427,5,1,25.124,11.945,23.948,11.180
428,5,1,24.990,11.882,24.098,11.212
429,5,1,24.935,11.890,24.043,11.219
430,5,1,24.903,11.890,24.011,11.219
431,5,1,24.856,11.913,23.963,11.243
432,5,1,24.824,11.905,23.932,11.235
433,5,1,24.777,11.921,23.885,11.250
434,5,1,24.438,11.959,23.798,11.203
435,5,1,24.391,11.896,23.387,11.241
442,5,1,24.533,11.904,23.672,11.234
443,5,1,24.493,11.904,23.632,11.234
444,5,1,24.454,11.919,23.593,11.249
445,5,1,24.414,11.919,23.553,11.249
446,5,1,24.375,11.919,23.514,11.249
447,5,1,24.335,11.919,23.474,11.249
448,5,1,24.115,11.863,23.214,11.224
449,5,1,24.099,11.879,23.238,11.216
450,5,1,24.060,11.871,23.198,11.208
451,5,1,24.020,11.863,23.159,11.200
452,5,1,23.981,11.871,23.119,11.208
453,5,1,23.957,11.863,23.096,11.200
454,5,1,23.918,11.855,23.056,11.192
455,5,1,23.594,11.893,22.859,11.215
456,5,1,23.657,11.878,22.803,11.215
457,5,1,23.610,11.870,22.756,11.207
458,5,1,23.594,11.862,22.740,11.199
459,5,1,23.531,11.869,22.677,11.207
460,5,1,23.500,11.861,22.646,11.199
461,5,1,23.452,11.869,22.598,11.206
462,5,1,23.642,11.846,22.401,11.213
463,5,1,23.413,11.853,22.559,11.190
464,5,1,23.365,11.861,22.511,11.198
465,5,1,23.318,11.869,22.464,11.206
466,5,1,23.271,11.861,22.417,11.198
467,5,1,23.223,11.868,22.369,11.205
468,5,1,23.176,11.876,22.322,11.213
469,5,1,23.200,11.829,22.171,11.220
470,5,1,23.113,11.852,22.259,11.197
471,5,1,23.081,11.852,22.227,11.197
472,5,1,23.034,11.868,22.179,11.213
473,5,1,22.987,11.852,22.132,11.197
474,5,1,22.955,11.867,22.100,11.212
475,5,1,22.908,11.852,22.053,11.196
476,5,1,22.654,11.898,21.863,11.243
477,5,1,22.686,11.890,21.839,11.235
478,5,1,22.646,11.890,21.800,11.235
479,5,1,22.623,11.890,21.776,11.235
480,5,1,22.583,11.874,21.737,11.219
481,5,1,22.544,11.858,21.697,11.203
482,5,1,22.505,11.858,21.658,11.203
483,5,1,22.734,11.875,21.619,11.156
484,5,1,22.592,11.843,21.745,11.187
485,5,1,22.552,11.843,21.706,11.187
486,5,1,22.513,11.842,21.666,11.187
487,5,1,22.457,11.842,21.611,11.187
488,5,1,22.418,11.842,21.571,11.187
489,5,1,22.378,11.842,21.532,11.187
490,5,1,22.324,11.747,21.350,11.131
491,5,1,22.261,11.763,21.414,11.116
492,5,1,22.237,11.755,21.390,11.108
493,5,1,22.213,11.763,21.366,11.115
0,7,1,41.338,10.759,40.588,10.266
1,7,1,41.362,10.775,40.580,10.258
2,7,1,41.362,10.767,40.580,10.250
3,7,1,41.369,10.759,40.588,10.242
4,7,1,41.377,10.767,40.596,10.250
5,7,1,41.369,10.759,40.588,10.242
6,7,1,41.377,10.767,40.596,10.250
7,7,1,41.369,10.759,40.588,10.242
8,7,1,41.369,10.767,40.588,10.250
9,7,1,41.369,10.759,40.588,10.242
10,7,1,41.369,10.767,40.588,10.250
11,7,1,41.369,10.767,40.588,10.250
12,7,1,41.369,10.767,40.588,10.250
13,7,1,41.369,10.830,40.495,10.195
14,7,1,41.361,10.814,40.503,10.203
15,7,1,41.361,10.822,40.503,10.211
16,7,1,41.361,10.830,40.503,10.219
17,7,1,41.361,10.822,40.503,10.211
18,7,1,41.361,10.830,40.503,10.219
19,7,1,41.361,10.822,40.503,10.211
20,7,1,41.361,10.830,40.503,10.219
21,7,1,41.509,10.830,40.449,10.133
22,7,1,41.416,10.791,40.526,10.172
23,7,1,41.416,10.791,40.526,10.172
24,7,1,41.416,10.791,40.526,10.172
25,7,1,41.416,10.791,40.526,10.172
26,7,1,41.400,10.791,40.511,10.172
27,7,1,41.385,10.791,40.495,10.172
28,7,1,41.517,10.768,40.441,10.140
29,7,1,41.432,10.760,40.511,10.141
30,7,1,41.432,10.760,40.511,10.141
31,7,1,41.432,10.760,40.511,10.141
32,7,1,41.432,10.760,40.511,10.141
33,7,1,41.432,10.760,40.511,10.141
34,7,1,41.432,10.744,40.511,10.125
35,7,1,41.548,10.737,40.426,10.148
36,7,1,41.455,10.744,40.503,10.133
37,7,1,41.455,10.736,40.503,10.125
38,7,1,41.440,10.729,40.488,10.117
39,7,1,41.439,10.736,40.488,10.125
40,7,1,41.424,10.713,40.472,10.102
41,7,1,41.424,10.721,40.472,10.109
42,7,1,41.502,10.713,40.457,10.148
43,7,1,41.455,10.729,40.496,10.125
44,7,1,41.447,10.729,40.488,10.125
45,7,1,41.424,10.713,40.465,10.109
46,7,1,41.416,10.713,40.457,10.109
47,7,1,41.409,10.697,40.449,10.094
48,7,1,41.401,10.697,40.441,10.094
49,7,1,41.440,10.674,40.294,10.116
50,7,1,41.354,10.689,40.379,10.093
51,7,1,41.347,10.682,40.372,10.086
52,7,1,41.323,10.674,40.348,10.078
53,7,1,41.316,10.681,40.340,10.085
54,7,1,41.292,10.674,40.317,10.078
55,7,1,41.284,10.681,40.309,10.085
56,7,1,41.261,10.673,40.286,10.077
57,7,1,41.253,10.681,40.278,10.085
58,7,1,41.215,10.673,40.239,10.077
59,7,1,41.207,10.681,40.232,10.085
60,7,1,41.168,10.673,40.193,10.077
61,7,1,41.145,10.681,40.169,10.085
62,7,1,41.121,10.673,40.146,10.077
63,7,1,41.098,10.681,40.123,10.085
64,7,1,41.059,10.688,40.084,10.092
65,7,1,41.036,10.696,40.060,10.100
66,7,1,40.997,10.688,40.022,10.092
67,7,1,40.958,10.696,39.983,10.100
68,7,1,40.919,10.703,39.944,10.107
69,7,1,40.896,10.711,39.920,10.115
70,7,1,40.857,10.703,39.882,10.107
71,7,1,40.834,10.711,39.858,10.115
72,7,1,40.795,10.703,39.819,10.107
73,7,1,40.771,10.710,39.796,10.114
74,7,1,40.748,10.703,39.773,10.107
75,7,1,40.725,10.710,39.749,10.114
76,7,1,40.686,10.702,39.710,10.106
77,7,1,40.663,10.726,39.664,10.114
78,7,1,40.647,10.718,39.671,10.122
79,7,1,40.624,10.710,39.648,10.114
80,7,1,40.585,10.702,39.609,10.106
81,7,1,40.546,10.710,39.570,10.113
82,7,1,40.507,10.702,39.532,10.106
83,7,1,40.453,10.709,39.477,10.113
84,7,1,40.383,10.709,39.399,10.160
85,7,1,40.375,10.725,39.399,10.136
86,7,1,40.336,10.724,39.360,10.136
87,7,1,40.282,10.724,39.306,10.136
88,7,1,40.243,10.724,39.267,10.136
89,7,1,40.188,10.724,39.212,10.135
90,7,1,40.149,10.724,39.173,10.135
91,7,1,40.149,10.731,39.065,10.111
92,7,1,40.095,10.716,39.119,10.127
93,7,1,40.056,10.716,39.080,10.127
94,7,1,40.017,10.715,39.041,10.127
95,7,1,39.994,10.715,39.018,10.127
96,7,1,39.955,10.715,38.979,10.127
97,7,1,39.932,10.715,38.956,10.127
98,7,1,39.830,10.746,38.676,10.079
99,7,1,39.745,10.707,38.761,10.118
100,7,1,39.699,10.706,38.714,10.118
101,7,1,39.667,10.706,38.683,10.118
102,7,1,39.621,10.706,38.636,10.117
103,7,1,39.590,10.706,38.605,10.117
104,7,1,39.543,10.706,38.559,10.117
105,7,1,39.480,10.760,38.278,10.100
106,7,1,39.379,10.721,38.387,10.132
107,7,1,39.341,10.721,38.348,10.132
108,7,1,39.317,10.720,38.325,10.132
109,7,1,39.263,10.720,38.270,10.132
110,7,1,39.239,10.705,38.247,10.116
111,7,1,39.201,10.689,38.208,10.100
112,7,1,39.200,10.790,38.209,10.022
113,7,1,39.193,10.704,38.200,10.108
114,7,1,39.169,10.697,38.177,10.100
115,7,1,39.131,10.704,38.138,10.108
116,7,1,39.092,10.696,38.099,10.100
117,7,1,39.068,10.688,38.076,10.092
118,7,1,39.014,10.680,38.022,10.084
119,7,1,38.975,10.672,37.983,10.076
120,7,1,38.921,10.664,37.928,10.068
121,7,1,38.882,10.672,37.889,10.075
122,7,1,38.827,10.664,37.835,10.067
123,7,1,38.788,10.656,37.796,10.059
124,7,1,38.734,10.648,37.741,10.051
125,7,1,38.695,10.656,37.702,10.059
126,7,1,38.640,10.648,37.648,10.051
127,7,1,38.602,10.640,37.609,10.043
128,7,1,38.563,10.632,37.570,10.035
129,7,1,38.524,10.639,37.531,10.043
130,7,1,38.485,10.631,37.492,10.035
131,7,1,38.446,10.639,37.453,10.042
132,7,1,38.407,10.631,37.414,10.034
133,7,1,38.384,10.639,37.391,10.042
134,7,1,38.329,10.646,37.336,10.050
135,7,1,38.306,10.639,37.313,10.042
136,7,1,38.251,10.631,37.258,10.034
137,7,1,38.212,10.638,37.219,10.041
138,7,1,38.173,10.630,37.180,10.033
139,7,1,38.134,10.638,37.141,10.041
140,7,1,38.080,10.630,37.087,10.033
141,7,1,38.041,10.638,37.048,10.041
142,7,1,38.002,10.630,37.009,10.033
143,7,1,37.963,10.637,36.970,10.040
144,7,1,37.908,10.645,36.915,10.048
145,7,1,37.869,10.653,36.876,10.056
146,7,1,37.830,10.645,36.837,10.048
147,7,1,38.024,10.809,36.861,9.985
148,7,1,37.939,10.700,36.938,10.095
149,7,1,37.908,10.699,36.907,10.095
150,7,1,37.877,10.699,36.876,10.095
151,7,1,37.846,10.699,36.845,10.094
152,7,1,37.799,10.699,36.798,10.094
153,7,1,37.752,10.683,36.751,10.079
154,7,1,37.737,10.683,36.736,10.078
155,7,1,37.690,10.683,36.689,10.078
156,7,1,37.659,10.667,36.658,10.063
157,7,1,37.612,10.667,36.611,10.062
158,7,1,37.565,10.667,36.564,10.062
159,7,1,37.534,10.651,36.533,10.046
160,7,1,37.487,10.651,36.486,10.046
161,7,1,37.441,10.651,36.439,10.046
162,7,1,37.410,10.651,36.408,10.046
163,7,1,37.378,10.635,36.377,10.030
164,7,1,37.347,10.635,36.346,10.030
165,7,1,37.301,10.635,36.299,10.030
166,7,1,37.254,10.635,36.252,10.030
167,7,1,37.238,10.634,36.237,10.030
168,7,1,37.183,10.681,36.112,9.974
169,7,1,37.145,10.626,36.143,10.021
170,7,1,37.113,10.626,36.112,10.021
171,7,1,37.082,10.626,36.081,10.021
172,7,1,37.051,10.626,36.049,10.021
173,7,1,37.004,10.626,36.003,10.021
174,7,1,36.989,10.626,35.987,10.021
175,7,1,36.942,10.626,35.940,10.021
176,7,1,36.911,10.625,35.909,10.020
177,7,1,36.864,10.625,35.862,10.020
178,7,1,36.817,10.625,35.815,10.020
179,7,1,36.786,10.625,35.784,10.020
180,7,1,36.755,10.625,35.753,10.020
181,7,1,36.724,10.625,35.722,10.020
182,7,1,36.591,10.655,35.581,10.066
183,7,1,36.591,10.655,35.589,10.058
184,7,1,36.560,10.647,35.558,10.050
185,7,1,36.528,10.640,35.526,10.042
186,7,1,36.497,10.647,35.495,10.050
187,7,1,36.466,10.624,35.464,10.026
188,7,1,36.435,10.631,35.433,10.034
189,7,1,36.349,10.662,35.371,9.979
190,7,1,36.357,10.615,35.363,10.018
191,7,1,36.334,10.608,35.339,10.010
192,7,1,36.310,10.600,35.316,10.002
193,7,1,36.271,10.592,35.277,9.994
194,7,1,36.248,10.584,35.254,9.986
195,7,1,36.209,10.576,35.215,9.978
196,7,1,36.233,10.513,35.169,9.807
197,7,1,36.194,10.459,35.200,9.861
198,7,1,36.171,10.451,35.176,9.853
199,7,1,36.132,10.443,35.137,9.845
200,7,1,36.109,10.435,35.114,9.838
201,7,1,36.070,10.427,35.075,9.830
202,7,1,36.046,10.419,35.052,9.822
203,7,1,35.968,10.434,35.021,9.775
204,7,1,35.984,10.403,34.997,9.806
205,7,1,35.953,10.395,34.966,9.798
206,7,1,35.937,10.387,34.950,9.790
207,7,1,35.891,10.395,34.904,9.798
208,7,1,35.891,10.387,34.904,9.790
209,7,1,35.859,10.395,34.872,9.797
210,7,1,35.648,10.433,34.833,9.782
211,7,1,35.734,10.402,34.755,9.805
212,7,1,35.711,10.394,34.732,9.797
213,7,1,35.672,10.402,34.693,9.804
214,7,1,35.648,10.410,34.669,9.812
215,7,1,35.609,10.402,34.630,9.804
216,7,1,35.586,10.409,34.607,9.812
217,7,1,35.469,10.448,34.693,9.812
218,7,1,35.562,10.425,34.599,9.828
219,7,1,35.539,10.433,34.575,9.835
220,7,1,35.515,10.440,34.552,9.843
221,7,1,35.476,10.432,34.513,9.835
222,7,1,35.453,10.440,34.489,9.843
223,7,1,35.430,10.432,34.466,9.835
224,7,1,35.210,10.502,34.505,9.780
225,7,1,35.336,10.440,34.388,9.842
226,7,1,35.312,10.447,34.364,9.850
227,7,1,35.289,10.455,34.341,9.858
228,7,1,35.266,10.447,34.317,9.850
229,7,1,35.242,10.455,34.294,9.857
230,7,1,35.219,10.447,34.270,9.850
231,7,1,35.132,10.564,34.122,9.833
232,7,1,35.101,10.493,34.153,9.896
233,7,1,35.078,10.501,34.129,9.904
234,7,1,35.054,10.493,34.106,9.896
235,7,1,35.000,10.501,34.051,9.903
236,7,1,34.976,10.509,34.027,9.911
237,7,1,34.937,10.516,33.988,9.919
238,7,1,34.898,10.524,33.949,9.926
239,7,1,34.859,10.532,33.910,9.934
240,7,1,34.820,10.539,33.871,9.942
241,7,1,34.780,10.547,33.832,9.949
242,7,1,34.741,10.555,33.793,9.957
243,7,1,34.702,10.562,33.753,9.965
244,7,1,34.679,10.570,33.730,9.972
245,7,1,34.561,10.585,33.824,9.926
246,7,1,34.663,10.554,33.722,9.957
247,7,1,34.632,10.562,33.691,9.964
248,7,1,34.601,10.570,33.660,9.972
249,7,1,34.569,10.593,33.628,9.995
250,7,1,34.569,10.569,33.628,9.972
251,7,1,34.538,10.562,33.597,9.964
252,7,1,34.529,10.757,33.464,10.010
253,7,1,34.467,10.678,33.526,10.081
254,7,1,34.436,10.686,33.494,10.089
255,7,1,34.404,10.694,33.463,10.096
256,7,1,34.373,10.717,33.432,10.120
257,7,1,34.341,10.725,33.400,10.127
258,7,1,34.294,10.732,33.353,10.135
259,7,1,34.129,10.888,33.378,9.979
260,7,1,34.216,10.732,33.283,10.135
261,7,1,34.177,10.740,33.244,10.142
262,7,1,34.154,10.748,33.220,10.150
263,7,1,34.115,10.740,33.181,10.142
264,7,1,34.091,10.747,33.157,10.150
265,7,1,34.052,10.739,33.118,10.142
266,7,1,33.840,10.903,33.197,10.134
267,7,1,33.981,10.809,33.063,10.212
268,7,1,33.958,10.817,33.040,10.220
269,7,1,33.918,10.825,33.000,10.227
270,7,1,33.879,10.832,32.961,10.235
271,7,1,33.840,10.840,32.922,10.243
272,7,1,33.817,10.832,32.899,10.235
273,7,1,33.762,10.856,32.844,10.258
274,7,1,33.723,10.863,32.804,10.266
275,7,1,33.683,10.871,32.765,10.273
276,7,1,33.644,10.879,32.726,10.281
277,7,1,33.605,10.902,32.687,10.304
278,7,1,33.566,10.909,32.647,10.312
279,7,1,33.527,10.917,32.608,10.319
280,7,1,33.385,11.042,32.741,10.328
281,7,1,33.511,10.980,32.608,10.382
282,7,1,33.487,10.987,32.584,10.390
283,7,1,33.463,11.011,32.561,10.413
284,7,1,33.424,11.034,32.521,10.436
285,7,1,33.400,11.057,32.498,10.460
286,7,1,33.345,11.128,32.442,10.530
287,7,1,33.150,11.088,32.255,10.490
289,7,1,33.142,11.080,32.247,10.482
290,7,1,33.110,11.103,32.215,10.506
291,7,1,33.079,11.111,32.184,10.513
292,7,1,33.048,11.119,32.152,10.521
293,7,1,33.016,11.126,32.121,10.529
294,7,1,32.860,11.165,31.989,10.348
295,7,1,32.868,11.055,31.981,10.458
296,7,1,32.829,11.063,31.941,10.465
297,7,1,32.790,11.086,31.902,10.489
298,7,1,32.766,11.079,31.879,10.481
299,7,1,32.711,11.086,31.824,10.488
300,7,1,32.680,11.094,31.792,10.496
302,7,1,32.672,11.086,31.785,10.488
303,7,1,32.649,11.094,31.761,10.496
304,7,1,32.625,11.101,31.737,10.504
305,7,1,32.586,11.094,31.698,10.496
306,7,1,32.563,11.101,31.675,10.503
307,7,1,32.524,11.093,31.636,10.495
308,7,1,32.500,11.101,31.612,10.503
309,7,1,32.461,11.093,31.573,10.495
310,7,1,32.422,11.085,31.534,10.487
311,7,1,32.367,11.093,31.479,10.495
312,7,1,32.328,11.100,31.440,10.503
313,7,1,32.257,11.092,31.369,10.494
314,7,1,32.218,11.100,31.330,10.502
315,7,1,32.163,11.092,31.275,10.494
316,7,1,32.124,11.115,31.236,10.517
317,7,1,32.085,11.107,31.197,10.509
318,7,1,32.046,11.115,31.158,10.517
319,7,1,31.991,11.123,31.103,10.525
320,7,1,31.936,11.115,31.048,10.517
321,7,1,31.881,11.107,30.993,10.509
322,7,1,31.858,11.099,30.970,10.501
341,7,1,30.635,11.157,30.106,10.638
342,7,1,30.650,11.173,30.098,10.630
343,7,1,30.570,11.352,29.870,10.692
344,7,1,30.562,11.344,29.878,10.692
345,7,1,30.523,11.344,29.838,10.692
346,7,1,30.484,11.344,29.799,10.692
347,7,1,30.445,11.344,29.760,10.692
348,7,1,30.406,11.328,29.721,10.676
349,7,1,30.351,11.312,29.666,10.660
350,7,1,30.563,11.266,29.392,10.588
351,7,1,30.390,11.258,29.557,10.605
352,7,1,30.343,11.258,29.510,10.605
353,7,1,30.296,11.242,29.463,10.589
354,7,1,30.265,11.242,29.431,10.589
355,7,1,30.202,11.226,29.369,10.573
356,7,1,30.155,11.226,29.321,10.573
357,7,1,30.234,11.187,29.314,10.580
358,7,1,30.195,11.202,29.337,10.565
359,7,1,30.156,11.202,29.298,10.565
360,7,1,30.101,11.202,29.243,10.564
361,7,1,30.061,11.202,29.204,10.564
362,7,1,30.022,11.217,29.164,10.580
363,7,1,29.983,11.201,29.125,10.564
364,7,1,29.819,11.154,28.859,10.516
365,7,1,29.779,11.154,28.898,10.516
366,7,1,29.732,11.154,28.851,10.516
367,7,1,29.685,11.153,28.804,10.516
368,7,1,29.638,11.153,28.757,10.516
369,7,1,29.591,11.153,28.709,10.515
370,7,1,29.544,11.169,28.662,10.531
371,7,1,29.662,11.138,28.497,10.530
372,7,1,29.544,11.145,28.615,10.515
373,7,1,29.497,11.137,28.568,10.507
374,7,1,29.466,11.129,28.537,10.499
375,7,1,29.434,11.137,28.505,10.507
376,7,1,29.403,11.129,28.474,10.499
377,7,1,29.356,11.137,28.427,10.506
378,7,1,29.041,11.237,28.316,10.561
379,7,1,29.127,11.214,28.237,10.584
380,7,1,29.088,11.222,28.198,10.592
381,7,1,29.049,11.214,28.159,10.584
382,7,1,29.009,11.206,28.120,10.576
383,7,1,28.970,11.213,28.080,10.583
384,7,1,28.915,11.205,28.025,10.575
385,7,1,28.868,11.205,27.846,10.465
386,7,1,28.806,11.158,27.900,10.520
387,7,1,28.751,11.142,27.845,10.504
388,7,1,28.712,11.126,27.806,10.488
389,7,1,28.657,11.126,27.751,10.488
390,7,1,28.602,11.126,27.696,10.488
391,7,1,28.547,11.126,27.641,10.488
392,7,1,28.469,11.078,27.633,10.472
393,7,1,28.500,11.086,27.602,10.456
394,7,1,28.453,11.078,27.555,10.448
395,7,1,28.421,11.086,27.523,10.456
396,7,1,28.374,11.078,27.476,10.448
397,7,1,28.327,11.086,27.429,10.455
398,7,1,28.296,11.093,27.397,10.463
399,7,1,28.169,11.132,27.225,10.353
400,7,1,28.147,11.062,27.248,10.423
401,7,1,28.099,11.061,27.201,10.423
402,7,1,28.084,11.061,27.185,10.423
403,7,1,28.021,11.061,27.122,10.423
404,7,1,27.974,11.061,27.075,10.423
405,7,1,27.942,11.045,27.044,10.407
406,7,1,28.249,11.038,27.044,10.376
407,7,1,28.100,11.022,27.186,10.384
408,7,1,28.037,11.022,27.123,10.384
409,7,1,27.990,11.022,27.076,10.384
410,7,1,27.958,11.022,27.044,10.383
411,7,1,27.943,11.006,27.029,10.368
412,7,1,27.911,11.006,26.997,10.368
413,7,1,27.864,11.021,26.950,10.383
414,7,1,27.801,11.053,26.887,10.414
415,7,1,27.769,11.052,26.855,10.414
416,7,1,27.738,11.052,26.824,10.414
417,7,1,27.722,11.068,26.808,10.430
418,7,1,27.691,11.068,26.776,10.429
419,7,1,27.659,11.068,26.745,10.429
420,7,1,27.478,11.067,26.367,10.389
421,7,1,27.392,11.043,26.470,10.405
422,7,1,27.353,11.027,26.430,10.389
423,7,1,27.282,11.043,26.359,10.404
424,7,1,27.243,11.027,26.320,10.388
425,7,1,27.188,11.027,26.265,10.388
426,7,1,27.148,11.042,26.226,10.404
427,7,1,26.991,11.002,26.202,10.427
428,7,1,27.054,11.026,26.147,10.396
429,7,1,27.015,11.018,26.108,10.388
430,7,1,26.975,11.010,26.068,10.380
431,7,1,26.936,11.018,26.029,10.387
432,7,1,26.881,11.010,25.974,10.379
433,7,1,26.841,11.018,25.934,10.387
434,7,1,26.834,10.978,25.714,10.378
435,7,1,26.732,10.986,25.817,10.363
436,7,1,26.716,10.986,25.801,10.363
437,7,1,26.653,10.970,25.738,10.347
438,7,1,26.621,10.985,25.706,10.362
439,7,1,26.582,10.970,25.667,10.347
440,7,1,26.527,10.985,25.612,10.362
441,7,1,26.574,10.977,25.517,10.393
442,7,1,26.519,10.985,25.596,10.370
443,7,1,26.448,10.985,25.525,10.370
444,7,1,26.409,10.993,25.486,10.377
445,7,1,26.378,10.977,25.454,10.361
446,7,1,26.330,10.992,25.407,10.377
447,7,1,26.291,10.984,25.368,10.369
448,7,1,26.031,10.968,25.305,10.337
449,7,1,26.134,10.960,25.226,10.345
450,7,1,26.094,10.952,25.187,10.337
451,7,1,26.079,10.952,25.179,10.337
452,7,1,26.031,10.952,25.131,10.337
453,7,1,25.992,10.960,25.092,10.344
454,7,1,25.945,10.952,25.045,10.336
455,7,1,25.961,10.881,24.919,10.297
456,7,1,25.890,10.896,24.990,10.289
457,7,1,25.859,10.873,24.959,10.265
458,7,1,25.812,10.880,24.911,10.273
459,7,1,25.764,10.865,24.864,10.257
460,7,1,25.733,10.849,24.841,10.241
461,7,1,25.686,10.849,24.794,10.241
462,7,1,25.694,10.770,24.770,10.265
463,7,1,25.663,10.817,24.770,10.218
464,7,1,25.631,10.825,24.739,10.225
465,7,1,25.608,10.801,24.715,10.202
466,7,1,25.568,10.793,24.676,10.194
467,7,1,25.545,10.770,24.652,10.170
468,7,1,25.506,10.762,24.613,10.162
469,7,1,25.277,10.800,24.432,10.114
470,7,1,25.301,10.753,24.416,10.153
471,7,1,25.269,10.745,24.385,10.145
472,7,1,25.238,10.737,24.353,10.137
473,7,1,25.206,10.745,24.321,10.145
474,7,1,25.191,10.737,24.306,10.137
475,7,1,25.159,10.729,24.274,10.129
476,7,1,25.332,10.777,24.187,10.145
477,7,1,25.198,10.753,24.306,10.153
478,7,1,25.167,10.745,24.274,10.145
479,7,1,25.135,10.737,24.243,10.137
480,7,1,25.080,10.744,24.187,10.145
481,7,1,25.057,10.736,24.164,10.137
482,7,1,25.002,10.728,24.109,10.129
483,7,1,24.978,10.720,24.085,10.121
484,7,1,24.938,10.728,24.046,10.128
485,7,1,24.915,10.720,24.022,10.120
486,7,1,24.875,10.728,23.983,10.128
487,7,1,24.852,10.736,23.959,10.136
488,7,1,24.812,10.743,23.919,10.143
489,7,1,24.789,10.735,23.896,10.136
490,7,1,24.694,10.751,23.747,10.064
491,7,1,24.671,10.704,23.778,10.104
492,7,1,24.647,10.696,23.754,10.096
493,7,1,24.608,10.688,23.715,10.088
88,8,2,31.785,17.804,31.132,16.227
89,8,2,31.638,17.545,31.271,16.486
90,8,2,31.647,17.482,31.279,16.423
91,8,2,31.671,17.404,31.303,16.345
92,8,2,31.679,17.341,31.312,16.282
93,8,2,31.688,17.278,31.320,16.219
94,8,2,31.696,17.200,31.329,16.141
95,8,2,31.705,17.137,31.337,16.078
96,8,2,31.729,17.074,31.361,16.016
97,8,2,31.737,16.996,31.370,15.937
98,8,2,31.753,16.933,31.386,15.874
99,8,2,31.770,16.855,31.402,15.796
100,8,2,31.778,16.792,31.411,15.733
101,8,2,31.802,16.714,31.435,15.655
102,8,2,31.811,16.651,31.443,15.592
103,8,2,31.835,16.588,31.467,15.530
104,8,2,31.843,16.510,31.476,15.451
105,8,2,31.867,16.432,31.500,15.373
106,8,2,31.876,16.369,31.508,15.310
107,8,2,31.900,16.291,31.533,15.232
108,8,2,31.908,16.228,31.541,15.169
109,8,2,31.933,16.150,31.565,15.091
110,8,2,31.941,16.071,31.574,15.013
111,8,2,31.965,16.009,31.598,14.950
112,8,2,31.974,15.930,31.606,14.872
113,8,2,31.982,15.852,31.615,14.793
114,8,2,31.991,15.774,31.623,14.715
115,8,2,31.999,15.695,31.632,14.637
116,8,2,32.008,15.617,31.640,14.558
117,8,2,32.016,15.538,31.649,14.480
118,8,2,32.025,15.476,31.657,14.417
119,8,2,32.033,15.397,31.666,14.339
120,8,2,32.042,15.319,31.674,14.261
121,8,2,32.066,15.256,31.698,14.198
122,8,2,32.074,15.178,31.707,14.120
123,8,2,32.083,15.100,31.715,14.042
124,8,2,32.091,15.022,31.724,13.963
125,8,2,32.115,14.943,31.748,13.885
126,8,2,32.124,14.865,31.756,13.807
127,8,2,32.132,14.787,31.765,13.728
128,8,2,32.141,14.708,31.773,13.650
129,8,2,32.149,14.630,31.782,13.572
130,8,2,32.158,14.552,31.790,13.494
131,8,2,32.166,14.489,31.799,13.431
132,8,2,32.175,14.411,31.807,13.353
133,8,2,32.183,14.332,31.816,13.274
134,8,2,32.192,14.254,31.824,13.196
135,8,2,32.200,14.176,31.833,13.118
136,8,2,32.193,14.097,31.826,13.039
137,8,2,32.201,14.019,31.834,12.961
138,8,2,32.210,13.941,31.843,12.883
139,8,2,32.218,13.863,31.851,12.805
140,8,2,32.227,13.784,31.860,12.726
141,8,2,32.235,13.722,31.868,12.664
142,8,2,32.228,13.643,31.861,12.586
143,8,2,32.237,13.565,31.869,12.507
144,8,2,32.229,13.487,31.862,12.429
145,8,2,32.238,13.424,31.871,12.366
146,8,2,32.246,13.346,31.879,12.288
147,8,2,32.255,13.283,31.887,12.226
148,8,2,32.247,13.205,31.880,12.147
149,8,2,32.256,13.142,31.889,12.085
150,8,2,32.249,13.064,31.881,12.006
151,8,2,32.257,13.002,31.890,11.944
152,8,2,32.250,12.923,31.883,11.866
153,8,2,32.258,12.861,31.891,11.803
154,8,2,32.482,13.237,31.635,11.552
155,8,2,32.265,12.947,31.844,11.818
156,8,2,32.266,12.876,31.844,11.748
157,8,2,32.266,12.822,31.845,11.693
158,8,2,32.267,12.751,31.846,11.623
159,8,2,32.267,12.681,31.846,11.552
160,8,2,32.268,12.610,31.847,11.482
161,8,2,32.269,12.540,31.847,11.412
162,8,2,32.269,12.469,31.848,11.341
163,8,2,32.270,12.399,31.848,11.271
164,8,2,32.270,12.328,31.849,11.200
165,8,2,32.271,12.258,31.850,11.130
166,8,2,32.272,12.188,31.850,11.060
167,8,2,32.272,12.117,31.851,10.989
168,8,2,32.273,12.047,31.851,10.919
169,8,2,32.273,11.992,31.852,10.864
170,8,2,32.274,11.922,31.853,10.794
171,8,2,32.290,11.867,31.869,10.739
172,8,2,32.291,11.796,31.869,10.668
173,8,2,32.291,11.726,31.870,10.598
174,8,2,32.292,11.656,31.870,10.528
175,8,2,32.292,11.601,31.871,10.473
176,8,2,32.293,11.515,31.872,10.387
177,8,2,32.293,11.460,31.872,10.332
178,8,2,32.310,11.374,31.889,10.246
179,8,2,32.310,11.319,31.889,10.191
180,8,2,32.311,11.249,31.890,10.121
181,8,2,32.311,11.179,31.890,10.051
182,8,2,32.312,11.108,31.891,9.980
183,8,2,32.312,11.053,31.891,9.926
184,8,2,32.313,10.967,31.892,9.840
185,8,2,32.314,10.913,31.892,9.785
186,8,2,32.314,10.842,31.893,9.714
187,8,2,32.315,10.772,31.894,9.644
188,8,2,32.315,10.701,31.894,9.574
189,8,2,32.316,10.647,31.895,9.519
190,8,2,32.317,10.561,31.895,9.433
191,8,2,32.317,10.490,31.896,9.363
192,8,2,32.318,10.420,31.897,9.292
193,8,2,32.318,10.350,31.897,9.222
194,8,2,32.335,10.279,31.913,9.152
195,8,2,32.335,10.209,31.914,9.081
196,8,2,32.336,10.139,31.915,9.011
197,8,2,32.352,10.053,31.931,8.925
198,8,2,32.353,9.967,31.932,8.839
199,8,2,32.353,9.896,31.932,8.769
200,8,2,32.370,9.795,31.949,8.667
201,8,2,32.371,9.724,31.949,8.597
202,8,2,32.371,9.623,31.950,8.495
203,8,2,32.494,9.912,31.837,8.057
204,8,2,32.380,9.568,31.943,8.394
205,8,2,32.380,9.482,31.944,8.308
206,8,2,32.397,9.380,31.961,8.206
207,8,2,32.398,9.295,31.961,8.120
208,8,2,32.399,9.193,31.962,8.019
209,8,2,32.415,9.107,31.979,7.933
210,8,2,32.416,9.005,31.979,7.831
211,8,2,32.432,8.920,31.996,7.745
212,8,2,32.433,8.818,31.997,7.644
213,8,2,32.434,8.732,31.997,7.558
214,8,2,32.435,8.615,31.998,7.441
215,8,2,32.435,8.529,31.999,7.355
216,8,2,32.436,8.427,32.000,7.253
217,8,2,32.669,8.671,31.933,6.800
218,8,2,32.531,8.350,32.072,7.113
219,8,2,32.539,8.264,32.080,7.027
220,8,2,32.548,8.178,32.089,6.941
221,8,2,32.541,8.092,32.082,6.855
222,8,2,32.549,7.990,32.090,6.754
223,8,2,32.542,7.904,32.083,6.668
224,8,2,32.651,8.014,31.907,6.183
225,8,2,32.520,7.740,32.038,6.457
226,8,2,32.521,7.654,32.039,6.371
227,8,2,32.522,7.584,32.039,6.301
228,8,2,32.522,7.482,32.040,6.199
229,8,2,32.523,7.397,32.041,6.113
230,8,2,32.539,7.311,32.057,6.027
231,8,2,32.648,7.428,31.944,5.582
232,8,2,32.541,7.170,32.043,5.848
233,8,2,32.541,7.092,32.044,5.770
234,8,2,32.558,6.998,32.060,5.676
235,8,2,32.574,6.905,32.077,5.583
236,8,2,32.591,6.811,32.093,5.489
237,8,2,32.607,6.718,32.110,5.395
238,8,2,32.802,6.828,31.933,4.957
239,8,2,32.624,6.569,32.103,5.216
240,8,2,32.632,6.491,32.112,5.138
241,8,2,32.657,6.398,32.136,5.044
242,8,2,32.681,6.320,32.160,4.966
243,8,2,32.705,6.242,32.184,4.889
244,8,2,32.729,6.164,32.208,4.811
245,8,2,32.869,6.219,32.055,4.466
246,8,2,32.730,6.031,32.194,4.654
247,8,2,32.754,5.961,32.218,4.584
248,8,2,32.794,5.876,32.258,4.499
249,8,2,32.802,5.805,32.266,4.429
250,8,2,32.842,5.735,32.306,4.359
251,8,2,32.866,5.665,32.330,4.289
252,8,2,32.890,5.580,32.354,4.203
253,8,2,32.914,5.510,32.378,4.133
254,8,2,32.938,5.424,32.403,4.047
255,8,2,32.962,5.369,32.426,3.993
256,8,2,33.002,5.284,32.466,3.907
257,8,2,33.026,5.229,32.490,3.853
258,8,2,33.066,5.144,32.530,3.767
259,8,2,33.090,5.074,32.554,3.697
260,8,2,33.114,5.004,32.578,3.627
261,8,2,33.138,4.949,32.602,3.573
262,8,2,33.177,4.879,32.642,3.503
263,8,2,33.201,4.809,32.666,3.433
264,8,2,33.225,4.739,32.690,3.363
265,8,2,33.249,4.669,32.714,3.293
266,8,2,33.273,4.599,32.738,3.223
267,8,2,33.297,4.545,32.762,3.169
268,8,2,33.337,4.475,32.801,3.099
269,8,2,33.361,4.405,32.825,3.029
270,8,2,33.385,4.335,32.849,2.959
271,8,2,33.409,4.280,32.873,2.904
272,8,2,33.433,4.210,32.897,2.834
273,8,2,33.457,4.156,32.921,2.780
274,8,2,33.481,4.086,32.945,2.710
275,8,2,33.489,4.031,32.954,2.655
276,8,2,33.529,3.961,32.993,2.586
277,8,2,33.553,3.891,33.017,2.516
278,8,2,33.577,3.837,33.041,2.461
279,8,2,33.601,3.783,33.065,2.407
280,8,2,33.625,3.713,33.089,2.337
281,8,2,33.648,3.658,33.113,2.283
282,8,2,33.672,3.604,33.137,2.228
283,8,2,33.696,3.549,33.161,2.174
284,8,2,33.720,3.479,33.185,2.104
285,8,2,33.744,3.425,33.209,2.050
286,8,2,33.768,3.355,33.233,1.980
287,8,2,33.776,3.316,33.241,1.941
288,8,2,33.816,3.246,33.280,1.871
289,8,2,33.824,3.192,33.289,1.816
290,8,2,33.863,3.138,33.328,1.762
291,8,2,33.872,3.083,33.336,1.708
292,8,2,33.896,3.036,33.360,1.661
293,8,2,33.919,3.005,33.384,1.630
294,8,2,33.943,2.974,33.407,1.607
27,11,2,30.903,18.188,30.266,17.418
28,11,2,30.955,18.533,30.277,17.042
29,11,2,30.947,18.517,30.277,17.049
30,11,2,30.932,18.502,30.261,17.034
31,11,2,30.932,18.486,30.261,17.018
32,11,2,30.916,18.455,30.246,16.987
33,11,2,30.917,18.439,30.246,16.971
34,11,2,30.901,18.407,30.231,16.940
35,11,2,31.010,18.565,30.090,16.853
36,11,2,30.940,18.494,30.160,16.916
37,11,2,30.940,18.478,30.160,16.900
38,11,2,30.924,18.447,30.145,16.869
39,11,2,30.925,18.415,30.145,16.837
40,11,2,30.909,18.384,30.130,16.806
41,11,2,30.909,18.353,30.130,16.775
42,11,2,30.980,18.392,30.123,16.720
43,11,2,30.949,18.353,30.154,16.751
44,11,2,30.949,18.329,30.154,16.728
45,11,2,30.949,18.290,30.154,16.688
46,11,2,30.934,18.251,30.139,16.649
47,11,2,30.934,18.227,30.139,16.626
48,11,2,30.934,18.188,30.140,16.586
49,11,2,30.967,18.101,30.062,16.461
50,11,2,30.920,18.086,30.109,16.484
51,11,2,30.920,18.047,30.109,16.445
52,11,2,30.920,18.023,30.110,16.422
53,11,2,30.920,17.984,30.110,16.382
54,11,2,30.921,17.960,30.110,16.359
55,11,2,30.921,17.905,30.111,16.304
56,11,2,30.936,18.007,30.106,15.998
57,11,2,30.922,17.842,30.112,16.171
58,11,2,30.922,17.811,30.112,16.139
59,11,2,30.922,17.780,30.112,16.108
60,11,2,30.923,17.748,30.113,16.076
61,11,2,30.923,17.701,30.113,16.029
62,11,2,30.923,17.686,30.113,16.014
63,11,2,30.969,17.819,30.122,15.857
64,11,2,30.947,17.693,30.137,15.982
65,11,2,30.947,17.654,30.137,15.943
66,11,2,30.947,17.615,30.138,15.904
67,11,2,30.947,17.591,30.138,15.880
68,11,2,30.948,17.552,30.138,15.841
69,11,2,30.948,17.529,30.139,15.818
70,11,2,30.924,17.529,30.226,15.747
71,11,2,30.972,17.497,30.178,15.778
72,11,2,30.972,17.466,30.178,15.747
73,11,2,30.972,17.435,30.179,15.716
74,11,2,30.973,17.403,30.179,15.684
75,11,2,30.973,17.356,30.179,15.637
76,11,2,30.973,17.325,30.180,15.606
77,11,2,30.878,17.458,30.260,15.379
78,11,2,30.950,17.293,30.180,15.535
79,11,2,30.958,17.254,30.188,15.496
80,11,2,30.966,17.215,30.197,15.457
81,11,2,30.959,17.176,30.189,15.418
82,11,2,30.967,17.136,30.197,15.379
83,11,2,30.975,17.097,30.206,15.339
84,11,2,30.984,17.027,30.090,15.057
85,11,2,30.922,16.932,30.144,15.159
86,11,2,30.922,16.878,30.145,15.104
87,11,2,30.923,16.838,30.145,15.065
88,11,2,30.939,16.783,30.161,15.010
89,11,2,30.939,16.729,30.162,14.955
90,11,2,30.940,16.674,30.162,14.900
91,11,2,30.980,16.564,30.124,14.814
92,11,2,30.941,16.572,30.163,14.806
93,11,2,30.941,16.525,30.164,14.759
94,11,2,30.941,16.478,30.164,14.712
95,11,2,30.942,16.399,30.165,14.634
96,11,2,30.942,16.368,30.165,14.602
97,11,2,30.943,16.305,30.165,14.540
98,11,2,30.975,16.164,30.167,14.375
99,11,2,30.960,16.148,30.183,14.383
100,11,2,30.960,16.101,30.183,14.336
101,11,2,30.961,16.023,30.184,14.257
102,11,2,30.961,15.991,30.184,14.226
103,11,2,30.962,15.929,30.184,14.163
104,11,2,30.962,15.882,30.185,14.116
105,11,2,30.969,15.976,30.154,14.054
106,11,2,30.946,15.897,30.169,14.124
107,11,2,30.947,15.842,30.170,14.069
108,11,2,30.947,15.788,30.170,14.014
109,11,2,30.948,15.733,30.171,13.960
110,11,2,30.948,15.678,30.171,13.905
111,11,2,30.933,15.623,30.156,13.850
112,11,2,30.950,15.505,30.181,13.701
113,11,2,30.950,15.490,30.181,13.717
114,11,2,30.943,15.435,30.173,13.662
115,11,2,30.951,15.380,30.182,13.607
116,11,2,30.944,15.309,30.174,13.536
117,11,2,30.936,15.254,30.167,13.481
118,11,2,30.929,15.184,30.160,13.411
119,11,2,30.975,15.333,30.138,13.184
120,11,2,30.937,15.153,30.168,13.364
121,11,2,30.930,15.098,30.161,13.309
122,11,2,30.938,15.035,30.169,13.246
123,11,2,30.931,14.972,30.162,13.184
124,11,2,30.939,14.917,30.170,13.129
125,11,2,30.932,14.847,30.163,13.058
126,11,2,30.909,14.815,30.149,12.878
127,11,2,30.909,14.745,30.148,12.949
128,11,2,30.910,14.706,30.148,12.909
129,11,2,30.910,14.635,30.149,12.839
130,11,2,30.895,14.572,30.134,12.776
131,11,2,30.911,14.510,30.150,12.714
132,11,2,30.896,14.447,30.135,12.651
133,11,2,30.833,14.478,29.987,12.494
134,11,2,30.795,14.400,30.033,12.596
135,11,2,30.795,14.329,30.034,12.525
136,11,2,30.780,14.274,30.019,12.470
137,11,2,30.780,14.227,30.019,12.423
138,11,2,30.781,14.149,30.020,12.345
139,11,2,30.766,14.094,30.005,12.290
140,11,2,30.799,13.922,30.101,12.063
141,11,2,30.823,13.891,30.069,12.087
142,11,2,30.815,13.836,30.062,12.032
143,11,2,30.808,13.804,30.054,12.008
144,11,2,30.801,13.710,30.047,11.914
145,11,2,30.793,13.655,30.040,11.859
146,11,2,30.786,13.577,30.033,11.781
147,11,2,30.803,13.467,30.034,11.687
148,11,2,30.787,13.475,30.034,11.687
149,11,2,30.780,13.413,30.026,11.624
150,11,2,30.772,13.381,30.019,11.593
151,11,2,30.765,13.311,30.012,11.523
152,11,2,30.757,13.256,30.004,11.468
153,11,2,30.735,13.185,29.981,11.397
154,11,2,30.664,13.146,29.849,11.311
155,11,2,30.633,13.114,29.880,11.326
156,11,2,30.626,13.067,29.872,11.279
157,11,2,30.618,13.013,29.865,11.225
158,11,2,30.595,12.958,29.842,11.170
159,11,2,30.588,12.903,29.835,11.115
160,11,2,30.580,12.864,29.827,11.076
161,11,2,30.558,12.738,29.797,10.966
162,11,2,30.550,12.746,29.797,10.966
163,11,2,30.543,12.699,29.789,10.919
164,11,2,30.519,12.668,29.766,10.887
165,11,2,30.528,12.621,29.774,10.840
166,11,2,30.504,12.589,29.751,10.809
167,11,2,30.497,12.542,29.744,10.762
168,11,2,30.428,12.346,29.667,10.590
169,11,2,30.420,12.354,29.667,10.582
170,11,2,30.413,12.323,29.659,10.550
171,11,2,30.405,12.307,29.651,10.535
172,11,2,30.397,12.268,29.644,10.495
173,11,2,30.390,12.244,29.636,10.472
174,11,2,30.382,12.205,29.629,10.433
175,11,2,30.398,12.150,29.582,10.417
176,11,2,30.367,12.166,29.613,10.401
177,11,2,30.359,12.135,29.606,10.370
178,11,2,30.352,12.119,29.598,10.354
179,11,2,30.344,12.072,29.591,10.307
180,11,2,30.336,12.072,29.583,10.307
181,11,2,30.329,12.041,29.575,10.276
182,11,2,30.440,11.908,29.583,10.307
183,11,2,30.384,11.986,29.631,10.229
184,11,2,30.376,11.962,29.623,10.206
185,11,2,30.353,11.939,29.600,10.182
186,11,2,30.345,11.915,29.592,10.159
187,11,2,30.322,11.892,29.569,10.135
188,11,2,30.299,11.852,29.545,10.096
189,11,2,30.347,11.790,29.325,10.181
190,11,2,30.213,11.860,29.451,10.111
191,11,2,30.197,11.829,29.436,10.080
192,11,2,30.197,11.813,29.436,10.064
193,11,2,30.182,11.766,29.421,10.017
194,11,2,30.151,11.750,29.389,10.001
195,11,2,30.135,11.719,29.374,9.970
196,11,2,30.145,11.531,29.263,10.087
197,11,2,30.081,11.672,29.319,9.938
198,11,2,30.065,11.640,29.304,9.907
199,11,2,30.050,11.625,29.288,9.891
200,11,2,30.034,11.593,29.273,9.860
201,11,2,30.019,11.562,29.257,9.828
202,11,2,30.003,11.546,29.242,9.813
203,11,2,30.131,11.351,29.131,9.875
204,11,2,30.012,11.476,29.250,9.758
205,11,2,29.996,11.460,29.235,9.742
206,11,2,29.981,11.429,29.219,9.711
207,11,2,29.981,11.413,29.219,9.695
208,11,2,29.966,11.397,29.204,9.680
209,11,2,29.950,11.381,29.188,9.664
210,11,2,29.935,11.280,29.046,9.781
211,11,2,29.872,11.381,29.110,9.671
212,11,2,29.872,11.373,29.110,9.663
213,11,2,29.856,11.365,29.094,9.656
214,11,2,29.856,11.342,29.094,9.632
215,11,2,29.856,11.350,29.094,9.640
216,11,2,29.841,11.326,29.079,9.616
217,11,2,29.897,11.193,29.031,9.710
218,11,2,29.841,11.303,29.079,9.601
219,11,2,29.841,11.303,29.079,9.601
220,11,2,29.825,11.287,29.063,9.585
221,11,2,29.825,11.303,29.063,9.601
222,11,2,29.825,11.287,29.063,9.585
223,11,2,29.825,11.303,29.063,9.601
224,11,2,29.889,11.146,28.975,9.780
225,11,2,29.809,11.303,29.047,9.616
226,11,2,29.809,11.303,29.047,9.616
227,11,2,29.809,11.303,29.047,9.616
228,11,2,29.809,11.303,29.047,9.616
229,11,2,29.809,11.303,29.047,9.616
230,11,2,29.809,11.303,29.047,9.616
231,11,2,29.905,11.193,28.982,9.882
232,11,2,29.825,11.373,29.062,9.702
233,11,2,29.825,11.373,29.062,9.702
234,11,2,29.825,11.373,29.062,9.702
235,11,2,29.809,11.373,29.047,9.702
236,11,2,29.793,11.373,29.031,9.702
237,11,2,29.809,11.389,29.046,9.718
238,11,2,29.881,11.193,28.983,9.765
239,11,2,29.809,11.310,29.047,9.648
240,11,2,29.809,11.318,29.047,9.655
241,11,2,29.809,11.326,29.047,9.663
242,11,2,29.794,11.318,29.031,9.655
243,11,2,29.809,11.326,29.047,9.663
244,11,2,29.793,11.334,29.031,9.671
245,11,2,29.873,11.225,28.953,9.678
246,11,2,29.794,11.279,29.032,9.624
247,11,2,29.794,11.279,29.032,9.624
248,11,2,29.778,11.279,29.016,9.624
249,11,2,29.763,11.279,29.000,9.624
250,11,2,29.763,11.279,29.000,9.624
251,11,2,29.763,11.279,29.000,9.624
252,11,2,29.912,11.248,28.884,9.490
253,11,2,29.779,11.193,29.017,9.538
254,11,2,29.716,11.193,29.080,9.538
255,11,2,29.716,11.193,29.080,9.538
256,11,2,29.100,10.783,28.630,9.716
257,11,2,29.709,11.169,29.072,9.515
258,11,2,29.709,11.153,29.072,9.499
259,11,2,29.874,11.131,28.842,9.725
260,11,2,29.701,11.161,29.064,9.507
261,11,2,29.701,11.146,29.064,9.491
262,11,2,29.701,11.130,29.064,9.475
263,11,2,29.701,11.114,29.065,9.460
264,11,2,29.702,11.083,29.065,9.428
265,11,2,29.702,11.067,29.065,9.413
266,11,2,29.763,11.177,28.853,9.357
267,11,2,29.631,11.091,28.994,9.436
268,11,2,29.615,11.059,28.979,9.405
269,11,2,29.616,11.012,28.979,9.358
270,11,2,29.601,10.965,28.964,9.311
271,11,2,29.601,10.918,28.964,9.264
272,11,2,29.586,10.855,28.949,9.201
273,11,2,29.610,10.824,28.706,9.114
274,11,2,29.476,10.792,28.840,9.138
275,11,2,29.461,10.730,28.825,9.075
276,11,2,29.446,10.683,28.809,9.028
277,11,2,29.415,10.636,28.778,8.981
278,11,2,29.400,10.557,28.763,8.903
279,11,2,29.369,10.510,28.732,8.855
280,11,2,29.457,10.385,28.577,8.714
281,11,2,29.300,10.377,28.741,8.722
282,11,2,29.285,10.314,28.726,8.660
283,11,2,29.269,10.251,28.711,8.597
284,11,2,29.254,10.189,28.696,8.534
285,11,2,29.224,10.110,28.665,8.456
286,11,2,29.208,10.047,28.650,8.393
287,11,2,29.366,10.001,28.409,8.189
288,11,2,29.170,9.922,28.604,8.268
289,11,2,29.163,9.859,28.597,8.205
290,11,2,29.156,9.797,28.590,8.143
291,11,2,29.133,9.718,28.567,8.064
292,11,2,29.126,9.656,28.560,8.002
293,11,2,29.103,9.577,28.537,7.923
294,11,2,29.292,9.461,28.459,7.813
295,11,2,29.159,9.460,28.593,7.814
296,11,2,29.152,9.390,28.585,7.743
297,11,2,29.144,9.304,28.578,7.657
298,11,2,29.137,9.233,28.571,7.587
299,11,2,29.130,9.147,28.564,7.501
300,11,2,29.123,9.061,28.557,7.415
301,11,2,29.195,8.912,28.403,7.117
302,11,2,29.078,8.841,28.512,7.195
303,11,2,29.071,8.755,28.505,7.109
304,11,2,29.064,8.685,28.498,7.039
305,11,2,29.072,8.583,28.506,6.937
306,11,2,29.065,8.513,28.499,6.867
307,11,2,29.058,8.427,28.492,6.781
308,11,2,29.052,8.223,28.432,6.499
309,11,2,29.021,8.184,28.455,6.538
310,11,2,29.014,8.113,28.448,6.468
311,11,2,29.007,8.027,28.441,6.381
312,11,2,29.000,7.926,28.434,6.280
313,11,2,28.993,7.839,28.427,6.194
314,11,2,29.002,7.738,28.436,6.092
315,11,2,29.136,7.605,28.406,5.865
316,11,2,29.050,7.558,28.484,5.912
317,11,2,29.043,7.488,28.477,5.842
318,11,2,29.052,7.402,28.486,5.756
319,11,2,29.045,7.300,28.479,5.654
320,11,2,29.038,7.214,28.472,5.568
321,11,2,29.031,7.112,28.465,5.467
322,11,2,29.149,7.089,28.396,5.240
323,11,2,29.055,6.987,28.490,5.342
324,11,2,29.048,6.901,28.483,5.256
325,11,2,29.057,6.815,28.491,5.170
326,11,2,29.066,6.729,28.500,5.084
327,11,2,29.074,6.643,28.508,4.998
328,11,2,29.067,6.557,28.501,4.912
329,11,2,29.177,6.566,28.394,4.684
330,11,2,29.068,6.448,28.502,4.802
331,11,2,29.061,6.362,28.495,4.716
332,11,2,29.054,6.291,28.488,4.646
333,11,2,29.062,6.205,28.497,4.560
334,11,2,29.055,6.119,28.490,4.474
335,11,2,29.064,6.033,28.498,4.388
336,11,2,29.167,5.971,28.415,4.083
337,11,2,29.074,5.853,28.508,4.208
338,11,2,29.082,5.767,28.516,4.123
339,11,2,29.075,5.697,28.509,4.052
340,11,2,29.084,5.611,28.518,3.966
341,11,2,29.076,5.541,28.511,3.896
342,11,2,29.085,5.455,28.519,3.810
343,11,2,29.163,5.448,28.388,3.606
344,11,2,29.055,5.345,28.489,3.700
345,11,2,29.063,5.275,28.497,3.630
346,11,2,29.072,5.189,28.506,3.544
347,11,2,29.064,5.119,28.499,3.474
348,11,2,29.073,5.033,28.507,3.388
349,11,2,29.082,4.962,28.516,3.318
350,11,2,29.248,4.823,28.441,2.974
351,11,2,29.123,4.720,28.557,3.076
352,11,2,29.131,4.650,28.566,3.006
353,11,2,29.140,4.564,28.575,2.920
354,11,2,29.149,4.494,28.583,2.850
355,11,2,29.173,4.408,28.607,2.764
356,11,2,29.181,4.338,28.616,2.694
357,11,2,29.190,4.268,28.624,2.623
358,11,2,29.198,4.197,28.633,2.553
359,11,2,29.223,4.112,28.657,2.468
360,11,2,29.231,4.041,28.666,2.397
361,11,2,29.255,3.971,28.690,2.327
362,11,2,29.264,3.901,28.698,2.257
363,11,2,29.288,3.831,28.722,2.187
364,11,2,29.296,3.761,28.731,2.117
365,11,2,29.320,3.691,28.755,2.047
366,11,2,29.329,3.620,28.764,1.976
367,11,2,29.353,3.550,28.788,1.906
368,11,2,29.377,3.496,28.812,1.852
369,11,2,29.401,3.426,28.836,1.782
67,12,2,18.058,10.977,16.497,10.105
68,12,2,18.113,10.986,16.552,10.114
69,12,2,18.185,10.994,16.623,10.122
70,12,2,18.351,10.971,16.765,10.256
71,12,2,18.343,10.978,16.765,10.240
72,12,2,18.415,10.979,16.836,10.241
73,12,2,18.486,10.995,16.908,10.257
74,12,2,18.557,10.979,16.979,10.241
75,12,2,18.644,10.995,17.066,10.257
76,12,2,18.700,10.996,17.122,10.258
77,12,2,19.057,10.910,17.328,10.290
78,12,2,19.010,10.934,17.360,10.258
79,12,2,19.089,10.934,17.439,10.259
80,12,2,19.168,10.934,17.519,10.259
81,12,2,19.231,10.935,17.582,10.259
82,12,2,19.311,10.935,17.661,10.260
83,12,2,19.390,10.919,17.741,10.244
84,12,2,19.706,11.007,17.734,10.173
85,12,2,19.588,10.952,17.844,10.229
86,12,2,19.667,10.952,17.923,10.229
87,12,2,19.762,10.952,18.019,10.230
88,12,2,19.841,10.937,18.098,10.214
89,12,2,19.904,10.937,18.162,10.214
90,12,2,20.000,10.922,18.257,10.199
91,12,2,20.228,11.017,18.353,10.082
92,12,2,20.174,10.930,18.400,10.160
93,12,2,20.253,10.930,18.479,10.161
94,12,2,20.364,10.915,18.590,10.145
95,12,2,20.427,10.915,18.654,10.146
96,12,2,20.506,10.916,18.733,10.146
97,12,2,20.617,10.900,18.844,10.131
98,12,2,20.847,10.901,18.821,10.036
99,12,2,20.744,10.862,18.924,10.076
100,12,2,20.823,10.862,19.003,10.076
101,12,2,20.918,10.862,19.098,10.077
102,12,2,20.997,10.862,19.177,10.077
103,12,2,21.092,10.863,19.272,10.077
104,12,2,21.171,10.863,19.352,10.078
105,12,2,21.210,10.926,19.566,10.000
106,12,2,21.282,10.864,19.494,10.063
107,12,2,21.361,10.864,19.573,10.063
108,12,2,21.456,10.864,19.668,10.063
109,12,2,21.551,10.865,19.763,10.064
110,12,2,21.646,10.865,19.858,10.064
111,12,2,21.740,10.865,19.953,10.064
112,12,2,21.977,10.882,20.167,10.105
113,12,2,21.962,10.890,20.175,10.097
114,12,2,22.056,10.898,20.270,10.105
115,12,2,22.151,10.906,20.364,10.113
116,12,2,22.246,10.899,20.460,10.106
117,12,2,22.341,10.907,20.554,10.114
118,12,2,22.435,10.899,20.649,10.107
119,12,2,22.489,11.025,20.887,10.108
120,12,2,22.569,10.963,20.807,10.162
121,12,2,22.656,10.963,20.894,10.163
122,12,2,22.759,10.963,20.997,10.163
123,12,2,22.861,10.964,21.100,10.163
124,12,2,22.964,10.964,21.202,10.164
125,12,2,23.051,10.980,21.289,10.180
126,12,2,23.216,11.028,21.590,10.126
127,12,2,23.272,10.981,21.526,10.173
128,12,2,23.358,10.989,21.613,10.181
129,12,2,23.461,10.997,21.716,10.189
130,12,2,23.564,10.990,21.819,10.182
131,12,2,23.666,10.998,21.921,10.190
132,12,2,23.769,11.006,22.024,10.199
133,12,2,23.847,11.022,22.254,10.160
134,12,2,23.911,10.991,22.182,10.184
135,12,2,24.013,10.999,22.285,10.192
136,12,2,24.132,10.992,22.403,10.184
137,12,2,24.218,11.016,22.490,10.208
138,12,2,24.337,11.008,22.609,10.201
139,12,2,24.439,11.032,22.711,10.225
140,12,2,24.667,11.065,22.751,10.202
141,12,2,24.573,11.033,22.829,10.225
142,12,2,24.675,11.041,22.932,10.234
143,12,2,24.778,11.065,23.034,10.258
144,12,2,24.880,11.073,23.137,10.266
145,12,2,24.982,11.097,23.239,10.290
146,12,2,25.100,11.105,23.358,10.298
147,12,2,25.258,11.059,23.752,10.347
148,12,2,25.360,11.098,23.642,10.299
149,12,2,25.455,11.115,23.736,10.315
150,12,2,25.565,11.115,23.847,10.316
151,12,2,25.659,11.131,23.941,10.332
152,12,2,25.769,11.163,24.051,10.364
153,12,2,25.880,11.179,24.161,10.380
154,12,2,25.974,11.179,24.256,10.380
155,12,2,26.084,11.195,24.366,10.396
156,12,2,26.210,11.227,24.492,10.428
157,12,2,26.320,11.259,24.602,10.460
158,12,2,26.414,11.275,24.697,10.476
159,12,2,26.524,11.291,24.807,10.492
160,12,2,26.650,11.323,24.933,10.524
161,12,2,26.760,11.339,25.043,10.540
162,12,2,26.854,11.355,25.137,10.556
163,12,2,26.964,11.387,25.247,10.588
164,12,2,27.090,11.403,25.373,10.604
165,12,2,27.200,11.419,25.483,10.620
166,12,2,27.294,11.450,25.577,10.652
167,12,2,27.388,11.482,25.672,10.684
168,12,2,27.417,11.678,25.829,10.661
169,12,2,27.474,11.569,25.773,10.763
170,12,2,27.583,11.593,25.883,10.787
171,12,2,27.678,11.616,25.978,10.811
172,12,2,27.787,11.656,26.087,10.850
173,12,2,27.897,11.680,26.197,10.874
174,12,2,27.991,11.719,26.292,10.914
175,12,2,28.288,11.885,26.670,10.829
176,12,2,28.313,11.760,26.622,10.946
177,12,2,28.415,11.791,26.724,10.978
178,12,2,28.533,11.823,26.842,11.010
179,12,2,28.619,11.855,26.928,11.041
180,12,2,28.736,11.886,27.046,11.073
181,12,2,28.838,11.918,27.148,11.105
182,12,2,28.876,12.099,27.345,10.980
183,12,2,28.948,11.950,27.273,11.121
184,12,2,29.050,11.982,27.375,11.153
185,12,2,29.151,12.013,27.477,11.185
186,12,2,29.253,12.061,27.579,11.232
187,12,2,29.371,12.092,27.697,11.264
188,12,2,29.472,12.124,27.799,11.295
189,12,2,29.590,12.171,27.916,11.343
190,12,2,29.692,12.203,28.018,11.375
191,12,2,29.793,12.250,28.120,11.422
192,12,2,29.895,12.282,28.222,11.454
193,12,2,30.012,12.329,28.339,11.501
194,12,2,30.098,12.361,28.425,11.533
195,12,2,30.216,12.393,28.543,11.565
196,12,2,30.198,12.596,28.849,11.558
197,12,2,30.348,12.487,28.691,11.659
198,12,2,30.450,12.519,28.793,11.691
199,12,2,30.552,12.550,28.895,11.722
200,12,2,30.653,12.598,28.997,11.770
201,12,2,30.771,12.629,29.114,11.802
202,12,2,30.872,12.677,29.216,11.849
203,12,2,30.933,12.919,29.562,11.733
204,12,2,31.060,12.740,29.419,11.897
205,12,2,31.162,12.771,29.521,11.928
206,12,2,31.279,12.803,29.639,11.960
207,12,2,31.381,12.835,29.741,11.992
208,12,2,31.498,12.866,29.858,12.023
209,12,2,31.600,12.882,29.960,12.039
210,12,2,31.902,13.251,30.274,11.970
211,12,2,31.896,13.032,30.265,12.181
212,12,2,31.990,13.056,30.359,12.205
213,12,2,32.100,13.064,30.468,12.213
214,12,2,32.209,13.103,30.578,12.253
215,12,2,32.319,13.111,30.688,12.261
216,12,2,32.428,13.135,30.797,12.285
217,12,2,32.560,13.237,31.135,12.192
218,12,2,32.647,13.136,31.025,12.285
219,12,2,32.749,13.144,31.127,12.294
220,12,2,32.882,13.168,31.260,12.318
221,12,2,32.984,13.176,31.361,12.326
222,12,2,33.101,13.200,31.479,12.350
223,12,2,33.219,13.192,31.596,12.342
224,12,2,33.336,13.216,31.714,12.366
225,12,2,33.438,13.208,31.816,12.358
226,12,2,33.555,13.216,31.933,12.367
227,12,2,33.672,13.225,32.051,12.375
228,12,2,33.789,13.233,32.168,12.383
229,12,2,33.891,13.225,32.270,12.375
230,12,2,34.009,13.233,32.387,12.384
231,12,2,34.212,13.234,32.482,12.353
232,12,2,34.157,13.218,32.536,12.368
233,12,2,34.259,13.211,32.638,12.361
234,12,2,34.376,13.219,32.756,12.369
235,12,2,34.494,13.211,32.873,12.362
236,12,2,34.595,13.204,32.975,12.354
237,12,2,34.713,13.180,33.093,12.331
238,12,2,34.814,13.189,33.194,12.339
239,12,2,34.932,13.165,33.312,12.316
240,12,2,35.033,13.158,33.414,12.309
241,12,2,35.151,13.135,33.531,12.285
242,12,2,35.252,13.127,33.633,12.278
243,12,2,35.370,13.104,33.750,12.255
244,12,2,35.471,13.097,33.852,12.247
245,12,2,35.690,13.082,34.150,12.155
246,12,2,35.722,13.043,34.111,12.193
247,12,2,35.831,13.019,34.220,12.170
248,12,2,35.941,12.996,34.330,12.147
249,12,2,36.050,12.989,34.440,12.140
250,12,2,36.160,12.950,34.549,12.101
251,12,2,36.269,12.942,34.659,12.094
252,12,2,36.434,12.873,34.879,11.954
253,12,2,36.457,12.834,34.855,11.985
254,12,2,36.559,12.811,34.957,11.962
255,12,2,36.676,12.787,35.074,11.939
256,12,2,36.793,12.764,35.192,11.916
257,12,2,36.910,12.741,35.309,11.893
258,12,2,37.012,12.702,35.411,11.854
259,12,2,37.129,12.695,35.528,11.846
260,12,2,37.231,12.656,35.630,11.808
261,12,2,37.348,12.649,35.747,11.800
262,12,2,37.450,12.610,35.849,11.762
263,12,2,37.567,12.603,35.966,11.754
264,12,2,37.668,12.564,36.068,11.715
265,12,2,37.785,12.541,36.185,11.692
266,12,2,38.089,12.534,36.389,11.552
267,12,2,38.035,12.464,36.435,11.615
268,12,2,38.137,12.440,36.537,11.592
269,12,2,38.254,12.417,36.654,11.569
270,12,2,38.371,12.394,36.771,11.546
271,12,2,38.488,12.387,36.888,11.539
272,12,2,38.589,12.348,36.990,11.500
273,12,2,38.885,12.404,36.936,11.429
274,12,2,38.714,12.341,37.107,11.493
275,12,2,38.823,12.333,37.216,11.485
276,12,2,38.917,12.310,37.310,11.462
277,12,2,39.026,12.287,37.419,11.439
278,12,2,39.150,12.280,37.544,11.432
279,12,2,39.260,12.257,37.653,11.409
280,12,2,39.626,12.234,37.724,11.300
281,12,2,39.478,12.187,37.864,11.339
282,12,2,39.579,12.180,37.966,11.332
283,12,2,39.696,12.172,38.083,11.324
284,12,2,39.797,12.149,38.184,11.301
285,12,2,39.930,12.142,38.317,11.294
286,12,2,40.031,12.119,38.418,11.271
287,12,2,40.583,12.159,38.418,11.286
288,12,2,40.140,12.103,38.527,11.256
289,12,2,40.241,12.096,38.628,11.248
290,12,2,40.358,12.073,38.745,11.225
291,12,2,40.475,12.066,38.862,11.218
292,12,2,40.576,12.058,38.963,11.210
293,12,2,40.692,12.051,39.080,11.203
294,12,2,41.167,12.037,39.189,11.258
295,12,2,40.980,12.067,39.360,11.227
296,12,2,41.089,12.068,39.469,11.228
297,12,2,41.182,12.052,39.563,11.213
298,12,2,41.291,12.037,39.672,11.197
299,12,2,41.415,12.053,39.796,11.213
300,12,2,41.524,12.038,39.905,11.198
301,12,2,41.617,12.038,39.998,11.199
302,12,2,41.726,12.038,40.107,11.199
303,12,2,41.850,12.039,40.232,11.199
304,12,2,41.959,12.039,40.341,11.200
305,12,2,42.052,12.039,40.434,11.200
306,12,2,42.176,12.040,40.558,11.201
307,12,2,42.285,12.040,40.667,11.201
308,12,2,42.409,12.041,40.791,11.201
309,12,2,42.518,12.057,40.900,11.217
310,12,2,42.611,12.041,40.994,11.202
311,12,2,42.720,12.057,41.102,11.218
312,12,2,42.828,12.058,41.211,11.219
313,12,2,42.921,12.058,41.304,11.219
314,12,2,43.030,12.074,41.413,11.235
315,12,2,43.154,12.090,41.537,11.251
316,12,2,43.262,12.090,41.646,11.251
317,12,2,43.356,12.090,41.739,11.252
318,12,2,43.464,12.106,41.848,11.268
319,12,2,43.588,12.138,41.972,11.299
320,12,2,43.696,12.154,42.080,11.315
321,12,2,43.789,12.154,42.173,11.315
322,12,2,43.898,12.170,42.282,11.331
323,12,2,44.022,12.202,42.406,11.363
324,12,2,44.130,12.217,42.514,11.379
325,12,2,44.239,12.218,42.623,11.379
326,12,2,44.362,12.234,42.747,11.395
327,12,2,44.471,12.281,42.855,11.442
328,12,2,44.579,12.281,42.964,11.443
329,12,2,44.703,12.297,43.088,11.459
330,12,2,44.796,12.344,43.181,11.506
331,12,2,44.904,12.344,43.289,11.506
332,12,2,44.997,12.376,43.382,11.538
333,12,2,45.090,12.392,43.475,11.554
334,12,2,45.198,12.439,43.583,11.601
335,12,2,45.306,12.439,43.692,11.601
336,12,2,45.399,12.470,43.785,11.633
337,12,2,45.507,12.502,43.893,11.664
68,13,1,32.106,2.096,31.492,1.639
69,13,1,32.122,2.111,31.484,1.639
70,13,1,32.106,2.150,31.468,1.677
71,13,1,32.090,2.181,31.452,1.709
72,13,1,32.074,2.220,31.437,1.747
73,13,1,32.066,2.259,31.428,1.786
74,13,1,32.058,2.290,31.420,1.817
75,13,1,32.042,2.329,31.404,1.856
76,13,1,32.034,2.368,31.396,1.895
77,13,1,32.033,2.415,31.396,1.942
78,13,1,32.025,2.454,31.388,1.981
79,13,1,32.017,2.500,31.379,2.028
80,13,1,32.016,2.547,31.379,2.074
81,13,1,32.008,2.602,31.371,2.129
82,13,1,32.098,3.070,31.300,2.152
83,13,1,32.083,3.039,31.315,2.191
84,13,1,32.082,3.086,31.315,2.238
85,13,1,32.082,3.133,31.315,2.285
86,13,1,32.081,3.195,31.314,2.347
87,13,1,32.081,3.242,31.314,2.394
88,13,1,32.080,3.288,31.313,2.441
89,13,1,32.065,3.320,31.297,2.472
90,13,1,32.049,3.366,31.281,2.518
91,13,1,32.048,3.413,31.281,2.565
92,13,1,32.048,3.460,31.280,2.612
93,13,1,32.047,3.522,31.280,2.674
94,13,1,32.047,3.569,31.279,2.721
95,13,1,32.031,3.616,31.263,2.768
96,13,1,32.015,3.662,31.247,2.814
97,13,1,32.014,3.709,31.247,2.861
98,13,1,31.998,3.772,31.231,2.924
99,13,1,31.982,3.818,31.215,2.970
100,13,1,31.966,3.865,31.199,3.017
101,13,1,31.950,3.912,31.183,3.064
102,13,1,31.934,3.958,31.167,3.110
103,13,1,31.918,4.005,31.151,3.157
104,13,1,31.902,4.036,31.135,3.188
105,13,1,31.902,4.067,31.134,3.219
106,13,1,31.886,4.130,31.118,3.282
107,13,1,31.869,4.192,31.102,3.344
108,13,1,31.869,4.239,31.102,3.391
109,13,1,31.869,4.286,31.101,3.438
110,13,1,31.868,4.348,31.101,3.500
111,13,1,31.852,4.418,31.084,3.570
112,13,1,31.844,4.410,31.077,3.562
113,13,1,31.836,4.473,31.068,3.625
114,13,1,31.812,4.519,31.044,3.671
115,13,1,31.811,4.566,31.044,3.718
116,13,1,31.811,4.629,31.043,3.781
117,13,1,31.810,4.691,31.043,3.843
118,13,1,31.810,4.753,31.042,3.905
119,13,1,31.809,4.800,31.042,3.952
120,13,1,31.801,4.863,31.033,4.015
121,13,1,31.777,4.909,31.010,4.061
122,13,1,31.777,4.941,31.009,4.093
123,13,1,31.769,4.987,31.001,4.139
124,13,1,31.745,5.034,30.977,4.186
125,13,1,31.737,5.081,30.969,4.233
126,13,1,31.728,5.128,30.961,4.280
127,13,1,31.704,5.190,30.937,4.342
128,13,1,31.704,5.237,30.936,4.389
129,13,1,31.696,5.284,30.928,4.435
130,13,1,31.695,5.330,30.928,4.482
131,13,1,31.671,5.393,30.904,4.545
132,13,1,31.671,5.447,30.903,4.599
133,13,1,31.663,5.518,30.895,4.669
134,13,1,31.638,5.580,30.871,4.732
135,13,1,31.630,5.627,30.862,4.779
136,13,1,31.630,5.666,30.862,4.818
137,13,1,31.606,5.720,30.838,4.872
138,13,1,31.598,5.751,30.830,4.903
139,13,1,31.597,5.798,30.830,4.950
140,13,1,31.597,5.861,30.829,5.013
141,13,1,31.597,5.908,30.829,5.059
142,13,1,31.596,5.947,30.828,5.098
143,13,1,31.596,6.017,30.828,5.169
144,13,1,31.572,6.064,30.804,5.215
145,13,1,31.571,6.103,30.803,5.255
146,13,1,31.563,6.157,30.795,5.309
147,13,1,31.563,6.220,30.795,5.372
148,13,1,31.562,6.282,30.794,5.434
149,13,1,31.562,6.345,30.794,5.497
150,13,1,31.561,6.392,30.793,5.543
151,13,1,31.561,6.454,30.793,5.606
152,13,1,31.560,6.501,30.792,5.653
153,13,1,31.536,6.548,30.768,5.700
154,13,1,31.528,6.571,30.760,5.723
155,13,1,31.504,6.610,30.736,5.762
156,13,1,31.496,6.657,30.728,5.809
157,13,1,31.472,6.703,30.704,5.855
158,13,1,31.441,6.735,30.673,5.886
159,13,1,31.432,6.781,30.664,5.933
160,13,1,31.432,6.813,30.664,5.964
161,13,1,31.408,6.844,30.640,5.996
162,13,1,31.400,6.875,30.632,6.027
163,13,1,31.376,6.922,30.608,6.074
164,13,1,31.345,6.984,30.576,6.136
165,13,1,31.336,7.031,30.568,6.183
166,13,1,31.305,7.070,30.536,6.222
167,13,1,31.273,7.124,30.505,6.276
168,13,1,31.241,7.171,30.473,6.323
169,13,1,31.217,7.194,30.449,6.346
170,13,1,31.209,7.233,30.441,6.385
171,13,1,31.186,7.264,30.417,6.416
172,13,1,31.154,7.327,30.385,6.479
173,13,1,31.145,7.374,30.377,6.525
174,13,1,31.122,7.405,30.353,6.557
175,13,1,31.090,7.451,30.322,6.603
176,13,1,31.082,7.483,30.313,6.634
177,13,1,31.058,7.514,30.290,6.666
178,13,1,31.026,7.561,30.258,6.712
179,13,1,31.018,7.607,30.250,6.759
180,13,1,30.986,7.654,30.218,6.806
181,13,1,30.962,7.717,30.194,6.868
182,13,1,30.931,7.763,30.162,6.915
183,13,1,30.922,7.810,30.154,6.962
184,13,1,30.899,7.833,30.130,6.985
185,13,1,30.867,7.888,30.098,7.040
186,13,1,30.843,7.919,30.074,7.071
187,13,1,30.811,7.942,30.043,7.094
188,13,1,30.772,7.981,30.003,7.133
189,13,1,30.740,8.012,29.972,7.164
190,13,1,30.701,8.036,29.932,7.187
191,13,1,30.677,8.075,29.908,7.226
192,13,1,30.645,8.106,29.877,7.257
193,13,1,30.637,8.129,29.869,7.281
194,13,1,30.606,8.153,29.837,7.304
195,13,1,30.574,8.184,29.805,7.335
196,13,1,30.543,8.215,29.774,7.366
197,13,1,30.487,8.246,29.719,7.397
198,13,1,30.448,8.277,29.679,7.428
199,13,1,30.393,8.308,29.624,7.459
200,13,1,30.330,8.339,29.561,7.490
201,13,1,30.290,8.370,29.521,7.521
202,13,1,30.235,8.417,29.466,7.568
203,13,1,30.196,8.448,29.427,7.599
204,13,1,30.172,8.479,29.403,7.630
205,13,1,30.140,8.510,29.371,7.661
206,13,1,30.101,8.541,29.332,7.693
207,13,1,30.069,8.572,29.300,7.724
208,13,1,30.045,8.580,29.276,7.731
209,13,1,30.014,8.619,29.245,7.770
210,13,1,29.990,8.650,29.221,7.801
211,13,1,29.982,8.634,29.213,7.786
212,13,1,29.951,8.666,29.181,7.817
213,13,1,29.919,8.697,29.150,7.848
214,13,1,29.872,8.728,29.102,7.879
215,13,1,29.824,8.767,29.055,7.918
216,13,1,29.816,8.759,29.047,7.910
217,13,1,29.785,8.806,29.015,7.957
218,13,1,29.777,8.798,29.008,7.949
219,13,1,29.792,8.837,29.023,7.988
220,13,1,29.871,8.837,29.101,7.989
221,13,1,29.925,8.838,29.156,7.989
222,13,1,29.711,9.110,28.998,8.168
223,13,1,29.727,9.071,28.974,8.207
224,13,1,29.719,9.095,28.966,8.230
225,13,1,29.466,9.297,28.760,8.449
226,13,1,29.482,9.297,28.736,8.441
227,13,1,29.450,9.328,28.704,8.472
228,13,1,29.419,9.360,28.673,8.503
229,13,1,29.371,9.398,28.625,8.542
230,13,1,29.340,9.430,28.594,8.573
231,13,1,29.308,9.469,28.562,8.612
232,13,1,29.110,9.695,28.442,8.846
233,13,1,29.149,9.695,28.418,8.846
234,13,1,29.141,9.726,28.410,8.877
235,13,1,29.085,9.765,28.355,8.916
236,13,1,29.109,9.804,28.378,8.956
237,13,1,29.092,9.851,28.362,9.003
238,13,1,29.178,9.899,28.448,9.050
239,13,1,29.092,9.945,28.361,9.096
240,13,1,29.091,9.992,28.361,9.143
241,13,1,29.067,10.039,28.344,9.190
242,13,1,29.098,10.055,28.376,9.206
243,13,1,29.098,10.102,28.375,9.253
244,13,1,29.090,10.133,28.367,9.284
245,13,1,29.136,10.204,28.414,9.355
274,13,1,29.327,11.653,28.658,10.962
275,13,1,29.343,11.700,28.674,11.009
276,13,1,29.374,11.763,28.704,11.071
277,13,1,29.405,11.810,28.735,11.119
278,13,1,29.451,11.873,28.782,11.181
279,13,1,29.482,11.920,28.813,11.229
280,13,1,29.513,11.967,28.844,11.276
281,13,1,29.544,11.999,28.875,11.307
282,13,1,29.575,12.046,28.906,11.354
283,13,1,29.575,12.077,28.906,11.386
284,13,1,29.590,12.124,28.921,11.433
285,13,1,29.590,12.187,28.920,11.495
286,13,1,29.605,12.234,28.936,11.542
287,13,1,29.636,12.265,28.967,11.574
288,13,1,29.667,12.313,28.998,11.621
289,13,1,29.698,12.360,29.029,11.668
290,13,1,29.713,12.407,29.044,11.715
291,13,1,29.729,12.454,29.059,11.762
292,13,1,29.744,12.517,29.075,11.825
293,13,1,29.759,12.579,29.090,11.888
294,13,1,29.774,12.642,29.105,11.950
295,13,1,29.789,12.705,29.120,12.013
296,13,1,29.804,12.767,29.135,12.076
297,13,1,29.820,12.814,29.150,12.123
298,13,1,29.835,12.862,29.166,12.170
299,13,1,29.842,12.909,29.173,12.217
300,13,1,29.881,12.956,29.212,12.264
301,13,1,29.889,13.003,29.219,12.311
302,13,1,29.912,13.050,29.243,12.358
303,13,1,29.927,13.097,29.258,12.405
304,13,1,29.958,13.144,29.289,12.452
305,13,1,29.965,13.191,29.296,12.499
306,13,1,30.004,13.238,29.335,12.547
307,13,1,30.027,13.301,29.358,12.609
308,13,1,30.050,13.364,29.381,12.672
309,13,1,30.081,13.411,29.412,12.719
310,13,1,30.112,13.473,29.443,12.782
311,13,1,30.119,13.536,29.450,12.845
312,13,1,30.158,13.583,29.489,12.892
313,13,1,30.166,13.615,29.497,12.923
314,13,1,30.189,13.662,29.520,12.970
315,13,1,30.204,13.709,29.535,13.017
316,13,1,30.204,13.756,29.535,13.064
317,13,1,30.211,13.803,29.542,13.111
318,13,1,30.250,13.850,29.581,13.159
319,13,1,30.258,13.881,29.589,13.190
320,13,1,30.281,13.928,29.612,13.237
321,13,1,30.312,13.976,29.643,13.284
322,13,1,30.327,14.038,29.658,13.347
323,13,1,30.334,14.101,29.665,13.410
324,13,1,30.357,14.164,29.688,13.472
325,13,1,30.364,14.226,29.695,13.535
326,13,1,30.372,14.289,29.703,13.598
327,13,1,30.387,14.336,29.718,13.645
328,13,1,30.402,14.383,29.733,13.692
329,13,1,30.410,14.430,29.741,13.739
330,13,1,30.425,14.477,29.756,13.786
331,13,1,30.456,14.525,29.787,13.833
332,13,1,30.479,14.572,29.810,13.880
333,13,1,30.494,14.619,29.825,13.927
334,13,1,30.510,14.666,29.841,13.974
335,13,1,30.517,14.713,29.848,14.021
336,13,1,30.570,14.972,29.912,13.849
337,13,1,30.571,14.815,29.911,14.006
338,13,1,30.587,14.862,29.926,14.053
339,13,1,30.602,14.925,29.942,14.116
340,13,1,30.633,14.972,29.973,14.163
341,13,1,30.664,15.034,30.003,14.226
342,13,1,30.694,15.082,30.034,14.273
343,13,1,30.725,15.129,30.065,14.320
344,13,1,30.756,15.176,30.096,14.367
345,13,1,30.772,15.223,30.112,14.414
346,13,1,30.787,15.254,30.127,14.445
347,13,1,30.802,15.301,30.142,14.492
348,13,1,30.771,15.333,30.111,14.524
349,13,1,30.786,15.380,30.126,14.571
350,13,1,30.817,15.427,30.157,14.618
351,13,1,30.848,15.474,30.188,14.665
352,13,1,30.863,15.521,30.203,14.712
353,13,1,30.863,15.568,30.203,14.759
354,13,1,30.878,15.615,30.218,14.806
355,13,1,30.893,15.662,30.233,14.853
356,13,1,30.893,15.725,30.233,14.916
357,13,1,30.908,15.787,30.248,14.979
358,13,1,30.923,15.850,30.263,15.042
359,13,1,30.923,15.897,30.263,15.089
360,13,1,30.938,15.944,30.278,15.136
361,13,1,30.953,15.991,30.293,15.183
362,13,1,30.953,16.054,30.293,15.245
363,13,1,30.968,16.101,30.308,15.293
364,13,1,30.999,16.148,30.339,15.340
365,13,1,31.030,16.180,30.370,15.371
366,13,1,31.030,16.227,30.370,15.418
367,13,1,31.045,16.274,30.385,15.465
368,13,1,31.045,16.321,30.385,15.512
369,13,1,31.060,16.368,30.400,15.559
370,13,1,31.075,16.415,30.415,15.606
371,13,1,31.075,16.462,30.415,15.653
372,13,1,31.090,16.525,30.430,15.716
373,13,1,31.121,16.588,30.461,15.779
374,13,1,31.152,16.635,30.492,15.826
375,13,1,31.167,16.697,30.507,15.889
376,13,1,31.182,16.729,30.522,15.920
377,13,1,31.213,16.776,30.553,15.967
378,13,1,31.229,16.823,30.569,16.014
379,13,1,31.228,16.870,30.568,16.061
380,13,1,31.244,16.917,30.584,16.109
381,13,1,31.243,16.948,30.583,16.140
382,13,1,31.259,16.996,30.599,16.187
383,13,1,31.274,17.027,30.614,16.218
384,13,1,31.289,17.074,30.629,16.265
385,13,1,31.289,17.105,30.629,16.297
386,13,1,31.289,17.152,30.629,16.344
387,13,1,31.288,17.200,30.628,16.391
388,13,1,31.304,17.247,30.643,16.438
389,13,1,31.319,17.309,30.659,16.501
390,13,1,31.318,17.372,30.658,16.564
391,13,1,31.318,17.419,30.658,16.611
392,13,1,31.317,17.466,30.657,16.658
393,13,1,31.333,17.513,30.673,16.705
394,13,1,31.348,17.560,30.688,16.752
395,13,1,31.348,17.607,30.687,16.799
396,13,1,31.363,17.655,30.703,16.846
397,13,1,31.378,17.702,30.718,16.893
398,13,1,31.378,17.717,30.718,16.909
399,13,1,31.377,17.780,30.717,16.971
400,13,1,31.377,17.811,30.717,17.003
401,13,1,31.377,17.858,30.717,17.050
402,13,1,31.392,17.906,30.732,17.097
403,13,1,31.408,17.937,30.747,17.128
404,13,1,31.407,18.000,30.747,17.191
405,13,1,31.422,18.047,30.762,17.238
406,13,1,31.453,18.094,30.793,17.285
407,13,1,31.468,18.157,30.808,17.348
408,13,1,31.468,18.204,30.808,17.395
409,13,1,31.483,18.251,30.823,17.442
410,13,1,31.514,18.298,30.854,17.489
411,13,1,31.530,18.329,30.870,17.521
412,13,1,31.545,18.361,30.885,17.552
413,13,1,31.560,18.423,30.900,17.615
414,13,1,31.560,18.455,30.900,17.646
415,13,1,31.560,18.486,30.900,17.678
416,13,1,31.575,18.518,30.915,17.709
74,14,1,31.075,1.986,30.357,1.630
75,14,1,31.098,2.002,30.350,1.630
76,14,1,31.090,2.041,30.341,1.669
77,14,1,31.081,2.088,30.333,1.715
78,14,1,31.081,2.127,30.333,1.754
79,14,1,31.073,2.174,30.325,1.801
80,14,1,31.072,2.220,30.324,1.848
81,14,1,31.064,2.275,30.316,1.903
82,14,1,31.098,2.923,30.370,1.934
83,14,1,31.098,2.899,30.370,1.973
84,14,1,31.098,2.946,30.370,2.020
85,14,1,31.097,2.993,30.369,2.067
86,14,1,31.097,3.024,30.369,2.098
87,14,1,31.096,3.071,30.369,2.145
88,14,1,31.096,3.102,30.368,2.176
89,14,1,31.064,3.149,30.337,2.223
90,14,1,31.033,3.195,30.305,2.269
91,14,1,30.978,3.242,30.250,2.316
92,14,1,30.938,3.304,30.210,2.378
93,14,1,30.922,3.350,30.194,2.424
94,14,1,30.922,3.382,30.194,2.456
95,14,1,30.890,3.444,30.162,2.518
96,14,1,30.873,3.506,30.145,2.580
97,14,1,30.873,3.569,30.145,2.642
98,14,1,30.873,3.615,30.144,2.689
99,14,1,30.872,3.678,30.144,2.752
100,14,1,30.872,3.725,30.143,2.799
101,14,1,30.871,3.787,30.143,2.861
102,14,1,30.871,3.834,30.143,2.908
103,14,1,30.870,3.881,30.142,2.955
104,14,1,30.878,3.943,30.149,3.017
105,14,1,30.908,3.990,30.180,3.064
106,14,1,30.947,4.037,30.219,3.111
107,14,1,30.962,4.100,30.234,3.174
108,14,1,30.962,4.147,30.234,3.221
109,14,1,30.977,4.209,30.249,3.283
110,14,1,30.961,4.256,30.233,3.330
111,14,1,30.945,4.318,30.217,3.392
112,14,1,30.929,4.381,30.200,3.455
113,14,1,30.928,4.443,30.200,3.517
114,14,1,30.927,4.506,30.199,3.580
115,14,1,30.911,4.568,30.183,3.642
116,14,1,30.911,4.631,30.182,3.704
117,14,1,30.910,4.677,30.182,3.751
118,14,1,30.910,4.724,30.182,3.798
119,14,1,30.894,4.771,30.166,3.845
120,14,1,30.878,4.818,30.150,3.892
121,14,1,30.846,4.880,30.118,3.954
122,14,1,30.806,4.927,30.078,4.000
123,14,1,30.767,4.989,30.038,4.063
124,14,1,30.751,5.036,30.022,4.109
125,14,1,30.734,5.082,30.006,4.156
126,14,1,30.703,5.145,29.974,4.218
127,14,1,30.686,5.223,29.958,4.296
128,14,1,30.670,5.285,29.942,4.359
129,14,1,30.670,5.332,29.941,4.406
130,14,1,30.669,5.394,29.941,4.468
131,14,1,30.653,5.457,29.924,4.530
132,14,1,30.637,5.503,29.908,4.577
133,14,1,30.621,5.550,29.892,4.624
134,14,1,30.620,5.597,29.892,4.671
135,14,1,30.643,5.644,29.915,4.718
136,14,1,30.690,5.707,29.961,4.781
137,14,1,30.681,5.769,29.953,4.843
138,14,1,30.681,5.824,29.953,4.898
139,14,1,30.673,5.879,29.944,4.952
140,14,1,30.680,5.926,29.952,4.999
141,14,1,30.664,5.988,29.935,5.062
142,14,1,30.640,6.050,29.911,5.124
143,14,1,30.631,6.113,29.903,5.186
144,14,1,30.615,6.175,29.887,5.249
145,14,1,30.599,6.230,29.871,5.303
146,14,1,30.583,6.284,29.854,5.358
147,14,1,30.582,6.347,29.854,5.420
148,14,1,30.582,6.394,29.853,5.467
149,14,1,30.582,6.441,29.853,5.514
150,14,1,30.566,6.472,29.837,5.545
151,14,1,30.542,6.519,29.813,5.592
152,14,1,30.533,6.581,29.805,5.655
153,14,1,30.502,6.628,29.773,5.701
154,14,1,30.454,6.667,29.726,5.740
155,14,1,30.422,6.721,29.694,5.795
156,14,1,30.422,6.768,29.693,5.841
157,14,1,30.406,6.815,29.677,5.888
158,14,1,30.390,6.877,29.661,5.951
159,14,1,30.373,6.940,29.645,6.013
160,14,1,30.357,6.979,29.629,6.052
161,14,1,30.341,7.033,29.612,6.107
162,14,1,30.325,7.080,29.596,6.154
163,14,1,30.309,7.127,29.580,6.200
164,14,1,30.277,7.174,29.548,6.247
165,14,1,30.261,7.205,29.533,6.278
166,14,1,30.261,7.252,29.532,6.325
167,14,1,30.245,7.314,29.516,6.388
168,14,1,30.229,7.361,29.500,6.434
169,14,1,30.189,7.400,29.460,6.473
170,14,1,30.181,7.470,29.452,6.544
171,14,1,30.164,7.525,29.436,6.598
172,14,1,30.149,7.556,29.420,6.629
173,14,1,30.117,7.611,29.388,6.684
174,14,1,30.085,7.673,29.356,6.746
175,14,1,30.053,7.720,29.324,6.793
176,14,1,30.037,7.767,29.308,6.840
177,14,1,30.021,7.813,29.292,6.887
178,14,1,30.005,7.860,29.276,6.934
179,14,1,29.989,7.907,29.260,6.980
180,14,1,29.988,7.954,29.259,7.027
181,14,1,29.988,7.977,29.259,7.051
182,14,1,29.988,8.017,29.259,7.090
183,14,1,29.972,8.048,29.243,7.121
184,14,1,29.932,8.094,29.203,7.168
185,14,1,29.924,8.126,29.195,7.199
186,14,1,29.892,8.157,29.163,7.230
187,14,1,29.853,8.188,29.124,7.261
188,14,1,29.829,8.203,29.100,7.277
189,14,1,29.797,8.235,29.068,7.308
190,14,1,29.758,8.250,29.029,7.323
191,14,1,29.719,8.281,28.989,7.354
192,14,1,29.671,8.312,28.942,7.385
193,14,1,29.616,8.343,28.887,7.416
194,14,1,29.561,8.374,28.832,7.447
195,14,1,29.514,8.405,28.784,7.478
196,14,1,29.466,8.452,28.737,7.525
197,14,1,29.434,8.483,28.705,7.556
198,14,1,29.403,8.514,28.673,7.587
199,14,1,29.395,8.506,28.665,7.580
200,14,1,29.387,8.546,28.657,7.619
201,14,1,29.339,8.561,28.610,7.634
202,14,1,29.284,8.568,28.555,7.642
203,14,1,29.261,8.592,28.531,7.665
204,14,1,29.229,8.592,28.500,7.665
205,14,1,29.190,8.592,28.461,7.665
206,14,1,29.182,8.584,28.453,7.657
207,14,1,29.166,8.607,28.437,7.680
208,14,1,29.111,8.638,28.382,7.711
209,14,1,29.072,8.669,28.342,7.742
210,14,1,29.040,8.724,28.310,7.797
211,14,1,29.023,8.786,28.294,7.859
212,14,1,29.007,8.841,28.278,7.914
213,14,1,28.975,8.888,28.246,7.961
214,14,1,28.968,8.872,28.238,7.945
215,14,1,28.944,8.927,28.214,8.000
216,14,1,28.920,8.966,28.190,8.039
217,14,1,28.896,8.989,28.166,8.062
218,14,1,28.880,9.044,28.150,8.117
219,14,1,28.872,9.091,28.142,8.164
220,14,1,28.863,9.146,28.133,8.219
221,14,1,28.863,9.208,28.133,8.281
222,14,1,28.846,9.263,28.117,8.336
223,14,1,28.846,9.326,28.116,8.399
224,14,1,28.814,9.380,28.084,8.453
225,14,1,28.806,9.372,28.076,8.445
226,14,1,28.759,9.435,28.029,8.508
227,14,1,28.750,9.497,28.020,8.570
228,14,1,28.560,9.669,27.869,8.750
229,14,1,28.576,9.661,27.854,8.742
230,14,1,28.575,9.732,27.853,8.812
231,14,1,28.583,9.763,27.861,8.844
232,14,1,28.575,9.794,27.852,8.875
233,14,1,28.574,9.833,27.852,8.914
234,14,1,28.582,9.873,27.859,8.953
235,14,1,28.589,9.927,27.867,9.008
236,14,1,28.478,10.099,27.771,9.219
237,14,1,28.493,10.115,27.779,9.203
238,14,1,28.493,10.131,27.778,9.219
239,14,1,28.500,10.193,27.786,9.282
240,14,1,28.500,10.256,27.785,9.344
241,14,1,28.507,10.319,27.792,9.407
242,14,1,28.499,10.381,27.784,9.470
243,14,1,28.514,10.428,27.799,9.517
244,14,1,28.505,10.491,27.791,9.579
245,14,1,28.544,10.538,27.830,9.627
246,14,1,28.560,10.570,27.845,9.658
247,14,1,28.544,10.593,27.829,9.681
248,14,1,28.567,10.632,27.852,9.721
249,14,1,28.473,10.624,27.758,9.712
262,14,1,28.472,11.525,27.677,10.833
263,14,1,28.496,11.549,27.661,10.825
264,14,1,28.495,11.596,27.661,10.872
265,14,1,28.495,11.658,27.660,10.934
266,14,1,28.586,11.949,27.847,11.162
267,14,1,28.587,11.933,27.839,11.155
268,14,1,28.594,11.980,27.847,11.202
269,14,1,28.601,12.027,27.854,11.249
270,14,1,28.624,12.090,27.877,11.311
271,14,1,28.632,12.153,27.884,11.374
272,14,1,28.655,12.215,27.907,11.437
273,14,1,28.662,12.262,27.915,11.484
274,14,1,28.685,12.294,27.938,11.515
275,14,1,28.693,12.341,27.945,11.562
276,14,1,28.716,12.404,27.968,11.625
277,14,1,28.723,12.451,27.976,11.672
278,14,1,28.731,12.482,27.983,11.704
279,14,1,28.738,12.529,27.991,11.751
280,14,1,28.723,12.490,27.918,11.986
281,14,1,28.698,12.584,27.942,11.884
282,14,1,28.714,12.631,27.958,11.931
283,14,1,28.729,12.694,27.973,11.994
284,14,1,28.744,12.741,27.988,12.041
285,14,1,28.760,12.772,28.004,12.072
286,14,1,28.775,12.835,28.019,12.135
287,14,1,28.790,12.882,28.034,12.182
288,14,1,28.805,12.945,28.049,12.245
289,14,1,28.836,12.992,28.080,12.292
290,14,1,28.852,13.039,28.095,12.339
291,14,1,28.867,13.086,28.111,12.386
292,14,1,28.866,13.133,28.110,12.433
293,14,1,28.882,13.196,28.126,12.496
294,14,1,28.991,13.243,28.180,12.606
295,14,1,28.967,13.259,28.203,12.575
296,14,1,28.991,13.306,28.227,12.622
297,14,1,29.014,13.353,28.250,12.669
298,14,1,29.021,13.384,28.257,12.700
299,14,1,29.060,13.432,28.296,12.747
300,14,1,29.068,13.479,28.304,12.794
301,14,1,29.106,13.526,28.342,12.842
302,14,1,29.130,13.573,28.366,12.889
303,14,1,29.168,13.620,28.404,12.936
304,14,1,29.192,13.667,28.428,12.983
305,14,1,29.230,13.714,28.466,13.030
306,14,1,29.238,13.746,28.474,13.061
307,14,1,29.277,13.793,28.513,13.109
308,14,1,29.300,13.824,28.536,13.140
309,14,1,29.323,13.871,28.559,13.187
310,14,1,29.331,13.918,28.567,13.234
311,14,1,29.354,13.950,28.590,13.266
312,14,1,29.361,13.997,28.598,13.313
313,14,1,29.385,14.044,28.621,13.360
314,14,1,29.392,14.091,28.628,13.407
315,14,1,29.415,14.138,28.651,13.454
316,14,1,29.438,14.185,28.674,13.501
317,14,1,29.461,14.232,28.698,13.548
318,14,1,29.469,14.295,28.705,13.611
319,14,1,29.492,14.342,28.728,13.658
320,14,1,29.515,14.389,28.751,13.705
321,14,1,29.538,14.436,28.774,13.752
322,14,1,29.546,14.483,28.782,13.799
323,14,1,29.569,14.530,28.805,13.846
324,14,1,29.592,14.562,28.828,13.878
325,14,1,29.615,14.609,28.851,13.925
326,14,1,29.623,14.656,28.859,13.972
327,14,1,29.646,14.687,28.882,14.004
328,14,1,29.669,14.735,28.905,14.051
329,14,1,29.692,14.782,28.928,14.098
330,14,1,29.700,14.829,28.936,14.145
331,14,1,29.723,14.876,28.959,14.192
332,14,1,29.730,14.923,28.966,14.239
333,14,1,29.753,14.970,28.990,14.286
334,14,1,29.776,15.017,29.013,14.333
335,14,1,29.800,15.064,29.036,14.380
336,14,1,29.823,15.111,29.059,14.427
337,14,1,29.846,15.158,29.082,14.475
338,14,1,29.869,15.190,29.105,14.506
339,14,1,29.877,15.237,29.113,14.553
340,14,1,29.900,15.284,29.136,14.600
341,14,1,29.907,15.331,29.143,14.647
342,14,1,29.915,15.378,29.151,14.694
343,14,1,29.922,15.425,29.158,14.741
344,14,1,29.930,15.472,29.166,14.788
345,14,1,29.937,15.519,29.173,14.836
346,14,1,29.944,15.566,29.181,14.883
347,14,1,29.968,15.613,29.204,14.930
348,14,1,29.975,15.661,29.211,14.977
349,14,1,29.982,15.723,29.219,15.040
350,14,1,29.990,15.770,29.226,15.087
351,14,1,30.021,15.833,29.257,15.149
352,14,1,30.020,15.880,29.256,15.196
353,14,1,30.028,15.927,29.264,15.244
354,14,1,30.043,15.974,29.279,15.291
355,14,1,30.042,16.021,29.279,15.338
356,14,1,30.050,16.069,29.286,15.385
357,14,1,29.578,16.123,28.814,15.439
358,14,1,30.081,16.147,29.317,15.463
359,14,1,30.104,16.194,29.340,15.510
360,14,1,30.166,16.233,29.395,15.558
361,14,1,30.127,16.288,29.355,15.612
362,14,1,30.134,16.335,29.362,15.660
363,14,1,30.141,16.382,29.370,15.707
364,14,1,30.164,16.445,29.393,15.769
365,14,1,30.188,16.492,29.416,15.817
366,14,1,30.195,16.539,29.423,15.864
367,14,1,30.218,16.602,29.446,15.926
368,14,1,30.225,16.649,29.454,15.973
369,14,1,30.233,16.696,29.469,16.021
370,14,1,30.232,16.743,29.469,16.068
371,14,1,30.256,16.775,29.492,16.099
372,14,1,30.263,16.822,29.499,16.146
373,14,1,30.271,16.869,29.507,16.193
374,14,1,30.278,16.916,29.514,16.240
375,14,1,30.286,16.963,29.522,16.287
376,14,1,30.277,17.010,29.513,16.335
377,14,1,30.285,17.073,29.521,16.397
378,14,1,30.276,17.120,29.512,16.444
379,14,1,30.299,17.167,29.536,16.491
380,14,1,30.291,17.214,29.527,16.539
381,14,1,30.314,17.261,29.550,16.586
382,14,1,30.306,17.324,29.542,16.648
383,14,1,30.329,17.371,29.565,16.696
384,14,1,30.321,17.434,29.557,16.758
385,14,1,30.328,17.481,29.564,16.805
386,14,1,30.336,17.528,29.572,16.853
387,14,1,30.343,17.575,29.579,16.900
388,14,1,30.350,17.622,29.586,16.947
389,14,1,30.358,17.669,29.594,16.994
390,14,1,30.365,17.717,29.601,17.041
391,14,1,30.388,17.764,29.625,17.088
392,14,1,30.380,17.811,29.616,17.135
393,14,1,30.403,17.842,29.640,17.167
394,14,1,30.411,17.889,29.647,17.214
395,14,1,30.418,17.936,29.654,17.261
396,14,1,30.426,17.983,29.662,17.308
397,14,1,30.449,18.031,29.685,17.355
398,14,1,30.456,18.078,29.692,17.402
399,14,1,30.480,18.125,29.716,17.449
400,14,1,30.487,18.172,29.723,17.496
401,14,1,30.510,18.203,29.746,17.528
402,14,1,30.518,18.250,29.754,17.575
403,14,1,30.525,18.282,29.761,17.606
404,14,1,30.533,18.329,29.769,17.653
405,14,1,30.556,18.360,29.792,17.685
406,14,1,30.548,18.407,29.784,17.732
407,14,1,30.571,18.439,29.807,17.763
408,14,1,30.563,18.486,29.799,17.810
409,14,1,30.570,18.517,29.806,17.842
410,14,1,30.578,18.533,29.814,17.857
82,15,2,17.101,8.628,15.835,7.584
83,15,2,17.061,8.613,15.859,7.592
84,15,2,17.156,8.644,15.953,7.624
85,15,2,17.275,8.676,16.072,7.656
86,15,2,17.377,8.708,16.175,7.688
87,15,2,17.496,8.764,16.293,7.743
88,15,2,17.591,8.796,16.388,7.775
89,15,2,17.693,8.828,16.491,7.807
90,15,2,17.804,8.860,16.602,7.839
91,15,2,17.907,8.892,16.705,7.871
92,15,2,18.009,8.916,16.808,7.895
93,15,2,18.112,8.948,16.910,7.927
94,15,2,18.231,8.980,17.029,7.959
95,15,2,18.334,8.996,17.132,7.976
96,15,2,18.452,9.020,17.251,8.000
97,15,2,18.555,9.044,17.353,8.024
98,15,2,18.673,9.076,17.472,8.056
99,15,2,18.776,9.108,17.575,8.088
100,15,2,18.911,9.117,17.709,8.097
101,15,2,19.021,9.141,17.820,8.121
102,15,2,19.124,9.173,17.923,8.153
103,15,2,19.258,9.181,18.058,8.161
104,15,2,19.369,9.205,18.168,8.185
105,15,2,19.829,9.113,18.371,8.485
106,15,2,19.725,9.246,18.428,8.367
107,15,2,19.843,9.254,18.546,8.376
108,15,2,19.962,9.278,18.665,8.400
109,15,2,20.081,9.279,18.784,8.401
110,15,2,20.199,9.287,18.903,8.409
111,15,2,20.318,9.311,19.021,8.433
112,15,2,20.714,9.195,19.114,8.638
113,15,2,20.595,9.305,19.242,8.513
114,15,2,20.697,9.305,19.345,8.513
115,15,2,20.832,9.329,19.479,8.537
116,15,2,20.950,9.330,19.598,8.538
117,15,2,21.077,9.346,19.724,8.554
118,15,2,21.195,9.347,19.843,8.555
119,15,2,21.536,9.254,19.953,8.610
120,15,2,21.425,9.316,20.001,8.548
121,15,2,21.535,9.317,20.112,8.548
122,15,2,21.654,9.333,20.231,8.565
123,15,2,21.780,9.334,20.357,8.565
124,15,2,21.906,9.350,20.484,8.582
125,15,2,22.033,9.350,20.610,8.582
126,15,2,22.530,9.376,20.720,8.645
127,15,2,22.333,9.383,20.879,8.631
128,15,2,22.459,9.392,21.005,8.639
129,15,2,22.577,9.392,21.124,8.640
130,15,2,22.704,9.400,21.250,8.648
131,15,2,22.830,9.401,21.376,8.649
132,15,2,22.956,9.402,21.503,8.649
133,15,2,23.249,9.371,21.684,8.729
134,15,2,23.193,9.410,21.724,8.674
135,15,2,23.319,9.411,21.850,8.674
136,15,2,23.445,9.412,21.977,8.675
137,15,2,23.580,9.412,22.111,8.676
138,15,2,23.714,9.413,22.245,8.676
139,15,2,23.840,9.437,22.371,8.700
140,15,2,24.186,9.454,22.490,8.701
141,15,2,24.060,9.438,22.576,8.709
142,15,2,24.186,9.454,22.703,8.725
143,15,2,24.313,9.455,22.829,8.726
144,15,2,24.439,9.447,22.955,8.719
145,15,2,24.565,9.456,23.081,8.727
146,15,2,24.683,9.456,23.200,8.728
147,15,2,24.896,9.434,23.515,8.729
148,15,2,24.927,9.442,23.445,8.713
149,15,2,25.053,9.450,23.571,8.722
150,15,2,25.164,9.458,23.681,8.730
151,15,2,25.282,9.459,23.799,8.731
152,15,2,25.408,9.459,23.926,8.731
153,15,2,25.534,9.460,24.052,8.732
154,15,2,26.077,9.478,24.233,8.764
155,15,2,25.794,9.477,24.296,8.756
156,15,2,25.912,9.477,24.414,8.757
157,15,2,26.030,9.478,24.532,8.758
158,15,2,26.156,9.478,24.658,8.758
159,15,2,26.266,9.479,24.769,8.759
160,15,2,26.392,9.479,24.895,8.759
161,15,2,26.753,9.559,25.077,8.705
162,15,2,26.628,9.465,25.123,8.745
163,15,2,26.762,9.465,25.257,8.745
164,15,2,26.872,9.466,25.368,8.746
165,15,2,26.974,9.466,25.470,8.746
166,15,2,27.092,9.467,25.588,8.747
167,15,2,27.202,9.467,25.698,8.747
168,15,2,27.352,9.452,25.824,8.756
169,15,2,27.336,9.468,25.832,8.756
170,15,2,27.438,9.460,25.934,8.748
171,15,2,27.548,9.461,26.045,8.749
172,15,2,27.658,9.461,26.155,8.749
173,15,2,27.753,9.462,26.249,8.750
174,15,2,27.863,9.462,26.359,8.750
175,15,2,28.161,9.448,26.619,8.783
176,15,2,28.130,9.463,26.627,8.760
177,15,2,28.232,9.464,26.729,8.760
178,15,2,28.334,9.464,26.831,8.760
179,15,2,28.436,9.465,26.934,8.761
180,15,2,28.538,9.465,27.036,8.761
181,15,2,28.633,9.466,27.130,8.762
182,15,2,28.782,9.451,27.303,8.763
183,15,2,28.782,9.451,27.288,8.755
184,15,2,28.876,9.443,27.382,8.747
185,15,2,28.970,9.444,27.476,8.748
186,15,2,29.065,9.444,27.571,8.748
187,15,2,29.159,9.437,27.665,8.741
188,15,2,29.253,9.429,27.759,8.733
189,15,2,29.332,9.430,27.838,8.734
190,15,2,29.426,9.430,27.932,8.734
191,15,2,29.504,9.430,28.011,8.735
192,15,2,29.583,9.407,28.090,8.712
193,15,2,29.669,9.415,28.176,8.720
194,15,2,29.756,9.416,28.262,8.720
195,15,2,29.834,9.393,28.341,8.697
196,15,2,30.093,9.456,28.144,8.727
197,15,2,29.873,9.440,28.372,8.744
198,15,2,29.952,9.424,28.451,8.729
199,15,2,30.030,9.433,28.529,8.737
200,15,2,30.093,9.433,28.592,8.737
201,15,2,30.171,9.425,28.671,8.730
202,15,2,30.234,9.434,28.733,8.738
203,15,2,30.313,9.418,28.812,8.723
204,15,2,30.375,9.411,28.875,8.715
205,15,2,30.438,9.419,28.938,8.723
206,15,2,30.509,9.419,29.008,8.724
207,15,2,30.579,9.412,29.079,8.716
208,15,2,30.642,9.420,29.142,8.724
209,15,2,30.712,9.420,29.212,8.725
210,15,2,30.893,9.413,29.385,8.765
211,15,2,30.877,9.429,29.377,8.741
212,15,2,30.947,9.429,29.448,8.741
213,15,2,31.018,9.429,29.518,8.742
214,15,2,31.081,9.429,29.581,8.742
215,15,2,31.143,9.430,29.644,8.742
216,15,2,31.206,9.430,29.707,8.743
217,15,2,31.324,9.407,29.887,8.767
218,15,2,31.347,9.431,29.856,8.751
219,15,2,31.410,9.415,29.919,8.736
220,15,2,31.473,9.416,29.981,8.736
221,15,2,31.535,9.416,30.044,8.736
222,15,2,31.598,9.416,30.107,8.737
223,15,2,31.661,9.416,30.169,8.737
224,15,2,31.723,9.417,30.232,8.737
225,15,2,31.786,9.417,30.295,8.738
226,15,2,31.849,9.417,30.358,8.738
227,15,2,31.911,9.417,30.420,8.738
228,15,2,31.974,9.418,30.483,8.738
229,15,2,32.060,9.418,30.569,8.739
230,15,2,32.123,9.418,30.632,8.739
231,15,2,32.185,9.419,30.695,8.739
232,15,2,32.248,9.419,30.757,8.740
233,15,2,32.318,9.404,30.828,8.724
234,15,2,32.381,9.404,30.891,8.725
235,15,2,32.467,9.404,30.977,8.725
236,15,2,32.538,9.405,31.048,8.725
237,15,2,32.600,9.405,31.110,8.726
238,15,2,32.671,9.405,31.181,8.726
239,15,2,32.749,9.398,31.259,8.719
240,15,2,32.820,9.382,31.330,8.703
241,15,2,32.882,9.390,31.392,8.711
242,15,2,32.968,9.391,31.479,8.712
243,15,2,33.031,9.383,31.541,8.704
244,15,2,33.101,9.391,31.612,8.712
245,15,2,33.164,9.376,31.675,8.697
246,15,2,33.226,9.369,31.737,8.690
247,15,2,33.313,9.361,31.823,8.682
248,15,2,33.383,9.361,31.894,8.683
249,15,2,33.446,9.338,31.957,8.659
250,15,2,33.532,9.346,32.043,8.668
251,15,2,33.602,9.347,32.113,8.668
252,15,2,33.688,9.339,32.199,8.661
253,15,2,33.758,9.347,32.270,8.669
254,15,2,33.844,9.348,32.356,8.669
255,15,2,33.915,9.340,32.426,8.662
256,15,2,34.001,9.349,32.512,8.670
257,15,2,34.071,9.349,32.583,8.670
258,15,2,34.157,9.334,32.669,8.655
259,15,2,34.228,9.334,32.740,8.655
260,15,2,34.313,9.334,32.826,8.656
261,15,2,34.384,9.335,32.896,8.656
262,15,2,34.470,9.335,32.982,8.656
263,15,2,34.532,9.335,33.045,8.657
264,15,2,34.602,9.351,33.115,8.673
265,15,2,34.688,9.352,33.201,8.673
266,15,2,34.906,9.446,33.202,8.572
267,15,2,34.774,9.344,33.287,8.666
268,15,2,34.876,9.352,33.389,8.674
269,15,2,34.954,9.353,33.467,8.674
270,15,2,35.024,9.345,33.537,8.667
271,15,2,35.110,9.369,33.623,8.691
272,15,2,35.188,9.369,33.701,8.691
273,15,2,35.382,9.480,33.725,8.652
274,15,2,35.297,9.409,33.810,8.731
275,15,2,35.375,9.417,33.888,8.739
276,15,2,35.391,9.417,33.904,8.739
277,15,2,35.531,9.433,34.045,8.755
278,15,2,35.609,9.434,34.123,8.756
279,15,2,35.711,9.442,34.224,8.764
280,15,2,35.866,9.505,34.412,8.733
281,15,2,35.874,9.466,34.396,8.788
282,15,2,35.968,9.466,34.498,8.789
283,15,2,36.022,9.482,34.552,8.804
284,15,2,36.100,9.498,34.630,8.820
285,15,2,36.178,9.514,34.708,8.836
286,15,2,36.256,9.515,34.786,8.837
287,15,2,36.521,9.594,34.982,8.760
288,15,2,36.451,9.531,34.981,8.853
289,15,2,36.521,9.547,35.051,8.869
290,15,2,36.599,9.563,35.129,8.885
291,15,2,36.692,9.579,35.223,8.901
292,15,2,36.770,9.595,35.301,8.917
293,15,2,36.848,9.626,35.379,8.949
294,15,2,37.104,9.768,35.558,8.942
295,15,2,37.058,9.697,35.589,9.020
296,15,2,37.128,9.721,35.659,9.044
297,15,2,37.214,9.737,35.745,9.060
298,15,2,37.291,9.769,35.823,9.091
299,15,2,37.377,9.792,35.908,9.115
300,15,2,37.447,9.816,35.978,9.139
301,15,2,37.540,9.895,36.134,9.132
302,15,2,37.556,9.840,36.095,9.163
303,15,2,37.641,9.864,36.181,9.187
304,15,2,37.719,9.895,36.258,9.218
305,15,2,37.797,9.919,36.336,9.242
306,15,2,37.874,9.951,36.414,9.273
307,15,2,37.960,9.974,36.500,9.297
308,15,2,38.145,10.240,36.633,9.220
309,15,2,38.099,10.076,36.639,9.391
310,15,2,38.185,10.092,36.725,9.407
311,15,2,38.263,10.116,36.803,9.431
312,15,2,38.348,10.147,36.888,9.463
313,15,2,38.434,10.179,36.974,9.494
314,15,2,38.527,10.211,37.067,9.526
315,15,2,38.782,10.391,37.286,9.433
316,15,2,38.698,10.266,37.238,9.573
317,15,2,38.791,10.297,37.332,9.605
318,15,2,38.861,10.321,37.402,9.629
319,15,2,38.954,10.360,37.495,9.668
320,15,2,39.039,10.392,37.580,9.700
321,15,2,39.125,10.423,37.666,9.731
322,15,2,39.194,10.548,37.876,9.740
323,15,2,39.257,10.494,37.805,9.802
324,15,2,39.342,10.526,37.891,9.834
325,15,2,39.435,10.565,37.984,9.873
326,15,2,39.505,10.596,38.054,9.904
327,15,2,39.598,10.636,38.147,9.944
328,15,2,39.683,10.675,38.233,9.983
329,15,2,39.759,10.901,38.552,10.016
330,15,2,39.869,10.777,38.427,10.078
331,15,2,39.947,10.832,38.504,10.132
332,15,2,40.024,10.871,38.582,10.172
333,15,2,40.109,10.911,38.667,10.211
334,15,2,40.194,10.965,38.752,10.266
335,15,2,40.288,10.997,38.845,10.298
336,15,2,40.356,11.161,39.086,10.361
337,15,2,40.419,11.099,38.985,10.400
338,15,2,40.497,11.138,39.062,10.439
339,15,2,40.590,11.177,39.155,10.478
340,15,2,40.667,11.224,39.233,10.525
341,15,2,40.760,11.271,39.326,10.572
342,15,2,40.837,11.311,39.404,10.612
343,15,2,41.085,11.514,39.629,10.574
344,15,2,41.039,11.405,39.605,10.706
345,15,2,41.116,11.460,39.683,10.761
346,15,2,41.209,11.499,39.776,10.800
347,15,2,41.287,11.538,39.853,10.839
348,15,2,41.379,11.593,39.946,10.894
349,15,2,41.457,11.625,40.024,10.926
350,15,2,41.611,11.882,40.280,10.927
351,15,2,41.619,11.742,40.194,11.036
352,15,2,41.704,11.789,40.279,11.083
353,15,2,41.782,11.836,40.357,11.130
354,15,2,41.867,11.883,40.442,11.177
355,15,2,41.952,11.930,40.527,11.224
356,15,2,42.029,11.977,40.604,11.271
357,15,2,42.159,12.258,40.769,11.147
358,15,2,42.068,12.063,40.643,11.357
359,15,2,42.145,12.094,40.720,11.388
360,15,2,42.222,12.141,40.798,11.435
361,15,2,42.307,12.204,40.883,11.498
362,15,2,42.385,12.251,40.960,11.545
363,15,2,42.462,12.298,41.038,11.592
364,15,2,42.547,12.345,41.123,11.639
365,15,2,42.632,12.407,41.208,11.702
366,15,2,42.709,12.454,41.285,11.749
367,15,2,42.787,12.501,41.363,11.796
368,15,2,42.864,12.548,41.440,11.843
369,15,2,42.941,12.595,41.517,11.890
370,15,2,43.018,12.658,41.595,11.952
371,15,2,43.096,12.705,41.672,11.999
372,15,2,43.173,12.752,41.749,12.046
373,15,2,43.266,12.799,41.842,12.093
374,15,2,43.343,12.854,41.919,12.148
375,15,2,43.420,12.900,41.997,12.195
376,15,2,43.497,12.955,42.074,12.250
377,15,2,43.590,13.002,42.167,12.297
378,15,2,43.668,13.049,42.244,12.344
379,15,2,43.745,13.096,42.322,12.391
380,15,2,43.822,13.143,42.399,12.438
381,15,2,43.899,13.190,42.476,12.485
382,15,2,43.992,13.237,42.569,12.532
383,15,2,44.069,13.284,42.646,12.579
384,15,2,44.147,13.331,42.724,12.626
385,15,2,44.224,13.378,42.801,12.673
386,15,2,44.316,13.425,42.894,12.720
387,15,2,44.394,13.456,42.971,12.751
388,15,2,44.471,13.503,43.049,12.798
389,15,2,44.556,13.542,43.134,12.837
390,15,2,44.633,13.581,43.211,12.877
391,15,2,44.734,13.613,43.312,12.908
392,15,2,44.811,13.660,43.389,12.955
393,15,2,44.904,13.691,43.482,12.986
394,15,2,44.981,13.738,43.559,13.033
395,15,2,45.074,13.769,43.652,13.065
396,15,2,45.151,13.816,43.729,13.112
397,15,2,45.244,13.848,43.822,13.143
398,15,2,45.321,13.879,43.899,13.174
399,15,2,45.414,13.910,43.992,13.206
400,15,2,45.491,13.942,44.070,13.237
