0 0 1 33.642 18.175 32.947 17.466
1 0 1 33.665 18.197 32.939 17.458
2 0 1 33.672 18.152 32.947 17.413
3 0 1 33.680 18.122 32.954 17.383
4 0 1 33.673 18.085 32.947 17.346
5 0 1 33.658 18.025 32.932 17.286
6 0 1 33.658 17.995 32.932 17.256
7 0 1 33.665 17.957 32.939 17.218
8 0 1 33.650 17.912 32.925 17.173
9 0 1 33.628 17.830 32.955 16.910
10 0 1 33.628 17.709 32.933 16.820
11 0 1 33.643 17.664 32.910 16.775
12 0 1 33.621 17.710 32.903 16.663
13 0 1 33.651 17.657 32.895 16.670
14 0 1 33.673 17.597 32.925 16.663
15 0 1 33.651 17.589 32.948 16.678
16 0 1 33.666 17.522 32.955 16.625
17 0 1 33.659 17.416 32.933 16.580
18 0 1 33.696 17.394 32.926 16.565
19 0 1 33.674 17.326 32.926 16.535
20 0 1 33.674 17.274 32.903 16.550
21 0 1 33.674 17.266 32.903 16.528
22 0 1 33.681 17.334 32.918 16.430
23 0 1 33.644 17.251 32.919 16.280
24 0 1 33.666 17.199 32.926 16.227
25 0 1 33.644 17.131 32.926 16.152
26 0 1 33.637 17.101 32.911 16.130
27 0 1 33.607 17.049 32.904 16.153
28 0 1 33.592 17.079 32.874 16.018
29 0 1 33.569 17.027 32.867 15.973
30 0 1 33.577 17.012 32.889 15.973
31 0 1 33.592 16.937 32.889 15.958
32 0 1 33.577 16.884 32.889 15.973
33 0 1 33.577 16.779 32.882 15.943
34 0 1 33.577 16.704 32.874 15.950
35 0 1 33.569 16.967 32.881 16.108
36 0 1 33.592 16.674 32.912 15.935
37 0 1 33.600 16.674 32.904 15.905
38 0 1 33.285 17.043 32.604 16.199
39 0 1 33.585 16.697 32.905 15.770
40 0 1 33.585 16.651 32.904 15.807
41 0 1 33.645 16.591 32.965 15.747
42 0 1 33.585 16.576 32.905 15.732
43 0 1 33.585 16.516 32.905 15.672
44 0 1 33.563 16.494 32.882 15.650
45 0 1 33.585 16.441 32.905 15.597
46 0 1 33.585 16.396 32.905 15.553
47 0 1 33.593 16.336 32.913 15.492
48 0 1 33.563 16.187 32.913 15.200
49 0 1 33.593 16.126 32.898 15.245
50 0 1 33.593 16.104 32.898 15.238
51 0 1 33.593 16.059 32.883 15.230
52 0 1 33.608 16.014 32.846 15.253
53 0 1 33.593 15.984 32.853 15.245
54 0 1 33.601 15.969 32.891 15.178
55 0 1 33.631 15.894 32.883 15.148
56 0 1 33.623 15.886 32.868 15.103
57 0 1 33.616 15.819 32.906 14.975
58 0 1 33.624 15.744 32.891 14.938
59 0 1 33.579 15.759 32.906 14.765
60 0 1 33.579 15.669 32.921 14.705
61 0 1 33.571 15.617 32.929 14.578
62 0 1 33.579 15.557 32.937 14.578
63 0 1 33.594 15.542 32.937 14.563
64 0 1 33.579 15.504 32.907 14.586
65 0 1 33.564 15.504 32.937 14.623
66 0 1 33.579 15.527 32.907 14.518
67 0 1 33.564 15.422 32.922 14.623
68 0 1 33.587 15.414 32.854 14.563
69 0 1 33.542 15.385 32.899 14.586
70 0 1 33.549 15.354 32.907 14.556
71 0 1 33.542 15.317 32.899 14.518
72 0 1 33.564 15.264 32.922 14.466
73 0 1 33.557 15.235 32.914 14.436
74 0 1 33.564 15.205 32.922 14.406
75 0 1 33.557 15.160 32.915 14.361
76 0 1 33.565 15.100 32.922 14.301
77 0 1 33.572 15.055 32.930 14.256
78 0 1 33.580 15.025 32.937 14.226
79 0 1 33.632 14.845 32.930 14.039
80 0 1 33.632 14.830 32.931 13.769
81 0 1 33.595 14.710 32.953 13.911
82 0 1 33.603 14.665 32.960 13.866
83 0 1 33.610 14.635 32.968 13.836
84 0 1 33.618 14.590 32.975 13.791
85 0 1 33.625 14.530 32.983 13.731
86 0 1 33.633 14.485 32.991 13.686
87 0 1 33.640 14.455 32.998 13.656
88 0 1 33.633 14.425 32.991 13.627
89 0 1 33.611 14.380 32.968 13.582
90 0 1 33.573 14.321 32.931 13.522
91 0 1 33.551 14.276 32.909 13.477
92 0 1 33.543 14.246 32.901 13.447
93 0 1 33.566 14.201 32.924 13.402
94 0 1 33.559 14.141 32.916 13.342
95 0 1 33.566 14.081 32.924 13.282
96 0 1 33.559 14.036 32.917 13.238
97 0 1 33.686 13.991 33.014 13.080
98 0 1 33.664 13.931 33.021 13.132
99 0 1 33.671 13.886 33.029 13.088
100 0 1 33.664 13.856 33.022 13.058
101 0 1 33.671 13.811 33.029 13.013
102 0 1 33.664 13.751 33.022 12.953
103 0 1 33.671 13.721 33.029 12.923
104 0 1 33.679 13.676 33.037 12.878
105 0 1 33.701 13.646 33.059 12.848
106 0 1 33.694 13.602 33.052 12.803
107 0 1 33.717 13.557 33.074 12.758
108 0 1 33.709 13.527 33.067 12.728
109 0 1 33.724 13.497 33.082 12.706
111 0 1 33.717 13.489 33.075 12.698
112 0 1 33.709 13.437 33.067 12.646
113 0 1 33.717 13.399 33.075 12.609
114 0 1 33.709 13.347 33.067 12.556
115 0 1 33.732 13.310 33.090 12.519
116 0 1 33.724 13.257 33.082 12.466
117 0 1 33.747 13.205 33.105 12.414
118 0 1 33.754 13.167 33.113 12.377
119 0 1 33.762 13.130 33.120 12.339
120 0 1 33.770 13.078 33.128 12.287
121 0 1 33.777 13.040 33.135 12.249
122 0 1 33.785 13.003 33.143 12.212
123 0 1 33.792 12.965 33.150 12.175
124 0 1 33.785 12.913 33.143 12.122
125 0 1 33.792 12.891 33.150 12.100
126 0 1 33.882 12.688 33.060 12.205
127 0 1 33.890 12.599 33.061 12.063
128 0 1 33.927 12.554 33.113 11.921
129 0 1 33.837 12.629 33.196 11.861
130 0 1 33.927 12.599 33.114 11.696
131 0 1 33.838 12.531 33.196 11.763
132 0 1 33.845 12.636 33.196 11.629
133 0 1 33.838 12.509 33.196 11.741
134 0 1 33.845 12.464 33.203 11.696
135 0 1 33.853 12.434 33.211 11.666
136 0 1 33.845 12.389 33.204 11.621
137 0 1 33.853 12.330 33.211 11.562
138 0 1 33.845 12.285 33.204 11.517
139 0 1 33.868 12.255 33.226 11.487
140 0 1 33.860 12.225 33.219 11.457
141 0 1 33.868 12.180 33.226 11.412
142 0 1 33.876 12.120 33.234 11.352
143 0 1 33.883 12.090 33.241 11.322
144 0 1 34.018 11.843 33.114 11.390
145 0 1 33.913 11.874 33.152 11.345
146 0 1 33.921 11.896 33.189 11.158
147 0 1 33.943 11.866 33.242 11.046
148 0 1 33.906 11.829 33.264 11.083
149 0 1 33.913 11.776 33.272 11.031
150 0 1 33.921 11.724 33.279 10.979
151 0 1 33.943 11.687 33.302 10.941
152 0 1 33.951 11.634 33.309 10.889
153 0 1 33.988 11.582 33.347 10.837
154 0 1 33.996 11.530 33.354 10.784
155 0 1 34.018 11.492 33.377 10.747
156 0 1 34.026 11.440 33.384 10.695
157 0 1 34.048 11.403 33.407 10.657
158 0 1 34.056 11.350 33.414 10.605
159 0 1 34.063 11.313 33.422 10.568
160 0 1 34.071 11.261 33.430 10.515
161 0 1 34.078 11.223 33.437 10.478
162 0 1 34.086 11.186 33.445 10.441
163 0 1 34.108 11.149 33.467 10.403
164 0 1 34.101 11.096 33.460 10.351
165 0 1 34.109 11.044 33.467 10.299
166 0 1 34.116 10.992 33.475 10.247
167 0 1 34.124 10.940 33.482 10.194
168 0 1 34.116 10.887 33.475 10.142
169 0 1 34.124 10.835 33.483 10.090
170 0 1 34.131 10.783 33.490 10.038
171 0 1 34.139 10.745 33.498 10.000
172 0 1 34.131 10.693 33.490 9.948
173 0 1 34.139 10.656 33.498 9.911
174 0 1 34.146 10.604 33.505 9.859
175 0 1 34.154 10.566 33.513 9.821
176 0 1 34.147 10.514 33.505 9.769
177 0 1 34.169 10.477 33.528 9.732
178 0 1 34.162 10.425 33.520 9.679
179 0 1 34.169 10.387 33.528 9.642
180 0 1 34.177 10.335 33.536 9.590
181 0 1 34.199 10.298 33.558 9.553
182 0 1 34.207 10.245 33.566 9.500
183 0 1 34.214 10.193 33.573 9.448
184 0 1 34.222 10.141 33.581 9.396
185 0 1 34.244 10.104 33.603 9.359
186 0 1 34.252 10.036 33.611 9.291
187 0 1 34.274 9.984 33.633 9.239
188 0 1 34.282 9.932 33.641 9.187
189 0 1 34.289 9.880 33.648 9.135
190 0 1 34.297 9.828 33.656 9.083
191 0 1 34.319 9.790 33.678 9.045
192 0 1 34.327 9.738 33.686 8.993
193 0 1 34.334 9.701 33.693 8.956
194 0 1 34.342 9.649 33.701 8.904
195 0 1 34.349 9.611 33.708 8.866
196 0 1 34.342 9.559 33.701 8.814
197 0 1 34.364 9.522 33.723 8.777
198 0 1 34.372 9.470 33.731 8.725
199 0 1 34.379 9.417 33.738 8.673
200 0 1 34.498 9.529 33.791 8.658
201 0 1 34.454 9.455 33.813 8.710
202 0 1 34.461 9.402 33.821 8.658
203 0 1 34.484 9.335 33.843 8.591
204 0 1 34.476 9.283 33.836 8.538
205 0 1 34.499 9.231 33.858 8.486
206 0 1 34.491 9.179 33.851 8.434
207 0 1 34.514 9.127 33.873 8.382
208 0 1 34.506 9.089 33.866 8.345
209 0 1 34.514 9.037 33.873 8.293
210 0 1 34.521 9.000 33.881 8.255
211 0 1 34.529 8.948 33.888 8.203
212 0 1 34.522 8.896 33.881 8.151
213 0 1 34.529 8.843 33.889 8.099
214 0 1 34.522 8.806 33.881 8.062
215 0 1 34.529 8.754 33.889 8.009
216 0 1 34.522 8.702 33.881 7.957
217 0 1 34.529 8.650 33.889 7.905
218 0 1 34.537 8.613 33.896 7.868
219 0 1 34.544 8.545 33.904 7.801
220 0 1 34.537 8.493 33.896 7.749
221 0 1 34.544 8.441 33.904 7.697
222 0 1 34.537 8.389 33.897 7.645
223 0 1 34.545 8.337 33.904 7.592
224 0 1 34.552 8.300 33.912 7.555
225 0 1 34.560 8.248 33.919 7.503
226 0 1 34.552 8.210 33.912 7.466
227 0 1 34.560 8.158 33.919 7.414
228 0 1 34.552 8.121 33.912 7.377
229 0 1 34.560 8.069 33.919 7.324
230 0 1 34.552 8.032 33.912 7.287
231 0 1 34.560 7.980 33.920 7.235
232 0 1 34.552 7.942 33.912 7.198
233 0 1 34.545 7.890 33.905 7.146
234 0 1 34.523 7.853 33.882 7.109
235 0 1 34.530 7.801 33.890 7.056
236 0 1 34.508 7.749 33.868 7.004
237 0 1 34.500 7.697 33.860 6.952
238 0 1 34.478 7.645 33.838 6.900
239 0 1 34.471 7.592 33.831 6.848
240 0 1 34.463 7.555 33.823 6.811
241 0 1 34.456 7.488 33.816 6.744
242 0 1 34.449 7.451 33.808 6.707
243 0 1 34.441 7.399 33.801 6.655
244 0 1 34.434 7.362 33.794 6.617
245 0 1 34.426 7.310 33.786 6.565
246 0 1 34.419 7.272 33.779 6.528
247 0 1 34.426 7.235 33.786 6.491
248 0 1 34.404 7.198 33.764 6.454
249 0 1 34.412 7.146 33.772 6.402
250 0 1 34.404 7.109 33.764 6.364
251 0 1 34.397 7.057 33.757 6.312
252 0 1 34.389 7.005 33.749 6.260
253 0 1 34.397 6.952 33.757 6.208
254 0 1 34.390 6.900 33.750 6.156
255 0 1 34.397 6.848 33.757 6.104
256 0 1 34.390 6.811 33.750 6.067
257 0 1 34.397 6.759 33.757 6.015
258 0 1 34.390 6.707 33.750 5.963
259 0 1 34.397 6.655 33.757 5.911
260 0 1 34.390 6.618 33.750 5.874
261 0 1 34.397 6.566 33.757 5.821
262 0 1 34.390 6.529 33.750 5.784
263 0 1 34.398 6.476 33.758 5.732
264 0 1 34.390 6.439 33.750 5.695
265 0 1 34.383 6.402 33.743 5.658
266 0 1 34.375 6.365 33.735 5.621
267 0 1 34.368 6.313 33.728 5.569
268 0 1 34.346 6.261 33.706 5.517
269 0 1 34.338 6.209 33.698 5.465
270 0 1 34.331 6.172 33.691 5.427
271 0 1 34.324 6.105 33.684 5.360
272 0 1 34.301 6.067 33.661 5.323
273 0 1 34.294 6.001 33.654 5.256
274 0 1 34.286 5.963 33.647 5.219
275 0 1 34.279 5.896 33.639 5.152
276 0 1 34.272 5.859 33.632 5.115
277 0 1 34.264 5.807 33.624 5.063
278 0 1 34.257 5.770 33.617 5.026
279 0 1 34.249 5.718 33.610 4.974
280 0 1 34.227 5.666 33.587 4.922
281 0 1 34.220 5.614 33.580 4.870
282 0 1 34.197 5.577 33.558 4.833
283 0 1 34.190 5.525 33.550 4.781
284 0 1 34.168 5.487 33.528 4.743
285 0 1 34.160 5.435 33.521 4.691
286 0 1 34.153 5.398 33.513 4.654
287 0 1 34.146 5.346 33.506 4.602
288 0 1 34.123 5.294 33.484 4.550
289 0 1 34.116 5.242 33.476 4.498
290 0 1 34.109 5.190 33.469 4.446
291 0 1 34.101 5.138 33.461 4.394
292 0 1 34.079 5.101 33.439 4.357
293 0 1 34.072 5.049 33.432 4.305
294 0 1 34.049 5.012 33.409 4.268
295 0 1 34.042 4.975 33.402 4.231
296 0 1 34.020 4.937 33.380 4.193
297 0 1 34.012 4.900 33.372 4.156
298 0 1 34.005 4.863 33.365 4.119
299 0 1 33.997 4.811 33.358 4.067
300 0 1 33.975 4.789 33.335 4.045
301 0 1 33.968 4.737 33.328 3.993
302 0 1 33.930 4.700 33.291 3.956
303 0 1 33.923 4.648 33.283 3.904
304 0 1 33.901 4.610 33.261 3.866
305 0 1 33.893 4.558 33.254 3.814
306 0 1 33.871 4.521 33.231 3.777
307 0 1 33.879 4.469 33.239 3.725
308 0 1 33.856 4.432 33.217 3.688
309 0 1 33.849 4.380 33.209 3.636
310 0 1 33.842 4.358 33.202 3.614
311 0 1 33.834 4.306 33.194 3.562
312 0 1 33.827 4.283 33.187 3.539
313 0 1 33.819 4.231 33.180 3.487
314 0 1 33.797 4.209 33.157 3.465
315 0 1 33.790 4.172 33.150 3.428
316 0 1 33.767 4.135 33.128 3.391
317 0 1 33.760 4.098 33.120 3.354
318 0 1 33.753 4.061 33.113 3.317
319 0 1 33.745 4.023 33.106 3.279
320 0 1 33.723 3.986 33.083 3.242
321 0 1 33.715 3.934 33.076 3.190
322 0 1 33.708 3.882 33.069 3.138
323 0 1 33.701 3.830 33.061 3.086
324 0 1 33.693 3.778 33.054 3.034
325 0 1 33.686 3.726 33.046 2.982
326 0 1 33.664 3.689 33.024 2.945
327 0 1 33.656 3.652 33.017 2.908
328 0 1 33.649 3.615 33.009 2.871
329 0 1 33.642 3.578 33.002 2.834
330 0 1 33.619 3.555 32.980 2.811
331 0 1 33.612 3.518 32.972 2.774
332 0 1 33.590 3.481 32.950 2.737
333 0 1 33.597 3.444 32.957 2.700
334 0 1 33.575 3.422 32.935 2.678
335 0 1 33.567 3.385 32.928 2.641
336 0 1 33.545 3.347 32.905 2.603
337 0 1 33.553 3.310 32.913 2.566
338 0 1 33.530 3.273 32.891 2.529
339 0 1 33.523 3.221 32.883 2.477
340 0 1 33.501 3.184 32.861 2.440
341 0 1 33.493 3.132 32.854 2.388
342 0 1 33.486 3.080 32.846 2.336
343 0 1 33.478 3.065 32.839 2.321
344 0 1 33.471 3.043 32.831 2.306
345 0 1 33.478 3.021 32.839 2.292
346 0 1 33.471 3.006 32.832 2.284
347 0 1 33.479 2.984 32.839 2.269
348 0 1 33.471 2.961 32.832 2.255
349 0 1 33.464 2.939 32.824 2.240
350 0 1 33.441 2.924 32.802 2.232
351 0 1 33.449 2.894 32.809 2.210
352 0 1 33.441 2.880 32.802 2.202
353 0 1 33.434 2.857 32.794 2.188
354 0 1 33.427 2.835 32.787 2.173
355 0 1 33.434 2.813 32.795 2.158
357 0 1 33.427 2.902 32.787 2.254
358 0 1 33.404 2.865 32.765 2.225
359 0 1 33.382 2.842 32.742 2.210
360 0 1 33.389 2.835 32.750 2.210
362 0 1 33.382 2.894 32.742 2.276
363 0 1 33.374 2.879 32.735 2.269
364 0 1 33.367 2.902 32.727 2.299
365 0 1 33.374 2.894 32.735 2.299
366 0 1 33.352 2.887 32.712 2.299
367 0 1 33.360 2.887 32.720 2.306
368 0 1 33.352 2.887 32.712 2.313
369 0 1 33.360 2.879 32.720 2.313
370 0 1 33.352 2.879 32.712 2.321
0 1 1 30.363 17.497 29.674 16.485
1 1 1 30.386 17.406 29.644 16.500
2 1 1 30.394 17.384 29.659 16.493
3 1 1 30.379 17.384 29.667 16.470
4 1 1 30.386 17.376 29.659 16.478
5 1 1 30.386 17.338 29.659 16.440
6 1 1 30.386 17.301 29.659 16.403
7 1 1 30.416 17.301 29.644 16.448
8 1 1 30.439 17.248 29.644 16.485
9 1 1 30.454 17.195 29.629 16.448
10 1 1 30.462 17.158 29.652 16.327
11 1 1 30.470 17.112 29.675 16.230
12 1 1 30.507 17.142 29.638 16.034
13 1 1 30.477 17.112 29.668 15.929
14 1 1 30.492 17.060 29.684 15.854
15 1 1 30.507 17.037 29.691 15.846
16 1 1 30.463 16.924 29.759 15.914
17 1 1 30.493 16.879 29.789 15.898
18 1 1 30.500 16.819 29.781 15.876
19 1 1 30.486 16.774 29.804 15.838
20 1 1 30.546 16.789 29.834 15.793
21 1 1 30.583 16.773 29.849 15.800
22 1 1 30.553 16.744 29.887 15.800
23 1 1 30.553 16.713 29.924 15.770
24 1 1 30.554 16.646 29.894 15.770
25 1 1 30.569 16.623 29.887 15.770
26 1 1 30.576 16.586 29.887 15.763
27 1 1 30.614 16.548 29.895 15.732
28 1 1 30.607 16.525 29.895 15.702
29 1 1 30.607 16.480 29.895 15.680
30 1 1 30.592 16.428 29.902 15.650
31 1 1 30.584 16.383 29.925 15.605
32 1 1 30.592 16.390 29.925 15.522
33 1 1 30.539 16.323 29.941 15.357
34 1 1 30.562 16.300 29.941 15.304
35 1 1 30.547 16.240 29.941 15.229
36 1 1 30.555 16.187 29.926 15.176
37 1 1 30.532 16.180 29.949 15.124
38 1 1 30.555 16.142 29.942 15.094
39 1 1 30.585 16.112 29.957 15.101
40 1 1 30.570 16.090 29.972 15.079
41 1 1 30.585 16.067 29.972 15.086
42 1 1 30.570 16.022 29.957 15.079
43 1 1 30.563 15.992 29.897 15.071
44 1 1 30.540 15.925 29.881 15.064
45 1 1 30.571 15.917 29.889 15.041
46 1 1 30.601 15.864 29.882 15.026
47 1 1 30.593 15.834 29.874 15.019
48 1 1 30.608 15.804 29.867 15.019
49 1 1 30.616 15.804 29.867 14.997
50 1 1 30.631 15.774 29.882 14.996
51 1 1 30.616 15.781 29.935 14.936
52 1 1 30.609 15.759 29.965 14.846
53 1 1 30.616 15.691 30.003 14.733
54 1 1 30.609 15.631 30.018 14.613
55 1 1 30.654 15.563 30.041 14.560
56 1 1 30.647 15.541 29.996 14.508
57 1 1 30.669 15.511 30.003 14.515
58 1 1 30.654 15.518 29.981 14.508
59 1 1 30.684 15.496 30.026 14.470
60 1 1 30.700 15.451 30.041 14.403
61 1 1 30.700 15.443 30.041 14.388
62 1 1 30.722 15.443 30.071 14.388
63 1 1 30.737 15.398 30.071 14.380
64 1 1 30.760 15.360 30.064 14.373
65 1 1 30.737 15.338 30.079 14.343
66 1 1 30.708 15.248 30.101 14.425
67 1 1 30.708 15.225 30.101 14.402
68 1 1 30.708 15.180 30.102 14.357
69 1 1 30.708 15.180 30.102 14.357
70 1 1 30.708 15.143 30.102 14.320
71 1 1 30.708 15.105 30.102 14.282
72 1 1 30.708 15.098 30.102 14.275
73 1 1 30.708 15.075 30.102 14.252
74 1 1 30.708 15.128 30.102 14.305
75 1 1 30.708 15.015 30.102 14.192
76 1 1 30.708 14.978 30.102 14.155
77 1 1 30.708 14.940 30.102 14.117
78 1 1 30.806 14.932 30.080 13.945
79 1 1 30.799 14.902 30.080 13.952
80 1 1 30.836 14.865 30.050 13.952
81 1 1 30.746 14.812 30.140 13.990
82 1 1 30.746 14.775 30.140 13.952
83 1 1 30.731 14.745 30.125 13.922
84 1 1 30.747 14.715 30.140 13.892
85 1 1 30.732 14.677 30.126 13.855
86 1 1 30.747 14.655 30.141 13.832
87 1 1 30.732 14.617 30.126 13.795
88 1 1 30.747 14.595 30.141 13.772
89 1 1 30.732 14.557 30.126 13.735
90 1 1 30.747 14.520 30.141 13.697
91 1 1 30.732 14.482 30.126 13.660
92 1 1 30.747 14.460 30.141 13.637
93 1 1 30.732 14.407 30.126 13.585
94 1 1 30.747 14.385 30.141 13.562
95 1 1 30.733 14.332 30.127 13.510
96 1 1 30.748 14.295 30.142 13.472
97 1 1 30.748 14.257 30.142 13.435
98 1 1 30.748 14.205 30.142 13.382
99 1 1 30.763 14.137 30.157 13.315
100 1 1 30.778 14.085 30.172 13.262
101 1 1 30.778 14.017 30.173 13.195
102 1 1 30.794 13.965 30.188 13.142
103 1 1 30.809 13.897 30.203 13.075
104 1 1 30.809 13.845 30.203 13.022
105 1 1 30.824 13.777 30.218 12.955
106 1 1 30.839 13.724 30.233 12.902
107 1 1 30.839 13.672 30.234 12.850
108 1 1 30.840 13.620 30.234 12.797
109 1 1 30.840 13.552 30.234 12.730
110 1 1 30.862 13.537 30.121 12.820
111 1 1 30.847 13.470 30.106 12.753
112 1 1 30.780 13.515 30.174 12.707
113 1 1 30.788 13.342 30.099 12.520
114 1 1 30.743 13.343 30.137 12.535
115 1 1 30.810 13.312 30.077 12.341
116 1 1 30.788 13.305 30.078 12.281
117 1 1 30.758 13.290 30.063 12.243
118 1 1 30.788 13.237 30.055 12.198
119 1 1 30.803 13.170 30.040 12.183
120 1 1 30.818 13.132 30.033 12.176
121 1 1 30.826 13.095 30.025 12.153
122 1 1 30.849 13.012 30.003 12.153
123 1 1 30.834 12.975 29.980 12.146
124 1 1 30.706 12.960 30.100 12.153
125 1 1 30.691 12.923 30.086 12.116
126 1 1 30.676 12.871 30.071 12.063
127 1 1 30.827 12.653 29.943 12.041
128 1 1 30.767 12.571 29.951 11.944
129 1 1 30.707 12.586 29.929 11.891
130 1 1 30.737 12.578 29.936 11.764
131 1 1 30.737 12.481 29.922 11.554
132 1 1 30.663 12.429 29.855 11.510
133 1 1 30.565 12.362 29.960 11.577
134 1 1 30.550 12.332 29.945 11.547
135 1 1 30.535 12.287 29.930 11.502
136 1 1 30.520 12.257 29.915 11.472
137 1 1 30.506 12.212 29.900 11.427
138 1 1 30.491 12.152 29.885 11.367
139 1 1 30.528 12.362 29.765 11.398
140 1 1 30.520 12.294 29.780 11.405
141 1 1 30.445 12.242 29.840 11.457
142 1 1 30.431 12.107 29.682 11.353
143 1 1 30.401 12.040 29.660 11.353
144 1 1 30.431 11.995 29.607 11.316
145 1 1 30.439 11.898 29.630 11.331
146 1 1 30.439 11.883 29.600 11.293
147 1 1 30.319 11.965 29.713 11.218
148 1 1 30.402 11.823 29.571 11.024
149 1 1 30.402 11.763 29.571 10.941
150 1 1 30.289 11.726 29.684 10.979
151 1 1 30.274 11.688 29.669 10.941
152 1 1 30.245 11.651 29.639 10.904
153 1 1 30.230 11.599 29.624 10.851
154 1 1 30.230 11.546 29.624 10.799
155 1 1 30.215 11.494 29.609 10.747
156 1 1 30.170 11.457 29.564 10.709
157 1 1 30.170 11.419 29.564 10.672
158 1 1 30.155 11.382 29.549 10.634
159 1 1 30.110 11.329 29.505 10.582
160 1 1 30.110 11.292 29.505 10.545
161 1 1 30.313 11.269 29.467 10.635
162 1 1 30.276 11.142 29.407 10.552
163 1 1 30.239 11.075 29.377 10.470
164 1 1 30.194 11.022 29.385 10.395
165 1 1 30.171 11.007 29.393 10.350
166 1 1 30.096 11.015 29.378 10.268
167 1 1 30.066 10.970 29.364 10.089
168 1 1 30.036 10.978 29.356 10.036
169 1 1 30.044 10.963 29.356 9.984
170 1 1 29.991 10.948 29.349 9.902
171 1 1 29.976 10.941 29.349 9.872
172 1 1 29.976 10.933 29.334 9.879
173 1 1 29.954 10.761 29.349 10.051
174 1 1 29.940 10.716 29.334 10.006
175 1 1 29.940 10.656 29.334 9.946
176 1 1 29.925 10.611 29.319 9.902
177 1 1 29.910 10.566 29.304 9.857
178 1 1 29.910 10.507 29.304 9.797
179 1 1 29.895 10.462 29.290 9.752
180 1 1 29.895 10.417 29.290 9.707
181 1 1 29.896 10.372 29.290 9.662
182 1 1 29.881 10.342 29.275 9.632
183 1 1 29.881 10.282 29.275 9.573
184 1 1 29.866 10.237 29.260 9.528
185 1 1 29.866 10.178 29.260 9.468
186 1 1 29.889 10.170 29.149 9.251
187 1 1 29.874 10.140 29.134 9.102
188 1 1 29.859 10.110 29.111 9.109
189 1 1 29.904 10.170 29.104 8.982
190 1 1 29.889 10.118 29.112 8.907
191 1 1 29.874 10.103 29.090 8.892
192 1 1 29.844 10.065 29.082 8.892
193 1 1 29.814 9.938 29.104 8.974
194 1 1 29.800 9.878 29.082 8.960
195 1 1 29.845 9.804 29.127 8.960
196 1 1 29.860 9.729 29.142 8.922
197 1 1 29.868 9.662 29.112 8.877
198 1 1 29.876 9.534 29.082 8.803
199 1 1 29.778 9.527 29.172 8.817
200 1 1 29.778 9.482 29.173 8.773
201 1 1 29.778 9.452 29.173 8.743
202 1 1 29.778 9.407 29.173 8.698
203 1 1 29.779 9.348 29.173 8.638
204 1 1 29.779 9.303 29.173 8.593
205 1 1 29.794 9.258 29.188 8.548
206 1 1 29.794 9.198 29.189 8.489
207 1 1 29.809 9.153 29.204 8.444
208 1 1 29.824 9.108 29.219 8.399
209 1 1 29.825 9.049 29.219 8.339
210 1 1 29.840 8.989 29.234 8.279
211 1 1 29.855 8.944 29.249 8.235
212 1 1 29.870 8.899 29.265 8.190
213 1 1 29.885 8.854 29.280 8.145
214 1 1 29.900 8.824 29.295 8.115
215 1 1 29.900 8.780 29.295 8.070
216 1 1 29.916 8.720 29.310 8.010
217 1 1 29.931 8.675 29.325 7.966
218 1 1 29.931 8.645 29.325 7.936
219 1 1 29.946 8.615 29.341 7.906
220 1 1 29.946 8.585 29.341 7.876
221 1 1 29.961 8.540 29.356 7.831
222 1 1 29.961 8.496 29.356 7.786
223 1 1 29.976 8.466 29.371 7.756
224 1 1 29.976 8.436 29.371 7.727
225 1 1 29.976 8.391 29.371 7.682
226 1 1 29.977 8.331 29.371 7.622
227 1 1 29.977 8.287 29.372 7.577
228 1 1 29.992 8.242 29.387 7.532
229 1 1 29.992 8.167 29.387 7.458
230 1 1 29.992 8.122 29.387 7.413
231 1 1 30.007 8.063 29.402 7.353
232 1 1 30.008 8.003 29.403 7.294
233 1 1 30.023 7.958 29.418 7.249
234 1 1 30.023 7.913 29.418 7.204
235 1 1 30.038 7.853 29.433 7.144
236 1 1 30.038 7.809 29.433 7.100
237 1 1 30.053 7.779 29.448 7.070
238 1 1 30.053 7.734 29.448 7.025
239 1 1 30.069 7.689 29.463 6.980
240 1 1 30.069 7.659 29.464 6.950
241 1 1 30.084 7.615 29.479 6.906
242 1 1 30.084 7.555 29.479 6.846
243 1 1 30.099 7.510 29.494 6.801
244 1 1 30.114 7.465 29.509 6.756
245 1 1 30.129 7.406 29.524 6.697
246 1 1 30.144 7.361 29.540 6.652
247 1 1 30.160 7.316 29.555 6.607
248 1 1 30.175 7.256 29.570 6.547
249 1 1 30.190 7.197 29.585 6.488
250 1 1 30.205 7.152 29.600 6.443
251 1 1 30.220 7.122 29.615 6.413
252 1 1 30.407 7.070 29.586 6.324
253 1 1 30.288 7.048 29.683 6.339
254 1 1 30.303 7.003 29.698 6.294
255 1 1 30.318 6.988 29.713 6.279
256 1 1 30.318 6.943 29.713 6.234
257 1 1 30.333 6.913 29.728 6.205
258 1 1 30.348 6.869 29.743 6.160
259 1 1 30.348 6.824 29.744 6.115
260 1 1 30.348 6.794 29.744 6.085
261 1 1 30.363 6.764 29.759 6.055
262 1 1 30.378 6.720 29.774 6.011
263 1 1 30.364 6.660 29.759 5.951
264 1 1 30.379 6.600 29.774 5.891
265 1 1 30.379 6.541 29.774 5.832
266 1 1 30.379 6.496 29.774 5.787
267 1 1 30.379 6.451 29.775 5.742
268 1 1 30.379 6.391 29.775 5.683
269 1 1 30.379 6.347 29.775 5.638
270 1 1 30.395 6.317 29.790 5.608
271 1 1 30.410 6.272 29.805 5.564
272 1 1 30.395 6.213 29.790 5.504
273 1 1 30.410 6.183 29.805 5.474
274 1 1 30.410 6.153 29.805 5.444
275 1 1 30.395 6.108 29.791 5.400
276 1 1 30.410 6.078 29.806 5.370
277 1 1 30.410 6.034 29.806 5.325
278 1 1 30.410 5.989 29.806 5.280
279 1 1 30.425 5.959 29.821 5.251
280 1 1 30.441 5.929 29.836 5.221
281 1 1 30.426 5.885 29.821 5.176
282 1 1 30.441 5.840 29.836 5.131
283 1 1 30.441 5.795 29.837 5.087
284 1 1 30.456 5.736 29.852 5.027
285 1 1 30.471 5.676 29.867 4.968
286 1 1 30.471 5.617 29.867 4.908
287 1 1 30.486 5.572 29.882 4.863
288 1 1 30.516 5.542 29.912 4.834
289 1 1 30.532 5.497 29.927 4.789
290 1 1 30.517 5.438 29.912 4.729
291 1 1 30.547 5.393 29.943 4.685
292 1 1 30.547 5.378 29.943 4.670
293 1 1 30.562 5.319 29.958 4.610
294 1 1 30.547 5.274 29.943 4.566
295 1 1 30.562 5.259 29.958 4.551
296 1 1 30.562 5.200 29.958 4.491
297 1 1 30.562 5.170 29.958 4.461
298 1 1 30.563 5.125 29.958 4.417
299 1 1 30.578 5.110 29.973 4.402
300 1 1 30.593 5.066 29.988 4.357
301 1 1 30.578 5.036 29.974 4.327
302 1 1 30.593 4.991 29.989 4.283
303 1 1 30.578 4.932 29.974 4.223
304 1 1 30.593 4.887 29.989 4.179
305 1 1 30.578 4.842 29.974 4.134
306 1 1 30.593 4.783 29.989 4.074
307 1 1 30.579 4.738 29.974 4.030
308 1 1 30.594 4.708 29.990 4.000
309 1 1 30.579 4.664 29.975 3.955
310 1 1 30.594 4.619 29.990 3.911
311 1 1 30.579 4.604 29.975 3.896
312 1 1 30.594 4.545 29.990 3.836
313 1 1 30.579 4.515 29.975 3.806
314 1 1 30.594 4.485 29.990 3.777
315 1 1 30.579 4.455 29.975 3.747
316 1 1 30.594 4.425 29.990 3.717
317 1 1 30.579 4.396 29.975 3.687
318 1 1 30.595 4.366 29.991 3.658
319 1 1 30.580 4.336 29.976 3.628
320 1 1 30.595 4.306 29.991 3.598
321 1 1 30.595 4.262 29.991 3.554
322 1 1 30.595 4.247 29.991 3.539
323 1 1 30.610 4.202 30.006 3.494
324 1 1 30.625 4.173 30.021 3.464
325 1 1 30.625 4.128 30.021 3.420
326 1 1 30.640 4.068 30.036 3.360
327 1 1 30.670 4.039 30.066 3.331
328 1 1 30.685 4.009 30.081 3.301
329 1 1 30.685 3.979 30.081 3.271
330 1 1 30.685 3.950 30.082 3.241
331 1 1 30.700 3.920 30.097 3.212
332 1 1 30.715 3.905 30.112 3.197
333 1 1 30.715 3.890 30.112 3.182
334 1 1 30.731 3.845 30.127 3.137
335 1 1 30.746 3.831 30.142 3.123
336 1 1 30.746 3.801 30.142 3.093
337 1 1 30.746 3.771 30.142 3.063
338 1 1 30.761 3.741 30.157 3.033
339 1 1 30.776 3.712 30.172 3.004
340 1 1 30.776 3.697 30.172 2.989
341 1 1 30.776 3.682 30.172 2.974
342 1 1 30.776 3.637 30.172 2.929
343 1 1 30.776 3.623 30.172 2.915
344 1 1 30.791 3.578 30.187 2.870
345 1 1 30.806 3.548 30.202 2.840
346 1 1 30.791 3.518 30.188 2.810
347 1 1 30.806 3.474 30.203 2.766
348 1 1 30.806 3.429 30.203 2.721
349 1 1 30.806 3.400 30.203 2.692
350 1 1 30.807 3.355 30.203 2.647
351 1 1 30.807 3.310 30.203 2.602
352 1 1 30.792 3.295 30.188 2.587
353 1 1 30.807 3.251 30.203 2.543
354 1 1 30.792 3.236 30.188 2.528
355 1 1 30.807 3.191 30.203 2.483
356 1 1 30.792 3.176 30.189 2.469
357 1 1 30.807 3.147 30.204 2.439
358 1 1 30.792 3.117 30.189 2.409
359 1 1 30.807 3.102 30.204 2.394
360 1 1 30.807 3.087 30.204 2.379
361 1 1 30.807 3.058 30.204 2.350
362 1 1 30.807 3.035 30.204 2.327
363 1 1 30.807 3.028 30.204 2.320
364 1 1 30.807 3.020 30.204 2.313
365 1 1 30.808 2.998 30.204 2.298
366 1 1 30.822 2.991 30.219 2.298
367 1 1 30.837 2.976 30.234 2.290
368 1 1 30.823 2.954 30.219 2.275
369 1 1 30.838 2.946 30.234 2.276
370 1 1 30.838 2.916 30.234 2.253
0 2 1 31.380 4.107 30.687 3.236
1 2 1 31.402 4.130 30.680 3.221
2 2 1 31.410 4.174 30.687 3.265
3 2 1 31.417 4.189 30.695 3.280
4 2 1 31.410 4.226 30.687 3.317
5 2 1 31.395 4.271 30.672 3.362
6 2 1 31.395 4.316 30.672 3.407
7 2 1 31.402 4.353 30.679 3.444
8 2 1 31.409 4.390 30.687 3.481
9 2 1 31.417 4.427 30.694 3.518
10 2 1 31.409 4.479 30.686 3.570
11 2 1 31.409 4.516 30.686 3.607
12 2 1 31.424 4.568 30.701 3.659
13 2 1 31.431 4.621 30.708 3.712
14 2 1 31.431 4.673 30.708 3.764
15 2 1 31.431 4.710 30.708 3.801
16 2 1 31.423 4.762 30.701 3.853
17 2 1 31.423 4.792 30.701 3.883
18 2 1 31.438 4.836 30.715 3.927
19 2 1 31.446 4.874 30.723 3.964
20 2 1 31.438 4.911 30.715 4.002
21 2 1 31.445 4.948 30.723 4.039
22 2 1 31.453 4.985 30.730 4.076
23 2 1 31.460 5.008 30.737 4.098
24 2 1 31.453 5.060 30.730 4.150
25 2 1 31.460 5.082 30.737 4.173
26 2 1 31.460 5.134 30.737 4.225
27 2 1 31.475 5.156 30.752 4.247
28 2 1 31.482 5.208 30.759 4.299
29 2 1 31.490 5.231 30.767 4.322
30 2 1 31.497 5.268 30.774 4.359
31 2 1 31.504 5.305 30.781 4.396
32 2 1 31.504 5.342 30.781 4.433
33 2 1 31.519 5.365 30.796 4.456
34 2 1 31.512 5.402 30.789 4.493
35 2 1 31.481 5.610 30.789 4.218
36 2 1 31.489 5.439 30.781 4.389
37 2 1 31.489 5.469 30.781 4.418
38 2 1 31.489 5.499 30.781 4.448
39 2 1 31.489 5.529 30.781 4.478
40 2 1 31.489 5.558 30.781 4.508
41 2 1 31.489 5.588 30.781 4.537
42 2 1 31.489 5.618 30.781 4.567
43 2 1 31.488 5.663 30.781 4.612
44 2 1 31.488 5.692 30.781 4.642
45 2 1 31.488 5.722 30.781 4.671
46 2 1 31.473 5.752 30.766 4.701
47 2 1 31.473 5.782 30.766 4.731
48 2 1 31.473 5.811 30.765 4.761
49 2 1 31.458 5.841 30.750 4.790
50 2 1 31.458 5.871 30.750 4.820
51 2 1 31.458 5.901 30.750 4.850
52 2 1 31.458 5.931 30.750 4.880
53 2 1 31.458 5.960 30.750 4.910
54 2 1 31.443 5.990 30.735 4.939
55 2 1 31.443 6.005 30.735 4.954
56 2 1 31.443 6.035 30.735 4.984
57 2 1 31.443 6.065 30.735 5.014
58 2 1 31.443 6.079 30.735 5.029
59 2 1 31.443 6.109 30.735 5.058
60 2 1 31.443 6.139 30.735 5.088
61 2 1 31.442 6.169 30.735 5.118
62 2 1 31.442 6.199 30.735 5.148
63 2 1 31.442 6.228 30.734 5.178
64 2 1 31.442 6.243 30.734 5.192
65 2 1 31.442 6.273 30.734 5.222
66 2 1 31.442 6.303 30.734 5.252
67 2 1 31.457 6.318 30.749 5.267
68 2 1 31.457 6.348 30.749 5.297
69 2 1 31.502 6.452 30.778 5.602
70 2 1 31.517 6.445 30.763 5.632
71 2 1 31.502 6.445 30.771 5.632
72 2 1 31.494 6.452 30.763 5.624
73 2 1 31.502 6.437 30.763 5.677
74 2 1 31.517 6.437 30.763 5.691
75 2 1 31.509 6.437 30.770 5.721
76 2 1 31.517 6.430 30.763 5.721
77 2 1 31.494 6.512 30.786 5.639
78 2 1 31.494 6.526 30.786 5.654
79 2 1 31.494 6.541 30.786 5.669
80 2 1 31.494 6.571 30.785 5.699
81 2 1 31.494 6.586 30.785 5.714
82 2 1 31.494 6.601 30.785 5.729
83 2 1 31.479 6.616 30.770 5.744
84 2 1 31.494 6.646 30.785 5.773
85 2 1 31.479 6.661 30.770 5.788
86 2 1 31.479 6.690 30.770 5.818
87 2 1 31.464 6.705 30.755 5.833
88 2 1 31.449 6.735 30.740 5.863
89 2 1 31.449 6.750 30.740 5.878
90 2 1 31.434 6.780 30.725 5.907
91 2 1 31.433 6.892 30.665 6.027
92 2 1 31.426 6.899 30.665 6.071
93 2 1 31.351 6.914 30.642 6.101
94 2 1 31.351 6.914 30.635 6.108
95 2 1 31.343 6.929 30.635 6.086
96 2 1 31.306 6.944 30.619 6.235
97 2 1 31.313 7.003 30.612 6.168
98 2 1 31.306 7.026 30.605 6.190
99 2 1 31.298 7.063 30.597 6.228
100 2 1 31.291 7.070 30.589 6.235
101 2 1 31.283 7.108 30.582 6.272
102 2 1 31.291 7.130 30.589 6.295
103 2 1 31.238 7.145 30.567 6.392
104 2 1 31.253 7.175 30.559 6.347
105 2 1 31.253 7.205 30.559 6.377
106 2 1 31.230 7.391 30.551 6.511
107 2 1 31.230 7.354 30.544 6.526
108 2 1 31.223 7.383 30.536 6.556
109 2 1 31.215 7.413 30.529 6.585
110 2 1 31.207 7.443 30.521 6.615
111 2 1 31.200 7.473 30.513 6.645
112 2 1 31.185 7.376 30.536 6.593
113 2 1 31.170 7.376 30.521 6.623
114 2 1 31.155 7.331 30.499 6.630
115 2 1 31.170 7.369 30.483 6.667
116 2 1 31.155 7.413 30.491 6.615
117 2 1 31.155 7.428 30.491 6.630
118 2 1 31.207 7.451 30.475 6.869
119 2 1 31.207 7.473 30.453 6.899
120 2 1 31.185 7.503 30.460 6.921
121 2 1 31.170 7.510 30.430 6.936
122 2 1 31.177 7.540 30.385 6.966
123 2 1 31.177 7.570 30.340 6.988
124 2 1 31.185 7.570 30.303 7.003
125 2 1 31.200 7.548 30.288 6.973
126 2 1 31.215 7.533 30.295 6.988
127 2 1 31.192 7.540 30.325 6.988
128 2 1 31.215 7.533 30.295 7.003
129 2 1 31.087 7.622 30.423 6.913
130 2 1 31.072 7.637 30.408 6.928
131 2 1 31.057 7.652 30.393 6.943
132 2 1 31.057 7.667 30.393 6.958
133 2 1 31.042 7.667 30.378 6.958
134 2 1 31.027 7.682 30.363 6.973
135 2 1 31.012 7.697 30.348 6.988
136 2 1 31.012 7.712 30.348 7.003
137 2 1 30.997 7.712 30.333 7.003
138 2 1 30.997 7.727 30.333 7.018
139 2 1 30.982 7.727 30.318 7.018
140 2 1 30.982 7.741 30.318 7.033
141 2 1 30.967 7.756 30.303 7.048
142 2 1 30.967 7.771 30.303 7.063
143 2 1 30.967 7.786 30.303 7.077
144 2 1 30.967 7.801 30.302 7.092
145 2 1 30.967 7.831 30.302 7.122
146 2 1 30.952 7.846 30.287 7.137
147 2 1 30.952 7.861 30.287 7.152
148 2 1 30.952 7.876 30.287 7.167
149 2 1 30.952 7.906 30.287 7.197
150 2 1 30.952 7.935 30.287 7.227
151 2 1 30.952 7.965 30.287 7.256
152 2 1 30.952 7.995 30.287 7.286
153 2 1 30.952 8.010 30.287 7.301
154 2 1 30.951 8.040 30.287 7.331
155 2 1 30.951 8.070 30.287 7.361
156 2 1 30.966 8.100 30.302 7.391
157 2 1 30.966 8.129 30.302 7.421
158 2 1 30.966 8.144 30.302 7.436
159 2 1 30.981 8.174 30.316 7.465
160 2 1 30.981 8.204 30.316 7.495
161 2 1 30.996 8.234 30.331 7.525
162 2 1 30.996 8.279 30.331 7.570
163 2 1 30.996 8.309 30.331 7.600
164 2 1 30.996 8.338 30.331 7.630
165 2 1 30.996 8.368 30.331 7.659
166 2 1 30.995 8.398 30.331 7.689
167 2 1 30.995 8.443 30.331 7.734
168 2 1 30.995 8.473 30.331 7.764
169 2 1 30.980 8.503 30.315 7.794
170 2 1 30.980 8.547 30.315 7.839
171 2 1 31.002 8.921 30.113 7.883
172 2 1 31.017 8.913 30.068 7.876
173 2 1 30.994 8.951 30.083 7.868
174 2 1 30.964 8.951 30.113 7.861
175 2 1 30.964 8.973 30.143 7.995
176 2 1 30.882 8.846 30.217 8.107
177 2 1 30.941 9.010 30.210 8.100
178 2 1 30.934 8.995 30.210 8.167
179 2 1 30.942 8.988 30.202 8.316
180 2 1 30.934 8.995 30.201 8.428
181 2 1 30.926 9.063 30.216 8.503
182 2 1 30.904 9.093 30.216 8.533
183 2 1 30.866 9.160 30.171 8.540
184 2 1 30.851 9.197 30.186 8.496
185 2 1 30.836 9.235 30.171 8.533
186 2 1 30.836 9.287 30.171 8.585
187 2 1 30.821 9.339 30.156 8.637
188 2 1 30.745 9.758 30.171 8.645
189 2 1 30.745 9.788 30.186 8.667
190 2 1 30.752 9.802 30.171 8.690
191 2 1 30.745 9.825 30.155 8.735
192 2 1 30.729 9.870 30.140 8.839
193 2 1 30.737 9.892 30.140 8.906
194 2 1 30.744 9.900 30.125 8.996
195 2 1 30.714 9.855 30.087 9.123
196 2 1 30.737 9.847 30.049 9.243
197 2 1 30.729 9.862 30.011 9.303
198 2 1 30.707 9.922 29.959 9.340
199 2 1 30.676 10.109 29.906 9.362
200 2 1 30.646 10.176 29.869 9.355
201 2 1 30.653 10.259 29.876 9.377
202 2 1 30.638 10.333 29.838 9.400
203 2 1 30.653 10.333 29.831 9.400
204 2 1 30.646 10.341 29.876 9.400
205 2 1 30.601 10.348 29.816 9.437
206 2 1 30.631 10.378 29.808 9.542
207 2 1 30.623 10.423 29.808 9.542
208 2 1 30.526 10.319 29.905 9.632
209 2 1 30.496 10.371 29.875 9.684
210 2 1 30.480 10.438 29.860 9.751
211 2 1 30.465 10.476 29.845 9.789
212 2 1 30.465 10.528 29.845 9.841
213 2 1 30.450 10.580 29.829 9.893
214 2 1 30.420 10.633 29.799 9.946
215 2 1 30.405 10.670 29.784 9.983
216 2 1 30.390 10.723 29.769 10.036
217 2 1 30.375 10.775 29.754 10.088
218 2 1 30.359 10.828 29.739 10.140
219 2 1 30.344 10.880 29.724 10.193
220 2 1 30.344 10.947 29.723 10.260
221 2 1 30.344 11.000 29.723 10.312
222 2 1 30.329 11.052 29.708 10.365
223 2 1 30.314 11.104 29.693 10.417
224 2 1 30.373 11.344 29.640 10.627
225 2 1 30.343 11.389 29.609 10.687
226 2 1 30.313 11.396 29.601 10.822
227 2 1 30.320 11.449 29.609 10.874
228 2 1 30.312 11.546 29.609 10.896
229 2 1 30.304 11.718 29.594 10.851
230 2 1 30.289 11.823 29.609 10.829
231 2 1 30.311 11.883 29.594 10.859
232 2 1 30.281 11.965 29.601 10.859
233 2 1 30.221 11.988 29.601 10.866
234 2 1 30.244 11.988 29.571 10.896
235 2 1 30.251 12.078 29.571 10.986
236 2 1 30.221 12.115 29.518 11.084
237 2 1 30.228 12.063 29.518 11.174
238 2 1 30.258 12.063 29.510 11.233
239 2 1 30.258 12.055 29.495 11.301
240 2 1 30.243 12.115 29.479 11.443
241 2 1 30.251 12.175 29.449 11.563
242 2 1 30.160 12.190 29.539 11.533
243 2 1 30.145 12.228 29.524 11.570
244 2 1 30.152 12.490 29.464 11.511
245 2 1 30.160 12.505 29.486 11.578
246 2 1 30.152 12.580 29.479 11.578
247 2 1 30.144 12.625 29.494 11.600
248 2 1 30.121 12.685 29.464 11.660
249 2 1 30.114 12.730 29.433 11.698
250 2 1 30.084 12.685 29.418 11.855
251 2 1 30.046 12.678 29.410 11.893
252 2 1 30.091 12.693 29.425 11.923
253 2 1 30.084 12.708 29.403 11.938
254 2 1 30.091 12.738 29.395 12.028
255 2 1 30.091 12.828 29.394 12.170
256 2 1 30.151 12.812 29.424 12.275
257 2 1 30.158 12.857 29.401 12.327
258 2 1 30.181 12.955 29.416 12.372
259 2 1 30.106 12.977 29.484 12.342
260 2 1 30.105 13.007 29.484 12.372
261 2 1 30.105 13.052 29.484 12.417
262 2 1 30.105 13.097 29.484 12.462
263 2 1 30.105 13.127 29.484 12.492
264 2 1 30.105 13.172 29.483 12.537
265 2 1 30.105 13.232 29.483 12.597
266 2 1 30.105 13.292 29.483 12.657
267 2 1 30.120 13.352 29.498 12.717
268 2 1 30.119 13.397 29.498 12.762
269 2 1 30.119 13.442 29.498 12.807
270 2 1 30.119 13.517 29.497 12.882
271 2 1 30.134 13.562 29.512 12.927
272 2 1 30.134 13.622 29.512 12.987
273 2 1 30.119 13.682 29.497 13.047
274 2 1 30.118 13.727 29.497 13.092
275 2 1 30.133 13.757 29.512 13.122
276 2 1 30.148 13.802 29.526 13.167
277 2 1 30.163 13.862 29.541 13.227
278 2 1 30.178 13.907 29.556 13.272
279 2 1 30.193 13.937 29.571 13.302
280 2 1 30.223 13.967 29.601 13.332
281 2 1 30.238 14.012 29.616 13.376
283 2 1 30.230 14.004 29.609 13.369
284 2 1 30.245 14.034 29.623 13.399
285 2 1 30.275 14.049 29.653 13.414
286 2 1 30.290 14.079 29.668 13.444
288 2 1 30.283 14.072 29.661 13.436
289 2 1 30.313 14.086 29.691 13.451
290 2 1 30.313 14.056 29.691 13.421
292 2 1 30.305 14.049 29.684 13.414
293 2 1 30.305 14.049 29.684 13.414
294 2 1 30.305 14.049 29.684 13.414
295 2 1 30.305 14.049 29.684 13.414
296 2 1 30.290 14.034 29.669 13.399
297 2 1 30.275 14.034 29.654 13.399
298 2 1 30.477 14.431 29.743 13.751
299 2 1 30.574 14.761 29.854 14.043
300 2 1 30.648 15.188 29.966 14.373
301 2 1 30.610 15.083 29.989 14.448
302 2 1 30.610 15.128 29.988 14.493
303 2 1 30.625 15.173 30.003 14.538
304 2 1 30.625 15.233 30.003 14.598
305 2 1 30.640 15.278 30.018 14.643
306 2 1 30.655 15.338 30.033 14.703
307 2 1 30.670 15.398 30.048 14.763
308 2 1 30.685 15.443 30.063 14.808
309 2 1 30.647 15.549 30.047 14.921
310 2 1 30.691 15.691 30.062 14.913
311 2 1 30.699 15.743 30.062 14.913
312 2 1 30.759 15.811 30.055 14.898
313 2 1 30.766 15.863 30.093 14.875
314 2 1 30.796 15.946 30.108 14.883
315 2 1 30.811 15.953 30.092 14.898
316 2 1 30.848 16.073 30.070 14.830
317 2 1 30.796 15.998 30.136 15.303
318 2 1 30.886 16.096 30.085 14.905
319 2 1 30.863 16.111 30.152 15.085
320 2 1 30.855 16.156 30.137 15.153
321 2 1 30.743 15.931 30.129 15.303
322 2 1 30.766 15.968 30.151 15.341
323 2 1 30.788 16.006 30.174 15.378
324 2 1 30.811 16.058 30.196 15.431
325 2 1 30.878 16.096 30.264 15.468
326 2 1 30.975 16.388 30.173 15.611
327 2 1 31.020 16.418 30.248 15.603
328 2 1 31.035 16.568 30.248 15.641
329 2 1 31.012 16.673 30.293 15.655
330 2 1 30.997 16.786 30.173 15.588
331 2 1 31.019 16.824 30.233 15.596
332 2 1 30.996 16.846 30.196 15.633
333 2 1 30.915 16.381 30.300 15.753
334 2 1 30.922 16.433 30.308 15.806
335 2 1 30.915 16.486 30.300 15.858
336 2 1 30.937 16.538 30.323 15.911
337 2 1 30.945 16.561 30.330 15.933
338 2 1 30.952 16.614 30.337 15.986
340 2 1 30.944 16.606 30.330 15.978
341 2 1 31.093 17.131 30.321 16.316
342 2 1 31.131 17.199 30.411 16.466
343 2 1 31.138 17.311 30.426 16.459
344 2 1 31.205 17.379 30.434 16.444
345 2 1 31.190 17.424 30.487 16.421
346 2 1 31.115 17.477 30.433 16.722
347 2 1 31.183 17.477 30.502 16.428
348 2 1 31.190 17.649 30.530 16.992
349 2 1 31.160 17.627 30.545 16.999
350 2 1 31.167 17.665 30.552 17.037
351 2 1 31.190 17.702 30.575 17.074
352 2 1 31.197 17.755 30.582 17.127
353 2 1 31.219 17.792 30.605 17.164
354 2 1 31.227 17.830 30.612 17.202
355 2 1 31.302 17.784 30.560 17.014
356 2 1 31.235 17.717 30.620 17.089
357 2 1 31.309 17.912 30.552 17.180
358 2 1 31.369 17.949 30.567 17.142
359 2 1 31.347 17.979 30.582 17.142
360 2 1 31.399 18.054 30.612 17.149
361 2 1 31.309 17.912 30.695 17.284
362 2 1 31.317 17.949 30.702 17.322
363 2 1 31.324 17.987 30.710 17.359
364 2 1 31.317 18.040 30.702 17.412
365 2 1 31.324 18.077 30.709 17.449
366 2 1 31.316 18.130 30.702 17.502
367 2 1 31.324 18.183 30.709 17.555
368 2 1 31.316 18.235 30.701 17.607
369 2 1 31.324 18.258 30.709 17.630
370 2 1 31.316 18.295 30.701 17.668
0 4 1 33.568 2.932 32.794 2.336
1 4 1 33.590 2.947 32.779 2.329
2 4 1 33.590 2.962 32.779 2.343
3 4 1 33.590 2.962 32.779 2.343
4 4 1 33.605 2.977 32.794 2.358
5 4 1 33.605 3.014 32.794 2.395
6 4 1 33.605 3.021 32.794 2.403
7 4 1 33.605 3.021 32.794 2.403
8 4 1 33.605 3.036 32.794 2.418
9 4 1 33.605 3.066 32.794 2.447
10 4 1 33.605 3.080 32.794 2.462
11 4 1 33.605 2.954 32.794 2.336
12 4 1 33.605 3.110 32.794 2.492
13 4 1 33.605 3.125 32.794 2.507
14 4 1 33.605 3.177 32.794 2.559
15 4 1 33.590 3.199 32.779 2.581
16 4 1 33.590 3.229 32.779 2.610
17 4 1 33.575 3.258 32.764 2.640
18 4 1 33.575 3.288 32.764 2.670
19 4 1 33.560 3.333 32.749 2.714
20 4 1 33.560 3.362 32.749 2.744
21 4 1 33.560 3.407 32.749 2.788
22 4 1 33.560 3.422 32.749 2.803
23 4 1 33.545 3.466 32.734 2.848
24 4 1 33.545 3.481 32.734 2.863
25 4 1 33.545 3.526 32.733 2.907
26 4 1 33.560 3.526 32.748 2.907
27 4 1 33.560 3.555 32.748 2.937
28 4 1 33.560 3.585 32.748 2.967
29 4 1 33.574 3.615 32.763 2.996
30 4 1 33.574 3.644 32.763 3.026
31 4 1 33.574 3.674 32.763 3.056
32 4 1 33.574 3.704 32.763 3.085
33 4 1 33.574 3.748 32.763 3.130
34 4 1 33.574 3.793 32.763 3.175
35 4 1 33.723 4.172 32.838 2.982
36 4 1 33.700 4.023 32.852 3.115
37 4 1 33.708 4.046 32.860 3.138
38 4 1 33.730 4.083 32.882 3.175
39 4 1 33.738 4.090 32.890 3.182
40 4 1 33.760 4.127 32.912 3.219
41 4 1 33.767 4.150 32.919 3.242
42 4 1 33.775 4.187 32.927 3.279
43 4 1 33.633 4.194 32.852 3.190
44 4 1 33.663 4.157 32.830 3.234
45 4 1 33.670 4.179 32.837 3.256
46 4 1 33.678 4.201 32.845 3.279
47 4 1 33.685 4.224 32.852 3.301
48 4 1 33.693 4.246 32.859 3.323
49 4 1 33.685 4.268 32.852 3.346
50 4 1 33.693 4.291 32.859 3.368
51 4 1 33.685 4.328 32.852 3.405
52 4 1 33.693 4.350 32.859 3.427
53 4 1 33.685 4.387 32.852 3.464
54 4 1 33.692 4.424 32.859 3.501
55 4 1 33.685 4.476 32.852 3.553
56 4 1 33.677 4.513 32.844 3.591
57 4 1 33.670 4.565 32.837 3.643
58 4 1 33.662 4.602 32.829 3.680
59 4 1 33.670 4.640 32.836 3.717
60 4 1 33.655 4.877 32.963 3.851
61 4 1 33.707 4.818 32.896 3.888
62 4 1 33.707 4.848 32.896 3.917
63 4 1 33.707 4.877 32.896 3.947
64 4 1 33.707 4.907 32.896 3.977
65 4 1 33.722 4.922 32.910 3.992
66 4 1 33.736 4.937 32.925 4.007
67 4 1 33.751 4.952 32.940 4.022
68 4 1 33.766 4.967 32.955 4.036
69 4 1 33.677 5.048 32.962 4.215
70 4 1 33.654 5.175 32.985 4.245
71 4 1 33.654 5.249 32.984 4.311
72 4 1 33.624 5.301 32.962 4.326
73 4 1 33.609 5.405 32.962 4.371
74 4 1 33.639 5.457 32.969 4.378
75 4 1 33.631 5.472 32.977 4.393
76 4 1 33.639 5.472 32.962 4.423
77 4 1 33.661 5.412 32.939 4.475
78 4 1 33.676 5.450 32.954 4.512
79 4 1 33.676 5.472 32.954 4.534
80 4 1 33.676 5.509 32.954 4.571
81 4 1 33.691 5.531 32.969 4.594
82 4 1 33.691 5.569 32.969 4.631
83 4 1 33.691 5.591 32.969 4.653
84 4 1 33.691 5.628 32.969 4.690
85 4 1 33.691 5.636 32.969 4.698
86 4 1 33.691 5.658 32.969 4.720
87 4 1 33.691 5.680 32.969 4.742
88 4 1 33.705 5.702 32.984 4.765
89 4 1 33.705 5.725 32.984 4.787
90 4 1 33.705 5.762 32.984 4.824
91 4 1 33.705 5.784 32.984 4.846
92 4 1 33.705 5.821 32.983 4.884
93 4 1 33.705 5.844 32.983 4.906
94 4 1 33.705 5.881 32.983 4.943
95 4 1 33.705 5.918 32.983 4.980
96 4 1 33.705 5.955 32.983 5.017
97 4 1 33.705 5.992 32.983 5.055
98 4 1 33.705 6.030 32.983 5.092
99 4 1 33.705 6.067 32.983 5.129
100 4 1 33.720 6.104 32.998 5.166
101 4 1 33.720 6.126 32.998 5.188
102 4 1 33.720 6.164 32.998 5.226
103 4 1 33.735 6.171 33.013 5.233
104 4 1 33.735 6.193 33.013 5.255
105 4 1 33.735 6.230 33.013 5.293
106 4 1 33.682 6.156 32.930 5.419
107 4 1 33.682 6.164 32.915 5.441
108 4 1 33.660 6.253 32.938 5.345
109 4 1 33.660 6.275 32.938 5.367
110 4 1 33.660 6.312 32.938 5.404
111 4 1 33.697 6.402 32.967 5.553
112 4 1 33.689 6.476 32.967 5.597
113 4 1 33.689 6.513 32.990 5.672
114 4 1 33.689 6.580 32.990 5.687
115 4 1 33.682 6.640 32.997 5.716
116 4 1 33.682 6.647 33.004 5.702
117 4 1 33.682 6.647 32.997 5.724
118 4 1 33.682 6.669 33.004 5.761
119 4 1 33.674 6.699 33.004 5.821
120 4 1 33.682 6.692 33.004 5.880
121 4 1 33.689 6.647 32.997 5.910
122 4 1 33.644 6.677 32.967 5.962
123 4 1 33.667 6.707 32.959 5.984
124 4 1 33.682 6.699 32.959 6.007
125 4 1 33.734 6.677 32.959 6.036
126 4 1 33.741 6.707 32.944 6.059
127 4 1 33.734 6.722 32.959 6.074
128 4 1 33.726 6.759 32.959 6.103
129 4 1 33.719 6.803 32.951 6.178
130 4 1 33.734 6.848 32.951 6.207
131 4 1 33.674 6.922 33.004 6.126
132 4 1 33.666 6.952 32.996 6.155
133 4 1 33.659 6.967 32.989 6.170
134 4 1 33.666 6.997 32.996 6.200
135 4 1 33.659 7.027 32.989 6.230
136 4 1 33.718 7.116 32.921 6.379
137 4 1 33.726 7.094 32.921 6.379
138 4 1 33.718 7.079 32.929 6.401
139 4 1 33.726 7.101 32.929 6.423
140 4 1 33.718 7.108 32.914 6.431
141 4 1 33.726 7.116 32.921 6.475
142 4 1 33.726 7.161 32.928 6.513
143 4 1 33.733 7.153 32.921 6.527
144 4 1 33.741 7.190 32.906 6.542
145 4 1 33.748 7.168 32.906 6.594
146 4 1 33.726 7.190 32.906 6.602
147 4 1 33.651 7.250 32.981 6.535
148 4 1 33.644 7.272 32.973 6.557
149 4 1 33.651 7.280 32.981 6.565
150 4 1 33.643 7.302 32.973 6.587
151 4 1 33.651 7.309 32.980 6.595
152 4 1 33.643 7.332 32.973 6.617
153 4 1 33.651 7.339 32.980 6.624
154 4 1 33.711 7.295 32.861 6.684
155 4 1 33.621 7.339 32.951 6.632
156 4 1 33.614 7.354 32.943 6.647
157 4 1 33.621 7.369 32.951 6.661
158 4 1 33.614 7.384 32.943 6.676
159 4 1 33.621 7.399 32.950 6.691
160 4 1 33.613 7.414 32.943 6.706
161 4 1 33.621 7.443 32.950 6.736
162 4 1 33.613 7.458 32.943 6.751
163 4 1 33.621 7.488 32.950 6.781
164 4 1 33.613 7.518 32.943 6.810
165 4 1 33.621 7.548 32.950 6.840
166 4 1 33.598 7.578 32.928 6.870
167 4 1 33.606 7.607 32.935 6.900
168 4 1 33.598 7.637 32.928 6.930
169 4 1 33.606 7.652 32.935 6.944
170 4 1 33.613 7.682 32.943 6.974
171 4 1 33.621 7.697 32.950 6.989
172 4 1 33.613 7.726 32.942 7.019
173 4 1 33.620 7.756 32.950 7.049
174 4 1 33.613 7.786 32.942 7.078
175 4 1 33.620 7.801 32.950 7.093
176 4 1 33.628 7.831 32.957 7.123
177 4 1 33.635 7.846 32.965 7.138
178 4 1 33.628 7.861 32.957 7.153
179 4 1 33.635 7.890 32.965 7.183
180 4 1 33.628 7.905 32.957 7.198
181 4 1 33.635 7.935 32.964 7.227
182 4 1 33.628 7.965 32.957 7.257
183 4 1 33.635 7.995 32.964 7.287
184 4 1 33.627 8.024 32.957 7.317
185 4 1 33.635 8.054 32.964 7.347
186 4 1 33.627 8.099 32.957 7.391
187 4 1 33.635 8.129 32.964 7.421
188 4 1 33.627 8.159 32.957 7.451
189 4 1 33.635 8.188 32.964 7.481
190 4 1 33.627 8.218 32.956 7.510
191 4 1 33.650 8.263 32.979 7.555
192 4 1 33.642 8.293 32.971 7.585
193 4 1 33.649 8.308 32.979 7.600
194 4 1 33.642 8.337 32.971 7.630
195 4 1 33.649 8.367 32.979 7.659
196 4 1 33.642 8.382 32.971 7.674
197 4 1 33.649 8.412 32.979 7.704
198 4 1 33.657 8.427 32.986 7.719
199 4 1 33.664 8.442 32.993 7.734
200 4 1 33.657 8.457 32.986 7.749
201 4 1 33.664 8.471 32.993 7.764
202 4 1 33.672 8.501 33.001 7.794
203 4 1 33.679 8.516 33.008 7.808
204 4 1 33.672 8.546 33.001 7.838
205 4 1 33.679 8.576 33.008 7.868
206 4 1 33.686 8.606 33.016 7.898
207 4 1 33.694 8.635 33.023 7.928
208 4 1 33.701 8.665 33.030 7.957
209 4 1 33.709 8.695 33.038 7.987
210 4 1 33.716 8.725 33.045 8.017
211 4 1 33.723 8.740 33.053 8.032
212 4 1 33.731 8.770 33.060 8.062
213 4 1 33.738 8.784 33.068 8.077
214 4 1 33.746 8.814 33.075 8.107
215 4 1 33.753 8.844 33.082 8.136
216 4 1 33.761 8.874 33.090 8.166
217 4 1 33.768 8.889 33.097 8.181
218 4 1 33.761 8.919 33.090 8.211
219 4 1 33.783 8.948 33.112 8.241
220 4 1 33.775 8.978 33.105 8.270
221 4 1 33.783 9.008 33.112 8.300
222 4 1 33.790 9.038 33.119 8.330
223 4 1 33.798 9.068 33.127 8.360
224 4 1 33.805 9.112 33.134 8.405
225 4 1 33.812 9.142 33.142 8.434
226 4 1 33.820 9.187 33.149 8.479
227 4 1 33.827 9.232 33.156 8.524
228 4 1 33.835 9.261 33.164 8.554
229 4 1 33.857 9.306 33.186 8.598
230 4 1 33.864 9.351 33.194 8.643
231 4 1 33.872 9.396 33.201 8.688
232 4 1 33.864 9.358 33.193 8.837
233 4 1 33.864 9.448 33.193 8.748
234 4 1 33.872 9.470 33.201 8.770
235 4 1 33.864 9.507 33.193 8.807
236 4 1 33.872 9.545 33.201 8.844
237 4 1 33.879 9.567 33.208 8.867
238 4 1 33.879 9.828 33.245 8.979
239 4 1 33.894 9.739 33.230 9.038
240 4 1 33.894 9.776 33.230 9.076
241 4 1 33.871 9.948 33.283 8.994
242 4 1 33.878 9.977 33.290 9.016
243 4 1 33.886 10.000 33.297 9.031
244 4 1 33.886 10.037 33.297 9.053
245 4 1 33.908 10.074 33.312 9.143
246 4 1 33.923 9.955 33.297 9.255
247 4 1 33.938 10.089 33.282 9.329
248 4 1 33.923 10.052 33.297 9.351
249 4 1 33.975 10.097 33.267 9.411
250 4 1 34.020 10.134 33.274 9.493
251 4 1 33.930 10.179 33.274 9.516
252 4 1 33.998 10.231 33.297 9.560
253 4 1 33.983 10.328 33.282 9.575
254 4 1 33.997 10.388 33.319 9.635
255 4 1 34.020 10.470 33.319 9.620
256 4 1 33.975 10.373 33.349 9.702
257 4 1 33.982 10.582 33.311 9.627
258 4 1 33.975 10.641 33.319 9.613
259 4 1 34.012 10.656 33.311 9.665
260 4 1 34.034 10.701 33.319 9.695
261 4 1 34.004 10.783 33.289 9.724
262 4 1 33.989 10.783 33.259 9.762
263 4 1 33.937 10.604 33.311 9.933
264 4 1 33.930 10.641 33.303 9.971
265 4 1 33.937 10.694 33.311 10.023
266 4 1 33.982 10.768 33.281 10.053
267 4 1 33.945 10.738 33.318 10.068
268 4 1 33.982 10.843 33.131 10.210
269 4 1 33.870 10.851 33.243 10.187
270 4 1 33.877 10.880 33.251 10.217
271 4 1 33.870 10.925 33.243 10.262
272 4 1 33.907 10.977 33.004 10.367
273 4 1 33.772 11.000 33.146 10.344
274 4 1 33.929 11.186 32.996 10.397
275 4 1 33.772 11.112 33.146 10.456
276 4 1 33.966 11.388 33.108 10.374
277 4 1 33.959 11.388 33.086 10.419
278 4 1 33.929 11.381 32.959 10.442
279 4 1 34.033 11.433 32.862 10.434
280 4 1 33.951 11.403 32.966 10.539
281 4 1 34.056 11.447 32.734 10.517
282 4 1 33.765 11.284 33.138 10.628
283 4 1 33.899 11.381 32.787 10.636
284 4 1 33.765 11.314 33.138 10.658
285 4 1 33.944 11.433 32.786 10.778
286 4 1 33.951 11.493 32.809 10.808
287 4 1 33.705 11.336 33.190 10.680
288 4 1 33.705 11.366 33.190 10.710
289 4 1 33.705 11.403 33.190 10.747
290 4 1 33.705 11.433 33.190 10.777
291 4 1 33.705 11.463 33.190 10.807
292 4 1 33.697 11.501 33.182 10.844
293 4 1 33.690 11.538 33.175 10.882
294 4 1 33.682 11.568 33.167 10.912
295 4 1 33.674 11.605 33.160 10.949
296 4 1 33.667 11.650 33.152 10.994
297 4 1 33.659 11.687 33.145 11.031
298 4 1 33.936 11.956 33.406 11.262
299 4 1 33.913 11.926 33.398 11.270
300 4 1 33.906 11.963 33.391 11.307
301 4 1 33.898 12.016 33.383 11.359
302 4 1 33.891 12.046 33.376 11.389
303 4 1 33.891 12.083 33.376 11.427
304 4 1 33.973 12.165 33.241 11.539
305 4 1 33.861 12.173 33.346 11.524
306 4 1 33.860 12.210 33.346 11.561
307 4 1 33.853 12.240 33.338 11.591
308 4 1 33.853 12.277 33.338 11.628
309 4 1 33.845 12.307 33.331 11.658
310 4 1 33.845 12.345 33.331 11.696
311 4 1 33.838 12.382 33.323 11.733
312 4 1 33.838 12.419 33.323 11.771
313 4 1 33.830 12.457 33.315 11.808
314 4 1 33.830 12.494 33.315 11.845
315 4 1 33.852 12.688 33.173 11.711
316 4 1 33.770 12.524 33.255 11.875
317 4 1 33.763 12.562 33.248 11.913
318 4 1 33.763 12.606 33.248 11.958
319 4 1 33.755 12.644 33.240 11.995
320 4 1 33.755 12.681 33.240 12.032
321 4 1 33.748 12.726 33.233 12.077
322 4 1 33.740 12.756 33.225 12.107
323 4 1 33.740 12.786 33.225 12.137
324 4 1 33.740 12.823 33.225 12.174
325 4 1 33.732 12.853 33.218 12.204
326 4 1 33.725 12.891 33.210 12.242
327 4 1 33.725 12.921 33.210 12.272
328 4 1 33.717 12.958 33.202 12.309
329 4 1 33.710 12.988 33.195 12.339
330 4 1 33.702 13.025 33.187 12.376
331 4 1 33.695 13.055 33.180 12.406
332 4 1 33.687 13.093 33.172 12.444
333 4 1 33.687 13.130 33.172 12.481
334 4 1 33.680 13.168 33.165 12.519
335 4 1 33.672 13.213 33.157 12.563
336 4 1 33.665 13.250 33.150 12.601
337 4 1 33.657 13.287 33.142 12.638
338 4 1 33.650 13.332 33.134 12.683
339 4 1 33.642 13.370 33.127 12.721
340 4 1 33.634 13.400 33.119 12.751
341 4 1 33.634 13.437 33.119 12.788
342 4 1 33.634 13.475 33.119 12.825
343 4 1 33.627 13.505 33.112 12.855
344 4 1 33.619 13.542 33.104 12.893
345 4 1 33.619 13.572 33.104 12.923
346 4 1 33.612 13.602 33.097 12.953
347 4 1 33.612 13.639 33.097 12.990
348 4 1 33.604 13.669 33.089 13.020
349 4 1 33.604 13.699 33.089 13.050
350 4 1 33.597 13.737 33.081 13.087
351 4 1 33.597 13.767 33.081 13.117
352 4 1 33.589 13.804 33.074 13.155
353 4 1 33.589 13.841 33.074 13.192
354 4 1 33.589 13.879 33.074 13.230
355 4 1 33.694 13.938 32.707 13.074
356 4 1 33.574 13.916 33.059 13.267
357 4 1 33.574 13.954 33.059 13.304
358 4 1 33.566 13.991 33.051 13.342
359 4 1 33.566 14.029 33.051 13.379
360 4 1 33.566 14.059 33.051 13.409
361 4 1 33.559 14.096 33.043 13.447
362 4 1 33.700 14.298 32.714 13.508
363 4 1 33.551 14.119 33.036 13.469
364 4 1 33.551 14.141 33.036 13.492
365 4 1 33.551 14.178 33.036 13.529
366 4 1 33.544 14.216 33.028 13.567
367 4 1 33.640 14.523 32.841 13.597
368 4 1 33.648 14.567 32.893 13.590
369 4 1 33.663 14.567 32.916 13.604
370 4 1 33.655 14.612 32.961 13.574
0 5 1 31.669 18.466 30.835 18.268
1 5 1 31.691 18.466 30.820 18.261
2 5 1 31.699 18.466 30.827 18.261
3 5 1 31.706 18.458 30.835 18.253
5 5 1 31.706 18.451 30.827 18.246
6 5 1 31.706 18.406 30.820 18.201
7 5 1 31.706 18.361 30.820 18.156
8 5 1 31.707 18.308 30.820 18.103
10 5 1 31.699 18.300 30.813 18.096
11 5 1 31.699 18.248 30.813 18.043
12 5 1 31.661 18.451 31.017 17.523
13 5 1 31.699 18.308 30.957 17.681
14 5 1 31.699 18.270 30.957 17.643
15 5 1 31.714 18.233 30.972 17.606
16 5 1 31.714 18.195 30.972 17.568
17 5 1 31.729 18.172 30.987 17.545
18 5 1 31.730 18.120 30.987 17.493
19 5 1 31.745 18.097 31.002 17.470
20 5 1 31.760 18.059 31.017 17.432
21 5 1 31.775 18.022 31.033 17.395
22 5 1 31.760 18.014 31.139 17.033
23 5 1 31.745 17.984 31.116 16.966
24 5 1 31.715 17.947 31.117 16.898
25 5 1 31.700 17.864 31.132 16.845
26 5 1 31.715 17.789 31.177 16.778
27 5 1 31.738 17.826 31.125 16.583
28 5 1 31.738 17.819 31.132 16.522
29 5 1 31.760 17.826 31.155 16.537
30 5 1 31.775 17.819 31.132 16.545
31 5 1 31.783 17.774 31.155 16.515
32 5 1 31.798 17.623 31.155 16.620
33 5 1 31.859 17.503 31.200 16.590
34 5 1 31.859 17.435 31.207 16.597
35 5 1 31.874 17.375 31.200 16.582
36 5 1 31.859 17.360 31.200 16.560
37 5 1 31.874 17.284 31.177 16.575
38 5 1 31.897 17.269 31.185 16.567
39 5 1 31.972 17.246 31.223 16.537
40 5 1 32.017 17.239 31.268 16.371
41 5 1 31.964 17.156 31.276 16.259
42 5 1 31.935 17.096 31.291 16.146
43 5 1 31.935 17.066 31.291 16.056
44 5 1 31.912 17.036 31.306 16.026
45 5 1 31.942 16.999 31.314 16.003
46 5 1 31.950 16.976 31.314 15.996
47 5 1 31.927 16.961 31.307 15.988
48 5 1 31.950 16.953 31.344 15.988
49 5 1 31.958 16.886 31.329 15.951
50 5 1 31.980 16.811 31.329 15.936
51 5 1 31.988 16.758 31.322 15.898
52 5 1 32.010 16.705 31.307 15.906
53 5 1 31.958 16.751 31.352 15.868
54 5 1 31.996 16.563 31.307 15.973
55 5 1 32.033 16.540 31.307 15.988
56 5 1 32.101 16.465 31.314 15.958
57 5 1 32.124 16.419 31.329 15.890
58 5 1 32.146 16.374 31.345 15.785
59 5 1 32.071 16.360 31.352 15.643
60 5 1 32.101 16.404 31.443 15.507
61 5 1 32.131 16.337 31.496 15.424
62 5 1 32.139 16.314 31.481 15.409
63 5 1 32.139 16.284 31.436 15.357
64 5 1 32.161 16.247 31.451 15.334
65 5 1 32.199 16.246 31.451 15.327
66 5 1 32.237 16.194 31.481 15.297
67 5 1 32.237 16.179 31.518 15.267
68 5 1 32.229 16.126 31.541 15.252
69 5 1 32.289 16.073 31.563 15.251
70 5 1 32.304 16.021 31.593 15.266
71 5 1 32.320 15.968 31.623 15.251
72 5 1 32.335 15.893 31.654 15.228
73 5 1 32.335 15.810 31.669 15.168
74 5 1 32.335 15.758 31.661 15.108
75 5 1 32.297 15.818 31.691 15.048
76 5 1 32.312 15.773 31.707 15.003
77 5 1 32.470 15.675 31.759 14.898
78 5 1 32.478 15.570 31.790 14.695
79 5 1 32.493 15.540 31.805 14.590
80 5 1 32.500 15.539 31.813 14.485
81 5 1 32.455 15.510 31.820 14.455
82 5 1 32.470 15.510 31.828 14.463
83 5 1 32.440 15.487 31.820 14.440
84 5 1 32.463 15.472 31.835 14.410
85 5 1 32.441 15.427 31.820 14.418
86 5 1 32.463 15.382 31.835 14.395
87 5 1 32.523 15.314 31.843 14.365
88 5 1 32.478 15.225 31.873 14.455
89 5 1 32.493 15.180 31.888 14.410
90 5 1 32.494 15.135 31.888 14.365
91 5 1 32.509 15.104 31.903 14.335
92 5 1 32.524 15.059 31.918 14.290
93 5 1 32.539 15.014 31.933 14.245
94 5 1 32.554 14.984 31.948 14.215
95 5 1 32.569 14.954 31.963 14.185
96 5 1 32.584 14.909 31.978 14.140
97 5 1 32.599 14.849 31.994 14.080
98 5 1 32.614 14.819 32.009 14.050
99 5 1 32.629 14.774 32.024 14.005
100 5 1 32.644 14.744 32.039 13.975
101 5 1 32.659 14.699 32.054 13.930
102 5 1 32.674 14.639 32.069 13.870
103 5 1 32.689 14.594 32.084 13.825
104 5 1 32.719 14.549 32.114 13.780
105 5 1 32.735 14.489 32.129 13.720
106 5 1 32.750 14.444 32.144 13.675
107 5 1 32.765 14.414 32.159 13.645
108 5 1 32.780 14.384 32.174 13.615
109 5 1 32.750 14.249 32.017 13.548
110 5 1 32.788 14.167 32.040 13.510
111 5 1 32.825 14.144 32.092 13.458
112 5 1 32.758 14.174 32.152 13.427
113 5 1 32.773 14.137 32.167 13.390
114 5 1 32.788 14.114 32.182 13.367
115 5 1 32.788 14.062 32.182 13.315
116 5 1 32.803 14.009 32.198 13.263
117 5 1 32.818 13.972 32.213 13.225
118 5 1 32.818 13.934 32.213 13.188
119 5 1 32.833 13.882 32.228 13.135
120 5 1 32.848 13.829 32.243 13.083
121 5 1 32.848 13.777 32.243 13.030
122 5 1 32.863 13.739 32.258 12.993
123 5 1 32.893 13.687 32.288 12.940
124 5 1 32.908 13.649 32.303 12.903
125 5 1 32.908 13.597 32.303 12.850
126 5 1 32.923 13.559 32.318 12.813
127 5 1 32.953 13.507 32.348 12.760
128 5 1 32.968 13.469 32.363 12.723
129 5 1 32.969 13.432 32.364 12.686
130 5 1 32.984 13.410 32.379 12.663
131 5 1 33.014 13.372 32.409 12.626
132 5 1 33.029 13.335 32.424 12.588
133 5 1 33.171 13.274 32.386 12.596
134 5 1 33.074 13.304 32.469 12.566
135 5 1 33.089 13.274 32.484 12.536
136 5 1 33.104 13.244 32.499 12.506
137 5 1 33.134 13.214 32.529 12.476
138 5 1 33.149 13.169 32.544 12.431
139 5 1 33.164 13.139 32.559 12.401
140 5 1 33.253 13.154 32.409 12.207
141 5 1 33.134 13.050 32.529 12.311
142 5 1 33.149 13.005 32.544 12.266
143 5 1 33.164 12.945 32.559 12.206
144 5 1 33.194 12.915 32.589 12.176
145 5 1 33.209 12.870 32.604 12.131
146 5 1 33.224 12.855 32.619 12.116
147 5 1 33.501 12.749 32.769 12.019
148 5 1 33.434 12.750 32.829 12.018
149 5 1 33.449 12.712 32.844 11.981
150 5 1 33.449 12.675 32.844 11.944
151 5 1 33.464 12.637 32.859 11.906
152 5 1 33.494 12.600 32.889 11.869
153 5 1 33.509 12.562 32.904 11.831
154 5 1 33.509 12.510 32.904 11.779
155 5 1 33.509 12.473 32.904 11.742
156 5 1 33.524 12.420 32.919 11.689
157 5 1 33.554 12.383 32.949 11.652
158 5 1 33.569 12.330 32.964 11.600
159 5 1 33.569 12.293 32.964 11.562
160 5 1 33.584 12.241 32.979 11.510
161 5 1 33.599 12.188 32.994 11.457
162 5 1 33.599 12.136 32.995 11.405
163 5 1 33.614 12.099 33.010 11.368
164 5 1 33.644 12.046 33.040 11.315
165 5 1 33.659 12.024 33.055 11.293
166 5 1 33.659 11.971 33.055 11.241
167 5 1 33.674 11.934 33.070 11.203
168 5 1 33.689 11.882 33.085 11.151
169 5 1 33.689 11.859 33.085 11.128
170 5 1 33.704 11.822 33.100 11.091
171 5 1 33.689 11.695 33.025 11.009
172 5 1 33.659 11.717 33.055 10.994
173 5 1 33.674 11.687 33.070 10.964
174 5 1 33.689 11.643 33.085 10.919
175 5 1 33.689 11.598 33.085 10.874
176 5 1 33.704 11.553 33.100 10.830
177 5 1 33.749 11.672 33.056 10.710
178 5 1 33.704 11.545 33.100 10.822
179 5 1 33.869 11.560 33.108 10.598
180 5 1 33.779 11.441 33.175 10.717
181 5 1 33.779 11.396 33.175 10.673
182 5 1 33.794 11.336 33.190 10.613
183 5 1 33.824 11.291 33.220 10.568
184 5 1 33.839 11.261 33.235 10.538
185 5 1 33.854 11.231 33.250 10.508
186 5 1 34.041 11.022 33.228 10.389
187 5 1 34.079 10.984 33.303 10.374
188 5 1 34.064 10.985 33.340 10.381
189 5 1 33.997 11.029 33.392 10.329
190 5 1 34.012 10.992 33.407 10.291
191 5 1 34.012 10.955 33.408 10.254
192 5 1 34.027 10.917 33.423 10.217
193 5 1 34.042 10.865 33.438 10.165
194 5 1 34.116 10.880 33.401 9.851
195 5 1 34.116 10.865 33.416 9.836
196 5 1 34.131 10.857 33.431 9.836
197 5 1 34.079 10.693 33.475 9.993
198 5 1 34.236 10.805 33.490 9.754
199 5 1 34.266 10.730 33.468 9.762
200 5 1 34.258 10.663 33.491 9.709
201 5 1 34.296 10.551 33.453 9.702
202 5 1 34.281 10.499 33.491 9.657
203 5 1 34.273 10.469 33.528 9.620
204 5 1 34.281 10.350 33.588 9.553
205 5 1 34.356 10.282 33.595 9.567
206 5 1 34.311 10.268 33.543 9.500
207 5 1 34.333 10.245 33.551 9.471
208 5 1 34.371 10.230 33.551 9.448
209 5 1 34.371 10.238 33.558 9.418
210 5 1 34.445 10.223 33.581 9.374
211 5 1 34.423 10.230 33.581 9.351
212 5 1 34.304 10.141 33.700 9.441
213 5 1 34.334 10.104 33.730 9.403
214 5 1 34.557 10.126 33.820 9.112
215 5 1 34.476 9.969 33.872 9.269
216 5 1 34.550 10.096 33.798 9.023
217 5 1 34.647 10.133 33.731 8.919
218 5 1 34.707 10.103 33.783 8.904
219 5 1 34.498 9.894 33.894 9.194
220 5 1 34.737 9.849 33.940 8.844
221 5 1 34.759 9.790 34.000 8.777
222 5 1 34.774 9.730 34.044 8.754
223 5 1 34.804 9.611 34.059 8.710
224 5 1 34.827 9.559 34.074 8.672
225 5 1 34.879 9.417 34.127 8.635
226 5 1 34.879 9.313 34.209 8.553
227 5 1 34.872 9.305 34.201 8.516
228 5 1 34.864 9.253 34.216 8.471
229 5 1 34.872 9.253 34.254 8.441
230 5 1 34.894 9.231 34.254 8.419
231 5 1 34.961 9.253 34.276 8.307
232 5 1 34.901 9.253 34.254 8.300
233 5 1 34.872 9.216 34.224 8.263
234 5 1 34.864 9.223 34.209 8.240
235 5 1 34.842 9.201 34.231 8.240
236 5 1 34.834 9.067 34.231 8.367
237 5 1 34.849 9.029 34.246 8.330
238 5 1 34.849 8.992 34.246 8.292
239 5 1 34.850 8.940 34.246 8.240
240 5 1 34.850 8.903 34.246 8.203
241 5 1 34.850 8.866 34.246 8.166
242 5 1 34.835 8.843 34.232 8.143
243 5 1 34.820 8.821 34.217 8.121
244 5 1 34.805 8.813 34.202 8.114
246 5 1 34.797 8.806 34.194 8.106
247 5 1 34.783 8.784 34.179 8.084
248 5 1 34.783 8.761 34.179 8.062
249 5 1 34.768 8.560 34.187 7.749
250 5 1 34.783 8.255 34.202 7.600
251 5 1 34.783 8.277 34.195 7.585
252 5 1 34.753 8.248 34.165 7.555
253 5 1 34.724 8.203 34.135 7.511
254 5 1 34.694 8.173 34.106 7.481
255 5 1 34.664 8.128 34.076 7.436
256 5 1 34.634 8.069 34.046 7.377
257 5 1 34.604 8.039 34.016 7.347
258 5 1 34.575 7.994 33.987 7.302
259 5 1 34.560 7.965 33.972 7.272
260 5 1 34.530 7.920 33.942 7.228
261 5 1 34.500 7.875 33.912 7.183
262 5 1 34.485 7.831 33.897 7.138
263 5 1 34.456 7.771 33.868 7.079
264 5 1 34.426 7.726 33.838 7.034
265 5 1 34.396 7.697 33.808 7.004
266 5 1 34.366 7.667 33.778 6.975
267 5 1 34.337 7.622 33.748 6.930
268 5 1 34.307 7.563 33.719 6.870
269 5 1 34.262 7.518 33.674 6.826
270 5 1 34.232 7.488 33.644 6.796
271 5 1 34.188 7.444 33.600 6.751
272 5 1 34.143 7.384 33.555 6.692
273 5 1 34.098 7.324 33.510 6.632
274 5 1 34.069 7.280 33.480 6.587
275 5 1 34.039 7.250 33.451 6.558
276 5 1 34.009 7.205 33.421 6.513
277 5 1 33.964 7.146 33.376 6.453
278 5 1 33.935 7.101 33.346 6.409
279 5 1 33.920 7.071 33.332 6.379
280 5 1 33.890 7.027 33.302 6.334
281 5 1 33.860 6.982 33.272 6.290
282 5 1 33.845 6.937 33.257 6.245
283 5 1 33.816 6.893 33.227 6.200
284 5 1 33.786 6.863 33.198 6.170
285 5 1 33.771 6.818 33.183 6.126
286 5 1 33.741 6.759 33.153 6.066
287 5 1 33.711 6.699 33.123 6.007
288 5 1 33.697 6.655 33.108 5.962
289 5 1 33.667 6.610 33.079 5.917
290 5 1 33.637 6.535 33.049 5.843
291 5 1 33.622 6.476 33.034 5.783
292 5 1 33.593 6.416 33.004 5.724
293 5 1 33.578 6.357 32.990 5.664
294 5 1 33.563 6.312 32.975 5.620
295 5 1 33.533 6.253 32.945 5.560
296 5 1 33.518 6.193 32.930 5.501
297 5 1 33.503 6.148 32.915 5.456
298 5 1 33.489 6.119 32.900 5.426
299 5 1 33.474 6.074 32.886 5.382
300 5 1 33.459 6.029 32.871 5.337
301 5 1 33.429 5.985 32.841 5.292
302 5 1 33.414 5.925 32.826 5.233
303 5 1 33.363 5.695 32.648 4.980
304 5 1 33.295 5.687 32.707 4.995
305 5 1 33.281 5.642 32.692 4.950
306 5 1 33.251 5.598 32.663 4.905
307 5 1 33.236 5.538 32.648 4.846
308 5 1 33.206 5.479 32.618 4.786
309 5 1 33.176 5.419 32.588 4.727
310 5 1 33.162 5.375 32.574 4.682
311 5 1 33.147 5.330 32.559 4.638
312 5 1 33.132 5.285 32.544 4.593
313 5 1 33.117 5.241 32.529 4.548
314 5 1 33.102 5.181 32.514 4.489
315 5 1 33.087 5.137 32.499 4.444
316 5 1 33.088 5.107 32.499 4.414
317 5 1 33.073 5.062 32.485 4.370
318 5 1 33.073 5.018 32.485 4.325
319 5 1 33.058 4.988 32.470 4.295
320 5 1 33.043 4.943 32.455 4.251
321 5 1 33.028 4.884 32.440 4.191
322 5 1 33.028 4.839 32.440 4.147
323 5 1 33.043 5.189 32.381 3.991
324 5 1 33.021 4.802 32.433 4.110
325 5 1 33.021 4.757 32.433 4.065
326 5 1 33.021 4.698 32.433 4.006
327 5 1 33.021 4.638 32.433 3.946
328 5 1 33.006 4.594 32.418 3.902
329 5 1 33.021 4.549 32.433 3.857
330 5 1 33.007 4.505 32.419 3.812
331 5 1 33.007 4.460 32.419 3.768
332 5 1 33.007 4.415 32.419 3.723
333 5 1 33.007 4.371 32.419 3.679
334 5 1 33.007 4.326 32.419 3.634
335 5 1 32.992 4.282 32.404 3.589
336 5 1 32.977 4.237 32.389 3.545
337 5 1 32.992 4.207 32.404 3.515
338 5 1 32.977 4.163 32.389 3.471
339 5 1 32.977 4.133 32.389 3.441
340 5 1 32.963 4.088 32.375 3.396
341 5 1 32.948 4.044 32.360 3.352
342 5 1 32.933 3.999 32.345 3.307
343 5 1 32.903 3.955 32.315 3.262
344 5 1 32.888 3.895 32.300 3.203
345 5 1 32.888 3.851 32.300 3.158
346 5 1 32.874 3.791 32.286 3.099
347 5 1 32.859 3.747 32.271 3.054
348 5 1 32.859 3.687 32.271 2.995
349 5 1 32.859 3.643 32.271 2.950
350 5 1 32.844 3.598 32.256 2.906
351 5 1 32.829 3.553 32.241 2.861
352 5 1 32.829 3.509 32.241 2.817
353 5 1 32.829 3.479 32.242 2.787
354 5 1 32.829 3.435 32.242 2.742
355 5 1 32.830 3.390 32.242 2.698
356 5 1 32.815 3.345 32.227 2.653
357 5 1 32.800 3.316 32.212 2.624
358 5 1 32.815 3.271 32.227 2.579
359 5 1 32.800 3.227 32.212 2.534
360 5 1 32.800 3.182 32.212 2.490
361 5 1 32.800 3.138 32.212 2.445
362 5 1 32.800 3.093 32.213 2.401
363 5 1 32.800 3.034 32.213 2.341
364 5 1 32.800 2.996 32.213 2.312
365 5 1 32.815 2.967 32.228 2.290
366 5 1 32.801 2.937 32.213 2.267
367 5 1 32.815 2.907 32.228 2.245
368 5 1 32.801 2.878 32.213 2.223
369 5 1 32.801 2.863 32.213 2.215
370 5 1 32.801 2.833 32.213 2.193
0 6 1 32.600 2.654 31.974 2.333
1 6 1 32.622 2.669 31.966 2.333
2 6 1 32.615 2.662 31.959 2.326
3 6 1 32.622 2.677 31.966 2.341
4 6 1 32.622 2.684 31.966 2.348
5 6 1 32.615 2.669 31.959 2.333
6 6 1 32.622 2.684 31.966 2.348
7 6 1 32.622 2.684 31.966 2.348
8 6 1 32.615 2.677 31.959 2.341
9 6 1 32.622 2.684 31.966 2.348
10 6 1 32.622 2.684 31.966 2.348
12 6 1 32.615 2.677 31.959 2.341
13 6 1 32.615 2.692 31.959 2.356
14 6 1 32.615 2.706 31.959 2.370
15 6 1 32.615 2.729 31.959 2.393
16 6 1 32.614 2.751 31.959 2.415
18 6 1 32.607 2.744 31.951 2.407
19 6 1 32.607 2.766 31.951 2.430
20 6 1 32.614 2.796 31.959 2.459
21 6 1 32.622 2.833 31.966 2.497
22 6 1 32.614 2.870 31.959 2.534
23 6 1 32.622 2.907 31.966 2.571
24 6 1 32.614 2.944 31.958 2.608
25 6 1 32.622 2.981 31.966 2.645
26 6 1 32.614 3.011 31.958 2.675
27 6 1 32.621 3.048 31.966 2.712
28 6 1 32.614 3.078 31.958 2.742
29 6 1 32.621 3.107 31.966 2.771
30 6 1 32.606 3.144 31.951 2.808
32 6 1 32.599 3.137 31.943 2.801
33 6 1 32.599 3.167 31.943 2.831
34 6 1 32.599 3.204 31.943 2.868
35 6 1 32.859 3.747 32.033 2.616
36 6 1 32.807 3.553 32.062 2.801
37 6 1 32.814 3.583 32.070 2.831
38 6 1 32.807 3.628 32.062 2.876
39 6 1 32.814 3.672 32.070 2.920
40 6 1 32.807 3.717 32.062 2.965
41 6 1 32.814 3.746 32.070 2.994
42 6 1 32.806 3.791 32.062 3.039
43 6 1 32.814 3.836 32.069 3.083
44 6 1 32.806 3.865 32.062 3.113
45 6 1 32.814 3.910 32.069 3.158
46 6 1 32.806 3.954 32.062 3.202
47 6 1 32.814 3.999 32.069 3.247
48 6 1 32.806 4.044 32.061 3.291
49 6 1 32.813 4.073 32.069 3.321
50 6 1 32.821 4.118 32.076 3.366
51 6 1 32.828 4.148 32.084 3.395
52 6 1 32.821 4.192 32.076 3.440
53 6 1 32.843 4.237 32.098 3.485
54 6 1 32.835 4.267 32.091 3.514
55 6 1 32.858 4.311 32.113 3.559
56 6 1 32.850 4.489 32.188 3.500
57 6 1 32.865 4.512 32.195 3.515
58 6 1 32.865 4.564 32.195 3.537
59 6 1 32.887 4.460 32.173 3.633
60 6 1 32.887 4.594 32.203 3.611
61 6 1 32.895 4.519 32.187 3.678
62 6 1 32.895 4.549 32.187 3.708
63 6 1 32.894 4.594 32.187 3.752
64 6 1 32.894 4.638 32.187 3.797
65 6 1 32.894 4.668 32.187 3.827
66 6 1 32.894 4.713 32.187 3.871
67 6 1 32.894 4.742 32.187 3.901
68 6 1 32.894 4.787 32.187 3.946
69 6 1 32.894 4.831 32.187 3.990
70 6 1 32.894 4.876 32.187 4.035
71 6 1 32.931 5.129 32.291 4.146
72 6 1 32.923 5.129 32.269 4.169
73 6 1 32.908 5.196 32.261 4.250
74 6 1 32.901 5.218 32.268 4.258
75 6 1 32.923 5.226 32.253 4.288
76 6 1 32.886 5.211 32.238 4.354
77 6 1 32.893 5.203 32.231 4.347
78 6 1 32.893 5.233 32.231 4.377
79 6 1 32.893 5.278 32.231 4.421
80 6 1 32.893 5.307 32.231 4.451
81 6 1 32.893 5.337 32.231 4.481
82 6 1 32.908 5.382 32.245 4.525
83 6 1 32.923 5.426 32.260 4.570
84 6 1 32.923 5.456 32.260 4.600
85 6 1 32.923 5.486 32.260 4.630
86 6 1 32.923 5.530 32.260 4.674
87 6 1 32.923 5.575 32.260 4.719
88 6 1 32.923 5.605 32.260 4.749
89 6 1 32.908 5.635 32.245 4.778
90 6 1 32.922 5.679 32.260 4.823
91 6 1 32.922 5.724 32.260 4.868
92 6 1 32.937 5.754 32.275 4.897
93 6 1 32.952 5.783 32.289 4.927
94 6 1 32.952 5.828 32.289 4.972
95 6 1 32.952 5.873 32.289 5.016
96 6 1 32.952 5.902 32.289 5.046
97 6 1 32.952 5.947 32.289 5.091
98 6 1 32.952 6.007 32.289 5.150
99 6 1 32.952 6.051 32.289 5.195
100 6 1 32.952 6.066 32.289 5.210
101 6 1 32.951 6.126 32.289 5.269
102 6 1 32.951 6.155 32.289 5.299
103 6 1 32.936 6.200 32.274 5.344
104 6 1 32.951 6.230 32.289 5.373
105 6 1 32.936 6.260 32.274 5.403
106 6 1 32.936 6.304 32.273 5.448
107 6 1 32.936 6.349 32.273 5.492
108 6 1 32.936 6.379 32.273 5.522
109 6 1 32.921 6.408 32.258 5.552
110 6 1 32.906 6.453 32.243 5.597
111 6 1 32.794 6.416 32.131 5.686
112 6 1 32.809 6.393 32.131 5.738
113 6 1 32.817 6.408 32.131 5.775
114 6 1 32.802 6.446 32.123 5.812
115 6 1 32.787 6.453 32.108 5.849
116 6 1 32.764 6.460 32.093 5.879
117 6 1 32.757 6.557 32.093 5.782
118 6 1 32.794 6.684 32.093 5.968
119 6 1 32.801 6.743 32.145 6.006
120 6 1 32.801 6.862 32.168 6.065
121 6 1 32.808 6.959 32.160 6.110
122 6 1 32.801 6.959 32.145 6.140
123 6 1 32.816 7.004 32.145 6.207
124 6 1 32.808 7.011 32.145 6.199
125 6 1 32.815 7.019 32.145 6.229
126 6 1 32.808 7.034 32.130 6.244
127 6 1 32.808 7.041 32.130 6.266
128 6 1 32.786 7.011 32.130 6.296
129 6 1 32.808 7.004 32.137 6.333
130 6 1 32.823 7.019 32.122 6.378
131 6 1 32.845 7.019 32.085 6.438
132 6 1 32.853 7.056 32.092 6.497
133 6 1 32.793 7.131 32.144 6.408
134 6 1 32.793 7.160 32.144 6.438
135 6 1 32.793 7.190 32.144 6.467
136 6 1 32.793 7.220 32.144 6.497
137 6 1 32.793 7.250 32.144 6.527
138 6 1 32.778 7.265 32.129 6.542
139 6 1 32.763 7.309 32.114 6.586
140 6 1 32.778 7.324 32.129 6.601
141 6 1 32.763 7.369 32.114 6.646
142 6 1 32.763 7.369 32.114 6.646
143 6 1 32.822 7.525 31.972 6.825
144 6 1 32.770 7.525 31.949 6.884
145 6 1 32.747 7.533 31.949 6.914
146 6 1 32.762 7.540 31.919 6.892
147 6 1 32.665 7.563 32.016 6.869
148 6 1 32.665 7.577 32.016 6.884
149 6 1 32.650 7.622 32.001 6.929
150 6 1 32.650 7.637 32.001 6.944
151 6 1 32.650 7.667 32.001 6.974
152 6 1 32.650 7.697 32.001 7.004
153 6 1 32.650 7.727 32.001 7.033
154 6 1 32.635 7.741 31.986 7.048
155 6 1 32.635 7.756 31.986 7.063
156 6 1 32.635 7.786 31.986 7.093
157 6 1 32.635 7.816 31.986 7.123
158 6 1 32.620 7.831 31.971 7.138
159 6 1 32.620 7.831 31.971 7.138
160 6 1 32.620 7.861 31.971 7.168
161 6 1 32.635 7.890 31.986 7.197
162 6 1 32.635 7.920 31.986 7.227
163 6 1 32.635 7.950 31.986 7.257
164 6 1 32.649 7.980 32.001 7.287
165 6 1 32.649 8.010 32.001 7.317
166 6 1 32.649 8.040 32.000 7.346
167 6 1 32.664 8.069 32.015 7.376
168 6 1 32.664 8.099 32.015 7.406
169 6 1 32.664 8.129 32.015 7.436
170 6 1 32.664 8.144 32.015 7.451
171 6 1 32.664 8.189 32.015 7.495
172 6 1 32.664 8.204 32.015 7.510
173 6 1 32.664 8.248 32.015 7.555
174 6 1 32.664 8.248 32.015 7.555
175 6 1 32.679 8.278 32.030 7.585
176 6 1 32.679 8.308 32.030 7.615
177 6 1 32.679 8.338 32.030 7.645
178 6 1 32.679 8.353 32.030 7.659
179 6 1 32.679 8.397 32.030 7.704
180 6 1 32.678 8.412 32.030 7.719
181 6 1 32.678 8.457 32.029 7.764
182 6 1 32.678 8.472 32.029 7.779
183 6 1 32.663 8.517 32.014 7.823
184 6 1 32.663 8.532 32.014 7.838
185 6 1 32.663 8.576 32.014 7.883
186 6 1 32.663 8.606 32.014 7.913
187 6 1 32.648 8.636 31.999 7.943
188 6 1 32.648 8.666 31.999 7.973
189 6 1 32.633 8.696 31.984 8.002
190 6 1 32.633 8.726 31.984 8.032
191 6 1 32.633 8.755 31.984 8.062
192 6 1 32.633 8.785 31.984 8.092
193 6 1 32.618 8.815 31.969 8.122
194 6 1 32.618 8.845 31.969 8.152
195 6 1 32.618 8.860 31.969 8.166
196 6 1 32.603 8.905 31.954 8.211
197 6 1 32.588 8.905 31.939 8.211
198 6 1 32.588 8.919 31.939 8.226
199 6 1 32.588 8.964 31.939 8.271
200 6 1 32.603 8.979 31.954 8.286
201 6 1 32.603 9.009 31.954 8.316
203 6 1 32.595 9.002 31.946 8.308
204 6 1 32.595 9.031 31.946 8.338
205 6 1 32.677 9.084 32.095 8.405
206 6 1 32.700 9.083 32.058 8.398
207 6 1 32.707 9.106 32.065 8.420
208 6 1 32.714 9.143 32.073 8.457
209 6 1 32.722 9.180 32.080 8.495
210 6 1 32.744 9.218 32.103 8.532
211 6 1 32.767 9.270 32.125 8.584
212 6 1 32.774 9.292 32.132 8.606
213 6 1 32.781 9.330 32.140 8.644
214 6 1 32.789 9.367 32.147 8.681
215 6 1 32.796 9.404 32.155 8.718
216 6 1 32.804 9.427 32.162 8.741
217 6 1 32.826 9.449 32.184 8.763
218 6 1 32.833 9.471 32.192 8.785
219 6 1 32.856 9.509 32.214 8.823
220 6 1 32.863 9.531 32.222 8.845
221 6 1 32.886 9.568 32.244 8.882
222 6 1 32.893 9.591 32.251 8.905
223 6 1 32.900 9.628 32.259 8.942
224 6 1 32.908 9.635 32.266 8.950
225 6 1 32.915 9.673 32.274 8.987
226 6 1 32.923 9.695 32.281 9.009
227 6 1 32.930 9.732 32.289 9.047
228 6 1 32.938 9.755 32.296 9.069
229 6 1 32.945 9.777 32.303 9.091
230 6 1 32.938 9.800 32.296 9.114
231 6 1 32.945 9.837 32.303 9.151
232 6 1 32.952 9.874 32.311 9.188
233 6 1 32.960 9.911 32.318 9.226
234 6 1 32.952 9.949 32.311 9.263
235 6 1 32.960 9.986 32.318 9.300
236 6 1 32.967 10.009 32.325 9.323
237 6 1 32.974 10.046 32.333 9.360
238 6 1 32.982 10.068 32.340 9.382
239 6 1 33.004 10.106 32.363 9.420
240 6 1 33.012 10.113 32.370 9.427
241 6 1 33.034 10.135 32.392 9.449
242 6 1 33.042 10.158 32.400 9.472
243 6 1 33.064 10.180 32.422 9.494
244 6 1 33.071 10.202 32.430 9.517
245 6 1 33.094 10.225 32.452 9.539
246 6 1 33.101 10.232 32.460 9.546
247 6 1 33.124 10.255 32.482 9.569
248 6 1 33.146 10.277 32.504 9.591
249 6 1 33.168 10.314 32.527 9.628
250 6 1 33.176 10.337 32.534 9.651
251 6 1 33.198 10.374 32.556 9.688
252 6 1 33.206 10.396 32.564 9.710
253 6 1 33.228 10.419 32.586 9.733
254 6 1 33.235 10.441 32.594 9.755
255 6 1 33.258 10.478 32.616 9.793
256 6 1 33.250 10.501 32.609 9.815
257 6 1 33.273 10.538 32.631 9.852
258 6 1 33.265 10.560 32.623 9.875
259 6 1 33.272 10.598 32.631 9.912
260 6 1 33.280 10.620 32.638 9.934
261 6 1 33.287 10.658 32.646 9.972
262 6 1 33.280 10.680 32.638 9.994
263 6 1 33.287 10.717 32.646 10.031
264 6 1 33.295 10.740 32.653 10.054
265 6 1 33.302 10.777 32.660 10.091
266 6 1 33.295 10.799 32.653 10.114
267 6 1 33.302 10.837 32.660 10.151
268 6 1 33.294 10.859 32.653 10.173
269 6 1 33.302 10.896 32.660 10.211
270 6 1 33.309 10.934 32.668 10.248
271 6 1 33.317 10.971 32.675 10.285
272 6 1 33.324 10.993 32.682 10.308
273 6 1 33.332 11.016 32.690 10.330
274 6 1 33.324 11.053 32.682 10.367
275 6 1 33.331 11.091 32.690 10.405
276 6 1 33.324 11.113 32.682 10.427
277 6 1 33.331 11.150 32.690 10.464
278 6 1 33.339 11.173 32.697 10.487
279 6 1 33.346 11.210 32.704 10.524
280 6 1 33.339 11.247 32.697 10.562
281 6 1 33.346 11.285 32.704 10.599
282 6 1 33.339 11.307 32.697 10.621
283 6 1 33.346 11.345 32.704 10.659
284 6 1 33.353 11.367 32.712 10.681
285 6 1 33.309 11.404 32.771 10.718
286 6 1 33.301 11.427 32.764 10.741
287 6 1 33.308 11.464 32.771 10.778
288 6 1 33.301 11.487 32.764 10.800
289 6 1 33.308 11.524 32.771 10.838
290 6 1 33.316 11.546 32.779 10.860
291 6 1 33.323 11.584 32.786 10.897
292 6 1 33.316 11.606 32.779 10.920
293 6 1 33.323 11.643 32.786 10.957
294 6 1 33.316 11.681 32.778 10.995
295 6 1 33.308 11.718 32.771 11.032
296 6 1 33.301 11.756 32.763 11.069
297 6 1 33.293 11.793 32.756 11.107
298 6 1 33.390 11.905 32.770 11.211
299 6 1 33.345 11.898 32.808 11.211
300 6 1 33.338 11.935 32.800 11.249
301 6 1 33.315 11.972 32.778 11.286
302 6 1 33.308 11.995 32.770 11.308
303 6 1 33.285 12.032 32.748 11.346
304 6 1 33.278 12.055 32.740 11.368
305 6 1 33.270 12.092 32.733 11.406
306 6 1 33.263 12.129 32.725 11.443
307 6 1 33.240 12.167 32.703 11.481
308 6 1 33.233 12.189 32.695 11.503
309 6 1 33.210 12.227 32.673 11.540
310 6 1 33.202 12.264 32.665 11.578
311 6 1 33.195 12.302 32.658 11.615
312 6 1 33.187 12.339 32.650 11.653
313 6 1 33.180 12.376 32.642 11.690
314 6 1 33.187 12.399 32.650 11.712
315 6 1 33.180 12.436 32.642 11.750
316 6 1 33.187 12.474 32.650 11.787
317 6 1 33.180 12.511 32.642 11.825
318 6 1 33.187 12.548 32.650 11.862
319 6 1 33.180 12.586 32.642 11.899
320 6 1 33.187 12.608 32.649 11.922
321 6 1 33.179 12.661 32.642 11.974
322 6 1 33.187 12.683 32.649 11.997
323 6 1 33.179 12.720 32.642 12.034
324 6 1 33.172 12.758 32.634 12.071
325 6 1 33.164 12.795 32.627 12.109
326 6 1 33.172 12.833 32.634 12.146
327 6 1 33.164 12.870 32.627 12.184
328 6 1 33.172 12.893 32.634 12.206
329 6 1 33.164 12.930 32.626 12.243
330 6 1 33.156 12.967 32.619 12.281
331 6 1 33.149 13.005 32.611 12.318
332 6 1 33.156 13.027 32.619 12.341
333 6 1 33.149 13.065 32.611 12.378
334 6 1 33.141 13.102 32.604 12.416
335 6 1 33.134 13.140 32.596 12.453
336 6 1 33.126 13.177 32.589 12.490
337 6 1 33.119 13.214 32.581 12.528
338 6 1 33.111 13.237 32.573 12.550
339 6 1 33.104 13.274 32.566 12.588
340 6 1 33.096 13.312 32.558 12.625
341 6 1 33.088 13.349 32.551 12.663
342 6 1 33.096 13.387 32.558 12.700
343 6 1 33.073 13.424 32.536 12.737
344 6 1 33.081 13.447 32.543 12.760
345 6 1 33.058 13.484 32.521 12.797
346 6 1 33.066 13.522 32.528 12.835
347 6 1 33.058 13.559 32.520 12.872
348 6 1 33.051 13.581 32.513 12.895
349 6 1 33.043 13.619 32.505 12.932
350 6 1 33.036 13.641 32.498 12.955
351 6 1 33.028 13.694 32.490 13.007
352 6 1 33.020 13.716 32.483 13.029
353 6 1 33.013 13.754 32.475 13.067
354 6 1 33.020 13.791 32.483 13.104
355 6 1 32.998 13.829 32.460 13.142
356 6 1 33.005 13.866 32.467 13.179
357 6 1 32.998 13.904 32.460 13.217
358 6 1 32.990 13.941 32.452 13.254
359 6 1 32.968 13.979 32.430 13.292
360 6 1 32.975 14.016 32.437 13.329
361 6 1 32.967 14.053 32.430 13.367
362 6 1 32.960 14.076 32.422 13.389
363 6 1 32.952 14.113 32.414 13.427
364 6 1 32.960 14.136 32.422 13.449
365 6 1 32.952 14.188 32.414 13.501
366 6 1 32.960 14.211 32.422 13.524
367 6 1 32.952 14.248 32.414 13.561
368 6 1 32.960 14.286 32.422 13.599
369 6 1 32.937 14.323 32.399 13.636
370 6 1 32.944 14.346 32.407 13.659
0 7 2 19.150 10.925 17.557 10.151
1 7 2 19.195 10.947 17.527 10.136
2 7 2 19.362 10.954 17.694 10.144
3 7 2 19.530 10.947 17.862 10.136
4 7 2 19.712 10.969 18.045 10.158
5 7 2 19.879 10.976 18.212 10.165
6 7 2 20.229 10.908 18.584 10.338
7 7 2 20.259 10.923 18.675 10.346
8 7 2 20.267 10.938 18.645 10.331
9 7 2 20.442 10.952 18.819 10.345
10 7 2 20.631 10.967 19.009 10.360
11 7 2 20.813 10.982 19.192 10.375
12 7 2 20.980 10.996 19.359 10.390
13 7 2 21.155 11.011 19.534 10.404
14 7 2 21.352 11.026 19.731 10.419
15 7 2 21.519 11.040 19.898 10.434
16 7 2 21.708 11.055 20.088 10.449
17 7 2 21.890 11.070 20.270 10.463
18 7 2 22.072 11.084 20.452 10.478
19 7 2 22.261 11.099 20.642 10.493
20 7 2 22.458 11.114 20.839 10.507
21 7 2 22.625 11.128 21.006 10.522
22 7 2 22.814 11.158 21.196 10.552
23 7 2 22.995 11.173 21.378 10.567
24 7 2 23.177 11.187 21.559 10.581
25 7 2 23.812 11.231 21.908 10.573
26 7 2 24.001 11.208 22.120 10.573
27 7 2 23.933 11.201 22.173 10.580
28 7 2 24.115 11.215 22.355 10.595
29 7 2 24.319 11.260 22.559 10.640
30 7 2 24.477 11.275 22.718 10.655
31 7 2 24.674 11.319 22.915 10.699
32 7 2 24.862 11.334 23.104 10.714
33 7 2 25.051 11.363 23.293 10.744
34 7 2 25.262 11.393 23.505 10.773
35 7 2 25.466 11.408 23.709 10.788
36 7 2 25.655 11.422 23.898 10.803
37 7 2 25.866 11.467 24.109 10.847
38 7 2 26.069 11.481 24.313 10.862
39 7 2 26.258 11.511 24.502 10.892
40 7 2 26.469 11.540 24.713 10.921
41 7 2 26.687 11.570 24.932 10.951
42 7 2 26.876 11.599 25.121 10.980
43 7 2 27.071 11.629 25.317 11.010
44 7 2 27.290 11.658 25.536 11.040
45 7 2 27.478 11.688 25.724 11.069
46 7 2 27.952 11.852 25.996 11.099
47 7 2 27.839 11.784 26.071 11.158
48 7 2 28.042 11.806 26.274 11.181
49 7 2 28.238 11.828 26.470 11.203
50 7 2 28.478 11.865 26.711 11.240
51 7 2 28.659 11.887 26.892 11.262
52 7 2 28.929 11.894 27.434 11.335
53 7 2 29.034 11.924 27.291 11.306
54 7 2 29.245 11.953 27.502 11.335
55 7 2 29.448 11.968 27.705 11.350
56 7 2 29.680 11.982 27.938 11.364
57 7 2 29.868 12.011 28.126 11.394
58 7 2 30.101 12.041 28.359 11.423
59 7 2 30.371 12.212 28.833 11.415
60 7 2 30.453 12.122 28.728 11.497
61 7 2 30.656 12.129 28.931 11.504
62 7 2 30.941 12.158 29.216 11.534
63 7 2 31.091 12.173 29.366 11.548
64 7 2 31.323 12.180 29.599 11.555
65 7 2 31.570 12.224 29.847 11.600
66 7 2 31.743 12.223 30.020 11.599
67 7 2 31.945 12.260 30.222 11.636
68 7 2 32.417 12.229 30.822 11.635
69 7 2 32.469 12.236 30.762 11.620
70 7 2 33.030 12.310 30.995 11.634
71 7 2 32.858 12.273 31.137 11.656
72 7 2 33.075 12.287 31.354 11.671
73 7 2 33.292 12.286 31.572 11.670
74 7 2 33.449 12.301 31.737 11.685
75 7 2 34.077 12.396 32.028 11.774
76 7 2 33.905 12.382 32.178 11.766
77 7 2 34.077 12.411 32.350 11.803
78 7 2 34.368 12.395 32.642 11.787
79 7 2 34.592 12.410 32.867 11.802
80 7 2 34.786 12.417 33.069 11.809
81 7 2 35.055 12.438 33.338 11.830
82 7 2 35.279 12.452 33.562 11.845
83 7 2 35.465 12.467 33.749 11.859
84 7 2 35.711 12.481 33.995 11.873
85 7 2 35.935 12.495 34.219 11.888
86 7 2 36.121 12.510 34.406 11.902
87 7 2 36.367 12.524 34.653 11.916
88 7 2 36.665 12.486 35.130 11.945
89 7 2 36.740 12.515 35.041 11.915
90 7 2 36.948 12.530 35.249 11.930
91 7 2 37.164 12.544 35.466 11.944
92 7 2 37.365 12.573 35.667 11.974
93 7 2 37.596 12.587 35.898 11.988
94 7 2 37.826 12.602 36.129 12.002
95 7 2 38.020 12.616 36.323 12.017
96 7 2 38.258 12.630 36.561 12.031
97 7 2 38.473 12.644 36.777 12.045
98 7 2 38.986 12.717 37.008 12.112
99 7 2 38.837 12.710 37.134 12.111
100 7 2 39.045 12.724 37.343 12.126
101 7 2 39.238 12.724 37.536 12.125
102 7 2 39.476 12.738 37.774 12.139
103 7 2 39.684 12.767 37.982 12.169
104 7 2 39.884 12.781 38.183 12.183
105 7 2 40.114 12.781 38.414 12.182
106 7 2 40.322 12.795 38.622 12.197
107 7 2 40.522 12.824 38.822 12.226
108 7 2 40.752 12.853 39.052 12.255
109 7 2 40.959 12.867 39.260 12.269
110 7 2 41.159 12.882 39.461 12.284
111 7 2 41.389 12.911 39.691 12.313
112 7 2 41.596 12.925 39.899 12.327
113 7 2 41.833 12.946 40.366 12.370
114 7 2 41.930 12.953 40.247 12.363
115 7 2 42.137 12.960 40.455 12.370
116 7 2 42.337 12.967 40.655 12.377
117 7 2 42.551 12.989 40.870 12.399
118 7 2 42.758 12.995 41.077 12.405
119 7 2 42.958 13.017 41.277 12.427
120 7 2 43.172 13.039 41.492 12.449
121 7 2 43.379 13.060 41.699 12.471
122 7 2 43.579 13.067 41.899 12.477
123 7 2 43.793 13.089 42.114 12.499
124 7 2 43.999 13.095 42.321 12.506
125 7 2 44.191 13.132 42.513 12.543
126 7 2 44.398 13.139 42.720 12.549
127 7 2 44.605 13.160 42.927 12.571
128 7 2 44.804 13.167 43.127 12.578
129 7 2 45.003 13.188 43.326 12.600
130 7 2 45.210 13.210 43.533 12.621
131 7 2 45.387 13.232 43.710 12.643
132 7 2 45.490 13.239 43.821 12.650
133 7 2 45.578 13.261 43.917 12.672
134 7 2 45.682 13.298 44.028 12.709
136 7 2 45.512 13.291 43.866 12.702
137 7 2 45.593 13.298 43.954 12.709
139 7 2 45.468 13.291 43.836 12.702
141 7 2 45.409 13.284 43.784 12.695
142 7 2 45.409 13.276 43.792 12.687
143 7 2 45.409 13.269 43.799 12.680
144 7 2 45.416 13.261 43.814 12.672
145 7 2 45.401 13.254 43.799 12.665
146 7 2 45.409 13.261 43.814 12.672
147 7 2 45.394 13.254 43.799 12.665
148 7 2 45.409 13.261 43.814 12.672
149 7 2 45.401 13.254 43.806 12.665
150 7 2 45.409 13.246 43.814 12.657
151 7 2 45.401 13.254 43.806 12.665
152 7 2 45.409 13.261 43.814 12.672
153 7 2 45.394 13.269 43.799 12.680
154 7 2 45.401 13.276 43.806 12.687
155 7 2 45.401 13.269 43.806 12.680
156 7 2 45.401 13.276 43.806 12.687
157 7 2 45.401 13.269 43.806 12.680
158 7 2 45.409 13.261 43.814 12.672
159 7 2 45.401 13.254 43.806 12.665
160 7 2 45.409 13.261 43.814 12.672
161 7 2 45.401 13.254 43.806 12.665
162 7 2 45.401 13.247 43.806 12.657
163 7 2 45.401 13.254 43.806 12.665
164 7 2 45.409 13.261 43.814 12.672
165 7 2 45.409 13.254 43.814 12.665
166 7 2 45.409 13.246 43.814 12.657
167 7 2 45.409 13.254 43.814 12.665
168 7 2 45.401 13.247 43.806 12.657
169 7 2 45.401 13.254 43.806 12.665
170 7 2 45.409 13.261 43.814 12.672
171 7 2 45.401 13.254 43.806 12.665
172 7 2 45.409 13.261 43.814 12.672
173 7 2 45.401 13.254 43.806 12.665
174 7 2 45.401 13.247 43.806 12.657
175 7 2 45.409 13.239 43.814 12.650
176 7 2 45.401 13.247 43.806 12.657
177 7 2 45.409 13.239 43.814 12.650
178 7 2 45.409 13.246 43.814 12.657
179 7 2 45.401 13.254 43.806 12.665
180 7 2 45.401 13.261 43.806 12.672
181 7 2 45.401 13.254 43.806 12.665
182 7 2 45.409 13.246 43.814 12.657
183 7 2 45.409 13.239 43.814 12.650
184 7 2 45.409 13.246 43.814 12.657
185 7 2 45.409 13.239 43.814 12.650
186 7 2 45.401 13.247 43.806 12.657
187 7 2 45.409 13.239 43.814 12.650
188 7 2 45.409 13.246 43.821 12.657
189 7 2 45.416 13.239 43.836 12.650
190 7 2 45.409 13.246 43.828 12.657
191 7 2 45.409 13.239 43.828 12.650
192 7 2 45.409 13.246 43.836 12.657
193 7 2 45.401 13.239 43.828 12.650
194 7 2 45.409 13.246 43.843 12.657
195 7 2 45.401 13.239 43.836 12.650
196 7 2 45.409 13.246 43.843 12.657
197 7 2 45.401 13.239 43.836 12.650
198 7 2 45.401 13.247 43.836 12.657
199 7 2 45.401 13.239 43.836 12.650
200 7 2 45.409 13.246 43.843 12.657
201 7 2 45.401 13.239 43.836 12.650
202 7 2 45.409 13.246 43.843 12.657
203 7 2 45.401 13.239 43.836 12.650
204 7 2 45.401 13.232 43.836 12.643
205 7 2 45.401 13.224 43.836 12.635
206 7 2 45.409 13.232 43.843 12.643
207 7 2 45.401 13.224 43.836 12.635
208 7 2 45.409 13.232 43.851 12.642
209 7 2 45.409 13.224 43.858 12.635
210 7 2 45.409 13.232 43.865 12.642
211 7 2 45.401 13.239 43.858 12.650
212 7 2 45.401 13.247 43.858 12.657
213 7 2 45.401 13.239 43.858 12.650
214 7 2 45.401 13.247 43.858 12.657
215 7 2 45.401 13.239 43.858 12.650
216 7 2 45.401 13.247 43.858 12.657
217 7 2 45.409 13.239 43.873 12.650
218 7 2 45.401 13.247 43.865 12.657
219 7 2 45.409 13.239 43.880 12.650
220 7 2 45.394 13.247 43.865 12.657
221 7 2 45.401 13.239 43.873 12.650
222 7 2 45.401 13.247 43.873 12.657
223 7 2 45.394 13.239 43.865 12.650
224 7 2 45.401 13.247 43.873 12.657
225 7 2 45.401 13.239 43.873 12.650
226 7 2 45.401 13.247 43.873 12.657
227 7 2 45.394 13.239 43.865 12.650
228 7 2 45.409 13.232 43.888 12.642
229 7 2 45.423 13.224 43.910 12.635
230 7 2 45.423 13.217 43.917 12.627
231 7 2 45.409 13.224 43.910 12.635
232 7 2 45.401 13.232 43.902 12.642
233 7 2 45.401 13.239 43.902 12.650
234 7 2 45.401 13.247 43.902 12.657
235 7 2 45.401 13.239 43.902 12.650
236 7 2 45.401 13.247 43.902 12.657
237 7 2 45.394 13.254 43.895 12.665
238 7 2 45.401 13.261 43.902 12.672
239 7 2 45.394 13.254 43.895 12.665
240 7 2 45.401 13.261 43.902 12.672
241 7 2 45.394 13.254 43.895 12.665
242 7 2 45.401 13.261 43.902 12.672
243 7 2 45.394 13.254 43.895 12.665
244 7 2 45.401 13.261 43.902 12.672
245 7 2 45.401 13.254 43.902 12.665
246 7 2 45.401 13.261 43.902 12.672
247 7 2 45.401 13.254 43.902 12.665
248 7 2 45.401 13.261 43.902 12.672
249 7 2 45.401 13.254 43.902 12.665
250 7 2 45.401 13.261 43.902 12.672
251 7 2 45.401 13.254 43.902 12.665
252 7 2 45.401 13.261 43.902 12.672
253 7 2 45.401 13.254 43.902 12.665
254 7 2 45.401 13.261 43.902 12.672
255 7 2 45.401 13.254 43.902 12.665
256 7 2 45.401 13.261 43.902 12.672
257 7 2 45.401 13.254 43.902 12.665
258 7 2 45.401 13.261 43.902 12.672
259 7 2 45.401 13.254 43.902 12.665
260 7 2 45.401 13.261 43.902 12.672
261 7 2 45.401 13.269 43.902 12.679
262 7 2 45.401 13.261 43.902 12.672
263 7 2 45.401 13.254 43.902 12.665
264 7 2 45.401 13.261 43.902 12.672
265 7 2 45.401 13.254 43.902 12.665
266 7 2 45.401 13.261 43.902 12.672
267 7 2 45.401 13.254 43.902 12.665
268 7 2 45.401 13.261 43.902 12.672
269 7 2 45.401 13.254 43.902 12.665
270 7 2 45.401 13.261 43.902 12.672
271 7 2 45.394 13.269 43.895 12.680
272 7 2 45.401 13.276 43.902 12.687
273 7 2 45.394 13.269 43.895 12.680
274 7 2 45.401 13.276 43.902 12.687
275 7 2 45.394 13.269 43.895 12.680
276 7 2 45.401 13.261 43.902 12.672
277 7 2 45.394 13.254 43.895 12.665
278 7 2 45.401 13.261 43.902 12.672
279 7 2 45.394 13.254 43.895 12.665
280 7 2 45.401 13.247 43.902 12.657
281 7 2 45.394 13.239 43.895 12.650
282 7 2 45.394 13.247 43.895 12.657
283 7 2 45.394 13.254 43.895 12.665
284 7 2 45.394 13.247 43.895 12.657
285 7 2 45.394 13.239 43.895 12.650
286 7 2 45.387 13.247 43.888 12.657
287 7 2 45.379 13.239 43.880 12.650
288 7 2 45.387 13.232 43.888 12.642
289 7 2 45.379 13.224 43.880 12.635
290 7 2 45.379 13.232 43.880 12.642
291 7 2 45.379 13.224 43.880 12.635
292 7 2 45.379 13.232 43.880 12.642
293 7 2 45.379 13.224 43.880 12.635
294 7 2 45.379 13.217 43.880 12.628
295 7 2 45.372 13.209 43.873 12.620
296 7 2 45.372 13.217 43.873 12.628
297 7 2 45.372 13.209 43.873 12.620
298 7 2 45.372 13.217 43.873 12.628
299 7 2 45.372 13.209 43.873 12.620
300 7 2 45.372 13.202 43.873 12.613
301 7 2 45.364 13.195 43.865 12.605
302 7 2 45.357 13.202 43.858 12.613
303 7 2 45.357 13.195 43.858 12.605
304 7 2 45.357 13.202 43.858 12.613
305 7 2 45.357 13.195 43.858 12.605
306 7 2 45.357 13.187 43.858 12.598
307 7 2 45.350 13.180 43.850 12.590
308 7 2 45.342 13.187 43.843 12.598
309 7 2 45.350 13.180 43.850 12.590
310 7 2 45.342 13.187 43.843 12.598
311 7 2 45.342 13.180 43.843 12.591
312 7 2 45.350 13.187 43.850 12.598
313 7 2 45.342 13.180 43.843 12.591
314 7 2 45.342 13.187 43.843 12.598
315 7 2 45.342 13.180 43.843 12.591
316 7 2 45.342 13.187 43.843 12.598
317 7 2 45.335 13.180 43.836 12.591
318 7 2 45.327 13.187 43.828 12.598
319 7 2 45.335 13.180 43.836 12.591
320 7 2 45.327 13.173 43.828 12.583
321 7 2 45.335 13.180 43.836 12.591
322 7 2 45.327 13.173 43.828 12.583
323 7 2 45.335 13.165 43.836 12.576
324 7 2 45.327 13.173 43.828 12.583
325 7 2 45.335 13.165 43.836 12.576
326 7 2 45.327 13.173 43.828 12.583
327 7 2 45.335 13.180 43.836 12.591
328 7 2 45.327 13.187 43.828 12.598
329 7 2 45.327 13.180 43.828 12.591
330 7 2 45.327 13.187 43.828 12.598
331 7 2 45.327 13.180 43.828 12.591
332 7 2 45.327 13.187 43.828 12.598
333 7 2 45.327 13.180 43.828 12.591
334 7 2 45.327 13.173 43.828 12.583
335 7 2 45.327 13.180 43.828 12.591
336 7 2 45.327 13.187 43.828 12.598
337 7 2 45.327 13.180 43.828 12.591
338 7 2 45.327 13.187 43.828 12.598
339 7 2 45.327 13.180 43.828 12.591
340 7 2 45.335 13.172 43.836 12.583
341 7 2 45.327 13.165 43.828 12.576
342 7 2 45.335 13.172 43.836 12.583
343 7 2 45.327 13.180 43.828 12.591
344 7 2 45.335 13.187 43.836 12.598
345 7 2 45.327 13.180 43.828 12.591
346 7 2 45.335 13.187 43.836 12.598
347 7 2 45.327 13.180 43.828 12.591
348 7 2 45.327 13.187 43.828 12.598
349 7 2 45.327 13.180 43.828 12.591
350 7 2 45.335 13.187 43.836 12.598
351 7 2 45.327 13.180 43.828 12.591
352 7 2 45.335 13.172 43.836 12.583
353 7 2 45.327 13.180 43.828 12.591
354 7 2 45.335 13.187 43.836 12.598
355 7 2 45.327 13.180 43.828 12.591
356 7 2 45.335 13.172 43.836 12.583
357 7 2 45.327 13.165 43.828 12.576
358 7 2 45.335 13.172 43.836 12.583
359 7 2 45.327 13.165 43.828 12.576
360 7 2 45.335 13.172 43.836 12.583
361 7 2 45.327 13.165 43.828 12.576
362 7 2 45.335 13.172 43.836 12.583
363 7 2 45.327 13.165 43.828 12.576
364 7 2 45.327 13.173 43.828 12.583
365 7 2 45.335 13.165 43.836 12.576
366 7 2 45.327 13.173 43.828 12.583
367 7 2 45.335 13.165 43.836 12.576
368 7 2 45.327 13.173 43.828 12.583
369 7 2 45.327 13.165 43.828 12.576
370 7 2 45.327 13.173 43.828 12.583
0 8 2 19.112 8.779 17.581 8.163
1 8 2 19.158 8.802 17.550 8.156
2 8 2 19.295 8.817 17.687 8.171
3 8 2 19.431 8.832 17.824 8.186
4 8 2 19.553 8.832 17.946 8.186
5 8 2 19.689 8.824 18.083 8.178
6 8 2 19.841 8.832 18.235 8.186
7 8 2 19.978 8.831 18.372 8.186
8 8 2 20.114 8.846 18.509 8.201
9 8 2 20.266 8.861 18.661 8.216
10 8 2 20.418 8.861 18.813 8.216
11 8 2 20.570 8.854 18.965 8.208
12 8 2 20.721 8.876 19.116 8.231
13 8 2 20.873 8.891 19.268 8.246
14 8 2 21.025 8.883 19.420 8.238
15 8 2 21.152 9.064 19.641 8.185
16 8 2 21.168 8.996 19.610 8.238
17 8 2 21.319 8.996 19.762 8.238
18 8 2 21.865 8.965 19.853 8.283
19 8 2 21.691 8.988 19.997 8.253
20 8 2 21.925 9.048 20.399 8.245
21 8 2 22.282 9.003 20.391 8.298
22 8 2 22.168 9.018 20.475 8.283
23 8 2 22.334 9.025 20.642 8.290
24 8 2 22.501 9.047 20.808 8.313
25 8 2 22.811 9.017 21.104 8.275
26 8 2 22.796 9.010 21.104 8.275
27 8 2 23.197 8.994 21.392 8.297
28 8 2 23.144 9.002 21.430 8.282
29 8 2 23.295 9.009 21.582 8.290
30 8 2 23.462 9.002 21.748 8.282
31 8 2 23.643 9.009 21.930 8.290
32 8 2 23.817 9.001 22.104 8.282
33 8 2 23.991 9.009 22.278 8.289
34 8 2 24.436 9.053 22.551 8.289
35 8 2 24.346 9.031 22.619 8.312
36 8 2 24.512 9.023 22.785 8.304
37 8 2 24.678 9.016 22.952 8.297
38 8 2 24.851 9.008 23.126 8.289
39 8 2 25.025 9.000 23.299 8.282
40 8 2 25.206 9.008 23.481 8.289
41 8 2 25.380 9.000 23.655 8.281
42 8 2 25.553 9.007 23.828 8.289
43 8 2 25.734 9.000 24.010 8.281
44 8 2 25.922 9.007 24.198 8.289
45 8 2 26.096 8.999 24.372 8.281
46 8 2 26.277 9.007 24.553 8.289
47 8 2 26.465 8.999 24.742 8.281
48 8 2 26.638 9.006 24.915 8.288
49 8 2 26.819 8.999 25.097 8.281
50 8 2 27.007 9.006 25.285 8.288
51 8 2 27.180 8.999 25.458 8.281
52 8 2 27.376 9.006 25.654 8.288
53 8 2 27.564 8.998 25.843 8.281
54 8 2 27.737 8.991 26.016 8.273
55 8 2 27.932 8.968 26.212 8.251
56 8 2 28.128 8.960 26.408 8.243
57 8 2 28.293 8.953 26.574 8.235
58 8 2 28.474 8.945 26.754 8.228
59 8 2 28.669 8.937 26.950 8.220
60 8 2 28.849 8.930 27.131 8.213
61 8 2 29.029 8.922 27.311 8.205
62 8 2 29.247 8.915 27.529 8.198
63 8 2 29.405 8.892 27.687 8.175
64 8 2 29.600 8.884 27.883 8.168
65 8 2 29.810 8.862 28.093 8.145
66 8 2 29.975 8.854 28.259 8.138
67 8 2 30.155 8.832 28.439 8.115
68 8 2 30.425 8.824 28.709 8.108
69 8 2 30.530 8.802 28.815 8.085
70 8 2 30.725 8.794 29.010 8.078
71 8 2 30.298 8.712 28.582 7.996
72 8 2 31.099 8.779 29.385 8.063
73 8 2 31.279 8.741 29.565 8.025
74 8 2 31.414 8.764 29.700 8.055
75 8 2 31.668 8.711 29.955 8.003
76 8 2 31.848 8.704 30.135 7.995
77 8 2 32.013 8.674 30.308 7.965
78 8 2 32.222 8.674 30.517 7.965
79 8 2 32.416 8.651 30.712 7.943
80 8 2 32.573 8.644 30.869 7.935
81 8 2 32.790 8.636 31.087 7.928
82 8 2 32.969 8.628 31.266 7.920
83 8 2 33.141 8.621 31.438 7.913
84 8 2 33.358 8.613 31.655 7.906
85 8 2 33.537 8.606 31.835 7.898
86 8 2 33.716 8.606 32.014 7.898
87 8 2 33.925 8.605 32.224 7.898
88 8 2 34.119 8.613 32.418 7.905
89 8 2 34.283 8.605 32.582 7.898
90 8 2 34.477 8.613 32.777 7.905
91 8 2 34.671 8.620 32.971 7.913
92 8 2 34.850 8.627 33.150 7.920
93 8 2 35.058 8.635 33.359 7.928
94 8 2 35.237 8.642 33.538 7.935
95 8 2 35.416 8.649 33.717 7.942
96 8 2 35.625 8.671 33.926 7.965
97 8 2 35.803 8.679 34.105 7.972
98 8 2 35.989 8.686 34.291 7.980
99 8 2 36.175 8.693 34.478 7.987
100 8 2 36.369 8.716 34.672 8.009
101 8 2 36.540 8.723 34.843 8.017
102 8 2 36.741 8.745 35.044 8.039
103 8 2 36.919 8.752 35.223 8.046
104 8 2 37.090 8.775 35.394 8.069
105 8 2 37.276 8.782 35.580 8.076
106 8 2 37.469 8.804 35.774 8.098
107 8 2 37.640 8.811 35.945 8.106
108 8 2 37.840 8.834 36.146 8.128
109 8 2 38.019 8.841 36.324 8.135
110 8 2 38.189 8.863 36.495 8.158
111 8 2 38.390 8.870 36.696 8.165
112 8 2 38.345 8.945 37.239 8.217
113 8 2 38.612 8.930 36.956 8.224
114 8 2 38.776 8.944 37.120 8.239
115 8 2 38.968 8.944 37.313 8.239
116 8 2 39.139 8.959 37.484 8.254
117 8 2 39.487 9.003 37.528 8.284
118 8 2 39.339 8.989 37.669 8.284
119 8 2 39.517 8.988 37.848 8.284
120 8 2 39.680 9.003 38.011 8.298
121 8 2 39.858 9.018 38.189 8.313
122 8 2 40.036 9.018 38.367 8.313
123 8 2 40.213 9.032 38.545 8.328
124 8 2 40.391 9.032 38.723 8.328
125 8 2 40.569 9.047 38.901 8.343
126 8 2 40.746 9.047 39.079 8.343
127 8 2 40.924 9.061 39.257 8.357
128 8 2 41.087 9.061 39.420 8.357
129 8 2 41.264 9.076 39.598 8.372
130 8 2 41.442 9.091 39.776 8.387
131 8 2 41.604 9.091 39.939 8.387
132 8 2 41.782 9.105 40.116 8.401
133 8 2 41.959 9.120 40.294 8.416
134 8 2 42.122 9.120 40.457 8.416
135 8 2 42.299 9.134 40.635 8.431
136 8 2 42.462 9.149 40.797 8.446
137 8 2 42.639 9.164 40.975 8.460
138 8 2 42.801 9.178 41.138 8.475
139 8 2 42.978 9.178 41.315 8.475
140 8 2 43.141 9.193 41.478 8.490
141 8 2 43.303 9.208 41.640 8.505
142 8 2 43.480 9.207 41.818 8.504
143 8 2 43.937 9.222 41.965 8.534
144 8 2 43.775 9.222 42.106 8.527
145 8 2 43.930 9.229 42.261 8.534
146 8 2 44.085 9.251 42.416 8.556
147 8 2 44.593 9.273 42.564 8.615
148 8 2 44.409 9.288 42.726 8.600
149 8 2 44.564 9.303 42.881 8.615
150 8 2 44.718 9.317 43.036 8.630
151 8 2 44.873 9.332 43.191 8.645
152 8 2 45.028 9.347 43.346 8.659
153 8 2 45.433 9.405 43.398 8.741
154 8 2 44.770 9.354 43.906 8.666
155 8 2 44.917 9.369 44.054 8.681
156 8 2 45.418 9.383 44.069 8.822
157 8 2 45.374 9.443 44.157 8.792
158 8 2 45.381 9.435 44.165 8.799
159 8 2 45.337 9.480 44.312 8.799
160 8 2 45.264 9.465 44.371 8.799
161 8 2 45.367 9.487 44.474 8.821
163 8 2 45.359 9.480 44.467 8.814
164 8 2 45.404 9.487 44.518 8.821
165 8 2 45.455 9.509 44.577 8.844
166 8 2 45.499 9.516 44.629 8.851
167 8 2 45.543 9.509 44.680 8.843
168 8 2 45.558 9.516 44.702 8.851
169 8 2 45.573 9.494 44.724 8.829
170 8 2 45.580 9.457 44.739 8.792
172 8 2 45.455 9.450 44.621 8.784
173 8 2 45.448 9.442 44.621 8.777
174 8 2 45.448 9.435 44.628 8.770
175 8 2 45.448 9.428 44.636 8.762
176 8 2 45.448 9.420 44.643 8.755
177 8 2 45.440 9.428 44.643 8.762
178 8 2 45.433 9.420 44.643 8.755
179 8 2 45.433 9.428 44.651 8.762
180 8 2 45.433 9.420 44.658 8.755
181 8 2 45.433 9.428 44.665 8.762
182 8 2 45.433 9.420 44.673 8.755
183 8 2 45.418 9.428 44.665 8.762
184 8 2 45.411 9.420 44.665 8.755
185 8 2 45.411 9.428 44.673 8.762
186 8 2 45.411 9.420 44.680 8.755
187 8 2 45.411 9.428 44.687 8.762
188 8 2 45.411 9.420 44.695 8.755
189 8 2 45.403 9.428 44.695 8.762
190 8 2 45.396 9.420 44.695 8.755
191 8 2 45.396 9.413 44.702 8.747
192 8 2 45.389 9.420 44.702 8.755
193 8 2 45.389 9.428 44.709 8.762
194 8 2 45.381 9.420 44.709 8.755
195 8 2 45.381 9.428 44.717 8.762
196 8 2 45.374 9.420 44.717 8.755
197 8 2 45.374 9.428 44.724 8.762
198 8 2 45.374 9.420 44.732 8.755
199 8 2 45.374 9.413 44.739 8.747
200 8 2 45.374 9.406 44.739 8.740
201 8 2 45.374 9.413 44.746 8.747
202 8 2 45.367 9.406 44.739 8.740
203 8 2 45.367 9.413 44.739 8.747
204 8 2 45.367 9.406 44.739 8.740
205 8 2 45.374 9.413 44.746 8.747
206 8 2 45.367 9.406 44.739 8.740
207 8 2 45.374 9.413 44.746 8.747
208 8 2 45.367 9.406 44.739 8.740
209 8 2 45.367 9.413 44.739 8.747
210 8 2 45.367 9.406 44.739 8.740
211 8 2 45.374 9.413 44.746 8.747
212 8 2 45.367 9.406 44.739 8.740
213 8 2 45.374 9.413 44.746 8.747
214 8 2 45.367 9.406 44.739 8.740
215 8 2 45.367 9.413 44.739 8.747
216 8 2 45.374 9.406 44.754 8.740
217 8 2 45.374 9.398 44.761 8.732
218 8 2 45.374 9.391 44.768 8.725
219 8 2 45.374 9.398 44.776 8.732
220 8 2 45.367 9.391 44.768 8.725
221 8 2 45.367 9.398 44.776 8.732
222 8 2 45.367 9.391 44.776 8.725
223 8 2 45.367 9.398 44.776 8.732
224 8 2 45.367 9.391 44.776 8.725
225 8 2 45.367 9.398 44.776 8.732
226 8 2 45.374 9.391 44.790 8.725
227 8 2 45.374 9.383 44.798 8.718
228 8 2 45.366 9.376 44.790 8.710
229 8 2 45.366 9.383 44.790 8.718
230 8 2 45.359 9.376 44.783 8.710
231 8 2 45.366 9.383 44.790 8.718
232 8 2 45.366 9.376 44.798 8.710
233 8 2 45.374 9.369 44.812 8.703
234 8 2 45.366 9.376 44.805 8.710
235 8 2 45.366 9.383 44.805 8.718
236 8 2 45.359 9.376 44.798 8.710
237 8 2 45.366 9.383 44.805 8.718
238 8 2 45.366 9.376 44.805 8.710
239 8 2 45.366 9.383 44.805 8.718
240 8 2 45.366 9.376 44.805 8.710
241 8 2 45.366 9.383 44.805 8.718
242 8 2 45.366 9.376 44.812 8.710
243 8 2 45.366 9.383 44.820 8.718
244 8 2 45.367 9.391 44.820 8.725
245 8 2 45.367 9.398 44.820 8.732
246 8 2 45.367 9.391 44.820 8.725
247 8 2 45.367 9.398 44.820 8.732
248 8 2 45.359 9.391 44.812 8.725
249 8 2 45.367 9.398 44.820 8.732
250 8 2 45.367 9.391 44.820 8.725
251 8 2 45.367 9.398 44.820 8.732
252 8 2 45.367 9.391 44.820 8.725
253 8 2 45.367 9.398 44.820 8.732
254 8 2 45.359 9.391 44.812 8.725
255 8 2 45.367 9.398 44.820 8.732
256 8 2 45.367 9.391 44.820 8.725
257 8 2 45.367 9.398 44.820 8.732
258 8 2 45.367 9.391 44.820 8.725
259 8 2 45.367 9.398 44.820 8.732
260 8 2 45.359 9.391 44.812 8.725
261 8 2 45.367 9.398 44.820 8.732
262 8 2 45.367 9.406 44.820 8.740
263 8 2 45.367 9.413 44.820 8.747
264 8 2 45.367 9.406 44.820 8.740
265 8 2 45.367 9.413 44.820 8.747
266 8 2 45.359 9.406 44.812 8.740
267 8 2 45.367 9.413 44.820 8.747
268 8 2 45.367 9.406 44.820 8.740
269 8 2 45.367 9.413 44.820 8.747
270 8 2 45.367 9.406 44.820 8.740
271 8 2 45.367 9.413 44.820 8.747
272 8 2 45.359 9.406 44.812 8.740
273 8 2 45.367 9.398 44.820 8.732
274 8 2 45.367 9.391 44.820 8.725
275 8 2 45.359 9.398 44.812 8.732
276 8 2 45.359 9.391 44.812 8.725
277 8 2 45.359 9.398 44.812 8.732
278 8 2 45.359 9.391 44.812 8.725
279 8 2 45.359 9.398 44.812 8.732
280 8 2 45.359 9.391 44.812 8.725
281 8 2 45.359 9.398 44.812 8.732
282 8 2 45.359 9.391 44.812 8.725
283 8 2 45.359 9.398 44.812 8.732
284 8 2 45.359 9.391 44.812 8.725
285 8 2 45.352 9.398 44.805 8.732
286 8 2 45.352 9.391 44.805 8.725
287 8 2 45.352 9.383 44.805 8.718
288 8 2 45.352 9.376 44.805 8.710
289 8 2 45.352 9.383 44.805 8.718
290 8 2 45.344 9.376 44.798 8.710
291 8 2 45.344 9.383 44.798 8.718
292 8 2 45.344 9.376 44.798 8.710
293 8 2 45.337 9.383 44.790 8.718
294 8 2 45.337 9.376 44.790 8.710
295 8 2 45.330 9.383 44.783 8.718
296 8 2 45.330 9.376 44.783 8.710
297 8 2 45.330 9.369 44.783 8.703
298 8 2 45.322 9.376 44.776 8.710
299 8 2 45.322 9.383 44.776 8.718
300 8 2 45.322 9.376 44.776 8.710
301 8 2 45.315 9.369 44.768 8.703
302 8 2 45.315 9.361 44.768 8.695
303 8 2 45.315 9.369 44.768 8.703
304 8 2 45.315 9.361 44.768 8.695
305 8 2 45.308 9.354 44.761 8.688
306 8 2 45.307 9.346 44.761 8.681
307 8 2 45.308 9.354 44.761 8.688
308 8 2 45.307 9.346 44.761 8.681
309 8 2 45.308 9.354 44.761 8.688
310 8 2 45.307 9.346 44.761 8.681
311 8 2 45.300 9.354 44.753 8.688
312 8 2 45.300 9.346 44.753 8.681
313 8 2 45.300 9.354 44.753 8.688
314 8 2 45.300 9.346 44.753 8.681
315 8 2 45.300 9.354 44.753 8.688
316 8 2 45.300 9.346 44.753 8.681
317 8 2 45.300 9.354 44.753 8.688
318 8 2 45.300 9.346 44.753 8.681
319 8 2 45.293 9.354 44.746 8.688
320 8 2 45.293 9.346 44.746 8.681
321 8 2 45.293 9.354 44.746 8.688
322 8 2 45.293 9.346 44.746 8.681
323 8 2 45.293 9.354 44.746 8.688
324 8 2 45.293 9.346 44.746 8.681
325 8 2 45.293 9.354 44.746 8.688
326 8 2 45.293 9.346 44.746 8.681
327 8 2 45.293 9.354 44.746 8.688
328 8 2 45.293 9.346 44.746 8.681
329 8 2 45.293 9.354 44.746 8.688
330 8 2 45.293 9.361 44.746 8.695
331 8 2 45.285 9.369 44.739 8.703
332 8 2 45.285 9.361 44.739 8.695
333 8 2 45.285 9.369 44.739 8.703
334 8 2 45.293 9.361 44.746 8.695
335 8 2 45.293 9.369 44.746 8.703
336 8 2 45.293 9.361 44.746 8.695
337 8 2 45.293 9.369 44.746 8.703
338 8 2 45.293 9.361 44.746 8.695
339 8 2 45.293 9.369 44.746 8.703
340 8 2 45.293 9.361 44.746 8.695
341 8 2 45.293 9.369 44.746 8.703
342 8 2 45.293 9.361 44.746 8.695
343 8 2 45.293 9.369 44.746 8.703
344 8 2 45.293 9.361 44.746 8.695
345 8 2 45.293 9.369 44.746 8.703
346 8 2 45.293 9.361 44.746 8.695
347 8 2 45.293 9.369 44.746 8.703
348 8 2 45.293 9.361 44.746 8.695
349 8 2 45.293 9.369 44.746 8.703
350 8 2 45.293 9.361 44.746 8.695
351 8 2 45.293 9.369 44.746 8.703
352 8 2 45.293 9.361 44.746 8.695
353 8 2 45.293 9.369 44.746 8.703
354 8 2 45.293 9.361 44.746 8.695
355 8 2 45.293 9.369 44.746 8.703
356 8 2 45.293 9.361 44.746 8.695
357 8 2 45.293 9.369 44.746 8.703
358 8 2 45.293 9.361 44.746 8.695
359 8 2 45.293 9.369 44.746 8.703
360 8 2 45.293 9.361 44.746 8.695
361 8 2 45.293 9.369 44.746 8.703
362 8 2 45.293 9.361 44.746 8.695
363 8 2 45.293 9.369 44.746 8.703
364 8 2 45.293 9.361 44.746 8.695
365 8 2 45.293 9.369 44.746 8.703
366 8 2 45.293 9.361 44.746 8.695
367 8 2 45.293 9.369 44.746 8.703
368 8 2 45.293 9.361 44.746 8.695
369 8 2 45.293 9.369 44.746 8.703
370 8 2 45.293 9.361 44.746 8.695
12 9 2 16.973 12.575 16.574 11.987
13 9 2 17.042 12.597 16.574 11.987
15 9 2 17.042 12.597 16.574 11.972
16 9 2 17.179 12.597 16.704 11.971
17 9 2 17.324 12.596 16.849 11.971
18 9 2 17.461 12.596 16.986 11.971
19 9 2 17.606 12.596 17.131 11.970
20 9 2 18.894 12.644 16.979 11.827
21 9 2 18.757 12.630 17.094 11.849
22 9 2 18.894 12.622 17.231 11.842
23 9 2 19.015 12.629 17.353 11.849
24 9 2 19.533 12.658 17.444 11.947
25 9 2 19.358 12.673 17.596 11.909
26 9 2 19.487 12.680 17.726 11.916
27 9 2 19.639 12.672 17.878 11.908
28 9 2 19.776 12.679 18.016 11.915
29 9 2 19.905 12.672 18.145 11.907
30 9 2 20.050 12.679 18.290 11.914
31 9 2 20.179 12.686 18.419 11.922
32 9 2 20.323 12.693 18.564 11.929
33 9 2 20.452 12.685 18.693 11.921
34 9 2 20.597 12.707 18.838 11.943
35 9 2 20.741 12.699 18.983 11.935
36 9 2 20.893 12.706 19.135 11.942
37 9 2 21.014 12.713 19.256 11.949
38 9 2 21.159 12.720 19.401 11.957
39 9 2 21.288 12.728 19.530 11.964
40 9 2 21.432 12.735 19.675 11.971
41 9 2 21.561 12.742 19.804 11.978
42 9 2 21.713 12.749 19.956 11.985
43 9 2 21.819 12.756 20.062 11.993
44 9 2 21.963 12.763 20.206 12.000
45 9 2 22.099 12.770 20.343 12.007
46 9 2 22.236 12.792 20.480 12.029
47 9 2 22.349 12.784 20.594 12.021
48 9 2 22.501 12.807 20.746 12.044
49 9 2 22.607 12.814 20.852 12.051
50 9 2 22.736 12.821 20.981 12.058
51 9 2 22.872 12.828 21.117 12.065
52 9 2 22.993 12.850 21.239 12.087
53 9 2 23.107 12.857 21.352 12.095
54 9 2 23.213 12.819 21.617 12.214
55 9 2 23.273 12.879 21.542 12.139
56 9 2 23.379 12.894 21.648 12.154
57 9 2 23.500 12.909 21.769 12.169
58 9 2 23.621 12.908 21.891 12.168
59 9 2 23.735 12.878 22.155 12.273
60 9 2 23.788 12.930 22.080 12.213
61 9 2 23.909 12.938 22.201 12.220
62 9 2 24.007 12.960 22.300 12.243
63 9 2 24.128 12.967 22.421 12.250
64 9 2 24.234 12.974 22.527 12.257
65 9 2 24.332 12.981 22.625 12.264
66 9 2 24.461 13.011 22.754 12.294
67 9 2 24.559 13.011 22.853 12.294
68 9 2 24.642 13.018 22.936 12.301
69 9 2 24.786 13.032 23.080 12.316
70 9 2 24.854 13.047 23.148 12.330
71 9 2 24.952 13.039 23.246 12.323
72 9 2 24.892 13.032 23.186 12.315
73 9 2 25.148 13.054 23.443 12.337
74 9 2 25.231 13.076 23.526 12.359
75 9 2 25.315 13.083 23.609 12.367
76 9 2 25.413 13.091 23.708 12.374
77 9 2 25.511 13.083 23.806 12.366
78 9 2 25.586 13.105 23.882 12.389
79 9 2 25.692 13.097 23.988 12.381
80 9 2 25.775 13.104 24.071 12.388
81 9 2 25.866 13.112 24.161 12.395
82 9 2 25.956 13.119 24.252 12.402
83 9 2 26.039 13.126 24.335 12.410
84 9 2 26.122 13.133 24.418 12.417
85 9 2 26.205 13.141 24.502 12.424
86 9 2 26.288 13.148 24.585 12.432
87 9 2 26.371 13.155 24.668 12.439
88 9 2 26.454 13.162 24.751 12.446
89 9 2 26.537 13.169 24.834 12.453
90 9 2 26.605 13.177 24.902 12.461
91 9 2 26.688 13.184 24.985 12.468
92 9 2 26.756 13.191 25.053 12.475
93 9 2 26.839 13.198 25.136 12.483
94 9 2 26.922 13.206 25.219 12.490
95 9 2 27.005 13.198 25.302 12.482
96 9 2 27.072 13.220 25.370 12.504
97 9 2 27.155 13.212 25.453 12.497
98 9 2 27.223 13.220 25.521 12.504
99 9 2 27.306 13.227 25.604 12.511
100 9 2 27.374 13.249 25.672 12.534
101 9 2 27.457 13.256 25.755 12.541
102 9 2 27.524 13.264 25.823 12.548
103 9 2 27.592 13.271 25.891 12.555
104 9 2 27.660 13.293 25.959 12.578
105 9 2 27.743 13.301 26.042 12.585
106 9 2 27.795 13.308 26.095 12.592
107 9 2 27.878 13.315 26.178 12.600
108 9 2 27.946 13.337 26.245 12.622
109 9 2 28.014 13.345 26.313 12.629
110 9 2 28.044 13.360 26.487 12.546
111 9 2 28.096 13.367 26.540 12.553
112 9 2 28.134 13.389 26.562 12.583
113 9 2 28.141 13.427 26.630 12.598
114 9 2 28.202 13.374 26.554 12.651
115 9 2 28.239 13.389 26.901 12.725
116 9 2 28.457 13.463 26.931 12.657
117 9 2 28.458 13.388 27.059 12.732
118 9 2 28.548 13.403 27.082 12.800
119 9 2 28.556 13.403 27.127 12.814
120 9 2 28.631 13.455 27.052 12.762
121 9 2 28.706 13.485 27.308 12.829
122 9 2 28.758 13.530 27.413 12.836
123 9 2 28.856 13.522 27.308 12.836
124 9 2 28.939 13.529 27.390 12.844
125 9 2 29.037 13.536 27.488 12.851
126 9 2 29.119 13.558 27.571 12.873
127 9 2 29.217 13.565 27.669 12.880
128 9 2 29.209 13.565 27.820 12.902
129 9 2 29.285 13.573 27.744 12.895
130 9 2 29.360 13.587 27.820 12.910
131 9 2 29.450 13.587 27.910 12.910
132 9 2 29.540 13.602 28.000 12.924
133 9 2 29.630 13.631 28.090 12.954
134 9 2 29.720 13.646 28.181 12.969
135 9 2 29.826 13.631 28.286 12.953
136 9 2 29.916 13.660 28.376 12.983
137 9 2 30.006 13.675 28.467 12.998
138 9 2 30.111 13.675 28.572 12.997
139 9 2 30.216 13.689 28.677 13.012
140 9 2 30.321 13.704 28.783 13.027
141 9 2 30.411 13.704 28.873 13.026
142 9 2 30.517 13.703 28.978 13.026
143 9 2 30.637 13.718 29.098 13.041
144 9 2 30.742 13.732 29.204 13.055
145 9 2 30.847 13.732 29.309 13.055
146 9 2 30.952 13.747 29.414 13.070
147 9 2 31.057 13.776 29.519 13.099
148 9 2 31.162 13.791 29.624 13.114
149 9 2 31.267 13.790 29.730 13.114
150 9 2 31.387 13.805 29.850 13.128
151 9 2 31.492 13.819 29.955 13.143
152 9 2 31.597 13.834 30.060 13.157
153 9 2 31.717 13.849 30.180 13.172
154 9 2 31.837 13.848 30.300 13.172
155 9 2 31.972 13.863 30.435 13.186
156 9 2 32.091 13.892 30.555 13.216
157 9 2 32.211 13.907 30.675 13.230
158 9 2 32.331 13.921 30.796 13.245
159 9 2 32.451 13.936 30.916 13.259
160 9 2 32.571 13.950 31.036 13.274
161 9 2 32.691 13.965 31.156 13.289
162 9 2 32.810 13.979 31.276 13.303
163 9 2 32.930 14.009 31.395 13.333
164 9 2 33.050 14.023 31.515 13.347
165 9 2 33.170 14.023 31.635 13.347
166 9 2 33.304 14.037 31.770 13.361
167 9 2 33.424 14.067 31.890 13.391
168 9 2 33.559 14.066 32.025 13.390
169 9 2 33.693 14.081 32.160 13.405
170 9 2 33.813 14.080 32.280 13.405
171 9 2 33.948 14.080 32.415 13.404
172 9 2 34.082 14.094 32.549 13.419
173 9 2 34.202 14.123 32.669 13.448
174 9 2 34.336 14.138 32.804 13.463
175 9 2 34.456 14.137 32.924 13.462
176 9 2 34.590 14.152 33.058 13.477
177 9 2 34.725 14.166 33.193 13.491
178 9 2 34.859 14.166 33.328 13.491
179 9 2 34.994 14.180 33.462 13.505
180 9 2 35.128 14.209 33.597 13.535
181 9 2 35.263 14.239 33.731 13.564
182 9 2 35.412 14.253 33.881 13.578
183 9 2 35.546 14.268 34.016 13.593
184 9 2 35.695 14.297 34.165 13.622
185 9 2 35.830 14.311 34.300 13.637
186 9 2 35.964 14.311 34.434 13.636
187 9 2 36.098 14.325 34.569 13.651
188 9 2 36.232 14.354 34.703 13.680
189 9 2 36.367 14.384 34.837 13.710
190 9 2 36.516 14.398 34.987 13.724
191 9 2 36.650 14.413 35.121 13.738
192 9 2 36.799 14.442 35.270 13.768
193 9 2 36.933 14.471 35.405 13.797
194 9 2 37.201 14.664 35.561 13.744
195 9 2 37.142 14.538 35.614 13.856
196 9 2 37.388 14.671 35.957 13.713
197 9 2 37.507 14.708 36.069 13.780
198 9 2 37.537 14.588 36.024 13.892
199 9 2 37.671 14.610 36.158 13.914
200 9 2 37.886 14.811 36.494 13.883
201 9 2 37.968 14.825 36.501 13.920
202 9 2 37.976 14.721 36.479 14.025
203 9 2 38.110 14.743 36.613 14.047
204 9 2 38.259 14.749 36.762 14.053
205 9 2 38.407 14.786 36.911 14.090
206 9 2 38.541 14.808 37.045 14.112
207 9 2 38.690 14.830 37.194 14.134
208 9 2 38.839 14.851 37.343 14.156
209 9 2 39.092 15.052 37.566 14.132
210 9 2 39.069 14.932 37.574 14.237
211 9 2 39.203 14.954 37.708 14.259
212 9 2 39.337 14.991 37.842 14.296
213 9 2 39.485 15.013 37.991 14.317
214 9 2 39.634 15.049 38.139 14.354
215 9 2 39.783 15.071 38.288 14.376
216 9 2 39.916 15.108 38.422 14.413
217 9 2 40.050 15.129 38.556 14.434
218 9 2 40.213 15.166 38.720 14.471
219 9 2 40.347 15.203 38.853 14.508
220 9 2 40.510 15.239 39.017 14.544
221 9 2 40.644 15.261 39.151 14.566
222 9 2 40.807 15.298 39.314 14.603
223 9 2 40.941 15.319 39.448 14.625
224 9 2 41.089 15.356 39.597 14.661
225 9 2 41.252 15.377 39.760 14.683
226 9 2 41.386 15.414 39.894 14.720
227 9 2 41.549 15.436 40.057 14.741
228 9 2 41.682 15.472 40.191 14.778
229 9 2 41.845 15.494 40.354 14.800
230 9 2 41.994 15.545 40.502 14.851
231 9 2 42.142 15.567 40.651 14.873
232 9 2 42.290 15.618 40.799 14.925
233 9 2 42.438 15.640 40.948 14.946
234 9 2 42.586 15.692 41.096 14.998
235 9 2 42.920 15.936 41.311 14.900
236 9 2 43.120 15.942 41.444 14.944
237 9 2 43.016 15.794 41.526 15.093
238 9 2 43.149 15.823 41.660 15.122
239 9 2 43.527 16.127 41.882 14.964
240 9 2 43.438 15.896 41.949 15.188
241 9 2 43.571 15.933 42.082 15.224
242 9 2 43.719 15.969 42.230 15.261
243 9 2 43.867 16.020 42.378 15.312
244 9 2 44.015 16.057 42.527 15.349
245 9 2 44.163 16.108 42.675 15.400
246 9 2 44.311 16.145 42.823 15.437
247 9 2 44.443 16.017 42.956 15.667
248 9 2 44.999 16.499 43.052 15.324
249 9 2 44.584 16.046 43.097 15.696
250 9 2 44.717 15.994 43.231 15.822
251 9 2 44.850 15.985 43.364 15.904
252 9 2 44.997 16.000 43.512 15.963
253 9 2 45.145 16.051 43.660 16.014
254 9 2 45.293 16.102 43.808 16.065
255 9 2 45.396 16.154 43.912 16.117
256 9 2 45.463 16.191 43.986 16.154
257 9 2 45.529 16.242 44.060 16.206
258 9 2 45.603 16.279 44.141 16.242
260 9 2 45.478 16.273 44.023 16.236
261 9 2 45.419 16.265 43.964 16.229
262 9 2 45.389 16.258 43.934 16.221
263 9 2 45.382 16.251 43.927 16.214
264 9 2 45.374 16.243 43.919 16.206
265 9 2 45.367 16.236 43.912 16.199
266 9 2 45.360 16.229 43.904 16.192
267 9 2 45.352 16.221 43.897 16.184
268 9 2 45.345 16.214 43.890 16.177
269 9 2 45.337 16.206 43.882 16.169
270 9 2 45.330 16.199 43.875 16.162
271 9 2 45.323 16.191 43.867 16.155
272 9 2 45.315 16.184 43.860 16.147
273 9 2 45.308 16.177 43.853 16.140
274 9 2 45.300 16.169 43.845 16.132
275 9 2 45.293 16.162 43.838 16.125
276 9 2 45.286 16.154 43.830 16.117
277 9 2 45.278 16.147 43.823 16.110
278 9 2 45.271 16.140 43.816 16.103
279 9 2 45.263 16.132 43.808 16.095
280 9 2 45.256 16.125 43.801 16.088
281 9 2 45.249 16.117 43.793 16.080
282 9 2 45.241 16.110 43.786 16.073
283 9 2 45.234 16.103 43.778 16.066
284 9 2 45.226 16.095 43.771 16.058
285 9 2 45.219 16.088 43.764 16.051
286 9 2 45.212 16.080 43.756 16.043
287 9 2 45.204 16.073 43.749 16.036
288 9 2 45.197 16.066 43.741 16.029
289 9 2 45.189 16.058 43.734 16.021
290 9 2 45.182 16.051 43.727 16.014
291 9 2 45.174 16.043 43.719 16.006
292 9 2 45.167 16.036 43.712 15.999
293 9 2 45.160 16.029 43.704 15.991
294 9 2 45.152 16.021 43.697 15.984
295 9 2 45.145 16.014 43.690 15.977
296 9 2 45.137 16.006 43.682 15.969
297 9 2 45.130 15.999 43.675 15.962
298 9 2 45.123 15.992 43.667 15.954
299 9 2 45.115 15.984 43.660 15.947
300 9 2 45.108 15.977 43.652 15.940
301 9 2 45.100 15.969 43.645 15.932
302 9 2 45.093 15.962 43.638 15.925
303 9 2 45.086 15.954 43.630 15.917
304 9 2 45.078 15.947 43.623 15.910
305 9 2 45.071 15.940 43.615 15.902
306 9 2 45.063 15.932 43.608 15.895
307 9 2 45.056 15.925 43.601 15.888
308 9 2 45.049 15.917 43.593 15.880
309 9 2 45.041 15.910 43.586 15.873
310 9 2 45.034 15.903 43.578 15.865
311 9 2 45.026 15.895 43.571 15.858
312 9 2 45.019 15.888 43.563 15.851
313 9 2 45.012 15.880 43.556 15.843
314 9 2 45.004 15.873 43.549 15.836
315 9 2 44.997 15.866 43.541 15.828
316 9 2 44.989 15.858 43.534 15.821
317 9 2 44.982 15.851 43.526 15.814
318 9 2 44.975 15.843 43.519 15.806
319 9 2 44.967 15.836 43.512 15.799
320 9 2 44.960 15.829 43.504 15.791
321 9 2 44.952 15.821 43.497 15.784
322 9 2 44.945 15.814 43.489 15.776
323 9 2 44.938 15.806 43.482 15.769
324 9 2 44.930 15.799 43.475 15.762
325 9 2 44.923 15.792 43.467 15.754
326 9 2 44.915 15.784 43.460 15.747
327 9 2 44.908 15.777 43.452 15.739
328 9 2 44.901 15.769 43.445 15.732
329 9 2 44.893 15.762 43.437 15.725
330 9 2 44.886 15.755 43.430 15.717
331 9 2 44.878 15.747 43.423 15.710
332 9 2 44.871 15.740 43.415 15.702
333 9 2 44.863 15.732 43.408 15.695
334 9 2 44.856 15.725 43.400 15.687
335 9 2 44.849 15.717 43.393 15.680
336 9 2 44.841 15.710 43.386 15.673
337 9 2 44.834 15.703 43.378 15.665
338 9 2 44.826 15.695 43.371 15.658
339 9 2 44.819 15.688 43.363 15.650
340 9 2 44.812 15.680 43.356 15.643
341 9 2 44.804 15.673 43.348 15.636
342 9 2 44.797 15.666 43.341 15.628
343 9 2 44.789 15.658 43.334 15.621
344 9 2 44.782 15.651 43.326 15.613
345 9 2 44.775 15.643 43.319 15.606
346 9 2 44.767 15.636 43.311 15.599
347 9 2 44.760 15.629 43.304 15.591
348 9 2 44.752 15.621 43.297 15.584
349 9 2 44.745 15.614 43.289 15.576
350 9 2 44.738 15.606 43.282 15.569
351 9 2 44.730 15.599 43.274 15.561
352 9 2 44.723 15.592 43.267 15.554
353 9 2 44.715 15.584 43.260 15.547
354 9 2 44.708 15.577 43.252 15.539
355 9 2 44.701 15.569 43.245 15.532
356 9 2 44.693 15.562 43.237 15.524
357 9 2 44.686 15.555 43.230 15.517
358 9 2 44.678 15.547 43.222 15.510
359 9 2 44.671 15.540 43.215 15.502
360 9 2 44.664 15.532 43.208 15.495
361 9 2 44.656 15.525 43.200 15.487
362 9 2 44.649 15.517 43.193 15.480
363 9 2 44.641 15.510 43.185 15.472
364 9 2 44.634 15.503 43.178 15.465
365 9 2 44.627 15.495 43.171 15.458
366 9 2 44.619 15.488 43.163 15.450
367 9 2 44.612 15.480 43.156 15.443
368 9 2 44.604 15.473 43.148 15.435
369 9 2 44.597 15.466 43.141 15.428
370 9 2 44.589 15.458 43.133 15.421
21 10 1 32.610 17.017 31.824 16.151
22 10 1 32.595 16.935 31.824 16.218
23 10 1 32.595 16.912 31.854 16.188
24 10 1 32.595 16.822 31.839 16.106
25 10 1 32.595 16.800 31.839 16.016
26 10 1 32.588 16.762 31.847 15.858
27 10 1 32.581 16.702 31.825 15.783
28 10 1 32.625 16.814 31.795 15.663
29 10 1 32.588 16.725 31.803 15.438
30 10 1 32.566 16.530 31.886 15.445
31 10 1 32.551 16.455 31.848 15.565
32 10 1 32.574 16.432 31.863 15.528
33 10 1 32.581 16.424 31.848 15.513
34 10 1 32.574 16.432 31.826 15.475
35 10 1 32.581 16.349 31.818 15.468
36 10 1 32.574 16.229 31.826 15.460
37 10 1 32.559 16.169 31.803 15.408
38 10 1 32.552 16.102 31.788 15.400
39 10 1 32.559 16.079 31.811 15.378
40 10 1 32.574 16.027 31.841 15.318
41 10 1 32.567 16.004 31.841 15.295
42 10 1 32.544 15.974 31.848 15.273
43 10 1 32.545 15.892 31.849 15.123
44 10 1 32.492 15.840 31.872 14.912
45 10 1 32.470 15.825 31.842 14.793
46 10 1 32.485 15.772 31.850 14.755
47 10 1 32.492 15.742 31.827 14.898
48 10 1 32.448 15.690 31.835 14.620
49 10 1 32.455 15.690 31.857 14.620
50 10 1 32.462 15.697 31.850 14.658
51 10 1 32.455 15.607 31.842 14.643
52 10 1 32.470 15.532 31.835 14.613
53 10 1 32.485 15.480 31.835 14.598
54 10 1 32.486 15.405 31.782 14.658
55 10 1 32.486 15.352 31.805 14.635
56 10 1 32.508 15.299 31.797 14.673
57 10 1 32.523 15.262 31.782 14.605
58 10 1 32.523 15.202 31.738 14.508
59 10 1 32.479 15.135 31.760 14.411
60 10 1 32.494 15.090 31.776 14.358
61 10 1 32.486 15.082 31.791 14.275
62 10 1 32.479 15.007 31.799 14.066
63 10 1 32.516 14.925 31.821 14.036
64 10 1 32.494 14.917 31.806 14.021
65 10 1 32.479 14.887 31.799 13.983
66 10 1 32.464 14.865 31.761 13.991
67 10 1 32.434 14.820 31.791 14.036
68 10 1 32.427 14.775 31.784 13.991
69 10 1 32.419 14.715 31.776 13.931
70 10 1 32.427 14.670 31.784 13.886
71 10 1 32.420 14.625 31.777 13.841
72 10 1 32.427 14.580 31.784 13.796
73 10 1 32.420 14.535 31.777 13.751
74 10 1 32.427 14.475 31.784 13.691
75 10 1 32.420 14.430 31.777 13.646
76 10 1 32.413 14.385 31.770 13.601
77 10 1 32.405 14.340 31.762 13.556
78 10 1 32.413 14.280 31.770 13.496
79 10 1 32.405 14.236 31.763 13.451
80 10 1 32.413 14.176 31.770 13.391
81 10 1 32.406 14.116 31.763 13.331
82 10 1 32.413 14.056 31.770 13.272
83 10 1 32.406 13.996 31.763 13.212
84 10 1 32.413 13.951 31.771 13.167
85 10 1 32.406 13.891 31.763 13.107
86 10 1 32.399 13.846 31.756 13.062
87 10 1 32.391 13.786 31.749 13.002
88 10 1 32.384 13.741 31.741 12.957
89 10 1 32.362 13.696 31.719 12.912
90 10 1 32.369 13.651 31.726 12.867
91 10 1 32.347 13.606 31.704 12.822
92 10 1 32.339 13.562 31.697 12.778
93 10 1 32.317 13.517 31.674 12.733
94 10 1 32.310 13.457 31.667 12.673
95 10 1 32.287 13.397 31.645 12.613
96 10 1 32.280 13.337 31.637 12.553
97 10 1 32.257 13.292 31.615 12.508
98 10 1 32.250 13.232 31.607 12.448
99 10 1 32.213 13.173 31.570 12.389
100 10 1 32.205 13.113 31.563 12.329
101 10 1 32.183 13.068 31.540 12.284
102 10 1 32.161 13.008 31.518 12.224
103 10 1 32.138 12.963 31.496 12.179
104 10 1 32.131 12.918 31.488 12.134
105 10 1 32.109 12.874 31.466 12.090
106 10 1 32.101 12.814 31.458 12.030
107 10 1 32.079 12.769 31.436 11.985
108 10 1 32.071 12.724 31.429 11.940
109 10 1 32.034 12.679 31.391 11.895
110 10 1 32.027 12.619 31.384 11.835
111 10 1 32.004 12.559 31.362 11.775
112 10 1 31.982 12.515 31.339 11.731
113 10 1 31.960 12.455 31.317 11.671
114 10 1 31.937 12.395 31.295 11.611
115 10 1 31.915 12.335 31.272 11.551
116 10 1 31.893 12.275 31.250 11.491
117 10 1 31.870 12.216 31.228 11.432
118 10 1 31.863 12.156 31.220 11.372
119 10 1 31.825 12.111 31.183 11.327
120 10 1 31.818 12.066 31.176 11.282
121 10 1 31.796 12.021 31.153 11.237
122 10 1 31.773 11.961 31.131 11.178
123 10 1 31.751 11.917 31.108 11.133
124 10 1 31.729 11.857 31.086 11.073
125 10 1 31.706 11.812 31.064 11.028
126 10 1 31.684 11.767 31.041 10.983
127 10 1 31.662 11.707 31.019 10.923
128 10 1 31.639 11.663 30.997 10.879
129 10 1 31.602 11.603 30.959 10.819
130 10 1 31.580 11.543 30.937 10.759
131 10 1 31.557 11.483 30.915 10.699
132 10 1 31.535 11.438 30.892 10.654
133 10 1 31.512 11.394 30.870 10.610
134 10 1 31.490 11.349 30.848 10.565
135 10 1 31.468 11.304 30.825 10.520
136 10 1 31.475 11.259 30.833 10.475
137 10 1 31.453 11.214 30.810 10.430
138 10 1 31.446 11.169 30.803 10.385
139 10 1 31.438 11.125 30.796 10.341
140 10 1 31.431 11.080 30.788 10.296
141 10 1 31.423 11.035 30.781 10.251
142 10 1 31.416 10.975 30.774 10.191
143 10 1 31.409 10.915 30.766 10.131
144 10 1 31.416 10.855 30.774 10.071
145 10 1 31.409 10.796 30.767 10.012
146 10 1 31.417 10.736 30.774 9.952
147 10 1 31.424 10.676 30.782 9.892
148 10 1 31.432 10.616 30.789 9.832
149 10 1 31.424 10.571 30.782 9.787
150 10 1 31.447 10.511 30.805 9.728
151 10 1 31.440 10.467 30.797 9.683
152 10 1 31.462 10.407 30.820 9.623
153 10 1 31.455 10.347 30.813 9.563
154 10 1 31.478 10.287 30.835 9.503
155 10 1 31.485 10.227 30.843 9.444
156 10 1 31.508 10.182 30.866 9.399
157 10 1 31.515 10.123 30.873 9.339
158 10 1 31.538 10.063 30.896 9.279
159 10 1 31.546 10.003 30.903 9.220
160 10 1 31.568 9.943 30.926 9.160
161 10 1 31.576 9.869 30.934 9.085
162 10 1 31.599 9.809 30.956 9.025
163 10 1 31.606 9.749 30.964 8.966
164 10 1 31.629 9.704 30.987 8.921
165 10 1 31.621 9.659 30.979 8.876
166 10 1 31.644 9.615 31.002 8.831
167 10 1 31.651 9.570 31.009 8.786
168 10 1 31.659 9.525 31.017 8.741
169 10 1 31.667 9.465 31.025 8.682
170 10 1 31.674 9.420 31.032 8.637
171 10 1 31.682 9.361 31.040 8.577
172 10 1 31.689 9.316 31.048 8.532
173 10 1 31.682 9.256 31.040 8.473
174 10 1 31.690 9.196 31.048 8.413
175 10 1 31.682 9.137 31.041 8.353
176 10 1 31.690 9.077 31.048 8.294
177 10 1 31.698 9.002 31.056 8.219
178 10 1 31.705 8.943 31.063 8.159
179 10 1 31.698 8.883 31.056 8.100
180 10 1 31.706 8.823 31.064 8.040
181 10 1 31.698 8.778 31.056 7.995
182 10 1 31.706 8.719 31.064 7.935
183 10 1 31.698 8.674 31.057 7.891
184 10 1 31.691 8.629 31.049 7.846
185 10 1 31.684 8.584 31.042 7.801
186 10 1 31.691 8.525 31.050 7.741
187 10 1 31.684 8.480 31.042 7.697
188 10 1 31.677 8.435 31.035 7.652
189 10 1 31.669 8.375 31.027 7.592
190 10 1 31.662 8.316 31.020 7.533
191 10 1 31.654 8.256 31.013 7.473
192 10 1 31.647 8.196 31.005 7.413
193 10 1 31.625 8.137 30.983 7.354
194 10 1 31.617 8.077 30.976 7.294
195 10 1 31.595 8.017 30.954 7.234
196 10 1 31.603 7.958 30.961 7.175
197 10 1 31.580 7.913 30.939 7.130
198 10 1 31.588 7.853 30.946 7.070
199 10 1 31.581 7.809 30.939 7.026
200 10 1 31.573 7.764 30.932 6.981
201 10 1 31.566 7.719 30.924 6.936
202 10 1 31.559 7.674 30.917 6.891
203 10 1 31.551 7.630 30.910 6.847
204 10 1 31.544 7.570 30.902 6.787
205 10 1 31.536 7.525 30.895 6.742
206 10 1 31.544 7.466 30.903 6.683
207 10 1 31.522 7.406 30.880 6.623
208 10 1 31.529 7.346 30.888 6.563
209 10 1 31.522 7.287 30.881 6.504
210 10 1 31.530 7.212 30.888 6.429
211 10 1 31.522 7.152 30.881 6.370
212 10 1 31.530 7.093 30.889 6.310
213 10 1 31.523 7.048 30.881 6.265
214 10 1 31.530 6.988 30.889 6.206
215 10 1 31.523 6.944 30.881 6.161
216 10 1 31.530 6.884 30.889 6.101
217 10 1 31.523 6.839 30.882 6.057
218 10 1 31.516 6.795 30.874 6.012
219 10 1 31.508 6.750 30.867 5.967
220 10 1 31.516 6.690 30.875 5.908
221 10 1 31.509 6.646 30.867 5.863
222 10 1 31.501 6.586 30.860 5.803
223 10 1 31.494 6.541 30.853 5.759
224 10 1 31.502 6.482 30.860 5.699
225 10 1 31.479 6.422 30.838 5.639
226 10 1 31.487 6.363 30.846 5.580
227 10 1 31.465 6.303 30.823 5.520
228 10 1 31.472 6.243 30.831 5.461
229 10 1 31.465 6.199 30.824 5.416
230 10 1 31.472 6.139 30.831 5.356
231 10 1 31.465 6.094 30.824 5.312
232 10 1 31.473 6.050 30.831 5.267
233 10 1 31.465 6.005 30.824 5.222
234 10 1 31.473 5.960 30.832 5.178
235 10 1 31.465 5.931 30.824 5.148
236 10 1 31.473 5.886 30.832 5.103
237 10 1 31.466 5.841 30.825 5.059
238 10 1 31.473 5.797 30.832 5.014
239 10 1 31.481 5.752 30.840 4.969
240 10 1 31.488 5.692 30.847 4.910
241 10 1 31.496 5.648 30.855 4.865
242 10 1 31.504 5.588 30.863 4.806
243 10 1 31.511 5.529 30.870 4.746
244 10 1 31.519 5.484 30.878 4.701
245 10 1 31.526 5.424 30.885 4.642
246 10 1 31.549 5.380 30.908 4.597
247 10 1 31.557 5.335 30.916 4.553
248 10 1 31.564 5.290 30.923 4.508
249 10 1 31.557 5.231 30.916 4.448
250 10 1 31.579 5.186 30.938 4.404
251 10 1 31.572 5.142 30.931 4.359
252 10 1 31.579 5.112 30.939 4.329
253 10 1 31.587 5.067 30.946 4.285
254 10 1 31.595 5.023 30.954 4.240
255 10 1 31.587 4.978 30.946 4.196
256 10 1 31.610 4.933 30.969 4.151
257 10 1 31.602 4.889 30.962 4.106
258 10 1 31.610 4.829 30.969 4.047
259 10 1 31.618 4.785 30.977 4.002
260 10 1 31.625 4.725 30.984 3.943
261 10 1 31.618 4.666 30.977 3.883
262 10 1 31.625 4.621 30.985 3.839
263 10 1 31.618 4.576 30.977 3.794
264 10 1 31.626 4.532 30.985 3.749
265 10 1 31.633 4.487 30.993 3.705
266 10 1 31.641 4.442 31.000 3.660
267 10 1 31.648 4.398 31.008 3.616
268 10 1 31.656 4.368 31.015 3.586
269 10 1 31.649 4.323 31.008 3.541
270 10 1 31.671 4.294 31.030 3.512
271 10 1 31.664 4.249 31.023 3.467
272 10 1 31.686 4.205 31.046 3.422
273 10 1 31.694 4.160 31.053 3.378
274 10 1 31.701 4.115 31.061 3.333
275 10 1 31.709 4.056 31.068 3.274
276 10 1 31.731 3.997 31.091 3.214
277 10 1 31.724 3.952 31.084 3.170
278 10 1 31.747 3.907 31.106 3.125
279 10 1 31.754 3.848 31.114 3.066
280 10 1 31.777 3.803 31.136 3.021
281 10 1 31.769 3.759 31.129 2.977
282 10 1 31.792 3.714 31.151 2.932
283 10 1 31.784 3.670 31.144 2.888
284 10 1 31.792 3.625 31.152 2.843
285 10 1 31.785 3.580 31.144 2.798
286 10 1 31.792 3.551 31.152 2.769
287 10 1 31.785 3.521 31.144 2.739
288 10 1 31.792 3.476 31.152 2.695
289 10 1 31.785 3.432 31.145 2.650
290 10 1 31.793 3.387 31.152 2.605
291 10 1 31.785 3.343 31.145 2.561
292 10 1 31.793 3.298 31.152 2.516
293 10 1 31.770 3.239 31.130 2.457
294 10 1 31.778 3.194 31.138 2.412
295 10 1 31.771 3.149 31.130 2.368
296 10 1 31.763 3.105 31.123 2.323
297 10 1 31.756 3.083 31.116 2.308
298 10 1 31.763 3.053 31.123 2.286
299 10 1 31.756 3.023 31.116 2.264
300 10 1 31.764 3.001 31.123 2.249
301 10 1 31.756 2.971 31.116 2.226
302 10 1 31.764 2.956 31.123 2.219
303 10 1 31.741 2.927 31.101 2.197
304 10 1 31.764 2.912 31.123 2.189
306 10 1 31.756 2.979 31.116 2.264
307 10 1 31.749 2.964 31.108 2.256
308 10 1 31.756 2.941 31.116 2.241
309 10 1 31.764 2.919 31.123 2.227
310 10 1 31.756 2.904 31.116 2.219
311 10 1 31.764 2.875 31.123 2.197
313 10 1 31.756 2.934 31.116 2.264
314 10 1 31.749 2.912 31.108 2.249
315 10 1 31.741 2.882 31.101 2.226
316 10 1 31.749 2.852 31.108 2.204
317 10 1 31.742 2.808 31.101 2.167
319 10 1 31.734 2.882 31.093 2.249
320 10 1 31.712 2.889 31.071 2.263
321 10 1 31.719 2.882 31.078 2.263
322 10 1 31.712 2.874 31.071 2.263
323 10 1 31.704 2.874 31.063 2.271
324 10 1 31.697 2.874 31.056 2.278
325 10 1 31.704 2.874 31.063 2.286
326 10 1 31.697 2.874 31.056 2.293
327 10 1 31.704 2.867 31.063 2.293
328 10 1 31.712 2.860 31.071 2.293
329 10 1 31.719 2.860 31.078 2.301
330 10 1 31.712 2.852 31.071 2.301
331 10 1 31.719 2.852 31.078 2.308
332 10 1 31.712 2.852 31.071 2.315
333 10 1 31.719 2.852 31.078 2.323
334 10 1 31.727 2.852 31.086 2.323
335 10 1 31.734 2.852 31.093 2.323
336 10 1 31.727 2.845 31.086 2.315
337 10 1 31.734 2.852 31.093 2.323
338 10 1 31.727 2.852 31.086 2.323
339 10 1 31.734 2.852 31.093 2.323
340 10 1 31.741 2.852 31.101 2.323
341 10 1 31.749 2.852 31.108 2.323
342 10 1 31.741 2.845 31.101 2.316
343 10 1 31.749 2.852 31.108 2.323
344 10 1 31.741 2.852 31.101 2.323
345 10 1 31.749 2.852 31.108 2.323
346 10 1 31.741 2.852 31.101 2.323
347 10 1 31.749 2.852 31.108 2.323
348 10 1 31.741 2.845 31.101 2.316
349 10 1 31.749 2.852 31.108 2.323
350 10 1 31.741 2.852 31.101 2.323
351 10 1 31.749 2.852 31.108 2.323
352 10 1 31.756 2.852 31.116 2.323
353 10 1 31.764 2.852 31.123 2.323
354 10 1 31.756 2.845 31.116 2.316
355 10 1 31.764 2.852 31.123 2.323
356 10 1 31.756 2.852 31.116 2.323
357 10 1 31.764 2.845 31.123 2.316
358 10 1 31.771 2.845 31.130 2.323
359 10 1 31.764 2.838 31.123 2.316
360 10 1 31.756 2.837 31.116 2.316
361 10 1 31.764 2.845 31.123 2.323
362 10 1 31.756 2.837 31.116 2.316
363 10 1 31.764 2.845 31.123 2.323
364 10 1 31.756 2.837 31.116 2.316
365 10 1 31.764 2.838 31.123 2.316
366 10 1 31.756 2.845 31.116 2.323
367 10 1 31.764 2.845 31.123 2.323
368 10 1 31.756 2.845 31.116 2.323
369 10 1 31.764 2.852 31.123 2.330
370 10 1 31.756 2.845 31.116 2.323
37 11 2 17.201 8.969 16.602 8.593
38 11 2 17.216 8.984 16.595 8.593
39 11 2 17.361 8.976 16.739 8.585
40 11 2 17.468 8.984 16.846 8.593
41 11 2 17.582 8.984 16.960 8.593
42 11 2 17.962 8.999 16.627 8.329
43 11 2 17.879 8.968 16.726 8.374
44 11 2 18.122 9.006 16.673 8.382
45 11 2 18.145 9.051 16.672 8.442
46 11 2 18.706 9.194 16.780 8.299
47 11 2 18.517 9.103 16.954 8.389
48 11 2 18.517 9.134 17.016 8.337
49 11 2 18.935 9.088 16.978 8.322
50 11 2 19.064 9.103 17.099 8.367
51 11 2 19.194 9.088 17.252 8.337
52 11 2 18.981 9.133 17.664 8.269
53 11 2 19.056 9.163 17.747 8.269
54 11 2 19.156 9.088 17.556 8.351
55 11 2 19.331 9.088 17.732 8.351
56 11 2 19.467 9.095 17.868 8.359
57 11 2 18.988 9.171 17.388 8.434
58 11 2 19.710 9.095 18.112 8.359
59 11 2 19.847 9.087 18.249 8.351
60 11 2 19.946 9.065 18.348 8.329
61 11 2 20.105 9.102 18.507 8.366
62 11 2 20.242 9.109 18.644 8.374
63 11 2 20.371 9.109 18.773 8.374
64 11 2 20.515 9.109 18.918 8.373
65 11 2 20.651 9.117 19.055 8.381
66 11 2 20.765 9.124 19.168 8.388
67 11 2 20.909 9.131 19.313 8.396
68 11 2 21.061 9.154 19.465 8.418
69 11 2 21.190 9.146 19.594 8.411
70 11 2 21.318 9.154 19.723 8.418
71 11 2 21.455 9.161 19.859 8.426
72 11 2 21.599 9.168 20.004 8.433
73 11 2 21.743 9.176 20.148 8.441
74 11 2 21.864 9.183 20.269 8.448
75 11 2 21.993 9.175 20.398 8.440
76 11 2 22.152 9.183 20.557 8.448
77 11 2 22.288 9.190 20.694 8.455
78 11 2 22.401 9.198 20.807 8.463
79 11 2 22.545 9.190 20.952 8.455
80 11 2 22.712 9.197 21.118 8.463
81 11 2 22.840 9.190 21.247 8.455
82 11 2 22.999 9.197 21.406 8.462
83 11 2 23.135 9.189 21.543 8.455
84 11 2 23.264 9.197 21.671 8.462
85 11 2 23.423 9.204 21.830 8.470
86 11 2 23.574 9.212 21.982 8.477
87 11 2 23.710 9.204 22.118 8.470
88 11 2 23.846 9.211 22.254 8.477
89 11 2 24.012 9.219 22.421 8.485
90 11 2 24.133 9.226 22.542 8.492
91 11 2 24.284 9.218 22.693 8.484
92 11 2 24.435 9.226 22.845 8.492
93 11 2 24.571 9.233 22.981 8.499
94 11 2 24.737 9.240 23.147 8.507
95 11 2 24.873 9.248 23.283 8.514
96 11 2 25.039 9.255 23.449 8.521
97 11 2 25.175 9.247 23.585 8.514
98 11 2 25.341 9.255 23.752 8.521
99 11 2 25.491 9.262 23.903 8.529
100 11 2 25.642 9.284 24.054 8.551
101 11 2 25.793 9.292 24.205 8.559
102 11 2 25.944 9.299 24.356 8.566
103 11 2 26.079 9.307 24.491 8.573
104 11 2 26.245 9.314 24.657 8.581
105 11 2 26.381 9.321 24.793 8.588
106 11 2 26.546 9.329 24.959 8.596
107 11 2 26.697 9.321 25.110 8.588
108 11 2 26.848 9.328 25.261 8.595
109 11 2 26.998 9.336 25.412 8.603
110 11 2 27.164 9.343 25.578 8.610
111 11 2 27.329 9.335 25.743 8.603
112 11 2 27.465 9.343 25.879 8.610
113 11 2 27.630 9.335 26.045 8.603
114 11 2 27.781 9.342 26.196 8.610
115 11 2 27.946 9.350 26.361 8.617
116 11 2 28.111 9.357 26.527 8.625
117 11 2 28.262 9.349 26.677 8.617
118 11 2 28.427 9.357 26.843 8.624
119 11 2 28.607 9.349 27.024 8.617
120 11 2 28.773 9.341 27.189 8.609
121 11 2 28.923 9.334 27.340 8.602
122 11 2 29.073 9.326 27.490 8.594
123 11 2 29.238 9.318 27.656 8.587
124 11 2 29.419 9.311 27.836 8.579
125 11 2 29.569 9.288 27.987 8.557
126 11 2 29.719 9.295 28.137 8.564
127 11 2 29.884 9.273 28.302 8.541
128 11 2 30.019 9.265 28.438 8.534
129 11 2 30.199 9.243 28.618 8.511
130 11 2 30.349 9.235 28.768 8.504
131 11 2 30.514 9.212 28.933 8.481
132 11 2 30.664 9.205 29.084 8.474
133 11 2 30.829 9.182 29.249 8.451
134 11 2 31.009 9.160 29.429 8.429
135 11 2 31.173 9.122 29.594 8.391
136 11 2 31.323 9.115 29.744 8.384
137 11 2 31.473 9.077 29.894 8.346
138 11 2 31.623 9.055 30.044 8.324
139 11 2 31.787 9.032 30.209 8.301
140 11 2 31.952 9.024 30.374 8.294
141 11 2 32.102 9.002 30.524 8.271
142 11 2 32.251 8.979 30.674 8.249
143 11 2 32.416 8.957 30.839 8.227
144 11 2 32.595 8.934 31.018 8.204
145 11 2 32.775 8.897 31.198 8.167
146 11 2 32.954 8.874 31.378 8.144
147 11 2 33.104 8.867 31.528 8.137
148 11 2 33.283 8.859 31.707 8.129
149 11 2 33.432 8.852 31.857 8.122
151 11 2 33.425 8.844 31.849 8.114
152 11 2 33.470 8.837 31.894 8.107
153 11 2 33.843 8.851 32.231 8.137
154 11 2 33.813 8.851 32.238 8.129
155 11 2 34.514 8.873 32.590 8.010
156 11 2 34.484 8.881 32.881 8.017
157 11 2 34.633 8.903 33.150 8.039
158 11 2 34.850 8.925 33.262 8.062
159 11 2 35.043 8.947 33.389 8.084
160 11 2 35.237 8.970 33.538 8.106
161 11 2 35.416 9.007 33.687 8.144
162 11 2 35.587 9.044 33.836 8.181
163 11 2 35.743 9.066 33.978 8.203
164 11 2 35.900 9.103 34.120 8.240
165 11 2 36.071 9.140 34.284 8.277
166 11 2 36.220 9.177 34.425 8.315
167 11 2 36.376 9.214 34.574 8.352
168 11 2 36.540 9.251 34.731 8.389
169 11 2 36.696 9.288 34.880 8.426
170 11 2 36.859 9.340 35.044 8.478
171 11 2 37.023 9.392 35.208 8.530
172 11 2 37.172 9.444 35.356 8.582
173 11 2 37.335 9.496 35.520 8.634
174 11 2 37.484 9.548 35.669 8.686
175 11 2 37.633 9.600 35.818 8.738
176 11 2 37.781 9.652 35.967 8.790
177 11 2 37.930 9.704 36.116 8.842
178 11 2 38.019 9.897 36.570 8.954
179 11 2 38.123 9.860 36.450 8.969
180 11 2 38.257 9.912 36.584 9.021
181 11 2 38.405 9.978 36.733 9.087
182 11 2 38.554 10.030 36.882 9.139
183 11 2 38.687 10.097 37.016 9.206
184 11 2 38.836 10.149 37.164 9.258
185 11 2 38.962 10.372 37.610 9.421
186 11 2 39.073 10.342 37.484 9.436
187 11 2 39.199 10.394 37.610 9.488
188 11 2 39.340 10.460 37.751 9.555
189 11 2 39.570 10.579 38.101 9.622
190 11 2 39.607 10.549 38.041 9.637
191 11 2 39.741 10.608 38.175 9.696
192 11 2 39.889 10.668 38.323 9.755
193 11 2 40.223 10.853 38.568 9.881
194 11 2 40.171 10.816 38.598 9.896
195 11 2 40.297 10.868 38.724 9.948
196 11 2 40.453 10.934 38.880 10.015
197 11 2 40.720 11.149 39.140 10.178
198 11 2 40.705 11.112 39.133 10.193
199 11 2 40.831 11.164 39.259 10.245
200 11 2 40.986 11.216 39.414 10.297
201 11 2 41.224 11.371 39.711 10.445
202 11 2 41.238 11.356 39.674 10.437
203 11 2 41.372 11.408 39.808 10.489
204 11 2 41.520 11.475 39.956 10.556
205 11 2 41.786 11.615 40.282 10.704
206 11 2 41.801 11.608 40.245 10.697
207 11 2 41.927 11.652 40.371 10.741
208 11 2 42.068 11.726 40.512 10.815
209 11 2 42.208 11.770 40.653 10.859
210 11 2 42.349 11.844 40.794 10.934
211 11 2 42.504 11.888 40.949 10.978
212 11 2 42.645 11.947 41.090 11.037
213 11 2 42.800 12.006 41.245 11.096
214 11 2 42.941 12.051 41.386 11.140
215 11 2 43.081 12.095 41.527 11.185
216 11 2 43.222 12.154 41.667 11.244
217 11 2 43.628 12.071 41.838 11.422
218 11 2 43.510 12.190 41.941 11.303
219 11 2 43.635 12.227 42.067 11.340
220 11 2 43.776 12.264 42.208 11.376
221 11 2 43.931 12.301 42.363 11.413
222 11 2 44.071 12.337 42.503 11.450
223 11 2 44.226 12.389 42.659 11.502
224 11 2 44.367 12.426 42.799 11.538
225 11 2 44.507 12.462 42.940 11.575
226 11 2 44.647 12.499 43.080 11.612
227 11 2 44.802 12.536 43.235 11.649
228 11 2 44.957 12.572 43.390 11.686
229 11 2 45.112 12.609 43.546 11.722
230 11 2 45.237 12.646 43.671 11.759
231 11 2 45.370 12.682 43.804 11.796
232 11 2 45.451 12.704 43.893 11.818
233 11 2 45.503 12.741 43.952 11.855
234 11 2 45.555 12.778 44.011 11.892
236 11 2 45.451 12.712 43.915 11.825
237 11 2 45.503 12.734 43.974 11.847
238 11 2 45.569 12.756 44.048 11.869
239 11 2 45.621 12.778 44.107 11.892
240 11 2 45.695 12.800 44.188 11.914
242 11 2 45.518 12.726 44.018 11.840
243 11 2 45.525 12.719 44.033 11.832
244 11 2 45.532 12.697 44.048 11.810
245 11 2 45.532 12.674 44.055 11.788
246 11 2 45.547 12.667 44.077 11.780
247 11 2 45.547 12.645 44.084 11.758
248 11 2 45.554 12.637 44.099 11.751
249 11 2 45.554 12.630 44.106 11.743
250 11 2 45.547 12.637 44.106 11.751
251 11 2 45.532 12.645 44.099 11.758
252 11 2 45.532 12.652 44.106 11.765
253 11 2 45.517 12.660 44.099 11.773
254 11 2 45.517 12.667 44.107 11.780
255 11 2 45.510 12.660 44.107 11.773
256 11 2 45.510 12.667 44.114 11.780
257 11 2 45.503 12.660 44.114 11.773
258 11 2 45.503 12.667 44.121 11.780
259 11 2 45.495 12.660 44.121 11.773
260 11 2 45.495 12.667 44.129 11.780
261 11 2 45.488 12.660 44.129 11.773
262 11 2 45.488 12.667 44.136 11.780
263 11 2 45.480 12.660 44.136 11.773
264 11 2 45.480 12.667 44.143 11.780
265 11 2 45.473 12.660 44.143 11.773
266 11 2 45.473 12.667 44.151 11.780
267 11 2 45.466 12.660 44.151 11.773
268 11 2 45.466 12.667 44.158 11.780
269 11 2 45.458 12.660 44.158 11.773
270 11 2 45.458 12.667 44.166 11.780
271 11 2 45.451 12.660 44.166 11.773
272 11 2 45.451 12.667 44.173 11.780
273 11 2 45.444 12.660 44.173 11.773
274 11 2 45.444 12.667 44.180 11.780
275 11 2 45.436 12.660 44.180 11.773
276 11 2 45.436 12.667 44.188 11.780
277 11 2 45.422 12.660 44.180 11.773
278 11 2 45.421 12.652 44.188 11.765
279 11 2 45.414 12.645 44.188 11.758
280 11 2 45.414 12.652 44.195 11.765
281 11 2 45.407 12.660 44.195 11.773
282 11 2 45.407 12.667 44.202 11.780
283 11 2 45.399 12.660 44.202 11.773
284 11 2 45.399 12.667 44.210 11.780
285 11 2 45.385 12.660 44.195 11.773
286 11 2 45.385 12.667 44.195 11.780
287 11 2 45.385 12.660 44.195 11.773
288 11 2 45.385 12.653 44.195 11.765
289 11 2 45.385 12.645 44.195 11.758
290 11 2 45.385 12.653 44.195 11.765
291 11 2 45.377 12.645 44.188 11.758
292 11 2 45.377 12.638 44.188 11.750
293 11 2 45.377 12.630 44.188 11.743
294 11 2 45.377 12.638 44.188 11.750
295 11 2 45.370 12.630 44.180 11.743
296 11 2 45.370 12.638 44.180 11.750
297 11 2 45.370 12.630 44.180 11.743
298 11 2 45.370 12.623 44.180 11.735
299 11 2 45.370 12.616 44.180 11.728
300 11 2 45.362 12.623 44.173 11.736
301 11 2 45.362 12.616 44.173 11.728
302 11 2 45.362 12.623 44.173 11.736
303 11 2 45.362 12.616 44.173 11.728
304 11 2 45.355 12.608 44.165 11.721
305 11 2 45.355 12.601 44.165 11.713
306 11 2 45.355 12.608 44.165 11.721
307 11 2 45.355 12.601 44.165 11.713
308 11 2 45.348 12.608 44.158 11.721
309 11 2 45.348 12.601 44.158 11.713
310 11 2 45.348 12.608 44.158 11.721
311 11 2 45.348 12.601 44.158 11.713
312 11 2 45.348 12.608 44.158 11.721
313 11 2 45.348 12.601 44.158 11.713
314 11 2 45.348 12.608 44.158 11.721
315 11 2 45.348 12.601 44.158 11.713
316 11 2 45.340 12.608 44.151 11.721
317 11 2 45.340 12.601 44.151 11.713
318 11 2 45.340 12.608 44.151 11.721
319 11 2 45.340 12.601 44.151 11.713
320 11 2 45.333 12.608 44.143 11.721
321 11 2 45.333 12.601 44.143 11.713
322 11 2 45.333 12.608 44.143 11.721
323 11 2 45.333 12.601 44.143 11.713
324 11 2 45.333 12.608 44.143 11.721
325 11 2 45.333 12.601 44.143 11.713
326 11 2 45.333 12.608 44.143 11.721
327 11 2 45.333 12.601 44.143 11.713
328 11 2 45.333 12.608 44.143 11.721
329 11 2 45.333 12.601 44.143 11.713
330 11 2 45.333 12.608 44.143 11.721
331 11 2 45.333 12.601 44.143 11.713
332 11 2 45.333 12.608 44.143 11.721
333 11 2 45.333 12.601 44.143 11.713
334 11 2 45.333 12.608 44.143 11.721
335 11 2 45.333 12.601 44.143 11.713
336 11 2 45.333 12.608 44.143 11.721
337 11 2 45.333 12.601 44.143 11.713
338 11 2 45.333 12.608 44.143 11.721
339 11 2 45.333 12.601 44.143 11.713
340 11 2 45.333 12.608 44.143 11.721
341 11 2 45.333 12.601 44.143 11.713
342 11 2 45.333 12.608 44.143 11.721
343 11 2 45.333 12.601 44.143 11.713
344 11 2 45.333 12.608 44.143 11.721
345 11 2 45.333 12.601 44.143 11.713
346 11 2 45.333 12.608 44.143 11.721
347 11 2 45.333 12.601 44.143 11.713
348 11 2 45.333 12.608 44.143 11.721
349 11 2 45.333 12.601 44.143 11.713
350 11 2 45.333 12.608 44.143 11.721
351 11 2 45.333 12.601 44.143 11.713
352 11 2 45.333 12.608 44.143 11.721
353 11 2 45.333 12.601 44.143 11.713
354 11 2 45.333 12.608 44.143 11.721
355 11 2 45.333 12.601 44.143 11.713
356 11 2 45.333 12.608 44.143 11.721
357 11 2 45.333 12.601 44.143 11.713
358 11 2 45.333 12.608 44.143 11.721
359 11 2 45.333 12.601 44.143 11.713
360 11 2 45.333 12.593 44.143 11.706
361 11 2 45.333 12.586 44.143 11.698
362 11 2 45.333 12.593 44.143 11.706
363 11 2 45.333 12.586 44.143 11.698
364 11 2 45.333 12.593 44.143 11.706
365 11 2 45.333 12.586 44.143 11.698
366 11 2 45.333 12.593 44.143 11.706
367 11 2 45.333 12.586 44.143 11.698
368 11 2 45.333 12.593 44.143 11.706
369 11 2 45.333 12.586 44.143 11.698
370 11 2 45.333 12.593 44.143 11.706
