0 0 1 32.519 3.069 31.828 2.415
1 0 1 32.541 3.091 31.821 2.408
2 0 1 32.549 3.098 31.828 2.415
3 0 1 32.570 3.091 31.850 2.408
4 0 1 32.563 3.083 31.842 2.400
5 0 1 32.585 3.091 31.864 2.408
6 0 1 32.592 3.083 31.871 2.400
7 0 1 32.599 3.091 31.879 2.408
8 0 1 32.607 3.083 31.886 2.400
9 0 1 32.628 3.076 31.908 2.393
10 0 1 32.635 3.069 31.915 2.386
11 0 1 32.635 3.076 31.915 2.393
12 0 1 32.650 3.069 31.929 2.386
13 0 1 32.672 3.062 31.951 2.379
14 0 1 32.657 3.054 31.937 2.371
15 0 1 32.686 3.062 31.966 2.379
16 0 1 32.679 3.054 31.958 2.371
17 0 1 32.701 3.061 31.980 2.379
18 0 1 32.708 3.054 31.987 2.371
19 0 1 32.715 3.061 31.995 2.378
20 0 1 32.701 3.054 31.980 2.371
21 0 1 32.715 3.061 31.995 2.378
22 0 1 32.722 3.054 32.002 2.371
23 0 1 32.730 3.061 32.009 2.378
24 0 1 32.737 3.054 32.016 2.371
25 0 1 32.759 3.061 32.038 2.378
26 0 1 32.766 3.069 32.045 2.386
27 0 1 32.773 3.076 32.053 2.393
28 0 1 32.780 3.083 32.060 2.400
29 0 1 32.802 3.090 32.082 2.407
30 0 1 32.809 3.083 32.089 2.400
31 0 1 32.831 3.090 32.111 2.407
32 0 1 32.838 3.083 32.118 2.400
33 0 1 32.846 3.090 32.125 2.407
34 0 1 32.853 3.083 32.133 2.400
35 0 1 32.875 3.090 32.154 2.407
36 0 1 32.882 3.083 32.162 2.400
37 0 1 32.904 3.075 32.183 2.392
38 0 1 32.889 3.083 32.169 2.400
39 0 1 32.918 3.090 32.198 2.407
40 0 1 32.911 3.083 32.191 2.400
41 0 1 32.925 3.090 32.205 2.407
42 0 1 32.925 3.083 32.205 2.400
43 0 1 32.933 3.090 32.212 2.407
44 0 1 32.918 3.083 32.198 2.400
45 0 1 32.933 3.090 32.212 2.407
46 0 1 32.940 3.097 32.220 2.414
47 0 1 32.940 3.097 32.220 2.414
48 0 1 32.940 3.111 32.220 2.428
49 0 1 32.947 3.133 32.227 2.450
50 0 1 32.999 3.342 32.278 2.464
51 0 1 32.991 3.270 32.271 2.522
52 0 1 32.991 3.277 32.271 2.529
53 0 1 32.991 3.284 32.271 2.536
54 0 1 32.992 3.306 32.271 2.558
55 0 1 33.021 3.342 32.242 2.464
56 0 1 32.991 3.284 32.263 2.515
57 0 1 32.984 3.299 32.256 2.529
58 0 1 32.992 3.313 32.264 2.544
59 0 1 32.984 3.342 32.256 2.572
60 0 1 32.919 3.356 32.206 2.573
61 0 1 32.927 3.349 32.206 2.580
62 0 1 32.927 3.364 32.206 2.594
63 0 1 32.912 3.378 32.191 2.609
64 0 1 32.912 3.407 32.191 2.637
65 0 1 32.825 3.393 32.228 2.709
66 0 1 32.862 3.414 32.192 2.681
67 0 1 32.854 3.436 32.184 2.702
68 0 1 32.862 3.472 32.192 2.738
69 0 1 32.840 3.479 32.170 2.746
70 0 1 32.847 3.515 32.178 2.782
71 0 1 32.826 3.537 32.156 2.803
72 0 1 32.819 3.559 32.149 2.825
73 0 1 32.812 3.580 32.142 2.847
74 0 1 32.804 3.616 32.134 2.883
75 0 1 32.797 3.638 32.127 2.904
76 0 1 32.790 3.660 32.120 2.926
77 0 1 32.768 3.681 32.098 2.948
78 0 1 32.776 3.703 32.106 2.969
79 0 1 32.754 3.725 32.084 2.991
80 0 1 32.827 3.775 32.055 3.106
81 0 1 32.776 3.797 32.106 3.070
82 0 1 32.769 3.826 32.099 3.099
83 0 1 32.776 3.840 32.106 3.113
84 0 1 32.755 3.869 32.085 3.142
85 0 1 32.762 3.898 32.092 3.171
86 0 1 32.755 3.912 32.085 3.186
87 0 1 32.748 3.941 32.078 3.215
88 0 1 32.741 3.970 32.070 3.243
89 0 1 32.733 3.999 32.063 3.272
90 0 1 32.726 4.028 32.056 3.301
91 0 1 32.719 4.057 32.049 3.330
92 0 1 32.712 4.085 32.042 3.359
93 0 1 32.719 4.114 32.049 3.388
94 0 1 32.712 4.143 32.042 3.417
95 0 1 32.720 4.172 32.049 3.445
96 0 1 32.713 4.201 32.042 3.474
97 0 1 32.720 4.230 32.050 3.503
98 0 1 32.713 4.259 32.043 3.532
99 0 1 32.720 4.302 32.050 3.575
100 0 1 32.699 4.331 32.028 3.604
101 0 1 32.706 4.360 32.036 3.640
102 0 1 32.699 4.403 32.029 3.684
103 0 1 32.692 4.432 32.021 3.712
104 0 1 32.685 4.461 32.014 3.741
105 0 1 32.692 4.489 32.022 3.770
106 0 1 32.685 4.518 32.015 3.799
107 0 1 32.678 4.547 32.015 3.828
108 0 1 32.671 4.576 32.008 3.857
109 0 1 32.663 4.605 32.000 3.886
110 0 1 32.656 4.641 31.993 3.929
111 0 1 32.649 4.670 31.986 3.958
112 0 1 32.642 4.713 31.979 4.001
113 0 1 32.642 4.742 31.979 4.030
114 0 1 32.628 4.771 31.965 4.059
115 0 1 32.635 4.814 31.972 4.102
116 0 1 32.621 4.843 31.965 4.131
117 0 1 32.628 4.887 31.972 4.174
118 0 1 32.621 4.916 31.965 4.203
119 0 1 32.614 4.959 31.965 4.247
120 0 1 32.607 4.988 31.958 4.275
121 0 1 32.600 5.031 31.951 4.319
122 0 1 32.593 5.060 31.944 4.348
123 0 1 32.600 5.089 31.951 4.377
124 0 1 32.593 5.118 31.944 4.405
125 0 1 32.586 5.161 31.944 4.449
126 0 1 32.571 5.190 31.930 4.478
127 0 1 32.579 5.233 31.937 4.521
128 0 1 32.586 5.262 31.952 4.550
129 0 1 32.594 5.291 31.959 4.579
130 0 1 32.609 5.450 31.887 4.680
131 0 1 32.565 5.421 31.931 4.716
132 0 1 32.558 5.450 31.924 4.745
133 0 1 32.565 5.479 31.931 4.774
134 0 1 32.558 5.515 31.924 4.817
135 0 1 32.602 5.486 31.866 4.788
136 0 1 32.551 5.486 31.909 4.788
137 0 1 32.544 5.515 31.902 4.817
138 0 1 32.551 5.544 31.910 4.846
139 0 1 32.529 5.573 31.888 4.875
140 0 1 32.522 5.602 31.881 4.904
141 0 1 32.515 5.631 31.874 4.933
142 0 1 32.508 5.660 31.866 4.962
143 0 1 32.486 5.689 31.852 4.991
144 0 1 32.479 5.718 31.845 5.020
145 0 1 32.458 5.862 31.678 5.071
146 0 1 32.392 5.812 31.751 5.107
147 0 1 32.385 5.834 31.744 5.128
148 0 1 32.378 5.870 31.736 5.165
149 0 1 32.356 5.892 31.722 5.186
150 0 1 32.364 5.906 31.613 5.158
151 0 1 32.306 5.885 31.664 5.179
152 0 1 32.298 5.906 31.664 5.208
153 0 1 32.291 5.943 31.657 5.244
154 0 1 32.270 5.964 31.635 5.266
155 0 1 32.263 6.001 31.628 5.302
156 0 1 32.255 6.008 31.621 5.309
157 0 1 32.248 6.044 31.614 5.346
158 0 1 32.226 6.059 31.592 5.360
159 0 1 32.219 6.102 31.585 5.404
160 0 1 32.212 6.124 31.578 5.425
161 0 1 32.205 6.160 31.570 5.461
162 0 1 32.183 6.182 31.549 5.483
163 0 1 32.176 6.218 31.542 5.519
164 0 1 32.162 6.232 31.527 5.534
165 0 1 32.162 6.276 31.527 5.577
166 0 1 32.155 6.297 31.520 5.599
167 0 1 32.155 6.341 31.520 5.642
168 0 1 32.140 6.370 31.506 5.671
169 0 1 32.133 6.406 31.499 5.708
170 0 1 32.221 6.406 31.564 5.758
171 0 1 32.199 6.427 31.564 5.736
172 0 1 32.184 6.449 31.550 5.758
173 0 1 32.170 6.485 31.535 5.794
174 0 1 32.170 6.507 31.535 5.816
175 0 1 32.156 6.543 31.521 5.852
176 0 1 32.141 6.565 31.507 5.874
177 0 1 32.127 6.587 31.492 5.896
178 0 1 32.112 6.609 31.478 5.917
179 0 1 32.098 6.645 31.463 5.953
180 0 1 32.098 6.681 31.463 5.990
181 0 1 32.084 6.717 31.449 6.026
182 0 1 32.069 6.739 31.434 6.048
183 0 1 32.055 6.775 31.420 6.084
184 0 1 32.040 6.797 31.406 6.106
185 0 1 32.027 7.036 31.202 6.222
186 0 1 32.019 6.826 31.384 6.135
187 0 1 32.019 6.848 31.384 6.156
188 0 1 32.004 6.884 31.370 6.200
189 0 1 32.005 6.920 31.370 6.236
190 0 1 32.005 6.942 31.370 6.258
191 0 1 31.990 6.978 31.355 6.294
192 0 1 31.976 7.014 31.341 6.330
193 0 1 31.976 7.050 31.341 6.366
194 0 1 31.962 7.087 31.327 6.403
195 0 1 31.947 7.123 31.312 6.439
196 0 1 31.947 7.159 31.312 6.475
197 0 1 31.947 7.195 31.313 6.511
198 0 1 31.933 7.232 31.298 6.547
199 0 1 31.919 7.282 31.284 6.598
200 0 1 31.891 7.550 31.044 6.715
201 0 1 31.926 7.311 31.298 6.627
202 0 1 31.919 7.355 31.291 6.670
203 0 1 31.926 7.398 31.299 6.714
204 0 1 31.919 7.427 31.292 6.743
205 0 1 31.978 7.521 31.125 6.910
206 0 1 31.905 7.463 31.277 6.779
207 0 1 31.898 7.492 31.270 6.808
208 0 1 31.876 7.536 31.248 6.851
209 0 1 31.869 7.579 31.241 6.895
210 0 1 31.862 7.608 31.234 6.924
211 0 1 31.855 7.652 31.227 6.967
212 0 1 31.848 7.695 31.220 7.011
213 0 1 31.840 7.739 31.213 7.054
214 0 1 31.819 7.782 31.191 7.098
215 0 1 31.812 7.826 31.184 7.141
216 0 1 31.790 7.869 31.162 7.185
217 0 1 31.783 7.898 31.155 7.214
218 0 1 31.761 7.942 31.133 7.257
219 0 1 31.754 7.985 31.126 7.301
220 0 1 31.732 8.029 31.104 7.344
221 0 1 31.725 8.072 31.097 7.388
222 0 1 31.704 8.116 31.076 7.431
223 0 1 31.697 8.145 31.068 7.461
224 0 1 31.689 8.189 31.061 7.504
225 0 1 31.682 8.232 31.054 7.547
226 0 1 31.661 8.261 31.032 7.577
227 0 1 31.653 8.305 31.025 7.620
228 0 1 31.632 8.348 31.004 7.664
229 0 1 31.625 8.377 30.996 7.693
230 0 1 31.603 8.421 30.975 7.736
231 0 1 31.596 8.464 30.968 7.780
232 0 1 31.589 8.508 30.961 7.823
233 0 1 31.582 8.551 30.953 7.867
234 0 1 31.574 8.595 30.946 7.910
235 0 1 31.567 8.638 30.939 7.954
236 0 1 31.546 8.682 30.917 7.997
237 0 1 31.539 8.726 30.910 8.041
238 0 1 31.531 8.769 30.903 8.084
239 0 1 31.510 8.798 30.881 8.113
240 0 1 31.488 8.827 30.860 8.143
241 0 1 31.481 8.871 30.853 8.186
242 0 1 31.459 8.900 30.831 8.215
243 0 1 31.452 8.929 30.824 8.244
244 0 1 31.430 8.973 30.802 8.288
245 0 1 31.409 9.016 30.780 8.331
246 0 1 31.387 9.045 30.758 8.361
247 0 1 31.365 9.075 30.737 8.390
248 0 1 31.343 9.118 30.715 8.433
249 0 1 31.322 9.162 30.693 8.477
250 0 1 31.300 9.191 30.672 8.506
251 0 1 31.278 9.235 30.650 8.550
252 0 1 31.257 9.278 30.628 8.593
253 0 1 31.235 9.307 30.606 8.622
254 0 1 31.213 9.337 30.585 8.652
255 0 1 31.191 9.380 30.563 8.695
256 0 1 31.170 9.424 30.541 8.739
257 0 1 31.163 9.467 30.541 8.782
258 0 1 31.141 9.497 30.520 8.812
259 0 1 31.134 9.540 30.512 8.855
260 0 1 31.112 9.569 30.491 8.884
261 0 1 31.090 9.613 30.469 8.928
262 0 1 31.069 9.657 30.447 8.972
263 0 1 31.047 9.686 30.425 9.001
264 0 1 31.025 9.730 30.404 9.044
265 0 1 31.018 9.759 30.396 9.073
266 0 1 31.004 9.802 30.382 9.117
267 0 1 31.004 9.846 30.382 9.161
268 0 1 30.982 9.889 30.360 9.204
269 0 1 30.975 9.933 30.353 9.248
270 0 1 30.953 9.962 30.332 9.277
271 0 1 30.946 10.006 30.324 9.321
272 0 1 30.924 10.050 30.303 9.364
273 0 1 30.917 10.093 30.295 9.408
274 0 1 30.895 10.122 30.274 9.437
275 0 1 30.888 10.166 30.267 9.481
276 0 1 30.881 10.195 30.259 9.510
277 0 1 30.808 10.239 30.310 9.553
278 0 1 30.801 10.268 30.303 9.582
279 0 1 30.794 10.297 30.296 9.611
280 0 1 30.787 10.341 30.289 9.655
281 0 1 30.780 10.370 30.282 9.684
282 0 1 30.758 10.399 30.260 9.713
283 0 1 30.751 10.443 30.253 9.756
284 0 1 30.743 10.472 30.246 9.786
285 0 1 30.736 10.501 30.238 9.815
286 0 1 30.729 10.545 30.231 9.858
287 0 1 30.722 10.588 30.224 9.902
288 0 1 30.715 10.632 30.217 9.945
289 0 1 30.722 10.661 30.224 9.974
290 0 1 30.715 10.690 30.217 10.004
291 0 1 30.708 10.719 30.210 10.033
292 0 1 30.701 10.748 30.203 10.062
293 0 1 30.708 10.792 30.210 10.105
294 0 1 30.701 10.821 30.203 10.134
295 0 1 30.708 10.864 30.210 10.178
296 0 1 30.701 10.893 30.203 10.207
297 0 1 30.708 10.922 30.211 10.236
298 0 1 30.701 10.952 30.203 10.265
299 0 1 30.709 10.995 30.211 10.309
300 0 1 30.702 11.024 30.204 10.338
301 0 1 30.709 11.068 30.211 10.381
302 0 1 30.702 11.097 30.204 10.410
303 0 1 30.709 11.140 30.211 10.454
304 0 1 30.702 11.169 30.204 10.483
305 0 1 30.709 11.213 30.211 10.527
306 0 1 30.702 11.242 30.204 10.556
307 0 1 30.695 11.286 30.197 10.599
308 0 1 30.688 11.315 30.190 10.628
309 0 1 30.681 11.344 30.183 10.657
310 0 1 30.688 11.388 30.190 10.701
311 0 1 30.681 11.417 30.183 10.730
312 0 1 30.674 11.460 30.176 10.774
313 0 1 30.681 11.504 30.183 10.817
314 0 1 30.674 11.533 30.176 10.846
315 0 1 30.681 11.577 30.183 10.890
316 0 1 30.674 11.606 30.176 10.919
317 0 1 30.667 11.649 30.169 10.963
318 0 1 30.660 11.678 30.162 10.992
319 0 1 30.667 11.722 30.169 11.035
320 0 1 30.660 11.751 30.162 11.065
321 0 1 30.668 11.795 30.169 11.108
322 0 1 30.660 11.824 30.162 11.137
323 0 1 30.668 11.867 30.170 11.181
324 0 1 30.661 11.911 30.162 11.224
325 0 1 30.668 11.940 30.170 11.253
326 0 1 30.661 11.984 30.163 11.297
327 0 1 30.654 12.013 30.155 11.326
328 0 1 30.800 12.135 30.287 11.463
329 0 1 30.785 12.135 30.287 11.456
330 0 1 30.202 12.315 29.733 11.468
331 0 1 30.771 12.165 30.273 11.485
332 0 1 30.159 12.395 29.689 11.548
333 0 1 30.756 12.194 30.258 11.514
334 0 1 30.764 12.230 30.266 11.551
335 0 1 30.771 12.252 30.273 11.572
336 0 1 30.764 12.303 30.266 11.623
337 0 1 30.786 12.325 30.288 11.645
338 0 1 30.779 12.376 30.281 11.696
339 0 1 30.801 12.412 30.303 11.732
340 0 1 30.808 12.463 30.310 11.783
341 0 1 30.816 12.499 30.317 11.819
342 0 1 30.823 12.535 30.325 11.856
343 0 1 30.830 12.557 30.332 11.877
344 0 1 30.838 12.593 30.340 11.914
345 0 1 30.247 12.773 29.756 11.984
346 0 1 30.649 12.726 30.005 12.295
347 0 1 30.247 12.715 29.757 12.369
348 0 1 30.254 12.693 29.765 12.449
349 0 1 30.254 12.693 29.765 12.500
350 0 1 30.431 13.223 29.788 12.871
352 0 1 30.255 12.766 29.765 12.573
353 0 1 30.247 12.758 29.758 12.573
354 0 1 30.240 12.729 29.750 12.595
355 0 1 30.233 12.693 29.743 12.617
356 0 1 30.225 12.686 29.736 12.617
357 0 1 30.218 12.679 29.728 12.610
358 0 1 30.211 12.671 29.721 12.603
359 0 1 30.203 12.664 29.714 12.595
360 0 1 30.196 12.657 29.706 12.588
361 0 1 30.189 12.650 29.699 12.581
362 0 1 30.181 12.642 29.692 12.574
363 0 1 30.174 12.635 29.685 12.567
364 0 1 30.167 12.628 29.677 12.559
365 0 1 30.159 12.621 29.670 12.552
366 0 1 30.152 12.614 29.663 12.545
367 0 1 30.145 12.606 29.655 12.538
368 0 1 30.137 12.599 29.648 12.530
369 0 1 30.130 12.592 29.641 12.523
370 0 1 30.123 12.585 29.633 12.516
371 0 1 30.115 12.577 29.626 12.509
372 0 1 30.108 12.570 29.619 12.502
373 0 1 30.101 12.563 29.611 12.494
374 0 1 30.093 12.556 29.604 12.487
375 0 1 30.086 12.549 29.597 12.480
376 0 1 30.079 12.541 29.589 12.473
377 0 1 30.071 12.534 29.582 12.466
378 0 1 30.064 12.527 29.575 12.458
379 0 1 30.057 12.520 29.567 12.451
380 0 1 30.049 12.513 29.560 12.444
381 0 1 30.042 12.505 29.553 12.437
382 0 1 30.035 12.498 29.545 12.429
383 0 1 30.028 12.491 29.538 12.422
384 0 1 30.020 12.484 29.531 12.415
385 0 1 30.013 12.476 29.523 12.408
386 0 1 30.006 12.469 29.516 12.401
387 0 1 29.998 12.462 29.509 12.393
388 0 1 29.991 12.455 29.501 12.386
389 0 1 29.984 12.448 29.494 12.379
390 0 1 29.976 12.440 29.487 12.372
391 0 1 29.969 12.433 29.479 12.364
392 0 1 29.962 12.426 29.472 12.357
393 0 1 29.954 12.419 29.465 12.350
394 0 1 29.947 12.412 29.457 12.343
395 0 1 29.940 12.404 29.450 12.336
396 0 1 29.932 12.397 29.443 12.328
397 0 1 29.925 12.390 29.435 12.321
398 0 1 29.918 12.383 29.428 12.314
399 0 1 29.910 12.375 29.421 12.307
400 0 1 29.903 12.368 29.413 12.300
401 0 1 29.896 12.361 29.406 12.292
402 0 1 29.888 12.354 29.399 12.285
403 0 1 29.881 12.347 29.392 12.278
404 0 1 29.874 12.339 29.384 12.271
405 0 1 29.866 12.332 29.377 12.263
406 0 1 29.859 12.310 29.370 12.278
407 0 1 29.852 12.296 29.362 12.285
408 0 1 29.844 12.289 29.355 12.278
409 0 1 29.837 12.281 29.348 12.271
410 0 1 29.830 12.274 29.340 12.264
411 0 1 29.822 12.267 29.333 12.257
412 0 1 29.815 12.260 29.326 12.249
413 0 1 29.808 12.253 29.318 12.242
414 0 1 29.800 12.245 29.311 12.235
415 0 1 29.793 12.238 29.304 12.228
416 0 1 29.786 12.231 29.296 12.220
417 0 1 29.778 12.224 29.289 12.213
418 0 1 29.771 12.217 29.282 12.206
419 0 1 29.698 12.210 29.340 12.198
420 0 1 29.654 12.203 29.369 12.191
421 0 1 29.647 12.196 29.362 12.184
422 0 1 29.640 12.189 29.355 12.176
423 0 1 29.632 12.181 29.347 12.169
424 0 1 29.625 12.174 29.340 12.162
425 0 1 29.618 12.167 29.333 12.155
426 0 1 29.610 12.160 29.325 12.147
427 0 1 29.603 12.152 29.318 12.140
428 0 1 29.596 12.145 29.311 12.133
429 0 1 29.588 12.138 29.303 12.126
430 0 1 29.581 12.131 29.296 12.119
431 0 1 29.574 12.124 29.289 12.111
432 0 1 29.566 12.116 29.281 12.104
433 0 1 29.559 12.109 29.274 12.097
434 0 1 29.552 12.102 29.267 12.090
435 0 1 29.544 12.095 29.259 12.082
436 0 1 29.537 12.087 29.252 12.075
437 0 1 29.530 12.080 29.245 12.068
438 0 1 29.522 12.073 29.237 12.061
439 0 1 29.515 12.066 29.230 12.054
440 0 1 29.508 12.059 29.223 12.046
441 0 1 29.500 12.051 29.216 12.039
442 0 1 29.493 12.044 29.208 12.032
443 0 1 29.486 12.037 29.201 12.025
444 0 1 29.478 12.030 29.194 12.017
445 0 1 29.471 12.023 29.186 12.010
446 0 1 29.464 12.015 29.179 12.003
447 0 1 29.457 12.008 29.172 11.996
448 0 1 29.449 12.001 29.164 11.989
449 0 1 29.442 11.994 29.157 11.981
450 0 1 29.435 11.986 29.150 11.974
451 0 1 29.427 11.979 29.142 11.967
452 0 1 29.420 11.972 29.135 11.960
453 0 1 29.413 11.965 29.128 11.953
454 0 1 29.405 11.958 29.120 11.945
455 0 1 29.398 11.950 29.113 11.938
456 0 1 29.391 11.943 29.106 11.931
457 0 1 29.383 11.936 29.098 11.924
458 0 1 29.376 11.929 29.091 11.916
459 0 1 29.369 11.921 29.084 11.909
460 0 1 29.361 11.914 29.076 11.902
461 0 1 29.354 11.907 29.069 11.895
462 0 1 29.347 11.900 29.062 11.888
463 0 1 29.339 11.893 29.054 11.880
464 0 1 29.332 11.885 29.047 11.873
465 0 1 29.325 11.878 29.040 11.866
466 0 1 29.317 11.871 29.032 11.859
467 0 1 29.310 11.864 29.025 11.851
468 0 1 29.303 11.857 29.018 11.844
469 0 1 29.295 11.849 29.010 11.837
470 0 1 29.288 11.842 29.003 11.830
471 0 1 29.281 11.835 28.996 11.823
472 0 1 29.273 11.828 28.988 11.815
473 0 1 29.266 11.820 28.981 11.808
474 0 1 29.259 11.813 28.974 11.801
475 0 1 29.251 11.806 28.966 11.794
476 0 1 29.244 11.799 28.959 11.786
477 0 1 29.237 11.792 28.952 11.779
478 0 1 29.229 11.784 28.944 11.772
479 0 1 29.222 11.777 28.937 11.765
480 0 1 29.215 11.770 28.930 11.758
481 0 1 29.207 11.763 28.922 11.750
482 0 1 29.200 11.755 28.915 11.743
483 0 1 29.193 11.748 28.908 11.736
484 0 1 29.186 11.741 28.900 11.729
485 0 1 29.178 11.734 28.893 11.722
486 0 1 29.171 11.727 28.886 11.714
487 0 1 29.164 11.719 28.879 11.707
488 0 1 29.156 11.712 28.871 11.700
489 0 1 29.149 11.705 28.864 11.693
490 0 1 29.142 11.698 28.857 11.685
491 0 1 29.134 11.691 28.849 11.678
492 0 1 29.127 11.683 28.842 11.671
493 0 1 29.120 11.676 28.835 11.664
494 0 1 29.112 11.669 28.827 11.657
495 0 1 29.105 11.662 28.820 11.649
496 0 1 29.098 11.654 28.813 11.642
497 0 1 29.090 11.647 28.805 11.635
498 0 1 29.083 11.640 28.798 11.628
499 0 1 29.076 11.633 28.791 11.620
500 0 1 29.068 11.626 28.783 11.613
501 0 1 29.061 11.618 28.776 11.606
502 0 1 29.054 11.611 28.769 11.599
503 0 1 29.046 11.604 28.761 11.592
504 0 1 29.039 11.597 28.754 11.584
505 0 1 29.032 11.589 28.747 11.577
506 0 1 29.024 11.582 28.739 11.570
507 0 1 29.017 11.575 28.732 11.563
508 0 1 29.010 11.568 28.725 11.555
509 0 1 29.002 11.561 28.717 11.548
510 0 1 28.995 11.553 28.710 11.541
0 1 2 18.575 11.657 17.006 10.848
1 1 2 18.619 11.678 16.976 10.834
2 1 2 18.663 11.692 17.021 10.848
3 1 2 18.722 11.692 17.080 10.848
4 1 2 18.782 11.706 17.139 10.862
5 1 2 18.981 11.697 17.006 10.863
6 1 2 18.959 11.697 17.028 10.863
7 1 2 19.018 11.704 17.088 10.870
8 1 2 19.078 11.711 17.147 10.877
9 1 2 19.137 11.733 17.206 10.898
10 1 2 18.996 11.814 17.362 10.941
11 1 2 19.077 11.799 17.280 10.949
12 1 2 19.137 11.806 17.339 10.956
13 1 2 19.210 11.827 17.413 10.977
14 1 2 19.284 11.819 17.487 10.969
15 1 2 19.462 11.847 17.502 10.984
16 1 2 19.403 11.840 17.561 10.991
17 1 2 19.462 11.847 17.621 10.998
18 1 2 19.521 11.854 17.680 11.004
19 1 2 19.580 11.861 17.739 11.011
20 1 2 19.588 11.839 18.021 11.031
21 1 2 19.691 11.853 17.917 11.017
22 1 2 19.743 11.860 17.969 11.024
23 1 2 19.794 11.852 18.021 11.017
24 1 2 19.861 11.873 18.087 11.038
25 1 2 20.097 11.850 18.442 11.072
26 1 2 20.134 11.871 18.383 11.050
27 1 2 20.193 11.878 18.442 11.057
28 1 2 20.267 11.885 18.516 11.064
29 1 2 20.356 11.906 18.605 11.085
30 1 2 20.393 11.913 18.768 11.121
31 1 2 20.445 11.920 18.716 11.106
32 1 2 20.511 11.934 18.783 11.121
33 1 2 20.607 11.963 18.879 11.149
34 1 2 20.673 11.991 18.945 11.178
35 1 2 20.755 11.998 19.152 11.198
36 1 2 20.806 11.997 19.101 11.191
37 1 2 20.880 12.019 19.174 11.213
38 1 2 20.983 12.055 19.278 11.249
39 1 2 21.057 12.076 19.352 11.270
40 1 2 21.264 12.184 19.633 11.370
41 1 2 21.286 12.176 19.588 11.371
42 1 2 21.367 12.198 19.669 11.392
43 1 2 21.463 12.219 19.766 11.413
44 1 2 21.544 12.240 19.847 11.434
45 1 2 21.559 12.291 20.069 11.330
46 1 2 21.647 12.254 19.950 11.448
47 1 2 21.728 12.275 20.031 11.470
48 1 2 21.824 12.296 20.127 11.491
49 1 2 21.920 12.318 20.223 11.512
50 1 2 22.016 12.339 20.319 11.533
51 1 2 22.126 12.360 20.430 11.554
52 1 2 22.222 12.395 20.526 11.590
53 1 2 22.333 12.402 20.637 11.597
54 1 2 22.429 12.438 20.733 11.632
55 1 2 22.539 12.444 20.843 11.639
56 1 2 22.650 12.465 20.954 11.660
57 1 2 22.760 12.486 21.065 11.681
58 1 2 22.856 12.507 21.161 11.702
59 1 2 22.966 12.514 21.271 11.709
60 1 2 23.077 12.535 21.382 11.730
61 1 2 23.187 12.541 21.493 11.736
62 1 2 23.283 12.562 21.588 11.757
63 1 2 23.393 12.568 21.699 11.764
64 1 2 23.504 12.589 21.810 11.785
65 1 2 23.614 12.596 21.920 11.791
66 1 2 23.724 12.602 22.031 11.798
67 1 2 23.850 12.608 22.156 11.804
68 1 2 23.960 12.615 22.267 11.810
69 1 2 24.085 12.621 22.392 11.817
70 1 2 24.269 12.700 22.731 11.946
71 1 2 24.328 12.714 22.650 11.917
72 1 2 24.438 12.713 22.760 11.916
73 1 2 24.563 12.712 22.885 11.915
74 1 2 24.673 12.711 22.996 11.914
75 1 2 24.827 12.578 23.327 11.999
76 1 2 24.791 12.703 23.114 11.906
77 1 2 24.901 12.702 23.224 11.905
78 1 2 25.011 12.701 23.334 11.904
79 1 2 25.151 12.685 23.474 11.888
80 1 2 25.444 12.529 23.835 11.944
81 1 2 25.254 12.677 23.577 11.880
82 1 2 25.364 12.676 23.687 11.879
83 1 2 25.503 12.660 23.827 11.864
84 1 2 25.613 12.674 23.938 11.877
85 1 2 25.738 12.644 24.063 11.847
86 1 2 25.863 12.643 24.187 11.846
87 1 2 25.988 12.627 24.312 11.831
88 1 2 26.098 12.626 24.423 11.830
89 1 2 26.222 12.625 24.548 11.829
90 1 2 26.347 12.609 24.673 11.813
91 1 2 26.472 12.579 24.797 11.783
92 1 2 26.596 12.563 24.922 11.767
93 1 2 26.721 12.562 25.047 11.766
94 1 2 26.831 12.561 25.157 11.766
95 1 2 26.955 12.546 25.282 11.750
96 1 2 27.080 12.516 25.407 11.720
97 1 2 27.204 12.515 25.532 11.719
98 1 2 27.314 12.499 25.642 11.703
99 1 2 27.439 12.498 25.766 11.702
100 1 2 27.549 12.497 25.876 11.702
101 1 2 27.673 12.481 26.001 11.686
102 1 2 27.783 12.466 26.111 11.671
103 1 2 27.907 12.465 26.236 11.670
104 1 2 28.017 12.449 26.346 11.654
105 1 2 28.142 12.434 26.470 11.639
106 1 2 28.266 12.433 26.595 11.638
107 1 2 28.390 12.417 26.719 11.622
108 1 2 28.500 12.402 26.829 11.607
109 1 2 28.624 12.401 26.954 11.606
110 1 2 28.734 12.385 27.064 11.590
111 1 2 28.844 12.370 27.174 11.575
112 1 2 28.968 12.369 27.298 11.574
113 1 2 29.092 12.368 27.422 11.573
114 1 2 29.202 12.352 27.532 11.557
115 1 2 29.311 12.337 27.642 11.542
116 1 2 29.421 12.336 27.752 11.541
117 1 2 29.530 12.335 27.862 11.540
118 1 2 29.625 12.320 27.957 11.525
119 1 2 29.749 12.289 28.081 11.495
120 1 2 29.844 12.274 28.176 11.480
121 1 2 29.954 12.273 28.286 11.479
122 1 2 30.049 12.272 28.381 11.478
123 1 2 30.158 12.257 28.490 11.463
124 1 2 30.253 12.242 28.585 11.447
125 1 2 30.778 12.114 28.695 11.381
126 1 2 30.355 12.234 28.688 11.439
127 1 2 30.435 12.233 28.768 11.439
128 1 2 30.530 12.218 28.863 11.423
129 1 2 30.625 12.217 28.958 11.423
130 1 2 30.720 12.201 29.053 11.407
131 1 2 30.815 12.201 29.148 11.407
132 1 2 30.895 12.186 29.228 11.392
133 1 2 30.990 12.185 29.323 11.391
134 1 2 31.070 12.170 29.404 11.376
135 1 2 31.165 12.169 29.499 11.375
136 1 2 31.245 12.154 29.579 11.360
137 1 2 31.339 12.153 29.674 11.359
138 1 2 31.405 12.138 29.739 11.344
139 1 2 31.500 12.137 29.834 11.343
140 1 2 31.565 12.122 29.900 11.328
141 1 2 31.660 12.121 29.995 11.327
142 1 2 31.726 12.106 30.061 11.312
143 1 2 31.820 12.105 30.155 11.312
144 1 2 31.900 12.090 30.236 11.297
145 1 2 31.980 12.089 30.316 11.296
146 1 2 32.060 12.074 30.396 11.281
147 1 2 32.155 12.059 30.491 11.266
148 1 2 32.235 12.044 30.571 11.250
149 1 2 32.330 12.028 30.666 11.235
150 1 2 32.424 12.013 30.760 11.220
151 1 2 32.519 11.998 30.855 11.205
152 1 2 32.613 11.983 30.950 11.189
153 1 2 32.708 11.967 31.045 11.174
154 1 2 32.802 11.952 31.139 11.159
155 1 2 32.897 11.937 31.234 11.144
156 1 2 32.991 11.921 31.329 11.128
157 1 2 33.086 11.921 31.423 11.128
158 1 2 33.166 11.906 31.503 11.113
159 1 2 33.260 11.890 31.598 11.097
160 1 2 33.355 11.875 31.693 11.082
161 1 2 33.449 11.860 31.787 11.067
162 1 2 33.544 11.844 31.882 11.052
163 1 2 33.652 11.829 31.991 11.036
164 1 2 33.747 11.814 32.086 11.021
165 1 2 33.856 11.798 32.195 11.006
166 1 2 33.950 11.783 32.289 10.991
167 1 2 34.074 11.768 32.413 10.975
168 1 2 34.168 11.752 32.507 10.960
169 1 2 34.291 11.737 32.631 10.944
170 1 2 34.386 11.736 32.725 10.944
171 1 2 34.509 11.735 32.849 10.943
172 1 2 34.618 11.734 32.958 10.942
173 1 2 34.727 11.733 33.067 10.941
174 1 2 34.836 11.733 33.176 10.940
175 1 2 34.945 11.746 33.285 10.954
176 1 2 35.053 11.745 33.394 10.953
177 1 2 35.162 11.759 33.503 10.967
178 1 2 35.271 11.773 33.612 10.981
179 1 2 35.394 11.786 33.736 10.994
180 1 2 35.503 11.800 33.845 11.008
181 1 2 35.627 11.828 33.969 11.036
182 1 2 35.721 11.842 34.063 11.050
183 1 2 35.844 11.870 34.187 11.078
184 1 2 35.953 11.898 34.296 11.106
185 1 2 36.091 11.926 34.434 11.134
186 1 2 36.214 11.968 34.557 11.177
187 1 2 36.323 12.011 34.666 11.219
188 1 2 36.432 12.053 34.775 11.262
189 1 2 36.556 12.081 34.899 11.290
190 1 2 36.664 12.124 35.008 11.333
191 1 2 36.788 12.166 35.131 11.375
192 1 2 36.911 12.209 35.255 11.418
193 1 2 37.049 12.265 35.393 11.475
194 1 2 37.172 12.322 35.516 11.532
195 1 2 37.296 12.379 35.640 11.589
196 1 2 37.419 12.422 35.763 11.631
197 1 2 37.557 12.479 35.901 11.688
198 1 2 37.680 12.535 36.025 11.745
199 1 2 37.818 12.592 36.163 11.802
200 1 2 37.927 12.635 36.272 11.844
201 1 2 38.064 12.692 36.410 11.901
202 1 2 38.188 12.748 36.533 11.958
203 1 2 38.325 12.805 36.671 12.015
204 1 2 38.463 12.862 36.809 12.072
205 1 2 38.601 12.919 36.947 12.129
206 1 2 38.738 12.975 37.085 12.185
207 1 2 38.890 13.032 37.237 12.242
208 1 2 39.014 13.089 37.360 12.299
209 1 2 39.166 13.145 37.513 12.356
210 1 2 39.289 13.202 37.636 12.413
211 1 2 39.441 13.259 37.788 12.469
212 1 2 39.578 13.301 37.926 12.512
213 1 2 39.716 13.358 38.063 12.568
214 1 2 39.853 13.414 38.201 12.625
215 1 2 40.028 13.659 38.548 12.615
216 1 2 39.998 13.464 38.346 12.675
217 1 2 40.135 13.520 38.484 12.731
218 1 2 40.273 13.577 38.621 12.788
219 1 2 40.410 13.634 38.759 12.845
220 1 2 40.548 13.690 38.897 12.902
221 1 2 40.700 13.732 39.049 12.944
222 1 2 40.851 13.774 39.201 12.986
223 1 2 41.003 13.845 39.353 13.057
224 1 2 41.140 13.888 39.490 13.099
225 1 2 41.292 13.944 39.642 13.156
226 1 2 41.430 14.001 39.780 13.212
227 1 2 41.581 14.057 39.932 13.269
228 1 2 41.733 14.114 40.084 13.325
229 1 2 41.899 14.170 40.250 13.382
230 1 2 42.051 14.212 40.402 13.424
231 1 2 42.216 14.254 40.568 13.466
232 1 2 42.368 14.296 40.720 13.508
233 1 2 42.534 14.337 40.886 13.550
234 1 2 42.685 14.379 41.037 13.592
235 1 2 42.837 14.421 41.189 13.634
236 1 2 42.988 14.478 41.341 13.690
237 1 2 43.154 14.534 41.507 13.747
238 1 2 43.305 14.576 41.658 13.789
239 1 2 43.471 14.618 41.824 13.831
240 1 2 43.637 14.674 41.990 13.887
241 1 2 43.803 14.716 42.156 13.929
242 1 2 43.968 14.757 42.322 13.971
243 1 2 44.134 14.814 42.488 14.027
244 1 2 44.285 14.855 42.640 14.069
245 1 2 44.451 14.883 42.805 14.096
246 1 2 44.573 14.925 42.928 14.138
247 1 2 44.652 14.967 43.015 14.181
248 1 2 44.725 15.010 43.094 14.224
249 1 2 44.804 15.053 43.181 14.266
250 1 2 44.876 15.066 43.260 14.280
252 1 2 44.703 15.061 43.094 14.274
253 1 2 44.761 15.075 43.159 14.288
254 1 2 44.826 15.103 43.231 14.316
255 1 2 44.891 15.146 43.304 14.359
256 1 2 44.949 15.174 43.369 14.387
257 1 2 44.956 15.159 43.383 14.373
258 1 2 44.934 15.131 43.368 14.344
259 1 2 44.905 15.102 43.346 14.315
260 1 2 44.912 15.059 43.360 14.272
261 1 2 44.933 15.030 43.389 14.242
262 1 2 44.975 14.971 43.439 14.184
264 1 2 44.753 14.966 43.223 14.179
265 1 2 44.753 14.966 43.230 14.179
266 1 2 44.746 14.966 43.230 14.179
267 1 2 44.746 14.966 43.237 14.179
268 1 2 44.739 14.967 43.237 14.179
269 1 2 44.739 14.967 43.245 14.179
270 1 2 44.731 14.967 43.245 14.179
271 1 2 44.724 14.967 43.245 14.179
272 1 2 44.717 14.967 43.245 14.179
273 1 2 44.717 14.967 43.252 14.179
274 1 2 44.710 14.967 43.252 14.179
275 1 2 44.710 14.967 43.259 14.179
276 1 2 44.703 14.967 43.259 14.179
277 1 2 44.703 14.967 43.266 14.179
278 1 2 44.696 14.981 43.266 14.193
279 1 2 44.696 14.981 43.273 14.193
280 1 2 44.689 14.996 43.274 14.207
281 1 2 44.688 14.981 43.281 14.193
282 1 2 44.681 14.996 43.281 14.207
283 1 2 44.681 14.982 43.288 14.193
284 1 2 44.674 14.996 43.288 14.207
285 1 2 44.674 14.982 43.295 14.193
286 1 2 44.667 14.996 43.295 14.207
287 1 2 44.667 14.996 43.302 14.207
288 1 2 44.660 14.996 43.302 14.207
289 1 2 44.660 14.996 43.310 14.207
290 1 2 44.653 14.996 43.310 14.207
291 1 2 44.653 14.996 43.317 14.207
292 1 2 44.645 14.996 43.317 14.207
293 1 2 44.645 14.996 43.324 14.207
294 1 2 44.638 14.996 43.324 14.207
295 1 2 44.638 14.996 43.331 14.207
296 1 2 44.631 14.997 43.331 14.207
297 1 2 44.631 14.997 43.338 14.207
298 1 2 44.624 14.997 43.338 14.207
299 1 2 44.617 14.997 43.338 14.207
300 1 2 44.610 14.997 43.338 14.207
301 1 2 44.610 14.997 43.345 14.207
302 1 2 44.602 14.997 43.345 14.207
303 1 2 44.602 14.997 43.353 14.207
304 1 2 44.595 14.997 43.353 14.207
305 1 2 44.595 14.997 43.360 14.207
306 1 2 44.588 14.997 43.360 14.207
307 1 2 44.581 14.997 43.353 14.207
308 1 2 44.581 14.997 43.353 14.207
309 1 2 44.581 14.997 43.353 14.207
310 1 2 44.581 14.997 43.353 14.207
311 1 2 44.581 14.997 43.353 14.207
312 1 2 44.581 14.997 43.353 14.207
313 1 2 44.581 14.983 43.353 14.192
314 1 2 44.581 14.997 43.353 14.207
315 1 2 44.581 14.983 43.353 14.192
316 1 2 44.574 14.997 43.345 14.207
317 1 2 44.574 14.983 43.345 14.192
318 1 2 44.574 14.997 43.345 14.207
319 1 2 44.574 14.983 43.345 14.192
320 1 2 44.574 14.983 43.345 14.192
321 1 2 44.574 14.983 43.345 14.192
322 1 2 44.574 14.983 43.345 14.192
323 1 2 44.566 14.983 43.338 14.192
324 1 2 44.566 14.983 43.338 14.192
325 1 2 44.566 14.983 43.338 14.192
326 1 2 44.566 14.983 43.338 14.192
327 1 2 44.566 14.968 43.338 14.178
328 1 2 44.566 14.954 43.338 14.163
329 1 2 44.566 14.968 43.338 14.178
330 1 2 44.559 14.954 43.331 14.164
331 1 2 44.559 14.954 43.331 14.164
332 1 2 44.559 14.954 43.331 14.164
333 1 2 44.559 14.954 43.331 14.164
334 1 2 44.559 14.954 43.331 14.164
335 1 2 44.559 14.954 43.331 14.164
336 1 2 44.559 14.954 43.331 14.164
337 1 2 44.559 14.954 43.331 14.164
338 1 2 44.559 14.954 43.331 14.164
339 1 2 44.559 14.954 43.331 14.164
340 1 2 44.559 14.954 43.331 14.164
341 1 2 44.559 14.954 43.331 14.164
342 1 2 44.559 14.954 43.331 14.164
343 1 2 44.559 14.954 43.331 14.164
344 1 2 44.559 14.939 43.331 14.149
345 1 2 44.566 14.925 43.338 14.135
346 1 2 44.566 14.925 43.338 14.135
347 1 2 44.559 14.925 43.330 14.135
348 1 2 44.573 14.925 43.345 14.134
349 1 2 44.580 14.925 43.352 14.134
350 1 2 44.573 14.925 43.345 14.134
351 1 2 44.566 14.939 43.338 14.149
352 1 2 44.430 14.941 43.489 14.148
353 1 2 44.422 14.941 43.482 14.148
354 1 2 44.415 14.955 43.474 14.162
355 1 2 44.415 14.912 43.475 14.234
356 1 2 44.415 14.912 43.475 14.234
357 1 2 44.408 14.912 43.468 14.234
358 1 2 44.408 14.912 43.468 14.234
359 1 2 44.408 14.912 43.468 14.234
360 1 2 44.408 14.912 43.468 14.234
361 1 2 44.408 14.898 43.468 14.220
362 1 2 44.408 14.898 43.468 14.220
363 1 2 44.408 14.898 43.468 14.220
364 1 2 44.415 14.897 43.475 14.220
365 1 2 44.415 14.897 43.475 14.220
366 1 2 44.415 14.883 43.475 14.206
367 1 2 44.415 14.869 43.475 14.191
368 1 2 44.415 14.883 43.475 14.206
369 1 2 44.415 14.883 43.475 14.206
370 1 2 44.415 14.883 43.475 14.206
371 1 2 44.415 14.883 43.475 14.206
372 1 2 44.415 14.883 43.475 14.206
373 1 2 44.415 14.883 43.475 14.206
374 1 2 44.407 14.883 43.468 14.206
375 1 2 44.407 14.883 43.468 14.206
376 1 2 44.407 14.883 43.468 14.206
377 1 2 44.400 14.898 43.461 14.220
378 1 2 44.401 14.912 43.461 14.235
379 1 2 44.393 14.912 43.454 14.235
380 1 2 44.393 14.912 43.454 14.235
381 1 2 44.393 14.912 43.454 14.235
382 1 2 44.393 14.912 43.454 14.235
383 1 2 44.393 14.912 43.454 14.235
384 1 2 44.393 14.912 43.454 14.235
385 1 2 44.393 14.912 43.454 14.235
386 1 2 44.393 14.912 43.454 14.235
387 1 2 44.386 14.912 43.446 14.235
388 1 2 44.386 14.912 43.446 14.235
389 1 2 44.386 14.912 43.446 14.235
390 1 2 44.386 14.912 43.446 14.235
391 1 2 44.386 14.912 43.446 14.235
392 1 2 44.386 14.912 43.446 14.235
393 1 2 44.386 14.912 43.446 14.235
394 1 2 44.386 14.912 43.446 14.235
395 1 2 44.379 14.912 43.439 14.235
396 1 2 44.379 14.912 43.439 14.235
397 1 2 44.379 14.912 43.439 14.235
398 1 2 44.379 14.912 43.439 14.235
399 1 2 44.379 14.912 43.439 14.235
400 1 2 44.379 14.912 43.439 14.235
401 1 2 44.372 14.912 43.432 14.235
402 1 2 44.372 14.912 43.432 14.235
403 1 2 44.372 14.912 43.432 14.235
404 1 2 44.372 14.912 43.432 14.235
405 1 2 44.372 14.912 43.432 14.235
406 1 2 44.372 14.912 43.432 14.235
407 1 2 44.372 14.912 43.432 14.235
408 1 2 44.372 14.912 43.432 14.235
409 1 2 44.372 14.912 43.432 14.235
410 1 2 44.372 14.912 43.432 14.235
411 1 2 44.372 14.898 43.432 14.220
412 1 2 44.372 14.912 43.432 14.235
413 1 2 44.372 14.898 43.432 14.220
414 1 2 44.372 14.912 43.432 14.235
415 1 2 44.372 14.898 43.432 14.220
416 1 2 44.372 14.912 43.432 14.235
417 1 2 44.365 14.898 43.425 14.220
418 1 2 44.365 14.912 43.425 14.235
419 1 2 44.365 14.898 43.425 14.220
420 1 2 44.365 14.898 43.425 14.220
421 1 2 44.365 14.898 43.425 14.220
422 1 2 44.365 14.898 43.425 14.220
423 1 2 44.365 14.898 43.425 14.220
424 1 2 44.365 14.898 43.425 14.220
425 1 2 44.365 14.898 43.425 14.220
426 1 2 44.365 14.898 43.425 14.220
427 1 2 44.365 14.898 43.425 14.220
428 1 2 44.365 14.898 43.425 14.220
429 1 2 44.365 14.898 43.425 14.220
430 1 2 44.364 14.884 43.425 14.206
431 1 2 44.364 14.869 43.424 14.192
432 1 2 44.364 14.884 43.425 14.206
433 1 2 44.364 14.869 43.424 14.192
434 1 2 44.364 14.869 43.424 14.192
435 1 2 44.357 14.884 43.417 14.206
436 1 2 44.357 14.884 43.417 14.206
437 1 2 44.357 14.869 43.417 14.192
438 1 2 44.357 14.869 43.417 14.192
439 1 2 44.357 14.869 43.417 14.192
440 1 2 44.357 14.869 43.417 14.192
441 1 2 44.357 14.869 43.417 14.192
442 1 2 44.357 14.869 43.417 14.192
443 1 2 44.357 14.869 43.417 14.192
444 1 2 44.357 14.869 43.417 14.192
445 1 2 44.357 14.869 43.417 14.192
446 1 2 44.357 14.869 43.417 14.192
447 1 2 44.357 14.869 43.417 14.192
448 1 2 44.357 14.869 43.417 14.192
449 1 2 44.364 14.855 43.424 14.177
450 1 2 44.364 14.840 43.424 14.163
451 1 2 44.364 14.855 43.424 14.177
452 1 2 44.364 14.840 43.424 14.163
453 1 2 44.364 14.855 43.424 14.177
454 1 2 44.364 14.840 43.424 14.163
455 1 2 44.371 14.855 43.431 14.177
456 1 2 44.371 14.840 43.431 14.163
457 1 2 44.371 14.855 43.431 14.177
458 1 2 44.371 14.840 43.431 14.163
459 1 2 44.371 14.840 43.431 14.163
460 1 2 44.371 14.840 43.431 14.163
461 1 2 44.371 14.840 43.431 14.163
462 1 2 44.371 14.840 43.431 14.163
463 1 2 44.378 14.840 43.439 14.162
464 1 2 44.378 14.840 43.439 14.162
465 1 2 44.378 14.840 43.439 14.162
466 1 2 44.378 14.840 43.439 14.162
467 1 2 44.378 14.840 43.439 14.162
468 1 2 44.378 14.840 43.439 14.162
469 1 2 44.378 14.840 43.439 14.162
470 1 2 44.378 14.840 43.439 14.162
471 1 2 44.378 14.840 43.439 14.162
472 1 2 44.378 14.840 43.439 14.162
473 1 2 44.378 14.840 43.439 14.162
474 1 2 44.378 14.840 43.439 14.162
475 1 2 44.378 14.840 43.439 14.162
476 1 2 44.378 14.840 43.439 14.162
477 1 2 44.378 14.840 43.439 14.162
478 1 2 44.378 14.840 43.439 14.162
479 1 2 44.378 14.840 43.439 14.162
480 1 2 44.378 14.840 43.439 14.162
481 1 2 44.378 14.840 43.439 14.162
482 1 2 44.378 14.840 43.439 14.162
483 1 2 44.378 14.840 43.439 14.162
484 1 2 44.378 14.840 43.439 14.162
485 1 2 44.378 14.840 43.439 14.162
486 1 2 44.378 14.840 43.439 14.162
487 1 2 44.378 14.840 43.439 14.162
488 1 2 44.386 14.840 43.446 14.162
489 1 2 44.386 14.840 43.446 14.162
490 1 2 44.378 14.840 43.439 14.162
491 1 2 44.378 14.840 43.439 14.162
492 1 2 44.386 14.840 43.446 14.162
493 1 2 44.386 14.840 43.446 14.162
494 1 2 44.386 14.840 43.446 14.162
495 1 2 44.386 14.840 43.446 14.162
496 1 2 44.386 14.840 43.446 14.162
497 1 2 44.386 14.840 43.446 14.162
498 1 2 44.386 14.840 43.446 14.162
499 1 2 44.386 14.840 43.446 14.162
500 1 2 44.386 14.840 43.446 14.162
501 1 2 44.386 14.840 43.446 14.162
502 1 2 44.386 14.840 43.446 14.162
503 1 2 44.386 14.840 43.446 14.162
504 1 2 44.386 14.840 43.446 14.162
505 1 2 44.386 14.840 43.446 14.162
506 1 2 44.386 14.840 43.446 14.162
507 1 2 44.386 14.840 43.446 14.162
508 1 2 44.386 14.840 43.446 14.162
509 1 2 44.386 14.840 43.446 14.162
510 1 2 44.386 14.840 43.446 14.162
0 3 2 20.250 7.839 18.708 7.044
1 3 2 20.294 7.860 18.679 7.030
2 3 2 20.331 7.860 18.716 7.030
3 3 2 20.382 7.845 18.768 7.015
4 3 2 20.434 7.845 18.819 7.015
5 3 2 20.500 7.845 18.886 7.014
6 3 2 20.552 7.830 18.937 7.000
7 3 2 20.618 7.829 19.004 6.999
8 3 2 20.670 7.829 19.056 6.999
9 3 2 20.751 7.829 19.137 6.999
10 3 2 20.803 7.828 19.188 6.998
11 3 2 20.869 7.828 19.255 6.998
12 3 2 20.935 7.828 19.321 6.998
13 3 2 21.001 7.827 19.388 6.997
14 3 2 21.053 7.827 19.439 6.997
15 3 2 21.119 7.841 19.506 7.011
16 3 2 21.171 7.841 19.557 7.011
17 3 2 21.237 7.855 19.624 7.025
18 3 2 21.289 7.855 19.675 7.025
19 3 2 21.355 7.869 19.742 7.039
20 3 2 21.421 7.869 19.808 7.039
21 3 2 21.502 7.883 19.889 7.053
22 3 2 21.554 7.882 19.941 7.053
23 3 2 21.635 7.897 20.022 7.067
24 3 2 21.701 7.896 20.088 7.067
25 3 2 21.767 7.910 20.155 7.081
26 3 2 21.834 7.910 20.221 7.081
27 3 2 21.900 7.910 20.287 7.080
28 3 2 21.966 7.924 20.354 7.095
29 3 2 22.047 7.923 20.435 7.094
30 3 2 22.113 7.923 20.501 7.094
31 3 2 22.194 7.923 20.582 7.093
32 3 2 22.260 7.922 20.648 7.093
33 3 2 22.341 7.922 20.730 7.093
34 3 2 22.407 7.936 20.796 7.107
35 3 2 22.503 7.935 20.892 7.106
36 3 2 22.569 7.935 20.958 7.106
37 3 2 22.650 7.935 21.039 7.106
38 3 2 22.731 7.934 21.120 7.105
39 3 2 22.812 7.934 21.201 7.105
40 3 2 22.878 7.933 21.267 7.105
41 3 2 22.959 7.947 21.348 7.119
42 3 2 23.040 7.947 21.429 7.118
43 3 2 23.121 7.932 21.510 7.103
44 3 2 23.179 7.932 21.569 7.103
45 3 2 23.282 7.931 21.672 7.102
46 3 2 23.363 7.931 21.753 7.102
47 3 2 23.459 7.930 21.849 7.102
48 3 2 23.539 7.930 21.930 7.101
49 3 2 23.635 7.929 22.025 7.101
50 3 2 23.716 7.929 22.106 7.100
51 3 2 23.811 7.928 22.202 7.100
52 3 2 23.892 7.942 22.283 7.114
53 3 2 23.987 7.942 22.378 7.113
54 3 2 24.068 7.956 22.459 7.128
55 3 2 24.163 7.970 22.555 7.142
56 3 2 24.244 7.969 22.636 7.141
57 3 2 24.340 7.983 22.731 7.155
58 3 2 24.420 7.983 22.812 7.155
59 3 2 24.516 7.997 22.907 7.169
60 3 2 24.596 8.011 22.988 7.183
61 3 2 24.677 8.025 23.069 7.197
62 3 2 24.758 8.039 23.150 7.211
63 3 2 24.853 8.039 23.245 7.211
64 3 2 24.934 8.053 23.326 7.225
65 3 2 25.029 8.052 23.422 7.225
66 3 2 25.110 8.066 23.502 7.239
67 3 2 25.205 8.066 23.598 7.238
68 3 2 25.286 8.080 23.679 7.252
69 3 2 25.381 8.079 23.774 7.252
70 3 2 25.476 8.093 23.870 7.266
71 3 2 25.572 8.093 23.965 7.265
72 3 2 25.652 8.092 24.046 7.265
73 3 2 25.762 8.106 24.156 7.279
74 3 2 25.843 8.106 24.236 7.279
75 3 2 25.953 8.105 24.347 7.278
76 3 2 26.033 8.105 24.427 7.278
77 3 2 26.121 8.119 24.515 7.292
78 3 2 26.223 8.118 24.618 7.291
79 3 2 26.319 8.118 24.713 7.291
80 3 2 26.407 8.117 24.801 7.290
81 3 2 26.509 8.117 24.904 7.290
82 3 2 26.604 8.116 24.999 7.289
83 3 2 26.714 8.130 25.109 7.303
84 3 2 26.809 8.129 25.204 7.303
85 3 2 26.933 8.129 25.329 7.302
86 3 2 27.021 8.128 25.417 7.302
87 3 2 27.138 8.128 25.534 7.301
88 3 2 27.233 8.127 25.629 7.300
89 3 2 27.336 8.126 25.732 7.300
90 3 2 27.453 8.126 25.849 7.299
91 3 2 27.562 8.125 25.959 7.299
92 3 2 27.650 8.125 26.047 7.298
93 3 2 27.781 8.109 26.178 7.283
94 3 2 27.876 8.109 26.274 7.283
95 3 2 27.979 8.108 26.376 7.282
96 3 2 28.096 8.093 26.493 7.267
97 3 2 28.205 8.092 26.603 7.266
98 3 2 28.293 8.077 26.691 7.251
99 3 2 28.424 8.062 26.822 7.236
100 3 2 28.519 8.062 26.917 7.236
101 3 2 28.621 8.047 27.020 7.221
102 3 2 28.723 8.031 27.122 7.206
103 3 2 28.847 8.016 27.246 7.190
104 3 2 28.935 8.001 27.334 7.175
105 3 2 29.052 7.986 27.451 7.160
106 3 2 29.161 7.971 27.560 7.145
107 3 2 29.263 7.956 27.663 7.130
108 3 2 29.365 7.926 27.765 7.101
109 3 2 29.489 7.911 27.889 7.086
110 3 2 29.599 7.896 27.999 7.071
111 3 2 29.722 7.866 28.123 7.041
112 3 2 29.832 7.851 28.232 7.026
113 3 2 29.970 7.821 28.371 6.996
114 3 2 30.079 7.806 28.480 6.981
115 3 2 30.516 7.695 28.283 6.902
116 3 2 30.196 7.784 28.597 6.959
117 3 2 30.298 7.769 28.699 6.944
118 3 2 30.414 7.739 28.816 6.914
119 3 2 30.516 7.724 28.918 6.899
120 3 2 30.633 7.709 29.034 6.884
121 3 2 30.734 7.694 29.136 6.869
122 3 2 30.851 7.679 29.253 6.854
123 3 2 30.953 7.649 29.355 6.825
124 3 2 31.069 7.634 29.472 6.810
125 3 2 31.185 7.634 29.588 6.809
126 3 2 31.302 7.604 29.705 6.779
127 3 2 31.433 7.589 29.836 6.764
128 3 2 31.549 7.559 29.952 6.735
129 3 2 31.665 7.530 30.069 6.705
130 3 2 31.781 7.515 30.185 6.690
131 3 2 31.898 7.514 30.302 6.690
132 3 2 32.014 7.499 30.418 6.675
133 3 2 32.130 7.469 30.535 6.645
134 3 2 32.246 7.454 30.651 6.630
135 3 2 32.363 7.454 30.767 6.629
136 3 2 32.464 7.453 30.869 6.629
137 3 2 32.580 7.438 30.986 6.614
138 3 2 32.697 7.423 31.102 6.599
139 3 2 32.813 7.422 31.218 6.598
140 3 2 32.929 7.407 31.335 6.583
141 3 2 33.045 7.392 31.451 6.568
142 3 2 33.176 7.391 31.582 6.568
143 3 2 33.292 7.391 31.698 6.567
144 3 2 33.422 7.390 31.829 6.567
145 3 2 33.553 7.390 31.960 6.566
146 3 2 33.669 7.374 32.076 6.551
147 3 2 33.799 7.359 32.207 6.536
148 3 2 33.915 7.373 32.323 6.550
149 3 2 34.031 7.358 32.439 6.535
150 3 2 34.205 7.191 32.250 6.565
151 3 2 34.155 7.365 32.562 6.541
152 3 2 34.271 7.364 32.679 6.541
153 3 2 34.387 7.378 32.795 6.555
154 3 2 34.503 7.377 32.911 6.554
155 3 2 34.619 7.391 33.027 6.568
156 3 2 34.735 7.391 33.143 6.567
157 3 2 34.850 7.404 33.259 6.581
158 3 2 34.966 7.404 33.375 6.581
159 3 2 35.082 7.418 33.491 6.595
160 3 2 35.198 7.431 33.607 6.609
161 3 2 35.314 7.445 33.724 6.623
162 3 2 35.430 7.459 33.840 6.636
163 3 2 35.546 7.473 33.956 6.650
164 3 2 35.647 7.487 34.057 6.664
165 3 2 35.778 7.501 34.188 6.678
166 3 2 35.879 7.514 34.289 6.692
167 3 2 36.009 7.528 34.420 6.706
168 3 2 36.110 7.542 34.521 6.720
169 3 2 36.241 7.556 34.652 6.734
170 3 2 36.342 7.570 34.753 6.748
171 3 2 36.472 7.583 34.883 6.761
172 3 2 36.574 7.597 34.985 6.775
173 3 2 36.704 7.626 35.115 6.804
174 3 2 36.805 7.639 35.217 6.818
175 3 2 36.935 7.653 35.347 6.831
176 3 2 37.051 7.667 35.463 6.845
177 3 2 37.181 7.681 35.593 6.859
178 3 2 37.311 7.709 35.724 6.887
179 3 2 37.427 7.723 35.839 6.901
180 3 2 37.557 7.736 35.970 6.915
181 3 2 37.687 7.750 36.100 6.929
182 3 2 37.788 7.778 36.201 6.957
183 3 2 37.918 7.792 36.331 6.971
184 3 2 38.019 7.806 36.433 6.985
185 3 2 38.149 7.820 36.563 6.998
186 3 2 38.265 7.833 36.679 7.012
187 3 2 38.380 7.862 36.794 7.041
188 3 2 38.496 7.875 36.910 7.054
189 3 2 38.626 7.889 37.040 7.068
190 3 2 38.755 7.903 37.170 7.082
191 3 2 38.857 7.931 37.271 7.110
192 3 2 38.986 7.945 37.401 7.124
193 3 2 39.087 7.959 37.503 7.138
194 3 2 39.217 7.972 37.633 7.152
195 3 2 39.333 7.986 37.748 7.166
196 3 2 39.448 8.000 37.864 7.179
197 3 2 39.578 8.014 37.994 7.193
198 3 2 39.707 8.027 38.124 7.207
199 3 2 39.808 8.041 38.225 7.221
200 3 2 39.938 8.055 38.355 7.234
201 3 2 40.039 8.069 38.456 7.248
202 3 2 40.154 8.082 38.571 7.262
203 3 2 40.298 8.096 38.715 7.276
204 3 2 40.428 8.110 38.845 7.290
205 3 2 40.996 8.049 38.946 7.311
206 3 2 40.536 8.116 38.953 7.296
207 3 2 40.651 8.130 39.069 7.310
208 3 2 40.781 8.158 39.199 7.338
209 3 2 40.910 8.172 39.328 7.352
210 3 2 41.363 8.097 39.473 7.380
211 3 2 41.018 8.164 39.436 7.344
212 3 2 41.133 8.178 39.552 7.358
213 3 2 41.248 8.191 39.667 7.372
214 3 2 41.378 8.205 39.797 7.385
215 3 2 41.479 8.219 39.897 7.399
216 3 2 41.608 8.247 40.027 7.427
217 3 2 41.709 8.261 40.128 7.441
218 3 2 41.838 8.274 40.258 7.455
219 3 2 41.953 8.288 40.373 7.469
220 3 2 42.068 8.302 40.488 7.483
221 3 2 42.198 8.315 40.618 7.496
222 3 2 42.327 8.343 40.747 7.524
223 3 2 42.428 8.357 40.848 7.538
224 3 2 42.543 8.371 40.963 7.552
225 3 2 42.658 8.385 41.078 7.566
226 3 2 42.787 8.413 41.208 7.594
227 3 2 42.888 8.426 41.309 7.608
228 3 2 43.017 8.440 41.438 7.621
229 3 2 43.103 8.454 41.524 7.635
230 3 2 43.218 8.468 41.639 7.649
231 3 2 43.333 8.496 41.755 7.677
232 3 2 43.462 8.509 41.884 7.691
233 3 2 43.577 8.537 41.999 7.719
234 3 2 43.692 8.551 42.114 7.733
235 3 2 43.807 8.565 42.229 7.747
236 3 2 43.922 8.593 42.344 7.775
237 3 2 44.022 8.621 42.445 7.803
238 3 2 44.123 8.635 42.545 7.817
239 3 2 44.252 8.663 42.675 7.845
240 3 2 44.352 8.677 42.775 7.859
241 3 2 44.467 8.705 42.890 7.887
242 3 2 44.532 8.719 42.955 7.901
243 3 2 44.589 8.747 43.020 7.929
244 3 2 44.632 8.775 43.070 7.958
245 3 2 44.683 8.790 43.128 7.972
246 3 2 44.733 8.818 43.185 8.000
247 3 2 44.776 8.832 43.236 8.014
249 3 2 44.626 8.826 43.092 8.008
250 3 2 44.661 8.826 43.135 8.008
251 3 2 44.712 8.825 43.193 8.007
252 3 2 44.755 8.839 43.243 8.022
253 3 2 44.798 8.839 43.293 8.021
255 3 2 44.640 8.833 43.142 8.015
256 3 2 44.676 8.847 43.186 8.029
257 3 2 44.719 8.832 43.236 8.014
258 3 2 44.754 8.803 43.278 7.985
259 3 2 44.804 8.789 43.336 7.971
260 3 2 44.833 8.774 43.371 7.956
261 3 2 44.876 8.760 43.421 7.941
262 3 2 44.911 8.731 43.464 7.912
264 3 2 44.696 8.725 43.256 7.906
265 3 2 44.689 8.725 43.256 7.906
266 3 2 44.689 8.725 43.263 7.906
267 3 2 44.682 8.725 43.263 7.906
268 3 2 44.682 8.725 43.271 7.906
269 3 2 44.675 8.725 43.271 7.906
270 3 2 44.675 8.725 43.278 7.906
271 3 2 44.668 8.725 43.278 7.906
272 3 2 44.668 8.725 43.285 7.906
273 3 2 44.661 8.725 43.285 7.906
274 3 2 44.661 8.725 43.292 7.906
275 3 2 44.653 8.725 43.292 7.906
276 3 2 44.653 8.725 43.299 7.906
277 3 2 44.646 8.725 43.299 7.906
278 3 2 44.646 8.725 43.306 7.906
279 3 2 44.639 8.725 43.306 7.906
280 3 2 44.639 8.739 43.314 7.920
281 3 2 44.632 8.754 43.314 7.935
282 3 2 44.632 8.740 43.321 7.920
283 3 2 44.625 8.754 43.321 7.935
284 3 2 44.625 8.740 43.328 7.920
285 3 2 44.618 8.754 43.328 7.935
286 3 2 44.618 8.754 43.335 7.935
287 3 2 44.611 8.754 43.335 7.935
288 3 2 44.604 8.754 43.335 7.935
289 3 2 44.589 8.754 43.328 7.935
290 3 2 44.596 8.754 43.343 7.935
291 3 2 44.582 8.754 43.335 7.935
292 3 2 44.589 8.754 43.350 7.935
293 3 2 44.575 8.754 43.343 7.935
294 3 2 44.582 8.754 43.357 7.935
295 3 2 44.568 8.754 43.350 7.935
296 3 2 44.575 8.754 43.364 7.935
297 3 2 44.561 8.754 43.357 7.935
298 3 2 44.561 8.754 43.364 7.935
299 3 2 44.553 8.754 43.364 7.935
300 3 2 44.553 8.754 43.371 7.934
301 3 2 44.546 8.754 43.371 7.934
302 3 2 44.546 8.754 43.378 7.934
303 3 2 44.539 8.754 43.378 7.934
304 3 2 44.539 8.754 43.386 7.934
305 3 2 44.532 8.755 43.386 7.934
306 3 2 44.532 8.755 43.393 7.934
307 3 2 44.525 8.755 43.393 7.934
308 3 2 44.525 8.755 43.393 7.934
309 3 2 44.525 8.755 43.393 7.934
310 3 2 44.518 8.755 43.386 7.934
311 3 2 44.510 8.755 43.378 7.934
312 3 2 44.518 8.755 43.386 7.934
313 3 2 44.510 8.755 43.378 7.934
314 3 2 44.518 8.755 43.386 7.934
315 3 2 44.510 8.755 43.378 7.934
316 3 2 44.518 8.755 43.386 7.934
317 3 2 44.510 8.755 43.378 7.934
318 3 2 44.518 8.755 43.386 7.934
319 3 2 44.510 8.755 43.378 7.934
320 3 2 44.510 8.755 43.378 7.934
321 3 2 44.510 8.740 43.378 7.920
322 3 2 44.510 8.755 43.378 7.934
323 3 2 44.510 8.740 43.378 7.920
324 3 2 44.510 8.755 43.378 7.934
325 3 2 44.510 8.740 43.378 7.920
326 3 2 44.503 8.755 43.371 7.934
327 3 2 44.503 8.740 43.371 7.920
328 3 2 44.503 8.755 43.371 7.934
329 3 2 44.503 8.740 43.371 7.920
330 3 2 44.503 8.755 43.371 7.934
331 3 2 44.503 8.740 43.371 7.920
332 3 2 44.503 8.755 43.371 7.934
333 3 2 44.503 8.740 43.371 7.920
334 3 2 44.503 8.755 43.371 7.934
335 3 2 44.503 8.740 43.371 7.920
336 3 2 44.496 8.755 43.364 7.935
337 3 2 44.489 8.740 43.357 7.920
338 3 2 44.496 8.755 43.364 7.935
339 3 2 44.489 8.740 43.357 7.920
340 3 2 44.496 8.755 43.364 7.935
341 3 2 44.489 8.740 43.357 7.920
342 3 2 44.496 8.755 43.364 7.935
343 3 2 44.489 8.740 43.357 7.920
344 3 2 44.496 8.755 43.364 7.935
345 3 2 44.489 8.740 43.357 7.920
346 3 2 44.489 8.755 43.357 7.935
347 3 2 44.489 8.755 43.357 7.935
348 3 2 44.489 8.755 43.357 7.935
349 3 2 44.489 8.755 43.357 7.935
350 3 2 44.489 8.755 43.357 7.935
351 3 2 44.489 8.755 43.357 7.935
352 3 2 44.489 8.755 43.357 7.935
353 3 2 44.489 8.755 43.357 7.935
354 3 2 44.489 8.755 43.357 7.935
355 3 2 44.489 8.755 43.357 7.935
356 3 2 44.489 8.755 43.357 7.935
357 3 2 44.489 8.755 43.357 7.935
358 3 2 44.482 8.755 43.350 7.935
359 3 2 44.475 8.755 43.343 7.935
360 3 2 44.482 8.755 43.350 7.935
361 3 2 44.475 8.755 43.343 7.935
362 3 2 44.482 8.769 43.350 7.949
363 3 2 44.475 8.784 43.343 7.963
364 3 2 44.482 8.769 43.350 7.949
365 3 2 44.475 8.784 43.343 7.963
366 3 2 44.475 8.769 43.343 7.949
367 3 2 44.475 8.784 43.343 7.963
368 3 2 44.475 8.784 43.343 7.963
369 3 2 44.475 8.784 43.343 7.963
370 3 2 44.475 8.784 43.343 7.963
371 3 2 44.475 8.784 43.343 7.963
372 3 2 44.468 8.784 43.336 7.963
373 3 2 44.461 8.784 43.328 7.963
374 3 2 44.468 8.784 43.336 7.963
375 3 2 44.461 8.798 43.329 7.978
376 3 2 44.468 8.812 43.336 7.992
377 3 2 44.461 8.798 43.329 7.978
378 3 2 44.461 8.812 43.329 7.992
379 3 2 44.461 8.798 43.329 7.978
380 3 2 44.461 8.812 43.329 7.992
381 3 2 44.461 8.812 43.329 7.992
382 3 2 44.461 8.812 43.329 7.992
383 3 2 44.461 8.812 43.329 7.992
384 3 2 44.454 8.813 43.322 7.992
385 3 2 44.447 8.813 43.314 7.992
386 3 2 44.454 8.813 43.322 7.992
387 3 2 44.447 8.813 43.314 7.992
388 3 2 44.454 8.813 43.322 7.992
389 3 2 44.447 8.813 43.314 7.992
390 3 2 44.447 8.813 43.314 7.992
391 3 2 44.447 8.813 43.314 7.992
392 3 2 44.447 8.813 43.314 7.992
393 3 2 44.447 8.813 43.314 7.992
394 3 2 44.447 8.813 43.314 7.992
395 3 2 44.447 8.813 43.314 7.992
396 3 2 44.447 8.813 43.314 7.992
397 3 2 44.447 8.813 43.314 7.992
398 3 2 44.447 8.813 43.314 7.992
399 3 2 44.447 8.813 43.314 7.992
400 3 2 44.447 8.813 43.314 7.992
401 3 2 44.447 8.813 43.314 7.992
402 3 2 44.447 8.813 43.314 7.992
403 3 2 44.447 8.813 43.314 7.992
404 3 2 44.447 8.813 43.314 7.992
405 3 2 44.447 8.813 43.314 7.992
406 3 2 44.439 8.813 43.307 7.992
407 3 2 44.432 8.813 43.300 7.992
408 3 2 44.439 8.813 43.307 7.992
409 3 2 44.432 8.813 43.300 7.992
410 3 2 44.439 8.813 43.307 7.992
411 3 2 44.432 8.813 43.300 7.992
412 3 2 44.439 8.813 43.307 7.992
413 3 2 44.432 8.813 43.300 7.992
414 3 2 44.439 8.813 43.307 7.992
415 3 2 44.432 8.813 43.300 7.992
416 3 2 44.439 8.813 43.307 7.992
417 3 2 44.432 8.813 43.300 7.992
418 3 2 44.432 8.813 43.300 7.992
419 3 2 44.432 8.813 43.300 7.992
420 3 2 44.432 8.813 43.300 7.992
421 3 2 44.432 8.813 43.300 7.992
422 3 2 44.432 8.813 43.300 7.992
423 3 2 44.432 8.813 43.300 7.992
424 3 2 44.432 8.813 43.300 7.992
425 3 2 44.425 8.813 43.293 7.992
426 3 2 44.418 8.813 43.286 7.992
427 3 2 44.425 8.813 43.293 7.992
428 3 2 44.418 8.813 43.286 7.992
429 3 2 44.425 8.813 43.293 7.992
430 3 2 44.418 8.813 43.286 7.992
431 3 2 44.425 8.813 43.293 7.992
432 3 2 44.418 8.813 43.286 7.992
433 3 2 44.425 8.813 43.293 7.992
434 3 2 44.418 8.813 43.286 7.992
435 3 2 44.418 8.813 43.286 7.992
436 3 2 44.418 8.813 43.286 7.992
437 3 2 44.425 8.813 43.293 7.992
438 3 2 44.418 8.813 43.286 7.992
439 3 2 44.425 8.798 43.293 7.978
440 3 2 44.418 8.813 43.286 7.992
441 3 2 44.425 8.798 43.293 7.978
442 3 2 44.418 8.813 43.286 7.992
443 3 2 44.425 8.798 43.293 7.978
444 3 2 44.418 8.813 43.286 7.992
445 3 2 44.425 8.798 43.293 7.978
446 3 2 44.418 8.798 43.286 7.978
447 3 2 44.425 8.798 43.293 7.978
448 3 2 44.425 8.798 43.293 7.978
449 3 2 44.425 8.798 43.293 7.978
450 3 2 44.425 8.798 43.293 7.978
451 3 2 44.425 8.798 43.293 7.978
452 3 2 44.425 8.798 43.293 7.978
453 3 2 44.425 8.798 43.293 7.978
454 3 2 44.425 8.798 43.293 7.978
455 3 2 44.432 8.798 43.300 7.978
456 3 2 44.439 8.798 43.307 7.978
457 3 2 44.432 8.798 43.300 7.978
458 3 2 44.439 8.798 43.307 7.978
459 3 2 44.432 8.798 43.300 7.978
460 3 2 44.439 8.798 43.307 7.978
461 3 2 44.439 8.798 43.307 7.978
462 3 2 44.439 8.798 43.307 7.978
463 3 2 44.439 8.784 43.307 7.964
464 3 2 44.439 8.769 43.307 7.949
465 3 2 44.439 8.784 43.307 7.964
466 3 2 44.439 8.769 43.307 7.949
467 3 2 44.439 8.784 43.307 7.964
468 3 2 44.446 8.769 43.314 7.949
469 3 2 44.453 8.784 43.321 7.964
470 3 2 44.446 8.769 43.314 7.949
471 3 2 44.453 8.769 43.321 7.949
472 3 2 44.446 8.769 43.314 7.949
473 3 2 44.453 8.769 43.321 7.949
474 3 2 44.446 8.769 43.314 7.949
475 3 2 44.453 8.769 43.321 7.949
476 3 2 44.446 8.769 43.314 7.949
477 3 2 44.453 8.769 43.321 7.949
478 3 2 44.446 8.769 43.314 7.949
479 3 2 44.453 8.769 43.321 7.949
480 3 2 44.453 8.769 43.321 7.949
481 3 2 44.453 8.769 43.321 7.949
482 3 2 44.453 8.769 43.321 7.949
483 3 2 44.453 8.769 43.321 7.949
484 3 2 44.453 8.769 43.321 7.949
485 3 2 44.453 8.769 43.321 7.949
486 3 2 44.453 8.769 43.321 7.949
487 3 2 44.453 8.769 43.321 7.949
488 3 2 44.453 8.769 43.321 7.949
489 3 2 44.453 8.769 43.321 7.949
490 3 2 44.453 8.769 43.321 7.949
491 3 2 44.453 8.769 43.321 7.949
492 3 2 44.453 8.769 43.321 7.949
493 3 2 44.453 8.769 43.321 7.949
494 3 2 44.453 8.769 43.321 7.949
495 3 2 44.453 8.769 43.321 7.949
496 3 2 44.453 8.769 43.321 7.949
497 3 2 44.453 8.769 43.321 7.949
498 3 2 44.453 8.769 43.321 7.949
499 3 2 44.453 8.769 43.321 7.949
500 3 2 44.453 8.769 43.321 7.949
501 3 2 44.453 8.769 43.321 7.949
502 3 2 44.453 8.769 43.321 7.949
503 3 2 44.453 8.769 43.321 7.949
504 3 2 44.453 8.769 43.321 7.949
505 3 2 44.453 8.769 43.321 7.949
506 3 2 44.453 8.769 43.321 7.949
507 3 2 44.453 8.769 43.321 7.949
508 3 2 44.453 8.769 43.321 7.949
509 3 2 44.453 8.769 43.321 7.949
510 3 2 44.453 8.769 43.321 7.949
0 5 2 19.450 9.968 18.557 9.331
1 5 2 19.479 9.989 18.542 9.323
2 5 2 19.501 9.989 18.564 9.323
3 5 2 19.524 9.989 18.586 9.323
4 5 2 19.531 9.989 18.594 9.323
5 5 2 19.568 9.989 18.630 9.323
6 5 2 19.575 9.989 18.638 9.323
7 5 2 19.612 9.989 18.675 9.322
8 5 2 19.634 9.988 18.697 9.322
9 5 2 19.671 9.988 18.734 9.322
10 5 2 19.694 9.988 18.756 9.322
11 5 2 19.730 9.988 18.793 9.322
12 5 2 19.767 9.987 18.830 9.321
13 5 2 19.804 9.987 18.867 9.321
14 5 2 19.841 9.987 18.904 9.321
15 5 2 19.893 10.001 18.956 9.335
16 5 2 19.945 10.001 19.007 9.335
17 5 2 19.996 10.001 19.059 9.335
18 5 2 20.048 10.015 19.111 9.349
19 5 2 20.114 10.014 19.177 9.348
20 5 2 20.439 10.100 19.251 9.428
21 5 2 20.365 10.093 19.310 9.428
22 5 2 20.424 10.100 19.369 9.435
23 5 2 20.498 10.092 19.443 9.427
24 5 2 20.572 10.099 19.517 9.434
25 5 2 20.631 10.106 19.576 9.441
26 5 2 20.705 10.113 19.650 9.448
27 5 2 20.793 10.105 19.739 9.440
28 5 2 20.852 10.126 19.798 9.461
29 5 2 20.926 10.118 19.871 9.454
30 5 2 20.985 10.125 19.930 9.460
31 5 2 21.059 10.117 20.004 9.453
32 5 2 21.147 10.139 20.093 9.474
33 5 2 21.221 10.131 20.167 9.466
34 5 2 21.280 10.138 20.226 9.473
35 5 2 21.354 10.130 20.300 9.465
36 5 2 21.427 10.137 20.373 9.472
37 5 2 21.501 10.129 20.447 9.464
38 5 2 21.589 10.136 20.536 9.471
39 5 2 21.663 10.128 20.609 9.463
40 5 2 21.722 10.135 20.668 9.470
41 5 2 21.810 10.127 20.757 9.462
42 5 2 21.884 10.134 20.831 9.469
43 5 2 21.972 10.126 20.919 9.461
44 5 2 22.061 10.118 21.008 9.453
45 5 2 22.149 10.110 21.096 9.446
46 5 2 22.238 10.102 21.184 9.438
47 5 2 22.326 10.094 21.273 9.430
48 5 2 22.414 10.086 21.361 9.422
49 5 2 22.503 10.078 21.450 9.414
50 5 2 22.591 10.070 21.538 9.406
51 5 2 22.679 10.048 21.627 9.384
52 5 2 22.782 10.040 21.730 9.376
53 5 2 22.856 10.018 21.803 9.354
54 5 2 22.959 10.010 21.907 9.346
55 5 2 23.032 10.002 21.980 9.338
56 5 2 23.135 9.994 22.083 9.330
57 5 2 23.209 9.971 22.157 9.307
58 5 2 23.312 9.963 22.260 9.300
59 5 2 23.385 9.941 22.334 9.277
60 5 2 23.488 9.933 22.437 9.269
61 5 2 23.562 9.911 22.510 9.247
62 5 2 23.665 9.903 22.613 9.239
63 5 2 23.753 9.880 22.701 9.217
64 5 2 23.841 9.858 22.790 9.194
65 5 2 23.929 9.835 22.878 9.172
66 5 2 24.032 9.813 22.981 9.149
67 5 2 24.135 9.790 23.084 9.127
68 5 2 24.223 9.782 23.172 9.119
69 5 2 24.326 9.745 23.275 9.082
70 5 2 24.429 9.737 23.378 9.074
71 5 2 24.517 9.700 23.466 9.037
72 5 2 24.620 9.692 23.569 9.029
73 5 2 24.737 9.655 23.687 8.992
74 5 2 24.840 9.647 23.789 8.984
75 5 2 24.928 9.610 23.878 8.947
76 5 2 25.030 9.602 23.980 8.939
77 5 2 25.133 9.565 24.083 8.902
78 5 2 25.221 9.557 24.171 8.894
79 5 2 25.324 9.520 24.274 8.857
80 5 2 25.441 9.512 24.391 8.849
81 5 2 25.544 9.475 24.494 8.812
82 5 2 25.632 9.467 24.582 8.804
83 5 2 25.734 9.445 24.685 8.782
84 5 2 25.852 9.422 24.802 8.759
85 5 2 25.954 9.400 24.905 8.737
86 5 2 26.042 9.392 24.993 8.729
87 5 2 26.159 9.355 25.110 8.692
88 5 2 26.262 9.347 25.213 8.684
89 5 2 26.379 9.324 25.330 8.661
90 5 2 26.943 9.255 25.433 8.712
91 5 2 26.474 9.309 25.426 8.646
92 5 2 26.577 9.301 25.528 8.638
93 5 2 26.679 9.279 25.631 8.616
94 5 2 26.782 9.256 25.733 8.594
95 5 2 26.884 9.234 25.836 8.571
96 5 2 27.001 9.226 25.953 8.563
97 5 2 27.103 9.203 26.056 8.541
98 5 2 27.206 9.195 26.158 8.533
99 5 2 27.308 9.173 26.261 8.510
100 5 2 27.411 9.165 26.363 8.503
101 5 2 27.513 9.157 26.466 8.495
102 5 2 27.615 9.149 26.568 8.487
103 5 2 27.718 9.127 26.671 8.464
104 5 2 27.820 9.119 26.773 8.457
105 5 2 27.922 9.096 26.875 8.434
106 5 2 28.025 9.103 26.978 8.441
107 5 2 28.127 9.080 27.080 8.418
108 5 2 28.229 9.073 27.183 8.411
109 5 2 28.332 9.050 27.285 8.388
110 5 2 28.434 9.057 27.387 8.395
111 5 2 28.536 9.034 27.490 8.372
112 5 2 28.638 9.026 27.592 8.365
113 5 2 28.740 9.004 27.694 8.342
114 5 2 28.857 9.010 27.811 8.349
115 5 2 28.959 8.988 27.913 8.326
116 5 2 29.062 8.980 28.016 8.319
117 5 2 29.178 8.958 28.133 8.296
118 5 2 29.280 8.950 28.235 8.288
119 5 2 29.397 8.942 28.352 8.280
120 5 2 29.499 8.934 28.454 8.272
121 5 2 29.601 8.912 28.556 8.250
122 5 2 29.718 8.904 28.673 8.242
123 5 2 29.820 8.881 28.775 8.220
124 5 2 29.937 8.873 28.892 8.212
125 5 2 30.039 8.851 28.994 8.190
126 5 2 30.141 8.843 29.096 8.182
127 5 2 30.243 8.835 29.198 8.174
128 5 2 30.345 8.827 29.300 8.166
129 5 2 30.461 8.805 29.417 8.144
130 5 2 30.563 8.811 29.519 8.150
131 5 2 30.665 8.789 29.621 8.128
132 5 2 30.767 8.781 29.723 8.120
133 5 2 30.884 8.773 29.840 8.112
134 5 2 30.986 8.765 29.942 8.104
135 5 2 31.102 8.757 30.058 8.096
136 5 2 31.204 8.749 30.160 8.089
137 5 2 31.320 8.741 30.277 8.081
138 5 2 31.422 8.734 30.379 8.073
139 5 2 31.539 8.726 30.495 8.065
140 5 2 31.655 8.718 30.612 8.057
141 5 2 31.757 8.710 30.714 8.049
142 5 2 31.873 8.716 30.830 8.056
143 5 2 31.975 8.694 30.932 8.033
144 5 2 32.091 8.701 31.049 8.040
145 5 2 32.193 8.693 31.150 8.032
146 5 2 32.295 8.699 31.252 8.039
147 5 2 32.411 8.691 31.369 8.031
148 5 2 32.513 8.683 31.471 8.023
149 5 2 32.629 8.676 31.587 8.015
150 5 2 32.731 8.682 31.689 8.022
151 5 2 32.847 8.689 31.805 8.029
152 5 2 32.949 8.695 31.907 8.035
153 5 2 33.065 8.687 32.023 8.027
154 5 2 33.181 8.694 32.140 8.034
155 5 2 33.283 8.686 32.241 8.026
156 5 2 33.399 8.707 32.358 8.047
157 5 2 33.515 8.699 32.474 8.039
158 5 2 33.617 8.706 32.576 8.046
159 5 2 33.733 8.712 32.692 8.053
160 5 2 33.835 8.733 32.794 8.074
161 5 2 33.951 8.740 32.910 8.080
162 5 2 34.052 8.747 33.012 8.087
163 5 2 34.154 8.753 33.113 8.094
164 5 2 34.270 8.774 33.230 8.115
165 5 2 34.372 8.781 33.331 8.121
166 5 2 34.473 8.802 33.433 8.142
167 5 2 34.575 8.808 33.535 8.149
168 5 2 34.676 8.830 33.636 8.170
169 5 2 34.778 8.851 33.738 8.191
170 5 2 35.278 8.963 33.745 8.170
171 5 2 34.872 8.864 33.832 8.205
172 5 2 34.974 8.886 33.934 8.226
173 5 2 35.075 8.892 34.035 8.233
174 5 2 35.177 8.913 34.137 8.254
175 5 2 35.778 9.032 34.094 8.290
176 5 2 35.271 8.927 34.231 8.268
177 5 2 35.373 8.948 34.333 8.289
178 5 2 35.474 8.969 34.435 8.310
179 5 2 35.576 8.990 34.536 8.331
180 5 2 35.677 9.026 34.638 8.367
181 5 2 35.778 9.032 34.739 8.373
182 5 2 35.880 9.068 34.841 8.409
183 5 2 35.981 9.089 34.942 8.430
184 5 2 36.083 9.110 35.044 8.451
185 5 2 36.184 9.131 35.146 8.472
186 5 2 36.286 9.167 35.247 8.508
187 5 2 36.387 9.188 35.349 8.529
188 5 2 36.489 9.223 35.450 8.564
189 5 2 36.590 9.244 35.552 8.586
190 5 2 36.692 9.280 35.653 8.621
191 5 2 36.793 9.301 35.755 8.642
192 5 2 36.894 9.336 35.856 8.678
193 5 2 36.996 9.357 35.958 8.699
194 5 2 37.097 9.393 36.059 8.734
195 5 2 37.184 9.414 36.146 8.755
196 5 2 37.285 9.449 36.248 8.791
197 5 2 37.387 9.470 36.349 8.812
198 5 2 37.488 9.520 36.451 8.862
199 5 2 37.575 9.541 36.537 8.883
200 5 2 37.676 9.577 36.639 8.919
201 5 2 37.778 9.612 36.740 8.954
202 5 2 37.879 9.648 36.842 8.990
203 5 2 37.966 9.683 36.929 9.025
204 5 2 38.067 9.719 37.030 9.061
205 5 2 38.154 9.754 37.117 9.096
206 5 2 38.255 9.790 37.218 9.132
207 5 2 38.357 9.825 37.320 9.167
208 5 2 38.444 9.875 37.407 9.217
209 5 2 38.545 9.896 37.508 9.238
210 5 2 38.632 9.946 37.595 9.288
211 5 2 38.733 9.981 37.696 9.324
212 5 2 38.820 10.017 37.783 9.359
213 5 2 38.921 10.052 37.885 9.395
214 5 2 39.008 10.102 37.972 9.445
215 5 2 39.095 10.138 38.059 9.480
216 5 2 39.196 10.173 38.160 9.516
217 5 2 39.283 10.209 38.247 9.551
218 5 2 39.370 10.259 38.334 9.601
219 5 2 39.457 10.294 38.420 9.637
220 5 2 39.558 10.344 38.522 9.687
221 5 2 39.645 10.379 38.609 9.722
222 5 2 39.731 10.429 38.696 9.772
223 5 2 39.833 10.465 38.797 9.808
224 5 2 39.919 10.515 38.884 9.858
225 5 2 40.021 10.550 38.985 9.893
226 5 2 40.107 10.600 39.072 9.943
227 5 2 40.194 10.635 39.159 9.978
228 5 2 40.281 10.685 39.246 10.028
229 5 2 40.368 10.721 39.332 10.064
230 5 2 40.469 10.756 39.434 10.099
231 5 2 40.555 10.792 39.520 10.135
232 5 2 40.642 10.841 39.607 10.185
233 5 2 40.729 10.877 39.694 10.220
234 5 2 40.816 10.927 39.781 10.270
235 5 2 40.902 10.962 39.868 10.306
236 5 2 40.989 11.012 39.954 10.356
237 5 2 41.090 11.048 40.055 10.391
238 5 2 41.177 11.097 40.142 10.441
239 5 2 41.264 11.133 40.229 10.476
240 5 2 41.350 11.183 40.316 10.526
241 5 2 41.437 11.218 40.403 10.562
242 5 2 41.524 11.268 40.489 10.612
243 5 2 41.610 11.303 40.576 10.647
244 5 2 41.711 11.353 40.677 10.697
245 5 2 41.798 11.389 40.764 10.732
246 5 2 41.885 11.438 40.851 10.782
247 5 2 41.971 11.474 40.937 10.818
248 5 2 42.058 11.524 41.024 10.868
249 5 2 42.145 11.559 41.111 10.903
250 5 2 42.231 11.609 41.197 10.953
251 5 2 42.318 11.659 41.284 11.003
252 5 2 42.405 11.709 41.371 11.053
253 5 2 42.491 11.744 41.458 11.088
254 5 2 42.578 11.794 41.544 11.138
255 5 2 43.118 11.977 41.488 11.297
256 5 2 42.657 11.822 41.624 11.166
257 5 2 42.744 11.872 41.710 11.216
258 5 2 42.830 11.922 41.797 11.266
259 5 2 42.917 11.957 41.884 11.301
260 5 2 43.004 12.007 41.970 11.351
261 5 2 43.076 12.057 42.043 11.401
262 5 2 43.177 12.107 42.144 11.451
263 5 2 43.249 12.142 42.216 11.486
264 5 2 43.350 12.192 42.317 11.536
265 5 2 43.422 12.227 42.389 11.572
266 5 2 43.523 12.277 42.490 11.621
267 5 2 43.595 12.327 42.562 11.671
268 5 2 43.682 12.377 42.649 11.721
269 5 2 43.768 12.412 42.736 11.757
270 5 2 43.855 12.462 42.822 11.806
271 5 2 43.941 12.497 42.909 11.842
272 5 2 44.028 12.547 42.995 11.892
273 5 2 44.129 12.582 43.096 11.927
274 5 2 44.201 12.632 43.169 11.977
275 5 2 44.591 12.917 43.176 12.042
276 5 2 44.294 12.660 43.262 12.005
277 5 2 44.381 12.695 43.349 12.040
278 5 2 44.467 12.731 43.435 12.076
279 5 2 44.539 12.766 43.507 12.111
280 5 2 44.541 12.903 43.264 12.265
281 5 2 44.554 12.795 43.529 12.140
282 5 2 44.597 12.831 43.580 12.175
283 5 2 44.650 13.068 43.646 12.420
285 5 2 44.585 13.062 43.589 12.413
286 5 2 44.614 13.076 43.625 12.428
287 5 2 44.664 13.090 43.682 12.441
288 5 2 44.693 13.133 43.719 12.484
289 5 2 44.751 13.161 43.784 12.513
290 5 2 44.787 13.175 43.827 12.527
292 5 2 44.651 13.169 43.697 12.521
293 5 2 44.679 13.183 43.733 12.535
294 5 2 44.701 13.198 43.762 12.549
295 5 2 44.701 13.169 43.769 12.520
296 5 2 44.693 13.140 43.769 12.491
297 5 2 44.686 13.126 43.769 12.477
298 5 2 44.686 13.097 43.776 12.448
299 5 2 44.693 13.068 43.790 12.419
300 5 2 44.692 13.024 43.797 12.376
301 5 2 44.713 12.981 43.825 12.332
303 5 2 44.613 12.975 43.732 12.326
304 5 2 44.613 12.975 43.739 12.326
305 5 2 44.606 12.975 43.739 12.326
306 5 2 44.606 12.975 43.746 12.326
307 5 2 44.591 12.975 43.739 12.326
308 5 2 44.584 12.975 43.739 12.326
309 5 2 44.584 12.975 43.746 12.326
310 5 2 44.577 12.975 43.746 12.326
311 5 2 44.577 12.975 43.753 12.325
312 5 2 44.570 12.975 43.753 12.325
313 5 2 44.570 12.975 43.760 12.325
314 5 2 44.563 12.975 43.760 12.325
315 5 2 44.563 12.961 43.767 12.311
316 5 2 44.555 12.946 43.760 12.297
317 5 2 44.555 12.961 43.760 12.311
318 5 2 44.555 12.946 43.760 12.297
319 5 2 44.562 12.946 43.774 12.296
320 5 2 44.555 12.946 43.767 12.296
321 5 2 44.555 12.946 43.767 12.296
322 5 2 44.555 12.946 43.767 12.296
323 5 2 44.555 12.946 43.767 12.296
324 5 2 44.555 12.946 43.767 12.296
325 5 2 44.555 12.946 43.767 12.296
326 5 2 44.555 12.932 43.767 12.282
327 5 2 44.548 12.918 43.760 12.268
328 5 2 44.548 12.918 43.760 12.268
329 5 2 44.541 12.918 43.753 12.268
330 5 2 44.548 12.918 43.760 12.268
331 5 2 44.541 12.918 43.753 12.268
332 5 2 44.548 12.918 43.760 12.268
333 5 2 44.541 12.918 43.753 12.268
334 5 2 44.541 12.918 43.753 12.268
335 5 2 44.541 12.918 43.753 12.268
336 5 2 44.541 12.918 43.753 12.268
337 5 2 44.541 12.918 43.753 12.268
338 5 2 44.541 12.918 43.753 12.268
339 5 2 44.541 12.918 43.753 12.268
340 5 2 44.541 12.918 43.753 12.268
341 5 2 44.541 12.918 43.753 12.268
342 5 2 44.541 12.918 43.753 12.268
343 5 2 44.541 12.918 43.753 12.268
344 5 2 44.541 12.918 43.753 12.268
345 5 2 44.541 12.918 43.753 12.268
346 5 2 44.541 12.918 43.753 12.268
347 5 2 44.533 12.918 43.746 12.268
348 5 2 44.541 12.918 43.753 12.268
349 5 2 44.533 12.918 43.746 12.268
350 5 2 44.541 12.918 43.753 12.268
351 5 2 44.533 12.918 43.746 12.268
352 5 2 44.541 12.918 43.753 12.268
353 5 2 44.533 12.918 43.746 12.268
354 5 2 44.541 12.918 43.753 12.268
355 5 2 44.533 12.918 43.746 12.268
356 5 2 44.533 12.918 43.746 12.268
357 5 2 44.533 12.918 43.746 12.268
358 5 2 44.533 12.918 43.746 12.268
359 5 2 44.533 12.918 43.746 12.268
360 5 2 44.533 12.918 43.746 12.268
361 5 2 44.533 12.918 43.746 12.268
362 5 2 44.533 12.918 43.746 12.268
363 5 2 44.526 12.918 43.738 12.268
364 5 2 44.519 12.918 43.731 12.268
365 5 2 44.526 12.918 43.738 12.268
366 5 2 44.519 12.918 43.731 12.268
367 5 2 44.526 12.918 43.738 12.268
368 5 2 44.519 12.932 43.731 12.282
369 5 2 44.519 12.918 43.731 12.268
370 5 2 44.519 12.932 43.731 12.282
371 5 2 44.519 12.918 43.731 12.268
372 5 2 44.519 12.932 43.731 12.282
373 5 2 44.519 12.932 43.731 12.282
374 5 2 44.519 12.932 43.731 12.282
375 5 2 44.519 12.932 43.731 12.282
376 5 2 44.519 12.932 43.731 12.282
377 5 2 44.519 12.932 43.731 12.282
378 5 2 44.512 12.932 43.724 12.282
379 5 2 44.505 12.932 43.717 12.282
380 5 2 44.512 12.932 43.724 12.282
381 5 2 44.505 12.932 43.717 12.282
382 5 2 44.505 12.932 43.717 12.282
383 5 2 44.505 12.932 43.717 12.282
384 5 2 44.505 12.932 43.717 12.282
385 5 2 44.505 12.932 43.717 12.282
386 5 2 44.505 12.932 43.717 12.282
387 5 2 44.505 12.932 43.717 12.282
388 5 2 44.505 12.932 43.717 12.282
389 5 2 44.505 12.932 43.717 12.282
390 5 2 44.505 12.932 43.717 12.282
391 5 2 44.505 12.932 43.717 12.282
392 5 2 44.505 12.932 43.717 12.282
393 5 2 44.498 12.932 43.710 12.283
394 5 2 44.483 12.933 43.695 12.283
395 5 2 44.498 12.932 43.710 12.283
396 5 2 44.483 12.933 43.695 12.283
397 5 2 44.498 12.932 43.710 12.283
398 5 2 44.483 12.933 43.695 12.283
399 5 2 44.483 12.933 43.695 12.283
400 5 2 44.483 12.933 43.695 12.283
401 5 2 44.483 12.933 43.695 12.283
402 5 2 44.483 12.933 43.695 12.283
403 5 2 44.483 12.933 43.695 12.283
404 5 2 44.483 12.933 43.695 12.283
405 5 2 44.483 12.933 43.695 12.283
406 5 2 44.483 12.933 43.695 12.283
407 5 2 44.483 12.933 43.695 12.283
408 5 2 44.483 12.933 43.695 12.283
409 5 2 44.483 12.933 43.695 12.283
410 5 2 44.483 12.933 43.695 12.283
411 5 2 44.483 12.933 43.695 12.283
412 5 2 44.483 12.933 43.695 12.283
413 5 2 44.483 12.933 43.695 12.283
414 5 2 44.483 12.933 43.695 12.283
415 5 2 44.483 12.933 43.695 12.283
416 5 2 44.483 12.933 43.695 12.283
417 5 2 44.469 12.933 43.681 12.283
418 5 2 44.455 12.933 43.667 12.283
419 5 2 44.469 12.933 43.681 12.283
420 5 2 44.455 12.933 43.667 12.283
421 5 2 44.469 12.933 43.681 12.283
422 5 2 44.455 12.933 43.667 12.283
423 5 2 44.469 12.918 43.681 12.268
424 5 2 44.455 12.933 43.667 12.283
425 5 2 44.455 12.918 43.667 12.268
426 5 2 44.455 12.933 43.667 12.283
427 5 2 44.455 12.918 43.667 12.268
428 5 2 44.455 12.933 43.667 12.283
429 5 2 44.455 12.918 43.667 12.268
430 5 2 44.455 12.933 43.667 12.283
431 5 2 44.455 12.918 43.667 12.268
432 5 2 44.455 12.933 43.667 12.283
433 5 2 44.455 12.918 43.667 12.268
434 5 2 44.455 12.933 43.667 12.283
435 5 2 44.455 12.918 43.667 12.268
436 5 2 44.455 12.918 43.667 12.268
437 5 2 44.455 12.918 43.667 12.268
438 5 2 44.455 12.918 43.667 12.268
439 5 2 44.455 12.918 43.667 12.268
440 5 2 44.455 12.918 43.667 12.268
441 5 2 44.455 12.918 43.667 12.268
442 5 2 44.455 12.918 43.667 12.268
443 5 2 44.455 12.918 43.667 12.268
444 5 2 44.455 12.918 43.667 12.268
445 5 2 44.455 12.918 43.667 12.268
446 5 2 44.454 12.904 43.666 12.254
447 5 2 44.454 12.889 43.666 12.240
448 5 2 44.454 12.904 43.666 12.254
449 5 2 44.454 12.889 43.666 12.240
450 5 2 44.454 12.904 43.666 12.254
451 5 2 44.454 12.889 43.666 12.240
452 5 2 44.469 12.889 43.681 12.239
453 5 2 44.454 12.889 43.666 12.240
454 5 2 44.469 12.889 43.681 12.239
455 5 2 44.469 12.889 43.681 12.239
456 5 2 44.469 12.889 43.681 12.239
457 5 2 44.469 12.889 43.681 12.239
458 5 2 44.469 12.889 43.681 12.239
459 5 2 44.469 12.889 43.681 12.239
460 5 2 44.469 12.889 43.681 12.239
461 5 2 44.483 12.889 43.695 12.239
462 5 2 44.497 12.889 43.709 12.239
463 5 2 44.483 12.889 43.695 12.239
464 5 2 44.497 12.889 43.709 12.239
465 5 2 44.483 12.889 43.695 12.239
466 5 2 44.497 12.889 43.709 12.239
467 5 2 44.483 12.889 43.695 12.239
468 5 2 44.497 12.889 43.709 12.239
469 5 2 44.497 12.889 43.709 12.239
470 5 2 44.497 12.889 43.709 12.239
471 5 2 44.497 12.889 43.709 12.239
472 5 2 44.497 12.889 43.709 12.239
473 5 2 44.497 12.889 43.709 12.239
474 5 2 44.497 12.889 43.709 12.239
475 5 2 44.497 12.875 43.709 12.225
476 5 2 44.497 12.860 43.709 12.210
477 5 2 44.497 12.875 43.709 12.225
478 5 2 44.497 12.860 43.709 12.210
479 5 2 44.497 12.875 43.709 12.225
480 5 2 44.497 12.860 43.709 12.210
481 5 2 44.497 12.875 43.709 12.225
482 5 2 44.497 12.860 43.709 12.210
483 5 2 44.497 12.875 43.709 12.225
484 5 2 44.497 12.860 43.709 12.210
485 5 2 44.497 12.875 43.709 12.225
486 5 2 44.497 12.860 43.709 12.210
487 5 2 44.497 12.875 43.709 12.225
488 5 2 44.497 12.860 43.709 12.210
489 5 2 44.497 12.860 43.709 12.210
490 5 2 44.497 12.860 43.709 12.210
491 5 2 44.497 12.860 43.709 12.210
492 5 2 44.497 12.860 43.709 12.210
493 5 2 44.497 12.860 43.709 12.210
494 5 2 44.497 12.860 43.709 12.210
495 5 2 44.497 12.860 43.709 12.210
496 5 2 44.497 12.860 43.709 12.210
497 5 2 44.497 12.860 43.709 12.210
498 5 2 44.497 12.860 43.709 12.210
499 5 2 44.497 12.860 43.709 12.210
500 5 2 44.497 12.860 43.709 12.210
501 5 2 44.497 12.860 43.709 12.210
502 5 2 44.497 12.860 43.709 12.210
503 5 2 44.497 12.860 43.709 12.210
504 5 2 44.497 12.860 43.709 12.210
505 5 2 44.497 12.860 43.709 12.210
506 5 2 44.497 12.860 43.709 12.210
507 5 2 44.497 12.860 43.709 12.210
508 5 2 44.497 12.860 43.709 12.210
509 5 2 44.497 12.860 43.709 12.210
510 5 2 44.497 12.860 43.709 12.210
36 6 2 17.092 12.181 16.522 11.673
37 6 2 17.107 12.196 16.514 11.665
38 6 2 17.188 12.217 16.596 11.687
39 6 2 17.284 12.238 16.692 11.708
40 6 2 17.655 12.345 16.492 11.775
41 6 2 17.625 12.338 16.522 11.775
42 6 2 17.714 12.359 16.611 11.797
43 6 2 17.803 12.381 16.700 11.818
44 6 2 17.892 12.402 16.789 11.839
45 6 2 18.143 12.488 16.559 11.738
46 6 2 18.010 12.430 16.700 11.789
47 6 2 18.099 12.444 16.789 11.802
48 6 2 18.188 12.458 16.878 11.816
49 6 2 18.277 12.472 16.967 11.830
50 6 2 18.366 12.486 17.055 11.844
51 6 2 18.455 12.500 17.144 11.858
52 6 2 18.543 12.528 17.233 11.887
53 6 2 18.647 12.542 17.337 11.901
54 6 2 18.736 12.556 17.426 11.915
55 6 2 19.172 12.596 17.159 11.895
56 6 2 18.817 12.563 17.508 11.921
57 6 2 18.906 12.577 17.596 11.935
58 6 2 18.995 12.576 17.685 11.935
59 6 2 19.098 12.590 17.789 11.948
60 6 2 19.542 12.681 17.715 12.037
61 6 2 19.194 12.611 17.885 11.970
62 6 2 19.283 12.625 17.974 11.984
63 6 2 19.372 12.639 18.063 11.998
64 6 2 19.461 12.653 18.152 12.011
65 6 2 19.845 12.701 18.352 12.120
66 6 2 19.764 12.716 18.411 12.090
67 6 2 19.852 12.730 18.500 12.104
68 6 2 19.941 12.744 18.588 12.118
69 6 2 20.045 12.743 18.692 12.117
70 6 2 20.296 12.719 18.810 12.145
71 6 2 20.237 12.734 18.862 12.123
72 6 2 20.333 12.748 18.958 12.137
73 6 2 20.429 12.747 19.055 12.136
74 6 2 20.525 12.761 19.151 12.150
75 6 2 21.057 12.822 19.158 12.106
76 6 2 20.614 12.753 19.240 12.142
77 6 2 20.710 12.752 19.336 12.141
78 6 2 20.791 12.751 19.417 12.140
79 6 2 20.902 12.765 19.528 12.154
80 6 2 21.485 12.840 19.594 12.161
81 6 2 20.990 12.771 19.617 12.161
82 6 2 21.086 12.771 19.713 12.160
83 6 2 21.182 12.770 19.809 12.159
84 6 2 21.278 12.784 19.905 12.173
85 6 2 21.389 12.783 20.016 12.172
86 6 2 21.485 12.782 20.112 12.171
87 6 2 21.581 12.781 20.208 12.171
88 6 2 21.676 12.795 20.304 12.184
89 6 2 21.787 12.794 20.415 12.184
90 6 2 21.868 12.793 20.496 12.183
91 6 2 21.979 12.807 20.607 12.197
92 6 2 22.075 12.806 20.703 12.196
93 6 2 22.170 12.805 20.799 12.195
94 6 2 22.266 12.805 20.895 12.194
95 6 2 22.377 12.818 21.005 12.208
96 6 2 22.473 12.817 21.101 12.207
97 6 2 22.568 12.817 21.197 12.206
98 6 2 22.664 12.816 21.293 12.206
99 6 2 22.775 12.829 21.404 12.219
100 6 2 22.871 12.829 21.500 12.219
101 6 2 22.966 12.828 21.596 12.218
102 6 2 23.062 12.827 21.691 12.217
103 6 2 23.172 12.826 21.802 12.216
104 6 2 23.268 12.825 21.898 12.215
105 6 2 23.379 12.824 22.009 12.214
106 6 2 23.474 12.823 22.104 12.214
107 6 2 23.585 12.823 22.215 12.213
108 6 2 23.680 12.822 22.311 12.212
109 6 2 23.791 12.821 22.421 12.211
110 6 2 23.886 12.820 22.517 12.210
111 6 2 23.997 12.819 22.628 12.209
112 6 2 24.092 12.818 22.723 12.209
113 6 2 24.203 12.817 22.834 12.208
114 6 2 24.298 12.816 22.929 12.207
115 6 2 24.886 12.921 23.018 12.199
116 6 2 24.394 12.808 23.025 12.199
117 6 2 24.497 12.807 23.128 12.198
118 6 2 24.592 12.807 23.224 12.197
119 6 2 24.703 12.791 23.334 12.182
120 6 2 24.813 12.805 23.445 12.195
121 6 2 24.923 12.789 23.555 12.180
122 6 2 25.019 12.788 23.651 12.179
123 6 2 25.129 12.787 23.761 12.178
124 6 2 25.224 12.772 23.857 12.163
125 6 2 25.334 12.756 23.967 12.147
126 6 2 25.445 12.756 24.077 12.146
127 6 2 25.555 12.755 24.188 12.146
128 6 2 25.643 12.732 24.276 12.123
129 6 2 25.760 12.724 24.393 12.115
130 6 2 26.134 12.699 24.673 12.112
131 6 2 26.017 12.707 24.643 12.105
132 6 2 26.186 12.698 24.812 12.097
133 6 2 26.288 12.675 24.915 12.074
134 6 2 27.263 12.470 25.891 11.876
135 6 2 26.479 12.659 25.106 12.065
136 6 2 26.582 12.651 25.209 12.057
137 6 2 26.604 12.695 25.033 12.241
138 6 2 26.882 12.561 25.319 12.107
139 6 2 26.985 12.538 25.429 12.084
140 6 2 27.381 12.644 25.326 11.983
141 6 2 27.102 12.464 25.532 12.054
142 6 2 27.197 12.456 25.627 12.046
143 6 2 27.285 12.448 25.701 12.038
144 6 2 27.409 12.425 25.825 12.016
145 6 2 27.834 12.546 26.016 11.861
146 6 2 27.527 12.410 25.928 12.007
147 6 2 27.600 12.402 26.001 12.000
148 6 2 27.710 12.379 26.111 11.977
149 6 2 27.819 12.371 26.221 11.969
150 6 2 27.929 12.348 26.331 11.946
151 6 2 28.024 12.326 26.427 11.923
152 6 2 28.134 12.303 26.537 11.900
153 6 2 28.229 12.295 26.632 11.892
154 6 2 28.339 12.272 26.742 11.870
155 6 2 28.434 12.264 26.837 11.862
156 6 2 28.543 12.241 26.947 11.839
157 6 2 28.638 12.219 27.042 11.816
158 6 2 28.748 12.196 27.152 11.794
159 6 2 28.843 12.188 27.247 11.786
160 6 2 29.428 12.321 27.298 11.596
161 6 2 28.945 12.158 27.357 11.756
162 6 2 29.040 12.142 27.452 11.740
163 6 2 29.135 12.113 27.547 11.710
164 6 2 29.238 12.097 27.657 11.695
165 6 2 29.333 12.082 27.752 11.680
166 6 2 29.427 12.052 27.847 11.650
167 6 2 29.522 12.037 27.942 11.634
168 6 2 29.632 12.021 28.052 11.619
169 6 2 29.712 11.991 28.132 11.589
170 6 2 29.822 11.976 28.242 11.574
171 6 2 29.902 11.961 28.323 11.559
172 6 2 30.011 11.945 28.432 11.543
173 6 2 30.092 11.930 28.513 11.528
174 6 2 30.186 11.900 28.608 11.498
175 6 2 30.267 11.885 28.688 11.483
176 6 2 30.361 11.884 28.783 11.490
177 6 2 30.442 11.869 28.863 11.474
178 6 2 30.536 11.839 28.958 11.445
179 6 2 30.617 11.824 29.039 11.429
180 6 2 30.711 11.823 29.134 11.429
181 6 2 30.777 11.808 29.199 11.414
182 6 2 30.872 11.793 29.294 11.398
183 6 2 30.952 11.792 29.375 11.398
184 6 2 31.032 11.777 29.455 11.383
185 6 2 31.098 11.748 29.528 11.360
186 6 2 31.192 11.725 29.623 11.338
187 6 2 31.258 11.725 29.688 11.337
188 6 2 31.338 11.724 29.769 11.344
189 6 2 31.404 11.709 29.834 11.329
190 6 2 31.484 11.679 29.915 11.299
191 6 2 31.549 11.664 29.980 11.284
192 6 2 31.629 11.664 30.060 11.283
193 6 2 31.695 11.663 30.126 11.283
194 6 2 31.775 11.648 30.206 11.268
195 6 2 31.826 11.633 30.257 11.253
196 6 2 31.906 11.632 30.338 11.252
197 6 2 31.957 11.617 30.389 11.237
198 6 2 32.022 11.602 30.454 11.222
199 6 2 32.088 11.602 30.520 11.222
200 6 2 32.153 11.587 30.585 11.207
201 6 2 32.204 11.572 30.636 11.192
202 6 2 32.270 11.571 30.702 11.191
203 6 2 32.321 11.564 30.753 11.184
204 6 2 32.386 11.556 30.819 11.176
205 6 2 32.794 11.763 30.884 10.972
206 6 2 32.430 11.534 30.862 11.154
207 6 2 32.488 11.526 30.921 11.146
208 6 2 32.531 11.519 30.964 11.138
209 6 2 32.575 11.511 31.008 11.131
210 6 2 32.648 11.503 31.081 11.123
211 6 2 32.691 11.496 31.125 11.115
212 6 2 32.750 11.488 31.183 11.108
213 6 2 32.808 11.480 31.241 11.100
214 6 2 32.851 11.472 31.285 11.092
215 6 2 32.895 11.465 31.328 11.085
216 6 2 32.953 11.457 31.387 11.077
217 6 2 33.011 11.449 31.445 11.069
218 6 2 33.055 11.456 31.489 11.084
219 6 2 33.098 11.449 31.532 11.076
220 6 2 33.157 11.441 31.591 11.068
221 6 2 33.200 11.434 31.634 11.061
222 6 2 33.244 11.426 31.678 11.053
223 6 2 33.302 11.418 31.736 11.045
224 6 2 33.360 11.403 31.794 11.030
225 6 2 33.404 11.403 31.838 11.030
226 6 2 33.447 11.395 31.882 11.023
227 6 2 33.505 11.388 31.940 11.022
228 6 2 33.563 11.373 31.998 11.007
229 6 2 33.621 11.350 32.056 10.985
230 6 2 33.679 11.343 32.115 10.985
231 6 2 33.737 11.335 32.173 10.977
232 6 2 33.796 11.327 32.231 10.969
233 6 2 33.854 11.320 32.289 10.961
234 6 2 33.912 11.312 32.347 10.954
235 6 2 34.109 11.535 32.688 10.654
236 6 2 33.977 11.282 32.413 10.932
237 6 2 34.035 11.282 32.471 10.931
238 6 2 34.108 11.267 32.544 10.916
239 6 2 34.180 11.266 32.616 10.916
240 6 2 34.253 11.251 32.689 10.900
241 6 2 34.325 11.236 32.762 10.885
242 6 2 34.398 11.228 32.834 10.885
243 6 2 34.470 11.213 32.907 10.870
244 6 2 34.543 11.198 32.980 10.855
245 6 2 34.615 11.183 33.052 10.840
246 6 2 34.688 11.168 33.125 10.825
247 6 2 34.760 11.168 33.198 10.824
248 6 2 34.833 11.153 33.270 10.809
249 6 2 34.905 11.138 33.343 10.794
250 6 2 34.978 11.137 33.415 10.794
251 6 2 35.050 11.137 33.488 10.793
252 6 2 35.123 11.122 33.561 10.778
253 6 2 35.210 11.106 33.648 10.763
254 6 2 35.282 11.106 33.720 10.770
255 6 2 35.355 11.105 33.793 10.769
256 6 2 35.442 11.090 33.880 10.754
257 6 2 35.528 11.075 33.967 10.746
258 6 2 35.601 11.067 34.040 10.738
259 6 2 35.688 11.067 34.127 10.738
260 6 2 35.775 11.066 34.214 10.737
261 6 2 35.862 11.065 34.301 10.736
262 6 2 35.963 11.064 34.403 10.736
263 6 2 36.050 11.064 34.490 10.735
264 6 2 36.137 11.063 34.577 10.734
265 6 2 36.238 11.062 34.678 10.734
266 6 2 36.325 11.076 34.766 10.755
267 6 2 36.427 11.075 34.867 10.754
268 6 2 36.514 11.089 34.954 10.768
269 6 2 36.601 11.103 35.041 10.782
270 6 2 36.702 11.117 35.143 10.795
271 6 2 36.789 11.131 35.230 10.809
272 6 2 36.876 11.144 35.317 10.823
273 6 2 36.963 11.158 35.404 10.837
274 6 2 37.064 11.172 35.506 10.851
275 6 2 37.151 11.193 35.593 10.872
276 6 2 37.238 11.229 35.680 10.907
277 6 2 37.325 11.257 35.767 10.936
278 6 2 37.427 11.285 35.868 10.964
279 6 2 37.513 11.313 35.956 10.992
280 6 2 37.615 11.341 36.057 11.020
281 6 2 37.702 11.370 36.144 11.049
282 6 2 37.803 11.398 36.246 11.077
283 6 2 37.890 11.426 36.333 11.105
284 6 2 37.977 11.454 36.420 11.133
285 6 2 38.078 11.497 36.521 11.176
286 6 2 38.165 11.525 36.608 11.204
287 6 2 38.267 11.568 36.710 11.247
288 6 2 38.354 11.611 36.797 11.290
289 6 2 38.441 11.639 36.884 11.318
290 6 2 38.527 11.667 36.971 11.346
291 6 2 38.614 11.695 37.058 11.375
292 6 2 38.716 11.738 37.160 11.417
293 6 2 38.803 11.788 37.247 11.467
294 6 2 38.890 11.838 37.334 11.517
295 6 2 38.991 11.880 37.435 11.560
296 6 2 39.078 11.923 37.522 11.603
297 6 2 39.165 11.966 37.609 11.645
298 6 2 39.252 12.023 37.697 11.703
299 6 2 39.339 12.073 37.784 11.753
300 6 2 39.440 12.123 37.885 11.802
301 6 2 39.527 12.165 37.972 11.845
302 6 2 39.614 12.223 38.059 11.902
303 6 2 39.701 12.280 38.146 11.960
304 6 2 39.788 12.337 38.233 12.017
305 6 2 39.875 12.394 38.321 12.074
306 6 2 39.962 12.451 38.408 12.131
307 6 2 40.049 12.508 38.495 12.188
308 6 2 40.136 12.565 38.582 12.246
309 6 2 40.223 12.622 38.669 12.303
310 6 2 40.310 12.680 38.756 12.360
311 6 2 40.382 12.737 38.829 12.417
312 6 2 40.469 12.794 38.916 12.474
313 6 2 40.556 12.851 39.003 12.532
314 6 2 40.643 12.908 39.090 12.589
315 6 2 40.730 12.965 39.177 12.646
316 6 2 40.817 13.022 39.264 12.703
317 6 2 40.904 13.065 39.351 12.746
318 6 2 40.976 13.108 39.423 12.788
319 6 2 41.063 13.165 39.510 12.846
320 6 2 41.150 13.215 39.597 12.896
321 6 2 41.222 13.279 39.670 12.960
322 6 2 41.309 13.336 39.757 13.017
323 6 2 41.396 13.379 39.844 13.067
324 6 2 41.483 13.414 39.930 13.102
325 6 2 41.570 13.471 40.017 13.160
326 6 2 41.656 13.528 40.104 13.224
327 6 2 41.743 13.571 40.191 13.267
328 6 2 41.830 13.614 40.278 13.309
329 6 2 41.917 13.671 40.365 13.366
330 6 2 41.989 13.713 40.438 13.409
331 6 2 42.090 13.770 40.539 13.466
332 6 2 42.191 13.820 40.640 13.516
333 6 2 42.278 13.884 40.727 13.580
334 6 2 42.365 13.941 40.814 13.637
335 6 2 42.452 13.998 40.901 13.694
336 6 2 42.553 14.055 41.002 13.751
337 6 2 42.640 14.098 41.089 13.794
338 6 2 42.727 14.155 41.176 13.851
339 6 2 42.813 14.212 41.263 13.908
340 6 2 42.900 14.269 41.350 13.965
341 6 2 43.001 14.326 41.451 14.022
342 6 2 43.088 14.383 41.538 14.079
343 6 2 43.175 14.440 41.625 14.136
344 6 2 43.276 14.497 41.726 14.193
345 6 2 43.363 14.554 41.813 14.250
346 6 2 43.449 14.596 41.900 14.293
347 6 2 43.551 14.653 42.001 14.350
348 6 2 43.637 14.710 42.088 14.407
349 6 2 43.738 14.767 42.189 14.464
350 6 2 43.825 14.809 42.283 14.506
351 6 2 43.912 14.881 42.370 14.578
352 6 2 43.869 14.925 42.608 14.619
353 6 2 43.956 14.982 42.695 14.676
354 6 2 44.043 15.039 42.782 14.733
355 6 2 44.129 15.030 42.869 14.848
356 6 2 44.230 15.087 42.970 14.905
357 6 2 44.316 15.144 43.057 14.962
358 6 2 44.403 15.201 43.144 15.019
359 6 2 44.461 15.244 43.202 15.061
360 6 2 44.504 15.287 43.245 15.104
361 6 2 44.548 15.344 43.289 15.162
362 6 2 44.584 15.387 43.332 15.205
363 6 2 44.628 15.430 43.383 15.248
364 6 2 44.664 15.488 43.427 15.305
365 6 2 44.708 15.545 43.478 15.362
366 6 2 44.759 15.617 43.536 15.434
368 6 2 44.651 15.611 43.435 15.428
369 6 2 44.687 15.661 43.478 15.478
370 6 2 44.731 15.711 43.529 15.528
372 6 2 44.637 15.705 43.443 15.522
374 6 2 44.594 15.698 43.407 15.515
376 6 2 44.573 15.691 43.385 15.508
377 6 2 44.573 15.684 43.385 15.501
379 6 2 44.565 15.677 43.378 15.494
380 6 2 44.587 15.669 43.399 15.486
381 6 2 44.630 15.683 43.450 15.500
382 6 2 44.673 15.705 43.500 15.521
384 6 2 44.609 15.698 43.443 15.515
386 6 2 44.580 15.691 43.414 15.508
387 6 2 44.573 15.691 43.407 15.508
388 6 2 44.580 15.691 43.414 15.508
389 6 2 44.580 15.691 43.414 15.508
390 6 2 44.573 15.691 43.407 15.508
391 6 2 44.573 15.691 43.407 15.508
392 6 2 44.573 15.691 43.407 15.508
393 6 2 44.566 15.691 43.400 15.508
394 6 2 44.573 15.691 43.407 15.508
395 6 2 44.573 15.691 43.407 15.508
396 6 2 44.573 15.691 43.407 15.508
397 6 2 44.573 15.691 43.407 15.508
398 6 2 44.573 15.691 43.407 15.508
399 6 2 44.566 15.691 43.400 15.508
400 6 2 44.566 15.691 43.400 15.508
401 6 2 44.566 15.691 43.400 15.508
402 6 2 44.566 15.691 43.400 15.508
403 6 2 44.566 15.691 43.400 15.508
404 6 2 44.566 15.691 43.400 15.508
405 6 2 44.566 15.691 43.400 15.508
406 6 2 44.566 15.691 43.400 15.508
407 6 2 44.566 15.691 43.400 15.508
408 6 2 44.565 15.684 43.400 15.501
409 6 2 44.565 15.684 43.400 15.501
410 6 2 44.565 15.684 43.400 15.501
411 6 2 44.565 15.684 43.400 15.501
412 6 2 44.565 15.684 43.400 15.501
413 6 2 44.565 15.684 43.400 15.501
414 6 2 44.565 15.684 43.400 15.501
415 6 2 44.565 15.684 43.400 15.501
416 6 2 44.565 15.684 43.400 15.501
417 6 2 44.565 15.684 43.400 15.501
418 6 2 44.565 15.684 43.400 15.501
419 6 2 44.565 15.677 43.400 15.494
420 6 2 44.558 15.677 43.392 15.494
421 6 2 44.565 15.677 43.400 15.494
422 6 2 44.558 15.670 43.392 15.486
423 6 2 44.558 15.670 43.392 15.486
424 6 2 44.558 15.670 43.392 15.486
425 6 2 44.558 15.670 43.392 15.486
426 6 2 44.558 15.670 43.392 15.486
427 6 2 44.551 15.670 43.385 15.486
428 6 2 44.544 15.663 43.378 15.479
429 6 2 44.551 15.662 43.385 15.479
430 6 2 44.537 15.663 43.371 15.479
431 6 2 44.537 15.663 43.371 15.479
432 6 2 44.537 15.663 43.371 15.479
433 6 2 44.537 15.663 43.371 15.479
434 6 2 44.537 15.663 43.371 15.479
435 6 2 44.537 15.663 43.371 15.479
436 6 2 44.537 15.663 43.371 15.479
437 6 2 44.536 15.655 43.371 15.472
438 6 2 44.536 15.655 43.371 15.472
439 6 2 44.536 15.655 43.371 15.472
440 6 2 44.536 15.648 43.371 15.465
441 6 2 44.536 15.648 43.371 15.465
442 6 2 44.536 15.648 43.371 15.465
443 6 2 44.536 15.648 43.371 15.465
444 6 2 44.536 15.641 43.370 15.458
445 6 2 44.544 15.641 43.378 15.458
446 6 2 44.551 15.641 43.385 15.458
447 6 2 44.543 15.634 43.378 15.450
448 6 2 44.551 15.634 43.385 15.450
449 6 2 44.551 15.634 43.385 15.450
450 6 2 44.551 15.634 43.385 15.450
451 6 2 44.551 15.634 43.385 15.450
452 6 2 44.551 15.626 43.385 15.443
453 6 2 44.558 15.626 43.392 15.443
454 6 2 44.565 15.626 43.399 15.443
455 6 2 44.565 15.626 43.399 15.443
456 6 2 44.565 15.626 43.399 15.443
457 6 2 44.565 15.626 43.399 15.443
458 6 2 44.565 15.626 43.399 15.443
459 6 2 44.565 15.626 43.399 15.443
460 6 2 44.565 15.619 43.399 15.436
461 6 2 44.565 15.619 43.399 15.436
462 6 2 44.565 15.619 43.399 15.436
463 6 2 44.565 15.619 43.399 15.436
464 6 2 44.565 15.619 43.399 15.436
465 6 2 44.565 15.619 43.399 15.436
466 6 2 44.565 15.612 43.399 15.428
467 6 2 44.572 15.612 43.406 15.428
468 6 2 44.572 15.612 43.406 15.428
469 6 2 44.572 15.612 43.406 15.428
470 6 2 44.572 15.612 43.406 15.428
471 6 2 44.572 15.612 43.406 15.428
472 6 2 44.572 15.612 43.406 15.428
473 6 2 44.572 15.612 43.406 15.428
474 6 2 44.572 15.612 43.406 15.428
475 6 2 44.579 15.612 43.413 15.428
476 6 2 44.579 15.612 43.413 15.428
477 6 2 44.579 15.612 43.413 15.428
478 6 2 44.579 15.612 43.413 15.428
479 6 2 44.579 15.612 43.413 15.428
480 6 2 44.579 15.612 43.413 15.428
481 6 2 44.579 15.612 43.413 15.428
482 6 2 44.579 15.612 43.413 15.428
483 6 2 44.579 15.612 43.413 15.428
484 6 2 44.579 15.612 43.413 15.428
485 6 2 44.579 15.612 43.413 15.428
486 6 2 44.579 15.612 43.413 15.428
487 6 2 44.579 15.604 43.413 15.421
488 6 2 44.579 15.604 43.413 15.421
489 6 2 44.579 15.604 43.413 15.421
490 6 2 44.579 15.604 43.413 15.421
491 6 2 44.579 15.604 43.413 15.421
492 6 2 44.579 15.604 43.413 15.421
493 6 2 44.579 15.604 43.413 15.421
494 6 2 44.579 15.604 43.413 15.421
495 6 2 44.579 15.604 43.413 15.421
496 6 2 44.579 15.604 43.413 15.421
497 6 2 44.579 15.604 43.413 15.421
498 6 2 44.579 15.604 43.413 15.421
499 6 2 44.579 15.604 43.413 15.421
500 6 2 44.579 15.604 43.413 15.421
501 6 2 44.579 15.604 43.413 15.421
502 6 2 44.579 15.604 43.413 15.421
503 6 2 44.579 15.604 43.413 15.421
504 6 2 44.579 15.604 43.413 15.421
505 6 2 44.579 15.604 43.413 15.421
506 6 2 44.579 15.604 43.413 15.421
507 6 2 44.572 15.604 43.406 15.421
508 6 2 44.579 15.604 43.413 15.421
509 6 2 44.579 15.604 43.413 15.421
510 6 2 44.579 15.604 43.413 15.421
43 8 1 32.681 17.835 31.992 17.047
44 8 1 32.703 17.857 31.984 17.033
45 8 1 32.732 17.805 32.013 16.982
46 8 1 32.746 17.768 32.028 16.945
47 8 1 32.775 17.732 32.057 16.908
48 8 1 32.789 17.680 32.071 16.857
49 8 1 32.789 17.658 32.071 16.835
50 8 1 32.804 17.607 32.086 16.784
51 8 1 32.818 17.571 32.100 16.747
52 8 1 32.818 17.520 32.100 16.696
53 8 1 32.832 17.483 32.114 16.659
54 8 1 32.847 17.432 32.129 16.608
55 8 1 32.847 17.395 32.129 16.572
56 8 1 32.846 17.344 32.128 16.521
57 8 1 32.846 17.293 32.128 16.470
58 8 1 32.860 17.242 32.143 16.419
59 8 1 32.875 17.191 32.157 16.367
60 8 1 32.867 17.140 32.149 16.316
61 8 1 32.874 17.103 32.157 16.280
62 8 1 32.874 17.052 32.156 16.229
63 8 1 32.874 17.001 32.156 16.178
64 8 1 32.874 16.950 32.156 16.127
65 8 1 32.837 16.827 32.257 15.943
66 8 1 32.844 16.826 32.236 15.958
67 8 1 32.851 16.804 32.243 15.936
68 8 1 32.859 16.775 32.250 15.907
69 8 1 32.858 16.732 32.250 15.863
70 8 1 32.858 16.702 32.250 15.834
71 8 1 32.880 16.658 32.271 15.790
72 8 1 32.872 16.615 32.264 15.747
73 8 1 32.872 16.571 32.264 15.703
74 8 1 32.872 16.527 32.264 15.659
75 8 1 32.872 16.484 32.263 15.616
76 8 1 32.872 16.440 32.263 15.572
77 8 1 32.872 16.396 32.263 15.528
78 8 1 32.871 16.338 32.263 15.470
79 8 1 32.871 16.294 32.263 15.426
80 8 1 32.871 16.250 32.263 15.382
81 8 1 32.871 16.207 32.262 15.339
82 8 1 32.871 16.177 32.262 15.310
83 8 1 32.870 16.134 32.262 15.266
84 8 1 32.870 16.090 32.262 15.222
85 8 1 32.870 16.046 32.262 15.178
86 8 1 32.870 16.003 32.262 15.135
87 8 1 32.870 15.959 32.261 15.091
88 8 1 32.870 15.915 32.261 15.047
89 8 1 32.869 15.871 32.261 15.004
90 8 1 32.847 15.828 32.239 14.960
91 8 1 32.847 15.784 32.239 14.917
92 8 1 32.840 15.726 32.231 14.858
93 8 1 32.839 15.682 32.231 14.815
94 8 1 32.817 15.639 32.209 14.771
95 8 1 32.817 15.595 32.209 14.728
96 8 1 32.817 15.552 32.209 14.684
97 8 1 32.817 15.508 32.209 14.640
98 8 1 32.817 15.464 32.208 14.596
99 8 1 32.817 15.420 32.208 14.553
100 8 1 32.816 15.391 32.208 14.524
101 8 1 32.816 15.348 32.208 14.480
102 8 1 32.816 15.319 32.208 14.451
103 8 1 32.816 15.275 32.208 14.407
104 8 1 32.823 15.231 32.215 14.363
105 8 1 32.823 15.202 32.215 14.334
106 8 1 32.845 15.173 32.236 14.305
107 8 1 32.844 15.129 32.236 14.261
108 8 1 32.822 15.085 32.214 14.218
109 8 1 32.822 15.042 32.214 14.174
110 8 1 32.815 15.013 32.207 14.145
111 8 1 32.815 14.969 32.207 14.102
112 8 1 32.815 14.925 32.206 14.058
113 8 1 32.814 14.882 32.206 14.014
114 8 1 32.821 14.838 32.213 13.971
115 8 1 32.945 14.851 32.198 13.818
116 8 1 32.879 14.786 32.257 13.905
117 8 1 32.879 14.743 32.257 13.861
118 8 1 32.879 14.714 32.257 13.832
119 8 1 32.879 14.685 32.256 13.803
120 8 1 33.024 14.574 32.154 13.796
121 8 1 32.872 14.634 32.249 13.752
122 8 1 32.871 14.597 32.249 13.716
123 8 1 32.886 14.546 32.263 13.665
124 8 1 32.886 14.510 32.263 13.628
125 8 1 32.886 14.481 32.263 13.599
126 8 1 32.885 14.437 32.263 13.555
127 8 1 32.885 14.408 32.263 13.526
128 8 1 32.885 14.364 32.262 13.483
129 8 1 32.863 14.314 32.240 13.432
130 8 1 32.863 14.277 32.240 13.396
131 8 1 32.863 14.234 32.240 13.352
132 8 1 32.855 14.190 32.233 13.308
133 8 1 32.855 14.161 32.233 13.279
134 8 1 32.855 14.117 32.232 13.236
135 8 1 32.833 14.088 32.210 13.207
136 8 1 32.840 14.045 32.218 13.163
137 8 1 32.840 14.016 32.217 13.134
138 8 1 32.840 13.972 32.217 13.090
139 8 1 32.854 13.928 32.232 13.047
140 8 1 32.861 13.885 32.239 13.003
141 8 1 32.861 13.855 32.239 12.974
142 8 1 32.883 13.812 32.260 12.930
143 8 1 32.875 13.804 32.253 12.923
144 8 1 32.890 13.768 32.267 12.886
145 8 1 32.890 13.739 32.267 12.857
146 8 1 32.904 13.695 32.282 12.814
147 8 1 32.904 13.666 32.282 12.785
148 8 1 32.904 13.622 32.281 12.741
149 8 1 32.904 13.593 32.281 12.712
150 8 1 32.903 13.550 32.281 12.668
151 8 1 32.918 13.520 32.296 12.639
152 8 1 32.918 13.477 32.295 12.595
153 8 1 32.918 13.448 32.295 12.566
154 8 1 32.932 13.419 32.310 12.537
155 8 1 33.070 13.236 32.259 12.509
156 8 1 32.925 13.389 32.302 12.508
157 8 1 32.946 13.346 32.324 12.464
158 8 1 32.953 13.302 32.331 12.421
159 8 1 32.975 13.244 32.353 12.362
160 8 1 33.243 12.914 32.294 12.298
161 8 1 32.975 13.207 32.353 12.326
162 8 1 32.975 13.171 32.352 12.290
163 8 1 32.989 13.127 32.367 12.246
164 8 1 32.989 13.084 32.367 12.202
165 8 1 32.989 13.040 32.367 12.159
166 8 1 32.989 12.996 32.366 12.115
167 8 1 32.988 12.953 32.366 12.072
168 8 1 32.988 12.909 32.366 12.028
169 8 1 32.988 12.866 32.366 11.985
170 8 1 33.024 12.713 32.372 11.709
171 8 1 33.002 12.662 32.380 11.774
172 8 1 33.002 12.619 32.379 11.730
173 8 1 33.016 12.575 32.394 11.687
174 8 1 33.016 12.531 32.394 11.643
175 8 1 33.016 12.488 32.393 11.599
176 8 1 33.030 12.444 32.408 11.556
177 8 1 33.044 12.400 32.422 11.512
178 8 1 33.059 12.357 32.437 11.468
179 8 1 33.073 12.313 32.451 11.425
180 8 1 33.073 12.269 32.451 11.381
181 8 1 33.087 12.226 32.465 11.338
182 8 1 33.109 12.182 32.487 11.294
183 8 1 33.130 12.138 32.508 11.250
184 8 1 33.145 12.094 32.523 11.206
185 8 1 33.174 12.051 32.552 11.163
186 8 1 33.188 12.007 32.566 11.119
187 8 1 33.210 11.963 32.588 11.075
188 8 1 33.231 11.920 32.609 11.032
189 8 1 33.246 11.876 32.624 10.988
190 8 1 33.238 11.869 32.617 10.981
191 8 1 33.260 11.839 32.638 10.952
192 8 1 33.289 11.810 32.667 10.922
193 8 1 33.296 11.774 32.674 10.886
194 8 1 33.318 11.745 32.696 10.857
195 8 1 33.347 11.708 32.725 10.820
196 8 1 33.376 11.657 32.754 10.769
197 8 1 33.397 11.621 32.776 10.733
198 8 1 33.412 11.570 32.790 10.682
199 8 1 33.433 11.533 32.812 10.646
200 8 1 33.440 11.482 32.819 10.595
201 8 1 33.462 11.446 32.840 10.558
202 8 1 33.469 11.395 32.847 10.508
203 8 1 33.483 11.359 32.862 10.471
204 8 1 33.490 11.308 32.869 10.420
205 8 1 33.490 11.272 32.869 10.384
206 8 1 33.490 11.221 32.868 10.333
207 8 1 33.504 11.185 32.883 10.297
208 8 1 33.497 11.134 32.875 10.246
209 8 1 33.518 11.097 32.897 10.210
210 8 1 33.626 10.683 32.984 10.173
211 8 1 33.511 11.039 32.897 10.152
212 8 1 33.533 10.988 32.918 10.101
213 8 1 33.540 10.959 32.925 10.072
214 8 1 33.561 10.901 32.947 10.014
215 8 1 33.576 10.865 32.961 9.978
216 8 1 33.590 10.829 32.976 9.941
217 8 1 33.604 10.785 32.990 9.898
218 8 1 33.604 10.756 32.990 9.869
219 8 1 33.604 10.720 32.990 9.832
220 8 1 33.618 10.669 33.004 9.782
221 8 1 33.618 10.611 33.004 9.724
222 8 1 33.618 10.575 33.004 9.687
223 8 1 33.632 10.524 33.018 9.637
224 8 1 33.646 10.466 33.032 9.578
225 8 1 33.661 10.429 33.047 9.542
226 8 1 33.661 10.379 33.047 9.491
227 8 1 33.660 10.350 33.046 9.462
228 8 1 33.660 10.321 33.046 9.433
229 8 1 33.660 10.284 33.046 9.397
230 8 1 33.667 10.234 33.053 9.346
231 8 1 33.667 10.197 33.053 9.310
232 8 1 33.674 10.168 33.060 9.281
233 8 1 33.674 10.118 33.060 9.231
234 8 1 33.674 10.081 33.060 9.194
235 8 1 33.674 10.031 33.060 9.144
236 8 1 33.673 9.973 33.059 9.086
237 8 1 33.673 9.915 33.059 9.028
238 8 1 33.673 9.857 33.059 8.970
239 8 1 33.673 9.821 33.059 8.934
240 8 1 33.672 9.763 33.058 8.876
241 8 1 33.672 9.712 33.058 8.825
242 8 1 33.672 9.676 33.058 8.789
243 8 1 33.672 9.647 33.058 8.760
244 8 1 33.672 9.596 33.058 8.709
245 8 1 33.671 9.567 33.058 8.680
246 8 1 33.671 9.531 33.058 8.644
247 8 1 33.671 9.480 33.057 8.593
248 8 1 33.671 9.444 33.057 8.557
249 8 1 33.671 9.393 33.057 8.506
250 8 1 33.663 9.386 33.050 8.499
251 8 1 33.671 9.357 33.057 8.470
252 8 1 33.663 9.328 33.049 8.441
253 8 1 33.670 9.277 33.056 8.391
254 8 1 33.670 9.241 33.056 8.354
255 8 1 33.670 9.183 33.056 8.297
256 8 1 33.669 9.125 33.056 8.239
257 8 1 33.655 9.075 33.041 8.188
258 8 1 33.654 9.017 33.041 8.130
259 8 1 33.640 8.959 33.026 8.072
260 8 1 33.640 8.923 33.026 8.036
261 8 1 33.647 8.872 33.033 7.985
262 8 1 33.654 8.836 33.040 7.949
263 8 1 33.639 8.807 33.025 7.920
264 8 1 33.646 8.778 33.033 7.891
265 8 1 33.675 8.749 33.061 7.862
266 8 1 33.704 8.720 33.090 7.833
267 8 1 33.733 8.669 33.119 7.782
268 8 1 33.702 8.365 33.060 7.443
269 8 1 33.695 8.351 33.082 7.464
270 8 1 33.673 8.307 33.060 7.421
271 8 1 33.666 8.264 33.052 7.378
272 8 1 33.651 8.206 33.037 7.320
273 8 1 33.636 8.163 33.023 7.277
274 8 1 33.614 8.105 33.001 7.219
275 8 1 33.592 8.062 32.979 7.176
276 8 1 33.570 8.019 32.957 7.132
277 8 1 33.570 7.975 32.957 7.089
278 8 1 33.563 7.932 32.949 7.046
279 8 1 33.548 7.903 32.935 7.017
280 8 1 33.519 7.874 32.905 6.988
281 8 1 33.504 7.831 32.891 6.945
282 8 1 33.482 7.802 32.869 6.916
283 8 1 33.489 7.759 32.876 6.872
284 8 1 33.489 7.715 32.876 6.829
285 8 1 33.489 7.672 32.876 6.786
286 8 1 33.474 7.629 32.861 6.742
287 8 1 33.474 7.585 32.861 6.699
288 8 1 33.459 7.527 32.846 6.641
289 8 1 33.452 7.484 32.838 6.598
290 8 1 33.444 7.441 32.831 6.555
291 8 1 33.430 7.383 32.816 6.497
292 8 1 33.415 7.325 32.802 6.439
293 8 1 33.415 7.282 32.801 6.396
294 8 1 33.407 7.224 32.794 6.338
295 8 1 33.414 7.181 32.801 6.294
296 8 1 33.414 7.137 32.801 6.251
297 8 1 33.421 7.108 32.808 6.222
298 8 1 33.443 7.065 32.829 6.179
299 8 1 33.457 7.029 32.844 6.143
300 8 1 33.522 6.949 32.720 6.143
301 8 1 33.457 6.971 32.844 6.085
302 8 1 33.442 6.935 32.829 6.049
303 8 1 33.442 6.884 32.829 5.998
304 8 1 33.427 6.848 32.814 5.962
305 8 1 33.427 6.790 32.814 5.904
306 8 1 33.412 6.740 32.799 5.854
307 8 1 33.412 6.682 32.799 5.796
308 8 1 33.412 6.624 32.799 5.738
309 8 1 33.412 6.588 32.798 5.702
310 8 1 33.411 6.530 32.798 5.644
311 8 1 33.397 6.494 32.784 5.608
312 8 1 33.396 6.443 32.783 5.558
313 8 1 33.382 6.407 32.769 5.522
314 8 1 33.382 6.357 32.769 5.471
315 8 1 33.345 6.299 32.732 5.413
316 8 1 33.316 6.263 32.703 5.377
317 8 1 33.308 6.213 32.695 5.327
318 8 1 33.301 6.177 32.688 5.291
319 8 1 33.308 6.126 32.695 5.240
320 8 1 33.308 6.090 32.695 5.204
321 8 1 33.308 6.039 32.695 5.154
322 8 1 33.307 5.982 32.694 5.096
323 8 1 33.307 5.924 32.694 5.038
324 8 1 33.307 5.866 32.694 4.980
325 8 1 33.307 5.830 32.694 4.944
326 8 1 33.307 5.772 32.694 4.886
327 8 1 33.306 5.722 32.693 4.836
328 8 1 33.306 5.664 32.693 4.778
329 8 1 33.320 5.628 32.707 4.742
330 8 1 33.327 5.577 32.715 4.691
331 8 1 33.349 5.541 32.736 4.655
332 8 1 33.378 5.505 32.765 4.619
333 8 1 33.392 5.454 32.779 4.569
334 8 1 33.392 5.404 32.779 4.518
335 8 1 33.392 5.367 32.779 4.482
336 8 1 33.392 5.317 32.779 4.431
337 8 1 33.391 5.259 32.779 4.374
338 8 1 33.391 5.223 32.778 4.338
339 8 1 33.391 5.165 32.778 4.280
340 8 1 33.514 5.251 32.625 4.151
341 8 1 33.391 5.108 32.778 4.222
342 8 1 33.390 5.057 32.778 4.172
343 8 1 33.390 5.021 32.778 4.136
344 8 1 33.390 4.963 32.777 4.078
345 8 1 33.390 4.913 32.777 4.027
346 8 1 33.390 4.877 32.777 3.991
347 8 1 33.368 4.841 32.755 3.955
348 8 1 33.339 4.797 32.726 3.912
349 8 1 33.317 4.747 32.704 3.862
350 8 1 33.316 4.718 32.704 3.833
351 8 1 33.309 4.682 32.696 3.797
352 8 1 33.316 4.632 32.703 3.746
353 8 1 33.316 4.588 32.703 3.703
354 8 1 33.316 4.538 32.703 3.653
355 8 1 33.316 4.502 32.703 3.617
356 8 1 33.315 4.451 32.703 3.566
357 8 1 33.315 4.394 32.702 3.508
358 8 1 33.300 4.336 32.688 3.451
359 8 1 33.293 4.300 32.680 3.415
360 8 1 33.293 4.249 32.680 3.364
361 8 1 33.300 4.213 32.687 3.328
362 8 1 33.314 4.163 32.702 3.278
363 8 1 33.336 4.127 32.723 3.242
364 8 1 33.357 4.098 32.745 3.213
365 8 1 33.415 4.047 32.803 3.162
366 8 1 33.429 4.011 32.817 3.126
367 8 1 33.429 3.982 32.817 3.097
368 8 1 33.429 3.946 32.817 3.061
369 8 1 33.429 3.903 32.816 3.018
370 8 1 33.429 3.852 32.816 2.967
371 8 1 33.414 3.824 32.802 2.939
372 8 1 33.414 3.780 32.801 2.895
373 8 1 33.414 3.730 32.801 2.845
374 8 1 33.406 3.694 32.794 2.809
375 8 1 33.399 3.643 32.786 2.759
376 8 1 33.399 3.607 32.786 2.723
377 8 1 33.398 3.557 32.786 2.672
378 8 1 33.384 3.514 32.771 2.629
379 8 1 33.384 3.470 32.771 2.586
380 8 1 33.369 3.420 32.756 2.535
381 8 1 33.354 3.391 32.742 2.507
382 8 1 33.325 3.363 32.713 2.478
383 8 1 33.296 3.327 32.684 2.442
384 8 1 33.274 3.298 32.662 2.413
385 8 1 33.281 3.262 32.669 2.377
386 8 1 33.281 3.240 32.669 2.363
387 8 1 33.281 3.211 32.669 2.341
388 8 1 33.266 3.190 32.654 2.327
389 8 1 33.252 3.161 32.640 2.305
390 8 1 33.237 3.139 32.625 2.291
391 8 1 33.215 3.111 32.603 2.269
392 8 1 33.186 3.082 32.574 2.248
393 8 1 33.164 3.067 32.552 2.240
394 8 1 33.143 3.039 32.531 2.219
395 8 1 33.136 3.118 32.524 2.305
396 8 1 33.128 3.125 32.516 2.320
397 8 1 33.136 3.125 32.524 2.327
398 8 1 33.121 3.118 32.509 2.327
399 8 1 33.121 3.111 32.509 2.327
400 8 1 33.136 3.111 32.524 2.334
401 8 1 33.136 3.104 32.524 2.334
402 8 1 33.136 3.104 32.524 2.341
403 8 1 33.136 3.096 32.524 2.341
404 8 1 33.136 3.096 32.524 2.349
405 8 1 33.136 3.089 32.524 2.349
406 8 1 33.136 3.089 32.524 2.356
407 8 1 33.136 3.082 32.524 2.356
408 8 1 33.136 3.082 32.524 2.363
409 8 1 33.136 3.075 32.524 2.363
410 8 1 33.136 3.075 32.524 2.370
411 8 1 33.135 3.068 32.524 2.363
412 8 1 33.135 3.068 32.524 2.363
413 8 1 33.135 3.068 32.524 2.363
414 8 1 33.135 3.068 32.524 2.363
415 8 1 33.135 3.068 32.524 2.363
416 8 1 33.135 3.068 32.524 2.363
417 8 1 33.135 3.068 32.524 2.363
418 8 1 33.135 3.068 32.524 2.363
419 8 1 33.135 3.068 32.524 2.363
420 8 1 33.135 3.068 32.524 2.363
421 8 1 33.135 3.068 32.524 2.363
422 8 1 33.135 3.068 32.524 2.363
423 8 1 33.135 3.068 32.524 2.363
424 8 1 33.135 3.068 32.524 2.363
425 8 1 33.135 3.060 32.524 2.363
426 8 1 33.135 3.060 32.524 2.370
427 8 1 33.135 3.053 32.524 2.363
428 8 1 33.135 3.053 32.524 2.363
429 8 1 33.135 3.053 32.524 2.363
430 8 1 33.128 3.053 32.517 2.363
431 8 1 33.121 3.053 32.509 2.363
432 8 1 33.114 3.053 32.502 2.363
433 8 1 33.121 3.053 32.509 2.363
434 8 1 33.121 3.053 32.509 2.363
435 8 1 33.121 3.053 32.509 2.363
436 8 1 33.121 3.053 32.509 2.363
437 8 1 33.135 3.053 32.524 2.363
438 8 1 33.135 3.053 32.524 2.363
439 8 1 33.135 3.053 32.524 2.363
440 8 1 33.135 3.053 32.524 2.363
441 8 1 33.135 3.053 32.524 2.363
442 8 1 33.135 3.053 32.524 2.363
443 8 1 33.135 3.053 32.524 2.363
444 8 1 33.135 3.053 32.524 2.363
445 8 1 33.150 3.046 32.538 2.363
446 8 1 33.150 3.046 32.538 2.370
447 8 1 33.150 3.039 32.538 2.370
448 8 1 33.150 3.039 32.538 2.370
449 8 1 33.164 3.039 32.553 2.370
450 8 1 33.164 3.039 32.553 2.370
451 8 1 33.164 3.039 32.553 2.370
452 8 1 33.164 3.039 32.553 2.370
453 8 1 33.164 3.039 32.553 2.370
454 8 1 33.164 3.039 32.553 2.370
455 8 1 33.179 3.031 32.567 2.370
456 8 1 33.179 3.024 32.567 2.370
457 8 1 33.179 3.024 32.567 2.370
458 8 1 33.179 3.024 32.567 2.370
459 8 1 33.179 3.024 32.567 2.370
460 8 1 33.179 3.024 32.567 2.370
461 8 1 33.179 3.024 32.567 2.370
462 8 1 33.186 3.024 32.575 2.370
463 8 1 33.193 3.024 32.582 2.370
464 8 1 33.193 3.024 32.582 2.370
465 8 1 33.193 3.024 32.582 2.370
466 8 1 33.193 3.024 32.582 2.370
467 8 1 33.193 3.024 32.582 2.370
468 8 1 33.193 3.024 32.582 2.370
469 8 1 33.193 3.017 32.582 2.370
470 8 1 33.193 3.010 32.582 2.370
471 8 1 33.193 3.010 32.582 2.370
472 8 1 33.208 3.010 32.596 2.370
473 8 1 33.208 3.010 32.596 2.370
474 8 1 33.208 3.010 32.596 2.370
475 8 1 33.208 3.010 32.596 2.370
476 8 1 33.208 3.010 32.596 2.370
477 8 1 33.208 3.010 32.596 2.370
478 8 1 33.208 3.010 32.596 2.370
479 8 1 33.208 3.010 32.596 2.370
480 8 1 33.208 3.010 32.596 2.370
481 8 1 33.208 3.010 32.596 2.370
482 8 1 33.208 3.010 32.596 2.370
483 8 1 33.208 3.010 32.596 2.370
484 8 1 33.208 3.010 32.596 2.370
485 8 1 33.208 3.010 32.596 2.370
486 8 1 33.208 3.010 32.596 2.370
487 8 1 33.208 3.010 32.596 2.370
488 8 1 33.208 3.010 32.596 2.370
489 8 1 33.208 3.010 32.596 2.370
490 8 1 33.208 3.010 32.596 2.370
491 8 1 33.208 3.010 32.596 2.370
492 8 1 33.208 3.010 32.596 2.370
493 8 1 33.208 3.010 32.596 2.370
494 8 1 33.208 3.010 32.596 2.370
495 8 1 33.208 3.010 32.596 2.370
496 8 1 33.208 3.010 32.596 2.370
497 8 1 33.208 3.010 32.596 2.370
498 8 1 33.208 3.010 32.596 2.370
499 8 1 33.208 3.010 32.596 2.370
500 8 1 33.208 3.010 32.596 2.370
501 8 1 33.208 3.010 32.596 2.370
502 8 1 33.208 3.010 32.596 2.370
503 8 1 33.208 3.010 32.596 2.370
504 8 1 33.208 3.010 32.596 2.370
505 8 1 33.208 3.010 32.596 2.370
506 8 1 33.208 3.010 32.596 2.370
507 8 1 33.208 3.010 32.596 2.370
508 8 1 33.208 3.010 32.596 2.370
509 8 1 33.208 3.010 32.596 2.370
510 8 1 33.208 3.010 32.596 2.370
47 9 1 31.517 2.697 30.848 2.381
48 9 1 31.539 2.711 30.841 2.381
49 9 1 31.539 2.740 30.841 2.410
50 9 1 31.539 2.776 30.841 2.446
51 9 1 31.539 2.805 30.841 2.475
52 9 1 31.539 2.841 30.841 2.511
53 9 1 31.539 2.877 30.841 2.547
54 9 1 31.540 2.913 30.841 2.583
55 9 1 31.540 2.949 30.841 2.619
56 9 1 31.533 2.992 30.834 2.662
57 9 1 31.533 3.036 30.834 2.706
58 9 1 31.526 3.065 30.827 2.734
59 9 1 31.518 3.115 30.820 2.785
60 9 1 31.519 3.151 30.820 2.821
61 9 1 31.511 3.187 30.813 2.857
62 9 1 31.504 3.231 30.806 2.900
63 9 1 31.505 3.267 30.806 2.937
64 9 1 31.497 3.295 30.799 2.965
65 9 1 31.455 3.714 31.017 3.044
66 9 1 31.477 3.678 30.996 3.073
67 9 1 31.477 3.707 30.996 3.102
68 9 1 31.477 3.743 30.996 3.138
69 9 1 31.477 3.772 30.996 3.167
70 9 1 31.477 3.801 30.996 3.196
71 9 1 31.478 3.844 30.996 3.239
72 9 1 31.478 3.873 30.996 3.268
73 9 1 31.478 3.916 30.996 3.311
74 9 1 31.478 3.945 30.996 3.340
75 9 1 31.690 4.442 30.815 3.326
76 9 1 31.471 3.981 30.989 3.376
77 9 1 31.471 4.017 30.989 3.412
78 9 1 31.471 4.046 30.989 3.441
79 9 1 31.471 4.075 30.990 3.470
80 9 1 31.552 4.457 30.801 3.586
81 9 1 31.464 4.111 30.982 3.506
82 9 1 31.464 4.140 30.983 3.535
83 9 1 31.464 4.169 30.983 3.564
84 9 1 31.464 4.198 30.983 3.593
85 9 1 31.691 4.551 30.874 3.709
86 9 1 31.443 4.219 30.961 3.615
87 9 1 31.435 4.248 30.954 3.643
88 9 1 31.428 4.277 30.947 3.672
89 9 1 31.421 4.306 30.939 3.701
90 9 1 31.414 4.335 30.932 3.730
91 9 1 31.407 4.364 30.925 3.759
92 9 1 31.392 4.393 30.911 3.788
93 9 1 31.378 4.422 30.896 3.817
94 9 1 31.363 4.451 30.882 3.846
95 9 1 31.349 4.487 30.867 3.882
96 9 1 31.335 4.523 30.853 3.918
97 9 1 31.320 4.552 30.839 3.947
98 9 1 31.306 4.588 30.824 3.983
99 9 1 31.291 4.617 30.810 4.012
100 9 1 31.277 4.646 30.795 4.041
101 9 1 31.263 4.675 30.781 4.070
102 9 1 31.248 4.704 30.766 4.099
103 9 1 31.241 4.733 30.759 4.128
104 9 1 31.234 4.762 30.752 4.157
105 9 1 31.219 4.791 30.738 4.186
106 9 1 31.212 4.820 30.730 4.215
107 9 1 31.205 4.856 30.723 4.251
108 9 1 31.198 4.885 30.716 4.280
109 9 1 31.198 4.921 30.716 4.316
110 9 1 31.191 4.957 30.709 4.352
111 9 1 31.191 4.993 30.709 4.388
112 9 1 31.191 5.029 30.709 4.424
113 9 1 31.191 5.073 30.709 4.467
114 9 1 31.191 5.102 30.710 4.496
115 9 1 31.191 5.145 30.710 4.540
116 9 1 31.192 5.174 30.710 4.569
117 9 1 31.192 5.217 30.710 4.612
118 9 1 31.192 5.246 30.710 4.641
119 9 1 31.192 5.275 30.710 4.670
120 9 1 31.192 5.304 30.710 4.699
121 9 1 31.185 5.340 30.703 4.735
122 9 1 31.185 5.376 30.703 4.771
123 9 1 31.178 5.405 30.696 4.800
124 9 1 31.178 5.434 30.696 4.829
125 9 1 31.178 5.463 30.696 4.858
126 9 1 31.171 5.492 30.689 4.887
127 9 1 31.171 5.521 30.689 4.916
128 9 1 31.164 5.550 30.682 4.945
129 9 1 31.157 5.579 30.675 4.973
130 9 1 31.149 5.608 30.668 5.002
131 9 1 31.135 5.637 30.653 5.031
132 9 1 31.121 5.651 30.639 5.046
133 9 1 31.113 5.680 30.631 5.075
134 9 1 31.099 5.709 30.617 5.104
135 9 1 31.092 5.738 30.610 5.133
136 9 1 31.077 5.767 30.595 5.162
137 9 1 31.070 5.796 30.588 5.191
138 9 1 31.063 5.825 30.581 5.220
139 9 1 31.056 5.854 30.574 5.249
140 9 1 31.049 5.883 30.567 5.278
141 9 1 31.041 5.912 30.559 5.306
142 9 1 31.034 5.941 30.552 5.335
143 9 1 31.027 5.970 30.545 5.364
144 9 1 31.020 5.999 30.538 5.393
145 9 1 31.020 6.042 30.538 5.437
146 9 1 31.013 6.071 30.531 5.466
147 9 1 31.013 6.115 30.531 5.509
148 9 1 31.013 6.158 30.531 5.552
149 9 1 31.006 6.201 30.524 5.596
150 9 1 31.006 6.245 30.524 5.639
151 9 1 31.006 6.288 30.524 5.683
152 9 1 31.007 6.346 30.524 5.741
153 9 1 30.992 6.390 30.510 5.784
154 9 1 30.992 6.433 30.510 5.827
155 9 1 31.132 6.816 30.423 5.828
156 9 1 30.985 6.469 30.503 5.864
157 9 1 30.985 6.520 30.503 5.914
158 9 1 30.978 6.556 30.496 5.950
159 9 1 30.971 6.600 30.489 5.994
160 9 1 31.074 6.838 30.308 6.277
161 9 1 30.957 6.636 30.474 6.030
162 9 1 31.074 6.881 30.518 6.138
163 9 1 31.037 6.824 30.540 6.189
164 9 1 31.030 6.867 30.533 6.233
165 9 1 31.023 6.925 30.526 6.290
166 9 1 30.988 7.273 30.519 6.413
167 9 1 31.001 6.961 30.504 6.327
168 9 1 31.001 7.005 30.505 6.370
169 9 1 30.849 7.194 30.345 6.494
170 9 1 30.945 7.476 30.272 6.588
171 9 1 30.842 7.150 30.345 6.508
172 9 1 30.827 7.208 30.330 6.566
173 9 1 30.828 7.252 30.331 6.610
174 9 1 30.813 7.295 30.316 6.653
175 9 1 31.040 7.511 30.179 6.987
176 9 1 30.791 7.332 30.294 6.690
177 9 1 30.807 7.534 30.317 6.885
178 9 1 30.807 7.527 30.317 6.885
179 9 1 30.800 7.578 30.310 6.936
180 9 1 30.807 7.752 30.274 7.139
181 9 1 30.786 7.759 30.296 7.124
182 9 1 30.778 7.810 30.289 7.175
183 9 1 30.787 8.042 30.296 7.276
184 9 1 30.779 7.976 30.289 7.334
185 9 1 30.772 8.027 30.282 7.385
186 9 1 30.772 8.078 30.282 7.436
187 9 1 30.772 8.129 30.282 7.486
188 9 1 30.772 8.187 30.282 7.544
189 9 1 30.765 8.230 30.275 7.588
190 9 1 30.758 8.274 30.268 7.631
191 9 1 30.751 8.324 30.261 7.682
192 9 1 30.744 8.375 30.254 7.733
193 9 1 30.737 8.426 30.247 7.784
194 9 1 30.737 8.477 30.247 7.834
195 9 1 30.730 8.528 30.240 7.885
196 9 1 30.723 8.586 30.233 7.943
197 9 1 30.716 8.644 30.226 8.001
198 9 1 30.716 8.702 30.226 8.059
199 9 1 30.709 8.760 30.219 8.117
200 9 1 30.848 9.020 30.124 8.045
201 9 1 30.694 8.810 30.204 8.168
202 9 1 30.687 8.869 30.197 8.226
203 9 1 30.687 8.919 30.197 8.277
204 9 1 30.680 8.977 30.190 8.335
205 9 1 30.827 9.129 30.067 8.502
206 9 1 30.666 9.021 30.176 8.379
207 9 1 30.659 9.065 30.169 8.422
208 9 1 30.659 9.137 30.169 8.495
209 9 1 30.652 9.181 30.162 8.538
210 9 1 30.652 9.231 30.162 8.589
211 9 1 30.645 9.282 30.155 8.640
212 9 1 30.645 9.340 30.155 8.698
213 9 1 30.638 9.398 30.148 8.756
214 9 1 30.638 9.456 30.148 8.814
215 9 1 30.756 9.782 30.046 8.872
216 9 1 30.631 9.500 30.141 8.857
217 9 1 30.631 9.573 30.141 8.930
218 9 1 30.624 9.602 30.134 8.959
219 9 1 30.617 9.594 30.126 8.952
220 9 1 30.610 9.667 30.119 9.024
221 9 1 30.602 9.689 30.112 9.046
222 9 1 30.603 9.740 30.112 9.097
223 9 1 30.595 9.761 30.105 9.126
224 9 1 30.595 9.754 30.105 9.119
225 9 1 30.595 9.769 30.105 9.133
226 9 1 30.595 9.761 30.105 9.126
227 9 1 30.619 10.219 30.106 9.351
228 9 1 30.581 9.776 30.091 9.141
229 9 1 30.553 10.139 30.040 9.409
230 9 1 30.538 10.088 30.048 9.446
231 9 1 30.524 10.154 30.033 9.511
232 9 1 30.554 10.437 30.063 9.685
233 9 1 30.546 10.379 30.063 9.729
234 9 1 30.539 10.430 30.056 9.780
235 9 1 30.532 10.459 30.049 9.809
236 9 1 30.525 10.452 30.041 9.801
237 9 1 30.525 10.488 30.042 9.838
238 9 1 30.510 10.524 30.027 9.874
239 9 1 30.503 10.575 30.020 9.925
240 9 1 30.511 10.851 30.042 10.143
241 9 1 30.511 10.822 30.035 10.172
242 9 1 30.504 10.859 30.028 10.208
243 9 1 30.497 10.909 30.021 10.259
244 9 1 30.497 10.960 30.021 10.310
245 9 1 30.528 11.360 29.729 10.145
246 9 1 30.483 11.004 30.007 10.354
247 9 1 30.476 11.062 30.000 10.412
248 9 1 30.468 11.099 29.992 10.448
249 9 1 30.461 11.149 29.985 10.499
250 9 1 30.469 11.200 29.993 10.550
251 9 1 30.469 11.244 29.993 10.593
252 9 1 30.462 11.237 29.985 10.586
253 9 1 30.462 11.258 29.985 10.608
254 9 1 30.448 11.542 29.979 10.812
255 9 1 30.448 11.498 29.979 10.848
256 9 1 30.448 11.542 29.979 10.891
257 9 1 30.448 11.593 29.979 10.942
258 9 1 30.448 11.644 29.979 10.993
259 9 1 30.448 11.702 29.979 11.051
260 9 1 30.406 11.993 29.797 10.922
261 9 1 30.441 11.753 29.972 11.102
262 9 1 30.441 11.811 29.973 11.160
263 9 1 30.471 12.014 29.936 11.292
264 9 1 30.435 11.971 29.966 11.320
265 9 1 30.435 12.022 29.966 11.371
266 9 1 30.435 12.058 29.966 11.408
267 9 1 30.428 12.051 29.959 11.400
268 9 1 30.428 12.080 29.959 11.430
269 9 1 30.428 12.124 29.959 11.473
270 9 1 30.421 12.117 29.952 11.466
271 9 1 30.421 12.146 29.952 11.495
272 9 1 30.421 12.204 29.952 11.553
273 9 1 30.413 12.197 29.944 11.546
274 9 1 30.414 12.219 29.945 11.568
275 9 1 30.406 12.233 29.937 11.582
276 9 1 30.399 12.248 29.930 11.597
277 9 1 30.392 12.241 29.923 11.590
278 9 1 30.392 12.306 29.923 11.655
279 9 1 30.385 12.299 29.916 11.648
280 9 1 30.385 12.386 29.916 11.735
281 9 1 30.429 12.553 29.938 11.866
282 9 1 30.415 12.531 29.945 11.880
283 9 1 30.452 12.786 29.917 12.019
284 9 1 30.400 12.524 29.931 11.881
285 9 1 30.474 12.866 29.961 12.077
286 9 1 30.393 12.524 29.924 11.881
287 9 1 30.393 12.524 29.924 11.881
288 9 1 30.393 12.532 29.924 11.888
289 9 1 30.393 12.532 29.924 11.888
290 9 1 30.159 12.555 29.668 11.846
291 9 1 29.918 12.499 29.493 11.848
292 9 1 29.940 12.492 29.478 11.848
293 9 1 29.940 12.492 29.478 11.848
294 9 1 29.735 12.501 29.295 11.806
295 9 1 29.750 12.471 29.295 11.827
296 9 1 29.750 12.471 29.295 11.827
297 9 1 29.582 12.480 29.135 11.829
298 9 1 29.589 12.473 29.142 11.829
299 9 1 29.589 12.473 29.142 11.829
300 9 1 29.589 12.473 29.142 11.829
301 9 1 29.589 12.473 29.142 11.829
302 9 1 29.589 12.473 29.142 11.829
303 9 1 29.589 12.473 29.142 11.829
304 9 1 29.589 12.473 29.142 11.829
305 9 1 29.589 12.473 29.142 11.829
306 9 1 29.589 12.473 29.142 11.829
307 9 1 29.589 12.473 29.142 11.829
308 9 1 29.589 12.473 29.142 11.829
309 9 1 29.589 12.473 29.142 11.829
310 9 1 29.589 12.473 29.142 11.829
311 9 1 29.589 12.473 29.142 11.829
312 9 1 29.589 12.473 29.142 11.829
313 9 1 29.589 12.473 29.142 11.829
314 9 1 29.589 12.473 29.142 11.829
315 9 1 29.589 12.465 29.142 11.821
316 9 1 29.589 12.465 29.142 11.821
317 9 1 29.589 12.465 29.142 11.821
318 9 1 29.589 12.465 29.142 11.821
319 9 1 29.589 12.465 29.142 11.821
320 9 1 29.589 12.465 29.142 11.821
321 9 1 29.589 12.458 29.142 11.814
322 9 1 29.589 12.458 29.142 11.814
323 9 1 29.589 12.458 29.142 11.814
324 9 1 29.589 12.458 29.142 11.814
325 9 1 29.589 12.458 29.142 11.814
326 9 1 29.589 12.458 29.142 11.814
327 9 1 29.582 12.458 29.135 11.814
328 9 1 29.582 12.458 29.135 11.814
329 9 1 29.582 12.458 29.135 11.814
330 9 1 29.582 12.458 29.135 11.814
331 9 1 29.582 12.458 29.135 11.814
332 9 1 29.575 12.458 29.127 11.814
333 9 1 29.575 12.458 29.127 11.814
334 9 1 29.575 12.458 29.127 11.814
335 9 1 29.575 12.458 29.127 11.814
336 9 1 29.575 12.458 29.127 11.814
337 9 1 29.575 12.458 29.127 11.814
338 9 1 29.575 12.458 29.127 11.814
339 9 1 29.575 12.458 29.127 11.814
340 9 1 29.567 12.451 29.120 11.807
341 9 1 29.560 12.466 29.113 11.822
342 9 1 29.560 12.466 29.113 11.822
343 9 1 29.560 12.458 29.113 11.814
344 9 1 29.567 12.458 29.120 11.814
345 9 1 29.567 12.458 29.120 11.814
346 9 1 29.575 12.458 29.127 11.814
347 9 1 29.575 12.466 29.127 11.822
348 9 1 29.575 12.466 29.127 11.822
349 9 1 29.575 12.473 29.127 11.829
350 9 1 29.567 12.466 29.120 11.822
351 9 1 29.560 12.480 29.113 11.836
352 9 1 29.553 12.495 29.105 11.851
353 9 1 29.553 12.488 29.105 11.844
354 9 1 29.560 12.480 29.113 11.836
355 9 1 29.560 12.480 29.113 11.836
356 9 1 29.560 12.488 29.113 11.843
357 9 1 29.560 12.488 29.113 11.843
358 9 1 29.560 12.495 29.113 11.851
359 9 1 29.560 12.495 29.113 11.851
360 9 1 29.553 12.488 29.105 11.844
361 9 1 29.553 12.502 29.105 11.858
362 9 1 29.546 12.517 29.098 11.873
363 9 1 29.546 12.510 29.098 11.865
364 9 1 29.553 12.502 29.105 11.858
365 9 1 29.553 12.502 29.105 11.858
366 9 1 29.553 12.509 29.105 11.865
367 9 1 29.560 12.517 29.113 11.873
368 9 1 29.553 12.509 29.105 11.865
369 9 1 29.553 12.517 29.105 11.873
370 9 1 29.553 12.517 29.105 11.873
371 9 1 29.553 12.517 29.105 11.873
372 9 1 29.553 12.517 29.105 11.873
373 9 1 29.553 12.524 29.105 11.880
374 9 1 29.553 12.524 29.105 11.880
375 9 1 29.553 12.524 29.105 11.880
376 9 1 29.553 12.524 29.105 11.880
377 9 1 29.553 12.531 29.106 11.887
378 9 1 29.553 12.531 29.106 11.887
379 9 1 29.553 12.531 29.106 11.887
380 9 1 29.553 12.531 29.106 11.887
381 9 1 29.553 12.531 29.106 11.887
382 9 1 29.553 12.531 29.106 11.887
383 9 1 29.553 12.531 29.106 11.887
384 9 1 29.553 12.531 29.106 11.887
385 9 1 29.553 12.531 29.106 11.887
386 9 1 29.553 12.531 29.106 11.887
387 9 1 29.546 12.531 29.098 11.887
388 9 1 29.546 12.531 29.098 11.887
389 9 1 29.546 12.531 29.098 11.887
390 9 1 29.546 12.531 29.098 11.887
391 9 1 29.546 12.531 29.098 11.887
392 9 1 29.546 12.531 29.098 11.887
393 9 1 29.546 12.531 29.098 11.887
394 9 1 29.546 12.531 29.098 11.887
395 9 1 29.546 12.531 29.098 11.887
396 9 1 29.546 12.531 29.098 11.887
397 9 1 29.546 12.531 29.098 11.887
398 9 1 29.546 12.531 29.098 11.887
399 9 1 29.546 12.531 29.098 11.887
400 9 1 29.546 12.531 29.098 11.887
401 9 1 29.546 12.531 29.098 11.887
402 9 1 29.546 12.531 29.098 11.887
403 9 1 29.546 12.531 29.098 11.887
404 9 1 29.546 12.531 29.098 11.887
405 9 1 29.546 12.531 29.098 11.887
406 9 1 29.545 12.328 29.099 12.098
407 9 1 29.545 12.226 29.099 12.200
408 9 1 29.545 12.226 29.099 12.200
409 9 1 29.545 12.218 29.099 12.193
410 9 1 29.545 12.226 29.099 12.200
411 9 1 29.545 12.218 29.099 12.193
412 9 1 29.545 12.218 29.099 12.193
413 9 1 29.545 12.218 29.099 12.193
414 9 1 29.545 12.218 29.099 12.193
415 9 1 29.545 12.218 29.099 12.193
416 9 1 29.545 12.218 29.099 12.193
417 9 1 29.545 12.218 29.099 12.193
418 9 1 29.545 12.218 29.099 12.193
419 9 1 29.479 12.219 29.165 12.192
420 9 1 29.450 12.219 29.201 12.192
421 9 1 29.450 12.219 29.201 12.192
422 9 1 29.450 12.212 29.201 12.185
423 9 1 29.450 12.212 29.201 12.185
424 9 1 29.450 12.212 29.201 12.185
425 9 1 29.450 12.212 29.201 12.185
426 9 1 29.450 12.212 29.201 12.185
427 9 1 29.450 12.212 29.201 12.185
428 9 1 29.450 12.212 29.201 12.185
429 9 1 29.450 12.212 29.201 12.185
430 9 1 29.450 12.212 29.201 12.185
431 9 1 29.450 12.212 29.201 12.185
432 9 1 29.450 12.212 29.201 12.185
433 9 1 29.450 12.212 29.201 12.185
434 9 1 29.450 12.212 29.201 12.185
435 9 1 29.450 12.212 29.201 12.185
436 9 1 29.450 12.205 29.201 12.178
437 9 1 29.450 12.205 29.201 12.178
438 9 1 29.450 12.205 29.201 12.178
439 9 1 29.457 12.205 29.209 12.177
440 9 1 29.457 12.197 29.209 12.170
441 9 1 29.457 12.197 29.209 12.170
442 9 1 29.457 12.197 29.209 12.170
443 9 1 29.464 12.197 29.216 12.170
444 9 1 29.464 12.190 29.216 12.163
445 9 1 29.464 12.190 29.216 12.163
446 9 1 29.472 12.190 29.223 12.163
447 9 1 29.472 12.190 29.223 12.163
448 9 1 29.472 12.183 29.223 12.156
449 9 1 29.472 12.183 29.223 12.156
450 9 1 29.479 12.183 29.230 12.155
451 9 1 29.479 12.183 29.230 12.155
452 9 1 29.479 12.183 29.230 12.155
453 9 1 29.486 12.175 29.238 12.148
454 9 1 29.486 12.175 29.238 12.148
455 9 1 29.494 12.175 29.245 12.148
456 9 1 29.494 12.175 29.245 12.148
457 9 1 29.494 12.175 29.245 12.148
458 9 1 29.501 12.168 29.252 12.141
459 9 1 29.501 12.168 29.252 12.141
460 9 1 29.501 12.168 29.252 12.141
461 9 1 29.508 12.168 29.260 12.141
462 9 1 29.508 12.168 29.260 12.141
463 9 1 29.508 12.168 29.260 12.141
464 9 1 29.508 12.168 29.260 12.141
465 9 1 29.508 12.160 29.260 12.133
466 9 1 29.515 12.160 29.267 12.133
467 9 1 29.515 12.160 29.267 12.133
468 9 1 29.515 12.160 29.267 12.133
469 9 1 29.515 12.160 29.267 12.133
470 9 1 29.515 12.153 29.267 12.126
471 9 1 29.515 12.153 29.267 12.126
472 9 1 29.523 12.153 29.274 12.126
473 9 1 29.523 12.153 29.274 12.126
474 9 1 29.523 12.153 29.274 12.126
475 9 1 29.523 12.153 29.274 12.126
476 9 1 29.523 12.153 29.274 12.126
477 9 1 29.523 12.153 29.274 12.126
478 9 1 29.523 12.153 29.274 12.126
479 9 1 29.523 12.153 29.274 12.126
480 9 1 29.523 12.153 29.274 12.126
481 9 1 29.523 12.153 29.274 12.126
482 9 1 29.523 12.153 29.274 12.126
483 9 1 29.523 12.153 29.274 12.126
484 9 1 29.523 12.153 29.274 12.126
485 9 1 29.523 12.153 29.274 12.126
486 9 1 29.523 12.153 29.274 12.126
487 9 1 29.523 12.153 29.274 12.126
488 9 1 29.523 12.153 29.274 12.126
489 9 1 29.523 12.153 29.274 12.126
490 9 1 29.523 12.153 29.274 12.126
491 9 1 29.523 12.153 29.274 12.126
492 9 1 29.523 12.153 29.274 12.126
493 9 1 29.523 12.153 29.274 12.126
494 9 1 29.523 12.153 29.274 12.126
495 9 1 29.523 12.153 29.274 12.126
496 9 1 29.523 12.153 29.274 12.126
497 9 1 29.523 12.153 29.274 12.126
498 9 1 29.523 12.153 29.274 12.126
499 9 1 29.523 12.153 29.274 12.126
500 9 1 29.523 12.153 29.274 12.126
501 9 1 29.523 12.153 29.274 12.126
502 9 1 29.523 12.153 29.274 12.126
503 9 1 29.523 12.153 29.274 12.126
504 9 1 29.515 12.153 29.267 12.126
505 9 1 29.515 12.153 29.267 12.126
506 9 1 29.515 12.153 29.267 12.126
507 9 1 29.515 12.153 29.267 12.126
508 9 1 29.515 12.153 29.267 12.126
509 9 1 29.515 12.153 29.267 12.126
510 9 1 29.515 12.153 29.267 12.126
49 10 1 34.779 17.942 34.295 17.182
50 10 1 34.794 17.963 34.288 17.167
51 10 1 34.793 17.912 34.288 17.116
52 10 1 34.808 17.861 34.302 17.065
53 10 1 34.793 17.825 34.287 17.029
54 10 1 34.807 17.774 34.301 16.978
55 10 1 34.807 17.752 34.301 16.956
56 10 1 34.792 17.701 34.287 16.905
57 10 1 34.807 17.664 34.301 16.869
58 10 1 34.792 17.628 34.286 16.832
59 10 1 34.792 17.592 34.286 16.796
60 10 1 34.792 17.555 34.286 16.760
61 10 1 34.792 17.519 34.286 16.723
62 10 1 34.791 17.468 34.285 16.672
63 10 1 34.777 17.431 34.271 16.636
64 10 1 34.762 17.381 34.256 16.585
65 10 1 35.001 17.240 34.313 16.257
66 10 1 34.979 17.225 34.327 16.278
67 10 1 34.979 17.182 34.327 16.235
68 10 1 34.979 17.138 34.327 16.191
69 10 1 34.979 17.094 34.327 16.147
70 10 1 34.978 17.036 34.326 16.089
71 10 1 34.978 16.992 34.326 16.045
72 10 1 34.978 16.948 34.326 16.002
73 10 1 34.978 16.898 34.326 15.951
74 10 1 34.977 16.847 34.325 15.900
75 10 1 34.977 16.803 34.325 15.856
76 10 1 34.984 16.759 34.332 15.813
77 10 1 35.006 16.701 34.354 15.754
78 10 1 35.005 16.657 34.354 15.710
79 10 1 35.012 16.613 34.361 15.667
80 10 1 35.012 16.584 34.361 15.638
81 10 1 35.012 16.540 34.360 15.594
82 10 1 35.012 16.497 34.360 15.550
83 10 1 35.012 16.453 34.360 15.507
84 10 1 35.019 16.395 34.367 15.448
85 10 1 35.018 16.344 34.367 15.397
86 10 1 35.018 16.293 34.366 15.346
87 10 1 35.040 16.234 34.388 15.288
88 10 1 35.039 16.191 34.388 15.244
89 10 1 35.039 16.147 34.388 15.201
90 10 1 35.032 16.104 34.380 15.157
91 10 1 35.031 16.060 34.380 15.114
92 10 1 35.009 16.016 34.358 15.070
93 10 1 35.009 15.973 34.358 15.027
94 10 1 35.009 15.944 34.358 14.997
95 10 1 35.002 15.900 34.350 14.954
96 10 1 35.001 15.864 34.350 14.917
97 10 1 34.987 15.828 34.335 14.881
98 10 1 34.979 15.784 34.328 14.838
99 10 1 34.957 15.741 34.306 14.794
100 10 1 34.950 15.697 34.298 14.751
101 10 1 34.942 15.653 34.291 14.707
102 10 1 34.942 15.610 34.291 14.664
103 10 1 34.920 15.566 34.269 14.620
104 10 1 34.913 15.523 34.261 14.577
105 10 1 34.912 15.479 34.261 14.533
106 10 1 34.890 15.436 34.239 14.490
107 10 1 34.883 15.392 34.231 14.446
108 10 1 34.868 15.349 34.217 14.403
109 10 1 34.861 15.305 34.209 14.359
110 10 1 34.860 15.261 34.209 14.315
111 10 1 34.860 15.232 34.209 14.286
112 10 1 34.860 15.189 34.209 14.243
113 10 1 34.860 15.138 34.208 14.192
114 10 1 34.860 15.101 34.208 14.155
115 10 1 34.808 15.051 34.027 14.368
116 10 1 34.852 15.065 34.201 14.119
117 10 1 34.852 15.029 34.201 14.083
118 10 1 34.830 14.985 34.179 14.039
119 10 1 34.830 14.949 34.178 14.003
120 10 1 34.822 14.920 34.171 13.974
121 10 1 34.822 14.869 34.171 13.923
122 10 1 34.822 14.833 34.171 13.887
123 10 1 34.822 14.804 34.170 13.858
124 10 1 34.807 14.753 34.156 13.807
125 10 1 34.800 14.724 34.148 13.778
126 10 1 34.792 14.695 34.141 13.749
127 10 1 34.792 14.666 34.141 13.720
128 10 1 34.770 14.637 34.119 13.691
129 10 1 34.770 14.608 34.119 13.662
130 10 1 34.763 14.579 34.111 13.633
131 10 1 34.748 14.550 34.097 13.604
132 10 1 34.741 14.543 34.089 13.597
133 10 1 34.733 14.514 34.082 13.568
134 10 1 34.733 14.492 34.082 13.546
135 10 1 34.711 14.463 34.060 13.517
136 10 1 34.704 14.434 34.052 13.488
137 10 1 34.704 14.405 34.052 13.459
138 10 1 34.682 14.376 34.030 13.430
139 10 1 34.674 14.347 34.023 13.401
140 10 1 34.652 14.318 34.001 13.373
141 10 1 34.645 14.289 33.994 13.344
142 10 1 34.623 14.261 33.972 13.315
143 10 1 34.616 14.232 33.964 13.286
144 10 1 34.615 14.203 33.964 13.257
145 10 1 34.593 14.174 33.942 13.228
146 10 1 34.586 14.166 33.935 13.221
147 10 1 34.586 14.145 33.935 13.199
148 10 1 34.586 14.116 33.935 13.170
149 10 1 34.586 14.108 33.935 13.163
150 10 1 34.571 14.087 33.920 13.141
151 10 1 34.564 14.079 33.913 13.134
152 10 1 34.564 14.050 33.913 13.105
153 10 1 34.564 14.021 33.912 13.076
154 10 1 34.563 13.985 33.912 13.039
155 10 1 34.585 13.876 33.993 13.177
156 10 1 34.549 13.942 33.898 12.996
157 10 1 34.549 13.912 33.897 12.967
158 10 1 34.549 13.898 33.897 12.952
159 10 1 34.548 13.883 33.897 12.938
160 10 1 34.563 13.869 33.934 12.937
161 10 1 34.570 13.869 33.926 12.930
162 10 1 34.570 13.847 33.926 12.908
163 10 1 34.577 13.840 33.933 12.901
164 10 1 34.577 13.825 33.933 12.887
165 10 1 34.570 13.789 33.926 12.850
166 10 1 34.577 13.781 33.933 12.843
167 10 1 34.577 13.752 33.933 12.814
168 10 1 34.569 13.716 33.926 12.778
169 10 1 34.591 13.694 33.947 12.756
170 10 1 34.627 13.527 33.912 12.930
171 10 1 34.576 13.665 33.933 12.727
172 10 1 34.591 13.643 33.947 12.705
173 10 1 34.591 13.629 33.947 12.690
174 10 1 34.584 13.622 33.940 12.683
175 10 1 34.591 13.607 33.947 12.669
176 10 1 34.591 13.592 33.947 12.654
177 10 1 34.583 13.578 33.940 12.640
178 10 1 34.591 13.563 33.947 12.625
179 10 1 34.583 13.549 33.939 12.611
180 10 1 34.569 13.535 33.925 12.596
181 10 1 34.576 13.520 33.932 12.582
182 10 1 34.576 13.505 33.932 12.567
183 10 1 34.568 13.469 33.925 12.531
184 10 1 34.561 13.462 33.917 12.524
185 10 1 34.561 13.447 33.917 12.509
186 10 1 34.561 13.411 33.917 12.473
187 10 1 34.546 13.404 33.902 12.466
188 10 1 34.546 13.375 33.902 12.437
189 10 1 34.546 13.353 33.902 12.415
190 10 1 34.531 13.339 33.888 12.401
191 10 1 34.531 13.317 33.887 12.379
192 10 1 34.531 13.303 33.887 12.364
193 10 1 34.531 13.288 33.887 12.350
194 10 1 34.531 13.273 33.887 12.335
195 10 1 34.531 13.259 33.887 12.321
196 10 1 34.531 13.237 33.887 12.299
197 10 1 34.531 13.215 33.887 12.277
198 10 1 34.531 13.201 33.887 12.263
199 10 1 34.531 13.172 33.887 12.234
200 10 1 34.530 13.157 33.887 12.219
201 10 1 34.530 13.143 33.887 12.205
202 10 1 34.530 13.136 33.887 12.197
203 10 1 34.530 13.128 33.887 12.190
204 10 1 34.545 13.106 33.901 12.168
205 10 1 34.545 13.085 33.901 12.146
206 10 1 34.545 13.070 33.901 12.132
207 10 1 34.559 13.034 33.915 12.095
208 10 1 34.559 13.026 33.915 12.088
209 10 1 34.573 12.997 33.930 12.059
210 10 1 34.588 12.961 33.944 12.023
211 10 1 34.602 12.939 33.958 12.001
212 10 1 34.616 12.924 33.973 11.986
213 10 1 34.609 12.888 33.965 11.950
214 10 1 34.631 12.866 33.987 11.928
215 10 1 34.725 12.756 33.871 12.030
216 10 1 34.616 12.837 33.972 11.899
217 10 1 34.630 12.808 33.987 11.870
218 10 1 34.630 12.793 33.987 11.855
219 10 1 34.623 12.786 33.980 11.848
220 10 1 34.630 12.779 33.987 11.841
221 10 1 34.630 12.764 33.987 11.826
222 10 1 35.143 12.238 34.507 11.300
223 10 1 34.637 12.735 34.008 11.797
224 10 1 34.637 12.735 34.008 11.797
225 10 1 34.543 12.693 33.965 11.754
233 10 1 34.435 12.940 33.842 11.965
234 10 1 34.435 12.926 33.842 11.951
235 10 1 34.608 12.670 34.008 11.754
236 10 1 34.594 12.699 34.001 11.739
237 10 1 34.594 12.685 34.001 11.725
238 10 1 34.586 12.670 33.993 11.710
239 10 1 34.586 12.656 33.993 11.696
240 10 1 34.579 12.641 33.986 11.681
241 10 1 34.579 12.627 33.986 11.667
242 10 1 34.579 12.612 33.986 11.652
243 10 1 34.579 12.583 33.986 11.623
244 10 1 34.557 12.569 33.964 11.609
245 10 1 34.557 12.540 33.964 11.580
246 10 1 34.556 12.526 33.964 11.565
247 10 1 34.549 12.497 33.956 11.536
248 10 1 34.549 12.468 33.956 11.507
249 10 1 34.549 12.439 33.956 11.478
250 10 1 34.549 12.410 33.956 11.449
251 10 1 34.548 12.380 33.956 11.420
252 10 1 34.548 12.351 33.956 11.391
253 10 1 34.548 12.322 33.955 11.362
254 10 1 34.548 12.293 33.955 11.333
255 10 1 34.555 12.264 33.962 11.304
256 10 1 34.555 12.221 33.962 11.261
257 10 1 34.562 12.192 33.969 11.232
258 10 1 34.562 12.148 33.969 11.188
259 10 1 34.562 12.105 33.969 11.145
260 10 1 34.757 11.915 33.925 11.094
261 10 1 34.576 12.054 33.983 11.094
262 10 1 34.583 12.017 33.990 11.058
263 10 1 34.583 11.981 33.990 11.021
264 10 1 34.583 11.952 33.990 10.992
265 10 1 34.777 11.530 33.932 10.920
266 10 1 34.575 11.894 33.983 10.934
267 10 1 34.575 11.843 33.982 10.884
268 10 1 34.582 11.814 33.989 10.855
269 10 1 34.589 11.778 33.997 10.818
270 10 1 34.589 11.727 33.996 10.768
271 10 1 34.603 11.669 34.011 10.709
272 10 1 34.610 11.611 34.018 10.651
273 10 1 34.610 11.553 34.017 10.593
274 10 1 34.617 11.495 34.024 10.535
275 10 1 34.776 11.334 34.016 10.376
276 10 1 34.609 11.423 34.017 10.463
277 10 1 34.609 11.365 34.016 10.405
278 10 1 34.623 11.321 34.031 10.361
279 10 1 34.623 11.285 34.031 10.325
280 10 1 34.608 11.249 34.016 10.289
281 10 1 34.608 11.191 34.016 10.231
282 10 1 34.622 11.147 34.030 10.188
283 10 1 34.622 11.089 34.030 10.130
284 10 1 34.622 11.046 34.029 10.086
285 10 1 34.636 11.002 34.044 10.043
286 10 1 34.636 10.944 34.044 9.985
287 10 1 34.636 10.893 34.043 9.934
288 10 1 34.650 10.828 34.058 9.869
289 10 1 34.650 10.770 34.057 9.811
290 10 1 34.649 10.712 34.057 9.753
291 10 1 34.649 10.640 34.057 9.680
292 10 1 34.663 10.567 34.071 9.608
293 10 1 34.663 10.495 34.070 9.535
294 10 1 34.677 10.437 34.085 9.477
295 10 1 34.864 10.153 34.048 9.376
296 10 1 34.684 10.386 34.092 9.427
297 10 1 34.662 10.335 34.070 9.376
298 10 1 34.633 10.299 34.041 9.340
299 10 1 34.625 10.249 34.033 9.289
300 10 1 34.632 10.212 34.040 9.253
301 10 1 34.639 10.162 34.047 9.203
302 10 1 34.682 9.951 34.039 8.949
303 10 1 34.653 9.930 34.061 8.971
304 10 1 34.652 9.886 34.060 8.927
305 10 1 34.652 9.828 34.060 8.869
306 10 1 34.652 9.770 34.060 8.812
307 10 1 34.630 9.698 34.038 8.739
308 10 1 34.622 9.633 34.030 8.674
309 10 1 34.622 9.568 34.030 8.609
310 10 1 34.614 9.510 34.022 8.551
311 10 1 34.600 9.467 34.008 8.508
312 10 1 34.592 9.452 34.000 8.494
313 10 1 34.592 9.394 34.000 8.436
314 10 1 34.592 9.351 34.000 8.392
315 10 1 34.721 9.126 34.122 8.182
316 10 1 34.714 9.140 34.122 8.189
317 10 1 34.714 9.090 34.122 8.138
318 10 1 34.714 9.046 34.122 8.095
319 10 1 34.713 8.988 34.122 8.037
320 10 1 34.713 8.931 34.121 7.979
321 10 1 34.713 8.858 34.121 7.907
322 10 1 34.712 8.800 34.121 7.849
323 10 1 34.712 8.742 34.120 7.791
324 10 1 34.712 8.670 34.120 7.719
325 10 1 34.712 8.612 34.120 7.661
326 10 1 34.711 8.554 34.120 7.603
327 10 1 34.726 8.511 34.134 7.560
328 10 1 34.725 8.453 34.134 7.502
329 10 1 34.711 8.410 34.119 7.459
330 10 1 34.681 8.367 34.090 7.416
331 10 1 34.667 8.323 34.075 7.372
332 10 1 34.666 8.265 34.075 7.314
333 10 1 34.666 8.222 34.075 7.271
334 10 1 34.666 8.179 34.074 7.228
335 10 1 34.666 8.121 34.074 7.170
336 10 1 34.651 8.063 34.059 7.112
337 10 1 34.636 8.005 34.045 7.054
338 10 1 34.621 7.948 34.030 6.997
339 10 1 34.607 7.890 34.015 6.939
340 10 1 34.577 7.818 33.986 6.867
341 10 1 34.562 7.760 33.971 6.809
342 10 1 34.562 7.717 33.971 6.766
343 10 1 34.562 7.673 33.970 6.722
344 10 1 34.562 7.630 33.970 6.679
345 10 1 34.547 7.587 33.956 6.636
346 10 1 34.547 7.543 33.955 6.593
347 10 1 34.532 7.500 33.941 6.549
348 10 1 34.532 7.457 33.941 6.506
349 10 1 34.532 7.413 33.940 6.463
350 10 1 34.532 7.370 33.940 6.419
351 10 1 34.517 7.327 33.925 6.376
352 10 1 34.517 7.269 33.925 6.318
353 10 1 34.516 7.211 33.925 6.260
354 10 1 34.516 7.153 33.925 6.203
355 10 1 34.516 7.095 33.924 6.145
356 10 1 34.515 7.038 33.924 6.087
357 10 1 34.515 6.980 33.924 6.029
358 10 1 34.515 6.922 33.924 5.972
359 10 1 34.515 6.864 33.923 5.914
360 10 1 34.529 6.821 33.938 5.870
361 10 1 34.529 6.778 33.937 5.827
362 10 1 34.528 6.734 33.937 5.784
363 10 1 34.514 6.691 33.923 5.741
364 10 1 34.514 6.648 33.922 5.697
365 10 1 34.513 6.604 33.922 5.654
366 10 1 34.513 6.561 33.922 5.611
367 10 1 34.513 6.518 33.922 5.567
368 10 1 34.498 6.474 33.907 5.524
369 10 1 34.498 6.431 33.907 5.481
370 10 1 34.483 6.373 33.892 5.423
371 10 1 34.469 6.316 33.877 5.365
372 10 1 34.454 6.258 33.863 5.308
373 10 1 34.439 6.200 33.848 5.250
374 10 1 34.439 6.143 33.848 5.192
375 10 1 34.424 6.099 33.833 5.149
376 10 1 34.424 6.056 33.833 5.106
377 10 1 34.424 6.013 33.832 5.063
378 10 1 34.409 5.969 33.818 5.019
379 10 1 34.394 5.926 33.803 4.976
380 10 1 34.380 5.883 33.788 4.933
381 10 1 34.379 5.840 33.788 4.890
382 10 1 34.365 5.796 33.774 4.846
383 10 1 34.364 5.753 33.773 4.803
384 10 1 34.364 5.710 33.773 4.760
385 10 1 34.350 5.667 33.758 4.717
386 10 1 34.349 5.609 33.758 4.659
387 10 1 34.349 5.551 33.758 4.601
388 10 1 34.349 5.493 33.758 4.543
389 10 1 34.348 5.436 33.757 4.486
390 10 1 34.348 5.392 33.757 4.443
391 10 1 34.348 5.335 33.757 4.385
392 10 1 34.348 5.277 33.757 4.327
393 10 1 34.362 5.234 33.771 4.284
394 10 1 34.362 5.190 33.771 4.241
395 10 1 34.361 5.133 33.771 4.183
396 10 1 34.361 5.104 33.770 4.154
397 10 1 34.361 5.061 33.770 4.111
398 10 1 34.361 5.017 33.770 4.068
399 10 1 34.361 4.974 33.770 4.024
400 10 1 34.361 4.931 33.770 3.981
401 10 1 34.360 4.887 33.769 3.938
402 10 1 34.360 4.844 33.769 3.895
403 10 1 34.345 4.801 33.755 3.851
404 10 1 34.345 4.743 33.754 3.794
405 10 1 34.330 4.686 33.740 3.736
406 10 1 34.330 4.628 33.739 3.678
407 10 1 34.315 4.570 33.725 3.621
408 10 1 34.315 4.527 33.724 3.578
409 10 1 34.315 4.469 33.724 3.520
410 10 1 34.300 4.426 33.709 3.477
411 10 1 34.300 4.383 33.709 3.433
412 10 1 34.285 4.354 33.695 3.405
413 10 1 34.271 4.325 33.680 3.376
414 10 1 34.271 4.282 33.680 3.333
415 10 1 34.256 4.239 33.665 3.290
416 10 1 34.256 4.210 33.665 3.261
417 10 1 34.256 4.167 33.665 3.217
418 10 1 34.255 4.124 33.665 3.174
419 10 1 34.241 4.080 33.650 3.131
420 10 1 34.240 4.037 33.650 3.088
421 10 1 34.240 3.987 33.650 3.037
422 10 1 34.240 3.936 33.649 2.987
423 10 1 34.240 3.893 33.649 2.944
424 10 1 34.240 3.835 33.649 2.886
425 10 1 34.239 3.792 33.649 2.843
426 10 1 34.239 3.749 33.648 2.800
427 10 1 34.239 3.706 33.648 2.757
428 10 1 34.239 3.663 33.648 2.713
429 10 1 34.253 3.619 33.662 2.670
430 10 1 34.253 3.540 33.662 2.692
431 10 1 34.252 3.511 33.662 2.663
432 10 1 34.252 3.468 33.662 2.620
433 10 1 34.252 3.396 33.662 2.627
434 10 1 34.252 3.367 33.662 2.598
435 10 1 34.237 3.338 33.647 2.569
436 10 1 34.237 3.295 33.647 2.526
437 10 1 34.222 3.238 33.633 2.533
438 10 1 34.208 3.202 33.618 2.497
439 10 1 34.193 3.151 33.604 2.505
440 10 1 34.178 3.130 33.589 2.483
441 10 1 34.164 3.079 33.575 2.476
442 10 1 34.163 3.036 33.575 2.469
443 10 1 34.163 3.000 33.575 2.461
444 10 1 34.149 2.971 33.560 2.454
445 10 1 34.134 2.950 33.546 2.447
446 10 1 34.134 2.928 33.545 2.425
447 10 1 34.119 2.907 33.531 2.426
448 10 1 34.090 2.899 33.502 2.418
449 10 1 34.105 2.885 33.516 2.404
450 10 1 34.105 2.863 33.516 2.397
451 10 1 34.105 2.849 33.516 2.397
452 10 1 34.105 2.835 33.516 2.390
453 10 1 34.076 2.820 33.487 2.382
454 10 1 34.068 2.820 33.480 2.382
455 10 1 34.068 2.813 33.480 2.375
456 10 1 34.068 2.806 33.480 2.368
457 10 1 34.068 2.799 33.480 2.368
458 10 1 34.075 2.791 33.487 2.368
459 10 1 34.090 2.784 33.502 2.368
460 10 1 34.111 2.763 33.523 2.354
461 10 1 34.140 2.741 33.552 2.339
462 10 1 34.176 2.719 33.588 2.325
463 10 1 34.212 2.698 33.625 2.310
464 10 1 34.256 2.690 33.668 2.310
465 10 1 34.249 2.719 33.661 2.346
466 10 1 34.242 2.733 33.654 2.368
467 10 1 34.234 2.733 33.647 2.368
468 10 1 34.234 2.741 33.647 2.382
469 10 1 34.234 2.733 33.647 2.375
470 10 1 34.234 2.733 33.647 2.375
471 10 1 34.242 2.726 33.654 2.375
472 10 1 34.242 2.726 33.654 2.375
473 10 1 34.242 2.726 33.654 2.375
474 10 1 34.242 2.726 33.654 2.375
475 10 1 34.242 2.726 33.654 2.375
476 10 1 34.242 2.726 33.654 2.375
477 10 1 34.242 2.726 33.654 2.375
478 10 1 34.242 2.726 33.654 2.375
479 10 1 34.242 2.726 33.654 2.375
480 10 1 34.242 2.726 33.654 2.375
481 10 1 34.242 2.726 33.654 2.375
482 10 1 34.242 2.726 33.654 2.375
483 10 1 34.242 2.726 33.654 2.375
484 10 1 34.242 2.726 33.654 2.375
485 10 1 34.242 2.719 33.654 2.368
486 10 1 34.242 2.726 33.654 2.382
487 10 1 34.242 2.719 33.654 2.375
488 10 1 34.242 2.719 33.654 2.375
489 10 1 34.242 2.719 33.654 2.375
490 10 1 34.242 2.719 33.654 2.375
491 10 1 34.242 2.719 33.654 2.375
492 10 1 34.242 2.719 33.654 2.375
493 10 1 34.242 2.719 33.654 2.375
494 10 1 34.242 2.719 33.654 2.375
495 10 1 34.242 2.719 33.654 2.375
496 10 1 34.242 2.719 33.654 2.375
497 10 1 34.242 2.719 33.654 2.375
498 10 1 34.242 2.719 33.654 2.375
499 10 1 34.242 2.719 33.654 2.375
500 10 1 34.242 2.719 33.654 2.375
501 10 1 34.242 2.719 33.654 2.375
502 10 1 34.242 2.719 33.654 2.375
503 10 1 34.242 2.719 33.654 2.375
504 10 1 34.234 2.719 33.647 2.375
505 10 1 34.234 2.719 33.647 2.375
506 10 1 34.234 2.719 33.647 2.375
507 10 1 34.234 2.719 33.647 2.375
508 10 1 34.234 2.719 33.647 2.375
509 10 1 34.234 2.719 33.647 2.375
510 10 1 34.234 2.719 33.647 2.375
66 12 1 31.418 17.828 30.720 16.667
67 12 1 31.410 17.777 30.712 16.616
68 12 1 31.417 17.740 30.719 16.580
69 12 1 31.425 17.689 30.727 16.529
70 12 1 31.512 17.702 30.654 16.581
71 12 1 31.498 17.695 30.668 16.573
72 12 1 31.483 17.666 30.654 16.544
73 12 1 31.483 17.637 30.653 16.515
74 12 1 31.468 17.608 30.639 16.486
75 12 1 31.519 17.513 30.749 16.587
76 12 1 31.526 17.564 30.727 16.536
77 12 1 31.526 17.512 30.726 16.485
78 12 1 31.526 17.461 30.726 16.434
79 12 1 31.526 17.425 30.726 16.397
80 12 1 31.489 17.250 30.813 16.229
81 12 1 31.525 17.250 30.769 16.229
82 12 1 31.525 17.206 30.769 16.185
83 12 1 31.525 17.148 30.769 16.127
84 12 1 31.525 17.089 30.769 16.069
85 12 1 31.532 17.038 30.775 15.777
86 12 1 31.531 16.943 30.776 15.872
87 12 1 31.531 16.892 30.775 15.820
88 12 1 31.531 16.841 30.775 15.769
89 12 1 31.531 16.804 30.775 15.733
90 12 1 31.538 16.688 30.797 15.791
91 12 1 31.538 16.753 30.790 15.718
92 12 1 31.545 16.709 30.797 15.674
93 12 1 31.552 16.666 30.804 15.631
94 12 1 31.545 16.622 30.797 15.587
95 12 1 31.603 16.505 30.761 15.777
96 12 1 31.559 16.571 30.811 15.536
97 12 1 31.566 16.527 30.818 15.492
98 12 1 31.574 16.468 30.825 15.433
99 12 1 31.581 16.425 30.832 15.390
100 12 1 31.500 16.287 30.832 15.288
101 12 1 31.529 16.301 30.796 15.273
102 12 1 31.536 16.265 30.803 15.237
103 12 1 31.544 16.228 30.810 15.200
104 12 1 31.536 16.177 30.802 15.149
105 12 1 31.580 16.126 30.802 14.989
106 12 1 31.558 16.075 30.824 15.040
107 12 1 31.565 16.031 30.831 14.996
108 12 1 31.572 15.987 30.838 14.952
109 12 1 31.564 15.973 30.831 14.938
110 12 1 31.615 15.863 30.787 15.004
111 12 1 31.564 15.943 30.831 14.923
112 12 1 31.557 15.914 30.824 14.894
113 12 1 31.550 15.885 30.816 14.865
114 12 1 31.542 15.856 30.809 14.836
115 12 1 31.600 15.681 30.824 14.967
116 12 1 31.542 15.805 30.809 14.785
117 12 1 31.549 15.761 30.816 14.741
118 12 1 31.556 15.747 30.823 14.726
119 12 1 31.564 15.703 30.830 14.683
120 12 1 31.651 15.571 30.844 14.362
121 12 1 31.614 15.491 30.873 14.456
122 12 1 31.628 15.447 30.888 14.413
123 12 1 31.628 15.403 30.887 14.369
124 12 1 31.643 15.374 30.902 14.340
125 12 1 31.613 15.243 30.916 14.274
126 12 1 31.628 15.272 30.894 14.245
127 12 1 31.635 15.236 30.902 14.208
128 12 1 31.642 15.214 30.909 14.187
129 12 1 31.635 15.192 30.901 14.165
130 12 1 31.737 15.147 30.982 14.222
131 12 1 31.722 15.191 30.989 14.179
132 12 1 31.729 15.155 30.996 14.142
133 12 1 31.722 15.118 30.989 14.106
134 12 1 31.744 15.096 31.011 14.084
135 12 1 31.750 14.929 30.938 14.179
136 12 1 31.744 15.053 31.010 14.040
137 12 1 31.765 15.016 31.032 14.003
138 12 1 31.787 14.979 31.054 13.967
139 12 1 31.780 14.943 31.047 13.930
140 12 1 31.757 14.776 31.104 13.748
141 12 1 31.794 14.768 31.068 13.755
142 12 1 31.808 14.746 31.082 13.734
143 12 1 31.823 14.709 31.097 13.697
144 12 1 31.837 14.687 31.111 13.675
145 12 1 31.946 14.614 31.199 13.667
146 12 1 31.932 14.643 31.206 13.638
147 12 1 31.946 14.614 31.221 13.609
148 12 1 31.931 14.599 31.206 13.594
149 12 1 31.961 14.599 31.235 13.594
150 12 1 32.004 14.467 31.243 13.652
151 12 1 31.953 14.577 31.228 13.572
152 12 1 31.968 14.548 31.242 13.543
153 12 1 31.968 14.533 31.242 13.528
154 12 1 31.968 14.504 31.242 13.499
155 12 1 32.076 14.336 31.396 13.585
156 12 1 31.975 14.482 31.249 13.477
157 12 1 31.989 14.453 31.264 13.448
158 12 1 32.004 14.424 31.278 13.419
159 12 1 32.004 14.395 31.278 13.390
160 12 1 32.061 14.176 31.372 13.243
161 12 1 32.076 14.212 31.358 13.214
162 12 1 32.083 14.190 31.365 13.192
163 12 1 32.090 14.168 31.372 13.171
164 12 1 32.097 14.132 31.379 13.134
165 12 1 32.097 13.979 31.372 13.040
166 12 1 32.090 14.008 31.372 13.018
167 12 1 32.097 13.979 31.379 12.989
168 12 1 32.089 13.950 31.371 12.960
169 12 1 32.097 13.921 31.379 12.930
170 12 1 32.082 13.906 31.364 12.989
171 12 1 32.082 13.935 31.364 12.952
172 12 1 32.089 13.899 31.371 12.916
173 12 1 32.096 13.862 31.378 12.880
174 12 1 32.089 13.855 31.371 12.872
175 12 1 32.146 13.578 31.371 12.865
176 12 1 32.089 13.826 31.371 12.843
177 12 1 32.096 13.804 31.378 12.821
178 12 1 32.103 13.782 31.385 12.799
179 12 1 32.111 13.760 31.393 12.778
180 12 1 32.219 13.490 31.378 12.829
181 12 1 32.110 13.717 31.393 12.734
182 12 1 32.132 13.695 31.414 12.712
183 12 1 32.139 13.658 31.421 12.676
184 12 1 32.147 13.651 31.429 12.668
185 12 1 32.298 13.308 31.457 12.515
186 12 1 32.161 13.622 31.443 12.639
187 12 1 32.168 13.614 31.450 12.632
188 12 1 32.176 13.607 31.458 12.624
189 12 1 32.197 13.585 31.480 12.602
190 12 1 32.327 13.264 31.516 12.471
191 12 1 32.197 13.571 31.479 12.588
192 12 1 32.204 13.549 31.487 12.566
193 12 1 32.226 13.527 31.508 12.544
194 12 1 32.233 13.505 31.516 12.522
195 12 1 32.255 13.483 31.537 12.500
196 12 1 32.262 13.446 31.545 12.464
197 12 1 32.299 13.410 31.581 12.427
198 12 1 32.306 13.388 31.588 12.405
199 12 1 32.313 13.380 31.595 12.398
200 12 1 32.320 13.359 31.603 12.376
201 12 1 32.327 13.337 31.610 12.354
202 12 1 32.335 13.329 31.617 12.347
203 12 1 32.342 13.293 31.624 12.310
204 12 1 32.349 13.271 31.631 12.288
205 12 1 32.371 13.249 31.653 12.267
206 12 1 32.378 13.227 31.660 12.245
207 12 1 32.400 13.191 31.682 12.208
208 12 1 32.407 13.154 31.689 12.172
209 12 1 32.429 13.132 31.711 12.150
210 12 1 32.436 13.110 31.718 12.128
211 12 1 32.443 13.088 31.726 12.106
212 12 1 32.450 13.067 31.733 12.084
213 12 1 32.457 13.045 31.740 12.062
214 12 1 32.450 13.037 31.733 12.055
215 12 1 32.472 13.015 31.754 12.033
216 12 1 32.479 12.994 31.762 12.011
217 12 1 32.486 12.957 31.769 11.975
218 12 1 32.493 12.935 31.776 11.953
219 12 1 32.500 12.899 31.783 11.917
220 12 1 32.739 12.555 31.820 11.916
221 12 1 32.500 12.870 31.783 11.888
222 12 1 32.508 12.848 31.790 11.866
223 12 1 32.529 12.811 31.812 11.829
224 12 1 32.522 12.819 31.805 11.837
225 12 1 32.529 12.797 31.812 11.815
226 12 1 32.536 12.775 31.819 11.793
227 12 1 32.544 12.753 31.826 11.771
228 12 1 32.551 12.746 31.834 11.764
229 12 1 32.573 12.724 31.855 11.742
230 12 1 32.565 12.702 31.848 11.720
231 12 1 32.587 12.680 31.870 11.698
232 12 1 32.594 12.673 31.877 11.691
233 12 1 32.601 12.666 31.884 11.683
234 12 1 32.609 12.658 31.891 11.676
235 12 1 32.630 12.636 31.913 11.654
236 12 1 32.638 12.629 31.920 11.647
237 12 1 32.660 12.621 31.942 11.639
238 12 1 32.667 12.614 31.950 11.632
239 12 1 32.689 12.592 31.971 11.610
240 12 1 32.696 12.585 31.979 11.603
241 12 1 32.717 12.548 32.000 11.566
242 12 1 32.725 12.541 32.008 11.559
243 12 1 32.746 12.504 32.029 11.522
244 12 1 32.768 12.482 32.051 11.500
245 12 1 32.804 12.431 32.087 11.449
246 12 1 32.826 12.395 32.109 11.413
247 12 1 32.862 12.344 32.145 11.362
248 12 1 32.869 12.322 32.152 11.340
249 12 1 32.906 12.285 32.189 11.303
250 12 1 32.927 12.263 32.210 11.281
251 12 1 32.935 12.256 32.218 11.274
252 12 1 32.942 12.249 32.225 11.267
253 12 1 32.963 12.227 32.247 11.245
254 12 1 32.956 12.219 32.239 11.238
255 12 1 32.978 12.212 32.261 11.230
256 12 1 32.971 12.205 32.254 11.223
257 12 1 33.210 11.992 32.391 11.033
258 12 1 33.159 12.000 32.435 11.026
259 12 1 33.173 11.985 32.449 11.011
260 12 1 33.355 11.875 32.252 10.867
261 12 1 33.181 11.978 32.457 11.004
262 12 1 33.195 11.949 32.471 10.975
263 12 1 33.209 11.920 32.485 10.946
264 12 1 33.224 11.891 32.500 10.916
265 12 1 33.244 11.586 32.412 10.786
266 12 1 33.245 11.825 32.521 10.851
267 12 1 33.260 11.781 32.536 10.807
268 12 1 33.303 11.737 32.579 10.763
269 12 1 33.317 11.679 32.594 10.705
270 12 1 33.454 11.214 32.608 10.705
271 12 1 33.325 11.657 32.601 10.683
272 12 1 33.339 11.643 32.615 10.669
273 12 1 33.339 11.614 32.615 10.640
274 12 1 33.353 11.599 32.630 10.625
275 12 1 33.368 11.570 32.644 10.596
276 12 1 33.382 11.555 32.659 10.581
277 12 1 33.388 11.280 32.672 10.262
278 12 1 33.388 11.258 32.672 10.284
279 12 1 33.410 11.243 32.694 10.269
280 12 1 33.417 11.200 32.701 10.226
281 12 1 33.439 11.185 32.722 10.211
282 12 1 33.461 11.141 32.744 10.168
283 12 1 33.482 11.127 32.766 10.153
284 12 1 33.489 11.083 32.773 10.109
285 12 1 33.526 11.054 32.809 10.080
286 12 1 33.547 10.996 32.831 10.022
287 12 1 33.583 10.937 32.867 9.964
288 12 1 33.605 10.865 32.888 9.891
290 12 1 33.835 10.501 33.005 9.963
291 12 1 33.590 10.850 32.874 9.877
292 12 1 33.597 10.807 32.881 9.833
293 12 1 33.590 10.763 32.873 9.790
294 12 1 33.597 10.749 32.881 9.775
295 12 1 33.604 10.720 32.888 9.746
296 12 1 33.611 10.691 32.895 9.717
297 12 1 33.618 10.662 32.902 9.688
298 12 1 33.625 10.633 32.909 9.659
299 12 1 33.618 10.604 32.902 9.630
300 12 1 33.640 10.560 32.923 9.586
301 12 1 33.784 10.349 33.075 9.383
303 12 1 33.777 10.341 33.068 9.375
304 12 1 33.791 10.305 33.082 9.339
305 12 1 33.768 10.088 33.147 9.194
306 12 1 33.805 10.124 33.103 9.165
307 12 1 33.812 10.095 33.110 9.136
308 12 1 33.819 10.051 33.118 9.093
309 12 1 33.811 10.008 33.110 9.049
310 12 1 33.846 9.689 33.110 9.006
311 12 1 33.811 9.943 33.110 8.984
312 12 1 33.804 9.914 33.102 8.955
313 12 1 33.796 9.870 33.095 8.912
314 12 1 33.803 9.856 33.102 8.897
315 12 1 33.781 9.711 33.130 8.680
316 12 1 33.803 9.675 33.109 8.716
317 12 1 33.802 9.631 33.108 8.673
318 12 1 33.802 9.573 33.108 8.615
319 12 1 33.802 9.530 33.108 8.571
320 12 1 33.816 9.501 33.035 8.485
321 12 1 33.773 9.472 33.079 8.514
322 12 1 33.772 9.429 33.079 8.470
323 12 1 33.772 9.385 33.078 8.427
324 12 1 33.758 9.356 33.064 8.398
325 12 1 33.772 9.327 33.078 8.369
326 12 1 33.743 9.284 33.049 8.326
327 12 1 33.728 9.241 33.034 8.282
328 12 1 33.742 9.183 33.048 8.224
329 12 1 33.713 9.139 33.019 8.181
330 12 1 33.713 9.096 33.019 8.137
331 12 1 33.698 9.053 33.004 8.094
332 12 1 33.698 9.009 33.004 8.051
333 12 1 33.683 8.966 32.989 8.007
334 12 1 33.654 8.923 32.960 7.964
335 12 1 33.749 8.980 32.842 7.364
336 12 1 33.618 8.872 32.924 7.914
337 12 1 33.603 8.829 32.909 7.870
338 12 1 33.588 8.800 32.894 7.842
339 12 1 33.573 8.757 32.880 7.798
340 12 1 33.559 8.684 32.865 7.726
341 12 1 33.529 8.656 32.836 7.697
342 12 1 33.500 8.627 32.807 7.668
343 12 1 33.486 8.598 32.792 7.639
344 12 1 33.463 8.345 32.733 7.343
346 12 1 33.441 8.323 32.747 7.365
347 12 1 33.426 8.280 32.733 7.321
348 12 1 33.412 8.251 32.718 7.293
349 12 1 33.397 8.222 32.703 7.264
350 12 1 33.397 8.193 32.703 7.235
351 12 1 33.382 8.150 32.688 7.192
352 12 1 33.367 8.092 32.674 7.134
353 12 1 33.353 8.049 32.659 7.090
354 12 1 33.352 8.005 32.659 7.047
355 12 1 33.338 7.948 32.644 6.989
356 12 1 33.323 7.890 32.629 6.931
357 12 1 33.308 7.846 32.615 6.888
358 12 1 33.308 7.818 32.614 6.859
359 12 1 33.293 7.774 32.600 6.816
360 12 1 33.279 7.716 32.585 6.758
361 12 1 33.264 7.673 32.570 6.715
362 12 1 33.264 7.644 32.570 6.686
363 12 1 33.249 7.615 32.556 6.657
364 12 1 33.234 7.572 32.541 6.614
365 12 1 33.220 7.514 32.526 6.556
366 12 1 33.205 7.471 32.511 6.513
367 12 1 33.190 7.442 32.497 6.484
368 12 1 33.176 7.413 32.482 6.455
369 12 1 33.147 7.370 32.453 6.412
370 12 1 33.132 7.327 32.438 6.368
371 12 1 33.117 7.298 32.424 6.340
372 12 1 33.088 7.255 32.394 6.296
373 12 1 33.059 7.197 32.365 6.239
374 12 1 33.029 7.154 32.336 6.195
375 12 1 33.015 7.125 32.321 6.167
376 12 1 32.986 7.082 32.292 6.123
377 12 1 32.956 7.038 32.263 6.080
378 12 1 32.942 7.009 32.248 6.051
379 12 1 32.927 6.966 32.234 6.008
380 12 1 32.898 6.923 32.204 5.965
381 12 1 32.883 6.909 32.190 5.950
382 12 1 32.869 6.865 32.175 5.907
383 12 1 32.854 6.836 32.160 5.878
384 12 1 32.825 6.793 32.131 5.835
385 12 1 32.810 6.750 32.116 5.792
386 12 1 32.795 6.721 32.102 5.763
387 12 1 32.781 6.692 32.087 5.734
388 12 1 32.766 6.663 32.073 5.705
389 12 1 32.751 6.620 32.058 5.662
390 12 1 32.737 6.577 32.043 5.618
391 12 1 32.722 6.548 32.029 5.590
392 12 1 32.707 6.505 32.014 5.546
393 12 1 32.693 6.447 31.999 5.489
394 12 1 32.678 6.389 31.984 5.431
395 12 1 32.678 6.346 31.984 5.388
396 12 1 32.663 6.317 31.970 5.359
397 12 1 32.648 6.288 31.955 5.330
398 12 1 32.648 6.245 31.955 5.286
399 12 1 32.634 6.201 31.940 5.243
400 12 1 32.619 6.172 31.925 5.214
401 12 1 32.619 6.129 31.925 5.171
402 12 1 32.619 6.071 31.925 5.113
403 12 1 32.604 6.042 31.910 5.084
404 12 1 32.604 5.999 31.910 5.041
405 12 1 32.589 5.985 31.896 5.027
406 12 1 32.574 5.941 31.881 4.983
407 12 1 32.560 5.913 31.866 4.955
408 12 1 32.545 5.869 31.852 4.911
409 12 1 32.530 5.826 31.837 4.868
410 12 1 32.516 5.797 31.822 4.839
411 12 1 32.501 5.754 31.808 4.796
412 12 1 32.486 5.696 31.793 4.738
413 12 1 32.472 5.653 31.778 4.695
414 12 1 32.457 5.624 31.764 4.666
415 12 1 32.442 5.581 31.749 4.623
416 12 1 32.428 5.523 31.734 4.565
417 12 1 32.413 5.494 31.720 4.536
418 12 1 32.398 5.451 31.705 4.493
419 12 1 32.384 5.422 31.690 4.464
420 12 1 32.369 5.379 31.676 4.421
421 12 1 32.354 5.335 31.661 4.378
422 12 1 32.340 5.321 31.646 4.363
423 12 1 32.325 5.263 31.632 4.305
424 12 1 32.325 5.234 31.632 4.277
425 12 1 32.310 5.206 31.617 4.248
426 12 1 32.310 5.177 31.617 4.219
427 12 1 32.295 5.133 31.602 4.176
428 12 1 32.295 5.119 31.602 4.161
429 12 1 32.281 5.061 31.587 4.103
430 12 1 32.281 5.032 31.587 4.075
431 12 1 32.280 4.989 31.587 4.031
432 12 1 32.266 4.960 31.572 4.002
433 12 1 32.266 4.917 31.572 3.959
434 12 1 32.265 4.859 31.572 3.901
435 12 1 32.265 4.801 31.572 3.844
436 12 1 32.265 4.758 31.572 3.800
437 12 1 32.265 4.744 31.572 3.786
438 12 1 32.250 4.686 31.557 3.728
439 12 1 32.250 4.657 31.557 3.699
440 12 1 32.250 4.614 31.557 3.656
441 12 1 32.250 4.599 31.557 3.642
442 12 1 32.264 4.556 31.571 3.598
443 12 1 32.264 4.527 31.571 3.569
444 12 1 32.264 4.498 31.571 3.541
445 12 1 32.264 4.469 31.571 3.512
446 12 1 32.264 4.440 31.571 3.483
447 12 1 32.264 4.412 31.571 3.454
448 12 1 32.249 4.383 31.556 3.425
449 12 1 32.249 4.354 31.556 3.396
450 12 1 32.249 4.311 31.556 3.353
451 12 1 32.234 4.267 31.541 3.310
452 12 1 32.219 4.239 31.526 3.281
453 12 1 32.219 4.195 31.526 3.238
454 12 1 32.205 4.138 31.511 3.180
455 12 1 32.190 4.094 31.497 3.137
456 12 1 32.190 4.065 31.497 3.108
457 12 1 32.175 4.022 31.482 3.065
458 12 1 32.160 3.979 31.467 3.021
459 12 1 32.160 3.950 31.467 2.993
460 12 1 32.146 3.907 31.453 2.949
461 12 1 32.145 3.864 31.452 2.906
462 12 1 32.131 3.835 31.438 2.877
463 12 1 32.131 3.806 31.438 2.848
464 12 1 32.131 3.777 31.438 2.820
465 12 1 32.116 3.748 31.423 2.791
466 12 1 32.101 3.719 31.408 2.762
467 12 1 32.101 3.691 31.408 2.733
468 12 1 32.101 3.662 31.408 2.704
469 12 1 32.086 3.633 31.394 2.675
470 12 1 32.086 3.604 31.393 2.647
471 12 1 32.086 3.561 31.393 2.603
472 12 1 32.072 3.517 31.379 2.560
473 12 1 32.071 3.489 31.378 2.531
474 12 1 32.071 3.460 31.378 2.502
475 12 1 32.087 3.662 31.334 2.402
476 12 1 32.049 3.409 31.356 2.452
477 12 1 32.049 3.366 31.356 2.409
478 12 1 32.035 3.337 31.342 2.380
479 12 1 32.020 3.308 31.327 2.358
480 12 1 32.020 3.294 31.327 2.351
481 12 1 32.020 3.272 31.327 2.337
482 12 1 32.020 3.251 31.327 2.322
483 12 1 32.005 3.229 31.312 2.308
484 12 1 31.991 3.208 31.298 2.293
485 12 1 32.005 3.186 31.312 2.279
486 12 1 31.990 3.171 31.298 2.272
487 12 1 32.005 3.150 31.312 2.257
488 12 1 31.990 3.135 31.298 2.250
489 12 1 32.005 3.121 31.312 2.243
490 12 1 31.990 3.107 31.298 2.236
491 12 1 31.990 3.085 31.298 2.221
492 12 1 32.005 3.063 31.312 2.207
493 12 1 32.019 3.042 31.326 2.192
494 12 1 32.048 3.034 31.356 2.192
495 12 1 32.048 3.020 31.355 2.185
497 12 1 32.041 3.114 31.349 2.286
498 12 1 32.041 3.106 31.349 2.286
499 12 1 32.041 3.092 31.349 2.279
500 12 1 32.041 3.078 31.349 2.272
501 12 1 32.041 3.056 31.348 2.257
502 12 1 32.041 3.042 31.348 2.250
503 12 1 32.041 3.006 31.348 2.221
504 12 1 32.026 2.969 31.334 2.192
505 12 1 32.026 2.926 31.334 2.156
507 12 1 32.019 3.034 31.327 2.272
508 12 1 32.019 3.034 31.327 2.279
509 12 1 32.019 3.027 31.327 2.279
510 12 1 32.033 3.027 31.341 2.286
286 13 1 30.518 13.040 30.021 12.709
287 13 1 30.533 13.054 30.014 12.709
288 13 1 30.540 13.098 30.021 12.753
289 13 1 30.540 13.141 30.021 12.797
290 13 1 30.563 13.345 29.963 12.753
291 13 1 30.556 13.331 29.963 12.753
292 13 1 30.556 13.382 29.963 12.804
293 13 1 30.556 13.433 29.963 12.855
294 13 1 30.571 13.491 29.978 12.913
295 13 1 30.571 13.534 29.978 12.957
296 13 1 30.571 13.593 29.978 13.015
297 13 1 30.586 13.651 29.993 13.073
298 13 1 30.586 13.694 29.993 13.117
299 13 1 30.586 13.738 29.993 13.161
300 13 1 30.586 13.782 29.993 13.205
301 13 1 30.586 13.825 29.993 13.248
302 13 1 30.587 13.869 29.993 13.292
303 13 1 30.587 13.913 29.993 13.336
304 13 1 30.601 13.956 30.008 13.379
305 13 1 30.602 14.007 30.008 13.430
306 13 1 30.616 14.058 30.023 13.481
307 13 1 30.617 14.102 30.023 13.525
308 13 1 30.631 14.160 30.038 13.583
309 13 1 30.631 14.211 30.038 13.634
310 13 1 30.646 14.262 30.053 13.685
311 13 1 30.646 14.320 30.053 13.743
312 13 1 30.661 14.364 30.068 13.786
313 13 1 30.661 14.407 30.068 13.830
314 13 1 30.676 14.458 30.083 13.881
315 13 1 30.676 14.509 30.083 13.932
316 13 1 30.676 14.553 30.083 13.976
317 13 1 30.691 14.597 30.098 14.019
318 13 1 30.706 14.655 30.113 14.077
319 13 1 30.706 14.691 30.113 14.114
320 13 1 30.706 14.728 30.113 14.150
321 13 1 30.706 14.779 30.113 14.201
322 13 1 30.706 14.830 30.113 14.252
323 13 1 30.721 14.873 30.128 14.296
324 13 1 30.721 14.917 30.128 14.340
325 13 1 30.722 14.968 30.128 14.391
326 13 1 30.722 15.019 30.128 14.442
327 13 1 30.722 15.063 30.128 14.485
328 13 1 30.737 15.106 30.143 14.529
329 13 1 30.737 15.165 30.143 14.587
330 13 1 30.737 15.216 30.143 14.638
331 13 1 30.737 15.267 30.144 14.689
332 13 1 30.737 15.310 30.144 14.733
333 13 1 30.737 15.354 30.144 14.777
334 13 1 30.738 15.398 30.144 14.821
335 13 1 30.818 15.485 30.121 14.624
336 13 1 30.730 15.434 30.137 14.857
337 13 1 30.730 15.471 30.137 14.894
338 13 1 30.731 15.515 30.137 14.937
339 13 1 30.731 15.566 30.137 14.988
340 13 1 30.753 15.616 30.159 15.039
341 13 1 30.760 15.675 30.167 15.097
342 13 1 30.760 15.719 30.167 15.141
343 13 1 30.783 15.769 30.189 15.192
344 13 1 30.783 15.820 30.189 15.243
345 13 1 30.790 15.864 30.197 15.287
346 13 1 30.805 15.908 30.211 15.330
347 13 1 30.812 15.951 30.219 15.374
348 13 1 30.820 15.995 30.226 15.418
349 13 1 30.835 16.039 30.241 15.461
350 13 1 30.989 16.329 30.227 15.527
351 13 1 30.835 16.082 30.241 15.505
352 13 1 30.835 16.126 30.241 15.549
353 13 1 30.835 16.170 30.241 15.593
354 13 1 30.835 16.214 30.241 15.636
355 13 1 30.835 16.265 30.242 15.687
356 13 1 30.835 16.316 30.242 15.738
357 13 1 30.836 16.367 30.242 15.790
358 13 1 30.836 16.418 30.242 15.841
359 13 1 30.836 16.476 30.242 15.899
360 13 1 31.005 16.715 30.257 15.811
361 13 1 30.829 16.520 30.235 15.943
362 13 1 30.829 16.549 30.235 15.972
363 13 1 30.829 16.579 30.235 16.001
364 13 1 30.829 16.622 30.235 16.045
365 13 1 30.815 16.666 30.221 16.089
366 13 1 30.786 16.711 30.192 16.133
367 13 1 30.771 16.754 30.177 16.177
368 13 1 30.771 16.806 30.177 16.228
369 13 1 30.771 16.857 30.178 16.279
370 13 1 30.757 16.901 30.163 16.323
371 13 1 30.757 16.944 30.163 16.367
372 13 1 30.757 16.988 30.163 16.411
373 13 1 30.757 17.039 30.164 16.462
374 13 1 30.758 17.090 30.164 16.513
375 13 1 30.758 17.127 30.164 16.549
376 13 1 30.758 17.178 30.164 16.601
377 13 1 30.773 17.222 30.179 16.644
378 13 1 30.773 17.258 30.179 16.681
379 13 1 30.788 17.309 30.194 16.732
380 13 1 30.788 17.368 30.194 16.790
381 13 1 30.788 17.404 30.194 16.827
382 13 1 30.788 17.470 30.194 16.892
383 13 1 30.781 17.463 30.187 16.885
384 13 1 30.788 17.514 30.194 16.936
385 13 1 30.788 17.557 30.194 16.980
386 13 1 30.788 17.594 30.194 17.016
387 13 1 30.789 17.638 30.195 17.060
388 13 1 30.789 17.682 30.195 17.104
389 13 1 30.789 17.725 30.195 17.148
390 13 1 30.789 17.769 30.195 17.192
391 13 1 30.782 17.813 30.188 17.236
392 13 1 30.767 17.857 30.173 17.280
393 13 1 30.760 17.916 30.166 17.338
394 13 1 30.739 17.974 30.144 17.397
395 13 1 30.731 18.026 30.137 17.448
396 13 1 30.724 18.062 30.130 17.485
397 13 1 30.717 18.055 30.123 17.477
398 13 1 30.688 18.077 30.094 17.507
399 13 1 30.659 18.107 30.064 17.544
400 13 1 30.644 18.173 30.050 17.617
401 13 1 30.637 18.107 30.042 17.559
402 13 1 30.629 18.071 30.035 17.530
403 13 1 30.615 18.071 30.020 17.530
404 13 1 30.607 18.078 30.013 17.544
405 13 1 30.600 18.071 30.006 17.537
406 13 1 30.593 18.064 29.998 17.530
407 13 1 30.585 18.064 29.991 17.530
408 13 1 30.578 18.064 29.984 17.530
409 13 1 30.571 18.071 29.977 17.538
410 13 1 30.563 18.071 29.969 17.538
411 13 1 30.556 18.079 29.962 17.552
412 13 1 30.556 18.079 29.962 17.560
413 13 1 30.556 18.094 29.962 17.582
414 13 1 30.556 18.101 29.962 17.596
415 13 1 30.549 18.072 29.955 17.567
416 13 1 30.549 18.086 29.955 17.589
417 13 1 30.556 18.101 29.962 17.611
418 13 1 30.549 18.072 29.955 17.582
419 13 1 30.563 18.086 29.969 17.603
420 13 1 30.541 18.086 29.947 17.611
421 13 1 30.541 18.086 29.947 17.618
422 13 1 30.534 18.065 29.940 17.596
423 13 1 30.527 18.072 29.933 17.604
424 13 1 30.519 18.072 29.926 17.611
425 13 1 30.505 18.072 29.911 17.619
426 13 1 30.498 18.072 29.904 17.626
427 13 1 30.490 18.065 29.896 17.619
428 13 1 30.483 18.065 29.889 17.619
429 13 1 30.483 18.065 29.889 17.619
430 13 1 30.476 18.065 29.882 17.619
431 13 1 30.476 18.065 29.882 17.619
432 13 1 30.476 18.065 29.882 17.619
433 13 1 30.476 18.065 29.882 17.619
434 13 1 30.476 18.065 29.882 17.619
435 13 1 30.476 18.065 29.882 17.619
436 13 1 30.476 18.065 29.882 17.619
437 13 1 30.476 18.065 29.882 17.619
438 13 1 30.476 18.065 29.882 17.619
439 13 1 30.476 18.065 29.882 17.619
440 13 1 30.476 18.065 29.882 17.619
441 13 1 30.476 18.065 29.882 17.619
442 13 1 30.476 18.065 29.882 17.619
443 13 1 30.483 18.065 29.889 17.619
444 13 1 30.483 18.058 29.889 17.612
445 13 1 30.490 18.065 29.896 17.619
446 13 1 30.490 18.058 29.896 17.612
447 13 1 30.490 18.058 29.896 17.612
448 13 1 30.498 18.058 29.904 17.611
449 13 1 30.498 18.058 29.904 17.611
450 13 1 30.505 18.043 29.911 17.597
451 13 1 30.505 18.050 29.911 17.604
452 13 1 30.505 18.050 29.911 17.604
453 13 1 30.512 18.043 29.918 17.597
454 13 1 30.512 18.050 29.918 17.604
455 13 1 30.519 18.043 29.925 17.597
456 13 1 30.519 18.043 29.925 17.597
457 13 1 30.519 18.043 29.925 17.597
458 13 1 30.519 18.043 29.925 17.597
459 13 1 30.519 18.043 29.925 17.597
460 13 1 30.527 18.035 29.933 17.589
461 13 1 30.527 18.035 29.933 17.589
462 13 1 30.534 18.028 29.940 17.582
463 13 1 30.534 18.035 29.940 17.589
464 13 1 30.534 18.028 29.940 17.582
465 13 1 30.534 18.028 29.940 17.582
466 13 1 30.534 18.028 29.940 17.582
467 13 1 30.534 18.028 29.940 17.582
468 13 1 30.534 18.028 29.940 17.582
469 13 1 30.541 18.028 29.947 17.582
470 13 1 30.541 18.028 29.947 17.582
471 13 1 30.541 18.028 29.947 17.582
472 13 1 30.541 18.028 29.947 17.582
473 13 1 30.541 18.028 29.947 17.582
474 13 1 30.541 18.028 29.947 17.582
475 13 1 30.541 18.028 29.947 17.582
476 13 1 30.541 18.028 29.947 17.582
477 13 1 30.541 18.028 29.947 17.582
478 13 1 30.541 18.028 29.947 17.582
479 13 1 30.541 18.028 29.947 17.582
480 13 1 30.541 18.028 29.947 17.582
481 13 1 30.541 18.028 29.947 17.582
482 13 1 30.541 18.028 29.947 17.582
483 13 1 30.541 18.028 29.947 17.582
484 13 1 30.541 18.028 29.947 17.582
485 13 1 30.541 18.028 29.947 17.582
486 13 1 30.541 18.028 29.947 17.582
487 13 1 30.541 18.028 29.947 17.582
488 13 1 30.541 18.028 29.947 17.582
489 13 1 30.541 18.028 29.947 17.582
490 13 1 30.534 18.035 29.940 17.589
491 13 1 30.534 18.035 29.940 17.589
492 13 1 30.534 18.035 29.940 17.589
493 13 1 30.534 18.035 29.940 17.589
494 13 1 30.534 18.035 29.940 17.589
495 13 1 30.534 18.035 29.940 17.589
496 13 1 30.534 18.035 29.940 17.589
497 13 1 30.534 18.035 29.940 17.589
498 13 1 30.527 18.035 29.933 17.589
499 13 1 30.527 18.035 29.933 17.589
500 13 1 30.527 18.035 29.933 17.589
501 13 1 30.527 18.035 29.933 17.589
502 13 1 30.527 18.035 29.933 17.589
503 13 1 30.527 18.035 29.933 17.589
504 13 1 30.519 18.035 29.925 17.589
505 13 1 30.519 18.035 29.925 17.589
506 13 1 30.519 18.050 29.926 17.604
507 13 1 30.519 18.050 29.926 17.604
508 13 1 30.519 18.050 29.926 17.604
509 13 1 30.519 18.050 29.926 17.604
510 13 1 30.512 18.050 29.918 17.604
350 14 1 30.933 12.825 30.304 12.089
351 14 1 30.934 12.854 30.304 12.118
352 14 1 30.934 12.883 30.304 12.147
353 14 1 30.934 12.927 30.304 12.190
354 14 1 30.948 12.956 30.319 12.219
355 14 1 30.934 12.985 30.304 12.249
356 14 1 30.949 13.029 30.319 12.292
357 14 1 30.949 13.058 30.319 12.321
358 14 1 30.964 13.101 30.334 12.365
359 14 1 30.978 13.130 30.348 12.394
360 14 1 30.978 13.174 30.349 12.437
361 14 1 30.978 13.203 30.349 12.466
362 14 1 30.993 13.232 30.363 12.495
363 14 1 31.008 13.261 30.378 12.524
364 14 1 31.008 13.305 30.378 12.568
365 14 1 31.023 13.334 30.393 12.597
366 14 1 31.037 13.377 30.408 12.641
367 14 1 31.052 13.406 30.422 12.669
368 14 1 31.067 13.450 30.437 12.713
369 14 1 31.067 13.479 30.437 12.742
370 14 1 31.082 13.522 30.452 12.786
371 14 1 31.111 13.551 30.481 12.815
372 14 1 31.126 13.595 30.496 12.858
373 14 1 31.126 13.624 30.496 12.887
374 14 1 31.141 13.667 30.511 12.931
375 14 1 31.155 13.696 30.525 12.960
376 14 1 31.155 13.740 30.525 13.003
377 14 1 31.170 13.784 30.540 13.047
378 14 1 31.185 13.813 30.555 13.076
379 14 1 31.185 13.842 30.555 13.105
380 14 1 31.178 13.871 30.548 13.134
381 14 1 31.200 13.914 30.570 13.178
382 14 1 31.214 13.943 30.584 13.207
383 14 1 31.193 13.973 30.563 13.236
384 14 1 31.215 14.002 30.585 13.265
385 14 1 31.200 14.031 30.570 13.294
386 14 1 31.215 14.074 30.585 13.338
387 14 1 31.200 14.104 30.570 13.367
388 14 1 31.215 14.147 30.585 13.410
389 14 1 31.201 14.177 30.571 13.440
390 14 1 31.215 14.220 30.585 13.483
391 14 1 31.215 14.249 30.585 13.512
392 14 1 31.216 14.278 30.586 13.541
393 14 1 31.216 14.307 30.586 13.571
394 14 1 31.216 14.351 30.586 13.614
395 14 1 31.216 14.380 30.586 13.643
396 14 1 31.216 14.409 30.586 13.673
397 14 1 31.216 14.439 30.586 13.702
398 14 1 31.216 14.468 30.586 13.731
399 14 1 31.216 14.497 30.586 13.760
400 14 1 31.216 14.541 30.586 13.804
401 14 1 31.231 14.570 30.601 13.833
402 14 1 31.239 14.599 30.608 13.862
403 14 1 31.239 14.628 30.609 13.891
404 14 1 31.239 14.657 30.609 13.920
405 14 1 31.261 14.686 30.631 13.949
406 14 1 31.276 14.729 30.645 13.992
407 14 1 31.276 14.758 30.645 14.022
408 14 1 31.276 14.788 30.646 14.051
409 14 1 31.276 14.817 30.646 14.080
410 14 1 31.291 14.846 30.660 14.109
411 14 1 31.298 14.875 30.668 14.138
412 14 1 31.283 14.904 30.653 14.167
413 14 1 31.305 14.948 30.675 14.211
414 14 1 31.306 14.977 30.675 14.240
415 14 1 31.306 15.006 30.675 14.269
416 14 1 31.306 15.035 30.676 14.298
417 14 1 31.306 15.064 30.676 14.327
418 14 1 31.306 15.093 30.676 14.356
419 14 1 31.306 15.122 30.676 14.385
420 14 1 31.306 15.152 30.676 14.415
421 14 1 31.306 15.181 30.676 14.444
422 14 1 31.306 15.224 30.676 14.487
423 14 1 31.307 15.254 30.676 14.517
424 14 1 31.307 15.283 30.676 14.546
425 14 1 31.307 15.312 30.676 14.575
426 14 1 31.307 15.356 30.677 14.619
427 14 1 31.322 15.385 30.691 14.648
428 14 1 31.336 15.414 30.706 14.677
429 14 1 31.322 15.443 30.691 14.706
430 14 1 31.336 15.472 30.706 14.735
431 14 1 31.315 15.501 30.684 14.764
432 14 1 31.337 15.530 30.706 14.793
433 14 1 31.330 15.574 30.699 14.837
434 14 1 31.330 15.603 30.699 14.866
435 14 1 31.337 15.632 30.707 14.895
436 14 1 31.337 15.662 30.707 14.924
437 14 1 31.352 15.691 30.721 14.953
438 14 1 31.359 15.720 30.729 14.982
439 14 1 31.359 15.749 30.729 15.012
440 14 1 31.374 15.778 30.744 15.041
441 14 1 31.396 15.807 30.766 15.070
442 14 1 31.396 15.836 30.766 15.099
443 14 1 31.396 15.865 30.766 15.128
444 14 1 31.404 15.894 30.773 15.157
445 14 1 31.440 15.923 30.810 15.186
446 14 1 31.433 15.952 30.803 15.215
447 14 1 31.455 15.981 30.825 15.244
448 14 1 31.441 16.010 30.810 15.273
449 14 1 31.470 16.039 30.839 15.302
450 14 1 31.477 16.068 30.847 15.331
451 14 1 31.463 16.098 30.832 15.360
452 14 1 31.477 16.127 30.847 15.389
453 14 1 31.485 16.156 30.854 15.419
454 14 1 31.485 16.185 30.855 15.448
455 14 1 31.485 16.214 30.855 15.477
456 14 1 31.478 16.243 30.847 15.506
457 14 1 31.493 16.272 30.862 15.535
458 14 1 31.507 16.301 30.877 15.564
459 14 1 31.500 16.331 30.870 15.593
460 14 1 31.515 16.360 30.884 15.622
461 14 1 31.500 16.389 30.870 15.652
462 14 1 31.508 16.418 30.877 15.681
463 14 1 31.508 16.447 30.877 15.710
464 14 1 31.508 16.476 30.877 15.739
465 14 1 31.515 16.506 30.885 15.768
466 14 1 31.515 16.520 30.885 15.783
467 14 1 31.530 16.549 30.900 15.812
468 14 1 31.537 16.578 30.907 15.841
469 14 1 31.523 16.608 30.892 15.870
470 14 1 31.538 16.622 30.907 15.885
471 14 1 31.545 16.651 30.915 15.914
472 14 1 31.560 16.680 30.929 15.943
473 14 1 31.574 16.709 30.944 15.972
474 14 1 31.567 16.724 30.937 15.987
475 14 1 31.582 16.753 30.951 16.016
476 14 1 31.597 16.782 30.966 16.045
477 14 1 31.604 16.811 30.973 16.074
478 14 1 31.604 16.840 30.974 16.103
479 14 1 31.619 16.869 30.988 16.132
480 14 1 31.626 16.898 30.996 16.161
481 14 1 31.626 16.913 30.996 16.176
482 14 1 31.626 16.942 30.996 16.205
483 14 1 31.648 16.971 31.018 16.234
484 14 1 31.663 16.985 31.032 16.248
485 14 1 31.641 17.015 31.011 16.278
486 14 1 31.656 17.029 31.025 16.292
487 14 1 31.656 17.058 31.025 16.321
488 14 1 31.656 17.073 31.025 16.336
489 14 1 31.663 17.088 31.033 16.350
490 14 1 31.663 17.117 31.033 16.379
491 14 1 31.664 17.131 31.033 16.394
492 14 1 31.656 17.161 31.026 16.423
493 14 1 31.656 17.175 31.026 16.438
494 14 1 31.657 17.204 31.026 16.467
495 14 1 31.664 17.219 31.033 16.482
496 14 1 31.664 17.234 31.033 16.496
497 14 1 31.664 17.263 31.033 16.525
498 14 1 31.657 17.292 31.026 16.555
499 14 1 31.664 17.307 31.034 16.569
500 14 1 31.657 17.270 30.997 16.416
501 14 1 31.642 17.219 31.011 16.475
502 14 1 31.649 17.234 31.019 16.489
503 14 1 31.657 17.263 31.026 16.518
504 14 1 31.649 17.277 31.019 16.533
505 14 1 31.642 17.292 31.012 16.547
506 14 1 31.635 17.307 31.004 16.562
507 14 1 31.642 17.321 31.012 16.577
508 14 1 31.635 17.351 31.004 16.606
509 14 1 31.642 17.365 31.012 16.620
510 14 1 31.635 17.380 31.005 16.635
367 15 1 30.491 13.724 29.890 13.045
368 15 1 30.499 13.753 29.898 13.074
369 15 1 30.506 13.782 29.905 13.103
370 15 1 30.513 13.826 29.913 13.147
371 15 1 30.521 13.870 29.920 13.191
372 15 1 30.528 13.899 29.927 13.220
373 15 1 30.536 13.942 29.935 13.263
374 15 1 30.529 14.001 29.928 13.322
375 15 1 30.551 14.030 29.950 13.351
376 15 1 30.543 14.073 29.943 13.394
377 15 1 30.565 14.088 29.964 13.409
378 15 1 30.558 14.117 29.957 13.438
379 15 1 30.566 14.146 29.965 13.467
380 15 1 30.558 14.175 29.957 13.496
381 15 1 30.566 14.219 29.965 13.540
382 15 1 30.559 14.248 29.958 13.569
383 15 1 30.566 14.292 29.965 13.613
384 15 1 30.559 14.336 29.958 13.656
385 15 1 30.566 14.350 29.965 13.671
386 15 1 30.574 14.394 29.973 13.715
387 15 1 30.566 14.423 29.965 13.744
388 15 1 30.574 14.452 29.973 13.773
389 15 1 30.581 14.481 29.980 13.802
390 15 1 30.574 14.525 29.973 13.846
391 15 1 30.582 14.568 29.980 13.889
392 15 1 30.589 14.598 29.988 13.918
393 15 1 30.596 14.627 29.995 13.947
394 15 1 30.604 14.656 30.003 13.977
395 15 1 30.626 14.685 30.025 14.005
396 15 1 30.619 14.728 30.017 14.049
397 15 1 30.641 14.772 30.040 14.093
398 15 1 30.633 14.801 30.032 14.122
399 15 1 30.655 14.830 30.054 14.151
400 15 1 30.648 14.859 30.047 14.180
401 15 1 30.656 14.888 30.054 14.209
402 15 1 30.663 14.903 30.062 14.224
403 15 1 30.670 14.947 30.069 14.267
404 15 1 30.678 14.976 30.077 14.296
405 15 1 30.700 15.005 30.099 14.325
406 15 1 30.693 15.034 30.091 14.355
407 15 1 30.715 15.063 30.113 14.384
408 15 1 30.722 15.106 30.121 14.427
409 15 1 30.729 15.150 30.128 14.471
410 15 1 30.737 15.165 30.136 14.485
411 15 1 30.759 15.208 30.158 14.529
412 15 1 30.752 15.223 30.150 14.544
413 15 1 30.774 15.266 30.173 14.587
414 15 1 30.766 15.281 30.165 14.602
415 15 1 30.774 15.325 30.173 14.645
416 15 1 30.767 15.325 30.165 14.645
417 15 1 30.774 15.354 30.173 14.674
418 15 1 30.767 15.398 30.166 14.718
419 15 1 30.774 15.441 30.173 14.762
420 15 1 30.767 15.456 30.166 14.777
421 15 1 30.774 15.485 30.173 14.806
422 15 1 30.782 15.514 30.181 14.835
423 15 1 30.789 15.543 30.188 14.864
424 15 1 30.782 15.572 30.181 14.893
425 15 1 30.789 15.602 30.188 14.922
426 15 1 30.782 15.631 30.181 14.951
427 15 1 30.790 15.660 30.188 14.981
428 15 1 30.782 15.689 30.181 15.010
429 15 1 30.790 15.718 30.188 15.039
430 15 1 30.797 15.733 30.196 15.053
431 15 1 30.804 15.747 30.203 15.068
432 15 1 30.812 15.791 30.211 15.112
433 15 1 30.819 15.805 30.218 15.126
434 15 1 30.812 15.849 30.211 15.170
435 15 1 30.819 15.864 30.218 15.184
436 15 1 30.827 15.893 30.226 15.213
437 15 1 30.834 15.922 30.233 15.243
438 15 1 30.827 15.951 30.226 15.272
439 15 1 30.834 15.980 30.233 15.301
440 15 1 30.886 16.096 30.255 15.213
441 15 1 30.864 16.009 30.262 15.301
442 15 1 30.871 16.031 30.270 15.322
443 15 1 30.878 16.053 30.277 15.344
444 15 1 30.886 16.089 30.285 15.381
445 15 1 30.893 16.111 30.292 15.402
446 15 1 30.901 16.133 30.299 15.424
447 15 1 30.908 16.155 30.307 15.446
448 15 1 30.915 16.191 30.314 15.482
449 15 1 30.923 16.213 30.321 15.504
450 15 1 30.916 16.249 30.314 15.541
451 15 1 30.923 16.271 30.322 15.563
452 15 1 30.930 16.293 30.329 15.584
453 15 1 30.938 16.315 30.336 15.606
454 15 1 30.945 16.337 30.344 15.628
455 15 1 31.019 16.540 30.220 15.731
456 15 1 30.931 16.483 30.308 15.767
457 15 1 30.931 16.512 30.308 15.796
458 15 1 30.931 16.541 30.308 15.825
459 15 1 30.931 16.570 30.308 15.855
460 15 1 30.931 16.599 30.308 15.884
461 15 1 30.931 16.614 30.308 15.898
462 15 1 30.932 16.643 30.308 15.927
463 15 1 30.932 16.672 30.308 15.957
464 15 1 30.932 16.687 30.308 15.971
465 15 1 30.998 16.767 30.308 15.803
466 15 1 30.961 16.657 30.330 15.913
467 15 1 30.968 16.672 30.337 15.927
468 15 1 30.961 16.701 30.330 15.956
469 15 1 30.968 16.716 30.337 15.971
470 15 1 30.961 16.730 30.330 15.986
471 15 1 30.968 16.760 30.338 16.015
472 15 1 30.976 16.774 30.345 16.029
473 15 1 30.983 16.803 30.352 16.058
474 15 1 30.976 16.832 30.345 16.088
475 15 1 30.983 16.862 30.353 16.117
476 15 1 30.976 16.891 30.345 16.146
477 15 1 30.984 16.905 30.353 16.161
478 15 1 30.976 16.935 30.345 16.190
479 15 1 30.984 16.949 30.353 16.204
480 15 1 30.976 16.978 30.346 16.234
481 15 1 30.984 17.008 30.353 16.263
482 15 1 30.977 17.037 30.346 16.292
483 15 1 30.999 17.051 30.368 16.306
484 15 1 30.991 17.081 30.361 16.336
485 15 1 30.999 17.110 30.368 16.365
486 15 1 31.006 17.139 30.375 16.394
487 15 1 31.014 17.153 30.383 16.408
488 15 1 31.021 17.182 30.390 16.437
489 15 1 31.028 17.197 30.397 16.452
490 15 1 31.021 17.226 30.390 16.481
491 15 1 31.029 17.255 30.398 16.510
492 15 1 31.036 17.270 30.405 16.525
493 15 1 31.043 17.299 30.412 16.554
494 15 1 31.036 17.314 30.405 16.569
495 15 1 31.043 17.343 30.413 16.598
496 15 1 31.036 17.357 30.405 16.612
497 15 1 31.044 17.387 30.413 16.642
498 15 1 31.022 17.401 30.391 16.656
499 15 1 31.029 17.431 30.398 16.686
500 15 1 31.022 17.445 30.391 16.700
501 15 1 31.029 17.474 30.398 16.729
502 15 1 31.022 17.489 30.391 16.744
503 15 1 31.015 17.518 30.384 16.773
504 15 1 31.008 17.533 30.377 16.788
505 15 1 31.015 17.548 30.384 16.803
506 15 1 31.008 17.577 30.377 16.832
507 15 1 31.015 17.591 30.384 16.846
508 15 1 30.993 17.621 30.362 16.876
509 15 1 31.001 17.635 30.370 16.890
510 15 1 30.993 17.650 30.362 16.905
39 7 1 32.113 3.049 31.617 2.379
40 7 1 32.128 3.070 31.610 2.372
41 7 1 32.128 3.099 31.610 2.401
42 7 1 32.128 3.128 31.610 2.430
43 7 1 32.121 3.157 31.603 2.459
44 7 1 32.121 3.186 31.603 2.487
45 7 1 32.121 3.222 31.603 2.524
46 7 1 32.121 3.265 31.604 2.567
47 7 1 32.121 3.301 31.604 2.603
48 7 1 32.122 3.323 31.604 2.624
49 7 1 32.122 3.366 31.604 2.668
50 7 1 32.115 3.395 31.597 2.697
51 7 1 32.107 3.424 31.590 2.725
52 7 1 32.180 3.322 31.589 2.617
54 7 1 32.172 3.322 31.582 2.617
55 7 1 32.172 3.344 31.582 2.639
56 7 1 32.173 3.373 31.582 2.668
57 7 1 32.165 3.402 31.575 2.697
58 7 1 32.166 3.431 31.575 2.725
59 7 1 32.158 3.460 31.568 2.754
60 7 1 32.217 3.705 31.583 2.798
61 7 1 32.195 3.633 31.597 2.870
62 7 1 32.188 3.647 31.590 2.884
63 7 1 32.188 3.676 31.590 2.913
64 7 1 32.188 3.705 31.590 2.942
65 7 1 32.167 3.734 31.656 2.927
66 7 1 32.196 3.719 31.641 2.942
67 7 1 32.181 3.741 31.627 2.963
68 7 1 32.181 3.777 31.627 2.999
69 7 1 32.181 3.798 31.627 3.021
70 7 1 32.182 3.827 31.627 3.050
71 7 1 32.182 3.856 31.627 3.079
72 7 1 32.182 3.871 31.627 3.093
73 7 1 32.196 3.899 31.642 3.122
74 7 1 32.196 3.928 31.642 3.151
75 7 1 32.196 3.943 31.642 3.165
76 7 1 32.197 3.972 31.642 3.194
77 7 1 32.197 4.000 31.642 3.223
78 7 1 32.182 4.029 31.628 3.252
79 7 1 32.182 4.073 31.628 3.295
80 7 1 32.183 4.102 31.628 3.324
81 7 1 32.183 4.130 31.628 3.353
82 7 1 32.183 4.159 31.628 3.382
83 7 1 32.183 4.188 31.628 3.411
84 7 1 32.183 4.217 31.629 3.439
85 7 1 32.183 4.246 31.629 3.468
86 7 1 32.183 4.275 31.629 3.497
87 7 1 32.183 4.318 31.629 3.540
88 7 1 32.184 4.347 31.629 3.569
89 7 1 32.184 4.376 31.629 3.598
90 7 1 32.177 4.405 31.622 3.627
91 7 1 32.169 4.434 31.615 3.656
92 7 1 32.169 4.462 31.615 3.685
93 7 1 32.170 4.491 31.615 3.714
94 7 1 32.155 4.506 31.601 3.728
95 7 1 32.155 4.535 31.601 3.757
96 7 1 32.141 4.564 31.586 3.786
97 7 1 32.141 4.592 31.586 3.815
98 7 1 32.127 4.636 31.572 3.858
99 7 1 32.127 4.665 31.572 3.887
100 7 1 32.127 4.694 31.572 3.916
101 7 1 32.112 4.737 31.558 3.959
102 7 1 32.113 4.766 31.558 3.988
103 7 1 32.113 4.809 31.558 4.031
104 7 1 32.098 4.838 31.544 4.060
105 7 1 32.084 4.882 31.529 4.104
106 7 1 32.070 4.910 31.515 4.133
107 7 1 32.070 4.939 31.515 4.161
108 7 1 32.055 4.968 31.501 4.190
109 7 1 32.055 4.997 31.501 4.219
110 7 1 32.055 5.026 31.501 4.248
111 7 1 32.070 5.055 31.515 4.277
112 7 1 32.070 5.069 31.515 4.291
113 7 1 32.070 5.098 31.516 4.320
114 7 1 32.085 5.113 31.530 4.335
115 7 1 32.070 5.142 31.516 4.364
116 7 1 32.071 5.170 31.516 4.392
117 7 1 32.056 5.199 31.501 4.421
118 7 1 32.042 5.228 31.487 4.450
119 7 1 32.042 5.257 31.487 4.479
120 7 1 32.027 5.286 31.473 4.508
121 7 1 32.013 5.315 31.458 4.537
122 7 1 32.006 5.344 31.451 4.566
123 7 1 31.999 5.373 31.444 4.595
124 7 1 31.992 5.402 31.437 4.624
125 7 1 31.984 5.431 31.430 4.653
126 7 1 31.985 5.460 31.430 4.682
127 7 1 31.977 5.489 31.422 4.711
128 7 1 31.970 5.518 31.415 4.740
129 7 1 31.963 5.532 31.408 4.754
130 7 1 31.956 5.547 31.241 4.798
131 7 1 31.883 5.554 31.314 4.783
132 7 1 31.876 5.583 31.307 4.812
133 7 1 31.862 5.598 31.292 4.827
134 7 1 31.854 5.627 31.285 4.856
135 7 1 31.978 5.597 31.205 4.892
136 7 1 31.840 5.634 31.270 4.863
137 7 1 31.833 5.641 31.263 4.870
138 7 1 31.818 5.670 31.249 4.899
139 7 1 31.811 5.692 31.242 4.921
140 7 1 31.804 5.721 31.234 4.950
141 7 1 31.789 5.728 31.220 4.957
142 7 1 31.782 5.757 31.213 4.986
143 7 1 31.775 5.779 31.206 5.008
144 7 1 31.761 5.808 31.191 5.037
145 7 1 31.753 5.837 31.184 5.066
146 7 1 31.746 5.865 31.177 5.094
147 7 1 31.732 5.880 31.162 5.109
148 7 1 31.717 5.902 31.148 5.131
149 7 1 31.717 5.931 31.148 5.160
150 7 1 31.703 5.938 31.133 5.167
151 7 1 31.689 5.967 31.119 5.196
152 7 1 31.681 5.996 31.112 5.225
153 7 1 31.674 6.018 31.105 5.246
154 7 1 31.660 6.047 31.090 5.275
155 7 1 31.725 6.054 30.996 5.391
156 7 1 31.653 6.047 31.083 5.275
157 7 1 31.645 6.061 31.076 5.290
158 7 1 31.638 6.090 31.068 5.319
159 7 1 31.631 6.105 31.061 5.333
160 7 1 31.616 6.134 31.047 5.362
161 7 1 31.617 6.155 31.047 5.384
162 7 1 31.602 6.177 31.032 5.406
163 7 1 31.588 6.206 31.018 5.435
164 7 1 31.588 6.235 31.018 5.464
165 7 1 31.573 6.264 31.004 5.493
166 7 1 31.574 6.307 31.004 5.536
167 7 1 31.559 6.344 30.989 5.572
168 7 1 31.559 6.380 30.989 5.608
169 7 1 31.559 6.423 30.990 5.652
170 7 1 31.559 6.452 30.990 5.681
171 7 1 31.560 6.495 30.990 5.724
172 7 1 31.552 6.524 30.983 5.753
173 7 1 31.545 6.568 30.976 5.796
174 7 1 31.531 6.597 30.961 5.825
175 7 1 31.517 6.626 30.947 5.854
176 7 1 31.502 6.655 30.932 5.883
177 7 1 31.495 6.684 30.925 5.912
178 7 1 31.488 6.713 30.918 5.941
179 7 1 31.473 6.742 30.903 5.970
180 7 1 31.459 6.771 30.889 5.999
181 7 1 31.444 6.800 30.875 6.028
182 7 1 31.430 6.829 30.860 6.057
183 7 1 31.423 6.872 30.853 6.101
184 7 1 31.416 6.901 30.846 6.130
185 7 1 31.401 6.945 30.831 6.173
186 7 1 31.387 6.974 30.817 6.202
187 7 1 31.380 7.017 30.810 6.246
188 7 1 31.373 7.054 30.803 6.282
189 7 1 31.358 7.090 30.788 6.318
190 7 1 31.344 7.119 30.774 6.347
191 7 1 31.337 7.162 30.767 6.391
192 7 1 31.329 7.191 30.759 6.420
193 7 1 31.315 7.220 30.745 6.449
194 7 1 31.315 7.249 30.745 6.478
195 7 1 31.301 7.293 30.731 6.521
196 7 1 31.301 7.336 30.731 6.564
197 7 1 31.286 7.372 30.716 6.601
198 7 1 31.279 7.416 30.709 6.644
199 7 1 31.272 7.452 30.702 6.680
200 7 1 31.272 7.481 30.702 6.709
201 7 1 31.258 7.510 30.688 6.738
202 7 1 31.251 7.554 30.681 6.782
203 7 1 31.244 7.590 30.673 6.818
204 7 1 31.244 7.633 30.674 6.862
205 7 1 31.229 7.670 30.659 6.898
206 7 1 31.229 7.713 30.659 6.941
207 7 1 31.215 7.757 30.645 6.985
208 7 1 31.215 7.793 30.645 7.021
209 7 1 31.201 7.829 30.630 7.057
210 7 1 31.186 7.873 30.616 7.101
211 7 1 31.179 7.909 30.609 7.137
212 7 1 31.165 7.945 30.594 7.173
213 7 1 31.143 7.974 30.573 7.202
214 7 1 31.129 8.003 30.558 7.231
215 7 1 31.114 8.040 30.544 7.268
216 7 1 31.107 8.076 30.537 7.304
217 7 1 31.100 8.105 30.529 7.333
218 7 1 31.085 8.149 30.515 7.377
219 7 1 31.085 8.178 30.515 7.405
220 7 1 31.071 8.221 30.501 7.449
221 7 1 31.057 8.250 30.486 7.478
222 7 1 31.042 8.294 30.472 7.522
223 7 1 31.028 8.323 30.457 7.551
224 7 1 31.013 8.366 30.443 7.594
225 7 1 30.999 8.410 30.428 7.638
226 7 1 30.984 8.454 30.414 7.681
227 7 1 30.970 8.483 30.400 7.710
228 7 1 30.948 8.526 30.378 7.754
229 7 1 30.941 8.570 30.371 7.798
230 7 1 30.934 8.621 30.364 7.848
231 7 1 30.927 8.664 30.356 7.892
232 7 1 30.912 8.700 30.342 7.928
233 7 1 30.898 8.744 30.328 7.972
234 7 1 30.884 8.773 30.313 8.001
235 7 1 30.884 8.802 30.313 8.030
236 7 1 30.877 8.831 30.306 8.059
237 7 1 30.869 8.875 30.299 8.102
238 7 1 30.855 8.911 30.284 8.139
239 7 1 30.848 8.955 30.277 8.182
240 7 1 30.841 8.998 30.270 8.226
241 7 1 30.834 9.042 30.263 8.269
242 7 1 30.826 9.085 30.256 8.313
243 7 1 30.812 9.122 30.241 8.349
244 7 1 30.797 9.151 30.227 8.378
245 7 1 30.783 9.180 30.212 8.407
246 7 1 30.776 9.209 30.205 8.436
247 7 1 30.769 9.252 30.198 8.480
248 7 1 30.754 9.296 30.183 8.524
249 7 1 30.740 9.340 30.169 8.567
250 7 1 30.740 9.376 30.169 8.603
251 7 1 30.725 9.412 30.155 8.640
252 7 1 30.726 9.456 30.155 8.683
253 7 1 30.711 9.499 30.140 8.727
254 7 1 30.697 9.543 30.126 8.770
255 7 1 30.690 9.587 30.119 8.814
256 7 1 30.682 9.623 30.112 8.850
257 7 1 30.668 9.659 30.097 8.887
258 7 1 30.653 9.696 30.083 8.923
259 7 1 30.639 9.732 30.068 8.959
260 7 1 30.625 9.776 30.054 9.003
261 7 1 30.610 9.819 30.039 9.047
262 7 1 30.596 9.863 30.025 9.090
263 7 1 30.589 9.907 30.018 9.134
264 7 1 30.581 9.950 30.010 9.177
265 7 1 30.582 9.994 30.011 9.221
266 7 1 30.567 10.030 29.996 9.257
267 7 1 30.553 10.067 29.982 9.294
268 7 1 30.553 10.110 29.982 9.337
269 7 1 30.553 10.146 29.982 9.374
270 7 1 30.538 10.183 29.967 9.410
271 7 1 30.539 10.226 29.968 9.454
272 7 1 30.531 10.270 29.960 9.497
273 7 1 30.524 10.314 29.953 9.541
274 7 1 30.524 10.350 29.953 9.577
275 7 1 30.780 10.421 29.728 9.716
276 7 1 30.510 10.379 29.939 9.606
277 7 1 30.444 10.409 29.997 9.635
278 7 1 30.444 10.445 29.997 9.671
279 7 1 30.430 10.489 29.983 9.715
280 7 1 30.430 10.518 29.983 9.744
281 7 1 30.416 10.554 29.968 9.780
282 7 1 30.416 10.583 29.969 9.809
283 7 1 30.401 10.634 29.954 9.860
284 7 1 30.401 10.663 29.954 9.889
285 7 1 30.402 10.692 29.954 9.918
286 7 1 30.387 10.729 29.940 9.955
287 7 1 30.387 10.765 29.940 9.991
288 7 1 30.373 10.809 29.925 10.035
289 7 1 30.373 10.845 29.926 10.071
290 7 1 30.358 10.874 29.911 10.100
291 7 1 30.358 10.903 29.911 10.129
292 7 1 30.344 10.932 29.897 10.158
293 7 1 30.344 10.983 29.897 10.209
294 7 1 30.330 11.012 29.882 10.238
295 7 1 30.330 11.041 29.882 10.267
296 7 1 30.330 11.071 29.882 10.296
297 7 1 30.330 11.107 29.883 10.333
298 7 1 30.315 11.136 29.868 10.362
299 7 1 30.315 11.165 29.868 10.391
300 7 1 30.316 11.216 29.868 10.442
301 7 1 30.301 11.245 29.854 10.471
302 7 1 30.301 11.274 29.854 10.500
303 7 1 30.301 11.311 29.854 10.536
304 7 1 30.301 11.340 29.854 10.565
305 7 1 30.301 11.369 29.854 10.594
306 7 1 30.302 11.420 29.854 10.645
307 7 1 30.302 11.449 29.854 10.674
308 7 1 30.302 11.485 29.854 10.711
309 7 1 30.302 11.514 29.855 10.740
310 7 1 30.309 11.543 29.862 10.769
311 7 1 30.317 11.572 29.869 10.798
312 7 1 30.302 11.601 29.855 10.827
313 7 1 30.310 11.652 29.862 10.878
314 7 1 30.317 11.688 29.870 10.914
315 7 1 30.778 12.092 29.607 10.785
316 7 1 30.310 11.710 29.862 10.936
317 7 1 30.310 11.739 29.862 10.965
318 7 1 30.310 11.768 29.863 10.994
319 7 1 30.317 11.812 29.870 11.038
320 7 1 30.691 12.187 29.644 10.981
321 7 1 30.310 11.834 29.863 11.060
322 7 1 30.310 11.885 29.863 11.110
323 7 1 30.310 11.914 29.863 11.139
324 7 1 30.311 11.950 29.863 11.176
325 7 1 30.311 12.001 29.863 11.227
326 7 1 30.311 12.030 29.863 11.256
327 7 1 30.311 12.059 29.863 11.285
328 7 1 30.158 12.279 29.783 11.373
329 7 1 30.223 12.082 29.776 11.307
330 7 1 30.223 12.096 29.776 11.322
331 7 1 30.223 12.118 29.776 11.344
332 7 1 30.202 12.148 29.754 11.373
333 7 1 30.194 12.177 29.747 11.402
334 7 1 30.137 12.417 29.667 11.570
335 7 1 30.122 12.374 29.674 11.599
336 7 1 30.122 12.403 29.675 11.628
337 7 1 30.144 12.439 29.697 11.664
338 7 1 30.152 12.475 29.704 11.701
339 7 1 30.174 12.526 29.726 11.751
340 7 1 30.181 12.562 29.733 11.788
341 7 1 30.181 12.613 29.734 11.839
342 7 1 30.203 12.642 29.756 11.867
343 7 1 30.203 12.671 29.756 11.897
344 7 1 30.196 12.664 29.748 11.889
345 7 1 30.196 12.693 29.748 11.918
346 7 1 30.196 12.693 29.748 11.918
347 7 1 30.196 12.570 29.749 12.122
348 7 1 30.203 12.548 29.757 12.202
349 7 1 30.210 12.548 29.764 12.253
350 7 1 30.210 12.577 29.764 12.282
351 7 1 30.210 12.606 29.764 12.311
352 7 1 30.210 12.635 29.764 12.340
353 7 1 30.211 12.671 29.764 12.377
354 7 1 30.211 12.700 29.765 12.457
355 7 1 30.211 12.700 29.765 12.457
64 11 1 33.359 17.863 32.701 17.375
65 11 1 33.395 17.834 32.772 16.907
66 11 1 33.388 17.834 32.764 16.915
67 11 1 33.388 17.805 32.764 16.886
68 11 1 33.387 17.754 32.764 16.835
69 11 1 33.387 17.725 32.764 16.805
70 11 1 33.408 17.447 32.669 16.836
71 11 1 33.358 17.579 32.720 16.718
72 11 1 33.357 17.535 32.720 16.675
73 11 1 33.357 17.491 32.719 16.631
74 11 1 33.335 17.463 32.697 16.602
75 11 1 33.335 17.412 32.697 16.551
76 11 1 33.335 17.360 32.697 16.500
77 11 1 33.327 17.317 32.690 16.456
78 11 1 33.327 17.258 32.689 16.398
79 11 1 33.327 17.200 32.689 16.340
80 11 1 33.327 17.156 32.689 16.296
81 11 1 33.326 17.098 32.689 16.238
82 11 1 33.326 17.040 32.688 16.179
83 11 1 33.326 16.996 32.688 16.136
84 11 1 33.326 16.952 32.688 16.092
85 11 1 33.325 16.901 32.688 16.041
86 11 1 33.325 16.865 32.688 16.005
87 11 1 33.325 16.821 32.688 15.961
88 11 1 33.325 16.777 32.687 15.917
89 11 1 33.325 16.748 32.687 15.888
90 11 1 33.339 16.697 32.702 15.837
91 11 1 33.339 16.661 32.702 15.800
92 11 1 33.339 16.631 32.701 15.771
93 11 1 33.339 16.595 32.701 15.735
94 11 1 33.339 16.551 32.701 15.691
95 11 1 33.338 16.515 32.701 15.655
96 11 1 33.338 16.471 32.701 15.611
97 11 1 33.338 16.427 32.701 15.567
98 11 1 33.360 16.369 32.722 15.509
99 11 1 33.367 16.325 32.729 15.465
100 11 1 33.374 16.274 32.736 15.414
101 11 1 33.388 16.223 32.751 15.363
102 11 1 33.395 16.172 32.758 15.312
103 11 1 33.395 16.121 32.758 15.261
104 11 1 33.395 16.077 32.757 15.217
105 11 1 33.409 16.033 32.772 15.173
106 11 1 33.409 15.990 32.772 15.130
107 11 1 33.409 15.946 32.771 15.086
108 11 1 33.409 15.917 32.771 15.057
109 11 1 33.408 15.873 32.771 15.013
110 11 1 33.408 15.829 32.771 14.970
111 11 1 33.408 15.786 32.771 14.926
112 11 1 33.408 15.742 32.771 14.882
113 11 1 33.408 15.698 32.770 14.838
114 11 1 33.407 15.655 32.770 14.795
115 11 1 33.407 15.596 32.770 14.737
116 11 1 33.407 15.538 32.770 14.678
117 11 1 33.407 15.480 32.770 14.620
118 11 1 33.407 15.436 32.769 14.576
119 11 1 33.406 15.378 32.769 14.518
120 11 1 33.537 15.369 32.870 14.350
121 11 1 33.515 15.297 32.878 14.415
122 11 1 33.515 15.253 32.878 14.372
123 11 1 33.515 15.210 32.878 14.328
124 11 1 33.515 15.180 32.877 14.299
125 11 1 33.514 15.144 32.877 14.263
126 11 1 33.514 15.108 32.877 14.226
127 11 1 33.514 15.071 32.877 14.190
128 11 1 33.528 15.027 32.891 14.146
129 11 1 33.543 14.991 32.906 14.110
130 11 1 33.543 14.955 32.906 14.073
131 11 1 33.550 14.918 32.913 14.037
132 11 1 33.557 14.882 32.920 14.000
133 11 1 33.557 14.838 32.920 13.957
134 11 1 33.557 14.802 32.920 13.920
135 11 1 33.564 14.758 32.927 13.877
136 11 1 33.571 14.714 32.934 13.833
137 11 1 33.585 14.663 32.948 13.782
138 11 1 33.585 14.620 32.948 13.738
139 11 1 33.599 14.576 32.962 13.695
140 11 1 33.599 14.532 32.962 13.651
141 11 1 33.613 14.488 32.977 13.607
142 11 1 33.613 14.445 32.976 13.564
143 11 1 33.613 14.401 32.976 13.520
144 11 1 33.627 14.372 32.991 13.491
145 11 1 33.743 14.138 32.918 13.462
146 11 1 33.620 14.321 32.983 13.440
147 11 1 33.620 14.285 32.983 13.404
148 11 1 33.620 14.248 32.983 13.367
149 11 1 33.619 14.212 32.983 13.331
150 11 1 33.619 14.183 32.983 13.302
151 11 1 33.619 14.139 32.982 13.258
152 11 1 33.633 14.095 32.997 13.214
153 11 1 33.641 14.052 33.004 13.171
154 11 1 33.640 14.008 33.004 13.127
155 11 1 33.698 13.949 32.981 12.938
156 11 1 33.647 13.892 33.003 13.004
157 11 1 33.654 13.848 33.010 12.960
158 11 1 33.654 13.804 33.010 12.916
159 11 1 33.661 13.775 33.017 12.887
160 11 1 33.741 13.651 33.039 12.902
161 11 1 33.675 13.710 33.024 12.844
162 11 1 33.690 13.666 33.039 12.800
163 11 1 33.690 13.630 33.038 12.764
164 11 1 33.689 13.593 33.038 12.727
165 11 1 33.820 13.440 33.104 12.814
166 11 1 33.682 13.564 33.031 12.698
167 11 1 33.682 13.528 33.031 12.662
168 11 1 33.689 13.484 33.038 12.618
169 11 1 33.689 13.455 33.038 12.589
170 11 1 33.768 13.273 33.131 12.305
171 11 1 33.710 13.237 33.059 12.364
172 11 1 33.709 13.201 33.058 12.328
173 11 1 33.717 13.150 33.066 12.277
174 11 1 33.716 13.114 33.065 12.240
175 11 1 33.738 13.055 33.087 12.182
176 11 1 33.752 12.997 33.101 12.124
177 11 1 33.774 12.939 33.123 12.066
178 11 1 33.781 12.881 33.130 12.007
179 11 1 33.781 12.844 33.130 11.971
180 11 1 33.853 12.713 33.151 11.956
181 11 1 33.824 12.779 33.173 11.913
182 11 1 33.824 12.735 33.173 11.869
183 11 1 33.831 12.684 33.180 11.818
184 11 1 33.831 12.648 33.180 11.782
185 11 1 33.852 12.611 33.201 11.746
186 11 1 33.852 12.575 33.201 11.709
187 11 1 33.859 12.531 33.208 11.666
188 11 1 33.881 12.488 33.230 11.622
189 11 1 33.880 12.430 33.230 11.564
190 11 1 33.888 12.386 33.237 11.520
191 11 1 33.895 12.342 33.244 11.477
192 11 1 33.894 12.284 33.244 11.419
193 11 1 33.916 12.241 33.265 11.375
194 11 1 33.923 12.190 33.272 11.324
195 11 1 33.923 12.132 33.272 11.266
196 11 1 33.944 12.081 33.294 11.215
197 11 1 33.951 12.037 33.301 11.172
198 11 1 33.973 11.986 33.322 11.121
199 11 1 33.980 11.935 33.329 11.070
200 11 1 34.168 11.781 33.460 11.127
201 11 1 33.994 11.870 33.344 11.004
202 11 1 34.001 11.826 33.351 10.961
203 11 1 34.008 11.790 33.358 10.925
204 11 1 34.008 11.746 33.358 10.881
205 11 1 34.203 11.549 33.423 10.786
206 11 1 34.001 11.717 33.350 10.852
207 11 1 34.015 11.674 33.365 10.808
208 11 1 34.015 11.659 33.365 10.794
209 11 1 34.029 11.630 33.379 10.765
210 11 1 34.254 11.549 33.472 10.431
211 11 1 34.022 11.594 33.372 10.729
212 11 1 34.022 11.558 33.371 10.692
213 11 1 34.029 11.514 33.378 10.649
214 11 1 34.050 11.470 33.400 10.605
215 11 1 34.079 11.412 33.429 10.547
216 11 1 34.289 11.237 33.646 10.313
217 11 1 34.282 11.215 33.639 10.350
218 11 1 34.303 11.178 33.660 10.313
219 11 1 34.317 11.128 33.675 10.262
220 11 1 34.403 10.808 33.688 10.132
221 11 1 34.325 11.091 33.682 10.226
222 11 1 34.324 11.041 33.681 10.175
223 11 1 34.331 11.004 33.689 10.139
224 11 1 34.331 10.961 33.688 10.096
225 11 1 34.345 10.910 33.703 10.045
226 11 1 34.345 10.874 33.702 10.009
227 11 1 34.345 10.830 33.702 9.965
228 11 1 34.345 10.772 33.702 9.907
229 11 1 34.345 10.729 33.702 9.864
230 11 1 34.496 10.626 33.758 9.508
231 11 1 34.330 10.678 33.687 9.813
232 11 1 34.344 10.627 33.701 9.762
233 11 1 34.358 10.584 33.716 9.719
234 11 1 34.351 10.519 33.708 9.654
235 11 1 34.488 10.358 33.888 9.370
236 11 1 34.495 10.307 33.860 9.443
237 11 1 34.502 10.264 33.867 9.399
238 11 1 34.509 10.235 33.874 9.370
239 11 1 34.509 10.191 33.874 9.327
240 11 1 34.493 9.916 33.866 9.189
241 11 1 34.457 10.003 33.822 9.146
242 11 1 34.457 9.953 33.822 9.095
243 11 1 34.464 9.917 33.829 9.059
244 11 1 34.464 9.866 33.829 9.008
245 11 1 34.420 9.859 33.820 8.806
246 11 1 34.464 9.815 33.828 8.958
247 11 1 34.463 9.779 33.828 8.922
248 11 1 34.463 9.721 33.828 8.864
249 11 1 34.463 9.663 33.828 8.806
250 11 1 34.485 9.801 33.827 8.625
251 11 1 34.455 9.620 33.820 8.762
252 11 1 34.455 9.576 33.820 8.719
253 11 1 34.455 9.518 33.820 8.661
254 11 1 34.455 9.475 33.820 8.618
255 11 1 34.526 9.214 33.826 8.437
256 11 1 34.490 9.265 33.855 8.415
257 11 1 34.504 9.214 33.869 8.364
258 11 1 34.504 9.156 33.869 8.306
259 11 1 34.489 9.127 33.854 8.277
260 11 1 34.489 9.084 33.854 8.234
261 11 1 34.474 9.026 33.839 8.176
262 11 1 34.474 8.983 33.839 8.133
263 11 1 34.459 8.939 33.824 8.089
264 11 1 34.459 8.867 33.824 8.017
265 11 1 34.444 8.831 33.809 7.981
266 11 1 34.430 8.780 33.795 7.931
267 11 1 34.415 8.759 33.780 7.909
268 11 1 34.415 8.679 33.780 7.837
269 11 1 34.414 8.629 33.780 7.786
270 11 1 34.414 8.571 33.779 7.728
271 11 1 34.428 8.542 33.794 7.699
272 11 1 34.443 8.469 33.808 7.627
273 11 1 34.443 8.455 33.808 7.620
274 11 1 34.435 8.426 33.800 7.591
275 11 1 34.528 8.136 33.763 7.432
276 11 1 34.420 8.383 33.786 7.547
277 11 1 34.420 8.361 33.786 7.526
278 11 1 34.420 8.339 33.786 7.504
279 11 1 34.420 8.310 33.785 7.475
280 11 1 34.420 8.281 33.785 7.446
281 11 1 34.420 8.281 33.785 7.446
282 11 1 34.398 8.296 33.771 7.461
283 11 1 34.398 8.296 33.771 7.461
284 11 1 34.398 8.281 33.771 7.446
285 11 1 34.398 8.253 33.771 7.417
286 11 1 34.391 8.195 33.763 7.359
287 11 1 34.390 8.130 33.763 7.294
288 11 1 34.383 8.043 33.755 7.215
289 11 1 34.375 8.036 33.748 7.208
290 11 1 34.584 7.745 33.855 6.868
291 11 1 34.539 7.457 33.919 6.593
292 11 1 34.546 7.442 33.919 6.614
293 11 1 34.553 7.391 33.926 6.564
294 11 1 34.553 7.355 33.926 6.535
295 11 1 34.553 7.305 33.926 6.484
296 11 1 34.553 7.269 33.926 6.448
297 11 1 34.538 7.218 33.911 6.398
298 11 1 34.538 7.160 33.911 6.340
299 11 1 34.523 7.124 33.896 6.304
300 11 1 34.574 7.167 33.852 6.196
301 11 1 34.516 7.067 33.889 6.246
302 11 1 34.508 7.016 33.881 6.196
303 11 1 34.501 6.958 33.874 6.138
304 11 1 34.508 6.900 33.881 6.080
305 11 1 34.623 6.849 33.872 5.878
306 11 1 34.500 6.828 33.880 6.008
307 11 1 34.500 6.785 33.880 5.965
308 11 1 34.500 6.734 33.880 5.914
309 11 1 34.499 6.684 33.880 5.863
310 11 1 34.628 6.387 33.864 5.683
311 11 1 34.492 6.641 33.872 5.820
312 11 1 34.492 6.597 33.872 5.777
313 11 1 34.491 6.561 33.872 5.741
314 11 1 34.491 6.518 33.872 5.697
315 11 1 34.513 6.467 33.900 5.647
316 11 1 34.512 6.417 33.900 5.596
317 11 1 34.512 6.366 33.900 5.546
318 11 1 34.512 6.308 33.900 5.488
319 11 1 34.519 6.250 33.907 5.430
320 11 1 34.526 6.185 33.914 5.365
321 11 1 34.533 6.128 33.921 5.308
322 11 1 34.533 6.077 33.920 5.257
323 11 1 34.532 6.019 33.920 5.199
324 11 1 34.532 5.969 33.920 5.149
325 11 1 34.532 5.918 33.920 5.098
326 11 1 34.539 5.868 33.927 5.048
327 11 1 34.539 5.817 33.926 4.997
328 11 1 34.567 5.774 33.955 4.954
329 11 1 34.596 5.723 33.984 4.903
330 11 1 34.596 5.680 33.991 4.860
331 11 1 34.588 5.644 33.984 4.824
332 11 1 34.581 5.601 33.976 4.781
333 11 1 34.581 5.565 33.976 4.745
334 11 1 34.581 5.521 33.976 4.701
335 11 1 34.595 5.449 33.858 4.226
336 11 1 34.573 5.471 33.968 4.651
337 11 1 34.573 5.442 33.968 4.622
338 11 1 34.573 5.384 33.968 4.564
339 11 1 34.565 5.327 33.960 4.507
340 11 1 34.558 5.269 33.953 4.449
341 11 1 34.557 5.211 33.953 4.391
342 11 1 34.557 5.154 33.952 4.334
343 11 1 34.542 5.096 33.938 4.276
344 11 1 34.542 5.053 33.937 4.233
345 11 1 34.527 4.995 33.923 4.175
346 11 1 34.513 4.966 33.908 4.146
347 11 1 34.498 4.923 33.893 4.103
348 11 1 34.498 4.880 33.893 4.060
349 11 1 34.498 4.836 33.893 4.017
350 11 1 34.497 4.793 33.893 3.973
351 11 1 34.497 4.750 33.893 3.930
352 11 1 34.483 4.714 33.878 3.894
353 11 1 34.482 4.663 33.878 3.844
354 11 1 34.482 4.620 33.877 3.801
355 11 1 34.467 4.577 33.863 3.757
356 11 1 34.467 4.519 33.862 3.700
357 11 1 34.452 4.462 33.848 3.642
358 11 1 34.452 4.404 33.847 3.584
359 11 1 34.437 4.361 33.833 3.541
360 11 1 34.437 4.303 33.833 3.484
361 11 1 34.437 4.260 33.832 3.440
362 11 1 34.437 4.217 33.832 3.397
363 11 1 34.437 4.173 33.832 3.354
364 11 1 34.451 4.130 33.846 3.311
365 11 1 34.494 4.072 33.889 3.253
366 11 1 34.494 4.036 33.889 3.217
367 11 1 34.494 4.015 33.889 3.195
368 11 1 34.494 3.986 33.889 3.166
369 11 1 34.493 3.957 33.889 3.138
370 11 1 34.493 3.928 33.889 3.109
371 11 1 34.493 3.899 33.889 3.080
372 11 1 34.493 3.871 33.888 3.051
373 11 1 34.478 3.827 33.874 3.008
374 11 1 34.478 3.784 33.874 2.965
375 11 1 34.478 3.734 33.873 2.914
376 11 1 34.478 3.683 33.873 2.864
377 11 1 34.463 3.640 33.858 2.821
378 11 1 34.463 3.590 33.858 2.770
379 11 1 34.462 3.547 33.858 2.727
380 11 1 34.448 3.496 33.843 2.677
381 11 1 34.433 3.453 33.829 2.634
382 11 1 34.418 3.410 33.814 2.590
383 11 1 34.404 3.367 33.799 2.547
384 11 1 34.389 3.324 33.785 2.504
385 11 1 34.374 3.273 33.770 2.454
386 11 1 34.360 3.237 33.755 2.418
387 11 1 34.360 3.201 33.755 2.382
388 11 1 34.359 3.180 33.755 2.360
389 11 1 34.359 3.165 33.755 2.353
390 11 1 34.359 3.136 33.755 2.331
391 11 1 34.345 3.108 33.740 2.310
392 11 1 34.344 3.064 33.740 2.274
393 11 1 34.330 3.050 33.726 2.267
394 11 1 34.323 3.100 33.719 2.324
395 11 1 34.316 3.072 33.711 2.303
396 11 1 34.301 3.036 33.697 2.274
397 11 1 34.301 2.978 33.697 2.224
398 11 1 34.293 2.928 33.689 2.180
399 11 1 34.300 2.870 33.696 2.130
400 11 1 34.293 2.993 33.689 2.260
401 11 1 34.293 2.985 33.689 2.260
402 11 1 34.293 2.985 33.690 2.267
403 11 1 34.293 2.978 33.690 2.267
404 11 1 34.293 2.978 33.690 2.274
405 11 1 34.293 2.971 33.690 2.274
406 11 1 34.293 2.971 33.690 2.281
407 11 1 34.293 2.964 33.690 2.281
408 11 1 34.293 2.964 33.690 2.288
409 11 1 34.293 2.957 33.690 2.288
410 11 1 34.293 2.957 33.690 2.296
411 11 1 34.293 2.949 33.690 2.296
412 11 1 34.293 2.949 33.690 2.303
413 11 1 34.293 2.942 33.690 2.303
414 11 1 34.293 2.942 33.690 2.310
415 11 1 34.293 2.935 33.690 2.310
416 11 1 34.293 2.935 33.690 2.317
417 11 1 34.293 2.928 33.690 2.317
418 11 1 34.293 2.928 33.690 2.324
419 11 1 34.293 2.921 33.690 2.324
420 11 1 34.293 2.921 33.690 2.332
421 11 1 34.293 2.913 33.690 2.332
422 11 1 34.293 2.913 33.690 2.339
423 11 1 34.293 2.906 33.690 2.339
424 11 1 34.293 2.899 33.690 2.339
425 11 1 34.293 2.892 33.690 2.339
426 11 1 34.293 2.892 33.690 2.346
427 11 1 34.271 2.885 33.668 2.346
428 11 1 34.264 2.885 33.661 2.353
429 11 1 34.264 2.863 33.661 2.339
430 11 1 34.242 2.813 33.639 2.382
431 11 1 34.235 2.791 33.632 2.368
432 11 1 34.235 2.777 33.632 2.361
433 11 1 34.220 2.719 33.618 2.382
434 11 1 34.212 2.698 33.610 2.368
435 11 1 34.205 2.669 33.603 2.346
436 11 1 34.205 2.647 33.603 2.332
437 11 1 34.205 2.604 33.603 2.353
438 11 1 34.190 2.604 33.589 2.361
439 11 1 34.168 2.568 33.567 2.375
440 11 1 34.161 2.568 33.560 2.375
441 11 1 34.147 2.547 33.545 2.397
442 11 1 34.139 2.518 33.538 2.404
443 11 1 34.132 2.496 33.531 2.404
444 11 1 34.125 2.482 33.524 2.404
445 11 1 34.117 2.467 33.516 2.404
446 11 1 34.110 2.460 33.509 2.397
447 11 1 34.103 2.439 33.502 2.390
448 11 1 34.095 2.431 33.495 2.382
449 11 1 34.088 2.431 33.487 2.382
450 11 1 34.081 2.417 33.480 2.382
451 11 1 34.074 2.410 33.473 2.382
452 11 1 34.066 2.403 33.466 2.382
453 11 1 34.066 2.403 33.466 2.382
