0 0 1 31.799 2.782 31.128 1.789
1 0 1 31.823 2.813 31.120 1.774
2 0 1 31.815 2.860 31.112 1.821
3 0 1 31.807 2.908 31.104 1.868
4 0 1 31.799 2.939 31.096 1.899
5 0 1 31.791 2.986 31.088 1.947
6 0 1 31.767 3.034 31.064 1.994
7 0 1 31.775 3.049 31.072 2.010
8 0 1 31.767 3.112 31.064 2.072
9 0 1 31.775 3.144 31.072 2.104
10 0 1 31.799 3.175 31.096 2.135
11 0 1 31.854 3.207 31.151 2.167
12 0 1 31.878 3.238 31.175 2.199
13 0 1 31.902 3.270 31.198 2.230
14 0 1 31.886 3.317 31.183 2.277
15 0 1 31.870 3.364 31.167 2.324
16 0 1 31.846 3.427 31.143 2.387
17 0 1 31.838 3.490 31.135 2.450
18 0 1 31.814 3.553 31.111 2.513
19 0 1 31.806 3.616 31.103 2.576
20 0 1 31.799 3.671 31.095 2.631
21 0 1 31.806 3.726 31.103 2.686
22 0 1 31.798 3.758 31.095 2.718
23 0 1 31.798 3.782 31.095 2.742
24 0 1 31.783 3.837 31.079 2.797
25 0 1 31.775 3.900 31.071 2.860
26 0 1 31.727 3.939 31.024 2.899
27 0 1 31.680 3.978 30.976 2.938
28 0 1 31.640 4.026 30.937 2.985
29 0 1 31.616 4.089 30.913 3.048
30 0 1 31.592 4.136 30.889 3.096
31 0 1 31.584 4.167 30.881 3.127
32 0 1 31.553 4.230 30.849 3.190
33 0 1 31.553 4.278 30.849 3.237
34 0 1 31.545 4.356 30.841 3.316
35 0 1 31.553 4.380 30.849 3.340
36 0 1 31.545 4.435 30.841 3.395
37 0 1 31.537 4.498 30.833 3.458
38 0 1 31.521 4.538 30.817 3.497
39 0 1 31.537 4.577 30.833 3.537
40 0 1 31.560 4.624 30.857 3.584
41 0 1 31.584 4.687 30.881 3.647
42 0 1 31.608 4.750 30.904 3.710
43 0 1 31.616 4.798 30.912 3.757
44 0 1 31.631 4.821 30.928 3.781
45 0 1 31.663 4.861 30.959 3.820
46 0 1 31.655 4.924 30.952 3.883
47 0 1 31.639 4.987 30.936 3.946
48 0 1 31.639 5.034 30.936 3.994
49 0 1 31.631 5.113 30.928 4.072
50 0 1 31.615 5.137 30.912 4.096
51 0 1 31.631 5.208 30.927 4.167
52 0 1 31.639 5.255 30.935 4.214
53 0 1 31.639 5.310 30.935 4.269
54 0 1 31.639 5.365 30.935 4.325
55 0 1 31.631 5.397 30.927 4.356
56 0 1 31.599 5.436 30.896 4.396
57 0 1 31.583 5.507 30.880 4.466
58 0 1 31.544 5.570 30.840 4.530
59 0 1 31.512 5.610 30.808 4.569
60 0 1 31.496 5.649 30.792 4.608
61 0 1 31.504 5.696 30.800 4.656
62 0 1 31.496 5.775 30.792 4.734
63 0 1 31.488 5.823 30.784 4.782
64 0 1 31.480 5.886 30.776 4.845
65 0 1 31.488 5.949 30.784 4.908
66 0 1 31.480 5.996 30.776 4.955
67 0 1 31.472 6.043 30.768 5.002
68 0 1 31.456 6.107 30.752 5.066
69 0 1 31.472 6.170 30.768 5.129
70 0 1 31.480 6.217 30.776 5.176
71 0 1 31.504 6.241 30.800 5.200
72 0 1 31.527 6.296 30.823 5.255
73 0 1 31.535 6.359 30.831 5.318
74 0 1 31.535 6.422 30.831 5.381
75 0 1 31.567 6.469 30.863 5.428
76 0 1 31.590 6.501 30.887 5.460
77 0 1 31.590 6.540 30.887 5.499
78 0 1 31.590 6.627 30.886 5.586
79 0 1 31.598 6.674 30.894 5.633
80 0 1 31.408 6.753 30.609 5.728
81 0 1 31.376 6.753 30.649 5.720
82 0 1 31.384 6.801 30.656 5.767
83 0 1 31.376 6.880 30.648 5.846
84 0 1 31.384 6.911 30.656 5.878
85 0 1 31.392 6.959 30.664 5.925
86 0 1 31.400 7.014 30.672 5.980
87 0 1 31.408 7.038 30.680 6.004
88 0 1 31.416 7.069 30.688 6.036
89 0 1 31.424 7.124 30.696 6.091
90 0 1 31.447 7.164 30.719 6.130
91 0 1 31.455 7.211 30.727 6.178
93 0 1 31.439 7.187 30.712 6.154
94 0 1 31.423 7.266 30.696 6.233
95 0 1 31.431 7.330 30.703 6.296
96 0 1 31.423 7.369 30.695 6.335
97 0 1 31.415 7.440 30.687 6.406
98 0 1 31.392 7.487 30.664 6.454
99 0 1 31.384 7.527 30.656 6.493
100 0 1 31.360 7.598 30.632 6.564
101 0 1 31.352 7.645 30.624 6.612
102 0 1 31.328 7.456 30.600 6.430
103 0 1 31.320 7.772 30.592 6.746
104 0 1 31.328 7.819 30.600 6.793
105 0 1 31.328 7.930 30.600 6.919
106 0 1 31.328 7.922 30.600 6.912
107 0 1 31.304 7.953 30.576 6.943
108 0 1 31.240 8.182 30.504 7.204
110 0 1 31.232 8.174 30.496 7.196
111 0 1 31.217 8.214 30.480 7.235
112 0 1 31.232 8.269 30.496 7.291
113 0 1 31.216 8.340 30.480 7.362
114 0 1 31.232 8.380 30.496 7.401
115 0 1 31.216 8.435 30.480 7.456
116 0 1 31.216 8.475 30.480 7.496
117 0 1 31.216 8.514 30.480 7.535
118 0 1 31.200 8.554 30.464 7.575
120 0 1 31.193 8.546 30.456 7.567
121 0 1 31.192 8.585 30.456 7.606
122 0 1 31.192 8.641 30.456 7.662
123 0 1 31.177 8.680 30.440 7.701
124 0 1 31.161 8.735 30.424 7.757
125 0 1 31.145 8.791 30.408 7.812
126 0 1 31.129 8.846 30.393 7.867
127 0 1 31.113 8.901 30.377 7.922
128 0 1 31.097 8.957 30.361 7.978
129 0 1 31.081 8.996 30.345 8.017
130 0 1 31.065 9.052 30.329 8.073
131 0 1 31.033 9.131 30.321 8.215
133 0 1 31.041 9.146 30.313 8.191
134 0 1 31.033 9.194 30.305 8.238
135 0 1 31.025 9.225 30.297 8.270
136 0 1 31.017 9.273 30.289 8.317
137 0 1 30.994 9.320 30.265 8.365
138 0 1 31.001 9.368 30.273 8.412
139 0 1 30.993 9.415 30.265 8.460
140 0 1 30.985 9.463 30.257 8.507
141 0 1 30.978 9.510 30.249 8.555
142 0 1 30.954 9.558 30.225 8.602
143 0 1 30.930 9.605 30.201 8.649
144 0 1 30.922 9.652 30.193 8.697
145 0 1 30.914 9.700 30.185 8.744
146 0 1 30.922 9.747 30.193 8.792
147 0 1 30.914 9.795 30.185 8.839
148 0 1 30.922 9.826 30.193 8.871
149 0 1 30.914 9.874 30.185 8.918
150 0 1 30.937 9.921 30.209 8.966
151 0 1 30.945 9.953 30.217 8.997
152 0 1 30.953 10.000 30.225 9.045
153 0 1 30.929 10.032 30.201 9.076
154 0 1 30.937 10.079 30.209 9.124
155 0 1 30.929 10.111 30.201 9.155
156 0 1 30.937 10.158 30.208 9.203
157 0 1 30.929 10.206 30.200 9.250
158 0 1 30.921 10.253 30.192 9.298
159 0 1 30.897 10.301 30.169 9.345
160 0 1 30.889 10.348 30.161 9.393
161 0 1 30.866 10.396 30.137 9.440
162 0 1 30.842 10.459 30.113 9.503
163 0 1 30.818 10.507 30.089 9.551
164 0 1 30.810 10.554 30.081 9.598
165 0 1 30.786 10.602 30.057 9.646
166 0 1 30.762 10.633 30.033 9.677
167 0 1 30.738 10.681 30.009 9.725
168 0 1 30.730 10.697 30.001 9.741
169 0 1 30.691 10.744 29.962 9.788
170 0 1 30.683 10.792 29.954 9.836
171 0 1 30.675 10.839 29.946 9.883
172 0 1 30.667 10.887 29.938 9.931
173 0 1 30.659 10.934 29.930 9.978
174 0 1 30.651 10.982 29.922 10.026
175 0 1 30.627 11.029 29.898 10.073
176 0 1 30.603 11.077 29.874 10.120
177 0 1 30.579 11.124 29.850 10.168
178 0 1 30.571 11.156 29.842 10.200
179 0 1 30.547 11.203 29.818 10.247
180 0 1 30.523 11.251 29.794 10.295
181 0 1 30.500 11.298 29.771 10.342
182 0 1 30.492 11.330 29.763 10.374
183 0 1 30.484 11.378 29.755 10.421
184 0 1 30.476 11.393 29.747 10.437
185 0 1 30.452 11.409 29.723 10.453
186 0 1 30.356 11.631 29.643 10.714
188 0 1 30.356 11.639 29.635 10.691
189 0 1 30.340 11.679 29.619 10.730
190 0 1 30.324 11.718 29.603 10.770
191 0 1 30.293 11.774 29.571 10.825
192 0 1 30.277 11.813 29.555 10.865
193 0 1 30.245 11.885 29.524 10.936
194 0 1 30.213 11.924 29.492 10.976
195 0 1 30.181 11.980 29.460 11.031
196 0 1 30.165 12.019 29.444 11.071
197 0 1 30.149 12.075 29.428 11.126
198 0 1 30.133 12.115 29.412 11.166
199 0 1 30.102 12.154 29.380 11.206
200 0 1 30.070 12.162 29.348 11.214
201 0 1 30.038 12.218 29.317 11.269
202 0 1 30.022 12.273 29.301 11.324
203 0 1 30.022 12.329 29.300 11.380
204 0 1 30.006 12.368 29.285 11.419
205 0 1 29.990 12.424 29.269 11.475
206 0 1 29.974 12.448 29.253 11.499
207 0 1 29.958 12.503 29.237 11.554
209 0 1 29.950 12.495 29.229 11.546
210 0 1 29.934 12.535 29.213 11.586
211 0 1 29.902 12.575 29.181 11.626
212 0 1 29.887 12.630 29.165 11.681
213 0 1 29.854 12.844 29.204 11.911
215 0 1 29.878 12.844 29.173 11.903
216 0 1 29.894 12.876 29.188 11.934
217 0 1 29.910 12.907 29.204 11.966
218 0 1 29.989 12.891 29.284 11.950
219 0 1 30.021 12.875 29.316 11.934
220 0 1 30.021 12.859 29.316 11.918
221 0 1 30.005 12.844 29.300 11.903
222 0 1 29.990 12.828 29.284 11.887
223 0 1 29.990 12.812 29.284 11.871
224 0 1 29.990 12.780 29.284 11.839
225 0 1 29.974 12.749 29.268 11.808
226 0 1 29.647 13.383 28.988 12.767
227 0 1 29.671 13.399 28.981 12.759
228 0 1 29.663 13.447 28.972 12.807
229 0 1 29.639 13.479 28.949 12.838
230 0 1 29.647 13.526 28.956 12.886
231 0 1 29.718 13.684 28.925 12.933
232 0 1 29.710 13.684 28.925 12.941
233 0 1 29.710 13.732 28.925 12.989
234 0 1 29.702 13.780 28.916 13.037
235 0 1 29.702 13.827 28.916 13.084
236 0 1 29.702 13.875 28.916 13.132
237 0 1 29.702 13.922 28.916 13.179
238 0 1 29.702 13.970 28.916 13.227
239 0 1 29.702 14.018 28.916 13.274
240 0 1 29.702 14.081 28.916 13.338
241 0 1 29.702 14.129 28.916 13.385
242 0 1 29.702 14.192 28.916 13.449
243 0 1 29.710 14.240 28.924 13.496
244 0 1 29.709 14.287 28.924 13.544
245 0 1 29.709 14.335 28.924 13.591
247 0 1 29.733 14.414 28.947 13.671
248 0 1 29.733 14.462 28.947 13.718
249 0 1 29.725 14.509 28.939 13.766
250 0 1 29.725 14.557 28.939 13.813
251 0 1 29.733 14.620 28.947 13.877
252 0 1 29.741 14.668 28.955 13.924
253 0 1 29.741 14.715 28.955 13.972
254 0 1 29.741 14.771 28.955 14.028
255 0 1 29.741 14.826 28.955 14.083
256 0 1 29.740 14.874 28.954 14.131
257 0 1 29.740 14.937 28.954 14.194
258 0 1 29.740 14.985 28.954 14.242
259 0 1 29.740 15.033 28.954 14.289
260 0 1 29.756 15.080 28.970 14.337
261 0 1 29.756 15.128 28.970 14.384
262 0 1 29.756 15.175 28.970 14.432
263 0 1 29.764 15.223 28.978 14.480
264 0 1 29.772 15.271 28.986 14.527
265 0 1 29.772 15.318 28.986 14.575
266 0 1 29.772 15.366 28.985 14.622
267 0 1 29.795 15.413 29.009 14.670
268 0 1 29.803 15.461 29.017 14.718
269 0 1 29.803 15.509 29.017 14.765
270 0 1 29.827 15.572 29.041 14.829
271 0 1 29.835 15.620 29.049 14.876
272 0 1 29.835 15.683 29.049 14.940
273 0 1 29.859 15.731 29.072 14.987
274 0 1 29.866 15.794 29.080 15.051
275 0 1 29.890 15.842 29.104 15.098
276 0 1 29.898 15.889 29.112 15.146
277 0 1 29.922 15.921 29.136 15.177
278 0 1 29.922 15.969 29.136 15.225
279 0 1 29.930 16.016 29.144 15.273
280 0 1 29.930 16.064 29.143 15.320
281 0 1 29.930 16.111 29.143 15.368
282 0 1 29.930 16.159 29.143 15.416
283 0 1 29.945 16.207 29.159 15.463
284 0 1 29.953 16.254 29.167 15.511
285 0 1 29.961 16.302 29.175 15.558
286 0 1 29.961 16.349 29.175 15.606
287 0 1 29.961 16.397 29.175 15.654
288 0 1 29.985 16.461 29.199 15.717
289 0 1 29.985 16.508 29.198 15.765
290 0 1 29.993 16.556 29.206 15.812
291 0 1 29.993 16.603 29.206 15.860
292 0 1 30.016 16.651 29.230 15.907
293 0 1 30.016 16.699 29.230 15.955
294 0 1 30.024 16.746 29.238 16.003
295 0 1 30.048 16.778 29.262 16.034
296 0 1 30.056 16.826 29.270 16.082
297 0 1 30.056 16.857 29.269 16.114
298 0 1 30.080 16.905 29.293 16.161
299 0 1 30.080 16.953 29.293 16.209
300 0 1 30.087 17.000 29.301 16.257
301 0 1 30.111 17.048 29.325 16.304
302 0 1 30.119 17.095 29.333 16.352
303 0 1 30.143 17.143 29.357 16.399
304 0 1 30.151 17.191 29.364 16.447
305 0 1 30.175 17.238 29.388 16.494
306 0 1 30.183 17.286 29.396 16.542
307 0 1 30.206 17.317 29.420 16.574
308 0 1 30.214 17.365 29.428 16.621
309 0 1 30.238 17.397 29.452 16.653
310 0 1 30.246 17.444 29.460 16.701
311 0 1 30.270 17.476 29.483 16.732
312 0 1 30.278 17.524 29.491 16.780
313 0 1 30.278 17.555 29.491 16.812
314 0 1 30.278 17.603 29.491 16.859
315 0 1 30.301 17.635 29.515 16.891
316 0 1 30.309 17.682 29.523 16.939
317 0 1 30.333 17.714 29.547 16.970
318 0 1 30.341 17.762 29.555 17.018
319 0 1 30.341 17.794 29.555 17.050
0 1 1 33.775 3.326 33.151 2.319
1 1 1 33.791 3.358 33.143 2.303
2 1 1 33.799 3.405 33.151 2.350
3 1 1 33.791 3.437 33.143 2.382
4 1 1 33.799 3.484 33.151 2.429
5 1 1 33.791 3.547 33.143 2.492
6 1 1 33.783 3.594 33.135 2.539
7 1 1 33.775 3.625 33.128 2.571
8 1 1 33.767 3.673 33.120 2.618
9 1 1 33.759 3.720 33.112 2.665
10 1 1 33.767 3.751 33.120 2.696
11 1 1 33.744 3.799 33.096 2.744
12 1 1 33.736 3.862 33.088 2.807
13 1 1 33.728 3.909 33.080 2.854
14 1 1 33.736 3.948 33.088 2.893
15 1 1 33.728 4.019 33.080 2.964
16 1 1 33.736 4.066 33.088 3.011
17 1 1 33.728 4.106 33.080 3.050
18 1 1 33.736 4.176 33.088 3.121
19 1 1 33.728 4.239 33.080 3.184
20 1 1 33.720 4.279 33.072 3.224
21 1 1 33.712 4.334 33.064 3.279
22 1 1 33.720 4.397 33.072 3.342
23 1 1 33.712 4.436 33.064 3.381
24 1 1 33.704 4.476 33.056 3.420
25 1 1 33.712 4.523 33.064 3.468
26 1 1 33.720 4.586 33.072 3.531
27 1 1 33.712 4.633 33.064 3.578
28 1 1 33.720 4.680 33.072 3.625
29 1 1 33.712 4.743 33.064 3.688
30 1 1 33.720 4.806 33.072 3.751
31 1 1 33.712 4.854 33.064 3.798
32 1 1 33.720 4.893 33.072 3.838
33 1 1 33.712 4.964 33.064 3.908
34 1 1 33.720 5.027 33.072 3.971
35 1 1 33.712 5.066 33.064 4.011
36 1 1 33.720 5.121 33.072 4.066
37 1 1 33.712 5.184 33.064 4.129
38 1 1 33.720 5.224 33.072 4.168
39 1 1 33.712 5.263 33.064 4.208
40 1 1 33.720 5.310 33.072 4.255
41 1 1 33.712 5.373 33.064 4.318
42 1 1 33.719 5.421 33.072 4.365
43 1 1 33.712 5.452 33.064 4.397
44 1 1 33.719 5.492 33.071 4.436
45 1 1 33.712 5.578 33.064 4.523
46 1 1 33.719 5.610 33.071 4.554
47 1 1 33.712 5.665 33.064 4.609
48 1 1 33.719 5.720 33.071 4.664
49 1 1 33.712 5.783 33.063 4.727
50 1 1 33.719 5.823 33.071 4.767
51 1 1 33.727 5.878 33.079 4.822
52 1 1 33.735 5.941 33.087 4.885
53 1 1 33.727 5.980 33.079 4.924
54 1 1 33.719 6.035 33.071 4.979
55 1 1 33.727 6.083 33.079 5.027
56 1 1 33.751 6.122 33.103 5.066
57 1 1 33.759 6.177 33.111 5.121
58 1 1 33.767 6.209 33.119 5.153
59 1 1 33.759 6.248 33.111 5.192
60 1 1 33.783 6.319 33.134 5.263
61 1 1 33.790 6.382 33.142 5.326
62 1 1 33.798 6.421 33.150 5.365
63 1 1 33.806 6.461 33.158 5.405
64 1 1 33.814 6.508 33.166 5.452
65 1 1 33.822 6.587 33.174 5.531
66 1 1 33.830 6.619 33.182 5.562
67 1 1 33.838 6.666 33.190 5.610
68 1 1 33.846 6.729 33.198 5.673
69 1 1 33.838 6.792 33.190 5.736
70 1 1 33.846 6.824 33.198 5.767
71 1 1 33.838 6.863 33.190 5.807
72 1 1 33.862 6.902 33.213 5.846
73 1 1 33.869 6.950 33.221 5.893
74 1 1 33.877 7.013 33.229 5.957
75 1 1 33.869 7.060 33.221 6.004
76 1 1 33.877 7.092 33.229 6.035
77 1 1 33.885 7.155 33.237 6.098
78 1 1 33.909 7.202 33.261 6.146
79 1 1 33.917 7.265 33.269 6.209
80 1 1 33.925 7.305 33.276 6.248
81 1 1 33.917 7.344 33.269 6.288
82 1 1 33.941 7.391 33.292 6.335
83 1 1 33.933 7.470 33.284 6.414
84 1 1 33.941 7.502 33.292 6.445
85 1 1 33.948 7.549 33.300 6.493
86 1 1 33.972 7.612 33.324 6.556
87 1 1 33.996 7.659 33.348 6.603
88 1 1 34.020 7.691 33.371 6.634
89 1 1 34.020 7.730 33.371 6.674
90 1 1 34.035 7.801 33.387 6.745
91 1 1 34.043 7.864 33.395 6.808
93 1 1 34.075 7.935 33.427 6.887
94 1 1 34.099 7.999 33.458 6.950
95 1 1 34.391 7.833 32.809 7.471
106 1 1 34.700 8.243 33.133 7.881
107 1 1 34.700 8.306 33.149 7.944
108 1 1 34.700 8.353 33.165 7.991
110 1 1 34.700 8.463 33.197 8.102
111 1 1 34.700 8.511 33.213 8.149
112 1 1 34.708 8.542 33.228 8.181
113 1 1 34.708 8.606 33.244 8.244
114 1 1 34.708 8.653 33.252 8.291
115 1 1 34.716 8.716 33.268 8.354
116 1 1 34.716 8.779 33.284 8.417
117 1 1 34.700 8.811 33.276 8.449
118 1 1 34.724 8.874 33.307 8.512
121 1 1 34.716 8.913 33.307 8.560
122 1 1 34.724 8.945 33.315 8.599
123 1 1 34.747 9.000 33.339 8.654
124 1 1 34.739 9.039 33.331 8.694
125 1 1 34.763 9.095 33.355 8.757
126 1 1 34.771 9.150 33.363 8.812
127 1 1 34.779 9.221 33.371 8.883
128 1 1 34.787 9.260 33.378 8.923
129 1 1 34.795 9.316 33.386 8.978
130 1 1 34.803 9.371 33.394 9.033
131 1 1 34.811 9.426 33.402 9.088
133 1 1 34.811 9.521 33.402 9.183
134 1 1 34.803 9.560 33.394 9.223
135 1 1 34.795 9.616 33.386 9.278
136 1 1 34.787 9.655 33.378 9.317
137 1 1 34.779 9.710 33.370 9.373
138 1 1 34.771 9.750 33.363 9.412
139 1 1 34.763 9.805 33.355 9.468
140 1 1 34.739 9.845 33.331 9.507
141 1 1 34.732 9.900 33.323 9.562
142 1 1 34.708 9.940 33.299 9.602
143 1 1 34.700 9.995 33.291 9.657
144 1 1 34.692 10.034 33.283 9.697
145 1 1 34.684 10.090 33.275 9.752
146 1 1 34.660 10.129 33.252 9.792
147 1 1 34.652 10.184 33.244 9.847
148 1 1 34.629 10.224 33.220 9.886
149 1 1 34.621 10.279 33.212 9.942
150 1 1 34.597 10.319 33.188 9.981
151 1 1 34.589 10.358 33.180 10.021
152 1 1 34.565 10.398 33.156 10.060
153 1 1 34.558 10.453 33.148 10.116
154 1 1 34.534 10.493 33.125 10.155
155 1 1 34.526 10.548 33.117 10.210
156 1 1 34.502 10.588 33.093 10.250
157 1 1 34.478 10.643 33.069 10.305
158 1 1 34.455 10.682 33.045 10.345
159 1 1 34.447 10.738 33.037 10.400
160 1 1 34.083 11.062 33.410 10.099
161 1 1 34.415 10.769 33.006 10.440
162 1 1 34.407 10.785 32.998 10.456
163 1 1 34.415 10.801 33.006 10.471
164 1 1 34.376 10.809 32.966 10.487
166 1 1 34.368 10.801 32.958 10.479
167 1 1 33.877 11.276 33.140 10.835
92 1 1 34.375 6.997 33.727 5.949
109 1 1 34.700 8.400 33.181 8.039
119 1 1 34.431 9.064 33.671 8.472
132 1 1 34.803 9.466 33.394 9.128
168 1 1 33.900 11.292 33.132 10.835
169 1 1 33.869 11.332 33.101 10.874
170 1 1 33.845 11.379 33.077 10.922
171 1 1 33.813 11.426 33.045 10.969
172 1 1 33.790 11.474 33.021 11.017
173 1 1 33.766 11.521 32.998 11.064
174 1 1 33.790 11.624 32.744 10.986
175 1 1 33.774 11.616 32.752 10.994
176 1 1 33.758 11.648 32.736 11.025
177 1 1 33.726 11.696 32.704 11.073
178 1 1 33.710 11.727 32.689 11.104
179 1 1 33.679 11.759 32.657 11.136
180 1 1 33.663 11.885 32.855 11.191
181 1 1 33.734 11.854 32.768 11.215
182 1 1 33.718 11.909 32.752 11.270
183 1 1 33.718 11.941 32.752 11.302
184 1 1 33.702 11.980 32.736 11.342
185 1 1 33.687 12.012 32.720 11.373
186 1 1 33.687 12.067 32.720 11.429
188 1 1 33.671 12.170 32.704 11.531
189 1 1 33.655 12.226 32.688 11.587
190 1 1 33.655 12.273 32.688 11.634
191 1 1 33.647 12.328 32.680 11.690
192 1 1 33.639 12.321 32.672 11.682
193 1 1 33.639 12.352 32.672 11.713
194 1 1 33.639 12.368 32.672 11.729
195 1 1 33.671 12.415 32.704 11.777
196 1 1 33.734 12.415 32.768 11.777
197 1 1 33.782 12.383 32.815 11.745
198 1 1 33.568 12.376 32.601 11.737
199 1 1 33.568 12.384 32.601 11.745
200 1 1 33.576 12.392 32.609 11.753
201 1 1 33.576 12.416 32.609 11.777
202 1 1 33.433 12.709 32.403 12.007
203 1 1 33.417 12.677 32.434 12.023
204 1 1 33.409 12.725 32.426 12.070
205 1 1 33.393 12.788 32.411 12.133
206 1 1 33.377 13.160 32.426 12.394
207 1 1 33.385 13.112 32.410 12.434
209 1 1 33.369 13.215 32.395 12.537
210 1 1 33.266 13.263 32.505 12.743
211 1 1 33.346 13.247 32.371 12.569
212 1 1 33.322 13.287 32.347 12.608
213 1 1 33.322 13.310 32.347 12.632
0 2 1 32.622 2.562 31.998 1.704
1 2 1 32.637 2.586 31.990 1.688
2 2 1 32.630 2.625 31.982 1.728
3 2 1 32.622 2.664 31.974 1.767
4 2 1 32.630 2.704 31.982 1.806
5 2 1 32.606 2.743 31.958 1.845
6 2 1 32.614 2.782 31.966 1.885
7 2 1 32.590 2.822 31.942 1.924
8 2 1 32.598 2.861 31.950 1.963
9 2 1 32.574 2.885 31.926 1.987
10 2 1 32.582 2.940 31.934 2.042
11 2 1 32.574 2.995 31.926 2.097
12 2 1 32.566 3.011 31.910 2.113
14 2 1 32.558 3.011 31.910 2.113
15 2 1 32.550 3.050 31.903 2.152
16 2 1 32.542 3.089 31.895 2.192
17 2 1 32.550 3.144 31.902 2.247
18 2 1 32.542 3.184 31.894 2.286
19 2 1 32.550 3.239 31.902 2.341
20 2 1 32.558 3.278 31.910 2.380
21 2 1 32.566 3.333 31.918 2.435
22 2 1 32.574 3.388 31.926 2.491
23 2 1 32.582 3.444 31.934 2.546
24 2 1 32.574 3.483 31.926 2.585
25 2 1 32.582 3.538 31.934 2.640
26 2 1 32.574 3.562 31.926 2.664
27 2 1 32.566 3.601 31.918 2.703
28 2 1 32.574 3.640 31.926 2.742
29 2 1 32.582 3.695 31.934 2.798
30 2 1 32.574 3.735 31.926 2.837
31 2 1 32.582 3.790 31.934 2.892
32 2 1 32.558 3.829 31.910 2.931
33 2 1 32.550 3.884 31.902 2.986
34 2 1 32.542 3.940 31.894 3.041
35 2 1 32.534 3.995 31.886 3.097
36 2 1 32.510 4.050 31.862 3.152
37 2 1 32.502 4.105 31.854 3.207
38 2 1 32.494 4.160 31.846 3.262
39 2 1 32.486 4.215 31.838 3.317
40 2 1 32.478 4.255 31.830 3.356
41 2 1 32.471 4.294 31.822 3.396
42 2 1 32.463 4.333 31.815 3.435
43 2 1 32.455 4.388 31.807 3.490
44 2 1 32.447 4.459 31.799 3.561
45 2 1 32.455 4.530 31.806 3.632
46 2 1 32.447 4.570 31.799 3.671
47 2 1 32.455 4.625 31.806 3.726
48 2 1 32.447 4.664 31.798 3.766
49 2 1 32.439 4.719 31.791 3.821
50 2 1 32.470 4.924 31.814 4.026
52 2 1 32.462 4.916 31.806 4.018
53 2 1 32.462 4.971 31.806 4.073
54 2 1 32.462 5.027 31.806 4.128
55 2 1 32.462 5.082 31.806 4.183
56 2 1 32.462 5.121 31.806 4.223
57 2 1 32.446 5.176 31.790 4.278
58 2 1 32.430 5.200 31.774 4.301
59 2 1 32.430 5.239 31.774 4.341
60 2 1 32.415 5.279 31.758 4.380
61 2 1 32.399 5.334 31.743 4.435
62 2 1 32.383 5.373 31.727 4.475
63 2 1 32.351 5.413 31.695 4.514
64 2 1 32.335 5.452 31.679 4.553
65 2 1 32.335 5.491 31.679 4.593
66 2 1 32.335 5.515 31.679 4.617
67 2 1 32.319 5.555 31.663 4.656
68 2 1 32.288 5.578 31.632 4.680
69 2 1 32.272 5.618 31.616 4.719
70 2 1 32.256 5.657 31.600 4.758
71 2 1 32.224 5.712 31.568 4.813
72 2 1 32.209 5.783 31.552 4.884
73 2 1 32.193 5.901 31.536 5.003
74 2 1 32.145 5.988 31.489 5.089
75 2 1 32.145 6.075 31.489 5.176
76 2 1 32.145 6.130 31.489 5.231
77 2 1 32.145 6.170 31.489 5.271
78 2 1 32.200 6.375 31.536 5.499
80 2 1 32.279 6.382 31.496 5.586
81 2 1 32.224 6.414 31.552 5.554
82 2 1 32.208 6.461 31.536 5.602
83 2 1 32.208 6.524 31.536 5.665
84 2 1 32.208 6.587 31.536 5.728
85 2 1 32.192 6.635 31.520 5.775
86 2 1 32.192 6.698 31.520 5.838
87 2 1 32.176 6.745 31.504 5.886
88 2 1 32.160 6.793 31.488 5.933
89 2 1 32.145 6.840 31.472 5.980
90 2 1 32.113 6.872 31.440 6.012
91 2 1 32.081 6.919 31.409 6.059
93 2 1 32.049 7.014 31.377 6.154
94 2 1 32.049 7.045 31.377 6.185
95 2 1 32.049 7.092 31.377 6.233
96 2 1 32.033 7.140 31.361 6.280
97 2 1 32.033 7.187 31.361 6.327
98 2 1 32.018 7.250 31.345 6.391
99 2 1 32.002 7.313 31.329 6.454
100 2 1 31.986 7.392 31.313 6.533
101 2 1 31.970 7.440 31.297 6.580
102 2 1 31.970 7.503 31.297 6.643
103 2 1 31.954 7.550 31.281 6.690
104 2 1 31.938 7.613 31.266 6.753
105 2 1 31.922 7.661 31.250 6.801
106 2 1 31.922 7.692 31.250 6.832
107 2 1 31.906 7.740 31.234 6.880
108 2 1 31.906 7.787 31.234 6.927
110 2 1 31.906 7.882 31.234 7.022
111 2 1 31.906 7.945 31.234 7.085
112 2 1 31.890 7.992 31.218 7.132
113 2 1 31.890 8.055 31.218 7.195
114 2 1 31.890 8.119 31.217 7.259
115 2 1 31.890 8.166 31.217 7.306
116 2 1 31.890 8.229 31.217 7.369
117 2 1 31.890 8.292 31.217 7.432
118 2 1 31.890 8.340 31.217 7.480
120 2 1 31.890 8.435 31.217 7.574
121 2 1 31.874 8.482 31.201 7.622
122 2 1 31.874 8.514 31.201 7.653
123 2 1 31.858 8.545 31.185 7.685
124 2 1 31.842 8.593 31.170 7.732
125 2 1 31.826 8.624 31.154 7.764
126 2 1 31.811 8.672 31.138 7.811
127 2 1 31.811 8.703 31.138 7.843
128 2 1 31.811 8.735 31.138 7.874
129 2 1 31.810 8.751 31.138 7.890
130 2 1 31.795 8.782 31.122 7.922
131 2 1 31.779 8.814 31.106 7.953
133 2 1 31.747 8.924 31.074 8.064
134 2 1 31.731 8.988 31.058 8.127
135 2 1 31.699 9.035 31.026 8.175
136 2 1 31.683 9.082 31.011 8.222
137 2 1 31.652 9.146 30.979 8.285
138 2 1 31.636 9.193 30.963 8.333
139 2 1 31.604 9.241 30.931 8.380
140 2 1 31.588 9.288 30.915 8.428
141 2 1 31.572 9.335 30.899 8.475
142 2 1 31.556 9.367 30.883 8.507
143 2 1 31.556 9.399 30.883 8.538
144 2 1 31.541 9.415 30.867 8.554
145 2 1 31.525 9.462 30.852 8.601
146 2 1 31.509 9.494 30.836 8.633
147 2 1 31.493 9.525 30.820 8.665
148 2 1 31.477 9.573 30.804 8.712
149 2 1 31.461 9.604 30.788 8.744
150 2 1 31.445 9.636 30.772 8.775
151 2 1 31.429 9.668 30.756 8.807
152 2 1 31.429 9.715 30.756 8.854
153 2 1 31.413 9.747 30.740 8.886
154 2 1 31.413 9.794 30.740 8.933
155 2 1 31.397 9.826 30.724 8.965
156 2 1 31.382 9.857 30.708 8.997
157 2 1 31.382 9.889 30.708 9.028
158 2 1 31.382 9.921 30.708 9.060
159 2 1 31.366 9.952 30.692 9.091
160 2 1 31.366 9.968 30.692 9.107
161 2 1 31.350 9.984 30.677 9.123
162 2 1 31.350 10.016 30.677 9.155
163 2 1 31.334 10.031 30.661 9.171
164 2 1 31.334 10.063 30.661 9.202
165 2 1 31.318 10.095 30.645 9.234
166 2 1 31.318 10.126 30.645 9.265
167 2 1 31.318 10.158 30.645 9.297
92 2 1 32.065 6.966 31.393 6.107
109 2 1 31.906 7.850 31.234 6.990
119 2 1 31.890 8.387 31.217 7.527
132 2 1 31.763 8.861 31.090 8.001
168 2 1 31.318 10.189 30.645 9.329
169 2 1 31.302 10.221 30.629 9.360
170 2 1 31.302 10.253 30.629 9.392
171 2 1 31.286 10.284 30.613 9.424
172 2 1 31.286 10.332 30.613 9.471
173 2 1 31.270 10.379 30.597 9.518
174 2 1 31.254 10.443 30.581 9.582
175 2 1 31.238 10.490 30.565 9.629
176 2 1 31.238 10.538 30.565 9.677
177 2 1 31.222 10.585 30.549 9.724
178 2 1 31.222 10.617 30.549 9.756
179 2 1 31.222 10.664 30.549 9.803
180 2 1 31.206 10.712 30.533 9.851
181 2 1 31.206 10.743 30.533 9.882
182 2 1 31.206 10.775 30.533 9.914
183 2 1 31.190 10.791 30.517 9.930
184 2 1 31.174 10.838 30.501 9.977
185 2 1 31.174 10.902 30.501 10.040
186 2 1 31.159 10.949 30.485 10.088
188 2 1 31.143 11.044 30.469 10.183
189 2 1 31.143 11.091 30.469 10.230
190 2 1 31.142 11.139 30.469 10.278
191 2 1 31.142 11.186 30.469 10.325
192 2 1 31.142 11.234 30.469 10.373
193 2 1 31.142 11.281 30.469 10.420
194 2 1 31.126 11.345 30.453 10.483
195 2 1 31.126 11.408 30.453 10.547
196 2 1 31.110 11.456 30.437 10.594
197 2 1 31.095 11.503 30.421 10.642
198 2 1 31.079 11.535 30.405 10.673
199 2 1 31.063 11.566 30.389 10.705
200 2 1 31.063 11.598 30.389 10.737
201 2 1 31.047 11.630 30.373 10.768
202 2 1 31.031 11.677 30.357 10.816
203 2 1 30.999 11.725 30.325 10.863
204 2 1 30.983 11.772 30.310 10.911
205 2 1 30.967 11.820 30.294 10.958
206 2 1 30.951 11.867 30.278 11.006
207 2 1 30.920 11.915 30.246 11.054
209 2 1 30.856 12.010 30.182 11.149
210 2 1 30.824 12.073 30.150 11.212
211 2 1 30.792 12.121 30.119 11.260
212 2 1 30.761 12.153 30.087 11.291
213 2 1 30.729 12.200 30.055 11.339
215 2 1 30.697 12.280 30.023 11.418
216 2 1 30.681 12.311 30.007 11.450
217 2 1 30.665 12.343 29.991 11.481
218 2 1 30.649 12.391 29.975 11.529
219 2 1 30.633 12.454 29.959 11.592
220 2 1 30.617 12.502 29.943 11.640
222 2 1 30.609 12.494 29.936 11.632
223 2 1 30.609 12.525 29.935 11.664
224 2 1 30.593 12.573 29.920 11.711
225 2 1 30.546 12.605 29.872 11.743
226 2 1 30.530 12.668 29.856 11.806
187 2 1 31.143 10.997 30.469 10.135
208 2 1 30.888 11.963 30.214 11.101
214 2 1 30.697 12.248 30.023 11.386
227 2 1 30.482 12.732 29.808 11.870
228 2 1 30.450 12.684 29.776 12.012
230 2 1 30.443 12.549 29.895 11.878
231 2 1 30.339 12.740 29.736 12.012
233 2 1 30.315 12.708 29.760 12.028
234 2 1 30.196 12.891 29.720 12.163
235 2 1 30.228 12.867 29.689 12.187
236 2 1 30.299 13.104 29.799 12.377
237 2 1 30.315 13.081 29.784 12.401
238 2 1 30.307 13.120 29.776 12.440
239 2 1 30.299 13.271 29.656 12.591
240 2 1 30.243 13.263 29.704 12.583
241 2 1 30.227 13.319 29.688 12.638
242 2 1 30.219 13.366 29.680 12.686
243 2 1 30.203 13.422 29.664 12.741
244 2 1 30.187 13.485 29.648 12.805
245 2 1 30.187 13.548 29.648 12.868
247 2 1 30.187 13.651 29.648 12.971
249 2 1 30.179 13.644 29.640 12.963
250 2 1 30.179 13.683 29.640 13.003
251 2 1 30.179 13.723 29.640 13.043
253 2 1 30.171 13.715 29.632 13.035
254 2 1 30.171 13.739 29.632 13.059
255 2 1 30.258 14.040 29.695 13.193
257 2 1 30.155 13.731 29.616 13.051
258 2 1 30.155 13.739 29.616 13.059
259 2 1 30.115 14.024 29.600 13.209
260 2 1 30.123 13.953 29.592 13.265
261 2 1 30.218 14.278 29.599 13.510
262 2 1 30.170 14.238 29.639 13.550
263 2 1 30.186 14.286 29.655 13.597
264 2 1 30.274 14.404 29.679 13.700
265 2 1 30.242 14.389 29.710 13.700
266 2 1 30.257 14.603 29.694 13.875
268 2 1 30.242 14.579 29.710 13.891
269 2 1 30.249 14.619 29.718 13.930
270 2 1 30.432 14.856 29.797 14.152
271 2 1 30.376 14.840 29.845 14.152
272 2 1 30.384 14.896 29.853 14.207
273 2 1 30.392 14.951 29.861 14.263
274 2 1 30.400 15.015 29.868 14.326
275 2 1 30.408 15.070 29.876 14.382
276 2 1 30.408 15.126 29.876 14.437
277 2 1 30.416 15.181 29.884 14.493
278 2 1 30.424 15.229 29.892 14.540
279 2 1 30.431 15.276 29.900 14.588
281 2 1 30.423 15.268 29.892 14.580
282 2 1 30.423 15.316 29.892 14.628
283 2 1 30.431 15.348 29.900 14.659
285 2 1 30.423 15.340 29.892 14.651
286 2 1 30.431 15.380 29.900 14.691
287 2 1 30.439 15.427 29.908 14.739
288 2 1 30.455 15.483 29.923 14.794
289 2 1 30.471 15.538 29.939 14.850
290 2 1 30.495 15.601 29.963 14.913
291 2 1 30.590 15.776 29.995 15.008
293 2 1 30.558 15.736 30.026 15.048
294 2 1 30.629 15.926 30.074 15.198
296 2 1 30.613 15.903 30.082 15.214
297 2 1 30.669 16.141 30.153 15.388
299 2 1 30.669 16.101 30.145 15.412
300 2 1 30.677 16.133 30.153 15.444
301 2 1 30.693 16.172 30.169 15.484
302 2 1 30.709 16.220 30.185 15.531
303 2 1 30.732 16.370 30.256 15.753
304 2 1 30.748 16.402 30.232 15.721
305 2 1 30.756 16.450 30.240 15.769
306 2 1 30.764 16.505 30.248 15.825
246 2 1 30.179 13.596 29.640 12.916
0 4 2 18.268 9.209 16.615 8.353
1 4 2 18.315 9.233 16.584 8.338
2 4 2 18.387 9.233 16.656 8.337
3 4 2 18.491 9.232 16.760 8.337
4 4 2 18.563 9.232 16.832 8.337
5 4 2 18.651 9.216 16.920 8.321
6 4 2 18.739 9.216 17.008 8.321
7 4 2 18.843 9.216 17.112 8.321
8 4 2 18.915 9.200 17.184 8.305
9 4 2 19.019 9.184 17.288 8.289
10 4 2 19.483 9.120 17.400 8.345
11 4 2 19.419 9.136 17.448 8.329
12 4 2 19.499 9.128 17.528 8.321
13 4 2 19.595 9.120 17.624 8.313
14 4 2 19.691 9.112 17.720 8.305
15 4 2 19.787 9.104 17.816 8.297
16 4 2 19.899 9.096 17.928 8.289
17 4 2 19.995 9.088 18.024 8.281
18 4 2 20.091 9.080 18.120 8.273
19 4 2 20.202 9.088 18.232 8.281
20 4 2 20.115 8.985 18.576 8.312
21 4 2 20.235 9.024 18.448 8.272
22 4 2 20.323 9.024 18.536 8.272
23 4 2 20.426 9.008 18.640 8.256
24 4 2 20.546 9.008 18.760 8.256
25 4 2 20.634 8.992 18.848 8.240
26 4 2 20.754 8.992 18.968 8.240
27 4 2 20.842 8.976 19.056 8.224
28 4 2 20.962 8.976 19.176 8.224
29 4 2 21.049 8.960 19.264 8.208
30 4 2 21.153 8.960 19.367 8.208
31 4 2 21.257 8.944 19.471 8.192
32 4 2 21.361 8.944 19.575 8.192
33 4 2 21.465 8.944 19.679 8.192
34 4 2 21.568 8.943 19.783 8.192
35 4 2 21.672 8.927 19.887 8.176
36 4 2 21.776 8.927 19.991 8.176
37 4 2 21.864 8.927 20.079 8.176
38 4 2 21.983 8.911 20.198 8.160
39 4 2 22.071 8.911 20.286 8.160
40 4 2 22.191 8.911 20.406 8.160
41 4 2 22.294 8.895 20.510 8.144
42 4 2 22.398 8.895 20.614 8.144
43 4 2 22.502 8.895 20.717 8.144
44 4 2 22.621 8.879 20.837 8.128
45 4 2 22.725 8.879 20.941 8.128
46 4 2 22.829 8.879 21.045 8.127
47 4 2 22.932 8.863 21.149 8.112
48 4 2 23.052 8.863 21.268 8.111
49 4 2 23.140 8.862 21.356 8.111
50 4 2 23.259 8.846 21.476 8.095
51 4 2 23.347 8.846 21.563 8.095
52 4 2 23.467 8.846 21.683 8.095
53 4 2 23.570 8.830 21.787 8.079
54 4 2 23.674 8.830 21.891 8.079
55 4 2 23.777 8.830 21.994 8.079
56 4 2 23.897 8.814 22.114 8.063
57 4 2 24.000 8.814 22.218 8.063
58 4 2 24.104 8.814 22.321 8.063
59 4 2 24.208 8.798 22.425 8.047
60 4 2 24.112 8.751 22.664 8.071
61 4 2 24.240 8.774 22.537 8.039
62 4 2 24.343 8.774 22.640 8.039
63 4 2 24.447 8.758 22.744 8.023
64 4 2 24.550 8.758 22.848 8.023
65 4 2 24.654 8.758 22.951 8.023
66 4 2 24.741 8.758 23.039 8.023
67 4 2 24.861 8.742 23.159 8.007
68 4 2 24.948 8.742 23.246 8.007
69 4 2 25.068 8.742 23.366 8.007
70 4 2 25.131 8.734 23.772 7.999
71 4 2 25.147 8.734 23.445 7.999
72 4 2 25.251 8.734 23.549 7.999
73 4 2 25.354 8.733 23.653 7.999
74 4 2 25.442 8.718 23.740 7.983
75 4 2 25.561 8.702 23.860 7.967
76 4 2 25.649 8.717 23.947 7.983
77 4 2 25.752 8.701 24.051 7.967
78 4 2 25.840 8.701 24.138 7.967
79 4 2 25.943 8.701 24.242 7.967
80 4 2 26.047 8.701 24.346 7.966
81 4 2 26.150 8.701 24.449 7.966
82 4 2 26.238 8.701 24.537 7.966
83 4 2 26.341 8.701 24.640 7.966
84 4 2 26.428 8.701 24.728 7.966
85 4 2 26.532 8.701 24.831 7.966
86 4 2 26.619 8.700 24.919 7.966
87 4 2 26.723 8.685 25.022 7.950
88 4 2 26.810 8.669 25.110 7.934
89 4 2 26.914 8.684 25.213 7.950
90 4 2 27.001 8.668 25.301 7.934
91 4 2 27.104 8.684 25.404 7.950
93 4 2 27.295 8.668 25.595 7.934
94 4 2 27.383 8.668 25.683 7.934
95 4 2 27.486 8.668 25.786 7.934
96 4 2 27.573 8.668 25.874 7.934
97 4 2 27.677 8.668 25.977 7.934
98 4 2 27.764 8.668 26.064 7.934
99 4 2 27.851 8.668 26.152 7.933
100 4 2 27.939 8.652 26.239 7.918
101 4 2 28.042 8.636 26.343 7.902
102 4 2 28.129 8.652 26.430 7.917
103 4 2 28.217 8.636 26.518 7.902
104 4 2 28.304 8.651 26.605 7.917
105 4 2 28.407 8.635 26.709 7.901
106 4 2 28.495 8.635 26.796 7.901
107 4 2 28.582 8.635 26.883 7.901
108 4 2 28.670 8.635 26.971 7.901
110 4 2 28.844 8.635 27.146 7.901
111 4 2 28.932 8.635 27.233 7.901
112 4 2 29.019 8.635 27.321 7.901
113 4 2 29.106 8.619 27.408 7.885
114 4 2 29.194 8.603 27.495 7.869
115 4 2 29.281 8.619 27.583 7.885
116 4 2 29.352 8.603 27.654 7.869
117 4 2 29.440 8.603 27.742 7.869
118 4 2 29.511 8.603 27.813 7.869
120 4 2 29.654 8.603 27.956 7.869
121 4 2 29.725 8.602 28.028 7.869
122 4 2 29.781 8.587 28.083 7.853
123 4 2 29.852 8.571 28.155 7.837
124 4 2 29.908 8.571 28.210 7.837
125 4 2 29.979 8.571 28.282 7.837
126 4 2 30.035 8.571 28.337 7.837
127 4 2 30.106 8.555 28.409 7.821
128 4 2 30.162 8.539 28.465 7.805
129 4 2 30.233 8.539 28.536 7.805
130 4 2 30.289 8.539 28.592 7.805
131 4 2 30.344 8.539 28.647 7.805
133 4 2 30.455 8.523 28.758 7.789
134 4 2 30.542 8.475 28.846 7.742
135 4 2 30.630 8.475 28.933 7.742
136 4 2 30.685 8.475 28.989 7.742
137 4 2 30.741 8.475 29.044 7.742
138 4 2 30.780 8.475 29.084 7.742
139 4 2 30.836 8.491 29.139 7.757
140 4 2 30.875 8.475 29.179 7.742
141 4 2 30.963 8.459 29.266 7.726
142 4 2 31.034 8.427 29.338 7.694
143 4 2 31.121 8.412 29.425 7.678
144 4 2 31.161 8.427 29.465 7.694
145 4 2 31.232 8.411 29.536 7.678
146 4 2 31.288 8.427 29.592 7.694
147 4 2 31.359 8.411 29.663 7.678
148 4 2 31.415 8.411 29.719 7.678
149 4 2 31.486 8.411 29.790 7.678
150 4 2 31.557 8.411 29.861 7.678
151 4 2 31.629 8.411 29.933 7.678
152 4 2 31.700 8.395 30.004 7.662
153 4 2 31.787 8.379 30.091 7.646
154 4 2 31.858 8.395 30.163 7.662
155 4 2 31.945 8.379 30.250 7.646
156 4 2 32.033 8.379 30.337 7.646
157 4 2 32.120 8.379 30.424 7.646
158 4 2 32.191 8.379 30.496 7.646
159 4 2 32.278 8.395 30.583 7.662
160 4 2 32.349 8.379 30.654 7.646
161 4 2 32.437 8.395 30.742 7.662
162 4 2 32.508 8.379 30.813 7.646
163 4 2 32.595 8.394 30.900 7.661
164 4 2 32.682 8.394 30.987 7.661
165 4 2 32.769 8.394 31.074 7.661
166 4 2 32.840 8.410 31.146 7.677
167 4 2 32.927 8.426 31.233 7.693
92 4 2 27.192 8.668 25.492 7.934
109 4 2 28.757 8.635 27.058 7.901
119 4 2 29.582 8.603 27.885 7.869
132 4 2 30.400 8.539 28.703 7.805
168 4 2 33.015 8.426 31.320 7.693
169 4 2 33.117 8.441 31.423 7.708
170 4 2 33.204 8.473 31.510 7.740
171 4 2 33.292 8.488 31.597 7.756
172 4 2 33.379 8.488 31.685 7.756
173 4 2 33.481 8.488 31.787 7.756
174 4 2 33.584 8.504 31.890 7.771
175 4 2 33.687 8.535 31.993 7.803
176 4 2 33.790 8.567 32.096 7.834
177 4 2 33.893 8.583 32.199 7.850
178 4 2 33.996 8.598 32.302 7.866
179 4 2 34.099 8.630 32.405 7.897
180 4 2 34.186 8.661 32.492 7.929
181 4 2 34.273 8.693 32.579 7.960
182 4 2 34.360 8.724 32.666 7.992
183 4 2 34.463 8.756 32.769 8.023
184 4 2 34.550 8.787 32.856 8.055
185 4 2 34.652 8.834 32.959 8.102
186 4 2 34.739 8.850 33.046 8.118
188 4 2 34.945 8.929 33.252 8.196
189 4 2 35.048 8.960 33.355 8.228
190 4 2 35.151 9.007 33.458 8.275
191 4 2 35.253 9.055 33.561 8.322
192 4 2 35.356 9.102 33.664 8.370
193 4 2 35.459 9.149 33.766 8.417
194 4 2 35.562 9.181 33.869 8.448
195 4 2 35.680 9.228 33.988 8.496
196 4 2 35.767 9.291 34.075 8.559
197 4 2 35.886 9.338 34.194 8.606
198 4 2 35.973 9.369 34.281 8.637
199 4 2 36.075 9.401 34.383 8.669
200 4 2 36.178 9.448 34.486 8.716
201 4 2 36.297 9.495 34.605 8.763
202 4 2 36.399 9.527 34.708 8.795
203 4 2 36.502 9.574 34.810 8.842
204 4 2 36.621 9.637 34.929 8.905
205 4 2 36.739 9.684 35.048 8.952
206 4 2 36.842 9.716 35.151 8.984
207 4 2 36.960 9.763 35.269 9.031
209 4 2 37.198 9.873 35.506 9.141
210 4 2 37.221 10.141 35.854 9.062
211 4 2 37.292 9.912 35.601 9.181
212 4 2 37.395 9.959 35.704 9.228
213 4 2 37.529 10.006 35.838 9.275
215 4 2 37.750 10.101 36.060 9.369
216 4 2 37.853 10.148 36.162 9.417
217 4 2 37.972 10.195 36.281 9.464
218 4 2 38.074 10.242 36.384 9.511
219 4 2 38.193 10.289 36.502 9.558
220 4 2 38.509 10.565 36.708 9.621
221 4 2 38.287 10.329 36.597 9.597
222 4 2 38.390 10.376 36.700 9.645
223 4 2 38.524 10.407 36.834 9.676
224 4 2 38.627 10.454 36.937 9.723
225 4 2 38.745 10.502 37.055 9.770
226 4 2 38.864 10.533 37.174 9.802
187 4 2 34.842 8.897 33.149 8.165
208 4 2 37.079 9.826 35.388 9.094
214 4 2 37.632 10.054 35.941 9.322
227 4 2 38.982 10.580 37.292 9.849
228 4 2 39.085 10.643 37.395 9.912
229 4 2 39.219 10.690 37.529 9.959
230 4 2 39.322 10.721 37.632 9.991
231 4 2 39.456 10.753 37.766 10.022
232 4 2 39.558 10.800 37.869 10.069
233 4 2 39.677 10.863 37.987 10.132
234 4 2 39.795 10.894 38.106 10.163
235 4 2 39.913 10.941 38.224 10.211
236 4 2 40.016 10.973 38.327 10.242
237 4 2 40.150 11.020 38.461 10.289
238 4 2 40.268 11.067 38.579 10.336
239 4 2 40.402 11.098 38.714 10.368
240 4 2 40.505 11.145 38.816 10.415
241 4 2 40.639 11.192 38.950 10.462
242 4 2 40.757 11.224 39.069 10.493
243 4 2 40.876 11.271 39.187 10.540
244 4 2 40.994 11.318 39.306 10.587
245 4 2 41.112 11.349 39.424 10.619
247 4 2 41.349 11.412 39.661 10.681
248 4 2 41.467 11.459 39.779 10.729
249 4 2 41.585 11.506 39.897 10.776
250 4 2 41.703 11.521 40.016 10.791
251 4 2 41.822 11.569 40.134 10.838
252 4 2 41.940 11.600 40.252 10.870
253 4 2 42.058 11.631 40.371 10.901
254 4 2 42.176 11.662 40.489 10.932
255 4 2 42.310 11.694 40.623 10.964
256 4 2 42.413 11.725 40.725 10.995
257 4 2 42.546 11.756 40.859 11.026
258 4 2 42.665 11.788 40.978 11.058
259 4 2 42.783 11.819 41.096 11.089
260 4 2 42.901 11.850 41.214 11.120
261 4 2 43.035 11.866 41.348 11.136
262 4 2 43.137 11.913 41.451 11.183
263 4 2 43.255 11.928 41.569 11.198
264 4 2 43.373 11.960 41.687 11.230
265 4 2 43.507 11.991 41.821 11.261
266 4 2 43.625 12.022 41.939 11.292
267 4 2 43.743 12.038 42.057 11.308
268 4 2 43.861 12.053 42.175 11.323
269 4 2 43.980 12.084 42.294 11.355
270 4 2 44.098 12.116 42.412 11.386
271 4 2 44.216 12.147 42.530 11.417
272 4 2 44.334 12.162 42.648 11.433
273 4 2 44.467 12.178 42.782 11.448
274 4 2 44.585 12.225 42.900 11.495
275 4 2 44.703 12.225 43.018 11.495
276 4 2 44.806 12.256 43.120 11.527
277 4 2 44.939 12.271 43.254 11.542
278 4 2 45.042 12.318 43.357 11.589
279 4 2 45.175 12.334 43.490 11.605
280 4 2 45.278 12.365 43.593 11.636
281 4 2 45.396 12.396 43.711 11.667
282 4 2 45.514 12.412 43.829 11.683
283 4 2 45.632 12.427 43.947 11.698
284 4 2 45.734 12.459 44.049 11.730
285 4 2 45.852 12.490 44.167 11.761
286 4 2 45.954 12.521 44.270 11.792
287 4 2 46.088 12.552 44.403 11.823
0 5 2 45.760 13.302 44.194 12.667
1 5 2 45.800 13.325 44.162 12.659
2 5 2 45.729 13.318 44.091 12.652
3 5 2 45.658 13.326 44.021 12.660
4 5 2 45.572 13.302 43.934 12.636
5 5 2 45.501 13.310 43.863 12.644
6 5 2 45.414 13.303 43.777 12.637
7 5 2 45.344 13.295 43.706 12.629
8 5 2 45.257 13.287 43.619 12.621
9 5 2 45.171 13.295 43.533 12.629
10 5 2 45.540 13.358 43.422 12.535
11 5 2 45.446 13.326 43.485 12.558
12 5 2 45.352 13.319 43.391 12.551
13 5 2 45.273 13.327 43.312 12.559
14 5 2 45.163 13.303 43.202 12.535
15 5 2 45.084 13.311 43.123 12.544
16 5 2 44.974 13.304 43.013 12.536
17 5 2 44.895 13.296 42.934 12.528
18 5 2 44.785 13.289 42.824 12.521
19 5 2 44.707 13.281 42.745 12.513
20 5 2 44.124 13.204 42.745 12.544
21 5 2 44.329 13.235 42.556 12.505
22 5 2 44.235 13.235 42.462 12.506
23 5 2 44.156 13.219 42.383 12.490
24 5 2 44.077 13.235 42.304 12.506
25 5 2 43.967 13.220 42.194 12.491
26 5 2 43.873 13.220 42.099 12.491
27 5 2 43.778 13.220 42.005 12.491
28 5 2 43.684 13.220 41.910 12.491
29 5 2 43.574 13.221 41.800 12.491
30 5 2 43.463 13.205 41.690 12.476
31 5 2 43.369 13.190 41.595 12.460
32 5 2 43.259 13.206 41.485 12.476
33 5 2 43.148 13.190 41.374 12.461
34 5 2 43.054 13.191 41.280 12.461
35 5 2 42.944 13.191 41.170 12.461
36 5 2 42.833 13.191 41.059 12.462
37 5 2 42.739 13.191 40.965 12.462
38 5 2 42.644 13.192 40.870 12.462
39 5 2 42.534 13.192 40.760 12.462
40 5 2 42.424 13.192 40.649 12.463
41 5 2 42.329 13.192 40.555 12.463
42 5 2 42.219 13.193 40.444 12.463
43 5 2 42.093 13.177 40.318 12.448
44 5 2 41.983 13.177 40.208 12.448
45 5 2 41.888 13.178 40.113 12.448
46 5 2 41.778 13.162 40.003 12.432
47 5 2 41.652 13.178 39.876 12.449
48 5 2 41.541 13.163 39.766 12.433
49 5 2 41.447 13.179 39.671 12.449
50 5 2 41.037 13.085 39.671 12.473
51 5 2 41.329 13.155 39.553 12.426
52 5 2 41.218 13.156 39.442 12.426
53 5 2 41.108 13.140 39.332 12.410
54 5 2 40.998 13.141 39.221 12.411
55 5 2 40.871 13.141 39.095 12.411
56 5 2 40.745 13.125 38.969 12.395
57 5 2 40.635 13.126 38.858 12.396
58 5 2 40.509 13.126 38.732 12.396
59 5 2 40.398 13.126 38.621 12.396
60 5 2 40.248 13.127 38.061 12.334
61 5 2 40.280 13.103 38.503 12.373
62 5 2 40.169 13.103 38.392 12.373
63 5 2 40.027 13.104 38.250 12.373
64 5 2 39.933 13.104 38.156 12.374
65 5 2 39.806 13.104 38.029 12.374
66 5 2 39.696 13.104 37.919 12.374
67 5 2 39.554 13.105 37.776 12.374
68 5 2 39.459 13.105 37.682 12.375
69 5 2 39.333 13.105 37.555 12.375
70 5 2 38.812 13.075 37.342 12.391
71 5 2 38.938 13.090 37.231 12.376
72 5 2 38.820 13.091 37.113 12.376
73 5 2 38.686 13.075 36.978 12.360
74 5 2 38.567 13.076 36.860 12.361
75 5 2 38.433 13.076 36.725 12.361
76 5 2 38.314 13.076 36.607 12.361
77 5 2 38.196 13.077 36.488 12.362
78 5 2 38.077 13.077 36.370 12.362
79 5 2 37.943 13.077 36.235 12.362
80 5 2 38.077 13.140 35.745 12.300
81 5 2 37.817 13.070 36.109 12.354
82 5 2 37.698 13.070 35.990 12.355
83 5 2 37.564 13.070 35.855 12.355
84 5 2 37.445 13.071 35.737 12.355
85 5 2 37.311 13.071 35.602 12.356
86 5 2 37.192 13.071 35.484 12.356
87 5 2 37.058 13.072 35.349 12.356
88 5 2 36.939 13.072 35.230 12.356
89 5 2 36.805 13.072 35.096 12.357
90 5 2 36.346 13.057 35.009 12.302
91 5 2 36.663 13.065 34.953 12.349
93 5 2 36.410 13.065 34.700 12.350
94 5 2 36.291 13.081 34.581 12.366
95 5 2 36.156 13.082 34.447 12.366
96 5 2 36.038 13.082 34.328 12.366
97 5 2 35.903 13.082 34.193 12.367
98 5 2 35.769 13.098 34.059 12.383
99 5 2 35.650 13.099 33.940 12.383
100 5 2 35.516 13.099 33.805 12.383
101 5 2 35.381 13.115 33.671 12.400
102 5 2 35.262 13.116 33.552 12.400
103 5 2 35.144 13.132 33.433 12.416
104 5 2 35.025 13.148 33.314 12.432
105 5 2 34.890 13.148 33.179 12.432
106 5 2 34.771 13.164 33.060 12.448
107 5 2 34.621 13.165 32.910 12.449
108 5 2 34.502 13.181 32.791 12.465
110 5 2 34.249 13.197 32.537 12.481
111 5 2 34.114 13.213 32.402 12.497
112 5 2 33.995 13.230 32.284 12.514
113 5 2 33.861 13.230 32.149 12.514
114 5 2 33.742 13.246 32.030 12.530
115 5 2 33.607 13.246 31.895 12.530
116 5 2 33.488 13.263 31.776 12.546
117 5 2 33.353 13.279 31.641 12.563
118 5 2 33.235 13.279 31.522 12.563
120 5 2 32.981 13.311 31.268 12.595
121 5 2 32.846 13.312 31.133 12.595
122 5 2 32.727 13.328 31.014 12.612
123 5 2 32.592 13.328 30.879 12.612
124 5 2 32.473 13.344 30.760 12.628
125 5 2 32.323 13.345 30.609 12.628
126 5 2 32.204 13.361 30.490 12.644
127 5 2 32.069 13.361 30.355 12.645
128 5 2 31.950 13.377 30.236 12.661
129 5 2 31.815 13.378 30.101 12.661
130 5 2 31.696 13.378 29.982 12.661
131 5 2 31.561 13.394 29.847 12.678
133 5 2 31.307 13.395 29.593 12.678
134 5 2 31.188 13.395 29.473 12.679
135 5 2 31.037 13.396 29.322 12.679
136 5 2 30.918 13.396 29.203 12.679
137 5 2 30.783 13.412 29.068 12.695
138 5 2 30.648 13.413 28.933 12.696
139 5 2 30.529 13.413 28.814 12.696
140 5 2 30.410 13.413 28.694 12.696
141 5 2 30.275 13.429 28.559 12.712
142 5 2 30.156 13.430 28.440 12.713
143 5 2 30.005 13.430 28.289 12.713
144 5 2 29.901 13.430 28.186 12.713
145 5 2 29.766 13.431 28.050 12.714
146 5 2 29.647 13.431 27.931 12.714
147 5 2 29.512 13.431 27.796 12.714
148 5 2 29.393 13.432 27.676 12.715
149 5 2 29.258 13.432 27.541 12.715
150 5 2 29.138 13.432 27.422 12.715
151 5 2 29.003 13.433 27.287 12.715
152 5 2 28.884 13.433 27.167 12.716
153 5 2 28.749 13.433 27.032 12.716
154 5 2 28.630 13.418 26.913 12.700
155 5 2 28.494 13.418 26.777 12.701
156 5 2 28.375 13.418 26.658 12.701
157 5 2 28.240 13.419 26.522 12.701
158 5 2 28.121 13.419 26.403 12.702
159 5 2 27.985 13.420 26.268 12.702
160 5 2 27.866 13.404 26.148 12.686
161 5 2 27.731 13.404 26.013 12.687
162 5 2 27.611 13.405 25.893 12.687
163 5 2 27.476 13.389 25.758 12.671
164 5 2 27.357 13.389 25.639 12.672
165 5 2 27.221 13.390 25.503 12.672
166 5 2 27.102 13.374 25.384 12.657
167 5 2 26.967 13.375 25.248 12.657
92 5 2 36.544 13.065 34.835 12.349
109 5 2 34.368 13.197 32.656 12.481
119 5 2 33.100 13.295 31.387 12.579
132 5 2 31.442 13.395 29.728 12.678
168 5 2 26.847 13.375 25.129 12.657
169 5 2 26.712 13.359 24.993 12.642
170 5 2 26.593 13.360 24.874 12.642
171 5 2 26.457 13.360 24.738 12.642
172 5 2 26.338 13.344 24.619 12.627
173 5 2 26.218 13.345 24.499 12.627
174 5 2 26.083 13.345 24.363 12.627
175 5 2 25.948 13.330 24.228 12.612
176 5 2 25.828 13.330 24.108 12.612
177 5 2 25.709 13.330 23.989 12.612
178 5 2 25.589 13.331 23.869 12.612
179 5 2 25.454 13.315 23.734 12.597
180 5 2 25.334 13.315 23.614 12.597
181 5 2 25.199 13.316 23.478 12.597
182 5 2 25.079 13.316 23.359 12.598
183 5 2 24.944 13.300 23.223 12.582
184 5 2 24.824 13.301 23.103 12.582
185 5 2 24.704 13.301 22.984 12.583
186 5 2 24.585 13.301 22.864 12.583
188 5 2 24.330 13.286 22.609 12.568
189 5 2 24.194 13.287 22.473 12.568
190 5 2 24.074 13.287 22.353 12.568
191 5 2 23.955 13.287 22.233 12.569
192 5 2 23.835 13.287 22.114 12.569
193 5 2 23.700 13.272 21.978 12.553
194 5 2 23.580 13.272 21.858 12.554
195 5 2 23.444 13.273 21.722 12.554
196 5 2 23.324 13.273 21.602 12.554
197 5 2 23.189 13.273 21.467 12.555
198 5 2 23.069 13.258 21.347 12.539
199 5 2 22.949 13.258 21.227 12.539
200 5 2 22.830 13.258 21.107 12.539
201 5 2 22.694 13.259 20.971 12.540
202 5 2 22.574 13.243 20.851 12.524
203 5 2 22.438 13.243 20.716 12.525
204 5 2 22.335 13.244 20.612 12.525
205 5 2 22.199 13.228 20.476 12.509
206 5 2 22.079 13.228 20.356 12.509
207 5 2 21.943 13.213 20.220 12.494
209 5 2 21.704 13.213 19.980 12.494
210 5 2 21.512 13.214 19.844 12.527
211 5 2 21.536 13.222 19.820 12.511
212 5 2 21.424 13.214 19.708 12.503
213 5 2 21.312 13.207 19.596 12.495
215 5 2 21.073 13.191 19.356 12.480
216 5 2 20.945 13.184 19.228 12.472
217 5 2 20.817 13.176 19.100 12.465
218 5 2 20.705 13.168 18.988 12.457
219 5 2 20.561 13.161 18.844 12.449
220 5 2 20.449 13.153 18.732 12.442
221 5 2 20.321 13.145 18.604 12.434
222 5 2 20.193 13.138 18.476 12.426
223 5 2 20.081 13.130 18.364 12.419
224 5 2 19.969 13.122 18.252 12.411
225 5 2 19.842 13.115 18.124 12.403
226 5 2 19.714 13.107 17.996 12.396
187 5 2 24.449 13.302 22.728 12.583
208 5 2 21.840 13.213 20.116 12.494
214 5 2 21.168 13.199 19.452 12.488
227 5 2 19.586 13.084 17.868 12.372
228 5 2 19.474 13.076 17.756 12.364
229 5 2 19.362 13.052 17.644 12.341
230 5 2 19.234 13.045 17.516 12.333
231 5 2 19.106 13.021 17.388 12.309
232 5 2 18.994 13.014 17.276 12.302
233 5 2 18.882 12.990 17.164 12.278
234 5 2 18.754 12.982 17.036 12.270
235 5 2 18.642 12.959 16.923 12.247
236 5 2 18.530 12.935 16.811 12.223
237 5 2 18.402 12.912 16.683 12.200
238 5 2 18.290 12.888 16.571 12.176
239 5 2 18.178 12.864 16.459 12.152
240 5 2 17.825 12.889 16.100 11.938
241 5 2 18.042 12.833 16.323 12.121
242 5 2 17.930 12.809 16.211 12.097
243 5 2 17.818 12.770 16.099 12.058
244 5 2 17.706 12.746 15.987 12.034
245 5 2 17.594 12.707 15.875 11.995
247 5 2 17.370 12.644 15.651 11.931
2 7 2 46.006 11.812 45.204 11.333
3 7 2 46.030 11.828 45.188 11.326
4 7 2 45.983 11.828 45.141 11.326
5 7 2 45.928 11.820 45.086 11.318
6 7 2 45.881 11.805 45.039 11.302
7 7 2 45.826 11.805 44.984 11.302
8 7 2 45.771 11.797 44.928 11.295
9 7 2 45.716 11.797 44.873 11.295
10 7 2 45.653 11.789 44.811 11.287
11 7 2 45.598 11.782 44.756 11.279
12 7 2 45.535 11.782 44.693 11.279
13 7 2 45.472 11.774 44.630 11.271
14 7 2 45.401 11.758 44.559 11.256
15 7 2 45.339 11.751 44.496 11.248
16 7 2 45.268 11.759 44.425 11.256
17 7 2 45.205 11.743 44.362 11.241
18 7 2 45.134 11.830 43.953 11.092
19 7 2 45.111 11.806 43.992 11.107
20 7 2 45.260 11.782 43.599 11.179
21 7 2 45.032 11.798 43.914 11.100
22 7 2 44.954 11.791 43.835 11.092
23 7 2 44.875 11.767 43.756 11.068
24 7 2 44.796 11.760 43.678 11.061
25 7 2 44.726 11.752 43.607 11.053
26 7 2 44.647 11.752 43.528 11.053
27 7 2 44.568 11.729 43.450 11.030
28 7 2 44.497 11.721 43.379 11.022
29 7 2 44.419 11.721 43.300 11.022
30 7 2 44.340 11.697 43.221 10.998
31 7 2 44.261 11.690 43.143 10.991
32 7 2 44.183 11.690 43.064 10.991
33 7 2 44.104 11.690 42.985 10.991
34 7 2 44.026 11.667 42.907 10.967
35 7 2 43.939 11.667 42.820 10.968
36 7 2 43.852 11.659 42.733 10.960
37 7 2 43.766 11.659 42.647 10.960
38 7 2 43.679 11.659 42.560 10.960
39 7 2 43.593 11.660 42.474 10.960
40 7 2 43.837 11.730 41.765 10.922
41 7 2 43.506 11.652 42.387 10.953
42 7 2 43.412 11.652 42.293 10.953
43 7 2 43.318 11.652 42.198 10.953
44 7 2 43.239 11.652 42.119 10.953
45 7 2 43.144 11.653 42.025 10.953
46 7 2 43.058 11.653 41.938 10.953
47 7 2 42.971 11.653 41.852 10.954
48 7 2 42.877 11.653 41.757 10.954
49 7 2 42.782 11.653 41.663 10.954
50 7 2 42.696 11.654 41.576 10.954
51 7 2 42.601 11.669 41.482 10.970
52 7 2 42.507 11.670 41.387 10.970
53 7 2 42.412 11.670 41.293 10.970
54 7 2 42.318 11.670 41.198 10.971
55 7 2 42.216 11.670 41.096 10.971
56 7 2 42.121 11.686 41.001 10.987
57 7 2 42.027 11.686 40.907 10.987
58 7 2 41.932 11.687 40.812 10.987
59 7 2 41.838 11.687 40.717 10.987
60 7 2 41.743 11.703 40.623 11.003
61 7 2 41.649 11.703 40.528 11.003
62 7 2 41.546 11.703 40.426 11.003
63 7 2 41.452 11.703 40.331 11.004
64 7 2 41.349 11.719 40.229 11.020
65 7 2 41.255 11.720 40.134 11.020
66 7 2 41.160 11.736 40.040 11.036
67 7 2 41.058 11.736 39.937 11.036
68 7 2 40.955 11.752 39.835 11.052
69 7 2 40.861 11.752 39.740 11.052
70 7 2 41.074 11.775 38.864 11.093
71 7 2 40.750 11.760 39.630 11.060
72 7 2 40.656 11.768 39.535 11.068
73 7 2 40.553 11.768 39.432 11.068
74 7 2 40.451 11.792 39.330 11.092
75 7 2 40.356 11.792 39.235 11.092
76 7 2 40.246 11.801 39.125 11.100
77 7 2 40.151 11.809 39.030 11.109
78 7 2 40.041 11.809 38.920 11.109
79 7 2 39.946 11.809 38.825 11.109
80 7 2 39.836 11.833 38.715 11.133
81 7 2 39.726 11.833 38.604 11.133
82 7 2 39.631 11.841 38.509 11.141
83 7 2 39.520 11.842 38.399 11.141
84 7 2 39.410 11.842 38.288 11.141
85 7 2 39.300 11.842 38.178 11.142
86 7 2 39.197 11.842 38.075 11.142
87 7 2 39.086 11.842 37.965 11.142
88 7 2 38.976 11.866 37.854 11.166
89 7 2 38.873 11.867 37.751 11.166
90 7 2 38.763 11.867 37.641 11.166
91 7 2 38.652 11.867 37.530 11.167
93 7 2 38.431 11.875 37.309 11.175
94 7 2 38.329 11.876 37.207 11.175
95 7 2 38.226 11.892 37.104 11.191
96 7 2 38.116 11.900 36.993 11.199
97 7 2 38.005 11.900 36.883 11.199
98 7 2 37.894 11.924 36.772 11.223
99 7 2 37.792 11.924 36.669 11.223
100 7 2 37.665 11.877 36.076 11.240
101 7 2 37.689 11.916 36.566 11.216
102 7 2 37.578 11.917 36.456 11.216
103 7 2 37.460 11.933 36.337 11.232
104 7 2 37.357 11.933 36.234 11.232
105 7 2 37.255 11.933 36.132 11.232
106 7 2 37.152 11.949 36.029 11.248
107 7 2 37.041 11.949 35.918 11.249
108 7 2 36.931 11.950 35.808 11.249
110 7 2 36.717 11.966 35.594 11.265
111 7 2 36.607 11.982 35.483 11.281
112 7 2 36.496 11.982 35.373 11.281
113 7 2 36.385 11.982 35.262 11.281
114 7 2 36.274 11.998 35.151 11.297
115 7 2 36.164 11.999 35.040 11.298
116 7 2 36.053 11.999 34.930 11.298
117 7 2 35.942 12.015 34.819 11.314
118 7 2 35.832 12.015 34.708 11.314
120 7 2 35.610 12.016 34.486 11.315
121 7 2 35.499 12.032 34.376 11.331
122 7 2 35.397 12.032 34.273 11.331
123 7 2 35.286 12.032 34.162 11.331
124 7 2 35.175 12.032 34.051 11.331
125 7 2 35.064 12.048 33.940 11.347
126 7 2 34.961 12.049 33.837 11.347
127 7 2 34.850 12.049 33.726 11.348
128 7 2 34.740 12.049 33.615 11.348
129 7 2 34.637 12.049 33.512 11.348
130 7 2 34.645 12.089 32.997 11.436
131 7 2 34.526 12.058 33.402 11.356
133 7 2 34.304 12.058 33.180 11.357
134 7 2 34.209 12.058 33.085 11.357
135 7 2 34.106 12.058 32.982 11.357
136 7 2 33.988 12.059 32.863 11.357
137 7 2 33.892 12.059 32.768 11.357
138 7 2 33.790 12.067 32.665 11.365
139 7 2 33.679 12.067 32.554 11.366
140 7 2 33.591 12.067 32.467 11.366
141 7 2 33.488 12.068 32.363 11.366
142 7 2 33.378 12.068 32.253 11.366
143 7 2 33.282 12.076 32.157 11.374
144 7 2 33.187 12.076 32.062 11.375
145 7 2 33.076 12.077 31.951 11.375
146 7 2 32.989 12.077 31.864 11.375
147 7 2 32.886 12.077 31.761 11.375
148 7 2 32.775 12.077 31.650 11.375
149 7 2 32.688 12.077 31.563 11.375
150 7 2 32.593 12.078 31.467 11.376
151 7 2 32.482 12.078 31.356 11.376
152 7 2 32.387 12.078 31.261 11.376
153 7 2 32.292 12.078 31.166 11.376
154 7 2 32.181 12.078 31.055 11.376
155 7 2 32.093 12.079 30.968 11.377
156 7 2 31.990 12.079 30.865 11.377
157 7 2 31.887 12.079 30.761 11.377
158 7 2 31.792 12.079 30.666 11.377
159 7 2 31.689 12.080 30.563 11.377
160 7 2 31.594 12.080 30.468 11.378
161 7 2 31.491 12.080 30.365 11.378
162 7 2 31.388 12.080 30.261 11.378
163 7 2 31.284 12.080 30.158 11.378
164 7 2 31.181 12.081 30.055 11.378
165 7 2 31.078 12.081 29.952 11.379
166 7 2 30.983 12.081 29.856 11.379
167 7 2 30.880 12.081 29.753 11.379
92 7 2 38.542 11.875 37.420 11.175
109 7 2 36.828 11.966 35.705 11.265
119 7 2 35.721 12.015 34.597 11.314
132 7 2 34.415 12.058 33.291 11.356
168 7 2 30.776 12.082 29.650 11.379
169 7 2 30.673 12.082 29.547 11.379
170 7 2 30.578 12.082 29.451 11.380
171 7 2 30.483 12.082 29.356 11.380
172 7 2 30.388 12.082 29.261 11.380
173 7 2 30.284 12.083 29.158 11.380
174 7 2 30.181 12.083 29.054 11.380
175 7 2 30.078 12.083 28.951 11.381
176 7 2 29.983 12.083 28.856 11.381
177 7 2 29.887 12.083 28.760 11.381
178 7 2 29.792 12.084 28.665 11.381
179 7 2 29.689 12.084 28.562 11.381
180 7 2 29.816 12.179 27.727 11.430
181 7 2 29.562 12.076 28.434 11.374
182 7 2 29.490 12.076 28.363 11.374
183 7 2 29.395 12.077 28.267 11.374
184 7 2 29.299 12.077 28.172 11.374
185 7 2 29.196 12.077 28.069 11.374
186 7 2 29.101 12.077 27.973 11.375
188 7 2 28.902 12.062 27.775 11.359
189 7 2 28.799 12.062 27.671 11.359
190 7 2 28.703 12.062 27.576 11.359
191 7 2 28.608 12.062 27.480 11.360
192 7 2 28.513 12.063 27.385 11.360
193 7 2 28.417 12.055 27.289 11.352
194 7 2 28.314 12.047 27.186 11.344
195 7 2 28.211 12.047 27.083 11.345
196 7 2 28.107 12.032 26.979 11.329
197 7 2 28.020 12.032 26.892 11.329
198 7 2 27.916 12.032 26.788 11.329
199 7 2 27.813 12.017 26.685 11.314
200 7 2 27.718 12.017 26.589 11.314
201 7 2 27.622 12.001 26.494 11.298
202 7 2 27.527 12.001 26.398 11.298
203 7 2 27.423 11.986 26.295 11.283
204 7 2 27.328 11.986 26.199 11.283
205 7 2 27.225 11.970 26.096 11.267
206 7 2 27.129 11.971 26.000 11.267
207 7 2 27.034 11.955 25.905 11.252
209 7 2 26.843 11.939 25.714 11.236
210 7 2 26.739 11.924 25.610 11.221
211 7 2 26.636 11.908 25.507 11.205
212 7 2 26.540 11.908 25.411 11.205
213 7 2 26.445 11.893 25.316 11.189
215 7 2 26.254 11.861 25.125 11.158
216 7 2 26.150 11.846 25.021 11.142
217 7 2 26.055 11.830 24.926 11.127
218 7 2 25.951 11.814 24.822 11.111
219 7 2 25.856 11.799 24.727 11.095
220 7 2 25.752 11.783 24.623 11.080
221 7 2 25.665 11.767 24.535 11.064
222 7 2 25.569 11.752 24.440 11.048
223 7 2 25.474 11.728 24.344 11.025
224 7 2 25.378 11.705 24.249 11.001
225 7 2 25.283 11.689 24.153 10.985
226 7 2 25.187 11.665 24.058 10.962
187 7 2 28.998 12.062 27.870 11.359
208 7 2 26.938 11.955 25.809 11.252
214 7 2 26.349 11.877 25.220 11.174
227 7 2 25.092 11.642 23.962 10.938
228 7 2 24.996 11.618 23.866 10.914
229 7 2 24.901 11.595 23.771 10.891
230 7 2 24.805 11.706 23.213 10.678
231 7 2 24.797 11.563 23.667 10.859
232 7 2 24.701 11.539 23.572 10.836
233 7 2 24.614 11.516 23.484 10.812
234 7 2 24.526 11.484 23.396 10.780
235 7 2 24.431 11.461 23.301 10.757
236 7 2 24.335 11.429 23.205 10.725
237 7 2 24.248 11.405 23.118 10.702
238 7 2 24.152 11.374 23.022 10.670
239 7 2 24.064 11.342 22.934 10.638
240 7 2 23.873 11.327 22.464 10.552
241 7 2 23.961 11.303 22.831 10.599
242 7 2 23.881 11.271 22.751 10.567
243 7 2 23.794 11.240 22.663 10.536
244 7 2 23.706 11.208 22.576 10.504
245 7 2 23.610 11.177 22.480 10.473
247 7 2 23.435 11.114 22.305 10.409
248 7 2 23.356 11.074 22.225 10.370
249 7 2 23.260 11.042 22.130 10.338
250 7 2 23.180 11.011 22.050 10.307
251 7 2 23.093 10.979 21.962 10.275
252 7 2 23.005 10.948 21.875 10.244
253 7 2 22.917 10.908 21.787 10.204
254 7 2 22.830 10.877 21.699 10.172
255 7 2 22.742 10.837 21.612 10.133
256 7 2 22.655 10.790 21.524 10.085
257 7 2 22.575 10.758 21.444 10.054
258 7 2 22.487 10.726 21.357 10.022
259 7 2 22.400 10.687 21.269 9.983
260 7 2 22.320 10.647 21.189 9.943
261 7 2 22.232 10.600 21.102 9.896
262 7 2 22.145 10.568 21.014 9.864
263 7 2 22.065 10.529 20.934 9.824
264 7 2 21.985 10.497 20.854 9.793
265 7 2 21.898 10.458 20.767 9.753
266 7 2 21.810 10.402 20.679 9.698
267 7 2 21.730 10.371 20.599 9.666
268 7 2 21.643 10.339 20.512 9.635
269 7 2 21.563 10.300 20.432 9.595
270 7 2 21.475 10.252 20.344 9.548
271 7 2 21.396 10.220 20.265 9.516
272 7 2 21.316 10.189 20.185 9.484
273 7 2 21.228 10.149 20.097 9.445
274 7 2 21.141 10.110 20.009 9.405
275 7 2 21.061 10.062 19.930 9.358
276 7 2 20.981 10.031 19.850 9.326
277 7 2 20.894 9.991 19.762 9.287
278 7 2 20.806 9.952 19.674 9.247
279 7 2 20.726 9.904 19.595 9.199
280 7 2 20.638 9.872 19.507 9.168
281 7 2 20.567 9.833 19.435 9.128
282 7 2 20.479 9.793 19.348 9.089
283 7 2 20.391 9.738 19.260 9.033
284 7 2 20.312 9.706 19.180 9.002
285 7 2 20.232 9.667 19.100 8.962
286 7 2 20.152 9.611 19.021 8.907
287 7 2 20.073 9.580 18.941 8.875
288 7 2 19.985 9.548 18.853 8.843
289 7 2 19.897 9.509 18.765 8.804
290 7 2 19.817 9.461 18.686 8.756
291 7 2 19.738 9.421 18.606 8.717
292 7 2 19.658 9.390 18.526 8.685
293 7 2 19.578 9.350 18.446 8.645
294 7 2 19.498 9.295 18.367 8.590
295 7 2 19.419 9.263 18.287 8.558
296 7 2 19.339 9.231 18.207 8.526
297 7 2 19.259 9.200 18.127 8.495
298 7 2 19.179 9.160 18.047 8.455
299 7 2 19.100 9.113 17.968 8.408
300 7 2 19.020 9.073 17.888 8.368
301 7 2 18.940 9.041 17.808 8.336
302 7 2 18.860 9.010 17.728 8.305
303 7 2 18.780 8.978 17.648 8.273
304 7 2 18.693 8.939 17.560 8.233
305 7 2 18.613 8.891 17.481 8.186
306 7 2 18.533 8.859 17.401 8.154
307 7 2 18.453 8.828 17.321 8.123
308 7 2 18.366 8.796 17.233 8.091
309 7 2 18.286 8.764 17.153 8.059
310 7 2 18.198 8.733 17.065 8.028
311 7 2 18.126 8.701 16.994 7.996
312 7 2 18.046 8.669 16.914 7.964
313 7 2 17.958 8.638 16.826 7.933
314 7 2 17.879 8.606 16.746 7.901
315 7 2 17.791 8.575 16.658 7.869
316 7 2 17.711 8.543 16.578 7.837
317 7 2 17.639 8.511 16.506 7.806
318 7 2 17.551 8.479 16.418 7.774
319 7 2 17.471 8.472 16.338 7.766
320 7 2 17.391 8.448 16.258 7.742
321 7 2 17.311 8.416 16.179 7.711
322 7 2 17.231 8.408 16.099 7.703
323 7 2 17.144 8.377 16.011 7.671
324 7 2 17.064 8.353 15.931 7.647
325 7 2 16.976 8.345 15.843 7.640
326 7 2 16.896 8.321 15.763 7.616
327 7 2 16.816 8.313 15.683 7.608
33 9 2 16.186 12.336 15.628 11.740
34 9 2 16.202 12.352 15.620 11.732
35 9 2 16.298 12.328 15.716 11.708
36 9 2 16.394 12.312 15.812 11.692
37 9 2 16.491 12.280 15.909 11.660
38 9 2 16.595 12.248 16.013 11.628
39 9 2 16.699 12.216 16.117 11.596
40 9 2 17.140 12.254 15.741 11.525
41 9 2 17.068 12.239 15.805 11.533
42 9 2 17.172 12.207 15.910 11.501
43 9 2 17.292 12.174 16.030 11.469
44 9 2 17.381 12.142 16.118 11.437
45 9 2 17.501 12.094 16.239 11.389
46 9 2 17.589 12.078 16.327 11.373
47 9 2 17.710 12.030 16.448 11.325
48 9 2 17.814 11.998 16.552 11.293
49 9 2 17.934 11.966 16.672 11.261
50 9 2 18.230 11.942 16.553 11.039
51 9 2 18.103 11.878 16.673 11.094
52 9 2 18.215 11.846 16.785 11.062
53 9 2 18.343 11.814 16.914 11.030
54 9 2 18.455 11.766 17.026 10.982
55 9 2 18.552 11.734 17.122 10.950
56 9 2 18.680 11.686 17.251 10.902
57 9 2 18.792 11.639 17.363 10.854
58 9 2 18.920 11.607 17.491 10.822
59 9 2 19.032 11.575 17.604 10.790
60 9 2 19.297 11.526 17.637 10.560
61 9 2 19.209 11.455 17.725 10.623
62 9 2 19.313 11.423 17.829 10.591
63 9 2 19.417 11.391 17.933 10.559
64 9 2 19.537 11.343 18.053 10.512
65 9 2 19.658 11.295 18.174 10.464
66 9 2 19.778 11.263 18.294 10.432
67 9 2 19.882 11.231 18.398 10.400
68 9 2 20.018 11.183 18.534 10.352
69 9 2 20.122 11.135 18.638 10.304
70 9 2 20.553 11.127 18.567 10.217
71 9 2 20.250 11.096 18.766 10.264
72 9 2 20.370 11.064 18.887 10.232
73 9 2 20.474 11.032 18.991 10.200
74 9 2 20.610 11.000 19.127 10.168
75 9 2 20.730 10.952 19.247 10.121
76 9 2 20.850 10.920 19.367 10.089
77 9 2 20.970 10.888 19.487 10.057
78 9 2 21.090 10.856 19.607 10.025
79 9 2 21.210 10.824 19.727 9.993
80 9 2 21.657 10.744 19.984 9.834
81 9 2 21.569 10.712 20.055 9.873
82 9 2 21.689 10.688 20.175 9.849
83 9 2 21.833 10.648 20.319 9.809
84 9 2 21.945 10.624 20.431 9.786
85 9 2 22.065 10.584 20.551 9.746
86 9 2 22.185 10.560 20.671 9.722
87 9 2 22.320 10.536 20.807 9.698
88 9 2 22.440 10.512 20.927 9.674
89 9 2 22.560 10.473 21.047 9.634
90 9 2 22.839 10.448 21.223 9.586
91 9 2 22.791 10.432 21.262 9.594
93 9 2 23.047 10.384 21.518 9.546
94 9 2 23.167 10.361 21.638 9.522
95 9 2 23.302 10.337 21.774 9.498
96 9 2 23.422 10.313 21.893 9.474
97 9 2 23.558 10.289 22.029 9.450
98 9 2 23.677 10.265 22.149 9.426
99 9 2 23.813 10.241 22.285 9.402
100 9 2 24.188 10.185 22.348 9.418
101 9 2 23.916 10.209 22.388 9.371
102 9 2 24.044 10.201 22.516 9.362
103 9 2 24.180 10.177 22.652 9.338
104 9 2 24.299 10.153 22.771 9.315
105 9 2 24.419 10.145 22.891 9.307
106 9 2 24.538 10.121 23.011 9.283
107 9 2 24.674 10.112 23.146 9.274
108 9 2 24.777 10.089 23.250 9.251
110 9 2 25.319 10.096 23.625 9.258
111 9 2 25.239 10.088 23.696 9.250
112 9 2 25.359 10.080 23.816 9.242
113 9 2 25.486 10.056 23.943 9.218
114 9 2 25.598 10.064 24.055 9.226
115 9 2 25.733 10.040 24.190 9.202
116 9 2 25.836 10.047 24.294 9.210
117 9 2 25.956 10.039 24.414 9.202
118 9 2 26.075 10.031 24.533 9.194
120 9 2 26.418 9.920 24.875 9.264
121 9 2 26.409 9.999 24.867 9.185
122 9 2 26.505 9.999 24.963 9.185
123 9 2 26.616 9.999 25.075 9.185
124 9 2 26.736 9.999 25.194 9.185
125 9 2 26.839 9.998 25.297 9.185
126 9 2 26.942 9.998 25.401 9.185
127 9 2 27.046 9.998 25.504 9.185
128 9 2 27.149 9.998 25.608 9.184
129 9 2 27.253 9.998 25.711 9.184
130 9 2 27.356 9.998 25.815 9.184
131 9 2 27.618 10.156 26.077 9.342
133 9 2 27.634 9.981 26.093 9.168
134 9 2 27.650 9.918 26.093 9.089
135 9 2 27.817 9.989 26.260 9.160
136 9 2 27.904 9.989 26.348 9.160
137 9 2 28.000 10.012 26.443 9.183
138 9 2 28.079 9.989 26.523 9.160
139 9 2 28.151 9.973 26.594 9.144
140 9 2 28.326 10.036 26.610 9.167
141 9 2 28.246 10.012 26.682 9.183
142 9 2 28.310 10.012 26.745 9.183
143 9 2 28.373 9.996 26.817 9.167
144 9 2 28.485 9.980 26.928 9.151
145 9 2 28.548 9.996 26.992 9.167
146 9 2 28.628 9.980 27.079 9.151
147 9 2 28.667 9.980 27.119 9.151
148 9 2 28.747 9.980 27.199 9.151
149 9 2 28.794 9.964 27.246 9.135
150 9 2 28.993 9.853 27.373 9.198
151 9 2 28.953 9.932 27.405 9.119
152 9 2 29.025 9.932 27.485 9.119
153 9 2 29.080 9.916 27.541 9.103
154 9 2 29.128 9.900 27.588 9.087
155 9 2 29.200 9.900 27.668 9.095
156 9 2 29.247 9.900 27.715 9.095
157 9 2 29.311 9.884 27.779 9.079
158 9 2 29.358 9.884 27.827 9.079
159 9 2 29.390 9.868 27.859 9.063
160 9 2 29.454 9.892 27.867 9.031
161 9 2 29.422 9.860 27.890 9.063
162 9 2 29.470 9.852 27.938 9.055
163 9 2 29.501 9.844 27.970 9.047
164 9 2 29.549 9.836 28.018 9.039
165 9 2 29.612 9.828 28.081 9.031
166 9 2 29.660 9.820 28.129 9.023
167 9 2 29.692 9.796 28.161 8.999
92 9 2 22.911 10.408 21.382 9.570
109 9 2 24.913 10.080 23.386 9.243
119 9 2 26.195 10.023 24.652 9.186
132 9 2 27.547 9.981 26.006 9.168
168 9 2 29.740 9.788 28.208 8.992
169 9 2 29.803 9.765 28.272 8.968
170 9 2 29.851 9.757 28.320 8.960
171 9 2 29.898 9.749 28.367 8.952
172 9 2 29.946 9.741 28.415 8.944
173 9 2 29.978 9.733 28.447 8.936
174 9 2 30.025 9.741 28.494 8.944
175 9 2 30.089 9.717 28.558 8.920
176 9 2 30.136 9.709 28.606 8.912
177 9 2 30.168 9.685 28.637 8.888
178 9 2 30.232 9.677 28.701 8.880
179 9 2 30.279 9.653 28.749 8.856
180 9 2 30.533 9.700 28.908 8.738
181 9 2 30.351 9.622 28.820 8.825
182 9 2 30.398 9.606 28.876 8.809
183 9 2 30.462 9.590 28.939 8.793
184 9 2 30.525 9.574 29.003 8.777
185 9 2 30.589 9.558 29.066 8.761
186 9 2 30.652 9.526 29.130 8.730
188 9 2 30.779 9.495 29.257 8.698
189 9 2 30.843 9.463 29.320 8.666
190 9 2 31.287 9.391 29.249 8.587
191 9 2 30.898 9.423 29.376 8.634
192 9 2 30.954 9.392 29.432 8.603
193 9 2 31.009 9.376 29.487 8.587
194 9 2 31.081 9.328 29.559 8.539
195 9 2 31.136 9.312 29.614 8.524
196 9 2 31.208 9.265 29.686 8.476
197 9 2 31.263 9.249 29.741 8.460
198 9 2 31.335 9.217 29.813 8.429
199 9 2 31.390 9.186 29.868 8.397
200 9 2 31.461 9.154 29.940 8.365
201 9 2 31.517 9.122 29.995 8.334
202 9 2 31.588 9.106 30.067 8.318
203 9 2 31.644 9.083 30.122 8.294
204 9 2 31.715 9.043 30.194 8.254
205 9 2 31.787 9.027 30.265 8.238
206 9 2 31.858 8.980 30.337 8.191
207 9 2 31.913 8.964 30.392 8.175
209 9 2 32.072 8.900 30.551 8.112
210 9 2 32.143 8.869 30.622 8.080
211 9 2 32.214 8.837 30.694 8.049
212 9 2 32.302 8.805 30.781 8.017
213 9 2 32.373 8.789 30.852 8.001
215 9 2 32.516 8.742 30.995 7.954
216 9 2 32.587 8.726 31.066 7.938
217 9 2 32.658 8.726 31.138 7.938
218 9 2 32.729 8.710 31.209 7.922
219 9 2 32.801 8.678 31.280 7.890
220 9 2 32.888 8.678 31.367 7.890
221 9 2 32.943 8.655 31.423 7.866
222 9 2 33.030 8.662 31.510 7.874
223 9 2 33.086 8.662 31.566 7.874
224 9 2 33.173 8.646 31.653 7.858
225 9 2 33.244 8.615 31.724 7.827
226 9 2 33.331 8.599 31.811 7.811
187 9 2 30.716 9.510 29.193 8.714
208 9 2 32.001 8.932 30.479 8.144
214 9 2 32.444 8.774 30.924 7.985
227 9 2 33.402 8.591 31.883 7.803
228 9 2 33.474 8.583 31.954 7.795
229 9 2 33.561 8.551 32.041 7.763
230 9 2 33.648 8.536 32.128 7.747
231 9 2 33.719 8.535 32.199 7.747
232 9 2 33.806 8.520 32.286 7.732
233 9 2 33.893 8.504 32.374 7.716
234 9 2 33.980 8.504 32.461 7.716
235 9 2 34.051 8.488 32.532 7.700
236 9 2 34.138 8.472 32.619 7.684
237 9 2 34.209 8.472 32.690 7.684
238 9 2 34.296 8.472 32.777 7.684
239 9 2 34.368 8.456 32.849 7.668
240 9 2 34.866 8.290 32.841 7.494
241 9 2 34.447 8.432 32.928 7.644
242 9 2 34.518 8.424 32.999 7.636
243 9 2 34.605 8.432 33.086 7.644
244 9 2 34.692 8.424 33.173 7.636
245 9 2 34.763 8.416 33.244 7.628
247 9 2 34.937 8.416 33.418 7.628
248 9 2 35.024 8.408 33.505 7.620
249 9 2 35.095 8.416 33.577 7.628
250 9 2 35.198 8.424 33.680 7.636
251 9 2 35.269 8.431 33.751 7.644
252 9 2 35.372 8.423 33.854 7.636
253 9 2 35.443 8.431 33.925 7.644
254 9 2 35.530 8.439 34.012 7.651
255 9 2 35.617 8.447 34.099 7.659
256 9 2 35.704 8.455 34.186 7.667
257 9 2 35.775 8.462 34.257 7.675
258 9 2 35.877 8.470 34.360 7.683
259 9 2 35.949 8.494 34.431 7.706
260 9 2 36.035 8.486 34.518 7.698
261 9 2 36.122 8.509 34.605 7.722
262 9 2 36.209 8.517 34.692 7.730
263 9 2 36.296 8.541 34.779 7.754
264 9 2 36.383 8.549 34.866 7.761
265 9 2 36.454 8.572 34.937 7.785
266 9 2 36.557 8.580 35.040 7.793
267 9 2 36.628 8.604 35.111 7.816
268 9 2 36.731 8.627 35.213 7.840
269 9 2 36.817 8.651 35.300 7.864
270 9 2 36.904 8.674 35.387 7.887
271 9 2 36.991 8.714 35.474 7.926
272 9 2 37.094 8.721 35.577 7.934
273 9 2 37.165 8.761 35.648 7.974
274 9 2 37.252 8.784 35.735 7.997
275 9 2 37.339 8.824 35.822 8.037
276 9 2 37.426 8.863 35.909 8.076
277 9 2 37.497 8.902 35.980 8.115
278 9 2 37.584 8.942 36.067 8.155
279 9 2 37.655 8.981 36.138 8.194
280 9 2 37.741 9.020 36.225 8.233
281 9 2 37.813 9.060 36.296 8.273
282 9 2 37.899 9.099 36.383 8.312
283 9 2 37.986 9.154 36.470 8.367
284 9 2 38.073 9.193 36.557 8.407
285 9 2 38.144 9.249 36.628 8.462
286 9 2 38.231 9.288 36.715 8.501
287 9 2 38.318 9.343 36.802 8.556
288 9 2 38.405 9.382 36.889 8.595
289 9 2 38.476 9.453 36.960 8.666
290 9 2 38.657 9.650 37.268 8.650
291 9 2 38.555 9.485 37.039 8.698
292 9 2 38.626 9.524 37.110 8.737
293 9 2 38.697 9.579 37.181 8.800
294 9 2 38.784 9.634 37.268 8.855
295 9 2 38.855 9.689 37.339 8.910
296 9 2 38.942 9.728 37.426 8.950
297 9 2 39.013 9.784 37.497 9.005
298 9 2 39.099 9.839 37.584 9.060
299 9 2 39.170 9.886 37.655 9.107
300 9 2 39.257 9.933 37.742 9.154
301 9 2 39.328 10.004 37.813 9.225
302 9 2 39.399 10.043 37.884 9.265
303 9 2 39.470 10.098 37.955 9.320
304 9 2 39.557 10.153 38.042 9.375
305 9 2 39.628 10.200 38.113 9.422
306 9 2 39.699 10.248 38.184 9.469
307 9 2 39.770 10.319 38.255 9.540
308 9 2 39.857 10.358 38.342 9.579
309 9 2 39.928 10.413 38.413 9.635
310 9 2 40.126 10.712 38.713 9.650
311 9 2 39.991 10.460 38.476 9.682
312 9 2 40.062 10.507 38.547 9.729
313 9 2 40.133 10.539 38.618 9.760
314 9 2 40.204 10.586 38.689 9.808
315 9 2 40.275 10.649 38.760 9.871
316 9 2 40.347 10.712 38.831 9.934
317 9 2 40.418 10.759 38.902 9.981
318 9 2 40.504 10.806 38.989 10.028
319 9 2 40.560 10.869 39.045 10.091
320 9 2 40.646 10.916 39.131 10.138
321 9 2 40.717 10.948 39.202 10.170
322 9 2 40.788 10.995 39.273 10.217
323 9 2 40.859 11.058 39.345 10.280
324 9 2 40.946 11.121 39.431 10.343
325 9 2 41.001 11.168 39.487 10.390
326 9 2 41.088 11.215 39.573 10.437
327 9 2 41.159 11.278 39.645 10.500
328 9 2 41.230 11.325 39.716 10.547
329 9 2 41.301 11.372 39.787 10.594
330 9 2 41.388 11.435 39.873 10.657
331 9 2 41.443 11.483 39.929 10.705
332 9 2 41.530 11.530 40.016 10.752
333 9 2 41.585 11.593 40.071 10.815
334 9 2 41.672 11.656 40.158 10.878
335 9 2 41.727 11.703 40.213 10.925
336 9 2 41.814 11.750 40.300 10.972
337 9 2 41.869 11.813 40.355 11.035
338 9 2 41.956 11.876 40.442 11.098
339 9 2 42.011 11.939 40.497 11.161
340 9 2 42.082 11.986 40.568 11.208
341 9 2 42.153 12.033 40.639 11.255
342 9 2 42.224 12.096 40.710 11.318
343 9 2 42.280 12.159 40.765 11.381
344 9 2 42.367 12.222 40.852 11.444
345 9 2 42.422 12.269 40.908 11.492
346 9 2 42.493 12.316 40.979 11.539
347 9 2 42.548 12.379 41.034 11.602
348 9 2 42.619 12.442 41.105 11.665
349 9 2 42.690 12.505 41.176 11.728
350 9 2 42.761 12.552 41.247 11.775
351 9 2 42.816 12.599 41.302 11.822
352 9 2 42.887 12.662 41.373 11.885
353 9 2 42.958 12.725 41.444 11.948
354 9 2 43.029 12.773 41.515 11.995
355 9 2 43.100 12.820 41.586 12.042
356 9 2 43.171 12.883 41.657 12.105
357 9 2 43.227 12.946 41.713 12.168
358 9 2 43.313 12.993 41.799 12.215
359 9 2 43.368 13.024 41.855 12.247
360 9 2 43.455 13.071 41.941 12.294
361 9 2 43.510 13.134 41.997 12.357
362 9 2 43.581 13.197 42.068 12.420
363 9 2 43.652 13.244 42.139 12.467
364 9 2 43.723 13.276 42.210 12.498
365 9 2 43.794 13.323 42.281 12.546
366 9 2 43.865 13.386 42.352 12.608
367 9 2 43.936 13.433 42.423 12.656
368 9 2 44.007 13.464 42.494 12.687
369 9 2 44.078 13.496 42.565 12.718
370 9 2 44.165 13.543 42.651 12.766
371 9 2 44.236 13.590 42.722 12.813
372 9 2 44.307 13.621 42.793 12.844
373 9 2 44.377 13.652 42.864 12.875
374 9 2 44.464 13.700 42.951 12.923
375 9 2 44.535 13.762 43.022 12.986
376 9 2 44.606 13.794 43.093 13.017
377 9 2 44.677 13.825 43.164 13.048
378 9 2 44.764 13.856 43.250 13.080
379 9 2 44.834 13.888 43.321 13.111
380 9 2 44.921 13.919 43.408 13.142
381 9 2 44.992 13.951 43.479 13.174
382 9 2 45.078 13.982 43.566 13.205
383 9 2 45.149 14.013 43.637 13.236
384 9 2 45.236 14.029 43.723 13.252
385 9 2 45.307 14.044 43.794 13.268
386 9 2 45.393 14.076 43.881 13.299
387 9 2 45.464 14.091 43.952 13.314
388 9 2 45.551 14.107 44.038 13.330
389 9 2 45.622 14.138 44.109 13.361
390 9 2 45.708 14.154 44.196 13.377
391 9 2 45.779 14.153 44.266 13.377
392 9 2 45.865 14.169 44.353 13.392
393 9 2 45.936 14.200 44.424 13.424
394 9 2 46.023 14.216 44.511 13.439
395 9 2 46.093 14.215 44.581 13.439
246 9 2 34.850 8.408 33.331 7.620
64 10 1 33.614 17.129 32.861 15.998
65 10 1 33.654 17.082 32.813 16.054
66 10 1 33.654 17.050 32.813 16.022
67 10 1 33.654 17.018 32.813 15.990
68 10 1 33.654 16.986 32.813 15.958
69 10 1 33.638 16.955 32.797 15.927
70 10 1 33.733 17.026 32.805 16.125
71 10 1 33.654 17.066 32.805 16.093
72 10 1 33.654 17.026 32.805 16.054
73 10 1 33.654 16.994 32.805 16.022
74 10 1 33.654 16.963 32.805 15.990
75 10 1 33.670 16.931 32.821 15.958
76 10 1 33.670 16.891 32.821 15.919
77 10 1 33.686 16.836 32.837 15.863
78 10 1 33.686 16.820 32.837 15.847
79 10 1 33.670 16.804 32.821 15.831
80 10 1 33.670 16.740 32.821 15.768
81 10 1 33.654 16.772 32.805 15.800
82 10 1 33.654 16.740 32.805 15.768
83 10 1 33.646 16.741 32.797 15.776
84 10 1 33.654 16.677 32.805 15.713
85 10 1 33.654 16.645 32.805 15.681
86 10 1 33.654 16.606 32.805 15.649
87 10 1 33.654 16.574 32.805 15.617
88 10 1 33.638 16.542 32.789 15.586
89 10 1 33.638 16.511 32.790 15.554
90 10 1 33.638 16.479 32.790 15.522
91 10 1 33.638 16.423 32.790 15.467
93 10 1 33.638 16.352 32.790 15.396
94 10 1 33.638 16.320 32.790 15.364
95 10 1 33.654 16.265 32.806 15.308
96 10 1 33.654 16.233 32.806 15.277
97 10 1 33.670 16.201 32.821 15.245
98 10 1 33.670 16.169 32.821 15.213
99 10 1 33.670 16.138 32.821 15.181
100 10 1 33.733 15.884 32.758 15.134
101 10 1 33.678 15.971 32.821 15.039
102 10 1 33.678 15.955 32.821 15.023
103 10 1 33.678 15.924 32.822 14.991
104 10 1 33.678 15.892 32.822 14.959
105 10 1 33.678 15.844 32.822 14.912
106 10 1 33.678 15.813 32.822 14.880
107 10 1 33.678 15.765 32.822 14.833
108 10 1 33.678 15.733 32.822 14.801
110 10 1 33.678 15.654 32.822 14.722
111 10 1 33.678 15.622 32.822 14.690
112 10 1 33.678 15.575 32.822 14.642
113 10 1 33.678 15.543 32.822 14.611
114 10 1 33.694 15.503 32.838 14.571
115 10 1 33.694 15.472 32.838 14.539
116 10 1 33.694 15.432 32.838 14.500
117 10 1 33.694 15.408 32.838 14.476
118 10 1 33.710 15.369 32.853 14.436
120 10 1 33.741 15.281 32.885 14.349
121 10 1 33.757 15.258 32.901 14.325
122 10 1 33.757 15.234 32.901 14.302
123 10 1 33.757 15.226 32.901 14.294
124 10 1 33.757 15.194 32.901 14.262
125 10 1 33.757 15.163 32.901 14.230
126 10 1 33.757 15.131 32.901 14.199
127 10 1 33.773 15.099 32.917 14.167
128 10 1 33.773 15.067 32.917 14.135
129 10 1 33.789 15.036 32.933 14.103
130 10 1 33.789 15.004 32.933 14.072
131 10 1 33.805 14.972 32.949 14.040
133 10 1 33.821 14.893 32.965 13.961
134 10 1 33.821 14.853 32.965 13.921
135 10 1 33.821 14.830 32.965 13.897
136 10 1 33.821 14.798 32.965 13.866
137 10 1 33.821 14.766 32.965 13.834
138 10 1 33.821 14.742 32.965 13.810
139 10 1 33.821 14.719 32.965 13.787
140 10 1 33.821 14.695 32.965 13.763
141 10 1 33.821 14.671 32.965 13.739
142 10 1 33.821 14.639 32.965 13.707
143 10 1 33.829 14.600 32.973 13.668
144 10 1 33.837 14.560 32.981 13.628
145 10 1 33.837 14.528 32.981 13.596
146 10 1 33.845 14.489 32.989 13.557
147 10 1 33.853 14.465 32.997 13.533
148 10 1 33.868 14.418 33.012 13.485
149 10 1 33.876 14.386 33.020 13.454
150 10 1 33.900 14.338 33.044 13.406
151 10 1 33.900 14.307 33.044 13.375
152 10 1 33.916 14.259 33.060 13.327
153 10 1 33.916 14.227 33.060 13.295
154 10 1 33.932 14.180 33.076 13.248
155 10 1 33.932 14.148 33.076 13.216
156 10 1 33.932 14.116 33.076 13.184
157 10 1 33.948 14.085 33.092 13.153
158 10 1 33.948 14.053 33.092 13.121
159 10 1 33.948 14.021 33.092 13.089
160 10 1 33.964 13.990 33.108 13.058
161 10 1 33.971 13.950 33.116 13.018
162 10 1 33.995 13.902 33.140 12.971
163 10 1 34.011 13.863 33.155 12.931
164 10 1 34.035 13.831 33.179 12.899
165 10 1 34.043 13.815 33.187 12.883
166 10 1 34.043 13.799 33.187 12.868
167 10 1 34.043 13.768 33.187 12.836
92 10 1 33.638 16.392 32.790 15.435
109 10 1 33.678 15.702 32.822 14.769
119 10 1 33.718 15.321 32.861 14.389
132 10 1 33.805 14.933 32.949 14.000
168 10 1 34.043 13.752 33.187 12.820
169 10 1 34.043 13.720 33.187 12.788
170 10 1 34.043 13.704 33.187 12.773
171 10 1 34.059 13.673 33.203 12.741
172 10 1 34.059 13.657 33.203 12.725
173 10 1 34.074 13.625 33.219 12.693
174 10 1 34.074 13.593 33.219 12.662
175 10 1 34.074 13.562 33.219 12.630
176 10 1 34.082 13.530 33.227 12.598
177 10 1 34.106 13.490 33.251 12.559
178 10 1 34.122 13.451 33.266 12.519
179 10 1 34.138 13.411 33.282 12.480
180 10 1 34.154 13.372 33.298 12.440
181 10 1 34.170 13.340 33.314 12.408
182 10 1 34.162 13.332 33.306 12.400
183 10 1 34.185 13.292 33.330 12.361
184 10 1 34.201 13.261 33.346 12.329
185 10 1 34.201 13.229 33.346 12.297
186 10 1 34.185 13.213 33.330 12.282
188 10 1 34.178 13.166 33.322 12.234
189 10 1 34.185 13.150 33.330 12.218
190 10 1 34.185 13.118 33.330 12.187
191 10 1 34.185 13.087 33.330 12.155
192 10 1 34.201 13.055 33.346 12.123
193 10 1 34.201 13.015 33.346 12.084
194 10 1 34.209 12.976 33.354 12.044
195 10 1 34.217 12.944 33.362 12.013
196 10 1 34.217 12.897 33.362 11.965
197 10 1 34.217 12.849 33.362 11.918
198 10 1 34.233 12.802 33.378 11.870
199 10 1 34.249 12.754 33.393 11.823
200 10 1 34.360 12.596 33.687 11.814
201 10 1 34.257 12.715 33.401 11.783
202 10 1 34.265 12.691 33.409 11.759
203 10 1 34.265 12.659 33.409 11.728
204 10 1 34.273 12.612 33.417 11.680
205 10 1 34.280 12.580 33.425 11.649
206 10 1 34.265 12.556 33.409 11.625
207 10 1 34.249 12.549 33.394 11.617
209 10 1 34.257 12.501 33.401 11.570
210 10 1 34.265 12.469 33.409 11.538
211 10 1 34.265 12.422 33.409 11.491
212 10 1 34.407 12.303 33.576 11.261
213 10 1 34.407 12.256 33.560 11.316
215 10 1 34.407 12.169 33.560 11.229
216 10 1 34.407 12.137 33.560 11.198
217 10 1 34.407 12.097 33.560 11.158
218 10 1 34.407 12.042 33.560 11.103
219 10 1 34.407 12.002 33.560 11.063
220 10 1 34.431 11.971 33.584 11.032
221 10 1 34.439 11.915 33.592 10.976
222 10 1 34.463 11.876 33.615 10.937
223 10 1 34.471 11.844 33.623 10.905
224 10 1 34.471 11.813 33.623 10.873
225 10 1 34.471 11.781 33.623 10.842
226 10 1 34.494 11.726 33.647 10.787
187 10 1 34.185 13.197 33.330 12.266
208 10 1 34.257 12.533 33.401 11.601
214 10 1 34.407 12.224 33.560 11.285
227 10 1 34.518 11.686 33.671 10.747
228 10 1 34.526 11.631 33.679 10.692
229 10 1 34.550 11.591 33.703 10.652
230 10 1 34.550 11.559 33.703 10.620
231 10 1 34.558 11.504 33.711 10.565
232 10 1 34.558 11.465 33.711 10.526
233 10 1 34.558 11.425 33.711 10.486
234 10 1 34.565 11.370 33.719 10.431
235 10 1 34.565 11.314 33.719 10.375
236 10 1 34.589 11.275 33.742 10.336
237 10 1 34.597 11.219 33.750 10.281
238 10 1 34.621 11.180 33.774 10.241
239 10 1 34.629 11.125 33.782 10.186
240 10 1 34.676 10.974 33.988 10.099
241 10 1 34.653 11.069 33.806 10.130
242 10 1 34.653 11.038 33.806 10.099
243 10 1 34.653 11.006 33.806 10.067
244 10 1 34.653 10.966 33.806 10.028
245 10 1 34.653 10.935 33.806 9.996
247 10 1 34.653 10.872 33.806 9.933
248 10 1 34.653 10.840 33.806 9.901
249 10 1 34.653 10.808 33.806 9.870
250 10 1 34.652 10.769 33.806 9.830
251 10 1 34.652 10.737 33.806 9.799
252 10 1 34.652 10.698 33.806 9.759
253 10 1 34.652 10.650 33.806 9.712
254 10 1 34.652 10.611 33.806 9.672
255 10 1 34.652 10.571 33.806 9.633
256 10 1 34.652 10.516 33.806 9.577
257 10 1 34.668 10.453 33.822 9.514
258 10 1 34.668 10.398 33.822 9.459
259 10 1 34.700 10.334 33.853 9.396
260 10 1 34.826 10.058 34.051 9.174
261 10 1 34.858 10.097 34.019 9.167
262 10 1 34.874 10.050 34.035 9.119
263 10 1 34.866 10.018 34.027 9.088
264 10 1 34.858 9.987 34.019 9.056
265 10 1 34.874 9.931 34.035 9.001
266 10 1 34.866 9.876 34.027 8.946
267 10 1 34.874 9.829 34.035 8.898
268 10 1 34.874 9.781 34.035 8.851
269 10 1 34.858 9.734 34.020 8.803
270 10 1 34.834 9.813 34.099 8.582
271 10 1 34.842 9.687 34.004 8.756
272 10 1 34.826 9.639 33.988 8.709
273 10 1 34.811 9.584 33.972 8.654
274 10 1 34.795 9.529 33.956 8.598
275 10 1 34.787 9.481 33.948 8.551
276 10 1 34.779 9.434 33.940 8.504
277 10 1 34.779 9.387 33.940 8.456
278 10 1 34.779 9.331 33.940 8.401
279 10 1 34.779 9.292 33.940 8.362
280 10 1 34.763 9.260 33.925 8.330
281 10 1 34.747 9.221 33.909 8.291
282 10 1 34.747 9.182 33.909 8.251
283 10 1 34.747 9.134 33.909 8.204
284 10 1 34.747 9.087 33.909 8.156
285 10 1 34.747 9.055 33.909 8.125
286 10 1 34.731 9.024 33.893 8.093
287 10 1 34.731 8.984 33.893 8.054
288 10 1 34.716 8.945 33.877 8.014
289 10 1 34.716 8.913 33.877 7.983
290 10 1 34.700 8.874 33.861 7.943
291 10 1 34.700 8.842 33.861 7.912
292 10 1 34.684 8.803 33.846 7.872
293 10 1 34.684 8.771 33.846 7.841
294 10 1 34.668 8.740 33.830 7.809
295 10 1 34.660 8.700 33.822 7.770
296 10 1 34.652 8.645 33.814 7.715
297 10 1 34.652 8.590 33.814 7.660
298 10 1 34.668 8.527 33.830 7.596
299 10 1 34.676 8.464 33.838 7.533
300 10 1 34.684 8.416 33.846 7.486
301 10 1 34.668 8.385 33.830 7.454
302 10 1 34.636 8.353 33.798 7.423
303 10 1 34.636 8.306 33.798 7.376
304 10 1 34.636 8.243 33.798 7.312
305 10 1 34.636 8.180 33.798 7.249
306 10 1 34.621 8.132 33.782 7.202
307 10 1 34.605 8.093 33.767 7.163
308 10 1 34.581 8.045 33.743 7.115
309 10 1 34.557 8.006 33.719 7.076
310 10 1 34.534 7.959 33.695 7.029
311 10 1 34.502 7.911 33.664 6.981
312 10 1 34.478 7.856 33.640 6.926
313 10 1 34.455 7.801 33.616 6.871
314 10 1 34.431 7.746 33.593 6.816
315 10 1 34.415 7.699 33.577 6.768
316 10 1 34.399 7.651 33.561 6.721
317 10 1 34.391 7.604 33.553 6.674
318 10 1 34.383 7.557 33.545 6.627
319 10 1 34.360 7.525 33.522 6.595
320 10 1 34.352 7.486 33.514 6.556
321 10 1 34.336 7.454 33.498 6.524
322 10 1 34.320 7.415 33.482 6.485
323 10 1 34.304 7.375 33.466 6.445
324 10 1 34.289 7.344 33.450 6.414
325 10 1 34.281 7.312 33.443 6.382
326 10 1 34.273 7.281 33.435 6.351
327 10 1 34.257 7.241 33.419 6.311
328 10 1 34.241 7.202 33.403 6.272
329 10 1 34.225 7.162 33.387 6.232
330 10 1 34.209 7.123 33.371 6.193
331 10 1 34.194 7.076 33.356 6.146
332 10 1 34.178 7.036 33.340 6.106
333 10 1 34.170 6.989 33.332 6.059
334 10 1 34.178 6.942 33.340 6.012
335 10 1 34.178 6.879 33.340 5.949
336 10 1 34.194 6.816 33.356 5.886
337 10 1 34.209 6.760 33.371 5.830
338 10 1 34.225 6.705 33.387 5.775
339 10 1 34.257 6.642 33.419 5.712
340 10 1 34.257 6.595 33.419 5.665
341 10 1 34.241 6.547 33.403 5.618
342 10 1 34.241 6.516 33.403 5.586
343 10 1 34.225 6.484 33.387 5.555
344 10 1 34.217 6.453 33.379 5.523
345 10 1 34.209 6.421 33.372 5.492
346 10 1 34.194 6.382 33.356 5.452
347 10 1 34.186 6.343 33.348 5.413
348 10 1 34.178 6.295 33.340 5.365
349 10 1 34.170 6.240 33.332 5.310
350 10 1 34.162 6.193 33.324 5.263
351 10 1 34.154 6.146 33.316 5.216
352 10 1 34.154 6.090 33.316 5.161
353 10 1 34.146 6.043 33.308 5.113
354 10 1 34.146 5.988 33.308 5.058
355 10 1 34.146 5.933 33.308 5.003
356 10 1 34.146 5.886 33.308 4.956
357 10 1 34.130 5.854 33.293 4.924
358 10 1 34.123 5.823 33.285 4.893
359 10 1 34.115 5.791 33.277 4.861
360 10 1 34.099 5.759 33.261 4.830
361 10 1 34.099 5.728 33.261 4.798
362 10 1 34.083 5.696 33.245 4.767
363 10 1 34.083 5.665 33.245 4.735
364 10 1 34.067 5.641 33.230 4.712
365 10 1 34.067 5.610 33.230 4.680
366 10 1 34.051 5.578 33.214 4.649
367 10 1 34.051 5.547 33.214 4.617
368 10 1 34.036 5.515 33.198 4.586
369 10 1 34.036 5.476 33.198 4.546
370 10 1 34.028 5.436 33.190 4.507
371 10 1 34.020 5.389 33.182 4.460
372 10 1 34.036 5.334 33.198 4.404
373 10 1 34.051 5.271 33.214 4.341
374 10 1 34.067 5.216 33.230 4.286
375 10 1 34.083 5.153 33.245 4.223
376 10 1 34.115 5.090 33.277 4.160
377 10 1 34.138 5.035 33.301 4.105
378 10 1 34.162 4.980 33.325 4.050
379 10 1 34.146 4.940 33.309 4.011
380 10 1 34.138 4.901 33.301 3.971
381 10 1 34.131 4.877 33.293 3.948
382 10 1 34.115 4.846 33.277 3.916
383 10 1 34.107 4.814 33.269 3.885
384 10 1 34.107 4.783 33.269 3.853
385 10 1 34.099 4.743 33.261 3.814
386 10 1 34.091 4.696 33.254 3.767
387 10 1 34.083 4.649 33.246 3.720
388 10 1 34.075 4.586 33.238 3.657
389 10 1 34.067 4.539 33.230 3.609
390 10 1 34.083 4.491 33.246 3.562
391 10 1 34.083 4.436 33.246 3.507
392 10 1 34.083 4.389 33.246 3.460
393 10 1 34.083 4.334 33.246 3.405
394 10 1 34.091 4.287 33.254 3.358
395 10 1 34.099 4.240 33.262 3.310
396 10 1 34.083 4.216 33.246 3.287
397 10 1 34.083 4.184 33.246 3.255
398 10 1 34.067 4.153 33.230 3.224
399 10 1 34.067 4.122 33.230 3.192
400 10 1 34.052 4.098 33.214 3.169
246 10 1 34.653 10.903 33.806 9.965
401 10 1 34.052 4.074 33.214 3.145
402 10 1 34.036 4.051 33.198 3.121
403 10 1 34.036 4.027 33.198 3.098
404 10 1 34.020 4.003 33.183 3.074
405 10 1 34.020 3.980 33.183 3.051
406 10 1 34.012 3.964 33.175 3.035
407 10 1 34.004 3.940 33.167 3.011
408 10 1 34.004 3.909 33.167 2.980
409 10 1 34.004 3.877 33.167 2.948
410 10 1 34.004 3.830 33.167 2.901
411 10 1 34.020 3.767 33.183 2.838
412 10 1 34.020 3.689 33.183 2.759
413 10 1 34.036 3.610 33.199 2.681
414 10 1 34.067 3.531 33.230 2.602
415 10 1 34.083 3.468 33.246 2.539
416 10 1 34.115 3.413 33.278 2.484
417 10 1 34.131 3.366 33.293 2.437
418 10 1 34.131 3.335 33.293 2.406
419 10 1 34.115 3.303 33.278 2.374
420 10 1 34.115 3.287 33.278 2.358
421 10 1 34.115 3.272 33.278 2.343
422 10 1 34.107 3.248 33.270 2.319
423 10 1 34.099 3.224 33.262 2.295
424 10 1 34.099 3.201 33.262 2.272
425 10 1 34.091 3.169 33.254 2.240
426 10 1 34.099 3.138 33.262 2.209
427 10 1 34.099 3.106 33.262 2.177
428 10 1 34.099 3.059 33.262 2.130
429 10 1 34.099 2.996 33.262 2.067
430 10 1 34.099 2.949 33.262 2.020
431 10 1 34.091 2.886 33.254 1.957
432 10 1 34.091 2.839 33.254 1.910
433 10 1 34.091 2.776 33.254 1.847
434 10 1 34.083 2.721 33.246 1.792
435 10 1 34.083 2.705 33.246 1.776
436 10 1 34.068 2.690 33.231 1.761
39 8 2 45.312 8.289 43.597 7.606
40 8 2 45.202 8.281 43.487 7.598
41 8 2 45.092 8.257 43.377 7.575
42 8 2 44.966 8.265 43.252 7.583
43 8 2 44.856 8.242 43.142 7.559
44 8 2 44.746 8.234 43.032 7.551
45 8 2 44.620 8.210 42.906 7.528
46 8 2 44.510 8.203 42.796 7.520
47 8 2 44.416 8.195 42.701 7.512
48 8 2 44.306 8.187 42.591 7.504
49 8 2 44.180 8.164 42.465 7.481
50 8 2 44.070 8.156 42.355 7.473
51 8 2 43.976 8.132 42.261 7.449
52 8 2 43.882 8.125 42.166 7.442
53 8 2 43.772 8.101 42.056 7.418
54 8 2 43.662 8.093 41.946 7.410
55 8 2 43.567 8.070 41.852 7.387
56 8 2 43.473 8.062 41.757 7.379
57 8 2 43.363 8.039 41.647 7.355
58 8 2 43.253 8.031 41.537 7.348
59 8 2 43.174 8.007 41.458 7.324
60 8 2 43.048 7.999 41.332 7.316
61 8 2 42.954 7.992 41.238 7.308
62 8 2 42.860 7.984 41.143 7.301
63 8 2 42.765 7.960 41.049 7.277
64 8 2 42.671 7.953 40.954 7.269
65 8 2 42.577 7.945 40.860 7.261
66 8 2 42.482 7.937 40.765 7.254
67 8 2 42.388 7.913 40.671 7.230
68 8 2 42.293 7.906 40.577 7.222
69 8 2 42.199 7.898 40.482 7.214
70 8 2 42.120 7.890 40.403 7.207
71 8 2 42.042 7.882 40.325 7.199
72 8 2 41.947 7.874 40.230 7.191
73 8 2 41.853 7.867 40.136 7.183
74 8 2 41.774 7.859 40.057 7.175
75 8 2 41.695 7.851 39.978 7.167
76 8 2 41.601 7.843 39.883 7.160
77 8 2 41.522 7.835 39.805 7.152
78 8 2 41.459 7.828 39.742 7.144
79 8 2 41.365 7.820 39.647 7.136
80 8 2 41.286 7.812 39.568 7.128
81 8 2 41.192 7.804 39.474 7.121
82 8 2 41.113 7.812 39.395 7.128
83 8 2 41.050 7.804 39.332 7.121
84 8 2 40.971 7.796 39.253 7.113
85 8 2 40.892 7.789 39.174 7.105
86 8 2 40.830 7.797 39.111 7.113
87 8 2 40.751 7.789 39.033 7.105
88 8 2 40.672 7.781 38.954 7.097
89 8 2 40.609 7.773 38.891 7.089
90 8 2 40.546 7.781 38.828 7.097
91 8 2 40.467 7.773 38.749 7.089
93 8 2 40.341 7.773 38.623 7.089
94 8 2 40.263 7.781 38.544 7.097
95 8 2 40.200 7.773 38.481 7.089
96 8 2 40.137 7.781 38.418 7.097
97 8 2 40.074 7.773 38.355 7.090
98 8 2 40.011 7.781 38.292 7.097
99 8 2 39.947 7.766 38.228 7.082
100 8 2 39.884 7.781 38.165 7.098
101 8 2 39.821 7.774 38.102 7.090
102 8 2 39.758 7.782 38.039 7.098
103 8 2 39.695 7.774 37.976 7.090
104 8 2 39.632 7.782 37.913 7.098
105 8 2 39.569 7.774 37.850 7.090
106 8 2 39.506 7.782 37.787 7.098
107 8 2 39.443 7.774 37.724 7.090
108 8 2 39.380 7.782 37.661 7.098
110 8 2 39.254 7.798 37.534 7.114
111 8 2 39.191 7.782 37.471 7.098
112 8 2 39.128 7.798 37.408 7.114
113 8 2 39.065 7.790 37.345 7.106
114 8 2 39.002 7.798 37.282 7.114
115 8 2 38.939 7.798 37.219 7.114
116 8 2 38.876 7.814 37.156 7.129
117 8 2 38.829 7.798 37.108 7.114
118 8 2 38.750 7.814 37.029 7.130
120 8 2 38.616 7.814 36.895 7.130
121 8 2 38.576 7.798 36.856 7.114
122 8 2 38.513 7.814 36.793 7.130
123 8 2 38.450 7.814 36.730 7.130
124 8 2 38.387 7.830 36.666 7.145
125 8 2 38.324 7.822 36.603 7.138
126 8 2 38.277 7.830 36.556 7.146
127 8 2 38.229 7.830 36.509 7.146
128 8 2 38.166 7.846 36.445 7.161
129 8 2 38.103 7.830 36.382 7.146
130 8 2 38.056 7.846 36.335 7.161
131 8 2 38.008 7.838 36.287 7.154
133 8 2 37.898 7.846 36.177 7.161
134 8 2 37.835 7.854 36.114 7.169
135 8 2 37.788 7.846 36.066 7.162
136 8 2 37.709 7.862 35.987 7.177
137 8 2 37.677 7.854 35.956 7.169
138 8 2 37.630 7.862 35.908 7.177
139 8 2 37.567 7.846 35.845 7.162
140 8 2 37.504 7.862 35.782 7.177
141 8 2 37.456 7.846 35.735 7.162
142 8 2 37.425 7.862 35.703 7.177
143 8 2 37.377 7.870 35.656 7.185
144 8 2 37.306 7.878 35.585 7.193
145 8 2 37.251 7.862 35.529 7.178
146 8 2 37.204 7.878 35.482 7.193
147 8 2 37.172 7.862 35.450 7.178
148 8 2 37.117 7.878 35.395 7.193
149 8 2 37.062 7.870 35.340 7.186
150 8 2 36.991 7.878 35.269 7.193
151 8 2 36.951 7.862 35.229 7.178
152 8 2 36.920 7.878 35.198 7.193
153 8 2 36.856 7.862 35.134 7.178
154 8 2 36.809 7.878 35.087 7.194
155 8 2 36.746 7.870 35.024 7.186
156 8 2 36.699 7.878 34.976 7.194
157 8 2 36.667 7.863 34.945 7.178
158 8 2 36.604 7.878 34.881 7.194
159 8 2 36.556 7.863 34.834 7.178
160 8 2 36.493 7.878 34.771 7.194
161 8 2 36.446 7.871 34.723 7.186
162 8 2 36.398 7.863 34.676 7.178
163 8 2 36.335 7.855 34.613 7.170
164 8 2 36.288 7.863 34.565 7.178
165 8 2 36.241 7.855 34.518 7.170
166 8 2 36.177 7.847 34.455 7.162
167 8 2 36.130 7.839 34.407 7.154
92 8 2 40.389 7.781 38.670 7.097
109 8 2 39.317 7.790 37.598 7.106
119 8 2 38.702 7.806 36.982 7.122
132 8 2 37.922 7.846 36.201 7.161
168 8 2 36.098 7.847 34.375 7.162
169 8 2 36.035 7.831 34.312 7.147
170 8 2 35.988 7.832 34.265 7.147
171 8 2 35.917 7.816 34.194 7.131
172 8 2 35.877 7.832 34.154 7.147
173 8 2 35.830 7.824 34.107 7.139
174 8 2 35.767 7.808 34.043 7.123
175 8 2 35.719 7.808 33.996 7.123
176 8 2 35.672 7.816 33.949 7.131
177 8 2 35.609 7.800 33.885 7.115
178 8 2 35.545 7.800 33.822 7.115
179 8 2 35.498 7.792 33.775 7.107
180 8 2 35.451 7.785 33.727 7.100
181 8 2 35.387 7.777 33.664 7.092
182 8 2 35.324 7.769 33.601 7.084
183 8 2 35.277 7.761 33.553 7.076
184 8 2 35.229 7.761 33.506 7.076
185 8 2 35.166 7.761 33.442 7.076
186 8 2 35.103 7.745 33.379 7.060
188 8 2 34.992 7.753 33.268 7.068
189 8 2 34.945 7.746 33.221 7.060
190 8 2 34.866 7.746 33.142 7.060
191 8 2 34.818 7.738 33.094 7.053
192 8 2 34.739 7.754 33.015 7.068
193 8 2 34.692 7.746 32.968 7.060
194 8 2 34.613 7.754 32.888 7.068
195 8 2 34.565 7.746 32.841 7.061
196 8 2 34.486 7.746 32.762 7.061
197 8 2 34.439 7.762 32.714 7.076
198 8 2 34.352 7.762 32.627 7.076
199 8 2 34.296 7.762 32.572 7.076
200 8 2 34.233 7.770 32.509 7.084
201 8 2 34.146 7.778 32.421 7.092
202 8 2 34.075 7.778 32.350 7.092
203 8 2 34.012 7.770 32.287 7.084
204 8 2 33.933 7.778 32.208 7.092
205 8 2 33.854 7.794 32.129 7.108
206 8 2 33.790 7.802 32.065 7.116
207 8 2 33.711 7.809 31.986 7.124
209 8 2 33.537 7.802 31.812 7.116
210 8 2 33.474 7.818 31.748 7.132
211 8 2 33.387 7.810 31.661 7.124
212 8 2 33.292 7.818 31.566 7.132
213 8 2 33.213 7.810 31.487 7.124
215 8 2 33.078 7.802 31.352 7.116
216 8 2 32.975 7.818 31.249 7.132
217 8 2 32.904 7.810 31.178 7.124
218 8 2 32.825 7.802 31.099 7.117
219 8 2 32.722 7.794 30.996 7.109
220 8 2 32.635 7.794 30.909 7.109
221 8 2 32.540 7.787 30.814 7.101
222 8 2 32.445 7.779 30.718 7.093
223 8 2 32.350 7.779 30.623 7.093
224 8 2 32.255 7.771 30.528 7.085
225 8 2 32.160 7.763 30.433 7.077
226 8 2 32.065 7.747 30.338 7.062
187 8 2 35.040 7.745 33.316 7.060
208 8 2 33.616 7.810 31.891 7.124
214 8 2 33.157 7.810 31.432 7.124
227 8 2 31.970 7.763 30.243 7.077
228 8 2 31.875 7.763 30.148 7.078
229 8 2 31.780 7.763 30.053 7.078
230 8 2 31.685 7.756 29.957 7.070
231 8 2 31.566 7.748 29.838 7.062
232 8 2 31.494 7.748 29.767 7.062
233 8 2 31.383 7.740 29.656 7.054
234 8 2 31.288 7.732 29.561 7.046
235 8 2 31.193 7.748 29.466 7.062
236 8 2 31.098 7.756 29.370 7.070
237 8 2 30.979 7.740 29.251 7.054
238 8 2 30.860 7.748 29.132 7.062
239 8 2 30.765 7.764 29.037 7.078
240 8 2 30.638 7.764 28.910 7.078
241 8 2 30.527 7.764 28.799 7.078
242 8 2 30.432 7.772 28.704 7.086
243 8 2 30.297 7.780 28.569 7.094
244 8 2 30.194 7.780 28.466 7.094
245 8 2 30.052 7.788 28.323 7.102
247 8 2 29.814 7.796 28.085 7.110
248 8 2 29.687 7.804 27.958 7.118
249 8 2 29.576 7.812 27.846 7.126
250 8 2 29.465 7.812 27.735 7.126
251 8 2 29.338 7.820 27.608 7.134
252 8 2 29.203 7.828 27.473 7.142
253 8 2 29.084 7.844 27.354 7.158
254 8 2 28.957 7.852 27.227 7.166
255 8 2 28.830 7.845 27.100 7.158
256 8 2 28.703 7.845 26.973 7.158
257 8 2 28.576 7.853 26.845 7.166
258 8 2 28.425 7.861 26.694 7.174
259 8 2 28.322 7.861 26.591 7.174
260 8 2 28.179 7.869 26.448 7.182
261 8 2 28.052 7.861 26.321 7.174
262 8 2 27.924 7.861 26.194 7.174
263 8 2 27.781 7.853 26.050 7.166
264 8 2 27.638 7.869 25.907 7.182
265 8 2 27.511 7.877 25.780 7.190
266 8 2 27.384 7.885 25.653 7.198
267 8 2 27.257 7.893 25.525 7.206
268 8 2 27.130 7.901 25.398 7.214
269 8 2 26.987 7.909 25.255 7.222
270 8 2 26.844 7.933 25.112 7.246
271 8 2 26.732 7.941 25.000 7.254
272 8 2 26.581 7.949 24.849 7.262
273 8 2 26.462 7.949 24.730 7.262
274 8 2 26.319 7.965 24.586 7.278
275 8 2 26.160 7.949 24.427 7.262
276 8 2 26.017 7.965 24.284 7.278
277 8 2 25.881 7.965 24.149 7.278
278 8 2 25.762 7.981 24.029 7.294
279 8 2 25.611 7.981 23.878 7.294
280 8 2 25.460 7.997 23.726 7.310
281 8 2 25.317 8.005 23.583 7.318
282 8 2 25.205 8.013 23.471 7.326
283 8 2 25.046 8.006 23.312 7.318
284 8 2 24.903 8.014 23.169 7.326
285 8 2 24.775 8.022 23.041 7.334
286 8 2 24.632 8.022 22.898 7.334
287 8 2 24.489 8.014 22.754 7.326
288 8 2 24.361 8.030 22.627 7.342
289 8 2 24.218 8.022 22.483 7.334
290 8 2 24.059 8.030 22.324 7.342
291 8 2 23.931 8.022 22.196 7.335
292 8 2 23.788 8.022 22.053 7.335
293 8 2 23.676 8.015 21.941 7.327
294 8 2 23.509 8.007 21.774 7.319
295 8 2 23.390 8.007 21.654 7.319
296 8 2 23.246 7.999 21.511 7.311
297 8 2 23.119 7.967 21.383 7.280
298 8 2 22.975 7.960 21.240 7.272
299 8 2 22.832 7.936 21.096 7.248
300 8 2 22.704 7.936 20.968 7.248
301 8 2 22.561 7.912 20.825 7.224
302 8 2 22.418 7.905 20.681 7.217
303 8 2 22.290 7.881 20.554 7.193
304 8 2 22.147 7.857 20.410 7.169
305 8 2 22.003 7.834 20.267 7.145
306 8 2 21.892 7.802 20.155 7.114
307 8 2 21.732 7.770 19.995 7.082
308 8 2 21.605 7.747 19.868 7.058
309 8 2 21.461 7.723 19.724 7.035
310 8 2 21.342 7.691 19.604 7.003
311 8 2 21.198 7.652 19.461 6.964
312 8 2 21.079 7.636 19.341 6.948
313 8 2 20.951 7.597 19.213 6.908
314 8 2 20.808 7.573 19.070 6.884
315 8 2 20.664 7.533 18.926 6.845
316 8 2 20.528 7.502 18.791 6.813
317 8 2 20.409 7.462 18.671 6.774
318 8 2 20.273 7.447 18.535 6.758
319 8 2 20.154 7.407 18.415 6.718
320 8 2 20.010 7.367 18.272 6.679
321 8 2 19.867 7.328 18.128 6.639
322 8 2 19.747 7.280 18.008 6.592
323 8 2 19.603 7.249 17.865 6.560
324 8 2 19.500 7.225 17.761 6.536
325 8 2 19.356 7.185 17.617 6.497
326 8 2 19.244 7.146 17.505 6.457
327 8 2 19.093 7.106 17.354 6.417
328 8 2 18.989 7.075 17.250 6.386
329 8 2 18.853 7.035 17.114 6.346
330 8 2 18.726 6.996 16.986 6.306
331 8 2 18.606 6.964 16.866 6.275
332 8 2 18.478 6.924 16.739 6.235
333 8 2 18.367 6.885 16.627 6.196
334 8 2 18.247 6.837 16.507 6.148
335 8 2 18.119 6.798 16.379 6.108
336 8 2 17.992 6.758 16.252 6.069
337 8 2 17.888 6.711 16.148 6.021
338 8 2 17.776 6.671 16.036 5.982
339 8 2 17.648 6.631 15.908 5.942
246 8 2 29.941 7.796 28.212 7.110
65 11 1 30.834 17.601 29.977 16.532
66 11 1 30.826 17.577 29.969 16.508
67 11 1 30.834 17.537 29.977 16.468
68 11 1 30.810 17.514 29.953 16.445
69 11 1 30.803 17.490 29.945 16.421
70 11 1 30.739 17.442 29.961 16.659
71 11 1 30.739 17.458 29.953 16.635
72 11 1 30.739 17.419 29.953 16.596
73 11 1 30.739 17.379 29.953 16.556
74 11 1 30.739 17.355 29.953 16.532
75 11 1 30.723 17.299 29.937 16.477
76 11 1 30.707 17.276 29.921 16.453
77 11 1 30.707 17.220 29.921 16.397
78 11 1 30.707 17.180 29.921 16.358
79 11 1 30.692 17.125 29.905 16.302
80 11 1 30.684 16.958 29.930 16.088
81 11 1 30.692 16.942 29.922 16.111
82 11 1 30.676 16.895 29.906 16.064
83 11 1 30.676 16.847 29.906 16.016
84 11 1 30.660 16.815 29.890 15.985
85 11 1 30.660 16.768 29.890 15.937
86 11 1 30.644 16.736 29.874 15.905
87 11 1 30.644 16.688 29.874 15.858
88 11 1 30.644 16.657 29.874 15.826
89 11 1 30.644 16.609 29.874 15.778
90 11 1 30.692 16.545 29.866 15.826
91 11 1 30.668 16.577 29.882 15.786
93 11 1 30.668 16.498 29.882 15.707
94 11 1 30.653 16.458 29.867 15.667
95 11 1 30.653 16.418 29.867 15.627
96 11 1 30.653 16.379 29.867 15.588
97 11 1 30.653 16.339 29.867 15.548
98 11 1 30.653 16.283 29.867 15.492
99 11 1 30.653 16.244 29.867 15.453
100 11 1 30.724 16.275 29.875 15.175
101 11 1 30.693 16.148 29.899 15.294
102 11 1 30.685 16.109 29.891 15.254
103 11 1 30.693 16.085 29.899 15.231
104 11 1 30.685 16.045 29.891 15.191
105 11 1 30.677 16.021 29.883 15.167
106 11 1 30.669 15.998 29.875 15.143
107 11 1 30.661 15.974 29.867 15.120
108 11 1 30.653 15.950 29.859 15.096
110 11 1 30.637 15.934 29.820 15.017
111 11 1 30.621 15.903 29.828 15.040
112 11 1 30.614 15.871 29.820 15.009
113 11 1 30.606 15.839 29.812 14.977
114 11 1 30.598 15.823 29.804 14.961
115 11 1 30.590 15.807 29.796 14.945
116 11 1 30.582 15.760 29.788 14.898
117 11 1 30.558 15.744 29.764 14.882
118 11 1 30.566 15.696 29.772 14.834
120 11 1 30.598 15.625 29.749 14.731
121 11 1 30.566 15.609 29.764 14.747
122 11 1 30.566 15.593 29.765 14.731
123 11 1 30.550 15.577 29.749 14.715
124 11 1 30.550 15.546 29.749 14.684
125 11 1 30.550 15.530 29.749 14.668
126 11 1 30.550 15.514 29.749 14.652
127 11 1 30.534 15.498 29.733 14.636
128 11 1 30.534 15.482 29.733 14.620
129 11 1 30.535 15.451 29.733 14.588
130 11 1 30.543 15.292 29.709 14.557
131 11 1 30.527 15.347 29.725 14.501
133 11 1 30.527 15.300 29.725 14.454
134 11 1 30.543 15.268 29.741 14.422
135 11 1 30.559 15.252 29.757 14.406
136 11 1 30.543 15.236 29.741 14.390
137 11 1 30.559 15.205 29.757 14.358
138 11 1 30.543 15.189 29.741 14.343
139 11 1 30.559 15.157 29.757 14.311
140 11 1 30.606 15.141 29.717 14.335
141 11 1 30.559 15.157 29.757 14.319
142 11 1 30.559 15.133 29.757 14.295
143 11 1 30.575 15.125 29.773 14.287
144 11 1 30.591 15.101 29.789 14.263
145 11 1 30.575 15.093 29.773 14.255
146 11 1 30.591 15.070 29.789 14.231
147 11 1 30.591 15.046 29.789 14.208
148 11 1 30.591 15.022 29.789 14.184
149 11 1 30.607 14.998 29.805 14.160
150 11 1 30.622 14.974 29.821 14.136
151 11 1 30.622 14.951 29.821 14.112
152 11 1 30.623 14.927 29.821 14.089
153 11 1 30.623 14.903 29.821 14.065
154 11 1 30.623 14.879 29.821 14.041
155 11 1 30.623 14.855 29.821 14.017
156 11 1 30.623 14.832 29.821 13.993
157 11 1 30.623 14.808 29.821 13.970
158 11 1 30.623 14.768 29.821 13.930
159 11 1 30.623 14.744 29.821 13.906
160 11 1 30.647 14.689 29.813 13.803
161 11 1 30.631 14.665 29.829 13.827
162 11 1 30.631 14.641 29.829 13.803
163 11 1 30.615 14.617 29.813 13.779
164 11 1 30.615 14.594 29.814 13.756
165 11 1 30.615 14.570 29.814 13.732
166 11 1 30.599 14.546 29.798 13.708
167 11 1 30.599 14.522 29.798 13.684
92 11 1 30.668 16.537 29.882 15.746
109 11 1 30.661 15.926 29.867 15.072
119 11 1 30.542 15.681 29.748 14.818
132 11 1 30.527 15.316 29.725 14.469
168 11 1 30.599 14.499 29.798 13.660
169 11 1 30.599 14.475 29.798 13.637
170 11 1 30.552 14.404 29.790 13.756
171 11 1 30.567 14.491 29.774 13.668
172 11 1 30.575 14.467 29.782 13.645
173 11 1 30.583 14.443 29.790 13.621
174 11 1 30.575 14.435 29.782 13.613
175 11 1 30.583 14.411 29.790 13.589
176 11 1 30.575 14.404 29.782 13.581
177 11 1 30.583 14.364 29.790 13.542
178 11 1 30.591 14.356 29.798 13.534
179 11 1 30.599 14.316 29.806 13.494
180 11 1 30.687 14.284 29.806 13.423
181 11 1 30.639 14.261 29.846 13.438
182 11 1 30.647 14.237 29.854 13.415
183 11 1 30.639 14.229 29.846 13.407
184 11 1 30.663 14.189 29.870 13.367
185 11 1 30.655 14.181 29.862 13.359
186 11 1 30.679 14.157 29.886 13.335
188 11 1 30.695 14.126 29.902 13.304
189 11 1 30.703 14.118 29.909 13.296
190 11 1 30.767 13.983 29.925 13.216
191 11 1 30.743 14.007 29.949 13.192
192 11 1 30.751 13.991 29.957 13.177
193 11 1 30.759 13.959 29.965 13.145
194 11 1 30.767 13.943 29.973 13.129
195 11 1 30.775 13.927 29.981 13.113
196 11 1 30.783 13.896 29.989 13.081
197 11 1 30.790 13.880 29.997 13.066
198 11 1 30.783 13.880 29.989 13.066
199 11 1 30.790 13.864 29.997 13.050
200 11 1 30.783 13.785 29.926 13.097
201 11 1 30.751 13.840 29.957 13.042
202 11 1 30.759 13.824 29.965 13.026
203 11 1 30.751 13.808 29.958 13.010
204 11 1 30.759 13.777 29.966 12.978
205 11 1 30.751 13.761 29.958 12.963
206 11 1 30.759 13.745 29.966 12.947
207 11 1 30.751 13.713 29.958 12.915
209 11 1 30.751 13.650 29.958 12.852
210 11 1 30.759 13.460 29.958 12.757
211 11 1 30.751 13.507 29.958 12.717
212 11 1 30.743 13.484 29.950 12.693
213 11 1 30.735 13.460 29.942 12.669
215 11 1 30.751 13.428 29.958 12.638
216 11 1 30.759 13.404 29.966 12.614
217 11 1 30.751 13.381 29.958 12.590
218 11 1 30.775 13.357 29.982 12.566
219 11 1 30.767 13.333 29.974 12.543
220 11 1 30.831 13.222 29.966 12.582
221 11 1 30.783 13.301 29.990 12.511
222 11 1 30.791 13.277 29.998 12.487
223 11 1 30.799 13.254 30.006 12.463
224 11 1 30.823 13.230 30.030 12.440
225 11 1 30.815 13.206 30.022 12.416
226 11 1 30.839 13.182 30.046 12.392
187 11 1 30.687 14.149 29.894 13.327
208 11 1 30.759 13.682 29.966 12.883
214 11 1 30.759 13.452 29.966 12.662
227 11 1 30.847 13.143 30.054 12.352
228 11 1 30.871 13.024 30.077 12.424
229 11 1 30.990 13.079 30.220 12.550
230 11 1 30.998 13.103 30.212 12.510
231 11 1 31.014 13.071 30.228 12.479
232 11 1 31.014 13.039 30.228 12.447
233 11 1 31.014 13.008 30.228 12.415
234 11 1 31.030 12.992 30.244 12.399
235 11 1 31.045 12.944 30.260 12.352
236 11 1 31.045 12.928 30.260 12.336
237 11 1 31.046 12.881 30.260 12.289
238 11 1 31.046 12.865 30.260 12.273
239 11 1 31.046 12.817 30.260 12.225
240 11 1 31.038 12.817 30.245 12.043
241 11 1 31.038 12.794 30.252 12.201
242 11 1 31.038 12.762 30.252 12.170
243 11 1 31.022 12.730 30.237 12.138
244 11 1 31.006 12.699 30.221 12.106
245 11 1 31.006 12.667 30.221 12.075
247 11 1 30.959 12.588 30.173 11.996
248 11 1 30.943 12.540 30.157 11.948
249 11 1 30.911 12.493 30.126 11.901
250 11 1 30.982 12.612 30.221 11.608
251 11 1 30.871 12.438 30.086 11.845
252 11 1 30.856 12.390 30.070 11.798
253 11 1 30.808 12.343 30.023 11.751
254 11 1 30.792 12.311 30.007 11.719
255 11 1 30.760 12.280 29.975 11.687
256 11 1 30.745 12.248 29.959 11.656
257 11 1 30.745 12.216 29.959 11.624
258 11 1 30.729 12.185 29.944 11.592
259 11 1 30.697 12.153 29.912 11.561
260 11 1 30.832 11.923 29.841 11.276
261 11 1 30.673 12.098 29.888 11.505
262 11 1 30.657 12.066 29.872 11.474
263 11 1 30.657 12.034 29.872 11.442
264 11 1 30.642 11.987 29.856 11.395
265 11 1 30.642 11.955 29.856 11.363
266 11 1 30.642 11.908 29.857 11.315
267 11 1 30.642 11.860 29.857 11.268
268 11 1 30.642 11.828 29.857 11.236
269 11 1 30.642 11.781 29.857 11.189
270 11 1 30.626 11.789 29.873 10.793
271 11 1 30.618 11.726 29.833 11.133
272 11 1 30.618 11.694 29.833 11.102
273 11 1 30.618 11.646 29.833 11.054
274 11 1 30.602 11.631 29.817 11.038
275 11 1 30.587 11.583 29.801 10.991
276 11 1 30.587 11.567 29.801 10.975
277 11 1 30.587 11.520 29.801 10.928
278 11 1 30.571 11.504 29.786 10.912
279 11 1 30.555 11.457 29.770 10.864
280 11 1 30.547 11.251 29.794 10.580
281 11 1 30.555 11.219 29.778 10.627
282 11 1 30.547 11.188 29.770 10.595
283 11 1 30.524 11.156 29.746 10.564
284 11 1 30.516 11.124 29.738 10.532
285 11 1 30.492 11.093 29.715 10.501
286 11 1 30.484 11.045 29.707 10.453
287 11 1 30.460 11.029 29.683 10.437
288 11 1 30.452 10.966 29.675 10.374
289 11 1 30.429 10.919 29.651 10.327
290 11 1 30.524 11.108 29.691 10.129
291 11 1 30.397 10.879 29.620 10.287
292 11 1 30.373 10.848 29.596 10.255
293 11 1 30.349 10.800 29.572 10.208
294 11 1 30.341 10.753 29.564 10.161
295 11 1 30.318 10.721 29.541 10.129
296 11 1 30.310 10.689 29.533 10.097
297 11 1 30.286 10.658 29.509 10.066
298 11 1 30.278 10.626 29.501 10.034
299 11 1 30.270 10.579 29.493 9.987
300 11 1 30.199 10.389 29.343 9.742
301 11 1 30.159 10.365 29.382 9.773
302 11 1 30.152 10.318 29.374 9.726
303 11 1 30.128 10.302 29.351 9.710
304 11 1 30.136 10.239 29.359 9.647
305 11 1 30.112 10.207 29.335 9.615
306 11 1 30.120 10.160 29.343 9.568
307 11 1 30.112 10.128 29.335 9.536
308 11 1 30.104 10.081 29.327 9.488
309 11 1 30.096 10.017 29.319 9.425
310 11 1 30.152 10.326 29.359 9.267
311 11 1 30.096 9.962 29.319 9.370
312 11 1 30.089 9.930 29.312 9.338
313 11 1 30.081 9.883 29.304 9.291
314 11 1 30.089 9.851 29.312 9.259
315 11 1 30.081 9.804 29.304 9.212
316 11 1 30.073 9.756 29.296 9.164
317 11 1 30.049 9.725 29.272 9.133
318 11 1 30.057 9.693 29.280 9.101
319 11 1 30.033 9.646 29.256 9.054
320 11 1 30.279 9.558 29.264 8.943
321 11 1 30.033 9.606 29.256 9.014
322 11 1 30.026 9.575 29.249 8.982
323 11 1 30.018 9.527 29.241 8.935
324 11 1 30.026 9.495 29.249 8.903
325 11 1 30.018 9.448 29.241 8.856
326 11 1 30.010 9.385 29.233 8.793
327 11 1 30.002 9.337 29.225 8.745
328 11 1 29.994 9.306 29.217 8.714
329 11 1 29.986 9.258 29.209 8.666
330 11 1 29.978 9.195 29.202 8.603
331 11 1 29.971 9.148 29.194 8.556
332 11 1 29.963 9.116 29.186 8.524
333 11 1 29.955 9.069 29.178 8.477
334 11 1 29.963 9.005 29.186 8.413
335 11 1 29.955 8.974 29.178 8.382
336 11 1 29.947 8.926 29.170 8.334
337 11 1 29.939 8.911 29.162 8.318
338 11 1 29.947 8.863 29.170 8.271
339 11 1 29.939 8.831 29.162 8.239
340 11 1 29.947 8.800 29.170 8.208
341 11 1 29.939 8.752 29.162 8.160
342 11 1 29.947 8.705 29.171 8.113
343 11 1 29.939 8.673 29.163 8.081
344 11 1 29.947 8.626 29.171 8.034
345 11 1 29.955 8.563 29.179 7.971
346 11 1 29.963 8.531 29.187 7.939
347 11 1 29.956 8.484 29.179 7.892
348 11 1 29.979 8.452 29.203 7.860
349 11 1 29.987 8.405 29.211 7.813
350 11 1 29.995 8.341 29.219 7.749
351 11 1 30.003 8.294 29.227 7.702
352 11 1 30.011 8.262 29.235 7.670
353 11 1 30.019 8.231 29.243 7.639
354 11 1 30.027 8.183 29.251 7.591
355 11 1 30.035 8.136 29.259 7.544
356 11 1 30.043 8.120 29.267 7.528
357 11 1 30.035 8.089 29.259 7.497
358 11 1 30.043 8.057 29.267 7.465
359 11 1 30.035 8.025 29.259 7.433
360 11 1 30.043 7.994 29.267 7.402
361 11 1 30.036 7.978 29.259 7.386
362 11 1 30.043 7.962 29.267 7.370
364 11 1 30.036 7.954 29.259 7.362
365 11 1 30.043 7.938 29.267 7.346
366 11 1 30.036 7.923 29.259 7.331
367 11 1 30.044 7.907 29.267 7.315
368 11 1 30.051 7.907 29.275 7.315
369 11 1 30.059 7.875 29.283 7.283
370 11 1 30.067 7.844 29.291 7.252
371 11 1 30.075 7.780 29.299 7.189
372 11 1 30.083 7.717 29.307 7.125
373 11 1 30.076 7.638 29.299 7.046
374 11 1 30.068 7.575 29.291 6.983
376 11 1 30.060 7.567 29.283 6.975
377 11 1 30.052 7.551 29.275 6.959
378 11 1 30.044 7.536 29.268 6.944
379 11 1 30.020 7.536 29.244 6.944
380 11 1 29.996 7.536 29.220 6.944
381 11 1 29.973 7.536 29.196 6.944
382 11 1 29.981 7.536 29.204 6.944
383 11 1 29.988 7.536 29.212 6.944
384 11 1 29.996 7.536 29.220 6.944
385 11 1 29.988 7.536 29.212 6.944
386 11 1 29.996 7.536 29.220 6.944
387 11 1 29.989 7.520 29.212 6.928
388 11 1 29.981 7.504 29.204 6.912
389 11 1 29.973 7.504 29.196 6.912
390 11 1 29.996 7.520 29.220 6.928
391 11 1 30.004 7.504 29.228 6.912
392 11 1 30.012 7.520 29.236 6.928
393 11 1 30.004 7.504 29.228 6.912
394 11 1 30.012 7.520 29.236 6.928
395 11 1 30.004 7.504 29.228 6.912
396 11 1 30.012 7.520 29.236 6.928
397 11 1 30.004 7.504 29.228 6.912
398 11 1 30.012 7.504 29.236 6.912
399 11 1 30.004 7.504 29.228 6.912
246 11 1 30.990 12.635 30.205 12.043
400 11 1 30.323 6.320 29.595 5.578
401 11 1 30.323 6.312 29.603 5.570
402 11 1 30.323 6.272 29.603 5.531
403 11 1 30.323 6.249 29.603 5.507
404 11 1 30.323 6.209 29.603 5.468
405 11 1 30.323 6.186 29.603 5.444
406 11 1 30.323 6.130 29.603 5.389
407 11 1 30.323 6.091 29.603 5.349
408 11 1 30.323 6.036 29.603 5.294
409 11 1 30.323 5.980 29.603 5.239
410 11 1 30.315 6.107 29.548 5.191
411 11 1 30.300 6.044 29.563 5.239
412 11 1 30.300 5.988 29.564 5.184
413 11 1 30.300 5.949 29.564 5.144
414 11 1 30.300 5.894 29.564 5.089
415 11 1 30.300 5.854 29.564 5.049
416 11 1 30.300 5.815 29.564 5.010
417 11 1 30.300 5.807 29.564 5.002
418 11 1 30.300 5.752 29.564 4.947
419 11 1 30.300 5.728 29.564 4.923
420 11 1 30.284 5.689 29.548 4.884
421 11 1 30.268 5.665 29.532 4.860
422 11 1 30.268 5.625 29.532 4.821
423 11 1 30.268 5.602 29.532 4.797
424 11 1 30.253 5.562 29.517 4.758
425 11 1 30.237 5.539 29.501 4.734
426 11 1 30.253 5.499 29.517 4.695
427 11 1 30.237 5.476 29.501 4.671
428 11 1 30.253 5.436 29.517 4.631
429 11 1 30.237 5.397 29.501 4.592
430 11 1 30.269 5.357 29.533 4.553
431 11 1 30.285 5.318 29.549 4.513
432 11 1 30.301 5.263 29.565 4.458
433 11 1 30.348 5.207 29.612 4.403
434 11 1 30.428 4.979 29.732 4.048
435 11 1 30.004 7.488 29.228 6.896
436 11 1 30.436 4.939 29.724 4.080
65 12 1 32.010 17.358 31.241 16.400
66 12 1 32.003 17.342 31.233 16.385
67 12 1 31.995 17.326 31.225 16.369
68 12 1 32.003 17.279 31.233 16.321
69 12 1 31.979 17.279 31.209 16.321
70 12 1 32.074 17.246 31.201 16.369
71 12 1 32.058 17.247 31.201 16.361
72 12 1 32.050 17.223 31.193 16.337
73 12 1 32.058 17.183 31.201 16.297
74 12 1 32.050 17.159 31.193 16.274
75 12 1 32.042 17.120 31.185 16.234
76 12 1 32.034 17.096 31.177 16.210
77 12 1 32.027 17.056 31.169 16.170
78 12 1 32.019 17.017 31.162 16.131
79 12 1 32.011 16.977 31.154 16.091
80 12 1 31.884 16.898 31.106 15.909
81 12 1 31.908 16.866 31.082 15.949
82 12 1 31.900 16.842 31.074 15.925
83 12 1 31.892 16.803 31.066 15.885
84 12 1 31.900 16.779 31.074 15.861
85 12 1 31.892 16.739 31.066 15.822
86 12 1 31.900 16.715 31.074 15.798
87 12 1 31.892 16.676 31.067 15.758
88 12 1 31.916 16.652 31.090 15.734
89 12 1 31.908 16.628 31.082 15.711
90 12 1 31.924 16.453 31.082 15.838
91 12 1 31.916 16.565 31.090 15.726
93 12 1 31.916 16.533 31.090 15.695
94 12 1 31.908 16.509 31.083 15.671
95 12 1 31.916 16.485 31.090 15.647
96 12 1 31.908 16.461 31.083 15.623
97 12 1 31.916 16.438 31.091 15.599
98 12 1 31.908 16.398 31.083 15.560
99 12 1 31.916 16.390 31.091 15.552
100 12 1 31.868 16.263 31.154 15.187
101 12 1 31.908 16.168 31.107 15.282
102 12 1 31.908 16.144 31.107 15.258
103 12 1 31.908 16.120 31.107 15.235
104 12 1 31.908 16.096 31.107 15.211
105 12 1 31.908 16.057 31.107 15.171
106 12 1 31.908 16.033 31.107 15.147
107 12 1 31.908 15.993 31.107 15.108
108 12 1 31.908 15.985 31.107 15.100
110 12 1 31.908 15.922 31.107 15.036
111 12 1 31.924 15.898 31.123 15.012
112 12 1 31.908 15.890 31.107 15.005
113 12 1 31.908 15.866 31.107 14.981
114 12 1 31.908 15.858 31.107 14.973
115 12 1 31.892 15.835 31.091 14.949
116 12 1 31.877 15.811 31.075 14.925
117 12 1 31.892 15.771 31.091 14.886
118 12 1 31.877 15.748 31.075 14.862
120 12 1 31.893 15.652 31.179 14.695
121 12 1 31.924 15.620 31.139 14.727
122 12 1 31.924 15.605 31.139 14.711
123 12 1 31.924 15.573 31.139 14.679
124 12 1 31.924 15.541 31.139 14.648
125 12 1 31.909 15.509 31.123 14.616
126 12 1 31.909 15.494 31.123 14.600
127 12 1 31.909 15.462 31.123 14.568
128 12 1 31.909 15.430 31.123 14.537
129 12 1 31.909 15.398 31.123 14.505
130 12 1 31.845 15.383 31.131 14.751
131 12 1 31.877 15.486 31.107 14.624
133 12 1 31.877 15.470 31.107 14.608
134 12 1 31.877 15.454 31.107 14.592
135 12 1 31.877 15.422 31.107 14.560
136 12 1 31.861 15.422 31.092 14.561
137 12 1 31.877 15.406 31.107 14.545
138 12 1 31.845 15.407 31.076 14.545
139 12 1 31.845 15.391 31.076 14.529
140 12 1 31.845 15.280 31.139 14.235
141 12 1 31.869 15.200 31.108 14.323
142 12 1 31.861 15.184 31.100 14.307
143 12 1 31.869 15.169 31.108 14.291
144 12 1 31.861 15.153 31.100 14.275
145 12 1 31.869 15.137 31.108 14.259
146 12 1 31.861 15.121 31.100 14.243
147 12 1 31.869 15.089 31.108 14.212
148 12 1 31.861 15.073 31.100 14.196
149 12 1 31.869 15.042 31.108 14.164
150 12 1 31.861 15.010 31.100 14.132
151 12 1 31.869 14.994 31.108 14.117
152 12 1 31.861 14.962 31.100 14.085
153 12 1 31.869 14.947 31.108 14.069
154 12 1 31.861 14.931 31.100 14.053
155 12 1 31.869 14.899 31.108 14.021
156 12 1 31.877 14.883 31.116 14.006
157 12 1 31.885 14.867 31.124 13.990
158 12 1 31.877 14.851 31.116 13.974
159 12 1 31.869 14.836 31.108 13.958
160 12 1 31.981 14.780 31.100 14.109
161 12 1 31.854 14.796 31.092 13.918
162 12 1 31.846 14.764 31.084 13.887
163 12 1 31.854 14.748 31.092 13.871
164 12 1 31.830 14.701 31.068 13.823
165 12 1 31.838 14.685 31.076 13.808
166 12 1 31.830 14.638 31.068 13.760
167 12 1 31.838 14.622 31.076 13.744
92 12 1 31.924 16.541 31.098 15.703
109 12 1 31.908 15.946 31.107 15.060
119 12 1 31.893 15.708 31.091 14.822
132 12 1 31.877 15.470 31.107 14.608
168 12 1 31.830 14.574 31.069 13.697
169 12 1 31.822 14.558 31.061 13.681
170 12 1 31.838 14.384 31.156 13.704
171 12 1 31.870 14.471 31.116 13.617
172 12 1 31.870 14.447 31.116 13.594
173 12 1 31.870 14.408 31.116 13.554
174 12 1 31.870 14.384 31.116 13.530
175 12 1 31.870 14.344 31.116 13.491
176 12 1 31.870 14.320 31.116 13.467
177 12 1 31.870 14.281 31.116 13.427
178 12 1 31.886 14.257 31.132 13.403
179 12 1 31.870 14.233 31.116 13.380
180 12 1 31.854 14.241 31.124 13.332
181 12 1 31.862 14.210 31.117 13.356
182 12 1 31.854 14.186 31.109 13.332
183 12 1 31.862 14.162 31.117 13.308
184 12 1 31.854 14.138 31.109 13.285
185 12 1 31.862 14.114 31.117 13.261
186 12 1 31.854 14.091 31.109 13.237
188 12 1 31.854 14.043 31.109 13.189
189 12 1 31.862 14.019 31.117 13.166
190 12 1 31.838 13.948 31.101 13.142
191 12 1 31.838 13.964 31.101 13.118
192 12 1 31.838 13.932 31.101 13.087
193 12 1 31.838 13.901 31.101 13.055
194 12 1 31.838 13.885 31.101 13.039
195 12 1 31.838 13.869 31.101 13.023
196 12 1 31.838 13.837 31.101 12.991
197 12 1 31.838 13.821 31.101 12.976
198 12 1 31.838 13.790 31.101 12.944
199 12 1 31.838 13.758 31.101 12.912
200 12 1 31.950 13.568 31.125 12.849
201 12 1 31.902 13.623 31.165 12.793
202 12 1 31.902 13.591 31.165 12.762
203 12 1 31.902 13.560 31.165 12.730
204 12 1 31.902 13.528 31.165 12.698
205 12 1 31.902 13.496 31.165 12.667
206 12 1 31.902 13.465 31.165 12.635
207 12 1 31.902 13.433 31.165 12.603
209 12 1 31.902 13.354 31.165 12.524
210 12 1 31.910 13.282 31.197 12.492
211 12 1 31.918 13.298 31.189 12.476
212 12 1 31.926 13.275 31.197 12.453
213 12 1 31.934 13.235 31.205 12.413
215 12 1 31.950 13.171 31.221 12.350
216 12 1 31.942 13.148 31.213 12.326
217 12 1 31.950 13.108 31.221 12.286
218 12 1 31.958 13.084 31.229 12.263
219 12 1 31.966 13.045 31.237 12.223
220 12 1 31.950 13.069 31.229 12.160
221 12 1 31.950 13.021 31.229 12.199
222 12 1 31.950 12.997 31.229 12.176
223 12 1 31.950 12.989 31.229 12.168
224 12 1 31.950 12.950 31.229 12.128
225 12 1 31.950 12.926 31.229 12.104
226 12 1 31.950 12.886 31.229 12.065
187 12 1 31.862 14.067 31.117 13.213
208 12 1 31.902 13.385 31.165 12.556
214 12 1 31.926 13.211 31.197 12.389
227 12 1 31.950 12.863 31.229 12.041
228 12 1 31.950 12.823 31.229 12.001
229 12 1 31.950 12.799 31.229 11.978
230 12 1 31.950 12.760 31.229 11.938
231 12 1 31.950 12.736 31.229 11.914
232 12 1 31.950 12.696 31.229 11.875
233 12 1 31.950 12.657 31.229 11.835
234 12 1 31.950 12.617 31.229 11.796
235 12 1 31.950 12.593 31.229 11.772
236 12 1 31.950 12.554 31.229 11.732
237 12 1 31.950 12.530 31.229 11.709
238 12 1 31.950 12.491 31.229 11.669
239 12 1 31.950 12.483 31.229 11.661
240 12 1 31.887 12.396 31.190 11.701
241 12 1 31.895 12.451 31.182 11.637
242 12 1 31.887 12.435 31.174 11.622
243 12 1 31.895 12.388 31.182 11.574
244 12 1 31.871 12.372 31.158 11.558
245 12 1 31.863 12.340 31.150 11.527
247 12 1 31.847 12.277 31.134 11.463
248 12 1 31.824 12.245 31.110 11.432
249 12 1 31.816 12.214 31.103 11.400
250 12 1 31.776 12.119 31.079 11.187
251 12 1 31.776 12.064 31.071 11.250
252 12 1 31.760 12.032 31.055 11.218
253 12 1 31.745 12.000 31.039 11.187
254 12 1 31.729 11.953 31.023 11.139
255 12 1 31.729 11.921 31.023 11.108
256 12 1 31.713 11.890 31.008 11.076
257 12 1 31.713 11.874 31.008 11.060
258 12 1 31.697 11.842 30.992 11.028
259 12 1 31.697 11.810 30.992 10.997
260 12 1 31.697 11.771 30.952 10.941
261 12 1 31.673 11.763 30.968 10.949
262 12 1 31.658 11.747 30.952 10.934
263 12 1 31.642 11.716 30.936 10.902
264 12 1 31.642 11.700 30.936 10.886
265 12 1 31.626 11.668 30.921 10.855
266 12 1 31.610 11.652 30.905 10.839
267 12 1 31.610 11.621 30.905 10.807
268 12 1 31.594 11.589 30.889 10.775
269 12 1 31.562 11.557 30.857 10.744
270 12 1 31.618 11.589 30.850 10.546
271 12 1 31.539 11.518 30.834 10.704
272 12 1 31.523 11.486 30.818 10.673
273 12 1 31.507 11.455 30.802 10.641
274 12 1 31.491 11.407 30.786 10.594
275 12 1 31.460 11.376 30.754 10.562
276 12 1 31.428 11.328 30.723 10.515
277 12 1 31.396 11.249 30.691 10.436
278 12 1 31.380 11.218 30.675 10.404
279 12 1 31.349 11.186 30.643 10.372
280 12 1 31.357 11.265 30.635 10.483
281 12 1 31.341 11.273 30.635 10.467
282 12 1 31.309 11.234 30.604 10.428
283 12 1 31.293 11.194 30.588 10.388
284 12 1 31.277 11.139 30.572 10.333
285 12 1 31.261 11.162 30.556 10.357
286 12 1 31.261 11.139 30.556 10.333
287 12 1 31.246 11.131 30.540 10.325
288 12 1 31.230 11.107 30.525 10.301
289 12 1 31.270 10.814 30.557 9.985
291 12 1 31.254 10.814 30.549 10.017
292 12 1 31.254 10.799 30.549 10.001
293 12 1 31.254 10.767 30.549 9.969
294 12 1 31.254 10.735 30.549 9.938
295 12 1 31.238 10.719 30.533 9.922
296 12 1 31.238 10.704 30.533 9.906
297 12 1 31.222 10.672 30.517 9.874
298 12 1 31.206 10.640 30.501 9.843
299 12 1 31.191 10.609 30.485 9.811
300 12 1 31.151 10.514 30.470 9.685
301 12 1 31.159 10.498 30.462 9.700
302 12 1 31.167 10.467 30.470 9.669
303 12 1 31.175 10.435 30.478 9.637
304 12 1 31.167 10.419 30.470 9.621
305 12 1 31.175 10.372 30.478 9.574
306 12 1 31.096 10.221 30.407 9.424
308 12 1 31.088 10.214 30.399 9.416
309 12 1 31.088 10.182 30.399 9.384
310 12 1 31.088 10.158 30.383 9.076
311 12 1 31.080 10.142 30.391 9.345
312 12 1 31.080 10.111 30.391 9.313
313 12 1 31.080 10.079 30.391 9.282
314 12 1 31.080 10.032 30.391 9.234
315 12 1 31.080 9.968 30.391 9.171
316 12 1 31.080 9.921 30.391 9.123
317 12 1 31.080 9.874 30.391 9.076
318 12 1 31.080 9.842 30.391 9.044
319 12 1 31.064 9.810 30.375 9.013
320 12 1 31.049 9.779 30.359 8.981
321 12 1 31.049 9.747 30.360 8.950
322 12 1 31.049 9.716 30.360 8.918
324 12 1 31.041 9.708 30.352 8.910
325 12 1 31.041 9.676 30.352 8.878
326 12 1 31.041 9.660 30.352 8.863
327 12 1 31.041 9.629 30.352 8.831
328 12 1 31.057 9.597 30.368 8.799
329 12 1 31.057 9.581 30.368 8.784
330 12 1 31.057 9.549 30.368 8.752
331 12 1 31.057 9.518 30.368 8.720
332 12 1 31.057 9.470 30.368 8.673
333 12 1 31.057 9.423 30.368 8.626
334 12 1 31.057 9.376 30.368 8.578
335 12 1 31.073 9.312 30.384 8.515
337 12 1 31.065 9.304 30.376 8.507
338 12 1 31.065 9.273 30.376 8.475
339 12 1 31.065 9.241 30.376 8.444
340 12 1 31.018 9.044 30.360 8.175
341 12 1 31.026 9.012 30.345 8.215
342 12 1 31.034 8.980 30.352 8.183
343 12 1 31.041 8.949 30.360 8.152
344 12 1 31.034 8.917 30.353 8.120
345 12 1 31.042 8.886 30.361 8.088
346 12 1 31.050 8.854 30.368 8.057
347 12 1 31.057 8.807 30.376 8.009
348 12 1 31.065 8.743 30.384 7.946
349 12 1 31.073 8.696 30.392 7.899
350 12 1 31.081 8.585 30.337 7.772
351 12 1 31.050 8.577 30.369 7.780
352 12 1 31.058 8.546 30.377 7.749
353 12 1 31.050 8.514 30.369 7.717
354 12 1 31.074 8.467 30.393 7.670
355 12 1 31.082 8.404 30.401 7.606
356 12 1 31.074 8.372 30.393 7.575
357 12 1 31.066 8.340 30.385 7.543
358 12 1 31.090 8.309 30.409 7.512
359 12 1 31.082 8.277 30.401 7.480
360 12 1 31.193 8.001 30.385 7.330
361 12 1 31.098 8.254 30.417 7.456
362 12 1 31.090 8.238 30.409 7.441
363 12 1 31.082 8.206 30.401 7.409
364 12 1 31.090 8.190 30.409 7.393
365 12 1 31.082 8.175 30.401 7.377
366 12 1 31.090 8.159 30.409 7.362
367 12 1 31.082 8.143 30.401 7.346
368 12 1 31.090 8.096 30.409 7.298
369 12 1 31.082 8.064 30.401 7.267
370 12 1 31.090 8.017 30.409 7.220
371 12 1 31.098 7.938 30.417 7.141
372 12 1 31.122 7.890 30.441 7.093
373 12 1 31.146 7.811 30.465 7.014
374 12 1 31.154 7.780 30.473 6.983
375 12 1 31.233 7.622 30.465 6.809
377 12 1 31.185 7.614 30.505 6.817
378 12 1 31.193 7.598 30.513 6.801
379 12 1 31.201 7.582 30.521 6.785
380 12 1 31.193 7.566 30.513 6.770
381 12 1 31.201 7.551 30.521 6.754
382 12 1 31.209 7.535 30.529 6.738
383 12 1 31.217 7.535 30.537 6.738
384 12 1 31.225 7.535 30.544 6.738
385 12 1 31.233 7.535 30.552 6.738
386 12 1 31.225 7.535 30.544 6.738
387 12 1 31.297 7.298 30.521 6.430
389 12 1 31.209 7.527 30.529 6.730
390 12 1 31.217 7.495 30.537 6.698
391 12 1 31.209 7.464 30.529 6.667
393 12 1 31.147 6.580 30.585 6.162
394 12 1 31.163 6.596 30.577 6.162
395 12 1 31.171 6.556 30.585 6.122
396 12 1 31.171 6.517 30.585 6.083
397 12 1 31.171 6.485 30.585 6.051
398 12 1 31.179 6.446 30.593 6.012
399 12 1 31.155 6.383 30.601 5.531
400 12 1 31.305 6.517 30.570 5.594
246 12 1 31.840 12.309 31.126 11.495
401 12 1 31.234 6.469 30.633 5.625
402 12 1 31.226 6.438 30.625 5.594
403 12 1 31.234 6.406 30.633 5.562
404 12 1 31.242 6.375 30.641 5.531
405 12 1 31.234 6.327 30.633 5.483
406 12 1 31.242 6.280 30.641 5.436
407 12 1 31.250 6.217 30.649 5.373
408 12 1 31.258 6.170 30.657 5.326
409 12 1 31.266 6.122 30.665 5.278
410 12 1 31.290 6.075 30.689 5.231
411 12 1 31.330 6.028 30.713 5.247
412 12 1 31.194 7.424 30.513 6.627
413 12 1 31.322 6.020 30.705 5.239
414 12 1 31.330 5.988 30.713 5.207
415 12 1 31.322 5.972 30.705 5.192
416 12 1 31.345 5.925 30.728 5.144
417 12 1 31.338 5.909 30.721 5.129
418 12 1 31.361 5.862 30.744 5.081
419 12 1 31.353 5.830 30.736 5.050
420 12 1 31.377 5.799 30.760 5.018
421 12 1 31.385 5.752 30.768 4.971
422 12 1 31.393 5.689 30.776 4.908
423 12 1 31.401 5.641 30.784 4.861
424 12 1 31.409 5.610 30.792 4.829
425 12 1 31.417 5.578 30.800 4.797
426 12 1 31.441 5.531 30.824 4.750
427 12 1 31.433 5.484 30.816 4.703
428 12 1 31.457 5.452 30.840 4.671
429 12 1 31.449 5.405 30.832 4.624
430 12 1 31.473 5.357 30.856 4.577
431 12 1 31.465 5.342 30.848 4.561
432 12 1 31.544 5.152 30.911 4.411
433 12 1 31.201 7.424 30.521 6.627
434 12 1 31.536 5.145 30.903 4.403
435 12 1 31.544 5.121 30.911 4.380
436 12 1 31.536 5.097 30.904 4.356
