0 0 1 31.481 3.661 30.670 2.507
1 0 1 31.504 3.690 30.655 2.486
2 0 1 31.497 3.727 30.648 2.522
3 0 1 31.490 3.764 30.641 2.559
4 0 1 31.497 3.808 30.648 2.603
5 0 1 31.490 3.837 30.641 2.632
6 0 1 31.498 3.881 30.649 2.676
7 0 1 31.491 3.925 30.642 2.720
8 0 1 31.498 3.947 30.649 2.742
9 0 1 31.491 3.999 30.642 2.794
10 0 1 31.499 4.043 30.650 2.838
11 0 1 31.491 3.984 30.642 2.779
12 0 1 31.499 4.116 30.650 2.911
13 0 1 31.492 4.146 30.643 2.940
14 0 1 31.500 4.197 30.651 2.992
15 0 1 31.507 4.234 30.658 3.028
16 0 1 31.515 4.292 30.666 3.087
17 0 1 31.515 4.336 30.666 3.131
18 0 1 31.516 4.380 30.667 3.175
19 0 1 31.509 4.424 30.659 3.219
20 0 1 31.516 4.468 30.667 3.263
21 0 1 31.524 4.512 30.675 3.307
22 0 1 31.532 4.556 30.682 3.351
23 0 1 31.539 4.601 30.690 3.395
24 0 1 31.547 4.645 30.698 3.439
25 0 1 31.540 4.674 30.690 3.468
26 0 1 31.547 4.718 30.698 3.512
27 0 1 31.540 4.762 30.691 3.556
28 0 1 31.548 4.791 30.699 3.586
29 0 1 31.541 4.836 30.691 3.630
30 0 1 31.549 4.880 30.699 3.674
31 0 1 31.541 4.924 30.692 3.718
32 0 1 31.534 4.968 30.685 3.762
33 0 1 31.527 5.012 30.678 3.806
34 0 1 31.520 5.056 30.671 3.850
35 0 1 31.513 5.100 30.664 3.894
36 0 1 31.506 5.144 30.656 3.938
37 0 1 31.499 5.189 30.649 3.983
38 0 1 31.492 5.233 30.642 4.027
39 0 1 31.485 5.277 30.635 4.071
40 0 1 31.478 5.321 30.628 4.115
41 0 1 31.456 5.365 30.606 4.159
42 0 1 31.463 5.395 30.614 4.189
43 0 1 31.441 5.439 30.592 4.233
44 0 1 31.449 5.483 30.599 4.277
45 0 1 31.442 5.512 30.592 4.306
46 0 1 31.450 5.556 30.600 4.350
47 0 1 31.442 5.586 30.593 4.380
48 0 1 31.435 5.630 30.586 4.424
49 0 1 31.428 5.660 30.578 4.453
50 0 1 31.436 5.704 30.586 4.497
51 0 1 31.429 5.733 30.579 4.527
52 0 1 31.436 5.792 30.587 4.585
53 0 1 31.429 5.836 30.579 4.630
54 0 1 31.437 5.880 30.587 4.674
55 0 1 31.430 5.924 30.580 4.718
56 0 1 31.438 5.968 30.588 4.762
57 0 1 31.430 6.013 30.581 4.806
58 0 1 31.438 6.057 30.588 4.850
59 0 1 31.431 6.101 30.581 4.894
60 0 1 31.439 6.145 30.589 4.938
61 0 1 31.446 6.189 30.596 4.982
62 0 1 31.454 6.218 30.604 5.012
63 0 1 31.447 6.263 30.597 5.056
64 0 1 31.455 6.307 30.605 5.100
65 0 1 31.447 6.336 30.597 5.129
66 0 1 31.455 6.380 30.605 5.173
67 0 1 31.448 6.410 30.598 5.203
68 0 1 31.441 6.454 30.591 5.247
69 0 1 31.434 6.483 30.583 5.276
70 0 1 31.426 6.528 30.576 5.321
71 0 1 31.419 6.557 30.569 5.350
72 0 1 31.412 6.601 30.562 5.394
73 0 1 31.405 6.631 30.555 5.424
74 0 1 31.398 6.675 30.548 5.468
75 0 1 31.376 6.705 30.526 5.498
76 0 1 31.369 6.749 30.519 5.542
77 0 1 31.362 6.793 30.511 5.586
78 0 1 31.355 6.823 30.504 5.615
79 0 1 31.333 6.867 30.482 5.660
80 0 1 31.325 6.897 30.475 5.689
81 0 1 31.318 6.926 30.468 5.719
82 0 1 31.311 6.970 30.461 5.763
83 0 1 31.304 7.000 30.454 5.792
84 0 1 31.297 7.029 30.446 5.822
85 0 1 31.290 7.059 30.439 5.851
86 0 1 31.282 7.088 30.432 5.881
87 0 1 31.275 7.118 30.425 5.910
88 0 1 31.283 7.133 30.432 5.925
89 0 1 31.275 7.162 30.425 5.954
90 0 1 31.283 7.191 30.433 5.984
91 0 1 31.276 7.221 30.425 6.013
92 0 1 31.269 7.250 30.418 6.043
93 0 1 31.261 7.280 30.411 6.072
94 0 1 31.269 7.309 30.418 6.102
95 0 1 31.247 7.339 30.396 6.131
96 0 1 31.255 7.368 30.404 6.161
97 0 1 31.247 7.398 30.397 6.190
98 0 1 31.255 7.427 30.404 6.220
99 0 1 31.248 7.457 30.397 6.249
100 0 1 31.255 7.486 30.405 6.278
101 0 1 31.248 7.516 30.398 6.308
102 0 1 31.241 7.531 30.390 6.323
103 0 1 31.234 7.560 30.383 6.352
104 0 1 31.241 7.575 30.391 6.367
105 0 1 31.234 7.590 30.383 6.382
106 0 1 31.227 7.604 30.376 6.397
107 0 1 31.219 7.634 30.369 6.426
108 0 1 31.227 7.649 30.376 6.441
109 0 1 31.205 7.664 30.354 6.456
110 0 1 31.197 7.678 30.347 6.470
111 0 1 31.190 7.693 30.339 6.485
112 0 1 31.183 7.708 30.332 6.500
113 0 1 31.161 7.723 30.310 6.515
114 0 1 31.153 7.738 30.303 6.530
115 0 1 31.131 7.738 30.281 6.530
116 0 1 31.124 7.753 30.273 6.545
117 0 1 31.102 7.768 30.251 6.560
118 0 1 31.095 7.782 30.244 6.574
119 0 1 31.072 7.797 30.222 6.589
120 0 1 31.065 7.812 30.214 6.604
121 0 1 31.043 7.812 30.192 6.604
122 0 1 31.036 7.827 30.185 6.619
123 0 1 31.028 7.842 30.178 6.634
124 0 1 31.021 7.857 30.170 6.649
125 0 1 31.014 7.857 30.163 6.649
126 0 1 31.006 7.872 30.156 6.663
127 0 1 30.999 7.887 30.148 6.678
128 0 1 30.992 7.901 30.141 6.693
129 0 1 30.984 7.916 30.134 6.708
130 0 1 30.977 7.931 30.126 6.723
131 0 1 30.970 7.946 30.119 6.737
132 0 1 30.977 7.960 30.126 6.752
133 0 1 30.970 7.975 30.119 6.767
134 0 1 30.963 7.990 30.112 6.782
135 0 1 30.955 8.005 30.105 6.796
136 0 1 30.963 8.020 30.112 6.811
137 0 1 30.956 8.034 30.105 6.826
138 0 1 30.963 8.049 30.112 6.841
139 0 1 30.956 8.064 30.105 6.855
140 0 1 30.963 8.064 30.112 6.855
141 0 1 30.956 8.079 30.105 6.870
142 0 1 30.963 8.093 30.112 6.885
143 0 1 30.956 8.108 30.105 6.900
144 0 1 30.949 8.123 30.098 6.914
145 0 1 30.941 8.123 30.090 6.914
146 0 1 30.949 8.138 30.098 6.929
147 0 1 30.942 8.152 30.091 6.944
148 0 1 30.949 8.167 30.098 6.959
149 0 1 30.927 8.167 30.076 6.959
150 0 1 30.934 8.182 30.083 6.973
151 0 1 30.927 8.197 30.076 6.988
152 0 1 30.920 8.212 30.069 7.003
153 0 1 30.912 8.226 30.061 7.018
154 0 1 30.905 8.241 30.054 7.033
155 0 1 30.883 8.256 30.032 7.048
156 0 1 30.876 8.271 30.025 7.062
157 0 1 30.854 8.286 30.003 7.077
158 0 1 30.846 8.286 29.995 7.077
159 0 1 30.839 8.301 29.988 7.092
160 0 1 30.832 8.316 29.981 7.107
161 0 1 30.809 8.331 29.958 7.122
162 0 1 30.802 8.331 29.951 7.122
163 0 1 30.795 8.345 29.944 7.137
164 0 1 30.787 8.346 29.936 7.137
165 0 1 30.765 8.361 29.914 7.152
166 0 1 30.772 8.272 29.922 7.240
167 0 1 30.750 8.272 29.900 7.240
168 0 1 30.757 8.287 29.907 7.255
169 0 1 30.750 8.287 29.900 7.255
170 0 1 30.743 8.287 29.893 7.255
171 0 1 30.735 8.287 29.885 7.255
172 0 1 30.743 8.287 29.893 7.255
173 0 1 30.735 8.302 29.885 7.270
174 0 1 30.743 8.302 29.893 7.270
175 0 1 30.735 8.302 29.885 7.270
176 0 1 30.743 8.302 29.893 7.270
177 0 1 30.735 8.228 29.886 7.344
178 0 1 30.742 8.228 29.893 7.344
179 0 1 30.735 8.243 29.886 7.358
180 0 1 30.742 8.243 29.893 7.358
181 0 1 30.735 8.258 29.886 7.373
182 0 1 30.743 8.272 29.893 7.388
183 0 1 30.735 8.272 29.886 7.388
184 0 1 30.743 8.287 29.893 7.403
185 0 1 30.705 8.243 29.834 7.425
186 0 1 30.691 8.265 29.842 7.396
187 0 1 30.683 8.280 29.834 7.410
188 0 1 30.661 8.295 29.812 7.425
189 0 1 30.669 8.310 29.820 7.440
190 0 1 30.647 8.340 29.798 7.470
191 0 1 30.639 8.354 29.790 7.485
192 0 1 30.617 8.369 29.768 7.499
193 0 1 30.610 8.399 29.761 7.529
194 0 1 30.603 8.428 29.754 7.559
195 0 1 30.581 8.443 29.732 7.574
196 0 1 30.559 8.473 29.709 7.603
197 0 1 30.551 8.488 29.702 7.618
198 0 1 30.529 8.518 29.680 7.648
199 0 1 30.522 8.547 29.673 7.677
200 0 1 30.500 8.562 29.651 7.692
201 0 1 30.493 8.592 29.643 7.722
202 0 1 30.493 8.577 29.599 7.678
203 0 1 30.470 8.562 29.621 7.693
204 0 1 30.463 8.592 29.614 7.722
205 0 1 30.441 8.607 29.592 7.737
206 0 1 30.434 8.637 29.584 7.767
207 0 1 30.427 8.651 29.577 7.781
208 0 1 30.419 8.681 29.570 7.811
209 0 1 30.412 8.711 29.563 7.841
210 0 1 30.405 8.740 29.555 7.870
211 0 1 30.398 8.770 29.548 7.900
212 0 1 30.405 8.784 29.556 7.914
213 0 1 30.398 8.814 29.548 7.944
214 0 1 30.405 8.843 29.556 7.973
215 0 1 30.398 8.873 29.549 8.003
216 0 1 30.406 8.902 29.556 8.032
217 0 1 30.376 8.866 29.571 8.040
218 0 1 30.391 8.895 29.579 8.054
219 0 1 30.391 8.903 29.601 8.084
220 0 1 30.399 8.925 29.572 8.106
221 0 1 30.377 8.962 29.549 8.121
222 0 1 30.377 8.954 29.549 8.114
223 0 1 30.377 8.984 29.550 8.143
224 0 1 30.377 9.013 29.550 8.173
225 0 1 30.362 9.043 29.535 8.202
226 0 1 30.362 9.073 29.535 8.232
227 0 1 30.348 9.102 29.521 8.261
228 0 1 30.348 9.132 29.521 8.291
229 0 1 30.348 9.161 29.521 8.320
230 0 1 30.334 9.191 29.506 8.350
231 0 1 30.319 9.221 29.492 8.380
232 0 1 30.319 9.265 29.492 8.424
233 0 1 30.305 9.309 29.477 8.468
234 0 1 30.290 9.339 29.463 8.498
235 0 1 30.275 9.384 29.448 8.543
236 0 1 30.261 9.428 29.433 8.587
237 0 1 30.231 9.458 29.404 8.617
238 0 1 30.217 9.502 29.389 8.661
239 0 1 30.202 9.562 29.375 8.720
240 0 1 30.188 9.606 29.360 8.765
241 0 1 30.173 9.636 29.346 8.795
242 0 1 30.159 9.665 29.331 8.824
243 0 1 30.159 9.710 29.331 8.869
244 0 1 30.144 9.754 29.317 8.913
245 0 1 30.130 9.784 29.302 8.943
246 0 1 30.130 9.813 29.302 8.972
247 0 1 30.115 9.858 29.288 9.017
248 0 1 30.101 9.902 29.273 9.061
249 0 1 30.101 9.932 29.273 9.091
250 0 1 30.086 9.962 29.259 9.120
251 0 1 30.086 10.006 29.259 9.165
252 0 1 30.087 10.065 29.259 9.224
253 0 1 30.072 10.095 29.244 9.253
254 0 1 30.072 10.139 29.245 9.298
255 0 1 30.073 10.169 29.245 9.327
256 0 1 30.058 10.198 29.230 9.357
257 0 1 30.058 10.243 29.230 9.401
258 0 1 30.044 10.287 29.216 9.446
259 0 1 30.044 10.317 29.216 9.475
260 0 1 30.029 10.347 29.201 9.505
261 0 1 30.029 10.391 29.202 9.549
262 0 1 30.030 10.435 29.202 9.594
263 0 1 30.015 10.465 29.187 9.623
264 0 1 30.015 10.495 29.187 9.653
265 0 1 29.934 10.518 29.085 9.942
266 0 1 29.927 10.636 29.099 9.809
267 0 1 29.912 10.666 29.084 9.839
268 0 1 29.913 10.695 29.085 9.868
269 0 1 29.898 10.740 29.070 9.913
270 0 1 29.898 10.769 29.070 9.942
271 0 1 29.883 10.799 29.055 9.972
272 0 1 29.869 10.844 29.041 10.017
273 0 1 29.854 10.903 29.026 10.076
274 0 1 29.840 10.948 29.012 10.121
275 0 1 29.825 10.992 28.997 10.165
276 0 1 29.811 11.051 28.983 10.224
277 0 1 29.796 11.096 28.968 10.269
278 0 1 29.782 11.126 28.953 10.299
279 0 1 29.767 11.170 28.939 10.343
280 0 1 29.752 11.215 28.924 10.388
281 0 1 29.789 11.118 28.999 10.564
282 0 1 29.819 11.199 29.000 10.646
283 0 1 29.775 11.237 28.933 10.713
284 0 1 29.761 11.363 28.940 10.580
285 0 1 29.753 11.407 28.933 10.624
286 0 1 29.746 11.437 28.926 10.654
287 0 1 29.754 11.481 28.933 10.698
288 0 1 29.747 11.526 28.926 10.743
289 0 1 29.754 11.570 28.934 10.787
290 0 1 29.747 11.615 28.926 10.832
291 0 1 29.755 11.659 28.934 10.876
292 0 1 29.763 11.703 28.942 10.920
293 0 1 29.770 11.762 28.950 10.979
294 0 1 29.763 11.807 28.942 11.024
295 0 1 29.771 11.851 28.950 11.068
296 0 1 29.764 11.881 28.943 11.098
297 0 1 29.771 11.910 28.950 11.127
298 0 1 29.764 11.955 28.943 11.172
299 0 1 29.772 11.984 28.951 11.201
300 0 1 29.750 12.029 28.929 11.246
301 0 1 29.757 12.059 28.936 11.276
302 0 1 29.750 12.103 28.929 11.320
303 0 1 29.758 12.133 28.937 11.350
304 0 1 29.736 12.177 28.915 11.394
305 0 1 29.743 12.222 28.922 11.439
306 0 1 29.721 12.252 28.900 11.468
307 0 1 29.745 12.466 28.974 11.482
308 0 1 29.737 12.481 29.004 11.482
309 0 1 29.737 12.481 28.982 11.505
310 0 1 29.685 12.467 28.953 11.557
311 0 1 29.708 12.467 28.930 11.587
312 0 1 29.730 12.481 28.908 11.624
313 0 1 29.685 12.482 28.857 11.654
314 0 1 29.686 12.534 28.916 11.742
315 0 1 29.693 12.548 28.909 11.809
316 0 1 29.701 12.622 28.903 11.928
317 0 1 29.709 12.630 28.925 11.979
318 0 1 29.716 12.652 28.925 12.016
319 0 1 29.679 12.689 28.904 12.150
320 0 1 29.650 12.764 28.867 12.187
321 0 1 29.643 12.838 28.866 12.098
322 0 1 29.636 12.868 28.859 12.128
323 0 1 29.643 12.912 28.867 12.173
324 0 1 29.651 12.942 28.874 12.202
325 0 1 29.644 12.986 28.867 12.247
326 0 1 29.666 13.030 28.890 12.291
327 0 1 29.659 13.075 28.882 12.335
328 0 1 29.682 13.119 28.905 12.380
329 0 1 29.674 13.164 28.898 12.424
330 0 1 29.697 13.223 28.920 12.483
331 0 1 29.705 13.267 28.928 12.528
332 0 1 29.712 13.312 28.936 12.572
333 0 1 29.720 13.356 28.943 12.616
334 0 1 29.750 13.422 28.906 12.595
335 0 1 29.713 13.378 28.936 12.639
336 0 1 29.720 13.423 28.944 12.683
337 0 1 29.728 13.452 28.951 12.713
338 0 1 29.721 13.482 28.944 12.742
339 0 1 29.728 13.526 28.952 12.787
340 0 1 29.721 13.571 28.945 12.831
341 0 1 29.729 13.601 28.952 12.861
342 0 1 29.722 13.645 28.945 12.905
343 0 1 29.729 13.690 28.953 12.950
344 0 1 29.722 13.719 28.945 12.980
345 0 1 29.730 13.749 28.953 13.009
346 0 1 29.723 13.794 28.946 13.054
347 0 1 29.730 13.853 28.953 13.113
348 0 1 29.723 13.912 28.946 13.172
349 0 1 29.731 13.971 28.954 13.232
350 0 1 29.724 14.031 28.947 13.291
351 0 1 29.792 14.238 29.015 13.528
352 0 1 29.785 14.245 29.008 13.513
353 0 1 29.792 14.282 29.015 13.550
354 0 1 29.785 14.334 29.008 13.602
355 0 1 29.793 14.371 29.016 13.639
356 0 1 29.786 14.409 29.009 13.676
357 0 1 29.808 14.445 29.031 13.713
358 0 1 29.801 14.498 29.024 13.765
359 0 1 29.809 14.535 29.031 13.802
360 0 1 29.816 14.572 29.039 13.839
361 0 1 29.824 14.609 29.047 13.876
362 0 1 29.832 14.660 29.054 13.928
363 0 1 29.839 14.683 29.062 13.950
364 0 1 29.847 14.734 29.070 14.002
365 0 1 29.869 14.771 29.092 14.039
366 0 1 29.862 14.823 29.085 14.091
367 0 1 29.885 14.875 29.108 14.142
368 0 1 29.893 14.927 29.115 14.194
369 0 1 29.915 14.964 29.138 14.231
370 0 1 29.923 15.016 29.146 14.283
371 0 1 29.930 15.053 29.153 14.320
372 0 1 29.938 15.105 29.161 14.372
373 0 1 29.946 15.127 29.169 14.394
374 0 1 29.953 15.179 29.176 14.446
375 0 1 29.931 15.231 29.154 14.424
376 0 1 29.931 15.194 29.154 14.461
377 0 1 29.939 15.231 29.162 14.498
378 0 1 29.940 15.365 29.207 14.572
379 0 1 30.015 15.453 29.229 14.601
380 0 1 29.993 15.535 29.244 14.601
381 0 1 30.000 15.431 29.237 14.698
382 0 1 30.007 15.468 29.245 14.735
383 0 1 30.015 15.520 29.252 14.787
384 0 1 30.008 15.557 29.245 14.824
385 0 1 30.015 15.609 29.253 14.876
386 0 1 30.008 15.661 29.246 14.928
387 0 1 30.016 15.713 29.254 14.980
388 0 1 29.957 15.788 29.282 14.801
389 0 1 29.942 15.840 29.275 14.875
390 0 1 29.972 15.832 29.320 14.949
391 0 1 29.957 15.847 29.291 15.009
392 0 1 30.033 16.017 29.278 15.358
393 0 1 29.995 15.981 29.337 15.209
394 0 1 29.966 16.078 29.307 15.306
395 0 1 29.959 16.078 29.241 15.351
396 0 1 29.959 16.093 29.270 15.358
397 0 1 29.937 16.115 29.271 15.373
398 0 1 29.981 16.144 29.293 15.373
399 0 1 29.989 16.248 29.315 15.395
400 0 1 29.982 16.323 29.315 15.417
401 0 1 29.983 16.367 29.345 15.424
402 0 1 29.975 16.390 29.323 15.447
403 0 1 29.998 16.397 29.293 15.462
404 0 1 29.968 16.449 29.301 15.462
405 0 1 29.946 16.494 29.331 15.469
406 0 1 29.954 16.502 29.271 15.544
407 0 1 30.006 16.538 29.346 15.610
408 0 1 30.043 16.582 29.406 15.669
409 0 1 30.051 16.679 29.436 15.735
410 0 1 30.157 16.848 29.498 16.077
411 0 1 30.111 16.715 29.504 15.920
412 0 1 30.178 16.722 29.497 15.995
413 0 1 30.164 16.811 29.453 16.107
414 0 1 30.172 16.885 29.491 16.151
415 0 1 30.187 16.900 29.505 16.158
416 0 1 30.217 16.974 29.506 16.166
417 0 1 30.217 17.026 29.476 16.181
418 0 1 30.240 17.115 29.468 16.159
419 0 1 30.225 17.160 29.506 16.181
420 0 1 30.240 17.175 29.506 16.173
421 0 1 30.233 17.182 29.520 16.180
422 0 1 30.294 17.382 29.468 16.144
423 0 1 30.271 17.375 29.491 16.144
424 0 1 30.279 17.375 29.483 16.159
425 0 1 30.286 17.375 29.454 16.196
426 0 1 30.158 17.012 29.521 16.292
427 0 1 30.205 17.450 29.417 16.271
428 0 1 30.150 17.057 29.514 16.337
429 0 1 30.151 17.109 29.514 16.389
430 0 1 30.151 17.146 29.514 16.426
431 0 1 30.151 17.168 29.515 16.448
432 0 1 30.150 17.072 29.516 16.627
433 0 1 30.150 17.012 29.516 16.723
434 0 1 30.120 17.020 29.487 16.798
435 0 1 30.076 17.043 29.442 16.821
436 0 1 30.046 17.036 29.413 16.874
437 0 1 30.046 17.021 29.413 16.896
438 0 1 30.031 17.044 29.398 16.918
439 0 1 30.031 17.066 29.398 16.941
440 0 1 30.031 17.081 29.398 16.978
441 0 1 30.017 17.088 29.384 17.015
442 0 1 30.017 17.111 29.384 17.038
443 0 1 30.017 17.118 29.384 17.075
444 0 1 30.017 17.141 29.384 17.120
445 0 1 30.017 17.155 29.384 17.149
446 0 1 30.017 17.193 29.385 17.194
447 0 1 30.017 17.230 29.385 17.231
448 0 1 30.003 17.267 29.370 17.269
449 0 1 30.003 17.304 29.370 17.306
450 0 1 29.988 17.357 29.356 17.358
451 0 1 29.989 17.394 29.356 17.395
452 0 1 29.989 17.431 29.356 17.433
453 0 1 29.989 17.468 29.356 17.470
454 0 1 30.004 17.505 29.372 17.507
455 0 1 30.004 17.528 29.372 17.529
456 0 1 30.019 17.565 29.387 17.566
457 0 1 30.064 17.586 29.432 17.588
458 0 1 30.124 17.593 29.491 17.595
459 0 1 30.139 17.600 29.506 17.602
460 0 1 30.154 17.607 29.521 17.609
461 0 1 30.154 17.615 29.521 17.617
462 0 1 30.169 17.637 29.536 17.639
463 0 1 30.169 17.645 29.536 17.646
464 0 1 30.169 17.667 29.536 17.668
465 0 1 30.184 17.674 29.551 17.676
466 0 1 30.184 17.696 29.551 17.698
467 0 1 30.184 17.704 29.551 17.705
468 0 1 30.184 17.741 29.552 17.743
469 0 1 30.199 17.763 29.567 17.765
470 0 1 30.199 17.786 29.567 17.787
471 0 1 30.199 17.808 29.567 17.810
472 0 1 30.200 17.830 29.567 17.832
473 0 1 30.185 17.853 29.552 17.854
0 1 1 30.701 18.381 30.010 17.170
1 1 1 30.724 18.418 30.002 17.148
2 1 1 30.716 18.359 29.994 17.089
3 1 1 30.707 18.076 29.965 17.104
4 1 1 30.700 18.106 29.965 17.089
5 1 1 30.744 18.016 29.935 17.127
6 1 1 30.722 18.046 29.957 17.089
7 1 1 30.714 18.009 29.949 17.052
8 1 1 30.706 17.964 29.942 17.008
9 1 1 30.713 17.934 29.949 16.978
10 1 1 30.706 17.897 29.941 16.941
11 1 1 30.683 17.831 29.919 16.874
12 1 1 30.690 17.808 29.926 16.852
13 1 1 30.683 17.756 29.918 16.800
14 1 1 30.690 17.734 29.926 16.777
15 1 1 30.667 17.667 29.903 16.711
16 1 1 30.681 17.555 29.954 16.576
17 1 1 30.703 17.533 30.013 16.508
18 1 1 30.748 17.525 29.893 16.331
19 1 1 30.695 17.429 29.946 16.427
20 1 1 30.703 17.436 29.953 16.398
21 1 1 30.695 17.414 29.946 16.413
22 1 1 30.688 17.377 29.938 16.375
23 1 1 30.702 17.339 30.012 16.352
24 1 1 30.649 17.221 29.945 16.316
25 1 1 30.634 17.147 29.923 16.301
26 1 1 30.604 17.050 29.923 16.324
27 1 1 30.574 16.991 29.893 16.309
28 1 1 30.603 16.961 29.908 16.301
29 1 1 30.618 16.998 29.915 16.220
30 1 1 30.633 16.924 29.907 16.093
31 1 1 30.632 16.849 29.884 15.967
32 1 1 30.610 16.842 29.906 15.967
33 1 1 30.617 16.805 29.913 15.930
34 1 1 30.610 16.760 29.906 15.885
35 1 1 30.617 16.701 29.913 15.826
36 1 1 30.624 16.641 29.920 15.766
37 1 1 30.631 16.596 29.927 15.721
38 1 1 30.623 16.552 29.919 15.677
39 1 1 30.630 16.492 29.926 15.617
40 1 1 30.637 16.448 29.933 15.573
41 1 1 30.644 16.403 29.941 15.528
42 1 1 30.652 16.343 29.948 15.468
43 1 1 30.659 16.299 29.955 15.424
44 1 1 30.651 16.269 29.947 15.394
45 1 1 30.658 16.224 29.954 15.350
46 1 1 30.650 16.165 29.947 15.290
47 1 1 30.658 16.120 29.954 15.246
48 1 1 30.650 16.091 29.946 15.216
49 1 1 30.657 16.046 29.953 15.171
50 1 1 30.649 15.972 29.946 15.097
51 1 1 30.656 15.942 29.953 15.067
52 1 1 30.634 15.898 29.930 15.023
53 1 1 30.641 15.838 29.937 14.964
54 1 1 30.618 15.794 29.915 14.919
55 1 1 30.626 15.749 29.922 14.875
56 1 1 30.618 15.690 29.914 14.815
57 1 1 30.625 15.645 29.921 14.771
58 1 1 30.617 15.616 29.914 14.741
59 1 1 30.625 15.571 29.921 14.696
60 1 1 30.602 15.512 29.898 14.637
61 1 1 30.609 15.467 29.905 14.593
62 1 1 30.601 15.438 29.898 14.563
63 1 1 30.594 15.393 29.890 14.519
64 1 1 30.586 15.349 29.882 14.474
65 1 1 30.593 15.319 29.890 14.444
66 1 1 30.600 15.289 29.897 14.415
67 1 1 30.608 15.244 29.904 14.370
68 1 1 30.600 15.185 29.896 14.311
69 1 1 30.622 15.155 29.919 14.281
70 1 1 30.614 15.111 29.911 14.236
71 1 1 30.622 15.096 29.918 14.221
72 1 1 30.629 15.051 29.925 14.177
73 1 1 30.636 15.021 29.933 14.147
74 1 1 30.643 14.992 29.940 14.117
75 1 1 30.650 14.962 29.947 14.088
76 1 1 30.643 14.932 29.940 14.058
77 1 1 30.650 14.902 29.947 14.028
78 1 1 30.657 14.873 29.954 13.998
79 1 1 30.665 14.858 29.961 13.983
80 1 1 30.657 14.813 29.954 13.939
81 1 1 30.664 14.798 29.961 13.924
82 1 1 30.657 14.754 29.953 13.880
83 1 1 30.664 14.739 29.961 13.865
84 1 1 30.656 14.709 29.953 13.835
85 1 1 30.664 14.680 29.960 13.805
86 1 1 30.656 14.665 29.953 13.791
87 1 1 30.663 14.650 29.960 13.776
88 1 1 30.656 14.620 29.953 13.746
89 1 1 30.663 14.591 29.960 13.716
90 1 1 30.656 14.576 29.952 13.702
91 1 1 30.663 14.576 29.960 13.702
92 1 1 30.655 14.546 29.952 13.672
93 1 1 30.663 14.531 29.959 13.657
94 1 1 30.655 14.516 29.952 13.642
95 1 1 30.663 14.516 29.959 13.642
96 1 1 30.655 14.502 29.952 13.628
97 1 1 30.662 14.472 29.959 13.598
98 1 1 30.670 14.457 29.966 13.583
99 1 1 30.677 14.442 29.974 13.568
100 1 1 30.669 14.427 29.966 13.553
101 1 1 30.677 14.427 29.974 13.553
102 1 1 30.669 14.412 29.966 13.538
103 1 1 30.691 14.382 29.988 13.508
104 1 1 30.684 14.368 29.981 13.494
105 1 1 30.691 14.368 29.988 13.494
106 1 1 30.699 14.367 29.996 13.494
107 1 1 30.706 14.353 30.003 13.479
108 1 1 30.713 14.323 30.010 13.449
109 1 1 30.721 14.308 30.018 13.434
110 1 1 30.728 14.308 30.025 13.434
111 1 1 30.735 14.293 30.032 13.419
112 1 1 30.728 14.278 30.025 13.404
113 1 1 30.750 14.278 30.047 13.404
114 1 1 30.743 14.263 30.040 13.389
115 1 1 30.750 14.248 30.047 13.374
116 1 1 30.757 14.248 30.054 13.374
117 1 1 30.765 14.233 30.062 13.359
118 1 1 30.757 14.218 30.054 13.345
119 1 1 30.765 14.218 30.062 13.344
120 1 1 30.757 14.204 30.054 13.330
121 1 1 30.764 14.189 30.061 13.315
122 1 1 30.757 14.174 30.054 13.300
123 1 1 30.764 14.159 30.061 13.285
124 1 1 30.757 14.159 30.054 13.285
125 1 1 30.764 14.144 30.061 13.270
126 1 1 30.772 14.129 30.068 13.255
127 1 1 30.779 14.129 30.076 13.255
128 1 1 30.771 14.114 30.068 13.241
129 1 1 30.779 14.099 30.076 13.226
130 1 1 30.771 14.100 30.068 13.226
131 1 1 30.779 14.085 30.076 13.211
132 1 1 30.771 14.070 30.068 13.196
133 1 1 30.779 14.070 30.076 13.196
134 1 1 30.771 14.070 30.068 13.196
135 1 1 30.778 14.055 30.075 13.181
136 1 1 30.771 14.040 30.068 13.166
137 1 1 30.778 14.040 30.075 13.166
138 1 1 30.771 14.040 30.068 13.166
139 1 1 30.778 14.025 30.075 13.152
140 1 1 30.771 14.011 30.068 13.137
141 1 1 30.778 14.010 30.075 13.137
142 1 1 30.771 14.011 30.068 13.137
143 1 1 30.778 13.996 30.075 13.122
144 1 1 30.771 13.981 30.068 13.107
145 1 1 30.778 13.996 30.075 13.122
146 1 1 30.771 13.966 30.068 13.092
147 1 1 30.778 13.966 30.075 13.092
148 1 1 30.770 13.951 30.067 13.078
149 1 1 30.778 13.951 30.075 13.077
150 1 1 30.770 13.951 30.067 13.078
151 1 1 30.778 13.951 30.075 13.077
152 1 1 30.785 13.936 30.082 13.063
153 1 1 30.792 13.921 30.090 13.048
154 1 1 30.785 13.921 30.082 13.048
155 1 1 30.792 13.892 30.089 13.018
156 1 1 30.800 13.877 30.097 13.003
157 1 1 30.807 13.847 30.104 12.973
158 1 1 30.799 13.832 30.096 12.959
159 1 1 30.807 13.817 30.104 12.944
160 1 1 30.814 13.788 30.111 12.914
161 1 1 30.821 13.773 30.118 12.899
162 1 1 30.814 13.758 30.111 12.884
163 1 1 30.821 13.728 30.118 12.855
164 1 1 30.813 13.699 30.110 12.825
165 1 1 30.836 13.684 30.133 12.810
166 1 1 30.828 13.669 30.125 12.795
167 1 1 30.820 13.639 30.118 12.766
168 1 1 30.813 13.610 30.110 12.736
169 1 1 30.820 13.595 30.117 12.721
170 1 1 30.813 13.580 30.110 12.706
171 1 1 30.805 13.550 30.102 12.677
172 1 1 30.797 13.521 30.095 12.647
173 1 1 30.790 13.491 30.087 12.618
174 1 1 30.782 13.477 30.080 12.603
175 1 1 30.775 13.462 30.072 12.588
176 1 1 30.752 13.418 30.049 12.544
177 1 1 30.730 13.388 30.027 12.515
178 1 1 30.707 13.359 30.005 12.485
179 1 1 30.700 13.315 29.997 12.441
180 1 1 30.662 13.256 29.959 12.382
181 1 1 30.640 13.212 29.937 12.338
182 1 1 30.617 13.182 29.915 12.309
183 1 1 30.610 13.167 29.907 12.294
184 1 1 30.572 12.997 29.803 12.317
185 1 1 30.557 12.975 29.795 12.258
186 1 1 30.616 12.997 29.840 12.206
187 1 1 30.572 13.027 29.869 12.176
188 1 1 30.564 13.005 29.862 12.154
189 1 1 30.542 12.983 29.839 12.132
190 1 1 30.549 12.961 29.847 12.110
191 1 1 30.527 12.939 29.824 12.088
192 1 1 30.534 12.916 29.831 12.065
193 1 1 30.512 12.880 29.809 12.028
194 1 1 30.519 12.857 29.816 12.006
195 1 1 30.511 12.820 29.809 11.969
196 1 1 30.504 12.783 29.801 11.932
197 1 1 30.481 12.717 29.778 11.866
198 1 1 30.473 12.680 29.771 11.829
199 1 1 30.465 12.628 29.763 11.777
200 1 1 30.458 12.591 29.755 11.740
201 1 1 30.450 12.540 29.748 11.689
202 1 1 30.443 12.517 29.740 11.666
203 1 1 30.435 12.480 29.732 11.630
204 1 1 30.406 12.570 29.696 11.711
205 1 1 30.398 12.496 29.696 11.697
206 1 1 30.412 12.399 29.659 11.675
207 1 1 30.412 12.355 29.644 11.660
208 1 1 30.375 12.422 29.673 11.593
209 1 1 30.456 12.273 29.673 11.652
210 1 1 30.441 12.214 29.658 11.608
211 1 1 30.433 12.162 29.650 11.460
212 1 1 30.433 12.132 29.642 11.416
213 1 1 30.440 12.095 29.620 11.401
214 1 1 30.440 12.073 29.620 11.342
215 1 1 30.440 12.095 29.634 11.268
216 1 1 30.433 12.132 29.641 11.253
217 1 1 30.418 12.110 29.678 11.223
218 1 1 30.395 12.059 29.693 11.275
219 1 1 30.403 12.066 29.663 11.186
220 1 1 30.403 12.044 29.656 11.216
221 1 1 30.403 12.059 29.663 11.223
222 1 1 30.410 12.037 29.656 11.209
223 1 1 30.403 12.037 29.671 11.171
224 1 1 30.380 11.992 29.678 11.208
225 1 1 30.372 11.963 29.671 11.179
226 1 1 30.402 11.874 29.641 11.135
227 1 1 30.416 11.800 29.611 11.135
228 1 1 30.423 11.733 29.603 11.105
229 1 1 30.364 11.800 29.662 11.038
230 1 1 30.371 11.778 29.670 11.016
231 1 1 30.393 11.741 29.692 10.979
232 1 1 30.386 11.733 29.684 10.971
233 1 1 30.408 11.711 29.706 10.949
234 1 1 30.415 11.689 29.714 10.927
235 1 1 30.437 11.651 29.736 10.890
236 1 1 30.445 11.629 29.743 10.867
237 1 1 30.467 11.607 29.765 10.845
238 1 1 30.489 11.584 29.787 10.822
239 1 1 30.511 11.547 29.809 10.785
240 1 1 30.533 11.524 29.831 10.763
241 1 1 30.570 11.487 29.868 10.725
242 1 1 30.577 11.465 29.876 10.703
243 1 1 30.614 11.427 29.912 10.666
244 1 1 30.636 11.390 29.934 10.629
245 1 1 30.658 11.368 29.957 10.606
246 1 1 30.680 11.345 29.979 10.584
247 1 1 30.702 11.308 30.001 10.547
248 1 1 30.656 11.109 29.971 10.591
249 1 1 30.723 11.079 30.015 10.539
250 1 1 30.708 11.057 30.060 10.502
251 1 1 30.730 11.079 30.089 10.472
252 1 1 30.745 11.071 30.089 10.427
253 1 1 30.730 11.034 30.111 10.346
254 1 1 30.752 11.019 30.133 10.294
255 1 1 30.767 11.004 30.140 10.294
256 1 1 30.759 10.997 30.132 10.272
257 1 1 30.811 10.974 30.133 10.279
258 1 1 30.841 10.959 30.177 10.264
259 1 1 30.870 10.937 30.184 10.219
260 1 1 30.907 10.870 30.214 10.204
261 1 1 30.877 10.885 30.236 10.197
262 1 1 30.885 10.862 30.243 10.174
263 1 1 30.907 10.840 30.265 10.152
264 1 1 30.899 10.818 30.258 10.130
265 1 1 30.921 10.796 30.280 10.107
266 1 1 30.929 10.788 30.287 10.100
267 1 1 30.951 10.766 30.309 10.078
268 1 1 30.943 10.758 30.302 10.070
269 1 1 30.950 10.736 30.309 10.048
270 1 1 30.958 10.729 30.316 10.041
271 1 1 30.980 10.691 30.338 10.003
272 1 1 30.972 10.684 30.331 9.996
273 1 1 30.980 10.662 30.338 9.974
274 1 1 30.913 10.655 30.397 9.966
275 1 1 30.927 10.618 30.412 9.929
276 1 1 30.942 10.611 30.427 9.921
277 1 1 30.950 10.588 30.434 9.899
278 1 1 30.942 10.566 30.427 9.877
279 1 1 30.964 10.544 30.449 9.855
280 1 1 30.957 10.522 30.441 9.832
281 1 1 30.964 10.485 30.448 9.795
282 1 1 30.956 10.463 30.441 9.773
283 1 1 30.963 10.426 30.448 9.736
284 1 1 30.963 10.403 30.448 9.714
285 1 1 30.978 10.352 30.462 9.662
286 1 1 30.963 10.315 30.447 9.626
287 1 1 30.977 10.263 30.462 9.574
288 1 1 30.984 10.211 30.469 9.522
289 1 1 30.991 10.145 30.476 9.455
290 1 1 30.983 10.093 30.468 9.404
291 1 1 30.990 10.026 30.475 9.337
292 1 1 30.983 9.975 30.467 9.286
293 1 1 30.990 9.923 30.475 9.234
294 1 1 30.997 9.886 30.482 9.197
295 1 1 31.004 9.834 30.489 9.145
296 1 1 31.064 9.915 30.363 9.146
297 1 1 31.100 9.848 30.385 9.132
298 1 1 31.166 9.663 30.384 9.006
299 1 1 31.106 9.619 30.384 8.977
300 1 1 31.099 9.649 30.384 8.932
301 1 1 30.995 9.628 30.480 8.953
302 1 1 30.995 9.591 30.480 8.917
303 1 1 31.010 9.568 30.495 8.894
304 1 1 31.024 9.516 30.509 8.842
305 1 1 31.039 9.479 30.524 8.805
306 1 1 31.053 9.428 30.538 8.754
307 1 1 31.068 9.391 30.553 8.717
308 1 1 31.082 9.324 30.567 8.650
309 1 1 31.112 9.287 30.597 8.613
310 1 1 31.126 9.235 30.611 8.561
311 1 1 31.141 9.198 30.626 8.524
312 1 1 31.170 9.146 30.655 8.472
313 1 1 31.184 9.109 30.670 8.435
314 1 1 31.199 9.057 30.684 8.383
315 1 1 31.214 9.035 30.699 8.361
316 1 1 31.243 8.983 30.728 8.309
317 1 1 31.257 8.946 30.743 8.272
318 1 1 31.257 8.909 30.742 8.235
319 1 1 31.272 8.872 30.757 8.198
320 1 1 31.271 8.820 30.757 8.147
321 1 1 31.271 8.769 30.756 8.095
322 1 1 31.285 8.717 30.771 8.043
323 1 1 31.300 8.680 30.785 8.006
324 1 1 31.300 8.614 30.785 7.940
325 1 1 31.314 8.562 30.799 7.888
326 1 1 31.314 8.495 30.799 7.822
327 1 1 31.328 8.429 30.813 7.756
328 1 1 31.342 8.377 30.828 7.704
329 1 1 31.342 8.340 30.828 7.667
330 1 1 31.357 8.274 30.842 7.600
331 1 1 31.371 8.237 30.856 7.564
332 1 1 31.371 8.200 30.856 7.527
333 1 1 31.371 8.163 30.856 7.490
334 1 1 31.385 8.126 30.871 7.453
335 1 1 31.385 8.075 30.870 7.401
336 1 1 31.434 7.743 30.898 7.121
337 1 1 31.420 7.772 30.905 7.106
338 1 1 31.434 7.728 30.920 7.062
339 1 1 31.434 7.669 30.920 7.003
340 1 1 31.433 7.595 30.919 6.929
341 1 1 31.448 7.536 30.933 6.870
342 1 1 31.477 7.477 30.963 6.811
343 1 1 31.491 7.418 30.977 6.752
344 1 1 31.491 7.359 30.977 6.693
345 1 1 31.506 7.315 30.991 6.649
346 1 1 31.520 7.270 31.006 6.605
347 1 1 31.520 7.226 31.005 6.561
348 1 1 31.534 7.167 31.020 6.502
349 1 1 31.549 7.108 31.034 6.443
350 1 1 31.533 7.049 31.019 6.384
351 1 1 31.548 7.005 31.034 6.340
352 1 1 31.533 6.961 31.019 6.296
353 1 1 31.547 6.902 31.033 6.237
354 1 1 31.547 6.843 31.033 6.178
355 1 1 31.546 6.784 31.032 6.119
356 1 1 31.546 6.725 31.032 6.060
357 1 1 31.546 6.666 31.031 6.001
358 1 1 31.545 6.608 31.031 5.942
359 1 1 31.545 6.549 31.031 5.883
360 1 1 31.559 6.504 31.045 5.839
361 1 1 31.574 6.460 31.060 5.795
362 1 1 31.559 6.416 31.045 5.751
363 1 1 31.573 6.372 31.059 5.707
364 1 1 31.558 6.313 31.044 5.648
365 1 1 31.573 6.269 31.058 5.604
366 1 1 31.572 6.225 31.058 5.560
367 1 1 31.572 6.181 31.058 5.515
368 1 1 31.586 6.122 31.072 5.456
369 1 1 31.601 6.077 31.087 5.412
370 1 1 31.600 6.019 31.086 5.353
371 1 1 31.615 5.960 31.101 5.295
372 1 1 31.644 5.901 31.130 5.235
373 1 1 31.644 5.842 31.130 5.177
374 1 1 31.658 5.797 31.144 5.132
375 1 1 31.658 5.739 31.144 5.074
376 1 1 31.657 5.695 31.143 5.030
377 1 1 31.672 5.650 31.158 4.985
378 1 1 31.701 5.606 31.187 4.941
379 1 1 31.715 5.547 31.202 4.882
380 1 1 31.700 5.503 31.187 4.838
381 1 1 31.715 5.459 31.201 4.794
382 1 1 31.700 5.400 31.186 4.735
383 1 1 31.714 5.356 31.200 4.691
384 1 1 31.699 5.297 31.185 4.632
385 1 1 31.713 5.253 31.200 4.588
386 1 1 31.698 5.194 31.185 4.530
387 1 1 31.713 5.135 31.199 4.471
388 1 1 31.697 5.077 31.184 4.412
389 1 1 31.712 5.018 31.198 4.353
390 1 1 31.697 4.974 31.183 4.309
391 1 1 31.711 4.930 31.198 4.265
392 1 1 31.711 4.886 31.197 4.221
393 1 1 31.711 4.842 31.197 4.177
394 1 1 31.710 4.798 31.197 4.133
395 1 1 31.710 4.739 31.196 4.074
396 1 1 31.710 4.695 31.196 4.030
397 1 1 31.709 4.651 31.196 3.986
398 1 1 31.724 4.606 31.210 3.942
399 1 1 31.738 4.562 31.225 3.898
400 1 1 31.738 4.504 31.224 3.839
401 1 1 31.752 4.445 31.239 3.780
402 1 1 31.767 4.401 31.253 3.736
403 1 1 31.766 4.357 31.253 3.692
404 1 1 31.781 4.298 31.267 3.633
405 1 1 31.795 4.254 31.282 3.589
406 1 1 31.795 4.209 31.281 3.545
407 1 1 31.795 4.180 31.281 3.516
408 1 1 31.809 4.136 31.296 3.472
409 1 1 31.824 4.092 31.310 3.428
410 1 1 31.823 4.048 31.310 3.384
411 1 1 31.838 3.989 31.324 3.325
412 1 1 31.852 3.945 31.339 3.281
413 1 1 31.837 3.901 31.324 3.237
414 1 1 31.852 3.857 31.338 3.193
415 1 1 31.837 3.813 31.323 3.149
416 1 1 31.851 3.769 31.338 3.105
417 1 1 31.836 3.710 31.323 3.046
418 1 1 31.850 3.666 31.337 3.002
419 1 1 31.835 3.607 31.322 2.943
420 1 1 31.850 3.563 31.336 2.899
421 1 1 31.835 3.519 31.321 2.855
422 1 1 31.849 3.475 31.336 2.811
423 1 1 31.834 3.431 31.321 2.767
424 1 1 31.848 3.373 31.335 2.709
425 1 1 31.833 3.329 31.320 2.665
426 1 1 31.848 3.285 31.334 2.621
427 1 1 31.847 3.241 31.334 2.577
428 1 1 31.847 3.197 31.334 2.533
429 1 1 31.862 3.167 31.348 2.503
430 1 1 31.876 3.145 31.363 2.488
431 1 1 31.876 3.123 31.363 2.474
432 1 1 31.891 3.101 31.378 2.459
433 1 1 31.920 3.079 31.407 2.444
434 1 1 31.935 3.057 31.422 2.429
435 1 1 31.935 3.035 31.422 2.415
436 1 1 31.949 3.020 31.436 2.407
437 1 1 31.964 2.998 31.451 2.393
438 1 1 31.978 2.976 31.466 2.378
439 1 1 31.993 2.954 31.480 2.363
440 1 1 31.978 2.939 31.465 2.356
442 1 1 31.971 3.005 31.459 2.429
443 1 1 31.971 3.005 31.459 2.437
445 1 1 31.964 3.034 31.452 2.473
446 1 1 31.964 3.027 31.452 2.473
447 1 1 31.964 3.020 31.452 2.473
448 1 1 31.964 3.020 31.452 2.481
449 1 1 31.956 3.013 31.444 2.481
450 1 1 31.956 3.005 31.444 2.481
451 1 1 31.949 2.998 31.437 2.481
452 1 1 31.941 2.976 31.429 2.466
453 1 1 31.927 2.947 31.414 2.444
455 1 1 31.919 2.976 31.407 2.481
456 1 1 31.912 2.947 31.400 2.459
458 1 1 31.905 2.969 31.393 2.488
459 1 1 31.897 2.940 31.385 2.466
461 1 1 31.890 2.954 31.378 2.488
462 1 1 31.890 2.954 31.378 2.496
463 1 1 31.897 2.954 31.385 2.496
464 1 1 31.897 2.954 31.385 2.496
465 1 1 31.897 2.947 31.385 2.488
466 1 1 31.904 2.954 31.393 2.496
467 1 1 31.904 2.947 31.393 2.488
468 1 1 31.904 2.954 31.393 2.496
469 1 1 31.912 2.954 31.400 2.496
470 1 1 31.912 2.954 31.400 2.496
471 1 1 31.912 2.954 31.400 2.496
472 1 1 31.919 2.954 31.407 2.496
473 1 1 31.919 2.954 31.407 2.496
0 2 1 31.891 18.431 31.094 18.093
1 2 1 31.913 18.445 31.079 18.093
2 2 1 31.913 18.438 31.079 18.085
3 2 1 31.913 18.445 31.079 18.093
4 2 1 31.913 18.445 31.079 18.093
5 2 1 31.913 18.431 31.079 18.078
6 2 1 31.913 18.445 31.079 18.093
7 2 1 31.913 18.438 31.079 18.085
8 2 1 31.921 18.438 31.086 18.085
9 2 1 31.928 18.438 31.093 18.085
10 2 1 31.921 18.445 31.086 18.093
11 2 1 31.928 18.408 31.093 18.055
12 2 1 31.921 18.445 31.086 18.093
13 2 1 31.928 18.438 31.093 18.085
14 2 1 31.921 18.453 31.086 18.100
15 2 1 31.928 18.438 31.093 18.085
16 2 1 31.921 18.445 31.086 18.093
17 2 1 31.921 18.438 31.086 18.085
19 2 1 31.913 18.431 31.079 18.078
20 2 1 31.906 18.446 31.071 18.093
22 2 1 31.898 18.438 31.064 18.086
23 2 1 31.898 18.438 31.064 18.086
24 2 1 31.898 18.431 31.064 18.078
25 2 1 31.898 18.431 31.064 18.078
26 2 1 31.898 18.431 31.064 18.078
27 2 1 31.898 18.431 31.064 18.078
28 2 1 31.898 18.431 31.064 18.078
29 2 1 31.898 18.431 31.064 18.078
30 2 1 31.898 18.431 31.064 18.078
31 2 1 31.898 18.431 31.064 18.078
32 2 1 31.898 18.431 31.064 18.078
33 2 1 31.898 18.431 31.064 18.078
34 2 1 31.898 18.431 31.064 18.078
35 2 1 31.898 18.431 31.064 18.078
36 2 1 31.898 18.431 31.064 18.078
37 2 1 31.898 18.431 31.064 18.078
38 2 1 31.898 18.431 31.064 18.078
39 2 1 31.898 18.431 31.064 18.078
40 2 1 31.898 18.431 31.064 18.078
41 2 1 31.898 18.431 31.064 18.078
42 2 1 31.898 18.431 31.064 18.078
43 2 1 31.898 18.431 31.064 18.078
45 2 1 31.891 18.423 31.056 18.071
46 2 1 31.876 18.386 31.041 18.034
47 2 1 31.861 18.342 31.026 17.989
48 2 1 31.845 18.305 31.011 17.952
49 2 1 31.830 18.283 30.996 17.930
50 2 1 31.823 18.261 30.988 17.908
51 2 1 31.815 18.253 30.981 17.901
52 2 1 31.823 18.253 30.988 17.901
53 2 1 31.815 18.253 30.981 17.901
54 2 1 31.823 18.253 30.988 17.901
55 2 1 31.815 18.253 30.981 17.901
56 2 1 31.823 18.253 30.988 17.901
57 2 1 31.815 18.253 30.981 17.901
58 2 1 31.823 18.246 30.988 17.893
59 2 1 31.815 18.246 30.981 17.893
61 2 1 31.808 18.239 30.973 17.886
62 2 1 31.808 18.216 30.973 17.864
63 2 1 31.808 18.194 30.973 17.841
65 2 1 31.800 18.187 30.966 17.834
66 2 1 31.792 18.157 30.958 17.804
67 2 1 31.770 18.113 30.935 17.760
68 2 1 31.770 18.075 30.935 17.723
69 2 1 31.762 18.031 30.927 17.678
70 2 1 31.747 17.994 30.912 17.641
71 2 1 31.739 17.964 30.905 17.612
73 2 1 31.732 17.957 30.897 17.604
74 2 1 31.731 17.920 30.897 17.567
75 2 1 31.724 17.883 30.889 17.530
76 2 1 31.731 17.845 30.896 17.493
77 2 1 31.731 17.816 30.896 17.463
78 2 1 31.738 17.786 30.904 17.433
79 2 1 31.622 18.182 30.856 17.010
81 2 1 31.642 17.906 30.836 17.285
82 2 1 31.649 17.876 30.843 17.255
83 2 1 31.657 17.832 30.850 17.211
84 2 1 31.649 17.802 30.843 17.181
85 2 1 31.515 17.826 30.833 16.876
86 2 1 31.574 17.684 30.782 17.026
87 2 1 31.581 17.647 30.789 16.988
88 2 1 31.603 17.609 30.811 16.951
89 2 1 31.596 17.587 30.804 16.929
90 2 1 31.617 17.535 30.826 16.876
91 2 1 31.610 17.512 30.818 16.854
92 2 1 31.617 17.460 30.825 16.802
93 2 1 31.609 17.423 30.818 16.765
94 2 1 31.566 17.550 30.892 16.764
95 2 1 31.610 17.468 30.913 16.570
96 2 1 31.646 17.415 30.942 16.466
97 2 1 31.668 17.296 30.906 16.600
98 2 1 31.639 17.363 30.971 16.384
99 2 1 31.616 17.319 30.956 16.362
100 2 1 31.638 17.281 30.964 16.354
101 2 1 31.615 17.178 30.926 16.288
102 2 1 31.622 17.118 30.941 16.287
103 2 1 31.644 17.073 30.948 16.287
104 2 1 31.622 17.036 30.963 16.295
105 2 1 31.636 17.006 30.971 16.272
106 2 1 31.644 17.021 31.000 16.272
107 2 1 31.629 16.969 30.971 16.272
108 2 1 31.636 16.939 30.978 16.272
109 2 1 31.636 16.910 31.023 16.294
110 2 1 31.628 16.917 31.007 16.197
111 2 1 31.643 16.865 31.006 16.071
112 2 1 31.657 16.790 31.005 15.893
113 2 1 31.716 16.730 31.020 15.841
114 2 1 31.679 16.708 30.990 15.819
115 2 1 31.671 16.708 30.982 15.804
116 2 1 31.664 16.671 30.982 15.789
117 2 1 31.663 16.619 31.004 15.759
118 2 1 31.693 16.582 31.012 15.722
119 2 1 31.685 16.537 31.019 15.722
120 2 1 31.692 16.485 31.026 15.707
121 2 1 31.699 16.433 31.034 15.662
122 2 1 31.744 16.388 31.070 15.632
123 2 1 31.773 16.373 31.070 15.632
124 2 1 31.743 16.321 31.063 15.654
125 2 1 31.736 16.306 31.078 15.647
126 2 1 31.735 16.299 31.048 15.558
127 2 1 31.817 16.253 31.129 15.431
128 2 1 31.883 16.178 31.165 15.363
129 2 1 31.861 16.141 31.172 15.237
130 2 1 31.794 16.135 31.112 15.201
131 2 1 31.794 16.105 31.149 15.178
132 2 1 31.741 16.039 31.112 15.149
133 2 1 31.793 16.001 31.149 15.111
134 2 1 31.748 15.965 31.104 15.090
135 2 1 31.770 15.883 31.156 15.081
136 2 1 31.770 15.845 31.156 15.089
137 2 1 31.755 15.831 31.156 15.089
138 2 1 31.777 15.793 31.156 15.089
139 2 1 31.814 15.763 31.141 15.059
140 2 1 31.776 15.734 31.126 15.045
141 2 1 31.798 15.704 31.111 15.037
142 2 1 31.768 15.682 31.074 15.045
143 2 1 31.791 15.711 31.119 15.030
144 2 1 31.761 15.652 31.118 14.948
145 2 1 31.709 15.638 31.088 14.867
146 2 1 31.775 15.578 31.154 14.710
147 2 1 31.790 15.533 31.131 14.651
148 2 1 31.759 15.430 31.147 14.755
149 2 1 31.805 15.526 31.094 14.592
150 2 1 31.812 15.518 31.116 14.614
151 2 1 31.827 15.511 31.153 14.592
152 2 1 31.841 15.481 31.145 14.562
153 2 1 31.849 15.481 31.168 14.554
154 2 1 31.863 15.414 31.167 14.547
155 2 1 31.796 15.363 31.138 14.533
156 2 1 31.759 15.333 31.138 14.533
157 2 1 31.818 15.295 31.212 14.509
158 2 1 31.818 15.266 31.167 14.510
159 2 1 31.773 15.237 31.130 14.510
160 2 1 31.817 15.236 31.152 14.503
161 2 1 31.825 15.199 31.152 14.473
162 2 1 31.795 15.147 31.145 14.481
163 2 1 31.794 15.095 31.167 14.428
164 2 1 31.757 15.133 31.152 14.377
165 2 1 31.765 15.140 31.159 14.310
166 2 1 31.757 15.126 31.151 14.243
167 2 1 31.757 15.096 31.158 14.184
168 2 1 31.764 15.088 31.187 14.146
169 2 1 31.779 15.044 31.180 14.124
170 2 1 31.757 15.029 31.179 14.109
171 2 1 31.756 14.940 31.157 14.073
172 2 1 31.749 14.925 31.142 14.080
173 2 1 31.741 14.896 31.127 14.043
174 2 1 31.740 14.822 31.127 14.058
175 2 1 31.726 14.822 31.105 14.058
176 2 1 31.733 14.829 31.090 14.066
177 2 1 31.703 14.778 31.120 14.110
178 2 1 31.741 14.844 31.112 14.043
179 2 1 31.748 14.829 31.112 14.051
180 2 1 31.740 14.718 31.083 14.110
181 2 1 31.755 14.762 31.068 14.066
182 2 1 31.762 14.695 31.090 14.073
183 2 1 31.791 14.643 31.090 13.977
184 2 1 31.754 14.643 31.097 13.955
185 2 1 31.791 14.554 31.170 13.850
186 2 1 31.761 14.569 31.155 13.791
187 2 1 31.768 14.532 31.140 13.739
188 2 1 31.761 14.540 31.118 13.725
189 2 1 31.775 14.502 31.154 13.650
190 2 1 31.775 14.458 31.176 13.590
191 2 1 31.760 14.473 31.154 13.546
192 2 1 31.760 14.413 31.168 13.539
193 2 1 31.767 14.391 31.205 13.494
194 2 1 31.789 14.354 31.220 13.486
195 2 1 31.789 14.376 31.227 13.464
196 2 1 31.796 14.309 31.205 13.471
197 2 1 31.752 14.280 31.190 13.449
198 2 1 31.781 14.257 31.205 13.434
199 2 1 31.796 14.220 31.220 13.449
200 2 1 31.855 14.205 31.242 13.449
201 2 1 31.825 14.153 31.265 13.500
202 2 1 31.825 14.124 31.264 13.471
203 2 1 31.876 14.064 31.242 13.508
204 2 1 31.832 14.109 31.272 13.463
205 2 1 31.832 14.086 31.272 13.441
206 2 1 31.832 14.049 31.271 13.404
207 2 1 31.831 14.012 31.271 13.367
208 2 1 31.831 13.975 31.271 13.330
209 2 1 31.831 13.938 31.271 13.293
210 2 1 31.831 13.901 31.270 13.256
211 2 1 31.830 13.864 31.270 13.219
212 2 1 31.830 13.827 31.270 13.182
213 2 1 31.830 13.790 31.270 13.145
214 2 1 31.830 13.753 31.269 13.108
215 2 1 31.822 13.701 31.252 12.775
216 2 1 31.814 13.568 31.253 12.923
217 2 1 31.813 13.531 31.253 12.886
218 2 1 31.813 13.509 31.253 12.863
219 2 1 31.938 13.396 31.260 12.849
220 2 1 31.872 13.441 31.312 12.804
221 2 1 31.938 13.329 31.289 12.745
222 2 1 31.923 13.300 31.319 12.722
223 2 1 31.960 13.285 31.326 12.677
224 2 1 31.916 13.293 31.356 12.677
225 2 1 31.930 13.255 31.370 12.640
226 2 1 31.930 13.218 31.370 12.603
227 2 1 32.056 13.202 31.324 12.330
228 2 1 32.048 13.202 31.301 12.300
229 2 1 32.041 13.210 31.353 12.255
230 2 1 32.019 13.188 31.368 12.225
231 2 1 32.048 13.172 31.382 12.159
232 2 1 32.070 13.076 31.352 12.166
233 2 1 32.069 13.054 31.352 12.174
234 2 1 31.987 12.921 31.427 12.306
235 2 1 32.002 12.884 31.442 12.269
236 2 1 32.016 12.847 31.456 12.232
237 2 1 32.016 12.825 31.456 12.210
238 2 1 32.031 12.788 31.471 12.172
239 2 1 32.045 12.765 31.486 12.150
240 2 1 32.060 12.728 31.500 12.113
241 2 1 32.111 12.639 31.389 12.048
242 2 1 32.155 12.609 31.432 11.958
243 2 1 32.066 12.587 31.507 11.980
244 2 1 32.081 12.558 31.521 11.950
245 2 1 32.095 12.528 31.536 11.920
246 2 1 32.273 12.533 31.564 11.691
247 2 1 32.273 12.467 31.608 11.661
248 2 1 32.251 12.504 31.608 11.668
249 2 1 32.236 12.445 31.601 11.653
250 2 1 32.227 12.334 31.534 11.669
251 2 1 32.220 12.364 31.490 11.647
252 2 1 32.316 12.274 31.557 11.683
253 2 1 32.205 12.282 31.645 11.682
254 2 1 32.219 12.253 31.660 11.653
255 2 1 32.338 12.237 31.616 11.697
256 2 1 32.382 12.214 31.616 11.668
257 2 1 32.389 12.162 31.630 11.608
258 2 1 32.500 12.198 31.674 11.571
259 2 1 32.456 12.146 31.718 11.482
260 2 1 32.492 12.116 31.711 11.452
261 2 1 32.522 12.101 31.769 11.363
262 2 1 32.499 12.065 31.769 11.363
263 2 1 32.581 12.042 31.784 11.296
264 2 1 32.454 11.954 31.895 11.376
265 2 1 32.476 11.924 31.917 11.347
266 2 1 32.498 11.895 31.939 11.317
267 2 1 32.528 11.865 31.969 11.287
268 2 1 32.550 11.835 31.991 11.257
269 2 1 32.572 11.805 32.013 11.227
270 2 1 32.594 11.775 32.035 11.197
271 2 1 32.616 11.745 32.057 11.168
272 2 1 32.638 11.716 32.079 11.138
273 2 1 32.704 11.634 31.864 11.096
274 2 1 32.563 11.650 32.004 11.080
275 2 1 32.718 11.604 31.982 11.080
276 2 1 32.718 11.574 32.004 11.050
277 2 1 32.732 11.545 31.981 10.954
278 2 1 32.747 11.537 32.047 10.887
279 2 1 32.769 11.522 32.099 10.813
280 2 1 32.762 11.478 32.076 10.791
281 2 1 32.769 11.463 32.076 10.776
282 2 1 32.694 11.397 32.136 10.842
283 2 1 32.768 11.411 32.135 10.746
284 2 1 32.724 11.353 32.165 10.797
285 2 1 32.864 11.381 32.239 10.730
286 2 1 32.820 11.329 32.261 10.774
287 2 1 32.864 11.321 32.246 10.685
288 2 1 32.901 11.306 32.238 10.634
289 2 1 32.945 11.239 32.245 10.575
290 2 1 32.952 11.202 32.223 10.582
291 2 1 33.033 11.150 32.267 10.545
292 2 1 33.054 11.083 32.259 10.493
293 2 1 33.076 11.053 32.259 10.464
294 2 1 33.114 11.068 32.325 10.456
295 2 1 33.165 11.067 32.340 10.404
296 2 1 33.121 11.082 32.287 10.294
297 2 1 33.017 11.002 32.458 10.447
298 2 1 33.039 10.972 32.480 10.417
299 2 1 33.061 10.943 32.502 10.387
300 2 1 33.083 10.913 32.524 10.358
301 2 1 33.105 10.876 32.546 10.320
302 2 1 33.134 10.838 32.576 10.283
303 2 1 33.156 10.816 32.598 10.261
304 2 1 33.178 10.779 32.620 10.224
305 2 1 33.200 10.756 32.642 10.201
306 2 1 33.214 10.719 32.656 10.164
307 2 1 33.222 10.697 32.663 10.142
308 2 1 33.236 10.660 32.678 10.105
309 2 1 33.258 10.645 32.700 10.090
310 2 1 33.273 10.615 32.714 10.060
312 2 1 33.265 10.608 32.707 10.053
313 2 1 33.287 10.578 32.729 10.023
314 2 1 33.434 10.488 32.831 9.845
315 2 1 33.404 10.444 32.846 9.889
316 2 1 33.390 10.430 32.831 9.875
317 2 1 33.434 10.378 32.875 9.823
318 2 1 33.441 10.348 32.882 9.793
319 2 1 33.617 10.258 33.059 9.703
320 2 1 33.462 10.259 32.904 9.704
321 2 1 33.477 10.222 32.919 9.667
322 2 1 33.454 10.200 32.896 9.645
323 2 1 33.498 10.148 32.940 9.593
324 2 1 33.513 10.111 32.955 9.556
325 2 1 33.527 10.082 32.969 9.527
326 2 1 33.527 10.052 32.969 9.497
327 2 1 33.534 10.030 32.976 9.475
328 2 1 33.541 10.000 32.983 9.445
329 2 1 33.549 9.971 32.991 9.416
330 2 1 33.556 9.941 32.998 9.386
331 2 1 33.556 9.912 32.998 9.357
332 2 1 33.555 9.882 32.997 9.327
333 2 1 33.562 9.852 33.004 9.298
334 2 1 33.595 10.221 32.905 8.893
335 2 1 33.580 10.214 32.927 8.871
336 2 1 33.547 9.801 32.989 9.246
337 2 1 33.554 9.764 32.996 9.209
338 2 1 33.554 9.720 32.996 9.165
339 2 1 33.561 9.683 33.003 9.128
340 2 1 33.561 9.646 33.003 9.091
341 2 1 33.561 9.609 33.003 9.054
342 2 1 33.568 9.580 33.010 9.025
343 2 1 33.568 9.543 33.010 8.988
345 2 1 33.560 9.535 33.002 8.981
346 2 1 33.553 9.513 32.995 8.959
347 2 1 33.545 9.477 32.987 8.922
348 2 1 33.559 9.447 33.002 8.892
349 2 1 33.654 9.247 33.088 8.538
351 2 1 33.646 9.173 33.088 8.619
352 2 1 33.646 9.151 33.088 8.597
353 2 1 33.638 9.115 33.080 8.560
354 2 1 33.638 9.078 33.080 8.523
355 2 1 33.630 9.048 33.072 8.494
356 2 1 33.623 9.012 33.065 8.457
357 2 1 33.615 8.967 33.057 8.413
358 2 1 33.607 8.931 33.049 8.376
359 2 1 33.600 8.901 33.042 8.347
360 2 1 33.592 8.864 33.034 8.310
361 2 1 33.584 8.828 33.027 8.273
362 2 1 33.577 8.798 33.019 8.244
363 2 1 33.569 8.769 33.011 8.214
364 2 1 33.561 8.739 33.004 8.185
365 2 1 33.554 8.710 32.996 8.156
366 2 1 33.546 8.681 32.989 8.126
367 2 1 33.539 8.651 32.981 8.097
368 2 1 33.531 8.615 32.973 8.060
369 2 1 33.523 8.578 32.966 8.023
370 2 1 33.516 8.548 32.958 7.994
371 2 1 33.508 8.512 32.950 7.957
372 2 1 33.508 8.475 32.950 7.920
373 2 1 33.500 8.445 32.943 7.891
374 2 1 33.493 8.409 32.935 7.854
375 2 1 33.485 8.365 32.927 7.810
376 2 1 33.477 8.328 32.920 7.773
377 2 1 33.477 8.298 32.919 7.744
378 2 1 33.469 8.262 32.912 7.707
379 2 1 33.469 8.225 32.911 7.670
380 2 1 33.461 8.195 32.904 7.641
381 2 1 33.454 8.166 32.896 7.612
382 2 1 33.446 8.129 32.889 7.575
383 2 1 33.438 8.093 32.881 7.538
384 2 1 33.431 8.071 32.873 7.516
385 2 1 33.423 8.034 32.866 7.479
386 2 1 33.416 8.012 32.858 7.457
387 2 1 33.408 7.975 32.851 7.421
388 2 1 33.401 7.953 32.843 7.399
389 2 1 33.393 7.916 32.835 7.362
390 2 1 33.378 7.887 32.820 7.333
391 2 1 33.370 7.850 32.813 7.296
392 2 1 33.355 7.814 32.798 7.259
393 2 1 33.348 7.784 32.790 7.230
394 2 1 33.333 7.748 32.775 7.193
395 2 1 33.325 7.703 32.767 7.149
396 2 1 33.310 7.667 32.752 7.112
397 2 1 33.302 7.645 32.745 7.090
398 2 1 33.295 7.601 32.737 7.046
399 2 1 33.287 7.571 32.730 7.017
400 2 1 33.272 7.535 32.714 6.980
401 2 1 33.264 7.505 32.707 6.951
402 2 1 33.249 7.469 32.692 6.914
403 2 1 33.242 7.432 32.684 6.878
404 2 1 33.227 7.403 32.669 6.848
405 2 1 33.219 7.366 32.662 6.812
406 2 1 33.211 7.329 32.654 6.775
407 2 1 33.196 7.300 32.639 6.745
408 2 1 33.189 7.263 32.631 6.709
409 2 1 33.181 7.219 32.624 6.665
410 2 1 33.173 7.182 32.616 6.628
411 2 1 33.166 7.153 32.608 6.599
412 2 1 33.158 7.116 32.601 6.562
413 2 1 33.158 7.079 32.601 6.525
414 2 1 33.158 7.050 32.600 6.496
415 2 1 33.150 7.013 32.593 6.459
416 2 1 33.150 6.977 32.592 6.422
417 2 1 33.142 6.947 32.585 6.393
418 2 1 33.135 6.918 32.577 6.364
419 2 1 33.127 6.888 32.570 6.334
420 2 1 33.119 6.859 32.562 6.305
421 2 1 33.112 6.830 32.554 6.276
422 2 1 33.104 6.793 32.547 6.239
423 2 1 33.089 6.756 32.532 6.202
424 2 1 33.082 6.727 32.524 6.173
425 2 1 33.074 6.698 32.517 6.143
426 2 1 33.059 6.661 32.502 6.107
427 2 1 33.051 6.624 32.494 6.070
428 2 1 33.036 6.595 32.479 6.041
429 2 1 33.021 6.558 32.464 6.004
430 2 1 33.014 6.514 32.456 5.960
431 2 1 32.999 6.478 32.441 5.924
432 2 1 32.991 6.448 32.434 5.894
433 2 1 32.976 6.412 32.419 5.858
434 2 1 32.968 6.375 32.411 5.821
435 2 1 32.953 6.346 32.396 5.792
436 2 1 32.946 6.316 32.389 5.762
437 2 1 32.938 6.287 32.381 5.733
438 2 1 32.931 6.250 32.373 5.696
439 2 1 32.923 6.214 32.366 5.660
440 2 1 32.915 6.192 32.358 5.638
441 2 1 32.900 6.148 32.343 5.594
442 2 1 32.893 6.118 32.335 5.564
443 2 1 32.885 6.082 32.328 5.528
444 2 1 32.877 6.052 32.320 5.498
445 2 1 32.870 6.016 32.313 5.462
446 2 1 32.862 5.979 32.305 5.425
447 2 1 32.862 5.942 32.305 5.388
448 2 1 32.854 5.898 32.297 5.344
449 2 1 32.854 5.861 32.297 5.307
450 2 1 32.846 5.832 32.289 5.278
451 2 1 32.846 5.795 32.289 5.241
452 2 1 32.838 5.759 32.281 5.205
453 2 1 32.838 5.729 32.281 5.175
454 2 1 32.831 5.700 32.274 5.146
455 2 1 32.823 5.671 32.266 5.117
456 2 1 32.823 5.641 32.266 5.087
457 2 1 32.815 5.612 32.258 5.058
458 2 1 32.815 5.575 32.258 5.021
459 2 1 32.807 5.538 32.250 4.984
460 2 1 32.800 5.509 32.243 4.955
461 2 1 32.800 5.472 32.242 4.918
462 2 1 32.792 5.436 32.235 4.882
463 2 1 32.784 5.406 32.227 4.852
464 2 1 32.784 5.370 32.227 4.816
465 2 1 32.776 5.326 32.219 4.772
466 2 1 32.769 5.289 32.212 4.735
467 2 1 32.761 5.260 32.204 4.706
468 2 1 32.753 5.223 32.196 4.669
469 2 1 32.746 5.186 32.189 4.632
470 2 1 32.738 5.157 32.181 4.603
471 2 1 32.731 5.120 32.174 4.566
472 2 1 32.723 5.084 32.166 4.530
473 2 1 32.723 5.054 32.166 4.500
0 3 2 44.930 9.180 42.979 8.459
10 3 2 44.981 9.202 42.935 8.445
11 3 2 44.894 9.195 42.847 8.438
12 3 2 44.798 9.174 42.746 8.527
13 3 2 44.791 9.174 42.746 8.512
14 3 2 44.543 9.133 42.490 8.515
15 3 2 44.550 9.140 42.505 8.500
16 3 2 44.462 9.133 42.417 8.494
17 3 2 44.360 9.112 42.314 8.473
18 3 2 44.258 9.106 42.212 8.466
19 3 2 44.155 9.085 42.109 8.445
20 3 2 44.068 9.079 42.021 8.439
21 3 2 43.965 9.072 41.919 8.432
22 3 2 43.769 9.104 41.685 8.464
23 3 2 43.747 9.118 41.656 8.442
24 3 2 43.681 9.075 41.546 8.399
25 3 2 43.651 9.061 41.582 8.413
26 3 2 43.556 9.047 41.487 8.400
27 3 2 43.323 9.064 41.267 8.394
28 3 2 43.264 9.057 41.158 8.395
29 3 2 43.198 9.029 41.143 8.352
30 3 2 43.147 9.007 41.106 8.345
31 3 2 43.132 8.993 41.084 8.330
32 3 2 43.132 8.985 41.084 8.337
33 3 2 43.029 8.972 40.981 8.324
34 3 2 42.591 8.976 40.476 8.284
35 3 2 42.459 8.926 40.461 8.255
36 3 2 42.298 8.913 40.211 8.243
37 3 2 42.283 8.905 40.233 8.250
38 3 2 42.210 8.943 40.168 8.265
39 3 2 42.210 8.928 40.160 8.273
40 3 2 42.108 8.922 40.058 8.266
41 3 2 42.005 8.930 39.955 8.275
42 3 2 41.844 8.939 39.640 8.263
43 3 2 41.786 8.962 39.611 8.278
44 3 2 41.720 8.940 39.574 8.271
45 3 2 41.581 8.934 39.501 8.294
46 3 2 41.537 8.942 39.362 8.288
47 3 2 41.479 8.935 39.428 8.287
48 3 2 41.376 8.951 39.325 8.303
49 3 2 41.289 8.966 39.237 8.318
50 3 2 41.186 8.967 39.135 8.319
51 3 2 41.084 8.983 39.032 8.335
52 3 2 40.996 8.999 38.944 8.350
53 3 2 40.894 9.014 38.842 8.366
54 3 2 40.791 9.030 38.739 8.381
55 3 2 40.689 9.046 38.636 8.397
56 3 2 40.601 9.061 38.549 8.413
57 3 2 40.406 9.313 38.321 8.444
58 3 2 40.267 9.314 38.124 8.490
59 3 2 40.150 9.323 38.072 8.498
60 3 2 40.025 9.331 37.926 8.543
61 3 2 39.945 9.384 37.852 8.544
62 3 2 39.909 9.391 37.852 8.551
63 3 2 39.908 9.296 37.853 8.640
64 3 2 39.820 9.304 37.765 8.648
65 3 2 39.717 9.312 37.662 8.656
66 3 2 39.491 9.403 37.346 8.622
67 3 2 39.395 9.426 37.368 8.608
68 3 2 39.300 9.397 37.309 8.608
69 3 2 39.212 9.413 37.155 8.639
70 3 2 39.116 9.370 37.074 8.640
71 3 2 39.006 9.356 36.964 8.670
72 3 2 38.939 9.327 36.891 8.671
73 3 2 38.851 9.336 36.846 8.657
74 3 2 38.771 9.329 36.824 8.657
75 3 2 38.683 9.330 36.714 8.636
76 3 2 38.712 9.308 36.692 8.651
77 3 2 38.580 9.316 36.412 8.661
78 3 2 38.440 9.288 36.346 8.654
79 3 2 38.344 9.282 36.368 8.624
80 3 2 38.366 9.274 36.353 8.625
81 3 2 38.278 9.260 36.265 8.611
82 3 2 38.190 9.247 36.176 8.597
83 3 2 38.101 9.233 36.088 8.583
84 3 2 37.998 9.204 35.985 8.554
85 3 2 37.910 9.190 35.896 8.541
86 3 2 37.807 9.191 35.793 8.542
87 3 2 37.719 9.178 35.705 8.528
88 3 2 37.616 9.149 35.601 8.499
89 3 2 37.527 9.135 35.513 8.485
90 3 2 37.439 9.122 35.424 8.471
91 3 2 37.350 9.093 35.336 8.443
92 3 2 37.247 9.079 35.233 8.429
93 3 2 37.159 9.065 35.144 8.415
94 3 2 37.071 9.037 35.055 8.387
95 3 2 36.982 9.008 34.967 8.358
96 3 2 36.894 8.980 34.878 8.329
97 3 2 36.805 8.966 34.790 8.316
98 3 2 36.569 8.902 34.589 8.163
99 3 2 36.583 8.858 34.575 8.207
100 3 2 36.488 8.844 34.479 8.193
101 3 2 36.392 8.830 34.383 8.180
102 3 2 36.267 8.802 34.258 8.151
103 3 2 36.171 8.788 34.162 8.137
104 3 2 36.045 8.760 34.036 8.109
105 3 2 35.950 8.746 33.940 8.095
106 3 2 35.824 8.718 33.815 8.067
107 3 2 35.728 8.704 33.719 8.053
108 3 2 35.603 8.691 33.593 8.040
109 3 2 35.507 8.691 33.497 8.040
110 3 2 35.382 8.678 33.372 8.027
111 3 2 35.271 8.664 33.261 8.013
112 3 2 35.161 8.665 33.150 8.014
113 3 2 35.050 8.652 33.039 8.000
114 3 2 34.925 8.653 32.914 8.002
115 3 2 34.814 8.639 32.803 7.988
116 3 2 34.689 8.640 32.677 7.989
117 3 2 34.578 8.627 32.567 7.975
118 3 2 34.438 8.628 32.426 7.977
119 3 2 34.313 8.629 32.301 7.978
120 3 2 34.173 8.631 32.160 7.979
121 3 2 34.048 8.632 32.035 7.980
122 3 2 33.908 8.648 31.894 7.996
123 3 2 33.767 8.649 31.754 7.998
124 3 2 33.627 8.650 31.614 7.999
125 3 2 33.487 8.652 31.473 8.000
126 3 2 33.347 8.668 31.333 8.016
127 3 2 33.221 8.669 31.207 8.017
128 3 2 33.081 8.670 31.066 8.019
129 3 2 32.941 8.657 30.926 8.005
130 3 2 32.800 8.658 30.785 8.006
131 3 2 32.675 8.660 30.659 8.008
132 3 2 32.535 8.676 30.519 8.024
133 3 2 32.394 8.692 30.378 8.040
134 3 2 32.239 8.708 30.223 8.056
135 3 2 32.099 8.724 30.082 8.072
136 3 2 31.944 8.740 29.927 8.088
137 3 2 31.803 8.756 29.786 8.104
138 3 2 31.648 8.758 29.631 8.105
139 3 2 31.493 8.774 29.475 8.122
140 3 2 31.353 8.790 29.335 8.138
141 3 2 31.197 8.806 29.179 8.154
142 3 2 31.042 8.808 29.023 8.155
143 3 2 30.901 8.809 28.883 8.157
144 3 2 30.746 8.811 28.727 8.158
145 3 2 30.605 8.812 28.586 8.159
146 3 2 30.435 8.814 28.415 8.161
147 3 2 30.279 8.800 28.259 8.148
148 3 2 30.124 8.802 28.104 8.149
149 3 2 29.968 8.789 27.948 8.136
150 3 2 29.798 8.775 27.777 8.123
151 3 2 29.642 8.762 27.621 8.109
152 3 2 29.471 8.749 27.450 8.096
153 3 2 29.331 8.736 27.309 8.083
154 3 2 29.160 8.722 27.138 8.069
155 3 2 29.004 8.709 26.982 8.056
156 3 2 28.833 8.696 26.811 8.043
157 3 2 28.678 8.668 26.655 8.015
158 3 2 28.507 8.655 26.484 8.001
159 3 2 28.351 8.642 26.328 7.988
160 3 2 28.180 8.614 26.157 7.960
161 3 2 28.024 8.600 26.000 7.947
162 3 2 27.853 8.572 25.829 7.919
163 3 2 27.697 8.559 25.673 7.905
164 3 2 27.512 8.531 25.487 7.877
165 3 2 27.355 8.503 25.331 7.849
166 3 2 27.185 8.490 25.159 7.836
167 3 2 27.014 8.462 24.988 7.808
168 3 2 26.842 8.434 24.817 7.780
169 3 2 26.686 8.406 24.660 7.752
170 3 2 26.515 8.393 24.489 7.739
171 3 2 26.359 8.365 24.332 7.710
172 3 2 26.188 8.337 24.161 7.682
173 3 2 26.032 8.323 24.004 7.669
174 3 2 25.860 8.295 23.833 7.641
175 3 2 25.689 8.282 23.662 7.628
176 3 2 25.518 8.254 23.490 7.600
177 3 2 25.362 8.226 23.333 7.571
178 3 2 25.176 8.213 23.147 7.558
179 3 2 25.019 8.200 22.990 7.545
180 3 2 24.848 8.186 22.819 7.532
181 3 2 24.691 8.158 22.662 7.503
182 3 2 24.520 8.145 22.490 7.490
183 3 2 24.363 8.132 22.333 7.477
184 3 2 24.192 8.104 22.162 7.449
185 3 2 24.021 8.091 21.990 7.435
186 3 2 23.849 8.077 21.818 7.422
187 3 2 23.693 8.049 21.661 7.394
188 3 2 23.521 8.036 21.489 7.380
189 3 2 23.364 8.008 21.333 7.352
190 3 2 23.193 7.994 21.161 7.339
191 3 2 23.036 7.981 21.004 7.325
192 3 2 22.849 7.968 20.817 7.312
193 3 2 22.693 7.940 20.660 7.284
194 3 2 22.521 7.927 20.488 7.271
195 3 2 22.364 7.913 20.331 7.257
196 3 2 22.193 7.900 20.159 7.244
197 3 2 22.036 7.872 20.002 7.216
198 3 2 21.864 7.858 19.829 7.202
199 3 2 21.707 7.845 19.672 7.189
200 3 2 21.535 7.832 19.500 7.176
201 3 2 21.378 7.804 19.343 7.147
202 3 2 21.206 7.790 19.171 7.134
203 3 2 21.034 7.777 18.999 7.121
204 3 2 20.862 7.764 18.826 7.107
205 3 2 20.705 7.736 18.669 7.079
206 3 2 20.533 7.722 18.497 7.066
207 3 2 20.376 7.709 18.339 7.052
208 3 2 20.204 7.696 18.167 7.039
209 3 2 20.047 7.682 18.009 7.025
210 3 2 19.875 7.669 17.837 7.012
211 3 2 19.718 7.641 17.680 6.984
212 3 2 19.545 7.627 17.507 6.970
213 3 2 19.388 7.599 17.350 6.942
214 3 2 19.231 7.586 17.192 6.928
215 3 2 19.074 7.572 17.034 6.915
216 3 2 18.901 7.559 16.862 6.902
217 3 2 18.796 7.545 16.764 6.888
218 3 2 18.707 7.531 16.682 6.873
219 3 2 18.624 7.502 16.607 6.844
220 3 2 18.534 7.488 16.524 6.830
221 3 2 18.444 7.474 16.442 6.816
222 3 2 18.354 7.460 16.359 6.802
224 3 2 18.579 7.450 16.592 6.793
225 3 2 18.489 7.436 16.509 6.778
226 3 2 18.407 7.407 16.434 6.749
228 3 2 18.594 7.398 16.629 6.740
229 3 2 18.534 7.414 16.577 6.756
231 3 2 18.647 7.405 16.697 6.747
232 3 2 18.624 7.406 16.682 6.747
233 3 2 18.617 7.406 16.682 6.747
234 3 2 18.617 7.406 16.689 6.747
235 3 2 18.624 7.406 16.704 6.747
236 3 2 18.609 7.406 16.697 6.747
237 3 2 18.617 7.406 16.712 6.747
238 3 2 18.609 7.406 16.712 6.747
239 3 2 18.609 7.406 16.719 6.747
240 3 2 18.594 7.406 16.712 6.747
241 3 2 18.602 7.406 16.727 6.747
242 3 2 18.587 7.406 16.719 6.747
243 3 2 18.594 7.406 16.734 6.747
244 3 2 18.587 7.406 16.734 6.747
245 3 2 18.587 7.406 16.742 6.747
246 3 2 18.572 7.406 16.734 6.747
247 3 2 18.579 7.406 16.749 6.747
248 3 2 18.564 7.406 16.742 6.747
249 3 2 18.572 7.406 16.757 6.747
250 3 2 18.564 7.421 16.757 6.762
251 3 2 18.564 7.421 16.764 6.761
252 3 2 18.549 7.421 16.757 6.762
253 3 2 18.557 7.421 16.764 6.761
254 3 2 18.549 7.421 16.764 6.761
255 3 2 18.557 7.436 16.772 6.776
256 3 2 18.549 7.421 16.772 6.761
257 3 2 18.549 7.436 16.772 6.776
258 3 2 18.542 7.421 16.764 6.761
259 3 2 18.542 7.436 16.764 6.776
260 3 2 18.542 7.421 16.764 6.761
261 3 2 18.542 7.436 16.764 6.776
262 3 2 18.542 7.436 16.764 6.776
263 3 2 18.542 7.436 16.764 6.776
264 3 2 18.542 7.436 16.764 6.776
265 3 2 18.542 7.421 16.764 6.761
266 3 2 18.542 7.421 16.764 6.761
267 3 2 18.542 7.421 16.764 6.761
268 3 2 18.542 7.421 16.764 6.761
269 3 2 18.542 7.436 16.764 6.776
270 3 2 18.542 7.421 16.764 6.761
271 3 2 18.542 7.436 16.764 6.776
272 3 2 18.534 7.421 16.764 6.761
273 3 2 18.527 7.436 16.764 6.776
274 3 2 18.519 7.421 16.764 6.761
275 3 2 18.527 7.436 16.772 6.776
276 3 2 18.512 7.421 16.764 6.761
277 3 2 18.519 7.436 16.772 6.776
278 3 2 18.512 7.421 16.764 6.761
279 3 2 18.512 7.421 16.764 6.761
280 3 2 18.512 7.421 16.764 6.761
281 3 2 18.512 7.421 16.764 6.761
282 3 2 18.512 7.436 16.764 6.776
283 3 2 18.512 7.421 16.764 6.761
284 3 2 18.504 7.436 16.764 6.776
285 3 2 18.489 7.422 16.757 6.762
286 3 2 18.489 7.436 16.764 6.776
287 3 2 18.474 7.422 16.757 6.762
288 3 2 18.459 7.437 16.749 6.776
289 3 2 18.452 7.437 16.749 6.776
290 3 2 18.444 7.437 16.749 6.776
291 3 2 18.399 7.452 16.712 6.792
292 3 2 18.332 7.453 16.652 6.792
293 3 2 18.264 7.438 16.592 6.778
294 3 2 18.204 7.424 16.539 6.763
295 3 2 18.137 7.410 16.479 6.749
296 3 2 18.084 7.381 16.434 6.720
297 3 2 18.024 7.352 16.382 6.691
298 3 2 17.957 7.322 16.322 6.661
299 3 2 17.897 7.204 16.269 6.721
300 3 2 17.852 7.175 16.231 6.692
301 3 2 17.792 7.161 16.179 6.677
302 3 2 17.725 7.146 16.119 6.663
303 3 2 17.665 7.117 16.066 6.634
304 3 2 18.024 7.107 16.434 6.623
305 3 2 17.972 7.026 16.389 6.676
306 3 2 17.897 6.960 16.322 6.684
307 3 2 17.837 6.930 16.269 6.654
308 3 2 17.785 6.872 16.224 6.595
310 3 2 18.069 6.832 16.517 6.556
311 3 2 18.024 6.788 16.479 6.564
312 3 2 17.957 6.781 16.419 6.557
313 3 2 17.904 6.759 16.374 6.535
314 3 2 17.845 6.760 16.322 6.535
315 3 2 17.815 6.738 16.299 6.513
317 3 2 18.062 6.728 16.554 6.504
318 3 2 18.054 6.736 16.554 6.511
319 3 2 18.054 6.728 16.562 6.541
320 3 2 18.047 6.728 16.562 6.541
321 3 2 18.047 6.743 16.569 6.555
322 3 2 18.039 6.736 16.569 6.548
323 3 2 18.039 6.721 16.577 6.533
324 3 2 18.032 6.721 16.577 6.533
325 3 2 18.024 6.729 16.577 6.541
326 3 2 18.024 6.721 16.584 6.533
327 3 2 18.017 6.721 16.584 6.533
328 3 2 18.017 6.721 16.592 6.533
329 3 2 18.009 6.729 16.592 6.540
330 3 2 18.009 6.721 16.599 6.533
331 3 2 18.009 6.729 16.607 6.540
332 3 2 18.002 6.721 16.607 6.533
333 3 2 18.002 6.721 16.614 6.533
334 3 2 17.994 6.736 16.614 6.548
335 3 2 17.994 6.744 16.622 6.555
336 3 2 17.987 6.736 16.622 6.548
337 3 2 17.987 6.744 16.629 6.555
338 3 2 17.979 6.736 16.629 6.548
339 3 2 17.979 6.736 16.637 6.547
340 3 2 17.972 6.737 16.637 6.547
341 3 2 17.972 6.744 16.644 6.555
342 3 2 17.964 6.737 16.644 6.547
343 3 2 17.964 6.744 16.652 6.555
344 3 2 17.957 6.737 16.652 6.547
345 3 2 17.957 6.744 16.659 6.555
346 3 2 17.949 6.737 16.659 6.547
347 3 2 17.949 6.744 16.667 6.555
348 3 2 17.942 6.744 16.667 6.555
349 3 2 17.942 6.759 16.674 6.569
350 3 2 17.942 6.744 16.682 6.555
351 3 2 17.934 6.759 16.682 6.569
352 3 2 17.927 6.752 16.682 6.562
353 3 2 17.934 6.759 16.697 6.569
354 3 2 17.934 6.744 16.704 6.554
355 3 2 17.934 6.759 16.712 6.569
356 3 2 17.919 6.744 16.704 6.554
357 3 2 17.919 6.759 16.712 6.569
358 3 2 17.912 6.752 16.712 6.562
359 3 2 17.904 6.759 16.712 6.569
360 3 2 17.897 6.722 16.712 6.577
361 3 2 17.860 6.723 16.682 6.606
362 3 2 17.800 6.708 16.629 6.629
364 3 2 17.882 6.671 16.719 6.628
365 3 2 17.919 6.663 16.757 6.621
366 3 2 17.942 6.655 16.779 6.613
367 3 2 17.957 6.640 16.794 6.613
368 3 2 17.964 6.633 16.802 6.605
369 3 2 17.964 6.625 16.802 6.598
370 3 2 17.964 6.618 16.802 6.591
371 3 2 17.964 6.611 16.802 6.583
372 3 2 17.964 6.603 16.802 6.576
373 3 2 17.964 6.596 16.802 6.568
374 3 2 17.964 6.588 16.802 6.561
375 3 2 17.964 6.581 16.802 6.554
376 3 2 17.964 6.573 16.802 6.546
377 3 2 17.964 6.566 16.802 6.539
378 3 2 17.964 6.559 16.802 6.531
379 3 2 17.964 6.551 16.802 6.524
380 3 2 17.964 6.544 16.802 6.516
381 3 2 17.964 6.536 16.802 6.509
382 3 2 17.964 6.529 16.802 6.502
383 3 2 17.964 6.522 16.802 6.494
384 3 2 17.964 6.514 16.802 6.487
385 3 2 17.964 6.507 16.802 6.479
386 3 2 17.964 6.499 16.802 6.472
387 3 2 17.964 6.492 16.802 6.465
388 3 2 17.964 6.485 16.802 6.457
389 3 2 17.964 6.477 16.802 6.450
390 3 2 17.964 6.470 16.802 6.442
391 3 2 17.964 6.462 16.802 6.435
392 3 2 17.964 6.455 16.802 6.427
393 3 2 17.964 6.447 16.802 6.420
394 3 2 17.964 6.440 16.802 6.413
395 3 2 17.964 6.433 16.802 6.405
396 3 2 17.964 6.425 16.802 6.398
397 3 2 17.964 6.418 16.802 6.390
398 3 2 17.964 6.410 16.802 6.383
399 3 2 17.964 6.403 16.802 6.376
400 3 2 17.964 6.396 16.802 6.368
401 3 2 17.964 6.388 16.802 6.361
402 3 2 17.964 6.381 16.802 6.353
403 3 2 17.964 6.373 16.802 6.346
404 3 2 17.964 6.366 16.802 6.338
405 3 2 17.964 6.359 16.802 6.331
406 3 2 17.964 6.351 16.802 6.324
407 3 2 17.964 6.344 16.802 6.316
408 3 2 17.964 6.336 16.802 6.309
409 3 2 17.964 6.329 16.802 6.301
410 3 2 17.964 6.322 16.802 6.294
411 3 2 17.964 6.314 16.802 6.287
412 3 2 17.964 6.307 16.802 6.279
413 3 2 17.964 6.299 16.802 6.272
414 3 2 17.964 6.292 16.802 6.264
415 3 2 17.964 6.284 16.802 6.257
416 3 2 17.964 6.277 16.802 6.249
417 3 2 17.964 6.270 16.802 6.242
418 3 2 17.964 6.262 16.802 6.235
419 3 2 17.964 6.255 16.802 6.227
420 3 2 17.964 6.247 16.802 6.220
421 3 2 17.964 6.240 16.802 6.212
422 3 2 17.964 6.233 16.802 6.205
423 3 2 17.964 6.225 16.802 6.198
424 3 2 17.964 6.218 16.802 6.190
425 3 2 17.964 6.210 16.802 6.183
426 3 2 17.964 6.203 16.802 6.175
427 3 2 17.964 6.196 16.802 6.168
428 3 2 17.964 6.188 16.802 6.161
429 3 2 17.964 6.181 16.802 6.153
430 3 2 17.964 6.173 16.802 6.146
431 3 2 17.964 6.166 16.802 6.138
432 3 2 17.964 6.159 16.802 6.131
433 3 2 17.964 6.151 16.802 6.123
434 3 2 17.964 6.144 16.802 6.116
435 3 2 17.964 6.136 16.802 6.109
436 3 2 17.964 6.129 16.802 6.101
437 3 2 17.964 6.121 16.802 6.094
438 3 2 17.964 6.114 16.802 6.086
439 3 2 17.964 6.107 16.802 6.079
440 3 2 17.964 6.099 16.802 6.072
441 3 2 17.964 6.092 16.802 6.064
442 3 2 17.964 6.084 16.802 6.057
443 3 2 17.964 6.077 16.802 6.049
444 3 2 17.964 6.070 16.802 6.042
445 3 2 17.964 6.062 16.802 6.034
446 3 2 17.964 6.055 16.802 6.027
447 3 2 17.964 6.047 16.802 6.020
448 3 2 17.964 6.040 16.802 6.012
449 3 2 17.964 6.033 16.802 6.005
450 3 2 17.964 6.025 16.802 5.997
451 3 2 17.964 6.018 16.802 5.990
452 3 2 17.964 6.010 16.802 5.983
453 3 2 17.964 6.003 16.802 5.975
454 3 2 17.964 5.996 16.802 5.968
455 3 2 17.964 5.988 16.802 5.960
456 3 2 17.964 5.981 16.802 5.953
457 3 2 17.964 5.973 16.802 5.946
458 3 2 17.964 5.966 16.802 5.938
459 3 2 17.964 5.958 16.802 5.931
460 3 2 17.964 5.951 16.802 5.923
461 3 2 17.964 5.944 16.802 5.916
462 3 2 17.964 5.936 16.802 5.908
463 3 2 17.964 5.929 16.802 5.901
464 3 2 17.964 5.921 16.802 5.894
465 3 2 17.964 5.914 16.802 5.886
466 3 2 17.964 5.907 16.802 5.879
467 3 2 17.964 5.899 16.802 5.871
468 3 2 17.964 5.892 16.802 5.864
469 3 2 17.964 5.884 16.802 5.857
470 3 2 17.964 5.877 16.802 5.849
471 3 2 17.964 5.870 16.802 5.842
472 3 2 17.964 5.862 16.802 5.834
473 3 2 17.964 5.855 16.802 5.827
33 4 2 45.123 11.672 43.652 10.873
34 4 2 44.933 11.681 43.571 10.852
35 4 2 44.838 11.653 43.403 10.854
36 4 2 44.838 11.653 43.418 10.853
37 4 2 44.721 11.654 43.301 10.855
38 4 2 44.590 11.656 43.169 10.856
39 4 2 44.252 11.549 42.921 10.925
40 4 2 44.297 11.615 42.899 10.859
41 4 2 44.158 11.617 42.760 10.860
42 4 2 44.019 11.618 42.621 10.862
43 4 2 43.880 11.605 42.482 10.849
44 4 2 43.727 11.621 42.328 10.865
45 4 2 43.588 11.608 42.189 10.852
46 4 2 43.434 11.610 42.035 10.854
47 4 2 43.281 11.612 41.881 10.855
48 4 2 43.127 11.613 41.728 10.857
49 4 2 42.973 11.600 41.574 10.844
50 4 2 42.820 11.587 41.420 10.831
51 4 2 42.533 11.502 41.099 10.974
52 4 2 42.527 11.591 41.127 10.871
53 4 2 42.388 11.585 40.988 10.865
54 4 2 42.050 11.500 40.739 10.956
55 4 2 42.095 11.573 40.709 10.882
56 4 2 41.956 11.568 40.570 10.877
57 4 2 41.802 11.577 40.416 10.886
58 4 2 41.648 11.571 40.262 10.880
59 4 2 41.494 11.580 40.108 10.889
60 4 2 41.355 11.574 39.968 10.883
61 4 2 41.201 11.583 39.814 10.892
62 4 2 40.966 11.542 39.493 10.991
63 4 2 40.930 11.601 39.536 10.932
64 4 2 40.636 11.509 39.279 10.971
65 4 2 40.496 11.510 39.081 10.988
66 4 2 40.371 11.504 38.861 11.020
67 4 2 40.321 11.571 38.927 10.946
68 4 2 40.063 11.530 38.604 11.001
69 4 2 40.042 11.567 38.647 10.949
70 4 2 39.821 11.525 38.310 11.033
71 4 2 39.770 11.577 38.368 10.974
72 4 2 39.631 11.586 38.229 10.983
73 4 2 39.462 11.581 38.060 10.977
74 4 2 39.323 11.589 37.920 10.986
75 4 2 39.168 11.599 37.766 10.995
76 4 2 39.029 11.607 37.626 11.004
77 4 2 38.875 11.617 37.472 11.013
78 4 2 38.735 11.625 37.332 11.022
79 4 2 38.596 11.634 37.192 11.031
80 4 2 38.456 11.658 37.052 11.054
81 4 2 38.302 11.652 36.898 11.049
82 4 2 38.177 11.676 36.773 11.072
83 4 2 37.853 11.709 36.633 11.074
84 4 2 37.942 11.693 36.552 11.089
85 4 2 37.817 11.702 36.427 11.098
86 4 2 37.662 11.726 36.272 11.122
87 4 2 37.537 11.735 36.147 11.131
88 4 2 37.398 11.744 36.007 11.140
89 4 2 37.125 11.739 35.646 11.158
90 4 2 36.978 11.778 35.514 11.211
91 4 2 36.846 11.794 35.396 11.235
92 4 2 36.824 11.802 35.426 11.220
93 4 2 36.654 11.804 35.175 11.244
94 4 2 36.529 11.805 35.013 11.246
95 4 2 36.478 11.806 35.079 11.238
96 4 2 36.220 11.831 34.806 11.263
97 4 2 36.220 11.823 34.821 11.256
98 4 2 36.102 11.876 34.674 11.316
99 4 2 36.021 11.870 34.401 11.327
100 4 2 35.925 11.871 34.519 11.318
101 4 2 35.742 12.020 34.171 11.255
102 4 2 35.720 12.013 34.090 11.264
103 4 2 35.609 11.919 34.194 11.359
104 4 2 35.505 11.927 34.091 11.367
105 4 2 35.388 11.951 33.973 11.391
106 4 2 35.284 11.944 33.870 11.384
107 4 2 35.196 11.968 33.781 11.407
108 4 2 35.093 11.961 33.678 11.401
109 4 2 34.975 11.970 33.560 11.410
110 4 2 34.871 11.979 33.456 11.418
111 4 2 34.783 11.987 33.368 11.427
112 4 2 34.679 11.996 33.264 11.435
113 4 2 34.576 12.004 33.161 11.444
114 4 2 34.488 11.998 33.072 11.437
115 4 2 34.399 12.021 32.983 11.460
116 4 2 34.207 11.994 32.872 11.351
117 4 2 34.103 12.002 32.798 11.359
118 4 2 33.889 12.019 32.753 11.345
119 4 2 34.022 11.959 32.635 11.398
120 4 2 33.933 11.967 32.547 11.406
121 4 2 33.845 11.961 32.458 11.400
122 4 2 33.771 11.969 32.384 11.408
123 4 2 33.682 11.963 32.295 11.402
124 4 2 33.593 11.956 32.206 11.395
125 4 2 33.519 11.950 32.132 11.389
126 4 2 33.431 11.958 32.043 11.397
127 4 2 33.342 11.952 31.954 11.391
128 4 2 33.268 11.960 31.880 11.399
129 4 2 33.179 11.953 31.792 11.392
130 4 2 33.090 11.947 31.703 11.386
131 4 2 33.002 11.941 31.614 11.379
132 4 2 32.913 11.949 31.525 11.388
133 4 2 32.824 11.943 31.436 11.381
134 4 2 32.735 11.936 31.347 11.375
135 4 2 32.632 11.930 31.243 11.369
136 4 2 32.543 11.924 31.154 11.362
137 4 2 32.439 11.917 31.051 11.356
138 4 2 32.336 11.911 30.947 11.350
139 4 2 32.247 11.905 30.858 11.343
140 4 2 32.143 11.913 30.754 11.352
141 4 2 32.054 11.907 30.665 11.345
142 4 2 31.951 11.916 30.562 11.354
143 4 2 31.847 11.909 30.458 11.348
144 4 2 31.743 11.903 30.354 11.341
145 4 2 31.639 11.897 30.250 11.335
146 4 2 31.536 11.891 30.146 11.329
147 4 2 31.432 11.884 30.042 11.323
148 4 2 31.328 11.893 29.939 11.331
149 4 2 31.225 11.887 29.835 11.325
150 4 2 31.106 11.881 29.716 11.319
151 4 2 30.987 11.875 29.597 11.313
152 4 2 30.869 11.883 29.478 11.321
153 4 2 30.750 11.877 29.360 11.315
154 4 2 30.631 11.871 29.241 11.309
155 4 2 30.513 11.865 29.122 11.303
156 4 2 30.394 11.859 29.003 11.297
157 4 2 30.275 11.853 28.884 11.291
158 4 2 30.172 11.862 28.780 11.299
159 4 2 30.068 11.855 28.676 11.293
160 4 2 29.949 11.864 28.558 11.302
161 4 2 29.815 11.843 28.424 11.281
162 4 2 29.697 11.852 28.305 11.290
163 4 2 29.578 11.846 28.186 11.284
164 4 2 29.653 11.964 27.680 11.245
165 4 2 29.505 12.017 27.539 11.209
166 4 2 29.237 11.894 27.822 11.332
167 4 2 29.110 11.888 27.696 11.326
168 4 2 28.984 11.882 27.569 11.320
169 4 2 28.858 11.891 27.443 11.329
170 4 2 28.732 11.900 27.316 11.338
171 4 2 28.590 11.909 27.175 11.347
172 4 2 28.509 12.021 26.959 11.230
173 4 2 28.524 11.954 26.587 11.257
174 4 2 28.457 12.036 26.490 11.273
175 4 2 28.197 11.928 26.766 11.366
176 4 2 28.145 11.966 26.237 11.268
177 4 2 27.914 11.902 26.475 11.339
178 4 2 27.780 11.911 26.341 11.348
179 4 2 27.646 11.934 26.207 11.372
180 4 2 27.483 11.944 26.044 11.381
181 4 2 27.349 11.952 25.910 11.390
182 4 2 27.268 12.094 25.358 11.322
183 4 2 27.044 11.986 25.597 11.423
184 4 2 26.903 11.995 25.455 11.432
185 4 2 26.761 12.018 25.314 11.456
186 4 2 26.620 12.027 25.172 11.465
187 4 2 26.478 12.051 25.030 11.489
188 4 2 26.337 12.075 24.889 11.513
189 4 2 26.181 12.114 24.732 11.551
190 4 2 26.039 12.138 24.591 11.575
191 4 2 25.883 12.177 24.434 11.614
192 4 2 25.741 12.201 24.292 11.638
193 4 2 25.600 12.239 24.151 11.677
194 4 2 25.458 12.278 24.009 11.715
195 4 2 25.302 12.317 23.852 11.754
196 4 2 25.160 12.356 23.710 11.793
197 4 2 25.019 12.395 23.569 11.832
198 4 2 24.877 12.433 23.427 11.870
199 4 2 24.720 12.487 23.270 11.924
200 4 2 24.579 12.526 23.128 11.963
201 4 2 24.422 12.580 22.971 12.017
202 4 2 24.280 12.618 22.829 12.055
203 4 2 24.124 12.672 22.672 12.109
204 4 2 23.982 12.726 22.530 12.163
205 4 2 23.840 12.795 22.388 12.231
206 4 2 23.698 12.848 22.246 12.285
207 4 2 23.557 12.917 22.104 12.354
208 4 2 23.430 12.970 21.977 12.407
209 4 2 23.288 13.039 21.835 12.476
210 4 2 23.161 13.107 21.708 12.544
211 4 2 23.019 13.176 21.566 12.613
212 4 2 22.892 13.245 21.439 12.681
213 4 2 22.750 13.313 21.296 12.750
214 4 2 22.638 13.381 21.184 12.818
215 4 2 22.511 13.465 21.057 12.901
216 4 2 22.384 13.533 20.930 12.970
217 4 2 22.257 13.617 20.802 13.053
218 4 2 22.130 13.685 20.675 13.122
219 4 2 22.002 13.769 20.548 13.205
220 4 2 21.875 13.852 20.420 13.289
221 4 2 21.763 13.951 20.308 13.387
222 4 2 21.651 14.034 20.195 13.470
223 4 2 21.524 14.132 20.068 13.569
224 4 2 21.411 14.216 19.955 13.652
225 4 2 21.299 14.314 19.843 13.750
226 4 2 21.187 14.412 19.730 13.849
227 4 2 21.074 14.511 19.618 13.947
228 4 2 20.962 14.609 19.505 14.045
229 4 2 20.850 14.707 19.393 14.144
230 4 2 20.737 14.806 19.280 14.242
231 4 2 20.625 14.904 19.167 14.341
232 4 2 20.512 15.003 19.055 14.439
233 4 2 20.400 15.101 18.942 14.538
234 4 2 20.287 15.200 18.829 14.636
235 4 2 20.175 15.298 18.717 14.735
236 4 2 20.062 15.397 18.604 14.833
237 4 2 19.950 15.495 18.491 14.932
238 4 2 19.837 15.594 18.378 15.030
239 4 2 19.725 15.693 18.266 15.129
240 4 2 19.612 15.791 18.153 15.227
241 4 2 19.499 15.890 18.040 15.326
242 4 2 19.387 15.988 17.927 15.425
243 4 2 19.259 16.087 17.799 15.523
244 4 2 19.146 16.186 17.686 15.622
245 4 2 19.033 16.285 17.573 15.721
246 4 2 18.920 16.383 17.460 15.820
247 4 2 18.808 16.482 17.347 15.918
248 4 2 18.695 16.581 17.234 16.017
249 4 2 18.567 16.680 17.106 16.116
250 4 2 18.454 16.779 16.993 16.215
251 4 2 18.341 16.878 16.879 16.314
252 4 2 18.243 16.961 16.781 16.398
253 4 2 18.183 17.060 16.729 16.496
254 4 2 18.123 17.143 16.676 16.579
255 4 2 18.055 17.241 16.615 16.677
256 4 2 17.987 17.324 16.555 16.760
258 4 2 18.108 17.315 16.683 16.751
259 4 2 18.062 17.338 16.645 16.774
261 4 2 18.138 17.330 16.728 16.765
262 4 2 18.100 17.383 16.698 16.818
263 4 2 18.040 17.466 16.645 16.901
264 4 2 17.957 17.535 16.570 16.970
266 4 2 18.070 17.525 16.691 16.960
267 4 2 18.062 17.518 16.691 16.953
268 4 2 18.062 17.526 16.698 16.960
269 4 2 18.062 17.518 16.706 16.953
270 4 2 18.055 17.526 16.706 16.960
271 4 2 18.047 17.518 16.706 16.953
272 4 2 18.047 17.526 16.713 16.960
273 4 2 18.040 17.518 16.713 16.953
274 4 2 18.040 17.526 16.721 16.960
275 4 2 18.032 17.519 16.721 16.953
276 4 2 18.032 17.526 16.728 16.960
277 4 2 18.025 17.519 16.728 16.952
278 4 2 18.017 17.526 16.728 16.960
279 4 2 18.010 17.519 16.728 16.952
280 4 2 18.010 17.526 16.736 16.960
281 4 2 18.002 17.519 16.736 16.952
282 4 2 18.002 17.526 16.743 16.960
283 4 2 17.995 17.519 16.743 16.952
284 4 2 17.987 17.527 16.743 16.960
285 4 2 17.980 17.519 16.743 16.952
286 4 2 17.980 17.527 16.751 16.960
287 4 2 17.972 17.519 16.751 16.952
288 4 2 17.972 17.527 16.758 16.960
289 4 2 17.965 17.519 16.758 16.952
290 4 2 17.965 17.527 16.766 16.959
291 4 2 17.957 17.520 16.766 16.952
292 4 2 17.949 17.527 16.766 16.959
293 4 2 17.942 17.520 16.766 16.952
294 4 2 17.942 17.527 16.774 16.959
295 4 2 17.934 17.520 16.774 16.952
296 4 2 17.934 17.527 16.774 16.959
297 4 2 17.934 17.520 16.781 16.952
298 4 2 17.934 17.527 16.781 16.959
299 4 2 17.927 17.520 16.774 16.952
300 4 2 17.934 17.527 16.781 16.959
301 4 2 17.919 17.535 16.774 16.967
302 4 2 17.919 17.543 16.774 16.974
303 4 2 17.919 17.535 16.781 16.967
304 4 2 17.919 17.543 16.781 16.974
305 4 2 17.912 17.535 16.774 16.967
306 4 2 17.919 17.543 16.781 16.974
307 4 2 17.912 17.535 16.774 16.967
308 4 2 17.919 17.543 16.781 16.974
309 4 2 17.912 17.535 16.774 16.967
310 4 2 17.904 17.543 16.774 16.974
311 4 2 17.897 17.535 16.774 16.967
312 4 2 17.904 17.543 16.781 16.974
313 4 2 17.897 17.535 16.774 16.967
314 4 2 17.904 17.543 16.781 16.974
315 4 2 17.897 17.535 16.774 16.967
316 4 2 17.904 17.543 16.781 16.974
317 4 2 17.897 17.535 16.774 16.967
318 4 2 17.904 17.543 16.781 16.974
319 4 2 17.897 17.535 16.774 16.967
320 4 2 17.904 17.543 16.781 16.974
321 4 2 17.889 17.536 16.774 16.967
322 4 2 17.889 17.543 16.774 16.974
323 4 2 17.882 17.536 16.774 16.967
324 4 2 17.882 17.543 16.774 16.974
325 4 2 17.882 17.536 16.781 16.967
326 4 2 17.882 17.543 16.781 16.974
327 4 2 17.882 17.536 16.781 16.967
328 4 2 17.882 17.543 16.781 16.974
329 4 2 17.874 17.536 16.774 16.967
330 4 2 17.882 17.543 16.781 16.974
331 4 2 17.874 17.536 16.774 16.967
332 4 2 17.882 17.543 16.781 16.974
333 4 2 17.889 17.551 16.789 16.982
334 4 2 17.889 17.558 16.789 16.989
335 4 2 17.882 17.551 16.781 16.982
336 4 2 17.889 17.543 16.789 16.974
337 4 2 17.882 17.536 16.781 16.967
338 4 2 17.889 17.543 16.789 16.974
339 4 2 17.889 17.536 16.789 16.967
340 4 2 17.889 17.543 16.789 16.974
341 4 2 17.889 17.536 16.789 16.967
342 4 2 17.889 17.543 16.789 16.974
343 4 2 17.897 17.535 16.796 16.967
344 4 2 17.897 17.543 16.796 16.974
345 4 2 17.897 17.535 16.796 16.967
346 4 2 17.897 17.543 16.796 16.974
347 4 2 17.897 17.535 16.796 16.967
348 4 2 17.897 17.543 16.796 16.974
349 4 2 17.897 17.535 16.796 16.967
350 4 2 17.897 17.543 16.796 16.974
351 4 2 17.897 17.550 16.796 16.982
352 4 2 17.897 17.543 16.796 16.974
353 4 2 17.897 17.550 16.796 16.982
354 4 2 17.897 17.558 16.796 16.989
355 4 2 17.897 17.550 16.796 16.982
356 4 2 17.897 17.558 16.796 16.989
357 4 2 17.897 17.550 16.796 16.982
358 4 2 17.897 17.558 16.796 16.989
359 4 2 17.897 17.550 16.796 16.982
360 4 2 17.897 17.558 16.796 16.989
361 4 2 17.897 17.550 16.796 16.982
362 4 2 17.897 17.558 16.796 16.989
363 4 2 17.897 17.550 16.796 16.982
364 4 2 17.897 17.558 16.796 16.989
365 4 2 17.897 17.550 16.796 16.982
366 4 2 17.897 17.558 16.796 16.989
367 4 2 17.897 17.550 16.796 16.982
368 4 2 17.897 17.558 16.796 16.989
369 4 2 17.897 17.550 16.796 16.982
370 4 2 17.897 17.558 16.796 16.989
371 4 2 17.897 17.550 16.796 16.982
372 4 2 17.897 17.558 16.796 16.989
373 4 2 17.897 17.550 16.796 16.982
374 4 2 17.897 17.558 16.796 16.989
375 4 2 17.897 17.550 16.796 16.982
376 4 2 17.897 17.558 16.796 16.989
377 4 2 17.897 17.550 16.796 16.982
378 4 2 17.897 17.558 16.796 16.989
379 4 2 17.897 17.550 16.796 16.982
380 4 2 17.897 17.558 16.796 16.989
381 4 2 17.897 17.550 16.796 16.982
382 4 2 17.897 17.543 16.796 16.974
383 4 2 17.897 17.535 16.796 16.967
384 4 2 17.889 17.528 16.789 16.959
385 4 2 17.889 17.521 16.789 16.952
386 4 2 17.889 17.528 16.789 16.959
387 4 2 17.889 17.521 16.789 16.952
388 4 2 17.889 17.513 16.789 16.944
389 4 2 17.889 17.506 16.789 16.937
390 4 2 17.889 17.513 16.789 16.944
391 4 2 17.889 17.506 16.789 16.937
392 4 2 17.882 17.513 16.781 16.944
393 4 2 17.882 17.506 16.781 16.937
394 4 2 17.882 17.498 16.781 16.929
395 4 2 17.874 17.491 16.774 16.922
396 4 2 17.882 17.498 16.781 16.929
397 4 2 17.874 17.491 16.774 16.922
398 4 2 17.882 17.498 16.781 16.929
399 4 2 17.882 17.491 16.781 16.922
400 4 2 17.882 17.498 16.781 16.929
401 4 2 17.882 17.491 16.781 16.922
402 4 2 17.882 17.498 16.781 16.929
403 4 2 17.874 17.491 16.774 16.922
404 4 2 17.882 17.498 16.781 16.929
405 4 2 17.874 17.491 16.774 16.922
406 4 2 17.882 17.483 16.781 16.914
407 4 2 17.882 17.476 16.781 16.907
408 4 2 17.882 17.483 16.781 16.914
409 4 2 17.882 17.476 16.781 16.907
410 4 2 17.882 17.483 16.781 16.914
411 4 2 17.874 17.476 16.774 16.907
412 4 2 17.882 17.483 16.781 16.914
413 4 2 17.882 17.476 16.781 16.907
414 4 2 17.882 17.468 16.781 16.899
415 4 2 17.882 17.461 16.781 16.892
416 4 2 17.882 17.468 16.781 16.899
417 4 2 17.874 17.461 16.774 16.892
418 4 2 17.882 17.468 16.781 16.899
419 4 2 17.882 17.461 16.781 16.892
420 4 2 17.882 17.468 16.781 16.899
421 4 2 17.874 17.461 16.774 16.892
422 4 2 17.882 17.468 16.781 16.899
423 4 2 17.874 17.461 16.774 16.892
424 4 2 17.882 17.453 16.781 16.884
425 4 2 17.882 17.446 16.781 16.877
426 4 2 17.882 17.453 16.781 16.884
427 4 2 17.882 17.446 16.781 16.877
428 4 2 17.882 17.453 16.781 16.884
429 4 2 17.874 17.446 16.774 16.877
430 4 2 17.882 17.453 16.781 16.884
431 4 2 17.882 17.446 16.781 16.877
432 4 2 17.882 17.453 16.781 16.884
433 4 2 17.882 17.446 16.781 16.877
434 4 2 17.882 17.453 16.781 16.884
435 4 2 17.874 17.446 16.774 16.877
436 4 2 17.882 17.453 16.781 16.884
437 4 2 17.874 17.446 16.774 16.877
438 4 2 17.882 17.453 16.781 16.884
439 4 2 17.874 17.446 16.774 16.877
440 4 2 17.882 17.438 16.781 16.869
441 4 2 17.889 17.431 16.789 16.862
442 4 2 17.889 17.438 16.789 16.869
443 4 2 17.889 17.431 16.789 16.862
444 4 2 17.889 17.438 16.789 16.869
445 4 2 17.889 17.431 16.789 16.862
446 4 2 17.889 17.438 16.789 16.869
447 4 2 17.882 17.431 16.781 16.862
448 4 2 17.889 17.438 16.789 16.869
449 4 2 17.889 17.431 16.789 16.862
450 4 2 17.889 17.438 16.789 16.869
451 4 2 17.889 17.431 16.789 16.862
452 4 2 17.889 17.438 16.789 16.869
453 4 2 17.889 17.431 16.789 16.862
454 4 2 17.897 17.438 16.796 16.869
455 4 2 17.897 17.431 16.796 16.862
456 4 2 17.897 17.423 16.796 16.854
457 4 2 17.904 17.415 16.804 16.847
458 4 2 17.904 17.423 16.804 16.854
459 4 2 17.904 17.415 16.804 16.847
460 4 2 17.904 17.423 16.804 16.854
461 4 2 17.904 17.430 16.804 16.862
462 4 2 17.904 17.438 16.804 16.869
463 4 2 17.904 17.430 16.804 16.862
464 4 2 17.904 17.438 16.804 16.869
465 4 2 17.912 17.445 16.811 16.876
466 4 2 17.912 17.453 16.811 16.884
467 4 2 17.912 17.445 16.811 16.876
468 4 2 17.912 17.453 16.811 16.884
469 4 2 17.919 17.445 16.819 16.876
470 4 2 17.919 17.438 16.819 16.869
471 4 2 17.919 17.445 16.819 16.876
472 4 2 17.919 17.453 16.819 16.884
473 4 2 17.919 17.445 16.819 16.876
37 5 2 45.222 8.145 43.352 7.269
38 5 2 45.208 8.138 43.344 7.269
39 5 2 45.142 8.153 43.279 7.284
40 5 2 45.209 8.248 42.966 7.390
41 5 2 45.100 8.241 43.068 7.381
42 5 2 45.027 8.264 42.996 7.404
43 5 2 44.934 8.353 42.652 7.407
44 5 2 44.962 8.323 42.807 7.508
45 5 2 44.933 8.345 42.733 7.472
46 5 2 44.869 8.397 42.587 7.437
47 5 2 44.898 8.411 42.573 7.496
48 5 2 44.883 8.426 42.450 7.570
49 5 2 44.767 8.427 42.567 7.562
50 5 2 44.687 8.443 42.486 7.577
51 5 2 44.621 8.458 42.421 7.592
52 5 2 44.527 8.488 42.326 7.622
53 5 2 44.447 8.518 42.246 7.652
54 5 2 44.367 8.534 42.166 7.668
55 5 2 44.287 8.549 42.086 7.683
56 5 2 44.193 8.579 41.991 7.713
57 5 2 44.113 8.609 41.911 7.743
58 5 2 44.018 8.625 41.816 7.759
59 5 2 43.923 8.640 41.721 7.774
60 5 2 43.675 8.650 41.423 7.902
61 5 2 43.530 8.681 41.343 7.976
62 5 2 43.391 8.704 41.307 8.027
63 5 2 43.347 8.697 41.182 7.985
64 5 2 43.209 8.743 41.168 7.999
65 5 2 43.136 8.751 41.117 8.000
66 5 2 43.100 8.773 41.007 7.986
67 5 2 43.122 8.773 40.985 7.986
68 5 2 43.034 8.781 40.897 7.995
69 5 2 42.947 8.789 40.809 8.003
70 5 2 42.626 8.829 40.553 8.020
71 5 2 42.655 8.814 40.531 8.027
72 5 2 42.567 8.822 40.444 8.035
73 5 2 42.480 8.845 40.356 8.058
74 5 2 42.377 8.853 40.253 8.066
75 5 2 42.275 8.876 40.151 8.089
76 5 2 42.115 8.900 40.064 8.193
77 5 2 42.020 8.915 40.028 8.208
78 5 2 41.998 8.952 39.896 8.202
79 5 2 42.006 8.959 39.903 8.194
80 5 2 41.911 8.975 39.808 8.210
81 5 2 41.655 9.000 39.589 8.263
82 5 2 41.545 8.993 39.486 8.279
83 5 2 41.538 9.001 39.450 8.294
84 5 2 41.538 9.015 39.449 8.272
85 5 2 41.458 9.060 39.106 8.378
86 5 2 41.165 9.048 39.069 8.371
87 5 2 41.056 9.079 39.018 8.386
88 5 2 40.983 9.109 39.018 8.364
89 5 2 41.041 9.094 38.959 8.372
90 5 2 40.770 9.118 38.769 8.418
91 5 2 40.646 9.112 38.718 8.433
92 5 2 40.719 9.126 38.651 8.419
93 5 2 40.470 9.151 38.417 8.458
94 5 2 40.397 9.173 38.387 8.451
95 5 2 40.419 9.158 38.366 8.458
96 5 2 40.331 9.167 38.277 8.467
97 5 2 40.185 9.175 38.064 8.461
98 5 2 40.060 9.169 37.925 8.492
99 5 2 39.921 9.207 37.866 8.463
100 5 2 39.921 9.178 37.866 8.485
101 5 2 39.767 9.194 37.646 8.487
102 5 2 39.679 9.188 37.551 8.496
103 5 2 39.554 9.189 37.514 8.496
104 5 2 39.444 9.197 37.418 8.482
105 5 2 39.466 9.190 37.337 8.476
106 5 2 39.422 9.176 37.381 8.482
107 5 2 39.334 9.176 37.293 8.483
108 5 2 39.062 9.142 37.161 8.529
109 5 2 39.136 9.178 37.102 8.492
110 5 2 38.879 9.152 36.874 8.509
111 5 2 38.857 9.181 36.793 8.495
112 5 2 38.806 9.174 36.771 8.488
113 5 2 38.798 9.167 36.771 8.488
114 5 2 38.710 9.168 36.683 8.489
115 5 2 38.622 9.154 36.595 8.475
116 5 2 38.534 9.140 36.506 8.461
117 5 2 38.446 9.141 36.418 8.462
118 5 2 38.358 9.142 36.330 8.463
119 5 2 38.255 9.128 36.227 8.449
120 5 2 38.166 9.114 36.138 8.435
121 5 2 38.078 9.115 36.050 8.436
122 5 2 37.990 9.116 35.962 8.437
123 5 2 37.902 9.102 35.873 8.423
124 5 2 37.799 9.089 35.770 8.409
125 5 2 37.711 9.089 35.682 8.410
126 5 2 37.622 9.076 35.593 8.396
127 5 2 37.534 9.062 35.505 8.382
128 5 2 37.446 9.063 35.416 8.383
129 5 2 37.357 9.049 35.328 8.369
130 5 2 37.269 9.035 35.239 8.356
131 5 2 37.181 9.036 35.151 8.356
132 5 2 37.078 9.022 35.048 8.343
133 5 2 36.989 8.994 34.959 8.314
134 5 2 36.901 8.980 34.871 8.300
135 5 2 36.813 8.981 34.782 8.301
136 5 2 36.724 8.967 34.694 8.287
137 5 2 36.621 8.953 34.590 8.273
138 5 2 36.533 8.954 34.502 8.274
139 5 2 36.444 8.940 34.413 8.260
140 5 2 36.341 8.926 34.310 8.246
141 5 2 36.253 8.927 34.222 8.247
142 5 2 36.150 8.913 34.118 8.233
143 5 2 36.061 8.900 34.030 8.220
144 5 2 35.958 8.901 33.926 8.221
145 5 2 35.870 8.887 33.838 8.207
146 5 2 35.767 8.873 33.734 8.193
147 5 2 35.678 8.859 33.646 8.179
148 5 2 35.590 8.845 33.557 8.165
149 5 2 35.487 8.846 33.454 8.166
150 5 2 35.398 8.847 33.365 8.167
151 5 2 35.295 8.833 33.262 8.153
152 5 2 35.206 8.819 33.173 8.139
153 5 2 35.103 8.820 33.070 8.140
154 5 2 35.015 8.821 32.981 8.141
155 5 2 34.912 8.808 32.878 8.127
156 5 2 34.808 8.794 32.774 8.113
157 5 2 34.720 8.795 32.686 8.114
158 5 2 34.617 8.796 32.582 8.115
159 5 2 34.513 8.782 32.479 8.101
160 5 2 34.410 8.768 32.375 8.088
161 5 2 34.307 8.784 32.272 8.103
162 5 2 34.204 8.770 32.168 8.090
163 5 2 34.100 8.786 32.065 8.105
164 5 2 33.997 8.772 31.962 8.091
165 5 2 33.894 8.788 31.858 8.107
166 5 2 33.791 8.789 31.755 8.108
167 5 2 33.687 8.790 31.651 8.109
168 5 2 33.584 8.806 31.548 8.125
169 5 2 33.466 8.836 31.430 8.155
170 5 2 33.363 8.852 31.326 8.171
171 5 2 33.260 8.868 31.223 8.187
172 5 2 33.157 8.898 31.120 8.217
173 5 2 33.054 8.943 31.016 8.262
174 5 2 32.950 8.959 30.913 8.278
175 5 2 32.847 8.990 30.809 8.308
176 5 2 32.729 9.005 30.691 8.324
177 5 2 32.611 9.021 30.573 8.340
178 5 2 32.508 9.067 30.469 8.385
179 5 2 32.405 9.097 30.366 8.416
180 5 2 32.301 9.128 30.262 8.446
181 5 2 32.198 9.158 30.159 8.477
182 5 2 32.095 9.189 30.055 8.507
183 5 2 31.992 9.234 29.952 8.553
184 5 2 31.888 9.279 29.849 8.598
185 5 2 31.770 9.310 29.730 8.628
186 5 2 31.667 9.340 29.627 8.659
187 5 2 31.564 9.386 29.523 8.704
188 5 2 31.475 9.431 29.434 8.749
189 5 2 31.372 9.476 29.331 8.795
190 5 2 31.268 9.521 29.227 8.840
191 5 2 31.150 9.552 29.109 8.871
192 5 2 31.047 9.597 29.005 8.916
193 5 2 30.944 9.643 28.902 8.961
194 5 2 30.825 9.674 28.783 8.992
195 5 2 30.707 9.689 28.665 9.008
196 5 2 30.603 9.735 28.561 9.053
197 5 2 30.485 9.751 28.442 9.069
198 5 2 30.382 9.781 28.338 9.100
199 5 2 30.263 9.812 28.220 9.130
200 5 2 30.145 9.828 28.101 9.146
201 5 2 30.041 9.844 27.997 9.162
202 5 2 29.923 9.860 27.879 9.178
203 5 2 29.804 9.876 27.760 9.194
204 5 2 29.685 9.892 27.641 9.210
205 5 2 29.582 9.908 27.537 9.226
206 5 2 29.463 9.924 27.418 9.242
207 5 2 29.345 9.925 27.299 9.243
208 5 2 29.226 9.926 27.180 9.244
209 5 2 29.107 9.927 27.062 9.245
210 5 2 28.988 9.929 26.943 9.246
211 5 2 28.885 9.930 26.839 9.247
212 5 2 28.766 9.931 26.720 9.249
213 5 2 28.647 9.932 26.601 9.250
214 5 2 28.528 9.933 26.482 9.251
215 5 2 28.409 9.920 26.363 9.237
216 5 2 28.291 9.921 26.244 9.238
217 5 2 28.187 9.922 26.139 9.240
218 5 2 28.068 9.908 26.020 9.226
219 5 2 27.949 9.895 25.901 9.212
220 5 2 27.830 9.896 25.782 9.213
221 5 2 27.726 9.882 25.678 9.200
222 5 2 27.607 9.854 25.559 9.171
223 5 2 27.488 9.840 25.439 9.158
224 5 2 27.369 9.827 25.320 9.144
225 5 2 27.265 9.798 25.216 9.115
226 5 2 27.146 9.784 25.097 9.102
227 5 2 27.027 9.771 24.977 9.088
228 5 2 26.922 9.742 24.873 9.059
229 5 2 26.803 9.714 24.754 9.031
230 5 2 26.684 9.700 24.635 9.017
231 5 2 26.580 9.687 24.530 9.004
232 5 2 26.461 9.643 24.411 8.960
233 5 2 26.342 9.630 24.292 8.947
234 5 2 26.238 9.601 24.187 8.918
235 5 2 26.118 9.573 24.068 8.889
236 5 2 26.014 9.544 23.963 8.861
237 5 2 25.895 9.516 23.844 8.832
238 5 2 25.791 9.487 23.739 8.804
239 5 2 25.671 9.444 23.620 8.760
240 5 2 25.552 9.430 23.501 8.747
241 5 2 25.448 9.387 23.396 8.703
242 5 2 25.329 9.373 23.277 8.690
243 5 2 25.224 9.330 23.172 8.646
244 5 2 25.105 9.316 23.053 8.633
245 5 2 25.000 9.273 22.948 8.589
246 5 2 24.881 9.259 22.829 8.575
247 5 2 24.777 9.216 22.724 8.532
248 5 2 24.657 9.187 22.604 8.503
249 5 2 24.553 9.159 22.500 8.475
250 5 2 24.434 9.130 22.380 8.446
251 5 2 24.329 9.102 22.276 8.418
252 5 2 24.210 9.073 22.156 8.389
253 5 2 24.105 9.045 22.052 8.360
254 5 2 23.986 9.016 21.932 8.332
255 5 2 23.882 8.988 21.827 8.303
256 5 2 23.762 8.959 21.708 8.275
257 5 2 23.658 8.930 21.603 8.246
258 5 2 23.538 8.902 21.483 8.217
259 5 2 23.434 8.859 21.379 8.174
260 5 2 23.314 8.815 21.259 8.131
261 5 2 23.210 8.801 21.154 8.117
262 5 2 23.090 8.758 21.035 8.073
263 5 2 22.986 8.729 20.930 8.045
264 5 2 22.866 8.701 20.810 8.016
265 5 2 22.747 8.672 20.691 7.988
266 5 2 22.642 8.644 20.586 7.959
267 5 2 22.523 8.615 20.466 7.930
268 5 2 22.403 8.587 20.346 7.902
269 5 2 22.298 8.558 20.242 7.873
270 5 2 22.179 8.530 20.122 7.845
271 5 2 22.074 8.501 20.017 7.816
272 5 2 21.955 8.472 19.897 7.787
273 5 2 21.850 8.429 19.793 7.744
274 5 2 21.730 8.400 19.673 7.715
275 5 2 21.611 8.372 19.553 7.687
276 5 2 21.506 8.343 19.448 7.658
277 5 2 21.386 8.315 19.328 7.629
278 5 2 21.282 8.286 19.223 7.600
279 5 2 21.162 8.272 19.104 7.587
280 5 2 21.042 8.244 18.984 7.558
281 5 2 20.938 8.215 18.879 7.529
282 5 2 20.818 8.187 18.759 7.501
283 5 2 20.713 8.158 18.654 7.472
284 5 2 20.594 8.129 18.534 7.443
285 5 2 20.474 8.101 18.414 7.415
286 5 2 20.369 8.072 18.309 7.386
287 5 2 20.249 8.044 18.189 7.357
288 5 2 20.130 8.015 18.069 7.329
289 5 2 20.010 7.986 17.949 7.300
290 5 2 19.905 7.943 17.844 7.257
291 5 2 19.785 7.899 17.725 7.213
292 5 2 19.680 7.871 17.620 7.184
293 5 2 19.561 7.827 17.500 7.141
294 5 2 19.456 7.784 17.395 7.097
295 5 2 19.328 7.755 17.267 7.069
296 5 2 19.231 7.726 17.169 7.040
297 5 2 19.111 7.698 17.049 7.011
298 5 2 19.006 7.654 16.944 6.968
299 5 2 18.886 7.522 16.824 7.021
300 5 2 18.819 7.493 16.757 6.992
301 5 2 18.766 7.456 16.712 6.955
302 5 2 18.699 7.435 16.652 6.933
303 5 2 18.639 7.398 16.599 6.896
304 5 2 18.579 7.354 16.547 6.852
305 5 2 18.519 7.251 16.494 6.882
306 5 2 18.452 7.192 16.434 6.905
307 5 2 18.392 7.148 16.381 6.861
308 5 2 18.324 7.104 16.321 6.817
309 5 2 18.272 7.060 16.276 6.773
310 5 2 18.204 7.031 16.216 6.744
311 5 2 18.152 6.980 16.171 6.744
312 5 2 18.092 6.965 16.119 6.730
313 5 2 18.039 6.936 16.074 6.701
314 5 2 17.979 6.937 16.021 6.701
316 5 2 18.369 6.963 16.419 6.727
317 5 2 18.317 6.941 16.374 6.705
318 5 2 18.264 6.905 16.329 6.669
320 5 2 18.497 6.895 16.569 6.704
321 5 2 18.467 6.888 16.547 6.697
323 5 2 18.594 6.909 16.682 6.718
324 5 2 18.586 6.917 16.682 6.725
325 5 2 18.586 6.909 16.689 6.718
326 5 2 18.579 6.902 16.689 6.710
327 5 2 18.579 6.894 16.697 6.703
328 5 2 18.571 6.902 16.697 6.710
329 5 2 18.571 6.895 16.704 6.703
330 5 2 18.571 6.902 16.712 6.710
331 5 2 18.571 6.895 16.719 6.703
332 5 2 18.564 6.902 16.719 6.710
333 5 2 18.564 6.909 16.727 6.717
334 5 2 18.556 6.917 16.727 6.725
335 5 2 18.556 6.909 16.734 6.717
336 5 2 18.549 6.917 16.734 6.725
337 5 2 18.549 6.910 16.742 6.717
338 5 2 18.542 6.917 16.742 6.725
339 5 2 18.542 6.910 16.749 6.717
340 5 2 18.534 6.917 16.749 6.725
341 5 2 18.534 6.910 16.757 6.717
342 5 2 18.527 6.917 16.757 6.724
343 5 2 18.527 6.925 16.764 6.732
344 5 2 18.519 6.932 16.764 6.739
345 5 2 18.519 6.925 16.764 6.732
346 5 2 18.519 6.932 16.772 6.739
347 5 2 18.519 6.925 16.772 6.732
348 5 2 18.512 6.932 16.764 6.739
349 5 2 18.504 6.925 16.764 6.732
350 5 2 18.512 6.932 16.772 6.739
351 5 2 18.512 6.939 16.772 6.747
352 5 2 18.497 6.947 16.764 6.754
354 5 2 18.519 6.939 16.787 6.746
355 5 2 18.504 6.932 16.772 6.739
356 5 2 18.422 6.925 16.697 6.732
357 5 2 18.377 6.918 16.659 6.725
358 5 2 18.324 6.897 16.614 6.703
359 5 2 18.279 6.875 16.577 6.681
360 5 2 18.234 6.816 16.539 6.667
361 5 2 18.189 6.772 16.502 6.660
362 5 2 18.152 6.735 16.472 6.660
363 5 2 18.129 6.713 16.457 6.668
365 5 2 18.302 6.704 16.637 6.674
366 5 2 18.384 6.689 16.719 6.673
367 5 2 18.429 6.681 16.764 6.672
368 5 2 18.452 6.673 16.787 6.665
369 5 2 18.459 6.666 16.794 6.657
370 5 2 18.467 6.658 16.802 6.650
371 5 2 18.467 6.651 16.802 6.643
372 5 2 18.467 6.643 16.802 6.635
373 5 2 18.467 6.636 16.802 6.628
374 5 2 18.467 6.629 16.802 6.620
375 5 2 18.467 6.621 16.802 6.613
376 5 2 18.467 6.614 16.802 6.605
377 5 2 18.467 6.606 16.802 6.598
378 5 2 18.467 6.599 16.802 6.591
379 5 2 18.467 6.592 16.802 6.583
380 5 2 18.467 6.584 16.802 6.576
381 5 2 18.467 6.577 16.802 6.568
382 5 2 18.467 6.569 16.802 6.561
383 5 2 18.467 6.562 16.802 6.554
384 5 2 18.467 6.554 16.802 6.546
385 5 2 18.467 6.547 16.802 6.539
386 5 2 18.466 6.540 16.802 6.531
387 5 2 18.466 6.532 16.802 6.524
388 5 2 18.466 6.525 16.802 6.516
389 5 2 18.466 6.517 16.802 6.509
390 5 2 18.466 6.510 16.802 6.502
391 5 2 18.466 6.503 16.802 6.494
392 5 2 18.466 6.495 16.802 6.487
393 5 2 18.466 6.488 16.802 6.479
394 5 2 18.466 6.480 16.802 6.472
395 5 2 18.466 6.473 16.802 6.465
396 5 2 18.466 6.466 16.802 6.457
397 5 2 18.466 6.458 16.802 6.450
398 5 2 18.466 6.451 16.802 6.442
399 5 2 18.466 6.443 16.802 6.435
400 5 2 18.466 6.436 16.802 6.427
401 5 2 18.466 6.429 16.802 6.420
402 5 2 18.466 6.421 16.802 6.413
403 5 2 18.466 6.414 16.802 6.405
404 5 2 18.466 6.406 16.802 6.398
405 5 2 18.466 6.399 16.802 6.390
406 5 2 18.466 6.391 16.802 6.383
407 5 2 18.466 6.384 16.802 6.376
408 5 2 18.466 6.377 16.802 6.368
409 5 2 18.466 6.369 16.802 6.361
410 5 2 18.466 6.362 16.802 6.353
411 5 2 18.466 6.354 16.802 6.346
412 5 2 18.466 6.347 16.802 6.338
413 5 2 18.466 6.340 16.802 6.331
414 5 2 18.466 6.332 16.802 6.324
415 5 2 18.466 6.325 16.802 6.316
416 5 2 18.466 6.317 16.802 6.309
417 5 2 18.466 6.310 16.802 6.301
418 5 2 18.466 6.303 16.802 6.294
419 5 2 18.466 6.295 16.802 6.287
420 5 2 18.466 6.288 16.802 6.279
421 5 2 18.466 6.280 16.802 6.272
422 5 2 18.466 6.273 16.802 6.264
423 5 2 18.466 6.266 16.802 6.257
424 5 2 18.466 6.258 16.802 6.249
425 5 2 18.466 6.251 16.802 6.242
426 5 2 18.466 6.243 16.802 6.235
427 5 2 18.466 6.236 16.802 6.227
428 5 2 18.466 6.229 16.802 6.220
429 5 2 18.466 6.221 16.802 6.212
430 5 2 18.466 6.214 16.802 6.205
431 5 2 18.466 6.206 16.802 6.198
432 5 2 18.466 6.199 16.802 6.190
433 5 2 18.466 6.191 16.802 6.183
434 5 2 18.466 6.184 16.802 6.175
435 5 2 18.466 6.177 16.802 6.168
436 5 2 18.466 6.169 16.802 6.161
437 5 2 18.466 6.162 16.802 6.153
438 5 2 18.466 6.154 16.802 6.146
439 5 2 18.466 6.147 16.802 6.138
440 5 2 18.466 6.140 16.802 6.131
441 5 2 18.466 6.132 16.802 6.123
442 5 2 18.466 6.125 16.802 6.116
443 5 2 18.466 6.117 16.802 6.109
444 5 2 18.466 6.110 16.802 6.101
445 5 2 18.466 6.103 16.802 6.094
446 5 2 18.466 6.095 16.802 6.086
447 5 2 18.466 6.088 16.802 6.079
448 5 2 18.466 6.080 16.802 6.072
449 5 2 18.466 6.073 16.802 6.064
450 5 2 18.466 6.066 16.802 6.057
451 5 2 18.466 6.058 16.802 6.049
452 5 2 18.466 6.051 16.802 6.042
453 5 2 18.466 6.043 16.802 6.034
454 5 2 18.466 6.036 16.802 6.027
455 5 2 18.466 6.029 16.802 6.020
456 5 2 18.466 6.021 16.802 6.012
457 5 2 18.466 6.014 16.802 6.005
458 5 2 18.466 6.006 16.802 5.997
459 5 2 18.466 5.999 16.802 5.990
460 5 2 18.466 5.992 16.802 5.983
461 5 2 18.466 5.984 16.802 5.975
462 5 2 18.466 5.977 16.802 5.968
463 5 2 18.466 5.969 16.802 5.960
464 5 2 18.466 5.962 16.802 5.953
465 5 2 18.466 5.954 16.802 5.946
466 5 2 18.466 5.947 16.802 5.938
467 5 2 18.466 5.940 16.802 5.931
468 5 2 18.466 5.932 16.802 5.923
469 5 2 18.466 5.925 16.802 5.916
470 5 2 18.466 5.917 16.802 5.908
471 5 2 18.466 5.910 16.802 5.901
472 5 2 18.466 5.903 16.802 5.894
473 5 2 18.466 5.895 16.802 5.886
47 6 1 32.279 3.773 31.912 2.954
48 6 1 32.294 3.795 31.912 2.940
49 6 1 32.272 3.847 31.890 2.991
50 6 1 32.265 3.891 31.883 3.035
51 6 1 32.250 3.935 31.868 3.079
52 6 1 32.435 4.036 31.735 2.919
53 6 1 32.413 4.029 31.757 2.948
54 6 1 32.399 4.066 31.742 2.985
55 6 1 32.414 4.095 31.757 3.014
56 6 1 32.384 4.139 31.728 3.058
57 6 1 32.392 4.176 31.736 3.095
58 6 1 32.414 4.205 31.758 3.124
59 6 1 32.378 4.235 31.721 3.153
60 6 1 32.356 4.286 31.700 3.205
61 6 1 32.327 4.316 31.670 3.234
62 6 1 32.327 4.360 31.671 3.278
63 6 1 32.320 4.397 31.664 3.315
64 6 1 32.313 4.433 31.656 3.352
65 6 1 32.306 4.455 31.649 3.374
66 6 1 32.299 4.507 31.642 3.425
67 6 1 32.291 4.544 31.635 3.462
68 6 1 32.270 4.595 31.613 3.514
69 6 1 32.263 4.632 31.606 3.550
70 6 1 32.241 4.683 31.584 3.602
71 6 1 32.234 4.735 31.577 3.653
72 6 1 32.212 4.786 31.556 3.705
73 6 1 32.205 4.823 31.548 3.741
74 6 1 32.198 4.860 31.541 3.778
75 6 1 32.191 4.897 31.534 3.815
76 6 1 32.184 4.934 31.527 3.852
77 6 1 32.176 4.970 31.520 3.888
78 6 1 32.155 5.007 31.498 3.925
79 6 1 32.147 5.029 31.491 3.947
80 6 1 32.140 5.066 31.484 3.984
81 6 1 32.133 5.103 31.476 4.021
82 6 1 32.126 5.154 31.469 4.072
83 6 1 32.119 5.191 31.462 4.109
84 6 1 32.112 5.243 31.455 4.160
85 6 1 32.105 5.279 31.448 4.197
86 6 1 32.098 5.331 31.441 4.249
87 6 1 32.091 5.382 31.434 4.300
88 6 1 32.084 5.434 31.427 4.352
89 6 1 32.077 5.471 31.420 4.388
90 6 1 32.070 5.522 31.413 4.440
91 6 1 32.077 5.559 31.420 4.477
92 6 1 32.055 5.596 31.399 4.513
93 6 1 32.063 5.633 31.406 4.550
94 6 1 32.041 5.669 31.384 4.587
95 6 1 32.034 5.706 31.377 4.624
96 6 1 32.012 5.743 31.355 4.661
97 6 1 32.005 5.780 31.348 4.697
98 6 1 31.983 5.817 31.326 4.734
99 6 1 31.976 5.854 31.319 4.771
100 6 1 31.954 5.891 31.297 4.808
101 6 1 31.947 5.928 31.290 4.845
102 6 1 31.925 5.964 31.268 4.882
103 6 1 31.918 6.001 31.261 4.918
104 6 1 31.896 6.053 31.239 4.970
105 6 1 31.889 6.090 31.232 5.007
106 6 1 31.867 6.127 31.210 5.044
107 6 1 31.860 6.164 31.203 5.081
108 6 1 31.838 6.215 31.181 5.132
109 6 1 31.831 6.237 31.174 5.154
110 6 1 31.809 6.289 31.152 5.206
111 6 1 31.802 6.326 31.145 5.243
112 6 1 31.795 6.363 31.138 5.280
113 6 1 31.787 6.385 31.130 5.302
114 6 1 31.766 6.422 31.108 5.339
115 6 1 31.758 6.459 31.101 5.375
116 6 1 31.751 6.495 31.094 5.412
117 6 1 31.744 6.518 31.087 5.434
118 6 1 31.737 6.554 31.080 5.471
119 6 1 31.730 6.591 31.073 5.508
120 6 1 31.723 6.628 31.065 5.545
121 6 1 31.715 6.650 31.058 5.567
122 6 1 31.708 6.702 31.051 5.618
123 6 1 31.701 6.724 31.044 5.641
124 6 1 31.694 6.776 31.037 5.692
125 6 1 31.687 6.812 31.030 5.729
126 6 1 31.680 6.864 31.023 5.780
127 6 1 31.673 6.886 31.015 5.803
128 6 1 31.666 6.938 31.008 5.854
129 6 1 31.673 6.960 31.016 5.876
130 6 1 31.666 6.997 31.009 5.913
131 6 1 31.659 7.019 31.001 5.935
132 6 1 31.652 7.056 30.994 5.972
133 6 1 31.644 7.078 30.987 5.994
134 6 1 31.637 7.115 30.980 6.031
135 6 1 31.630 7.137 30.973 6.053
136 6 1 31.623 7.174 30.965 6.090
137 6 1 31.616 7.196 30.958 6.112
138 6 1 31.594 7.233 30.936 6.149
139 6 1 31.586 7.255 30.929 6.171
140 6 1 31.579 7.292 30.922 6.208
141 6 1 31.572 7.329 30.915 6.245
142 6 1 31.550 7.366 30.893 6.282
143 6 1 31.543 7.388 30.886 6.304
144 6 1 31.536 7.425 30.878 6.341
145 6 1 31.529 7.462 30.871 6.378
146 6 1 31.522 7.499 30.864 6.415
147 6 1 31.514 7.521 30.857 6.437
148 6 1 31.492 7.558 30.835 6.474
149 6 1 31.485 7.595 30.828 6.511
150 6 1 31.478 7.632 30.821 6.547
151 6 1 31.486 7.654 30.828 6.569
152 6 1 31.464 7.691 30.806 6.606
153 6 1 31.471 7.713 30.814 6.628
154 6 1 31.464 7.750 30.806 6.665
155 6 1 31.457 7.757 30.799 6.673
156 6 1 31.450 7.794 30.792 6.710
157 6 1 31.457 7.801 30.799 6.717
158 6 1 31.450 7.823 30.792 6.739
159 6 1 31.457 7.845 30.800 6.761
160 6 1 31.450 7.882 30.793 6.798
161 6 1 31.443 7.905 30.785 6.820
162 6 1 31.443 7.868 30.713 7.093
163 6 1 31.443 7.964 30.698 7.093
164 6 1 31.436 7.978 30.684 7.160
165 6 1 31.392 8.067 30.728 7.056
166 6 1 31.378 8.089 30.713 7.079
167 6 1 31.393 8.126 30.728 7.115
168 6 1 31.378 8.134 30.713 7.123
169 6 1 31.393 8.170 30.728 7.159
170 6 1 31.378 8.193 30.714 7.182
171 6 1 31.378 8.229 30.714 7.218
172 6 1 31.379 8.252 30.714 7.241
173 6 1 31.364 8.289 30.699 7.278
174 6 1 31.349 8.311 30.685 7.300
175 6 1 31.350 8.348 30.685 7.337
176 6 1 31.350 8.355 30.685 7.344
177 6 1 31.335 8.392 30.670 7.381
178 6 1 31.306 8.400 30.641 7.389
179 6 1 31.291 8.422 30.626 7.411
180 6 1 31.291 8.444 30.626 7.433
181 6 1 31.276 8.452 30.612 7.440
183 6 1 31.269 8.444 30.604 7.433
184 6 1 31.254 8.452 30.589 7.441
185 6 1 31.203 8.526 30.420 7.619
186 6 1 31.151 8.563 30.472 7.567
187 6 1 31.137 8.586 30.457 7.589
188 6 1 31.137 8.608 30.457 7.611
189 6 1 31.122 8.630 30.443 7.634
190 6 1 31.093 8.667 30.413 7.671
191 6 1 31.063 8.704 30.384 7.708
192 6 1 31.034 8.756 30.355 7.760
193 6 1 30.998 8.808 30.318 7.812
194 6 1 30.976 8.860 30.296 7.863
195 6 1 30.946 8.897 30.267 7.901
196 6 1 30.924 8.949 30.245 7.952
197 6 1 30.902 8.972 30.223 7.975
198 6 1 30.903 9.023 30.223 8.026
199 6 1 30.895 9.060 30.216 8.063
200 6 1 30.859 9.097 30.179 8.100
201 6 1 30.844 9.120 30.164 8.123
202 6 1 30.808 9.275 30.054 8.316
203 6 1 30.771 9.283 30.084 8.293
204 6 1 30.764 9.312 30.077 8.323
205 6 1 30.757 9.342 30.069 8.352
206 6 1 30.735 9.386 30.047 8.397
207 6 1 30.728 9.431 30.040 8.441
208 6 1 30.706 9.475 30.018 8.486
209 6 1 30.713 9.520 30.026 8.530
210 6 1 30.691 9.564 30.004 8.574
211 6 1 30.684 9.608 29.997 8.619
212 6 1 30.662 9.668 29.975 8.678
213 6 1 30.655 9.712 29.968 8.722
214 6 1 30.633 9.742 29.946 8.752
215 6 1 30.626 9.772 29.938 8.782
216 6 1 30.619 9.801 29.931 8.811
217 6 1 30.597 9.846 29.909 8.856
218 6 1 30.575 9.890 29.887 8.900
219 6 1 30.553 9.935 29.865 8.945
220 6 1 30.531 9.979 29.843 8.989
221 6 1 30.524 10.009 29.836 9.019
222 6 1 30.502 10.053 29.814 9.063
223 6 1 30.480 10.083 29.792 9.093
224 6 1 30.458 10.128 29.770 9.138
225 6 1 30.451 10.172 29.763 9.182
226 6 1 30.429 10.217 29.741 9.226
227 6 1 30.407 10.261 29.719 9.271
228 6 1 30.385 10.306 29.697 9.315
229 6 1 30.378 10.365 29.690 9.375
230 6 1 30.356 10.410 29.668 9.419
231 6 1 30.349 10.454 29.661 9.464
232 6 1 30.326 10.484 29.639 9.493
233 6 1 30.304 10.514 29.617 9.523
234 6 1 30.282 10.544 29.595 9.553
235 6 1 30.260 10.588 29.573 9.597
236 6 1 30.238 10.633 29.551 9.642
237 6 1 30.216 10.663 29.529 9.672
238 6 1 30.194 10.707 29.507 9.716
239 6 1 30.172 10.737 29.484 9.746
240 6 1 30.136 10.782 29.448 9.791
241 6 1 30.114 10.826 29.426 9.835
242 6 1 30.091 10.856 29.404 9.865
243 6 1 30.069 10.901 29.382 9.910
244 6 1 30.033 10.946 29.345 9.954
245 6 1 30.026 11.005 29.338 10.014
246 6 1 29.989 11.064 29.301 10.073
247 6 1 29.982 11.124 29.294 10.132
248 6 1 29.960 11.183 29.272 10.192
249 6 1 29.953 11.227 29.265 10.236
250 6 1 29.931 11.272 29.243 10.281
251 6 1 29.900 11.110 29.110 10.482
252 6 1 29.849 11.280 29.161 10.304
253 6 1 29.827 11.325 29.139 10.348
254 6 1 29.820 11.370 29.132 10.393
255 6 1 29.798 11.414 29.110 10.438
256 6 1 29.791 11.459 29.103 10.482
257 6 1 29.769 11.503 29.081 10.527
258 6 1 29.762 11.548 29.074 10.571
259 6 1 29.740 11.592 29.051 10.616
260 6 1 29.733 11.637 29.044 10.660
261 6 1 29.711 11.696 29.022 10.720
262 6 1 29.704 11.756 29.015 10.779
263 6 1 29.682 11.800 28.993 10.823
264 6 1 29.674 11.845 28.986 10.868
265 6 1 29.660 11.875 28.994 10.897
266 6 1 29.667 11.875 28.986 10.898
267 6 1 29.623 11.957 28.980 11.053
268 6 1 29.638 11.986 28.965 11.016
269 6 1 29.631 12.038 28.957 11.068
270 6 1 29.638 12.045 28.965 11.075
271 6 1 29.631 12.082 28.958 11.112
272 6 1 29.624 12.134 28.951 11.164
273 6 1 29.602 12.201 28.929 11.231
274 6 1 29.595 12.223 28.921 11.253
275 6 1 29.588 12.246 28.914 11.276
276 6 1 29.580 12.268 28.907 11.298
277 6 1 29.573 12.290 28.899 11.320
278 6 1 29.580 12.298 28.907 11.328
279 6 1 29.573 12.335 28.900 11.365
280 6 1 29.566 12.372 28.892 11.402
281 6 1 29.544 12.439 28.870 11.469
282 6 1 29.537 12.506 28.863 11.535
283 6 1 29.515 12.587 28.842 11.617
285 6 1 29.508 12.580 28.834 11.610
286 6 1 29.501 12.617 28.827 11.647
287 6 1 29.508 12.639 28.834 11.669
288 6 1 29.516 12.662 28.842 11.691
289 6 1 29.538 12.669 28.864 11.698
290 6 1 29.531 12.676 28.857 11.706
291 6 1 29.523 12.684 28.849 11.713
292 6 1 29.501 12.677 28.827 11.706
293 6 1 29.600 13.090 28.859 12.047
294 6 1 29.563 13.239 28.860 12.365
295 6 1 29.549 13.276 28.875 12.313
296 6 1 29.542 13.306 28.868 12.343
297 6 1 29.534 13.351 28.860 12.387
298 6 1 29.542 13.395 28.868 12.432
299 6 1 29.535 13.440 28.861 12.476
300 6 1 29.550 13.506 28.884 12.550
302 6 1 29.543 13.499 28.876 12.543
303 6 1 29.543 13.536 28.876 12.580
304 6 1 29.558 13.573 28.891 12.617
305 6 1 29.543 13.595 28.877 12.639
306 6 1 29.543 13.647 28.877 12.691
307 6 1 29.529 13.685 28.862 12.728
308 6 1 29.514 13.722 28.848 12.766
309 6 1 29.514 13.759 28.848 12.803
310 6 1 29.514 13.781 28.848 12.825
311 6 1 29.515 13.803 28.848 12.847
312 6 1 29.515 13.826 28.848 12.870
313 6 1 29.515 13.833 28.848 12.877
314 6 1 29.515 13.841 28.848 12.884
315 6 1 29.673 14.284 28.932 13.232
316 6 1 29.628 14.225 28.962 13.269
317 6 1 29.629 14.262 28.962 13.306
318 6 1 29.629 14.299 28.962 13.343
319 6 1 29.629 14.322 28.962 13.365
320 6 1 29.644 14.329 28.977 13.372
321 6 1 29.629 14.292 28.962 13.335
322 6 1 29.614 14.285 28.947 13.328
323 6 1 29.675 14.640 28.897 13.663
324 6 1 29.661 14.789 28.935 13.848
325 6 1 29.632 14.789 28.965 13.840
326 6 1 29.632 14.819 28.965 13.870
327 6 1 29.632 14.863 28.965 13.914
328 6 1 29.632 14.908 28.965 13.959
329 6 1 29.633 14.967 28.966 14.018
330 6 1 29.633 15.027 28.966 14.077
331 6 1 29.633 15.086 28.966 14.137
332 6 1 29.634 15.146 28.967 14.196
333 6 1 29.634 15.205 28.967 14.256
334 6 1 29.634 15.265 28.967 14.315
335 6 1 29.635 15.309 28.968 14.360
336 6 1 29.635 15.354 28.968 14.404
337 6 1 29.650 15.413 28.983 14.463
338 6 1 29.650 15.472 28.983 14.523
339 6 1 29.740 15.479 29.058 14.641
340 6 1 29.725 15.531 29.058 14.589
341 6 1 29.725 15.501 29.088 14.722
342 6 1 29.718 15.553 29.066 14.707
343 6 1 29.718 15.590 29.066 14.663
344 6 1 29.733 15.627 29.081 14.700
345 6 1 29.733 15.679 29.081 14.752
346 6 1 29.748 15.731 29.096 14.803
347 6 1 29.764 15.783 29.112 14.855
348 6 1 29.779 15.835 29.127 14.907
349 6 1 29.794 15.902 29.142 14.974
350 6 1 29.809 15.939 29.157 15.011
351 6 1 29.824 16.005 29.172 15.077
352 6 1 29.840 16.042 29.187 15.114
353 6 1 29.863 16.198 29.211 15.285
354 6 1 29.878 16.183 29.173 15.285
355 6 1 29.855 16.206 29.174 15.375
356 6 1 29.878 16.228 29.159 15.449
357 6 1 29.893 16.279 29.145 15.457
358 6 1 29.878 16.354 29.137 15.464
359 6 1 29.878 16.354 29.145 15.449
360 6 1 29.864 16.406 29.182 15.479
361 6 1 29.841 16.384 29.189 15.493
362 6 1 29.842 16.414 29.190 15.523
363 6 1 29.939 16.613 29.122 15.464
364 6 1 29.940 16.651 29.266 15.812
365 6 1 29.925 16.666 29.273 15.782
366 6 1 29.970 16.814 29.189 15.456
367 6 1 29.948 16.851 29.205 15.545
368 6 1 30.038 16.917 29.183 15.657
369 6 1 30.023 16.954 29.198 15.739
370 6 1 30.016 17.007 29.221 15.783
371 6 1 30.001 17.044 29.304 16.005
372 6 1 30.002 17.104 29.289 16.102
373 6 1 29.994 17.104 29.283 16.198
374 6 1 30.002 17.141 29.305 16.302
375 6 1 29.973 17.208 29.254 16.340
376 6 1 29.995 17.267 29.284 16.407
377 6 1 29.951 17.305 29.261 16.392
378 6 1 29.944 17.372 29.231 16.392
379 6 1 29.914 17.313 29.262 16.444
380 6 1 29.974 17.439 29.298 16.377
381 6 1 30.064 17.505 29.209 16.333
382 6 1 30.094 17.534 29.201 16.341
383 6 1 30.035 17.609 29.269 16.362
384 6 1 30.080 17.668 29.313 16.384
385 6 1 30.019 17.453 29.366 16.584
386 6 1 30.019 17.505 29.367 16.636
387 6 1 30.170 17.831 29.389 16.614
388 6 1 30.207 17.845 29.374 16.643
389 6 1 30.177 17.853 29.494 16.828
390 6 1 30.155 17.905 29.472 16.873
391 6 1 30.134 17.995 29.443 16.977
392 6 1 30.127 18.122 29.453 17.342
393 6 1 30.112 18.152 29.460 17.290
394 6 1 30.112 18.196 29.460 17.334
395 6 1 30.113 18.241 29.460 17.379
396 6 1 30.113 18.271 29.460 17.409
397 6 1 30.113 18.316 29.461 17.454
398 6 1 30.173 18.359 29.481 17.141
399 6 1 30.166 18.397 29.459 17.133
400 6 1 30.188 18.441 29.459 17.148
401 6 1 30.211 18.471 29.452 17.201
402 6 1 30.218 18.500 29.429 17.201
403 6 1 30.226 18.500 29.437 17.231
404 6 1 30.135 18.248 29.483 17.386
405 6 1 30.135 18.293 29.483 17.431
406 6 1 30.166 18.464 29.461 17.498
407 6 1 30.159 18.501 29.484 17.572
408 6 1 30.159 18.486 29.425 17.707
409 6 1 30.114 18.479 29.462 17.625
410 6 1 30.114 18.502 29.462 17.655
411 6 1 30.114 18.524 29.462 17.684
412 6 1 30.085 18.547 29.432 17.715
413 6 1 30.070 18.570 29.418 17.745
414 6 1 30.055 18.585 29.403 17.767
415 6 1 30.070 18.599 29.418 17.789
417 6 1 30.062 18.525 29.410 17.722
418 6 1 30.062 18.532 29.410 17.737
419 6 1 30.077 18.540 29.425 17.752
420 6 1 30.062 18.540 29.410 17.760
421 6 1 30.047 18.547 29.395 17.775
422 6 1 30.048 18.562 29.396 17.797
423 6 1 30.048 18.585 29.396 17.827
424 6 1 30.048 18.607 29.396 17.857
426 6 1 30.040 18.533 29.388 17.790
427 6 1 30.025 18.555 29.373 17.820
429 6 1 30.017 18.503 29.366 17.775
430 6 1 30.017 18.503 29.366 17.783
431 6 1 30.017 18.496 29.366 17.783
432 6 1 30.017 18.496 29.366 17.790
433 6 1 30.017 18.488 29.366 17.790
434 6 1 30.017 18.488 29.366 17.798
435 6 1 30.017 18.481 29.366 17.790
436 6 1 30.017 18.488 29.366 17.798
437 6 1 30.017 18.481 29.366 17.790
438 6 1 30.017 18.481 29.366 17.790
439 6 1 30.017 18.488 29.366 17.805
440 6 1 30.017 18.496 29.366 17.820
441 6 1 30.017 18.496 29.366 17.827
442 6 1 30.017 18.496 29.366 17.835
443 6 1 30.017 18.496 29.366 17.842
444 6 1 30.017 18.503 29.366 17.857
445 6 1 30.032 18.510 29.381 17.872
446 6 1 30.032 18.525 29.381 17.894
447 6 1 30.033 18.533 29.381 17.909
448 6 1 30.047 18.540 29.396 17.924
449 6 1 30.047 18.547 29.396 17.939
450 6 1 30.048 18.562 29.396 17.961
451 6 1 30.063 18.570 29.411 17.976
452 6 1 30.063 18.577 29.411 17.991
453 6 1 30.063 18.585 29.412 18.005
454 6 1 30.063 18.592 29.412 18.020
455 6 1 30.063 18.599 29.412 18.035
456 6 1 30.078 18.614 29.427 18.057
457 6 1 30.078 18.622 29.427 18.072
458 6 1 30.078 18.636 29.427 18.095
459 6 1 30.078 18.644 29.427 18.110
460 6 1 30.070 18.547 29.419 18.020
461 6 1 30.070 18.555 29.419 18.035
462 6 1 30.070 18.570 29.419 18.057
463 6 1 30.085 18.592 29.434 18.087
464 6 1 30.100 18.606 29.449 18.109
465 6 1 30.085 18.614 29.435 18.124
466 6 1 30.077 18.532 29.427 18.050
467 6 1 30.077 18.540 29.427 18.065
468 6 1 30.070 18.555 29.419 18.087
469 6 1 30.055 18.570 29.405 18.110
471 6 1 30.047 18.510 29.397 18.058
472 6 1 30.040 18.525 29.390 18.080
473 6 1 30.033 18.540 29.382 18.103
46 7 1 31.343 2.811 30.972 2.498
47 7 1 31.373 2.840 30.950 2.484
48 7 1 31.373 2.848 30.943 2.498
49 7 1 31.373 2.877 30.943 2.520
50 7 1 31.373 2.914 30.943 2.557
51 7 1 31.374 2.965 30.943 2.608
52 7 1 31.366 2.994 30.936 2.638
53 7 1 31.367 3.038 30.937 2.682
54 7 1 31.360 3.082 30.929 2.726
55 7 1 31.360 3.119 30.930 2.762
56 7 1 31.353 3.163 30.923 2.807
57 7 1 31.317 3.273 30.886 2.917
58 7 1 31.339 3.266 30.908 2.909
59 7 1 31.491 4.013 30.767 2.778
60 7 1 31.490 3.889 30.849 2.888
61 7 1 31.432 3.933 30.791 2.932
62 7 1 31.425 4.007 30.784 3.005
63 7 1 31.403 4.043 30.762 3.042
64 7 1 31.410 4.080 30.769 3.079
65 7 1 31.389 4.139 30.748 3.138
66 7 1 31.382 4.190 30.740 3.189
67 7 1 31.375 4.242 30.733 3.241
68 7 1 31.382 4.271 30.741 3.270
69 7 1 31.375 4.330 30.734 3.329
70 7 1 31.368 4.374 30.727 3.373
71 7 1 31.361 4.433 30.720 3.431
72 7 1 31.369 4.492 30.728 3.490
73 7 1 31.362 4.536 30.720 3.534
74 7 1 31.355 4.565 30.713 3.564
75 7 1 31.333 4.609 30.691 3.608
76 7 1 31.341 4.683 30.699 3.681
77 7 1 31.333 4.727 30.692 3.725
78 7 1 31.327 4.800 30.685 3.799
79 7 1 31.319 4.845 30.678 3.843
80 7 1 31.327 4.918 30.686 3.916
81 7 1 31.305 4.962 30.664 3.960
82 7 1 31.313 5.021 30.672 4.019
83 7 1 31.291 5.051 30.650 4.049
84 7 1 31.299 5.080 30.657 4.078
85 7 1 31.277 5.109 30.635 4.108
86 7 1 31.270 5.154 30.628 4.152
87 7 1 31.248 5.168 30.606 4.167
88 7 1 31.241 5.213 30.599 4.211
89 7 1 31.233 5.242 30.592 4.240
90 7 1 31.226 5.286 30.585 4.284
91 7 1 31.205 5.345 30.563 4.343
92 7 1 31.183 5.389 30.541 4.387
93 7 1 31.161 5.419 30.519 4.417
94 7 1 31.154 5.463 30.512 4.461
95 7 1 31.132 5.522 30.490 4.520
96 7 1 31.125 5.566 30.483 4.564
97 7 1 31.103 5.596 30.461 4.594
98 7 1 31.096 5.625 30.454 4.623
99 7 1 31.074 5.670 30.432 4.667
100 7 1 31.067 5.714 30.425 4.712
101 7 1 31.044 5.729 30.403 4.726
102 7 1 31.037 5.773 30.396 4.771
103 7 1 31.015 5.803 30.374 4.800
104 7 1 31.008 5.832 30.366 4.830
105 7 1 31.001 5.862 30.359 4.859
106 7 1 30.994 5.906 30.352 4.903
107 7 1 30.972 5.950 30.330 4.948
108 7 1 30.965 5.965 30.323 4.962
109 7 1 30.958 6.009 30.316 5.006
110 7 1 30.950 6.039 30.309 5.036
111 7 1 30.943 6.068 30.301 5.065
112 7 1 30.951 6.112 30.309 5.109
113 7 1 30.929 6.171 30.287 5.168
114 7 1 30.937 6.215 30.295 5.212
115 7 1 30.915 6.245 30.273 5.242
116 7 1 30.922 6.274 30.280 5.271
117 7 1 30.900 6.319 30.258 5.316
118 7 1 30.908 6.363 30.266 5.360
119 7 1 30.886 6.363 30.244 5.360
120 7 1 30.879 6.392 30.237 5.389
121 7 1 30.871 6.422 30.229 5.419
122 7 1 30.864 6.437 30.222 5.434
123 7 1 30.842 6.481 30.200 5.478
124 7 1 30.850 6.496 30.208 5.493
125 7 1 30.843 6.525 30.201 5.522
126 7 1 30.835 6.555 30.193 5.552
127 7 1 30.828 6.584 30.186 5.581
128 7 1 30.821 6.614 30.179 5.611
129 7 1 30.814 6.643 30.172 5.640
130 7 1 30.807 6.673 30.164 5.670
131 7 1 30.799 6.702 30.157 5.699
132 7 1 30.792 6.732 30.150 5.729
133 7 1 30.770 6.761 30.128 5.758
134 7 1 30.763 6.791 30.121 5.788
135 7 1 30.756 6.820 30.114 5.817
136 7 1 30.748 6.850 30.106 5.847
137 7 1 30.726 6.880 30.084 5.876
138 7 1 30.734 6.909 30.092 5.906
139 7 1 30.727 6.924 30.085 5.920
140 7 1 30.734 6.938 30.092 5.935
141 7 1 30.727 6.968 30.085 5.965
142 7 1 30.735 6.997 30.092 5.994
143 7 1 30.727 7.012 30.085 6.009
144 7 1 30.735 7.027 30.093 6.023
145 7 1 30.728 7.056 30.085 6.053
146 7 1 30.735 7.071 30.093 6.068
147 7 1 30.728 7.071 30.085 6.068
148 7 1 30.735 7.100 30.093 6.097
149 7 1 30.728 7.115 30.086 6.112
150 7 1 30.736 7.145 30.093 6.141
151 7 1 30.728 7.174 30.086 6.171
152 7 1 30.751 7.189 30.108 6.185
153 7 1 30.743 7.203 30.101 6.200
154 7 1 30.766 7.247 30.123 6.244
155 7 1 30.758 7.248 30.116 6.244
156 7 1 30.781 7.277 30.138 6.273
157 7 1 30.773 7.306 30.131 6.303
158 7 1 30.796 7.336 30.154 6.332
159 7 1 30.789 7.350 30.146 6.347
160 7 1 30.796 7.395 30.154 6.391
161 7 1 30.789 7.395 30.147 6.391
162 7 1 30.796 7.424 30.154 6.420
163 7 1 30.789 7.439 30.147 6.435
164 7 1 30.797 7.468 30.154 6.465
165 7 1 30.789 7.498 30.147 6.494
166 7 1 30.796 7.424 30.155 6.597
167 7 1 30.789 7.424 30.148 6.597
168 7 1 30.797 7.439 30.155 6.612
169 7 1 30.789 7.468 30.148 6.641
170 7 1 30.782 7.483 30.141 6.656
171 7 1 30.775 7.483 30.133 6.656
172 7 1 30.767 7.498 30.126 6.671
173 7 1 30.760 7.528 30.119 6.701
174 7 1 30.753 7.542 30.111 6.715
175 7 1 30.745 7.542 30.104 6.715
176 7 1 30.753 7.557 30.112 6.730
177 7 1 30.745 7.513 30.105 6.833
178 7 1 30.753 7.528 30.112 6.848
179 7 1 30.745 7.528 30.105 6.848
180 7 1 30.753 7.542 30.112 6.863
181 7 1 30.746 7.572 30.105 6.892
182 7 1 30.753 7.587 30.113 6.907
183 7 1 30.746 7.587 30.105 6.907
184 7 1 30.753 7.601 30.113 6.922
185 7 1 30.797 7.549 30.097 6.811
186 7 1 30.767 7.527 30.120 6.841
187 7 1 30.782 7.549 30.135 6.863
188 7 1 30.797 7.571 30.149 6.884
189 7 1 30.812 7.593 30.164 6.906
190 7 1 30.827 7.615 30.179 6.928
191 7 1 30.842 7.637 30.194 6.950
192 7 1 30.857 7.659 30.209 6.972
193 7 1 30.887 7.681 30.239 6.994
194 7 1 30.917 7.718 30.269 7.031
195 7 1 30.946 7.725 30.298 7.038
196 7 1 30.961 7.762 30.313 7.075
197 7 1 30.991 7.769 30.343 7.082
198 7 1 31.006 7.805 30.358 7.118
199 7 1 31.021 7.827 30.373 7.140
200 7 1 31.036 7.849 30.388 7.162
201 7 1 31.051 7.871 30.403 7.184
202 7 1 31.051 7.908 30.403 7.221
203 7 1 31.066 7.930 30.418 7.243
204 7 1 31.066 7.967 30.418 7.280
205 7 1 31.066 7.989 30.418 7.302
206 7 1 31.066 8.011 30.418 7.324
207 7 1 31.067 8.033 30.419 7.346
208 7 1 31.067 8.085 30.419 7.398
209 7 1 31.052 8.107 30.404 7.420
210 7 1 31.053 8.159 30.405 7.472
211 7 1 31.038 8.196 30.390 7.509
212 7 1 31.024 8.248 30.376 7.560
213 7 1 31.009 8.270 30.361 7.583
214 7 1 30.994 8.322 30.346 7.634
215 7 1 30.995 8.344 30.346 7.657
216 7 1 30.980 8.381 30.332 7.694
217 7 1 30.980 8.403 30.332 7.716
218 7 1 30.966 8.440 30.317 7.753
219 7 1 30.951 8.477 30.303 7.790
220 7 1 30.951 8.514 30.303 7.826
221 7 1 30.937 8.536 30.288 7.849
223 7 1 30.929 8.529 30.281 7.841
224 7 1 30.914 8.551 30.266 7.864
225 7 1 30.930 8.588 30.281 7.900
226 7 1 30.915 8.610 30.267 7.923
227 7 1 30.915 8.647 30.267 7.960
228 7 1 30.915 8.684 30.267 7.996
229 7 1 30.916 8.721 30.267 8.033
230 7 1 30.916 8.757 30.268 8.070
231 7 1 30.916 8.809 30.268 8.122
232 7 1 30.916 8.846 30.268 8.159
233 7 1 30.917 8.883 30.268 8.196
234 7 1 30.932 8.920 30.283 8.232
235 7 1 30.917 8.971 30.269 8.284
236 7 1 30.932 8.993 30.284 8.306
237 7 1 30.918 9.045 30.269 8.358
238 7 1 30.933 9.082 30.284 8.395
239 7 1 30.933 9.134 30.285 8.446
240 7 1 30.933 9.170 30.285 8.483
241 7 1 30.933 9.207 30.285 8.520
242 7 1 30.934 9.244 30.285 8.557
243 7 1 30.934 9.296 30.286 8.608
244 7 1 30.934 9.333 30.286 8.645
245 7 1 30.935 9.384 30.286 8.697
246 7 1 30.935 9.436 30.286 8.749
247 7 1 30.935 9.488 30.287 8.800
248 7 1 30.935 9.525 30.287 8.837
249 7 1 30.921 9.591 30.273 8.904
250 7 1 30.936 9.628 30.288 8.941
251 7 1 30.922 9.680 30.273 8.992
252 7 1 30.922 9.702 30.273 9.014
253 7 1 30.922 9.739 30.273 9.051
254 7 1 30.922 9.776 30.274 9.088
255 7 1 30.908 9.813 30.259 9.125
256 7 1 30.878 9.850 30.230 9.163
257 7 1 30.864 9.887 30.215 9.200
258 7 1 30.864 9.909 30.215 9.222
259 7 1 30.849 9.947 30.201 9.259
260 7 1 30.820 9.984 30.171 9.296
261 7 1 30.790 10.021 30.142 9.333
262 7 1 30.776 10.058 30.127 9.370
263 7 1 30.761 10.110 30.113 9.422
264 7 1 30.732 10.147 30.083 9.459
265 7 1 30.717 10.199 30.069 9.511
266 7 1 30.718 10.236 30.069 9.548
267 7 1 30.688 10.288 30.040 9.600
268 7 1 30.674 10.340 30.025 9.652
269 7 1 30.645 10.407 29.996 9.719
270 7 1 30.615 10.444 29.966 9.756
271 7 1 30.601 10.496 29.952 9.808
272 7 1 30.601 10.533 29.952 9.845
273 7 1 30.586 10.570 29.937 9.882
274 7 1 30.513 10.608 29.982 9.918
275 7 1 30.498 10.645 29.968 9.956
276 7 1 30.469 10.697 29.938 10.008
277 7 1 30.454 10.764 29.924 10.074
278 7 1 30.454 10.800 29.924 10.111
279 7 1 30.440 10.852 29.909 10.163
280 7 1 30.425 10.904 29.895 10.215
281 7 1 30.426 10.956 29.895 10.267
282 7 1 30.411 10.993 29.881 10.304
283 7 1 30.382 11.060 29.851 10.371
284 7 1 30.367 11.112 29.837 10.423
285 7 1 30.368 11.179 29.837 10.489
286 7 1 30.353 11.216 29.823 10.526
287 7 1 30.339 11.282 29.808 10.593
288 7 1 30.354 11.319 29.823 10.630
289 7 1 30.339 11.371 29.809 10.682
290 7 1 30.354 11.393 29.824 10.704
291 7 1 30.340 11.460 29.809 10.770
292 7 1 30.355 11.512 29.824 10.822
293 7 1 30.340 11.564 29.810 10.874
294 7 1 30.356 11.615 29.825 10.926
295 7 1 30.356 11.667 29.825 10.977
296 7 1 30.356 11.719 29.825 11.029
297 7 1 30.371 11.770 29.841 11.081
298 7 1 30.387 11.837 29.856 11.147
299 7 1 30.387 11.904 29.856 11.214
300 7 1 30.402 11.970 29.871 11.280
301 7 1 30.417 12.036 29.887 11.347
302 7 1 30.418 12.088 29.887 11.398
303 7 1 30.418 12.155 29.887 11.465
304 7 1 30.418 12.207 29.888 11.517
305 7 1 30.419 12.273 29.888 11.583
306 7 1 30.419 12.310 29.888 11.620
307 7 1 30.493 12.347 29.740 11.718
308 7 1 30.487 12.435 29.778 11.784
309 7 1 30.517 12.502 29.815 11.851
310 7 1 30.480 12.591 29.771 11.829
311 7 1 30.398 12.540 29.860 11.872
312 7 1 30.406 12.599 29.868 11.932
313 7 1 30.541 12.857 29.823 11.969
314 7 1 30.527 12.931 29.854 12.028
315 7 1 30.459 12.814 29.921 12.131
316 7 1 30.467 12.888 29.929 12.205
317 7 1 30.475 12.947 29.937 12.264
318 7 1 30.483 13.021 29.944 12.338
319 7 1 30.490 13.080 29.952 12.397
320 7 1 30.498 13.139 29.960 12.456
321 7 1 30.506 13.183 29.968 12.501
322 7 1 30.529 13.242 29.990 12.560
323 7 1 30.536 13.287 29.998 12.604
324 7 1 30.559 13.346 30.020 12.663
325 7 1 30.567 13.405 30.028 12.722
326 7 1 30.589 13.449 30.051 12.766
327 7 1 30.597 13.508 30.059 12.826
328 7 1 30.620 13.568 30.081 12.885
329 7 1 30.642 13.627 30.104 12.944
330 7 1 30.665 13.686 30.126 13.003
331 7 1 30.688 13.759 30.149 13.077
332 7 1 30.710 13.818 30.172 13.136
333 7 1 30.733 13.878 30.194 13.195
334 7 1 30.755 13.937 30.217 13.254
335 7 1 30.763 13.981 30.225 13.298
336 7 1 30.786 14.025 30.247 13.342
337 7 1 30.793 14.070 30.255 13.387
338 7 1 30.801 14.129 30.263 13.446
339 7 1 30.809 14.173 30.270 13.490
340 7 1 30.832 14.232 30.293 13.549
341 7 1 30.824 14.277 30.286 13.594
342 7 1 30.847 14.321 30.308 13.638
343 7 1 30.840 14.381 30.301 13.697
344 7 1 30.848 14.440 30.309 13.757
345 7 1 30.855 14.499 30.317 13.816
346 7 1 30.863 14.558 30.325 13.875
347 7 1 30.856 14.633 30.318 13.949
348 7 1 30.864 14.692 30.325 14.009
349 7 1 30.857 14.751 30.318 14.068
350 7 1 30.865 14.811 30.326 14.127
351 7 1 30.858 14.833 30.319 14.150
352 7 1 30.865 14.914 30.327 14.231
353 7 1 30.873 14.959 30.334 14.276
354 7 1 30.881 15.018 30.342 14.335
355 7 1 30.889 15.063 30.350 14.379
356 7 1 30.896 15.107 30.358 14.424
357 7 1 30.897 15.152 30.358 14.468
358 7 1 30.897 15.211 30.358 14.528
359 7 1 30.905 15.255 30.366 14.572
360 7 1 30.913 15.315 30.374 14.631
361 7 1 30.920 15.374 30.381 14.691
362 7 1 30.928 15.433 30.389 14.750
363 7 1 30.936 15.493 30.397 14.809
364 7 1 30.959 15.552 30.420 14.868
365 7 1 30.966 15.611 30.427 14.928
366 7 1 30.974 15.670 30.435 14.987
367 7 1 30.982 15.715 30.443 15.031
368 7 1 30.990 15.774 30.451 15.091
369 7 1 30.997 15.819 30.458 15.135
370 7 1 30.990 15.863 30.451 15.180
371 7 1 30.998 15.908 30.459 15.224
372 7 1 31.006 15.952 30.467 15.269
373 7 1 30.999 15.997 30.460 15.313
374 7 1 31.006 16.041 30.467 15.358
375 7 1 31.014 16.086 30.475 15.402
376 7 1 31.022 16.145 30.483 15.461
377 7 1 31.000 16.294 30.318 15.285
378 7 1 30.933 16.146 30.394 15.455
379 7 1 30.940 16.206 30.401 15.515
380 7 1 30.933 16.273 30.394 15.581
381 7 1 30.926 16.325 30.387 15.634
382 7 1 30.934 16.377 30.395 15.685
383 7 1 31.144 16.664 30.440 15.722
384 7 1 31.092 16.702 30.396 15.864
385 7 1 31.085 16.694 30.441 15.937
386 7 1 31.093 16.791 30.419 15.967
387 7 1 31.048 16.829 30.382 15.990
388 7 1 31.115 16.865 30.404 15.953
389 7 1 31.131 16.909 30.441 15.975
390 7 1 31.048 16.791 30.509 16.093
391 7 1 31.139 17.021 30.441 15.975
392 7 1 31.080 17.140 30.488 16.346
393 7 1 31.050 17.089 30.511 16.382
394 7 1 31.058 17.141 30.518 16.434
395 7 1 31.252 17.294 30.509 16.048
396 7 1 31.230 17.280 30.510 16.264
397 7 1 31.222 17.317 30.532 16.293
398 7 1 31.238 17.406 30.563 16.412
399 7 1 31.245 17.384 30.556 16.531
400 7 1 31.297 17.442 30.549 16.583
401 7 1 31.298 17.472 30.572 16.686
402 7 1 31.246 17.540 30.550 16.739
403 7 1 31.164 17.489 30.624 16.775
404 7 1 31.172 17.519 30.632 16.805
405 7 1 31.179 17.563 30.640 16.849
406 7 1 31.187 17.608 30.647 16.894
407 7 1 31.195 17.637 30.655 16.923
408 7 1 31.344 17.754 30.662 16.782
409 7 1 31.269 17.629 30.729 16.915
410 7 1 31.361 18.007 30.595 16.746
411 7 1 31.383 18.044 30.639 16.752
412 7 1 31.262 17.659 30.722 16.945
413 7 1 31.270 17.718 30.730 17.004
414 7 1 31.277 17.763 30.738 17.049
415 7 1 31.285 17.822 30.745 17.108
416 7 1 31.278 17.867 30.738 17.153
417 7 1 31.286 17.896 30.746 17.182
418 7 1 31.293 17.941 30.754 17.227
419 7 1 31.301 17.971 30.761 17.257
420 7 1 31.294 18.000 30.754 17.286
421 7 1 31.286 18.030 30.747 17.316
422 7 1 31.279 18.060 30.739 17.346
423 7 1 31.287 18.090 30.747 17.376
424 7 1 31.280 18.120 30.740 17.406
425 7 1 31.287 18.164 30.748 17.450
426 7 1 31.280 18.194 30.740 17.480
427 7 1 31.288 18.239 30.748 17.525
428 7 1 31.295 18.268 30.756 17.554
429 7 1 31.303 18.313 30.763 17.599
430 7 1 31.311 18.358 30.771 17.643
431 7 1 31.333 18.402 30.794 17.688
432 7 1 31.341 18.446 30.801 17.732
433 7 1 31.364 18.461 30.824 17.747
434 7 1 31.371 18.468 30.831 17.762
435 7 1 31.379 18.491 30.839 17.791
436 7 1 31.386 18.498 30.846 17.806
437 7 1 31.408 18.512 30.869 17.828
438 7 1 31.416 18.520 30.876 17.843
439 7 1 31.438 18.527 30.899 17.857
440 7 1 31.446 18.527 30.906 17.865
441 7 1 31.438 18.534 30.899 17.880
442 7 1 31.446 18.534 30.906 17.887
443 7 1 31.468 18.541 30.929 17.902
444 7 1 31.476 18.541 30.936 17.909
446 7 1 31.468 18.482 30.929 17.857
447 7 1 31.468 18.489 30.929 17.872
448 7 1 31.468 18.482 30.929 17.872
449 7 1 31.468 18.482 30.929 17.879
450 7 1 31.475 18.489 30.936 17.894
452 7 1 31.468 18.459 30.929 17.864
453 7 1 31.460 18.474 30.921 17.887
454 7 1 31.460 18.504 30.921 17.924
456 7 1 31.453 18.467 30.914 17.894
457 7 1 31.453 18.467 30.914 17.902
458 7 1 31.453 18.460 30.914 17.894
459 7 1 31.460 18.460 30.921 17.894
460 7 1 31.468 18.459 30.929 17.894
461 7 1 31.460 18.460 30.921 17.894
462 7 1 31.468 18.459 30.929 17.894
463 7 1 31.468 18.459 30.929 17.894
464 7 1 31.468 18.467 30.929 17.909
465 7 1 31.468 18.459 30.929 17.902
466 7 1 31.475 18.459 30.936 17.901
467 7 1 31.482 18.459 30.944 17.901
468 7 1 31.482 18.459 30.944 17.901
469 7 1 31.482 18.459 30.944 17.901
470 7 1 31.482 18.459 30.944 17.901
471 7 1 31.490 18.459 30.951 17.901
472 7 1 31.497 18.459 30.959 17.909
473 7 1 31.490 18.459 30.951 17.909
61 8 1 33.104 2.815 32.616 2.488
62 8 1 33.119 2.829 32.609 2.488
63 8 1 33.119 2.873 32.609 2.532
64 8 1 33.120 2.924 32.609 2.583
65 8 1 33.120 2.983 32.610 2.642
66 8 1 33.121 3.027 32.610 2.686
67 8 1 33.121 3.086 32.610 2.744
68 8 1 33.121 3.144 32.611 2.803
69 8 1 33.122 3.203 32.611 2.862
70 8 1 33.130 3.254 32.619 2.913
71 8 1 33.130 3.305 32.619 2.964
72 8 1 33.101 3.394 32.591 3.052
73 8 1 33.131 3.408 32.620 3.067
74 8 1 33.109 3.437 32.606 3.096
76 8 1 33.348 3.949 32.559 2.737
77 8 1 33.303 3.832 32.597 2.869
78 8 1 33.304 3.869 32.597 2.906
79 8 1 33.304 3.891 32.597 2.928
80 8 1 33.304 3.971 32.598 3.008
81 8 1 33.305 4.023 32.598 3.060
82 8 1 33.305 4.089 32.598 3.126
83 8 1 33.306 4.140 32.599 3.177
84 8 1 33.306 4.191 32.599 3.228
85 8 1 33.306 4.243 32.600 3.280
86 8 1 33.307 4.294 32.600 3.331
87 8 1 33.307 4.331 32.600 3.368
88 8 1 33.322 4.397 32.615 3.433
89 8 1 33.308 4.433 32.601 3.470
90 8 1 33.338 4.485 32.631 3.521
91 8 1 33.353 4.536 32.646 3.573
92 8 1 33.353 4.587 32.646 3.624
93 8 1 33.368 4.638 32.661 3.675
94 8 1 33.398 4.690 32.691 3.726
95 8 1 33.413 4.726 32.706 3.763
96 8 1 33.414 4.778 32.706 3.814
97 8 1 33.414 4.829 32.707 3.866
98 8 1 33.414 4.880 32.707 3.917
99 8 1 33.429 4.932 32.722 3.968
100 8 1 33.445 4.998 32.738 4.034
101 8 1 33.460 5.049 32.753 4.085
102 8 1 33.475 5.100 32.768 4.137
103 8 1 33.490 5.151 32.783 4.188
104 8 1 33.505 5.203 32.798 4.239
105 8 1 33.505 5.239 32.798 4.276
106 8 1 33.506 5.291 32.799 4.327
107 8 1 33.506 5.327 32.799 4.364
108 8 1 33.506 5.379 32.799 4.415
109 8 1 33.507 5.430 32.800 4.466
110 8 1 33.507 5.482 32.800 4.518
111 8 1 33.508 5.518 32.800 4.555
112 8 1 33.508 5.584 32.801 4.621
113 8 1 33.508 5.636 32.801 4.672
114 8 1 33.524 5.687 32.816 4.723
115 8 1 33.539 5.738 32.831 4.775
116 8 1 33.539 5.805 32.832 4.841
117 8 1 33.554 5.841 32.847 4.877
118 8 1 33.569 5.907 32.862 4.943
119 8 1 33.570 5.944 32.862 4.980
120 8 1 33.570 5.995 32.863 5.031
121 8 1 33.585 6.032 32.878 5.068
122 8 1 33.630 6.083 32.922 5.119
123 8 1 33.630 6.120 32.923 5.156
124 8 1 33.645 6.171 32.938 5.207
125 8 1 33.675 6.207 32.967 5.243
126 8 1 33.705 6.259 32.997 5.295
127 8 1 33.735 6.295 33.027 5.331
128 8 1 33.764 6.332 33.057 5.368
129 8 1 33.779 6.368 33.072 5.404
130 8 1 33.780 6.420 33.072 5.456
131 8 1 33.780 6.456 33.072 5.492
132 8 1 33.780 6.523 33.073 5.558
133 8 1 33.796 6.559 33.088 5.595
134 8 1 33.825 6.610 33.118 5.646
135 8 1 33.840 6.647 33.133 5.683
136 8 1 33.856 6.698 33.148 5.734
137 8 1 33.871 6.735 33.163 5.771
138 8 1 33.871 6.787 33.163 5.822
139 8 1 33.857 6.823 33.149 5.859
140 8 1 33.857 6.875 33.149 5.910
141 8 1 33.857 6.912 33.150 5.947
142 8 1 33.858 6.963 33.150 5.999
143 8 1 33.858 7.000 33.150 6.035
144 8 1 33.873 7.051 33.165 6.087
145 8 1 33.873 7.088 33.166 6.123
146 8 1 33.874 7.139 33.166 6.175
147 8 1 33.874 7.176 33.166 6.212
148 8 1 33.889 7.242 33.181 6.278
149 8 1 33.904 7.279 33.197 6.314
150 8 1 33.920 7.345 33.212 6.380
151 8 1 33.949 7.396 33.242 6.432
152 8 1 33.965 7.448 33.257 6.483
153 8 1 33.950 7.499 33.242 6.534
154 8 1 33.980 7.550 33.272 6.586
155 8 1 33.980 7.587 33.273 6.622
156 8 1 33.996 7.639 33.288 6.674
157 8 1 33.996 7.675 33.288 6.711
158 8 1 34.011 7.727 33.303 6.762
159 8 1 34.026 7.749 33.325 6.791
161 8 1 34.018 7.741 33.318 6.784
162 8 1 34.026 7.785 33.326 6.828
163 8 1 34.049 7.859 33.348 6.901
164 8 1 34.057 7.903 33.356 6.945
165 8 1 34.079 7.962 33.379 7.004
166 8 1 34.087 8.020 33.386 7.063
167 8 1 34.095 8.079 33.394 7.122
168 8 1 34.103 8.138 33.402 7.180
169 8 1 34.125 8.211 33.425 7.254
170 8 1 34.133 8.255 33.432 7.298
171 8 1 34.156 8.329 33.455 7.371
172 8 1 34.164 8.373 33.463 7.415
173 8 1 34.186 8.446 33.486 7.489
174 8 1 34.194 8.476 33.493 7.518
175 8 1 34.202 8.520 33.501 7.562
176 8 1 34.195 8.579 33.494 7.621
177 8 1 34.202 8.638 33.502 7.680
178 8 1 34.210 8.682 33.509 7.724
179 8 1 34.218 8.726 33.517 7.768
180 8 1 34.226 8.785 33.525 7.827
181 8 1 34.233 8.829 33.533 7.871
182 8 1 34.227 8.888 33.526 7.930
183 8 1 34.234 8.947 33.534 7.989
184 8 1 34.228 9.020 33.527 8.062
185 8 1 34.236 9.094 33.535 8.136
186 8 1 34.229 9.138 33.528 8.180
187 8 1 34.236 9.197 33.536 8.239
188 8 1 34.229 9.256 33.529 8.298
189 8 1 34.245 9.337 33.551 8.386
191 8 1 34.237 9.330 33.544 8.379
192 8 1 34.238 9.381 33.544 8.430
193 8 1 34.238 9.418 33.545 8.467
194 8 1 34.239 9.484 33.545 8.533
195 8 1 34.239 9.536 33.546 8.585
196 8 1 34.239 9.588 33.546 8.637
197 8 1 34.240 9.639 33.546 8.688
198 8 1 34.240 9.706 33.547 8.754
199 8 1 34.226 9.743 33.532 8.791
200 8 1 34.212 9.809 33.518 8.858
201 8 1 34.236 10.052 33.520 9.064
202 8 1 34.257 9.978 33.549 9.079
203 8 1 34.273 10.074 33.572 9.093
204 8 1 34.265 10.052 33.572 9.108
205 8 1 34.229 10.126 33.551 9.373
206 8 1 34.244 10.155 33.523 9.469
207 8 1 34.303 10.155 33.530 9.514
208 8 1 34.311 10.221 33.494 9.632
209 8 1 34.304 10.280 33.473 9.691
210 8 1 34.305 10.368 33.481 9.772
211 8 1 34.261 10.421 33.451 9.787
212 8 1 34.277 10.553 33.444 9.773
213 8 1 34.248 10.664 33.488 9.750
214 8 1 34.241 10.760 33.488 9.794
215 8 1 34.293 10.811 33.436 9.721
216 8 1 34.257 10.812 33.421 9.706
217 8 1 34.257 10.849 33.429 9.721
218 8 1 34.198 10.834 33.533 9.831
219 8 1 34.191 10.871 33.526 9.882
220 8 1 34.191 10.886 33.519 9.949
221 8 1 34.198 10.842 33.520 10.096
222 8 1 34.235 10.871 33.485 10.340
223 8 1 34.228 10.886 33.478 10.348
224 8 1 34.236 10.974 33.486 10.451
225 8 1 34.273 10.981 33.449 10.466
226 8 1 34.236 11.063 33.449 10.496
227 8 1 34.222 11.166 33.428 10.584
228 8 1 34.209 11.336 33.435 10.606
229 8 1 34.159 11.484 33.450 10.584
230 8 1 34.167 11.566 33.450 10.606
231 8 1 34.174 11.632 33.399 10.658
232 8 1 34.167 11.617 33.413 10.629
233 8 1 34.152 11.647 33.399 10.636
234 8 1 34.145 11.654 33.399 10.666
235 8 1 34.145 11.669 33.362 10.740
236 8 1 34.093 11.574 33.415 10.821
237 8 1 34.093 11.618 33.415 10.865
238 8 1 34.093 11.648 33.415 10.894
239 8 1 34.116 11.706 33.365 11.124
240 8 1 34.080 11.781 33.402 11.035
241 8 1 34.065 11.818 33.387 11.072
242 8 1 34.155 11.950 33.374 11.345
243 8 1 34.081 11.988 33.337 11.353
244 8 1 34.030 12.069 33.330 11.324
245 8 1 34.016 12.144 33.322 11.287
246 8 1 34.024 12.225 33.352 11.338
247 8 1 34.032 12.328 33.352 11.375
248 8 1 34.032 12.335 33.352 11.383
249 8 1 33.988 12.380 33.353 11.405
250 8 1 34.003 12.410 33.331 11.434
251 8 1 34.018 12.432 33.316 11.472
252 8 1 33.951 12.396 33.339 11.560
253 8 1 33.973 12.336 33.317 11.605
254 8 1 33.966 12.373 33.310 11.642
255 8 1 33.959 12.410 33.303 11.679
256 8 1 33.937 12.462 33.281 11.731
257 8 1 33.945 12.499 33.289 11.767
258 8 1 33.923 12.551 33.267 11.819
259 8 1 33.916 12.588 33.260 11.856
260 8 1 33.894 12.640 33.238 11.908
261 8 1 33.887 12.677 33.231 11.945
262 8 1 33.850 12.729 33.194 11.998
263 8 1 33.829 12.767 33.172 12.035
264 8 1 33.807 12.833 33.151 12.102
265 8 1 33.800 12.871 33.144 12.139
266 8 1 33.778 12.923 33.122 12.191
267 8 1 33.786 12.974 33.130 12.242
268 8 1 33.764 13.026 33.108 12.294
269 8 1 33.757 13.063 33.101 12.331
270 8 1 33.750 13.115 33.094 12.383
271 8 1 33.743 13.152 33.086 12.420
272 8 1 33.736 13.189 33.079 12.457
273 8 1 33.729 13.226 33.072 12.494
274 8 1 33.707 13.264 33.050 12.532
275 8 1 33.700 13.301 33.043 12.569
276 8 1 33.678 13.353 33.021 12.621
277 8 1 33.671 13.375 33.014 12.643
278 8 1 33.649 13.427 32.992 12.695
279 8 1 33.642 13.464 32.985 12.732
280 8 1 33.620 13.516 32.963 12.784
281 8 1 33.598 13.554 32.941 12.821
282 8 1 33.576 13.591 32.920 12.859
283 8 1 33.554 13.628 32.898 12.896
284 8 1 33.532 13.680 32.876 12.948
285 8 1 33.525 13.717 32.869 12.985
286 8 1 33.503 13.769 32.847 13.037
287 8 1 33.496 13.807 32.840 13.074
288 8 1 33.474 13.844 32.818 13.111
289 8 1 33.467 13.866 32.810 13.134
290 8 1 33.430 13.904 32.774 13.171
291 8 1 33.408 13.911 32.752 13.179
292 8 1 33.386 13.949 32.730 13.216
293 8 1 33.395 14.141 32.605 13.403
294 8 1 33.307 14.275 32.606 13.551
295 8 1 33.285 14.268 32.628 13.543
296 8 1 33.263 14.298 32.606 13.573
297 8 1 33.241 14.343 32.584 13.618
298 8 1 33.219 14.388 32.563 13.662
299 8 1 33.198 14.432 32.541 13.707
300 8 1 33.176 14.477 32.519 13.752
301 8 1 33.154 14.522 32.497 13.797
302 8 1 33.147 14.566 32.490 13.841
303 8 1 33.125 14.611 32.468 13.886
304 8 1 33.103 14.641 32.446 13.916
305 8 1 33.081 14.686 32.424 13.960
306 8 1 33.074 14.716 32.417 13.990
307 8 1 33.052 14.746 32.395 14.020
308 8 1 33.030 14.790 32.373 14.065
309 8 1 33.008 14.820 32.351 14.095
310 8 1 32.986 14.850 32.329 14.125
311 8 1 32.964 14.895 32.307 14.169
312 8 1 32.942 14.925 32.285 14.199
313 8 1 32.920 14.955 32.263 14.229
314 8 1 32.898 15.000 32.241 14.274
315 8 1 32.861 15.030 32.204 14.304
316 8 1 32.839 15.060 32.182 14.334
317 8 1 32.817 15.104 32.160 14.379
318 8 1 32.795 15.134 32.138 14.409
319 8 1 32.759 15.179 32.101 14.454
320 8 1 32.737 15.209 32.079 14.484
321 8 1 32.715 15.254 32.057 14.528
322 8 1 32.693 15.284 32.035 14.558
323 8 1 32.671 15.314 32.013 14.588
324 8 1 32.663 15.359 32.006 14.633
325 8 1 32.627 15.389 31.969 14.663
326 8 1 32.619 15.419 31.962 14.693
327 8 1 32.597 15.448 31.940 14.723
328 8 1 32.576 15.493 31.918 14.767
329 8 1 32.553 15.523 31.896 14.797
330 8 1 32.546 15.553 31.889 14.827
331 8 1 32.524 15.598 31.867 14.872
332 8 1 32.517 15.642 31.860 14.917
333 8 1 32.495 15.687 31.838 14.961
334 8 1 32.473 15.732 31.816 15.006
335 8 1 32.451 15.777 31.794 15.051
336 8 1 32.444 15.822 31.787 15.096
337 8 1 32.437 15.866 31.780 15.140
338 8 1 32.430 15.911 31.773 15.185
339 8 1 32.423 15.955 31.765 15.229
340 8 1 32.416 16.000 31.758 15.274
341 8 1 32.394 16.045 31.736 15.319
342 8 1 32.387 16.075 31.729 15.349
343 8 1 32.483 16.096 31.677 15.297
344 8 1 32.402 16.060 31.744 15.334
345 8 1 32.394 16.104 31.737 15.378
346 8 1 32.387 16.134 31.730 15.408
347 8 1 32.365 16.179 31.708 15.453
348 8 1 32.329 16.306 31.588 15.306
349 8 1 32.291 16.173 31.633 15.446
350 8 1 32.337 16.387 31.611 15.372
351 8 1 32.368 16.513 31.558 15.306
352 8 1 32.190 16.523 31.569 15.744
353 8 1 32.271 16.492 31.523 15.529
354 8 1 32.257 16.582 31.523 15.611
355 8 1 32.235 16.656 31.560 15.640
356 8 1 32.228 16.745 31.487 15.753
357 8 1 32.183 16.605 31.532 15.878
358 8 1 32.183 16.649 31.533 15.923
359 8 1 32.169 16.694 31.518 15.968
360 8 1 32.154 16.724 31.503 15.998
361 8 1 32.169 16.768 31.519 16.042
362 8 1 32.155 16.813 31.504 16.087
363 8 1 32.155 16.843 31.504 16.116
364 8 1 32.155 16.888 31.504 16.161
365 8 1 32.155 16.947 31.505 16.220
366 8 1 32.156 16.992 31.505 16.265
367 8 1 32.156 17.021 31.505 16.295
368 8 1 32.156 17.066 31.506 16.339
369 8 1 32.157 17.125 31.506 16.399
370 8 1 32.157 17.185 31.506 16.458
371 8 1 32.157 17.229 31.507 16.503
372 8 1 32.172 17.259 31.522 16.532
373 8 1 32.158 17.289 31.507 16.562
374 8 1 32.173 17.333 31.522 16.606
375 8 1 32.158 17.378 31.508 16.651
376 8 1 32.174 17.408 31.523 16.681
377 8 1 32.174 17.452 31.523 16.725
378 8 1 32.174 17.497 31.523 16.770
379 8 1 32.174 17.527 31.524 16.800
380 8 1 32.160 17.571 31.509 16.845
381 8 1 32.175 17.616 31.524 16.889
382 8 1 32.160 17.646 31.509 16.919
383 8 1 32.161 17.690 31.510 16.963
384 8 1 32.161 17.735 31.510 17.008
385 8 1 32.161 17.765 31.510 17.038
386 8 1 32.161 17.809 31.511 17.082
387 8 1 32.162 17.869 31.511 17.142
388 8 1 32.162 17.913 31.511 17.186
389 8 1 32.162 17.943 31.511 17.216
390 8 1 32.163 17.988 31.512 17.261
391 8 1 32.163 18.032 31.512 17.305
392 8 1 32.157 18.226 31.550 17.513
393 8 1 32.172 18.226 31.528 17.506
394 8 1 32.179 18.263 31.536 17.543
395 8 1 32.187 18.285 31.543 17.565
396 8 1 32.195 18.322 31.551 17.602
397 8 1 32.202 18.359 31.559 17.639
398 8 1 32.210 18.396 31.566 17.677
399 8 1 32.218 18.434 31.574 17.714
400 8 1 32.225 18.448 31.582 17.728
401 8 1 32.248 18.463 31.604 17.750
402 8 1 32.255 18.485 31.612 17.780
403 8 1 32.278 18.492 31.634 17.795
404 8 1 32.285 18.522 31.642 17.832
405 8 1 32.293 18.529 31.649 17.846
406 8 1 32.300 18.551 31.657 17.876
407 8 1 32.308 18.566 31.664 17.898
408 8 1 32.300 18.581 31.657 17.921
410 8 1 32.292 18.499 31.649 17.846
411 8 1 32.300 18.507 31.657 17.861
412 8 1 32.322 18.521 31.679 17.883
413 8 1 32.315 18.529 31.672 17.898
414 8 1 32.308 18.544 31.665 17.921
415 8 1 32.285 18.544 31.642 17.928
417 8 1 32.277 18.477 31.635 17.869
418 8 1 32.270 18.477 31.627 17.877
419 8 1 32.277 18.470 31.635 17.876
420 8 1 32.270 18.463 31.627 17.877
421 8 1 32.277 18.470 31.635 17.891
422 8 1 32.270 18.463 31.627 17.891
423 8 1 32.277 18.462 31.635 17.899
424 8 1 32.285 18.455 31.642 17.899
425 8 1 32.292 18.455 31.650 17.906
426 8 1 32.299 18.447 31.657 17.906
427 8 1 32.307 18.455 31.665 17.921
428 8 1 32.299 18.447 31.657 17.913
429 8 1 32.307 18.447 31.665 17.913
430 8 1 32.299 18.440 31.657 17.906
431 8 1 32.307 18.447 31.665 17.913
432 8 1 32.299 18.440 31.657 17.906
433 8 1 32.307 18.440 31.665 17.906
434 8 1 32.299 18.447 31.657 17.913
435 8 1 32.307 18.440 31.665 17.906
436 8 1 32.299 18.440 31.657 17.906
437 8 1 32.307 18.440 31.665 17.906
438 8 1 32.299 18.440 31.657 17.906
439 8 1 32.307 18.440 31.665 17.906
440 8 1 32.299 18.440 31.657 17.906
441 8 1 32.307 18.440 31.665 17.906
442 8 1 32.299 18.440 31.657 17.906
443 8 1 32.307 18.440 31.665 17.906
444 8 1 32.299 18.440 31.657 17.906
445 8 1 32.307 18.440 31.665 17.906
446 8 1 32.299 18.440 31.657 17.906
447 8 1 32.307 18.440 31.665 17.906
448 8 1 32.299 18.440 31.657 17.906
449 8 1 32.307 18.440 31.665 17.906
450 8 1 32.299 18.440 31.657 17.906
451 8 1 32.307 18.440 31.665 17.906
452 8 1 32.299 18.440 31.657 17.906
453 8 1 32.307 18.440 31.665 17.906
454 8 1 32.299 18.440 31.657 17.906
455 8 1 32.307 18.440 31.665 17.906
456 8 1 32.314 18.440 31.672 17.906
457 8 1 32.322 18.439 31.679 17.906
458 8 1 32.314 18.440 31.672 17.906
459 8 1 32.322 18.439 31.679 17.906
460 8 1 32.314 18.440 31.672 17.906
461 8 1 32.322 18.439 31.679 17.906
462 8 1 32.329 18.439 31.687 17.905
463 8 1 32.337 18.439 31.694 17.905
464 8 1 32.329 18.439 31.687 17.905
465 8 1 32.337 18.439 31.694 17.905
466 8 1 32.329 18.439 31.687 17.905
467 8 1 32.337 18.439 31.694 17.905
468 8 1 32.344 18.439 31.702 17.905
469 8 1 32.351 18.439 31.709 17.905
470 8 1 32.344 18.439 31.702 17.905
471 8 1 32.351 18.439 31.709 17.905
472 8 1 32.344 18.439 31.702 17.905
473 8 1 32.351 18.446 31.709 17.913
66 9 1 32.611 18.338 32.103 17.952
67 9 1 32.625 18.353 32.096 17.952
68 9 1 32.618 18.316 32.088 17.915
69 9 1 32.610 18.286 32.080 17.885
70 9 1 32.603 18.264 32.073 17.863
71 9 1 32.595 18.212 32.065 17.811
72 9 1 32.587 18.183 32.057 17.781
73 9 1 32.587 18.153 32.057 17.751
74 9 1 32.579 18.101 32.049 17.699
75 9 1 32.572 18.071 32.042 17.670
76 9 1 32.691 18.181 31.925 16.891
77 9 1 32.661 18.100 31.948 17.009
78 9 1 32.660 18.055 31.948 16.965
79 9 1 32.645 18.018 31.933 16.928
80 9 1 32.645 17.973 31.932 16.883
81 9 1 32.630 17.929 31.917 16.839
82 9 1 32.578 17.893 31.940 16.883
83 9 1 32.607 17.892 31.917 16.824
84 9 1 32.644 17.847 31.947 16.868
85 9 1 32.637 17.840 31.947 16.883
86 9 1 32.577 17.736 31.940 16.905
87 9 1 32.628 17.706 31.932 16.853
88 9 1 32.635 17.676 31.910 16.861
89 9 1 32.576 17.647 31.917 16.831
90 9 1 32.613 17.617 31.932 16.824
91 9 1 32.635 17.617 31.902 16.765
92 9 1 32.605 17.572 31.901 16.609
93 9 1 32.612 17.491 31.893 16.520
94 9 1 32.604 17.476 31.907 16.430
95 9 1 32.574 17.432 31.914 16.400
96 9 1 32.552 17.425 31.847 16.342
97 9 1 32.537 17.350 31.870 16.416
98 9 1 32.470 17.336 31.854 16.275
99 9 1 32.477 17.336 31.854 16.238
100 9 1 32.506 17.217 31.869 16.223
101 9 1 32.498 17.150 31.876 16.200
102 9 1 32.490 17.091 31.861 16.223
103 9 1 32.461 17.062 31.846 16.216
104 9 1 32.475 17.024 31.846 16.231
105 9 1 32.460 17.002 31.831 16.201
106 9 1 32.467 16.987 31.757 16.180
107 9 1 32.452 16.973 31.772 16.180
108 9 1 32.445 16.936 31.801 16.112
109 9 1 32.437 16.921 31.815 16.008
110 9 1 32.437 16.906 31.830 15.941
111 9 1 32.437 16.832 31.821 15.837
112 9 1 32.422 16.810 31.829 15.808
113 9 1 32.406 16.765 31.798 15.697
114 9 1 32.407 16.839 31.761 15.638
115 9 1 32.391 16.721 31.791 15.667
116 9 1 32.406 16.706 31.798 15.659
117 9 1 32.406 16.654 31.805 15.630
118 9 1 32.405 16.572 31.798 15.615
119 9 1 32.405 16.513 31.812 15.600
120 9 1 32.434 16.468 31.820 15.592
121 9 1 32.426 16.408 31.812 15.585
122 9 1 32.433 16.371 31.798 15.585
123 9 1 32.441 16.349 31.798 15.600
124 9 1 32.433 16.334 31.790 15.600
125 9 1 32.433 16.349 31.760 15.586
126 9 1 32.433 16.334 31.768 15.571
127 9 1 32.425 16.282 31.767 15.511
128 9 1 32.447 16.230 31.745 15.475
129 9 1 32.388 16.223 31.774 15.378
130 9 1 32.343 16.157 31.758 15.274
131 9 1 32.336 16.165 31.706 15.163
132 9 1 32.358 16.164 31.727 15.089
133 9 1 32.380 16.142 31.735 15.067
134 9 1 32.394 16.104 31.742 15.022
135 9 1 32.371 15.978 31.727 14.992
136 9 1 32.363 15.889 31.727 15.007
137 9 1 32.363 15.867 31.727 14.992
138 9 1 32.363 15.837 31.719 15.000
139 9 1 32.392 15.807 31.742 15.000
140 9 1 32.363 15.793 31.749 14.985
141 9 1 32.348 15.763 31.704 14.978
142 9 1 32.347 15.734 31.727 14.985
143 9 1 32.377 15.741 31.742 14.985
144 9 1 32.392 15.718 31.734 14.963
145 9 1 32.377 15.719 31.771 14.918
146 9 1 32.369 15.689 31.756 14.903
147 9 1 32.347 15.667 31.770 14.836
148 9 1 32.339 15.645 31.785 14.762
149 9 1 32.331 15.563 31.762 14.666
150 9 1 32.346 15.519 31.783 14.591
151 9 1 32.361 15.504 31.716 14.540
152 9 1 32.368 15.481 31.723 14.495
153 9 1 32.360 15.415 31.731 14.466
154 9 1 32.419 15.399 31.745 14.458
155 9 1 32.389 15.370 31.738 14.414
156 9 1 32.434 15.354 31.775 14.421
157 9 1 32.411 15.303 31.790 14.413
158 9 1 32.463 15.280 31.804 14.413
159 9 1 32.455 15.235 31.804 14.405
160 9 1 32.514 15.205 31.834 14.383
161 9 1 32.469 15.176 31.782 14.398
162 9 1 32.454 15.117 31.767 14.421
163 9 1 32.439 15.072 31.775 14.413
164 9 1 32.454 15.079 31.790 14.413
165 9 1 32.469 15.072 31.804 14.354
166 9 1 32.446 15.020 31.804 14.272
167 9 1 32.416 14.991 31.796 14.220
168 9 1 32.431 14.946 31.817 14.124
169 9 1 32.431 14.924 31.825 14.094
170 9 1 32.453 14.887 31.846 13.997
171 9 1 32.460 14.879 31.823 13.857
172 9 1 32.467 14.864 31.816 13.849
173 9 1 32.467 14.805 31.808 13.827
174 9 1 32.481 14.708 31.837 13.745
175 9 1 32.488 14.671 31.844 13.738
176 9 1 32.488 14.649 31.837 13.738
177 9 1 32.503 14.634 31.837 13.745
178 9 1 32.517 14.619 31.852 13.738
179 9 1 32.547 14.581 31.867 13.738
180 9 1 32.576 14.559 31.874 13.745
181 9 1 32.546 14.522 31.852 13.753
182 9 1 32.613 14.499 31.852 13.767
183 9 1 32.613 14.477 31.845 13.775
184 9 1 32.590 14.447 31.845 13.760
185 9 1 32.583 14.411 31.837 13.716
186 9 1 32.582 14.359 31.851 13.649
187 9 1 32.545 14.322 31.866 13.575
188 9 1 32.560 14.322 31.895 13.478
189 9 1 32.552 14.292 31.902 13.433
190 9 1 32.559 14.277 31.924 13.389
191 9 1 32.574 14.299 31.909 13.367
192 9 1 32.514 14.189 31.954 13.477
193 9 1 32.514 14.174 31.954 13.462
194 9 1 32.529 14.137 31.968 13.425
195 9 1 32.544 14.115 31.983 13.403
196 9 1 32.543 14.070 31.983 13.358
197 9 1 32.558 14.040 31.997 13.329
198 9 1 32.558 14.025 31.997 13.314
199 9 1 32.572 13.981 32.012 13.269
200 9 1 32.572 13.966 32.012 13.254
201 9 1 32.587 13.921 32.026 13.210
202 9 1 32.601 13.892 32.041 13.180
203 9 1 32.616 13.877 32.055 13.165
204 9 1 32.616 13.847 32.055 13.135
205 9 1 32.630 13.817 32.070 13.106
206 9 1 32.645 13.773 32.084 13.061
207 9 1 32.659 13.743 32.099 13.031
208 9 1 32.659 13.698 32.099 12.987
209 9 1 32.674 13.654 32.113 12.942
210 9 1 32.695 13.542 32.022 12.677
211 9 1 32.680 13.557 32.000 12.625
212 9 1 32.620 13.447 32.060 12.736
213 9 1 32.747 13.512 32.081 12.595
214 9 1 32.687 13.409 32.126 12.698
215 9 1 32.791 13.482 32.081 12.624
216 9 1 32.827 13.370 32.118 12.587
217 9 1 32.745 13.334 32.185 12.623
218 9 1 32.760 13.305 32.200 12.593
219 9 1 32.930 13.236 32.066 12.580
220 9 1 32.774 13.260 32.214 12.556
221 9 1 32.789 13.238 32.229 12.534
222 9 1 32.804 13.215 32.243 12.511
223 9 1 32.818 13.163 32.258 12.459
224 9 1 32.833 13.141 32.273 12.437
225 9 1 32.847 13.104 32.287 12.400
226 9 1 32.957 12.969 32.249 12.245
227 9 1 32.942 12.955 32.271 12.208
228 9 1 32.972 12.969 32.241 12.193
229 9 1 32.972 12.984 32.285 12.119
230 9 1 33.009 12.932 32.329 12.081
231 9 1 32.994 12.917 32.329 12.067
232 9 1 33.038 12.842 32.329 12.037
233 9 1 33.067 12.850 32.322 12.059
234 9 1 33.112 12.834 32.358 12.014
235 9 1 33.008 12.776 32.448 12.073
236 9 1 33.022 12.754 32.462 12.050
237 9 1 33.022 12.717 32.462 12.013
238 9 1 33.037 12.695 32.477 11.991
239 9 1 33.051 12.657 32.491 11.954
240 9 1 33.066 12.635 32.506 11.931
241 9 1 33.080 12.598 32.520 11.894
242 9 1 33.161 12.508 32.432 11.932
243 9 1 33.176 12.478 32.461 11.902
244 9 1 33.198 12.478 32.497 11.754
245 9 1 33.124 12.464 32.564 11.776
246 9 1 33.249 12.344 32.460 11.651
247 9 1 33.249 12.374 32.496 11.599
248 9 1 33.241 12.352 32.518 11.621
249 9 1 33.204 12.345 32.533 11.591
250 9 1 33.197 12.338 32.563 11.598
251 9 1 33.248 12.315 32.578 11.613
252 9 1 33.300 12.277 32.615 11.620
253 9 1 33.233 12.293 32.674 11.612
254 9 1 33.248 12.263 32.688 11.582
255 9 1 33.336 12.114 32.651 11.575
256 9 1 33.342 12.018 32.644 11.516
257 9 1 33.350 12.011 32.695 11.486
258 9 1 33.401 11.951 32.680 11.427
259 9 1 33.386 11.936 32.672 11.397
260 9 1 33.408 11.936 32.665 11.390
261 9 1 33.438 11.928 32.657 11.368
262 9 1 33.452 11.906 32.716 11.271
263 9 1 33.452 11.862 32.745 11.219
264 9 1 33.459 11.854 32.715 11.197
265 9 1 33.467 11.839 32.796 11.108
266 9 1 33.504 11.832 32.773 11.056
267 9 1 33.511 11.809 32.773 11.049
268 9 1 33.540 11.794 32.832 11.048
269 9 1 33.459 11.736 32.899 11.107
270 9 1 33.584 11.749 32.839 10.997
271 9 1 33.488 11.684 32.929 11.055
272 9 1 33.658 11.675 32.928 11.018
273 9 1 33.687 11.637 32.928 10.996
274 9 1 33.716 11.578 32.899 10.996
275 9 1 33.709 11.578 32.936 10.996
276 9 1 33.731 11.548 32.943 10.944
277 9 1 33.715 11.445 32.957 10.848
278 9 1 33.730 11.423 32.993 10.825
279 9 1 33.730 11.423 33.008 10.766
280 9 1 33.729 11.386 33.015 10.744
281 9 1 33.751 11.371 33.037 10.707
282 9 1 33.751 11.363 33.059 10.699
283 9 1 33.766 11.356 33.088 10.610
284 9 1 33.803 11.319 33.117 10.580
285 9 1 33.825 11.289 33.139 10.550
286 9 1 33.817 11.274 33.125 10.565
287 9 1 33.839 11.237 33.169 10.572
288 9 1 33.854 11.207 33.184 10.550
289 9 1 33.883 11.170 33.213 10.528
290 9 1 33.905 11.125 33.213 10.468
291 9 1 33.985 11.051 33.271 10.424
292 9 1 33.993 11.036 33.242 10.439
293 9 1 33.977 10.984 33.294 10.423
294 9 1 33.984 10.933 33.308 10.372
295 9 1 33.991 10.888 33.337 10.356
296 9 1 34.043 10.880 33.344 10.305
297 9 1 34.043 10.858 33.366 10.304
298 9 1 34.028 10.821 33.358 10.209
299 9 1 34.042 10.814 33.373 10.135
300 9 1 34.050 10.806 33.372 10.076
301 9 1 34.072 10.851 33.371 9.980
302 9 1 34.072 10.843 33.379 10.009
303 9 1 34.058 10.858 33.386 9.980
304 9 1 34.072 10.806 33.357 10.002
305 9 1 34.086 10.747 33.379 10.009
306 9 1 34.108 10.717 33.379 10.002
307 9 1 34.123 10.673 33.416 9.950
308 9 1 34.159 10.628 33.437 9.913
309 9 1 34.188 10.576 33.482 9.890
310 9 1 34.203 10.554 33.467 9.868
311 9 1 34.224 10.480 33.466 9.824
312 9 1 34.224 10.443 33.510 9.772
313 9 1 34.224 10.399 33.503 9.779
314 9 1 34.238 10.377 33.488 9.750
315 9 1 34.253 10.362 33.480 9.706
316 9 1 34.253 10.354 33.472 9.610
317 9 1 34.231 10.355 33.501 9.529
318 9 1 34.231 10.340 33.523 9.484
319 9 1 34.216 10.318 33.493 9.492
320 9 1 34.208 10.288 33.486 9.499
321 9 1 34.201 10.274 33.515 9.484
322 9 1 34.208 10.244 33.493 9.448
323 9 1 34.193 10.230 33.493 9.455
324 9 1 34.193 10.185 33.537 9.440
325 9 1 34.214 10.067 33.589 9.476
326 9 1 34.235 9.986 33.604 9.447
327 9 1 34.228 10.015 33.544 9.344
328 9 1 34.183 9.957 33.499 9.263
329 9 1 34.220 9.875 33.498 9.197
330 9 1 34.131 9.817 33.573 9.255
331 9 1 34.197 9.772 33.521 9.204
332 9 1 34.204 9.758 33.542 9.160
333 9 1 34.211 9.757 33.549 9.049
334 9 1 34.226 9.735 33.571 8.990
335 9 1 34.226 9.720 33.584 8.850
336 9 1 34.218 9.721 33.592 8.820
337 9 1 34.218 9.706 33.577 8.806
338 9 1 34.226 9.691 33.577 8.806
339 9 1 34.203 9.662 33.540 8.813
340 9 1 34.196 9.625 33.533 8.821
341 9 1 34.203 9.603 33.540 8.813
342 9 1 34.143 9.485 33.585 8.923
343 9 1 34.142 9.449 33.585 8.887
344 9 1 34.142 9.412 33.584 8.850
345 9 1 34.142 9.382 33.584 8.820
346 9 1 34.142 9.345 33.584 8.783
347 9 1 34.141 9.316 33.584 8.754
348 9 1 34.134 9.279 33.576 8.717
350 9 1 34.221 9.087 33.618 8.452
351 9 1 34.191 9.050 33.633 8.488
352 9 1 34.183 9.021 33.626 8.459
353 9 1 34.176 8.991 33.618 8.430
354 9 1 34.168 8.955 33.610 8.393
355 9 1 34.160 8.918 33.603 8.356
356 9 1 34.153 8.881 33.595 8.319
357 9 1 34.138 8.844 33.580 8.283
358 9 1 34.130 8.800 33.572 8.239
359 9 1 34.122 8.764 33.565 8.202
360 9 1 34.115 8.727 33.557 8.165
361 9 1 34.107 8.697 33.549 8.136
362 9 1 34.107 8.668 33.549 8.106
363 9 1 34.099 8.639 33.542 8.077
364 9 1 34.092 8.602 33.534 8.040
365 9 1 34.084 8.572 33.526 8.011
366 9 1 34.076 8.543 33.519 7.981
367 9 1 34.069 8.514 33.511 7.952
368 9 1 34.069 8.484 33.511 7.923
369 9 1 34.061 8.448 33.503 7.886
370 9 1 34.091 8.565 33.420 7.622
371 9 1 34.084 8.558 33.413 7.614
372 9 1 34.084 8.558 33.398 7.637
373 9 1 34.084 8.543 33.376 7.615
374 9 1 34.024 8.389 33.466 7.827
375 9 1 34.061 8.470 33.332 7.622
376 9 1 34.016 8.345 33.458 7.783
377 9 1 34.008 8.308 33.451 7.746
378 9 1 34.000 8.264 33.443 7.702
379 9 1 34.000 8.227 33.443 7.666
380 9 1 33.992 8.190 33.435 7.629
381 9 1 33.992 8.154 33.435 7.592
382 9 1 33.985 8.124 33.427 7.563
383 9 1 33.977 8.088 33.419 7.526
384 9 1 33.977 8.058 33.419 7.497
385 9 1 33.969 8.036 33.412 7.475
386 9 1 33.962 8.007 33.404 7.445
388 9 1 33.954 7.999 33.397 7.438
389 9 1 33.947 7.970 33.389 7.408
390 9 1 33.939 7.941 33.381 7.379
391 9 1 33.931 7.904 33.374 7.342
392 9 1 33.907 7.639 33.372 7.033
393 9 1 33.914 7.617 33.364 7.056
394 9 1 33.907 7.580 33.357 7.019
395 9 1 33.899 7.536 33.349 6.975
396 9 1 33.877 7.500 33.327 6.938
397 9 1 33.869 7.456 33.319 6.894
398 9 1 33.854 7.419 33.304 6.858
399 9 1 33.846 7.390 33.296 6.828
400 9 1 33.839 7.353 33.289 6.791
402 9 1 33.831 7.346 33.281 6.784
403 9 1 33.823 7.316 33.274 6.755
404 9 1 33.809 7.287 33.259 6.726
405 9 1 33.793 7.250 33.244 6.689
406 9 1 33.786 7.221 33.236 6.660
407 9 1 33.778 7.192 33.228 6.630
408 9 1 33.763 7.155 33.213 6.594
409 9 1 33.756 7.126 33.206 6.564
410 9 1 33.748 7.089 33.198 6.528
411 9 1 33.733 7.045 33.183 6.484
412 9 1 33.725 7.001 33.175 6.439
413 9 1 33.725 6.964 33.175 6.403
414 9 1 33.710 6.920 33.160 6.359
415 9 1 33.710 6.883 33.160 6.322
416 9 1 33.702 6.847 33.152 6.285
417 9 1 33.680 6.810 33.130 6.249
418 9 1 33.679 6.773 33.129 6.212
419 9 1 33.672 6.737 33.122 6.175
420 9 1 33.649 6.700 33.099 6.139
421 9 1 33.649 6.671 33.099 6.109
422 9 1 33.641 6.634 33.091 6.073
423 9 1 33.626 6.597 33.076 6.036
424 9 1 33.619 6.568 33.069 6.007
425 9 1 33.611 6.531 33.061 5.970
426 9 1 33.603 6.502 33.054 5.941
427 9 1 33.596 6.473 33.046 5.911
428 9 1 33.581 6.436 33.031 5.875
429 9 1 33.573 6.407 33.023 5.845
430 9 1 33.566 6.370 33.016 5.809
431 9 1 33.551 6.333 33.001 5.772
432 9 1 33.543 6.297 32.993 5.735
433 9 1 33.543 6.260 32.993 5.699
434 9 1 33.528 6.216 32.978 5.655
435 9 1 33.520 6.179 32.970 5.618
437 9 1 33.512 6.172 32.963 5.611
438 9 1 33.505 6.143 32.955 5.581
439 9 1 33.497 6.113 32.948 5.552
440 9 1 33.497 6.077 32.947 5.515
441 9 1 33.497 6.047 32.947 5.486
442 9 1 33.489 6.011 32.939 5.449
443 9 1 33.482 5.981 32.932 5.420
444 9 1 33.481 5.952 32.932 5.391
445 9 1 33.474 5.915 32.924 5.354
446 9 1 33.466 5.879 32.916 5.317
447 9 1 33.466 5.842 32.916 5.281
448 9 1 33.465 5.798 32.916 5.236
449 9 1 33.465 5.754 32.915 5.192
450 9 1 33.457 5.710 32.908 5.148
451 9 1 33.450 5.666 32.900 5.104
452 9 1 33.457 5.622 32.907 5.060
453 9 1 33.449 5.585 32.899 5.024
454 9 1 33.456 5.548 32.907 4.987
455 9 1 33.449 5.511 32.899 4.950
456 9 1 33.456 5.475 32.906 4.913
457 9 1 33.448 5.445 32.898 4.884
458 9 1 33.455 5.409 32.906 4.847
459 9 1 33.455 5.372 32.905 4.811
460 9 1 33.455 5.342 32.905 4.781
462 9 1 33.447 5.335 32.898 4.774
463 9 1 33.447 5.298 32.897 4.737
464 9 1 33.447 5.262 32.897 4.701
465 9 1 33.446 5.218 32.897 4.657
466 9 1 33.446 5.181 32.897 4.620
467 9 1 33.446 5.144 32.896 4.583
468 9 1 33.445 5.108 32.896 4.547
469 9 1 33.445 5.078 32.896 4.517
470 9 1 33.452 5.049 32.903 4.488
472 9 1 33.445 5.042 32.896 4.480
473 9 1 33.445 5.020 32.895 4.458
86 10 2 45.087 9.501 44.259 9.209
87 10 2 45.109 9.515 44.244 9.209
88 10 2 45.265 9.682 44.031 9.079
89 10 2 45.228 9.661 44.039 9.094
90 10 2 45.280 9.711 43.846 8.898
91 10 2 45.250 9.719 43.759 8.891
92 10 2 45.257 9.660 43.707 8.811
93 10 2 45.256 9.609 43.378 8.800
94 10 2 45.074 9.589 43.590 8.834
95 10 2 45.168 9.529 43.224 8.757
96 10 2 45.065 9.486 43.004 8.715
97 10 2 44.854 9.489 43.238 8.735
98 10 2 44.736 9.453 43.121 8.699
99 10 2 44.706 9.373 42.850 8.651
100 10 2 44.612 9.396 42.974 8.650
101 10 2 44.480 9.368 42.842 8.621
102 10 2 44.363 9.332 42.725 8.586
103 10 2 44.216 9.290 42.578 8.543
104 10 2 44.128 9.276 42.490 8.530
105 10 2 44.011 9.240 42.373 8.494
106 10 2 44.435 9.273 42.797 8.527
107 10 2 43.777 9.184 42.138 8.438
108 10 2 43.660 9.163 42.021 8.417
109 10 2 43.579 9.120 41.940 8.373
110 10 2 43.440 9.107 41.801 8.360
111 10 2 43.323 9.086 41.684 8.339
112 10 2 43.220 9.065 41.581 8.318
113 10 2 43.103 9.029 41.464 8.283
114 10 2 42.986 9.009 41.346 8.262
115 10 2 42.876 8.988 41.236 8.241
116 10 2 42.752 8.967 41.112 8.220
117 10 2 42.634 8.931 40.994 8.184
118 10 2 42.524 8.910 40.884 8.163
119 10 2 42.400 8.890 40.760 8.142
120 10 2 42.282 8.869 40.642 8.122
121 10 2 42.172 8.833 40.532 8.086
122 10 2 42.048 8.827 40.407 8.080
123 10 2 41.931 8.806 40.290 8.059
124 10 2 41.821 8.785 40.180 8.038
125 10 2 41.696 8.764 40.055 8.017
126 10 2 41.579 8.744 39.938 7.996
127 10 2 41.483 8.722 39.842 7.975
128 10 2 41.359 8.716 39.717 7.969
129 10 2 41.242 8.695 39.600 7.948
130 10 2 41.132 8.674 39.490 7.927
131 10 2 41.007 8.654 39.365 7.906
132 10 2 40.890 8.647 39.248 7.900
133 10 2 40.780 8.626 39.137 7.879
134 10 2 40.655 8.620 39.013 7.872
135 10 2 40.552 8.599 38.910 7.851
136 10 2 40.435 8.593 38.792 7.845
137 10 2 40.318 8.572 38.675 7.824
138 10 2 40.215 8.566 38.572 7.818
139 10 2 40.097 8.545 38.454 7.797
140 10 2 39.995 8.553 38.352 7.805
141 10 2 39.877 8.532 38.234 7.784
142 10 2 39.775 8.526 38.131 7.778
143 10 2 39.672 8.520 38.028 7.771
144 10 2 39.569 8.513 37.926 7.765
145 10 2 39.466 8.492 37.823 7.744
146 10 2 39.364 8.486 37.720 7.737
147 10 2 39.261 8.479 37.617 7.731
148 10 2 39.158 8.473 37.514 7.724
149 10 2 39.070 8.467 37.426 7.718
150 10 2 38.967 8.460 37.323 7.712
151 10 2 38.879 8.454 37.235 7.705
152 10 2 38.776 8.447 37.132 7.699
153 10 2 38.688 8.426 37.043 7.677
154 10 2 38.600 8.434 36.955 7.685
155 10 2 38.512 8.413 36.867 7.664
156 10 2 38.409 8.407 36.764 7.658
157 10 2 38.321 8.400 36.675 7.651
158 10 2 38.233 8.394 36.587 7.645
159 10 2 38.144 8.372 36.499 7.623
160 10 2 38.056 8.366 36.410 7.617
161 10 2 37.968 8.345 36.322 7.596
162 10 2 37.894 8.338 36.248 7.589
163 10 2 37.806 8.317 36.160 7.568
164 10 2 37.718 8.310 36.072 7.561
165 10 2 37.644 8.304 35.998 7.554
166 10 2 37.556 8.297 35.910 7.548
167 10 2 37.468 8.276 35.821 7.527
168 10 2 37.379 8.269 35.733 7.520
169 10 2 37.291 8.248 35.644 7.499
170 10 2 37.203 8.242 35.556 7.492
171 10 2 37.114 8.220 35.467 7.471
172 10 2 37.026 8.199 35.379 7.450
173 10 2 36.938 8.178 35.290 7.428
174 10 2 36.849 8.171 35.202 7.422
175 10 2 36.761 8.150 35.114 7.401
176 10 2 36.672 8.129 35.025 7.379
177 10 2 36.591 8.056 34.817 7.219
178 10 2 36.532 8.020 34.869 7.263
179 10 2 36.443 8.006 34.781 7.249
180 10 2 36.370 8.007 34.707 7.250
181 10 2 36.281 7.993 34.619 7.236
182 10 2 36.193 7.964 34.530 7.207
183 10 2 36.105 7.950 34.442 7.193
184 10 2 36.016 7.951 34.353 7.194
185 10 2 35.928 7.937 34.265 7.180
186 10 2 35.839 7.909 34.176 7.151
187 10 2 35.766 7.895 34.102 7.137
188 10 2 35.677 7.895 34.014 7.138
189 10 2 35.589 7.882 33.925 7.124
190 10 2 35.500 7.853 33.837 7.096
191 10 2 35.412 7.839 33.748 7.082
192 10 2 35.323 7.840 33.659 7.082
193 10 2 35.250 7.826 33.586 7.068
194 10 2 35.161 7.797 33.497 7.040
195 10 2 35.073 7.783 33.408 7.026
196 10 2 34.984 7.784 33.320 7.027
197 10 2 34.910 7.770 33.246 7.012
198 10 2 34.822 7.741 33.157 6.984
199 10 2 34.733 7.728 33.069 6.970
200 10 2 34.645 7.728 32.980 6.971
201 10 2 34.556 7.714 32.891 6.957
202 10 2 34.483 7.700 32.818 6.943
203 10 2 34.394 7.701 32.729 6.943
204 10 2 34.306 7.687 32.640 6.929
205 10 2 34.217 7.673 32.552 6.915
206 10 2 34.129 7.674 32.463 6.916
207 10 2 34.040 7.660 32.374 6.902
208 10 2 33.966 7.646 32.300 6.888
209 10 2 33.878 7.647 32.212 6.889
210 10 2 33.789 7.648 32.123 6.890
211 10 2 33.701 7.634 32.035 6.876
212 10 2 33.612 7.620 31.946 6.862
213 10 2 33.538 7.621 31.872 6.862
214 10 2 33.450 7.621 31.783 6.863
215 10 2 33.361 7.622 31.695 6.864
216 10 2 33.273 7.608 31.606 6.850
217 10 2 33.184 7.594 31.517 6.836
218 10 2 33.095 7.610 31.429 6.851
219 10 2 33.022 7.596 31.355 6.837
220 10 2 32.933 7.611 31.266 6.853
221 10 2 32.844 7.597 31.177 6.839
222 10 2 32.756 7.613 31.089 6.854
223 10 2 32.667 7.599 31.000 6.840
224 10 2 32.594 7.614 30.926 6.856
225 10 2 32.505 7.600 30.837 6.842
226 10 2 32.416 7.616 30.749 6.857
227 10 2 32.342 7.617 30.675 6.858
228 10 2 32.254 7.617 30.586 6.859
229 10 2 32.165 7.618 30.497 6.859
230 10 2 32.077 7.619 30.408 6.860
231 10 2 32.003 7.634 30.334 6.876
232 10 2 31.914 7.650 30.246 6.891
233 10 2 31.826 7.651 30.157 6.892
234 10 2 31.737 7.651 30.068 6.893
235 10 2 31.648 7.667 29.979 6.908
236 10 2 31.560 7.682 29.891 6.924
237 10 2 31.471 7.683 29.802 6.924
238 10 2 31.382 7.684 29.713 6.925
239 10 2 31.294 7.700 29.624 6.941
240 10 2 31.205 7.730 29.536 6.971
241 10 2 31.116 7.745 29.447 6.986
242 10 2 31.013 7.746 29.343 6.987
243 10 2 30.924 7.762 29.254 7.003
244 10 2 30.821 7.778 29.151 7.018
245 10 2 30.732 7.793 29.062 7.034
246 10 2 30.629 7.809 28.958 7.049
247 10 2 30.540 7.824 28.869 7.065
248 10 2 30.437 7.855 28.766 7.095
249 10 2 30.348 7.870 28.677 7.111
250 10 2 30.244 7.871 28.573 7.112
251 10 2 30.155 7.887 28.484 7.127
252 10 2 30.052 7.917 28.381 7.158
253 10 2 29.948 7.948 28.277 7.188
254 10 2 29.860 7.963 28.188 7.204
255 10 2 29.756 7.979 28.084 7.219
256 10 2 29.667 8.009 27.995 7.250
257 10 2 29.564 8.025 27.892 7.265
258 10 2 29.460 8.026 27.788 7.266
259 10 2 29.371 8.041 27.699 7.282
260 10 2 29.268 8.072 27.595 7.312
261 10 2 29.164 8.102 27.491 7.343
262 10 2 29.060 8.118 27.387 7.358
263 10 2 28.971 8.119 27.298 7.359
264 10 2 28.868 8.135 27.194 7.375
265 10 2 28.764 8.165 27.091 7.405
266 10 2 28.660 8.196 26.987 7.436
267 10 2 28.557 8.211 26.883 7.451
268 10 2 28.453 8.212 26.779 7.452
269 10 2 28.334 8.228 26.660 7.468
270 10 2 28.230 8.244 26.556 7.484
271 10 2 28.126 8.245 26.452 7.485
272 10 2 28.008 8.261 26.333 7.500
273 10 2 27.904 8.291 26.229 7.531
274 10 2 27.800 8.307 26.125 7.547
275 10 2 27.696 8.308 26.021 7.548
276 10 2 27.592 8.324 25.917 7.563
277 10 2 27.474 8.354 25.798 7.594
278 10 2 27.370 8.370 25.694 7.610
279 10 2 27.266 8.371 25.590 7.610
280 10 2 27.162 8.387 25.486 7.626
281 10 2 27.058 8.417 25.382 7.657
282 10 2 26.954 8.433 25.278 7.672
283 10 2 26.835 8.434 25.159 7.673
284 10 2 26.731 8.450 25.055 7.689
285 10 2 26.627 8.466 24.950 7.705
286 10 2 26.523 8.467 24.846 7.706
287 10 2 26.419 8.482 24.742 7.722
288 10 2 26.300 8.498 24.623 7.737
289 10 2 26.196 8.499 24.519 7.738
290 10 2 26.077 8.500 24.400 7.739
291 10 2 25.973 8.516 24.295 7.755
292 10 2 25.869 8.532 24.191 7.771
293 10 2 25.765 8.533 24.087 7.772
294 10 2 25.660 8.534 23.982 7.773
295 10 2 25.765 8.673 23.968 7.891
296 10 2 25.706 8.659 24.020 7.898
297 10 2 25.609 8.660 23.923 7.899
298 10 2 25.482 8.661 23.796 7.900
299 10 2 25.386 8.677 23.700 7.916
300 10 2 25.274 8.678 23.588 7.917
301 10 2 25.162 8.679 23.476 7.918
302 10 2 25.051 8.680 23.364 7.919
303 10 2 24.954 8.681 23.267 7.920
304 10 2 24.842 8.682 23.155 7.921
305 10 2 24.730 8.683 23.043 7.922
306 10 2 24.619 8.684 22.931 7.923
307 10 2 24.507 8.685 22.820 7.924
308 10 2 24.395 8.686 22.708 7.925
309 10 2 24.298 8.687 22.611 7.926
310 10 2 24.186 8.688 22.499 7.927
311 10 2 24.075 8.675 22.387 7.913
312 10 2 23.963 8.676 22.275 7.914
313 10 2 23.866 8.677 22.178 7.915
314 10 2 23.754 8.663 22.066 7.901
315 10 2 23.657 8.664 21.968 7.902
316 10 2 23.530 8.650 21.841 7.888
317 10 2 23.433 8.651 21.744 7.889
318 10 2 23.321 8.637 21.632 7.875
319 10 2 23.224 8.638 21.535 7.876
320 10 2 23.112 8.625 21.423 7.862
321 10 2 23.000 8.611 21.311 7.849
322 10 2 22.888 8.597 21.199 7.835
323 10 2 22.791 8.583 21.102 7.821
324 10 2 22.694 8.584 21.004 7.822
325 10 2 22.597 8.570 20.907 7.808
326 10 2 22.485 8.556 20.795 7.794
327 10 2 22.373 8.543 20.683 7.780
328 10 2 22.276 8.529 20.586 7.766
329 10 2 22.179 8.515 20.488 7.752
330 10 2 22.067 8.501 20.376 7.738
331 10 2 21.970 8.487 20.279 7.725
332 10 2 21.858 8.473 20.167 7.711
333 10 2 21.760 8.459 20.069 7.697
334 10 2 21.648 8.446 19.957 7.683
335 10 2 21.551 8.432 19.860 7.669
336 10 2 21.454 8.418 19.763 7.655
337 10 2 21.357 8.404 19.665 7.641
338 10 2 21.245 8.375 19.553 7.612
339 10 2 21.147 8.347 19.456 7.584
340 10 2 21.035 8.318 19.343 7.555
341 10 2 20.938 8.304 19.246 7.541
342 10 2 20.841 8.275 19.149 7.512
343 10 2 20.743 8.247 19.051 7.483
344 10 2 20.631 8.218 18.939 7.455
345 10 2 20.534 8.204 18.841 7.441
346 10 2 20.422 8.175 18.729 7.412
347 10 2 20.324 8.147 18.632 7.383
348 10 2 20.212 8.118 18.519 7.355
349 10 2 20.115 8.089 18.422 7.326
350 10 2 20.017 8.060 18.324 7.297
351 10 2 19.920 8.017 18.227 7.253
352 10 2 19.808 7.973 18.114 7.210
353 10 2 19.725 7.944 18.032 7.181
354 10 2 19.613 7.916 17.919 7.152
355 10 2 19.531 7.872 17.837 7.108
356 10 2 19.433 7.828 17.740 7.065
357 10 2 19.336 7.785 17.642 7.021
358 10 2 19.224 7.741 17.530 6.978
359 10 2 19.141 7.712 17.447 6.949
360 10 2 19.044 7.669 17.350 6.905
361 10 2 18.946 7.625 17.252 6.861
362 10 2 18.849 7.582 17.155 6.818
363 10 2 18.752 7.538 17.057 6.774
364 10 2 18.654 7.494 16.960 6.730
365 10 2 18.572 7.451 16.877 6.686
366 10 2 18.572 7.451 16.877 6.686
367 10 2 18.572 7.451 16.877 6.686
368 10 2 18.572 7.451 16.877 6.686
369 10 2 18.572 7.451 16.877 6.686
370 10 2 18.572 7.451 16.877 6.686
371 10 2 18.572 7.451 16.877 6.686
372 10 2 18.572 7.451 16.877 6.686
373 10 2 18.572 7.451 16.877 6.686
374 10 2 18.572 7.451 16.877 6.686
375 10 2 18.572 7.451 16.877 6.686
376 10 2 18.572 7.451 16.877 6.686
377 10 2 18.572 7.451 16.877 6.686
378 10 2 18.572 7.451 16.877 6.686
380 10 2 18.564 7.443 16.869 6.679
381 10 2 18.542 7.443 16.847 6.679
382 10 2 18.549 7.443 16.854 6.679
383 10 2 18.572 7.443 16.877 6.679
384 10 2 18.564 7.443 16.869 6.679
385 10 2 18.572 7.443 16.877 6.679
386 10 2 18.564 7.443 16.869 6.679
387 10 2 18.572 7.443 16.877 6.679
388 10 2 18.564 7.428 16.869 6.664
389 10 2 18.572 7.443 16.877 6.679
390 10 2 18.564 7.428 16.869 6.664
391 10 2 18.572 7.428 16.877 6.664
392 10 2 18.564 7.428 16.869 6.664
393 10 2 18.572 7.428 16.877 6.664
394 10 2 18.564 7.428 16.869 6.664
395 10 2 18.572 7.428 16.877 6.664
396 10 2 18.564 7.428 16.869 6.664
397 10 2 18.572 7.428 16.877 6.664
398 10 2 18.579 7.428 16.885 6.664
399 10 2 18.587 7.428 16.892 6.664
400 10 2 18.579 7.428 16.885 6.664
401 10 2 18.587 7.428 16.892 6.664
402 10 2 18.579 7.428 16.885 6.664
403 10 2 18.587 7.428 16.892 6.664
404 10 2 18.579 7.428 16.885 6.664
405 10 2 18.587 7.428 16.892 6.664
406 10 2 18.579 7.428 16.885 6.664
407 10 2 18.587 7.428 16.892 6.664
408 10 2 18.579 7.428 16.885 6.664
409 10 2 18.587 7.428 16.892 6.664
410 10 2 18.579 7.428 16.885 6.664
411 10 2 18.587 7.428 16.892 6.664
412 10 2 18.579 7.428 16.885 6.664
413 10 2 18.587 7.428 16.892 6.664
414 10 2 18.579 7.428 16.885 6.664
415 10 2 18.587 7.428 16.892 6.664
416 10 2 18.579 7.428 16.885 6.664
417 10 2 18.587 7.413 16.892 6.649
418 10 2 18.579 7.399 16.885 6.634
419 10 2 18.602 7.413 16.907 6.649
420 10 2 18.594 7.398 16.900 6.634
421 10 2 18.602 7.413 16.907 6.649
422 10 2 18.594 7.398 16.900 6.634
423 10 2 18.602 7.413 16.907 6.649
424 10 2 18.594 7.398 16.900 6.634
425 10 2 18.602 7.413 16.907 6.649
426 10 2 18.594 7.398 16.900 6.634
427 10 2 18.602 7.398 16.907 6.634
428 10 2 18.594 7.398 16.900 6.634
429 10 2 18.602 7.398 16.907 6.634
430 10 2 18.594 7.398 16.900 6.634
431 10 2 18.602 7.398 16.907 6.634
432 10 2 18.609 7.398 16.915 6.634
433 10 2 18.617 7.398 16.922 6.634
434 10 2 18.609 7.398 16.915 6.634
435 10 2 18.602 7.398 16.907 6.634
436 10 2 18.594 7.398 16.900 6.634
437 10 2 18.602 7.398 16.907 6.634
438 10 2 18.594 7.398 16.900 6.634
439 10 2 18.602 7.398 16.907 6.634
440 10 2 18.594 7.398 16.900 6.634
441 10 2 18.602 7.398 16.907 6.634
442 10 2 18.609 7.398 16.915 6.634
443 10 2 18.617 7.398 16.922 6.634
444 10 2 18.609 7.398 16.915 6.634
445 10 2 18.617 7.398 16.922 6.634
446 10 2 18.609 7.398 16.915 6.634
447 10 2 18.617 7.398 16.922 6.634
448 10 2 18.609 7.398 16.915 6.634
449 10 2 18.617 7.398 16.922 6.634
450 10 2 18.609 7.398 16.915 6.634
451 10 2 18.617 7.398 16.922 6.634
452 10 2 18.624 7.398 16.930 6.634
453 10 2 18.632 7.398 16.937 6.634
454 10 2 18.624 7.398 16.930 6.634
455 10 2 18.632 7.398 16.937 6.634
456 10 2 18.624 7.398 16.930 6.634
457 10 2 18.632 7.398 16.937 6.634
458 10 2 18.639 7.398 16.945 6.634
459 10 2 18.647 7.398 16.952 6.634
460 10 2 18.639 7.398 16.945 6.634
461 10 2 18.647 7.398 16.952 6.634
462 10 2 18.654 7.398 16.960 6.634
463 10 2 18.662 7.398 16.967 6.634
464 10 2 18.654 7.398 16.960 6.634
465 10 2 18.662 7.398 16.967 6.634
466 10 2 18.669 7.398 16.975 6.634
467 10 2 18.677 7.398 16.982 6.634
468 10 2 18.669 7.398 16.975 6.634
469 10 2 18.677 7.413 16.982 6.648
470 10 2 18.669 7.398 16.975 6.634
471 10 2 18.677 7.413 16.982 6.648
472 10 2 18.684 7.398 16.990 6.634
473 10 2 18.692 7.412 16.997 6.648
431 11 1 30.160 17.511 29.478 16.612
432 11 1 30.153 17.555 29.471 16.709
433 11 1 30.146 17.600 29.464 16.806
434 11 1 30.176 17.622 29.420 16.888
435 11 1 30.220 17.592 29.443 16.888
436 11 1 30.280 17.628 29.428 16.888
437 11 1 30.266 17.665 29.420 16.896
438 11 1 30.236 17.711 29.413 16.896
439 11 1 30.207 17.793 29.435 16.881
440 11 1 30.244 17.792 29.472 16.865
441 11 1 30.252 17.882 29.487 16.887
442 11 1 30.267 17.889 29.502 16.872
443 11 1 30.282 17.896 29.524 16.880
444 11 1 30.274 17.926 29.517 16.895
445 11 1 30.289 17.933 29.525 16.917
446 11 1 30.275 17.941 29.532 16.932
447 11 1 30.275 17.971 29.540 16.969
448 11 1 30.273 17.725 29.541 17.207
449 11 1 30.290 18.015 29.496 17.059
450 11 1 30.259 17.770 29.527 17.304
451 11 1 30.266 17.770 29.535 17.363
452 11 1 30.259 17.777 29.527 17.408
453 11 1 30.266 17.792 29.535 17.453
454 11 1 30.274 17.814 29.543 17.497
455 11 1 30.281 17.822 29.550 17.519
456 11 1 30.289 17.844 29.558 17.556
457 11 1 30.311 17.866 29.581 17.593
458 11 1 30.349 17.880 29.618 17.608
459 11 1 30.371 17.880 29.640 17.607
460 11 1 30.364 17.895 29.633 17.622
461 11 1 30.386 17.924 29.655 17.652
462 11 1 30.394 17.939 29.663 17.667
463 11 1 30.401 17.954 29.670 17.681
464 11 1 30.409 17.984 29.678 17.711
465 11 1 30.416 17.998 29.685 17.726
466 11 1 30.424 18.013 29.693 17.741
467 11 1 30.432 18.058 29.701 17.785
468 11 1 30.424 18.073 29.693 17.800
469 11 1 30.432 18.102 29.701 17.830
470 11 1 30.425 18.132 29.694 17.860
471 11 1 30.432 18.162 29.701 17.890
472 11 1 30.425 18.192 29.694 17.919
473 11 1 30.418 18.222 29.687 17.949
