0 4 1 30.841 18.310 30.158 17.943
1 4 1 30.865 18.318 30.150 17.935
2 4 1 30.873 18.302 30.158 17.919
3 4 1 30.881 18.270 30.166 17.887
4 4 1 30.994 18.277 30.230 17.717
6 4 1 30.986 18.269 30.222 17.709
7 4 1 30.986 18.229 30.222 17.669
8 4 1 30.986 18.204 30.222 17.645
9 4 1 30.986 18.148 30.222 17.588
10 4 1 30.986 18.108 30.222 17.548
11 4 1 30.986 18.067 30.222 17.508
12 4 1 30.986 18.027 30.223 17.468
13 4 1 30.986 17.971 30.223 17.411
14 4 1 30.986 17.946 30.223 17.387
15 4 1 30.986 17.906 30.223 17.347
16 4 1 30.970 17.963 30.247 17.322
18 4 1 30.962 17.955 30.239 17.314
19 4 1 30.954 17.914 30.231 17.274
20 4 1 30.962 17.890 30.239 17.250
21 4 1 30.970 17.834 30.247 17.193
22 4 1 30.962 17.793 30.239 17.153
23 4 1 30.954 17.737 30.231 17.097
24 4 1 30.962 17.697 30.239 17.057
25 4 1 30.954 17.640 30.231 17.000
26 4 1 30.962 17.584 30.239 16.944
27 4 1 30.954 17.528 30.231 16.887
28 4 1 30.963 17.471 30.239 16.831
29 4 1 30.955 17.415 30.231 16.775
30 4 1 30.963 17.375 30.239 16.734
31 4 1 30.955 17.318 30.232 16.678
32 4 1 30.963 17.278 30.240 16.638
33 4 1 30.955 17.222 30.232 16.581
34 4 1 30.947 17.181 30.224 16.541
35 4 1 30.939 17.141 30.216 16.501
36 4 1 30.947 17.101 30.224 16.461
37 4 1 30.939 17.044 30.216 16.404
38 4 1 30.931 17.004 30.208 16.364
39 4 1 30.923 16.948 30.200 16.308
40 4 1 30.915 16.908 30.192 16.268
41 4 1 30.907 16.835 30.184 16.195
42 4 1 30.899 16.706 30.063 15.946
43 4 1 30.851 16.658 30.104 15.994
44 4 1 30.851 16.610 30.104 15.946
45 4 1 30.835 16.546 30.088 15.882
46 4 1 30.851 16.497 30.104 15.833
47 4 1 30.835 16.449 30.088 15.785
48 4 1 30.835 16.401 30.088 15.737
49 4 1 30.923 16.320 29.983 15.713
50 4 1 30.843 16.336 30.064 15.689
51 4 1 30.843 16.304 30.064 15.656
52 4 1 30.843 16.256 30.064 15.608
53 4 1 30.843 16.224 30.064 15.576
54 4 1 30.843 16.175 30.064 15.528
55 4 1 30.843 16.111 30.064 15.463
56 4 1 30.843 16.047 30.064 15.399
57 4 1 30.843 15.982 30.064 15.335
58 4 1 30.843 15.918 30.064 15.270
59 4 1 30.843 15.870 30.064 15.222
60 4 1 30.843 15.821 30.064 15.174
61 4 1 30.844 15.757 30.065 15.109
62 4 1 30.844 15.709 30.065 15.061
63 4 1 30.844 15.660 30.065 15.013
64 4 1 30.860 15.596 30.081 14.948
65 4 1 30.860 15.548 30.081 14.900
66 4 1 30.860 15.515 30.081 14.868
67 4 1 30.860 15.467 30.081 14.820
68 4 1 30.860 15.403 30.081 14.755
69 4 1 30.844 15.355 30.065 14.707
70 4 1 30.852 15.242 29.977 14.410
71 4 1 30.804 15.162 30.017 14.498
72 4 1 30.796 15.113 30.009 14.450
73 4 1 30.788 15.065 30.001 14.402
74 4 1 30.780 15.001 29.993 14.337
75 4 1 30.772 14.953 29.985 14.289
76 4 1 30.764 14.888 29.977 14.225
77 4 1 30.772 14.840 29.985 14.177
78 4 1 30.764 14.792 29.977 14.128
79 4 1 30.756 14.744 29.969 14.080
80 4 1 30.748 14.696 29.961 14.032
81 4 1 30.756 14.647 29.970 13.984
82 4 1 30.748 14.599 29.962 13.936
83 4 1 30.740 14.551 29.954 13.887
84 4 1 30.764 14.519 29.994 13.799
85 4 1 30.764 14.486 29.986 13.823
86 4 1 30.764 14.438 29.986 13.775
87 4 1 30.765 14.390 29.986 13.726
88 4 1 30.765 14.342 29.986 13.678
89 4 1 30.765 14.293 29.986 13.630
90 4 1 30.765 14.245 29.986 13.582
91 4 1 30.732 14.310 29.954 13.413
92 4 1 30.733 14.205 29.954 13.518
93 4 1 30.733 14.165 29.954 13.478
94 4 1 30.733 14.109 29.954 13.421
95 4 1 30.733 14.069 29.954 13.381
96 4 1 30.749 14.012 29.970 13.325
97 4 1 30.749 13.972 29.970 13.285
98 4 1 30.765 13.916 29.987 13.228
99 4 1 30.765 13.876 29.987 13.188
100 4 1 30.765 13.819 29.987 13.132
101 4 1 30.765 13.763 29.987 13.076
102 4 1 30.749 13.691 29.971 13.003
103 4 1 30.749 13.651 29.971 12.963
104 4 1 30.749 13.594 29.971 12.907
105 4 1 30.765 13.554 29.987 12.867
106 4 1 30.781 13.498 30.003 12.810
107 4 1 30.782 13.442 30.003 12.754
108 4 1 30.782 13.385 30.003 12.698
109 4 1 30.782 13.345 30.003 12.658
110 4 1 30.782 13.289 30.003 12.602
111 4 1 30.766 13.249 29.987 12.562
112 4 1 30.774 13.048 30.020 12.369
114 4 1 30.766 13.040 30.012 12.361
115 4 1 30.774 12.992 30.020 12.313
116 4 1 30.766 12.976 30.012 12.296
117 4 1 30.774 12.912 30.020 12.232
118 4 1 30.766 12.863 30.012 12.184
119 4 1 30.774 12.831 30.020 12.152
120 4 1 30.766 12.783 30.012 12.104
121 4 1 30.774 12.719 30.020 12.040
122 4 1 30.766 12.671 30.012 11.991
123 4 1 30.774 12.639 30.020 11.959
124 4 1 30.766 12.590 30.012 11.911
125 4 1 30.774 12.526 30.020 11.847
126 4 1 30.766 12.494 30.012 11.815
127 4 1 30.774 12.446 30.021 11.767
128 4 1 30.775 12.269 30.029 11.582
130 4 1 30.767 12.261 30.021 11.574
131 4 1 30.767 12.221 30.021 11.534
132 4 1 30.767 12.165 30.021 11.478
133 4 1 30.767 12.125 30.021 11.438
134 4 1 30.767 12.069 30.021 11.381
135 4 1 30.767 12.028 30.021 11.341
136 4 1 30.751 11.972 30.005 11.285
137 4 1 30.751 11.932 30.005 11.245
138 4 1 30.751 11.876 30.005 11.189
139 4 1 30.735 11.836 29.989 11.149
140 4 1 30.655 11.933 29.965 11.061
141 4 1 30.679 11.836 29.941 11.141
142 4 1 30.671 11.804 29.933 11.109
143 4 1 30.663 11.756 29.925 11.061
144 4 1 30.655 11.724 29.917 11.029
145 4 1 30.647 11.692 29.909 10.997
146 4 1 30.655 11.660 29.917 10.965
147 4 1 30.647 11.628 29.909 10.933
148 4 1 30.639 11.596 29.901 10.901
149 4 1 30.631 11.564 29.893 10.869
150 4 1 30.639 11.515 29.901 10.820
151 4 1 30.631 11.483 29.893 10.788
152 4 1 30.623 11.451 29.885 10.756
153 4 1 30.615 11.419 29.877 10.724
154 4 1 30.623 11.387 29.885 10.692
155 4 1 30.615 11.355 29.877 10.660
156 4 1 30.607 11.323 29.869 10.628
157 4 1 30.599 11.291 29.861 10.596
158 4 1 30.591 11.259 29.853 10.564
159 4 1 30.583 11.227 29.846 10.532
160 4 1 30.591 11.179 29.854 10.484
161 4 1 30.583 11.147 29.846 10.452
162 4 1 30.575 11.131 29.838 10.436
163 4 1 30.567 11.099 29.830 10.404
164 4 1 30.559 11.051 29.822 10.356
165 4 1 30.551 11.002 29.814 10.307
166 4 1 30.559 10.954 29.822 10.259
167 4 1 30.551 10.922 29.814 10.227
168 4 1 30.543 10.890 29.806 10.195
169 4 1 30.535 10.842 29.798 10.147
170 4 1 30.527 10.810 29.790 10.115
171 4 1 30.503 10.778 29.766 10.083
172 4 1 30.495 10.730 29.758 10.035
173 4 1 30.487 10.698 29.750 10.003
174 4 1 30.479 10.650 29.742 9.955
175 4 1 30.455 10.602 29.718 9.907
176 4 1 30.447 10.554 29.710 9.859
177 4 1 30.423 10.506 29.686 9.811
178 4 1 30.415 10.458 29.678 9.763
179 4 1 30.391 10.426 29.654 9.731
180 4 1 30.399 10.394 29.662 9.699
181 4 1 30.375 10.362 29.638 9.667
182 4 1 30.367 10.314 29.630 9.619
183 4 1 30.359 10.282 29.622 9.587
184 4 1 30.368 10.233 29.630 9.539
185 4 1 30.360 10.201 29.622 9.506
186 4 1 30.368 10.169 29.630 9.474
187 4 1 30.344 10.137 29.606 9.442
188 4 1 30.352 10.105 29.614 9.410
189 4 1 30.344 10.073 29.606 9.378
190 4 1 30.352 10.041 29.614 9.346
191 4 1 30.344 10.009 29.606 9.314
192 4 1 30.352 9.961 29.614 9.266
193 4 1 30.344 9.929 29.607 9.234
194 4 1 30.352 9.897 29.615 9.202
195 4 1 30.360 9.865 29.623 9.170
196 4 1 30.368 9.833 29.631 9.138
197 4 1 30.376 9.801 29.639 9.106
198 4 1 30.384 9.768 29.647 9.074
199 4 1 30.392 9.736 29.655 9.042
200 4 1 30.400 9.704 29.663 9.010
201 4 1 30.392 9.672 29.655 8.978
202 4 1 30.400 9.624 29.663 8.929
203 4 1 30.529 9.480 29.679 8.713
205 4 1 30.473 9.448 29.728 8.745
206 4 1 30.473 9.408 29.728 8.705
207 4 1 30.473 9.368 29.728 8.665
208 4 1 30.473 9.328 29.728 8.625
209 4 1 30.473 9.271 29.728 8.569
210 4 1 30.473 9.231 29.728 8.529
211 4 1 30.473 9.191 29.728 8.489
212 4 1 30.473 9.151 29.728 8.449
213 4 1 30.473 9.095 29.728 8.393
214 4 1 30.473 9.055 29.728 8.353
215 4 1 30.473 8.999 29.728 8.297
216 4 1 30.473 8.959 29.728 8.257
217 4 1 30.473 8.903 29.728 8.201
218 4 1 30.473 8.879 29.728 8.177
219 4 1 30.489 8.839 29.744 8.136
220 4 1 30.506 8.799 29.761 8.096
221 4 1 30.506 8.759 29.761 8.056
222 4 1 30.506 8.735 29.761 8.032
223 4 1 30.506 8.679 29.761 7.976
224 4 1 30.490 8.623 29.745 7.920
225 4 1 30.506 8.567 29.761 7.864
226 4 1 30.506 8.303 29.769 7.584
228 4 1 30.498 8.295 29.761 7.576
229 4 1 30.506 8.255 29.769 7.536
230 4 1 30.530 8.214 29.793 7.496
231 4 1 30.538 8.158 29.802 7.440
232 4 1 30.562 8.118 29.826 7.400
233 4 1 30.554 8.062 29.818 7.344
234 4 1 30.579 8.022 29.842 7.304
235 4 1 30.587 7.966 29.850 7.248
236 4 1 30.611 7.926 29.874 7.208
237 4 1 30.603 7.902 29.866 7.184
238 4 1 30.595 7.862 29.858 7.144
239 4 1 30.603 7.822 29.866 7.104
240 4 1 30.611 7.798 29.874 7.080
241 4 1 30.603 7.742 29.866 7.024
242 4 1 30.611 7.702 29.874 6.984
244 4 1 30.603 7.694 29.866 6.976
245 4 1 30.611 7.654 29.874 6.936
246 4 1 30.603 7.598 29.866 6.880
247 4 1 30.627 7.558 29.891 6.840
248 4 1 30.635 7.486 29.899 6.768
249 4 1 30.643 7.430 29.907 6.712
250 4 1 30.651 7.374 29.915 6.656
251 4 1 30.659 7.334 29.923 6.616
252 4 1 30.667 7.278 29.931 6.560
253 4 1 30.692 7.222 29.955 6.504
254 4 1 30.700 7.182 29.963 6.464
255 4 1 30.708 7.142 29.971 6.424
256 4 1 30.700 7.086 29.963 6.368
257 4 1 30.692 7.046 29.955 6.328
258 4 1 30.668 7.006 29.931 6.288
259 4 1 30.676 6.966 29.939 6.248
260 4 1 30.668 6.910 29.931 6.192
261 4 1 30.676 6.870 29.940 6.152
262 4 1 30.668 6.814 29.932 6.096
263 4 1 30.676 6.774 29.940 6.056
264 4 1 30.668 6.718 29.932 6.000
265 4 1 30.676 6.662 29.940 5.944
266 4 1 30.684 6.606 29.948 5.888
267 4 1 30.692 6.566 29.956 5.848
268 4 1 30.700 6.510 29.964 5.793
269 4 1 30.724 6.454 29.988 5.737
270 4 1 30.748 6.414 30.012 5.697
271 4 1 30.773 6.390 30.036 5.673
272 4 1 30.829 6.214 30.093 5.425
274 4 1 30.821 6.182 30.085 5.465
275 4 1 30.813 6.158 30.077 5.441
276 4 1 30.821 6.134 30.085 5.417
277 4 1 30.813 6.079 30.077 5.361
278 4 1 30.821 6.039 30.085 5.321
279 4 1 30.813 5.983 30.077 5.265
280 4 1 30.821 5.943 30.085 5.225
281 4 1 30.813 5.871 30.077 5.153
282 4 1 30.821 5.831 30.085 5.113
283 4 1 30.829 5.775 30.093 5.057
284 4 1 30.837 5.719 30.101 5.001
285 4 1 30.829 5.663 30.093 4.946
286 4 1 30.837 5.623 30.101 4.906
287 4 1 30.829 5.583 30.093 4.866
288 4 1 30.853 5.559 30.117 4.842
289 4 1 30.845 5.519 30.109 4.802
290 4 1 30.837 5.479 30.102 4.762
291 4 1 30.829 5.439 30.094 4.722
292 4 1 30.838 5.400 30.102 4.682
293 4 1 30.846 5.344 30.110 4.626
294 4 1 30.854 5.304 30.118 4.586
295 4 1 30.862 5.248 30.126 4.530
296 4 1 30.870 5.208 30.134 4.490
297 4 1 30.878 5.152 30.142 4.434
298 4 1 30.886 5.112 30.150 4.395
299 4 1 30.894 5.056 30.158 4.339
300 4 1 30.918 5.000 30.182 4.283
301 4 1 30.910 4.944 30.174 4.227
302 4 1 30.934 4.904 30.198 4.187
303 4 1 30.926 4.848 30.190 4.131
304 4 1 30.950 4.808 30.214 4.091
305 4 1 30.942 4.769 30.206 4.051
306 4 1 30.950 4.745 30.215 4.027
307 4 1 30.942 4.689 30.207 3.971
308 4 1 30.966 4.649 30.231 3.932
309 4 1 30.974 4.593 30.239 3.876
310 4 1 30.982 4.553 30.247 3.836
311 4 1 30.990 4.497 30.255 3.780
312 4 1 30.999 4.457 30.263 3.740
313 4 1 30.991 4.401 30.255 3.684
314 4 1 30.999 4.361 30.263 3.644
315 4 1 31.007 4.306 30.271 3.588
316 4 1 31.015 4.250 30.279 3.533
317 4 1 31.007 4.194 30.271 3.477
318 4 1 31.031 4.154 30.295 3.437
319 4 1 31.023 4.098 30.287 3.381
320 4 1 31.031 4.074 30.295 3.357
321 4 1 31.023 4.034 30.287 3.317
322 4 1 31.047 3.994 30.311 3.277
323 4 1 31.039 3.955 30.304 3.237
324 4 1 31.047 3.915 30.312 3.198
325 4 1 31.055 3.875 30.320 3.158
326 4 1 31.063 3.835 30.328 3.118
327 4 1 31.055 3.795 30.320 3.078
328 4 1 31.079 3.755 30.344 3.038
329 4 1 31.071 3.699 30.336 2.982
330 4 1 31.095 3.659 30.360 2.942
331 4 1 31.087 3.604 30.352 2.887
332 4 1 31.111 3.564 30.376 2.847
333 4 1 31.119 3.508 30.384 2.791
334 4 1 31.127 3.468 30.392 2.751
335 4 1 31.135 3.412 30.400 2.695
336 4 1 31.144 3.372 30.408 2.655
337 4 1 31.152 3.316 30.416 2.599
338 4 1 31.160 3.292 30.424 2.576
339 4 1 31.168 3.253 30.432 2.536
340 4 1 31.176 3.229 30.440 2.512
341 4 1 31.168 3.189 30.432 2.472
342 4 1 31.176 3.149 30.440 2.432
343 4 1 31.184 3.093 30.449 2.376
344 4 1 31.192 3.053 30.457 2.336
345 4 1 31.184 3.013 30.449 2.297
346 4 1 31.192 2.974 30.457 2.257
347 4 1 31.184 2.918 30.449 2.201
348 4 1 31.192 2.878 30.457 2.161
349 4 1 31.184 2.838 30.449 2.121
350 4 1 31.192 2.798 30.457 2.081
351 4 1 31.184 2.742 30.449 2.026
352 4 1 31.192 2.703 30.457 1.986
353 4 1 31.184 2.663 30.449 1.946
354 4 1 31.192 2.639 30.457 1.922
355 4 1 31.184 2.599 30.449 1.882
356 4 1 31.176 2.591 30.441 1.874
357 4 1 31.168 2.551 30.433 1.834
358 4 1 31.176 2.543 30.441 1.826
359 4 1 31.168 2.503 30.433 1.787
360 4 1 31.160 2.479 30.425 1.763
361 4 1 31.152 2.456 30.417 1.739
362 4 1 31.336 2.400 30.601 1.683
364 4 1 31.328 2.392 30.593 1.675
365 4 1 31.336 2.368 30.601 1.651
366 4 1 31.328 2.328 30.593 1.611
367 4 1 31.336 2.304 30.601 1.587
368 4 1 31.328 2.280 30.593 1.564
369 4 1 31.336 2.256 30.601 1.540
370 4 1 31.328 2.232 30.593 1.516
371 4 1 31.336 2.208 30.601 1.492
372 4 1 31.360 2.169 30.625 1.452
373 4 1 31.384 2.161 30.649 1.444
374 4 1 31.392 2.121 30.658 1.404
375 4 1 31.400 2.097 30.666 1.380
376 4 1 31.408 2.073 30.674 1.356
377 4 1 31.432 2.049 30.698 1.333
378 4 1 31.440 2.009 30.706 1.293
379 4 1 31.464 1.985 30.730 1.269
380 4 1 31.457 1.922 30.722 1.285
381 4 1 31.465 1.898 30.730 1.261
382 4 1 31.457 1.850 30.722 1.269
383 4 1 31.465 1.842 30.730 1.261
384 4 1 31.457 1.818 30.722 1.237
385 4 1 31.465 1.794 30.730 1.213
386 4 1 31.457 1.746 30.722 1.213
387 4 1 31.465 1.723 30.730 1.189
388 4 1 31.457 1.699 30.722 1.165
389 4 1 31.465 1.667 30.730 1.173
390 4 1 31.457 1.643 30.722 1.149
391 4 1 31.465 1.619 30.730 1.157
392 4 1 31.457 1.611 30.722 1.149
393 4 1 31.449 1.611 30.714 1.149
394 4 1 31.441 1.603 30.706 1.141
395 4 1 31.449 1.603 30.714 1.141
396 4 1 31.441 1.595 30.706 1.134
397 4 1 31.449 1.595 30.714 1.134
398 4 1 31.441 1.587 30.706 1.126
399 4 1 31.449 1.595 30.714 1.134
400 4 1 31.457 1.579 30.722 1.118
401 4 1 31.465 1.571 30.730 1.141
402 4 1 31.457 1.555 30.722 1.149
403 4 1 31.465 1.555 30.730 1.149
404 4 1 31.457 1.555 30.722 1.149
405 4 1 31.465 1.555 30.730 1.149
406 4 1 31.457 1.555 30.722 1.149
407 4 1 31.465 1.555 30.730 1.149
408 4 1 31.457 1.555 30.722 1.149
409 4 1 31.465 1.555 30.730 1.149
410 4 1 31.457 1.563 30.722 1.157
411 4 1 31.465 1.563 30.730 1.157
412 4 1 31.457 1.563 30.722 1.157
413 4 1 31.465 1.563 30.730 1.157
414 4 1 31.457 1.563 30.722 1.157
415 4 1 31.465 1.563 30.730 1.157
416 4 1 31.473 1.563 30.738 1.157
417 4 1 31.481 1.563 30.746 1.157
418 4 1 31.473 1.563 30.738 1.157
419 4 1 31.481 1.563 30.746 1.157
420 4 1 31.473 1.571 30.738 1.165
421 4 1 31.481 1.571 30.746 1.165
422 4 1 31.473 1.571 30.738 1.165
423 4 1 31.481 1.571 30.746 1.165
424 4 1 31.473 1.571 30.738 1.165
425 4 1 31.481 1.571 30.746 1.165
426 4 1 31.473 1.571 30.738 1.165
427 4 1 31.465 1.571 30.730 1.165
428 4 1 31.457 1.571 30.722 1.165
429 4 1 31.465 1.571 30.730 1.165
430 4 1 31.457 1.571 30.722 1.165
431 4 1 31.449 1.571 30.714 1.165
432 4 1 31.441 1.571 30.706 1.165
433 4 1 31.449 1.571 30.714 1.165
434 4 1 31.441 1.571 30.706 1.165
435 4 1 31.433 1.571 30.698 1.165
436 4 1 31.425 1.579 30.690 1.173
437 4 1 31.433 1.579 30.698 1.173
438 4 1 31.425 1.579 30.690 1.173
439 4 1 31.433 1.579 30.698 1.173
440 4 1 31.425 1.579 30.690 1.173
441 4 1 31.433 1.579 30.698 1.173
442 4 1 31.425 1.579 30.690 1.173
443 4 1 31.433 1.579 30.698 1.173
444 4 1 31.425 1.579 30.690 1.173
445 4 1 31.433 1.579 30.698 1.173
446 4 1 31.425 1.579 30.690 1.173
447 4 1 31.433 1.579 30.698 1.173
448 4 1 31.425 1.579 30.690 1.173
449 4 1 31.433 1.579 30.698 1.173
450 4 1 31.441 1.579 30.706 1.173
451 4 1 31.449 1.579 30.714 1.173
452 4 1 31.441 1.579 30.706 1.173
453 4 1 31.449 1.579 30.714 1.173
454 4 1 31.441 1.579 30.706 1.173
455 4 1 31.449 1.579 30.714 1.173
456 4 1 31.441 1.579 30.706 1.173
457 4 1 31.433 1.579 30.698 1.173
458 4 1 31.425 1.579 30.690 1.173
459 4 1 31.433 1.579 30.698 1.173
460 4 1 31.425 1.579 30.690 1.173
461 4 1 31.417 1.579 30.682 1.173
462 4 1 31.409 1.579 30.674 1.173
463 4 1 31.417 1.579 30.682 1.173
464 4 1 31.409 1.579 30.674 1.173
465 4 1 31.401 1.579 30.666 1.173
466 4 1 31.393 1.579 30.658 1.173
467 4 1 31.401 1.579 30.666 1.173
468 4 1 31.393 1.579 30.658 1.173
469 4 1 31.401 1.579 30.666 1.173
470 4 1 31.393 1.579 30.658 1.173
471 4 1 31.385 1.579 30.650 1.173
472 4 1 31.377 1.579 30.642 1.173
473 4 1 31.385 1.579 30.650 1.173
474 4 1 31.377 1.579 30.642 1.173
475 4 1 31.385 1.579 30.650 1.173
476 4 1 31.377 1.579 30.642 1.173
477 4 1 31.385 1.579 30.650 1.173
478 4 1 31.377 1.579 30.642 1.173
479 4 1 31.385 1.579 30.650 1.173
480 4 1 31.377 1.579 30.642 1.173
481 4 1 31.369 1.579 30.634 1.173
482 4 1 31.361 1.587 30.626 1.181
0 5 1 31.758 18.304 31.107 17.833
1 5 1 31.782 18.312 31.099 17.825
2 5 1 31.774 18.296 31.091 17.809
3 5 1 31.790 18.264 31.107 17.776
4 5 1 31.870 18.263 31.091 17.744
6 5 1 31.862 18.255 31.083 17.736
7 5 1 31.862 18.223 31.083 17.704
8 5 1 31.862 18.207 31.083 17.688
9 5 1 31.862 18.191 31.083 17.672
10 5 1 31.862 18.191 31.083 17.672
11 5 1 31.879 18.159 31.099 17.640
12 5 1 31.895 18.126 31.115 17.607
13 5 1 31.879 18.094 31.099 17.575
14 5 1 31.895 18.029 31.115 17.511
15 5 1 31.879 17.981 31.099 17.462
16 5 1 31.879 17.917 31.099 17.398
18 5 1 31.879 17.820 31.099 17.301
19 5 1 31.895 17.772 31.115 17.253
20 5 1 31.879 17.723 31.099 17.205
21 5 1 31.895 17.659 31.116 17.140
22 5 1 31.879 17.611 31.100 17.092
23 5 1 31.895 17.562 31.116 17.043
24 5 1 31.895 17.514 31.116 16.995
25 5 1 31.911 17.449 31.132 16.931
26 5 1 31.927 17.401 31.148 16.882
27 5 1 31.927 17.353 31.148 16.834
28 5 1 31.943 17.288 31.164 16.769
29 5 1 31.975 17.256 31.196 16.737
30 5 1 31.976 17.224 31.196 16.705
31 5 1 31.992 17.175 31.212 16.656
32 5 1 31.992 17.127 31.212 16.608
33 5 1 32.008 17.062 31.229 16.543
34 5 1 32.024 17.014 31.245 16.495
35 5 1 32.008 16.966 31.229 16.447
36 5 1 32.024 16.917 31.245 16.398
37 5 1 32.024 16.869 31.245 16.350
38 5 1 31.960 16.942 31.213 16.326
40 5 1 31.952 16.934 31.205 16.318
41 5 1 31.952 16.886 31.205 16.270
42 5 1 31.960 16.813 31.197 16.093
43 5 1 31.952 16.773 31.205 16.133
44 5 1 31.952 16.733 31.205 16.093
45 5 1 31.952 16.692 31.205 16.053
46 5 1 31.952 16.636 31.205 15.996
47 5 1 31.952 16.580 31.205 15.940
48 5 1 31.936 16.523 31.189 15.884
49 5 1 31.936 16.483 31.189 15.843
50 5 1 31.936 16.411 31.189 15.771
51 5 1 31.920 16.371 31.173 15.731
52 5 1 31.920 16.298 31.173 15.659
53 5 1 31.920 16.242 31.173 15.602
54 5 1 31.920 16.185 31.173 15.546
55 5 1 31.920 16.129 31.173 15.490
56 5 1 31.944 16.049 31.189 15.425
57 5 1 31.936 16.049 31.189 15.417
58 5 1 31.936 16.000 31.189 15.369
59 5 1 31.936 15.968 31.189 15.337
60 5 1 31.936 15.920 31.189 15.288
61 5 1 31.936 15.839 31.190 15.208
62 5 1 31.936 15.791 31.190 15.160
63 5 1 31.936 15.727 31.190 15.095
64 5 1 31.936 15.679 31.190 15.047
65 5 1 31.936 15.630 31.190 14.999
66 5 1 31.936 15.566 31.190 14.935
67 5 1 31.936 15.502 31.190 14.870
68 5 1 31.936 15.453 31.190 14.822
69 5 1 31.936 15.405 31.190 14.774
70 5 1 31.936 15.461 31.190 14.508
71 5 1 31.928 15.317 31.182 14.661
72 5 1 31.928 15.260 31.182 14.605
73 5 1 31.912 15.220 31.166 14.565
74 5 1 31.896 15.164 31.150 14.509
75 5 1 31.896 15.124 31.150 14.468
76 5 1 31.880 15.084 31.134 14.428
77 5 1 31.864 15.044 31.118 14.388
78 5 1 31.864 14.987 31.118 14.332
79 5 1 31.848 14.947 31.102 14.292
80 5 1 31.816 14.891 31.070 14.236
81 5 1 31.800 14.835 31.054 14.180
82 5 1 31.800 14.779 31.054 14.123
83 5 1 31.784 14.739 31.038 14.083
84 5 1 31.752 14.682 31.006 14.027
85 5 1 31.752 14.626 31.006 13.971
86 5 1 31.736 14.570 30.990 13.915
87 5 1 31.736 14.530 30.990 13.874
88 5 1 31.736 14.474 30.990 13.818
89 5 1 31.736 14.433 30.990 13.778
90 5 1 31.720 14.377 30.974 13.722
91 5 1 31.688 14.297 31.006 13.625
92 5 1 31.712 14.289 30.974 13.634
93 5 1 31.704 14.249 30.966 13.593
94 5 1 31.712 14.209 30.974 13.553
95 5 1 31.704 14.152 30.966 13.497
96 5 1 31.712 14.112 30.974 13.457
97 5 1 31.688 14.056 30.950 13.401
98 5 1 31.696 14.016 30.958 13.360
99 5 1 31.688 13.960 30.950 13.304
100 5 1 31.696 13.903 30.958 13.248
101 5 1 31.688 13.831 30.950 13.176
102 5 1 31.697 13.791 30.958 13.136
103 5 1 31.689 13.735 30.951 13.079
104 5 1 31.681 13.695 30.943 13.039
105 5 1 31.737 13.582 30.903 12.863
106 5 1 31.689 13.550 30.951 12.895
107 5 1 31.681 13.510 30.943 12.855
108 5 1 31.673 13.470 30.935 12.814
109 5 1 31.665 13.430 30.927 12.774
110 5 1 31.657 13.373 30.919 12.718
111 5 1 31.665 13.317 30.927 12.662
112 5 1 31.641 13.277 30.903 12.622
114 5 1 31.625 13.181 30.887 12.526
115 5 1 31.617 13.125 30.879 12.469
116 5 1 31.593 13.069 30.855 12.413
117 5 1 31.601 13.012 30.863 12.357
118 5 1 31.577 12.956 30.839 12.301
119 5 1 31.601 12.988 30.935 12.116
120 5 1 31.625 12.884 30.895 12.213
121 5 1 31.625 12.844 30.895 12.172
122 5 1 31.625 12.803 30.895 12.132
123 5 1 31.609 12.747 30.879 12.076
124 5 1 31.609 12.707 30.879 12.036
125 5 1 31.609 12.667 30.879 11.996
126 5 1 31.609 12.643 30.879 11.972
127 5 1 31.593 12.603 30.863 11.932
128 5 1 31.593 12.547 30.863 11.876
130 5 1 31.577 12.467 30.847 11.795
131 5 1 31.577 12.410 30.847 11.739
132 5 1 31.577 12.354 30.847 11.683
133 5 1 31.577 12.282 30.848 11.611
134 5 1 31.577 12.242 30.848 11.571
135 5 1 31.577 12.186 30.848 11.515
136 5 1 31.577 12.146 30.848 11.475
137 5 1 31.561 12.106 30.832 11.435
138 5 1 31.561 12.081 30.832 11.410
139 5 1 31.561 12.025 30.832 11.354
140 5 1 31.457 11.889 30.832 11.306
141 5 1 31.505 11.929 30.792 11.266
142 5 1 31.505 11.897 30.792 11.234
143 5 1 31.489 11.865 30.776 11.202
144 5 1 31.489 11.817 30.776 11.154
145 5 1 31.473 11.785 30.760 11.122
146 5 1 31.473 11.753 30.760 11.090
147 5 1 31.465 11.785 30.736 10.946
148 5 1 31.457 11.697 30.744 11.026
149 5 1 31.441 11.657 30.728 10.986
150 5 1 31.441 11.633 30.728 10.962
151 5 1 31.425 11.593 30.712 10.922
152 5 1 31.409 11.553 30.696 10.882
153 5 1 31.409 11.512 30.696 10.842
154 5 1 31.393 11.488 30.680 10.818
155 5 1 31.393 11.464 30.680 10.793
156 5 1 31.393 11.440 30.680 10.769
157 5 1 31.377 11.416 30.664 10.745
158 5 1 31.377 11.392 30.664 10.721
159 5 1 31.361 11.368 30.648 10.697
160 5 1 31.361 11.344 30.648 10.673
161 5 1 31.345 11.320 30.632 10.649
162 5 1 31.345 11.296 30.632 10.625
163 5 1 31.345 11.272 30.632 10.601
164 5 1 31.329 11.248 30.616 10.577
165 5 1 31.329 11.224 30.616 10.553
166 5 1 31.329 11.200 30.616 10.529
167 5 1 31.329 11.160 30.616 10.489
168 5 1 31.329 11.136 30.616 10.465
169 5 1 31.313 11.096 30.600 10.425
170 5 1 31.313 11.072 30.600 10.401
171 5 1 31.313 11.032 30.600 10.361
172 5 1 31.313 10.992 30.600 10.321
173 5 1 31.297 10.952 30.584 10.281
174 5 1 31.297 10.911 30.584 10.241
175 5 1 31.297 10.871 30.584 10.201
176 5 1 31.297 10.847 30.584 10.177
177 5 1 31.298 10.807 30.584 10.136
178 5 1 31.298 10.799 30.584 10.128
179 5 1 31.298 10.759 30.584 10.088
180 5 1 31.298 10.751 30.584 10.080
181 5 1 31.282 10.727 30.568 10.056
182 5 1 31.282 10.703 30.568 10.032
183 5 1 31.282 10.679 30.568 10.008
184 5 1 31.282 10.655 30.568 9.984
185 5 1 31.282 10.631 30.568 9.960
186 5 1 31.266 10.623 30.552 9.952
187 5 1 31.266 10.583 30.552 9.912
188 5 1 31.250 10.559 30.536 9.888
189 5 1 31.250 10.519 30.536 9.848
190 5 1 31.234 10.495 30.520 9.824
191 5 1 31.234 10.455 30.520 9.784
192 5 1 31.218 10.431 30.504 9.760
193 5 1 31.202 10.391 30.488 9.720
194 5 1 31.202 10.351 30.489 9.680
195 5 1 31.186 10.311 30.473 9.640
196 5 1 31.170 10.271 30.457 9.600
197 5 1 31.154 10.215 30.441 9.544
198 5 1 31.138 10.175 30.425 9.504
199 5 1 31.138 10.135 30.425 9.464
200 5 1 31.122 10.095 30.409 9.424
201 5 1 31.122 10.055 30.409 9.384
202 5 1 31.122 10.030 30.409 9.360
203 5 1 31.122 9.990 30.409 9.320
205 5 1 31.106 9.910 30.393 9.240
206 5 1 31.106 9.886 30.393 9.216
207 5 1 31.106 9.830 30.393 9.160
208 5 1 31.122 9.790 30.409 9.120
209 5 1 31.122 9.750 30.409 9.079
210 5 1 31.122 9.710 30.409 9.039
211 5 1 31.138 9.654 30.425 8.983
212 5 1 31.154 9.614 30.441 8.943
213 5 1 31.154 9.558 30.441 8.887
214 5 1 31.170 9.502 30.457 8.831
215 5 1 31.186 9.429 30.473 8.759
216 5 1 31.202 9.389 30.490 8.719
217 5 1 31.219 9.333 30.506 8.663
218 5 1 31.219 9.293 30.506 8.623
219 5 1 31.219 9.237 30.506 8.567
220 5 1 31.219 9.213 30.506 8.543
221 5 1 31.219 9.157 30.506 8.487
222 5 1 31.219 9.117 30.506 8.447
223 5 1 31.219 9.077 30.506 8.407
224 5 1 31.235 9.037 30.522 8.367
225 5 1 31.251 8.981 30.538 8.310
226 5 1 31.267 8.925 30.554 8.254
228 5 1 31.283 8.813 30.570 8.142
229 5 1 31.283 8.757 30.570 8.086
230 5 1 31.283 8.701 30.570 8.030
231 5 1 31.299 8.628 30.587 7.958
232 5 1 31.299 8.572 30.587 7.902
233 5 1 31.299 8.516 30.587 7.846
234 5 1 31.315 8.476 30.603 7.806
235 5 1 31.315 8.436 30.603 7.766
236 5 1 31.332 8.396 30.619 7.726
237 5 1 31.348 8.340 30.635 7.670
238 5 1 31.348 8.300 30.635 7.630
239 5 1 31.364 8.244 30.651 7.574
240 5 1 31.380 8.204 30.667 7.534
241 5 1 31.396 8.148 30.683 7.478
242 5 1 31.412 8.108 30.699 7.438
244 5 1 31.444 8.012 30.731 7.342
245 5 1 31.460 7.940 30.748 7.270
246 5 1 31.476 7.900 30.764 7.230
247 5 1 31.492 7.828 30.780 7.158
248 5 1 31.508 7.788 30.796 7.118
249 5 1 31.524 7.716 30.812 7.046
250 5 1 31.540 7.676 30.828 7.006
251 5 1 31.556 7.620 30.844 6.950
252 5 1 31.556 7.580 30.844 6.910
253 5 1 31.556 7.540 30.844 6.870
254 5 1 31.573 7.500 30.860 6.830
255 5 1 31.573 7.444 30.860 6.774
256 5 1 31.573 7.404 30.860 6.734
257 5 1 31.589 7.364 30.876 6.694
258 5 1 31.605 7.308 30.892 6.638
259 5 1 31.621 7.252 30.908 6.582
260 5 1 31.621 7.196 30.909 6.526
261 5 1 31.637 7.124 30.925 6.454
262 5 1 31.637 7.084 30.925 6.414
263 5 1 31.637 7.012 30.925 6.342
264 5 1 31.653 6.956 30.941 6.286
265 5 1 31.653 6.900 30.941 6.230
266 5 1 31.669 6.844 30.957 6.174
267 5 1 31.669 6.788 30.957 6.118
268 5 1 31.685 6.748 30.973 6.078
269 5 1 31.685 6.708 30.973 6.038
270 5 1 31.685 6.668 30.973 5.998
271 5 1 31.701 6.612 30.989 5.942
272 5 1 31.717 6.572 31.005 5.902
274 5 1 31.733 6.476 31.021 5.807
275 5 1 31.749 6.420 31.037 5.751
276 5 1 31.765 6.380 31.053 5.711
277 5 1 31.765 6.324 31.053 5.655
278 5 1 31.781 6.268 31.070 5.599
279 5 1 31.798 6.196 31.086 5.527
280 5 1 31.814 6.141 31.102 5.471
281 5 1 31.830 6.085 31.118 5.415
282 5 1 31.846 6.029 31.134 5.359
283 5 1 31.846 5.973 31.134 5.303
284 5 1 31.862 5.933 31.150 5.263
285 5 1 31.862 5.893 31.150 5.223
286 5 1 31.846 5.869 31.134 5.199
287 5 1 31.846 5.813 31.134 5.144
288 5 1 31.862 5.773 31.150 5.104
289 5 1 31.878 5.717 31.166 5.048
290 5 1 31.894 5.677 31.182 5.008
291 5 1 31.894 5.621 31.182 4.952
292 5 1 31.910 5.581 31.198 4.912
293 5 1 31.910 5.525 31.198 4.856
294 5 1 31.910 5.486 31.198 4.816
295 5 1 31.910 5.414 31.198 4.744
296 5 1 31.910 5.358 31.198 4.688
297 5 1 31.910 5.302 31.198 4.633
298 5 1 31.910 5.262 31.198 4.593
299 5 1 31.910 5.206 31.199 4.537
300 5 1 31.910 5.166 31.199 4.497
301 5 1 31.910 5.126 31.199 4.457
302 5 1 31.910 5.086 31.199 4.417
303 5 1 31.926 5.030 31.215 4.361
304 5 1 31.926 4.991 31.215 4.321
305 5 1 31.942 4.951 31.231 4.281
306 5 1 31.942 4.911 31.231 4.241
307 5 1 31.958 4.871 31.247 4.202
308 5 1 31.958 4.831 31.247 4.162
309 5 1 31.974 4.775 31.263 4.106
310 5 1 31.990 4.735 31.279 4.066
311 5 1 32.006 4.679 31.295 4.010
312 5 1 32.022 4.639 31.311 3.970
313 5 1 32.038 4.583 31.327 3.914
314 5 1 32.055 4.528 31.343 3.858
315 5 1 32.071 4.472 31.359 3.803
316 5 1 32.087 4.432 31.375 3.763
317 5 1 32.087 4.392 31.375 3.723
318 5 1 32.087 4.352 31.375 3.683
319 5 1 32.103 4.312 31.391 3.643
320 5 1 32.103 4.288 31.391 3.619
321 5 1 32.103 4.248 31.391 3.579
322 5 1 32.103 4.224 31.391 3.555
323 5 1 32.119 4.169 31.407 3.500
324 5 1 32.135 4.129 31.423 3.460
325 5 1 32.135 4.089 31.423 3.420
326 5 1 32.135 4.065 31.423 3.396
327 5 1 32.135 4.009 31.423 3.340
328 5 1 32.135 3.985 31.424 3.316
329 5 1 32.119 3.929 31.408 3.260
330 5 1 32.119 3.874 31.408 3.205
331 5 1 32.103 3.834 31.392 3.165
332 5 1 32.103 3.794 31.392 3.125
333 5 1 32.103 3.738 31.392 3.069
334 5 1 32.087 3.714 31.376 3.045
335 5 1 32.087 3.674 31.376 3.005
336 5 1 32.087 3.650 31.376 2.981
337 5 1 32.087 3.610 31.376 2.942
338 5 1 32.087 3.587 31.376 2.918
339 5 1 32.071 3.547 31.360 2.878
340 5 1 32.071 3.523 31.360 2.854
341 5 1 32.071 3.483 31.360 2.814
342 5 1 32.071 3.443 31.360 2.774
343 5 1 32.071 3.403 31.360 2.734
344 5 1 32.071 3.379 31.360 2.710
345 5 1 32.071 3.339 31.360 2.671
346 5 1 32.071 3.300 31.360 2.631
347 5 1 32.071 3.260 31.360 2.591
348 5 1 32.071 3.220 31.360 2.551
349 5 1 32.071 3.180 31.360 2.511
350 5 1 32.071 3.140 31.360 2.471
351 5 1 32.087 3.100 31.376 2.431
352 5 1 32.103 3.060 31.392 2.392
353 5 1 32.119 3.021 31.408 2.352
354 5 1 32.135 2.997 31.424 2.328
355 5 1 32.151 2.957 31.440 2.288
356 5 1 32.167 2.917 31.456 2.248
357 5 1 32.167 2.893 31.456 2.224
358 5 1 32.167 2.869 31.456 2.200
359 5 1 32.167 2.829 31.456 2.161
360 5 1 32.183 2.805 31.472 2.137
361 5 1 32.183 2.781 31.472 2.113
362 5 1 32.199 2.742 31.488 2.073
364 5 1 32.231 2.678 31.520 2.009
365 5 1 32.247 2.638 31.536 1.969
366 5 1 32.263 2.614 31.552 1.945
367 5 1 32.279 2.574 31.568 1.906
368 5 1 32.279 2.550 31.568 1.882
369 5 1 32.295 2.511 31.584 1.842
370 5 1 32.311 2.487 31.600 1.818
371 5 1 32.311 2.463 31.600 1.794
372 5 1 32.327 2.439 31.616 1.770
373 5 1 32.327 2.415 31.617 1.746
374 5 1 32.343 2.391 31.633 1.722
375 5 1 32.335 2.367 31.633 1.691
377 5 1 32.327 2.359 31.625 1.683
378 5 1 32.335 2.327 31.633 1.651
379 5 1 32.359 2.295 31.657 1.619
380 5 1 32.367 2.280 31.665 1.603
381 5 1 32.391 2.248 31.689 1.571
382 5 1 32.383 2.216 31.681 1.539
383 5 1 32.375 2.200 31.673 1.523
384 5 1 32.351 2.184 31.649 1.507
385 5 1 32.327 2.168 31.625 1.492
386 5 1 32.303 2.152 31.601 1.476
387 5 1 32.279 2.136 31.577 1.460
388 5 1 32.240 2.120 31.537 1.444
389 5 1 32.216 2.104 31.513 1.428
390 5 1 32.192 2.089 31.489 1.412
391 5 1 32.168 2.073 31.465 1.396
392 5 1 32.144 2.057 31.441 1.380
393 5 1 32.136 2.041 31.433 1.364
394 5 1 32.128 2.025 31.425 1.348
395 5 1 32.120 2.009 31.417 1.332
396 5 1 32.112 1.993 31.409 1.316
397 5 1 32.200 1.977 31.497 1.301
399 5 1 32.192 1.969 31.489 1.293
400 5 1 32.200 1.969 31.497 1.293
401 5 1 32.192 1.953 31.489 1.277
402 5 1 32.200 1.969 31.497 1.293
403 5 1 32.192 1.953 31.489 1.277
404 5 1 32.200 1.969 31.497 1.293
405 5 1 32.208 1.953 31.505 1.277
406 5 1 32.216 1.969 31.513 1.293
407 5 1 32.208 1.953 31.505 1.277
408 5 1 32.216 1.969 31.513 1.293
409 5 1 32.224 1.969 31.521 1.293
410 5 1 32.232 1.969 31.529 1.293
411 5 1 32.240 1.969 31.537 1.293
412 5 1 32.264 1.969 31.561 1.293
413 5 1 32.272 1.985 31.569 1.308
414 5 1 32.296 2.001 31.593 1.324
415 5 1 32.304 2.001 31.601 1.324
416 5 1 32.327 2.001 31.625 1.324
417 5 1 32.335 2.001 31.633 1.324
418 5 1 32.359 2.017 31.657 1.340
419 5 1 32.383 2.033 31.681 1.356
420 5 1 32.407 2.033 31.705 1.356
421 5 1 32.415 2.033 31.713 1.356
422 5 1 32.439 2.049 31.737 1.372
423 5 1 32.431 2.064 31.729 1.388
424 5 1 32.439 2.049 31.737 1.372
425 5 1 32.431 2.064 31.729 1.388
426 5 1 32.439 2.064 31.737 1.388
427 5 1 32.431 2.064 31.729 1.388
428 5 1 32.439 2.064 31.737 1.388
429 5 1 32.431 2.080 31.729 1.404
430 5 1 32.423 2.096 31.721 1.420
431 5 1 32.415 2.080 31.713 1.404
432 5 1 32.423 2.096 31.721 1.420
433 5 1 32.415 2.080 31.713 1.404
434 5 1 32.407 2.096 31.705 1.420
435 5 1 32.399 2.080 31.697 1.404
436 5 1 32.407 2.096 31.705 1.420
437 5 1 32.399 2.080 31.697 1.404
438 5 1 32.391 2.096 31.689 1.420
439 5 1 32.383 2.080 31.681 1.404
440 5 1 32.391 2.096 31.689 1.420
441 5 1 32.383 2.080 31.681 1.404
442 5 1 32.391 2.096 31.689 1.420
443 5 1 32.383 2.080 31.681 1.404
444 5 1 32.391 2.096 31.689 1.420
445 5 1 32.383 2.080 31.681 1.404
446 5 1 32.391 2.080 31.689 1.404
447 5 1 32.383 2.080 31.681 1.404
448 5 1 32.391 2.080 31.689 1.404
449 5 1 32.383 2.080 31.681 1.404
450 5 1 32.391 2.080 31.689 1.404
451 5 1 32.383 2.080 31.681 1.404
452 5 1 32.375 2.096 31.673 1.420
453 5 1 32.367 2.080 31.665 1.404
454 5 1 32.375 2.096 31.673 1.420
455 5 1 32.367 2.080 31.665 1.404
456 5 1 32.375 2.096 31.673 1.420
457 5 1 32.367 2.080 31.665 1.404
458 5 1 32.375 2.096 31.673 1.420
459 5 1 32.367 2.080 31.665 1.404
460 5 1 32.359 2.096 31.657 1.420
461 5 1 32.351 2.096 31.649 1.420
462 5 1 32.359 2.096 31.657 1.420
463 5 1 32.351 2.096 31.649 1.420
464 5 1 32.359 2.096 31.657 1.420
465 5 1 32.351 2.096 31.649 1.420
466 5 1 32.359 2.096 31.657 1.420
467 5 1 32.351 2.096 31.649 1.420
468 5 1 32.343 2.096 31.641 1.420
469 5 1 32.335 2.096 31.633 1.420
470 5 1 32.343 2.096 31.641 1.420
471 5 1 32.335 2.096 31.633 1.420
472 5 1 32.343 2.096 31.641 1.420
473 5 1 32.335 2.096 31.633 1.420
474 5 1 32.343 2.096 31.641 1.420
475 5 1 32.335 2.096 31.633 1.420
476 5 1 32.343 2.096 31.641 1.420
477 5 1 32.335 2.096 31.633 1.420
478 5 1 32.343 2.096 31.641 1.420
479 5 1 32.335 2.096 31.633 1.420
480 5 1 32.343 2.096 31.641 1.420
481 5 1 32.335 2.096 31.633 1.420
482 5 1 32.343 2.096 31.641 1.420
17 5 1 31.879 17.868 31.099 17.350
113 5 1 31.633 13.221 30.895 12.566
129 5 1 31.593 12.507 30.863 11.836
204 5 1 31.122 9.950 30.409 9.280
227 5 1 31.267 8.869 30.554 8.198
243 5 1 31.428 8.052 30.715 7.382
273 5 1 31.717 6.516 31.005 5.847
363 5 1 32.215 2.702 31.504 2.033
0 6 2 17.596 9.561 15.942 8.656
1 6 2 17.645 9.585 15.910 8.640
2 6 2 17.685 9.576 15.950 8.632
3 6 2 17.726 9.568 15.991 8.624
4 6 2 17.783 9.560 16.047 8.616
6 6 2 17.880 9.544 16.145 8.599
7 6 2 17.954 9.334 16.241 8.712
8 6 2 17.954 9.358 16.241 8.687
9 6 2 17.994 9.366 16.282 8.695
10 6 2 18.035 9.358 16.322 8.687
11 6 2 18.091 9.366 16.379 8.695
12 6 2 18.132 9.358 16.420 8.687
13 6 2 18.188 9.366 16.476 8.695
14 6 2 18.326 9.341 16.565 8.791
15 6 2 18.310 9.373 16.581 8.759
16 6 2 18.366 9.373 16.638 8.759
18 6 2 18.496 9.357 16.767 8.742
19 6 2 18.585 9.340 16.857 8.726
20 6 2 18.658 9.356 16.929 8.742
21 6 2 18.666 9.364 17.156 8.709
22 6 2 18.738 9.348 17.075 8.725
23 6 2 18.827 9.339 17.164 8.717
24 6 2 18.916 9.331 17.253 8.709
25 6 2 19.022 9.323 17.359 8.700
26 6 2 19.111 9.298 17.448 8.676
27 6 2 19.200 9.306 17.537 8.684
28 6 2 19.474 9.321 17.796 8.707
29 6 2 19.458 9.321 17.796 8.707
30 6 2 19.547 9.321 17.885 8.707
31 6 2 19.652 9.305 17.990 8.690
32 6 2 19.757 9.320 18.095 8.706
33 6 2 19.862 9.304 18.200 8.690
34 6 2 19.967 9.304 18.305 8.690
35 6 2 20.129 9.287 18.524 8.657
36 6 2 20.145 9.279 18.500 8.665
37 6 2 20.250 9.279 18.605 8.665
38 6 2 20.388 9.262 18.742 8.648
39 6 2 20.493 9.262 18.847 8.648
40 6 2 20.614 9.262 18.969 8.647
41 6 2 20.735 9.245 19.090 8.631
42 6 2 20.994 9.220 19.365 8.606
43 6 2 20.994 9.220 19.357 8.606
44 6 2 21.107 9.220 19.470 8.606
45 6 2 21.236 9.220 19.599 8.606
46 6 2 21.365 9.219 19.728 8.605
47 6 2 21.478 9.203 19.842 8.589
48 6 2 21.607 9.218 19.971 8.604
49 6 2 21.817 9.186 20.189 8.628
50 6 2 21.817 9.210 20.189 8.604
51 6 2 21.954 9.201 20.326 8.595
52 6 2 22.091 9.209 20.464 8.603
53 6 2 22.228 9.200 20.601 8.595
54 6 2 22.366 9.208 20.738 8.602
55 6 2 22.503 9.184 20.875 8.578
56 6 2 22.850 9.142 21.166 8.585
57 6 2 22.817 9.158 21.190 8.561
58 6 2 22.954 9.158 21.328 8.560
59 6 2 23.108 9.142 21.481 8.544
60 6 2 23.245 9.141 21.618 8.544
61 6 2 23.398 9.141 21.771 8.543
62 6 2 23.535 9.124 21.909 8.527
63 6 2 23.841 9.083 22.215 8.446
64 6 2 23.833 9.059 22.207 8.462
65 6 2 23.970 9.043 22.344 8.445
66 6 2 24.123 9.042 22.498 8.445
67 6 2 24.260 9.042 22.635 8.444
68 6 2 24.413 9.025 22.788 8.428
69 6 2 24.534 9.009 22.909 8.412
70 6 2 24.720 8.960 23.095 8.355
71 6 2 24.712 8.952 23.086 8.355
72 6 2 24.849 8.952 23.224 8.355
73 6 2 24.985 8.935 23.361 8.338
74 6 2 25.138 8.935 23.514 8.338
75 6 2 25.259 8.918 23.635 8.321
76 6 2 25.412 8.918 23.788 8.321
77 6 2 25.541 8.958 24.150 8.352
78 6 2 25.645 8.949 24.045 8.352
79 6 2 25.774 8.949 24.174 8.352
80 6 2 25.919 8.933 24.319 8.335
81 6 2 26.080 8.932 24.480 8.335
82 6 2 26.209 8.932 24.609 8.335
83 6 2 26.353 8.931 24.754 8.334
84 6 2 26.595 8.923 25.028 8.317
85 6 2 26.603 8.914 25.012 8.318
86 6 2 26.739 8.914 25.148 8.317
87 6 2 26.876 8.914 25.285 8.317
88 6 2 27.013 8.913 25.422 8.316
89 6 2 27.149 8.913 25.559 8.316
90 6 2 27.286 8.912 25.696 8.316
91 6 2 27.551 8.896 26.114 8.282
92 6 2 27.616 8.887 26.033 8.291
93 6 2 27.744 8.887 26.162 8.290
94 6 2 27.873 8.887 26.291 8.290
95 6 2 28.017 8.886 26.435 8.290
96 6 2 28.146 8.886 26.564 8.289
97 6 2 28.274 8.886 26.693 8.289
98 6 2 28.403 8.885 26.821 8.289
99 6 2 28.531 8.885 26.950 8.288
100 6 2 28.644 8.900 27.062 8.304
101 6 2 28.740 8.916 27.159 8.320
102 6 2 28.853 8.900 27.271 8.303
103 6 2 28.981 8.915 27.400 8.319
104 6 2 29.093 8.915 27.512 8.319
105 6 2 29.174 8.915 27.593 8.318
106 6 2 29.286 8.915 27.705 8.318
107 6 2 29.366 8.930 27.786 8.334
108 6 2 29.479 8.946 27.898 8.350
109 6 2 29.559 8.930 27.978 8.333
110 6 2 29.655 8.946 28.075 8.349
111 6 2 29.735 8.945 28.155 8.349
112 6 2 29.880 9.025 28.476 8.276
114 6 2 30.016 8.944 28.452 8.348
115 6 2 30.096 8.960 28.532 8.364
116 6 2 30.144 8.976 28.580 8.380
117 6 2 30.209 8.976 28.645 8.380
118 6 2 30.273 8.976 28.709 8.380
119 6 2 30.289 9.056 28.821 8.339
120 6 2 30.329 8.992 28.773 8.395
121 6 2 30.369 8.991 28.813 8.395
122 6 2 30.425 9.007 28.869 8.411
123 6 2 30.449 8.991 28.894 8.395
124 6 2 30.505 9.007 28.950 8.411
125 6 2 30.529 9.007 28.974 8.411
126 6 2 30.657 9.167 29.006 8.339
127 6 2 30.609 9.055 29.054 8.451
128 6 2 30.650 9.063 29.094 8.459
130 6 2 30.714 9.079 29.158 8.474
131 6 2 30.738 9.086 29.182 8.482
132 6 2 30.778 9.078 29.222 8.474
133 6 2 30.882 9.118 29.198 8.474
134 6 2 30.818 9.094 29.263 8.490
135 6 2 30.842 9.102 29.287 8.498
136 6 2 30.866 9.094 29.311 8.490
137 6 2 30.890 9.086 29.335 8.482
138 6 2 30.898 9.078 29.343 8.474
139 6 2 30.938 9.086 29.383 8.482
140 6 2 31.066 9.110 29.415 8.450
141 6 2 31.010 9.078 29.455 8.474
142 6 2 31.034 9.070 29.479 8.465
143 6 2 31.042 9.062 29.487 8.457
144 6 2 31.083 9.069 29.527 8.465
145 6 2 31.107 9.061 29.551 8.457
146 6 2 31.131 9.069 29.576 8.465
147 6 2 31.259 9.165 29.535 8.425
148 6 2 31.171 9.093 29.616 8.489
149 6 2 31.195 9.085 29.640 8.481
150 6 2 31.219 9.077 29.664 8.473
151 6 2 31.243 9.085 29.688 8.481
152 6 2 31.267 9.077 29.712 8.473
153 6 2 31.307 9.085 29.752 8.481
154 6 2 31.427 9.140 29.736 8.457
155 6 2 31.355 9.093 29.800 8.489
156 6 2 31.379 9.085 29.824 8.481
157 6 2 31.419 9.076 29.864 8.472
158 6 2 31.443 9.084 29.888 8.480
159 6 2 31.483 9.076 29.928 8.472
160 6 2 31.507 9.068 29.953 8.464
161 6 2 31.547 9.060 29.993 8.456
162 6 2 31.571 9.068 30.017 8.464
163 6 2 31.611 9.060 30.057 8.456
164 6 2 31.636 9.052 30.081 8.448
165 6 2 31.676 9.044 30.121 8.440
166 6 2 31.716 9.052 30.161 8.448
167 6 2 31.756 9.043 30.201 8.439
168 6 2 31.780 9.035 30.225 8.431
169 6 2 31.820 9.027 30.265 8.423
170 6 2 31.860 9.035 30.305 8.431
171 6 2 31.900 9.027 30.346 8.423
172 6 2 31.924 9.035 30.370 8.431
173 6 2 31.964 9.027 30.410 8.423
174 6 2 32.004 9.035 30.450 8.431
175 6 2 32.044 9.027 30.490 8.423
176 6 2 32.068 9.034 30.514 8.431
177 6 2 32.108 9.026 30.554 8.422
178 6 2 32.148 9.034 30.594 8.430
179 6 2 32.188 9.026 30.634 8.422
180 6 2 32.212 9.034 30.658 8.430
181 6 2 32.268 9.026 30.714 8.422
182 6 2 32.292 9.034 30.738 8.430
183 6 2 32.332 9.026 30.778 8.422
184 6 2 32.373 9.034 30.819 8.430
185 6 2 32.413 9.025 30.859 8.422
186 6 2 32.453 9.033 30.899 8.430
187 6 2 32.493 9.025 30.939 8.421
188 6 2 32.533 9.033 30.979 8.429
189 6 2 32.573 9.025 31.019 8.421
190 6 2 32.613 9.033 31.059 8.429
191 6 2 32.669 9.041 31.115 8.437
192 6 2 32.709 9.049 31.155 8.445
193 6 2 32.765 9.040 31.211 8.437
194 6 2 32.805 9.048 31.251 8.445
195 6 2 32.877 9.056 31.323 8.452
196 6 2 32.933 9.064 31.380 8.460
197 6 2 33.005 9.072 31.452 8.468
198 6 2 33.061 9.079 31.508 8.476
199 6 2 33.133 9.087 31.580 8.484
200 6 2 33.205 9.095 31.652 8.491
201 6 2 33.277 9.103 31.724 8.499
202 6 2 33.349 9.127 31.796 8.523
203 6 2 33.437 9.134 31.884 8.531
205 6 2 33.597 9.150 32.044 8.546
206 6 2 33.653 9.174 32.100 8.570
207 6 2 33.741 9.181 32.189 8.578
208 6 2 33.813 9.189 32.261 8.586
209 6 2 33.901 9.197 32.349 8.594
210 6 2 33.973 9.205 32.421 8.601
211 6 2 34.061 9.212 32.509 8.609
212 6 2 34.133 9.236 32.581 8.633
213 6 2 34.221 9.244 32.669 8.641
214 6 2 34.293 9.268 32.741 8.664
215 6 2 34.381 9.275 32.829 8.672
216 6 2 34.453 9.299 32.901 8.696
217 6 2 34.541 9.323 32.989 8.720
218 6 2 34.613 9.347 33.061 8.743
219 6 2 34.701 9.370 33.149 8.767
220 6 2 34.789 9.410 33.237 8.807
221 6 2 34.877 9.434 33.325 8.831
222 6 2 34.949 9.474 33.397 8.870
223 6 2 35.037 9.513 33.485 8.910
224 6 2 35.125 9.553 33.573 8.950
225 6 2 35.213 9.593 33.661 8.990
226 6 2 35.285 9.633 33.733 9.029
228 6 2 35.445 9.728 33.893 9.125
229 6 2 35.533 9.768 33.981 9.165
230 6 2 35.621 9.823 34.069 9.220
231 6 2 35.645 10.039 34.277 9.052
232 6 2 35.733 9.847 34.189 9.236
233 6 2 35.813 9.895 34.269 9.284
234 6 2 35.893 9.959 34.349 9.348
235 6 2 35.989 10.006 34.445 9.395
236 6 2 36.069 10.054 34.525 9.443
237 6 2 36.165 10.118 34.621 9.507
238 6 2 36.165 10.502 34.853 9.314
239 6 2 36.237 10.173 34.693 9.562
240 6 2 36.317 10.221 34.773 9.610
241 6 2 36.381 10.285 34.837 9.674
242 6 2 36.476 10.349 34.933 9.738
244 6 2 36.652 10.460 35.109 9.849
245 6 2 36.669 11.044 35.349 9.680
246 6 2 36.724 10.516 35.181 9.905
247 6 2 36.804 10.563 35.261 9.953
248 6 2 36.884 10.643 35.341 10.032
249 6 2 36.964 10.691 35.421 10.080
250 6 2 37.044 10.770 35.501 10.160
251 6 2 37.124 10.818 35.581 10.208
252 6 2 37.220 10.882 35.677 10.271
253 6 2 37.300 10.946 35.757 10.335
254 6 2 37.380 11.009 35.837 10.399
255 6 2 37.476 11.073 35.933 10.462
256 6 2 37.556 11.121 36.013 10.510
257 6 2 37.652 11.168 36.109 10.558
258 6 2 37.732 11.232 36.189 10.622
259 6 2 37.812 11.296 36.269 10.685
260 6 2 37.907 11.343 36.365 10.733
261 6 2 37.987 11.391 36.445 10.781
262 6 2 38.083 11.455 36.541 10.844
263 6 2 38.179 11.502 36.637 10.892
264 6 2 38.275 11.534 36.733 10.924
265 6 2 38.355 11.582 36.813 10.971
266 6 2 38.451 11.645 36.909 11.035
267 6 2 38.547 11.693 37.005 11.083
268 6 2 38.643 11.725 37.101 11.114
269 6 2 38.738 11.772 37.196 11.162
270 6 2 38.818 11.836 37.276 11.226
271 6 2 38.914 11.883 37.372 11.273
272 6 2 39.026 11.915 37.484 11.305
274 6 2 39.218 12.010 37.676 11.400
275 6 2 39.329 12.042 37.788 11.432
276 6 2 39.425 12.089 37.884 11.479
277 6 2 39.537 12.137 37.996 11.527
278 6 2 39.633 12.169 38.091 11.559
279 6 2 39.745 12.200 38.203 11.590
280 6 2 39.840 12.232 38.299 11.622
281 6 2 39.952 12.263 38.411 11.653
282 6 2 40.064 12.295 38.523 11.685
283 6 2 40.176 12.326 38.635 11.717
284 6 2 40.287 12.358 38.746 11.748
285 6 2 40.399 12.389 38.858 11.780
286 6 2 40.511 12.421 38.970 11.811
287 6 2 40.638 12.468 39.098 11.859
288 6 2 40.750 12.516 39.209 11.906
289 6 2 40.878 12.531 39.337 11.922
290 6 2 40.989 12.579 39.449 11.969
291 6 2 41.117 12.594 39.577 11.985
292 6 2 41.229 12.642 39.688 12.032
293 6 2 41.356 12.657 39.816 12.048
294 6 2 41.468 12.689 39.928 12.079
295 6 2 41.579 12.720 40.039 12.111
296 6 2 41.691 12.752 40.151 12.142
297 6 2 41.819 12.767 40.279 12.158
298 6 2 41.930 12.783 40.390 12.173
299 6 2 42.058 12.814 40.518 12.205
300 6 2 42.169 12.830 40.630 12.220
301 6 2 42.281 12.845 40.741 12.236
302 6 2 42.408 12.877 40.869 12.267
303 6 2 42.520 12.892 40.981 12.283
304 6 2 42.631 12.892 41.092 12.283
305 6 2 42.759 12.907 41.220 12.298
306 6 2 42.870 12.939 41.331 12.330
307 6 2 42.982 12.954 41.443 12.345
308 6 2 43.109 12.970 41.570 12.361
309 6 2 43.221 13.001 41.682 12.392
310 6 2 43.332 13.017 41.794 12.408
311 6 2 43.460 13.032 41.921 12.423
312 6 2 43.571 13.064 42.033 12.455
313 6 2 43.683 13.079 42.144 12.470
314 6 2 43.794 13.094 42.256 12.486
315 6 2 43.906 13.126 42.367 12.517
316 6 2 44.017 13.141 42.479 12.533
317 6 2 44.144 13.157 42.606 12.548
318 6 2 44.256 13.188 42.718 12.580
319 6 2 44.367 13.220 42.829 12.611
320 6 2 44.479 13.251 42.941 12.643
321 6 2 44.590 13.283 43.052 12.674
322 6 2 44.702 13.298 43.164 12.690
323 6 2 44.813 13.330 43.275 12.721
324 6 2 44.924 13.361 43.387 12.753
325 6 2 45.036 13.393 43.499 12.784
326 6 2 45.147 13.424 43.610 12.816
327 6 2 45.259 13.456 43.722 12.847
328 6 2 45.370 13.487 43.833 12.878
329 6 2 45.466 13.519 43.929 12.910
330 6 2 45.577 13.550 44.040 12.942
331 6 2 45.688 13.581 44.152 12.973
332 6 2 45.800 13.613 44.263 13.004
333 6 2 45.911 13.644 44.374 13.036
334 6 2 46.007 13.676 44.470 13.068
335 6 2 46.118 13.707 44.581 13.099
336 6 2 46.229 13.739 44.693 13.130
337 6 2 46.317 13.770 44.781 13.162
17 6 2 18.439 9.373 16.711 8.758
113 6 2 29.952 8.945 28.388 8.348
129 6 2 30.674 9.071 29.118 8.466
204 6 2 33.509 9.142 31.956 8.539
227 6 2 35.373 9.672 33.821 9.069
243 6 2 36.556 10.396 35.013 9.785
273 6 2 39.122 11.963 37.580 11.353
5 6 2 17.823 9.568 16.088 8.623
0 7 2 16.942 10.730 15.601 10.002
1 7 2 16.982 10.754 15.577 9.994
2 7 2 17.047 10.762 15.641 10.002
3 7 2 17.111 10.786 15.706 10.026
4 7 2 17.160 10.794 15.755 10.034
6 7 2 17.273 10.810 15.868 10.049
7 7 2 17.443 10.857 15.812 9.945
8 7 2 17.419 10.841 15.828 9.961
9 7 2 17.467 10.849 15.877 9.969
10 7 2 17.532 10.873 15.941 9.993
11 7 2 17.581 10.881 15.990 10.001
12 7 2 17.645 10.905 16.055 10.024
13 7 2 17.694 10.913 16.103 10.032
14 7 2 17.880 10.952 16.200 10.048
15 7 2 17.848 10.945 16.225 10.056
16 7 2 17.896 10.960 16.273 10.072
18 7 2 18.009 10.976 16.387 10.088
19 7 2 18.074 10.992 16.451 10.104
20 7 2 18.123 10.992 16.500 10.104
21 7 2 18.309 10.911 16.653 10.264
22 7 2 18.293 10.991 16.661 10.175
23 7 2 18.349 10.999 16.718 10.183
24 7 2 18.406 11.007 16.775 10.191
25 7 2 18.462 11.031 16.831 10.215
26 7 2 18.519 11.039 16.888 10.223
27 7 2 18.592 11.063 16.961 10.247
28 7 2 18.664 11.070 17.034 10.255
29 7 2 18.753 11.094 17.123 10.279
30 7 2 18.826 11.102 17.195 10.286
31 7 2 18.915 11.126 17.284 10.310
32 7 2 18.988 11.134 17.357 10.318
33 7 2 19.077 11.157 17.446 10.342
34 7 2 19.166 11.165 17.535 10.350
35 7 2 19.383 11.334 17.616 10.349
36 7 2 19.319 11.261 17.664 10.414
37 7 2 19.400 11.269 17.745 10.421
38 7 2 19.497 11.277 17.842 10.429
39 7 2 19.577 11.301 17.923 10.453
40 7 2 19.658 11.308 18.004 10.461
41 7 2 19.755 11.316 18.101 10.468
42 7 2 20.014 11.363 18.255 10.476
43 7 2 19.957 11.339 18.295 10.492
44 7 2 20.046 11.347 18.384 10.500
45 7 2 20.135 11.355 18.473 10.507
46 7 2 20.240 11.362 18.578 10.515
47 7 2 20.329 11.370 18.667 10.523
48 7 2 20.450 11.378 18.789 10.530
49 7 2 20.773 11.489 18.886 10.458
50 7 2 20.660 11.401 18.983 10.538
51 7 2 20.765 11.409 19.088 10.546
52 7 2 20.870 11.416 19.193 10.553
53 7 2 20.975 11.424 19.298 10.561
54 7 2 21.080 11.432 19.403 10.569
55 7 2 21.202 11.423 19.525 10.560
56 7 2 21.654 11.430 19.654 10.519
57 7 2 21.493 11.406 19.791 10.543
58 7 2 21.606 11.414 19.905 10.551
59 7 2 21.735 11.405 20.034 10.542
60 7 2 21.848 11.413 20.147 10.550
61 7 2 21.945 11.404 20.244 10.541
62 7 2 22.058 11.396 20.357 10.533
63 7 2 22.276 11.371 20.559 10.540
64 7 2 22.260 11.379 20.559 10.524
65 7 2 22.373 11.362 20.673 10.508
66 7 2 22.502 11.378 20.802 10.523
67 7 2 22.615 11.345 20.915 10.491
68 7 2 22.728 11.345 21.028 10.490
69 7 2 22.841 11.328 21.141 10.474
70 7 2 23.285 11.270 21.198 10.409
71 7 2 23.100 11.263 21.368 10.409
72 7 2 23.213 11.263 21.481 10.408
73 7 2 23.342 11.246 21.610 10.392
74 7 2 23.471 11.213 21.739 10.359
75 7 2 23.600 11.197 21.869 10.343
76 7 2 23.729 11.196 21.998 10.342
77 7 2 23.890 11.172 22.216 10.261
78 7 2 23.907 11.139 22.184 10.285
79 7 2 24.028 11.123 22.305 10.269
80 7 2 24.165 11.106 22.442 10.252
81 7 2 24.286 11.090 22.563 10.236
82 7 2 24.423 11.057 22.700 10.203
83 7 2 24.544 11.041 22.821 10.187
84 7 2 24.769 11.072 23.120 10.202
85 7 2 24.794 11.056 23.079 10.202
86 7 2 24.923 11.039 23.209 10.185
87 7 2 25.052 11.007 23.338 10.153
88 7 2 25.180 10.990 23.467 10.136
89 7 2 25.309 10.957 23.596 10.104
90 7 2 25.454 10.941 23.741 10.087
91 7 2 25.688 10.836 24.088 9.950
92 7 2 25.729 10.819 24.032 9.966
93 7 2 25.857 10.803 24.161 9.949
94 7 2 25.986 10.786 24.290 9.933
95 7 2 26.115 10.754 24.419 9.900
96 7 2 26.244 10.721 24.548 9.868
97 7 2 26.373 10.705 24.677 9.851
98 7 2 26.502 10.688 24.806 9.835
99 7 2 26.631 10.656 24.934 9.802
100 7 2 26.759 10.639 25.063 9.786
101 7 2 26.872 10.623 25.176 9.769
102 7 2 27.001 10.590 25.305 9.737
103 7 2 27.130 10.574 25.434 9.720
104 7 2 27.242 10.557 25.547 9.704
105 7 2 27.371 10.524 25.676 9.671
106 7 2 27.500 10.508 25.804 9.655
107 7 2 27.612 10.492 25.917 9.639
108 7 2 27.741 10.459 26.046 9.606
109 7 2 27.853 10.443 26.159 9.590
110 7 2 27.966 10.426 26.271 9.573
111 7 2 28.079 10.394 26.384 9.541
112 7 2 28.287 10.441 26.666 9.524
114 7 2 28.416 10.392 26.730 9.540
115 7 2 28.505 10.360 26.818 9.507
116 7 2 28.625 10.344 26.939 9.491
117 7 2 28.714 10.343 27.028 9.491
118 7 2 28.818 10.343 27.132 9.490
119 7 2 28.922 10.270 27.397 9.441
120 7 2 28.995 10.278 27.325 9.434
121 7 2 29.083 10.270 27.414 9.425
122 7 2 29.171 10.262 27.502 9.417
123 7 2 29.260 10.253 27.590 9.409
124 7 2 29.348 10.245 27.679 9.400
125 7 2 29.436 10.237 27.767 9.392
126 7 2 29.645 10.220 27.912 9.480
127 7 2 29.605 10.260 27.936 9.424
128 7 2 29.677 10.260 28.008 9.423
130 7 2 29.822 10.259 28.153 9.423
131 7 2 29.894 10.259 28.225 9.423
132 7 2 29.966 10.259 28.297 9.422
133 7 2 30.103 10.170 28.538 9.534
134 7 2 30.143 10.258 28.482 9.438
135 7 2 30.207 10.258 28.546 9.438
136 7 2 30.271 10.258 28.611 9.438
137 7 2 30.335 10.274 28.675 9.453
138 7 2 30.400 10.257 28.739 9.437
139 7 2 30.448 10.273 28.787 9.453
140 7 2 30.672 10.264 28.852 9.469
141 7 2 30.592 10.273 28.932 9.461
142 7 2 30.640 10.281 28.980 9.468
143 7 2 30.704 10.272 29.044 9.460
144 7 2 30.769 10.280 29.108 9.468
145 7 2 30.817 10.272 29.157 9.460
146 7 2 30.865 10.280 29.205 9.468
147 7 2 30.945 10.271 29.285 9.459
148 7 2 30.977 10.279 29.317 9.467
149 7 2 31.041 10.271 29.381 9.459
150 7 2 31.089 10.279 29.430 9.467
151 7 2 31.154 10.271 29.494 9.459
152 7 2 31.218 10.279 29.558 9.467
153 7 2 31.266 10.270 29.606 9.458
154 7 2 31.314 10.262 29.654 9.450
155 7 2 31.378 10.254 29.719 9.442
156 7 2 31.442 10.262 29.783 9.450
157 7 2 31.490 10.254 29.831 9.442
158 7 2 31.539 10.245 29.879 9.434
159 7 2 31.603 10.237 29.943 9.425
160 7 2 31.651 10.229 29.991 9.417
161 7 2 31.699 10.221 30.040 9.409
162 7 2 31.763 10.229 30.104 9.417
163 7 2 31.827 10.220 30.168 9.409
164 7 2 31.907 10.228 30.248 9.416
165 7 2 31.955 10.220 30.296 9.408
166 7 2 32.019 10.228 30.360 9.416
167 7 2 32.084 10.220 30.425 9.408
168 7 2 32.148 10.227 30.489 9.416
169 7 2 32.228 10.235 30.569 9.423
170 7 2 32.276 10.243 30.617 9.431
171 7 2 32.356 10.251 30.697 9.439
172 7 2 32.404 10.258 30.745 9.447
173 7 2 32.484 10.250 30.826 9.439
174 7 2 32.532 10.274 30.874 9.462
175 7 2 32.596 10.282 30.938 9.470
176 7 2 32.676 10.290 31.018 9.478
177 7 2 32.725 10.297 31.066 9.486
178 7 2 32.805 10.321 31.146 9.510
179 7 2 32.837 10.329 31.178 9.518
180 7 2 32.917 10.337 31.258 9.525
181 7 2 32.981 10.345 31.323 9.533
182 7 2 33.045 10.368 31.387 9.557
183 7 2 33.125 10.376 31.467 9.565
184 7 2 33.173 10.384 31.515 9.573
185 7 2 33.253 10.408 31.595 9.596
186 7 2 33.317 10.448 31.659 9.636
187 7 2 33.381 10.471 31.723 9.660
188 7 2 33.461 10.511 31.803 9.700
189 7 2 33.557 10.535 31.900 9.724
190 7 2 33.621 10.575 31.964 9.763
191 7 2 33.685 10.614 32.028 9.803
192 7 2 33.766 10.654 32.108 9.843
193 7 2 33.846 10.678 32.188 9.867
194 7 2 33.958 10.702 32.300 9.890
195 7 2 34.022 10.709 32.364 9.898
196 7 2 34.102 10.733 32.444 9.922
197 7 2 34.214 10.757 32.556 9.946
198 7 2 34.278 10.780 32.620 9.969
199 7 2 34.358 10.804 32.701 9.993
200 7 2 34.454 10.828 32.797 10.017
201 7 2 34.550 10.852 32.893 10.041
202 7 2 34.646 10.875 32.989 10.064
203 7 2 34.662 10.923 33.261 10.103
205 7 2 34.870 10.938 33.221 10.128
206 7 2 34.974 10.962 33.325 10.151
207 7 2 35.062 11.002 33.413 10.191
208 7 2 35.182 11.041 33.533 10.231
209 7 2 35.270 11.081 33.621 10.270
210 7 2 35.158 11.122 33.926 10.317
211 7 2 35.350 11.121 33.725 10.318
212 7 2 35.446 11.153 33.822 10.350
213 7 2 35.542 11.184 33.918 10.381
214 7 2 35.654 11.216 34.030 10.413
215 7 2 35.766 11.263 34.142 10.461
216 7 2 35.846 11.295 34.222 10.492
217 7 2 35.958 11.343 34.334 10.540
218 7 2 36.038 11.374 34.414 10.572
219 7 2 36.150 11.422 34.526 10.619
220 7 2 36.230 11.470 34.606 10.667
221 7 2 36.342 11.517 34.718 10.715
222 7 2 36.438 11.565 34.814 10.763
223 7 2 36.534 11.613 34.910 10.810
224 7 2 36.478 11.861 35.134 10.633
225 7 2 36.614 11.652 34.998 10.842
226 7 2 36.718 11.692 35.102 10.882
228 7 2 36.942 11.787 35.326 10.977
229 7 2 37.046 11.827 35.430 11.016
230 7 2 37.165 11.866 35.550 11.056
231 7 2 37.253 11.922 35.638 11.112
232 7 2 37.373 11.962 35.758 11.151
233 7 2 37.477 12.017 35.862 11.207
234 7 2 37.597 12.057 35.982 11.247
235 7 2 37.701 12.112 36.086 11.302
236 7 2 37.821 12.152 36.206 11.342
237 7 2 37.941 12.208 36.326 11.397
238 7 2 38.061 12.247 36.446 11.437
239 7 2 38.181 12.303 36.566 11.493
240 7 2 38.300 12.342 36.686 11.532
241 7 2 38.404 12.398 36.790 11.588
242 7 2 38.524 12.437 36.909 11.627
244 7 2 38.764 12.532 37.149 11.722
245 7 2 38.884 12.588 37.269 11.778
246 7 2 39.003 12.627 37.389 11.818
247 7 2 39.123 12.683 37.509 11.873
248 7 2 39.259 12.722 37.645 11.913
249 7 2 39.363 12.778 37.749 11.968
250 7 2 39.499 12.833 37.885 12.024
251 7 2 39.618 12.889 38.004 12.079
252 7 2 39.786 12.912 38.548 12.317
253 7 2 39.954 13.008 38.348 12.206
254 7 2 40.082 13.055 38.476 12.253
255 7 2 40.193 13.103 38.588 12.301
256 7 2 40.321 13.166 38.716 12.364
257 7 2 40.449 13.213 38.843 12.412
258 7 2 40.561 13.277 38.955 12.476
259 7 2 40.801 13.548 39.410 12.538
260 7 2 40.888 13.436 39.291 12.634
261 7 2 41.024 13.483 39.427 12.682
262 7 2 41.143 13.530 39.546 12.729
263 7 2 41.279 13.594 39.682 12.793
264 7 2 41.415 13.641 39.818 12.840
265 7 2 41.550 13.705 39.954 12.903
266 7 2 41.670 13.752 40.073 12.951
267 7 2 41.806 13.816 40.209 13.014
268 7 2 41.941 13.863 40.345 13.062
269 7 2 42.077 13.926 40.481 13.125
270 7 2 42.213 13.990 40.616 13.189
271 7 2 42.348 14.037 40.752 13.236
272 7 2 42.468 14.101 40.872 13.300
274 7 2 42.723 14.195 41.127 13.394
275 7 2 42.859 14.259 41.263 13.458
276 7 2 42.979 14.322 41.383 13.521
277 7 2 43.114 14.386 41.518 13.585
278 7 2 43.234 14.449 41.638 13.648
279 7 2 43.369 14.496 41.774 13.696
280 7 2 43.489 14.544 41.893 13.743
281 7 2 43.625 14.591 42.029 13.790
282 7 2 43.744 14.655 42.149 13.854
283 7 2 43.880 14.702 42.284 13.901
284 7 2 43.999 14.749 42.404 13.949
285 7 2 44.135 14.797 42.539 13.996
286 7 2 44.270 14.844 42.675 14.044
287 7 2 44.406 14.875 42.810 14.075
288 7 2 44.541 14.923 42.946 14.122
289 7 2 44.677 14.970 43.082 14.170
290 7 2 44.796 15.017 43.201 14.217
291 7 2 44.931 15.049 43.337 14.248
292 7 2 45.067 15.080 43.472 14.280
293 7 2 45.202 15.127 43.608 14.327
294 7 2 45.331 15.391 43.774 14.246
295 7 2 45.346 15.215 43.759 14.406
296 7 2 45.473 15.238 43.887 14.430
297 7 2 45.601 15.277 44.014 14.469
298 7 2 45.744 15.317 44.158 14.508
299 7 2 45.855 15.356 44.269 14.548
300 7 2 45.999 15.379 44.412 14.571
301 7 2 46.230 15.538 44.627 14.434
302 7 2 46.213 15.394 44.627 14.578
303 7 2 46.325 15.426 44.739 14.610
17 7 2 17.977 10.960 16.354 10.072
113 7 2 28.312 10.409 26.625 9.556
129 7 2 29.750 10.260 28.081 9.423
204 7 2 34.782 10.915 33.133 10.104
227 7 2 36.822 11.748 35.206 10.937
243 7 2 38.644 12.493 37.029 11.683
273 7 2 42.604 14.148 41.007 13.347
5 7 2 17.209 10.802 15.803 10.041
0 1 1 33.102 1.945 32.488 1.093
1 1 1 33.118 1.969 32.480 1.078
2 1 1 33.110 1.977 32.472 1.085
3 1 1 33.102 1.985 32.464 1.093
4 1 1 33.110 2.008 32.472 1.117
5 1 1 33.102 2.016 32.464 1.125
6 1 1 33.110 2.040 32.472 1.149
7 1 1 33.102 2.048 32.464 1.157
8 1 1 33.110 2.088 32.472 1.197
9 1 1 33.102 2.096 32.464 1.205
10 1 1 33.110 2.120 32.472 1.229
11 1 1 33.102 2.144 32.464 1.253
12 1 1 33.110 2.184 32.472 1.292
13 1 1 33.102 2.192 32.464 1.300
14 1 1 33.110 2.231 32.472 1.340
15 1 1 33.102 2.255 32.464 1.364
16 1 1 33.126 2.295 32.487 1.404
17 1 1 33.118 2.319 32.479 1.428
18 1 1 33.126 2.343 32.487 1.452
19 1 1 33.134 2.367 32.495 1.475
20 1 1 33.142 2.406 32.503 1.515
32 1 1 33.078 2.494 32.591 1.666
34 1 1 33.054 2.391 32.607 1.786
35 1 1 33.054 2.422 32.607 1.818
36 1 1 33.054 2.454 32.607 1.849
37 1 1 33.054 2.486 32.607 1.881
38 1 1 33.054 2.526 32.607 1.921
39 1 1 33.046 2.574 32.599 1.969
40 1 1 33.038 2.622 32.591 2.017
41 1 1 33.046 2.661 32.599 2.056
42 1 1 33.038 2.693 32.591 2.088
43 1 1 33.046 2.733 32.599 2.128
44 1 1 33.038 2.781 32.591 2.176
45 1 1 33.038 2.821 32.591 2.216
46 1 1 33.038 2.845 32.591 2.240
47 1 1 33.142 2.948 32.639 2.343
49 1 1 33.134 2.940 32.631 2.335
50 1 1 33.134 2.972 32.631 2.367
51 1 1 33.134 2.996 32.631 2.391
52 1 1 33.134 3.020 32.631 2.415
53 1 1 33.142 3.060 32.639 2.455
54 1 1 33.142 3.075 32.639 2.471
55 1 1 33.150 3.107 32.647 2.502
56 1 1 33.166 3.314 32.647 2.630
58 1 1 33.158 3.306 32.639 2.622
59 1 1 33.158 3.346 32.639 2.670
60 1 1 33.166 3.378 32.647 2.701
61 1 1 33.166 3.418 32.647 2.741
62 1 1 33.174 3.450 32.655 2.773
63 1 1 33.182 3.482 32.663 2.805
64 1 1 33.190 3.514 32.671 2.837
65 1 1 33.198 3.546 32.679 2.869
66 1 1 33.198 3.577 32.679 2.901
67 1 1 33.206 3.617 32.687 2.940
68 1 1 33.206 3.649 32.687 2.972
69 1 1 33.214 3.681 32.695 3.004
70 1 1 33.222 3.705 32.703 3.028
71 1 1 33.222 3.721 32.711 3.052
72 1 1 33.222 3.761 32.711 3.092
73 1 1 33.230 3.785 32.719 3.116
74 1 1 33.230 3.816 32.719 3.148
75 1 1 33.222 3.848 32.711 3.179
76 1 1 33.222 3.880 32.711 3.211
77 1 1 33.214 3.912 32.703 3.243
78 1 1 33.214 3.952 32.703 3.283
79 1 1 33.334 4.079 32.790 3.363
81 1 1 33.326 4.079 32.790 3.363
82 1 1 33.318 4.103 32.782 3.387
83 1 1 33.310 4.143 32.774 3.426
84 1 1 33.310 4.183 32.774 3.466
85 1 1 33.310 4.215 32.774 3.498
86 1 1 33.310 4.247 32.774 3.530
87 1 1 33.310 4.287 32.774 3.578
88 1 1 33.310 4.327 32.774 3.618
89 1 1 33.310 4.350 32.774 3.642
90 1 1 33.310 4.374 32.774 3.673
91 1 1 33.318 4.406 32.782 3.705
92 1 1 33.389 4.454 32.830 3.761
94 1 1 33.381 4.446 32.822 3.753
95 1 1 33.381 4.478 32.822 3.785
96 1 1 33.381 4.510 32.822 3.817
97 1 1 33.381 4.542 32.822 3.849
98 1 1 33.381 4.574 32.822 3.881
99 1 1 33.381 4.613 32.822 3.921
100 1 1 33.389 4.645 32.838 3.952
101 1 1 33.389 4.677 32.838 3.984
102 1 1 33.389 4.709 32.838 4.016
103 1 1 33.397 4.741 32.846 4.048
104 1 1 33.405 4.773 32.854 4.080
105 1 1 33.405 4.805 32.854 4.112
106 1 1 33.405 4.837 32.854 4.144
107 1 1 33.405 4.861 32.854 4.168
108 1 1 33.405 4.893 32.854 4.200
109 1 1 33.405 4.917 32.854 4.223
110 1 1 33.405 4.940 32.854 4.247
111 1 1 33.405 4.964 32.854 4.271
112 1 1 33.405 4.988 32.854 4.295
114 1 1 33.405 5.036 32.854 4.343
115 1 1 33.413 5.060 32.862 4.367
116 1 1 33.421 5.084 32.870 4.391
117 1 1 33.413 5.108 32.862 4.415
118 1 1 33.421 5.132 32.870 4.439
119 1 1 33.421 5.156 32.870 4.463
120 1 1 33.421 5.180 32.870 4.487
121 1 1 33.421 5.212 32.870 4.518
122 1 1 33.421 5.236 32.870 4.542
123 1 1 33.413 5.267 32.862 4.574
124 1 1 33.413 5.291 32.870 4.598
125 1 1 33.405 5.323 32.862 4.630
126 1 1 33.413 5.347 32.870 4.654
127 1 1 33.397 5.371 32.862 4.686
128 1 1 33.397 5.395 32.862 4.710
130 1 1 33.397 5.443 32.862 4.758
131 1 1 33.397 5.467 32.862 4.782
132 1 1 33.397 5.483 32.862 4.798
133 1 1 33.397 5.507 32.862 4.822
134 1 1 33.389 5.523 32.854 4.838
135 1 1 33.341 5.539 32.790 4.870
137 1 1 33.333 5.531 32.790 4.862
138 1 1 33.333 5.547 32.790 4.878
139 1 1 33.333 5.563 32.790 4.894
140 1 1 33.341 5.579 32.798 4.909
141 1 1 33.341 5.603 32.798 4.933
142 1 1 33.341 5.627 32.798 4.957
143 1 1 33.349 5.643 32.806 4.973
144 1 1 33.357 5.667 32.814 4.997
145 1 1 33.365 5.690 32.822 5.021
146 1 1 33.373 5.706 32.830 5.037
147 1 1 33.381 5.738 32.838 5.069
148 1 1 33.389 5.762 32.846 5.093
149 1 1 33.397 5.794 32.854 5.125
150 1 1 33.413 5.818 32.870 5.149
151 1 1 33.421 5.842 32.878 5.173
152 1 1 33.421 5.874 32.886 5.205
153 1 1 33.429 5.898 32.894 5.228
154 1 1 33.437 5.914 32.902 5.244
155 1 1 33.445 5.938 32.910 5.268
156 1 1 33.445 5.970 32.910 5.300
157 1 1 33.453 5.986 32.918 5.316
158 1 1 33.461 6.010 32.926 5.340
159 1 1 33.469 6.018 32.934 5.348
160 1 1 33.469 6.049 32.934 5.380
161 1 1 33.477 6.065 32.942 5.404
162 1 1 33.477 6.081 32.942 5.420
163 1 1 33.485 6.105 32.950 5.444
164 1 1 33.485 6.113 32.950 5.460
165 1 1 33.493 6.129 32.958 5.476
166 1 1 33.493 6.145 32.958 5.492
167 1 1 33.501 6.161 32.966 5.508
168 1 1 33.501 6.177 32.966 5.524
169 1 1 33.501 6.193 32.966 5.540
170 1 1 33.509 6.209 32.974 5.556
171 1 1 33.509 6.225 32.974 5.571
172 1 1 33.509 6.249 32.974 5.595
173 1 1 33.517 6.273 32.982 5.627
174 1 1 33.517 6.281 32.982 5.635
175 1 1 33.517 6.305 32.982 5.659
176 1 1 33.517 6.321 32.982 5.675
177 1 1 33.517 6.337 32.982 5.691
178 1 1 33.525 6.361 32.990 5.715
179 1 1 33.533 6.385 32.998 5.739
180 1 1 33.541 6.401 33.006 5.755
181 1 1 33.549 6.417 33.014 5.771
182 1 1 33.621 6.456 32.742 5.891
183 1 1 33.461 6.489 32.902 5.851
184 1 1 33.469 6.513 32.910 5.875
185 1 1 33.477 6.536 32.926 5.907
186 1 1 33.493 6.552 32.942 5.923
187 1 1 33.501 6.576 32.950 5.947
188 1 1 33.637 6.696 33.078 6.050
190 1 1 33.629 6.688 33.078 6.058
191 1 1 33.645 6.712 33.102 6.090
192 1 1 33.653 6.728 33.110 6.106
193 1 1 33.669 6.752 33.126 6.130
194 1 1 33.685 6.768 33.142 6.146
195 1 1 33.701 6.792 33.158 6.170
196 1 1 33.805 6.696 32.958 6.066
197 1 1 33.661 6.696 33.110 6.074
198 1 1 33.677 6.712 33.126 6.090
199 1 1 33.693 6.736 33.142 6.114
200 1 1 33.709 6.752 33.158 6.130
201 1 1 33.725 6.768 33.174 6.146
202 1 1 33.741 6.783 33.190 6.162
203 1 1 33.749 6.807 33.198 6.194
205 1 1 33.765 6.839 33.213 6.226
206 1 1 33.773 6.863 33.221 6.250
207 1 1 33.781 6.879 33.229 6.266
208 1 1 33.781 6.895 33.229 6.281
209 1 1 33.789 6.911 33.237 6.297
210 1 1 33.797 6.919 33.245 6.305
211 1 1 33.797 6.943 33.245 6.329
212 1 1 33.805 6.951 33.253 6.337
213 1 1 33.805 6.975 33.253 6.361
214 1 1 33.813 6.975 33.261 6.361
215 1 1 33.813 6.991 33.261 6.377
216 1 1 33.813 7.007 33.261 6.393
217 1 1 33.805 7.231 33.245 6.617
219 1 1 33.797 7.223 33.237 6.617
220 1 1 33.805 7.239 33.245 6.633
221 1 1 33.797 7.263 33.237 6.657
222 1 1 33.805 7.279 33.245 6.681
223 1 1 33.797 7.303 33.237 6.705
224 1 1 33.805 7.327 33.245 6.729
225 1 1 33.805 7.350 33.245 6.753
226 1 1 33.805 7.382 33.245 6.785
228 1 1 33.821 7.430 33.261 6.832
229 1 1 33.813 7.462 33.253 6.864
230 1 1 33.837 7.438 33.253 6.769
232 1 1 33.821 7.406 33.261 6.809
233 1 1 33.829 7.430 33.269 6.832
234 1 1 33.837 7.438 33.277 6.840
235 1 1 33.837 7.462 33.277 6.872
236 1 1 33.837 7.486 33.277 6.896
237 1 1 33.845 7.502 33.285 6.912
238 1 1 34.005 7.606 33.277 7.016
239 1 1 33.917 7.598 33.357 7.016
240 1 1 33.917 7.630 33.357 7.048
241 1 1 33.925 7.654 33.365 7.072
242 1 1 33.933 7.686 33.373 7.104
244 1 1 33.949 7.734 33.389 7.152
245 1 1 33.957 7.774 33.397 7.192
246 1 1 33.973 7.798 33.413 7.216
247 1 1 33.981 7.837 33.421 7.256
248 1 1 33.997 7.869 33.437 7.287
249 1 1 34.005 7.901 33.445 7.319
250 1 1 34.013 7.933 33.453 7.351
251 1 1 34.029 7.965 33.469 7.383
252 1 1 34.157 7.997 33.221 7.280
253 1 1 33.973 7.933 33.405 7.351
254 1 1 33.981 7.957 33.421 7.383
255 1 1 33.989 7.989 33.429 7.415
256 1 1 33.997 8.013 33.437 7.439
257 1 1 34.005 8.045 33.445 7.471
258 1 1 33.997 8.085 33.437 7.511
260 1 1 33.989 8.077 33.429 7.503
261 1 1 33.997 8.101 33.445 7.535
262 1 1 33.989 8.117 33.445 7.559
263 1 1 34.005 8.149 33.461 7.591
264 1 1 34.013 8.181 33.477 7.623
265 1 1 34.021 8.213 33.493 7.663
266 1 1 34.029 8.245 33.501 7.695
267 1 1 34.037 8.277 33.509 7.727
268 1 1 34.053 8.301 33.533 7.759
269 1 1 34.069 8.333 33.549 7.791
270 1 1 34.077 8.373 33.557 7.831
271 1 1 34.077 8.405 33.565 7.870
272 1 1 34.093 8.445 33.581 7.910
274 1 1 34.197 8.612 33.677 8.078
276 1 1 34.189 8.604 33.669 8.070
277 1 1 34.205 8.636 33.693 8.102
278 1 1 34.197 8.820 33.677 8.286
280 1 1 34.189 8.812 33.669 8.278
281 1 1 34.205 8.836 33.685 8.310
282 1 1 34.213 8.868 33.693 8.342
283 1 1 34.221 8.900 33.701 8.374
284 1 1 34.309 9.108 33.789 8.573
286 1 1 34.301 9.100 33.781 8.565
287 1 1 34.517 9.355 33.741 8.534
288 1 1 34.381 9.203 33.861 8.669
289 1 1 34.397 9.243 33.877 8.709
290 1 1 34.421 9.283 33.909 8.757
291 1 1 34.445 9.315 33.933 8.789
292 1 1 34.469 9.363 33.957 8.837
293 1 1 34.485 9.403 33.973 8.877
294 1 1 34.557 9.371 34.045 8.845
296 1 1 34.549 9.363 34.037 8.837
297 1 1 34.565 9.395 34.053 8.869
298 1 1 34.573 9.427 34.061 8.901
299 1 1 34.597 9.467 34.085 8.940
300 1 1 34.597 9.499 34.085 8.972
301 1 1 34.605 9.531 34.093 9.004
302 1 1 34.613 9.563 34.101 9.036
303 1 1 34.613 9.595 34.101 9.068
304 1 1 34.613 9.635 34.101 9.108
305 1 1 34.621 9.675 34.109 9.148
306 1 1 34.629 9.699 34.117 9.172
307 1 1 34.622 9.747 34.109 9.220
308 1 1 34.622 9.787 34.109 9.260
309 1 1 34.622 9.827 34.109 9.300
310 1 1 34.622 9.875 34.109 9.348
311 1 1 34.622 9.923 34.109 9.396
312 1 1 34.622 9.971 34.109 9.444
313 1 1 34.630 10.027 34.117 9.500
315 1 1 34.622 10.019 34.109 9.492
316 1 1 34.622 10.059 34.109 9.532
317 1 1 34.622 10.099 34.109 9.572
318 1 1 34.630 10.147 34.118 9.620
319 1 1 34.622 10.187 34.110 9.660
320 1 1 34.630 10.227 34.118 9.700
321 1 1 34.630 10.275 34.118 9.748
322 1 1 34.630 10.315 34.118 9.788
324 1 1 34.622 10.307 34.110 9.780
325 1 1 34.630 10.347 34.118 9.820
326 1 1 34.622 10.387 34.110 9.860
327 1 1 34.630 10.443 34.118 9.916
328 1 1 34.622 10.491 34.110 9.964
329 1 1 34.742 10.923 34.046 9.989
330 1 1 34.646 10.715 34.134 10.180
331 1 1 34.638 10.763 34.126 10.229
332 1 1 34.646 10.811 34.134 10.277
333 1 1 34.638 10.851 34.126 10.317
334 1 1 34.646 10.899 34.134 10.365
335 1 1 34.638 10.939 34.126 10.405
336 1 1 34.846 11.195 34.070 10.565
337 1 1 34.710 11.139 34.190 10.605
338 1 1 34.702 11.179 34.182 10.645
339 1 1 34.702 11.227 34.182 10.693
340 1 1 34.694 11.267 34.174 10.733
341 1 1 34.686 11.316 34.166 10.781
342 1 1 34.678 11.356 34.158 10.821
343 1 1 34.742 11.500 34.006 10.589
344 1 1 34.638 11.316 34.118 10.773
345 1 1 34.630 11.364 34.110 10.821
346 1 1 34.614 11.420 34.094 10.877
347 1 1 34.606 11.476 34.086 10.933
348 1 1 34.598 11.524 34.078 10.981
349 1 1 34.590 11.572 34.070 11.030
350 1 1 34.590 11.612 34.070 11.070
351 1 1 34.582 11.668 34.062 11.126
352 1 1 34.550 11.861 34.030 11.326
354 1 1 34.542 11.853 34.022 11.318
355 1 1 34.534 11.893 34.014 11.358
356 1 1 34.534 11.941 34.014 11.406
357 1 1 34.526 11.981 34.006 11.446
358 1 1 34.526 12.029 34.006 11.494
359 1 1 34.518 12.069 33.998 11.535
360 1 1 34.518 12.117 33.998 11.583
361 1 1 34.510 12.174 33.990 11.639
362 1 1 34.502 12.222 33.982 11.687
364 1 1 34.494 12.318 33.974 11.783
365 1 1 34.486 12.366 33.966 11.831
366 1 1 34.478 12.414 33.958 11.879
367 1 1 34.470 12.454 33.950 11.919
368 1 1 34.479 12.567 33.950 12.032
370 1 1 34.471 12.559 33.942 12.024
371 1 1 34.463 12.599 33.934 12.064
372 1 1 34.455 12.639 33.926 12.104
373 1 1 34.455 12.679 33.926 12.144
374 1 1 34.447 12.719 33.918 12.184
375 1 1 34.431 12.759 33.902 12.224
376 1 1 34.423 12.807 33.894 12.272
377 1 1 34.415 12.848 33.886 12.312
378 1 1 34.399 12.896 33.870 12.361
379 1 1 34.383 12.944 33.854 12.409
380 1 1 34.375 12.992 33.846 12.457
381 1 1 34.367 13.040 33.838 12.505
382 1 1 34.343 13.088 33.814 12.553
383 1 1 34.335 13.137 33.806 12.602
384 1 1 34.327 13.185 33.798 12.650
385 1 1 34.327 13.225 33.798 12.690
386 1 1 34.319 13.273 33.790 12.738
387 1 1 34.303 13.313 33.774 12.778
388 1 1 34.295 13.361 33.766 12.826
389 1 1 34.223 13.482 33.694 12.947
391 1 1 34.215 13.474 33.686 12.939
392 1 1 34.263 13.674 33.589 12.851
393 1 1 34.190 13.530 33.662 12.995
394 1 1 34.182 13.571 33.654 13.035
395 1 1 34.174 13.619 33.646 13.084
396 1 1 34.158 13.667 33.630 13.132
397 1 1 34.142 13.715 33.614 13.180
398 1 1 34.126 13.771 33.597 13.236
399 1 1 34.255 13.835 33.477 13.004
400 1 1 34.126 13.691 33.597 13.156
401 1 1 34.110 13.747 33.581 13.212
402 1 1 34.103 14.205 33.589 13.316
404 1 1 34.102 14.028 33.581 13.477
405 1 1 34.086 14.069 33.565 13.517
406 1 1 34.159 14.293 33.445 13.582
407 1 1 34.062 14.205 33.541 13.654
408 1 1 34.046 14.245 33.525 13.694
409 1 1 34.038 14.286 33.517 13.734
410 1 1 34.022 14.334 33.501 13.782
411 1 1 34.014 14.382 33.493 13.831
412 1 1 33.998 14.430 33.477 13.879
413 1 1 33.982 14.623 33.405 13.759
414 1 1 33.950 14.463 33.429 13.911
415 1 1 33.934 14.511 33.413 13.959
416 1 1 33.910 14.567 33.389 14.016
417 1 1 33.894 14.608 33.373 14.056
418 1 1 33.878 14.656 33.357 14.104
419 1 1 33.862 14.704 33.341 14.152
420 1 1 33.838 14.937 33.269 14.225
421 1 1 33.814 14.849 33.293 14.297
422 1 1 33.806 14.897 33.285 14.345
423 1 1 33.806 14.937 33.285 14.386
424 1 1 33.798 14.978 33.277 14.426
425 1 1 33.782 15.018 33.261 14.466
426 1 1 33.774 15.058 33.253 14.506
427 1 1 33.766 15.098 33.245 14.547
428 1 1 33.750 15.138 33.229 14.587
429 1 1 33.742 15.179 33.221 14.627
430 1 1 33.734 15.227 33.213 14.675
431 1 1 33.726 15.267 33.205 14.715
432 1 1 33.710 15.315 33.189 14.764
433 1 1 33.694 15.364 33.173 14.812
434 1 1 33.766 15.500 33.052 14.628
435 1 1 33.670 15.340 33.148 14.788
436 1 1 33.654 15.388 33.132 14.836
437 1 1 33.646 15.428 33.124 14.877
438 1 1 33.630 15.469 33.108 14.917
439 1 1 33.630 15.702 33.108 15.150
441 1 1 33.766 15.765 32.956 15.183
442 1 1 33.622 15.742 33.100 15.190
443 1 1 33.614 15.774 33.092 15.222
444 1 1 33.606 15.806 33.084 15.254
445 1 1 33.598 15.839 33.076 15.287
446 1 1 33.582 15.871 33.060 15.319
447 1 1 33.566 15.903 33.044 15.351
448 1 1 33.557 15.943 33.036 15.391
449 1 1 33.541 15.984 33.020 15.432
450 1 1 33.525 16.032 33.004 15.480
451 1 1 33.501 16.080 32.980 15.528
452 1 1 33.485 16.129 32.964 15.577
453 1 1 33.469 16.177 32.948 15.625
454 1 1 33.453 16.225 32.932 15.673
455 1 1 33.574 16.442 32.811 15.457
456 1 1 33.429 16.266 32.908 15.714
457 1 1 33.421 16.306 32.900 15.754
458 1 1 33.405 16.338 32.883 15.786
459 1 1 33.397 16.378 32.875 15.826
460 1 1 33.397 16.571 32.875 16.019
462 1 1 33.574 16.683 32.651 15.908
463 1 1 33.381 16.555 32.859 16.003
464 1 1 33.373 16.588 32.851 16.036
465 1 1 33.365 16.628 32.843 16.076
466 1 1 33.357 16.668 32.835 16.116
467 1 1 33.341 16.709 32.819 16.156
468 1 1 33.333 16.757 32.811 16.205
469 1 1 33.325 16.805 32.803 16.253
470 1 1 33.309 16.845 32.787 16.293
471 1 1 33.293 16.894 32.771 16.342
472 1 1 33.277 16.934 32.755 16.382
473 1 1 33.269 16.974 32.747 16.422
474 1 1 33.253 17.007 32.731 16.455
475 1 1 33.236 17.039 32.715 16.487
476 1 1 33.180 17.233 32.658 16.680
478 1 1 33.172 17.225 32.650 16.672
479 1 1 33.164 17.257 32.642 16.704
480 1 1 33.156 17.289 32.634 16.737
481 1 1 33.148 17.321 32.626 16.769
482 1 1 33.140 17.354 32.618 16.801
113 1 1 33.405 5.012 32.854 4.319
129 1 1 33.397 5.419 32.862 4.734
204 1 1 33.757 6.831 33.206 6.218
227 1 1 33.813 7.406 33.253 6.809
243 1 1 33.941 7.710 33.381 7.128
273 1 1 34.109 8.485 33.597 7.950
363 1 1 34.502 12.270 33.982 11.735
0 10 1 33.156 18.134 32.779 17.267
1 10 1 33.172 18.159 32.779 17.251
2 10 1 33.172 18.118 32.779 17.211
3 10 1 33.172 18.070 32.779 17.162
4 10 1 33.164 18.030 32.771 17.122
6 10 1 33.148 17.933 32.755 17.026
7 10 1 33.148 17.893 32.755 16.986
8 10 1 33.148 17.837 32.755 16.929
9 10 1 33.140 17.788 32.747 16.881
10 10 1 33.148 17.732 32.755 16.825
11 10 1 33.140 17.684 32.747 16.776
12 10 1 33.148 17.627 32.755 16.720
13 10 1 33.140 17.571 32.747 16.664
14 10 1 33.148 17.514 32.755 16.607
15 10 1 33.140 17.458 32.747 16.551
16 10 1 33.156 17.402 32.763 16.495
18 10 1 33.164 17.305 32.771 16.398
19 10 1 33.164 17.257 32.771 16.350
20 10 1 33.164 17.200 32.771 16.301
22 10 1 33.156 17.192 32.763 16.293
23 10 1 33.156 17.144 32.763 16.245
24 10 1 33.148 17.088 32.755 16.189
25 10 1 33.172 16.895 32.611 15.868
26 10 1 33.148 16.879 32.627 15.884
27 10 1 33.148 16.838 32.627 15.844
28 10 1 33.132 16.782 32.611 15.788
29 10 1 33.148 16.710 32.627 15.715
30 10 1 33.132 16.653 32.611 15.659
31 10 1 33.132 16.581 32.611 15.587
32 10 1 33.132 16.541 32.611 15.546
33 10 1 33.132 16.484 32.611 15.490
34 10 1 33.132 16.444 32.611 15.450
35 10 1 33.132 16.388 32.611 15.394
36 10 1 33.132 16.348 32.611 15.353
37 10 1 33.220 16.114 32.635 15.184
39 10 1 33.212 16.106 32.627 15.176
40 10 1 33.212 16.066 32.627 15.136
41 10 1 33.212 16.026 32.627 15.096
42 10 1 33.212 15.953 32.627 15.024
43 10 1 33.212 15.897 32.627 14.967
44 10 1 33.213 15.841 32.627 14.911
45 10 1 33.229 15.784 32.643 14.855
46 10 1 33.245 15.712 32.659 14.782
47 10 1 33.229 15.672 32.643 14.742
48 10 1 33.245 15.615 32.659 14.686
49 10 1 33.245 15.575 32.659 14.646
50 10 1 33.245 15.519 32.659 14.590
51 10 1 33.245 15.446 32.659 14.517
52 10 1 33.245 15.374 32.659 14.445
53 10 1 33.245 15.334 32.659 14.405
54 10 1 33.245 15.278 32.659 14.349
55 10 1 33.245 15.238 32.659 14.308
56 10 1 33.245 15.165 32.659 14.236
57 10 1 33.229 15.125 32.643 14.196
58 10 1 33.245 15.069 32.659 14.140
59 10 1 33.229 15.013 32.643 14.084
60 10 1 33.245 14.940 32.659 14.011
61 10 1 33.229 14.900 32.643 13.971
62 10 1 33.245 14.828 32.659 13.899
63 10 1 33.309 14.763 32.563 13.859
64 10 1 33.237 14.771 32.635 13.851
65 10 1 33.237 14.723 32.635 13.802
66 10 1 33.237 14.707 32.635 13.786
67 10 1 33.237 14.659 32.635 13.738
68 10 1 33.253 14.627 32.651 13.706
69 10 1 33.269 14.579 32.667 13.658
70 10 1 33.253 14.530 32.651 13.610
71 10 1 33.269 14.498 32.667 13.578
72 10 1 33.269 14.434 32.667 13.513
73 10 1 33.269 14.402 32.667 13.481
74 10 1 33.269 14.354 32.667 13.433
75 10 1 33.285 14.289 32.684 13.369
76 10 1 33.317 14.241 32.716 13.320
77 10 1 33.333 14.209 32.732 13.288
78 10 1 33.333 14.161 32.732 13.240
79 10 1 33.349 14.112 32.748 13.192
80 10 1 33.381 14.064 32.780 13.144
81 10 1 33.397 14.000 32.796 13.079
82 10 1 33.397 13.968 32.796 13.047
83 10 1 33.413 13.919 32.812 12.999
84 10 1 33.429 13.887 32.828 12.967
85 10 1 33.445 13.839 32.844 12.919
86 10 1 33.461 13.791 32.860 12.870
87 10 1 33.461 13.758 32.860 12.838
88 10 1 33.477 13.710 32.876 12.790
89 10 1 33.509 13.662 32.908 12.742
90 10 1 33.525 13.614 32.924 12.694
91 10 1 33.525 13.549 32.924 12.629
92 10 1 33.541 13.501 32.940 12.581
93 10 1 33.557 13.453 32.956 12.533
94 10 1 33.557 13.389 32.956 12.469
95 10 1 33.573 13.341 32.972 12.421
96 10 1 33.606 13.308 33.004 12.388
97 10 1 33.606 13.276 33.004 12.356
98 10 1 33.622 13.228 33.021 12.308
99 10 1 33.622 13.180 33.021 12.260
100 10 1 33.662 13.083 33.045 12.188
102 10 1 33.654 13.075 33.037 12.180
103 10 1 33.654 13.051 33.037 12.156
104 10 1 33.670 13.011 33.053 12.115
105 10 1 33.782 12.850 33.101 11.770
106 10 1 33.742 12.770 33.125 11.867
107 10 1 33.758 12.738 33.141 11.834
108 10 1 33.790 12.690 33.173 11.786
109 10 1 33.806 12.642 33.189 11.738
110 10 1 33.806 12.610 33.189 11.706
111 10 1 33.822 12.577 33.205 11.674
112 10 1 33.910 12.545 33.141 11.698
114 10 1 33.846 12.529 33.221 11.634
115 10 1 33.870 12.505 33.245 11.610
116 10 1 33.878 12.465 33.253 11.569
117 10 1 33.902 12.441 33.277 11.545
118 10 1 33.910 12.401 33.285 11.505
119 10 1 34.158 12.351 33.285 11.257
120 10 1 34.030 12.256 33.397 11.353
121 10 1 34.046 12.224 33.413 11.320
122 10 1 34.062 12.175 33.429 11.272
123 10 1 34.062 12.127 33.429 11.224
124 10 1 34.078 12.111 33.445 11.208
125 10 1 34.078 12.063 33.445 11.160
126 10 1 34.126 12.167 33.389 11.104
127 10 1 34.070 12.087 33.437 11.176
128 10 1 34.070 12.063 33.437 11.152
130 10 1 34.070 11.999 33.437 11.088
131 10 1 34.086 11.959 33.453 11.048
132 10 1 34.086 11.935 33.453 11.024
133 10 1 34.174 11.710 33.429 11.136
134 10 1 34.118 11.863 33.477 10.984
135 10 1 34.126 11.855 33.485 10.976
136 10 1 34.134 11.831 33.493 10.952
137 10 1 34.142 11.822 33.501 10.943
138 10 1 34.150 11.798 33.509 10.919
139 10 1 34.158 11.774 33.517 10.895
140 10 1 34.238 11.494 33.453 10.703
141 10 1 34.166 11.534 33.517 10.663
142 10 1 34.182 11.502 33.533 10.631
143 10 1 34.198 11.486 33.549 10.615
144 10 1 34.214 11.438 33.565 10.567
145 10 1 34.230 11.421 33.581 10.551
146 10 1 34.262 11.373 33.613 10.503
147 10 1 34.430 11.445 33.477 10.519
148 10 1 34.278 11.413 33.621 10.543
149 10 1 34.302 11.381 33.645 10.510
150 10 1 34.310 11.349 33.653 10.478
151 10 1 34.350 11.317 33.693 10.446
152 10 1 34.374 11.269 33.717 10.398
153 10 1 34.574 11.188 33.910 10.213
155 10 1 34.566 11.132 33.910 10.269
156 10 1 34.590 11.092 33.934 10.229
157 10 1 34.598 11.068 33.942 10.205
158 10 1 34.606 11.028 33.950 10.165
159 10 1 34.614 10.987 33.958 10.125
160 10 1 34.638 10.947 33.982 10.085
161 10 1 34.710 10.899 34.086 9.756
162 10 1 34.718 10.763 34.070 9.893
163 10 1 34.734 10.715 34.086 9.844
164 10 1 34.766 10.651 34.118 9.780
165 10 1 34.782 10.603 34.134 9.732
166 10 1 34.782 10.554 34.134 9.684
167 10 1 34.814 10.474 34.166 9.604
168 10 1 34.886 10.578 34.134 9.676
169 10 1 34.830 10.554 34.182 9.684
170 10 1 34.846 10.490 34.198 9.620
171 10 1 34.846 10.442 34.197 9.572
172 10 1 34.846 10.394 34.197 9.524
173 10 1 34.846 10.346 34.197 9.476
174 10 1 34.862 10.330 34.213 9.460
175 10 1 35.038 10.129 34.261 9.100
176 10 1 34.966 10.058 34.317 9.188
177 10 1 34.982 10.010 34.333 9.140
178 10 1 34.997 9.946 34.349 9.076
179 10 1 35.013 9.897 34.365 9.028
180 10 1 35.045 9.849 34.397 8.980
181 10 1 35.061 9.785 34.413 8.915
182 10 1 35.077 9.737 34.429 8.867
183 10 1 35.109 9.689 34.461 8.819
184 10 1 35.125 9.625 34.477 8.755
185 10 1 35.157 9.561 34.509 8.691
186 10 1 35.173 9.513 34.525 8.643
187 10 1 35.205 9.481 34.557 8.611
188 10 1 35.221 9.433 34.573 8.563
189 10 1 35.237 9.369 34.589 8.499
190 10 1 35.253 9.305 34.605 8.435
191 10 1 35.269 9.257 34.621 8.387
192 10 1 35.269 9.209 34.621 8.339
193 10 1 35.285 9.145 34.637 8.275
194 10 1 35.285 9.081 34.637 8.211
195 10 1 35.301 9.017 34.653 8.147
196 10 1 35.317 8.969 34.669 8.099
197 10 1 35.317 8.937 34.669 8.067
198 10 1 35.333 8.889 34.685 8.019
199 10 1 35.349 8.841 34.701 7.971
200 10 1 35.349 8.809 34.701 7.939
201 10 1 35.364 8.777 34.717 7.907
202 10 1 35.380 8.729 34.733 7.859
203 10 1 35.380 8.681 34.733 7.812
205 10 1 35.380 8.601 34.733 7.732
206 10 1 35.396 8.537 34.749 7.668
207 10 1 35.396 8.489 34.748 7.620
208 10 1 35.396 8.441 34.748 7.572
209 10 1 35.412 8.377 34.764 7.508
210 10 1 35.452 8.473 34.660 7.348
211 10 1 35.380 8.345 34.732 7.468
212 10 1 35.396 8.289 34.748 7.412
213 10 1 35.396 8.249 34.748 7.372
214 10 1 35.412 8.193 34.764 7.316
215 10 1 35.412 8.153 34.764 7.276
216 10 1 35.420 7.946 34.740 7.069
218 10 1 35.404 7.946 34.756 7.069
219 10 1 35.404 7.906 34.756 7.029
220 10 1 35.404 7.882 34.756 7.005
221 10 1 35.404 7.842 34.756 6.965
222 10 1 35.388 7.802 34.740 6.925
223 10 1 35.372 7.762 34.724 6.885
224 10 1 35.372 7.706 34.724 6.829
225 10 1 35.356 7.634 34.708 6.757
226 10 1 35.340 7.578 34.692 6.702
228 10 1 35.308 7.451 34.660 6.574
229 10 1 35.308 7.379 34.660 6.502
230 10 1 35.292 7.323 34.644 6.446
231 10 1 35.260 7.283 34.612 6.406
232 10 1 35.244 7.243 34.596 6.367
233 10 1 35.244 7.203 34.596 6.327
234 10 1 35.228 7.163 34.580 6.287
235 10 1 35.196 7.108 34.548 6.231
236 10 1 35.180 7.068 34.532 6.191
237 10 1 35.164 7.012 34.516 6.135
238 10 1 35.148 6.956 34.500 6.079
239 10 1 35.132 6.900 34.484 6.024
240 10 1 35.116 6.860 34.468 5.984
241 10 1 35.100 6.788 34.452 5.912
242 10 1 35.084 6.749 34.436 5.872
244 10 1 35.068 6.637 34.420 5.760
245 10 1 35.036 6.565 34.388 5.689
246 10 1 35.036 6.525 34.388 5.649
247 10 1 35.020 6.453 34.372 5.577
248 10 1 35.035 6.398 34.388 5.521
249 10 1 35.035 6.342 34.388 5.465
250 10 1 35.019 6.302 34.372 5.425
251 10 1 35.019 6.262 34.372 5.386
252 10 1 35.003 6.222 34.356 5.346
253 10 1 34.987 6.166 34.340 5.290
254 10 1 34.987 6.126 34.340 5.250
255 10 1 34.955 6.055 34.308 5.178
256 10 1 34.939 6.015 34.292 5.138
257 10 1 34.907 5.959 34.260 5.083
258 10 1 34.875 5.903 34.228 5.027
259 10 1 34.859 5.831 34.212 4.955
260 10 1 34.843 5.776 34.196 4.899
261 10 1 34.812 5.720 34.164 4.844
262 10 1 34.780 5.696 34.132 4.820
263 10 1 34.748 5.640 34.100 4.764
264 10 1 34.732 5.600 34.084 4.724
265 10 1 34.732 5.560 34.084 4.684
266 10 1 34.716 5.521 34.068 4.644
267 10 1 34.700 5.481 34.052 4.605
268 10 1 34.700 5.441 34.052 4.565
269 10 1 34.684 5.385 34.036 4.509
270 10 1 34.652 5.329 34.005 4.453
271 10 1 34.636 5.273 33.989 4.397
272 10 1 34.636 5.218 33.989 4.342
274 10 1 34.604 5.106 33.957 4.230
275 10 1 34.604 5.050 33.957 4.174
276 10 1 34.604 5.010 33.957 4.134
277 10 1 34.588 4.955 33.941 4.079
278 10 1 34.572 4.915 33.925 4.039
279 10 1 34.588 4.843 33.941 3.967
280 10 1 34.588 4.803 33.941 3.927
281 10 1 34.572 4.763 33.925 3.887
282 10 1 34.572 4.723 33.925 3.848
283 10 1 34.572 4.684 33.925 3.808
284 10 1 34.556 4.644 33.909 3.768
285 10 1 34.540 4.588 33.893 3.712
286 10 1 34.524 4.548 33.877 3.672
287 10 1 34.508 4.492 33.861 3.617
288 10 1 34.492 4.437 33.845 3.561
289 10 1 34.460 4.381 33.813 3.505
290 10 1 34.444 4.341 33.797 3.465
291 10 1 34.428 4.285 33.781 3.409
292 10 1 34.412 4.245 33.765 3.370
293 10 1 34.412 4.206 33.765 3.330
294 10 1 34.380 4.182 33.733 3.306
295 10 1 34.364 4.126 33.717 3.250
296 10 1 34.348 4.086 33.701 3.210
297 10 1 34.348 4.030 33.701 3.155
298 10 1 34.332 3.990 33.685 3.115
299 10 1 34.316 3.951 33.669 3.075
300 10 1 34.316 3.911 33.669 3.035
301 10 1 34.316 3.855 33.669 2.979
302 10 1 34.316 3.815 33.669 2.940
303 10 1 34.300 3.775 33.653 2.900
304 10 1 34.284 3.720 33.637 2.844
305 10 1 34.284 3.664 33.637 2.788
306 10 1 34.284 3.624 33.637 2.749
307 10 1 34.284 3.568 33.637 2.693
308 10 1 34.284 3.528 33.637 2.653
309 10 1 34.284 3.489 33.637 2.613
310 10 1 34.284 3.449 33.637 2.573
311 10 1 34.284 3.409 33.637 2.534
312 10 1 34.284 3.369 33.637 2.494
313 10 1 34.284 3.329 33.637 2.454
314 10 1 34.300 3.289 33.653 2.414
315 10 1 34.284 3.266 33.637 2.390
316 10 1 34.284 3.242 33.637 2.366
317 10 1 34.284 3.202 33.637 2.327
318 10 1 34.268 3.178 33.621 2.303
319 10 1 34.236 3.138 33.589 2.263
320 10 1 34.220 3.114 33.573 2.239
321 10 1 34.220 3.075 33.573 2.199
322 10 1 34.204 3.035 33.557 2.159
323 10 1 34.188 2.995 33.541 2.120
324 10 1 34.172 2.955 33.525 2.080
325 10 1 34.140 2.915 33.493 2.040
326 10 1 34.124 2.876 33.477 2.000
327 10 1 34.124 2.852 33.477 1.976
328 10 1 34.108 2.844 33.461 1.968
329 10 1 34.076 2.820 33.429 1.945
330 10 1 34.044 2.812 33.398 1.937
331 10 1 34.028 2.788 33.382 1.913
332 10 1 34.028 2.780 33.382 1.905
333 10 1 34.028 2.756 33.382 1.881
334 10 1 34.012 2.732 33.366 1.857
335 10 1 33.996 2.708 33.350 1.833
336 10 1 33.996 2.700 33.350 1.825
337 10 1 33.980 2.677 33.334 1.801
338 10 1 33.964 2.669 33.318 1.793
339 10 1 34.028 2.517 33.230 1.595
341 10 1 33.956 2.494 33.302 1.618
342 10 1 33.964 2.470 33.310 1.594
343 10 1 33.956 2.462 33.302 1.587
344 10 1 33.964 2.422 33.310 1.547
345 10 1 33.972 2.414 33.318 1.539
346 10 1 33.980 2.374 33.326 1.499
347 10 1 33.972 2.366 33.318 1.491
348 10 1 33.980 2.342 33.326 1.467
349 10 1 33.988 2.334 33.334 1.459
350 10 1 33.996 2.310 33.342 1.435
351 10 1 33.988 2.302 33.334 1.427
352 10 1 33.996 2.294 33.342 1.419
353 10 1 33.988 2.287 33.334 1.411
354 10 1 33.980 2.279 33.326 1.404
355 10 1 33.972 2.271 33.318 1.396
356 10 1 33.980 2.247 33.326 1.372
357 10 1 33.988 2.239 33.334 1.364
358 10 1 33.996 2.231 33.342 1.356
359 10 1 34.004 2.223 33.350 1.348
360 10 1 34.012 2.199 33.358 1.324
361 10 1 34.020 2.191 33.366 1.316
362 10 1 34.028 2.183 33.374 1.308
364 10 1 34.044 2.167 33.390 1.292
365 10 1 34.052 2.159 33.398 1.284
366 10 1 34.060 2.151 33.406 1.276
367 10 1 34.068 2.143 33.414 1.268
368 10 1 34.076 2.135 33.422 1.260
369 10 1 34.084 2.127 33.429 1.252
370 10 1 34.092 2.119 33.437 1.244
371 10 1 34.100 2.111 33.445 1.236
372 10 1 34.108 2.103 33.453 1.228
373 10 1 34.116 2.095 33.461 1.221
374 10 1 34.124 2.088 33.469 1.213
375 10 1 34.132 2.080 33.477 1.205
376 10 1 34.140 2.072 33.485 1.197
377 10 1 34.132 2.080 33.477 1.205
378 10 1 34.140 2.072 33.485 1.197
379 10 1 34.148 2.080 33.493 1.205
380 10 1 34.156 2.072 33.501 1.197
381 10 1 34.148 2.080 33.493 1.205
382 10 1 34.156 2.072 33.501 1.197
383 10 1 34.148 2.080 33.493 1.205
384 10 1 34.156 2.072 33.501 1.197
385 10 1 34.148 2.080 33.493 1.205
386 10 1 34.156 2.072 33.501 1.197
387 10 1 34.164 2.080 33.509 1.205
388 10 1 34.172 2.072 33.517 1.197
389 10 1 34.164 2.080 33.509 1.205
390 10 1 34.172 2.072 33.517 1.197
391 10 1 34.164 2.080 33.509 1.205
392 10 1 34.172 2.072 33.517 1.197
393 10 1 34.164 2.080 33.509 1.205
394 10 1 34.172 2.072 33.517 1.197
395 10 1 34.164 2.080 33.509 1.205
396 10 1 34.172 2.087 33.517 1.213
397 10 1 34.164 2.095 33.509 1.221
398 10 1 34.172 2.087 33.517 1.213
399 10 1 34.164 2.095 33.509 1.221
400 10 1 34.172 2.087 33.517 1.213
401 10 1 34.164 2.095 33.509 1.221
402 10 1 34.156 2.103 33.501 1.228
403 10 1 34.148 2.111 33.493 1.236
404 10 1 34.156 2.103 33.501 1.228
405 10 1 34.148 2.111 33.493 1.236
406 10 1 34.156 2.119 33.501 1.244
407 10 1 34.148 2.127 33.493 1.252
408 10 1 34.156 2.119 33.501 1.244
409 10 1 34.148 2.127 33.493 1.252
410 10 1 34.156 2.135 33.501 1.260
411 10 1 34.148 2.143 33.493 1.268
412 10 1 34.140 2.151 33.485 1.276
413 10 1 34.132 2.159 33.477 1.284
414 10 1 34.140 2.151 33.485 1.276
415 10 1 34.132 2.159 33.477 1.284
416 10 1 34.140 2.167 33.485 1.292
417 10 1 34.132 2.175 33.477 1.300
418 10 1 34.140 2.167 33.485 1.292
419 10 1 34.132 2.175 33.477 1.300
420 10 1 34.124 2.183 33.469 1.308
421 10 1 34.116 2.191 33.461 1.316
422 10 1 34.124 2.183 33.469 1.308
423 10 1 34.116 2.191 33.461 1.316
424 10 1 34.124 2.199 33.469 1.324
425 10 1 34.116 2.207 33.461 1.332
426 10 1 34.124 2.199 33.469 1.324
427 10 1 34.116 2.207 33.461 1.332
428 10 1 34.108 2.215 33.453 1.340
429 10 1 34.100 2.223 33.445 1.348
430 10 1 34.108 2.215 33.453 1.340
431 10 1 34.100 2.223 33.445 1.348
432 10 1 34.108 2.215 33.453 1.340
433 10 1 34.100 2.223 33.445 1.348
434 10 1 34.092 2.215 33.437 1.340
435 10 1 34.084 2.223 33.429 1.348
436 10 1 34.092 2.231 33.437 1.356
437 10 1 34.084 2.239 33.429 1.364
438 10 1 34.092 2.231 33.437 1.356
439 10 1 34.084 2.239 33.429 1.364
440 10 1 34.092 2.231 33.437 1.356
441 10 1 34.084 2.239 33.429 1.364
442 10 1 34.092 2.231 33.437 1.356
443 10 1 34.084 2.239 33.429 1.364
444 10 1 34.092 2.231 33.437 1.356
445 10 1 34.084 2.239 33.429 1.364
446 10 1 34.092 2.231 33.437 1.356
447 10 1 34.084 2.239 33.429 1.364
448 10 1 34.092 2.231 33.437 1.356
449 10 1 34.084 2.239 33.429 1.364
450 10 1 34.092 2.247 33.437 1.372
451 10 1 34.084 2.239 33.429 1.364
452 10 1 34.092 2.247 33.437 1.372
453 10 1 34.084 2.255 33.429 1.380
454 10 1 34.092 2.247 33.437 1.372
455 10 1 34.084 2.255 33.429 1.380
456 10 1 34.092 2.247 33.437 1.372
457 10 1 34.084 2.255 33.429 1.380
458 10 1 34.076 2.247 33.422 1.372
459 10 1 34.068 2.255 33.414 1.380
460 10 1 34.076 2.247 33.422 1.372
461 10 1 34.068 2.255 33.414 1.380
462 10 1 34.076 2.247 33.422 1.372
463 10 1 34.068 2.255 33.414 1.380
464 10 1 34.060 2.247 33.406 1.372
465 10 1 34.052 2.255 33.398 1.380
466 10 1 34.060 2.247 33.406 1.372
467 10 1 34.052 2.255 33.398 1.380
468 10 1 34.060 2.247 33.406 1.372
469 10 1 34.052 2.255 33.398 1.380
470 10 1 34.044 2.247 33.390 1.372
471 10 1 34.036 2.255 33.382 1.380
472 10 1 34.044 2.247 33.390 1.372
473 10 1 34.036 2.255 33.382 1.380
474 10 1 34.044 2.247 33.390 1.372
475 10 1 34.036 2.255 33.382 1.380
476 10 1 34.044 2.247 33.390 1.372
477 10 1 34.036 2.255 33.382 1.380
478 10 1 34.028 2.247 33.374 1.372
479 10 1 34.020 2.255 33.366 1.380
480 10 1 34.028 2.247 33.374 1.372
481 10 1 34.020 2.255 33.366 1.380
482 10 1 34.028 2.247 33.374 1.372
17 10 1 33.156 17.353 32.763 16.446
113 10 1 33.838 12.569 33.213 11.674
129 10 1 34.086 12.023 33.453 11.112
204 10 1 35.380 8.649 34.733 7.780
227 10 1 35.324 7.507 34.676 6.630
243 10 1 35.084 6.693 34.436 5.816
273 10 1 34.620 5.162 33.973 4.286
363 10 1 34.036 2.175 33.382 1.300
5 10 1 33.148 17.981 32.755 17.074
25 12 2 17.394 8.186 15.844 7.506
26 12 2 17.321 8.178 15.917 7.514
27 12 2 17.386 8.178 15.982 7.514
28 12 2 17.717 8.273 15.964 7.683
29 12 2 17.579 8.298 16.094 7.658
30 12 2 17.652 8.289 16.167 7.650
31 12 2 17.725 8.289 16.240 7.650
32 12 2 17.790 8.289 16.305 7.650
33 12 2 17.863 8.289 16.378 7.649
34 12 2 17.935 8.289 16.450 7.649
35 12 2 18.000 8.288 16.515 7.649
36 12 2 18.065 8.288 16.580 7.649
37 12 2 18.138 8.288 16.653 7.649
38 12 2 18.210 8.296 16.726 7.657
39 12 2 18.291 8.304 16.806 7.664
40 12 2 18.356 8.304 16.871 7.664
41 12 2 18.437 8.303 16.952 7.664
42 12 2 18.518 8.311 17.033 7.672
43 12 2 18.590 8.319 17.106 7.680
44 12 2 18.663 8.319 17.179 7.680
45 12 2 18.744 8.327 17.259 7.687
46 12 2 18.817 8.334 17.332 7.695
47 12 2 18.889 8.334 17.405 7.695
48 12 2 18.970 8.342 17.486 7.703
49 12 2 19.261 8.285 17.615 7.687
50 12 2 19.181 8.301 17.672 7.670
51 12 2 19.245 8.301 17.737 7.670
52 12 2 19.334 8.309 17.826 7.678
53 12 2 19.407 8.309 17.899 7.678
54 12 2 19.471 8.317 17.963 7.686
55 12 2 19.560 8.316 18.052 7.685
56 12 2 19.633 8.316 18.125 7.685
57 12 2 19.697 8.340 18.189 7.709
58 12 2 19.786 8.340 18.278 7.709
59 12 2 19.859 8.348 18.351 7.717
60 12 2 19.948 8.347 18.440 7.717
61 12 2 20.021 8.347 18.513 7.716
62 12 2 20.109 8.371 18.602 7.740
63 12 2 20.384 8.410 18.723 7.748
64 12 2 20.303 8.395 18.779 7.764
65 12 2 20.392 8.394 18.868 7.764
66 12 2 20.473 8.402 18.949 7.772
67 12 2 20.578 8.402 19.054 7.771
68 12 2 20.650 8.426 19.127 7.795
69 12 2 20.747 8.426 19.224 7.795
70 12 2 20.973 8.473 19.344 7.859
71 12 2 20.916 8.473 19.377 7.851
72 12 2 20.997 8.481 19.458 7.859
73 12 2 21.086 8.489 19.546 7.866
74 12 2 21.174 8.497 19.635 7.874
75 12 2 21.263 8.504 19.724 7.882
76 12 2 21.352 8.512 19.813 7.890
77 12 2 21.618 8.568 19.990 7.946
78 12 2 21.562 8.560 20.023 7.938
79 12 2 21.642 8.568 20.103 7.945
80 12 2 21.723 8.583 20.184 7.961
81 12 2 21.803 8.591 20.265 7.969
82 12 2 21.884 8.599 20.345 7.977
83 12 2 21.965 8.607 20.426 7.985
84 12 2 22.053 8.607 20.515 7.984
85 12 2 22.142 8.622 20.604 8.000
86 12 2 22.223 8.622 20.684 8.000
87 12 2 22.303 8.622 20.765 8.000
88 12 2 22.384 8.630 20.846 8.008
89 12 2 22.465 8.638 20.926 8.015
90 12 2 22.545 8.637 21.007 8.015
91 12 2 22.626 8.629 21.088 8.007
92 12 2 22.707 8.637 21.169 8.015
93 12 2 22.779 8.637 21.241 8.015
94 12 2 22.852 8.628 21.314 8.006
95 12 2 22.932 8.636 21.394 8.014
96 12 2 23.013 8.636 21.475 8.014
97 12 2 23.077 8.628 21.540 8.006
98 12 2 23.271 8.651 21.596 8.030
99 12 2 23.198 8.644 21.653 8.022
100 12 2 23.271 8.627 21.725 8.005
101 12 2 23.351 8.635 21.806 8.013
102 12 2 23.424 8.635 21.878 8.013
103 12 2 23.505 8.627 21.959 8.005
104 12 2 23.569 8.634 22.024 8.013
105 12 2 23.883 8.601 22.064 8.045
106 12 2 23.754 8.626 22.169 8.012
107 12 2 23.819 8.626 22.233 8.012
108 12 2 23.907 8.625 22.322 8.012
109 12 2 23.972 8.625 22.387 8.012
110 12 2 24.044 8.625 22.459 8.011
111 12 2 24.109 8.625 22.524 8.011
112 12 2 24.262 8.568 22.604 7.995
114 12 2 24.286 8.592 22.701 7.987
115 12 2 24.359 8.592 22.774 7.987
116 12 2 24.423 8.592 22.838 7.986
117 12 2 24.495 8.592 22.911 7.986
118 12 2 24.560 8.592 22.975 7.986
119 12 2 24.624 8.591 23.040 7.986
120 12 2 24.697 8.607 23.112 8.002
121 12 2 24.777 8.607 23.193 8.002
122 12 2 24.842 8.607 23.257 8.001
123 12 2 24.906 8.607 23.322 8.001
124 12 2 24.978 8.606 23.394 8.001
125 12 2 25.043 8.606 23.458 8.001
126 12 2 25.107 8.622 23.523 8.017
127 12 2 25.172 8.622 23.587 8.017
128 12 2 25.236 8.622 23.652 8.016
130 12 2 25.365 8.637 23.781 8.032
131 12 2 25.429 8.637 23.845 8.032
132 12 2 25.493 8.637 23.909 8.032
133 12 2 25.550 8.637 23.966 8.032
134 12 2 25.614 8.637 24.030 8.031
135 12 2 25.678 8.653 24.095 8.047
136 12 2 25.719 8.652 24.135 8.047
137 12 2 25.783 8.652 24.199 8.047
138 12 2 25.839 8.652 24.256 8.047
139 12 2 25.888 8.668 24.304 8.063
140 12 2 25.960 8.668 24.376 8.063
141 12 2 26.000 8.668 24.417 8.062
142 12 2 26.056 8.684 24.473 8.078
143 12 2 26.121 8.683 24.537 8.078
144 12 2 26.161 8.683 24.578 8.078
145 12 2 26.217 8.699 24.634 8.094
146 12 2 26.258 8.699 24.674 8.094
147 12 2 26.314 8.715 24.730 8.110
148 12 2 26.354 8.715 24.771 8.110
149 12 2 26.410 8.715 24.827 8.110
150 12 2 26.450 8.730 24.867 8.125
151 12 2 26.507 8.730 24.924 8.125
152 12 2 26.547 8.746 24.964 8.141
153 12 2 26.587 8.746 25.004 8.141
154 12 2 26.619 8.738 25.036 8.133
155 12 2 26.675 8.762 25.093 8.157
156 12 2 26.708 8.762 25.125 8.157
157 12 2 26.748 8.754 25.165 8.149
158 12 2 26.780 8.762 25.197 8.157
159 12 2 26.836 8.761 25.253 8.156
160 12 2 26.876 8.777 25.294 8.172
161 12 2 26.909 8.777 25.326 8.172
162 12 2 26.965 8.777 25.382 8.172
163 12 2 26.997 8.793 25.414 8.188
164 12 2 27.037 8.793 25.455 8.188
165 12 2 27.069 8.801 25.487 8.196
166 12 2 27.126 8.809 25.543 8.204
167 12 2 27.166 8.825 25.583 8.220
168 12 2 27.198 8.825 25.615 8.220
169 12 2 27.254 8.840 25.672 8.236
170 12 2 27.294 8.856 25.712 8.251
171 12 2 27.350 8.872 25.768 8.267
172 12 2 27.391 8.888 25.808 8.283
173 12 2 27.447 8.904 25.864 8.299
174 12 2 27.487 8.920 25.905 8.315
175 12 2 27.543 8.936 25.961 8.331
176 12 2 27.607 8.968 26.025 8.363
177 12 2 27.648 8.984 26.065 8.379
178 12 2 27.712 9.015 26.130 8.411
179 12 2 27.776 9.047 26.194 8.443
180 12 2 27.840 9.079 26.258 8.474
181 12 2 27.904 9.111 26.322 8.506
182 12 2 27.969 9.159 26.387 8.554
183 12 2 28.041 9.191 26.459 8.586
184 12 2 28.121 9.239 26.539 8.634
185 12 2 28.185 9.279 26.603 8.674
186 12 2 28.274 9.318 26.692 8.714
187 12 2 28.338 9.366 26.756 8.762
188 12 2 28.402 9.406 26.820 8.802
189 12 2 28.466 9.454 26.884 8.849
190 12 2 28.530 9.502 26.949 8.897
191 12 2 28.602 9.550 27.021 8.945
192 12 2 28.667 9.606 27.085 9.001
193 12 2 28.723 9.646 27.141 9.041
194 12 2 28.795 9.710 27.213 9.105
195 12 2 28.859 9.765 27.277 9.161
196 12 2 28.931 9.821 27.350 9.225
197 12 2 28.987 9.861 27.406 9.273
198 12 2 29.052 9.917 27.470 9.329
199 12 2 29.116 9.965 27.534 9.377
200 12 2 29.204 10.037 27.622 9.449
201 12 2 29.276 10.093 27.695 9.505
202 12 2 29.348 10.149 27.767 9.560
203 12 2 29.412 10.213 27.831 9.624
205 12 2 29.573 10.332 27.992 9.744
206 12 2 29.661 10.388 28.080 9.800
207 12 2 29.733 10.452 28.152 9.864
208 12 2 29.821 10.508 28.240 9.920
209 12 2 29.894 10.564 28.312 9.976
210 12 2 29.982 10.620 28.401 10.032
211 12 2 30.078 10.675 28.497 10.087
212 12 2 30.150 10.731 28.569 10.143
213 12 2 30.247 10.779 28.666 10.191
214 12 2 30.335 10.827 28.754 10.239
215 12 2 30.431 10.875 28.850 10.287
216 12 2 30.503 10.922 28.922 10.335
217 12 2 30.599 10.970 29.019 10.382
218 12 2 30.696 11.018 29.115 10.430
219 12 2 30.784 11.066 29.203 10.478
220 12 2 30.880 11.113 29.300 10.526
221 12 2 30.976 11.161 29.396 10.574
222 12 2 31.073 11.193 29.492 10.605
223 12 2 31.169 11.241 29.588 10.653
224 12 2 31.080 11.762 29.677 10.621
225 12 2 31.177 11.465 29.604 10.870
226 12 2 31.273 11.505 29.700 10.917
228 12 2 31.505 11.576 29.933 10.989
229 12 2 31.618 11.616 30.046 11.028
230 12 2 31.730 11.656 30.158 11.068
231 12 2 31.946 11.935 30.294 10.971
232 12 2 31.898 11.743 30.326 11.148
233 12 2 32.003 11.775 30.431 11.179
234 12 2 32.115 11.790 30.543 11.195
235 12 2 32.219 11.814 30.647 11.219
236 12 2 32.339 11.846 30.768 11.250
237 12 2 32.452 11.853 30.880 11.258
238 12 2 32.804 11.964 31.177 11.321
239 12 2 32.732 11.924 31.153 11.329
240 12 2 32.836 11.940 31.257 11.345
241 12 2 32.956 11.955 31.377 11.360
242 12 2 33.069 11.979 31.490 11.384
244 12 2 33.317 12.018 31.738 11.423
245 12 2 33.493 12.146 32.067 11.406
246 12 2 33.549 12.081 31.971 11.486
247 12 2 33.670 12.097 32.091 11.502
248 12 2 33.774 12.113 32.195 11.517
249 12 2 33.894 12.128 32.315 11.533
250 12 2 34.006 12.144 32.428 11.549
251 12 2 34.126 12.159 32.548 11.564
252 12 2 34.582 12.229 32.692 11.524
253 12 2 34.422 12.190 32.836 11.595
254 12 2 34.542 12.206 32.957 11.611
255 12 2 34.655 12.221 33.069 11.626
256 12 2 34.775 12.237 33.189 11.642
257 12 2 34.903 12.252 33.317 11.657
258 12 2 35.023 12.268 33.437 11.673
259 12 2 35.223 12.251 33.589 11.672
260 12 2 35.183 12.267 33.589 11.672
261 12 2 35.303 12.283 33.710 11.688
262 12 2 35.423 12.282 33.830 11.687
263 12 2 35.551 12.298 33.958 11.703
264 12 2 35.679 12.313 34.086 11.718
265 12 2 35.799 12.313 34.206 11.718
266 12 2 36.159 12.367 34.294 11.702
267 12 2 36.015 12.328 34.422 11.733
268 12 2 36.127 12.327 34.534 11.733
269 12 2 36.255 12.343 34.662 11.748
270 12 2 36.375 12.342 34.782 11.748
271 12 2 36.495 12.358 34.902 11.763
272 12 2 36.623 12.357 35.030 11.763
274 12 2 36.934 12.364 35.343 11.770
275 12 2 37.054 12.363 35.463 11.769
276 12 2 37.182 12.371 35.590 11.777
277 12 2 37.294 12.370 35.702 11.776
278 12 2 37.430 12.378 35.838 11.784
279 12 2 37.534 12.377 35.942 11.783
280 12 2 37.813 12.440 36.126 11.734
281 12 2 37.757 12.384 36.166 11.790
282 12 2 37.869 12.384 36.278 11.790
283 12 2 37.997 12.383 36.406 11.789
284 12 2 38.109 12.383 36.518 11.789
285 12 2 38.221 12.399 36.630 11.805
286 12 2 38.348 12.398 36.758 11.804
287 12 2 38.851 12.428 36.710 11.788
288 12 2 38.452 12.390 36.862 11.796
289 12 2 38.564 12.389 36.974 11.795
290 12 2 38.684 12.389 37.093 11.795
291 12 2 38.787 12.388 37.197 11.794
292 12 2 38.907 12.388 37.317 11.794
293 12 2 39.035 12.387 37.445 11.793
294 12 2 39.442 12.377 37.629 11.777
295 12 2 39.314 12.370 37.724 11.776
296 12 2 39.418 12.370 37.828 11.776
297 12 2 39.538 12.369 37.948 11.775
298 12 2 39.665 12.368 38.076 11.775
299 12 2 39.769 12.368 38.180 11.774
300 12 2 39.889 12.392 38.299 11.798
301 12 2 40.208 12.438 38.419 11.797
302 12 2 40.096 12.407 38.507 11.813
303 12 2 40.216 12.406 38.627 11.813
304 12 2 40.319 12.406 38.730 11.812
305 12 2 40.439 12.421 38.850 11.828
306 12 2 40.551 12.421 38.962 11.827
307 12 2 40.686 12.420 39.098 11.827
308 12 2 41.045 12.555 39.081 11.707
309 12 2 40.829 12.412 39.233 11.818
310 12 2 40.957 12.411 39.361 11.818
311 12 2 41.069 12.419 39.473 11.825
312 12 2 41.180 12.426 39.584 11.833
313 12 2 41.292 12.426 39.696 11.832
314 12 2 41.403 12.449 39.808 11.856
315 12 2 41.515 12.449 39.919 11.855
316 12 2 41.626 12.456 40.031 11.863
317 12 2 41.738 12.472 40.143 11.879
318 12 2 41.850 12.479 40.254 11.886
319 12 2 41.961 12.503 40.366 11.910
320 12 2 42.073 12.510 40.477 11.917
321 12 2 42.184 12.518 40.589 11.925
322 12 2 42.296 12.517 40.701 11.924
323 12 2 42.407 12.541 40.812 11.948
324 12 2 42.519 12.548 40.924 11.955
325 12 2 42.630 12.572 41.036 11.979
326 12 2 42.742 12.579 41.147 11.986
327 12 2 42.853 12.603 41.259 12.010
328 12 2 42.965 12.610 41.370 12.018
329 12 2 43.076 12.634 41.482 12.041
330 12 2 43.180 12.642 41.585 12.049
331 12 2 43.283 12.665 41.689 12.072
332 12 2 43.395 12.673 41.801 12.080
333 12 2 43.506 12.696 41.912 12.103
334 12 2 43.618 12.704 42.024 12.111
335 12 2 43.721 12.727 42.127 12.134
336 12 2 44.135 12.861 42.422 12.149
337 12 2 44.055 12.798 42.462 12.205
338 12 2 44.159 12.821 42.565 12.228
339 12 2 44.270 12.829 42.677 12.236
340 12 2 44.366 12.860 42.773 12.268
341 12 2 44.477 12.884 42.884 12.291
342 12 2 44.589 12.891 42.995 12.299
343 12 2 44.700 12.923 43.107 12.330
344 12 2 44.796 12.946 43.203 12.354
345 12 2 44.907 12.978 43.314 12.385
346 12 2 45.010 12.985 43.418 12.393
347 12 2 45.114 13.017 43.521 12.424
348 12 2 45.225 13.040 43.633 12.448
349 12 2 45.321 13.072 43.728 12.479
350 12 2 45.528 13.199 44.038 12.470
351 12 2 45.559 13.127 43.975 12.534
352 12 2 45.663 13.158 44.078 12.566
353 12 2 45.758 13.174 44.174 12.581
354 12 2 45.877 13.197 44.293 12.605
355 12 2 45.973 13.229 44.389 12.636
356 12 2 46.076 13.260 44.492 12.668
357 12 2 46.228 13.403 44.635 12.619
358 12 2 46.220 13.307 44.636 12.715
359 12 2 46.315 13.339 44.731 12.747
17 12 2 15.903 8.358 15.551 7.756
113 12 2 24.222 8.592 22.637 7.987
129 12 2 25.300 8.621 23.716 8.016
204 12 2 29.501 10.268 27.919 9.680
227 12 2 31.393 11.545 29.821 10.957
243 12 2 33.197 12.003 31.618 11.407
273 12 2 37.030 12.404 35.286 11.738
19 13 1 34.116 2.764 33.342 1.961
20 13 1 34.140 2.788 33.334 1.945
21 13 1 34.132 2.812 33.326 1.969
22 13 1 34.140 2.836 33.334 1.992
23 13 1 34.148 2.891 33.342 2.048
24 13 1 34.156 2.915 33.350 2.072
25 13 1 34.252 2.891 33.541 1.984
26 13 1 34.252 2.883 33.541 1.984
27 13 1 34.252 2.915 33.541 2.016
28 13 1 34.252 2.947 33.541 2.048
29 13 1 34.260 2.979 33.549 2.080
30 13 1 34.260 3.011 33.549 2.112
31 13 1 34.252 3.059 33.541 2.159
32 13 1 34.228 3.106 33.517 2.207
33 13 1 34.220 3.154 33.509 2.255
34 13 1 34.220 3.186 33.509 2.287
35 13 1 34.220 3.218 33.509 2.319
36 13 1 34.196 3.250 33.485 2.351
37 13 1 34.188 3.298 33.477 2.398
38 13 1 34.188 3.329 33.477 2.430
39 13 1 34.188 3.369 33.477 2.470
40 13 1 34.188 3.409 33.477 2.510
41 13 1 34.188 3.441 33.477 2.542
42 13 1 34.188 3.473 33.477 2.573
43 13 1 34.196 3.505 33.485 2.605
44 13 1 34.196 3.536 33.485 2.637
45 13 1 34.196 3.584 33.485 2.685
46 13 1 34.196 3.616 33.485 2.717
47 13 1 34.196 3.664 33.485 2.765
48 13 1 34.196 3.696 33.485 2.796
49 13 1 34.204 3.728 33.493 2.828
50 13 1 34.204 3.760 33.493 2.860
51 13 1 34.204 3.791 33.493 2.892
52 13 1 34.228 3.807 33.517 2.908
53 13 1 34.236 3.823 33.525 2.924
54 13 1 34.260 3.839 33.549 2.940
55 13 1 34.268 3.871 33.557 2.972
56 13 1 34.260 3.919 33.549 3.019
57 13 1 34.236 3.967 33.525 3.067
58 13 1 34.236 4.014 33.525 3.115
59 13 1 34.228 4.062 33.517 3.163
60 13 1 34.220 4.102 33.509 3.203
61 13 1 34.220 4.142 33.509 3.242
62 13 1 34.220 4.174 33.509 3.274
63 13 1 34.228 4.206 33.517 3.306
64 13 1 34.236 4.246 33.525 3.346
65 13 1 34.236 4.285 33.525 3.386
66 13 1 34.260 4.317 33.549 3.418
67 13 1 34.260 4.349 33.549 3.450
68 13 1 34.268 4.397 33.557 3.497
69 13 1 34.260 4.445 33.549 3.545
70 13 1 34.260 4.485 33.549 3.585
71 13 1 34.252 4.533 33.541 3.633
72 13 1 34.252 4.572 33.541 3.673
73 13 1 34.252 4.604 33.541 3.705
74 13 1 34.252 4.620 33.541 3.720
75 13 1 34.252 4.652 33.541 3.752
76 13 1 34.252 4.684 33.541 3.784
77 13 1 34.252 4.716 33.541 3.816
78 13 1 34.252 4.748 33.541 3.848
79 13 1 34.260 4.780 33.549 3.880
80 13 1 34.260 4.812 33.549 3.912
81 13 1 34.284 4.843 33.573 3.944
82 13 1 34.284 4.875 33.573 3.975
83 13 1 34.292 4.907 33.581 4.007
84 13 1 34.300 4.939 33.589 4.039
85 13 1 34.300 4.971 33.589 4.071
86 13 1 34.300 5.003 33.589 4.103
87 13 1 34.300 5.043 33.589 4.143
88 13 1 34.300 5.083 33.589 4.183
89 13 1 34.300 5.115 33.589 4.215
90 13 1 34.300 5.162 33.589 4.262
91 13 1 34.300 5.194 33.589 4.294
92 13 1 34.300 5.226 33.589 4.326
93 13 1 34.324 5.242 33.613 4.342
94 13 1 34.332 5.258 33.621 4.358
95 13 1 34.332 5.290 33.621 4.390
96 13 1 34.332 5.322 33.621 4.422
97 13 1 34.332 5.354 33.621 4.454
98 13 1 34.364 5.609 33.693 4.765
99 13 1 34.372 5.609 33.669 4.717
100 13 1 34.372 5.641 33.669 4.749
101 13 1 34.372 5.673 33.669 4.781
102 13 1 34.372 5.705 33.669 4.812
103 13 1 34.388 5.729 33.685 4.836
104 13 1 34.388 5.752 33.685 4.860
105 13 1 34.380 5.784 33.677 4.892
106 13 1 34.404 5.816 33.701 4.924
107 13 1 34.412 5.840 33.709 4.948
108 13 1 34.412 5.864 33.709 4.972
109 13 1 34.420 5.896 33.717 5.004
110 13 1 34.420 5.928 33.717 5.036
111 13 1 34.396 5.960 33.693 5.068
112 13 1 34.404 5.992 33.701 5.100
114 13 1 34.380 6.056 33.677 5.163
115 13 1 34.388 6.072 33.685 5.179
116 13 1 34.388 6.096 33.685 5.203
117 13 1 34.364 6.120 33.661 5.227
118 13 1 34.372 6.136 33.669 5.243
119 13 1 34.356 6.159 33.653 5.267
120 13 1 34.356 6.183 33.653 5.291
121 13 1 34.356 6.199 33.653 5.307
122 13 1 34.356 6.215 33.653 5.323
123 13 1 34.332 6.231 33.629 5.339
124 13 1 34.340 6.247 33.637 5.355
125 13 1 34.340 6.263 33.637 5.371
126 13 1 34.340 6.279 33.637 5.387
127 13 1 34.324 6.295 33.621 5.403
128 13 1 34.325 6.311 33.621 5.419
130 13 1 34.309 6.343 33.605 5.451
131 13 1 34.309 6.359 33.605 5.467
132 13 1 34.293 6.391 33.589 5.499
133 13 1 34.293 6.407 33.589 5.515
134 13 1 34.293 6.423 33.589 5.530
135 13 1 34.269 6.455 33.565 5.562
136 13 1 34.277 6.487 33.573 5.594
137 13 1 34.261 6.519 33.557 5.626
138 13 1 34.237 6.567 33.533 5.674
139 13 1 34.245 6.583 33.541 5.690
140 13 1 34.245 6.599 33.541 5.706
141 13 1 34.237 6.615 33.533 5.722
142 13 1 34.229 6.647 33.525 5.754
143 13 1 34.229 6.671 33.525 5.778
144 13 1 34.229 6.687 33.525 5.794
145 13 1 34.229 6.727 33.525 5.834
146 13 1 34.213 6.759 33.509 5.866
147 13 1 34.213 6.782 33.509 5.890
148 13 1 34.213 6.814 33.509 5.922
149 13 1 34.229 6.838 33.525 5.946
150 13 1 34.229 6.870 33.525 5.978
151 13 1 34.245 6.894 33.541 6.001
152 13 1 34.245 6.926 33.541 6.033
153 13 1 34.261 6.950 33.557 6.057
154 13 1 34.277 6.982 33.573 6.089
155 13 1 34.293 7.014 33.589 6.121
156 13 1 34.309 7.030 33.605 6.137
157 13 1 34.325 7.062 33.621 6.169
158 13 1 34.325 7.094 33.621 6.201
159 13 1 34.317 7.126 33.613 6.233
160 13 1 34.325 7.158 33.621 6.265
161 13 1 34.325 7.174 33.621 6.281
162 13 1 34.317 7.205 33.613 6.313
163 13 1 34.333 7.221 33.629 6.329
164 13 1 34.325 7.253 33.621 6.361
165 13 1 34.317 7.277 33.613 6.384
166 13 1 34.325 7.301 33.621 6.408
167 13 1 34.325 7.317 33.621 6.424
168 13 1 34.317 7.325 33.613 6.432
169 13 1 34.325 7.349 33.621 6.456
170 13 1 34.325 7.381 33.621 6.488
171 13 1 34.317 7.389 33.613 6.496
172 13 1 34.333 7.413 33.629 6.520
173 13 1 34.341 7.437 33.637 6.544
174 13 1 34.333 7.461 33.629 6.568
175 13 1 34.341 7.477 33.637 6.584
176 13 1 34.357 7.493 33.653 6.600
177 13 1 34.349 7.517 33.645 6.624
178 13 1 34.365 7.541 33.661 6.648
179 13 1 34.373 7.565 33.669 6.672
180 13 1 34.365 7.589 33.661 6.696
181 13 1 34.373 7.621 33.669 6.728
182 13 1 34.389 7.637 33.685 6.744
183 13 1 34.381 7.645 33.677 6.752
184 13 1 34.389 7.685 33.685 6.792
185 13 1 34.389 7.701 33.685 6.808
186 13 1 34.381 7.725 33.677 6.832
187 13 1 34.389 7.757 33.685 6.863
188 13 1 34.389 7.780 33.685 6.887
189 13 1 34.381 7.788 33.677 6.895
190 13 1 34.397 7.812 33.693 6.919
191 13 1 34.405 7.828 33.701 6.935
192 13 1 34.397 7.836 33.693 6.943
193 13 1 34.421 7.860 33.717 6.967
194 13 1 34.421 7.876 33.717 6.983
195 13 1 34.413 7.884 33.709 6.991
196 13 1 34.421 7.908 33.717 7.015
197 13 1 34.429 7.924 33.725 7.031
198 13 1 34.413 7.956 33.709 7.063
199 13 1 34.421 7.972 33.717 7.079
200 13 1 34.429 7.988 33.725 7.095
201 13 1 34.429 8.004 33.725 7.111
202 13 1 34.437 8.020 33.733 7.127
203 13 1 34.437 8.036 33.733 7.143
205 13 1 34.437 8.052 33.733 7.159
206 13 1 34.445 8.068 33.741 7.175
207 13 1 34.445 8.076 33.741 7.183
208 13 1 34.469 8.116 33.765 7.223
209 13 1 34.485 8.140 33.781 7.247
210 13 1 34.493 8.164 33.789 7.271
211 13 1 34.501 8.196 33.797 7.303
212 13 1 34.509 8.196 33.805 7.303
213 13 1 34.517 8.220 33.813 7.326
214 13 1 34.525 8.244 33.821 7.350
215 13 1 34.533 8.260 33.829 7.366
216 13 1 34.533 8.276 33.829 7.382
217 13 1 34.533 8.292 33.829 7.398
218 13 1 34.533 8.308 33.829 7.414
219 13 1 34.533 8.324 33.829 7.430
220 13 1 34.533 8.340 33.829 7.446
221 13 1 34.533 8.363 33.829 7.470
222 13 1 34.533 8.379 33.829 7.486
223 13 1 34.533 8.403 33.829 7.510
224 13 1 34.533 8.427 33.829 7.534
225 13 1 34.533 8.443 33.829 7.550
226 13 1 34.533 8.467 33.829 7.574
228 13 1 34.533 8.499 33.829 7.606
229 13 1 34.533 8.515 33.829 7.622
230 13 1 34.533 8.539 33.829 7.646
231 13 1 34.533 8.555 33.829 7.662
232 13 1 34.549 8.579 33.845 7.686
233 13 1 34.549 8.603 33.845 7.710
234 13 1 34.565 8.627 33.861 7.734
235 13 1 34.565 8.667 33.861 7.774
236 13 1 34.565 8.707 33.861 7.814
237 13 1 34.565 8.739 33.861 7.846
238 13 1 34.429 8.724 33.565 7.918
239 13 1 34.365 8.764 33.653 7.878
240 13 1 34.357 8.812 33.645 7.926
241 13 1 34.365 8.868 33.653 7.982
242 13 1 34.365 8.924 33.653 8.038
244 13 1 34.421 8.971 33.709 8.086
245 13 1 34.429 9.003 33.717 8.118
246 13 1 34.453 9.035 33.741 8.150
247 13 1 34.461 9.075 33.749 8.190
248 13 1 34.485 9.115 33.773 8.230
249 13 1 34.493 9.155 33.781 8.270
250 13 1 34.517 9.195 33.805 8.310
251 13 1 34.525 9.227 33.813 8.341
252 13 1 34.549 9.267 33.837 8.381
253 13 1 34.581 9.315 33.869 8.429
254 13 1 34.589 9.371 33.877 8.485
255 13 1 34.613 9.419 33.901 8.533
256 13 1 34.621 9.467 33.909 8.581
257 13 1 34.645 9.499 33.933 8.613
258 13 1 34.669 9.539 33.957 8.653
259 13 1 34.845 9.666 34.013 8.909
260 13 1 34.773 9.722 34.061 8.845
261 13 1 34.773 9.754 34.061 8.877
262 13 1 34.773 9.786 34.061 8.909
263 13 1 34.789 9.818 34.077 8.940
264 13 1 34.805 9.850 34.093 8.972
265 13 1 34.822 9.882 34.109 9.004
266 13 1 34.822 9.914 34.109 9.036
267 13 1 34.838 9.946 34.125 9.068
268 13 1 34.838 9.978 34.125 9.100
269 13 1 34.854 10.010 34.141 9.132
270 13 1 34.854 10.042 34.141 9.164
271 13 1 34.870 10.074 34.157 9.196
272 13 1 34.870 10.122 34.157 9.244
274 13 1 34.790 10.258 34.077 9.372
275 13 1 34.790 10.290 34.077 9.404
276 13 1 34.806 10.346 34.093 9.460
277 13 1 34.806 10.378 34.093 9.492
278 13 1 34.806 10.418 34.093 9.532
279 13 1 34.798 10.410 34.085 9.524
280 13 1 34.798 10.490 34.085 9.604
281 13 1 34.782 10.538 34.070 9.652
282 13 1 34.782 10.570 34.070 9.684
283 13 1 34.782 10.603 34.070 9.716
284 13 1 34.806 10.618 34.094 9.732
285 13 1 34.814 10.634 34.102 9.748
286 13 1 34.838 10.650 34.126 9.764
287 13 1 34.846 10.666 34.134 9.780
288 13 1 34.846 10.682 34.134 9.796
289 13 1 34.846 10.682 34.134 9.796
290 13 1 34.838 10.698 34.126 9.812
291 13 1 34.830 10.690 34.118 9.804
292 13 1 34.806 10.731 34.094 9.844
293 13 1 34.806 10.795 34.094 9.908
294 13 1 34.742 11.027 34.078 10.189
295 13 1 34.766 11.051 34.062 10.173
296 13 1 34.774 11.099 34.070 10.221
297 13 1 34.766 11.155 34.062 10.277
298 13 1 34.774 11.179 34.070 10.301
299 13 1 34.758 11.179 34.054 10.301
300 13 1 34.862 11.395 34.134 10.493
301 13 1 34.854 11.387 34.150 10.509
302 13 1 34.854 11.419 34.150 10.541
303 13 1 34.862 11.427 34.158 10.549
304 13 1 34.886 11.451 34.182 10.573
305 13 1 34.886 11.467 34.182 10.589
306 13 1 34.902 11.483 34.198 10.605
307 13 1 34.902 11.515 34.198 10.637
308 13 1 34.902 11.531 34.198 10.653
309 13 1 34.902 11.563 34.198 10.685
310 13 1 34.902 11.611 34.198 10.733
311 13 1 34.886 11.675 34.182 10.797
312 13 1 34.870 11.731 34.166 10.853
313 13 1 34.854 11.820 34.150 10.941
314 13 1 34.838 11.908 34.134 11.029
315 13 1 34.823 12.012 34.118 11.133
316 13 1 34.791 12.148 34.086 11.270
317 13 1 34.783 12.140 34.078 11.262
318 13 1 34.767 12.189 34.062 11.310
319 13 1 34.791 12.221 34.086 11.342
320 13 1 34.791 12.253 34.086 11.374
321 13 1 34.807 12.285 34.102 11.406
322 13 1 34.695 12.590 34.006 11.591
323 13 1 34.703 12.526 34.006 11.639
324 13 1 34.671 12.702 33.982 11.799
325 13 1 34.671 12.686 33.982 11.799
326 13 1 34.671 12.726 33.982 11.839
327 13 1 34.663 12.766 33.974 11.879
328 13 1 34.671 12.814 33.982 11.927
329 13 1 34.671 12.862 33.982 11.975
330 13 1 34.679 12.911 33.990 12.023
331 13 1 34.687 12.959 33.998 12.072
332 13 1 34.687 13.007 33.998 12.120
333 13 1 34.679 12.999 33.990 12.112
334 13 1 34.687 13.039 33.998 12.152
335 13 1 34.687 13.079 33.998 12.192
336 13 1 34.687 13.135 33.998 12.248
337 13 1 34.695 13.143 34.006 12.256
338 13 1 34.735 13.167 34.046 12.280
339 13 1 34.759 13.199 34.070 12.312
340 13 1 34.783 13.231 34.094 12.344
341 13 1 34.783 13.263 34.094 12.376
342 13 1 34.799 13.295 34.110 12.408
343 13 1 34.799 13.303 34.110 12.416
344 13 1 34.799 13.335 34.110 12.448
345 13 1 34.799 13.375 34.110 12.488
346 13 1 34.743 13.664 34.030 12.681
347 13 1 34.727 13.608 34.038 12.721
348 13 1 34.727 13.648 34.038 12.761
349 13 1 34.735 13.704 34.046 12.817
350 13 1 34.735 13.736 34.046 12.849
351 13 1 34.719 13.777 34.030 12.889
352 13 1 34.711 13.769 34.022 12.881
353 13 1 34.703 13.833 34.014 12.946
354 13 1 34.671 13.865 33.982 12.978
355 13 1 34.671 13.905 33.982 13.018
356 13 1 34.679 13.937 33.990 13.050
357 13 1 34.671 14.202 33.982 13.267
358 13 1 34.679 14.170 33.990 13.283
359 13 1 34.687 14.194 33.998 13.307
360 13 1 34.687 14.226 33.998 13.339
361 13 1 34.687 14.234 33.998 13.347
362 13 1 34.720 14.363 33.958 13.523
364 13 1 34.671 14.419 33.982 13.539
365 13 1 34.672 14.451 33.982 13.571
366 13 1 34.664 14.491 33.974 13.612
367 13 1 34.688 14.547 33.998 13.668
368 13 1 34.680 14.539 33.990 13.660
369 13 1 34.688 14.571 33.998 13.692
370 13 1 34.696 14.587 34.006 13.708
371 13 1 34.712 14.612 34.022 13.732
372 13 1 34.720 14.644 34.030 13.764
373 13 1 34.744 14.651 34.054 13.772
374 13 1 34.768 14.643 34.078 13.764
375 13 1 34.776 14.643 34.086 13.764
376 13 1 34.784 14.643 34.094 13.764
377 13 1 34.816 14.924 34.102 14.061
378 13 1 34.800 14.924 34.110 14.052
379 13 1 34.816 14.956 34.127 14.084
380 13 1 34.720 15.270 34.006 14.294
381 13 1 34.712 15.214 34.022 14.342
382 13 1 34.704 15.262 34.014 14.390
383 13 1 34.704 15.310 34.014 14.438
384 13 1 34.696 15.359 34.006 14.487
385 13 1 34.704 15.407 34.014 14.535
386 13 1 34.688 15.455 33.998 14.583
387 13 1 34.688 15.503 33.998 14.631
388 13 1 34.680 15.495 33.990 14.623
389 13 1 34.672 15.551 33.982 14.679
390 13 1 34.640 15.592 33.950 14.720
391 13 1 34.640 15.624 33.950 14.752
392 13 1 34.640 15.656 33.950 14.784
393 13 1 34.640 15.680 33.950 14.808
394 13 1 34.640 15.712 33.950 14.840
395 13 1 34.640 15.720 33.950 14.848
396 13 1 34.640 15.744 33.950 14.872
397 13 1 34.640 15.736 33.950 14.864
398 13 1 34.624 15.737 33.934 14.864
399 13 1 34.624 15.753 33.934 14.880
400 13 1 34.608 15.785 33.918 14.913
401 13 1 34.608 15.841 33.918 14.969
402 13 1 34.592 15.905 33.902 15.033
403 13 1 34.592 15.978 33.902 15.106
404 13 1 34.584 15.970 33.894 15.098
405 13 1 34.576 16.034 33.886 15.162
406 13 1 34.544 16.139 33.854 15.266
407 13 1 34.568 16.291 33.878 15.419
408 13 1 34.568 16.372 33.878 15.499
409 13 1 34.576 16.372 33.886 15.499
410 13 1 34.592 16.372 33.902 15.499
411 13 1 34.592 16.388 33.902 15.515
412 13 1 34.600 16.404 33.910 15.531
413 13 1 34.608 16.420 33.918 15.547
414 13 1 34.608 16.436 33.918 15.563
415 13 1 34.600 16.452 33.910 15.580
416 13 1 34.592 16.468 33.902 15.596
417 13 1 34.584 16.484 33.894 15.612
418 13 1 34.576 16.500 33.886 15.628
419 13 1 34.560 16.541 33.870 15.668
420 13 1 34.544 16.581 33.854 15.709
421 13 1 34.528 16.645 33.838 15.773
422 13 1 34.496 16.726 33.806 15.853
423 13 1 34.464 16.831 33.774 15.958
424 13 1 34.448 16.935 33.758 16.063
425 13 1 34.416 17.072 33.726 16.200
426 13 1 34.384 17.193 33.694 16.320
427 13 1 34.320 17.258 33.630 16.385
428 13 1 34.320 17.274 33.630 16.401
429 13 1 34.312 17.274 33.622 16.401
430 13 1 34.320 17.274 33.630 16.401
431 13 1 34.320 17.290 33.630 16.417
432 13 1 34.320 17.290 33.630 16.417
433 13 1 34.304 17.290 33.614 16.417
434 13 1 34.304 17.290 33.614 16.417
435 13 1 34.288 17.290 33.598 16.417
436 13 1 34.288 17.306 33.598 16.434
437 13 1 34.135 18.056 33.598 17.447
438 13 1 34.152 18.072 33.590 17.439
439 13 1 34.144 18.120 33.582 17.488
440 13 1 34.119 18.169 33.558 17.536
441 13 1 34.119 18.209 33.558 17.576
442 13 1 34.103 18.257 33.541 17.625
443 13 1 34.095 18.298 33.533 17.665
113 13 1 34.404 6.024 33.701 5.131
129 13 1 34.325 6.327 33.621 5.435
204 13 1 34.437 8.044 33.733 7.151
227 13 1 34.533 8.483 33.829 7.590
243 13 1 34.389 8.940 33.677 8.054
273 13 1 34.822 10.418 34.029 9.245
363 13 1 34.679 14.379 33.990 13.499
23 14 2 45.628 10.771 44.657 10.232
24 14 2 45.660 10.787 44.641 10.225
25 14 2 45.819 10.890 44.506 10.249
26 14 2 45.811 10.890 44.506 10.257
27 14 2 45.724 10.891 44.419 10.257
28 14 2 45.629 10.907 44.324 10.273
29 14 2 45.534 10.907 44.228 10.274
30 14 2 45.431 10.924 44.125 10.290
31 14 2 45.327 10.924 44.022 10.290
32 14 2 45.224 10.940 43.919 10.307
33 14 2 45.121 10.957 43.815 10.323
34 14 2 45.026 10.965 43.720 10.331
35 14 2 44.922 10.973 43.617 10.340
36 14 2 44.819 10.974 43.513 10.340
37 14 2 44.724 10.990 43.418 10.356
38 14 2 44.621 10.990 43.315 10.357
39 14 2 44.517 10.991 43.211 10.357
40 14 2 44.414 10.991 43.108 10.357
41 14 2 44.311 10.992 43.005 10.358
42 14 2 44.199 10.992 42.893 10.358
43 14 2 44.088 10.992 42.782 10.359
44 14 2 43.977 10.977 42.671 10.343
45 14 2 43.858 10.969 42.551 10.335
46 14 2 43.746 10.954 42.440 10.320
47 14 2 43.627 10.946 42.320 10.312
48 14 2 43.516 10.931 42.209 10.297
49 14 2 43.396 10.907 42.090 10.273
50 14 2 43.285 10.892 41.978 10.258
51 14 2 43.173 10.876 41.867 10.242
52 14 2 43.054 10.861 41.747 10.226
53 14 2 42.927 10.837 41.620 10.203
54 14 2 42.807 10.822 41.500 10.187
55 14 2 42.688 10.806 41.381 10.172
56 14 2 42.863 10.821 41.238 10.260
57 14 2 42.752 10.838 41.349 10.228
58 14 2 42.616 10.822 41.214 10.212
59 14 2 42.497 10.807 41.094 10.197
60 14 2 42.370 10.807 40.967 10.197
61 14 2 42.242 10.792 40.839 10.182
62 14 2 42.115 10.776 40.712 10.166
63 14 2 41.988 10.761 40.585 10.151
64 14 2 41.852 10.745 40.449 10.135
65 14 2 41.725 10.714 40.322 10.104
66 14 2 41.589 10.682 40.186 10.072
67 14 2 41.470 10.643 40.066 10.033
68 14 2 41.350 10.611 39.947 10.001
69 14 2 41.223 10.572 39.819 9.961
70 14 2 41.334 10.467 39.221 9.700
71 14 2 41.023 10.405 39.548 9.779
72 14 2 40.904 10.373 39.428 9.747
73 14 2 40.776 10.326 39.301 9.700
74 14 2 40.649 10.286 39.173 9.660
75 14 2 40.521 10.239 39.045 9.613
76 14 2 40.393 10.191 38.918 9.565
77 14 2 40.266 10.136 38.790 9.510
78 14 2 40.138 10.088 38.662 9.462
79 14 2 40.011 10.049 38.535 9.422
80 14 2 39.883 10.001 38.407 9.375
81 14 2 39.755 9.954 38.279 9.327
82 14 2 39.644 9.898 38.167 9.272
83 14 2 39.508 9.859 38.032 9.232
84 14 2 39.380 9.811 37.904 9.185
85 14 2 39.253 9.772 37.776 9.145
86 14 2 39.141 9.724 37.665 9.098
87 14 2 39.021 9.685 37.545 9.058
88 14 2 38.894 9.637 37.417 9.010
89 14 2 38.766 9.589 37.289 8.963
90 14 2 38.638 9.542 37.161 8.915
91 14 2 38.511 9.494 37.034 8.868
92 14 2 38.383 9.447 36.906 8.820
93 14 2 38.255 9.399 36.778 8.773
94 14 2 38.128 9.352 36.650 8.725
95 14 2 38.000 9.304 36.523 8.678
96 14 2 37.872 9.257 36.395 8.630
97 14 2 37.744 9.217 36.267 8.590
98 14 2 37.617 9.170 36.139 8.543
99 14 2 37.489 9.122 36.011 8.495
100 14 2 37.361 9.075 35.884 8.448
101 14 2 37.225 9.027 35.748 8.400
102 14 2 37.098 8.987 35.620 8.360
103 14 2 36.970 8.940 35.492 8.313
104 14 2 36.818 8.884 35.340 8.257
105 14 2 36.706 8.837 35.228 8.210
106 14 2 36.563 8.789 35.084 8.162
107 14 2 36.435 8.758 34.957 8.131
108 14 2 36.299 8.726 34.821 8.099
109 14 2 36.163 8.695 34.685 8.067
110 14 2 36.019 8.655 34.541 8.028
111 14 2 35.884 8.623 34.405 7.996
112 14 2 35.748 8.584 34.269 7.957
114 14 2 35.452 8.529 33.973 7.901
115 14 2 35.316 8.489 33.837 7.862
116 14 2 35.180 8.450 33.701 7.822
117 14 2 35.029 8.410 33.549 7.783
118 14 2 34.893 8.378 33.413 7.751
119 14 2 34.741 8.347 33.261 7.719
120 14 2 34.605 8.315 33.125 7.688
121 14 2 34.461 8.284 32.981 7.656
122 14 2 34.317 8.252 32.837 7.625
123 14 2 34.189 8.221 32.709 7.593
124 14 2 34.037 8.197 32.557 7.569
125 14 2 33.901 8.165 32.421 7.538
126 14 2 33.749 8.142 32.269 7.514
127 14 2 33.613 8.110 32.133 7.482
128 14 2 33.461 8.095 31.981 7.467
130 14 2 33.173 8.047 31.693 7.419
131 14 2 33.021 8.024 31.541 7.396
132 14 2 32.885 8.000 31.404 7.372
133 14 2 32.733 7.985 31.252 7.357
134 14 2 32.589 7.969 31.108 7.341
135 14 2 32.453 7.953 30.972 7.325
136 14 2 32.301 7.938 30.820 7.310
137 14 2 32.165 7.922 30.683 7.294
138 14 2 32.013 7.906 30.531 7.278
139 14 2 31.861 7.891 30.379 7.263
140 14 2 31.724 7.875 30.243 7.247
141 14 2 31.572 7.876 30.090 7.247
142 14 2 31.428 7.860 29.946 7.232
143 14 2 31.276 7.844 29.794 7.216
144 14 2 31.124 7.845 29.641 7.216
145 14 2 30.987 7.829 29.505 7.201
146 14 2 30.835 7.814 29.353 7.185
147 14 2 30.691 7.798 29.208 7.169
148 14 2 30.539 7.798 29.056 7.170
149 14 2 30.402 7.783 28.920 7.154
150 14 2 30.250 7.783 28.767 7.154
151 14 2 30.114 7.767 28.631 7.139
152 14 2 29.961 7.776 28.478 7.147
153 14 2 29.825 7.784 28.342 7.155
154 14 2 29.673 7.800 28.189 7.172
155 14 2 29.536 7.801 28.053 7.172
156 14 2 29.384 7.801 27.900 7.172
157 14 2 29.232 7.786 27.748 7.157
158 14 2 29.087 7.786 27.603 7.157
159 14 2 28.935 7.794 27.451 7.166
160 14 2 28.798 7.803 27.314 7.174
161 14 2 28.646 7.803 27.162 7.174
162 14 2 28.493 7.803 27.009 7.175
163 14 2 28.357 7.804 26.872 7.175
164 14 2 28.204 7.820 26.720 7.191
165 14 2 28.068 7.837 26.583 7.208
166 14 2 27.915 7.837 26.430 7.208
167 14 2 27.778 7.853 26.294 7.224
168 14 2 27.626 7.854 26.141 7.225
169 14 2 27.489 7.870 26.004 7.241
170 14 2 27.337 7.887 25.851 7.257
171 14 2 27.200 7.903 25.715 7.274
172 14 2 27.047 7.903 25.562 7.274
173 14 2 26.911 7.920 25.425 7.290
174 14 2 26.774 7.936 25.288 7.307
175 14 2 26.629 7.952 25.143 7.323
176 14 2 26.477 7.953 24.990 7.323
177 14 2 26.332 7.953 24.846 7.324
178 14 2 26.203 7.986 24.717 7.356
179 14 2 26.050 8.026 24.564 7.397
180 14 2 25.921 8.051 24.435 7.421
181 14 2 25.785 8.083 24.298 7.453
182 14 2 25.632 8.107 24.145 7.478
183 14 2 25.495 8.140 24.008 7.510
184 14 2 25.358 8.164 23.871 7.535
185 14 2 25.213 8.189 23.726 7.559
186 14 2 25.076 8.221 23.589 7.591
187 14 2 24.939 8.246 23.452 7.616
188 14 2 24.794 8.278 23.307 7.648
189 14 2 24.641 8.302 23.154 7.673
190 14 2 24.504 8.343 23.016 7.713
191 14 2 24.375 8.367 22.887 7.738
192 14 2 24.238 8.408 22.750 7.778
193 14 2 24.093 8.440 22.605 7.810
194 14 2 23.956 8.473 22.468 7.843
195 14 2 23.827 8.505 22.339 7.875
196 14 2 23.690 8.538 22.202 7.908
197 14 2 23.553 8.578 22.064 7.948
198 14 2 23.408 8.619 21.919 7.989
199 14 2 23.271 8.651 21.782 8.021
200 14 2 23.134 8.692 21.644 8.062
201 14 2 22.988 8.732 21.499 8.102
202 14 2 22.859 8.765 21.370 8.135
203 14 2 22.730 8.797 21.240 8.167
205 14 2 22.464 8.878 20.974 8.248
206 14 2 22.326 8.911 20.836 8.281
207 14 2 22.173 8.952 20.683 8.321
208 14 2 22.245 9.192 20.754 8.562
209 14 2 21.939 8.984 20.311 8.499
210 14 2 21.826 8.985 20.206 8.499
211 14 2 21.623 9.194 20.125 8.363
212 14 2 21.502 9.203 20.004 8.379
213 14 2 21.365 9.235 19.867 8.420
214 14 2 21.244 9.244 19.689 8.437
215 14 2 21.114 9.276 19.568 8.477
216 14 2 20.977 9.285 19.430 8.493
217 14 2 20.807 9.317 19.309 8.534
218 14 2 20.670 9.342 19.171 8.567
219 14 2 20.533 9.358 19.034 8.591
220 14 2 20.379 9.415 18.937 8.543
113 14 2 35.604 8.560 34.125 7.933
129 14 2 33.325 8.063 31.845 7.435
204 14 2 22.601 8.838 21.111 8.208
232 14 2 18.762 9.404 16.999 8.010
233 14 2 18.811 9.444 16.966 7.986
234 14 2 18.681 9.444 16.837 7.986
235 14 2 18.552 9.445 16.707 7.986
236 14 2 18.414 9.445 16.570 7.987
237 14 2 18.277 9.430 16.432 7.971
238 14 2 18.139 9.414 16.295 7.955
239 14 2 18.018 9.414 16.173 7.956
240 14 2 17.881 9.399 16.036 7.940
241 14 2 17.743 9.367 15.898 7.908
242 14 2 17.606 9.367 15.760 7.908
243 14 2 17.169 9.264 15.863 8.399
244 14 2 17.201 9.296 15.830 8.367
245 14 2 17.072 9.280 15.701 8.351
72 15 2 45.485 8.899 43.839 8.194
73 15 2 45.374 8.923 43.728 8.219
74 15 2 45.263 8.931 43.617 8.227
75 15 2 45.136 8.956 43.490 8.251
76 15 2 45.025 8.964 43.379 8.259
77 15 2 44.914 8.988 43.268 8.284
78 15 2 44.787 9.012 43.141 8.308
79 15 2 44.676 9.037 43.029 8.332
80 15 2 44.549 9.045 42.902 8.340
81 15 2 44.438 9.069 42.791 8.365
82 15 2 44.311 9.093 42.664 8.389
83 15 2 44.200 9.118 42.553 8.413
84 15 2 43.986 9.246 42.394 8.621
85 15 2 43.994 9.110 42.387 8.732
86 15 2 43.874 9.063 42.268 8.836
87 15 2 43.771 9.047 42.165 8.893
88 15 2 43.636 9.040 42.030 8.925
89 15 2 43.517 9.048 41.910 8.957
90 15 2 43.382 9.048 41.775 8.974
91 15 2 43.262 9.065 41.656 9.006
92 15 2 43.143 9.097 41.537 9.030
93 15 2 43.024 9.121 41.417 9.046
94 15 2 42.905 9.138 41.298 9.055
95 15 2 42.786 9.162 41.179 9.071
96 15 2 42.651 9.178 41.043 9.079
97 15 2 42.532 9.203 40.924 9.096
98 15 2 42.412 9.203 40.805 9.088
99 15 2 42.293 9.211 40.685 9.088
100 15 2 42.158 9.228 40.550 9.097
101 15 2 42.039 9.236 40.430 9.097
102 15 2 41.903 9.252 40.295 9.106
103 15 2 41.784 9.261 40.176 9.106
104 15 2 41.649 9.261 40.040 9.098
105 15 2 41.545 9.269 39.937 9.099
106 15 2 41.410 9.270 39.801 9.091
107 15 2 41.291 9.262 39.682 9.084
108 15 2 41.171 9.255 39.562 9.076
109 15 2 41.052 9.263 39.443 9.084
110 15 2 40.933 9.255 39.323 9.077
111 15 2 40.813 9.248 39.204 9.069
112 15 2 40.575 9.416 39.052 8.894
114 15 2 40.479 9.273 38.893 8.998
115 15 2 40.367 9.273 38.781 8.998
116 15 2 40.240 9.257 38.653 8.983
117 15 2 40.128 9.242 38.542 8.967
118 15 2 40.001 9.242 38.414 8.968
119 15 2 39.889 9.227 38.302 8.952
120 15 2 39.762 9.211 38.175 8.936
121 15 2 39.634 9.211 38.047 8.937
122 15 2 39.523 9.196 37.935 8.921
123 15 2 39.395 9.180 37.808 8.905
124 15 2 39.283 9.165 37.696 8.890
125 15 2 39.156 9.149 37.568 8.874
126 15 2 39.100 9.253 37.249 8.628
127 15 2 38.996 9.118 37.345 8.763
128 15 2 38.885 9.102 37.233 8.747
130 15 2 38.630 9.087 36.978 8.732
131 15 2 38.518 9.071 36.866 8.717
132 15 2 38.390 9.040 36.738 8.685
133 15 2 38.239 9.160 36.459 8.574
134 15 2 38.183 9.056 36.515 8.670
135 15 2 38.071 9.040 36.403 8.654
136 15 2 37.928 9.041 36.259 8.654
137 15 2 37.832 9.025 36.163 8.639
138 15 2 37.704 8.994 36.035 8.607
139 15 2 37.577 8.978 35.908 8.591
140 15 2 37.465 8.978 35.796 8.592
141 15 2 37.321 8.963 35.652 8.576
142 15 2 37.225 8.931 35.556 8.544
143 15 2 37.114 8.900 35.444 8.513
144 15 2 36.970 8.884 35.300 8.497
145 15 2 36.874 8.868 35.204 8.482
146 15 2 36.762 8.837 35.093 8.450
147 15 2 36.635 8.805 34.965 8.418
148 15 2 36.523 8.789 34.853 8.403
149 15 2 36.427 8.774 34.757 8.387
150 15 2 36.315 8.742 34.645 8.355
151 15 2 36.187 8.710 34.517 8.324
152 15 2 36.059 8.695 34.389 8.308
153 15 2 35.948 8.679 34.277 8.292
154 15 2 35.852 8.648 34.181 8.261
155 15 2 35.740 8.616 34.069 8.229
156 15 2 35.612 8.584 33.941 8.197
157 15 2 35.500 8.569 33.829 8.182
158 15 2 35.404 8.553 33.733 8.166
159 15 2 35.276 8.521 33.605 8.134
160 15 2 35.165 8.490 33.493 8.103
161 15 2 35.037 8.458 33.365 8.071
162 15 2 34.925 8.442 33.253 8.055
163 15 2 34.829 8.427 33.157 8.039
164 15 2 34.717 8.395 33.045 8.008
165 15 2 34.589 8.379 32.917 7.992
166 15 2 34.477 8.364 32.805 7.976
167 15 2 34.381 8.332 32.709 7.945
168 15 2 34.269 8.300 32.597 7.913
169 15 2 34.141 8.285 32.469 7.897
170 15 2 34.029 8.269 32.357 7.882
171 15 2 33.917 8.253 32.245 7.866
172 15 2 33.789 8.238 32.117 7.850
173 15 2 33.677 8.206 32.005 7.819
174 15 2 33.581 8.190 31.909 7.803
175 15 2 33.469 8.175 31.797 7.787
176 15 2 33.341 8.143 31.668 7.755
177 15 2 33.229 8.127 31.556 7.740
178 15 2 33.133 8.127 31.460 7.740
179 15 2 33.005 8.112 31.332 7.724
180 15 2 32.893 8.096 31.220 7.709
181 15 2 32.765 8.096 31.092 7.709
182 15 2 32.653 8.081 30.980 7.693
183 15 2 32.557 8.065 30.883 7.677
184 15 2 32.445 8.065 30.771 7.678
185 15 2 32.317 8.050 30.643 7.662
186 15 2 32.205 8.034 30.531 7.646
187 15 2 32.109 8.034 30.435 7.647
188 15 2 31.997 8.034 30.322 7.647
189 15 2 31.868 8.019 30.194 7.631
190 15 2 31.756 8.003 30.082 7.615
191 15 2 31.660 8.019 29.986 7.632
192 15 2 31.532 8.020 29.857 7.632
193 15 2 31.436 8.004 29.761 7.616
194 15 2 31.324 8.004 29.649 7.616
195 15 2 31.196 8.005 29.521 7.617
196 15 2 31.083 8.005 29.408 7.617
197 15 2 30.987 8.005 29.312 7.617
198 15 2 30.875 8.005 29.200 7.618
199 15 2 30.747 8.006 29.071 7.618
200 15 2 30.619 8.006 28.943 7.618
201 15 2 30.506 8.006 28.831 7.619
202 15 2 30.410 8.007 28.734 7.619
203 15 2 30.298 7.991 28.622 7.603
205 15 2 30.057 7.976 28.381 7.588
206 15 2 29.961 7.976 28.285 7.588
207 15 2 29.833 7.976 28.156 7.588
208 15 2 29.721 7.976 28.044 7.588
209 15 2 29.592 7.961 27.916 7.573
210 15 2 29.480 7.929 27.803 7.541
211 15 2 29.368 7.913 27.691 7.525
212 15 2 29.239 7.914 27.562 7.526
213 15 2 29.127 7.914 27.450 7.526
214 15 2 29.015 7.914 27.337 7.526
215 15 2 28.886 7.915 27.209 7.526
216 15 2 28.774 7.899 27.096 7.511
217 15 2 28.678 7.883 27.000 7.495
218 15 2 28.565 7.883 26.888 7.495
219 15 2 28.437 7.868 26.759 7.479
220 15 2 28.325 7.852 26.647 7.464
221 15 2 28.212 7.852 26.534 7.464
222 15 2 28.084 7.837 26.406 7.448
223 15 2 27.971 7.821 26.293 7.433
224 15 2 27.875 7.821 26.197 7.433
225 15 2 27.763 7.805 26.084 7.417
226 15 2 27.634 7.790 25.955 7.401
228 15 2 27.425 7.774 25.746 7.386
229 15 2 27.313 7.758 25.634 7.370
230 15 2 27.184 7.759 25.505 7.370
231 15 2 27.072 7.743 25.393 7.355
232 15 2 26.975 7.727 25.296 7.339
233 15 2 26.863 7.728 25.184 7.339
234 15 2 26.734 7.728 25.055 7.339
235 15 2 26.622 7.712 24.942 7.324
236 15 2 26.525 7.696 24.846 7.308
237 15 2 26.413 7.697 24.733 7.308
238 15 2 26.284 7.697 24.604 7.308
239 15 2 26.172 7.697 24.492 7.309
240 15 2 26.075 7.697 24.395 7.309
241 15 2 25.963 7.698 24.282 7.309
242 15 2 25.834 7.698 24.154 7.309
244 15 2 25.625 7.699 23.944 7.310
245 15 2 25.528 7.699 23.848 7.310
246 15 2 25.416 7.699 23.735 7.310
247 15 2 25.287 7.699 23.606 7.311
248 15 2 25.174 7.700 23.493 7.311
249 15 2 25.078 7.700 23.397 7.311
250 15 2 24.965 7.700 23.284 7.311
251 15 2 24.836 7.701 23.155 7.312
252 15 2 24.820 7.661 23.204 7.055
253 15 2 24.845 7.564 23.172 7.159
254 15 2 24.740 7.565 23.067 7.160
255 15 2 24.636 7.565 22.962 7.160
256 15 2 24.531 7.581 22.857 7.176
257 15 2 24.426 7.581 22.753 7.176
258 15 2 24.306 7.582 22.632 7.177
259 15 2 24.217 7.598 22.543 7.193
260 15 2 24.096 7.614 22.422 7.209
261 15 2 24.008 7.614 22.333 7.209
262 15 2 23.887 7.631 22.212 7.226
263 15 2 23.798 7.647 22.124 7.242
264 15 2 23.677 7.663 22.003 7.258
265 15 2 23.589 7.680 21.914 7.275
266 15 2 23.484 7.696 21.809 7.291
267 15 2 23.379 7.712 21.704 7.307
268 15 2 23.274 7.729 21.599 7.324
269 15 2 23.185 7.761 21.510 7.356
270 15 2 23.081 7.777 21.405 7.372
271 15 2 22.992 7.793 21.317 7.388
272 15 2 22.871 7.826 21.195 7.421
274 15 2 22.693 7.890 21.018 7.485
275 15 2 22.605 7.923 20.929 7.518
276 15 2 22.500 7.955 20.824 7.550
277 15 2 22.411 7.988 20.735 7.582
278 15 2 22.322 8.020 20.646 7.615
279 15 2 22.233 8.052 20.557 7.647
280 15 2 22.128 8.085 20.452 7.679
281 15 2 22.055 8.133 20.379 7.728
282 15 2 21.950 8.165 20.274 7.760
283 15 2 21.878 8.198 20.201 7.793
284 15 2 21.773 8.246 20.096 7.841
285 15 2 21.700 8.294 20.023 7.889
286 15 2 21.611 8.327 19.934 7.922
287 15 2 21.649 8.905 19.805 7.769
288 15 2 21.562 8.552 19.876 8.107
289 15 2 21.481 8.592 19.795 8.147
290 15 2 21.384 8.649 19.698 8.203
291 15 2 21.303 8.689 19.617 8.244
292 15 2 21.238 8.745 19.552 8.300
293 15 2 21.173 8.802 19.487 8.357
294 15 2 20.936 9.421 19.408 8.140
295 15 2 21.003 9.027 19.333 8.518
296 15 2 20.938 9.068 19.268 8.558
297 15 2 20.873 9.124 19.203 8.615
298 15 2 20.808 9.181 19.138 8.671
299 15 2 20.743 9.237 19.073 8.728
300 15 2 20.662 9.310 18.992 8.800
301 15 2 20.368 9.906 19.026 8.559
302 15 2 20.605 9.358 18.935 8.849
303 15 2 20.540 9.415 18.870 8.905
304 15 2 20.492 9.471 18.821 8.961
305 15 2 20.427 9.527 18.756 9.018
306 15 2 20.362 9.600 18.691 9.091
307 15 2 20.313 9.656 18.642 9.147
308 15 2 20.248 9.729 18.577 9.220
309 15 2 20.199 9.802 18.528 9.292
310 15 2 20.150 9.874 18.480 9.365
311 15 2 20.102 9.931 18.431 9.421
312 15 2 20.053 10.003 18.382 9.494
313 15 2 19.988 10.076 18.317 9.566
314 15 2 19.939 10.148 18.268 9.639
315 15 2 19.890 10.221 18.219 9.711
316 15 2 19.841 10.293 18.170 9.784
317 15 2 19.792 10.366 18.121 9.857
318 15 2 19.744 10.439 18.072 9.929
319 15 2 19.695 10.511 18.023 10.002
320 15 2 19.646 10.584 17.974 10.074
321 15 2 19.613 10.656 17.941 10.147
322 15 2 19.564 10.729 17.892 10.220
323 15 2 19.515 10.802 17.843 10.292
324 15 2 19.466 10.874 17.794 10.365
325 15 2 19.417 10.947 17.745 10.438
326 15 2 19.385 11.019 17.712 10.510
327 15 2 19.336 11.092 17.663 10.583
328 15 2 19.287 11.165 17.614 10.655
329 15 2 19.238 11.221 17.565 10.712
330 15 2 19.205 11.294 17.533 10.785
331 15 2 19.156 11.367 17.484 10.857
332 15 2 19.108 11.439 17.435 10.930
333 15 2 19.059 11.512 17.386 11.003
334 15 2 19.010 11.585 17.337 11.075
335 15 2 18.961 11.641 17.288 11.132
336 15 2 18.912 11.714 17.239 11.205
337 15 2 18.863 11.787 17.190 11.277
338 15 2 18.798 11.859 17.124 11.350
339 15 2 18.749 11.916 17.075 11.407
340 15 2 18.700 11.989 17.026 11.479
341 15 2 18.651 12.045 16.977 11.536
342 15 2 18.602 12.118 16.928 11.609
343 15 2 18.553 12.175 16.879 11.665
344 15 2 18.504 12.247 16.830 11.738
345 15 2 18.439 12.304 16.765 11.795
346 15 2 18.390 12.377 16.716 11.868
347 15 2 18.325 12.434 16.651 11.924
348 15 2 18.276 12.506 16.602 11.997
349 15 2 18.211 12.563 16.536 12.054
350 15 2 18.162 12.620 16.487 12.111
351 15 2 18.097 12.677 16.422 12.167
352 15 2 18.048 12.733 16.373 12.224
353 15 2 17.983 12.790 16.308 12.281
354 15 2 17.934 12.847 16.259 12.337
355 15 2 17.869 12.903 16.194 12.394
356 15 2 17.804 12.960 16.128 12.451
357 15 2 17.738 13.017 16.063 12.508
358 15 2 17.673 13.074 15.998 12.564
359 15 2 17.624 13.114 15.949 12.605
360 15 2 17.559 13.171 15.884 12.662
361 15 2 17.494 13.212 15.819 12.702
362 15 2 17.429 13.268 15.753 12.759
364 15 2 17.299 13.366 15.623 12.857
365 15 2 17.234 13.406 15.558 12.897
113 15 2 40.606 9.288 39.020 9.014
129 15 2 38.757 9.086 37.105 8.732
204 15 2 30.170 7.975 28.494 7.587
227 15 2 27.522 7.790 25.843 7.402
243 15 2 25.737 7.698 24.057 7.310
273 15 2 22.782 7.858 21.107 7.453
363 15 2 17.364 13.309 15.688 12.800
95 17 1 32.311 4.304 31.535 3.396
96 17 1 32.334 4.328 31.527 3.380
97 17 1 32.342 4.360 31.535 3.412
98 17 1 32.350 4.392 31.543 3.444
99 17 1 32.342 4.424 31.535 3.475
100 17 1 32.350 4.455 31.543 3.507
101 17 1 32.358 4.487 31.551 3.539
102 17 1 32.366 4.519 31.559 3.571
103 17 1 32.422 4.583 31.615 3.707
104 17 1 32.414 4.591 31.607 3.715
105 17 1 32.414 4.631 31.607 3.754
106 17 1 32.422 4.663 31.615 3.786
107 17 1 32.422 4.695 31.615 3.818
108 17 1 32.430 4.727 31.623 3.850
109 17 1 32.430 4.758 31.623 3.882
110 17 1 32.454 4.790 31.647 3.914
111 17 1 32.462 4.822 31.655 3.946
112 17 1 32.462 4.854 31.655 3.978
114 17 1 32.494 4.918 31.687 4.041
115 17 1 32.494 4.950 31.687 4.073
116 17 1 32.494 4.982 31.687 4.105
117 17 1 32.518 5.014 31.711 4.137
118 17 1 32.518 5.038 31.711 4.161
119 17 1 32.518 5.061 31.711 4.185
120 17 1 32.526 5.093 31.719 4.217
121 17 1 32.526 5.125 31.719 4.249
122 17 1 32.526 5.141 31.719 4.265
123 17 1 32.526 5.173 31.719 4.297
124 17 1 32.526 5.205 31.719 4.329
125 17 1 32.526 5.237 31.719 4.361
126 17 1 32.526 5.253 31.719 4.376
127 17 1 32.526 5.285 31.719 4.408
128 17 1 32.526 5.317 31.719 4.440
130 17 1 32.518 5.365 31.711 4.488
131 17 1 32.446 5.493 31.758 4.680
132 17 1 32.478 5.508 31.719 4.656
133 17 1 32.478 5.540 31.718 4.688
134 17 1 32.478 5.556 31.718 4.704
135 17 1 32.462 5.588 31.702 4.736
136 17 1 32.462 5.620 31.702 4.767
137 17 1 32.462 5.652 31.702 4.799
138 17 1 32.446 5.668 31.686 4.815
139 17 1 32.446 5.700 31.686 4.847
140 17 1 32.446 5.732 31.686 4.879
141 17 1 32.446 5.748 31.686 4.895
142 17 1 32.430 5.780 31.670 4.927
143 17 1 32.430 5.796 31.670 4.943
144 17 1 32.430 5.828 31.670 4.975
145 17 1 32.430 5.844 31.670 4.991
146 17 1 32.430 5.860 31.670 5.007
147 17 1 32.574 5.931 31.726 5.238
148 17 1 32.518 5.995 31.750 5.158
149 17 1 32.534 6.011 31.766 5.174
150 17 1 32.534 6.043 31.766 5.206
151 17 1 32.526 6.059 31.758 5.222
152 17 1 32.534 6.091 31.766 5.254
153 17 1 32.534 6.107 31.766 5.270
154 17 1 32.606 6.243 31.774 5.318
155 17 1 32.574 6.195 31.806 5.358
156 17 1 32.582 6.219 31.814 5.382
157 17 1 32.582 6.251 31.814 5.414
158 17 1 32.598 6.259 31.830 5.422
159 17 1 32.598 6.291 31.830 5.454
160 17 1 32.614 6.315 31.846 5.478
161 17 1 32.614 6.347 31.846 5.510
162 17 1 32.614 6.355 31.846 5.518
163 17 1 32.630 6.379 31.862 5.541
164 17 1 32.630 6.410 31.862 5.573
165 17 1 32.630 6.418 31.862 5.581
166 17 1 32.646 6.442 31.878 5.605
167 17 1 32.646 6.450 31.878 5.613
168 17 1 32.646 6.474 31.878 5.637
169 17 1 32.646 6.482 31.878 5.645
170 17 1 32.646 6.506 31.878 5.669
171 17 1 32.646 6.514 31.878 5.677
172 17 1 32.646 6.538 31.878 5.701
173 17 1 32.646 6.546 31.878 5.709
174 17 1 32.646 6.570 31.878 5.733
175 17 1 32.646 6.578 31.878 5.741
176 17 1 32.646 6.602 31.878 5.765
177 17 1 32.646 6.610 31.878 5.773
178 17 1 32.646 6.634 31.878 5.797
179 17 1 32.646 6.642 31.878 5.805
180 17 1 32.638 6.674 31.870 5.837
181 17 1 32.622 6.698 31.854 5.861
182 17 1 32.662 6.690 31.734 5.933
183 17 1 32.590 6.730 31.814 5.901
184 17 1 32.590 6.738 31.814 5.909
185 17 1 32.590 6.762 31.814 5.933
186 17 1 32.590 6.778 31.814 5.949
187 17 1 32.589 6.810 31.814 5.981
188 17 1 32.589 6.826 31.814 5.997
189 17 1 32.646 6.690 31.750 6.037
190 17 1 32.598 6.770 31.814 5.957
191 17 1 32.605 6.802 31.822 5.989
192 17 1 32.605 6.818 31.822 6.005
193 17 1 32.597 6.850 31.814 6.037
194 17 1 32.613 6.866 31.830 6.053
195 17 1 32.621 6.898 31.838 6.085
196 17 1 32.670 6.810 31.701 6.213
197 17 1 32.581 6.914 31.790 6.117
198 17 1 32.581 6.938 31.790 6.141
199 17 1 32.581 6.954 31.790 6.157
200 17 1 32.589 6.978 31.798 6.181
201 17 1 32.589 7.002 31.798 6.204
202 17 1 32.613 7.010 31.822 6.212
203 17 1 32.621 7.050 31.830 6.252
205 17 1 32.629 7.082 31.838 6.284
206 17 1 32.653 7.113 31.862 6.316
207 17 1 32.661 7.145 31.869 6.348
208 17 1 32.685 7.153 31.893 6.356
209 17 1 32.693 7.177 31.901 6.380
210 17 1 32.725 7.169 31.925 6.468
211 17 1 32.717 7.209 31.925 6.420
212 17 1 32.733 7.233 31.941 6.444
213 17 1 32.733 7.241 31.941 6.452
214 17 1 32.749 7.265 31.957 6.476
215 17 1 32.749 7.297 31.957 6.508
216 17 1 32.765 7.305 31.973 6.516
217 17 1 32.797 7.273 31.893 6.700
218 17 1 32.741 7.377 31.949 6.596
219 17 1 32.749 7.393 31.957 6.612
220 17 1 32.749 7.409 31.957 6.628
221 17 1 32.773 7.425 31.981 6.644
222 17 1 32.773 7.441 31.981 6.659
223 17 1 32.773 7.457 31.981 6.675
224 17 1 32.765 7.697 32.029 6.819
225 17 1 32.797 7.641 32.013 6.859
226 17 1 32.789 7.657 32.005 6.875
228 17 1 32.829 7.697 32.045 6.915
229 17 1 32.821 7.729 32.037 6.947
230 17 1 32.845 7.744 32.061 6.963
231 17 1 32.861 7.776 32.077 6.995
232 17 1 32.853 7.808 32.069 7.027
233 17 1 32.877 7.840 32.093 7.059
234 17 1 32.877 7.872 32.093 7.091
235 17 1 32.869 7.904 32.085 7.123
236 17 1 32.893 7.920 32.109 7.139
237 17 1 32.893 7.952 32.109 7.171
238 17 1 32.949 7.688 32.013 7.011
239 17 1 32.877 7.744 32.093 6.971
240 17 1 32.893 7.752 32.109 6.979
241 17 1 32.893 7.784 32.109 7.011
242 17 1 32.909 7.808 32.125 7.035
244 17 1 32.925 7.848 32.141 7.075
245 17 1 32.941 7.872 32.157 7.099
246 17 1 32.941 7.880 32.157 7.107
247 17 1 32.957 7.912 32.173 7.139
248 17 1 32.973 7.936 32.189 7.162
249 17 1 32.989 7.952 32.205 7.178
250 17 1 33.005 7.976 32.221 7.202
251 17 1 33.021 7.984 32.237 7.210
252 17 1 33.157 8.095 32.309 7.362
253 17 1 33.117 8.096 32.333 7.330
254 17 1 33.133 8.135 32.349 7.370
255 17 1 33.157 8.167 32.373 7.402
256 17 1 33.181 8.183 32.397 7.418
257 17 1 33.197 8.215 32.413 7.450
258 17 1 33.221 8.247 32.437 7.482
259 17 1 33.245 8.279 32.461 7.514
260 17 1 33.277 8.311 32.493 7.545
261 17 1 33.293 8.343 32.509 7.577
262 17 1 33.309 8.375 32.525 7.609
263 17 1 33.341 8.407 32.557 7.641
264 17 1 33.357 8.423 32.573 7.657
265 17 1 33.365 8.455 32.581 7.689
266 17 1 33.389 8.487 32.605 7.721
267 17 1 33.405 8.511 32.621 7.745
268 17 1 33.413 8.527 32.629 7.761
269 17 1 33.437 8.566 32.653 7.801
270 17 1 33.453 8.598 32.669 7.833
271 17 1 33.461 8.622 32.677 7.857
272 17 1 33.485 8.662 32.701 7.897
274 17 1 33.493 8.718 32.709 7.953
275 17 1 33.517 8.758 32.733 7.993
276 17 1 33.533 8.798 32.749 8.033
277 17 1 33.525 8.838 32.741 8.073
278 17 1 33.549 8.878 32.765 8.112
279 17 1 33.565 8.918 32.781 8.152
280 17 1 33.573 8.942 32.789 8.176
281 17 1 33.581 8.998 32.797 8.232
282 17 1 33.597 9.022 32.813 8.256
283 17 1 33.621 9.150 32.837 8.392
284 17 1 33.605 9.070 32.829 8.320
285 17 1 33.621 9.102 32.845 8.352
286 17 1 33.613 9.086 32.837 8.336
287 17 1 33.637 9.166 32.861 8.416
288 17 1 33.637 9.198 32.861 8.448
289 17 1 33.653 9.238 32.877 8.488
290 17 1 33.669 9.262 32.893 8.512
291 17 1 33.677 9.294 32.901 8.544
292 17 1 33.685 9.318 32.917 8.568
293 17 1 33.701 9.358 32.933 8.608
294 17 1 33.717 9.390 32.949 8.640
295 17 1 33.725 9.430 32.957 8.680
296 17 1 33.733 9.470 32.965 8.720
297 17 1 33.749 9.517 32.981 8.768
298 17 1 33.757 9.557 32.989 8.808
299 17 1 33.781 9.613 33.013 8.864
300 17 1 33.805 9.661 33.037 8.912
301 17 1 33.829 9.709 33.061 8.959
302 17 1 33.845 9.757 33.077 9.007
303 17 1 33.861 9.805 33.093 9.055
304 17 1 33.877 9.853 33.109 9.103
305 17 1 33.894 9.901 33.125 9.151
306 17 1 33.910 9.933 33.141 9.183
307 17 1 33.926 9.981 33.157 9.231
308 17 1 33.926 10.013 33.157 9.263
309 17 1 33.942 10.053 33.173 9.303
310 17 1 33.942 10.085 33.173 9.335
311 17 1 33.958 10.133 33.189 9.383
312 17 1 33.958 10.173 33.189 9.423
313 17 1 33.974 10.213 33.205 9.463
314 17 1 33.974 10.253 33.205 9.503
315 17 1 33.974 10.285 33.205 9.535
316 17 1 33.974 10.325 33.205 9.575
317 17 1 33.974 10.365 33.205 9.615
318 17 1 33.974 10.413 33.205 9.663
319 17 1 33.974 10.453 33.205 9.703
320 17 1 33.974 10.509 33.205 9.759
321 17 1 33.958 10.565 33.189 9.815
322 17 1 33.958 10.621 33.189 9.871
323 17 1 33.958 10.670 33.189 9.919
324 17 1 33.958 10.710 33.189 9.960
325 17 1 33.942 10.750 33.173 10.000
326 17 1 33.942 10.782 33.173 10.032
327 17 1 33.942 10.814 33.173 10.064
328 17 1 33.942 10.854 33.173 10.104
329 17 1 33.894 11.230 33.093 10.240
330 17 1 33.878 11.102 33.109 10.352
331 17 1 33.870 11.134 33.109 10.384
332 17 1 33.870 11.166 33.109 10.416
333 17 1 33.870 11.198 33.109 10.448
334 17 1 33.870 11.239 33.109 10.488
335 17 1 33.870 11.295 33.109 10.544
336 17 1 33.878 11.391 33.149 10.464
337 17 1 33.894 11.311 33.141 10.560
338 17 1 33.886 11.343 33.133 10.592
339 17 1 33.886 11.391 33.133 10.640
340 17 1 33.878 11.431 33.125 10.680
341 17 1 33.886 11.487 33.133 10.737
342 17 1 33.886 11.535 33.133 10.785
343 17 1 33.854 11.447 33.109 10.608
344 17 1 33.854 11.415 33.109 10.665
345 17 1 33.854 11.455 33.109 10.705
346 17 1 33.830 11.487 33.085 10.737
347 17 1 33.822 11.535 33.077 10.785
348 17 1 33.822 11.567 33.077 10.817
349 17 1 33.822 11.615 33.077 10.865
350 17 1 33.798 11.656 33.053 10.905
351 17 1 33.790 11.696 33.045 10.945
352 17 1 33.790 11.728 33.045 10.977
353 17 1 33.766 11.760 33.021 11.009
354 17 1 33.758 11.800 33.013 11.049
355 17 1 33.734 11.832 32.989 11.082
356 17 1 33.726 11.880 32.981 11.130
357 17 1 33.702 11.920 32.957 11.170
358 17 1 33.694 11.969 32.949 11.218
359 17 1 33.670 12.017 32.925 11.266
360 17 1 33.662 12.057 32.917 11.306
361 17 1 33.638 12.097 32.893 11.346
362 17 1 33.630 12.137 32.884 11.387
364 17 1 33.605 12.217 32.860 11.467
365 17 1 33.605 12.258 32.860 11.507
366 17 1 33.597 12.298 32.852 11.547
367 17 1 33.597 12.338 32.852 11.587
368 17 1 33.573 12.370 32.828 11.619
369 17 1 33.565 12.402 32.820 11.651
370 17 1 33.565 12.434 32.820 11.683
371 17 1 33.541 12.482 32.796 11.732
372 17 1 33.541 12.530 32.796 11.780
373 17 1 33.541 12.579 32.796 11.828
374 17 1 33.541 12.627 32.796 11.876
375 17 1 33.541 12.675 32.796 11.924
376 17 1 33.533 12.723 32.788 11.972
377 17 1 33.533 12.779 32.788 12.028
378 17 1 33.597 13.003 32.844 11.884
379 17 1 33.589 12.819 32.844 12.060
380 17 1 33.589 12.867 32.844 12.108
381 17 1 33.573 12.915 32.828 12.156
382 17 1 33.573 12.963 32.828 12.205
383 17 1 33.573 13.012 32.828 12.253
384 17 1 33.557 13.060 32.812 12.301
385 17 1 33.557 13.100 32.812 12.341
386 17 1 33.557 13.140 32.812 12.381
387 17 1 33.557 13.172 32.812 12.413
388 17 1 33.557 13.220 32.812 12.461
389 17 1 33.541 13.252 32.796 12.493
390 17 1 33.541 13.301 32.796 12.542
391 17 1 33.525 13.333 32.780 12.574
392 17 1 33.517 13.381 32.772 12.622
393 17 1 33.509 13.429 32.764 12.670
394 17 1 33.493 13.477 32.748 12.718
395 17 1 33.477 13.526 32.732 12.767
396 17 1 33.461 13.582 32.716 12.823
397 17 1 33.445 13.638 32.700 12.879
398 17 1 33.429 13.686 32.684 12.927
399 17 1 33.453 13.742 32.732 12.991
400 17 1 33.461 13.750 32.724 12.999
401 17 1 33.461 13.799 32.724 13.047
402 17 1 33.445 13.831 32.708 13.080
403 17 1 33.429 13.863 32.692 13.112
404 17 1 33.413 13.911 32.676 13.160
405 17 1 33.397 13.960 32.660 13.208
406 17 1 33.381 13.992 32.643 13.240
407 17 1 33.365 14.040 32.627 13.289
408 17 1 33.349 14.072 32.611 13.321
409 17 1 33.341 14.104 32.603 13.353
410 17 1 33.333 14.153 32.595 13.401
411 17 1 33.317 14.201 32.579 13.449
412 17 1 33.309 14.257 32.571 13.506
413 17 1 33.301 14.329 32.563 13.578
414 17 1 33.285 14.386 32.547 13.634
415 17 1 33.269 14.442 32.531 13.691
416 17 1 33.261 14.490 32.523 13.739
417 17 1 33.253 14.546 32.515 13.795
418 17 1 33.237 14.587 32.499 13.835
419 17 1 33.237 14.635 32.499 13.883
420 17 1 33.221 14.667 32.483 13.916
421 17 1 33.221 14.699 32.483 13.948
422 17 1 33.205 14.748 32.467 13.996
423 17 1 33.205 14.788 32.467 14.036
424 17 1 33.189 14.828 32.451 14.076
425 17 1 33.172 14.876 32.435 14.125
426 17 1 33.156 14.908 32.419 14.157
427 17 1 33.100 15.118 32.394 14.422
428 17 1 33.108 15.134 32.378 14.390
429 17 1 33.100 15.174 32.370 14.430
430 17 1 33.076 15.214 32.346 14.471
431 17 1 33.044 15.255 32.314 14.511
432 17 1 33.036 15.311 32.306 14.567
433 17 1 33.012 15.367 32.282 14.624
434 17 1 32.827 15.497 32.178 14.584
435 17 1 32.876 15.408 32.154 14.664
436 17 1 32.851 15.441 32.129 14.697
437 17 1 32.843 15.497 32.121 14.753
438 17 1 32.811 15.529 32.089 14.785
439 17 1 32.795 15.569 32.073 14.826
440 17 1 32.795 15.602 32.073 14.858
441 17 1 32.763 15.722 31.937 15.035
442 17 1 32.723 15.747 32.001 15.011
443 17 1 32.715 15.787 31.993 15.051
444 17 1 32.699 15.819 31.977 15.083
445 17 1 32.683 15.852 31.961 15.116
446 17 1 32.683 15.892 31.961 15.156
447 17 1 32.667 15.940 31.945 15.204
448 17 1 32.675 16.270 31.784 15.012
449 17 1 32.659 15.980 31.936 15.244
450 17 1 32.651 16.029 31.928 15.293
451 17 1 32.635 16.069 31.912 15.333
452 17 1 32.619 16.125 31.896 15.389
453 17 1 32.602 16.174 31.880 15.438
454 17 1 32.594 16.222 31.872 15.486
455 17 1 32.675 16.407 31.792 15.575
456 17 1 32.594 16.359 31.872 15.623
457 17 1 32.586 16.391 31.864 15.655
458 17 1 32.586 16.431 31.864 15.695
459 17 1 32.570 16.463 31.848 15.727
460 17 1 32.554 16.504 31.832 15.768
461 17 1 32.554 16.528 31.832 15.792
462 17 1 32.538 16.721 31.655 15.881
463 17 1 32.466 16.665 31.743 15.929
464 17 1 32.458 16.706 31.735 15.969
465 17 1 32.442 16.738 31.719 16.002
466 17 1 32.426 16.778 31.703 16.042
467 17 1 32.393 16.819 31.671 16.082
468 17 1 32.377 16.867 31.655 16.131
469 17 1 32.353 16.907 31.631 16.171
470 17 1 32.329 16.956 31.607 16.219
471 17 1 32.313 16.996 31.590 16.260
472 17 1 32.289 17.028 31.566 16.292
473 17 1 32.265 17.061 31.542 16.324
474 17 1 32.249 17.101 31.526 16.365
475 17 1 32.225 17.133 31.502 16.397
476 17 1 32.217 17.174 31.494 16.437
477 17 1 32.200 17.206 31.478 16.470
478 17 1 32.184 17.238 31.462 16.502
479 17 1 32.168 17.271 31.446 16.534
480 17 1 32.152 17.303 31.430 16.567
481 17 1 32.136 17.327 31.413 16.591
482 17 1 32.120 17.368 31.397 16.631
113 17 1 32.486 4.886 31.679 4.010
129 17 1 32.518 5.349 31.711 4.472
204 17 1 32.629 7.066 31.838 6.268
227 17 1 32.813 7.681 32.029 6.899
243 17 1 32.909 7.816 32.125 7.043
273 17 1 33.501 8.694 32.717 7.929
363 17 1 33.630 12.177 32.884 11.427
