frame,id,class,tl_x,tl_y,br_x,br_y
0,0,2,44.423,8.600,42.511,7.682
1,0,2,44.474,8.629,42.468,7.667
2,0,2,44.409,8.622,42.402,7.660
3,0,2,44.358,8.629,42.351,7.667
4,0,2,44.300,8.644,42.293,7.682
5,0,2,44.220,8.658,42.212,7.697
6,0,2,44.169,8.644,42.161,7.682
7,0,2,44.096,8.659,42.088,7.697
8,0,2,44.038,8.659,42.030,7.697
9,0,2,43.965,8.644,41.957,7.682
10,0,2,43.907,8.659,41.899,7.697
11,0,2,43.834,8.637,41.826,7.675
12,0,2,43.776,8.659,41.767,7.697
13,0,2,43.703,8.645,41.694,7.682
14,0,2,43.637,8.659,41.629,7.697
15,0,2,43.557,8.659,41.549,7.697
16,0,2,43.484,8.659,41.476,7.697
17,0,2,43.404,8.660,41.395,7.697
18,0,2,43.309,8.674,41.300,7.712
19,0,2,43.222,8.689,41.213,7.727
20,0,2,43.142,8.675,41.132,7.712
21,0,2,43.047,8.689,41.038,7.727
22,0,2,42.959,8.668,40.950,7.705
23,0,2,42.879,8.675,40.870,7.713
24,0,2,42.770,8.675,40.760,7.713
25,0,2,42.668,8.675,40.658,7.713
26,0,2,42.580,8.668,40.570,7.706
27,0,2,42.478,8.676,40.468,7.713
28,0,2,42.376,8.654,40.365,7.691
29,0,2,42.281,8.647,40.270,7.684
30,0,2,42.172,8.647,40.161,7.684
31,0,2,42.070,8.647,40.058,7.684
32,0,2,41.967,8.633,39.956,7.670
33,0,2,41.865,8.618,39.854,7.655
34,0,2,41.763,8.618,39.751,7.655
35,0,2,41.653,8.611,39.641,7.648
36,0,2,41.529,8.604,39.517,7.641
37,0,2,41.427,8.590,39.415,7.626
38,0,2,41.310,8.582,39.298,7.619
39,0,2,41.179,8.590,39.166,7.626
40,0,2,41.062,8.590,39.049,7.627
41,0,2,40.938,8.590,38.924,7.627
42,0,2,40.799,8.590,38.785,7.627
43,0,2,40.667,8.576,38.653,7.612
44,0,2,40.550,8.562,38.536,7.598
45,0,2,40.419,8.562,38.404,7.598
46,0,2,40.287,8.562,38.272,7.598
47,0,2,40.155,8.548,38.141,7.583
48,0,2,40.024,8.533,38.009,7.569
49,0,2,39.892,8.548,37.877,7.584
50,0,2,39.760,8.526,37.745,7.562
51,0,2,39.628,8.534,37.613,7.569
52,0,2,39.497,8.534,37.481,7.569
53,0,2,39.365,8.534,37.349,7.570
54,0,2,39.219,8.534,37.202,7.570
55,0,2,39.087,8.534,37.070,7.570
56,0,2,38.940,8.527,36.923,7.563
57,0,2,38.809,8.535,36.791,7.570
58,0,2,38.662,8.535,36.645,7.570
59,0,2,38.515,8.521,36.498,7.556
60,0,2,38.369,8.506,36.351,7.541
61,0,2,38.222,8.506,36.204,7.541
62,0,2,38.076,8.485,36.057,7.519
63,0,2,37.929,8.478,35.910,7.512
64,0,2,37.782,8.478,35.763,7.512
65,0,2,37.636,8.471,35.616,7.505
66,0,2,37.474,8.493,35.455,7.527
67,0,2,37.328,8.471,35.308,7.505
68,0,2,37.181,8.493,35.161,7.528
69,0,2,37.019,8.479,34.999,7.513
70,0,2,36.873,8.494,34.852,7.528
71,0,2,36.711,8.487,34.690,7.521
72,0,2,36.550,8.494,34.528,7.528
73,0,2,36.388,8.487,34.366,7.521
74,0,2,36.226,8.495,34.205,7.528
75,0,2,36.065,8.495,34.043,7.529
76,0,2,35.903,8.495,33.881,7.529
77,0,2,35.741,8.503,33.719,7.536
78,0,2,35.580,8.525,33.557,7.558
79,0,2,35.418,8.518,33.395,7.551
80,0,2,35.256,8.525,33.232,7.559
81,0,2,35.094,8.540,33.070,7.574
82,0,2,34.932,8.555,32.908,7.588
83,0,2,34.771,8.556,32.746,7.589
84,0,2,34.609,8.556,32.584,7.589
85,0,2,34.432,8.571,32.407,7.604
86,0,2,34.255,8.578,32.230,7.611
87,0,2,34.093,8.601,32.067,7.633
88,0,2,33.916,8.608,31.890,7.641
89,0,2,33.754,8.601,31.728,7.634
90,0,2,33.578,8.616,31.551,7.648
91,0,2,33.415,8.609,31.388,7.641
92,0,2,33.253,8.624,31.226,7.656
93,0,2,33.076,8.661,31.048,7.693
94,0,2,32.914,8.654,30.886,7.686
95,0,2,32.752,8.676,30.723,7.708
96,0,2,32.575,8.677,30.546,7.708
97,0,2,32.398,8.691,30.368,7.723
98,0,2,32.220,8.714,30.191,7.745
99,0,2,32.043,8.721,30.013,7.753
100,0,2,31.866,8.714,29.836,7.746
101,0,2,31.689,8.722,29.658,7.753
102,0,2,31.512,8.722,29.481,7.753
103,0,2,31.334,8.723,29.303,7.754
104,0,2,31.157,8.730,29.125,7.761
105,0,2,30.994,8.716,28.963,7.747
106,0,2,30.817,8.723,28.785,7.754
107,0,2,30.639,8.724,28.607,7.754
108,0,2,30.462,8.724,28.429,7.755
109,0,2,30.284,8.724,28.251,7.755
110,0,2,30.122,8.725,28.088,7.755
111,0,2,29.944,8.710,27.910,7.740
112,0,2,29.767,8.696,27.732,7.726
113,0,2,29.604,8.689,27.569,7.719
114,0,2,29.426,8.689,27.391,7.719
115,0,2,29.248,8.674,27.213,7.704
116,0,2,29.071,8.667,27.035,7.697
117,0,2,28.908,8.667,26.872,7.697
118,0,2,28.730,8.646,26.694,7.675
119,0,2,28.552,8.624,26.516,7.653
120,0,2,28.374,8.624,26.338,7.653
121,0,2,28.211,8.602,26.174,7.632
122,0,2,28.033,8.617,25.996,7.646
123,0,2,27.855,8.588,25.818,7.617
124,0,2,27.677,8.581,25.639,7.610
125,0,2,27.514,8.574,25.476,7.603
126,0,2,27.336,8.559,25.298,7.588
127,0,2,27.158,8.545,25.119,7.574
128,0,2,26.980,8.545,24.941,7.574
129,0,2,26.816,8.531,24.777,7.559
130,0,2,26.638,8.501,24.599,7.530
131,0,2,26.475,8.494,24.435,7.522
132,0,2,26.297,8.494,24.256,7.523
133,0,2,26.133,8.473,24.093,7.501
134,0,2,25.955,8.451,23.914,7.479
135,0,2,25.791,8.436,23.750,7.464
136,0,2,25.613,8.436,23.572,7.464
137,0,2,25.435,8.429,23.393,7.457
138,0,2,25.256,8.415,23.214,7.442
139,0,2,25.093,8.385,23.050,7.413
140,0,2,24.914,8.378,22.871,7.406
141,0,2,24.735,8.379,22.692,7.406
142,0,2,24.572,8.379,22.528,7.406
143,0,2,24.393,8.364,22.349,7.391
144,0,2,24.229,8.350,22.185,7.377
145,0,2,24.051,8.350,22.006,7.377
146,0,2,23.872,8.328,21.827,7.355
147,0,2,23.708,8.313,21.663,7.340
148,0,2,23.529,8.321,21.484,7.348
149,0,2,23.365,8.306,21.320,7.333
150,0,2,23.186,8.277,21.141,7.304
151,0,2,23.023,8.263,20.976,7.289
152,0,2,22.844,8.255,20.797,7.282
153,0,2,22.680,8.241,20.633,7.267
154,0,2,22.501,8.212,20.454,7.238
155,0,2,22.337,8.204,20.289,7.230
156,0,2,21.755,8.065,20.439,7.252
157,0,2,21.740,8.065,20.424,7.201
158,0,2,21.771,7.954,20.424,7.141
159,0,2,22.136,8.101,20.222,7.179
160,0,2,22.054,8.086,20.297,7.186
161,0,2,21.897,8.064,20.140,7.164
162,0,2,21.637,7.843,19.804,7.068
163,0,2,21.600,7.902,19.835,7.016
164,0,2,21.435,7.880,19.670,6.994
165,0,2,21.271,7.858,19.506,6.972
166,0,2,21.107,7.821,19.341,6.935
167,0,2,20.943,7.799,19.177,6.913
168,0,2,20.779,7.762,19.013,6.876
169,0,2,20.599,7.740,18.833,6.854
170,0,2,20.435,7.704,18.669,6.817
171,0,2,20.271,7.667,18.504,6.780
172,0,2,20.122,7.615,18.355,6.728
173,0,2,19.958,7.563,18.190,6.677
174,0,2,19.793,7.512,18.026,6.625
175,0,2,19.629,7.475,17.861,6.588
176,0,2,19.465,7.423,17.697,6.536
177,0,2,19.301,7.372,17.533,6.484
178,0,2,19.136,7.320,17.368,6.433
179,0,2,18.987,7.268,17.218,6.381
180,0,2,18.823,7.217,17.054,6.329
181,0,2,18.658,7.165,16.889,6.277
182,0,2,18.494,7.098,16.725,6.211
183,0,2,18.330,7.047,16.560,6.159
184,0,2,18.165,6.995,16.396,6.107
185,0,2,18.001,6.943,16.231,6.055
186,0,2,17.904,6.877,16.142,5.989
17,1,2,44.554,10.273,42.488,9.400
18,1,2,44.547,10.163,42.729,9.575
19,1,2,44.539,10.200,42.700,9.546
20,1,2,44.496,10.208,42.649,9.539
21,1,2,44.263,10.267,42.751,9.509
22,1,2,44.372,10.252,42.642,9.517
23,1,2,44.270,10.193,42.415,9.561
24,1,2,44.182,10.186,42.299,9.532
25,1,2,44.190,10.157,42.080,9.532
26,1,2,44.117,10.179,42.102,9.525
27,1,2,44.110,10.194,42.043,9.540
28,1,2,43.979,10.223,41.846,9.555
29,1,2,43.862,10.172,41.934,9.555
30,1,2,43.760,10.202,41.817,9.570
31,1,2,43.658,10.195,41.766,9.577
32,1,2,43.592,10.202,41.649,9.555
33,1,2,43.527,10.203,41.605,9.533
34,1,2,43.483,10.188,41.649,9.541
35,1,2,43.424,10.181,41.225,9.563
36,1,2,43.271,10.189,41.232,9.571
37,1,2,43.198,10.211,41.123,9.593
38,1,2,43.096,10.211,41.101,9.593
39,1,2,43.001,10.145,41.006,9.586
40,1,2,42.906,10.167,40.984,9.564
41,1,2,42.826,10.204,40.728,9.586
42,1,2,42.724,10.168,40.699,9.587
43,1,2,42.651,10.175,40.779,9.579
44,1,2,42.476,10.190,40.582,9.572
45,1,2,42.439,10.191,40.552,9.521
46,1,2,42.432,10.154,40.560,9.558
47,1,2,42.337,10.147,40.465,9.550
48,1,2,42.242,10.154,40.370,9.558
49,1,2,42.133,10.147,40.260,9.551
50,1,2,42.038,10.155,40.165,9.558
51,1,2,41.928,10.133,40.055,9.537
52,1,2,41.833,10.141,39.960,9.544
53,1,2,41.724,10.134,39.850,9.537
54,1,2,41.614,10.127,39.740,9.530
55,1,2,41.504,10.105,39.630,9.508
56,1,2,41.263,10.157,39.345,9.457
57,1,2,41.234,10.164,39.125,9.487
58,1,2,41.219,10.150,38.986,9.465
59,1,2,40.963,10.106,38.942,9.451
60,1,2,40.854,10.099,38.949,9.407
61,1,2,40.766,10.092,38.854,9.414
62,1,2,40.766,10.099,38.597,9.386
63,1,2,40.583,10.063,38.509,9.371
64,1,2,40.480,10.027,38.429,9.342
65,1,2,40.371,10.034,38.348,9.305
66,1,2,40.312,9.968,38.421,9.371
67,1,2,39.968,9.991,38.018,9.159
68,1,2,39.961,9.977,37.923,9.284
69,1,2,39.792,9.977,37.805,9.248
70,1,2,39.682,9.941,37.739,9.204
71,1,2,39.690,9.933,37.490,9.190
72,1,2,39.463,9.868,37.416,9.182
73,1,2,39.338,9.890,37.328,9.161
74,1,2,39.301,9.839,37.277,9.080
75,1,2,39.177,9.744,37.137,9.058
76,1,2,39.111,9.707,37.218,9.102
77,1,2,38.964,9.678,37.071,9.073
78,1,2,38.832,9.649,36.939,9.044
79,1,2,38.693,9.620,36.800,9.015
80,1,2,38.546,9.591,36.653,8.986
81,1,2,38.429,9.547,36.535,8.942
82,1,2,38.158,9.555,36.307,8.817
83,1,2,38.180,9.489,36.293,8.884
84,1,2,38.048,9.460,36.160,8.854
85,1,2,37.886,9.416,35.999,8.811
86,1,2,37.732,9.373,35.844,8.767
87,1,2,37.593,9.329,35.705,8.723
88,1,2,37.446,9.300,35.558,8.694
89,1,2,37.292,9.256,35.403,8.650
90,1,2,37.137,9.212,35.249,8.606
91,1,2,36.976,9.169,35.087,8.562
92,1,2,36.836,9.139,34.947,8.533
93,1,2,36.535,9.125,34.557,8.269
94,1,2,36.491,9.008,34.601,8.394
95,1,2,36.329,8.994,34.439,8.380
96,1,2,36.197,8.935,34.307,8.321
97,1,2,36.035,8.913,34.145,8.299
98,1,2,35.866,8.884,33.976,8.270
99,1,2,35.727,8.855,33.836,8.241
100,1,2,35.536,8.819,33.644,8.205
101,1,2,35.352,8.797,33.460,8.183
102,1,2,35.212,8.761,33.320,8.146
103,1,2,35.050,8.739,33.158,8.124
104,1,2,34.506,8.762,32.612,8.147
105,1,2,34.712,8.695,32.819,8.081
106,1,2,34.564,8.673,32.672,8.059
107,1,2,34.535,8.637,32.649,8.022
108,1,2,34.211,8.645,32.325,8.030
109,1,2,34.049,8.637,32.163,8.023
110,1,2,33.902,8.623,32.015,8.008
111,1,2,33.695,8.623,31.808,8.008
112,1,2,33.519,8.616,31.631,8.001
113,1,2,33.356,8.624,31.476,8.009
114,1,2,33.172,8.631,31.291,8.016
115,1,2,33.010,8.624,31.129,8.009
116,1,2,32.826,8.617,30.944,8.002
117,1,2,32.641,8.625,30.759,8.010
118,1,2,32.479,8.633,30.597,8.017
119,1,2,32.302,8.655,30.419,8.039
120,1,2,32.125,8.662,30.242,8.047
121,1,2,31.933,8.685,30.050,8.069
122,1,2,31.778,8.692,29.894,8.077
123,1,2,31.578,8.715,29.694,8.099
124,1,2,31.415,8.737,29.531,8.122
125,1,2,31.245,8.760,29.361,8.144
126,1,2,31.061,8.782,29.176,8.166
127,1,2,30.883,8.819,28.998,8.203
128,1,2,30.727,9.025,28.768,8.255
129,1,2,30.691,8.937,28.805,8.321
130,1,2,30.528,8.960,28.642,8.344
131,1,2,30.372,8.997,28.486,8.381
132,1,2,30.173,9.019,28.286,8.403
133,1,2,30.025,9.056,28.138,8.440
134,1,2,29.580,9.263,28.004,8.418
135,1,2,29.736,9.145,27.855,8.529
136,1,2,29.565,9.168,27.685,8.551
137,1,2,29.417,9.205,27.536,8.588
138,1,2,29.224,9.227,27.343,8.611
139,1,2,29.069,9.264,27.187,8.648
140,1,2,28.891,9.287,27.009,8.670
141,1,2,28.713,9.309,26.831,8.693
142,1,2,28.542,9.332,26.660,8.715
143,1,2,28.379,9.354,26.496,8.738
144,1,2,28.201,9.377,26.318,8.760
145,1,2,27.874,9.510,25.939,8.753
146,1,2,27.748,9.496,25.782,8.754
147,1,2,27.569,9.555,25.611,8.769
148,1,2,27.540,9.466,25.656,8.850
149,1,2,27.243,9.556,25.306,8.791
150,1,2,26.946,9.571,25.314,8.776
151,1,2,27.080,9.482,25.202,8.865
152,1,2,26.924,9.490,25.045,8.873
153,1,2,26.753,9.483,24.874,8.866
154,1,2,26.560,9.491,24.681,8.874
155,1,2,26.396,9.484,24.517,8.866
156,1,2,26.218,9.491,24.338,8.874
157,1,2,26.039,9.484,24.159,8.867
158,1,2,25.868,9.477,23.988,8.860
159,1,2,25.697,9.470,23.817,8.853
160,1,2,25.235,9.545,23.631,8.720
161,1,2,25.377,9.441,23.504,8.824
162,1,2,25.206,9.434,23.332,8.817
163,1,2,25.050,9.412,23.176,8.795
164,1,2,24.864,9.405,22.989,8.788
165,1,2,24.708,9.383,22.833,8.766
166,1,2,24.537,9.362,22.661,8.744
167,1,2,24.380,9.340,22.505,8.722
168,1,2,24.194,9.318,22.318,8.700
169,1,2,24.038,9.296,22.162,8.678
170,1,2,23.866,9.274,21.990,8.656
171,1,2,23.382,9.268,21.812,8.471
172,1,2,23.539,9.179,21.670,8.560
173,1,2,23.375,9.157,21.505,8.538
174,1,2,23.211,9.120,21.341,8.502
175,1,2,23.047,9.098,21.177,8.480
176,1,2,22.883,9.061,21.013,8.443
177,1,2,22.719,9.040,20.849,8.421
178,1,2,22.555,9.003,20.684,8.384
179,1,2,22.391,8.981,20.520,8.362
180,1,2,22.227,8.944,20.356,8.325
181,1,2,22.063,8.922,20.191,8.303
182,1,2,21.899,8.886,20.027,8.267
183,1,2,21.735,8.849,19.863,8.230
184,1,2,21.571,8.812,19.698,8.193
185,1,2,21.407,8.775,19.534,8.156
186,1,2,21.242,8.739,19.369,8.119
187,1,2,21.093,8.702,19.220,8.082
188,1,2,20.929,8.665,19.055,8.046
189,1,2,20.750,8.643,18.876,8.024
190,1,2,20.601,8.592,18.726,7.972
191,1,2,20.436,8.555,18.562,7.935
192,1,2,20.287,8.518,18.412,7.898
193,1,2,20.122,8.496,18.248,7.876
194,1,2,19.958,8.459,18.083,7.839
195,1,2,19.794,8.422,17.918,7.802
196,1,2,19.644,8.386,17.769,7.766
197,1,2,19.480,8.349,17.604,7.729
198,1,2,19.316,8.297,17.439,7.677
199,1,2,19.166,8.260,17.290,7.640
200,1,2,19.017,8.223,17.140,7.603
201,1,2,18.852,8.187,16.975,7.566
202,1,2,18.703,8.135,16.825,7.514
203,1,2,18.538,8.098,16.661,7.478
204,1,2,18.389,8.046,16.511,7.426
205,1,2,18.224,8.010,16.346,7.389
206,1,2,18.074,7.958,16.196,7.337
22,2,1,31.355,2.523,30.870,2.046
23,2,1,31.370,2.537,30.862,2.039
24,2,1,31.362,2.610,30.855,2.112
25,2,1,31.362,2.684,30.855,2.185
26,2,1,31.354,2.749,30.847,2.251
27,2,1,31.347,2.837,30.840,2.339
28,2,1,31.339,2.903,30.832,2.405
29,2,1,31.332,2.969,30.824,2.470
30,2,1,31.339,3.049,30.832,2.551
31,2,1,31.339,3.101,30.832,2.602
32,2,1,31.346,3.152,30.839,2.653
34,2,1,31.339,3.130,30.831,2.631
35,2,1,31.464,3.394,30.692,2.280
36,2,1,31.427,3.313,30.722,2.353
37,2,1,31.427,3.386,30.721,2.426
38,2,1,31.463,3.665,30.662,2.558
39,2,1,31.477,3.818,30.662,2.631
40,2,1,31.455,3.972,30.669,2.697
41,2,1,31.462,4.016,30.654,2.785
42,2,1,31.447,4.082,30.654,2.843
43,2,1,31.469,4.111,30.632,2.887
44,2,1,31.432,4.221,30.676,2.887
45,2,1,31.403,4.243,30.676,2.938
46,2,1,31.388,4.265,30.690,3.026
47,2,1,31.432,4.199,30.675,3.180
48,2,1,31.469,4.294,30.638,3.348
49,2,1,31.425,4.360,30.683,3.246
50,2,1,31.425,4.419,30.682,3.305
51,2,1,31.424,4.485,30.682,3.371
52,2,1,31.424,4.551,30.682,3.436
53,2,1,31.468,4.617,30.622,3.671
54,2,1,31.417,4.690,30.674,3.590
55,2,1,31.438,4.881,30.608,3.737
56,2,1,31.409,4.991,30.622,3.751
57,2,1,31.394,5.057,30.607,3.876
58,2,1,31.408,5.101,30.615,3.869
59,2,1,31.371,5.174,30.600,3.847
60,2,1,31.334,5.189,30.607,3.905
61,2,1,31.349,5.218,30.607,4.000
62,2,1,31.342,5.167,30.607,4.044
63,2,1,31.334,5.225,30.599,4.103
64,2,1,31.327,5.394,30.591,4.272
65,2,1,31.319,5.328,30.584,4.206
66,2,1,31.460,5.211,30.569,4.418
67,2,1,31.379,5.262,30.643,4.154
68,2,1,31.371,5.409,30.636,4.301
69,2,1,31.459,5.644,30.635,4.382
70,2,1,31.407,5.600,30.672,4.492
71,2,1,31.400,5.614,30.665,4.506
72,2,1,31.325,5.952,30.531,4.763
73,2,1,31.495,5.944,30.524,4.807
74,2,1,31.370,5.922,30.627,4.814
75,2,1,31.370,5.981,30.627,4.873
76,2,1,31.355,6.010,30.612,4.902
77,2,1,31.370,5.959,30.567,4.990
78,2,1,31.362,6.018,30.567,5.056
79,2,1,31.332,6.084,30.590,4.990
80,2,1,31.332,6.121,30.590,5.027
81,2,1,31.332,6.165,30.589,5.071
82,2,1,31.332,6.223,30.589,5.130
83,2,1,31.332,6.267,30.589,5.174
84,2,1,31.332,6.297,30.589,5.203
85,2,1,31.332,6.341,30.589,5.247
86,2,1,31.347,6.400,30.604,5.306
87,2,1,31.280,6.473,30.514,5.592
88,2,1,31.272,6.569,30.529,5.482
89,2,1,31.272,6.598,30.529,5.511
90,2,1,31.361,6.561,30.529,5.702
91,2,1,31.346,6.583,30.566,5.731
92,2,1,31.324,6.686,30.581,5.614
93,2,1,31.376,6.598,30.558,5.790
94,2,1,31.331,6.723,30.588,5.658
95,2,1,31.331,6.752,30.588,5.687
96,2,1,31.331,6.781,30.588,5.717
97,2,1,31.331,6.811,30.588,5.746
98,2,1,31.331,6.840,30.588,5.776
99,2,1,31.331,6.870,30.588,5.805
100,2,1,31.331,6.899,30.588,5.834
101,2,1,31.331,6.943,30.587,5.878
102,2,1,31.316,6.987,30.573,5.922
103,2,1,31.316,7.002,30.573,5.937
104,2,1,31.316,7.046,30.572,5.981
105,2,1,31.301,7.061,30.558,5.996
106,2,1,31.301,7.105,30.557,6.040
107,2,1,31.301,7.119,30.557,6.055
108,2,1,31.301,7.164,30.557,6.099
109,2,1,31.286,7.178,30.543,6.113
110,2,1,31.286,7.222,30.542,6.157
111,2,1,31.264,7.002,30.490,6.370
112,2,1,31.249,7.208,30.505,6.157
113,2,1,31.249,7.237,30.505,6.187
114,2,1,31.249,7.252,30.505,6.201
115,2,1,31.249,7.281,30.505,6.231
116,2,1,31.263,7.311,30.520,6.260
117,2,1,31.249,7.340,30.505,6.290
118,2,1,31.263,7.369,30.520,6.319
119,2,1,31.263,7.413,30.520,6.363
120,2,1,31.278,7.443,30.534,6.392
121,2,1,31.293,7.487,30.549,6.437
122,2,1,31.292,7.531,30.549,6.481
123,2,1,31.381,7.450,30.534,6.672
124,2,1,31.381,7.472,30.563,6.664
125,2,1,31.374,7.487,30.563,6.686
126,2,1,31.389,7.502,30.556,6.752
127,2,1,31.344,7.634,30.600,6.613
128,2,1,31.344,7.678,30.600,6.657
129,2,1,31.344,7.722,30.600,6.701
130,2,1,31.388,7.678,30.533,7.113
131,2,1,31.329,7.891,30.585,6.885
132,2,1,31.329,7.935,30.585,6.929
133,2,1,31.328,7.980,30.585,6.973
134,2,1,31.291,8.171,30.510,7.171
135,2,1,31.276,8.215,30.555,7.201
136,2,1,31.283,8.340,30.555,7.105
137,2,1,31.283,8.347,30.525,7.120
138,2,1,31.291,8.377,30.466,7.142
139,2,1,31.291,8.392,30.459,7.186
140,2,1,31.239,8.281,30.510,7.282
141,2,1,31.239,8.333,30.510,7.333
142,2,1,31.224,8.384,30.495,7.385
143,2,1,31.224,8.436,30.495,7.436
144,2,1,31.224,8.458,30.495,7.458
145,2,1,31.209,8.495,30.480,7.495
146,2,1,31.194,8.561,30.465,7.561
147,2,1,31.209,8.612,30.480,7.613
148,2,1,31.194,8.649,30.465,7.649
149,2,1,31.209,8.701,30.479,7.701
150,2,1,31.209,8.752,30.479,7.752
151,2,1,31.208,8.818,30.479,7.819
152,2,1,31.208,8.885,30.479,7.885
153,2,1,31.208,8.951,30.479,7.951
154,2,1,31.267,9.201,30.544,8.275
155,2,1,31.267,9.223,30.545,8.231
156,2,1,31.259,9.282,30.537,8.290
157,2,1,31.252,9.341,30.529,8.348
158,2,1,31.259,9.400,30.537,8.407
159,2,1,31.251,9.459,30.529,8.466
160,2,1,31.259,9.518,30.536,8.525
161,2,1,31.266,9.577,30.544,8.584
162,2,1,31.273,9.621,30.551,8.628
163,2,1,31.266,9.680,30.543,8.687
164,2,1,31.273,9.739,30.551,8.746
165,2,1,31.265,9.783,30.543,8.790
166,2,1,31.273,9.842,30.550,8.849
167,2,1,31.265,9.901,30.543,8.908
168,2,1,31.464,10.063,30.506,8.915
169,2,1,31.435,10.122,30.528,8.915
170,2,1,31.427,10.144,30.535,8.937
171,2,1,31.420,10.159,30.528,8.989
172,2,1,31.472,10.173,30.498,9.063
173,2,1,31.346,10.137,30.542,9.158
174,2,1,31.368,10.159,30.520,9.247
175,2,1,31.302,10.188,30.579,9.210
176,2,1,31.294,10.233,30.572,9.254
177,2,1,31.301,10.277,30.579,9.298
178,2,1,31.294,10.306,30.571,9.328
179,2,1,31.286,10.365,30.564,9.387
180,2,1,31.279,10.439,30.556,9.460
181,2,1,31.271,10.498,30.549,9.519
182,2,1,31.264,10.557,30.541,9.578
183,2,1,31.256,10.601,30.534,9.623
184,2,1,31.234,10.660,30.511,9.682
185,2,1,31.241,10.705,30.519,9.726
186,2,1,31.219,10.764,30.496,9.785
187,2,1,31.226,10.808,30.504,9.829
188,2,1,31.204,10.867,30.481,9.888
189,2,1,31.189,11.051,30.510,9.999
190,2,1,31.174,11.059,30.407,10.087
191,2,1,31.189,11.014,30.355,10.168
192,2,1,31.137,11.051,30.332,10.235
193,2,1,31.159,11.118,30.302,10.390
194,2,1,31.085,11.221,30.369,10.272
195,2,1,31.114,11.273,30.361,10.685
196,2,1,31.070,11.376,30.368,10.729
197,2,1,31.077,11.509,30.368,10.574
198,2,1,31.069,11.568,30.361,10.633
199,2,1,31.047,11.627,30.338,10.692
200,2,1,31.054,11.686,30.346,10.751
201,2,1,31.032,11.746,30.323,10.810
202,2,1,31.039,11.819,30.331,10.884
203,2,1,31.017,11.878,30.308,10.943
204,2,1,31.024,11.952,30.315,11.017
205,2,1,31.016,12.011,30.308,11.076
206,2,1,31.024,12.085,30.315,11.150
207,2,1,31.016,12.144,30.307,11.209
208,2,1,31.023,12.203,30.315,11.268
209,2,1,31.016,12.263,30.307,11.327
210,2,1,31.023,12.307,30.314,11.371
211,2,1,31.030,12.366,30.322,11.430
212,2,1,31.038,12.425,30.329,11.489
213,2,1,31.030,12.432,30.284,11.696
214,2,1,31.008,12.521,30.299,11.593
215,2,1,31.015,12.573,30.306,11.645
216,2,1,31.022,12.625,30.314,11.696
217,2,1,31.030,12.691,30.321,11.763
218,2,1,31.052,12.743,30.343,11.814
219,2,1,31.059,12.809,30.350,11.881
220,2,1,31.111,12.935,30.416,12.050
221,2,1,31.111,12.846,30.380,11.955
222,2,1,31.096,12.861,30.394,11.947
223,2,1,31.111,12.912,30.409,11.999
224,2,1,31.140,12.979,30.439,12.065
225,2,1,31.155,13.030,30.453,12.117
226,2,1,31.140,13.112,30.438,12.198
227,2,1,31.228,13.429,30.511,12.545
229,2,1,31.213,13.429,30.511,12.523
230,2,1,31.213,13.489,30.511,12.582
231,2,1,31.213,13.548,30.511,12.641
232,2,1,31.213,13.622,30.511,12.715
233,2,1,31.213,13.681,30.511,12.774
234,2,1,31.212,13.755,30.511,12.848
235,2,1,31.212,13.814,30.511,12.907
236,2,1,31.212,13.873,30.510,12.967
237,2,1,31.242,13.925,30.459,12.738
238,2,1,31.249,13.858,30.473,12.930
239,2,1,31.205,13.955,30.503,13.011
240,2,1,31.204,14.021,30.436,13.233
241,2,1,31.167,14.021,30.443,13.307
242,2,1,31.152,14.103,30.450,13.211
243,2,1,31.152,14.147,30.450,13.255
244,2,1,31.152,14.177,30.450,13.285
245,2,1,31.152,14.221,30.450,13.329
246,2,1,31.211,14.450,30.487,13.484
247,2,1,31.188,14.532,30.539,13.506
248,2,1,31.181,14.628,30.561,13.521
249,2,1,31.218,14.717,30.546,13.447
250,2,1,31.181,14.650,30.568,13.528
251,2,1,31.196,14.695,30.575,13.595
252,2,1,31.210,14.732,30.598,13.661
253,2,1,31.254,14.954,30.626,14.090
254,2,1,31.240,14.746,30.612,13.846
255,2,1,31.247,14.746,30.605,13.854
256,2,1,31.247,14.791,30.604,13.898
257,2,1,31.262,14.865,30.619,13.972
258,2,1,31.291,15.027,30.574,14.246
259,2,1,31.358,15.101,30.589,14.291
260,2,1,31.335,15.161,30.566,14.283
261,2,1,31.335,15.212,30.544,14.328
262,2,1,31.313,15.390,30.574,14.342
263,2,1,31.335,15.420,30.574,14.342
264,2,1,31.335,15.486,30.544,14.291
265,2,1,31.290,15.576,30.566,14.305
266,2,1,31.297,15.635,30.551,14.335
267,2,1,31.297,15.635,30.544,14.365
268,2,1,31.275,15.650,30.514,14.439
269,2,1,31.216,15.606,30.551,14.602
270,2,1,31.245,15.643,30.513,14.720
271,2,1,31.290,15.665,30.595,14.757
272,2,1,31.319,15.790,30.587,14.846
273,2,1,31.304,15.909,30.572,14.972
274,2,1,31.304,15.953,30.594,15.068
275,2,1,31.319,15.961,30.564,15.172
276,2,1,31.319,15.998,30.564,15.216
277,2,1,31.318,16.131,30.579,15.216
278,2,1,31.326,16.124,30.579,15.231
279,2,1,31.303,16.243,30.608,15.253
280,2,1,31.355,16.346,30.542,15.217
281,2,1,31.377,16.420,30.527,15.194
282,2,1,31.377,16.494,30.534,15.209
283,2,1,31.362,16.472,30.564,15.239
284,2,1,31.347,16.487,30.579,15.246
285,2,1,31.332,16.502,30.579,15.290
286,2,1,31.229,16.169,30.586,15.305
287,2,1,31.229,16.228,30.586,15.365
288,2,1,31.287,16.747,30.622,15.861
289,2,1,31.384,16.635,30.622,15.698
290,2,1,31.391,16.694,30.607,15.750
291,2,1,31.376,16.776,30.607,15.898
292,2,1,31.310,16.762,30.666,15.898
293,2,1,31.310,16.806,30.666,15.942
294,2,1,31.398,16.865,30.569,16.084
295,2,1,31.391,16.954,30.614,16.106
296,2,1,31.398,17.065,30.606,16.121
297,2,1,31.390,17.162,30.591,16.165
298,2,1,31.412,17.273,30.584,16.128
299,2,1,31.420,17.303,30.577,16.136
300,2,1,31.412,17.325,30.547,16.136
301,2,1,31.287,17.059,30.643,16.209
302,2,1,31.420,17.436,30.569,16.195
303,2,1,31.382,17.451,30.547,16.247
304,2,1,31.286,17.519,30.620,16.543
305,2,1,31.285,17.667,30.634,16.825
306,2,1,31.285,17.704,30.605,16.825
307,2,1,31.338,17.563,30.583,16.581
308,2,1,31.300,17.645,30.583,16.662
309,2,1,31.263,17.571,30.620,16.721
310,2,1,31.263,17.801,30.545,16.863
311,2,1,31.226,17.742,30.582,16.892
312,2,1,31.211,17.787,30.567,16.937
313,2,1,31.300,17.920,30.537,16.989
314,2,1,31.300,17.949,30.522,17.004
315,2,1,31.233,17.898,30.589,17.048
316,2,1,31.233,17.942,30.589,17.093
317,2,1,31.233,17.965,30.589,17.115
34,3,1,31.672,17.464,31.228,16.896
35,3,1,31.716,17.575,31.139,16.577
36,3,1,31.768,17.449,31.043,16.622
37,3,1,31.753,17.397,31.036,16.608
38,3,1,31.783,17.315,31.028,16.585
39,3,1,31.806,17.263,31.036,16.563
40,3,1,31.783,17.226,31.088,16.466
41,3,1,31.806,17.159,31.088,16.318
42,3,1,31.806,17.137,31.103,16.214
43,3,1,31.784,17.070,31.133,16.051
44,3,1,31.762,17.026,31.141,15.977
45,3,1,31.843,17.048,31.089,15.851
46,3,1,31.791,16.996,31.037,15.836
47,3,1,31.754,16.915,31.111,15.888
48,3,1,31.769,16.900,31.119,15.888
49,3,1,31.769,16.877,31.111,15.866
50,3,1,31.784,16.803,31.111,15.851
51,3,1,31.777,16.751,31.104,15.836
52,3,1,31.777,16.722,31.089,15.814
53,3,1,31.807,16.506,31.060,15.792
54,3,1,31.800,16.455,31.089,15.799
55,3,1,31.800,16.418,31.082,15.799
56,3,1,31.822,16.373,31.060,15.673
57,3,1,31.822,16.314,31.083,15.480
58,3,1,31.815,16.269,31.083,15.362
59,3,1,31.785,16.240,31.061,15.258
60,3,1,31.778,16.180,31.091,15.228
61,3,1,31.756,16.158,31.105,15.177
62,3,1,31.771,16.143,31.106,15.110
63,3,1,31.771,16.121,31.113,15.080
64,3,1,31.697,16.062,31.106,15.036
65,3,1,31.704,15.988,31.054,15.014
66,3,1,31.697,15.929,31.054,15.088
67,3,1,31.704,15.899,31.084,14.954
68,3,1,31.712,15.847,31.076,15.006
69,3,1,31.705,15.810,31.069,14.969
70,3,1,31.697,15.759,31.062,14.918
71,3,1,31.705,15.721,31.069,14.880
72,3,1,31.705,15.603,31.040,14.792
73,3,1,31.720,15.566,31.062,14.644
74,3,1,31.727,15.499,31.070,14.503
75,3,1,31.713,15.433,31.077,14.599
76,3,1,31.705,15.381,31.070,14.547
77,3,1,31.698,15.336,31.063,14.503
78,3,1,31.691,15.396,31.070,14.288
79,3,1,31.676,15.344,31.063,14.251
80,3,1,31.691,15.270,31.048,14.251
81,3,1,31.669,15.225,31.048,14.244
82,3,1,31.632,15.122,31.056,14.214
83,3,1,31.617,15.092,31.041,14.222
84,3,1,31.640,14.981,31.004,14.200
85,3,1,31.625,15.003,31.019,14.177
86,3,1,31.617,14.967,31.011,14.140
87,3,1,31.610,14.907,31.004,14.081
88,3,1,31.603,14.878,30.997,14.052
89,3,1,31.595,14.841,30.990,14.015
90,3,1,31.588,14.833,30.982,14.007
91,3,1,31.566,14.752,30.960,13.926
92,3,1,31.573,14.715,30.968,13.889
93,3,1,31.551,14.671,30.945,13.845
94,3,1,31.544,14.626,30.938,13.800
95,3,1,31.537,14.604,30.931,13.778
96,3,1,31.529,14.552,30.924,13.727
97,3,1,31.522,14.515,30.916,13.690
98,3,1,31.529,14.478,30.924,13.653
99,3,1,31.522,14.456,30.916,13.630
100,3,1,31.515,14.419,30.909,13.593
101,3,1,31.507,14.397,30.902,13.571
102,3,1,31.500,14.375,30.894,13.549
103,3,1,31.493,14.353,30.887,13.527
104,3,1,31.500,14.331,30.894,13.505
105,3,1,31.493,14.308,30.887,13.483
106,3,1,31.485,14.271,30.880,13.446
107,3,1,31.478,14.264,30.872,13.438
108,3,1,31.485,14.227,30.880,13.401
109,3,1,31.478,14.205,30.872,13.379
110,3,1,31.471,14.183,30.865,13.357
111,3,1,31.463,14.161,30.858,13.335
112,3,1,31.471,14.124,30.865,13.298
113,3,1,31.478,14.101,30.873,13.276
114,3,1,31.486,14.079,30.880,13.253
115,3,1,31.478,14.057,30.873,13.231
116,3,1,31.486,14.020,30.880,13.194
117,3,1,31.479,14.013,30.873,13.187
118,3,1,31.486,13.990,30.880,13.165
119,3,1,31.479,13.968,30.873,13.143
120,3,1,31.486,13.946,30.880,13.120
121,3,1,31.479,13.939,30.873,13.113
122,3,1,31.486,13.916,30.881,13.091
123,3,1,31.479,13.894,30.873,13.069
124,3,1,31.486,13.872,30.881,13.046
125,3,1,31.479,13.865,30.873,13.039
126,3,1,31.486,13.842,30.881,13.017
127,3,1,31.479,13.820,30.873,12.995
128,3,1,31.486,13.798,30.881,12.972
129,3,1,31.479,13.791,30.873,12.965
130,3,1,31.486,13.768,30.881,12.943
131,3,1,31.479,13.746,30.874,12.921
132,3,1,31.472,13.724,30.866,12.899
133,3,1,31.464,13.702,30.859,12.876
134,3,1,31.472,13.665,30.866,12.839
135,3,1,31.450,13.643,30.844,12.817
136,3,1,31.457,13.621,30.852,12.795
137,3,1,31.435,13.599,30.829,12.773
138,3,1,31.428,13.547,30.822,12.721
139,3,1,31.420,13.510,30.815,12.684
140,3,1,31.413,13.458,30.808,12.633
141,3,1,31.391,13.421,30.785,12.596
142,3,1,31.384,13.384,30.778,12.559
143,3,1,31.376,13.362,30.771,12.537
144,3,1,31.369,13.325,30.763,12.500
145,3,1,31.361,13.303,30.756,12.478
146,3,1,31.354,13.266,30.749,12.441
147,3,1,31.347,13.229,30.741,12.404
148,3,1,31.354,13.207,30.749,12.382
149,3,1,31.347,13.185,30.742,12.360
150,3,1,31.376,13.296,30.719,12.441
151,3,1,31.302,13.237,30.697,12.367
152,3,1,31.302,13.215,30.697,12.389
153,3,1,31.310,13.178,30.705,12.352
154,3,1,31.303,13.156,30.697,12.330
155,3,1,31.310,13.119,30.705,12.293
156,3,1,31.317,13.111,30.712,12.286
157,3,1,31.325,13.074,30.720,12.249
158,3,1,31.332,13.052,30.727,12.227
159,3,1,31.340,13.015,30.735,12.190
160,3,1,31.347,12.993,30.742,12.167
161,3,1,31.370,12.956,30.764,12.130
162,3,1,31.377,12.933,30.772,12.108
163,3,1,31.385,12.882,30.779,12.057
164,3,1,31.437,12.682,30.727,12.145
165,3,1,31.466,12.667,30.764,12.101
166,3,1,31.504,12.637,30.802,12.056
167,3,1,31.481,12.578,30.802,11.916
168,3,1,31.467,12.638,30.795,11.798
169,3,1,31.511,12.571,30.817,11.724
170,3,1,31.459,12.549,30.854,11.754
171,3,1,31.467,12.527,30.862,11.731
172,3,1,31.474,12.505,30.869,11.709
173,3,1,31.482,12.468,30.876,11.672
174,3,1,31.489,12.445,30.884,11.650
175,3,1,31.534,12.408,30.817,11.717
176,3,1,31.534,12.394,30.847,11.702
177,3,1,31.556,12.349,30.891,11.709
178,3,1,31.556,12.297,30.876,11.709
179,3,1,31.608,12.275,30.891,11.694
180,3,1,31.586,12.260,30.876,11.680
181,3,1,31.600,12.268,30.869,11.650
182,3,1,31.623,12.231,30.877,11.532
183,3,1,31.630,12.164,30.862,11.502
184,3,1,31.638,12.186,30.907,11.443
185,3,1,31.608,12.157,30.951,11.384
186,3,1,31.608,12.150,30.988,11.288
187,3,1,31.608,12.135,30.996,11.207
188,3,1,31.601,12.113,31.018,11.192
189,3,1,31.593,12.098,30.989,11.148
190,3,1,31.601,12.054,31.004,11.140
191,3,1,31.601,12.046,31.011,11.126
192,3,1,31.616,12.031,31.026,11.096
193,3,1,31.609,11.928,31.018,11.199
194,3,1,31.616,11.899,31.026,11.170
195,3,1,31.624,11.854,31.033,11.126
196,3,1,31.631,11.943,31.078,10.948
197,3,1,31.623,11.891,31.085,10.948
198,3,1,31.638,11.869,31.063,10.956
199,3,1,31.668,11.839,31.078,10.934
200,3,1,31.683,11.802,31.122,10.904
201,3,1,31.698,11.714,31.123,10.874
202,3,1,31.720,11.625,31.115,10.845
203,3,1,31.705,11.566,31.130,10.874
204,3,1,31.698,11.581,31.130,10.860
205,3,1,31.698,11.559,31.130,10.838
206,3,1,31.698,11.537,31.130,10.815
207,3,1,31.683,11.515,31.115,10.793
208,3,1,31.683,11.492,31.115,10.771
209,3,1,31.683,11.456,31.115,10.734
210,3,1,31.669,11.434,31.101,10.712
211,3,1,31.639,11.397,31.071,10.675
212,3,1,31.624,11.375,31.056,10.653
213,3,1,31.625,11.352,31.056,10.631
214,3,1,31.610,11.330,31.042,10.609
215,3,1,31.595,11.294,31.027,10.572
216,3,1,31.580,11.257,31.012,10.536
217,3,1,31.536,11.220,30.968,10.499
218,3,1,31.492,11.183,30.924,10.462
219,3,1,31.447,11.132,30.879,10.411
220,3,1,31.418,11.095,30.850,10.374
221,3,1,31.374,11.043,30.806,10.322
222,3,1,31.329,11.007,30.761,10.285
223,3,1,31.315,10.970,30.747,10.249
224,3,1,31.285,10.933,30.717,10.212
225,3,1,31.256,10.911,30.688,10.190
226,3,1,31.226,10.889,30.658,10.168
227,3,1,31.211,10.852,30.643,10.131
228,3,1,31.197,10.845,30.629,10.124
229,3,1,31.167,10.793,30.599,10.072
230,3,1,31.138,10.771,30.570,10.050
231,3,1,31.123,10.734,30.555,10.013
232,3,1,31.123,10.712,30.555,9.991
233,3,1,31.108,10.661,30.540,9.939
234,3,1,31.079,10.639,30.511,9.917
235,3,1,31.064,10.587,30.496,9.866
236,3,1,31.064,10.550,30.496,9.829
237,3,1,31.064,10.499,30.496,9.777
238,3,1,31.049,10.462,30.482,9.741
239,3,1,31.012,10.602,30.253,9.358
240,3,1,30.997,10.587,30.231,9.358
241,3,1,30.990,10.572,30.216,9.343
242,3,1,30.983,10.558,30.253,9.328
243,3,1,30.953,10.469,30.312,9.402
244,3,1,30.946,10.432,30.290,9.387
245,3,1,30.961,10.373,30.290,9.387
246,3,1,30.946,10.337,30.283,9.365
247,3,1,30.895,10.211,30.327,9.490
248,3,1,30.895,10.160,30.327,9.439
249,3,1,30.895,10.123,30.327,9.402
250,3,1,30.895,10.071,30.327,9.350
251,3,1,30.910,10.034,30.342,9.313
252,3,1,30.910,9.983,30.342,9.262
253,3,1,30.925,9.931,30.357,9.210
254,3,1,30.933,9.629,30.373,8.842
255,3,1,30.933,9.600,30.373,8.879
256,3,1,30.941,9.548,30.380,8.827
257,3,1,31.021,9.865,30.344,8.489
258,3,1,30.926,9.489,30.366,8.768
259,3,1,30.934,9.438,30.373,8.717
260,3,1,30.941,9.386,30.381,8.665
261,3,1,30.949,9.320,30.388,8.599
262,3,1,30.956,9.268,30.396,8.547
263,3,1,31.059,9.386,30.411,8.378
264,3,1,31.045,9.283,30.433,8.349
265,3,1,31.015,9.180,30.455,8.459
266,3,1,31.023,9.143,30.463,8.422
267,3,1,31.030,9.091,30.470,8.371
268,3,1,31.023,8.892,30.464,8.054
269,3,1,31.024,8.834,30.464,8.113
270,3,1,31.031,8.782,30.471,8.061
271,3,1,31.039,8.730,30.479,8.010
272,3,1,31.046,8.679,30.486,7.958
273,3,1,31.054,8.613,30.494,7.892
274,3,1,31.076,8.561,30.516,7.841
275,3,1,31.084,8.495,30.524,7.774
276,3,1,31.106,8.443,30.546,7.723
277,3,1,31.113,8.377,30.553,7.657
278,3,1,31.121,8.340,30.561,7.620
279,3,1,31.128,8.289,30.568,7.568
280,3,1,31.151,8.237,30.591,7.517
281,3,1,31.158,8.186,30.598,7.465
282,3,1,31.180,8.134,30.621,7.414
283,3,1,31.188,8.068,30.628,7.348
284,3,1,31.195,8.016,30.636,7.296
285,3,1,31.203,7.965,30.643,7.245
286,3,1,31.210,7.913,30.651,7.193
287,3,1,31.203,7.862,30.643,7.142
288,3,1,31.211,7.811,30.651,7.090
289,3,1,31.203,7.744,30.644,7.024
290,3,1,31.211,7.693,30.651,6.973
291,3,1,31.218,7.627,30.659,6.907
292,3,1,31.226,7.575,30.666,6.855
293,3,1,31.219,7.509,30.659,6.789
294,3,1,31.226,7.443,30.667,6.723
295,3,1,31.234,7.391,30.674,6.672
296,3,1,31.241,7.340,30.682,6.620
297,3,1,31.249,7.274,30.689,6.554
298,3,1,31.256,7.237,30.697,6.517
299,3,1,31.249,7.186,30.689,6.466
300,3,1,31.271,7.134,30.712,6.414
301,3,1,31.264,7.083,30.704,6.363
302,3,1,31.271,7.031,30.712,6.312
303,3,1,31.279,6.980,30.719,6.260
304,3,1,31.286,6.943,30.727,6.223
305,3,1,31.294,6.877,30.734,6.157
306,3,1,31.301,6.826,30.742,6.106
307,3,1,31.309,6.774,30.749,6.055
308,3,1,31.389,7.046,30.713,6.011
309,3,1,31.412,6.980,30.690,6.003
310,3,1,31.331,6.848,30.771,6.128
311,3,1,31.338,6.796,30.779,6.077
312,3,1,31.361,6.745,30.801,6.025
313,3,1,31.368,6.693,30.809,5.974
314,3,1,31.376,6.642,30.816,5.922
315,3,1,31.383,6.605,30.824,5.886
316,3,1,31.405,6.554,30.846,5.834
317,3,1,31.413,6.517,30.853,5.798
318,3,1,31.435,6.466,30.876,5.746
319,3,1,31.428,6.429,30.868,5.710
320,3,1,31.450,6.378,30.891,5.658
321,3,1,31.443,6.326,30.883,5.607
322,3,1,31.450,6.275,30.891,5.555
323,3,1,31.458,6.223,30.898,5.504
324,3,1,31.465,6.172,30.906,5.453
325,3,1,31.458,6.106,30.899,5.387
326,3,1,31.465,6.040,30.906,5.321
327,3,1,31.458,5.988,30.899,5.269
328,3,1,31.466,5.937,30.906,5.218
329,3,1,31.473,5.900,30.914,5.181
330,3,1,31.481,5.834,30.921,5.115
331,3,1,31.473,5.798,30.914,5.079
332,3,1,31.466,5.746,30.907,5.027
333,3,1,31.459,5.695,30.900,4.976
334,3,1,31.466,5.644,30.907,4.924
335,3,1,31.459,5.607,30.900,4.888
336,3,1,31.466,5.556,30.907,4.836
337,3,1,31.474,5.519,30.915,4.800
338,3,1,31.481,5.468,30.922,4.748
339,3,1,31.474,5.416,30.915,4.697
340,3,1,31.482,5.365,30.923,4.646
341,3,1,31.489,5.313,30.930,4.595
342,3,1,31.511,5.247,30.952,4.529
343,3,1,31.519,5.196,30.960,4.477
344,3,1,31.526,5.145,30.967,4.426
345,3,1,31.534,5.093,30.975,4.375
346,3,1,31.556,5.042,30.997,4.323
347,3,1,31.563,4.991,31.005,4.272
348,3,1,31.586,4.940,31.027,4.221
349,3,1,31.608,4.888,31.049,4.169
350,3,1,31.630,4.852,31.071,4.133
351,3,1,31.623,4.815,31.064,4.096
352,3,1,31.645,4.764,31.086,4.045
353,3,1,31.638,4.727,31.079,4.008
354,3,1,31.660,4.676,31.101,3.957
355,3,1,31.653,4.624,31.094,3.906
356,3,1,31.660,4.573,31.101,3.854
357,3,1,31.668,4.522,31.109,3.803
358,3,1,31.675,4.456,31.116,3.737
359,3,1,31.683,4.405,31.124,3.686
360,3,1,31.690,4.353,31.131,3.635
361,3,1,31.697,4.317,31.139,3.598
362,3,1,31.691,4.031,31.169,3.232
363,3,1,31.705,3.994,31.154,3.276
364,3,1,31.706,3.958,31.154,3.239
365,3,1,31.720,3.921,31.169,3.203
366,3,1,31.706,3.870,31.155,3.152
367,3,1,31.721,3.833,31.169,3.115
368,3,1,31.721,3.782,31.169,3.064
369,3,1,31.735,3.745,31.184,3.027
370,3,1,31.750,3.709,31.199,2.991
371,3,1,31.765,3.672,31.214,2.954
372,3,1,31.780,3.621,31.229,2.903
373,3,1,31.795,3.584,31.244,2.866
374,3,1,31.824,3.533,31.273,2.815
375,3,1,31.839,3.497,31.288,2.779
376,3,1,31.854,3.445,31.303,2.727
377,3,1,31.883,3.409,31.332,2.691
378,3,1,31.898,3.358,31.347,2.640
379,3,1,31.913,3.321,31.362,2.603
380,3,1,31.928,3.285,31.377,2.567
381,3,1,31.928,3.248,31.377,2.530
382,3,1,31.943,3.211,31.392,2.493
383,3,1,31.972,3.175,31.421,2.457
384,3,1,31.987,3.124,31.436,2.406
385,3,1,31.987,3.087,31.436,2.369
386,3,1,31.987,3.050,31.436,2.333
387,3,1,32.002,3.014,31.451,2.296
388,3,1,32.017,2.963,31.466,2.245
389,3,1,32.017,2.926,31.466,2.208
390,3,1,32.032,2.875,31.481,2.157
391,3,1,32.061,2.824,31.510,2.106
392,3,1,32.076,2.773,31.525,2.055
31,4,1,34.634,2.617,34.260,2.054
32,4,1,34.648,2.631,34.260,2.046
33,4,1,34.634,2.675,34.245,2.090
34,4,1,34.626,2.719,34.238,2.134
35,4,1,34.619,2.763,34.230,2.178
36,4,1,34.626,2.807,34.238,2.222
37,4,1,34.619,2.865,34.230,2.280
38,4,1,34.619,2.916,34.230,2.331
39,4,1,34.612,2.975,34.223,2.390
40,4,1,34.604,3.026,34.216,2.441
41,4,1,34.604,3.069,34.215,2.484
42,4,1,34.634,3.121,34.245,2.536
44,4,1,34.626,3.113,34.237,2.528
45,4,1,34.626,3.135,34.237,2.550
47,4,1,34.619,3.128,34.230,2.543
48,4,1,34.876,3.435,34.135,2.324
49,4,1,34.824,3.362,34.194,2.411
50,4,1,34.832,3.399,34.201,2.448
51,4,1,34.824,3.442,34.193,2.492
52,4,1,34.817,3.501,34.186,2.550
53,4,1,34.810,3.552,34.179,2.601
54,4,1,34.817,3.618,34.186,2.667
55,4,1,34.809,3.669,34.179,2.718
56,4,1,34.817,3.735,34.186,2.784
57,4,1,34.809,3.786,34.179,2.835
58,4,1,34.817,3.852,34.186,2.901
59,4,1,34.809,3.903,34.178,2.952
60,4,1,34.817,3.969,34.186,3.018
61,4,1,34.809,4.005,34.178,3.054
62,4,1,34.817,4.056,34.186,3.105
63,4,1,34.809,4.093,34.178,3.142
64,4,1,34.817,4.144,34.186,3.193
65,4,1,34.824,4.166,34.193,3.215
66,4,1,34.846,4.217,34.215,3.266
67,4,1,34.839,4.268,34.208,3.317
68,4,1,34.846,4.320,34.215,3.368
69,4,1,34.839,4.371,34.207,3.420
70,4,1,34.846,4.437,34.215,3.485
71,4,1,34.838,4.502,34.207,3.551
72,4,1,34.831,4.568,34.200,3.617
73,4,1,34.824,4.634,34.193,3.683
74,4,1,34.831,4.700,34.200,3.749
75,4,1,34.824,4.766,34.193,3.814
76,4,1,34.831,4.832,34.200,3.880
77,4,1,34.824,4.883,34.192,3.931
78,4,1,34.816,4.949,34.185,3.997
79,4,1,34.794,5.000,34.163,4.048
80,4,1,34.721,4.876,33.986,4.158
81,4,1,34.684,4.978,34.038,4.063
82,4,1,34.677,5.022,34.031,4.107
83,4,1,34.655,5.095,34.009,4.180
84,4,1,34.647,5.124,34.001,4.209
85,4,1,34.640,5.168,33.994,4.253
86,4,1,34.632,5.241,33.986,4.326
87,4,1,34.610,5.285,33.964,4.370
88,4,1,34.603,5.359,33.957,4.443
89,4,1,34.581,5.417,33.935,4.502
90,4,1,34.574,5.476,33.927,4.560
91,4,1,34.566,5.534,33.920,4.619
92,4,1,34.559,5.593,33.913,4.677
93,4,1,34.537,5.651,33.890,4.736
94,4,1,34.529,5.710,33.883,4.794
95,4,1,34.522,5.769,33.876,4.853
96,4,1,34.515,5.827,33.868,4.912
97,4,1,34.507,5.871,33.861,4.956
98,4,1,34.514,5.915,33.868,4.999
99,4,1,34.522,5.930,33.875,5.014
100,4,1,34.529,5.988,33.883,5.073
101,4,1,34.522,6.032,33.875,5.117
102,4,1,34.529,6.076,33.883,5.161
103,4,1,34.522,6.135,33.875,5.219
104,4,1,34.529,6.194,33.883,5.278
105,4,1,34.522,6.252,33.875,5.336
106,4,1,34.529,6.311,33.882,5.395
107,4,1,34.522,6.369,33.875,5.454
108,4,1,34.529,6.443,33.882,5.527
109,4,1,34.522,6.501,33.875,5.585
110,4,1,34.507,6.802,33.890,5.710
111,4,1,34.543,6.824,33.860,5.717
112,4,1,34.521,6.743,33.882,5.798
113,4,1,34.536,6.751,33.845,5.900
114,4,1,34.551,6.765,33.823,5.981
115,4,1,34.507,6.824,33.867,5.908
116,4,1,34.507,6.883,33.867,5.966
117,4,1,34.492,6.927,33.853,6.010
118,4,1,34.492,6.985,33.852,6.069
119,4,1,34.492,7.044,33.852,6.128
120,4,1,34.477,7.088,33.838,6.172
121,4,1,34.477,7.117,33.838,6.201
122,4,1,34.477,7.161,33.838,6.245
123,4,1,34.477,7.220,33.838,6.304
124,4,1,34.536,7.440,33.830,6.487
125,4,1,34.499,7.411,33.859,6.494
126,4,1,34.477,7.558,33.845,6.509
127,4,1,34.477,7.492,33.845,6.568
128,4,1,34.484,7.543,33.852,6.619
129,4,1,34.477,7.594,33.845,6.670
130,4,1,34.433,7.712,33.771,6.736
131,4,1,34.396,7.675,33.778,6.802
132,4,1,34.403,7.697,33.778,6.780
133,4,1,34.403,7.756,33.778,6.839
134,4,1,34.403,7.800,33.778,6.883
135,4,1,34.521,7.770,33.704,7.272
136,4,1,34.535,7.866,33.756,7.331
137,4,1,34.476,8.057,33.741,7.389
138,4,1,34.454,8.189,33.741,7.463
139,4,1,34.439,8.365,33.770,7.441
140,4,1,34.425,8.321,33.785,7.477
141,4,1,34.425,8.365,33.785,7.521
142,4,1,34.439,8.424,33.800,7.580
143,4,1,34.425,8.483,33.785,7.639
144,4,1,34.439,8.541,33.799,7.698
145,4,1,34.439,8.600,33.799,7.756
146,4,1,34.439,8.659,33.799,7.815
147,4,1,34.454,8.703,33.814,7.859
148,4,1,34.483,8.747,33.843,7.903
150,4,1,34.476,8.740,33.836,7.896
151,4,1,34.476,8.784,33.836,7.940
152,4,1,34.476,8.857,33.836,8.013
153,4,1,34.476,8.887,33.836,8.043
154,4,1,34.476,8.945,33.836,8.101
155,4,1,34.491,8.989,33.851,8.146
156,4,1,34.491,9.034,33.851,8.190
157,4,1,34.579,9.254,33.843,8.329
158,4,1,34.520,9.350,33.806,8.322
159,4,1,34.483,9.254,33.843,8.410
160,4,1,34.608,9.467,33.814,8.315
161,4,1,34.527,9.313,33.887,8.461
162,4,1,34.623,9.570,33.814,8.366
163,4,1,34.652,9.629,33.828,8.410
164,4,1,34.586,9.695,33.872,8.461
165,4,1,34.549,9.511,33.909,8.638
166,4,1,34.638,9.585,33.916,8.645
167,4,1,34.593,9.548,33.953,8.674
168,4,1,34.593,9.607,33.953,8.733
169,4,1,34.593,9.651,33.953,8.777
170,4,1,34.623,9.695,33.983,8.821
171,4,1,34.638,9.724,33.997,8.851
172,4,1,34.667,9.768,34.027,8.895
173,4,1,34.682,9.842,34.041,8.968
174,4,1,34.682,9.901,34.041,9.027
175,4,1,34.696,9.959,34.056,9.086
176,4,1,34.711,10.004,34.071,9.130
177,4,1,34.726,10.062,34.085,9.189
178,4,1,34.755,10.121,34.115,9.247
179,4,1,34.718,10.393,34.019,9.387
180,4,1,34.770,10.452,34.063,9.387
181,4,1,34.733,10.460,34.019,9.417
182,4,1,34.836,10.445,34.196,9.593
183,4,1,34.829,10.430,34.137,9.600
184,4,1,34.843,10.467,34.070,9.652
185,4,1,34.902,10.518,34.070,9.740
186,4,1,34.932,10.599,34.092,9.931
187,4,1,34.954,10.584,34.136,9.961
188,4,1,34.946,10.643,34.195,10.027
189,4,1,34.946,10.717,34.188,10.181
190,4,1,34.910,10.856,34.173,10.167
191,4,1,34.924,10.945,34.188,10.152
192,4,1,34.939,11.055,34.217,10.115
193,4,1,34.880,11.048,34.262,10.152
194,4,1,34.902,11.092,34.247,10.159
195,4,1,34.917,11.173,34.284,10.188
196,4,1,34.924,11.232,34.262,10.218
197,4,1,34.917,11.298,34.269,10.233
198,4,1,34.924,11.350,34.254,10.277
199,4,1,34.931,11.401,34.269,10.321
200,4,1,34.909,11.409,34.298,10.409
201,4,1,34.902,11.438,34.283,10.498
202,4,1,34.887,11.563,34.217,10.601
203,4,1,34.858,11.475,34.239,10.674
204,4,1,34.865,11.534,34.246,10.733
205,4,1,34.887,11.549,34.269,10.748
206,4,1,34.909,11.578,34.291,10.777
207,4,1,34.917,11.637,34.298,10.836
208,4,1,34.924,11.711,34.305,10.910
209,4,1,35.012,11.902,34.298,11.086
210,4,1,35.079,11.975,34.320,11.057
211,4,1,35.079,12.145,34.357,11.072
212,4,1,35.086,12.307,34.342,11.042
213,4,1,35.115,12.321,34.320,11.072
214,4,1,35.123,12.329,34.305,11.109
215,4,1,35.079,12.307,34.335,11.189
216,4,1,35.012,12.152,34.393,11.344
217,4,1,35.005,12.204,34.386,11.396
218,4,1,35.012,12.255,34.393,11.447
219,4,1,35.020,12.307,34.401,11.499
220,4,1,35.027,12.359,34.408,11.550
221,4,1,35.020,12.410,34.401,11.602
222,4,1,35.101,12.638,34.489,11.874
223,4,1,35.101,12.653,34.489,11.852
224,4,1,35.101,12.697,34.489,11.896
225,4,1,35.100,12.742,34.489,11.940
226,4,1,35.100,12.786,34.489,11.985
227,4,1,35.137,12.904,34.349,11.941
228,4,1,35.145,12.918,34.386,11.933
229,4,1,35.115,13.177,34.356,11.904
230,4,1,35.115,13.206,34.356,11.941
231,4,1,35.049,12.808,34.437,12.007
232,4,1,35.071,13.258,34.364,12.000
233,4,1,35.071,13.265,34.305,12.059
234,4,1,35.115,13.295,34.260,12.133
235,4,1,35.130,13.339,34.275,12.140
236,4,1,35.078,13.339,34.334,12.287
237,4,1,35.086,13.435,34.363,12.442
238,4,1,35.100,13.479,34.348,12.486
239,4,1,35.093,13.450,34.348,12.649
240,4,1,35.093,13.523,34.333,12.833
241,4,1,35.019,13.568,34.407,12.774
242,4,1,35.019,13.605,34.407,12.811
243,4,1,35.019,13.657,34.407,12.862
244,4,1,35.034,13.693,34.422,12.899
245,4,1,35.049,13.745,34.437,12.951
246,4,1,35.049,13.782,34.437,12.988
247,4,1,35.049,13.848,34.437,13.054
248,4,1,35.093,14.055,34.282,12.988
249,4,1,34.997,13.915,34.385,13.121
250,4,1,34.997,13.952,34.385,13.158
251,4,1,34.982,13.989,34.370,13.195
252,4,1,35.071,14.328,34.407,13.526
253,4,1,35.041,14.314,34.429,13.519
254,4,1,35.041,14.350,34.429,13.556
255,4,1,35.041,14.387,34.429,13.593
256,4,1,35.041,14.439,34.429,13.644
257,4,1,35.026,14.491,34.414,13.696
258,4,1,35.122,14.527,34.289,13.748
259,4,1,35.011,14.535,34.399,13.748
260,4,1,35.011,14.580,34.399,13.792
261,4,1,35.011,14.624,34.399,13.837
262,4,1,34.997,14.683,34.384,13.896
263,4,1,35.011,14.727,34.399,13.940
264,4,1,34.982,14.787,34.370,13.999
265,4,1,34.982,14.846,34.370,14.058
266,4,1,34.982,14.890,34.370,14.103
267,4,1,34.982,14.949,34.370,14.162
268,4,1,34.982,15.023,34.369,14.236
269,4,1,34.967,15.082,34.355,14.295
270,4,1,34.967,15.141,34.355,14.354
271,4,1,34.967,15.186,34.355,14.398
272,4,1,34.967,15.245,34.355,14.457
273,4,1,35.107,15.385,34.273,14.325
274,4,1,35.070,15.340,34.332,14.472
275,4,1,35.107,15.421,34.318,14.531
276,4,1,35.011,15.363,34.399,14.575
277,4,1,35.011,15.407,34.399,14.620
278,4,1,35.011,15.452,34.399,14.664
279,4,1,35.011,15.511,34.399,14.723
280,4,1,35.144,15.717,34.170,14.606
281,4,1,35.004,15.548,34.391,14.760
282,4,1,35.004,15.592,34.391,14.804
283,4,1,35.004,15.666,34.391,14.878
284,4,1,35.004,15.710,34.391,14.923
285,4,1,34.989,15.784,34.376,14.997
286,4,1,34.989,15.829,34.376,15.041
287,4,1,34.974,15.903,34.362,15.115
288,4,1,35.018,16.243,34.354,15.381
289,4,1,34.989,16.199,34.376,15.411
290,4,1,34.989,16.243,34.376,15.455
291,4,1,34.974,16.302,34.361,15.514
292,4,1,34.974,16.362,34.361,15.573
293,4,1,34.959,16.406,34.346,15.618
294,4,1,34.959,16.436,34.346,15.647
295,4,1,34.944,16.495,34.332,15.707
296,4,1,34.930,16.554,34.317,15.766
297,4,1,34.915,16.599,34.302,15.810
298,4,1,34.915,16.673,34.302,15.884
299,4,1,34.900,16.702,34.287,15.914
300,4,1,34.885,16.762,34.272,15.973
301,4,1,34.885,16.821,34.272,16.033
302,4,1,34.870,16.880,34.257,16.092
303,4,1,34.856,16.954,34.243,16.166
304,4,1,34.855,17.028,34.243,16.240
305,4,1,34.841,17.088,34.228,16.299
306,4,1,34.826,17.147,34.213,16.359
307,4,1,34.826,17.206,34.213,16.418
308,4,1,34.826,17.251,34.213,16.462
309,4,1,34.826,17.325,34.213,16.536
310,4,1,34.826,17.369,34.213,16.581
311,4,1,34.826,17.429,34.213,16.640
312,4,1,34.826,17.488,34.213,16.699
313,4,1,34.841,17.532,34.227,16.744
314,4,1,34.840,17.577,34.227,16.788
315,4,1,34.840,17.636,34.227,16.847
316,4,1,34.840,17.695,34.227,16.907
317,4,1,34.840,17.740,34.227,16.951
318,4,1,34.840,17.784,34.227,16.995
319,4,1,34.826,17.858,34.212,17.070
320,4,1,34.826,17.903,34.212,17.114
48,5,2,44.184,12.347,42.166,11.481
49,5,2,44.177,12.347,42.166,11.489
50,5,2,44.089,12.340,42.078,11.481
51,5,2,43.987,12.362,41.976,11.504
52,5,2,43.885,12.370,41.874,11.511
53,5,2,43.783,12.378,41.772,11.519
54,5,2,43.666,12.385,41.655,11.527
55,5,2,43.564,12.408,41.552,11.549
56,5,2,43.462,12.416,41.450,11.557
57,5,2,43.345,12.423,41.333,11.565
58,5,2,43.243,12.431,41.231,11.572
59,5,2,42.929,12.403,41.546,11.835
60,5,2,43.053,12.417,41.122,11.844
61,5,2,42.958,12.454,41.026,11.845
62,5,2,42.937,12.506,41.056,11.786
63,5,2,42.834,12.521,40.953,11.801
64,5,2,42.718,12.550,40.836,11.830
65,5,2,42.652,12.565,40.404,11.942
66,5,2,42.499,12.603,40.573,11.897
67,5,2,42.382,12.618,40.456,11.913
68,5,2,42.265,12.648,40.339,11.942
69,5,2,42.163,12.670,39.884,11.981
70,5,2,42.126,12.692,39.840,11.988
71,5,2,41.980,12.685,39.987,11.988
72,5,2,41.731,12.701,39.657,12.026
73,5,2,41.563,12.724,39.569,12.048
74,5,2,41.570,12.724,39.577,12.040
75,5,2,41.300,12.725,39.364,12.034
76,5,2,41.329,12.717,39.342,12.034
77,5,2,40.905,12.800,39.342,12.005
78,5,2,40.773,12.786,39.217,12.012
79,5,2,40.963,12.741,39.034,12.050
80,5,2,40.831,12.741,38.902,12.050
81,5,2,40.714,12.756,38.785,12.065
82,5,2,40.597,12.757,38.667,12.066
83,5,2,40.384,12.787,38.388,12.067
84,5,2,40.355,12.765,38.425,12.074
85,5,2,40.223,12.766,38.293,12.074
86,5,2,40.091,12.766,38.161,12.075
87,5,2,39.871,12.760,37.874,12.098
88,5,2,39.842,12.767,37.911,12.083
89,5,2,39.710,12.760,37.779,12.076
90,5,2,39.578,12.754,37.647,12.069
91,5,2,39.446,12.761,37.514,12.077
92,5,2,39.314,12.755,37.382,12.070
93,5,2,39.182,12.762,37.250,12.078
94,5,2,39.050,12.756,37.117,12.071
95,5,2,38.918,12.749,36.985,12.064
96,5,2,38.426,12.699,37.000,12.108
97,5,2,38.279,12.722,36.809,12.094
98,5,2,38.492,12.743,36.610,12.073
99,5,2,38.352,12.736,36.470,12.066
100,5,2,38.213,12.744,36.330,12.074
101,5,2,38.073,12.723,36.191,12.052
102,5,2,37.934,12.731,36.051,12.060
103,5,2,37.794,12.709,35.911,12.039
104,5,2,37.655,12.702,35.771,12.032
105,5,2,37.515,12.695,35.631,12.025
106,5,2,37.360,12.689,35.476,12.018
107,5,2,37.221,12.667,35.336,11.996
108,5,2,37.081,12.660,35.196,11.990
109,5,2,36.956,12.624,35.071,11.953
110,5,2,36.801,12.602,34.916,11.932
111,5,2,36.662,12.581,34.776,11.910
112,5,2,36.507,12.559,34.622,11.888
113,5,2,36.382,12.523,34.496,11.852
114,5,2,36.242,12.501,34.356,11.830
115,5,2,36.117,12.480,34.231,11.809
116,5,2,35.962,12.458,34.076,11.787
117,5,2,35.837,12.422,33.951,11.751
118,5,2,35.683,12.400,33.796,11.729
119,5,2,35.557,12.364,33.670,11.693
120,5,2,35.417,12.342,33.530,11.671
121,5,2,35.277,12.321,33.390,11.649
122,5,2,35.137,12.299,33.250,11.628
123,5,2,34.997,12.263,33.109,11.591
124,5,2,34.857,12.256,32.969,11.584
125,5,2,34.732,12.234,32.844,11.563
126,5,2,34.577,12.228,32.689,11.556
127,5,2,34.452,12.206,32.563,11.534
128,5,2,34.312,12.199,32.423,11.527
129,5,2,34.186,12.177,32.297,11.505
130,5,2,34.046,12.185,32.157,11.513
131,5,2,33.921,12.164,32.031,11.491
132,5,2,33.766,12.157,31.876,11.485
133,5,2,33.640,12.150,31.750,11.478
134,5,2,33.500,12.158,31.609,11.485
135,5,2,33.375,12.151,31.484,11.478
136,5,2,33.220,12.144,31.328,11.471
137,5,2,33.094,12.152,31.203,11.479
138,5,2,32.954,12.160,31.062,11.487
139,5,2,32.813,12.153,30.921,11.480
140,5,2,32.673,12.146,30.781,11.473
141,5,2,32.532,12.139,30.640,11.466
142,5,2,32.392,12.147,30.499,11.474
143,5,2,32.252,12.140,30.359,11.467
144,5,2,32.111,12.163,30.218,11.490
145,5,2,31.971,12.170,30.077,11.498
146,5,2,31.830,12.178,29.936,11.505
147,5,2,31.689,12.186,29.795,11.513
148,5,2,31.549,12.179,29.655,11.506
149,5,2,31.408,12.172,29.514,11.499
150,5,2,31.253,12.180,29.358,11.507
151,5,2,31.112,12.174,29.217,11.500
152,5,2,30.957,12.167,29.061,11.493
153,5,2,30.816,12.160,28.920,11.486
154,5,2,30.675,12.153,28.780,11.480
155,5,2,30.520,12.131,28.624,11.458
156,5,2,30.364,12.124,28.468,11.451
157,5,2,30.224,12.118,28.327,11.444
158,5,2,30.068,12.111,28.171,11.437
159,5,2,29.927,12.104,28.030,11.430
160,5,2,29.757,12.097,27.859,11.423
161,5,2,29.616,12.075,27.718,11.402
162,5,2,29.445,12.069,27.547,11.395
163,5,2,29.304,12.047,27.406,11.373
164,5,2,29.134,12.025,27.235,11.351
165,5,2,28.993,12.004,27.094,11.330
166,5,2,28.837,11.982,26.938,11.308
167,5,2,28.681,11.960,26.782,11.286
168,5,2,28.526,11.939,26.626,11.264
169,5,2,28.385,11.917,26.485,11.243
170,5,2,28.229,11.895,26.329,11.221
171,5,2,28.088,11.874,26.187,11.199
172,5,2,27.932,11.852,26.031,11.177
173,5,2,27.791,11.830,25.890,11.156
174,5,2,27.635,11.809,25.734,11.134
175,5,2,27.479,11.772,25.578,11.097
176,5,2,27.323,11.750,25.421,11.076
177,5,2,27.182,11.714,25.280,11.039
178,5,2,27.026,11.692,25.124,11.017
179,5,2,26.885,11.656,24.982,10.981
180,5,2,26.729,11.619,24.826,10.944
181,5,2,26.587,11.583,24.685,10.907
182,5,2,26.446,11.546,24.543,10.871
183,5,2,26.305,11.495,24.402,10.819
184,5,2,26.149,11.458,24.245,10.783
185,5,2,26.008,11.407,24.104,10.731
186,5,2,25.852,11.370,23.948,10.695
187,5,2,25.725,11.304,23.821,10.628
188,5,2,25.584,11.253,23.680,10.577
189,5,2,25.443,11.201,23.538,10.526
190,5,2,25.302,11.150,23.397,10.474
191,5,2,25.160,11.099,23.255,10.423
192,5,2,25.019,11.047,23.114,10.371
193,5,2,24.893,10.981,22.987,10.305
194,5,2,24.752,10.929,22.846,10.253
195,5,2,24.610,10.863,22.704,10.187
196,5,2,24.469,10.812,22.563,10.135
197,5,2,24.267,10.872,22.863,9.942
198,5,2,24.133,10.835,22.744,9.817
199,5,2,23.992,10.798,22.692,9.787
200,5,2,24.269,10.642,22.430,9.943
201,5,2,23.933,10.732,22.334,9.684
202,5,2,23.784,10.629,22.201,9.551
203,5,2,23.912,10.451,22.087,9.737
204,5,2,23.793,10.406,21.968,9.692
205,5,2,23.659,10.348,21.834,9.633
206,5,2,23.540,10.289,21.715,9.574
207,5,2,23.406,10.230,21.581,9.515
208,5,2,23.272,10.171,21.447,9.456
209,5,2,23.153,10.097,21.328,9.383
210,5,2,22.652,10.143,21.255,9.027
211,5,2,22.534,10.032,21.061,8.976
212,5,2,22.706,9.868,20.911,9.139
213,5,2,22.587,9.810,20.791,9.080
214,5,2,22.468,9.751,20.672,9.021
215,5,2,21.983,9.715,20.645,8.703
216,5,2,22.208,9.581,20.427,8.844
217,5,2,21.738,9.560,20.369,8.562
218,5,2,21.940,9.433,20.173,8.696
219,5,2,21.821,9.382,20.054,8.644
220,5,2,21.702,9.300,19.935,8.563
221,5,2,21.239,9.294,19.802,8.311
222,5,2,21.119,9.257,19.630,8.245
223,5,2,21.255,9.124,19.510,8.386
224,5,2,21.143,9.072,19.398,8.334
225,5,2,21.031,8.991,19.286,8.253
226,5,2,20.890,8.924,19.144,8.186
227,5,2,20.778,8.843,19.032,8.105
228,5,2,20.666,8.791,18.921,8.053
229,5,2,20.540,8.725,18.794,7.987
230,5,2,20.398,8.658,18.652,7.920
231,5,2,20.286,8.592,18.540,7.854
232,5,2,20.160,8.526,18.413,7.787
233,5,2,20.063,8.459,18.316,7.721
234,5,2,19.936,8.393,18.190,7.654
235,5,2,19.824,8.326,18.078,7.587
236,5,2,19.698,8.260,17.951,7.521
237,5,2,19.586,8.178,17.839,7.439
238,5,2,19.459,8.112,17.712,7.373
239,5,2,19.348,8.030,17.600,7.292
240,5,2,19.221,7.964,17.473,7.225
241,5,2,19.109,7.897,17.361,7.158
242,5,2,18.997,7.831,17.250,7.092
243,5,2,18.886,7.750,17.138,7.010
46,6,1,33.738,2.330,33.254,2.052
47,6,1,33.753,2.337,33.246,2.052
48,6,1,33.746,2.403,33.239,2.117
49,6,1,33.738,2.454,33.232,2.168
50,6,1,33.731,2.513,33.224,2.227
51,6,1,33.731,2.586,33.224,2.300
52,6,1,33.731,2.637,33.224,2.351
53,6,1,33.731,2.710,33.224,2.424
54,6,1,33.738,2.783,33.231,2.497
55,6,1,33.738,2.841,33.231,2.556
56,6,1,33.738,2.900,33.231,2.614
57,6,1,33.782,2.878,33.275,2.585
59,6,1,33.775,2.871,33.268,2.578
60,6,1,33.767,2.907,33.260,2.614
61,6,1,33.760,2.966,33.253,2.673
62,6,1,33.752,3.024,33.246,2.731
63,6,1,33.745,3.083,33.238,2.789
64,6,1,33.730,3.148,33.223,2.855
65,6,1,33.723,3.214,33.216,2.921
66,6,1,33.935,4.202,33.098,2.818
67,6,1,33.876,4.004,33.157,3.009
68,6,1,33.854,4.041,33.135,3.045
69,6,1,33.862,4.114,33.142,3.118
70,6,1,33.839,4.187,33.120,3.191
71,6,1,33.832,4.267,33.113,3.272
72,6,1,33.825,4.319,33.105,3.323
73,6,1,33.803,4.150,33.076,3.411
74,6,1,33.795,4.260,33.076,3.316
75,6,1,33.803,4.311,33.083,3.367
76,6,1,33.795,4.377,33.076,3.433
77,6,1,33.802,4.436,33.083,3.491
78,6,1,33.795,4.509,33.075,3.564
79,6,1,33.788,4.582,33.068,3.637
80,6,1,33.721,4.787,33.009,3.857
81,6,1,33.721,4.787,33.009,3.849
82,6,1,33.706,4.846,32.994,3.908
83,6,1,33.706,4.926,32.994,3.989
84,6,1,33.706,4.992,32.994,4.054
85,6,1,33.706,5.073,32.994,4.135
86,6,1,33.706,5.124,32.994,4.186
87,6,1,33.706,5.190,32.994,4.252
88,6,1,33.691,5.226,32.979,4.289
89,6,1,33.691,5.278,32.979,4.340
90,6,1,33.691,5.329,32.979,4.391
91,6,1,33.691,5.395,32.979,4.457
92,6,1,33.676,5.446,32.964,4.508
93,6,1,33.662,5.527,32.949,4.589
94,6,1,33.647,5.578,32.934,4.640
95,6,1,33.632,5.659,32.919,4.721
96,6,1,33.632,5.710,32.919,4.772
97,6,1,33.617,5.791,32.904,4.852
98,6,1,33.603,5.842,32.890,4.904
99,6,1,33.602,5.922,32.890,4.984
100,6,1,33.588,5.974,32.875,5.036
101,6,1,33.588,6.040,32.875,5.101
102,6,1,33.573,6.091,32.860,5.153
103,6,1,33.573,6.157,32.860,5.219
104,6,1,33.573,6.208,32.860,5.270
105,6,1,33.587,6.274,32.874,5.336
106,6,1,33.587,6.326,32.874,5.387
107,6,1,33.587,6.392,32.874,5.453
108,6,1,33.587,6.443,32.874,5.505
109,6,1,33.587,6.494,32.874,5.556
110,6,1,33.594,6.604,32.889,5.717
111,6,1,33.572,6.788,32.881,5.790
112,6,1,33.580,6.744,32.881,5.812
113,6,1,33.579,6.802,32.881,5.871
114,6,1,33.594,6.876,32.896,5.944
115,6,1,33.594,6.934,32.896,6.003
116,6,1,33.609,6.993,32.910,6.062
117,6,1,33.623,7.052,32.925,6.120
118,6,1,33.623,7.111,32.925,6.179
119,6,1,33.623,7.155,32.925,6.223
120,6,1,33.623,7.213,32.925,6.282
121,6,1,33.623,7.272,32.925,6.340
122,6,1,33.623,7.331,32.924,6.399
123,6,1,33.623,7.389,32.924,6.458
124,6,1,33.608,7.463,32.910,6.531
125,6,1,33.608,7.507,32.910,6.575
126,6,1,33.623,7.617,32.813,6.737
127,6,1,33.571,7.632,32.865,6.707
128,6,1,33.579,7.698,32.872,6.773
129,6,1,33.586,7.764,32.880,6.839
130,6,1,33.593,7.815,32.887,6.891
131,6,1,33.600,7.881,32.894,6.957
132,6,1,33.593,7.933,32.887,7.008
133,6,1,33.600,8.014,32.894,7.089
134,6,1,33.593,8.065,32.887,7.140
135,6,1,33.733,7.852,32.776,7.236
136,6,1,33.770,7.903,32.798,7.353
137,6,1,33.777,7.947,32.798,7.375
138,6,1,33.733,7.984,32.864,7.449
139,6,1,33.674,8.124,32.923,7.295
140,6,1,33.681,8.182,32.931,7.353
141,6,1,33.674,8.227,32.923,7.397
142,6,1,33.696,8.285,32.945,7.456
143,6,1,33.703,8.344,32.952,7.515
144,6,1,33.710,8.403,32.960,7.574
145,6,1,33.718,8.462,32.967,7.632
146,6,1,33.740,8.535,32.989,7.706
147,6,1,33.747,8.609,32.996,7.779
148,6,1,33.769,8.667,33.018,7.838
149,6,1,33.776,8.741,33.026,7.911
150,6,1,33.798,8.800,33.048,7.970
151,6,1,33.806,8.844,33.055,8.014
152,6,1,33.828,8.873,33.077,8.044
153,6,1,33.820,8.917,33.070,8.088
154,6,1,33.828,8.991,33.077,8.161
155,6,1,33.820,9.049,33.069,8.220
156,6,1,33.828,9.108,33.077,8.279
157,6,1,33.835,9.167,33.084,8.338
158,6,1,33.842,9.226,33.091,8.396
159,6,1,33.835,9.270,33.084,8.440
160,6,1,33.842,9.329,33.091,8.499
161,6,1,33.849,9.402,33.099,8.573
162,6,1,33.857,9.461,33.106,8.632
163,6,1,33.864,9.520,33.113,8.690
164,6,1,33.871,9.593,33.120,8.764
165,6,1,33.864,9.652,33.113,8.823
166,6,1,33.871,9.711,33.120,8.882
167,6,1,33.879,9.770,33.128,8.940
168,6,1,33.901,9.814,33.150,8.984
169,6,1,33.908,9.858,33.157,9.029
170,6,1,33.915,9.902,33.164,9.073
171,6,1,33.952,9.924,33.334,9.344
172,6,1,33.893,10.035,33.282,9.315
173,6,1,33.937,10.138,33.341,9.381
174,6,1,33.930,10.344,33.333,9.418
175,6,1,33.922,10.432,33.289,9.440
176,6,1,33.959,10.329,33.245,9.521
177,6,1,33.930,10.506,33.385,9.514
178,6,1,34.003,10.410,33.296,9.602
179,6,1,33.966,10.579,33.392,9.484
180,6,1,33.988,10.631,33.407,9.572
181,6,1,34.018,10.653,33.385,9.675
182,6,1,34.011,10.682,33.392,9.808
183,6,1,34.025,10.667,33.340,9.801
184,6,1,33.996,10.631,33.377,9.948
185,6,1,34.055,10.660,33.325,10.095
186,6,1,34.092,10.756,33.377,10.227
187,6,1,34.106,10.829,33.347,10.279
188,6,1,34.099,10.918,33.369,10.257
189,6,1,34.032,11.072,33.347,10.264
190,6,1,34.025,11.043,33.355,10.272
191,6,1,34.054,11.279,33.325,10.441
192,6,1,34.099,11.330,33.354,10.448
193,6,1,34.054,11.271,33.384,10.500
194,6,1,34.054,11.330,33.384,10.559
195,6,1,34.128,11.396,33.377,10.456
196,6,1,34.091,11.382,33.369,10.566
197,6,1,34.121,11.448,33.347,10.706
198,6,1,34.121,11.492,33.339,10.809
199,6,1,34.172,11.455,33.339,10.912
200,6,1,34.128,11.470,33.339,10.949
201,6,1,34.135,11.514,33.368,11.015
202,6,1,34.084,11.625,33.413,10.890
203,6,1,34.084,11.676,33.413,10.942
204,6,1,34.083,11.728,33.413,10.993
205,6,1,34.083,11.780,33.413,11.045
206,6,1,34.083,11.831,33.413,11.096
207,6,1,34.083,11.883,33.413,11.148
208,6,1,34.098,11.949,33.427,11.214
209,6,1,34.083,12.001,33.412,11.266
210,6,1,33.995,12.244,33.287,11.436
211,6,1,33.980,12.200,33.309,11.465
212,6,1,33.980,12.267,33.309,11.532
213,6,1,33.980,12.333,33.309,11.598
214,6,1,34.090,12.355,33.331,11.436
215,6,1,34.105,12.347,33.316,11.613
216,6,1,34.046,12.340,33.375,11.605
217,6,1,34.046,12.392,33.375,11.657
218,6,1,34.031,12.429,33.360,11.694
219,6,1,34.031,12.480,33.360,11.745
220,6,1,34.061,12.753,33.367,12.003
221,6,1,34.046,12.716,33.375,11.988
222,6,1,34.046,12.760,33.375,12.033
223,6,1,34.046,12.820,33.375,12.092
224,6,1,34.046,12.879,33.375,12.151
225,6,1,34.046,12.923,33.375,12.195
226,6,1,34.031,12.982,33.360,12.254
227,6,1,34.031,13.041,33.360,12.313
228,6,1,34.031,13.100,33.360,12.372
229,6,1,34.016,13.159,33.345,12.431
230,6,1,34.016,13.218,33.345,12.490
231,6,1,34.016,13.262,33.345,12.534
232,6,1,34.082,13.329,33.263,12.675
233,6,1,34.097,13.358,33.271,12.682
234,6,1,34.112,13.336,33.197,12.756
235,6,1,33.986,13.395,33.315,12.690
236,6,1,33.986,13.447,33.315,12.741
237,6,1,34.104,13.498,33.293,12.852
238,6,1,34.030,13.521,33.359,12.822
239,6,1,34.030,13.565,33.359,12.867
240,6,1,34.030,13.609,33.359,12.911
241,6,1,34.030,13.668,33.359,12.970
242,6,1,34.030,13.727,33.359,13.029
243,6,1,34.045,13.786,33.374,13.088
244,6,1,34.060,13.845,33.388,13.147
245,6,1,34.060,13.905,33.388,13.206
246,6,1,34.074,13.964,33.403,13.265
247,6,1,34.089,14.008,33.418,13.309
248,6,1,34.104,14.052,33.432,13.353
249,6,1,34.104,14.096,33.432,13.398
250,6,1,34.119,14.141,33.447,13.442
251,6,1,34.118,14.200,33.447,13.501
252,6,1,34.118,14.244,33.447,13.545
253,6,1,34.104,14.288,33.432,13.590
254,6,1,34.104,14.318,33.432,13.619
255,6,1,34.104,14.362,33.432,13.664
256,6,1,34.104,14.407,33.432,13.708
257,6,1,34.089,14.451,33.417,13.752
258,6,1,34.089,14.510,33.417,13.811
259,6,1,34.074,14.555,33.402,13.856
260,6,1,34.059,14.614,33.387,13.915
261,6,1,34.044,14.688,33.373,13.989
262,6,1,34.029,14.732,33.358,14.033
263,6,1,34.029,14.791,33.358,14.093
264,6,1,34.029,14.836,33.358,14.137
265,6,1,34.029,14.880,33.358,14.181
266,6,1,34.029,14.924,33.357,14.226
267,6,1,34.029,14.969,33.357,14.270
268,6,1,34.014,15.013,33.343,14.314
269,6,1,34.014,15.058,33.343,14.359
270,6,1,34.000,15.102,33.328,14.403
271,6,1,33.985,15.147,33.313,14.448
272,6,1,33.985,15.191,33.313,14.492
273,6,1,33.970,15.235,33.298,14.536
274,6,1,33.970,15.280,33.298,14.581
275,6,1,33.970,15.339,33.298,14.640
276,6,1,33.955,15.398,33.283,14.699
277,6,1,33.955,15.457,33.283,14.758
278,6,1,33.955,15.517,33.283,14.817
279,6,1,33.955,15.576,33.283,14.877
280,6,1,34.021,15.708,33.261,14.781
281,6,1,33.970,15.590,33.298,14.891
282,6,1,34.058,15.745,33.231,14.877
283,6,1,33.977,15.657,33.305,14.958
284,6,1,33.962,15.701,33.290,15.002
285,6,1,33.977,15.761,33.305,15.061
286,6,1,33.962,15.805,33.290,15.106
287,6,1,33.955,15.946,33.090,15.247
288,6,1,33.843,16.198,33.179,15.484
289,6,1,33.843,16.183,33.179,15.484
290,6,1,33.836,16.228,33.171,15.528
291,6,1,33.814,16.287,33.149,15.588
292,6,1,33.806,16.346,33.141,15.647
293,6,1,33.769,16.406,33.104,15.706
294,6,1,33.762,16.480,33.097,15.780
295,6,1,33.740,16.539,33.075,15.840
296,6,1,33.717,16.599,33.052,15.899
297,6,1,33.695,16.643,33.030,15.944
298,6,1,33.702,16.702,33.037,16.003
299,6,1,33.680,16.747,33.015,16.047
300,6,1,33.673,16.806,33.008,16.107
301,6,1,33.665,16.851,33.000,16.151
302,6,1,33.658,16.895,32.993,16.196
303,6,1,33.650,16.955,32.985,16.255
304,6,1,33.643,16.999,32.978,16.299
305,6,1,33.635,17.058,32.970,16.359
306,6,1,33.628,17.103,32.963,16.403
307,6,1,33.621,17.162,32.955,16.462
308,6,1,33.628,17.222,32.963,16.522
309,6,1,33.620,17.281,32.955,16.581
310,6,1,33.628,17.340,32.962,16.640
311,6,1,33.620,17.385,32.955,16.685
312,6,1,33.628,17.444,32.962,16.744
313,6,1,33.620,17.488,32.955,16.789
314,6,1,33.628,17.533,32.962,16.833
315,6,1,33.620,17.577,32.955,16.877
316,6,1,33.613,17.622,32.947,16.922
317,6,1,33.605,17.681,32.940,16.981
318,6,1,33.613,17.726,32.947,17.026
319,6,1,33.590,17.756,32.925,17.056
320,6,1,33.598,17.800,32.932,17.100
321,6,1,33.590,17.845,32.925,17.145
322,6,1,33.583,17.889,32.917,17.189
323,6,1,33.575,17.948,32.910,17.248
51,7,1,32.584,2.350,32.158,2.049
52,7,1,32.621,2.379,32.136,2.034
53,7,1,32.621,2.386,32.121,2.049
54,7,1,32.621,2.423,32.121,2.078
55,7,1,32.621,2.467,32.121,2.122
56,7,1,32.621,2.532,32.121,2.188
57,7,1,32.613,2.576,32.114,2.232
58,7,1,32.621,2.635,32.121,2.290
59,7,1,32.613,2.701,32.113,2.356
60,7,1,32.628,2.752,32.128,2.407
61,7,1,32.628,2.810,32.128,2.466
62,7,1,32.606,2.898,32.106,2.553
63,7,1,32.628,2.920,32.128,2.575
64,7,1,32.635,2.964,32.135,2.619
65,7,1,32.650,2.993,32.150,2.648
66,7,1,32.818,3.505,32.011,2.319
67,7,1,32.767,3.381,32.054,2.444
68,7,1,32.774,3.432,32.062,2.495
69,7,1,32.781,3.476,32.069,2.539
70,7,1,32.781,3.527,32.069,2.590
71,7,1,32.781,3.586,32.069,2.648
72,7,1,32.781,3.659,32.069,2.721
73,7,1,32.781,3.725,32.069,2.787
74,7,1,32.781,3.791,32.068,2.853
75,7,1,32.795,3.857,32.083,2.919
76,7,1,32.795,3.908,32.083,2.970
77,7,1,32.795,3.974,32.083,3.036
78,7,1,32.810,4.025,32.097,3.087
79,7,1,32.810,4.091,32.097,3.153
80,7,1,32.839,4.142,32.127,3.204
81,7,1,32.869,4.193,32.156,3.256
82,7,1,32.898,4.230,32.185,3.292
83,7,1,32.927,4.281,32.215,3.344
84,7,1,32.942,4.318,32.229,3.380
85,7,1,32.957,4.384,32.244,3.446
86,7,1,32.957,4.435,32.244,3.497
87,7,1,32.956,4.501,32.244,3.563
88,7,1,32.956,4.552,32.244,3.614
89,7,1,32.956,4.633,32.244,3.695
90,7,1,32.971,4.684,32.258,3.746
91,7,1,32.986,4.750,32.273,3.812
92,7,1,32.986,4.801,32.273,3.863
93,7,1,33.000,4.867,32.287,3.929
94,7,1,33.000,4.904,32.287,3.966
95,7,1,32.985,4.970,32.273,4.032
96,7,1,32.985,5.006,32.273,4.068
97,7,1,32.970,5.072,32.258,4.134
98,7,1,32.970,5.109,32.258,4.171
99,7,1,32.970,5.175,32.257,4.237
100,7,1,32.970,5.226,32.257,4.288
101,7,1,32.970,5.292,32.257,4.354
102,7,1,32.970,5.343,32.257,4.405
103,7,1,32.985,5.409,32.272,4.471
104,7,1,32.999,5.475,32.286,4.537
105,7,1,33.014,5.541,32.301,4.603
106,7,1,33.014,5.593,32.301,4.654
107,7,1,33.029,5.644,32.316,4.705
108,7,1,33.043,5.695,32.330,4.757
109,7,1,33.058,5.746,32.345,4.808
110,7,1,33.073,5.768,32.360,4.830
111,7,1,33.087,5.820,32.374,4.881
112,7,1,33.087,5.856,32.374,4.918
113,7,1,33.094,5.922,32.381,4.991
115,7,1,33.087,5.915,32.374,4.984
116,7,1,33.102,5.952,32.389,5.021
117,7,1,33.131,5.988,32.418,5.057
118,7,1,33.146,6.032,32.433,5.101
119,7,1,33.161,6.091,32.447,5.160
120,7,1,33.190,6.135,32.477,5.204
121,7,1,33.219,6.179,32.506,5.248
122,7,1,33.249,6.223,32.536,5.292
123,7,1,33.278,6.267,32.565,5.336
124,7,1,33.308,6.296,32.594,5.365
125,7,1,33.352,6.340,32.639,5.409
126,7,1,33.381,6.370,32.668,5.439
127,7,1,33.411,6.414,32.697,5.483
128,7,1,33.440,6.458,32.727,5.526
129,7,1,33.455,6.502,32.741,5.570
130,7,1,33.469,6.546,32.756,5.614
131,7,1,33.454,6.604,32.741,5.673
132,7,1,33.366,6.692,32.653,5.761
133,7,1,33.366,6.751,32.653,5.820
134,7,1,33.381,6.795,32.667,5.864
135,7,1,33.682,6.934,32.947,5.893
136,7,1,33.660,6.890,32.947,5.937
137,7,1,33.675,6.942,32.962,5.988
138,7,1,33.704,6.993,32.991,6.040
139,7,1,33.719,7.044,33.006,6.091
140,7,1,33.734,7.096,33.021,6.142
141,7,1,33.734,7.147,33.021,6.194
142,7,1,33.748,7.199,33.035,6.245
143,7,1,33.763,7.235,33.050,6.282
144,7,1,33.778,7.272,33.065,6.318
145,7,1,33.778,7.323,33.064,6.370
146,7,1,33.778,7.360,33.064,6.406
147,7,1,33.792,7.411,33.079,6.458
148,7,1,33.792,7.463,33.079,6.509
149,7,1,33.792,7.514,33.079,6.561
150,7,1,33.792,7.566,33.079,6.612
151,7,1,33.807,7.617,33.094,6.663
152,7,1,33.822,7.668,33.108,6.715
153,7,1,33.836,7.734,33.123,6.781
154,7,1,33.851,7.786,33.138,6.832
155,7,1,33.866,7.837,33.152,6.883
156,7,1,33.880,7.888,33.167,6.935
157,7,1,33.895,7.940,33.182,6.986
158,7,1,33.924,7.977,33.211,7.023
159,7,1,33.939,8.043,33.226,7.089
160,7,1,33.954,8.079,33.240,7.126
161,7,1,33.968,8.131,33.255,7.177
162,7,1,33.983,8.182,33.270,7.228
163,7,1,33.983,8.234,33.270,7.280
164,7,1,33.998,8.285,33.284,7.331
165,7,1,34.012,8.336,33.299,7.382
166,7,1,34.012,8.373,33.299,7.419
167,7,1,34.012,8.439,33.299,7.485
168,7,1,33.998,8.505,33.284,7.551
169,7,1,33.998,8.571,33.284,7.617
170,7,1,33.998,8.623,33.284,7.669
171,7,1,33.997,8.689,33.284,7.735
172,7,1,33.997,8.740,33.284,7.786
173,7,1,33.997,8.807,33.284,7.852
174,7,1,33.997,8.873,33.284,7.919
175,7,1,33.983,8.939,33.269,7.985
176,7,1,33.982,8.976,33.269,8.021
177,7,1,33.968,9.042,33.254,8.088
178,7,1,33.953,9.093,33.239,8.139
179,7,1,33.968,9.167,33.261,8.220
181,7,1,33.960,9.159,33.254,8.212
182,7,1,33.953,9.204,33.246,8.257
183,7,1,33.945,9.277,33.239,8.330
184,7,1,33.953,9.336,33.246,8.389
185,7,1,33.945,9.409,33.239,8.462
186,7,1,33.938,9.498,33.231,8.551
187,7,1,33.930,9.557,33.224,8.609
188,7,1,33.938,9.630,33.231,8.683
189,7,1,33.930,9.674,33.224,8.727
190,7,1,33.938,9.733,33.231,8.786
191,7,1,33.915,9.792,33.209,8.845
192,7,1,33.945,9.763,33.289,9.190
193,7,1,34.033,9.858,33.334,9.330
194,7,1,34.026,10.027,33.326,9.139
195,7,1,34.011,10.086,33.312,9.197
196,7,1,34.011,10.145,33.312,9.256
197,7,1,33.996,10.204,33.297,9.315
198,7,1,33.967,10.278,33.267,9.389
199,7,1,33.952,10.336,33.252,9.448
200,7,1,33.952,10.395,33.252,9.506
201,7,1,33.952,10.454,33.252,9.565
202,7,1,33.937,10.513,33.237,9.624
203,7,1,33.907,10.572,33.208,9.683
204,7,1,33.907,10.631,33.208,9.742
205,7,1,33.907,10.675,33.208,9.786
206,7,1,33.893,10.734,33.193,9.845
207,7,1,33.892,10.778,33.193,9.889
208,7,1,33.907,10.822,33.207,9.933
209,7,1,33.892,10.896,33.193,10.007
210,7,1,33.892,10.940,33.193,10.051
211,7,1,33.907,11.014,33.207,10.125
212,7,1,33.907,11.058,33.207,10.169
213,7,1,33.907,11.132,33.207,10.243
214,7,1,33.922,11.176,33.222,10.287
215,7,1,33.936,11.250,33.236,10.360
216,7,1,33.936,11.294,33.236,10.405
217,7,1,33.951,11.367,33.251,10.478
218,7,1,33.980,11.397,33.281,10.507
219,7,1,33.995,11.456,33.295,10.566
220,7,1,33.980,11.515,33.280,10.625
221,7,1,33.899,11.456,33.118,10.744
222,7,1,33.862,11.530,33.155,10.662
223,7,1,33.870,11.581,33.162,10.714
224,7,1,33.892,11.633,33.184,10.766
225,7,1,33.899,11.670,33.192,10.802
226,7,1,33.906,11.736,33.199,10.869
227,7,1,33.899,11.788,33.191,10.920
228,7,1,33.906,11.854,33.199,10.987
229,7,1,33.899,11.906,33.191,11.038
230,7,1,33.906,11.972,33.199,11.104
231,7,1,33.899,12.024,33.191,11.156
232,7,1,33.891,12.090,33.184,11.222
233,7,1,33.884,12.142,33.176,11.274
234,7,1,33.877,12.193,33.169,11.326
235,7,1,33.869,12.230,33.161,11.362
236,7,1,33.862,12.296,33.154,11.429
237,7,1,33.876,12.319,33.198,11.606
238,7,1,33.884,12.385,33.183,11.525
239,7,1,33.884,12.429,33.183,11.569
240,7,1,33.884,12.503,33.183,11.643
241,7,1,33.884,12.532,33.183,11.672
242,7,1,33.884,12.591,33.183,11.731
243,7,1,33.883,12.650,33.183,11.790
244,7,1,33.883,12.709,33.183,11.849
245,7,1,33.883,12.769,33.183,11.908
246,7,1,33.869,12.828,33.168,11.967
247,7,1,33.869,12.872,33.168,12.011
248,7,1,33.868,12.946,33.168,12.085
249,7,1,33.868,12.990,33.168,12.129
250,7,1,33.868,13.049,33.168,12.188
251,7,1,33.883,13.093,33.182,12.233
252,7,1,33.883,13.123,33.182,12.262
253,7,1,33.883,13.167,33.182,12.306
254,7,1,33.883,13.226,33.182,12.365
255,7,1,33.883,13.270,33.182,12.410
256,7,1,33.883,13.315,33.182,12.454
257,7,1,33.868,13.374,33.167,12.513
258,7,1,33.853,13.433,33.153,12.572
259,7,1,33.838,13.492,33.138,12.631
260,7,1,33.838,13.536,33.138,12.675
261,7,1,33.824,13.581,33.123,12.720
262,7,1,33.794,13.655,33.093,12.794
263,7,1,33.779,13.699,33.078,12.838
264,7,1,33.764,13.773,33.063,12.912
265,7,1,33.764,13.817,33.063,12.956
266,7,1,33.764,13.876,33.063,13.015
267,7,1,33.749,13.936,33.048,13.074
268,7,1,33.749,13.980,33.048,13.119
269,7,1,33.749,14.024,33.048,13.163
270,7,1,33.734,14.083,33.033,13.222
271,7,1,33.720,14.128,33.019,13.267
272,7,1,33.720,14.157,33.019,13.296
273,7,1,33.705,14.217,33.004,13.355
274,7,1,33.690,14.261,32.989,13.400
275,7,1,33.690,14.335,32.989,13.474
276,7,1,33.675,14.379,32.974,13.518
277,7,1,33.660,14.453,32.959,13.592
278,7,1,33.660,14.498,32.959,13.636
279,7,1,33.660,14.571,32.959,13.710
280,7,1,33.660,14.616,32.959,13.754
281,7,1,33.660,14.675,32.959,13.814
282,7,1,33.660,14.719,32.959,13.858
283,7,1,33.660,14.749,32.959,13.887
284,7,1,33.645,14.793,32.944,13.932
285,7,1,33.630,14.853,32.929,13.991
286,7,1,33.630,14.912,32.929,14.050
287,7,1,33.615,14.956,32.914,14.095
288,7,1,33.601,15.001,32.899,14.139
289,7,1,33.586,15.060,32.884,14.198
290,7,1,33.571,15.119,32.869,14.257
291,7,1,33.556,15.164,32.855,14.302
292,7,1,33.526,15.208,32.825,14.346
293,7,1,33.512,15.282,32.810,14.420
294,7,1,33.497,15.327,32.795,14.465
295,7,1,33.467,15.386,32.766,14.524
296,7,1,33.452,15.445,32.751,14.583
297,7,1,33.437,15.490,32.736,14.628
298,7,1,33.423,15.534,32.721,14.672
299,7,1,33.408,15.594,32.706,14.732
300,7,1,33.393,15.638,32.691,14.776
301,7,1,33.378,15.682,32.676,14.820
302,7,1,33.363,15.742,32.661,14.880
303,7,1,33.348,15.786,32.647,14.924
304,7,1,33.333,15.831,32.632,14.969
305,7,1,33.319,15.890,32.617,15.028
306,7,1,33.289,15.935,32.587,15.072
307,7,1,33.274,15.979,32.572,15.117
308,7,1,33.259,16.053,32.557,15.191
309,7,1,33.244,16.098,32.542,15.236
310,7,1,33.229,16.157,32.528,15.295
311,7,1,33.215,16.216,32.513,15.354
312,7,1,33.215,16.261,32.513,15.399
313,7,1,33.200,16.305,32.498,15.443
314,7,1,33.200,16.365,32.498,15.502
315,7,1,33.185,16.409,32.483,15.547
316,7,1,33.185,16.439,32.483,15.576
317,7,1,33.170,16.483,32.468,15.621
318,7,1,33.155,16.543,32.453,15.680
319,7,1,33.140,16.587,32.438,15.725
320,7,1,33.125,16.617,32.423,15.754
321,7,1,33.096,16.662,32.394,15.799
322,7,1,33.081,16.721,32.379,15.858
323,7,1,33.051,16.766,32.349,15.903
324,7,1,33.021,16.810,32.319,15.948
325,7,1,32.992,16.870,32.290,16.007
326,7,1,32.977,16.914,32.275,16.052
327,7,1,32.947,16.944,32.245,16.081
328,7,1,32.932,16.989,32.230,16.126
329,7,1,32.917,17.048,32.215,16.185
330,7,1,32.903,17.093,32.200,16.230
331,7,1,32.888,17.123,32.185,16.260
332,7,1,32.858,17.167,32.156,16.304
333,7,1,32.843,17.227,32.141,16.364
334,7,1,32.828,17.271,32.126,16.408
335,7,1,32.813,17.301,32.111,16.438
336,7,1,32.784,17.331,32.081,16.468
337,7,1,32.769,17.375,32.066,16.512
338,7,1,32.754,17.435,32.051,16.572
339,7,1,32.739,17.479,32.037,16.616
340,7,1,32.724,17.524,32.022,16.661
341,7,1,32.724,17.583,32.022,16.720
342,7,1,32.709,17.628,32.007,16.765
343,7,1,32.709,17.673,32.007,16.809
344,7,1,32.694,17.732,31.992,16.869
345,7,1,32.694,17.776,31.992,16.913
346,7,1,32.679,17.806,31.977,16.943
347,7,1,32.679,17.836,31.977,16.973
348,7,1,32.664,17.881,31.962,17.017
349,7,1,32.650,17.925,31.947,17.062
350,7,1,32.635,17.955,31.932,17.092
66,8,1,33.279,17.951,32.563,16.680
67,8,1,33.272,17.943,32.563,16.680
68,8,1,33.272,17.913,32.563,16.650
69,8,1,33.279,17.884,32.570,16.620
70,8,1,33.272,17.854,32.563,16.591
71,8,1,33.279,17.824,32.570,16.561
72,8,1,33.272,17.780,32.563,16.517
73,8,1,33.279,17.735,32.570,16.472
74,8,1,33.272,17.706,32.563,16.443
75,8,1,33.265,17.676,32.556,16.413
76,8,1,33.272,17.506,32.548,16.724
77,8,1,33.295,17.461,32.599,16.731
78,8,1,33.295,17.424,32.555,16.680
79,8,1,33.287,17.483,32.570,16.561
80,8,1,33.280,17.520,32.578,16.531
81,8,1,33.280,17.483,32.578,16.494
82,8,1,33.265,17.461,32.563,16.472
83,8,1,33.265,17.409,32.563,16.420
84,8,1,33.265,17.387,32.563,16.398
85,8,1,33.250,17.335,32.548,16.346
86,8,1,33.236,17.313,32.533,16.324
87,8,1,33.236,17.276,32.533,16.287
88,8,1,33.221,17.239,32.519,16.250
89,8,1,33.206,17.202,32.504,16.213
90,8,1,33.103,17.047,32.400,16.332
91,8,1,33.103,17.003,32.437,16.340
92,8,1,33.132,17.017,32.445,16.340
93,8,1,33.132,16.973,32.459,16.295
94,8,1,33.125,16.913,32.430,16.199
95,8,1,33.117,16.988,32.437,16.125
96,8,1,33.044,16.855,32.423,15.932
97,8,1,33.073,16.832,32.401,15.969
98,8,1,33.073,16.803,32.401,15.940
99,8,1,33.059,16.773,32.386,15.910
100,8,1,33.044,16.729,32.371,15.866
101,8,1,33.044,16.699,32.371,15.836
102,8,1,33.044,16.655,32.371,15.792
103,8,1,33.044,16.625,32.371,15.762
104,8,1,33.044,16.595,32.371,15.733
105,8,1,33.044,16.551,32.372,15.688
106,8,1,33.044,16.521,32.372,15.658
107,8,1,33.044,16.492,32.372,15.629
108,8,1,33.044,16.462,32.372,15.599
109,8,1,32.992,16.396,32.335,15.570
110,8,1,33.007,16.351,32.386,15.577
111,8,1,33.022,16.388,32.364,15.540
112,8,1,33.022,16.358,32.364,15.510
113,8,1,33.007,16.329,32.350,15.481
114,8,1,32.993,16.284,32.335,15.437
115,8,1,33.007,16.270,32.350,15.422
116,8,1,32.978,16.210,32.320,15.363
117,8,1,32.978,16.166,32.320,15.318
118,8,1,32.978,16.151,32.320,15.303
119,8,1,32.963,16.107,32.306,15.259
120,8,1,32.963,16.077,32.306,15.229
121,8,1,32.963,16.048,32.306,15.200
122,8,1,32.963,16.018,32.306,15.170
123,8,1,32.963,15.988,32.306,15.141
124,8,1,32.963,15.944,32.306,15.096
125,8,1,32.963,15.900,32.306,15.052
126,8,1,32.963,15.885,32.306,15.037
127,8,1,32.964,15.840,32.306,14.993
128,8,1,32.978,15.825,32.321,14.978
129,8,1,32.964,15.781,32.306,14.933
130,8,1,32.964,15.751,32.306,14.904
131,8,1,32.964,15.722,32.306,14.874
132,8,1,32.978,15.692,32.321,14.844
133,8,1,32.964,15.648,32.306,14.800
134,8,1,32.993,15.603,32.336,14.756
135,8,1,32.993,15.588,32.336,14.741
136,8,1,33.008,15.544,32.351,14.696
137,8,1,32.994,15.514,32.336,14.667
138,8,1,33.023,15.485,32.366,14.637
139,8,1,33.046,15.359,32.100,14.513
140,8,1,33.038,15.307,32.040,14.513
141,8,1,33.097,15.277,32.011,14.498
142,8,1,32.824,15.301,32.270,14.467
143,8,1,32.824,15.271,32.270,14.438
144,8,1,32.824,15.256,32.270,14.423
145,8,1,32.824,15.241,32.270,14.408
146,8,1,32.824,15.197,32.270,14.364
147,8,1,32.824,15.167,32.270,14.334
148,8,1,32.824,15.138,32.270,14.305
149,8,1,32.839,15.108,32.285,14.275
150,8,1,33.083,15.077,32.485,14.156
151,8,1,33.053,15.033,32.500,14.193
152,8,1,33.053,14.996,32.500,14.156
153,8,1,33.053,14.974,32.500,14.133
154,8,1,33.053,14.937,32.500,14.097
155,8,1,33.054,14.900,32.500,14.060
156,8,1,33.054,14.863,32.500,14.023
157,8,1,33.054,14.841,32.500,14.000
158,8,1,33.054,14.804,32.500,13.963
159,8,1,33.054,14.767,32.500,13.926
160,8,1,33.054,14.730,32.500,13.890
161,8,1,33.054,14.708,32.500,13.867
162,8,1,33.054,14.671,32.500,13.830
163,8,1,33.054,14.648,32.500,13.808
164,8,1,33.069,14.611,32.515,13.771
165,8,1,33.083,14.589,32.530,13.749
166,8,1,33.084,14.552,32.530,13.712
167,8,1,33.084,14.515,32.530,13.675
168,8,1,33.084,14.478,32.530,13.638
169,8,1,33.098,14.456,32.545,13.616
170,8,1,33.098,14.419,32.545,13.579
171,8,1,33.113,14.397,32.560,13.557
172,8,1,33.113,14.345,32.560,13.505
173,8,1,33.062,14.382,32.442,13.483
174,8,1,33.128,14.374,32.464,13.491
175,8,1,33.187,14.367,32.516,13.490
176,8,1,33.143,14.337,32.493,13.446
177,8,1,33.173,14.271,32.560,13.409
178,8,1,33.173,14.182,32.545,13.372
179,8,1,33.136,14.197,32.582,13.364
180,8,1,33.136,14.167,32.582,13.335
181,8,1,33.136,14.153,32.582,13.320
182,8,1,33.151,14.123,32.597,13.291
183,8,1,33.136,14.094,32.583,13.261
184,8,1,33.151,14.064,32.597,13.231
185,8,1,33.151,14.034,32.597,13.202
186,8,1,33.151,14.005,32.597,13.172
187,8,1,33.151,13.975,32.597,13.143
188,8,1,33.151,13.946,32.598,13.113
189,8,1,33.151,13.916,32.598,13.084
190,8,1,33.151,13.887,32.598,13.054
191,8,1,33.151,13.857,32.598,13.025
192,8,1,33.136,13.828,32.583,12.995
193,8,1,33.151,13.798,32.598,12.966
194,8,1,33.136,13.768,32.583,12.936
195,8,1,33.136,13.739,32.583,12.907
196,8,1,33.136,13.709,32.583,12.877
197,8,1,33.122,13.680,32.568,12.847
198,8,1,33.107,13.650,32.554,12.818
199,8,1,33.122,13.635,32.568,12.803
200,8,1,33.107,13.606,32.554,12.774
201,8,1,33.188,13.421,32.546,12.781
202,8,1,33.137,13.517,32.583,12.692
203,8,1,33.137,13.495,32.583,12.670
204,8,1,33.137,13.488,32.583,12.663
205,8,1,33.137,13.451,32.583,12.626
206,8,1,33.137,13.429,32.583,12.604
207,8,1,33.152,13.406,32.598,12.582
208,8,1,33.174,13.325,32.576,12.375
209,8,1,33.144,13.266,32.591,12.441
210,8,1,33.144,13.244,32.591,12.419
211,8,1,33.159,13.222,32.606,12.397
212,8,1,33.159,13.185,32.606,12.360
213,8,1,33.159,13.163,32.606,12.338
214,8,1,33.174,13.140,32.621,12.316
215,8,1,33.174,13.118,32.621,12.294
216,8,1,33.189,13.081,32.636,12.257
217,8,1,33.189,13.059,32.636,12.235
218,8,1,33.189,13.022,32.636,12.198
219,8,1,33.204,13.015,32.651,12.190
220,8,1,33.204,12.978,32.651,12.153
221,8,1,33.204,12.956,32.651,12.131
222,8,1,33.204,12.934,32.651,12.109
223,8,1,33.189,12.911,32.636,12.087
224,8,1,33.189,12.889,32.636,12.065
225,8,1,33.204,12.867,32.651,12.043
226,8,1,33.204,12.845,32.651,12.020
228,8,1,33.197,12.838,32.644,12.013
229,8,1,33.197,12.815,32.644,11.991
230,8,1,33.211,12.793,32.658,11.969
231,8,1,33.197,12.756,32.644,11.932
232,8,1,33.315,12.712,32.651,11.888
233,8,1,33.271,12.741,32.629,11.844
234,8,1,33.226,12.705,32.673,11.880
235,8,1,33.226,12.712,32.607,11.792
236,8,1,33.189,12.661,32.636,11.836
237,8,1,33.189,12.638,32.636,11.814
238,8,1,33.189,12.601,32.636,11.777
239,8,1,33.189,12.565,32.637,11.740
240,8,1,33.189,12.557,32.637,11.733
241,8,1,33.190,12.535,32.637,11.711
242,8,1,33.204,12.498,32.651,11.674
243,8,1,33.219,12.461,32.666,11.637
244,8,1,33.219,12.439,32.666,11.615
245,8,1,33.234,12.402,32.681,11.578
246,8,1,33.234,12.380,32.681,11.556
247,8,1,33.234,12.343,32.681,11.519
248,8,1,33.249,12.321,32.696,11.497
249,8,1,33.264,12.284,32.711,11.460
250,8,1,33.264,12.262,32.711,11.438
251,8,1,33.279,12.210,32.726,11.386
252,8,1,33.293,12.188,32.741,11.364
253,8,1,33.308,12.151,32.755,11.327
254,8,1,33.323,12.129,32.770,11.305
255,8,1,33.338,12.092,32.785,11.268
256,8,1,33.353,12.070,32.800,11.246
257,8,1,33.367,12.033,32.815,11.209
258,8,1,33.367,12.025,32.815,11.201
259,8,1,33.382,11.988,32.829,11.164
260,8,1,33.397,11.966,32.844,11.142
261,8,1,33.397,11.929,32.844,11.105
262,8,1,33.412,11.907,32.859,11.083
263,8,1,33.427,11.870,32.874,11.046
264,8,1,33.427,11.848,32.874,11.024
265,8,1,33.441,11.811,32.889,10.987
266,8,1,33.456,11.789,32.904,10.965
267,8,1,33.471,11.752,32.918,10.928
268,8,1,33.486,11.730,32.933,10.906
269,8,1,33.493,11.612,32.667,10.819
270,8,1,33.486,11.612,32.660,10.826
271,8,1,33.508,11.605,32.660,10.826
272,8,1,33.360,11.612,32.808,10.811
273,8,1,33.375,11.583,32.823,10.781
274,8,1,33.390,11.568,32.837,10.766
275,8,1,33.390,11.539,32.837,10.737
276,8,1,33.390,11.509,32.837,10.708
277,8,1,33.545,11.538,32.601,10.745
278,8,1,33.353,11.531,32.793,10.737
279,8,1,33.545,11.398,33.022,10.611
280,8,1,33.575,11.383,33.052,10.619
281,8,1,33.604,11.368,33.081,10.567
282,8,1,33.634,11.354,33.081,10.574
283,8,1,33.663,11.339,33.096,10.420
284,8,1,33.693,11.309,33.126,10.390
285,8,1,33.708,11.294,33.140,10.375
286,8,1,33.708,11.280,33.141,10.361
287,8,1,33.722,11.250,33.155,10.331
288,8,1,33.700,11.118,32.993,10.302
289,8,1,33.678,11.132,33.023,10.287
290,8,1,33.634,11.103,33.096,10.258
291,8,1,33.796,11.058,33.126,10.280
292,8,1,33.789,11.014,33.104,10.258
293,8,1,33.752,11.036,33.141,10.243
294,8,1,33.767,11.014,33.155,10.221
295,8,1,33.782,10.992,33.170,10.198
296,8,1,33.796,10.955,33.185,10.162
297,8,1,33.811,10.933,33.200,10.140
298,8,1,33.826,10.896,33.215,10.103
299,8,1,33.841,10.889,33.229,10.095
300,8,1,33.856,10.852,33.244,10.058
301,8,1,33.870,10.830,33.259,10.036
302,8,1,34.033,10.667,33.001,10.030
303,8,1,33.811,10.734,33.230,9.970
304,8,1,34.033,10.667,33.230,9.919
305,8,1,33.929,10.675,33.318,9.918
306,8,1,33.944,10.646,33.333,9.889
307,8,1,33.959,10.616,33.348,9.859
308,8,1,33.974,10.601,33.362,9.845
309,8,1,33.974,10.572,33.362,9.815
310,8,1,33.989,10.542,33.377,9.786
311,8,1,34.003,10.513,33.392,9.756
312,8,1,34.158,10.564,32.979,9.485
313,8,1,34.143,10.424,33.569,9.601
314,8,1,34.136,10.410,33.554,9.616
315,8,1,34.151,10.387,33.569,9.594
316,8,1,34.151,10.351,33.569,9.557
317,8,1,34.166,10.329,33.584,9.535
318,8,1,34.180,10.306,33.599,9.513
319,8,1,34.180,10.284,33.599,9.491
320,8,1,34.195,10.262,33.614,9.469
321,8,1,34.210,10.240,33.628,9.447
322,8,1,34.225,10.218,33.643,9.425
323,8,1,34.239,10.196,33.658,9.403
324,8,1,34.254,10.159,33.673,9.366
325,8,1,34.247,10.152,33.680,9.329
326,8,1,34.247,10.137,33.673,9.344
327,8,1,34.254,10.115,33.680,9.322
328,8,1,34.276,10.093,33.702,9.300
329,8,1,34.343,9.975,33.754,9.270
330,8,1,34.343,9.938,33.739,9.270
331,8,1,34.387,9.887,33.783,9.277
332,8,1,34.394,9.864,33.761,9.241
333,8,1,34.387,9.842,33.754,9.182
334,8,1,34.394,9.872,33.754,9.130
335,8,1,34.431,9.798,33.754,9.101
336,8,1,34.446,9.769,33.710,9.064
337,8,1,34.490,9.702,33.761,9.050
338,8,1,34.498,9.725,33.776,9.005
339,8,1,34.453,9.695,33.813,9.013
340,8,1,34.424,9.703,33.842,8.998
341,8,1,34.461,9.717,33.776,8.880
342,8,1,34.490,9.666,33.784,8.844
343,8,1,34.476,9.629,33.821,8.726
344,8,1,34.468,9.622,33.857,8.697
345,8,1,34.483,9.607,33.858,8.675
346,8,1,34.498,9.629,33.865,8.667
347,8,1,34.505,9.614,33.872,8.638
348,8,1,34.527,9.570,33.880,8.616
349,8,1,34.557,9.563,33.887,8.623
350,8,1,34.527,9.555,33.887,8.623
351,8,1,34.512,9.526,33.887,8.608
352,8,1,34.535,9.497,33.894,8.608
353,8,1,34.579,9.452,33.858,8.616
354,8,1,34.571,9.386,33.850,8.586
355,8,1,34.623,9.283,33.917,8.542
356,8,1,34.557,9.283,33.975,8.549
357,8,1,34.557,9.247,33.976,8.513
358,8,1,34.572,9.224,33.990,8.491
359,8,1,34.616,9.144,33.902,8.461
360,8,1,34.623,9.121,33.909,8.417
361,8,1,34.594,9.136,33.909,8.366
362,8,1,34.623,9.166,33.887,8.307
363,8,1,34.586,9.144,33.902,8.182
364,8,1,34.564,9.107,33.873,8.168
365,8,1,34.586,9.100,33.895,8.153
366,8,1,34.608,9.092,33.880,8.138
367,8,1,34.535,8.975,33.954,8.256
368,8,1,34.535,8.938,33.954,8.219
369,8,1,34.550,8.901,33.968,8.182
370,8,1,34.550,8.879,33.968,8.160
371,8,1,34.564,8.828,33.983,8.109
372,8,1,34.704,8.651,34.079,7.976
373,8,1,34.675,8.673,34.094,7.962
374,8,1,34.675,8.644,34.094,7.932
375,8,1,34.675,8.614,34.094,7.903
376,8,1,34.675,8.585,34.094,7.874
377,8,1,34.690,8.556,34.109,7.844
378,8,1,34.704,8.526,34.123,7.815
379,8,1,34.690,8.497,34.109,7.785
380,8,1,34.704,8.468,34.123,7.756
381,8,1,34.660,8.468,33.866,7.661
382,8,1,34.653,8.424,33.903,7.573
383,8,1,34.682,8.416,33.925,7.551
384,8,1,34.682,8.424,33.917,7.558
385,8,1,34.682,8.431,33.895,7.565
386,8,1,34.675,8.424,33.910,7.573
387,8,1,34.653,8.402,33.917,7.565
388,8,1,34.638,8.372,33.910,7.551
389,8,1,34.631,8.291,33.903,7.529
390,8,1,34.646,8.262,33.910,7.514
391,8,1,34.660,8.167,33.881,7.499
392,8,1,34.646,8.145,33.851,7.477
393,8,1,34.631,8.020,33.844,7.470
394,8,1,34.609,7.924,33.844,7.397
395,8,1,34.513,8.005,33.932,7.323
396,8,1,34.513,7.976,33.932,7.294
397,8,1,34.499,7.947,33.918,7.264
398,8,1,34.484,7.917,33.903,7.235
399,8,1,34.484,7.888,33.903,7.206
400,8,1,34.484,7.858,33.903,7.176
401,8,1,34.484,7.814,33.903,7.132
402,8,1,34.484,7.785,33.903,7.103
403,8,1,34.550,7.844,33.866,6.905
404,8,1,34.572,7.858,33.881,6.883
405,8,1,34.572,7.829,33.881,6.861
406,8,1,34.513,7.682,33.933,7.000
407,8,1,34.514,7.653,33.933,6.971
408,8,1,34.499,7.609,33.918,6.927
409,8,1,34.484,7.580,33.903,6.898
410,8,1,34.499,7.536,33.918,6.854
411,8,1,34.484,7.506,33.903,6.824
412,8,1,34.499,7.477,33.918,6.795
413,8,1,34.484,7.433,33.903,6.751
414,8,1,34.499,7.403,33.918,6.722
415,8,1,34.499,7.374,33.918,6.692
416,8,1,34.514,7.345,33.933,6.663
417,8,1,34.528,7.315,33.948,6.634
418,8,1,34.528,7.286,33.948,6.604
419,8,1,34.609,7.220,33.852,6.414
420,8,1,34.587,7.235,33.852,6.370
421,8,1,34.587,7.227,33.882,6.340
422,8,1,34.609,7.249,33.896,6.318
423,8,1,34.609,7.213,33.896,6.289
424,8,1,34.595,7.227,33.882,6.304
425,8,1,34.580,7.191,33.889,6.252
426,8,1,34.521,7.066,33.940,6.384
427,8,1,34.521,7.037,33.941,6.355
428,8,1,34.507,7.007,33.926,6.326
429,8,1,34.536,6.971,33.852,6.062
430,8,1,34.558,6.912,33.867,6.032
431,8,1,34.543,6.773,33.838,5.981
432,8,1,34.477,6.721,33.897,6.040
433,8,1,34.477,6.692,33.897,6.010
434,8,1,34.477,6.663,33.897,5.981
435,8,1,34.477,6.633,33.897,5.952
436,8,1,34.477,6.604,33.897,5.922
437,8,1,34.477,6.560,33.897,5.878
438,8,1,34.477,6.516,33.897,5.835
439,8,1,34.477,6.487,33.897,5.805
440,8,1,34.477,6.457,33.897,5.776
441,8,1,34.477,6.413,33.897,5.732
442,8,1,34.492,6.369,33.912,5.688
443,8,1,34.492,6.340,33.912,5.659
444,8,1,34.492,6.311,33.912,5.629
445,8,1,34.492,6.267,33.912,5.585
446,8,1,34.507,6.223,33.927,5.541
447,8,1,34.507,6.208,33.927,5.527
448,8,1,34.507,6.150,33.927,5.468
449,8,1,34.522,6.120,33.941,5.439
450,8,1,34.522,6.091,33.941,5.410
451,8,1,34.522,6.062,33.941,5.380
452,8,1,34.536,6.032,33.956,5.351
453,8,1,34.536,6.003,33.956,5.322
454,8,1,34.551,5.974,33.971,5.292
455,8,1,34.551,5.944,33.971,5.263
456,8,1,34.551,5.901,33.971,5.219
457,8,1,34.551,5.886,33.971,5.205
458,8,1,34.551,5.827,33.971,5.146
459,8,1,34.551,5.798,33.971,5.117
460,8,1,34.551,5.754,33.971,5.073
461,8,1,34.632,6.018,33.920,5.036
462,8,1,34.647,5.988,33.942,5.029
463,8,1,34.581,5.849,34.000,5.168
464,8,1,34.573,5.586,33.949,4.912
465,8,1,34.551,5.593,33.971,4.919
466,8,1,34.551,5.556,33.971,4.882
467,8,1,34.551,5.520,33.971,4.846
468,8,1,34.551,5.498,33.971,4.824
469,8,1,34.537,5.446,33.957,4.773
470,8,1,34.537,5.424,33.957,4.751
471,8,1,34.537,5.388,33.957,4.714
472,8,1,34.537,5.351,33.957,4.677
473,8,1,34.537,5.315,33.957,4.641
474,8,1,34.537,5.278,33.957,4.604
475,8,1,34.537,5.241,33.957,4.568
476,8,1,34.537,5.205,33.957,4.531
477,8,1,34.537,5.168,33.957,4.494
478,8,1,34.537,5.132,33.957,4.458
479,8,1,34.537,5.080,33.957,4.407
480,8,1,34.537,5.058,33.957,4.385
481,8,1,34.537,5.007,33.957,4.333
66,9,1,32.479,17.793,31.770,16.447
67,9,1,32.472,17.785,31.770,16.447
68,9,1,32.472,17.756,31.770,16.418
69,9,1,32.472,17.726,31.770,16.388
70,9,1,32.472,17.696,31.770,16.358
71,9,1,32.457,17.667,31.755,16.329
72,9,1,32.457,17.622,31.756,16.284
73,9,1,32.457,17.593,31.756,16.255
74,9,1,32.457,17.563,31.756,16.225
75,9,1,32.457,17.518,31.756,16.181
76,9,1,32.458,17.429,31.800,16.447
77,9,1,32.458,17.385,31.778,16.425
78,9,1,32.465,17.325,31.748,16.425
79,9,1,32.443,17.281,31.733,16.433
80,9,1,32.451,17.222,31.770,16.425
81,9,1,32.428,17.192,31.748,16.433
82,9,1,32.436,17.170,31.748,16.433
83,9,1,32.428,17.125,31.748,16.455
84,9,1,32.421,17.088,31.740,16.448
85,9,1,32.429,17.059,31.718,16.425
86,9,1,32.436,17.066,31.748,16.381
87,9,1,32.406,17.103,31.748,16.240
88,9,1,32.406,16.992,31.726,16.114
89,9,1,32.406,16.977,31.749,16.018
90,9,1,32.414,16.933,31.749,15.951
91,9,1,32.414,16.925,31.734,15.892
92,9,1,32.407,16.918,31.734,15.869
93,9,1,32.429,16.940,31.727,15.781
94,9,1,32.399,16.866,31.756,15.817
95,9,1,32.422,16.836,31.756,15.788
96,9,1,32.392,16.785,31.757,15.766
97,9,1,32.422,16.688,31.764,15.743
98,9,1,32.422,16.710,31.771,15.706
99,9,1,32.414,16.658,31.764,15.758
100,9,1,32.422,16.621,31.771,15.721
101,9,1,32.415,16.584,31.764,15.684
102,9,1,32.422,16.562,31.772,15.662
103,9,1,32.415,16.525,31.764,15.625
104,9,1,32.422,16.503,31.772,15.603
105,9,1,32.430,16.466,31.779,15.565
106,9,1,32.437,16.443,31.787,15.543
107,9,1,32.430,16.406,31.779,15.506
108,9,1,32.437,16.384,31.787,15.484
109,9,1,32.445,16.310,31.809,15.343
110,9,1,32.445,16.280,31.817,15.284
111,9,1,32.437,16.243,31.824,15.232
112,9,1,32.445,16.191,31.817,15.291
113,9,1,32.445,16.154,31.817,15.254
114,9,1,32.445,16.117,31.817,15.217
115,9,1,32.445,16.080,31.817,15.180
116,9,1,32.445,16.043,31.817,15.143
117,9,1,32.445,15.991,31.817,15.091
118,9,1,32.445,15.969,31.817,15.069
119,9,1,32.460,15.917,31.832,15.017
120,9,1,32.445,15.895,31.817,14.995
121,9,1,32.460,15.843,31.832,14.943
122,9,1,32.445,15.821,31.817,14.921
123,9,1,32.460,15.784,31.832,14.884
124,9,1,32.460,15.762,31.832,14.862
125,9,1,32.460,15.739,31.832,14.840
126,9,1,32.460,15.717,31.832,14.817
127,9,1,32.475,15.680,31.847,14.780
128,9,1,32.490,15.658,31.862,14.758
129,9,1,32.475,15.621,31.847,14.721
130,9,1,32.490,15.584,31.862,14.684
131,9,1,32.475,15.547,31.848,14.647
132,9,1,32.490,15.525,31.862,14.625
133,9,1,32.475,15.488,31.848,14.588
134,9,1,32.490,15.465,31.863,14.566
135,9,1,32.490,15.413,31.863,14.514
136,9,1,32.490,15.391,31.863,14.492
137,9,1,32.491,15.354,31.863,14.455
138,9,1,32.491,15.317,31.863,14.418
139,9,1,32.491,15.280,31.863,14.381
140,9,1,32.491,15.258,31.863,14.358
141,9,1,32.424,15.207,31.937,14.306
142,9,1,32.424,15.184,31.937,14.284
143,9,1,32.424,15.147,31.937,14.247
144,9,1,32.424,15.125,31.937,14.225
145,9,1,32.424,15.088,31.937,14.188
146,9,1,32.424,15.066,31.937,14.166
147,9,1,32.424,15.029,31.937,14.129
148,9,1,32.424,15.007,31.937,14.107
149,9,1,32.424,14.970,31.937,14.070
150,9,1,32.521,14.969,32.004,14.032
151,9,1,32.499,14.947,32.012,14.047
152,9,1,32.491,14.910,32.004,14.010
153,9,1,32.484,14.888,31.997,13.988
154,9,1,32.491,14.851,32.004,13.951
155,9,1,32.484,14.814,31.997,13.914
156,9,1,32.491,14.777,32.004,13.877
157,9,1,32.484,14.740,31.997,13.840
158,9,1,32.492,14.703,32.005,13.803
159,9,1,32.484,14.666,31.997,13.766
160,9,1,32.492,14.629,32.005,13.729
161,9,1,32.484,14.592,31.997,13.692
162,9,1,32.492,14.555,32.005,13.655
163,9,1,32.484,14.533,31.997,13.633
164,9,1,32.492,14.496,32.005,13.596
165,9,1,32.484,14.459,31.998,13.559
166,9,1,32.492,14.422,32.005,13.522
167,9,1,32.485,14.400,31.998,13.500
168,9,1,32.477,14.363,31.990,13.463
169,9,1,32.470,14.341,31.983,13.441
170,9,1,32.477,14.304,31.990,13.404
171,9,1,32.536,14.348,31.872,13.412
172,9,1,32.566,14.325,31.872,13.390
173,9,1,32.566,14.296,31.865,13.375
174,9,1,32.485,14.237,31.791,13.397
175,9,1,32.492,14.170,31.783,13.375
176,9,1,32.478,14.163,31.769,13.375
177,9,1,32.515,14.096,31.732,13.346
178,9,1,32.367,14.156,31.880,13.286
179,9,1,32.374,14.119,31.887,13.249
180,9,1,32.367,14.082,31.880,13.212
181,9,1,32.374,14.060,31.887,13.190
182,9,1,32.382,14.008,31.895,13.138
183,9,1,32.604,13.889,31.813,13.294
184,9,1,32.448,14.015,31.961,13.153
185,9,1,32.441,13.986,31.954,13.123
186,9,1,32.448,13.956,31.961,13.094
187,9,1,32.441,13.927,31.954,13.064
188,9,1,32.448,13.912,31.962,13.049
189,9,1,32.441,13.897,31.954,13.035
190,9,1,32.434,13.853,31.947,12.990
191,9,1,32.426,13.838,31.939,12.976
192,9,1,32.419,13.794,31.932,12.931
193,9,1,32.412,13.779,31.925,12.917
194,9,1,32.404,13.735,31.917,12.872
195,9,1,32.397,13.720,31.910,12.857
196,9,1,32.404,13.676,31.918,12.813
197,9,1,32.397,13.661,31.910,12.798
198,9,1,32.404,13.616,31.918,12.754
199,9,1,32.397,13.602,31.910,12.739
200,9,1,32.405,13.557,31.918,12.695
201,9,1,32.412,13.543,31.925,12.680
202,9,1,32.419,13.498,31.933,12.636
203,9,1,32.412,13.483,31.925,12.621
204,9,1,32.420,13.454,31.933,12.591
205,9,1,32.412,13.439,31.925,12.577
206,9,1,32.420,13.424,31.933,12.562
207,9,1,32.412,13.395,31.925,12.532
208,9,1,32.619,13.253,31.874,12.363
209,9,1,32.486,13.247,32.000,12.384
210,9,1,32.494,13.217,32.007,12.355
211,9,1,32.486,13.188,32.000,12.325
212,9,1,32.494,13.173,32.007,12.311
213,9,1,32.487,13.143,32.000,12.281
214,9,1,32.509,13.114,32.022,12.252
215,9,1,32.501,13.084,32.015,12.222
216,9,1,32.509,13.055,32.022,12.192
217,9,1,32.502,13.025,32.015,12.163
218,9,1,32.509,12.995,32.022,12.133
219,9,1,32.516,12.966,32.030,12.104
220,9,1,32.590,13.039,32.059,12.266
221,9,1,32.561,13.076,32.074,12.222
222,9,1,32.568,13.054,32.081,12.200
223,9,1,32.561,13.032,32.074,12.178
224,9,1,32.553,12.995,32.067,12.141
225,9,1,32.546,12.973,32.059,12.119
226,9,1,32.553,12.936,32.067,12.082
227,9,1,32.546,12.914,32.059,12.059
228,9,1,32.539,12.892,32.052,12.037
229,9,1,32.531,12.870,32.045,12.015
230,9,1,32.524,12.833,32.037,11.978
231,9,1,32.517,12.811,32.030,11.956
232,9,1,32.524,12.774,32.038,11.919
233,9,1,32.517,12.752,32.030,11.897
234,9,1,32.509,12.715,32.023,11.860
235,9,1,32.502,12.693,32.016,11.838
236,9,1,32.495,12.656,32.008,11.801
237,9,1,32.487,12.634,32.001,11.779
239,9,1,32.540,12.360,32.075,11.499
240,9,1,32.547,12.360,32.068,11.506
241,9,1,32.562,12.338,32.083,11.484
242,9,1,32.577,12.301,32.098,11.447
243,9,1,32.577,12.279,32.098,11.425
244,9,1,32.591,12.242,32.112,11.388
245,9,1,32.591,12.235,32.112,11.380
246,9,1,32.606,12.198,32.127,11.344
247,9,1,32.606,12.176,32.127,11.321
248,9,1,32.606,12.153,32.127,11.299
249,9,1,32.621,12.131,32.142,11.277
250,9,1,32.636,12.094,32.157,11.240
251,9,1,32.769,11.954,32.275,11.129
252,9,1,32.754,11.968,32.275,11.122
253,9,1,32.769,11.939,32.290,11.092
254,9,1,32.784,11.909,32.305,11.063
255,9,1,32.799,11.880,32.320,11.033
256,9,1,32.799,11.850,32.320,11.004
257,9,1,32.814,11.821,32.335,10.974
258,9,1,32.829,11.791,32.350,10.945
259,9,1,32.829,11.762,32.350,10.915
260,9,1,32.843,11.732,32.365,10.886
261,9,1,32.858,11.717,32.379,10.871
262,9,1,32.858,11.673,32.379,10.827
263,9,1,32.858,11.673,32.379,10.827
264,9,1,32.873,11.644,32.394,10.797
265,9,1,32.873,11.629,32.394,10.782
266,9,1,32.888,11.585,32.409,10.738
267,9,1,32.903,11.570,32.424,10.723
268,9,1,32.918,11.525,32.439,10.679
269,9,1,32.918,11.511,32.439,10.664
270,9,1,32.932,11.466,32.454,10.620
271,9,1,32.947,11.452,32.468,10.605
272,9,1,32.947,11.422,32.468,10.576
273,9,1,32.962,11.393,32.483,10.546
274,9,1,32.977,11.348,32.498,10.502
275,9,1,32.992,11.334,32.513,10.487
276,9,1,33.006,11.289,32.528,10.443
277,9,1,33.021,11.274,32.542,10.428
278,9,1,33.036,11.230,32.557,10.384
279,9,1,33.073,11.215,32.594,10.369
280,9,1,33.007,11.186,32.676,10.340
281,9,1,33.021,11.157,32.690,10.310
282,9,1,33.021,11.157,32.690,10.310
283,9,1,33.191,11.104,32.639,10.325
284,9,1,33.191,11.068,32.639,10.288
285,9,1,33.206,11.045,32.653,10.266
286,9,1,33.221,11.023,32.668,10.244
287,9,1,33.221,10.986,32.668,10.207
288,9,1,33.236,10.950,32.683,10.170
289,9,1,33.251,10.927,32.698,10.148
290,9,1,33.214,10.905,32.772,10.126
291,9,1,33.228,10.883,32.787,10.104
292,9,1,33.243,10.846,32.801,10.067
293,9,1,33.258,10.824,32.816,10.045
294,9,1,33.273,10.787,32.831,10.008
295,9,1,33.280,10.765,32.838,9.986
296,9,1,33.302,10.743,32.861,9.964
297,9,1,33.332,10.721,32.890,9.941
298,9,1,33.339,10.699,32.898,9.919
299,9,1,33.347,10.677,32.905,9.897
300,9,1,33.362,10.640,32.920,9.860
301,9,1,33.376,10.618,32.935,9.838
302,9,1,33.391,10.581,32.949,9.801
303,9,1,33.354,10.544,33.016,9.765
305,9,1,33.288,10.537,32.949,9.757
306,9,1,33.303,10.507,32.964,9.728
307,9,1,33.317,10.478,32.979,9.698
308,9,1,33.332,10.448,32.994,9.669
309,9,1,33.354,10.412,33.016,9.632
310,9,1,33.369,10.367,33.031,9.588
311,9,1,33.391,10.323,33.053,9.544
312,9,1,33.421,10.286,33.083,9.507
313,9,1,33.583,10.264,33.053,9.441
314,9,1,33.443,10.242,33.186,9.462
315,9,1,33.458,10.213,33.201,9.433
316,9,1,33.473,10.183,33.215,9.404
317,9,1,33.487,10.161,33.230,9.381
318,9,1,33.495,10.131,33.238,9.352
320,9,1,33.488,10.124,33.230,9.345
321,9,1,33.495,10.102,33.238,9.323
322,9,1,33.502,10.065,33.245,9.286
324,9,1,33.495,10.058,33.238,9.278
325,9,1,33.680,9.859,33.172,8.948
326,9,1,33.554,9.800,33.290,9.021
327,9,1,33.554,9.778,33.290,8.999
328,9,1,33.562,9.749,33.297,8.969
329,9,1,33.584,9.749,33.319,8.969
331,9,1,33.576,9.741,33.312,8.962
332,9,1,33.576,9.712,33.312,8.933
333,9,1,33.702,9.528,33.371,8.778
334,9,1,33.665,9.542,33.401,8.771
335,9,1,33.665,9.506,33.401,8.734
336,9,1,33.665,9.476,33.401,8.705
337,9,1,33.665,9.447,33.401,8.675
338,9,1,33.665,9.417,33.401,8.646
339,9,1,33.665,9.388,33.401,8.616
340,9,1,33.665,9.359,33.401,8.587
341,9,1,33.665,9.329,33.401,8.558
342,9,1,33.665,9.300,33.401,8.528
343,9,1,33.665,9.270,33.401,8.499
344,9,1,33.658,9.234,33.394,8.462
345,9,1,33.651,9.204,33.386,8.433
346,9,1,33.651,9.167,33.386,8.396
347,9,1,33.828,9.226,33.187,8.359
348,9,1,33.636,9.175,33.371,8.403
349,9,1,33.636,9.138,33.371,8.367
350,9,1,33.629,9.101,33.364,8.330
351,9,1,33.621,9.064,33.357,8.293
352,9,1,33.621,9.028,33.357,8.256
353,9,1,33.621,8.998,33.357,8.227
354,9,1,33.621,8.962,33.357,8.190
355,9,1,33.621,8.932,33.357,8.161
356,9,1,33.732,8.704,33.401,8.029
357,9,1,33.695,8.748,33.431,7.984
358,9,1,33.695,8.719,33.431,7.955
359,9,1,33.688,8.682,33.424,7.918
360,9,1,33.681,8.645,33.416,7.882
361,9,1,33.681,8.623,33.416,7.860
362,9,1,33.681,8.587,33.416,7.823
363,9,1,33.673,8.565,33.409,7.801
364,9,1,33.666,8.520,33.402,7.757
365,9,1,33.666,8.491,33.402,7.727
366,9,1,33.666,8.454,33.402,7.691
367,9,1,33.659,8.425,33.394,7.661
368,9,1,33.651,8.396,33.387,7.632
369,9,1,33.652,8.359,33.387,7.595
370,9,1,33.652,8.322,33.387,7.559
371,9,1,33.652,8.293,33.387,7.529
372,9,1,33.644,8.263,33.380,7.500
373,9,1,33.637,8.234,33.373,7.470
374,9,1,33.644,8.205,33.380,7.441
375,9,1,33.637,8.168,33.373,7.404
376,9,1,33.637,8.131,33.373,7.368
377,9,1,33.637,8.109,33.373,7.346
378,9,1,33.637,8.080,33.373,7.316
380,9,1,33.630,8.072,33.365,7.309
381,9,1,33.630,8.043,33.365,7.280
382,9,1,33.622,8.014,33.358,7.250
383,9,1,33.622,7.984,33.358,7.221
384,9,1,33.622,7.955,33.358,7.191
385,9,1,33.615,7.925,33.351,7.162
386,9,1,33.600,7.896,33.336,7.133
387,9,1,33.600,7.867,33.336,7.103
388,9,1,33.593,7.830,33.329,7.067
389,9,1,33.593,7.793,33.329,7.030
390,9,1,33.593,7.771,33.329,7.008
391,9,1,33.593,7.735,33.329,6.971
392,9,1,33.593,7.713,33.329,6.949
393,9,1,33.586,7.676,33.322,6.913
394,9,1,33.579,7.654,33.314,6.891
395,9,1,33.586,7.617,33.322,6.854
396,9,1,33.579,7.595,33.314,6.832
397,9,1,33.586,7.558,33.322,6.795
398,9,1,33.586,7.536,33.322,6.773
399,9,1,33.586,7.500,33.322,6.737
400,9,1,33.586,7.478,33.322,6.715
401,9,1,33.586,7.441,33.322,6.678
402,9,1,33.586,7.419,33.322,6.656
403,9,1,33.594,7.382,33.329,6.619
404,9,1,33.601,7.360,33.337,6.597
405,9,1,33.711,7.441,33.005,6.605
406,9,1,33.498,7.397,33.234,6.634
407,9,1,33.505,7.368,33.241,6.605
408,9,1,33.513,7.331,33.248,6.568
409,9,1,33.513,7.294,33.248,6.531
410,9,1,33.513,7.272,33.248,6.509
411,9,1,33.520,7.235,33.256,6.472
412,9,1,33.527,7.206,33.263,6.443
413,9,1,33.528,7.177,33.263,6.414
414,9,1,33.535,7.147,33.271,6.384
415,9,1,33.542,7.118,33.278,6.355
416,9,1,33.542,7.089,33.278,6.326
417,9,1,33.542,7.052,33.278,6.289
418,9,1,33.542,7.015,33.278,6.252
419,9,1,33.542,6.993,33.278,6.230
420,9,1,33.542,6.957,33.278,6.194
421,9,1,33.543,6.927,33.278,6.164
422,9,1,33.543,6.898,33.278,6.135
423,9,1,33.543,6.861,33.278,6.098
424,9,1,33.749,6.912,33.065,6.106
425,9,1,33.749,6.898,33.080,6.106
426,9,1,33.543,6.876,33.278,6.113
427,9,1,33.543,6.839,33.278,6.076
428,9,1,33.543,6.810,33.278,6.047
429,9,1,33.543,6.780,33.278,6.018
430,9,1,33.653,6.516,33.323,5.783
431,9,1,33.617,6.531,33.352,5.776
432,9,1,33.617,6.502,33.352,5.747
433,9,1,33.617,6.472,33.352,5.717
434,9,1,33.624,6.436,33.360,5.681
435,9,1,33.639,6.406,33.375,5.651
436,9,1,33.646,6.377,33.382,5.622
437,9,1,33.639,6.348,33.375,5.593
438,9,1,33.654,6.318,33.389,5.563
439,9,1,33.661,6.289,33.397,5.534
440,9,1,33.661,6.260,33.397,5.505
441,9,1,33.661,6.230,33.397,5.475
442,9,1,33.668,6.201,33.404,5.446
443,9,1,33.683,6.164,33.419,5.409
444,9,1,33.691,6.135,33.426,5.380
445,9,1,33.691,6.098,33.426,5.343
446,9,1,33.705,6.062,33.441,5.307
447,9,1,33.713,6.032,33.449,5.278
448,9,1,33.727,5.996,33.463,5.241
449,9,1,33.735,5.959,33.471,5.204
450,9,1,33.735,5.922,33.471,5.168
451,9,1,33.742,5.893,33.478,5.138
452,9,1,33.750,5.856,33.486,5.102
453,9,1,33.750,5.820,33.486,5.065
454,9,1,33.750,5.791,33.486,5.036
455,9,1,33.757,5.754,33.493,4.999
456,9,1,33.765,5.717,33.500,4.963
457,9,1,33.757,5.688,33.493,4.933
458,9,1,33.765,5.651,33.500,4.897
459,9,1,33.757,5.622,33.493,4.867
460,9,1,33.765,5.585,33.501,4.831
461,9,1,33.757,5.549,33.493,4.794
462,9,1,33.765,5.519,33.501,4.765
463,9,1,33.757,5.483,33.493,4.728
464,9,1,33.757,5.446,33.493,4.692
465,9,1,33.757,5.410,33.493,4.655
466,9,1,33.757,5.373,33.493,4.618
467,9,1,33.758,5.336,33.493,4.582
468,9,1,33.758,5.307,33.494,4.553
469,9,1,33.758,5.270,33.494,4.516
470,9,1,33.758,5.234,33.494,4.479
471,9,1,33.758,5.197,33.494,4.443
472,9,1,33.758,5.168,33.494,4.414
473,9,1,33.758,5.139,33.494,4.384
474,9,1,33.758,5.102,33.494,4.348
475,9,1,33.758,5.073,33.494,4.318
476,9,1,33.758,5.043,33.494,4.289
477,9,1,33.758,5.014,33.494,4.260
478,9,1,33.758,4.977,33.494,4.223
479,9,1,33.758,4.948,33.494,4.194
480,9,1,33.758,4.919,33.494,4.165
481,9,1,33.758,4.890,33.494,4.135
109,10,2,44.519,10.485,43.030,9.940
110,10,2,44.570,10.507,42.672,9.919
111,10,2,44.526,10.544,42.555,9.897
112,10,2,44.482,10.515,42.366,9.905
113,10,2,44.315,10.515,42.241,9.905
114,10,2,44.227,10.494,42.168,9.898
115,10,2,44.206,10.501,42.125,9.876
116,10,2,44.118,10.508,42.139,9.854
117,10,2,44.096,10.479,42.161,9.884
118,10,2,43.994,10.472,42.059,9.877
119,10,2,43.892,10.465,41.957,9.869
120,10,2,43.775,10.458,41.840,9.862
121,10,2,43.659,10.436,41.723,9.841
122,10,2,43.557,10.429,41.620,9.834
123,10,2,43.454,10.422,41.518,9.827
124,10,2,43.338,10.415,41.401,9.819
125,10,2,43.031,10.423,41.153,9.761
126,10,2,42.951,10.416,41.021,9.754
127,10,2,42.834,10.380,40.860,9.747
128,10,2,42.520,10.352,41.043,9.784
129,10,2,42.732,10.358,40.838,9.769
130,10,2,42.469,10.344,40.604,9.697
131,10,2,42.382,10.337,40.480,9.690
132,10,2,42.323,10.308,40.458,9.704
133,10,2,42.330,10.301,40.450,9.712
134,10,2,42.228,10.286,40.348,9.697
135,10,2,42.111,10.257,40.231,9.668
136,10,2,41.994,10.243,40.114,9.654
137,10,2,41.877,10.229,39.997,9.639
138,10,2,41.775,10.200,39.894,9.610
139,10,2,41.673,10.170,39.792,9.581
140,10,2,41.570,10.156,39.689,9.567
141,10,2,41.344,10.186,39.381,9.472
142,10,2,41.249,10.150,39.359,9.413
143,10,2,41.168,10.062,39.118,9.443
144,10,2,40.993,10.055,39.000,9.451
145,10,2,40.934,10.040,38.956,9.378
146,10,2,40.795,10.019,38.890,9.334
147,10,2,40.715,10.012,38.868,9.334
148,10,2,40.736,9.968,38.854,9.370
149,10,2,40.634,9.946,38.751,9.349
150,10,2,40.517,9.924,38.634,9.327
151,10,2,40.261,9.903,38.421,9.261
152,10,2,40.173,9.976,38.282,9.151
153,10,2,40.173,9.866,38.297,9.261
154,10,2,40.078,9.837,38.201,9.232
155,10,2,39.968,9.933,37.871,9.050
156,10,2,39.741,9.852,37.805,9.035
157,10,2,39.463,9.831,37.834,8.947
158,10,2,39.360,9.817,37.739,8.947
159,10,2,39.375,9.721,37.445,8.999
160,10,2,39.353,9.729,37.313,8.948
161,10,2,39.169,9.641,37.269,8.897
162,10,2,39.177,9.634,37.233,8.860
163,10,2,39.081,9.597,37.042,8.846
164,10,2,39.008,9.597,36.961,8.794
165,10,2,38.876,9.561,36.836,8.751
166,10,2,38.685,9.517,36.770,8.714
167,10,2,38.663,9.429,36.807,8.802
168,10,2,38.561,9.408,36.704,8.780
169,10,2,38.443,9.386,36.586,8.758
170,10,2,38.341,9.349,36.484,8.722
171,10,2,38.165,9.328,36.300,8.568
172,10,2,37.937,9.350,36.447,8.472
173,10,2,37.776,9.329,36.381,8.480
174,10,2,37.681,9.358,36.403,8.458
175,10,2,37.739,9.277,36.124,8.370
176,10,2,37.849,9.145,36.028,8.517
177,10,2,37.754,9.123,35.932,8.495
178,10,2,37.644,9.087,35.822,8.459
179,10,2,37.534,9.065,35.712,8.437
180,10,2,37.438,9.043,35.616,8.415
181,10,2,37.328,9.021,35.506,8.393
182,10,2,37.218,8.985,35.396,8.356
183,10,2,37.108,8.963,35.286,8.335
184,10,2,37.012,8.926,35.190,8.298
185,10,2,36.902,8.905,35.080,8.276
186,10,2,36.807,8.883,34.984,8.254
187,10,2,36.697,8.861,34.874,8.232
188,10,2,36.586,8.839,34.763,8.210
189,10,2,36.476,8.817,34.653,8.189
190,10,2,36.366,8.795,34.543,8.167
191,10,2,36.256,8.774,34.432,8.145
192,10,2,36.160,8.752,34.337,8.123
193,10,2,36.035,8.730,34.211,8.101
194,10,2,35.940,8.708,34.116,8.079
195,10,2,35.815,8.686,33.991,8.057
196,10,2,35.705,8.664,33.880,8.035
197,10,2,35.594,8.657,33.770,8.028
198,10,2,35.484,8.635,33.659,8.006
199,10,2,35.374,8.613,33.549,7.984
200,10,2,35.263,8.592,33.438,7.962
201,10,2,35.153,8.584,33.328,7.955
202,10,2,35.043,8.563,33.217,7.933
203,10,2,34.918,8.555,33.092,7.926
204,10,2,34.822,8.548,32.996,7.919
205,10,2,34.697,8.541,32.871,7.912
206,10,2,34.587,8.519,32.760,7.890
207,10,2,34.461,8.527,32.635,7.897
208,10,2,34.351,8.519,32.524,7.890
209,10,2,34.241,8.512,32.414,7.883
210,10,2,34.130,8.505,32.303,7.876
211,10,2,34.005,8.513,32.178,7.883
212,10,2,33.880,8.505,32.052,7.876
213,10,2,33.755,8.498,31.927,7.869
214,10,2,33.644,8.491,31.816,7.861
215,10,2,33.519,8.499,31.690,7.869
216,10,2,33.408,8.491,31.580,7.862
217,10,2,33.283,8.499,31.454,7.869
218,10,2,33.172,8.492,31.343,7.862
219,10,2,33.047,8.499,31.218,7.869
220,10,2,32.936,8.492,31.107,7.862
221,10,2,32.811,8.500,30.981,7.870
222,10,2,32.700,8.507,30.871,7.877
223,10,2,32.575,8.515,30.745,7.885
224,10,2,32.464,8.508,30.634,7.877
225,10,2,32.339,8.515,30.508,7.885
226,10,2,32.228,8.523,30.398,7.892
227,10,2,32.103,8.530,30.272,7.900
228,10,2,31.992,8.538,30.161,7.907
229,10,2,31.852,8.545,30.020,7.915
230,10,2,31.741,8.553,29.909,7.922
231,10,2,31.615,8.560,29.784,7.930
232,10,2,31.504,8.568,29.673,7.937
233,10,2,31.379,8.590,29.547,7.960
234,10,2,31.467,8.693,29.347,7.960
235,10,2,31.320,8.634,29.487,8.004
236,10,2,31.209,8.642,29.376,8.011
237,10,2,31.083,8.649,29.250,8.019
238,10,2,30.958,8.657,29.125,8.026
239,10,2,30.795,8.701,28.747,8.027
240,10,2,30.669,8.716,28.591,8.005
241,10,2,30.558,8.672,28.725,8.041
242,10,2,30.447,8.680,28.613,8.049
243,10,2,30.322,8.673,28.487,8.042
244,10,2,30.196,8.680,28.361,8.049
245,10,2,30.085,8.688,28.250,8.057
246,10,2,29.959,8.695,28.124,8.064
247,10,2,29.833,8.703,27.998,8.072
248,10,2,29.707,8.710,27.872,8.079
249,10,2,29.596,8.718,27.761,8.087
250,10,2,29.470,8.726,27.635,8.094
251,10,2,29.344,8.733,27.508,8.102
252,10,2,29.219,8.741,27.382,8.109
253,10,2,29.107,8.748,27.271,8.117
254,10,2,28.967,8.756,27.130,8.124
255,10,2,28.855,8.763,27.019,8.132
256,10,2,28.715,8.771,26.878,8.140
257,10,2,28.603,8.779,26.766,8.147
258,10,2,28.477,8.786,26.640,8.155
259,10,2,28.351,8.779,26.514,8.147
260,10,2,28.225,8.787,26.387,8.155
261,10,2,28.099,8.794,26.261,8.162
262,10,2,28.092,8.868,26.046,8.148
263,10,2,27.988,8.816,26.149,8.185
264,10,2,27.862,8.824,26.023,8.192
265,10,2,27.654,8.883,25.652,8.141
266,10,2,27.483,8.884,25.533,8.149
267,10,2,27.312,8.891,25.414,8.156
268,10,2,27.164,8.899,25.228,8.142
269,10,2,27.097,8.914,25.220,8.119
270,10,2,27.038,8.892,25.034,8.120
271,10,2,26.882,8.892,24.893,8.142
272,10,2,26.733,8.877,24.774,8.127
273,10,2,26.681,8.819,24.841,8.186
274,10,2,26.555,8.811,24.714,8.179
275,10,2,26.421,8.848,24.476,8.128
276,10,2,26.273,8.849,24.305,8.121
277,10,2,26.139,8.856,24.194,8.091
278,10,2,26.095,8.790,24.253,8.158
279,10,2,25.968,8.783,24.126,8.150
280,10,2,25.857,8.776,24.014,8.143
281,10,2,25.730,8.754,23.888,8.121
282,10,2,25.604,8.746,23.761,8.114
283,10,2,25.478,8.724,23.635,8.092
284,10,2,25.351,8.717,23.508,8.085
285,10,2,25.225,8.695,23.382,8.063
286,10,2,25.098,8.688,23.255,8.055
287,10,2,24.972,8.666,23.128,8.033
288,10,2,24.846,8.644,23.002,8.011
289,10,2,24.541,8.630,22.742,7.768
290,10,2,24.422,8.519,22.676,7.709
291,10,2,24.467,8.438,22.638,7.797
292,10,2,24.341,8.423,22.511,7.783
293,10,2,24.229,8.409,22.399,7.768
294,10,2,24.102,8.394,22.272,7.753
295,10,2,23.976,8.365,22.146,7.724
296,10,2,23.849,8.335,22.019,7.695
297,10,2,23.738,8.306,21.907,7.665
298,10,2,23.611,8.277,21.781,7.636
299,10,2,23.500,8.232,21.669,7.591
300,10,2,23.373,8.203,21.542,7.562
301,10,2,23.262,8.174,21.430,7.533
302,10,2,23.135,8.129,21.304,7.488
303,10,2,23.024,8.100,21.192,7.459
304,10,2,22.897,8.056,21.065,7.415
305,10,2,22.800,8.026,20.968,7.385
306,10,2,22.674,7.982,20.842,7.341
307,10,2,22.562,7.953,20.730,7.311
308,10,2,22.436,7.909,20.603,7.267
309,10,2,22.339,7.864,20.506,7.223
310,10,2,22.212,7.820,20.379,7.178
311,10,2,22.116,7.776,20.282,7.134
312,10,2,21.989,7.746,20.156,7.105
313,10,2,21.877,7.702,20.044,7.060
314,10,2,21.765,7.658,19.932,7.016
315,10,2,21.654,7.614,19.820,6.972
316,10,2,21.542,7.569,19.708,6.927
317,10,2,21.445,7.525,19.611,6.883
318,10,2,21.319,7.481,19.484,6.839
319,10,2,21.207,7.437,19.373,6.795
320,10,2,21.095,7.392,19.261,6.750
321,10,2,20.983,7.363,19.149,6.721
322,10,2,20.872,7.319,19.037,6.676
323,10,2,20.775,7.260,18.940,6.617
324,10,2,20.648,7.200,18.813,6.558
325,10,2,20.552,7.141,18.716,6.499
326,10,2,20.440,7.097,18.604,6.455
327,10,2,20.328,7.038,18.492,6.395
328,10,2,20.216,6.994,18.380,6.351
329,10,2,20.104,6.949,18.269,6.307
330,10,2,19.993,6.905,18.157,6.262
331,10,2,19.881,6.861,18.045,6.218
332,10,2,19.769,6.817,17.933,6.174
333,10,2,19.657,6.757,17.821,6.114
334,10,2,19.545,6.713,17.709,6.070
335,10,2,19.433,6.669,17.597,6.026
336,10,2,19.322,6.624,17.485,5.981
337,10,2,19.210,6.580,17.372,5.937
338,10,2,18.856,6.847,17.241,5.560
339,10,2,19.090,6.514,17.253,5.870
340,10,2,18.993,6.484,17.156,5.841
341,10,2,18.882,6.425,17.044,5.781
342,10,2,18.770,6.381,16.932,5.737
343,10,2,18.658,6.321,16.820,5.678
344,10,2,18.546,6.277,16.708,5.633
345,10,2,18.449,6.233,16.611,5.589
