0 0 1 20.903 8.793 20.046 8.271
1 0 1 20.974 8.776 20.078 8.271
2 0 1 21.070 8.791 20.078 8.311
3 0 1 21.101 8.807 20.109 8.294
4 0 1 21.133 8.799 20.149 8.294
5 0 1 21.165 8.790 20.149 8.263
6 0 1 21.189 8.790 20.149 8.263
7 0 1 21.228 8.814 20.101 8.271
8 0 1 21.157 8.791 20.165 8.294
9 0 1 21.173 8.798 20.181 8.302
10 0 1 21.220 8.806 20.228 8.309
11 0 1 21.236 8.798 20.244 8.301
12 0 1 21.268 8.805 20.276 8.309
13 0 1 21.300 8.797 20.308 8.301
14 0 1 21.332 8.805 20.340 8.308
15 0 1 21.363 8.812 20.371 8.316
16 0 1 21.395 8.820 20.403 8.323
17 0 1 21.427 8.828 20.435 8.331
18 0 1 21.458 8.835 20.466 8.339
19 0 1 21.490 8.827 20.498 8.331
20 0 1 21.522 8.835 20.530 8.338
21 0 1 21.554 8.827 20.562 8.330
22 0 1 21.585 8.834 20.593 8.338
23 0 1 21.617 8.771 20.625 8.274
24 0 1 21.633 8.850 20.641 8.353
25 0 1 21.633 8.857 20.641 8.361
26 0 1 21.657 8.889 20.665 8.392
27 0 1 21.696 8.857 20.705 8.360
28 0 1 21.728 8.864 20.736 8.368
29 0 1 21.760 8.848 20.768 8.352
30 0 1 21.792 8.864 20.800 8.367
31 0 1 21.823 8.872 20.831 8.375
32 0 1 21.855 8.879 20.863 8.383
33 0 1 21.887 8.871 20.895 8.374
34 0 1 21.919 8.879 20.927 8.382
35 0 1 21.966 8.870 20.974 8.374
36 0 1 22.014 8.878 21.022 8.381
37 0 1 22.046 8.870 21.054 8.373
38 0 1 22.077 8.877 21.085 8.381
39 0 1 22.109 8.869 21.117 8.373
40 0 1 22.157 8.861 21.165 8.364
41 0 1 22.204 8.852 21.212 8.356
42 0 1 22.236 8.860 21.244 8.364
43 0 1 22.268 8.852 21.276 8.355
44 0 1 22.299 8.844 21.307 8.347
45 0 1 22.331 8.836 21.339 8.339
46 0 1 22.363 8.827 21.371 8.331
47 0 1 22.394 8.819 21.403 8.323
48 0 1 22.426 8.811 21.434 8.315
49 0 1 22.458 8.819 21.466 8.322
50 0 1 22.490 8.826 21.498 8.330
51 0 1 22.537 8.818 21.545 8.321
52 0 1 22.585 8.825 21.593 8.329
53 0 1 22.616 8.817 21.625 8.321
54 0 1 22.664 8.809 21.672 8.313
55 0 1 22.727 8.800 21.736 8.304
56 0 1 22.775 8.792 21.783 8.296
57 0 1 22.807 8.784 21.815 8.288
58 0 1 22.854 8.791 21.862 8.295
59 0 1 22.918 8.783 21.926 8.287
60 0 1 22.965 8.790 21.974 8.294
61 0 1 22.933 8.680 21.886 8.098
62 0 1 22.909 8.649 21.918 8.153
63 0 1 22.957 8.641 21.965 8.144
64 0 1 23.020 8.632 22.029 8.136
65 0 1 23.068 8.624 22.076 8.128
66 0 1 23.116 8.616 22.124 8.119
67 0 1 23.147 8.607 22.156 8.111
68 0 1 23.179 8.599 22.187 8.103
69 0 1 23.211 8.591 22.219 8.095
70 0 1 23.258 8.583 22.267 8.087
71 0 1 23.306 8.559 22.314 8.062
72 0 1 23.353 8.566 22.362 8.070
73 0 1 23.385 8.558 22.393 8.062
74 0 1 23.432 8.565 22.441 8.069
75 0 1 23.480 8.557 22.488 8.061
76 0 1 23.512 8.565 22.520 8.069
77 0 1 23.559 8.556 22.568 8.060
78 0 1 23.607 8.564 22.615 8.068
79 0 1 23.654 8.556 22.663 8.059
80 0 1 23.702 8.563 22.710 8.067
81 0 1 23.734 8.555 22.742 8.059
82 0 1 23.781 8.562 22.790 8.066
83 0 1 23.829 8.554 22.837 8.058
84 0 1 23.876 8.562 22.885 8.065
85 0 1 23.908 8.553 22.916 8.057
86 0 1 23.940 8.561 22.948 8.065
87 0 1 23.971 8.569 22.980 8.073
88 0 1 24.019 8.576 23.027 8.080
89 0 1 24.050 8.568 23.059 8.072
90 0 1 24.098 8.575 23.107 8.079
91 0 1 24.130 8.583 23.138 8.087
92 0 1 24.177 8.591 23.186 8.094
93 0 1 24.225 8.582 23.233 8.086
94 0 1 24.288 8.590 23.297 8.093
95 0 1 24.336 8.597 23.344 8.101
96 0 1 24.399 8.604 23.408 8.108
97 0 1 24.447 8.612 23.455 8.116
98 0 1 24.494 8.619 23.503 8.123
99 0 1 24.542 8.627 23.550 8.131
100 0 1 24.589 8.619 23.598 8.122
101 0 1 24.653 8.610 23.661 8.114
102 0 1 24.700 8.602 23.709 8.106
103 0 1 24.748 8.593 23.756 8.097
104 0 1 24.779 8.585 23.788 8.089
105 0 1 24.827 8.561 23.835 8.065
106 0 1 24.874 8.553 23.883 8.057
107 0 1 24.906 8.561 23.915 8.065
108 0 1 24.938 8.568 23.946 8.072
109 0 1 24.985 8.560 23.994 8.064
110 0 1 25.033 8.567 24.041 8.071
111 0 1 25.080 8.559 24.089 8.063
112 0 1 25.128 8.566 24.136 8.070
113 0 1 25.175 8.558 24.184 8.062
114 0 1 25.223 8.566 24.231 8.070
115 0 1 25.270 8.557 24.279 8.061
116 0 1 25.318 8.565 24.326 8.069
117 0 1 25.381 8.541 24.390 8.045
118 0 1 25.428 8.548 24.437 8.052
119 0 1 25.476 8.540 24.485 8.044
120 0 1 25.508 8.547 24.516 8.051
121 0 1 25.539 8.539 24.548 8.043
122 0 1 25.587 8.547 24.596 8.051
123 0 1 25.618 8.539 24.627 8.043
124 0 1 25.650 8.562 24.659 8.066
125 0 1 25.698 8.554 24.707 8.058
126 0 1 25.729 8.561 24.738 8.065
127 0 1 25.777 8.569 24.786 8.073
128 0 1 25.809 8.576 24.817 8.080
129 0 1 25.856 8.584 24.865 8.088
130 0 1 25.904 8.591 24.912 8.095
131 0 1 25.951 8.583 24.960 8.087
132 0 1 26.014 8.590 25.023 8.094
133 0 1 26.062 8.582 25.071 8.086
134 0 1 26.109 8.589 25.118 8.094
135 0 1 26.173 8.581 25.182 8.085
136 0 1 26.220 8.589 25.229 8.093
137 0 1 26.268 8.596 25.277 8.100
138 0 1 26.331 8.588 25.340 8.092
139 0 1 26.378 8.579 25.387 8.083
140 0 1 26.426 8.571 25.435 8.075
141 0 1 26.473 8.547 25.482 8.051
142 0 1 26.521 8.539 25.530 8.043
143 0 1 26.568 8.515 25.577 8.019
144 0 1 26.616 8.506 25.625 8.010
145 0 1 26.663 8.498 25.672 8.002
146 0 1 26.695 8.506 25.704 8.010
147 0 1 26.726 8.513 25.735 8.017
148 0 1 26.774 8.521 25.783 8.025
149 0 1 26.821 8.512 25.830 8.017
150 0 1 26.869 8.520 25.878 8.024
151 0 1 26.916 8.512 25.925 8.016
152 0 1 26.964 8.503 25.973 8.007
153 0 1 27.027 8.495 26.036 7.999
154 0 1 27.074 8.486 26.083 7.991
155 0 1 27.122 8.478 26.131 7.982
156 0 1 27.169 8.470 26.178 7.974
157 0 1 27.201 8.462 26.210 7.966
158 0 1 27.233 8.485 26.242 7.989
159 0 1 27.264 8.477 26.273 7.981
160 0 1 27.296 8.485 26.305 7.989
161 0 1 27.327 8.476 26.337 7.981
162 0 1 27.375 8.484 26.384 7.988
163 0 1 27.406 8.476 26.416 7.980
164 0 1 27.454 8.483 26.463 7.987
165 0 1 27.486 8.475 26.495 7.979
166 0 1 27.533 8.483 26.542 7.987
167 0 1 27.580 8.474 26.590 7.979
168 0 1 27.628 8.482 26.637 7.986
169 0 1 27.675 8.473 26.685 7.978
170 0 1 27.723 8.465 26.732 7.969
171 0 1 27.770 8.457 26.779 7.961
172 0 1 27.818 8.464 26.827 7.969
173 0 1 27.865 8.456 26.874 7.960
174 0 1 27.913 8.463 26.922 7.968
175 0 1 27.960 8.455 26.969 7.960
176 0 1 28.007 8.447 27.017 7.951
177 0 1 28.055 8.439 27.064 7.943
178 0 1 28.086 8.430 27.096 7.935
179 0 1 28.134 8.422 27.143 7.927
180 0 1 28.165 8.414 27.175 7.918
181 0 1 28.213 8.390 27.222 7.894
182 0 1 28.244 8.398 27.254 7.902
183 0 1 28.276 8.389 27.285 7.894
184 0 1 28.308 8.397 27.317 7.901
185 0 1 28.355 8.389 27.364 7.893
186 0 1 28.387 8.396 27.396 7.901
187 0 1 28.418 8.388 27.428 7.893
188 0 1 28.466 8.396 27.475 7.900
189 0 1 28.497 8.403 27.507 7.908
190 0 1 28.545 8.411 27.554 7.915
191 0 1 28.592 8.402 27.602 7.907
192 0 1 28.624 8.410 27.633 7.914
193 0 1 28.671 8.402 27.681 7.906
194 0 1 28.719 8.409 27.728 7.914
195 0 1 28.750 8.417 27.760 7.921
196 0 1 28.782 8.424 27.791 7.929
197 0 1 28.814 8.416 27.823 7.921
198 0 1 28.845 8.440 27.855 7.944
199 0 1 28.877 8.431 27.886 7.936
200 0 1 28.909 8.439 27.918 7.944
201 0 1 28.940 8.447 27.950 7.951
202 0 1 28.972 8.454 27.981 7.959
203 0 1 29.003 8.462 28.013 7.966
204 0 1 29.035 8.469 28.045 7.974
205 0 1 29.067 8.493 28.076 7.997
206 0 1 29.114 8.500 28.124 8.005
207 0 1 29.146 8.508 28.155 8.012
208 0 1 29.193 8.515 28.203 8.020
209 0 1 29.241 8.523 28.250 8.027
210 0 1 29.288 8.530 28.298 8.035
211 0 1 29.336 8.538 28.345 8.042
212 0 1 29.383 8.561 28.393 8.065
213 0 1 29.431 8.568 28.440 8.073
214 0 1 29.478 8.576 28.488 8.080
215 0 1 29.526 8.583 28.535 8.088
216 0 1 29.573 8.591 28.583 8.095
217 0 1 29.605 8.598 28.614 8.103
218 0 1 29.652 8.606 28.662 8.110
219 0 1 29.700 8.598 28.709 8.102
220 0 1 29.731 8.605 28.741 8.110
221 0 1 29.779 8.597 28.788 8.101
222 0 1 29.810 8.605 28.820 8.109
223 0 1 29.858 8.596 28.867 8.101
224 0 1 29.889 8.604 28.899 8.108
225 0 1 29.937 8.596 28.946 8.100
226 0 1 29.968 8.603 28.978 8.108
227 0 1 30.016 8.595 29.025 8.099
228 0 1 30.063 8.587 29.073 8.091
229 0 1 30.110 8.578 29.120 8.083
230 0 1 30.511 8.252 29.804 7.565
231 0 1 30.166 8.586 29.096 8.020
232 0 1 30.000 8.626 29.285 7.948
233 0 1 30.040 8.626 29.325 7.947
234 0 1 30.079 8.626 29.364 7.947
235 0 1 30.119 8.625 29.404 7.947
236 0 1 30.142 8.625 29.427 7.946
237 0 1 30.182 8.641 29.467 7.962
238 0 1 30.190 8.641 29.475 7.962
239 0 1 30.213 8.640 29.498 7.961
240 0 1 30.269 8.624 29.554 7.945
241 0 1 30.324 8.608 29.609 7.929
242 0 1 30.363 8.576 29.648 7.897
243 0 1 30.418 8.560 29.703 7.881
244 0 1 30.458 8.544 29.743 7.865
245 0 1 30.497 8.528 29.782 7.849
246 0 1 30.536 8.512 29.822 7.833
247 0 1 30.592 8.495 29.877 7.817
248 0 1 30.631 8.479 29.916 7.800
249 0 1 30.686 8.463 29.971 7.784
250 0 1 30.741 8.447 30.026 7.768
251 0 1 30.797 8.431 30.082 7.752
252 0 1 30.836 8.430 30.121 7.752
253 0 1 30.891 8.414 30.176 7.735
254 0 1 30.915 8.414 30.200 7.735
255 0 1 30.970 8.398 30.255 7.719
256 0 1 30.994 8.397 30.279 7.719
257 0 1 31.017 8.397 30.303 7.719
258 0 1 31.057 8.365 30.342 7.687
260 0 1 31.230 8.285 30.515 7.599
261 0 1 31.222 8.277 30.507 7.599
262 0 1 31.245 8.261 30.531 7.583
263 0 1 31.285 8.245 30.570 7.567
264 0 1 31.309 8.245 30.594 7.567
265 0 1 31.348 8.245 30.633 7.566
266 0 1 31.387 8.229 30.672 7.550
267 0 1 31.427 8.213 30.712 7.534
268 0 1 31.482 8.181 30.767 7.502
269 0 1 31.552 8.133 30.838 7.454
270 0 1 31.592 8.085 30.877 7.407
271 0 1 31.631 8.085 30.916 7.407
272 0 1 31.670 8.053 30.955 7.375
274 0 1 31.662 8.045 30.947 7.367
275 0 1 31.985 7.869 31.222 7.200
276 0 1 31.953 7.870 31.238 7.199
277 0 1 31.977 7.877 31.262 7.207
278 0 1 32.000 7.885 31.286 7.215
279 0 1 32.056 7.877 31.341 7.206
280 0 1 32.095 7.884 31.380 7.214
281 0 1 32.150 7.876 31.436 7.206
282 0 1 32.362 7.740 31.703 7.093
284 0 1 32.378 7.748 31.671 7.086
285 0 1 32.425 7.748 31.719 7.085
286 0 1 32.488 7.747 31.782 7.085
287 0 1 32.536 7.747 31.829 7.084
288 0 1 32.599 7.746 31.892 7.084
289 0 1 32.646 7.746 31.939 7.083
290 0 1 32.693 7.745 31.987 7.083
291 0 1 32.741 7.761 32.034 7.098
292 0 1 32.788 7.760 32.081 7.098
293 0 1 32.836 7.760 32.129 7.098
294 0 1 32.867 7.760 32.160 7.097
295 0 1 32.914 7.759 32.208 7.097
296 0 1 32.962 7.759 32.255 7.097
297 0 1 33.009 7.758 32.302 7.096
298 0 1 33.041 7.774 32.334 7.112
299 0 1 33.088 7.773 32.381 7.111
300 0 1 33.135 7.789 32.429 7.127
301 0 1 33.183 7.804 32.476 7.142
302 0 1 33.230 7.819 32.523 7.157
303 0 1 33.278 7.835 32.571 7.173
304 0 1 33.341 7.850 32.634 7.188
305 0 1 33.404 7.849 32.697 7.187
306 0 1 33.451 7.865 32.744 7.202
307 0 1 33.499 7.880 32.792 7.218
308 0 1 33.546 7.895 32.839 7.233
309 0 1 33.594 7.911 32.887 7.248
310 0 1 33.625 7.926 32.918 7.264
311 0 1 33.673 7.941 32.966 7.279
312 0 1 33.704 7.957 32.997 7.295
313 0 1 33.752 7.972 33.045 7.310
314 0 1 33.799 7.988 33.092 7.325
315 0 1 33.831 8.019 33.124 7.356
316 0 1 33.878 8.034 33.171 7.372
317 0 1 33.910 8.049 33.203 7.387
318 0 1 33.958 8.081 33.251 7.418
319 0 1 34.005 8.096 33.298 7.434
320 0 1 34.053 8.127 33.346 7.465
321 0 1 34.100 8.158 33.393 7.496
322 0 1 34.148 8.189 33.441 7.527
323 0 1 34.195 8.220 33.488 7.558
324 0 1 34.243 8.251 33.536 7.589
325 0 1 34.290 8.266 33.583 7.604
326 0 1 34.338 8.297 33.631 7.635
327 0 1 34.385 8.329 33.678 7.666
328 0 1 34.417 8.344 33.710 7.682
329 0 1 34.465 8.359 33.757 7.697
330 0 1 34.496 8.391 33.789 7.728
331 0 1 34.544 8.406 33.837 7.743
332 0 1 34.591 8.421 33.884 7.759
333 0 1 34.623 8.437 33.916 7.774
334 0 1 34.670 8.452 33.963 7.790
335 0 1 34.718 8.467 34.011 7.805
336 0 1 34.750 8.498 34.042 7.836
337 0 1 34.797 8.514 34.090 7.851
338 0 1 34.845 8.545 34.137 7.882
339 0 1 34.892 8.560 34.185 7.898
340 0 1 34.940 8.591 34.232 7.929
341 0 1 34.987 8.622 34.280 7.960
342 0 1 35.050 8.637 34.343 7.975
343 0 1 35.098 8.653 34.390 7.990
344 0 1 35.145 8.684 34.438 8.021
345 0 1 35.177 8.699 34.470 8.037
346 0 1 35.224 8.715 34.517 8.052
347 0 1 35.256 8.746 34.549 8.083
348 0 1 35.304 8.761 34.596 8.099
349 0 1 35.335 8.792 34.628 8.130
350 0 1 35.367 8.808 34.660 8.145
351 0 1 35.399 8.823 34.691 8.161
352 0 1 35.446 8.839 34.739 8.176
353 0 1 35.494 8.854 34.786 8.191
354 0 1 35.525 8.869 34.818 8.207
355 0 1 35.573 8.885 34.865 8.222
356 0 1 35.620 8.884 34.913 8.222
357 0 1 35.667 8.900 34.960 8.237
358 0 1 35.715 8.915 35.007 8.252
359 0 1 35.762 8.930 35.055 8.268
360 0 1 35.810 8.961 35.102 8.299
361 0 1 35.857 8.977 35.150 8.314
362 0 1 35.889 8.992 35.181 8.330
363 0 1 35.936 9.007 35.229 8.345
364 0 1 35.984 9.023 35.276 8.360
365 0 1 36.031 9.038 35.324 8.375
366 0 1 36.079 9.038 35.371 8.375
367 0 1 36.110 9.053 35.403 8.391
368 0 1 36.157 9.053 35.450 8.390
369 0 1 36.205 9.068 35.497 8.405
370 0 1 36.252 9.068 35.545 8.405
371 0 1 36.299 9.067 35.592 8.405
372 0 1 36.347 9.082 35.639 8.420
373 0 1 36.378 9.082 35.671 8.420
374 0 1 36.426 9.082 35.718 8.419
375 0 1 36.473 9.097 35.765 8.435
376 0 1 36.520 9.097 35.813 8.434
377 0 1 36.568 9.096 35.860 8.434
378 0 1 36.615 9.112 35.907 8.449
379 0 1 36.678 9.111 35.970 8.449
380 0 1 36.725 9.111 36.018 8.448
381 0 1 36.773 9.126 36.065 8.463
382 0 1 36.820 9.125 36.112 8.463
383 0 1 36.852 9.141 36.144 8.478
384 0 1 36.899 9.141 36.191 8.478
385 0 1 36.931 9.156 36.223 8.493
386 0 1 36.978 9.156 36.270 8.493
387 0 1 37.025 9.155 36.317 8.493
388 0 1 37.057 9.171 36.349 8.508
389 0 1 37.104 9.170 36.396 8.508
390 0 1 37.151 9.170 36.444 8.507
391 0 1 37.183 9.185 36.475 8.523
392 0 1 37.230 9.185 36.522 8.522
393 0 1 37.278 9.200 36.570 8.538
394 0 1 37.325 9.200 36.617 8.537
395 0 1 37.372 9.215 36.665 8.553
396 0 1 37.435 9.214 36.728 8.552
397 0 1 37.483 9.230 36.775 8.567
398 0 1 37.530 9.245 36.822 8.583
399 0 1 37.577 9.245 36.870 8.582
400 0 1 37.625 9.260 36.917 8.598
401 0 1 37.672 9.260 36.964 8.597
402 0 1 37.719 9.259 37.011 8.597
403 0 1 37.766 9.259 37.059 8.596
404 0 1 37.814 9.258 37.106 8.596
405 0 1 37.845 9.258 37.137 8.596
406 0 1 37.892 9.258 37.185 8.595
407 0 1 37.940 9.241 37.232 8.579
408 0 1 37.971 9.225 37.263 8.563
409 0 1 38.018 9.225 37.310 8.563
410 0 1 38.050 9.225 37.342 8.562
411 0 1 38.097 9.209 37.389 8.546
412 0 1 38.144 9.208 37.436 8.546
413 0 1 38.191 9.192 37.483 8.530
414 0 1 38.238 9.192 37.530 8.529
415 0 1 38.285 9.175 37.577 8.513
416 0 1 38.332 9.175 37.625 8.513
417 0 1 38.364 9.159 37.656 8.497
418 0 1 38.411 9.159 37.703 8.496
419 0 1 38.442 9.143 37.734 8.480
420 0 1 38.489 9.142 37.782 8.480
421 0 1 38.521 9.142 37.813 8.480
422 0 1 38.552 9.142 37.845 8.479
423 0 1 38.584 9.141 37.876 8.479
424 0 1 38.615 9.141 37.908 8.479
425 0 1 38.647 9.141 37.939 8.479
426 0 1 38.663 9.141 37.955 8.478
427 0 1 38.694 9.140 37.986 8.478
428 0 1 38.726 9.140 38.018 8.478
429 0 1 38.757 9.124 38.049 8.462
430 0 1 38.788 9.124 38.081 8.462
431 0 1 38.820 9.123 38.112 8.461
432 0 1 38.851 9.123 38.143 8.461
433 0 1 38.883 9.123 38.175 8.461
434 0 1 38.930 9.123 38.222 8.460
435 0 1 38.961 9.122 38.254 8.460
436 0 1 39.009 9.122 38.301 8.460
437 0 1 39.056 9.121 38.348 8.459
438 0 1 39.103 9.121 38.395 8.459
439 0 1 39.150 9.121 38.442 8.458
440 0 1 39.182 9.120 38.474 8.458
441 0 1 39.213 9.120 38.505 8.458
442 0 1 39.260 9.120 38.553 8.457
443 0 1 39.292 9.135 38.584 8.473
444 0 1 39.324 9.135 38.616 8.473
445 0 1 39.355 9.134 38.647 8.472
446 0 1 39.386 9.134 38.679 8.472
447 0 1 39.433 9.118 38.726 8.456
448 0 1 39.465 9.118 38.757 8.456
449 0 1 39.496 9.117 38.789 8.455
450 0 1 39.528 9.117 38.820 8.455
451 0 1 39.559 9.117 38.852 8.455
452 0 1 39.591 9.117 38.883 8.455
453 0 1 39.622 9.116 38.914 8.454
454 0 1 39.669 9.116 38.962 8.454
455 0 1 39.701 9.116 38.993 8.454
456 0 1 39.748 9.115 39.040 8.453
457 0 1 39.795 9.115 39.087 8.453
458 0 1 39.843 9.114 39.135 8.452
459 0 1 39.890 9.098 39.182 8.436
460 0 1 39.937 9.098 39.229 8.436
461 0 1 39.968 9.082 39.260 8.420
462 0 1 40.015 9.081 39.307 8.419
463 0 1 40.046 9.065 39.339 8.403
464 0 1 40.078 9.065 39.370 8.403
465 0 1 40.109 9.065 39.401 8.403
466 0 1 40.125 9.065 39.417 8.403
467 0 1 40.141 9.065 39.433 8.403
468 0 1 40.172 9.049 39.464 8.387
469 0 1 40.204 9.048 39.496 8.386
470 0 1 40.235 9.048 39.527 8.386
471 0 1 40.266 9.048 39.559 8.386
472 0 1 40.298 9.063 39.590 8.401
473 0 1 40.314 9.063 39.606 8.401
474 0 1 40.345 9.063 39.637 8.401
475 0 1 40.361 9.063 39.653 8.401
476 0 1 40.393 9.078 39.685 8.416
477 0 1 40.424 9.078 39.716 8.416
478 0 1 40.456 9.078 39.748 8.416
479 0 1 40.487 9.077 39.779 8.415
480 0 1 40.518 9.077 39.811 8.415
481 0 1 40.550 9.077 39.842 8.415
482 0 1 40.581 9.061 39.873 8.399
483 0 1 40.613 9.060 39.905 8.399
484 0 1 40.644 9.060 39.936 8.398
485 0 1 40.675 9.044 39.967 8.382
486 0 1 40.722 9.044 40.015 8.382
487 0 1 40.754 9.043 40.046 8.382
488 0 1 41.060 9.001 40.305 8.324
489 0 1 41.028 8.994 40.320 8.332
490 0 1 41.060 8.994 40.352 8.332
491 0 1 41.076 8.993 40.368 8.332
492 0 1 41.091 8.993 40.383 8.332
493 0 1 41.123 8.993 40.415 8.331
494 0 1 41.154 8.993 40.446 8.331
495 0 1 41.170 8.993 40.462 8.331
496 0 1 41.170 8.993 40.462 8.331
497 0 1 41.201 8.992 40.493 8.331
498 0 1 41.217 8.976 40.509 8.315
499 0 1 41.264 8.976 40.556 8.314
500 0 1 41.264 8.976 40.556 8.314
501 0 1 41.295 8.976 40.587 8.314
502 0 1 41.311 8.976 40.603 8.314
503 0 1 41.358 8.975 40.650 8.314
504 0 1 41.358 8.975 40.650 8.314
505 0 1 41.390 8.975 40.682 8.313
0 1 1 20.499 10.005 19.657 9.412
1 1 1 20.530 9.997 19.696 9.404
2 1 1 20.586 10.005 19.704 9.435
3 1 1 20.594 10.004 19.696 9.435
4 1 1 20.681 10.020 19.720 9.451
5 1 1 20.641 10.012 19.760 9.443
6 1 1 20.991 10.048 19.847 9.426
7 1 1 21.015 10.016 19.855 9.458
8 1 1 21.078 10.024 19.927 9.449
9 1 1 20.991 10.017 20.006 9.448
10 1 1 21.015 10.016 20.030 9.448
11 1 1 21.062 10.016 20.078 9.448
12 1 1 21.181 10.023 20.030 9.448
13 1 1 21.102 10.016 20.101 9.448
14 1 1 21.142 10.015 20.141 9.447
15 1 1 21.166 10.015 20.165 9.447
16 1 1 21.158 9.991 20.181 9.439
17 1 1 21.213 9.975 20.125 9.455
18 1 1 21.174 9.968 20.157 9.479
19 1 1 21.197 9.959 20.173 9.486
20 1 1 21.181 9.983 20.205 9.462
21 1 1 21.158 9.999 20.205 9.470
22 1 1 21.189 9.999 20.228 9.446
23 1 1 21.174 10.015 20.292 9.430
24 1 1 21.213 10.046 20.276 9.422
25 1 1 21.340 10.045 20.316 9.414
26 1 1 21.467 10.020 20.419 9.437
27 1 1 21.602 10.035 20.467 9.421
28 1 1 21.705 10.034 20.546 9.412
29 1 1 21.586 9.988 20.610 9.459
30 1 1 21.634 9.979 20.657 9.451
31 1 1 21.666 10.003 20.689 9.474
32 1 1 21.713 9.994 20.737 9.466
33 1 1 21.745 10.002 20.768 9.473
34 1 1 21.777 10.010 20.800 9.481
35 1 1 21.809 10.049 20.832 9.520
36 1 1 21.856 10.040 20.880 9.512
37 1 1 21.888 10.048 20.911 9.519
38 1 1 21.936 10.040 20.959 9.511
39 1 1 21.967 10.063 20.991 9.534
40 1 1 21.999 10.055 21.022 9.526
41 1 1 22.031 10.071 21.054 9.542
42 1 1 22.063 10.054 21.086 9.526
43 1 1 21.944 10.111 21.038 9.416
44 1 1 21.991 10.031 21.022 9.503
45 1 1 22.007 10.039 21.038 9.510
46 1 1 22.063 10.086 21.094 9.391
47 1 1 22.063 10.007 21.094 9.478
48 1 1 22.094 9.999 21.126 9.470
49 1 1 22.118 9.991 21.149 9.462
50 1 1 22.174 9.998 21.205 9.469
51 1 1 22.198 9.990 21.229 9.461
52 1 1 22.253 9.997 21.284 9.469
53 1 1 22.277 9.989 21.308 9.461
54 1 1 22.332 9.997 21.364 9.468
55 1 1 22.372 9.973 21.403 9.444
56 1 1 22.428 9.980 21.459 9.451
57 1 1 22.467 9.956 21.499 9.427
58 1 1 22.515 10.042 21.435 9.396
59 1 1 22.555 10.042 21.618 9.402
60 1 1 22.563 9.987 21.602 9.458
61 1 1 22.547 10.074 21.649 9.363
62 1 1 22.595 10.121 21.737 9.338
63 1 1 22.642 10.073 21.760 9.362
64 1 1 22.713 10.056 21.800 9.369
65 1 1 22.848 10.016 21.903 9.384
66 1 1 22.912 9.999 21.903 9.384
67 1 1 22.959 9.999 21.879 9.400
68 1 1 23.054 9.951 21.951 9.400
69 1 1 23.158 9.973 21.999 9.407
70 1 1 23.039 9.951 22.110 9.414
71 1 1 23.086 9.950 22.157 9.413
72 1 1 23.134 9.950 22.205 9.413
73 1 1 23.165 9.950 22.237 9.413
74 1 1 23.213 9.949 22.284 9.412
75 1 1 23.364 9.948 22.292 9.404
76 1 1 23.340 9.964 22.332 9.396
77 1 1 23.348 9.964 22.387 9.404
78 1 1 23.324 9.964 22.379 9.396
79 1 1 23.364 9.995 22.427 9.379
80 1 1 23.443 9.963 22.459 9.419
81 1 1 23.411 9.955 22.482 9.418
82 1 1 23.459 9.963 22.546 9.378
83 1 1 23.459 9.939 22.538 9.402
84 1 1 23.499 9.939 22.578 9.402
85 1 1 23.538 9.938 22.617 9.401
86 1 1 23.594 9.938 22.673 9.401
87 1 1 23.633 9.937 22.712 9.401
88 1 1 23.673 9.937 22.752 9.400
89 1 1 23.713 9.937 22.792 9.400
90 1 1 23.768 9.920 22.847 9.384
91 1 1 23.808 9.920 22.887 9.383
92 1 1 23.863 9.920 22.942 9.383
93 1 1 23.903 9.919 22.982 9.382
94 1 1 23.958 9.903 23.038 9.366
95 1 1 23.982 9.903 23.061 9.366
96 1 1 24.038 9.886 23.117 9.350
97 1 1 24.077 9.886 23.156 9.349
98 1 1 24.117 9.870 23.196 9.333
99 1 1 24.157 9.870 23.236 9.333
100 1 1 24.196 9.869 23.275 9.332
101 1 1 24.196 9.932 23.450 9.284
102 1 1 24.355 9.939 23.529 9.275
103 1 1 24.387 9.875 23.482 9.339
104 1 1 24.426 9.875 23.521 9.338
105 1 1 24.759 9.943 23.592 9.306
106 1 1 24.616 9.889 23.711 9.352
107 1 1 24.823 9.943 23.537 9.354
108 1 1 24.759 9.927 23.656 9.345
109 1 1 24.656 9.905 23.751 9.368
110 1 1 24.696 9.904 23.791 9.367
111 1 1 24.735 9.920 23.830 9.383
112 1 1 24.870 9.918 23.791 9.415
113 1 1 24.783 9.927 23.878 9.398
114 1 1 24.862 9.911 23.933 9.358
115 1 1 24.870 9.918 23.981 9.389
116 1 1 24.846 9.927 24.013 9.342
117 1 1 24.870 9.895 23.981 9.366
118 1 1 24.910 9.902 24.021 9.373
119 1 1 24.949 9.910 24.060 9.381
120 1 1 24.989 9.902 24.100 9.372
121 1 1 25.029 9.909 24.140 9.380
122 1 1 25.068 9.901 24.179 9.372
123 1 1 25.108 9.908 24.219 9.379
124 1 1 25.163 9.900 24.274 9.371
125 1 1 25.187 9.892 24.298 9.363
126 1 1 25.243 9.883 24.354 9.354
127 1 1 25.282 9.891 24.393 9.362
128 1 1 25.338 9.867 24.449 9.338
129 1 1 25.361 9.874 24.472 9.345
130 1 1 25.417 9.850 24.528 9.321
131 1 1 25.456 9.842 24.567 9.313
132 1 1 25.496 9.834 24.607 9.305
133 1 1 25.575 9.794 24.781 9.216
134 1 1 25.646 9.793 24.813 9.216
135 1 1 25.686 9.808 24.884 9.208
136 1 1 25.765 9.808 24.924 9.192
137 1 1 25.765 9.760 24.908 9.231
138 1 1 25.805 9.752 24.947 9.223
139 1 1 25.860 9.759 25.003 9.230
140 1 1 25.884 9.736 25.027 9.206
141 1 1 25.939 9.743 25.082 9.214
142 1 1 25.979 9.735 25.122 9.206
143 1 1 26.034 9.742 25.177 9.213
144 1 1 26.074 9.734 25.217 9.205
145 1 1 26.114 9.741 25.256 9.212
146 1 1 26.153 9.733 25.296 9.204
147 1 1 26.193 9.741 25.336 9.212
148 1 1 26.232 9.732 25.375 9.203
149 1 1 26.296 9.811 25.502 9.163
150 1 1 26.359 9.826 25.502 9.171
151 1 1 26.351 9.755 25.502 9.226
152 1 1 26.383 9.747 25.534 9.218
153 1 1 26.430 9.754 25.581 9.225
154 1 1 26.446 9.746 25.597 9.217
155 1 1 26.494 9.754 25.644 9.225
156 1 1 26.525 9.746 25.676 9.216
157 1 1 26.557 9.753 25.708 9.224
158 1 1 26.589 9.745 25.739 9.216
159 1 1 26.636 9.752 25.787 9.223
160 1 1 26.684 9.744 25.834 9.215
161 1 1 26.715 9.736 25.866 9.207
162 1 1 26.763 9.728 25.914 9.199
163 1 1 26.810 9.719 25.961 9.190
164 1 1 26.826 9.711 25.977 9.182
165 1 1 26.874 9.703 26.024 9.174
166 1 1 26.905 9.695 26.056 9.166
167 1 1 26.937 9.702 26.088 9.173
168 1 1 26.984 9.694 26.135 9.165
169 1 1 27.032 9.686 26.183 9.157
170 1 1 27.063 9.678 26.214 9.149
171 1 1 27.111 9.685 26.262 9.156
172 1 1 27.158 9.677 26.309 9.148
173 1 1 27.190 9.684 26.341 9.155
174 1 1 27.222 9.676 26.373 9.147
175 1 1 27.254 9.684 26.404 9.155
176 1 1 27.285 9.676 26.436 9.147
177 1 1 27.333 9.683 26.484 9.154
178 1 1 27.380 9.675 26.531 9.146
179 1 1 27.396 9.682 26.547 9.153
180 1 1 27.444 9.690 26.594 9.161
181 1 1 27.459 9.698 26.610 9.169
182 1 1 27.507 9.689 26.658 9.160
183 1 1 27.523 9.697 26.674 9.168
184 1 1 27.570 9.689 26.721 9.160
185 1 1 27.586 9.681 26.737 9.152
186 1 1 27.633 9.672 26.784 9.143
187 1 1 27.649 9.680 26.800 9.151
188 1 1 27.681 9.672 26.832 9.143
189 1 1 27.713 9.680 26.863 9.151
190 1 1 27.744 9.687 26.895 9.158
191 1 1 27.776 9.695 26.927 9.166
192 1 1 27.808 9.687 26.958 9.158
193 1 1 27.839 9.694 26.990 9.165
194 1 1 27.871 9.686 27.022 9.157
195 1 1 27.903 9.694 27.053 9.165
196 1 1 27.934 9.686 27.085 9.157
197 1 1 27.966 9.693 27.117 9.164
198 1 1 27.997 9.685 27.148 9.156
199 1 1 28.029 9.693 27.180 9.164
200 1 1 28.045 9.669 27.196 9.140
201 1 1 28.061 9.676 27.212 9.148
202 1 1 28.092 9.668 27.243 9.139
203 1 1 28.124 9.660 27.275 9.131
204 1 1 28.156 9.652 27.306 9.123
205 1 1 28.203 9.659 27.354 9.131
206 1 1 28.219 9.651 27.370 9.123
207 1 1 28.266 9.659 27.417 9.130
208 1 1 28.282 9.651 27.433 9.122
209 1 1 28.330 9.658 27.481 9.129
210 1 1 28.345 9.650 27.496 9.121
211 1 1 28.377 9.642 27.528 9.113
212 1 1 28.409 9.634 27.560 9.105
213 1 1 28.440 9.642 27.591 9.113
214 1 1 28.472 9.633 27.623 9.105
215 1 1 28.504 9.641 27.655 9.112
216 1 1 28.535 9.633 27.686 9.104
217 1 1 28.567 9.625 27.718 9.096
218 1 1 28.598 9.616 27.749 9.088
219 1 1 28.630 9.624 27.781 9.095
220 1 1 28.741 9.631 27.741 9.001
221 1 1 28.709 9.639 27.836 8.984
222 1 1 28.701 9.592 27.852 9.008
223 1 1 28.693 9.560 27.844 9.032
224 1 1 28.646 9.608 27.876 9.016
225 1 1 28.709 9.615 27.947 8.999
226 1 1 28.741 9.568 27.907 9.039
227 1 1 28.773 9.631 28.010 8.912
228 1 1 28.804 9.536 27.978 9.007
229 1 1 28.827 9.543 28.002 9.014
230 1 1 28.851 9.535 28.026 9.006
231 1 1 28.875 9.527 28.050 8.998
232 1 1 28.898 9.519 28.073 8.990
233 1 1 28.922 9.527 28.097 8.998
234 1 1 28.962 9.519 28.137 8.990
235 1 1 28.985 9.510 28.160 8.981
236 1 1 29.009 9.502 28.184 8.973
237 1 1 29.033 9.494 28.208 8.965
238 1 1 29.056 9.486 28.231 8.957
239 1 1 29.080 9.478 28.255 8.949
240 1 1 29.120 9.470 28.294 8.941
241 1 1 29.143 9.462 28.318 8.933
242 1 1 29.183 9.453 28.358 8.925
243 1 1 29.207 9.477 28.381 8.948
244 1 1 29.230 9.485 28.405 8.956
245 1 1 29.254 9.508 28.429 8.979
246 1 1 29.294 9.516 28.469 8.987
247 1 1 29.302 9.539 28.477 9.010
248 1 1 29.326 9.547 28.500 9.018
249 1 1 29.350 9.570 28.524 9.041
250 1 1 29.373 9.594 28.548 9.065
251 1 1 29.397 9.617 28.572 9.088
252 1 1 29.421 9.625 28.596 9.096
253 1 1 29.445 9.648 28.620 9.119
254 1 1 29.469 9.672 28.643 9.143
255 1 1 29.493 9.695 28.667 9.166
256 1 1 29.516 9.703 28.691 9.174
257 1 1 29.540 9.742 28.715 9.213
258 1 1 29.580 9.750 28.755 9.221
260 1 1 29.643 9.781 28.818 9.252
261 1 1 29.667 9.804 28.842 9.275
262 1 1 29.707 9.812 28.881 9.283
263 1 1 29.746 9.835 28.921 9.306
264 1 1 29.786 9.858 28.961 9.329
265 1 1 29.810 9.882 28.985 9.353
266 1 1 29.850 9.889 29.024 9.360
267 1 1 29.873 9.913 29.048 9.384
268 1 1 29.913 9.936 29.088 9.407
269 1 1 29.937 9.959 29.112 9.430
270 1 1 29.977 9.983 29.151 9.454
271 1 1 30.000 10.006 29.175 9.477
272 1 1 30.040 10.014 29.215 9.485
274 1 1 29.890 10.126 29.254 9.445
275 1 1 29.915 10.252 29.254 9.516
276 1 1 30.002 10.251 29.325 9.515
277 1 1 30.026 10.282 29.294 9.594
278 1 1 30.057 10.290 29.326 9.641
279 1 1 30.176 10.297 29.374 9.641
280 1 1 30.152 10.234 29.374 9.704
281 1 1 30.232 10.304 29.437 9.633
282 1 1 30.248 10.328 29.460 9.617
284 1 1 30.240 10.414 29.516 9.569
285 1 1 30.263 10.256 29.493 9.727
286 1 1 30.295 10.280 29.524 9.750
287 1 1 30.327 10.319 29.556 9.789
288 1 1 30.358 10.326 29.588 9.797
289 1 1 30.374 10.350 29.604 9.820
290 1 1 30.406 10.358 29.636 9.828
291 1 1 30.438 10.381 29.667 9.851
292 1 1 30.469 10.404 29.699 9.875
293 1 1 30.501 10.412 29.731 9.882
294 1 1 30.533 10.435 29.763 9.906
295 1 1 30.565 10.459 29.794 9.929
296 1 1 30.596 10.466 29.826 9.937
297 1 1 30.644 10.490 29.874 9.960
298 1 1 30.676 10.513 29.905 9.983
299 1 1 30.707 10.536 29.937 10.007
300 1 1 30.739 10.560 29.969 10.030
301 1 1 30.771 10.583 30.001 10.054
302 1 1 30.819 10.606 30.048 10.077
303 1 1 30.850 10.630 30.080 10.100
304 1 1 30.882 10.637 30.112 10.108
305 1 1 30.914 10.661 30.144 10.131
306 1 1 30.946 10.684 30.175 10.155
307 1 1 30.977 10.708 30.207 10.178
308 1 1 31.009 10.715 30.239 10.186
309 1 1 31.041 10.739 30.271 10.209
310 1 1 31.088 10.746 30.318 10.216
311 1 1 31.120 10.769 30.350 10.240
312 1 1 31.168 10.793 30.397 10.263
313 1 1 31.200 10.816 30.429 10.286
314 1 1 31.247 10.824 30.477 10.294
315 1 1 31.295 10.863 30.524 10.333
316 1 1 31.342 10.886 30.572 10.356
317 1 1 31.374 10.909 30.604 10.380
318 1 1 31.422 10.917 30.651 10.387
319 1 1 31.469 10.940 30.699 10.410
320 1 1 31.517 10.963 30.746 10.433
321 1 1 31.549 10.987 30.778 10.457
322 1 1 31.580 10.994 30.810 10.464
323 1 1 31.612 11.018 30.842 10.488
324 1 1 31.644 11.009 30.873 10.480
325 1 1 31.675 11.033 30.905 10.503
326 1 1 31.723 11.056 30.952 10.526
327 1 1 31.770 11.064 31.000 10.534
328 1 1 31.802 11.071 31.032 10.541
329 1 1 31.850 11.079 31.079 10.549
330 1 1 31.881 11.086 31.111 10.556
331 1 1 31.929 11.109 31.158 10.580
332 1 1 31.976 11.101 31.206 10.571
333 1 1 32.024 11.109 31.253 10.579
334 1 1 32.215 11.336 31.237 10.555
335 1 1 32.103 11.203 31.333 10.673
336 1 1 32.151 11.210 31.380 10.680
337 1 1 32.239 11.375 31.459 10.656
338 1 1 32.230 11.272 31.460 10.743
339 1 1 32.358 11.390 31.656 10.591
340 1 1 32.381 11.255 31.618 10.725
341 1 1 32.420 11.247 31.657 10.717
342 1 1 32.444 11.239 31.681 10.709
343 1 1 32.499 11.246 31.736 10.716
344 1 1 32.523 11.238 31.760 10.708
345 1 1 32.578 11.246 31.815 10.716
346 1 1 32.602 11.237 31.839 10.708
347 1 1 32.657 11.245 31.894 10.715
348 1 1 32.697 11.237 31.934 10.707
349 1 1 32.736 11.244 31.973 10.714
350 1 1 32.776 11.236 32.013 10.706
351 1 1 32.831 11.227 32.068 10.698
352 1 1 32.870 11.219 32.108 10.689
353 1 1 32.910 11.227 32.147 10.697
354 1 1 32.949 11.218 32.187 10.689
355 1 1 33.005 11.226 32.242 10.696
356 1 1 33.028 11.218 32.266 10.688
357 1 1 33.068 11.225 32.305 10.695
358 1 1 33.091 11.217 32.329 10.687
359 1 1 33.315 11.507 32.542 10.614
360 1 1 33.339 11.523 32.549 10.567
361 1 1 33.321 11.310 32.559 10.780
362 1 1 33.361 11.301 32.598 10.772
363 1 1 33.400 11.293 32.638 10.763
364 1 1 33.424 11.285 32.661 10.755
365 1 1 33.479 11.277 32.716 10.747
366 1 1 33.519 11.268 32.756 10.739
367 1 1 33.558 11.244 32.795 10.715
368 1 1 33.597 11.236 32.835 10.706
369 1 1 33.652 11.228 32.890 10.698
370 1 1 33.692 11.219 32.929 10.690
371 1 1 33.731 11.211 32.969 10.681
372 1 1 33.755 11.203 32.992 10.673
373 1 1 33.810 11.179 33.048 10.649
374 1 1 33.849 11.170 33.087 10.641
375 1 1 33.889 11.162 33.126 10.633
376 1 1 33.928 11.170 33.166 10.640
377 1 1 33.968 11.146 33.205 10.616
378 1 1 34.007 11.153 33.245 10.624
379 1 1 34.047 11.129 33.284 10.600
380 1 1 34.086 11.137 33.324 10.607
381 1 1 34.126 11.128 33.363 10.599
382 1 1 34.165 11.120 33.402 10.591
383 1 1 34.220 11.112 33.458 10.582
384 1 1 34.260 11.119 33.497 10.590
385 1 1 34.315 11.095 33.552 10.565
386 1 1 34.370 11.102 33.608 10.573
387 1 1 34.425 11.078 33.663 10.549
388 1 1 34.465 11.070 33.702 10.540
389 1 1 34.520 11.062 33.757 10.532
390 1 1 34.559 11.069 33.797 10.540
391 1 1 34.615 11.061 33.852 10.531
392 1 1 34.654 11.052 33.891 10.523
393 1 1 34.709 11.044 33.947 10.515
394 1 1 34.733 11.052 33.970 10.522
395 1 1 34.788 11.043 34.026 10.514
396 1 1 34.812 11.035 34.049 10.506
397 1 1 34.867 11.027 34.104 10.497
398 1 1 34.906 11.018 34.144 10.489
399 1 1 34.946 11.010 34.183 10.481
400 1 1 34.985 11.002 34.223 10.473
401 1 1 35.040 10.994 34.278 10.464
402 1 1 35.080 10.985 34.317 10.456
403 1 1 35.135 10.961 34.372 10.432
404 1 1 35.174 10.969 34.412 10.439
405 1 1 35.229 10.944 34.467 10.415
406 1 1 35.269 10.952 34.506 10.423
407 1 1 35.308 10.944 34.546 10.414
408 1 1 35.347 10.935 34.585 10.406
409 1 1 35.387 10.927 34.624 10.398
410 1 1 35.426 10.919 34.664 10.390
411 1 1 35.481 10.911 34.719 10.381
412 1 1 35.505 10.918 34.743 10.389
413 1 1 35.560 10.910 34.798 10.381
414 1 1 35.584 10.917 34.822 10.388
415 1 1 35.639 10.909 34.877 10.380
416 1 1 35.663 10.901 34.900 10.372
417 1 1 35.718 10.893 34.956 10.363
418 1 1 35.757 10.900 34.995 10.371
419 1 1 35.813 10.892 35.050 10.362
420 1 1 35.852 10.883 35.090 10.354
421 1 1 35.907 10.875 35.145 10.346
422 1 1 35.946 10.867 35.184 10.338
423 1 1 36.002 10.858 35.239 10.329
424 1 1 36.041 10.850 35.279 10.321
425 1 1 36.096 10.842 35.334 10.313
426 1 1 36.120 10.849 35.358 10.320
427 1 1 36.175 10.841 35.413 10.312
428 1 1 36.214 10.849 35.452 10.319
429 1 1 36.254 10.840 35.492 10.311
430 1 1 36.293 10.832 35.531 10.303
431 1 1 36.333 10.824 35.570 10.295
432 1 1 36.372 10.816 35.610 10.286
433 1 1 36.411 10.807 35.649 10.278
434 1 1 36.451 10.799 35.688 10.270
435 1 1 36.506 10.791 35.743 10.261
436 1 1 36.545 10.782 35.783 10.253
437 1 1 36.600 10.758 35.838 10.229
438 1 1 36.646 10.584 35.425 9.949
439 1 1 36.632 10.758 35.869 10.229
440 1 1 36.671 10.750 35.909 10.221
441 1 1 36.804 10.670 35.906 9.984
442 1 1 36.820 10.685 36.008 9.920
443 1 1 36.787 10.567 36.025 10.038
444 1 1 36.827 10.559 36.065 10.030
445 1 1 36.882 10.535 36.119 10.006
446 1 1 36.899 10.716 36.110 9.864
447 1 1 36.986 10.715 36.126 9.817
448 1 1 37.025 10.675 36.118 9.856
449 1 1 36.994 10.723 36.071 9.880
450 1 1 36.913 10.558 36.151 10.029
451 1 1 36.953 10.550 36.191 10.021
452 1 1 37.008 10.557 36.246 10.028
453 1 1 37.047 10.549 36.285 10.020
454 1 1 37.102 10.541 36.340 10.012
455 1 1 37.324 10.657 36.394 9.893
456 1 1 37.229 10.540 36.466 10.011
457 1 1 37.427 10.664 36.489 9.884
458 1 1 37.331 10.539 36.569 10.010
459 1 1 37.473 10.585 36.592 9.915
460 1 1 37.481 10.600 36.663 9.930
461 1 1 37.449 10.522 36.687 9.993
462 1 1 37.473 10.529 36.711 10.000
463 1 1 37.512 10.537 36.750 10.008
464 1 1 37.536 10.513 36.774 9.984
465 1 1 37.575 10.521 36.813 9.992
466 1 1 37.614 10.512 36.852 9.983
467 1 1 37.654 10.504 36.892 9.975
468 1 1 37.693 10.496 36.931 9.967
469 1 1 37.732 10.488 36.970 9.959
470 1 1 37.772 10.464 37.009 9.935
471 1 1 37.827 10.471 37.065 9.942
472 1 1 37.866 10.447 37.104 9.918
473 1 1 37.905 10.454 37.143 9.926
474 1 1 37.945 10.446 37.183 9.917
475 1 1 37.984 10.454 37.222 9.925
476 1 1 38.024 10.446 37.261 9.917
477 1 1 38.063 10.437 37.301 9.908
478 1 1 38.086 10.429 37.324 9.900
479 1 1 38.126 10.437 37.364 9.908
480 1 1 38.165 10.413 37.403 9.884
481 1 1 38.204 10.420 37.442 9.891
482 1 1 38.228 10.412 37.466 9.883
483 1 1 38.267 10.404 37.505 9.875
484 1 1 38.291 10.396 37.529 9.867
485 1 1 38.330 10.403 37.568 9.875
486 1 1 38.354 10.395 37.592 9.866
487 1 1 38.393 10.387 37.631 9.858
488 1 1 38.432 10.379 37.670 9.850
489 1 1 38.472 10.386 37.710 9.858
490 1 1 38.511 10.378 37.749 9.849
491 1 1 38.550 10.370 37.788 9.841
492 1 1 38.590 10.362 37.828 9.833
493 1 1 38.629 10.353 37.867 9.825
494 1 1 38.653 10.345 37.891 9.817
495 1 1 38.692 10.353 37.930 9.824
496 1 1 38.716 10.345 37.954 9.816
497 1 1 38.755 10.352 37.993 9.823
498 1 1 38.779 10.344 38.017 9.815
499 1 1 38.802 10.352 38.040 9.823
500 1 1 38.826 10.344 38.064 9.815
501 1 1 38.865 10.351 38.103 9.822
502 1 1 38.889 10.343 38.127 9.814
503 1 1 38.913 10.351 38.151 9.822
504 1 1 38.936 10.343 38.174 9.814
505 1 1 38.991 10.334 38.229 9.806
259 1 1 29.604 9.773 28.778 9.244
273 1 1 29.851 10.142 29.278 9.460
283 1 1 30.239 10.233 29.461 9.703
0 2 2 32.252 3.545 31.579 1.799
1 2 2 32.268 3.537 31.540 1.783
2 2 2 32.268 3.537 31.548 1.783
3 2 2 32.276 3.568 31.556 1.814
4 2 2 32.268 3.599 31.548 1.846
5 2 2 32.277 3.646 31.556 1.892
6 2 2 32.301 3.724 31.580 1.963
7 2 2 32.309 3.740 31.588 1.986
8 2 2 32.317 3.763 31.573 1.986
9 2 2 32.333 3.810 31.596 2.025
10 2 2 32.357 3.880 31.605 2.087
11 2 2 32.357 3.912 31.598 2.205
12 2 2 32.334 3.927 31.613 2.181
13 2 2 32.374 4.037 31.622 2.290
14 2 2 32.366 4.052 31.614 2.345
15 2 2 32.382 4.115 31.623 2.423
16 2 2 32.399 4.185 31.615 2.447
17 2 2 32.438 4.232 31.655 2.509
18 2 2 32.494 4.271 31.687 2.548
19 2 2 32.486 4.349 31.680 2.681
20 2 2 32.439 4.365 31.719 2.649
21 2 2 32.597 4.403 31.727 2.719
22 2 2 32.621 4.465 31.759 2.790
23 2 2 32.582 4.528 31.751 2.821
24 2 2 32.527 4.521 31.799 2.821
25 2 2 32.543 4.576 31.815 2.875
26 2 2 32.584 4.701 31.831 2.922
27 2 2 32.608 4.802 31.855 2.984
28 2 2 32.679 4.880 31.847 3.039
29 2 2 32.711 4.935 31.879 3.109
30 2 2 32.719 4.958 31.872 3.180
31 2 2 32.665 5.045 31.920 3.242
32 2 2 32.713 5.107 31.920 3.234
33 2 2 32.721 5.170 31.920 3.304
34 2 2 32.745 5.240 31.913 3.367
35 2 2 32.689 5.147 31.960 3.445
36 2 2 32.706 5.217 31.977 3.515
37 2 2 32.738 5.287 32.009 3.585
38 2 2 32.754 5.342 32.025 3.640
39 2 2 32.850 5.561 31.915 3.649
40 2 2 32.819 5.616 31.930 3.656
41 2 2 32.859 5.647 31.987 3.789
42 2 2 32.890 5.662 32.011 3.875
43 2 2 32.946 5.733 32.043 3.922
44 2 2 32.970 5.827 32.052 4.125
45 2 2 32.876 5.819 32.146 4.117
46 2 2 32.892 5.890 32.163 4.187
47 2 2 32.908 5.960 32.179 4.257
48 2 2 32.924 6.015 32.195 4.312
49 2 2 32.941 6.086 32.211 4.382
50 2 2 32.973 6.156 32.243 4.453
51 2 2 32.989 6.227 32.259 4.523
52 2 2 33.005 6.297 32.276 4.593
53 2 2 33.203 6.398 32.300 4.617
54 2 2 33.275 6.554 32.324 4.758
55 2 2 33.244 6.546 32.325 4.836
56 2 2 33.245 6.719 32.333 4.836
57 2 2 33.270 6.829 32.389 4.969
58 2 2 33.341 6.923 32.397 5.039
59 2 2 33.294 6.954 32.422 5.149
60 2 2 33.303 7.025 32.398 5.125
61 2 2 33.311 7.048 32.477 5.203
62 2 2 33.351 7.182 32.470 5.289
63 2 2 33.382 7.134 32.462 5.258
64 2 2 33.328 7.292 32.439 5.337
65 2 2 33.337 7.347 32.432 5.423
66 2 2 33.361 7.378 32.447 5.407
67 2 2 33.354 7.472 32.487 5.477
68 2 2 33.394 7.551 32.536 5.634
69 2 2 33.426 7.621 32.544 5.650
70 2 2 33.465 7.644 32.520 5.658
71 2 2 33.435 7.755 32.617 5.955
72 2 2 33.459 7.794 32.611 6.198
73 2 2 33.498 7.833 32.642 6.151
74 2 2 33.514 7.872 32.650 6.214
75 2 2 33.547 7.990 32.722 6.331
76 2 2 33.540 8.053 32.731 6.456
77 2 2 33.548 8.171 32.731 6.441
78 2 2 33.564 8.186 32.739 6.535
79 2 2 33.549 8.241 32.772 6.676
80 2 2 33.589 8.328 32.820 6.754
81 2 2 33.598 8.398 32.844 6.809
82 2 2 33.590 8.383 32.844 6.880
83 2 2 33.645 8.398 32.908 6.989
84 2 2 33.631 8.673 32.963 6.926
85 2 2 33.655 8.602 32.932 6.981
86 2 2 33.679 8.665 32.956 7.044
87 2 2 33.703 8.728 32.980 7.106
88 2 2 33.727 8.791 33.004 7.169
89 2 2 33.847 8.979 33.060 7.239
90 2 2 33.807 8.916 33.084 7.294
91 2 2 33.958 9.096 33.046 7.451
92 2 2 33.856 9.073 33.133 7.451
93 2 2 33.880 9.136 33.157 7.513
94 2 2 33.888 9.214 33.165 7.592
95 2 2 33.913 9.277 33.190 7.655
96 2 2 33.921 9.340 33.198 7.717
97 2 2 33.945 9.419 33.222 7.796
98 2 2 34.041 9.575 33.160 7.954
99 2 2 34.050 9.646 33.137 8.025
100 2 2 33.955 9.639 33.232 8.016
101 2 2 34.083 9.819 33.266 8.323
102 2 2 34.076 9.898 33.250 8.268
103 2 2 34.084 9.977 33.219 8.331
104 2 2 34.156 10.047 33.331 8.637
105 2 2 34.157 10.237 33.387 8.676
106 2 2 34.126 10.245 33.402 8.644
107 2 2 34.213 10.331 33.371 8.613
108 2 2 34.261 10.338 33.468 8.935
109 2 2 34.308 10.361 33.500 8.950
110 2 2 34.356 10.416 33.492 8.935
111 2 2 34.317 10.495 33.491 8.840
112 2 2 34.326 10.582 33.547 8.966
113 2 2 34.294 10.551 33.571 8.973
114 2 2 34.303 10.614 33.579 9.036
115 2 2 34.311 10.693 33.588 9.115
116 2 2 34.424 10.952 33.575 9.461
117 2 2 34.504 11.085 33.566 9.359
118 2 2 34.449 11.133 33.605 9.304
119 2 2 34.457 11.125 33.654 9.477
120 2 2 34.466 11.244 33.670 9.508
121 2 2 34.484 11.472 33.685 9.484
122 2 2 34.516 11.488 33.702 9.571
123 2 2 34.547 11.480 33.671 9.642
124 2 2 34.485 11.551 33.673 9.863
125 2 2 34.509 11.685 33.736 9.854
126 2 2 34.534 11.733 33.720 9.870
127 2 2 34.518 11.796 33.674 10.004
128 2 2 34.527 11.835 33.675 10.115
129 2 2 34.511 11.891 33.723 10.154
130 2 2 34.536 12.041 33.715 10.241
131 2 2 34.561 12.112 33.732 10.304
132 2 2 34.553 12.151 33.772 10.429
133 2 2 34.538 12.254 33.820 10.492
134 2 2 34.554 12.317 33.820 10.531
135 2 2 34.579 12.435 33.845 10.642
136 2 2 34.635 12.467 33.830 10.721
137 2 2 34.651 12.490 33.846 10.721
138 2 2 34.628 12.585 33.846 10.807
139 2 2 34.652 12.625 33.863 10.926
140 2 2 34.677 12.767 33.903 11.004
141 2 2 34.693 12.774 33.944 11.154
142 2 2 34.671 12.996 33.944 11.138
143 2 2 34.648 13.091 33.953 11.217
144 2 2 34.712 13.114 33.969 11.264
145 2 2 34.696 13.178 33.977 11.327
146 2 2 34.736 13.225 33.978 11.454
147 2 2 34.777 13.351 34.019 11.572
148 2 2 34.809 13.414 34.011 11.595
149 2 2 34.762 13.446 34.066 11.603
150 2 2 34.770 13.470 34.066 11.611
151 2 2 34.787 13.541 34.075 11.705
152 2 2 34.804 13.699 34.076 11.792
153 2 2 34.773 13.771 34.069 11.895
154 2 2 34.766 13.834 34.015 12.014
155 2 2 34.741 13.692 34.039 12.117
156 2 2 34.791 14.056 34.032 12.235
157 2 2 34.799 14.079 34.072 12.274
158 2 2 34.799 14.087 34.064 12.306
159 2 2 34.801 14.222 34.089 12.353
160 2 2 34.786 14.349 34.090 12.464
161 2 2 34.802 14.404 34.114 12.582
162 2 2 34.801 14.270 34.115 12.693
163 2 2 34.812 14.594 34.052 12.694
164 2 2 34.820 14.634 34.092 12.812
165 2 2 34.837 14.745 34.062 12.939
166 2 2 34.845 14.776 34.094 13.041
167 2 2 34.823 14.959 34.087 13.121
168 2 2 34.816 15.046 34.088 13.184
169 2 2 34.824 15.094 34.080 13.263
170 2 2 34.841 15.197 34.112 13.286
171 2 2 34.866 15.323 34.129 13.373
172 2 2 34.882 15.402 34.098 13.508
173 2 2 34.890 15.418 34.099 13.572
174 2 2 34.883 15.450 34.091 13.588
175 2 2 34.900 15.561 34.147 13.698
176 2 2 34.876 15.625 34.149 13.848
177 2 2 34.885 15.688 34.149 13.912
178 2 2 34.901 15.744 34.142 13.951
179 2 2 34.879 15.855 34.158 14.007
180 2 2 34.896 15.982 34.143 14.118
181 2 2 34.864 16.022 34.152 14.268
182 2 2 34.888 16.053 34.097 14.316
183 2 2 34.889 16.157 34.121 14.324
184 2 2 34.906 16.291 34.131 14.522
185 2 2 34.858 16.173 34.171 14.593
186 2 2 34.907 16.395 34.100 14.617
187 2 2 34.843 16.292 34.156 14.712
188 2 2 34.844 16.379 34.157 14.799
189 2 2 34.844 16.467 34.158 14.886
190 2 2 34.845 16.554 34.158 14.974
191 2 2 34.830 16.642 34.143 15.061
192 2 2 34.815 16.729 34.128 15.148
193 2 2 34.832 16.832 34.145 15.251
194 2 2 34.817 16.920 34.130 15.339
195 2 2 34.818 17.023 34.131 15.442
196 2 2 34.818 17.111 34.131 15.529
197 2 2 34.819 17.206 34.132 15.625
198 2 2 34.804 17.286 34.117 15.704
199 2 2 34.789 17.389 34.102 15.807
200 2 2 34.798 17.485 34.111 15.903
201 2 2 34.791 17.580 34.104 15.998
202 2 2 34.818 17.978 34.048 15.935
203 2 2 34.764 17.207 34.077 15.625
204 2 2 34.795 17.986 34.066 16.189
205 2 2 34.770 17.867 34.082 16.292
206 2 2 34.778 17.931 34.091 16.356
207 2 2 34.717 18.138 33.973 16.412
208 2 2 34.733 18.186 33.997 16.500
209 2 2 34.678 18.242 33.990 16.571
210 2 2 34.710 18.234 33.967 16.667
211 2 2 34.678 18.250 33.904 16.715
212 2 2 34.654 18.282 33.975 16.722
213 2 2 34.622 18.235 33.943 16.683
214 2 2 34.631 18.275 33.951 16.731
215 2 2 34.607 18.291 33.928 16.755
216 2 2 34.615 18.354 33.936 16.826
217 2 2 34.592 18.394 33.913 16.874
218 2 2 34.600 18.434 33.921 16.922
220 2 2 34.591 18.275 33.912 16.771
221 2 2 34.583 18.291 33.904 16.795
222 2 2 34.544 18.363 33.865 16.875
223 2 2 34.537 18.403 33.858 16.922
224 2 2 34.513 18.459 33.835 16.986
225 2 2 34.553 18.498 33.875 17.034
226 2 2 34.609 18.554 33.931 17.097
228 2 2 34.600 18.347 33.921 16.898
229 2 2 34.576 18.331 33.897 16.890
230 2 2 34.583 18.323 33.905 16.890
231 2 2 34.591 18.315 33.913 16.890
232 2 2 34.599 18.307 33.921 16.890
233 2 2 34.591 18.307 33.913 16.898
234 2 2 34.599 18.299 33.921 16.898
235 2 2 34.591 18.299 33.913 16.906
236 2 2 34.599 18.291 33.921 16.906
237 2 2 34.591 18.291 33.913 16.914
238 2 2 34.599 18.283 33.921 16.914
239 2 2 34.591 18.283 33.913 16.922
240 2 2 34.583 18.275 33.905 16.922
241 2 2 34.575 18.275 33.898 16.930
242 2 2 34.583 18.267 33.906 16.930
243 2 2 34.575 18.267 33.898 16.938
244 2 2 34.583 18.259 33.906 16.938
245 2 2 34.575 18.259 33.898 16.946
246 2 2 34.583 18.251 33.906 16.946
247 2 2 34.575 18.251 33.898 16.954
248 2 2 34.583 18.243 33.906 16.954
249 2 2 34.575 18.243 33.898 16.962
250 2 2 34.583 18.235 33.906 16.962
251 2 2 34.575 18.235 33.898 16.970
252 2 2 34.583 18.227 33.906 16.970
253 2 2 34.575 18.227 33.898 16.978
254 2 2 34.583 18.219 33.906 16.978
255 2 2 34.575 18.219 33.898 16.986
256 2 2 34.582 18.211 33.906 16.986
257 2 2 34.575 18.212 33.898 16.994
258 2 2 34.582 18.203 33.906 16.993
260 2 2 34.582 18.196 33.906 17.001
261 2 2 34.574 18.196 33.898 17.009
262 2 2 34.582 18.188 33.906 17.009
263 2 2 34.574 18.188 33.898 17.017
264 2 2 34.582 18.180 33.906 17.017
265 2 2 34.574 18.180 33.898 17.025
266 2 2 34.582 18.172 33.906 17.025
267 2 2 34.574 18.172 33.898 17.033
268 2 2 34.566 18.164 33.890 17.025
269 2 2 34.574 18.164 33.898 17.025
270 2 2 34.582 18.156 33.906 17.017
271 2 2 34.574 18.164 33.898 17.025
272 2 2 34.582 18.164 33.906 17.025
274 2 2 34.582 18.164 33.906 17.025
275 2 2 34.574 18.172 33.898 17.033
276 2 2 34.582 18.164 33.906 17.025
277 2 2 34.574 18.172 33.898 17.033
278 2 2 34.582 18.164 33.906 17.025
279 2 2 34.574 18.164 33.898 17.025
280 2 2 34.566 18.164 33.890 17.025
281 2 2 34.558 18.172 33.883 17.033
282 2 2 34.566 18.164 33.890 17.025
284 2 2 34.566 18.164 33.890 17.025
285 2 2 34.558 18.164 33.883 17.026
286 2 2 34.566 18.164 33.890 17.025
287 2 2 34.558 18.172 33.883 17.033
288 2 2 34.566 18.164 33.890 17.025
289 2 2 34.558 18.172 33.883 17.033
290 2 2 34.566 18.164 33.890 17.025
291 2 2 34.558 18.164 33.883 17.026
292 2 2 34.566 18.164 33.890 17.025
293 2 2 34.558 18.172 33.883 17.033
294 2 2 34.566 18.164 33.890 17.025
295 2 2 34.558 18.172 33.883 17.033
296 2 2 34.566 18.164 33.890 17.025
297 2 2 34.558 18.164 33.883 17.026
298 2 2 34.566 18.164 33.890 17.025
299 2 2 34.558 18.164 33.883 17.026
300 2 2 34.566 18.156 33.890 17.017
301 2 2 34.558 18.164 33.883 17.026
302 2 2 34.566 18.164 33.890 17.025
303 2 2 34.558 18.164 33.883 17.026
304 2 2 34.566 18.156 33.890 17.017
305 2 2 34.574 18.164 33.898 17.025
306 2 2 34.582 18.156 33.906 17.017
307 2 2 34.574 18.164 33.898 17.025
308 2 2 34.582 18.156 33.906 17.017
309 2 2 34.574 18.164 33.898 17.025
310 2 2 34.582 18.156 33.906 17.017
311 2 2 34.574 18.164 33.898 17.025
312 2 2 34.582 18.156 33.906 17.017
313 2 2 34.574 18.164 33.898 17.025
314 2 2 34.582 18.164 33.906 17.025
315 2 2 34.574 18.172 33.898 17.033
316 2 2 34.582 18.164 33.906 17.025
317 2 2 34.574 18.172 33.898 17.033
318 2 2 34.582 18.164 33.906 17.025
319 2 2 34.574 18.172 33.898 17.033
320 2 2 34.582 18.164 33.906 17.025
321 2 2 34.574 18.172 33.898 17.033
322 2 2 34.582 18.164 33.906 17.025
323 2 2 34.574 18.172 33.898 17.033
324 2 2 34.582 18.164 33.906 17.025
325 2 2 34.574 18.172 33.898 17.033
326 2 2 34.582 18.164 33.906 17.025
327 2 2 34.574 18.172 33.898 17.033
328 2 2 34.582 18.164 33.906 17.025
329 2 2 34.574 18.172 33.898 17.033
330 2 2 34.582 18.164 33.906 17.025
331 2 2 34.574 18.172 33.898 17.033
332 2 2 34.582 18.164 33.906 17.025
333 2 2 34.574 18.172 33.898 17.033
334 2 2 34.582 18.164 33.906 17.025
335 2 2 34.574 18.172 33.898 17.033
336 2 2 34.582 18.164 33.906 17.025
337 2 2 34.574 18.172 33.898 17.033
338 2 2 34.582 18.164 33.906 17.025
339 2 2 34.574 18.172 33.898 17.033
340 2 2 34.582 18.164 33.906 17.025
341 2 2 34.574 18.172 33.898 17.033
342 2 2 34.582 18.164 33.906 17.025
343 2 2 34.574 18.172 33.898 17.033
344 2 2 34.582 18.164 33.906 17.025
345 2 2 34.574 18.172 33.898 17.033
346 2 2 34.582 18.164 33.906 17.025
347 2 2 34.574 18.172 33.898 17.033
348 2 2 34.582 18.164 33.906 17.025
349 2 2 34.574 18.172 33.898 17.033
350 2 2 34.582 18.164 33.906 17.025
351 2 2 34.574 18.164 33.898 17.025
352 2 2 34.582 18.156 33.906 17.017
353 2 2 34.574 18.164 33.898 17.025
354 2 2 34.582 18.156 33.906 17.017
355 2 2 34.574 18.164 33.898 17.025
356 2 2 34.582 18.156 33.906 17.017
357 2 2 34.574 18.164 33.898 17.025
358 2 2 34.582 18.156 33.906 17.017
359 2 2 34.574 18.164 33.898 17.025
360 2 2 34.582 18.156 33.906 17.017
361 2 2 34.574 18.164 33.898 17.025
362 2 2 34.582 18.156 33.906 17.017
363 2 2 34.574 18.156 33.898 17.017
364 2 2 34.582 18.148 33.906 17.009
365 2 2 34.574 18.156 33.898 17.017
366 2 2 34.582 18.148 33.906 17.009
367 2 2 34.574 18.156 33.898 17.017
368 2 2 34.582 18.148 33.906 17.009
369 2 2 34.574 18.156 33.898 17.017
370 2 2 34.582 18.148 33.906 17.009
371 2 2 34.590 18.156 33.914 17.017
372 2 2 34.582 18.148 33.906 17.009
373 2 2 34.574 18.148 33.898 17.009
374 2 2 34.582 18.148 33.906 17.009
375 2 2 34.590 18.148 33.914 17.009
376 2 2 34.598 18.148 33.922 17.009
377 2 2 34.590 18.148 33.914 17.009
378 2 2 34.598 18.148 33.922 17.009
379 2 2 34.590 18.148 33.914 17.009
380 2 2 34.598 18.148 33.922 17.009
381 2 2 34.590 18.148 33.914 17.009
382 2 2 34.598 18.148 33.922 17.009
383 2 2 34.606 18.147 33.930 17.009
384 2 2 34.598 18.148 33.922 17.009
385 2 2 34.606 18.147 33.930 17.009
386 2 2 34.614 18.139 33.938 17.001
387 2 2 34.606 18.140 33.930 17.001
388 2 2 34.598 18.140 33.922 17.001
389 2 2 34.590 18.148 33.914 17.009
390 2 2 34.598 18.140 33.922 17.001
391 2 2 34.590 18.148 33.914 17.009
392 2 2 34.598 18.140 33.922 17.001
393 2 2 34.590 18.140 33.914 17.001
394 2 2 34.598 18.140 33.922 17.001
395 2 2 34.590 18.148 33.914 17.009
396 2 2 34.598 18.140 33.922 17.001
397 2 2 34.590 18.140 33.914 17.001
398 2 2 34.598 18.132 33.922 16.993
399 2 2 34.590 18.132 33.914 16.993
400 2 2 34.598 18.132 33.922 16.993
401 2 2 34.590 18.140 33.914 17.001
402 2 2 34.598 18.132 33.922 16.993
403 2 2 34.590 18.140 33.914 17.001
404 2 2 34.598 18.132 33.922 16.993
405 2 2 34.590 18.132 33.914 16.993
406 2 2 34.598 18.124 33.922 16.985
407 2 2 34.590 18.132 33.914 16.993
408 2 2 34.598 18.124 33.922 16.985
409 2 2 34.590 18.132 33.914 16.993
410 2 2 34.598 18.124 33.922 16.985
411 2 2 34.590 18.124 33.914 16.985
412 2 2 34.597 18.116 33.922 16.977
413 2 2 34.590 18.124 33.914 16.985
414 2 2 34.597 18.116 33.922 16.977
415 2 2 34.590 18.124 33.914 16.985
416 2 2 34.597 18.116 33.922 16.977
417 2 2 34.590 18.124 33.914 16.985
418 2 2 34.597 18.116 33.922 16.977
419 2 2 34.590 18.116 33.914 16.977
420 2 2 34.597 18.108 33.922 16.969
421 2 2 34.590 18.116 33.914 16.977
422 2 2 34.597 18.108 33.922 16.969
423 2 2 34.590 18.116 33.914 16.977
424 2 2 34.597 18.108 33.922 16.969
425 2 2 34.590 18.116 33.914 16.977
426 2 2 34.597 18.108 33.922 16.969
427 2 2 34.590 18.108 33.914 16.970
428 2 2 34.597 18.100 33.922 16.961
429 2 2 34.590 18.108 33.914 16.970
430 2 2 34.582 18.100 33.906 16.962
431 2 2 34.590 18.108 33.914 16.970
432 2 2 34.582 18.100 33.906 16.962
433 2 2 34.574 18.108 33.898 16.970
434 2 2 34.582 18.100 33.906 16.962
435 2 2 34.574 18.100 33.898 16.962
436 2 2 34.581 18.092 33.906 16.954
437 2 2 34.574 18.100 33.898 16.962
438 2 2 34.581 18.092 33.906 16.954
439 2 2 34.574 18.100 33.898 16.962
440 2 2 34.581 18.092 33.906 16.954
441 2 2 34.574 18.100 33.898 16.962
442 2 2 34.581 18.092 33.906 16.954
443 2 2 34.574 18.100 33.898 16.962
444 2 2 34.581 18.092 33.906 16.954
445 2 2 34.574 18.100 33.898 16.962
446 2 2 34.581 18.092 33.906 16.954
447 2 2 34.574 18.100 33.898 16.962
448 2 2 34.581 18.092 33.906 16.954
449 2 2 34.574 18.100 33.898 16.962
450 2 2 34.581 18.092 33.906 16.954
451 2 2 34.574 18.100 33.898 16.962
452 2 2 34.581 18.092 33.906 16.954
453 2 2 34.574 18.100 33.898 16.962
454 2 2 34.581 18.092 33.906 16.954
455 2 2 34.574 18.100 33.898 16.962
456 2 2 34.581 18.092 33.906 16.954
457 2 2 34.574 18.100 33.898 16.962
458 2 2 34.581 18.092 33.906 16.954
459 2 2 34.574 18.100 33.898 16.962
460 2 2 34.581 18.092 33.906 16.954
461 2 2 34.574 18.100 33.898 16.962
462 2 2 34.566 18.092 33.890 16.954
463 2 2 34.558 18.100 33.882 16.962
464 2 2 34.566 18.092 33.890 16.954
465 2 2 34.558 18.100 33.882 16.962
466 2 2 34.566 18.092 33.890 16.954
467 2 2 34.558 18.100 33.882 16.962
468 2 2 34.566 18.092 33.890 16.954
469 2 2 34.558 18.100 33.882 16.962
470 2 2 34.566 18.092 33.890 16.954
471 2 2 34.558 18.100 33.882 16.962
472 2 2 34.566 18.100 33.890 16.962
473 2 2 34.558 18.108 33.882 16.970
474 2 2 34.566 18.100 33.890 16.962
475 2 2 34.574 18.108 33.898 16.970
476 2 2 34.582 18.108 33.906 16.970
477 2 2 34.574 18.116 33.898 16.978
478 2 2 34.582 18.116 33.906 16.978
479 2 2 34.574 18.124 33.898 16.986
480 2 2 34.582 18.116 33.906 16.978
481 2 2 34.574 18.124 33.898 16.986
482 2 2 34.582 18.116 33.906 16.978
483 2 2 34.574 18.116 33.898 16.978
484 2 2 34.582 18.116 33.906 16.978
485 2 2 34.574 18.124 33.898 16.986
486 2 2 34.582 18.116 33.906 16.978
487 2 2 34.574 18.124 33.898 16.986
488 2 2 34.582 18.116 33.906 16.978
489 2 2 34.574 18.116 33.898 16.978
490 2 2 34.582 18.116 33.906 16.978
491 2 2 34.574 18.116 33.898 16.978
492 2 2 34.566 18.108 33.890 16.970
493 2 2 34.558 18.116 33.882 16.978
494 2 2 34.566 18.108 33.890 16.970
495 2 2 34.558 18.108 33.882 16.970
496 2 2 34.566 18.100 33.890 16.962
497 2 2 34.558 18.108 33.882 16.970
498 2 2 34.566 18.100 33.890 16.962
499 2 2 34.558 18.108 33.882 16.970
500 2 2 34.550 18.100 33.874 16.962
501 2 2 34.542 18.100 33.866 16.962
502 2 2 34.550 18.092 33.874 16.954
503 2 2 34.542 18.100 33.866 16.962
504 2 2 34.550 18.092 33.874 16.954
505 2 2 34.542 18.092 33.866 16.954
259 2 2 34.574 18.204 33.898 17.001
273 2 2 34.574 18.164 33.898 17.025
283 2 2 34.558 18.172 33.883 17.033
0 3 1 20.364 11.344 19.442 10.426
1 3 1 20.387 11.368 19.426 10.411
2 3 1 20.403 11.360 19.442 10.403
3 3 1 20.403 11.368 19.442 10.411
4 3 1 20.419 11.359 19.458 10.402
5 3 1 20.435 11.351 19.473 10.394
6 3 1 20.451 11.343 19.489 10.386
7 3 1 20.451 11.351 19.489 10.394
8 3 1 20.467 11.343 19.505 10.386
9 3 1 20.483 11.335 19.521 10.378
10 3 1 20.499 11.343 19.537 10.386
11 3 1 20.515 11.351 19.553 10.394
12 3 1 20.546 11.358 19.585 10.401
13 3 1 20.562 11.366 19.601 10.409
14 3 1 20.594 11.358 19.632 10.401
15 3 1 20.626 11.365 19.664 10.408
16 3 1 20.658 11.373 19.696 10.416
17 3 1 20.674 11.381 19.712 10.424
18 3 1 20.705 11.388 19.744 10.431
19 3 1 20.737 11.396 19.775 10.439
20 3 1 20.769 11.404 19.807 10.447
21 3 1 20.785 11.427 19.823 10.470
22 3 1 20.817 11.419 19.855 10.462
23 3 1 20.833 11.427 19.871 10.470
24 3 1 20.864 11.435 19.903 10.478
25 3 1 20.880 11.442 19.919 10.485
26 3 1 20.912 11.450 19.950 10.493
27 3 1 20.944 11.458 19.982 10.501
28 3 1 20.976 11.449 20.014 10.492
29 3 1 20.992 11.457 20.030 10.500
30 3 1 21.023 11.449 20.062 10.492
31 3 1 21.055 11.457 20.093 10.500
32 3 1 21.087 11.448 20.125 10.491
33 3 1 21.119 11.456 20.157 10.499
34 3 1 21.151 11.448 20.189 10.491
35 3 1 21.198 11.455 20.236 10.498
36 3 1 21.230 11.447 20.268 10.490
37 3 1 21.262 11.455 20.300 10.498
38 3 1 21.309 11.462 20.348 10.505
39 3 1 21.341 11.470 20.379 10.513
40 3 1 21.373 11.461 20.411 10.505
41 3 1 21.421 11.469 20.459 10.512
42 3 1 21.453 11.461 20.491 10.504
43 3 1 21.500 11.484 20.538 10.527
44 3 1 21.532 11.476 20.570 10.519
45 3 1 21.564 11.483 20.602 10.526
46 3 1 21.596 11.475 20.634 10.518
47 3 1 21.627 11.483 20.665 10.526
48 3 1 21.675 11.474 20.713 10.518
49 3 1 21.707 11.482 20.745 10.525
50 3 1 21.739 11.474 20.777 10.517
51 3 1 21.786 11.481 20.824 10.524
52 3 1 21.818 11.489 20.856 10.532
53 3 1 21.866 11.496 20.904 10.540
54 3 1 21.913 11.488 20.951 10.531
55 3 1 21.961 11.496 20.999 10.539
56 3 1 22.009 11.503 21.047 10.546
57 3 1 22.041 11.511 21.079 10.554
58 3 1 22.088 11.518 21.126 10.561
59 3 1 22.144 11.525 21.182 10.569
60 3 1 22.168 11.533 21.206 10.576
61 3 1 22.215 11.541 21.253 10.584
62 3 1 22.303 11.421 21.341 10.464
63 3 1 22.279 11.540 21.317 10.583
64 3 1 22.327 11.532 21.365 10.575
65 3 1 22.327 11.571 21.365 10.622
66 3 1 22.390 11.531 21.428 10.582
67 3 1 22.438 11.539 21.476 10.590
68 3 1 22.477 11.514 21.515 10.573
69 3 1 22.517 11.514 21.555 10.573
70 3 1 22.549 11.506 21.587 10.565
71 3 1 22.597 11.513 21.635 10.572
72 3 1 22.628 11.505 21.666 10.564
73 3 1 22.676 11.513 21.714 10.572
74 3 1 22.724 11.504 21.770 10.563
75 3 1 22.755 11.496 21.801 10.555
76 3 1 22.803 11.488 21.849 10.547
77 3 1 22.843 11.495 21.889 10.554
78 3 1 22.882 11.487 21.928 10.546
79 3 1 22.930 11.494 21.976 10.553
80 3 1 22.970 11.486 22.016 10.545
81 3 1 23.025 11.478 22.071 10.537
82 3 1 23.073 11.469 22.119 10.528
83 3 1 23.105 11.477 22.151 10.536
84 3 1 23.152 11.468 22.198 10.528
85 3 1 23.200 11.460 22.246 10.519
86 3 1 23.248 11.452 22.293 10.511
87 3 1 23.295 11.443 22.341 10.503
88 3 1 23.343 11.435 22.389 10.494
89 3 1 23.375 11.443 22.420 10.502
90 3 1 23.422 11.434 22.468 10.494
91 3 1 23.470 11.442 22.516 10.501
92 3 1 23.517 11.433 22.563 10.493
93 3 1 23.581 11.441 22.627 10.500
94 3 1 23.629 11.432 22.674 10.492
95 3 1 23.676 11.440 22.722 10.499
96 3 1 23.724 11.431 22.770 10.491
97 3 1 23.772 11.439 22.817 10.498
98 3 1 23.819 11.431 22.865 10.490
99 3 1 23.867 11.438 22.913 10.497
100 3 1 23.914 11.430 22.960 10.489
101 3 1 23.962 11.437 23.008 10.497
102 3 1 24.010 11.413 23.055 10.472
103 3 1 24.041 11.421 23.087 10.480
104 3 1 24.089 11.412 23.135 10.472
105 3 1 24.121 11.420 23.166 10.479
106 3 1 24.152 11.412 23.198 10.471
107 3 1 24.192 11.403 23.238 10.463
108 3 1 24.248 11.395 23.293 10.454
109 3 1 24.295 11.386 23.341 10.446
110 3 1 24.343 11.378 23.389 10.438
111 3 1 24.390 11.386 23.436 10.445
112 3 1 24.438 11.361 23.484 10.421
113 3 1 24.486 11.369 23.531 10.428
114 3 1 24.517 11.361 23.563 10.420
115 3 1 24.565 11.352 23.611 10.412
116 3 1 24.605 11.344 23.650 10.404
117 3 1 24.660 11.336 23.706 10.395
118 3 1 24.708 11.327 23.753 10.387
119 3 1 24.755 11.319 23.801 10.379
120 3 1 24.803 11.310 23.849 10.370
121 3 1 24.850 11.318 23.896 10.378
122 3 1 24.898 11.294 23.944 10.354
123 3 1 24.930 11.301 23.975 10.361
124 3 1 24.977 11.293 24.023 10.353
125 3 1 25.017 11.301 24.063 10.360
126 3 1 25.072 11.292 24.118 10.352
127 3 1 25.104 11.300 24.150 10.360
128 3 1 25.152 11.291 24.197 10.351
129 3 1 25.199 11.299 24.245 10.359
130 3 1 25.247 11.291 24.293 10.350
131 3 1 25.295 11.298 24.340 10.358
132 3 1 25.342 11.290 24.388 10.349
133 3 1 25.390 11.297 24.435 10.357
134 3 1 25.437 11.289 24.483 10.349
135 3 1 25.485 11.296 24.531 10.356
136 3 1 25.532 11.288 24.578 10.348
137 3 1 25.580 11.295 24.626 10.355
138 3 1 25.628 11.287 24.673 10.347
139 3 1 25.675 11.294 24.721 10.354
140 3 1 25.707 11.286 24.752 10.346
141 3 1 25.754 11.294 24.800 10.354
142 3 1 25.786 11.285 24.832 10.345
143 3 1 25.834 11.293 24.879 10.353
144 3 1 25.865 11.285 24.911 10.345
145 3 1 25.913 11.276 24.959 10.336
146 3 1 25.945 11.268 24.990 10.328
147 3 1 25.992 11.276 25.038 10.336
148 3 1 26.024 11.267 25.070 10.327
149 3 1 26.071 11.259 25.117 10.319
150 3 1 26.103 11.251 25.149 10.311
151 3 1 26.151 11.258 25.196 10.318
152 3 1 26.190 11.234 25.236 10.294
153 3 1 26.246 11.242 25.291 10.302
154 3 1 26.293 11.217 25.339 10.278
155 3 1 26.325 11.225 25.371 10.285
156 3 1 26.372 11.201 25.418 10.261
157 3 1 26.420 11.193 25.466 10.253
158 3 1 26.452 11.184 25.497 10.245
159 3 1 26.483 11.176 25.529 10.236
160 3 1 26.531 11.168 25.576 10.228
161 3 1 26.563 11.175 25.608 10.236
162 3 1 26.610 11.151 25.656 10.211
163 3 1 26.642 11.159 25.687 10.219
164 3 1 26.673 11.151 25.719 10.211
165 3 1 26.705 11.158 25.751 10.219
166 3 1 26.753 11.134 25.798 10.194
167 3 1 26.776 11.126 25.822 10.186
168 3 1 26.832 11.117 25.877 10.178
169 3 1 26.864 11.125 25.909 10.185
170 3 1 26.911 11.101 25.957 10.161
171 3 1 26.943 11.109 25.988 10.169
172 3 1 26.990 11.084 26.036 10.145
173 3 1 27.030 11.092 26.075 10.152
174 3 1 27.069 11.068 26.115 10.128
175 3 1 27.117 11.075 26.162 10.136
176 3 1 27.148 11.051 26.194 10.112
177 3 1 27.196 11.059 26.242 10.119
178 3 1 27.228 11.035 26.273 10.095
179 3 1 27.259 11.042 26.305 10.103
180 3 1 27.291 11.018 26.337 10.079
181 3 1 27.339 11.026 26.384 10.086
182 3 1 27.362 11.002 26.408 10.062
183 3 1 27.402 11.009 26.447 10.070
184 3 1 27.433 10.985 26.479 10.046
185 3 1 27.465 10.993 26.511 10.054
186 3 1 27.497 10.969 26.542 10.030
187 3 1 27.528 10.961 26.574 10.021
188 3 1 27.552 10.953 26.598 10.013
189 3 1 27.592 10.944 26.637 10.005
190 3 1 27.639 10.936 26.685 9.997
191 3 1 27.671 10.928 26.716 9.989
192 3 1 27.718 10.920 26.764 9.980
193 3 1 27.750 10.911 26.796 9.972
194 3 1 27.782 10.903 26.827 9.964
195 3 1 27.829 10.895 26.875 9.956
196 3 1 27.861 10.887 26.906 9.947
197 3 1 27.892 10.878 26.938 9.939
198 3 1 27.924 10.870 26.970 9.931
199 3 1 27.956 10.878 27.001 9.939
200 3 1 27.979 10.870 27.025 9.931
201 3 1 28.019 10.877 27.065 9.938
202 3 1 28.051 10.869 27.096 9.930
203 3 1 28.089 10.695 27.128 9.961
204 3 1 28.208 10.717 27.144 9.969
205 3 1 28.272 10.709 27.144 9.961
206 3 1 28.303 10.693 27.128 9.969
207 3 1 28.335 10.685 27.152 9.977
208 3 1 28.224 10.757 27.247 9.897
209 3 1 28.256 10.764 27.278 9.905
210 3 1 28.288 10.772 27.310 9.912
211 3 1 28.319 10.764 27.342 9.904
212 3 1 28.367 10.787 27.389 9.927
213 3 1 28.383 10.779 27.405 9.919
214 3 1 28.446 10.802 27.468 9.942
215 3 1 28.494 10.794 27.516 9.934
216 3 1 28.510 10.802 27.532 9.942
217 3 1 28.557 10.809 27.579 9.949
218 3 1 28.589 10.817 27.611 9.957
219 3 1 28.620 10.808 27.643 9.949
220 3 1 28.668 10.816 27.690 9.956
221 3 1 28.715 10.808 27.738 9.948
222 3 1 28.731 10.815 27.753 9.956
223 3 1 28.779 10.823 27.801 9.963
224 3 1 28.810 10.830 27.833 9.971
225 3 1 28.842 10.822 27.864 9.962
226 3 1 28.874 10.830 27.896 9.970
227 3 1 29.039 10.686 27.801 10.010
228 3 1 28.913 10.774 27.927 9.930
229 3 1 28.953 10.766 27.967 9.922
230 3 1 28.976 10.774 27.991 9.930
231 3 1 29.032 10.765 28.046 9.921
232 3 1 29.056 10.773 28.070 9.929
233 3 1 29.111 10.764 28.125 9.921
234 3 1 29.150 10.772 28.165 9.928
235 3 1 29.134 10.669 28.086 10.016
236 3 1 29.142 10.701 28.252 10.022
237 3 1 29.198 10.732 28.331 10.013
238 3 1 29.198 10.795 28.442 10.028
239 3 1 29.182 10.780 28.474 10.059
240 3 1 29.238 10.787 28.490 10.083
241 3 1 29.285 10.802 28.569 10.082
242 3 1 29.364 10.778 28.617 10.066
243 3 1 29.444 10.809 28.529 10.035
244 3 1 29.491 10.824 28.577 10.051
245 3 1 29.554 10.839 28.640 10.066
246 3 1 29.618 10.854 28.704 10.081
247 3 1 29.681 10.870 28.767 10.096
248 3 1 29.745 10.885 28.830 10.112
249 3 1 29.808 10.916 28.894 10.143
250 3 1 29.887 10.931 28.973 10.158
251 3 1 29.951 10.962 29.037 10.189
252 3 1 30.014 10.993 29.100 10.220
253 3 1 30.078 11.008 29.163 10.235
254 3 1 30.252 11.046 29.369 10.233
255 3 1 30.252 11.022 29.345 10.249
256 3 1 30.307 11.038 29.401 10.264
257 3 1 30.347 11.053 29.441 10.280
258 3 1 30.402 11.068 29.496 10.295
260 3 1 30.513 11.099 29.607 10.325
261 3 1 30.553 11.114 29.647 10.341
262 3 1 30.608 11.130 29.702 10.356
263 3 1 30.648 11.145 29.742 10.372
264 3 1 30.688 11.161 29.781 10.387
265 3 1 30.743 11.160 29.837 10.387
266 3 1 30.799 11.175 29.892 10.402
267 3 1 30.854 11.191 29.948 10.417
268 3 1 30.910 11.206 30.003 10.432
269 3 1 30.965 11.221 30.058 10.448
270 3 1 31.036 11.236 30.130 10.463
271 3 1 31.108 11.251 30.201 10.478
272 3 1 31.179 11.267 30.272 10.493
274 3 1 31.337 11.312 30.431 10.539
275 3 1 31.393 11.328 30.486 10.554
276 3 1 31.464 11.343 30.557 10.569
277 3 1 31.504 11.358 30.597 10.585
278 3 1 31.559 11.374 30.653 10.600
279 3 1 31.599 11.389 30.692 10.616
280 3 1 31.670 11.388 30.763 10.615
281 3 1 31.710 11.404 30.803 10.630
282 3 1 31.710 11.467 31.024 10.549
284 3 1 31.876 11.465 31.104 10.651
285 3 1 31.971 11.465 31.120 10.698
286 3 1 32.153 11.455 31.127 10.683
287 3 1 32.232 11.470 31.175 10.706
288 3 1 32.240 11.478 31.183 10.745
289 3 1 32.311 11.469 31.215 10.753
290 3 1 32.366 11.445 31.168 10.761
291 3 1 32.366 11.437 31.223 10.808
292 3 1 32.382 11.461 31.239 10.832
293 3 1 32.390 11.484 31.279 10.863
294 3 1 32.525 11.507 31.334 10.870
295 3 1 32.359 11.540 31.484 10.829
296 3 1 32.699 11.608 31.548 10.884
297 3 1 32.770 11.575 31.643 10.899
298 3 1 32.770 11.599 31.722 10.890
299 3 1 32.676 11.592 31.801 10.890
300 3 1 32.826 11.599 31.927 10.904
301 3 1 32.802 11.599 31.927 10.904
302 3 1 32.818 11.591 31.991 10.919
303 3 1 32.889 11.590 32.015 10.935
304 3 1 32.960 11.605 32.054 10.911
305 3 1 33.032 11.644 32.133 10.863
306 3 1 33.007 11.589 32.141 10.910
307 3 1 33.039 11.589 32.172 10.910
308 3 1 33.332 11.618 32.283 10.869
309 3 1 33.300 11.594 32.172 10.910
310 3 1 33.403 11.593 32.204 10.925
311 3 1 33.418 11.577 32.307 10.901
312 3 1 33.442 11.593 32.322 10.885
313 3 1 33.434 11.601 32.315 10.916
314 3 1 33.418 11.554 32.402 10.931
315 3 1 33.418 11.569 32.481 10.931
316 3 1 33.410 11.562 32.481 10.938
317 3 1 33.450 11.569 32.536 10.946
318 3 1 33.553 11.592 32.702 10.889
319 3 1 33.617 11.678 32.812 10.849
320 3 1 33.680 11.717 32.946 10.855
321 3 1 33.735 11.677 32.978 10.863
322 3 1 33.774 11.590 32.939 10.950
323 3 1 33.821 11.597 32.987 10.957
324 3 1 34.043 11.658 32.978 10.894
325 3 1 34.083 11.682 32.986 10.910
326 3 1 34.099 11.674 33.026 10.910
327 3 1 33.972 11.612 33.137 10.972
328 3 1 34.019 11.619 33.184 10.979
329 3 1 34.194 11.696 33.145 10.940
330 3 1 34.082 11.634 33.248 10.994
331 3 1 34.130 11.642 33.295 11.002
332 3 1 34.177 11.649 33.343 11.009
333 3 1 34.225 11.657 33.390 11.017
334 3 1 34.257 11.680 33.422 11.040
335 3 1 34.304 11.672 33.469 11.032
336 3 1 34.352 11.695 33.517 11.055
337 3 1 34.534 11.819 33.682 10.975
338 3 1 34.534 11.772 33.674 10.967
339 3 1 34.558 11.764 33.698 10.990
340 3 1 34.542 11.772 33.682 11.030
341 3 1 34.589 11.772 33.675 11.038
342 3 1 34.700 11.778 33.682 11.022
343 3 1 34.605 11.716 33.770 11.076
344 3 1 34.636 11.724 33.801 11.084
345 3 1 34.683 11.715 33.849 11.076
346 3 1 34.945 11.776 33.849 11.107
347 3 1 35.008 11.768 33.825 11.115
348 3 1 34.826 11.754 33.991 11.114
349 3 1 34.873 11.761 34.039 11.121
350 3 1 34.921 11.768 34.086 11.129
351 3 1 34.968 11.760 34.133 11.120
352 3 1 35.016 11.768 34.181 11.128
353 3 1 35.063 11.759 34.228 11.120
354 3 1 35.110 11.767 34.276 11.127
355 3 1 35.158 11.742 34.323 11.103
356 3 1 35.189 11.750 34.354 11.110
357 3 1 35.236 11.726 34.402 11.086
358 3 1 35.284 11.718 34.449 11.078
359 3 1 35.514 11.826 34.599 11.037
360 3 1 35.522 11.850 34.607 11.069
361 3 1 35.474 11.771 34.639 11.131
362 3 1 35.505 11.779 34.670 11.139
363 3 1 35.553 11.770 34.718 11.131
364 3 1 35.600 11.778 34.765 11.138
365 3 1 35.647 11.769 34.812 11.130
366 3 1 35.695 11.777 34.860 11.137
367 3 1 35.758 11.784 34.923 11.145
368 3 1 35.805 11.792 34.971 11.152
369 3 1 35.853 11.783 35.018 11.144
370 3 1 35.900 11.791 35.065 11.151
371 3 1 35.947 11.782 35.113 11.143
372 3 1 35.995 11.806 35.160 11.166
373 3 1 36.026 11.797 35.192 11.158
374 3 1 36.074 11.805 35.239 11.165
375 3 1 36.106 11.812 35.271 11.173
376 3 1 36.153 11.820 35.318 11.180
377 3 1 36.184 11.812 35.350 11.172
378 3 1 36.216 11.835 35.381 11.196
379 3 1 36.248 11.843 35.413 11.203
380 3 1 36.295 11.850 35.460 11.211
381 3 1 36.327 11.842 35.492 11.202
382 3 1 36.358 11.850 35.524 11.210
383 3 1 36.406 11.841 35.571 11.202
384 3 1 36.437 11.849 35.603 11.209
385 3 1 36.485 11.840 35.650 11.201
386 3 1 36.532 11.832 35.697 11.193
387 3 1 36.579 11.824 35.744 11.184
388 3 1 36.627 11.831 35.792 11.192
389 3 1 36.674 11.823 35.839 11.183
390 3 1 36.721 11.830 35.886 11.191
391 3 1 36.769 11.822 35.934 11.183
392 3 1 36.816 11.814 35.981 11.174
393 3 1 36.863 11.805 36.028 11.166
394 3 1 36.895 11.813 36.060 11.173
395 3 1 36.942 11.804 36.107 11.165
396 3 1 36.989 11.796 36.154 11.157
397 3 1 37.036 11.788 36.202 11.148
398 3 1 37.068 11.795 36.233 11.156
399 3 1 37.115 11.787 36.281 11.148
400 3 1 37.147 11.795 36.312 11.155
401 3 1 37.194 11.802 36.360 11.163
402 3 1 37.242 11.810 36.407 11.170
403 3 1 37.273 11.801 36.438 11.162
404 3 1 37.321 11.809 36.486 11.169
405 3 1 37.368 11.816 36.533 11.177
406 3 1 37.415 11.824 36.581 11.184
407 3 1 37.463 11.831 36.628 11.192
408 3 1 37.510 11.839 36.675 11.199
409 3 1 37.558 11.830 36.723 11.191
410 3 1 37.589 11.854 36.755 11.214
411 3 1 37.637 11.845 36.802 11.206
412 3 1 37.668 11.853 36.833 11.214
413 3 1 37.716 11.860 36.881 11.221
414 3 1 37.747 11.868 36.912 11.229
415 3 1 37.779 11.860 36.944 11.220
416 3 1 37.826 11.867 36.991 11.228
417 3 1 37.858 11.875 37.023 11.235
418 3 1 37.889 11.882 37.055 11.243
419 3 1 37.921 11.874 37.086 11.235
420 3 1 37.968 11.882 37.133 11.242
421 3 1 38.000 11.873 37.165 11.234
422 3 1 38.031 11.881 37.196 11.242
423 3 1 38.079 11.873 37.244 11.233
424 3 1 38.110 11.880 37.275 11.241
425 3 1 38.157 11.872 37.323 11.233
426 3 1 38.205 11.863 37.370 11.224
427 3 1 38.252 11.855 37.417 11.216
428 3 1 38.299 11.863 37.464 11.223
429 3 1 38.346 11.854 37.512 11.215
430 3 1 38.378 11.862 37.543 11.223
431 3 1 38.425 11.853 37.590 11.214
432 3 1 38.473 11.861 37.638 11.222
433 3 1 38.787 11.803 37.582 11.199
434 3 1 38.764 11.819 37.661 11.214
435 3 1 38.622 11.828 37.787 11.205
436 3 1 38.669 11.820 37.835 11.196
437 3 1 38.780 11.842 37.850 11.196
438 3 1 38.725 11.827 37.890 11.204
439 3 1 38.954 11.896 37.842 11.180
440 3 1 38.811 11.842 37.977 11.219
441 3 1 38.843 11.850 38.008 11.226
442 3 1 38.890 11.841 38.056 11.218
443 3 1 38.938 11.864 38.103 11.241
444 3 1 38.969 11.872 38.135 11.249
445 3 1 39.017 11.879 38.182 11.256
446 3 1 39.080 11.887 38.245 11.263
447 3 1 39.128 11.910 38.293 11.287
448 3 1 39.159 11.918 38.324 11.294
449 3 1 39.191 11.941 38.356 11.318
450 3 1 39.238 11.948 38.404 11.325
451 3 1 39.286 11.972 38.451 11.348
452 3 1 39.664 11.960 38.387 11.238
453 3 1 39.743 11.975 38.419 11.278
454 3 1 39.759 11.975 38.450 11.254
455 3 1 39.294 11.956 38.459 11.332
456 3 1 39.325 11.963 38.490 11.340
457 3 1 39.357 11.987 38.522 11.363
458 3 1 39.657 12.031 38.561 11.260
459 3 1 39.514 11.954 38.680 11.330
460 3 1 39.546 11.961 38.711 11.338
461 3 1 39.577 11.969 38.743 11.345
462 3 1 39.609 11.976 38.774 11.353
463 3 1 39.641 11.984 38.806 11.361
464 3 1 39.688 11.976 38.853 11.352
465 3 1 39.735 11.983 38.901 11.360
466 3 1 39.933 12.021 38.671 11.283
467 3 1 39.759 11.983 38.924 11.360
468 3 1 40.084 12.122 38.679 11.244
469 3 1 40.122 12.050 38.790 11.345
470 3 1 39.790 11.975 38.956 11.351
471 3 1 39.822 11.982 38.987 11.359
472 3 1 39.869 11.990 39.035 11.366
473 3 1 39.917 11.997 39.082 11.374
474 3 1 39.948 12.005 39.114 11.381
475 3 1 39.980 12.012 39.145 11.389
476 3 1 40.027 12.004 39.192 11.381
477 3 1 40.090 11.995 39.255 11.372
478 3 1 40.121 11.987 39.287 11.364
479 3 1 40.169 11.995 39.334 11.371
480 3 1 40.184 11.987 39.350 11.363
481 3 1 40.232 11.994 39.397 11.371
482 3 1 40.263 12.002 39.429 11.378
483 3 1 40.295 12.009 39.460 11.386
484 3 1 40.326 12.001 39.492 11.378
485 3 1 40.738 12.131 39.833 11.556
486 3 1 40.691 12.148 39.856 11.532
487 3 1 40.722 12.147 39.887 11.532
488 3 1 40.769 12.147 39.935 11.531
489 3 1 40.785 12.147 39.950 11.531
490 3 1 40.848 12.146 40.013 11.531
491 3 1 40.880 12.146 40.045 11.530
492 3 1 40.911 12.130 40.076 11.514
493 3 1 40.943 12.145 40.108 11.530
494 3 1 40.974 12.129 40.139 11.514
495 3 1 41.005 12.129 40.171 11.513
496 3 1 41.037 12.128 40.202 11.513
497 3 1 41.068 12.112 40.234 11.497
498 3 1 41.115 12.096 40.281 11.481
499 3 1 41.147 12.096 40.312 11.481
500 3 1 41.178 12.095 40.344 11.480
501 3 1 41.210 12.095 40.375 11.480
502 3 1 41.241 12.079 40.406 11.464
503 3 1 41.272 12.063 40.438 11.448
504 3 1 41.320 12.063 40.485 11.447
505 3 1 41.367 12.046 40.532 11.431
259 3 1 30.442 11.084 29.536 10.310
273 3 1 31.250 11.282 30.344 10.508
283 3 1 31.789 11.474 31.072 10.596
0 4 2 30.876 2.452 30.026 1.169
1 4 2 30.900 2.491 30.010 1.146
2 4 2 30.892 2.514 30.002 1.169
3 4 2 30.868 2.538 29.979 1.193
4 4 2 30.861 2.577 29.971 1.232
5 4 2 30.837 2.601 29.948 1.256
6 4 2 30.830 2.656 29.940 1.310
7 4 2 30.806 2.679 29.917 1.334
8 4 2 30.799 2.734 29.909 1.389
9 4 2 30.776 2.773 29.886 1.428
10 4 2 30.768 2.844 29.879 1.498
11 4 2 30.745 2.883 29.855 1.537
12 4 2 30.737 2.953 29.848 1.608
13 4 2 30.714 2.993 29.824 1.647
14 4 2 30.706 3.040 29.817 1.694
15 4 2 30.683 3.102 29.794 1.757
16 4 2 30.676 3.157 29.786 1.811
17 4 2 30.652 3.189 29.763 1.843
18 4 2 30.645 3.251 29.755 1.905
19 4 2 30.621 3.291 29.732 1.944
20 4 2 30.614 3.338 29.724 1.991
21 4 2 30.606 3.400 29.717 2.054
22 4 2 30.599 3.455 29.709 2.109
23 4 2 30.591 3.487 29.701 2.140
24 4 2 30.584 3.565 29.694 2.218
25 4 2 30.560 3.604 29.671 2.257
26 4 2 30.419 3.668 29.684 1.835
27 4 2 30.380 3.739 29.645 1.883
28 4 2 30.411 3.613 29.606 2.008
29 4 2 30.396 3.668 29.591 2.063
30 4 2 30.396 3.738 29.591 2.133
31 4 2 30.396 3.778 29.591 2.172
32 4 2 30.381 3.848 29.576 2.243
33 4 2 30.381 3.903 29.576 2.297
34 4 2 30.344 4.256 29.639 2.289
35 4 2 30.329 4.287 29.640 2.383
36 4 2 30.344 4.264 29.641 2.500
37 4 2 30.376 4.334 29.586 2.516
38 4 2 30.338 4.522 29.617 2.578
39 4 2 30.378 4.663 29.579 2.665
40 4 2 30.355 4.679 29.564 2.907
41 4 2 30.355 4.726 29.564 2.868
42 4 2 30.363 4.804 29.564 2.829
43 4 2 30.380 4.890 29.548 2.868
44 4 2 30.365 5.024 29.580 2.915
45 4 2 30.412 5.047 29.549 2.986
46 4 2 30.388 5.031 29.582 3.220
47 4 2 30.381 5.055 29.566 3.228
48 4 2 30.365 5.149 29.597 3.197
49 4 2 30.374 5.251 29.582 3.267
50 4 2 30.382 5.330 29.582 3.306
51 4 2 30.383 5.369 29.622 3.376
52 4 2 30.367 5.392 29.631 3.603
53 4 2 30.383 5.400 29.639 3.580
54 4 2 30.423 5.502 29.616 3.697
55 4 2 30.400 5.604 29.655 3.713
56 4 2 30.503 5.666 29.624 3.783
57 4 2 30.479 5.682 29.649 3.924
58 4 2 30.439 5.643 29.657 3.956
59 4 2 30.449 5.870 29.689 4.065
60 4 2 30.473 5.980 29.729 4.096
61 4 2 30.481 5.988 29.753 4.252
62 4 2 30.489 5.988 29.762 4.354
63 4 2 30.497 6.058 29.738 4.307
64 4 2 30.490 6.106 29.738 4.378
65 4 2 30.514 6.192 29.692 4.504
66 4 2 30.514 6.200 29.740 4.668
67 4 2 30.530 6.262 29.764 4.707
68 4 2 30.515 6.388 29.741 4.801
69 4 2 30.563 6.458 29.757 4.887
70 4 2 30.516 6.530 29.788 4.801
71 4 2 30.549 6.710 29.772 4.785
72 4 2 30.510 6.797 29.780 4.832
73 4 2 30.526 6.891 29.766 5.068
74 4 2 30.479 6.876 29.766 5.162
75 4 2 30.535 7.001 29.774 5.201
76 4 2 30.512 7.135 29.814 5.240
77 4 2 30.521 7.276 29.783 5.334
78 4 2 30.466 7.324 29.744 5.358
79 4 2 30.481 7.277 29.754 5.656
80 4 2 30.489 7.300 29.785 5.585
81 4 2 30.506 7.489 29.761 5.586
82 4 2 30.491 7.552 29.762 5.790
83 4 2 30.483 7.489 29.715 5.892
84 4 2 30.467 7.489 29.708 5.908
85 4 2 30.404 7.576 29.731 5.908
86 4 2 30.405 7.726 29.748 6.049
87 4 2 30.406 7.836 29.709 6.159
88 4 2 30.351 7.923 29.702 6.230
89 4 2 30.320 8.057 29.694 6.206
90 4 2 30.321 8.175 29.679 6.324
91 4 2 30.345 8.245 29.655 6.395
92 4 2 30.370 8.340 29.664 6.537
93 4 2 30.330 8.277 29.625 6.545
94 4 2 30.394 8.466 29.657 6.678
95 4 2 30.339 8.529 29.665 6.733
96 4 2 30.331 8.466 29.665 6.788
97 4 2 30.316 8.553 29.650 6.875
98 4 2 30.294 8.892 29.611 6.977
99 4 2 30.265 9.247 29.572 7.009
100 4 2 30.249 9.294 29.581 7.143
101 4 2 30.202 9.310 29.511 7.300
102 4 2 30.147 9.390 29.479 7.387
103 4 2 30.131 9.390 29.504 7.489
104 4 2 30.093 9.564 29.449 7.537
105 4 2 30.069 9.587 29.410 7.640
106 4 2 30.061 9.572 29.449 7.671
107 4 2 30.039 9.769 29.396 7.970
108 4 2 30.039 9.824 29.365 8.136
109 4 2 30.031 9.880 29.373 8.207
110 4 2 29.985 9.991 29.326 8.262
111 4 2 29.969 10.038 29.311 8.420
112 4 2 29.993 10.156 29.312 8.451
113 4 2 29.930 10.180 29.257 8.546
114 4 2 29.884 10.386 29.257 8.546
115 4 2 29.916 10.481 29.218 8.610
116 4 2 29.916 10.512 29.179 8.744
117 4 2 29.862 10.623 29.108 8.792
118 4 2 29.831 10.710 29.132 8.878
119 4 2 29.823 10.781 29.117 8.973
120 4 2 29.848 10.892 29.117 8.997
121 4 2 29.777 11.003 29.078 9.100
122 4 2 29.762 11.217 29.102 9.155
123 4 2 29.794 11.193 29.079 9.234
124 4 2 29.827 11.398 29.088 9.391
125 4 2 29.795 11.422 29.096 9.494
126 4 2 29.795 11.453 29.112 9.580
127 4 2 29.796 11.548 29.073 9.636
128 4 2 29.749 11.675 29.058 9.754
129 4 2 29.734 11.786 29.059 9.904
130 4 2 29.750 11.818 29.051 9.960
131 4 2 29.742 11.849 29.059 9.999
132 4 2 29.728 12.071 29.004 10.086
133 4 2 29.703 11.945 29.037 10.220
134 4 2 29.697 12.166 29.037 10.275
135 4 2 29.611 12.373 28.967 10.426
136 4 2 29.603 12.460 28.967 10.473
137 4 2 29.588 12.515 28.960 10.600
138 4 2 29.604 12.610 28.952 10.742
139 4 2 29.588 12.500 28.961 10.837
140 4 2 29.580 12.595 28.953 10.932
141 4 2 29.589 12.690 28.962 11.026
142 4 2 29.566 12.785 28.939 11.122
143 4 2 29.574 12.904 28.947 11.240
144 4 2 29.551 12.991 28.924 11.327
145 4 2 29.559 13.102 28.932 11.438
146 4 2 29.552 13.197 28.925 11.533
147 4 2 29.506 13.387 28.870 11.636
148 4 2 29.522 13.474 28.863 11.699
149 4 2 29.531 13.585 28.855 11.826
150 4 2 29.499 13.530 28.871 11.865
151 4 2 29.491 13.625 28.864 11.960
152 4 2 29.500 13.744 28.873 12.079
153 4 2 29.492 13.831 28.865 12.166
154 4 2 29.485 13.927 28.858 12.261
155 4 2 29.478 14.030 28.850 12.364
156 4 2 29.486 14.133 28.859 12.467
157 4 2 29.552 14.513 28.899 12.617
158 4 2 29.554 14.830 28.915 12.664
159 4 2 29.519 14.339 28.892 12.673
160 4 2 29.512 14.434 28.884 12.768
161 4 2 29.167 12.314 28.548 10.659
162 4 2 29.513 14.640 28.893 12.981
163 4 2 29.579 15.172 28.870 13.108
164 4 2 29.529 14.751 28.933 13.116
165 4 2 29.588 15.267 28.832 13.354
166 4 2 29.573 15.466 28.848 13.529
167 4 2 29.557 15.521 28.865 13.584
168 4 2 29.543 15.744 28.849 13.648
169 4 2 29.519 15.816 28.810 13.822
170 4 2 29.551 15.839 28.850 13.893
171 4 2 29.488 15.904 28.819 14.013
172 4 2 29.505 16.110 28.780 14.084
173 4 2 29.521 16.150 28.804 14.164
174 4 2 29.506 16.174 28.797 14.283
175 4 2 29.498 16.285 28.718 14.347
176 4 2 29.491 16.397 28.711 14.474
177 4 2 29.476 16.484 28.799 14.592
178 4 2 29.427 16.349 28.839 14.711
179 4 2 29.436 16.437 28.847 14.806
180 4 2 29.412 16.556 28.824 14.925
181 4 2 29.439 16.994 28.737 15.006
182 4 2 29.439 17.113 28.746 15.156
183 4 2 29.464 17.169 28.746 15.180
184 4 2 29.432 17.185 28.731 15.244
185 4 2 29.456 17.312 28.755 15.355
186 4 2 29.465 17.447 28.716 15.467
187 4 2 29.450 17.511 28.724 15.522
188 4 2 29.376 17.122 28.795 15.490
189 4 2 29.369 17.225 28.788 15.593
190 4 2 29.361 17.329 28.781 15.696
191 4 2 29.354 17.433 28.773 15.808
192 4 2 29.347 17.552 28.766 15.927
193 4 2 29.339 17.656 28.758 16.030
194 4 2 29.332 17.752 28.751 16.126
195 4 2 29.324 17.863 28.744 16.237
196 4 2 29.317 17.983 28.736 16.357
197 4 2 29.422 18.324 28.595 16.669
198 4 2 29.375 18.325 28.635 16.692
199 4 2 29.295 18.246 28.714 16.628
200 4 2 29.287 18.294 28.714 16.675
201 4 2 29.279 18.350 28.707 16.739
202 4 2 29.272 18.406 28.699 16.803
203 4 2 29.272 18.446 28.707 16.842
204 4 2 29.280 18.509 28.715 16.914
206 4 2 29.271 18.342 28.707 16.755
207 4 2 29.264 18.390 28.699 16.811
208 4 2 29.240 18.422 28.675 16.851
210 4 2 29.232 18.303 28.667 16.739
211 4 2 29.208 18.343 28.643 16.787
212 4 2 29.232 18.319 28.667 16.771
213 4 2 29.224 18.319 28.659 16.779
214 4 2 29.200 18.335 28.635 16.803
216 4 2 29.191 18.255 28.627 16.732
217 4 2 29.184 18.255 28.619 16.740
218 4 2 29.191 18.247 28.627 16.740
219 4 2 29.183 18.247 28.619 16.748
220 4 2 29.191 18.247 28.627 16.756
221 4 2 29.183 18.239 28.619 16.748
222 4 2 29.191 18.239 28.627 16.748
223 4 2 29.183 18.239 28.619 16.756
224 4 2 29.191 18.239 28.627 16.756
225 4 2 29.183 18.231 28.619 16.748
226 4 2 29.191 18.231 28.627 16.748
227 4 2 29.183 18.231 28.619 16.748
228 4 2 29.191 18.239 28.627 16.756
229 4 2 29.183 18.239 28.619 16.756
230 4 2 29.191 18.239 28.627 16.756
231 4 2 29.183 18.239 28.619 16.756
232 4 2 29.191 18.231 28.627 16.748
233 4 2 29.183 18.231 28.619 16.748
234 4 2 29.191 18.239 28.627 16.756
235 4 2 29.183 18.239 28.619 16.756
236 4 2 29.175 18.231 28.611 16.748
237 4 2 29.168 18.239 28.603 16.756
238 4 2 29.160 18.232 28.595 16.748
239 4 2 29.168 18.232 28.603 16.748
240 4 2 29.160 18.240 28.595 16.756
241 4 2 29.120 18.240 28.556 16.765
242 4 2 29.080 18.264 28.516 16.797
244 4 2 29.072 18.225 28.508 16.757
245 4 2 29.001 18.257 28.437 16.798
246 4 2 28.913 18.274 28.349 16.822
247 4 2 28.842 18.315 28.278 16.871
248 4 2 28.755 18.324 28.191 16.888
249 4 2 28.667 18.357 28.104 16.929
250 4 2 28.580 18.374 28.016 16.953
251 4 2 28.493 18.406 27.929 16.994
252 4 2 28.389 18.432 27.826 17.027
253 4 2 28.302 18.456 27.739 17.060
254 4 2 28.214 18.457 27.651 17.069
255 4 2 28.127 18.490 27.564 17.110
256 4 2 28.024 18.515 27.461 17.143
258 4 2 28.015 18.356 27.452 16.991
260 4 2 27.856 18.398 27.293 17.049
261 4 2 27.737 18.399 27.174 17.058
262 4 2 27.633 18.424 27.071 17.091
263 4 2 27.514 18.425 26.952 17.100
264 4 2 27.427 18.450 26.864 17.133
265 4 2 27.323 18.451 26.761 17.142
266 4 2 27.236 18.484 26.673 17.183
267 4 2 27.132 18.493 26.570 17.200
268 4 2 27.029 18.502 26.467 17.217
269 4 2 26.925 18.504 26.363 17.226
270 4 2 26.822 18.521 26.260 17.251
271 4 2 26.719 18.522 26.157 17.260
272 4 2 26.631 18.523 26.069 17.269
274 4 2 26.424 18.533 25.862 17.295
275 4 2 26.321 18.526 25.759 17.296
276 4 2 26.217 18.519 25.655 17.297
277 4 2 26.113 18.521 25.552 17.307
278 4 2 26.010 18.506 25.449 17.300
279 4 2 25.906 18.499 25.345 17.301
280 4 2 25.787 18.500 25.226 17.310
281 4 2 25.683 18.486 25.122 17.303
282 4 2 25.596 18.494 25.035 17.320
284 4 2 25.373 18.481 24.812 17.323
285 4 2 25.253 18.474 24.692 17.324
286 4 2 25.165 18.475 24.605 17.333
287 4 2 25.062 18.468 24.501 17.334
288 4 2 24.958 18.470 24.398 17.343
289 4 2 24.839 18.463 24.278 17.344
290 4 2 24.719 18.464 24.159 17.354
291 4 2 24.600 18.458 24.039 17.355
292 4 2 24.480 18.459 23.920 17.364
293 4 2 24.393 18.452 23.832 17.365
294 4 2 24.353 18.452 23.792 17.373
295 4 2 24.265 18.445 23.705 17.374
296 4 2 24.177 18.446 23.617 17.383
298 4 2 24.169 18.343 23.609 17.288
299 4 2 24.081 18.344 23.529 17.297
300 4 2 23.962 18.353 23.410 17.314
301 4 2 23.866 18.362 23.314 17.331
302 4 2 23.755 18.371 23.203 17.348
303 4 2 23.651 18.380 23.099 17.365
304 4 2 23.540 18.398 22.988 17.390
305 4 2 23.444 18.407 22.892 17.407
306 4 2 23.340 18.424 22.789 17.432
307 4 2 23.285 18.448 22.733 17.465
309 4 2 23.276 18.353 22.733 17.377
310 4 2 23.181 18.362 22.637 17.394
311 4 2 23.117 18.378 22.573 17.419
312 4 2 22.989 18.396 22.446 17.444
313 4 2 23.085 18.387 22.541 17.443
314 4 2 23.029 18.387 22.486 17.451
315 4 2 23.101 18.418 22.557 17.491
317 4 2 23.093 18.331 22.549 17.411
318 4 2 23.101 18.331 22.557 17.419
319 4 2 23.093 18.323 22.549 17.419
320 4 2 23.101 18.323 22.557 17.427
321 4 2 23.093 18.323 22.549 17.435
322 4 2 23.085 18.315 22.541 17.435
323 4 2 23.077 18.307 22.533 17.435
324 4 2 23.085 18.307 22.541 17.443
325 4 2 23.077 18.299 22.533 17.443
326 4 2 23.085 18.299 22.541 17.451
327 4 2 23.077 18.299 22.533 17.459
328 4 2 23.085 18.291 22.541 17.459
329 4 2 23.077 18.291 22.533 17.459
330 4 2 23.085 18.283 22.541 17.451
331 4 2 23.077 18.291 22.533 17.459
332 4 2 23.085 18.283 22.541 17.451
333 4 2 23.077 18.291 22.533 17.459
334 4 2 23.085 18.291 22.541 17.459
335 4 2 23.077 18.291 22.533 17.459
336 4 2 23.069 18.283 22.526 17.451
337 4 2 23.061 18.291 22.518 17.459
338 4 2 23.069 18.283 22.526 17.451
339 4 2 23.061 18.291 22.518 17.459
340 4 2 23.069 18.291 22.526 17.459
341 4 2 23.061 18.291 22.518 17.459
342 4 2 23.069 18.283 22.526 17.451
343 4 2 23.061 18.291 22.518 17.459
344 4 2 23.069 18.283 22.526 17.451
345 4 2 23.061 18.291 22.518 17.459
346 4 2 23.069 18.291 22.526 17.459
347 4 2 23.077 18.291 22.533 17.459
348 4 2 23.069 18.283 22.526 17.451
349 4 2 23.061 18.291 22.518 17.459
350 4 2 23.069 18.283 22.526 17.451
351 4 2 23.061 18.291 22.518 17.459
352 4 2 23.069 18.291 22.526 17.459
353 4 2 23.061 18.283 22.518 17.451
354 4 2 23.069 18.275 22.525 17.443
355 4 2 23.061 18.283 22.518 17.451
356 4 2 23.069 18.283 22.526 17.451
357 4 2 23.061 18.283 22.518 17.451
358 4 2 23.069 18.283 22.526 17.451
359 4 2 23.061 18.283 22.518 17.451
360 4 2 23.069 18.275 22.525 17.443
361 4 2 23.061 18.283 22.518 17.451
362 4 2 23.069 18.275 22.525 17.443
363 4 2 23.061 18.275 22.518 17.443
364 4 2 23.069 18.275 22.525 17.443
365 4 2 23.061 18.275 22.518 17.443
366 4 2 23.069 18.275 22.525 17.443
367 4 2 23.061 18.275 22.518 17.443
368 4 2 23.069 18.275 22.525 17.443
369 4 2 23.061 18.275 22.518 17.443
370 4 2 23.069 18.275 22.525 17.443
371 4 2 23.061 18.275 22.518 17.443
372 4 2 23.069 18.275 22.525 17.443
373 4 2 23.061 18.275 22.518 17.443
374 4 2 23.069 18.275 22.525 17.443
375 4 2 23.061 18.267 22.518 17.435
376 4 2 23.069 18.275 22.525 17.443
377 4 2 23.061 18.275 22.518 17.443
378 4 2 23.069 18.275 22.525 17.443
379 4 2 23.061 18.275 22.518 17.443
380 4 2 23.069 18.275 22.525 17.443
381 4 2 23.061 18.267 22.518 17.435
382 4 2 23.069 18.275 22.525 17.443
383 4 2 23.061 18.275 22.518 17.443
384 4 2 23.069 18.267 22.525 17.435
385 4 2 23.061 18.267 22.518 17.435
386 4 2 23.069 18.267 22.525 17.435
387 4 2 23.061 18.259 22.518 17.427
388 4 2 23.069 18.267 22.525 17.435
389 4 2 23.077 18.267 22.533 17.435
390 4 2 23.085 18.267 22.541 17.435
391 4 2 23.077 18.267 22.533 17.435
392 4 2 23.085 18.267 22.541 17.435
393 4 2 23.077 18.259 22.533 17.427
394 4 2 23.085 18.267 22.541 17.435
395 4 2 23.077 18.259 22.533 17.427
396 4 2 23.085 18.259 22.541 17.427
397 4 2 23.077 18.259 22.533 17.427
398 4 2 23.085 18.259 22.541 17.427
399 4 2 23.077 18.251 22.533 17.419
400 4 2 23.085 18.259 22.541 17.427
401 4 2 23.077 18.259 22.533 17.427
402 4 2 23.085 18.259 22.541 17.427
403 4 2 23.093 18.251 22.549 17.419
404 4 2 23.101 18.251 22.557 17.419
405 4 2 23.093 18.243 22.549 17.411
406 4 2 23.101 18.251 22.557 17.419
407 4 2 23.093 18.251 22.549 17.419
408 4 2 23.101 18.251 22.557 17.419
409 4 2 23.093 18.251 22.549 17.419
410 4 2 23.101 18.243 22.557 17.411
411 4 2 23.093 18.243 22.549 17.411
412 4 2 23.101 18.243 22.557 17.411
413 4 2 23.093 18.243 22.549 17.411
414 4 2 23.101 18.243 22.557 17.411
415 4 2 23.093 18.243 22.549 17.411
416 4 2 23.101 18.243 22.557 17.411
417 4 2 23.093 18.243 22.549 17.411
418 4 2 23.101 18.235 22.557 17.403
419 4 2 23.093 18.235 22.549 17.403
420 4 2 23.101 18.227 22.557 17.395
421 4 2 23.093 18.235 22.549 17.403
422 4 2 23.101 18.235 22.557 17.403
423 4 2 23.093 18.235 22.549 17.403
424 4 2 23.101 18.235 22.557 17.403
425 4 2 23.093 18.235 22.549 17.403
426 4 2 23.101 18.219 22.557 17.387
427 4 2 23.093 18.219 22.549 17.387
428 4 2 23.101 18.219 22.557 17.387
429 4 2 23.093 18.219 22.549 17.387
430 4 2 23.101 18.219 22.557 17.387
431 4 2 23.093 18.219 22.549 17.387
432 4 2 23.101 18.219 22.557 17.387
433 4 2 23.093 18.219 22.549 17.387
434 4 2 23.085 18.219 22.541 17.387
435 4 2 23.093 18.203 22.549 17.371
436 4 2 23.101 18.203 22.557 17.371
437 4 2 23.093 18.203 22.549 17.371
438 4 2 23.101 18.203 22.557 17.371
439 4 2 23.093 18.203 22.549 17.371
440 4 2 23.101 18.203 22.557 17.371
441 4 2 23.093 18.203 22.549 17.371
442 4 2 23.101 18.203 22.557 17.371
443 4 2 23.093 18.203 22.549 17.371
444 4 2 23.101 18.203 22.557 17.371
445 4 2 23.093 18.203 22.549 17.371
446 4 2 23.101 18.203 22.557 17.371
447 4 2 23.093 18.203 22.549 17.371
448 4 2 23.101 18.203 22.557 17.371
449 4 2 23.093 18.203 22.549 17.371
450 4 2 23.101 18.203 22.557 17.371
451 4 2 23.093 18.203 22.549 17.371
452 4 2 23.101 18.203 22.557 17.371
453 4 2 23.093 18.203 22.549 17.371
454 4 2 23.101 18.203 22.557 17.371
455 4 2 23.093 18.203 22.549 17.371
456 4 2 23.101 18.203 22.557 17.371
457 4 2 23.093 18.203 22.549 17.371
458 4 2 23.101 18.203 22.557 17.371
459 4 2 23.093 18.203 22.549 17.371
460 4 2 23.101 18.203 22.557 17.371
461 4 2 23.093 18.203 22.549 17.371
462 4 2 23.101 18.203 22.557 17.371
463 4 2 23.093 18.203 22.549 17.371
464 4 2 23.085 18.203 22.541 17.371
465 4 2 23.077 18.203 22.533 17.371
466 4 2 23.085 18.203 22.541 17.371
467 4 2 23.077 18.203 22.533 17.371
468 4 2 23.085 18.203 22.541 17.371
469 4 2 23.077 18.203 22.533 17.371
470 4 2 23.085 18.203 22.541 17.371
471 4 2 23.077 18.203 22.533 17.371
472 4 2 23.085 18.219 22.541 17.387
473 4 2 23.077 18.219 22.533 17.387
474 4 2 23.085 18.219 22.541 17.387
475 4 2 23.077 18.235 22.533 17.403
476 4 2 23.085 18.235 22.541 17.403
477 4 2 23.093 18.235 22.549 17.403
478 4 2 23.101 18.235 22.557 17.403
479 4 2 23.093 18.235 22.549 17.403
480 4 2 23.101 18.235 22.557 17.403
481 4 2 23.093 18.235 22.549 17.403
482 4 2 23.101 18.235 22.557 17.403
483 4 2 23.093 18.235 22.549 17.403
484 4 2 23.101 18.235 22.557 17.403
485 4 2 23.093 18.235 22.549 17.403
486 4 2 23.101 18.235 22.557 17.403
487 4 2 23.093 18.235 22.549 17.403
488 4 2 23.101 18.235 22.557 17.403
489 4 2 23.093 18.235 22.549 17.403
490 4 2 23.101 18.235 22.557 17.403
491 4 2 23.093 18.235 22.549 17.403
492 4 2 23.085 18.235 22.541 17.403
493 4 2 23.077 18.219 22.533 17.387
494 4 2 23.069 18.219 22.525 17.387
495 4 2 23.061 18.219 22.517 17.387
496 4 2 23.069 18.219 22.525 17.387
497 4 2 23.061 18.219 22.517 17.387
498 4 2 23.069 18.203 22.525 17.371
499 4 2 23.061 18.203 22.517 17.371
500 4 2 23.053 18.203 22.509 17.371
501 4 2 23.061 18.203 22.517 17.371
502 4 2 23.069 18.187 22.525 17.355
503 4 2 23.061 18.187 22.517 17.355
504 4 2 23.053 18.187 22.509 17.355
505 4 2 23.045 18.187 22.501 17.356
259 4 2 27.943 18.373 27.381 17.016
273 4 2 26.528 18.524 25.966 17.278
283 4 2 25.492 18.480 24.931 17.313
21 6 1 32.776 17.435 31.667 16.668
22 6 1 32.808 17.459 31.651 16.660
23 6 1 32.815 17.419 31.659 16.620
24 6 1 32.823 17.395 31.667 16.596
25 6 1 32.831 17.379 31.675 16.580
26 6 1 32.854 17.339 31.698 16.540
27 6 1 32.862 17.315 31.706 16.516
28 6 1 32.870 17.299 31.714 16.500
29 6 1 32.877 17.259 31.721 16.460
30 6 1 32.885 17.235 31.729 16.436
31 6 1 32.877 17.203 31.721 16.405
32 6 1 32.884 17.140 31.729 16.341
33 6 1 32.892 17.124 31.736 16.325
34 6 1 32.900 17.076 31.744 16.277
35 6 1 32.908 17.044 31.752 16.245
36 6 1 32.915 16.964 31.759 16.166
37 6 1 32.922 16.917 31.767 16.118
38 6 1 32.938 16.877 31.782 16.078
39 6 1 32.953 16.837 31.798 16.038
40 6 1 33.009 16.804 31.853 16.006
41 6 1 33.056 16.780 31.900 15.982
42 6 1 33.103 16.756 31.948 15.957
44 6 1 33.095 16.748 31.940 15.949
45 6 1 33.520 17.260 32.656 16.283
46 6 1 33.567 17.212 32.593 16.308
47 6 1 33.543 17.180 32.569 16.276
48 6 1 33.550 17.132 32.576 16.229
49 6 1 33.542 17.101 32.568 16.197
50 6 1 33.534 17.037 32.560 16.133
51 6 1 33.526 16.990 32.551 16.086
52 6 1 33.533 16.926 32.559 16.022
53 6 1 33.525 16.878 32.550 15.975
54 6 1 33.532 16.846 32.558 15.943
55 6 1 33.524 16.799 32.550 15.895
56 6 1 33.531 16.735 32.557 15.832
57 6 1 33.523 16.688 32.549 15.784
58 6 1 33.531 16.672 32.557 15.768
59 6 1 33.538 16.624 32.564 15.720
60 6 1 33.546 16.592 32.572 15.689
61 6 1 33.538 16.544 32.564 15.641
62 6 1 33.545 16.497 32.571 15.593
63 6 1 33.537 16.449 32.563 15.546
64 6 1 33.529 16.385 32.555 15.482
65 6 1 33.520 16.322 32.546 15.419
66 6 1 33.528 16.258 32.554 15.355
67 6 1 33.519 16.211 32.545 15.308
68 6 1 33.527 16.163 32.553 15.260
69 6 1 33.518 16.100 32.545 15.197
70 6 1 33.526 16.036 32.552 15.133
71 6 1 33.533 15.988 32.560 15.085
72 6 1 33.541 15.956 32.567 15.054
73 6 1 33.533 15.909 32.559 15.006
74 6 1 33.540 15.861 32.567 14.958
75 6 1 33.532 15.829 32.558 14.927
76 6 1 33.539 15.782 32.566 14.879
77 6 1 33.531 15.734 32.558 14.831
78 6 1 33.523 15.687 32.549 14.784
79 6 1 33.514 15.623 32.541 14.721
80 6 1 33.522 15.575 32.549 14.673
81 6 1 33.498 15.528 32.524 14.626
82 6 1 33.505 15.464 32.532 14.562
83 6 1 33.481 15.401 32.508 14.499
84 6 1 33.488 15.353 32.515 14.451
85 6 1 33.480 15.322 32.507 14.420
86 6 1 33.472 15.290 32.499 14.388
87 6 1 33.464 15.227 32.491 14.325
88 6 1 33.376 15.188 32.466 14.158
89 6 1 33.359 15.061 32.450 14.166
90 6 1 33.383 15.069 32.426 14.159
91 6 1 33.391 15.045 32.434 14.135
92 6 1 33.399 15.005 32.441 14.095
93 6 1 33.406 14.966 32.449 14.055
94 6 1 33.430 14.957 32.473 14.047
95 6 1 33.421 14.902 32.464 13.992
96 6 1 33.429 14.862 32.472 13.952
97 6 1 33.421 14.807 32.464 13.897
98 6 1 33.428 14.751 32.471 13.841
99 6 1 33.420 14.696 32.463 13.786
100 6 1 33.427 14.640 32.470 13.730
101 6 1 33.419 14.585 32.462 13.675
102 6 1 33.427 14.545 32.470 13.635
103 6 1 33.418 14.490 32.461 13.580
104 6 1 33.426 14.450 32.469 13.540
105 6 1 33.433 14.394 32.476 13.485
106 6 1 33.441 14.339 32.484 13.429
107 6 1 33.432 14.299 32.476 13.390
108 6 1 33.440 14.275 32.483 13.366
109 6 1 33.448 14.236 32.491 13.326
110 6 1 33.455 14.196 32.499 13.287
111 6 1 33.447 14.141 32.490 13.231
112 6 1 33.455 14.101 32.498 13.192
113 6 1 33.446 14.045 32.490 13.136
114 6 1 33.454 14.006 32.497 13.097
115 6 1 33.445 13.950 32.489 13.041
116 6 1 33.453 13.911 32.496 13.002
117 6 1 33.460 13.855 32.504 12.946
118 6 1 33.468 13.831 32.512 12.922
119 6 1 33.460 13.776 32.503 12.867
120 6 1 33.467 13.736 32.511 12.827
121 6 1 33.459 13.681 32.503 12.772
122 6 1 33.467 13.641 32.510 12.732
123 6 1 33.458 13.586 32.502 12.677
124 6 1 33.466 13.562 32.510 12.653
125 6 1 33.474 13.538 32.517 12.629
126 6 1 33.481 13.514 32.525 12.606
127 6 1 33.489 13.491 32.533 12.582
128 6 1 33.513 13.451 32.556 12.542
129 6 1 33.504 13.411 32.548 12.503
130 6 1 33.528 13.356 32.571 12.447
131 6 1 33.519 13.284 32.563 12.376
132 6 1 33.527 13.229 32.570 12.320
133 6 1 33.534 13.173 32.578 12.265
134 6 1 33.423 13.143 32.512 11.934
135 6 1 33.446 13.008 32.497 12.084
136 6 1 33.461 12.968 32.513 12.044
137 6 1 33.390 12.937 32.591 11.972
138 6 1 33.453 12.913 32.520 11.989
139 6 1 33.453 12.874 32.520 11.949
140 6 1 33.420 12.731 32.662 11.916
141 6 1 33.491 12.778 32.575 11.862
142 6 1 33.507 12.731 32.590 11.814
143 6 1 33.491 12.699 32.574 11.783
144 6 1 33.506 12.651 32.590 11.735
145 6 1 33.522 12.636 32.605 11.719
146 6 1 33.520 12.469 32.818 11.559
147 6 1 33.512 12.422 32.912 11.511
148 6 1 33.647 12.421 32.770 11.512
149 6 1 33.559 12.414 32.919 11.337
150 6 1 33.560 12.453 32.934 11.345
151 6 1 33.544 12.414 32.902 11.298
152 6 1 33.638 12.318 32.808 11.386
153 6 1 33.645 12.286 32.816 11.354
154 6 1 33.613 12.239 32.949 11.210
155 6 1 33.597 12.152 32.894 11.219
156 6 1 33.660 12.081 32.886 11.227
157 6 1 33.691 12.017 32.870 11.195
158 6 1 33.666 11.946 32.933 11.187
159 6 1 33.699 12.017 32.901 11.108
160 6 1 33.706 11.978 32.909 11.069
161 6 1 33.713 11.906 32.916 10.998
162 6 1 33.721 11.867 32.924 10.958
163 6 1 33.728 11.811 32.931 10.903
164 6 1 33.736 11.772 32.939 10.863
165 6 1 33.728 11.732 32.930 10.824
166 6 1 33.735 11.693 32.938 10.784
167 6 1 33.711 11.622 33.015 10.570
168 6 1 33.726 11.480 32.952 10.603
169 6 1 33.670 11.433 32.889 10.627
170 6 1 33.741 11.393 32.952 10.603
171 6 1 33.795 11.305 32.944 10.595
172 6 1 33.757 11.392 32.975 10.516
173 6 1 33.764 11.337 32.983 10.460
174 6 1 33.787 11.297 33.006 10.421
175 6 1 33.795 11.258 33.014 10.381
176 6 1 33.802 11.218 33.021 10.342
177 6 1 33.810 11.163 33.029 10.286
178 6 1 33.833 11.107 33.052 10.231
179 6 1 33.841 11.052 33.060 10.176
180 6 1 33.848 11.013 33.067 10.136
181 6 1 33.856 10.957 33.075 10.081
182 6 1 33.879 10.902 33.098 10.025
183 6 1 33.886 10.831 33.105 9.954
184 6 1 33.909 10.791 33.129 9.915
185 6 1 33.917 10.736 33.136 9.859
186 6 1 33.979 10.585 33.065 9.852
187 6 1 33.908 10.657 33.128 9.789
188 6 1 33.970 10.530 33.071 9.616
189 6 1 33.907 10.507 33.126 9.639
190 6 1 33.915 10.460 33.134 9.592
191 6 1 33.938 10.412 33.157 9.544
192 6 1 33.945 10.349 33.165 9.481
193 6 1 33.968 10.286 33.188 9.418
194 6 1 33.992 10.222 33.211 9.354
195 6 1 34.015 10.175 33.234 9.307
196 6 1 34.038 10.127 33.258 9.259
197 6 1 34.045 10.064 33.265 9.196
198 6 1 34.053 10.001 33.272 9.133
199 6 1 34.060 9.954 33.280 9.086
200 6 1 34.068 9.906 33.287 9.039
201 6 1 34.075 9.827 33.295 8.960
202 6 1 34.067 9.780 33.286 8.913
203 6 1 34.074 9.717 33.294 8.850
204 6 1 34.050 9.654 33.270 8.787
205 6 1 34.057 9.591 33.277 8.724
206 6 1 34.049 9.528 33.269 8.661
207 6 1 34.040 9.465 33.260 8.598
208 6 1 34.016 9.402 33.236 8.535
209 6 1 34.024 9.339 33.243 8.472
210 6 1 33.999 9.277 33.219 8.409
211 6 1 34.007 9.229 33.227 8.362
212 6 1 33.999 9.198 33.219 8.331
213 6 1 34.006 9.150 33.226 8.284
214 6 1 33.982 9.088 33.202 8.221
215 6 1 33.989 9.040 33.209 8.174
216 6 1 33.966 9.009 33.186 8.142
217 6 1 33.957 8.962 33.177 8.095
218 6 1 33.933 8.899 33.153 8.032
219 6 1 33.940 8.836 33.160 7.969
220 6 1 33.916 8.773 33.136 7.907
222 6 1 33.908 8.766 33.128 7.899
223 6 1 33.900 8.718 33.120 7.852
224 6 1 33.892 8.671 33.112 7.805
225 6 1 33.899 8.640 33.119 7.773
226 6 1 33.876 8.624 33.096 7.758
227 6 1 33.804 8.609 33.025 7.743
229 6 1 33.796 8.601 33.017 7.735
230 6 1 33.903 8.175 33.116 7.380
231 6 1 33.896 8.215 33.116 7.357
232 6 1 33.888 8.176 33.108 7.317
233 6 1 33.864 8.136 33.084 7.278
234 6 1 33.855 8.081 33.076 7.223
235 6 1 33.847 8.026 33.067 7.168
236 6 1 33.838 7.956 33.059 7.098
237 6 1 33.814 7.901 33.035 7.043
238 6 1 33.806 7.830 33.026 6.972
239 6 1 33.766 7.776 32.987 6.918
240 6 1 33.758 7.721 32.978 6.863
241 6 1 33.749 7.666 32.970 6.808
242 6 1 33.741 7.611 32.962 6.753
243 6 1 33.717 7.572 32.938 6.714
245 6 1 33.801 7.272 33.007 6.556
246 6 1 33.786 7.343 33.007 6.493
247 6 1 33.778 7.296 32.999 6.446
248 6 1 33.769 7.249 32.990 6.399
249 6 1 33.761 7.202 32.982 6.352
250 6 1 33.753 7.139 32.974 6.290
251 6 1 33.744 7.092 32.966 6.243
252 6 1 33.736 7.029 32.957 6.180
253 6 1 33.728 6.966 32.949 6.117
254 6 1 33.719 6.904 32.940 6.054
255 6 1 33.711 6.857 32.932 6.007
256 6 1 33.718 6.794 32.940 5.945
257 6 1 33.694 6.747 32.916 5.898
258 6 1 33.702 6.684 32.923 5.835
260 6 1 33.701 6.590 32.922 5.741
261 6 1 33.708 6.543 32.930 5.694
262 6 1 33.716 6.495 32.937 5.646
263 6 1 33.692 6.433 32.913 5.584
264 6 1 33.683 6.386 32.905 5.537
265 6 1 33.675 6.339 32.897 5.490
266 6 1 33.667 6.276 32.888 5.427
267 6 1 33.643 6.213 32.864 5.365
268 6 1 33.634 6.166 32.856 5.318
269 6 1 33.626 6.104 32.848 5.255
270 6 1 33.618 6.057 32.839 5.208
271 6 1 33.609 5.994 32.831 5.145
272 6 1 33.601 5.947 32.823 5.099
274 6 1 33.585 5.853 32.806 5.005
275 6 1 33.561 5.822 32.782 4.973
276 6 1 33.552 5.759 32.774 4.911
277 6 1 33.544 5.712 32.766 4.864
278 6 1 33.536 5.681 32.758 4.833
279 6 1 33.528 5.634 32.750 4.786
280 6 1 33.535 5.587 32.757 4.739
281 6 1 33.527 5.540 32.749 4.692
282 6 1 33.534 5.477 32.756 4.629
284 6 1 33.534 5.383 32.755 4.535
285 6 1 33.525 5.320 32.747 4.472
286 6 1 33.533 5.273 32.755 4.425
287 6 1 33.524 5.211 32.746 4.363
288 6 1 33.532 5.148 32.754 4.300
289 6 1 33.523 5.101 32.745 4.253
290 6 1 33.531 5.054 32.753 4.206
291 6 1 33.538 5.007 32.760 4.159
292 6 1 33.562 4.959 32.784 4.112
293 6 1 33.553 4.913 32.775 4.065
294 6 1 33.561 4.865 32.783 4.018
295 6 1 33.568 4.818 32.790 3.971
296 6 1 33.576 4.771 32.798 3.924
297 6 1 33.567 4.724 32.790 3.877
298 6 1 33.575 4.677 32.797 3.830
299 6 1 33.567 4.615 32.789 3.767
300 6 1 33.574 4.568 32.796 3.720
301 6 1 33.566 4.505 32.788 3.658
302 6 1 33.573 4.458 32.796 3.611
303 6 1 33.565 4.411 32.787 3.564
304 6 1 33.572 4.348 32.795 3.501
305 6 1 33.564 4.302 32.786 3.454
306 6 1 33.571 4.255 32.794 3.407
307 6 1 33.563 4.208 32.786 3.361
308 6 1 33.571 4.161 32.793 3.314
309 6 1 33.563 4.129 32.785 3.282
310 6 1 33.570 4.082 32.793 3.235
311 6 1 33.562 4.035 32.784 3.189
312 6 1 33.569 4.004 32.792 3.157
313 6 1 33.561 3.957 32.784 3.110
314 6 1 33.569 3.910 32.791 3.063
315 6 1 33.576 3.863 32.799 3.016
316 6 1 33.584 3.816 32.806 2.969
317 6 1 33.591 3.753 32.814 2.907
318 6 1 33.598 3.691 32.821 2.844
319 6 1 33.590 3.660 32.813 2.813
320 6 1 33.613 3.613 32.836 2.766
321 6 1 33.605 3.581 32.828 2.735
322 6 1 33.628 3.534 32.851 2.688
323 6 1 33.620 3.487 32.843 2.641
324 6 1 33.643 3.440 32.866 2.594
325 6 1 33.651 3.393 32.874 2.547
326 6 1 33.658 3.362 32.881 2.516
327 6 1 33.634 3.315 32.857 2.469
328 6 1 33.626 3.284 32.849 2.438
329 6 1 33.618 3.237 32.841 2.391
330 6 1 33.610 3.190 32.833 2.344
331 6 1 33.602 3.159 32.825 2.313
332 6 1 33.594 3.112 32.817 2.266
333 6 1 33.585 3.065 32.808 2.219
334 6 1 33.577 3.019 32.800 2.173
335 6 1 33.569 2.987 32.792 2.141
336 6 1 33.561 2.940 32.784 2.095
337 6 1 33.552 2.894 32.776 2.048
338 6 1 33.560 2.862 32.783 2.016
339 6 1 33.536 2.831 32.759 1.985
340 6 1 33.528 2.816 32.751 1.970
341 6 1 33.520 2.784 32.743 1.939
342 6 1 33.512 2.769 32.735 1.923
343 6 1 33.504 2.753 32.727 1.908
344 6 1 33.496 2.738 32.719 1.892
345 6 1 33.473 2.738 32.696 1.892
346 6 1 33.465 2.722 32.688 1.877
347 6 1 33.457 2.707 32.680 1.861
348 6 1 33.449 2.691 32.672 1.845
349 6 1 33.441 2.676 32.664 1.830
350 6 1 33.448 2.660 32.672 1.814
351 6 1 33.456 2.629 32.679 1.783
352 6 1 33.479 2.582 32.702 1.736
353 6 1 33.486 2.488 32.710 1.642
354 6 1 33.509 2.410 32.733 1.564
355 6 1 33.516 2.347 32.740 1.502
356 6 1 33.524 2.300 32.747 1.455
357 6 1 33.531 2.253 32.755 1.408
358 6 1 33.539 2.222 32.762 1.377
359 6 1 33.547 2.191 32.770 1.345
360 6 1 33.554 2.175 32.778 1.330
361 6 1 33.546 2.159 32.770 1.314
362 6 1 33.554 2.144 32.778 1.298
363 6 1 33.562 2.112 32.785 1.267
364 6 1 33.569 2.097 32.793 1.252
365 6 1 33.546 2.081 32.769 1.236
366 6 1 33.553 2.050 32.777 1.205
367 6 1 33.545 2.034 32.769 1.189
368 6 1 33.553 2.019 32.777 1.174
369 6 1 33.545 2.003 32.769 1.158
370 6 1 33.553 1.988 32.776 1.142
371 6 1 33.561 1.980 32.784 1.135
372 6 1 33.584 1.964 32.808 1.127
373 6 1 33.592 1.956 32.816 1.127
374 6 1 33.600 1.940 32.823 1.119
375 6 1 33.607 1.933 32.831 1.119
376 6 1 33.615 1.917 32.839 1.111
377 6 1 33.607 1.909 32.831 1.111
378 6 1 33.631 1.893 32.855 1.103
379 6 1 33.623 1.886 32.847 1.103
380 6 1 33.630 1.870 32.855 1.095
381 6 1 33.638 1.854 32.862 1.087
382 6 1 33.646 1.839 32.870 1.079
383 6 1 33.638 1.831 32.862 1.079
384 6 1 33.646 1.815 32.870 1.072
385 6 1 33.638 1.800 32.862 1.064
386 6 1 33.645 1.784 32.870 1.056
387 6 1 33.653 1.776 32.878 1.056
388 6 1 33.661 1.760 32.886 1.048
389 6 1 33.669 1.745 32.893 1.040
390 6 1 33.676 1.729 32.901 1.032
391 6 1 33.668 1.714 32.893 1.025
392 6 1 33.676 1.690 32.901 1.009
393 6 1 33.668 1.682 32.893 1.009
394 6 1 33.676 1.667 32.901 1.001
395 6 1 33.668 1.659 32.893 1.001
396 6 1 33.660 1.651 32.885 1.001
397 6 1 33.652 1.651 32.877 1.009
398 6 1 33.660 1.643 32.885 1.009
399 6 1 33.652 1.643 32.877 1.017
400 6 1 33.660 1.636 32.885 1.017
401 6 1 33.668 1.636 32.893 1.025
402 6 1 33.676 1.628 32.901 1.025
403 6 1 33.683 1.628 32.909 1.032
404 6 1 33.691 1.620 32.917 1.032
405 6 1 33.699 1.620 32.925 1.040
406 6 1 33.707 1.604 32.933 1.032
407 6 1 33.699 1.604 32.925 1.040
408 6 1 33.691 1.589 32.917 1.032
409 6 1 33.683 1.589 32.909 1.040
410 6 1 33.691 1.581 32.917 1.040
411 6 1 33.683 1.581 32.909 1.048
412 6 1 33.706 1.573 32.933 1.048
413 6 1 33.714 1.573 32.941 1.056
414 6 1 33.722 1.565 32.948 1.055
415 6 1 33.730 1.565 32.956 1.063
416 6 1 33.753 1.557 32.980 1.063
417 6 1 33.761 1.557 32.988 1.071
418 6 1 33.785 1.549 33.011 1.071
419 6 1 33.793 1.557 33.019 1.086
420 6 1 33.800 1.549 33.027 1.086
421 6 1 33.808 1.549 33.035 1.094
422 6 1 33.816 1.549 33.043 1.102
423 6 1 33.824 1.549 33.051 1.109
424 6 1 33.832 1.549 33.059 1.117
425 6 1 33.824 1.549 33.051 1.125
426 6 1 33.832 1.541 33.059 1.125
427 6 1 33.840 1.548 33.067 1.140
428 6 1 33.848 1.541 33.075 1.133
429 6 1 33.840 1.556 33.067 1.148
430 6 1 33.848 1.548 33.075 1.140
431 6 1 33.840 1.564 33.067 1.156
432 6 1 33.848 1.564 33.075 1.156
433 6 1 33.840 1.572 33.067 1.164
434 6 1 33.848 1.572 33.075 1.164
435 6 1 33.840 1.572 33.067 1.164
436 6 1 33.848 1.580 33.075 1.172
437 6 1 33.840 1.580 33.067 1.172
438 6 1 33.848 1.580 33.075 1.172
439 6 1 33.840 1.580 33.067 1.172
440 6 1 33.848 1.587 33.075 1.179
441 6 1 33.840 1.587 33.067 1.179
442 6 1 33.848 1.587 33.075 1.179
443 6 1 33.840 1.587 33.067 1.179
444 6 1 33.848 1.587 33.075 1.179
445 6 1 33.840 1.587 33.067 1.179
446 6 1 33.848 1.595 33.075 1.187
447 6 1 33.840 1.595 33.067 1.187
448 6 1 33.848 1.595 33.075 1.187
449 6 1 33.856 1.595 33.083 1.187
450 6 1 33.864 1.595 33.091 1.187
451 6 1 33.856 1.603 33.083 1.195
452 6 1 33.864 1.603 33.091 1.195
453 6 1 33.856 1.603 33.083 1.195
454 6 1 33.864 1.603 33.091 1.195
455 6 1 33.856 1.603 33.083 1.195
456 6 1 33.864 1.603 33.091 1.195
457 6 1 33.856 1.603 33.083 1.195
458 6 1 33.864 1.611 33.091 1.203
459 6 1 33.856 1.611 33.083 1.203
460 6 1 33.864 1.611 33.091 1.203
461 6 1 33.856 1.611 33.083 1.203
462 6 1 33.848 1.611 33.075 1.203
463 6 1 33.840 1.611 33.067 1.203
464 6 1 33.848 1.611 33.075 1.203
465 6 1 33.840 1.611 33.067 1.203
466 6 1 33.848 1.611 33.075 1.203
467 6 1 33.840 1.603 33.067 1.195
468 6 1 33.848 1.603 33.075 1.195
469 6 1 33.840 1.603 33.067 1.195
470 6 1 33.848 1.603 33.075 1.195
471 6 1 33.840 1.603 33.067 1.195
472 6 1 33.848 1.603 33.075 1.195
473 6 1 33.856 1.603 33.083 1.195
474 6 1 33.864 1.603 33.091 1.195
475 6 1 33.856 1.611 33.083 1.203
476 6 1 33.864 1.611 33.091 1.203
477 6 1 33.872 1.611 33.099 1.203
478 6 1 33.880 1.611 33.107 1.203
479 6 1 33.872 1.611 33.099 1.203
480 6 1 33.880 1.611 33.107 1.203
481 6 1 33.872 1.611 33.099 1.203
482 6 1 33.880 1.611 33.107 1.203
483 6 1 33.872 1.611 33.099 1.203
484 6 1 33.880 1.611 33.107 1.203
485 6 1 33.872 1.611 33.099 1.203
486 6 1 33.880 1.611 33.107 1.203
487 6 1 33.872 1.611 33.099 1.203
488 6 1 33.864 1.611 33.091 1.203
489 6 1 33.856 1.611 33.083 1.203
490 6 1 33.864 1.611 33.091 1.203
491 6 1 33.840 1.611 33.067 1.203
492 6 1 33.848 1.603 33.075 1.195
493 6 1 33.840 1.603 33.067 1.195
494 6 1 33.832 1.603 33.060 1.195
495 6 1 33.824 1.595 33.052 1.187
496 6 1 33.817 1.595 33.044 1.187
497 6 1 33.809 1.596 33.036 1.187
498 6 1 33.817 1.595 33.044 1.187
499 6 1 33.809 1.588 33.036 1.180
500 6 1 33.817 1.588 33.044 1.180
501 6 1 33.809 1.588 33.036 1.180
502 6 1 33.816 1.580 33.044 1.172
503 6 1 33.809 1.580 33.036 1.172
504 6 1 33.816 1.580 33.044 1.172
505 6 1 33.809 1.572 33.036 1.164
259 6 1 33.693 6.637 32.915 5.788
273 6 1 33.593 5.900 32.815 5.052
283 6 1 33.526 5.430 32.748 4.582
22 5 2 33.667 3.495 32.780 1.665
23 5 2 33.668 3.542 32.781 1.712
24 5 2 33.668 3.589 32.781 1.759
25 5 2 33.669 3.636 32.782 1.806
26 5 2 33.653 3.683 32.766 1.853
27 5 2 33.638 3.730 32.751 1.900
28 5 2 33.654 3.776 32.767 1.946
29 5 2 33.639 3.824 32.752 1.993
30 5 2 33.639 3.870 32.752 2.040
31 5 2 33.639 3.917 32.752 2.087
32 5 2 33.640 3.964 32.753 2.134
33 5 2 33.625 4.011 32.737 2.181
34 5 2 33.609 4.059 32.722 2.228
35 5 2 33.610 4.121 32.722 2.290
36 5 2 33.610 4.168 32.723 2.337
37 5 2 33.610 4.215 32.723 2.384
38 5 2 33.611 4.262 32.723 2.431
39 5 2 33.611 4.309 32.724 2.478
40 5 2 33.611 4.340 32.757 2.665
41 5 2 33.596 4.403 32.765 2.774
42 5 2 33.573 4.474 32.734 2.837
43 5 2 33.597 4.489 32.704 2.939
44 5 2 33.605 4.536 32.696 2.939
45 5 2 33.574 4.560 32.711 2.915
46 5 2 33.566 4.607 32.704 2.962
47 5 2 33.559 4.654 32.696 3.009
48 5 2 33.568 4.826 32.760 3.064
49 5 2 33.577 4.881 32.721 3.126
50 5 2 33.576 4.834 32.721 3.166
51 5 2 33.577 4.873 32.722 3.205
52 5 2 33.499 5.030 32.754 3.345
53 5 2 33.468 5.086 32.715 3.392
54 5 2 33.524 5.140 32.716 3.447
55 5 2 33.508 5.211 32.669 3.518
56 5 2 33.532 5.187 32.622 3.565
57 5 2 33.501 5.234 32.654 3.651
58 5 2 33.501 5.234 32.647 3.675
59 5 2 33.502 5.375 32.733 3.729
60 5 2 33.519 5.477 32.703 3.815
61 5 2 33.495 5.540 32.561 3.855
62 5 2 33.503 5.509 32.530 3.879
63 5 2 33.495 5.532 32.570 3.894
64 5 2 33.471 5.470 32.483 3.926
65 5 2 33.479 5.438 32.452 3.973
66 5 2 33.472 5.548 32.484 4.028
67 5 2 33.449 5.650 32.460 4.020
68 5 2 33.434 5.784 32.484 4.044
69 5 2 33.466 5.823 32.461 4.067
70 5 2 33.435 5.815 32.508 4.083
71 5 2 33.451 5.925 32.437 4.083
72 5 2 33.482 5.870 32.406 4.138
73 5 2 33.444 5.933 32.398 4.138
74 5 2 33.340 5.839 32.509 4.224
75 5 2 33.523 6.042 32.375 4.240
76 5 2 33.469 6.168 32.384 4.373
77 5 2 33.422 6.200 32.408 4.397
78 5 2 33.407 6.262 32.463 4.420
79 5 2 33.344 6.318 32.480 4.474
80 5 2 33.345 6.349 32.488 4.529
81 5 2 33.337 6.420 32.465 4.639
82 5 2 33.361 6.467 32.442 4.702
83 5 2 33.346 6.491 32.443 4.796
84 5 2 33.315 6.561 32.505 4.772
85 5 2 33.291 6.601 32.490 4.819
86 5 2 33.292 6.648 32.498 4.897
87 5 2 33.355 6.695 32.436 5.007
88 5 2 33.364 6.844 32.421 5.055
89 5 2 33.334 6.970 32.444 5.047
90 5 2 33.286 6.923 32.477 5.156
91 5 2 33.287 7.033 32.477 5.133
92 5 2 33.279 7.049 32.485 5.211
93 5 2 33.296 7.119 32.478 5.274
94 5 2 33.265 7.237 32.502 5.336
95 5 2 33.352 7.276 32.502 5.415
96 5 2 33.336 7.292 32.487 5.485
97 5 2 33.305 7.363 32.487 5.509
98 5 2 33.305 7.331 32.519 5.556
99 5 2 33.290 7.465 32.457 5.635
100 5 2 33.283 7.457 32.449 5.713
101 5 2 33.228 7.505 32.411 5.784
102 5 2 33.212 7.552 32.411 5.808
103 5 2 33.204 7.552 32.404 5.941
104 5 2 33.189 7.607 32.396 5.902
105 5 2 33.174 7.670 32.365 5.957
106 5 2 33.143 7.757 32.255 6.107
107 5 2 33.120 7.797 32.303 6.122
108 5 2 33.065 7.805 32.209 6.178
109 5 2 32.994 7.916 32.201 6.257
110 5 2 32.964 8.010 32.209 6.280
111 5 2 32.979 8.010 32.202 6.343
112 5 2 32.964 8.034 32.171 6.390
113 5 2 32.964 8.050 32.171 6.437
114 5 2 32.940 8.066 32.156 6.453
115 5 2 32.925 8.113 32.117 6.509
116 5 2 32.878 8.129 32.054 6.611
117 5 2 32.831 8.255 32.047 6.682
118 5 2 32.824 8.326 32.031 6.713
119 5 2 32.801 8.358 32.063 6.713
120 5 2 32.777 8.374 32.024 6.808
121 5 2 32.755 8.516 31.914 6.872
122 5 2 32.762 8.413 31.977 6.879
123 5 2 32.738 8.445 31.986 6.957
124 5 2 32.755 8.579 31.907 7.013
125 5 2 32.708 8.571 31.955 7.005
126 5 2 32.700 8.627 31.947 7.060
127 5 2 32.693 8.666 31.940 7.099
128 5 2 32.670 8.737 31.916 7.170
129 5 2 32.662 8.792 31.909 7.225
130 5 2 32.639 8.848 31.886 7.280
131 5 2 32.631 8.903 31.878 7.336
132 5 2 32.608 8.974 31.855 7.406
133 5 2 32.620 9.486 31.840 7.454
134 5 2 32.708 9.595 31.840 7.509
135 5 2 32.585 8.998 31.831 7.430
136 5 2 32.577 9.037 31.824 7.470
137 5 2 32.570 9.092 31.816 7.525
138 5 2 32.546 9.148 31.793 7.580
139 5 2 32.539 9.203 31.786 7.635
140 5 2 32.532 9.274 31.778 7.706
141 5 2 32.524 9.329 31.771 7.761
142 5 2 32.607 9.833 31.631 8.053
143 5 2 32.536 9.881 31.631 8.132
144 5 2 32.456 9.779 31.703 8.210
145 5 2 32.449 9.834 31.695 8.265
146 5 2 32.441 9.889 31.688 8.320
147 5 2 32.434 9.960 31.680 8.391
148 5 2 32.427 10.032 31.673 8.462
149 5 2 32.419 10.103 31.666 8.533
150 5 2 32.396 10.174 31.643 8.604
151 5 2 32.404 10.229 31.651 8.659
152 5 2 32.381 10.300 31.628 8.730
153 5 2 32.374 10.355 31.620 8.786
154 5 2 32.366 10.426 31.613 8.857
155 5 2 32.320 10.553 31.518 8.810
156 5 2 32.265 10.546 31.542 8.912
157 5 2 32.280 10.506 31.534 8.936
158 5 2 32.280 10.546 31.535 8.975
159 5 2 32.281 10.617 31.535 9.046
160 5 2 32.266 10.672 31.520 9.102
161 5 2 32.282 10.743 31.536 9.172
162 5 2 32.266 10.798 31.521 9.228
163 5 2 32.267 10.869 31.521 9.299
164 5 2 32.252 10.925 31.506 9.354
165 5 2 32.221 10.996 31.475 9.425
166 5 2 32.205 11.052 31.459 9.480
167 5 2 32.206 11.138 31.460 9.567
168 5 2 32.206 11.194 31.460 9.622
169 5 2 32.191 11.281 31.445 9.709
170 5 2 32.176 11.336 31.429 9.765
171 5 2 32.176 11.423 31.430 9.851
172 5 2 32.161 11.494 31.415 9.922
173 5 2 32.146 11.566 31.399 9.994
174 5 2 32.146 11.637 31.400 10.064
175 5 2 32.125 11.985 31.377 10.175
176 5 2 32.094 12.119 31.346 10.254
177 5 2 32.055 12.151 31.354 10.278
178 5 2 32.078 11.993 31.339 10.420
179 5 2 32.032 12.270 31.292 10.405
180 5 2 32.009 12.334 31.292 10.476
181 5 2 31.963 12.485 31.285 10.578
182 5 2 31.907 12.493 31.262 10.634
183 5 2 31.956 12.667 31.207 10.682
184 5 2 31.949 12.801 31.262 10.721
185 5 2 31.949 12.872 31.263 10.855
186 5 2 31.910 12.865 31.216 10.958
187 5 2 31.943 13.031 31.162 11.069
188 5 2 31.896 13.126 31.202 11.211
189 5 2 31.872 13.126 31.139 11.251
190 5 2 31.864 13.127 31.179 11.330
191 5 2 31.880 13.134 31.187 11.377
192 5 2 31.929 13.268 31.133 11.528
193 5 2 31.897 13.293 31.110 11.623
194 5 2 31.921 13.276 31.142 11.646
195 5 2 31.913 13.356 31.087 11.670
196 5 2 31.842 13.293 31.150 11.717
197 5 2 31.828 13.602 31.096 11.876
198 5 2 31.804 13.515 31.112 11.939
199 5 2 31.796 13.602 31.105 12.026
200 5 2 31.773 13.690 31.082 12.113
201 5 2 31.681 14.119 30.845 12.266
202 5 2 31.641 14.079 30.823 12.432
203 5 2 31.619 14.214 30.807 12.417
204 5 2 31.587 14.302 30.808 12.583
205 5 2 31.539 14.223 30.848 12.646
206 5 2 31.606 14.675 30.824 12.717
207 5 2 31.508 14.303 30.817 12.725
208 5 2 31.536 14.858 30.778 12.900
209 5 2 31.569 15.088 30.763 13.050
210 5 2 31.487 14.644 30.795 13.066
211 5 2 31.419 15.176 30.685 13.241
212 5 2 31.458 15.136 30.694 13.304
213 5 2 31.418 15.002 30.726 13.423
214 5 2 31.395 15.089 30.703 13.510
215 5 2 31.356 15.177 30.664 13.598
216 5 2 31.344 15.733 30.593 13.741
217 5 2 31.320 15.741 30.562 13.837
218 5 2 31.321 15.837 30.563 13.924
219 5 2 31.313 15.948 30.500 13.988
220 5 2 31.283 16.115 30.437 14.107
221 5 2 31.259 16.131 30.359 14.219
222 5 2 31.264 15.639 30.572 14.059
223 5 2 31.241 15.726 30.548 14.146
224 5 2 31.186 15.814 30.493 14.234
225 5 2 31.162 15.918 30.470 14.337
226 5 2 31.124 16.021 30.431 14.441
227 5 2 31.085 16.125 30.392 14.544
228 5 2 31.045 16.213 30.353 14.632
229 5 2 31.006 16.301 30.314 14.720
230 5 2 30.951 16.389 30.259 14.807
231 5 2 30.821 17.003 30.031 15.135
232 5 2 30.780 16.836 30.087 15.254
233 5 2 30.725 16.924 30.032 15.342
234 5 2 30.592 17.252 29.668 15.457
235 5 2 30.592 17.308 29.582 15.609
236 5 2 30.625 17.403 29.511 15.649
237 5 2 30.425 17.230 29.733 15.647
238 5 2 30.370 17.302 29.678 15.719
239 5 2 30.315 17.390 29.623 15.807
240 5 2 30.244 17.463 29.552 15.879
241 5 2 30.173 17.551 29.481 15.967
242 5 2 30.102 17.624 29.410 16.040
243 5 2 30.031 17.696 29.339 16.112
244 5 2 29.960 17.769 29.267 16.184
245 5 2 29.889 17.841 29.196 16.256
246 5 2 29.802 17.914 29.109 16.329
247 5 2 29.730 17.986 29.038 16.401
248 5 2 29.643 18.043 28.951 16.458
249 5 2 29.572 18.115 28.880 16.530
250 5 2 29.485 18.172 28.793 16.587
251 5 2 29.398 18.221 28.706 16.636
252 5 2 29.311 18.246 28.619 16.668
253 5 2 29.223 18.271 28.532 16.701
254 5 2 29.136 18.296 28.444 16.734
255 5 2 29.049 18.321 28.357 16.767
256 5 2 28.961 18.337 28.270 16.791
257 5 2 28.890 18.370 28.198 16.832
258 5 2 28.803 18.387 28.111 16.857
260 5 2 28.628 18.429 27.937 16.914
261 5 2 28.540 18.454 27.849 16.947
262 5 2 28.453 18.471 27.762 16.972
263 5 2 28.366 18.496 27.675 17.005
264 5 2 28.262 18.505 27.571 17.022
265 5 2 28.175 18.522 27.484 17.047
266 5 2 28.072 18.531 27.381 17.064
267 5 2 28.000 18.548 27.309 17.088
268 5 2 27.865 18.549 27.174 17.098
269 5 2 27.777 18.566 27.087 17.123
270 5 2 27.658 18.575 26.968 17.140
272 5 2 27.649 18.384 26.959 16.957
274 5 2 27.490 18.402 26.800 16.990
275 5 2 27.403 18.419 26.713 17.015
276 5 2 27.315 18.435 26.625 17.040
278 5 2 27.307 18.316 26.617 16.929
279 5 2 27.267 18.324 26.577 16.945
280 5 2 27.211 18.341 26.522 16.969
281 5 2 27.203 18.349 26.514 16.985
282 5 2 27.227 18.341 26.537 16.985
284 5 2 27.259 18.316 26.569 16.977
285 5 2 27.267 18.300 26.577 16.969
286 5 2 27.259 18.300 26.569 16.977
287 5 2 27.267 18.292 26.577 16.977
288 5 2 27.259 18.300 26.569 16.993
289 5 2 27.267 18.284 26.577 16.985
290 5 2 27.259 18.293 26.569 17.001
291 5 2 27.267 18.276 26.577 16.993
292 5 2 27.259 18.277 26.569 17.001
293 5 2 27.267 18.268 26.577 17.001
294 5 2 27.259 18.277 26.569 17.017
295 5 2 27.251 18.269 26.561 17.017
296 5 2 27.259 18.261 26.569 17.017
297 5 2 27.267 18.245 26.577 17.001
298 5 2 27.259 18.253 26.569 17.009
299 5 2 27.267 18.245 26.577 17.001
300 5 2 27.259 18.253 26.569 17.009
301 5 2 27.267 18.253 26.577 17.009
302 5 2 27.259 18.253 26.569 17.009
303 5 2 27.267 18.245 26.577 17.001
304 5 2 27.259 18.253 26.569 17.009
305 5 2 27.267 18.245 26.577 17.001
306 5 2 27.259 18.253 26.569 17.009
307 5 2 27.267 18.253 26.577 17.009
308 5 2 27.259 18.253 26.569 17.009
309 5 2 27.267 18.245 26.577 17.001
310 5 2 27.259 18.253 26.569 17.009
311 5 2 27.267 18.245 26.577 17.001
312 5 2 27.259 18.253 26.569 17.009
313 5 2 27.267 18.253 26.577 17.009
314 5 2 27.259 18.253 26.569 17.009
315 5 2 27.267 18.253 26.577 17.009
316 5 2 27.259 18.253 26.569 17.009
317 5 2 27.267 18.245 26.577 17.001
318 5 2 27.259 18.253 26.569 17.009
319 5 2 27.267 18.245 26.577 17.001
320 5 2 27.259 18.253 26.569 17.009
321 5 2 27.267 18.253 26.577 17.009
322 5 2 27.259 18.253 26.569 17.009
323 5 2 27.267 18.253 26.577 17.009
324 5 2 27.259 18.253 26.569 17.009
325 5 2 27.267 18.245 26.577 17.001
326 5 2 27.259 18.253 26.569 17.009
327 5 2 27.267 18.253 26.577 17.009
328 5 2 27.259 18.253 26.569 17.009
329 5 2 27.267 18.253 26.577 17.009
330 5 2 27.259 18.253 26.569 17.009
331 5 2 27.267 18.245 26.577 17.001
332 5 2 27.259 18.253 26.569 17.009
333 5 2 27.267 18.253 26.577 17.009
334 5 2 27.259 18.253 26.569 17.009
335 5 2 27.267 18.253 26.577 17.009
336 5 2 27.259 18.253 26.569 17.009
337 5 2 27.267 18.245 26.577 17.001
338 5 2 27.259 18.253 26.569 17.009
339 5 2 27.251 18.253 26.561 17.009
340 5 2 27.259 18.253 26.569 17.009
341 5 2 27.251 18.253 26.561 17.009
342 5 2 27.259 18.253 26.569 17.009
343 5 2 27.251 18.245 26.561 17.001
344 5 2 27.243 18.253 26.553 17.009
345 5 2 27.251 18.253 26.561 17.009
346 5 2 27.259 18.253 26.569 17.009
347 5 2 27.267 18.245 26.577 17.001
348 5 2 27.259 18.253 26.569 17.009
349 5 2 27.251 18.245 26.561 17.001
350 5 2 27.243 18.253 26.553 17.009
351 5 2 27.251 18.253 26.561 17.009
352 5 2 27.243 18.253 26.553 17.009
353 5 2 27.251 18.253 26.561 17.009
354 5 2 27.243 18.245 26.553 17.001
355 5 2 27.251 18.245 26.561 17.001
356 5 2 27.243 18.245 26.553 17.001
357 5 2 27.251 18.245 26.561 17.001
358 5 2 27.243 18.237 26.553 16.993
359 5 2 27.251 18.245 26.561 17.001
360 5 2 27.243 18.237 26.553 16.993
361 5 2 27.251 18.237 26.561 16.993
362 5 2 27.243 18.237 26.553 16.993
363 5 2 27.251 18.237 26.561 16.993
364 5 2 27.243 18.237 26.553 16.993
365 5 2 27.251 18.237 26.561 16.993
366 5 2 27.243 18.237 26.553 16.993
367 5 2 27.251 18.237 26.561 16.993
368 5 2 27.243 18.237 26.553 16.993
369 5 2 27.251 18.237 26.561 16.993
370 5 2 27.243 18.229 26.553 16.985
371 5 2 27.251 18.229 26.561 16.985
372 5 2 27.243 18.229 26.553 16.985
373 5 2 27.251 18.229 26.561 16.985
374 5 2 27.243 18.229 26.553 16.985
375 5 2 27.251 18.229 26.561 16.985
376 5 2 27.243 18.229 26.553 16.985
377 5 2 27.251 18.229 26.561 16.985
378 5 2 27.243 18.229 26.553 16.985
379 5 2 27.251 18.229 26.561 16.985
380 5 2 27.243 18.229 26.553 16.985
381 5 2 27.251 18.229 26.561 16.985
382 5 2 27.243 18.229 26.553 16.985
383 5 2 27.251 18.229 26.561 16.985
384 5 2 27.243 18.229 26.553 16.985
385 5 2 27.251 18.229 26.561 16.985
386 5 2 27.243 18.229 26.553 16.985
387 5 2 27.251 18.229 26.561 16.985
388 5 2 27.243 18.229 26.553 16.985
389 5 2 27.251 18.229 26.561 16.985
390 5 2 27.243 18.229 26.553 16.985
391 5 2 27.251 18.229 26.561 16.985
392 5 2 27.259 18.229 26.569 16.985
393 5 2 27.251 18.229 26.561 16.985
394 5 2 27.259 18.221 26.569 16.977
395 5 2 27.266 18.221 26.577 16.977
396 5 2 27.259 18.221 26.569 16.977
397 5 2 27.266 18.221 26.577 16.977
398 5 2 27.259 18.221 26.569 16.977
399 5 2 27.266 18.221 26.577 16.977
400 5 2 27.259 18.221 26.569 16.977
401 5 2 27.266 18.221 26.577 16.977
402 5 2 27.259 18.221 26.569 16.977
403 5 2 27.266 18.221 26.577 16.977
404 5 2 27.259 18.213 26.569 16.969
405 5 2 27.266 18.221 26.577 16.977
406 5 2 27.274 18.213 26.585 16.969
407 5 2 27.282 18.212 26.593 16.969
408 5 2 27.274 18.205 26.585 16.961
409 5 2 27.282 18.205 26.593 16.961
410 5 2 27.274 18.205 26.585 16.961
411 5 2 27.282 18.205 26.593 16.961
412 5 2 27.274 18.205 26.585 16.961
413 5 2 27.282 18.205 26.593 16.961
414 5 2 27.274 18.205 26.585 16.961
415 5 2 27.282 18.205 26.593 16.961
416 5 2 27.274 18.197 26.585 16.953
417 5 2 27.282 18.197 26.593 16.953
418 5 2 27.274 18.197 26.585 16.953
419 5 2 27.282 18.197 26.593 16.953
420 5 2 27.274 18.197 26.585 16.953
421 5 2 27.282 18.197 26.593 16.953
422 5 2 27.274 18.197 26.585 16.953
423 5 2 27.282 18.197 26.593 16.953
424 5 2 27.274 18.189 26.585 16.945
425 5 2 27.282 18.189 26.593 16.945
426 5 2 27.274 18.189 26.585 16.945
427 5 2 27.282 18.189 26.593 16.945
428 5 2 27.274 18.189 26.585 16.945
429 5 2 27.282 18.189 26.593 16.945
430 5 2 27.274 18.181 26.585 16.937
431 5 2 27.282 18.181 26.593 16.937
432 5 2 27.274 18.181 26.585 16.937
433 5 2 27.282 18.181 26.593 16.937
434 5 2 27.274 18.181 26.585 16.937
435 5 2 27.282 18.181 26.593 16.937
436 5 2 27.274 18.181 26.585 16.937
437 5 2 27.282 18.181 26.593 16.937
438 5 2 27.274 18.181 26.585 16.937
439 5 2 27.282 18.181 26.593 16.937
440 5 2 27.274 18.181 26.585 16.937
441 5 2 27.282 18.181 26.593 16.937
442 5 2 27.274 18.181 26.585 16.937
443 5 2 27.282 18.181 26.593 16.937
444 5 2 27.274 18.181 26.585 16.937
445 5 2 27.282 18.181 26.593 16.937
446 5 2 27.274 18.181 26.585 16.937
447 5 2 27.282 18.181 26.593 16.937
448 5 2 27.274 18.181 26.585 16.937
449 5 2 27.266 18.181 26.577 16.937
450 5 2 27.258 18.181 26.569 16.937
451 5 2 27.266 18.181 26.577 16.937
452 5 2 27.274 18.181 26.585 16.937
453 5 2 27.282 18.181 26.593 16.937
454 5 2 27.274 18.181 26.585 16.937
455 5 2 27.266 18.181 26.577 16.937
456 5 2 27.258 18.181 26.569 16.937
457 5 2 27.266 18.181 26.577 16.937
458 5 2 27.258 18.181 26.569 16.937
459 5 2 27.266 18.181 26.577 16.937
460 5 2 27.258 18.181 26.569 16.937
461 5 2 27.266 18.181 26.577 16.937
462 5 2 27.258 18.181 26.569 16.937
463 5 2 27.266 18.181 26.577 16.937
464 5 2 27.258 18.181 26.569 16.937
465 5 2 27.266 18.181 26.577 16.937
466 5 2 27.258 18.181 26.569 16.937
467 5 2 27.266 18.181 26.577 16.937
468 5 2 27.258 18.181 26.569 16.937
469 5 2 27.266 18.181 26.577 16.937
470 5 2 27.258 18.181 26.569 16.937
471 5 2 27.266 18.181 26.577 16.937
472 5 2 27.258 18.181 26.569 16.937
473 5 2 27.266 18.189 26.577 16.945
474 5 2 27.258 18.189 26.569 16.945
475 5 2 27.266 18.189 26.577 16.945
476 5 2 27.258 18.189 26.569 16.945
477 5 2 27.266 18.197 26.577 16.953
478 5 2 27.274 18.197 26.585 16.953
479 5 2 27.282 18.197 26.593 16.953
480 5 2 27.274 18.197 26.585 16.953
481 5 2 27.282 18.197 26.593 16.953
482 5 2 27.274 18.197 26.585 16.953
483 5 2 27.282 18.197 26.593 16.953
484 5 2 27.274 18.197 26.585 16.953
485 5 2 27.282 18.197 26.593 16.953
486 5 2 27.274 18.197 26.585 16.953
487 5 2 27.282 18.197 26.593 16.953
488 5 2 27.274 18.197 26.585 16.953
489 5 2 27.282 18.197 26.593 16.953
490 5 2 27.274 18.197 26.585 16.953
491 5 2 27.266 18.197 26.577 16.953
492 5 2 27.258 18.197 26.569 16.953
493 5 2 27.266 18.197 26.577 16.953
494 5 2 27.258 18.189 26.569 16.945
495 5 2 27.250 18.189 26.561 16.945
496 5 2 27.258 18.181 26.569 16.937
497 5 2 27.266 18.181 26.577 16.937
498 5 2 27.258 18.181 26.569 16.937
499 5 2 27.250 18.181 26.561 16.937
500 5 2 27.242 18.181 26.553 16.937
501 5 2 27.250 18.181 26.561 16.937
502 5 2 27.242 18.181 26.553 16.937
503 5 2 27.250 18.173 26.561 16.929
504 5 2 27.242 18.173 26.553 16.929
505 5 2 27.234 18.173 26.545 16.929
259 5 2 28.715 18.412 28.024 16.890
273 5 2 27.578 18.401 26.887 16.981
283 5 2 27.251 18.317 26.561 16.969
30 7 1 30.482 17.484 29.111 16.607
31 7 1 30.522 17.508 29.087 16.592
32 7 1 30.514 17.468 29.079 16.552
33 7 1 30.522 17.428 29.087 16.512
34 7 1 30.521 17.396 29.086 16.480
35 7 1 30.513 17.348 29.078 16.433
36 7 1 30.521 17.301 29.086 16.385
37 7 1 30.505 17.269 29.070 16.353
38 7 1 30.473 17.245 29.038 16.330
39 7 1 30.504 17.189 29.069 16.274
40 7 1 30.504 17.142 29.069 16.226
41 7 1 30.449 17.293 29.014 16.378
42 7 1 30.535 17.062 29.101 16.146
43 7 1 30.519 17.014 29.084 16.099
44 7 1 30.566 16.958 29.132 16.042
45 7 1 30.841 17.679 30.095 16.501
46 7 1 30.928 17.623 29.984 16.526
47 7 1 30.960 17.638 30.016 16.542
48 7 1 30.864 17.631 30.112 16.636
49 7 1 30.871 17.488 30.103 16.573
50 7 1 30.863 17.368 30.104 16.597
51 7 1 30.878 17.225 30.079 16.565
52 7 1 30.902 17.376 30.055 16.422
53 7 1 30.902 17.336 30.055 16.383
54 7 1 30.918 17.296 30.070 16.343
55 7 1 30.941 17.248 30.094 16.295
56 7 1 30.949 17.177 30.101 16.223
57 7 1 30.940 17.137 30.093 16.183
58 7 1 30.932 17.089 30.085 16.136
59 7 1 30.940 17.025 30.092 16.072
60 7 1 30.947 16.978 30.100 16.024
61 7 1 30.939 16.930 30.092 15.977
62 7 1 30.827 16.820 30.076 15.913
63 7 1 30.875 16.835 30.044 15.890
64 7 1 30.850 16.692 30.107 15.905
65 7 1 30.882 16.763 30.067 15.834
66 7 1 30.890 16.724 30.075 15.794
67 7 1 30.898 16.668 30.082 15.738
68 7 1 30.905 16.612 30.090 15.683
69 7 1 30.913 16.556 30.098 15.627
70 7 1 30.840 16.287 30.050 15.627
71 7 1 30.848 16.414 30.041 15.508
72 7 1 30.848 16.366 30.041 15.461
73 7 1 30.832 16.335 30.025 15.429
74 7 1 30.816 16.287 30.009 15.382
75 7 1 30.815 16.208 30.008 15.302
76 7 1 30.815 16.176 30.008 15.270
77 7 1 30.799 16.112 29.992 15.207
78 7 1 30.783 16.049 29.976 15.144
79 7 1 30.798 16.001 29.991 15.096
80 7 1 30.782 15.922 29.975 15.017
81 7 1 30.797 15.890 29.991 14.985
82 7 1 30.781 15.826 29.974 14.921
83 7 1 30.795 15.508 29.998 14.961
84 7 1 30.803 15.556 29.998 14.913
85 7 1 30.826 15.468 30.006 14.858
86 7 1 30.802 15.381 30.013 14.794
87 7 1 30.818 15.365 30.005 14.691
88 7 1 30.833 15.286 30.004 14.620
89 7 1 30.762 15.286 29.932 14.525
90 7 1 30.746 15.303 29.956 14.509
91 7 1 30.746 15.255 29.956 14.461
92 7 1 30.729 15.192 29.940 14.398
93 7 1 30.729 15.128 29.939 14.335
94 7 1 30.729 15.080 29.939 14.287
95 7 1 30.728 15.017 29.939 14.223
96 7 1 30.728 14.969 29.938 14.176
97 7 1 30.728 14.906 29.938 14.112
98 7 1 30.743 14.842 29.953 14.049
99 7 1 30.743 14.794 29.953 14.001
100 7 1 30.758 14.731 29.969 13.938
101 7 1 30.758 14.683 29.968 13.890
102 7 1 30.758 14.636 29.968 13.843
103 7 1 30.757 14.588 29.968 13.795
104 7 1 30.741 14.541 29.952 13.748
105 7 1 30.741 14.477 29.951 13.684
106 7 1 30.725 14.430 29.935 13.637
107 7 1 30.724 14.366 29.935 13.573
108 7 1 30.708 14.303 29.918 13.510
109 7 1 30.708 14.255 29.918 13.463
110 7 1 30.707 14.192 29.918 13.399
111 7 1 30.684 14.240 30.005 13.327
112 7 1 30.707 14.224 30.028 13.287
113 7 1 30.747 14.152 29.973 13.359
114 7 1 30.746 14.104 29.973 13.311
115 7 1 30.746 14.073 29.973 13.280
116 7 1 30.746 14.025 29.972 13.232
117 7 1 30.745 13.962 29.972 13.169
118 7 1 30.712 13.661 29.908 13.098
119 7 1 30.695 13.566 29.884 12.972
120 7 1 30.711 13.566 29.867 12.909
121 7 1 30.672 13.614 29.899 12.853
122 7 1 30.671 13.566 29.898 12.805
123 7 1 30.671 13.503 29.898 12.742
124 7 1 30.655 13.455 29.882 12.695
125 7 1 30.655 13.408 29.882 12.647
126 7 1 30.654 13.344 29.881 12.584
127 7 1 30.654 13.281 29.881 12.520
128 7 1 30.669 13.233 29.896 12.473
129 7 1 30.653 13.202 29.880 12.441
130 7 1 30.669 13.138 29.896 12.378
131 7 1 30.668 13.075 29.896 12.315
132 7 1 30.684 13.011 29.911 12.251
133 7 1 30.715 12.964 29.942 12.203
134 7 1 30.635 12.814 29.998 12.219
135 7 1 30.651 12.766 30.005 12.132
136 7 1 30.634 12.727 30.013 12.044
137 7 1 30.698 12.758 29.949 12.021
138 7 1 30.690 12.718 29.941 11.982
139 7 1 30.697 12.663 29.949 11.926
140 7 1 30.689 12.608 29.940 11.871
141 7 1 30.681 12.552 29.932 11.816
142 7 1 30.672 12.481 29.924 11.745
143 7 1 30.664 12.442 29.916 11.705
144 7 1 30.672 12.386 29.923 11.650
146 7 1 30.664 12.378 29.915 11.642
147 7 1 30.656 12.339 29.907 11.603
148 7 1 30.623 12.118 29.898 11.445
149 7 1 30.614 11.975 29.842 11.374
150 7 1 30.598 12.039 29.858 11.318
151 7 1 30.598 11.999 29.858 11.279
152 7 1 30.598 11.976 29.858 11.255
153 7 1 30.582 11.920 29.841 11.200
154 7 1 30.550 11.826 29.778 11.161
155 7 1 30.534 11.818 29.833 11.058
156 7 1 30.533 11.771 29.792 10.908
157 7 1 30.533 11.771 29.824 10.892
158 7 1 30.486 11.787 29.863 10.868
159 7 1 30.533 11.684 29.816 10.971
160 7 1 30.540 11.636 29.824 10.924
161 7 1 30.548 11.589 29.832 10.876
162 7 1 30.540 11.541 29.823 10.829
163 7 1 30.547 11.478 29.831 10.766
164 7 1 30.539 11.415 29.823 10.703
165 7 1 30.547 11.367 29.830 10.655
166 7 1 30.538 11.320 29.822 10.608
167 7 1 30.562 11.272 29.846 10.560
168 7 1 30.554 11.209 29.837 10.497
169 7 1 30.561 11.146 29.845 10.434
170 7 1 30.553 11.099 29.837 10.387
171 7 1 30.560 11.051 29.844 10.339
172 7 1 30.568 11.004 29.852 10.292
173 7 1 30.576 10.956 29.860 10.244
174 7 1 30.567 10.909 29.851 10.197
175 7 1 30.575 10.846 29.859 10.134
176 7 1 30.551 10.798 29.835 10.087
177 7 1 30.543 10.735 29.827 10.024
179 7 1 30.535 10.728 29.819 10.016
180 7 1 30.542 10.680 29.826 9.968
181 7 1 30.550 10.601 29.834 9.889
182 7 1 30.573 10.569 29.857 9.858
184 7 1 30.484 10.278 29.761 9.622
185 7 1 30.477 10.310 29.761 9.606
186 7 1 30.531 10.104 29.648 9.299
187 7 1 30.444 10.105 29.641 9.339
188 7 1 30.396 10.066 29.680 9.362
189 7 1 31.187 10.066 30.470 9.292
190 7 1 30.584 9.701 29.759 9.235
191 7 1 30.458 9.860 29.822 9.172
192 7 1 30.490 9.852 29.782 9.164
193 7 1 30.489 9.797 29.782 9.109
194 7 1 30.489 9.741 29.781 9.054
195 7 1 30.504 9.686 29.797 8.999
196 7 1 30.536 9.631 29.828 8.943
197 7 1 30.567 9.575 29.859 8.888
198 7 1 30.566 9.504 29.859 8.817
199 7 1 30.582 9.465 29.875 8.777
200 7 1 30.566 9.410 29.858 8.722
201 7 1 30.566 9.370 29.858 8.683
202 7 1 30.550 9.331 29.842 8.644
203 7 1 30.534 9.292 29.826 8.604
204 7 1 30.549 9.236 29.842 8.549
205 7 1 30.431 9.379 29.636 8.582
206 7 1 30.391 9.316 29.684 8.629
207 7 1 30.471 9.395 29.667 8.488
208 7 1 30.415 9.340 29.659 8.433
209 7 1 30.439 9.269 29.659 8.370
210 7 1 30.438 9.135 29.698 8.338
211 7 1 30.453 9.040 29.682 8.306
212 7 1 30.413 9.017 29.706 8.330
213 7 1 30.429 8.961 29.721 8.274
214 7 1 30.444 8.890 29.737 8.203
215 7 1 30.460 8.867 29.753 8.180
216 7 1 30.459 8.812 29.752 8.125
217 7 1 30.459 8.772 29.752 8.085
218 7 1 30.443 8.733 29.736 8.046
219 7 1 30.443 8.709 29.736 8.022
221 7 1 30.435 8.701 29.728 8.015
222 7 1 30.435 8.662 29.728 7.975
223 7 1 30.450 8.607 29.743 7.920
224 7 1 30.434 8.552 29.727 7.865
225 7 1 30.465 8.481 29.758 7.794
226 7 1 30.465 8.426 29.758 7.739
227 7 1 30.480 8.370 29.773 7.684
228 7 1 30.512 8.331 29.805 7.644
229 7 1 30.543 8.275 29.836 7.589
230 7 1 30.636 8.007 29.850 7.298
231 7 1 30.651 7.904 29.905 7.242
232 7 1 30.745 7.833 29.803 7.314
233 7 1 30.745 7.801 29.803 7.282
234 7 1 30.745 7.770 29.802 7.251
235 7 1 30.729 7.738 29.786 7.219
236 7 1 30.729 7.691 29.786 7.172
237 7 1 30.713 7.644 29.770 7.125
238 7 1 30.696 7.597 29.754 7.078
239 7 1 30.680 7.550 29.738 7.031
240 7 1 30.664 7.503 29.722 6.984
241 7 1 30.680 7.440 29.737 6.921
243 7 1 30.672 7.432 29.729 6.913
244 7 1 30.687 7.385 29.745 6.866
245 7 1 30.805 7.313 29.917 6.676
246 7 1 30.821 7.258 29.886 6.731
247 7 1 30.828 7.203 29.894 6.676
248 7 1 30.851 7.163 29.917 6.637
249 7 1 30.843 7.108 29.909 6.582
250 7 1 30.835 7.069 29.901 6.542
251 7 1 30.827 7.014 29.893 6.488
252 7 1 30.834 6.975 29.900 6.448
253 7 1 30.842 6.904 29.908 6.377
254 7 1 30.865 6.865 29.931 6.338
255 7 1 30.873 6.794 29.939 6.267
256 7 1 30.880 6.739 29.946 6.212
257 7 1 30.888 6.684 29.954 6.157
258 7 1 30.911 6.628 29.977 6.102
260 7 1 30.926 6.534 29.992 6.008
261 7 1 30.934 6.479 30.000 5.953
262 7 1 30.957 6.440 30.023 5.913
263 7 1 30.949 6.385 30.015 5.858
264 7 1 30.972 6.345 30.038 5.819
265 7 1 30.980 6.290 30.046 5.764
266 7 1 31.003 6.266 30.069 5.740
267 7 1 31.026 6.062 30.131 5.418
268 7 1 31.041 6.007 30.115 5.473
269 7 1 31.041 5.960 30.115 5.426
270 7 1 31.040 5.928 30.115 5.394
271 7 1 31.040 5.881 30.114 5.347
272 7 1 31.040 5.819 30.114 5.285
274 7 1 31.039 5.709 30.113 5.175
275 7 1 31.054 5.662 30.129 5.128
276 7 1 31.054 5.599 30.128 5.065
277 7 1 31.054 5.536 30.128 5.002
278 7 1 31.069 5.489 30.144 4.955
279 7 1 31.085 5.457 30.159 4.923
280 7 1 31.084 5.410 30.159 4.876
281 7 1 31.084 5.347 30.158 4.814
282 7 1 31.084 5.300 30.158 4.767
284 7 1 31.099 5.222 30.173 4.688
285 7 1 31.098 5.159 30.173 4.625
286 7 1 31.114 5.112 30.189 4.578
287 7 1 31.129 5.065 30.204 4.531
288 7 1 31.129 5.002 30.204 4.468
289 7 1 31.144 4.939 30.219 4.406
290 7 1 31.144 4.892 30.219 4.359
291 7 1 31.159 4.845 30.234 4.311
292 7 1 31.159 4.782 30.234 4.249
293 7 1 31.159 4.735 30.233 4.202
294 7 1 31.174 4.688 30.249 4.155
295 7 1 31.174 4.625 30.249 4.092
296 7 1 31.173 4.594 30.248 4.061
297 7 1 31.173 4.547 30.248 4.014
298 7 1 31.173 4.516 30.248 3.982
299 7 1 31.188 4.469 30.263 3.935
300 7 1 31.188 4.406 30.263 3.873
301 7 1 31.188 4.359 30.263 3.826
302 7 1 31.187 4.328 30.262 3.794
303 7 1 31.187 4.265 30.262 3.732
304 7 1 31.187 4.218 30.262 3.685
305 7 1 31.186 4.155 30.261 3.622
306 7 1 31.186 4.093 30.261 3.559
307 7 1 31.185 4.046 30.261 3.512
308 7 1 31.185 3.999 30.260 3.466
309 7 1 31.185 3.936 30.260 3.403
310 7 1 31.184 3.889 30.260 3.356
311 7 1 31.184 3.858 30.260 3.325
312 7 1 31.200 3.811 30.275 3.278
313 7 1 31.199 3.748 30.275 3.215
314 7 1 31.215 3.701 30.290 3.168
315 7 1 31.214 3.670 30.290 3.137
316 7 1 31.230 3.623 30.305 3.090
317 7 1 31.229 3.576 30.305 3.043
318 7 1 31.245 3.529 30.320 2.996
319 7 1 31.244 3.466 30.320 2.933
320 7 1 31.260 3.419 30.336 2.886
321 7 1 31.260 3.388 30.335 2.855
322 7 1 31.275 3.325 30.351 2.792
323 7 1 31.275 3.278 30.350 2.745
324 7 1 31.290 3.215 30.366 2.682
325 7 1 31.290 3.168 30.365 2.636
326 7 1 31.289 3.137 30.365 2.604
327 7 1 31.305 3.090 30.381 2.557
329 7 1 31.297 3.082 30.373 2.549
330 7 1 31.297 3.051 30.373 2.518
331 7 1 31.297 3.020 30.372 2.487
332 7 1 31.296 2.988 30.372 2.456
333 7 1 31.312 2.941 30.388 2.409
334 7 1 31.296 2.895 30.372 2.362
335 7 1 31.311 2.848 30.387 2.315
336 7 1 31.295 2.801 30.371 2.268
337 7 1 31.310 2.754 30.386 2.221
338 7 1 31.310 2.707 30.386 2.174
339 7 1 31.310 2.660 30.386 2.127
340 7 1 31.309 2.613 30.386 2.080
341 7 1 31.309 2.566 30.385 2.034
342 7 1 31.325 2.535 30.401 2.002
343 7 1 31.340 2.503 30.416 1.971
344 7 1 31.324 2.457 30.400 1.924
345 7 1 31.340 2.410 30.416 1.877
346 7 1 31.323 2.363 30.400 1.830
347 7 1 31.276 2.316 30.352 1.784
348 7 1 31.244 2.270 30.321 1.737
349 7 1 31.244 2.238 30.320 1.706
350 7 1 31.244 2.207 30.320 1.675
351 7 1 31.228 2.176 30.304 1.644
352 7 1 31.243 2.129 30.320 1.597
353 7 1 31.227 2.082 30.304 1.550
354 7 1 31.243 2.051 30.319 1.519
355 7 1 31.227 2.004 30.303 1.472
356 7 1 31.242 1.957 30.319 1.425
357 7 1 31.226 1.910 30.303 1.378
358 7 1 31.242 1.879 30.318 1.347
359 7 1 31.241 1.863 30.318 1.331
360 7 1 31.226 1.832 30.302 1.300
361 7 1 31.241 1.817 30.318 1.284
362 7 1 31.257 1.801 30.333 1.269
363 7 1 31.288 1.785 30.365 1.253
364 7 1 31.304 1.754 30.380 1.221
365 7 1 31.319 1.722 30.396 1.190
366 7 1 31.335 1.707 30.411 1.174
367 7 1 31.335 1.683 30.411 1.151
368 7 1 31.334 1.668 30.411 1.143
369 7 1 31.350 1.660 30.427 1.143
370 7 1 31.366 1.636 30.443 1.127
371 7 1 31.350 1.621 30.427 1.120
372 7 1 31.350 1.605 30.427 1.112
373 7 1 31.381 1.613 30.466 1.127
375 7 1 31.373 1.628 30.458 1.151
376 7 1 31.350 1.621 30.435 1.151
377 7 1 31.326 1.590 30.411 1.128
378 7 1 31.287 1.559 30.372 1.104
379 7 1 31.263 1.535 30.348 1.089
380 7 1 31.208 1.520 30.293 1.082
381 7 1 31.200 1.505 30.293 1.074
383 7 1 31.192 1.544 30.285 1.121
384 7 1 31.176 1.528 30.269 1.113
385 7 1 31.208 1.520 30.301 1.113
386 7 1 31.239 1.512 30.332 1.113
387 7 1 31.286 1.504 30.380 1.112
388 7 1 31.333 1.511 30.427 1.127
389 7 1 31.365 1.519 30.458 1.143
390 7 1 31.396 1.519 30.490 1.150
391 7 1 31.396 1.511 30.490 1.150
392 7 1 31.396 1.488 30.490 1.135
393 7 1 31.443 1.479 30.537 1.135
395 7 1 31.435 1.487 30.529 1.150
396 7 1 31.435 1.480 30.529 1.150
397 7 1 31.435 1.487 30.529 1.158
398 7 1 31.435 1.487 30.529 1.158
399 7 1 31.435 1.487 30.529 1.158
400 7 1 31.443 1.479 30.537 1.158
401 7 1 31.443 1.472 30.537 1.158
402 7 1 31.443 1.472 30.537 1.158
403 7 1 31.443 1.472 30.537 1.158
404 7 1 31.443 1.472 30.537 1.158
405 7 1 31.443 1.472 30.537 1.158
406 7 1 31.443 1.472 30.537 1.158
407 7 1 31.443 1.464 30.537 1.158
408 7 1 31.443 1.464 30.537 1.158
409 7 1 31.443 1.464 30.537 1.158
410 7 1 31.443 1.464 30.537 1.158
411 7 1 31.443 1.464 30.537 1.158
412 7 1 31.443 1.464 30.537 1.158
413 7 1 31.443 1.464 30.537 1.158
414 7 1 31.443 1.456 30.537 1.158
415 7 1 31.443 1.456 30.537 1.158
416 7 1 31.443 1.456 30.537 1.158
417 7 1 31.443 1.456 30.537 1.158
418 7 1 31.443 1.456 30.537 1.158
419 7 1 31.443 1.448 30.537 1.158
420 7 1 31.443 1.448 30.537 1.158
421 7 1 31.443 1.448 30.537 1.158
422 7 1 31.443 1.448 30.537 1.158
423 7 1 31.443 1.448 30.537 1.158
424 7 1 31.443 1.448 30.537 1.158
425 7 1 31.435 1.448 30.529 1.158
426 7 1 31.427 1.456 30.521 1.166
427 7 1 31.427 1.464 30.521 1.174
428 7 1 31.427 1.456 30.521 1.166
430 7 1 31.419 1.456 30.514 1.166
431 7 1 31.419 1.448 30.513 1.158
432 7 1 31.419 1.456 30.514 1.166
433 7 1 31.419 1.448 30.513 1.158
434 7 1 31.412 1.456 30.506 1.166
435 7 1 31.412 1.456 30.506 1.166
436 7 1 31.412 1.456 30.506 1.166
437 7 1 31.412 1.448 30.506 1.158
438 7 1 31.412 1.456 30.506 1.166
439 7 1 31.412 1.448 30.506 1.158
440 7 1 31.412 1.456 30.506 1.166
441 7 1 31.412 1.456 30.506 1.166
442 7 1 31.412 1.456 30.506 1.166
443 7 1 31.412 1.448 30.506 1.158
444 7 1 31.412 1.456 30.506 1.166
445 7 1 31.412 1.448 30.506 1.158
446 7 1 31.412 1.456 30.506 1.166
447 7 1 31.412 1.456 30.506 1.166
448 7 1 31.412 1.456 30.506 1.166
449 7 1 31.412 1.456 30.506 1.166
450 7 1 31.412 1.456 30.506 1.166
451 7 1 31.412 1.456 30.506 1.166
452 7 1 31.412 1.456 30.506 1.166
453 7 1 31.412 1.456 30.506 1.166
454 7 1 31.412 1.456 30.506 1.166
455 7 1 31.412 1.456 30.506 1.166
456 7 1 31.412 1.456 30.506 1.166
457 7 1 31.404 1.456 30.498 1.166
458 7 1 31.404 1.456 30.498 1.166
459 7 1 31.404 1.456 30.498 1.166
460 7 1 31.404 1.456 30.498 1.166
461 7 1 31.404 1.456 30.498 1.166
462 7 1 31.404 1.456 30.498 1.166
463 7 1 31.404 1.456 30.498 1.166
464 7 1 31.404 1.449 30.498 1.158
465 7 1 31.404 1.456 30.498 1.166
466 7 1 31.404 1.449 30.498 1.158
467 7 1 31.404 1.449 30.498 1.158
468 7 1 31.404 1.449 30.498 1.158
469 7 1 31.404 1.456 30.498 1.166
470 7 1 31.404 1.449 30.498 1.158
471 7 1 31.404 1.456 30.498 1.166
472 7 1 31.404 1.456 30.498 1.166
473 7 1 31.412 1.448 30.506 1.158
474 7 1 31.412 1.456 30.506 1.166
475 7 1 31.412 1.464 30.506 1.174
476 7 1 31.420 1.464 30.514 1.174
477 7 1 31.420 1.464 30.514 1.174
478 7 1 31.427 1.464 30.521 1.174
479 7 1 31.427 1.464 30.521 1.174
480 7 1 31.427 1.472 30.521 1.181
481 7 1 31.427 1.472 30.521 1.181
482 7 1 31.427 1.472 30.521 1.181
483 7 1 31.427 1.472 30.521 1.181
484 7 1 31.427 1.472 30.521 1.181
485 7 1 31.427 1.472 30.521 1.181
486 7 1 31.427 1.472 30.521 1.181
487 7 1 31.427 1.472 30.521 1.181
488 7 1 31.420 1.472 30.514 1.182
489 7 1 31.420 1.464 30.514 1.174
490 7 1 31.419 1.456 30.514 1.166
491 7 1 31.412 1.464 30.506 1.174
492 7 1 31.412 1.448 30.506 1.158
493 7 1 31.404 1.449 30.498 1.158
494 7 1 31.404 1.449 30.498 1.158
495 7 1 31.396 1.449 30.490 1.158
496 7 1 31.396 1.449 30.490 1.158
497 7 1 31.396 1.449 30.490 1.158
498 7 1 31.396 1.441 30.490 1.158
499 7 1 31.388 1.433 30.482 1.158
500 7 1 31.388 1.433 30.482 1.158
501 7 1 31.388 1.433 30.482 1.166
502 7 1 31.388 1.417 30.482 1.158
503 7 1 31.388 1.417 30.482 1.158
504 7 1 31.380 1.417 30.474 1.158
505 7 1 31.380 1.410 30.474 1.158
259 7 1 30.919 6.573 29.985 6.047
273 7 1 31.039 5.756 30.114 5.222
283 7 1 31.099 5.269 30.174 4.735
46 8 1 31.794 17.685 30.928 16.453
47 8 1 31.785 17.645 30.920 16.413
48 8 1 31.705 17.471 30.976 16.436
49 8 1 31.713 17.487 30.967 16.421
50 8 1 31.712 17.439 30.967 16.373
51 8 1 31.712 17.375 30.967 16.309
52 8 1 31.696 17.328 30.951 16.262
53 8 1 31.680 17.296 30.935 16.230
54 8 1 31.679 17.248 30.934 16.182
55 8 1 31.679 17.185 30.934 16.119
56 8 1 31.679 17.137 30.933 16.071
57 8 1 31.678 17.105 30.933 16.039
58 8 1 31.678 17.057 30.933 15.992
59 8 1 31.662 16.978 30.917 15.912
60 8 1 31.645 16.930 30.900 15.865
61 8 1 31.645 16.867 30.900 15.801
62 8 1 31.645 16.803 30.900 15.738
63 8 1 31.628 16.740 30.883 15.674
64 8 1 31.596 16.676 30.851 15.611
65 8 1 31.596 16.629 30.851 15.564
66 8 1 31.595 16.581 30.851 15.516
67 8 1 31.595 16.517 30.850 15.452
68 8 1 31.595 16.470 30.850 15.405
69 8 1 31.776 16.348 30.955 15.721
70 8 1 31.738 16.492 30.978 15.546
71 8 1 31.737 16.436 30.977 15.491
72 8 1 31.753 16.380 30.993 15.435
73 8 1 31.752 16.357 30.993 15.411
74 8 1 31.736 16.301 30.976 15.356
75 8 1 31.736 16.261 30.976 15.316
76 8 1 31.751 16.206 30.992 15.260
77 8 1 31.751 16.150 30.991 15.205
78 8 1 31.766 16.094 31.007 15.149
79 8 1 31.766 16.039 31.006 15.093
80 8 1 31.766 15.983 31.006 15.038
81 8 1 31.765 15.943 31.006 14.998
82 8 1 31.781 15.872 31.021 14.927
83 8 1 31.780 15.816 31.021 14.871
84 8 1 31.796 15.760 31.036 14.815
85 8 1 31.691 15.547 30.957 14.808
86 8 1 31.691 15.459 30.933 14.777
87 8 1 31.683 15.555 30.932 14.689
88 8 1 31.691 15.515 30.940 14.650
89 8 1 31.699 15.475 30.948 14.610
90 8 1 31.690 15.420 30.939 14.554
91 8 1 31.682 15.380 30.931 14.515
92 8 1 31.674 15.325 30.923 14.459
93 8 1 31.681 15.269 30.930 14.404
94 8 1 31.657 15.214 30.906 14.349
95 8 1 31.665 15.158 30.914 14.293
96 8 1 31.656 15.087 30.906 14.222
97 8 1 31.648 15.031 30.897 14.166
98 8 1 31.640 14.976 30.889 14.111
99 8 1 31.647 14.904 30.896 14.039
100 8 1 31.639 14.849 30.888 13.984
101 8 1 31.646 14.793 30.896 13.928
102 8 1 31.638 14.738 30.887 13.873
103 8 1 31.646 14.698 30.895 13.833
104 8 1 31.637 14.643 30.887 13.778
105 8 1 31.645 14.603 30.894 13.738
106 8 1 31.637 14.563 30.886 13.699
107 8 1 31.644 14.523 30.894 13.659
108 8 1 31.636 14.468 30.886 13.604
109 8 1 31.660 14.412 30.909 13.548
110 8 1 31.651 14.357 30.901 13.492
111 8 1 31.665 14.119 30.915 13.278
112 8 1 31.658 14.135 30.907 13.279
113 8 1 31.665 14.087 30.915 13.231
114 8 1 31.673 14.040 30.922 13.183
115 8 1 31.664 13.992 30.914 13.136
116 8 1 31.672 13.929 30.922 13.072
117 8 1 31.664 13.865 30.913 13.009
118 8 1 31.655 13.802 30.905 12.946
119 8 1 31.663 13.738 30.913 12.883
120 8 1 31.670 13.691 30.920 12.835
121 8 1 31.662 13.643 30.912 12.788
122 8 1 31.654 13.612 30.904 12.756
123 8 1 31.646 13.564 30.896 12.709
124 8 1 31.653 13.501 30.903 12.645
125 8 1 31.629 13.454 30.879 12.598
126 8 1 31.621 13.406 30.871 12.550
127 8 1 31.612 13.343 30.862 12.487
128 8 1 31.604 13.280 30.854 12.424
129 8 1 31.580 13.232 30.830 12.377
130 8 1 31.572 13.169 30.822 12.314
131 8 1 31.563 13.122 30.814 12.266
132 8 1 31.555 13.058 30.805 12.203
133 8 1 31.547 13.011 30.797 12.156
134 8 1 31.554 12.963 30.805 12.108
135 8 1 31.617 12.820 30.845 12.258
136 8 1 31.602 12.947 30.852 12.123
137 8 1 31.594 12.900 30.844 12.076
138 8 1 31.576 12.694 30.827 11.950
139 8 1 31.577 12.734 30.827 11.918
140 8 1 31.568 12.694 30.819 11.879
141 8 1 31.560 12.639 30.811 11.823
142 8 1 31.552 12.599 30.803 11.784
143 8 1 31.543 12.528 30.794 11.713
144 8 1 31.535 12.489 30.786 11.673
145 8 1 31.511 12.433 30.762 11.618
146 8 1 31.527 12.394 30.816 11.499
147 8 1 31.526 12.338 30.809 11.507
148 8 1 31.550 12.291 30.800 11.452
149 8 1 31.541 12.204 30.777 11.476
150 8 1 31.533 12.117 30.737 11.445
151 8 1 31.532 12.069 30.713 11.405
152 8 1 31.485 12.133 30.752 11.342
153 8 1 31.428 11.912 30.681 11.271
154 8 1 31.460 11.888 30.688 11.232
155 8 1 31.380 11.834 30.704 11.184
156 8 1 31.356 11.755 30.648 11.106
157 8 1 31.317 11.747 30.655 11.050
158 8 1 31.277 11.716 30.655 10.916
159 8 1 31.316 11.692 30.615 10.940
160 8 1 31.292 11.637 30.591 10.885
161 8 1 31.284 11.582 30.583 10.830
162 8 1 31.260 11.542 30.559 10.790
163 8 1 31.236 11.471 30.535 10.720
164 8 1 31.212 11.432 30.511 10.680
165 8 1 31.203 11.361 30.502 10.609
166 8 1 31.195 11.322 30.494 10.570
167 8 1 31.187 11.266 30.486 10.515
168 8 1 31.163 11.227 30.462 10.476
169 8 1 31.170 11.172 30.470 10.420
170 8 1 31.178 11.101 30.477 10.349
171 8 1 31.169 11.045 30.469 10.294
173 8 1 31.161 11.038 30.461 10.286
174 8 1 31.153 10.998 30.453 10.247
175 8 1 31.145 10.959 30.444 10.207
176 8 1 31.153 10.903 30.452 10.152
177 8 1 31.160 10.816 30.459 10.065
178 8 1 31.152 10.761 30.451 10.010
180 8 1 31.144 10.753 30.443 10.002
181 8 1 31.136 10.730 30.435 9.979
182 8 1 31.128 10.706 30.427 9.955
184 8 1 31.197 10.445 30.489 9.734
185 8 1 31.189 10.469 30.489 9.726
186 8 1 31.197 10.437 30.497 9.694
187 8 1 31.189 10.406 30.488 9.663
188 8 1 31.197 10.374 30.496 9.631
189 8 1 31.188 10.343 30.488 9.599
190 8 1 31.196 10.311 30.496 9.568
191 8 1 31.233 9.924 30.549 9.252
192 8 1 31.233 9.853 30.542 9.339
193 8 1 31.240 9.806 30.549 9.291
194 8 1 31.248 9.742 30.557 9.228
195 8 1 31.247 9.687 30.556 9.173
196 8 1 31.255 9.632 30.564 9.118
197 8 1 31.262 9.585 30.572 9.071
198 8 1 31.270 9.537 30.579 9.023
199 8 1 31.278 9.498 30.587 8.984
200 8 1 31.285 9.458 30.595 8.944
202 8 1 31.277 9.450 30.587 8.936
203 8 1 31.285 9.411 30.594 8.897
204 8 1 31.300 9.371 30.610 8.857
205 8 1 31.308 9.316 30.617 8.802
206 8 1 31.315 9.269 30.625 8.755
207 8 1 31.331 9.221 30.640 8.708
208 8 1 31.346 9.166 30.656 8.652
209 8 1 31.362 9.111 30.671 8.597
210 8 1 31.377 9.056 30.687 8.542
211 8 1 31.393 9.000 30.702 8.486
212 8 1 31.408 8.953 30.718 8.439
213 8 1 31.423 8.898 30.733 8.384
214 8 1 31.439 8.842 30.749 8.329
215 8 1 31.447 8.803 30.756 8.289
216 8 1 31.438 8.732 30.748 8.218
218 8 1 31.430 8.724 30.740 8.211
219 8 1 31.438 8.685 30.748 8.171
220 8 1 31.438 8.645 30.747 8.132
221 8 1 31.445 8.598 30.755 8.084
222 8 1 31.445 8.551 30.755 8.037
223 8 1 31.452 8.504 30.762 7.990
224 8 1 31.460 8.417 30.769 7.903
226 8 1 31.452 8.409 30.762 7.896
227 8 1 31.451 8.354 30.761 7.840
228 8 1 31.459 8.299 30.769 7.785
229 8 1 31.458 8.236 30.768 7.722
230 8 1 31.536 8.031 30.838 7.462
231 8 1 31.528 8.007 30.838 7.494
232 8 1 31.528 7.960 30.838 7.447
233 8 1 31.527 7.928 30.837 7.415
234 8 1 31.535 7.889 30.845 7.376
235 8 1 31.535 7.834 30.845 7.321
236 8 1 31.534 7.795 30.844 7.281
238 8 1 31.526 7.787 30.836 7.274
239 8 1 31.526 7.755 30.836 7.242
240 8 1 31.526 7.716 30.836 7.203
241 8 1 31.541 7.653 30.851 7.140
242 8 1 31.557 7.598 30.867 7.085
243 8 1 31.564 7.558 30.874 7.045
245 8 1 31.626 7.377 30.975 6.754
246 8 1 31.641 7.330 30.960 6.817
247 8 1 31.649 7.275 30.967 6.762
248 8 1 31.672 7.219 30.990 6.706
249 8 1 31.680 7.180 30.998 6.667
250 8 1 31.703 7.125 31.021 6.612
251 8 1 31.711 7.085 31.029 6.572
252 8 1 31.726 7.038 31.044 6.525
253 8 1 31.742 6.991 31.060 6.478
254 8 1 31.757 6.944 31.075 6.431
255 8 1 31.765 6.896 31.083 6.384
256 8 1 31.772 6.849 31.090 6.336
257 8 1 31.795 6.794 31.114 6.281
260 8 1 31.811 6.739 31.129 6.226
261 8 1 31.818 6.684 31.137 6.171
262 8 1 31.842 6.636 31.160 6.124
263 8 1 31.849 6.589 31.168 6.077
264 8 1 31.865 6.542 31.183 6.029
266 8 1 31.857 6.534 31.175 6.022
267 8 1 31.918 6.330 31.236 5.731
268 8 1 31.910 6.290 31.229 5.778
269 8 1 31.918 6.259 31.236 5.746
270 8 1 31.925 6.220 31.244 5.707
271 8 1 31.941 6.165 31.259 5.652
272 8 1 31.956 6.133 31.275 5.621
274 8 1 31.979 6.046 31.298 5.534
275 8 1 31.987 5.991 31.305 5.479
276 8 1 32.010 5.944 31.329 5.432
277 8 1 32.025 5.897 31.344 5.385
278 8 1 32.041 5.842 31.360 5.330
279 8 1 32.056 5.787 31.375 5.275
280 8 1 32.064 5.740 31.382 5.227
281 8 1 32.087 5.692 31.406 5.180
282 8 1 32.087 5.645 31.405 5.133
284 8 1 32.102 5.551 31.421 5.039
285 8 1 32.101 5.512 31.420 5.000
286 8 1 32.109 5.465 31.428 4.953
287 8 1 32.116 5.418 31.435 4.906
288 8 1 32.116 5.371 31.435 4.859
289 8 1 32.116 5.324 31.435 4.812
290 8 1 32.115 5.277 31.434 4.765
291 8 1 32.115 5.222 31.434 4.710
292 8 1 32.107 5.175 31.426 4.663
293 8 1 32.106 5.120 31.425 4.608
294 8 1 32.106 5.057 31.425 4.545
295 8 1 32.098 5.002 31.417 4.490
296 8 1 32.089 4.955 31.409 4.443
297 8 1 32.089 4.908 31.408 4.396
298 8 1 32.089 4.861 31.408 4.349
299 8 1 32.088 4.822 31.408 4.310
300 8 1 32.088 4.767 31.407 4.255
301 8 1 32.088 4.736 31.407 4.224
302 8 1 32.088 4.697 31.407 4.185
303 8 1 32.087 4.650 31.406 4.138
304 8 1 32.087 4.603 31.406 4.091
305 8 1 32.087 4.564 31.406 4.052
306 8 1 32.094 4.524 31.414 4.013
307 8 1 32.086 4.477 31.405 3.966
308 8 1 32.101 4.430 31.421 3.919
309 8 1 32.109 4.375 31.428 3.864
310 8 1 32.108 4.328 31.428 3.817
311 8 1 32.116 4.274 31.435 3.762
312 8 1 32.123 4.219 31.443 3.707
313 8 1 32.123 4.172 31.443 3.660
314 8 1 32.131 4.117 31.450 3.605
315 8 1 32.138 4.070 31.458 3.558
316 8 1 32.138 4.023 31.457 3.511
317 8 1 32.145 3.976 31.465 3.464
318 8 1 32.153 3.937 31.472 3.425
319 8 1 32.145 3.897 31.464 3.386
320 8 1 32.152 3.850 31.472 3.339
321 8 1 32.136 3.811 31.456 3.300
322 8 1 32.136 3.780 31.456 3.269
323 8 1 32.136 3.741 31.455 3.230
324 8 1 32.127 3.694 31.447 3.183
325 8 1 32.127 3.647 31.447 3.136
326 8 1 32.119 3.608 31.439 3.097
327 8 1 32.103 3.569 31.423 3.058
328 8 1 32.095 3.514 31.414 3.003
329 8 1 32.094 3.475 31.414 2.964
330 8 1 32.086 3.421 31.406 2.909
331 8 1 32.062 3.382 31.382 2.870
332 8 1 32.062 3.327 31.382 2.816
333 8 1 32.046 3.296 31.366 2.785
334 8 1 32.038 3.257 31.358 2.746
335 8 1 32.030 3.210 31.349 2.699
336 8 1 32.037 3.171 31.357 2.660
337 8 1 32.029 3.139 31.349 2.628
338 8 1 32.037 3.108 31.357 2.597
339 8 1 32.029 3.077 31.348 2.566
340 8 1 32.036 3.038 31.356 2.527
341 8 1 32.028 2.999 31.348 2.488
342 8 1 32.043 2.967 31.363 2.456
343 8 1 32.043 2.928 31.363 2.417
344 8 1 32.051 2.881 31.371 2.370
345 8 1 32.050 2.834 31.370 2.323
346 8 1 32.058 2.795 31.378 2.284
347 8 1 32.073 2.756 31.393 2.245
348 8 1 32.081 2.701 31.401 2.190
349 8 1 32.081 2.662 31.401 2.151
350 8 1 32.088 2.615 31.408 2.104
351 8 1 32.104 2.576 31.424 2.065
352 8 1 32.111 2.545 31.431 2.034
353 8 1 32.111 2.506 31.431 1.995
354 8 1 32.111 2.467 31.431 1.956
355 8 1 32.110 2.435 31.431 1.925
356 8 1 32.110 2.404 31.430 1.893
357 8 1 32.094 2.365 31.414 1.854
359 8 1 32.086 2.357 31.406 1.847
360 8 1 32.086 2.334 31.406 1.823
361 8 1 32.086 2.295 31.406 1.784
362 8 1 32.078 2.279 31.398 1.769
363 8 1 32.070 2.248 31.390 1.737
364 8 1 32.069 2.217 31.390 1.706
365 8 1 32.061 2.186 31.382 1.675
366 8 1 32.053 2.162 31.374 1.652
367 8 1 32.061 2.131 31.381 1.620
368 8 1 32.053 2.100 31.373 1.589
369 8 1 32.053 2.076 31.373 1.566
371 8 1 32.045 2.069 31.365 1.558
372 8 1 32.052 2.045 31.373 1.535
373 8 1 32.052 2.037 31.373 1.527
374 8 1 32.052 2.014 31.373 1.503
375 8 1 32.052 2.006 31.373 1.496
377 8 1 32.044 1.998 31.365 1.488
378 8 1 32.044 1.990 31.365 1.480
379 8 1 32.052 1.967 31.372 1.457
380 8 1 32.060 1.967 31.380 1.456
381 8 1 32.052 1.959 31.372 1.449
383 8 1 32.044 1.951 31.364 1.441
384 8 1 32.044 1.936 31.364 1.425
385 8 1 32.020 1.881 31.340 1.371
387 8 1 32.012 1.874 31.332 1.363
388 8 1 32.035 1.858 31.356 1.347
389 8 1 32.059 1.826 31.379 1.316
390 8 1 32.082 1.795 31.403 1.285
392 8 1 32.074 1.787 31.395 1.277
393 8 1 32.105 1.756 31.426 1.245
394 8 1 32.152 1.677 31.480 1.175
396 8 1 32.144 1.670 31.472 1.167
397 8 1 32.160 1.662 31.488 1.159
398 8 1 32.167 1.654 31.496 1.151
399 8 1 32.167 1.654 31.496 1.151
401 8 1 32.160 1.654 31.488 1.151
402 8 1 32.160 1.646 31.488 1.144
403 8 1 32.160 1.654 31.488 1.151
404 8 1 32.167 1.654 31.496 1.151
405 8 1 32.167 1.646 31.496 1.144
406 8 1 32.167 1.646 31.496 1.144
407 8 1 32.167 1.646 31.496 1.144
408 8 1 32.167 1.646 31.496 1.144
409 8 1 32.167 1.638 31.496 1.144
410 8 1 32.167 1.638 31.496 1.144
411 8 1 32.160 1.638 31.488 1.151
413 8 1 32.152 1.638 31.480 1.151
415 8 1 32.144 1.638 31.472 1.151
416 8 1 32.144 1.631 31.472 1.144
417 8 1 32.136 1.631 31.465 1.152
418 8 1 32.128 1.623 31.457 1.152
419 8 1 32.120 1.623 31.449 1.152
420 8 1 32.112 1.615 31.441 1.144
422 8 1 32.104 1.615 31.433 1.144
423 8 1 32.097 1.623 31.425 1.152
424 8 1 32.089 1.623 31.417 1.152
425 8 1 32.081 1.623 31.410 1.152
426 8 1 32.081 1.623 31.410 1.152
427 8 1 32.073 1.623 31.402 1.152
428 8 1 32.073 1.623 31.402 1.152
429 8 1 32.073 1.623 31.402 1.152
430 8 1 32.073 1.623 31.402 1.152
431 8 1 32.073 1.623 31.402 1.152
432 8 1 32.073 1.623 31.402 1.152
433 8 1 32.073 1.623 31.402 1.152
434 8 1 32.065 1.623 31.394 1.152
435 8 1 32.065 1.623 31.394 1.152
436 8 1 32.065 1.623 31.394 1.152
437 8 1 32.065 1.623 31.394 1.152
438 8 1 32.065 1.623 31.394 1.152
439 8 1 32.065 1.623 31.394 1.152
440 8 1 32.057 1.623 31.386 1.152
441 8 1 32.057 1.623 31.386 1.152
442 8 1 32.057 1.623 31.386 1.152
443 8 1 32.057 1.623 31.386 1.152
444 8 1 32.049 1.624 31.378 1.152
445 8 1 32.049 1.624 31.378 1.152
446 8 1 32.049 1.624 31.378 1.152
447 8 1 32.049 1.624 31.378 1.152
448 8 1 32.057 1.623 31.386 1.152
449 8 1 32.057 1.623 31.386 1.152
450 8 1 32.057 1.623 31.386 1.152
452 8 1 32.049 1.624 31.378 1.152
453 8 1 32.049 1.624 31.378 1.152
454 8 1 32.049 1.624 31.378 1.152
455 8 1 32.049 1.624 31.378 1.152
456 8 1 32.049 1.624 31.378 1.152
457 8 1 32.049 1.624 31.378 1.152
458 8 1 32.049 1.624 31.378 1.152
459 8 1 32.049 1.624 31.378 1.152
460 8 1 32.049 1.624 31.378 1.152
461 8 1 32.049 1.624 31.378 1.152
462 8 1 32.049 1.616 31.378 1.144
463 8 1 32.049 1.624 31.378 1.152
464 8 1 32.041 1.616 31.370 1.144
465 8 1 32.042 1.624 31.370 1.152
466 8 1 32.042 1.624 31.370 1.152
467 8 1 32.042 1.624 31.370 1.152
468 8 1 32.041 1.616 31.370 1.144
469 8 1 32.042 1.624 31.370 1.152
470 8 1 32.041 1.616 31.370 1.144
471 8 1 32.049 1.624 31.378 1.152
472 8 1 32.049 1.624 31.378 1.152
473 8 1 32.049 1.624 31.378 1.152
474 8 1 32.049 1.624 31.378 1.152
475 8 1 32.057 1.631 31.386 1.160
476 8 1 32.057 1.623 31.386 1.152
477 8 1 32.065 1.631 31.394 1.160
478 8 1 32.065 1.631 31.394 1.160
479 8 1 32.065 1.631 31.394 1.160
480 8 1 32.065 1.631 31.394 1.160
481 8 1 32.065 1.631 31.394 1.160
482 8 1 32.065 1.631 31.394 1.160
483 8 1 32.065 1.631 31.394 1.160
484 8 1 32.065 1.631 31.394 1.160
485 8 1 32.065 1.631 31.394 1.160
486 8 1 32.065 1.631 31.394 1.160
487 8 1 32.065 1.631 31.394 1.160
488 8 1 32.057 1.631 31.386 1.160
489 8 1 32.057 1.631 31.386 1.160
490 8 1 32.057 1.631 31.386 1.160
491 8 1 32.057 1.631 31.386 1.160
492 8 1 32.049 1.624 31.378 1.152
493 8 1 32.049 1.624 31.378 1.152
494 8 1 32.042 1.624 31.370 1.152
495 8 1 32.041 1.616 31.370 1.152
496 8 1 32.041 1.616 31.370 1.152
497 8 1 32.034 1.608 31.362 1.152
498 8 1 32.034 1.600 31.362 1.144
499 8 1 32.034 1.600 31.362 1.152
500 8 1 32.033 1.592 31.362 1.144
501 8 1 32.033 1.592 31.362 1.152
502 8 1 32.026 1.585 31.354 1.152
503 8 1 32.026 1.585 31.354 1.152
504 8 1 32.025 1.577 31.354 1.152
505 8 1 32.025 1.577 31.354 1.152
259 8 1 31.787 6.786 31.106 6.273
273 8 1 31.972 6.086 31.290 5.573
283 8 1 32.094 5.606 31.413 5.094
55 9 2 45.659 9.864 42.993 7.312
56 9 2 45.723 9.934 42.929 7.258
57 9 2 45.361 8.853 43.482 8.069
58 9 2 45.377 8.900 43.458 8.022
59 9 2 45.172 8.832 43.555 8.218
60 9 2 45.276 8.925 43.436 8.117
61 9 2 45.198 8.941 43.357 8.133
62 9 2 45.135 8.958 43.295 8.149
63 9 2 45.049 8.974 43.209 8.166
64 9 2 44.979 8.990 43.138 8.182
65 9 2 44.702 8.851 43.061 8.245
66 9 2 44.805 8.921 43.004 8.152
67 9 2 44.711 8.953 42.911 8.184
68 9 2 44.625 8.978 42.825 8.208
69 9 2 44.539 8.947 42.738 8.178
70 9 2 44.469 8.995 42.668 8.225
71 9 2 44.398 9.003 42.597 8.234
72 9 2 44.328 9.043 42.527 8.274
73 9 2 44.226 9.036 42.425 8.267
74 9 2 44.124 9.061 42.323 8.291
75 9 2 44.061 9.061 42.261 8.292
76 9 2 43.952 9.094 42.151 8.324
77 9 2 43.881 9.102 42.080 8.333
78 9 2 43.788 9.127 41.987 8.357
79 9 2 43.694 9.135 41.892 8.366
80 9 2 43.592 9.160 41.791 8.390
81 9 2 43.513 9.168 41.712 8.399
82 9 2 43.404 9.193 41.603 8.423
83 9 2 43.318 9.201 41.516 8.432
84 9 2 43.232 9.226 41.430 8.456
85 9 2 43.145 9.234 41.344 8.465
86 9 2 43.059 9.259 41.258 8.489
87 9 2 42.973 9.267 41.171 8.498
88 9 2 42.887 9.292 41.085 8.522
89 9 2 42.801 9.300 40.999 8.530
90 9 2 42.699 9.325 40.897 8.555
91 9 2 42.612 9.334 40.811 8.564
92 9 2 42.526 9.358 40.725 8.588
93 9 2 42.456 9.366 40.654 8.596
94 9 2 42.354 9.375 40.552 8.605
95 9 2 42.267 9.384 40.465 8.614
96 9 2 42.181 9.408 40.379 8.638
97 9 2 42.095 9.417 40.293 8.647
98 9 2 41.993 9.441 40.191 8.671
99 9 2 41.907 9.450 40.105 8.680
100 9 2 41.805 9.459 40.003 8.688
101 9 2 41.718 9.467 39.916 8.697
102 9 2 41.601 9.476 39.798 8.706
103 9 2 41.514 9.469 39.712 8.699
104 9 2 41.412 9.478 39.610 8.708
105 9 2 41.404 9.486 39.336 8.852
106 9 2 41.089 9.465 39.525 8.905
107 9 2 41.050 9.442 39.423 8.914
108 9 2 41.011 9.442 39.321 8.930
109 9 2 40.814 9.436 39.258 8.931
110 9 2 40.917 9.514 39.171 8.845
111 9 2 40.823 9.515 39.076 8.846
112 9 2 40.618 9.469 38.998 8.910
113 9 2 40.539 9.446 38.857 8.919
114 9 2 40.563 9.501 38.840 8.856
115 9 2 40.429 9.440 38.700 8.936
116 9 2 40.421 9.503 38.699 8.873
117 9 2 40.335 9.511 38.612 8.882
118 9 2 40.374 9.495 38.101 8.862
119 9 2 40.162 9.489 38.038 8.879
120 9 2 40.178 9.528 38.053 8.855
121 9 2 40.091 9.505 37.936 8.880
122 9 2 39.918 9.499 38.117 8.878
123 9 2 39.847 9.500 38.046 8.879
124 9 2 39.761 9.501 37.959 8.879
125 9 2 39.690 9.517 37.889 8.896
126 9 2 39.619 9.533 37.818 8.912
127 9 2 39.564 9.518 37.763 8.897
128 9 2 39.478 9.535 37.676 8.913
129 9 2 39.423 9.535 37.621 8.914
130 9 2 39.352 9.536 37.550 8.914
131 9 2 39.281 9.536 37.479 8.915
132 9 2 39.210 9.537 37.408 8.916
133 9 2 39.155 9.553 37.354 8.932
134 9 2 39.085 9.570 37.283 8.948
135 9 2 39.045 9.570 37.243 8.949
136 9 2 38.762 9.588 37.173 8.981
137 9 2 38.715 9.604 37.118 8.989
138 9 2 38.912 9.634 36.841 8.913
139 9 2 38.597 9.590 36.976 8.975
140 9 2 38.597 9.598 36.937 8.975
141 9 2 38.739 9.651 36.668 8.914
142 9 2 38.440 9.623 36.748 9.008
143 9 2 38.408 9.631 36.748 9.000
144 9 2 38.369 9.631 36.740 9.016
145 9 2 38.527 9.693 36.456 8.987
146 9 2 38.188 9.625 36.583 9.033
147 9 2 38.188 9.617 36.622 9.001
148 9 2 38.141 9.657 36.551 9.041
149 9 2 38.291 9.703 36.275 8.989
150 9 2 38.031 9.658 36.496 9.042
151 9 2 37.976 9.666 36.433 9.050
152 9 2 37.913 9.659 36.394 9.027
153 9 2 37.867 9.777 36.282 8.902
154 9 2 37.834 9.675 36.166 9.068
155 9 2 37.818 9.644 36.197 9.044
156 9 2 37.859 9.801 36.149 8.966
157 9 2 37.740 9.692 36.142 9.092
158 9 2 37.629 9.685 36.102 9.061
159 9 2 37.795 9.731 35.787 8.993
160 9 2 37.574 9.662 35.937 9.086
161 9 2 37.740 9.716 35.739 9.001
162 9 2 37.558 9.654 35.890 9.071
163 9 2 37.677 9.732 35.700 9.002
164 9 2 37.527 9.654 35.858 9.071
165 9 2 37.338 9.672 35.811 9.040
166 9 2 37.346 9.688 35.771 9.064
167 9 2 37.228 9.704 35.724 9.049
168 9 2 37.220 9.681 35.653 9.073
169 9 2 37.212 9.705 35.653 9.073
170 9 2 37.212 9.697 35.591 9.097
171 9 2 37.157 9.705 35.591 9.097
172 9 2 37.086 9.706 35.535 9.082
173 9 2 37.031 9.690 35.527 9.058
174 9 2 37.078 9.666 35.480 9.082
175 9 2 37.038 9.675 35.441 9.090
176 9 2 36.991 9.699 35.362 9.123
177 9 2 36.960 9.683 35.378 9.091
178 9 2 36.967 9.675 35.378 9.099
179 9 2 36.936 9.676 35.346 9.099
180 9 2 36.904 9.676 35.315 9.099
181 9 2 36.881 9.684 35.259 9.084
182 9 2 36.889 9.692 35.275 9.068
183 9 2 36.857 9.684 35.243 9.076
184 9 2 36.818 9.684 35.173 9.085
185 9 2 36.684 9.686 35.157 9.069
186 9 2 36.652 9.670 35.125 9.062
187 9 2 36.676 9.654 35.102 9.078
188 9 2 36.644 9.655 35.070 9.078
189 9 2 36.613 9.655 35.039 9.078
190 9 2 36.597 9.655 35.023 9.078
191 9 2 36.565 9.655 34.991 9.079
192 9 2 36.534 9.656 34.960 9.079
193 9 2 36.502 9.656 34.928 9.079
194 9 2 36.487 9.656 34.912 9.079
195 9 2 36.455 9.656 34.881 9.080
196 9 2 36.439 9.656 34.865 9.080
197 9 2 36.408 9.657 34.834 9.080
198 9 2 36.392 9.704 34.779 9.136
199 9 2 36.369 9.704 34.795 9.136
200 9 2 36.337 9.712 34.763 9.144
201 9 2 36.353 9.697 34.771 9.089
202 9 2 36.345 9.673 34.771 9.104
203 9 2 36.313 9.681 34.739 9.112
204 9 2 36.298 9.689 34.724 9.120
205 9 2 36.345 9.649 34.676 9.082
206 9 2 36.289 9.650 34.715 9.081
207 9 2 36.274 9.642 34.699 9.073
208 9 2 36.226 9.635 34.652 9.066
209 9 2 36.226 9.643 34.652 9.074
210 9 2 36.195 9.651 34.621 9.082
211 9 2 36.179 9.659 34.605 9.090
212 9 2 36.148 9.651 34.573 9.082
213 9 2 36.116 9.659 34.542 9.091
214 9 2 36.100 9.652 34.526 9.083
215 9 2 36.100 9.659 34.526 9.091
216 9 2 36.069 9.652 34.495 9.083
217 9 2 36.053 9.660 34.479 9.091
218 9 2 36.006 9.652 34.431 9.084
219 9 2 35.990 9.660 34.416 9.092
220 9 2 35.958 9.653 34.384 9.084
221 9 2 35.927 9.645 34.353 9.077
222 9 2 35.895 9.638 34.321 9.069
223 9 2 35.864 9.646 34.289 9.077
224 9 2 35.832 9.638 34.258 9.069
225 9 2 35.801 9.631 34.226 9.062
226 9 2 35.769 9.623 34.195 9.054
227 9 2 35.737 9.615 34.163 9.047
228 9 2 35.690 9.592 34.115 9.023
229 9 2 35.674 9.584 34.100 9.016
230 9 2 35.611 9.577 34.036 9.008
231 9 2 35.563 9.570 33.989 9.001
232 9 2 35.532 9.546 33.957 8.978
233 9 2 35.484 9.539 33.910 8.970
234 9 2 35.437 9.516 33.862 8.947
235 9 2 35.389 9.508 33.815 8.940
236 9 2 35.342 9.485 33.768 8.916
237 9 2 35.295 9.478 33.720 8.909
238 9 2 35.231 9.455 33.657 8.886
239 9 2 35.184 9.447 33.609 8.878
240 9 2 35.152 9.424 33.578 8.855
241 9 2 35.105 9.401 33.530 8.832
242 9 2 35.041 9.377 33.467 8.809
243 9 2 34.994 9.370 33.420 8.801
244 9 2 34.946 9.347 33.372 8.778
245 9 2 34.883 9.324 33.309 8.755
246 9 2 34.836 9.301 33.261 8.732
247 9 2 34.804 9.293 33.230 8.724
248 9 2 34.756 9.270 33.182 8.701
249 9 2 34.693 9.247 33.119 8.678
250 9 2 34.661 9.223 33.087 8.655
251 9 2 34.614 9.216 33.040 8.647
252 9 2 34.582 9.193 33.008 8.624
253 9 2 34.551 9.169 32.976 8.600
254 9 2 34.519 9.146 32.944 8.577
255 9 2 34.471 9.138 32.897 8.570
256 9 2 34.424 9.115 32.850 8.546
257 9 2 34.408 9.092 32.834 8.523
258 9 2 34.360 9.069 32.786 8.500
260 9 2 34.297 9.038 32.723 8.469
261 9 2 34.265 9.030 32.691 8.461
262 9 2 34.218 9.007 32.644 8.438
263 9 2 34.170 8.984 32.596 8.415
264 9 2 34.139 8.960 32.564 8.392
265 9 2 34.091 8.953 32.517 8.384
266 9 2 34.028 8.930 32.454 8.361
267 9 2 33.996 8.922 32.422 8.353
268 9 2 33.949 8.899 32.375 8.330
269 9 2 33.917 8.891 32.343 8.323
270 9 2 33.870 8.868 32.295 8.299
271 9 2 33.806 8.845 32.232 8.276
272 9 2 33.759 8.822 32.185 8.253
274 9 2 33.648 8.791 32.074 8.223
275 9 2 33.601 8.768 32.026 8.199
276 9 2 33.553 8.745 31.979 8.176
277 9 2 33.490 8.722 31.916 8.153
278 9 2 33.442 8.699 31.868 8.130
279 9 2 33.395 8.691 31.821 8.123
280 9 2 33.332 8.668 31.757 8.099
281 9 2 33.268 8.645 31.694 8.076
282 9 2 33.221 8.622 31.647 8.053
284 9 2 33.094 8.592 31.520 8.023
285 9 2 33.063 8.568 31.488 8.000
286 9 2 32.999 8.545 31.425 7.976
287 9 2 32.952 8.538 31.378 7.969
288 9 2 32.873 8.515 31.299 7.946
289 9 2 32.825 8.492 31.251 7.923
290 9 2 32.746 8.469 31.172 7.900
291 9 2 32.699 8.461 31.125 7.892
292 9 2 32.620 8.438 31.045 7.870
293 9 2 32.572 8.415 30.998 7.846
294 9 2 32.493 8.392 30.919 7.823
295 9 2 32.430 8.369 30.856 7.800
296 9 2 32.367 8.346 30.792 7.777
297 9 2 32.288 8.339 30.713 7.770
298 9 2 32.209 8.316 30.634 7.747
299 9 2 32.146 8.309 30.571 7.740
300 9 2 32.066 8.286 30.492 7.717
301 9 2 31.987 8.279 30.413 7.710
302 9 2 31.924 8.255 30.350 7.687
303 9 2 31.861 8.248 30.286 7.679
304 9 2 31.782 8.225 30.207 7.656
305 9 2 31.703 8.218 30.128 7.649
306 9 2 31.640 8.195 30.065 7.626
307 9 2 31.576 8.188 30.002 7.619
308 9 2 31.497 8.180 29.923 7.612
309 9 2 31.403 8.173 29.828 7.605
310 9 2 31.324 8.166 29.749 7.597
311 9 2 31.276 8.159 29.702 7.590
312 9 2 31.182 8.152 29.607 7.583
313 9 2 31.103 8.144 29.528 7.576
314 9 2 31.039 8.137 29.465 7.568
315 9 2 30.960 8.130 29.386 7.561
316 9 2 30.850 8.123 29.275 7.554
317 9 2 30.787 8.131 29.212 7.563
318 9 2 30.692 8.124 29.117 7.555
319 9 2 30.597 8.133 29.022 7.564
320 9 2 30.518 8.126 28.943 7.557
321 9 2 30.408 8.135 28.833 7.566
322 9 2 30.345 8.127 28.770 7.558
323 9 2 30.250 8.120 28.675 7.551
324 9 2 30.155 8.113 28.580 7.544
325 9 2 30.076 8.122 28.501 7.553
326 9 2 29.965 8.115 28.390 7.546
327 9 2 29.902 8.123 28.327 7.554
328 9 2 29.807 8.116 28.232 7.547
329 9 2 29.728 8.125 28.153 7.556
330 9 2 29.618 8.118 28.043 7.549
331 9 2 29.539 8.126 27.964 7.557
332 9 2 29.444 8.135 27.869 7.566
333 9 2 29.349 8.144 27.774 7.575
334 9 2 29.270 8.152 27.695 7.583
335 9 2 29.192 8.161 27.616 7.592
336 9 2 29.097 8.170 27.521 7.600
337 9 2 29.002 8.194 27.426 7.625
338 9 2 28.923 8.203 27.347 7.633
339 9 2 28.844 8.227 27.268 7.658
340 9 2 28.749 8.236 27.174 7.666
341 9 2 28.655 8.260 27.079 7.691
342 9 2 28.576 8.269 27.000 7.699
343 9 2 28.497 8.293 26.921 7.724
344 9 2 28.402 8.302 26.826 7.732
345 9 2 28.323 8.326 26.747 7.757
346 9 2 28.244 8.350 26.668 7.781
347 9 2 28.149 8.375 26.573 7.805
348 9 2 28.055 8.399 26.478 7.830
349 9 2 27.976 8.424 26.399 7.854
350 9 2 27.897 8.432 26.320 7.863
351 9 2 27.802 8.457 26.225 7.887
352 9 2 27.723 8.481 26.146 7.911
353 9 2 27.644 8.505 26.067 7.936
354 9 2 27.549 8.530 25.973 7.960
355 9 2 27.470 8.554 25.894 7.984
356 9 2 27.391 8.578 25.815 8.009
357 9 2 27.296 8.603 25.720 8.033
358 9 2 27.217 8.627 25.641 8.058
359 9 2 27.138 8.667 25.562 8.098
360 9 2 27.044 8.692 25.467 8.122
361 9 2 26.965 8.732 25.388 8.162
362 9 2 26.879 9.080 25.340 8.194
363 9 2 26.744 9.065 25.269 8.195
364 9 2 26.791 8.915 25.230 8.345
365 9 2 26.712 8.939 25.151 8.369
366 9 2 26.579 9.256 25.103 8.228
367 9 2 26.508 9.248 24.992 8.221
368 9 2 26.617 8.948 25.056 8.378
369 9 2 26.538 8.972 24.977 8.402
370 9 2 26.318 9.361 24.755 8.302
371 9 2 26.144 9.402 24.636 8.326
372 9 2 26.443 8.981 24.882 8.411
373 9 2 26.364 9.005 24.803 8.435
374 9 2 26.049 9.537 24.438 8.486
375 9 2 26.277 9.022 24.716 8.452
376 9 2 26.198 9.046 24.636 8.476
377 9 2 26.103 9.086 24.541 8.516
378 9 2 26.024 9.127 24.462 8.557
379 9 2 25.961 9.167 24.399 8.597
380 9 2 25.882 9.191 24.320 8.621
381 9 2 25.787 9.231 24.225 8.661
382 9 2 25.708 9.271 24.146 8.701
383 9 2 25.645 9.311 24.083 8.741
384 9 2 25.566 9.352 24.003 8.781
385 9 2 25.471 9.392 23.908 8.822
386 9 2 25.392 9.416 23.829 8.846
387 9 2 25.328 9.456 23.766 8.886
388 9 2 25.249 9.496 23.687 8.926
389 9 2 25.154 9.537 23.592 8.967
390 9 2 25.075 9.577 23.513 9.007
391 9 2 25.012 9.617 23.449 9.047
392 9 2 24.933 9.657 23.370 9.087
393 9 2 24.838 9.698 23.275 9.127
394 9 2 24.759 9.738 23.196 9.167
395 9 2 24.695 9.778 23.132 9.207
396 9 2 24.616 9.818 23.053 9.248
397 9 2 24.521 9.858 22.958 9.288
398 9 2 24.442 9.899 22.879 9.328
399 9 2 24.379 9.939 22.816 9.368
400 9 2 24.300 9.979 22.736 9.408
401 9 2 24.220 10.035 22.657 9.464
402 9 2 24.157 10.075 22.594 9.504
403 9 2 24.078 10.115 22.514 9.545
404 9 2 23.983 10.156 22.419 9.585
405 9 2 23.904 10.196 22.340 9.625
406 9 2 23.840 10.236 22.277 9.665
407 9 2 23.453 10.904 21.983 9.668
408 9 2 23.753 10.268 22.189 9.698
409 9 2 23.674 10.309 22.110 9.738
410 9 2 23.595 10.333 22.031 9.762
411 9 2 23.515 10.389 21.951 9.818
412 9 2 23.452 10.429 21.888 9.858
413 9 2 23.373 10.469 21.809 9.899
414 9 2 23.293 10.510 21.729 9.939
415 9 2 23.214 10.566 21.650 9.995
416 9 2 23.135 10.606 21.571 10.035
417 9 2 23.056 10.646 21.491 10.075
418 9 2 22.976 10.687 21.412 10.116
419 9 2 22.897 10.727 21.332 10.156
420 9 2 22.834 10.767 21.269 10.196
421 9 2 22.754 10.823 21.190 10.252
422 9 2 22.263 11.176 20.824 10.540
423 9 2 22.072 11.312 20.666 10.740
424 9 2 22.088 11.597 20.546 10.480
425 9 2 22.136 11.296 20.586 10.724
426 9 2 22.056 11.336 20.507 10.765
427 9 2 21.961 11.377 20.411 10.805
428 9 2 21.882 11.417 20.332 10.846
429 9 2 21.802 11.457 20.252 10.886
430 9 2 21.707 11.514 20.157 10.942
431 9 2 21.627 11.554 20.077 10.983
432 9 2 21.453 11.936 19.926 10.865
433 9 2 21.556 11.586 20.006 11.015
434 9 2 21.477 11.627 19.926 11.055
435 9 2 21.318 12.207 19.696 11.010
436 9 2 21.223 12.216 19.592 11.074
437 9 2 21.381 11.651 19.831 11.080
438 9 2 20.785 11.998 19.346 11.425
439 9 2 20.849 11.981 19.306 11.410
440 9 2 20.761 12.022 19.218 11.450
441 9 2 20.674 12.062 19.131 11.490
442 9 2 20.586 12.103 19.043 11.531
443 9 2 20.602 12.507 19.075 11.340
444 9 2 20.491 12.135 18.948 11.563
445 9 2 20.403 12.176 18.860 11.604
446 9 2 20.316 12.201 18.773 11.629
447 9 2 20.228 12.241 18.685 11.669
448 9 2 20.141 12.282 18.598 11.709
449 9 2 20.133 12.654 18.455 11.600
450 9 2 20.045 12.314 18.502 11.742
451 9 2 19.958 12.339 18.415 11.767
452 9 2 19.870 12.363 18.327 11.791
453 9 2 19.783 12.404 18.239 11.832
454 9 2 19.695 12.444 18.152 11.872
455 9 2 19.592 12.485 18.048 11.913
456 9 2 19.520 12.510 17.977 11.937
457 9 2 19.417 12.550 17.873 11.978
458 9 2 19.138 12.926 17.610 11.981
459 9 2 19.154 12.727 17.618 12.155
460 9 2 19.058 12.752 17.522 12.180
461 9 2 18.979 12.777 17.443 12.204
462 9 2 18.867 12.802 17.331 12.229
463 9 2 18.788 12.842 17.251 12.270
464 9 2 18.676 12.867 17.140 12.294
465 9 2 18.596 12.892 17.060 12.319
466 9 2 18.485 12.917 16.948 12.344
467 9 2 18.405 12.941 16.869 12.369
468 9 2 18.310 12.966 16.773 12.393
469 9 2 18.214 12.991 16.677 12.418
470 9 2 18.118 13.015 16.582 12.443
471 9 2 18.023 13.056 16.486 12.483
472 9 2 17.927 13.081 16.390 12.508
473 9 2 17.831 13.121 16.294 12.549
474 9 2 17.752 13.146 16.215 12.573
475 9 2 17.672 13.171 16.135 12.598
476 9 2 17.807 13.527 15.768 12.522
477 9 2 17.392 13.539 15.808 12.538
478 9 2 17.424 13.539 15.609 12.587
479 9 2 17.385 13.531 15.601 12.579
480 9 2 17.529 13.164 15.991 12.591
481 9 2 17.153 13.541 15.505 12.660
482 9 2 17.010 13.582 15.473 12.676
483 9 2 16.930 13.599 15.465 12.676
484 9 2 16.818 13.537 15.497 12.803
485 9 2 16.723 13.569 15.409 12.843
486 9 2 16.650 13.769 15.361 12.725
487 9 2 16.563 13.611 15.385 12.836
488 9 2 16.587 13.587 15.361 12.891
489 9 2 16.555 13.595 15.393 12.867
490 9 2 16.795 13.513 15.313 12.940
491 9 2 16.739 13.522 15.265 12.948
492 9 2 16.691 13.546 15.225 12.972
493 9 2 16.635 13.554 15.177 12.981
494 9 2 16.595 13.579 15.145 13.005
496 9 2 16.699 13.570 15.257 12.996
497 9 2 16.659 13.578 15.225 13.004
498 9 2 16.619 13.586 15.193 13.012
499 9 2 16.555 13.611 15.137 13.037
500 9 2 16.491 13.619 15.081 13.045
502 9 2 16.627 13.610 15.225 13.036
503 9 2 16.627 13.602 15.233 13.028
504 9 2 16.619 13.610 15.233 13.036
505 9 2 16.619 13.602 15.241 13.028
259 9 2 34.329 9.061 32.754 8.492
273 9 2 33.711 8.814 32.137 8.246
283 9 2 33.173 8.615 31.599 8.046
58 10 2 45.546 10.156 43.537 9.200
59 10 2 45.467 10.165 43.459 9.208
60 10 2 45.405 10.189 43.397 9.232
61 10 2 45.327 10.213 43.318 9.256
62 10 2 45.233 10.222 43.224 9.265
63 10 2 45.155 10.246 43.146 9.289
64 10 2 45.092 10.270 43.084 9.314
65 10 2 45.014 10.295 43.005 9.338
66 10 2 44.936 10.303 42.927 9.346
67 10 2 44.873 10.327 42.864 9.371
68 10 2 44.795 10.352 42.786 9.395
69 10 2 44.693 10.376 42.684 9.419
70 10 2 44.615 10.385 42.606 9.428
71 10 2 44.560 10.393 42.551 9.436
72 10 2 44.482 10.402 42.473 9.445
73 10 2 44.364 10.427 42.355 9.469
74 10 2 44.309 10.435 42.300 9.478
75 10 2 44.231 10.459 42.222 9.502
76 10 2 44.113 10.468 42.104 9.511
77 10 2 44.043 10.477 42.034 9.520
78 10 2 44.074 10.421 42.059 9.645
79 10 2 43.941 10.493 41.933 9.623
80 10 2 43.949 10.493 41.941 9.623
81 10 2 43.878 10.494 41.870 9.623
82 10 2 43.776 10.511 41.768 9.640
83 10 2 43.706 10.511 41.697 9.641
84 10 2 43.604 10.528 41.595 9.657
85 10 2 43.517 10.529 41.509 9.658
86 10 2 43.431 10.530 41.422 9.659
87 10 2 43.241 10.484 41.125 9.772
88 10 2 43.218 10.484 41.023 9.788
89 10 2 43.069 10.486 41.007 9.812
90 10 2 43.069 10.541 41.014 9.749
91 10 2 42.999 10.541 40.944 9.750
92 10 2 42.809 10.480 40.740 9.807
93 10 2 42.723 10.536 40.653 9.776
94 10 2 42.660 10.513 40.630 9.815
95 10 2 42.574 10.506 40.418 9.841
96 10 2 42.527 10.546 40.472 9.801
97 10 2 42.441 10.562 40.386 9.818
98 10 2 42.354 10.579 40.300 9.834
99 10 2 42.276 10.588 40.213 9.858
100 10 2 42.229 10.604 40.135 9.859
101 10 2 42.143 10.612 39.915 9.893
102 10 2 42.017 10.629 39.923 9.893
103 10 2 41.938 10.630 39.828 9.901
104 10 2 41.836 10.639 39.758 9.926
105 10 2 41.727 10.687 39.656 9.927
106 10 2 41.608 10.665 39.608 9.903
107 10 2 41.531 10.728 39.514 9.904
108 10 2 41.475 10.713 39.349 9.984
109 10 2 41.405 10.769 39.248 10.048
110 10 2 41.295 10.770 39.201 10.104
111 10 2 41.240 10.802 39.106 10.089
112 10 2 41.154 10.826 39.067 10.097
113 10 2 41.021 10.851 38.949 10.106
114 10 2 40.958 10.875 38.855 10.107
115 10 2 40.887 10.868 38.808 10.131
116 10 2 40.848 10.861 38.580 10.157
117 10 2 40.738 10.870 38.603 10.141
118 10 2 40.659 10.918 38.532 10.134
119 10 2 40.644 10.949 38.469 10.111
120 10 2 40.486 10.935 38.446 10.182
121 10 2 40.494 10.903 38.454 10.197
122 10 2 40.110 11.033 38.500 10.110
123 10 2 40.008 11.050 38.398 10.127
124 10 2 39.944 11.042 38.320 10.175
125 10 2 40.132 10.962 38.140 10.255
126 10 2 39.960 11.042 37.990 10.288
127 10 2 39.976 11.011 37.990 10.304
128 10 2 39.812 11.123 37.809 10.243
129 10 2 39.803 11.036 37.817 10.329
130 10 2 39.685 11.100 37.683 10.307
131 10 2 39.403 11.166 37.801 10.314
132 10 2 39.292 11.159 37.659 10.291
133 10 2 39.410 11.166 37.448 10.380
134 10 2 39.379 11.158 37.361 10.412
135 10 2 39.276 11.159 37.290 10.366
136 10 2 39.064 11.193 37.447 10.364
137 10 2 39.190 11.176 37.086 10.470
138 10 2 39.143 11.184 37.062 10.486
139 10 2 39.009 11.201 36.849 10.464
140 10 2 38.899 11.218 36.786 10.481
141 10 2 38.876 11.257 36.755 10.481
142 10 2 38.734 11.259 36.684 10.489
143 10 2 38.474 11.285 36.786 10.465
144 10 2 38.592 11.229 36.471 10.483
145 10 2 38.537 11.245 36.353 10.500
146 10 2 38.395 11.254 36.274 10.517
147 10 2 38.316 11.279 36.274 10.533
148 10 2 38.269 11.295 36.267 10.533
149 10 2 38.167 11.327 36.148 10.534
150 10 2 38.096 11.328 36.069 10.511
151 10 2 37.900 11.417 36.180 10.510
152 10 2 37.790 11.433 36.172 10.518
153 10 2 37.837 11.386 35.857 10.584
154 10 2 37.774 11.394 35.755 10.640
155 10 2 37.734 11.363 35.803 10.663
156 10 2 37.600 11.404 35.582 10.673
157 10 2 37.561 11.380 35.629 10.680
158 10 2 37.474 11.397 35.542 10.697
159 10 2 37.388 11.413 35.456 10.714
160 10 2 37.317 11.430 35.385 10.730
161 10 2 37.192 11.549 35.132 10.709
162 10 2 37.128 11.471 35.196 10.771
163 10 2 37.057 11.488 35.125 10.788
164 10 2 36.986 11.504 35.054 10.804
165 10 2 36.884 11.505 34.952 10.805
166 10 2 36.813 11.521 34.881 10.821
167 10 2 36.687 11.602 34.628 10.840
168 10 2 36.624 11.563 34.692 10.863
169 10 2 36.553 11.579 34.621 10.879
170 10 2 36.546 11.682 34.463 10.841
171 10 2 36.467 11.604 34.534 10.904
172 10 2 36.396 11.620 34.463 10.920
173 10 2 36.325 11.637 34.392 10.936
174 10 2 36.238 11.653 34.306 10.953
175 10 2 36.026 11.750 33.872 10.973
176 10 2 35.995 11.766 33.927 10.980
177 10 2 35.861 11.807 33.808 10.950
178 10 2 35.805 11.728 33.872 11.028
179 10 2 35.718 11.745 33.785 11.045
180 10 2 35.647 11.762 33.714 11.061
181 10 2 35.561 11.778 33.628 11.078
182 10 2 35.490 11.795 33.557 11.094
183 10 2 35.530 11.873 33.375 11.104
184 10 2 35.419 11.835 33.486 11.134
185 10 2 35.348 11.851 33.415 11.151
186 10 2 35.246 11.884 33.312 11.183
187 10 2 35.175 11.900 33.241 11.200
188 10 2 35.072 11.901 33.139 11.201
189 10 2 34.813 12.078 33.099 11.170
190 10 2 34.726 12.063 32.996 11.163
191 10 2 34.813 12.014 32.776 11.236
192 10 2 34.521 12.112 32.926 11.219
193 10 2 34.678 12.008 32.768 11.307
194 10 2 34.599 12.024 32.689 11.323
195 10 2 34.536 12.041 32.626 11.340
196 10 2 34.457 12.057 32.547 11.356
197 10 2 34.363 12.074 32.453 11.373
198 10 2 34.268 12.091 32.358 11.390
199 10 2 34.189 12.107 32.279 11.406
200 10 2 34.126 12.124 32.216 11.423
201 10 2 34.047 12.140 32.137 11.439
202 10 2 33.937 12.157 32.026 11.456
203 10 2 33.787 12.222 31.687 11.499
204 10 2 33.700 12.207 31.789 11.506
205 10 2 33.574 12.232 31.513 11.540
206 10 2 33.361 12.337 31.694 11.483
207 10 2 33.314 12.305 31.647 11.499
208 10 2 33.432 12.249 31.537 11.556
209 10 2 33.147 12.244 31.521 11.603
210 10 2 33.282 12.266 31.394 11.581
211 10 2 33.108 12.323 30.991 11.569
212 10 2 33.005 12.285 31.118 11.599
213 10 2 32.918 12.301 31.031 11.616
214 10 2 32.847 12.318 30.960 11.632
215 10 2 32.744 12.319 30.857 11.633
216 10 2 32.642 12.336 30.754 11.650
217 10 2 32.539 12.352 30.651 11.667
218 10 2 32.436 12.369 30.549 11.683
219 10 2 32.334 12.386 30.446 11.700
220 10 2 32.231 12.403 30.343 11.717
221 10 2 32.128 12.404 30.240 11.718
222 10 2 32.025 12.405 30.137 11.719
223 10 2 31.907 12.406 30.019 11.720
224 10 2 31.804 12.423 29.916 11.737
225 10 2 31.685 12.424 29.797 11.738
226 10 2 31.582 12.441 29.694 11.755
227 10 2 31.464 12.442 29.576 11.756
228 10 2 31.361 12.443 29.473 11.757
229 10 2 31.242 12.444 29.354 11.758
230 10 2 31.139 12.445 29.251 11.759
231 10 2 31.005 12.446 29.116 11.760
232 10 2 30.902 12.447 29.013 11.761
233 10 2 30.767 12.449 28.879 11.763
234 10 2 30.649 12.450 28.760 11.764
235 10 2 30.514 12.451 28.625 11.765
236 10 2 30.395 12.436 28.506 11.750
237 10 2 30.260 12.438 28.372 11.752
238 10 2 30.063 12.455 28.491 11.861
239 10 2 30.213 12.494 28.332 11.815
240 10 2 29.769 12.419 28.221 11.777
241 10 2 29.936 12.433 28.063 11.762
242 10 2 29.611 12.412 28.039 11.747
243 10 2 29.730 12.435 27.682 11.639
244 10 2 29.658 12.396 27.531 11.625
245 10 2 29.531 12.358 27.349 11.635
246 10 2 29.381 12.327 27.516 11.665
247 10 2 29.254 12.305 27.389 11.642
248 10 2 29.111 12.298 27.246 11.636
249 10 2 28.984 12.276 27.119 11.613
250 10 2 28.509 12.233 26.985 11.646
251 10 2 28.683 12.263 26.826 11.608
252 10 2 28.223 12.204 26.850 11.631
253 10 2 28.112 12.158 26.620 11.610
254 10 2 28.303 12.211 26.453 11.564
255 10 2 28.176 12.189 26.326 11.541
256 10 2 28.033 12.166 26.183 11.519
257 10 2 27.890 12.144 26.041 11.497
258 10 2 27.763 12.106 25.914 11.458
260 10 2 27.478 12.061 25.628 11.414
261 10 2 27.367 12.038 25.517 11.391
262 10 2 27.208 12.000 25.358 11.353
263 10 2 27.081 11.977 25.231 11.330
264 10 2 26.938 11.955 25.088 11.308
265 10 2 26.827 11.932 24.977 11.285
266 10 2 26.668 11.894 24.818 11.247
267 10 2 26.542 11.872 24.691 11.224
268 10 2 26.399 11.834 24.549 11.186
269 10 2 26.288 11.811 24.437 11.164
270 10 2 26.145 11.773 24.295 11.125
271 10 2 25.795 11.689 24.064 11.009
272 10 2 25.621 11.643 23.826 10.884
274 10 2 25.517 11.565 23.683 10.917
275 10 2 25.390 11.527 23.556 10.879
276 10 2 25.263 11.488 23.429 10.841
277 10 2 25.120 11.450 23.286 10.802
278 10 2 24.978 11.428 23.143 10.780
279 10 2 24.866 11.389 23.032 10.741
280 10 2 24.708 11.367 22.873 10.719
281 10 2 24.581 11.328 22.746 10.681
282 10 2 24.454 11.290 22.619 10.642
284 10 2 24.025 11.262 22.556 10.627
285 10 2 23.914 11.256 22.421 10.589
286 10 2 24.081 11.238 22.262 10.598
287 10 2 23.954 11.208 22.135 10.568
288 10 2 23.588 11.156 22.055 10.489
289 10 2 23.414 11.102 21.865 10.428
290 10 2 23.549 11.085 21.746 10.445
291 10 2 23.421 11.054 21.618 10.414
292 10 2 23.294 11.024 21.491 10.384
293 10 2 22.874 10.988 21.364 10.314
294 10 2 23.024 10.971 21.229 10.331
295 10 2 22.905 10.940 21.110 10.300
296 10 2 22.770 10.910 20.975 10.270
297 10 2 22.635 10.880 20.840 10.240
298 10 2 22.214 10.844 20.649 10.186
299 10 2 22.334 10.835 20.546 10.195
300 10 2 22.207 10.820 20.419 10.180
301 10 2 21.849 10.760 20.276 10.110
302 10 2 21.714 10.714 20.133 10.104
303 10 2 21.603 10.715 20.038 10.089
304 10 2 21.706 10.714 19.942 10.089
305 10 2 21.587 10.699 19.823 10.075
306 10 2 21.222 10.679 19.720 10.028
307 10 2 21.063 10.609 19.474 10.038
308 10 2 21.150 10.632 19.402 10.015
309 10 2 21.031 10.610 19.283 9.993
310 10 2 20.705 10.597 19.196 9.946
311 10 2 20.824 10.580 19.084 9.963
312 10 2 20.697 10.557 18.957 9.940
313 10 2 20.570 10.551 18.830 9.933
314 10 2 20.443 10.528 18.703 9.911
315 10 2 20.109 10.563 18.425 9.708
316 10 2 19.926 10.541 18.226 9.702
317 10 2 19.807 10.542 18.115 9.663
318 10 2 19.823 10.407 18.107 9.790
319 10 2 19.585 10.401 17.987 9.759
320 10 2 19.426 10.387 17.813 9.769
321 10 2 19.322 10.459 17.590 9.644
322 10 2 19.315 10.356 17.614 9.739
323 10 2 19.195 10.349 17.494 9.732
324 10 2 18.933 10.391 17.367 9.725
325 10 2 18.758 10.369 17.208 9.742
326 10 2 18.599 10.379 17.017 9.712
327 10 2 18.456 10.356 16.938 9.713
328 10 2 18.368 10.357 16.787 9.714
329 10 2 18.241 10.342 16.651 9.700
330 10 2 18.138 10.415 16.461 9.567
331 10 2 18.130 10.296 16.476 9.678
332 10 2 17.907 10.377 16.317 9.679
333 10 2 17.772 10.370 16.198 9.712
334 10 2 17.645 10.364 16.094 9.705
335 10 2 17.692 10.339 16.063 9.721
336 10 2 17.581 10.348 15.951 9.730
337 10 2 17.470 10.357 15.840 9.739
338 10 2 17.167 10.542 15.450 9.624
339 10 2 16.904 10.442 15.505 9.766
340 10 2 16.841 10.458 15.473 9.758
341 10 2 16.793 10.601 15.315 9.672
342 10 2 16.928 10.441 15.330 9.822
343 10 2 16.857 10.450 15.266 9.831
344 10 2 16.801 10.474 15.218 9.855
345 10 2 16.721 10.483 15.147 9.864
346 10 2 16.658 10.507 15.091 9.888
348 10 2 16.793 10.498 15.234 9.879
349 10 2 16.737 10.506 15.186 9.887
351 10 2 16.825 10.498 15.282 9.878
352 10 2 16.817 10.537 15.282 9.918
353 10 2 16.809 10.514 15.282 9.894
354 10 2 16.809 10.490 15.290 9.870
355 10 2 16.817 10.482 15.306 9.862
356 10 2 16.809 10.458 15.306 9.839
357 10 2 16.817 10.434 15.322 9.815
358 10 2 16.801 10.427 15.314 9.807
359 10 2 16.801 10.419 15.322 9.799
360 10 2 16.793 10.427 15.322 9.807
361 10 2 16.801 10.419 15.338 9.799
362 10 2 16.785 10.427 15.330 9.807
363 10 2 16.785 10.419 15.338 9.799
364 10 2 16.777 10.411 15.338 9.791
365 10 2 16.769 10.403 15.338 9.783
366 10 2 16.769 10.411 15.346 9.791
367 10 2 16.761 10.403 15.338 9.783
368 10 2 16.769 10.411 15.346 9.791
369 10 2 16.761 10.403 15.338 9.783
370 10 2 16.769 10.411 15.346 9.791
371 10 2 16.761 10.403 15.338 9.783
372 10 2 16.769 10.411 15.346 9.791
373 10 2 16.761 10.403 15.338 9.783
374 10 2 16.769 10.411 15.346 9.791
375 10 2 16.761 10.403 15.338 9.783
376 10 2 16.769 10.411 15.346 9.791
377 10 2 16.769 10.403 15.346 9.783
378 10 2 16.769 10.395 15.346 9.775
379 10 2 16.769 10.387 15.346 9.767
380 10 2 16.769 10.395 15.346 9.775
381 10 2 16.769 10.387 15.346 9.767
382 10 2 16.769 10.395 15.346 9.775
383 10 2 16.769 10.403 15.346 9.783
384 10 2 16.769 10.411 15.346 9.791
385 10 2 16.761 10.403 15.338 9.783
386 10 2 16.769 10.395 15.346 9.775
387 10 2 16.761 10.387 15.338 9.767
388 10 2 16.769 10.379 15.346 9.759
389 10 2 16.761 10.372 15.338 9.751
390 10 2 16.777 10.379 15.354 9.759
391 10 2 16.769 10.372 15.346 9.751
392 10 2 16.769 10.379 15.346 9.759
393 10 2 16.769 10.372 15.346 9.751
394 10 2 16.761 10.380 15.338 9.759
395 10 2 16.761 10.372 15.338 9.751
396 10 2 16.761 10.380 15.338 9.759
397 10 2 16.769 10.372 15.346 9.751
398 10 2 16.761 10.380 15.338 9.759
399 10 2 16.777 10.372 15.354 9.751
400 10 2 16.769 10.379 15.346 9.759
401 10 2 16.777 10.372 15.354 9.751
402 10 2 16.761 10.380 15.338 9.759
403 10 2 16.769 10.372 15.346 9.751
404 10 2 16.761 10.380 15.338 9.759
405 10 2 16.777 10.372 15.354 9.751
406 10 2 16.769 10.379 15.346 9.759
407 10 2 16.777 10.372 15.354 9.751
408 10 2 16.769 10.364 15.346 9.743
409 10 2 16.769 10.356 15.346 9.735
410 10 2 16.777 10.348 15.354 9.727
411 10 2 16.769 10.340 15.346 9.719
412 10 2 16.777 10.348 15.354 9.727
413 10 2 16.777 10.340 15.354 9.719
414 10 2 16.777 10.348 15.354 9.727
415 10 2 16.769 10.340 15.346 9.719
416 10 2 16.777 10.348 15.354 9.727
417 10 2 16.769 10.340 15.346 9.719
418 10 2 16.777 10.332 15.354 9.711
419 10 2 16.785 10.324 15.362 9.703
420 10 2 16.793 10.332 15.370 9.711
421 10 2 16.785 10.324 15.362 9.703
422 10 2 16.793 10.332 15.370 9.711
423 10 2 16.777 10.324 15.354 9.704
424 10 2 16.777 10.332 15.354 9.711
425 10 2 16.793 10.324 15.370 9.703
426 10 2 16.777 10.316 15.354 9.696
427 10 2 16.785 10.308 15.362 9.688
428 10 2 16.793 10.316 15.370 9.695
429 10 2 16.777 10.308 15.354 9.688
430 10 2 16.785 10.316 15.362 9.696
431 10 2 16.793 10.308 15.370 9.688
432 10 2 16.785 10.316 15.362 9.696
433 10 2 16.793 10.308 15.370 9.688
434 10 2 16.785 10.316 15.362 9.696
435 10 2 16.785 10.308 15.362 9.688
436 10 2 16.777 10.316 15.354 9.696
437 10 2 16.785 10.308 15.362 9.688
438 10 2 16.777 10.316 15.354 9.696
439 10 2 16.785 10.308 15.362 9.688
440 10 2 16.785 10.316 15.362 9.696
441 10 2 16.785 10.308 15.362 9.688
442 10 2 16.777 10.316 15.354 9.696
443 10 2 16.793 10.308 15.370 9.688
444 10 2 16.777 10.316 15.354 9.696
445 10 2 16.793 10.308 15.370 9.688
446 10 2 16.785 10.316 15.362 9.696
447 10 2 16.785 10.308 15.362 9.688
448 10 2 16.777 10.316 15.354 9.696
449 10 2 16.793 10.308 15.370 9.688
450 10 2 16.777 10.300 15.354 9.680
451 10 2 16.793 10.292 15.370 9.672
452 10 2 16.785 10.300 15.362 9.680
453 10 2 16.793 10.308 15.370 9.688
454 10 2 16.777 10.316 15.354 9.696
455 10 2 16.793 10.308 15.370 9.688
456 10 2 16.777 10.300 15.354 9.680
457 10 2 16.793 10.308 15.370 9.688
458 10 2 16.785 10.300 15.362 9.680
459 10 2 16.785 10.292 15.362 9.672
460 10 2 16.777 10.300 15.354 9.680
461 10 2 16.777 10.292 15.354 9.672
462 10 2 16.777 10.300 15.354 9.680
463 10 2 16.785 10.292 15.362 9.672
464 10 2 16.785 10.300 15.362 9.680
465 10 2 16.785 10.292 15.362 9.672
466 10 2 16.777 10.300 15.354 9.680
467 10 2 16.785 10.292 15.362 9.672
468 10 2 16.777 10.300 15.354 9.680
469 10 2 16.785 10.292 15.362 9.672
470 10 2 16.785 10.300 15.362 9.680
471 10 2 16.785 10.292 15.362 9.672
472 10 2 16.777 10.300 15.354 9.680
473 10 2 16.785 10.292 15.362 9.672
474 10 2 16.777 10.300 15.354 9.680
475 10 2 16.785 10.308 15.362 9.688
476 10 2 16.785 10.316 15.362 9.696
477 10 2 16.785 10.324 15.362 9.703
478 10 2 16.777 10.316 15.354 9.696
479 10 2 16.785 10.308 15.362 9.688
480 10 2 16.777 10.316 15.354 9.696
481 10 2 16.785 10.308 15.362 9.688
482 10 2 16.785 10.316 15.362 9.696
483 10 2 16.785 10.308 15.362 9.688
484 10 2 16.777 10.316 15.354 9.696
485 10 2 16.785 10.308 15.362 9.688
486 10 2 16.777 10.316 15.354 9.696
487 10 2 16.785 10.324 15.362 9.703
488 10 2 16.777 10.332 15.354 9.711
489 10 2 16.769 10.324 15.346 9.704
490 10 2 16.769 10.316 15.346 9.696
491 10 2 16.762 10.308 15.338 9.688
492 10 2 16.777 10.316 15.354 9.696
493 10 2 16.777 10.308 15.354 9.688
494 10 2 16.769 10.316 15.346 9.696
495 10 2 16.777 10.308 15.354 9.688
496 10 2 16.761 10.316 15.338 9.696
497 10 2 16.762 10.308 15.338 9.688
498 10 2 16.777 10.300 15.354 9.680
499 10 2 16.769 10.292 15.346 9.672
500 10 2 16.769 10.300 15.346 9.680
501 10 2 16.769 10.292 15.346 9.672
502 10 2 16.762 10.285 15.338 9.664
503 10 2 16.762 10.277 15.338 9.656
504 10 2 16.754 10.269 15.338 9.648
505 10 2 16.746 10.261 15.338 9.640
259 10 2 27.621 12.083 25.771 11.436
273 10 2 25.644 11.587 23.810 10.940
283 10 2 24.327 11.252 22.492 10.604
