0 0 1 31.218 3.467 30.563 2.602
1 0 1 31.240 3.489 30.555 2.587
2 0 1 31.248 3.519 30.563 2.617
3 0 1 31.255 3.564 30.570 2.661
4 0 1 31.248 3.608 30.563 2.706
5 0 1 31.248 3.758 30.586 2.788
6 0 1 31.248 3.750 30.586 2.796
7 0 1 31.256 3.788 30.593 2.833
8 0 1 31.248 3.825 30.586 2.870
9 0 1 31.241 3.862 30.578 2.908
10 0 1 31.233 3.803 30.518 3.005
11 0 1 31.218 3.840 30.533 2.960
12 0 1 31.218 3.877 30.533 2.997
13 0 1 31.218 3.915 30.533 3.035
14 0 1 31.218 3.937 30.533 3.057
15 0 1 31.219 3.989 30.534 3.109
16 0 1 31.219 4.027 30.534 3.147
17 0 1 31.219 4.079 30.534 3.199
18 0 1 31.219 4.116 30.534 3.236
19 0 1 31.219 4.169 30.534 3.289
20 0 1 31.279 4.370 30.594 3.401
21 0 1 31.272 4.333 30.587 3.430
22 0 1 31.272 4.363 30.587 3.460
23 0 1 31.272 4.408 30.587 3.505
24 0 1 31.272 4.453 30.587 3.550
25 0 1 31.340 4.505 30.602 3.640
26 0 1 31.317 4.512 30.624 3.625
27 0 1 31.310 4.557 30.617 3.669
28 0 1 31.317 4.587 30.625 3.699
29 0 1 31.310 4.617 30.617 3.729
30 0 1 31.317 4.662 30.625 3.774
31 0 1 31.310 4.707 30.617 3.819
32 0 1 31.317 4.751 30.625 3.864
33 0 1 31.310 4.796 30.617 3.909
34 0 1 31.303 4.826 30.610 3.938
35 0 1 31.295 4.856 30.602 3.968
36 0 1 31.303 4.901 30.610 4.013
37 0 1 31.295 4.931 30.602 4.043
38 0 1 31.288 4.976 30.595 4.088
39 0 1 31.280 5.021 30.588 4.133
40 0 1 31.183 5.118 30.528 4.305
41 0 1 31.198 5.141 30.513 4.268
42 0 1 31.198 5.185 30.513 4.312
43 0 1 31.198 5.230 30.513 4.357
44 0 1 31.198 5.260 30.513 4.387
45 0 1 31.198 5.305 30.513 4.432
46 0 1 31.198 5.365 30.513 4.492
47 0 1 31.198 5.395 30.513 4.522
48 0 1 31.183 5.440 30.498 4.567
49 0 1 31.168 5.455 30.483 4.582
50 0 1 31.183 5.500 30.498 4.626
51 0 1 31.183 5.529 30.498 4.656
52 0 1 31.184 5.559 30.498 4.686
53 0 1 31.184 5.604 30.498 4.731
54 0 1 31.184 5.649 30.498 4.776
55 0 1 31.477 5.671 30.656 4.895
56 0 1 31.327 5.709 30.784 4.850
57 0 1 31.334 5.753 30.792 4.895
58 0 1 31.289 5.798 30.822 4.940
59 0 1 31.297 5.843 30.829 4.985
60 0 1 31.289 5.888 30.822 5.029
61 0 1 31.282 5.933 30.814 5.074
62 0 1 31.274 5.963 30.807 5.104
63 0 1 31.282 5.993 30.815 5.134
64 0 1 31.275 6.038 30.807 5.179
65 0 1 31.771 6.253 30.657 5.209
66 0 1 31.260 6.060 30.792 5.202
67 0 1 31.252 6.090 30.785 5.231
68 0 1 31.245 6.120 30.777 5.261
69 0 1 31.252 6.150 30.785 5.291
70 0 1 31.688 6.254 30.785 5.374
71 0 1 31.237 6.173 30.770 5.314
72 0 1 31.230 6.203 30.762 5.344
73 0 1 31.237 6.233 30.770 5.374
74 0 1 31.230 6.263 30.762 5.404
75 0 1 31.222 6.293 30.755 5.434
76 0 1 31.215 6.323 30.747 5.463
77 0 1 31.207 6.368 30.740 5.508
78 0 1 31.200 6.398 30.732 5.538
79 0 1 31.192 6.428 30.725 5.568
80 0 1 31.185 6.457 30.717 5.598
81 0 1 31.193 6.487 30.725 5.628
82 0 1 31.185 6.517 30.718 5.658
83 0 1 31.178 6.547 30.710 5.688
84 0 1 31.170 6.577 30.703 5.718
85 0 1 31.178 6.592 30.710 5.733
86 0 1 31.185 6.607 30.718 5.748
87 0 1 31.193 6.637 30.725 5.778
88 0 1 31.185 6.667 30.718 5.808
89 0 1 31.193 6.682 30.725 5.823
90 0 1 31.140 6.697 30.522 5.861
91 0 1 31.073 6.705 30.597 5.853
92 0 1 31.080 6.727 30.605 5.876
93 0 1 31.088 6.750 30.613 5.898
94 0 1 31.088 6.787 30.613 5.935
95 0 1 31.208 6.667 30.545 6.078
96 0 1 31.080 6.802 30.605 5.950
97 0 1 31.080 6.825 30.605 5.973
98 0 1 31.088 6.915 30.613 6.063
99 0 1 31.095 6.885 30.620 6.033
100 0 1 31.253 6.794 30.575 6.115
101 0 1 31.118 6.877 30.643 6.025
102 0 1 31.103 6.922 30.628 6.070
103 0 1 31.103 6.945 30.628 6.093
104 0 1 31.111 6.974 30.635 6.122
105 0 1 31.306 7.019 30.598 6.355
106 0 1 31.111 6.967 30.635 6.115
107 0 1 31.111 6.982 30.635 6.130
108 0 1 31.111 7.027 30.635 6.175
109 0 1 31.111 7.049 30.636 6.197
110 0 1 31.322 7.176 30.613 6.430
111 0 1 31.118 7.079 30.643 6.227
112 0 1 31.118 7.102 30.643 6.250
113 0 1 31.118 7.124 30.643 6.272
114 0 1 31.118 7.162 30.643 6.310
115 0 1 31.299 7.251 30.636 6.489
116 0 1 31.201 7.289 30.719 6.444
117 0 1 31.209 7.311 30.726 6.467
118 0 1 31.217 7.341 30.734 6.497
119 0 1 31.209 7.356 30.726 6.512
120 0 1 31.307 7.258 30.576 6.752
121 0 1 31.209 7.394 30.726 6.549
122 0 1 31.217 7.409 30.734 6.564
123 0 1 31.209 7.439 30.726 6.594
124 0 1 31.217 7.469 30.734 6.624
125 0 1 31.209 7.484 30.726 6.639
126 0 1 31.217 7.513 30.734 6.669
127 0 1 31.224 7.543 30.742 6.699
128 0 1 31.232 7.573 30.749 6.729
129 0 1 31.240 7.603 30.757 6.759
130 0 1 31.247 7.618 30.764 6.774
131 0 1 31.255 7.648 30.772 6.803
132 0 1 31.262 7.678 30.779 6.833
133 0 1 31.270 7.693 30.787 6.848
134 0 1 31.277 7.723 30.795 6.878
135 0 1 31.270 7.753 30.787 6.908
136 0 1 31.277 7.783 30.795 6.938
137 0 1 31.270 7.798 30.787 6.953
138 0 1 31.278 7.828 30.795 6.983
139 0 1 31.270 7.843 30.787 6.998
140 0 1 31.278 7.873 30.795 7.028
141 0 1 31.270 7.888 30.787 7.043
142 0 1 31.278 7.903 30.795 7.058
143 0 1 31.270 7.933 30.787 7.088
144 0 1 31.278 7.948 30.795 7.103
145 0 1 31.270 7.978 30.787 7.133
146 0 1 31.263 7.993 30.780 7.148
147 0 1 31.255 8.008 30.772 7.163
148 0 1 31.263 8.023 30.780 7.178
149 0 1 31.255 8.038 30.772 7.193
150 0 1 31.248 8.053 30.765 7.208
151 0 1 31.240 8.083 30.757 7.238
152 0 1 31.248 8.098 30.765 7.253
153 0 1 31.240 8.113 30.757 7.268
154 0 1 31.248 8.113 30.765 7.268
155 0 1 31.240 8.128 30.757 7.283
156 0 1 31.248 8.143 30.765 7.298
157 0 1 31.240 8.158 30.758 7.313
158 0 1 31.248 8.158 30.765 7.313
159 0 1 31.241 8.173 30.758 7.328
160 0 1 31.248 8.188 30.765 7.343
161 0 1 31.256 8.188 30.773 7.343
162 0 1 31.263 8.203 30.780 7.358
163 0 1 31.256 8.203 30.773 7.358
164 0 1 31.263 8.218 30.780 7.373
165 0 1 31.271 8.218 30.788 7.373
166 0 1 31.278 8.233 30.795 7.388
167 0 1 31.286 8.233 30.803 7.388
168 0 1 31.293 8.248 30.810 7.403
169 0 1 31.301 8.263 30.818 7.418
170 0 1 31.323 8.278 30.840 7.433
171 0 1 31.331 8.293 30.848 7.448
172 0 1 31.339 8.293 30.856 7.448
173 0 1 31.346 8.308 30.863 7.463
174 0 1 31.369 8.322 30.886 7.477
175 0 1 31.376 8.337 30.893 7.492
176 0 1 31.384 8.352 30.901 7.507
177 0 1 31.391 8.382 30.908 7.537
178 0 1 31.414 8.397 30.931 7.552
179 0 1 31.422 8.412 30.939 7.567
180 0 1 31.429 8.427 30.946 7.582
181 0 1 31.437 8.457 30.954 7.612
182 0 1 31.444 8.472 30.961 7.627
183 0 1 31.452 8.502 30.969 7.657
184 0 1 31.459 8.517 30.976 7.672
185 0 1 31.610 8.689 30.954 7.769
186 0 1 31.444 8.540 30.961 7.694
187 0 1 31.452 8.569 30.969 7.724
188 0 1 31.459 8.599 30.976 7.754
189 0 1 31.452 8.629 30.969 7.784
190 0 1 31.460 8.659 30.977 7.814
191 0 1 31.452 8.689 30.969 7.844
192 0 1 31.460 8.719 30.977 7.874
193 0 1 31.452 8.764 30.969 7.919
194 0 1 31.460 8.809 30.977 7.964
195 0 1 31.452 8.840 30.969 7.994
196 0 1 31.460 8.869 30.977 8.024
197 0 1 31.452 8.900 30.969 8.054
198 0 1 31.445 8.945 30.962 8.099
199 0 1 31.438 8.990 30.954 8.144
200 0 1 31.430 9.020 30.947 8.174
201 0 1 31.423 9.050 30.939 8.204
202 0 1 31.415 9.080 30.932 8.234
203 0 1 31.393 9.125 30.909 8.280
204 0 1 31.385 9.170 30.902 8.325
205 0 1 31.363 9.200 30.879 8.355
206 0 1 31.355 9.230 30.872 8.385
207 0 1 31.333 9.260 30.849 8.415
208 0 1 31.325 9.305 30.842 8.460
209 0 1 31.303 9.351 30.819 8.505
210 0 1 31.461 9.267 30.804 8.550
211 0 1 31.288 9.358 30.804 8.513
212 0 1 31.265 9.388 30.782 8.543
213 0 1 31.243 9.433 30.759 8.588
214 0 1 31.235 9.478 30.752 8.633
215 0 1 31.371 9.455 30.511 8.882
216 0 1 31.190 9.501 30.707 8.656
217 0 1 31.167 9.531 30.684 8.686
218 0 1 31.160 9.576 30.677 8.731
219 0 1 31.122 9.622 30.639 8.776
220 0 1 31.100 9.667 30.617 8.821
221 0 1 31.077 9.727 30.594 8.881
222 0 1 31.055 9.772 30.572 8.926
223 0 1 31.032 9.802 30.549 8.957
224 0 1 31.010 9.848 30.526 9.002
225 0 1 31.063 10.073 30.429 9.182
226 0 1 30.988 10.043 30.497 9.197
227 0 1 30.973 10.088 30.482 9.242
228 0 1 30.973 10.133 30.482 9.287
229 0 1 30.973 10.163 30.482 9.317
230 0 1 31.010 10.186 30.384 9.438
231 0 1 30.943 10.224 30.444 9.385
232 0 1 30.935 10.246 30.437 9.408
233 0 1 30.943 10.269 30.444 9.430
234 0 1 30.935 10.306 30.437 9.468
235 0 1 31.033 10.313 30.422 9.520
236 0 1 30.973 10.329 30.474 9.498
237 0 1 30.980 10.344 30.482 9.513
238 0 1 30.988 10.374 30.489 9.543
239 0 1 30.981 10.389 30.482 9.558
240 0 1 31.056 10.276 30.362 9.731
241 0 1 30.965 10.396 30.467 9.565
242 0 1 30.958 10.411 30.459 9.580
243 0 1 30.950 10.411 30.452 9.580
244 0 1 30.958 10.426 30.459 9.595
245 0 1 31.033 10.358 30.286 9.777
246 0 1 30.928 10.434 30.429 9.603
247 0 1 30.920 10.434 30.422 9.603
248 0 1 30.913 10.449 30.414 9.618
249 0 1 30.905 10.449 30.407 9.618
250 0 1 30.981 10.389 30.241 9.844
251 0 1 30.890 10.442 30.392 9.611
252 0 1 30.883 10.442 30.384 9.611
253 0 1 30.860 10.442 30.361 9.611
254 0 1 30.852 10.442 30.354 9.611
255 0 1 30.852 10.374 29.924 9.824
256 0 1 30.822 10.435 30.324 9.604
257 0 1 30.800 10.435 30.301 9.604
258 0 1 30.792 10.435 30.294 9.604
259 0 1 30.755 10.435 30.256 9.604
260 0 1 30.867 10.359 29.894 9.846
261 0 1 30.724 10.413 30.226 9.582
262 0 1 30.687 10.413 30.188 9.582
263 0 1 30.649 10.398 30.150 9.567
264 0 1 30.611 10.413 30.113 9.582
265 0 1 30.754 10.307 29.804 9.779
266 0 1 30.551 10.376 30.052 9.545
267 0 1 30.513 10.376 30.015 9.545
268 0 1 30.460 10.377 29.962 9.545
269 0 1 30.408 10.362 29.909 9.531
270 0 1 30.475 10.324 29.645 9.773
271 0 1 30.377 10.355 29.879 9.523
272 0 1 30.340 10.355 29.841 9.524
273 0 1 30.287 10.355 29.788 9.524
274 0 1 30.249 10.355 29.751 9.524
275 0 1 29.985 10.425 29.547 9.593
276 0 1 30.008 10.417 29.517 9.585
277 0 1 29.978 10.432 29.487 9.601
278 0 1 29.933 10.448 29.441 9.616
279 0 1 29.887 10.448 29.396 9.616
280 0 1 30.076 10.477 29.185 9.760
281 0 1 29.835 10.456 29.343 9.624
282 0 1 29.804 10.471 29.313 9.639
283 0 1 29.759 10.501 29.268 9.669
284 0 1 29.729 10.516 29.238 9.685
285 0 1 29.721 10.547 29.117 9.828
286 0 1 29.676 10.524 29.185 9.692
287 0 1 29.646 10.570 29.155 9.738
288 0 1 29.616 10.585 29.124 9.753
289 0 1 29.586 10.615 29.094 9.783
290 0 1 29.699 10.675 28.664 10.026
291 0 1 29.548 10.638 29.057 9.806
292 0 1 29.518 10.668 29.026 9.836
293 0 1 29.488 10.698 28.996 9.866
294 0 1 29.457 10.744 28.966 9.912
295 0 1 29.435 10.827 28.626 10.117
296 0 1 29.405 10.782 28.913 9.950
297 0 1 29.374 10.812 28.883 9.980
298 0 1 29.329 10.857 28.838 10.025
299 0 1 29.284 10.903 28.792 10.071
300 0 1 29.284 10.948 28.792 10.116
301 0 1 29.254 10.993 28.762 10.161
302 0 1 29.239 11.023 28.747 10.191
303 0 1 29.209 11.054 28.717 10.222
304 0 1 29.095 11.423 28.596 10.471
306 0 1 29.088 11.363 28.596 10.523
307 0 1 29.073 11.416 28.581 10.576
308 0 1 29.073 11.469 28.581 10.629
309 0 1 29.058 11.537 28.566 10.696
310 0 1 29.028 11.725 28.362 10.743
311 0 1 29.020 11.582 28.528 10.742
312 0 1 29.005 11.635 28.513 10.795
313 0 1 29.005 11.688 28.513 10.847
314 0 1 29.005 11.740 28.513 10.900
315 0 1 29.020 11.808 28.528 10.968
316 0 1 29.020 11.861 28.528 11.020
317 0 1 29.035 11.913 28.544 11.073
318 0 1 29.035 11.966 28.544 11.126
319 0 1 29.035 12.019 28.544 11.178
320 0 1 29.035 12.071 28.544 11.231
321 0 1 29.036 12.139 28.544 11.299
322 0 1 29.036 12.192 28.544 11.352
323 0 1 29.036 12.260 28.544 11.419
324 0 1 29.036 12.328 28.544 11.487
325 0 1 29.051 12.493 28.362 11.647
326 0 1 29.028 12.388 28.536 11.548
327 0 1 29.028 12.456 28.536 11.615
328 0 1 29.043 12.508 28.551 11.668
329 0 1 29.028 12.561 28.536 11.721
330 0 1 28.998 12.614 28.506 11.774
331 0 1 28.998 12.667 28.506 11.826
332 0 1 28.983 12.720 28.491 11.879
333 0 1 28.983 12.758 28.491 11.917
334 0 1 28.930 13.097 28.438 12.106
335 0 1 28.975 12.803 28.484 11.962
336 0 1 28.960 12.856 28.468 12.015
337 0 1 28.960 12.924 28.468 12.083
338 0 1 28.960 12.992 28.468 12.151
339 0 1 28.976 13.059 28.484 12.218
340 0 1 28.991 13.127 28.499 12.286
341 0 1 29.021 13.210 28.529 12.369
342 0 1 28.976 13.557 28.514 12.625
344 0 1 28.984 13.512 28.499 12.663
345 0 1 28.991 13.557 28.507 12.708
346 0 1 28.984 13.602 28.499 12.754
347 0 1 28.991 13.663 28.507 12.814
348 0 1 28.984 13.723 28.499 12.874
349 0 1 28.976 13.768 28.492 12.920
350 0 1 28.969 13.738 28.484 12.889
351 0 1 28.976 13.723 28.491 12.874
352 0 1 28.984 13.738 28.499 12.889
353 0 1 29.037 14.296 28.356 13.622
354 0 1 28.984 13.761 28.499 12.912
355 0 1 28.976 13.746 28.492 12.897
356 0 1 28.953 13.761 28.469 12.912
357 0 1 28.946 13.746 28.461 12.897
358 0 1 28.938 13.761 28.454 12.912
359 0 1 28.931 13.746 28.446 12.897
360 0 1 28.923 13.761 28.439 12.912
361 0 1 28.916 13.746 28.431 12.897
362 0 1 28.923 13.761 28.439 12.912
363 0 1 28.931 13.761 28.446 12.912
364 0 1 28.923 13.761 28.439 12.912
365 0 1 28.931 13.761 28.446 12.912
366 0 1 28.923 13.761 28.439 12.912
367 0 1 28.931 13.761 28.446 12.912
368 0 1 28.923 13.761 28.439 12.912
369 0 1 28.931 13.761 28.446 12.912
370 0 1 28.938 13.761 28.454 12.912
371 0 1 28.946 13.761 28.461 12.912
372 0 1 28.938 13.761 28.454 12.912
373 0 1 28.946 13.761 28.461 12.912
374 0 1 28.938 13.761 28.454 12.912
375 0 1 28.946 13.761 28.461 12.912
376 0 1 28.938 13.761 28.454 12.912
377 0 1 28.946 13.761 28.461 12.912
378 0 1 28.938 13.761 28.454 12.912
379 0 1 28.946 13.761 28.461 12.912
380 0 1 28.938 13.761 28.454 12.912
381 0 1 28.946 13.761 28.461 12.912
382 0 1 28.938 13.761 28.454 12.912
383 0 1 28.946 13.761 28.461 12.912
384 0 1 28.938 13.761 28.454 12.912
385 0 1 28.946 13.761 28.461 12.912
386 0 1 28.938 13.761 28.454 12.912
387 0 1 28.946 13.761 28.461 12.912
388 0 1 28.938 13.761 28.454 12.912
389 0 1 28.946 13.761 28.461 12.912
390 0 1 28.938 13.761 28.454 12.912
391 0 1 28.946 13.761 28.461 12.912
392 0 1 28.938 13.761 28.454 12.912
393 0 1 28.946 13.761 28.461 12.912
394 0 1 28.938 13.761 28.454 12.912
395 0 1 28.946 13.761 28.461 12.912
396 0 1 28.938 13.761 28.454 12.912
397 0 1 28.946 13.761 28.461 12.912
398 0 1 28.938 13.761 28.454 12.912
399 0 1 28.946 13.761 28.461 12.912
400 0 1 28.938 13.761 28.454 12.912
401 0 1 28.946 13.761 28.461 12.912
402 0 1 28.938 13.761 28.454 12.912
403 0 1 28.946 13.761 28.461 12.912
404 0 1 28.938 13.761 28.454 12.912
405 0 1 28.946 13.761 28.461 12.912
406 0 1 28.938 13.761 28.454 12.912
407 0 1 28.946 13.761 28.461 12.912
408 0 1 28.938 13.761 28.454 12.912
409 0 1 28.946 13.761 28.461 12.912
410 0 1 28.938 13.761 28.454 12.912
411 0 1 28.946 13.761 28.461 12.912
412 0 1 28.938 13.761 28.454 12.912
413 0 1 28.946 13.761 28.461 12.912
414 0 1 28.938 13.761 28.454 12.912
415 0 1 28.946 13.761 28.461 12.912
416 0 1 28.938 13.746 28.454 12.897
417 0 1 28.946 13.761 28.461 12.912
418 0 1 28.938 13.746 28.454 12.897
419 0 1 28.946 13.761 28.461 12.912
420 0 1 28.938 13.746 28.454 12.897
421 0 1 28.946 13.761 28.461 12.912
422 0 1 28.938 13.746 28.454 12.897
423 0 1 28.946 13.761 28.461 12.912
424 0 1 28.938 13.746 28.454 12.897
425 0 1 28.946 13.761 28.461 12.912
426 0 1 28.938 13.746 28.454 12.897
427 0 1 28.946 13.761 28.461 12.912
428 0 1 28.938 13.746 28.454 12.897
429 0 1 28.946 13.761 28.461 12.912
430 0 1 28.938 13.746 28.454 12.897
431 0 1 28.946 13.761 28.461 12.912
432 0 1 28.938 13.746 28.454 12.897
433 0 1 28.946 13.761 28.461 12.912
434 0 1 28.938 13.746 28.454 12.897
435 0 1 28.946 13.761 28.461 12.912
436 0 1 28.938 13.746 28.454 12.897
437 0 1 28.946 13.761 28.461 12.912
438 0 1 28.938 13.746 28.454 12.897
439 0 1 28.946 13.761 28.461 12.912
440 0 1 28.938 13.746 28.454 12.897
441 0 1 28.946 13.761 28.461 12.912
442 0 1 28.938 13.746 28.454 12.897
443 0 1 28.946 13.761 28.461 12.912
444 0 1 28.938 13.746 28.454 12.897
445 0 1 28.946 13.761 28.461 12.912
446 0 1 28.938 13.746 28.454 12.897
447 0 1 28.946 13.761 28.461 12.912
448 0 1 28.938 13.746 28.454 12.897
449 0 1 28.946 13.761 28.461 12.912
450 0 1 28.938 13.746 28.454 12.897
451 0 1 28.946 13.761 28.461 12.912
452 0 1 28.938 13.746 28.454 12.897
453 0 1 28.946 13.761 28.461 12.912
454 0 1 28.938 13.746 28.454 12.897
455 0 1 28.946 13.761 28.461 12.912
456 0 1 28.938 13.746 28.454 12.897
457 0 1 28.946 13.761 28.461 12.912
458 0 1 28.938 13.746 28.454 12.897
459 0 1 28.946 13.761 28.461 12.912
460 0 1 28.938 13.746 28.454 12.897
461 0 1 28.946 13.761 28.461 12.912
462 0 1 28.938 13.746 28.454 12.897
463 0 1 28.946 13.761 28.461 12.912
464 0 1 28.938 13.761 28.454 12.912
465 0 1 28.946 13.761 28.461 12.912
466 0 1 28.953 13.761 28.469 12.912
0 5 2 16.951 9.949 16.281 9.226
1 5 2 16.974 9.972 16.273 9.218
2 5 2 16.989 9.971 16.288 9.218
3 5 2 17.005 9.971 16.304 9.218
4 5 2 17.020 9.986 16.319 9.233
5 5 2 17.035 10.001 16.334 9.248
6 5 2 17.050 9.986 16.349 9.233
7 5 2 17.066 10.001 16.365 9.248
8 5 2 17.081 10.001 16.380 9.248
9 5 2 17.112 10.001 16.411 9.248
10 5 2 17.242 9.917 16.272 9.332
11 5 2 17.212 9.932 16.303 9.316
12 5 2 17.227 9.940 16.318 9.324
13 5 2 17.257 9.932 16.349 9.316
14 5 2 17.288 9.939 16.380 9.324
15 5 2 17.372 9.939 16.203 9.385
16 5 2 17.296 9.955 16.280 9.370
17 5 2 17.326 9.962 16.310 9.377
18 5 2 17.357 9.969 16.341 9.384
19 5 2 17.387 9.962 16.372 9.377
20 5 2 17.525 9.931 16.219 9.377
21 5 2 17.418 9.939 16.326 9.369
22 5 2 17.449 9.946 16.356 9.377
23 5 2 17.495 9.938 16.402 9.369
24 5 2 17.541 9.946 16.448 9.376
25 5 2 17.732 9.998 16.257 9.438
26 5 2 17.564 9.930 16.471 9.361
27 5 2 17.610 9.938 16.517 9.368
28 5 2 17.655 9.945 16.563 9.376
29 5 2 17.701 9.937 16.609 9.368
30 5 2 17.808 10.035 16.326 9.422
31 5 2 17.740 9.952 16.647 9.383
32 5 2 17.785 9.959 16.693 9.390
33 5 2 17.816 9.967 16.724 9.397
34 5 2 17.862 9.974 16.770 9.405
35 5 2 18.595 10.152 16.096 9.416
36 5 2 17.915 9.974 16.824 9.405
37 5 2 17.961 9.981 16.869 9.412
38 5 2 18.007 10.004 16.915 9.434
39 5 2 18.053 10.011 16.961 9.442
40 5 2 18.557 10.122 16.494 9.527
41 5 2 18.091 10.026 16.999 9.457
42 5 2 18.137 10.033 17.045 9.464
43 5 2 18.198 10.040 17.106 9.471
44 5 2 18.244 10.063 17.152 9.494
45 5 2 18.733 10.219 16.716 9.541
46 5 2 18.267 10.048 17.175 9.478
47 5 2 18.313 10.055 17.221 9.486
48 5 2 18.359 10.077 17.267 9.508
49 5 2 18.404 10.069 17.313 9.500
50 5 2 18.984 10.316 16.915 9.480
51 5 2 18.458 10.084 17.367 9.515
52 5 2 18.504 10.092 17.412 9.522
53 5 2 18.580 10.099 17.489 9.530
54 5 2 18.626 10.121 17.535 9.552
55 5 2 19.061 10.361 17.435 9.590
56 5 2 18.679 10.121 17.588 9.552
57 5 2 18.741 10.128 17.649 9.559
58 5 2 18.786 10.150 17.695 9.581
59 5 2 18.847 10.158 17.756 9.589
60 5 2 19.366 10.321 17.740 9.740
61 5 2 18.901 10.173 17.810 9.604
62 5 2 18.962 10.180 17.871 9.611
63 5 2 19.023 10.187 17.932 9.618
64 5 2 19.084 10.209 17.993 9.640
65 5 2 19.145 10.217 18.054 9.648
66 5 2 19.206 10.239 18.116 9.670
67 5 2 19.267 10.246 18.177 9.677
68 5 2 19.328 10.253 18.238 9.684
69 5 2 19.389 10.260 18.299 9.692
70 5 2 19.908 10.424 18.283 9.866
71 5 2 19.443 10.275 18.352 9.707
72 5 2 19.504 10.283 18.414 9.714
73 5 2 19.565 10.290 18.475 9.721
74 5 2 19.626 10.312 18.536 9.743
75 5 2 19.687 10.319 18.597 9.751
76 5 2 19.748 10.342 18.658 9.773
77 5 2 19.809 10.349 18.719 9.780
78 5 2 19.870 10.356 18.780 9.787
79 5 2 19.931 10.363 18.841 9.795
80 5 2 19.992 10.386 18.902 9.817
81 5 2 20.053 10.393 18.963 9.824
82 5 2 20.114 10.415 19.024 9.847
83 5 2 20.175 10.422 19.085 9.854
84 5 2 20.236 10.445 19.146 9.876
85 5 2 20.297 10.452 19.208 9.883
86 5 2 20.358 10.459 19.269 9.891
87 5 2 20.419 10.466 19.330 9.898
88 5 2 20.495 10.488 19.406 9.920
89 5 2 20.556 10.496 19.467 9.927
90 5 2 20.617 10.518 19.528 9.950
91 5 2 20.678 10.525 19.589 9.957
92 5 2 20.739 10.547 19.650 9.979
93 5 2 20.800 10.555 19.711 9.986
94 5 2 20.861 10.577 19.772 10.009
95 5 2 20.937 10.599 19.848 10.031
96 5 2 20.998 10.622 19.909 10.053
97 5 2 21.059 10.629 19.970 10.061
98 5 2 21.120 10.651 20.031 10.083
99 5 2 21.181 10.658 20.092 10.090
100 5 2 21.242 10.681 20.153 10.112
101 5 2 21.318 10.703 20.230 10.135
102 5 2 21.379 10.725 20.290 10.157
103 5 2 21.440 10.732 20.351 10.164
104 5 2 21.501 10.755 20.412 10.187
105 5 2 21.577 10.777 20.489 10.209
106 5 2 21.638 10.799 20.550 10.231
107 5 2 21.699 10.821 20.611 10.253
108 5 2 21.760 10.844 20.671 10.276
109 5 2 21.821 10.851 20.732 10.283
110 5 2 21.897 10.888 20.809 10.320
111 5 2 21.958 10.895 20.870 10.328
112 5 2 22.019 10.918 20.931 10.350
113 5 2 22.080 10.940 20.991 10.372
114 5 2 22.140 10.962 21.052 10.394
115 5 2 22.216 10.984 21.129 10.417
116 5 2 22.277 11.007 21.189 10.439
117 5 2 22.338 11.029 21.250 10.461
118 5 2 22.399 11.051 21.311 10.484
119 5 2 22.475 11.058 21.387 10.491
120 5 2 22.536 11.081 21.448 10.513
121 5 2 22.597 11.103 21.509 10.535
122 5 2 22.673 11.125 21.585 10.558
123 5 2 22.734 11.132 21.646 10.565
124 5 2 22.795 11.155 21.707 10.587
125 5 2 22.855 11.177 21.768 10.609
126 5 2 22.916 11.199 21.829 10.632
127 5 2 22.992 11.206 21.905 10.639
128 5 2 23.053 11.228 21.966 10.661
129 5 2 23.114 11.236 22.027 10.668
130 5 2 23.175 11.258 22.088 10.691
131 5 2 23.236 11.265 22.149 10.698
132 5 2 23.297 11.287 22.210 10.720
133 5 2 23.357 11.295 22.270 10.727
134 5 2 23.418 11.317 22.331 10.749
135 5 2 23.479 11.324 22.392 10.757
136 5 2 23.540 11.346 22.453 10.779
137 5 2 23.601 11.353 22.514 10.786
138 5 2 23.661 11.376 22.575 10.808
139 5 2 23.722 11.383 22.636 10.816
140 5 2 23.783 11.405 22.696 10.838
141 5 2 23.844 11.412 22.757 10.845
142 5 2 23.905 11.419 22.818 10.852
143 5 2 23.965 11.427 22.879 10.859
144 5 2 24.026 11.449 22.940 10.882
145 5 2 24.087 11.456 23.001 10.889
146 5 2 24.148 11.463 23.061 10.896
147 5 2 24.224 11.470 23.138 10.903
148 5 2 24.284 11.492 23.198 10.925
149 5 2 24.345 11.500 23.259 10.933
150 5 2 24.406 11.507 23.320 10.940
151 5 2 24.482 11.514 23.396 10.947
152 5 2 24.543 11.536 23.457 10.969
153 5 2 24.603 11.528 23.518 10.961
154 5 2 24.664 11.550 23.578 10.983
155 5 2 25.074 11.721 23.601 11.127
156 5 2 24.733 11.535 23.647 10.968
157 5 2 24.793 11.542 23.708 10.975
158 5 2 24.854 11.564 23.768 10.997
159 5 2 24.915 11.556 23.829 10.989
160 5 2 24.991 11.578 23.905 11.012
161 5 2 25.067 11.570 23.981 11.004
162 5 2 25.112 11.593 24.027 11.026
163 5 2 25.188 11.585 24.103 11.018
164 5 2 25.234 11.607 24.148 11.040
165 5 2 25.309 11.599 24.224 11.032
166 5 2 25.370 11.621 24.285 11.055
167 5 2 25.431 11.613 24.346 11.047
168 5 2 25.492 11.635 24.407 11.069
169 5 2 25.552 11.628 24.467 11.061
170 5 2 25.613 11.635 24.528 11.068
171 5 2 25.689 11.642 24.604 11.075
172 5 2 25.765 11.649 24.680 11.082
173 5 2 25.810 11.641 24.726 11.074
174 5 2 25.886 11.663 24.801 11.097
175 5 2 25.947 11.655 24.862 11.089
176 5 2 26.007 11.662 24.923 11.096
177 5 2 26.068 11.669 24.984 11.103
178 5 2 26.144 11.676 25.059 11.110
179 5 2 26.220 11.668 25.135 11.102
180 5 2 26.811 11.876 25.006 11.216
181 5 2 26.258 11.668 25.173 11.102
182 5 2 26.318 11.675 25.234 11.109
183 5 2 26.379 11.667 25.295 11.101
184 5 2 26.424 11.675 25.340 11.108
185 5 2 26.485 11.667 25.401 11.100
186 5 2 26.546 11.674 25.462 11.108
187 5 2 26.606 11.666 25.522 11.100
188 5 2 26.652 11.673 25.568 11.107
189 5 2 26.712 11.665 25.629 11.099
190 5 2 26.758 11.672 25.674 11.106
191 5 2 26.818 11.664 25.735 11.098
192 5 2 26.879 11.672 25.795 11.105
193 5 2 26.924 11.664 25.841 11.098
194 5 2 26.985 11.671 25.902 11.105
195 5 2 27.030 11.663 25.947 11.097
196 5 2 27.091 11.670 26.008 11.104
197 5 2 27.136 11.662 26.053 11.096
198 5 2 27.197 11.669 26.114 11.103
199 5 2 27.242 11.662 26.159 11.096
200 5 2 27.288 11.654 26.205 11.088
201 5 2 27.348 11.646 26.265 11.080
202 5 2 27.394 11.653 26.311 11.087
203 5 2 27.439 11.645 26.356 11.079
204 5 2 27.500 11.652 26.417 11.086
205 5 2 27.545 11.644 26.462 11.079
206 5 2 27.591 11.652 26.508 11.086
207 5 2 27.636 11.644 26.553 11.078
208 5 2 27.682 11.636 26.599 11.070
209 5 2 27.727 11.628 26.644 11.062
210 5 2 27.772 11.635 26.690 11.070
211 5 2 27.818 11.628 26.735 11.062
212 5 2 27.863 11.635 26.781 11.069
213 5 2 27.909 11.627 26.826 11.061
214 5 2 27.954 11.619 26.872 11.053
215 5 2 27.999 11.611 26.917 11.046
216 5 2 28.045 11.619 26.962 11.053
217 5 2 28.090 11.611 27.008 11.045
218 5 2 28.135 11.603 27.053 11.037
219 5 2 28.181 11.595 27.099 11.029
220 5 2 28.226 11.602 27.144 11.037
221 5 2 28.272 11.594 27.190 11.029
222 5 2 28.317 11.602 27.235 11.036
223 5 2 28.362 11.594 27.280 11.028
224 5 2 28.393 11.601 27.311 11.036
225 5 2 28.990 11.733 27.182 11.180
226 5 2 28.430 11.586 27.349 11.020
227 5 2 28.461 11.593 27.379 11.028
228 5 2 28.506 11.585 27.424 11.020
229 5 2 28.551 11.578 27.470 11.012
230 5 2 28.582 11.585 27.500 11.019
231 5 2 28.612 11.577 27.530 11.012
232 5 2 28.657 11.584 27.576 11.019
233 5 2 28.703 11.577 27.621 11.011
234 5 2 28.718 11.584 27.636 11.018
235 5 2 28.763 11.576 27.681 11.011
236 5 2 28.778 11.584 27.697 11.018
237 5 2 28.824 11.576 27.742 11.010
238 5 2 28.839 11.583 27.757 11.018
239 5 2 28.884 11.575 27.803 11.010
240 5 2 28.899 11.583 27.818 11.017
241 5 2 28.944 11.575 27.863 11.010
242 5 2 28.960 11.582 27.878 11.017
243 5 2 28.990 11.575 27.908 11.009
244 5 2 29.020 11.567 27.939 11.002
245 5 2 29.035 11.559 27.954 10.994
246 5 2 29.050 11.567 27.969 11.001
247 5 2 29.080 11.559 27.999 10.994
248 5 2 29.111 11.551 28.029 10.986
249 5 2 29.126 11.544 28.045 10.978
250 5 2 29.141 11.536 28.060 10.971
251 5 2 29.171 11.528 28.090 10.963
252 5 2 29.186 11.536 28.105 10.970
253 5 2 29.186 11.528 28.105 10.963
254 5 2 29.201 11.521 28.120 10.955
255 5 2 29.232 11.513 28.150 10.947
256 5 2 29.247 11.520 28.166 10.955
257 5 2 29.247 11.498 28.166 10.932
258 5 2 29.262 11.490 28.181 10.925
259 5 2 29.277 11.482 28.196 10.917
260 5 2 29.277 11.475 28.196 10.910
261 5 2 29.292 11.467 28.211 10.902
262 5 2 29.322 11.460 28.241 10.894
263 5 2 29.337 11.452 28.256 10.887
264 5 2 29.337 11.459 28.256 10.894
265 5 2 29.352 11.452 28.271 10.886
266 5 2 29.383 11.444 28.302 10.879
267 5 2 29.413 11.436 28.332 10.871
268 5 2 29.428 11.444 28.347 10.878
269 5 2 29.443 11.436 28.362 10.871
270 5 2 29.473 11.443 28.392 10.878
271 5 2 29.488 11.451 28.407 10.886
272 5 2 29.503 11.458 28.423 10.893
273 5 2 29.549 11.451 28.468 10.885
274 5 2 29.564 11.458 28.483 10.893
275 5 2 29.609 11.465 28.528 10.900
276 5 2 29.639 11.473 28.559 10.907
277 5 2 29.669 11.465 28.589 10.900
278 5 2 29.700 11.472 28.619 10.907
279 5 2 29.745 11.479 28.664 10.914
280 5 2 29.790 11.487 28.710 10.921
281 5 2 29.820 11.479 28.740 10.914
282 5 2 29.866 11.486 28.785 10.921
283 5 2 29.926 11.493 28.846 10.928
284 5 2 29.956 11.501 28.876 10.935
285 5 2 30.002 11.493 28.921 10.928
286 5 2 30.032 11.500 28.952 10.935
287 5 2 30.062 11.492 28.982 10.927
288 5 2 30.107 11.500 29.027 10.934
289 5 2 30.168 11.492 29.088 10.927
290 5 2 30.213 11.499 29.133 10.934
291 5 2 30.243 11.491 29.163 10.926
292 5 2 30.288 11.498 29.208 10.933
293 5 2 30.334 11.491 29.254 10.926
294 5 2 30.349 11.498 29.269 10.933
295 5 2 30.394 11.505 29.314 10.940
296 5 2 30.424 11.513 29.344 10.948
297 5 2 30.469 11.505 29.390 10.940
298 5 2 30.515 11.512 29.435 10.947
299 5 2 30.545 11.504 29.465 10.939
300 5 2 31.013 11.862 29.359 10.985
301 5 2 30.583 11.504 29.503 10.939
302 5 2 30.628 11.511 29.548 10.946
303 5 2 30.658 11.503 29.578 10.939
304 5 2 30.703 11.511 29.624 10.946
305 5 2 30.749 11.518 29.669 10.953
306 5 2 30.794 11.525 29.714 10.960
307 5 2 30.854 11.532 29.775 10.967
308 5 2 30.899 11.539 29.820 10.975
309 5 2 30.960 11.547 29.880 10.982
310 5 2 31.020 11.569 29.941 11.004
311 5 2 31.065 11.561 29.986 10.996
312 5 2 31.126 11.583 30.046 11.018
313 5 2 31.186 11.590 30.107 11.026
314 5 2 31.231 11.597 30.152 11.033
315 5 2 31.291 11.605 30.212 11.040
316 5 2 31.352 11.612 30.273 11.047
317 5 2 31.397 11.619 30.318 11.054
318 5 2 31.457 11.626 30.378 11.061
319 5 2 31.518 11.633 30.439 11.069
320 5 2 31.578 11.640 30.499 11.076
321 5 2 31.638 11.632 30.559 11.068
322 5 2 31.698 11.639 30.620 11.075
323 5 2 31.744 11.647 30.665 11.082
324 5 2 31.804 11.669 30.725 11.104
325 5 2 31.864 11.676 30.786 11.112
326 5 2 31.909 11.698 30.831 11.134
327 5 2 31.955 11.705 30.876 11.141
328 5 2 32.015 11.728 30.936 11.163
329 5 2 32.060 11.735 30.982 11.170
330 5 2 32.120 11.757 31.042 11.193
331 5 2 32.166 11.764 31.087 11.200
332 5 2 32.226 11.786 31.148 11.222
333 5 2 32.286 11.793 31.208 11.229
334 5 2 32.497 12.040 31.381 11.386
335 5 2 32.475 11.995 31.397 11.423
336 5 2 32.520 12.010 31.442 11.438
337 5 2 32.595 12.024 31.517 11.453
338 5 2 32.640 12.054 31.562 11.482
339 5 2 32.701 12.069 31.623 11.497
340 5 2 33.108 12.359 31.525 11.483
341 5 2 32.753 12.076 31.676 11.504
342 5 2 32.798 12.091 31.721 11.519
343 5 2 32.859 12.105 31.781 11.534
344 5 2 32.919 12.135 31.841 11.563
345 5 2 33.123 12.382 31.962 11.645
346 5 2 32.957 12.142 31.879 11.571
347 5 2 33.017 12.157 31.939 11.585
348 5 2 33.077 12.171 32.000 11.600
349 5 2 33.137 12.186 32.060 11.615
350 5 2 33.197 12.201 32.120 11.629
351 5 2 33.273 12.230 32.195 11.659
352 5 2 33.348 12.245 32.271 11.673
353 5 2 33.408 12.259 32.331 11.688
354 5 2 33.468 12.289 32.391 11.718
355 5 2 33.898 12.519 32.444 11.860
356 5 2 33.536 12.296 32.459 11.725
357 5 2 33.611 12.310 32.534 11.739
358 5 2 33.687 12.340 32.610 11.769
359 5 2 33.747 12.370 32.670 11.798
360 5 2 33.822 12.384 32.745 11.813
361 5 2 33.897 12.399 32.820 11.827
362 5 2 33.972 12.428 32.896 11.857
363 5 2 34.063 12.443 32.986 11.871
364 5 2 34.138 12.442 33.061 11.871
365 5 2 34.213 12.456 33.136 11.885
366 5 2 34.288 12.486 33.212 11.915
367 5 2 34.348 12.516 33.272 11.945
368 5 2 34.424 12.530 33.347 11.959
369 5 2 34.499 12.530 33.422 11.959
370 5 2 34.574 12.544 33.498 11.973
371 5 2 34.649 12.574 33.573 12.003
372 5 2 34.724 12.603 33.648 12.032
373 5 2 34.799 12.618 33.723 12.047
374 5 2 34.874 12.617 33.799 12.046
375 5 2 34.965 12.631 33.889 12.061
376 5 2 35.040 12.661 33.964 12.090
377 5 2 35.130 12.675 34.054 12.104
378 5 2 35.205 12.690 34.129 12.119
379 5 2 35.295 12.719 34.220 12.148
380 5 2 35.385 12.733 34.310 12.163
381 5 2 35.460 12.748 34.385 12.177
382 5 2 35.550 12.777 34.475 12.207
383 5 2 35.640 12.792 34.565 12.221
384 5 2 35.716 12.806 34.640 12.236
385 5 2 35.806 12.836 34.731 12.265
386 5 2 35.903 12.850 34.828 12.279
387 5 2 35.986 12.849 34.911 12.279
388 5 2 36.076 12.864 35.001 12.293
389 5 2 36.196 13.005 35.122 12.435
390 5 2 36.241 12.907 35.166 12.337
391 5 2 36.331 12.922 35.256 12.351
392 5 2 36.398 12.891 35.362 12.418
393 5 2 36.481 12.921 35.444 12.448
394 5 2 36.571 12.920 35.534 12.447
395 5 2 36.638 12.927 35.609 12.469
396 5 2 36.728 12.956 35.699 12.498
397 5 2 36.818 12.971 35.789 12.513
398 5 2 36.901 12.985 35.864 12.520
399 5 2 36.991 13.014 35.955 12.549
400 5 2 37.081 13.029 36.045 12.563
401 5 2 37.148 13.021 36.120 12.570
402 5 2 37.238 13.035 36.210 12.585
403 5 2 37.328 13.064 36.300 12.614
404 5 2 37.410 13.079 36.382 12.629
405 5 2 37.493 13.078 36.465 12.628
406 5 2 37.568 13.093 36.540 12.642
407 5 2 37.658 13.129 36.630 12.672
408 5 2 37.732 13.144 36.705 12.686
409 5 2 37.822 13.143 36.795 12.686
410 5 2 37.897 13.158 36.869 12.700
411 5 2 37.987 13.187 36.959 12.729
412 5 2 38.062 13.201 37.034 12.744
413 5 2 38.152 13.193 37.124 12.751
414 5 2 38.227 13.208 37.199 12.765
415 5 2 38.316 13.222 37.289 12.780
416 5 2 38.391 13.221 37.364 12.779
417 5 2 38.481 13.236 37.454 12.793
418 5 2 38.556 13.265 37.529 12.823
419 5 2 38.646 13.279 37.619 12.837
420 5 2 38.721 13.279 37.694 12.837
421 5 2 38.810 13.293 37.784 12.851
422 5 2 38.885 13.315 37.858 12.880
423 5 2 38.960 13.330 37.933 12.895
424 5 2 39.050 13.329 38.023 12.894
425 5 2 39.124 13.343 38.098 12.909
426 5 2 39.214 13.373 38.188 12.938
427 5 2 39.289 13.387 38.263 12.952
428 5 2 39.379 13.394 38.353 12.959
429 5 2 39.453 13.401 38.427 12.966
430 5 2 39.528 13.430 38.502 12.996
431 5 2 39.618 13.444 38.592 13.010
432 5 2 39.693 13.459 38.667 13.024
433 5 2 39.768 13.488 38.742 13.054
434 5 2 39.842 13.503 38.817 13.068
435 5 2 39.932 13.502 38.906 13.068
436 5 2 40.007 13.516 38.981 13.082
437 5 2 40.082 13.546 39.063 13.111
438 5 2 40.171 13.575 39.153 13.141
439 5 2 40.246 13.589 39.228 13.155
440 5 2 40.321 13.589 39.303 13.154
441 5 2 40.395 13.603 39.378 13.169
442 5 2 40.470 13.633 39.452 13.198
443 5 2 40.545 13.662 39.527 13.228
444 5 2 40.620 13.676 39.602 13.242
445 5 2 40.694 13.676 39.677 13.242
446 5 2 40.769 13.705 39.752 13.279
447 5 2 40.844 13.720 39.826 13.293
448 5 2 40.933 13.749 39.916 13.322
449 5 2 41.008 13.778 39.991 13.352
450 5 2 41.083 13.793 40.066 13.366
451 5 2 41.157 13.807 40.140 13.380
452 5 2 41.232 13.829 40.215 13.410
453 5 2 41.307 13.858 40.290 13.439
454 5 2 41.382 13.888 40.365 13.469
455 5 2 41.456 13.917 40.440 13.498
456 5 2 41.531 13.946 40.514 13.527
457 5 2 41.606 13.976 40.589 13.557
458 5 2 41.680 14.005 40.664 13.586
459 5 2 41.755 14.020 40.739 13.601
460 5 2 41.830 14.034 40.813 13.615
461 5 2 41.904 14.078 40.888 13.659
462 5 2 41.979 14.093 40.963 13.674
463 5 2 42.054 14.137 41.038 13.718
464 5 2 42.128 14.151 41.112 13.732
465 5 2 42.203 14.196 41.187 13.777
466 5 2 42.263 14.225 41.247 13.806
0 7 1 32.282 3.039 32.079 2.667
1 7 1 32.305 3.069 32.072 2.644
2 7 1 32.305 3.077 32.057 2.622
3 7 1 32.305 3.084 32.042 2.607
4 7 1 32.305 3.084 32.034 2.592
5 7 1 32.305 3.084 32.026 2.577
6 7 1 32.297 3.077 32.019 2.570
7 7 1 32.305 3.107 32.027 2.600
8 7 1 32.305 3.136 32.027 2.630
9 7 1 32.305 3.166 32.027 2.659
10 7 1 32.305 3.196 32.027 2.689
11 7 1 32.305 3.226 32.027 2.719
12 7 1 32.305 3.256 32.027 2.749
13 7 1 32.305 3.293 32.027 2.786
14 7 1 32.306 3.323 32.027 2.816
15 7 1 32.637 3.852 32.155 2.958
16 7 1 32.614 3.815 32.170 2.987
17 7 1 32.614 3.860 32.170 3.032
18 7 1 32.599 3.919 32.155 3.092
19 7 1 32.599 3.964 32.155 3.137
20 7 1 32.757 4.225 31.998 3.234
21 7 1 32.637 4.158 32.118 3.293
22 7 1 32.622 4.210 32.103 3.346
23 7 1 32.623 4.263 32.103 3.398
24 7 1 32.608 4.300 32.088 3.435
25 7 1 32.728 4.322 32.006 3.517
26 7 1 32.638 4.345 32.081 3.495
27 7 1 32.630 4.382 32.073 3.532
28 7 1 32.623 4.434 32.066 3.585
29 7 1 32.631 4.472 32.074 3.622
30 7 1 32.623 4.509 32.066 3.659
31 7 1 32.631 4.561 32.074 3.711
32 7 1 32.623 4.614 32.066 3.764
33 7 1 32.631 4.651 32.074 3.801
34 7 1 32.624 4.718 32.067 3.868
35 7 1 32.699 4.875 31.999 3.868
36 7 1 32.631 4.800 32.052 3.928
37 7 1 32.631 4.845 32.052 3.973
38 7 1 32.632 4.890 32.052 4.018
39 7 1 32.632 4.935 32.052 4.062
40 7 1 32.654 4.950 31.962 4.189
41 7 1 32.602 4.995 32.007 4.145
42 7 1 32.602 5.047 32.007 4.197
43 7 1 32.587 5.084 31.992 4.234
44 7 1 32.572 5.122 31.977 4.272
45 7 1 32.617 5.069 31.880 4.429
46 7 1 32.565 5.152 31.970 4.302
47 7 1 32.550 5.204 31.955 4.354
48 7 1 32.535 5.256 31.940 4.406
49 7 1 32.535 5.309 31.940 4.458
50 7 1 32.565 5.525 31.828 4.713
51 7 1 32.498 5.533 31.896 4.690
52 7 1 32.490 5.578 31.888 4.735
53 7 1 32.483 5.623 31.881 4.780
54 7 1 32.476 5.683 31.873 4.840
55 7 1 32.506 5.593 31.858 4.847
56 7 1 32.483 5.638 31.881 4.810
57 7 1 32.476 5.683 31.873 4.855
58 7 1 32.468 5.727 31.866 4.899
59 7 1 32.476 5.757 31.874 4.929
60 7 1 32.536 5.817 31.836 5.079
61 7 1 32.491 5.854 31.881 5.041
62 7 1 32.491 5.899 31.881 5.086
63 7 1 32.491 5.959 31.882 5.146
64 7 1 32.491 6.004 31.882 5.191
65 7 1 32.484 6.206 31.874 5.333
66 7 1 32.477 6.169 31.867 5.355
67 7 1 32.477 6.213 31.867 5.400
68 7 1 32.477 6.243 31.867 5.430
69 7 1 32.477 6.288 31.867 5.475
70 7 1 32.567 6.333 31.890 5.557
71 7 1 32.530 6.348 31.920 5.542
72 7 1 32.515 6.385 31.905 5.580
73 7 1 32.500 6.423 31.890 5.617
74 7 1 32.500 6.460 31.890 5.654
75 7 1 32.492 6.393 31.710 5.730
76 7 1 32.477 6.490 31.868 5.684
77 7 1 32.463 6.528 31.853 5.722
78 7 1 32.448 6.580 31.838 5.774
79 7 1 32.433 6.618 31.823 5.812
80 7 1 32.388 6.820 31.703 5.954
81 7 1 32.350 6.783 31.740 5.977
82 7 1 32.336 6.820 31.725 6.014
83 7 1 32.306 6.843 31.695 6.037
84 7 1 32.291 6.895 31.680 6.089
85 7 1 32.306 6.910 31.628 6.119
86 7 1 32.268 6.903 31.658 6.104
87 7 1 32.253 6.940 31.643 6.142
88 7 1 32.253 6.970 31.643 6.171
89 7 1 32.253 7.000 31.643 6.201
90 7 1 32.283 6.962 31.606 6.389
91 7 1 32.231 7.023 31.621 6.224
92 7 1 32.216 7.053 31.606 6.254
93 7 1 32.201 7.098 31.591 6.299
94 7 1 32.201 7.127 31.591 6.329
95 7 1 32.307 7.322 31.584 6.523
96 7 1 32.246 7.314 31.636 6.516
97 7 1 32.247 7.344 31.636 6.546
98 7 1 32.232 7.404 31.621 6.606
99 7 1 32.247 7.404 31.636 6.606
100 7 1 32.292 7.404 31.539 6.658
101 7 1 32.209 7.419 31.591 6.628
102 7 1 32.217 7.464 31.599 6.673
103 7 1 32.209 7.502 31.591 6.711
104 7 1 32.292 7.584 31.674 6.793
105 7 1 32.217 7.614 31.531 6.763
106 7 1 32.179 7.584 31.562 6.793
107 7 1 32.089 7.592 31.471 6.801
108 7 1 32.149 7.644 31.532 6.853
109 7 1 32.142 7.682 31.524 6.891
110 7 1 32.150 7.839 31.434 6.928
111 7 1 32.150 7.719 31.532 6.928
112 7 1 32.142 7.742 31.524 6.950
113 7 1 32.120 7.757 31.502 6.965
114 7 1 32.112 7.802 31.494 7.010
115 7 1 32.105 7.824 31.487 7.033
116 7 1 32.097 7.862 31.479 7.070
117 7 1 32.075 7.884 31.457 7.093
118 7 1 32.067 7.922 31.449 7.130
119 7 1 32.045 7.960 31.427 7.168
120 7 1 32.075 7.997 31.307 7.311
121 7 1 32.030 7.990 31.412 7.198
122 7 1 32.022 8.012 31.404 7.221
123 7 1 32.000 8.050 31.382 7.258
124 7 1 32.008 8.087 31.389 7.295
125 7 1 31.985 8.110 31.367 7.318
126 7 1 31.978 8.162 31.360 7.371
127 7 1 31.970 8.185 31.352 7.393
128 7 1 31.963 8.222 31.345 7.431
129 7 1 31.940 8.245 31.322 7.453
130 7 1 31.933 8.282 31.315 7.491
131 7 1 31.925 8.305 31.307 7.513
132 7 1 31.918 8.342 31.300 7.551
133 7 1 31.895 8.380 31.277 7.588
134 7 1 31.888 8.417 31.270 7.626
135 7 1 31.865 8.440 31.247 7.648
136 7 1 31.873 8.477 31.255 7.686
137 7 1 31.850 8.500 31.232 7.708
138 7 1 31.843 8.538 31.225 7.746
139 7 1 31.836 8.560 31.217 7.768
140 7 1 31.828 8.598 31.210 7.806
141 7 1 31.806 8.620 31.187 7.828
142 7 1 31.798 8.658 31.180 7.866
143 7 1 31.776 8.680 31.157 7.889
144 7 1 31.768 8.703 31.150 7.911
145 7 1 31.746 8.726 31.127 7.934
146 7 1 31.738 8.748 31.120 7.956
147 7 1 31.716 8.771 31.097 7.979
148 7 1 31.708 8.793 31.090 8.001
149 7 1 31.686 8.831 31.067 8.039
150 7 1 31.663 8.883 31.045 8.091
151 7 1 31.626 8.921 31.007 8.129
152 7 1 31.618 8.959 31.000 8.167
153 7 1 31.596 8.996 30.977 8.204
154 7 1 31.588 9.049 30.970 8.257
155 7 1 31.566 9.072 30.947 8.279
156 7 1 31.558 9.109 30.940 8.317
157 7 1 31.536 9.132 30.917 8.340
158 7 1 31.528 9.169 30.910 8.377
159 7 1 31.506 9.192 30.887 8.400
160 7 1 31.483 9.230 30.865 8.437
161 7 1 31.461 9.267 30.842 8.475
162 7 1 31.453 9.305 30.835 8.512
163 7 1 31.431 9.327 30.812 8.535
164 7 1 31.423 9.365 30.805 8.573
165 7 1 31.401 9.388 30.782 8.595
166 7 1 31.393 9.425 30.774 8.633
167 7 1 31.371 9.448 30.752 8.655
168 7 1 31.363 9.485 30.744 8.693
169 7 1 31.341 9.508 30.722 8.716
170 7 1 31.333 9.546 30.714 8.753
171 7 1 31.326 9.568 30.707 8.776
172 7 1 31.318 9.606 30.699 8.813
173 7 1 31.296 9.628 30.677 8.836
174 7 1 31.288 9.666 30.669 8.873
175 7 1 31.266 9.689 30.647 8.896
176 7 1 31.258 9.726 30.639 8.934
177 7 1 31.236 9.749 30.617 8.956
178 7 1 31.228 9.786 30.609 8.994
179 7 1 31.206 9.809 30.587 9.016
180 7 1 31.123 10.095 30.436 9.242
181 7 1 31.093 10.050 30.474 9.257
182 7 1 31.085 10.073 30.467 9.280
183 7 1 31.078 10.110 30.459 9.317
184 7 1 31.055 10.148 30.436 9.355
185 7 1 31.161 10.140 30.406 9.453
186 7 1 31.040 10.178 30.421 9.385
187 7 1 31.033 10.201 30.414 9.408
188 7 1 31.010 10.238 30.391 9.445
189 7 1 31.018 10.276 30.399 9.483
190 7 1 31.071 10.321 30.339 9.461
191 7 1 31.010 10.283 30.391 9.491
192 7 1 31.003 10.321 30.384 9.528
193 7 1 30.996 10.359 30.376 9.566
194 7 1 31.003 10.366 30.384 9.573
195 7 1 31.048 10.486 30.377 9.663
196 7 1 31.018 10.464 30.399 9.671
197 7 1 31.026 10.486 30.407 9.693
198 7 1 31.033 10.524 30.414 9.731
199 7 1 31.026 10.546 30.407 9.753
200 7 1 31.124 10.591 30.339 9.987
201 7 1 31.026 10.561 30.407 9.768
202 7 1 31.018 10.584 30.399 9.791
203 7 1 31.011 10.606 30.392 9.814
204 7 1 31.019 10.644 30.399 9.851
205 7 1 31.011 10.682 30.392 9.889
206 7 1 31.019 10.734 30.400 9.941
207 7 1 31.011 10.757 30.392 9.964
208 7 1 31.019 10.809 30.400 10.016
209 7 1 31.011 10.832 30.392 10.039
210 7 1 30.966 11.005 30.407 9.979
211 7 1 31.011 10.877 30.392 10.084
212 7 1 31.019 10.915 30.400 10.122
213 7 1 31.012 10.937 30.392 10.144
214 7 1 31.019 10.990 30.400 10.197
215 7 1 31.012 11.012 30.392 10.219
216 7 1 31.019 11.035 30.400 10.242
217 7 1 31.012 11.057 30.392 10.264
218 7 1 31.019 11.095 30.400 10.302
219 7 1 31.027 11.133 30.408 10.339
220 7 1 31.230 11.191 30.370 10.565
221 7 1 31.042 11.163 30.423 10.369
222 7 1 31.050 11.185 30.430 10.392
223 7 1 31.057 11.208 30.438 10.414
224 7 1 31.065 11.245 30.445 10.452
225 7 1 31.087 11.283 30.468 10.489
226 7 1 31.125 11.335 30.506 10.542
227 7 1 31.148 11.387 30.529 10.594
228 7 1 31.171 11.425 30.551 10.632
229 7 1 31.193 11.462 30.574 10.669
230 7 1 31.231 11.515 30.612 10.722
231 7 1 31.254 11.552 30.634 10.759
232 7 1 31.291 11.605 30.672 10.811
233 7 1 31.314 11.657 30.695 10.864
234 7 1 31.352 11.709 30.733 10.916
235 7 1 31.563 11.858 30.793 11.104
236 7 1 31.367 11.739 30.748 10.946
237 7 1 31.390 11.762 30.770 10.969
238 7 1 31.412 11.799 30.793 11.006
239 7 1 31.420 11.822 30.801 11.029
240 7 1 31.412 11.844 30.793 11.051
241 7 1 31.420 11.867 30.801 11.074
242 7 1 31.413 11.905 30.793 11.111
243 7 1 31.405 11.942 30.786 11.149
244 7 1 31.398 11.980 30.778 11.187
245 7 1 31.383 12.206 30.884 11.389
247 7 1 31.436 12.190 30.831 11.397
248 7 1 31.443 12.213 30.839 11.420
249 7 1 31.466 12.265 30.862 11.472
250 7 1 31.473 12.288 30.869 11.495
251 7 1 31.481 12.325 30.877 11.532
252 7 1 31.489 12.363 30.884 11.570
253 7 1 31.496 12.416 30.892 11.622
254 7 1 31.504 12.453 30.900 11.660
255 7 1 31.512 12.506 30.907 11.712
256 7 1 31.519 12.528 30.915 11.735
257 7 1 31.527 12.581 30.922 11.788
258 7 1 31.534 12.604 30.930 11.810
259 7 1 31.565 12.799 30.983 11.953
261 7 1 31.572 12.769 30.975 11.975
262 7 1 31.572 12.807 30.975 12.013
263 7 1 31.588 12.859 30.991 12.066
264 7 1 31.603 12.912 31.006 12.118
265 7 1 31.588 12.964 30.991 12.171
266 7 1 31.603 13.017 31.006 12.223
267 7 1 31.588 13.040 30.991 12.246
268 7 1 31.588 13.077 30.991 12.284
269 7 1 31.588 13.085 30.991 12.291
270 7 1 31.701 13.257 31.127 12.509
271 7 1 31.709 13.272 31.120 12.486
272 7 1 31.717 13.302 31.127 12.516
273 7 1 31.709 13.348 31.120 12.561
274 7 1 31.732 13.378 31.142 12.591
275 7 1 31.724 13.408 31.135 12.621
276 7 1 31.785 13.596 31.203 12.802
277 7 1 31.785 13.588 31.203 12.802
278 7 1 31.785 13.618 31.203 12.832
279 7 1 31.785 13.663 31.203 12.877
280 7 1 31.740 13.837 31.067 12.901
281 7 1 31.778 13.716 31.196 12.930
282 7 1 31.778 13.761 31.196 12.975
283 7 1 31.778 13.807 31.196 13.020
284 7 1 31.793 13.867 31.211 13.080
285 7 1 31.778 13.912 31.196 13.126
286 7 1 31.793 13.972 31.211 13.186
287 7 1 31.793 14.002 31.211 13.216
288 7 1 31.808 14.032 31.226 13.246
289 7 1 31.824 14.062 31.241 13.276
290 7 1 31.824 14.092 31.242 13.306
291 7 1 31.824 14.123 31.242 13.336
292 7 1 31.824 14.168 31.242 13.381
293 7 1 31.839 14.213 31.257 13.426
294 7 1 31.854 14.258 31.272 13.471
295 7 1 31.809 14.447 31.204 13.502
296 7 1 31.831 14.281 31.249 13.494
297 7 1 31.832 14.311 31.249 13.524
298 7 1 31.847 14.356 31.265 13.569
299 7 1 31.847 14.416 31.265 13.630
300 7 1 31.862 14.537 31.235 13.660
301 7 1 31.839 14.492 31.257 13.705
302 7 1 31.840 14.537 31.257 13.750
303 7 1 31.840 14.582 31.257 13.796
304 7 1 31.825 14.612 31.242 13.826
305 7 1 31.825 14.643 31.242 13.856
306 7 1 31.825 14.673 31.242 13.886
307 7 1 31.825 14.688 31.242 13.901
308 7 1 31.825 14.733 31.243 13.946
309 7 1 31.825 14.763 31.243 13.977
310 7 1 31.893 15.042 31.250 14.150
311 7 1 31.817 14.786 31.235 13.999
312 7 1 31.817 14.816 31.235 14.029
313 7 1 31.817 14.846 31.235 14.060
314 7 1 31.818 14.876 31.235 14.090
315 7 1 31.765 15.171 31.213 14.210
316 7 1 31.810 14.914 31.228 14.127
317 7 1 31.810 14.959 31.228 14.173
318 7 1 31.795 15.005 31.213 14.218
319 7 1 31.780 15.035 31.198 14.248
320 7 1 31.818 15.261 31.198 14.346
321 7 1 31.788 15.073 31.205 14.286
322 7 1 31.788 15.103 31.205 14.316
323 7 1 31.788 15.133 31.206 14.346
324 7 1 31.788 15.163 31.206 14.376
325 7 1 31.788 15.193 31.206 14.407
326 7 1 31.773 15.224 31.191 14.437
327 7 1 31.758 15.254 31.176 14.467
328 7 1 31.758 15.284 31.176 14.497
329 7 1 31.758 15.314 31.176 14.527
330 7 1 31.721 15.617 31.055 14.732
331 7 1 31.751 15.337 31.168 14.550
332 7 1 31.751 15.367 31.168 14.580
333 7 1 31.751 15.382 31.168 14.595
334 7 1 31.751 15.428 31.168 14.641
335 7 1 31.751 15.458 31.168 14.671
336 7 1 31.766 15.503 31.183 14.716
337 7 1 31.751 15.563 31.168 14.776
338 7 1 31.766 15.609 31.184 14.822
339 7 1 31.751 15.624 31.169 14.837
340 7 1 31.766 15.669 31.184 14.882
341 7 1 31.766 15.699 31.184 14.912
342 7 1 31.766 15.714 31.184 14.927
343 7 1 31.797 15.759 31.214 14.972
344 7 1 31.812 15.789 31.229 15.002
345 7 1 31.827 15.819 31.244 15.032
346 7 1 31.827 15.849 31.244 15.062
347 7 1 31.842 15.880 31.260 15.092
348 7 1 31.857 15.910 31.275 15.122
349 7 1 31.857 15.925 31.275 15.138
350 7 1 31.843 16.249 31.237 15.394
351 7 1 31.828 16.204 31.245 15.417
352 7 1 31.828 16.234 31.245 15.447
353 7 1 31.828 16.265 31.245 15.477
354 7 1 31.828 16.295 31.245 15.508
355 7 1 31.866 16.506 31.260 15.470
356 7 1 31.820 16.333 31.238 15.545
357 7 1 31.820 16.378 31.238 15.591
358 7 1 31.821 16.438 31.238 15.651
359 7 1 31.821 16.484 31.238 15.696
360 7 1 31.821 16.718 31.223 15.734
361 7 1 31.813 16.506 31.230 15.719
362 7 1 31.813 16.537 31.230 15.749
363 7 1 31.813 16.567 31.231 15.779
364 7 1 31.813 16.582 31.231 15.795
365 7 1 31.912 16.815 31.208 16.036
366 7 1 31.806 16.605 31.223 15.817
367 7 1 31.821 16.620 31.238 15.832
368 7 1 31.821 16.650 31.238 15.862
369 7 1 31.836 16.680 31.253 15.892
370 7 1 31.927 16.921 31.261 16.051
371 7 1 31.829 16.703 31.246 15.915
372 7 1 31.829 16.733 31.246 15.945
373 7 1 31.844 16.763 31.261 15.975
374 7 1 31.859 16.793 31.276 16.006
375 7 1 31.980 17.147 31.329 16.186
376 7 1 31.851 16.831 31.269 16.043
377 7 1 31.852 16.861 31.269 16.074
378 7 1 31.852 16.906 31.269 16.119
379 7 1 31.852 16.921 31.269 16.134
380 7 1 31.852 16.967 31.269 16.179
381 7 1 31.950 17.132 31.405 16.314
382 7 1 31.965 17.109 31.390 16.322
383 7 1 31.973 17.124 31.398 16.337
384 7 1 31.965 17.154 31.390 16.367
385 7 1 31.981 17.404 31.375 16.579
386 7 1 31.966 17.374 31.390 16.586
387 7 1 31.973 17.389 31.398 16.601
388 7 1 31.966 17.404 31.391 16.616
389 7 1 31.973 17.434 31.398 16.646
390 7 1 32.079 17.440 31.406 16.624
391 7 1 31.958 17.457 31.383 16.669
392 7 1 31.966 17.487 31.391 16.699
393 7 1 31.974 17.517 31.398 16.729
394 7 1 31.981 17.547 31.406 16.760
395 7 1 32.087 17.576 31.436 16.721
396 7 1 31.981 17.570 31.406 16.782
397 7 1 31.989 17.600 31.414 16.812
398 7 1 31.996 17.630 31.421 16.843
399 7 1 32.004 17.645 31.429 16.858
400 7 1 32.125 17.705 31.459 16.955
401 7 1 32.004 17.683 31.429 16.895
402 7 1 32.012 17.698 31.436 16.910
403 7 1 32.019 17.728 31.444 16.941
404 7 1 32.027 17.743 31.452 16.956
405 7 1 32.307 17.922 31.542 17.060
406 7 1 32.027 17.751 31.452 16.963
407 7 1 32.035 17.766 31.459 16.978
408 7 1 32.042 17.796 31.467 17.008
409 7 1 32.050 17.826 31.474 17.038
410 7 1 32.057 17.841 31.482 17.053
411 7 1 32.080 17.856 31.505 17.068
412 7 1 32.088 17.886 31.512 17.099
413 7 1 32.095 17.916 31.520 17.129
414 7 1 32.103 17.932 31.527 17.144
415 7 1 32.352 18.125 31.603 17.158
416 7 1 32.118 17.939 31.542 17.151
417 7 1 32.125 17.954 31.550 17.166
418 7 1 32.133 17.984 31.558 17.196
419 7 1 32.156 17.999 31.580 17.211
420 7 1 32.352 18.156 31.634 17.400
421 7 1 32.156 18.007 31.580 17.219
422 7 1 32.163 18.022 31.588 17.234
423 7 1 32.171 18.037 31.596 17.249
424 7 1 32.179 18.067 31.603 17.279
425 7 1 32.383 18.231 31.664 17.490
426 7 1 32.179 18.074 31.603 17.287
427 7 1 32.186 18.089 31.611 17.302
428 7 1 32.179 18.105 31.603 17.317
429 7 1 32.201 18.119 31.626 17.332
430 7 1 32.421 18.238 31.672 17.528
431 7 1 32.186 18.127 31.611 17.339
432 7 1 32.194 18.142 31.618 17.354
433 7 1 32.201 18.142 31.626 17.354
434 7 1 32.194 18.157 31.618 17.370
435 7 1 32.375 18.246 31.634 17.573
436 7 1 32.194 18.180 31.618 17.392
437 7 1 32.186 18.180 31.611 17.392
438 7 1 32.179 18.195 31.603 17.407
439 7 1 32.186 18.195 31.611 17.407
440 7 1 32.413 18.223 31.619 17.672
441 7 1 32.171 18.188 31.596 17.400
442 7 1 32.164 18.188 31.588 17.400
443 7 1 32.171 18.203 31.596 17.415
444 7 1 32.164 18.188 31.588 17.400
445 7 1 32.383 18.223 31.574 17.816
446 7 1 32.164 18.180 31.588 17.393
447 7 1 32.171 18.180 31.596 17.392
448 7 1 32.164 18.180 31.588 17.393
449 7 1 32.171 18.180 31.596 17.392
450 7 1 32.307 18.239 31.287 17.774
451 7 1 32.156 18.173 31.581 17.385
452 7 1 32.164 18.173 31.588 17.385
453 7 1 32.171 18.173 31.596 17.385
454 7 1 32.164 18.173 31.588 17.385
455 7 1 32.171 18.173 31.596 17.385
456 7 1 32.164 18.173 31.588 17.385
457 7 1 32.171 18.173 31.596 17.385
458 7 1 32.164 18.173 31.588 17.385
459 7 1 32.171 18.173 31.596 17.385
460 7 1 32.164 18.188 31.588 17.400
461 7 1 32.171 18.203 31.596 17.415
462 7 1 32.179 18.188 31.603 17.400
463 7 1 32.186 18.203 31.611 17.415
464 7 1 32.179 18.188 31.603 17.400
465 7 1 32.186 18.218 31.611 17.430
466 7 1 32.179 18.218 31.603 17.430
0 10 1 31.960 3.294 31.516 2.571
1 10 1 31.975 3.316 31.516 2.563
2 10 1 31.976 3.353 31.516 2.600
3 10 1 31.983 3.406 31.524 2.653
4 10 1 31.983 3.443 31.524 2.690
5 10 1 31.968 3.353 31.554 2.765
6 10 1 31.968 3.368 31.547 2.750
7 10 1 31.976 3.413 31.554 2.794
8 10 1 31.968 3.450 31.547 2.832
9 10 1 31.976 3.495 31.554 2.876
10 10 1 32.066 3.786 31.472 3.003
11 10 1 32.021 3.741 31.510 3.033
12 10 1 32.014 3.771 31.502 3.063
13 10 1 32.021 3.816 31.510 3.108
14 10 1 32.014 3.846 31.502 3.138
15 10 1 32.007 3.876 31.495 3.168
16 10 1 31.984 3.921 31.472 3.212
17 10 1 31.977 3.980 31.465 3.272
18 10 1 31.969 4.025 31.458 3.317
19 10 1 31.962 4.070 31.450 3.362
20 10 1 32.075 4.316 31.390 3.384
21 10 1 32.007 4.234 31.443 3.459
22 10 1 31.992 4.272 31.428 3.496
23 10 1 31.977 4.324 31.413 3.548
24 10 1 31.978 4.361 31.413 3.586
25 10 1 32.083 4.324 31.376 3.586
26 10 1 32.023 4.339 31.436 3.571
27 10 1 32.015 4.384 31.428 3.616
28 10 1 31.993 4.413 31.406 3.646
29 10 1 31.985 4.458 31.398 3.690
30 10 1 31.978 4.503 31.391 3.735
31 10 1 31.985 4.533 31.398 3.765
32 10 1 31.978 4.563 31.391 3.795
33 10 1 31.986 4.608 31.399 3.840
34 10 1 31.978 4.668 31.391 3.899
35 10 1 31.986 4.712 31.399 3.944
36 10 1 31.978 4.742 31.391 3.974
37 10 1 31.986 4.787 31.399 4.019
38 10 1 31.979 4.847 31.391 4.079
39 10 1 31.971 4.892 31.384 4.124
40 10 1 31.919 4.937 31.211 4.236
41 10 1 31.866 4.959 31.264 4.206
42 10 1 31.859 5.004 31.257 4.251
43 10 1 31.836 5.064 31.234 4.311
44 10 1 31.829 5.094 31.227 4.341
45 10 1 31.806 5.139 31.204 4.385
46 10 1 31.799 5.169 31.197 4.415
47 10 1 31.776 5.214 31.174 4.460
48 10 1 31.769 5.259 31.167 4.505
49 10 1 31.762 5.288 31.159 4.535
50 10 1 31.754 5.333 31.152 4.580
51 10 1 31.747 5.393 31.144 4.640
52 10 1 31.739 5.438 31.137 4.685
53 10 1 31.732 5.468 31.130 4.715
54 10 1 31.740 5.528 31.137 4.774
55 10 1 31.807 5.602 31.025 4.939
56 10 1 31.650 5.633 31.175 4.894
57 10 1 31.650 5.678 31.175 4.939
58 10 1 31.597 5.723 31.205 4.983
59 10 1 31.612 5.768 31.220 5.028
60 10 1 31.597 5.798 31.205 5.058
61 10 1 31.597 5.842 31.205 5.103
62 10 1 31.597 5.887 31.205 5.148
63 10 1 31.598 5.932 31.205 5.193
64 10 1 31.598 5.977 31.206 5.238
65 10 1 31.771 6.253 30.657 5.209
66 10 1 31.575 6.015 31.183 5.275
67 10 1 31.568 6.059 31.176 5.320
68 10 1 31.568 6.104 31.176 5.365
69 10 1 31.560 6.149 31.168 5.410
70 10 1 31.688 6.254 30.785 5.374
71 10 1 31.545 6.194 31.153 5.455
72 10 1 31.538 6.239 31.146 5.500
73 10 1 31.538 6.277 31.146 5.537
74 10 1 31.531 6.322 31.138 5.582
75 10 1 31.516 6.366 31.124 5.627
76 10 1 31.508 6.411 31.116 5.672
77 10 1 31.508 6.456 31.116 5.717
78 10 1 31.501 6.509 31.109 5.769
79 10 1 31.486 6.554 31.094 5.814
80 10 1 31.478 6.606 31.086 5.866
81 10 1 31.479 6.651 31.086 5.911
82 10 1 31.471 6.704 31.079 5.964
83 10 1 31.456 6.748 31.064 6.009
84 10 1 31.449 6.801 31.057 6.061
85 10 1 31.615 7.070 30.914 6.181
86 10 1 31.441 6.846 31.049 6.106
87 10 1 31.434 6.891 31.042 6.151
88 10 1 31.441 6.936 31.049 6.196
89 10 1 31.427 6.988 31.034 6.248
90 10 1 31.585 7.197 30.959 6.518
91 10 1 31.419 7.018 31.027 6.278
92 10 1 31.419 7.056 31.027 6.316
93 10 1 31.412 7.101 31.019 6.361
94 10 1 31.404 7.153 31.012 6.413
95 10 1 31.412 7.198 31.020 6.458
96 10 1 31.404 7.250 31.012 6.511
97 10 1 31.405 7.295 31.012 6.555
98 10 1 31.405 7.340 31.012 6.600
99 10 1 31.405 7.393 31.012 6.653
100 10 1 31.616 7.632 30.938 6.953
101 10 1 31.397 7.438 31.005 6.698
102 10 1 31.397 7.483 31.005 6.743
103 10 1 31.390 7.520 30.997 6.780
104 10 1 31.473 7.670 31.058 6.997
105 10 1 31.586 7.804 30.870 7.283
106 10 1 31.450 7.685 31.058 6.960
107 10 1 31.443 7.730 31.051 7.005
108 10 1 31.428 7.775 31.036 7.050
109 10 1 31.413 7.812 31.021 7.087
110 10 1 31.398 7.857 31.006 7.132
111 10 1 31.383 7.903 30.991 7.177
112 10 1 31.376 7.948 30.983 7.222
113 10 1 31.368 7.985 30.976 7.260
114 10 1 31.346 8.038 30.953 7.312
115 10 1 31.338 8.083 30.946 7.357
116 10 1 31.316 8.128 30.923 7.402
117 10 1 31.308 8.165 30.916 7.440
119 10 1 31.301 8.158 30.908 7.432
120 10 1 31.293 8.195 30.901 7.470
121 10 1 31.278 8.240 30.886 7.515
122 10 1 31.271 8.285 30.878 7.560
123 10 1 31.271 8.330 30.878 7.605
124 10 1 31.263 8.383 30.871 7.657
125 10 1 31.248 8.428 30.856 7.702
126 10 1 31.241 8.473 30.848 7.747
127 10 1 31.241 8.518 30.849 7.792
128 10 1 31.257 8.825 30.841 8.010
130 10 1 31.242 8.781 30.849 8.040
131 10 1 31.227 8.826 30.834 8.085
132 10 1 31.212 8.878 30.819 8.137
133 10 1 31.212 8.916 30.819 8.175
135 10 1 31.204 8.908 30.811 8.168
136 10 1 31.197 8.931 30.804 8.190
138 10 1 31.189 8.923 30.796 8.183
139 10 1 31.137 9.141 30.737 8.430
140 10 1 31.100 9.419 30.662 8.626
141 10 1 31.077 9.389 30.684 8.648
142 10 1 31.062 9.427 30.669 8.686
143 10 1 31.047 9.472 30.654 8.731
144 10 1 31.032 9.517 30.639 8.776
145 10 1 31.100 9.704 30.488 8.747
146 10 1 31.009 9.547 30.617 8.806
147 10 1 30.994 9.592 30.602 8.851
148 10 1 30.979 9.638 30.587 8.896
149 10 1 30.964 9.683 30.572 8.941
150 10 1 31.025 9.795 30.353 9.183
151 10 1 30.949 9.728 30.557 8.987
152 10 1 30.942 9.773 30.549 9.032
153 10 1 30.942 9.810 30.549 9.069
154 10 1 30.934 9.856 30.542 9.114
155 10 1 31.033 10.201 30.406 9.318
156 10 1 30.919 9.893 30.527 9.152
157 10 1 30.912 9.938 30.519 9.197
158 10 1 30.920 9.983 30.527 9.242
159 10 1 30.912 10.036 30.519 9.295
160 10 1 31.018 10.426 30.414 9.385
161 10 1 30.905 10.081 30.512 9.340
162 10 1 30.897 10.134 30.504 9.392
163 10 1 30.912 10.171 30.519 9.430
164 10 1 30.883 10.397 30.482 9.640
166 10 1 30.875 10.382 30.482 9.640
167 10 1 30.875 10.419 30.482 9.678
168 10 1 30.845 10.698 30.445 9.843
169 10 1 30.838 10.638 30.445 9.888
170 10 1 31.117 10.854 30.377 9.964
171 10 1 30.830 10.668 30.437 9.918
172 10 1 30.830 10.705 30.437 9.956
173 10 1 30.830 10.758 30.437 10.009
174 10 1 30.830 10.795 30.437 10.046
175 10 1 31.087 11.027 30.369 10.002
176 10 1 30.823 10.841 30.430 10.091
177 10 1 30.823 10.886 30.430 10.136
178 10 1 30.823 10.931 30.430 10.182
179 10 1 30.831 10.976 30.438 10.227
180 10 1 31.057 11.095 30.347 10.445
181 10 1 30.944 11.193 30.468 10.377
182 10 1 30.899 11.156 30.506 10.407
183 10 1 30.906 11.193 30.513 10.444
184 10 1 30.899 11.224 30.506 10.474
185 10 1 31.155 11.417 30.257 10.694
186 10 1 30.899 11.254 30.506 10.504
187 10 1 30.899 11.291 30.506 10.542
188 10 1 30.907 11.344 30.514 10.594
189 10 1 30.907 11.374 30.514 10.624
190 10 1 31.163 11.538 30.423 10.745
191 10 1 30.907 11.412 30.514 10.662
192 10 1 30.914 11.464 30.521 10.715
193 10 1 30.929 11.487 30.536 10.737
194 10 1 31.020 11.689 30.582 10.940
196 10 1 30.998 11.682 30.604 10.932
197 10 1 31.005 11.719 30.612 10.970
198 10 1 31.020 11.742 30.627 10.992
199 10 1 31.021 11.990 30.627 11.113
201 10 1 31.028 11.779 30.635 11.030
202 10 1 31.066 12.005 30.627 11.158
203 10 1 31.043 11.952 30.650 11.203
204 10 1 31.051 11.975 30.658 11.225
205 10 1 31.164 12.192 30.552 11.233
206 10 1 31.058 11.990 30.665 11.240
207 10 1 31.066 12.012 30.673 11.263
208 10 1 31.081 12.050 30.688 11.300
209 10 1 31.096 12.072 30.703 11.323
210 10 1 31.127 12.268 30.530 11.527
211 10 1 31.096 12.102 30.703 11.353
212 10 1 31.111 12.132 30.718 11.383
213 10 1 31.111 12.155 30.718 11.405
214 10 1 31.180 12.343 30.764 11.593
216 10 1 31.164 12.335 30.771 11.585
217 10 1 31.172 12.358 30.779 11.608
218 10 1 31.187 12.388 30.794 11.638
219 10 1 31.195 12.410 30.802 11.660
220 10 1 31.195 12.433 30.802 11.683
221 10 1 31.202 12.463 30.809 11.713
222 10 1 31.218 12.485 30.824 11.736
223 10 1 31.225 12.508 30.832 11.758
224 10 1 31.225 12.538 30.832 11.788
225 10 1 31.233 12.568 30.839 11.818
226 10 1 31.248 12.591 30.855 11.841
227 10 1 31.255 12.613 30.862 11.863
228 10 1 31.255 12.643 30.862 11.893
229 10 1 31.256 12.666 30.862 11.916
230 10 1 31.467 12.747 30.734 12.000
231 10 1 31.248 12.673 30.855 11.923
232 10 1 31.256 12.696 30.862 11.946
233 10 1 31.248 12.711 30.855 11.961
234 10 1 31.248 12.726 30.855 11.976
235 10 1 31.248 12.749 30.855 11.999
236 10 1 31.248 12.779 30.855 12.029
237 10 1 31.248 12.801 30.855 12.051
238 10 1 31.241 12.816 30.847 12.067
239 10 1 31.233 12.839 30.840 12.089
240 10 1 31.233 12.862 30.840 12.112
241 10 1 31.226 12.877 30.832 12.127
242 10 1 31.211 12.900 30.817 12.150
243 10 1 31.203 12.930 30.810 12.180
244 10 1 31.211 12.945 30.817 12.195
245 10 1 31.196 12.967 30.802 12.217
246 10 1 31.188 12.983 30.795 12.232
247 10 1 31.196 12.998 30.802 12.247
248 10 1 31.181 13.013 30.787 12.263
249 10 1 31.173 13.035 30.780 12.285
250 10 1 31.173 13.065 30.780 12.315
251 10 1 31.166 13.081 30.772 12.330
252 10 1 31.158 13.103 30.765 12.353
253 10 1 31.158 13.118 30.765 12.368
254 10 1 31.158 13.141 30.765 12.391
255 10 1 31.151 13.171 30.757 12.421
256 10 1 31.143 13.194 30.750 12.444
257 10 1 31.143 13.216 30.750 12.466
258 10 1 31.143 13.246 30.750 12.496
259 10 1 31.136 13.269 30.742 12.519
260 10 1 31.128 13.292 30.735 12.542
261 10 1 31.136 13.322 30.743 12.572
262 10 1 31.128 13.344 30.735 12.594
263 10 1 31.128 13.367 30.735 12.617
265 10 1 31.121 13.360 30.727 12.609
266 10 1 31.113 13.390 30.720 12.640
267 10 1 31.113 13.420 30.720 12.670
268 10 1 31.113 13.443 30.720 12.692
269 10 1 31.129 13.525 30.645 12.889
271 10 1 31.038 13.458 30.645 12.708
272 10 1 31.031 13.481 30.637 12.731
273 10 1 31.023 13.496 30.630 12.746
274 10 1 31.023 13.511 30.630 12.761
275 10 1 31.046 13.744 30.630 12.911
277 10 1 31.031 13.699 30.637 12.949
278 10 1 31.031 13.722 30.637 12.972
279 10 1 31.023 13.737 30.630 12.987
280 10 1 31.016 13.767 30.622 13.017
281 10 1 31.001 13.798 30.607 13.047
282 10 1 30.993 13.828 30.600 13.077
283 10 1 30.986 13.850 30.592 13.100
284 10 1 30.971 13.888 30.577 13.138
285 10 1 30.963 13.911 30.570 13.160
286 10 1 30.956 13.941 30.562 13.191
287 10 1 30.941 13.971 30.547 13.221
288 10 1 30.933 13.994 30.540 13.244
289 10 1 30.933 14.017 30.540 13.266
290 10 1 30.926 14.054 30.532 13.304
291 10 1 30.911 14.077 30.517 13.327
292 10 1 30.903 14.115 30.510 13.364
293 10 1 30.903 14.138 30.510 13.387
294 10 1 30.896 14.175 30.502 13.425
295 10 1 31.040 14.506 30.510 13.545
296 10 1 30.873 14.191 30.480 13.440
297 10 1 30.873 14.213 30.480 13.463
298 10 1 30.866 14.259 30.472 13.508
299 10 1 30.858 14.289 30.465 13.538
300 10 1 31.017 14.680 30.495 13.538
301 10 1 30.858 14.319 30.465 13.568
302 10 1 30.858 14.349 30.465 13.598
303 10 1 30.851 14.387 30.457 13.636
304 10 1 30.843 14.417 30.450 13.666
305 10 1 30.851 14.447 30.457 13.696
306 10 1 30.843 14.477 30.450 13.727
308 10 1 30.836 14.470 30.442 13.719
309 10 1 30.949 14.741 30.510 13.930
311 10 1 30.927 14.703 30.533 13.952
312 10 1 30.927 14.733 30.533 13.982
313 10 1 30.927 14.763 30.533 14.012
314 10 1 30.927 14.794 30.533 14.043
315 10 1 31.048 15.162 30.472 13.787
316 10 1 30.919 14.816 30.526 14.065
317 10 1 30.919 14.846 30.526 14.095
318 10 1 30.927 14.884 30.533 14.133
319 10 1 30.920 14.914 30.526 14.163
320 10 1 30.927 14.952 30.533 14.201
321 10 1 30.920 14.990 30.526 14.239
322 10 1 30.927 15.012 30.534 14.261
323 10 1 30.920 15.050 30.526 14.299
324 10 1 30.927 15.080 30.534 14.329
325 10 1 30.920 15.103 30.526 14.352
326 10 1 30.920 15.141 30.526 14.390
327 10 1 30.920 15.163 30.526 14.412
328 10 1 30.920 15.201 30.526 14.450
329 10 1 30.920 15.231 30.526 14.480
330 10 1 30.928 15.261 30.534 14.510
331 10 1 30.928 15.292 30.534 14.540
332 10 1 30.928 15.322 30.534 14.571
333 10 1 30.935 15.352 30.542 14.601
334 10 1 30.950 15.382 30.557 14.631
335 10 1 31.011 15.547 30.406 14.549
336 10 1 30.951 15.412 30.557 14.661
337 10 1 30.958 15.457 30.564 14.706
338 10 1 30.951 15.495 30.557 14.744
339 10 1 30.966 15.533 30.572 14.781
340 10 1 30.981 15.563 30.587 14.812
341 10 1 30.989 15.593 30.595 14.842
342 10 1 30.989 15.623 30.595 14.872
343 10 1 30.996 15.661 30.602 14.909
344 10 1 31.011 15.698 30.618 14.947
345 10 1 31.178 15.871 30.504 15.084
346 10 1 31.011 15.713 30.618 14.962
347 10 1 31.011 15.736 30.618 14.985
348 10 1 31.019 15.774 30.625 15.022
349 10 1 31.019 15.804 30.625 15.053
350 10 1 31.171 16.135 30.580 15.166
351 10 1 31.012 15.827 30.618 15.075
352 10 1 31.019 15.857 30.625 15.105
353 10 1 31.019 15.887 30.625 15.136
354 10 1 31.027 15.932 30.633 15.181
355 10 1 31.163 16.346 30.512 15.099
356 10 1 31.034 15.962 30.641 15.211
357 10 1 31.042 16.000 30.648 15.249
358 10 1 31.073 16.196 30.671 15.384
359 10 1 31.065 16.158 30.671 15.407
360 10 1 31.186 16.339 30.490 15.492
361 10 1 31.073 16.362 30.694 15.543
362 10 1 31.073 16.325 30.686 15.573
363 10 1 31.073 16.355 30.686 15.603
364 10 1 31.080 16.385 30.694 15.633
365 10 1 31.285 16.481 30.520 15.725
366 10 1 31.073 16.408 30.687 15.656
367 10 1 31.073 16.438 30.687 15.686
368 10 1 31.081 16.468 30.694 15.716
369 10 1 31.081 16.506 30.694 15.754
370 10 1 31.224 16.595 30.588 15.710
371 10 1 31.081 16.536 30.694 15.784
372 10 1 31.081 16.574 30.694 15.822
373 10 1 31.081 16.612 30.694 15.860
374 10 1 31.081 16.657 30.694 15.905
375 10 1 31.232 16.739 30.642 15.898
376 10 1 31.081 16.672 30.694 15.920
377 10 1 31.073 16.717 30.687 15.966
379 10 1 31.066 16.710 30.679 15.958
380 10 1 31.315 16.813 30.627 16.268
381 10 1 31.210 16.935 30.770 16.123
382 10 1 31.179 16.898 30.793 16.146
383 10 1 31.180 16.920 30.793 16.169
384 10 1 31.180 16.943 30.793 16.191
385 10 1 31.316 17.085 30.642 16.329
386 10 1 31.172 16.973 30.786 16.222
387 10 1 31.172 16.996 30.786 16.244
388 10 1 31.172 17.019 30.786 16.267
389 10 1 31.172 17.057 30.786 16.305
390 10 1 31.293 17.176 30.680 16.313
391 10 1 31.165 17.079 30.778 16.327
392 10 1 31.165 17.117 30.778 16.365
393 10 1 31.172 17.147 30.786 16.395
394 10 1 31.165 17.178 30.778 16.426
395 10 1 31.263 17.305 30.620 16.480
396 10 1 31.150 17.178 30.763 16.426
397 10 1 31.150 17.215 30.763 16.463
398 10 1 31.142 17.231 30.756 16.479
400 10 1 31.135 17.223 30.748 16.471
401 10 1 31.120 17.261 30.733 16.509
402 10 1 31.173 17.480 30.794 16.720
404 10 1 31.173 17.472 30.794 16.720
405 10 1 31.309 17.592 30.590 16.866
406 10 1 31.165 17.480 30.786 16.728
407 10 1 31.165 17.503 30.786 16.750
408 10 1 31.173 17.525 30.794 16.773
409 10 1 31.188 17.548 30.809 16.796
410 10 1 31.324 17.720 30.650 16.895
411 10 1 31.188 17.578 30.809 16.826
412 10 1 31.188 17.616 30.809 16.864
413 10 1 31.196 17.631 30.817 16.879
414 10 1 31.203 17.631 30.824 16.879
415 10 1 31.393 17.795 30.696 17.107
416 10 1 31.211 17.661 30.832 16.909
417 10 1 31.309 17.819 30.893 17.059
419 10 1 31.287 17.811 30.908 17.059
420 10 1 31.461 17.984 30.749 17.310
421 10 1 31.287 17.819 30.908 17.067
422 10 1 31.294 17.834 30.915 17.082
423 10 1 31.309 17.841 30.930 17.089
424 10 1 31.317 17.856 30.938 17.104
425 10 1 31.484 18.082 30.810 17.249
426 10 1 31.317 17.872 30.938 17.119
427 10 1 31.325 17.887 30.946 17.134
428 10 1 31.340 17.902 30.961 17.149
429 10 1 31.393 18.098 30.931 17.240
431 10 1 31.347 17.917 30.968 17.164
432 10 1 31.363 17.947 30.983 17.194
433 10 1 31.363 17.962 30.984 17.210
434 10 1 31.363 17.985 30.984 17.232
435 10 1 31.529 18.232 30.863 17.521
436 10 1 31.363 18.022 30.984 17.270
437 10 1 31.370 18.068 30.991 17.315
439 10 1 31.363 18.060 30.984 17.308
440 10 1 31.370 18.106 30.991 17.353
442 10 1 31.363 18.098 30.984 17.346
443 10 1 31.363 18.106 30.984 17.353
444 10 1 31.370 18.121 30.991 17.368
445 10 1 31.378 18.121 30.999 17.368
446 10 1 31.378 18.128 30.999 17.376
447 10 1 31.386 18.128 31.006 17.376
449 10 1 31.378 18.121 30.999 17.368
450 10 1 31.378 18.136 30.999 17.383
451 10 1 31.386 18.151 31.006 17.398
452 10 1 31.393 18.173 31.014 17.421
453 10 1 31.393 18.204 31.014 17.451
454 10 1 31.408 18.241 31.029 17.489
456 10 1 31.401 18.234 31.022 17.481
457 10 1 31.408 18.264 31.029 17.512
459 10 1 31.401 18.256 31.022 17.504
460 10 1 31.408 18.256 31.029 17.504
461 10 1 31.401 18.256 31.022 17.504
462 10 1 31.408 18.256 31.029 17.504
463 10 1 31.401 18.256 31.022 17.504
464 10 1 31.408 18.256 31.029 17.504
465 10 1 31.408 18.256 31.029 17.504
466 10 1 31.408 18.256 31.029 17.504
0 11 1 30.357 18.252 30.100 17.960
1 11 1 30.380 18.267 30.085 17.937
2 11 1 30.388 18.267 30.069 17.915
3 11 1 30.388 18.267 30.054 17.900
4 11 1 30.388 18.267 30.047 17.885
5 11 1 30.501 18.266 29.691 17.919
6 11 1 30.463 18.259 29.729 17.911
7 11 1 30.463 18.251 29.729 17.903
8 11 1 30.471 18.251 29.736 17.903
9 11 1 30.471 18.251 29.736 17.903
10 11 1 30.531 18.258 29.691 17.919
11 11 1 30.486 18.259 29.721 17.918
12 11 1 30.486 18.259 29.721 17.918
13 11 1 30.486 18.259 29.721 17.918
14 11 1 30.546 18.265 29.698 17.911
16 11 1 30.516 18.258 29.721 17.918
17 11 1 30.516 18.228 29.721 17.888
18 11 1 30.516 18.198 29.721 17.858
19 11 1 30.524 18.160 29.729 17.820
20 11 1 30.471 18.266 29.766 17.471
21 11 1 30.516 18.107 29.721 17.767
22 11 1 30.516 18.069 29.721 17.729
23 11 1 30.523 18.024 29.728 17.684
24 11 1 30.523 17.986 29.728 17.646
25 11 1 30.539 18.266 29.827 17.327
26 11 1 30.523 17.940 29.728 17.600
27 11 1 30.523 17.902 29.728 17.563
28 11 1 30.516 17.857 29.721 17.517
29 11 1 30.516 17.827 29.721 17.487
30 11 1 30.562 18.212 29.834 17.274
31 11 1 30.500 17.789 29.706 17.449
32 11 1 30.500 17.759 29.706 17.419
33 11 1 30.500 17.736 29.705 17.396
34 11 1 30.508 17.698 29.713 17.358
35 11 1 30.508 17.683 29.713 17.343
36 11 1 30.508 17.653 29.713 17.313
37 11 1 30.508 17.623 29.713 17.283
38 11 1 30.515 17.592 29.720 17.252
39 11 1 30.523 17.562 29.728 17.222
40 11 1 30.629 17.871 29.932 16.834
41 11 1 30.523 17.517 29.728 17.177
42 11 1 30.530 17.486 29.736 17.146
43 11 1 30.553 17.448 29.758 17.108
44 11 1 30.568 17.403 29.773 17.063
45 11 1 30.652 17.757 29.848 16.616
46 11 1 30.583 17.350 29.788 17.010
47 11 1 30.606 17.312 29.811 16.972
48 11 1 30.621 17.266 29.826 16.926
49 11 1 30.643 17.228 29.849 16.888
50 11 1 30.742 17.499 29.962 16.600
51 11 1 30.651 17.190 29.856 16.850
52 11 1 30.658 17.160 29.864 16.820
53 11 1 30.673 17.129 29.879 16.789
54 11 1 30.681 17.092 29.886 16.752
55 11 1 30.885 17.362 30.045 16.591
56 11 1 30.688 17.061 29.894 16.721
57 11 1 30.696 17.031 29.902 16.691
58 11 1 30.711 16.993 29.917 16.653
59 11 1 30.794 17.083 29.917 16.547
60 11 1 30.764 17.015 29.939 16.607
61 11 1 30.779 16.977 29.954 16.569
62 11 1 30.787 16.932 29.962 16.524
63 11 1 30.802 16.894 29.977 16.486
64 11 1 30.817 16.848 29.992 16.441
65 11 1 30.824 16.803 30.000 16.395
66 11 1 30.839 16.757 30.015 16.350
67 11 1 30.847 16.712 30.022 16.304
68 11 1 30.854 16.667 30.030 16.259
69 11 1 30.862 16.621 30.037 16.213
70 11 1 31.028 16.771 30.354 15.840
71 11 1 30.862 16.576 30.037 16.168
72 11 1 30.869 16.538 30.045 16.130
73 11 1 30.877 16.500 30.052 16.092
74 11 1 30.892 16.455 30.067 16.047
75 11 1 30.899 16.417 30.075 16.009
76 11 1 30.907 16.371 30.082 15.964
77 11 1 30.914 16.334 30.090 15.926
78 11 1 30.922 16.288 30.097 15.880
79 11 1 30.929 16.243 30.105 15.835
80 11 1 30.937 16.197 30.112 15.790
81 11 1 30.952 16.152 30.127 15.744
82 11 1 30.959 16.099 30.135 15.691
83 11 1 30.974 16.054 30.150 15.646
84 11 1 30.989 16.008 30.165 15.600
85 11 1 31.004 15.963 30.180 15.555
86 11 1 31.019 15.917 30.195 15.509
87 11 1 31.034 15.872 30.210 15.464
88 11 1 31.049 15.826 30.225 15.419
89 11 1 31.064 15.788 30.240 15.381
90 11 1 31.185 15.923 30.504 14.993
91 11 1 31.072 15.736 30.248 15.328
92 11 1 31.079 15.698 30.255 15.290
93 11 1 31.087 15.660 30.263 15.252
94 11 1 31.102 15.622 30.278 15.214
95 11 1 31.223 15.704 30.466 14.888
96 11 1 31.102 15.577 30.278 15.169
97 11 1 31.117 15.539 30.293 15.131
98 11 1 31.124 15.486 30.300 15.078
99 11 1 31.139 15.448 30.315 15.040
100 11 1 31.154 15.403 30.331 14.995
101 11 1 31.169 15.357 30.346 14.949
102 11 1 31.184 15.304 30.361 14.896
103 11 1 31.192 15.251 30.368 14.844
104 11 1 31.403 15.159 30.489 14.744
105 11 1 31.245 15.372 30.677 14.230
106 11 1 31.358 15.144 30.519 14.737
107 11 1 31.117 15.524 30.300 15.086
108 11 1 31.373 15.076 30.557 14.646
109 11 1 31.388 15.023 30.572 14.600
110 11 1 31.471 15.008 30.737 14.169
111 11 1 31.282 15.062 30.685 14.479
112 11 1 31.297 15.017 30.700 14.441
113 11 1 31.297 15.002 30.738 14.373
114 11 1 31.312 14.956 30.753 14.335
115 11 1 31.327 14.911 30.768 14.290
116 11 1 31.335 14.865 30.783 14.252
117 11 1 31.350 14.820 30.798 14.206
118 11 1 31.372 14.775 30.820 14.161
119 11 1 31.387 14.722 30.850 14.115
120 11 1 31.410 14.684 30.873 14.078
121 11 1 31.432 14.638 30.896 14.032
122 11 1 31.455 14.585 30.926 13.994
123 11 1 31.485 14.540 30.956 13.949
124 11 1 31.508 14.502 30.978 13.911
125 11 1 31.704 14.493 31.023 13.504
126 11 1 31.523 14.449 31.001 13.865
127 11 1 31.545 14.404 31.031 13.820
128 11 1 31.575 14.358 31.031 13.805
129 11 1 31.598 14.320 31.061 13.767
130 11 1 31.620 14.290 31.084 13.737
131 11 1 31.643 14.252 31.099 13.706
132 11 1 31.650 14.207 31.114 13.661
133 11 1 31.673 14.169 31.144 13.623
134 11 1 31.688 14.146 31.159 13.585
135 11 1 31.703 14.093 31.182 13.540
136 11 1 31.718 14.048 31.197 13.495
137 11 1 31.733 14.003 31.212 13.457
138 11 1 31.748 13.957 31.234 13.411
139 11 1 31.763 13.912 31.249 13.366
141 11 1 31.748 13.927 31.257 13.336
142 11 1 31.944 13.752 31.445 13.139
143 11 1 31.936 13.737 31.452 13.146
144 11 1 31.981 13.669 31.445 13.124
145 11 1 32.049 13.661 31.391 12.702
146 11 1 31.988 13.617 31.460 13.078
147 11 1 32.003 13.579 31.475 13.041
148 11 1 32.026 13.541 31.505 13.003
149 11 1 32.056 13.503 31.535 12.965
150 11 1 32.079 13.465 31.558 12.927
151 11 1 32.086 13.428 31.573 12.889
152 11 1 32.109 13.390 31.603 12.851
153 11 1 32.319 13.215 31.640 12.543
155 11 1 32.131 13.344 31.625 12.806
156 11 1 32.139 13.322 31.648 12.768
157 11 1 32.296 13.132 31.723 12.565
158 11 1 32.259 13.125 31.760 12.579
159 11 1 32.356 12.876 31.858 12.240
160 11 1 32.348 12.793 31.873 12.323
161 11 1 32.378 12.755 31.903 12.292
162 11 1 32.393 12.725 31.941 12.247
163 11 1 32.423 12.680 31.971 12.209
164 11 1 32.446 12.650 31.993 12.179
165 11 1 32.574 12.762 31.609 11.956
166 11 1 32.461 12.604 32.016 12.141
167 11 1 32.483 12.567 32.038 12.111
168 11 1 32.498 12.536 32.076 12.066
169 11 1 32.521 12.506 32.098 12.043
170 11 1 32.754 12.497 31.895 11.886
171 11 1 32.528 12.476 32.121 12.005
172 11 1 32.551 12.438 32.143 11.975
173 11 1 32.573 12.400 32.166 11.937
174 11 1 32.588 12.370 32.181 11.914
175 11 1 32.859 12.414 32.090 11.487
176 11 1 32.603 12.325 32.203 11.877
177 11 1 32.618 12.295 32.226 11.846
178 11 1 32.791 12.279 32.173 11.681
179 11 1 32.633 12.235 32.248 11.794
180 11 1 32.860 12.459 32.029 11.292
181 11 1 32.641 12.189 32.263 11.756
182 11 1 32.663 12.152 32.293 11.718
183 11 1 32.671 12.107 32.301 11.688
184 11 1 32.693 12.076 32.331 11.658
185 11 1 32.866 12.128 32.127 11.261
186 11 1 32.708 12.024 32.331 11.620
187 11 1 32.730 11.986 32.361 11.582
188 11 1 32.753 11.956 32.383 11.552
189 11 1 33.008 11.819 32.353 11.380
191 11 1 32.745 11.918 32.391 11.522
192 11 1 32.971 11.796 32.548 11.318
193 11 1 32.866 11.812 32.646 11.310
194 11 1 32.858 11.805 32.639 11.303
195 11 1 32.850 11.797 32.639 11.295
196 11 1 32.843 11.790 32.631 11.295
197 11 1 33.091 11.653 32.668 11.182
198 11 1 32.828 11.775 32.624 11.280
199 11 1 32.820 11.767 32.616 11.280
200 11 1 33.008 11.638 32.714 11.144
201 11 1 32.963 11.631 32.751 11.144
202 11 1 33.091 11.615 32.631 11.040
203 11 1 32.948 11.616 32.736 11.129
204 11 1 32.940 11.609 32.728 11.122
205 11 1 33.045 11.555 32.570 11.025
206 11 1 32.925 11.594 32.713 11.107
207 11 1 32.918 11.586 32.706 11.099
208 11 1 32.910 11.579 32.698 11.092
209 11 1 32.903 11.571 32.691 11.084
210 11 1 32.895 11.564 32.683 11.077
211 11 1 32.887 11.556 32.676 11.070
212 11 1 32.880 11.549 32.668 11.062
213 11 1 32.872 11.542 32.661 11.055
214 11 1 32.865 11.534 32.653 11.047
215 11 1 32.857 11.527 32.646 11.040
216 11 1 32.850 11.519 32.638 11.032
217 11 1 32.842 11.512 32.630 11.025
218 11 1 32.835 11.504 32.623 11.017
219 11 1 32.827 11.497 32.615 11.010
220 11 1 32.820 11.489 32.608 11.002
221 11 1 32.812 11.482 32.600 10.995
222 11 1 32.805 11.474 32.593 10.987
223 11 1 32.797 11.467 32.585 10.980
224 11 1 32.789 11.459 32.578 10.972
225 11 1 32.782 11.452 32.570 10.965
226 11 1 32.774 11.444 32.563 10.958
227 11 1 32.767 11.437 32.555 10.950
228 11 1 32.759 11.430 32.548 10.943
229 11 1 32.752 11.422 32.540 10.935
230 11 1 32.744 11.415 32.532 10.928
231 11 1 32.737 11.407 32.525 10.920
232 11 1 32.729 11.400 32.517 10.913
233 11 1 32.722 11.392 32.510 10.905
234 11 1 32.714 11.385 32.502 10.898
235 11 1 32.707 11.377 32.495 10.890
236 11 1 32.699 11.370 32.487 10.883
237 11 1 32.691 11.362 32.480 10.875
238 11 1 32.684 11.355 32.472 10.868
239 11 1 32.676 11.347 32.465 10.861
240 11 1 32.669 11.340 32.457 10.853
241 11 1 32.661 11.333 32.450 10.846
242 11 1 32.654 11.325 32.442 10.838
243 11 1 32.646 11.318 32.434 10.831
244 11 1 32.639 11.310 32.427 10.823
245 11 1 32.631 11.303 32.419 10.816
246 11 1 32.624 11.295 32.412 10.808
247 11 1 32.616 11.288 32.404 10.801
248 11 1 32.608 11.280 32.397 10.793
249 11 1 32.601 11.273 32.389 10.786
250 11 1 32.593 11.265 32.382 10.778
251 11 1 32.586 11.258 32.374 10.771
252 11 1 32.578 11.250 32.367 10.763
253 11 1 32.571 11.243 32.359 10.756
254 11 1 32.563 11.235 32.352 10.749
255 11 1 32.556 11.228 32.344 10.741
256 11 1 32.548 11.221 32.336 10.734
257 11 1 32.541 11.213 32.329 10.726
258 11 1 32.533 11.206 32.321 10.719
259 11 1 32.526 11.198 32.314 10.711
260 11 1 32.518 11.191 32.306 10.704
261 11 1 32.510 11.183 32.299 10.696
262 11 1 32.503 11.176 32.291 10.689
263 11 1 32.495 11.168 32.284 10.681
264 11 1 32.488 11.161 32.276 10.674
265 11 1 32.480 11.153 32.269 10.666
266 11 1 32.473 11.146 32.261 10.659
267 11 1 32.465 11.138 32.253 10.652
268 11 1 32.458 11.131 32.246 10.644
269 11 1 32.450 11.124 32.238 10.637
270 11 1 32.443 11.116 32.231 10.629
271 11 1 32.435 11.109 32.223 10.622
272 11 1 32.428 11.101 32.216 10.614
273 11 1 32.420 11.094 32.208 10.607
274 11 1 32.412 11.086 32.201 10.599
275 11 1 32.405 11.079 32.193 10.592
276 11 1 32.397 11.071 32.186 10.584
277 11 1 32.390 11.064 32.178 10.577
278 11 1 32.382 11.056 32.171 10.569
279 11 1 32.375 11.049 32.163 10.562
280 11 1 32.367 11.041 32.155 10.554
281 11 1 32.360 11.034 32.148 10.547
282 11 1 32.352 11.026 32.140 10.540
283 11 1 32.345 11.019 32.133 10.532
284 11 1 32.337 11.012 32.125 10.525
285 11 1 32.329 11.004 32.118 10.517
286 11 1 32.322 10.997 32.110 10.510
287 11 1 32.314 10.989 32.103 10.502
288 11 1 32.307 10.982 32.095 10.495
289 11 1 32.299 10.974 32.088 10.487
290 11 1 32.292 10.967 32.080 10.480
291 11 1 32.284 10.959 32.073 10.472
292 11 1 32.277 10.952 32.065 10.465
293 11 1 32.269 10.944 32.057 10.457
294 11 1 32.262 10.937 32.050 10.450
295 11 1 32.254 10.929 32.042 10.443
296 11 1 32.247 10.922 32.035 10.435
297 11 1 32.239 10.914 32.027 10.428
298 11 1 32.231 10.907 32.020 10.420
299 11 1 32.224 10.900 32.012 10.413
300 11 1 32.216 10.892 32.005 10.405
301 11 1 32.209 10.885 31.997 10.398
302 11 1 32.201 10.877 31.990 10.390
303 11 1 32.194 10.870 31.982 10.383
304 11 1 32.186 10.862 31.974 10.375
305 11 1 32.179 10.855 31.967 10.368
306 11 1 32.171 10.847 31.959 10.360
307 11 1 32.164 10.840 31.952 10.353
308 11 1 32.156 10.832 31.944 10.345
309 11 1 32.149 10.825 31.937 10.338
310 11 1 32.141 10.817 31.929 10.331
311 11 1 32.133 10.810 31.922 10.323
312 11 1 32.126 10.803 31.914 10.316
313 11 1 32.118 10.795 31.907 10.308
314 11 1 32.111 10.788 31.899 10.301
315 11 1 32.103 10.780 31.892 10.293
316 11 1 32.096 10.773 31.884 10.286
317 11 1 32.088 10.765 31.876 10.278
318 11 1 32.081 10.758 31.869 10.271
319 11 1 32.073 10.750 31.861 10.263
320 11 1 32.066 10.743 31.854 10.256
321 11 1 32.058 10.735 31.846 10.248
322 11 1 32.050 10.728 31.839 10.241
323 11 1 32.043 10.720 31.831 10.233
324 11 1 32.035 10.713 31.824 10.226
325 11 1 32.028 10.705 31.816 10.219
326 11 1 32.020 10.698 31.809 10.211
327 11 1 32.013 10.691 31.801 10.204
328 11 1 32.005 10.683 31.794 10.196
329 11 1 31.998 10.676 31.786 10.189
330 11 1 31.990 10.668 31.778 10.181
331 11 1 31.983 10.661 31.771 10.174
332 11 1 31.975 10.653 31.763 10.166
333 11 1 31.968 10.646 31.756 10.159
334 11 1 31.960 10.638 31.748 10.151
335 11 1 31.952 10.631 31.741 10.144
336 11 1 31.945 10.623 31.733 10.136
337 11 1 31.937 10.616 31.726 10.129
338 11 1 31.930 10.608 31.718 10.121
339 11 1 31.922 10.601 31.711 10.114
340 11 1 31.915 10.593 31.703 10.107
341 11 1 31.907 10.586 31.695 10.099
342 11 1 31.900 10.579 31.688 10.092
343 11 1 31.892 10.571 31.680 10.084
344 11 1 31.885 10.564 31.673 10.077
345 11 1 31.877 10.556 31.665 10.069
346 11 1 31.869 10.549 31.658 10.062
347 11 1 31.862 10.541 31.650 10.054
348 11 1 31.854 10.534 31.643 10.047
349 11 1 31.847 10.526 31.635 10.039
350 11 1 31.839 10.519 31.628 10.032
351 11 1 31.832 10.511 31.620 10.024
352 11 1 31.824 10.504 31.613 10.017
353 11 1 31.817 10.496 31.605 10.010
354 11 1 31.809 10.489 31.597 10.002
355 11 1 31.802 10.481 31.590 9.995
356 11 1 31.794 10.474 31.582 9.987
357 11 1 31.787 10.467 31.575 9.980
358 11 1 31.779 10.459 31.567 9.972
359 11 1 31.771 10.452 31.560 9.965
360 11 1 31.764 10.444 31.552 9.957
361 11 1 31.756 10.437 31.545 9.950
362 11 1 31.749 10.429 31.537 9.942
363 11 1 31.741 10.422 31.530 9.935
364 11 1 31.734 10.414 31.522 9.927
365 11 1 31.726 10.407 31.514 9.920
366 11 1 31.719 10.399 31.507 9.912
367 11 1 31.711 10.392 31.499 9.905
368 11 1 31.704 10.384 31.492 9.898
369 11 1 31.696 10.377 31.484 9.890
370 11 1 31.688 10.369 31.477 9.883
371 11 1 31.681 10.362 31.469 9.875
372 11 1 31.673 10.355 31.462 9.868
373 11 1 31.666 10.347 31.454 9.860
374 11 1 31.658 10.340 31.447 9.853
375 11 1 31.651 10.332 31.439 9.845
376 11 1 31.643 10.325 31.432 9.838
377 11 1 31.636 10.317 31.424 9.830
378 11 1 31.628 10.310 31.416 9.823
379 11 1 31.621 10.302 31.409 9.815
380 11 1 31.613 10.295 31.401 9.808
381 11 1 31.605 10.287 31.394 9.800
382 11 1 31.598 10.280 31.386 9.793
383 11 1 31.590 10.272 31.379 9.786
384 11 1 31.583 10.265 31.371 9.778
385 11 1 31.575 10.257 31.364 9.771
386 11 1 31.568 10.250 31.356 9.763
387 11 1 31.560 10.243 31.349 9.756
388 11 1 31.553 10.235 31.341 9.748
389 11 1 31.545 10.228 31.333 9.741
390 11 1 31.538 10.220 31.326 9.733
391 11 1 31.530 10.213 31.318 9.726
392 11 1 31.523 10.205 31.311 9.718
393 11 1 31.515 10.198 31.303 9.711
394 11 1 31.507 10.190 31.296 9.703
395 11 1 31.500 10.183 31.288 9.696
396 11 1 31.492 10.175 31.281 9.688
397 11 1 31.485 10.168 31.273 9.681
398 11 1 31.477 10.160 31.266 9.674
399 11 1 31.470 10.153 31.258 9.666
400 11 1 31.462 10.145 31.251 9.659
401 11 1 31.455 10.138 31.243 9.651
402 11 1 31.447 10.131 31.235 9.644
403 11 1 31.440 10.123 31.228 9.636
404 11 1 31.432 10.116 31.220 9.629
405 11 1 31.424 10.108 31.213 9.621
406 11 1 31.417 10.101 31.205 9.614
407 11 1 31.409 10.093 31.198 9.606
408 11 1 31.402 10.086 31.190 9.599
409 11 1 31.394 10.078 31.183 9.591
410 11 1 31.387 10.071 31.175 9.584
411 11 1 31.379 10.063 31.168 9.576
412 11 1 31.372 10.056 31.160 9.569
413 11 1 31.364 10.048 31.152 9.562
414 11 1 31.357 10.041 31.145 9.554
415 11 1 31.349 10.033 31.137 9.547
416 11 1 31.341 10.026 31.130 9.539
417 11 1 31.334 10.019 31.122 9.532
418 11 1 31.326 10.011 31.115 9.524
419 11 1 31.319 10.004 31.107 9.517
420 11 1 31.311 9.996 31.100 9.509
421 11 1 31.304 9.989 31.092 9.502
422 11 1 31.296 9.981 31.085 9.494
423 11 1 31.289 9.974 31.077 9.487
424 11 1 31.281 9.966 31.069 9.479
425 11 1 31.274 9.959 31.062 9.472
426 11 1 31.266 9.951 31.054 9.464
427 11 1 31.259 9.944 31.047 9.457
428 11 1 31.251 9.936 31.039 9.450
429 11 1 31.243 9.929 31.032 9.442
430 11 1 31.236 9.921 31.024 9.435
431 11 1 31.228 9.914 31.017 9.427
432 11 1 31.221 9.907 31.009 9.420
433 11 1 31.213 9.899 31.002 9.412
434 11 1 31.206 9.892 30.994 9.405
435 11 1 31.198 9.884 30.987 9.397
436 11 1 31.191 9.877 30.979 9.390
437 11 1 31.183 9.869 30.971 9.382
438 11 1 31.176 9.862 30.964 9.375
439 11 1 31.168 9.854 30.956 9.367
440 11 1 31.160 9.847 30.949 9.360
441 11 1 31.153 9.839 30.941 9.352
442 11 1 31.145 9.832 30.934 9.345
443 11 1 31.138 9.824 30.926 9.338
444 11 1 31.130 9.817 30.919 9.330
445 11 1 31.123 9.809 30.911 9.323
446 11 1 31.115 9.802 30.904 9.315
447 11 1 31.108 9.795 30.896 9.308
448 11 1 31.100 9.787 30.888 9.300
449 11 1 31.093 9.780 30.881 9.293
450 11 1 31.085 9.772 30.873 9.285
451 11 1 31.077 9.765 30.866 9.278
452 11 1 31.070 9.757 30.858 9.270
453 11 1 31.062 9.750 30.851 9.263
454 11 1 31.055 9.742 30.843 9.255
455 11 1 31.047 9.735 30.836 9.248
456 11 1 31.040 9.727 30.828 9.240
457 11 1 31.032 9.720 30.821 9.233
458 11 1 31.025 9.712 30.813 9.225
459 11 1 31.017 9.705 30.805 9.218
460 11 1 31.010 9.697 30.798 9.211
461 11 1 31.002 9.690 30.790 9.203
462 11 1 30.994 9.683 30.783 9.196
463 11 1 30.987 9.675 30.775 9.188
464 11 1 30.979 9.668 30.768 9.181
465 11 1 30.972 9.660 30.760 9.173
466 11 1 30.964 9.653 30.753 9.166
0 12 2 31.884 18.032 31.657 17.777
1 12 2 31.907 18.055 31.649 17.762
2 12 2 31.914 18.062 31.634 17.747
3 12 2 31.914 18.062 31.619 17.732
4 12 2 31.914 18.062 31.612 17.725
5 12 2 31.914 18.062 31.604 17.717
6 12 2 31.914 18.062 31.596 17.710
7 12 2 31.914 18.062 31.589 17.702
8 12 2 31.907 18.062 31.581 17.695
9 12 2 31.899 18.055 31.574 17.687
10 12 2 31.892 18.047 31.566 17.680
11 12 2 31.884 18.040 31.559 17.673
12 12 2 31.876 18.032 31.551 17.665
13 12 2 31.869 18.025 31.543 17.658
14 12 2 31.861 18.017 31.536 17.650
15 12 2 31.854 18.010 31.528 17.643
16 12 2 31.846 18.002 31.521 17.635
17 12 2 31.839 17.995 31.513 17.628
18 12 2 31.831 17.987 31.506 17.620
19 12 2 31.823 17.980 31.498 17.613
20 12 2 31.816 17.972 31.490 17.605
21 12 2 31.808 17.965 31.483 17.598
22 12 2 31.801 17.957 31.475 17.590
23 12 2 31.793 17.950 31.468 17.583
24 12 2 31.786 17.942 31.460 17.575
25 12 2 31.778 17.935 31.453 17.568
26 12 2 31.771 17.927 31.445 17.560
27 12 2 31.763 17.920 31.437 17.553
28 12 2 31.755 17.912 31.430 17.545
29 12 2 31.748 17.905 31.422 17.538
30 12 2 31.740 17.897 31.415 17.530
31 12 2 31.733 17.890 31.407 17.523
32 12 2 31.725 17.882 31.400 17.515
33 12 2 31.718 17.875 31.392 17.508
34 12 2 31.710 17.868 31.384 17.500
35 12 2 31.702 17.860 31.377 17.493
36 12 2 31.695 17.853 31.369 17.485
37 12 2 31.687 17.845 31.362 17.478
38 12 2 31.680 17.838 31.354 17.470
39 12 2 31.672 17.830 31.347 17.463
40 12 2 31.665 17.823 31.339 17.455
41 12 2 31.657 17.815 31.331 17.448
42 12 2 31.649 17.808 31.324 17.441
43 12 2 31.642 17.800 31.316 17.433
44 12 2 31.634 17.793 31.309 17.426
45 12 2 31.627 17.785 31.301 17.418
46 12 2 31.619 17.778 31.294 17.411
47 12 2 31.612 17.770 31.286 17.403
48 12 2 31.604 17.763 31.279 17.396
49 12 2 31.596 17.755 31.271 17.388
50 12 2 31.589 17.748 31.263 17.381
51 12 2 31.581 17.740 31.256 17.373
52 12 2 31.574 17.733 31.248 17.366
53 12 2 31.566 17.725 31.241 17.358
54 12 2 31.559 17.718 31.233 17.351
55 12 2 31.551 17.710 31.226 17.343
56 12 2 31.543 17.703 31.218 17.336
57 12 2 31.536 17.695 31.210 17.328
58 12 2 31.528 17.688 31.203 17.321
59 12 2 31.521 17.680 31.195 17.313
60 12 2 31.513 17.673 31.188 17.306
61 12 2 31.506 17.665 31.180 17.298
62 12 2 31.498 17.658 31.173 17.291
63 12 2 31.491 17.651 31.165 17.283
64 12 2 31.483 17.643 31.157 17.276
65 12 2 31.475 17.636 31.150 17.268
66 12 2 31.468 17.628 31.142 17.261
67 12 2 31.460 17.621 31.135 17.253
68 12 2 31.453 17.613 31.127 17.246
69 12 2 31.445 17.606 31.120 17.238
70 12 2 31.438 17.598 31.112 17.231
71 12 2 31.430 17.591 31.104 17.223
72 12 2 31.422 17.583 31.097 17.216
73 12 2 31.415 17.576 31.089 17.209
74 12 2 31.407 17.568 31.082 17.201
75 12 2 31.400 17.561 31.074 17.194
76 12 2 31.392 17.553 31.067 17.186
77 12 2 31.385 17.546 31.059 17.179
78 12 2 31.377 17.538 31.051 17.171
79 12 2 31.369 17.531 31.044 17.164
80 12 2 31.362 17.523 31.036 17.156
81 12 2 31.354 17.516 31.029 17.149
82 12 2 31.347 17.508 31.021 17.141
83 12 2 31.339 17.501 31.014 17.134
84 12 2 31.332 17.493 31.006 17.126
85 12 2 31.324 17.486 30.998 17.119
86 12 2 31.316 17.478 30.991 17.111
87 12 2 31.309 17.471 30.983 17.104
88 12 2 31.301 17.463 30.976 17.096
89 12 2 31.294 17.456 30.968 17.089
90 12 2 31.286 17.448 30.961 17.081
91 12 2 31.279 17.441 30.953 17.074
92 12 2 31.271 17.433 30.946 17.066
93 12 2 31.263 17.426 30.938 17.059
94 12 2 31.256 17.419 30.930 17.051
95 12 2 31.248 17.411 30.923 17.044
96 12 2 31.241 17.404 30.915 17.036
97 12 2 31.233 17.396 30.908 17.029
98 12 2 31.226 17.389 30.900 17.021
99 12 2 31.218 17.381 30.893 17.014
100 12 2 31.210 17.374 30.885 17.006
101 12 2 31.203 17.366 30.877 16.999
102 12 2 31.195 17.359 30.870 16.991
103 12 2 31.188 17.351 30.862 16.984
104 12 2 31.180 17.344 30.855 16.977
105 12 2 31.173 17.336 30.847 16.969
106 12 2 31.165 17.329 30.840 16.962
107 12 2 31.158 17.321 30.832 16.954
108 12 2 31.150 17.314 30.824 16.947
109 12 2 31.142 17.306 30.817 16.939
110 12 2 31.135 17.299 30.809 16.932
111 12 2 31.127 17.291 30.802 16.924
112 12 2 31.120 17.284 30.794 16.917
113 12 2 31.112 17.276 30.787 16.909
114 12 2 31.105 17.269 30.779 16.902
115 12 2 31.097 17.261 30.771 16.894
116 12 2 31.089 17.254 30.764 16.887
117 12 2 31.082 17.246 30.756 16.879
118 12 2 31.074 17.239 30.749 16.872
119 12 2 31.067 17.231 30.741 16.864
120 12 2 31.059 17.224 30.734 16.857
121 12 2 31.052 17.216 30.726 16.849
122 12 2 31.044 17.209 30.718 16.842
123 12 2 31.036 17.201 30.711 16.834
124 12 2 31.029 17.194 30.703 16.827
125 12 2 31.021 17.187 30.696 16.819
126 12 2 31.014 17.179 30.688 16.812
127 12 2 31.006 17.172 30.681 16.804
128 12 2 30.999 17.164 30.673 16.797
129 12 2 30.991 17.157 30.665 16.789
130 12 2 30.983 17.149 30.658 16.782
131 12 2 30.976 17.142 30.650 16.774
132 12 2 30.968 17.134 30.643 16.767
133 12 2 30.961 17.127 30.635 16.759
134 12 2 30.953 17.119 30.628 16.752
135 12 2 30.946 17.112 30.620 16.744
136 12 2 30.938 17.104 30.612 16.737
137 12 2 30.930 17.097 30.605 16.730
138 12 2 30.923 17.089 30.597 16.722
139 12 2 30.915 17.082 30.590 16.715
140 12 2 30.908 17.074 30.582 16.707
141 12 2 30.900 17.067 30.575 16.700
142 12 2 30.893 17.059 30.567 16.692
143 12 2 30.885 17.052 30.559 16.685
144 12 2 30.877 17.044 30.552 16.677
145 12 2 30.870 17.037 30.544 16.670
146 12 2 30.862 17.029 30.537 16.662
147 12 2 30.855 17.022 30.529 16.655
148 12 2 30.847 17.014 30.522 16.647
149 12 2 30.840 17.007 30.514 16.640
150 12 2 30.832 16.999 30.506 16.632
151 12 2 30.824 16.992 30.499 16.625
152 12 2 30.817 16.984 30.491 16.617
153 12 2 30.809 16.977 30.484 16.610
154 12 2 30.802 16.969 30.476 16.602
155 12 2 30.794 16.962 30.469 16.595
156 12 2 30.787 16.955 30.461 16.587
157 12 2 30.779 16.947 30.453 16.580
158 12 2 30.771 16.940 30.446 16.572
159 12 2 30.764 16.932 30.438 16.565
160 12 2 30.756 16.925 30.431 16.557
161 12 2 30.749 16.917 30.423 16.550
162 12 2 30.741 16.910 30.416 16.542
163 12 2 30.734 16.902 30.408 16.535
164 12 2 30.726 16.895 30.400 16.527
165 12 2 30.718 16.887 30.393 16.520
166 12 2 30.711 16.880 30.385 16.512
167 12 2 30.703 16.872 30.378 16.505
168 12 2 30.696 16.865 30.370 16.497
169 12 2 30.688 16.857 30.363 16.490
170 12 2 30.681 16.850 30.355 16.482
171 12 2 30.673 16.842 30.348 16.475
172 12 2 30.666 16.835 30.340 16.468
173 12 2 30.658 16.827 30.332 16.460
174 12 2 30.650 16.820 30.325 16.453
175 12 2 30.643 16.812 30.317 16.445
176 12 2 30.635 16.805 30.310 16.438
177 12 2 30.628 16.797 30.302 16.430
178 12 2 30.620 16.790 30.295 16.423
179 12 2 30.613 16.782 30.287 16.415
180 12 2 30.605 16.775 30.279 16.408
181 12 2 30.597 16.767 30.272 16.400
182 12 2 30.590 16.760 30.264 16.393
183 12 2 30.582 16.752 30.257 16.385
184 12 2 30.575 16.745 30.249 16.378
185 12 2 30.567 16.737 30.242 16.370
186 12 2 30.560 16.730 30.234 16.363
187 12 2 30.552 16.722 30.226 16.355
188 12 2 30.544 16.715 30.219 16.348
189 12 2 30.537 16.707 30.211 16.340
190 12 2 30.529 16.700 30.204 16.333
191 12 2 30.522 16.693 30.196 16.325
192 12 2 30.514 16.685 30.189 16.318
193 12 2 30.507 16.678 30.181 16.310
194 12 2 30.499 16.670 30.173 16.303
195 12 2 30.491 16.663 30.166 16.295
196 12 2 30.484 16.655 30.158 16.288
197 12 2 30.476 16.648 30.151 16.280
198 12 2 30.469 16.640 30.143 16.273
199 12 2 30.461 16.633 30.136 16.265
200 12 2 30.454 16.625 30.128 16.258
201 12 2 30.446 16.618 30.120 16.250
202 12 2 30.438 16.610 30.113 16.243
203 12 2 30.431 16.603 30.105 16.235
204 12 2 30.423 16.595 30.098 16.228
205 12 2 30.416 16.588 30.090 16.220
206 12 2 30.408 16.580 30.083 16.213
207 12 2 30.401 16.573 30.075 16.206
208 12 2 30.393 16.565 30.067 16.198
209 12 2 30.385 16.558 30.060 16.191
210 12 2 30.378 16.550 30.052 16.183
211 12 2 30.370 16.543 30.045 16.176
212 12 2 30.363 16.535 30.037 16.168
213 12 2 30.355 16.528 30.030 16.161
214 12 2 30.348 16.520 30.022 16.153
215 12 2 30.340 16.513 30.014 16.146
216 12 2 30.332 16.505 30.007 16.138
217 12 2 30.325 16.498 29.999 16.131
218 12 2 30.317 16.490 29.992 16.123
219 12 2 30.310 16.483 29.984 16.116
220 12 2 30.302 16.475 29.977 16.108
221 12 2 30.295 16.468 29.969 16.101
222 12 2 30.287 16.460 29.961 16.093
223 12 2 30.279 16.453 29.954 16.086
224 12 2 30.272 16.445 29.946 16.078
225 12 2 30.264 16.438 29.939 16.071
226 12 2 30.257 16.431 29.931 16.063
227 12 2 30.249 16.423 29.924 16.056
228 12 2 30.242 16.416 29.916 16.048
229 12 2 30.234 16.408 29.908 16.041
230 12 2 30.226 16.401 29.901 16.033
231 12 2 30.219 16.393 29.893 16.026
232 12 2 30.211 16.386 29.886 16.018
233 12 2 30.204 16.378 29.878 16.011
234 12 2 30.196 16.371 29.871 16.003
235 12 2 30.189 16.363 29.863 15.996
236 12 2 30.181 16.356 29.855 15.988
237 12 2 30.173 16.348 29.848 15.981
238 12 2 30.166 16.341 29.840 15.973
239 12 2 30.158 16.333 29.833 15.966
240 12 2 30.151 16.326 29.825 15.958
241 12 2 30.143 16.318 29.818 15.951
242 12 2 30.136 16.311 29.810 15.943
243 12 2 30.128 16.303 29.802 15.936
244 12 2 30.120 16.296 29.795 15.928
245 12 2 30.113 16.288 29.787 15.921
246 12 2 30.105 16.281 29.780 15.914
247 12 2 30.098 16.273 29.772 15.906
248 12 2 30.090 16.266 29.765 15.899
249 12 2 30.083 16.258 29.757 15.891
250 12 2 30.075 16.251 29.749 15.884
251 12 2 30.067 16.243 29.742 15.876
252 12 2 30.060 16.236 29.734 15.869
253 12 2 30.052 16.228 29.727 15.861
254 12 2 30.045 16.221 29.719 15.854
255 12 2 30.037 16.213 29.712 15.846
256 12 2 30.030 16.206 29.704 15.839
257 12 2 30.022 16.198 29.696 15.831
258 12 2 30.014 16.191 29.689 15.824
259 12 2 30.007 16.183 29.681 15.816
260 12 2 29.999 16.176 29.674 15.809
261 12 2 29.992 16.168 29.666 15.801
262 12 2 29.984 16.161 29.659 15.794
263 12 2 29.977 16.154 29.651 15.786
264 12 2 29.969 16.146 29.643 15.779
265 12 2 29.961 16.139 29.636 15.771
266 12 2 29.954 16.131 29.628 15.764
267 12 2 29.946 16.124 29.621 15.756
268 12 2 29.939 16.116 29.613 15.749
269 12 2 29.931 16.109 29.606 15.741
270 12 2 29.924 16.101 29.598 15.734
271 12 2 29.916 16.094 29.590 15.726
272 12 2 29.908 16.086 29.583 15.719
273 12 2 29.901 16.079 29.575 15.711
274 12 2 29.893 16.071 29.568 15.704
275 12 2 29.886 16.064 29.560 15.696
276 12 2 29.878 16.056 29.553 15.689
277 12 2 29.871 16.049 29.545 15.681
278 12 2 29.863 16.041 29.537 15.674
279 12 2 29.855 16.034 29.530 15.666
280 12 2 29.848 16.026 29.522 15.659
281 12 2 29.840 16.019 29.515 15.651
282 12 2 29.833 16.011 29.507 15.644
283 12 2 29.825 16.004 29.500 15.636
284 12 2 29.818 15.996 29.492 15.629
285 12 2 29.810 15.989 29.484 15.622
286 12 2 29.802 15.981 29.477 15.614
287 12 2 29.795 15.974 29.469 15.607
288 12 2 29.787 15.966 29.462 15.599
289 12 2 29.780 15.959 29.454 15.592
290 12 2 29.772 15.951 29.447 15.584
291 12 2 29.765 15.944 29.439 15.577
292 12 2 29.757 15.936 29.431 15.569
293 12 2 29.749 15.929 29.424 15.562
294 12 2 29.742 15.921 29.416 15.554
295 12 2 29.734 15.914 29.409 15.547
296 12 2 29.727 15.906 29.401 15.539
297 12 2 29.719 15.899 29.394 15.532
298 12 2 29.712 15.891 29.386 15.524
299 12 2 29.704 15.884 29.378 15.517
300 12 2 29.696 15.877 29.371 15.509
301 12 2 29.689 15.869 29.363 15.502
302 12 2 29.681 15.862 29.356 15.494
303 12 2 29.674 15.854 29.348 15.487
304 12 2 29.666 15.847 29.341 15.479
305 12 2 29.659 15.839 29.333 15.472
306 12 2 29.651 15.832 29.325 15.464
307 12 2 29.643 15.824 29.318 15.457
308 12 2 29.636 15.817 29.310 15.449
309 12 2 29.628 15.809 29.303 15.442
310 12 2 29.621 15.802 29.295 15.434
311 12 2 29.613 15.794 29.287 15.427
312 12 2 29.606 15.787 29.280 15.419
313 12 2 29.598 15.779 29.272 15.412
314 12 2 29.590 15.772 29.265 15.404
315 12 2 29.583 15.764 29.257 15.397
316 12 2 29.575 15.757 29.250 15.389
317 12 2 29.568 15.749 29.242 15.382
318 12 2 29.560 15.742 29.234 15.374
319 12 2 29.553 15.734 29.227 15.367
320 12 2 29.545 15.727 29.219 15.359
321 12 2 29.537 15.719 29.212 15.352
322 12 2 29.530 15.712 29.204 15.344
323 12 2 29.522 15.704 29.197 15.337
324 12 2 29.515 15.697 29.189 15.329
325 12 2 29.507 15.689 29.181 15.322
326 12 2 29.500 15.682 29.174 15.315
327 12 2 29.492 15.674 29.166 15.307
328 12 2 29.484 15.667 29.159 15.300
329 12 2 29.477 15.659 29.151 15.292
330 12 2 29.469 15.652 29.144 15.285
331 12 2 29.462 15.644 29.136 15.277
332 12 2 29.454 15.637 29.128 15.270
333 12 2 29.447 15.629 29.121 15.262
334 12 2 29.439 15.622 29.113 15.255
335 12 2 29.431 15.614 29.106 15.247
336 12 2 29.424 15.607 29.098 15.240
337 12 2 29.416 15.599 29.091 15.232
338 12 2 29.409 15.592 29.083 15.225
339 12 2 29.401 15.584 29.075 15.217
340 12 2 29.394 15.577 29.068 15.210
341 12 2 29.386 15.570 29.060 15.202
342 12 2 29.378 15.562 29.053 15.195
343 12 2 29.371 15.555 29.045 15.187
344 12 2 29.363 15.547 29.038 15.180
345 12 2 29.356 15.540 29.030 15.172
346 12 2 29.348 15.532 29.022 15.165
347 12 2 29.341 15.525 29.015 15.157
348 12 2 29.333 15.517 29.007 15.150
349 12 2 29.325 15.510 29.000 15.142
350 12 2 29.318 15.502 28.992 15.135
351 12 2 29.310 15.495 28.985 15.127
352 12 2 29.303 15.487 28.977 15.120
353 12 2 29.295 15.480 28.969 15.112
354 12 2 29.288 15.472 28.962 15.105
355 12 2 29.280 15.465 28.954 15.097
356 12 2 29.272 15.457 28.947 15.090
357 12 2 29.265 15.450 28.939 15.082
358 12 2 29.477 15.433 29.053 15.059
359 12 2 29.431 15.426 29.090 15.058
360 12 2 29.424 15.418 29.083 15.051
361 12 2 29.636 15.454 29.234 15.072
362 12 2 29.605 15.447 29.257 15.080
363 12 2 29.598 15.439 29.249 15.072
364 12 2 29.696 15.453 29.370 14.996
365 12 2 29.704 15.408 29.363 15.033
366 12 2 29.696 15.401 29.355 15.026
367 12 2 29.688 15.393 29.348 15.018
368 12 2 29.870 15.369 29.431 14.972
369 12 2 29.824 15.354 29.476 14.980
370 12 2 29.817 15.347 29.469 14.972
371 12 2 29.809 15.339 29.461 14.965
372 12 2 29.892 15.210 29.552 14.851
373 12 2 29.892 15.218 29.552 14.851
374 12 2 29.877 15.218 29.537 14.851
375 12 2 29.870 15.210 29.529 14.843
376 12 2 29.862 15.203 29.522 14.836
377 12 2 29.855 15.195 29.514 14.828
378 12 2 29.847 15.188 29.506 14.821
379 12 2 29.839 15.180 29.499 14.813
380 12 2 29.832 15.173 29.491 14.806
381 12 2 29.824 15.165 29.484 14.798
382 12 2 29.817 15.158 29.476 14.791
383 12 2 29.809 15.150 29.469 14.783
384 12 2 29.802 15.143 29.461 14.776
385 12 2 29.794 15.135 29.453 14.768
386 12 2 29.786 15.128 29.446 14.761
387 12 2 29.779 15.120 29.438 14.753
388 12 2 29.771 15.113 29.431 14.746
389 12 2 29.764 15.105 29.423 14.738
390 12 2 29.756 15.098 29.416 14.731
391 12 2 29.749 15.090 29.408 14.723
392 12 2 29.741 15.083 29.400 14.723
393 12 2 29.733 15.075 29.393 14.716
394 12 2 29.726 15.068 29.385 14.708
395 12 2 29.718 15.061 29.378 14.701
396 12 2 29.711 15.053 29.370 14.694
397 12 2 29.703 15.046 29.363 14.686
398 12 2 29.696 15.038 29.355 14.679
399 12 2 29.688 15.031 29.347 14.671
400 12 2 29.680 15.023 29.340 14.664
401 12 2 29.673 15.016 29.332 14.656
402 12 2 29.665 15.008 29.325 14.649
403 12 2 29.658 15.001 29.317 14.641
404 12 2 29.650 14.993 29.310 14.634
405 12 2 29.643 14.986 29.302 14.626
406 12 2 29.635 14.978 29.294 14.619
407 12 2 29.627 14.971 29.287 14.611
408 12 2 29.620 14.963 29.279 14.604
409 12 2 29.612 14.956 29.272 14.596
410 12 2 29.605 14.948 29.264 14.589
411 12 2 29.597 14.941 29.257 14.581
412 12 2 29.590 14.933 29.249 14.574
413 12 2 29.582 14.926 29.241 14.566
414 12 2 29.575 14.918 29.234 14.559
415 12 2 29.567 14.911 29.226 14.551
416 12 2 29.559 14.903 29.219 14.544
417 12 2 29.552 14.896 29.211 14.536
418 12 2 29.544 14.888 29.204 14.529
419 12 2 29.537 14.881 29.196 14.521
420 12 2 29.529 14.873 29.188 14.514
421 12 2 29.522 14.866 29.181 14.506
422 12 2 29.514 14.858 29.173 14.499
423 12 2 29.506 14.851 29.166 14.491
424 12 2 29.499 14.843 29.158 14.484
425 12 2 29.491 14.836 29.151 14.476
426 12 2 29.484 14.828 29.143 14.469
427 12 2 29.476 14.821 29.135 14.461
428 12 2 29.469 14.813 29.128 14.454
429 12 2 29.461 14.806 29.120 14.446
430 12 2 29.453 14.799 29.113 14.439
431 12 2 29.446 14.791 29.105 14.431
432 12 2 29.438 14.784 29.098 14.424
433 12 2 29.431 14.776 29.090 14.417
434 12 2 29.423 14.769 29.082 14.409
435 12 2 29.416 14.761 29.075 14.402
436 12 2 29.408 14.754 29.067 14.394
437 12 2 29.400 14.746 29.060 14.387
438 12 2 29.393 14.739 29.052 14.379
439 12 2 29.385 14.731 29.045 14.372
440 12 2 29.378 14.724 29.037 14.364
441 12 2 29.370 14.716 29.029 14.357
442 12 2 29.363 14.709 29.022 14.349
443 12 2 29.355 14.701 29.014 14.342
444 12 2 29.347 14.694 29.007 14.334
445 12 2 29.340 14.686 28.999 14.327
446 12 2 29.332 14.679 28.992 14.319
447 12 2 29.325 14.671 28.984 14.312
448 12 2 29.317 14.664 28.976 14.304
449 12 2 29.310 14.656 28.969 14.297
450 12 2 29.302 14.649 28.961 14.289
451 12 2 29.294 14.641 28.954 14.282
452 12 2 29.287 14.634 28.946 14.274
453 12 2 29.279 14.626 28.939 14.267
454 12 2 29.272 14.619 28.931 14.259
455 12 2 29.264 14.611 28.923 14.252
456 12 2 29.257 14.604 28.916 14.244
457 12 2 29.249 14.596 28.908 14.237
458 12 2 29.241 14.589 28.901 14.229
459 12 2 29.234 14.581 28.893 14.222
460 12 2 29.226 14.574 28.886 14.214
461 12 2 29.219 14.566 28.878 14.207
462 12 2 29.211 14.559 28.870 14.199
463 12 2 29.204 14.551 28.863 14.192
464 12 2 29.196 14.544 28.855 14.184
465 12 2 29.188 14.536 28.848 14.177
466 12 2 29.181 14.529 28.840 14.169
0 13 2 18.460 9.668 17.697 9.165
1 13 2 18.482 9.683 17.689 9.158
2 13 2 18.513 9.691 17.720 9.165
3 13 2 18.559 9.698 17.766 9.173
4 13 2 18.574 9.705 17.781 9.180
5 13 2 18.620 9.773 17.819 9.301
6 13 2 18.612 9.773 17.819 9.293
7 13 2 18.650 9.781 17.857 9.301
8 13 2 18.704 9.803 17.911 9.323
9 13 2 18.742 9.795 17.949 9.315
10 13 2 19.330 9.920 17.872 9.331
11 13 2 19.185 9.891 18.002 9.353
12 13 2 19.230 9.898 18.048 9.360
13 13 2 19.291 9.921 18.109 9.383
14 13 2 19.337 9.928 18.155 9.390
15 13 2 19.688 9.987 18.201 9.390
16 13 2 19.581 9.964 18.292 9.412
17 13 2 19.627 9.972 18.338 9.419
18 13 2 19.688 9.979 18.399 9.426
19 13 2 19.734 10.001 18.445 9.449
20 13 2 19.978 10.053 18.384 9.479
21 13 2 19.856 10.039 18.491 9.486
22 13 2 19.902 10.046 18.537 9.494
23 13 2 19.963 10.053 18.598 9.501
24 13 2 20.008 10.075 18.644 9.523
25 13 2 20.237 10.248 18.651 9.463
26 13 2 20.062 10.075 18.697 9.523
27 13 2 20.108 10.082 18.743 9.530
28 13 2 20.184 10.105 18.819 9.553
29 13 2 20.214 10.112 18.850 9.560
30 13 2 20.801 10.267 18.391 9.525
31 13 2 20.268 10.112 18.903 9.560
32 13 2 20.314 10.119 18.949 9.567
33 13 2 20.359 10.126 18.995 9.574
34 13 2 20.420 10.149 19.056 9.597
35 13 2 20.687 10.208 19.209 9.604
36 13 2 20.634 10.185 19.254 9.626
37 13 2 20.679 10.200 19.300 9.641
38 13 2 20.740 10.215 19.361 9.656
39 13 2 20.786 10.230 19.407 9.671
40 13 2 20.991 10.372 19.377 9.610
41 13 2 20.809 10.237 19.430 9.678
42 13 2 20.855 10.252 19.475 9.693
43 13 2 20.900 10.252 19.521 9.693
44 13 2 20.946 10.267 19.567 9.707
45 13 2 21.205 10.439 19.666 9.646
46 13 2 20.984 10.274 19.605 9.715
47 13 2 21.030 10.289 19.651 9.730
48 13 2 21.060 10.304 19.681 9.745
49 13 2 21.106 10.303 19.727 9.744
50 13 2 21.471 10.498 19.903 9.721
51 13 2 21.159 10.296 19.781 9.737
52 13 2 21.205 10.295 19.826 9.736
53 13 2 21.251 10.310 19.872 9.751
54 13 2 21.296 10.310 19.918 9.751
55 13 2 21.357 10.310 19.979 9.751
56 13 2 21.403 10.324 20.025 9.765
57 13 2 21.449 10.324 20.071 9.765
58 13 2 21.495 10.324 20.116 9.765
59 13 2 21.540 10.324 20.162 9.765
60 13 2 21.586 10.323 20.208 9.764
61 13 2 21.632 10.338 20.254 9.779
62 13 2 21.693 10.338 20.315 9.779
63 13 2 21.738 10.338 20.360 9.779
64 13 2 21.784 10.337 20.406 9.778
65 13 2 22.195 10.373 20.558 9.861
66 13 2 21.822 10.329 20.444 9.771
67 13 2 21.868 10.329 20.490 9.770
68 13 2 21.929 10.329 20.551 9.770
69 13 2 21.974 10.329 20.597 9.770
70 13 2 22.005 10.313 20.627 9.755
71 13 2 22.051 10.328 20.673 9.769
72 13 2 22.096 10.313 20.719 9.754
73 13 2 22.127 10.313 20.749 9.754
74 13 2 22.172 10.312 20.795 9.754
75 13 2 22.233 10.312 20.856 9.753
76 13 2 22.279 10.297 20.902 9.738
77 13 2 22.294 10.281 20.917 9.723
78 13 2 22.355 10.281 20.978 9.722
79 13 2 22.386 10.281 21.009 9.722
80 13 2 22.431 10.281 21.054 9.722
81 13 2 22.462 10.280 21.085 9.722
82 13 2 22.492 10.265 21.115 9.707
83 13 2 22.538 10.250 21.161 9.691
84 13 2 22.584 10.250 21.207 9.691
85 13 2 22.614 10.249 21.237 9.691
86 13 2 22.660 10.249 21.283 9.691
87 13 2 22.705 10.249 21.329 9.690
88 13 2 22.736 10.234 21.359 9.675
89 13 2 22.766 10.218 21.390 9.660
90 13 2 22.812 10.233 21.435 9.675
91 13 2 22.857 10.218 21.481 9.659
92 13 2 22.888 10.218 21.512 9.659
93 13 2 22.918 10.217 21.542 9.659
94 13 2 22.964 10.202 21.588 9.644
95 13 2 23.291 10.230 21.809 9.673
96 13 2 23.238 10.223 21.854 9.665
97 13 2 23.276 10.223 21.892 9.665
98 13 2 23.329 10.207 21.946 9.649
99 13 2 23.352 10.207 21.968 9.649
100 13 2 23.519 10.176 22.014 9.611
101 13 2 23.458 10.169 22.068 9.611
102 13 2 23.504 10.169 22.113 9.611
103 13 2 23.549 10.168 22.159 9.610
104 13 2 23.580 10.168 22.189 9.610
105 13 2 23.679 10.145 22.227 9.617
106 13 2 23.648 10.153 22.258 9.602
107 13 2 23.694 10.145 22.303 9.594
108 13 2 23.739 10.137 22.349 9.587
109 13 2 23.785 10.145 22.395 9.594
110 13 2 23.876 10.129 22.395 9.609
111 13 2 23.831 10.137 22.433 9.594
112 13 2 23.869 10.136 22.471 9.593
113 13 2 23.907 10.136 22.509 9.593
114 13 2 23.960 10.136 22.562 9.593
115 13 2 24.097 10.135 22.653 9.593
116 13 2 24.066 10.128 22.669 9.585
117 13 2 24.104 10.128 22.707 9.585
118 13 2 24.172 10.127 22.775 9.584
119 13 2 24.210 10.127 22.813 9.584
120 13 2 24.385 10.118 22.844 9.584
121 13 2 24.317 10.119 22.912 9.584
122 13 2 24.362 10.126 22.958 9.591
123 13 2 24.408 10.133 23.003 9.598
124 13 2 24.469 10.125 23.064 9.590
125 13 2 24.681 10.117 23.117 9.582
126 13 2 24.598 10.117 23.186 9.582
127 13 2 24.651 10.124 23.239 9.589
128 13 2 24.689 10.132 23.277 9.597
129 13 2 24.742 10.124 23.330 9.589
130 13 2 24.924 10.108 23.300 9.589
131 13 2 24.772 10.124 23.360 9.589
132 13 2 24.825 10.131 23.414 9.596
133 13 2 24.878 10.123 23.467 9.588
134 13 2 24.916 10.130 23.505 9.595
135 13 2 25.136 10.122 23.543 9.588
136 13 2 24.962 10.115 23.550 9.580
137 13 2 25.000 10.107 23.588 9.572
138 13 2 25.038 10.115 23.626 9.580
139 13 2 25.091 10.107 23.680 9.572
140 13 2 25.432 10.120 23.816 9.579
141 13 2 25.121 10.107 23.710 9.572
142 13 2 25.159 10.099 23.748 9.564
143 13 2 25.212 10.091 23.801 9.556
144 13 2 25.250 10.098 23.839 9.563
145 13 2 25.607 10.119 23.999 9.578
146 13 2 25.296 10.083 23.885 9.548
147 13 2 25.334 10.075 23.923 9.540
148 13 2 25.372 10.083 23.961 9.548
149 13 2 25.425 10.075 24.014 9.540
150 13 2 25.463 10.082 24.052 9.547
151 13 2 25.500 10.074 24.090 9.539
152 13 2 25.538 10.082 24.128 9.547
153 13 2 25.591 10.074 24.181 9.539
154 13 2 25.629 10.081 24.219 9.546
155 13 2 25.849 10.072 24.378 9.606
156 13 2 25.811 10.103 24.401 9.576
157 13 2 25.849 10.103 24.439 9.575
158 13 2 25.887 10.102 24.477 9.575
159 13 2 25.940 10.102 24.530 9.575
160 13 2 26.054 10.109 24.447 9.583
161 13 2 25.955 10.094 24.545 9.567
162 13 2 25.993 10.094 24.583 9.567
163 13 2 26.046 10.094 24.636 9.567
164 13 2 26.069 10.094 24.659 9.567
165 13 2 26.402 10.099 24.773 9.611
166 13 2 26.114 10.071 24.705 9.544
167 13 2 26.152 10.071 24.743 9.544
168 13 2 26.190 10.070 24.781 9.543
169 13 2 26.228 10.055 24.818 9.528
170 13 2 26.539 10.091 24.993 9.595
171 13 2 26.463 10.099 25.046 9.580
172 13 2 26.493 10.091 25.076 9.572
173 13 2 26.539 10.099 25.122 9.579
174 13 2 26.569 10.091 25.152 9.571
175 13 2 26.773 10.060 25.099 9.587
176 13 2 26.592 10.076 25.175 9.556
177 13 2 26.622 10.068 25.205 9.549
178 13 2 26.667 10.060 25.251 9.541
179 13 2 26.698 10.052 25.281 9.533
180 13 2 26.963 10.036 25.380 9.525
181 13 2 26.736 10.037 25.319 9.518
182 13 2 26.781 10.029 25.365 9.510
183 13 2 26.811 10.022 25.395 9.502
184 13 2 26.842 10.014 25.425 9.495
185 13 2 27.296 10.034 25.448 9.389
186 13 2 26.879 9.999 25.463 9.479
187 13 2 26.925 9.991 25.509 9.472
188 13 2 26.970 9.968 25.554 9.449
189 13 2 27.016 9.960 25.600 9.441
190 13 2 27.598 9.972 25.592 9.290
191 13 2 27.053 9.930 25.638 9.411
192 13 2 27.099 9.922 25.683 9.403
193 13 2 27.159 9.914 25.744 9.395
194 13 2 27.220 9.891 25.804 9.372
195 13 2 27.265 9.884 25.850 9.364
196 13 2 27.311 9.861 25.895 9.342
197 13 2 27.371 9.838 25.956 9.319
198 13 2 27.432 9.815 26.016 9.296
199 13 2 27.477 9.807 26.062 9.288
200 13 2 27.523 9.784 26.107 9.265
201 13 2 27.583 9.777 26.168 9.257
202 13 2 27.628 9.754 26.213 9.234
203 13 2 27.674 9.731 26.259 9.212
204 13 2 27.734 9.708 26.319 9.189
205 13 2 27.795 9.700 26.380 9.181
206 13 2 27.840 9.677 26.425 9.158
207 13 2 27.870 9.655 26.456 9.135
208 13 2 27.931 9.632 26.516 9.112
209 13 2 27.976 9.624 26.562 9.105
210 13 2 28.173 9.623 26.880 8.907
211 13 2 28.029 9.593 26.615 9.074
212 13 2 28.074 9.571 26.660 9.052
213 13 2 28.120 9.563 26.706 9.044
214 13 2 28.165 9.540 26.751 9.021
215 13 2 28.263 9.555 27.039 8.847
216 13 2 28.203 9.525 26.789 9.006
217 13 2 28.248 9.502 26.834 8.983
218 13 2 28.309 9.479 26.895 8.960
219 13 2 28.354 9.471 26.940 8.952
220 13 2 28.384 9.449 26.970 8.930
221 13 2 28.430 9.441 27.016 8.922
222 13 2 28.490 9.418 27.076 8.899
223 13 2 28.535 9.410 27.122 8.891
224 13 2 28.581 9.388 27.167 8.868
225 13 2 28.641 9.365 27.228 8.846
226 13 2 28.686 9.342 27.273 8.823
227 13 2 28.732 9.334 27.318 8.815
228 13 2 28.792 9.311 27.379 8.792
229 13 2 28.837 9.303 27.424 8.784
230 13 2 28.883 9.281 27.470 8.762
231 13 2 28.943 9.258 27.530 8.739
232 13 2 28.988 9.235 27.575 8.716
233 13 2 29.034 9.227 27.621 8.708
234 13 2 29.094 9.204 27.681 8.685
235 13 2 29.139 9.182 27.727 8.663
236 13 2 29.184 9.159 27.772 8.640
237 13 2 29.245 9.151 27.832 8.632
238 13 2 29.290 9.128 27.878 8.609
239 13 2 29.335 9.105 27.923 8.587
240 13 2 29.396 9.083 27.984 8.564
241 13 2 29.441 9.075 28.029 8.556
242 13 2 29.486 9.052 28.074 8.533
243 13 2 29.546 9.029 28.135 8.510
244 13 2 29.592 9.007 28.180 8.488
245 13 2 29.622 8.999 28.210 8.480
246 13 2 29.682 8.976 28.271 8.457
247 13 2 29.727 8.953 28.316 8.434
248 13 2 29.788 8.930 28.376 8.412
249 13 2 29.833 8.923 28.422 8.404
250 13 2 29.863 8.900 28.452 8.381
251 13 2 29.908 8.877 28.497 8.358
252 13 2 29.969 8.854 28.557 8.336
253 13 2 30.014 8.847 28.603 8.328
254 13 2 30.044 8.824 28.633 8.305
255 13 2 30.089 8.801 28.678 8.282
256 13 2 30.149 8.778 28.739 8.260
257 13 2 30.195 8.771 28.784 8.252
258 13 2 30.225 8.748 28.814 8.229
259 13 2 30.270 8.740 28.859 8.222
260 13 2 30.330 8.718 28.920 8.199
261 13 2 30.360 8.710 28.950 8.191
262 13 2 30.405 8.687 28.995 8.168
263 13 2 30.436 8.679 29.025 8.161
264 13 2 30.466 8.657 29.055 8.138
265 13 2 30.511 8.649 29.101 8.130
266 13 2 30.556 8.626 29.146 8.108
267 13 2 30.571 8.619 29.161 8.100
268 13 2 30.616 8.611 29.206 8.092
269 13 2 30.646 8.603 29.236 8.085
270 13 2 30.677 8.581 29.267 8.062
271 13 2 30.707 8.573 29.297 8.054
272 13 2 30.752 8.565 29.342 8.047
273 13 2 30.797 8.558 29.387 8.039
274 13 2 30.812 8.535 29.402 8.016
275 13 2 30.857 8.527 29.448 8.009
276 13 2 30.887 8.520 29.478 8.001
277 13 2 30.917 8.512 29.508 7.993
278 13 2 30.947 8.489 29.538 7.971
279 13 2 30.993 8.482 29.583 7.963
280 13 2 31.038 8.474 29.628 7.955
281 13 2 31.053 8.466 29.643 7.948
282 13 2 31.098 8.459 29.689 7.940
283 13 2 31.128 8.451 29.719 7.932
284 13 2 31.158 8.443 29.749 7.925
285 13 2 31.203 8.436 29.794 7.917
286 13 2 31.248 8.428 29.839 7.909
287 13 2 31.279 8.420 29.870 7.902
288 13 2 31.309 8.413 29.900 7.894
289 13 2 31.354 8.420 29.945 7.901
290 13 2 31.399 8.397 29.990 7.879
291 13 2 31.414 8.405 30.005 7.886
292 13 2 31.459 8.397 30.050 7.878
293 13 2 31.489 8.389 30.081 7.871
294 13 2 31.504 8.382 30.096 7.863
295 13 2 31.549 8.389 30.141 7.871
296 13 2 31.564 8.381 30.156 7.863
297 13 2 31.610 8.374 30.201 7.855
298 13 2 31.610 8.366 30.201 7.848
299 13 2 31.640 8.374 30.231 7.855
300 13 2 31.655 8.366 30.246 7.848
301 13 2 31.700 8.358 30.291 7.840
302 13 2 31.715 8.351 30.306 7.832
303 13 2 31.760 8.358 30.352 7.840
304 13 2 31.775 8.350 30.367 7.832
305 13 2 31.820 8.358 30.412 7.839
306 13 2 31.850 8.350 30.442 7.832
307 13 2 31.880 8.342 30.472 7.824
308 13 2 31.910 8.335 30.502 7.816
309 13 2 31.955 8.342 30.547 7.824
310 13 2 32.001 8.334 30.593 7.816
311 13 2 32.031 8.342 30.623 7.823
312 13 2 32.076 8.334 30.668 7.816
313 13 2 32.136 8.326 30.728 7.808
314 13 2 32.181 8.319 30.773 7.800
315 13 2 32.211 8.326 30.803 7.808
316 13 2 32.256 8.318 30.849 7.800
317 13 2 32.316 8.325 30.909 7.807
318 13 2 32.361 8.318 30.954 7.799
319 13 2 32.406 8.310 30.999 7.792
320 13 2 32.466 8.302 31.059 7.784
321 13 2 32.527 8.309 31.119 7.791
322 13 2 32.572 8.302 31.165 7.784
323 13 2 32.602 8.309 31.195 7.791
324 13 2 32.662 8.301 31.255 7.783
325 13 2 32.707 8.309 31.300 7.790
326 13 2 32.782 8.301 31.375 7.783
327 13 2 32.812 8.308 31.405 7.790
328 13 2 32.857 8.300 31.450 7.782
329 13 2 32.917 8.308 31.511 7.790
330 13 2 32.977 8.300 31.571 7.782
331 13 2 33.022 8.307 31.616 7.789
332 13 2 33.067 8.314 31.661 7.796
333 13 2 33.128 8.322 31.721 7.804
334 13 2 33.173 8.314 31.766 7.796
335 13 2 33.218 8.336 31.812 7.818
336 13 2 33.278 8.328 31.872 7.810
337 13 2 33.338 8.351 31.932 7.833
338 13 2 33.398 8.358 31.992 7.840
339 13 2 33.458 8.365 32.052 7.847
340 13 2 33.503 8.372 32.097 7.854
341 13 2 33.548 8.395 32.142 7.877
342 13 2 33.623 8.402 32.218 7.884
343 13 2 33.683 8.424 32.278 7.906
344 13 2 33.743 8.431 32.338 7.913
345 13 2 33.803 8.453 32.398 7.935
346 13 2 33.879 8.460 32.473 7.943
347 13 2 33.954 8.483 32.548 7.965
348 13 2 34.014 8.505 32.609 7.987
349 13 2 34.074 8.527 32.669 8.009
350 13 2 34.149 8.534 32.744 8.016
351 13 2 34.239 8.556 32.834 8.038
352 13 2 34.299 8.578 32.894 8.061
353 13 2 34.374 8.600 32.969 8.083
354 13 2 34.434 8.622 33.029 8.105
355 13 2 34.509 8.645 33.105 8.127
356 13 2 34.584 8.667 33.180 8.149
357 13 2 34.644 8.704 33.240 8.186
358 13 2 34.719 8.726 33.315 8.208
359 13 2 34.809 8.748 33.405 8.230
360 13 2 34.884 8.770 33.480 8.253
361 13 2 34.929 8.807 33.525 8.290
362 13 2 35.019 8.829 33.615 8.312
363 13 2 35.094 8.851 33.691 8.334
364 13 2 35.154 8.873 33.751 8.356
365 13 2 35.214 8.911 33.811 8.393
366 13 2 35.289 8.933 33.886 8.415
367 13 2 35.379 8.955 33.976 8.437
368 13 2 35.469 8.977 34.066 8.460
369 13 2 35.544 9.014 34.141 8.497
370 13 2 35.604 9.036 34.201 8.519
371 13 2 35.694 9.058 34.291 8.541
372 13 2 35.769 9.080 34.366 8.563
373 13 2 35.859 9.117 34.456 8.600
374 13 2 35.949 9.154 34.547 8.637
375 13 2 36.039 9.191 34.637 8.674
376 13 2 36.129 9.213 34.727 8.696
377 13 2 36.204 9.250 34.802 8.733
378 13 2 36.279 9.272 34.877 8.755
379 13 2 36.384 9.309 34.982 8.792
380 13 2 36.699 9.561 35.259 8.656
381 13 2 36.452 9.338 35.049 8.822
382 13 2 36.526 9.360 35.124 8.844
383 13 2 36.631 9.405 35.237 8.895
384 13 2 36.691 9.419 35.297 8.910
385 13 2 36.766 9.456 35.372 8.947
386 13 2 36.856 9.493 35.462 8.984
387 13 2 36.931 9.530 35.537 9.021
388 13 2 37.006 9.552 35.612 9.043
389 13 2 37.096 9.582 35.709 9.073
390 13 2 37.163 9.626 35.777 9.117
391 13 2 37.253 9.663 35.867 9.154
392 13 2 37.336 9.693 35.949 9.184
393 13 2 37.418 9.752 36.032 9.243
394 13 2 37.493 9.789 36.107 9.280
395 13 2 37.575 9.841 36.197 9.325
396 13 2 37.673 9.863 36.294 9.347
397 13 2 37.748 9.915 36.369 9.399
398 13 2 37.838 9.952 36.467 9.435
399 13 2 37.920 9.989 36.549 9.472
400 13 2 37.995 10.026 36.624 9.509
401 13 2 38.085 10.070 36.722 9.561
402 13 2 38.175 10.114 36.812 9.606
403 13 2 38.264 10.166 36.902 9.658
404 13 2 38.339 10.203 36.984 9.702
405 13 2 38.751 10.507 37.074 9.612
406 13 2 38.414 10.240 37.059 9.739
407 13 2 38.489 10.277 37.134 9.776
408 13 2 38.594 10.314 37.239 9.813
409 13 2 38.669 10.366 37.314 9.865
410 13 2 38.758 10.403 37.411 9.902
411 13 2 38.848 10.439 37.501 9.939
412 13 2 38.938 10.476 37.591 9.975
413 13 2 39.028 10.528 37.681 10.035
414 13 2 39.118 10.565 37.771 10.072
415 13 2 39.207 10.617 37.861 10.124
416 13 2 39.297 10.654 37.951 10.160
417 13 2 39.387 10.705 38.041 10.212
418 13 2 39.477 10.742 38.130 10.249
419 13 2 39.566 10.779 38.220 10.286
420 13 2 39.949 11.158 38.399 10.225
421 13 2 39.664 10.808 38.317 10.315
422 13 2 39.761 10.838 38.422 10.352
423 13 2 39.858 10.882 38.519 10.397
424 13 2 39.955 10.911 38.617 10.426
425 13 2 40.052 10.941 38.714 10.455
426 13 2 40.149 10.970 38.811 10.485
427 13 2 40.246 10.999 38.908 10.514
428 13 2 40.343 11.029 39.006 10.543
429 13 2 40.440 11.058 39.103 10.573
430 13 2 40.537 11.087 39.200 10.602
431 13 2 40.635 11.116 39.297 10.631
432 13 2 40.732 11.146 39.394 10.661
433 13 2 40.829 11.175 39.491 10.690
434 13 2 40.926 11.204 39.588 10.719
435 13 2 41.023 11.234 39.686 10.748
436 13 2 41.120 11.263 39.783 10.778
437 13 2 41.217 11.292 39.880 10.807
438 13 2 41.314 11.306 39.977 10.821
439 13 2 41.411 11.351 40.074 10.866
440 13 2 41.508 11.365 40.171 10.880
441 13 2 41.604 11.394 40.268 10.909
442 13 2 41.701 11.423 40.365 10.939
443 13 2 41.798 11.453 40.462 10.968
444 13 2 41.895 11.482 40.559 10.997
445 13 2 41.992 11.511 40.656 11.027
446 13 2 42.089 11.541 40.753 11.056
447 13 2 42.186 11.570 40.850 11.085
448 13 2 42.268 11.599 40.933 11.115
449 13 2 42.372 11.628 41.044 11.144
450 13 2 42.454 11.658 41.127 11.173
451 13 2 42.551 11.687 41.224 11.202
452 13 2 42.648 11.716 41.321 11.232
453 13 2 42.745 11.745 41.418 11.261
454 13 2 42.842 11.775 41.514 11.290
455 13 2 43.505 11.957 41.269 11.352
456 13 2 42.931 11.796 41.604 11.312
457 13 2 43.028 11.818 41.701 11.334
458 13 2 43.110 11.855 41.783 11.371
459 13 2 43.222 11.892 41.895 11.407
460 13 2 43.304 11.928 41.977 11.444
461 13 2 43.415 11.950 42.089 11.466
462 13 2 43.497 11.987 42.171 11.503
463 13 2 43.594 12.023 42.268 11.539
464 13 2 43.691 12.060 42.365 11.576
465 13 2 43.788 12.097 42.462 11.613
466 13 2 43.870 12.134 42.544 11.650
0 15 2 17.872 11.277 16.940 10.722
1 15 2 17.902 11.292 16.925 10.714
2 15 2 17.933 11.291 16.955 10.714
3 15 2 17.979 11.291 17.001 10.714
4 15 2 18.025 11.291 17.047 10.713
5 15 2 18.537 11.371 16.925 10.593
6 15 2 18.491 11.356 16.963 10.608
7 15 2 18.529 11.363 17.002 10.615
8 15 2 18.568 11.356 17.040 10.607
9 15 2 18.621 11.363 17.094 10.615
10 15 2 18.774 11.392 17.155 10.584
11 15 2 18.743 11.370 17.178 10.599
12 15 2 18.789 11.369 17.224 10.599
13 15 2 18.850 11.369 17.285 10.598
14 15 2 18.896 11.384 17.331 10.613
15 15 2 19.041 11.413 17.400 10.620
16 15 2 19.011 11.398 17.423 10.628
17 15 2 19.064 11.413 17.476 10.643
18 15 2 19.103 11.413 17.515 10.642
19 15 2 19.171 11.427 17.583 10.657
20 15 2 19.470 11.357 17.515 10.642
21 15 2 19.202 11.420 17.614 10.649
22 15 2 19.255 11.419 17.668 10.649
23 15 2 19.309 11.434 17.721 10.664
24 15 2 19.347 11.449 17.759 10.679
25 15 2 19.584 11.463 17.951 10.700
26 15 2 19.561 11.463 17.966 10.700
27 15 2 19.607 11.470 18.012 10.708
28 15 2 19.653 11.462 18.058 10.700
29 15 2 19.714 11.484 18.119 10.722
30 15 2 19.843 11.491 18.226 10.721
31 15 2 19.828 11.484 18.234 10.721
32 15 2 19.889 11.491 18.295 10.729
33 15 2 19.935 11.498 18.341 10.736
34 15 2 19.996 11.490 18.402 10.728
35 15 2 20.073 11.406 18.493 10.803
36 15 2 20.073 11.475 18.486 10.735
37 15 2 20.126 11.474 18.539 10.735
38 15 2 20.195 11.474 18.608 10.734
39 15 2 20.248 11.473 18.662 10.734
40 15 2 20.286 11.450 18.845 10.801
41 15 2 20.347 11.488 18.784 10.764
42 15 2 20.408 11.487 18.845 10.763
43 15 2 20.469 11.487 18.906 10.763
44 15 2 20.530 11.487 18.967 10.762
45 15 2 20.706 11.516 19.051 10.747
46 15 2 20.660 11.493 19.090 10.769
47 15 2 20.714 11.493 19.143 10.769
48 15 2 20.782 11.493 19.212 10.768
49 15 2 20.836 11.492 19.265 10.768
50 15 2 20.828 11.394 19.433 10.820
51 15 2 20.897 11.484 19.327 10.760
52 15 2 20.950 11.484 19.380 10.760
53 15 2 21.019 11.484 19.449 10.759
54 15 2 21.087 11.483 19.517 10.759
55 15 2 21.202 11.414 19.670 10.826
56 15 2 21.209 11.475 19.647 10.766
57 15 2 21.270 11.474 19.708 10.765
58 15 2 21.331 11.474 19.769 10.765
59 15 2 21.408 11.489 19.846 10.780
60 15 2 21.438 11.443 20.067 10.794
61 15 2 21.476 11.481 19.915 10.772
62 15 2 21.537 11.480 19.976 10.771
63 15 2 21.613 11.495 20.052 10.786
64 15 2 21.690 11.479 20.128 10.770
65 15 2 21.835 11.425 20.380 10.852
66 15 2 21.873 11.486 20.327 10.792
67 15 2 21.933 11.500 20.388 10.807
68 15 2 22.010 11.485 20.464 10.791
69 15 2 22.071 11.499 20.525 10.806
70 15 2 22.322 11.611 20.716 10.843
71 15 2 22.284 11.574 20.738 10.880
72 15 2 22.345 11.588 20.799 10.895
73 15 2 22.421 11.588 20.876 10.894
74 15 2 22.497 11.587 20.952 10.894
75 15 2 22.634 11.556 21.074 10.946
76 15 2 22.619 11.594 21.074 10.908
77 15 2 22.680 11.601 21.135 10.916
78 15 2 22.740 11.608 21.196 10.923
79 15 2 22.817 11.615 21.272 10.930
80 15 2 22.908 11.705 21.363 10.922
81 15 2 22.900 11.653 21.356 10.967
82 15 2 22.961 11.660 21.417 10.974
83 15 2 23.037 11.667 21.493 10.981
84 15 2 23.113 11.659 21.569 10.973
85 15 2 23.227 11.620 21.782 11.002
86 15 2 23.265 11.650 21.729 10.972
87 15 2 23.334 11.650 21.798 10.972
88 15 2 23.418 11.649 21.881 10.971
89 15 2 23.486 11.649 21.950 10.971
90 15 2 23.623 11.754 22.156 10.947
91 15 2 23.646 11.685 22.117 11.008
92 15 2 23.722 11.685 22.194 11.007
93 15 2 23.783 11.685 22.255 11.007
94 15 2 23.859 11.684 22.331 11.006
95 15 2 23.973 11.600 22.491 10.983
96 15 2 23.988 11.623 22.468 10.953
97 15 2 24.056 11.615 22.536 10.945
98 15 2 24.140 11.622 22.620 10.952
99 15 2 24.208 11.614 22.689 10.944
100 15 2 24.330 11.590 22.856 10.965
101 15 2 24.345 11.605 22.833 10.943
102 15 2 24.421 11.605 22.909 10.942
103 15 2 24.497 11.589 22.985 10.927
104 15 2 24.573 11.559 23.061 10.896
105 15 2 24.786 11.497 23.312 10.910
106 15 2 24.793 11.527 23.290 10.872
107 15 2 24.862 11.519 23.358 10.864
108 15 2 24.930 11.496 23.427 10.841
109 15 2 25.014 11.488 23.510 10.833
110 15 2 25.097 11.434 23.731 10.847
111 15 2 25.074 11.472 23.571 10.817
112 15 2 25.143 11.464 23.640 10.809
113 15 2 25.226 11.456 23.723 10.801
114 15 2 25.294 11.433 23.792 10.778
115 15 2 25.530 11.484 23.913 10.710
116 15 2 25.370 11.417 23.868 10.763
117 15 2 25.439 11.409 23.936 10.755
118 15 2 25.507 11.386 24.004 10.732
119 15 2 25.590 11.393 24.088 10.739
120 15 2 25.810 11.332 24.339 10.707
121 15 2 25.818 11.339 24.324 10.692
122 15 2 25.894 11.324 24.400 10.677
123 15 2 25.954 11.323 24.460 10.676
124 15 2 26.015 11.308 24.521 10.661
125 15 2 25.962 11.263 24.756 10.629
126 15 2 26.083 11.285 24.589 10.638
127 15 2 26.159 11.269 24.665 10.622
128 15 2 26.220 11.269 24.726 10.622
129 15 2 26.296 11.253 24.802 10.606
130 15 2 26.371 11.222 24.878 10.576
131 15 2 26.432 11.207 24.939 10.560
132 15 2 26.508 11.191 25.015 10.545
133 15 2 26.568 11.161 25.075 10.514
134 15 2 26.644 11.145 25.151 10.499
135 15 2 26.940 11.113 25.432 10.437
136 15 2 26.925 11.098 25.432 10.452
137 15 2 26.985 11.083 25.493 10.436
138 15 2 27.061 11.067 25.568 10.421
139 15 2 27.137 11.037 25.644 10.390
140 15 2 27.606 11.071 25.546 10.263
141 15 2 27.174 11.014 25.682 10.367
142 15 2 27.235 10.998 25.743 10.352
143 15 2 27.296 10.968 25.804 10.321
144 15 2 27.356 10.937 25.864 10.291
145 15 2 27.659 10.935 26.122 10.116
146 15 2 27.409 10.899 25.917 10.253
147 15 2 27.470 10.869 25.978 10.222
148 15 2 27.530 10.838 26.039 10.192
149 15 2 27.591 10.808 26.099 10.161
150 15 2 27.976 10.851 26.357 10.009
151 15 2 27.659 10.785 26.167 10.138
152 15 2 27.719 10.754 26.228 10.108
153 15 2 27.780 10.724 26.289 10.077
154 15 2 27.840 10.693 26.349 10.047
155 15 2 27.901 10.663 26.410 10.016
156 15 2 27.961 10.632 26.471 9.986
157 15 2 28.022 10.602 26.531 9.956
158 15 2 28.082 10.571 26.592 9.925
159 15 2 28.143 10.526 26.652 9.880
160 15 2 28.203 10.495 26.713 9.849
161 15 2 28.249 10.465 26.758 9.819
162 15 2 28.309 10.435 26.819 9.788
163 15 2 28.369 10.404 26.879 9.758
164 15 2 28.415 10.359 26.925 9.712
165 15 2 28.475 10.328 26.985 9.682
166 15 2 28.521 10.298 27.031 9.652
167 15 2 28.581 10.267 27.091 9.621
168 15 2 28.626 10.222 27.137 9.576
169 15 2 28.687 10.192 27.197 9.545
170 15 2 28.777 10.289 27.341 9.274
171 15 2 28.725 10.154 27.235 9.508
172 15 2 28.770 10.123 27.281 9.477
173 15 2 28.800 10.093 27.311 9.447
174 15 2 28.860 10.048 27.371 9.401
175 15 2 28.906 10.032 27.417 9.386
176 15 2 28.966 9.987 27.477 9.341
177 15 2 29.011 9.957 27.523 9.310
178 15 2 29.042 9.926 27.553 9.280
179 15 2 29.087 9.881 27.598 9.235
180 15 2 29.147 9.836 27.659 9.189
181 15 2 29.192 9.805 27.704 9.159
182 15 2 29.223 9.775 27.734 9.129
183 15 2 29.268 9.745 27.780 9.098
184 15 2 29.328 9.699 27.840 9.053
185 15 2 29.373 9.654 27.885 9.008
186 15 2 29.404 9.639 27.916 8.992
187 15 2 29.449 9.593 27.961 8.947
188 15 2 29.509 9.563 28.021 8.917
189 15 2 29.554 9.533 28.067 8.886
190 15 2 29.585 9.502 28.097 8.856
191 15 2 29.630 9.472 28.142 8.826
192 15 2 29.690 9.427 28.203 8.781
193 15 2 29.720 9.381 28.233 8.735
194 15 2 29.766 9.366 28.278 8.720
195 15 2 29.796 9.321 28.308 8.675
196 15 2 29.841 9.306 28.354 8.660
197 15 2 29.901 9.260 28.414 8.614
198 15 2 29.946 9.245 28.459 8.599
199 15 2 29.976 9.200 28.490 8.554
200 15 2 30.022 9.185 28.535 8.539
201 15 2 30.082 9.154 28.595 8.508
202 15 2 30.127 9.124 28.641 8.478
203 15 2 30.142 9.094 28.656 8.448
204 15 2 30.202 9.063 28.716 8.417
205 15 2 30.248 9.048 28.761 8.402
206 15 2 30.278 9.033 28.791 8.387
207 15 2 30.308 9.003 28.822 8.357
208 15 2 30.353 8.973 28.867 8.327
209 15 2 30.413 8.957 28.927 8.311
210 15 2 30.443 8.942 28.957 8.296
211 15 2 30.489 8.912 29.003 8.266
212 15 2 30.519 8.882 29.033 8.236
213 15 2 30.564 8.866 29.078 8.221
214 15 2 30.609 8.851 29.123 8.205
215 15 2 30.639 8.821 29.154 8.175
216 15 2 30.684 8.806 29.199 8.160
217 15 2 30.730 8.806 29.244 8.160
218 15 2 30.760 8.790 29.274 8.145
219 15 2 30.805 8.760 29.319 8.114
220 15 2 30.865 8.745 29.380 8.099
221 15 2 30.895 8.730 29.410 8.084
222 15 2 30.940 8.715 29.455 8.069
223 15 2 30.970 8.699 29.485 8.054
224 15 2 31.016 8.684 29.530 8.038
225 15 2 31.076 8.684 29.591 8.038
226 15 2 31.121 8.669 29.636 8.023
227 15 2 31.151 8.653 29.666 8.008
228 15 2 31.181 8.638 29.696 7.993
229 15 2 31.226 8.623 29.742 7.977
230 15 2 31.286 8.623 29.802 7.977
231 15 2 31.332 8.608 29.847 7.962
232 15 2 31.362 8.592 29.877 7.947
233 15 2 31.392 8.592 29.907 7.947
234 15 2 31.422 8.577 29.937 7.931
235 15 2 31.467 8.562 29.983 7.916
236 15 2 31.512 8.562 30.028 7.916
237 15 2 31.527 8.562 30.043 7.916
238 15 2 31.572 8.546 30.088 7.901
239 15 2 31.602 8.531 30.118 7.886
240 15 2 31.632 8.531 30.148 7.885
241 15 2 31.677 8.516 30.194 7.870
242 15 2 31.723 8.501 30.239 7.855
243 15 2 31.753 8.501 30.269 7.855
244 15 2 31.783 8.500 30.299 7.855
245 15 2 31.828 8.500 30.344 7.855
246 15 2 31.873 8.485 30.389 7.839
247 15 2 31.903 8.470 30.419 7.824
248 15 2 31.933 8.485 30.450 7.839
249 15 2 31.963 8.470 30.480 7.824
250 15 2 32.008 8.469 30.525 7.824
251 15 2 32.053 8.469 30.570 7.824
252 15 2 32.068 8.454 30.585 7.809
253 15 2 32.114 8.439 30.630 7.793
254 15 2 32.144 8.454 30.660 7.808
255 15 2 32.174 8.439 30.690 7.793
256 15 2 32.204 8.438 30.721 7.793
257 15 2 32.234 8.438 30.751 7.793
258 15 2 32.264 8.438 30.781 7.793
259 15 2 32.294 8.423 30.811 7.778
260 15 2 32.324 8.408 30.841 7.762
261 15 2 32.354 8.423 30.871 7.777
262 15 2 32.602 8.264 31.074 7.634
263 15 2 32.572 8.272 31.089 7.634
264 15 2 32.602 8.264 31.119 7.626
265 15 2 32.632 8.257 31.149 7.619
266 15 2 32.662 8.264 31.179 7.626
267 15 2 32.692 8.256 31.209 7.618
268 15 2 32.722 8.249 31.240 7.611
269 15 2 32.752 8.241 31.270 7.603
270 15 2 32.782 8.248 31.300 7.611
271 15 2 32.812 8.241 31.330 7.603
272 15 2 32.842 8.233 31.360 7.595
273 15 2 32.872 8.225 31.390 7.588
274 15 2 32.902 8.233 31.420 7.595
275 15 2 32.917 8.225 31.435 7.588
276 15 2 32.947 8.233 31.465 7.595
277 15 2 32.977 8.225 31.495 7.587
278 15 2 33.007 8.232 31.525 7.595
279 15 2 33.022 8.225 31.540 7.587
280 15 2 33.052 8.232 31.570 7.594
281 15 2 33.082 8.224 31.601 7.587
282 15 2 33.112 8.232 31.631 7.594
283 15 2 33.142 8.239 31.661 7.602
284 15 2 33.172 8.247 31.691 7.609
285 15 2 33.202 8.239 31.721 7.601
286 15 2 33.232 8.246 31.751 7.609
287 15 2 33.263 8.254 31.781 7.616
288 15 2 33.293 8.261 31.811 7.623
289 15 2 33.323 8.253 31.841 7.616
290 15 2 33.353 8.261 31.871 7.623
291 15 2 33.383 8.268 31.901 7.630
292 15 2 33.413 8.275 31.931 7.638
293 15 2 33.458 8.268 31.977 7.630
294 15 2 33.488 8.275 32.007 7.638
295 15 2 33.533 8.267 32.052 7.630
296 15 2 33.578 8.275 32.097 7.637
297 15 2 33.623 8.267 32.142 7.629
298 15 2 33.668 8.274 32.187 7.637
299 15 2 33.713 8.266 32.232 7.629
300 15 2 33.758 8.274 32.277 7.636
301 15 2 33.803 8.266 32.322 7.629
302 15 2 33.863 8.273 32.382 7.636
303 15 2 33.908 8.266 32.427 7.628
304 15 2 33.968 8.273 32.488 7.635
305 15 2 34.028 8.265 32.548 7.628
306 15 2 34.088 8.272 32.608 7.635
307 15 2 34.133 8.280 32.653 7.642
308 15 2 34.193 8.287 32.713 7.649
309 15 2 34.253 8.294 32.773 7.657
310 15 2 34.313 8.301 32.833 7.664
311 15 2 34.373 8.293 32.893 7.656
312 15 2 34.433 8.301 32.953 7.663
313 15 2 34.493 8.308 33.013 7.671
314 15 2 34.538 8.330 33.058 7.693
315 15 2 34.853 8.254 33.208 7.602
316 15 2 34.590 8.315 33.111 7.678
317 15 2 34.650 8.322 33.171 7.685
318 15 2 34.696 8.344 33.216 7.707
319 15 2 34.741 8.351 33.261 7.714
320 15 2 34.816 8.374 33.336 7.737
321 15 2 34.861 8.381 33.381 7.744
322 15 2 34.936 8.403 33.456 7.766
323 15 2 34.981 8.425 33.501 7.788
324 15 2 35.056 8.447 33.577 7.810
325 15 2 35.116 8.454 33.637 7.818
326 15 2 35.176 8.477 33.697 7.840
327 15 2 35.251 8.499 33.772 7.862
328 15 2 35.340 8.521 33.862 7.884
329 15 2 35.415 8.543 33.937 7.906
330 15 2 35.490 8.580 34.012 7.943
331 15 2 35.580 8.602 34.102 7.965
332 15 2 35.670 8.639 34.192 8.002
333 15 2 35.745 8.661 34.267 8.024
334 15 2 35.820 8.698 34.342 8.061
335 15 2 35.910 8.735 34.432 8.098
336 15 2 36.000 8.787 34.523 8.150
337 15 2 36.075 8.824 34.598 8.188
338 15 2 36.135 8.876 34.658 8.240
339 15 2 36.210 8.913 34.733 8.277
340 15 2 36.300 8.965 34.823 8.329
341 15 2 36.375 9.002 34.898 8.366
342 15 2 36.435 9.054 34.958 8.418
343 15 2 36.525 9.106 35.048 8.470
344 15 2 36.600 9.158 35.123 8.522
345 15 2 36.690 9.210 35.213 8.574
346 15 2 36.765 9.277 35.288 8.641
347 15 2 36.840 9.314 35.363 8.678
348 15 2 36.930 9.381 35.454 8.745
349 15 2 37.020 9.432 35.544 8.797
350 15 2 37.095 9.484 35.619 8.849
351 15 2 37.170 9.536 35.694 8.901
352 15 2 37.260 9.603 35.784 8.968
353 15 2 37.350 9.655 35.874 9.019
354 15 2 37.440 9.722 35.964 9.086
355 15 2 37.592 10.155 36.263 8.845
356 15 2 37.523 9.766 36.047 9.131
357 15 2 37.613 9.818 36.137 9.183
358 15 2 37.703 9.870 36.227 9.235
359 15 2 37.793 9.922 36.317 9.287
360 15 2 37.883 9.989 36.407 9.353
361 15 2 37.972 10.041 36.497 9.405
362 15 2 38.062 10.107 36.587 9.472
363 15 2 38.152 10.159 36.677 9.524
364 15 2 38.242 10.226 36.767 9.591
365 15 2 38.347 10.278 36.872 9.643
366 15 2 38.437 10.345 36.962 9.710
367 15 2 38.542 10.396 37.067 9.761
368 15 2 38.632 10.463 37.157 9.828
369 15 2 38.737 10.515 37.262 9.880
370 15 2 38.827 10.582 37.352 9.947
371 15 2 38.931 10.633 37.457 9.999
372 15 2 39.036 10.700 37.562 10.065
373 15 2 39.126 10.752 37.651 10.117
374 15 2 39.231 10.819 37.756 10.184
375 15 2 39.336 10.870 37.861 10.236
376 15 2 39.425 10.937 37.951 10.303
377 15 2 39.530 10.989 38.056 10.354
378 15 2 39.620 11.041 38.146 10.406
379 15 2 39.725 11.092 38.251 10.458
380 15 2 40.100 11.464 38.460 10.532
381 15 2 39.822 11.152 38.348 10.517
382 15 2 39.912 11.203 38.438 10.569
383 15 2 40.016 11.240 38.543 10.606
384 15 2 40.136 11.307 38.663 10.672
385 15 2 40.241 11.358 38.768 10.724
386 15 2 40.331 11.425 38.857 10.791
387 15 2 40.435 11.462 38.962 10.828
388 15 2 40.555 11.528 39.082 10.894
389 15 2 40.660 11.580 39.187 10.946
390 15 2 40.749 11.632 39.277 10.998
391 15 2 40.854 11.683 39.381 11.050
392 15 2 40.974 11.735 39.501 11.101
393 15 2 41.078 11.787 39.606 11.153
394 15 2 41.168 11.853 39.696 11.220
395 15 2 41.272 11.890 39.800 11.256
396 15 2 41.392 11.941 39.920 11.308
397 15 2 41.497 11.993 40.025 11.360
398 15 2 41.601 12.060 40.129 11.426
399 15 2 41.721 12.111 40.249 11.478
400 15 2 41.825 12.163 40.354 11.530
401 15 2 41.930 12.199 40.458 11.566
402 15 2 42.049 12.266 40.578 11.633
403 15 2 42.154 12.303 40.682 11.670
404 15 2 42.258 12.369 40.787 11.736
405 15 2 42.392 12.406 40.922 11.773
406 15 2 42.482 12.472 41.011 11.839
407 15 2 42.601 12.509 41.131 11.876
408 15 2 42.706 12.560 41.235 11.928
409 15 2 42.825 12.612 41.355 11.979
410 15 2 42.930 12.663 41.460 12.031
411 15 2 43.034 12.715 41.564 12.082
412 15 2 43.154 12.766 41.684 12.134
413 15 2 43.273 12.803 41.803 12.170
414 15 2 43.377 12.854 41.907 12.222
415 15 2 43.482 12.891 42.012 12.259
416 15 2 43.601 12.942 42.131 12.310
417 15 2 43.705 12.979 42.236 12.347
418 15 2 43.810 13.031 42.340 12.398
419 15 2 43.929 13.082 42.460 12.450
420 15 2 44.048 13.133 42.579 12.501
421 15 2 44.152 13.170 42.684 12.538
422 15 2 44.242 13.222 42.773 12.590
423 15 2 44.361 13.258 42.892 12.626
424 15 2 44.465 13.310 42.997 12.678
425 15 2 44.585 13.361 43.116 12.729
426 15 2 44.704 13.412 43.235 12.781
427 15 2 44.808 13.449 43.340 12.817
428 15 2 44.912 13.501 43.444 12.869
429 15 2 45.031 13.537 43.563 12.905
430 15 2 45.136 13.588 43.668 12.957
431 15 2 45.203 13.625 43.735 12.994
432 15 2 45.255 13.677 43.795 13.046
433 15 2 45.307 13.729 43.855 13.098
434 15 2 45.360 13.781 43.914 13.149
435 15 2 45.404 13.818 43.967 13.186
436 15 2 45.457 13.870 44.027 13.238
438 15 2 45.315 13.811 43.892 13.180
439 15 2 45.345 13.819 43.930 13.187
440 15 2 45.375 13.856 43.967 13.224
441 15 2 45.450 13.907 44.049 13.276
442 15 2 45.502 14.004 44.109 13.372
444 15 2 45.339 13.923 43.953 13.291
445 15 2 45.338 13.916 43.960 13.284
446 15 2 45.346 13.908 43.975 13.276
447 15 2 45.338 13.901 43.975 13.269
448 15 2 45.338 13.893 43.982 13.261
449 15 2 45.324 13.901 43.975 13.269
450 15 2 45.323 13.893 43.982 13.261
451 15 2 45.324 13.916 43.990 13.283
452 15 2 45.331 13.908 44.005 13.276
453 15 2 45.331 13.916 44.012 13.283
454 15 2 45.324 13.908 44.012 13.276
455 15 2 45.316 13.916 44.012 13.283
456 15 2 45.316 13.908 44.019 13.276
457 15 2 45.309 13.916 44.019 13.283
458 15 2 45.309 13.923 44.027 13.291
459 15 2 45.301 13.931 44.027 13.298
460 15 2 45.309 13.923 44.042 13.291
461 15 2 45.301 13.931 44.042 13.298
462 15 2 45.301 13.923 44.049 13.290
463 15 2 45.301 13.931 44.057 13.298
464 15 2 45.301 13.923 44.064 13.290
465 15 2 45.294 13.931 44.064 13.298
466 15 2 45.294 13.924 44.072 13.290
31 16 1 33.846 18.163 33.210 17.338
32 16 1 33.868 18.185 33.203 17.323
33 16 1 33.868 18.140 33.203 17.278
34 16 1 33.868 18.094 33.203 17.233
35 16 1 33.928 17.996 33.224 16.931
36 16 1 33.921 17.981 33.225 16.953
37 16 1 33.913 17.935 33.217 16.908
38 16 1 33.920 17.890 33.224 16.863
39 16 1 33.913 17.845 33.217 16.818
40 16 1 33.980 17.791 33.209 16.787
41 16 1 33.958 17.791 33.224 16.780
42 16 1 33.958 17.746 33.224 16.734
43 16 1 33.958 17.716 33.224 16.704
44 16 1 33.942 17.671 33.209 16.659
45 16 1 33.987 17.474 33.209 16.719
46 16 1 33.972 17.557 33.224 16.636
47 16 1 33.972 17.512 33.224 16.591
48 16 1 33.972 17.452 33.223 16.531
49 16 1 33.957 17.406 33.208 16.486
50 16 1 33.933 17.195 33.223 16.214
51 16 1 33.941 17.173 33.208 16.244
52 16 1 33.941 17.120 33.208 16.191
53 16 1 33.941 17.067 33.207 16.139
54 16 1 33.940 17.029 33.207 16.101
55 16 1 33.910 17.052 33.200 16.025
56 16 1 33.918 17.007 33.192 16.063
57 16 1 33.925 16.969 33.200 16.025
58 16 1 33.933 16.916 33.207 15.973
59 16 1 33.940 16.863 33.214 15.920
60 16 1 33.924 16.705 33.162 16.018
61 16 1 33.910 16.811 33.184 15.912
62 16 1 33.917 16.758 33.192 15.860
63 16 1 33.924 16.705 33.199 15.807
64 16 1 33.932 16.667 33.206 15.769
65 16 1 33.954 16.448 33.258 15.467
66 16 1 33.961 16.411 33.243 15.505
67 16 1 33.961 16.350 33.243 15.444
68 16 1 33.961 16.290 33.243 15.384
69 16 1 33.976 16.229 33.258 15.324
70 16 1 33.923 16.245 33.220 15.188
71 16 1 33.931 16.177 33.220 15.256
72 16 1 33.938 16.132 33.228 15.211
73 16 1 33.930 16.071 33.220 15.151
74 16 1 33.923 16.026 33.212 15.106
75 16 1 33.982 15.883 33.242 15.053
76 16 1 33.967 15.920 33.257 15.015
77 16 1 33.960 15.875 33.250 14.970
78 16 1 33.967 15.830 33.257 14.924
79 16 1 33.959 15.770 33.249 14.864
80 16 1 33.989 15.581 33.241 14.698
81 16 1 33.966 15.589 33.256 14.691
82 16 1 33.959 15.536 33.249 14.638
83 16 1 33.966 15.468 33.256 14.570
84 16 1 33.958 15.416 33.248 14.518
85 16 1 33.989 15.430 33.256 14.487
86 16 1 33.973 15.408 33.264 14.510
87 16 1 33.966 15.355 33.256 14.457
88 16 1 33.958 15.303 33.248 14.405
89 16 1 33.966 15.265 33.256 14.367
90 16 1 33.980 15.099 33.263 14.405
91 16 1 33.965 15.205 33.255 14.307
92 16 1 33.973 15.167 33.263 14.269
93 16 1 33.995 15.114 33.285 14.216
94 16 1 34.003 15.061 33.293 14.163
95 16 1 34.009 14.797 33.270 14.133
96 16 1 34.002 15.016 33.293 14.118
97 16 1 34.010 14.963 33.300 14.065
98 16 1 34.017 14.910 33.307 14.013
99 16 1 34.025 14.858 33.315 13.960
100 16 1 34.039 14.669 33.321 13.584
101 16 1 34.039 14.782 33.330 13.885
102 16 1 34.047 14.714 33.337 13.817
103 16 1 34.069 14.661 33.359 13.764
104 16 1 34.091 14.593 33.382 13.696
105 16 1 34.038 14.270 33.381 13.433
106 16 1 34.061 14.308 33.359 13.418
107 16 1 34.060 14.262 33.358 13.373
108 16 1 34.060 14.217 33.358 13.327
109 16 1 34.075 14.172 33.373 13.282
110 16 1 34.090 14.112 33.388 13.222
111 16 1 34.090 14.052 33.388 13.162
112 16 1 34.105 14.006 33.403 13.116
113 16 1 34.105 13.946 33.403 13.056
114 16 1 34.119 13.871 33.418 12.981
115 16 1 34.119 13.811 33.417 12.921
116 16 1 34.134 13.735 33.432 12.845
117 16 1 34.149 13.675 33.447 12.785
118 16 1 34.149 13.615 33.447 12.725
119 16 1 34.164 13.554 33.462 12.665
120 16 1 34.246 13.531 33.552 12.544
121 16 1 34.246 13.479 33.552 12.589
122 16 1 34.254 13.448 33.559 12.559
123 16 1 34.261 13.396 33.567 12.506
124 16 1 34.283 13.358 33.589 12.468
125 16 1 34.291 13.313 33.597 12.423
126 16 1 34.313 13.267 33.619 12.378
127 16 1 34.305 13.222 33.611 12.333
128 16 1 34.328 13.177 33.634 12.288
129 16 1 34.320 13.132 33.626 12.243
130 16 1 34.343 13.072 33.649 12.182
131 16 1 34.350 13.027 33.656 12.137
132 16 1 34.372 12.966 33.678 12.077
133 16 1 34.380 12.906 33.686 12.017
134 16 1 34.402 12.846 33.708 11.957
135 16 1 34.357 12.786 33.663 11.897
136 16 1 34.447 12.725 33.753 11.836
137 16 1 34.454 12.680 33.760 11.791
138 16 1 34.499 12.627 33.813 11.738
139 16 1 34.454 12.590 33.767 11.701
140 16 1 34.461 12.545 33.775 11.656
141 16 1 34.438 12.500 33.760 11.611
142 16 1 34.453 12.440 33.775 11.551
143 16 1 34.446 12.395 33.767 11.506
144 16 1 34.453 12.350 33.782 11.460
145 16 1 34.497 12.116 33.796 11.228
146 16 1 34.475 12.124 33.804 11.235
147 16 1 34.482 12.064 33.811 11.182
148 16 1 34.475 12.019 33.803 11.137
149 16 1 34.474 11.959 33.803 11.077
150 16 1 34.557 12.109 33.735 10.920
151 16 1 34.467 11.891 33.796 11.017
152 16 1 34.466 11.846 33.795 10.972
153 16 1 34.466 11.794 33.795 10.920
154 16 1 34.466 11.741 33.795 10.867
155 16 1 34.578 11.590 33.758 10.913
156 16 1 34.459 11.704 33.788 10.830
157 16 1 34.458 11.659 33.787 10.785
158 16 1 34.473 11.614 33.802 10.740
159 16 1 34.458 11.584 33.787 10.717
160 16 1 34.578 11.335 33.750 10.680
161 16 1 34.451 11.531 33.780 10.665
162 16 1 34.450 11.479 33.779 10.612
163 16 1 34.450 11.441 33.779 10.575
164 16 1 34.450 11.388 33.779 10.522
165 16 1 34.517 11.253 33.823 10.229
166 16 1 34.502 11.178 33.831 10.304
167 16 1 34.502 11.118 33.831 10.244
168 16 1 34.502 11.058 33.831 10.192
169 16 1 34.501 10.998 33.831 10.132
170 16 1 34.502 11.125 33.838 10.102
171 16 1 34.509 10.945 33.838 10.087
172 16 1 34.509 10.908 33.838 10.049
173 16 1 34.493 10.870 33.823 10.012
174 16 1 34.508 10.818 33.838 9.959
175 16 1 34.522 10.540 33.740 10.057
176 16 1 34.471 10.773 33.800 9.915
177 16 1 34.471 10.728 33.807 9.870
178 16 1 34.455 10.683 33.792 9.825
179 16 1 34.455 10.623 33.792 9.765
180 16 1 34.478 10.571 33.762 9.622
181 16 1 34.447 10.526 33.784 9.667
182 16 1 34.440 10.481 33.777 9.622
183 16 1 34.417 10.436 33.754 9.577
184 16 1 34.409 10.361 33.746 9.502
185 16 1 34.349 10.339 33.769 9.405
186 16 1 34.387 10.301 33.731 9.443
187 16 1 34.372 10.256 33.716 9.398
188 16 1 34.371 10.196 33.716 9.338
189 16 1 34.371 10.151 33.716 9.293
190 16 1 34.430 9.844 33.723 9.195
191 16 1 34.364 10.129 33.708 9.270
192 16 1 34.363 10.084 33.708 9.225
193 16 1 34.348 10.039 33.693 9.180
194 16 1 34.363 9.994 33.708 9.135
195 16 1 34.348 9.949 33.693 9.091
196 16 1 34.348 9.904 33.693 9.046
197 16 1 34.348 9.859 33.692 9.001
198 16 1 34.348 9.799 33.692 8.941
199 16 1 34.347 9.739 33.692 8.881
200 16 1 34.347 9.679 33.692 8.821
201 16 1 34.347 9.619 33.692 8.761
202 16 1 34.347 9.559 33.692 8.701
203 16 1 34.347 9.499 33.691 8.641
204 16 1 34.347 9.454 33.691 8.596
205 16 1 34.346 9.394 33.691 8.536
206 16 1 34.346 9.349 33.691 8.491
207 16 1 34.331 9.305 33.676 8.446
208 16 1 34.316 9.260 33.661 8.402
209 16 1 34.316 9.215 33.661 8.357
210 16 1 34.232 8.923 33.630 8.185
211 16 1 34.255 8.983 33.607 8.132
212 16 1 34.248 8.945 33.600 8.095
213 16 1 34.240 8.893 33.592 8.042
214 16 1 34.247 8.841 33.600 7.990
215 16 1 34.225 8.788 33.577 7.938
216 16 1 34.232 8.736 33.584 7.885
217 16 1 34.209 8.668 33.562 7.818
218 16 1 34.201 8.601 33.554 7.751
219 16 1 34.179 8.549 33.531 7.698
220 16 1 34.171 8.496 33.524 7.646
221 16 1 34.164 8.444 33.516 7.594
222 16 1 34.171 8.407 33.523 7.556
223 16 1 34.178 8.369 33.531 7.519
224 16 1 34.186 8.332 33.538 7.481
225 16 1 34.163 8.279 33.516 7.429
226 16 1 34.170 8.242 33.523 7.392
227 16 1 34.163 8.190 33.515 7.339
228 16 1 34.170 8.152 33.523 7.302
229 16 1 34.162 8.100 33.515 7.249
230 16 1 34.170 8.047 33.522 7.197
231 16 1 34.177 7.995 33.530 7.145
232 16 1 34.185 7.942 33.537 7.092
233 16 1 34.177 7.875 33.529 7.025
234 16 1 34.199 7.823 33.552 6.972
235 16 1 34.191 7.755 33.544 6.905
236 16 1 34.214 7.703 33.566 6.853
237 16 1 34.221 7.636 33.574 6.785
238 16 1 34.243 7.598 33.596 6.748
239 16 1 34.251 7.531 33.604 6.681
240 16 1 34.258 7.493 33.611 6.643
241 16 1 34.250 7.441 33.603 6.591
242 16 1 34.243 7.404 33.596 6.554
243 16 1 34.235 7.351 33.588 6.501
244 16 1 34.258 7.314 33.610 6.464
245 16 1 34.250 7.261 33.603 6.411
246 16 1 34.257 7.224 33.610 6.374
247 16 1 34.265 7.157 33.618 6.307
248 16 1 34.257 7.104 33.610 6.254
249 16 1 34.249 7.037 33.602 6.187
250 16 1 34.242 6.985 33.595 6.135
251 16 1 34.234 6.917 33.587 6.068
252 16 1 34.226 6.850 33.579 6.000
253 16 1 34.219 6.798 33.572 5.948
254 16 1 34.211 6.746 33.564 5.896
255 16 1 34.203 6.693 33.556 5.844
256 16 1 34.211 6.656 33.564 5.806
257 16 1 34.203 6.604 33.556 5.754
258 16 1 34.195 6.566 33.548 5.717
259 16 1 34.188 6.514 33.541 5.664
260 16 1 34.180 6.477 33.533 5.627
261 16 1 34.173 6.424 33.526 5.575
262 16 1 34.180 6.387 33.533 5.537
263 16 1 34.172 6.335 33.525 5.485
264 16 1 34.165 6.282 33.518 5.433
265 16 1 34.157 6.215 33.510 5.366
266 16 1 34.164 6.163 33.517 5.313
267 16 1 34.142 6.096 33.495 5.246
268 16 1 34.149 6.043 33.502 5.194
269 16 1 34.141 5.976 33.494 5.127
270 16 1 34.149 5.939 33.502 5.089
271 16 1 34.141 5.872 33.494 5.022
272 16 1 34.163 5.834 33.516 4.985
273 16 1 34.156 5.767 33.509 4.917
274 16 1 34.148 5.730 33.501 4.880
275 16 1 34.140 5.677 33.494 4.828
276 16 1 34.133 5.640 33.486 4.791
277 16 1 34.125 5.588 33.478 4.738
278 16 1 34.132 5.550 33.486 4.701
279 16 1 34.125 5.498 33.478 4.649
280 16 1 34.117 5.461 33.471 4.611
281 16 1 34.110 5.394 33.463 4.544
282 16 1 34.102 5.341 33.455 4.492
283 16 1 34.079 5.274 33.433 4.425
284 16 1 34.072 5.222 33.425 4.373
285 16 1 34.049 5.155 33.402 4.306
286 16 1 34.056 5.118 33.410 4.268
287 16 1 34.049 5.050 33.402 4.201
288 16 1 34.056 5.013 33.409 4.164
289 16 1 34.048 4.961 33.402 4.112
290 16 1 34.041 4.924 33.394 4.074
291 16 1 34.018 4.886 33.372 4.037
292 16 1 34.026 4.849 33.379 4.000
293 16 1 34.018 4.812 33.371 3.962
294 16 1 34.010 4.774 33.364 3.925
295 16 1 34.003 4.722 33.356 3.873
296 16 1 33.995 4.685 33.349 3.836
297 16 1 33.987 4.618 33.341 3.769
298 16 1 33.995 4.565 33.348 3.716
299 16 1 33.987 4.513 33.341 3.664
300 16 1 33.994 4.461 33.348 3.612
301 16 1 33.987 4.394 33.340 3.545
302 16 1 33.994 4.342 33.348 3.493
303 16 1 33.986 4.289 33.340 3.440
304 16 1 33.994 4.237 33.347 3.388
305 16 1 33.986 4.185 33.340 3.336
306 16 1 33.994 4.133 33.347 3.284
307 16 1 33.986 4.081 33.340 3.232
308 16 1 33.993 4.058 33.347 3.209
309 16 1 33.971 4.006 33.324 3.157
310 16 1 33.978 3.984 33.332 3.135
311 16 1 33.970 3.931 33.324 3.083
312 16 1 33.963 3.894 33.317 3.045
313 16 1 33.955 3.857 33.309 3.008
314 16 1 33.948 3.805 33.301 2.956
315 16 1 33.925 3.753 33.279 2.904
316 16 1 33.917 3.700 33.271 2.852
317 16 1 33.895 3.648 33.249 2.799
318 16 1 33.887 3.596 33.241 2.747
319 16 1 33.865 3.529 33.218 2.680
320 16 1 33.857 3.492 33.211 2.643
321 16 1 33.849 3.439 33.203 2.591
322 16 1 33.842 3.402 33.195 2.554
323 16 1 33.834 3.365 33.188 2.516
324 16 1 33.827 3.343 33.180 2.494
325 16 1 33.804 3.305 33.158 2.457
326 16 1 33.811 3.283 33.165 2.434
327 16 1 33.789 3.246 33.143 2.397
328 16 1 33.796 3.209 33.150 2.360
329 16 1 33.789 3.171 33.142 2.323
330 16 1 33.796 3.134 33.150 2.285
331 16 1 33.788 3.082 33.142 2.233
332 16 1 33.796 3.045 33.150 2.196
333 16 1 33.788 2.992 33.142 2.144
334 16 1 33.796 2.955 33.149 2.107
335 16 1 33.788 2.888 33.142 2.040
336 16 1 33.795 2.866 33.149 2.017
337 16 1 33.788 2.843 33.142 2.002
338 16 1 33.795 2.821 33.149 1.987
339 16 1 33.803 2.791 33.157 1.965
340 16 1 33.810 2.761 33.164 1.943
341 16 1 33.802 2.732 33.156 1.920
342 16 1 33.825 2.709 33.179 1.905
343 16 1 33.817 2.687 33.171 1.891
344 16 1 33.825 2.664 33.179 1.876
345 16 1 33.832 2.642 33.186 1.861
346 16 1 33.854 2.627 33.209 1.853
347 16 1 33.877 2.605 33.231 1.838
348 16 1 33.884 2.590 33.239 1.831
350 16 1 33.877 2.687 33.231 1.935
351 16 1 33.870 2.672 33.224 1.928
352 16 1 33.862 2.650 33.216 1.913
353 16 1 33.869 2.620 33.224 1.890
354 16 1 33.877 2.590 33.231 1.868
356 16 1 33.870 2.672 33.224 1.958
357 16 1 33.862 2.679 33.216 1.972
359 16 1 33.855 2.709 33.209 2.010
360 16 1 33.862 2.709 33.217 2.017
361 16 1 33.870 2.702 33.224 2.017
362 16 1 33.862 2.694 33.217 2.017
363 16 1 33.870 2.694 33.224 2.025
364 16 1 33.862 2.694 33.217 2.025
365 16 1 33.870 2.694 33.224 2.025
366 16 1 33.862 2.694 33.217 2.025
367 16 1 33.870 2.694 33.224 2.025
368 16 1 33.862 2.694 33.217 2.025
369 16 1 33.870 2.687 33.224 2.017
370 16 1 33.862 2.694 33.217 2.025
371 16 1 33.870 2.687 33.224 2.017
372 16 1 33.862 2.694 33.217 2.025
373 16 1 33.870 2.694 33.224 2.025
374 16 1 33.862 2.694 33.217 2.025
375 16 1 33.870 2.687 33.224 2.017
376 16 1 33.862 2.702 33.217 2.032
377 16 1 33.870 2.702 33.224 2.032
378 16 1 33.877 2.702 33.232 2.032
379 16 1 33.885 2.702 33.239 2.032
380 16 1 33.877 2.702 33.232 2.032
381 16 1 33.885 2.694 33.239 2.025
382 16 1 33.877 2.702 33.232 2.032
383 16 1 33.885 2.702 33.239 2.032
384 16 1 33.877 2.702 33.232 2.032
385 16 1 33.885 2.702 33.239 2.032
386 16 1 33.877 2.702 33.232 2.032
387 16 1 33.885 2.694 33.239 2.025
388 16 1 33.877 2.702 33.232 2.032
389 16 1 33.885 2.702 33.239 2.032
390 16 1 33.877 2.702 33.232 2.032
391 16 1 33.885 2.702 33.239 2.032
392 16 1 33.877 2.702 33.232 2.032
393 16 1 33.885 2.694 33.239 2.025
394 16 1 33.877 2.702 33.232 2.032
395 16 1 33.885 2.702 33.239 2.032
396 16 1 33.877 2.702 33.232 2.032
397 16 1 33.885 2.702 33.239 2.032
398 16 1 33.877 2.702 33.232 2.032
399 16 1 33.885 2.694 33.239 2.025
400 16 1 33.877 2.702 33.232 2.032
401 16 1 33.885 2.702 33.239 2.032
402 16 1 33.877 2.702 33.232 2.032
403 16 1 33.885 2.702 33.239 2.032
404 16 1 33.877 2.702 33.232 2.032
405 16 1 33.885 2.694 33.239 2.025
406 16 1 33.877 2.702 33.232 2.032
407 16 1 33.885 2.702 33.239 2.032
408 16 1 33.877 2.702 33.232 2.032
409 16 1 33.885 2.702 33.239 2.032
410 16 1 33.877 2.702 33.232 2.032
411 16 1 33.885 2.694 33.239 2.025
412 16 1 33.877 2.702 33.232 2.032
413 16 1 33.885 2.702 33.239 2.032
414 16 1 33.877 2.702 33.232 2.032
415 16 1 33.885 2.702 33.239 2.032
416 16 1 33.877 2.702 33.232 2.032
417 16 1 33.885 2.694 33.239 2.025
418 16 1 33.877 2.702 33.232 2.032
419 16 1 33.885 2.702 33.239 2.032
420 16 1 33.877 2.702 33.232 2.032
421 16 1 33.885 2.702 33.239 2.032
422 16 1 33.877 2.702 33.232 2.032
423 16 1 33.885 2.694 33.239 2.025
424 16 1 33.877 2.702 33.232 2.032
425 16 1 33.885 2.702 33.239 2.032
426 16 1 33.877 2.702 33.232 2.032
427 16 1 33.885 2.702 33.239 2.032
428 16 1 33.877 2.702 33.232 2.032
429 16 1 33.885 2.694 33.239 2.025
430 16 1 33.877 2.702 33.232 2.032
431 16 1 33.885 2.702 33.239 2.032
432 16 1 33.877 2.702 33.232 2.032
433 16 1 33.885 2.702 33.239 2.032
434 16 1 33.877 2.702 33.232 2.032
435 16 1 33.885 2.694 33.239 2.025
436 16 1 33.877 2.702 33.232 2.032
437 16 1 33.885 2.702 33.239 2.032
438 16 1 33.877 2.702 33.232 2.032
439 16 1 33.885 2.702 33.239 2.032
440 16 1 33.877 2.702 33.232 2.032
441 16 1 33.885 2.694 33.239 2.025
442 16 1 33.877 2.702 33.232 2.032
443 16 1 33.885 2.702 33.239 2.032
444 16 1 33.877 2.702 33.232 2.032
445 16 1 33.885 2.702 33.239 2.032
446 16 1 33.877 2.702 33.232 2.032
447 16 1 33.885 2.694 33.239 2.025
448 16 1 33.877 2.702 33.232 2.032
449 16 1 33.885 2.702 33.239 2.032
450 16 1 33.877 2.702 33.232 2.032
451 16 1 33.885 2.702 33.239 2.032
452 16 1 33.892 2.687 33.247 2.017
453 16 1 33.900 2.687 33.254 2.017
454 16 1 33.892 2.694 33.247 2.025
455 16 1 33.900 2.687 33.254 2.017
456 16 1 33.892 2.694 33.247 2.025
457 16 1 33.900 2.694 33.254 2.025
458 16 1 33.892 2.694 33.247 2.025
459 16 1 33.900 2.687 33.254 2.017
460 16 1 33.907 2.694 33.262 2.025
461 16 1 33.915 2.687 33.269 2.017
462 16 1 33.907 2.694 33.262 2.025
463 16 1 33.915 2.694 33.269 2.025
464 16 1 33.907 2.694 33.262 2.025
465 16 1 33.915 2.687 33.269 2.017
466 16 1 33.907 2.694 33.262 2.025
32 17 2 16.700 11.299 16.227 10.643
33 17 2 16.715 11.322 16.220 10.635
34 17 2 16.768 11.329 16.273 10.642
35 17 2 16.830 11.329 16.335 10.642
36 17 2 16.883 11.336 16.388 10.649
37 17 2 16.937 11.351 16.442 10.664
38 17 2 16.990 11.366 16.496 10.679
39 17 2 17.036 11.381 16.542 10.694
41 17 2 17.029 11.373 16.534 10.686
42 17 2 17.075 11.380 16.580 10.694
43 17 2 17.128 11.395 16.633 10.708
44 17 2 17.174 11.410 16.679 10.723
45 17 2 17.228 11.417 16.733 10.731
46 17 2 17.281 11.424 16.787 10.738
47 17 2 17.335 11.439 16.840 10.753
48 17 2 17.388 11.454 16.894 10.767
49 17 2 17.450 11.461 16.955 10.775
50 17 2 17.511 11.476 17.016 10.789
51 17 2 17.580 11.483 17.085 10.797
52 17 2 17.641 11.498 17.146 10.811
53 17 2 17.710 11.513 17.215 10.826
54 17 2 17.779 11.527 17.284 10.841
55 17 2 17.847 11.542 17.353 10.856
56 17 2 17.924 11.557 17.429 10.870
57 17 2 17.993 11.571 17.498 10.885
58 17 2 18.069 11.594 17.575 10.907
59 17 2 18.987 11.610 17.536 11.021
60 17 2 18.138 11.601 17.643 10.914
61 17 2 18.215 11.615 17.720 10.929
62 17 2 18.291 11.630 17.796 10.944
63 17 2 18.367 11.652 17.873 10.966
64 17 2 18.444 11.667 17.949 10.981
65 17 2 18.520 11.682 18.026 10.995
66 17 2 18.597 11.704 18.102 11.018
67 17 2 18.673 11.719 18.179 11.032
68 17 2 18.750 11.741 18.255 11.055
69 17 2 18.826 11.755 18.332 11.069
70 17 2 18.910 11.770 18.416 11.084
71 17 2 18.986 11.792 18.492 11.106
72 17 2 19.070 11.807 18.576 11.121
73 17 2 19.147 11.821 18.652 11.135
74 17 2 19.223 11.836 18.729 11.150
75 17 2 19.307 11.851 18.813 11.165
76 17 2 19.391 11.873 18.897 11.187
77 17 2 19.468 11.887 18.973 11.201
78 17 2 19.544 11.902 19.050 11.216
79 17 2 19.620 11.924 19.126 11.238
80 17 2 19.697 11.939 19.202 11.253
81 17 2 19.773 11.954 19.279 11.268
82 17 2 19.849 11.976 19.355 11.290
83 17 2 19.926 11.990 19.432 11.305
84 17 2 20.002 12.013 19.508 11.327
85 17 2 20.078 12.027 19.584 11.341
86 17 2 20.155 12.049 19.660 11.364
87 17 2 20.231 12.064 19.737 11.378
88 17 2 20.307 12.079 19.813 11.393
89 17 2 20.384 12.101 19.889 11.415
90 17 2 20.452 12.115 19.958 11.430
91 17 2 20.528 12.130 20.034 11.445
92 17 2 20.605 12.145 20.111 11.459
93 17 2 20.673 12.159 20.179 11.474
94 17 2 20.750 12.166 20.256 11.481
95 17 2 20.826 12.181 20.332 11.496
96 17 2 20.902 12.196 20.408 11.510
97 17 2 20.979 12.203 20.485 11.517
98 17 2 21.055 12.210 20.561 11.524
99 17 2 21.131 12.217 20.637 11.531
100 17 2 21.207 12.231 20.713 11.546
101 17 2 21.284 12.238 20.790 11.553
102 17 2 21.360 12.253 20.866 11.568
103 17 2 21.444 12.260 20.950 11.575
104 17 2 21.520 12.275 21.026 11.589
105 17 2 21.596 12.282 21.102 11.596
106 17 2 21.680 12.296 21.186 11.611
107 17 2 21.756 12.311 21.262 11.626
108 17 2 21.840 12.325 21.346 11.640
109 17 2 21.916 12.340 21.422 11.655
110 17 2 21.992 12.355 21.499 11.669
111 17 2 22.068 12.369 21.575 11.684
112 17 2 22.152 12.384 21.659 11.699
113 17 2 22.228 12.398 21.735 11.713
114 17 2 22.305 12.413 21.811 11.728
115 17 2 22.381 12.427 21.887 11.743
116 17 2 22.457 12.442 21.963 11.757
117 17 2 22.533 12.449 22.039 11.764
118 17 2 22.617 12.464 22.123 11.779
119 17 2 22.701 12.471 22.207 11.786
120 17 2 22.777 12.485 22.283 11.800
121 17 2 22.860 12.492 22.367 11.807
122 17 2 22.944 12.499 22.451 11.814
123 17 2 23.028 12.506 22.534 11.821
124 17 2 23.112 12.513 22.618 11.828
125 17 2 23.195 12.520 22.702 11.835
126 17 2 23.279 12.527 22.786 11.842
127 17 2 23.363 12.534 22.869 11.849
128 17 2 23.446 12.541 22.953 11.856
129 17 2 23.530 12.548 23.037 11.863
130 17 2 23.614 12.547 23.120 11.863
131 17 2 23.690 12.554 23.197 11.870
132 17 2 23.773 12.561 23.280 11.877
133 17 2 23.850 12.561 23.356 11.876
134 17 2 23.933 12.568 23.440 11.883
135 17 2 24.009 12.575 23.516 11.890
136 17 2 24.093 12.574 23.600 11.890
137 17 2 24.169 12.581 23.676 11.897
138 17 2 24.245 12.588 23.752 11.904
139 17 2 24.328 12.588 23.835 11.903
140 17 2 24.404 12.595 23.911 11.910
141 17 2 24.480 12.602 23.987 11.917
142 17 2 24.564 12.609 24.071 11.924
143 17 2 24.648 12.615 24.155 11.931
144 17 2 24.731 12.622 24.238 11.938
145 17 2 24.815 12.629 24.322 11.945
146 17 2 24.891 12.636 24.398 11.952
147 17 2 24.974 12.651 24.481 11.967
148 17 2 25.058 12.658 24.565 11.974
149 17 2 25.134 12.672 24.641 11.988
150 17 2 25.217 12.687 24.724 12.003
151 17 2 25.293 12.694 24.800 12.010
152 17 2 25.377 12.708 24.884 12.025
153 17 2 25.460 12.723 24.967 12.039
154 17 2 25.536 12.737 25.043 12.054
155 17 2 25.620 12.744 25.127 12.061
156 17 2 25.703 12.759 25.210 12.075
157 17 2 25.779 12.766 25.286 12.082
158 17 2 25.862 12.780 25.370 12.097
159 17 2 25.938 12.787 25.446 12.104
160 17 2 26.765 12.864 25.218 12.204
161 17 2 26.014 12.787 25.521 12.103
162 17 2 26.090 12.794 25.597 12.110
163 17 2 26.166 12.808 25.673 12.125
164 17 2 26.242 12.815 25.749 12.132
165 17 2 26.318 12.822 25.825 12.139
166 17 2 26.393 12.837 25.901 12.153
167 17 2 26.469 12.844 25.977 12.160
168 17 2 26.545 12.851 26.052 12.168
169 17 2 26.621 12.858 26.128 12.175
170 17 2 26.697 12.865 26.204 12.182
171 17 2 26.772 12.872 26.280 12.189
172 17 2 26.848 12.886 26.356 12.203
173 17 2 26.924 12.893 26.432 12.210
174 17 2 27.000 12.900 26.507 12.217
175 17 2 27.076 12.907 26.583 12.224
176 17 2 27.151 12.914 26.659 12.231
177 17 2 27.227 12.929 26.735 12.246
178 17 2 27.303 12.936 26.811 12.253
179 17 2 27.371 12.943 26.879 12.260
180 17 2 27.447 12.950 26.955 12.267
181 17 2 27.515 12.965 27.023 12.281
182 17 2 27.591 12.972 27.098 12.288
183 17 2 27.659 12.986 27.167 12.303
184 17 2 27.727 12.993 27.235 12.310
185 17 2 27.795 13.008 27.303 12.325
186 17 2 27.871 13.022 27.379 12.339
187 17 2 27.939 13.037 27.447 12.354
188 17 2 28.007 13.051 27.515 12.369
189 17 2 28.075 13.066 27.583 12.383
190 17 2 28.862 13.173 27.371 12.354
191 17 2 28.136 13.073 27.644 12.390
192 17 2 28.196 13.088 27.704 12.405
193 17 2 28.272 13.102 27.780 12.419
194 17 2 28.340 13.117 27.848 12.434
195 17 2 28.408 13.139 27.916 12.456
196 17 2 28.476 13.161 27.984 12.478
197 17 2 28.552 13.176 28.060 12.493
198 17 2 28.628 13.198 28.136 12.515
199 17 2 28.703 13.220 28.211 12.537
200 17 2 28.772 13.242 28.280 12.559
201 17 2 28.847 13.264 28.355 12.581
202 17 2 28.923 13.286 28.431 12.603
203 17 2 28.991 13.301 28.499 12.618
204 17 2 29.059 13.323 28.567 12.640
205 17 2 29.127 13.345 28.635 12.662
206 17 2 29.195 13.367 28.703 12.684
207 17 2 29.271 13.389 28.779 12.706
208 17 2 29.339 13.411 28.847 12.728
209 17 2 29.407 13.433 28.915 12.751
210 17 2 30.117 13.767 28.801 12.646
211 17 2 29.475 13.448 28.983 12.765
212 17 2 29.543 13.470 29.051 12.787
213 17 2 29.611 13.499 29.119 12.817
214 17 2 29.679 13.529 29.187 12.847
215 17 2 29.762 13.551 29.270 12.869
216 17 2 29.830 13.581 29.338 12.898
217 17 2 29.898 13.610 29.406 12.928
218 17 2 29.981 13.632 29.490 12.950
219 17 2 30.057 13.654 29.565 12.972
220 17 2 30.140 13.676 29.648 12.994
221 17 2 30.216 13.698 29.724 13.016
222 17 2 30.291 13.720 29.799 13.038
223 17 2 30.382 13.735 29.890 13.052
224 17 2 30.457 13.749 29.966 13.067
225 17 2 30.540 13.764 30.049 13.081
226 17 2 30.623 13.778 30.132 13.096
227 17 2 30.699 13.792 30.207 13.110
228 17 2 30.782 13.807 30.290 13.125
229 17 2 30.858 13.814 30.366 13.132
230 17 2 30.941 13.821 30.449 13.139
231 17 2 31.024 13.828 30.532 13.146
232 17 2 31.107 13.834 30.615 13.153
233 17 2 31.190 13.834 30.698 13.152
234 17 2 31.280 13.833 30.789 13.151
235 17 2 31.371 13.832 30.879 13.151
236 17 2 31.461 13.832 30.970 13.150
237 17 2 31.552 13.831 31.060 13.149
238 17 2 31.650 13.830 31.158 13.148
239 17 2 31.740 13.829 31.249 13.148
240 17 2 31.838 13.829 31.347 13.147
241 17 2 31.936 13.820 31.445 13.139
242 17 2 32.034 13.820 31.543 13.138
243 17 2 32.125 13.811 31.633 13.130
244 17 2 32.222 13.803 31.731 13.122
245 17 2 32.313 13.802 31.822 13.121
246 17 2 32.403 13.802 31.912 13.120
247 17 2 32.494 13.793 32.003 13.112
248 17 2 32.584 13.793 32.093 13.111
249 17 2 32.682 13.784 32.191 13.103
250 17 2 32.772 13.776 32.281 13.095
251 17 2 32.870 13.768 32.379 13.087
252 17 2 32.968 13.752 32.477 13.071
253 17 2 33.066 13.744 32.575 13.062
254 17 2 33.164 13.728 32.673 13.047
255 17 2 33.449 13.665 32.891 13.030
257 17 2 33.419 13.681 32.914 13.015
258 17 2 33.517 13.672 33.011 13.007
259 17 2 33.825 13.565 33.229 12.967
260 17 2 33.780 13.587 33.259 12.937
261 17 2 33.870 13.579 33.350 12.929
262 17 2 33.976 13.571 33.455 12.921
263 17 2 34.081 13.555 33.560 12.905
264 17 2 34.186 13.539 33.666 12.889
265 17 2 34.524 13.559 33.846 12.948
267 17 2 34.457 13.567 33.914 12.925
268 17 2 34.562 13.559 34.019 12.916
269 17 2 34.675 13.565 34.132 12.923
270 17 2 34.787 13.557 34.244 12.915
271 17 2 34.908 13.556 34.365 12.914
272 17 2 35.028 13.555 34.485 12.913
273 17 2 35.140 13.554 34.597 12.912
274 17 2 35.433 13.552 34.778 12.858
276 17 2 35.380 13.530 34.823 12.880
277 17 2 35.478 13.529 34.920 12.880
278 17 2 35.561 13.528 35.003 12.879
279 17 2 35.658 13.543 35.101 12.893
280 17 2 35.756 13.542 35.198 12.893
281 17 2 35.853 13.541 35.296 12.892
282 17 2 36.123 13.547 35.611 12.852
284 17 2 36.138 13.524 35.588 12.875
285 17 2 36.183 13.524 35.633 12.874
286 17 2 36.168 13.539 35.618 12.889
287 17 2 36.168 13.524 35.618 12.874
288 17 2 36.168 13.524 35.618 12.874
289 17 2 36.183 13.524 35.633 12.874
291 17 2 36.176 13.516 35.626 12.867
292 17 2 36.176 13.516 35.626 12.867
293 17 2 36.176 13.516 35.626 12.867
294 17 2 36.176 13.516 35.626 12.867
295 17 2 36.176 13.516 35.626 12.867
296 17 2 36.176 13.516 35.626 12.867
297 17 2 36.176 13.516 35.626 12.867
298 17 2 36.176 13.516 35.626 12.867
299 17 2 36.176 13.516 35.626 12.867
300 17 2 36.176 13.516 35.626 12.867
301 17 2 36.176 13.516 35.626 12.867
302 17 2 36.176 13.516 35.626 12.867
303 17 2 36.176 13.516 35.626 12.867
304 17 2 36.176 13.516 35.626 12.867
305 17 2 36.176 13.516 35.626 12.867
306 17 2 36.176 13.516 35.626 12.867
307 17 2 36.176 13.516 35.626 12.867
308 17 2 36.176 13.516 35.626 12.867
309 17 2 36.176 13.516 35.626 12.867
310 17 2 36.176 13.516 35.626 12.867
311 17 2 36.161 13.516 35.611 12.867
312 17 2 36.161 13.516 35.611 12.867
313 17 2 36.161 13.516 35.611 12.867
314 17 2 36.161 13.516 35.611 12.867
315 17 2 36.161 13.516 35.611 12.867
316 17 2 36.161 13.516 35.611 12.867
317 17 2 36.161 13.516 35.611 12.867
318 17 2 36.161 13.516 35.611 12.867
319 17 2 36.161 13.501 35.611 12.852
320 17 2 36.161 13.501 35.611 12.852
321 17 2 36.161 13.501 35.611 12.852
322 17 2 36.161 13.501 35.611 12.852
323 17 2 36.161 13.501 35.611 12.852
324 17 2 36.161 13.501 35.611 12.852
325 17 2 36.161 13.501 35.611 12.852
326 17 2 36.161 13.501 35.611 12.852
327 17 2 36.161 13.501 35.611 12.852
328 17 2 36.161 13.501 35.611 12.852
329 17 2 36.161 13.501 35.611 12.852
330 17 2 36.161 13.501 35.611 12.852
331 17 2 36.161 13.501 35.611 12.852
332 17 2 36.161 13.501 35.611 12.852
333 17 2 36.161 13.501 35.611 12.852
334 17 2 36.161 13.501 35.611 12.852
335 17 2 36.161 13.501 35.611 12.852
336 17 2 36.161 13.501 35.611 12.852
337 17 2 36.161 13.501 35.611 12.852
338 17 2 36.161 13.501 35.611 12.852
339 17 2 36.161 13.501 35.611 12.852
340 17 2 36.161 13.501 35.611 12.852
341 17 2 36.161 13.501 35.611 12.852
342 17 2 36.161 13.501 35.611 12.852
343 17 2 36.161 13.516 35.611 12.867
344 17 2 36.161 13.531 35.611 12.882
345 17 2 36.161 13.516 35.611 12.867
346 17 2 36.161 13.531 35.611 12.882
347 17 2 36.161 13.516 35.611 12.867
348 17 2 36.161 13.531 35.611 12.882
349 17 2 36.161 13.516 35.611 12.867
350 17 2 36.161 13.531 35.611 12.882
351 17 2 36.161 13.531 35.611 12.882
352 17 2 36.161 13.531 35.611 12.882
353 17 2 36.161 13.531 35.611 12.882
354 17 2 36.161 13.531 35.611 12.882
355 17 2 36.161 13.531 35.611 12.882
356 17 2 36.161 13.531 35.611 12.882
357 17 2 36.161 13.531 35.611 12.882
358 17 2 36.161 13.531 35.611 12.882
359 17 2 36.161 13.531 35.611 12.882
360 17 2 36.176 13.531 35.626 12.882
361 17 2 36.176 13.531 35.626 12.882
362 17 2 36.176 13.531 35.626 12.882
363 17 2 36.176 13.546 35.626 12.897
364 17 2 35.990 13.863 35.394 13.132
365 17 2 35.967 13.818 35.417 13.161
366 17 2 35.967 13.826 35.417 13.169
367 17 2 35.967 13.833 35.417 13.176
368 17 2 35.967 13.826 35.417 13.169
369 17 2 35.773 14.083 35.230 13.388
370 17 2 35.773 14.060 35.230 13.403
371 17 2 35.780 14.068 35.237 13.411
372 17 2 35.788 14.075 35.245 13.418
373 17 2 35.780 14.068 35.237 13.411
374 17 2 35.788 14.075 35.245 13.418
375 17 2 35.780 14.068 35.237 13.411
376 17 2 35.788 14.075 35.245 13.418
377 17 2 35.780 14.068 35.237 13.411
378 17 2 35.788 14.075 35.245 13.418
379 17 2 35.780 14.068 35.237 13.411
380 17 2 35.788 14.075 35.245 13.418
381 17 2 35.780 14.068 35.237 13.411
382 17 2 35.788 14.075 35.245 13.418
383 17 2 35.780 14.068 35.237 13.411
384 17 2 35.788 14.075 35.245 13.418
385 17 2 35.780 14.068 35.237 13.411
386 17 2 35.788 14.075 35.245 13.418
387 17 2 35.780 14.068 35.237 13.411
388 17 2 35.788 14.075 35.245 13.418
389 17 2 35.780 14.068 35.237 13.411
390 17 2 35.788 14.075 35.245 13.418
391 17 2 35.780 14.068 35.237 13.411
392 17 2 35.788 14.075 35.245 13.418
393 17 2 35.780 14.068 35.237 13.411
394 17 2 35.788 14.075 35.245 13.418
395 17 2 35.780 14.068 35.237 13.411
396 17 2 35.788 14.075 35.245 13.418
397 17 2 35.780 14.068 35.237 13.411
398 17 2 35.788 14.075 35.245 13.418
399 17 2 35.780 14.068 35.237 13.411
400 17 2 35.788 14.075 35.245 13.418
401 17 2 35.780 14.068 35.237 13.411
402 17 2 35.788 14.075 35.245 13.418
403 17 2 35.780 14.068 35.237 13.411
404 17 2 35.788 14.060 35.245 13.403
405 17 2 35.780 14.053 35.237 13.396
406 17 2 35.788 14.060 35.245 13.403
407 17 2 35.780 14.053 35.237 13.396
408 17 2 35.788 14.060 35.245 13.403
409 17 2 35.780 14.053 35.237 13.396
410 17 2 35.788 14.060 35.245 13.403
411 17 2 35.780 14.053 35.237 13.396
412 17 2 35.788 14.060 35.245 13.403
413 17 2 35.780 14.053 35.237 13.396
414 17 2 35.788 14.060 35.245 13.403
415 17 2 35.780 14.053 35.237 13.396
416 17 2 35.788 14.060 35.245 13.403
417 17 2 35.780 14.053 35.237 13.396
418 17 2 35.788 14.060 35.245 13.403
419 17 2 35.780 14.053 35.237 13.396
420 17 2 35.788 14.060 35.245 13.403
421 17 2 35.780 14.053 35.237 13.396
422 17 2 35.788 14.060 35.245 13.403
423 17 2 35.780 14.053 35.237 13.396
424 17 2 35.788 14.060 35.245 13.403
425 17 2 35.780 14.053 35.237 13.396
426 17 2 35.788 14.060 35.245 13.403
427 17 2 35.780 14.053 35.237 13.396
428 17 2 35.788 14.060 35.245 13.403
429 17 2 35.780 14.053 35.237 13.396
430 17 2 35.788 14.060 35.245 13.403
431 17 2 35.780 14.053 35.237 13.396
432 17 2 35.788 14.060 35.245 13.403
433 17 2 35.780 14.053 35.237 13.396
434 17 2 35.788 14.060 35.245 13.403
435 17 2 35.780 14.053 35.237 13.396
436 17 2 35.788 14.060 35.245 13.403
437 17 2 35.780 14.053 35.237 13.396
438 17 2 35.788 14.060 35.245 13.403
439 17 2 35.780 14.053 35.237 13.396
440 17 2 35.788 14.060 35.245 13.403
441 17 2 35.780 14.053 35.237 13.396
442 17 2 35.788 14.060 35.245 13.403
443 17 2 35.780 14.053 35.237 13.396
444 17 2 35.788 14.060 35.245 13.403
445 17 2 35.780 14.053 35.237 13.396
446 17 2 35.788 14.060 35.245 13.403
447 17 2 35.780 14.053 35.237 13.396
448 17 2 35.788 14.060 35.245 13.403
449 17 2 35.780 14.053 35.237 13.396
450 17 2 35.788 14.060 35.245 13.403
451 17 2 35.780 14.053 35.237 13.396
452 17 2 35.788 14.060 35.245 13.403
453 17 2 35.780 14.053 35.237 13.396
454 17 2 35.788 14.060 35.245 13.403
455 17 2 35.780 14.053 35.237 13.396
456 17 2 35.788 14.060 35.245 13.403
457 17 2 35.795 14.053 35.252 13.396
458 17 2 35.803 14.060 35.260 13.403
459 17 2 35.795 14.053 35.252 13.396
460 17 2 35.803 14.060 35.260 13.403
461 17 2 35.795 14.053 35.252 13.396
462 17 2 35.803 14.060 35.260 13.403
463 17 2 35.795 14.053 35.252 13.396
464 17 2 35.803 14.060 35.260 13.403
465 17 2 35.810 14.068 35.267 13.411
466 17 2 35.818 14.075 35.275 13.418
38 18 1 33.001 18.194 31.830 17.315
39 18 1 33.032 18.217 31.807 17.300
40 18 1 33.039 18.171 31.815 17.254
41 18 1 33.031 18.126 31.807 17.209
42 18 1 33.054 18.095 31.829 17.179
43 18 1 33.046 18.050 31.822 17.133
44 18 1 33.054 17.990 31.829 17.073
45 18 1 33.046 17.944 31.822 17.027
46 18 1 33.054 17.914 31.829 16.997
47 18 1 33.046 17.854 31.821 16.937
48 18 1 33.038 17.808 31.814 16.892
49 18 1 33.030 17.733 31.806 16.816
50 18 1 33.038 17.688 31.814 16.771
51 18 1 33.030 17.612 31.806 16.695
52 18 1 33.038 17.567 31.813 16.650
53 18 1 33.030 17.506 31.806 16.590
54 18 1 33.037 17.446 31.813 16.529
55 18 1 33.030 17.401 31.806 16.484
56 18 1 33.037 17.355 31.813 16.438
57 18 1 33.044 17.295 31.820 16.378
58 18 1 33.052 17.234 31.828 16.317
59 18 1 33.021 17.121 32.424 16.267
60 18 1 33.104 16.932 32.469 16.183
61 18 1 33.127 16.969 32.439 16.161
62 18 1 33.126 16.917 32.438 16.108
63 18 1 33.126 16.856 32.438 16.048
64 18 1 33.126 16.811 32.438 16.002
65 18 1 33.118 16.592 32.370 15.716
66 18 1 33.095 16.570 32.392 15.746
67 18 1 33.095 16.517 32.392 15.693
68 18 1 33.110 16.464 32.407 15.641
69 18 1 33.118 16.411 32.415 15.588
70 18 1 33.148 16.418 32.498 15.677
71 18 1 33.163 16.441 32.475 15.640
72 18 1 33.185 16.395 32.498 15.594
73 18 1 33.193 16.350 32.505 15.549
74 18 1 33.193 16.305 32.505 15.504
75 18 1 33.147 16.109 32.482 15.466
76 18 1 33.147 16.169 32.467 15.399
77 18 1 33.170 16.124 32.490 15.353
78 18 1 33.170 16.071 32.489 15.300
79 18 1 33.162 16.018 32.482 15.248
80 18 1 33.177 15.897 32.512 15.074
81 18 1 33.177 15.882 32.504 15.104
82 18 1 33.176 15.830 32.504 15.051
83 18 1 33.176 15.784 32.504 15.006
84 18 1 33.191 15.724 32.519 14.946
85 18 1 33.176 15.792 32.549 14.772
86 18 1 33.199 15.679 32.526 14.901
87 18 1 33.199 15.633 32.526 14.855
88 18 1 33.198 15.581 32.526 14.803
89 18 1 33.198 15.543 32.526 14.765
90 18 1 33.221 15.445 32.579 14.764
91 18 1 33.221 15.490 32.556 14.727
92 18 1 33.236 15.437 32.571 14.674
93 18 1 33.236 15.384 32.571 14.621
94 18 1 33.228 15.339 32.563 14.576
95 18 1 33.243 15.181 32.601 14.440
96 18 1 33.250 15.188 32.593 14.433
97 18 1 33.250 15.150 32.593 14.395
98 18 1 33.257 15.098 32.600 14.342
99 18 1 33.257 15.052 32.600 14.297
100 18 1 33.212 15.053 32.569 14.011
101 18 1 33.257 14.992 32.600 14.237
102 18 1 33.257 14.939 32.600 14.184
103 18 1 33.272 14.902 32.615 14.146
104 18 1 33.287 14.871 32.630 14.116
105 18 1 33.279 14.774 32.644 13.867
106 18 1 33.294 14.811 32.637 14.056
107 18 1 33.317 14.758 32.660 14.003
108 18 1 33.324 14.728 32.667 13.973
109 18 1 33.324 14.690 32.667 13.935
110 18 1 33.346 14.472 32.531 13.853
111 18 1 33.339 14.652 32.682 13.897
112 18 1 33.339 14.607 32.682 13.852
113 18 1 33.346 14.562 32.690 13.807
114 18 1 33.346 14.517 32.689 13.762
115 18 1 33.369 14.404 32.719 13.408
116 18 1 33.346 14.464 32.689 13.709
117 18 1 33.361 14.426 32.704 13.671
118 18 1 33.376 14.374 32.719 13.618
119 18 1 33.391 14.336 32.734 13.581
120 18 1 33.406 14.283 32.749 13.528
121 18 1 33.421 14.245 32.764 13.490
122 18 1 33.436 14.192 32.779 13.437
123 18 1 33.436 14.162 32.779 13.407
124 18 1 33.451 14.124 32.794 13.369
125 18 1 33.451 14.094 32.794 13.339
126 18 1 33.466 14.042 32.809 13.286
127 18 1 33.465 14.011 32.809 13.256
128 18 1 33.480 13.974 32.824 13.219
129 18 1 33.480 13.936 32.824 13.181
130 18 1 33.480 13.906 32.824 13.151
131 18 1 33.495 13.853 32.838 13.098
132 18 1 33.495 13.793 32.838 13.038
133 18 1 33.495 13.755 32.838 13.000
134 18 1 33.495 13.725 32.838 12.970
135 18 1 33.495 13.672 32.838 12.918
136 18 1 33.510 13.612 32.853 12.857
137 18 1 33.509 13.575 32.853 12.820
138 18 1 33.509 13.522 32.853 12.767
139 18 1 33.509 13.484 32.853 12.729
140 18 1 33.509 13.432 32.853 12.677
141 18 1 33.509 13.402 32.852 12.647
142 18 1 33.524 13.364 32.867 12.609
143 18 1 33.524 13.311 32.867 12.556
144 18 1 33.524 13.274 32.867 12.519
145 18 1 33.539 13.243 32.882 12.489
146 18 1 33.539 13.206 32.882 12.451
147 18 1 33.553 13.160 32.897 12.406
148 18 1 33.553 13.108 32.897 12.353
149 18 1 33.568 13.070 32.912 12.315
150 18 1 33.583 13.017 32.927 12.263
151 18 1 33.583 12.980 32.927 12.225
152 18 1 33.598 12.927 32.942 12.172
153 18 1 33.613 12.889 32.957 12.135
154 18 1 33.628 12.837 32.971 12.082
155 18 1 33.627 12.731 33.031 11.721
156 18 1 33.635 12.784 32.979 12.029
157 18 1 33.643 12.739 32.986 11.984
158 18 1 33.665 12.693 33.009 11.939
159 18 1 33.672 12.648 33.016 11.894
160 18 1 33.732 12.475 32.963 11.706
161 18 1 33.672 12.475 33.016 11.721
162 18 1 33.672 12.438 33.016 11.683
163 18 1 33.672 12.400 33.016 11.646
164 18 1 33.672 12.370 33.015 11.616
165 18 1 33.784 12.136 33.015 11.541
166 18 1 33.664 12.310 33.008 11.556
167 18 1 33.664 12.257 33.008 11.503
168 18 1 33.664 12.220 33.008 11.465
169 18 1 33.664 12.167 33.007 11.413
170 18 1 33.806 12.091 33.150 11.119
171 18 1 33.663 12.122 33.007 11.368
172 18 1 33.663 12.077 33.007 11.323
173 18 1 33.663 12.032 33.007 11.278
174 18 1 33.663 11.972 33.007 11.218
175 18 1 33.798 11.836 33.119 10.984
176 18 1 33.775 11.791 33.119 11.037
177 18 1 33.775 11.746 33.119 10.992
178 18 1 33.775 11.708 33.119 10.954
179 18 1 33.775 11.671 33.119 10.917
180 18 1 33.812 11.475 33.134 10.879
181 18 1 33.767 11.618 33.111 10.864
182 18 1 33.767 11.566 33.111 10.811
183 18 1 33.767 11.528 33.111 10.774
184 18 1 33.767 11.476 33.111 10.721
185 18 1 33.804 11.197 33.163 10.443
186 18 1 33.781 11.205 33.133 10.451
187 18 1 33.781 11.168 33.133 10.414
188 18 1 33.788 11.100 33.140 10.346
189 18 1 33.788 11.055 33.140 10.301
190 18 1 33.894 11.107 33.238 10.375
191 18 1 33.826 11.115 33.178 10.361
192 18 1 33.833 11.070 33.185 10.316
193 18 1 33.848 11.025 33.200 10.271
194 18 1 33.863 10.964 33.215 10.210
195 18 1 33.960 10.701 33.200 10.135
196 18 1 33.855 10.919 33.207 10.165
197 18 1 33.863 10.874 33.215 10.120
198 18 1 33.863 10.822 33.215 10.068
199 18 1 33.855 10.784 33.207 10.030
200 18 1 33.989 10.438 33.191 9.820
201 18 1 33.862 10.724 33.214 9.970
202 18 1 33.855 10.679 33.207 9.925
203 18 1 33.862 10.634 33.214 9.880
204 18 1 33.862 10.582 33.214 9.828
205 18 1 33.854 10.529 33.206 9.775
206 18 1 33.862 10.484 33.214 9.730
207 18 1 33.862 10.424 33.214 9.670
208 18 1 33.854 10.379 33.206 9.625
209 18 1 33.861 10.334 33.213 9.580
210 18 1 33.876 10.244 33.273 9.355
211 18 1 33.854 10.282 33.206 9.528
212 18 1 33.861 10.214 33.213 9.460
213 18 1 33.861 10.184 33.213 9.430
214 18 1 33.846 10.132 33.198 9.378
215 18 1 33.861 10.094 33.213 9.340
216 18 1 33.861 10.057 33.213 9.303
217 18 1 33.868 10.019 33.220 9.265
218 18 1 33.860 9.944 33.212 9.190
219 18 1 33.860 9.907 33.212 9.153
220 18 1 33.852 9.839 33.205 9.086
221 18 1 33.860 9.794 33.212 9.041
222 18 1 33.860 9.734 33.212 8.981
223 18 1 33.859 9.674 33.212 8.921
224 18 1 33.859 9.614 33.212 8.861
225 18 1 33.859 9.577 33.211 8.823
226 18 1 33.859 9.517 33.211 8.763
227 18 1 33.866 9.464 33.219 8.711
228 18 1 33.874 9.427 33.226 8.673
229 18 1 33.874 9.374 33.226 8.621
230 18 1 33.873 9.337 33.226 8.583
231 18 1 33.873 9.284 33.226 8.531
232 18 1 33.873 9.247 33.226 8.493
233 18 1 33.873 9.195 33.225 8.441
234 18 1 33.873 9.157 33.225 8.404
235 18 1 33.873 9.105 33.225 8.351
236 18 1 33.873 9.045 33.225 8.291
237 18 1 33.858 9.000 33.210 8.246
238 18 1 33.850 8.932 33.202 8.179
239 18 1 33.842 8.873 33.195 8.119
240 18 1 33.835 8.828 33.187 8.074
241 18 1 33.827 8.775 33.179 8.022
242 18 1 33.819 8.715 33.172 7.962
243 18 1 33.812 8.678 33.164 7.925
244 18 1 33.804 8.626 33.156 7.872
245 18 1 33.796 8.596 33.149 7.842
246 18 1 33.781 8.558 33.134 7.805
247 18 1 33.766 8.506 33.119 7.753
248 18 1 33.758 8.468 33.111 7.715
249 18 1 33.751 8.416 33.103 7.663
250 18 1 33.743 8.379 33.096 7.625
251 18 1 33.736 8.326 33.088 7.573
252 18 1 33.728 8.266 33.080 7.513
253 18 1 33.720 8.229 33.073 7.476
254 18 1 33.705 8.169 33.058 7.416
255 18 1 33.697 8.117 33.050 7.364
256 18 1 33.682 8.057 33.035 7.304
257 18 1 33.682 7.997 33.035 7.244
258 18 1 33.675 7.960 33.027 7.206
259 18 1 33.674 7.907 33.027 7.154
260 18 1 33.689 7.870 33.042 7.117
261 18 1 33.682 7.817 33.034 7.064
262 18 1 33.674 7.780 33.027 7.027
263 18 1 33.667 7.773 33.019 7.019
264 18 1 33.659 7.743 33.012 6.990
265 18 1 33.644 7.713 32.997 6.960
266 18 1 33.636 7.668 32.989 6.915
267 18 1 33.629 7.623 32.981 6.870
268 18 1 33.621 7.578 32.974 6.825
269 18 1 33.613 7.533 32.966 6.780
270 18 1 33.598 7.481 32.951 6.728
271 18 1 33.583 7.429 32.936 6.676
272 18 1 33.568 7.384 32.921 6.631
273 18 1 33.553 7.332 32.906 6.578
274 18 1 33.538 7.279 32.890 6.526
275 18 1 33.523 7.234 32.875 6.481
276 18 1 33.507 7.190 32.860 6.437
277 18 1 33.492 7.145 32.845 6.392
278 18 1 33.477 7.100 32.830 6.347
279 18 1 33.462 7.055 32.815 6.302
280 18 1 33.432 7.025 32.785 6.272
281 18 1 33.387 6.988 32.740 6.235
282 18 1 33.372 6.951 32.725 6.198
283 18 1 33.349 6.906 32.702 6.153
284 18 1 33.341 6.861 32.694 6.108
285 18 1 33.326 6.816 32.679 6.063
286 18 1 33.311 6.771 32.664 6.018
287 18 1 33.296 6.727 32.649 5.974
288 18 1 33.281 6.674 32.634 5.921
289 18 1 33.266 6.622 32.619 5.869
290 18 1 33.273 6.420 32.641 5.585
291 18 1 33.273 6.383 32.633 5.630
292 18 1 33.258 6.338 32.618 5.585
293 18 1 33.257 6.286 32.618 5.533
294 18 1 33.257 6.233 32.618 5.480
295 18 1 33.257 6.188 32.618 5.435
296 18 1 33.257 6.158 32.618 5.406
297 18 1 33.287 6.113 32.648 5.361
298 18 1 33.302 6.069 32.662 5.316
299 18 1 33.302 6.024 32.662 5.271
300 18 1 33.302 5.979 32.662 5.226
301 18 1 33.287 5.934 32.647 5.181
302 18 1 33.286 5.889 32.647 5.136
303 18 1 33.271 5.837 32.632 5.084
304 18 1 33.256 5.785 32.617 5.032
305 18 1 33.241 5.732 32.602 4.980
306 18 1 33.226 5.680 32.587 4.927
307 18 1 33.211 5.628 32.571 4.875
308 18 1 33.196 5.576 32.556 4.823
309 18 1 33.181 5.531 32.541 4.778
310 18 1 33.165 5.486 32.526 4.733
311 18 1 33.150 5.441 32.511 4.689
312 18 1 33.135 5.397 32.496 4.644
313 18 1 33.105 5.352 32.466 4.599
314 18 1 33.068 5.315 32.428 4.562
315 18 1 33.045 5.277 32.406 4.525
316 18 1 33.030 5.232 32.391 4.480
317 18 1 33.015 5.188 32.375 4.435
318 18 1 33.015 5.143 32.375 4.390
319 18 1 32.999 5.091 32.360 4.338
320 18 1 32.984 5.038 32.345 4.286
321 18 1 32.984 4.994 32.345 4.241
322 18 1 32.969 4.934 32.330 4.181
323 18 1 32.954 4.889 32.315 4.136
324 18 1 32.939 4.829 32.300 4.077
325 18 1 32.939 4.785 32.300 4.032
326 18 1 32.939 4.725 32.299 3.972
327 18 1 32.939 4.680 32.299 3.927
328 18 1 32.938 4.635 32.299 3.883
329 18 1 32.953 4.590 32.314 3.838
330 18 1 32.998 4.560 32.359 3.808
331 18 1 33.013 4.516 32.374 3.763
332 18 1 33.013 4.471 32.374 3.718
333 18 1 33.013 4.441 32.374 3.688
334 18 1 33.013 4.396 32.374 3.644
335 18 1 33.013 4.351 32.374 3.599
336 18 1 32.998 4.307 32.359 3.554
337 18 1 32.997 4.262 32.358 3.509
338 18 1 32.982 4.217 32.343 3.465
339 18 1 32.982 4.172 32.343 3.420
340 18 1 32.982 4.127 32.343 3.375
341 18 1 32.967 4.083 32.328 3.330
342 18 1 32.967 4.038 32.328 3.286
343 18 1 32.952 3.993 32.313 3.241
344 18 1 32.952 3.948 32.313 3.196
345 18 1 32.937 3.904 32.298 3.151
346 18 1 32.922 3.874 32.283 3.122
347 18 1 32.892 3.844 32.253 3.092
348 18 1 32.861 3.799 32.222 3.047
349 18 1 32.846 3.770 32.207 3.017
350 18 1 32.831 3.725 32.192 2.972
351 18 1 32.831 3.695 32.192 2.943
352 18 1 32.831 3.650 32.192 2.898
353 18 1 32.816 3.613 32.177 2.861
354 18 1 32.816 3.568 32.177 2.816
355 18 1 32.816 3.516 32.177 2.764
356 18 1 32.801 3.471 32.162 2.719
357 18 1 32.786 3.427 32.147 2.674
358 18 1 32.785 3.382 32.147 2.629
359 18 1 32.770 3.330 32.131 2.577
360 18 1 32.770 3.277 32.131 2.525
361 18 1 32.785 3.233 32.146 2.480
362 18 1 32.785 3.203 32.146 2.451
363 18 1 32.800 3.158 32.161 2.406
364 18 1 32.815 3.128 32.176 2.376
365 18 1 32.845 3.083 32.206 2.331
366 18 1 32.860 3.039 32.221 2.286
367 18 1 32.860 3.009 32.221 2.257
368 18 1 32.859 2.964 32.221 2.212
369 18 1 32.859 2.934 32.221 2.182
370 18 1 32.852 2.889 32.213 2.137
371 18 1 32.844 2.845 32.205 2.093
372 18 1 32.829 2.800 32.190 2.048
373 18 1 32.829 2.770 32.190 2.018
374 18 1 32.814 2.748 32.175 2.003
375 18 1 32.799 2.726 32.160 1.988
376 18 1 32.784 2.703 32.145 1.973
377 18 1 32.769 2.673 32.130 1.951
378 18 1 32.754 2.651 32.115 1.936
379 18 1 32.724 2.629 32.085 1.921
380 18 1 32.776 2.681 32.138 1.981
381 18 1 32.739 2.658 32.100 1.966
382 18 1 32.701 2.659 32.063 1.974
383 18 1 32.656 2.644 32.018 1.966
384 18 1 32.656 2.636 32.018 1.966
385 18 1 32.656 2.629 32.018 1.966
386 18 1 32.634 2.621 31.995 1.966
387 18 1 32.634 2.621 31.995 1.974
388 18 1 32.634 2.614 31.995 1.974
389 18 1 32.634 2.614 31.995 1.981
390 18 1 32.634 2.599 31.995 1.974
391 18 1 32.649 2.592 32.010 1.974
392 18 1 32.671 2.584 32.033 1.974
393 18 1 32.664 2.614 32.025 2.011
394 18 1 32.664 2.614 32.025 2.018
395 18 1 32.664 2.606 32.025 2.018
396 18 1 32.664 2.606 32.025 2.026
397 18 1 32.664 2.599 32.025 2.026
398 18 1 32.664 2.599 32.025 2.026
399 18 1 32.664 2.599 32.025 2.026
400 18 1 32.664 2.599 32.025 2.026
401 18 1 32.664 2.599 32.025 2.026
402 18 1 32.664 2.599 32.025 2.026
403 18 1 32.664 2.599 32.025 2.026
404 18 1 32.664 2.599 32.025 2.026
405 18 1 32.664 2.599 32.025 2.026
406 18 1 32.664 2.599 32.025 2.026
407 18 1 32.664 2.599 32.025 2.026
408 18 1 32.664 2.599 32.025 2.026
409 18 1 32.664 2.599 32.025 2.026
410 18 1 32.664 2.599 32.025 2.026
411 18 1 32.664 2.599 32.025 2.026
412 18 1 32.664 2.591 32.025 2.026
413 18 1 32.664 2.584 32.025 2.026
414 18 1 32.664 2.584 32.025 2.026
415 18 1 32.664 2.584 32.025 2.026
416 18 1 32.664 2.584 32.025 2.026
417 18 1 32.664 2.584 32.025 2.026
418 18 1 32.664 2.584 32.025 2.026
419 18 1 32.664 2.584 32.025 2.026
420 18 1 32.664 2.584 32.025 2.026
421 18 1 32.664 2.584 32.025 2.026
422 18 1 32.664 2.584 32.025 2.026
423 18 1 32.664 2.584 32.025 2.026
424 18 1 32.664 2.584 32.025 2.026
425 18 1 32.664 2.584 32.025 2.026
426 18 1 32.664 2.584 32.025 2.026
427 18 1 32.664 2.584 32.025 2.026
428 18 1 32.664 2.584 32.025 2.026
429 18 1 32.664 2.584 32.025 2.026
430 18 1 32.664 2.584 32.025 2.026
431 18 1 32.664 2.584 32.025 2.026
432 18 1 32.664 2.584 32.025 2.026
433 18 1 32.664 2.584 32.025 2.026
434 18 1 32.664 2.584 32.025 2.026
435 18 1 32.664 2.584 32.025 2.026
436 18 1 32.664 2.584 32.025 2.026
437 18 1 32.664 2.584 32.025 2.026
438 18 1 32.664 2.584 32.025 2.026
439 18 1 32.664 2.584 32.025 2.026
440 18 1 32.664 2.584 32.025 2.026
441 18 1 32.664 2.584 32.025 2.026
442 18 1 32.664 2.584 32.025 2.026
443 18 1 32.664 2.584 32.025 2.026
444 18 1 32.664 2.584 32.025 2.026
445 18 1 32.664 2.584 32.025 2.026
446 18 1 32.664 2.584 32.025 2.026
447 18 1 32.664 2.584 32.025 2.026
448 18 1 32.664 2.584 32.025 2.026
449 18 1 32.664 2.584 32.025 2.026
450 18 1 32.664 2.584 32.025 2.026
451 18 1 32.664 2.584 32.025 2.026
452 18 1 32.664 2.584 32.025 2.026
453 18 1 32.664 2.584 32.025 2.026
454 18 1 32.664 2.584 32.025 2.026
455 18 1 32.664 2.584 32.025 2.026
456 18 1 32.664 2.584 32.025 2.026
457 18 1 32.664 2.584 32.025 2.026
458 18 1 32.664 2.584 32.025 2.026
459 18 1 32.664 2.584 32.025 2.026
460 18 1 32.664 2.584 32.025 2.026
461 18 1 32.679 2.584 32.040 2.026
462 18 1 32.679 2.584 32.040 2.026
463 18 1 32.679 2.584 32.040 2.026
464 18 1 32.679 2.584 32.040 2.026
465 18 1 32.679 2.584 32.040 2.026
466 18 1 32.679 2.584 32.040 2.026
60 19 1 32.297 16.819 31.691 15.828
61 19 1 32.297 16.811 31.691 15.821
62 19 1 32.304 16.758 31.699 15.768
63 19 1 32.296 16.706 31.691 15.715
64 19 1 32.289 16.668 31.683 15.677
65 19 1 32.409 16.372 31.676 15.753
66 19 1 32.371 16.471 31.713 15.654
67 19 1 32.371 16.426 31.713 15.609
68 19 1 32.371 16.365 31.713 15.549
69 19 1 32.371 16.305 31.713 15.488
70 19 1 32.439 16.206 31.720 15.194
71 19 1 32.416 16.138 31.743 15.269
72 19 1 32.416 16.086 31.743 15.216
73 19 1 32.416 16.033 31.743 15.164
74 19 1 32.431 15.965 31.758 15.096
75 19 1 32.401 15.980 31.803 14.944
76 19 1 32.423 15.912 31.773 15.005
77 19 1 32.430 15.852 31.780 14.945
78 19 1 32.423 15.791 31.772 14.884
79 19 1 32.430 15.731 31.780 14.824
80 19 1 32.445 15.572 31.742 14.892
81 19 1 32.422 15.663 31.765 14.801
82 19 1 32.422 15.618 31.765 14.756
83 19 1 32.437 15.557 31.779 14.696
84 19 1 32.452 15.497 31.794 14.635
85 19 1 32.444 15.293 31.727 14.674
86 19 1 32.414 15.392 31.749 14.568
87 19 1 32.422 15.339 31.757 14.515
88 19 1 32.414 15.286 31.749 14.462
89 19 1 32.421 15.203 31.756 14.379
90 19 1 32.436 15.158 31.778 14.085
91 19 1 32.421 15.128 31.756 14.304
92 19 1 32.429 15.060 31.764 14.236
93 19 1 32.451 14.961 31.786 14.138
94 19 1 32.458 14.878 31.793 14.055
95 19 1 32.647 15.073 31.838 13.836
96 19 1 32.473 14.773 31.808 13.949
97 19 1 32.481 14.690 31.816 13.866
98 19 1 32.488 14.622 31.823 13.799
99 19 1 32.510 14.539 31.845 13.716
100 19 1 32.608 14.463 31.913 13.444
101 19 1 32.585 14.373 31.920 13.534
102 19 1 32.608 14.305 31.943 13.466
103 19 1 32.630 14.206 31.965 13.368
104 19 1 32.653 14.093 31.988 13.255
105 19 1 32.856 14.220 32.017 12.698
106 19 1 32.667 13.973 32.003 13.135
107 19 1 32.772 13.731 32.017 12.916
109 19 1 32.735 13.739 32.055 12.908
110 19 1 32.817 13.512 32.115 12.675
111 19 1 32.802 13.505 32.122 12.675
112 19 1 32.974 13.270 32.280 12.380
114 19 1 32.959 13.240 32.280 12.403
115 19 1 32.913 12.970 32.234 12.140
116 19 1 32.913 12.970 32.234 12.140
117 19 1 32.935 12.669 32.233 11.741
118 19 1 32.920 12.624 32.241 11.786
119 19 1 33.047 12.314 32.353 11.485
120 19 1 33.032 12.315 32.353 11.485
121 19 1 33.129 12.036 32.473 11.101
122 19 1 33.137 11.991 32.465 11.153
123 19 1 33.152 11.893 32.480 11.056
124 19 1 33.286 11.516 32.509 10.703
125 19 1 33.233 11.524 32.555 10.695
126 19 1 33.225 11.261 32.531 10.365
127 19 1 33.218 11.231 32.539 10.402
128 19 1 33.225 11.186 32.546 10.357
129 19 1 33.224 10.961 32.568 10.072
130 19 1 33.232 10.931 32.561 10.102
131 19 1 33.261 10.623 32.590 9.734
132 19 1 33.254 10.593 32.582 9.764
133 19 1 33.253 10.548 32.582 9.719
134 19 1 33.320 10.345 32.664 9.411
135 19 1 33.320 10.292 32.657 9.463
136 19 1 33.313 10.277 32.649 9.448
137 19 1 33.380 10.082 32.724 9.058
138 19 1 33.313 10.270 32.649 9.441
139 19 1 33.185 10.083 32.431 9.292
140 19 1 32.847 10.228 32.251 9.376
141 19 1 32.877 10.205 32.221 9.383
142 19 1 32.877 10.197 32.221 9.376
143 19 1 32.877 10.190 32.221 9.368
144 19 1 32.877 10.197 32.221 9.376
145 19 1 32.877 10.190 32.221 9.368
146 19 1 32.877 10.197 32.221 9.376
147 19 1 32.877 10.190 32.221 9.368
148 19 1 32.877 10.197 32.221 9.376
149 19 1 32.877 10.190 32.221 9.368
150 19 1 32.877 10.197 32.221 9.376
151 19 1 32.877 10.190 32.221 9.368
152 19 1 32.877 10.197 32.221 9.376
153 19 1 32.877 10.190 32.221 9.368
154 19 1 32.877 10.197 32.221 9.376
155 19 1 32.877 10.190 32.221 9.368
156 19 1 32.877 10.197 32.221 9.376
157 19 1 32.877 10.190 32.221 9.368
158 19 1 32.877 10.197 32.221 9.376
159 19 1 32.877 10.190 32.221 9.368
160 19 1 32.877 10.197 32.221 9.376
161 19 1 32.877 10.190 32.221 9.368
162 19 1 32.877 10.197 32.221 9.376
163 19 1 32.877 10.190 32.221 9.368
164 19 1 32.877 10.197 32.221 9.376
165 19 1 32.877 10.190 32.221 9.368
166 19 1 32.877 10.197 32.221 9.376
167 19 1 32.877 10.190 32.221 9.368
168 19 1 32.877 10.197 32.221 9.376
169 19 1 32.877 10.190 32.221 9.368
170 19 1 32.877 10.197 32.221 9.376
171 19 1 32.877 10.190 32.221 9.368
172 19 1 32.877 10.197 32.221 9.376
173 19 1 32.877 10.190 32.221 9.368
174 19 1 32.877 10.182 32.221 9.361
175 19 1 32.877 10.175 32.221 9.353
176 19 1 32.877 10.182 32.221 9.361
177 19 1 32.877 10.175 32.221 9.353
178 19 1 32.877 10.182 32.221 9.361
179 19 1 32.877 10.175 32.221 9.353
180 19 1 32.877 10.182 32.221 9.361
181 19 1 32.877 10.175 32.221 9.353
182 19 1 32.877 10.167 32.221 9.346
183 19 1 32.877 10.160 32.221 9.338
184 19 1 32.862 10.167 32.206 9.346
185 19 1 32.847 10.160 32.191 9.338
186 19 1 32.862 10.167 32.206 9.346
187 19 1 32.847 10.160 32.191 9.338
188 19 1 32.862 10.167 32.206 9.346
189 19 1 32.847 10.160 32.191 9.338
190 19 1 32.862 10.167 32.206 9.346
191 19 1 32.847 10.160 32.191 9.338
192 19 1 32.862 10.167 32.206 9.346
193 19 1 32.847 10.160 32.191 9.338
194 19 1 32.862 10.152 32.206 9.331
195 19 1 32.847 10.145 32.191 9.323
196 19 1 32.862 10.152 32.206 9.331
197 19 1 32.847 10.145 32.191 9.323
198 19 1 32.862 10.152 32.206 9.331
199 19 1 32.847 10.145 32.191 9.323
200 19 1 32.862 10.152 32.206 9.331
201 19 1 32.847 10.145 32.191 9.323
202 19 1 32.862 10.152 32.206 9.331
203 19 1 32.847 10.145 32.191 9.323
204 19 1 32.862 10.152 32.206 9.331
205 19 1 32.847 10.145 32.191 9.323
206 19 1 32.862 10.152 32.206 9.331
207 19 1 32.847 10.145 32.191 9.323
208 19 1 32.862 10.137 32.206 9.316
209 19 1 32.846 10.130 32.190 9.308
210 19 1 32.862 10.137 32.206 9.316
211 19 1 32.846 10.130 32.190 9.308
212 19 1 32.862 10.137 32.206 9.316
213 19 1 32.846 10.130 32.190 9.308
214 19 1 32.862 10.137 32.206 9.316
215 19 1 32.846 10.130 32.190 9.308
216 19 1 32.862 10.137 32.206 9.316
217 19 1 32.846 10.130 32.190 9.308
218 19 1 32.862 10.137 32.206 9.316
219 19 1 32.846 10.130 32.190 9.308
220 19 1 32.862 10.137 32.206 9.316
221 19 1 32.846 10.130 32.190 9.308
222 19 1 32.862 10.137 32.206 9.316
223 19 1 32.846 10.130 32.190 9.308
224 19 1 32.862 10.137 32.206 9.316
225 19 1 32.846 10.130 32.190 9.308
226 19 1 32.862 10.137 32.206 9.316
227 19 1 32.846 10.130 32.190 9.308
228 19 1 32.862 10.137 32.206 9.316
229 19 1 32.846 10.130 32.190 9.308
230 19 1 32.862 10.137 32.206 9.316
231 19 1 32.846 10.130 32.190 9.308
232 19 1 32.862 10.137 32.206 9.316
233 19 1 32.846 10.130 32.190 9.308
234 19 1 32.862 10.137 32.206 9.316
235 19 1 32.846 10.130 32.190 9.308
236 19 1 32.862 10.137 32.206 9.316
237 19 1 32.846 10.130 32.190 9.308
238 19 1 32.862 10.137 32.206 9.316
239 19 1 32.862 10.130 32.206 9.308
240 19 1 32.862 10.137 32.206 9.316
241 19 1 32.862 10.130 32.206 9.308
242 19 1 32.862 10.137 32.206 9.316
243 19 1 32.862 10.130 32.206 9.308
244 19 1 32.862 10.137 32.206 9.316
245 19 1 32.862 10.130 32.206 9.308
246 19 1 32.862 10.137 32.206 9.316
247 19 1 32.862 10.130 32.206 9.308
248 19 1 32.862 10.137 32.206 9.316
249 19 1 32.862 10.130 32.206 9.308
250 19 1 32.862 10.137 32.206 9.316
251 19 1 32.862 10.130 32.206 9.308
252 19 1 32.862 10.137 32.206 9.316
253 19 1 32.862 10.130 32.206 9.308
254 19 1 32.862 10.137 32.206 9.316
255 19 1 32.862 10.130 32.206 9.308
256 19 1 32.862 10.137 32.206 9.316
257 19 1 32.862 10.130 32.206 9.308
258 19 1 32.862 10.137 32.206 9.316
259 19 1 32.862 10.130 32.206 9.308
260 19 1 32.862 10.137 32.206 9.316
261 19 1 32.862 10.130 32.206 9.308
262 19 1 32.862 10.137 32.206 9.316
263 19 1 32.862 10.130 32.206 9.308
264 19 1 32.862 10.137 32.206 9.316
265 19 1 32.862 10.130 32.206 9.308
266 19 1 32.862 10.137 32.206 9.316
267 19 1 32.862 10.130 32.206 9.308
268 19 1 32.862 10.137 32.206 9.316
269 19 1 32.862 10.130 32.206 9.308
270 19 1 32.862 10.137 32.206 9.316
271 19 1 32.862 10.130 32.206 9.308
272 19 1 32.862 10.137 32.206 9.316
273 19 1 32.862 10.130 32.206 9.308
274 19 1 32.862 10.137 32.206 9.316
275 19 1 32.862 10.130 32.206 9.308
276 19 1 32.862 10.137 32.206 9.316
277 19 1 32.862 10.130 32.206 9.308
278 19 1 32.862 10.137 32.206 9.316
279 19 1 32.862 10.130 32.206 9.308
280 19 1 32.862 10.137 32.206 9.316
281 19 1 32.862 10.145 32.206 9.323
282 19 1 32.862 10.152 32.206 9.331
283 19 1 32.862 10.145 32.206 9.323
284 19 1 32.862 10.152 32.206 9.331
285 19 1 32.862 10.145 32.206 9.323
286 19 1 32.862 10.152 32.206 9.331
287 19 1 32.862 10.145 32.206 9.323
288 19 1 32.862 10.152 32.206 9.331
289 19 1 32.862 10.145 32.206 9.323
290 19 1 32.862 10.152 32.206 9.331
291 19 1 32.862 10.145 32.206 9.323
292 19 1 32.862 10.152 32.206 9.331
293 19 1 32.862 10.145 32.206 9.323
294 19 1 32.862 10.152 32.206 9.331
295 19 1 32.862 10.145 32.206 9.323
296 19 1 32.862 10.152 32.206 9.331
297 19 1 32.862 10.145 32.206 9.323
298 19 1 32.862 10.152 32.206 9.331
299 19 1 32.862 10.145 32.206 9.323
300 19 1 32.862 10.152 32.206 9.331
301 19 1 32.862 10.145 32.206 9.323
302 19 1 32.862 10.152 32.206 9.331
303 19 1 32.862 10.145 32.206 9.323
304 19 1 32.862 10.152 32.206 9.331
305 19 1 32.862 10.145 32.206 9.323
306 19 1 32.862 10.152 32.206 9.331
307 19 1 32.862 10.145 32.206 9.323
308 19 1 32.862 10.152 32.206 9.331
309 19 1 32.847 10.145 32.191 9.323
310 19 1 32.862 10.152 32.206 9.331
311 19 1 32.847 10.145 32.191 9.323
312 19 1 32.862 10.152 32.206 9.331
313 19 1 32.847 10.145 32.191 9.323
314 19 1 32.862 10.152 32.206 9.331
315 19 1 32.847 10.145 32.191 9.323
316 19 1 32.862 10.152 32.206 9.331
317 19 1 32.847 10.145 32.191 9.323
318 19 1 32.862 10.137 32.206 9.316
319 19 1 32.846 10.130 32.190 9.308
320 19 1 32.862 10.137 32.206 9.316
321 19 1 32.846 10.130 32.190 9.308
322 19 1 32.862 10.137 32.206 9.316
323 19 1 32.846 10.130 32.190 9.308
324 19 1 32.862 10.137 32.206 9.316
325 19 1 32.846 10.130 32.190 9.308
326 19 1 32.846 10.138 32.191 9.316
327 19 1 32.846 10.130 32.190 9.308
328 19 1 32.846 10.138 32.191 9.316
329 19 1 32.846 10.130 32.190 9.308
330 19 1 32.846 10.138 32.191 9.316
331 19 1 32.846 10.130 32.190 9.308
332 19 1 32.846 10.138 32.191 9.316
333 19 1 32.846 10.130 32.190 9.308
334 19 1 32.846 10.138 32.191 9.316
335 19 1 32.846 10.130 32.190 9.308
336 19 1 32.846 10.138 32.191 9.316
337 19 1 32.846 10.130 32.190 9.308
338 19 1 32.846 10.138 32.191 9.316
339 19 1 32.846 10.130 32.190 9.308
340 19 1 32.846 10.138 32.191 9.316
341 19 1 32.846 10.130 32.190 9.308
342 19 1 32.846 10.138 32.191 9.316
343 19 1 32.847 10.145 32.191 9.323
344 19 1 32.847 10.153 32.191 9.331
345 19 1 32.847 10.145 32.191 9.323
346 19 1 32.847 10.153 32.191 9.331
347 19 1 32.847 10.145 32.191 9.323
348 19 1 32.847 10.153 32.191 9.331
349 19 1 32.847 10.145 32.191 9.323
350 19 1 32.847 10.153 32.191 9.331
351 19 1 32.847 10.145 32.191 9.323
352 19 1 32.847 10.153 32.191 9.331
353 19 1 32.847 10.145 32.191 9.323
354 19 1 32.847 10.153 32.191 9.331
355 19 1 32.862 10.160 32.206 9.338
356 19 1 32.847 10.168 32.191 9.346
357 19 1 32.862 10.160 32.206 9.338
358 19 1 32.847 10.168 32.191 9.346
359 19 1 32.862 10.160 32.206 9.338
360 19 1 32.847 10.168 32.191 9.346
361 19 1 32.862 10.160 32.206 9.338
362 19 1 32.862 10.167 32.206 9.346
363 19 1 32.862 10.160 32.206 9.338
364 19 1 32.862 10.167 32.206 9.346
365 19 1 32.862 10.160 32.206 9.338
366 19 1 32.862 10.167 32.206 9.346
367 19 1 32.862 10.175 32.206 9.353
368 19 1 32.862 10.182 32.206 9.361
369 19 1 32.877 10.175 32.221 9.353
370 19 1 32.892 10.182 32.236 9.361
371 19 1 32.877 10.175 32.221 9.353
372 19 1 32.892 10.182 32.236 9.361
373 19 1 32.877 10.175 32.221 9.353
374 19 1 32.892 10.182 32.236 9.361
375 19 1 32.877 10.175 32.221 9.353
376 19 1 32.892 10.182 32.236 9.361
377 19 1 32.877 10.175 32.221 9.353
378 19 1 32.892 10.182 32.236 9.361
379 19 1 32.877 10.175 32.221 9.353
380 19 1 32.892 10.182 32.236 9.361
381 19 1 32.877 10.175 32.221 9.353
382 19 1 32.892 10.182 32.236 9.361
383 19 1 32.877 10.175 32.221 9.353
384 19 1 32.892 10.182 32.236 9.361
385 19 1 32.877 10.175 32.221 9.353
386 19 1 32.892 10.182 32.236 9.361
387 19 1 32.877 10.175 32.221 9.353
388 19 1 32.892 10.182 32.236 9.361
389 19 1 32.877 10.175 32.221 9.353
390 19 1 32.892 10.182 32.236 9.361
391 19 1 32.877 10.175 32.221 9.353
392 19 1 32.892 10.182 32.236 9.361
393 19 1 32.877 10.175 32.221 9.353
394 19 1 32.892 10.182 32.236 9.361
395 19 1 32.877 10.175 32.221 9.353
396 19 1 32.892 10.182 32.236 9.361
397 19 1 32.877 10.175 32.221 9.353
398 19 1 32.892 10.182 32.236 9.361
399 19 1 32.877 10.175 32.221 9.353
400 19 1 32.892 10.182 32.236 9.361
401 19 1 32.877 10.175 32.221 9.353
402 19 1 32.892 10.182 32.236 9.361
403 19 1 32.877 10.175 32.221 9.353
404 19 1 32.892 10.182 32.236 9.361
405 19 1 32.877 10.175 32.221 9.353
406 19 1 32.892 10.182 32.236 9.361
407 19 1 32.877 10.175 32.221 9.353
408 19 1 32.892 10.182 32.236 9.361
409 19 1 32.877 10.175 32.221 9.353
410 19 1 32.892 10.182 32.236 9.361
411 19 1 32.877 10.175 32.221 9.353
412 19 1 32.892 10.182 32.236 9.361
413 19 1 32.877 10.175 32.221 9.353
414 19 1 32.892 10.182 32.236 9.361
415 19 1 32.877 10.175 32.221 9.353
416 19 1 32.892 10.182 32.236 9.361
417 19 1 32.877 10.175 32.221 9.353
418 19 1 32.892 10.182 32.236 9.361
419 19 1 32.877 10.175 32.221 9.353
420 19 1 32.892 10.182 32.236 9.361
421 19 1 32.877 10.175 32.221 9.353
422 19 1 32.892 10.182 32.236 9.361
423 19 1 32.877 10.175 32.221 9.353
424 19 1 32.892 10.182 32.236 9.361
425 19 1 32.877 10.175 32.221 9.353
426 19 1 32.892 10.182 32.236 9.361
427 19 1 32.877 10.175 32.221 9.353
428 19 1 32.892 10.182 32.236 9.361
429 19 1 32.877 10.175 32.221 9.353
430 19 1 32.892 10.182 32.236 9.361
431 19 1 32.877 10.175 32.221 9.353
432 19 1 32.892 10.182 32.236 9.361
433 19 1 32.877 10.175 32.221 9.353
434 19 1 32.892 10.182 32.236 9.361
435 19 1 32.877 10.175 32.221 9.353
436 19 1 32.892 10.182 32.236 9.361
437 19 1 32.877 10.175 32.221 9.353
438 19 1 32.892 10.182 32.236 9.361
439 19 1 32.877 10.175 32.221 9.353
440 19 1 32.892 10.182 32.236 9.361
441 19 1 32.877 10.175 32.221 9.353
442 19 1 32.892 10.182 32.236 9.361
443 19 1 32.877 10.175 32.221 9.353
444 19 1 32.892 10.182 32.236 9.361
445 19 1 32.877 10.175 32.221 9.353
446 19 1 32.892 10.182 32.236 9.361
447 19 1 32.877 10.175 32.221 9.353
448 19 1 32.892 10.182 32.236 9.361
449 19 1 32.877 10.175 32.221 9.353
450 19 1 32.892 10.182 32.236 9.361
451 19 1 32.877 10.175 32.221 9.353
452 19 1 32.892 10.182 32.236 9.361
453 19 1 32.877 10.175 32.221 9.353
454 19 1 32.892 10.182 32.236 9.361
455 19 1 32.877 10.175 32.221 9.353
456 19 1 32.892 10.182 32.236 9.361
457 19 1 32.877 10.175 32.221 9.353
458 19 1 32.892 10.182 32.236 9.361
459 19 1 32.892 10.175 32.236 9.353
460 19 1 32.892 10.182 32.236 9.361
461 19 1 32.892 10.175 32.236 9.353
462 19 1 32.892 10.182 32.236 9.361
463 19 1 32.892 10.175 32.236 9.353
464 19 1 32.892 10.182 32.236 9.361
465 19 1 32.892 10.175 32.236 9.353
466 19 1 32.892 10.182 32.236 9.361
213 21 1 33.533 11.079 32.900 10.482
214 21 1 33.555 11.094 32.892 10.475
215 21 1 33.585 11.101 32.892 10.385
216 21 1 33.578 11.094 32.892 10.392
217 21 1 33.593 11.071 32.907 10.370
218 21 1 33.608 11.049 32.922 10.347
219 21 1 33.608 11.011 32.922 10.310
220 21 1 33.563 11.184 32.922 10.212
221 21 1 33.570 11.109 32.907 10.272
222 21 1 33.578 11.071 32.914 10.235
223 21 1 33.600 11.034 32.937 10.197
224 21 1 33.608 10.996 32.944 10.159
225 21 1 33.645 10.853 33.079 10.054
226 21 1 33.667 10.868 33.042 10.046
227 21 1 33.682 10.830 33.057 10.009
228 21 1 33.697 10.808 33.072 9.986
229 21 1 33.697 10.770 33.072 9.949
230 21 1 33.824 10.537 32.989 9.822
231 21 1 33.734 10.583 33.071 9.784
232 21 1 33.742 10.552 33.079 9.754
233 21 1 33.764 10.522 33.101 9.723
234 21 1 33.772 10.477 33.108 9.678
235 21 1 33.817 10.590 33.116 9.528
236 21 1 33.802 10.485 33.131 9.633
237 21 1 33.817 10.447 33.146 9.596
238 21 1 33.816 10.409 33.146 9.558
239 21 1 33.831 10.372 33.161 9.521
240 21 1 33.809 10.364 33.168 9.408
241 21 1 33.816 10.319 33.153 9.453
242 21 1 33.839 10.282 33.175 9.416
243 21 1 33.846 10.259 33.183 9.393
244 21 1 33.853 10.222 33.190 9.356
245 21 1 33.913 10.116 33.160 9.401
246 21 1 33.868 10.184 33.205 9.333
247 21 1 33.876 10.147 33.213 9.295
248 21 1 33.883 10.109 33.220 9.258
249 21 1 33.891 10.072 33.227 9.220
250 21 1 33.957 9.824 33.257 9.115
251 21 1 33.935 9.891 33.272 9.055
252 21 1 33.943 9.854 33.280 9.018
253 21 1 33.950 9.816 33.287 8.980
254 21 1 33.972 9.794 33.309 8.958
255 21 1 33.995 9.726 33.376 8.658
256 21 1 34.009 9.621 33.354 8.763
257 21 1 34.024 9.576 33.369 8.718
258 21 1 34.039 9.516 33.384 8.658
259 21 1 34.054 9.456 33.399 8.598
260 21 1 34.077 9.598 33.436 8.500
261 21 1 34.061 9.388 33.406 8.530
262 21 1 34.076 9.343 33.421 8.485
263 21 1 34.106 9.298 33.451 8.440
264 21 1 34.106 9.238 33.451 8.380
265 21 1 34.263 9.193 33.511 8.357
266 21 1 34.211 9.200 33.548 8.350
267 21 1 34.218 9.163 33.555 8.312
268 21 1 34.241 9.110 33.578 8.260
269 21 1 34.233 9.058 33.570 8.207
270 21 1 34.218 8.975 33.585 7.968
271 21 1 34.225 8.901 33.570 8.043
272 21 1 34.240 8.856 33.585 7.998
273 21 1 34.225 8.826 33.570 7.968
274 21 1 34.254 8.766 33.599 7.908
275 21 1 34.269 8.721 33.614 7.863
276 21 1 34.269 8.661 33.614 7.803
277 21 1 34.284 8.601 33.629 7.743
278 21 1 34.299 8.541 33.644 7.683
279 21 1 34.299 8.496 33.644 7.638
280 21 1 34.314 8.451 33.659 7.593
281 21 1 34.328 8.406 33.673 7.548
282 21 1 34.328 8.361 33.673 7.503
283 21 1 34.328 8.301 33.673 7.443
284 21 1 34.328 8.271 33.673 7.413
285 21 1 34.485 7.986 33.605 7.399
286 21 1 34.320 8.234 33.665 7.376
287 21 1 34.320 8.204 33.665 7.346
288 21 1 34.320 8.159 33.665 7.301
289 21 1 34.320 8.114 33.665 7.256
290 21 1 34.327 7.972 33.612 6.882
291 21 1 34.312 8.077 33.657 7.219
292 21 1 34.312 8.032 33.657 7.174
293 21 1 34.312 7.987 33.657 7.129
294 21 1 34.297 7.927 33.642 7.069
295 21 1 34.319 7.785 33.559 6.868
296 21 1 34.266 7.770 33.612 6.912
297 21 1 34.251 7.718 33.597 6.860
298 21 1 34.266 7.673 33.611 6.815
299 21 1 34.236 7.628 33.581 6.770
300 21 1 34.221 7.583 33.566 6.726
301 21 1 34.236 7.553 33.581 6.696
302 21 1 34.221 7.523 33.566 6.666
303 21 1 34.221 7.478 33.566 6.621
304 21 1 34.221 7.448 33.566 6.591
305 21 1 34.205 7.404 33.551 6.546
306 21 1 34.175 7.359 33.521 6.501
307 21 1 34.160 7.329 33.505 6.472
308 21 1 34.168 7.284 33.513 6.427
309 21 1 34.145 7.239 33.490 6.382
310 21 1 34.077 7.112 33.294 6.031
311 21 1 34.107 7.195 33.453 6.337
312 21 1 34.092 7.142 33.437 6.285
313 21 1 34.062 7.083 33.407 6.225
314 21 1 34.047 7.023 33.392 6.165
315 21 1 34.017 6.978 33.362 6.121
316 21 1 34.002 6.948 33.347 6.091
317 21 1 34.009 6.903 33.354 6.046
318 21 1 33.971 6.859 33.317 6.001
319 21 1 33.956 6.829 33.302 5.971
320 21 1 33.926 6.784 33.272 5.927
321 21 1 33.941 6.739 33.286 5.882
322 21 1 33.941 6.724 33.286 5.867
323 21 1 33.933 6.672 33.279 5.815
324 21 1 33.911 6.635 33.256 5.777
325 21 1 33.911 6.590 33.256 5.732
326 21 1 33.896 6.567 33.241 5.710
327 21 1 33.881 6.530 33.226 5.673
328 21 1 33.865 6.515 33.211 5.658
329 21 1 33.865 6.470 33.211 5.613
330 21 1 33.850 6.440 33.196 5.583
331 21 1 33.835 6.396 33.181 5.538
332 21 1 33.820 6.351 33.165 5.494
333 21 1 33.700 6.179 33.038 5.322
335 21 1 33.760 6.157 32.955 5.210
336 21 1 33.692 6.112 33.022 5.255
337 21 1 33.677 6.082 33.007 5.225
338 21 1 33.662 6.052 32.992 5.195
339 21 1 33.647 6.023 32.977 5.165
340 21 1 33.632 5.993 32.962 5.136
341 21 1 33.617 5.948 32.947 5.091
342 21 1 33.601 5.903 32.932 5.046
343 21 1 33.586 5.873 32.917 5.016
344 21 1 33.571 5.843 32.902 4.986
345 21 1 33.556 5.814 32.887 4.956
346 21 1 33.541 5.784 32.872 4.927
347 21 1 33.526 5.739 32.856 4.882
348 21 1 33.511 5.694 32.841 4.837
349 21 1 33.511 5.664 32.841 4.807
350 21 1 33.496 5.620 32.826 4.762
351 21 1 33.481 5.560 32.811 4.703
352 21 1 33.480 5.515 32.811 4.658
353 21 1 33.465 5.470 32.796 4.613
354 21 1 33.465 5.425 32.796 4.568
355 21 1 33.450 5.396 32.781 4.539
356 21 1 33.435 5.366 32.766 4.509
357 21 1 33.420 5.336 32.751 4.479
358 21 1 33.420 5.306 32.750 4.449
359 21 1 33.405 5.261 32.735 4.404
360 21 1 33.390 5.217 32.720 4.359
361 21 1 33.390 5.202 32.720 4.345
362 21 1 33.390 5.157 32.720 4.300
363 21 1 33.374 5.127 32.705 4.270
364 21 1 33.359 5.097 32.690 4.240
365 21 1 33.344 5.067 32.675 4.210
366 21 1 33.329 5.037 32.660 4.180
367 21 1 33.314 5.008 32.645 4.151
368 21 1 33.299 4.978 32.630 4.121
369 21 1 33.284 4.948 32.615 4.091
370 21 1 33.254 4.903 32.585 4.046
371 21 1 33.239 4.858 32.569 4.002
372 21 1 33.209 4.829 32.539 3.972
373 21 1 33.179 4.784 32.509 3.927
374 21 1 33.164 4.739 32.494 3.882
375 21 1 33.134 4.724 32.464 3.867
376 21 1 33.118 4.680 32.449 3.823
377 21 1 33.088 4.665 32.419 3.808
378 21 1 33.073 4.620 32.404 3.763
379 21 1 33.043 4.605 32.374 3.748
380 21 1 33.028 4.575 32.359 3.718
381 21 1 32.998 4.531 32.329 3.674
382 21 1 32.983 4.516 32.314 3.659
383 21 1 32.953 4.471 32.284 3.614
384 21 1 32.938 4.456 32.269 3.599
385 21 1 32.908 4.411 32.238 3.554
386 21 1 32.893 4.396 32.223 3.539
387 21 1 32.863 4.352 32.193 3.495
388 21 1 32.848 4.337 32.178 3.480
389 21 1 32.833 4.292 32.163 3.435
390 21 1 32.803 4.262 32.133 3.405
391 21 1 32.787 4.232 32.118 3.375
392 21 1 32.772 4.203 32.103 3.346
393 21 1 32.742 4.158 32.073 3.301
394 21 1 32.712 4.098 32.043 3.241
395 21 1 32.697 4.053 32.028 3.197
396 21 1 32.682 4.039 32.013 3.182
397 21 1 32.667 3.994 31.998 3.137
398 21 1 32.637 3.979 31.968 3.122
399 21 1 32.622 3.934 31.952 3.077
400 21 1 32.607 3.919 31.937 3.062
401 21 1 32.592 3.875 31.922 3.018
402 21 1 32.577 3.860 31.907 3.003
403 21 1 32.562 3.815 31.892 2.958
404 21 1 32.547 3.800 31.877 2.943
405 21 1 32.531 3.770 31.862 2.913
406 21 1 32.501 3.740 31.832 2.883
407 21 1 32.486 3.711 31.817 2.854
408 21 1 32.456 3.681 31.787 2.824
409 21 1 32.441 3.651 31.772 2.794
410 21 1 32.411 3.621 31.742 2.764
411 21 1 32.381 3.591 31.712 2.734
412 21 1 32.351 3.562 31.682 2.705
413 21 1 32.321 3.532 31.652 2.675
414 21 1 32.291 3.487 31.622 2.630
415 21 1 32.261 3.472 31.591 2.615
416 21 1 32.231 3.442 31.561 2.585
417 21 1 32.216 3.413 31.546 2.556
418 21 1 32.186 3.383 31.516 2.526
419 21 1 32.171 3.368 31.501 2.511
420 21 1 32.141 3.353 31.471 2.496
421 21 1 32.125 3.308 31.456 2.451
422 21 1 32.110 3.308 31.441 2.451
423 21 1 32.080 3.279 31.411 2.422
424 21 1 32.065 3.249 31.396 2.392
425 21 1 32.050 3.234 31.381 2.377
426 21 1 32.035 3.204 31.366 2.347
427 21 1 32.020 3.174 31.351 2.317
428 21 1 32.005 3.144 31.336 2.287
429 21 1 31.990 3.129 31.321 2.272
430 21 1 31.960 3.115 31.291 2.258
431 21 1 31.945 3.070 31.276 2.213
432 21 1 31.930 3.025 31.261 2.235
433 21 1 31.900 2.980 31.231 2.191
434 21 1 31.870 2.921 31.201 2.191
435 21 1 31.855 2.876 31.185 2.146
436 21 1 31.824 2.801 31.155 2.131
437 21 1 31.809 2.772 31.140 2.146
438 21 1 31.794 2.749 31.125 2.124
439 21 1 31.779 2.727 31.110 2.131
440 21 1 31.494 2.794 31.028 2.280
441 21 1 31.757 2.697 31.088 2.124
442 21 1 31.742 2.675 31.073 2.101
443 21 1 31.742 2.652 31.073 2.079
444 21 1 31.727 2.630 31.058 2.079
445 21 1 31.727 2.600 31.058 2.064
446 21 1 31.726 2.585 31.058 2.064
447 21 1 31.726 2.585 31.058 2.064
448 21 1 31.726 2.585 31.058 2.064
449 21 1 31.726 2.585 31.058 2.064
450 21 1 31.726 2.585 31.058 2.064
451 21 1 31.726 2.585 31.058 2.064
452 21 1 31.726 2.585 31.058 2.064
454 21 1 31.719 2.578 31.050 2.056
455 21 1 31.719 2.578 31.050 2.056
456 21 1 31.719 2.578 31.050 2.056
457 21 1 31.719 2.570 31.050 2.049
458 21 1 31.719 2.563 31.050 2.042
459 21 1 31.711 2.548 31.043 2.027
460 21 1 31.704 2.526 31.035 2.012
461 21 1 31.696 2.496 31.028 1.989
462 21 1 31.674 2.459 31.005 1.960
463 21 1 31.659 2.429 30.990 1.937
465 21 1 31.651 2.473 30.983 1.989
283 22 2 36.955 13.488 36.165 12.765
284 22 2 36.978 13.510 36.150 12.758
285 22 2 37.494 13.461 36.091 12.856
286 22 2 37.457 13.461 36.113 12.848
287 22 2 37.562 13.460 36.218 12.847
288 22 2 37.682 13.474 36.338 12.862
289 22 2 37.786 13.459 36.443 12.846
290 22 2 37.906 13.473 36.563 12.860
291 22 2 38.026 13.472 36.683 12.859
292 22 2 38.146 13.486 36.803 12.873
293 22 2 38.265 13.500 36.923 12.887
294 22 2 38.385 13.499 37.043 12.886
295 22 2 38.505 13.513 37.162 12.901
296 22 2 38.639 13.527 37.297 12.915
297 22 2 38.759 13.526 37.417 12.914
298 22 2 38.879 13.525 37.537 12.913
299 22 2 38.998 13.539 37.657 12.927
300 22 2 39.118 13.553 37.776 12.941
301 22 2 39.253 13.552 37.911 12.940
302 22 2 39.372 13.551 38.031 12.939
303 22 2 39.492 13.565 38.151 12.953
304 22 2 39.611 13.579 38.270 12.967
305 22 2 39.731 13.578 38.390 12.966
306 22 2 39.850 13.593 38.510 12.981
307 22 2 39.970 13.622 38.629 13.010
308 22 2 40.090 13.636 38.749 13.024
309 22 2 40.194 13.635 38.854 13.023
310 22 2 40.240 13.844 39.048 13.104
311 22 2 40.284 13.792 38.996 13.142
312 22 2 40.396 13.798 39.109 13.148
313 22 2 40.508 13.805 39.221 13.155
314 22 2 40.635 13.811 39.348 13.162
315 22 2 40.732 13.818 39.445 13.168
316 22 2 40.859 13.824 39.572 13.175
317 22 2 40.971 13.831 39.684 13.182
318 22 2 41.098 13.837 39.811 13.188
319 22 2 41.210 13.844 39.923 13.195
320 22 2 41.322 13.851 40.035 13.201
321 22 2 41.433 13.842 40.147 13.193
322 22 2 41.545 13.849 40.259 13.200
323 22 2 41.657 13.856 40.371 13.206
324 22 2 41.769 13.862 40.483 13.213
325 22 2 41.881 13.854 40.595 13.205
326 22 2 41.992 13.860 40.706 13.211
327 22 2 42.104 13.852 40.818 13.203
328 22 2 42.216 13.859 40.930 13.210
329 22 2 42.328 13.865 41.042 13.216
330 22 2 42.454 13.872 41.169 13.223
331 22 2 42.551 13.863 41.266 13.214
332 22 2 42.678 13.870 41.392 13.221
333 22 2 42.774 13.862 41.489 13.213
334 22 2 42.886 13.868 41.601 13.219
335 22 2 42.998 13.875 41.713 13.226
336 22 2 43.109 13.881 41.825 13.233
337 22 2 43.221 13.888 41.936 13.239
338 22 2 43.333 13.894 42.048 13.246
339 22 2 43.444 13.886 42.160 13.238
340 22 2 43.556 13.893 42.271 13.244
341 22 2 43.667 13.899 42.383 13.251
342 22 2 43.779 13.921 42.495 13.272
343 22 2 43.890 13.927 42.607 13.279
344 22 2 44.002 13.934 42.718 13.286
345 22 2 44.113 13.941 42.830 13.292
346 22 2 44.225 13.962 42.942 13.314
347 22 2 44.337 13.969 43.053 13.321
348 22 2 44.448 13.975 43.165 13.327
349 22 2 44.545 13.982 43.262 13.334
350 22 2 44.873 14.166 43.150 13.290
351 22 2 44.641 13.981 43.358 13.333
352 22 2 44.745 13.988 43.462 13.340
353 22 2 44.842 13.994 43.559 13.347
354 22 2 44.953 14.016 43.671 13.368
355 22 2 45.192 14.171 43.917 13.434
356 22 2 45.184 14.126 43.909 13.464
357 22 2 45.229 14.141 43.961 13.478
358 22 2 45.281 14.170 44.021 13.508
359 22 2 45.333 14.192 44.081 13.529
360 22 2 45.378 14.214 44.133 13.552
361 22 2 45.430 14.236 44.192 13.573
362 22 2 45.475 14.258 44.245 13.595
363 22 2 45.519 14.281 44.297 13.618
365 22 2 45.349 14.274 44.133 13.611
366 22 2 45.156 14.269 43.948 13.605
367 22 2 45.385 14.214 44.185 13.551
369 22 2 45.281 14.208 44.088 13.544
370 22 2 45.289 14.215 44.103 13.552
371 22 2 45.296 14.208 44.118 13.544
372 22 2 45.274 14.215 44.103 13.552
373 22 2 45.274 14.208 44.111 13.544
374 22 2 45.267 14.215 44.111 13.552
375 22 2 45.267 14.208 44.118 13.544
376 22 2 45.267 14.215 44.125 13.552
377 22 2 45.274 14.208 44.140 13.544
378 22 2 45.267 14.200 44.140 13.536
379 22 2 45.274 14.193 44.155 13.529
380 22 2 45.274 14.200 44.162 13.536
381 22 2 45.274 14.193 44.170 13.529
382 22 2 45.267 14.200 44.170 13.536
383 22 2 45.267 14.208 44.177 13.544
384 22 2 45.259 14.215 44.177 13.551
385 22 2 45.252 14.208 44.177 13.544
386 22 2 45.244 14.216 44.177 13.551
387 22 2 45.244 14.208 44.185 13.544
388 22 2 45.237 14.216 44.185 13.551
389 22 2 45.237 14.208 44.192 13.544
390 22 2 45.230 14.216 44.192 13.551
391 22 2 45.229 14.208 44.200 13.544
392 22 2 45.222 14.216 44.200 13.551
393 22 2 45.222 14.208 44.207 13.543
394 22 2 45.222 14.216 44.207 13.551
395 22 2 45.215 14.208 44.200 13.544
396 22 2 45.215 14.216 44.200 13.551
397 22 2 45.215 14.208 44.200 13.544
398 22 2 45.215 14.201 44.200 13.536
399 22 2 45.215 14.193 44.200 13.529
400 22 2 45.215 14.201 44.200 13.536
401 22 2 45.215 14.193 44.200 13.529
402 22 2 45.215 14.201 44.200 13.536
403 22 2 45.215 14.193 44.200 13.529
404 22 2 45.215 14.201 44.200 13.536
405 22 2 45.215 14.193 44.200 13.529
406 22 2 45.215 14.201 44.200 13.536
407 22 2 45.215 14.193 44.200 13.529
408 22 2 45.215 14.201 44.200 13.536
409 22 2 45.215 14.193 44.200 13.529
410 22 2 45.215 14.201 44.200 13.536
411 22 2 45.215 14.193 44.200 13.529
412 22 2 45.215 14.201 44.200 13.536
413 22 2 45.215 14.193 44.200 13.529
414 22 2 45.215 14.201 44.200 13.536
415 22 2 45.207 14.193 44.192 13.529
416 22 2 45.215 14.201 44.200 13.536
417 22 2 45.207 14.193 44.192 13.529
418 22 2 45.215 14.201 44.200 13.536
419 22 2 45.207 14.193 44.192 13.529
420 22 2 45.215 14.201 44.200 13.536
421 22 2 45.207 14.193 44.192 13.529
422 22 2 45.215 14.201 44.200 13.536
423 22 2 45.207 14.193 44.192 13.529
424 22 2 45.214 14.186 44.200 13.521
425 22 2 45.214 14.163 44.199 13.499
426 22 2 45.214 14.156 44.199 13.491
427 22 2 45.229 14.148 44.222 13.484
428 22 2 45.281 14.170 44.281 13.505
429 22 2 45.326 14.207 44.333 13.542
430 22 2 45.386 14.259 44.401 13.594
431 22 2 45.461 14.341 44.483 13.676
432 22 2 45.528 14.378 44.557 13.713
434 22 2 45.349 14.372 44.387 13.707
435 22 2 45.379 14.394 44.424 13.729
436 22 2 45.417 14.431 44.469 13.766
438 22 2 45.298 14.477 44.358 13.811
439 22 2 45.298 14.484 44.365 13.819
440 22 2 45.291 14.492 44.365 13.826
441 22 2 45.284 14.499 44.365 13.834
442 22 2 45.284 14.522 44.373 13.856
443 22 2 45.262 14.559 44.358 13.894
444 22 2 45.262 14.552 44.366 13.886
445 22 2 45.254 14.544 44.366 13.879
446 22 2 45.262 14.522 44.380 13.856
447 22 2 45.261 14.500 44.388 13.834
448 22 2 45.261 14.492 44.395 13.826
449 22 2 45.261 14.485 44.402 13.819
450 22 2 45.261 14.477 44.410 13.811
451 22 2 45.254 14.485 44.410 13.819
452 22 2 45.254 14.477 44.417 13.811
453 22 2 45.246 14.485 44.417 13.818
454 22 2 45.254 14.477 44.432 13.811
455 22 2 45.246 14.470 44.432 13.803
456 22 2 45.246 14.477 44.439 13.811
457 22 2 45.239 14.485 44.439 13.818
458 22 2 45.239 14.477 44.447 13.811
459 22 2 45.232 14.485 44.447 13.818
460 22 2 45.239 14.477 44.462 13.811
461 22 2 45.232 14.485 44.462 13.818
462 22 2 45.232 14.492 44.469 13.826
463 22 2 45.224 14.485 44.469 13.818
464 22 2 45.232 14.477 44.484 13.810
465 22 2 45.224 14.485 44.484 13.818
466 22 2 45.224 14.492 44.491 13.825
353 23 1 29.097 14.182 28.560 13.832
354 23 1 29.113 14.197 28.552 13.832
355 23 1 29.151 14.416 28.333 13.804
356 23 1 29.143 14.409 28.333 13.804
357 23 1 29.143 14.454 28.333 13.849
358 23 1 29.143 14.507 28.333 13.902
359 23 1 29.143 14.544 28.333 13.940
360 23 1 29.143 14.597 28.333 13.992
361 23 1 29.143 14.643 28.333 14.038
362 23 1 29.143 14.695 28.333 14.091
363 23 1 29.143 14.748 28.333 14.143
364 23 1 29.166 14.808 28.356 14.204
365 23 1 29.166 14.869 28.356 14.264
366 23 1 29.166 14.914 28.356 14.309
367 23 1 29.174 14.982 28.363 14.377
368 23 1 29.181 15.027 28.371 14.422
369 23 1 29.204 15.088 28.394 14.483
370 23 1 29.212 15.148 28.401 14.543
371 23 1 29.227 15.201 28.417 14.596
372 23 1 29.250 15.238 28.439 14.633
373 23 1 29.318 15.411 28.598 14.738
374 23 1 29.340 15.396 28.568 14.768
375 23 1 29.378 15.509 28.772 14.857
376 23 1 29.446 15.493 28.689 14.865
377 23 1 29.371 15.675 28.712 14.979
378 23 1 29.409 15.645 28.682 15.001
379 23 1 29.416 15.683 28.689 15.039
380 23 1 29.341 15.902 28.757 14.903
381 23 1 29.416 15.728 28.689 15.085
382 23 1 29.416 15.766 28.689 15.122
383 23 1 29.416 15.819 28.689 15.175
384 23 1 29.416 15.872 28.689 15.228
385 23 1 29.462 16.173 28.780 15.258
386 23 1 29.447 15.969 28.720 15.311
387 23 1 29.462 16.000 28.735 15.341
388 23 1 29.462 16.045 28.735 15.386
389 23 1 29.462 16.090 28.735 15.432
390 23 1 29.568 16.339 28.780 15.575
391 23 1 29.515 16.256 28.788 15.590
392 23 1 29.523 16.301 28.796 15.635
393 23 1 29.530 16.339 28.803 15.673
394 23 1 29.538 16.377 28.811 15.711
395 23 1 29.500 16.513 28.833 15.627
396 23 1 29.553 16.414 28.826 15.748
397 23 1 29.546 16.467 28.818 15.801
398 23 1 29.568 16.498 28.841 15.831
399 23 1 29.584 16.535 28.856 15.869
400 23 1 29.652 16.754 28.962 15.891
401 23 1 29.606 16.618 28.879 15.944
402 23 1 29.622 16.656 28.894 15.982
403 23 1 29.637 16.686 28.909 16.012
404 23 1 29.659 16.716 28.932 16.042
405 23 1 29.690 16.761 28.962 16.087
406 23 1 29.720 16.806 28.993 16.132
407 23 1 29.720 16.836 28.993 16.163
408 23 1 29.720 16.874 28.993 16.200
409 23 1 29.735 16.912 29.008 16.238
410 23 1 29.773 17.222 29.008 16.193
411 23 1 29.750 16.950 29.023 16.276
412 23 1 29.743 16.987 29.016 16.314
413 23 1 29.766 17.025 29.038 16.351
414 23 1 29.796 17.085 29.069 16.412
415 23 1 29.774 17.396 29.107 16.457
416 23 1 29.804 17.131 29.076 16.457
417 23 1 29.811 17.168 29.084 16.495
418 23 1 29.826 17.198 29.099 16.525
419 23 1 29.826 17.221 29.099 16.547
420 23 1 29.834 17.244 29.107 16.570
421 23 1 29.826 17.274 29.099 16.600
422 23 1 29.811 17.312 29.084 16.638
423 23 1 29.796 17.358 29.069 16.684
424 23 1 29.796 17.380 29.069 16.707
425 23 1 29.796 17.418 29.069 16.744
426 23 1 29.804 17.448 29.077 16.775
427 23 1 29.812 17.471 29.084 16.797
428 23 1 29.812 17.509 29.084 16.835
429 23 1 29.812 17.539 29.084 16.865
430 23 1 29.812 17.554 29.084 16.880
431 23 1 29.812 17.584 29.084 16.911
432 23 1 29.812 17.630 29.084 16.956
433 23 1 29.819 17.690 29.092 17.016
434 23 1 29.835 17.751 29.107 17.077
435 23 1 29.857 17.796 29.130 17.122
436 23 1 29.850 17.788 29.122 17.115
437 23 1 29.903 17.863 29.175 17.190
438 23 1 29.986 17.923 29.259 17.249
439 23 1 30.039 17.900 29.312 17.226
440 23 1 30.054 17.907 29.327 17.234
441 23 1 30.054 17.907 29.327 17.234
442 23 1 30.047 17.900 29.319 17.226
443 23 1 30.054 17.907 29.327 17.234
444 23 1 30.054 17.907 29.327 17.234
445 23 1 30.047 17.900 29.319 17.226
446 23 1 30.054 17.907 29.327 17.234
447 23 1 30.054 17.922 29.327 17.249
448 23 1 30.047 17.915 29.319 17.241
449 23 1 30.054 17.938 29.327 17.264
450 23 1 30.054 17.983 29.327 17.309
451 23 1 30.069 18.028 29.342 17.355
452 23 1 30.100 18.089 29.372 17.415
453 23 1 30.138 18.149 29.410 17.475
454 23 1 30.198 18.209 29.471 17.535
455 23 1 30.259 18.269 29.532 17.595
456 23 1 30.320 18.313 29.592 17.647
457 23 1 30.335 18.359 29.607 17.700
458 23 1 30.327 18.298 29.600 17.647
459 23 1 30.357 18.313 29.630 17.669
460 23 1 30.388 18.313 29.660 17.677
461 23 1 30.388 18.320 29.660 17.692
462 23 1 30.388 18.313 29.660 17.692
463 23 1 30.388 18.313 29.660 17.699
464 23 1 30.403 18.312 29.676 17.707
465 23 1 30.403 18.320 29.676 17.722
466 23 1 30.395 18.313 29.668 17.722
0 6 1 32.948 2.576 32.716 2.353
1 6 1 32.971 2.599 32.708 2.345
2 6 1 32.978 2.606 32.693 2.331
3 6 1 32.978 2.606 32.678 2.316
4 6 1 32.978 2.606 32.671 2.308
5 6 1 32.978 2.606 32.663 2.301
6 6 1 32.978 2.606 32.656 2.293
7 6 1 32.978 2.606 32.648 2.286
8 6 1 32.971 2.599 32.641 2.278
9 6 1 32.963 2.591 32.633 2.271
10 6 1 32.956 2.584 32.625 2.264
11 6 1 32.948 2.576 32.618 2.256
12 6 1 32.941 2.569 32.610 2.249
13 6 1 32.933 2.561 32.603 2.241
14 6 1 32.926 2.554 32.595 2.234
15 6 1 32.918 2.546 32.588 2.226
16 6 1 32.911 2.539 32.580 2.219
17 6 1 32.903 2.532 32.573 2.211
18 6 1 32.896 2.524 32.565 2.204
19 6 1 32.888 2.517 32.558 2.197
20 6 1 32.881 2.509 32.550 2.189
21 6 1 32.873 2.502 32.543 2.182
22 6 1 32.866 2.494 32.535 2.174
23 6 1 32.858 2.487 32.528 2.167
24 6 1 32.851 2.479 32.520 2.159
25 6 1 32.843 2.472 32.513 2.152
26 6 1 32.836 2.465 32.505 2.144
27 6 1 32.828 2.457 32.498 2.137
28 6 1 32.821 2.450 32.490 2.130
29 6 1 32.813 2.442 32.483 2.122
30 6 1 32.806 2.435 32.475 2.115
31 6 1 32.798 2.427 32.468 2.107
32 6 1 32.791 2.420 32.460 2.100
33 6 1 32.783 2.412 32.453 2.092
34 6 1 32.776 2.405 32.445 2.085
35 6 1 32.768 2.398 32.438 2.077
36 6 1 32.761 2.390 32.430 2.070
37 6 1 32.753 2.383 32.423 2.063
38 6 1 32.746 2.375 32.415 2.055
39 6 1 32.738 2.368 32.408 2.048
40 6 1 32.731 2.360 32.400 2.040
41 6 1 32.723 2.360 32.393 2.040
42 6 1 32.716 2.360 32.385 2.040
43 6 1 32.708 2.360 32.378 2.040
44 6 1 32.701 2.360 32.370 2.040
45 6 1 32.693 2.360 32.363 2.040
46 6 1 32.686 2.360 32.355 2.040
47 6 1 32.678 2.360 32.348 2.040
48 6 1 32.671 2.360 32.340 2.040
49 6 1 32.663 2.360 32.333 2.040
50 6 1 32.656 2.360 32.325 2.040
51 6 1 32.648 2.360 32.318 2.040
52 6 1 32.641 2.360 32.310 2.040
53 6 1 32.633 2.360 32.303 2.040
54 6 1 32.626 2.360 32.295 2.040
55 6 1 32.618 2.360 32.288 2.040
56 6 1 32.611 2.360 32.280 2.040
57 6 1 32.603 2.361 32.273 2.040
58 6 1 32.596 2.361 32.265 2.040
59 6 1 32.588 2.361 32.258 2.040
60 6 1 32.581 2.361 32.250 2.040
61 6 1 32.573 2.361 32.243 2.040
62 6 1 32.566 2.361 32.235 2.040
63 6 1 32.558 2.361 32.228 2.040
64 6 1 32.551 2.361 32.220 2.040
65 6 1 32.543 2.361 32.213 2.040
66 6 1 32.536 2.361 32.205 2.040
67 6 1 32.528 2.361 32.198 2.040
68 6 1 32.521 2.361 32.190 2.040
69 6 1 32.513 2.361 32.183 2.040
70 6 1 32.506 2.361 32.175 2.040
71 6 1 32.498 2.361 32.168 2.040
72 6 1 32.491 2.361 32.160 2.040
73 6 1 32.483 2.361 32.153 2.040
74 6 1 32.476 2.361 32.145 2.041
75 6 1 32.468 2.361 32.138 2.041
76 6 1 32.461 2.361 32.130 2.041
77 6 1 32.453 2.361 32.123 2.041
78 6 1 32.446 2.361 32.115 2.041
79 6 1 32.438 2.361 32.108 2.041
80 6 1 32.431 2.361 32.100 2.041
81 6 1 32.423 2.361 32.093 2.041
82 6 1 32.416 2.361 32.085 2.041
83 6 1 32.408 2.361 32.078 2.041
84 6 1 32.401 2.361 32.070 2.041
85 6 1 32.393 2.361 32.063 2.041
86 6 1 32.386 2.361 32.055 2.041
87 6 1 32.378 2.361 32.048 2.041
88 6 1 32.371 2.361 32.040 2.041
89 6 1 32.363 2.361 32.033 2.041
90 6 1 32.356 2.361 32.025 2.041
91 6 1 32.348 2.361 32.018 2.041
92 6 1 32.333 2.353 32.003 2.033
93 6 1 32.326 2.353 31.995 2.033
234 6 1 32.318 2.331 31.988 2.018
235 6 1 32.311 2.338 31.980 2.026
236 6 1 32.303 2.294 31.973 2.078
237 6 1 32.296 2.249 31.966 2.108
238 6 1 32.288 2.212 31.958 2.130
239 6 1 32.281 2.189 31.951 2.145
240 6 1 32.273 2.175 31.943 2.153
241 6 1 32.266 2.167 31.936 2.153
242 6 1 32.266 2.167 31.936 2.153
