simulation_id,seq,time,cyclist_id,pedestrian_id,cyclist_x,cyclist_y,pedestrian_x,pedestrian_y,cyclist_vx,cyclist_vy,cyclist_speed,pedestrian_vx,pedestrian_vy,pedestrian_speed,cyclist_heading,distance,app_angle
1,0,1786547899.20279,0,1,53.28,-13.199968,37.597264,-13.400039,-0.499999,0.000796,0.5,-0.068394,-0.000982,0.068401,3.14,15.684012,0.822159
1,0,1786547899.24278,0,1,53.28,-13.199968,37.591393,-13.400121,-0.499999,0.000796,0.5,-0.146787,-0.002051,0.146801,3.14,15.689884,0.822185
1,1,1786547899.28275,0,1,53.257179,-13.2004,37.582386,-13.40025,-0.570529,-0.010798,0.570631,-0.225178,-0.003212,0.225201,-3.122669,15.676067,0.353793
1,2,1786547899.32267,0,1,53.231531,-13.200767,37.570243,-13.400429,-0.641199,-0.009172,0.641265,-0.303568,-0.00447,0.303601,-3.127289,15.662561,0.089133
1,3,1786547899.36267,0,1,53.203058,-13.201164,37.554965,-13.400662,-0.711829,-0.009928,0.711898,-0.381956,-0.00583,0.382001,-3.127646,15.649365,0.068675
1,4,1786547899.40269,0,1,53.171759,-13.20158,37.536551,-13.400954,-0.782461,-0.010401,0.782531,-0.460342,-0.007298,0.4604,-3.128301,15.636479,0.030992
1,5,1786547899.44267,0,1,53.137636,-13.202022,37.515002,-13.401309,-0.853092,-0.011042,0.853163,-0.538726,-0.008882,0.5388,-3.12865,15.623905,0.010729
1,6,1786547899.48265,0,1,53.100687,-13.202493,37.490318,-13.401733,-0.923721,-0.011772,0.923796,-0.617108,-0.01059,0.617199,-3.128849,15.611641,0.001093
1,7,1786547899.52274,0,1,53.060913,-13.202997,37.462498,-13.40223,-0.994348,-0.012604,0.994428,-0.695486,-0.01243,0.695597,-3.128918,15.599687,0.005551
1,8,1786547899.56275,0,1,53.018314,-13.203538,37.431544,-13.402806,-1.064974,-0.013536,1.06506,-0.773861,-0.014414,0.773995,-3.128883,15.588044,0.004272
1,9,1786547899.60274,0,1,52.97289,-13.204121,37.397481,-13.403468,-1.135598,-0.014568,1.135692,-0.851562,-0.016535,0.851723,-3.128765,15.576684,0.001678
1,10,1786547899.64276,0,1,52.924641,-13.204749,37.360572,-13.404213,-1.206221,-0.0157,1.206323,-0.922739,-0.018632,0.922928,-3.128577,15.565348,0.011481
1,11,1786547899.68276,0,1,52.873567,-13.205426,37.321055,-13.405041,-1.276842,-0.016935,1.276955,-0.987914,-0.020707,0.988131,-3.128331,15.553793,0.024513
1,12,1786547899.72274,0,1,52.819669,-13.206157,37.279152,-13.405952,-1.347462,-0.018271,1.347586,-1.047567,-0.022762,1.047815,-3.128034,15.541801,0.040286
1,13,1786547899.76275,0,1,52.762946,-13.206946,37.235067,-13.406944,-1.41808,-0.019711,1.418217,-1.10214,-0.024797,1.102419,-3.127694,15.529167,0.058414
1,14,1786547899.80275,0,1,52.703398,-13.207796,37.188985,-13.408016,-1.488696,-0.021255,1.488848,-1.152039,-0.026813,1.152351,-3.127316,15.515705,0.078587
1,15,1786547899.84276,0,1,52.641026,-13.208712,37.14108,-13.409169,-1.55931,-0.022903,1.559479,-1.197638,-0.028812,1.197985,-3.126906,15.501242,0.100552
1,16,1786547899.88277,0,1,52.575829,-13.209698,37.091508,-13.410401,-1.629922,-0.024658,1.630109,-1.239281,-0.030795,1.239664,-3.126466,15.485621,0.124106
1,17,1786547899.92275,0,1,52.507807,-13.210759,37.040417,-13.411711,-1.700533,-0.026519,1.700739,-1.277285,-0.032762,1.277705,-3.126,15.468696,0.149076
1,18,1786547899.96274,0,1,52.436962,-13.211899,36.987939,-13.4131,-1.77114,-0.028487,1.771369,-1.31194,-0.034713,1.3124,-3.12551,15.450332,0.175321
1,19,1786547900.00268,0,1,52.363292,-13.213121,36.934199,-13.414566,-1.841746,-0.030564,1.841999,-1.343515,-0.036651,1.344015,-3.124999,15.430408,0.20272
1,20,1786547900.04266,0,1,52.286798,-13.214431,36.879309,-13.416109,-1.912349,-0.032749,1.912629,-1.372256,-0.038575,1.372798,-3.124469,15.408809,0.231174
1,21,1786547900.08275,0,1,52.20748,-13.215833,36.823373,-13.417728,-1.982949,-0.035045,1.983259,-1.39839,-0.040485,1.398976,-3.123922,15.385432,0.260594
1,22,1786547900.12272,0,1,52.125338,-13.217331,36.766488,-13.419423,-2.053547,-0.03745,2.053888,-1.422125,-0.042383,1.422757,-3.123358,15.36018,0.290907
1,23,1786547900.16275,0,1,52.040372,-13.218929,36.708716,-13.421179,-2.124141,-0.039965,2.124517,-1.444308,-0.043899,1.444975,-3.12278,15.332991,0.322104
1,24,1786547900.20276,0,1,51.952653,-13.220575,36.650113,-13.422982,-2.192987,-0.041134,2.193373,-1.465064,-0.045064,1.465757,-3.122838,15.303878,0.316771
1,25,1786547900.24275,0,1,51.862267,-13.222277,36.590733,-13.424818,-2.259658,-0.042562,2.260059,-1.484505,-0.045906,1.485215,-3.122759,15.272877,0.319226
1,26,1786547900.28276,0,1,51.769298,-13.22403,36.530623,-13.426676,-2.324219,-0.043824,2.324633,-1.502738,-0.046449,1.503456,-3.12274,15.240022,0.318312
1,27,1786547900.3227,0,1,51.673829,-13.225831,36.469829,-13.428545,-2.386727,-0.045015,2.387151,-1.519859,-0.046719,1.520577,-3.122734,15.205351,0.316627
1,28,1786547900.36265,0,1,51.575939,-13.227675,36.408391,-13.430414,-2.447236,-0.046097,2.44767,-1.535958,-0.046735,1.536668,-3.122759,15.168904,0.313301
1,29,1786547900.40261,0,1,51.475707,-13.229557,36.346346,-13.432275,-2.5058,-0.047068,2.506242,-1.551115,-0.04652,1.551812,-3.122811,15.130719,0.308428
1,30,1786547900.44268,0,1,51.373209,-13.231474,36.28373,-13.434119,-2.562471,-0.047917,2.562919,-1.565406,-0.04609,1.566084,-3.122895,15.090839,0.301875
1,31,1786547900.48265,0,1,51.268516,-13.23342,36.220574,-13.435937,-2.617301,-0.048639,2.617753,-1.578901,-0.045464,1.579555,-3.123011,15.049305,0.293603
1,32,1786547900.52275,0,1,51.161703,-13.235389,36.156907,-13.437723,-2.670339,-0.049228,2.670792,-1.591663,-0.044658,1.592289,-3.123159,15.00616,0.283575
1,33,1786547900.56275,0,1,51.052838,-13.237376,36.092757,-13.439471,-2.721633,-0.049679,2.722086,-1.60375,-0.043686,1.604345,-3.123341,14.961445,0.271775
1,34,1786547900.60274,0,1,50.941988,-13.239376,36.028149,-13.441173,-2.771229,-0.049989,2.77168,-1.615218,-0.042561,1.615779,-3.123556,14.915205,0.258202
1,35,1786547900.6427,0,1,50.829221,-13.241382,35.963104,-13.442825,-2.819175,-0.050154,2.819621,-1.626115,-0.041297,1.626639,-3.123804,14.867482,0.242866
1,36,1786547900.68264,0,1,50.714601,-13.243389,35.897645,-13.444421,-2.865513,-0.050174,2.865952,-1.636487,-0.039904,1.636973,-3.124085,14.81832,0.22579
1,37,1786547900.72263,0,1,50.598189,-13.245391,35.83179,-13.445957,-2.910287,-0.050047,2.910718,-1.646375,-0.038394,1.646823,-3.124398,14.767762,0.207008
1,38,1786547900.76263,0,1,50.480048,-13.247381,35.765557,-13.447428,-2.953539,-0.049773,2.953959,-1.65582,-0.036775,1.656228,-3.124742,14.715851,0.186558
1,39,1786547900.80266,0,1,50.360235,-13.249356,35.698962,-13.44883,-2.995311,-0.049354,2.995717,-1.664856,-0.035059,1.665225,-3.125117,14.66263,0.164491
1,40,1786547900.84273,0,1,50.23881,-13.251307,35.632022,-13.450161,-3.03564,-0.048791,3.036032,-1.673515,-0.033252,1.673845,-3.125521,14.608141,0.140859
1,41,1786547900.88274,0,1,50.115827,-13.253231,35.564749,-13.451415,-3.074567,-0.048086,3.074943,-1.681829,-0.031363,1.682121,-3.125954,14.552428,0.115722
1,42,1786547900.92276,0,1,49.991342,-13.25512,35.497156,-13.452591,-3.112128,-0.047243,3.112487,-1.689824,-0.029398,1.690079,-3.126414,14.495531,0.089145
1,43,1786547900.96271,0,1,49.865408,-13.256971,35.429255,-13.453686,-3.148361,-0.046264,3.148701,-1.697526,-0.027366,1.697747,-3.126899,14.437493,0.061194
1,44,1786547901.00275,0,1,49.738076,-13.258777,35.361056,-13.454696,-3.183301,-0.045155,3.183621,-1.704959,-0.02527,1.705146,-3.127409,14.378354,0.031941
1,45,1786547901.04273,0,1,49.609396,-13.260534,35.292571,-13.455621,-3.216982,-0.043918,3.217282,-1.712144,-0.023119,1.7123,-3.127942,14.318155,0.001458
1,46,1786547901.08274,0,1,49.479419,-13.262236,35.223807,-13.456458,-3.249438,-0.042559,3.249717,-1.7191,-0.020915,1.719228,-3.128496,14.256935,0.030181
1,47,1786547901.12274,0,1,49.348191,-13.26388,35.154773,-13.457204,-3.280702,-0.041083,3.280959,-1.725847,-0.018665,1.725948,-3.129071,14.194735,0.062901
1,48,1786547901.16274,0,1,49.215758,-13.265459,35.085492,-13.457871,-3.310806,-0.039496,3.311041,-1.732017,-0.016658,1.732097,-3.129664,14.131576,0.096673
1,49,1786547901.20275,0,1,49.082143,-13.266993,35.015986,-13.458466,-3.340394,-0.038328,3.340614,-1.737655,-0.014874,1.737718,-3.130119,14.06746,0.122498
1,50,1786547901.24274,0,1,48.947363,-13.268466,34.946274,-13.458998,-3.369488,-0.036834,3.36969,-1.742804,-0.013296,1.742855,-3.130661,14.002386,0.153337
1,51,1786547901.28275,0,1,48.811439,-13.269885,34.876374,-13.459474,-3.398098,-0.035478,3.398283,-1.747504,-0.011909,1.747544,-3.131152,13.936355,0.18129
1,52,1786547901.32276,0,1,48.67439,-13.271244,34.806302,-13.459902,-3.426239,-0.033976,3.426407,-1.75179,-0.010697,1.751822,-3.131677,13.869371,0.211243
1,53,1786547901.36274,0,1,48.536233,-13.272545,34.736074,-13.460288,-3.453921,-0.032513,3.454074,-1.755695,-0.009648,1.755722,-3.13218,13.801436,0.240101
1,54,1786547901.40275,0,1,48.396987,-13.273784,34.665704,-13.460638,-3.481158,-0.030974,3.481296,-1.75925,-0.008748,1.759272,-3.132695,13.732554,0.269845
1,55,1786547901.44274,0,1,48.256668,-13.274961,34.595205,-13.460957,-3.507962,-0.02944,3.508085,-1.762483,-0.007986,1.762501,-3.1332,13.662729,0.299172
1,56,1786547901.48262,0,1,48.115294,-13.276076,34.524588,-13.461251,-3.534344,-0.027862,3.534454,-1.76542,-0.007351,1.765435,-3.13371,13.591968,0.328945
1,57,1786547901.52264,0,1,47.972882,-13.277127,34.453865,-13.461524,-3.560315,-0.026278,3.560412,-1.768084,-0.006833,1.768097,-3.134212,13.520275,0.358574
1,58,1786547901.56264,0,1,47.829446,-13.278113,34.383045,-13.461781,-3.585887,-0.024666,3.585971,-1.770497,-0.006423,1.770508,-3.134714,13.447656,0.388466
1,59,1786547901.60268,0,1,47.685003,-13.279035,34.312138,-13.462026,-3.611069,-0.023045,3.611143,-1.772679,-0.006113,1.77269,-3.135211,13.374118,0.418334
1,60,1786547901.64266,0,1,47.539569,-13.279891,34.241152,-13.462262,-3.635874,-0.021405,3.635937,-1.774649,-0.005895,1.774659,-3.135706,13.299667,0.448386
1,61,1786547901.68265,0,1,47.393156,-13.280682,34.170095,-13.462492,-3.66031,-0.019757,3.660363,-1.776423,-0.005761,1.776433,-3.136195,13.224311,0.478475
1,62,1786547901.72264,0,1,47.245781,-13.281406,34.098974,-13.46272,-3.684388,-0.018098,3.684432,-1.778018,-0.005705,1.778027,-3.136681,13.148057,0.508714
1,63,1786547901.76264,0,1,47.097456,-13.282063,34.027796,-13.462949,-3.708117,-0.016433,3.708153,-1.779448,-0.005721,1.779457,-3.137161,13.070912,0.539027
1,64,1786547901.80264,0,1,46.948196,-13.282653,33.956567,-13.463181,-3.731507,-0.01476,3.731536,-1.780725,-0.005803,1.780735,-3.137637,12.992883,0.569481
1,65,1786547901.84264,0,1,46.798013,-13.283177,33.885293,-13.463419,-3.754566,-0.013085,3.754589,-1.781862,-0.005946,1.781872,-3.138108,12.913978,0.600035
1,66,1786547901.88264,0,1,46.646921,-13.283633,33.813978,-13.463665,-3.777304,-0.011406,3.777321,-1.782871,-0.006144,1.782882,-3.138573,12.834206,0.630734
1,67,1786547901.92266,0,1,46.494932,-13.284022,33.742627,-13.463921,-3.799729,-0.009727,3.799741,-1.783761,-0.006394,1.783773,-3.139033,12.753573,0.661557
1,68,1786547901.96265,0,1,46.342058,-13.284344,33.671246,-13.464188,-3.82185,-0.008047,3.821858,-1.784542,-0.006691,1.784555,-3.139487,12.672088,0.692538
1,69,1786547902.00264,0,1,46.188311,-13.284599,33.599837,-13.464469,-3.843674,-0.00637,3.84368,-1.785223,-0.007031,1.785237,-3.139935,12.589759,0.723665
1,70,1786547902.04262,0,1,46.033702,-13.284786,33.528404,-13.464766,-3.865211,-0.004695,3.865213,-1.785812,-0.007411,1.785827,-3.140378,12.506593,0.754968
1,71,1786547902.08264,0,1,45.878244,-13.284907,33.456952,-13.465079,-3.886466,-0.003024,3.886468,-1.786316,-0.007828,1.786333,-3.140815,12.422599,0.786442
1,72,1786547902.12268,0,1,45.721946,-13.284962,33.385482,-13.46541,-3.907449,-0.001358,3.90745,-1.786742,-0.008278,1.786761,-3.141245,12.337783,0.818112
1,73,1786547902.16267,0,1,45.564819,-13.28495,33.314002,-13.465766,-3.928167,0.000302,3.928167,-1.786992,-0.008896,1.787014,3.141516,12.252151,0.850006
1,74,1786547902.20264,0,1,45.406883,-13.28502,33.242519,-13.466153,-3.94839,-0.001764,3.94839,-1.78708,-0.009667,1.787106,-3.141146,12.165713,0.827502
1,75,1786547902.24281,0,1,45.248158,-13.285051,33.171038,-13.466576,-3.968133,-0.000771,3.968134,-1.78702,-0.01058,1.787051,-3.141398,12.078484,0.849989
1,76,1786547902.28281,0,1,45.088662,-13.28517,33.099565,-13.467041,-3.987408,-0.002971,3.987409,-1.786823,-0.011622,1.786861,-3.140848,11.990476,0.826404
1,77,1786547902.32275,0,1,44.928413,-13.285266,33.028105,-13.467552,-4.006229,-0.002409,4.006229,-1.7865,-0.012783,1.786546,-3.140991,11.901703,0.843114
1,78,1786547902.36276,0,1,44.767429,-13.285461,32.956663,-13.468114,-4.024604,-0.00488,4.024607,-1.786061,-0.014053,1.786116,-3.14038,11.812178,0.816536
1,79,1786547902.40274,0,1,44.605726,-13.285641,32.885242,-13.468731,-4.042551,-0.004491,4.042554,-1.785516,-0.015423,1.785582,-3.140482,11.721914,0.831307
1,80,1786547902.44279,0,1,44.443323,-13.285934,32.813847,-13.469406,-4.060074,-0.007325,4.060081,-1.784872,-0.016884,1.784952,-3.139788,11.630923,0.800475
1,81,1786547902.48275,0,1,44.280236,-13.286209,32.742482,-13.470144,-4.077194,-0.006878,4.0772,-1.784139,-0.018428,1.784234,-3.139906,11.53922,0.816674
1,82,1786547902.52276,0,1,44.116479,-13.286618,32.671149,-13.470946,-4.093909,-0.010229,4.093922,-1.783323,-0.020049,1.783435,-3.139094,11.446815,0.779512
1,83,1786547902.56275,0,1,43.952069,-13.286995,32.599852,-13.471815,-4.110246,-0.009416,4.110257,-1.78243,-0.021738,1.782563,-3.139302,11.353722,0.80146
1,84,1786547902.60277,0,1,43.787022,-13.287538,32.528593,-13.472755,-4.126194,-0.013575,4.126216,-1.781467,-0.023491,1.781622,-3.138303,11.259952,0.754009
1,85,1786547902.64275,0,1,43.62135,-13.288014,32.457375,-13.473767,-4.141792,-0.011905,4.141809,-1.78044,-0.025301,1.780619,-3.138718,11.16552,0.788537
1,86,1786547902.68274,0,1,43.45507,-13.288713,32.386201,-13.474853,-4.157008,-0.017458,4.157045,-1.779353,-0.027163,1.77956,-3.137393,11.070433,0.722809
1,87,1786547902.72275,0,1,43.288193,-13.289273,32.315073,-13.476016,-4.17191,-0.014014,4.171934,-1.778211,-0.029072,1.778449,-3.138234,10.974709,0.782516
1,88,1786547902.76274,0,1,43.120736,-13.290161,32.243992,-13.477257,-4.186426,-0.022202,4.186485,-1.77702,-0.031023,1.777291,-3.136289,10.878353,0.681612
1,89,1786547902.80273,0,1,42.952709,-13.290764,32.172961,-13.478578,-4.200679,-0.015076,4.200707,-1.775782,-0.033012,1.776089,-3.138004,10.781384,0.792518
1,90,1786547902.84276,0,1,42.784129,-13.291912,32.101981,-13.479979,-4.21451,-0.028688,4.214608,-1.774501,-0.035035,1.774847,-3.134786,10.683803,0.618632
1,91,1786547902.88273,0,1,42.615002,-13.292454,32.031053,-13.481462,-4.228176,-0.013546,4.228198,-1.773182,-0.037089,1.77357,-3.138389,10.585636,0.83953
1,92,1786547902.92278,0,1,42.44535,-13.294024,31.96018,-13.483029,-4.241301,-0.039254,4.241483,-1.771826,-0.039169,1.772259,-3.132338,10.486873,0.502428
1,93,1786547902.96279,0,1,42.275171,-13.294241,31.889363,-13.48468,-4.25447,-0.005435,4.254473,-1.770438,-0.041274,1.770919,-3.140315,10.387554,0.977291
1,94,1786547903.00276,0,1,42.104501,-13.296657,31.818602,-13.486416,-4.266748,-0.060385,4.267175,-1.769019,-0.0434,1.769551,-3.127441,10.287649,0.246083
1,95,1786547903.04275,0,1,41.933317,-13.296815,31.747899,-13.488238,-4.279596,-0.003972,4.279598,-1.767572,-0.045544,1.768158,-3.140665,10.187216,1.023504
1,96,1786547903.08275,0,1,41.761667,-13.299412,31.677255,-13.490146,-4.291253,-0.064914,4.291744,-1.766099,-0.047703,1.766743,-3.126467,10.086215,0.216896
1,97,1786547903.12267,0,1,41.589522,-13.299738,31.606671,-13.492141,-4.303618,-0.008158,4.303626,-1.764603,-0.049877,1.765307,-3.139697,9.984705,0.99554
1,98,1786547903.16275,0,1,41.416935,-13.302518,31.536139,-13.494201,-4.314682,-0.069497,4.315242,-1.763311,-0.051496,1.764063,-3.125487,9.882655,0.188581
1,99,1786547903.2027,0,1,41.24388,-13.303015,31.46565,-13.496305,-4.326371,-0.01241,4.326389,-1.762207,-0.052606,1.762992,-3.138724,9.78014,0.968088
1,100,1786547903.24272,0,1,41.070423,-13.305979,31.395199,-13.498435,-4.336438,-0.074119,4.337072,-1.761277,-0.053246,1.762082,-3.124502,9.677137,0.160343
1,101,1786547903.28279,0,1,40.896531,-13.306648,31.324779,-13.500573,-4.347276,-0.016724,4.347308,-1.760506,-0.053453,1.761318,-3.137746,9.573717,0.940242
1,102,1786547903.32271,0,1,40.722276,-13.309799,31.254384,-13.502704,-4.356391,-0.078771,4.357103,-1.759882,-0.053262,1.760688,-3.123513,9.469857,0.131327
1,103,1786547903.36268,0,1,40.547619,-13.310665,31.184008,-13.504812,-4.366419,-0.021655,4.366472,-1.759393,-0.052704,1.760182,-3.136633,9.365623,0.903662
1,104,1786547903.4027,0,1,40.372635,-13.314031,31.113647,-13.506884,-4.37461,-0.084138,4.37542,-1.759028,-0.051809,1.75979,-3.122362,9.260996,0.09138
1,105,1786547903.44268,0,1,40.197284,-13.315652,31.043296,-13.508908,-4.383775,-0.040522,4.383962,-1.758776,-0.050603,1.759504,-3.132349,9.156027,0.679823
1,106,1786547903.48269,0,1,40.021651,-13.319913,30.972951,-13.510873,-4.390808,-0.106531,4.3921,-1.758631,-0.049113,1.759316,-3.117335,9.050715,0.180882
1,107,1786547903.52269,0,1,39.84569,-13.323307,30.902608,-13.512767,-4.399034,-0.084853,4.399852,-1.758581,-0.047361,1.759219,-3.122306,8.945089,0.108599
1,108,1786547903.56268,0,1,39.669444,-13.327204,30.832263,-13.514582,-4.406141,-0.097421,4.407218,-1.758621,-0.04537,1.759206,-3.119486,8.839168,0.051938
1,109,1786547903.60275,0,1,39.492906,-13.330472,30.761913,-13.516308,-4.413454,-0.081699,4.41421,-1.758742,-0.043158,1.759271,-3.123083,8.732971,0.158836
1,110,1786547903.64275,0,1,39.316172,-13.336388,30.691556,-13.517938,-4.418354,-0.147898,4.420829,-1.758939,-0.040744,1.75941,-3.108132,8.626527,0.711262
1,111,1786547903.68274,0,1,39.139136,-13.340502,30.621187,-13.519464,-4.425891,-0.102864,4.427086,-1.759204,-0.038146,1.759618,-3.118355,8.519829,0.127797
1,112,1786547903.72268,0,1,38.961954,-13.347474,30.550806,-13.520879,-4.42956,-0.174291,4.432988,-1.759534,-0.035379,1.759889,-3.102266,8.412935,1.072216
1,113,1786547903.76268,0,1,38.784482,-13.352421,30.480409,-13.522177,-4.436805,-0.123684,4.438529,-1.759922,-0.032458,1.760221,-3.113723,8.305808,0.4257
1,114,1786547903.80269,0,1,38.606905,-13.360234,30.409995,-13.523353,-4.439427,-0.195326,4.443722,-1.760363,-0.029396,1.760609,-3.097623,8.198533,1.379237
1,115,1786547903.84266,0,1,38.429057,-13.366019,30.33956,-13.524401,-4.446206,-0.144613,4.448557,-1.760855,-0.026207,1.76105,-3.109079,8.091046,0.741254
1,116,1786547903.88266,0,1,38.251145,-13.374676,30.269105,-13.525318,-4.447784,-0.216435,4.453047,-1.761392,-0.022901,1.761541,-3.09297,7.983462,1.704704
1,117,1786547903.92283,0,1,38.072981,-13.381301,30.198626,-13.526097,-4.454101,-0.165627,4.457179,-1.76197,-0.01949,1.762078,-3.104425,7.875686,1.076124
1,118,1786547903.96283,0,1,37.894796,-13.390805,30.128122,-13.526737,-4.454634,-0.237592,4.460966,-1.762588,-0.015984,1.76266,-3.088307,7.767863,2.050349
1,119,1786547904.00279,0,1,37.716392,-13.398628,30.057593,-13.527232,-4.460102,-0.195574,4.464388,-1.763241,-0.012392,1.763284,-3.097771,7.659879,1.548792
1,120,1786547904.04279,0,1,37.538019,-13.409415,29.987036,-13.527581,-4.459309,-0.269685,4.467457,-1.763926,-0.008722,1.763948,-3.081189,7.551908,2.564305
1,121,1786547904.08281,0,1,37.359431,-13.418246,29.91645,-13.52778,-4.464701,-0.220763,4.470155,-1.764641,-0.004983,1.764649,-3.092187,7.443787,1.987631
1,122,1786547904.1228,0,1,37.180921,-13.430044,29.845835,-13.527828,-4.462749,-0.294942,4.472485,-1.765384,-0.001182,1.765385,-3.075599,7.335738,3.017398
1,123,1786547904.16282,0,1,37.002351,-13.442113,29.775195,-13.527737,-4.464246,-0.301746,4.474432,-1.765991,0.002279,1.765992,-3.074104,7.227664,3.188066
1,124,1786547904.20271,0,1,36.823808,-13.455546,29.704536,-13.527519,-4.46359,-0.335817,4.476205,-1.766472,0.005426,1.76648,-3.066499,7.119636,3.723303
1,125,1786547904.24282,0,1,36.645066,-13.467045,29.633863,-13.527188,-4.468559,-0.287471,4.477796,-1.766837,0.008282,1.766856,-3.077349,7.011461,3.189394
1,126,1786547904.28283,0,1,36.466486,-13.481539,29.563179,-13.526753,-4.464476,-0.362348,4.479157,-1.767096,0.01087,1.767129,-3.060608,6.903456,4.264838
1,127,1786547904.32276,0,1,36.287715,-13.494098,29.492489,-13.526225,-4.469293,-0.313973,4.480308,-1.767257,0.013208,1.767306,-3.071457,6.795302,3.747609
1,128,1786547904.36276,0,1,36.109144,-13.509651,29.421795,-13.525613,-4.464266,-0.388836,4.481168,-1.767328,0.015315,1.767394,-3.054712,6.687368,4.841124
1,129,1786547904.40269,0,1,35.93039,-13.523268,29.351103,-13.524924,-4.468843,-0.34043,4.481791,-1.767316,0.017209,1.7674,-3.065561,6.579288,4.341883
1,130,1786547904.44275,0,1,35.75188,-13.539878,29.280414,-13.524168,-4.462771,-0.415238,4.482047,-1.767228,0.018906,1.767329,-3.048815,6.471485,5.454861
1,131,1786547904.4827,0,1,35.573199,-13.55455,29.209731,-13.523351,-4.467011,-0.366801,4.482046,-1.76707,0.02042,1.767188,-3.059663,6.363545,4.975116
1,132,1786547904.5227,0,1,35.394808,-13.57221,29.139057,-13.522481,-4.459788,-0.441506,4.481589,-1.766848,0.021764,1.766982,-3.042917,6.255948,6.109153
1,133,1786547904.5628,0,1,35.216264,-13.587932,29.068394,-13.521562,-4.463588,-0.393035,4.480858,-1.766565,0.022952,1.766715,-3.053766,6.148228,5.650635
1,134,1786547904.60283,0,1,35.03806,-13.606635,28.997745,-13.520603,-4.455101,-0.467585,4.479571,-1.766229,0.023995,1.766392,-3.037021,6.040927,6.807548
1,135,1786547904.64281,0,1,34.860335,-13.628952,28.927112,-13.519606,-4.443116,-0.557927,4.478008,-1.765842,0.024904,1.766017,-3.016675,5.934231,8.213045
1,136,1786547904.68281,0,1,34.68252,-13.649967,28.856495,-13.518579,-4.445383,-0.52537,4.47632,-1.765409,0.025689,1.765596,-3.023955,5.827506,8.032054
1,137,1786547904.72281,0,1,34.50458,-13.669041,28.785898,-13.517525,-4.448499,-0.47686,4.473984,-1.764933,0.026358,1.76513,-3.034805,5.720689,7.636195
1,138,1786547904.76272,0,1,34.327108,-13.691076,28.715321,-13.516448,-4.436808,-0.550864,4.470874,-1.764418,0.026921,1.764623,-3.018067,5.614503,8.859853
1,139,1786547904.80273,0,1,34.150251,-13.716695,28.644766,-13.515352,-4.421425,-0.640467,4.467572,-1.763867,0.027386,1.764079,-2.997738,5.509165,10.336711
1,140,1786547904.84276,0,1,33.973342,-13.741005,28.574235,-13.514242,-4.422719,-0.607767,4.464283,-1.763283,0.027759,1.763501,-3.005029,5.403867,10.229557
1,141,1786547904.88269,0,1,33.796342,-13.763374,28.503728,-13.51312,-4.425004,-0.559221,4.460201,-1.762668,0.028048,1.762891,-3.015882,5.298527,9.909851
1,142,1786547904.92292,0,1,33.619941,-13.788671,28.433247,-13.51199,-4.410033,-0.632422,4.455148,-1.762025,0.028258,1.762252,-2.999159,5.194068,11.214392
1,143,1786547904.9629,0,1,33.44429,-13.81751,28.362793,-13.510854,-4.391267,-0.720984,4.450061,-1.761357,0.028396,1.761585,-2.978859,5.090741,12.777454
1,144,1786547905.00289,0,1,33.268626,-13.845035,28.292367,-13.509715,-4.3916,-0.688113,4.445182,-1.760664,0.028467,1.760894,-2.986168,4.987544,12.76017
1,145,1786547905.04287,0,1,33.092902,-13.870617,28.221969,-13.508576,-4.393111,-0.639561,4.439421,-1.75995,0.028476,1.76018,-2.997026,4.884369,12.533877
1,146,1786547905.08282,0,1,32.9179,-13.899087,28.1516,-13.507439,-4.375049,-0.711737,4.432564,-1.759215,0.028427,1.759445,-2.980325,4.782363,13.93743
1,147,1786547905.12279,0,1,32.743773,-13.931047,28.081261,-13.506306,-4.353154,-0.799006,4.425874,-1.758462,0.028325,1.75869,-2.960067,4.681818,15.605782
1,148,1786547905.16279,0,1,32.569664,-13.961686,28.010944,-13.505184,-4.352731,-0.76597,4.419613,-1.757939,0.028051,1.758163,-2.967401,4.58152,15.698847
1,149,1786547905.20279,0,1,32.395505,-13.990386,27.940639,-13.504079,-4.353984,-0.717513,4.412709,-1.757628,0.027619,1.757845,-2.978266,4.481331,15.58785
1,150,1786547905.24281,0,1,32.222154,-14.021931,27.870338,-13.502998,-4.333762,-0.788611,4.404929,-1.757511,0.027041,1.757719,-2.961593,4.382647,17.11335
1,151,1786547905.28282,0,1,32.048754,-14.051541,27.800035,-13.501944,-4.335008,-0.740258,4.397758,-1.757573,0.02633,1.757771,-2.972461,4.284118,17.061128
1,152,1786547905.32281,0,1,31.876188,-14.083976,27.729723,-13.500925,-4.314151,-0.81087,4.389694,-1.757801,0.025495,1.757985,-2.955804,4.187256,18.649002
1,153,1786547905.36273,0,1,31.70357,-14.114481,27.659396,-13.499943,-4.31546,-0.762638,4.382329,-1.758179,0.024546,1.758351,-2.966676,4.090598,18.662329
1,154,1786547905.40289,0,1,31.531807,-14.147792,27.589048,-13.499003,-4.294076,-0.832771,4.374082,-1.758697,0.023494,1.758854,-2.950036,3.995781,20.319802
1,155,1786547905.44284,0,1,31.359985,-14.179179,27.518675,-13.498109,-4.295545,-0.78468,4.366627,-1.759344,0.022346,1.759486,-2.960912,3.90122,20.406389
1,156,1786547905.4829,0,1,31.189034,-14.213353,27.44827,-13.497265,-4.273769,-0.85435,4.358328,-1.760108,0.021111,1.760235,-2.944288,3.808687,22.141672
1,157,1786547905.5229,0,1,31.018013,-14.245611,27.377831,-13.496473,-4.275527,-0.806427,4.350915,-1.760981,0.019795,1.761092,-2.955168,3.716468,22.31027
1,158,1786547905.5629,0,1,30.846869,-14.275352,27.307353,-13.495737,-4.278599,-0.743549,4.342726,-1.761954,0.018406,1.76205,-2.969528,3.624359,22.280251
1,159,1786547905.60293,0,1,30.676492,-14.307269,27.236832,-13.495059,-4.259423,-0.797924,4.333517,-1.763019,0.01695,1.7631,-2.956407,3.534253,23.896284
1,160,1786547905.64286,0,1,30.506999,-14.341941,27.166265,-13.494441,-4.237338,-0.866781,4.325082,-1.764168,0.015433,1.764236,-2.939818,3.446557,25.795686
1,161,1786547905.68288,0,1,30.337426,-14.374709,27.09565,-13.493887,-4.23932,-0.819199,4.317745,-1.765395,0.01386,1.76545,-2.950707,3.359309,26.137763
1,162,1786547905.72292,0,1,30.167713,-14.404986,27.024982,-13.493397,-4.242812,-0.756922,4.309801,-1.766694,0.012237,1.766737,-2.965049,3.27227,26.290668
1,163,1786547905.76289,0,1,29.998756,-14.437419,26.954259,-13.492975,-4.223926,-0.810836,4.301047,-1.768059,0.010568,1.76809,-2.951937,3.187622,28.101064
1,164,1786547905.80294,0,1,29.829657,-14.467373,26.88348,-13.49262,-4.227473,-0.748862,4.293288,-1.769484,0.008858,1.769506,-2.96627,3.103241,28.352244
1,165,1786547905.84272,0,1,29.661297,-14.499478,26.812641,-13.492336,-4.209001,-0.802626,4.284845,-1.770965,0.00711,1.770979,-2.953162,3.021453,30.267325
1,166,1786547905.88275,0,1,29.492783,-14.529118,26.741742,-13.492123,-4.212849,-0.740988,4.277518,-1.772497,0.005329,1.772505,-2.967486,2.939998,30.629329
1,167,1786547905.92283,0,1,29.324981,-14.560905,26.670779,-13.491982,-4.195064,-0.794664,4.269667,-1.774076,0.003517,1.77408,-2.954382,2.861361,32.662394
1,168,1786547905.96278,0,1,29.157001,-14.59024,26.599751,-13.491915,-4.199502,-0.733393,4.26306,-1.775699,0.00168,1.7757,-2.968698,2.783136,33.149394
1,169,1786547906.00273,0,1,28.989692,-14.621723,26.528656,-13.491922,-4.182713,-0.787058,4.256119,-1.777362,-0.000182,1.777362,-2.955598,2.707978,35.315365
1,170,1786547906.04272,0,1,28.82217,-14.65077,26.457494,-13.492005,-4.188061,-0.726181,4.250552,-1.779062,-0.002064,1.779063,-2.969907,2.63333,35.94318
1,171,1786547906.08274,0,1,28.654384,-14.67681,26.386262,-13.492163,-4.19465,-0.651009,4.244867,-1.780795,-0.003964,1.7808,-2.987621,2.55886,36.400118
1,172,1786547906.12281,0,1,28.48709,-14.70444,26.314959,-13.492399,-4.18233,-0.690733,4.238985,-1.78256,-0.005879,1.782569,-2.977915,2.487408,38.539387
1,173,1786547906.16267,0,1,28.319516,-14.729077,26.243594,-13.492704,-4.189371,-0.61594,4.234408,-1.784145,-0.007641,1.784162,-2.995614,2.41621,39.141043
1,174,1786547906.20281,0,1,28.152375,-14.755312,26.172171,-13.493075,-4.178521,-0.655863,4.22968,-1.785566,-0.009261,1.78559,-2.985902,2.348287,41.434968
1,175,1786547906.24279,0,1,27.985729,-14.783709,26.100698,-13.493505,-4.16614,-0.709921,4.226194,-1.786836,-0.010748,1.786868,-2.972811,2.284288,44.060031
1,176,1786547906.28276,0,1,27.818772,-14.809709,26.029179,-13.493989,-4.173943,-0.65001,4.224253,-1.787966,-0.012113,1.788007,-2.987103,2.221207,45.175153
1,177,1786547906.32281,0,1,27.651442,-14.832745,25.957526,-13.493212,-4.183247,-0.575909,4.222703,-1.791325,0.019418,1.79143,-3.004782,2.15956,46.17527
1,178,1786547906.3628,0,1,27.484389,-14.8574,25.88589,-13.491482,-4.176314,-0.616366,4.221552,-1.790908,0.043253,1.79143,-2.995064,2.102601,48.909339
1,179,1786547906.40283,0,1,27.316905,-14.879101,25.81428,-13.488875,-4.187097,-0.542525,4.222098,-1.790243,0.065184,1.79143,-3.01274,2.047098,50.157657
1,180,1786547906.44285,0,1,27.148947,-14.897273,25.742705,-13.485441,-4.198963,-0.454306,4.223468,-1.789372,0.085836,1.79143,-3.033817,1.992683,51.28873
1,181,1786547906.48277,0,1,26.981021,-14.916522,25.67116,-13.48143,-4.198153,-0.481226,4.225644,-1.788621,0.100283,1.79143,-3.027463,1.942993,54.15133
1,182,1786547906.52273,0,1,26.812572,-14.932241,25.599647,-13.476885,-4.211205,-0.392967,4.2295,-1.787823,0.113624,1.79143,-3.048548,1.894531,55.522527
1,183,1786547906.56274,0,1,26.643599,-14.943838,25.528168,-13.471832,-4.224341,-0.28994,4.234279,-1.78697,0.126335,1.79143,-3.073065,1.846886,56.772911
1,184,1786547906.60283,0,1,26.474433,-14.955955,25.456712,-13.46647,-4.229144,-0.302911,4.239978,-1.786408,0.13404,1.79143,-3.07009,1.803974,59.753157
1,185,1786547906.64277,0,1,26.304735,-14.963929,25.385278,-13.460825,-4.242449,-0.199349,4.24713,-1.785862,0.141127,1.79143,-3.094638,1.762022,61.235935
1,186,1786547906.68273,0,1,26.134619,-14.969577,25.313859,-13.454985,-4.252894,-0.141196,4.255237,-1.785471,0.145993,1.79143,-3.108405,1.722682,63.448153
1,187,1786547906.72272,0,1,25.964085,-14.973405,25.242454,-13.449051,-4.263365,-0.09571,4.264439,-1.785126,0.14837,1.791281,-3.119147,1.686537,65.953117
1,188,1786547906.76273,0,1,25.793097,-14.972811,25.171093,-13.443048,-4.274687,0.014841,4.274712,-1.784019,0.150059,1.790319,3.138121,1.651383,67.674336
1,189,1786547906.80273,0,1,25.621661,-14.972235,25.099764,-13.437114,-4.2859,0.014416,4.285924,-1.783219,0.148349,1.789379,3.138229,1.62141,71.03072
1,190,1786547906.8427,0,1,25.449821,-14.966923,25.028491,-13.43127,-4.295998,0.132799,4.29805,-1.781841,0.146107,1.787821,3.11069,1.592404,72.886955
1,191,1786547906.88281,0,1,25.277464,-14.961602,24.957254,-13.425623,-4.308937,0.133014,4.31099,-1.780921,0.141169,1.786507,3.110733,1.569002,76.455926
1,192,1786547906.92283,0,1,25.104777,-14.95149,24.886068,-13.420193,-4.31718,0.252795,4.324575,-1.779651,0.135762,1.784822,3.083104,1.546838,78.520496
1,193,1786547906.96279,0,1,24.931522,-14.94134,24.814912,-13.415056,-4.331364,0.253762,4.338791,-1.778901,0.128409,1.783529,3.083073,1.530732,82.278046
1,194,1786547907.00274,0,1,24.758009,-14.926643,24.743791,-13.410229,-4.337834,0.367421,4.353366,-1.778023,0.120673,1.782113,3.057093,1.51648,84.62133
1,195,1786547907.04285,0,1,24.583895,-14.911944,24.672686,-13.405761,-4.35285,0.367484,4.368334,-1.777629,0.111723,1.781137,3.057369,1.508798,88.548052
1,196,1786547907.0828,0,1,24.409555,-14.893279,24.601595,-13.401658,-4.358487,0.466618,4.383394,-1.777263,0.102565,1.78022,3.034939,1.503932,91.225434
1,197,1786547907.12282,0,1,24.234587,-14.874779,24.530504,-13.397944,-4.374198,0.462502,4.398582,-1.777268,0.092845,1.779691,3.03625,1.50619,95.294763
1,198,1786547907.16287,0,1,24.059459,-14.852455,24.459412,-13.394622,-4.378215,0.5581,4.413643,-1.777313,0.083062,1.779253,3.014804,1.511701,98.077067
1,199,1786547907.20283,0,1,23.883723,-14.830351,24.388308,-13.391699,-4.393404,0.552595,4.42802,-1.777589,0.073075,1.77909,3.016471,1.524575,102.158631
1,200,1786547907.24284,0,1,23.708072,-14.803691,24.317194,-13.389167,-4.391258,0.666498,4.44155,-1.77785,0.063299,1.778977,2.990964,1.540101,104.667268
1,201,1786547907.28283,0,1,23.531859,-14.77733,24.246065,-13.387022,-4.405322,0.659027,4.454343,-1.778238,0.053622,1.779046,2.993096,1.563025,108.681463
1,202,1786547907.32284,0,1,23.355882,-14.746543,24.174921,-13.385251,-4.399429,0.769679,4.466249,-1.7786,0.044267,1.779151,2.968396,1.588691,111.1103
1,203,1786547907.36282,0,1,23.179397,-14.716081,24.10376,-13.383844,-4.412143,0.761549,4.477383,-1.779011,0.035175,1.779359,2.970674,1.621513,114.961658
1,204,1786547907.40292,0,1,23.002842,-14.683671,24.032584,-13.382787,-4.413866,0.810242,4.487617,-1.779409,0.026431,1.779605,2.960046,1.659117,117.962269
1,205,1786547907.44285,0,1,22.825921,-14.651177,23.961392,-13.382065,-4.42303,0.812367,4.497014,-1.779794,0.018036,1.779885,2.959949,1.702921,121.41155
1,206,1786547907.48267,0,1,22.64939,-14.614885,23.890187,-13.381665,-4.413258,0.90729,4.505555,-1.78013,0.010023,1.780159,2.938835,1.749403,123.558281
1,207,1786547907.52281,0,1,22.472384,-14.57938,23.818969,-13.38157,-4.42517,0.887641,4.513317,-1.780438,0.002366,1.78044,2.943631,1.802232,127.004015
1,208,1786547907.56282,0,1,22.295292,-14.542902,23.747741,-13.381767,-4.427285,0.911941,4.520231,-1.780703,-0.004933,1.78071,2.938452,1.859527,129.720927
1,209,1786547907.60284,0,1,22.118123,-14.505599,23.676504,-13.382243,-4.429237,0.932569,4.526348,-1.780922,-0.011883,1.780961,2.934075,1.921063,132.324245
1,210,1786547907.64273,0,1,21.940964,-14.467224,23.605261,-13.382982,-4.428969,0.959378,4.531685,-1.781094,-0.018498,1.78119,2.928274,1.986319,134.694655
1,211,1786547907.68272,0,1,21.763561,-14.429113,23.534012,-13.383974,-4.435078,0.952773,4.536264,-1.781222,-0.024795,1.781395,2.929982,2.055921,137.321267
1,212,1786547907.72264,0,1,21.586805,-14.387432,23.46276,-13.385206,-4.418895,1.042032,4.540095,-1.781304,-0.030786,1.78157,2.91001,2.12689,138.618021
1,213,1786547907.76264,0,1,21.409611,-14.347083,23.391506,-13.386665,-4.429843,1.008728,4.543242,-1.781346,-0.036491,1.78172,2.917698,2.202341,141.317183
1,214,1786547907.80265,0,1,21.23273,-14.304964,23.320252,-13.388342,-4.422025,1.052958,4.54566,-1.781348,-0.041922,1.781841,2.907829,2.2799,142.900262
1,215,1786547907.84264,0,1,21.055368,-14.264606,23.248999,-13.390226,-4.434058,1.008969,4.547405,-1.781313,-0.047097,1.781936,2.917853,2.361474,145.448457
1,216,1786547907.88265,0,1,20.878703,-14.221116,23.17775,-13.392307,-4.416614,1.08723,4.548467,-1.781244,-0.052029,1.782004,2.900224,2.443878,146.346269
1,217,1786547907.92267,0,1,20.701595,-14.179396,23.106504,-13.394577,-4.427708,1.043011,4.548897,-1.781143,-0.056732,1.782046,2.910246,2.529729,148.671187
1,218,1786547907.96271,0,1,20.525258,-14.134562,23.035264,-13.397025,-4.408423,1.120857,4.548683,-1.781011,-0.061217,1.782063,2.892615,2.616121,149.359794
1,219,1786547908.00262,0,1,20.348512,-14.091505,22.964029,-13.399645,-4.418649,1.076428,4.547874,-1.780853,-0.065499,1.782057,2.902637,2.705476,151.492255
1,220,1786547908.04272,0,1,20.172608,-14.045353,22.892803,-13.402429,-4.397613,1.153796,4.546454,-1.780669,-0.069587,1.782028,2.885007,2.795141,152.000785
1,221,1786547908.08277,0,1,19.996326,-14.000986,22.821584,-13.405368,-4.407037,1.109178,4.544475,-1.780462,-0.073492,1.781978,2.89503,2.887359,153.968312
1,222,1786547908.12276,0,1,19.820953,-13.953545,22.750375,-13.408457,-4.384336,1.186011,4.541919,-1.780234,-0.077224,1.781908,2.877405,2.979704,154.322468
1,223,1786547908.16278,0,1,19.645232,-13.907896,22.679173,-13.411679,-4.393022,1.141224,4.538836,-1.780044,-0.080542,1.781865,2.88743,3.074253,156.148751
1,224,1786547908.20277,0,1,19.468997,-13.864673,22.607977,-13.415018,-4.405885,1.08058,4.53646,-1.77989,-0.083475,1.781846,2.901082,3.171024,158.067643
1,225,1786547908.24277,0,1,19.293448,-13.819007,22.536787,-13.41846,-4.388724,1.14164,4.534781,-1.779768,-0.086049,1.781847,2.887102,3.267979,158.378492
1,226,1786547908.28274,0,1,19.121428,-13.77101,22.4656,-13.421991,-4.300485,1.19994,4.464754,-1.779677,-0.088289,1.781865,2.869489,3.362335,158.451439
1,227,1786547908.32278,0,1,18.953142,-13.720199,22.394415,-13.4256,-4.207164,1.270257,4.394745,-1.779612,-0.090217,1.781897,2.848369,3.453861,158.306483
1,228,1786547908.36279,0,1,18.788811,-13.666151,22.323232,-13.429274,-4.108269,1.351211,4.324771,-1.779573,-0.091855,1.781942,2.823837,3.54235,157.959724
1,229,1786547908.40277,0,1,18.62868,-13.608495,22.25205,-13.433003,-4.003263,1.441402,4.25485,-1.779556,-0.093223,1.781996,2.795987,3.627617,157.425391
1,230,1786547908.44278,0,1,18.473017,-13.546919,22.180868,-13.436777,-3.891591,1.539408,4.185004,-1.779561,-0.09434,1.782059,2.764909,3.709486,156.716121
1,231,1786547908.48278,0,1,18.322109,-13.481167,22.109684,-13.440586,-3.772704,1.643783,4.115254,-1.779584,-0.095223,1.78213,2.730691,3.787793,155.843179
1,232,1786547908.52276,0,1,18.175937,-13.411733,22.038499,-13.444421,-3.654287,1.735854,4.045615,-1.779625,-0.09589,1.782207,2.698129,3.862701,155.07629
1,233,1786547908.56273,0,1,18.034064,-13.33985,21.967312,-13.448276,-3.546814,1.79709,3.976106,-1.779682,-0.096355,1.782289,2.672618,3.934742,154.70875
1,234,1786547908.60271,0,1,17.896516,-13.26568,21.896122,-13.452141,-3.438703,1.854252,3.90678,-1.779754,-0.096633,1.782376,2.647056,4.003949,154.334307
1,235,1786547908.64273,0,1,17.763312,-13.189385,21.824928,-13.45601,-3.330102,1.907355,3.837653,-1.77984,-0.096736,1.782467,2.621442,4.070358,153.95337
1,236,1786547908.68276,0,1,17.634466,-13.111129,21.753731,-13.459877,-3.221157,1.956418,3.768743,-1.779939,-0.096679,1.782562,2.595775,4.134001,153.566248
1,237,1786547908.72279,0,1,17.509986,-13.03107,21.682529,-13.463736,-3.112009,2.00147,3.700066,-1.780049,-0.096472,1.782661,2.570052,4.194915,153.173199
1,238,1786547908.76278,0,1,17.389874,-12.949368,21.611322,-13.467581,-3.002802,2.042543,3.631639,-1.78017,-0.096127,1.782764,2.544271,4.253137,152.774442
1,239,1786547908.80277,0,1,17.274127,-12.866181,21.54011,-13.471408,-2.893676,2.079674,3.563482,-1.780302,-0.095654,1.78287,2.518429,4.308702,152.370156
1,240,1786547908.84276,0,1,17.162736,-12.781665,21.468892,-13.47521,-2.784769,2.112908,3.495614,-1.780443,-0.095062,1.782979,2.492523,4.36165,151.960489
1,241,1786547908.88277,0,1,17.055687,-12.695973,21.397668,-13.478984,-2.676218,2.142292,3.428054,-1.780593,-0.09436,1.783091,2.466551,4.412019,151.545557
1,242,1786547908.92278,0,1,16.952961,-12.609258,21.326438,-13.482727,-2.568156,2.167882,3.360824,-1.780751,-0.093557,1.783207,2.440511,4.459849,151.125448
1,243,1786547908.9627,0,1,16.854532,-12.521668,21.255202,-13.486433,-2.460716,2.189737,3.293944,-1.780917,-0.092661,1.783326,2.414398,4.505182,150.700228
1,244,1786547909.00266,0,1,16.760371,-12.433352,21.183958,-13.4901,-2.354027,2.207922,3.227438,-1.78109,-0.091679,1.783448,2.38821,4.548059,150.269938
1,245,1786547909.04275,0,1,16.670443,-12.344451,21.112707,-13.493725,-2.248214,2.222507,3.161329,-1.781271,-0.090618,1.783574,2.361945,4.588523,149.834599
2,0,1786547912.85843,0,1,53.28,-13.199968,37.597264,-13.400037,-0.499999,0.000796,0.5,-0.068394,-0.000937,0.068401,3.14,15.684012,0.822152
2,0,1786547912.89853,0,1,53.28,-13.199968,37.591393,-13.400115,-0.499999,0.000796,0.5,-0.146788,-0.001938,0.146801,3.14,15.689884,0.822162
2,1,1786547912.93852,0,1,53.257178,-13.20035,37.582385,-13.400235,-0.570553,-0.009535,0.570633,-0.225181,-0.003004,0.225201,-3.124883,15.676067,0.226801
2,2,1786547912.97841,0,1,53.231529,-13.200672,37.570243,-13.400401,-0.641217,-0.008052,0.641268,-0.303573,-0.00414,0.303601,-3.129035,15.66256,0.011168
2,3,1786547913.01843,0,1,53.203055,-13.201005,37.554964,-13.400615,-0.711854,-0.008335,0.711903,-0.381963,-0.005349,0.382001,-3.129885,15.649364,0.060013
2,4,1786547913.0584,0,1,53.171755,-13.201344,37.53655,-13.40088,-0.782492,-0.00847,0.782538,-0.460353,-0.006634,0.4604,-3.130769,15.636479,0.111009
2,5,1786547913.09849,0,1,53.13763,-13.201692,37.515,-13.4012,-0.853129,-0.008717,0.853173,-0.538741,-0.008001,0.5388,-3.131375,15.623904,0.146247
2,6,1786547913.13852,0,1,53.10068,-13.202054,37.490315,-13.401578,-0.923764,-0.009033,0.923809,-0.617127,-0.009453,0.6172,-3.131814,15.611639,0.172029
2,7,1786547913.17846,0,1,53.060904,-13.202431,37.462495,-13.402018,-0.9944,-0.00942,0.994444,-0.695512,-0.010997,0.695599,-3.13212,15.599686,0.190345
2,8,1786547913.21844,0,1,53.018302,-13.202826,37.431539,-13.402524,-1.065034,-0.009872,1.06508,-0.773895,-0.012639,0.773998,-3.132323,15.588043,0.202945
2,9,1786547913.25844,0,1,52.972876,-13.203241,37.39746,-13.403099,-1.135668,-0.010388,1.135716,-0.851978,-0.014379,0.8521,-3.132446,15.576698,0.211077
2,10,1786547913.29844,0,1,52.924623,-13.20368,37.360501,-13.403742,-1.206302,-0.010964,1.206352,-0.923972,-0.016087,0.924112,-3.132504,15.565408,0.215679
2,11,1786547913.33843,0,1,52.873546,-13.204144,37.320886,-13.404453,-1.276935,-0.011599,1.276988,-0.990364,-0.017766,0.990523,-3.132509,15.55395,0.21747
2,12,1786547913.37844,0,1,52.819643,-13.204635,37.278822,-13.40523,-1.347568,-0.012289,1.347624,-1.051601,-0.019418,1.051781,-3.132473,15.542116,0.217006
2,13,1786547913.41841,0,1,52.762915,-13.205157,37.234498,-13.406072,-1.418201,-0.013034,1.418261,-1.108097,-0.021044,1.108297,-3.132403,15.529717,0.214728
2,14,1786547913.45845,0,1,52.703362,-13.20571,37.188089,-13.406977,-1.488833,-0.01383,1.488897,-1.160231,-0.022647,1.160452,-3.132304,15.516578,0.210987
2,15,1786547913.49845,0,1,52.640983,-13.206297,37.139755,-13.407946,-1.559465,-0.014677,1.559534,-1.20835,-0.024227,1.208593,-3.132181,15.50254,0.206065
2,16,1786547913.53846,0,1,52.57578,-13.20692,37.089644,-13.408978,-1.630096,-0.015573,1.630171,-1.252778,-0.025787,1.253043,-3.13204,15.487454,0.200193
2,17,1786547913.57843,0,1,52.50775,-13.20758,37.037892,-13.410071,-1.700728,-0.016515,1.700808,-1.293809,-0.027328,1.294097,-3.131882,15.471184,0.193561
2,18,1786547913.61844,0,1,52.436896,-13.20828,36.984623,-13.411225,-1.771358,-0.017503,1.771445,-1.331714,-0.02885,1.332027,-3.131712,15.453606,0.186324
2,19,1786547913.65844,0,1,52.363217,-13.209022,36.929953,-13.412439,-1.841989,-0.018535,1.842082,-1.366744,-0.030355,1.367081,-3.13153,15.434604,0.178614
2,20,1786547913.69843,0,1,52.286712,-13.209806,36.873988,-13.413713,-1.912619,-0.01961,1.912719,-1.39913,-0.031844,1.399492,-3.13134,15.414072,0.170539
2,21,1786547913.73843,0,1,52.207382,-13.210635,36.816825,-13.415046,-1.983248,-0.020726,1.983357,-1.429081,-0.033317,1.429469,-3.131143,15.391914,0.162193
2,22,1786547913.77844,0,1,52.125227,-13.211511,36.758553,-13.416437,-2.053877,-0.021881,2.053994,-1.456794,-0.034777,1.457209,-3.130939,15.36804,0.153652
2,23,1786547913.81844,0,1,52.040247,-13.212434,36.699269,-13.417875,-2.124506,-0.023075,2.124632,-1.482112,-0.035966,1.482548,-3.130732,15.342353,0.144946
2,24,1786547913.85844,0,1,51.952442,-13.21346,36.63906,-13.419352,-2.195118,-0.025665,2.195268,-1.505227,-0.036908,1.505679,-3.129901,15.314766,0.100446
2,25,1786547913.89843,0,1,51.861813,-13.214587,36.578007,-13.420857,-2.265728,-0.028174,2.265903,-1.526315,-0.037621,1.526779,-3.129158,15.285198,0.060786
2,26,1786547913.93844,0,1,51.768359,-13.215823,36.516185,-13.422381,-2.336334,-0.030889,2.336538,-1.545539,-0.038123,1.546009,-3.128372,15.253573,0.018442
2,27,1786547913.97842,0,1,51.672082,-13.217173,36.453664,-13.423919,-2.406934,-0.033762,2.407171,-1.563047,-0.038431,1.563519,-3.127566,15.219823,0.025313
2,28,1786547914.01841,0,1,51.572981,-13.218646,36.390504,-13.425461,-2.47753,-0.036811,2.477803,-1.578977,-0.038561,1.579448,-3.126736,15.183885,0.07081
2,29,1786547914.05843,0,1,51.471056,-13.220247,36.326766,-13.427002,-2.548119,-0.040039,2.548434,-1.593455,-0.038527,1.59392,-3.125881,15.145701,0.118061
2,30,1786547914.09841,0,1,51.366308,-13.221985,36.262502,-13.428536,-2.618703,-0.043452,2.619063,-1.606597,-0.038341,1.607054,-3.125001,15.105218,0.167119
2,31,1786547914.13843,0,1,51.258737,-13.223867,36.197762,-13.430057,-2.68928,-0.047053,2.689691,-1.61851,-0.038016,1.618956,-3.124098,15.062386,0.218017
2,32,1786547914.17844,0,1,51.148343,-13.225901,36.13259,-13.431559,-2.75985,-0.050846,2.760318,-1.629292,-0.037564,1.629725,-3.123171,15.017161,0.270777
2,33,1786547914.21845,0,1,51.035126,-13.228095,36.067029,-13.433039,-2.830412,-0.054834,2.830943,-1.639034,-0.036994,1.639452,-3.122222,14.9695,0.325413
2,34,1786547914.25843,0,1,50.919088,-13.230455,36.001116,-13.434492,-2.900967,-0.059021,2.901567,-1.64782,-0.036317,1.64822,-3.12125,14.919367,0.381933
2,35,1786547914.29843,0,1,50.800227,-13.232992,35.934887,-13.435913,-2.971514,-0.063407,2.97219,-1.655725,-0.03554,1.656106,-3.120258,14.866725,0.440337
2,36,1786547914.33842,0,1,50.678545,-13.235711,35.868374,-13.4373,-3.042052,-0.067995,3.042811,-1.662819,-0.034673,1.663181,-3.119245,14.811542,0.50062
2,37,1786547914.37845,0,1,50.554042,-13.238623,35.801608,-13.438649,-3.112581,-0.072786,3.113432,-1.669169,-0.033722,1.66951,-3.118212,14.75379,0.562773
2,38,1786547914.41845,0,1,50.426718,-13.241734,35.734614,-13.439957,-3.1831,-0.07778,3.184051,-1.674833,-0.032695,1.675152,-3.117162,14.693441,0.626782
2,39,1786547914.45845,0,1,50.296573,-13.245053,35.66742,-13.441221,-3.25361,-0.082976,3.254668,-1.679866,-0.031597,1.680164,-3.116095,14.630469,0.692632
2,40,1786547914.49838,0,1,50.163609,-13.248588,35.600047,-13.442438,-3.32411,-0.088374,3.325285,-1.684319,-0.030436,1.684594,-3.115013,14.564852,0.760305
2,41,1786547914.53843,0,1,50.027867,-13.252346,35.532517,-13.443607,-3.393547,-0.093944,3.394847,-1.688239,-0.029216,1.688491,-3.113916,14.496611,0.829777
2,42,1786547914.57842,0,1,49.889402,-13.256333,35.464851,-13.444724,-3.461618,-0.09967,3.463053,-1.691667,-0.027942,1.691897,-3.112808,14.425782,0.900994
2,43,1786547914.61842,0,1,49.748268,-13.260554,35.397065,-13.445789,-3.52836,-0.105544,3.529939,-1.694643,-0.02662,1.694852,-3.111688,14.352398,0.973895
2,44,1786547914.65842,0,1,49.604516,-13.265017,35.329177,-13.446799,-3.593809,-0.111558,3.59554,-1.697203,-0.025252,1.697391,-3.110561,14.276496,1.048423
2,45,1786547914.69841,0,1,49.458196,-13.269725,35.261202,-13.447753,-3.657999,-0.117703,3.659892,-1.699381,-0.023845,1.699548,-3.109427,14.19811,1.124523
2,46,1786547914.7384,0,1,49.309357,-13.274684,35.193153,-13.448649,-3.720963,-0.123971,3.723028,-1.701207,-0.0224,1.701355,-3.108288,14.117276,1.20214
2,47,1786547914.7784,0,1,49.158048,-13.279898,35.125045,-13.449486,-3.782736,-0.130351,3.784981,-1.702709,-0.020922,1.702838,-3.107147,14.034027,1.281222
2,48,1786547914.81844,0,1,49.004314,-13.285371,35.056895,-13.450277,-3.843348,-0.136836,3.845783,-1.703751,-0.019767,1.703865,-3.106004,13.948394,1.361663
2,49,1786547914.85841,0,1,48.848248,-13.291099,34.98872,-13.451033,-3.901634,-0.143188,3.904261,-1.704368,-0.01891,1.704472,-3.10491,13.860451,1.440634
2,50,1786547914.8984,0,1,48.689942,-13.297084,34.920536,-13.451766,-3.957649,-0.149635,3.960477,-1.704594,-0.018326,1.704693,-3.103802,13.770275,1.521646
2,51,1786547914.93843,0,1,48.529484,-13.303328,34.852358,-13.452486,-4.011456,-0.156095,4.014492,-1.704462,-0.017995,1.704557,-3.1027,13.677939,1.603571
2,52,1786547914.97841,0,1,48.36696,-13.309831,34.784198,-13.453202,-4.063114,-0.162583,4.066366,-1.703999,-0.017896,1.704093,-3.1016,13.583518,1.686682
2,53,1786547915.01841,0,1,48.202452,-13.316595,34.716069,-13.453922,-4.112681,-0.169081,4.116155,-1.703232,-0.018011,1.703327,-3.100504,13.487083,1.770823
2,54,1786547915.05846,0,1,48.036044,-13.323618,34.647981,-13.454655,-4.160212,-0.175583,4.163916,-1.702186,-0.018322,1.702284,-3.099412,13.388704,1.855983
2,55,1786547915.09843,0,1,47.867813,-13.330901,34.579946,-13.455408,-4.205763,-0.182079,4.209703,-1.700882,-0.018814,1.700986,-3.098327,13.288451,1.942108
2,56,1786547915.13843,0,1,47.697838,-13.338444,34.511972,-13.456186,-4.249387,-0.188562,4.253569,-1.699342,-0.019471,1.699453,-3.097248,13.186391,2.029165
2,57,1786547915.17847,0,1,47.526192,-13.346244,34.444069,-13.456998,-4.291136,-0.195023,4.295566,-1.697584,-0.020282,1.697705,-3.096176,13.082592,2.11712
2,58,1786547915.21856,0,1,47.35295,-13.354303,34.376244,-13.457847,-4.331061,-0.201453,4.335743,-1.695625,-0.021232,1.695758,-3.095113,12.977119,2.205944
2,59,1786547915.25855,0,1,47.178182,-13.362616,34.308505,-13.458739,-4.36921,-0.207846,4.37415,-1.693483,-0.022311,1.69363,-3.094058,12.870036,2.295614
2,60,1786547915.29856,0,1,47.001956,-13.371184,34.240858,-13.45968,-4.405631,-0.214195,4.410835,-1.691171,-0.023507,1.691334,-3.093013,12.761405,2.386109
2,61,1786547915.33856,0,1,46.824341,-13.380004,34.17331,-13.460672,-4.440372,-0.220491,4.445843,-1.688703,-0.024812,1.688885,-3.091977,12.651289,2.477411
2,62,1786547915.37853,0,1,46.645402,-13.389073,34.105866,-13.461721,-4.473477,-0.22673,4.479219,-1.686091,-0.026215,1.686295,-3.090953,12.539747,2.569509
2,63,1786547915.41855,0,1,46.465203,-13.398389,34.038532,-13.462829,-4.50499,-0.232904,4.511007,-1.683347,-0.027709,1.683575,-3.08994,12.426838,2.662392
2,64,1786547915.45853,0,1,46.283805,-13.407949,33.971313,-13.464001,-4.534956,-0.239007,4.54125,-1.680482,-0.029285,1.680737,-3.088938,12.312619,2.756055
2,65,1786547915.49856,0,1,46.101268,-13.417751,33.904213,-13.465238,-4.563415,-0.245034,4.569989,-1.677505,-0.030936,1.677791,-3.087949,12.197148,2.850497
2,66,1786547915.53874,0,1,45.917652,-13.42779,33.837236,-13.466544,-4.590408,-0.25098,4.597264,-1.674426,-0.032656,1.674744,-3.086972,12.080478,2.945717
2,67,1786547915.57857,0,1,45.733014,-13.438088,33.770386,-13.467922,-4.615933,-0.257437,4.623106,-1.671252,-0.034439,1.671607,-3.085879,11.962666,3.049268
2,68,1786547915.61874,0,1,45.54741,-13.448607,33.703666,-13.469373,-4.640114,-0.262983,4.647561,-1.667991,-0.036278,1.668385,-3.084977,11.843762,3.143365
2,69,1786547915.65872,0,1,45.360894,-13.459371,33.63708,-13.4709,-4.662905,-0.269107,4.670663,-1.66465,-0.038169,1.665087,-3.083944,11.723819,3.246666
2,70,1786547915.69872,0,1,45.173517,-13.470357,33.570631,-13.472504,-4.684407,-0.274637,4.692451,-1.661235,-0.040107,1.661719,-3.083032,11.602887,3.344688
2,71,1786547915.73875,0,1,44.985333,-13.481579,33.504321,-13.474187,-4.704599,-0.280563,4.712957,-1.657752,-0.042086,1.658287,-3.082027,11.481015,3.449732
2,72,1786547915.77874,0,1,44.796391,-13.493019,33.438152,-13.475952,-4.723566,-0.286002,4.732217,-1.654208,-0.044104,1.654796,-3.081119,11.358251,3.551001
2,73,1786547915.81868,0,1,44.606739,-13.504692,33.372099,-13.477778,-4.74129,-0.291814,4.750262,-1.651336,-0.045659,1.651967,-3.080123,11.234672,3.659219
2,74,1786547915.85874,0,1,44.416333,-13.515687,33.306135,-13.479649,-4.760145,-0.274892,4.768076,-1.649083,-0.046788,1.649747,-3.083908,11.110256,3.490936
2,75,1786547915.89872,0,1,44.225236,-13.526913,33.240239,-13.48155,-4.777427,-0.28064,4.785663,-1.6474,-0.047524,1.648085,-3.082917,10.98509,3.598463
2,76,1786547915.93873,0,1,44.033396,-13.537302,33.17439,-13.483466,-4.796002,-0.259723,4.80303,-1.646241,-0.047899,1.646938,-3.087491,10.85914,3.38383
2,77,1786547915.97873,0,1,43.840885,-13.547991,33.108567,-13.485384,-4.812768,-0.267228,4.820181,-1.645564,-0.047941,1.646262,-3.086125,10.732501,3.512308
2,78,1786547916.01874,0,1,43.647642,-13.557647,33.042754,-13.487291,-4.831094,-0.241387,4.837121,-1.64533,-0.047676,1.646021,-3.091669,10.605121,3.240529
2,79,1786547916.05873,0,1,43.453751,-13.567767,32.976934,-13.489176,-4.847256,-0.253022,4.853855,-1.645505,-0.04713,1.646179,-3.089441,10.477112,3.417867
2,80,1786547916.09873,0,1,43.259135,-13.576579,32.911092,-13.491029,-4.865402,-0.220295,4.870386,-1.646054,-0.046324,1.646706,-3.096346,10.348397,3.066131
2,81,1786547916.13863,0,1,43.063902,-13.586164,32.845214,-13.49284,-4.880843,-0.239609,4.886721,-1.64695,-0.04528,1.647572,-3.09254,10.219114,3.333739
2,82,1786547916.17857,0,1,42.867944,-13.594013,32.779287,-13.494601,-4.89893,-0.196239,4.902859,-1.648162,-0.044018,1.64875,-3.101557,10.089147,2.858466
2,83,1786547916.21873,0,1,42.671406,-13.603178,32.713301,-13.496303,-4.913468,-0.229114,4.918807,-1.649668,-0.042554,1.650216,-3.094997,9.958679,3.284651
2,84,1786547916.25872,0,1,42.474138,-13.609897,32.647243,-13.497939,-4.931701,-0.167982,4.934561,-1.651442,-0.040905,1.651948,-3.107544,9.827532,2.60358
2,85,1786547916.29872,0,1,42.276337,-13.618895,32.581104,-13.499503,-4.945018,-0.22496,4.950132,-1.653463,-0.039088,1.653925,-3.096132,9.695968,3.310251
2,86,1786547916.33873,0,1,42.077804,-13.624794,32.514876,-13.500988,-4.963317,-0.147461,4.965507,-1.655712,-0.037115,1.656128,-3.111891,9.56373,2.443505
2,87,1786547916.37872,0,1,41.878751,-13.63314,32.448549,-13.502388,-4.976328,-0.208661,4.9807,-1.658171,-0.035,1.65854,-3.099687,9.431108,3.195418
2,88,1786547916.4187,0,1,41.678992,-13.63836,32.382116,-13.503698,-4.993988,-0.13049,4.995692,-1.660822,-0.032755,1.661145,-3.115469,9.297851,2.326621
2,89,1786547916.45872,0,1,41.478719,-13.64604,32.31557,-13.504913,-5.006819,-0.192003,5.010499,-1.66365,-0.030392,1.663928,-3.103263,9.164235,3.07849
2,90,1786547916.49873,0,1,41.277766,-13.650567,32.248904,-13.50603,-5.023822,-0.113177,5.025097,-1.666641,-0.02792,1.666875,-3.119068,9.030018,2.207674
2,91,1786547916.53872,0,1,41.076307,-13.657567,32.182113,-13.507044,-5.036462,-0.174994,5.039501,-1.669783,-0.02535,1.669975,-3.106861,8.895468,2.959524
2,92,1786547916.5787,0,1,40.874196,-13.661388,32.115191,-13.507952,-5.052778,-0.09553,5.053681,-1.673062,-0.02269,1.673216,-3.122689,8.760349,2.086705
2,93,1786547916.61872,0,1,40.671588,-13.667694,32.048132,-13.50875,-5.065203,-0.157642,5.067655,-1.676468,-0.019948,1.676587,-3.11048,8.624921,2.838543
2,94,1786547916.65857,0,1,40.46837,-13.671575,31.980932,-13.509435,-5.080452,-0.097039,5.081379,-1.679991,-0.017132,1.680078,-3.122495,8.488986,2.188659
2,95,1786547916.69874,0,1,40.264681,-13.678152,31.913587,-13.510005,-5.092216,-0.16442,5.09487,-1.683621,-0.014249,1.683682,-3.109315,8.352787,3.002833
2,96,1786547916.73878,0,1,40.060389,-13.681703,31.846093,-13.510457,-5.10731,-0.088786,5.108082,-1.687351,-0.011306,1.687388,-3.12421,8.21608,2.190222
2,97,1786547916.77875,0,1,39.855643,-13.687964,31.778447,-13.51079,-5.118638,-0.156514,5.12103,-1.691171,-0.008309,1.691191,-3.111025,8.07914,3.007989
2,98,1786547916.81873,0,1,39.650334,-13.691837,31.710659,-13.511014,-5.132739,-0.096823,5.133652,-1.69469,-0.005618,1.694699,-3.122731,7.941734,2.385351
2,99,1786547916.85873,0,1,39.444623,-13.698601,31.642742,-13.511143,-5.14277,-0.169104,5.14555,-1.697932,-0.003211,1.697935,-3.108723,7.804133,3.259715
2,100,1786547916.89877,0,1,39.238442,-13.704547,31.574705,-13.511185,-5.154527,-0.148646,5.15667,-1.700919,-0.001066,1.70092,-3.112763,7.666176,3.097147
2,101,1786547916.9387,0,1,39.031975,-13.713932,31.506558,-13.511152,-5.161686,-0.234637,5.167016,-1.703672,0.000837,1.703672,-3.096166,7.528148,4.146252
2,102,1786547916.97873,0,1,38.82503,-13.720949,31.43831,-13.511051,-5.173604,-0.175413,5.176577,-1.706209,0.002517,1.706211,-3.1077,7.389702,3.569548
2,103,1786547917.01873,0,1,38.617883,-13.73142,31.369968,-13.510892,-5.178681,-0.261779,5.185293,-1.708548,0.00399,1.708553,-3.091086,7.25127,4.63657
2,104,1786547917.05873,0,1,38.410362,-13.740665,31.30154,-13.510681,-5.188043,-0.231118,5.193188,-1.710705,0.005273,1.710713,-3.097074,7.112541,4.403716
2,105,1786547917.09868,0,1,38.202762,-13.753673,31.233032,-13.510426,-5.189996,-0.325201,5.200174,-1.712693,0.006379,1.712705,-3.079015,6.973973,5.584263
2,106,1786547917.13863,0,1,37.994794,-13.764597,31.164451,-13.510133,-5.19918,-0.27311,5.206348,-1.714527,0.007324,1.714542,-3.089111,6.835082,5.140525
2,107,1786547917.17863,0,1,37.786854,-13.779294,31.095802,-13.509808,-5.19852,-0.367405,5.211487,-1.716218,0.008118,1.716238,-3.071035,6.696476,6.349027
2,108,1786547917.21873,0,1,37.579119,-13.798633,31.027091,-13.509457,-5.193362,-0.483491,5.215819,-1.717779,0.008774,1.717802,-3.048762,6.558407,7.84591
2,109,1786547917.25875,0,1,37.371126,-13.816752,30.958322,-13.509085,-5.199833,-0.452965,5.219525,-1.71922,0.009302,1.719245,-3.054701,6.42018,7.725325
2,110,1786547917.29873,0,1,37.163293,-13.837681,30.8895,-13.508696,-5.195819,-0.523231,5.222098,-1.72055,0.009713,1.720577,-3.041229,6.282413,8.752151
2,111,1786547917.33872,0,1,36.955222,-13.856913,30.820629,-13.508296,-5.201766,-0.480804,5.22394,-1.721778,0.010015,1.721807,-3.049424,6.144491,8.533405
2,112,1786547917.37872,0,1,36.747555,-13.880307,30.751713,-13.507887,-5.191677,-0.584854,5.224516,-1.722912,0.010216,1.722942,-3.029413,6.007398,9.981646
2,113,1786547917.41876,0,1,36.539701,-13.902,30.682754,-13.507474,-5.19637,-0.542306,5.224592,-1.72396,0.010325,1.723991,-3.037607,5.870219,9.811598
2,114,1786547917.45873,0,1,36.332372,-13.92784,30.613757,-13.50706,-5.183217,-0.646019,5.223321,-1.724929,0.010349,1.72496,-3.017595,5.734075,11.312806
2,115,1786547917.49869,0,1,36.124903,-13.951974,30.544724,-13.506648,-5.186719,-0.603338,5.221693,-1.725825,0.010294,1.725855,-3.025789,5.59792,11.197849
2,116,1786547917.53866,0,1,35.918079,-13.980237,30.475667,-13.506242,-5.170605,-0.70657,5.218659,-1.726419,0.010166,1.726449,-3.005783,5.463013,12.758833
2,117,1786547917.57869,0,1,35.711158,-14.006787,30.40661,-13.505843,-5.173028,-0.663751,5.215437,-1.72642,0.009968,1.726449,-3.01398,5.328149,12.706484
2,118,1786547917.61878,0,1,35.504993,-14.037442,30.337554,-13.505455,-5.154116,-0.766372,5.210781,-1.726421,0.009709,1.726449,-2.993983,5.194751,14.335302
2,119,1786547917.65871,0,1,35.298768,-14.066378,30.268497,-13.505079,-5.155619,-0.72342,5.206125,-1.726423,0.009394,1.726449,-3.002186,5.061491,14.354382
2,120,1786547917.69876,0,1,35.093403,-14.099391,30.19944,-13.504718,-5.134126,-0.825327,5.200039,-1.726425,0.009027,1.726449,-2.982203,4.929961,16.06049
2,121,1786547917.7386,0,1,34.888006,-14.130682,30.130383,-13.504373,-5.134924,-0.782259,5.194168,-1.726427,0.008614,1.726449,-2.990414,4.798671,16.161363
2,122,1786547917.77875,0,1,34.683561,-14.166017,30.061325,-13.504047,-5.11114,-0.883378,5.186917,-1.726429,0.008156,1.726449,-2.970449,4.669397,17.955934
2,123,1786547917.81865,0,1,34.479101,-14.199626,29.992268,-13.50374,-5.111505,-0.840227,5.180103,-1.726432,0.007669,1.726449,-2.97867,4.540476,18.150827
2,124,1786547917.85873,0,1,34.27567,-14.237247,29.923211,-13.503454,-5.085754,-0.940517,5.171989,-1.726434,0.007153,1.726449,-2.958727,4.413882,20.047084
2,125,1786547917.89865,0,1,34.072232,-14.27314,29.854153,-13.50319,-5.085972,-0.897325,5.164523,-1.726436,0.006611,1.726449,-2.966959,4.287774,20.350434
2,126,1786547917.93867,0,1,33.868705,-14.30646,29.785096,-13.502948,-5.088171,-0.833005,5.155908,-1.726438,0.006046,1.726449,-2.979318,4.16191,20.429254
2,127,1786547917.97861,0,1,33.666124,-14.342914,29.716038,-13.50273,-5.064507,-0.911352,5.145852,-1.72644,0.005459,1.726449,-2.963549,4.038452,22.209009
2,128,1786547918.01863,0,1,33.463479,-14.3768,29.646981,-13.502536,-5.066126,-0.847148,5.136467,-1.726442,0.004853,1.726449,-2.975908,3.915355,22.395474
2,129,1786547918.05867,0,1,33.261814,-14.413797,29.577923,-13.502366,-5.041638,-0.924925,5.125778,-1.726443,0.004229,1.726449,-2.960153,3.794965,24.292206
2,130,1786547918.09864,0,1,33.060092,-14.448233,29.508865,-13.502223,-5.043054,-0.860914,5.11601,-1.726445,0.003588,1.726449,-2.97251,3.675071,24.604339
2,131,1786547918.13864,0,1,32.859364,-14.485761,29.439807,-13.502106,-5.018187,-0.938181,5.105133,-1.726446,0.002933,1.726449,-2.95677,3.558223,26.637731
2,132,1786547918.17864,0,1,32.658571,-14.520738,29.370749,-13.502015,-5.019843,-0.874445,5.095437,-1.726447,0.002265,1.726449,-2.969126,3.442029,27.097103
2,133,1786547918.21865,0,1,32.458767,-14.55879,29.301691,-13.501952,-4.995099,-0.951293,5.084877,-1.726448,0.001584,1.726449,-2.953401,3.329269,29.290682
2,134,1786547918.25865,0,1,32.258867,-14.594307,29.232633,-13.501916,-4.997485,-0.887916,5.075751,-1.726448,0.000893,1.726449,-2.965755,3.217361,29.923006
2,135,1786547918.29862,0,1,32.058794,-14.626476,29.163576,-13.501908,-5.001822,-0.804226,5.066064,-1.726449,0.000191,1.726449,-2.982171,3.105953,30.361496
2,136,1786547918.3387,0,1,31.859522,-14.660902,29.094518,-13.501929,-4.981809,-0.860665,5.055608,-1.726449,-0.000519,1.726449,-2.97052,2.998078,32.543138
2,137,1786547918.37864,0,1,31.660067,-14.692002,29.02546,-13.501978,-4.986378,-0.777478,5.046627,-1.726448,-0.001237,1.726449,-2.986918,2.890901,33.170393
2,138,1786547918.41864,0,1,31.461359,-14.72536,28.956402,-13.502057,-4.967685,-0.833965,5.037201,-1.726448,-0.001961,1.726449,-2.975266,2.787702,35.558545
2,139,1786547918.45867,0,1,31.262437,-14.755413,28.887344,-13.502165,-4.973061,-0.751325,5.029496,-1.726447,-0.002692,1.726449,-2.991648,2.685461,36.410172
2,140,1786547918.49865,0,1,31.063251,-14.781359,28.818286,-13.502302,-4.979638,-0.64865,5.021708,-1.726445,-0.003428,1.726449,-3.012062,2.583768,37.093696
2,141,1786547918.53864,0,1,30.864586,-14.808784,28.749228,-13.502468,-4.966629,-0.68562,5.013729,-1.726444,-0.004169,1.726449,-3.004414,2.486202,39.55668
2,142,1786547918.57858,0,1,30.665651,-14.832124,28.680171,-13.502665,-4.973391,-0.583501,5.007503,-1.726442,-0.004914,1.726449,-3.024802,2.389475,40.497517
2,143,1786547918.61864,0,1,30.467139,-14.856957,28.611113,-13.502891,-4.96279,-0.620829,5.001472,-1.726439,-0.005661,1.726449,-3.017142,2.297461,43.243139
2,144,1786547918.65867,0,1,30.268327,-14.877725,28.542058,-13.502291,-4.970309,-0.519202,4.997354,-1.726383,0.015006,1.726449,-3.03751,2.207221,44.510207
2,145,1786547918.69865,0,1,30.069209,-14.893627,28.473013,-13.500923,-4.97794,-0.397552,4.99379,-1.72611,0.034201,1.726449,-3.061899,2.118364,45.671282
2,146,1786547918.73872,0,1,29.870264,-14.910256,28.403981,-13.499042,-4.973617,-0.415704,4.990959,-1.725808,0.047023,1.726449,-3.058205,2.03507,48.681374
2,147,1786547918.77866,0,1,29.671007,-14.922028,28.334962,-13.49671,-4.981434,-0.294317,4.990121,-1.725464,0.058296,1.726449,-3.082578,1.953598,50.232958
2,148,1786547918.8185,0,1,29.471492,-14.928135,28.265959,-13.493969,-4.987863,-0.152674,4.990199,-1.725087,0.068544,1.726449,-3.110993,1.873538,51.703446
2,149,1786547918.85863,0,1,29.271923,-14.93419,28.196964,-13.49101,-4.989234,-0.151371,4.99153,-1.724864,0.073962,1.726449,-3.111262,1.799529,55.057051
2,150,1786547918.89864,0,1,29.07213,-14.934572,28.127977,-13.487882,-4.994835,-0.009545,4.994844,-1.724675,0.078212,1.726447,-3.139682,1.727523,56.97985
2,151,1786547918.93872,0,1,28.872246,-14.928456,28.059014,-13.484622,-4.997097,0.1529,4.999435,-1.724078,0.081495,1.726003,3.111004,1.657107,58.85728
2,152,1786547918.97865,0,1,28.672157,-14.921479,27.990056,-13.481367,-5.002218,0.174427,5.005258,-1.723959,0.08136,1.725877,3.106737,1.593481,62.658575
2,153,1786547919.01868,0,1,28.471972,-14.910247,27.921098,-13.478183,-5.004618,0.280804,5.012489,-1.723952,0.079617,1.72579,3.085542,1.534363,65.748227
2,154,1786547919.05866,0,1,28.271473,-14.898693,27.852121,-13.475152,-5.012477,0.288842,5.020792,-1.724427,0.075762,1.726091,3.084032,1.484023,70.287864
2,155,1786547919.09866,0,1,28.071038,-14.881152,27.783122,-13.472298,-5.010874,0.438516,5.030025,-1.724966,0.07136,1.726441,3.054302,1.437973,73.448586
2,156,1786547919.13866,0,1,27.870237,-14.863264,27.714115,-13.469657,-5.020044,0.447201,5.039924,-1.725186,0.066011,1.726449,3.052744,1.402324,78.517316
2,157,1786547919.17864,0,1,27.669557,-14.840103,27.645099,-13.467236,-5.016983,0.579035,5.050287,-1.725387,0.060548,1.726449,3.026686,1.373085,82.395703
2,158,1786547919.21856,0,1,27.468468,-14.816755,27.576076,-13.465037,-5.027222,0.583698,5.060994,-1.725573,0.054967,1.726449,3.026003,1.355994,87.928798
2,159,1786547919.25864,0,1,27.266873,-14.794025,27.507047,-13.463056,-5.039897,0.568239,5.07183,-1.725738,0.049535,1.726449,3.029319,1.352466,93.796145
2,160,1786547919.29858,0,1,27.065358,-14.767078,27.438012,-13.461278,-5.037868,0.67368,5.082711,-1.725877,0.044439,1.726449,3.008658,1.357934,98.311282
2,161,1786547919.33859,0,1,26.863295,-14.740947,27.368972,-13.459691,-5.051575,0.653268,5.09364,-1.725992,0.039686,1.726449,3.012987,1.377435,104.169225
2,162,1786547919.37855,0,1,26.660661,-14.715865,27.299929,-13.458279,-5.065848,0.627068,5.104511,-1.726088,0.0353,1.726449,3.018436,1.410739,109.889184
2,163,1786547919.41856,0,1,26.458027,-14.687474,27.230882,-13.457027,-5.065845,0.709758,5.115324,-1.726165,0.031281,1.726449,3.002392,1.453033,114.157698
2,164,1786547919.45854,0,1,26.254726,-14.6608,27.161833,-13.455923,-5.082541,0.666858,5.126102,-1.726228,0.027606,1.726449,3.011132,1.508168,119.499904
2,165,1786547919.49855,0,1,26.051116,-14.633198,27.092782,-13.454953,-5.090238,0.69006,5.136799,-1.726278,0.024257,1.726449,3.006849,1.572682,123.759071
2,166,1786547919.53855,0,1,25.846938,-14.606641,27.023729,-13.454104,-5.10444,0.663917,5.147436,-1.726318,0.02121,1.726449,3.012252,1.647172,128.185901
2,167,1786547919.57855,0,1,25.642694,-14.577451,26.954675,-13.453367,-5.106123,0.729758,5.158007,-1.72635,0.018444,1.726449,2.999636,1.727675,131.27705
2,168,1786547919.61853,0,1,25.437697,-14.55065,26.88562,-13.452729,-5.124913,0.670012,5.168525,-1.726375,0.015938,1.726449,3.011594,1.817116,135.379545
2,169,1786547919.65854,0,1,25.232698,-14.520812,26.816564,-13.452182,-5.124971,0.745954,5.178974,-1.726394,0.013672,1.726449,2.997055,1.910655,137.711167
2,170,1786547919.69854,0,1,25.026933,-14.493459,26.747508,-13.451717,-5.144118,0.683828,5.189371,-1.726409,0.011629,1.726449,3.009434,2.011368,141.234545
2,171,1786547919.73849,0,1,24.821065,-14.463838,26.678451,-13.451325,-5.146701,0.740514,5.199701,-1.726421,0.009791,1.726449,2.998692,2.115435,143.216359
2,172,1786547919.77845,0,1,24.614404,-14.436983,26.609394,-13.451,-5.166538,0.671388,5.209979,-1.726429,0.008143,1.726449,3.012368,2.225342,146.296002
2,173,1786547919.81847,0,1,24.407749,-14.407077,26.540336,-13.450734,-5.166382,0.747643,5.220199,-1.726436,0.006656,1.726449,2.997877,2.337204,147.612211
2,174,1786547919.85846,0,1,24.20031,-14.37995,26.471279,-13.450521,-5.18597,0.678175,5.230125,-1.72644,0.005319,1.726449,3.011559,2.453801,150.29205
2,175,1786547919.8984,0,1,23.992905,-14.349763,26.402221,-13.450356,-5.185128,0.754685,5.239762,-1.726444,0.004119,1.726449,2.99706,2.571719,151.248072
2,176,1786547919.93848,0,1,23.784735,-14.322368,26.333163,-13.450234,-5.20425,0.684861,5.24912,-1.726446,0.003046,1.726449,3.010748,2.69353,153.61096
2,177,1786547919.97846,0,1,23.576624,-14.291904,26.264105,-13.450151,-5.202754,0.761611,5.258203,-1.726447,0.002088,1.726449,2.996239,2.816221,154.280628
2,178,1786547920.01842,0,1,23.367767,-14.264246,26.195047,-13.450101,-5.22144,0.691451,5.267024,-1.726448,0.001238,1.726449,3.009933,2.942167,156.392175
2,179,1786547920.05845,0,1,23.158994,-14.233509,26.125989,-13.450082,-5.219321,0.768425,5.275584,-1.726449,0.000486,1.726449,2.995416,3.068684,156.833474
2,180,1786547920.09842,0,1,22.94949,-14.205591,26.056931,-13.450089,-5.237596,0.697948,5.283894,-1.726449,-0.000176,1.726449,3.009116,3.197964,158.744629
2,181,1786547920.13847,0,1,22.740095,-14.174586,25.987873,-13.450119,-5.234882,0.775132,5.291958,-1.726448,-0.000755,1.726449,2.99459,3.327599,159.00255
2,182,1786547920.17847,0,1,22.529984,-14.146411,25.918816,-13.450169,-5.252772,0.704356,5.299786,-1.726448,-0.001258,1.726449,3.008295,3.459614,160.752658
2,183,1786547920.21843,0,1,22.320004,-14.115142,25.849758,-13.450237,-5.249492,0.781737,5.30738,-1.726448,-0.001691,1.726449,2.993762,3.591832,160.862058
2,184,1786547920.25842,0,1,22.109324,-14.086715,25.7807,-13.450319,-5.267021,0.71068,5.314751,-1.726447,-0.00206,1.726449,3.007473,3.726124,162.48156
2,185,1786547920.2984,0,1,21.898698,-14.055843,25.711642,-13.450414,-5.265639,0.771784,5.321899,-1.726447,-0.00237,1.726449,2.996059,3.860711,162.639278
2,186,1786547920.33854,0,1,21.687371,-14.028,25.642584,-13.450519,-5.283176,0.696081,5.328835,-1.726447,-0.002627,1.726449,3.010593,3.997148,164.187493
2,187,1786547920.37853,0,1,21.47618,-13.99722,25.573526,-13.450633,-5.279783,0.769505,5.335564,-1.726446,-0.002835,1.726449,2.996866,4.133643,164.109364
2,188,1786547920.41847,0,1,21.264304,-13.96948,25.504472,-13.450752,-5.296884,0.693503,5.34209,-1.726343,-0.002998,1.726345,3.011407,4.27178,165.56618
2,189,1786547920.45841,0,1,21.052579,-13.938797,25.435429,-13.450877,-5.293128,0.767076,5.348421,-1.726084,-0.00312,1.726087,2.997675,4.409925,165.40187
2,190,1786547920.49845,0,1,20.840187,-13.911165,25.366402,-13.451005,-5.309813,0.690792,5.354559,-1.725683,-0.003205,1.725685,3.012222,4.549546,166.782555
2,191,1786547920.53842,0,1,20.627958,-13.880585,25.297396,-13.451136,-5.305716,0.764505,5.360512,-1.72515,-0.003256,1.725153,2.998487,4.689144,166.545918
2,192,1786547920.57842,0,1,20.415078,-13.853067,25.228416,-13.451267,-5.322002,0.687955,5.366282,-1.724496,-0.003276,1.724499,3.013039,4.830079,167.862651
2,193,1786547920.61842,0,1,20.202374,-13.822595,25.159467,-13.451397,-5.317586,0.761801,5.371877,-1.723732,-0.003269,1.723735,2.9993,4.970971,167.564812
2,194,1786547920.65842,0,1,19.989035,-13.795195,25.090552,-13.451527,-5.33349,0.685001,5.377299,-1.722865,-0.003236,1.722868,3.013858,5.11308,168.827392
2,195,1786547920.69842,0,1,19.775884,-13.764836,25.021676,-13.451654,-5.328776,0.758971,5.382555,-1.721904,-0.003182,1.721907,3.000115,5.255132,168.477365
2,196,1786547920.73841,0,1,19.562111,-13.737558,24.952842,-13.451778,-5.344313,0.681935,5.387645,-1.720856,-0.003108,1.720859,3.014678,5.3983,169.693752
2,197,1786547920.77846,0,1,19.348538,-13.707317,24.884053,-13.451899,-5.33932,0.756023,5.392579,-1.719729,-0.003016,1.719731,3.000932,5.541404,169.298907
2,198,1786547920.81847,0,1,19.138327,-13.673668,24.815306,-13.452023,-5.255275,0.841233,5.322179,-1.71866,-0.003099,1.718663,2.982865,5.681304,168.669736
2,199,1786547920.85846,0,1,18.931688,-13.635854,24.7466,-13.452157,-5.165998,0.945358,5.251784,-1.717645,-0.003344,1.717648,2.960599,5.817814,167.820426
2,200,1786547920.89844,0,1,18.728871,-13.593184,24.677933,-13.452306,-5.070406,1.06675,5.181406,-1.71668,-0.003739,1.716684,2.934229,5.95073,166.762409
2,201,1786547920.9384,0,1,18.53018,-13.545035,24.609303,-13.452477,-4.967294,1.203713,5.11106,-1.71576,-0.004271,1.715765,2.903848,6.079828,165.505932
2,202,1786547920.97847,0,1,18.335965,-13.490856,24.540707,-13.452674,-4.855375,1.354478,5.040761,-1.714882,-0.00493,1.714889,2.869544,6.20486,164.0602
2,203,1786547921.01847,0,1,18.146165,-13.431646,24.472146,-13.452903,-4.744985,1.480249,4.970515,-1.714043,-0.005706,1.714053,2.839199,6.326016,162.866647
2,204,1786547921.05842,0,1,17.960564,-13.368611,24.403616,-13.453166,-4.640034,1.575888,4.90034,-1.713239,-0.006589,1.713252,2.814187,6.443607,161.992924
2,205,1786547921.09852,0,1,17.779229,-13.301915,24.335117,-13.453469,-4.533358,1.667379,4.830268,-1.712468,-0.007572,1.712485,2.789147,6.557639,161.130642
2,206,1786547921.13847,0,1,17.602225,-13.231727,24.266648,-13.453815,-4.425105,1.754701,4.760308,-1.711727,-0.008645,1.711749,2.764078,6.668122,160.278669
2,207,1786547921.17851,0,1,17.429608,-13.158214,24.198208,-13.454207,-4.315425,1.837837,4.690473,-1.711014,-0.009801,1.711042,2.73898,6.775068,159.435965
2,208,1786547921.21855,0,1,17.26143,-13.081543,24.129795,-13.454648,-4.204466,1.916777,4.620775,-1.710326,-0.011034,1.710361,2.713851,6.878492,158.601581
2,209,1786547921.25852,0,1,17.097735,-13.001882,24.061408,-13.455142,-4.092375,1.991515,4.551227,-1.709661,-0.012337,1.709705,2.68869,6.978409,157.774649
2,210,1786547921.29854,0,1,16.938563,-12.9194,23.993048,-13.45569,-3.979301,2.062053,4.481841,-1.709018,-0.013703,1.709073,2.663495,7.07484,156.954373
2,211,1786547921.33852,0,1,16.783947,-12.834264,23.924712,-13.456295,-3.865392,2.128395,4.412632,-1.708394,-0.015127,1.708461,2.638267,7.167806,156.140018
2,212,1786547921.37854,0,1,16.633915,-12.746642,23.8564,-13.456959,-3.750793,2.190553,4.343613,-1.707789,-0.016603,1.70787,2.613003,7.25733,155.330903
2,213,1786547921.41853,0,1,16.488489,-12.6567,23.788112,-13.457684,-3.63565,2.248544,4.274799,-1.707201,-0.018128,1.707297,2.587702,7.343437,154.526397
2,214,1786547921.45852,0,1,16.347685,-12.564605,23.719847,-13.458472,-3.520108,2.302389,4.206205,-1.706628,-0.019695,1.706741,2.562363,7.426155,153.725913
2,215,1786547921.49856,0,1,16.211512,-12.47052,23.651604,-13.459324,-3.404311,2.352115,4.137846,-1.706069,-0.021301,1.706202,2.536985,7.505511,152.928898
2,216,1786547921.53852,0,1,16.079977,-12.37461,23.583383,-13.460242,-3.288398,2.397755,4.069741,-1.705524,-0.022942,1.705678,2.511566,7.581537,152.134838
2,217,1786547921.57852,0,1,15.953076,-12.277036,23.515184,-13.461226,-3.172511,2.439347,4.001905,-1.70499,-0.024613,1.705168,2.486104,7.654265,151.343245
3,0,1786547925.59204,0,1,53.28,-13.199968,37.597264,-13.400037,-0.499999,0.000796,0.5,-0.068395,-0.000923,0.068401,3.14,15.684012,0.82215
3,0,1786547925.63188,0,1,53.28,-13.199968,37.591393,-13.400113,-0.499999,0.000796,0.5,-0.146788,-0.001903,0.146801,3.14,15.689884,0.822154
3,1,1786547925.67192,0,1,53.257176,-13.200195,37.582385,-13.400231,-0.570609,-0.005674,0.570637,-0.225182,-0.002944,0.225201,-3.131649,15.676067,0.161432
3,2,1786547925.71199,0,1,53.231525,-13.200328,37.570242,-13.400393,-0.641267,-0.003334,0.641276,-0.303574,-0.00405,0.303601,-3.136393,15.66256,0.433988
3,3,1786547925.75189,0,1,53.203049,-13.200425,37.554964,-13.400602,-0.711911,-0.002405,0.711915,-0.381965,-0.005226,0.382001,-3.138215,15.649365,0.53938
3,4,1786547925.79189,0,1,53.171746,-13.200476,37.53655,-13.400861,-0.782554,-0.001282,0.782555,-0.460355,-0.006478,0.4604,-3.139954,15.636481,0.640382
3,5,1786547925.8319,0,1,53.137619,-13.200484,37.515242,-13.401169,-0.853195,-0.00019,0.853195,-0.532699,-0.00771,0.532755,-3.14137,15.623666,0.723221
3,6,1786547925.87191,0,1,53.100665,-13.200446,37.491275,-13.401526,-0.923835,0.000928,0.923835,-0.59917,-0.008917,0.599236,3.140588,15.610685,0.795585
3,7,1786547925.91193,0,1,53.060886,-13.200363,37.464865,-13.40193,-0.994473,0.002081,0.994475,-0.660237,-0.010103,0.660314,3.1395,15.597323,0.860379
3,8,1786547925.95203,0,1,53.018282,-13.200232,37.436212,-13.402381,-1.065109,0.003286,1.065115,-0.716333,-0.011268,0.716422,3.138507,15.583381,0.920035
3,9,1786547925.99194,0,1,52.972852,-13.20005,37.405498,-13.402877,-1.135745,0.004555,1.135754,-0.767856,-0.012414,0.767957,3.137582,15.568676,0.97628
3,10,1786547926.03193,0,1,52.924597,-13.199813,37.372891,-13.403419,-1.206378,0.005902,1.206392,-0.815172,-0.013542,0.815284,3.1367,15.553039,1.030414
3,11,1786547926.07193,0,1,52.873517,-13.19952,37.338546,-13.404005,-1.277009,0.007339,1.27703,-0.858616,-0.014654,0.858741,3.135846,15.536316,1.083422
3,12,1786547926.11191,0,1,52.819611,-13.199165,37.302606,-13.404635,-1.347638,0.008877,1.347667,-0.898499,-0.015751,0.898637,3.135005,15.518365,1.136064
3,13,1786547926.15195,0,1,52.762881,-13.198744,37.265202,-13.405309,-1.418264,0.010528,1.418303,-0.935106,-0.016833,0.935258,3.13417,15.499055,1.188933
3,14,1786547926.19191,0,1,52.703325,-13.198252,37.226454,-13.406025,-1.488887,0.012301,1.488938,-0.968699,-0.017903,0.968864,3.133331,15.478265,1.242495
3,15,1786547926.232,0,1,52.640945,-13.197683,37.186473,-13.406783,-1.559507,0.014207,1.559572,-0.999518,-0.01896,0.999698,3.132483,15.455886,1.297119
3,16,1786547926.27194,0,1,52.57574,-13.197033,37.145362,-13.407583,-1.630124,0.016256,1.630205,-1.027786,-0.020006,1.027981,3.131621,15.431814,1.353104
3,17,1786547926.31195,0,1,52.50771,-13.196295,37.103214,-13.408425,-1.700736,0.018456,1.700836,-1.053708,-0.02104,1.053918,3.130741,15.405957,1.410687
3,18,1786547926.35194,0,1,52.436857,-13.195462,37.060115,-13.409308,-1.771343,0.020816,1.771466,-1.077469,-0.022065,1.077695,3.129841,15.378229,1.47006
3,19,1786547926.39194,0,1,52.363179,-13.194528,37.016145,-13.410231,-1.841946,0.023345,1.842094,-1.099244,-0.02308,1.099487,3.128919,15.348549,1.53138
3,20,1786547926.43192,0,1,52.286677,-13.193486,36.971377,-13.411194,-1.912544,0.02605,1.912721,-1.119192,-0.024086,1.119451,3.127973,15.316847,1.594771
3,21,1786547926.47201,0,1,52.207352,-13.192329,36.925879,-13.412198,-1.983135,0.028939,1.983346,-1.137458,-0.025084,1.137734,3.127001,15.283054,1.660337
3,22,1786547926.51195,0,1,52.125203,-13.191048,36.879712,-13.413241,-2.053721,0.032018,2.05397,-1.154176,-0.026074,1.154471,3.126004,15.24711,1.728161
3,23,1786547926.552,0,1,52.040231,-13.189636,36.83292,-13.414311,-2.124299,0.035293,2.124592,-1.169811,-0.026764,1.170117,3.12498,15.208971,1.798263
3,24,1786547926.592,0,1,51.952434,-13.188196,36.785542,-13.415398,-2.194923,0.035999,2.195218,-1.184449,-0.027178,1.184761,3.125193,15.168594,1.797858
3,25,1786547926.632,0,1,51.861812,-13.18671,36.737615,-13.416492,-2.265542,0.037167,2.265847,-1.198169,-0.027339,1.198481,3.125189,15.125943,1.810293
3,26,1786547926.67195,0,1,51.768366,-13.185184,36.689173,-13.417582,-2.336167,0.038154,2.336479,-1.211044,-0.027265,1.211351,3.125262,15.080983,1.818634
3,27,1786547926.71193,0,1,51.672094,-13.18362,36.640247,-13.418661,-2.406795,0.039078,2.407112,-1.223143,-0.026977,1.223441,3.125358,15.033684,1.826012
3,28,1786547926.75201,0,1,51.572997,-13.182025,36.590866,-13.419721,-2.477426,0.039894,2.477747,-1.234528,-0.026491,1.234812,3.125491,14.984016,1.831489
3,29,1786547926.79202,0,1,51.471074,-13.180401,36.541056,-13.420754,-2.54806,0.040594,2.548384,-1.245255,-0.025823,1.245523,3.125663,14.931953,1.83502
3,30,1786547926.83201,0,1,51.366326,-13.178755,36.490841,-13.421754,-2.618698,0.041162,2.619021,-1.255377,-0.024988,1.255626,3.125876,14.87747,1.836399
3,31,1786547926.87201,0,1,51.258773,-13.177091,36.440243,-13.422714,-2.688829,0.041576,2.68915,-1.264944,-0.024,1.265171,3.126131,14.820565,1.835481
3,32,1786547926.912,0,1,51.148499,-13.175419,36.389283,-13.423628,-2.756865,0.0418,2.757182,-1.273998,-0.022871,1.274203,3.126432,14.761302,1.832124
3,33,1786547926.9519,0,1,51.035584,-13.173747,36.33798,-13.424493,-2.822865,0.041823,2.823174,-1.282581,-0.021613,1.282763,3.126778,14.699743,1.826206
3,34,1786547926.99196,0,1,50.920109,-13.172081,36.286351,-13.425302,-2.886881,0.041635,2.887181,-1.290731,-0.020235,1.290889,3.127171,14.635949,1.817619
3,35,1786547927.03194,0,1,50.80215,-13.170432,36.234412,-13.426052,-2.948968,0.041231,2.949256,-1.298482,-0.018749,1.298617,3.127612,14.569981,1.806287
3,36,1786547927.07191,0,1,50.681783,-13.168808,36.182177,-13.426739,-3.009176,0.040602,3.00945,-1.305867,-0.017164,1.30598,3.128101,14.5019,1.792156
3,37,1786547927.11193,0,1,50.559081,-13.167218,36.12966,-13.427358,-3.067558,0.039747,3.067815,-1.312914,-0.015487,1.313005,3.128636,14.431765,1.775196
3,38,1786547927.15194,0,1,50.434114,-13.165671,36.076874,-13.427907,-3.12416,0.038661,3.1244,-1.319651,-0.013726,1.319722,3.129218,14.359635,1.755394
3,39,1786547927.19193,0,1,50.306953,-13.164178,36.02383,-13.428383,-3.179032,0.037344,3.179251,-1.326102,-0.011889,1.326155,3.129846,14.285566,1.73275
3,40,1786547927.23193,0,1,50.177664,-13.162746,35.970539,-13.428782,-3.232219,0.035796,3.232417,-1.332291,-0.009981,1.332328,3.130518,14.209616,1.707282
3,41,1786547927.27191,0,1,50.046314,-13.161385,35.917009,-13.429103,-3.283767,0.034018,3.283943,-1.338237,-0.00801,1.338261,3.131234,14.131841,1.679017
3,42,1786547927.31194,0,1,49.912965,-13.160105,35.863251,-13.429342,-3.333718,0.032012,3.333872,-1.343962,-0.005981,1.343975,3.131991,14.052294,1.647992
3,43,1786547927.35193,0,1,49.77768,-13.158913,35.809271,-13.429498,-3.382117,0.029781,3.382248,-1.349482,-0.003899,1.349487,3.132787,13.971029,1.614255
3,44,1786547927.39191,0,1,49.64052,-13.15782,35.755079,-13.429569,-3.429003,0.027332,3.429112,-1.354813,-0.001769,1.354814,3.133622,13.8881,1.577859
3,45,1786547927.43201,0,1,49.501543,-13.156833,35.70068,-13.429552,-3.474418,0.024668,3.474506,-1.359972,0.000406,1.359972,3.134493,13.803558,1.538863
3,46,1786547927.47193,0,1,49.360807,-13.155962,35.646081,-13.429448,-3.518401,0.021797,3.518469,-1.364971,0.002619,1.364973,3.135398,13.717453,1.497331
3,47,1786547927.51188,0,1,49.218368,-13.155213,35.591288,-13.429253,-3.56099,0.018724,3.561039,-1.369823,0.004869,1.369832,3.136334,13.629835,1.453331
3,48,1786547927.55188,0,1,49.074279,-13.154594,35.536357,-13.428991,-3.602221,0.015459,3.602255,-1.373286,0.006555,1.373302,3.137301,13.540703,1.407039
3,49,1786547927.59191,0,1,48.928609,-13.153835,35.481426,-13.428682,-3.641742,0.018971,3.641791,-1.37328,0.007709,1.373302,3.136383,13.449992,1.469369
3,50,1786547927.63194,0,1,48.781424,-13.153025,35.426495,-13.428347,-3.679637,0.020249,3.679693,-1.373276,0.008388,1.373302,3.13609,13.357767,1.49632
3,51,1786547927.67192,0,1,48.632786,-13.15209,35.371564,-13.428001,-3.715931,0.023385,3.716004,-1.373275,0.008633,1.373302,3.1353,13.264093,1.552483
3,52,1786547927.71191,0,1,48.48276,-13.151034,35.316633,-13.427662,-3.750674,0.026406,3.750767,-1.373276,0.008478,1.373302,3.134553,13.169033,1.607014
3,53,1786547927.7519,0,1,48.331403,-13.149823,35.261701,-13.427344,-3.783903,0.030271,3.784024,-1.373279,0.007958,1.373302,3.133593,13.072648,1.674792
3,54,1786547927.79191,0,1,48.178777,-13.148445,35.20677,-13.42706,-3.815659,0.034449,3.815815,-1.373284,0.007101,1.373302,3.132565,12.974999,1.747686
3,55,1786547927.83189,0,1,48.024938,-13.146877,35.151838,-13.426822,-3.84598,0.039196,3.846179,-1.373289,0.005937,1.373302,3.131401,12.876143,1.829699
3,56,1786547927.87189,0,1,47.869942,-13.145104,35.096907,-13.426643,-3.874903,0.044327,3.875156,-1.373295,0.004491,1.373302,3.130154,12.776138,1.918092
3,57,1786547927.91195,0,1,47.713843,-13.143108,35.041975,-13.426531,-3.902464,0.049913,3.902783,-1.373299,0.002786,1.373302,3.128803,12.675038,2.014059
3,58,1786547927.95194,0,1,47.556695,-13.140873,34.987043,-13.426498,-3.928699,0.055863,3.929096,-1.373302,0.000844,1.373302,3.127374,12.572897,2.116376
3,59,1786547927.99194,0,1,47.39855,-13.138385,34.932111,-13.42655,-3.953642,0.062193,3.954131,-1.373301,-0.001315,1.373302,3.125863,12.469769,2.225392
3,60,1786547928.03195,0,1,47.239456,-13.135632,34.877179,-13.426697,-3.977328,0.068844,3.977924,-1.373297,-0.003672,1.373302,3.124285,12.365704,2.340394
3,61,1786547928.07189,0,1,47.079465,-13.132599,34.822247,-13.426945,-3.999788,0.075809,4.000506,-1.373288,-0.006211,1.373302,3.122642,12.260751,2.46145
3,62,1786547928.11191,0,1,46.918623,-13.129278,34.767316,-13.427302,-4.021055,0.083042,4.021913,-1.373273,-0.008917,1.373302,3.120944,12.154961,2.588051
3,63,1786547928.15208,0,1,46.756976,-13.125656,34.712386,-13.427773,-4.041161,0.09053,4.042175,-1.373252,-0.011774,1.373302,3.119194,12.048379,2.720181
3,64,1786547928.192,0,1,46.594571,-13.121713,34.657457,-13.428364,-4.060122,0.098595,4.061319,-1.373223,-0.014771,1.373302,3.117314,11.941052,2.86263
3,65,1786547928.23201,0,1,46.431452,-13.117463,34.60253,-13.42908,-4.077995,0.106246,4.079379,-1.373185,-0.017893,1.373302,3.115545,11.833026,3.001443
3,66,1786547928.27197,0,1,46.26766,-13.112874,34.547604,-13.429925,-4.094778,0.11472,4.096384,-1.373139,-0.021131,1.373302,3.113584,11.724344,3.154378
3,67,1786547928.31209,0,1,46.103239,-13.107969,34.492681,-13.430904,-4.110535,0.122628,4.112364,-1.373084,-0.024475,1.373302,3.111769,11.615048,3.301983
3,68,1786547928.35208,0,1,45.938229,-13.102708,34.43776,-13.43202,-4.125248,0.131533,4.127345,-1.373018,-0.027913,1.373302,3.109719,11.505183,3.466446
3,69,1786547928.39205,0,1,45.772669,-13.09713,34.382842,-13.433278,-4.139006,0.139442,4.141354,-1.372942,-0.031439,1.373302,3.107916,11.394786,3.620033
3,70,1786547928.43206,0,1,45.606599,-13.091171,34.327928,-13.43468,-4.151745,0.14898,4.154417,-1.372855,-0.035043,1.373302,3.105724,11.283901,3.799588
3,71,1786547928.47206,0,1,45.440054,-13.084918,34.273018,-13.436228,-4.163628,0.156306,4.166561,-1.372756,-0.038719,1.373302,3.10407,11.172561,3.951821
3,72,1786547928.51207,0,1,45.273076,-13.078222,34.218112,-13.437927,-4.174453,0.167402,4.177809,-1.372646,-0.042459,1.373302,3.101513,11.060814,4.160039
3,73,1786547928.55206,0,1,45.10569,-13.071342,34.163211,-13.439753,-4.184651,0.17201,4.188185,-1.372543,-0.045664,1.373302,3.100511,10.948679,4.282121
3,74,1786547928.59205,0,1,44.937855,-13.065178,34.108313,-13.441688,-4.195882,0.154093,4.198711,-1.37245,-0.048378,1.373302,3.104884,10.836085,4.09443
3,75,1786547928.63196,0,1,44.769627,-13.058128,34.053418,-13.443714,-4.205689,0.17625,4.20938,-1.372368,-0.05064,1.373302,3.09971,10.723144,4.460417
3,76,1786547928.67201,0,1,44.600893,-13.053151,33.998526,-13.445814,-4.218357,0.124428,4.220192,-1.372299,-0.052489,1.373302,3.112104,10.609636,3.810553
3,77,1786547928.71198,0,1,44.431806,-13.045824,33.943636,-13.447972,-4.227172,0.183176,4.231139,-1.372242,-0.053957,1.373302,3.098287,10.495877,4.677064
3,78,1786547928.75213,0,1,44.262192,-13.040778,33.888748,-13.450175,-4.240342,0.126155,4.242218,-1.372197,-0.055076,1.373302,3.11185,10.381519,3.964173
3,79,1786547928.7921,0,1,44.092199,-13.033786,33.833862,-13.45241,-4.249828,0.174799,4.253422,-1.372165,-0.055873,1.373302,3.100485,10.266875,4.692132
3,80,1786547928.83213,0,1,43.921671,-13.029182,33.778976,-13.454665,-4.263194,0.115098,4.264748,-1.372144,-0.056375,1.373302,3.114601,10.151616,3.948636
3,81,1786547928.87206,0,1,43.750754,-13.022512,33.724091,-13.456929,-4.272939,0.166756,4.276191,-1.372135,-0.056606,1.373302,3.102586,10.03607,4.715753
3,82,1786547928.91207,0,1,43.579296,-13.018294,33.669205,-13.459193,-4.286451,0.105448,4.287748,-1.372136,-0.056588,1.373302,3.116997,9.919893,3.956616
3,83,1786547928.95208,0,1,43.407432,-13.012074,33.614319,-13.461446,-4.2966,0.155494,4.299413,-1.372146,-0.056341,1.373302,3.105418,9.803417,4.69989
3,84,1786547928.99208,0,1,43.235024,-13.008379,33.559433,-13.463682,-4.310191,0.092381,4.311181,-1.372165,-0.055883,1.373302,3.120163,9.686298,3.922015
3,85,1786547929.03209,0,1,43.062203,-13.002478,33.504545,-13.465891,-4.320532,0.147513,4.32305,-1.372191,-0.055232,1.373302,3.107464,9.568886,4.731322
3,86,1786547929.07207,0,1,42.888835,-12.99912,33.449656,-13.468067,-4.334196,0.083963,4.335009,-1.372224,-0.054403,1.373302,3.122223,9.45082,3.953975
3,87,1786547929.11217,0,1,42.71504,-12.99362,33.394766,-13.470204,-4.344883,0.137498,4.347058,-1.372263,-0.053411,1.373302,3.109957,9.332451,4.739798
3,88,1786547929.15209,0,1,42.540697,-12.990697,33.339873,-13.472294,-4.358575,0.073067,4.359187,-1.372307,-0.052268,1.373302,3.12483,9.213419,3.956704
3,89,1786547929.192,0,1,42.365916,-12.985562,33.284979,-13.474334,-4.369507,0.128373,4.371392,-1.372355,-0.050987,1.373302,3.112222,9.094081,4.763737
3,90,1786547929.23206,0,1,42.190588,-12.983023,33.230083,-13.476317,-4.383205,0.063481,4.383664,-1.372407,-0.049579,1.373302,3.127111,8.974073,3.980808
3,91,1786547929.2721,0,1,42.014813,-12.978259,33.175184,-13.478239,-4.394383,0.119089,4.395997,-1.372461,-0.048055,1.373302,3.114499,8.853757,4.789614
3,92,1786547929.3121,0,1,41.838491,-12.97611,33.120284,-13.480096,-4.408053,0.053729,4.40838,-1.372517,-0.046423,1.373302,3.129404,8.732762,4.006826
3,93,1786547929.35214,0,1,41.661713,-12.971725,33.065381,-13.481884,-4.419445,0.10964,4.420805,-1.372575,-0.044693,1.373302,3.116789,8.611457,4.817433
3,94,1786547929.39209,0,1,41.484391,-12.969972,33.010475,-13.483599,-4.433045,0.043807,4.433262,-1.372633,-0.042871,1.373302,3.131711,8.489467,4.034781
3,95,1786547929.4321,0,1,41.306607,-12.965972,32.955568,-13.485237,-4.444611,0.100023,4.445736,-1.372691,-0.040967,1.373302,3.119092,8.367167,4.847239
3,96,1786547929.47216,0,1,41.128283,-12.964596,32.900658,-13.486797,-4.458087,0.034398,4.458219,-1.372749,-0.038986,1.373302,3.133877,8.244181,4.073729
3,97,1786547929.51209,0,1,40.949493,-12.960953,32.845746,-13.488274,-4.469763,0.091076,4.470691,-1.372805,-0.036935,1.373302,3.121219,8.120886,4.890361
3,98,1786547929.55215,0,1,40.770177,-12.959014,32.790831,-13.489669,-4.482878,0.048469,4.48314,-1.372859,-0.03488,1.373302,3.130781,7.996972,4.424237
3,99,1786547929.59207,0,1,40.590424,-12.954572,32.735915,-13.490982,-4.493828,0.111046,4.4952,-1.37291,-0.03282,1.373302,3.116887,7.872805,5.322384
3,100,1786547929.63209,0,1,40.41016,-12.952588,32.680997,-13.492212,-4.506611,0.04961,4.506884,-1.372958,-0.030758,1.373302,3.130585,7.747978,4.624422
3,101,1786547929.67208,0,1,40.22949,-12.948086,32.626076,-13.49336,-4.516739,0.112544,4.518141,-1.373002,-0.028695,1.373302,3.116681,7.622941,5.529257
3,102,1786547929.71199,0,1,40.048342,-12.946056,32.571155,-13.494426,-4.528717,0.050748,4.529002,-1.373044,-0.026631,1.373302,3.130387,7.497268,4.836521
3,103,1786547929.75214,0,1,39.866823,-12.941495,32.516231,-13.495408,-4.537962,0.114012,4.539394,-1.373082,-0.024567,1.373302,3.116474,7.371433,5.748644
3,104,1786547929.79217,0,1,39.684861,-12.93942,32.461307,-13.496308,-4.549065,0.05188,4.549361,-1.373118,-0.022505,1.373302,3.130189,7.244988,5.06181
3,105,1786547929.83214,0,1,39.502567,-12.934802,32.406381,-13.497126,-4.55734,0.115444,4.558802,-1.37315,-0.020445,1.373302,3.116267,7.118432,5.981906
3,106,1786547929.87215,0,1,39.319868,-12.932682,32.351454,-13.497862,-4.567471,0.053004,4.567778,-1.373179,-0.018387,1.373302,3.129989,6.991297,5.301742
3,107,1786547929.91219,0,1,39.136882,-12.928009,32.296525,-13.498515,-4.574659,0.116835,4.576151,-1.373205,-0.016333,1.373302,3.116059,6.864106,6.230593
3,108,1786547929.9521,0,1,38.953595,-12.922804,32.241596,-13.499086,-4.582163,0.130117,4.58401,-1.373228,-0.014282,1.373302,3.113204,6.736693,6.533854
3,109,1786547929.99208,0,1,38.770056,-12.916388,32.186666,-13.499576,-4.588477,0.160403,4.59128,-1.373248,-0.012237,1.373302,3.106649,6.60917,7.064434
3,110,1786547930.03221,0,1,38.586214,-12.911085,32.131736,-13.499984,-4.596054,0.132573,4.597965,-1.373264,-0.010196,1.373302,3.112756,6.481288,6.865391
3,111,1786547930.07214,0,1,38.402249,-12.902703,32.076805,-13.50031,-4.599128,0.209546,4.6039,-1.373278,-0.008161,1.373302,3.096062,6.353611,8.005809
3,112,1786547930.11208,0,1,38.217986,-12.896336,32.021873,-13.500555,-4.606571,0.159172,4.60932,-1.373288,-0.006132,1.373302,3.107053,6.225504,7.548598
3,113,1786547930.15208,0,1,38.033676,-12.886883,31.966941,-13.50072,-4.60775,0.236331,4.613807,-1.373296,-0.004109,1.373302,3.090348,6.09771,8.713679
3,114,1786547930.19202,0,1,37.849439,-12.873658,31.912009,-13.500803,-4.605919,0.330642,4.617771,-1.3733,-0.002093,1.373302,3.069929,5.97046,10.135568
3,115,1786547930.23209,0,1,37.664967,-12.861769,31.857077,-13.500807,-4.611809,0.297213,4.621376,-1.373302,-8.4E-05,1.373302,3.077235,5.84294,9.966348
3,116,1786547930.27194,0,1,37.480673,-12.846105,31.802145,-13.50073,-4.607346,0.391593,4.623957,-1.373301,0.001917,1.373302,3.056803,5.716136,11.434151
3,117,1786547930.31208,0,1,37.296179,-12.83178,31.747213,-13.500574,-4.612363,0.358127,4.626246,-1.373296,0.00391,1.373302,3.064103,5.589123,11.312294
3,118,1786547930.35208,0,1,37.111968,-12.813682,31.692282,-13.500338,-4.605261,0.452444,4.627432,-1.373289,0.005895,1.373302,3.043662,5.463012,12.831724
3,119,1786547930.39199,0,1,36.927592,-12.796926,31.637351,-13.500023,-4.609415,0.418919,4.628412,-1.373279,0.007871,1.373302,3.050958,5.336759,12.763471
3,120,1786547930.43205,0,1,36.743049,-12.782196,31.58242,-13.49963,-4.61356,0.368242,4.628233,-1.373267,0.009839,1.373302,3.061944,5.21026,12.478086
3,121,1786547930.47199,0,1,36.558841,-12.764388,31.52749,-13.499158,-4.605209,0.445198,4.626678,-1.373251,0.011797,1.373302,3.045219,5.08472,13.830417
3,122,1786547930.51197,0,1,36.375108,-12.742827,31.47256,-13.498608,-4.593325,0.539024,4.624844,-1.373233,0.013746,1.373302,3.024777,4.960461,15.456792
3,123,1786547930.55198,0,1,36.191295,-12.722616,31.417632,-13.497991,-4.595314,0.505283,4.62301,-1.373216,0.015414,1.373302,3.032077,4.836225,15.500666
3,124,1786547930.59196,0,1,36.008046,-12.698667,31.362704,-13.497318,-4.581233,0.598712,4.62019,-1.373199,0.016823,1.373302,3.011641,4.713496,17.200885
3,125,1786547930.63206,0,1,35.824723,-12.67607,31.307777,-13.496599,-4.583076,0.564939,4.617764,-1.373184,0.017994,1.373302,3.018945,4.590868,17.323025
3,126,1786547930.67195,0,1,35.642034,-12.649752,31.25285,-13.495841,-4.567232,0.657945,4.61438,-1.373171,0.018945,1.373302,2.998519,4.469989,19.108394
3,127,1786547930.71195,0,1,35.459269,-12.624786,31.197923,-13.495053,-4.569107,0.624158,4.611541,-1.373161,0.019695,1.373302,3.005829,4.349303,19.321114
3,128,1786547930.75197,0,1,35.2772,-12.596117,31.142997,-13.494243,-4.551731,0.716718,4.607812,-1.373153,0.020259,1.373302,2.985415,4.230634,21.204994
3,129,1786547930.79204,0,1,35.095045,-12.568799,31.088071,-13.493416,-4.553873,0.682949,4.604799,-1.373147,0.020653,1.373302,2.992731,4.112269,21.522829
3,130,1786547930.8321,0,1,34.913635,-12.537796,31.033146,-13.492581,-4.535254,0.775071,4.601007,-1.373143,0.02089,1.373302,2.972329,3.996225,23.52101
3,131,1786547930.87201,0,1,34.732117,-12.508141,30.97822,-13.491742,-4.537957,0.741371,4.598117,-1.373142,0.020982,1.373302,2.979652,3.88062,23.961138
3,132,1786547930.912,0,1,34.550422,-12.480505,30.923294,-13.490904,-4.542368,0.690917,4.594614,-1.373142,0.020942,1.373302,2.990645,3.765231,24.214781
3,133,1786547930.9521,0,1,34.369383,-12.449868,30.868368,-13.490073,-4.525965,0.765914,4.590314,-1.373145,0.020779,1.373302,2.973954,3.652278,26.152455
3,134,1786547930.99196,0,1,34.188151,-12.421245,30.813442,-13.489253,-4.530811,0.715588,4.586972,-1.373149,0.020503,1.373302,2.984949,3.539675,26.536284
3,135,1786547931.03201,0,1,34.007577,-12.389629,30.758516,-13.488448,-4.514345,0.790388,4.583015,-1.373155,0.020123,1.373302,2.968266,3.42984,28.616213
3,136,1786547931.07194,0,1,33.826776,-12.360019,30.70359,-13.487662,-4.520041,0.740256,4.580256,-1.373161,0.019649,1.373302,2.979262,3.320522,29.153268
3,137,1786547931.11195,0,1,33.646616,-12.32742,30.648663,-13.486898,-4.50398,0.814966,4.577117,-1.373169,0.019086,1.373302,2.962586,3.214361,31.400636
3,138,1786547931.1521,0,1,33.466176,-12.296816,30.593741,-13.486161,-4.511003,0.765104,4.575427,-1.373056,0.018441,1.373179,2.973583,3.108927,32.11846
3,139,1786547931.19197,0,1,33.285377,-12.26887,30.538828,-13.485452,-4.519969,0.698643,4.573644,-1.372808,0.01772,1.372923,2.988238,3.003931,32.677471
3,140,1786547931.23199,0,1,33.105036,-12.238589,30.483931,-13.484775,-4.508548,0.757043,4.571664,-1.372438,0.016929,1.372543,2.975232,2.90227,34.960202
3,141,1786547931.27209,0,1,32.924285,-12.210955,30.429053,-13.484132,-4.518758,0.690839,4.571261,-1.371955,0.016074,1.372049,2.989885,2.801279,35.724881
3,142,1786547931.31201,0,1,32.743921,-12.180975,30.374198,-13.483525,-4.509114,0.749503,4.570981,-1.371368,0.015161,1.371452,2.976879,2.704112,38.233395
3,143,1786547931.35195,0,1,32.563075,-12.153631,30.319371,-13.482958,-4.52114,0.683586,4.572526,-1.370686,0.014193,1.370759,2.991532,2.607934,39.243309
3,144,1786547931.39213,0,1,32.381679,-12.129595,30.264574,-13.482431,-4.534903,0.600908,4.574543,-1.369915,0.013177,1.369979,3.009853,2.512429,40.126825
3,145,1786547931.43209,0,1,32.200418,-12.103849,30.209811,-13.481946,-4.531518,0.643648,4.577001,-1.369064,0.012115,1.369118,3.000498,2.421088,42.778953
3,146,1786547931.47217,0,1,32.018542,-12.081408,30.155086,-13.481505,-4.546895,0.56103,4.581376,-1.368138,0.011013,1.368183,3.018826,2.330825,43.953188
3,147,1786547931.51215,0,1,31.836011,-12.062957,30.1004,-13.48111,-4.563275,0.461284,4.586531,-1.367144,0.009873,1.36718,3.040849,2.241318,45.024183
3,148,1786547931.55216,0,1,31.653352,-12.043441,30.045711,-13.4815,-4.56648,0.48789,4.592469,-1.367231,-0.009744,1.367266,3.035155,2.156971,47.91155
3,149,1786547931.59212,0,1,31.470019,-12.027933,29.991043,-13.482585,-4.583343,0.387712,4.599712,-1.366699,-0.027106,1.366968,3.057202,2.074459,49.360184
3,150,1786547931.63213,0,1,31.286034,-12.017138,29.936421,-13.484289,-4.599615,0.269873,4.607526,-1.365558,-0.042615,1.366223,3.082987,1.993487,50.747312
3,151,1786547931.67199,0,1,31.101737,-12.005954,29.881842,-13.4864,-4.607422,0.279581,4.615897,-1.364472,-0.052781,1.365492,3.080986,1.918297,53.983778
3,152,1786547931.71198,0,1,30.916827,-11.999522,29.827322,-13.488848,-4.622761,0.160812,4.625557,-1.363001,-0.061186,1.364373,3.10682,1.845295,55.805289
3,153,1786547931.75208,0,1,30.731395,-11.998567,29.772874,-13.491572,-4.635785,0.023862,4.635846,-1.361181,-0.06811,1.362884,3.136445,1.774211,57.594143
3,154,1786547931.79214,0,1,30.545528,-11.997935,29.718487,-13.494426,-4.646685,0.01581,4.646712,-1.359695,-0.071341,1.361565,3.13819,1.709819,61.267545
3,155,1786547931.83214,0,1,30.359255,-12.002836,29.664163,-13.497359,-4.656817,-0.122518,4.658429,-1.358093,-0.073319,1.36007,-3.115289,1.648257,63.550122
3,156,1786547931.87192,0,1,30.172636,-12.01159,29.609898,-13.500305,-4.665467,-0.21886,4.670598,-1.356629,-0.073649,1.358626,-3.094716,1.591523,66.60744
3,157,1786547931.91208,0,1,29.985628,-12.022504,29.555679,-13.503199,-4.675203,-0.272856,4.683159,-1.355461,-0.07235,1.35739,-3.083296,1.541853,70.468163
3,158,1786547931.95208,0,1,29.798455,-12.0383,29.501502,-13.50601,-4.679336,-0.394883,4.695968,-1.354425,-0.070283,1.356247,-3.057403,1.497449,73.73842
3,159,1786547931.99215,0,1,29.610818,-12.054722,29.447355,-13.508703,-4.690912,-0.410551,4.708844,-1.353684,-0.067335,1.355358,-3.054295,1.463141,78.58366
3,160,1786547932.03216,0,1,29.423106,-12.075545,29.393233,-13.51127,-4.692804,-0.520579,4.72159,-1.353057,-0.064169,1.354578,-3.031113,1.436036,82.477987
3,161,1786547932.07215,0,1,29.234924,-12.09667,29.33913,-13.513704,-4.704566,-0.528128,4.734116,-1.352573,-0.060851,1.353941,-3.029802,1.42086,87.800734
3,162,1786547932.11214,0,1,29.046543,-12.120241,29.285044,-13.51601,-4.709522,-0.589284,4.746246,-1.352149,-0.057644,1.353377,-3.017114,1.415999,92.564605
3,163,1786547932.1522,0,1,28.857665,-12.143612,29.230973,-13.518195,-4.721936,-0.584277,4.757947,-1.351765,-0.05462,1.352868,-3.018482,1.424372,98.140141
3,164,1786547932.1921,0,1,28.6688,-12.170476,29.176918,-13.520269,-4.721621,-0.671594,4.769145,-1.351389,-0.051855,1.352383,-3.000302,1.442263,102.533065
3,165,1786547932.23209,0,1,28.479404,-12.196639,29.122877,-13.522243,-4.734912,-0.654064,4.779874,-1.351016,-0.049347,1.351917,-3.004325,1.473528,108.027952
3,166,1786547932.27215,0,1,28.289733,-12.223775,29.068851,-13.524127,-4.741778,-0.678409,4.790062,-1.350639,-0.047098,1.35146,-2.999486,1.515896,112.786265
3,167,1786547932.31215,0,1,28.099693,-12.251069,29.014841,-13.525931,-4.750992,-0.682338,4.799741,-1.350256,-0.045098,1.351009,-2.998948,1.569321,117.499395
3,168,1786547932.35215,0,1,27.909517,-12.27995,28.960847,-13.527664,-4.754399,-0.722027,4.808912,-1.349865,-0.043331,1.35056,-2.990879,1.631589,121.482402
3,169,1786547932.39209,0,1,27.718729,-12.307052,28.906868,-13.529335,-4.769711,-0.677558,4.817595,-1.349466,-0.04178,1.350113,-3.000482,1.704597,126.103436
3,170,1786547932.43211,0,1,27.528144,-12.337688,28.852906,-13.530952,-4.76462,-0.765889,4.825784,-1.349061,-0.040431,1.349666,-2.982211,1.78294,128.857513
3,171,1786547932.47215,0,1,27.336968,-12.366539,28.79896,-13.532523,-4.779397,-0.721293,4.833518,-1.348648,-0.039268,1.34922,-2.991806,1.87001,132.844399
3,172,1786547932.51214,0,1,27.145977,-12.398408,28.74503,-13.534054,-4.774763,-0.79672,4.840778,-1.348229,-0.038275,1.348772,-2.976255,1.961291,135.144532
3,173,1786547932.55214,0,1,26.9544,-12.428359,28.691113,-13.535543,-4.789425,-0.748774,4.847603,-1.347933,-0.037218,1.348447,-2.986509,2.059618,138.596165
3,174,1786547932.59217,0,1,26.762673,-12.459056,28.637203,-13.536987,-4.793186,-0.767432,4.854234,-1.34775,-0.0361,1.348234,-2.982831,2.162359,141.003006
3,175,1786547932.63198,0,1,26.570358,-12.487638,28.583296,-13.538384,-4.807883,-0.714543,4.86069,-1.347672,-0.034928,1.348124,-2.994053,2.27068,143.982255
3,176,1786547932.67201,0,1,26.378239,-12.519109,28.529389,-13.539732,-4.802964,-0.786763,4.866976,-1.347688,-0.033705,1.34811,-2.979227,2.380991,145.314898
3,177,1786547932.71202,0,1,26.185484,-12.548103,28.475477,-13.541029,-4.818886,-0.724858,4.873097,-1.347793,-0.032437,1.348184,-2.992292,2.495991,148.004442
3,178,1786547932.75196,0,1,25.992945,-12.579992,28.421558,-13.542275,-4.81348,-0.797231,4.879053,-1.347979,-0.031128,1.348338,-2.977458,2.612307,148.980962
3,179,1786547932.79195,0,1,25.799776,-12.609398,28.367628,-13.543466,-4.82922,-0.735137,4.884854,-1.348239,-0.029781,1.348568,-2.990525,2.732462,151.355401
3,180,1786547932.83196,0,1,25.606842,-12.641704,28.313685,-13.544602,-4.823344,-0.807654,4.890496,-1.348568,-0.0284,1.348867,-2.975685,2.853459,152.047485
3,181,1786547932.87201,0,1,25.413285,-12.671519,28.259727,-13.545681,-4.838919,-0.745382,4.895991,-1.34896,-0.026987,1.34923,-2.988755,2.977649,154.170954
3,182,1786547932.91203,0,1,25.219822,-12.703284,28.205751,-13.546703,-4.836576,-0.794109,4.901334,-1.34941,-0.025547,1.349651,-2.978856,3.102761,154.902781
3,183,1786547932.95195,0,1,25.025719,-12.732311,28.151754,-13.547666,-4.852575,-0.725679,4.906536,-1.349913,-0.024082,1.350128,-2.993148,3.230619,156.876108
3,184,1786547932.99202,0,1,24.83183,-12.764014,28.097736,-13.54857,-4.84723,-0.792581,4.911601,-1.350465,-0.022594,1.350654,-2.979515,3.358819,157.205637
3,185,1786547933.03205,0,1,24.637312,-12.792971,28.043693,-13.549414,-4.862939,-0.723932,4.916528,-1.351062,-0.021086,1.351227,-2.993811,3.48936,159.012431
3,186,1786547933.07202,0,1,24.443018,-12.824609,27.989625,-13.550196,-4.85735,-0.790944,4.921325,-1.351701,-0.01956,1.351843,-2.980175,3.620068,159.189065
3,187,1786547933.11205,0,1,24.248107,-12.853492,27.93553,-13.550917,-4.87278,-0.722087,4.925992,-1.352378,-0.018018,1.352498,-2.994475,3.752797,160.860621
3,188,1786547933.15203,0,1,24.053429,-12.885061,27.881406,-13.551575,-4.866962,-0.789206,4.930534,-1.353091,-0.016463,1.353191,-2.980836,3.88557,160.912206
3,189,1786547933.19196,0,1,23.858144,-12.913867,27.827253,-13.552171,-4.882125,-0.720151,4.934953,-1.353835,-0.014895,1.353917,-2.995141,4.020107,162.47297
3,190,1786547933.23202,0,1,23.6631,-12.945361,27.773069,-13.552704,-4.876093,-0.78737,4.939254,-1.354609,-0.013317,1.354675,-2.981499,4.154601,162.421372
3,191,1786547933.27197,0,1,23.46746,-12.974087,27.718852,-13.553173,-4.890999,-0.718128,4.943438,-1.355411,-0.011729,1.355462,-2.995808,4.29065,163.890566
3,192,1786547933.31196,0,1,23.272069,-13.005504,27.664603,-13.553578,-4.884765,-0.785443,4.947509,-1.356238,-0.010135,1.356276,-2.982163,4.426594,163.75308
3,193,1786547933.35201,0,1,23.076093,-13.034145,27.610319,-13.55392,-4.899423,-0.716023,4.951468,-1.357088,-0.008534,1.357115,-2.996476,4.563921,165.145936
3,194,1786547933.39203,0,1,22.880276,-13.064876,27.556001,-13.554197,-4.895403,-0.768263,4.95532,-1.357959,-0.006928,1.357977,-2.985927,4.701259,165.106665
3,195,1786547933.4319,0,1,22.683871,-13.09267,27.501647,-13.554409,-4.910144,-0.694849,4.959066,-1.35885,-0.005318,1.35886,-3.001013,4.839852,166.470838
3,196,1786547933.47204,0,1,22.487695,-13.123013,27.447256,-13.554558,-4.904392,-0.758591,4.962714,-1.359759,-0.003706,1.359764,-2.988133,4.978301,166.234476
3,197,1786547933.51204,0,1,22.290943,-13.150413,27.392829,-13.554641,-4.918791,-0.684983,4.966257,-1.360684,-0.002092,1.360686,-3.003224,5.117874,167.541911
3,198,1786547933.55196,0,1,22.094424,-13.180365,27.338374,-13.55467,-4.912972,-0.748807,4.969708,-1.361375,-0.000704,1.361376,-2.990342,5.257291,167.251246
3,199,1786547933.59195,0,1,21.897345,-13.207365,27.2839,-13.554651,-4.926984,-0.675009,4.973008,-1.361852,0.000476,1.361852,-3.005438,5.397738,168.510005
3,200,1786547933.63197,0,1,21.700428,-13.236404,27.229415,-13.554592,-4.922929,-0.725969,4.976169,-1.36213,0.001464,1.36213,-2.995181,5.538135,168.31755
3,201,1786547933.67203,0,1,21.502958,-13.262353,27.174926,-13.554501,-4.936748,-0.648717,4.979188,-1.362225,0.002274,1.362227,-3.010936,5.679487,169.56535
3,202,1786547933.71201,0,1,21.305706,-13.290731,27.12044,-13.554384,-4.931308,-0.709454,4.98208,-1.362154,0.00292,1.362157,-2.998706,5.820708,169.217039
3,203,1786547933.75195,0,1,21.107921,-13.316011,27.065962,-13.554248,-4.944609,-0.632006,4.984836,-1.361928,0.003416,1.361932,-3.014465,5.962802,170.426313
3,204,1786547933.79204,0,1,20.909981,-13.340902,27.0115,-13.554097,-4.9485,-0.622272,4.987472,-1.36156,0.003772,1.361565,-3.0165,6.105242,170.831525
3,205,1786547933.83198,0,1,20.711773,-13.36443,26.957058,-13.553937,-4.955198,-0.588212,4.989988,-1.361061,0.004,1.361067,-3.023439,6.248159,171.492278
3,206,1786547933.87197,0,1,20.51376,-13.390301,26.90264,-13.553772,-4.950323,-0.646759,4.992394,-1.360443,0.00411,1.360449,-3.011679,6.390971,171.090773
3,207,1786547933.91196,0,1,20.315263,-13.412963,26.848251,-13.553608,-4.962441,-0.566554,4.994678,-1.359714,0.004111,1.35972,-3.027916,6.534502,172.253537
3,208,1786547933.95199,0,1,20.116959,-13.437969,26.793896,-13.553447,-4.9576,-0.625148,4.99686,-1.358883,0.004011,1.358889,-3.016156,6.677936,171.822159
3,209,1786547933.99202,0,1,19.918193,-13.45976,26.739578,-13.553295,-4.969152,-0.544774,4.998925,-1.357959,0.003819,1.357964,-3.032397,6.822026,172.957986
3,210,1786547934.03195,0,1,19.719618,-13.483896,26.6853,-13.553153,-4.964357,-0.603413,5.000895,-1.356948,0.003543,1.356953,-3.020637,6.966026,172.500106
3,211,1786547934.07204,0,1,19.520604,-13.504812,26.631065,-13.553025,-4.975352,-0.522884,5.002753,-1.355859,0.003188,1.355863,-3.036882,7.110625,173.612029
3,212,1786547934.11205,0,1,19.321137,-13.521696,26.576878,-13.552915,-4.986689,-0.422115,5.004523,-1.354697,0.002762,1.354699,-3.057146,7.255808,174.915018
3,213,1786547934.15196,0,1,19.124615,-13.53987,26.522739,-13.552824,-4.913056,-0.454341,4.934019,-1.353467,0.002269,1.353469,-3.049379,7.398136,174.616198
3,214,1786547934.19197,0,1,18.931125,-13.560061,26.468652,-13.552756,-4.837229,-0.504784,4.863496,-1.352176,0.001717,1.352178,-3.037615,7.53753,174.098054
3,215,1786547934.23195,0,1,18.740777,-13.582943,26.414619,-13.552711,-4.758703,-0.57204,4.792962,-1.350829,0.001109,1.350829,-3.021957,7.673901,173.371129
3,216,1786547934.27196,0,1,18.553704,-13.609132,26.360642,-13.552693,-4.676822,-0.654712,4.722427,-1.349429,0.000451,1.349429,-3.002506,7.807141,172.445112
3,217,1786547934.31202,0,1,18.370072,-13.639187,26.306722,-13.552703,-4.590811,-0.751395,4.651896,-1.347981,-0.000254,1.347981,-2.979357,7.937121,171.328921
3,218,1786547934.35195,0,1,18.19008,-13.673614,26.252863,-13.552743,-4.499809,-0.860671,4.581379,-1.346489,-0.001001,1.34649,-2.952607,8.063689,170.030783
3,219,1786547934.39197,0,1,18.013964,-13.712858,26.199064,-13.552815,-4.402901,-0.981089,4.510884,-1.344957,-0.001786,1.344958,-2.922347,8.186665,168.558286
3,220,1786547934.43196,0,1,17.841998,-13.757304,26.145329,-13.552919,-4.299147,-1.111163,4.440422,-1.343387,-0.002606,1.343389,-2.888666,8.305846,166.918437
3,221,1786547934.47202,0,1,17.67432,-13.806694,26.091658,-13.553057,-4.191939,-1.234738,4.370003,-1.341783,-0.003458,1.341787,-2.855143,8.421158,165.313588
3,222,1786547934.51202,0,1,17.510625,-13.859448,26.038052,-13.553231,-4.09237,-1.318847,4.299634,-1.340147,-0.004339,1.340154,-2.829832,8.532923,164.194022
3,223,1786547934.55194,0,1,17.350974,-13.915404,25.984508,-13.553441,-3.991289,-1.398917,4.229345,-1.338588,-0.005245,1.338599,-2.804479,8.641119,163.085556
3,224,1786547934.59195,0,1,17.19542,-13.974401,25.931024,-13.553688,-3.888833,-1.474922,4.159137,-1.337101,-0.006175,1.337116,-2.779083,8.745729,161.986986
3,225,1786547934.63197,0,1,17.044015,-14.036275,25.877597,-13.553973,-3.785146,-1.54685,4.089019,-1.33568,-0.007126,1.335699,-2.75364,8.846739,160.897152
3,226,1786547934.67205,0,1,16.8968,-14.100863,25.824224,-13.554297,-3.680374,-1.61469,4.019002,-1.334319,-0.008096,1.334344,-2.728151,8.94414,159.814974
3,227,1786547934.71203,0,1,16.753813,-14.168,25.770904,-13.55466,-3.574662,-1.678438,3.949096,-1.333014,-0.009082,1.333045,-2.702611,9.037926,158.739436
3,228,1786547934.75202,0,1,16.615087,-14.237524,25.717633,-13.555063,-3.468154,-1.738095,3.879313,-1.33176,-0.010083,1.331799,-2.677019,9.128094,157.669576
3,229,1786547934.79196,0,1,16.480647,-14.309271,25.664411,-13.555507,-3.360994,-1.793669,3.809663,-1.330554,-0.011096,1.3306,-2.651372,9.214645,156.604482
3,230,1786547934.83202,0,1,16.350514,-14.383078,25.611235,-13.555992,-3.253328,-1.845169,3.740159,-1.32939,-0.012121,1.329445,-2.625668,9.297582,155.543283
3,231,1786547934.87202,0,1,16.224702,-14.458782,25.558105,-13.556518,-3.145296,-1.892613,3.670813,-1.328266,-0.013156,1.328331,-2.599903,9.376912,154.485148
3,232,1786547934.91202,0,1,16.103221,-14.536223,25.505018,-13.557086,-3.037042,-1.936022,3.60164,-1.327179,-0.014198,1.327255,-2.574077,9.452645,153.429278
3,233,1786547934.95203,0,1,15.986072,-14.61524,25.451973,-13.557696,-2.928707,-1.975425,3.532652,-1.326126,-0.015248,1.326214,-2.548184,9.524792,152.374903
3,234,1786547934.99195,0,1,15.873255,-14.695674,25.398968,-13.558348,-2.82043,-2.010853,3.463864,-1.325104,-0.016303,1.325204,-2.522222,9.593369,151.321278
3,235,1786547935.03192,0,1,15.764761,-14.777368,25.346004,-13.559043,-2.712349,-2.042344,3.395292,-1.32411,-0.017362,1.324224,-2.496187,9.658392,150.267678
4,0,1786547938.28323,0,1,53.28,-13.199968,37.597264,-13.400031,-0.499999,0.000796,0.5,-0.068396,-0.000787,0.068401,3.14,15.684012,0.82213
4,0,1786547938.32327,0,1,53.28,-13.199968,37.591392,-13.400094,-0.499999,0.000796,0.5,-0.146792,-0.001558,0.146801,3.14,15.689884,0.822084
4,1,1786547938.36325,0,1,53.257175,-13.20009,37.582385,-13.400186,-0.570631,-0.003057,0.570639,-0.225189,-0.002313,0.225201,-3.136235,15.676067,0.424416
4,2,1786547938.40326,0,1,53.231524,-13.200096,37.570242,-13.400308,-0.641279,-0.000142,0.641279,-0.303585,-0.003051,0.3036,-3.14137,15.662562,0.719695
4,3,1786547938.4432,0,1,53.203047,-13.200032,37.554962,-13.400459,-0.711917,0.001608,0.711919,-0.381982,-0.003771,0.382,3.139334,15.649368,0.863213
4,4,1786547938.4832,0,1,53.171745,-13.199888,37.536547,-13.400638,-0.78255,0.003592,0.782558,-0.460379,-0.004471,0.4604,3.137003,15.636487,0.998596
4,5,1786547938.52326,0,1,53.137618,-13.199664,37.514996,-13.400844,-0.853179,0.005606,0.853197,-0.538776,-0.005151,0.5388,3.135022,15.623917,1.114251
4,6,1786547938.56327,0,1,53.100666,-13.199355,37.490309,-13.401076,-0.923802,0.007717,0.923835,-0.617173,-0.00581,0.6172,3.13324,15.61166,1.218948
4,7,1786547938.60324,0,1,53.060889,-13.198958,37.462486,-13.401334,-0.994421,0.009942,0.99447,-0.69557,-0.006444,0.6956,3.131596,15.599715,1.316117
4,8,1786547938.64327,0,1,53.018288,-13.198465,37.431744,-13.401615,-1.065033,0.012304,1.065104,-0.768554,-0.007011,0.768586,3.13004,15.587867,1.408646
4,9,1786547938.68325,0,1,52.972862,-13.197872,37.398315,-13.401915,-1.135638,0.014826,1.135735,-0.835723,-0.007509,0.835757,3.128538,15.575883,1.498581
4,10,1786547938.72325,0,1,52.924613,-13.197171,37.362414,-13.402233,-1.206236,0.017528,1.206363,-0.897542,-0.007944,0.897577,3.127062,15.56355,1.587456
4,11,1786547938.76328,0,1,52.87354,-13.196354,37.324236,-13.402566,-1.276825,0.020429,1.276989,-0.95444,-0.008321,0.954476,3.125594,15.550671,1.676439
4,12,1786547938.80328,0,1,52.819643,-13.195412,37.283964,-13.402911,-1.347405,0.023547,1.34761,-1.006809,-0.008644,1.006846,3.124118,15.537065,1.766424
4,13,1786547938.84324,0,1,52.762924,-13.194336,37.241763,-13.403268,-1.417973,0.026902,1.418228,-1.055013,-0.008917,1.055051,3.122623,15.522568,1.858109
4,14,1786547938.88328,0,1,52.703383,-13.193116,37.197788,-13.403634,-1.48853,0.030509,1.488842,-1.099385,-0.009146,1.099423,3.121099,15.507025,1.952043
4,15,1786547938.92324,0,1,52.64102,-13.19174,37.152178,-13.404007,-1.559073,0.034387,1.559452,-1.14023,-0.009333,1.140268,3.11954,15.490296,2.04866
4,16,1786547938.96333,0,1,52.575836,-13.190198,37.105065,-13.404387,-1.629601,0.038549,1.630057,-1.177832,-0.009482,1.17787,3.117942,15.472254,2.148304
4,17,1786547939.00327,0,1,52.507832,-13.188478,37.056567,-13.40477,-1.700113,0.043012,1.700657,-1.212449,-0.009596,1.212487,3.116298,15.452778,2.251251
4,18,1786547939.0433,0,1,52.437008,-13.186566,37.006794,-13.405158,-1.770608,0.047791,1.771253,-1.244321,-0.009678,1.244359,3.114608,15.431761,2.357722
4,19,1786547939.08333,0,1,52.363364,-13.18445,36.955848,-13.405547,-1.841083,0.052898,1.841843,-1.273668,-0.009731,1.273705,3.112869,15.409103,2.467894
4,20,1786547939.12334,0,1,52.286903,-13.182116,36.90382,-13.405937,-1.911538,0.058347,1.912428,-1.30069,-0.009756,1.300726,3.111079,15.384711,2.581906
4,21,1786547939.16334,0,1,52.207624,-13.17955,36.850797,-13.406327,-1.98197,0.06415,1.983008,-1.325574,-0.009757,1.32561,3.109237,15.358501,2.699871
4,22,1786547939.20336,0,1,52.125529,-13.176738,36.796857,-13.406717,-2.052378,0.070319,2.053582,-1.348492,-0.009735,1.348527,3.107344,15.330396,2.821876
4,23,1786547939.24327,0,1,52.040618,-13.173663,36.742068,-13.407112,-2.122759,0.076865,2.124151,-1.369739,-0.009893,1.369775,3.105398,15.300332,2.948018
4,24,1786547939.2832,0,1,51.952891,-13.170373,36.68649,-13.407521,-2.193179,0.082245,2.194721,-1.389451,-0.010217,1.389489,3.10411,15.268243,3.037563
4,25,1786547939.32321,0,1,51.862393,-13.166846,36.63018,-13.407949,-2.262469,0.08819,2.264187,-1.40775,-0.010694,1.40779,3.102633,15.234121,3.139056
4,26,1786547939.36319,0,1,51.769201,-13.163076,36.57319,-13.408401,-2.329792,0.094228,2.331697,-1.424748,-0.01131,1.424793,3.10117,15.197991,3.24096
4,27,1786547939.40324,0,1,51.673393,-13.159058,36.515568,-13.408884,-2.395197,0.100459,2.397303,-1.44055,-0.012056,1.440601,3.099676,15.159884,3.345917
4,28,1786547939.44328,0,1,51.575044,-13.154785,36.457358,-13.4094,-2.458736,0.106839,2.461056,-1.455252,-0.01292,1.455309,3.098167,15.11983,3.452996
4,29,1786547939.48326,0,1,51.474225,-13.15025,36.3986,-13.409956,-2.520458,0.113363,2.523006,-1.468941,-0.013893,1.469007,3.096646,15.077862,3.562203
4,30,1786547939.52326,0,1,51.371009,-13.145449,36.339332,-13.410555,-2.580413,0.120016,2.583202,-1.481699,-0.014966,1.481775,3.095116,15.034014,3.673329
4,31,1786547939.56327,0,1,51.265463,-13.140378,36.279588,-13.4112,-2.638647,0.126786,2.641691,-1.4936,-0.01613,1.493687,3.09358,14.988321,3.786248
4,32,1786547939.60328,0,1,51.157655,-13.135032,36.2194,-13.411895,-2.695206,0.133659,2.698518,-1.504713,-0.017378,1.504813,3.092042,14.94082,3.900832
4,33,1786547939.64323,0,1,51.047649,-13.129407,36.158796,-13.412643,-2.750135,0.140622,2.753728,-1.5151,-0.018703,1.515216,3.090504,14.891547,4.016971
4,34,1786547939.68321,0,1,50.93551,-13.1235,36.097803,-13.413447,-2.803479,0.147664,2.807365,-1.52482,-0.020099,1.524953,3.08897,14.84054,4.134566
4,35,1786547939.72321,0,1,50.821299,-13.117309,36.036446,-13.414309,-2.855278,0.154772,2.85947,-1.533927,-0.021558,1.534078,3.08744,14.787836,4.25353
4,36,1786547939.76329,0,1,50.705076,-13.110832,35.974747,-13.415233,-2.905576,0.161935,2.910085,-1.542468,-0.023077,1.542641,3.085918,14.733474,4.373785
4,37,1786547939.80328,0,1,50.586899,-13.104066,35.912727,-13.416218,-2.954411,0.169142,2.959249,-1.55049,-0.02465,1.550686,3.084405,14.677492,4.495261
4,38,1786547939.84328,0,1,50.466826,-13.097011,35.850406,-13.417269,-3.001825,0.17638,3.007002,-1.558034,-0.026271,1.558256,3.082902,14.619928,4.6179
4,39,1786547939.88328,0,1,50.344912,-13.089665,35.787801,-13.418387,-3.047854,0.183641,3.053381,-1.565139,-0.027937,1.565388,3.081413,14.560823,4.741646
4,40,1786547939.92325,0,1,50.221211,-13.082029,35.724927,-13.419573,-3.092537,0.190912,3.098424,-1.571838,-0.029643,1.572118,3.079938,14.500213,4.866455
4,41,1786547939.96332,0,1,50.095774,-13.074101,35.6618,-13.420828,-3.135909,0.198186,3.142165,-1.578166,-0.031386,1.578478,3.078478,14.438138,4.992288
4,42,1786547940.00326,0,1,49.968654,-13.065883,35.598434,-13.422154,-3.178006,0.205452,3.18464,-1.584151,-0.033163,1.584498,3.077035,14.374635,5.119111
4,43,1786547940.04331,0,1,49.8399,-13.057375,35.534842,-13.423553,-3.218863,0.212701,3.225883,-1.589821,-0.034969,1.590205,3.075609,14.309744,5.2469
4,44,1786547940.08327,0,1,49.709559,-13.048578,35.471034,-13.425025,-3.258513,0.219924,3.265926,-1.595201,-0.036803,1.595626,3.074203,14.243501,5.375634
4,45,1786547940.12325,0,1,49.57768,-13.039494,35.407021,-13.426572,-3.296989,0.227115,3.304803,-1.600315,-0.03866,1.600782,3.072816,14.175944,5.505299
4,46,1786547940.16328,0,1,49.444307,-13.030123,35.342855,-13.428192,-3.334323,0.234265,3.342543,-1.60416,-0.040514,1.604672,3.071449,14.10707,5.635885
4,47,1786547940.20329,0,1,49.309485,-13.020469,35.27869,-13.429884,-3.370546,0.241366,3.379177,-1.604114,-0.04229,1.604672,3.070104,14.036767,5.767391
4,48,1786547940.24327,0,1,49.173257,-13.010532,35.214527,-13.431641,-3.405687,0.248414,3.414735,-1.60407,-0.043935,1.604672,3.068781,13.965081,5.899796
4,49,1786547940.28323,0,1,49.035627,-13.000827,35.150366,-13.43346,-3.440763,0.242627,3.449307,-1.604028,-0.04546,1.604672,3.071194,13.891999,5.818188
4,50,1786547940.32335,0,1,48.896646,-12.991156,35.086207,-13.435335,-3.474515,0.241769,3.482916,-1.603987,-0.046875,1.604672,3.072121,13.817581,5.822563
4,51,1786547940.36334,0,1,48.756341,-12.981691,35.022049,-13.437262,-3.507618,0.236622,3.51559,-1.603948,-0.04819,1.604672,3.074235,13.741846,5.759116
4,52,1786547940.40333,0,1,48.614752,-12.972402,34.957892,-13.439239,-3.539742,0.232231,3.547352,-1.603911,-0.049412,1.604672,3.07608,13.664836,5.711412
4,53,1786547940.44333,0,1,48.471908,-12.963367,34.893737,-13.441261,-3.571093,0.225872,3.578229,-1.603875,-0.050549,1.604672,3.078427,13.586578,5.634873
4,54,1786547940.48333,0,1,48.327845,-12.9546,34.829583,-13.443325,-3.601581,0.219188,3.608245,-1.603842,-0.051607,1.604672,3.080809,13.507106,5.556232
4,55,1786547940.52334,0,1,48.182594,-12.946148,34.765431,-13.445429,-3.631282,0.211293,3.637424,-1.60381,-0.052594,1.604672,3.083471,13.426449,5.461222
4,56,1786547940.56331,0,1,48.036186,-12.938035,34.70128,-13.447569,-3.660177,0.202814,3.665791,-1.603779,-0.053515,1.604672,3.086238,13.344638,5.359811
4,57,1786547940.60326,0,1,47.888654,-12.930298,34.63713,-13.449744,-3.688301,0.193445,3.69337,-1.60375,-0.054375,1.604672,3.089192,13.261701,5.247106
4,58,1786547940.64329,0,1,47.740028,-12.922959,34.572981,-13.451952,-3.715656,0.183472,3.720183,-1.603723,-0.05518,1.604672,3.092255,13.177669,5.127511
4,59,1786547940.68327,0,1,47.590338,-12.916047,34.508833,-13.454189,-3.742266,0.172792,3.746253,-1.603697,-0.055933,1.604672,3.095452,13.092569,4.999325
4,60,1786547940.72326,0,1,47.439612,-12.909585,34.444686,-13.456454,-3.76814,0.161562,3.771602,-1.603672,-0.056638,1.604672,3.098743,13.006428,4.864868
4,61,1786547940.76327,0,1,47.28788,-12.903594,34.38054,-13.458746,-3.793297,0.149755,3.796252,-1.603648,-0.0573,1.604672,3.102134,12.919273,4.723611
4,62,1786547940.80328,0,1,47.13517,-12.898095,34.316395,-13.461063,-3.817748,0.137476,3.820223,-1.603626,-0.057922,1.604672,3.105599,12.831131,4.576978
4,63,1786547940.84325,0,1,46.98151,-12.893106,34.252251,-13.463404,-3.841511,0.124727,3.843535,-1.603605,-0.058506,1.604672,3.109136,12.742027,4.424887
4,64,1786547940.88328,0,1,46.826926,-12.888643,34.188111,-13.465766,-3.864598,0.111583,3.866209,-1.603508,-0.059054,1.604595,3.112727,12.651985,4.26832
4,65,1786547940.92329,0,1,46.671445,-12.88472,34.123985,-13.468148,-3.887026,0.098062,3.888263,-1.603132,-0.059559,1.604238,3.11637,12.561016,4.107356
4,66,1786547940.96328,0,1,46.515092,-12.881352,34.059885,-13.470549,-3.908809,0.084222,3.909717,-1.602501,-0.060026,1.603625,3.120049,12.469135,3.942726
4,67,1786547941.00331,0,1,46.357894,-12.878548,33.99582,-13.472967,-3.929963,0.070083,3.930587,-1.601634,-0.060456,1.602774,3.123761,12.376356,3.774549
4,68,1786547941.04325,0,1,46.199874,-12.87632,33.931798,-13.475402,-3.950501,0.055695,3.950893,-1.600549,-0.060854,1.601706,3.127495,12.282694,3.603396
4,69,1786547941.08326,0,1,46.041056,-12.874677,33.867828,-13.47785,-3.970438,0.041076,3.970651,-1.599266,-0.06122,1.600437,3.131247,12.188163,3.429371
4,70,1786547941.1234,0,1,45.881465,-12.873627,33.803916,-13.480313,-3.98979,0.02627,3.989877,-1.597799,-0.061557,1.598984,3.135009,12.092777,3.252937
4,71,1786547941.16338,0,1,45.721122,-12.87317,33.740069,-13.482787,-4.00857,0.011402,4.008586,-1.596163,-0.061867,1.597361,3.138748,11.996552,3.075775
4,72,1786547941.20339,0,1,45.56005,-12.873322,33.676294,-13.485273,-4.026793,-0.003785,4.026795,-1.594371,-0.062153,1.595582,-3.140653,11.899502,2.893969
4,73,1786547941.24342,0,1,45.398271,-12.874078,33.612581,-13.487761,-4.044475,-0.018896,4.044519,-1.592837,-0.062193,1.594051,-3.136921,11.801657,2.713029
4,74,1786547941.28338,0,1,45.235809,-12.874774,33.548919,-13.490241,-4.061553,-0.017397,4.061591,-1.59154,-0.062009,1.592748,-3.137309,11.703085,2.769175
4,75,1786547941.3234,0,1,45.072693,-12.876082,33.485301,-13.492706,-4.077891,-0.032708,4.078022,-1.590461,-0.061617,1.591654,-3.133572,11.603788,2.586581
4,76,1786547941.36342,0,1,44.908944,-12.877172,33.421717,-13.495147,-4.093743,-0.027253,4.093833,-1.589582,-0.061034,1.590754,-3.134935,11.503837,2.69793
4,77,1786547941.4034,0,1,44.744592,-12.878993,33.358162,-13.497558,-4.108784,-0.045512,4.109037,-1.588888,-0.060275,1.590031,-3.130516,11.40322,2.474896
4,78,1786547941.44339,0,1,44.579651,-12.880306,33.294627,-13.499933,-4.12352,-0.032847,4.123651,-1.588363,-0.059356,1.589472,-3.133627,11.302022,2.686386
4,79,1786547941.4834,0,1,44.414161,-12.882695,33.231108,-13.502264,-4.137257,-0.059717,4.137688,-1.587995,-0.058288,1.589064,-3.12716,11.200203,2.344144
4,80,1786547941.52337,0,1,44.248119,-12.883953,33.167597,-13.504548,-4.151048,-0.031453,4.151167,-1.58777,-0.057083,1.588795,-3.134016,11.097888,2.771521
4,81,1786547941.56349,0,1,44.081587,-12.887208,33.10409,-13.506778,-4.163303,-0.081359,4.164098,-1.587677,-0.055754,1.588655,-3.122053,10.994968,2.110823
4,82,1786547941.60347,0,1,43.914531,-12.888408,33.040581,-13.50895,-4.176396,-0.030014,4.176504,-1.587705,-0.05431,1.588634,-3.134406,10.891642,2.854387
4,83,1786547941.64346,0,1,43.747037,-12.892123,32.977068,-13.511061,-4.187356,-0.092877,4.188386,-1.587846,-0.052761,1.588722,-3.119416,10.78774,2.018474
4,84,1786547941.68339,0,1,43.579054,-12.893773,32.913544,-13.513105,-4.199567,-0.041249,4.19977,-1.588089,-0.051116,1.588911,-3.131771,10.683477,2.760611
4,85,1786547941.72344,0,1,43.410679,-12.897906,32.850007,-13.51508,-4.209389,-0.103333,4.210657,-1.588426,-0.049382,1.589194,-3.117049,10.57869,1.938386
4,86,1786547941.76339,0,1,43.241848,-12.899953,32.786453,-13.516983,-4.220761,-0.051175,4.221071,-1.588851,-0.047568,1.589563,-3.129469,10.473587,2.682767
4,87,1786547941.80342,0,1,43.072658,-12.904068,32.722879,-13.51881,-4.229763,-0.102873,4.231014,-1.589356,-0.04568,1.590013,-3.117276,10.36802,2.00596
4,88,1786547941.84341,0,1,42.903048,-12.905983,32.659281,-13.520559,-4.240236,-0.04786,4.240506,-1.589935,-0.043725,1.590536,-3.130306,10.262186,2.786674
4,89,1786547941.8834,0,1,42.733122,-12.910342,32.595658,-13.522228,-4.248154,-0.108983,4.249552,-1.590581,-0.041709,1.591128,-3.115944,10.155914,1.98456
4,90,1786547941.92341,0,1,42.562809,-12.912491,32.532006,-13.523813,-4.257831,-0.053713,4.25817,-1.59129,-0.039637,1.591783,-3.128978,10.049414,2.764796
4,91,1786547941.9633,0,1,42.392217,-12.917095,32.468324,-13.525314,-4.26481,-0.115119,4.266363,-1.592056,-0.037514,1.592498,-3.114606,9.942513,1.960979
4,92,1786547942.00349,0,1,42.221267,-12.91948,32.404609,-13.526728,-4.273734,-0.059614,4.27415,-1.592875,-0.035346,1.593267,-3.127645,9.835422,2.740584
4,93,1786547942.04348,0,1,42.050075,-12.924331,32.34086,-13.528053,-4.279815,-0.121274,4.281532,-1.593742,-0.033136,1.594086,-3.113264,9.727967,1.934981
4,94,1786547942.08343,0,1,41.878554,-12.926953,32.277073,-13.529289,-4.288027,-0.065555,4.288528,-1.594654,-0.030888,1.594953,-3.126306,9.620355,2.713805
4,95,1786547942.12342,0,1,41.706823,-12.932026,32.213249,-13.530433,-4.293264,-0.126815,4.295137,-1.595607,-0.028607,1.595863,-3.112063,9.512415,1.914834
4,96,1786547942.1634,0,1,41.534791,-12.934856,32.149385,-13.531485,-4.300795,-0.070762,4.301377,-1.596598,-0.026296,1.596814,-3.125141,9.404351,2.694772
4,97,1786547942.2034,0,1,41.362571,-12.939745,32.08548,-13.532443,-4.305514,-0.12221,4.307248,-1.597623,-0.023958,1.597803,-3.113216,9.296004,2.029685
4,98,1786547942.24339,0,1,41.190079,-12.942289,32.021536,-13.53332,-4.312295,-0.063622,4.312765,-1.598601,-0.02192,1.598751,-3.12684,9.187573,2.843091
4,99,1786547942.28339,0,1,41.017386,-12.945583,31.957555,-13.534126,-4.317332,-0.082333,4.318117,-1.599534,-0.020159,1.599661,-3.122525,9.078927,2.6243
4,100,1786547942.32336,0,1,40.844454,-12.946155,31.893538,-13.534872,-4.32329,-0.014315,4.323314,-1.600427,-0.018653,1.600536,-3.138282,8.970256,3.573309
4,101,1786547942.36334,0,1,40.671339,-12.948754,31.829487,-13.535568,-4.327875,-0.06498,4.328362,-1.601283,-0.017383,1.601377,-3.126579,8.861304,2.936823
4,102,1786547942.40336,0,1,40.498009,-12.948624,31.765402,-13.536221,-4.333251,0.003261,4.333252,-1.602104,-0.01633,1.602188,3.14084,8.752353,3.892617
4,103,1786547942.44342,0,1,40.32449,-12.949296,31.701287,-13.53684,-4.337967,-0.016805,4.337999,-1.602894,-0.015477,1.602969,-3.137719,8.643197,3.675869
4,104,1786547942.48338,0,1,40.150802,-12.946953,31.63714,-13.537432,-4.3422,0.05859,4.342595,-1.603655,-0.014809,1.603723,3.1281,8.534114,4.740553
4,105,1786547942.5234,0,1,39.976921,-12.946365,31.572965,-13.538005,-4.347038,0.01468,4.347062,-1.604389,-0.01431,1.604453,3.138216,8.424756,4.220464
4,106,1786547942.56341,0,1,39.802903,-12.942753,31.50878,-13.538563,-4.350433,0.090304,4.35137,-1.604611,-0.013964,1.604672,3.120838,8.315496,5.297944
4,107,1786547942.60346,0,1,39.628691,-12.940899,31.444596,-13.539114,-4.355307,0.046354,4.355553,-1.604613,-0.01376,1.604672,3.13095,8.205929,4.790375
4,108,1786547942.64344,0,1,39.454377,-12.936012,31.380411,-13.539661,-4.357861,0.122187,4.359574,-1.604613,-0.013689,1.604672,3.113562,8.0965,5.881817
4,109,1786547942.68342,0,1,39.279866,-12.932884,31.316227,-13.540211,-4.362772,0.078202,4.363473,-1.604613,-0.01374,1.604672,3.12367,7.986764,5.38798
4,110,1786547942.72343,0,1,39.105287,-12.926715,31.252042,-13.540767,-4.36448,0.154221,4.367204,-1.604612,-0.013904,1.604672,3.106272,7.877214,6.494642
4,111,1786547942.76342,0,1,38.930525,-12.921732,31.187858,-13.541334,-4.369041,0.124558,4.370816,-1.604609,-0.01417,1.604672,3.113091,7.767419,6.208321
4,112,1786547942.80345,0,1,38.755745,-12.913572,31.123674,-13.541915,-4.369498,0.203999,4.374258,-1.604606,-0.014531,1.604672,3.094939,7.657893,7.379533
4,113,1786547942.8434,0,1,38.580763,-12.907044,31.05949,-13.542514,-4.374547,0.163207,4.377591,-1.604602,-0.014979,1.604672,3.104302,7.548071,6.966046
4,114,1786547942.88349,0,1,38.405803,-12.897332,30.995306,-13.543134,-4.373999,0.242796,4.380733,-1.604597,-0.015507,1.604672,3.086141,7.438584,8.157741
4,115,1786547942.92352,0,1,38.230639,-12.889253,30.931122,-13.543779,-4.379115,0.201993,4.383771,-1.604591,-0.016107,1.604672,3.095499,7.328802,7.764821
4,116,1786547942.96348,0,1,38.055537,-12.877984,30.866939,-13.54445,-4.377547,0.281705,4.386602,-1.604584,-0.016775,1.604672,3.077329,7.219426,8.97887
4,117,1786547943.00352,0,1,37.880228,-12.868349,30.802756,-13.54515,-4.382719,0.240892,4.389335,-1.604576,-0.017503,1.604672,3.086684,7.109759,8.608491
4,118,1786547943.04348,0,1,37.705023,-12.855521,30.738573,-13.545881,-4.380117,0.320699,4.391842,-1.604568,-0.018287,1.604672,3.068506,7.000573,9.846966
4,119,1786547943.0835,0,1,37.52961,-12.844326,30.674391,-13.546646,-4.385334,0.279878,4.394256,-1.604558,-0.019122,1.604672,3.077858,6.891102,9.501317
4,120,1786547943.1234,0,1,37.354343,-12.829936,30.610209,-13.547446,-4.381681,0.359751,4.396424,-1.604547,-0.020003,1.604672,3.059673,6.782194,10.76652
4,121,1786547943.16333,0,1,37.179032,-12.815068,30.546027,-13.548283,-4.382776,0.371682,4.398508,-1.604535,-0.020926,1.604672,3.05699,6.673406,11.155266
4,122,1786547943.20343,0,1,37.003995,-12.796526,30.481847,-13.549159,-4.375927,0.463549,4.400411,-1.604522,-0.021888,1.604672,3.036055,6.56543,12.629492
4,123,1786547943.24347,0,1,36.828764,-12.779138,30.417666,-13.550069,-4.380766,0.43471,4.402282,-1.60451,-0.02276,1.604672,3.042685,6.457283,12.523863
4,124,1786547943.2834,0,1,36.653296,-12.76352,30.353486,-13.551011,-4.386686,0.390443,4.404027,-1.604499,-0.02355,1.604672,3.05282,6.348839,12.211437
4,125,1786547943.32348,0,1,36.478065,-12.744845,30.289307,-13.551982,-4.380791,0.466884,4.4056,-1.604488,-0.024264,1.604672,3.035418,6.24117,13.513918
4,126,1786547943.3634,0,1,36.302588,-12.72794,30.225128,-13.552978,-4.386924,0.422623,4.407234,-1.604478,-0.024908,1.604672,3.045552,6.133206,13.23358
4,127,1786547943.40342,0,1,36.12684,-12.713428,30.160949,-13.553998,-4.393699,0.362805,4.408653,-1.604469,-0.025486,1.604672,3.059206,6.024817,12.74038
4,128,1786547943.4434,0,1,35.951265,-12.696474,30.09677,-13.555038,-4.389374,0.423835,4.40979,-1.604461,-0.026004,1.604672,3.045332,5.917114,13.858313
4,129,1786547943.4834,0,1,35.77543,-12.681916,30.032592,-13.556096,-4.395878,0.363956,4.410919,-1.604453,-0.026467,1.604672,3.058986,5.808991,13.388169
4,130,1786547943.52343,0,1,35.599783,-12.664917,29.968414,-13.557171,-4.39118,0.424985,4.411698,-1.604447,-0.026877,1.604672,3.045112,5.701616,14.53127
4,131,1786547943.56339,0,1,35.423889,-12.650315,29.904237,-13.558261,-4.397334,0.365048,4.41246,-1.604441,-0.027241,1.604672,3.058767,5.59383,14.086695
4,132,1786547943.60344,0,1,35.248202,-12.633272,29.840059,-13.559363,-4.39218,0.426058,4.412796,-1.604435,-0.02756,1.604672,3.044891,5.486862,15.257662
4,133,1786547943.6434,0,1,35.072286,-12.61863,29.775882,-13.560477,-4.397901,0.366068,4.41311,-1.60443,-0.027838,1.604672,3.058547,5.379495,14.841532
4,134,1786547943.68345,0,1,34.896598,-12.601548,29.711705,-13.5616,-4.392208,0.427036,4.412919,-1.604426,-0.028079,1.604672,3.044671,5.273027,16.043446
4,135,1786547943.72334,0,1,34.720701,-12.586868,29.647528,-13.562732,-4.397416,0.367002,4.412704,-1.604422,-0.028285,1.604672,3.058327,5.166178,15.659051
4,136,1786547943.7634,0,1,34.545057,-12.569752,29.583351,-13.56387,-4.391102,0.427903,4.411902,-1.604419,-0.028459,1.604672,3.044452,5.060315,16.895434
4,137,1786547943.8034,0,1,34.36977,-12.549584,29.519175,-13.565014,-4.382172,0.504197,4.411082,-1.604417,-0.028602,1.604672,3.02704,4.955741,18.387016
4,138,1786547943.84339,0,1,34.194316,-12.531196,29.454998,-13.566163,-4.386351,0.4597,4.410374,-1.604415,-0.028718,1.604672,3.037171,4.851009,18.301684
4,139,1786547943.88344,0,1,34.018678,-12.51521,29.390822,-13.567315,-4.390949,0.399649,4.409099,-1.604413,-0.028809,1.604672,3.050826,4.745944,18.00856
4,140,1786547943.92345,0,1,33.843358,-12.496797,29.326645,-13.56847,-4.383013,0.460322,4.407119,-1.604412,-0.028875,1.604672,3.036952,4.642109,19.343108
4,141,1786547943.9634,0,1,33.668461,-12.475345,29.262469,-13.569627,-4.372401,0.536301,4.405168,-1.604411,-0.02892,1.604672,3.019546,4.539849,20.94062
4,142,1786547944.00336,0,1,33.493427,-12.455675,29.198292,-13.570785,-4.375863,0.491767,4.403409,-1.604411,-0.028944,1.604672,3.02968,4.437528,20.966006
4,143,1786547944.04339,0,1,33.318235,-12.438405,29.134116,-13.571943,-4.379796,0.431749,4.401025,-1.604411,-0.02895,1.604672,3.043333,4.334947,20.788279
4,144,1786547944.0834,0,1,33.143425,-12.418721,29.069939,-13.5731,-4.370253,0.492103,4.397872,-1.604411,-0.028938,1.604672,3.029462,4.233896,22.246739
4,145,1786547944.12346,0,1,32.969104,-12.396014,29.005763,-13.574257,-4.358027,0.567652,4.394841,-1.604411,-0.02891,1.604672,3.012068,4.13477,23.977669
4,146,1786547944.16345,0,1,32.794669,-12.37509,28.941586,-13.575411,-4.360866,0.523117,4.392129,-1.604412,-0.028867,1.604672,3.022206,4.035718,24.14333
4,147,1786547944.20342,0,1,32.620098,-12.356562,28.87741,-13.576564,-4.364293,0.463202,4.388805,-1.604413,-0.02881,1.604672,3.035854,3.936511,24.112771
4,148,1786547944.24342,0,1,32.445961,-12.335634,28.813233,-13.577711,-4.353407,0.523182,4.384732,-1.604415,-0.028684,1.604672,3.021989,3.839201,25.729031
4,149,1786547944.28339,0,1,32.272377,-12.311706,28.749057,-13.578851,-4.339619,0.598198,4.380654,-1.604419,-0.028496,1.604672,3.00461,3.744254,27.629385
4,150,1786547944.32342,0,1,32.09871,-12.28956,28.68488,-13.579981,-4.341654,0.553659,4.376813,-1.604423,-0.02825,1.604672,3.014755,3.649579,27.973767
4,151,1786547944.36334,0,1,31.924941,-12.269806,28.620702,-13.581099,-4.344228,0.49386,4.37221,-1.604428,-0.02795,1.604672,3.028397,3.554924,28.131386
4,152,1786547944.40337,0,1,31.75168,-12.247673,28.556525,-13.582203,-4.33154,0.553321,4.366739,-1.604434,-0.027602,1.604672,3.014539,3.462655,29.948647
4,153,1786547944.44338,0,1,31.579035,-12.222566,28.492347,-13.583291,-4.31611,0.627661,4.36151,-1.604441,-0.027208,1.604672,2.997182,3.373309,32.06375
4,154,1786547944.48343,0,1,31.406332,-12.199239,28.42817,-13.584362,-4.317574,0.583176,4.356781,-1.604448,-0.026773,1.604672,3.007335,3.284512,32.63522
4,155,1786547944.52342,0,1,31.233536,-12.178294,28.363991,-13.585414,-4.319914,0.523624,4.351533,-1.604456,-0.0263,1.604672,3.020969,3.195977,33.032846
4,156,1786547944.56343,0,1,31.061277,-12.15499,28.299813,-13.586446,-4.306457,0.582617,4.34569,-1.604464,-0.025793,1.604672,3.00712,3.110427,35.105519
4,157,1786547944.60345,0,1,30.888929,-12.134061,28.235634,-13.587456,-4.308719,0.523225,4.340371,-1.604473,-0.025253,1.604672,3.02075,3.025282,35.636355
4,158,1786547944.64344,0,1,30.717114,-12.110779,28.171454,-13.588443,-4.295354,0.582052,4.33461,-1.604482,-0.024683,1.604672,3.006906,2.943447,37.850633
4,159,1786547944.68342,0,1,30.545201,-12.089864,28.107275,-13.589407,-4.297826,0.522855,4.329514,-1.604491,-0.024087,1.604672,3.020532,2.862187,38.531492
4,160,1786547944.72345,0,1,30.37317,-12.071914,28.043095,-13.590346,-4.300795,0.448757,4.324144,-1.6045,-0.023466,1.604672,3.037626,2.781166,39.047777
4,161,1786547944.76343,0,1,30.201559,-12.052205,27.978914,-13.591258,-4.290267,0.492741,4.318471,-1.604509,-0.022823,1.604672,3.027243,2.703486,41.252145
4,162,1786547944.80334,0,1,30.030435,-12.030148,27.914734,-13.592145,-4.27809,0.551412,4.31348,-1.604519,-0.022159,1.604672,3.013407,2.629834,43.782478
4,163,1786547944.8435,0,1,29.859189,-12.010443,27.850553,-13.593004,-4.281147,0.492635,4.309398,-1.604528,-0.021476,1.604672,3.027026,2.557171,44.798005
4,164,1786547944.88341,0,1,29.687791,-11.993679,27.786371,-13.593835,-4.284953,0.419096,4.3054,-1.604537,-0.020776,1.604672,3.044096,2.485135,45.668701
4,165,1786547944.92342,0,1,29.516733,-11.975152,27.722189,-13.594637,-4.276468,0.463173,4.301477,-1.604546,-0.020061,1.604672,3.033706,2.417254,48.246125
4,166,1786547944.96341,0,1,29.345503,-11.959557,27.658007,-13.595411,-4.280735,0.389873,4.298453,-1.604555,-0.019331,1.604672,3.050767,2.350247,49.313655
4,167,1786547945.00341,0,1,29.1741,-11.947486,27.593824,-13.596154,-4.285069,0.301776,4.295682,-1.604564,-0.018589,1.604672,3.071284,2.28372,50.241807
4,168,1786547945.0434,0,1,29.002885,-11.934228,27.529642,-13.596868,-4.280381,0.33145,4.293195,-1.604573,-0.017835,1.604672,3.064312,2.221445,52.8841
4,169,1786547945.08343,0,1,28.831499,-11.924487,27.465471,-13.598327,-4.284659,0.24352,4.291574,-1.604257,-0.036483,1.604672,3.084818,2.160502,54.034897
4,170,1786547945.12344,0,1,28.660232,-11.913554,27.401316,-13.60034,-4.281674,0.273329,4.29039,-1.603883,-0.050318,1.604672,3.077842,2.104784,56.917176
4,171,1786547945.1634,0,1,28.488786,-11.906134,27.337178,-13.602853,-4.286158,0.185491,4.290169,-1.603441,-0.062831,1.604672,3.098343,2.050623,58.312271
4,172,1786547945.20342,0,1,28.317196,-11.902826,27.273075,-13.605827,-4.289749,0.08272,4.290546,-1.602584,-0.074359,1.604308,3.122312,1.997599,59.591997
4,173,1786547945.24341,0,1,28.14554,-11.904229,27.209032,-13.609236,-4.291394,-0.035093,4.291538,-1.601072,-0.085227,1.603338,-3.133415,1.945275,60.752832
4,174,1786547945.28341,0,1,27.973813,-11.905607,27.145035,-13.612938,-4.293165,-0.034439,4.293304,-1.599922,-0.092541,1.602596,-3.133571,1.897855,63.647384
4,175,1786547945.32325,0,1,27.802003,-11.908663,27.081082,-13.616842,-4.295252,-0.076393,4.295931,-1.598821,-0.097605,1.601797,-3.123809,1.854078,66.099371
4,176,1786547945.36345,0,1,27.630201,-11.916359,27.01719,-13.620919,-4.29506,-0.192424,4.299369,-1.597301,-0.101932,1.60055,-3.096821,1.811438,67.654702
4,177,1786547945.40341,0,1,27.458226,-11.923959,26.953339,-13.625059,-4.299364,-0.189982,4.303559,-1.596288,-0.103495,1.599639,-3.097433,1.774445,70.938921
4,178,1786547945.4434,0,1,27.286325,-11.936214,26.889538,-13.629234,-4.297528,-0.30639,4.308436,-1.595011,-0.10437,1.598422,-3.070419,1.738895,72.731895
4,179,1786547945.48342,0,1,27.114196,-11.948385,26.825768,-13.633357,-4.303238,-0.304257,4.313981,-1.594271,-0.103087,1.597601,-3.071006,1.709481,76.242128
4,180,1786547945.52338,0,1,26.942217,-11.96523,26.762031,-13.637407,-4.299461,-0.421126,4.320036,-1.593402,-0.101239,1.596615,-3.043956,1.681857,78.255628
4,181,1786547945.56342,0,1,26.769967,-11.982005,26.69831,-13.641321,-4.306255,-0.419372,4.326627,-1.593036,-0.097854,1.596038,-3.044512,1.660863,81.964932
4,182,1786547945.60343,0,1,26.59796,-12.003474,26.634605,-13.645085,-4.300171,-0.536735,4.333538,-1.592633,-0.094088,1.59541,-3.017418,1.64202,84.164065
4,183,1786547945.6434,0,1,26.425653,-12.02489,26.570899,-13.648659,-4.307684,-0.535396,4.340828,-1.592645,-0.089364,1.59515,-3.017938,1.630253,88.026621
4,184,1786547945.68341,0,1,26.253342,-12.048572,26.507186,-13.652029,-4.307758,-0.592056,4.348253,-1.592819,-0.084241,1.595045,-3.005009,1.623425,91.170188
4,185,1786547945.72345,0,1,26.080702,-12.07207,26.443456,-13.655177,-4.316019,-0.58744,4.355813,-1.593244,-0.078705,1.595186,-3.006317,1.624137,95.15528
4,186,1786547945.76342,0,1,25.908389,-12.099837,26.379709,-13.658105,-4.307812,-0.694176,4.363385,-1.593674,-0.073206,1.595355,-2.981823,1.627988,97.674532
4,187,1786547945.80338,0,1,25.73569,-12.12712,26.315939,-13.660809,-4.317477,-0.682074,4.371022,-1.594262,-0.067602,1.595694,-2.984908,1.639784,101.746023
4,188,1786547945.84337,0,1,25.562817,-12.155223,26.252143,-13.663292,-4.321818,-0.702588,4.378555,-1.59491,-0.062071,1.596117,-2.980435,1.658144,105.331067
4,189,1786547945.88334,0,1,25.389819,-12.184388,26.188319,-13.66556,-4.324964,-0.729111,4.385991,-1.595581,-0.056696,1.596588,-2.974581,1.682699,108.760059
4,190,1786547945.92347,0,1,25.216485,-12.213325,26.124469,-13.66762,-4.333337,-0.723435,4.39331,-1.596266,-0.051507,1.597097,-2.976172,1.71447,112.500513
4,191,1786547945.9634,0,1,25.043372,-12.245178,26.060592,-13.669483,-4.327827,-0.796322,4.400479,-1.596916,-0.046572,1.597595,-2.959628,1.750252,115.10809
4,192,1786547946.00341,0,1,24.869746,-12.27577,25.99669,-13.671158,-4.340664,-0.764816,4.407529,-1.597554,-0.041868,1.598102,-2.967185,1.79363,118.93224
4,193,1786547946.04339,0,1,24.695837,-12.306342,25.932764,-13.672655,-4.347726,-0.764289,4.414393,-1.598158,-0.037417,1.598596,-2.96758,1.843041,122.184453
4,194,1786547946.08339,0,1,24.52189,-12.338223,25.868815,-13.673984,-4.348654,-0.797021,4.42109,-1.598718,-0.033224,1.599064,-2.960325,1.896961,124.852529
4,195,1786547946.12342,0,1,24.347338,-12.368183,25.804845,-13.675154,-4.363815,-0.749014,4.427629,-1.599241,-0.029273,1.599509,-2.971607,1.957677,128.377432
4,196,1786547946.16341,0,1,24.173046,-12.401027,25.740857,-13.676177,-4.357307,-0.821079,4.433993,-1.599717,-0.025568,1.599921,-2.95534,2.020901,130.205926
4,197,1786547946.20338,0,1,23.998149,-12.431945,25.67685,-13.677061,-4.372409,-0.772957,4.440206,-1.600152,-0.022089,1.600304,-2.96662,2.09006,133.409962
4,198,1786547946.24328,0,1,23.823542,-12.465752,25.612828,-13.677814,-4.365177,-0.84518,4.446246,-1.600568,-0.018822,1.600678,-2.95034,2.161166,134.92835
4,199,1786547946.28328,0,1,23.648338,-12.497629,25.548789,-13.678444,-4.380096,-0.796926,4.452003,-1.600968,-0.015752,1.601045,-2.961619,2.237417,137.834166
4,200,1786547946.3233,0,1,23.473463,-12.532399,25.484735,-13.678959,-4.371879,-0.869236,4.457454,-1.601349,-0.01287,1.601401,-2.945328,2.315127,139.068812
4,201,1786547946.36331,0,1,23.298004,-12.565232,25.420666,-13.679365,-4.386489,-0.820834,4.462628,-1.601715,-0.010162,1.601748,-2.956604,2.397288,141.707085
4,202,1786547946.40321,0,1,23.122911,-12.60096,25.356584,-13.67967,-4.377312,-0.893203,4.467513,-1.602066,-0.007618,1.602084,-2.940303,2.480506,142.689631
4,203,1786547946.44329,0,1,22.947245,-12.634747,25.292488,-13.679879,-4.391646,-0.844667,4.472138,-1.602401,-0.005226,1.60241,-2.951578,2.567579,145.093342
4,204,1786547946.48329,0,1,22.771983,-12.67143,25.228379,-13.679998,-4.381546,-0.917072,4.47649,-1.602723,-0.002977,1.602726,-2.935268,2.655389,145.855958
4,205,1786547946.52327,0,1,22.596158,-12.706166,25.164258,-13.680032,-4.395636,-0.868416,4.480598,-1.603033,-0.000861,1.603033,-2.946541,2.746553,148.056818
4,206,1786547946.56325,0,1,22.420772,-12.7438,25.100124,-13.679987,-4.384644,-0.940835,4.484448,-1.60333,0.001131,1.60333,-2.930223,2.838199,148.62957
4,207,1786547946.60326,0,1,22.244831,-12.779482,25.03598,-13.679867,-4.39852,-0.892071,4.48807,-1.603616,0.003008,1.603619,-2.941495,2.93278,150.656292
4,208,1786547946.64328,0,1,22.069365,-12.818062,24.971824,-13.679676,-4.38667,-0.964483,4.491448,-1.603892,0.004776,1.6039,-2.925169,3.027648,151.065994
4,209,1786547946.68328,0,1,21.89335,-12.854687,24.907658,-13.679418,-4.400359,-0.915626,4.494611,-1.604159,0.006445,1.604172,-2.93644,3.125097,152.943695
4,210,1786547946.72332,0,1,21.717843,-12.894207,24.843481,-13.679097,-4.387681,-0.988011,4.497545,-1.604417,0.008021,1.604437,-2.920108,3.22268,153.213614
4,211,1786547946.76329,0,1,21.541795,-12.93177,24.779295,-13.678717,-4.401209,-0.93907,4.500277,-1.604644,0.009509,1.604672,-2.931378,3.32255,154.963831
4,212,1786547946.80332,0,1,21.366285,-12.972227,24.71511,-13.67828,-4.387731,-1.011411,4.502792,-1.604635,0.010914,1.604672,-2.915041,3.422446,155.113884
4,213,1786547946.8433,0,1,21.19024,-13.010722,24.650925,-13.67779,-4.401122,-0.962399,4.505118,-1.604625,0.012244,1.604672,-2.92631,3.524389,156.754922
4,214,1786547946.88329,0,1,21.014332,-13.050225,24.58674,-13.67725,-4.397716,-0.98756,4.507237,-1.604615,0.013502,1.604672,-2.920695,3.627018,157.388408
4,215,1786547946.92331,0,1,20.837821,-13.087322,24.522556,-13.676663,-4.412765,-0.927424,4.509169,-1.604604,0.014695,1.604672,-2.934439,3.731567,159.043982
4,216,1786547946.96327,0,1,20.661774,-13.126878,24.458372,-13.67603,-4.401189,-0.988894,4.510918,-1.604594,0.015826,1.604672,-2.920575,3.836109,159.106282
4,217,1786547947.00331,0,1,20.485593,-13.166126,24.394189,-13.675354,-4.404517,-0.981199,4.512485,-1.604583,0.016899,1.604672,-2.922401,3.941629,160.018305
4,218,1786547947.04327,0,1,20.310035,-13.20831,24.330006,-13.674637,-4.388952,-1.054615,4.51388,-1.604572,0.017918,1.604672,-2.905775,4.046928,159.871757
4,219,1786547947.0833,0,1,20.133976,-13.248574,24.265824,-13.673881,-4.401484,-1.006584,4.515116,-1.604561,0.018887,1.604672,-2.916767,4.15368,161.241439
4,220,1786547947.12334,0,1,19.957306,-13.286271,24.201642,-13.673089,-4.416747,-0.942434,4.516175,-1.60455,0.019808,1.604672,-2.931368,4.261926,162.747596
4,221,1786547947.16338,0,1,19.781106,-13.326272,24.13746,-13.672262,-4.40499,-1.000027,4.517078,-1.604538,0.020685,1.604672,-2.918355,4.370072,162.668418
4,222,1786547947.20338,0,1,19.605567,-13.369205,24.073279,-13.671401,-4.388471,-1.073319,4.51782,-1.604527,0.021521,1.604672,-2.901724,4.47792,162.386971
4,223,1786547947.24341,0,1,19.429544,-13.410211,24.009098,-13.670514,-4.400581,-1.025156,4.518414,-1.604519,0.022166,1.604672,-2.912716,4.586946,163.633097
4,224,1786547947.28341,0,1,19.256948,-13.453457,23.944918,-13.669609,-4.314895,-1.081156,4.448283,-1.604512,0.022635,1.604672,-2.896084,4.69295,163.29346
4,225,1786547947.32333,0,1,19.087965,-13.499433,23.880738,-13.668691,-4.224575,-1.149403,4.378146,-1.604508,0.022941,1.604672,-2.875947,4.79576,162.75708
4,226,1786547947.36341,0,1,18.9228,-13.548575,23.816557,-13.667767,-4.12913,-1.228541,4.308019,-1.604506,0.023098,1.604672,-2.852403,4.895209,162.035449
4,227,1786547947.40348,0,1,18.761679,-13.601263,23.752377,-13.666843,-4.028018,-1.317198,4.237917,-1.604505,0.023116,1.604672,-2.825545,4.991129,161.138949
4,228,1786547947.44341,0,1,18.604852,-13.657822,23.688197,-13.665922,-3.920673,-1.413982,4.167855,-1.604507,0.023008,1.604672,-2.795464,5.083351,160.076978
4,229,1786547947.48338,0,1,18.452591,-13.718521,23.624016,-13.665011,-3.806528,-1.517477,4.097852,-1.60451,0.022782,1.604672,-2.762249,5.171702,158.858073
4,230,1786547947.52337,0,1,18.305184,-13.783558,23.559836,-13.664113,-3.685185,-1.625919,4.027928,-1.604515,0.02245,1.604672,-2.726077,5.25601,157.494914
4,231,1786547947.56337,0,1,18.162011,-13.851144,23.495655,-13.663232,-3.579308,-1.689646,3.958074,-1.604521,0.022019,1.604672,-2.700546,5.336953,156.747681
4,232,1786547947.6033,0,1,18.023106,-13.921115,23.431474,-13.662372,-3.472645,-1.749288,3.888351,-1.604528,0.021498,1.604672,-2.674963,5.414554,156.003076
4,233,1786547947.64336,0,1,17.888492,-13.993309,23.367292,-13.661537,-3.365342,-1.804849,3.81877,-1.604536,0.020895,1.604672,-2.649325,5.488837,155.26048
4,234,1786547947.68336,0,1,17.75819,-14.067563,23.303111,-13.660728,-3.257543,-1.856341,3.749345,-1.604544,0.020216,1.604672,-2.62363,5.559825,154.519262
5,0,1786547951.34155,0,1,53.28,-13.199968,37.597264,-13.400034,-0.499999,0.000796,0.5,-0.068395,-0.000846,0.068401,3.14,15.684012,0.822139
5,0,1786547951.3816,0,1,53.28,-13.199968,37.591393,-13.400102,-0.499999,0.000796,0.5,-0.146791,-0.001707,0.146801,3.14,15.689884,0.822115
5,1,1786547951.42157,0,1,53.257175,-13.200068,37.582385,-13.400206,-0.570634,-0.002484,0.570639,-0.225186,-0.002586,0.225201,-3.137239,15.676067,0.482073
5,2,1786547951.4615,0,1,53.231524,-13.200044,37.570242,-13.400345,-0.641279,0.000596,0.641279,-0.303581,-0.003484,0.303601,3.140663,15.662562,0.786039
5,3,1786547951.50153,0,1,53.203047,-13.199942,37.554963,-13.400521,-0.711915,0.002532,0.711919,-0.381975,-0.0044,0.382001,3.138036,15.64937,0.938167
5,4,1786547951.54154,0,1,53.171745,-13.199753,37.536548,-13.400734,-0.782544,0.004735,0.782558,-0.46037,-0.005338,0.460401,3.135542,15.636489,1.083139
5,5,1786547951.58156,0,1,53.137618,-13.199474,37.51505,-13.400986,-0.853167,0.006986,0.853196,-0.537442,-0.006283,0.537479,3.133405,15.623868,1.208136
5,6,1786547951.62166,0,1,53.100667,-13.199099,37.49072,-13.401273,-0.923785,0.00936,0.923832,-0.60825,-0.007173,0.608292,3.13146,15.611256,1.322565
5,7,1786547951.66164,0,1,53.060891,-13.198624,37.463789,-13.401593,-0.994395,0.011877,0.994466,-0.673294,-0.008013,0.673342,3.129649,15.598423,1.429875
5,8,1786547951.70165,0,1,53.018291,-13.198042,37.434467,-13.401946,-1.064997,0.014563,1.065097,-0.733036,-0.008807,0.733089,3.127919,15.585158,1.533084
5,9,1786547951.74166,0,1,52.972868,-13.197344,37.402951,-13.402328,-1.135591,0.017444,1.135725,-0.787901,-0.009559,0.787959,3.126233,15.571266,1.634314
5,10,1786547951.78149,0,1,52.924621,-13.196522,37.36942,-13.402739,-1.206174,0.020541,1.206349,-0.838277,-0.010271,0.83834,3.124564,15.556568,1.735174
5,11,1786547951.82163,0,1,52.873551,-13.195567,37.334039,-13.403177,-1.276745,0.023879,1.276969,-0.884525,-0.010948,0.884593,3.122892,15.540899,1.836891
5,12,1786547951.86165,0,1,52.819659,-13.194468,37.29696,-13.40364,-1.347304,0.027478,1.347584,-0.926974,-0.011591,0.927047,3.1212,15.524108,1.940418
5,13,1786547951.90165,0,1,52.762945,-13.193213,37.258323,-13.404128,-1.417847,0.031362,1.418194,-0.965929,-0.012204,0.966006,3.119477,15.506056,2.046503
5,14,1786547951.94166,0,1,52.70341,-13.191791,37.218256,-13.40464,-1.488374,0.03555,1.488799,-1.001668,-0.012789,1.00175,3.117712,15.486617,2.155744
5,15,1786547951.98165,0,1,52.641055,-13.190189,37.176878,-13.405174,-1.558883,0.040062,1.559398,-1.03445,-0.013348,1.034536,3.115899,15.465671,2.268619
5,16,1786547952.02168,0,1,52.57588,-13.188392,37.134298,-13.405729,-1.629371,0.044919,1.62999,-1.064511,-0.013882,1.064601,3.114031,15.443111,2.385518
5,17,1786547952.06157,0,1,52.507886,-13.186387,37.090615,-13.406305,-1.699837,0.050139,1.700576,-1.092068,-0.014395,1.092163,3.112105,15.41884,2.506758
5,18,1786547952.10159,0,1,52.437075,-13.184157,37.045922,-13.406901,-1.770278,0.05574,1.771156,-1.117322,-0.014887,1.117421,3.110116,15.392765,2.632601
5,19,1786547952.14159,0,1,52.363447,-13.181687,37.000304,-13.407515,-1.840693,0.061741,1.841728,-1.140457,-0.015361,1.14056,3.108063,15.364803,2.763264
5,20,1786547952.18168,0,1,52.287059,-13.178963,36.953838,-13.408148,-1.909708,0.06811,1.910922,-1.161642,-0.015817,1.16175,3.105943,15.334934,2.898917
5,21,1786547952.22165,0,1,52.207985,-13.175969,36.906597,-13.408798,-1.976847,0.074844,1.978263,-1.181034,-0.016257,1.181146,3.10375,15.30316,3.039964
5,22,1786547952.26168,0,1,52.126299,-13.172691,36.858646,-13.409465,-2.042157,0.081946,2.043801,-1.198777,-0.016682,1.198893,3.101487,15.269489,3.186377
5,23,1786547952.30159,0,1,52.042072,-13.169115,36.810037,-13.41015,-2.105687,0.089413,2.107585,-1.21522,-0.017116,1.21534,3.099155,15.233942,3.338065
5,24,1786547952.34163,0,1,51.955365,-13.165486,36.760818,-13.410852,-2.167652,0.090731,2.16955,-1.230468,-0.017557,1.230594,3.09976,15.196528,3.321958
5,25,1786547952.38168,0,1,51.866254,-13.161746,36.711034,-13.411572,-2.227779,0.093493,2.22974,-1.244618,-0.018004,1.244748,3.09965,15.15728,3.347532
5,26,1786547952.42157,0,1,51.774806,-13.157925,36.660723,-13.412311,-2.286209,0.095514,2.288203,-1.257756,-0.018458,1.257891,3.099839,15.116223,3.356582
5,27,1786547952.46165,0,1,51.681088,-13.15403,36.609925,-13.413067,-2.34296,0.097387,2.344983,-1.269963,-0.018917,1.270104,3.100051,15.073389,3.364852
5,28,1786547952.50168,0,1,51.585164,-13.150074,36.558672,-13.413843,-2.398085,0.098898,2.400123,-1.281315,-0.019382,1.281462,3.100376,15.028807,3.367205
5,29,1786547952.54165,0,1,51.487099,-13.146071,36.506997,-13.414637,-2.451626,0.100082,2.453668,-1.291879,-0.019851,1.292032,3.100793,14.982509,3.364763
5,30,1786547952.58169,0,1,51.386954,-13.142035,36.454928,-13.41545,-2.503627,0.1009,2.505659,-1.301719,-0.020323,1.301878,3.101313,14.934529,3.356863
5,31,1786547952.62168,0,1,51.284789,-13.137981,36.402493,-13.416282,-2.554128,0.101342,2.556138,-1.310892,-0.0208,1.311057,3.101936,14.884898,3.343495
5,32,1786547952.66168,0,1,51.180662,-13.133925,36.349714,-13.417133,-2.60317,0.101394,2.605144,-1.319453,-0.02128,1.319624,3.102662,14.833651,3.324522
5,33,1786547952.70164,0,1,51.07463,-13.129883,36.296616,-13.418003,-2.650792,0.101045,2.652717,-1.327449,-0.021762,1.327627,3.103492,14.780822,3.299919
5,34,1786547952.74164,0,1,50.966749,-13.125872,36.243219,-13.418893,-2.697032,0.100289,2.698896,-1.334926,-0.022247,1.335111,3.104425,14.726445,3.269688
5,35,1786547952.78168,0,1,50.857072,-13.121907,36.189542,-13.419803,-2.741926,0.099122,2.743717,-1.341925,-0.022735,1.342118,3.105458,14.670554,3.233872
5,36,1786547952.82164,0,1,50.745652,-13.118005,36.135603,-13.420731,-2.78551,0.097541,2.787217,-1.348485,-0.023224,1.348685,3.10659,14.613185,3.19255
5,37,1786547952.86161,0,1,50.632539,-13.114183,36.081417,-13.42168,-2.827819,0.095549,2.829433,-1.354641,-0.023715,1.354849,3.107817,14.55437,3.145827
5,38,1786547952.90165,0,1,50.517783,-13.110457,36.027,-13.422648,-2.868887,0.093148,2.870399,-1.360426,-0.024207,1.360641,3.109136,14.494146,3.093833
5,39,1786547952.94164,0,1,50.401434,-13.106844,35.972366,-13.423636,-2.908746,0.090343,2.910148,-1.365868,-0.0247,1.366091,3.110544,14.432545,3.036717
5,40,1786547952.98168,0,1,50.283537,-13.103358,35.917526,-13.424644,-2.947427,0.087142,2.948715,-1.370995,-0.025195,1.371227,3.112036,14.369603,2.974646
5,41,1786547953.02169,0,1,50.164138,-13.100016,35.862493,-13.425672,-2.984961,0.083553,2.986131,-1.375833,-0.02569,1.376073,3.113609,14.305353,2.9078
5,42,1786547953.06168,0,1,50.043283,-13.096832,35.807276,-13.426719,-3.021379,0.079588,3.022427,-1.380405,-0.026185,1.380653,3.115257,14.239828,2.836371
5,43,1786547953.10156,0,1,49.921015,-13.093822,35.751887,-13.427786,-3.056708,0.075257,3.057635,-1.384732,-0.026681,1.384989,3.116977,14.173063,2.760558
5,44,1786547953.14165,0,1,49.797375,-13.090999,35.696334,-13.428873,-3.090978,0.070574,3.091784,-1.388833,-0.027177,1.389099,3.118764,14.105089,2.680564
5,45,1786547953.18169,0,1,49.672407,-13.088377,35.640625,-13.42998,-3.124215,0.065553,3.124903,-1.392727,-0.027673,1.393001,3.120614,14.03594,2.596599
5,46,1786547953.22168,0,1,49.546149,-13.085969,35.584767,-13.431107,-3.156446,0.060208,3.157021,-1.39643,-0.028168,1.396714,3.12252,13.965647,2.508871
5,47,1786547953.26168,0,1,49.418641,-13.083787,35.528769,-13.432254,-3.187697,0.054554,3.188164,-1.399957,-0.028664,1.40025,3.12448,13.894242,2.417589
5,48,1786547953.30164,0,1,49.289921,-13.081842,35.47265,-13.433417,-3.217994,0.048608,3.218361,-1.402981,-0.029076,1.403282,3.126489,13.821743,2.322948
5,49,1786547953.34164,0,1,49.16002,-13.079781,35.416428,-13.434593,-3.247533,0.051523,3.247942,-1.405541,-0.029411,1.405849,3.125729,13.748171,2.387784
5,50,1786547953.38155,0,1,49.028958,-13.077796,35.360121,-13.43578,-3.276546,0.049635,3.276922,-1.407676,-0.029675,1.407988,3.126445,13.673524,2.368103
5,51,1786547953.42165,0,1,48.896761,-13.075745,35.303745,-13.436975,-3.304919,0.051277,3.305317,-1.409418,-0.029873,1.409735,3.126078,13.597816,2.411156
5,52,1786547953.46167,0,1,48.763451,-13.073697,35.247313,-13.438175,-3.332749,0.051199,3.333142,-1.410799,-0.030011,1.411119,3.126232,13.521052,2.424798
5,53,1786547953.50168,0,1,48.629051,-13.071588,35.190839,-13.439379,-3.359999,0.052727,3.360413,-1.411849,-0.030094,1.41217,3.125901,13.443245,2.466787
5,54,1786547953.54165,0,1,48.493583,-13.069442,35.134335,-13.440584,-3.386719,0.053651,3.387144,-1.412593,-0.030125,1.412915,3.125752,13.364402,2.498941
5,55,1786547953.58168,0,1,48.357067,-13.067225,35.077813,-13.441789,-3.412899,0.055416,3.413349,-1.413057,-0.03011,1.413378,3.125357,13.284536,2.545931
5,56,1786547953.62165,0,1,48.219524,-13.064945,35.021282,-13.442991,-3.43857,0.057,3.439043,-1.413262,-0.030051,1.413581,3.125018,13.203655,2.590395
5,57,1786547953.66168,0,1,48.080975,-13.062582,34.964753,-13.444189,-3.463734,0.059085,3.464238,-1.413229,-0.029953,1.413546,3.124536,13.121772,2.643774
5,58,1786547953.70168,0,1,47.941438,-13.060136,34.908234,-13.445381,-3.488413,0.061153,3.488949,-1.412977,-0.029817,1.413292,3.124064,13.038897,2.697405
5,59,1786547953.74165,0,1,47.800933,-13.057594,34.851733,-13.446567,-3.512614,0.06355,3.513189,-1.412524,-0.029648,1.412836,3.123503,12.955041,2.757032
5,60,1786547953.78168,0,1,47.659479,-13.054954,34.795257,-13.447745,-3.536354,0.065988,3.536969,-1.411887,-0.029448,1.412194,3.122935,12.870217,2.81792
5,61,1786547953.82168,0,1,47.517094,-13.052208,34.738814,-13.448914,-3.559641,0.068659,3.560304,-1.411078,-0.029219,1.411381,3.122307,12.784436,2.88319
5,62,1786547953.86166,0,1,47.373794,-13.049352,34.68241,-13.450073,-3.582492,0.071386,3.583203,-1.410113,-0.028964,1.410411,3.121669,12.697709,2.950016
5,63,1786547953.90164,0,1,47.229597,-13.046381,34.62605,-13.45122,-3.604915,0.074283,3.60568,-1.409004,-0.028686,1.409296,3.12099,12.610048,3.020233
5,64,1786547953.94166,0,1,47.08452,-13.043292,34.569739,-13.452355,-3.626923,0.077233,3.627746,-1.407762,-0.028384,1.408048,3.120302,12.521465,3.092014
5,65,1786547953.98165,0,1,46.938579,-13.040079,34.513483,-13.453478,-3.648527,0.080308,3.649411,-1.406398,-0.028063,1.406678,3.119585,12.431971,3.166534
5,66,1786547954.02169,0,1,46.79179,-13.036742,34.457286,-13.454587,-3.669738,0.083426,3.670687,-1.404922,-0.027723,1.405196,3.118863,12.341579,3.242515
5,67,1786547954.06168,0,1,46.644167,-13.033277,34.401153,-13.455682,-3.690567,0.086636,3.691583,-1.403343,-0.027366,1.40361,3.118122,12.250299,3.320786
5,68,1786547954.10171,0,1,46.495726,-13.029682,34.345086,-13.456761,-3.711023,0.089875,3.712111,-1.401669,-0.026994,1.401929,3.117379,12.158144,3.400389
5,69,1786547954.1418,0,1,46.346482,-13.025955,34.28909,-13.457826,-3.731117,0.093182,3.732281,-1.399907,-0.026607,1.40016,3.116624,12.065124,3.481966
5,70,1786547954.18183,0,1,46.196447,-13.022091,34.233167,-13.458874,-3.750856,0.096588,3.7521,-1.398065,-0.026207,1.39831,3.115847,11.971251,3.566056
5,71,1786547954.22187,0,1,46.045637,-13.018095,34.177321,-13.459906,-3.770255,0.099906,3.771579,-1.396148,-0.025795,1.396387,3.115101,11.876537,3.6498
5,72,1786547954.26189,0,1,45.894064,-13.01396,34.121555,-13.460921,-3.789318,0.103361,3.790727,-1.394164,-0.025372,1.394395,3.114323,11.780992,3.736733
5,73,1786547954.30188,0,1,45.741742,-13.009692,34.065855,-13.461919,-3.808058,0.106722,3.809553,-1.392496,-0.024951,1.39272,3.113575,11.684642,3.82337
5,74,1786547954.34182,0,1,45.588664,-13.006147,34.01021,-13.4629,-3.826956,0.08862,3.827982,-1.39112,-0.024531,1.391336,3.11844,11.58746,3.58561
5,75,1786547954.38183,0,1,45.434865,-13.002531,33.954609,-13.463864,-3.84496,0.090388,3.846023,-1.390011,-0.024112,1.39022,3.118089,11.489522,3.647856
5,76,1786547954.42191,0,1,45.280343,-12.999738,33.899043,-13.464812,-3.863057,0.069821,3.863688,-1.389149,-0.023695,1.389351,3.12352,11.390798,3.375432
5,77,1786547954.46182,0,1,45.12513,-12.99688,33.843503,-13.465743,-3.88033,0.071456,3.880988,-1.388514,-0.02328,1.388709,3.12318,11.291366,3.434811
5,78,1786547954.50164,0,1,44.969224,-12.994974,33.787979,-13.466658,-3.897643,0.047646,3.897934,-1.388087,-0.022866,1.388276,3.129369,11.191189,3.115978
5,79,1786547954.54181,0,1,44.812656,-12.992938,33.732465,-13.467556,-3.914207,0.050897,3.914538,-1.387853,-0.022453,1.388034,3.12859,11.090351,3.197739
5,80,1786547954.58181,0,1,44.655426,-12.992041,33.676953,-13.468438,-3.930745,0.022431,3.930809,-1.387795,-0.022042,1.38797,3.135886,10.988804,2.811669
5,81,1786547954.62188,0,1,44.49756,-12.990848,33.621438,-13.469303,-3.946647,0.029827,3.94676,-1.387899,-0.021632,1.388068,3.134035,10.886642,2.951898
5,82,1786547954.66181,0,1,44.339065,-12.991088,33.565911,-13.470152,-3.962391,-0.005984,3.962396,-1.388153,-0.021223,1.388315,-3.140082,10.7838,2.459645
5,83,1786547954.70188,0,1,44.179956,-12.990696,33.51037,-13.470985,-3.977722,0.00979,3.977734,-1.388545,-0.020816,1.388701,3.139132,10.680391,2.718426
5,84,1786547954.7418,0,1,44.020252,-12.992241,33.454807,-13.471801,-3.992587,-0.038624,3.992774,-1.389063,-0.02041,1.389213,-3.131919,10.576323,2.044585
5,85,1786547954.78175,0,1,43.859951,-12.992505,33.399219,-13.472601,-4.007532,-0.006603,4.007537,-1.389697,-0.020005,1.389841,-3.139945,10.471743,2.533348
5,86,1786547954.82176,0,1,43.699097,-12.995451,33.343602,-13.473385,-4.021344,-0.073644,4.022018,-1.390438,-0.019602,1.390577,-3.123281,10.366519,1.593318
5,87,1786547954.86177,0,1,43.537652,-12.996704,33.287951,-13.474153,-4.036121,-0.031332,4.036243,-1.391278,-0.0192,1.391411,-3.13383,10.260816,2.222231
5,88,1786547954.90173,0,1,43.375693,-13.000666,33.232262,-13.474905,-4.048985,-0.099058,4.050197,-1.392209,-0.018799,1.392336,-3.117133,10.154511,1.275366
5,89,1786547954.94176,0,1,43.213152,-13.002929,33.176533,-13.475641,-4.063516,-0.056575,4.06391,-1.393223,-0.0184,1.393344,-3.127671,10.047745,1.898913
5,90,1786547954.98172,0,1,43.050134,-13.007928,33.120761,-13.476361,-4.075452,-0.124955,4.077367,-1.394314,-0.018002,1.39443,-3.110942,9.940417,0.944848
5,91,1786547955.02156,0,1,42.886543,-13.01122,33.064942,-13.477065,-4.08977,-0.082307,4.090598,-1.395475,-0.017606,1.395586,-3.12147,9.832643,1.562613
5,92,1786547955.06167,0,1,42.722512,-13.017273,33.009074,-13.477754,-4.100794,-0.151317,4.103585,-1.396701,-0.017211,1.396807,-3.10471,9.724347,0.600944
5,93,1786547955.10163,0,1,42.557926,-13.02201,32.953154,-13.478427,-4.114646,-0.11843,4.11635,-1.397987,-0.016817,1.398088,-3.112818,9.61561,1.071977
5,94,1786547955.14166,0,1,42.39293,-13.029275,32.897181,-13.479084,-4.124895,-0.181636,4.128893,-1.399328,-0.016424,1.399424,-3.097587,9.506396,0.190708
5,95,1786547955.18167,0,1,42.227384,-13.035114,32.841152,-13.479725,-4.138647,-0.145971,4.14122,-1.400719,-0.016033,1.400811,-3.106337,9.396756,0.691991
5,96,1786547955.22164,0,1,42.061456,-13.043382,32.785066,-13.480351,-4.148191,-0.206702,4.153338,-1.402157,-0.015644,1.402244,-3.091804,9.286676,0.155705
5,97,1786547955.26166,0,1,41.895007,-13.050695,32.728921,-13.480961,-4.161229,-0.182824,4.165243,-1.403637,-0.015256,1.40372,-3.097686,9.17618,0.171878
5,98,1786547955.30168,0,1,41.728247,-13.060988,32.672713,-13.481565,-4.169009,-0.257315,4.176942,-1.405187,-0.015114,1.405269,-3.07995,9.065295,0.87271
5,99,1786547955.34163,0,1,41.560949,-13.069701,32.616441,-13.482173,-4.182456,-0.21783,4.188125,-1.406801,-0.015198,1.406883,-3.089558,8.954013,0.341072
5,100,1786547955.38164,0,1,41.393235,-13.078626,32.560102,-13.482793,-4.192844,-0.22314,4.198777,-1.408474,-0.015491,1.408559,-3.088424,8.842375,0.426583
5,101,1786547955.42156,0,1,41.225102,-13.087312,32.503694,-13.483432,-4.203313,-0.217145,4.208918,-1.4102,-0.015976,1.410291,-3.089978,8.730399,0.356745
5,102,1786547955.46155,0,1,41.056616,-13.096602,32.447215,-13.484098,-4.212159,-0.232238,4.218556,-1.411976,-0.016637,1.412074,-3.086513,8.618117,0.578756
5,103,1786547955.50152,0,1,40.887703,-13.104716,32.390663,-13.484796,-4.222826,-0.202858,4.227695,-1.413798,-0.01746,1.413906,-3.093591,8.505536,0.189108
5,104,1786547955.54152,0,1,40.718588,-13.115425,32.334037,-13.485533,-4.227882,-0.267722,4.23635,-1.415662,-0.018431,1.415782,-3.078354,8.392716,1.095816
5,105,1786547955.58163,0,1,40.549029,-13.124095,32.277334,-13.486315,-4.238972,-0.216757,4.24451,-1.417565,-0.019539,1.417699,-3.090503,8.279622,0.419837
5,106,1786547955.62175,0,1,40.379243,-13.134224,32.220554,-13.487146,-4.244645,-0.253223,4.252192,-1.419503,-0.020771,1.419655,-3.082006,8.166319,0.937142
5,107,1786547955.66173,0,1,40.209048,-13.142049,32.163695,-13.48803,-4.25489,-0.195634,4.259385,-1.421474,-0.022119,1.421646,-3.095646,8.052788,0.170104
5,108,1786547955.70175,0,1,40.038707,-13.152233,32.106756,-13.488973,-4.258516,-0.254586,4.266119,-1.423475,-0.023571,1.42367,-3.081881,7.939096,0.990275
5,109,1786547955.74171,0,1,39.867994,-13.160103,32.049736,-13.489978,-4.267816,-0.196741,4.272348,-1.425504,-0.02512,1.425725,-3.095526,7.825215,0.223352
5,110,1786547955.78169,0,1,39.697176,-13.170336,31.992634,-13.491048,-4.270466,-0.255838,4.278123,-1.427558,-0.026757,1.427809,-3.081756,7.711214,1.044772
5,111,1786547955.82175,0,1,39.526023,-13.178247,31.935448,-13.492187,-4.278809,-0.197766,4.283377,-1.429636,-0.028473,1.429919,-3.095406,7.597065,0.277954
5,112,1786547955.86171,0,1,39.354805,-13.188526,31.878179,-13.493398,-4.280467,-0.256975,4.288173,-1.431735,-0.030263,1.432055,-3.08163,7.482839,1.100552
5,113,1786547955.90172,0,1,39.183398,-13.1985,31.820844,-13.494682,-4.285176,-0.249346,4.292425,-1.433357,-0.032109,1.433716,-3.08347,7.368508,1.026513
5,114,1786547955.94173,0,1,39.012028,-13.211296,31.763512,-13.496041,-4.284239,-0.319918,4.296167,-1.433314,-0.033974,1.433716,-3.067058,7.254107,2.020932
5,115,1786547955.98172,0,1,38.840401,-13.22221,31.706181,-13.497477,-4.290684,-0.272851,4.299351,-1.433267,-0.035891,1.433716,-3.078087,7.139528,1.429027
5,116,1786547956.02175,0,1,38.66887,-13.235949,31.648853,-13.498991,-4.288264,-0.343473,4.301997,-1.433216,-0.037854,1.433716,-3.061667,7.024944,2.433511
5,117,1786547956.06172,0,1,38.497117,-13.247801,31.591526,-13.500585,-4.293833,-0.296305,4.304044,-1.433162,-0.039858,1.433716,-3.072695,6.910216,1.851147
5,118,1786547956.10173,0,1,38.325523,-13.262478,31.534202,-13.502261,-4.289844,-0.36691,4.305506,-1.433104,-0.041898,1.433716,-3.05627,6.795553,2.866482
5,119,1786547956.14158,0,1,38.153745,-13.275264,31.47688,-13.50402,-4.294446,-0.319646,4.306326,-1.433042,-0.04397,1.433716,-3.067297,6.680782,2.294571
5,120,1786547956.18155,0,1,37.982194,-13.29087,31.419561,-13.505863,-4.288785,-0.390158,4.306495,-1.432976,-0.046069,1.433716,-3.050871,6.566153,3.321645
5,121,1786547956.22173,0,1,37.811007,-13.309883,31.362245,-13.50779,-4.279659,-0.475319,4.305974,-1.432906,-0.048193,1.433716,-3.030981,6.451798,4.579754
5,122,1786547956.26176,0,1,37.639727,-13.32759,31.304932,-13.509804,-4.282012,-0.442687,4.304835,-1.432832,-0.050337,1.433716,-3.038576,6.337415,4.254846
5,123,1786547956.3017,0,1,37.46891,-13.348691,31.247621,-13.511886,-4.270433,-0.527509,4.30289,-1.432771,-0.052059,1.433716,-3.018689,6.223429,5.539218
5,124,1786547956.34173,0,1,37.298033,-13.368481,31.190312,-13.514022,-4.271904,-0.49477,4.300461,-1.432722,-0.053394,1.433716,-3.026287,6.109455,5.241502
5,125,1786547956.38171,0,1,37.127712,-13.391647,31.133005,-13.516197,-4.25803,-0.579151,4.297236,-1.432685,-0.054372,1.433716,-3.006408,5.996001,6.555247
5,126,1786547956.42174,0,1,36.957366,-13.413499,31.075698,-13.518398,-4.258665,-0.546292,4.293561,-1.43266,-0.055023,1.433716,-3.014012,5.882603,6.288095
5,127,1786547956.46167,0,1,36.787668,-13.438703,31.018392,-13.520613,-4.242441,-0.630106,4.288979,-1.432647,-0.055373,1.433716,-2.994146,5.769857,7.634666
5,128,1786547956.50166,0,1,36.61798,-13.462588,30.961087,-13.522831,-4.242194,-0.597103,4.28401,-1.432644,-0.055447,1.433716,-3.001758,5.657214,7.401798
5,129,1786547956.54155,0,1,36.449036,-13.489797,30.903781,-13.525041,-4.223601,-0.680229,4.278027,-1.432651,-0.055267,1.433716,-2.98191,5.545368,8.785011
5,130,1786547956.58154,0,1,36.280138,-13.515679,30.846474,-13.527235,-4.222457,-0.647062,4.271748,-1.432667,-0.054854,1.433716,-2.989533,5.433676,8.590544
5,131,1786547956.62165,0,1,36.112077,-13.544854,30.789166,-13.529404,-4.201519,-0.729379,4.264359,-1.43269,-0.054226,1.433716,-2.969707,5.322933,10.014637
5,132,1786547956.6616,0,1,35.944097,-13.572696,30.731857,-13.53154,-4.199499,-0.696033,4.256789,-1.432721,-0.053402,1.433716,-2.977344,5.212402,9.863155
5,133,1786547956.70168,0,1,35.777046,-13.603793,30.674547,-13.533636,-4.176287,-0.777432,4.248032,-1.432758,-0.052396,1.433716,-2.957545,5.102981,11.332869
5,134,1786547956.74165,0,1,35.610108,-13.633549,30.617235,-13.535685,-4.173447,-0.7439,4.239227,-1.432801,-0.051225,1.433716,-2.965199,4.993832,11.229492
5,135,1786547956.78165,0,1,35.444185,-13.66652,30.559921,-13.537681,-4.148078,-0.824286,4.229184,-1.432848,-0.0499,1.433716,-2.945433,4.885963,12.750151
5,136,1786547956.82161,0,1,35.278404,-13.698143,30.502605,-13.539619,-4.14451,-0.790569,4.219238,-1.432898,-0.048436,1.433716,-2.953106,4.778429,12.700625
5,137,1786547956.86179,0,1,35.113719,-13.732938,30.445287,-13.541492,-4.117143,-0.869864,4.208032,-1.432951,-0.046843,1.433716,-2.933376,4.672355,14.278222
5,138,1786547956.90181,0,1,34.9492,-13.766377,30.387967,-13.543298,-4.112974,-0.835975,4.197071,-1.433006,-0.045131,1.433716,-2.941071,4.566685,14.289008
5,139,1786547956.94175,0,1,34.785847,-13.802942,30.330644,-13.54503,-4.083804,-0.914122,4.184862,-1.433062,-0.043311,1.433716,-2.921382,4.462662,15.930305
5,140,1786547956.98163,0,1,34.62268,-13.838145,30.27332,-13.546686,-4.079184,-0.880081,4.173043,-1.433119,-0.041391,1.433716,-2.9291,4.359115,16.008673
5,141,1786547957.02164,0,1,34.460743,-13.876427,30.215993,-13.548261,-4.048434,-0.957047,4.160019,-1.433175,-0.03938,1.433716,-2.909455,4.257416,17.7213
5,142,1786547957.06164,0,1,34.299001,-13.913342,30.158663,-13.549752,-4.04354,-0.922885,4.147522,-1.433231,-0.037285,1.433716,-2.917199,4.156272,17.875427
5,143,1786547957.10165,0,1,34.137394,-13.948351,30.101332,-13.551157,-4.040189,-0.875214,4.133899,-1.433286,-0.035114,1.433716,-2.928262,4.055559,17.8434
5,144,1786547957.14167,0,1,33.97696,-13.985844,30.043998,-13.552472,-4.010837,-0.937335,4.118909,-1.433339,-0.032872,1.433716,-2.912012,3.956766,19.442021
5,145,1786547957.18164,0,1,33.816688,-14.021434,29.986663,-13.553694,-4.006813,-0.889739,4.10441,-1.43339,-0.030566,1.433716,-2.923082,3.85848,19.482497
5,146,1786547957.22153,0,1,33.657628,-14.059471,29.929325,-13.554822,-3.976485,-0.950931,4.088606,-1.433439,-0.028201,1.433716,-2.906862,3.762301,21.157542
5,147,1786547957.26166,0,1,33.498749,-14.09561,29.871986,-13.555854,-3.97198,-0.903465,4.073435,-1.433484,-0.025782,1.433716,-2.917938,3.666708,21.279409
5,148,1786547957.30172,0,1,33.341112,-14.134159,29.814645,-13.556798,-3.940926,-0.96375,4.057057,-1.433522,-0.02361,1.433716,-2.901751,3.573418,23.040028
5,149,1786547957.34171,0,1,33.184857,-14.175605,29.757303,-13.557665,-3.906378,-1.036149,4.041459,-1.433553,-0.021665,1.433716,-2.882317,3.482812,25.07523
5,150,1786547957.38175,0,1,33.028842,-14.215677,29.69996,-13.558462,-3.900364,-1.001783,4.026961,-1.433578,-0.019931,1.433716,-2.890183,3.393139,25.572854
5,151,1786547957.42176,0,1,32.872983,-14.253871,29.642616,-13.559198,-3.896488,-0.954854,4.011779,-1.433598,-0.018391,1.433716,-2.901273,3.304216,25.905607
5,152,1786547957.46176,0,1,32.718379,-14.294411,29.585271,-13.559879,-3.865085,-1.01349,3.995753,-1.433615,-0.017031,1.433716,-2.885149,3.218059,27.887361
5,153,1786547957.50177,0,1,32.565164,-14.337766,29.527926,-13.560512,-3.830371,-1.083896,3.980776,-1.433629,-0.015837,1.433716,-2.865828,3.135114,30.154545
5,154,1786547957.54172,0,1,32.412137,-14.379762,29.470581,-13.561104,-3.82569,-1.049884,3.967135,-1.43364,-0.014796,1.433716,-2.873756,3.053351,30.898179
5,155,1786547957.58174,0,1,32.259192,-14.419914,29.413235,-13.56166,-3.823622,-1.0038,3.953188,-1.433649,-0.013897,1.433716,-2.88486,2.972553,31.491409
5,156,1786547957.62173,0,1,32.107465,-14.462363,29.355888,-13.562185,-3.793168,-1.06122,3.938821,-1.433656,-0.013128,1.433716,-2.868796,2.895081,33.745587
5,157,1786547957.66173,0,1,31.955783,-14.502988,29.298542,-13.562684,-3.792067,-1.015623,3.925718,-1.433662,-0.012479,1.433716,-2.879906,2.818705,34.480608
5,158,1786547957.70184,0,1,31.805283,-14.545893,29.241195,-13.563162,-3.762479,-1.072645,3.912392,-1.433667,-0.011941,1.433716,-2.86387,2.745962,36.882518
5,159,1786547957.7418,0,1,31.654779,-14.586997,29.183848,-13.563622,-3.762619,-1.027601,3.900419,-1.43367,-0.011506,1.433716,-2.874986,2.674471,37.773095
5,160,1786547957.78183,0,1,31.504169,-14.625835,29.126501,-13.564069,-3.765248,-0.970938,3.88842,-1.433673,-0.011165,1.433716,-2.889222,2.603968,38.523277
5,161,1786547957.82182,0,1,31.354538,-14.666483,29.069154,-13.564505,-3.740757,-1.016193,3.876327,-1.433675,-0.01091,1.433716,-2.876339,2.53719,40.940544
5,162,1786547957.86186,0,1,31.204765,-14.704891,29.011807,-13.564935,-3.744344,-0.9602,3.865501,-1.433676,-0.010736,1.433716,-2.890562,2.47155,41.849582
5,163,1786547957.90181,0,1,31.055913,-14.745112,28.95446,-13.56536,-3.721302,-1.005537,3.854762,-1.433677,-0.010634,1.433716,-2.877684,2.409962,44.430629
5,164,1786547957.94188,0,1,30.906869,-14.783121,28.897113,-13.565784,-3.726083,-0.950228,3.845339,-1.433677,-0.0106,1.433716,-2.891894,2.349687,45.51054
5,165,1786547957.98183,0,1,30.757548,-14.818463,28.839766,-13.566209,-3.733027,-0.883552,3.836164,-1.433677,-0.010628,1.433716,-2.909184,2.290421,46.459352
5,166,1786547958.02181,0,1,30.608929,-14.855183,28.782419,-13.566638,-3.715494,-0.917982,3.827216,-1.433676,-0.010713,1.433716,-2.899375,2.235282,49.079823
5,167,1786547958.06182,0,1,30.46,-14.889261,28.725072,-13.567072,-3.72322,-0.851968,3.819452,-1.433675,-0.01085,1.433716,-2.91664,2.18132,50.199889
5,168,1786547958.10177,0,1,30.3117,-14.924732,28.667725,-13.566726,-3.707482,-0.886764,3.812056,-1.43369,0.008636,1.433716,-2.906821,2.132331,53.009818
5,169,1786547958.14184,0,1,30.163055,-14.957586,28.610386,-13.565673,-3.716139,-0.821358,3.805827,-1.433475,0.026323,1.433716,-2.924065,2.085235,54.338493
5,170,1786547958.1818,0,1,30.014959,-14.991849,28.553058,-13.564107,-3.702409,-0.856567,3.800202,-1.433181,0.039161,1.433716,-2.914239,2.043428,57.349172
5,171,1786547958.22183,0,1,29.866464,-15.023519,28.495745,-13.562083,-3.712352,-0.791749,3.795843,-1.432823,0.050595,1.433716,-2.931467,2.003663,58.873947
5,172,1786547958.26191,0,1,29.717506,-15.052142,28.438449,-13.559643,-3.723953,-0.715588,3.792083,-1.432418,0.060998,1.433716,-2.951749,1.96559,60.280996
5,173,1786547958.30171,0,1,29.568047,-15.077259,28.38117,-13.556815,-3.736482,-0.627925,3.788877,-1.431972,0.070696,1.433716,-2.975096,1.928841,61.563528
5,174,1786547958.3419,0,1,29.41877,-15.102931,28.323904,-13.553734,-3.731923,-0.641801,3.786708,-1.431645,0.077034,1.433716,-2.971283,1.897036,64.508005
5,175,1786547958.38185,0,1,29.268967,-15.125109,28.266651,-13.550422,-3.745085,-0.554447,3.785905,-1.431323,0.082807,1.433716,-2.994614,1.866622,65.943815
5,176,1786547958.42177,0,1,29.11862,-15.143324,28.209411,-13.546891,-3.758658,-0.455364,3.786142,-1.430997,0.088254,1.433716,-3.02103,1.837187,67.245125
5,177,1786547958.46168,0,1,28.968238,-15.161668,28.152178,-13.543249,-3.759571,-0.458594,3.787438,-1.430821,0.091067,1.433716,-3.020212,1.812521,70.195877
5,178,1786547958.50172,0,1,28.817325,-15.176041,28.094952,-13.539505,-3.772822,-0.359344,3.789897,-1.430658,0.093597,1.433716,-3.046634,1.788875,71.623928
5,179,1786547958.54183,0,1,28.665913,-15.18596,28.037732,-13.535665,-3.785295,-0.247976,3.793409,-1.430498,0.096005,1.433716,-3.076176,1.76581,72.908909
5,180,1786547958.58187,0,1,28.514296,-15.195557,27.980513,-13.531812,-3.790428,-0.239905,3.798013,-1.430477,0.096324,1.433716,-3.078385,1.747275,75.833644
5,181,1786547958.62183,0,1,28.362254,-15.201127,27.923294,-13.527959,-3.80104,-0.13927,3.80359,-1.430478,0.096308,1.433716,-3.104969,1.729791,77.397969
5,182,1786547958.66192,0,1,28.209939,-15.206456,27.86607,-13.524178,-3.807879,-0.13321,3.810208,-1.430597,0.094528,1.433716,-3.106624,1.717062,80.45104
5,183,1786547958.70191,0,1,28.057234,-15.207364,27.808841,-13.520475,-3.81762,-0.022713,3.817687,-1.430724,0.092573,1.433716,-3.135643,1.705079,81.964317
5,184,1786547958.74176,0,1,27.90419,-15.208014,27.751603,-13.516908,-3.826116,-0.016235,3.82615,-1.430939,0.089197,1.433716,-3.137349,1.697976,85.087366
5,185,1786547958.78185,0,1,27.750823,-15.204202,27.694357,-13.513481,-3.83417,0.095285,3.835354,-1.431154,0.085669,1.433716,3.116746,1.691664,86.663599
5,186,1786547958.82186,0,1,27.597059,-15.200109,27.6371,-13.510238,-3.844093,0.102341,3.845456,-1.431423,0.081059,1.433716,3.114976,1.690345,89.832344
5,187,1786547958.86172,0,1,27.443002,-15.192449,27.579833,-13.507191,-3.851417,0.191503,3.856175,-1.431691,0.076184,1.433716,3.091911,1.690803,91.795245
5,188,1786547958.90185,0,1,27.288493,-15.184669,27.522554,-13.504368,-3.862739,0.194476,3.867631,-1.431978,0.070577,1.433716,3.091289,1.696525,95.047883
5,189,1786547958.94185,0,1,27.133784,-15.17253,27.465264,-13.50177,-3.86771,0.303483,3.879598,-1.432244,0.064954,1.433716,3.063287,1.703326,96.735206
5,190,1786547958.98184,0,1,26.978581,-15.160243,27.407964,-13.499414,-3.88009,0.307186,3.892231,-1.432506,0.058901,1.433716,3.062588,1.715437,99.968926
5,191,1786547959.02183,0,1,26.82318,-15.144349,27.350654,-13.497299,-3.88501,0.397341,3.905276,-1.432742,0.052858,1.433716,3.039672,1.729451,101.918205
5,192,1786547959.06183,0,1,26.667236,-15.128442,27.293336,-13.495434,-3.898618,0.397681,3.918848,-1.432958,0.046633,1.433716,3.039939,1.748918,105.152623
5,193,1786547959.10181,0,1,26.51114,-15.108934,27.23601,-13.493813,-3.9024,0.487695,3.932756,-1.433143,0.040528,1.433716,3.017264,1.770326,107.047159
5,194,1786547959.1417,0,1,26.354453,-15.089526,27.178678,-13.492436,-3.917171,0.485198,3.947106,-1.433303,0.034424,1.433716,3.018356,1.797232,110.23637
5,195,1786547959.18181,0,1,26.197579,-15.067095,27.12134,-13.491296,-3.921841,0.560775,3.96173,-1.433433,0.028502,1.433716,2.999568,1.826603,112.242146
5,196,1786547959.22182,0,1,26.040056,-15.044982,27.063999,-13.490388,-3.938091,0.552837,3.976706,-1.433536,0.022709,1.433716,3.002122,1.861511,115.380078
5,197,1786547959.26185,0,1,25.882432,-15.019456,27.006654,-13.489701,-3.940579,0.638151,3.991916,-1.433614,0.017161,1.433716,2.981043,1.898427,117.113481
5,198,1786547959.30192,0,1,25.724114,-14.994345,26.949308,-13.48922,-3.957967,0.627754,4.007441,-1.433666,0.012032,1.433716,2.984298,1.940748,120.133749
5,199,1786547959.34191,0,1,25.565516,-14.967234,26.89196,-13.488926,-3.964948,0.677774,4.022461,-1.433697,0.007351,1.433716,2.972288,1.986165,122.200255
5,200,1786547959.38161,0,1,25.406243,-14.940622,26.834611,-13.488802,-3.981833,0.665304,4.037031,-1.433713,0.003088,1.433716,2.976037,2.036669,125.047869
5,201,1786547959.42163,0,1,25.246848,-14.911436,26.777263,-13.488832,-3.984859,0.72965,4.05111,-1.433716,-0.00075,1.433716,2.960493,2.089491,126.714629
5,202,1786547959.46168,0,1,25.086725,-14.883212,26.719914,-13.489,-4.003077,0.705617,4.064791,-1.43371,-0.0042,1.433716,2.967116,2.147355,129.516712
5,203,1786547959.50166,0,1,24.926553,-14.852344,26.662566,-13.489291,-4.0043,0.771678,4.077978,-1.433698,-0.007267,1.433716,2.951214,2.207183,130.954421
5,204,1786547959.54166,0,1,24.76565,-14.822604,26.605219,-13.48969,-4.022585,0.743518,4.090723,-1.433681,-0.009984,1.433716,2.95882,2.271712,133.601581
5,205,1786547959.58168,0,1,24.604546,-14.791283,26.547873,-13.490185,-4.027584,0.78301,4.102991,-1.433663,-0.012366,1.433716,2.949576,2.338669,135.19511
5,206,1786547959.62167,0,1,24.442695,-14.76137,26.490527,-13.490763,-4.046295,0.747833,4.114821,-1.433644,-0.014439,1.433716,2.958836,2.409992,137.710657
5,207,1786547959.66166,0,1,24.280949,-14.728519,26.433182,-13.491411,-4.043647,0.82127,4.126205,-1.433625,-0.016218,1.433716,2.941217,2.482447,138.628938
5,208,1786547959.7017,0,1,24.118461,-14.697153,26.375838,-13.49212,-4.062187,0.784152,4.13718,-1.433607,-0.017728,1.433716,2.950901,2.558877,140.979995
5,209,1786547959.74163,0,1,23.95584,-14.664289,26.318494,-13.49288,-4.065534,0.821615,4.147725,-1.433591,-0.018988,1.433716,2.942186,2.637107,142.202519
5,210,1786547959.78166,0,1,23.792449,-14.633237,26.261151,-13.493681,-4.084761,0.776288,4.157871,-1.433577,-0.020016,1.433716,2.953787,2.719021,144.461423
5,211,1786547959.82166,0,1,23.629186,-14.59954,26.203808,-13.494514,-4.081588,0.842418,4.167617,-1.433565,-0.020829,1.433716,2.938056,2.801743,145.109229
5,212,1786547959.86167,0,1,23.465175,-14.567668,26.146466,-13.495371,-4.100282,0.796805,4.176986,-1.433556,-0.021444,1.433716,2.949656,2.887758,147.205464
5,213,1786547959.90166,0,1,23.301334,-14.533143,26.089124,-13.496246,-4.096021,0.863129,4.185974,-1.433549,-0.021875,1.433716,2.933907,2.974379,147.698225
5,214,1786547959.94168,0,1,23.136765,-14.500453,26.031782,-13.497132,-4.114223,0.817249,4.194607,-1.433545,-0.022137,1.433716,2.945505,3.063948,149.650326
5,215,1786547959.98167,0,1,22.972319,-14.465523,25.974441,-13.498022,-4.111156,0.873255,4.202877,-1.433544,-0.022244,1.433716,2.932292,3.154171,150.145274
5,216,1786547960.02165,0,1,22.807149,-14.432532,25.917099,-13.49891,-4.129243,0.82478,4.210808,-1.433544,-0.022207,1.433716,2.944446,3.247066,151.994322
5,217,1786547960.06159,0,1,22.64219,-14.397028,25.859757,-13.499791,-4.123964,0.887582,4.218397,-1.433547,-0.022038,1.433716,2.929601,3.340325,152.272341
5,218,1786547960.10152,0,1,22.476525,-14.363488,25.802424,-13.500661,-4.141638,0.838498,4.225665,-1.433315,-0.021743,1.43348,2.941837,3.435998,154.011399
5,219,1786547960.14153,0,1,22.310897,-14.328398,25.745112,-13.501514,-4.1407,0.877249,4.232607,-1.432809,-0.021331,1.432968,2.93282,3.532361,154.500298
5,220,1786547960.18153,0,1,22.144547,-14.29551,25.68783,-13.502347,-4.158744,0.822205,4.239242,-1.43205,-0.020813,1.432202,2.946405,3.630973,156.198904
5,221,1786547960.22165,0,1,21.978419,-14.260276,25.630588,-13.503155,-4.153192,0.88085,4.245574,-1.43106,-0.020197,1.431202,2.9326,3.729821,156.313649
5,222,1786547960.26165,0,1,21.811591,-14.227256,25.573393,-13.503934,-4.170702,0.825501,4.251612,-1.429855,-0.019491,1.429988,2.94619,3.830711,157.920201
5,223,1786547960.30166,0,1,21.64501,-14.191888,25.516241,-13.504689,-4.164531,0.884213,4.257364,-1.428821,-0.018876,1.428945,2.93238,3.931751,157.947018
5,224,1786547960.34165,0,1,21.477745,-14.158744,25.459123,-13.505423,-4.181624,0.828601,4.262929,-1.427943,-0.018345,1.428061,2.945974,4.034625,159.473025
5,225,1786547960.38166,0,1,21.310743,-14.123247,25.402034,-13.506139,-4.175043,0.887407,4.26831,-1.427209,-0.017892,1.427321,2.932159,4.13757,159.422806
5,226,1786547960.42163,0,1,21.14307,-14.089985,25.34497,-13.506839,-4.191827,0.831565,4.273514,-1.426608,-0.017511,1.426716,2.945757,4.242172,160.878349
5,227,1786547960.46167,0,1,20.97546,-14.055398,25.287925,-13.507527,-4.190258,0.864677,4.278542,-1.426129,-0.017197,1.426232,2.938095,4.347127,161.100175
5,228,1786547960.50169,0,1,20.80716,-14.023287,25.230895,-13.508205,-4.207506,0.802765,4.283403,-1.425762,-0.016943,1.425862,2.953065,4.453621,162.556766
5,229,1786547960.54171,0,1,20.639088,-13.989045,25.173875,-13.508875,-4.201788,0.856049,4.288105,-1.425498,-0.016747,1.425596,2.940609,4.560137,162.440181
5,230,1786547960.58167,0,1,20.470344,-13.95729,25.116862,-13.509539,-4.218597,0.793866,4.292643,-1.425328,-0.016603,1.425425,2.955585,4.668041,163.838382
5,231,1786547960.62166,0,1,20.301837,-13.923402,25.059852,-13.510199,-4.212684,0.84722,4.297033,-1.425247,-0.016506,1.425342,2.943128,4.775923,163.665528
5,232,1786547960.66166,0,1,20.132674,-13.89201,25.002842,-13.510857,-4.229067,0.784782,4.301267,-1.425245,-0.016455,1.42534,2.958111,4.88506,165.012279
5,233,1786547960.70171,0,1,19.963755,-13.858482,24.945829,-13.511515,-4.222977,0.838202,4.305359,-1.425317,-0.016444,1.425412,2.945653,4.994141,164.789678
5,234,1786547960.74166,0,1,19.794197,-13.827461,24.888811,-13.512174,-4.238946,0.775524,4.309304,-1.425458,-0.016471,1.425553,2.960642,5.10436,166.090966
5,235,1786547960.78168,0,1,19.624889,-13.794301,24.831784,-13.512835,-4.232696,0.829007,4.313116,-1.425661,-0.016533,1.425757,2.948183,5.214497,165.824257
5,236,1786547960.82168,0,1,19.454959,-13.763657,24.774748,-13.5135,-4.248262,0.766103,4.316786,-1.425921,-0.016626,1.426018,2.963177,5.325667,167.085252
5,237,1786547960.86166,0,1,19.28818,-13.731431,24.717698,-13.51417,-4.169475,0.805658,4.2466,-1.426234,-0.016749,1.426333,2.950717,5.433863,166.772206
5,238,1786547960.90164,0,1,19.124681,-13.697141,24.660634,-13.514846,-4.087472,0.857236,4.176395,-1.426596,-0.016899,1.426697,2.934866,5.538954,166.269414
5,239,1786547960.94167,0,1,18.964606,-13.660357,24.603554,-13.515529,-4.001887,0.9196,4.106186,-1.427003,-0.017074,1.427105,2.915722,5.640808,165.587345
5,240,1786547960.98166,0,1,18.808114,-13.620697,24.546456,-13.51622,-3.912298,0.991517,4.035986,-1.427451,-0.017271,1.427556,2.893383,5.739294,164.735569
5,241,1786547961.02165,0,1,18.655384,-13.577827,24.489339,-13.51692,-3.818243,1.071749,3.965807,-1.427937,-0.01749,1.428044,2.867943,5.834273,163.722856
5,242,1786547961.06165,0,1,18.506614,-13.531464,24.4322,-13.517629,-3.719247,1.159054,3.895665,-1.428458,-0.017727,1.428568,2.839494,5.925602,162.557263
5,243,1786547961.10167,0,1,18.36202,-13.481377,24.37504,-13.518348,-3.61484,1.25218,3.825575,-1.429011,-0.017981,1.429124,2.808129,6.013133,161.246202
5,244,1786547961.14168,0,1,18.221837,-13.427383,24.317856,-13.519078,-3.504578,1.349863,3.755555,-1.429594,-0.018251,1.42971,2.773934,6.096708,159.796508
5,245,1786547961.18167,0,1,18.086133,-13.369777,24.260648,-13.51982,-3.392611,1.440132,3.68562,-1.430203,-0.018536,1.430323,2.740154,6.176338,158.391263
5,246,1786547961.22171,0,1,17.954504,-13.309844,24.203414,-13.520573,-3.290726,1.498323,3.615778,-1.430838,-0.018833,1.430962,2.714326,6.252463,157.450849
5,247,1786547961.26167,0,1,17.826977,-13.247744,24.146155,-13.521339,-3.188164,1.552513,3.546081,-1.431496,-0.019142,1.431624,2.68843,6.325097,156.514825
5,248,1786547961.30172,0,1,17.703574,-13.183636,24.088874,-13.522119,-3.085072,1.60271,3.476543,-1.432021,-0.019511,1.432154,2.662463,6.394265,155.582306
5,249,1786547961.34168,0,1,17.58431,-13.117678,24.031577,-13.522916,-2.981599,1.64893,3.407184,-1.432426,-0.019936,1.432564,2.636422,6.459989,154.652399
5,250,1786547961.38167,0,1,17.469195,-13.05003,23.974268,-13.523733,-2.877889,1.691196,3.338022,-1.432718,-0.020411,1.432864,2.610302,6.522298,153.724259
5,251,1786547961.42165,0,1,17.358231,-12.980849,23.916952,-13.52457,-2.774087,1.729536,3.269075,-1.432908,-0.020932,1.433061,2.584101,6.581219,152.797066
6,0,1786547965.57064,0,1,53.28,-13.199968,37.597264,-13.400021,-0.499999,0.000796,0.5,-0.068398,-0.000517,0.0684,3.14,15.684012,0.822091
6,0,1786547965.61072,0,1,53.28,-13.199968,37.591392,-13.400056,-0.499999,0.000796,0.5,-0.146797,-0.000877,0.1468,3.14,15.689884,0.821945
6,1,1786547965.65074,0,1,53.257175,-13.20012,37.582384,-13.400099,-0.570626,-0.003797,0.570639,-0.225197,-0.001072,0.2252,-3.134939,15.676066,0.349692
6,2,1786547965.69065,0,1,53.231524,-13.200164,37.57024,-13.400142,-0.641277,-0.001106,0.641278,-0.303597,-0.001092,0.303599,-3.139867,15.66256,0.632711
6,3,1786547965.73059,0,1,53.203047,-13.200147,37.554961,-13.400179,-0.711918,0.00044,0.711918,-0.381997,-0.000927,0.381998,3.140975,15.649365,0.767768
6,4,1786547965.77066,0,1,53.171745,-13.200059,37.536545,-13.400202,-0.782555,0.00218,0.782558,-0.460396,-0.000565,0.460397,3.138807,15.636481,0.893024
6,5,1786547965.81065,0,1,53.137617,-13.199902,37.514993,-13.400202,-0.853189,0.003941,0.853198,-0.538794,9E-06,0.538794,3.136973,15.623909,0.99922
6,6,1786547965.85066,0,1,53.100665,-13.199671,37.490307,-13.400169,-0.923818,0.005778,0.923836,-0.617145,0.000808,0.617145,3.135338,15.611645,1.094211
6,7,1786547965.89064,0,1,53.060887,-13.199362,37.462732,-13.400098,-0.994444,0.007708,0.994474,-0.689387,0.001771,0.689389,3.133841,15.599447,1.181423
6,8,1786547965.93067,0,1,53.018284,-13.198972,37.432491,-13.399983,-1.065065,0.009754,1.06511,-0.756009,0.002883,0.756014,3.132435,15.587089,1.263606
6,9,1786547965.97065,0,1,52.972857,-13.198495,37.399793,-13.399818,-1.135681,0.011934,1.135744,-0.81746,0.004132,0.817471,3.131085,15.574365,1.342724
6,10,1786547966.01065,0,1,52.924605,-13.197924,37.364827,-13.399598,-1.206292,0.014268,1.206376,-0.874155,0.005508,0.874173,3.129765,15.561086,1.420252
6,11,1786547966.05065,0,1,52.87353,-13.197253,37.327768,-13.399318,-1.276896,0.016774,1.277006,-0.926474,0.006998,0.926501,3.128457,15.547075,1.497307
6,12,1786547966.0906,0,1,52.81963,-13.196474,37.288777,-13.398974,-1.347493,0.019468,1.347633,-0.974767,0.008595,0.974805,3.127146,15.532173,1.574752
6,13,1786547966.13064,0,1,52.762907,-13.19558,37.248003,-13.398562,-1.418081,0.022368,1.418258,-1.019355,0.010287,1.019407,3.12582,15.516232,1.653257
6,14,1786547966.17064,0,1,52.70336,-13.19456,37.205581,-13.39808,-1.488661,0.02549,1.488879,-1.060536,0.012068,1.060605,3.124471,15.499115,1.733351
6,15,1786547966.21063,0,1,52.640991,-13.193406,37.161638,-13.397522,-1.55923,0.028849,1.559497,-1.098582,0.013929,1.09867,3.123093,15.480699,1.815455
6,16,1786547966.25063,0,1,52.575799,-13.192108,37.116288,-13.396888,-1.629788,0.03246,1.630111,-1.133743,0.015864,1.133854,3.121679,15.460867,1.899903
6,17,1786547966.29062,0,1,52.507786,-13.190654,37.069638,-13.396173,-1.700334,0.036337,1.700722,-1.166251,0.017866,1.166388,3.120225,15.439516,1.986967
6,18,1786547966.33062,0,1,52.436952,-13.189034,37.021786,-13.395376,-1.770866,0.040495,1.771329,-1.196318,0.019928,1.196484,3.118729,15.416547,2.076865
6,19,1786547966.37062,0,1,52.363296,-13.187237,36.97282,-13.394494,-1.841383,0.044946,1.841932,-1.224138,0.022047,1.224337,3.117189,15.391872,2.169775
6,20,1786547966.4106,0,1,52.286821,-13.185248,36.922824,-13.393526,-1.911884,0.049703,1.91253,-1.249893,0.024215,1.250127,3.115602,15.365408,2.26584
6,21,1786547966.45064,0,1,52.207526,-13.183057,36.871874,-13.392469,-1.982368,0.054778,1.983125,-1.273746,0.026429,1.27402,3.113967,15.337081,2.365177
6,22,1786547966.49064,0,1,52.125413,-13.18065,36.82004,-13.391321,-2.052833,0.060184,2.053715,-1.29585,0.028684,1.296168,3.112284,15.306822,2.46788
6,23,1786547966.53066,0,1,52.040482,-13.178013,36.7674,-13.390101,-2.123277,0.06593,2.1243,-1.316016,0.030504,1.316369,3.110552,15.274554,2.574096
6,24,1786547966.57063,0,1,51.952726,-13.175361,36.714024,-13.388824,-2.1939,0.066298,2.194902,-1.334397,0.031924,1.334779,3.111382,15.240197,2.533465
6,25,1786547966.61063,0,1,51.862146,-13.172656,36.659979,-13.387505,-2.264503,0.067611,2.265512,-1.351137,0.032973,1.351539,3.111745,15.203685,2.519856
6,26,1786547966.65066,0,1,51.76874,-13.169918,36.605324,-13.386158,-2.335129,0.068452,2.336132,-1.366367,0.033683,1.366782,3.112287,15.164958,2.496097
6,27,1786547966.69066,0,1,51.67251,-13.167155,36.550115,-13.384795,-2.405766,0.069095,2.406758,-1.380208,0.034079,1.380629,3.11288,15.12396,2.469663
6,28,1786547966.73065,0,1,51.573453,-13.164377,36.494405,-13.383427,-2.476417,0.06944,2.47739,-1.392772,0.034186,1.393191,3.11356,15.080639,2.438446
6,29,1786547966.77064,0,1,51.47157,-13.161598,36.438238,-13.382066,-2.547079,0.069471,2.548026,-1.404159,0.034028,1.404571,3.114325,15.034948,2.402544
6,30,1786547966.81064,0,1,51.366924,-13.158834,36.38166,-13.380721,-2.616151,0.069113,2.617064,-1.414465,0.033626,1.414864,3.115181,14.986907,2.361604
6,31,1786547966.85064,0,1,51.259589,-13.1561,36.324709,-13.379401,-2.683381,0.068338,2.684251,-1.423775,0.032999,1.424158,3.116131,14.936549,2.315445
6,32,1786547966.89064,0,1,51.149636,-13.153415,36.267422,-13.378114,-2.748819,0.067125,2.749638,-1.43217,0.032164,1.432531,3.117178,14.88391,2.263879
6,33,1786547966.93064,0,1,51.037135,-13.150797,36.209833,-13.376869,-2.812511,0.065459,2.813273,-1.439723,0.03114,1.44006,3.118323,14.829026,2.206798
6,34,1786547966.97072,0,1,50.922155,-13.148264,36.151973,-13.375671,-2.874505,0.063328,2.875202,-1.446501,0.029941,1.44681,3.119565,14.771933,2.144148
6,35,1786547967.0107,0,1,50.804761,-13.145835,36.09387,-13.374528,-2.934845,0.060722,2.935474,-1.452565,0.028581,1.452847,3.120906,14.712669,2.075925
6,36,1786547967.05075,0,1,50.685018,-13.143529,36.035551,-13.373445,-2.993576,0.057637,2.994131,-1.457974,0.027074,1.458226,3.122341,14.651271,2.002167
6,37,1786547967.09064,0,1,50.562989,-13.141366,35.97704,-13.372428,-3.05074,0.05407,3.051219,-1.46278,0.025431,1.463001,3.123871,14.587779,1.922945
6,38,1786547967.13062,0,1,50.438734,-13.139366,35.918359,-13.371481,-3.106378,0.050021,3.106781,-1.46703,0.023665,1.467221,3.125491,14.52223,1.838363
6,39,1786547967.17062,0,1,50.312312,-13.137546,35.859528,-13.37061,-3.16053,0.045494,3.160857,-1.47077,0.021784,1.470931,3.127199,14.454663,1.748549
6,40,1786547967.21059,0,1,50.183783,-13.135926,35.800567,-13.369818,-3.213234,0.040494,3.213489,-1.47404,0.019799,1.474172,3.128991,14.385118,1.653653
6,41,1786547967.25071,0,1,50.053202,-13.134525,35.741491,-13.369109,-3.264529,0.03503,3.264717,-1.476877,0.017718,1.476983,3.130863,14.313633,1.553842
6,42,1786547967.29073,0,1,49.920624,-13.13336,35.682319,-13.368487,-3.314452,0.029111,3.31458,-1.479317,0.01555,1.479399,3.13281,14.240246,1.449297
6,43,1786547967.33072,0,1,49.786102,-13.13245,35.623063,-13.367955,-3.363037,0.02275,3.363114,-1.481391,0.013303,1.48145,3.134828,14.164997,1.340214
6,44,1786547967.37072,0,1,49.64969,-13.131812,35.563738,-13.367516,-3.410319,0.01596,3.410356,-1.483128,0.010982,1.483169,3.136913,14.087923,1.226793
6,45,1786547967.41066,0,1,49.511436,-13.131462,35.504356,-13.367172,-3.456332,0.008757,3.456343,-1.484556,0.008595,1.484581,3.139059,14.009064,1.109243
6,46,1786547967.45067,0,1,49.371392,-13.131415,35.444928,-13.366926,-3.501109,0.001157,3.501109,-1.485699,0.006147,1.485711,3.141262,13.928455,0.987778
6,47,1786547967.4906,0,1,49.229605,-13.131688,35.385465,-13.36678,-3.544682,-0.006821,3.544688,-1.486579,0.003644,1.486584,-3.139668,13.846136,0.86261
6,48,1786547967.53071,0,1,49.086121,-13.132295,35.325957,-13.366727,-3.587081,-0.01516,3.587113,-1.487688,0.001345,1.487688,-3.137366,13.762161,0.733911
6,49,1786547967.57073,0,1,48.940988,-13.132987,35.266397,-13.366757,-3.628324,-0.017321,3.628365,-1.489006,-0.000765,1.489006,-3.136819,13.676589,0.705876
6,50,1786547967.61071,0,1,48.794252,-13.133856,35.206776,-13.366865,-3.668411,-0.021706,3.668475,-1.490516,-0.002701,1.490518,-3.135676,13.589473,0.643451
6,51,1786547967.65072,0,1,48.645956,-13.134842,35.147088,-13.367044,-3.707391,-0.024665,3.707473,-1.492204,-0.004477,1.49221,-3.13494,13.500865,0.604302
6,52,1786547967.69065,0,1,48.496145,-13.135956,35.087326,-13.367288,-3.745284,-0.027845,3.745387,-1.494055,-0.006104,1.494067,-3.134158,13.410814,0.562414
6,53,1786547967.73066,0,1,48.34486,-13.137176,35.027484,-13.367592,-3.782125,-0.030496,3.782248,-1.496055,-0.007595,1.496075,-3.13353,13.319369,0.529254
6,54,1786547967.77062,0,1,48.192142,-13.138495,34.967556,-13.367951,-3.817939,-0.032989,3.818081,-1.498194,-0.008959,1.498221,-3.132952,13.226577,0.498971
6,55,1786547967.81061,0,1,48.038032,-13.139902,34.907544,-13.368359,-3.852755,-0.035156,3.852916,-1.50029,-0.010206,1.500324,-3.132468,13.132475,0.473978
6,56,1786547967.85061,0,1,47.882568,-13.141386,34.847533,-13.368812,-3.8866,-0.037101,3.886777,-1.500282,-0.011328,1.500324,-3.132047,13.037019,0.452633
6,57,1786547967.89062,0,1,47.725788,-13.142937,34.787522,-13.369306,-3.9195,-0.038788,3.919692,-1.500274,-0.012349,1.500324,-3.131697,12.940246,0.435363
6,58,1786547967.93061,0,1,47.567729,-13.144547,34.727512,-13.369837,-3.951479,-0.040255,3.951684,-1.500266,-0.013275,1.500324,-3.131406,12.842194,0.42152
6,59,1786547967.97073,0,1,47.408427,-13.146208,34.667501,-13.370401,-3.982564,-0.041501,3.98278,-1.500258,-0.014114,1.500324,-3.131172,12.742898,0.411053
6,60,1786547968.01066,0,1,47.247915,-13.147909,34.607491,-13.370996,-4.012777,-0.042548,4.013003,-1.500251,-0.014873,1.500324,-3.13099,12.642393,0.403595
6,61,1786547968.05073,0,1,47.08623,-13.149646,34.547481,-13.371619,-4.042143,-0.043405,4.042376,-1.500244,-0.015557,1.500324,-3.130855,12.540713,0.398977
6,62,1786547968.09073,0,1,46.923402,-13.151409,34.487472,-13.372266,-4.070683,-0.044087,4.070922,-1.500237,-0.016173,1.500324,-3.130763,12.437891,0.396932
6,63,1786547968.13074,0,1,46.759466,-13.153193,34.427463,-13.372935,-4.09842,-0.044606,4.098663,-1.500231,-0.016725,1.500324,-3.130709,12.33396,0.397273
6,64,1786547968.17072,0,1,46.594451,-13.154992,34.367454,-13.373623,-4.125375,-0.044975,4.12562,-1.500226,-0.017219,1.500324,-3.130691,12.228951,0.399783
6,65,1786547968.21071,0,1,46.428388,-13.156801,34.307445,-13.37433,-4.151569,-0.045206,4.151816,-1.500221,-0.017659,1.500324,-3.130704,12.122895,0.404286
6,66,1786547968.25086,0,1,46.261307,-13.158613,34.247436,-13.375052,-4.177023,-0.045312,4.177269,-1.500216,-0.018048,1.500324,-3.130745,12.01582,0.410599
6,67,1786547968.29087,0,1,46.093237,-13.160412,34.187428,-13.375787,-4.201755,-0.044977,4.201996,-1.500212,-0.018392,1.500324,-3.130889,11.907757,0.423074
6,68,1786547968.33084,0,1,45.924206,-13.162212,34.127419,-13.376535,-4.225779,-0.044999,4.226019,-1.500208,-0.018694,1.500324,-3.130944,11.798733,0.430722
6,69,1786547968.37087,0,1,45.754241,-13.163994,34.067411,-13.377293,-4.249124,-0.044548,4.249357,-1.500205,-0.018957,1.500324,-3.131109,11.688776,0.444929
6,70,1786547968.41088,0,1,45.583369,-13.165766,34.007403,-13.378061,-4.271799,-0.044289,4.272029,-1.500202,-0.019183,1.500324,-3.131225,11.577912,0.456639
6,71,1786547968.45077,0,1,45.411616,-13.167513,33.947395,-13.378836,-4.293828,-0.043693,4.294051,-1.500199,-0.019377,1.500324,-3.131417,11.466168,0.473022
6,72,1786547968.4909,0,1,45.239007,-13.169242,33.887387,-13.379617,-4.315224,-0.043211,4.31544,-1.500197,-0.019541,1.500324,-3.131579,11.353568,0.488008
6,73,1786547968.53079,0,1,45.065566,-13.17094,33.82738,-13.380403,-4.336007,-0.042459,4.336215,-1.500196,-0.019641,1.500324,-3.131801,11.240139,0.506746
6,74,1786547968.5707,0,1,44.891331,-13.17244,33.767372,-13.38119,-4.355885,-0.037508,4.356046,-1.500195,-0.019685,1.500324,-3.132982,11.125918,0.581724
6,75,1786547968.61083,0,1,44.716338,-13.173874,33.707364,-13.381977,-4.374813,-0.035835,4.374959,-1.500195,-0.019676,1.500324,-3.133402,11.010941,0.613621
6,76,1786547968.65085,0,1,44.540623,-13.175081,33.647356,-13.382762,-4.392875,-0.030176,4.392979,-1.500196,-0.019618,1.500324,-3.134724,10.895247,0.698645
6,77,1786547968.69088,0,1,44.364222,-13.176205,33.587348,-13.383543,-4.410039,-0.028091,4.410128,-1.500198,-0.019517,1.500324,-3.135223,10.778868,0.737233
6,78,1786547968.73079,0,1,44.187167,-13.17706,33.52734,-13.384318,-4.426377,-0.02138,4.426429,-1.500199,-0.019375,1.500324,-3.136763,10.661841,0.837111
6,79,1786547968.77085,0,1,44.009492,-13.177842,33.467332,-13.385086,-4.441861,-0.019546,4.441904,-1.500202,-0.019196,1.500324,-3.137192,10.544197,0.874092
6,80,1786547968.81084,0,1,43.83123,-13.178282,33.407324,-13.385845,-4.45656,-0.011014,4.456573,-1.500204,-0.018983,1.500324,-3.139121,10.425972,0.999132
6,81,1786547968.85084,0,1,43.652412,-13.178715,33.347316,-13.386595,-4.470445,-0.01081,4.470458,-1.500207,-0.018738,1.500324,-3.139175,10.307193,1.017103
6,82,1786547968.89084,0,1,43.473069,-13.178645,33.287307,-13.387333,-4.483578,0.001741,4.483578,-1.500211,-0.018466,1.500324,3.141204,10.187899,1.195974
6,83,1786547968.93086,0,1,43.293231,-13.178792,33.227299,-13.38806,-4.49595,-0.003687,4.495951,-1.500214,-0.018167,1.500324,-3.140773,10.068107,1.144006
6,84,1786547968.97087,0,1,43.112929,-13.177978,33.16729,-13.388774,-4.50755,0.02037,4.507596,-1.500218,-0.017843,1.500324,3.137074,9.947873,1.473116
6,85,1786547969.01086,0,1,42.932188,-13.178199,33.107281,-13.389474,-4.518527,-0.005548,4.51853,-1.500222,-0.017498,1.500324,-3.140365,9.827178,1.161545
6,86,1786547969.05085,0,1,42.751054,-13.175749,33.047272,-13.390159,-4.528357,0.061249,4.528771,-1.500227,-0.017133,1.500324,3.128068,9.70615,2.040686
6,87,1786547969.09079,0,1,42.56952,-13.175505,32.987263,-13.390829,-4.538332,0.006103,4.538336,-1.500231,-0.016748,1.500324,3.140248,9.584677,1.364323
6,88,1786547969.13083,0,1,42.387657,-13.17245,32.927253,-13.391483,-4.546592,0.076381,4.547234,-1.500235,-0.016347,1.500324,3.124795,9.462939,2.288769
6,89,1786547969.17079,0,1,42.205439,-13.171609,32.867244,-13.39212,-4.555435,0.021034,4.555483,-1.50024,-0.01593,1.500324,3.136975,9.340799,1.617272
6,90,1786547969.21077,0,1,42.022952,-13.167943,32.807234,-13.39274,-4.562173,0.091638,4.563093,-1.500244,-0.015499,1.500324,3.121509,9.21846,2.548037
6,91,1786547969.2507,0,1,41.840155,-13.166499,32.747224,-13.393342,-4.569936,0.036113,4.570079,-1.500249,-0.015054,1.500324,3.13369,9.09576,1.881836
6,92,1786547969.2907,0,1,41.657147,-13.162219,32.687214,-13.393926,-4.575197,0.106987,4.576448,-1.500253,-0.014597,1.500324,3.118213,8.972925,2.81927
6,93,1786547969.3307,0,1,41.47387,-13.160167,32.627203,-13.394491,-4.581927,0.051309,4.582215,-1.500258,-0.014129,1.500324,3.130395,8.849769,2.158839
6,94,1786547969.37079,0,1,41.29044,-13.155271,32.567193,-13.395037,-4.58575,0.122398,4.587383,-1.500262,-0.013651,1.500324,3.114908,8.726541,3.103343
6,95,1786547969.41081,0,1,41.106781,-13.152607,32.507182,-13.395564,-4.591484,0.066591,4.591967,-1.500267,-0.013163,1.500324,3.127091,8.60303,2.449202
6,96,1786547969.45071,0,1,40.923025,-13.147094,32.447171,-13.39607,-4.593899,0.137842,4.595966,-1.500271,-0.012667,1.500324,3.111596,8.479509,3.401234
6,97,1786547969.4907,0,1,40.739078,-13.143817,32.38716,-13.396557,-4.598663,0.081927,4.599393,-1.500275,-0.012162,1.500324,3.123779,8.355741,2.753958
6,98,1786547969.53069,0,1,40.555091,-13.137685,32.327149,-13.397021,-4.599691,0.153288,4.602244,-1.50028,-0.011602,1.500324,3.108279,8.232027,3.714023
6,99,1786547969.57069,0,1,40.370919,-13.133793,32.267138,-13.39746,-4.604286,0.097305,4.605314,-1.500284,-0.01099,1.500324,3.120462,8.108069,3.07422
6,100,1786547969.61076,0,1,40.1867,-13.127041,32.207126,-13.397874,-4.605476,0.168796,4.608568,-1.500289,-0.010332,1.500324,3.104958,7.984168,4.042933
6,101,1786547969.65066,0,1,40.002275,-13.122531,32.147115,-13.398259,-4.61062,0.112759,4.611999,-1.500294,-0.00963,1.500324,3.117141,7.859998,3.41131
6,102,1786547969.69077,0,1,39.8178,-13.115155,32.087103,-13.398614,-4.611875,0.184393,4.61556,-1.500298,-0.008888,1.500324,3.101632,7.735893,4.389502
6,103,1786547969.73077,0,1,39.633101,-13.110023,32.027091,-13.398939,-4.61747,0.128294,4.619252,-1.500303,-0.008111,1.500324,3.113815,7.611496,3.766869
6,104,1786547969.77085,0,1,39.448354,-13.10202,31.96708,-13.399231,-4.618681,0.200079,4.623013,-1.500257,-0.0073,1.500275,3.0983,7.487175,4.75548
6,105,1786547969.81084,0,1,39.26337,-13.096264,31.907075,-13.399489,-4.624615,0.143911,4.626854,-1.500142,-0.00646,1.500156,3.110484,7.362542,4.142773
6,106,1786547969.85085,0,1,39.078343,-13.08763,31.847076,-13.399713,-4.625656,0.215847,4.630689,-1.499964,-0.005591,1.499975,3.094963,7.237999,5.142867
6,107,1786547969.89086,0,1,38.893071,-13.081245,31.787087,-13.399901,-4.6318,0.159606,4.634549,-1.499728,-0.004698,1.499735,3.107148,7.113126,4.541165
6,108,1786547969.93089,0,1,38.70777,-13.071978,31.727109,-13.400052,-4.632523,0.231688,4.638313,-1.499437,-0.003782,1.499442,3.091621,6.988366,5.553951
6,109,1786547969.97085,0,1,38.522221,-13.064963,31.667146,-13.400166,-4.638726,0.175368,4.64204,-1.499098,-0.002845,1.499101,3.103805,6.863266,4.964494
6,110,1786547970.0108,0,1,38.336663,-13.05506,31.607197,-13.400241,-4.638962,0.247582,4.645564,-1.498713,-0.001891,1.498714,3.088273,6.738313,5.991345
6,111,1786547970.05078,0,1,38.150861,-13.047413,31.547266,-13.400278,-4.645052,0.191181,4.648985,-1.498286,-0.000919,1.498286,3.100458,6.613016,5.415561
6,112,1786547970.09071,0,1,37.965077,-13.036873,31.487353,-13.400276,-4.644605,0.263503,4.652073,-1.49782,6.7E-05,1.49782,3.08492,6.487909,6.458041
6,113,1786547970.13076,0,1,37.779414,-13.022745,31.42746,-13.400233,-4.641578,0.353192,4.654996,-1.497319,0.001066,1.497319,3.065646,6.36316,7.752444
6,114,1786547970.17078,0,1,37.593523,-13.010183,31.367589,-13.40015,-4.647253,0.314056,4.657853,-1.496785,0.002076,1.496787,3.074116,6.238136,7.450194
6,115,1786547970.21065,0,1,37.407817,-12.99403,31.30774,-13.400026,-4.64267,0.40381,4.660198,-1.496222,0.003097,1.496225,3.054833,6.113573,8.778715
6,116,1786547970.25083,0,1,37.221888,-12.979444,31.247915,-13.399861,-4.648202,0.364667,4.662485,-1.495631,0.004127,1.495636,3.0633,5.988749,8.5114
6,117,1786547970.29088,0,1,37.036211,-12.961267,31.188114,-13.399654,-4.641939,0.454421,4.664128,-1.495014,0.005165,1.495023,3.044009,5.864505,9.878144
6,118,1786547970.33084,0,1,36.850322,-12.944656,31.128339,-13.399406,-4.647225,0.41526,4.665741,-1.494374,0.006209,1.494387,3.052473,5.740025,9.650179
6,119,1786547970.37082,0,1,36.664755,-12.924459,31.068591,-13.399116,-4.639185,0.504941,4.666584,-1.493712,0.007259,1.49373,3.033177,5.616258,11.059888
6,120,1786547970.4107,0,1,36.478989,-12.905829,31.008869,-13.398783,-4.644149,0.465753,4.667446,-1.493031,0.008314,1.493054,3.041639,5.492286,10.876389
6,121,1786547970.45086,0,1,36.293618,-12.883617,30.949176,-13.398408,-4.634274,0.555283,4.667422,-1.492331,0.009373,1.492361,3.02234,5.369177,12.334563
6,122,1786547970.49088,0,1,36.108063,-12.862975,30.889511,-13.397991,-4.638874,0.516059,4.66749,-1.491615,0.010434,1.491651,3.030802,5.245905,12.201486
6,123,1786547970.53085,0,1,35.922977,-12.83876,30.829869,-13.397541,-4.627146,0.605362,4.666577,-1.491067,0.011251,1.49111,3.011503,5.123669,13.71464
6,124,1786547970.57086,0,1,35.737736,-12.816118,30.770242,-13.397067,-4.631017,0.566055,4.665484,-1.490675,0.011842,1.490722,3.019965,5.00135,13.639205
6,125,1786547970.61087,0,1,35.553065,-12.78992,30.710625,-13.396578,-4.616769,0.654951,4.662994,-1.490427,0.012225,1.490477,3.000669,4.880294,15.215079
6,126,1786547970.65085,0,1,35.369147,-12.759489,30.651012,-13.396081,-4.597967,0.760775,4.660481,-1.490309,0.012417,1.490361,2.977619,4.760887,17.079192
6,127,1786547970.69078,0,1,35.185173,-12.729947,30.5914,-13.395584,-4.599349,0.738551,4.658269,-1.490313,0.012433,1.490365,2.982375,4.641748,17.367291
6,128,1786547970.73069,0,1,35.001086,-12.701984,30.531783,-13.395093,-4.602181,0.699082,4.654975,-1.490428,0.012286,1.490479,2.990843,4.522728,17.452661
6,129,1786547970.77074,0,1,34.817752,-12.670508,30.472157,-13.394613,-4.583332,0.786897,4.650391,-1.490646,0.011989,1.490694,2.971564,4.405511,19.202197
6,130,1786547970.81073,0,1,34.634327,-12.640614,30.412518,-13.394151,-4.585638,0.747345,4.646139,-1.490958,0.011555,1.491003,2.980038,4.288529,19.376373
6,131,1786547970.85087,0,1,34.451726,-12.607232,30.352864,-13.393711,-4.565023,0.834563,4.640682,-1.491357,0.010995,1.491397,2.960773,4.173633,21.221975
6,132,1786547970.89085,0,1,34.269043,-12.575433,30.293191,-13.393298,-4.567077,0.794969,4.635749,-1.491835,0.010318,1.491871,2.969254,4.059101,21.498325
6,133,1786547970.93086,0,1,34.087242,-12.54017,30.233495,-13.392917,-4.545029,0.881583,4.629738,-1.492387,0.009534,1.492417,2.950005,3.946966,23.454363
6,134,1786547970.97085,0,1,33.905355,-12.506489,30.173775,-13.392571,-4.547152,0.842003,4.624452,-1.493006,0.008652,1.493031,2.958495,3.83534,23.848477
6,135,1786547971.01084,0,1,33.723317,-12.47507,30.114028,-13.392264,-4.550965,0.785485,4.618254,-1.493688,0.007679,1.493707,2.970679,3.724005,24.05084
6,136,1786547971.05083,0,1,33.542075,-12.440885,30.054251,-13.391999,-4.531051,0.854638,4.610947,-1.494426,0.006624,1.494441,2.955165,3.615181,25.934953
6,137,1786547971.09084,0,1,33.361779,-12.403277,29.994442,-13.391779,-4.507396,0.940182,4.604407,-1.495218,0.005493,1.495228,2.935955,3.509429,28.142103
6,138,1786547971.13088,0,1,33.181381,-12.367248,29.9346,-13.391607,-4.509955,0.90074,4.599024,-1.496057,0.004293,1.496063,2.944464,3.404541,28.805141
6,139,1786547971.17087,0,1,33.000788,-12.333462,29.874722,-13.391486,-4.514814,0.844649,4.593144,-1.496941,0.00303,1.496944,2.956647,3.300259,29.295131
6,140,1786547971.21078,0,1,32.820997,-12.296934,29.814807,-13.391418,-4.494784,0.913202,4.586614,-1.497866,0.001708,1.497867,2.941152,3.19923,31.489825
6,141,1786547971.25071,0,1,32.640982,-12.262638,29.754854,-13.391404,-4.500361,0.857385,4.581306,-1.498829,0.000333,1.498829,2.953334,3.099008,32.146919
6,142,1786547971.29075,0,1,32.460671,-12.231239,29.694861,-13.391448,-4.507777,0.784981,4.575615,-1.499827,-0.00109,1.499827,2.969182,2.999299,32.635581
6,143,1786547971.33077,0,1,32.280988,-12.197756,29.634848,-13.39155,-4.492085,0.837077,4.569412,-1.500322,-0.002556,1.500324,2.957361,2.902964,34.838012
6,144,1786547971.37088,0,1,32.10099,-12.167156,29.574835,-13.391713,-4.499944,0.765006,4.564508,-1.500319,-0.00406,1.500324,2.973199,2.807311,35.510087
6,145,1786547971.41088,0,1,31.921569,-12.134466,29.514823,-13.391937,-4.48554,0.81723,4.559378,-1.500314,-0.005599,1.500324,2.961377,2.715448,37.911628
6,146,1786547971.45085,0,1,31.741794,-12.104645,29.454811,-13.392223,-4.494354,0.745534,4.55577,-1.500307,-0.007169,1.500324,2.977207,2.624529,38.798225
6,147,1786547971.49079,0,1,31.561613,-12.078353,29.394799,-13.392574,-4.50454,0.657314,4.552246,-1.500299,-0.008767,1.500324,2.996693,2.534218,39.5399
6,148,1786547971.53086,0,1,31.381791,-12.050606,29.334787,-13.392983,-4.495554,0.693656,4.548754,-1.50029,-0.010229,1.500324,2.988502,2.447897,42.027377
6,149,1786547971.57086,0,1,31.201538,-12.026377,29.274776,-13.393446,-4.506321,0.605729,4.546849,-1.50028,-0.011568,1.500324,3.007976,2.362475,43.011986
6,150,1786547971.61085,0,1,31.021551,-12.00068,29.214765,-13.393957,-4.499672,0.642421,4.5453,-1.50027,-0.012791,1.500324,2.99978,2.2816,45.762339
6,151,1786547971.65088,0,1,30.841091,-11.978491,29.154768,-13.395343,-4.511505,0.554725,4.545481,-1.499924,-0.034646,1.500324,3.019249,2.202533,47.046828
6,152,1786547971.69079,0,1,30.660132,-11.96048,29.094795,-13.397531,-4.523956,0.450294,4.546311,-1.499327,-0.054699,1.500324,3.042384,2.124947,48.237596
6,153,1786547971.73079,0,1,30.47869,-11.947323,29.034854,-13.400469,-4.536059,0.328922,4.547969,-1.498526,-0.073444,1.500324,3.069207,2.048487,49.331552
6,154,1786547971.77087,0,1,30.297161,-11.933985,28.974941,-13.403932,-4.538223,0.333455,4.550457,-1.497825,-0.086574,1.500324,3.068248,1.977122,52.23093
6,155,1786547971.81087,0,1,30.115171,-11.925514,28.915057,-13.407866,-4.549747,0.211757,4.554672,-1.497097,-0.09835,1.500324,3.095084,1.90726,53.67109
6,156,1786547971.85074,0,1,29.932983,-11.916863,28.855192,-13.41208,-4.554713,0.216291,4.559846,-1.496621,-0.10535,1.500324,3.094141,1.843179,56.933764
6,157,1786547971.89078,0,1,29.750357,-11.913103,28.795346,-13.416522,-4.565646,0.093998,4.566614,-1.496144,-0.111042,1.500259,3.121007,1.781099,58.754682
6,158,1786547971.9309,0,1,29.567391,-11.914937,28.735544,-13.421147,-4.574139,-0.045863,4.574369,-1.495057,-0.115629,1.499521,-3.131566,1.72065,60.514613
6,159,1786547971.9709,0,1,29.384083,-11.917277,28.675778,-13.425818,-4.582699,-0.058504,4.583073,-1.494151,-0.116782,1.498708,-3.128827,1.666551,64.117115
6,160,1786547972.01088,0,1,29.200539,-11.925256,28.616062,-13.430495,-4.588604,-0.199472,4.592938,-1.492899,-0.116923,1.49747,-3.098149,1.614731,66.289901
6,161,1786547972.05082,0,1,29.016591,-11.933769,28.556385,-13.435081,-4.598699,-0.212811,4.60362,-1.491938,-0.114639,1.496335,-3.095349,1.570264,70.308241
6,162,1786547972.09078,0,1,28.832534,-11.94797,28.496751,-13.439546,-4.601432,-0.355035,4.615108,-1.49083,-0.111632,1.495003,-3.064588,1.528904,72.901055
6,163,1786547972.1308,0,1,28.648037,-11.962738,28.437152,-13.443834,-4.612429,-0.36921,4.627182,-1.489997,-0.107215,1.493849,-3.061716,1.496034,77.319846
6,164,1786547972.17077,0,1,28.463586,-11.983247,28.377587,-13.447933,-4.611275,-0.512719,4.639692,-1.489117,-0.102461,1.492638,-3.030859,1.467208,80.295184
6,165,1786547972.21073,0,1,28.278686,-12.004359,28.31805,-13.451818,-4.622498,-0.527784,4.652531,-1.488412,-0.09712,1.491577,-3.027908,1.447994,85.04415
6,166,1786547972.25086,0,1,28.093443,-12.026981,28.25854,-13.455482,-4.631069,-0.565551,4.665474,-1.487767,-0.091608,1.490584,-3.020073,1.43801,89.630068
6,167,1786547972.29088,0,1,27.907979,-12.051948,28.199055,-13.458928,-4.636607,-0.624193,4.678434,-1.487119,-0.086161,1.489613,-3.007774,1.436774,94.021245
6,168,1786547972.33086,0,1,27.722039,-12.077255,28.139597,-13.462163,-4.648486,-0.632655,4.69134,-1.486454,-0.080869,1.488652,-3.006325,1.446488,99.028051
6,169,1786547972.37088,0,1,27.535977,-12.105297,28.080168,-13.465197,-4.651575,-0.701062,4.704108,-1.485731,-0.075842,1.487665,-2.992003,1.464743,103.238979
6,170,1786547972.41086,0,1,27.349292,-12.13259,28.02077,-13.468041,-4.667123,-0.68233,4.716737,-1.48495,-0.071092,1.486651,-2.996422,1.494761,108.376046
6,171,1786547972.45086,0,1,27.162553,-12.162797,27.961406,-13.470706,-4.668473,-0.755179,4.729158,-1.484097,-0.066646,1.485593,-2.98122,1.532577,112.227357
6,172,1786547972.49088,0,1,26.975142,-12.191895,27.902079,-13.473206,-4.685271,-0.727444,4.741407,-1.483177,-0.062492,1.484493,-2.987561,1.581445,117.057656
6,173,1786547972.53087,0,1,26.787617,-12.223306,27.842777,-13.475555,-4.688119,-0.785275,4.753432,-1.48254,-0.058714,1.483702,-2.97563,1.637525,120.608947
6,174,1786547972.57086,0,1,26.599372,-12.253175,27.783491,-13.477766,-4.706138,-0.74672,4.76501,-1.482163,-0.055288,1.483194,-2.984235,1.703456,125.021454
6,175,1786547972.61085,0,1,26.411107,-12.285648,27.72421,-13.479854,-4.706614,-0.811832,4.776117,-1.482024,-0.052191,1.482942,-2.970786,1.774927,127.928439
6,176,1786547972.65088,0,1,26.222106,-12.316309,27.664926,-13.48183,-4.725019,-0.766521,4.78679,-1.482103,-0.049399,1.482926,-2.980768,1.854768,131.853862
6,177,1786547972.69081,0,1,26.033041,-12.349058,27.60563,-13.483705,-4.72663,-0.818714,4.797012,-1.482382,-0.04689,1.483123,-2.970081,1.939191,134.362091
6,178,1786547972.73089,0,1,25.843218,-12.379653,27.546316,-13.485491,-4.745569,-0.764877,4.806814,-1.482845,-0.044643,1.483517,-2.98179,2.030621,137.847918
6,179,1786547972.77086,0,1,25.653545,-12.413373,27.486977,-13.487197,-4.741838,-0.84302,4.816192,-1.483478,-0.042638,1.48409,-2.965648,2.124752,139.562007
6,180,1786547972.81074,0,1,25.463135,-12.44493,27.427607,-13.488831,-4.760241,-0.788918,4.825172,-1.484266,-0.040857,1.484828,-2.977355,2.224607,142.604134
6,181,1786547972.85077,0,1,25.272611,-12.477868,27.368199,-13.490402,-4.763092,-0.823445,4.833746,-1.485197,-0.039282,1.485717,-2.970404,2.327383,144.402994
6,182,1786547972.89077,0,1,25.081323,-12.508196,27.308748,-13.491918,-4.782205,-0.758209,4.841938,-1.486261,-0.037899,1.486744,-2.984353,2.434981,147.16265
6,183,1786547972.93068,0,1,24.890168,-12.541238,27.249251,-13.493386,-4.778888,-0.826043,4.849754,-1.487445,-0.036692,1.487897,-2.970431,2.543985,148.213716
6,184,1786547972.97074,0,1,24.698275,-12.571656,27.189701,-13.494812,-4.797308,-0.76044,4.857204,-1.488741,-0.035648,1.489167,-2.984387,2.656957,150.661423
6,185,1786547973.01075,0,1,24.506546,-12.604791,27.130095,-13.496202,-4.793243,-0.82839,4.864299,-1.490139,-0.034754,1.490544,-2.970459,2.770853,151.428377
6,186,1786547973.05069,0,1,24.314106,-12.635289,27.07043,-13.497562,-4.811005,-0.762448,4.871047,-1.491631,-0.033999,1.492019,-2.98442,2.888051,153.623195
6,187,1786547973.09076,0,1,24.121856,-12.668509,27.010702,-13.498897,-4.806233,-0.830498,4.877459,-1.493211,-0.033371,1.493584,-2.970486,3.005823,154.159224
6,188,1786547973.13069,0,1,23.928921,-12.699079,26.950907,-13.500211,-4.823371,-0.764245,4.883542,-1.49487,-0.032862,1.495231,-2.984453,3.126373,156.1489
6,189,1786547973.17074,0,1,23.736204,-12.732374,26.891043,-13.50151,-4.817931,-0.832381,4.889306,-1.496602,-0.032461,1.496954,-2.970514,3.247241,156.496743
6,190,1786547973.21068,0,1,23.542825,-12.763008,26.831107,-13.502796,-4.834476,-0.765842,4.89476,-1.498402,-0.03216,1.498748,-2.984486,3.370472,158.319289
6,191,1786547973.25073,0,1,23.349689,-12.79637,26.771107,-13.504074,-4.828405,-0.83405,4.899911,-1.499984,-0.031945,1.500324,-2.970542,3.493844,158.512994
6,192,1786547973.29073,0,1,23.155913,-12.82706,26.711108,-13.505345,-4.844386,-0.76725,4.904768,-1.499988,-0.03178,1.500324,-2.984518,3.61932,160.198805
6,193,1786547973.33074,0,1,22.962405,-12.86048,26.651108,-13.506613,-4.837719,-0.835517,4.90934,-1.49999,-0.031692,1.500324,-2.970571,3.744866,160.265755
6,194,1786547973.37074,0,1,22.768278,-12.89122,26.591109,-13.50788,-4.853166,-0.76848,4.913632,-1.49999,-0.031674,1.500324,-2.98455,3.872248,161.838713
6,195,1786547973.41077,0,1,22.574441,-12.924691,26.531109,-13.509148,-4.845936,-0.836792,4.917654,-1.499989,-0.031722,1.500324,-2.9706,3.999602,161.80018
6,196,1786547973.45067,0,1,22.380006,-12.955473,26.47111,-13.510422,-4.860874,-0.76954,4.921411,-1.499987,-0.031828,1.500324,-2.984583,4.128571,163.279103
6,197,1786547973.49066,0,1,22.185881,-12.988988,26.41111,-13.511701,-4.853114,-0.837886,4.924913,-1.499983,-0.031989,1.500324,-2.970629,4.257439,163.152141
6,198,1786547973.53074,0,1,21.991178,-13.019806,26.351111,-13.512984,-4.867568,-0.770439,4.928164,-1.499982,-0.03206,1.500324,-2.984615,4.387737,164.552197
6,199,1786547973.57073,0,1,21.796784,-13.053362,26.291112,-13.514265,-4.859867,-0.838904,4.93174,-1.499982,-0.032048,1.500324,-2.970658,4.5179,164.350844
6,200,1786547973.61073,0,1,21.601785,-13.08422,26.231112,-13.515544,-4.874971,-0.771451,4.935633,-1.499984,-0.03196,1.500324,-2.984647,4.649378,165.684674
6,201,1786547973.65074,0,1,21.40707,-13.117826,26.171113,-13.516816,-4.867867,-0.840139,4.939834,-1.499987,-0.031801,1.500324,-2.970687,4.780721,165.420486
6,202,1786547973.69074,0,1,21.211727,-13.148732,26.111113,-13.518079,-4.883591,-0.772652,4.944335,-1.499992,-0.031579,1.500324,-2.984679,4.913289,166.698357
6,203,1786547973.73074,0,1,21.016645,-13.182395,26.051113,-13.519331,-4.877049,-0.841579,4.949128,-1.499998,-0.031297,1.500324,-2.970716,5.045731,166.380658
6,204,1786547973.77075,0,1,20.82091,-13.213356,25.991113,-13.520569,-4.893364,-0.774034,4.954204,-1.500005,-0.03096,1.500324,-2.984712,5.179322,167.610889
6,205,1786547973.81073,0,1,20.625416,-13.247085,25.931113,-13.521792,-4.887351,-0.843211,4.959557,-1.500013,-0.030574,1.500324,-2.970745,5.312803,167.247268
6,206,1786547973.85075,0,1,20.429247,-13.278108,25.871112,-13.522998,-4.904228,-0.775587,4.965178,-1.500022,-0.030142,1.500324,-2.984745,5.447372,168.43666
6,207,1786547973.89073,0,1,20.233298,-13.311909,25.81111,-13.524185,-4.898712,-0.845027,4.971061,-1.500031,-0.029667,1.500324,-2.970774,5.58185,168.033348
6,208,1786547973.93074,0,1,20.036653,-13.343001,25.751109,-13.525351,-4.916127,-0.777301,4.977199,-1.500041,-0.029155,1.500324,-2.984778,5.717364,169.1875
6,209,1786547973.97076,0,1,19.84021,-13.376882,25.691107,-13.526495,-4.911077,-0.847016,4.983584,-1.500052,-0.028606,1.500324,-2.970802,5.852809,168.749652
6,210,1786547974.01069,0,1,19.64305,-13.408049,25.631104,-13.527616,-4.929006,-0.779168,4.99021,-1.500063,-0.028026,1.500324,-2.984812,5.989248,169.873212
6,211,1786547974.05068,0,1,19.446074,-13.442015,25.571101,-13.528713,-4.924392,-0.849168,4.997072,-1.500074,-0.027416,1.500324,-2.970831,6.125641,169.405123
6,212,1786547974.09063,0,1,19.252507,-13.478991,25.511098,-13.529784,-4.839187,-0.9244,4.926687,-1.500085,-0.026779,1.500324,-2.952843,6.258797,168.720443
6,213,1786547974.13065,0,1,19.062547,-13.519602,25.451094,-13.530829,-4.748995,-1.015273,4.856309,-1.500097,-0.026117,1.500324,-2.930976,6.388557,167.831884
6,214,1786547974.17071,0,1,18.876427,-13.564413,25.39109,-13.531846,-4.65299,-1.120266,4.78595,-1.500109,-0.025433,1.500324,-2.905327,6.514744,166.749377
6,215,1786547974.21069,0,1,18.694417,-13.613926,25.331085,-13.532835,-4.550263,-1.237822,4.715622,-1.500121,-0.024729,1.500324,-2.875987,6.637163,165.481942
6,216,1786547974.25074,0,1,18.516823,-13.668579,25.271079,-13.533795,-4.439856,-1.366338,4.645341,-1.500132,-0.024007,1.500324,-2.843047,6.755602,164.037787
6,217,1786547974.29076,0,1,18.343924,-13.728552,25.211074,-13.534726,-4.322475,-1.499316,4.575122,-1.500144,-0.023268,1.500324,-2.807713,6.869885,162.486876
6,218,1786547974.33073,0,1,18.175218,-13.791875,25.151068,-13.535627,-4.217648,-1.58307,4.50496,-1.500156,-0.022514,1.500324,-2.78252,6.980555,161.530405
6,219,1786547974.37068,0,1,18.010761,-13.858383,25.091061,-13.536496,-4.111425,-1.662699,4.434905,-1.500167,-0.021746,1.500324,-2.757291,7.087613,160.584136
6,220,1786547974.41068,0,1,17.850603,-13.92791,25.031054,-13.537335,-4.003954,-1.738188,4.364968,-1.500178,-0.020967,1.500324,-2.732024,7.191066,159.646966
6,221,1786547974.45068,0,1,17.694787,-14.000292,24.971046,-13.538142,-3.895383,-1.809532,4.295162,-1.500189,-0.020176,1.500324,-2.70672,7.290921,158.717848
6,222,1786547974.49073,0,1,17.543353,-14.075361,24.911038,-13.538917,-3.785859,-1.876728,4.225498,-1.500199,-0.019377,1.500324,-2.681374,7.387189,157.795816
6,223,1786547974.53067,0,1,17.396332,-14.152952,24.85103,-13.539663,-3.675528,-1.939781,4.155991,-1.500209,-0.018651,1.500324,-2.655988,7.479883,156.879946
6,224,1786547974.57072,0,1,17.25375,-14.2329,24.791021,-13.540383,-3.564531,-1.998699,4.086647,-1.500217,-0.017994,1.500324,-2.630557,7.569018,155.969383
6,225,1786547974.61063,0,1,17.11563,-14.31504,24.731012,-13.541079,-3.453015,-2.053495,4.017481,-1.500224,-0.017401,1.500324,-2.605082,7.654611,155.06332
7,0,1786547978.27285,0,1,53.28,-13.199968,37.597264,-13.400032,-0.499999,0.000796,0.5,-0.068396,-0.000804,0.068401,3.14,15.684012,0.822133
7,0,1786547978.31291,0,1,53.28,-13.199968,37.591392,-13.400096,-0.499999,0.000796,0.5,-0.146792,-0.001602,0.146801,3.14,15.689884,0.822093
7,1,1786547978.35291,0,1,53.257176,-13.200257,37.582385,-13.400192,-0.57059,-0.007213,0.570636,-0.225188,-0.002394,0.225201,-3.128952,15.676066,0.006543
7,2,1786547978.39281,0,1,53.231526,-13.200444,37.570242,-13.400319,-0.641257,-0.004686,0.641274,-0.303584,-0.003179,0.303601,-3.134285,15.66256,0.312464
7,3,1786547978.43282,0,1,53.20305,-13.200618,37.554962,-13.400477,-0.711899,-0.004345,0.711912,-0.38198,-0.003957,0.382001,-3.135489,15.649364,0.382034
7,4,1786547978.47283,0,1,53.171748,-13.200762,37.536547,-13.400666,-0.782543,-0.0036,0.782551,-0.460376,-0.004727,0.460401,-3.136992,15.636479,0.468916
7,5,1786547978.51281,0,1,53.137621,-13.20088,37.514996,-13.400886,-0.853185,-0.002958,0.85319,-0.538773,-0.005488,0.538801,-3.138126,15.623905,0.534835
7,6,1786547978.55293,0,1,53.100668,-13.200972,37.49031,-13.401136,-0.923827,-0.002297,0.92383,-0.617169,-0.006241,0.6172,-3.139106,15.611642,0.592167
7,7,1786547978.59292,0,1,53.060889,-13.201037,37.462706,-13.401413,-0.994468,-0.001627,0.99447,-0.69009,-0.006933,0.690125,-3.139956,15.59947,0.642223
7,8,1786547978.63292,0,1,53.018285,-13.201075,37.432419,-13.401715,-1.065109,-0.000932,1.06511,-0.757178,-0.00756,0.757216,-3.140717,15.587157,0.687383
7,9,1786547978.67292,0,1,52.972855,-13.201083,37.399663,-13.402041,-1.13575,-0.000202,1.13575,-0.8189,-0.008128,0.81894,-3.141415,15.574488,0.729115
7,10,1786547978.71291,0,1,52.924599,-13.20106,37.364636,-13.402386,-1.20639,0.000575,1.20639,-0.875684,-0.008642,0.875727,3.141116,15.561266,0.768585
7,11,1786547978.7529,0,1,52.873518,-13.201003,37.327519,-13.40275,-1.277029,0.001408,1.277029,-0.927927,-0.009106,0.927972,3.14049,15.547309,0.806676
7,12,1786547978.79291,0,1,52.819611,-13.200911,37.288479,-13.403131,-1.347667,0.002308,1.347669,-0.975991,-0.009524,0.976038,3.13988,15.532449,0.84408
7,13,1786547978.83292,0,1,52.762879,-13.20078,37.24767,-13.403527,-1.418305,0.003284,1.418308,-1.020211,-0.0099,1.020259,3.139277,15.516534,0.881345
7,14,1786547978.87287,0,1,52.703363,-13.200606,37.205235,-13.403937,-1.487916,0.004343,1.487922,-1.060894,-0.010237,1.060943,3.138674,15.499462,0.918909
7,15,1786547978.91291,0,1,52.641139,-13.200386,37.161302,-13.404358,-1.555583,0.005492,1.555592,-1.098323,-0.010538,1.098373,3.138062,15.481181,0.957188
7,16,1786547978.95289,0,1,52.576285,-13.200117,37.115991,-13.404791,-1.621357,0.006736,1.621371,-1.132758,-0.010806,1.13281,3.137438,15.461648,0.996508
7,17,1786547978.99291,0,1,52.508874,-13.199794,37.069414,-13.405232,-1.685289,0.008081,1.685309,-1.164439,-0.011044,1.164492,3.136798,15.440826,1.037067
7,18,1786547979.03286,0,1,52.438976,-13.199412,37.02167,-13.405683,-1.747429,0.009531,1.747455,-1.193587,-0.011255,1.19364,3.136138,15.418686,1.079028
7,19,1786547979.07292,0,1,52.366663,-13.198969,36.972854,-13.40614,-1.807825,0.01109,1.807859,-1.220403,-0.01144,1.220457,3.135459,15.395203,1.122506
7,20,1786547979.11292,0,1,52.292002,-13.198458,36.923051,-13.406604,-1.866522,0.012759,1.866566,-1.245075,-0.011601,1.245129,3.134757,15.370361,1.167587
7,21,1786547979.15288,0,1,52.21506,-13.197877,36.87234,-13.407074,-1.923568,0.014542,1.923623,-1.267774,-0.011741,1.267829,3.134033,15.344146,1.214332
7,22,1786547979.19283,0,1,52.1359,-13.197219,36.820794,-13.407548,-1.979005,0.01644,1.979074,-1.288658,-0.011862,1.288713,3.133286,15.31655,1.262778
7,23,1786547979.23293,0,1,52.054584,-13.196481,36.768472,-13.408028,-2.032878,0.018453,2.032962,-1.308047,-0.012001,1.308102,3.132516,15.287576,1.312952
7,24,1786547979.27294,0,1,51.971166,-13.195973,36.71543,-13.408515,-2.085466,0.012693,2.085505,-1.326062,-0.012159,1.326118,3.135506,15.257217,1.14692
7,25,1786547979.31292,0,1,51.885697,-13.195618,36.661717,-13.409008,-2.13672,0.00887,2.136739,-1.342812,-0.012332,1.342869,3.137442,15.225475,1.040887
7,26,1786547979.35291,0,1,51.798229,-13.19547,36.607381,-13.409509,-2.186696,0.003714,2.186699,-1.358398,-0.012521,1.358456,3.139894,15.192356,0.904564
7,27,1786547979.39292,0,1,51.708812,-13.195537,36.552465,-13.410018,-2.23542,-0.001678,2.235421,-1.372914,-0.012724,1.372973,-3.140842,15.157865,0.767751
7,28,1786547979.43284,0,1,51.617495,-13.195845,36.497007,-13.410535,-2.282925,-0.007708,2.282938,-1.386445,-0.012939,1.386505,-3.138216,15.122012,0.620017
7,29,1786547979.47275,0,1,51.524326,-13.196415,36.441044,-13.411062,-2.329241,-0.014243,2.329284,-1.399069,-0.013167,1.399131,-3.135478,15.084809,0.46495
7,30,1786547979.51284,0,1,51.42935,-13.197269,36.38461,-13.411598,-2.374397,-0.02134,2.374493,-1.410861,-0.013405,1.410924,-3.132606,15.046267,0.301265
7,31,1786547979.5529,0,1,51.332613,-13.198428,36.327734,-13.412144,-2.418423,-0.028977,2.418596,-1.421885,-0.013652,1.42195,-3.129611,15.006401,0.129544
7,32,1786547979.59293,0,1,51.234159,-13.199914,36.270446,-13.412701,-2.461345,-0.03716,2.461626,-1.432203,-0.013909,1.432271,-3.126496,14.965226,0.050257
7,33,1786547979.63283,0,1,51.134031,-13.201749,36.212771,-13.413268,-2.503192,-0.04588,2.503613,-1.441873,-0.014174,1.441943,-3.123266,14.922759,0.237877
7,34,1786547979.67291,0,1,51.032272,-13.203954,36.154733,-13.413846,-2.543989,-0.055128,2.544587,-1.450945,-0.014447,1.451017,-3.119926,14.879019,0.433124
7,35,1786547979.71288,0,1,50.928921,-13.20655,36.096355,-13.414435,-2.583762,-0.064892,2.584577,-1.459468,-0.014727,1.459543,-3.116482,14.834023,0.635735
7,36,1786547979.75292,0,1,50.82402,-13.209556,36.037655,-13.415035,-2.622537,-0.07516,2.623613,-1.467486,-0.015013,1.467563,-3.112941,14.787792,0.845442
7,37,1786547979.7929,0,1,50.717606,-13.212993,35.978654,-13.415647,-2.660336,-0.085914,2.661723,-1.475038,-0.015304,1.475118,-3.109309,14.740346,1.061951
7,38,1786547979.83291,0,1,50.609719,-13.216879,35.919367,-13.416271,-2.697185,-0.097138,2.698933,-1.482163,-0.015601,1.482245,-3.105594,14.691705,1.28496
7,39,1786547979.87291,0,1,50.500395,-13.221231,35.859811,-13.416907,-2.733106,-0.108812,2.735271,-1.488894,-0.015903,1.488979,-3.101801,14.641891,1.514157
7,40,1786547979.91295,0,1,50.38967,-13.226068,35.800001,-13.417556,-2.768122,-0.120916,2.770761,-1.495263,-0.016209,1.495351,-3.097939,14.590926,1.749226
7,41,1786547979.95295,0,1,50.27758,-13.231405,35.739949,-13.418217,-2.802255,-0.133429,2.80543,-1.501299,-0.016519,1.501389,-3.094014,14.538831,1.989849
7,42,1786547979.99292,0,1,50.164159,-13.237258,35.679668,-13.41889,-2.835528,-0.146328,2.839301,-1.507028,-0.016832,1.507122,-3.090033,14.485629,2.235711
7,43,1786547980.03293,0,1,50.04944,-13.243642,35.619169,-13.419576,-2.867961,-0.159591,2.872398,-1.512475,-0.017149,1.512573,-3.086004,14.431344,2.486498
7,44,1786547980.07294,0,1,49.933457,-13.250569,35.558462,-13.420274,-2.899577,-0.173195,2.904745,-1.517663,-0.017468,1.517764,-3.081932,14.375996,2.741907
7,45,1786547980.11292,0,1,49.816241,-13.258054,35.497558,-13.420986,-2.930394,-0.187116,2.936362,-1.522613,-0.01779,1.522716,-3.077826,14.31961,3.001641
7,46,1786547980.15292,0,1,49.697824,-13.266107,35.436464,-13.421711,-2.960435,-0.201331,2.967273,-1.527342,-0.018114,1.52745,-3.07369,14.262209,3.265413
7,47,1786547980.19293,0,1,49.578235,-13.27474,35.375322,-13.422447,-2.989719,-0.215816,2.997498,-1.52856,-0.0184,1.528671,-3.069532,14.203681,3.53295
7,48,1786547980.23292,0,1,49.457505,-13.283962,35.314179,-13.423192,-3.018265,-0.230548,3.027057,-1.528558,-0.018622,1.528671,-3.065356,14.14401,3.804001
7,49,1786547980.27292,0,1,49.335593,-13.292897,35.253037,-13.423943,-3.047796,-0.223366,3.05597,-1.528555,-0.018799,1.528671,-3.068436,14.083165,3.658428
7,50,1786547980.31292,0,1,49.21256,-13.302008,35.191895,-13.424701,-3.07582,-0.227778,3.084242,-1.528554,-0.018934,1.528671,-3.067673,14.021202,3.733894
7,51,1786547980.35292,0,1,49.088404,-13.310928,35.130753,-13.425462,-3.103889,-0.22302,3.11189,-1.528553,-0.019031,1.528671,-3.069864,13.958121,3.639588
7,52,1786547980.39294,0,1,48.963163,-13.319826,35.069611,-13.426226,-3.131036,-0.222446,3.138928,-1.528552,-0.019093,1.528671,-3.070666,13.893959,3.624998
7,53,1786547980.43292,0,1,48.836847,-13.328523,35.008469,-13.426991,-3.157896,-0.217407,3.165371,-1.528551,-0.019123,1.528671,-3.072856,13.828729,3.530356
7,54,1786547980.47292,0,1,48.709485,-13.337075,34.947327,-13.427756,-3.184064,-0.213808,3.191235,-1.528551,-0.019123,1.528671,-3.074544,13.762457,3.464082
7,55,1786547980.51291,0,1,48.581092,-13.345382,34.886185,-13.428519,-3.209822,-0.207685,3.216534,-1.528552,-0.019095,1.528671,-3.07698,13.695159,3.354232
7,56,1786547980.55284,0,1,48.451692,-13.353459,34.825043,-13.429281,-3.23499,-0.201931,3.241286,-1.528552,-0.019043,1.528671,-3.079253,13.62686,3.253024
7,57,1786547980.59284,0,1,48.321304,-13.361242,34.7639,-13.43004,-3.259704,-0.194557,3.265505,-1.528553,-0.018968,1.528671,-3.081978,13.557578,3.124922
7,58,1786547980.63292,0,1,48.189949,-13.368727,34.702758,-13.430795,-3.28388,-0.187128,3.289208,-1.528555,-0.018872,1.528671,-3.08467,13.487333,2.997732
7,59,1786547980.67293,0,1,48.057645,-13.375869,34.641616,-13.431545,-3.307593,-0.178556,3.312409,-1.528556,-0.018756,1.528671,-3.087661,13.416144,2.852257
7,60,1786547980.71292,0,1,47.924413,-13.38266,34.580474,-13.43229,-3.330799,-0.169775,3.335123,-1.528558,-0.018623,1.528671,-3.090666,13.344032,2.70481
7,61,1786547980.75292,0,1,47.790271,-13.389066,34.519331,-13.433029,-3.353545,-0.160136,3.357366,-1.528559,-0.018473,1.528671,-3.093878,13.271013,2.544055
7,62,1786547980.79292,0,1,47.655239,-13.395076,34.458189,-13.433761,-3.37581,-0.150251,3.379152,-1.528561,-0.018309,1.528671,-3.097114,13.197107,2.380487
7,63,1786547980.83291,0,1,47.519334,-13.400663,34.397046,-13.434486,-3.397624,-0.139697,3.400495,-1.528564,-0.01813,1.528671,-3.1005,13.122331,2.206777
7,64,1786547980.87294,0,1,47.382575,-13.40582,34.335904,-13.435204,-3.418979,-0.128913,3.421409,-1.528566,-0.017939,1.528671,-3.103905,13.046704,2.030281
7,65,1786547980.91292,0,1,47.244979,-13.410524,34.274761,-13.435913,-3.439897,-0.117597,3.441907,-1.528568,-0.017736,1.528671,-3.10742,12.970243,1.845799
7,66,1786547980.95292,0,1,47.106564,-13.414767,34.213618,-13.436614,-3.460377,-0.106087,3.462002,-1.528571,-0.017523,1.528671,-3.110945,12.892964,1.65892
7,67,1786547980.99292,0,1,46.967346,-13.418533,34.152475,-13.437306,-3.480435,-0.094148,3.481708,-1.528573,-0.017299,1.528671,-3.114549,12.814885,1.465579
7,68,1786547981.03292,0,1,46.827343,-13.421816,34.091332,-13.437989,-3.500074,-0.082063,3.501036,-1.528576,-0.017067,1.528671,-3.118151,12.736021,1.270357
7,69,1786547981.07291,0,1,46.686571,-13.424601,34.030189,-13.438662,-3.519309,-0.069627,3.519998,-1.528578,-0.016826,1.528671,-3.121811,12.65639,1.069759
7,70,1786547981.11286,0,1,46.545045,-13.426885,33.969046,-13.439325,-3.538145,-0.057096,3.538606,-1.528581,-0.016578,1.528671,-3.125457,12.576005,0.867831
7,71,1786547981.15292,0,1,46.402781,-13.428656,33.907903,-13.439978,-3.556595,-0.044273,3.556871,-1.528584,-0.016323,1.528671,-3.129145,12.494884,0.661273
7,72,1786547981.19293,0,1,46.259795,-13.429912,33.846763,-13.440621,-3.574666,-0.031406,3.574804,-1.528484,-0.01606,1.528568,-3.132807,12.413036,0.453939
7,73,1786547981.23292,0,1,46.1161,-13.430644,33.785628,-13.441253,-3.592369,-0.018291,3.592415,-1.528389,-0.015823,1.528471,-3.136501,12.330477,0.242428
7,74,1786547981.27292,0,1,45.971722,-13.431287,33.724496,-13.441878,-3.609449,-0.016095,3.609484,-1.5283,-0.015609,1.52838,-3.137134,12.247231,0.20594
7,75,1786547981.31292,0,1,45.826681,-13.431397,33.663367,-13.442494,-3.626021,-0.002745,3.626022,-1.528215,-0.015416,1.528293,-3.140836,12.163319,0.008903
7,76,1786547981.35311,0,1,45.680999,-13.431502,33.602242,-13.443104,-3.642045,-0.002611,3.642046,-1.528135,-0.015243,1.528211,-3.140876,12.078763,0.013962
7,77,1786547981.39311,0,1,45.534698,-13.431007,33.541119,-13.443708,-3.657544,0.012363,3.657565,-1.528058,-0.015088,1.528133,3.138213,11.993585,0.254336
7,78,1786547981.43311,0,1,45.387794,-13.430653,33.48,-13.444306,-3.672586,0.00884,3.672597,-1.527986,-0.01495,1.528059,3.139186,11.907802,0.203606
7,79,1786547981.47311,0,1,45.240312,-13.429537,33.418883,-13.444899,-3.687044,0.027921,3.68715,-1.527916,-0.014828,1.527988,3.13402,11.821439,0.508328
7,80,1786547981.51309,0,1,45.092264,-13.428845,33.357769,-13.445488,-3.701202,0.017287,3.701242,-1.52785,-0.01472,1.52792,3.136922,11.734507,0.348871
7,81,1786547981.5531,0,1,44.943681,-13.427003,33.296658,-13.446073,-3.714595,0.046051,3.71488,-1.527786,-0.014625,1.527856,3.129196,11.647038,0.80408
7,82,1786547981.59311,0,1,44.794559,-13.426214,33.235549,-13.446654,-3.728031,0.019729,3.728083,-1.527725,-0.014543,1.527794,3.136301,11.559029,0.404522
7,83,1786547981.63311,0,1,44.644953,-13.423324,33.174442,-13.447233,-3.740157,0.072251,3.740855,-1.527666,-0.014471,1.527735,3.122277,11.470536,1.226116
7,84,1786547981.67308,0,1,44.494829,-13.422149,33.113338,-13.44781,-3.753104,0.029375,3.753219,-1.52761,-0.014411,1.527678,3.133766,11.38152,0.577619
7,85,1786547981.7131,0,1,44.344263,-13.418633,33.052235,-13.448384,-3.764144,0.087903,3.765171,-1.527556,-0.014359,1.527623,3.118244,11.292067,1.488733
7,86,1786547981.7531,0,1,44.193204,-13.416841,32.991135,-13.448957,-3.776471,0.044804,3.776736,-1.527503,-0.014317,1.52757,3.129729,11.202115,0.843985
7,87,1786547981.7931,0,1,44.041736,-13.413023,32.930037,-13.449528,-3.786708,0.095433,3.78791,-1.527452,-0.014283,1.527519,3.116396,11.111759,1.631905
7,88,1786547981.8331,0,1,43.889801,-13.411007,32.868941,-13.450098,-3.798383,0.050407,3.798718,-1.527403,-0.014256,1.52747,3.128323,11.020929,0.963543
7,89,1786547981.8731,0,1,43.737496,-13.406682,32.807847,-13.450668,-3.807621,0.108114,3.809156,-1.527355,-0.014236,1.527422,3.113206,10.929737,1.857001
7,90,1786547981.91314,0,1,43.584747,-13.404168,32.746755,-13.451237,-3.818729,0.062862,3.819247,-1.527309,-0.014223,1.527375,3.125133,10.838094,1.191916
7,91,1786547981.95313,0,1,43.431664,-13.39933,32.685664,-13.451805,-3.827077,0.12095,3.828987,-1.527264,-0.014215,1.52733,3.109999,10.746128,2.089944
7,92,1786547981.9931,0,1,43.278157,-13.396311,32.624575,-13.452374,-3.837657,0.075486,3.838399,-1.52722,-0.014213,1.527286,3.121926,10.653729,1.428354
7,93,1786547982.03312,0,1,43.124351,-13.390971,32.563488,-13.452942,-3.845163,0.133482,3.847479,-1.527176,-0.014216,1.527243,3.106892,10.561044,2.324384
7,94,1786547982.0731,0,1,42.970141,-13.387462,32.502403,-13.453511,-3.85525,0.087726,3.856248,-1.527134,-0.014223,1.527201,3.118842,10.467946,1.66505
7,95,1786547982.11311,0,1,42.815656,-13.381824,32.441319,-13.454081,-3.86213,0.140944,3.864701,-1.527093,-0.014235,1.52716,3.105115,10.374588,2.489072
7,96,1786547982.15311,0,1,42.660787,-13.37807,32.380237,-13.454651,-3.871721,0.093867,3.872859,-1.527053,-0.014251,1.527119,3.117353,10.280835,1.815622
7,97,1786547982.1929,0,1,42.505677,-13.372002,32.319156,-13.455221,-3.877752,0.151706,3.880718,-1.527013,-0.01427,1.52708,3.10249,10.18686,2.708471
7,98,1786547982.23309,0,1,42.350201,-13.367824,32.258077,-13.455792,-3.886895,0.10444,3.888298,-1.526978,-0.014266,1.527045,3.114729,10.092507,2.038555
7,99,1786547982.2731,0,1,42.194477,-13.362292,32.196999,-13.456362,-3.893091,0.138309,3.895547,-1.526948,-0.01424,1.527014,3.106081,9.99792,2.573777
7,100,1786547982.31309,0,1,42.038416,-13.358859,32.135923,-13.45693,-3.90154,0.085805,3.902484,-1.526921,-0.014195,1.526987,3.119604,9.902979,1.82729
7,101,1786547982.35309,0,1,41.88215,-13.353296,32.074847,-13.457495,-3.906638,0.139082,3.909113,-1.526899,-0.014132,1.526964,3.106006,9.807857,2.647673
7,102,1786547982.39309,0,1,41.72557,-13.349842,32.013771,-13.458057,-3.914489,0.086361,3.915442,-1.526879,-0.014052,1.526944,3.119534,9.712402,1.902249
7,103,1786547982.4331,0,1,41.568773,-13.345428,31.952697,-13.458615,-3.919925,0.110353,3.921478,-1.526863,-0.013957,1.526927,3.113448,9.616743,2.286939
7,104,1786547982.47311,0,1,41.411698,-13.343377,31.891623,-13.459169,-3.926895,0.051256,3.927229,-1.52685,-0.013849,1.526913,3.128541,9.520779,1.444661
7,105,1786547982.51309,0,1,41.254439,-13.339429,31.830549,-13.459718,-3.931473,0.098701,3.932711,-1.526839,-0.013727,1.526901,3.116493,9.424657,2.169421
7,106,1786547982.55309,0,1,41.09693,-13.337854,31.769476,-13.460262,-3.93772,0.039372,3.937916,-1.526831,-0.013593,1.526892,3.131594,9.328257,1.324737
7,107,1786547982.5931,0,1,40.939254,-13.334378,31.708403,-13.4608,-3.941907,0.08692,3.942866,-1.526825,-0.013449,1.526884,3.119546,9.231716,2.047838
7,108,1786547982.6331,0,1,40.781355,-13.333282,31.64733,-13.461332,-3.947456,0.027385,3.947551,-1.526821,-0.013295,1.526879,3.134655,9.134923,1.200645
7,109,1786547982.67309,0,1,40.623304,-13.330281,31.586257,-13.461857,-3.95128,0.075026,3.951992,-1.526819,-0.013132,1.526876,3.122607,9.038005,1.921941
7,110,1786547982.71301,0,1,40.465058,-13.329669,31.525185,-13.462375,-3.956151,0.015306,3.956181,-1.526819,-0.012961,1.526874,3.137724,8.940858,1.072124
7,111,1786547982.75306,0,1,40.306673,-13.327148,31.464112,-13.462887,-3.959636,0.063032,3.960138,-1.526821,-0.012782,1.526874,3.125675,8.843603,1.791458
7,112,1786547982.79308,0,1,40.148119,-13.327022,31.403039,-13.463391,-3.96385,0.003148,3.963851,-1.526824,-0.012597,1.526876,3.140798,8.746143,0.93889
7,113,1786547982.8331,0,1,39.989438,-13.324984,31.341966,-13.463887,-3.967015,0.050951,3.967343,-1.526828,-0.012405,1.526878,3.12875,8.648588,1.656096
7,114,1786547982.87309,0,1,39.830615,-13.325347,31.280892,-13.464375,-3.970587,-0.009077,3.970598,-1.526833,-0.012208,1.526882,-3.139307,8.550852,0.800634
7,115,1786547982.91311,0,1,39.671677,-13.323795,31.219819,-13.464855,-3.973451,0.038793,3.973641,-1.52684,-0.012006,1.526887,3.13183,8.453035,1.515531
7,116,1786547982.9531,0,1,39.512621,-13.324649,31.158745,-13.465327,-3.976395,-0.021358,3.976452,-1.526848,-0.011799,1.526893,-3.136222,8.35506,0.657017
7,117,1786547982.99308,0,1,39.353462,-13.323587,31.097671,-13.465791,-3.97897,0.026571,3.979059,-1.526857,-0.011588,1.526901,3.134915,8.257016,1.369412
7,118,1786547983.0331,0,1,39.19421,-13.324934,31.036596,-13.466246,-3.981295,-0.033684,3.981437,-1.526866,-0.011374,1.526909,-3.133132,8.158838,0.50767
7,119,1786547983.0731,0,1,39.034867,-13.324362,30.975521,-13.466692,-3.983591,0.014295,3.983616,-1.526877,-0.011156,1.526917,3.138004,8.060602,1.217352
7,120,1786547983.11306,0,1,38.875455,-13.326204,30.914445,-13.46713,-3.9853,-0.046045,3.985566,-1.526888,-0.010936,1.526927,-3.130039,7.962256,0.352187
7,121,1786547983.15311,0,1,38.715962,-13.326125,30.853369,-13.467558,-3.987321,0.001976,3.987322,-1.5269,-0.010713,1.526937,3.141097,7.863864,1.058927
7,122,1786547983.19311,0,1,38.556425,-13.328462,30.792293,-13.467977,-3.988415,-0.058431,3.988843,-1.526912,-0.010487,1.526948,-3.126944,7.765386,0.190122
7,123,1786547983.2331,0,1,38.396906,-13.333728,30.731219,-13.468389,-3.987968,-0.131646,3.99014,-1.526861,-0.010278,1.526895,-3.108594,7.666871,0.884297
7,124,1786547983.27294,0,1,38.237305,-13.33758,30.670149,-13.468792,-3.990029,-0.096306,3.991191,-1.526751,-0.010084,1.526784,-3.117461,7.568294,0.389277
7,125,1786547983.31311,0,1,38.07777,-13.344362,30.609085,-13.469188,-3.988389,-0.169551,3.991991,-1.526587,-0.009904,1.526619,-3.099107,7.469728,1.476733
7,126,1786547983.35313,0,1,37.918159,-13.34973,30.54803,-13.469578,-3.990276,-0.134205,3.992533,-1.526373,-0.009737,1.526404,-3.107972,7.371103,0.994685
7,127,1786547983.39308,0,1,37.758483,-13.353175,30.486986,-13.469961,-3.99188,-0.086124,3.992809,-1.526113,-0.009582,1.526144,-3.120021,7.272436,0.315814
7,128,1786547983.4331,0,1,37.598878,-13.359039,30.425953,-13.470338,-3.990147,-0.146585,3.992839,-1.525812,-0.009438,1.525841,-3.104872,7.173788,1.21495
7,129,1786547983.47308,0,1,37.439224,-13.362978,30.364934,-13.470711,-3.991346,-0.098492,3.992561,-1.525472,-0.009305,1.5255,-3.116921,7.07511,0.541089
7,130,1786547983.51307,0,1,37.279669,-13.369335,30.30393,-13.471078,-3.988856,-0.15892,3.992021,-1.525096,-0.009181,1.525123,-3.101773,6.976481,1.445909
7,131,1786547983.55311,0,1,37.120085,-13.373768,30.242943,-13.47144,-3.989604,-0.110824,3.991142,-1.524687,-0.009066,1.524714,-3.113822,6.877836,0.777479
7,132,1786547983.59308,0,1,36.960633,-13.380616,30.181973,-13.471799,-3.986303,-0.171192,3.989977,-1.524248,-0.008959,1.524274,-3.098674,6.779273,1.688394
7,133,1786547983.6331,0,1,36.801172,-13.38554,30.121022,-13.472153,-3.986535,-0.123102,3.988436,-1.523782,-0.00886,1.523807,-3.110723,6.680712,1.025864
7,134,1786547983.67309,0,1,36.641878,-13.392875,30.06009,-13.472504,-3.982353,-0.183378,3.986573,-1.52329,-0.008768,1.523315,-3.095577,6.582269,1.943328
7,135,1786547983.7131,0,1,36.482836,-13.403125,29.999179,-13.472851,-3.97604,-0.256257,3.984289,-1.522774,-0.008683,1.522799,-3.077231,6.484032,3.071494
7,136,1786547983.75309,0,1,36.323817,-13.411958,29.93829,-13.473195,-3.975481,-0.220826,3.981609,-1.522237,-0.008604,1.522261,-3.086103,6.385821,2.629899
7,137,1786547983.79308,0,1,36.165111,-13.423697,29.877423,-13.473537,-3.967651,-0.293458,3.978489,-1.52168,-0.008531,1.521704,-3.067764,6.287886,3.7759
7,138,1786547983.83304,0,1,36.006448,-13.434017,29.816578,-13.473875,-3.966572,-0.258001,3.974954,-1.521104,-0.008463,1.521128,-3.07664,6.189998,3.352561
7,139,1786547983.87308,0,1,35.848162,-13.447229,29.755758,-13.474211,-3.957143,-0.330315,3.970905,-1.520512,-0.0084,1.520536,-3.058313,6.092464,4.517851
7,140,1786547983.91305,0,1,35.689944,-13.459022,29.694962,-13.474545,-3.955465,-0.294824,3.966437,-1.519905,-0.008342,1.519928,-3.067194,5.995002,4.114353
7,141,1786547983.95309,0,1,35.532169,-13.473692,29.63419,-13.474877,-3.944355,-0.366742,3.961368,-1.519283,-0.008288,1.519305,-3.04888,5.897979,5.300523
7,142,1786547983.99309,0,1,35.374489,-13.48694,29.573444,-13.475206,-3.942,-0.331206,3.955889,-1.518648,-0.008239,1.51867,-3.05777,5.801057,4.918603
7,143,1786547984.03299,0,1,35.217324,-13.503046,29.512724,-13.475534,-3.929137,-0.402646,3.949714,-1.518001,-0.008193,1.518023,-3.039472,5.704666,6.127395
7,144,1786547984.07308,0,1,35.060801,-13.522491,29.452031,-13.47586,-3.91308,-0.486117,3.943159,-1.517343,-0.00815,1.517365,-3.017997,5.608964,7.557845
7,145,1786547984.11307,0,1,34.904436,-13.541001,29.391364,-13.476184,-3.909118,-0.462748,3.936412,-1.516674,-0.008111,1.516696,-3.023764,5.513453,7.424652
7,146,1786547984.15308,0,1,34.748211,-13.558084,29.330724,-13.476507,-3.905615,-0.427087,3.928898,-1.515997,-0.008075,1.516018,-3.032673,5.418102,7.103313
7,147,1786547984.19316,0,1,34.592658,-13.577974,29.270111,-13.476829,-3.888837,-0.497241,3.920497,-1.51531,-0.008042,1.515332,-3.014419,5.323507,8.375185
7,148,1786547984.23307,0,1,34.437906,-13.601137,29.209521,-13.477151,-3.86879,-0.579088,3.91189,-1.514762,-0.008045,1.514783,-2.993014,5.229855,9.871414
7,149,1786547984.27308,0,1,34.283352,-13.623353,29.148947,-13.477474,-3.863863,-0.555391,3.903575,-1.514341,-0.00808,1.514362,-2.998831,5.136476,9.807119
7,150,1786547984.31309,0,1,34.128958,-13.644139,29.088386,-13.4778,-3.859837,-0.519657,3.894661,-1.514036,-0.008146,1.514058,-3.007765,5.043316,9.557814
7,151,1786547984.35305,0,1,33.975352,-13.667673,29.027832,-13.478129,-3.840168,-0.58835,3.884977,-1.513839,-0.008239,1.513861,-2.989565,4.951149,10.904501
7,152,1786547984.39301,0,1,33.821913,-13.689778,28.967283,-13.478464,-3.835957,-0.552616,3.875558,-1.51374,-0.008358,1.513763,-2.998515,4.859227,10.690167
7,153,1786547984.43296,0,1,33.669307,-13.714601,28.906733,-13.478804,-3.815154,-0.620571,3.865295,-1.513733,-0.0085,1.513756,-2.980345,4.768407,12.073221
7,154,1786547984.47309,0,1,33.517653,-13.742592,28.846181,-13.47915,-3.791354,-0.699789,3.855395,-1.513809,-0.008664,1.513833,-2.959072,4.678894,13.685374
7,155,1786547984.5131,0,1,33.366203,-13.769622,28.785623,-13.479504,-3.786257,-0.675747,3.846086,-1.513962,-0.008847,1.513988,-2.964979,4.589758,13.743314
7,156,1786547984.5531,0,1,33.21491,-13.795224,28.725055,-13.479866,-3.782319,-0.640051,3.836092,-1.514186,-0.009049,1.514213,-2.973959,4.500916,13.622448
7,157,1786547984.59304,0,1,33.064533,-13.823481,28.664476,-13.480237,-3.759422,-0.70642,3.825217,-1.514475,-0.009268,1.514503,-2.955852,4.413425,15.102721
7,158,1786547984.63308,0,1,32.914315,-13.850311,28.603883,-13.480617,-3.755452,-0.670753,3.814882,-1.514823,-0.009501,1.514853,-2.964849,4.326257,15.028804
7,159,1786547984.67309,0,1,32.765047,-13.879765,28.543274,-13.481007,-3.731708,-0.736341,3.803662,-1.515227,-0.009749,1.515259,-2.946775,4.240563,16.557955
7,160,1786547984.71309,0,1,32.615936,-13.907794,28.482647,-13.481407,-3.727772,-0.700716,3.793058,-1.515682,-0.01001,1.515715,-2.955789,4.155224,16.535519
7,161,1786547984.75315,0,1,32.467804,-13.938414,28.422,-13.481818,-3.703289,-0.76552,3.781583,-1.516184,-0.010283,1.516218,-2.93775,4.071488,18.118274
7,162,1786547984.79302,0,1,32.319826,-13.967613,28.36133,-13.482241,-3.699463,-0.729955,3.770791,-1.516728,-0.010566,1.516765,-2.946781,3.988141,18.152304
7,163,1786547984.83308,0,1,32.172851,-13.999372,28.300638,-13.482675,-3.674359,-0.79398,3.759165,-1.517312,-0.010859,1.517351,-2.928778,3.906534,19.793855
7,164,1786547984.87308,0,1,32.026022,-14.029712,28.239921,-13.483122,-3.67073,-0.758496,3.748276,-1.517932,-0.011161,1.517973,-2.937827,3.825353,19.88981
7,165,1786547984.91315,0,1,31.880217,-14.062582,28.179177,-13.483581,-3.645126,-0.821758,3.736607,-1.518586,-0.01147,1.518629,-2.919859,3.746056,21.59583
7,166,1786547984.95289,0,1,31.734546,-14.094037,28.118406,-13.484052,-3.641786,-0.786378,3.725721,-1.51927,-0.011788,1.519316,-2.928926,3.667226,21.759658
7,167,1786547984.99309,0,1,31.589913,-14.127993,28.057607,-13.484537,-3.615811,-0.848901,3.714124,-1.519983,-0.012111,1.520031,-2.910994,3.590435,23.536305
7,168,1786547985.03309,0,1,31.445399,-14.160539,27.996778,-13.485034,-3.612861,-0.813652,3.703349,-1.520721,-0.012441,1.520772,-2.920078,3.514156,23.77443
7,169,1786547985.07311,0,1,31.300949,-14.191247,27.935919,-13.485545,-3.611247,-0.767704,3.691948,-1.521484,-0.012776,1.521538,-2.932124,3.438232,23.845887
7,170,1786547985.11306,0,1,31.157448,-14.223998,27.875028,-13.48607,-3.587523,-0.818757,3.679767,-1.522269,-0.013116,1.522325,-2.917212,3.364345,25.526188
7,171,1786547985.15296,0,1,31.014012,-14.25492,27.814105,-13.486608,-3.58591,-0.773068,3.668294,-1.523074,-0.013461,1.523133,-2.929257,3.290851,25.667305
7,172,1786547985.19292,0,1,30.871526,-14.287866,27.753149,-13.487161,-3.56214,-0.823644,3.656123,-1.523897,-0.013809,1.52396,-2.914364,3.219534,27.419954
7,173,1786547985.2329,0,1,30.7291,-14.318996,27.692167,-13.487728,-3.560651,-0.778242,3.644708,-1.524567,-0.014169,1.524633,-2.926409,3.148646,27.637125
7,174,1786547985.27293,0,1,30.587599,-14.352136,27.631163,-13.488309,-3.537519,-0.828503,3.633243,-1.525095,-0.01454,1.525164,-2.911535,3.080051,29.468926
7,175,1786547985.31289,0,1,30.447103,-14.387688,27.570143,-13.488906,-3.512414,-0.888799,3.623123,-1.525493,-0.01492,1.525566,-2.89375,3.014084,31.549501
7,176,1786547985.3529,0,1,30.306621,-14.421871,27.509112,-13.489518,-3.512053,-0.854571,3.614527,-1.52577,-0.015309,1.525847,-2.902906,2.948785,32.107915
7,177,1786547985.3929,0,1,30.167091,-14.458458,27.448075,-13.490147,-3.48825,-0.914671,3.606177,-1.525938,-0.015707,1.526019,-2.885151,2.88629,34.295138
7,178,1786547985.43291,0,1,30.027495,-14.493697,27.387035,-13.490791,-3.489877,-0.880979,3.599356,-1.526004,-0.016111,1.526089,-2.89432,2.824509,34.965549
7,179,1786547985.47283,0,1,29.887738,-14.527192,27.325996,-13.491452,-3.493944,-0.837375,3.592887,-1.525976,-0.016522,1.526066,-2.906365,2.763201,35.491583
7,180,1786547985.51293,0,1,29.748732,-14.562695,27.264961,-13.492129,-3.475142,-0.887578,3.586698,-1.525863,-0.016938,1.525957,-2.891531,2.704668,37.644692
7,181,1786547985.5529,0,1,29.609495,-14.596476,27.203934,-13.492824,-3.480915,-0.844527,3.581898,-1.525671,-0.017359,1.52577,-2.903575,2.646653,38.282677
7,182,1786547985.59296,0,1,29.470946,-14.632273,27.142918,-13.493535,-3.463744,-0.894935,3.57749,-1.525406,-0.017785,1.52551,-2.88875,2.591609,40.552051
7,183,1786547985.63291,0,1,29.332091,-14.666371,27.081915,-13.494264,-3.471367,-0.85244,3.574499,-1.525074,-0.018214,1.525183,-2.900794,2.537149,41.311556
7,184,1786547985.673,0,1,29.193853,-14.702497,27.020928,-13.49501,-3.45595,-0.903159,3.572014,-1.524681,-0.018647,1.524795,-2.885975,2.485886,43.706607
7,185,1786547985.71303,0,1,29.05523,-14.736946,26.959959,-13.495773,-3.465569,-0.861221,3.570976,-1.524231,-0.019082,1.52435,-2.898019,2.435298,44.596918
7,186,1786547985.75305,0,1,28.917149,-14.773441,26.899009,-13.496554,-3.452022,-0.912364,3.570555,-1.523729,-0.019519,1.523854,-2.883202,2.388164,47.126404
7,187,1786547985.79302,0,1,28.778598,-14.80828,26.838082,-13.497352,-3.463773,-0.870978,3.5716,-1.523179,-0.019959,1.52331,-2.895247,2.341823,48.155836
7,188,1786547985.83304,0,1,28.639475,-14.841067,26.777179,-13.498168,-3.478088,-0.819672,3.573368,-1.522585,-0.020399,1.522722,-2.910148,2.29598,49.056101
7,189,1786547985.87307,0,1,28.500657,-14.875539,26.716301,-13.499002,-3.470446,-0.861807,3.57585,-1.521951,-0.020841,1.522093,-2.898189,2.253615,51.594318
7,190,1786547985.91305,0,1,28.361192,-14.907973,26.65545,-13.499853,-3.486635,-0.810853,3.57968,-1.521279,-0.021283,1.521428,-2.913094,2.211868,52.632282
7,191,1786547985.95307,0,1,28.221944,-14.942117,26.594418,-13.499916,-3.481188,-0.853595,3.584313,-1.525781,-0.001574,1.525781,-2.901135,2.174577,55.322376
7,192,1786547985.99304,0,1,28.08197,-14.974234,26.533275,-13.499259,-3.49935,-0.802926,3.590284,-1.528583,0.01642,1.528671,-2.916047,2.138693,56.526174
7,193,1786547986.03301,0,1,27.941176,-15.003911,26.472143,-13.497938,-3.519848,-0.74193,3.597192,-1.528314,0.033038,1.528671,-2.933849,2.10381,57.614229
7,194,1786547986.07309,0,1,27.800352,-15.034934,26.411023,-13.496122,-3.520606,-0.775585,3.605024,-1.527997,0.045385,1.528671,-2.924757,2.073205,60.346188
7,195,1786547986.11311,0,1,27.658638,-15.063515,26.349918,-13.493857,-3.542859,-0.71452,3.614192,-1.527622,0.056629,1.528671,-2.942583,2.043667,61.58237
7,196,1786547986.15316,0,1,27.515962,-15.08922,26.28883,-13.491173,-3.566888,-0.642617,3.624313,-1.527198,0.06709,1.528671,-2.963343,2.014846,62.692471
7,197,1786547986.19309,0,1,27.373014,-15.115888,26.227755,-13.488207,-3.573709,-0.666706,3.635367,-1.526871,0.074161,1.528671,-2.957154,1.990217,65.436793
7,198,1786547986.23301,0,1,27.229059,-15.139656,26.166693,-13.48498,-3.598859,-0.594184,3.64758,-1.52654,0.080683,1.528671,-2.977965,1.966361,66.67313
7,199,1786547986.2731,0,1,27.084337,-15.161596,26.105643,-13.48154,-3.61805,-0.548502,3.65939,-1.526251,0.08598,1.528671,-2.991137,1.944332,68.398117
7,200,1786547986.31303,0,1,26.938753,-15.180723,26.044604,-13.477914,-3.639609,-0.478177,3.670886,-1.52598,0.09067,1.528671,-3.01096,1.923294,69.780662
7,201,1786547986.35312,0,1,26.792769,-15.200236,25.983571,-13.474192,-3.649598,-0.487838,3.682058,-1.525836,0.093051,1.528671,-3.008711,1.906314,72.495576
7,202,1786547986.39309,0,1,26.645926,-15.216285,25.922551,-13.470381,-3.67109,-0.401215,3.692949,-1.525496,0.095252,1.528467,-3.032734,1.889828,73.731584
7,203,1786547986.43309,0,1,26.498279,-15.228387,25.861558,-13.466484,-3.691173,-0.302543,3.703551,-1.524811,0.097433,1.527921,-3.059812,1.873423,74.816759
7,204,1786547986.47308,0,1,26.350219,-15.240534,25.800585,-13.462574,-3.701484,-0.303692,3.713922,-1.524344,0.097765,1.527476,-3.05973,1.860979,77.51204
7,205,1786547986.51305,0,1,26.201484,-15.248678,25.739641,-13.45865,-3.718371,-0.2036,3.723941,-1.523599,0.098086,1.526753,-3.086892,1.848648,78.666784
7,206,1786547986.5529,0,1,26.052264,-15.254901,25.678724,-13.454748,-3.730519,-0.155577,3.733762,-1.522907,0.097542,1.526027,-3.099913,1.8385,80.665326
7,207,1786547986.5931,0,1,25.902544,-15.256871,25.617846,-13.450869,-3.742981,-0.049248,3.743305,-1.521966,0.096998,1.525054,-3.128436,1.828305,81.795422
7,208,1786547986.63312,0,1,25.752445,-15.258495,25.55699,-13.447063,-3.752496,-0.040597,3.752716,-1.521401,0.095145,1.524373,-3.130774,1.821947,84.461412
7,209,1786547986.67309,0,1,25.602003,-15.255653,25.496165,-13.443329,-3.761041,0.071041,3.761712,-1.52063,0.093337,1.523492,3.122706,1.815412,85.575658
7,210,1786547986.71308,0,1,25.451213,-15.252442,25.435353,-13.439711,-3.76974,0.080292,3.770595,-1.520283,0.090457,1.522972,3.120297,1.8128,88.278547
7,211,1786547986.75314,0,1,25.300249,-15.244723,25.374561,-13.436206,-3.774103,0.192965,3.779033,-1.519796,0.087615,1.52232,3.090508,1.810043,89.426059
7,212,1786547986.79311,0,1,25.148972,-15.236613,25.313771,-13.432849,-3.781923,0.202757,3.787354,-1.519753,0.083937,1.522069,3.088032,1.811277,92.151466
7,213,1786547986.83308,0,1,24.997692,-15.223963,25.252986,-13.429636,-3.782007,0.316257,3.795206,-1.519624,0.080319,1.521745,3.058165,1.812397,93.317574
7,214,1786547986.87312,0,1,24.846152,-15.210729,25.19219,-13.426591,-3.788508,0.330833,3.802926,-1.519913,0.076117,1.521818,3.054488,1.817386,95.985661
7,215,1786547986.91309,0,1,24.694792,-15.192896,25.131384,-13.423711,-3.784,0.44583,3.810173,-1.520158,0.071999,1.521862,3.024314,1.822259,97.142647
7,216,1786547986.95306,0,1,24.543201,-15.174602,25.070551,-13.421013,-3.789778,0.457362,3.817276,-1.520816,0.067467,1.522311,3.02149,1.831167,99.85606
7,217,1786547986.99316,0,1,24.391971,-15.151692,25.009692,-13.418491,-3.78075,0.572738,3.823886,-1.521464,0.063043,1.522769,2.991248,1.839991,101.002205
7,218,1786547987.03308,0,1,24.240552,-15.128308,24.948793,-13.416156,-3.78546,0.584598,3.830334,-1.522488,0.058366,1.523606,2.988371,1.852854,103.693719
7,219,1786547987.07308,0,1,24.089678,-15.100304,24.887852,-13.414004,-3.771864,0.700115,3.83629,-1.523526,0.053821,1.524476,2.958066,1.865661,104.814249
7,220,1786547987.1129,0,1,23.938658,-15.071815,24.826856,-13.412037,-3.77548,0.712219,3.84207,-1.524893,0.049157,1.525685,2.95514,1.882487,107.469665
7,221,1786547987.153,0,1,23.788367,-15.038709,24.765804,-13.410252,-3.757291,0.827636,3.847365,-1.52629,0.044644,1.526943,2.92478,1.899279,108.550714
7,222,1786547987.19309,0,1,23.637975,-15.005113,24.704686,-13.408647,-3.759802,0.839903,3.852473,-1.527966,0.040115,1.528493,2.921811,1.920046,111.157095
7,223,1786547987.23309,0,1,23.488163,-14.968235,24.643556,-13.407216,-3.745294,0.921961,3.857103,-1.528252,0.035773,1.528671,2.900226,1.94209,112.677845
7,224,1786547987.27301,0,1,23.338222,-14.931127,24.582422,-13.405953,-3.748522,0.927699,3.861612,-1.528345,0.031569,1.528671,2.898983,1.968296,115.306253
7,225,1786547987.31301,0,1,23.188052,-14.894249,24.521285,-13.404852,-3.754243,0.92194,3.865788,-1.528423,0.027535,1.528671,2.900785,1.998953,118.036033
7,226,1786547987.35315,0,1,23.037556,-14.858066,24.460145,-13.403904,-3.762399,0.904587,3.869615,-1.528487,0.023697,1.528671,2.905643,2.034293,120.852267
7,227,1786547987.39309,0,1,22.887772,-14.818494,24.399004,-13.403099,-3.74462,0.989287,3.873096,-1.528538,0.020132,1.528671,2.883305,2.070548,122.076776
7,228,1786547987.43293,0,1,22.73767,-14.779616,24.337861,-13.402427,-3.752535,0.971956,3.876366,-1.528579,0.016794,1.528671,2.888149,2.111222,124.762127
7,229,1786547987.47293,0,1,22.587689,-14.739807,24.276716,-13.401879,-3.749524,0.995215,3.879354,-1.52861,0.013706,1.528671,2.88215,2.154731,126.751268
7,230,1786547987.51295,0,1,22.437285,-14.701198,24.215571,-13.401444,-3.760115,0.965246,3.882031,-1.528632,0.010857,1.528671,2.890312,2.202649,129.439529
7,231,1786547987.55299,0,1,22.287307,-14.660599,24.154425,-13.401114,-3.749432,1.014956,3.884376,-1.528649,0.008263,1.528671,2.877232,2.252206,130.851194
7,232,1786547987.59293,0,1,22.136877,-14.621386,24.093279,-13.400878,-3.760759,0.980325,3.886431,-1.52866,0.005904,1.528671,2.886595,2.305894,133.431594
7,233,1786547987.63289,0,1,21.985902,-14.584034,24.032132,-13.400727,-3.774371,0.9338,3.888169,-1.528666,0.003773,1.528671,2.899057,2.363741,136.063524
7,234,1786547987.67294,0,1,21.835435,-14.54446,23.970985,-13.400652,-3.761676,0.989361,3.889607,-1.52867,0.001876,1.528671,2.884407,2.422575,137.090669
7,235,1786547987.71294,0,1,21.684442,-14.506752,23.909838,-13.400644,-3.774836,0.942686,3.890764,-1.528671,0.00019,1.528671,2.896869,2.485129,139.549215
7,236,1786547987.75293,0,1,21.533983,-14.466828,23.848692,-13.400696,-3.76146,0.998117,3.891634,-1.52867,-0.001284,1.528671,2.882216,2.548433,140.408506
7,237,1786547987.79292,0,1,21.383016,-14.428775,23.787545,-13.400798,-3.774191,0.95131,3.892238,-1.528669,-0.002567,1.528671,2.894679,2.615052,142.70537
7,238,1786547987.83297,0,1,21.231461,-14.393076,23.726398,-13.400945,-3.788875,0.892477,3.892568,-1.528667,-0.003668,1.528671,2.910258,2.684965,145.059863
7,239,1786547987.87294,0,1,21.080325,-14.35563,23.665252,-13.401129,-3.778396,0.936161,3.892644,-1.528664,-0.004594,1.528671,2.898717,2.755525,145.817246
7,240,1786547987.91292,0,1,20.929761,-14.315975,23.604105,-13.401343,-3.764089,0.991378,3.892454,-1.528662,-0.005356,1.528671,2.884063,2.826423,146.36384
7,241,1786547987.95288,0,1,20.778732,-14.278203,23.542959,-13.401582,-3.775732,0.944287,3.892022,-1.528659,-0.005969,1.528671,2.896526,2.899899,148.363282
7,242,1786547987.99286,0,1,20.627159,-14.242795,23.481813,-13.40184,-3.789318,0.885199,3.891338,-1.528657,-0.006444,1.528671,2.912104,2.975946,150.436774
7,243,1786547988.03287,0,1,20.476041,-14.205649,23.420666,-13.402111,-3.777953,0.928652,3.890415,-1.528656,-0.006788,1.528671,2.900563,3.052293,150.926605
7,244,1786547988.07286,0,1,20.325529,-14.166305,23.35952,-13.402391,-3.762807,0.983609,3.889242,-1.528655,-0.007011,1.528671,2.885911,3.128685,151.21806
7,245,1786547988.11289,0,1,20.174592,-14.128853,23.298374,-13.402676,-3.773413,0.936303,3.887841,-1.528654,-0.007124,1.528671,2.898373,3.207077,152.977616
7,246,1786547988.15281,0,1,20.024284,-14.08921,23.237228,-13.402962,-3.757701,0.991063,3.886197,-1.528654,-0.007137,1.528671,2.883723,3.285414,153.168582
7,247,1786547988.1928,0,1,19.873566,-14.051462,23.176082,-13.403244,-3.767944,0.943704,3.884325,-1.528655,-0.007057,1.528671,2.896185,3.36553,154.834321
7,248,1786547988.23278,0,1,19.7235,-14.011532,23.114935,-13.403536,-3.751669,0.998249,3.882205,-1.528654,-0.007287,1.528671,2.881537,3.445504,154.936216
7,249,1786547988.27288,0,1,19.574232,-13.968962,23.053789,-13.403848,-3.731687,1.064257,3.880481,-1.528651,-0.0078,1.528671,2.863773,3.525149,154.857281
7,250,1786547988.31289,0,1,19.425937,-13.923298,22.992643,-13.404191,-3.707384,1.14159,3.879165,-1.528647,-0.008575,1.528671,2.842883,3.604285,154.604352
7,251,1786547988.35287,0,1,19.281443,-13.874974,22.931498,-13.404574,-3.612342,1.2081,3.809005,-1.528641,-0.009587,1.528671,2.818849,3.680241,154.164665
7,252,1786547988.39287,0,1,19.140937,-13.823738,22.870353,-13.405007,-3.512644,1.280896,3.738899,-1.528633,-0.010815,1.528671,2.791924,3.752849,153.559241
7,253,1786547988.43289,0,1,19.004619,-13.769387,22.809208,-13.405497,-3.40797,1.358792,3.668865,-1.528622,-0.012245,1.528671,2.762199,3.821952,152.798896
7,254,1786547988.47291,0,1,18.872698,-13.711763,22.748063,-13.406051,-3.298018,1.440602,3.598925,-1.528608,-0.013861,1.528671,2.729763,3.887405,151.893407
7,255,1786547988.51294,0,1,18.745397,-13.650757,22.68692,-13.406677,-3.182529,1.525142,3.5291,-1.528591,-0.01565,1.528671,2.694704,3.949073,150.851645
7,256,1786547988.55296,0,1,18.622531,-13.587102,22.625777,-13.407381,-3.071646,1.591373,3.459404,-1.52857,-0.017598,1.528671,2.663582,4.007278,150.041521
7,257,1786547988.59289,0,1,18.503801,-13.52161,22.564635,-13.408169,-2.968245,1.637306,3.389874,-1.528544,-0.019693,1.528671,2.637516,4.062418,149.518377
7,258,1786547988.63279,0,1,18.389216,-13.454438,22.503495,-13.409046,-2.864626,1.679291,3.320558,-1.528514,-0.021924,1.528671,2.61137,4.114529,148.988352
7,259,1786547988.67276,0,1,18.278778,-13.385744,22.442355,-13.410017,-2.760941,1.717357,3.251478,-1.528478,-0.024282,1.528671,2.58514,4.163648,148.451634
7,260,1786547988.71274,0,1,18.172485,-13.315682,22.381218,-13.411087,-2.657335,1.751541,3.18266,-1.528437,-0.026755,1.528671,2.558823,4.209814,147.908318
7,261,1786547988.75278,0,1,18.070327,-13.244407,22.320082,-13.41226,-2.553952,1.781887,3.114128,-1.52839,-0.029334,1.528671,2.532414,4.253069,147.358457
7,262,1786547988.79276,0,1,17.972289,-13.172069,22.258954,-13.413541,-2.450937,1.808444,3.045909,-1.528206,-0.032009,1.528541,2.505908,4.293461,146.802059
7,263,1786547988.83278,0,1,17.878352,-13.098818,22.197842,-13.414931,-2.348431,1.831268,2.978031,-1.527813,-0.034768,1.528208,2.479301,4.331041,146.239088
7,264,1786547988.8728,0,1,17.788489,-13.024801,22.136753,-13.416436,-2.246572,1.850423,2.910524,-1.527228,-0.037603,1.527691,2.452587,4.365864,145.669472
7,265,1786547988.91281,0,1,17.702669,-12.950162,22.075694,-13.418056,-2.145498,1.865977,2.843418,-1.526467,-0.040507,1.527005,2.425762,4.397984,145.0931
7,266,1786547988.95281,0,1,17.620856,-12.875042,22.014672,-13.419795,-2.045342,1.878005,2.776747,-1.525545,-0.043471,1.526164,2.39882,4.427457,144.509832
7,267,1786547988.99287,0,1,17.543006,-12.799579,21.953693,-13.421654,-1.946235,1.88659,2.710545,-1.524474,-0.04649,1.525182,2.371755,4.454339,143.919499
7,268,1786547989.03281,0,1,17.469074,-12.723906,21.892762,-13.423637,-1.848306,1.891819,2.644847,-1.523266,-0.049555,1.524072,2.344561,4.478688,143.321908
7,269,1786547989.07287,0,1,17.399007,-12.648154,21.831885,-13.425743,-1.751679,1.893789,2.579693,-1.521933,-0.05266,1.522843,2.317231,4.500561,142.716842
7,270,1786547989.11289,0,1,17.332748,-12.57245,21.771066,-13.427975,-1.656474,1.8926,2.515122,-1.520484,-0.0558,1.521508,2.289761,4.520021,142.104067
7,271,1786547989.15282,0,1,17.270236,-12.496916,21.710309,-13.430334,-1.562807,1.88836,2.451177,-1.51893,-0.058969,1.520074,2.262142,4.537126,141.483333
7,272,1786547989.19279,0,1,17.211404,-12.421669,21.649617,-13.43282,-1.47079,1.881183,2.387902,-1.517278,-0.06216,1.518551,2.234368,4.551941,140.854378
7,273,1786547989.23279,0,1,17.156183,-12.346821,21.588984,-13.435421,-1.380531,1.871191,2.325343,-1.515828,-0.065011,1.517222,2.206432,4.564513,140.216796
7,274,1786547989.27289,0,1,17.104503,-12.272488,21.528402,-13.438122,-1.291992,1.85831,2.263307,-1.514564,-0.067547,1.516069,2.178328,4.574886,139.570125
7,275,1786547989.31291,0,1,17.056294,-12.198782,21.467863,-13.440914,-1.205242,1.842664,2.201822,-1.51347,-0.069789,1.515078,2.150031,4.583103,138.912944
7,276,1786547989.35296,0,1,17.011479,-12.125808,21.407362,-13.443784,-1.120369,1.82436,2.140914,-1.512533,-0.07176,1.514234,2.121531,4.58921,138.244575
7,277,1786547989.39292,0,1,16.969981,-12.053667,21.346892,-13.446723,-1.037457,1.803508,2.080615,-1.511741,-0.073478,1.513525,2.092814,4.593252,137.564314
7,278,1786547989.43292,0,1,16.931717,-11.982458,21.286449,-13.449722,-0.956586,1.780224,2.020954,-1.511081,-0.074961,1.512939,2.063868,4.595275,136.871429
7,279,1786547989.47293,0,1,16.896604,-11.912273,21.226027,-13.452771,-0.87783,1.754627,1.961964,-1.510544,-0.076228,1.512466,2.03468,4.595328,136.165158
7,280,1786547989.51292,0,1,16.864554,-11.8432,21.165622,-13.455863,-0.801258,1.726839,1.903678,-1.510119,-0.077295,1.512095,2.005234,4.59346,135.444709
7,281,1786547989.55284,0,1,16.835476,-11.77532,21.10523,-13.45899,-0.726933,1.696986,1.846129,-1.509797,-0.078176,1.511819,1.975516,4.589722,134.709258
7,282,1786547989.59293,0,1,16.80928,-11.708712,21.044848,-13.462145,-0.654913,1.665197,1.789355,-1.50957,-0.078885,1.511629,1.945509,4.584164,133.957944
8,0,1786547994.05344,0,1,53.28,-13.199968,37.597264,-13.400033,-0.499999,0.000796,0.5,-0.068396,-0.000823,0.068401,3.14,15.684012,0.822135
8,0,1786547994.09343,0,1,53.28,-13.199968,37.591393,-13.400099,-0.499999,0.000796,0.5,-0.146791,-0.00165,0.146801,3.14,15.689884,0.822103
8,1,1786547994.13344,0,1,53.257177,-13.200292,37.582385,-13.400198,-0.570577,-0.008088,0.570635,-0.225187,-0.00248,0.225201,-3.127418,15.676067,0.081446
8,2,1786547994.17343,0,1,53.231527,-13.200545,37.570242,-13.400331,-0.64124,-0.006338,0.641271,-0.303582,-0.003314,0.303601,-3.131709,15.66256,0.164558
8,3,1786547994.21336,0,1,53.203052,-13.200791,37.554963,-13.400497,-0.711882,-0.006154,0.711908,-0.381978,-0.004151,0.382001,-3.132948,15.649364,0.23589
8,4,1786547994.25337,0,1,53.171751,-13.201024,37.536548,-13.400696,-0.782524,-0.005825,0.782546,-0.460373,-0.004993,0.460401,-3.134149,15.636478,0.305184
8,5,1786547994.29338,0,1,53.137624,-13.201247,37.514997,-13.40093,-0.853166,-0.005573,0.853184,-0.538769,-0.00584,0.538801,-3.13506,15.623904,0.358002
8,6,1786547994.33338,0,1,53.100672,-13.201462,37.49031,-13.401198,-0.923807,-0.005357,0.923822,-0.617164,-0.006691,0.617201,-3.135794,15.61164,0.400806
8,7,1786547994.37338,0,1,53.060894,-13.201668,37.462488,-13.401499,-0.994447,-0.005172,0.994461,-0.69556,-0.007547,0.695601,-3.136392,15.599686,0.435993
8,8,1786547994.41339,0,1,53.018291,-13.201869,37.43153,-13.401836,-1.065088,-0.005009,1.0651,-0.773955,-0.008408,0.774001,-3.13689,15.588044,0.465556
8,9,1786547994.45345,0,1,52.972862,-13.202063,37.397436,-13.402207,-1.135728,-0.004862,1.135739,-0.85235,-0.009274,0.852401,-3.137312,15.576712,0.49092
8,10,1786547994.49343,0,1,52.924607,-13.202252,37.360206,-13.402613,-1.206369,-0.004724,1.206378,-0.930745,-0.010147,0.930801,-3.137677,15.565691,0.513156
8,11,1786547994.53343,0,1,52.873527,-13.202436,37.320038,-13.403052,-1.277009,-0.004589,1.277018,-1.004208,-0.010971,1.004267,-3.137999,15.554783,0.533081
8,12,1786547994.57343,0,1,52.819621,-13.202614,37.277166,-13.403521,-1.34765,-0.004451,1.347657,-1.071796,-0.011736,1.07186,-3.13829,15.543753,0.55133
8,13,1786547994.61343,0,1,52.762889,-13.202786,37.231807,-13.404019,-1.418291,-0.004305,1.418297,-1.133981,-0.012445,1.134049,-3.138557,15.532386,0.568397
8,14,1786547994.65342,0,1,52.703332,-13.202952,37.184159,-13.404543,-1.488931,-0.004146,1.488937,-1.191194,-0.013103,1.191266,-3.138808,15.520482,0.584677
8,15,1786547994.69341,0,1,52.640949,-13.203111,37.134405,-13.405092,-1.559572,-0.003968,1.559577,-1.243834,-0.013716,1.243909,-3.139048,15.507859,0.600484
8,16,1786547994.73341,0,1,52.57574,-13.203261,37.082715,-13.405663,-1.630213,-0.003767,1.630217,-1.292265,-0.014285,1.292344,-3.139282,15.494347,0.616073
8,17,1786547994.77341,0,1,52.507706,-13.203403,37.029242,-13.406255,-1.700853,-0.003538,1.700857,-1.336826,-0.014814,1.336908,-3.139512,15.479794,0.631651
8,18,1786547994.81343,0,1,52.436846,-13.203534,36.974129,-13.406868,-1.771494,-0.003278,1.771497,-1.377825,-0.015308,1.37791,-3.139743,15.464054,0.647388
8,19,1786547994.85343,0,1,52.363161,-13.203653,36.917507,-13.407498,-1.842134,-0.00298,1.842137,-1.415547,-0.015768,1.415635,-3.139975,15.446999,0.663421
8,20,1786547994.89342,0,1,52.28665,-13.203759,36.859497,-13.408146,-1.912775,-0.002643,1.912777,-1.450255,-0.016197,1.450346,-3.140211,15.428507,0.679867
8,21,1786547994.93341,0,1,52.207313,-13.203849,36.800209,-13.40881,-1.983415,-0.002262,1.983417,-1.48219,-0.016597,1.482283,-3.140452,15.408468,0.696821
8,22,1786547994.97341,0,1,52.125151,-13.203923,36.739746,-13.409489,-2.054056,-0.001833,2.054056,-1.511573,-0.016972,1.511668,-3.1407,15.386778,0.714362
8,23,1786547995.0134,0,1,52.040163,-13.203977,36.678198,-13.410187,-2.124696,-0.001353,2.124696,-1.538715,-0.01745,1.538814,-3.140956,15.36335,0.732574
8,24,1786547995.05341,0,1,51.95235,-13.204052,36.615646,-13.410908,-2.195335,-0.001887,2.195336,-1.563795,-0.018023,1.563899,-3.140733,15.338099,0.72349
8,25,1786547995.09339,0,1,51.861711,-13.204144,36.552167,-13.411655,-2.265975,-0.002287,2.265976,-1.586978,-0.018683,1.587088,-3.140583,15.310951,0.718738
8,26,1786547995.13345,0,1,51.768246,-13.204255,36.48783,-13.412432,-2.336614,-0.002768,2.336616,-1.608416,-0.019423,1.608533,-3.140408,15.281834,0.712661
8,27,1786547995.17338,0,1,51.671956,-13.204386,36.4227,-13.413242,-2.407253,-0.003297,2.407256,-1.628248,-0.020237,1.628374,-3.140223,15.250686,0.706219
8,28,1786547995.2134,0,1,51.572841,-13.204542,36.356836,-13.414087,-2.477893,-0.003884,2.477896,-1.646603,-0.021119,1.646739,-3.140025,15.217447,0.699188
8,29,1786547995.2534,0,1,51.470899,-13.204723,36.290292,-13.414969,-2.548532,-0.004533,2.548536,-1.6636,-0.022062,1.663746,-3.139814,15.182063,0.691572
8,30,1786547995.29342,0,1,51.366132,-13.204933,36.223118,-13.415891,-2.61917,-0.005248,2.619176,-1.679346,-0.023062,1.679504,-3.139589,15.144484,0.683342
8,31,1786547995.33339,0,1,51.25854,-13.205174,36.155361,-13.416856,-2.689809,-0.006033,2.689815,-1.693941,-0.024114,1.694113,-3.13935,15.104663,0.674482
8,32,1786547995.3734,0,1,51.148122,-13.20545,36.087061,-13.417865,-2.760446,-0.006892,2.760455,-1.707479,-0.025213,1.707665,-3.139096,15.062559,0.664979
8,33,1786547995.4134,0,1,51.034879,-13.205763,36.01826,-13.418919,-2.831084,-0.007827,2.831095,-1.720043,-0.026355,1.720245,-3.138828,15.018132,0.654826
8,34,1786547995.4534,0,1,50.91881,-13.206117,35.948991,-13.42002,-2.90172,-0.008844,2.901734,-1.731712,-0.027537,1.73193,-3.138545,14.971347,0.644019
8,35,1786547995.49344,0,1,50.799916,-13.206515,35.879289,-13.42117,-2.972356,-0.009943,2.972373,-1.742556,-0.028755,1.742793,-3.138247,14.922171,0.632558
8,36,1786547995.53349,0,1,50.678196,-13.20696,35.809183,-13.422371,-3.042992,-0.011129,3.043012,-1.752642,-0.030005,1.752899,-3.137935,14.870573,0.620446
8,37,1786547995.57352,0,1,50.553651,-13.207456,35.738702,-13.423622,-3.113626,-0.012404,3.113651,-1.762031,-0.031285,1.762309,-3.137609,14.816526,0.607689
8,38,1786547995.61349,0,1,50.426281,-13.208007,35.667871,-13.424926,-3.18426,-0.013771,3.184289,-1.770779,-0.032591,1.771079,-3.137268,14.760004,0.594295
8,39,1786547995.65349,0,1,50.296156,-13.208616,35.596713,-13.426283,-3.253127,-0.015222,3.253163,-1.778936,-0.033922,1.779259,-3.136914,14.701054,0.58027
8,40,1786547995.69337,0,1,50.163345,-13.209286,35.525251,-13.427694,-3.320257,-0.016758,3.3203,-1.78655,-0.035275,1.786898,-3.136546,14.639723,0.565639
8,41,1786547995.7335,0,1,50.027918,-13.210021,35.453505,-13.429159,-3.385697,-0.018377,3.385747,-1.793664,-0.036647,1.794039,-3.136165,14.57606,0.550428
8,42,1786547995.77348,0,1,49.889938,-13.210824,35.381492,-13.430681,-3.449492,-0.020079,3.44955,-1.800319,-0.038036,1.800721,-3.135772,14.510111,0.534665
8,43,1786547995.81351,0,1,49.74947,-13.211699,35.30923,-13.432258,-3.511685,-0.021862,3.511753,-1.806551,-0.039441,1.806982,-3.135367,14.441925,0.518384
8,44,1786547995.8535,0,1,49.606578,-13.212648,35.236734,-13.433893,-3.572321,-0.023722,3.5724,-1.812394,-0.04086,1.812854,-3.134952,14.371546,0.501617
8,45,1786547995.89351,0,1,49.46132,-13.213674,35.164019,-13.435585,-3.63144,-0.025658,3.631531,-1.817879,-0.042291,1.818371,-3.134527,14.299023,0.484401
8,46,1786547995.9335,0,1,49.313757,-13.214781,35.091098,-13.437334,-3.689084,-0.027668,3.689187,-1.823035,-0.043732,1.823559,-3.134093,14.2244,0.466772
8,47,1786547995.9735,0,1,49.163945,-13.21597,35.017982,-13.439141,-3.745291,-0.029748,3.745409,-1.827887,-0.045183,1.828446,-3.13365,14.147723,0.448769
8,48,1786547996.01343,0,1,49.011941,-13.217246,34.944693,-13.441003,-3.800101,-0.031894,3.800235,-1.832224,-0.046546,1.832815,-3.1332,14.069027,0.430415
8,49,1786547996.0535,0,1,48.857823,-13.218425,34.87125,-13.442916,-3.852941,-0.029468,3.853054,-1.836086,-0.047826,1.836709,-3.133944,13.988375,0.481338
8,50,1786547996.0935,0,1,48.70167,-13.219539,34.797669,-13.444877,-3.903821,-0.02785,3.90392,-1.839511,-0.049032,1.840164,-3.134459,13.905827,0.519745
8,51,1786547996.13344,0,1,48.543558,-13.220548,34.723968,-13.446884,-3.952805,-0.02523,3.952886,-1.842534,-0.050166,1.843216,-3.13521,13.821444,0.572596
8,52,1786547996.17343,0,1,48.383561,-13.221438,34.650161,-13.448933,-3.99994,-0.022251,4.000002,-1.845187,-0.051236,1.845898,-3.13603,13.735284,0.630305
8,53,1786547996.2135,0,1,48.22175,-13.222186,34.576261,-13.451023,-4.045275,-0.01869,4.045319,-1.8475,-0.052246,1.848238,-3.136972,13.647408,0.696053
8,54,1786547996.25345,0,1,48.058195,-13.222772,34.502349,-13.453149,-4.088858,-0.01465,4.088884,-1.847781,-0.05315,1.848546,-3.13801,13.557803,0.768342
8,55,1786547996.29349,0,1,47.892966,-13.223176,34.428439,-13.455309,-4.130734,-0.010112,4.130747,-1.847757,-0.054,1.848546,-3.139145,13.466528,0.847439
8,56,1786547996.33348,0,1,47.726128,-13.223381,34.35453,-13.457502,-4.170948,-0.005109,4.170952,-1.847733,-0.05481,1.848546,-3.140368,13.373648,0.932899
8,57,1786547996.37343,0,1,47.557746,-13.223367,34.280621,-13.459725,-4.209544,0.000345,4.209544,-1.84771,-0.055581,1.848546,3.141511,13.279229,1.024566
8,58,1786547996.41343,0,1,47.387884,-13.223118,34.206714,-13.461977,-4.246563,0.006225,4.246568,-1.847688,-0.056316,1.848546,3.140127,13.183334,1.122153
8,59,1786547996.4535,0,1,47.216602,-13.222618,34.132807,-13.464258,-4.282047,0.012509,4.282065,-1.847666,-0.057019,1.848546,3.138672,13.086026,1.225428
8,60,1786547996.49344,0,1,47.04396,-13.221851,34.058901,-13.466566,-4.316035,0.019169,4.316078,-1.847645,-0.057691,1.848546,3.137151,12.987365,1.334136
8,61,1786547996.5335,0,1,46.870018,-13.220803,33.984996,-13.468899,-4.348567,0.026182,4.348646,-1.847625,-0.058335,1.848546,3.135572,12.88741,1.448038
8,62,1786547996.57351,0,1,46.694831,-13.219463,33.911092,-13.471257,-4.379681,0.03352,4.379809,-1.847605,-0.058952,1.848546,3.133939,12.786218,1.566892
8,63,1786547996.61349,0,1,46.518454,-13.217816,33.837189,-13.473639,-4.409413,0.041157,4.409605,-1.847586,-0.059545,1.848546,3.132259,12.683845,1.690469
8,64,1786547996.65352,0,1,46.340942,-13.215854,33.763286,-13.476044,-4.4378,0.049066,4.438072,-1.847568,-0.060115,1.848546,3.130537,12.580347,1.818546
8,65,1786547996.69352,0,1,46.162347,-13.213565,33.689384,-13.47847,-4.464878,0.057219,4.465244,-1.84755,-0.060663,1.848546,3.128778,12.475776,1.950912
8,66,1786547996.7335,0,1,45.98272,-13.210941,33.615483,-13.480918,-4.49068,0.065591,4.491159,-1.847533,-0.061191,1.848546,3.126988,12.370183,2.087366
8,67,1786547996.77349,0,1,45.80211,-13.207975,33.541582,-13.483386,-4.51524,0.074154,4.515849,-1.847516,-0.061701,1.848546,3.125171,12.263621,2.22772
8,68,1786547996.81344,0,1,45.620566,-13.20466,33.467682,-13.485874,-4.538591,0.082885,4.539347,-1.847499,-0.062193,1.848546,3.123332,12.156138,2.371801
8,69,1786547996.8536,0,1,45.438136,-13.200989,33.393783,-13.48838,-4.560765,0.091757,4.561688,-1.847483,-0.062668,1.848546,3.121477,12.047781,2.519448
8,70,1786547996.89352,0,1,45.254865,-13.196943,33.319885,-13.490905,-4.581779,0.101156,4.582895,-1.847438,-0.063128,1.848516,3.119518,11.938599,2.67569
8,71,1786547996.93353,0,1,45.070797,-13.192543,33.245995,-13.493448,-4.601691,0.110006,4.603005,-1.847268,-0.063568,1.848361,3.117692,11.82863,2.82711
8,72,1786547996.9735,0,1,44.885977,-13.187761,33.172115,-13.496008,-4.620501,0.119562,4.622047,-1.846984,-0.063991,1.848092,3.115722,11.717917,2.98966
8,73,1786547997.01349,0,1,44.700446,-13.182618,33.098246,-13.498574,-4.638268,0.128566,4.64005,-1.84674,-0.064156,1.847854,3.113881,11.606502,3.147664
8,74,1786547997.0535,0,1,44.514184,-13.178161,33.024384,-13.501138,-4.656554,0.111427,4.657887,-1.846533,-0.064085,1.847644,3.117668,11.494338,2.980931
8,75,1786547997.09348,0,1,44.327224,-13.173353,32.95053,-13.503689,-4.674015,0.120188,4.67556,-1.846359,-0.063796,1.847461,3.115884,11.381489,3.136167
8,76,1786547997.13359,0,1,44.139542,-13.169402,32.876681,-13.506222,-4.692035,0.098777,4.693075,-1.846217,-0.063306,1.847302,3.120544,11.267896,2.918958
8,77,1786547997.17357,0,1,43.951175,-13.165044,32.802837,-13.508727,-4.709173,0.108951,4.710434,-1.846103,-0.062631,1.847165,3.118461,11.153634,3.091115
8,78,1786547997.21349,0,1,43.762098,-13.16174,32.728997,-13.511198,-4.72692,0.082607,4.727642,-1.846016,-0.061787,1.84705,3.124119,11.038635,2.815353
8,79,1786547997.25366,0,1,43.572349,-13.157894,32.655158,-13.51363,-4.743729,0.096148,4.744703,-1.845953,-0.060786,1.846953,3.121327,10.922985,3.027451
8,80,1786547997.29362,0,1,43.381901,-13.155354,32.581322,-13.516015,-4.761197,0.063502,4.761621,-1.845912,-0.059642,1.846875,3.128256,10.8066,2.676689
8,81,1786547997.33352,0,1,43.190794,-13.152034,32.507486,-13.51835,-4.777679,0.083005,4.7784,-1.845891,-0.058366,1.846814,3.124221,10.689586,2.959151
8,82,1786547997.37351,0,1,42.999,-13.150369,32.433651,-13.520629,-4.794861,0.041629,4.795042,-1.84589,-0.05697,1.846769,3.132911,10.571835,2.504528
8,83,1786547997.41358,0,1,42.806559,-13.147534,32.359814,-13.522847,-4.811031,0.070867,4.811553,-1.845906,-0.055463,1.846739,3.126864,10.453484,2.901461
8,84,1786547997.45358,0,1,42.613443,-13.146868,32.285977,-13.525002,-4.827903,0.016642,4.827932,-1.845937,-0.053854,1.846723,3.138146,10.334386,2.294414
8,85,1786547997.49361,0,1,42.419691,-13.144409,32.212138,-13.527088,-4.843797,0.06147,4.844187,-1.845984,-0.052152,1.84672,3.128903,10.214724,2.874073
8,86,1786547997.53358,0,1,42.225279,-13.144911,32.138296,-13.529102,-4.860297,-0.012553,4.860313,-1.846044,-0.050366,1.846731,-3.13901,10.094297,2.033232
8,87,1786547997.57356,0,1,42.030235,-13.143054,32.064451,-13.531042,-4.876102,0.046432,4.876323,-1.846116,-0.048501,1.846753,3.132071,9.973333,2.775092
8,88,1786547997.61359,0,1,41.83455,-13.144283,31.990603,-13.532905,-4.892106,-0.03071,4.892202,-1.8462,-0.046567,1.846787,-3.135315,9.851615,1.901103
8,89,1786547997.65364,0,1,41.638235,-13.143138,31.916752,-13.534688,-4.907884,0.028605,4.907967,-1.846294,-0.044567,1.846832,3.135764,9.729366,2.640374
8,90,1786547997.69357,0,1,41.441301,-13.145107,31.842896,-13.536388,-4.923356,-0.049215,4.923602,-1.846398,-0.04251,1.846887,-3.131597,9.606377,1.761665
8,91,1786547997.73362,0,1,41.243736,-13.14469,31.769035,-13.538004,-4.939112,0.010424,4.939123,-1.84651,-0.040399,1.846952,3.139482,9.482861,2.498018
8,92,1786547997.77361,0,1,41.045575,-13.147412,31.69517,-13.539534,-4.954043,-0.068062,4.95451,-1.846631,-0.03824,1.847027,-3.127855,9.358623,1.614241
8,93,1786547997.81367,0,1,40.846784,-13.147737,31.6213,-13.540975,-4.969776,-0.008106,4.969783,-1.846759,-0.036037,1.847111,-3.139962,9.233861,2.347319
8,94,1786547997.85365,0,1,40.647414,-13.150983,31.547424,-13.542327,-4.984253,-0.081158,4.984914,-1.846895,-0.033796,1.847204,-3.125311,9.108401,1.529625
8,95,1786547997.89359,0,1,40.447418,-13.151757,31.473542,-13.543588,-4.999886,-0.019346,4.999923,-1.847036,-0.031519,1.847305,-3.137723,8.982426,2.278451
8,96,1786547997.9336,0,1,40.246864,-13.155639,31.399655,-13.544756,-5.01384,-0.097053,5.01478,-1.847183,-0.029211,1.847414,-3.122238,8.855762,1.409423
8,97,1786547997.97359,0,1,40.045689,-13.15703,31.325762,-13.545831,-5.029386,-0.034773,5.029506,-1.847336,-0.026875,1.847532,-3.134679,8.728591,2.156859
8,98,1786547998.01356,0,1,39.843967,-13.161067,31.251861,-13.54682,-5.043051,-0.10092,5.04406,-1.847508,-0.024726,1.847673,-3.121584,8.600761,1.424208
8,99,1786547998.05356,0,1,39.64164,-13.162471,31.177953,-13.54773,-5.058181,-0.035102,5.058302,-1.847697,-0.022749,1.847837,-3.134653,8.47245,2.208644
8,100,1786547998.09357,0,1,39.438759,-13.164152,31.104037,-13.548567,-5.07201,-0.042031,5.072185,-1.847903,-0.020932,1.848021,-3.133306,8.343582,2.165939
8,101,1786547998.13356,0,1,39.235331,-13.163738,31.030112,-13.549338,-5.085712,0.010341,5.085722,-1.848123,-0.019263,1.848224,3.139559,8.214274,2.807103
8,102,1786547998.17359,0,1,39.031377,-13.164683,30.956178,-13.550047,-5.098841,-0.023613,5.098896,-1.848357,-0.01773,1.848442,-3.136962,8.084389,2.466854
8,103,1786547998.21349,0,1,38.826924,-13.162234,30.882239,-13.5507,-5.11134,0.061222,5.111706,-1.848474,-0.016323,1.848546,3.129616,7.954176,3.485557
8,104,1786547998.25347,0,1,38.621959,-13.162131,30.8083,-13.551301,-5.124127,0.00257,5.124128,-1.848485,-0.015031,1.848546,3.141091,7.823344,2.88008
8,105,1786547998.29348,0,1,38.416543,-13.158612,30.73436,-13.551855,-5.135393,0.087991,5.136147,-1.848494,-0.013848,1.848546,3.12446,7.692241,3.911978
8,106,1786547998.33347,0,1,38.210665,-13.154993,30.66042,-13.552366,-5.146951,0.090455,5.147746,-1.848502,-0.012764,1.848546,3.12402,7.560695,4.019563
8,107,1786547998.37348,0,1,38.004424,-13.148089,30.58648,-13.552837,-5.156015,0.172618,5.158904,-1.848508,-0.011774,1.848546,3.108126,7.428979,5.040646
8,108,1786547998.41353,0,1,37.797698,-13.143112,30.512539,-13.553271,-5.168144,0.124411,5.169641,-1.848514,-0.010868,1.848546,3.117525,7.296696,4.601385
8,109,1786547998.45363,0,1,37.590694,-13.134241,30.438598,-13.553673,-5.1751,0.221769,5.17985,-1.848518,-0.010042,1.848546,3.098766,7.164384,5.810042
8,110,1786547998.49358,0,1,37.383244,-13.126763,30.364657,-13.554045,-5.186254,0.186952,5.189622,-1.848522,-0.00929,1.848546,3.105561,7.031581,5.548264
8,111,1786547998.53356,0,1,37.175612,-13.115231,30.290716,-13.554389,-5.190803,0.288314,5.198804,-1.848526,-0.008605,1.848546,3.086106,6.898888,6.828841
8,112,1786547998.57355,0,1,36.967573,-13.104766,30.216775,-13.554708,-5.200984,0.26162,5.20756,-1.848528,-0.007983,1.848546,3.091333,6.765775,6.692803
8,113,1786547998.61357,0,1,36.759467,-13.09004,30.142834,-13.555005,-5.20265,0.36814,5.215659,-1.848531,-0.007418,1.848546,3.07095,6.63295,8.067196
8,114,1786547998.6535,0,1,36.550944,-13.07692,30.068893,-13.555281,-5.213074,0.328009,5.223383,-1.848533,-0.006907,1.848546,3.078755,6.499678,7.820982
8,115,1786547998.69351,0,1,36.342455,-13.059524,29.994951,-13.555539,-5.212218,0.4349,5.23033,-1.848534,-0.006446,1.848546,3.058347,6.366854,9.237835
8,116,1786547998.73346,0,1,36.133631,-13.042988,29.92101,-13.55578,-5.220614,0.413389,5.236955,-1.848536,-0.006031,1.848546,3.062574,6.233748,9.245979
8,117,1786547998.77344,0,1,35.924974,-13.021974,29.847068,-13.556007,-5.216408,0.525373,5.242798,-1.848537,-0.005658,1.848546,3.041216,6.101322,10.772558
8,118,1786547998.81351,0,1,35.715954,-13.00237,29.773127,-13.55622,-5.225507,0.490091,5.248439,-1.848538,-0.005325,1.848546,3.048078,5.96858,10.682369
8,119,1786547998.85354,0,1,35.507212,-12.978281,29.699185,-13.556421,-5.218547,0.602227,5.253181,-1.848539,-0.005027,1.848546,3.0267,5.83673,12.267466
8,120,1786547998.89352,0,1,35.298125,-12.955603,29.625244,-13.556611,-5.227176,0.566956,5.257833,-1.84854,-0.004764,1.848546,3.033552,5.704629,12.237873
8,121,1786547998.93356,0,1,35.089424,-12.928437,29.551302,-13.556793,-5.217533,0.679133,5.261546,-1.84854,-0.004531,1.848546,3.012157,5.573654,13.889227
8,122,1786547998.97344,0,1,34.880392,-12.902683,29.47736,-13.556966,-5.225786,0.643868,5.265302,-1.848541,-0.004327,1.848546,3.019001,5.442503,13.928641
8,123,1786547999.01365,0,1,34.671849,-12.872443,29.403419,-13.557138,-5.213579,0.75599,5.268105,-1.848541,-0.004317,1.848546,2.997592,5.312736,15.655379
8,124,1786547999.05355,0,1,34.462999,-12.843616,29.329477,-13.557318,-5.221247,0.720686,5.27075,-1.84854,-0.004488,1.848546,3.00443,5.182897,15.77382
8,125,1786547999.09355,0,1,34.25379,-12.817089,29.255536,-13.557511,-5.230235,0.663173,5.272111,-1.848539,-0.004823,1.848546,3.01547,5.052798,15.652615
8,126,1786547999.13356,0,1,34.045073,-12.786971,29.181594,-13.557723,-5.217923,0.752935,5.271966,-1.848538,-0.005309,1.848546,2.998284,4.924173,17.216176
8,127,1786547999.17358,0,1,33.836048,-12.759161,29.107653,-13.55796,-5.22562,0.695247,5.271667,-1.848536,-0.005935,1.848546,3.009324,4.795394,17.167278
8,128,1786547999.21364,0,1,33.627603,-12.727774,29.033711,-13.558228,-5.211116,0.784674,5.269861,-1.848534,-0.006689,1.848546,2.992139,4.668351,18.809982
8,129,1786547999.25363,0,1,33.418895,-12.6987,28.95977,-13.55853,-5.217701,0.726852,5.268085,-1.84853,-0.00756,1.848546,3.003178,4.541267,18.844649
8,130,1786547999.29361,0,1,33.210846,-12.666065,28.885829,-13.558872,-5.20124,0.815886,5.264842,-1.848526,-0.008538,1.848546,2.985997,4.416206,20.578636
8,131,1786547999.33362,0,1,33.002568,-12.635746,28.811889,-13.559257,-5.206958,0.757979,5.261838,-1.848509,-0.009615,1.848534,2.997038,4.291231,20.710169
8,132,1786547999.37363,0,1,32.795014,-12.601882,28.737953,-13.559688,-5.188845,0.846588,5.257454,-1.848399,-0.010781,1.84843,2.979862,4.168589,22.549841
8,133,1786547999.41366,0,1,32.587253,-12.570336,28.664025,-13.560169,-5.194007,0.788654,5.25354,-1.848204,-0.012028,1.848243,2.990904,4.04617,22.794033
8,134,1786547999.45364,0,1,32.379241,-12.541988,28.590107,-13.560703,-5.200315,0.708694,5.248383,-1.847931,-0.01335,1.847979,3.006148,3.923686,22.808635
8,135,1786547999.49357,0,1,32.171877,-12.510987,28.516204,-13.561292,-5.184086,0.775041,5.241701,-1.847585,-0.01474,1.847644,2.993188,3.803563,24.532774
8,136,1786547999.5335,0,1,31.96532,-12.476473,28.442317,-13.56194,-5.163932,0.862841,5.235521,-1.847174,-0.016191,1.847245,2.976032,3.686433,26.610422
8,137,1786547999.57364,0,1,31.758599,-12.444275,28.368449,-13.562648,-5.168017,0.804948,5.230329,-1.846701,-0.017697,1.846786,2.987078,3.569857,27.110162
8,138,1786547999.61364,0,1,31.551652,-12.415263,28.294602,-13.563418,-5.17368,0.725313,5.224275,-1.846173,-0.019253,1.846273,3.002308,3.453496,27.398706
8,139,1786547999.65364,0,1,31.345381,-12.383615,28.220778,-13.564252,-5.156774,0.791193,5.217117,-1.845593,-0.020854,1.84571,2.989352,3.340217,29.421925
8,140,1786547999.69362,0,1,31.138894,-12.355144,28.14698,-13.565152,-5.162188,0.711781,5.211028,-1.844965,-0.022496,1.845102,3.004573,3.227332,29.870348
8,141,1786547999.73364,0,1,30.932168,-12.330715,28.073208,-13.566119,-5.168148,0.610712,5.204106,-1.844294,-0.024173,1.844452,3.02397,3.114462,30.109271
8,142,1786547999.77364,0,1,30.725982,-12.304509,27.999465,-13.567154,-5.154655,0.655143,5.196122,-1.843582,-0.025883,1.843764,3.015173,3.004691,32.092072
8,143,1786547999.81357,0,1,30.520423,-12.275674,27.925751,-13.568259,-5.138974,0.720893,5.189291,-1.842834,-0.02762,1.843041,3.002223,2.898809,34.466395
8,144,1786547999.85369,0,1,30.314655,-12.249992,27.852069,-13.569434,-5.144202,0.642039,5.184113,-1.842052,-0.029382,1.842286,3.017426,2.793789,35.296409
8,145,1786547999.89364,0,1,30.108641,-12.228321,27.77842,-13.570681,-5.150341,0.54178,5.178759,-1.841238,-0.031165,1.841502,3.036785,2.689212,35.949798
8,146,1786547999.93358,0,1,29.903051,-12.204861,27.704804,-13.572,-5.139737,0.586502,5.173092,-1.840396,-0.032967,1.840691,3.027973,2.588699,38.388336
8,147,1786547999.97363,0,1,29.697203,-12.185396,27.631223,-13.573391,-5.146207,0.486611,5.169162,-1.839527,-0.034783,1.839856,3.047316,2.488936,39.296196
8,148,1786548000.01363,0,1,29.491107,-12.170785,27.557677,-13.574838,-5.152409,0.365288,5.165341,-1.838645,-0.036165,1.839001,3.070815,2.389459,40.042359
8,149,1786548000.05366,0,1,29.285226,-12.155215,27.484167,-13.576323,-5.147025,0.389248,5.161722,-1.837751,-0.037144,1.838127,3.066111,2.294202,42.599678
8,150,1786548000.09358,0,1,29.079103,-12.144487,27.410679,-13.578788,-5.153077,0.2682,5.160051,-1.837198,-0.061613,1.838231,3.089593,2.200195,43.664167
8,151,1786548000.13369,0,1,28.873076,-12.13279,27.337217,-13.581931,-5.15067,0.292415,5.158964,-1.836559,-0.078581,1.838239,3.084881,2.111604,46.585265
8,152,1786548000.17368,0,1,28.666785,-12.125932,27.263807,-13.585669,-5.157285,0.171466,5.160134,-1.835246,-0.093444,1.837623,3.108358,2.024643,48.040093
8,153,1786548000.21366,0,1,28.460295,-12.124779,27.190479,-13.589936,-5.162246,0.028822,5.162327,-1.833212,-0.106689,1.836313,3.136009,1.938845,49.405219
8,154,1786548000.25366,0,1,28.253679,-12.123501,27.11722,-13.594498,-5.165403,0.031937,5.165502,-1.831456,-0.114048,1.835004,3.13541,1.858863,52.665396
8,155,1786548000.29358,0,1,28.046903,-12.127945,27.04405,-13.599286,-5.169387,-0.111083,5.170581,-1.829246,-0.119679,1.833157,-3.120107,1.780606,54.490986
8,156,1786548000.33357,0,1,27.839972,-12.13547,26.970966,-13.604169,-5.173275,-0.18814,5.176695,-1.827108,-0.122091,1.831183,-3.105241,1.706531,57.305067
8,157,1786548000.37357,0,1,27.632987,-12.147998,26.89797,-13.609065,-5.174619,-0.313182,5.184088,-1.824904,-0.122403,1.829005,-3.081144,1.635533,59.830991
8,158,1786548000.41358,0,1,27.425686,-12.160846,26.825039,-13.613838,-5.182539,-0.321204,5.192484,-1.823276,-0.119306,1.827175,-3.079694,1.572247,63.993913
8,159,1786548000.45365,0,1,27.218483,-12.179898,26.752173,-13.618439,-5.180067,-0.476317,5.20192,-1.821648,-0.115036,1.825276,-3.049899,1.512232,66.785957
8,160,1786548000.49367,0,1,27.010909,-12.199299,26.679353,-13.622791,-5.189356,-0.485004,5.211971,-1.820503,-0.108809,1.823752,-3.048402,1.461595,71.549158
8,161,1786548000.53369,0,1,26.803538,-12.224528,26.606574,-13.626869,-5.18428,-0.630726,5.222507,-1.819462,-0.101933,1.822316,-3.020526,1.416106,75.068335
8,162,1786548000.57365,0,1,26.595765,-12.250026,26.533826,-13.63064,-5.194322,-0.63745,5.23329,-1.818702,-0.094292,1.821144,-3.019483,1.382003,80.434873
8,163,1786548000.61346,0,1,26.387494,-12.275004,26.461103,-13.634095,-5.206772,-0.624453,5.244084,-1.81809,-0.086358,1.82014,-3.022232,1.361083,86.261252
8,164,1786548000.65361,0,1,26.179395,-12.304577,26.388403,-13.637235,-5.202478,-0.739328,5.254749,-1.817499,-0.078503,1.819194,-3.000427,1.348948,90.825204
8,165,1786548000.69364,0,1,25.970767,-12.333403,26.315725,-13.640066,-5.21569,-0.720646,5.26524,-1.816931,-0.070775,1.818309,-3.004293,1.351431,96.921958
8,166,1786548000.73368,0,1,25.76151,-12.360602,26.243071,-13.642596,-5.231427,-0.679977,5.275434,-1.816352,-0.063258,1.817453,-3.012338,1.369456,103.182167
8,167,1786548000.77369,0,1,25.552293,-12.390989,26.170442,-13.644836,-5.23043,-0.759692,5.285313,-1.815744,-0.05599,1.816607,-2.997357,1.397941,107.979277
8,168,1786548000.81359,0,1,25.34242,-12.419464,26.097837,-13.646794,-5.246833,-0.711851,5.294902,-1.815107,-0.048967,1.815768,-3.006743,1.441179,113.885856
8,169,1786548000.85361,0,1,25.13217,-12.447918,26.02526,-13.648482,-5.256245,-0.71136,5.304163,-1.814441,-0.042181,1.814931,-3.007074,1.496316,118.937901
8,170,1786548000.89363,0,1,24.921553,-12.476328,25.95271,-13.649907,-5.265428,-0.710257,5.313116,-1.813746,-0.035623,1.814096,-3.007511,1.562233,123.621651
8,171,1786548000.93366,0,1,24.710574,-12.504647,25.880189,-13.651078,-5.274463,-0.707982,5.321767,-1.813024,-0.02928,1.81326,-3.008162,1.637773,127.928517
8,172,1786548000.97367,0,1,24.499254,-12.532932,25.807698,-13.652003,-5.283009,-0.707125,5.330122,-1.812277,-0.023139,1.812425,-3.008535,1.721727,131.83701
8,173,1786548001.01364,0,1,24.287581,-12.561017,25.735226,-13.652708,-5.291813,-0.702123,5.338189,-1.811789,-0.017624,1.811875,-3.009682,1.813137,135.42158
8,174,1786548001.05365,0,1,24.076008,-12.592086,25.662765,-13.653216,-5.289329,-0.776708,5.346052,-1.811539,-0.012689,1.811584,-2.99579,1.908872,137.873851
8,175,1786548001.09365,0,1,23.863756,-12.620528,25.590304,-13.653548,-5.306297,-0.711045,5.353725,-1.811508,-0.008291,1.811527,-3.008386,2.011989,141.475088
8,176,1786548001.13359,0,1,23.651681,-12.65234,25.517837,-13.653723,-5.301881,-0.795315,5.3612,-1.811679,-0.00439,1.811684,-2.992697,2.117854,143.250796
8,177,1786548001.17344,0,1,23.438933,-12.681518,25.445356,-13.653761,-5.318705,-0.729456,5.368494,-1.812035,-0.00095,1.812035,-3.005294,2.229571,146.337439
8,178,1786548001.21343,0,1,23.226388,-12.714076,25.372853,-13.653679,-5.313624,-0.813939,5.375602,-1.812561,0.002064,1.812563,-2.989594,2.343111,147.650029
8,179,1786548001.25341,0,1,23.013563,-12.746639,25.300323,-13.653491,-5.320623,-0.814073,5.382541,-1.813245,0.004684,1.813251,-2.989767,2.460011,149.669404
8,180,1786548001.2934,0,1,22.800988,-12.782461,25.227761,-13.653214,-5.314385,-0.895552,5.389313,-1.814073,0.006939,1.814086,-2.974646,2.578263,150.696145
8,181,1786548001.33352,0,1,22.587791,-12.816124,25.155159,-13.652859,-5.329912,-0.841579,5.395944,-1.815034,0.008856,1.815055,-2.984988,2.700279,152.975827
8,182,1786548001.37354,0,1,22.37498,-12.853661,25.082515,-13.652441,-5.320278,-0.938433,5.402408,-1.816117,0.010461,1.816147,-2.967001,2.822905,153.55945
8,183,1786548001.41353,0,1,22.161542,-12.889038,25.009822,-13.65197,-5.335943,-0.88442,5.408742,-1.817312,0.011778,1.817351,-2.977338,2.948688,155.593849
8,184,1786548001.45353,0,1,21.948533,-12.928296,24.937078,-13.651457,-5.325234,-0.981447,5.41492,-1.818612,0.012828,1.818657,-2.959337,3.074794,155.954683
8,185,1786548001.49347,0,1,21.73489,-12.965392,24.864277,-13.650911,-5.341062,-0.927402,5.420979,-1.820006,0.013632,1.820057,-2.96967,3.203592,157.793621
8,186,1786548001.53345,0,1,21.521667,-13.006107,24.791418,-13.650343,-5.33058,-1.017877,5.426892,-1.821488,0.014209,1.821543,-2.952914,3.332613,158.04332
8,187,1786548001.57345,0,1,21.307793,-13.044587,24.718496,-13.64976,-5.346843,-0.962005,5.432695,-1.82305,0.014577,1.823109,-2.963577,3.463975,159.73899
8,188,1786548001.61345,0,1,21.094367,-13.086664,24.645508,-13.64917,-5.335658,-1.051924,5.438363,-1.824687,0.014752,1.824747,-2.946939,3.595416,159.846234
8,189,1786548001.65352,0,1,20.880274,-13.126444,24.572453,-13.64858,-5.352319,-0.994502,5.443929,-1.826392,0.014749,1.826451,-2.95788,3.728915,161.424839
8,190,1786548001.69346,0,1,20.666628,-13.169666,24.499326,-13.647997,-5.341165,-1.080544,5.449368,-1.82816,0.014582,1.828218,-2.941982,3.862432,161.449266
8,191,1786548001.73345,0,1,20.452295,-13.210502,24.426127,-13.647426,-5.358329,-1.020885,5.454713,-1.829985,0.014265,1.830041,-2.953326,3.99778,162.938625
8,192,1786548001.77345,0,1,20.238483,-13.255023,24.352852,-13.646874,-5.34529,-1.113031,5.459942,-1.831864,0.01381,1.831916,-2.9363,4.132987,162.797166
8,193,1786548001.81345,0,1,20.023978,-13.297156,24.279501,-13.646344,-5.362615,-1.05332,5.465082,-1.833791,0.013229,1.833839,-2.947643,4.269825,164.196561
8,194,1786548001.85352,0,1,19.809615,-13.341014,24.20607,-13.645843,-5.359094,-1.096467,5.470113,-1.835763,0.012532,1.835806,-2.939779,4.407011,164.47064
8,195,1786548001.89352,0,1,19.594472,-13.38195,24.132559,-13.645374,-5.378558,-1.023386,5.475053,-1.837777,0.01173,1.837815,-2.953569,4.545726,165.904884
8,196,1786548001.93355,0,1,19.37976,-13.426058,24.058966,-13.644941,-5.367805,-1.102719,5.479901,-1.839829,0.010831,1.839861,-2.93898,4.684322,165.712917
8,197,1786548001.97346,0,1,19.168666,-13.473617,23.985289,-13.644547,-5.277354,-1.18897,5.409632,-1.841916,0.009845,1.841942,-2.919996,4.819655,165.271019
8,198,1786548002.01351,0,1,18.96146,-13.525389,23.911538,-13.644186,-5.18014,-1.294283,5.339384,-1.843786,0.00903,1.843808,-2.896751,4.951503,164.59681
8,199,1786548002.0535,0,1,18.758457,-13.582064,23.83772,-13.643851,-5.075078,-1.416897,5.269157,-1.845458,0.008374,1.845477,-2.869338,5.079638,163.704012
8,200,1786548002.09345,0,1,18.560018,-13.644264,23.763842,-13.643536,-4.960978,-1.554985,5.19897,-1.846947,0.007864,1.846964,-2.837849,5.203824,162.604762
8,201,1786548002.13345,0,1,18.366555,-13.712529,23.689911,-13.643237,-4.836569,-1.706636,5.12884,-1.848267,0.007489,1.848283,-2.802372,5.323807,161.309823
8,202,1786548002.17346,0,1,18.177613,-13.784961,23.61597,-13.642947,-4.723568,-1.810799,5.058763,-1.848532,0.007237,1.848546,-2.775518,5.440211,160.521314
8,203,1786548002.21344,0,1,17.993126,-13.861022,23.542028,-13.642663,-4.612176,-1.901518,4.988781,-1.848532,0.007101,1.848546,-2.750543,5.553198,159.84804
8,204,1786548002.2534,0,1,17.813154,-13.940541,23.468087,-13.64238,-4.499291,-1.987983,4.918912,-1.848532,0.007072,1.848546,-2.725542,5.662788,159.180245
8,205,1786548002.29345,0,1,17.637751,-14.023348,23.394146,-13.642095,-4.385062,-2.07018,4.849166,-1.848532,0.007142,1.848546,-2.700515,5.769006,158.517334
8,206,1786548002.33344,0,1,17.466966,-14.109273,23.320205,-13.641802,-4.269636,-2.148102,4.779554,-1.848531,0.007305,1.848546,-2.675459,5.871876,157.858762
8,207,1786548002.37345,0,1,17.30084,-14.198143,23.246263,-13.6415,-4.153162,-2.221749,4.710087,-1.84853,0.007551,1.848546,-2.650375,5.971425,157.204033
8,208,1786548002.41346,0,1,17.139408,-14.289787,23.172322,-13.641185,-4.035786,-2.291122,4.640777,-1.848529,0.007875,1.848546,-2.625261,6.06768,156.552691
8,209,1786548002.45353,0,1,16.982702,-14.384037,23.098381,-13.640854,-3.917655,-2.35623,4.571635,-1.848527,0.008271,1.848546,-2.600116,6.16067,155.904316
8,210,1786548002.49354,0,1,16.830745,-14.48072,23.02444,-13.640505,-3.798915,-2.417088,4.502673,-1.848525,0.008732,1.848546,-2.574939,6.250425,155.25852
8,211,1786548002.53352,0,1,16.683557,-14.579669,22.950499,-13.640135,-3.679709,-2.473714,4.433906,-1.848523,0.009253,1.848546,-2.549729,6.336978,154.614941
8,212,1786548002.57346,0,1,16.54115,-14.680714,22.876558,-13.639742,-3.560181,-2.526132,4.365345,-1.84852,0.009828,1.848546,-2.524485,6.42036,153.97324
8,213,1786548002.61353,0,1,16.403531,-14.783689,22.802618,-13.639324,-3.440473,-2.574372,4.297004,-1.848516,0.010454,1.848546,-2.499206,6.500607,153.333099
8,214,1786548002.65351,0,1,16.270702,-14.888427,22.728677,-13.638879,-3.320725,-2.618467,4.228899,-1.848512,0.011125,1.848546,-2.473889,6.577752,152.694217
8,215,1786548002.69352,0,1,16.142659,-14.994766,22.654737,-13.638405,-3.201075,-2.658458,4.161044,-1.848508,0.011837,1.848546,-2.448535,6.651833,152.05631
8,216,1786548002.73354,0,1,16.019392,-15.102541,22.580797,-13.637902,-3.08166,-2.694389,4.093453,-1.848503,0.012587,1.848546,-2.423142,6.722886,151.419106
8,217,1786548002.77351,0,1,15.900888,-15.211594,22.506857,-13.637367,-2.962613,-2.72631,4.026145,-1.848497,0.01337,1.848546,-2.397708,6.790951,150.782346
9,0,1786548006.89118,0,1,53.28,-13.199968,37.597264,-13.400031,-0.499999,0.000796,0.5,-0.068396,-0.000779,0.068401,3.14,15.684012,0.822129
9,0,1786548006.93109,0,1,53.28,-13.199968,37.591392,-13.400093,-0.499999,0.000796,0.5,-0.146792,-0.001538,0.146801,3.14,15.689884,0.82208
9,1,1786548006.97106,0,1,53.257175,-13.200118,37.582385,-13.400184,-0.570626,-0.003736,0.570639,-0.225189,-0.002277,0.2252,-3.135046,15.676067,0.356174
9,2,1786548007.01101,0,1,53.231524,-13.200144,37.570241,-13.400303,-0.641278,-0.000654,0.641278,-0.303586,-0.002993,0.3036,-3.140572,15.662561,0.673772
9,3,1786548007.05102,0,1,53.203047,-13.200111,37.554962,-13.400451,-0.711918,0.000809,0.711918,-0.381983,-0.003687,0.382,3.140457,15.649367,0.798593
9,4,1786548007.09109,0,1,53.171745,-13.200005,37.536547,-13.400625,-0.782554,0.002659,0.782558,-0.46038,-0.004357,0.4604,3.138194,15.636485,0.929846
9,5,1786548007.13101,0,1,53.137618,-13.199825,37.514996,-13.400825,-0.853186,0.004502,0.853197,-0.538777,-0.005001,0.5388,3.136316,15.623915,1.039453
9,6,1786548007.17105,0,1,53.100665,-13.199567,37.490309,-13.40105,-0.923813,0.006454,0.923836,-0.617175,-0.005617,0.6172,3.134607,15.611656,1.139744
9,7,1786548007.21107,0,1,53.060888,-13.199226,37.462486,-13.401298,-0.994436,0.008518,0.994473,-0.695573,-0.006204,0.6956,3.133027,15.59971,1.23299
9,8,1786548007.25108,0,1,53.018285,-13.198797,37.431527,-13.401568,-1.065054,0.010722,1.065108,-0.773971,-0.006759,0.774,3.131526,15.588077,1.32213
9,9,1786548007.29109,0,1,52.972859,-13.198274,37.397458,-13.401859,-1.135665,0.013086,1.135741,-0.85172,-0.007276,0.851751,3.13007,15.576731,1.409053
9,10,1786548007.33107,0,1,52.924608,-13.197648,37.360534,-13.402168,-1.20627,0.015631,1.206371,-0.923115,-0.007717,0.923147,3.128635,15.565418,1.495244
9,11,1786548007.37107,0,1,52.873533,-13.196913,37.320987,-13.402492,-1.276867,0.018376,1.276999,-0.988663,-0.008087,0.988696,3.127202,15.553905,1.58183
9,12,1786548007.41107,0,1,52.819662,-13.19606,37.279034,-13.402827,-1.346782,0.021331,1.346951,-1.048833,-0.008394,1.048866,3.125755,15.542004,1.669687
9,13,1786548007.45107,0,1,52.763067,-13.19508,37.234872,-13.403173,-1.41487,0.024497,1.415082,-1.104054,-0.008641,1.104088,3.12428,15.52959,1.759706
9,14,1786548007.49108,0,1,52.70382,-13.193965,37.188683,-13.403526,-1.481181,0.027892,1.481443,-1.154723,-0.008835,1.154757,3.122764,15.516552,1.85266
9,15,1786548007.53105,0,1,52.64199,-13.192704,37.140635,-13.403886,-1.54576,0.031522,1.546082,-1.201204,-0.008978,1.201238,3.121203,15.502793,1.948768
9,16,1786548007.57103,0,1,52.577643,-13.191288,37.090881,-13.404249,-1.608655,0.035394,1.609044,-1.243832,-0.009076,1.243865,3.119594,15.488226,2.048265
9,17,1786548007.61103,0,1,52.510847,-13.189707,37.039565,-13.404614,-1.66991,0.039513,1.670377,-1.282914,-0.009132,1.282947,3.117935,15.472775,2.15129
9,18,1786548007.65106,0,1,52.441664,-13.187952,36.986815,-13.40498,-1.729568,0.043883,1.730124,-1.318736,-0.00915,1.318768,3.116226,15.456373,2.257933
9,19,1786548007.69105,0,1,52.370157,-13.186012,36.932753,-13.405345,-1.787671,0.048505,1.788329,-1.351557,-0.009132,1.351588,3.114466,15.438962,2.368241
9,20,1786548007.73102,0,1,52.296387,-13.183877,36.877488,-13.405708,-1.844261,0.053382,1.845034,-1.381617,-0.009082,1.381647,3.112656,15.420494,2.482225
9,21,1786548007.77102,0,1,52.220412,-13.181536,36.821123,-13.406068,-1.899378,0.058513,1.900279,-1.409138,-0.009002,1.409167,3.110796,15.400926,2.599867
9,22,1786548007.81109,0,1,52.142289,-13.17898,36.76375,-13.406424,-1.95306,0.063896,1.954105,-1.434323,-0.008896,1.434351,3.108889,15.380221,2.72113
9,23,1786548007.85107,0,1,52.062076,-13.176199,36.705443,-13.406776,-2.005345,0.069528,2.00655,-1.457663,-0.008801,1.45769,3.106935,15.358363,2.845957
9,24,1786548007.89106,0,1,51.979824,-13.173397,36.646271,-13.407125,-2.056299,0.070051,2.057492,-1.479307,-0.008717,1.479333,3.107539,15.335334,2.824408
9,25,1786548007.93108,0,1,51.895594,-13.170513,36.586296,-13.407471,-2.105737,0.072093,2.10697,-1.49939,-0.008643,1.499415,3.107369,15.311132,2.847596
9,26,1786548007.97108,0,1,51.809443,-13.167579,36.525574,-13.407814,-2.153774,0.073349,2.155023,-1.518037,-0.008578,1.518061,3.10755,15.285757,2.85102
9,27,1786548008.01107,0,1,51.721426,-13.164595,36.46416,-13.408155,-2.200422,0.07461,2.201686,-1.535362,-0.008522,1.535386,3.107699,15.259211,2.856546
9,28,1786548008.05103,0,1,51.631597,-13.161572,36.402101,-13.408494,-2.245728,0.075565,2.246999,-1.551473,-0.008474,1.551496,3.107957,15.231498,2.856066
9,29,1786548008.09102,0,1,51.540008,-13.15852,36.339442,-13.408831,-2.289724,0.076314,2.290995,-1.566464,-0.008434,1.566487,3.108276,15.202627,2.852326
9,30,1786548008.13107,0,1,51.446711,-13.155448,36.276225,-13.409167,-2.332447,0.076803,2.333711,-1.580428,-0.008401,1.58045,3.108676,15.172607,2.844122
9,31,1786548008.17107,0,1,51.351753,-13.152366,36.212487,-13.409502,-2.37393,0.077041,2.375179,-1.593444,-0.008375,1.593466,3.109151,15.14145,2.831823
9,32,1786548008.21104,0,1,51.255185,-13.149285,36.148264,-13.409836,-2.414207,0.077014,2.415435,-1.60559,-0.008354,1.605612,3.109703,15.109168,2.815235
9,33,1786548008.25106,0,1,51.157053,-13.146217,36.083586,-13.41017,-2.453309,0.076722,2.454509,-1.616935,-0.00834,1.616956,3.11033,15.075777,2.794441
9,34,1786548008.29105,0,1,51.057402,-13.14317,36.018485,-13.410503,-2.491269,0.076161,2.492433,-1.627543,-0.00833,1.627564,3.111031,15.041293,2.769448
9,35,1786548008.33105,0,1,50.956277,-13.140157,35.952986,-13.410836,-2.528117,0.075331,2.529239,-1.637472,-0.008326,1.637493,3.111804,15.005733,2.740334
9,36,1786548008.37103,0,1,50.853722,-13.137188,35.887115,-13.411169,-2.563882,0.074232,2.564956,-1.646778,-0.008326,1.646799,3.112648,14.969115,2.707176
9,37,1786548008.41114,0,1,50.749778,-13.134273,35.820894,-13.411502,-2.598593,0.072867,2.599614,-1.65551,-0.00833,1.655531,3.113559,14.931458,2.670078
9,38,1786548008.45109,0,1,50.644487,-13.131423,35.754346,-13.411836,-2.632278,0.07124,2.633242,-1.663714,-0.008338,1.663735,3.114535,14.892782,2.629155
9,39,1786548008.49104,0,1,50.537889,-13.128649,35.687488,-13.41217,-2.664964,0.069356,2.665866,-1.671432,-0.008351,1.671453,3.115574,14.853107,2.584533
9,40,1786548008.53107,0,1,50.430022,-13.12596,35.62034,-13.412505,-2.696677,0.06722,2.697515,-1.678704,-0.008366,1.678725,3.116671,14.812453,2.536351
9,41,1786548008.57106,0,1,50.320924,-13.123367,35.552918,-13.41284,-2.727444,0.064839,2.728214,-1.685564,-0.008385,1.685585,3.117824,14.770843,2.484751
9,42,1786548008.61105,0,1,50.210632,-13.120878,35.485236,-13.413176,-2.757288,0.062221,2.75799,-1.692046,-0.008407,1.692067,3.119031,14.728297,2.429883
9,43,1786548008.65104,0,1,50.099183,-13.118503,35.417309,-13.413513,-2.786235,0.059374,2.786868,-1.69818,-0.008431,1.698201,3.120286,14.684838,2.371899
9,44,1786548008.69105,0,1,49.986611,-13.116251,35.349149,-13.413852,-2.814308,0.056308,2.814871,-1.703994,-0.008459,1.704015,3.121588,14.640487,2.310956
9,45,1786548008.73105,0,1,49.872949,-13.114129,35.280768,-13.414191,-2.841529,0.053032,2.842024,-1.709513,-0.008489,1.709534,3.122932,14.595266,2.247207
9,46,1786548008.77109,0,1,49.758232,-13.112147,35.212178,-13.414532,-2.867921,0.049554,2.868349,-1.714761,-0.008521,1.714782,3.124316,14.549197,2.180807
9,47,1786548008.81107,0,1,49.642492,-13.110312,35.143387,-13.414874,-2.893507,0.045887,2.89387,-1.71976,-0.008555,1.719782,3.125735,14.502303,2.111908
9,48,1786548008.85108,0,1,49.52576,-13.10863,35.074414,-13.415221,-2.918306,0.042039,2.918608,-1.724327,-0.008657,1.724349,3.127188,14.454598,2.040672
9,49,1786548008.89109,0,1,49.408059,-13.107133,35.005274,-13.415574,-2.942517,0.037427,2.942755,-1.728497,-0.008821,1.728519,3.128874,14.406087,1.95555
9,50,1786548008.93108,0,1,49.289414,-13.10581,34.935982,-13.415935,-2.966142,0.03307,2.966326,-1.7323,-0.009042,1.732324,3.130444,14.356781,1.87653
9,51,1786548008.97108,0,1,49.169845,-13.104681,34.866552,-13.416308,-2.989205,0.028222,2.989338,-1.735768,-0.009316,1.735793,3.132152,14.306688,1.789043
9,52,1786548009.01106,0,1,49.049377,-13.103742,34.796995,-13.416693,-3.011715,0.02348,3.011806,-1.738926,-0.009638,1.738952,3.133796,14.255818,1.704577
9,53,1786548009.05107,0,1,48.928029,-13.103006,34.727323,-13.417094,-3.03369,0.018393,3.033746,-1.741799,-0.010005,1.741827,3.13553,14.204179,1.614417
9,54,1786548009.09107,0,1,48.805824,-13.102473,34.657546,-13.41751,-3.055141,0.013347,3.05517,-1.74441,-0.010412,1.744441,3.137224,14.151784,1.525893
9,55,1786548009.13106,0,1,48.68278,-13.102151,34.587675,-13.417944,-3.076084,0.00804,3.076095,-1.74678,-0.010856,1.746814,3.138979,14.098642,1.433221
9,56,1786548009.17107,0,1,48.558919,-13.102041,34.517718,-13.418398,-3.096531,0.00275,3.096533,-1.748928,-0.011335,1.748965,3.140704,14.044764,1.34158
9,57,1786548009.21102,0,1,48.434259,-13.102151,34.447683,-13.418872,-3.116496,-0.002747,3.116498,-1.750873,-0.011846,1.750913,-3.140711,13.990162,1.246708
9,58,1786548009.25107,0,1,48.308819,-13.10248,34.377578,-13.419367,-3.135992,-0.008232,3.136002,-1.752629,-0.012385,1.752673,-3.138968,13.934845,1.152647
9,59,1786548009.29107,0,1,48.182618,-13.103036,34.307409,-13.419885,-3.15503,-0.01389,3.15506,-1.754214,-0.01295,1.754261,-3.13719,13.878826,1.055911
9,60,1786548009.33108,0,1,48.055673,-13.103817,34.237184,-13.420426,-3.173623,-0.019528,3.173683,-1.755639,-0.013539,1.755691,-3.135439,13.822116,0.959977
9,61,1786548009.37108,0,1,47.928002,-13.10483,34.166907,-13.420993,-3.191782,-0.025318,3.191883,-1.756918,-0.014151,1.756975,-3.133661,13.764726,0.861679
9,62,1786548009.41107,0,1,47.799621,-13.106072,34.096585,-13.421584,-3.209521,-0.031072,3.209671,-1.758063,-0.014782,1.758125,-3.131912,13.706668,0.764317
9,63,1786548009.45108,0,1,47.670547,-13.107551,34.026221,-13.422201,-3.226848,-0.036967,3.227059,-1.759084,-0.015431,1.759151,-3.130137,13.647954,0.664703
9,64,1786548009.49105,0,1,47.540796,-13.109263,33.955822,-13.422845,-3.243777,-0.042805,3.244059,-1.759991,-0.016097,1.760064,-3.128397,13.588593,0.566288
9,65,1786548009.53106,0,1,47.410384,-13.111215,33.88539,-13.423516,-3.260315,-0.048783,3.26068,-1.760793,-0.016778,1.760873,-3.126631,13.528599,0.465528
9,66,1786548009.57108,0,1,47.279325,-13.113402,33.81493,-13.424215,-3.276478,-0.054673,3.276934,-1.761499,-0.017472,1.761586,-3.124908,13.467982,0.3664
9,67,1786548009.61104,0,1,47.147634,-13.11583,33.744445,-13.424942,-3.29227,-0.06072,3.29283,-1.762117,-0.018179,1.762211,-3.123152,13.406752,0.264563
9,68,1786548009.65105,0,1,47.015325,-13.118496,33.673939,-13.425698,-3.307707,-0.06663,3.308378,-1.762653,-0.018896,1.762755,-3.121452,13.344923,0.165076
9,69,1786548009.69105,0,1,46.882414,-13.121405,33.603415,-13.426483,-3.322792,-0.072737,3.323589,-1.763114,-0.019624,1.763224,-3.119706,13.282503,0.062085
9,70,1786548009.73106,0,1,46.748912,-13.12455,33.532874,-13.427297,-3.337544,-0.07863,3.33847,-1.763507,-0.02036,1.763624,-3.118038,13.219505,0.037312
9,71,1786548009.77108,0,1,46.614834,-13.127943,33.462321,-13.428141,-3.351959,-0.084806,3.353032,-1.763835,-0.021104,1.763962,-3.116298,13.155938,0.141786
9,72,1786548009.81107,0,1,46.480191,-13.131568,33.391757,-13.429016,-3.366063,-0.090627,3.367282,-1.764106,-0.021854,1.764241,-3.114675,13.091814,0.240369
9,73,1786548009.85102,0,1,46.344997,-13.135444,33.321185,-13.429917,-3.379842,-0.096912,3.381231,-1.764293,-0.022532,1.764437,-3.112927,13.027141,0.347174
9,74,1786548009.89107,0,1,46.209281,-13.139815,33.250609,-13.430843,-3.392911,-0.109271,3.39467,-1.764404,-0.023142,1.764556,-3.109398,12.96194,0.558064
9,75,1786548009.93108,0,1,46.073052,-13.144362,33.180031,-13.43179,-3.405719,-0.113685,3.407616,-1.764445,-0.02369,1.764604,-3.108224,12.896225,0.634757
9,76,1786548009.97109,0,1,45.936348,-13.149567,33.109454,-13.432757,-3.417605,-0.130105,3.42008,-1.764421,-0.02418,1.764586,-3.103542,12.83002,0.915374
9,77,1786548010.01107,0,1,45.799162,-13.154718,33.038881,-13.433742,-3.429662,-0.128785,3.432079,-1.764337,-0.024617,1.764509,-3.10406,12.763331,0.897801
9,78,1786548010.05107,0,1,45.661558,-13.160948,32.968313,-13.434742,-3.4401,-0.155751,3.443624,-1.764199,-0.025005,1.764376,-3.096348,12.696197,1.356618
9,79,1786548010.09107,0,1,45.523476,-13.166412,32.897752,-13.435756,-3.452029,-0.136611,3.454731,-1.76401,-0.025347,1.764192,-3.102039,12.628597,1.044153
9,80,1786548010.13108,0,1,45.385075,-13.17413,32.827201,-13.436782,-3.460031,-0.192931,3.465406,-1.763776,-0.025648,1.763962,-3.08589,12.56062,1.99332
9,81,1786548010.17109,0,1,45.246189,-13.180395,32.756661,-13.437818,-3.472146,-0.156628,3.475676,-1.763498,-0.02591,1.763688,-3.096513,12.492181,1.402082
9,82,1786548010.21108,0,1,45.10703,-13.188929,32.686134,-13.438864,-3.478996,-0.213366,3.485532,-1.763182,-0.026136,1.763375,-3.08034,12.42341,2.356782
9,83,1786548010.25114,0,1,44.967409,-13.196006,32.615621,-13.439917,-3.490527,-0.176904,3.495007,-1.762829,-0.026329,1.763026,-3.090955,12.354196,1.770062
9,84,1786548010.29116,0,1,44.827558,-13.205366,32.545123,-13.440977,-3.496266,-0.234021,3.504089,-1.762443,-0.026492,1.762642,-3.074758,12.284694,2.730404
9,85,1786548010.33114,0,1,44.687267,-13.213263,32.474642,-13.442042,-3.507261,-0.197412,3.512812,-1.762027,-0.026627,1.762228,-3.085365,12.214768,2.148386
9,86,1786548010.37112,0,1,44.54679,-13.223458,32.404179,-13.443111,-3.511928,-0.25487,3.521164,-1.761582,-0.026735,1.761785,-3.069147,12.144598,3.114487
9,87,1786548010.41115,0,1,44.405893,-13.232183,32.333734,-13.444184,-3.522431,-0.218122,3.529178,-1.761112,-0.02682,1.761316,-3.079748,12.07402,2.53736
9,88,1786548010.45123,0,1,44.264851,-13.243218,32.26331,-13.445259,-3.526064,-0.275885,3.53684,-1.760618,-0.026883,1.760823,-3.06351,12.003241,3.509345
9,89,1786548010.49121,0,1,44.123406,-13.252778,32.192906,-13.446336,-3.536116,-0.239008,3.544184,-1.760102,-0.026925,1.760308,-3.074105,11.93207,2.937305
9,90,1786548010.53119,0,1,43.981856,-13.26466,32.122523,-13.447414,-3.538751,-0.297044,3.551196,-1.759566,-0.026949,1.759773,-3.057849,11.860741,3.91531
9,91,1786548010.57125,0,1,43.83992,-13.275062,32.052162,-13.448492,-3.548392,-0.260047,3.557908,-1.759012,-0.026955,1.759218,-3.068438,11.789033,3.34856
9,92,1786548010.61119,0,1,43.697918,-13.287795,31.981825,-13.44957,-3.550063,-0.318322,3.564306,-1.75844,-0.026945,1.758647,-3.052165,11.71721,4.332732
9,93,1786548010.6512,0,1,43.555545,-13.299043,31.911511,-13.450647,-3.559329,-0.281214,3.570421,-1.757853,-0.026921,1.758059,-3.062749,11.645021,3.771479
9,94,1786548010.69121,0,1,43.413142,-13.312631,31.841221,-13.451722,-3.560068,-0.339699,3.576238,-1.757252,-0.026883,1.757457,-3.046461,11.572757,4.761976
9,95,1786548010.73124,0,1,43.270382,-13.324731,31.770955,-13.452796,-3.568994,-0.302488,3.58179,-1.756637,-0.026832,1.756842,-3.05704,11.50014,4.20644
9,96,1786548010.77124,0,1,43.127629,-13.339177,31.700715,-13.453867,-3.568832,-0.361154,3.587059,-1.75601,-0.02677,1.756214,-3.040739,11.42749,5.203431
9,97,1786548010.81124,0,1,42.984531,-13.352131,31.6305,-13.454934,-3.57745,-0.323848,3.592079,-1.755372,-0.026698,1.755575,-3.051314,11.354496,4.653836
9,98,1786548010.85121,0,1,42.841459,-13.367296,31.560314,-13.456002,-3.576793,-0.379137,3.596831,-1.754641,-0.026688,1.754844,-3.035988,11.281494,5.6002
9,99,1786548010.89123,0,1,42.698041,-13.38094,31.490161,-13.457071,-3.585462,-0.341083,3.601649,-1.753826,-0.026735,1.75403,-3.046749,11.208138,5.044978
9,100,1786548010.93119,0,1,42.554256,-13.392642,31.420044,-13.458145,-3.594623,-0.292555,3.606508,-1.752932,-0.026836,1.753138,-3.060385,11.134404,4.315803
9,101,1786548010.97118,0,1,42.410443,-13.406266,31.349965,-13.459224,-3.595321,-0.340612,3.611419,-1.751967,-0.026985,1.752175,-3.047137,11.060604,5.137587
9,102,1786548011.01116,0,1,42.26626,-13.417944,31.279928,-13.460311,-3.604576,-0.29194,3.616379,-1.750936,-0.027179,1.751146,-3.060777,10.986414,4.409418
9,103,1786548011.05116,0,1,42.121968,-13.430714,31.209934,-13.461408,-3.607288,-0.319245,3.621388,-1.749843,-0.027414,1.750058,-3.053323,10.912077,4.89634
9,104,1786548011.0912,0,1,41.977302,-13.441366,31.139986,-13.462515,-3.616653,-0.26629,3.626443,-1.748695,-0.027687,1.748914,-3.068096,10.837336,4.099204
9,105,1786548011.13124,0,1,41.832572,-13.453788,31.070086,-13.463635,-3.618248,-0.310564,3.631551,-1.747495,-0.027994,1.747719,-3.05597,10.76249,4.853407
9,106,1786548011.17123,0,1,41.687469,-13.464085,31.000237,-13.464768,-3.62758,-0.257413,3.636702,-1.746248,-0.028332,1.746478,-3.070751,10.687232,4.055234
9,107,1786548011.21118,0,1,41.542257,-13.475709,30.930438,-13.465916,-3.63029,-0.290598,3.641903,-1.744958,-0.028699,1.745194,-3.061715,10.611824,4.629534
9,108,1786548011.25124,0,1,41.396675,-13.485109,30.860693,-13.46708,-3.639565,-0.235016,3.647145,-1.743627,-0.029092,1.74387,-3.07711,10.535997,3.792641
9,109,1786548011.29118,0,1,41.250999,-13.496203,30.791003,-13.46826,-3.641896,-0.277343,3.652441,-1.742259,-0.02951,1.742509,-3.065586,10.460033,4.507922
9,110,1786548011.33116,0,1,41.104957,-13.505064,30.721369,-13.469458,-3.65106,-0.221533,3.657775,-1.740858,-0.029948,1.741115,-3.080991,10.383649,3.668703
9,111,1786548011.37121,0,1,40.958808,-13.515581,30.651792,-13.470675,-3.653712,-0.262916,3.66316,-1.739425,-0.030407,1.739691,-3.069758,10.307114,4.36545
9,112,1786548011.41121,0,1,40.812298,-13.523847,30.582273,-13.47191,-3.662756,-0.206662,3.668582,-1.737964,-0.030883,1.738238,-3.08523,10.230157,3.520237
9,113,1786548011.45125,0,1,40.665645,-13.533377,30.512814,-13.473165,-3.666323,-0.238231,3.674055,-1.736476,-0.031376,1.736759,-3.076706,10.153009,4.05754
9,114,1786548011.49115,0,1,40.518638,-13.54056,30.443415,-13.47444,-3.67518,-0.179581,3.679565,-1.734964,-0.031883,1.735257,-3.092768,10.075439,3.17343
9,115,1786548011.53118,0,1,40.371495,-13.549356,30.374078,-13.475737,-3.678561,-0.219905,3.685128,-1.733429,-0.032403,1.733732,-3.081884,9.997688,3.842985
9,116,1786548011.5712,0,1,40.224007,-13.555796,30.304803,-13.477054,-3.687211,-0.16099,3.690724,-1.731874,-0.032935,1.732187,-3.097959,9.919516,2.954873
9,117,1786548011.61119,0,1,40.076372,-13.563852,30.235591,-13.478393,-3.69088,-0.201409,3.696372,-1.7303,-0.033477,1.730624,-3.087077,9.841151,3.621057
9,118,1786548011.65121,0,1,39.928399,-13.569541,30.166443,-13.479754,-3.699318,-0.142228,3.702051,-1.728709,-0.034028,1.729044,-3.103165,9.762369,2.728739
9,119,1786548011.69117,0,1,39.780268,-13.576851,30.097359,-13.481138,-3.703275,-0.182742,3.707781,-1.727102,-0.034588,1.727448,-3.092287,9.683382,3.391359
9,120,1786548011.73125,0,1,39.631808,-13.581782,30.02834,-13.482544,-3.711495,-0.123289,3.713542,-1.72548,-0.035154,1.725838,-3.108387,9.603981,2.494617
9,121,1786548011.77124,0,1,39.483179,-13.588338,29.959386,-13.483973,-3.715739,-0.163897,3.719352,-1.723844,-0.035727,1.724214,-3.097512,9.524365,3.153465
9,122,1786548011.81125,0,1,39.334229,-13.592505,29.890498,-13.485425,-3.723735,-0.104171,3.725191,-1.722196,-0.036305,1.722579,-3.113625,9.444338,2.252065
9,123,1786548011.85118,0,1,39.185099,-13.5983,29.821666,-13.486895,-3.728266,-0.144873,3.731079,-1.720802,-0.036758,1.721194,-3.102754,9.364095,2.906947
9,124,1786548011.8912,0,1,39.035667,-13.601695,29.75288,-13.488379,-3.735786,-0.084865,3.73675,-1.71964,-0.037095,1.72004,-3.11888,9.283478,2.000728
9,125,1786548011.93121,0,1,38.886062,-13.60672,29.684133,-13.489872,-3.74012,-0.125641,3.74223,-1.718693,-0.037326,1.719098,-3.108012,9.202672,2.651516
9,126,1786548011.97115,0,1,38.736185,-13.609335,29.615415,-13.49137,-3.746932,-0.065361,3.747502,-1.717943,-0.037458,1.718351,-3.12415,9.121533,1.740361
9,127,1786548012.01129,0,1,38.586141,-13.613583,29.54672,-13.49287,-3.751092,-0.106208,3.752595,-1.717375,-0.0375,1.717784,-3.113286,9.040227,2.386909
9,128,1786548012.05119,0,1,38.435877,-13.616843,29.478041,-13.494369,-3.756604,-0.081508,3.757488,-1.716973,-0.037458,1.717382,-3.119899,8.958673,2.026288
9,129,1786548012.09121,0,1,38.285478,-13.622028,29.409372,-13.495862,-3.759969,-0.129625,3.762202,-1.716726,-0.037339,1.717132,-3.107131,8.877003,2.788839
9,130,1786548012.1312,0,1,38.13484,-13.625074,29.340707,-13.497348,-3.765965,-0.076151,3.766735,-1.716619,-0.037149,1.717021,-3.121374,8.79506,1.990522
9,131,1786548012.17124,0,1,37.984078,-13.630049,29.272041,-13.498824,-3.769045,-0.124376,3.771096,-1.716643,-0.036895,1.717039,-3.108605,8.713025,2.752994
9,132,1786548012.21119,0,1,37.833093,-13.632879,29.20337,-13.500287,-3.774622,-0.070741,3.775285,-1.716786,-0.03658,1.717176,-3.122854,8.630742,1.953921
9,133,1786548012.25118,0,1,37.681996,-13.637642,29.134688,-13.501736,-3.777433,-0.119066,3.779309,-1.717039,-0.03621,1.717421,-3.110083,8.548388,2.716342
9,134,1786548012.29116,0,1,37.530692,-13.640253,29.065993,-13.503167,-3.782605,-0.065282,3.783169,-1.717394,-0.035789,1.717767,-3.124336,8.465809,1.916561
9,135,1786548012.33118,0,1,37.379269,-13.644241,28.997279,-13.50458,-3.785559,-0.099695,3.786872,-1.717841,-0.035321,1.718204,-3.115263,8.383154,2.463142
9,136,1786548012.37114,0,1,37.227662,-13.645958,28.928544,-13.505973,-3.790173,-0.042924,3.790416,-1.718375,-0.034811,1.718727,-3.130268,8.300299,1.615197
9,137,1786548012.41118,0,1,37.075951,-13.649501,28.859785,-13.507343,-3.792781,-0.088589,3.793815,-1.718987,-0.034262,1.719328,-3.11824,8.217396,2.329277
9,138,1786548012.45121,0,1,36.924074,-13.650768,28.790998,-13.50869,-3.796926,-0.031677,3.797058,-1.719672,-0.033677,1.720001,-3.13325,8.134317,1.478809
9,139,1786548012.49119,0,1,36.772099,-13.653865,28.722181,-13.510012,-3.799373,-0.077408,3.800161,-1.720423,-0.033059,1.720741,-3.121222,8.051204,2.190946
9,140,1786548012.53117,0,1,36.619977,-13.654679,28.653331,-13.511309,-3.803057,-0.020368,3.803111,-1.721236,-0.032411,1.721541,-3.136237,7.967936,1.337863
9,141,1786548012.57109,0,1,36.467763,-13.657326,28.584447,-13.512578,-3.805352,-0.06616,3.805927,-1.722105,-0.031735,1.722397,-3.124208,7.884644,2.047945
9,142,1786548012.61121,0,1,36.31542,-13.657686,28.515526,-13.51382,-3.808581,-0.009004,3.808592,-1.723026,-0.031035,1.723306,-3.139228,7.80122,1.192141
9,143,1786548012.65118,0,1,36.16299,-13.65988,28.446566,-13.515032,-3.810731,-0.054851,3.811126,-1.723995,-0.030312,1.724262,-3.1272,7.717783,1.900037
9,144,1786548012.69118,0,1,36.01045,-13.659784,28.377566,-13.516215,-3.813508,0.002408,3.813509,-1.725008,-0.029569,1.725261,3.140961,7.634234,1.04139
9,145,1786548012.73114,0,1,35.857829,-13.661523,28.308524,-13.517367,-3.815517,-0.043488,3.815765,-1.726061,-0.028806,1.726302,-3.130195,7.550682,1.746958
9,146,1786548012.77121,0,1,35.705116,-13.660969,28.239437,-13.518488,-3.817842,0.013861,3.817867,-1.727152,-0.028028,1.727379,3.137962,7.467038,0.885327
9,147,1786548012.81123,0,1,35.55236,-13.657649,28.170306,-13.519578,-3.8189,0.082987,3.819802,-1.728277,-0.027234,1.728491,3.119866,7.383344,0.173353
9,148,1786548012.8512,0,1,35.399509,-13.655701,28.10113,-13.520637,-3.821277,0.048703,3.821587,-1.729397,-0.026493,1.7296,3.128848,7.299628,0.329994
9,149,1786548012.89115,0,1,35.246579,-13.655592,28.03191,-13.521669,-3.823231,0.002737,3.823232,-1.730514,-0.025803,1.730706,3.140877,7.215912,1.022418
9,150,1786548012.93123,0,1,35.093604,-13.65779,27.962645,-13.522676,-3.824392,-0.054967,3.824787,-1.731626,-0.025158,1.731809,-3.127221,7.132239,1.908936
9,151,1786548012.97118,0,1,34.940556,-13.658157,27.893335,-13.523658,-3.826182,-0.009172,3.826193,-1.732736,-0.024556,1.73291,-3.139196,7.048504,1.230723
9,152,1786548013.01119,0,1,34.787482,-13.660834,27.823982,-13.524618,-3.826871,-0.066928,3.827456,-1.733842,-0.023994,1.734008,-3.124106,6.964832,2.122587
9,153,1786548013.05119,0,1,34.634342,-13.661679,27.754584,-13.525556,-3.828501,-0.021104,3.828559,-1.734945,-0.023468,1.735104,-3.13608,6.881104,1.449332
9,154,1786548013.09121,0,1,34.481168,-13.660219,27.685142,-13.526475,-3.829334,0.036478,3.829507,-1.736046,-0.022976,1.736198,3.132067,6.797342,0.581643
9,155,1786548013.13108,0,1,34.328018,-13.655985,27.615656,-13.527376,-3.828757,0.105857,3.83022,-1.737144,-0.022515,1.73729,3.113952,6.713594,0.486041
9,156,1786548013.17121,0,1,34.174972,-13.648503,27.546127,-13.528259,-3.826157,0.187052,3.830727,-1.73824,-0.022084,1.73838,3.092744,6.629935,1.759627
9,157,1786548013.21118,0,1,34.021871,-13.641928,27.476553,-13.529127,-3.827513,0.164382,3.831041,-1.739334,-0.021679,1.739469,3.098671,6.54629,1.471872
9,158,1786548013.25117,0,1,33.86894,-13.632107,27.406936,-13.529979,-3.823273,0.245528,3.831148,-1.740425,-0.0213,1.740556,3.077461,6.462811,2.768996
9,159,1786548013.29113,0,1,33.715957,-13.623192,27.337276,-13.530816,-3.824575,0.222858,3.831062,-1.741516,-0.020944,1.741642,3.083388,6.37935,2.505161
9,160,1786548013.3312,0,1,33.563211,-13.611037,27.267572,-13.531641,-3.818658,0.303895,3.830731,-1.742604,-0.020609,1.742726,3.062178,6.29614,3.827574
9,161,1786548013.37122,0,1,33.410416,-13.599788,27.197824,-13.532452,-3.819883,0.281217,3.830221,-1.743691,-0.020294,1.743809,3.068106,6.212956,3.589504
9,162,1786548013.41125,0,1,33.257925,-13.585304,27.128033,-13.533252,-3.812268,0.362085,3.829424,-1.744777,-0.019998,1.744891,3.046898,6.130113,4.939097
9,163,1786548013.45121,0,1,33.105389,-13.571729,27.058198,-13.534041,-3.813404,0.339389,3.828477,-1.745861,-0.019718,1.745972,3.052827,6.047308,4.72879
9,164,1786548013.49121,0,1,32.952788,-13.559527,26.988321,-13.534819,-3.815029,0.305046,3.827205,-1.746944,-0.019455,1.747053,3.061803,5.964518,4.334247
9,165,1786548013.5312,0,1,32.800497,-13.54457,26.9184,-13.535588,-3.807265,0.37393,3.825583,-1.748026,-0.019206,1.748132,3.043692,5.882104,5.521808
9,166,1786548013.57119,0,1,32.64815,-13.530987,26.848435,-13.536346,-3.80867,0.339573,3.823778,-1.749108,-0.018971,1.74921,3.05267,5.799717,5.147841
9,167,1786548013.61112,0,1,32.496162,-13.514657,26.778428,-13.537096,-3.799698,0.408237,3.821566,-1.750188,-0.018748,1.750288,3.034564,5.717778,6.357142
9,168,1786548013.65104,0,1,32.344648,-13.495124,26.708377,-13.537838,-3.787851,0.488342,3.819201,-1.751267,-0.018537,1.751365,3.013377,5.636433,7.780436
9,169,1786548013.69121,0,1,32.193115,-13.476503,26.638283,-13.538571,-3.788318,0.46552,3.816813,-1.752346,-0.018337,1.752442,3.019323,5.555179,7.645738
9,170,1786548013.73117,0,1,32.041534,-13.459257,26.568146,-13.539297,-3.789538,0.431144,3.813985,-1.753424,-0.018147,1.753518,3.028308,5.473973,7.328554
9,171,1786548013.77121,0,1,31.890422,-13.43929,26.497966,-13.540016,-3.777805,0.499186,3.810642,-1.754501,-0.017967,1.754593,3.010217,5.393396,8.597358
9,172,1786548013.81124,0,1,31.73927,-13.420698,26.427743,-13.540728,-3.77879,0.464792,3.807267,-1.755578,-0.017795,1.755668,3.019207,5.312883,8.306711
9,173,1786548013.85116,0,1,31.588635,-13.399399,26.35749,-13.541434,-3.765868,0.532479,3.803327,-1.756321,-0.017659,1.75641,3.001128,5.233073,9.603355
9,174,1786548013.89114,0,1,31.437981,-13.379478,26.28722,-13.542136,-3.766359,0.498033,3.799145,-1.756758,-0.017557,1.756846,3.010123,5.153329,9.341408
9,175,1786548013.93124,0,1,31.287911,-13.356868,26.216943,-13.542836,-3.751743,0.56524,3.794084,-1.756913,-0.017486,1.757,2.992057,5.074377,10.668049
9,176,1786548013.97119,0,1,31.137851,-13.33564,26.146671,-13.543533,-3.751506,0.530708,3.788859,-1.756809,-0.017443,1.756896,3.00106,4.995508,10.437061
9,177,1786548014.01116,0,1,30.988441,-13.311745,26.076412,-13.54423,-3.735263,0.597366,3.782729,-1.756466,-0.017426,1.756553,2.983009,4.917527,11.795927
9,178,1786548014.05116,0,1,30.839067,-13.289235,26.006176,-13.544928,-3.734349,0.562754,3.776514,-1.755904,-0.017433,1.755991,2.992021,4.839649,11.59831
9,179,1786548014.09119,0,1,30.690404,-13.264083,25.935971,-13.545626,-3.716561,0.628801,3.769379,-1.75514,-0.017462,1.755226,2.973991,4.762762,12.991804
9,180,1786548014.1312,0,1,30.541803,-13.240318,25.865803,-13.546327,-3.71503,0.594115,3.762236,-1.754189,-0.017511,1.754277,2.983014,4.686002,12.830146
9,181,1786548014.17123,0,1,30.393971,-13.213938,25.79568,-13.54703,-3.695789,0.659498,3.75417,-1.753068,-0.017578,1.753156,2.965006,4.610339,14.260852
9,182,1786548014.21112,0,1,30.246223,-13.188949,25.725609,-13.547736,-3.693706,0.624746,3.746167,-1.75179,-0.017662,1.751879,2.97404,4.53483,14.137923
9,183,1786548014.25121,0,1,30.099299,-13.161372,25.655594,-13.548447,-3.673112,0.689418,3.737251,-1.750367,-0.017762,1.750457,2.956058,4.460531,15.60861
9,184,1786548014.29117,0,1,29.952477,-13.135187,25.585642,-13.549162,-3.670545,0.654612,3.728461,-1.748811,-0.017875,1.748902,2.965106,4.386414,15.527363
9,185,1786548014.33118,0,1,29.806529,-13.106446,25.515756,-13.549882,-3.648701,0.718533,3.718778,-1.747132,-0.018001,1.747225,2.947152,4.313625,17.040984
9,186,1786548014.37119,0,1,29.6607,-13.079099,25.445943,-13.550607,-3.645722,0.683685,3.709274,-1.745341,-0.018138,1.745435,2.956215,4.241049,17.00455
9,187,1786548014.41137,0,1,29.514961,-13.053579,25.376205,-13.551339,-3.643473,0.637999,3.69891,-1.743446,-0.018286,1.743541,2.968243,4.168581,16.790129
9,188,1786548014.45121,0,1,29.370066,-13.02597,25.306547,-13.552076,-3.622374,0.690214,3.687545,-1.741455,-0.018442,1.741553,2.953308,4.097435,18.165017
9,189,1786548014.49121,0,1,29.226128,-12.995866,25.236972,-13.552821,-3.598452,0.752601,3.676311,-1.739377,-0.018607,1.739477,2.935419,4.027849,19.760986
9,190,1786548014.5312,0,1,29.082352,-12.967158,25.167483,-13.553572,-3.594401,0.717691,3.665352,-1.737218,-0.01878,1.73732,2.944515,3.958545,19.810773
9,191,1786548014.57117,0,1,28.938703,-12.940269,25.098084,-13.55433,-3.591221,0.672246,3.653598,-1.734985,-0.018958,1.735089,2.956543,3.8894,19.686488
9,192,1786548014.61117,0,1,28.795968,-12.911342,25.028776,-13.555096,-3.568386,0.723158,3.640925,-1.732684,-0.019143,1.73279,2.941644,3.821799,21.153512
9,193,1786548014.6512,0,1,28.653384,-12.884228,24.959563,-13.555869,-3.564579,0.67786,3.628459,-1.73032,-0.019332,1.730428,2.953671,3.754386,21.072528
9,194,1786548014.69118,0,1,28.511743,-12.855103,24.890448,-13.55665,-3.541025,0.728133,3.615112,-1.727898,-0.019526,1.728008,2.938792,3.688625,22.583636
9,195,1786548014.7312,0,1,28.370277,-12.827782,24.821431,-13.557439,-3.536662,0.683008,3.60201,-1.725423,-0.019723,1.725535,2.950819,3.62308,22.548862
9,196,1786548014.7712,0,1,28.229778,-12.798477,24.752515,-13.558236,-3.512482,0.732634,3.588075,-1.722898,-0.019923,1.723014,2.935961,3.559297,24.106904
9,197,1786548014.81121,0,1,28.089472,-12.770968,24.683702,-13.559041,-3.507636,0.68771,3.574416,-1.720329,-0.020126,1.720447,2.947988,3.495759,24.121313
9,198,1786548014.85116,0,1,27.950155,-12.741501,24.614973,-13.559848,-3.482926,0.736686,3.559983,-1.718202,-0.020178,1.71832,2.933151,3.434113,25.729006
9,199,1786548014.89119,0,1,27.811031,-12.713818,24.546314,-13.560652,-3.478115,0.692075,3.546302,-1.716481,-0.020092,1.716599,2.945178,3.372759,25.795187
9,200,1786548014.93124,0,1,27.672877,-12.684194,24.477709,-13.561447,-3.45384,0.740597,3.53235,-1.715134,-0.019879,1.715249,2.930364,3.313408,27.455115
9,201,1786548014.97123,0,1,27.534895,-12.656338,24.409144,-13.562229,-3.449555,0.696394,3.519147,-1.714131,-0.019548,1.714243,2.942391,3.254375,27.575838
9,202,1786548015.01119,0,1,27.397865,-12.626559,24.340606,-13.562993,-3.425756,0.744493,3.50572,-1.713445,-0.01911,1.713552,2.927598,3.197459,29.290754
9,203,1786548015.05121,0,1,27.260983,-12.598531,24.272084,-13.563736,-3.422033,0.700695,3.493034,-1.71305,-0.018573,1.713151,2.939624,3.140882,29.468756
9,204,1786548015.09123,0,1,27.125033,-12.568595,24.203567,-13.564454,-3.39875,0.748401,3.480173,-1.712923,-0.017945,1.713017,2.924853,3.086536,31.241331
9,205,1786548015.13121,0,1,26.989208,-12.540395,24.135045,-13.565144,-3.395624,0.705007,3.46804,-1.713042,-0.017235,1.713129,2.936879,3.03255,31.479237
9,206,1786548015.17123,0,1,26.854293,-12.5103,24.06651,-13.565802,-3.372894,0.752353,3.455785,-1.713388,-0.016449,1.713467,2.922127,2.980909,33.31197
9,207,1786548015.21116,0,1,26.719477,-12.481926,23.997952,-13.566425,-3.370399,0.709359,3.444238,-1.713942,-0.015593,1.714013,2.934153,2.929648,33.612194
9,208,1786548015.25113,0,1,26.584712,-12.455636,23.929364,-13.567012,-3.369121,0.65724,3.432628,-1.714689,-0.014675,1.714752,2.948935,2.878546,33.749879
9,209,1786548015.29116,0,1,26.45073,-12.42783,23.86074,-13.56756,-3.349537,0.695165,3.420914,-1.715612,-0.0137,1.715667,2.936957,2.829671,35.47675
9,210,1786548015.33116,0,1,26.316791,-12.402088,23.792072,-13.568067,-3.348488,0.643539,3.409767,-1.716697,-0.012674,1.716744,2.95172,2.780955,35.667592
9,211,1786548015.37116,0,1,26.183608,-12.374834,23.723355,-13.568531,-3.329576,0.681355,3.398576,-1.717932,-0.011601,1.717971,2.939742,2.734549,37.44751
9,212,1786548015.41111,0,1,26.050456,-12.349626,23.654583,-13.568951,-3.328803,0.630209,3.387933,-1.719304,-0.010487,1.719336,2.954487,2.688301,37.693141
9,213,1786548015.45123,0,1,25.918032,-12.322908,23.58575,-13.569324,-3.310603,0.667934,3.377311,-1.720803,-0.009336,1.720828,2.942509,2.644445,39.527545
9,214,1786548015.49122,0,1,25.785625,-12.298218,23.516854,-13.56965,-3.310154,0.617254,3.367213,-1.722418,-0.008152,1.722437,2.957237,2.600743,39.829313
9,215,1786548015.53118,0,1,25.653917,-12.272022,23.447888,-13.569928,-3.292703,0.654905,3.3572,-1.72414,-0.006939,1.724154,2.945259,2.559516,41.719303
9,216,1786548015.5711,0,1,25.522212,-12.247835,23.37885,-13.570156,-3.292622,0.604677,3.347684,-1.725961,-0.005701,1.72597,2.95997,2.518439,42.078182
9,217,1786548015.61112,0,1,25.391174,-12.222144,23.309735,-13.570334,-3.275953,0.64227,3.33832,-1.727872,-0.004442,1.727877,2.947992,2.47992,44.024415
9,218,1786548015.6511,0,1,25.260123,-12.198445,23.24054,-13.57046,-3.27628,0.592475,3.32942,-1.729866,-0.003165,1.729869,2.962689,2.441545,44.440902
9,219,1786548015.69119,0,1,25.129706,-12.173244,23.171263,-13.570535,-3.260421,0.630028,3.320735,-1.731937,-0.001873,1.731938,2.95071,2.40581,46.443484
9,220,1786548015.73118,0,1,24.999259,-12.150018,23.1019,-13.570558,-3.261188,0.580644,3.312475,-1.734079,-0.000569,1.734079,2.965392,2.370212,46.917479
9,221,1786548015.7712,0,1,24.868744,-12.129108,23.032448,-13.570528,-3.262881,0.522754,3.304491,-1.736285,0.000744,1.736285,2.98273,2.334453,47.232662
9,222,1786548015.81124,0,1,24.738731,-12.10703,22.962906,-13.570446,-3.250321,0.551943,3.296851,-1.738551,0.002063,1.738552,2.973385,2.301116,49.128698
9,223,1786548015.85121,0,1,24.609281,-12.08345,22.893282,-13.570321,-3.236233,0.589517,3.289488,-1.740611,0.003113,1.740614,2.961407,2.27056,51.232008
9,224,1786548015.89119,0,1,24.47979,-12.061817,22.823582,-13.570165,-3.237284,0.540813,3.282146,-1.742482,0.003915,1.742487,2.976064,2.240119,51.808973
9,225,1786548015.9312,0,1,24.35023,-12.042469,22.753815,-13.569985,-3.238989,0.483695,3.274906,-1.744179,0.004485,1.744185,2.993353,2.20949,52.230026
9,226,1786548015.97119,0,1,24.221136,-12.021953,22.683804,-13.570794,-3.22736,0.512913,3.267864,-1.750292,-0.020234,1.750409,2.983984,2.18227,54.243971
9,227,1786548016.01119,0,1,24.091989,-12.003708,22.613584,-13.572556,-3.228674,0.456117,3.260732,-1.755493,-0.04403,1.756045,3.001251,2.155682,54.741046
9,228,1786548016.05118,0,1,23.962784,-11.98807,22.543194,-13.575248,-3.230129,0.390967,3.253704,-1.759744,-0.067301,1.761031,3.021141,2.129406,55.091572
9,229,1786548016.09123,0,1,23.833531,-11.975371,22.472675,-13.578866,-3.231327,0.317467,3.246884,-1.762976,-0.09046,1.765296,3.04366,2.103123,55.290479
9,230,1786548016.13123,0,1,23.70459,-11.962151,22.402167,-13.583265,-3.22351,0.330506,3.240409,-1.762713,-0.109963,1.766139,3.03942,2.0795,57.075232
9,231,1786548016.17124,0,1,23.575655,-11.951853,22.331711,-13.588444,-3.223387,0.257437,3.233651,-1.761386,-0.129483,1.766139,3.061896,2.055681,57.328432
9,232,1786548016.2112,0,1,23.447016,-11.941026,22.261306,-13.594274,-3.215977,0.270678,3.227348,-1.760115,-0.145746,1.766139,3.057624,2.034486,59.162958
9,233,1786548016.25118,0,1,23.318427,-11.933103,22.19096,-13.600762,-3.214724,0.198065,3.22082,-1.758674,-0.162211,1.766139,3.080059,2.013025,59.463877
9,234,1786548016.29118,0,1,23.190111,-11.924643,22.120664,-13.607786,-3.207891,0.211505,3.214856,-1.757389,-0.175595,1.766139,3.075755,1.994163,61.340849
9,235,1786548016.3312,0,1,23.061884,-11.919069,22.050425,-13.615357,-3.205686,0.139352,3.208713,-1.755967,-0.189282,1.766139,3.09815,1.974954,61.682412
9,236,1786548016.37129,0,1,22.933776,-11.916707,21.980251,-13.623503,-3.202694,0.059065,3.203239,-1.75436,-0.203636,1.766139,3.123152,1.955087,61.866033
9,237,1786548016.41115,0,1,22.805858,-11.914115,21.910132,-13.632114,-3.197964,0.06478,3.19862,-1.75297,-0.21528,1.766139,3.121339,1.937484,63.62394
9,238,1786548016.45124,0,1,22.678107,-11.914717,21.840076,-13.64122,-3.193755,-0.015037,3.193791,-1.751405,-0.227657,1.766139,-3.136884,1.919143,63.838655
9,239,1786548016.49121,0,1,22.55051,-11.915082,21.770072,-13.650717,-3.189923,-0.009137,3.189936,-1.750109,-0.237415,1.766139,-3.138728,1.903027,65.624519
9,240,1786548016.53124,0,1,22.423126,-11.918623,21.700162,-13.66063,-3.184622,-0.088528,3.185853,-1.747745,-0.247823,1.765228,-3.113801,1.886071,65.868339
9,241,1786548016.5715,0,1,22.295854,-11.921923,21.630334,-13.670857,-3.18179,-0.082497,3.182859,-1.74569,-0.255695,1.764317,-3.115671,1.87128,67.681515
9,242,1786548016.61122,0,1,22.168834,-11.928384,21.560647,-13.681424,-3.175499,-0.16152,3.179604,-1.742179,-0.264165,1.762093,-3.090772,1.855543,67.95485
9,243,1786548016.65121,0,1,22.041884,-11.934601,21.491083,-13.692232,-3.173742,-0.155419,3.177546,-1.7391,-0.270187,1.759963,-3.092661,1.841914,69.796648
9,244,1786548016.6912,0,1,21.915223,-11.943967,21.421702,-13.703303,-3.166534,-0.234143,3.175179,-1.734514,-0.276775,1.756458,-3.067784,1.827245,70.101464
9,245,1786548016.73121,0,1,21.788587,-11.953088,21.352483,-13.714542,-3.165903,-0.228037,3.174105,-1.73048,-0.280993,1.753145,-3.069688,1.814637,71.974401
9,246,1786548016.77124,0,1,21.662274,-11.965349,21.283487,-13.725971,-3.157821,-0.306534,3.172664,-1.724893,-0.285717,1.748396,-3.044824,1.800907,72.313837
9,247,1786548016.81123,0,1,21.535941,-11.977369,21.214689,-13.737497,-3.158336,-0.30049,3.172598,-1.719972,-0.288139,1.74394,-3.046736,1.789204,74.221561
9,248,1786548016.85113,0,1,21.409965,-11.992523,21.146141,-13.749124,-3.149394,-0.378838,3.172097,-1.713695,-0.29068,1.738173,-3.021879,1.776303,74.59948
9,249,1786548016.89114,0,1,21.283921,-12.00744,21.077805,-13.760752,-3.151108,-0.372928,3.173099,-1.708405,-0.290713,1.732963,-3.023792,1.765386,76.545735
9,250,1786548016.93123,0,1,21.158265,-12.025488,21.009737,-13.772385,-3.14139,-0.451215,3.17363,-1.701682,-0.290811,1.726352,-2.998933,1.753199,76.966386
9,251,1786548016.97121,0,1,21.032494,-12.043309,20.941897,-13.783925,-3.144276,-0.445506,3.175681,-1.696008,-0.288513,1.720373,-3.000842,1.742973,78.956075
9,252,1786548017.01121,0,1,20.907148,-12.06426,20.874343,-13.795373,-3.133658,-0.523797,3.177134,-1.688854,-0.286183,1.712929,-2.975972,1.731423,79.424993
9,253,1786548017.05121,0,1,20.781645,-12.084994,20.80703,-13.806635,-3.137568,-0.518333,3.180095,-1.682817,-0.281554,1.706208,-2.977869,1.721828,81.464095
9,254,1786548017.0912,0,1,20.65661,-12.10886,20.740019,-13.817705,-3.125873,-0.596666,3.182309,-1.675289,-0.276759,1.697995,-2.952982,1.710879,81.987774
9,255,1786548017.13121,0,1,20.531386,-12.132519,20.67326,-13.828495,-3.130595,-0.591467,3.185978,-1.668953,-0.269751,1.690612,-2.954862,1.7019,84.083009
9,256,1786548017.17123,0,1,20.406683,-12.159313,20.606814,-13.838991,-3.117576,-0.669839,3.188725,-1.661158,-0.26241,1.681757,-2.929951,1.691559,84.66851
9,257,1786548017.21123,0,1,20.281771,-12.185908,20.540629,-13.84911,-3.122813,-0.66489,3.19281,-1.654623,-0.252957,1.673847,-2.931811,1.683225,86.826893
9,258,1786548017.25123,0,1,20.157445,-12.215638,20.474762,-13.858831,-3.108129,-0.743239,3.195759,-1.646683,-0.243027,1.66452,-2.906873,1.673551,87.481375
9,259,1786548017.29132,0,1,20.033829,-12.248828,20.409275,-13.868135,-3.090404,-0.829755,3.199858,-1.637177,-0.232592,1.653616,-2.879285,1.662261,88.024585
9,260,1786548017.33129,0,1,19.910028,-12.282161,20.344117,-13.876945,-3.095041,-0.833329,3.205264,-1.628958,-0.22026,1.643782,-2.878583,1.652806,90.157289
9,261,1786548017.37129,0,1,19.787043,-12.318947,20.279343,-13.885232,-3.074607,-0.919656,3.209202,-1.619329,-0.207188,1.63253,-2.850949,1.641831,90.795858
9,262,1786548017.41125,0,1,19.665045,-12.359507,20.215014,-13.892962,-3.049963,-1.013997,3.214104,-1.608235,-0.193244,1.619803,-2.820626,1.629095,91.340216
9,263,1786548017.45125,0,1,19.542956,-12.400544,20.151071,-13.900062,-3.052215,-1.025927,3.220023,-1.59857,-0.177486,1.608393,-2.817331,1.618133,93.495738
9,264,1786548017.4911,0,1,19.422025,-12.445326,20.087561,-13.906484,-3.023291,-1.11953,3.223916,-1.587759,-0.160568,1.595857,-2.786947,1.605591,94.168879
9,265,1786548017.53114,0,1,19.302484,-12.494151,20.024525,-13.912177,-2.988523,-1.220621,3.228186,-1.575892,-0.142305,1.582304,-2.753835,1.591271,94.767749
9,266,1786548017.57108,0,1,19.184607,-12.547306,19.961999,-13.917076,-2.946913,-1.328877,3.232678,-1.563147,-0.122485,1.567939,-2.717959,1.574995,95.303964
9,267,1786548017.61124,0,1,19.068004,-12.603609,19.899967,-13.921112,-2.91507,-1.40758,3.237115,-1.550807,-0.100907,1.554086,-2.691748,1.558197,96.49696
9,268,1786548017.65123,0,1,18.952682,-12.662725,19.838394,-13.924215,-2.883063,-1.477909,3.239794,-1.539312,-0.077559,1.541265,-2.667902,1.541377,97.932847
9,269,1786548017.69121,0,1,18.838811,-12.724578,19.777242,-13.926315,-2.84676,-1.546326,3.239624,-1.528812,-0.052498,1.529713,-2.643994,1.524737,99.475839
9,270,1786548017.73119,0,1,18.727963,-12.786079,19.716587,-13.92742,-2.771219,-1.537532,3.169173,-1.516378,-0.027633,1.51663,-2.635055,1.509979,101.876515
9,271,1786548017.77119,0,1,18.619938,-12.84686,19.656505,-13.927538,-2.700616,-1.519526,3.098755,-1.50205,-0.002949,1.502053,-2.629082,1.497443,104.441788
9,272,1786548017.81121,0,1,18.514552,-12.906591,19.597075,-13.926678,-2.634641,-1.493261,3.028392,-1.485756,0.02151,1.485912,-2.625958,1.487424,107.157181
9,273,1786548017.85125,0,1,18.411635,-12.964975,19.538403,-13.924859,-2.572936,-1.459612,2.958119,-1.466791,0.045454,1.467495,-2.625569,1.480197,110.006612
9,274,1786548017.89126,0,1,18.311031,-13.021751,19.480607,-13.92211,-2.515092,-1.419384,2.887965,-1.444897,0.068739,1.446532,-2.627801,1.475993,112.972254
9,275,1786548017.93123,0,1,18.212603,-13.076684,19.42382,-13.918464,-2.460716,-1.373343,2.818012,-1.419673,0.091153,1.422596,-2.632547,1.475005,116.035054
9,276,1786548017.97126,0,1,18.116225,-13.129574,19.370162,-13.915031,-2.409449,-1.322226,2.748405,-1.341455,0.085808,1.344197,-2.639697,1.479629,119.180722
9,277,1786548018.0112,0,1,18.021784,-13.180244,19.319631,-13.911831,-2.361014,-1.266768,2.679382,-1.26327,0.080013,1.265801,-2.649146,1.489841,122.375237
9,278,1786548018.05112,0,1,17.929202,-13.228538,19.272226,-13.908885,-2.314548,-1.207338,2.610516,-1.185129,0.073642,1.187415,-2.660791,1.505518,125.586285
9,279,1786548018.0912,0,1,17.838416,-13.274319,19.227944,-13.906223,-2.269642,-1.14452,2.541889,-1.10705,0.066561,1.109049,-2.674532,1.526463,128.785181
9,280,1786548018.13124,0,1,17.749381,-13.317473,19.186782,-13.903877,-2.225898,-1.078861,2.473572,-1.029051,0.058636,1.03072,-2.690271,1.552415,131.947633
9,281,1786548018.17125,0,1,17.662064,-13.357908,19.148736,-13.901887,-2.182907,-1.010867,2.405605,-0.951157,0.049748,0.952457,-2.707912,1.583068,135.054138
9,282,1786548018.21123,0,1,17.576455,-13.395548,19.1138,-13.900295,-2.140235,-0.941002,2.337967,-0.873388,0.039815,0.874295,-2.72736,1.618085,138.090002
9,283,1786548018.25123,0,1,17.492559,-13.430335,19.08197,-13.899142,-2.097403,-0.869681,2.27056,-0.795764,0.028815,0.796285,-2.748524,1.657108,141.045056
9,284,1786548018.29125,0,1,17.410404,-13.462226,19.053238,-13.898469,-2.05388,-0.797287,2.203199,-0.718287,0.016821,0.718484,-2.771312,1.699769,143.913207
9,285,1786548018.33118,0,1,17.330039,-13.491194,19.027601,-13.898308,-2.009111,-0.724194,2.135646,-0.640937,0.00403,0.64095,-2.795634,1.745697,146.691917
9,286,1786548018.37115,0,1,17.251537,-13.517226,19.005054,-13.898676,-1.962564,-0.650793,2.067653,-0.563661,-0.009199,0.563736,-2.8214,1.794527,149.381693
9,287,1786548018.4113,0,1,17.174985,-13.540327,18.985599,-13.899569,-1.913786,-0.577518,1.999026,-0.486368,-0.022326,0.48688,-2.848515,1.845909,151.985633
9,288,1786548018.45124,0,1,17.100486,-13.560521,18.969242,-13.900954,-1.862466,-0.504853,1.929678,-0.40894,-0.03463,0.410403,-2.876886,1.899511,154.509017
9,289,1786548018.49123,0,1,17.028148,-13.577854,18.955991,-13.902765,-1.808474,-0.433328,1.859665,-0.331265,-0.045272,0.334345,-2.906417,1.955032,156.958891
9,290,1786548018.53124,0,1,16.958073,-13.592394,18.94586,-13.904902,-1.751875,-0.363492,1.789188,-0.25329,-0.053425,0.258864,-2.937008,2.012203,159.343571
9,291,1786548018.57122,0,1,16.890722,-13.606155,18.938859,-13.907223,-1.683762,-0.344025,1.718548,-0.175025,-0.058016,0.18439,-2.940047,2.070146,160.089936
9,292,1786548018.61131,0,1,16.826119,-13.61928,18.934993,-13.909593,-1.615086,-0.328128,1.648081,-0.096635,-0.05926,0.113358,-2.941156,2.128764,160.677614
9,293,1786548018.65124,0,1,16.76427,-13.631891,18.934263,-13.911896,-1.546206,-0.31527,1.57802,-0.018253,-0.05756,0.060385,-2.940451,2.187983,161.122885
9,294,1786548018.69119,0,1,16.705177,-13.644088,18.936666,-13.914053,-1.477338,-0.30493,1.508479,0.060063,-0.053941,0.080729,-2.938046,2.24776,161.439533
9,295,1786548018.73119,0,1,16.648839,-13.655951,18.9422,-13.916047,-1.408445,-0.296574,1.439331,0.138355,-0.049833,0.147056,-2.934056,2.308063,161.638619
9,296,1786548018.7712,0,1,16.595268,-13.667537,18.950865,-13.917863,-1.33928,-0.289664,1.370247,0.21663,-0.045408,0.221338,-2.92859,2.368861,161.72988
9,297,1786548018.81126,0,1,16.544473,-13.678887,18.962661,-13.919493,-1.269882,-0.283755,1.301198,0.294892,-0.040748,0.297694,-2.921754,2.430129,161.722059
10,0,1786548022.82779,0,1,53.28,-13.199968,37.597264,-13.400033,-0.499999,0.000796,0.5,-0.068396,-0.000815,0.068401,3.14,15.684012,0.822134
10,0,1786548022.86776,0,1,53.28,-13.199968,37.591393,-13.400098,-0.499999,0.000796,0.5,-0.146792,-0.00163,0.146801,3.14,15.689884,0.822099
10,1,1786548022.90778,0,1,53.25718,-13.200472,37.582385,-13.400196,-0.570489,-0.012595,0.570628,-0.225187,-0.002443,0.225201,-3.119518,15.676068,0.534758
10,2,1786548022.94777,0,1,53.231534,-13.200939,37.570242,-13.400326,-0.641152,-0.011683,0.641258,-0.303583,-0.003256,0.303601,-3.123373,15.662562,0.314505
10,3,1786548022.98775,0,1,53.203064,-13.201457,37.554963,-13.400488,-0.711769,-0.012943,0.711887,-0.381979,-0.004068,0.382001,-3.12341,15.649367,0.313087
10,4,1786548023.02775,0,1,53.171768,-13.202019,37.536548,-13.400684,-0.782388,-0.014053,0.782514,-0.460375,-0.004879,0.460401,-3.123633,15.636483,0.30105
10,5,1786548023.06777,0,1,53.137648,-13.202633,37.514997,-13.400911,-0.853002,-0.015343,0.85314,-0.538771,-0.005689,0.538801,-3.123607,15.623909,0.303352
10,6,1786548023.10782,0,1,53.100703,-13.203304,37.49031,-13.401171,-0.923613,-0.016772,0.923766,-0.617166,-0.006499,0.617201,-3.123435,15.611647,0.314143
10,7,1786548023.14777,0,1,53.060935,-13.204038,37.462488,-13.401463,-0.99422,-0.018352,0.994389,-0.695562,-0.007307,0.695601,-3.123136,15.599696,0.332323
10,8,1786548023.18781,0,1,53.018342,-13.204841,37.431529,-13.401788,-1.064823,-0.020085,1.065012,-0.773958,-0.008114,0.774001,-3.122732,15.588057,0.356697
10,9,1786548023.22782,0,1,52.972925,-13.20572,37.397435,-13.402145,-1.135421,-0.021979,1.135633,-0.852354,-0.00892,0.852401,-3.122238,15.576728,0.386432
10,10,1786548023.26786,0,1,52.924684,-13.206682,37.360205,-13.402534,-1.206014,-0.024037,1.206253,-0.93075,-0.009724,0.930801,-3.121664,15.565711,0.420886
10,11,1786548023.30783,0,1,52.87362,-13.207732,37.320009,-13.402953,-1.276602,-0.026266,1.276872,-1.004912,-0.010484,1.004966,-3.121021,15.554837,0.459563
10,12,1786548023.34782,0,1,52.819733,-13.208879,37.277088,-13.4034,-1.347185,-0.028669,1.34749,-1.07302,-0.01118,1.073078,-3.120315,15.543862,0.502071
10,13,1786548023.38783,0,1,52.763022,-13.210129,37.231666,-13.403873,-1.417761,-0.031252,1.418106,-1.135558,-0.011818,1.13562,-3.119553,15.532565,0.548092
10,14,1786548023.4278,0,1,52.703489,-13.21149,37.183947,-13.404369,-1.488332,-0.03402,1.488721,-1.192973,-0.012403,1.193037,-3.118739,15.520741,0.597371
10,15,1786548023.46782,0,1,52.641133,-13.212969,37.13412,-13.404887,-1.558896,-0.036976,1.559334,-1.245673,-0.012938,1.24574,-3.117878,15.508201,0.649695
10,16,1786548023.50783,0,1,52.575955,-13.214574,37.082358,-13.405424,-1.629453,-0.040125,1.629947,-1.294036,-0.013428,1.294105,-3.116973,15.494772,0.704886
10,17,1786548023.54782,0,1,52.507955,-13.216313,37.028822,-13.405979,-1.700002,-0.043471,1.700558,-1.338409,-0.013876,1.338481,-3.116027,15.480295,0.762795
10,18,1786548023.58783,0,1,52.437133,-13.218194,36.973658,-13.40655,-1.770544,-0.047018,1.771168,-1.379111,-0.014285,1.379185,-3.115043,15.464623,0.823293
10,19,1786548023.62783,0,1,52.36349,-13.220224,36.917,-13.407137,-1.841077,-0.050768,1.841777,-1.416436,-0.01466,1.416512,-3.114024,15.447621,0.886271
10,20,1786548023.66783,0,1,52.287026,-13.222414,36.858974,-13.407737,-1.911601,-0.054726,1.912384,-1.450654,-0.015002,1.450731,-3.112972,15.429165,0.951631
10,21,1786548023.70784,0,1,52.207742,-13.224769,36.799693,-13.408349,-1.982116,-0.058894,1.98299,-1.482013,-0.015314,1.482093,-3.111889,15.409142,1.01929
10,22,1786548023.74783,0,1,52.125637,-13.2273,36.739264,-13.408973,-2.052621,-0.063275,2.053596,-1.510743,-0.015598,1.510824,-3.110776,15.387446,1.089172
10,23,1786548023.78778,0,1,52.040712,-13.230015,36.677773,-13.409608,-2.123115,-0.06787,2.1242,-1.537255,-0.015861,1.537337,-3.109636,15.363989,1.161212
10,24,1786548023.82777,0,1,51.952961,-13.232717,36.615304,-13.410252,-2.193777,-0.067542,2.194817,-1.561727,-0.016102,1.56181,-3.110814,15.338684,1.100291
10,25,1786548023.86777,0,1,51.862384,-13.235428,36.551932,-13.410905,-2.264428,-0.067785,2.265442,-1.584321,-0.016325,1.584405,-3.111667,15.311458,1.057976
10,26,1786548023.90776,0,1,51.76898,-13.23813,36.487724,-13.411566,-2.335097,-0.067556,2.336074,-1.605188,-0.016531,1.605273,-3.11267,15.28224,1.006893
10,27,1786548023.94777,0,1,51.672749,-13.240811,36.422745,-13.412235,-2.405778,-0.067004,2.406711,-1.624467,-0.016721,1.624553,-3.113748,15.250967,0.951328
10,28,1786548023.98779,0,1,51.57369,-13.243453,36.357054,-13.412911,-2.476469,-0.066059,2.47735,-1.642283,-0.016896,1.64237,-3.114924,15.21758,0.889954
10,29,1786548024.02782,0,1,51.471803,-13.246041,36.290704,-13.413593,-2.547169,-0.064694,2.54799,-1.658755,-0.017058,1.658843,-3.1162,15.182024,0.822563
10,30,1786548024.06781,0,1,51.367089,-13.248556,36.223744,-13.414281,-2.617874,-0.062874,2.618629,-1.67399,-0.017207,1.674078,-3.11758,15.144251,0.748804
10,31,1786548024.10782,0,1,51.259545,-13.250978,36.156221,-13.414975,-2.688584,-0.060568,2.689266,-1.688086,-0.017345,1.688176,-3.119069,15.104215,0.668416
10,32,1786548024.14782,0,1,51.149173,-13.253288,36.088175,-13.415674,-2.759295,-0.057746,2.759899,-1.701136,-0.017472,1.701226,-3.120668,15.061873,0.581172
10,33,1786548024.18782,0,1,51.035973,-13.255463,36.019646,-13.416378,-2.830004,-0.05438,2.830527,-1.713222,-0.01759,1.713312,-3.122379,15.017189,0.486884
10,34,1786548024.2278,0,1,50.919945,-13.257481,35.95067,-13.417086,-2.900709,-0.050443,2.901148,-1.724421,-0.017699,1.724512,-3.124204,14.970126,0.385398
10,35,1786548024.26778,0,1,50.801089,-13.259318,35.881277,-13.417798,-2.971407,-0.045909,2.971762,-1.734805,-0.0178,1.734897,-3.126144,14.920653,0.276585
10,36,1786548024.30782,0,1,50.679405,-13.260948,35.8115,-13.418513,-3.042094,-0.040754,3.042367,-1.744439,-0.017893,1.744531,-3.128197,14.86874,0.160342
10,37,1786548024.34779,0,1,50.554936,-13.262345,35.741364,-13.419232,-3.111722,-0.034943,3.111919,-1.753383,-0.01798,1.753475,-3.130364,14.814402,0.036589
10,38,1786548024.38783,0,1,50.427762,-13.263484,35.670897,-13.419955,-3.179354,-0.028456,3.179481,-1.761692,-0.01806,1.761785,-3.132643,14.757694,0.0947
10,39,1786548024.42783,0,1,50.29796,-13.264335,35.60012,-13.42068,-3.245041,-0.021294,3.24511,-1.769417,-0.018134,1.76951,-3.135031,14.698671,0.233469
10,40,1786548024.46782,0,1,50.165607,-13.264874,35.529056,-13.421408,-3.308832,-0.013462,3.308859,-1.776604,-0.018203,1.776697,-3.137524,14.637388,0.379628
10,41,1786548024.5078,0,1,50.030776,-13.265073,35.457724,-13.422139,-3.370776,-0.004968,3.37078,-1.783297,-0.018267,1.78339,-3.140119,14.573898,0.533057
10,42,1786548024.54783,0,1,49.893539,-13.264906,35.386143,-13.422872,-3.430922,0.004177,3.430924,-1.789535,-0.018326,1.789628,3.140375,14.508256,0.693609
10,43,1786548024.58778,0,1,49.753966,-13.264347,35.314329,-13.423607,-3.489314,0.013959,3.489342,-1.795354,-0.018382,1.795448,3.137592,14.440516,0.861116
10,44,1786548024.62779,0,1,49.612127,-13.263373,35.242297,-13.424345,-3.545996,0.024359,3.54608,-1.800788,-0.018433,1.800883,3.134723,14.370731,1.035393
10,45,1786548024.66779,0,1,49.468086,-13.261958,35.170062,-13.425084,-3.601013,0.035359,3.601187,-1.805869,-0.018481,1.805963,3.131774,14.298954,1.216237
10,46,1786548024.7078,0,1,49.32191,-13.260081,35.097637,-13.425825,-3.654406,0.046936,3.654708,-1.810623,-0.018526,1.810718,3.12875,14.225238,1.403438
10,47,1786548024.74782,0,1,49.173661,-13.257718,35.025034,-13.426568,-3.706217,0.059066,3.706687,-1.815078,-0.018568,1.815172,3.125657,14.149634,1.596772
10,48,1786548024.78782,0,1,49.023402,-13.25485,34.952257,-13.427311,-3.756484,0.071722,3.757169,-1.81943,-0.018576,1.819525,3.122502,14.072201,1.796009
10,49,1786548024.82779,0,1,48.871173,-13.251783,34.87931,-13.428053,-3.805721,0.076666,3.806493,-1.823688,-0.018554,1.823782,3.12145,13.992974,1.875844
10,50,1786548024.86779,0,1,48.717022,-13.248431,34.806195,-13.428793,-3.853777,0.083789,3.854688,-1.827859,-0.018504,1.827953,3.119854,13.911996,1.988369
10,51,1786548024.90779,0,1,48.560992,-13.244851,34.732917,-13.42953,-3.900755,0.089516,3.901782,-1.831951,-0.018429,1.832044,3.118648,13.829308,2.079777
10,52,1786548024.94782,0,1,48.403125,-13.241044,34.659478,-13.430263,-3.946657,0.095175,3.947804,-1.83597,-0.018329,1.836062,3.117482,13.74495,2.170228
10,53,1786548024.9878,0,1,48.243464,-13.237033,34.585881,-13.430992,-3.991522,0.100268,3.992781,-1.839921,-0.018208,1.840011,3.116478,13.65896,2.252621
10,54,1786548025.02784,0,1,48.082049,-13.232833,34.512129,-13.431714,-4.035375,0.105001,4.03674,-1.84381,-0.018067,1.843899,3.115578,13.571378,2.330174
10,55,1786548025.06778,0,1,47.91892,-13.228461,34.438223,-13.432431,-4.078244,0.109303,4.079708,-1.847643,-0.017908,1.847729,3.114797,13.482239,2.402099
10,56,1786548025.10783,0,1,47.754113,-13.223932,34.364166,-13.43314,-4.120156,0.11322,4.121711,-1.851422,-0.017732,1.851507,3.11412,13.391581,2.469203
10,57,1786548025.14783,0,1,47.587668,-13.219262,34.28996,-13.433842,-4.161136,0.116751,4.162773,-1.855154,-0.017541,1.855237,3.113542,13.299439,2.531635
10,58,1786548025.18781,0,1,47.41962,-13.214465,34.215607,-13.434535,-4.201209,0.119916,4.20292,-1.858841,-0.017336,1.858921,3.113057,13.205847,2.589811
10,59,1786548025.22782,0,1,47.250004,-13.209556,34.141107,-13.43522,-4.2404,0.122726,4.242176,-1.862487,-0.017118,1.862565,3.112659,13.110839,2.644021
10,60,1786548025.26782,0,1,47.078854,-13.204548,34.066463,-13.435895,-4.278732,0.1252,4.280564,-1.866095,-0.016888,1.866171,3.11234,13.014447,2.6946
10,61,1786548025.30783,0,1,46.906205,-13.199454,33.991677,-13.436561,-4.316229,0.127351,4.318107,-1.869669,-0.016648,1.869743,3.112096,12.916705,2.741846
10,62,1786548025.34783,0,1,46.732089,-13.194286,33.916748,-13.437217,-4.352911,0.129197,4.354828,-1.873211,-0.016398,1.873283,3.111921,12.817643,2.786058
10,63,1786548025.38782,0,1,46.556537,-13.189056,33.841679,-13.437863,-4.388801,0.130754,4.390748,-1.876723,-0.01614,1.876793,3.111809,12.717292,2.827516
10,64,1786548025.42783,0,1,46.37958,-13.183775,33.76652,-13.438497,-4.423919,0.132037,4.425889,-1.878989,-0.015863,1.879056,3.111755,12.615632,2.866495
10,65,1786548025.46781,0,1,46.201248,-13.178452,33.69136,-13.43912,-4.458287,0.133064,4.460272,-1.878992,-0.015561,1.879056,3.111755,12.512604,2.903256
10,66,1786548025.50781,0,1,46.021572,-13.173098,33.6162,-13.43973,-4.491923,0.133848,4.493917,-1.878994,-0.015254,1.879056,3.111804,12.408236,2.938045
10,67,1786548025.54782,0,1,45.840578,-13.167722,33.54104,-13.440327,-4.524848,0.134405,4.526844,-1.878997,-0.014941,1.879056,3.111898,12.302558,2.971093
10,68,1786548025.5878,0,1,45.658294,-13.162332,33.46588,-13.440912,-4.557079,0.134751,4.559071,-1.879,-0.014624,1.879056,3.112032,12.195596,3.002619
10,69,1786548025.62801,0,1,45.474749,-13.156936,33.39072,-13.441485,-4.588636,0.134897,4.590618,-1.879002,-0.014303,1.879056,3.112203,12.087378,3.032827
10,70,1786548025.66795,0,1,45.289968,-13.151532,33.31556,-13.442044,-4.619523,0.13511,4.621498,-1.879004,-0.013979,1.879056,3.112353,11.977932,3.065069
10,71,1786548025.70795,0,1,45.103977,-13.146138,33.2404,-13.44259,-4.649778,0.134843,4.651733,-1.879007,-0.013653,1.879056,3.112601,11.867281,3.092538
10,72,1786548025.74797,0,1,44.916801,-13.140753,33.16524,-13.443123,-4.679403,0.134625,4.681339,-1.879009,-0.013324,1.879056,3.112831,11.755451,3.121833
10,73,1786548025.78788,0,1,44.728464,-13.135387,33.090079,-13.443648,-4.708422,0.134152,4.710333,-1.879011,-0.013122,1.879056,3.113108,11.642467,3.149241
10,74,1786548025.82785,0,1,44.53898,-13.130672,33.014919,-13.444169,-4.737113,0.117874,4.738579,-1.879011,-0.013037,1.879056,3.116715,11.528324,2.983676
10,75,1786548025.86792,0,1,44.348386,-13.126283,32.939758,-13.444691,-4.764837,0.109721,4.7661,-1.879011,-0.013058,1.879056,3.118569,11.41307,2.91781
10,76,1786548025.90792,0,1,44.156706,-13.122524,32.864598,-13.445219,-4.791994,0.093964,4.792915,-1.87901,-0.013177,1.879056,3.121987,11.296718,2.760239
10,77,1786548025.94795,0,1,43.963972,-13.119258,32.789437,-13.445754,-4.818354,0.081663,4.819046,-1.879009,-0.013386,1.879056,3.124646,11.179303,2.644561
10,78,1786548025.98796,0,1,43.770209,-13.116649,32.714277,-13.446301,-4.844073,0.065235,4.844513,-1.879007,-0.013677,1.879056,3.128127,11.060846,2.479422
10,79,1786548026.02798,0,1,43.575446,-13.114632,32.639117,-13.446863,-4.869073,0.050419,4.869334,-1.879004,-0.014045,1.879056,3.131238,10.941374,2.333304
10,80,1786548026.06801,0,1,43.37971,-13.113306,32.563957,-13.447442,-4.893418,0.033138,4.89353,-1.879001,-0.014482,1.879056,3.134821,10.820913,2.157494
10,81,1786548026.10796,0,1,43.183026,-13.112637,32.488797,-13.448041,-4.91709,0.016732,4.917118,-1.878997,-0.014983,1.879056,3.13819,10.699487,1.99135
10,82,1786548026.14784,0,1,42.985421,-13.112687,32.413637,-13.448663,-4.940116,-0.001244,4.940116,-1.878992,-0.015543,1.879056,-3.141341,10.577121,1.805847
10,83,1786548026.18797,0,1,42.786921,-13.113431,32.338478,-13.449309,-4.962505,-0.018613,4.96254,-1.878987,-0.016157,1.879056,-3.137842,10.45384,1.626315
10,84,1786548026.22791,0,1,42.58755,-13.114912,32.263319,-13.449982,-4.984269,-0.037012,4.984406,-1.878981,-0.01682,1.879056,-3.134167,10.329668,1.433408
10,85,1786548026.26796,0,1,42.387333,-13.117106,32.18816,-13.450683,-5.005429,-0.054857,5.005729,-1.878975,-0.017528,1.879056,-3.130634,10.204627,1.245356
10,86,1786548026.30795,0,1,42.186294,-13.120041,32.113001,-13.451414,-5.025988,-0.073375,5.026524,-1.878968,-0.018278,1.879056,-3.126995,10.078742,1.047726
10,87,1786548026.34794,0,1,41.984455,-13.123692,32.037843,-13.452177,-5.045977,-0.091277,5.046802,-1.87896,-0.019066,1.879056,-3.123506,9.952035,0.855185
10,88,1786548026.38797,0,1,41.781839,-13.128076,31.962685,-13.452973,-5.065391,-0.109594,5.066577,-1.878951,-0.019888,1.879056,-3.11996,9.824528,0.655668
10,89,1786548026.428,0,1,41.578468,-13.133162,31.887527,-13.453802,-5.084269,-0.127157,5.085859,-1.878942,-0.020743,1.879056,-3.116588,9.696244,0.462373
10,90,1786548026.46793,0,1,41.374425,-13.140784,31.81237,-13.454667,-5.10109,-0.190544,5.104647,-1.878932,-0.021626,1.879056,-3.104256,9.567205,0.259095
10,91,1786548026.50791,0,1,41.169623,-13.147704,31.737213,-13.455569,-5.120039,-0.172993,5.122961,-1.878921,-0.022537,1.879056,-3.107818,9.437433,0.065727
10,92,1786548026.54801,0,1,40.964218,-13.157361,31.662056,-13.456508,-5.135134,-0.241428,5.140806,-1.87891,-0.023471,1.879056,-3.094612,9.30697,0.849843
10,93,1786548026.58795,0,1,40.758073,-13.166045,31.5869,-13.457485,-5.153618,-0.217103,5.158189,-1.878898,-0.024428,1.879056,-3.099491,9.175802,0.592109
10,94,1786548026.62796,0,1,40.551411,-13.177956,31.51175,-13.458501,-5.16654,-0.297766,5.175113,-1.878756,-0.025404,1.878928,-3.084023,9.044013,1.520914
10,95,1786548026.66795,0,1,40.344004,-13.188264,31.436615,-13.459557,-5.18518,-0.25772,5.191581,-1.878376,-0.026394,1.878562,-3.09193,8.911519,1.100923
10,96,1786548026.70783,0,1,40.136189,-13.202526,31.361504,-13.460653,-5.195375,-0.356546,5.207595,-1.877778,-0.027398,1.877978,-3.073072,8.778481,2.240924
10,97,1786548026.74794,0,1,39.927629,-13.214891,31.286425,-13.461789,-5.213998,-0.309116,5.223153,-1.876978,-0.028413,1.877193,-3.082376,8.644731,1.756232
10,98,1786548026.78792,0,1,39.718738,-13.231242,31.21137,-13.462968,-5.222277,-0.408775,5.238251,-1.87638,-0.029459,1.876612,-3.063477,8.510524,2.915467
10,99,1786548026.82796,0,1,39.509133,-13.245691,31.136331,-13.464189,-5.240129,-0.361239,5.252566,-1.875969,-0.030532,1.876217,-3.072764,8.375653,2.448707
10,100,1786548026.86794,0,1,39.299092,-13.261606,31.061302,-13.465454,-5.251025,-0.397868,5.266077,-1.875729,-0.03163,1.875995,-3.065968,8.240312,2.915476
10,101,1786548026.90795,0,1,39.088423,-13.275871,30.986276,-13.466764,-5.26673,-0.356613,5.278789,-1.875646,-0.032749,1.875932,-3.073985,8.104395,2.52393
10,102,1786548026.94796,0,1,38.877551,-13.293744,30.911248,-13.468119,-5.271796,-0.446844,5.2907,-1.875708,-0.033889,1.876014,-3.057033,7.968212,3.590932
10,103,1786548026.98794,0,1,38.666048,-13.309272,30.836212,-13.469521,-5.287569,-0.388185,5.301799,-1.875904,-0.035046,1.876231,-3.068309,7.831476,3.026339
10,104,1786548027.02795,0,1,38.454334,-13.327326,30.761163,-13.47097,-5.292848,-0.451344,5.312057,-1.876222,-0.036218,1.876572,-3.056524,7.694513,3.804379
10,105,1786548027.06799,0,1,38.242033,-13.342732,30.686096,-13.472466,-5.307521,-0.385152,5.321477,-1.876654,-0.037404,1.877026,-3.069152,7.557051,3.166854
10,106,1786548027.108,0,1,38.029659,-13.361484,30.611009,-13.47401,-5.309364,-0.468811,5.330022,-1.877189,-0.038602,1.877586,-3.053522,7.419503,4.177072
10,107,1786548027.14802,0,1,37.816759,-13.377576,30.535896,-13.475603,-5.322507,-0.402294,5.337689,-1.87782,-0.03981,1.878242,-3.066152,7.281522,3.55104
10,108,1786548027.18806,0,1,37.603868,-13.39702,30.460755,-13.477244,-5.322262,-0.486105,5.344415,-1.878538,-0.041026,1.878986,-3.050511,7.143564,4.57513
10,109,1786548027.22812,0,1,37.390638,-13.415257,30.385611,-13.478933,-5.33076,-0.455921,5.350221,-1.878582,-0.042233,1.879056,-3.056274,7.005316,4.367596
10,110,1786548027.26799,0,1,37.177567,-13.437233,30.310469,-13.480671,-5.32676,-0.549412,5.355019,-1.878554,-0.043442,1.879056,-3.038814,6.867236,5.52635
10,111,1786548027.30792,0,1,36.964117,-13.456916,30.235328,-13.482457,-5.336268,-0.492061,5.358906,-1.878526,-0.044653,1.879056,-3.049642,6.728837,5.050906
10,112,1786548027.34793,0,1,36.750934,-13.480336,30.160188,-13.484291,-5.329572,-0.585496,5.361637,-1.878497,-0.045865,1.879056,-3.032173,6.590747,6.234867
10,113,1786548027.38794,0,1,36.537678,-13.503758,30.08505,-13.486175,-5.331386,-0.585566,5.363447,-1.878467,-0.047077,1.879056,-3.032197,6.452653,6.424024
10,114,1786548027.42798,0,1,36.324916,-13.531514,30.009912,-13.488106,-5.319055,-0.693904,5.364126,-1.878436,-0.048288,1.879056,-3.011869,6.315153,7.826456
10,115,1786548027.46792,0,1,36.111942,-13.55757,29.934776,-13.490086,-5.324357,-0.651388,5.364054,-1.878404,-0.049498,1.879056,-3.019856,6.177534,7.600885
10,116,1786548027.50794,0,1,35.899598,-13.587941,29.859641,-13.492114,-5.308588,-0.759282,5.362613,-1.878372,-0.050705,1.879056,-2.999527,6.040717,9.048702
10,117,1786548027.54784,0,1,35.687101,-13.616604,29.784508,-13.49419,-5.312426,-0.716572,5.360536,-1.878339,-0.051908,1.879056,-3.007516,5.903863,8.870119
10,118,1786548027.58785,0,1,35.475371,-13.649558,29.709375,-13.496315,-5.293264,-0.82384,5.356992,-1.878306,-0.053107,1.879056,-2.987192,5.768031,10.368897
10,119,1786548027.62782,0,1,35.263543,-13.680794,29.634244,-13.498487,-5.295696,-0.780919,5.352965,-1.878272,-0.054301,1.879056,-2.995185,5.63225,10.243451
10,120,1786548027.66781,0,1,35.052613,-13.71629,29.559115,-13.500706,-5.273249,-0.887392,5.347394,-1.878237,-0.055489,1.879056,-2.974873,5.497726,11.799674
10,121,1786548027.70795,0,1,34.841637,-13.75006,29.483987,-13.502973,-5.274385,-0.844251,5.341526,-1.878202,-0.056671,1.879056,-2.982873,5.363345,11.734499
10,122,1786548027.74787,0,1,34.631684,-13.788051,29.40886,-13.505287,-5.24883,-0.949782,5.33407,-1.878166,-0.057846,1.879056,-2.962579,5.230473,13.35573
10,123,1786548027.78784,0,1,34.421731,-13.824308,29.333735,-13.507635,-5.248834,-0.906425,5.326525,-1.878139,-0.058695,1.879056,-2.970589,5.097841,13.359269
10,124,1786548027.82794,0,1,34.211701,-13.857931,29.25861,-13.510005,-5.250755,-0.840558,5.317609,-1.878122,-0.059243,1.879056,-2.982856,4.965296,13.113026
10,125,1786548027.86797,0,1,34.002654,-13.894833,29.183485,-13.512385,-5.226175,-0.922559,5.306979,-1.878114,-0.059515,1.879056,-2.966866,4.83432,14.548564
10,126,1786548027.90795,0,1,33.79481,-13.935877,29.108361,-13.514767,-5.196087,-1.026102,5.296433,-1.878113,-0.059532,1.879056,-2.946625,4.705331,16.30545
10,127,1786548027.94795,0,1,33.587036,-13.975175,29.033236,-13.517139,-5.194363,-0.982447,5.286455,-1.87812,-0.059315,1.879056,-2.954664,4.576777,16.453925
10,128,1786548027.98794,0,1,33.380541,-14.018571,28.958111,-13.519494,-5.162377,-1.084885,5.275141,-1.878134,-0.058882,1.879056,-2.934455,4.450502,18.306787
10,129,1786548028.02796,0,1,33.174114,-14.060218,28.882984,-13.521824,-5.160658,-1.041195,5.264644,-1.878153,-0.05825,1.879056,-2.942509,4.324773,18.558003
10,130,1786548028.06796,0,1,32.967652,-14.099244,28.807857,-13.524122,-5.161545,-0.975653,5.252947,-1.878178,-0.057437,1.879056,-2.954773,4.199364,18.575617
10,131,1786548028.10787,0,1,32.762358,-14.14145,28.732729,-13.52638,-5.132356,-1.05514,5.239695,-1.878208,-0.056455,1.879056,-2.938832,4.0763,20.295808
10,132,1786548028.14792,0,1,32.557051,-14.181041,28.657599,-13.528593,-5.132691,-0.989767,5.227252,-1.878242,-0.055319,1.879056,-2.951095,3.953658,20.413329
10,133,1786548028.18809,0,1,32.352943,-14.223781,28.582468,-13.530755,-5.10269,-1.068517,5.213365,-1.878279,-0.054042,1.879056,-2.935173,3.833636,22.241917
10,134,1786548028.2281,0,1,32.148829,-14.263917,28.507335,-13.53286,-5.102841,-1.003397,5.200557,-1.878319,-0.052635,1.879056,-2.947435,3.714152,22.476094
10,135,1786548028.26802,0,1,31.94593,-14.307176,28.432201,-13.534904,-5.072472,-1.081479,5.18648,-1.878361,-0.051108,1.879056,-2.931532,3.597596,24.431351
10,136,1786548028.30813,0,1,31.743015,-14.347845,28.357065,-13.536883,-5.072885,-1.016709,5.173766,-1.878405,-0.049473,1.879056,-2.943793,3.481712,24.802156
10,137,1786548028.34819,0,1,31.541308,-14.391614,28.281927,-13.538793,-5.042667,-1.094232,5.160023,-1.87845,-0.047737,1.879056,-2.927911,3.369106,26.905878
10,138,1786548028.38794,0,1,31.339554,-14.432811,28.206787,-13.540629,-5.043854,-1.029912,5.14793,-1.878495,-0.04591,1.879056,-2.94017,3.257333,27.437104
10,139,1786548028.42795,0,1,31.13898,-14.477092,28.131645,-13.542389,-5.014356,-1.107024,5.135101,-1.878541,-0.043999,1.879056,-2.924307,3.149243,29.715188
10,140,1786548028.46788,0,1,30.938305,-14.518822,28.056502,-13.544069,-5.016865,-1.043254,5.124189,-1.878587,-0.042012,1.879056,-2.936565,3.042192,30.434999
10,141,1786548028.50795,0,1,30.737419,-14.557179,27.981357,-13.545668,-5.022166,-0.958934,5.112896,-1.878632,-0.039955,1.879056,-2.952923,2.935819,30.963765
10,142,1786548028.54796,0,1,30.537464,-14.597799,27.90621,-13.547181,-4.998879,-1.015487,5.100981,-1.878675,-0.037835,1.879056,-2.941177,2.833248,33.249018
10,143,1786548028.58796,0,1,30.337264,-14.635073,27.831061,-13.548607,-5.004981,-0.931853,5.090991,-1.878718,-0.035658,1.879056,-2.957515,2.731568,33.984098
10,144,1786548028.62796,0,1,30.137919,-14.674616,27.755911,-13.549944,-4.983641,-0.988591,5.080747,-1.878738,-0.033428,1.879035,-2.945768,2.634169,36.494431
10,145,1786548028.66793,0,1,29.938273,-14.710844,27.680766,-13.55119,-4.991152,-0.90568,5.072658,-1.87864,-0.03115,1.878898,-2.962089,2.537939,37.473817
10,146,1786548028.70798,0,1,29.738243,-14.742943,27.605628,-13.552344,-5.000745,-0.802486,5.064724,-1.878433,-0.028828,1.878654,-2.982476,2.442452,38.29054
10,147,1786548028.74794,0,1,29.538778,-14.776531,27.530503,-13.553402,-4.98661,-0.839692,5.056813,-1.878126,-0.026467,1.878312,-2.974768,2.351428,40.901598
10,148,1786548028.78797,0,1,29.3389,-14.806017,27.455373,-13.55437,-4.996952,-0.737149,5.051031,-1.878267,-0.024188,1.878423,-2.995129,2.261481,41.996673
10,149,1786548028.82804,0,1,29.138573,-14.830587,27.380211,-13.554178,-5.008189,-0.614252,5.045718,-1.87905,0.004795,1.879056,-3.019553,2.172799,42.968566
10,150,1786548028.86797,0,1,28.938532,-14.855874,27.305056,-13.553131,-5.001015,-0.632188,5.040815,-1.878874,0.026172,1.879056,-3.015848,2.08935,45.777994
10,151,1786548028.908,0,1,28.738034,-14.876264,27.229916,-13.551294,-5.012457,-0.509742,5.03831,-1.878495,0.045931,1.879056,-3.040246,2.007477,47.107935
10,152,1786548028.94806,0,1,28.537098,-14.890933,27.154798,-13.548708,-5.023402,-0.366721,5.03677,-1.877944,0.064654,1.879056,-3.068719,1.926738,48.332639
10,153,1786548028.988,0,1,28.336182,-14.905542,27.079699,-13.545621,-5.022898,-0.365233,5.036159,-1.877472,0.077156,1.879056,-3.069007,1.851522,51.42284
10,154,1786548029.02805,0,1,28.134871,-14.91443,27.00462,-13.542085,-5.032763,-0.222187,5.037665,-1.876975,0.08841,1.879056,-3.097473,1.777863,53.053288
10,155,1786548029.06798,0,1,27.933456,-14.923263,26.929553,-13.538307,-5.035389,-0.220842,5.04023,-1.876682,0.094443,1.879056,-3.097763,1.710533,56.574315
10,156,1786548029.10795,0,1,27.731694,-14.926361,26.854496,-13.53434,-5.044038,-0.077434,5.044633,-1.876437,0.099189,1.879056,-3.126242,1.645357,58.661934
10,157,1786548029.14798,0,1,27.529702,-14.924298,26.779445,-13.530251,-5.0498,0.051569,5.050064,-1.876274,0.102213,1.879056,3.131381,1.583115,61.126358
10,158,1786548029.18799,0,1,27.327457,-14.921709,26.704393,-13.52618,-5.056133,0.06473,5.056547,-1.876298,0.101775,1.879056,3.128791,1.528303,65.207097
10,159,1786548029.22798,0,1,27.125083,-14.912868,26.629338,-13.522165,-5.059351,0.221027,5.064177,-1.876373,0.100392,1.879056,3.097934,1.476421,67.878851
10,160,1786548029.26801,0,1,26.9224,-14.903479,26.554275,-13.518291,-5.067083,0.234723,5.072517,-1.876559,0.096845,1.879056,3.095303,1.433269,72.464998
10,161,1786548029.30796,0,1,26.719746,-14.887801,26.479205,-13.51458,-5.066345,0.391934,5.081483,-1.876766,0.092756,1.879056,3.064386,1.394129,75.640933
10,162,1786548029.348,0,1,26.516762,-14.871551,26.404124,-13.511074,-5.074594,0.406264,5.09083,-1.87701,0.087662,1.879056,3.061705,1.365132,80.68987
10,163,1786548029.38799,0,1,26.313384,-14.855469,26.329034,-13.50779,-5.084454,0.402042,5.100324,-1.877262,0.082108,1.879056,3.062684,1.34777,86.144184
10,164,1786548029.42782,0,1,26.110136,-14.833869,26.253934,-13.504722,-5.081189,0.540005,5.109803,-1.877491,0.07668,1.879056,3.035715,1.336902,90.108353
10,165,1786548029.46797,0,1,25.906489,-14.812475,26.178826,-13.501868,-5.091193,0.53484,5.119209,-1.877701,0.071356,1.879056,3.036925,1.338603,95.741679
10,166,1786548029.50794,0,1,25.702366,-14.792118,26.103711,-13.499216,-5.103055,0.50894,5.128371,-1.877887,0.066294,1.879056,3.042189,1.353762,101.550053
10,167,1786548029.54794,0,1,25.498174,-14.769062,26.028589,-13.496753,-5.104804,0.576402,5.137243,-1.878047,0.061588,1.879056,3.029155,1.378444,106.188648
10,168,1786548029.58794,0,1,25.293468,-14.747552,25.953461,-13.494464,-5.117664,0.537749,5.145839,-1.878185,0.057235,1.879056,3.0369,1.41627,111.777039
10,169,1786548029.62802,0,1,25.088646,-14.724061,25.878329,-13.492334,-5.120541,0.587266,5.154108,-1.878302,0.053244,1.879056,3.027403,1.463131,116.122119
10,170,1786548029.66793,0,1,24.883272,-14.702692,25.803193,-13.49035,-5.134357,0.534238,5.162076,-1.878402,0.049594,1.879056,3.037914,1.52185,121.250791
10,171,1786548029.70796,0,1,24.678003,-14.677668,25.728054,-13.488499,-5.131731,0.625599,5.169723,-1.878487,0.046269,1.879056,3.020283,1.58642,124.494415
10,172,1786548029.74793,0,1,24.472189,-14.654769,25.652911,-13.48677,-5.145334,0.572463,5.177081,-1.878559,0.043245,1.879056,3.03079,1.660821,128.961819
10,173,1786548029.7879,0,1,24.266141,-14.631436,25.577766,-13.485163,-5.1512,0.583328,5.184123,-1.878627,0.040154,1.879056,3.028832,1.741925,132.387997
10,174,1786548029.82792,0,1,24.059982,-14.606703,25.502619,-13.483683,-5.153969,0.618331,5.190928,-1.878692,0.037002,1.879056,3.022191,1.828215,135.259863
10,175,1786548029.86786,0,1,23.853379,-14.583518,25.427469,-13.482331,-5.165084,0.579618,5.197505,-1.878752,0.033796,1.879056,3.029842,1.921033,138.621639
10,176,1786548029.90796,0,1,23.646931,-14.556924,25.352316,-13.48111,-5.161208,0.664839,5.203853,-1.878808,0.030541,1.879056,3.013484,2.016362,140.414777
10,177,1786548029.94787,0,1,23.439939,-14.532741,25.277162,-13.48002,-5.174793,0.604583,5.209991,-1.878859,0.027241,1.879056,3.025288,2.117453,143.523688
10,178,1786548029.98791,0,1,23.233136,-14.505142,25.202006,-13.479064,-5.170067,0.689985,5.215906,-1.878904,0.023902,1.879056,3.008919,2.220199,144.872058
10,179,1786548030.02785,0,1,23.025946,-14.478743,25.126848,-13.478243,-5.179748,0.659962,5.221622,-1.878944,0.020528,1.879056,3.014864,2.32697,147.274036
10,180,1786548030.06785,0,1,22.819044,-14.44861,25.051689,-13.477558,-5.172562,0.753338,5.227133,-1.878978,0.017122,1.879056,2.996968,2.434675,148.207808
10,181,1786548030.10785,0,1,22.611631,-14.420578,24.976529,-13.477011,-5.185327,0.700783,5.232467,-1.879007,0.013687,1.879056,3.007259,2.546186,150.55182
10,182,1786548030.14785,0,1,22.40455,-14.388806,24.901367,-13.476601,-5.177018,0.7943,5.237598,-1.879029,0.010228,1.879056,2.989352,2.658235,151.207614
10,183,1786548030.18791,0,1,22.196957,-14.359138,24.826206,-13.476332,-5.189832,0.741702,5.242564,-1.879044,0.006748,1.879056,2.999639,2.773499,153.306489
10,184,1786548030.22785,0,1,21.98974,-14.325725,24.751043,-13.476202,-5.180422,0.835334,5.247338,-1.879054,0.003249,1.879056,2.981721,2.889029,153.73933
10,185,1786548030.26792,0,1,21.782008,-14.294417,24.675881,-13.476212,-5.193306,0.782701,5.251957,-1.879056,-0.000265,1.879056,2.992005,3.007318,155.641703
10,186,1786548030.30791,0,1,21.574695,-14.25936,24.600719,-13.476364,-5.182813,0.876424,5.256393,-1.879053,-0.003792,1.879056,2.974075,3.125685,155.894641
10,187,1786548030.34789,0,1,21.366864,-14.226409,24.525557,-13.476657,-5.195787,0.823763,5.260683,-1.879042,-0.007329,1.879056,2.984357,3.246456,157.638347
10,188,1786548030.38786,0,1,21.159495,-14.189707,24.450396,-13.477092,-5.184227,0.917552,5.264799,-1.879025,-0.010874,1.879056,2.966418,3.367173,157.744959
10,189,1786548030.42785,0,1,20.951602,-14.155113,24.375236,-13.477669,-5.197308,0.86487,5.268777,-1.879001,-0.014424,1.879056,2.976696,3.490014,159.359448
10,190,1786548030.46793,0,1,20.744214,-14.116764,24.300078,-13.478388,-5.184696,0.958703,5.272588,-1.87897,-0.017977,1.879056,2.958748,3.612712,159.345994
10,191,1786548030.50787,0,1,20.536834,-14.077578,24.22492,-13.479249,-5.18452,0.979668,5.276267,-1.878933,-0.021531,1.879056,2.954834,3.736306,160.08457
10,192,1786548030.54792,0,1,20.329885,-14.035453,24.149765,-13.480253,-5.173715,1.053114,5.279808,-1.878889,-0.025083,1.879056,2.940785,3.860017,160.224832
10,193,1786548030.5879,0,1,20.122449,-13.995076,24.074611,-13.481398,-5.18591,1.009425,5.283238,-1.878838,-0.028632,1.879056,2.949349,3.985405,161.579798
10,194,1786548030.62786,0,1,19.915719,-13.950596,23.99946,-13.482685,-5.168234,1.112005,5.286511,-1.878781,-0.032174,1.879056,2.929662,4.11046,161.320887
10,195,1786548030.66781,0,1,19.708493,-13.907861,23.924311,-13.484113,-5.180669,1.068369,5.289683,-1.878717,-0.03571,1.879056,2.938222,4.237061,162.607952
10,196,1786548030.70777,0,1,19.50203,-13.861027,23.849165,-13.485683,-5.161565,1.170861,5.292699,-1.878647,-0.039235,1.879056,2.918525,4.363309,162.284345
10,197,1786548030.74776,0,1,19.29506,-13.815936,23.774023,-13.487393,-5.17424,1.12728,5.295614,-1.87857,-0.042749,1.879056,2.927081,4.490996,163.514096
10,198,1786548030.78783,0,1,19.091754,-13.767428,23.698883,-13.489228,-5.082652,1.212698,5.225321,-1.878496,-0.045892,1.879056,2.907376,4.61552,163.124789
10,199,1786548030.82777,0,1,18.892379,-13.714811,23.623746,-13.491176,-4.98439,1.315428,5.155045,-1.878425,-0.048691,1.879056,2.883566,4.736649,162.510018
10,200,1786548030.86777,0,1,18.69724,-13.65746,23.548611,-13.493223,-4.878474,1.433766,5.0848,-1.878359,-0.051173,1.879056,2.855745,4.854151,161.683192
10,201,1786548030.90777,0,1,18.506687,-13.594822,23.473479,-13.495357,-4.763829,1.565948,5.014604,-1.878299,-0.053358,1.879056,2.824003,4.967789,160.656218
10,202,1786548030.94777,0,1,18.321114,-13.526417,23.39835,-13.497568,-4.639321,1.710134,4.944478,-1.878243,-0.05527,1.879056,2.78843,5.077318,159.439696
10,203,1786548030.98787,0,1,18.140039,-13.454113,23.323222,-13.499845,-4.526867,1.807595,4.874415,-1.878194,-0.056928,1.879056,2.761687,5.183385,158.73851
10,204,1786548031.02785,0,1,17.963404,-13.378399,23.248096,-13.502179,-4.415878,1.892851,4.804463,-1.87815,-0.05835,1.879056,2.736637,5.286141,158.139531
10,205,1786548031.0678,0,1,17.791262,-13.299444,23.172971,-13.504561,-4.303559,1.973878,4.73464,-1.878112,-0.059553,1.879056,2.711559,5.385617,157.543593
10,206,1786548031.10784,0,1,17.623659,-13.217417,23.097848,-13.506983,-4.19006,2.050667,4.664958,-1.878081,-0.060552,1.879056,2.686451,5.481842,156.950229
10,207,1786548031.14784,0,1,17.460638,-13.132488,23.022726,-13.509438,-4.075528,2.123219,4.595432,-1.878054,-0.061362,1.879056,2.661312,5.574846,156.359008
10,208,1786548031.1878,0,1,17.302234,-13.044827,22.947605,-13.511917,-3.960113,2.191538,4.526073,-1.878033,-0.061996,1.879056,2.636141,5.664661,155.76954
10,209,1786548031.22784,0,1,17.148475,-12.954601,22.872484,-13.514416,-3.843962,2.255633,4.456896,-1.878018,-0.062468,1.879056,2.610936,5.751319,155.181468
10,210,1786548031.26783,0,1,16.999386,-12.861981,22.797364,-13.516928,-3.727221,2.315519,4.387916,-1.878007,-0.062787,1.879056,2.585698,5.834852,154.594462
10,211,1786548031.30793,0,1,16.854985,-12.767132,22.722244,-13.519446,-3.610036,2.371217,4.319147,-1.878001,-0.062965,1.879056,2.560424,5.915294,154.008217
10,212,1786548031.34784,0,1,16.715283,-12.670222,22.647124,-13.521967,-3.49255,2.422752,4.250604,-1.878,-0.063012,1.879056,2.535113,5.992679,153.422451
10,213,1786548031.38784,0,1,16.580287,-12.571416,22.572004,-13.524484,-3.374905,2.470157,4.182303,-1.878002,-0.062936,1.879056,2.509764,6.067043,152.836898
10,214,1786548031.42785,0,1,16.449997,-12.470877,22.496883,-13.526994,-3.257242,2.513466,4.11426,-1.878008,-0.062747,1.879056,2.484376,6.138421,152.25131
10,215,1786548031.46791,0,1,16.324409,-12.368768,22.421763,-13.529492,-3.139701,2.552722,4.046494,-1.878018,-0.062451,1.879056,2.458947,6.206851,151.665453
10,216,1786548031.50784,0,1,16.203512,-12.265249,22.346646,-13.531974,-3.022416,2.587972,3.97902,-1.877919,-0.062054,1.878944,2.433476,6.272375,151.079094
10,217,1786548031.54784,0,1,16.087291,-12.160479,22.27154,-13.534437,-2.905524,2.619267,3.911858,-1.877653,-0.061558,1.878661,2.407961,6.335037,150.492005
11,0,1786548035.02961,0,1,53.28,-13.199968,37.597264,-13.400033,-0.499999,0.000796,0.5,-0.068396,-0.000831,0.068401,3.14,15.684012,0.822137
11,0,1786548035.06959,0,1,53.28,-13.199968,37.591393,-13.4001,-0.499999,0.000796,0.5,-0.146791,-0.001671,0.146801,3.14,15.689884,0.822107
11,1,1786548035.10962,0,1,53.257178,-13.200341,37.582385,-13.400201,-0.570557,-0.00933,0.570633,-0.225186,-0.002521,0.225201,-3.125242,15.676067,0.206337
11,2,1786548035.14958,0,1,53.231529,-13.200646,37.570262,-13.400336,-0.641223,-0.007628,0.641269,-0.303085,-0.003376,0.303104,-3.129698,15.66254,0.048976
11,3,1786548035.18956,0,1,53.203054,-13.200961,37.555275,-13.400503,-0.71186,-0.007873,0.711904,-0.374677,-0.004173,0.374701,-3.130533,15.649052,0.096942
11,4,1786548035.22969,0,1,53.171754,-13.201278,37.537656,-13.4007,-0.7825,-0.007909,0.78254,-0.440467,-0.004915,0.440494,-3.131486,15.63537,0.151709
11,5,1786548035.2697,0,1,53.137629,-13.2016,37.517619,-13.400924,-0.853138,-0.008061,0.853176,-0.500918,-0.005608,0.500949,-3.132144,15.621281,0.189715
11,6,1786548035.3097,0,1,53.100678,-13.201931,37.495361,-13.401174,-0.923775,-0.008272,0.923812,-0.556458,-0.006254,0.556493,-3.132638,15.606589,0.218425
11,7,1786548035.3496,0,1,53.060901,-13.202273,37.471062,-13.401448,-0.994411,-0.008545,0.994448,-0.607479,-0.006859,0.607518,-3.133,15.591112,0.239652
11,8,1786548035.38965,0,1,53.0183,-13.202628,37.444888,-13.401745,-1.065048,-0.008873,1.065085,-0.654344,-0.007425,0.654386,-3.133262,15.574684,0.255196
11,9,1786548035.42963,0,1,52.972872,-13.202998,37.416993,-13.402064,-1.135684,-0.009254,1.135721,-0.697384,-0.007955,0.697429,-3.133444,15.557153,0.266306
11,10,1786548035.46961,0,1,52.924619,-13.203385,37.387516,-13.402402,-1.206319,-0.009684,1.206358,-0.736906,-0.008453,0.736955,-3.133565,15.538378,0.273933
11,11,1786548035.50961,0,1,52.873541,-13.203792,37.356589,-13.402758,-1.276955,-0.010159,1.276995,-0.773191,-0.00892,0.773243,-3.133637,15.518228,0.278801
11,12,1786548035.54961,0,1,52.819638,-13.204219,37.324329,-13.403133,-1.34759,-0.010678,1.347633,-0.806498,-0.009359,0.806553,-3.133669,15.496586,0.281475
11,13,1786548035.58962,0,1,52.762909,-13.204668,37.290846,-13.403524,-1.418226,-0.011237,1.41827,-0.837066,-0.009773,0.837123,-3.13367,15.47334,0.282397
11,14,1786548035.62962,0,1,52.703354,-13.205142,37.256242,-13.40393,-1.488861,-0.011833,1.488908,-0.865113,-0.010163,0.865172,-3.133645,15.448392,0.281921
11,15,1786548035.66961,0,1,52.640974,-13.20564,37.220608,-13.404352,-1.559496,-0.012465,1.559546,-0.890841,-0.010532,0.890903,-3.1336,15.421647,0.280332
11,16,1786548035.70962,0,1,52.575769,-13.206165,37.184031,-13.404787,-1.630131,-0.01313,1.630184,-0.914435,-0.01088,0.9145,-3.133539,15.39302,0.27786
11,17,1786548035.74961,0,1,52.507738,-13.206718,37.146588,-13.405235,-1.700765,-0.013825,1.700822,-0.936067,-0.01121,0.936134,-3.133464,15.362433,0.274696
11,18,1786548035.78962,0,1,52.436882,-13.2073,37.108352,-13.405696,-1.7714,-0.014548,1.77146,-0.955893,-0.011523,0.955963,-3.13338,15.329814,0.270996
11,19,1786548035.82962,0,1,52.363201,-13.207912,37.06939,-13.406169,-1.842035,-0.015297,1.842098,-0.974058,-0.011821,0.97413,-3.133288,15.295096,0.266888
11,20,1786548035.86962,0,1,52.286694,-13.208555,37.029762,-13.406653,-1.912669,-0.016071,1.912737,-0.990695,-0.012104,0.990769,-3.13319,15.258218,0.262482
11,21,1786548035.90958,0,1,52.207362,-13.20923,36.989525,-13.407148,-1.983303,-0.016867,1.983375,-1.005925,-0.012373,1.006002,-3.133088,15.219124,0.257867
11,22,1786548035.94966,0,1,52.125205,-13.209937,36.948731,-13.407653,-2.053938,-0.017683,2.054014,-1.019862,-0.012631,1.019941,-3.132983,15.177762,0.253119
11,23,1786548035.98964,0,1,52.040222,-13.210678,36.907421,-13.40816,-2.124572,-0.018518,2.124653,-1.032738,-0.012656,1.032816,-3.132877,15.134089,0.248271
11,24,1786548036.02961,0,1,51.952413,-13.211437,36.865636,-13.408658,-2.19521,-0.018977,2.195292,-1.044638,-0.012468,1.044712,-3.132948,15.088067,0.25366
11,25,1786548036.06969,0,1,51.86178,-13.212216,36.82341,-13.409142,-2.265847,-0.019482,2.265931,-1.055639,-0.012084,1.055708,-3.132995,15.039659,0.257622
11,26,1786548036.10971,0,1,51.76832,-13.213014,36.780777,-13.409602,-2.336485,-0.019942,2.33657,-1.065814,-0.011518,1.065876,-3.133058,14.988832,0.262489
11,27,1786548036.14963,0,1,51.672035,-13.213829,36.737768,-13.410034,-2.407124,-0.02037,2.40721,-1.075228,-0.010787,1.075282,-3.133131,14.935556,0.267861
11,28,1786548036.1896,0,1,51.572925,-13.214659,36.694411,-13.41043,-2.477763,-0.020757,2.47785,-1.083943,-0.009904,1.083989,-3.133215,14.879802,0.273873
11,29,1786548036.22962,0,1,51.470989,-13.215503,36.65073,-13.410785,-2.548402,-0.0211,2.54849,-1.092015,-0.00888,1.092051,-3.133313,14.821545,0.28054
11,30,1786548036.2696,0,1,51.366227,-13.216359,36.60675,-13.411094,-2.619042,-0.021394,2.61913,-1.099495,-0.007728,1.099522,-3.133424,14.760761,0.287897
11,31,1786548036.30962,0,1,51.25864,-13.217224,36.562493,-13.411353,-2.689683,-0.021634,2.68977,-1.10643,-0.006458,1.106448,-3.13355,14.697429,0.295968
11,32,1786548036.34959,0,1,51.148287,-13.218096,36.517978,-13.411556,-2.758807,-0.021804,2.758893,-1.112864,-0.005079,1.112875,-3.133689,14.631588,0.304772
11,33,1786548036.3896,0,1,51.035258,-13.218972,36.473225,-13.4117,-2.825726,-0.021895,2.825811,-1.118836,-0.003601,1.118842,-3.133844,14.563309,0.314323
11,34,1786548036.42969,0,1,50.919638,-13.219848,36.42825,-13.411781,-2.8905,-0.021905,2.890583,-1.124385,-0.002031,1.124387,-3.134015,14.49266,0.32463
11,35,1786548036.46968,0,1,50.801511,-13.220721,36.383068,-13.411796,-2.953185,-0.021831,2.953266,-1.129544,-0.000379,1.129544,-3.1342,14.419709,0.335694
11,36,1786548036.50968,0,1,50.680957,-13.221588,36.337694,-13.411742,-3.013839,-0.021674,3.013916,-1.134343,0.001351,1.134344,-3.134401,14.344524,0.347509
11,37,1786548036.54968,0,1,50.558057,-13.222446,36.292142,-13.411616,-3.072514,-0.021432,3.072589,-1.138813,0.00315,1.138817,-3.134617,14.267169,0.360064
11,38,1786548036.58962,0,1,50.432886,-13.22329,36.246422,-13.411416,-3.129266,-0.021104,3.129337,-1.142978,0.005012,1.142989,-3.134849,14.187711,0.373342
11,39,1786548036.62962,0,1,50.30552,-13.224118,36.200548,-13.411138,-3.184145,-0.020692,3.184212,-1.146864,0.006934,1.146885,-3.135094,14.106212,0.387321
11,40,1786548036.66962,0,1,50.176032,-13.224925,36.154528,-13.410782,-3.237201,-0.020196,3.237264,-1.150493,0.008908,1.150527,-3.135354,14.022736,0.401976
11,41,1786548036.70968,0,1,50.044493,-13.22571,36.108373,-13.410345,-3.288484,-0.019616,3.288542,-1.153885,0.010931,1.153937,-3.135628,13.937343,0.417278
11,42,1786548036.74962,0,1,49.910971,-13.226468,36.06209,-13.409825,-3.33804,-0.018955,3.338094,-1.157059,0.012998,1.157132,-3.135914,13.850095,0.433196
11,43,1786548036.78969,0,1,49.775535,-13.227197,36.015689,-13.409221,-3.385917,-0.018214,3.385966,-1.160033,0.015105,1.160132,-3.136213,13.761049,0.449696
11,44,1786548036.82966,0,1,49.638248,-13.227893,35.969176,-13.408531,-3.432159,-0.017395,3.432204,-1.162823,0.017249,1.162951,-3.136524,13.670266,0.46674
11,45,1786548036.86968,0,1,49.499176,-13.228553,35.922558,-13.407754,-3.476811,-0.016501,3.47685,-1.165444,0.019426,1.165605,-3.136847,13.5778,0.484292
11,46,1786548036.90962,0,1,49.358379,-13.229174,35.875842,-13.406888,-3.519914,-0.015535,3.519948,-1.167908,0.021632,1.168108,-3.137179,13.483708,0.50231
11,47,1786548036.94963,0,1,49.215919,-13.229754,35.829033,-13.405934,-3.561511,-0.014499,3.56154,-1.170229,0.023866,1.170472,-3.137522,13.388045,0.520755
11,48,1786548036.98963,0,1,49.071853,-13.23029,35.782135,-13.404901,-3.601641,-0.013397,3.601666,-1.172449,0.025815,1.172733,-3.137873,13.290865,0.539638
11,49,1786548037.02968,0,1,48.92623,-13.230264,35.735152,-13.403801,-3.640585,0.000641,3.640585,-1.174576,0.027503,1.174898,3.141417,13.192219,0.763799
11,50,1786548037.06961,0,1,48.779097,-13.229839,35.688087,-13.402643,-3.678316,0.010634,3.678331,-1.176618,0.02895,1.176975,3.138702,13.09215,0.92191
11,51,1786548037.10962,0,1,48.630503,-13.228864,35.640944,-13.401436,-3.714859,0.024365,3.714939,-1.178582,0.030175,1.178968,3.135034,12.990705,1.136945
11,52,1786548037.14963,0,1,48.480493,-13.227343,35.593725,-13.400188,-3.75025,0.038022,3.750443,-1.180474,0.031196,1.180886,3.131454,12.887927,1.349312
11,53,1786548037.18957,0,1,48.329113,-13.225208,35.546433,-13.398907,-3.784498,0.053392,3.784875,-1.182299,0.032027,1.182733,3.127485,12.78386,1.586811
11,54,1786548037.22958,0,1,48.176407,-13.222429,35.49907,-13.3976,-3.817636,0.069463,3.818268,-1.184063,0.032685,1.184514,3.123399,12.678547,1.834043
11,55,1786548037.26958,0,1,48.02242,-13.218963,35.45164,-13.396272,-3.849679,0.086664,3.850654,-1.185771,0.033183,1.186235,3.119084,12.572031,2.097729
11,56,1786548037.30968,0,1,47.867194,-13.214776,35.404143,-13.394931,-3.880653,0.104655,3.882064,-1.187427,0.033534,1.187901,3.114631,12.464354,2.372955
11,57,1786548037.34975,0,1,47.710771,-13.209836,35.356581,-13.393581,-3.910578,0.123517,3.912528,-1.189036,0.033748,1.189515,3.110018,12.355556,2.661212
11,58,1786548037.38973,0,1,47.553192,-13.204112,35.308957,-13.392228,-3.939479,0.143094,3.942077,-1.190601,0.033838,1.191081,3.105286,12.24568,2.960442
11,59,1786548037.42975,0,1,47.394497,-13.197577,35.261272,-13.390875,-3.967375,0.163369,3.970737,-1.192125,0.033812,1.192605,3.100438,12.134764,3.270725
11,60,1786548037.46997,0,1,47.234725,-13.190207,35.213528,-13.389528,-3.99429,0.184245,3.998538,-1.193613,0.033681,1.194088,3.095498,12.02285,3.590929
11,61,1786548037.50991,0,1,47.073916,-13.181965,35.165725,-13.38819,-4.020221,0.20607,4.025499,-1.195066,0.033452,1.195534,3.090379,11.909977,3.926465
11,62,1786548037.54972,0,1,46.912107,-13.172851,35.117865,-13.386864,-4.045241,0.227836,4.051652,-1.196488,0.033133,1.196947,3.08533,11.796183,4.263157
11,63,1786548037.58997,0,1,46.749334,-13.162834,35.06995,-13.385555,-4.069324,0.250425,4.077023,-1.197881,0.032731,1.198328,3.08013,11.681507,4.613999
11,64,1786548037.62987,0,1,46.585633,-13.151909,35.02198,-13.384265,-4.092531,0.273117,4.101634,-1.199248,0.032254,1.199682,3.074956,11.565986,4.969129
11,65,1786548037.66988,0,1,46.421038,-13.140056,34.973957,-13.382997,-4.114853,0.296344,4.12551,-1.20059,0.031707,1.201009,3.069699,11.449659,5.335027
11,66,1786548037.70985,0,1,46.255585,-13.127268,34.92588,-13.381753,-4.136338,0.319691,4.148674,-1.20191,0.031095,1.202312,3.064458,11.332562,5.706258
11,67,1786548037.74977,0,1,46.089305,-13.113532,34.877752,-13.380536,-4.156986,0.343395,4.171146,-1.203209,0.030425,1.203594,3.059173,11.214732,6.086532
11,68,1786548037.78995,0,1,45.922232,-13.098845,34.829619,-13.379349,-4.176839,0.367184,4.192947,-1.20332,0.029672,1.203685,3.053909,11.096159,6.472483
11,69,1786548037.82992,0,1,45.754396,-13.083197,34.781485,-13.378194,-4.195901,0.391208,4.214099,-1.203339,0.028868,1.203685,3.048626,10.976875,6.86659
11,70,1786548037.86988,0,1,45.585827,-13.066586,34.733351,-13.377074,-4.214209,0.415273,4.23462,-1.203359,0.02802,1.203685,3.043369,10.856917,7.266601
11,71,1786548037.9098,0,1,45.416557,-13.049006,34.685216,-13.375988,-4.23177,0.43948,4.254529,-1.20338,0.027131,1.203685,3.038111,10.736321,7.674313
11,72,1786548037.94983,0,1,45.246612,-13.030459,34.63708,-13.37494,-4.248618,0.463674,4.273845,-1.2034,0.026206,1.203685,3.032888,10.615123,8.088027
11,73,1786548037.98976,0,1,45.076022,-13.010942,34.588943,-13.373931,-4.26476,0.487945,4.292583,-1.203421,0.025238,1.203685,3.027675,10.493359,8.509396
11,74,1786548038.02968,0,1,44.904521,-12.993078,34.540805,-13.372961,-4.287521,0.4466,4.310718,-1.203442,0.02423,1.203685,3.037804,10.370675,8.045882
11,75,1786548038.06974,0,1,44.732284,-12.975521,34.492667,-13.372034,-4.305924,0.438908,4.328236,-1.203462,0.023187,1.203685,3.040012,10.247291,8.037706
11,76,1786548038.10971,0,1,44.559215,-12.959527,34.444528,-13.371149,-4.326726,0.399865,4.345164,-1.203482,0.022111,1.203685,3.049437,10.123059,7.610531
11,77,1786548038.14967,0,1,44.385453,-12.943923,34.396388,-13.370309,-4.34404,0.390091,4.361519,-1.203502,0.021005,1.203685,3.052034,9.998162,7.575546
11,78,1786548038.18981,0,1,44.21089,-12.930316,34.348247,-13.369514,-4.364086,0.34018,4.377324,-1.203521,0.019872,1.203685,3.0638,9.872417,7.006969
11,79,1786548038.22982,0,1,44.035697,-12.916926,34.300105,-13.368766,-4.379827,0.334746,4.392601,-1.20354,0.018713,1.203685,3.065312,9.746071,7.027817
11,80,1786548038.26973,0,1,43.859731,-12.906165,34.251963,-13.368065,-4.39915,0.269024,4.407368,-1.203558,0.017531,1.203685,3.080515,9.618864,6.251899
11,81,1786548038.30975,0,1,43.683218,-12.894989,34.20382,-13.367411,-4.412818,0.279409,4.421655,-1.203575,0.016329,1.203685,3.078359,9.491163,6.476069
11,82,1786548038.34971,0,1,43.505967,-12.887284,34.155676,-13.366807,-4.431282,0.192623,4.435466,-1.203591,0.015107,1.203685,3.098151,9.362578,5.424818
11,83,1786548038.38979,0,1,43.328238,-12.878329,34.107532,-13.366252,-4.443205,0.223878,4.448841,-1.203606,0.013868,1.203685,3.091249,9.233607,5.913542
11,84,1786548038.42975,0,1,43.14985,-12.872921,34.059387,-13.365748,-4.459716,0.135195,4.461765,-1.203619,0.012613,1.203685,3.111287,9.103812,4.839548
11,85,1786548038.46969,0,1,42.970964,-12.867398,34.011242,-13.365294,-4.472151,0.138081,4.474282,-1.203632,0.011344,1.203685,3.110727,8.973545,4.94918
11,86,1786548038.50973,0,1,42.791516,-12.865729,33.963096,-13.364892,-4.486191,0.041726,4.486385,-1.203643,0.010062,1.203685,3.132292,8.84252,3.768979
11,87,1786548038.54972,0,1,42.611612,-12.862985,33.91495,-13.364541,-4.497593,0.068598,4.498116,-1.203654,0.008768,1.203685,3.126342,8.711113,4.174538
11,88,1786548038.58981,0,1,42.431239,-12.864152,33.866804,-13.364242,-4.509338,-0.029177,4.509433,-1.203662,0.007464,1.203685,-3.135122,8.579023,2.971075
11,89,1786548038.6297,0,1,42.250423,-12.864252,33.818657,-13.363996,-4.520394,-0.002492,4.520394,-1.20367,0.00615,1.203685,-3.141041,8.446563,3.360328
11,90,1786548038.66974,0,1,42.069223,-12.867942,33.77051,-13.363803,-4.530001,-0.092271,4.530941,-1.203676,0.004827,1.203685,-3.121227,8.313514,2.252552
11,91,1786548038.70967,0,1,41.887595,-12.87049,33.722363,-13.363664,-4.540689,-0.063693,4.541136,-1.20368,0.003497,1.203685,-3.127566,8.180113,2.652774
11,92,1786548038.74968,0,1,41.705662,-12.876597,33.674215,-13.363577,-4.548339,-0.152685,4.550901,-1.203684,0.002159,1.203685,-3.108036,8.046197,1.547164
11,93,1786548038.78973,0,1,41.523315,-12.881489,33.626068,-13.363544,-4.558674,-0.122293,4.560314,-1.203685,0.000816,1.203685,-3.114773,7.911946,1.956386
11,94,1786548038.8297,0,1,41.340706,-12.889181,33.57792,-13.363566,-4.565213,-0.1923,4.569261,-1.203685,-0.000532,1.203685,-3.099495,7.777267,1.08496
11,95,1786548038.86972,0,1,41.1577,-12.895417,33.529773,-13.363641,-4.575169,-0.1559,4.577825,-1.203684,-0.001885,1.203685,-3.107531,7.642284,1.560957
11,96,1786548038.90981,0,1,40.97453,-12.905268,33.481626,-13.363771,-4.579249,-0.246263,4.585866,-1.203681,-0.003243,1.203685,-3.087866,7.506919,0.423366
11,97,1786548038.94984,0,1,40.79135,-12.91942,33.433479,-13.363955,-4.579493,-0.353796,4.59314,-1.203677,-0.004604,1.203685,-3.064489,7.371288,0.960298
11,98,1786548038.98973,0,1,40.608353,-12.938561,33.385332,-13.364193,-4.574933,-0.478543,4.599893,-1.203671,-0.005956,1.203685,-3.03737,7.235551,2.599115
11,99,1786548039.02969,0,1,40.425786,-12.96338,33.337185,-13.364485,-4.56417,-0.620463,4.60615,-1.203663,-0.0073,1.203685,-3.006479,7.09994,4.502853
11,100,1786548039.06967,0,1,40.243323,-12.990587,33.289039,-13.364831,-4.56158,-0.680169,4.612011,-1.203654,-0.008636,1.203685,-2.993575,6.964346,5.400395
11,101,1786548039.10967,0,1,40.060694,-13.018124,33.240893,-13.365229,-4.565716,-0.688433,4.617326,-1.203644,-0.009966,1.203685,-2.991937,6.828628,5.660985
11,102,1786548039.14976,0,1,39.877829,-13.04532,33.192748,-13.365681,-4.571625,-0.679904,4.621907,-1.203633,-0.011289,1.203685,-2.993952,6.692753,5.71556
11,103,1786548039.18964,0,1,39.695579,-13.077253,33.144605,-13.366185,-4.556254,-0.798327,4.625665,-1.203574,-0.012605,1.20364,-2.968138,6.557342,7.412834
11,104,1786548039.22969,0,1,39.513132,-13.108845,33.096469,-13.366742,-4.561164,-0.789802,4.629039,-1.203406,-0.013914,1.203487,-2.970135,6.421844,7.522241
11,105,1786548039.26966,0,1,39.330412,-13.139418,33.048343,-13.36735,-4.568006,-0.764329,4.631509,-1.203139,-0.015217,1.203235,-2.975806,6.286202,7.420923
11,106,1786548039.3097,0,1,39.148355,-13.174032,33.000232,-13.368011,-4.551418,-0.865337,4.632948,-1.20278,-0.016513,1.202894,-2.95371,6.151183,8.957726
11,107,1786548039.34965,0,1,38.966064,-13.207621,32.952139,-13.368723,-4.55729,-0.839727,4.634008,-1.202337,-0.017803,1.202469,-2.959376,6.016083,8.905742
11,108,1786548039.38966,0,1,38.783468,-13.239503,32.904066,-13.369486,-4.564891,-0.797043,4.633952,-1.201816,-0.019086,1.201968,-2.968732,5.880839,8.637657
11,109,1786548039.42966,0,1,38.601542,-13.274723,32.856017,-13.370301,-4.54815,-0.8805,4.632596,-1.201224,-0.020364,1.201397,-2.950363,5.74632,10.00361
11,110,1786548039.46966,0,1,38.419365,-13.308226,32.807994,-13.371166,-4.554438,-0.837584,4.630816,-1.200566,-0.021635,1.200761,-2.95972,5.611723,9.777911
11,111,1786548039.5098,0,1,38.237959,-13.345044,32.76,-13.372082,-4.535145,-0.920443,4.627608,-1.199848,-0.022901,1.200066,-2.941355,5.478025,11.189984
11,112,1786548039.54974,0,1,38.057548,-13.385828,32.712037,-13.373049,-4.510274,-1.019602,4.624085,-1.199074,-0.024161,1.199317,-2.919267,5.345526,12.875264
11,113,1786548039.58971,0,1,37.877046,-13.425557,32.664108,-13.374065,-4.512556,-0.99322,4.620568,-1.198249,-0.025415,1.198518,-2.924946,5.213192,12.978883
11,114,1786548039.62973,0,1,37.696367,-13.463554,32.616212,-13.375132,-4.516956,-0.949934,4.615763,-1.197376,-0.026664,1.197673,-2.934309,5.080924,12.873611
11,115,1786548039.66974,0,1,37.516664,-13.504802,32.568354,-13.376248,-4.492582,-1.031209,4.609413,-1.196461,-0.027908,1.196786,-2.915965,4.94998,14.415689
11,116,1786548039.70971,0,1,37.33683,-13.544311,32.520534,-13.377414,-4.495858,-0.987709,4.603076,-1.195505,-0.029146,1.195861,-2.925335,4.819187,14.375294
11,117,1786548039.7496,0,1,37.158057,-13.587035,32.472753,-13.378629,-4.469308,-1.068096,4.595165,-1.194513,-0.030379,1.1949,-2.907008,4.689937,15.98758
11,118,1786548039.78964,0,1,36.979193,-13.628011,32.425014,-13.379894,-4.471609,-1.024412,4.587451,-1.193488,-0.031607,1.193906,-2.916386,4.560933,16.021837
11,119,1786548039.82963,0,1,36.801468,-13.672165,32.377317,-13.381207,-4.443113,-1.103857,4.578182,-1.192431,-0.03283,1.192883,-2.898081,4.433709,17.714897
11,120,1786548039.86974,0,1,36.623682,-13.714567,32.329663,-13.382569,-4.444652,-1.060039,4.569312,-1.191346,-0.034047,1.191832,-2.907469,4.306835,17.835422
11,121,1786548039.9098,0,1,36.447102,-13.760108,32.282053,-13.383979,-4.414504,-1.138522,4.558956,-1.190235,-0.03526,1.190757,-2.889188,4.181998,19.62187
11,122,1786548039.94978,0,1,36.27048,-13.803893,32.234489,-13.385438,-4.415557,-1.094637,4.549217,-1.189099,-0.036467,1.189658,-2.898587,4.057626,19.842529
11,123,1786548039.98975,0,1,36.095115,-13.850781,32.186962,-13.386933,-4.38412,-1.172181,4.538118,-1.188176,-0.037371,1.188763,-2.880334,3.935583,21.737634
11,124,1786548040.02971,0,1,35.919706,-13.895915,32.139464,-13.388452,-4.385218,-1.128366,4.528062,-1.187447,-0.037995,1.188055,-2.889745,3.814151,22.075538
11,125,1786548040.06985,0,1,35.744153,-13.938656,32.091989,-13.389987,-4.388827,-1.068513,4.517026,-1.186897,-0.038361,1.187517,-2.902777,3.693148,22.226861
11,126,1786548040.10983,0,1,35.569718,-13.983829,32.044528,-13.391526,-4.360883,-1.129332,4.504741,-1.186513,-0.03849,1.187137,-2.888191,3.574603,24.056601
11,127,1786548040.14975,0,1,35.396564,-14.032048,31.997077,-13.393063,-4.328844,-1.205474,4.493557,-1.18628,-0.038401,1.186902,-2.869999,3.45902,26.206578
11,128,1786548040.18972,0,1,35.223335,-14.078531,31.949629,-13.394587,-4.330739,-1.16208,4.483941,-1.186187,-0.03811,1.186799,-2.879435,3.344387,26.821038
11,129,1786548040.22979,0,1,35.049906,-14.122655,31.90218,-13.396092,-4.335714,-1.103098,4.47384,-1.186223,-0.037636,1.18682,-2.892457,3.230491,27.271874
11,130,1786548040.26976,0,1,34.877555,-14.169187,31.854725,-13.397572,-4.308791,-1.163303,4.463066,-1.186376,-0.036991,1.186953,-2.877896,3.119757,29.428382
11,131,1786548040.30977,0,1,34.704964,-14.213382,31.80726,-13.39902,-4.31476,-1.104863,4.453974,-1.186639,-0.03619,1.187191,-2.890913,3.009963,30.060211
11,132,1786548040.34972,0,1,34.533398,-14.259984,31.75978,-13.400429,-4.289141,-1.165054,4.444557,-1.187001,-0.035246,1.187524,-2.876363,2.903755,32.414918
11,133,1786548040.38961,0,1,34.361529,-14.304275,31.712282,-13.401796,-4.296733,-1.107286,4.437116,-1.187456,-0.03417,1.187947,-2.889376,2.798746,33.2626
11,134,1786548040.42969,0,1,34.189236,-14.345645,31.664762,-13.403115,-4.307333,-1.034247,4.429762,-1.187995,-0.032973,1.188452,-2.905941,2.694686,33.975324
11,135,1786548040.46963,0,1,34.017693,-14.388835,31.617217,-13.404382,-4.288558,-1.079743,4.422395,-1.188612,-0.031665,1.189033,-2.894946,2.594501,36.430712
11,136,1786548040.50962,0,1,33.845664,-14.429132,31.569645,-13.405592,-4.300737,-1.00743,4.417154,-1.1893,-0.030255,1.189685,-2.911496,2.495575,37.397347
11,137,1786548040.54967,0,1,33.673048,-14.465924,31.522043,-13.406742,-4.315406,-0.919804,4.412343,-1.190055,-0.028753,1.190402,-2.931591,2.397642,38.248438
11,138,1786548040.5897,0,1,33.500884,-14.503969,31.474408,-13.407829,-4.304087,-0.951109,4.407921,-1.19087,-0.027165,1.19118,-2.92411,2.303937,40.870238
11,139,1786548040.62975,0,1,33.328076,-14.538532,31.426739,-13.408849,-4.320208,-0.864083,4.405773,-1.191741,-0.025499,1.192013,-2.944188,2.211621,42.027201
11,140,1786548040.6697,0,1,33.154551,-14.568993,31.378862,-13.4087,-4.338127,-0.761525,4.404459,-1.196925,0.003704,1.196931,-2.967821,2.121167,43.11828
11,141,1786548040.70981,0,1,32.981167,-14.600142,31.330824,-13.407696,-4.334599,-0.778726,4.403994,-1.200953,0.025106,1.201215,-2.963835,2.036065,46.034509
11,142,1786548040.74973,0,1,32.80701,-14.627199,31.282708,-13.405933,-4.35393,-0.676432,4.406163,-1.202878,0.044088,1.203685,-2.987464,1.953199,47.532568
11,143,1786548040.7898,0,1,32.632039,-14.649526,31.234623,-13.403494,-4.374268,-0.558172,4.409737,-1.20214,0.060974,1.203685,-3.014675,1.872263,48.994238
11,144,1786548040.82967,0,1,32.456265,-14.666469,31.186572,-13.400447,-4.394344,-0.423566,4.41471,-1.201273,0.076171,1.203685,-3.045501,1.793023,50.422712
11,145,1786548040.86984,0,1,32.280187,-14.6829,31.138546,-13.397023,-4.401965,-0.410772,4.421089,-1.200639,0.08559,1.203685,-3.048547,1.719541,53.731498
11,146,1786548040.90984,0,1,32.103341,-14.693909,31.090544,-13.393292,-4.421136,-0.275227,4.429694,-1.200066,0.093278,1.203685,-3.07942,1.648442,55.654116
11,147,1786548040.94978,0,1,31.926063,-14.704394,31.042551,-13.389433,-4.431956,-0.262122,4.439701,-1.199813,0.096481,1.203685,-3.082518,1.584208,59.487893
11,148,1786548040.98976,0,1,31.748073,-14.7094,30.994563,-13.385515,-4.449757,-0.12517,4.451517,-1.199693,0.09795,1.203685,-3.113471,1.523302,61.964263
11,149,1786548041.02974,0,1,31.569511,-14.710805,30.946573,-13.38163,-4.464054,-0.035117,4.464192,-1.19976,0.097131,1.203685,-3.133726,1.467909,65.339885
11,150,1786548041.06976,0,1,31.39041,-14.709306,30.898574,-13.377856,-4.477503,0.037471,4.477659,-1.199983,0.094333,1.203685,3.133224,1.419388,69.246316
11,151,1786548041.10975,0,1,31.210816,-14.704187,30.850562,-13.374246,-4.489867,0.12799,4.491691,-1.200297,0.090254,1.203685,3.113094,1.377869,73.210598
11,152,1786548041.14985,0,1,31.030703,-14.697388,30.802535,-13.37084,-4.502814,0.169963,4.50602,-1.20067,0.085146,1.203685,3.103865,1.346027,78.078883
11,153,1786548041.18984,0,1,30.850188,-14.686959,30.754493,-13.367654,-4.512883,0.260736,4.520409,-1.201047,0.07965,1.203685,3.083881,1.32277,82.544724
11,154,1786548041.22981,0,1,30.669123,-14.676158,30.706437,-13.364697,-4.526629,0.270014,4.534675,-1.201413,0.07393,1.203685,3.082013,1.311992,88.216092
11,155,1786548041.26983,0,1,30.4877,-14.66239,30.658367,-13.361965,-4.535577,0.344206,4.548619,-1.201746,0.068308,1.203685,3.065848,1.311576,93.136867
11,156,1786548041.30987,0,1,30.305719,-14.648792,30.610285,-13.35945,-4.549504,0.33994,4.562187,-1.202043,0.062862,1.203685,3.067011,1.324825,99.017445
11,157,1786548041.34982,0,1,30.123364,-14.633319,30.562193,-13.357143,-4.558881,0.386829,4.575263,-1.202303,0.057675,1.203685,3.056944,1.349517,104.126132
11,158,1786548041.38965,0,1,29.940433,-14.6187,30.514092,-13.355033,-4.573273,0.365467,4.587852,-1.202529,0.052757,1.203685,3.061849,1.387782,109.847304
11,159,1786548041.42972,0,1,29.757273,-14.601181,30.465983,-13.353109,-4.579011,0.437988,4.599911,-1.202723,0.048113,1.203685,3.046232,1.435254,114.126016
11,160,1786548041.46974,0,1,29.57354,-14.584824,30.417867,-13.351359,-4.593317,0.408913,4.611482,-1.202891,0.043727,1.203685,3.052803,1.494765,119.305027
11,161,1786548041.5098,0,1,29.389435,-14.56769,30.369746,-13.349776,-4.602632,0.42835,4.622521,-1.203034,0.039585,1.203685,3.048794,1.563434,123.513937
11,162,1786548041.54981,0,1,29.20485,-14.551168,30.32162,-13.348349,-4.614611,0.413045,4.633059,-1.203157,0.03567,1.203685,3.052322,1.641325,127.76066
11,163,1786548041.58982,0,1,29.020037,-14.532801,30.273489,-13.347071,-4.62034,0.459175,4.6431,-1.203261,0.031966,1.203685,3.042537,1.725428,130.914861
11,164,1786548041.62979,0,1,28.834651,-14.516441,30.225355,-13.345932,-4.634655,0.409022,4.652668,-1.203349,0.028456,1.203685,3.053568,1.817732,134.870376
11,165,1786548041.66985,0,1,28.649202,-14.496948,30.177218,-13.344927,-4.636217,0.487314,4.661757,-1.203423,0.025128,1.203685,3.036867,1.913631,136.985835
11,166,1786548041.70983,0,1,28.463205,-14.479469,30.129079,-13.344049,-4.649913,0.43697,4.6704,-1.203485,0.021966,1.203685,3.047894,2.016014,140.35403
11,167,1786548041.74981,0,1,28.27693,-14.461465,30.080937,-13.34329,-4.656882,0.450099,4.678583,-1.203536,0.018958,1.203685,3.045239,2.122441,142.68756
11,168,1786548041.78969,0,1,28.090223,-14.444754,30.032794,-13.342647,-4.667672,0.417773,4.686331,-1.203578,0.016094,1.203685,3.052327,2.233433,145.317271
11,169,1786548041.82969,0,1,27.903499,-14.425193,29.98465,-13.342112,-4.66811,0.489037,4.693656,-1.203611,0.013362,1.203685,3.037212,2.346114,146.525886
11,170,1786548041.86973,0,1,27.716267,-14.407967,29.936504,-13.341682,-4.680805,0.430641,4.700573,-1.203637,0.010752,1.203685,3.049849,2.46301,149.090516
11,171,1786548041.90971,0,1,27.528938,-14.389032,29.888358,-13.341352,-4.683218,0.473383,4.707082,-1.203657,0.008255,1.203685,3.040854,2.581569,150.284904
11,172,1786548041.94971,0,1,27.341117,-14.372719,29.840211,-13.341117,-4.695526,0.407821,4.713203,-1.203671,0.005863,1.203685,3.054957,2.703641,152.605781
11,173,1786548041.98965,0,1,27.153308,-14.353818,29.792067,-13.340971,-4.695227,0.472525,4.718944,-1.203596,0.003667,1.203601,3.041291,2.826466,153.2546
11,174,1786548042.0296,0,1,26.96504,-14.33755,29.743931,-13.340904,-4.706707,0.406696,4.724245,-1.203419,0.001654,1.203421,3.055399,2.952209,155.331164
11,175,1786548042.06961,0,1,26.776817,-14.318691,29.695805,-13.340912,-4.705557,0.471482,4.729118,-1.20315,-0.000192,1.20315,3.041729,3.078399,155.758841
11,176,1786548042.1096,0,1,26.58817,-14.302474,29.647693,-13.340987,-4.716182,0.405411,4.733574,-1.202796,-0.001883,1.202797,3.055842,3.207045,157.64097
11,177,1786548042.14964,0,1,26.399601,-14.283664,29.599598,-13.341125,-4.714229,0.470258,4.737626,-1.202362,-0.003432,1.202367,3.042169,3.33592,157.891414
11,178,1786548042.18962,0,1,26.210639,-14.267505,29.551524,-13.341319,-4.724041,0.403977,4.741283,-1.201857,-0.004848,1.201866,3.056285,3.466891,159.617382
11,179,1786548042.2296,0,1,26.021786,-14.24875,29.503473,-13.341564,-4.721332,0.468866,4.744556,-1.201285,-0.006142,1.2013,3.042609,3.597934,159.724435
11,180,1786548042.2696,0,1,25.832571,-14.232654,29.455447,-13.341857,-4.730371,0.402404,4.747456,-1.200651,-0.007324,1.200674,3.056729,3.730784,161.323739
11,181,1786548042.30963,0,1,25.643493,-14.213962,29.407448,-13.342193,-4.726949,0.467316,4.749992,-1.199962,-0.008402,1.199991,3.043051,3.863591,161.313637
11,182,1786548042.3496,0,1,25.454083,-14.197934,29.359479,-13.342569,-4.735251,0.400702,4.752175,-1.199221,-0.009384,1.199257,3.057173,3.99797,162.809175
11,183,1786548042.38963,0,1,25.264837,-14.179309,29.311542,-13.34298,-4.731157,0.46562,4.754014,-1.198432,-0.010278,1.198476,3.043493,4.132223,162.70243
11,184,1786548042.42963,0,1,25.075286,-14.163354,29.263638,-13.343423,-4.738759,0.39888,4.755517,-1.197599,-0.01109,1.19765,3.057617,4.267854,164.112141
11,185,1786548042.46959,0,1,24.885925,-14.144802,29.215769,-13.343897,-4.734032,0.463786,4.756696,-1.196726,-0.011827,1.196784,3.043936,4.403294,163.924935
11,186,1786548042.5096,0,1,24.696287,-14.128924,29.167936,-13.344396,-4.740968,0.396945,4.757556,-1.195816,-0.012494,1.195881,3.058061,4.539949,165.263003
11,187,1786548042.54961,0,1,24.506861,-14.110451,29.120142,-13.34492,-4.735643,0.461824,4.758108,-1.194872,-0.013096,1.194943,3.044379,4.676366,165.008227
11,188,1786548042.58961,0,1,24.317183,-14.094655,29.072386,-13.345466,-4.741945,0.394907,4.75836,-1.193896,-0.01364,1.193974,3.058505,4.813859,166.285978
11,189,1786548042.62963,0,1,24.127741,-14.076265,29.02467,-13.346031,-4.736058,0.459743,4.75832,-1.192892,-0.014129,1.192975,3.044823,4.951077,165.974
11,190,1786548042.66961,0,1,23.93807,-14.060554,28.976996,-13.346614,-4.741756,0.392773,4.757995,-1.191861,-0.014568,1.19195,3.058949,5.089251,167.200559
11,191,1786548042.70961,0,1,23.748657,-14.042252,28.929363,-13.347212,-4.73534,0.457552,4.757394,-1.190805,-0.01496,1.190899,3.045267,5.227122,166.839792
11,192,1786548042.74962,0,1,23.559038,-14.02663,28.881774,-13.347824,-4.740462,0.390549,4.756523,-1.189727,-0.015309,1.189826,3.059392,5.365845,168.022579
11,193,1786548042.78957,0,1,23.369696,-14.00842,28.834229,-13.348449,-4.733548,0.455258,4.75539,-1.188629,-0.015619,1.188731,3.045711,5.504242,167.619911
11,194,1786548042.82964,0,1,23.180172,-13.99289,28.786729,-13.349085,-4.738122,0.388242,4.754002,-1.187511,-0.015892,1.187618,3.059835,5.6434,168.765012
11,195,1786548042.86959,0,1,22.990942,-13.974776,28.739274,-13.34973,-4.730739,0.452868,4.752366,-1.186376,-0.016131,1.186486,3.046155,5.782214,168.326128
11,196,1786548042.90957,0,1,22.80155,-13.959341,28.691865,-13.350384,-4.734792,0.38586,4.750488,-1.185225,-0.01634,1.185338,3.060278,5.921709,169.43857
11,197,1786548042.94962,0,1,22.612472,-13.941326,28.644502,-13.351044,-4.726967,0.450389,4.748376,-1.184059,-0.01652,1.184175,3.046599,6.060844,168.968201
11,198,1786548042.98963,0,1,22.423251,-13.92599,28.597167,-13.351707,-4.730522,0.383406,4.746034,-1.183379,-0.016571,1.183495,3.06072,6.200568,170.052117
11,199,1786548043.02961,0,1,22.234326,-13.908073,28.549841,-13.352367,-4.723111,0.447907,4.744302,-1.183145,-0.016504,1.18326,3.047042,6.339916,169.554129
11,200,1786548043.06958,0,1,22.045213,-13.89283,28.502508,-13.353021,-4.727827,0.381085,4.743161,-1.183322,-0.016327,1.183435,3.061162,6.479819,170.61302
11,201,1786548043.10958,0,1,21.856349,-13.875004,28.455153,-13.353663,-4.721613,0.445655,4.742598,-1.183877,-0.01605,1.183986,3.047485,6.619367,170.090751
11,202,1786548043.14964,0,1,21.667252,-13.859846,28.407762,-13.35429,-4.727429,0.378949,4.742593,-1.18478,-0.015681,1.184884,3.061604,6.759443,171.127683
11,203,1786548043.18959,0,1,21.478358,-13.842101,28.360322,-13.354899,-4.722346,0.443617,4.743136,-1.186003,-0.015228,1.1861,3.047928,6.899188,170.583942
11,204,1786548043.22958,0,1,21.289189,-13.827022,28.312821,-13.355487,-4.729206,0.376986,4.744208,-1.18752,-0.014697,1.187611,3.062047,7.039442,171.601528
11,205,1786548043.26958,0,1,21.100182,-13.80935,28.265249,-13.356051,-4.725191,0.441777,4.745798,-1.189307,-0.014096,1.189391,3.04837,7.179392,171.038703
11,206,1786548043.30964,0,1,20.911323,-13.78934,28.217595,-13.356588,-4.721461,0.500258,4.747889,-1.191344,-0.013429,1.19142,3.036032,7.319077,170.562155
11,207,1786548043.34959,0,1,20.722143,-13.771505,28.169851,-13.357096,-4.729506,0.445887,4.750478,-1.19361,-0.012703,1.193678,3.047593,7.459228,171.429406
11,208,1786548043.38958,0,1,20.532938,-13.752664,28.122007,-13.357573,-4.730138,0.471016,4.753531,-1.196087,-0.011922,1.196147,3.042342,7.599347,171.333211
11,209,1786548043.42964,0,1,20.343343,-13.736501,28.074057,-13.358016,-4.739854,0.404084,4.757048,-1.198758,-0.011092,1.198809,3.056546,7.739973,172.324302
11,210,1786548043.46955,0,1,20.153829,-13.717744,28.025993,-13.358425,-4.737869,0.468904,4.761016,-1.201607,-0.010217,1.201651,3.042944,7.88036,171.734464
11,211,1786548043.50957,0,1,19.963891,-13.701668,27.977847,-13.358797,-4.748435,0.401919,4.765414,-1.20365,-0.009293,1.203685,3.057152,8.021287,172.712022
11,212,1786548043.54956,0,1,19.773998,-13.68299,27.9297,-13.35913,-4.747329,0.46695,4.770238,-1.203657,-0.008317,1.203685,3.043547,8.16213,172.108417
11,213,1786548043.58958,0,1,19.58365,-13.666995,27.881554,-13.359422,-4.758692,0.399877,4.775463,-1.203663,-0.00731,1.203685,3.057759,8.303602,173.073899
11,214,1786548043.62963,0,1,19.393314,-13.648389,27.833407,-13.359673,-4.758404,0.465139,4.781084,-1.203669,-0.006275,1.203685,3.044151,8.44503,172.457819
11,215,1786548043.66964,0,1,19.206131,-13.62679,27.78526,-13.359881,-4.679577,0.539975,4.710627,-1.203674,-0.005215,1.203685,3.026711,8.58328,171.635796
11,216,1786548043.7096,0,1,19.022239,-13.60162,27.737113,-13.360047,-4.597316,0.629258,4.640181,-1.203678,-0.004134,1.203685,3.005563,8.718222,170.618254
11,217,1786548043.74957,0,1,18.841806,-13.572355,27.688966,-13.360168,-4.510809,0.731611,4.569755,-1.203682,-0.003035,1.203685,2.980802,8.849704,169.413487
11,218,1786548043.78963,0,1,18.665039,-13.53853,27.640818,-13.360245,-4.419179,0.845635,4.49936,-1.203684,-0.00192,1.203685,2.952523,8.97755,168.02918
11,219,1786548043.82962,0,1,18.492179,-13.499734,27.592671,-13.360277,-4.321509,0.969901,4.429012,-1.203685,-0.000793,1.203685,2.920815,9.101561,166.472455
11,220,1786548043.86959,0,1,18.323504,-13.455616,27.544524,-13.360263,-4.216872,1.102942,4.358726,-1.203685,0.000344,1.203685,2.885769,9.221513,164.749915
11,221,1786548043.90957,0,1,18.158883,-13.407386,27.496376,-13.360203,-4.115511,1.205756,4.288506,-1.203685,0.00149,1.203685,2.85659,9.337612,163.381034
11,222,1786548043.9498,0,1,17.99821,-13.355854,27.448229,-13.360098,-4.016844,1.288299,4.218382,-1.203683,0.002641,1.203685,2.831233,9.45002,162.243424
11,223,1786548043.9897,0,1,17.84154,-13.30118,27.400082,-13.359952,-3.916738,1.366839,4.148383,-1.20368,0.003654,1.203685,2.805832,9.558722,161.114635
11,224,1786548044.02969,0,1,17.688928,-13.243526,27.351935,-13.35977,-3.815314,1.441349,4.078493,-1.203677,0.00454,1.203685,2.780387,9.663706,159.993661
11,225,1786548044.06963,0,1,17.540419,-13.183054,27.303788,-13.359558,-3.712716,1.511821,4.008723,-1.203674,0.005309,1.203685,2.754894,9.764964,158.879501
11,226,1786548044.10968,0,1,17.396055,-13.119924,27.255641,-13.359319,-3.609088,1.578247,3.939083,-1.203671,0.00597,1.203685,2.729352,9.862491,157.771232
11,227,1786548044.14964,0,1,17.255873,-13.054299,27.207494,-13.359057,-3.504572,1.640625,3.869584,-1.203668,0.006533,1.203685,2.703758,9.956287,156.667977
11,228,1786548044.1897,0,1,17.1199,-12.98634,27.159348,-13.358777,-3.399313,1.69896,3.800236,-1.203665,0.007005,1.203685,2.678109,10.046353,155.568897
11,229,1786548044.22972,0,1,16.988162,-12.91621,27.111201,-13.358482,-3.293452,1.753258,3.731051,-1.203663,0.007393,1.203685,2.652404,10.132696,154.473187
11,230,1786548044.2697,0,1,16.860677,-12.844069,27.063055,-13.358173,-3.187132,1.803535,3.662042,-1.203661,0.007705,1.203685,2.626639,10.215323,153.380074
11,231,1786548044.30964,0,1,16.737457,-12.770076,27.014908,-13.357855,-3.080493,1.849808,3.593219,-1.203659,0.007947,1.203685,2.600812,10.294245,152.28881
11,232,1786548044.34958,0,1,16.61851,-12.694392,26.966762,-13.357531,-2.973674,1.892102,3.524598,-1.203658,0.008123,1.203685,2.57492,10.369478,151.198673
11,233,1786548044.38969,0,1,16.503837,-12.617174,26.918616,-13.357201,-2.866815,1.930445,3.45619,-1.203657,0.008241,1.203685,2.548959,10.441037,150.108958
11,234,1786548044.42964,0,1,16.393435,-12.53858,26.870469,-13.356869,-2.760053,1.964872,3.38801,-1.203657,0.008303,1.203685,2.522927,10.508941,149.018977
11,235,1786548044.46964,0,1,16.287294,-12.458763,26.822323,-13.356536,-2.653522,1.995422,3.320074,-1.203657,0.008316,1.203685,2.496819,10.573213,147.928056
12,0,1786548052.80559,0,1,53.28,-13.199968,37.597264,-13.400034,-0.499999,0.000796,0.5,-0.068395,-0.000845,0.068401,3.14,15.684012,0.822139
12,0,1786548052.84556,0,1,53.28,-13.199968,37.591393,-13.400102,-0.499999,0.000796,0.5,-0.146791,-0.001706,0.146801,3.14,15.689884,0.822114
12,1,1786548052.88556,0,1,53.257174,-13.200019,37.582385,-13.400205,-0.570638,-0.001272,0.57064,-0.225186,-0.002583,0.225201,-3.139364,15.676068,0.604001
12,2,1786548052.92553,0,1,53.231523,-13.199945,37.570242,-13.400345,-0.641277,0.00186,0.64128,-0.303581,-0.003478,0.303601,3.138692,15.662564,0.899293
12,3,1786548052.96556,0,1,53.203047,-13.199777,37.554963,-13.40052,-0.711907,0.004197,0.711919,-0.381975,-0.004392,0.382001,3.135697,15.649372,1.072771
12,4,1786548053.0055,0,1,53.171746,-13.199508,37.536548,-13.400733,-0.782528,0.006716,0.782557,-0.46037,-0.005326,0.460401,3.133011,15.636493,1.229047
12,5,1786548053.04553,0,1,53.13762,-13.199136,37.514998,-13.400984,-0.853142,0.009306,0.853193,-0.538764,-0.006281,0.538801,3.130685,15.623927,1.365212
12,6,1786548053.08555,0,1,53.10067,-13.198655,37.490421,-13.401273,-0.923748,0.012024,0.923826,-0.614403,-0.007225,0.614445,3.128577,15.611564,1.489376
12,7,1786548053.12556,0,1,53.060897,-13.198059,37.46306,-13.401598,-0.994345,0.014893,0.994457,-0.684023,-0.008116,0.684071,3.126616,15.599164,1.605703
12,8,1786548053.16556,0,1,53.018299,-13.197342,37.433136,-13.401956,-1.064932,0.017941,1.065083,-0.748105,-0.008959,0.748159,3.124747,15.586506,1.717378
12,9,1786548053.20552,0,1,52.972879,-13.196494,37.400853,-13.402347,-1.135507,0.021195,1.135705,-0.807094,-0.009757,0.807153,3.12293,15.573387,1.826688
12,10,1786548053.24554,0,1,52.924636,-13.195507,37.366397,-13.402767,-1.20607,0.024676,1.206323,-0.861395,-0.010513,0.861459,3.121135,15.55962,1.93534
12,11,1786548053.28561,0,1,52.873571,-13.19437,37.329941,-13.403216,-1.276619,0.028409,1.276935,-0.911384,-0.011232,0.911454,3.119343,15.545033,2.044617
12,12,1786548053.32561,0,1,52.819685,-13.193074,37.291645,-13.403693,-1.347151,0.032416,1.347541,-0.957407,-0.011916,0.957481,3.117535,15.529469,2.155505
12,13,1786548053.36553,0,1,52.762979,-13.191605,37.251654,-13.404196,-1.417666,0.036715,1.418142,-0.99978,-0.012568,0.999859,3.1157,15.512782,2.26876
12,14,1786548053.40562,0,1,52.703452,-13.189952,37.210102,-13.404723,-1.488162,0.041328,1.488736,-1.038795,-0.01319,1.038879,3.113828,15.494839,2.384972
12,15,1786548053.4456,0,1,52.641107,-13.188101,37.167113,-13.405275,-1.558636,0.046273,1.559323,-1.074721,-0.013784,1.07481,3.111913,15.475517,2.504602
12,16,1786548053.48562,0,1,52.575943,-13.186038,37.122801,-13.405849,-1.629088,0.051568,1.629904,-1.107806,-0.014353,1.107899,3.109949,15.454706,2.628012
12,17,1786548053.52558,0,1,52.507963,-13.183749,37.07727,-13.406445,-1.699514,0.057229,1.700477,-1.138275,-0.014899,1.138373,3.107931,15.4323,2.755485
12,18,1786548053.56556,0,1,52.437166,-13.181218,37.030616,-13.407062,-1.769912,0.063273,1.771043,-1.16634,-0.015424,1.166442,3.105859,15.408205,2.887243
12,19,1786548053.60555,0,1,52.363555,-13.17843,36.982929,-13.407699,-1.840282,0.069714,1.841602,-1.192191,-0.015929,1.192298,3.103729,15.382335,3.02346
12,20,1786548053.6455,0,1,52.28713,-13.175367,36.934289,-13.408356,-1.910619,0.076566,1.912153,-1.216007,-0.016415,1.216118,3.10154,15.354609,3.16427
12,21,1786548053.68561,0,1,52.207893,-13.172013,36.884771,-13.409031,-1.980922,0.083842,1.982696,-1.237949,-0.016885,1.238065,3.099293,15.324956,3.309772
12,22,1786548053.72561,0,1,52.125846,-13.168351,36.834444,-13.409725,-2.051189,0.091555,2.053231,-1.258169,-0.017338,1.258288,3.096987,15.293307,3.460044
12,23,1786548053.76549,0,1,52.040989,-13.164362,36.783376,-13.41043,-2.121417,0.099715,2.123759,-1.276683,-0.017631,1.276805,3.094623,15.259597,3.615116
12,24,1786548053.80558,0,1,51.9533,-13.160515,36.731631,-13.411141,-2.192228,0.096184,2.194337,-1.293629,-0.017776,1.293751,3.097746,15.223732,3.455532
12,25,1786548053.84553,0,1,51.86278,-13.156751,36.679266,-13.411852,-2.262989,0.094096,2.264944,-1.309131,-0.017784,1.309252,3.100036,15.185657,3.343551
12,26,1786548053.88554,0,1,51.769428,-13.153126,36.626334,-13.412559,-2.333812,0.090626,2.335571,-1.323306,-0.017667,1.323424,3.10278,15.145316,3.205279
12,27,1786548053.92556,0,1,51.673241,-13.149676,36.572883,-13.413256,-2.404663,0.086247,2.40621,-1.33626,-0.017435,1.336374,3.105741,15.102658,3.054133
12,28,1786548053.96555,0,1,51.57422,-13.146447,36.51896,-13.41394,-2.475533,0.080727,2.476849,-1.34809,-0.017096,1.348198,3.108994,15.057636,2.885644
12,29,1786548054.00555,0,1,51.472364,-13.143488,36.464604,-13.414607,-2.546405,0.07399,2.54748,-1.358886,-0.016661,1.358988,3.112544,15.010208,2.69931
12,30,1786548054.04555,0,1,51.367756,-13.140853,36.409855,-13.415252,-2.615192,0.065873,2.616022,-1.368731,-0.016135,1.368826,3.116409,14.960418,2.49385
12,31,1786548054.08555,0,1,51.260502,-13.138601,36.354747,-13.415873,-2.681367,0.056288,2.681958,-1.3777,-0.015528,1.377788,3.120603,14.908333,2.268276
12,32,1786548054.12556,0,1,51.150702,-13.136794,36.299313,-13.416467,-2.744991,0.045179,2.745362,-1.385865,-0.014845,1.385945,3.125135,14.854022,2.021764
12,33,1786548054.16555,0,1,51.038457,-13.135494,36.243581,-13.417031,-2.806123,0.032499,2.806311,-1.393289,-0.014094,1.39336,3.130012,14.797555,1.7537
12,34,1786548054.20556,0,1,50.923864,-13.134766,36.18758,-13.417562,-2.864818,0.018212,2.864876,-1.400032,-0.013278,1.400095,3.135236,14.738998,1.463629
12,35,1786548054.24556,0,1,50.807019,-13.134674,36.131334,-13.418058,-2.921129,0.002295,2.92113,-1.406148,-0.012405,1.406202,3.140807,14.678421,1.151244
12,36,1786548054.28556,0,1,50.688015,-13.135284,36.074866,-13.418517,-2.975104,-0.015266,2.975144,-1.411687,-0.011478,1.411734,-3.136461,14.615893,0.816365
12,37,1786548054.3255,0,1,50.566943,-13.136664,36.018198,-13.418937,-3.026791,-0.034476,3.026987,-1.416695,-0.010503,1.416734,-3.130203,14.551483,0.458929
12,38,1786548054.36554,0,1,50.443894,-13.138877,35.96135,-13.419317,-3.076231,-0.055326,3.076729,-1.421216,-0.009483,1.421247,-3.123609,14.485259,0.078975
12,39,1786548054.40555,0,1,50.318955,-13.141989,35.904338,-13.419653,-3.123467,-0.077803,3.124436,-1.425287,-0.008423,1.425312,-3.116689,14.417291,0.323364
12,40,1786548054.44555,0,1,50.192214,-13.146064,35.847181,-13.419946,-3.168536,-0.101881,3.170174,-1.428945,-0.007325,1.428964,-3.10945,14.347648,0.747873
12,41,1786548054.48558,0,1,50.063755,-13.151165,35.789892,-13.420194,-3.211476,-0.127528,3.214007,-1.432223,-0.006194,1.432236,-3.101903,14.276398,1.194263
12,42,1786548054.52554,0,1,49.933662,-13.157353,35.732486,-13.420396,-3.25232,-0.154702,3.255998,-1.435151,-0.005032,1.43516,-3.094062,14.203612,1.662177
12,43,1786548054.56555,0,1,49.802018,-13.164687,35.674975,-13.420549,-3.291104,-0.183356,3.296208,-1.437758,-0.003842,1.437763,-3.085938,14.12936,2.151202
12,44,1786548054.60555,0,1,49.668904,-13.173225,35.617373,-13.420654,-3.327859,-0.213434,3.334696,-1.440068,-0.002627,1.440071,-3.077545,14.053709,2.660871
12,45,1786548054.64552,0,1,49.534399,-13.18302,35.559688,-13.42071,-3.362617,-0.244876,3.371522,-1.442106,-0.001389,1.442107,-3.068898,13.976732,3.190676
12,46,1786548054.6855,0,1,49.398583,-13.194124,35.501933,-13.420715,-3.39541,-0.277615,3.40674,-1.443894,-0.00013,1.443894,-3.060012,13.898497,3.74007
12,47,1786548054.72556,0,1,49.261532,-13.206588,35.444115,-13.420669,-3.426268,-0.311581,3.440406,-1.445451,0.001148,1.445451,-3.050903,13.819076,4.308478
12,48,1786548054.76555,0,1,49.123323,-13.220456,35.386236,-13.420577,-3.455223,-0.346698,3.472573,-1.446966,0.002316,1.446968,-3.041587,13.738545,4.895279
12,49,1786548054.80555,0,1,48.983837,-13.234113,35.328298,-13.420441,-3.487143,-0.341434,3.503818,-1.448442,0.003383,1.448446,-3.043991,13.65681,4.810392
12,50,1786548054.84548,0,1,48.843187,-13.248312,35.270303,-13.420267,-3.51625,-0.354968,3.534121,-1.449882,0.004356,1.449889,-3.040983,13.573974,5.038676
12,51,1786548054.88553,0,1,48.701351,-13.262462,35.212251,-13.420057,-3.545903,-0.353762,3.563507,-1.45129,0.005242,1.451299,-3.042155,13.49002,5.027974
12,52,1786548054.92556,0,1,48.558387,-13.276778,35.154145,-13.419815,-3.574108,-0.357892,3.591982,-1.452667,0.006049,1.45268,-3.041791,13.405005,5.106849
12,53,1786548054.96556,0,1,48.414303,-13.290985,35.095984,-13.419544,-3.602098,-0.355179,3.619567,-1.454017,0.006782,1.454033,-3.043307,13.318939,5.078308
12,54,1786548055.00556,0,1,48.269139,-13.30513,35.03777,-13.419246,-3.62909,-0.353628,3.646279,-1.455341,0.007447,1.45536,-3.044457,13.231861,5.071335
12,55,1786548055.04552,0,1,48.122915,-13.319055,34.979505,-13.418924,-3.6556,-0.348125,3.672139,-1.456641,0.00805,1.456664,-3.046648,13.14379,5.004565
12,56,1786548055.08552,0,1,47.975664,-13.332752,34.921188,-13.41858,-3.681278,-0.342412,3.697168,-1.45792,0.008594,1.457946,-3.048845,13.054758,4.937351
12,57,1786548055.12554,0,1,47.827409,-13.346113,34.862821,-13.418217,-3.706369,-0.334025,3.72139,-1.459179,0.009085,1.459207,-3.051713,12.964789,4.831043
12,58,1786548055.16555,0,1,47.678182,-13.359113,34.804404,-13.417836,-3.730695,-0.325006,3.744825,-1.46042,0.009526,1.460451,-3.054695,12.873912,4.717501
12,59,1786548055.20553,0,1,47.528006,-13.371673,34.745938,-13.417439,-3.75439,-0.313996,3.767497,-1.461643,0.009921,1.461677,-3.058152,12.78215,4.57563
12,60,1786548055.24556,0,1,47.376912,-13.383764,34.687424,-13.417028,-3.777354,-0.302287,3.78943,-1.462851,0.010274,1.462887,-3.061737,12.689531,4.425218
12,61,1786548055.2855,0,1,47.224925,-13.395325,34.628862,-13.416605,-3.799668,-0.289017,3.810644,-1.464045,0.010589,1.464084,-3.065675,12.596081,4.252962
12,62,1786548055.32554,0,1,47.072074,-13.40633,34.570253,-13.41617,-3.821273,-0.275121,3.831164,-1.465226,0.010867,1.465266,-3.069719,12.501825,4.07294
12,63,1786548055.36556,0,1,46.918385,-13.416728,34.511597,-13.415725,-3.842226,-0.259964,3.851011,-1.466395,0.011111,1.466437,-3.074036,12.406788,3.875351
12,64,1786548055.40552,0,1,46.763886,-13.426501,34.452895,-13.415272,-3.862487,-0.244315,3.870206,-1.467552,0.011325,1.467596,-3.078424,12.310995,3.671576
12,65,1786548055.44555,0,1,46.608602,-13.435606,34.394147,-13.414812,-3.882103,-0.227619,3.88877,-1.468699,0.011511,1.468744,-3.083027,12.214472,3.453119
12,66,1786548055.48553,0,1,46.45256,-13.444029,34.335354,-13.414345,-3.901044,-0.210594,3.906725,-1.469837,0.01167,1.469883,-3.087661,12.117242,3.230411
12,67,1786548055.52567,0,1,46.295785,-13.451736,34.276515,-13.413873,-3.919356,-0.192669,3.924089,-1.470966,0.011805,1.471014,-3.092474,12.01933,2.994798
12,68,1786548055.56569,0,1,46.138305,-13.458727,34.217632,-13.413396,-3.937003,-0.174774,3.940881,-1.472087,0.011917,1.472136,-3.097229,11.92076,2.759716
12,69,1786548055.60569,0,1,45.980143,-13.464957,34.158704,-13.412916,-3.954054,-0.155737,3.95712,-1.473201,0.012009,1.47325,-3.102226,11.821554,2.507751
12,70,1786548055.64565,0,1,45.821325,-13.470443,34.099731,-13.412433,-3.970457,-0.137159,3.972825,-1.474308,0.012081,1.474358,-3.107061,11.721737,2.262045
12,71,1786548055.68562,0,1,45.661873,-13.475134,34.040715,-13.411947,-3.986288,-0.117286,3.988013,-1.475409,0.012136,1.475459,-3.112179,11.62133,1.996826
12,72,1786548055.72556,0,1,45.501814,-13.47907,33.981655,-13.41146,-4.001493,-0.098381,4.002702,-1.476504,0.012174,1.476554,-3.117011,11.520357,1.744651
12,73,1786548055.76569,0,1,45.341167,-13.482178,33.922555,-13.410983,-4.016156,-0.077697,4.016908,-1.477501,0.011939,1.477549,-3.122249,11.418835,1.465542
12,74,1786548055.80569,0,1,45.17995,-13.485537,33.863418,-13.410525,-4.030425,-0.083974,4.0313,-1.478408,0.011452,1.478452,-3.120761,11.316781,1.573372
12,75,1786548055.84568,0,1,45.018131,-13.487785,33.804249,-13.410095,-4.045474,-0.05622,4.045865,-1.479232,0.010734,1.479271,-3.127697,11.214151,1.193125
12,76,1786548055.8857,0,1,44.855734,-13.490734,33.74505,-13.409703,-4.059937,-0.073716,4.060606,-1.479979,0.009803,1.480012,-3.123438,11.110979,1.458053
12,77,1786548055.92553,0,1,44.692719,-13.4921,33.685824,-13.409356,-4.075365,-0.03416,4.075508,-1.480656,0.008676,1.480682,-3.133211,11.007207,0.910959
12,78,1786548055.96569,0,1,44.529119,-13.494817,33.626596,-13.409061,-4.090014,-0.067924,4.090578,-1.48069,0.007367,1.480709,-3.124987,10.90286,1.402105
12,79,1786548056.00561,0,1,44.364887,-13.49523,33.567368,-13.408826,-4.105785,-0.010307,4.105798,-1.480697,0.005894,1.480709,-3.139082,10.797865,0.602309
12,80,1786548056.0457,0,1,44.200056,-13.49748,33.50814,-13.408655,-4.120795,-0.056266,4.121179,-1.480703,0.00427,1.480709,-3.127939,10.692284,1.258264
12,81,1786548056.08568,0,1,44.034588,-13.497321,33.448912,-13.408555,-4.136696,0.003978,4.136698,-1.480707,0.002509,1.480709,3.140631,10.586048,0.425341
12,82,1786548056.12567,0,1,43.868502,-13.499067,33.389684,-13.40853,-4.152138,-0.043637,4.152367,-1.480709,0.000621,1.480709,-3.131083,10.47921,1.097155
12,83,1786548056.16567,0,1,43.701777,-13.498477,33.330455,-13.408585,-4.16814,0.014738,4.168166,-1.480708,-0.001383,1.480709,3.138057,10.371711,0.294003
12,84,1786548056.20559,0,1,43.534418,-13.49987,33.271227,-13.408725,-4.183961,-0.034832,4.184106,-1.480705,-0.003492,1.480709,-3.133268,10.263596,0.985802
12,85,1786548056.24568,0,1,43.366415,-13.498764,33.211999,-13.408953,-4.200076,0.027662,4.200168,-1.480698,-0.005698,1.480709,3.135007,10.154813,0.129389
12,86,1786548056.28558,0,1,43.197763,-13.499675,33.152772,-13.409272,-4.216296,-0.02277,4.216357,-1.480687,-0.007992,1.480709,-3.136192,10.045398,0.825055
12,87,1786548056.32554,0,1,43.028463,-13.498268,33.093545,-13.409687,-4.232516,0.035175,4.232662,-1.480672,-0.010367,1.480709,3.133282,9.935313,0.034687
12,88,1786548056.36564,0,1,42.8585,-13.498603,33.034319,-13.4102,-4.249076,-0.008394,4.249084,-1.480653,-0.012815,1.480709,-3.139617,9.824579,0.628755
12,89,1786548056.40568,0,1,42.687882,-13.497071,32.975094,-13.410813,-4.265441,0.038316,4.265613,-1.480629,-0.01533,1.480709,3.13261,9.713171,0.00584
12,90,1786548056.44571,0,1,42.516593,-13.496555,32.91587,-13.411529,-4.282227,0.012907,4.282246,-1.4806,-0.017906,1.480709,3.138579,9.6011,0.334716
12,91,1786548056.48556,0,1,42.344648,-13.494352,32.856647,-13.41235,-4.298625,0.055056,4.298978,-1.480566,-0.020536,1.480709,3.128786,9.488355,0.238619
12,92,1786548056.52568,0,1,42.172018,-13.493535,32.797426,-13.413279,-4.315754,0.020437,4.315803,-1.480527,-0.023215,1.480709,3.136857,9.374935,0.219183
12,93,1786548056.56569,0,1,41.998734,-13.490613,32.738207,-13.414317,-4.332099,0.073048,4.332715,-1.480481,-0.02594,1.480709,3.124732,9.260842,0.493986
12,94,1786548056.60568,0,1,41.824749,-13.48951,32.678989,-13.415465,-4.349618,0.027568,4.349705,-1.48043,-0.028704,1.480709,3.135255,9.146059,0.100728
12,95,1786548056.64566,0,1,41.650118,-13.485799,32.619774,-13.416725,-4.365786,0.092769,4.366771,-1.480373,-0.031505,1.480709,3.120347,9.030607,0.779048
12,96,1786548056.6857,0,1,41.474769,-13.484211,32.560562,-13.418099,-4.383718,0.039699,4.383898,-1.480311,-0.034337,1.480709,3.132537,8.914452,0.093927
12,97,1786548056.72567,0,1,41.298778,-13.479921,32.501352,-13.419586,-4.399777,0.107267,4.401084,-1.480241,-0.037199,1.480709,3.117217,8.797632,1.003662
12,98,1786548056.76569,0,1,41.122059,-13.477768,32.442145,-13.421175,-4.417981,0.05383,4.418309,-1.480176,-0.039726,1.480709,3.129409,8.680098,0.324514
12,99,1786548056.80563,0,1,40.944714,-13.47361,32.382941,-13.422853,-4.433618,0.103942,4.434836,-1.480114,-0.041945,1.480709,3.118153,8.561924,1.003337
12,100,1786548056.84564,0,1,40.766697,-13.471774,32.323738,-13.424608,-4.450423,0.045902,4.45066,-1.480058,-0.043878,1.480709,3.131279,8.44309,0.270864
12,101,1786548056.88568,0,1,40.588108,-13.467843,32.264538,-13.42643,-4.464726,0.098265,4.465807,-1.480008,-0.045548,1.480709,3.119587,8.323673,0.975758
12,102,1786548056.92568,0,1,40.408904,-13.466366,32.205339,-13.428309,-4.480102,0.036929,4.480254,-1.479963,-0.046974,1.480709,3.13335,8.203653,0.206481
12,103,1786548056.96574,0,1,40.229182,-13.462593,32.146142,-13.430236,-4.493051,0.094325,4.494041,-1.479925,-0.048175,1.480709,3.120602,8.083104,0.973312
12,104,1786548057.00576,0,1,40.048901,-13.461336,32.086947,-13.432203,-4.507011,0.031414,4.50712,-1.479892,-0.049168,1.480709,3.134623,7.962008,0.189703
12,105,1786548057.04568,0,1,39.868157,-13.457669,32.027752,-13.434202,-4.518616,0.091681,4.519546,-1.479865,-0.049971,1.480709,3.121306,7.84044,0.990857
12,106,1786548057.08578,0,1,39.68691,-13.456547,31.968558,-13.436226,-4.531157,0.028066,4.531244,-1.479844,-0.050597,1.480709,3.135399,7.718379,0.204031
12,107,1786548057.12578,0,1,39.505254,-13.452964,31.909365,-13.438268,-4.541402,0.089574,4.542285,-1.479828,-0.05106,1.480709,3.121871,7.595903,1.019105
12,108,1786548057.16579,0,1,39.323155,-13.451941,31.850173,-13.440323,-4.552492,0.025575,4.552564,-1.479817,-0.051375,1.480709,3.135975,7.472991,0.232806
12,109,1786548057.20574,0,1,39.140701,-13.448446,31.79098,-13.442385,-4.561334,0.087372,4.562171,-1.479811,-0.051551,1.480709,3.12244,7.349724,1.050118
12,110,1786548057.24569,0,1,38.957865,-13.447524,31.731788,-13.444449,-4.570904,0.023037,4.570962,-1.479809,-0.051602,1.480709,3.136553,7.226078,0.26438
12,111,1786548057.28566,0,1,38.774735,-13.444121,31.672595,-13.446511,-4.578263,0.085078,4.579053,-1.479812,-0.051536,1.480709,3.123012,7.10214,1.083879
12,112,1786548057.32576,0,1,38.591316,-13.440715,31.613403,-13.448565,-4.58546,0.085155,4.58625,-1.479818,-0.051364,1.480709,3.123024,6.977918,1.128353
12,113,1786548057.36569,0,1,38.407725,-13.434278,31.55421,-13.450609,-4.589782,0.160924,4.592603,-1.479827,-0.051094,1.480709,3.106546,6.853535,2.144576
12,114,1786548057.40576,0,1,38.223858,-13.429839,31.495016,-13.452638,-4.596664,0.110976,4.598003,-1.479839,-0.050735,1.480709,3.117455,6.728881,1.577139
12,115,1786548057.44577,0,1,38.039912,-13.422308,31.435822,-13.45465,-4.598653,0.188268,4.602505,-1.479854,-0.050294,1.480709,3.100676,6.60417,2.624962
12,116,1786548057.48575,0,1,37.855757,-13.41678,31.376627,-13.456641,-4.603893,0.138206,4.605967,-1.479872,-0.049778,1.480709,3.111582,6.479252,2.071958
12,117,1786548057.52575,0,1,37.671622,-13.408157,31.317431,-13.458609,-4.603362,0.215584,4.608407,-1.479891,-0.049195,1.480709,3.094795,6.354391,3.136226
12,118,1786548057.5657,0,1,37.487651,-13.395758,31.258235,-13.460551,-4.599288,0.309964,4.609721,-1.479913,-0.048549,1.480709,3.074301,6.229753,4.45147
12,119,1786548057.6056,0,1,37.303582,-13.384689,31.199037,-13.462465,-4.601707,0.276722,4.61002,-1.479935,-0.047846,1.480709,3.08153,6.10504,4.171262
12,120,1786548057.6457,0,1,37.119819,-13.369853,31.139839,-13.464348,-4.594088,0.370901,4.609036,-1.47996,-0.047093,1.480709,3.061033,5.980726,5.521044
12,121,1786548057.68575,0,1,36.93603,-13.356352,31.08064,-13.4662,-4.594714,0.337532,4.607095,-1.479985,-0.046292,1.480709,3.068263,5.856421,5.276215
12,122,1786548057.72577,0,1,36.752692,-13.3391,31.021439,-13.468018,-4.583464,0.431293,4.603711,-1.480011,-0.04545,1.480709,3.047771,5.732702,6.664154
12,123,1786548057.76578,0,1,36.569402,-13.32319,30.962238,-13.469802,-4.582253,0.397751,4.599483,-1.480037,-0.044588,1.480709,3.055007,5.60908,6.45876
12,124,1786548057.80579,0,1,36.386688,-13.303553,30.903035,-13.47155,-4.567833,0.490925,4.594138,-1.480063,-0.043709,1.480709,3.034529,5.486226,7.889044
12,125,1786548057.84575,0,1,36.204722,-13.279534,30.843832,-13.473263,-4.549146,0.600487,4.588607,-1.48009,-0.042813,1.480709,3.010351,5.36439,9.589196
12,126,1786548057.88576,0,1,36.022881,-13.256196,30.784627,-13.474939,-4.546035,0.583432,4.58332,-1.480116,-0.041902,1.480709,3.013952,5.242819,9.704496
12,127,1786548057.92576,0,1,35.841905,-13.228513,30.725421,-13.476578,-4.524389,0.692082,4.577016,-1.480142,-0.040977,1.480709,2.989802,5.122494,11.472667
12,128,1786548057.96577,0,1,35.661059,-13.201519,30.666215,-13.478179,-4.521164,0.674841,4.571251,-1.480167,-0.040039,1.480709,2.993424,5.0025,11.659764
12,129,1786548058.00577,0,1,35.481181,-13.170219,30.607007,-13.479743,-4.496939,0.782518,4.564515,-1.480193,-0.039089,1.480709,2.969307,4.883992,13.504837
12,130,1786548058.04574,0,1,35.301425,-13.139614,30.547798,-13.481268,-4.49391,0.765127,4.558579,-1.480218,-0.038127,1.480709,2.972951,4.765889,13.773362
12,131,1786548058.08576,0,1,35.122725,-13.104741,30.488588,-13.482754,-4.467487,0.871819,4.551759,-1.480242,-0.037156,1.480709,2.948867,4.649529,15.705733
12,132,1786548058.12564,0,1,34.944127,-13.070567,30.429378,-13.484201,-4.464953,0.854336,4.545953,-1.480267,-0.036175,1.480709,2.952535,4.533658,16.066922
12,133,1786548058.1657,0,1,34.765543,-13.037745,30.370166,-13.485609,-4.464613,0.820551,4.539391,-1.480291,-0.035185,1.480709,2.959831,4.418135,16.232191
12,134,1786548058.20557,0,1,34.58796,-13.001354,30.310954,-13.486976,-4.439561,0.909788,4.531823,-1.480314,-0.034188,1.480709,2.939464,4.304488,18.058903
12,135,1786548058.24576,0,1,34.410374,-12.966312,30.25174,-13.488303,-4.43967,0.87604,4.525275,-1.480337,-0.033182,1.480709,2.946774,4.191266,18.316611
12,136,1786548058.2857,0,1,34.233827,-12.927729,30.192526,-13.48959,-4.413665,0.964574,4.517836,-1.480359,-0.03217,1.480709,2.926433,4.080172,20.24283
12,137,1786548058.32574,0,1,34.057247,-12.890492,30.133311,-13.490836,-4.414507,0.93093,4.511597,-1.480381,-0.031151,1.480709,2.933758,3.969595,20.606589
12,138,1786548058.36568,0,1,33.881731,-12.849738,30.074094,-13.492041,-4.387885,1.01884,4.504616,-1.480402,-0.030126,1.480709,2.913442,3.861431,22.647064
12,139,1786548058.40574,0,1,33.706141,-12.810323,30.014878,-13.493205,-4.389769,0.985382,4.499005,-1.480423,-0.029095,1.480709,2.92078,3.753898,23.132797
12,140,1786548058.44579,0,1,33.530371,-12.772881,29.95566,-13.494327,-4.394247,0.936053,4.492839,-1.480443,-0.028059,1.480709,2.931712,3.646785,23.435421
12,141,1786548058.48576,0,1,33.35552,-12.732577,29.896441,-13.495408,-4.371269,1.007612,4.485897,-1.480462,-0.027019,1.480709,2.915042,3.542194,25.416789
12,142,1786548058.52566,0,1,33.180457,-12.694234,29.837222,-13.496447,-4.376566,0.958559,4.480308,-1.480481,-0.025973,1.480709,2.925977,3.438134,25.846975
12,143,1786548058.56577,0,1,33.006298,-12.653038,29.778002,-13.497444,-4.353991,1.029902,4.474141,-1.480499,-0.024924,1.480709,2.90932,3.336902,27.966379
12,144,1786548058.60576,0,1,32.831878,-12.61379,29.718781,-13.498399,-4.360487,0.981207,4.469521,-1.480516,-0.023871,1.480709,2.920257,3.236341,28.54448
12,145,1786548058.64575,0,1,32.658329,-12.571691,29.65956,-13.499311,-4.338727,1.05248,4.464556,-1.480533,-0.022814,1.480709,2.903611,3.138964,30.823929
12,146,1786548058.68577,0,1,32.484456,-12.531522,29.600338,-13.500182,-4.346834,1.004227,4.461327,-1.480549,-0.021754,1.480709,2.914551,3.042439,31.573673
12,147,1786548058.7257,0,1,32.310148,-12.493907,29.541116,-13.501009,-4.357704,0.940367,4.458013,-1.480564,-0.020692,1.480709,2.929058,2.946488,32.163793
12,148,1786548058.76578,0,1,32.136484,-12.45405,29.481893,-13.501798,-4.341602,0.99642,4.454477,-1.480577,-0.019715,1.480709,2.915994,2.85388,34.464625
12,149,1786548058.80575,0,1,31.962352,-12.416736,29.422669,-13.502551,-4.35328,0.932857,4.452108,-1.480589,-0.018819,1.480709,2.930497,2.762062,35.243513
12,150,1786548058.84571,0,1,31.788835,-12.377176,29.363445,-13.503271,-4.337926,0.988999,4.449239,-1.480599,-0.017997,1.480709,2.917435,2.674062,37.748451
12,151,1786548058.88575,0,1,31.614822,-12.340148,29.304221,-13.50396,-4.350343,0.925687,4.447739,-1.480608,-0.017244,1.480709,2.931935,2.587148,38.746159
12,152,1786548058.92571,0,1,31.440233,-12.306283,29.244996,-13.504622,-4.364714,0.846627,4.446067,-1.480616,-0.016554,1.480709,2.950001,2.501016,39.606696
12,153,1786548058.96558,0,1,31.266049,-12.270775,29.185771,-13.505259,-4.354599,0.887719,4.444163,-1.480623,-0.015924,1.480709,2.94049,2.418989,42.208179
12,154,1786548059.00567,0,1,31.091272,-12.238421,29.126546,-13.505873,-4.369427,0.808837,4.443659,-1.480629,-0.015347,1.480709,2.958552,2.338073,43.313682
12,155,1786548059.04557,0,1,30.915852,-12.20986,29.067321,-13.506466,-4.385504,0.714036,4.443252,-1.480635,-0.014822,1.480709,2.980192,2.257932,44.294395
12,156,1786548059.08559,0,1,30.740618,-12.180253,29.008108,-13.507836,-4.380837,0.740165,4.442925,-1.480313,-0.034243,1.480709,2.974218,2.182674,47.05197
12,157,1786548059.12569,0,1,30.564743,-12.154438,28.948916,-13.509913,-4.396895,0.645363,4.444004,-1.479797,-0.05194,1.480709,2.995856,2.109077,48.342501
12,158,1786548059.16568,0,1,30.388206,-12.133062,28.889751,-13.512649,-4.413421,0.534404,4.445657,-1.479128,-0.068391,1.480709,3.021093,2.036818,49.539044
12,159,1786548059.20565,0,1,30.211037,-12.116781,28.830618,-13.51601,-4.429209,0.407031,4.447872,-1.478322,-0.084034,1.480709,3.049953,1.965553,50.638285
12,160,1786548059.24557,0,1,30.03374,-12.100685,28.771511,-13.519796,-4.432434,0.402401,4.450663,-1.477681,-0.094635,1.480709,3.051055,1.899236,53.535888
12,161,1786548059.28564,0,1,29.855883,-12.089705,28.71243,-13.523968,-4.446414,0.274507,4.45488,-1.47703,-0.104313,1.480709,3.079934,1.834284,54.969489
12,162,1786548059.32563,0,1,29.677818,-12.078912,28.653364,-13.528353,-4.45164,0.269812,4.459809,-1.476646,-0.109615,1.480709,3.081057,1.774932,58.216038
12,163,1786548059.36565,0,1,29.499265,-12.073264,28.594311,-13.532911,-4.463812,0.141203,4.466045,-1.476317,-0.113953,1.480709,3.10997,1.717414,60.013672
12,164,1786548059.40576,0,1,29.320409,-12.068451,28.535262,-13.537513,-4.471398,0.120319,4.473016,-1.476232,-0.115056,1.480709,3.11469,1.665713,63.418883
12,165,1786548059.44578,0,1,29.14117,-12.06897,28.476213,-13.542126,-4.48099,-0.012959,4.481009,-1.476212,-0.115306,1.480709,-3.138701,1.616278,65.540735
12,166,1786548059.48578,0,1,28.961618,-12.072517,28.41716,-13.546678,-4.488787,-0.088676,4.489663,-1.476329,-0.113807,1.480709,-3.12184,1.571491,68.597357
12,167,1786548059.52575,0,1,28.781814,-12.079993,28.358099,-13.551121,-4.495112,-0.186913,4.498996,-1.476536,-0.111082,1.480709,-3.100035,1.530932,71.551447
12,168,1786548059.56569,0,1,28.601661,-12.088516,28.299024,-13.55539,-4.503825,-0.213066,4.508862,-1.476859,-0.106709,1.480709,-3.09432,1.497767,75.634135
12,169,1786548059.60569,0,1,28.421455,-12.102723,28.239937,-13.559467,-4.505157,-0.355186,4.519137,-1.477195,-0.101943,1.480709,-3.062916,1.468009,78.389392
12,170,1786548059.64573,0,1,28.240879,-12.117607,28.180834,-13.563317,-4.514393,-0.372084,4.529701,-1.477577,-0.096251,1.480709,-3.059357,1.446957,82.909912
12,171,1786548059.68568,0,1,28.060341,-12.137352,28.121716,-13.566933,-4.513448,-0.493638,4.540363,-1.477946,-0.090403,1.480709,-3.032655,1.430898,86.216657
12,172,1786548059.72576,0,1,27.879428,-12.157604,28.062583,-13.570305,-4.522829,-0.506286,4.551078,-1.478308,-0.084291,1.480709,-3.030117,1.424525,91.00004
12,173,1786548059.76556,0,1,27.69835,-12.18007,28.003437,-13.573429,-4.526936,-0.561657,4.561645,-1.478648,-0.078092,1.480709,-3.018153,1.426368,95.277917
12,174,1786548059.80578,0,1,27.516921,-12.203,27.944279,-13.576305,-4.535728,-0.573254,4.571811,-1.478961,-0.071913,1.480709,-3.015873,1.438263,100.082381
12,175,1786548059.84576,0,1,27.335513,-12.228982,27.885109,-13.578941,-4.535214,-0.649556,4.581494,-1.479242,-0.065898,1.480709,-2.999335,1.457548,104.001519
12,176,1786548059.88569,0,1,27.153659,-12.254448,27.82593,-13.581344,-4.546349,-0.63664,4.590708,-1.47949,-0.06006,1.480709,-3.002464,1.487481,108.897565
12,177,1786548059.92571,0,1,26.971675,-12.281442,27.766741,-13.583521,-4.549593,-0.67485,4.599372,-1.479707,-0.054447,1.480709,-2.994335,1.525628,112.971515
12,178,1786548059.96563,0,1,26.789189,-12.307244,27.707546,-13.585484,-4.562136,-0.645054,4.607514,-1.479896,-0.049056,1.480709,-3.001131,1.573936,117.647635
12,179,1786548060.00565,0,1,26.606981,-12.336891,27.648343,-13.58724,-4.555209,-0.741159,4.61511,-1.480058,-0.043897,1.480709,-2.9803,1.627209,120.548099
12,180,1786548060.04566,0,1,26.424292,-12.365325,27.589135,-13.588798,-4.567231,-0.71085,4.622219,-1.480196,-0.038953,1.480709,-2.98719,1.689304,124.747146
12,181,1786548060.08558,0,1,26.241201,-12.392873,27.529924,-13.590166,-4.577263,-0.688724,4.628788,-1.48029,-0.034212,1.480685,-2.992247,1.759067,128.549358
12,182,1786548060.12575,0,1,26.058411,-12.423837,27.470723,-13.591352,-4.56975,-0.774081,4.634848,-1.48003,-0.029658,1.480328,-2.973793,1.832407,130.806267
12,183,1786548060.16569,0,1,25.875122,-12.45314,27.411545,-13.592364,-4.582243,-0.732592,4.640435,-1.479447,-0.025278,1.479663,-2.983058,1.912701,134.360532
12,184,1786548060.20566,0,1,25.691536,-12.481874,27.352402,-13.593206,-4.589647,-0.718349,4.645524,-1.478565,-0.021061,1.478715,-2.986337,1.998383,137.316935
12,185,1786548060.24568,0,1,25.508284,-12.513765,27.293306,-13.593886,-4.581286,-0.79727,4.650142,-1.477408,-0.016998,1.477505,-2.969291,2.086376,138.949598
12,186,1786548060.28556,0,1,25.324538,-12.543724,27.234266,-13.594409,-4.593659,-0.748976,4.654317,-1.475997,-0.013079,1.476055,-2.979969,2.179679,141.921158
12,187,1786548060.32565,0,1,25.140508,-12.572855,27.175292,-13.594781,-4.600752,-0.728264,4.658034,-1.474353,-0.009294,1.474382,-2.984603,2.276989,144.338049
12,188,1786548060.36563,0,1,24.956827,-12.604883,27.116392,-13.595006,-4.592032,-0.80071,4.661319,-1.472494,-0.005634,1.472505,-2.968959,2.375725,145.478189
12,189,1786548060.40563,0,1,24.772658,-12.634708,27.057575,-13.59509,-4.604207,-0.745611,4.664189,-1.470438,-0.002093,1.47044,-2.981045,2.478543,148.00361
12,190,1786548060.44564,0,1,24.588883,-12.667427,26.998847,-13.595036,-4.594389,-0.817996,4.66664,-1.4682,0.001338,1.468201,-2.965397,2.582321,148.852701
12,191,1786548060.48564,0,1,24.404644,-12.697937,26.940215,-13.59485,-4.605971,-0.762745,4.668699,-1.465795,0.004666,1.465803,-2.977483,2.68953,151.116884
12,192,1786548060.52563,0,1,24.220241,-12.727857,26.881685,-13.594534,-4.610071,-0.748002,4.67036,-1.463236,0.007897,1.463258,-2.980741,2.799002,152.746458
12,193,1786548060.56564,0,1,24.036254,-12.76053,26.823264,-13.594092,-4.59968,-0.816827,4.671644,-1.460536,0.011036,1.460578,-2.965841,2.908995,153.278891
12,194,1786548060.60564,0,1,23.851826,-12.790844,26.764956,-13.593529,-4.610696,-0.757854,4.672564,-1.457705,0.01409,1.457774,-2.978681,3.021693,155.260813
12,195,1786548060.64564,0,1,23.667848,-12.823907,26.706765,-13.592846,-4.599439,-0.826567,4.67312,-1.454755,0.017063,1.454855,-2.96378,3.13469,155.612546
12,196,1786548060.68563,0,1,23.483453,-12.854606,26.648698,-13.592048,-4.60988,-0.76748,4.673331,-1.451694,0.01996,1.451832,-2.97662,3.250014,157.432882
12,197,1786548060.72564,0,1,23.299541,-12.888049,26.590756,-13.591136,-4.5978,-0.83606,4.673196,-1.448532,0.022785,1.448712,-2.961719,3.365476,157.635402
12,198,1786548060.76564,0,1,23.115233,-12.919124,26.532923,-13.590127,-4.607699,-0.776882,4.672733,-1.445825,0.025235,1.446045,-2.974558,3.482937,159.321913
12,199,1786548060.80563,0,1,22.930435,-12.947139,26.475182,-13.589033,-4.619947,-0.700379,4.672734,-1.443535,0.02734,1.443794,-2.991139,3.602396,161.115573
12,200,1786548060.84562,0,1,22.745943,-12.977219,26.417517,-13.587869,-4.612304,-0.75199,4.673204,-1.44163,0.029124,1.441924,-2.979975,3.722008,161.297076
12,201,1786548060.88563,0,1,22.560942,-13.004241,26.359914,-13.586644,-4.625031,-0.675543,4.674106,-1.440078,0.030612,1.440404,-2.996556,3.843355,162.974108
12,202,1786548060.92565,0,1,22.376201,-13.033334,26.30236,-13.585371,-4.618533,-0.727344,4.675455,-1.438852,0.031827,1.439204,-2.985392,3.964778,163.046754
12,203,1786548060.96563,0,1,22.191844,-13.06519,26.244843,-13.584059,-4.608915,-0.796387,4.677214,-1.437926,0.03279,1.4383,-2.970489,4.086077,162.90112
12,204,1786548061.00565,0,1,22.007008,-13.094689,26.187352,-13.582719,-4.620906,-0.737486,4.679386,-1.437275,0.03352,1.437666,-2.98333,4.208735,164.273415
12,205,1786548061.04563,0,1,21.821606,-13.121133,26.129876,-13.581357,-4.635043,-0.661102,4.681952,-1.436877,0.034034,1.43728,-2.999917,4.332782,165.785181
12,206,1786548061.08564,0,1,21.636394,-13.149663,26.072408,-13.579983,-4.630308,-0.713252,4.684921,-1.436712,0.034349,1.437123,-2.988754,4.456837,165.702305
12,207,1786548061.12557,0,1,21.451063,-13.178302,26.014937,-13.578604,-4.633263,-0.715972,4.688255,-1.436762,0.034482,1.437176,-2.988277,4.581396,166.203004
12,208,1786548061.16563,0,1,21.265268,-13.204822,25.957457,-13.577226,-4.644882,-0.662987,4.691959,-1.437009,0.034445,1.437422,-2.999815,4.706944,167.338883
12,209,1786548061.20565,0,1,21.079661,-13.233706,25.89996,-13.575856,-4.640179,-0.722098,4.696029,-1.437438,0.034252,1.437846,-2.987212,4.832427,167.094552
12,210,1786548061.24557,0,1,20.893462,-13.259798,25.842438,-13.574499,-4.654961,-0.652305,4.700443,-1.438034,0.033916,1.438434,-3.002368,4.958972,168.384525
12,211,1786548061.2855,0,1,20.707419,-13.288263,25.784887,-13.573162,-4.651075,-0.711643,4.705203,-1.438783,0.033447,1.439172,-2.989764,5.085454,168.08935
12,212,1786548061.3255,0,1,20.520765,-13.313933,25.7273,-13.571847,-4.666368,-0.641738,4.710289,-1.439674,0.032856,1.440049,-3.004926,5.212919,169.333652
12,213,1786548061.36563,0,1,20.334234,-13.341985,25.669672,-13.570561,-4.663263,-0.701311,4.715704,-1.440694,0.032153,1.441053,-2.992321,5.340332,168.994234
12,214,1786548061.40563,0,1,20.147073,-13.367236,25.611999,-13.569307,-4.679036,-0.631262,4.721427,-1.441835,0.031347,1.442175,-3.00749,5.468661,170.198853
12,215,1786548061.44566,0,1,19.960006,-13.394879,25.554275,-13.56809,-4.676676,-0.691079,4.727462,-1.443085,0.030446,1.443406,-2.994883,5.596951,169.820717
12,216,1786548061.48562,0,1,19.772296,-13.41976,25.496498,-13.566911,-4.692743,-0.622025,4.733788,-1.444437,0.029458,1.444737,-3.00981,5.726093,170.976863
12,217,1786548061.52564,0,1,19.584654,-13.447055,25.438663,-13.565776,-4.691041,-0.682375,4.740411,-1.445881,0.028391,1.44616,-2.997142,5.855212,170.561796
12,218,1786548061.56564,0,1,19.396487,-13.472595,25.380766,-13.564686,-4.704174,-0.638509,4.74731,-1.447412,0.02725,1.447668,-3.006685,5.984987,171.388702
12,219,1786548061.60564,0,1,19.211483,-13.500352,25.322805,-13.563644,-4.625096,-0.693907,4.67686,-1.449021,0.026043,1.449255,-2.992673,6.11165,170.874148
12,220,1786548061.64562,0,1,19.02978,-13.530916,25.264777,-13.562653,-4.542587,-0.764112,4.606405,-1.450702,0.024774,1.450914,-2.974942,6.235078,170.159985
12,221,1786548061.68562,0,1,18.851539,-13.564826,25.206679,-13.561715,-4.456028,-0.847752,4.535953,-1.452451,0.02345,1.45264,-2.953591,6.355141,169.256354
12,222,1786548061.72563,0,1,18.67695,-13.602564,25.148509,-13.560832,-4.364716,-0.943442,4.465516,-1.454261,0.022075,1.454428,-2.928716,6.471693,168.172512
12,223,1786548061.76556,0,1,18.506235,-13.644555,25.090271,-13.559988,-4.267891,-1.04978,4.395103,-1.455935,0.021086,1.456087,-2.900409,6.58458,166.917075
12,224,1786548061.80561,0,1,18.339644,-13.691168,25.031972,-13.55917,-4.164762,-1.165332,4.324724,-1.457484,0.020452,1.457627,-2.868763,6.69363,165.497926
12,225,1786548061.84563,0,1,18.177462,-13.742714,24.973615,-13.558365,-4.05454,-1.28863,4.254394,-1.458919,0.020145,1.459058,-2.833865,6.798653,163.92229
12,226,1786548061.88563,0,1,18.019546,-13.79815,24.915205,-13.557559,-3.94792,-1.385909,4.184115,-1.460247,0.020139,1.460386,-2.803985,6.899856,162.654739
12,227,1786548061.92566,0,1,17.865714,-13.856586,24.856746,-13.556743,-3.845781,-1.460902,4.113911,-1.461479,0.020409,1.461622,-2.778558,6.997459,161.655551
12,228,1786548061.96556,0,1,17.716017,-13.917859,24.798241,-13.555905,-3.742444,-1.531828,4.043808,-1.462621,0.020932,1.462771,-2.753084,7.091468,160.665805
12,229,1786548062.00557,0,1,17.570494,-13.981806,24.739694,-13.555038,-3.638057,-1.59868,3.973819,-1.463681,0.021687,1.463842,-2.727561,7.181891,159.684442
12,230,1786548062.04563,0,1,17.429184,-14.048265,24.681108,-13.554132,-3.532764,-1.661455,3.903954,-1.464666,0.022656,1.464841,-2.701987,7.268739,158.71046
12,231,1786548062.08563,0,1,17.292115,-14.117071,24.622484,-13.553179,-3.426712,-1.720155,3.834226,-1.465581,0.023819,1.465774,-2.676359,7.352026,157.742915
12,232,1786548062.12563,0,1,17.159314,-14.188062,24.563827,-13.552173,-3.320046,-1.77479,3.764649,-1.466431,0.025159,1.466647,-2.650675,7.431768,156.780917
12,233,1786548062.16564,0,1,17.030797,-14.261077,24.505138,-13.551106,-3.21291,-1.825372,3.695237,-1.467223,0.026661,1.467465,-2.624932,7.507985,155.823622
12,234,1786548062.20565,0,1,16.906579,-14.335954,24.44642,-13.549974,-3.105448,-1.871921,3.626003,-1.46796,0.028311,1.468233,-2.599127,7.580697,154.870228
12,235,1786548062.24564,0,1,16.786667,-14.412533,24.387674,-13.54877,-2.997801,-1.914462,3.556961,-1.468647,0.030093,1.468956,-2.573258,7.649927,153.919966
12,236,1786548062.28564,0,1,16.671063,-14.490653,24.328902,-13.54749,-2.890111,-1.953023,3.488128,-1.469289,0.031997,1.469637,-2.547321,7.715702,152.972099
13,0,1786548066.95503,0,1,53.28,-13.199968,37.597264,-13.400029,-0.499999,0.000796,0.5,-0.068397,-0.000715,0.0684,3.14,15.684012,0.822119
13,0,1786548066.99502,0,1,53.28,-13.199968,37.591392,-13.400084,-0.499999,0.000796,0.5,-0.146794,-0.001376,0.1468,3.14,15.689884,0.822047
13,1,1786548067.03496,0,1,53.257566,-13.200224,37.582385,-13.400163,-0.560857,-0.006388,0.560893,-0.225192,-0.001981,0.2252,-3.130203,15.676456,0.078197
13,2,1786548067.07487,0,1,53.232767,-13.200336,37.570241,-13.400264,-0.619972,-0.002802,0.619979,-0.30359,-0.002528,0.3036,-3.137073,15.663802,0.472347
13,3,1786548067.11488,0,1,53.205675,-13.200439,37.554962,-13.400384,-0.677297,-0.002584,0.677302,-0.381988,-0.003012,0.382,-3.137778,15.651991,0.513365
13,4,1786548067.15495,0,1,53.176359,-13.200491,37.536546,-13.400522,-0.732911,-0.001288,0.732912,-0.460387,-0.003431,0.4604,-3.139836,15.641092,0.632089
13,5,1786548067.19491,0,1,53.144884,-13.200503,37.514995,-13.400673,-0.786854,-0.000308,0.786855,-0.538786,-0.00378,0.5388,-3.141201,15.631171,0.711308
13,6,1786548067.2349,0,1,53.111317,-13.20047,37.490307,-13.400835,-0.839174,0.000827,0.839174,-0.617186,-0.004055,0.617199,3.140607,15.622295,0.791348
13,7,1786548067.27491,0,1,53.075721,-13.200391,37.462484,-13.401005,-0.889912,0.001977,0.889914,-0.695586,-0.00425,0.695599,3.139371,15.614526,0.863418
13,8,1786548067.31501,0,1,53.038156,-13.200263,37.431524,-13.401179,-0.939113,0.003203,0.939118,-0.773986,-0.004361,0.773998,3.138182,15.607925,0.932973
13,9,1786548067.35498,0,1,52.998684,-13.200083,37.397496,-13.401355,-0.986816,0.004496,0.986826,-0.850717,-0.004379,0.850729,3.137037,15.602486,1.000172
13,10,1786548067.39503,0,1,52.957361,-13.199848,37.360645,-13.401527,-1.033062,0.005871,1.033079,-0.921257,-0.004305,0.921267,3.13591,15.59802,1.066444
13,11,1786548067.43496,0,1,52.914246,-13.199555,37.321201,-13.401693,-1.077891,0.007332,1.077916,-0.986101,-0.004148,0.986109,3.134791,15.594354,1.132422
13,12,1786548067.47496,0,1,52.869392,-13.199199,37.279373,-13.401849,-1.12134,0.008886,1.121375,-1.045703,-0.003913,1.04571,3.133668,15.591336,1.198755
13,13,1786548067.51495,0,1,52.822854,-13.198778,37.235354,-13.401994,-1.163446,0.010538,1.163494,-1.100484,-0.003608,1.10049,3.132535,15.588825,1.265885
13,14,1786548067.55503,0,1,52.774684,-13.198286,37.189321,-13.402123,-1.204244,0.012293,1.204307,-1.15083,-0.003239,1.150834,3.131385,15.586697,1.33418
13,15,1786548067.59498,0,1,52.724934,-13.19772,37.141437,-13.402236,-1.243771,0.014155,1.243851,-1.197094,-0.00281,1.197097,3.130213,15.584839,1.403916
13,16,1786548067.63497,0,1,52.673651,-13.197075,37.091853,-13.402329,-1.282059,0.016125,1.282161,-1.239604,-0.002328,1.239606,3.129016,15.58315,1.475308
13,17,1786548067.67496,0,1,52.620886,-13.196347,37.040706,-13.402401,-1.319142,0.018208,1.319268,-1.27866,-0.001796,1.278661,3.12779,15.581542,1.548523
13,18,1786548067.71497,0,1,52.566683,-13.19553,36.988125,-13.402449,-1.355052,0.020405,1.355205,-1.314538,-0.001218,1.314538,3.126536,15.579933,1.623683
13,19,1786548067.75497,0,1,52.511091,-13.194622,36.934225,-13.402473,-1.38982,0.022716,1.390005,-1.347492,-0.0006,1.347492,3.12525,15.578252,1.700879
13,20,1786548067.79503,0,1,52.454152,-13.193616,36.879115,-13.402471,-1.423476,0.025143,1.423698,-1.377757,5.7E-05,1.377757,3.123932,15.576437,1.780174
13,21,1786548067.83496,0,1,52.39591,-13.192509,36.822893,-13.402441,-1.456051,0.027685,1.456314,-1.405547,0.000748,1.405547,3.122581,15.574431,1.861607
13,22,1786548067.8749,0,1,52.336407,-13.191295,36.765651,-13.402382,-1.487572,0.030342,1.487882,-1.431061,0.00147,1.431062,3.121198,15.572187,1.945198
13,23,1786548067.91497,0,1,52.275684,-13.18997,36.707466,-13.402301,-1.518069,0.033113,1.51843,-1.454611,0.002033,1.454612,3.119783,15.569666,2.030978
13,24,1786548067.95496,0,1,52.213778,-13.188923,36.648412,-13.402203,-1.547653,0.026173,1.547875,-1.476353,0.002451,1.476355,3.124683,15.566827,1.753875
13,25,1786548067.99504,0,1,52.150736,-13.187949,36.588555,-13.402094,-1.576055,0.02435,1.576243,-1.496434,0.002734,1.496436,3.126144,15.563654,1.673535
13,26,1786548068.03503,0,1,52.086597,-13.187199,36.527955,-13.401978,-1.603456,0.018766,1.603566,-1.514985,0.002894,1.514988,3.129889,15.560124,1.46143
13,27,1786548068.07502,0,1,52.021405,-13.186602,36.46667,-13.40186,-1.629803,0.014916,1.629871,-1.532129,0.002939,1.532132,3.132441,15.556224,1.317218
13,28,1786548068.11496,0,1,51.955199,-13.186233,36.404751,-13.401745,-1.65516,0.00924,1.655186,-1.547979,0.00288,1.547981,3.13601,15.551941,1.113856
13,29,1786548068.15498,0,1,51.888018,-13.186068,36.342246,-13.401636,-1.679533,0.00412,1.679538,-1.562637,0.002723,1.56264,3.13914,15.547267,0.934996
13,30,1786548068.19494,0,1,51.819899,-13.186152,36.279198,-13.401537,-1.702953,-0.002113,1.702955,-1.5762,0.002478,1.576202,-3.140352,15.542194,0.722952
13,31,1786548068.23497,0,1,51.750882,-13.186482,36.215647,-13.401451,-1.725442,-0.008243,1.725462,-1.588756,0.00215,1.588757,-3.136815,15.536722,0.519055
13,32,1786548068.27496,0,1,51.681001,-13.18709,36.151632,-13.401381,-1.747019,-0.015188,1.747085,-1.600383,0.001747,1.600384,-3.132899,15.530847,0.292489
13,33,1786548068.31498,0,1,51.610293,-13.187978,36.087186,-13.40133,-1.76771,-0.022215,1.76785,-1.611158,0.001275,1.611158,-3.129026,15.524573,0.067437
13,34,1786548068.35495,0,1,51.538791,-13.189175,36.02234,-13.401301,-1.78753,-0.029915,1.787781,-1.621148,0.000739,1.621148,-3.124859,15.517901,0.175531
13,35,1786548068.39503,0,1,51.466531,-13.190685,35.957123,-13.401295,-1.806507,-0.037765,1.806902,-1.630415,0.000144,1.630415,-3.12069,15.510838,0.419608
13,36,1786548068.43493,0,1,51.393545,-13.192534,35.891562,-13.401315,-1.824651,-0.046217,1.825236,-1.639019,-0.000504,1.639019,-3.116269,15.503388,0.679326
13,37,1786548068.47495,0,1,51.319865,-13.194727,35.825682,-13.401363,-1.841991,-0.054825,1.842807,-1.647011,-0.001201,1.647011,-3.111837,15.495561,0.940791
13,38,1786548068.51492,0,1,51.245524,-13.197287,35.759504,-13.401441,-1.858534,-0.064001,1.859636,-1.654441,-0.001944,1.654442,-3.10717,15.487365,1.216991
13,39,1786548068.55493,0,1,51.170551,-13.200219,35.69305,-13.40155,-1.874313,-0.073298,1.875746,-1.661353,-0.002728,1.661355,-3.102506,15.478811,1.494242
13,40,1786548068.59492,0,1,51.094978,-13.203546,35.626339,-13.401692,-1.889328,-0.083164,1.891157,-1.66779,-0.00355,1.667793,-3.097603,15.469909,1.78651
13,41,1786548068.63492,0,1,51.018834,-13.207268,35.559387,-13.401868,-1.903618,-0.093065,1.905891,-1.673788,-0.004407,1.673794,-3.092743,15.460671,2.077683
13,42,1786548068.67493,0,1,50.942147,-13.211412,35.492212,-13.40208,-1.917171,-0.103595,1.919968,-1.679384,-0.005296,1.679393,-3.08761,15.451112,2.385927
13,43,1786548068.71493,0,1,50.864945,-13.215971,35.424827,-13.402329,-1.930043,-0.113986,1.933406,-1.68461,-0.006213,1.684621,-3.082602,15.441242,2.688394
13,44,1786548068.75496,0,1,50.787257,-13.220979,35.357248,-13.402615,-1.942194,-0.125194,1.946225,-1.689494,-0.007157,1.689509,-3.077222,15.431079,3.013759
13,45,1786548068.79495,0,1,50.709108,-13.226414,35.289485,-13.40294,-1.953724,-0.135884,1.958444,-1.694065,-0.008125,1.694084,-3.072153,15.420634,3.322679
13,46,1786548068.83496,0,1,50.630528,-13.232331,35.221551,-13.403304,-1.964519,-0.14792,1.97008,-1.698347,-0.009114,1.698371,-3.066439,15.409925,3.670288
13,47,1786548068.87494,0,1,50.551535,-13.23867,35.153457,-13.403709,-1.974804,-0.15846,1.981152,-1.702364,-0.010123,1.702394,-3.061523,15.398963,3.973564
13,48,1786548068.91494,0,1,50.472166,-13.245548,35.085214,-13.404149,-1.984237,-0.17196,1.991675,-1.706063,-0.010992,1.706099,-3.055146,15.387769,4.362493
13,49,1786548068.95496,0,1,50.392329,-13.25176,35.016835,-13.404618,-1.995914,-0.155301,2.001947,-1.709471,-0.011732,1.709511,-3.06394,15.376254,3.879584
13,50,1786548068.99491,0,1,50.3121,-13.258087,34.948331,-13.405112,-2.005723,-0.158165,2.01195,-1.71261,-0.012352,1.712654,-3.062899,15.364473,3.960559
13,51,1786548069.03497,0,1,50.231428,-13.263705,34.879711,-13.405627,-2.016817,-0.140465,2.021703,-1.715502,-0.012862,1.71555,-3.072058,15.352373,3.454383
13,52,1786548069.07495,0,1,50.15043,-13.270083,34.810984,-13.406158,-2.024937,-0.159431,2.031204,-1.718167,-0.013271,1.718218,-3.063021,15.34005,3.99358
13,53,1786548069.11495,0,1,50.068997,-13.275581,34.742159,-13.406701,-2.035836,-0.137458,2.040472,-1.720622,-0.013586,1.720676,-3.074176,15.327399,3.372539
13,54,1786548069.15498,0,1,49.987193,-13.280946,34.673244,-13.407254,-2.045106,-0.134119,2.049499,-1.722885,-0.013816,1.722941,-3.076106,15.31447,3.279565
13,55,1786548069.19495,0,1,49.905007,-13.285847,34.604245,-13.407812,-2.05465,-0.122522,2.058299,-1.724972,-0.013966,1.725028,-3.082032,15.301248,2.955882
13,56,1786548069.23497,0,1,49.822488,-13.290924,34.535169,-13.408374,-2.062977,-0.126935,2.066878,-1.726895,-0.014044,1.726952,-3.08014,15.28777,3.080791
13,57,1786548069.27496,0,1,49.739573,-13.294891,34.466022,-13.408936,-2.072872,-0.099165,2.075243,-1.728669,-0.014055,1.728726,-3.093789,15.273976,2.311107
13,58,1786548069.31493,0,1,49.656385,-13.299872,34.39681,-13.409497,-2.079678,-0.124536,2.083403,-1.730305,-0.014004,1.730361,-3.081782,15.259969,3.015303
13,59,1786548069.35495,0,1,49.57282,-13.303731,34.327538,-13.410052,-2.089131,-0.096478,2.091358,-1.731814,-0.013897,1.731869,-3.095444,15.245653,2.244518
13,60,1786548069.39495,0,1,49.488942,-13.307538,34.258209,-13.410602,-2.096961,-0.095169,2.099119,-1.733206,-0.013737,1.733261,-3.09624,15.231081,2.210827
13,61,1786548069.43497,0,1,49.404724,-13.310443,34.18883,-13.411143,-2.105439,-0.07263,2.106691,-1.734491,-0.01353,1.734544,-3.10711,15.216228,1.596544
13,62,1786548069.47494,0,1,49.320248,-13.314286,34.119403,-13.411674,-2.111903,-0.096069,2.114086,-1.735678,-0.013279,1.735728,-3.096135,15.201158,2.237462
13,63,1786548069.51488,0,1,49.235436,-13.316892,34.049932,-13.412194,-2.120295,-0.065163,2.121296,-1.736773,-0.012988,1.736822,-3.110869,15.185804,1.400738
13,64,1786548069.55499,0,1,49.150342,-13.319472,33.98042,-13.4127,-2.127364,-0.064492,2.128342,-1.737785,-0.01266,1.737831,-3.111286,15.170208,1.384313
13,65,1786548069.59495,0,1,49.064945,-13.320932,33.910871,-13.413192,-2.134909,-0.036496,2.135221,-1.73872,-0.012298,1.738764,-3.124499,15.154355,0.630545
13,66,1786548069.63496,0,1,48.979299,-13.323246,33.841288,-13.413668,-2.14117,-0.057853,2.141951,-1.739585,-0.011905,1.739625,-3.11458,15.138281,1.205495
13,67,1786548069.67497,0,1,48.893363,-13.324207,33.771673,-13.414128,-2.14838,-0.024018,2.148514,-1.740384,-0.011484,1.740422,-3.130414,15.121958,0.2998
13,68,1786548069.71495,0,1,48.807185,-13.326024,33.702028,-13.414569,-2.154462,-0.045435,2.154941,-1.741123,-0.011037,1.741158,-3.120507,15.105417,0.872262
13,69,1786548069.75494,0,1,48.720738,-13.326476,33.63238,-13.414992,-2.161181,-0.0113,2.161211,-1.741189,-0.010562,1.741221,-3.136364,15.088617,0.036551
13,70,1786548069.79496,0,1,48.634049,-13.327427,33.562733,-13.415394,-2.167224,-0.023784,2.167354,-1.741191,-0.010067,1.741221,-3.130619,15.071573,0.294343
13,71,1786548069.83495,0,1,48.547116,-13.326955,33.493085,-13.415776,-2.173322,0.011814,2.173354,-1.741194,-0.009552,1.741221,3.136157,15.054293,0.649509
13,72,1786548069.87497,0,1,48.459947,-13.327297,33.423437,-13.416137,-2.179224,-0.008558,2.179241,-1.741197,-0.00902,1.741221,-3.137666,15.036773,0.113519
13,73,1786548069.91496,0,1,48.372554,-13.326204,33.353789,-13.416479,-2.184817,0.027327,2.184988,-1.7412,-0.008555,1.741221,3.129086,15.019037,1.060988
13,74,1786548069.95494,0,1,48.284918,-13.325927,33.284141,-13.416805,-2.19091,0.00692,2.190921,-1.741202,-0.008152,1.741221,3.138434,15.001052,0.528065
13,75,1786548069.99492,0,1,48.197051,-13.324384,33.214493,-13.417118,-2.196666,0.038575,2.197005,-1.741203,-0.007805,1.741221,3.124034,14.982845,1.360665
13,76,1786548070.03506,0,1,48.108923,-13.323682,33.144845,-13.417418,-2.203193,0.01755,2.203263,-1.741204,-0.007511,1.741221,3.133627,14.964373,0.815281
13,77,1786548070.07495,0,1,48.02054,-13.322906,33.075196,-13.417709,-2.209575,0.019405,2.209661,-1.741205,-0.007265,1.741221,3.132811,14.945645,0.866609
13,78,1786548070.11496,0,1,47.931895,-13.322142,33.005548,-13.417991,-2.216125,0.019095,2.216208,-1.741206,-0.007064,1.741221,3.132976,14.926655,0.861596
13,79,1786548070.15498,0,1,47.842985,-13.321162,32.9359,-13.418267,-2.222764,0.024515,2.222899,-1.741207,-0.006905,1.741221,3.130564,14.907401,1.005118
13,80,1786548070.19496,0,1,47.753797,-13.320586,32.866252,-13.418539,-2.229687,0.014382,2.229733,-1.741207,-0.006783,1.741221,3.135142,14.887868,0.746542
13,81,1786548070.23496,0,1,47.664347,-13.318789,32.796603,-13.418807,-2.23625,0.044942,2.236702,-1.741208,-0.006696,1.741221,3.121498,14.868081,1.536759
13,82,1786548070.27492,0,1,47.574599,-13.317974,32.726955,-13.419072,-2.24372,0.020364,2.243812,-1.741208,-0.006642,1.741221,3.132517,14.847988,0.910134
13,83,1786548070.31491,0,1,47.484569,-13.316466,32.657307,-13.419337,-2.250729,0.037706,2.251045,-1.741208,-0.006617,1.741221,3.124842,14.82762,1.357272
13,84,1786548070.35492,0,1,47.394234,-13.316031,32.587658,-13.419602,-2.25838,0.010873,2.258407,-1.741208,-0.00662,1.741221,3.136778,14.806938,0.676625
13,85,1786548070.39491,0,1,47.303615,-13.314337,32.51801,-13.419868,-2.265492,0.042345,2.265887,-1.741208,-0.006648,1.741221,3.122904,14.785981,1.47974
13,86,1786548070.43496,0,1,47.212677,-13.313723,32.448362,-13.420136,-2.27344,0.015353,2.273492,-1.741208,-0.0067,1.741221,3.13484,14.764699,0.799867
13,87,1786548070.47496,0,1,47.121448,-13.31184,32.378713,-13.420407,-2.280723,0.047081,2.281208,-1.741207,-0.006773,1.741221,3.120953,14.743135,1.604512
13,88,1786548070.51492,0,1,47.02989,-13.311043,32.309065,-13.420681,-2.288956,0.019925,2.289042,-1.741207,-0.006866,1.741221,3.132888,14.721233,0.925451
13,89,1786548070.55493,0,1,46.938034,-13.308966,32.239417,-13.42096,-2.296395,0.051918,2.296982,-1.741207,-0.006978,1.741221,3.118988,14.699044,1.731687
13,90,1786548070.59489,0,1,46.845838,-13.307982,32.169769,-13.421245,-2.304902,0.024593,2.305034,-1.741206,-0.007106,1.741221,3.130923,14.676506,1.053473
13,91,1786548070.63492,0,1,46.753333,-13.305943,32.10012,-13.421535,-2.312623,0.050979,2.313184,-1.741206,-0.00725,1.741221,3.119552,14.653669,1.714781
13,92,1786548070.67492,0,1,46.66048,-13.305036,32.030472,-13.421831,-2.321329,0.022673,2.32144,-1.741205,-0.007408,1.741221,3.131826,14.630474,1.016989
13,93,1786548070.71501,0,1,46.567314,-13.30286,31.960824,-13.422134,-2.329156,0.0544,2.329791,-1.741204,-0.007579,1.741221,3.118241,14.606977,1.80581
13,94,1786548070.75502,0,1,46.47379,-13.301825,31.891176,-13.422444,-2.338097,0.025898,2.338241,-1.741203,-0.007762,1.741221,3.130516,14.583113,1.108533
13,95,1786548070.79496,0,1,46.379947,-13.299522,31.821528,-13.422763,-2.346075,0.057562,2.346781,-1.741202,-0.007956,1.741221,3.117062,14.558941,1.890513
13,96,1786548070.83495,0,1,46.285737,-13.298369,31.75188,-13.423089,-2.355239,0.028815,2.355415,-1.741201,-0.008161,1.741221,3.129359,14.534393,1.192617
13,97,1786548070.87492,0,1,46.191198,-13.296132,31.682232,-13.423424,-2.363472,0.055934,2.364134,-1.7412,-0.008374,1.741221,3.117931,14.509525,1.858365
13,98,1786548070.91503,0,1,46.096286,-13.295081,31.612584,-13.423767,-2.372796,0.026265,2.372942,-1.741199,-0.008581,1.741221,3.130524,14.484274,1.143244
13,99,1786548070.95504,0,1,46.001037,-13.293206,31.542936,-13.424119,-2.38124,0.046888,2.381702,-1.741198,-0.008782,1.741221,3.121904,14.458694,1.646827
13,100,1786548070.99503,0,1,45.905422,-13.292589,31.473288,-13.424478,-2.390369,0.015415,2.390418,-1.741197,-0.008976,1.741221,3.135144,14.432737,0.893073
13,101,1786548071.03503,0,1,45.809469,-13.291189,31.40364,-13.424844,-2.398838,0.035017,2.399094,-1.741196,-0.009165,1.741221,3.126996,14.406449,1.367885
13,102,1786548071.07497,0,1,45.71316,-13.291119,31.333992,-13.425218,-2.407726,0.001741,2.407727,-1.741195,-0.009349,1.741221,3.14087,14.379793,0.575748
13,103,1786548071.11496,0,1,45.616513,-13.290035,31.264344,-13.425599,-2.416172,0.027109,2.416324,-1.741195,-0.009529,1.741221,3.130373,14.352809,1.184003
13,104,1786548071.15495,0,1,45.519518,-13.290314,31.194697,-13.425988,-2.42487,-0.006993,2.42488,-1.741194,-0.009704,1.741221,-3.138709,14.325464,0.377419
13,105,1786548071.19502,0,1,45.422182,-13.290013,31.125049,-13.426383,-2.433393,0.007524,2.433404,-1.741193,-0.009875,1.741221,3.138501,14.297784,0.723638
13,106,1786548071.23505,0,1,45.324513,-13.291171,31.055401,-13.426784,-2.44172,-0.028931,2.441891,-1.741192,-0.010043,1.741221,-3.129745,14.269757,0.134326
13,107,1786548071.27502,0,1,45.226499,-13.291252,30.985754,-13.427193,-2.450353,-0.002041,2.450354,-1.741191,-0.010207,1.741221,-3.14076,14.241394,0.499206
13,108,1786548071.31502,0,1,45.12816,-13.292805,30.916106,-13.427607,-2.45847,-0.038831,2.458777,-1.74119,-0.010368,1.741221,-3.125799,14.212694,0.361453
13,109,1786548071.35502,0,1,45.029474,-13.293278,30.846458,-13.428028,-2.467151,-0.011805,2.467179,-1.741189,-0.010527,1.741221,-3.136808,14.183656,0.270194
13,110,1786548071.39504,0,1,44.930472,-13.295235,30.776811,-13.428456,-2.47506,-0.048927,2.475544,-1.741182,-0.010682,1.741214,-3.121827,14.154288,0.593206
13,111,1786548071.43503,0,1,44.831121,-13.296237,30.707165,-13.428889,-2.483764,-0.025061,2.48389,-1.741158,-0.010836,1.741192,-3.131503,14.124579,0.039978
13,112,1786548071.47498,0,1,44.731465,-13.298757,30.63752,-13.429329,-2.491407,-0.062996,2.492203,-1.741119,-0.010986,1.741153,-3.116313,14.09455,0.917642
13,113,1786548071.51492,0,1,44.631456,-13.300213,30.567878,-13.429774,-2.500236,-0.036397,2.500501,-1.741066,-0.011135,1.741101,-3.127036,14.064175,0.306207
13,114,1786548071.55491,0,1,44.53115,-13.303201,30.498238,-13.430225,-2.507655,-0.074701,2.508767,-1.741,-0.011282,1.741036,-3.111812,14.033487,1.187673
13,115,1786548071.59494,0,1,44.430491,-13.305328,30.428601,-13.430682,-2.516458,-0.053173,2.51702,-1.740922,-0.011427,1.74096,-3.120466,14.002452,0.697547
13,116,1786548071.63493,0,1,44.329549,-13.309032,30.358967,-13.431145,-2.523546,-0.092607,2.525245,-1.740833,-0.011571,1.740872,-3.104912,13.971116,1.600866
13,117,1786548071.67489,0,1,44.228246,-13.311688,30.289338,-13.431614,-2.53259,-0.066388,2.53346,-1.740735,-0.011713,1.740774,-3.115385,13.939424,1.008646
13,118,1786548071.71496,0,1,44.126669,-13.315935,30.219713,-13.432088,-2.539429,-0.106171,2.541647,-1.740627,-0.011853,1.740667,-3.099808,13.907441,1.915557
13,119,1786548071.75493,0,1,44.024725,-13.319129,30.150092,-13.432568,-2.548577,-0.079851,2.549828,-1.74051,-0.011993,1.740552,-3.110271,13.875097,1.326151
13,120,1786548071.79498,0,1,43.922519,-13.323928,30.080477,-13.433053,-2.555166,-0.119981,2.557982,-1.740386,-0.012131,1.740428,-3.094671,13.842472,2.236727
13,121,1786548071.83494,0,1,43.819942,-13.32767,30.010867,-13.433543,-2.564424,-0.093562,2.566131,-1.740255,-0.012268,1.740298,-3.105124,13.809481,1.650209
13,122,1786548071.87496,0,1,43.717111,-13.333032,29.941262,-13.43404,-2.570763,-0.134036,2.574255,-1.740116,-0.012404,1.740161,-3.089501,13.776219,2.564523
13,123,1786548071.91493,0,1,43.613906,-13.337333,29.87166,-13.434541,-2.580137,-0.10752,2.582376,-1.740056,-0.012525,1.740101,-3.099945,13.74259,1.980974
13,124,1786548071.95494,0,1,43.510468,-13.343265,29.802057,-13.435046,-2.585957,-0.148322,2.590207,-1.740066,-0.012632,1.740112,-3.084299,13.708718,2.899107
13,125,1786548071.99492,0,1,43.406671,-13.348133,29.732452,-13.435555,-2.594927,-0.121688,2.597778,-1.740143,-0.012727,1.740189,-3.094732,13.674498,2.318601
13,126,1786548072.03491,0,1,43.302625,-13.353863,29.66284,-13.436067,-2.601131,-0.143241,2.605072,-1.740279,-0.012809,1.740326,-3.086579,13.640033,2.806723
13,127,1786548072.07493,0,1,43.19824,-13.358404,29.593222,-13.436583,-2.609643,-0.113546,2.612112,-1.740471,-0.012881,1.740519,-3.09811,13.605243,2.162139
13,128,1786548072.11504,0,1,43.09366,-13.364482,29.523593,-13.4371,-2.614481,-0.151941,2.618893,-1.740714,-0.012943,1.740762,-3.083543,13.570262,3.019399
13,129,1786548072.15498,0,1,42.988757,-13.369366,29.453953,-13.43762,-2.622594,-0.122095,2.625434,-1.741004,-0.012996,1.741053,-3.095071,13.534976,2.376559
13,130,1786548072.19498,0,1,42.883684,-13.375794,29.384306,-13.438142,-2.626819,-0.160703,2.63173,-1.741172,-0.01304,1.741221,-3.080491,13.499522,3.236252
13,131,1786548072.23494,0,1,42.778301,-13.381023,29.314659,-13.438665,-2.634558,-0.130718,2.637799,-1.741172,-0.013074,1.741221,-3.092017,13.463766,2.595193
13,132,1786548072.27496,0,1,42.672716,-13.386827,29.245012,-13.439189,-2.639648,-0.145118,2.643634,-1.741171,-0.013102,1.741221,-3.086672,13.427805,2.923311
13,133,1786548072.31502,0,1,42.566839,-13.391278,29.175365,-13.439714,-2.646912,-0.111274,2.64925,-1.741171,-0.013123,1.741221,-3.099578,13.391561,2.200014
13,134,1786548072.35501,0,1,42.460815,-13.39714,29.105719,-13.440239,-2.650603,-0.146532,2.65465,-1.741171,-0.013138,1.741221,-3.086366,13.355166,2.979328
13,135,1786548072.39502,0,1,42.354517,-13.401641,29.036072,-13.440765,-2.657459,-0.11252,2.65984,-1.741171,-0.013147,1.741221,-3.099277,13.318502,2.256213
13,136,1786548072.43497,0,1,42.248088,-13.407557,28.966425,-13.441291,-2.660719,-0.147909,2.664827,-1.741171,-0.013152,1.741221,-3.08606,13.281706,3.036266
13,137,1786548072.47498,0,1,42.1414,-13.412107,28.896778,-13.441817,-2.667191,-0.113742,2.669615,-1.741171,-0.013153,1.741221,-3.098974,13.244655,2.313358
13,138,1786548072.51497,0,1,42.034599,-13.418077,28.827131,-13.442343,-2.670042,-0.149251,2.67421,-1.741171,-0.013149,1.741221,-3.085752,13.20749,3.094135
13,139,1786548072.55503,0,1,41.927553,-13.422674,28.757484,-13.442869,-2.67615,-0.114939,2.678617,-1.741171,-0.013142,1.741221,-3.098669,13.170084,2.371461
13,140,1786548072.59501,0,1,41.820408,-13.428697,28.687838,-13.443394,-2.678613,-0.150558,2.682841,-1.741171,-0.013132,1.741221,-3.085444,13.132579,3.15295
13,141,1786548072.63504,0,1,41.713033,-13.433341,28.618191,-13.443919,-2.684377,-0.116114,2.686887,-1.741171,-0.01312,1.741221,-3.098364,13.094846,2.430531
13,142,1786548072.67498,0,1,41.605574,-13.439414,28.548544,-13.444443,-2.686473,-0.151833,2.69076,-1.741171,-0.013105,1.741221,-3.085135,13.057031,3.212722
13,143,1786548072.71496,0,1,41.497898,-13.444105,28.478897,-13.444967,-2.691911,-0.117267,2.694464,-1.741171,-0.013087,1.741221,-3.098058,13.019001,2.490581
13,144,1786548072.75496,0,1,41.390151,-13.450228,28.40925,-13.44549,-2.693658,-0.153077,2.698004,-1.741172,-0.013068,1.741221,-3.084825,12.980902,3.273462
13,145,1786548072.79494,0,1,41.2822,-13.454964,28.339603,-13.446012,-2.698788,-0.118397,2.701384,-1.741172,-0.013048,1.741221,-3.09775,12.9426,2.551621
13,146,1786548072.83496,0,1,41.174192,-13.461136,28.269956,-13.446533,-2.700204,-0.154291,2.704609,-1.741172,-0.013026,1.741221,-3.084514,12.904243,3.335182
13,147,1786548072.87496,0,1,41.06599,-13.465916,28.200309,-13.447053,-2.705044,-0.119508,2.707682,-1.741172,-0.013003,1.741221,-3.097442,12.865694,2.613662
13,148,1786548072.91495,0,1,40.957744,-13.472135,28.130663,-13.447569,-2.706146,-0.155475,2.710608,-1.741173,-0.012906,1.741221,-3.084203,12.827105,3.397906
13,149,1786548072.95497,0,1,40.849333,-13.476958,28.061016,-13.448078,-2.71028,-0.120578,2.712961,-1.741174,-0.012741,1.741221,-3.097133,12.78835,2.67676
13,150,1786548072.99494,0,1,40.740789,-13.480145,27.991369,-13.448579,-2.713586,-0.079678,2.714755,-1.741176,-0.012514,1.741221,-3.112239,12.74946,1.823727
13,151,1786548073.03497,0,1,40.632237,-13.484536,27.921721,-13.449068,-2.713799,-0.109775,2.716018,-1.741178,-0.01223,1.741221,-3.101164,12.710565,2.476269
13,152,1786548073.07495,0,1,40.523602,-13.487287,27.852074,-13.449544,-2.715877,-0.068779,2.716748,-1.74118,-0.011894,1.741221,-3.116273,12.671584,1.621348
13,153,1786548073.11496,0,1,40.414927,-13.488159,27.782427,-13.450004,-2.716891,-0.021784,2.716978,-1.741183,-0.01151,1.741221,-3.133575,12.632557,0.632443
13,154,1786548073.15496,0,1,40.306273,-13.489999,27.71278,-13.450448,-2.716347,-0.045998,2.716736,-1.741185,-0.011084,1.741221,-3.124661,12.593555,1.150079
13,155,1786548073.19495,0,1,40.197633,-13.489959,27.643132,-13.450872,-2.716,0.001003,2.716,-1.741188,-0.010618,1.741221,3.141223,12.554562,0.157222
13,156,1786548073.23496,0,1,40.089044,-13.490887,27.573484,-13.451277,-2.714723,-0.023201,2.714822,-1.741191,-0.010117,1.741221,-3.133047,12.515622,0.670983
13,157,1786548073.27497,0,1,39.980521,-13.489937,27.503837,-13.45166,-2.713077,0.023744,2.71318,-1.741194,-0.009583,1.741221,3.132841,12.476743,0.325655
13,158,1786548073.31492,0,1,39.872076,-13.489955,27.434189,-13.452021,-2.711125,-0.000453,2.711125,-1.741197,-0.009021,1.741221,-3.141426,12.437945,0.184309
13,159,1786548073.35497,0,1,39.763746,-13.4881,27.364541,-13.452359,-2.708237,0.046379,2.708634,-1.7412,-0.008432,1.741221,3.124469,12.399257,0.815946
13,160,1786548073.39494,0,1,39.65552,-13.487212,27.294893,-13.452671,-2.705665,0.022186,2.705756,-1.741203,-0.00782,1.741221,3.133393,12.360675,0.309702
13,161,1786548073.43498,0,1,39.547456,-13.484458,27.225244,-13.452959,-2.701591,0.068851,2.702468,-1.741206,-0.007187,1.741221,3.116113,12.322252,1.313416
13,162,1786548073.47498,0,1,39.439612,-13.479608,27.155596,-13.45322,-2.696095,0.121264,2.698821,-1.741208,-0.006535,1.741221,3.096645,12.284045,2.452215
13,163,1786548073.51498,0,1,39.331897,-13.475496,27.085948,-13.453455,-2.692878,0.102781,2.694839,-1.741211,-0.005867,1.741221,3.103444,12.245969,2.082658
13,164,1786548073.55497,0,1,39.224457,-13.469302,27.016299,-13.453662,-2.686017,0.154874,2.690478,-1.741213,-0.005185,1.741221,3.083997,12.208167,3.226596
13,165,1786548073.59495,0,1,39.117163,-13.463848,26.946651,-13.453842,-2.682344,0.13633,2.685806,-1.741215,-0.00449,1.741221,3.090811,12.170516,2.86245
13,166,1786548073.63496,0,1,39.010196,-13.456327,26.877002,-13.453993,-2.674176,0.188045,2.680779,-1.741216,-0.003785,1.741221,3.071389,12.133194,4.011328
13,167,1786548073.67496,0,1,38.903392,-13.449549,26.807353,-13.454116,-2.670093,0.16943,2.675463,-1.741218,-0.00307,1.741221,3.078223,12.09604,3.652461
13,168,1786548073.71508,0,1,38.796965,-13.440721,26.737704,-13.45421,-2.660676,0.220711,2.669814,-1.741219,-0.002348,1.741221,3.058829,12.059268,4.806079
13,169,1786548073.75508,0,1,38.690716,-13.43264,26.668056,-13.454275,-2.656227,0.202019,2.663898,-1.74122,-0.00162,1.741221,3.065684,12.02268,4.452354
13,170,1786548073.79513,0,1,38.584891,-13.422528,26.598407,-13.45431,-2.645617,0.252814,2.657669,-1.74122,-0.000887,1.741221,3.046322,11.986527,5.610514
13,171,1786548073.83509,0,1,38.479258,-13.413166,26.528758,-13.454316,-2.640843,0.23404,2.651193,-1.741221,-0.000151,1.741221,3.0532,11.95057,5.261792
13,172,1786548073.87513,0,1,38.374094,-13.401794,26.459109,-13.454293,-2.629097,0.284304,2.644424,-1.74122,0.000587,1.741221,3.033874,11.9151,6.424294
13,173,1786548073.91508,0,1,38.269132,-13.391176,26.38946,-13.454248,-2.624036,0.265442,2.637427,-1.74122,0.001133,1.741221,3.040778,11.879839,6.080467
13,174,1786548073.95504,0,1,38.16434,-13.381528,26.319812,-13.454188,-2.619808,0.241202,2.630888,-1.74122,0.001501,1.741221,3.049783,11.844751,5.611792
13,175,1786548073.99516,0,1,38.05969,-13.373064,26.250163,-13.454119,-2.616253,0.211609,2.624797,-1.74122,0.001705,1.741221,3.060886,11.809805,5.017401
13,176,1786548074.03515,0,1,37.955163,-13.365997,26.180514,-13.454049,-2.613182,0.176674,2.619148,-1.74122,0.001758,1.741221,3.074087,11.774978,4.296263
13,177,1786548074.07515,0,1,37.850943,-13.357599,26.110865,-13.453982,-2.605494,0.209945,2.613939,-1.74122,0.001671,1.741221,3.061189,11.740473,5.077189
13,178,1786548074.11517,0,1,37.746812,-13.35059,26.041216,-13.453924,-2.603267,0.175225,2.609158,-1.74122,0.001456,1.741221,3.074384,11.706052,4.356531
13,179,1786548074.15519,0,1,37.642761,-13.345183,25.971568,-13.453879,-2.601286,0.135182,2.604796,-1.74122,0.001123,1.741221,3.089672,11.671699,3.50842
13,180,1786548074.19517,0,1,37.538788,-13.341591,25.901919,-13.453852,-2.599304,0.089802,2.600855,-1.74122,0.00068,1.741221,3.107058,11.637411,2.531415
13,181,1786548074.23517,0,1,37.434992,-13.337095,25.83227,-13.453846,-2.594905,0.112395,2.597338,-1.741221,0.000138,1.741221,3.098306,11.60331,3.056652
13,182,1786548074.27515,0,1,37.331259,-13.334406,25.762621,-13.453866,-2.593329,0.067224,2.5942,-1.741221,-0.000497,1.741221,3.115676,11.569255,2.076516
13,183,1786548074.31509,0,1,37.227663,-13.330812,25.692972,-13.453915,-2.589913,0.089845,2.591471,-1.74122,-0.001217,1.741221,3.106916,11.535347,2.598266
13,184,1786548074.35504,0,1,37.124114,-13.329019,25.623323,-13.453996,-2.588716,0.044836,2.589105,-1.741219,-0.002015,1.741221,3.124275,11.501469,1.614847
13,185,1786548074.39496,0,1,37.020629,-13.32924,25.553675,-13.454111,-2.587127,-0.005538,2.587133,-1.741218,-0.002885,1.741221,-3.139452,11.467634,0.50126
13,186,1786548074.43505,0,1,36.917207,-13.328766,25.484026,-13.454264,-2.585535,0.011848,2.585562,-1.741216,-0.00382,1.741221,3.13701,11.43387,0.891431
13,187,1786548074.47508,0,1,36.813846,-13.330303,25.414378,-13.454456,-2.584042,-0.038418,2.584327,-1.741214,-0.004816,1.741221,-3.126726,11.400144,0.227777
13,188,1786548074.51502,0,1,36.71051,-13.331144,25.344729,-13.454691,-2.583394,-0.021023,2.58348,-1.741211,-0.005867,1.741221,-3.133455,11.366452,0.156536
13,189,1786548074.55517,0,1,36.607231,-13.333993,25.275081,-13.45497,-2.581973,-0.071229,2.582955,-1.741207,-0.006968,1.741221,-3.114013,11.332796,0.968582
13,190,1786548074.59514,0,1,36.503941,-13.336147,25.205433,-13.455294,-2.582243,-0.053844,2.582804,-1.741202,-0.008115,1.741221,-3.120744,11.299137,0.590355
13,191,1786548074.63518,0,1,36.400707,-13.340308,25.135785,-13.455667,-2.580868,-0.104037,2.582964,-1.741196,-0.009304,1.741221,-3.101303,11.265512,1.721686
13,192,1786548074.67515,0,1,36.297426,-13.343775,25.066137,-13.456088,-2.582029,-0.08668,2.583484,-1.741189,-0.010531,1.741221,-3.108035,11.23185,1.349786
13,193,1786548074.7151,0,1,36.194199,-13.349252,24.99649,-13.456559,-2.580673,-0.136905,2.584301,-1.741181,-0.011793,1.741221,-3.088592,11.198223,2.487645
13,194,1786548074.75509,0,1,36.090891,-13.354035,24.926843,-13.457083,-2.5827,-0.119591,2.585467,-1.741171,-0.013086,1.741221,-3.095321,11.164523,2.12233
13,195,1786548074.7951,0,1,35.987637,-13.360831,24.857197,-13.457659,-2.581333,-0.169889,2.586918,-1.741161,-0.014407,1.741221,-3.075873,11.130862,3.267042
13,196,1786548074.83516,0,1,35.884269,-13.366936,24.787551,-13.458289,-2.5842,-0.152636,2.588704,-1.741149,-0.015754,1.741221,-3.082596,11.097094,2.908583
13,197,1786548074.87516,0,1,35.780777,-13.37228,24.717905,-13.458974,-2.587316,-0.133597,2.590763,-1.741136,-0.017123,1.741221,-3.090003,11.063211,2.506885
13,198,1786548074.9151,0,1,35.677301,-13.379447,24.648261,-13.459708,-2.5869,-0.179168,2.593097,-1.741124,-0.018353,1.741221,-3.072443,11.029332,3.545013
13,199,1786548074.95513,0,1,35.573673,-13.385733,24.578616,-13.460487,-2.590703,-0.157153,2.595465,-1.741112,-0.019455,1.741221,-3.081006,10.995311,3.081793
13,200,1786548074.9951,0,1,35.469889,-13.390923,24.508972,-13.461304,-2.594581,-0.129749,2.597823,-1.741101,-0.020439,1.741221,-3.091627,10.961143,2.494946
13,201,1786548075.03517,0,1,35.366105,-13.397725,24.439328,-13.462157,-2.594613,-0.170038,2.600179,-1.74109,-0.021313,1.741221,-3.076151,10.926966,3.411671
13,202,1786548075.07508,0,1,35.262159,-13.403429,24.369685,-13.46304,-2.598641,-0.142611,2.602551,-1.741081,-0.022087,1.741221,-3.086769,10.892637,2.827621
13,203,1786548075.11511,0,1,35.158055,-13.407818,24.300042,-13.463951,-2.602605,-0.109719,2.604917,-1.741072,-0.022767,1.741221,-3.09946,10.858158,2.117808
13,204,1786548075.1551,0,1,35.053924,-13.413606,24.2304,-13.464885,-2.603268,-0.144696,2.607286,-1.741064,-0.023362,1.741221,-3.086067,10.823646,2.909919
13,205,1786548075.19504,0,1,34.949634,-13.418075,24.160757,-13.465841,-2.607266,-0.111745,2.60966,-1.741057,-0.023878,1.741221,-3.09876,10.788982,2.20047
13,206,1786548075.23516,0,1,34.845317,-13.423947,24.091115,-13.466813,-2.607908,-0.146793,2.612036,-1.741051,-0.024321,1.741221,-3.085364,10.754287,2.99326
13,207,1786548075.27517,0,1,34.74084,-13.428498,24.021474,-13.467801,-2.61194,-0.113781,2.614417,-1.741045,-0.024697,1.741221,-3.098058,10.719438,2.284249
13,208,1786548075.31516,0,1,34.636211,-13.431507,23.951832,-13.468802,-2.615719,-0.075207,2.6168,-1.741041,-0.025012,1.741221,-3.112849,10.684444,1.44691
13,209,1786548075.35509,0,1,34.531527,-13.435702,23.882191,-13.469813,-2.617095,-0.104879,2.619196,-1.741037,-0.025271,1.741221,-3.101539,10.649391,2.111359
13,210,1786548075.39515,0,1,34.426697,-13.43835,23.812549,-13.470832,-2.620752,-0.066209,2.621588,-1.741034,-0.025478,1.741221,-3.116335,10.614198,1.271835
13,211,1786548075.43517,0,1,34.321807,-13.442187,23.742908,-13.471857,-2.62224,-0.095927,2.623994,-1.741032,-0.025638,1.741221,-3.105027,10.578941,1.934381
13,212,1786548075.47505,0,1,34.216776,-13.444474,23.673267,-13.472887,-2.625776,-0.05716,2.626398,-1.74103,-0.025754,1.741221,-3.119827,10.543548,1.092665
13,213,1786548075.51508,0,1,34.111681,-13.447951,23.603626,-13.473921,-2.627377,-0.086925,2.628815,-1.741029,-0.025832,1.741221,-3.10852,10.508088,1.753298
13,214,1786548075.55507,0,1,34.00645,-13.449873,23.533984,-13.474956,-2.630791,-0.048061,2.63123,-1.741028,-0.025873,1.741221,-3.123326,10.472495,0.909375
13,215,1786548075.59511,0,1,33.901149,-13.452988,23.464343,-13.475991,-2.632508,-0.077872,2.63366,-1.741028,-0.025883,1.741221,-3.112021,10.436831,1.568078
13,216,1786548075.63509,0,1,33.795717,-13.454544,23.394702,-13.477025,-2.635801,-0.038911,2.636088,-1.741029,-0.025862,1.741221,-3.126831,10.40104,0.721926
13,217,1786548075.67508,0,1,33.690212,-13.457295,23.325061,-13.478058,-2.637634,-0.068767,2.63853,-1.741029,-0.025816,1.741221,-3.115527,10.365172,1.378675
13,218,1786548075.71507,0,1,33.58458,-13.458483,23.25542,-13.479088,-2.640805,-0.029709,2.640972,-1.74103,-0.025746,1.741221,-3.130343,10.329181,0.530265
13,219,1786548075.7551,0,1,33.47887,-13.460868,23.185778,-13.480114,-2.642757,-0.059611,2.643429,-1.741032,-0.025655,1.741221,-3.11904,10.293109,1.185032
13,220,1786548075.7951,0,1,33.373037,-13.461686,23.116137,-13.481136,-2.645807,-0.020456,2.645886,-1.741033,-0.025545,1.741221,-3.133861,10.256919,0.334327
13,221,1786548075.83507,0,1,33.267122,-13.463702,23.046496,-13.482153,-2.647877,-0.050403,2.648357,-1.741035,-0.025419,1.741221,-3.12256,10.220643,0.987076
13,222,1786548075.8751,0,1,33.16109,-13.464148,22.976854,-13.483164,-2.650806,-0.011151,2.650829,-1.741037,-0.025279,1.741221,-3.137386,10.184253,0.134037
13,223,1786548075.91512,0,1,33.05497,-13.465794,22.907214,-13.484184,-2.652997,-0.041143,2.653316,-1.741016,-0.025504,1.741203,-3.126086,10.147773,0.784642
13,224,1786548075.95507,0,1,32.948737,-13.465866,22.837576,-13.485227,-2.655827,-0.001793,2.655827,-1.740932,-0.026066,1.741127,-3.140918,10.111179,0.071029
13,225,1786548075.99511,0,1,32.84241,-13.467139,22.767945,-13.486304,-2.658186,-0.031831,2.658376,-1.740788,-0.026937,1.740997,-3.129619,10.074483,0.577066
13,226,1786548076.03511,0,1,32.736006,-13.469842,22.698321,-13.487428,-2.660087,-0.067569,2.660945,-1.740591,-0.028093,1.740818,-3.116197,10.0377,1.354681
13,227,1786548076.07513,0,1,32.629473,-13.471193,22.628707,-13.488608,-2.663329,-0.033796,2.663543,-1.740344,-0.02951,1.740595,-3.128904,10.000781,0.627233
13,228,1786548076.11511,0,1,32.522863,-13.473978,22.559105,-13.489855,-2.665258,-0.069614,2.666167,-1.740052,-0.031165,1.740331,-3.11548,9.96377,1.404866
13,229,1786548076.1551,0,1,32.41615,-13.476921,22.489517,-13.491176,-2.667804,-0.073576,2.668819,-1.739717,-0.03304,1.740031,-3.11402,9.926644,1.497494
13,230,1786548076.19509,0,1,32.30939,-13.48153,22.419943,-13.492581,-2.669011,-0.115233,2.671498,-1.739344,-0.035113,1.739699,-3.098445,9.889453,2.40816
13,231,1786548076.23506,0,1,32.202478,-13.485014,22.350385,-13.494076,-2.672797,-0.087093,2.674216,-1.738936,-0.037367,1.739337,-3.109019,9.852097,1.813619
13,232,1786548076.27511,0,1,32.095524,-13.490169,22.280846,-13.495667,-2.673847,-0.128862,2.67695,-1.738495,-0.039785,1.73895,-3.093437,9.81468,2.727041
13,233,1786548076.3151,0,1,31.988411,-13.494196,22.211325,-13.497361,-2.677831,-0.100693,2.679723,-1.738024,-0.04235,1.73854,-3.104008,9.777087,2.134895
13,234,1786548076.3551,0,1,31.881262,-13.499899,22.141824,-13.499163,-2.678722,-0.142575,2.682514,-1.737526,-0.045048,1.73811,-3.088418,9.739439,3.051017
13,235,1786548076.39517,0,1,31.773946,-13.504474,22.072343,-13.501077,-2.682906,-0.114378,2.685343,-1.737003,-0.047863,1.737663,-3.098986,9.701603,2.46122
13,236,1786548076.43511,0,1,31.6666,-13.510729,22.002885,-13.503109,-2.683637,-0.156374,2.688189,-1.736457,-0.050783,1.7372,-3.083389,9.663718,3.380014
13,237,1786548076.47511,0,1,31.55908,-13.515855,21.93345,-13.505261,-2.68802,-0.12815,2.691073,-1.73589,-0.053795,1.736724,-3.093954,9.625636,2.792544
13,238,1786548076.51515,0,1,31.451536,-13.522666,21.864037,-13.507536,-2.688589,-0.170263,2.693975,-1.735304,-0.056885,1.736236,-3.078349,9.587511,3.71401
13,239,1786548076.55493,0,1,31.343809,-13.528346,21.794649,-13.509938,-2.693174,-0.142011,2.696915,-1.734701,-0.060043,1.735739,-3.088911,9.549178,3.128871
13,240,1786548076.59508,0,1,31.236066,-13.535716,21.725286,-13.512468,-2.693579,-0.184243,2.699872,-1.734081,-0.063256,1.735234,-3.073298,9.510808,4.053032
13,241,1786548076.63509,0,1,31.128131,-13.541955,21.655948,-13.515128,-2.698364,-0.155964,2.702868,-1.733447,-0.066514,1.734723,-3.083857,9.472221,3.470252
13,242,1786548076.67506,0,1,31.020187,-13.549887,21.586636,-13.517921,-2.698603,-0.198315,2.70588,-1.7328,-0.069806,1.734206,-3.068236,9.433605,4.397153
13,243,1786548076.71511,0,1,30.912044,-13.556688,21.517351,-13.520846,-2.70359,-0.17001,2.70893,-1.732141,-0.073122,1.733684,-3.078792,9.394762,3.816783
13,244,1786548076.75509,0,1,30.803897,-13.565187,21.448092,-13.523904,-2.70366,-0.212482,2.711996,-1.731471,-0.076452,1.733159,-3.063163,9.355897,4.746494
13,245,1786548076.7951,0,1,30.69558,-13.573076,21.37886,-13.527095,-2.707927,-0.197231,2.7151,-1.730792,-0.079786,1.73263,-3.068886,9.316834,4.448534
13,246,1786548076.8351,0,1,30.587282,-13.58275,21.309656,-13.53042,-2.707444,-0.241845,2.718224,-1.730104,-0.083115,1.732099,-3.052503,9.277774,5.427617
13,247,1786548076.87508,0,1,30.478769,-13.591371,21.240479,-13.533877,-2.712841,-0.215516,2.721389,-1.729408,-0.086429,1.731567,-3.062316,9.238468,4.898779
13,248,1786548076.91508,0,1,30.370285,-13.601781,21.171326,-13.53744,-2.712107,-0.260261,2.724566,-1.72883,-0.089087,1.731123,-3.045923,9.199183,5.88221
13,249,1786548076.95508,0,1,30.261568,-13.611139,21.102192,-13.541086,-2.717916,-0.233941,2.727965,-1.728359,-0.091132,1.73076,-3.055731,9.159644,5.35773
13,250,1786548076.99508,0,1,30.152604,-13.619204,21.033072,-13.54479,-2.724097,-0.201636,2.73155,-1.727987,-0.092603,1.730467,-3.067708,9.119835,4.700804
13,251,1786548077.03517,0,1,30.043386,-13.625735,20.963964,-13.548531,-2.73045,-0.163263,2.735326,-1.727708,-0.093536,1.730238,-3.08187,9.07975,3.909018
13,252,1786548077.07515,0,1,29.933917,-13.630484,20.894864,-13.55229,-2.736734,-0.11873,2.739308,-1.727512,-0.093967,1.730066,-3.098236,9.039391,2.979779
13,253,1786548077.11501,0,1,29.82421,-13.633202,20.825768,-13.556047,-2.742672,-0.067942,2.743513,-1.727394,-0.093926,1.729946,-3.116825,8.998773,1.910315
13,254,1786548077.15509,0,1,29.714292,-13.633634,20.756674,-13.559785,-2.74794,-0.010806,2.747961,-1.727348,-0.093444,1.729873,-3.13766,8.957923,0.697659
13,255,1786548077.19517,0,1,29.604189,-13.632717,20.687579,-13.563487,-2.752578,0.022909,2.752674,-1.727367,-0.092549,1.729845,3.13327,8.916878,0.032006
13,256,1786548077.23514,0,1,29.493901,-13.630757,20.618481,-13.567137,-2.757201,0.049015,2.757636,-1.727447,-0.091266,1.729856,3.123817,8.875648,0.607752
13,257,1786548077.27515,0,1,29.38346,-13.626753,20.549378,-13.570722,-2.761035,0.100082,2.762849,-1.727582,-0.089619,1.729905,3.105361,8.834259,1.712546
13,258,1786548077.31515,0,1,29.272785,-13.623132,20.480267,-13.574227,-2.766863,0.090532,2.768343,-1.727768,-0.087632,1.729989,3.108884,8.792654,1.555374
13,259,1786548077.35515,0,1,29.161995,-13.616962,20.411147,-13.57764,-2.769765,0.154247,2.774056,-1.728001,-0.085324,1.730106,3.085961,8.750935,2.930017
13,260,1786548077.39507,0,1,29.05096,-13.610846,20.342016,-13.580949,-2.775866,0.152915,2.780074,-1.728277,-0.082715,1.730255,3.086561,8.708995,2.956387
13,261,1786548077.43511,0,1,28.93985,-13.60211,20.272873,-13.584142,-2.777757,0.2184,2.786329,-1.728592,-0.079825,1.730434,3.063129,8.666996,4.376827
13,262,1786548077.47518,0,1,28.828647,-13.593703,20.203715,-13.587209,-2.780076,0.210171,2.788009,-1.728943,-0.076668,1.730642,3.066137,8.624934,4.280129
13,263,1786548077.51515,0,1,28.717671,-13.582689,20.134542,-13.590139,-2.77438,0.275338,2.788009,-1.729327,-0.073263,1.730878,3.042673,8.583133,5.717386
13,264,1786548077.55516,0,1,28.606664,-13.572009,20.065352,-13.592924,-2.775194,0.267007,2.788009,-1.729741,-0.069622,1.731141,3.045676,8.541337,5.63593
13,265,1786548077.59513,0,1,28.495937,-13.558727,19.996145,-13.595554,-2.768166,0.332045,2.788009,-1.730182,-0.065759,1.731431,3.022212,8.499872,7.088261
13,266,1786548077.63508,0,1,28.385171,-13.545778,19.926919,-13.598022,-2.76915,0.323732,2.788009,-1.730648,-0.061688,1.731747,3.025214,8.458413,7.021886
13,267,1786548077.67508,0,1,28.274739,-13.530234,19.857674,-13.600319,-2.760793,0.388612,2.788009,-1.731136,-0.05742,1.732088,3.00175,8.417357,8.489443
13,268,1786548077.71505,0,1,28.164261,-13.515021,19.788408,-13.602437,-2.761947,0.380322,2.788009,-1.731645,-0.052965,1.732454,3.004753,8.37631,8.438313
13,269,1786548077.75504,0,1,28.054113,-13.497579,19.719121,-13.604371,-2.753699,0.436047,2.788009,-1.732171,-0.048334,1.732846,2.984547,8.335677,9.732112
13,270,1786548077.79515,0,1,27.943905,-13.480523,19.649812,-13.606112,-2.755208,0.426406,2.788009,-1.732715,-0.043535,1.733262,2.988047,8.295044,9.66502
13,271,1786548077.83512,0,1,27.83408,-13.461152,19.580481,-13.607655,-2.745628,0.484274,2.788009,-1.733273,-0.038577,1.733702,2.967008,8.254899,11.01985
13,272,1786548077.87509,0,1,27.724182,-13.442197,19.511128,-13.608994,-2.747444,0.473861,2.788009,-1.733844,-0.033467,1.734167,2.9708,8.214748,10.949158
13,273,1786548077.91504,0,1,27.614656,-13.421203,19.441751,-13.610132,-2.73816,0.524858,2.788009,-1.734416,-0.028451,1.734649,2.952207,8.175088,12.175227
13,274,1786548077.95508,0,1,27.505038,-13.400692,19.37551,-13.611213,-2.740448,0.512775,2.788009,-1.656028,-0.027027,1.656249,2.956618,8.132253,12.081646
13,275,1786548077.99506,0,1,27.395287,-13.380906,19.312404,-13.612236,-2.743779,0.494642,2.788009,-1.577642,-0.025583,1.577849,2.963231,8.086192,11.858727
13,276,1786548078.03501,0,1,27.285365,-13.362089,19.252434,-13.613201,-2.748035,0.470421,2.788009,-1.499255,-0.02412,1.499449,2.972051,8.036855,11.504493
13,277,1786548078.07507,0,1,27.175529,-13.342783,19.195599,-13.614107,-2.745913,0.482658,2.788009,-1.420869,-0.022637,1.42105,2.967597,7.984541,11.916581
13,278,1786548078.11517,0,1,27.065489,-13.324669,19.1419,-13.614952,-2.750984,0.452861,2.788009,-1.342484,-0.021133,1.34265,2.978438,7.928905,11.446184
13,279,1786548078.15513,0,1,26.955586,-13.305746,19.091336,-13.615736,-2.747582,0.47306,2.788009,-1.264099,-0.019609,1.264251,2.971091,7.870357,12.026309
13,280,1786548078.19502,0,1,26.845462,-13.288155,19.043907,-13.616459,-2.753105,0.439784,2.788009,-1.185714,-0.018063,1.185851,2.98319,7.808459,11.485505
13,281,1786548078.23514,0,1,26.735437,-13.269951,18.999614,-13.617119,-2.750616,0.45509,2.788009,-1.10733,-0.016495,1.107452,2.977628,7.743609,11.964081
13,282,1786548078.27515,0,1,26.625196,-13.253109,18.958456,-13.617715,-2.756031,0.421054,2.788009,-1.028946,-0.014904,1.029054,2.989989,7.675405,11.408976
13,283,1786548078.31514,0,1,26.515082,-13.235455,18.920434,-13.618246,-2.752853,0.441356,2.788009,-0.950562,-0.013291,0.950655,2.982619,7.604289,11.99395
13,284,1786548078.35517,0,1,26.404733,-13.219336,18.885547,-13.618712,-2.758732,0.402979,2.788009,-0.872179,-0.011653,0.872257,2.996545,7.529785,11.35101
13,285,1786548078.39514,0,1,26.294523,-13.202288,18.853795,-13.619112,-2.75524,0.426199,2.788009,-0.793797,-0.009992,0.79386,2.988122,7.452394,11.999518
13,286,1786548078.43518,0,1,26.18408,-13.186825,18.825178,-13.619444,-2.76108,0.386563,2.788009,-0.715415,-0.008305,0.715463,3.002492,7.371607,11.334321
13,287,1786548078.47511,0,1,26.073774,-13.17041,18.799697,-13.619708,-2.757639,0.41039,2.788009,-0.637034,-0.006593,0.637068,2.993858,7.28794,11.9991
13,288,1786548078.51509,0,1,25.963254,-13.155509,18.777351,-13.619902,-2.76301,0.372519,2.788009,-0.558653,-0.004854,0.558674,3.007577,7.200893,11.376162
13,289,1786548078.55509,0,1,25.852861,-13.139691,18.75814,-13.620026,-2.759823,0.395441,2.788009,-0.480273,-0.003087,0.480283,2.999276,7.110963,12.02732
13,290,1786548078.59508,0,1,25.742282,-13.125231,18.742064,-13.620077,-2.764473,0.361503,2.788009,-0.401894,-0.001293,0.401896,3.011563,7.017687,11.493661
13,291,1786548078.63506,0,1,25.631821,-13.109895,18.729123,-13.620056,-2.761519,0.383413,2.788009,-0.323515,0.000531,0.323515,3.003633,6.921525,12.131386
13,292,1786548078.67507,0,1,25.521206,-13.095717,18.719318,-13.619961,-2.765389,0.354429,2.788009,-0.245137,0.002384,0.245148,3.014121,6.82206,11.710823
13,293,1786548078.71508,0,1,25.410708,-13.080651,18.712648,-13.61979,-2.762448,0.376665,2.788009,-0.166759,0.004269,0.166814,3.006077,6.719723,12.366424
13,294,1786548078.7551,0,1,25.300083,-13.066547,18.709112,-13.619543,-2.765624,0.352588,2.788009,-0.088383,0.006186,0.088599,3.014787,6.614129,12.061404
13,295,1786548078.7951,0,1,25.189591,-13.051439,18.708712,-13.619217,-2.762305,0.37771,2.788009,-0.010007,0.008137,0.012898,3.005698,6.505702,12.792969
13,296,1786548078.83511,0,1,25.07899,-13.037143,18.711447,-13.618812,-2.765005,0.357408,2.788009,0.068368,0.010123,0.069113,3.013044,6.394056,12.584727
13,297,1786548078.8751,0,1,24.968579,-13.021454,18.717317,-13.618399,-2.760283,0.392214,2.788009,0.146767,0.01033,0.147131,3.000446,6.279699,13.541872
13,298,1786548078.91512,0,1,24.858415,-13.004117,18.726324,-13.61799,-2.754115,0.433415,2.788009,0.225167,0.010219,0.225399,2.985503,6.162741,14.660014
13,299,1786548078.95517,0,1,24.748366,-12.986056,18.738467,-13.617604,-2.751203,0.451524,2.788009,0.303565,0.009658,0.303719,2.978924,6.042991,15.319112
13,300,1786548078.99516,0,1,24.638417,-12.967403,18.753745,-13.617262,-2.748733,0.466327,2.788009,0.381958,0.008556,0.382053,2.973541,5.920446,15.930413
13,301,1786548079.03512,0,1,24.528678,-12.947548,18.772152,-13.617139,-2.743466,0.496378,2.788009,0.460165,0.003063,0.460175,2.962598,5.795339,16.890374
13,302,1786548079.07514,0,1,24.418982,-12.927463,18.793682,-13.617295,-2.742418,0.502132,2.788009,0.538256,-0.003895,0.53827,2.9605,5.667439,17.367107
13,303,1786548079.11512,0,1,24.309681,-12.905325,18.818333,-13.617759,-2.732523,0.553455,2.788009,0.616276,-0.011596,0.616386,2.941753,5.53737,18.842111
13,304,1786548079.15515,0,1,24.200216,-12.884013,18.846093,-13.61863,-2.736626,0.532798,2.788009,0.694011,-0.02179,0.694353,2.949307,5.404284,18.829724
13,305,1786548079.19508,0,1,24.091169,-12.860653,18.876899,-13.619934,-2.726157,0.584007,2.788009,0.770137,-0.032586,0.770826,2.930559,5.269262,20.376304
13,306,1786548079.23508,0,1,23.982638,-12.835006,18.910493,-13.621653,-2.71328,0.641176,2.788009,0.83986,-0.04298,0.840959,2.909539,5.132784,22.111543
13,307,1786548079.27509,0,1,23.873971,-12.80994,18.946625,-13.623851,-2.716671,0.626652,2.788009,0.903289,-0.054945,0.904958,2.914889,4.994116,22.368731
13,308,1786548079.31509,0,1,23.765855,-12.782595,18.985084,-13.626491,-2.7029,0.683612,2.788009,0.961472,-0.066013,0.963735,2.893869,4.854682,24.204158
13,309,1786548079.35506,0,1,23.657595,-12.755829,19.02566,-13.629626,-2.706518,0.669143,2.788009,1.014411,-0.078362,1.017433,2.899219,4.713633,24.570064
13,310,1786548079.39509,0,1,23.54992,-12.726794,19.068184,-13.633197,-2.691857,0.725881,2.788009,1.063099,-0.089284,1.066842,2.8782,4.572475,26.524803
13,311,1786548079.43512,0,1,23.442092,-12.698335,19.112483,-13.637241,-2.695701,0.71147,2.788009,1.107467,-0.101099,1.112072,2.883549,4.430244,27.020333
13,312,1786548079.47511,0,1,23.33409,-12.670701,19.158398,-13.641794,-2.700068,0.690849,2.787049,1.147893,-0.113814,1.153521,2.891103,4.287122,27.443905
13,313,1786548079.51507,0,1,23.226728,-12.641077,19.205809,-13.646768,-2.684035,0.740618,2.784341,1.185266,-0.12435,1.191772,2.872358,4.144781,29.468461
13,314,1786548079.55505,0,1,23.119279,-12.6123,19.254587,-13.65218,-2.68624,0.719419,2.780908,1.219444,-0.1353,1.226927,2.879917,4.002149,30.052888
13,315,1786548079.59504,0,1,23.011742,-12.584623,19.304616,-13.658045,-2.688428,0.691924,2.776041,1.250732,-0.146625,1.259297,2.889688,3.859406,30.58176
13,316,1786548079.63502,0,1,22.904121,-12.558296,19.355793,-13.664376,-2.690502,0.658179,2.769837,1.279416,-0.158277,1.289169,2.901674,3.716726,31.059552
13,317,1786548079.67512,0,1,22.797175,-12.530514,19.40804,-13.67105,-2.673664,0.694538,2.762402,1.306172,-0.16685,1.316785,2.88744,3.5759,33.161351
13,318,1786548079.71503,0,1,22.690199,-12.50409,19.461274,-13.678058,-2.674399,0.660616,2.754782,1.330857,-0.175195,1.342339,2.899426,3.435718,33.855328
13,319,1786548079.75503,0,1,22.583189,-12.479262,19.515422,-13.685386,-2.675242,0.620685,2.746301,1.353692,-0.183214,1.366034,2.913615,3.296352,34.524906
13,320,1786548079.79509,0,1,22.476147,-12.45627,19.570417,-13.693018,-2.676056,0.574817,2.737095,1.374881,-0.190796,1.388057,2.930008,3.157976,35.178697
13,321,1786548079.83509,0,1,22.36908,-12.435346,19.626201,-13.70093,-2.676678,0.523089,2.727312,1.39461,-0.19781,1.408569,2.9486,3.020776,35.826586
13,322,1786548079.87511,0,1,22.262003,-12.416723,19.682723,-13.709095,-2.676925,0.465578,2.71711,1.413045,-0.204108,1.42771,2.969393,2.884945,36.479919
13,323,1786548079.91512,0,1,22.154939,-12.400628,19.739949,-13.717472,-2.676588,0.402362,2.706662,1.430648,-0.209428,1.445896,2.992383,2.750683,37.151772
13,324,1786548079.95506,0,1,22.047913,-12.387287,19.79785,-13.726015,-2.675654,0.333544,2.696364,1.44752,-0.21359,1.463193,3.017574,2.618202,37.857304
13,325,1786548079.99499,0,1,21.940959,-12.37692,19.856399,-13.734671,-2.673859,0.259169,2.68639,1.463736,-0.216402,1.479646,3.044968,2.487746,38.613906
13,326,1786548080.03508,0,1,21.834122,-12.369749,19.915573,-13.743378,-2.670912,0.179273,2.676921,1.479347,-0.217664,1.495274,3.074573,2.359595,39.441587
13,327,1786548080.07506,0,1,21.727463,-12.365994,19.975357,-13.751684,-2.666492,0.093879,2.668144,1.494588,-0.207646,1.508943,3.1064,2.233834,40.355833
13,328,1786548080.11506,0,1,21.621053,-12.365874,20.035718,-13.759938,-2.660241,0.002999,2.660243,1.509036,-0.206346,1.523079,3.140465,2.11109,41.391354
13,329,1786548080.1551,0,1,21.514986,-12.369609,20.096632,-13.768054,-2.651668,-0.093369,2.653311,1.522847,-0.202905,1.536305,-3.106396,1.991828,42.578407
13,330,1786548080.19506,0,1,21.40928,-12.37607,20.158064,-13.775909,-2.642653,-0.161528,2.647585,1.535803,-0.196366,1.548305,-3.080545,1.877523,44.710968
13,331,1786548080.23515,0,1,21.303932,-12.385082,20.219977,-13.783389,-2.633698,-0.225317,2.643319,1.547818,-0.187024,1.559076,-3.056249,1.769243,47.327627
13,332,1786548080.27507,0,1,21.198947,-12.396631,20.282331,-13.79041,-2.62463,-0.288725,2.640463,1.558866,-0.175511,1.568715,-3.032027,1.668174,50.391527
13,333,1786548080.31507,0,1,21.094336,-12.410703,20.34509,-13.796914,-2.615276,-0.351798,2.638832,1.568969,-0.162591,1.577371,-3.007879,1.575737,53.947553
13,334,1786548080.35539,0,1,20.990121,-12.427286,20.408218,-13.802875,-2.605372,-0.414572,2.63815,1.578202,-0.149044,1.585224,-2.983794,1.493605,58.029399
13,335,1786548080.39519,0,1,20.886337,-12.446369,20.471685,-13.808297,-2.594613,-0.47706,2.638106,1.586669,-0.135536,1.592448,-2.959758,1.423652,62.648281
13,336,1786548080.43521,0,1,20.783028,-12.467939,20.535464,-13.813198,-2.582717,-0.539256,2.638413,1.594481,-0.122538,1.599183,-2.935756,1.367849,67.779118
13,337,1786548080.4752,0,1,20.680249,-12.491984,20.599534,-13.817611,-2.569466,-0.601138,2.638848,1.601733,-0.110307,1.605527,-2.911772,1.328081,73.347857
13,338,1786548080.51518,0,1,20.57806,-12.518491,20.663873,-13.821568,-2.554726,-0.662675,2.639273,1.608496,-0.098936,1.611536,-2.887794,1.305899,79.226159
13,339,1786548080.55517,0,1,20.476523,-12.547445,20.728466,-13.825105,-2.538434,-0.723829,2.639617,1.614823,-0.088423,1.617242,-2.863817,1.302264,85.239708
13,340,1786548080.59517,0,1,20.3757,-12.578827,20.793296,-13.828254,-2.520567,-0.784561,2.639847,1.620754,-0.078725,1.622664,-2.839835,1.317366,91.191713
13,341,1786548080.6351,0,1,20.275655,-12.61262,20.858349,-13.831045,-2.501126,-0.844827,2.639955,1.626322,-0.069785,1.627819,-2.815847,1.35059,96.894897
13,342,1786548080.6752,0,1,20.17645,-12.648803,20.923612,-13.833507,-2.48012,-0.904585,2.639938,1.631558,-0.061548,1.632718,-2.791852,1.400633,102.199885
13,343,1786548080.71518,0,1,20.078148,-12.687355,20.989071,-13.835666,-2.457566,-0.963792,2.639796,1.636487,-0.05396,1.637376,-2.767851,1.465742,107.010199
13,344,1786548080.75508,0,1,19.980809,-12.728251,21.054716,-13.837545,-2.433479,-1.022407,2.639533,1.641135,-0.046972,1.641807,-2.743844,1.543959,111.282106
13,345,1786548080.79509,0,1,19.884494,-12.771467,21.120537,-13.839166,-2.40788,-1.080387,2.639151,1.645523,-0.040537,1.646023,-2.71983,1.633336,115.014219
13,346,1786548080.83511,0,1,19.789262,-12.816975,21.186524,-13.840551,-2.380789,-1.137693,2.638655,1.649674,-0.034614,1.650037,-2.69581,1.732065,118.233606
13,347,1786548080.87508,0,1,19.695173,-12.864746,21.252669,-13.841717,-2.352229,-1.194285,2.638048,1.653606,-0.029163,1.653863,-2.671784,1.83855,120.983134
13,348,1786548080.91502,0,1,19.602284,-12.914751,21.31896,-13.842681,-2.322225,-1.250125,2.637336,1.657295,-0.024103,1.657471,-2.647753,1.951418,123.312115
13,349,1786548080.95516,0,1,19.51063,-12.96697,21.385391,-13.843457,-2.291342,-1.305484,2.637145,1.660763,-0.019404,1.660876,-2.623715,2.069531,125.270823
13,350,1786548080.99502,0,1,19.420246,-13.021381,21.451952,-13.844059,-2.259594,-1.36027,2.637442,1.664026,-0.01504,1.664094,-2.599706,2.191946,126.908154
13,351,1786548081.03504,0,1,19.331168,-13.07796,21.518636,-13.844498,-2.226953,-1.41447,2.63819,1.667101,-0.010984,1.667137,-2.575721,2.317886,128.266323
13,352,1786548081.07502,0,1,19.245771,-13.135117,21.585436,-13.844787,-2.134923,-1.428932,2.568996,1.670002,-0.007213,1.670018,-2.55176,2.444926,129.331426
13,353,1786548081.11497,0,1,19.16424,-13.193021,21.652346,-13.844935,-2.038275,-1.447598,2.500021,1.672745,-0.003706,1.672749,-2.524049,2.572093,129.935206
13,354,1786548081.15503,0,1,19.086554,-13.251523,21.719359,-13.844953,-1.94216,-1.462541,2.431258,1.675341,-0.000442,1.675341,-2.496143,2.698856,130.316367
13,355,1786548081.19502,0,1,19.012685,-13.310475,21.786472,-13.844849,-1.84671,-1.473814,2.362725,1.677803,0.002597,1.677805,-2.468026,2.824791,130.502982
13,356,1786548081.23497,0,1,18.942603,-13.369734,21.853677,-13.844632,-1.752058,-1.48147,2.294441,1.68014,0.005428,1.680149,-2.439682,2.949556,130.518166
13,357,1786548081.27502,0,1,18.87627,-13.429157,21.920972,-13.844309,-1.658334,-1.485567,2.226428,1.682364,0.008068,1.682383,-2.411092,3.072875,130.380888
13,358,1786548081.31503,0,1,18.813643,-13.488604,21.988351,-13.843888,-1.565668,-1.486172,2.158709,1.684483,0.01053,1.684516,-2.382237,3.194526,130.1067
13,359,1786548081.35501,0,1,18.754676,-13.547938,22.055811,-13.843375,-1.474187,-1.483353,2.091307,1.686505,0.012827,1.686554,-2.353095,3.314329,129.70833
13,360,1786548081.39502,0,1,18.699315,-13.607025,22.123349,-13.842776,-1.384015,-1.477188,2.024248,1.688439,0.014974,1.688506,-2.323642,3.43214,129.196156
13,361,1786548081.43497,0,1,18.647504,-13.665736,22.19096,-13.842097,-1.295273,-1.467758,1.957561,1.690291,0.01698,1.690377,-2.29385,3.547843,128.578583
13,362,1786548081.47497,0,1,18.599181,-13.723942,22.258643,-13.841342,-1.208081,-1.455149,1.891275,1.692069,0.018857,1.692174,-2.263689,3.661345,127.862346
13,363,1786548081.51493,0,1,18.554279,-13.78152,22.326394,-13.840518,-1.122556,-1.439455,1.825421,1.693777,0.020614,1.693902,-2.233128,3.772577,127.052741
13,364,1786548081.5549,0,1,18.512726,-13.838351,22.394211,-13.839627,-1.038809,-1.420775,1.760036,1.695422,0.022261,1.695568,-2.202128,3.881485,126.153815
13,365,1786548081.59491,0,1,18.474448,-13.894319,22.462091,-13.838675,-0.956951,-1.399212,1.695155,1.697008,0.023805,1.697175,-2.170649,3.988032,125.168505
13,366,1786548081.6349,0,1,18.439365,-13.949314,22.530033,-13.837665,-0.877085,-1.374877,1.630818,1.698541,0.025255,1.698728,-2.138645,4.092192,124.098741
13,367,1786548081.67491,0,1,18.407392,-14.00323,22.598034,-13.8366,-0.799315,-1.347886,1.567067,1.700024,0.026617,1.700232,-2.106063,4.193953,122.945526
13,368,1786548081.71491,0,1,18.378443,-14.055964,22.666093,-13.835484,-0.723735,-1.318359,1.503949,1.701462,0.027899,1.701691,-2.072846,4.293315,121.708984
13,369,1786548081.75489,0,1,18.352425,-14.107421,22.734207,-13.83432,-0.650439,-1.286425,1.441513,1.702858,0.029105,1.703107,-2.038928,4.390284,120.388384
13,370,1786548081.79496,0,1,18.329245,-14.15751,22.802375,-13.83311,-0.579512,-1.252214,1.37981,1.704216,0.030243,1.704484,-2.004235,4.484878,118.982141
13,371,1786548081.83501,0,1,18.308803,-14.206144,22.870597,-13.831858,-0.511035,-1.215866,1.318896,1.705538,0.031317,1.705825,-1.968684,4.577123,117.487805
13,372,1786548081.87502,0,1,18.291,-14.253245,22.93887,-13.830565,-0.445084,-1.177521,1.258831,1.706828,0.032331,1.707134,-1.932181,4.66705,115.902014
13,373,1786548081.91497,0,1,18.275731,-14.298738,23.007194,-13.829233,-0.381726,-1.137328,1.199679,1.708088,0.033293,1.708412,-1.894616,4.7547,114.220433
14,0,1786548085.85488,0,1,53.28,-13.199968,37.597264,-13.400028,-0.499999,0.000796,0.5,-0.068397,-0.000701,0.0684,3.14,15.684012,0.822118
14,0,1786548085.89485,0,1,53.28,-13.199968,37.591392,-13.400082,-0.499999,0.000796,0.5,-0.146794,-0.001341,0.1468,3.14,15.689884,0.82204
14,1,1786548085.93488,0,1,53.257178,-13.200343,37.582385,-13.400158,-0.570556,-0.009376,0.570633,-0.225192,-0.001918,0.2252,-3.125161,15.676067,0.211111
14,2,1786548085.97473,0,1,53.231529,-13.200647,37.570241,-13.400256,-0.641224,-0.007599,0.641269,-0.30359,-0.002429,0.3036,-3.129743,15.66256,0.051268
14,3,1786548086.0148,0,1,53.203054,-13.200962,37.554961,-13.40037,-0.71186,-0.007875,0.711904,-0.381989,-0.002868,0.382,-3.13053,15.649363,0.096262
14,4,1786548086.05483,0,1,53.171754,-13.201279,37.536546,-13.4005,-0.7825,-0.007911,0.78254,-0.460388,-0.003233,0.4604,-3.131483,15.636478,0.150796
14,5,1786548086.0948,0,1,53.137629,-13.201601,37.514994,-13.40064,-0.853137,-0.008071,0.853176,-0.538788,-0.003519,0.538799,-3.132133,15.623902,0.187923
14,6,1786548086.13475,0,1,53.100678,-13.201933,37.490307,-13.400789,-0.923775,-0.008288,0.923812,-0.617188,-0.00372,0.617199,-3.132621,15.611638,0.215799
14,7,1786548086.1748,0,1,53.060902,-13.202276,37.462483,-13.400942,-0.994411,-0.008568,0.994448,-0.695588,-0.00383,0.695598,-3.132977,15.599683,0.236068
14,8,1786548086.21475,0,1,53.0183,-13.202632,37.431524,-13.401096,-1.065047,-0.008904,1.065085,-0.773988,-0.003843,0.773997,-3.133233,15.588039,0.250532
14,9,1786548086.25478,0,1,52.972872,-13.203003,37.397649,-13.401246,-1.135683,-0.009293,1.135721,-0.846866,-0.003756,0.846875,-3.13341,15.576485,0.260424
14,10,1786548086.29476,0,1,52.92462,-13.203393,37.361093,-13.401389,-1.206319,-0.009731,1.206358,-0.913912,-0.003578,0.913919,-3.133526,15.564786,0.266685
14,11,1786548086.33478,0,1,52.873541,-13.203801,37.322069,-13.401522,-1.276954,-0.010216,1.276995,-0.975591,-0.003316,0.975596,-3.133592,15.552729,0.270033
14,12,1786548086.37478,0,1,52.819638,-13.204231,37.280776,-13.401641,-1.34759,-0.010745,1.347632,-1.032332,-0.002977,1.032336,-3.133619,15.540116,0.271026
14,13,1786548086.4148,0,1,52.762909,-13.204684,37.237395,-13.401744,-1.418225,-0.011315,1.41827,-1.084531,-0.002568,1.084534,-3.133615,15.526765,0.270101
14,14,1786548086.45484,0,1,52.703354,-13.205161,37.192093,-13.401828,-1.48886,-0.011923,1.488907,-1.132551,-0.002095,1.132553,-3.133585,15.512508,0.267607
14,15,1786548086.49479,0,1,52.640975,-13.205663,37.145024,-13.40189,-1.559495,-0.012566,1.559545,-1.176726,-0.001563,1.176727,-3.133535,15.497193,0.263825
14,16,1786548086.5348,0,1,52.575769,-13.206193,37.096329,-13.401929,-1.630129,-0.013244,1.630183,-1.217365,-0.000976,1.217365,-3.133468,15.480678,0.258981
14,17,1786548086.57478,0,1,52.507739,-13.206751,37.046139,-13.401943,-1.700764,-0.013952,1.700821,-1.254749,-0.000341,1.254749,-3.133389,15.462832,0.253263
14,18,1786548086.61478,0,1,52.436883,-13.207339,36.994573,-13.401929,-1.771398,-0.01469,1.771459,-1.289139,0.00034,1.289139,-3.1333,15.443535,0.246822
14,19,1786548086.65473,0,1,52.363202,-13.207957,36.941742,-13.401887,-1.842033,-0.015454,1.842098,-1.320775,0.001061,1.320776,-3.133203,15.422679,0.239786
14,20,1786548086.69479,0,1,52.286695,-13.208607,36.887747,-13.401814,-1.912667,-0.016244,1.912736,-1.349877,0.00182,1.349879,-3.1331,15.40016,0.232261
14,21,1786548086.73478,0,1,52.207363,-13.209289,36.832681,-13.401709,-1.983301,-0.017056,1.983374,-1.376648,0.002614,1.376651,-3.132993,15.375886,0.224334
14,22,1786548086.77477,0,1,52.125206,-13.210004,36.77663,-13.401572,-2.053935,-0.017889,2.054013,-1.401274,0.003438,1.401278,-3.132883,15.34977,0.216078
14,23,1786548086.81476,0,1,52.040223,-13.210754,36.719673,-13.401402,-2.124569,-0.018741,2.124652,-1.423928,0.004254,1.423934,-3.132772,15.321736,0.207563
14,24,1786548086.85473,0,1,51.952415,-13.211569,36.661883,-13.401199,-2.195196,-0.020371,2.19529,-1.444767,0.005063,1.444776,-3.132313,15.291708,0.178865
14,25,1786548086.89476,0,1,51.861782,-13.212446,36.603325,-13.400965,-2.265822,-0.021928,2.265928,-1.463936,0.005863,1.463948,-3.131915,15.259621,0.153386
14,26,1786548086.93479,0,1,51.768386,-13.21339,36.544062,-13.400698,-2.334893,-0.023605,2.335012,-1.48157,0.006657,1.481585,-3.131483,15.225476,0.125668
14,27,1786548086.97477,0,1,51.67231,-13.214404,36.484151,-13.400401,-2.401911,-0.02535,2.402045,-1.49779,0.007443,1.497809,-3.131039,15.189298,0.096942
14,28,1786548087.01478,0,1,51.573633,-13.215491,36.423642,-13.400072,-2.466932,-0.027176,2.467082,-1.512711,0.008222,1.512733,-3.130577,15.151115,0.066881
14,29,1786548087.05479,0,1,51.472432,-13.216654,36.362585,-13.399712,-2.530008,-0.029081,2.530175,-1.526435,0.008995,1.526462,-3.130099,15.110956,0.035562
14,30,1786548087.09479,0,1,51.368785,-13.217897,36.301023,-13.399322,-2.591192,-0.031065,2.591379,-1.53906,0.009761,1.53909,-3.129604,15.068854,0.002968
14,31,1786548087.1348,0,1,51.262763,-13.219222,36.238996,-13.398901,-2.650535,-0.033128,2.650742,-1.550671,0.010521,1.550707,-3.129095,15.024842,0.030888
14,32,1786548087.17479,0,1,51.15444,-13.220633,36.176542,-13.39845,-2.708086,-0.03527,2.708316,-1.561352,0.011275,1.561393,-3.128569,14.978954,0.065993
14,33,1786548087.21474,0,1,51.043884,-13.222133,36.113695,-13.397969,-2.763893,-0.037488,2.764147,-1.571175,0.012023,1.571221,-3.12803,14.931225,0.102333
14,34,1786548087.25474,0,1,50.931164,-13.223724,36.050486,-13.397458,-2.818003,-0.039782,2.818284,-1.580211,0.012765,1.580262,-3.127477,14.881692,0.139887
14,35,1786548087.29475,0,1,50.816345,-13.22541,35.986945,-13.396918,-2.870461,-0.042149,2.87077,-1.588521,0.013502,1.588578,-3.12691,14.830392,0.178634
14,36,1786548087.33479,0,1,50.699493,-13.227193,35.923099,-13.396349,-2.921311,-0.044587,2.921652,-1.596164,0.014233,1.596227,-3.126331,14.777362,0.21855
14,37,1786548087.37477,0,1,50.580669,-13.229077,35.858971,-13.395751,-2.970597,-0.047094,2.970971,-1.603193,0.014958,1.603263,-3.12574,14.722641,0.259609
14,38,1786548087.41487,0,1,50.459935,-13.231064,35.794585,-13.395123,-3.018361,-0.049667,3.018769,-1.609657,0.015678,1.609733,-3.125139,14.666267,0.301783
14,39,1786548087.45485,0,1,50.337349,-13.233156,35.729961,-13.394468,-3.064643,-0.052303,3.065089,-1.615602,0.016394,1.615685,-3.124528,14.608279,0.345044
14,40,1786548087.49479,0,1,50.21297,-13.235356,35.665118,-13.393784,-3.109483,-0.054998,3.109969,-1.621069,0.017104,1.621159,-3.123907,14.548714,0.389363
14,41,1786548087.53477,0,1,50.086853,-13.237666,35.600074,-13.393071,-3.152919,-0.057749,3.153448,-1.626096,0.017809,1.626193,-3.123279,14.487612,0.43471
14,42,1786548087.57478,0,1,49.959053,-13.240088,35.534845,-13.392331,-3.19499,-0.060553,3.195564,-1.630718,0.018509,1.630823,-3.122642,14.425011,0.481056
14,43,1786548087.61478,0,1,49.829624,-13.242624,35.469447,-13.391563,-3.235732,-0.063406,3.236354,-1.634968,0.019204,1.635081,-3.122,14.36095,0.52837
14,44,1786548087.65478,0,1,49.698617,-13.245276,35.403892,-13.390767,-3.275181,-0.066304,3.275852,-1.638876,0.019894,1.638996,-3.121351,14.295465,0.576624
14,45,1786548087.69481,0,1,49.566082,-13.248046,35.338193,-13.389944,-3.313371,-0.069243,3.314094,-1.642468,0.02058,1.642597,-3.120698,14.228596,0.625787
14,46,1786548087.7348,0,1,49.432068,-13.250935,35.272362,-13.389093,-3.350336,-0.072219,3.351114,-1.645771,0.02126,1.645908,-3.12004,14.16038,0.675833
14,47,1786548087.77476,0,1,49.296624,-13.253944,35.20641,-13.388216,-3.386109,-0.075228,3.386945,-1.648807,0.021937,1.648953,-3.11938,14.090854,0.726734
14,48,1786548087.81475,0,1,49.159795,-13.257075,35.140347,-13.387321,-3.420722,-0.078267,3.421617,-1.651574,0.022363,1.651726,-3.118716,14.020053,0.778425
14,49,1786548087.85474,0,1,49.021604,-13.260191,35.074183,-13.386419,-3.454787,-0.077922,3.455665,-1.654095,0.022559,1.654248,-3.119042,13.947992,0.773546
14,50,1786548087.89474,0,1,48.882075,-13.263352,35.007928,-13.385517,-3.48821,-0.079016,3.489105,-1.656387,0.022544,1.656541,-3.118944,13.874686,0.793172
14,51,1786548087.93474,0,1,48.741233,-13.266512,34.941589,-13.384624,-3.521067,-0.079005,3.521953,-1.658471,0.022333,1.658621,-3.119159,13.800149,0.794995
14,52,1786548087.97476,0,1,48.599099,-13.269684,34.875174,-13.383746,-3.55334,-0.079285,3.554225,-1.660362,0.021943,1.660507,-3.119284,13.724399,0.802031
14,53,1786548088.01475,0,1,48.455697,-13.272848,34.808691,-13.382891,-3.585063,-0.079102,3.585935,-1.662076,0.021388,1.662214,-3.119532,13.647449,0.801998
14,54,1786548088.0548,0,1,48.311047,-13.276004,34.742146,-13.382063,-3.61624,-0.078899,3.617101,-1.663627,0.020681,1.663755,-3.119778,13.569315,0.802043
14,55,1786548088.09476,0,1,48.165171,-13.279141,34.675545,-13.38127,-3.646891,-0.078439,3.647735,-1.665028,0.019835,1.665146,-3.120087,13.490013,0.798386
14,56,1786548088.13476,0,1,48.01809,-13.282256,34.608893,-13.380516,-3.677028,-0.077879,3.677852,-1.666291,0.01886,1.666398,-3.120416,13.409557,0.793489
14,57,1786548088.17475,0,1,47.869824,-13.285342,34.542196,-13.379805,-3.706664,-0.077142,3.707467,-1.667428,0.017768,1.667522,-3.120784,13.327962,0.786153
14,58,1786548088.21475,0,1,47.720391,-13.288394,34.475458,-13.379142,-3.735813,-0.076291,3.736592,-1.668447,0.016567,1.66853,-3.121174,13.245244,0.777341
14,59,1786548088.25473,0,1,47.569812,-13.291406,34.408684,-13.378532,-3.764488,-0.075304,3.765241,-1.66936,0.015268,1.66943,-3.121592,13.161416,0.76669
14,60,1786548088.29474,0,1,47.418103,-13.294374,34.341877,-13.377976,-3.792701,-0.074211,3.793427,-1.670173,0.013877,1.670231,-3.122028,13.076494,0.754638
14,61,1786548088.33475,0,1,47.265285,-13.297295,34.275041,-13.37748,-3.820464,-0.073008,3.821162,-1.670896,0.012403,1.670942,-3.122485,12.990491,0.741105
14,62,1786548088.37475,0,1,47.111373,-13.300163,34.20818,-13.377046,-3.84779,-0.071712,3.848458,-1.671535,0.010853,1.67157,-3.122957,12.903423,0.726326
14,63,1786548088.41475,0,1,46.956386,-13.302976,34.141296,-13.376677,-3.874689,-0.070327,3.875327,-1.672097,0.009233,1.672123,-3.123444,12.815302,0.710314
14,64,1786548088.45472,0,1,46.800339,-13.305731,34.074392,-13.376375,-3.901173,-0.068863,3.901781,-1.672589,0.007549,1.672606,-3.123943,12.726143,0.693216
14,65,1786548088.49479,0,1,46.643249,-13.308424,34.007472,-13.376143,-3.927253,-0.067325,3.92783,-1.673015,0.005808,1.673025,-3.124451,12.635958,0.675072
14,66,1786548088.53479,0,1,46.485131,-13.311053,33.940537,-13.375982,-3.95294,-0.065723,3.953487,-1.673381,0.004013,1.673386,-3.124968,12.544763,0.655982
14,67,1786548088.57478,0,1,46.326001,-13.313615,33.873589,-13.375895,-3.978245,-0.064061,3.978761,-1.673693,0.00217,1.673694,-3.125491,12.452568,0.635991
14,68,1786548088.61478,0,1,46.165874,-13.316109,33.806631,-13.375884,-4.003176,-0.062347,4.003662,-1.673953,0.000284,1.673953,-3.126019,12.359388,0.61517
14,69,1786548088.65478,0,1,46.004764,-13.318532,33.739664,-13.37595,-4.027745,-0.060585,4.028201,-1.674167,-0.001642,1.674168,-3.126552,12.265235,0.593559
14,70,1786548088.69479,0,1,45.842686,-13.320884,33.67269,-13.376094,-4.051961,-0.058782,4.052388,-1.674339,-0.003604,1.674343,-3.127087,12.170121,0.571209
14,71,1786548088.73496,0,1,45.679653,-13.323161,33.605712,-13.376318,-4.075833,-0.056941,4.076231,-1.674471,-0.005599,1.67448,-3.127623,12.074058,0.548151
14,72,1786548088.77493,0,1,45.515678,-13.325368,33.538729,-13.376623,-4.099368,-0.055178,4.099739,-1.674566,-0.007622,1.674583,-3.128133,11.977059,0.525965
14,73,1786548088.8149,0,1,45.350775,-13.327498,33.471737,-13.377005,-4.122579,-0.053227,4.122922,-1.674799,-0.009547,1.674826,-3.128682,11.879141,0.500928
14,74,1786548088.85491,0,1,45.184973,-13.329638,33.404731,-13.37746,-4.145039,-0.053506,4.145384,-1.675158,-0.011381,1.675197,-3.128685,11.78034,0.506974
14,75,1786548088.8949,0,1,45.018301,-13.331723,33.337705,-13.377985,-4.166817,-0.05213,4.167143,-1.675634,-0.01313,1.675685,-3.129083,11.680687,0.489851
14,76,1786548088.93493,0,1,44.850785,-13.333817,33.270657,-13.378577,-4.187892,-0.052357,4.188219,-1.676216,-0.014801,1.676282,-3.129091,11.580215,0.494809
14,77,1786548088.97498,0,1,44.682452,-13.33587,33.203581,-13.379233,-4.208317,-0.051325,4.20863,-1.676897,-0.016399,1.676978,-3.129397,11.478953,0.48231
14,78,1786548089.01481,0,1,44.513329,-13.337935,33.136474,-13.37995,-4.228078,-0.051609,4.228393,-1.677669,-0.017929,1.677765,-3.129387,11.376933,0.487735
14,79,1786548089.05495,0,1,44.34344,-13.339966,33.069333,-13.380726,-4.247221,-0.050784,4.247525,-1.678524,-0.019397,1.678636,-3.129636,11.274181,0.477912
14,80,1786548089.09486,0,1,44.172811,-13.342014,33.002155,-13.381558,-4.265736,-0.051193,4.266043,-1.679456,-0.020806,1.679584,-3.129592,11.170726,0.48475
14,81,1786548089.1349,0,1,44.001464,-13.344033,32.934937,-13.382445,-4.283667,-0.050471,4.283965,-1.680458,-0.022162,1.680604,-3.129811,11.066594,0.47616
14,82,1786548089.17494,0,1,43.829424,-13.346076,32.867676,-13.383383,-4.301001,-0.051076,4.301304,-1.681525,-0.023467,1.681688,-3.129718,10.961812,0.485378
14,83,1786548089.21491,0,1,43.656713,-13.348089,32.80037,-13.384372,-4.317783,-0.050344,4.318076,-1.682651,-0.024726,1.682833,-3.129933,10.856404,0.476539
14,84,1786548089.25489,0,1,43.483353,-13.35014,32.733016,-13.38541,-4.333994,-0.051262,4.334297,-1.683833,-0.025942,1.684033,-3.129765,10.750395,0.489684
14,85,1786548089.2949,0,1,43.309365,-13.352154,32.665614,-13.386495,-4.349689,-0.050354,4.349981,-1.685065,-0.027117,1.685284,-3.130017,10.643807,0.4784
14,86,1786548089.33493,0,1,43.134772,-13.354227,32.598202,-13.387624,-4.364833,-0.051819,4.365141,-1.685284,-0.028237,1.68552,-3.129721,10.536623,0.49857
14,87,1786548089.37494,0,1,42.959592,-13.356243,32.530792,-13.388797,-4.379501,-0.0504,4.379791,-1.685265,-0.029316,1.68552,-3.130085,10.428851,0.480488
14,88,1786548089.41493,0,1,42.783847,-13.358361,32.463382,-13.390011,-4.393624,-0.052957,4.393944,-1.685247,-0.030361,1.68552,-3.12954,10.320514,0.514848
14,89,1786548089.45492,0,1,42.607554,-13.36037,32.395973,-13.391266,-4.407325,-0.050229,4.407611,-1.685228,-0.031374,1.68552,-3.130196,10.211628,0.4796
14,90,1786548089.49488,0,1,42.430736,-13.36258,32.328564,-13.392561,-4.420462,-0.055235,4.420807,-1.68521,-0.032357,1.68552,-3.129098,10.102216,0.545845
14,91,1786548089.53477,0,1,42.253405,-13.36454,32.261157,-13.393893,-4.43327,-0.048997,4.433541,-1.685191,-0.033312,1.68552,-3.130541,9.992291,0.464906
14,92,1786548089.57493,0,1,42.075588,-13.366953,32.19375,-13.395263,-4.445415,-0.060344,4.445824,-1.685172,-0.03424,1.68552,-3.128019,9.881879,0.613573
14,93,1786548089.61493,0,1,41.89729,-13.368705,32.126344,-13.396668,-4.457453,-0.043799,4.457668,-1.685154,-0.035144,1.68552,-3.131767,9.770987,0.399
14,94,1786548089.65489,0,1,41.718551,-13.37167,32.058938,-13.398109,-4.468469,-0.074128,4.469084,-1.685135,-0.036024,1.68552,-3.125005,9.659649,0.793573
14,95,1786548089.69491,0,1,41.539351,-13.372609,31.991533,-13.399585,-4.480017,-0.023457,4.480079,-1.685117,-0.036882,1.68552,-3.136357,9.547855,0.138116
14,96,1786548089.73492,0,1,41.359753,-13.375819,31.92413,-13.401093,-4.489941,-0.080251,4.490659,-1.685098,-0.037719,1.68552,-3.123721,9.435657,0.870489
14,97,1786548089.77492,0,1,41.179721,-13.376513,31.856726,-13.402635,-4.500806,-0.017347,4.500839,-1.68508,-0.038536,1.68552,-3.137738,9.323031,0.060295
14,98,1786548089.81492,0,1,40.999323,-13.379658,31.789324,-13.404198,-4.509934,-0.078634,4.510619,-1.685067,-0.039082,1.68552,-3.124159,9.210032,0.846234
14,99,1786548089.85494,0,1,40.81852,-13.381052,31.721921,-13.405773,-4.520085,-0.034845,4.52022,-1.68506,-0.039377,1.68552,-3.133884,9.096632,0.285976
14,100,1786548089.89489,0,1,40.637353,-13.383644,31.654519,-13.407351,-4.529164,-0.064816,4.529628,-1.685059,-0.039443,1.68552,-3.127283,8.982866,0.668684
14,101,1786548089.93493,0,1,40.455845,-13.387724,31.587116,-13.408923,-4.537716,-0.101998,4.538862,-1.685062,-0.039297,1.68552,-3.119119,8.868754,1.150721
14,102,1786548089.97491,0,1,40.273937,-13.389519,31.519714,-13.410481,-4.547691,-0.044869,4.547912,-1.68507,-0.038957,1.68552,-3.131727,8.754249,0.42809
14,103,1786548090.01494,0,1,40.091684,-13.392035,31.45231,-13.412019,-4.556329,-0.06289,4.556763,-1.685082,-0.038439,1.68552,-3.127791,8.639397,0.658256
14,104,1786548090.05493,0,1,39.909146,-13.397434,31.384906,-13.413529,-4.56345,-0.134971,4.565446,-1.685097,-0.037756,1.68552,-3.112025,8.524255,1.585931
14,105,1786548090.09487,0,1,39.726217,-13.400669,31.317502,-13.415006,-4.573217,-0.080883,4.573932,-1.685116,-0.036923,1.68552,-3.123908,8.408728,0.915557
14,106,1786548090.13493,0,1,39.543031,-13.406801,31.250096,-13.416444,-4.579663,-0.153314,4.582228,-1.685137,-0.035951,1.68552,-3.108128,8.29294,1.850769
14,107,1786548090.17493,0,1,39.359461,-13.410764,31.18269,-13.417838,-4.589247,-0.099059,4.590316,-1.68516,-0.034852,1.68552,-3.120011,8.176774,1.186974
14,108,1786548090.21487,0,1,39.175661,-13.417637,31.115283,-13.419183,-4.594993,-0.17182,4.598204,-1.685185,-0.033635,1.68552,-3.104217,8.060379,2.130465
14,109,1786548090.25487,0,1,38.991486,-13.422333,31.047874,-13.420476,-4.604369,-0.117404,4.605865,-1.685211,-0.032311,1.68552,-3.1161,7.943613,1.474033
14,110,1786548090.29488,0,1,38.807111,-13.429952,30.980467,-13.421711,-4.609376,-0.190474,4.613309,-1.685174,-0.030887,1.685457,-3.100293,7.826649,2.426616
14,111,1786548090.33489,0,1,38.622384,-13.435796,30.91307,-13.422886,-4.618192,-0.146095,4.620502,-1.684918,-0.029369,1.685174,-3.109969,7.709324,1.907874
14,112,1786548090.37494,0,1,38.437499,-13.44467,30.845692,-13.423997,-4.622128,-0.221865,4.62745,-1.684459,-0.027764,1.684688,-3.093629,7.591835,2.904149
14,113,1786548090.41493,0,1,38.252267,-13.451706,30.778339,-13.42504,-4.63078,-0.175905,4.63412,-1.683814,-0.02608,1.684016,-3.103625,7.473976,2.37982
14,114,1786548090.45493,0,1,38.066924,-13.461844,30.71102,-13.426013,-4.633579,-0.253448,4.640506,-1.682997,-0.024325,1.683173,-3.086949,7.355992,3.409937
14,115,1786548090.4949,0,1,37.881291,-13.471092,30.643739,-13.426913,-4.640826,-0.231193,4.646581,-1.682022,-0.022505,1.682173,-3.091817,7.237687,3.201692
14,116,1786548090.53499,0,1,37.695628,-13.483723,30.576503,-13.427738,-4.641592,-0.315785,4.652321,-1.680902,-0.020625,1.681029,-3.073664,7.119345,4.342616
14,117,1786548090.575,0,1,37.509635,-13.494589,30.509317,-13.428486,-4.649811,-0.271631,4.657738,-1.679649,-0.018692,1.679753,-3.083241,7.000631,3.8843
14,118,1786548090.61492,0,1,37.323671,-13.508846,30.442186,-13.429154,-4.649097,-0.35644,4.662741,-1.678273,-0.01671,1.678356,-3.065074,6.881947,5.047712
14,119,1786548090.6549,0,1,37.137394,-13.521336,30.375114,-13.429741,-4.65694,-0.312233,4.667395,-1.676783,-0.014684,1.676848,-3.074646,6.7629,4.61178
14,120,1786548090.69493,0,1,36.951208,-13.537223,30.308107,-13.430246,-4.654637,-0.397196,4.671553,-1.67519,-0.01262,1.675237,-3.056465,6.643963,5.800016
14,121,1786548090.7349,0,1,36.764933,-13.55383,30.241167,-13.430667,-4.656875,-0.415156,4.675344,-1.673501,-0.01052,1.673534,-3.052679,6.524929,6.175961
14,122,1786548090.77492,0,1,36.578924,-13.574429,30.174298,-13.431003,-4.650235,-0.514994,4.678665,-1.671723,-0.008389,1.671744,-3.031296,6.406232,7.602397
14,123,1786548090.81493,0,1,36.392664,-13.593851,30.107488,-13.431261,-4.656484,-0.485531,4.681729,-1.670236,-0.00645,1.670248,-3.037698,6.287279,7.434557
14,124,1786548090.85482,0,1,36.206284,-13.612863,30.040728,-13.431448,-4.659517,-0.475312,4.683697,-1.669015,-0.004689,1.669021,-3.039936,6.168224,7.509907
14,125,1786548090.89485,0,1,36.020273,-13.635514,29.974006,-13.431572,-4.650258,-0.566266,4.684609,-1.668039,-0.003093,1.668042,-3.020418,6.049706,8.874647
14,126,1786548090.93494,0,1,35.834072,-13.656629,29.907315,-13.431638,-4.655022,-0.527881,4.684857,-1.667289,-0.00165,1.66729,-3.028675,5.931027,8.643737
14,127,1786548090.97492,0,1,35.648358,-13.681369,29.840645,-13.431652,-4.642874,-0.618509,4.68389,-1.666747,-0.000347,1.666747,-3.009156,5.813079,10.050149
14,128,1786548091.01495,0,1,35.462506,-13.704568,29.773989,-13.431619,-4.646299,-0.579962,4.682355,-1.666395,0.000825,1.666395,-3.017413,5.695061,9.86208
14,129,1786548091.05494,0,1,35.277253,-13.731373,29.70734,-13.431544,-4.631321,-0.670117,4.679551,-1.666219,0.001876,1.66622,-2.997897,5.577976,11.314389
14,130,1786548091.09491,0,1,35.091914,-13.756628,29.640692,-13.431431,-4.63347,-0.631398,4.676292,-1.666205,0.002816,1.666207,-3.006158,5.460913,11.17382
14,131,1786548091.13494,0,1,34.907283,-13.785466,29.574039,-13.431285,-4.615764,-0.720945,4.671728,-1.666339,0.003652,1.666343,-2.986653,5.344993,12.676851
14,132,1786548091.17491,0,1,34.722614,-13.812748,29.507374,-13.431109,-4.616727,-0.682049,4.666836,-1.66661,0.004392,1.666616,-2.994919,5.229185,12.589072
14,133,1786548091.21503,0,1,34.538757,-13.843583,29.440694,-13.430908,-4.59643,-0.770867,4.660623,-1.667007,0.005044,1.667015,-2.975429,5.114739,14.148328
14,134,1786548091.25502,0,1,34.354904,-13.872855,29.373993,-13.430683,-4.596328,-0.731796,4.654219,-1.66752,0.005615,1.667529,-2.983705,5.000499,14.119346
14,135,1786548091.29494,0,1,34.171959,-13.905646,29.307267,-13.430439,-4.573613,-0.81978,4.646501,-1.668139,0.006109,1.66815,-2.964235,4.887847,15.741095
14,136,1786548091.33499,0,1,33.989056,-13.936868,29.240513,-13.430177,-4.572592,-0.780544,4.638733,-1.668856,0.006533,1.668869,-2.972522,4.775499,15.777717
14,137,1786548091.37495,0,1,33.806148,-13.965837,29.173727,-13.429902,-4.57269,-0.724229,4.629687,-1.669663,0.006891,1.669678,-2.984516,4.66332,15.599171
14,138,1786548091.41494,0,1,33.624134,-13.997604,29.106905,-13.429614,-4.550356,-0.794176,4.61914,-1.670553,0.00719,1.670569,-2.968802,4.552798,17.066823
14,139,1786548091.4549,0,1,33.443187,-14.032817,29.040044,-13.429317,-4.523663,-0.880333,4.608526,-1.67152,0.007433,1.671536,-2.949389,4.44431,18.816879
14,140,1786548091.49485,0,1,33.262362,-14.066448,28.973141,-13.429012,-4.520629,-0.840781,4.598152,-1.672556,0.007624,1.672574,-2.957706,4.336328,18.988987
14,141,1786548091.53485,0,1,33.081602,-14.097829,28.906195,-13.428701,-4.518998,-0.784523,4.586592,-1.673657,0.007767,1.673675,-2.9697,4.228683,18.9532
14,142,1786548091.57486,0,1,32.901866,-14.131944,28.839203,-13.428386,-4.493405,-0.852859,4.573626,-1.674817,0.007866,1.674836,-2.954022,4.123133,20.571865
14,143,1786548091.61485,0,1,32.722236,-14.163811,28.772161,-13.42807,-4.490758,-0.796676,4.560877,-1.676032,0.007924,1.676051,-2.966016,4.01801,20.610819
14,144,1786548091.65485,0,1,32.54368,-14.198379,28.705069,-13.427752,-4.463898,-0.864214,4.546785,-1.677297,0.007943,1.677316,-2.950358,3.915201,22.308587
14,145,1786548091.69494,0,1,32.365263,-14.230706,28.637925,-13.427435,-4.460432,-0.808164,4.533054,-1.678609,0.007928,1.678627,-2.962352,3.812911,22.431433
14,146,1786548091.73479,0,1,32.18796,-14.265702,28.570726,-13.42712,-4.432553,-0.874905,4.518073,-1.679962,0.007879,1.679981,-2.946716,3.713166,24.217904
14,147,1786548091.77491,0,1,32.010821,-14.298464,28.503472,-13.426807,-4.428499,-0.819045,4.503603,-1.681355,0.007801,1.681373,-2.95871,3.614039,24.434941
14,148,1786548091.81488,0,1,31.834825,-14.333864,28.436165,-13.426502,-4.39988,-0.885006,4.488003,-1.682684,0.007633,1.682702,-2.943098,3.517698,26.320881
14,149,1786548091.85484,0,1,31.658969,-14.367047,28.368807,-13.426207,-4.39641,-0.829571,4.473993,-1.683955,0.007383,1.683971,-2.955093,3.422039,26.643842
14,150,1786548091.89482,0,1,31.484203,-14.402854,28.3014,-13.425925,-4.36914,-0.895173,4.459901,-1.685171,0.007058,1.685186,-2.939504,3.329359,28.642167
14,151,1786548091.93495,0,1,31.309508,-14.436468,28.23398,-13.425658,-4.367374,-0.840359,4.447489,-1.685507,0.00666,1.68552,-2.951499,3.237378,29.085334
14,152,1786548091.97492,0,1,31.135842,-14.472697,28.166559,-13.42541,-4.341647,-0.905715,4.435112,-1.685509,0.006197,1.68552,-2.935931,3.148564,31.211633
14,153,1786548092.01493,0,1,30.962171,-14.506758,28.099139,-13.425183,-4.341794,-0.851535,4.42451,-1.685511,0.005675,1.68552,-2.947926,3.060516,31.79149
14,154,1786548092.05497,0,1,30.788401,-14.538044,28.031718,-13.424979,-4.344251,-0.782142,4.414098,-1.685513,0.0051,1.68552,-2.96346,2.972913,32.193593
14,155,1786548092.0949,0,1,30.615427,-14.571336,27.964298,-13.4248,-4.324354,-0.832292,4.40372,-1.685514,0.004475,1.68552,-2.951451,2.88843,34.281355
14,156,1786548092.13493,0,1,30.442299,-14.601879,27.896877,-13.424648,-4.328193,-0.76358,4.395032,-1.685516,0.003805,1.68552,-2.966969,2.804469,34.825219
14,157,1786548092.17493,0,1,30.269884,-14.634436,27.829456,-13.424524,-4.310383,-0.813928,4.386557,-1.685517,0.003094,1.68552,-2.954961,2.723889,37.064461
14,158,1786548092.21487,0,1,30.097247,-14.664271,27.762036,-13.424431,-4.315925,-0.74587,4.379901,-1.685519,0.002344,1.68552,-2.970465,2.643939,37.770201
14,159,1786548092.2549,0,1,29.92432,-14.69078,27.694615,-13.424368,-4.323161,-0.662722,4.373662,-1.68552,0.00156,1.68552,-2.989481,2.564251,38.310742
14,160,1786548092.29478,0,1,29.751859,-14.718723,27.627194,-13.424338,-4.311537,-0.698587,4.367766,-1.68552,0.000745,1.68552,-2.980961,2.487897,40.554044
14,161,1786548092.33499,0,1,29.579061,-14.743362,27.559773,-13.424342,-4.319949,-0.615979,4.363644,-1.68552,-1E-04,1.68552,-2.999958,2.411915,41.268062
14,162,1786548092.37493,0,1,29.406619,-14.769453,27.492352,-13.424381,-4.311044,-0.652267,4.36011,-1.68552,-0.000971,1.68552,-2.99143,2.33958,43.697719
14,163,1786548092.41497,0,1,29.233777,-14.792257,27.424932,-13.424456,-4.321043,-0.570099,4.358489,-1.685519,-0.001865,1.68552,-3.010415,2.267775,44.611548
14,164,1786548092.45489,0,1,29.061167,-14.81653,27.357517,-13.423562,-4.315257,-0.606837,4.357716,-1.685372,0.022333,1.68552,-3.001883,2.200633,47.275498
14,165,1786548092.49487,0,1,28.888077,-14.83753,27.290119,-13.421781,-4.327241,-0.524977,4.35897,-1.684932,0.044537,1.68552,-3.020864,2.134904,48.457368
14,166,1786548092.53486,0,1,28.714458,-14.854639,27.222749,-13.419168,-4.340484,-0.427745,4.36151,-1.684254,0.065328,1.68552,-3.043362,2.070211,49.527561
14,167,1786548092.57488,0,1,28.540775,-14.872643,27.155404,-13.415969,-4.342064,-0.450088,4.365329,-1.683622,0.079963,1.68552,-3.038304,2.010261,52.355168
14,168,1786548092.61487,0,1,28.366491,-14.886751,27.088087,-13.412239,-4.357102,-0.352711,4.371354,-1.682938,0.09326,1.68552,-3.060818,1.951539,53.70272
14,169,1786548092.65486,0,1,28.191601,-14.896328,27.020799,-13.408013,-4.372261,-0.239413,4.378811,-1.682206,0.105646,1.68552,-3.08689,1.893636,54.943408
14,170,1786548092.69494,0,1,28.01637,-14.906196,26.953529,-13.403493,-4.380758,-0.246692,4.387699,-1.681729,0.112992,1.68552,-3.085339,1.840583,57.95182
14,171,1786548092.73493,0,1,27.840506,-14.911496,26.886278,-13.398719,-4.396615,-0.132505,4.398611,-1.681288,0.119365,1.68552,-3.111464,1.788587,59.483381
14,172,1786548092.77488,0,1,27.664101,-14.915059,26.819036,-13.393812,-4.410112,-0.089075,4.411012,-1.68105,0.122676,1.68552,-3.121397,1.740209,62.104559
14,173,1786548092.81492,0,1,27.487103,-14.913529,26.751802,-13.388802,-4.424972,0.038232,4.425137,-1.68086,0.125247,1.68552,3.132953,1.692767,63.75925
14,174,1786548092.8549,0,1,27.30952,-14.911793,26.684564,-13.38383,-4.439572,0.043412,4.439784,-1.680931,0.124299,1.68552,3.131815,1.65083,67.194605
14,175,1786548092.89493,0,1,27.131451,-14.904894,26.617322,-13.378925,-4.451724,0.172467,4.455064,-1.681054,0.12262,1.68552,3.10287,1.610252,69.161712
14,176,1786548092.93491,0,1,26.952764,-14.897752,26.550068,-13.374194,-4.467171,0.178558,4.470738,-1.681366,0.11827,1.68552,3.101643,1.575878,72.905588
14,177,1786548092.97495,0,1,26.773706,-14.885606,26.482799,-13.369664,-4.476447,0.30365,4.486734,-1.68171,0.113267,1.68552,3.073864,1.543602,75.256503
14,178,1786548093.01488,0,1,26.594015,-14.873231,26.415513,-13.365404,-4.49227,0.309379,4.502911,-1.682153,0.106497,1.68552,3.072832,1.518356,79.308839
14,179,1786548093.05495,0,1,26.414027,-14.856506,26.348209,-13.361434,-4.499692,0.418115,4.519076,-1.682596,0.099245,1.68552,3.048938,1.49652,82.170548
14,180,1786548093.09494,0,1,26.233399,-14.839724,26.280887,-13.35779,-4.515699,0.419546,4.535147,-1.683057,0.091088,1.68552,3.04895,1.482695,86.527346
14,181,1786548093.13492,0,1,26.05257,-14.818799,26.213548,-13.354477,-4.520743,0.523136,4.55091,-1.683483,0.082838,1.68552,3.026386,1.473144,89.672671
14,182,1786548093.17493,0,1,25.871103,-14.798009,26.146192,-13.351503,-4.536658,0.51975,4.566334,-1.68388,0.074352,1.68552,3.027523,1.472431,94.231932
14,183,1786548093.21515,0,1,25.689347,-14.774665,26.078823,-13.348862,-4.543902,0.583604,4.581227,-1.684227,0.066021,1.68552,3.013855,1.478041,97.959517
14,184,1786548093.25498,0,1,25.506928,-14.751989,26.011442,-13.346547,-4.560474,0.566885,4.595572,-1.684526,0.057875,1.68552,3.017923,1.493252,102.660943
14,185,1786548093.29494,0,1,25.324397,-14.72601,25.944051,-13.344542,-4.56328,0.649494,4.609269,-1.684775,0.050114,1.68552,3.000212,1.514075,106.057981
14,186,1786548093.33488,0,1,25.141209,-14.70095,25.876652,-13.342834,-4.579695,0.626498,4.622348,-1.684979,0.042721,1.68552,3.005638,1.544459,110.646633
14,187,1786548093.37481,0,1,24.95759,-14.675396,25.809246,-13.341404,-4.590483,0.638851,4.634724,-1.685141,0.035749,1.68552,3.003312,1.582673,114.632374
14,188,1786548093.41491,0,1,24.773498,-14.649847,25.741836,-13.340235,-4.602308,0.638704,4.646416,-1.685267,0.029205,1.68552,3.003694,1.62873,118.578533
14,189,1786548093.45493,0,1,24.589028,-14.623819,25.674421,-13.339312,-4.611742,0.650724,4.657425,-1.685362,0.023083,1.68552,3.001417,1.681676,122.165928
14,190,1786548093.49506,0,1,24.404037,-14.598537,25.607004,-13.338618,-4.624771,0.632046,4.66776,-1.685431,0.017365,1.68552,3.005769,1.741989,125.893172
14,191,1786548093.53503,0,1,24.21886,-14.571803,25.539585,-13.338136,-4.629436,0.668335,4.67743,-1.685477,0.012036,1.68552,2.998217,1.807277,128.737149
14,192,1786548093.57488,0,1,24.033004,-14.547346,25.472165,-13.337853,-4.6464,0.611431,4.686457,-1.685505,0.007067,1.68552,3.010752,1.879909,132.459183
14,193,1786548093.61494,0,1,23.84721,-14.520015,25.404744,-13.337756,-4.644856,0.683274,4.694843,-1.685519,0.002441,1.68552,2.995537,1.955416,134.430996
14,194,1786548093.655,0,1,23.660779,-14.494974,25.337323,-13.337831,-4.660762,0.626023,4.702617,-1.685519,-0.001869,1.68552,3.008074,2.037101,137.736668
14,195,1786548093.695,0,1,23.474142,-14.469326,25.269903,-13.338066,-4.665927,0.641205,4.709779,-1.68551,-0.005882,1.68552,3.005025,2.122382,139.965916
14,196,1786548093.73485,0,1,23.286884,-14.446419,25.202483,-13.338451,-4.681456,0.572675,4.716353,-1.685493,-0.009621,1.68552,3.019869,2.212942,142.980986
14,197,1786548093.77485,0,1,23.099688,-14.421147,25.135064,-13.338975,-4.679904,0.631791,4.722357,-1.685469,-0.013105,1.68552,3.007403,2.30518,144.312746
14,198,1786548093.81487,0,1,22.91191,-14.398719,25.067647,-13.339632,-4.694429,0.560696,4.727795,-1.68544,-0.016421,1.68552,3.022717,2.401846,147.024591
14,199,1786548093.85488,0,1,22.724236,-14.373927,25.00023,-13.340415,-4.691866,0.61981,4.732628,-1.685407,-0.019582,1.68552,3.01025,2.49966,148.052179
14,200,1786548093.89485,0,1,22.536589,-14.34767,24.932816,-13.341319,-4.691159,0.656419,4.736862,-1.685369,-0.022597,1.68552,3.002568,2.59897,149.253385
14,201,1786548093.93478,0,1,22.348458,-14.323948,24.865403,-13.342338,-4.70328,0.59306,4.740523,-1.685328,-0.025476,1.68552,3.01616,2.701586,151.507402
14,202,1786548093.97488,0,1,22.16056,-14.297539,24.797991,-13.343467,-4.697448,0.66022,4.743618,-1.685284,-0.028229,1.68552,3.001959,2.804692,152.11233
14,203,1786548094.01485,0,1,21.97222,-14.273674,24.730582,-13.344702,-4.708513,0.596626,4.746163,-1.685238,-0.030865,1.68552,3.015552,2.910593,154.165708
14,204,1786548094.05485,0,1,21.784158,-14.247125,24.663174,-13.346037,-4.701547,0.663721,4.748165,-1.68519,-0.03339,1.68552,3.001349,3.016736,154.585288
14,205,1786548094.09488,0,1,21.596546,-14.217184,24.595769,-13.34747,-4.690291,0.748521,4.749643,-1.68514,-0.035813,1.68552,2.983338,3.122777,154.761561
14,206,1786548094.13485,0,1,21.408611,-14.189078,24.528365,-13.348995,-4.698382,0.702659,4.750634,-1.685089,-0.03814,1.68552,2.99314,3.230883,156.423226
14,207,1786548094.17485,0,1,21.220292,-14.163527,24.460963,-13.350611,-4.707973,0.638781,4.751111,-1.685037,-0.040378,1.68552,3.006735,3.341075,158.191281
14,208,1786548094.21476,0,1,21.032356,-14.135303,24.393564,-13.352312,-4.698403,0.705592,4.751089,-1.684984,-0.042532,1.68552,2.99253,3.451202,158.346155
14,209,1786548094.25475,0,1,20.844979,-14.103702,24.326167,-13.354096,-4.684435,0.790029,4.750587,-1.68493,-0.044607,1.68552,2.974515,3.56098,158.275181
14,210,1786548094.29475,0,1,20.657338,-14.073945,24.258772,-13.35596,-4.691018,0.74393,4.74964,-1.684876,-0.046609,1.68552,2.984316,3.672306,159.714024
14,211,1786548094.33475,0,1,20.47032,-14.040823,24.191379,-13.357902,-4.675455,0.828054,4.748216,-1.684821,-0.048543,1.68552,2.966304,3.783208,159.557005
14,212,1786548094.37475,0,1,20.283059,-14.009547,24.123988,-13.359919,-4.681523,0.78188,4.746366,-1.684766,-0.050411,1.68552,2.976106,3.895479,160.918546
14,213,1786548094.41475,0,1,20.096482,-13.974922,24.0566,-13.362007,-4.66441,0.865634,4.744054,-1.684711,-0.052219,1.68552,2.958098,4.007268,160.688538
14,214,1786548094.45476,0,1,19.909683,-13.942146,23.989214,-13.364166,-4.66999,0.819391,4.74133,-1.684656,-0.05397,1.68552,2.967902,4.120271,161.984361
14,215,1786548094.49475,0,1,19.723628,-13.906038,23.92183,-13.366393,-4.651362,0.902718,4.73815,-1.684601,-0.055668,1.68552,2.9499,4.232743,161.69206
14,216,1786548094.5348,0,1,19.53737,-13.871781,23.854448,-13.368685,-4.656461,0.85641,4.73456,-1.684546,-0.057314,1.68552,2.959707,4.346294,162.931656
14,217,1786548094.5748,0,1,19.351917,-13.834211,23.787068,-13.371042,-4.636318,0.939247,4.7305,-1.68449,-0.058913,1.68552,2.941713,4.45927,162.585876
14,218,1786548094.61484,0,1,19.170077,-13.793229,23.719691,-13.373461,-4.546002,1.024572,4.66003,-1.684435,-0.060467,1.68552,2.919918,4.568938,162.027529
14,219,1786548094.65494,0,1,18.99207,-13.748327,23.652316,-13.37594,-4.450177,1.122543,4.589573,-1.68438,-0.061978,1.68552,2.8945,4.6751,161.274023
14,220,1786548094.69495,0,1,18.818148,-13.69906,23.584943,-13.378478,-4.348056,1.231675,4.519138,-1.684326,-0.063448,1.68552,2.865554,4.777563,160.336618
14,221,1786548094.73493,0,1,18.648595,-13.645042,23.517572,-13.381073,-4.238818,1.350446,4.44874,-1.684271,-0.06488,1.68552,2.833169,4.876127,159.225406
14,222,1786548094.77494,0,1,18.483729,-13.58595,23.450203,-13.383724,-4.121642,1.47729,4.378392,-1.684217,-0.066275,1.68552,2.797434,4.970589,157.94947
14,223,1786548094.81495,0,1,18.323131,-13.523472,23.382836,-13.386425,-4.014971,1.561951,4.308095,-1.684167,-0.06752,1.68552,2.770577,5.061562,157.190848
14,224,1786548094.85489,0,1,18.166757,-13.458028,23.315471,-13.38917,-3.90935,1.636106,4.237907,-1.684123,-0.068627,1.68552,2.745231,5.149175,156.52393
14,225,1786548094.89494,0,1,18.014651,-13.389782,23.248108,-13.391954,-3.80264,1.706145,4.167853,-1.684082,-0.069607,1.68552,2.719842,5.233458,155.859251
14,226,1786548094.9349,0,1,17.866851,-13.3189,23.180746,-13.394773,-3.694995,1.772069,4.097952,-1.684047,-0.070467,1.68552,2.694409,5.314437,155.196295
14,227,1786548094.97472,0,1,17.723388,-13.245544,23.113386,-13.397621,-3.586567,1.833884,4.028224,-1.684015,-0.071218,1.68552,2.66893,5.392142,154.534584
14,228,1786548095.01478,0,1,17.584288,-13.16988,23.046026,-13.400496,-3.477508,1.891603,3.95869,-1.683988,-0.071866,1.68552,2.643403,5.466605,153.873676
14,229,1786548095.05481,0,1,17.449569,-13.09207,22.978668,-13.403393,-3.36797,1.945247,3.889371,-1.683964,-0.072421,1.68552,2.617827,5.537856,153.213159
14,230,1786548095.09482,0,1,17.319245,-13.012277,22.91131,-13.406309,-3.258103,1.99484,3.820291,-1.683944,-0.072888,1.68552,2.5922,5.60593,152.552649
14,231,1786548095.13479,0,1,17.193323,-12.93066,22.843953,-13.40924,-3.148055,2.040414,3.751472,-1.683927,-0.073275,1.68552,2.566519,5.67086,151.891785
14,232,1786548095.17485,0,1,17.071804,-12.84738,22.776596,-13.412183,-3.037974,2.082007,3.682939,-1.683913,-0.073587,1.68552,2.540782,5.732683,151.230229
14,233,1786548095.21495,0,1,16.954684,-12.762593,22.709243,-13.415136,-2.928005,2.119663,3.614718,-1.683837,-0.073827,1.685454,2.514988,5.791439,150.567656
14,234,1786548095.25493,0,1,16.841952,-12.676456,22.641895,-13.418096,-2.818292,2.153432,3.546835,-1.683691,-0.074,1.685317,2.489134,5.847168,149.903755
14,235,1786548095.29491,0,1,16.733593,-12.589121,22.574556,-13.421061,-2.708976,2.183371,3.479319,-1.683482,-0.074112,1.685113,2.463218,5.899913,149.23823
15,0,1786548099.5134,0,1,53.28,-13.199968,37.597264,-13.40002,-0.499999,0.000796,0.5,-0.068398,-0.000494,0.0684,3.14,15.684012,0.822087
15,0,1786548099.55336,0,1,53.28,-13.199968,37.591392,-13.400053,-0.499999,0.000796,0.5,-0.146798,-0.000819,0.1468,3.14,15.689884,0.821933
15,1,1786548099.59336,0,1,53.25718,-13.20044,37.582384,-13.400091,-0.570507,-0.011801,0.570629,-0.225198,-0.000968,0.2252,-3.120911,15.676067,0.455223
15,2,1786548099.63335,0,1,53.231533,-13.200856,37.57024,-13.400128,-0.641177,-0.010388,0.641262,-0.303598,-0.000931,0.303599,-3.125393,15.66256,0.199196
15,3,1786548099.67335,0,1,53.203061,-13.201314,37.55496,-13.400156,-0.7118,-0.011461,0.711892,-0.381997,-0.000699,0.381998,-3.125493,15.649363,0.194419
15,4,1786548099.71333,0,1,53.171764,-13.201805,37.536545,-13.400167,-0.782427,-0.012261,0.782523,-0.460396,-0.000261,0.460396,-3.125923,15.636477,0.170937
15,5,1786548099.75334,0,1,53.137642,-13.202335,37.514993,-13.400151,-0.853049,-0.013253,0.853152,-0.538793,0.000395,0.538793,-3.126058,15.623901,0.164599
15,6,1786548099.79339,0,1,53.100695,-13.202909,37.490305,-13.4001,-0.92367,-0.014358,0.923781,-0.617188,0.001282,0.61719,-3.126049,15.611635,0.166868
15,7,1786548099.83346,0,1,53.060923,-13.203533,37.462482,-13.400003,-0.994287,-0.015595,0.994409,-0.69558,0.002416,0.695584,-3.12591,15.599678,0.176947
15,8,1786548099.87345,0,1,53.018327,-13.204211,37.431523,-13.399851,-1.064902,-0.016962,1.065037,-0.773968,0.003813,0.773977,-3.125665,15.588032,0.193454
15,9,1786548099.91349,0,1,52.972907,-13.20495,37.397429,-13.399631,-1.135514,-0.018465,1.135664,-0.85235,0.005494,0.852367,-3.125333,15.576694,0.215514
15,10,1786548099.9534,0,1,52.924662,-13.205754,37.360367,-13.399336,-1.206122,-0.020106,1.20629,-0.926567,0.007376,0.926596,-3.124924,15.565499,0.242437
15,11,1786548099.99338,0,1,52.873593,-13.20663,37.320573,-13.39896,-1.276728,-0.021888,1.276915,-0.994839,0.009397,0.994884,-3.12445,15.554209,0.27369
15,12,1786548100.03335,0,1,52.8197,-13.207582,37.278268,-13.398498,-1.347329,-0.023816,1.34754,-1.057642,0.011545,1.057705,-3.123918,15.542605,0.308857
15,13,1786548100.07334,0,1,52.762982,-13.208618,37.233651,-13.397946,-1.417927,-0.025891,1.418164,-1.115412,0.01381,1.115497,-3.123335,15.530485,0.347612
15,14,1786548100.11336,0,1,52.703442,-13.209743,37.186909,-13.397299,-1.488521,-0.028119,1.488787,-1.168553,0.01618,1.168665,-3.122704,15.517666,0.389691
15,15,1786548100.15341,0,1,52.641077,-13.210963,37.138212,-13.396553,-1.559111,-0.030502,1.559409,-1.217434,0.018646,1.217577,-3.122032,15.503976,0.434886
15,16,1786548100.19335,0,1,52.575889,-13.212284,37.087716,-13.395705,-1.629696,-0.033042,1.630031,-1.262397,0.021201,1.262575,-3.12132,15.48926,0.483023
15,17,1786548100.23339,0,1,52.507878,-13.213714,37.035566,-13.394751,-1.700276,-0.035744,1.700652,-1.303755,0.023835,1.303973,-3.120573,15.473372,0.533962
15,18,1786548100.27346,0,1,52.437044,-13.215259,36.981894,-13.39369,-1.770851,-0.03861,1.771272,-1.341796,0.026541,1.342059,-3.119793,15.456181,0.587585
15,19,1786548100.31347,0,1,52.363387,-13.216924,36.926822,-13.392517,-1.841421,-0.041643,1.841891,-1.376786,0.029313,1.377098,-3.118982,15.437564,0.643797
15,20,1786548100.35339,0,1,52.286908,-13.218718,36.870463,-13.391231,-1.911984,-0.044846,1.91251,-1.408969,0.032144,1.409335,-3.118142,15.41741,0.702516
15,21,1786548100.39347,0,1,52.207606,-13.220647,36.812921,-13.38983,-1.982542,-0.048221,1.983128,-1.438569,0.035029,1.438995,-3.117275,15.395615,0.763673
15,22,1786548100.43347,0,1,52.125483,-13.222718,36.754289,-13.388312,-2.053093,-0.05177,2.053745,-1.465792,0.037961,1.466284,-3.116383,15.372086,0.827211
15,23,1786548100.47347,0,1,52.040537,-13.224938,36.694654,-13.386695,-2.123637,-0.055495,2.124362,-1.490867,0.040431,1.491416,-3.115466,15.346735,0.893005
15,24,1786548100.51345,0,1,51.952766,-13.22718,36.634096,-13.384996,-2.194269,-0.056067,2.194986,-1.513965,0.042473,1.514561,-3.116047,15.319484,0.873422
15,25,1786548100.55345,0,1,51.862208,-13.229469,36.572686,-13.383231,-2.263951,-0.057212,2.264673,-1.535244,0.044121,1.535878,-3.116327,15.290296,0.871421
15,26,1786548100.59345,0,1,51.76894,-13.231787,36.510492,-13.381415,-2.331703,-0.057962,2.332423,-1.55485,0.045405,1.555513,-3.116739,15.259182,0.862145
15,27,1786548100.6334,0,1,51.673037,-13.234128,36.447575,-13.37956,-2.397572,-0.058528,2.398286,-1.572916,0.046355,1.573599,-3.117186,15.226157,0.851127
15,28,1786548100.67346,0,1,51.574573,-13.236482,36.383993,-13.37768,-2.461611,-0.05883,2.462314,-1.589566,0.046997,1.590261,-3.117698,15.191236,0.8365
15,29,1786548100.71345,0,1,51.473618,-13.238836,36.319796,-13.375786,-2.523868,-0.058868,2.524554,-1.604913,0.047354,1.605611,-3.118272,15.154441,0.818368
15,30,1786548100.75346,0,1,51.370243,-13.241181,36.255034,-13.373888,-2.584391,-0.058623,2.585056,-1.619061,0.04745,1.619756,-3.118913,15.115791,0.79641
15,31,1786548100.79345,0,1,51.264513,-13.243505,36.18975,-13.371996,-2.643227,-0.058084,2.643865,-1.632106,0.047304,1.632791,-3.119622,15.075312,0.770492
15,32,1786548100.83345,0,1,51.156497,-13.245794,36.123984,-13.370119,-2.70042,-0.057242,2.701027,-1.644136,0.046936,1.644806,-3.120398,15.033027,0.740494
15,33,1786548100.87346,0,1,51.046256,-13.248038,36.057775,-13.368264,-2.756016,-0.05609,2.756586,-1.655233,0.046365,1.655882,-3.121244,14.988963,0.706347
15,34,1786548100.91346,0,1,50.933854,-13.250223,35.991156,-13.36644,-2.810056,-0.054624,2.810586,-1.665471,0.045605,1.666095,-3.122156,14.94315,0.668013
15,35,1786548100.9534,0,1,50.819351,-13.252337,35.924159,-13.364653,-2.862581,-0.052841,2.863069,-1.674918,0.044672,1.675514,-3.123135,14.895615,0.625489
15,36,1786548100.99345,0,1,50.702805,-13.254366,35.856814,-13.36291,-2.913634,-0.05074,2.914076,-1.683639,0.04358,1.684203,-3.12418,14.846388,0.578795
15,37,1786548101.03341,0,1,50.584275,-13.256299,35.789146,-13.361216,-2.963252,-0.048323,2.963646,-1.691691,0.042342,1.692221,-3.125287,14.795501,0.527975
15,38,1786548101.07335,0,1,50.463816,-13.258123,35.721181,-13.359577,-3.011473,-0.045593,3.011818,-1.699128,0.04097,1.699622,-3.126454,14.742984,0.473092
15,39,1786548101.11334,0,1,50.341483,-13.259825,35.652941,-13.357998,-3.058335,-0.042554,3.058631,-1.705999,0.039474,1.706455,-3.127679,14.68887,0.414226
15,40,1786548101.15336,0,1,50.217328,-13.261393,35.584447,-13.356484,-3.103873,-0.039212,3.104121,-1.712349,0.037866,1.712767,-3.12896,14.63319,0.351469
15,41,1786548101.19336,0,1,50.091403,-13.262816,35.515718,-13.355038,-3.148123,-0.035575,3.148324,-1.718219,0.036153,1.7186,-3.130293,14.575977,0.284926
15,42,1786548101.23334,0,1,49.963758,-13.264082,35.446772,-13.353664,-3.191119,-0.031651,3.191276,-1.72365,0.034346,1.723992,-3.131675,14.517262,0.214711
15,43,1786548101.2734,0,1,49.834443,-13.26518,35.377625,-13.352366,-3.232893,-0.02745,3.23301,-1.728674,0.032452,1.728979,-3.133102,14.45708,0.140944
15,44,1786548101.3134,0,1,49.703503,-13.2661,35.308292,-13.351147,-3.273478,-0.022982,3.273559,-1.733326,0.030478,1.733593,-3.134572,14.395462,0.063751
15,45,1786548101.35336,0,1,49.570987,-13.26683,35.238787,-13.350009,-3.312905,-0.018259,3.312955,-1.737634,0.028431,1.737866,-3.136081,14.332442,0.016739
15,46,1786548101.39334,0,1,49.436939,-13.267362,35.169122,-13.348957,-3.351204,-0.013293,3.35123,-1.741626,0.026318,1.741825,-3.137626,14.268051,0.100394
15,47,1786548101.43333,0,1,49.301403,-13.267686,35.099309,-13.347991,-3.388406,-0.008096,3.388415,-1.745328,0.024144,1.745495,-3.139203,14.202321,0.187083
15,48,1786548101.47338,0,1,49.164421,-13.267793,35.029365,-13.347109,-3.424538,-0.002681,3.424539,-1.748604,0.022052,1.748743,-3.14081,14.135279,0.276652
15,49,1786548101.51337,0,1,49.026032,-13.267985,34.959305,-13.346307,-3.459727,-0.004801,3.45973,-1.751488,0.020036,1.751603,-3.140205,14.066945,0.239514
15,50,1786548101.55337,0,1,48.886272,-13.268136,34.889145,-13.345584,-3.49401,-0.003772,3.494012,-1.754012,0.018089,1.754105,-3.140513,13.997342,0.255165
15,51,1786548101.59336,0,1,48.745176,-13.268338,34.818896,-13.344936,-3.527406,-0.00505,3.527409,-1.756203,0.016208,1.756278,-3.140161,13.92649,0.233109
15,52,1786548101.63339,0,1,48.602778,-13.268567,34.748573,-13.34436,-3.55994,-0.005725,3.559945,-1.758089,0.014387,1.758148,-3.139984,13.854412,0.221307
15,53,1786548101.67339,0,1,48.459113,-13.268861,34.678185,-13.343855,-3.591634,-0.007346,3.591641,-1.759695,0.012621,1.75974,-3.139547,13.781132,0.194611
15,54,1786548101.7134,0,1,48.314212,-13.269221,34.607743,-13.343419,-3.62251,-0.009014,3.622521,-1.761042,0.010908,1.761076,-3.139104,13.70667,0.167583
15,55,1786548101.75341,0,1,48.168109,-13.26967,34.537257,-13.343049,-3.65259,-0.011213,3.652607,-1.762151,0.009243,1.762176,-3.138523,13.631049,0.132555
15,56,1786548101.79336,0,1,48.020833,-13.270215,34.466736,-13.342744,-3.681895,-0.013621,3.68192,-1.763042,0.007623,1.763059,-3.137893,13.554291,0.094633
15,57,1786548101.83335,0,1,47.872415,-13.27087,34.396186,-13.342502,-3.710444,-0.016399,3.71048,-1.763732,0.006045,1.763742,-3.137173,13.476419,0.051328
15,58,1786548101.87334,0,1,47.722885,-13.271647,34.325617,-13.342322,-3.738258,-0.01941,3.738309,-1.764237,0.004506,1.764243,-3.1364,13.397454,0.004753
15,59,1786548101.91338,0,1,47.57227,-13.272555,34.255034,-13.342202,-3.765356,-0.022708,3.765425,-1.764571,0.003002,1.764574,-3.135562,13.317419,0.045894
15,60,1786548101.95345,0,1,47.4206,-13.273604,34.184444,-13.342141,-3.791757,-0.026223,3.791848,-1.764749,0.001533,1.76475,-3.134677,13.236334,0.099564
15,61,1786548101.99348,0,1,47.267901,-13.274803,34.113853,-13.342137,-3.817479,-0.029967,3.817597,-1.764783,9.5E-05,1.764783,-3.133743,13.154221,0.156471
15,62,1786548102.03347,0,1,47.114199,-13.276159,34.043265,-13.34219,-3.842541,-0.033898,3.84269,-1.764684,-0.001314,1.764685,-3.132771,13.071101,0.215998
15,63,1786548102.07347,0,1,46.959521,-13.277679,33.972687,-13.342297,-3.866959,-0.038014,3.867145,-1.764463,-0.002695,1.764465,-3.131762,12.986995,0.278145
15,64,1786548102.11346,0,1,46.803891,-13.279371,33.902122,-13.342459,-3.89075,-0.042285,3.89098,-1.76413,-0.004051,1.764135,-3.130725,12.901924,0.342497
15,65,1786548102.15347,0,1,46.647334,-13.281239,33.831574,-13.342675,-3.913932,-0.046703,3.91421,-1.763694,-0.005382,1.763703,-3.129661,12.815907,0.408982
15,66,1786548102.19348,0,1,46.489873,-13.283289,33.761047,-13.342942,-3.93652,-0.051244,3.936853,-1.763163,-0.006691,1.763176,-3.128576,12.728965,0.477298
15,67,1786548102.23346,0,1,46.331532,-13.285525,33.690546,-13.343261,-3.95853,-0.0559,3.958925,-1.762545,-0.007979,1.762563,-3.127472,12.641118,0.547356
15,68,1786548102.27346,0,1,46.172333,-13.287951,33.620072,-13.343631,-3.979979,-0.060652,3.980441,-1.761846,-0.009247,1.761871,-3.126355,12.552384,0.618924
15,69,1786548102.31349,0,1,46.012297,-13.29057,33.549629,-13.344051,-4.000879,-0.06549,4.001415,-1.761074,-0.010497,1.761105,-3.125225,12.462783,0.691919
15,70,1786548102.35345,0,1,45.851448,-13.293386,33.479219,-13.34452,-4.021248,-0.070399,4.021864,-1.760233,-0.011728,1.760272,-3.124088,12.372334,0.766161
15,71,1786548102.39345,0,1,45.689804,-13.296401,33.408846,-13.345038,-4.041098,-0.07537,4.041801,-1.75933,-0.012944,1.759378,-3.122944,12.281054,0.841581
15,72,1786548102.43348,0,1,45.527386,-13.299617,33.338511,-13.345604,-4.060444,-0.08039,4.06124,-1.758369,-0.014143,1.758426,-3.121797,12.188961,0.918037
15,73,1786548102.47363,0,1,45.364214,-13.303035,33.268215,-13.346207,-4.079299,-0.085451,4.080194,-1.757399,-0.015084,1.757464,-3.120648,12.096075,0.995528
15,74,1786548102.5135,0,1,45.200312,-13.306103,33.197959,-13.346839,-4.097553,-0.076714,4.098271,-1.75642,-0.015785,1.756491,-3.122873,12.002422,0.878106
15,75,1786548102.55362,0,1,45.035724,-13.309334,33.127741,-13.347489,-4.114702,-0.08078,4.115494,-1.755432,-0.016267,1.755508,-3.121963,11.908043,0.941106
15,76,1786548102.5936,0,1,44.870471,-13.312107,33.057564,-13.348151,-4.131306,-0.069306,4.131887,-1.754438,-0.016547,1.754516,-3.124819,11.812963,0.786262
15,77,1786548102.6336,0,1,44.704599,-13.315091,32.987426,-13.348817,-4.1468,-0.074615,4.147471,-1.753436,-0.01664,1.753515,-3.123601,11.717222,0.865914
15,78,1786548102.67359,0,1,44.538125,-13.317415,32.917329,-13.349479,-4.161863,-0.0581,4.162269,-1.752428,-0.016562,1.752506,-3.127633,11.62084,0.641718
15,79,1786548102.71352,0,1,44.371096,-13.320172,32.847273,-13.350132,-4.175732,-0.068913,4.176301,-1.751414,-0.016326,1.75149,-3.125091,11.523862,0.796519
15,80,1786548102.75354,0,1,44.20352,-13.321815,32.777257,-13.35077,-4.189387,-0.041086,4.189588,-1.750394,-0.015945,1.750467,-3.131786,11.4263,0.416703
15,81,1786548102.79349,0,1,44.035457,-13.324573,32.707282,-13.351387,-4.201587,-0.068942,4.202152,-1.74937,-0.015432,1.749438,-3.125186,11.328206,0.804437
15,82,1786548102.83359,0,1,43.866897,-13.324951,32.637349,-13.351979,-4.214001,-0.00946,4.214011,-1.748341,-0.014796,1.748403,-3.139348,11.229581,0.009283
15,83,1786548102.87358,0,1,43.697907,-13.327437,32.567456,-13.352541,-4.224732,-0.062141,4.225189,-1.747308,-0.014048,1.747364,-3.126885,11.130479,0.713464
15,84,1786548102.91361,0,1,43.52848,-13.327401,32.497605,-13.353069,-4.235696,0.000893,4.235696,-1.746271,-0.013198,1.746321,3.141382,11.030904,0.145398
15,85,1786548102.95359,0,1,43.35867,-13.329482,32.427796,-13.353559,-4.245238,-0.052026,4.245557,-1.74523,-0.012253,1.745273,-3.129338,10.9309,0.57593
15,86,1786548102.99352,0,1,43.188479,-13.329026,32.358029,-13.354008,-4.254767,0.011394,4.254783,-1.744186,-0.011222,1.744222,3.138915,10.830479,0.285599
15,87,1786548103.03353,0,1,43.017952,-13.330696,32.288303,-13.354413,-4.263193,-0.041735,4.263397,-1.743139,-0.010113,1.743169,-3.131803,10.729675,0.434242
15,88,1786548103.07338,0,1,42.847098,-13.329815,32.21862,-13.35477,-4.271353,0.022021,4.27141,-1.742089,-0.008931,1.742112,3.136437,10.628507,0.429917
15,89,1786548103.11346,0,1,42.675948,-13.331067,32.148978,-13.355077,-4.278729,-0.031294,4.278844,-1.741037,-0.007684,1.741054,-3.134279,10.526998,0.288359
15,90,1786548103.15352,0,1,42.504525,-13.329757,32.079379,-13.355332,-4.285582,0.032751,4.285707,-1.739982,-0.006377,1.739994,3.133951,10.425178,0.57841
15,91,1786548103.1935,0,1,42.332846,-13.330586,32.009822,-13.355533,-4.291972,-0.020726,4.292022,-1.738925,-0.005016,1.738933,-3.136764,10.323054,0.13821
15,92,1786548103.23348,0,1,42.160943,-13.328843,31.940307,-13.355677,-4.297576,0.043561,4.297797,-1.737866,-0.003606,1.73787,3.131457,10.220671,0.731165
15,93,1786548103.27349,0,1,41.988821,-13.329245,31.870835,-13.355763,-4.303041,-0.010053,4.303052,-1.736805,-0.002151,1.736807,-3.139256,10.118021,0.016303
15,94,1786548103.31352,0,1,41.816523,-13.327068,31.801405,-13.355789,-4.307452,0.054432,4.307796,-1.735743,-0.000655,1.735743,3.128957,10.015159,0.888299
15,95,1786548103.35349,0,1,41.644042,-13.32704,31.732018,-13.355754,-4.312045,0.000702,4.312045,-1.734678,0.000877,1.734678,3.14143,9.912065,0.175306
15,96,1786548103.39352,0,1,41.471429,-13.324426,31.662674,-13.355657,-4.315315,0.065344,4.315809,-1.733612,0.002441,1.733614,3.126451,9.808805,1.049954
15,97,1786548103.4335,0,1,41.298667,-13.323637,31.593372,-13.355495,-4.319059,0.019734,4.319104,-1.732545,0.004035,1.73255,3.137024,9.705347,0.449857
15,98,1786548103.47348,0,1,41.125824,-13.320183,31.524095,-13.355285,-4.321077,0.086339,4.321939,-1.731924,0.00526,1.731932,3.121614,9.601793,1.354124
15,99,1786548103.51349,0,1,40.952853,-13.317036,31.454826,-13.355039,-4.324274,0.078687,4.32499,-1.731714,0.006146,1.731725,3.123398,9.498102,1.271717
15,100,1786548103.55358,0,1,40.779834,-13.31082,31.385551,-13.35477,-4.325458,0.155408,4.328249,-1.731882,0.006719,1.731895,3.105679,9.394386,2.325736
15,101,1786548103.59359,0,1,40.606624,-13.306288,31.316255,-13.35449,-4.330246,0.113294,4.331727,-1.732397,0.007003,1.732411,3.115435,9.290494,1.795988
15,102,1786548103.63348,0,1,40.433376,-13.29868,31.246926,-13.354209,-4.331218,0.190199,4.335392,-1.733232,0.007023,1.733247,3.097707,9.186618,2.860771
15,103,1786548103.67352,0,1,40.259906,-13.292757,31.177551,-13.353937,-4.336739,0.148084,4.339266,-1.734362,0.006797,1.734375,3.107459,9.082561,2.341638
15,104,1786548103.71348,0,1,40.086407,-13.283749,31.108121,-13.353684,-4.337474,0.22519,4.343316,-1.735762,0.006346,1.735774,3.089722,8.978559,3.418265
15,105,1786548103.75348,0,1,39.912659,-13.276426,31.038624,-13.353456,-4.343708,0.183078,4.347565,-1.737411,0.005689,1.73742,3.09947,8.874369,2.9108
15,106,1786548103.79348,0,1,39.738892,-13.26601,30.969053,-13.353262,-4.34418,0.260404,4.351978,-1.739289,0.00484,1.739296,3.081721,8.770273,4.000411
15,107,1786548103.83347,0,1,39.564847,-13.257278,30.899398,-13.35311,-4.351107,0.218295,4.35658,-1.741378,0.003817,1.741382,3.091465,8.665979,3.505737
15,108,1786548103.8735,0,1,39.390796,-13.245444,30.829651,-13.353004,-4.351287,0.295857,4.361333,-1.743661,0.002633,1.743663,3.073704,8.56182,4.609545
15,109,1786548103.91349,0,1,39.216441,-13.235293,30.759806,-13.352952,-4.358885,0.253755,4.366265,-1.746122,0.001302,1.746123,3.083443,8.457452,4.128864
15,110,1786548103.95353,0,1,39.042091,-13.222031,30.689857,-13.352959,-4.358741,0.331567,4.371334,-1.748748,-0.000165,1.748748,3.065669,8.35326,5.24817
15,111,1786548103.99351,0,1,38.867411,-13.210452,30.619796,-13.353029,-4.366988,0.289473,4.376571,-1.751524,-0.001756,1.751525,3.075403,8.248848,4.782781
15,112,1786548104.03341,0,1,38.692752,-13.19575,30.549618,-13.353168,-4.366488,0.367548,4.38193,-1.754439,-0.003461,1.754443,3.057616,8.144655,5.918985
15,113,1786548104.07349,0,1,38.517738,-13.182731,30.479319,-13.353378,-4.375358,0.325464,4.387446,-1.757482,-0.005269,1.75749,3.067344,8.04023,5.470298
15,114,1786548104.11352,0,1,38.342759,-13.166579,30.408893,-13.353665,-4.374468,0.403812,4.393066,-1.760643,-0.007173,1.760658,3.049542,7.936071,6.624918
15,115,1786548104.15339,0,1,38.167401,-13.152109,30.338337,-13.354032,-4.383936,0.361739,4.398835,-1.763912,-0.009163,1.763936,3.059264,7.831668,6.194467
15,116,1786548104.19354,0,1,37.992097,-13.134494,30.267645,-13.354481,-4.382618,0.440368,4.404687,-1.767281,-0.011232,1.767316,3.041448,7.727583,7.369158
15,117,1786548104.23349,0,1,37.81639,-13.118562,30.196816,-13.355016,-4.392656,0.398307,4.410678,-1.770741,-0.013373,1.770792,3.051164,7.623243,6.958625
15,118,1786548104.27352,0,1,37.640755,-13.099473,30.125844,-13.355639,-4.390873,0.477224,4.41673,-1.774286,-0.01558,1.774354,3.033332,7.519276,8.155191
15,119,1786548104.31351,0,1,37.464697,-13.082066,30.054728,-13.356353,-4.401454,0.435176,4.422914,-1.777908,-0.017845,1.777997,3.043042,7.415044,7.766425
15,120,1786548104.35351,0,1,37.288731,-13.061491,29.983474,-13.357159,-4.399165,0.514383,4.429135,-1.781337,-0.020161,1.781451,3.025194,7.311237,8.98685
15,121,1786548104.3935,0,1,37.11232,-13.042597,29.912222,-13.358059,-4.410258,0.472348,4.435481,-1.781309,-0.02248,1.781451,3.034897,7.207006,8.621926
15,122,1786548104.4335,0,1,36.936023,-13.020523,29.840971,-13.359052,-4.407423,0.551846,4.441837,-1.781278,-0.024836,1.781451,3.017032,7.103124,9.868478
15,123,1786548104.47353,0,1,36.759264,-13.00013,29.769721,-13.36014,-4.418993,0.509825,4.448306,-1.781244,-0.027192,1.781451,3.026729,6.998808,9.529715
15,124,1786548104.51353,0,1,36.582487,-12.977839,29.698473,-13.361322,-4.419412,0.557265,4.454408,-1.781206,-0.029548,1.781451,3.01616,6.894687,10.375211
15,125,1786548104.55349,0,1,36.405237,-12.957532,29.627226,-13.362598,-4.431254,0.507694,4.460242,-1.781166,-0.031902,1.781451,3.027519,6.790104,9.955972
15,126,1786548104.59349,0,1,36.22765,-12.938287,29.555981,-13.363968,-4.439686,0.481115,4.465678,-1.781122,-0.034255,1.781451,3.033647,6.685235,9.8356
15,127,1786548104.6335,0,1,36.050163,-12.916416,29.484738,-13.365432,-4.437174,0.546786,4.470737,-1.781075,-0.036607,1.781451,3.018982,6.580761,10.937482
15,128,1786548104.6735,0,1,35.872217,-12.896816,29.413497,-13.366991,-4.448638,0.489981,4.47554,-1.781025,-0.038957,1.781451,3.031893,6.475811,10.448932
15,129,1786548104.71339,0,1,35.693799,-12.880139,29.342259,-13.368643,-4.460444,0.41694,4.479888,-1.780972,-0.041304,1.781451,3.048389,6.370299,9.738225
15,130,1786548104.75351,0,1,35.515425,-12.861467,29.271022,-13.370389,-4.459368,0.466787,4.483732,-1.780916,-0.043648,1.781451,3.037297,6.265107,10.635036
15,131,1786548104.79349,0,1,35.336941,-12.842486,29.199788,-13.372228,-4.4621,0.474523,4.48726,-1.780858,-0.045989,1.781451,3.035646,6.159974,11.003695
15,132,1786548104.83357,0,1,35.158052,-12.826337,29.128556,-13.374161,-4.472211,0.403731,4.490398,-1.780796,-0.048327,1.781451,3.051561,6.054332,10.349916
15,133,1786548104.87351,0,1,34.979264,-12.80809,29.057327,-13.376188,-4.469706,0.456191,4.492926,-1.780731,-0.050662,1.781451,3.039882,5.949124,11.307276
15,134,1786548104.91352,0,1,34.800687,-12.787103,28.9861,-13.378307,-4.464414,0.524658,4.495138,-1.780663,-0.052992,1.781451,3.024609,5.844566,12.508316
15,135,1786548104.95352,0,1,34.621787,-12.768311,28.914876,-13.38052,-4.472518,0.469805,4.497125,-1.780592,-0.055318,1.781451,3.036934,5.739654,12.119499
15,136,1786548104.99351,0,1,34.442557,-12.752365,28.843656,-13.382826,-4.480746,0.398645,4.498445,-1.780519,-0.057639,1.781451,3.052858,5.634286,11.508817
15,137,1786548105.03344,0,1,34.263504,-12.734325,28.772438,-13.385224,-4.476314,0.450999,4.498977,-1.780442,-0.059954,1.781451,3.041179,5.52951,12.51343
15,138,1786548105.07353,0,1,34.08474,-12.713551,28.701228,-13.387714,-4.469119,0.519354,4.499195,-1.780251,-0.062261,1.78134,3.025902,5.425559,13.766424
15,139,1786548105.11342,0,1,33.905731,-12.694982,28.630036,-13.390296,-4.475213,0.464238,4.499228,-1.779801,-0.064552,1.780971,3.038227,5.321318,13.430484
15,140,1786548105.15351,0,1,33.727059,-12.673683,28.558871,-13.392969,-4.466807,0.532456,4.49843,-1.779112,-0.066828,1.780366,3.02295,5.218001,14.721022
15,141,1786548105.19352,0,1,33.548175,-12.654593,28.487743,-13.395733,-4.472086,0.477263,4.49748,-1.778203,-0.069088,1.779544,3.035275,5.114417,14.423752
15,142,1786548105.23359,0,1,33.369678,-12.632781,28.41666,-13.398586,-4.462438,0.545296,4.495631,-1.777091,-0.071331,1.778522,3.019999,5.011871,15.755952
15,143,1786548105.27364,0,1,33.191003,-12.613179,28.345628,-13.401529,-4.466874,0.490044,4.493674,-1.775794,-0.073559,1.777317,3.032323,4.909089,15.5018
15,144,1786548105.31353,0,1,33.012764,-12.590865,28.274655,-13.404559,-4.455972,0.557846,4.490755,-1.774326,-0.07577,1.775943,3.01705,4.807471,16.880339
15,145,1786548105.3535,0,1,32.834382,-12.570763,28.203747,-13.407678,-4.459556,0.502555,4.487783,-1.7727,-0.077963,1.774414,3.029374,4.705657,16.674354
15,146,1786548105.39357,0,1,32.656485,-12.54796,28.13291,-13.410884,-4.447413,0.57008,4.483801,-1.77093,-0.08014,1.772742,3.014105,4.605146,18.104546
15,147,1786548105.43351,0,1,32.478479,-12.527369,28.062149,-13.414176,-4.450158,0.514773,4.479833,-1.769026,-0.082299,1.770939,3.026429,4.504487,17.952466
15,148,1786548105.4736,0,1,32.301006,-12.50409,27.991448,-13.41753,-4.436814,0.581982,4.47482,-1.767507,-0.083858,1.769495,3.011166,4.405299,19.44001
15,149,1786548105.51356,0,1,32.123438,-12.48302,27.920795,-13.420924,-4.43921,0.526737,4.470351,-1.766341,-0.084863,1.768378,3.023489,4.306028,19.347372
15,150,1786548105.55358,0,1,31.946413,-12.459271,27.850175,-13.424339,-4.425618,0.593723,4.465266,-1.7655,-0.085357,1.767563,3.008233,4.208388,20.897985
15,151,1786548105.59361,0,1,31.769287,-12.437727,27.779576,-13.427754,-4.428158,0.538604,4.460793,-1.764959,-0.085381,1.767023,3.020555,4.110711,20.871085
15,152,1786548105.63352,0,1,31.592712,-12.413512,27.708989,-13.431153,-4.41438,0.605373,4.455696,-1.764693,-0.084972,1.766738,3.005306,4.014835,22.491591
15,153,1786548105.67353,0,1,31.416027,-12.391497,27.638401,-13.434519,-4.41713,0.55039,4.451288,-1.76468,-0.084164,1.766686,3.017628,3.918973,22.537768
15,154,1786548105.71347,0,1,31.239896,-12.366818,27.567805,-13.437839,-4.40326,0.616956,4.446272,-1.7649,-0.082989,1.76685,3.002386,3.825093,24.236097
15,155,1786548105.75347,0,1,31.064428,-12.338859,27.497192,-13.441098,-4.386693,0.698991,4.442033,-1.765335,-0.081477,1.767214,2.983578,3.733645,26.2242
15,156,1786548105.79338,0,1,30.888849,-12.312459,27.426553,-13.444284,-4.389491,0.659989,4.438831,-1.765967,-0.079655,1.767762,2.992354,3.642598,26.65332
15,157,1786548105.83358,0,1,30.713096,-12.288244,27.355882,-13.447386,-4.393828,0.605382,4.435337,-1.76678,-0.077548,1.768481,3.004675,3.551689,26.893035
15,158,1786548105.87354,0,1,30.537888,-12.261379,27.285172,-13.450393,-4.3802,0.671633,4.431393,-1.76776,-0.075181,1.769358,2.989444,3.463223,28.797127
15,159,1786548105.91352,0,1,30.36248,-12.236691,27.214416,-13.453296,-4.385193,0.617204,4.428414,-1.768893,-0.072575,1.770381,3.001764,3.374972,29.141197
15,160,1786548105.95353,0,1,30.1876,-12.209355,27.143609,-13.456086,-4.371993,0.683382,4.42508,-1.770168,-0.06975,1.771541,2.986538,3.28941,31.156562
15,161,1786548105.99351,0,1,30.012487,-12.184189,27.072746,-13.458755,-4.377837,0.629148,4.422814,-1.771572,-0.066725,1.772828,2.998858,3.204152,31.61793
15,162,1786548106.03353,0,1,29.837876,-12.156377,27.001823,-13.461296,-4.36528,0.695317,4.420309,-1.773096,-0.063519,1.774234,2.983636,3.12186,33.75826
15,163,1786548106.07351,0,1,29.662988,-12.130725,26.930833,-13.463702,-4.372197,0.641295,4.418978,-1.77473,-0.060146,1.775749,2.995955,3.039983,34.351453
15,164,1786548106.11349,0,1,29.487772,-12.107857,26.859775,-13.465967,-4.380401,0.571708,4.417552,-1.776465,-0.056623,1.777367,3.011811,2.95818,34.765184
15,165,1786548106.15348,0,1,29.312899,-12.082952,26.788643,-13.468085,-4.371811,0.622621,4.415924,-1.778293,-0.052964,1.779081,3.000127,2.879317,36.860268
15,166,1786548106.19347,0,1,29.137674,-12.060825,26.717435,-13.470053,-4.380624,0.553174,4.415412,-1.780206,-0.049181,1.780885,3.01598,2.800622,37.407946
15,167,1786548106.23348,0,1,28.962742,-12.036655,26.6462,-13.471863,-4.373311,0.604245,4.414857,-1.780876,-0.045254,1.781451,3.004295,2.725103,39.646733
15,168,1786548106.27345,0,1,28.787422,-12.015258,26.574961,-13.473511,-4.383006,0.534926,4.415528,-1.780974,-0.041215,1.781451,3.020148,2.649809,40.347531
15,169,1786548106.31352,0,1,28.612331,-11.99181,26.503718,-13.474995,-4.377259,0.58621,4.416337,-1.781065,-0.037091,1.781451,3.008463,2.578001,42.750079
15,170,1786548106.35349,0,1,28.436806,-11.97113,26.432472,-13.476311,-4.388134,0.516995,4.418484,-1.781148,-0.032892,1.781451,3.024317,2.506576,43.624623
15,171,1786548106.39352,0,1,28.261436,-11.948388,26.361223,-13.477456,-4.384251,0.56855,4.420962,-1.781221,-0.028628,1.781451,3.012632,2.439028,46.211915
15,172,1786548106.43352,0,1,28.085572,-11.928412,26.289972,-13.478428,-4.396589,0.499397,4.424861,-1.781285,-0.024309,1.781451,3.02849,2.372073,47.282061
15,173,1786548106.47351,0,1,27.909178,-11.911837,26.218719,-13.47924,-4.409861,0.41436,4.429285,-1.781336,-0.020285,1.781451,3.047905,2.305299,48.204714
15,174,1786548106.5135,0,1,27.732766,-11.89381,26.147464,-13.479901,-4.410291,0.450695,4.43326,-1.781375,-0.016534,1.781451,3.039755,2.242514,50.849145
15,175,1786548106.55351,0,1,27.555863,-11.879198,26.076219,-13.481275,-4.422572,0.365285,4.437632,-1.78112,-0.034346,1.781451,3.059184,2.180825,51.996739
15,176,1786548106.59349,0,1,27.378707,-11.865688,26.004988,-13.483229,-4.428912,0.337767,4.441773,-1.780781,-0.048857,1.781451,3.065476,2.122156,54.021141
15,177,1786548106.63352,0,1,27.201113,-11.856204,25.933773,-13.485729,-4.43985,0.237092,4.446176,-1.780355,-0.062492,1.781451,3.088242,2.06434,55.183264
15,178,1786548106.67353,0,1,27.023391,-11.845848,25.862573,-13.488592,-4.443041,0.258898,4.450577,-1.780013,-0.071582,1.781451,3.083388,2.011494,58.088568
15,179,1786548106.71349,0,1,26.845284,-11.839537,25.791386,-13.491786,-4.45268,0.157765,4.455474,-1.779661,-0.07985,1.781451,3.106176,1.959752,59.497196
15,180,1786548106.75347,0,1,26.666872,-11.837931,25.720215,-13.495291,-4.460292,0.040166,4.460473,-1.779295,-0.087631,1.781451,3.132588,1.908666,60.78164
15,181,1786548106.79353,0,1,26.488257,-11.836092,25.649051,-13.498963,-4.465378,0.045956,4.465614,-1.779085,-0.091792,1.781451,3.131301,1.862634,63.810798
15,182,1786548106.83352,0,1,26.309436,-11.838981,25.577897,-13.50278,-4.470524,-0.072219,4.471107,-1.778856,-0.095421,1.781414,-3.12544,1.817519,65.34036
15,183,1786548106.87344,0,1,26.130448,-11.844431,25.506763,-13.506671,-4.47471,-0.136256,4.476784,-1.778351,-0.097274,1.781009,-3.111152,1.775394,67.689399
15,184,1786548106.91357,0,1,25.951423,-11.854489,25.435672,-13.510605,-4.475631,-0.251434,4.482688,-1.777281,-0.098355,1.78,-3.085473,1.734566,69.486855
15,185,1786548106.95353,0,1,25.772166,-11.864793,25.364609,-13.51448,-4.481416,-0.257612,4.488815,-1.776573,-0.096875,1.779213,-3.084171,1.699285,72.832887
15,186,1786548106.99355,0,1,25.593037,-11.880334,25.293593,-13.518276,-4.478215,-0.388527,4.495038,-1.775401,-0.09491,1.777936,-3.05505,1.665089,74.681206
15,187,1786548107.03348,0,1,25.413675,-11.896138,25.222606,-13.521915,-4.48405,-0.395081,4.501421,-1.774668,-0.090976,1.776998,-3.053711,1.636967,78.261847
15,188,1786548107.07351,0,1,25.234599,-11.917195,25.15166,-13.525381,-4.476898,-0.526429,4.507743,-1.773657,-0.086639,1.775772,-3.024542,1.610324,80.341177
15,189,1786548107.11353,0,1,25.0553,-11.938529,25.080737,-13.528619,-4.482494,-0.533344,4.514112,-1.773076,-0.080951,1.774923,-3.023166,1.590294,84.131127
15,190,1786548107.15355,0,1,24.876456,-11.965127,25.009843,-13.53162,-4.471079,-0.664969,4.520258,-1.772346,-0.075025,1.773933,-2.993948,1.572161,86.407575
15,191,1786548107.1935,0,1,24.697464,-11.992366,24.938965,-13.534355,-4.4748,-0.68096,4.526317,-1.771935,-0.068367,1.773253,-2.990575,1.560786,90.248466
15,192,1786548107.23351,0,1,24.519137,-12.024953,24.868108,-13.536821,-4.458199,-0.814678,4.532024,-1.771437,-0.061666,1.77251,-2.96085,1.551621,92.641656
15,193,1786548107.2735,0,1,24.340654,-12.057918,24.797261,-13.539007,-4.462054,-0.824137,4.537524,-1.771178,-0.05464,1.772021,-2.958952,1.549875,96.66952
15,194,1786548107.31354,0,1,24.163036,-12.096224,24.726427,-13.540916,-4.440463,-0.957641,4.542553,-1.770856,-0.047735,1.771499,-2.929184,1.55066,99.134284
15,195,1786548107.3536,0,1,23.985307,-12.134913,24.6556,-13.542549,-4.44322,-0.967216,4.547275,-1.770662,-0.040818,1.771133,-2.927253,1.559081,103.182248
15,196,1786548107.39353,0,1,23.807351,-12.17334,24.584779,-13.54391,-4.44891,-0.960689,4.551453,-1.770534,-0.034016,1.77086,-2.92892,1.575708,107.377966
15,197,1786548107.43346,0,1,23.630318,-12.216436,24.513966,-13.54501,-4.425827,-1.077393,4.555076,-1.770327,-0.027506,1.77054,-2.902804,1.595601,109.946697
15,198,1786548107.4736,0,1,23.453089,-12.25927,24.443155,-13.545872,-4.430705,-1.070843,4.558273,-1.77028,-0.021554,1.770411,-2.904453,1.623446,113.991885
15,199,1786548107.51358,0,1,23.275516,-12.301198,24.372341,-13.546519,-4.439329,-1.048214,4.561403,-1.77035,-0.016179,1.770424,-2.90972,1.659472,118.086846
15,200,1786548107.55358,0,1,23.097856,-12.343289,24.301521,-13.546975,-4.44151,-1.05226,4.564456,-1.770491,-0.011387,1.770527,-2.908967,1.702254,121.67101
15,201,1786548107.59358,0,1,22.920946,-12.388914,24.230694,-13.547262,-4.422734,-1.140647,4.567456,-1.770668,-0.007175,1.770682,-2.889188,1.748487,124.04855
15,202,1786548107.63359,0,1,22.743609,-12.43334,24.159859,-13.547402,-4.433442,-1.110643,4.570442,-1.770888,-0.003503,1.770892,-2.896129,1.801915,127.746416
15,203,1786548107.67361,0,1,22.565698,-12.475914,24.089013,-13.547416,-4.447769,-1.064344,4.573345,-1.771138,-0.000346,1.771138,-2.906711,1.862419,131.419678
15,204,1786548107.71362,0,1,22.388431,-12.52155,24.018157,-13.547323,-4.431673,-1.140894,4.576174,-1.771401,0.002316,1.771402,-2.889623,1.925673,133.376292
15,205,1786548107.75357,0,1,22.210583,-12.565334,23.94729,-13.547142,-4.446201,-1.094611,4.57896,-1.771677,0.00452,1.771683,-2.900203,1.995018,136.688718
15,206,1786548107.79361,0,1,22.033404,-12.61218,23.876412,-13.546891,-4.429464,-1.171146,4.581674,-1.77196,0.006291,1.771971,-2.883109,2.066485,138.297376
15,207,1786548107.83361,0,1,21.855637,-12.657175,23.805522,-13.546584,-4.444195,-1.124881,4.584346,-1.772249,0.00766,1.772266,-2.893687,2.143152,141.276692
15,208,1786548107.87339,0,1,21.678461,-12.70485,23.73462,-13.546238,-4.429395,-1.191865,4.586947,-1.772541,0.008654,1.772562,-2.878738,2.221649,142.684959
15,209,1786548107.91342,0,1,21.500668,-12.750584,23.663707,-13.545866,-4.444809,-1.143358,4.589509,-1.772836,0.009301,1.77286,-2.889817,2.304606,145.387395
15,210,1786548107.95349,0,1,21.323283,-12.798257,23.592781,-13.545481,-4.434642,-1.191822,4.592003,-1.773132,0.009624,1.773158,-2.879044,2.389345,146.733114
15,211,1786548107.99347,0,1,21.145223,-12.843744,23.521844,-13.545095,-4.451498,-1.137165,4.594451,-1.773428,0.009648,1.773455,-2.891485,2.477947,149.228316
15,212,1786548108.03346,0,1,20.967785,-12.891963,23.450895,-13.544719,-4.435959,-1.205483,4.596838,-1.773725,0.009395,1.77375,-2.876248,2.567475,150.068285
15,213,1786548108.0734,0,1,20.789669,-12.937994,23.379934,-13.544364,-4.452881,-1.150787,4.59918,-1.774021,0.008886,1.774044,-2.88869,2.660293,152.334297
15,214,1786548108.11339,0,1,20.612188,-12.986759,23.308962,-13.544038,-4.43703,-1.219118,4.601465,-1.774317,0.008141,1.774336,-2.87345,2.753752,152.960897
15,215,1786548108.15342,0,1,20.434027,-13.033335,23.237977,-13.543751,-4.454024,-1.164386,4.603707,-1.774613,0.007179,1.774627,-2.885892,2.850028,155.032551
15,216,1786548108.19339,0,1,20.256513,-13.082644,23.166981,-13.543511,-4.437864,-1.232728,4.605894,-1.774908,0.006016,1.774918,-2.870648,2.946731,155.478071
15,217,1786548108.23341,0,1,20.078315,-13.129762,23.095973,-13.543324,-4.454933,-1.177964,4.608039,-1.775202,0.004669,1.775208,-2.883091,3.045864,157.385325
15,218,1786548108.27339,0,1,19.900777,-13.179615,23.024953,-13.543198,-4.438468,-1.246311,4.610129,-1.775495,0.003154,1.775498,-2.867844,3.145262,157.677322
15,219,1786548108.31342,0,1,19.722552,-13.227275,22.953921,-13.543138,-4.455612,-1.191518,4.612179,-1.775788,0.001484,1.775789,-2.880287,3.24677,159.445447
15,220,1786548108.35338,0,1,19.544998,-13.27767,22.882878,-13.543151,-4.438842,-1.259866,4.614172,-1.77608,-0.000327,1.77608,-2.865038,3.348421,159.607092
15,221,1786548108.39337,0,1,19.368357,-13.331443,22.811823,-13.543242,-4.416036,-1.344337,4.616126,-1.776372,-0.002267,1.776373,-2.846084,3.449974,159.54894
15,222,1786548108.43338,0,1,19.195643,-13.388332,22.740757,-13.543415,-4.317859,-1.422202,4.54605,-1.776663,-0.004323,1.776668,-2.823407,3.548505,159.264486
15,223,1786548108.47338,0,1,19.027115,-13.448778,22.669687,-13.543661,-4.213193,-1.511168,4.476006,-1.776742,-0.00615,1.776753,-2.79721,3.643808,158.776228
15,224,1786548108.51337,0,1,18.863058,-13.513168,22.598622,-13.543972,-4.10143,-1.609734,4.406015,-1.776628,-0.007765,1.776645,-2.767585,3.735691,158.098469
15,225,1786548108.55335,0,1,18.70378,-13.581822,22.527569,-13.544339,-3.981941,-1.716362,4.336098,-1.776335,-0.009183,1.776359,-2.73462,3.823972,157.24383
15,226,1786548108.59338,0,1,18.549615,-13.654999,22.456534,-13.544756,-3.854132,-1.829427,4.266279,-1.775877,-0.01042,1.775908,-2.698416,3.908474,156.22419
15,227,1786548108.63341,0,1,18.399844,-13.730803,22.385523,-13.545215,-3.744281,-1.895093,4.196548,-1.775268,-0.011487,1.775305,-2.673053,3.989998,155.820627
15,228,1786548108.6734,0,1,18.254497,-13.809068,22.314542,-13.545711,-3.633671,-1.956618,4.126975,-1.77452,-0.012399,1.774563,-2.647646,4.068578,155.410241
15,229,1786548108.71342,0,1,18.113599,-13.889628,22.243596,-13.546238,-3.522453,-2.01401,4.057574,-1.773643,-0.013166,1.773691,-2.622194,4.144249,154.993603
15,230,1786548108.75341,0,1,17.977168,-13.972319,22.17269,-13.54679,-3.410771,-2.067285,3.988362,-1.772647,-0.013801,1.772701,-2.596696,4.217047,154.571142
15,231,1786548108.79339,0,1,17.845217,-14.056978,22.101829,-13.547362,-3.298772,-2.116468,3.919353,-1.771543,-0.014312,1.771601,-2.57115,4.28701,154.143216
15,232,1786548108.83339,0,1,17.717753,-14.143442,22.031015,-13.547951,-3.186598,-2.161585,3.850566,-1.770339,-0.01471,1.7704,-2.545555,4.354175,153.710121
15,233,1786548108.87341,0,1,17.594777,-14.231548,21.960253,-13.548551,-3.074394,-2.202672,3.782018,-1.769043,-0.015004,1.769107,-2.519907,4.418582,153.272099
15,234,1786548108.91342,0,1,17.476285,-14.321139,21.889547,-13.549159,-2.962298,-2.239768,3.713728,-1.767662,-0.015202,1.767728,-2.494204,4.480271,152.829346
15,235,1786548108.95342,0,1,17.362267,-14.412056,21.818899,-13.549771,-2.850451,-2.272918,3.645714,-1.766204,-0.015311,1.76627,-2.468446,4.539284,152.382014
15,236,1786548108.99343,0,1,17.252708,-14.504143,21.748312,-13.550385,-2.73899,-2.302172,3.577997,-1.764673,-0.015341,1.76474,-2.442629,4.595662,151.93022
15,237,1786548109.0334,0,1,17.147586,-14.597246,21.677789,-13.550997,-2.628048,-2.327587,3.510598,-1.763077,-0.015297,1.763144,-2.416751,4.649449,151.474047
15,238,1786548109.07333,0,1,17.046875,-14.691215,21.607332,-13.551604,-2.517758,-2.349223,3.443538,-1.761421,-0.015186,1.761486,-2.390809,4.700689,151.013549
15,239,1786548109.11342,0,1,16.950545,-14.785901,21.536944,-13.552205,-2.408249,-2.367148,3.376841,-1.759708,-0.015016,1.759773,-2.364801,4.749427,150.548756
15,240,1786548109.15342,0,1,16.858559,-14.881159,21.466626,-13.552797,-2.299648,-2.381435,3.310531,-1.757945,-0.014791,1.758007,-2.338724,4.795709,150.079672
15,241,1786548109.19341,0,1,16.770876,-14.976845,21.39638,-13.553377,-2.192078,-2.39216,3.244632,-1.756135,-0.014517,1.756195,-2.312577,4.839581,149.606281
15,242,1786548109.23346,0,1,16.68745,-15.072821,21.326209,-13.553945,-2.085659,-2.399406,3.17917,-1.754281,-0.014201,1.754339,-2.286355,4.881093,149.128549
16,0,1786548135.23873,0,1,53.28,-13.199968,37.597264,-13.400031,-0.499999,0.000796,0.5,-0.068396,-0.000772,0.068401,3.14,15.684012,0.822128
16,0,1786548135.27876,0,1,53.28,-13.199968,37.591392,-13.400092,-0.499999,0.000796,0.5,-0.146793,-0.001521,0.146801,3.14,15.689884,0.822077
16,1,1786548135.31875,0,1,53.257181,-13.200498,37.582385,-13.400182,-0.570467,-0.01325,0.57062,-0.225189,-0.002247,0.2252,-3.118371,15.676068,0.600638
16,2,1786548135.35875,0,1,53.231541,-13.201172,37.570241,-13.400299,-0.641019,-0.016835,0.64124,-0.303586,-0.002947,0.3036,-3.115336,15.662565,0.775911
16,3,1786548135.39863,0,1,53.203076,-13.201924,37.554962,-13.400444,-0.711608,-0.018815,0.711857,-0.381983,-0.00362,0.382,-3.115158,15.649373,0.787724
16,4,1786548135.43869,0,1,53.171789,-13.202773,37.536749,-13.400613,-0.782181,-0.021216,0.782469,-0.455331,-0.004222,0.455351,-3.114475,15.636292,0.82876
16,5,1786548135.47875,0,1,53.137679,-13.203725,37.515823,-13.400803,-0.852744,-0.023807,0.853077,-0.523135,-0.004751,0.523156,-3.113682,15.623099,0.8764
16,6,1786548135.51876,0,1,53.100747,-13.20479,37.49239,-13.401012,-0.923295,-0.026635,0.923679,-0.585837,-0.005214,0.58586,-3.112753,15.609591,0.932154
16,7,1786548135.55876,0,1,53.060994,-13.205979,37.466636,-13.401236,-0.993833,-0.029713,0.994277,-0.643846,-0.005615,0.64387,-3.111704,15.59558,0.995132
16,8,1786548135.59868,0,1,53.01842,-13.207301,37.438735,-13.401475,-1.064357,-0.033057,1.06487,-0.697537,-0.00596,0.697563,-3.110544,15.580895,1.064894
16,9,1786548135.63869,0,1,52.973025,-13.208769,37.408844,-13.401725,-1.134864,-0.036683,1.135457,-0.747256,-0.006252,0.747283,-3.10928,15.565377,1.141072
16,10,1786548135.67879,0,1,52.924811,-13.210393,37.377112,-13.401985,-1.205355,-0.040605,1.206039,-0.793321,-0.006497,0.793348,-3.107918,15.54888,1.223379
16,11,1786548135.7188,0,1,52.873778,-13.212186,37.343671,-13.402253,-1.275827,-0.044837,1.276615,-0.836024,-0.006698,0.836051,-3.106463,15.53127,1.311576
16,12,1786548135.75875,0,1,52.819927,-13.214162,37.308645,-13.402527,-1.34628,-0.049394,1.347186,-0.875634,-0.006859,0.87566,-3.10492,15.512425,1.405464
16,13,1786548135.79875,0,1,52.763258,-13.216334,37.272149,-13.402806,-1.41671,-0.054289,1.41775,-0.912397,-0.006982,0.912424,-3.103291,15.492231,1.504876
16,14,1786548135.83877,0,1,52.703774,-13.218715,37.234288,-13.403089,-1.487118,-0.059534,1.488309,-0.946543,-0.007072,0.94657,-3.101581,15.470585,1.609665
16,15,1786548135.87876,0,1,52.641474,-13.221321,37.195156,-13.403374,-1.5575,-0.065142,1.558862,-0.978281,-0.00713,0.978307,-3.099793,15.44739,1.719702
16,16,1786548135.91869,0,1,52.576359,-13.224166,37.154844,-13.403661,-1.627856,-0.071123,1.629409,-1.007802,-0.00716,1.007827,-3.097929,15.42256,1.834873
16,17,1786548135.95864,0,1,52.508432,-13.227265,37.113433,-13.403947,-1.698183,-0.077488,1.69995,-1.035285,-0.007164,1.03531,-3.095994,15.396013,1.955074
16,18,1786548135.99864,0,1,52.437693,-13.230635,37.070997,-13.404233,-1.768479,-0.084249,1.770485,-1.060892,-0.007143,1.060916,-3.09399,15.367676,2.080212
16,19,1786548136.03868,0,1,52.364143,-13.234292,37.027606,-13.404517,-1.838743,-0.091413,1.841014,-1.084774,-0.0071,1.084797,-3.091918,15.337482,2.210202
16,20,1786548136.07871,0,1,52.287784,-13.238251,36.983324,-13.404798,-1.908972,-0.098991,1.911537,-1.107068,-0.007037,1.107091,-3.089783,15.305367,2.344966
16,21,1786548136.11863,0,1,52.208618,-13.242531,36.938207,-13.405077,-1.979165,-0.10699,1.982055,-1.127902,-0.006955,1.127923,-3.087587,15.271275,2.48443
16,22,1786548136.15859,0,1,52.126645,-13.247148,36.892312,-13.405351,-2.049319,-0.115418,2.052566,-1.147392,-0.006856,1.147413,-3.085332,15.235155,2.628529
16,23,1786548136.19863,0,1,52.041868,-13.252119,36.845712,-13.40562,-2.119432,-0.124282,2.123072,-1.164991,-0.006738,1.16501,-3.08302,15.196931,2.7772
16,24,1786548136.23861,0,1,51.954273,-13.257232,36.798478,-13.405885,-2.189878,-0.127836,2.193606,-1.180849,-0.006602,1.180868,-3.083283,15.156523,2.778938
16,25,1786548136.2786,0,1,51.86386,-13.262516,36.750674,-13.406143,-2.260302,-0.132082,2.264158,-1.195107,-0.006449,1.195124,-3.083224,15.113869,2.799807
16,26,1786548136.31862,0,1,51.77063,-13.267958,36.702358,-13.406394,-2.33076,-0.136063,2.334728,-1.207891,-0.006282,1.207907,-3.083282,15.068908,2.814586
16,27,1786548136.35862,0,1,51.67458,-13.273553,36.653585,-13.406638,-2.401243,-0.139883,2.405314,-1.21932,-0.006101,1.219336,-3.083404,15.021584,2.826354
16,28,1786548136.39861,0,1,51.57571,-13.279293,36.604405,-13.406874,-2.471751,-0.143485,2.475913,-1.229503,-0.005907,1.229517,-3.083608,14.971849,2.834043
16,29,1786548136.43863,0,1,51.474019,-13.285166,36.554864,-13.407102,-2.542285,-0.146836,2.546522,-1.238538,-0.005702,1.238552,-3.083899,14.919653,2.837314
16,30,1786548136.47863,0,1,51.369505,-13.291162,36.505003,-13.407322,-2.612845,-0.149902,2.617141,-1.246519,-0.005486,1.246531,-3.084284,14.864956,2.835792
16,31,1786548136.51863,0,1,51.262168,-13.297268,36.454862,-13.407532,-2.68343,-0.15265,2.687768,-1.253528,-0.005261,1.253539,-3.084768,14.807716,2.829176
16,32,1786548136.5586,0,1,51.152006,-13.30347,36.404476,-13.407733,-2.754039,-0.155049,2.7584,-1.259645,-0.005027,1.259655,-3.085353,14.747899,2.817209
16,33,1786548136.59862,0,1,51.039019,-13.309753,36.353879,-13.407924,-2.824673,-0.157068,2.829036,-1.264939,-0.004785,1.264949,-3.086044,14.685469,2.799677
16,34,1786548136.63861,0,1,50.923206,-13.3161,36.303099,-13.408106,-2.89533,-0.158679,2.899675,-1.269478,-0.004536,1.269486,-3.086842,14.620396,2.776403
16,35,1786548136.67863,0,1,50.804566,-13.322494,36.252274,-13.408277,-2.96601,-0.159854,2.970315,-1.270625,-0.004271,1.270632,-3.08775,14.552544,2.747238
16,36,1786548136.71867,0,1,50.683097,-13.328917,36.201449,-13.408437,-3.036713,-0.160565,3.040955,-1.270626,-0.003999,1.270632,-3.088767,14.481866,2.712064
16,37,1786548136.75863,0,1,50.5588,-13.335348,36.150624,-13.408586,-3.107436,-0.160788,3.111593,-1.270627,-0.003724,1.270632,-3.089896,14.408362,2.670784
16,38,1786548136.79871,0,1,50.431673,-13.341768,36.099799,-13.408724,-3.178179,-0.160499,3.182229,-1.270628,-0.003447,1.270632,-3.091135,14.33203,2.623323
16,39,1786548136.83874,0,1,50.301715,-13.348155,36.048974,-13.40885,-3.24894,-0.159673,3.252861,-1.270628,-0.003167,1.270632,-3.092486,14.25287,2.569623
16,40,1786548136.87871,0,1,50.168926,-13.354487,35.998149,-13.408966,-3.319717,-0.158291,3.323488,-1.270629,-0.002885,1.270632,-3.093947,14.170882,2.509642
16,41,1786548136.91875,0,1,50.033306,-13.36074,35.947324,-13.40907,-3.390508,-0.15633,3.394111,-1.27063,-0.0026,1.270632,-3.095517,14.086065,2.44335
16,42,1786548136.95872,0,1,49.894854,-13.366891,35.896499,-13.409162,-3.461312,-0.153772,3.464726,-1.27063,-0.002313,1.270632,-3.097196,13.998419,2.370729
16,43,1786548136.99867,0,1,49.753569,-13.372915,35.845673,-13.409243,-3.532126,-0.150599,3.535335,-1.270631,-0.002024,1.270632,-3.098982,13.907943,2.291771
16,44,1786548137.03874,0,1,49.609451,-13.378787,35.794848,-13.409312,-3.602947,-0.146793,3.605936,-1.270631,-0.001734,1.270632,-3.100873,13.814636,2.206478
16,45,1786548137.07875,0,1,49.462538,-13.384479,35.744023,-13.40937,-3.672808,-0.142303,3.675564,-1.270632,-0.001441,1.270632,-3.102867,13.718538,2.114852
16,46,1786548137.11876,0,1,49.312915,-13.389962,35.693197,-13.409416,-3.740588,-0.137082,3.743099,-1.270632,-0.001146,1.270632,-3.104962,13.619731,2.016952
16,47,1786548137.15872,0,1,49.160661,-13.395208,35.642382,-13.40945,-3.80634,-0.131143,3.808599,-1.270394,-0.00085,1.270395,-3.107152,13.518287,1.912912
16,48,1786548137.19872,0,1,49.005857,-13.400188,35.591574,-13.409475,-3.870118,-0.124498,3.87212,-1.270183,-0.000634,1.270184,-3.109435,13.414285,1.802839
16,49,1786548137.23875,0,1,48.848578,-13.405227,35.540774,-13.409495,-3.931977,-0.125994,3.933995,-1.269997,-0.000493,1.269997,-3.10956,13.307804,1.816947
16,50,1786548137.27875,0,1,48.688886,-13.41026,35.489981,-13.409512,-3.992282,-0.125817,3.994265,-1.269834,-0.00042,1.269834,-3.110088,13.198905,1.808326
16,51,1786548137.3187,0,1,48.526847,-13.415332,35.439194,-13.409528,-4.050988,-0.126788,4.052971,-1.269691,-0.00041,1.269691,-3.110305,13.087654,1.818069
16,52,1786548137.35858,0,1,48.36252,-13.420455,35.388411,-13.409547,-4.10816,-0.12808,4.110156,-1.269567,-0.000459,1.269567,-3.110426,12.974114,1.833899
16,53,1786548137.39862,0,1,48.195967,-13.425652,35.337632,-13.409569,-4.163831,-0.12994,4.165858,-1.269461,-0.00056,1.269461,-3.110396,12.858345,1.859108
16,54,1786548137.43863,0,1,48.027245,-13.430944,35.286858,-13.409597,-4.218044,-0.132284,4.220117,-1.269371,-0.000711,1.269372,-3.110241,12.740406,1.892288
16,55,1786548137.47863,0,1,47.856412,-13.436349,35.236086,-13.409634,-4.270835,-0.135126,4.272972,-1.269296,-0.000907,1.269297,-3.109964,12.620355,1.933471
16,56,1786548137.51863,0,1,47.683522,-13.441887,35.185316,-13.40968,-4.322243,-0.138443,4.32446,-1.269235,-0.001145,1.269236,-3.109573,12.498247,1.982225
16,57,1786548137.55872,0,1,47.50863,-13.447575,35.134549,-13.409736,-4.372304,-0.142222,4.374617,-1.269187,-0.00142,1.269188,-3.109076,12.374139,2.038265
16,58,1786548137.59869,0,1,47.331788,-13.453433,35.083783,-13.409806,-4.421054,-0.146443,4.423479,-1.26915,-0.001731,1.269151,-3.108481,12.248083,2.101261
16,59,1786548137.63869,0,1,47.153047,-13.459477,35.033018,-13.409889,-4.468527,-0.151085,4.471081,-1.269124,-0.002074,1.269125,-3.107795,12.12013,2.170901
16,60,1786548137.6788,0,1,46.972457,-13.465721,34.982254,-13.409986,-4.514758,-0.156124,4.517456,-1.269107,-0.002446,1.26911,-3.107026,11.990333,2.246877
16,61,1786548137.71886,0,1,46.790068,-13.47222,34.93149,-13.4101,-4.559722,-0.16246,4.562615,-1.2691,-0.002846,1.269103,-3.105978,11.858741,2.340679
16,62,1786548137.75883,0,1,46.605926,-13.478949,34.880725,-13.410231,-4.603533,-0.168234,4.606606,-1.269101,-0.00327,1.269105,-3.105064,11.725402,2.428704
16,63,1786548137.79879,0,1,46.420079,-13.485941,34.829961,-13.41038,-4.646174,-0.174796,4.649461,-1.26911,-0.003718,1.269115,-3.103989,11.590365,2.528071
16,64,1786548137.83876,0,1,46.232572,-13.493204,34.779196,-13.410547,-4.687693,-0.181571,4.691209,-1.269125,-0.004186,1.269132,-3.102879,11.453674,2.631641
16,65,1786548137.87876,0,1,46.043447,-13.500756,34.72843,-13.410734,-4.728108,-0.188791,4.731876,-1.269148,-0.004673,1.269156,-3.101684,11.315375,2.742405
16,66,1786548137.91876,0,1,45.852749,-13.508609,34.677663,-13.410941,-4.767449,-0.196345,4.77149,-1.269176,-0.005178,1.269186,-3.100431,11.175513,2.859108
16,67,1786548137.95878,0,1,45.66052,-13.516781,34.626895,-13.411169,-4.805737,-0.204281,4.810076,-1.269209,-0.005698,1.269222,-3.09911,11.034131,2.98246
16,68,1786548137.99875,0,1,45.4668,-13.525284,34.576125,-13.411418,-4.842996,-0.212581,4.847659,-1.269248,-0.006234,1.269263,-3.097726,10.89127,3.112383
16,69,1786548138.03874,0,1,45.27163,-13.534134,34.525353,-13.41169,-4.879248,-0.221265,4.884262,-1.269291,-0.006782,1.26931,-3.096276,10.746974,3.249286
16,70,1786548138.07872,0,1,45.07505,-13.543348,34.47458,-13.411983,-4.914511,-0.230343,4.919906,-1.269339,-0.007343,1.26936,-3.094757,10.601284,3.393475
16,71,1786548138.11872,0,1,44.877098,-13.552942,34.423804,-13.4123,-4.948804,-0.23984,4.954612,-1.269391,-0.007914,1.269415,-3.093166,10.45424,3.545454
16,72,1786548138.15877,0,1,44.677812,-13.562933,34.373026,-13.41264,-4.98214,-0.249786,4.988398,-1.269446,-0.008496,1.269474,-3.091498,10.305882,3.705787
16,73,1786548138.19878,0,1,44.477231,-13.573342,34.322246,-13.41299,-5.014535,-0.260221,5.021282,-1.269515,-0.008753,1.269545,-3.089746,10.156251,3.875259
16,74,1786548138.23875,0,1,44.275358,-13.583512,34.271462,-13.413339,-5.046803,-0.254246,5.053203,-1.269597,-0.008713,1.269627,-3.091258,10.005344,3.858537
16,75,1786548138.27878,0,1,44.07225,-13.593769,34.220674,-13.413674,-5.077702,-0.256432,5.084173,-1.26969,-0.008397,1.269718,-3.091134,9.853222,3.938366
16,76,1786548138.31879,0,1,43.867931,-13.603863,34.169882,-13.413988,-5.107976,-0.252359,5.114206,-1.269794,-0.00783,1.269819,-3.092228,9.699908,3.950025
16,77,1786548138.35875,0,1,43.662445,-13.613923,34.119086,-13.414269,-5.13716,-0.251498,5.143313,-1.269909,-0.00703,1.269928,-3.092675,9.545447,4.001264
16,78,1786548138.39865,0,1,43.455823,-13.623848,34.068285,-13.41451,-5.165545,-0.24812,5.171501,-1.270032,-0.006018,1.270046,-3.093596,9.389872,4.027477
16,79,1786548138.43874,0,1,43.248106,-13.633712,34.017478,-13.414702,-5.192924,-0.246602,5.198776,-1.270164,-0.004809,1.270173,-3.09414,9.233226,4.077993
16,80,1786548138.47875,0,1,43.039329,-13.643486,33.966666,-13.414839,-5.219426,-0.244346,5.225142,-1.270303,-0.00342,1.270308,-3.094812,9.075544,4.12398
16,81,1786548138.51876,0,1,42.829532,-13.653239,33.915848,-13.414913,-5.244932,-0.24383,5.250597,-1.27045,-0.001867,1.270451,-3.095137,8.916869,4.193246
16,82,1786548138.55876,0,1,42.618752,-13.662988,33.865024,-13.41492,-5.269505,-0.243707,5.275137,-1.270603,-0.000162,1.270603,-3.095377,8.757242,4.271209
16,83,1786548138.59876,0,1,42.407029,-13.672816,33.814199,-13.414853,-5.293054,-0.245712,5.298754,-1.270631,0.001682,1.270632,-3.095204,8.596702,4.377401
16,84,1786548138.63877,0,1,42.194405,-13.682776,33.763374,-13.414706,-5.315606,-0.249004,5.321435,-1.270627,0.003653,1.270632,-3.094783,8.435292,4.503136
16,85,1786548138.67874,0,1,41.980922,-13.69298,33.712549,-13.414477,-5.33707,-0.255083,5.343163,-1.270619,0.00574,1.270632,-3.093834,8.273063,4.665505
16,86,1786548138.71878,0,1,41.766624,-13.703507,33.661725,-13.41416,-5.357457,-0.26318,5.363917,-1.270608,0.007933,1.270632,-3.092508,8.110063,4.856951
16,87,1786548138.75876,0,1,41.551558,-13.7145,33.610901,-13.413751,-5.376654,-0.274823,5.383673,-1.270591,0.010223,1.270632,-3.090523,7.94635,5.095098
16,88,1786548138.79872,0,1,41.335771,-13.726056,33.560078,-13.413247,-5.394671,-0.288916,5.402402,-1.27057,0.012601,1.270632,-3.088088,7.781983,5.369308
16,89,1786548138.83876,0,1,41.119317,-13.738352,33.509256,-13.412644,-5.411349,-0.307395,5.420073,-1.270543,0.01506,1.270632,-3.084848,7.617028,5.701969
16,90,1786548138.87863,0,1,40.902247,-13.751469,33.458436,-13.41194,-5.426759,-0.32791,5.436657,-1.270511,0.017593,1.270632,-3.081241,7.45155,6.069444
16,91,1786548138.91878,0,1,40.684623,-13.765636,33.407617,-13.411133,-5.440604,-0.354193,5.452121,-1.270472,0.020191,1.270632,-3.076583,7.285635,6.513796
16,92,1786548138.95871,0,1,40.466492,-13.780806,33.3568,-13.410219,-5.453271,-0.379242,5.466442,-1.270427,0.02285,1.270632,-3.072161,7.119344,6.961966
16,93,1786548138.99869,0,1,40.247942,-13.797464,33.305985,-13.409196,-5.46374,-0.41645,5.479588,-1.270375,0.025564,1.270632,-3.065519,6.952807,7.55995
16,94,1786548139.03874,0,1,40.028961,-13.814756,33.255172,-13.408063,-5.47453,-0.432314,5.491573,-1.270317,0.028327,1.270632,-3.062788,6.785987,7.951047
16,95,1786548139.07875,0,1,39.809851,-13.835521,33.204362,-13.406818,-5.477761,-0.519104,5.502303,-1.270251,0.031134,1.270632,-3.047109,6.619385,9.126854
16,96,1786548139.11876,0,1,39.590164,-13.854261,33.153555,-13.405459,-5.492159,-0.468514,5.512107,-1.270178,0.03398,1.270632,-3.056493,6.452237,8.864452
16,97,1786548139.15878,0,1,39.37055,-13.877216,33.102751,-13.403984,-5.49035,-0.573875,5.520261,-1.270098,0.036862,1.270632,-3.037447,6.285639,10.284894
16,98,1786548139.19866,0,1,39.150435,-13.898139,33.05195,-13.40241,-5.502876,-0.523081,5.527681,-1.270023,0.039351,1.270632,-3.046822,6.1186,10.077187
16,99,1786548139.23878,0,1,38.930548,-13.92328,33.001152,-13.400751,-5.497189,-0.628502,5.533001,-1.269955,0.041478,1.270632,-3.027755,5.952375,11.558575
16,100,1786548139.27881,0,1,38.7105,-13.948589,32.950356,-13.39902,-5.501186,-0.632733,5.537454,-1.269895,0.043272,1.270632,-3.027078,5.786301,12.011216
16,101,1786548139.31884,0,1,38.490944,-13.978704,32.899564,-13.39723,-5.488892,-0.75288,5.540285,-1.269819,0.044758,1.270608,-3.005279,5.621535,13.747316
16,102,1786548139.35884,0,1,38.271095,-14.007368,32.848779,-13.395392,-5.496232,-0.716605,5.542751,-1.269613,0.045956,1.270444,-3.011943,5.456742,13.867691
16,103,1786548139.39883,0,1,38.051902,-14.040823,32.798008,-13.393516,-5.47984,-0.836374,5.543299,-1.269286,0.04689,1.270152,-2.990134,5.29362,15.701678
16,104,1786548139.43866,0,1,37.832469,-14.07282,32.747254,-13.391613,-5.485815,-0.799932,5.54383,-1.268849,0.047579,1.269741,-2.996795,5.130639,15.926126
16,105,1786548139.47878,0,1,37.612744,-14.102377,32.696521,-13.389691,-5.49312,-0.738915,5.542596,-1.268311,0.048043,1.26922,-3.007879,4.967612,15.909725
16,106,1786548139.51874,0,1,37.393698,-14.135723,32.645814,-13.387759,-5.476165,-0.83364,5.539254,-1.267679,0.048301,1.268598,-2.990522,4.806438,17.608304
16,107,1786548139.55866,0,1,37.174421,-14.16662,32.595136,-13.385824,-5.481905,-0.772443,5.53606,-1.266961,0.048367,1.267883,-3.001606,4.645374,17.696844
16,108,1786548139.59865,0,1,36.955918,-14.201285,32.544489,-13.383894,-5.462572,-0.866627,5.530889,-1.266163,0.048258,1.267083,-2.984256,4.486517,19.511995
16,109,1786548139.63864,0,1,36.737228,-14.233499,32.493877,-13.381975,-5.467267,-0.805343,5.526263,-1.265293,0.047987,1.266203,-2.995342,4.327946,19.726549
16,110,1786548139.67881,0,1,36.51938,-14.269459,32.443303,-13.380072,-5.446189,-0.898988,5.519887,-1.264356,0.047567,1.265251,-2.978,4.17198,21.681973
16,111,1786548139.71885,0,1,36.301361,-14.302968,32.392769,-13.378192,-5.450479,-0.837726,5.514482,-1.263357,0.04701,1.264232,-2.989088,4.016504,22.049297
16,112,1786548139.75884,0,1,36.084225,-14.340204,32.342277,-13.376338,-5.42841,-0.930897,5.507649,-1.262302,0.046327,1.263152,-2.971758,3.864093,24.175251
16,113,1786548139.79883,0,1,35.866903,-14.374995,32.291829,-13.374517,-5.433033,-0.869782,5.502215,-1.261194,0.045528,1.262016,-2.982848,3.712427,24.729555
16,114,1786548139.83879,0,1,35.649323,-14.406379,32.241427,-13.372732,-5.439505,-0.784604,5.4958,-1.260039,0.044623,1.260829,-2.998339,3.561205,25.080875
16,115,1786548139.87865,0,1,35.43247,-14.440522,32.191074,-13.370988,-5.421325,-0.853576,5.488111,-1.258839,0.04362,1.259594,-2.985427,3.413291,27.208519
16,116,1786548139.91875,0,1,35.215354,-14.47127,32.14077,-13.369287,-5.427905,-0.768698,5.482066,-1.257598,0.042527,1.258317,-3.000909,3.266104,27.779154
16,117,1786548139.95874,0,1,34.99794,-14.497664,32.090517,-13.367633,-5.435347,-0.659856,5.475254,-1.256321,0.041351,1.257001,-3.020783,3.119308,28.161555
16,118,1786548139.99871,0,1,34.78107,-14.525873,32.040317,-13.366029,-5.421753,-0.70522,5.467425,-1.255008,0.0401,1.255649,-3.012247,2.976066,30.348316
16,119,1786548140.03874,0,1,34.563917,-14.549745,31.99017,-13.364477,-5.428828,-0.596803,5.461533,-1.253665,0.038779,1.254264,-3.0321,2.833555,31.000588
16,120,1786548140.07881,0,1,34.347226,-14.575442,31.940078,-13.362982,-5.417268,-0.642428,5.455228,-1.252292,0.037395,1.25285,-3.023555,2.695259,33.497088
16,121,1786548140.11888,0,1,34.130225,-14.596821,31.890043,-13.361543,-5.425039,-0.534467,5.451303,-1.250892,0.035953,1.251408,-3.043391,2.558188,34.499697
16,122,1786548140.15879,0,1,33.912915,-14.612928,31.840064,-13.360165,-5.432736,-0.402667,5.447638,-1.249468,0.034458,1.249943,-3.067609,2.422009,35.386307
16,123,1786548140.19874,0,1,33.695814,-14.629939,31.790141,-13.358854,-5.427543,-0.425274,5.444178,-1.248082,0.032776,1.248512,-3.063398,2.290686,38.183551
16,124,1786548140.23867,0,1,33.478371,-14.64169,31.740259,-13.356874,-5.43606,-0.293792,5.443994,-1.247049,0.049505,1.248032,-3.0876,2.161432,39.56544
16,125,1786548140.27868,0,1,33.260627,-14.64722,31.690444,-13.354328,-5.443599,-0.138238,5.445354,-1.24536,0.063646,1.246985,-3.116204,2.033972,40.922801
16,126,1786548140.31867,0,1,33.042759,-14.652726,31.640694,-13.351506,-5.446693,-0.137659,5.448432,-1.243768,0.070548,1.245767,-3.116324,1.912841,44.311358
16,127,1786548140.35869,0,1,32.824575,-14.651996,31.591019,-13.348516,-5.454618,0.018265,5.454649,-1.241879,0.074762,1.244127,3.138244,1.794637,46.386886
16,128,1786548140.39879,0,1,32.606212,-14.64404,31.541427,-13.34545,-5.459059,0.19889,5.462681,-1.239796,0.07663,1.242162,3.105176,1.679316,48.56324
16,129,1786548140.4388,0,1,32.387501,-14.635084,31.4919,-13.34248,-5.467782,0.223889,5.472363,-1.238164,0.074266,1.240389,3.100669,1.572555,52.938484
16,130,1786548140.47877,0,1,32.168742,-14.618853,31.442435,-13.339668,-5.468966,0.405776,5.483999,-1.236623,0.070281,1.238619,3.067532,1.470998,56.169212
16,131,1786548140.51864,0,1,31.949551,-14.601582,31.393018,-13.337089,-5.479798,0.43178,5.496782,-1.235425,0.064483,1.237107,3.06296,1.381547,61.739306
16,132,1786548140.55878,0,1,31.729939,-14.582753,31.343642,-13.334769,-5.490286,0.47072,5.510429,-1.234396,0.058001,1.235757,3.056065,1.306403,67.900425
16,133,1786548140.59884,0,1,31.509959,-14.561752,31.294305,-13.332713,-5.499492,0.525027,5.524496,-1.233434,0.051409,1.234505,3.046413,1.247816,74.594466
16,134,1786548140.63885,0,1,31.289375,-14.541099,31.245005,-13.330916,-5.514607,0.516346,5.538728,-1.232496,0.04493,1.233315,3.048233,1.210996,82.551119
16,135,1786548140.67882,0,1,31.06842,-14.51839,31.195743,-13.32937,-5.523879,0.567708,5.552975,-1.231563,0.038638,1.232169,3.039179,1.195818,90.244182
16,136,1786548140.7188,0,1,30.846735,-14.497269,31.146518,-13.328069,-5.542117,0.528038,5.567215,-1.23063,0.032537,1.23106,3.046602,1.20702,98.938254
16,137,1786548140.75877,0,1,30.624737,-14.473602,31.09733,-13.327004,-5.549954,0.59166,5.581403,-1.229696,0.026615,1.229984,3.035387,1.240174,106.314841
16,138,1786548140.79874,0,1,30.401948,-14.452117,31.048179,-13.326169,-5.569718,0.537135,5.595559,-1.228762,0.020862,1.228939,3.045452,1.298219,114.344936
16,139,1786548140.83875,0,1,30.178808,-14.428501,30.999066,-13.325559,-5.578497,0.590408,5.609654,-1.227828,0.015266,1.227923,3.036149,1.374519,120.596685
16,140,1786548140.87872,0,1,29.95483,-14.407631,30.94999,-13.325166,-5.599451,0.521742,5.623706,-1.226893,0.009815,1.226932,3.048684,1.470399,127.270467
16,141,1786548140.91878,0,1,29.730617,-14.3835,30.900952,-13.324986,-5.605335,0.603268,5.637704,-1.225958,0.004501,1.225966,3.034381,1.578016,131.729364
16,142,1786548140.95874,0,1,29.505553,-14.362232,30.851951,-13.325014,-5.626591,0.531709,5.651659,-1.225022,-0.000688,1.225023,3.047373,1.699591,136.992214
16,143,1786548140.99868,0,1,29.28008,-14.339436,30.802988,-13.325244,-5.636823,0.569886,5.665558,-1.224087,-0.005758,1.2241,3.040834,1.829708,140.565028
16,144,1786548141.03872,0,1,29.05378,-14.319507,30.754062,-13.325673,-5.657516,0.498239,5.679413,-1.223151,-0.010718,1.223198,3.053753,1.969433,144.660359
16,145,1786548141.07875,0,1,28.827225,-14.296406,30.705173,-13.326296,-5.663859,0.577511,5.693226,-1.222215,-0.015574,1.222314,3.03998,2.113718,146.858016
16,146,1786548141.11871,0,1,28.599806,-14.276609,30.656322,-13.327109,-5.685492,0.494942,5.706994,-1.221279,-0.020335,1.221448,3.054758,2.265129,150.241833
16,147,1786548141.15866,0,1,28.372065,-14.254317,30.607508,-13.328109,-5.693512,0.557291,5.720721,-1.220343,-0.025005,1.220599,3.044022,2.419724,151.903971
16,148,1786548141.19866,0,1,28.143459,-14.235544,30.558716,-13.329278,-5.715168,0.469336,5.734407,-1.219807,-0.029229,1.220157,3.059655,2.579687,154.737986
16,149,1786548141.23866,0,1,27.914581,-14.213761,30.50993,-13.3306,-5.721942,0.544559,5.747797,-1.219638,-0.033041,1.220086,3.046708,2.741498,155.770795
16,150,1786548141.27871,0,1,27.684868,-14.195522,30.461138,-13.332059,-5.742817,0.455979,5.76089,-1.219808,-0.036472,1.220353,3.062359,2.907446,158.183739
16,151,1786548141.31874,0,1,27.454901,-14.174262,30.412326,-13.333641,-5.749189,0.531497,5.773705,-1.220289,-0.039552,1.22093,3.049407,3.074575,158.850861
16,152,1786548141.35873,0,1,27.224128,-14.156569,30.363484,-13.335333,-5.769308,0.442319,5.786239,-1.221057,-0.042308,1.22179,3.065075,3.244994,160.956127
16,153,1786548141.39867,0,1,26.993116,-14.135845,30.314601,-13.337124,-5.775315,0.518122,5.79851,-1.222088,-0.044765,1.222908,3.052119,3.41617,161.352293
16,154,1786548141.43874,0,1,26.761328,-14.11871,30.265666,-13.339002,-5.794703,0.428372,5.810515,-1.223362,-0.046945,1.224262,3.067802,3.590033,163.228253
16,155,1786548141.47872,0,1,26.529312,-14.098532,30.216672,-13.340957,-5.800378,0.504451,5.822272,-1.224858,-0.048871,1.225833,3.054842,3.764378,163.419599
16,156,1786548141.51872,0,1,26.29655,-14.081965,30.167609,-13.342979,-5.819058,0.414154,5.833778,-1.22656,-0.050562,1.227602,3.07054,3.940964,165.121264
16,157,1786548141.55871,0,1,26.063573,-14.062346,30.118471,-13.34506,-5.824432,0.490499,5.845049,-1.228451,-0.052035,1.229552,3.057577,4.117851,165.154775
16,158,1786548141.59859,0,1,25.829876,-14.046358,30.069251,-13.347193,-5.842428,0.399678,5.856083,-1.230515,-0.053309,1.23167,3.07329,4.296642,166.721491
16,159,1786548141.63875,0,1,25.595975,-14.027307,30.019941,-13.349369,-5.84753,0.47628,5.866895,-1.23274,-0.054397,1.233939,3.060322,4.47561,166.631191
16,160,1786548141.67872,0,1,25.36138,-14.011909,29.970537,-13.351581,-5.864862,0.384957,5.877482,-1.235111,-0.055316,1.236349,3.076049,4.656217,168.091647
16,161,1786548141.71871,0,1,25.126591,-13.993437,29.921032,-13.353824,-5.869722,0.461809,5.887861,-1.237618,-0.056077,1.238888,3.063078,4.836917,167.902644
16,162,1786548141.75872,0,1,24.891135,-13.978636,29.871422,-13.356092,-5.88641,0.370005,5.898027,-1.240249,-0.056693,1.241544,3.078818,5.019046,169.278151
16,163,1786548141.79865,0,1,24.655493,-13.960752,29.821702,-13.358379,-5.891055,0.447098,5.907997,-1.242995,-0.057176,1.24431,3.065844,5.201209,169.009312
16,164,1786548141.83875,0,1,24.419208,-13.946559,29.771868,-13.36068,-5.907117,0.354832,5.917765,-1.245846,-0.057535,1.247174,3.081596,5.384629,170.315976
16,165,1786548141.87871,0,1,24.182745,-13.929273,29.721917,-13.362992,-5.911572,0.432158,5.927347,-1.248795,-0.057781,1.250131,3.068619,5.568042,169.981712
16,166,1786548141.91866,0,1,23.945664,-13.915695,29.671843,-13.365309,-5.927027,0.33945,5.93674,-1.251832,-0.057923,1.253171,3.084384,5.752569,171.231899
16,167,1786548141.95874,0,1,23.708411,-13.899015,29.621645,-13.367627,-5.931316,0.417002,5.945957,-1.254952,-0.057968,1.25629,3.071403,5.937062,170.843389
16,168,1786548141.99871,0,1,23.470564,-13.88606,29.571319,-13.369944,-5.94618,0.323869,5.954994,-1.258147,-0.057924,1.259479,3.08718,6.122548,172.046736
16,169,1786548142.03872,0,1,23.232551,-13.869994,29.520863,-13.372256,-5.950326,0.40164,5.963866,-1.261411,-0.057799,1.262735,3.074196,6.30798,171.61277
16,170,1786548142.0787,0,1,22.993966,-13.85767,29.470273,-13.37456,-5.964615,0.308098,5.972567,-1.264739,-0.057598,1.26605,3.089984,6.494301,172.776885
16,171,1786548142.11864,0,1,22.755221,-13.842227,29.419548,-13.376853,-5.968639,0.386081,5.981113,-1.268127,-0.057328,1.269422,3.076998,6.680556,172.304467
16,172,1786548142.15859,0,1,22.515926,-13.830541,29.368774,-13.379129,-5.982367,0.292147,5.989496,-1.269358,-0.056896,1.270632,3.092797,6.867699,173.435444
16,173,1786548142.19862,0,1,22.276475,-13.815728,29.317999,-13.38139,-5.98629,0.370336,5.997734,-1.269375,-0.056515,1.270632,3.079807,7.054907,172.930297
16,174,1786548142.23863,0,1,22.036676,-13.801562,29.267223,-13.383639,-5.994968,0.354156,6.005419,-1.269388,-0.056232,1.270632,3.082586,7.242615,173.311162
16,175,1786548142.27863,0,1,21.796862,-13.783367,29.216448,-13.385881,-5.995348,0.454878,6.01258,-1.269396,-0.056038,1.270632,3.065866,7.430225,172.594627
16,176,1786548142.31862,0,1,21.55658,-13.768055,29.165672,-13.388118,-6.007051,0.382796,6.019236,-1.269401,-0.055925,1.270632,3.077954,7.618571,173.495271
16,177,1786548142.35864,0,1,21.316342,-13.748705,29.114895,-13.390353,-6.005936,0.483734,6.025385,-1.269403,-0.055888,1.270632,3.061224,7.806782,172.764235
16,178,1786548142.39861,0,1,21.075662,-13.732246,29.064119,-13.39259,-6.017002,0.411484,6.031055,-1.269401,-0.055919,1.270632,3.073312,7.995675,173.653158
16,179,1786548142.43865,0,1,20.835085,-13.711743,29.013344,-13.39483,-6.01444,0.512587,6.036243,-1.269397,-0.056014,1.270632,3.056572,8.184397,172.909549
16,180,1786548142.47862,0,1,20.594088,-13.694135,28.962568,-13.397077,-6.024914,0.440189,6.040973,-1.26939,-0.056166,1.270632,3.068661,8.37375,173.788327
16,181,1786548142.51866,0,1,20.352851,-13.677516,28.911793,-13.399332,-6.030942,0.415477,6.045237,-1.269381,-0.056371,1.270632,3.07281,8.563462,174.197485
16,182,1786548142.55862,0,1,20.111749,-13.657127,28.861018,-13.401597,-6.027543,0.509724,6.049058,-1.26937,-0.056625,1.270632,3.057228,8.753,173.49334
16,183,1786548142.5986,0,1,19.870264,-13.639926,28.810244,-13.403874,-6.037133,0.430021,6.052429,-1.269357,-0.056924,1.270632,3.070483,8.943096,174.413251
16,184,1786548142.63862,0,1,19.62839,-13.627093,28.75947,-13.406164,-6.046843,0.320824,6.055348,-1.269341,-0.057263,1.270632,3.088586,9.133752,175.576919
16,185,1786548142.67866,0,1,19.386568,-13.611655,28.708697,-13.40847,-6.045544,0.385949,6.057851,-1.269324,-0.057639,1.270632,3.077839,9.324343,175.098557
16,186,1786548142.71862,0,1,19.147827,-13.592673,28.657925,-13.410792,-5.968532,0.474564,5.987368,-1.269306,-0.05805,1.270632,3.062249,9.511837,174.358274
16,187,1786548142.75865,0,1,18.912326,-13.569117,28.607153,-13.413132,-5.887518,0.588896,5.916897,-1.269285,-0.058492,1.270632,3.0419,9.696082,173.366235
16,188,1786548142.79865,0,1,18.680284,-13.540029,28.556383,-13.41549,-5.801049,0.727187,5.84645,-1.269264,-0.058963,1.270632,3.016889,9.876884,172.132521
16,189,1786548142.83865,0,1,18.451987,-13.504525,28.50562,-13.417868,-5.707434,0.887619,5.776042,-1.269062,-0.059451,1.270454,2.987309,10.054007,170.666342
16,190,1786548142.87862,0,1,18.227795,-13.461793,28.454874,-13.420266,-5.604793,1.068284,5.705694,-1.268668,-0.059955,1.270084,2.95325,10.227163,168.976106
16,191,1786548142.91866,0,1,18.007734,-13.412951,28.40415,-13.422685,-5.501534,1.221053,5.63541,-1.268097,-0.060471,1.269538,2.923185,10.396421,167.539827
16,192,1786548142.95865,0,1,17.791676,-13.359346,28.353455,-13.425125,-5.40145,1.340135,5.565215,-1.267362,-0.060999,1.268829,2.898397,10.561984,166.422742
16,193,1786548142.9987,0,1,17.579717,-13.30114,28.302796,-13.427587,-5.298974,1.455149,5.495142,-1.266478,-0.061538,1.267972,2.873589,10.723825,165.320147
16,194,1786548143.03871,0,1,17.371946,-13.238498,28.252178,-13.43007,-5.194258,1.566055,5.425205,-1.265455,-0.062086,1.266977,2.848763,10.881918,164.230808
16,195,1786548143.07869,0,1,17.168448,-13.171585,28.201606,-13.432576,-5.087456,1.672819,5.355421,-1.264305,-0.062642,1.265856,2.823916,11.036244,163.153578
16,196,1786548143.11869,0,1,16.969299,-13.100568,28.151084,-13.435104,-4.978721,1.775415,5.285808,-1.263038,-0.063205,1.264619,2.79905,11.186788,162.087399
16,197,1786548143.15863,0,1,16.774571,-13.025615,28.100618,-13.437655,-4.868207,1.87382,5.216382,-1.261664,-0.063774,1.263275,2.774162,11.333539,161.031292
16,198,1786548143.19859,0,1,16.584328,-12.946895,28.050195,-13.440219,-4.756066,1.96802,5.147161,-1.260571,-0.064089,1.262199,2.749254,11.476474,159.9843
16,199,1786548143.23858,0,1,16.398632,-12.864575,27.999805,-13.442785,-4.642397,2.057979,5.078103,-1.259735,-0.064171,1.261369,2.724324,11.615573,158.945536
16,200,1786548143.27862,0,1,16.217539,-12.778828,27.94944,-13.445347,-4.527344,2.143691,5.009217,-1.259138,-0.064038,1.260765,2.69937,11.750819,157.914131
17,0,1786548149.95269,0,1,53.28,-13.199968,37.597264,-13.400032,-0.499999,0.000796,0.5,-0.068396,-0.000808,0.068401,3.14,15.684012,0.822133
17,0,1786548149.99264,0,1,53.28,-13.199968,37.591392,-13.400097,-0.499999,0.000796,0.5,-0.146792,-0.001612,0.146801,3.14,15.689884,0.822095
17,1,1786548150.03268,0,1,53.257177,-13.200283,37.582385,-13.400193,-0.570581,-0.007881,0.570635,-0.225188,-0.002413,0.225201,-3.127781,15.676067,0.060669
17,2,1786548150.07268,0,1,53.231527,-13.200532,37.570242,-13.400322,-0.641242,-0.006224,0.641272,-0.303584,-0.003209,0.303601,-3.131886,15.66256,0.174755
17,3,1786548150.11262,0,1,53.203052,-13.20077,37.554962,-13.400482,-0.711884,-0.005951,0.711909,-0.38198,-0.004,0.382001,-3.133233,15.649364,0.25223
17,4,1786548150.15269,0,1,53.171751,-13.200993,37.536547,-13.400673,-0.782527,-0.005574,0.782547,-0.460376,-0.004786,0.460401,-3.13447,15.636478,0.323573
17,5,1786548150.19268,0,1,53.137624,-13.201204,37.514997,-13.400896,-0.853169,-0.005264,0.853185,-0.538772,-0.005567,0.538801,-3.135423,15.623904,0.37882
17,6,1786548150.23264,0,1,53.100672,-13.201403,37.490362,-13.401149,-0.92381,-0.004987,0.923823,-0.615866,-0.00633,0.615898,-3.136194,15.611588,0.423803
17,7,1786548150.27263,0,1,53.060894,-13.201593,37.462892,-13.40143,-0.994451,-0.004737,0.994462,-0.686759,-0.007025,0.686795,-3.13683,15.599282,0.46111
17,8,1786548150.31263,0,1,53.01829,-13.201773,37.432814,-13.401736,-1.065092,-0.004504,1.065101,-0.751947,-0.007659,0.751986,-3.137364,15.586759,0.492765
17,9,1786548150.35261,0,1,52.972861,-13.201944,37.400338,-13.402066,-1.135732,-0.004282,1.13574,-0.811886,-0.008236,0.811928,-3.137822,15.573808,0.520235
17,10,1786548150.39263,0,1,52.924606,-13.202107,37.365658,-13.402416,-1.206373,-0.004063,1.20638,-0.866997,-0.008761,0.867041,-3.138225,15.560237,0.54462
17,11,1786548150.43267,0,1,52.873525,-13.202261,37.328952,-13.402786,-1.277014,-0.003841,1.27702,-0.917665,-0.009238,0.917712,-3.138585,15.545867,0.566757
17,12,1786548150.47268,0,1,52.819619,-13.202405,37.290382,-13.403173,-1.347655,-0.003608,1.34766,-0.964246,-0.009671,0.964295,-3.138915,15.530535,0.587296
17,13,1786548150.51265,0,1,52.762887,-13.202539,37.250099,-13.403575,-1.418295,-0.00336,1.418299,-1.007067,-0.010064,1.007118,-3.139224,15.51409,0.606745
17,14,1786548150.55264,0,1,52.70333,-13.202663,37.208242,-13.403992,-1.488936,-0.00309,1.488939,-1.046429,-0.010419,1.046481,-3.139517,15.496395,0.625509
17,15,1786548150.59267,0,1,52.640947,-13.202775,37.164938,-13.404422,-1.559577,-0.002793,1.559579,-1.082609,-0.01074,1.082662,-3.139802,15.477322,0.64391
17,16,1786548150.63268,0,1,52.575738,-13.202873,37.120303,-13.404863,-1.630218,-0.002463,1.630219,-1.11586,-0.01103,1.115915,-3.140082,15.456754,0.662212
17,17,1786548150.67265,0,1,52.507704,-13.202957,37.074447,-13.405314,-1.700858,-0.002095,1.700859,-1.146418,-0.01129,1.146474,-3.140361,15.434584,0.680628
17,18,1786548150.71263,0,1,52.436844,-13.203024,37.027467,-13.405775,-1.771498,-0.001685,1.771499,-1.174498,-0.011524,1.174554,-3.140641,15.410711,0.699333
17,19,1786548150.75263,0,1,52.363158,-13.203073,36.979455,-13.406245,-1.842139,-0.001228,1.842139,-1.200297,-0.011734,1.200355,-3.140926,15.385045,0.718473
17,20,1786548150.79265,0,1,52.286647,-13.203102,36.930495,-13.406722,-1.912779,-0.000718,1.912779,-1.223999,-0.011921,1.224057,-3.141217,15.357502,0.738168
17,21,1786548150.83267,0,1,52.20731,-13.203108,36.880664,-13.407205,-1.983418,-0.000153,1.983418,-1.245772,-0.012087,1.24583,-3.141516,15.328005,0.75852
17,22,1786548150.87263,0,1,52.125148,-13.203089,36.830033,-13.407694,-2.054058,0.000473,2.054058,-1.265769,-0.012234,1.265828,3.141362,15.296483,0.779612
17,23,1786548150.91263,0,1,52.04016,-13.203043,36.778671,-13.408183,-2.124697,0.001164,2.124697,-1.28406,-0.012228,1.284118,3.141045,15.262868,0.801497
17,24,1786548150.95265,0,1,51.952347,-13.203049,36.72664,-13.408667,-2.195337,-0.000147,2.195337,-1.300781,-0.012081,1.300837,-3.141526,15.227095,0.76987
17,25,1786548150.99265,0,1,51.861707,-13.203099,36.673997,-13.409139,-2.265977,-0.001264,2.265977,-1.316058,-0.011804,1.316111,-3.141035,15.189108,0.745279
17,26,1786548151.03269,0,1,51.768243,-13.203202,36.620797,-13.409595,-2.336615,-0.002565,2.336617,-1.330006,-0.011409,1.330055,-3.140495,15.148852,0.717748
17,27,1786548151.07265,0,1,51.671953,-13.203362,36.567088,-13.410031,-2.407253,-0.003999,2.407257,-1.342732,-0.010904,1.342777,-3.139932,15.106279,0.688719
17,28,1786548151.11262,0,1,51.572837,-13.203585,36.512914,-13.410443,-2.47789,-0.005585,2.477896,-1.354334,-0.010298,1.354373,-3.139339,15.061343,0.657799
17,29,1786548151.15263,0,1,51.470896,-13.203878,36.458318,-13.410827,-2.548524,-0.007333,2.548534,-1.364901,-0.009601,1.364935,-3.138715,15.014004,0.624926
17,30,1786548151.19265,0,1,51.36613,-13.204248,36.403338,-13.41118,-2.619156,-0.009249,2.619172,-1.374516,-0.008819,1.374545,-3.138061,14.964223,0.590008
17,31,1786548151.23264,0,1,51.258539,-13.204702,36.348007,-13.411498,-2.689786,-0.011343,2.689809,-1.383256,-0.007959,1.383279,-3.137376,14.911965,0.552979
17,32,1786548151.27273,0,1,51.148122,-13.205247,36.29236,-13.41178,-2.760412,-0.013621,2.760446,-1.39119,-0.007028,1.391208,-3.136658,14.857198,0.513787
17,33,1786548151.31275,0,1,51.034881,-13.205891,36.236424,-13.412021,-2.831035,-0.01609,2.83108,-1.398383,-0.006032,1.398396,-3.135909,14.799892,0.472392
17,34,1786548151.35273,0,1,50.918814,-13.206641,36.180229,-13.41222,-2.901654,-0.018757,2.901714,-1.404894,-0.004976,1.404903,-3.135129,14.740019,0.428765
17,35,1786548151.39269,0,1,50.799924,-13.207506,36.123798,-13.412375,-2.972268,-0.021626,2.972347,-1.410778,-0.003866,1.410783,-3.134317,14.677556,0.382887
17,36,1786548151.43269,0,1,50.678209,-13.208494,36.067154,-13.412483,-3.042878,-0.024702,3.042978,-1.416084,-0.002706,1.416087,-3.133475,14.612478,0.334746
17,37,1786548151.47264,0,1,50.553669,-13.209614,36.01032,-13.412543,-3.113482,-0.027991,3.113608,-1.42086,-0.0015,1.420861,-3.132603,14.544765,0.284338
17,38,1786548151.51274,0,1,50.426306,-13.210873,35.953314,-13.412553,-3.18408,-0.031494,3.184236,-1.425147,-0.000253,1.425147,-3.131702,14.474397,0.231663
17,39,1786548151.55274,0,1,50.296119,-13.212282,35.896155,-13.412512,-3.254673,-0.035215,3.254863,-1.428985,0.001031,1.428985,-3.130773,14.401357,0.176728
17,40,1786548151.59274,0,1,50.163109,-13.213848,35.838858,-13.412418,-3.325258,-0.039157,3.325489,-1.432409,0.002351,1.432411,-3.129817,14.325627,0.119543
17,41,1786548151.63276,0,1,50.027275,-13.215581,35.78144,-13.41227,-3.395837,-0.043322,3.396113,-1.435453,0.003701,1.435457,-3.128836,14.247193,0.06012
17,42,1786548151.67274,0,1,49.888619,-13.217489,35.723914,-13.412066,-3.466407,-0.047709,3.466736,-1.438146,0.00508,1.438155,-3.12783,14.166041,0.001525
17,43,1786548151.71267,0,1,49.74714,-13.219582,35.666294,-13.411807,-3.53697,-0.052321,3.537357,-1.440518,0.006484,1.440533,-3.126801,14.082159,0.065375
17,44,1786548151.75267,0,1,49.602839,-13.221869,35.60859,-13.411491,-3.607524,-0.057158,3.607977,-1.442594,0.007912,1.442615,-3.12575,13.995534,0.131411
17,45,1786548151.79276,0,1,49.455717,-13.224357,35.550814,-13.411116,-3.67807,-0.062218,3.678596,-1.444397,0.00936,1.444427,-3.124678,13.906157,0.199613
17,46,1786548151.83267,0,1,49.305772,-13.227057,35.492976,-13.410683,-3.748606,-0.0675,3.749213,-1.445949,0.010827,1.44599,-3.123588,13.814017,0.269961
17,47,1786548151.87276,0,1,49.153035,-13.229977,35.435085,-13.410191,-3.818423,-0.07299,3.81912,-1.447271,0.012311,1.447323,-3.12248,13.719134,0.342436
17,48,1786548151.91273,0,1,48.997566,-13.233124,35.377145,-13.409651,-3.886733,-0.078665,3.887529,-1.448513,0.013486,1.448576,-3.121356,13.621565,0.416935
17,49,1786548151.95268,0,1,48.839423,-13.236262,35.319157,-13.409076,-3.953573,-0.078454,3.954351,-1.449683,0.014377,1.449754,-3.121752,13.52137,0.404505
17,50,1786548151.99263,0,1,48.678669,-13.239422,35.261126,-13.408476,-4.018851,-0.078996,4.019628,-1.450786,0.015006,1.450863,-3.121939,13.418608,0.404226
17,51,1786548152.03267,0,1,48.515363,-13.242563,35.203053,-13.40786,-4.082645,-0.078529,4.0834,-1.451826,0.015394,1.451908,-3.12236,13.313337,0.390543
17,52,1786548152.07265,0,1,48.349564,-13.245664,35.14494,-13.407238,-4.144983,-0.077534,4.145708,-1.452811,0.01556,1.452894,-3.122889,13.205612,0.370581
17,53,1786548152.11262,0,1,48.181328,-13.2487,35.086791,-13.406617,-4.205907,-0.075885,4.206591,-1.453743,0.015522,1.453826,-3.123552,13.095489,0.342707
17,54,1786548152.15268,0,1,48.01071,-13.251645,35.028606,-13.406005,-4.265452,-0.073631,4.266087,-1.454627,0.015296,1.454707,-3.124332,12.983022,0.307721
17,55,1786548152.19263,0,1,47.837764,-13.254476,34.970387,-13.405409,-4.323655,-0.070774,4.324234,-1.455467,0.014896,1.455543,-3.125225,12.868262,0.265751
17,56,1786548152.23274,0,1,47.662542,-13.257169,34.912136,-13.404836,-4.380551,-0.067336,4.381068,-1.456266,0.014338,1.456336,-3.126222,12.75126,0.217128
17,57,1786548152.27274,0,1,47.485095,-13.259703,34.853855,-13.40429,-4.436173,-0.063335,4.436625,-1.457027,0.013633,1.457091,-3.127317,12.632067,0.162127
17,58,1786548152.31267,0,1,47.305472,-13.262054,34.795545,-13.403779,-4.490555,-0.058794,4.49094,-1.457755,0.012794,1.457811,-3.128501,12.51073,0.101041
17,59,1786548152.35268,0,1,47.123723,-13.264204,34.737207,-13.403305,-4.543728,-0.053735,4.544046,-1.458451,0.011831,1.458499,-3.129767,12.387297,0.034155
17,60,1786548152.39262,0,1,46.939894,-13.266131,34.678842,-13.402875,-4.595724,-0.048186,4.595977,-1.459117,0.010755,1.459157,-3.131108,12.261815,0.038252
17,61,1786548152.43268,0,1,46.754031,-13.267818,34.620452,-13.402492,-4.646573,-0.042173,4.646765,-1.459757,0.009575,1.459788,-3.132517,12.134327,0.115909
17,62,1786548152.47284,0,1,46.566179,-13.269247,34.562037,-13.40216,-4.696305,-0.035723,4.696441,-1.460372,0.008299,1.460396,-3.133986,12.004878,0.198555
17,63,1786548152.51278,0,1,46.376383,-13.270436,34.503599,-13.401883,-4.744918,-0.029723,4.745011,-1.460965,0.006936,1.460981,-3.135329,11.873512,0.275406
17,64,1786548152.55281,0,1,46.184684,-13.271337,34.445137,-13.401663,-4.79247,-0.022537,4.792523,-1.461537,0.005493,1.461547,-3.13689,11.74027,0.3666
17,65,1786548152.59277,0,1,45.991124,-13.271834,34.386653,-13.401504,-4.83899,-0.012404,4.839006,-1.462089,0.003976,1.462094,-3.139029,11.605195,0.493334
17,66,1786548152.63275,0,1,45.795745,-13.272027,34.328149,-13.401408,-4.884482,-0.004832,4.884485,-1.462624,0.002392,1.462626,-3.140603,11.468326,0.589721
17,67,1786548152.6727,0,1,45.598585,-13.271854,34.269623,-13.401378,-4.928983,0.004328,4.928985,-1.463143,0.000747,1.463143,3.140715,11.329703,0.705345
17,68,1786548152.71283,0,1,45.399685,-13.271318,34.211077,-13.401417,-4.972512,0.013402,4.97253,-1.463646,-0.000954,1.463647,3.138897,11.189364,0.820623
17,69,1786548152.75289,0,1,45.199081,-13.270394,34.152512,-13.401525,-5.015089,0.023082,5.015142,-1.464136,-0.002706,1.464139,3.13699,11.047348,0.943812
17,70,1786548152.79293,0,1,44.996812,-13.269071,34.093927,-13.401705,-5.056736,0.033085,5.056844,-1.464614,-0.004505,1.464621,3.13505,10.903692,1.07184
17,71,1786548152.83296,0,1,44.792913,-13.267329,34.035324,-13.401959,-5.097469,0.043553,5.097655,-1.46508,-0.006345,1.465093,3.133049,10.758432,1.20654
17,72,1786548152.87291,0,1,44.587421,-13.265151,33.976702,-13.402288,-5.137305,0.054454,5.137594,-1.465535,-0.008224,1.465558,3.130993,10.611605,1.34777
17,73,1786548152.91275,0,1,44.380371,-13.262517,33.918055,-13.402678,-5.176259,0.065846,5.176677,-1.466188,-0.009765,1.46622,3.128872,10.463255,1.496347
17,74,1786548152.95296,0,1,44.171814,-13.259874,33.859374,-13.403118,-5.213918,0.066078,5.214337,-1.467023,-0.010995,1.467064,3.12892,10.313435,1.521904
17,75,1786548152.99297,0,1,43.961809,-13.257049,33.800653,-13.403596,-5.250125,0.070622,5.2506,-1.468025,-0.011939,1.468074,3.128142,10.162213,1.596946
17,76,1786548153.03299,0,1,43.750409,-13.254167,33.741886,-13.4041,-5.285001,0.072036,5.285492,-1.469181,-0.012618,1.469236,3.127963,10.009646,1.639162
17,77,1786548153.07296,0,1,43.537668,-13.251187,33.683067,-13.404623,-5.318515,0.07451,5.319037,-1.47048,-0.013054,1.470538,3.127584,9.855796,1.694653
17,78,1786548153.11291,0,1,43.32364,-13.248143,33.62419,-13.405153,-5.350715,0.076092,5.351256,-1.471908,-0.013267,1.471968,3.127373,9.70072,1.742143
17,79,1786548153.15285,0,1,43.108376,-13.245012,33.565252,-13.405684,-5.381598,0.078274,5.382167,-1.473457,-0.013274,1.473516,3.127049,9.544476,1.79786
17,80,1786548153.19296,0,1,42.891928,-13.24179,33.506247,-13.406208,-5.411187,0.080571,5.411786,-1.475115,-0.013091,1.475173,3.126704,9.387121,1.856658
17,81,1786548153.23296,0,1,42.674349,-13.23844,33.447172,-13.406717,-5.439481,0.083746,5.440126,-1.476876,-0.012734,1.476931,3.126198,9.228711,1.926851
17,82,1786548153.27291,0,1,42.45569,-13.234928,33.388023,-13.407206,-5.466489,0.087798,5.467194,-1.478729,-0.012217,1.47878,3.125533,9.069303,2.008603
17,83,1786548153.31281,0,1,42.236001,-13.231196,33.328796,-13.407668,-5.492203,0.093295,5.492995,-1.480669,-0.011553,1.480714,3.124607,8.908953,2.108195
17,84,1786548153.35296,0,1,42.015337,-13.227178,33.269489,-13.408098,-5.516617,0.100442,5.517531,-1.482688,-0.010754,1.482727,3.123388,8.747719,2.228149
17,85,1786548153.39297,0,1,41.793748,-13.222787,33.210098,-13.408492,-5.539708,0.109772,5.540796,-1.484779,-0.009831,1.484812,3.12178,8.585659,2.374576
17,86,1786548153.43284,0,1,41.57129,-13.217924,33.15062,-13.408843,-5.561452,0.121596,5.562781,-1.486938,-0.008794,1.486964,3.119732,8.422834,2.551349
17,87,1786548153.47278,0,1,41.348018,-13.212465,33.091054,-13.409149,-5.581805,0.136457,5.583473,-1.489157,-0.007653,1.489177,3.117151,8.259306,2.764966
17,88,1786548153.51296,0,1,41.123989,-13.206278,33.031397,-13.409406,-5.600716,0.15468,5.602852,-1.491434,-0.006417,1.491448,3.113982,8.095142,3.019838
17,89,1786548153.55297,0,1,40.899265,-13.199207,32.971646,-13.40961,-5.618114,0.176779,5.620894,-1.493762,-0.005093,1.493771,3.110137,7.93041,3.322568
17,90,1786548153.59296,0,1,40.673908,-13.19109,32.9118,-13.409757,-5.633919,0.20292,5.637572,-1.496139,-0.003689,1.496143,3.105591,7.765187,3.676425
17,91,1786548153.63297,0,1,40.447987,-13.181751,32.851858,-13.409846,-5.648034,0.233475,5.652857,-1.498559,-0.002212,1.498561,3.100279,7.599552,4.087059
17,92,1786548153.67297,0,1,40.221572,-13.171028,32.791817,-13.409872,-5.660375,0.268085,5.66672,-1.501021,-0.000668,1.501021,3.094266,7.433593,4.552858
17,93,1786548153.71297,0,1,39.994739,-13.158746,32.731677,-13.409835,-5.670828,0.307043,5.679134,-1.503519,0.000936,1.503519,3.087501,7.267401,5.079181
17,94,1786548153.75293,0,1,39.767563,-13.144808,32.671434,-13.409731,-5.6794,0.348442,5.690079,-1.506052,0.002596,1.506054,3.080318,7.101072,5.648862
17,95,1786548153.7928,0,1,39.54013,-13.129002,32.611182,-13.409559,-5.685827,0.395145,5.699541,-1.5063,0.004299,1.506306,3.072208,6.934625,6.294139
17,96,1786548153.83282,0,1,39.312487,-13.111672,32.550931,-13.409318,-5.691057,0.433272,5.707526,-1.506294,0.006043,1.506306,3.065607,6.768105,6.874197
17,97,1786548153.87296,0,1,39.084899,-13.090624,32.490679,-13.409005,-5.689714,0.526196,5.713994,-1.506286,0.007826,1.506306,3.049373,6.601901,8.047998
17,98,1786548153.91294,0,1,38.856952,-13.071256,32.430428,-13.408637,-5.69868,0.484182,5.719212,-1.506278,0.009192,1.506306,3.056832,6.435373,7.861574
17,99,1786548153.95281,0,1,38.629324,-13.047058,32.370177,-13.40823,-5.690697,0.604957,5.722762,-1.506272,0.010175,1.506306,3.035684,6.269558,9.370586
17,100,1786548153.9929,0,1,38.40141,-13.024546,32.309927,-13.407798,-5.697852,0.562808,5.72558,-1.506268,0.010808,1.506306,3.043137,6.103527,9.241195
17,101,1786548154.03299,0,1,38.173982,-12.997212,32.249676,-13.407353,-5.6857,0.683354,5.726619,-1.506265,0.011118,1.506306,3.021978,5.938486,10.81368
17,102,1786548154.07294,0,1,37.946616,-12.969184,32.189425,-13.406908,-5.684134,0.700684,5.727158,-1.506265,0.011131,1.506306,3.018941,5.773807,11.37528
17,103,1786548154.11281,0,1,37.72002,-12.935696,32.129175,-13.406473,-5.664908,0.837201,5.726437,-1.506267,0.010871,1.506306,2.994867,5.610631,13.219961
17,104,1786548154.15284,0,1,37.493299,-12.903247,32.068924,-13.406058,-5.668024,0.811243,5.725784,-1.506271,0.01036,1.506306,2.999432,5.447629,13.441103
17,105,1786548154.19293,0,1,37.266379,-12.87288,32.008673,-13.405674,-5.672998,0.75916,5.723568,-1.506276,0.009619,1.506306,3.008563,5.284633,13.408388
17,106,1786548154.23297,0,1,37.040256,-12.838128,31.948422,-13.405327,-5.653069,0.868795,5.71944,-1.506281,0.008665,1.506306,2.9891,5.123329,15.093359
17,107,1786548154.27296,0,1,36.813981,-12.805466,31.88817,-13.405026,-5.656892,0.816562,5.715523,-1.506288,0.007517,1.506306,2.998235,4.962165,15.153606
17,108,1786548154.31295,0,1,36.588611,-12.768446,31.827918,-13.404779,-5.634252,0.925507,5.70976,-1.506294,0.00619,1.506306,2.978782,4.803031,16.941603
17,109,1786548154.35294,0,1,36.363115,-12.733518,31.767666,-13.404591,-5.637377,0.873186,5.704601,-1.506299,0.004698,1.506306,2.987922,4.644189,17.112874
17,110,1786548154.39293,0,1,36.138612,-12.694262,31.707414,-13.404469,-5.612596,0.981415,5.697755,-1.506303,0.003054,1.506306,2.968483,4.487751,19.024029
17,111,1786548154.43297,0,1,35.913988,-12.657098,31.647162,-13.404418,-5.615603,0.929097,5.691943,-1.506306,0.001272,1.506306,2.977629,4.331777,19.32884
17,112,1786548154.47297,0,1,35.690412,-12.615631,31.58691,-13.404443,-5.58938,1.036659,5.684701,-1.506306,-0.000639,1.506306,2.958207,4.178631,21.388398
17,113,1786548154.51296,0,1,35.466694,-12.576253,31.526664,-13.40455,-5.592956,0.984464,5.678937,-1.506143,-0.002667,1.506146,2.967359,4.026154,21.855047
17,114,1786548154.5528,0,1,35.242727,-12.539984,31.466432,-13.404742,-5.599184,0.906709,5.672123,-1.505795,-0.004803,1.505803,2.98105,3.874043,22.096531
17,115,1786548154.5928,0,1,35.019647,-12.500452,31.406221,-13.405024,-5.576985,0.988312,5.663879,-1.505276,-0.007036,1.505293,2.966201,3.724929,24.103577
17,116,1786548154.63277,0,1,34.796306,-12.464019,31.346037,-13.405398,-5.583523,0.910834,5.657327,-1.504601,-0.009359,1.50463,2.979888,3.576388,24.526243
17,117,1786548154.67277,0,1,34.573829,-12.424328,31.285886,-13.405868,-5.561942,0.992273,5.649761,-1.503781,-0.011763,1.503827,2.965046,3.431325,26.737175
17,118,1786548154.71274,0,1,34.351042,-12.38772,31.225773,-13.406438,-5.569666,0.915203,5.644358,-1.502828,-0.014242,1.502895,2.978729,3.287111,27.385397
17,119,1786548154.7528,0,1,34.127858,-12.355206,31.165703,-13.40711,-5.579597,0.812832,5.638493,-1.501753,-0.016787,1.501847,2.996931,3.143385,27.83918
17,120,1786548154.79277,0,1,33.905283,-12.320431,31.10568,-13.407885,-5.564373,0.869379,5.63188,-1.500566,-0.019393,1.500691,2.986605,3.003387,30.107852
17,121,1786548154.83279,0,1,33.682279,-12.289733,31.045709,-13.408767,-5.5751,0.767461,5.627676,-1.499275,-0.022055,1.499437,3.004794,2.864217,30.83574
17,122,1786548154.87298,0,1,33.458808,-12.264125,30.985793,-13.409758,-5.586791,0.640195,5.623352,-1.49789,-0.024766,1.498094,3.0275,2.725486,31.393164
17,123,1786548154.91298,0,1,33.235674,-12.237234,30.925926,-13.410841,-5.578346,0.672278,5.61871,-1.496692,-0.027065,1.496936,3.021655,2.590809,33.807494
17,124,1786548154.95297,0,1,33.012066,-12.215419,30.866099,-13.412,-5.590196,0.545358,5.616735,-1.495667,-0.028986,1.495947,3.044344,2.457026,34.71575
17,125,1786548154.99296,0,1,32.788653,-12.192304,30.806307,-13.413222,-5.585312,0.577894,5.615129,-1.4948,-0.030558,1.495113,3.038493,2.328162,37.535924
17,126,1786548155.03299,0,1,32.56472,-12.174256,30.746501,-13.41526,-5.598347,0.45118,5.616498,-1.495147,-0.050939,1.496014,3.061175,2.201365,38.922631
17,127,1786548155.07298,0,1,32.340281,-12.162305,30.686708,-13.418006,-5.610956,0.298795,5.618906,-1.494841,-0.068654,1.496416,3.088391,2.076317,40.260785
17,128,1786548155.1128,0,1,32.115431,-12.157487,30.626952,-13.421373,-5.621267,0.120452,5.622557,-1.493881,-0.084159,1.496249,3.120168,1.952684,41.562552
17,129,1786548155.15298,0,1,31.890372,-12.153364,30.567229,-13.425072,-5.62647,0.103055,5.627413,-1.493084,-0.092477,1.495945,3.123279,1.835197,44.913735
17,130,1786548155.19297,0,1,31.664993,-12.156406,30.507548,-13.429003,-5.634467,-0.076031,5.63498,-1.492014,-0.098282,1.495248,-3.1281,1.720227,46.939954
17,131,1786548155.23298,0,1,31.439503,-12.167421,30.447917,-13.433073,-5.637242,-0.275384,5.643965,-1.490793,-0.101754,1.494262,-3.092781,1.607831,49.126031
17,132,1786548155.27299,0,1,31.213689,-12.18012,30.38831,-13.437107,-5.645351,-0.317469,5.65427,-1.49016,-0.100842,1.493568,-3.085416,1.503751,53.491107
17,133,1786548155.31296,0,1,30.988,-12.20096,30.328723,-13.441037,-5.642224,-0.521003,5.666228,-1.489693,-0.09826,1.49293,-3.049514,1.404436,56.727259
17,134,1786548155.35298,0,1,30.76196,-12.223511,30.269135,-13.444786,-5.651004,-0.56379,5.679058,-1.489699,-0.093727,1.492644,-3.042154,1.316962,62.326824
17,135,1786548155.39297,0,1,30.535829,-12.250187,30.209537,-13.448326,-5.653293,-0.666887,5.692492,-1.489945,-0.08849,1.492571,-3.024171,1.241774,68.038192
17,136,1786548155.43298,0,1,30.3093,-12.27812,30.149923,-13.451648,-5.663205,-0.698328,5.706097,-1.490347,-0.083051,1.492659,-3.018902,1.184301,75.236311
17,137,1786548155.47301,0,1,30.082684,-12.309537,30.09029,-13.454757,-5.665404,-0.785426,5.719589,-1.490822,-0.077716,1.492846,-3.003835,1.145245,82.487604
17,138,1786548155.51298,0,1,29.855501,-12.340729,30.030636,-13.457659,-5.67958,-0.779808,5.732864,-1.491345,-0.07256,1.493109,-3.005146,1.130577,91.093608
17,139,1786548155.55298,0,1,29.628242,-12.375032,29.97096,-13.460363,-5.681469,-0.857557,5.745824,-1.491904,-0.067595,1.493435,-2.991784,1.138156,98.941296
17,140,1786548155.59297,0,1,29.400309,-12.408243,29.91126,-13.462875,-5.698328,-0.830275,5.758497,-1.492496,-0.062812,1.493818,-2.996906,1.171888,107.559434
17,141,1786548155.63289,0,1,29.172431,-12.445062,29.851536,-13.465203,-5.696955,-0.920489,5.77084,-1.493118,-0.0582,1.494252,-2.981402,1.225508,114.473301
17,142,1786548155.6729,0,1,28.943813,-12.480287,29.791785,-13.467353,-5.715451,-0.880621,5.782895,-1.493768,-0.053745,1.494734,-2.988718,1.30129,121.90622
17,143,1786548155.71299,0,1,28.715171,-12.518328,29.732007,-13.469331,-5.716049,-0.951015,5.794623,-1.494442,-0.049439,1.49526,-2.976727,1.392251,127.469956
17,144,1786548155.753,0,1,28.485712,-12.554174,29.672202,-13.471141,-5.73648,-0.89617,5.806059,-1.495139,-0.04527,1.495825,-2.986622,1.499529,133.422562
17,145,1786548155.79297,0,1,28.256527,-12.594397,29.612367,-13.472791,-5.729616,-1.005576,5.817189,-1.495858,-0.041229,1.496426,-2.967857,1.615511,137.108142
17,146,1786548155.83299,0,1,28.026528,-12.632423,29.552503,-13.474283,-5.749986,-0.950646,5.828042,-1.496596,-0.037308,1.497061,-2.977745,1.742794,141.727293
17,147,1786548155.87299,0,1,27.796364,-12.672012,29.492609,-13.475623,-5.754096,-0.989712,5.838591,-1.497352,-0.033498,1.497727,-2.971258,1.876976,144.890884
17,148,1786548155.913,0,1,27.565451,-12.709616,29.432691,-13.476828,-5.772814,-0.940113,5.848862,-1.497945,-0.030129,1.498248,-2.980158,2.018712,148.413696
17,149,1786548155.95298,0,1,27.334503,-12.749343,29.372756,-13.477915,-5.773705,-0.993159,5.858501,-1.498389,-0.027166,1.498635,-2.971246,2.164553,150.570438
17,150,1786548155.99282,0,1,27.102656,-12.785832,29.312808,-13.478898,-5.796181,-0.91223,5.867528,-1.498695,-0.02458,1.498897,-2.985488,2.316271,153.645353
17,151,1786548156.03282,0,1,26.870559,-12.822902,29.252853,-13.479791,-5.802413,-0.926748,5.875956,-1.498874,-0.02234,1.499041,-2.983213,2.4712,155.509921
17,152,1786548156.07283,0,1,26.637533,-12.855907,29.192896,-13.480608,-5.825666,-0.825119,5.883808,-1.498937,-0.02042,1.499076,-3.000893,2.630614,158.201037
17,153,1786548156.11277,0,1,26.404595,-12.891523,29.13294,-13.48136,-5.82344,-0.890406,5.891118,-1.498893,-0.018795,1.499011,-2.989867,2.791375,159.107824
17,154,1786548156.15274,0,1,26.170796,-12.923048,29.07299,-13.482058,-5.844982,-0.788127,5.897877,-1.49875,-0.017443,1.498851,-3.007563,2.955541,161.418075
17,155,1786548156.19274,0,1,25.937111,-12.957184,29.013049,-13.482711,-5.842124,-0.853414,5.904128,-1.498516,-0.016341,1.498605,-2.996539,3.120509,161.993627
17,156,1786548156.23281,0,1,25.702631,-12.987207,28.953121,-13.48333,-5.862008,-0.750562,5.909863,-1.498198,-0.015471,1.498278,-3.014247,3.288135,164.025542
17,157,1786548156.27282,0,1,25.468193,-13.01916,28.893209,-13.483923,-5.860934,-0.79883,5.915123,-1.497804,-0.014815,1.497878,-3.00613,3.456406,164.510927
17,158,1786548156.3128,0,1,25.233014,-13.046783,28.833316,-13.484497,-5.879487,-0.690583,5.919905,-1.497339,-0.014355,1.497408,-3.024672,3.626812,166.369119
17,159,1786548156.35283,0,1,24.997956,-13.076826,28.773443,-13.48506,-5.876447,-0.751061,5.924249,-1.496809,-0.014076,1.496876,-3.014473,3.797494,166.545309
17,160,1786548156.39282,0,1,24.762226,-13.102519,28.713594,-13.485619,-5.893241,-0.64234,5.928144,-1.49622,-0.013964,1.496285,-3.033025,3.969896,168.241822
17,161,1786548156.43283,0,1,24.526554,-13.129965,28.653771,-13.486179,-5.891814,-0.686131,5.931631,-1.495575,-0.014005,1.49564,-3.02566,4.142562,168.424648
17,162,1786548156.47279,0,1,24.290272,-13.152853,28.593976,-13.486746,-5.907053,-0.572211,5.934703,-1.494879,-0.014188,1.494946,-3.045025,4.316638,170.030791
17,163,1786548156.51281,0,1,24.054107,-13.177971,28.534211,-13.487326,-5.904102,-0.627958,5.937403,-1.494137,-0.014501,1.494207,-3.035631,4.490771,169.978817
17,164,1786548156.55281,0,1,23.817409,-13.198518,28.474477,-13.487924,-5.917457,-0.513672,5.93971,-1.493352,-0.014932,1.493427,-3.055004,4.666051,171.482835
17,165,1786548156.59282,0,1,23.580836,-13.221295,28.414776,-13.488543,-5.914327,-0.569408,5.941674,-1.492528,-0.015474,1.492608,-3.045612,4.841321,171.336317
17,166,1786548156.63281,0,1,23.343802,-13.239488,28.355109,-13.489187,-5.925842,-0.454826,5.943272,-1.491667,-0.016116,1.491754,-3.06499,5.017524,172.758448
17,167,1786548156.67282,0,1,23.106899,-13.25991,28.295478,-13.489861,-5.922585,-0.510557,5.94455,-1.490773,-0.01685,1.490868,-3.0556,5.193672,172.53538
17,168,1786548156.71277,0,1,22.869607,-13.27574,28.235884,-13.490568,-5.932301,-0.395745,5.945486,-1.489848,-0.017668,1.489953,-3.074981,5.370576,173.890945
17,169,1786548156.75283,0,1,22.632448,-13.293799,28.176328,-13.491311,-5.928963,-0.451471,5.946127,-1.488895,-0.018564,1.489011,-3.065593,5.547397,173.605101
17,170,1786548156.79281,0,1,22.394972,-13.307258,28.116812,-13.492092,-5.936917,-0.336491,5.946445,-1.487916,-0.01953,1.488044,-3.084976,5.724825,174.905885
17,171,1786548156.83281,0,1,22.15763,-13.322947,28.057335,-13.492914,-5.933538,-0.392215,5.946487,-1.486913,-0.020561,1.487055,-3.075587,5.902153,174.567969
17,172,1786548156.87283,0,1,21.920545,-13.341989,27.9979,-13.49378,-5.927136,-0.476051,5.946223,-1.485888,-0.021651,1.486046,-3.061448,6.07925,173.977269
17,173,1786548156.91284,0,1,21.683228,-13.357562,27.938496,-13.494686,-5.93292,-0.389323,5.94568,-1.48509,-0.022652,1.485263,-3.076066,6.256771,174.989786
17,174,1786548156.95281,0,1,21.445672,-13.368531,27.879116,-13.495629,-5.938908,-0.274242,5.945236,-1.4845,-0.023572,1.484687,-3.095448,6.4347,176.224343
17,175,1786548156.99281,0,1,21.208242,-13.38173,27.819752,-13.496606,-5.93574,-0.329969,5.944904,-1.484101,-0.024415,1.484302,-3.08606,6.612508,175.822767
17,176,1786548157.03282,0,1,20.971033,-13.398284,27.760397,-13.497613,-5.930224,-0.413843,5.944647,-1.483879,-0.025188,1.484093,-3.07192,6.79009,175.169882
17,177,1786548157.07282,0,1,20.734186,-13.419317,27.701044,-13.498649,-5.921173,-0.525835,5.944476,-1.483819,-0.025896,1.484045,-3.053019,6.96731,174.272709
17,178,1786548157.11283,0,1,20.497146,-13.438013,27.641688,-13.499711,-5.92601,-0.467384,5.944413,-1.483908,-0.026544,1.484145,-3.062886,7.144808,174.99564
17,179,1786548157.15283,0,1,20.259857,-13.453241,27.582322,-13.500796,-5.93222,-0.380715,5.944424,-1.484134,-0.027135,1.484382,-3.077503,7.32262,175.955844
17,180,1786548157.19282,0,1,20.022804,-13.471824,27.522943,-13.501903,-5.926336,-0.464557,5.944516,-1.484487,-0.027675,1.484745,-3.063364,7.5002,175.288046
17,181,1786548157.23279,0,1,19.785497,-13.486939,27.463545,-13.50303,-5.932665,-0.377893,5.944688,-1.484956,-0.028167,1.485223,-3.077982,7.678065,176.235285
17,182,1786548157.27272,0,1,19.548418,-13.505409,27.404123,-13.504175,-5.926975,-0.461754,5.944934,-1.485532,-0.028614,1.485808,-3.063843,7.855706,175.554251
17,183,1786548157.31282,0,1,19.311718,-13.528358,27.344675,-13.505335,-5.917505,-0.573724,5.945252,-1.486206,-0.02902,1.48649,-3.044941,8.03299,174.626481
17,184,1786548157.35282,0,1,19.078431,-13.556566,27.285196,-13.506511,-5.832172,-0.705201,5.874653,-1.486971,-0.029387,1.487262,-3.021261,8.206918,173.454975
17,185,1786548157.3928,0,1,18.848827,-13.590942,27.225684,-13.5077,-5.74009,-0.859387,5.804066,-1.487819,-0.029719,1.488116,-2.99298,8.37727,172.054448
17,186,1786548157.43275,0,1,18.623251,-13.632318,27.166134,-13.5089,-5.639421,-1.034389,5.7335,-1.488744,-0.030018,1.489047,-2.960188,8.543775,170.433955
17,187,1786548157.47281,0,1,18.401932,-13.680575,27.106544,-13.510112,-5.532963,-1.206441,5.662965,-1.489739,-0.030287,1.490047,-2.926907,8.706281,168.821288
17,188,1786548157.51282,0,1,18.184617,-13.733634,27.046912,-13.511333,-5.432878,-1.326462,5.592465,-1.490799,-0.030527,1.491112,-2.902123,8.865083,167.716304
17,189,1786548157.55272,0,1,17.971404,-13.791329,26.987236,-13.512563,-5.330317,-1.442393,5.522026,-1.491919,-0.03074,1.492236,-2.87732,9.02014,166.6293
17,190,1786548157.59271,0,1,17.762387,-13.853497,26.927512,-13.5138,-5.225427,-1.554188,5.451659,-1.493093,-0.030929,1.493414,-2.852497,9.171418,165.558696
17,191,1786548157.63272,0,1,17.557653,-13.919969,26.867739,-13.515044,-5.11836,-1.661808,5.381377,-1.494319,-0.031096,1.494642,-2.827654,9.318888,164.503043
17,192,1786548157.67272,0,1,17.357282,-13.990578,26.807915,-13.516293,-5.009267,-1.765219,5.311191,-1.49559,-0.031241,1.495916,-2.80279,9.462527,163.46102
17,193,1786548157.71272,0,1,17.16135,-14.065154,26.748039,-13.517548,-4.898297,-1.864393,5.241114,-1.496904,-0.031366,1.497233,-2.777903,9.602316,162.431414
17,194,1786548157.75272,0,1,16.969926,-14.143526,26.688109,-13.518807,-4.785603,-1.959305,5.171158,-1.498258,-0.031474,1.498589,-2.752995,9.738242,161.413115
17,195,1786548157.79281,0,1,16.783073,-14.225523,26.628123,-13.520069,-4.671336,-2.049938,5.101336,-1.499648,-0.031564,1.49998,-2.728064,9.870293,160.405099
17,196,1786548157.83276,0,1,16.600847,-14.310975,26.56808,-13.521335,-4.555648,-2.13628,5.031662,-1.501071,-0.031638,1.501404,-2.703108,9.998464,159.406422
17,197,1786548157.87281,0,1,16.423299,-14.399708,26.507979,-13.522603,-4.438689,-2.218325,4.962149,-1.502525,-0.031697,1.502859,-2.678129,10.122751,158.416212
18,0,1786548161.24709,0,1,53.28,-13.199968,37.598012,-13.400029,-0.499999,0.000796,0.5,-0.049692,-0.000723,0.049697,3.14,15.683264,0.822156
18,0,1786548161.28711,0,1,53.28,-13.199968,37.593828,-13.400087,-0.499999,0.000796,0.5,-0.104596,-0.00144,0.104606,3.14,15.687448,0.822171
18,1,1786548161.32711,0,1,53.257181,-13.200478,37.587625,-13.400173,-0.570485,-0.012751,0.570628,-0.155097,-0.002154,0.155112,-3.119245,15.670828,0.550288
18,2,1786548161.36705,0,1,53.231535,-13.200948,37.579563,-13.400287,-0.64115,-0.011752,0.641258,-0.201545,-0.002862,0.201566,-3.123266,15.653241,0.320392
18,3,1786548161.40703,0,1,53.203064,-13.201472,37.569792,-13.40043,-0.711766,-0.013091,0.711886,-0.244267,-0.003567,0.244293,-3.123202,15.634538,0.324567
18,4,1786548161.44705,0,1,53.171769,-13.202042,37.55845,-13.400601,-0.782384,-0.014244,0.782513,-0.283559,-0.004269,0.283591,-3.123389,15.614581,0.314375
18,5,1786548161.48706,0,1,53.137649,-13.202665,37.545662,-13.400799,-0.852997,-0.015593,0.853139,-0.319695,-0.004967,0.319734,-3.123315,15.593246,0.319202
18,6,1786548161.52706,0,1,53.100705,-13.203349,37.531545,-13.401026,-0.923606,-0.017086,0.923764,-0.35293,-0.005661,0.352975,-3.123095,15.570415,0.332406
18,7,1786548161.5671,0,1,53.060936,-13.204098,37.516205,-13.40128,-0.99421,-0.018739,0.994387,-0.383493,-0.006353,0.383546,-3.122746,15.545982,0.35307
18,8,1786548161.60708,0,1,53.018344,-13.204921,37.499741,-13.401562,-1.06481,-0.020556,1.065008,-0.411601,-0.007042,0.411661,-3.12229,15.519849,0.379999
18,9,1786548161.64712,0,1,52.972928,-13.205822,37.482243,-13.401871,-1.135405,-0.022544,1.135629,-0.437447,-0.007729,0.437516,-3.12174,15.491925,0.412387
18,10,1786548161.6871,0,1,52.924688,-13.206811,37.463795,-13.402207,-1.205994,-0.024708,1.206248,-0.461215,-0.008413,0.461292,-3.121108,15.462128,0.449615
18,11,1786548161.72709,0,1,52.873625,-13.207893,37.444472,-13.402571,-1.276578,-0.027055,1.276865,-0.483069,-0.009095,0.483155,-3.120403,15.430381,0.491203
18,12,1786548161.76708,0,1,52.819738,-13.209077,37.424345,-13.402962,-1.347156,-0.029591,1.347481,-0.503164,-0.009774,0.503258,-3.119631,15.396614,0.536781
18,13,1786548161.80709,0,1,52.763029,-13.210369,37.40348,-13.40338,-1.417727,-0.032321,1.418095,-0.521639,-0.010452,0.521743,-3.118799,15.360762,0.586049
18,14,1786548161.84708,0,1,52.703498,-13.211779,37.381935,-13.403825,-1.48829,-0.035253,1.488708,-0.538624,-0.011127,0.538739,-3.11791,15.322767,0.63877
18,15,1786548161.88708,0,1,52.641144,-13.213315,37.359765,-13.404297,-1.558846,-0.038391,1.559319,-0.554239,-0.011801,0.554365,-3.11697,15.282572,0.69475
18,16,1786548161.92709,0,1,52.575968,-13.214985,37.337021,-13.404796,-1.629394,-0.041741,1.629928,-0.568593,-0.012473,0.56873,-3.115981,15.240129,0.753828
18,17,1786548161.96709,0,1,52.507971,-13.216797,37.31375,-13.405322,-1.699933,-0.045308,1.700536,-0.581787,-0.013143,0.581936,-3.114946,15.19539,0.815872
18,18,1786548162.00705,0,1,52.437152,-13.218761,37.289993,-13.405874,-1.770462,-0.049098,1.771143,-0.593914,-0.013812,0.594075,-3.113868,15.148315,0.880773
18,19,1786548162.04703,0,1,52.363513,-13.220886,37.265791,-13.406453,-1.840982,-0.053116,1.841748,-0.605059,-0.014479,0.605233,-3.112749,15.098862,0.948436
18,20,1786548162.08703,0,1,52.287053,-13.22318,37.241179,-13.407059,-1.91149,-0.057365,1.912351,-0.615301,-0.015144,0.615488,-3.111591,15.046998,1.018785
18,21,1786548162.12705,0,1,52.207774,-13.225654,37.21619,-13.407692,-1.981988,-0.061852,1.982952,-0.624712,-0.015809,0.624912,-3.110396,14.992689,1.091753
18,22,1786548162.16709,0,1,52.125675,-13.228317,37.190856,-13.40835,-2.052473,-0.066579,2.053552,-0.633358,-0.016471,0.633572,-3.109166,14.935904,1.167284
18,23,1786548162.20711,0,1,52.040757,-13.23118,37.165192,-13.409029,-2.122946,-0.071551,2.124151,-0.641609,-0.016975,0.641834,-3.107902,14.876629,1.245354
18,24,1786548162.24705,0,1,51.953016,-13.234106,37.139212,-13.409723,-2.193539,-0.073167,2.194759,-0.649497,-0.017333,0.649728,-3.108249,14.814845,1.231226
18,25,1786548162.28708,0,1,51.862451,-13.237121,37.11293,-13.410425,-2.264119,-0.075376,2.265374,-0.65705,-0.017557,0.657284,-3.108314,14.750539,1.233572
18,26,1786548162.32707,0,1,51.769062,-13.240214,37.086358,-13.411131,-2.334714,-0.077324,2.335994,-0.664295,-0.017658,0.66453,-3.108486,14.683699,1.229959
18,27,1786548162.36703,0,1,51.67285,-13.243381,37.059508,-13.411837,-2.405317,-0.079165,2.406619,-0.671257,-0.017644,0.671489,-3.108692,14.614313,1.224613
18,28,1786548162.40706,0,1,51.573812,-13.246614,37.032389,-13.412538,-2.47593,-0.080839,2.477249,-0.677959,-0.017526,0.678186,-3.108954,14.54237,1.216293
18,29,1786548162.44708,0,1,51.47195,-13.249908,37.005013,-13.413231,-2.546551,-0.082333,2.547882,-0.684421,-0.017312,0.68464,-3.109273,14.46786,1.204979
18,30,1786548162.48704,0,1,51.367263,-13.253253,36.977386,-13.413911,-2.617182,-0.083624,2.618517,-0.690663,-0.017009,0.690872,-3.109651,14.390774,1.190432
18,31,1786548162.52703,0,1,51.25975,-13.25664,36.949518,-13.414576,-2.687821,-0.084695,2.689155,-0.696702,-0.016625,0.6969,-3.110092,14.311104,1.172506
18,32,1786548162.56703,0,1,51.149477,-13.260059,36.921416,-13.415223,-2.756821,-0.085475,2.758146,-0.702554,-0.016167,0.70274,-3.110598,14.228908,1.151064
18,33,1786548162.60705,0,1,51.036516,-13.263497,36.893086,-13.415848,-2.824041,-0.085945,2.825349,-0.708234,-0.015639,0.708407,-3.111169,14.14425,1.126005
18,34,1786548162.6471,0,1,50.920935,-13.266941,36.864536,-13.41645,-2.88953,-0.086094,2.890812,-0.713757,-0.015048,0.713915,-3.111806,14.057193,1.097243
18,35,1786548162.68703,0,1,50.802801,-13.270378,36.835771,-13.417026,-2.953333,-0.085914,2.954582,-0.719134,-0.014399,0.719278,-3.11251,13.9678,1.064736
18,36,1786548162.7271,0,1,50.682181,-13.273793,36.806796,-13.417574,-3.015496,-0.085398,3.016705,-0.724378,-0.013697,0.724507,-3.113281,13.876131,1.028472
18,37,1786548162.76708,0,1,50.559139,-13.277175,36.777616,-13.418092,-3.076063,-0.084542,3.077224,-0.729498,-0.012946,0.729613,-3.114116,13.782244,0.988471
18,38,1786548162.80708,0,1,50.433736,-13.280509,36.748236,-13.418578,-3.135076,-0.083343,3.136184,-0.734506,-0.01215,0.734606,-3.115015,13.686197,0.944776
18,39,1786548162.84708,0,1,50.306033,-13.283781,36.71878,-13.419029,-3.192578,-0.081803,3.193626,-0.73639,-0.011267,0.736477,-3.115975,13.587926,0.897452
18,40,1786548162.88708,0,1,50.176088,-13.286978,36.689324,-13.419442,-3.248608,-0.079922,3.249591,-0.736404,-0.010325,0.736477,-3.116996,13.487415,0.84658
18,41,1786548162.92711,0,1,50.04396,-13.290086,36.659867,-13.419816,-3.303206,-0.077706,3.30412,-0.736417,-0.009357,0.736477,-3.118073,13.384722,0.792254
18,42,1786548162.96709,0,1,49.909704,-13.293092,36.63041,-13.42015,-3.35641,-0.075158,3.357251,-0.736429,-0.008365,0.736477,-3.119204,13.279902,0.734579
18,43,1786548163.00711,0,1,49.773374,-13.295984,36.600952,-13.420445,-3.408256,-0.072287,3.409022,-0.73644,-0.007353,0.736477,-3.120387,13.173009,0.67367
18,44,1786548163.04709,0,1,49.635022,-13.298748,36.571494,-13.420698,-3.458781,-0.069099,3.459471,-0.736449,-0.006323,0.736477,-3.121617,13.064097,0.609648
18,45,1786548163.08707,0,1,49.494702,-13.301372,36.542036,-13.420909,-3.508019,-0.065605,3.508632,-0.736458,-0.005279,0.736477,-3.122893,12.953217,0.542641
18,46,1786548163.1271,0,1,49.352461,-13.303845,36.512578,-13.421078,-3.556004,-0.061815,3.556541,-0.736464,-0.004221,0.736477,-3.124211,12.840419,0.472779
18,47,1786548163.16709,0,1,49.208351,-13.306154,36.483119,-13.421204,-3.60277,-0.057741,3.603233,-0.73647,-0.003153,0.736477,-3.125567,12.725752,0.400194
18,48,1786548163.20702,0,1,49.062417,-13.30829,36.45366,-13.4213,-3.648349,-0.053394,3.648739,-0.736473,-0.00241,0.736477,-3.126958,12.609263,0.324958
18,49,1786548163.24707,0,1,48.914713,-13.310402,36.424201,-13.421379,-3.692585,-0.052789,3.692962,-0.736474,-0.001962,0.736477,-3.127298,12.491005,0.309994
18,50,1786548163.28707,0,1,48.76529,-13.312438,36.394742,-13.42145,-3.735588,-0.050903,3.735934,-0.736474,-0.001784,0.736477,-3.127967,12.371028,0.275807
18,51,1786548163.32707,0,1,48.614195,-13.314429,36.365283,-13.421524,-3.777362,-0.049772,3.77769,-0.736474,-0.001852,0.736477,-3.128417,12.249381,0.25397
18,52,1786548163.36707,0,1,48.461477,-13.31637,36.335824,-13.42161,-3.817953,-0.048542,3.818261,-0.736473,-0.002145,0.736477,-3.128879,12.12611,0.231164
18,53,1786548163.40729,0,1,48.307182,-13.318273,36.306365,-13.421715,-3.857387,-0.047577,3.85768,-0.736472,-0.002642,0.736477,-3.129259,12.001262,0.212797
18,54,1786548163.44725,0,1,48.151355,-13.320172,36.276906,-13.421849,-3.89567,-0.047464,3.895959,-0.736469,-0.003327,0.736477,-3.129409,11.874884,0.20746
18,55,1786548163.48727,0,1,47.99404,-13.32204,36.247448,-13.422016,-3.932865,-0.0467,3.933142,-0.736465,-0.004184,0.736477,-3.129719,11.747018,0.192675
18,56,1786548163.52723,0,1,47.835281,-13.323901,36.217989,-13.422224,-3.968985,-0.046528,3.969258,-0.736458,-0.005198,0.736477,-3.12987,11.617707,0.186733
18,57,1786548163.56724,0,1,47.675118,-13.325755,36.188532,-13.422478,-4.004065,-0.046347,4.004333,-0.736449,-0.006358,0.736477,-3.130018,11.486994,0.180725
18,58,1786548163.60724,0,1,47.513593,-13.327614,36.159074,-13.422784,-4.038127,-0.046471,4.038394,-0.736437,-0.00765,0.736477,-3.130085,11.354918,0.179112
18,59,1786548163.64725,0,1,47.350745,-13.329484,36.129617,-13.423147,-4.071198,-0.046749,4.071467,-0.736421,-0.009064,0.736477,-3.13011,11.221519,0.179651
18,60,1786548163.68725,0,1,47.186613,-13.331375,36.100161,-13.42357,-4.103303,-0.047278,4.103575,-0.7364,-0.010591,0.736477,-3.130071,11.086835,0.183671
18,61,1786548163.72725,0,1,47.021235,-13.333296,36.070706,-13.424059,-4.134464,-0.048027,4.134743,-0.736375,-0.012222,0.736477,-3.129977,10.950905,0.190653
18,62,1786548163.7671,0,1,46.854646,-13.335258,36.041252,-13.424617,-4.164704,-0.049043,4.164993,-0.736344,-0.013949,0.736477,-3.129817,10.813763,0.201202
18,63,1786548163.80718,0,1,46.686885,-13.337271,36.0118,-13.425248,-4.194044,-0.050332,4.194346,-0.736308,-0.015766,0.736477,-3.129592,10.675447,0.215386
18,64,1786548163.8472,0,1,46.517985,-13.339348,35.98235,-13.425954,-4.222502,-0.051937,4.222822,-0.736265,-0.017665,0.736477,-3.129293,10.535991,0.233723
18,65,1786548163.88719,0,1,46.347981,-13.341504,35.952901,-13.42674,-4.250098,-0.053886,4.25044,-0.736215,-0.019641,0.736477,-3.128915,10.395429,0.256601
18,66,1786548163.92728,0,1,46.176907,-13.343753,35.923455,-13.427608,-4.276848,-0.056228,4.277218,-0.736157,-0.021688,0.736477,-3.128446,10.253795,0.284669
18,67,1786548163.96725,0,1,46.004796,-13.346114,35.894011,-13.42856,-4.302767,-0.059015,4.303172,-0.736092,-0.023801,0.736477,-3.127878,10.111121,0.318608
18,68,1786548164.00723,0,1,45.831681,-13.348606,35.86457,-13.429599,-4.327869,-0.062313,4.328317,-0.736018,-0.025977,0.736477,-3.127196,9.96744,0.359316
18,69,1786548164.04724,0,1,45.657595,-13.351254,35.835133,-13.430727,-4.352164,-0.066195,4.352667,-0.735936,-0.028211,0.736477,-3.126384,9.822783,0.407817
18,70,1786548164.08723,0,1,45.482568,-13.354084,35.805699,-13.431947,-4.37566,-0.070753,4.376232,-0.735845,-0.0305,0.736477,-3.125424,9.677183,0.465368
18,71,1786548164.12723,0,1,45.306634,-13.357128,35.776269,-13.433261,-4.398365,-0.076092,4.399023,-0.735744,-0.032839,0.736477,-3.124294,9.530669,0.533431
18,72,1786548164.16725,0,1,45.129822,-13.360421,35.746844,-13.43467,-4.42028,-0.082337,4.421047,-0.735634,-0.035228,0.736477,-3.122968,9.383272,0.613748
18,73,1786548164.20724,0,1,44.952166,-13.364006,35.717422,-13.436157,-4.441405,-0.08963,4.44231,-0.735537,-0.037179,0.736477,-3.121415,9.235026,0.708462
18,74,1786548164.24719,0,1,44.773692,-13.36799,35.688004,-13.437706,-4.461866,-0.099596,4.462977,-0.735457,-0.03873,0.736477,-3.119275,9.085955,0.839093
18,75,1786548164.28706,0,1,44.594424,-13.372379,35.658588,-13.439303,-4.481702,-0.109711,4.483045,-0.735394,-0.039913,0.736477,-3.117118,8.936086,0.973211
18,76,1786548164.32725,0,1,44.41439,-13.377288,35.629174,-13.440933,-4.500832,-0.122722,4.502505,-0.735348,-0.040757,0.736477,-3.114333,8.785446,1.146797
18,77,1786548164.36718,0,1,44.233619,-13.382741,35.599762,-13.442585,-4.51929,-0.136342,4.521346,-0.735318,-0.041291,0.736477,-3.111433,8.634064,1.330907
18,78,1786548164.40717,0,1,44.05214,-13.388877,35.57035,-13.444246,-4.536962,-0.153386,4.539554,-0.735304,-0.041538,0.736477,-3.107797,8.481971,1.562302
18,79,1786548164.44724,0,1,43.869985,-13.395731,35.540937,-13.445907,-4.553888,-0.171363,4.557111,-0.735305,-0.041522,0.736477,-3.10398,8.329199,1.809873
18,80,1786548164.4872,0,1,43.687189,-13.403477,35.511525,-13.447558,-4.569893,-0.193648,4.573994,-0.73532,-0.041265,0.736477,-3.099243,8.175783,2.11753
18,81,1786548164.52716,0,1,43.503787,-13.412149,35.482111,-13.449189,-4.585053,-0.216806,4.590176,-0.735346,-0.040785,0.736477,-3.094343,8.021762,2.442674
18,82,1786548164.56718,0,1,43.319824,-13.42198,35.452697,-13.450793,-4.599068,-0.245761,4.60563,-0.735347,-0.040097,0.736439,-3.088206,7.86718,2.848967
18,83,1786548164.60724,0,1,43.135337,-13.43295,35.423286,-13.452362,-4.612176,-0.27425,4.620323,-0.735275,-0.039217,0.73632,-3.0822,7.712076,3.258709
18,84,1786548164.64725,0,1,42.950389,-13.445425,35.39388,-13.453888,-4.623714,-0.311884,4.634221,-0.735136,-0.03816,0.736126,-3.074242,7.556513,3.794766
18,85,1786548164.68717,0,1,42.765004,-13.459142,35.364483,-13.455366,-4.634626,-0.342924,4.647295,-0.734936,-0.036939,0.735863,-3.067736,7.400522,4.26094
18,86,1786548164.7272,0,1,42.579297,-13.474971,35.335096,-13.456788,-4.642675,-0.395707,4.659508,-0.734678,-0.035569,0.735539,-3.056566,7.244224,5.015497
18,87,1786548164.76721,0,1,42.393185,-13.491384,35.305721,-13.458151,-4.652798,-0.41035,4.670858,-0.734369,-0.034061,0.735159,-3.053626,7.087541,5.30878
18,88,1786548164.80726,0,1,42.207062,-13.511905,35.276361,-13.459448,-4.653062,-0.513008,4.681257,-0.734012,-0.032426,0.734728,-3.031784,6.9309,6.7252
18,89,1786548164.84718,0,1,42.020437,-13.53136,35.247016,-13.460675,-4.665633,-0.486383,4.690917,-0.733611,-0.030675,0.734252,-3.03772,6.773789,6.549369
18,90,1786548164.88733,0,1,41.833945,-13.554937,35.217689,-13.461827,-4.662305,-0.589426,4.699416,-0.733169,-0.028817,0.733735,-3.015836,6.61691,8.011579
18,91,1786548164.92732,0,1,41.647005,-13.577449,35.188382,-13.462902,-4.673478,-0.562788,4.707242,-0.73269,-0.026862,0.733183,-3.021748,6.459639,7.882652
18,92,1786548164.96728,0,1,41.460345,-13.604089,35.159095,-13.463895,-4.666506,-0.666004,4.713792,-0.732177,-0.024817,0.732597,-2.99983,6.30281,9.396947
18,93,1786548165.00723,0,1,41.273459,-13.630843,35.129829,-13.464802,-4.672145,-0.668861,4.719778,-0.731632,-0.022689,0.731984,-2.9994,6.145873,9.695194
18,94,1786548165.04721,0,1,41.087062,-13.662008,35.100587,-13.465622,-4.659928,-0.77912,4.724612,-0.731058,-0.020486,0.731345,-2.975929,5.989696,11.37073
18,95,1786548165.0872,0,1,40.900352,-13.692386,35.071369,-13.46635,-4.667757,-0.759459,4.729137,-0.730457,-0.018214,0.730684,-2.980303,5.833364,11.461931
18,96,1786548165.12721,0,1,40.714281,-13.727166,35.042176,-13.466985,-4.651768,-0.869486,4.732331,-0.729832,-0.015879,0.730004,-2.95681,5.67807,13.213606
18,97,1786548165.16734,0,1,40.527939,-13.761156,35.013008,-13.467525,-4.658561,-0.849746,4.735426,-0.729184,-0.013485,0.729308,-2.961171,5.522742,13.385126
18,98,1786548165.20731,0,1,40.342377,-13.799531,34.983868,-13.467972,-4.639052,-0.959379,4.737216,-0.728511,-0.011189,0.728597,-2.937663,5.368757,15.225004
18,99,1786548165.24731,0,1,40.156567,-13.837115,34.954755,-13.468332,-4.645254,-0.939594,4.739327,-0.727817,-0.008981,0.727872,-2.942016,5.214868,15.490123
18,100,1786548165.28721,0,1,39.970416,-13.873196,34.925671,-13.468606,-4.653777,-0.90203,4.74039,-0.727102,-0.006857,0.727134,-2.950139,5.060943,15.554804
18,101,1786548165.32723,0,1,39.78502,-13.912935,34.896616,-13.468798,-4.634895,-0.993474,4.740173,-0.726368,-0.004808,0.726384,-2.930441,4.908538,17.289461
18,102,1786548165.36726,0,1,39.599299,-13.951168,34.867592,-13.468911,-4.643007,-0.955834,4.740373,-0.725616,-0.002829,0.725622,-2.938564,4.75622,17.452205
18,103,1786548165.4071,0,1,39.414407,-13.993043,34.838598,-13.468948,-4.622304,-1.04688,4.739373,-0.724849,-0.000916,0.72485,-2.918866,4.605726,19.295278
18,104,1786548165.44724,0,1,39.229193,-14.033413,34.809635,-13.46891,-4.630358,-1.009232,4.739068,-0.724067,0.000937,0.724068,-2.926989,4.455464,19.574754
18,105,1786548165.48721,0,1,39.044862,-14.077409,34.780704,-13.468801,-4.608272,-1.099917,4.73772,-0.723271,0.002735,0.723277,-2.907293,4.307371,21.54714
18,106,1786548165.52726,0,1,38.860193,-14.119904,34.751806,-13.468622,-4.616726,-1.062364,4.737381,-0.722463,0.004481,0.722477,-2.915418,4.159689,21.966718
18,107,1786548165.56726,0,1,38.675076,-14.160187,34.72294,-13.468375,-4.627929,-1.007086,4.736238,-0.721644,0.00618,0.72167,-2.927323,4.012229,22.205673
18,108,1786548165.60727,0,1,38.490706,-14.203387,34.694107,-13.468061,-4.609242,-1.079994,4.734078,-0.720814,0.007835,0.720856,-2.911434,3.867152,24.148449
18,109,1786548165.64726,0,1,38.305872,-14.244381,34.665308,-13.467683,-4.620866,-1.024846,4.733151,-0.719974,0.009449,0.720036,-2.923339,3.722494,24.548254
18,110,1786548165.6872,0,1,38.121775,-14.288291,34.636543,-13.467242,-4.602414,-1.097741,4.731516,-0.719125,0.011026,0.71921,-2.907453,3.580637,26.671208
18,111,1786548165.72717,0,1,37.937169,-14.330006,34.607813,-13.466739,-4.615158,-1.042873,4.731519,-0.718269,0.012568,0.718378,-2.919358,3.439454,27.269169
18,112,1786548165.76721,0,1,37.751942,-14.368816,34.579116,-13.466176,-4.630662,-0.970274,4.731222,-0.717404,0.014077,0.717542,-2.935048,3.298724,27.714693
18,113,1786548165.80717,0,1,37.567227,-14.409859,34.550455,-13.465554,-4.617873,-1.026068,4.730494,-0.716533,0.015556,0.716702,-2.92295,3.161112,29.908398
18,114,1786548165.84717,0,1,37.381842,-14.448009,34.521829,-13.464874,-4.634622,-0.953744,4.731738,-0.715655,0.017008,0.715857,-2.938639,3.024274,30.598887
18,115,1786548165.88716,0,1,37.196881,-14.48841,34.493238,-13.464136,-4.624033,-1.010027,4.733058,-0.714771,0.018434,0.715009,-2.926541,2.891163,33.070742
18,116,1786548165.92719,0,1,37.011163,-14.525933,34.464683,-13.463343,-4.642947,-0.938082,4.736766,-0.713882,0.019835,0.714158,-2.942232,2.759286,34.072229
18,117,1786548165.96718,0,1,36.824578,-14.55986,34.436163,-13.462494,-4.664639,-0.848166,4.741123,-0.712988,0.021215,0.713304,-2.961729,2.628447,34.982016
18,118,1786548166.00724,0,1,36.637054,-14.589457,34.40768,-13.461592,-4.688093,-0.739918,4.746124,-0.712089,0.022574,0.712447,-2.985055,2.498437,35.804322
18,119,1786548166.04723,0,1,36.449443,-14.619939,34.379232,-13.460635,-4.690273,-0.762065,4.751779,-0.711186,0.023913,0.711588,-2.980522,2.372711,38.477179
18,120,1786548166.08716,0,1,36.260844,-14.646078,34.350821,-13.459626,-4.714977,-0.653479,4.760046,-0.71028,0.025235,0.710728,-3.003874,2.248524,39.738118
18,121,1786548166.12724,0,1,36.071226,-14.667115,34.322393,-13.457822,-4.740444,-0.525926,4.76953,-0.7107,0.045084,0.712129,-3.0311,2.126219,40.994066
18,122,1786548166.16727,0,1,35.881197,-14.688333,34.293971,-13.45551,-4.750742,-0.530445,4.780264,-0.710549,0.057807,0.712897,-3.030398,2.009761,44.20804
18,123,1786548166.20723,0,1,35.690121,-14.704403,34.26557,-13.452816,-4.776882,-0.401741,4.793746,-0.710033,0.067354,0.713221,-3.057689,1.896264,46.109328
18,124,1786548166.24713,0,1,35.498075,-14.714527,34.237199,-13.449851,-4.80116,-0.25309,4.807826,-0.709266,0.074124,0.713129,-3.088927,1.785837,48.103718
18,125,1786548166.28725,0,1,35.305402,-14.723783,34.208854,-13.446794,-4.816827,-0.231407,4.822382,-0.708636,0.076421,0.712745,-3.093588,1.683187,52.097818
18,126,1786548166.32714,0,1,35.111916,-14.726936,34.180532,-13.443724,-4.837134,-0.078822,4.837777,-0.708043,0.076746,0.71219,-3.125299,1.585594,54.960548
18,127,1786548166.36712,0,1,34.917784,-14.726878,34.152225,-13.440722,-4.853301,0.001443,4.853301,-0.707663,0.075058,0.711633,3.141295,1.496756,59.220584
18,128,1786548166.40724,0,1,34.723067,-14.723219,34.123926,-13.437834,-4.867925,0.091467,4.868784,-0.707495,0.072192,0.711168,3.122805,1.418163,63.932453
18,129,1786548166.44741,0,1,34.527791,-14.717694,34.095625,-13.435087,-4.881916,0.138132,4.88387,-0.707523,0.068684,0.710849,3.113306,1.353458,69.758364
18,130,1786548166.48709,0,1,34.332032,-14.709485,34.067317,-13.432488,-4.893971,0.205218,4.898272,-0.7077,0.064976,0.710677,3.099684,1.304146,75.887576
18,131,1786548166.52736,0,1,34.135748,-14.700877,34.038997,-13.430038,-4.907102,0.215204,4.911819,-0.707997,0.061247,0.710641,3.097765,1.274517,83.135251
18,132,1786548166.56733,0,1,33.939089,-14.689703,34.010661,-13.427735,-4.916464,0.279356,4.924395,-0.708394,0.057573,0.71073,3.084833,1.263996,89.99394
18,133,1786548166.60724,0,1,33.741931,-14.679156,33.982306,-13.425576,-4.928963,0.263669,4.93601,-0.708881,0.053969,0.710933,3.08815,1.276418,97.792711
18,134,1786548166.64727,0,1,33.544501,-14.666043,33.953928,-13.423559,-4.935747,0.327817,4.946622,-0.70945,0.050435,0.71124,3.075273,1.308204,104.4384
18,135,1786548166.6872,0,1,33.346608,-14.654131,33.925524,-13.42168,-4.947332,0.297806,4.956287,-0.710093,0.046967,0.711644,3.08147,1.361646,111.715968
18,136,1786548166.72726,0,1,33.148527,-14.639786,33.897092,-13.419938,-4.952011,0.358636,4.964981,-0.710805,0.04356,0.712139,3.069297,1.431216,117.393272
18,137,1786548166.76729,0,1,32.95002,-14.627117,33.868629,-13.418329,-4.962665,0.316716,4.972761,-0.71158,0.04021,0.712716,3.077859,1.518226,123.581069
18,138,1786548166.80716,0,1,32.751453,-14.611446,33.840132,-13.416853,-4.964181,0.39178,4.979617,-0.712414,0.036913,0.71337,3.062835,1.616253,127.831615
18,139,1786548166.84731,0,1,32.552505,-14.597675,33.8116,-13.415506,-4.973703,0.344273,4.985604,-0.713301,0.033666,0.714095,3.072484,1.727091,132.84522
18,140,1786548166.88721,0,1,32.353408,-14.583122,33.78303,-13.414288,-4.97743,0.363829,4.99071,-0.714238,0.030463,0.714887,3.068627,1.846617,136.550531
18,141,1786548166.92725,0,1,32.153965,-14.571199,33.754422,-13.413196,-4.986075,0.298067,4.994976,-0.71522,0.027304,0.715741,3.081884,1.975458,140.69148
18,142,1786548166.96725,0,1,31.954582,-14.556328,33.725772,-13.412228,-4.984576,0.371778,4.998422,-0.716244,0.024183,0.716652,3.067145,2.108573,142.874019
18,143,1786548167.00712,0,1,31.754913,-14.544095,33.69708,-13.411384,-4.991712,0.305818,5.001071,-0.717306,0.0211,0.717616,3.080404,2.248343,146.242529
18,144,1786548167.04704,0,1,31.555372,-14.528915,33.668344,-13.410662,-4.988527,0.379515,5.002943,-0.718403,0.018051,0.71863,3.065661,2.390635,147.760223
18,145,1786548167.08711,0,1,31.355603,-14.516379,33.639562,-13.410061,-4.994237,0.313404,5.004061,-0.719533,0.015034,0.71969,3.078922,2.537796,150.564323
18,146,1786548167.12714,0,1,31.156025,-14.500897,33.610735,-13.409579,-4.989453,0.387032,5.004441,-0.720693,0.012047,0.720794,3.064178,2.686369,151.5954
18,147,1786548167.16712,0,1,30.956272,-14.488065,33.581859,-13.409215,-4.993814,0.320815,5.004109,-0.721881,0.009088,0.721938,3.077438,2.838595,153.986544
18,148,1786548167.20707,0,1,30.756772,-14.472292,33.552939,-13.40896,-4.987514,0.394326,5.003078,-0.723004,0.006385,0.723032,3.062694,2.991526,154.658546
18,149,1786548167.2471,0,1,30.557106,-14.459167,33.523976,-13.408803,-4.991636,0.328114,5.002408,-0.724067,0.003918,0.724078,3.075954,3.147314,156.743667
18,150,1786548167.28713,0,1,30.357669,-14.443101,33.494973,-13.408737,-4.985935,0.401642,5.002086,-0.725076,0.001667,0.725078,3.061211,3.303421,157.147168
18,151,1786548167.3271,0,1,30.158035,-14.429682,33.465932,-13.408752,-4.990842,0.335496,5.002106,-0.726034,-0.000382,0.726034,3.074471,3.461861,159.002218
18,152,1786548167.36712,0,1,29.958607,-14.413319,33.436854,-13.408842,-4.985701,0.409066,5.002454,-0.726946,-0.002248,0.72695,3.059728,3.620384,159.201413
18,153,1786548167.40709,0,1,29.758953,-14.3996,33.407742,-13.408999,-4.991359,0.342967,5.003128,-0.727816,-0.003943,0.727827,3.072988,3.780866,160.880278
18,154,1786548167.44711,0,1,29.559483,-14.382936,33.378596,-13.409219,-4.986739,0.416599,5.004111,-0.728647,-0.005482,0.728667,3.058245,3.941288,160.921166
18,155,1786548167.4871,0,1,29.359759,-14.368915,33.349418,-13.409494,-4.993113,0.350528,5.005402,-0.729441,-0.006876,0.729474,3.071505,4.103398,162.462719
18,156,1786548167.5271,0,1,29.160199,-14.351945,33.32021,-13.409819,-4.98898,0.424244,5.006985,-0.730203,-0.008137,0.730248,3.056761,4.265359,162.378838
18,157,1786548167.56711,0,1,28.960358,-14.337618,33.290973,-13.41019,-4.996038,0.358183,5.008861,-0.730933,-0.009275,0.730992,3.070022,4.428809,163.81163
18,158,1786548167.60706,0,1,28.760391,-14.323849,33.261707,-13.410602,-4.999176,0.344226,5.011013,-0.731636,-0.0103,0.731709,3.072845,4.593024,164.592281
18,159,1786548167.6471,0,1,28.560545,-14.307203,33.232415,-13.411051,-4.996138,0.41616,5.01344,-0.732313,-0.011222,0.732399,3.058488,4.757042,164.379956
18,160,1786548167.6871,0,1,28.360384,-14.293279,33.203096,-13.411533,-5.004043,0.348093,5.016136,-0.732967,-0.012047,0.733066,3.072142,4.922331,165.701587
18,161,1786548167.7271,0,1,28.160258,-14.277281,33.173752,-13.412044,-5.003127,0.39994,5.019087,-0.733598,-0.012784,0.73371,3.061824,5.087608,165.637856
18,162,1786548167.76711,0,1,27.959792,-14.264213,33.144384,-13.412582,-5.011654,0.326716,5.022292,-0.73421,-0.013439,0.734333,3.076494,5.254071,166.941884
18,163,1786548167.80711,0,1,27.759381,-14.248459,33.114992,-13.413143,-5.010289,0.393851,5.025745,-0.734803,-0.01402,0.734936,3.063145,5.420362,166.640295
18,164,1786548167.8471,0,1,27.558612,-14.235637,33.085576,-13.413724,-5.01921,0.320531,5.029434,-0.735379,-0.014531,0.735522,3.077818,5.587743,167.887549
18,165,1786548167.88711,0,1,27.357877,-14.220125,33.056139,-13.414323,-5.018396,0.387809,5.033359,-0.735939,-0.014979,0.736091,3.064468,5.754955,167.532169
18,166,1786548167.92712,0,1,27.156769,-14.20755,33.026686,-13.414938,-5.027688,0.314375,5.037507,-0.736316,-0.015364,0.736477,3.079145,5.923189,168.731919
18,167,1786548167.96717,0,1,26.955673,-14.192278,32.997234,-13.415565,-5.0274,0.381806,5.041877,-0.736309,-0.015688,0.736477,3.065793,6.091284,168.331156
18,168,1786548168.00712,0,1,26.754192,-14.179948,32.967782,-13.416204,-5.037037,0.308238,5.04646,-0.736304,-0.015961,0.736477,3.080475,6.260352,169.49082
18,169,1786548168.04718,0,1,26.552701,-14.164915,32.93833,-13.416851,-5.037252,0.375832,5.051253,-0.736299,-0.016189,0.736477,3.06712,6.429296,169.0514
18,170,1786548168.08716,0,1,26.350813,-14.152831,32.908878,-13.417506,-5.047212,0.302113,5.056246,-0.736294,-0.016375,0.736477,3.081807,6.59916,170.176927
18,171,1786548168.12705,0,1,26.148897,-14.138035,32.879426,-13.418167,-5.047907,0.369881,5.06144,-0.736291,-0.016522,0.736477,3.068449,6.768917,169.704297
18,172,1786548168.16705,0,1,25.94657,-14.126196,32.849975,-13.418832,-5.058169,0.295995,5.066822,-0.736289,-0.016634,0.736477,3.083141,6.93955,170.800537
18,173,1786548168.20705,0,1,25.744197,-14.111638,32.820523,-13.419494,-5.059321,0.363943,5.072394,-0.736291,-0.016538,0.736477,3.069781,7.110095,170.299107
18,174,1786548168.24711,0,1,25.541484,-14.09884,32.791071,-13.420144,-5.067834,0.319939,5.077923,-0.736297,-0.016251,0.736477,3.078545,7.281288,171.039278
18,175,1786548168.28711,0,1,25.338764,-14.083014,32.761619,-13.420776,-5.067995,0.395657,5.083416,-0.736307,-0.015789,0.736477,3.063681,7.452338,170.437774
18,176,1786548168.32708,0,1,25.135635,-14.069851,32.732166,-13.421382,-5.078223,0.329076,5.088874,-0.73632,-0.015166,0.736477,3.076882,7.624159,171.413183
18,177,1786548168.36708,0,1,24.932508,-14.053652,32.702713,-13.421958,-5.078173,0.404983,5.094296,-0.736336,-0.014395,0.736477,3.062011,7.79584,170.79258
18,178,1786548168.40708,0,1,24.72897,-14.040121,32.673259,-13.422498,-5.088455,0.338257,5.099685,-0.736353,-0.013488,0.736477,3.075215,7.968261,171.751349
18,179,1786548168.44712,0,1,24.525442,-14.023547,32.643804,-13.422996,-5.088198,0.41435,5.105041,-0.736371,-0.012456,0.736477,3.060338,8.140544,171.113753
18,180,1786548168.4871,0,1,24.321558,-14.008823,32.614348,-13.423448,-5.097091,0.368115,5.110366,-0.73639,-0.011309,0.736477,3.069497,8.313424,171.831518
18,181,1786548168.52707,0,1,24.117724,-13.990837,32.584892,-13.42385,-5.095862,0.449637,5.115661,-0.736408,-0.010057,0.736477,3.053585,8.48613,171.12655
18,182,1786548168.56707,0,1,23.913475,-13.97532,32.555435,-13.424199,-5.106217,0.387939,5.120933,-0.736425,-0.008707,0.736477,3.065764,8.659515,172.006402
18,183,1786548168.60711,0,1,23.709291,-13.956533,32.525977,-13.424489,-5.104611,0.469659,5.126172,-0.736441,-0.007268,0.736477,3.049844,8.832725,171.289861
18,184,1786548168.64713,0,1,23.504685,-13.940219,32.496519,-13.424719,-5.115154,0.407867,5.131389,-0.736454,-0.005748,0.736477,3.062024,9.006599,172.159895
18,185,1786548168.68709,0,1,23.300158,-13.920627,32.46706,-13.424885,-5.113171,0.489783,5.136575,-0.736465,-0.004152,0.736477,3.046096,9.180298,171.432908
18,186,1786548168.72708,0,1,23.095202,-13.903511,32.437602,-13.424985,-5.123905,0.427898,5.141741,-0.736472,-0.002487,0.736477,3.058276,9.354647,172.294122
18,187,1786548168.76708,0,1,22.89034,-13.883111,32.408143,-13.425015,-5.121543,0.510005,5.146874,-0.736476,-0.000759,0.736477,3.04234,9.528821,171.557674
18,188,1786548168.80714,0,1,22.685041,-13.86519,32.378683,-13.424974,-5.13247,0.448029,5.151988,-0.736476,0.001027,0.736477,3.05452,9.703633,172.410942
18,189,1786548168.84711,0,1,22.479771,-13.84477,32.349225,-13.42486,-5.131739,0.510489,5.157068,-0.736471,0.002867,0.736477,3.042442,9.878382,171.882824
18,190,1786548168.8871,0,1,22.274049,-13.827038,32.319766,-13.424669,-5.143056,0.4433,5.162126,-0.736461,0.004755,0.736477,3.055611,10.053772,172.779947
18,191,1786548168.92712,0,1,22.068415,-13.806211,32.290308,-13.424402,-5.140852,0.520698,5.167154,-0.736446,0.006688,0.736477,3.040651,10.229021,172.077321
18,192,1786548168.96711,0,1,21.862325,-13.788075,32.260851,-13.424055,-5.152248,0.453381,5.172157,-0.736426,0.008661,0.736477,3.053822,10.404896,172.966189
18,193,1786548169.00711,0,1,21.656232,-13.767831,32.231395,-13.423628,-5.152331,0.506099,5.177128,-0.736399,0.010673,0.736477,3.04368,10.580764,172.525778
18,194,1786548169.0471,0,1,21.449671,-13.750543,32.201941,-13.42312,-5.164014,0.432207,5.18207,-0.736367,0.012718,0.736477,3.058091,10.757253,173.471515
18,195,1786548169.08711,0,1,21.243172,-13.730401,32.172488,-13.422528,-5.162483,0.503558,5.186984,-0.736309,0.014794,0.736458,3.044358,10.933652,172.815327
18,196,1786548169.12709,0,1,21.036209,-13.713221,32.143039,-13.421852,-5.174067,0.429488,5.191862,-0.736224,0.016898,0.736418,3.058775,11.110651,173.752164
18,197,1786548169.1671,0,1,20.829309,-13.693182,32.113595,-13.421091,-5.172502,0.500984,5.196707,-0.736112,0.019028,0.736358,3.045039,11.287565,173.08659
18,198,1786548169.20705,0,1,20.62195,-13.676112,32.084154,-13.420258,-5.183972,0.426737,5.201507,-0.736025,0.020818,0.73632,3.059459,11.465059,174.015389
18,199,1786548169.24711,0,1,20.414125,-13.662889,32.054715,-13.419366,-5.195634,0.330582,5.206141,-0.73596,0.022295,0.736298,3.078051,11.643137,175.160896
18,200,1786548169.2871,0,1,20.206256,-13.647662,32.025279,-13.418427,-5.196719,0.380679,5.210643,-0.735916,0.023485,0.736291,3.06847,11.821245,174.699221
18,201,1786548169.32706,0,1,19.997967,-13.636295,31.995843,-13.417451,-5.207231,0.284177,5.21498,-0.73589,0.024409,0.736295,3.087073,11.999872,175.831296
18,202,1786548169.36704,0,1,19.789413,-13.626849,31.966408,-13.416447,-5.213856,0.236137,5.219201,-0.735882,0.025089,0.73631,3.096333,12.178813,176.416937
18,203,1786548169.4071,0,1,19.580696,-13.617358,31.936972,-13.415425,-5.217919,0.237279,5.223311,-0.73589,0.025545,0.736333,3.09615,12.357926,176.460062
18,204,1786548169.4471,0,1,19.371664,-13.612367,31.907536,-13.414394,-5.225813,0.124783,5.227302,-0.735912,0.025794,0.736364,3.117719,12.537435,177.727372
18,205,1786548169.48708,0,1,19.16549,-13.606073,31.878098,-13.413359,-5.154338,0.157349,5.156739,-0.735948,0.025853,0.736402,3.111075,12.714068,177.382949
18,206,1786548169.52708,0,1,18.962218,-13.597663,31.848658,-13.41233,-5.081809,0.210243,5.086156,-0.735996,0.025736,0.736446,3.100244,12.887773,176.806951
18,207,1786548169.56714,0,1,18.761913,-13.586382,31.819217,-13.411312,-5.007625,0.282029,5.01556,-0.736036,0.025458,0.736477,3.085332,13.058477,176.008343
18,208,1786548169.6071,0,1,18.564673,-13.571531,31.789775,-13.410311,-4.930999,0.371286,4.944958,-0.736051,0.02503,0.736477,3.066438,13.226084,174.995534
18,209,1786548169.6471,0,1,18.370633,-13.552467,31.760332,-13.409332,-4.850997,0.476595,4.874353,-0.73607,0.024466,0.736477,3.04366,13.390464,173.776414
18,210,1786548169.68709,0,1,18.17997,-13.528606,31.730888,-13.408381,-4.76657,0.596521,4.803751,-0.736093,0.023776,0.736477,3.017093,13.551451,172.358387
18,211,1786548169.72716,0,1,17.992907,-13.499422,31.701443,-13.407462,-4.676587,0.729595,4.733157,-0.736118,0.022971,0.736477,2.98683,13.708845,170.748404
18,212,1786548169.76718,0,1,17.809712,-13.46445,31.671997,-13.40658,-4.579869,0.874305,4.662575,-0.736146,0.02206,0.736477,2.95296,13.862406,168.952983
18,213,1786548169.80717,0,1,17.630499,-13.424185,31.64255,-13.405738,-4.480318,1.006634,4.59201,-0.736176,0.021052,0.736477,2.920584,14.012063,167.261685
18,214,1786548169.84716,0,1,17.455094,-13.380106,31.613102,-13.404939,-4.385127,1.10197,4.521468,-0.736206,0.019954,0.736477,2.895394,14.15803,165.994329
18,215,1786548169.88715,0,1,17.283573,-13.332373,31.583653,-13.404188,-4.288014,1.193329,4.450966,-0.736237,0.018775,0.736477,2.870167,14.30026,164.736172
18,216,1786548169.9271,0,1,17.116009,-13.281146,31.554202,-13.403488,-4.189123,1.280676,4.380511,-0.736268,0.01752,0.736477,2.844901,14.438712,163.486324
18,217,1786548169.96708,0,1,16.952465,-13.226586,31.52475,-13.40284,-4.088596,1.363983,4.310112,-0.736298,0.016196,0.736477,2.819596,14.573351,162.243923
18,218,1786548170.00713,0,1,16.793002,-13.168857,31.495297,-13.402247,-3.986578,1.443224,4.239776,-0.736328,0.014809,0.736477,2.794249,14.704148,161.008144
18,219,1786548170.04708,0,1,16.637673,-13.108122,31.465843,-13.401713,-3.883212,1.518382,4.169511,-0.736355,0.013365,0.736477,2.768859,14.831076,159.778193
18,220,1786548170.08709,0,1,16.486527,-13.044544,31.436387,-13.401238,-3.778644,1.589441,4.099326,-0.736381,0.011868,0.736477,2.743422,14.954115,158.553305
18,221,1786548170.12708,0,1,16.339607,-12.978289,31.406931,-13.400825,-3.673017,1.656393,4.02923,-0.736404,0.010322,0.736477,2.717939,15.073248,157.332745
18,222,1786548170.1671,0,1,16.196948,-12.909519,31.377474,-13.400476,-3.566476,1.719234,3.959232,-0.736425,0.008732,0.736477,2.692405,15.188464,156.115796
18,223,1786548170.2071,0,1,16.058581,-12.838401,31.348017,-13.400184,-3.459165,1.777964,3.889341,-0.73644,0.007307,0.736477,2.666819,15.299753,154.901736
18,224,1786548170.24708,0,1,15.92453,-12.765096,31.318559,-13.399942,-3.351267,1.832611,3.819614,-0.736452,0.006035,0.736477,2.641178,15.407113,153.689865
19,0,1786548173.97948,0,1,53.28,-13.199968,37.597264,-13.400032,-0.499999,0.000796,0.5,-0.068396,-0.000798,0.068401,3.14,15.684012,0.822132
19,0,1786548174.01945,0,1,53.28,-13.199968,37.591392,-13.400095,-0.499999,0.000796,0.5,-0.146792,-0.001588,0.146801,3.14,15.689884,0.82209
19,1,1786548174.05943,0,1,53.257177,-13.200318,37.582385,-13.40019,-0.570567,-0.008758,0.570634,-0.225188,-0.002369,0.225201,-3.126244,15.676067,0.148862
19,2,1786548174.09942,0,1,53.231528,-13.200609,37.570242,-13.400316,-0.641228,-0.007275,0.64127,-0.303584,-0.003139,0.303601,-3.130248,15.66256,0.080585
19,3,1786548174.1394,0,1,53.203053,-13.200901,37.554962,-13.400472,-0.711868,-0.007287,0.711906,-0.381981,-0.003899,0.382001,-3.131357,15.649364,0.144237
19,4,1786548174.17942,0,1,53.171753,-13.201189,37.536693,-13.400656,-0.782509,-0.007196,0.782542,-0.456736,-0.004613,0.456759,-3.132396,15.636333,0.204012
19,5,1786548174.21947,0,1,53.137627,-13.201477,37.515675,-13.400867,-0.853148,-0.007194,0.853179,-0.525439,-0.005258,0.525465,-3.133161,15.623224,0.248131
19,6,1786548174.25941,0,1,53.100676,-13.201766,37.492132,-13.4011,-0.923787,-0.007246,0.923816,-0.588574,-0.005839,0.588603,-3.133749,15.609816,0.282248
19,7,1786548174.29943,0,1,53.060899,-13.20206,37.466269,-13.401355,-0.994426,-0.00735,0.994453,-0.646588,-0.006362,0.646619,-3.134201,15.595903,0.308698
19,8,1786548174.33947,0,1,53.018296,-13.20236,37.438273,-13.401628,-1.065064,-0.007499,1.065091,-0.699889,-0.006832,0.699922,-3.134552,15.581297,0.329343
19,9,1786548174.37945,0,1,52.972868,-13.202668,37.408319,-13.401918,-1.135702,-0.007689,1.135728,-0.748855,-0.007252,0.74889,-3.134822,15.565824,0.345528
19,10,1786548174.41946,0,1,52.924614,-13.202985,37.376566,-13.402223,-1.20634,-0.007915,1.206366,-0.793831,-0.007628,0.793868,-3.135032,15.549325,0.358263
19,11,1786548174.45946,0,1,52.873535,-13.203311,37.34316,-13.402542,-1.276978,-0.008172,1.277005,-0.835139,-0.007961,0.835177,-3.135193,15.531653,0.368317
19,12,1786548174.49945,0,1,52.819631,-13.20365,37.308238,-13.402872,-1.347616,-0.008457,1.347643,-0.873071,-0.008256,0.87311,-3.135317,15.512672,0.376286
19,13,1786548174.5394,0,1,52.7629,-13.204,37.271922,-13.403212,-1.418254,-0.008766,1.418282,-0.907896,-0.008516,0.907936,-3.135412,15.49226,0.382639
19,14,1786548174.57941,0,1,52.703345,-13.204364,37.234327,-13.403562,-1.488893,-0.009096,1.48892,-0.939864,-0.008744,0.939905,-3.135484,15.4703,0.387747
19,15,1786548174.6194,0,1,52.640964,-13.204742,37.195559,-13.40392,-1.559531,-0.009443,1.559559,-0.969204,-0.008942,0.969245,-3.135538,15.446689,0.391906
19,16,1786548174.65945,0,1,52.575757,-13.205134,37.155714,-13.404284,-1.630169,-0.009804,1.630198,-0.996125,-0.009112,0.996167,-3.135579,15.421329,0.395359
19,17,1786548174.69946,0,1,52.507724,-13.205541,37.114881,-13.404655,-1.700807,-0.010176,1.700837,-1.020821,-0.009258,1.020863,-3.13561,15.394131,0.398302
19,18,1786548174.73945,0,1,52.436867,-13.205963,37.073142,-13.40503,-1.771445,-0.010557,1.771477,-1.04347,-0.00938,1.043512,-3.135633,15.365014,0.400894
19,19,1786548174.77942,0,1,52.363183,-13.206401,37.030573,-13.405409,-1.842084,-0.010943,1.842116,-1.064235,-0.009481,1.064278,-3.135652,15.333902,0.403269
19,20,1786548174.81946,0,1,52.286674,-13.206854,36.987242,-13.405792,-1.912722,-0.011332,1.912756,-1.083268,-0.009563,1.083311,-3.135668,15.300726,0.405537
19,21,1786548174.85947,0,1,52.20734,-13.207323,36.943214,-13.406177,-1.983361,-0.011721,1.983395,-1.100707,-0.009627,1.10075,-3.135683,15.265421,0.40779
19,22,1786548174.89947,0,1,52.12518,-13.207807,36.898547,-13.406564,-2.053999,-0.012108,2.054035,-1.11668,-0.009674,1.116722,-3.135698,15.22793,0.410103
19,23,1786548174.93946,0,1,52.040195,-13.208307,36.853289,-13.406959,-2.124638,-0.012491,2.124675,-1.131442,-0.009893,1.131485,-3.135714,15.188205,0.412569
19,24,1786548174.97946,0,1,51.952383,-13.208761,36.807485,-13.40737,-2.195285,-0.011335,2.195315,-1.14509,-0.010271,1.145136,-3.136429,15.1462,0.455488
19,25,1786548175.01946,0,1,51.861746,-13.209171,36.761177,-13.407802,-2.265931,-0.010251,2.265955,-1.157713,-0.010794,1.157763,-3.137069,15.101875,0.494407
19,26,1786548175.05947,0,1,51.768283,-13.209529,36.714401,-13.40826,-2.336577,-0.008967,2.336594,-1.169393,-0.011451,1.169449,-3.137755,15.055193,0.536457
19,27,1786548175.09948,0,1,51.671994,-13.20983,36.667193,-13.408749,-2.407221,-0.007512,2.407233,-1.180206,-0.012231,1.18027,-3.138472,15.006119,0.580742
19,28,1786548175.13947,0,1,51.572879,-13.210064,36.619584,-13.409274,-2.477864,-0.005867,2.477871,-1.190221,-0.013124,1.190294,-3.139225,14.954622,0.627594
19,29,1786548175.17948,0,1,51.470939,-13.210225,36.571604,-13.409839,-2.548505,-0.004024,2.548508,-1.199502,-0.014121,1.199585,-3.140014,14.900672,0.677115
19,30,1786548175.21948,0,1,51.366173,-13.210304,36.52328,-13.410448,-2.619143,-0.001971,2.619144,-1.208107,-0.015213,1.208203,-3.14084,14.844243,0.729421
19,31,1786548175.25946,0,1,51.258582,-13.210292,36.474636,-13.411103,-2.689778,0.0003,2.689778,-1.216092,-0.016392,1.216202,3.141481,14.78531,0.784603
19,32,1786548175.29946,0,1,51.148166,-13.21018,36.425696,-13.411809,-2.760409,0.002799,2.760411,-1.223504,-0.017651,1.223631,3.140579,14.723851,0.842735
19,33,1786548175.33946,0,1,51.034924,-13.209959,36.37648,-13.412569,-2.831036,0.005533,2.831042,-1.23039,-0.018984,1.230537,3.139638,14.659844,0.903881
19,34,1786548175.37946,0,1,50.918858,-13.209618,36.327009,-13.413384,-2.901658,0.00851,2.901671,-1.236793,-0.020384,1.236961,3.13866,14.593272,0.968089
19,35,1786548175.41946,0,1,50.799967,-13.209149,36.277299,-13.414258,-2.972275,0.011737,2.972298,-1.242751,-0.021846,1.242943,3.137644,14.524117,1.035401
19,36,1786548175.45952,0,1,50.678252,-13.20854,36.227367,-13.415193,-3.042885,0.015219,3.042924,-1.248299,-0.023364,1.248517,3.136591,14.452363,1.10585
19,37,1786548175.49946,0,1,50.553712,-13.207782,36.177228,-13.41619,-3.113489,0.018961,3.113547,-1.25347,-0.024934,1.253718,3.135503,14.377995,1.17946
19,38,1786548175.53947,0,1,50.426349,-13.206863,36.126896,-13.417252,-3.184085,0.022969,3.184168,-1.258294,-0.02655,1.258574,3.134379,14.301,1.256252
19,39,1786548175.57946,0,1,50.296162,-13.205773,36.076384,-13.41838,-3.254673,0.027247,3.254787,-1.2628,-0.028209,1.263115,3.133221,14.221367,1.33624
19,40,1786548175.6194,0,1,50.163152,-13.204501,36.025703,-13.419577,-3.325252,0.031796,3.325404,-1.267012,-0.029907,1.267365,3.132031,14.139084,1.419435
19,41,1786548175.65946,0,1,50.027319,-13.203036,35.974865,-13.420842,-3.395821,0.036621,3.396019,-1.270955,-0.031641,1.271349,3.130809,14.054141,1.505847
19,42,1786548175.69946,0,1,49.888664,-13.201368,35.923879,-13.422178,-3.466381,0.041722,3.466632,-1.274649,-0.033407,1.275087,3.129557,13.96653,1.595482
19,43,1786548175.73946,0,1,49.747186,-13.199483,35.872755,-13.423587,-3.536929,0.047102,3.537242,-1.278115,-0.035201,1.2786,3.128276,13.876242,1.688344
19,44,1786548175.77946,0,1,49.602888,-13.197373,35.8215,-13.425067,-3.607465,0.052759,3.607851,-1.28137,-0.037023,1.281905,3.126969,13.783269,1.784437
19,45,1786548175.81947,0,1,49.455768,-13.195025,35.770123,-13.426622,-3.67799,0.058694,3.678458,-1.284433,-0.038868,1.285021,3.125636,13.687605,1.883766
19,46,1786548175.85946,0,1,49.305828,-13.192429,35.71863,-13.428251,-3.748501,0.064907,3.749063,-1.287317,-0.040734,1.287961,3.124279,13.589245,1.986336
19,47,1786548175.89947,0,1,49.153117,-13.189574,35.667028,-13.429956,-3.81778,0.071371,3.818447,-1.290038,-0.04262,1.290742,3.1229,13.488231,2.092145
19,48,1786548175.93947,0,1,48.997703,-13.186452,35.61533,-13.431726,-3.885355,0.078067,3.886139,-1.292455,-0.044236,1.293211,3.121503,13.38462,2.20108
19,49,1786548175.97945,0,1,48.839657,-13.183292,35.563547,-13.43355,-3.951137,0.078987,3.951926,-1.294591,-0.045603,1.295394,3.121604,13.278469,2.225154
19,50,1786548176.01945,0,1,48.679055,-13.180065,35.511688,-13.43542,-4.015049,0.080674,4.015859,-1.296471,-0.046742,1.297313,3.121502,13.169844,2.262078
19,51,1786548176.05945,0,1,48.515968,-13.176811,35.459763,-13.437326,-4.077175,0.081355,4.077986,-1.298113,-0.04767,1.298988,3.121641,13.058804,2.286213
19,52,1786548176.09946,0,1,48.350466,-13.17355,35.407782,-13.439263,-4.137552,0.081516,4.138355,-1.299538,-0.048404,1.300439,3.121894,12.945412,2.304778
19,53,1786548176.13946,0,1,48.182617,-13.17031,35.355751,-13.441221,-4.196231,0.081016,4.197013,-1.300762,-0.048959,1.301683,3.122288,12.829727,2.316006
19,54,1786548176.1794,0,1,48.012487,-13.167114,35.303679,-13.443195,-4.253254,0.079901,4.254005,-1.301802,-0.049349,1.302737,3.122809,12.711806,2.320705
19,55,1786548176.21946,0,1,47.84014,-13.163987,35.251572,-13.445178,-4.308667,0.078168,4.309376,-1.302672,-0.049587,1.303616,3.123453,12.591708,2.318955
19,56,1786548176.25953,0,1,47.66564,-13.160954,35.199437,-13.447166,-4.362511,0.075832,4.36317,-1.303386,-0.049686,1.304333,3.124212,12.469488,2.311074
19,57,1786548176.29952,0,1,47.489047,-13.158037,35.147279,-13.449152,-4.414827,0.072906,4.415429,-1.303957,-0.049655,1.304902,3.12508,12.345201,2.297324
19,58,1786548176.33952,0,1,47.310421,-13.155261,35.095103,-13.451132,-4.465655,0.06941,4.466195,-1.304395,-0.049506,1.305334,3.126051,12.218901,2.277994
19,59,1786548176.37953,0,1,47.129819,-13.152646,35.042914,-13.453102,-4.515035,0.065364,4.515508,-1.304712,-0.049249,1.305641,3.127117,12.090639,2.25337
19,60,1786548176.41965,0,1,46.947299,-13.150215,34.990718,-13.455058,-4.563003,0.060789,4.563408,-1.304917,-0.048891,1.305832,3.128271,11.960467,2.223745
19,61,1786548176.45961,0,1,46.762917,-13.14795,34.938517,-13.456995,-4.609559,0.056618,4.609907,-1.305019,-0.048441,1.305918,3.129311,11.828438,2.200866
19,62,1786548176.49963,0,1,46.576725,-13.145906,34.886316,-13.458912,-4.654782,0.051095,4.655063,-1.305026,-0.047906,1.305905,3.130616,11.694599,2.162609
19,63,1786548176.53969,0,1,46.388778,-13.144084,34.834118,-13.460803,-4.698689,0.045568,4.69891,-1.304947,-0.047293,1.305804,3.131895,11.559,2.12575
19,64,1786548176.57965,0,1,46.199125,-13.142501,34.781926,-13.462668,-4.741317,0.039553,4.741482,-1.304787,-0.046608,1.305619,3.133251,11.421687,2.084257
19,65,1786548176.61969,0,1,46.007817,-13.141169,34.729744,-13.464502,-4.782695,0.033321,4.782811,-1.304554,-0.045858,1.305359,3.134626,11.282707,2.041346
19,66,1786548176.6596,0,1,45.814903,-13.140095,34.677574,-13.466304,-4.822853,0.02683,4.822928,-1.304252,-0.045048,1.30503,3.13603,11.142105,1.996433
19,67,1786548176.69943,0,1,45.62043,-13.139288,34.625419,-13.468071,-4.861822,0.020182,4.861864,-1.303889,-0.044182,1.304637,3.137442,10.999927,1.950636
19,68,1786548176.73961,0,1,45.424445,-13.138751,34.57328,-13.469802,-4.899627,0.013421,4.899645,-1.303468,-0.043265,1.304186,3.138854,10.856214,1.904392
19,69,1786548176.77959,0,1,45.226994,-13.138486,34.52116,-13.471494,-4.936296,0.006627,4.9363,-1.302994,-0.042302,1.30368,3.14025,10.711011,1.858546
19,70,1786548176.81957,0,1,45.028119,-13.138491,34.469061,-13.473146,-4.971854,-0.000125,4.971854,-1.302472,-0.041296,1.303126,-3.141568,10.56436,1.813861
19,71,1786548176.85963,0,1,44.827866,-13.138761,34.416985,-13.474756,-5.006324,-0.006746,5.006328,-1.301904,-0.040251,1.302527,-3.140245,10.416302,1.771279
19,72,1786548176.89962,0,1,44.626277,-13.139287,34.364933,-13.476323,-5.03973,-0.013141,5.039747,-1.301296,-0.039171,1.301886,-3.138985,10.266878,1.731815
19,73,1786548176.93966,0,1,44.423394,-13.140055,34.312901,-13.477848,-5.072092,-0.0192,5.072128,-1.300802,-0.038144,1.301361,-3.137807,10.116134,1.696659
19,74,1786548176.9797,0,1,44.219257,-13.140731,34.260885,-13.479335,-5.103423,-0.016917,5.103451,-1.300413,-0.037166,1.300944,-3.138278,9.964127,1.757486
19,75,1786548177.01966,0,1,44.013909,-13.141435,34.20888,-13.480784,-5.133699,-0.017579,5.13373,-1.30012,-0.036234,1.300624,-3.138168,9.810899,1.786004
19,76,1786548177.05961,0,1,43.80739,-13.142002,34.156883,-13.482198,-5.162959,-0.014173,5.162978,-1.299915,-0.035344,1.300396,-3.138847,9.656501,1.861649
19,77,1786548177.09956,0,1,43.599742,-13.142443,34.104892,-13.483578,-5.191196,-0.011033,5.191208,-1.299793,-0.034494,1.300251,-3.139467,9.500977,1.935893
19,78,1786548177.13959,0,1,43.391006,-13.142647,34.052902,-13.484925,-5.218424,-0.005094,5.218426,-1.299746,-0.033679,1.300182,-3.140616,9.344375,2.043246
19,79,1786548177.17957,0,1,43.18122,-13.142577,34.000911,-13.486241,-5.244639,0.001735,5.24464,-1.299767,-0.032898,1.300184,3.141262,9.186739,2.162809
19,80,1786548177.21956,0,1,42.970426,-13.142133,33.948917,-13.487527,-5.269838,0.011115,5.26985,-1.299853,-0.032147,1.30025,3.139483,9.028119,2.313385
19,81,1786548177.25948,0,1,42.758666,-13.141249,33.896917,-13.488784,-5.29401,0.022097,5.294056,-1.299996,-0.031425,1.300376,3.137419,8.868561,2.48499
19,82,1786548177.2996,0,1,42.545981,-13.139816,33.844909,-13.490013,-5.317133,0.035818,5.317253,-1.300194,-0.03073,1.300557,3.134856,8.708116,2.690726
19,83,1786548177.33956,0,1,42.332413,-13.137747,33.792892,-13.491215,-5.339183,0.05172,5.339434,-1.300441,-0.030059,1.300789,3.131906,8.546834,2.925238
19,84,1786548177.37954,0,1,42.118009,-13.134917,33.740862,-13.492392,-5.360117,0.07076,5.360584,-1.300734,-0.02941,1.301066,3.128392,8.38477,3.199807
19,85,1786548177.41958,0,1,41.902813,-13.131218,33.68882,-13.493543,-5.379896,0.092467,5.380691,-1.301068,-0.028783,1.301387,3.124407,8.221981,3.510392
19,86,1786548177.45955,0,1,41.686875,-13.126507,33.636762,-13.49467,-5.398449,0.117767,5.399733,-1.301442,-0.028175,1.301747,3.119781,8.058527,3.868244
19,87,1786548177.49954,0,1,41.470246,-13.120669,33.584688,-13.495774,-5.415726,0.14596,5.417692,-1.30185,-0.027585,1.302142,3.114648,7.894475,4.267233
19,88,1786548177.53952,0,1,41.252981,-13.113544,33.532596,-13.496854,-5.431626,0.17812,5.434546,-1.302291,-0.027012,1.302571,3.108811,7.729894,4.720583
19,89,1786548177.57948,0,1,41.035136,-13.105036,33.480486,-13.497912,-5.446122,0.212698,5.450274,-1.302763,-0.026454,1.303031,3.102558,7.564859,5.213498
19,90,1786548177.6195,0,1,40.816774,-13.094968,33.428355,-13.498949,-5.459058,0.251706,5.464858,-1.303261,-0.025911,1.303519,3.095517,7.399454,5.769594
19,91,1786548177.65961,0,1,40.597951,-13.083341,33.376204,-13.499964,-5.470569,0.290673,5.478286,-1.303786,-0.025381,1.304033,3.088509,7.233754,6.343222
19,92,1786548177.69959,0,1,40.378744,-13.069845,33.324031,-13.500958,-5.480168,0.337407,5.490545,-1.304333,-0.024864,1.30457,3.080102,7.067874,7.020173
19,93,1786548177.73968,0,1,40.159179,-13.055006,33.271834,-13.501933,-5.489127,0.370986,5.501649,-1.304902,-0.024358,1.30513,3.07411,6.90183,7.579274
19,94,1786548177.77942,0,1,39.93945,-13.037043,33.219615,-13.502887,-5.493236,0.44906,5.51156,-1.305491,-0.023862,1.305709,3.060026,6.735962,8.639022
19,95,1786548177.81945,0,1,39.719229,-13.020796,33.167371,-13.503822,-5.505509,0.406179,5.520472,-1.306098,-0.023377,1.306307,3.067949,6.569639,8.435881
19,96,1786548177.85961,0,1,39.499096,-13.000005,33.115102,-13.504738,-5.503336,0.519781,5.527828,-1.306722,-0.022901,1.306923,3.047424,6.403915,9.916017
19,97,1786548177.8996,0,1,39.278666,-12.979538,33.062808,-13.505636,-5.510733,0.511666,5.534436,-1.307361,-0.022433,1.307554,3.049009,6.238083,10.142508
19,98,1786548177.93962,0,1,39.058541,-12.954146,33.01049,-13.506512,-5.503146,0.634797,5.539638,-1.30795,-0.021919,1.308134,3.026749,6.073222,11.79841
19,99,1786548177.97957,0,1,38.838064,-12.930098,32.95815,-13.507367,-5.511912,0.601195,5.544602,-1.308494,-0.021361,1.308668,3.03295,5.908183,11.831875
19,100,1786548178.0196,0,1,38.618036,-12.901126,32.90579,-13.508197,-5.500699,0.724305,5.54818,-1.308995,-0.020763,1.309159,3.010671,5.744414,13.567637
19,101,1786548178.05959,0,1,38.397691,-12.873499,32.853412,-13.509003,-5.508638,0.690674,5.551767,-1.309457,-0.02013,1.309611,3.016863,5.580582,13.68535
19,102,1786548178.09962,0,1,38.177928,-12.840954,32.801016,-13.509781,-5.494079,0.813621,5.553997,-1.309883,-0.019462,1.310028,2.994571,5.418349,15.514264
19,103,1786548178.1396,0,1,37.957868,-12.809756,32.748605,-13.510532,-5.501499,0.779969,5.556514,-1.310277,-0.018765,1.310411,3.000757,5.256187,15.730991
19,104,1786548178.17961,0,1,37.737439,-12.780888,32.69618,-13.511253,-5.510709,0.721681,5.557764,-1.31064,-0.018039,1.310764,3.011374,5.093891,15.704487
19,105,1786548178.2196,0,1,37.517574,-12.748096,32.643741,-13.511945,-5.49664,0.819817,5.557441,-1.310975,-0.017288,1.311089,2.993535,4.933327,17.390253
19,106,1786548178.25965,0,1,37.298491,-12.710407,32.591289,-13.512605,-5.477053,0.942206,5.557505,-1.311285,-0.016514,1.311389,2.971232,4.775068,19.43233
19,107,1786548178.2996,0,1,37.079142,-12.674068,32.538827,-13.513234,-5.483737,0.908484,5.558481,-1.311571,-0.015719,1.311665,2.977415,4.617214,19.878233
19,108,1786548178.33959,0,1,36.859417,-12.640059,32.486353,-13.51383,-5.493113,0.850223,5.558522,-1.311835,-0.014905,1.31192,2.988031,4.459503,20.097743
19,109,1786548178.37944,0,1,36.640381,-12.602144,32.43387,-13.514393,-5.475907,0.947875,5.557339,-1.312079,-0.014073,1.312155,2.970192,4.304293,22.056568
19,110,1786548178.41959,0,1,36.420959,-12.566557,32.381378,-13.514922,-5.485558,0.889671,5.557235,-1.312305,-0.013225,1.312372,2.980808,4.149411,22.424216
19,111,1786548178.45956,0,1,36.201068,-12.534285,32.328877,-13.515417,-5.497281,0.80681,5.556172,-1.312514,-0.012363,1.312573,2.995868,3.994556,22.567733
19,112,1786548178.4996,0,1,35.98172,-12.499087,32.276369,-13.515876,-5.483681,0.879961,5.553836,-1.312708,-0.011488,1.312758,2.98248,3.842329,24.461354
19,113,1786548178.53959,0,1,35.761911,-12.467201,32.223853,-13.5163,-5.495237,0.797138,5.552752,-1.312887,-0.010602,1.31293,2.997538,3.69032,24.769808
19,114,1786548178.57966,0,1,35.542629,-12.432389,32.171331,-13.516688,-5.482052,0.870307,5.550705,-1.313053,-0.009705,1.313089,2.984151,3.541377,26.849936
19,115,1786548178.61959,0,1,35.322862,-12.400884,32.118803,-13.51704,-5.494162,0.787622,5.55033,-1.313207,-0.008799,1.313237,2.999207,3.392905,27.364263
19,116,1786548178.65961,0,1,35.103574,-12.366446,32.066269,-13.517356,-5.482217,0.860952,5.549409,-1.31335,-0.007884,1.313374,2.98582,3.248048,29.678033
19,117,1786548178.6996,0,1,34.883746,-12.335306,32.01373,-13.517634,-5.495692,0.778484,5.550556,-1.313482,-0.006963,1.313501,3.000875,3.104012,30.452137
19,118,1786548178.73968,0,1,34.663309,-12.308455,31.961185,-13.517876,-5.510923,0.671279,5.551656,-1.313606,-0.006034,1.313619,3.020381,2.960434,31.057318
19,119,1786548178.77958,0,1,34.443086,-12.279627,31.908637,-13.51808,-5.505589,0.720703,5.55256,-1.31372,-0.0051,1.31373,3.011429,2.82085,33.500172
19,120,1786548178.81958,0,1,34.222216,-12.255087,31.856084,-13.518246,-5.521736,0.613516,5.555715,-1.313826,-0.004162,1.313833,3.030937,2.682192,34.435613
19,121,1786548178.85949,0,1,34.001436,-12.228553,31.803527,-13.518375,-5.519498,0.663327,5.559214,-1.313925,-0.003219,1.313929,3.021987,2.54842,37.258997
19,122,1786548178.89943,0,1,33.779944,-12.20631,31.750966,-13.518466,-5.537297,0.556075,5.565148,-1.314018,-0.002272,1.31402,3.041505,2.4163,38.625666
19,123,1786548178.93961,0,1,33.557713,-12.189369,31.698402,-13.518522,-5.55579,0.423531,5.57191,-1.314102,-0.001404,1.314103,3.065507,2.285538,39.918937
19,124,1786548178.97955,0,1,33.334809,-12.178759,31.645836,-13.519121,-5.572599,0.265265,5.578909,-1.314153,-0.014971,1.314238,3.094027,2.156201,41.160697
19,125,1786548179.0195,0,1,33.111616,-12.168124,31.59327,-13.520032,-5.579818,0.265867,5.586148,-1.314153,-0.022775,1.31435,3.093981,2.032986,44.409249
19,126,1786548179.05965,0,1,32.887857,-12.163861,31.540716,-13.521177,-5.593964,0.106581,5.594979,-1.313836,-0.028619,1.314148,3.122542,1.912354,46.307072
19,127,1786548179.09959,0,1,32.663685,-12.164461,31.488178,-13.522452,-5.604312,-0.015005,5.604332,-1.313444,-0.031887,1.313831,-3.138915,1.796095,48.966419
19,128,1786548179.13959,0,1,32.439134,-12.167671,31.43565,-13.523749,-5.613772,-0.080244,5.614346,-1.313197,-0.032426,1.313597,-3.1273,1.686988,52.680017
19,129,1786548179.17962,0,1,32.214385,-12.178281,31.383132,-13.525021,-5.618722,-0.265265,5.62498,-1.312955,-0.031789,1.31334,-3.094417,1.582621,55.612735
19,130,1786548179.21957,0,1,31.989252,-12.189862,31.330615,-13.526208,-5.62832,-0.289511,5.635761,-1.312938,-0.029682,1.313274,-3.0902,1.489841,60.818342
19,131,1786548179.25957,0,1,31.763897,-12.204969,31.278094,-13.527291,-5.633882,-0.377678,5.646527,-1.313015,-0.02707,1.313294,-3.074656,1.408737,65.992166
19,132,1786548179.29968,0,1,31.538165,-12.220687,31.225568,-13.528264,-5.643302,-0.392967,5.656967,-1.313145,-0.024321,1.31337,-3.072071,1.344423,72.571574
19,133,1786548179.33967,0,1,31.312384,-12.240804,31.173037,-13.529131,-5.644522,-0.502926,5.666883,-1.313282,-0.02169,1.313461,-3.052727,1.295841,78.735211
19,134,1786548179.3797,0,1,31.086187,-12.260455,31.1205,-13.5299,-5.65493,-0.491266,5.676229,-1.313415,-0.019231,1.313556,-3.054936,1.269909,86.583303
19,135,1786548179.41969,0,1,30.859713,-12.28091,31.067959,-13.530579,-5.66186,-0.511361,5.684905,-1.313538,-0.01696,1.313648,-3.05152,1.266902,94.300132
19,136,1786548179.45949,0,1,30.633059,-12.302893,31.015413,-13.531174,-5.66635,-0.549597,5.692941,-1.313651,-0.014868,1.313735,-3.044902,1.286416,101.750996
19,137,1786548179.4996,0,1,30.406028,-12.324051,30.962863,-13.531691,-5.675758,-0.528948,5.700352,-1.313754,-0.012941,1.313818,-3.048667,1.329834,109.429846
19,138,1786548179.53962,0,1,30.179226,-12.350032,30.910309,-13.532138,-5.670066,-0.649505,5.707145,-1.313848,-0.011168,1.313896,-3.02754,1.389913,115.200306
19,139,1786548179.57959,0,1,29.951988,-12.374347,30.857751,-13.532519,-5.680939,-0.607875,5.713369,-1.313934,-0.009537,1.313968,-3.034996,1.470296,121.920067
19,140,1786548179.61968,0,1,29.724378,-12.397248,30.805191,-13.532841,-5.690256,-0.572524,5.718986,-1.314012,-0.008036,1.314037,-3.041315,1.567715,127.838711
19,141,1786548179.65967,0,1,29.49702,-12.424298,30.752628,-13.533107,-5.683945,-0.676254,5.724032,-1.314083,-0.006657,1.3141,-3.023173,1.675115,131.767792
19,142,1786548179.69963,0,1,29.269213,-12.448992,30.700062,-13.533323,-5.695178,-0.617357,5.728541,-1.314148,-0.005389,1.314159,-3.033614,1.7953,136.657597
19,143,1786548179.73954,0,1,29.041734,-12.477837,30.647493,-13.533492,-5.686962,-0.721129,5.732501,-1.314206,-0.004225,1.314213,-3.015462,1.921684,139.451611
19,144,1786548179.7795,0,1,28.81383,-12.504322,30.594923,-13.533618,-5.69761,-0.662124,5.735954,-1.31426,-0.003156,1.314263,-3.025901,2.05712,143.347674
19,145,1786548179.81947,0,1,28.586127,-12.533428,30.542351,-13.533705,-5.692566,-0.727646,5.738883,-1.314308,-0.002176,1.314309,-3.014458,2.197126,145.633677
19,146,1786548179.85943,0,1,28.357987,-12.559744,30.489777,-13.533756,-5.70351,-0.657896,5.741328,-1.314351,-0.001276,1.314352,-3.026751,2.343764,148.864442
19,147,1786548179.89943,0,1,28.130228,-12.589786,30.437201,-13.533774,-5.693967,-0.751048,5.743286,-1.31439,-0.000453,1.314391,-3.010447,2.492637,150.232072
19,148,1786548179.93945,0,1,27.902058,-12.617033,30.384624,-13.533765,-5.704256,-0.681175,5.744784,-1.314438,0.000234,1.314438,-3.02274,2.646418,152.922677
19,149,1786548179.97943,0,1,27.674157,-12.647153,30.332044,-13.533733,-5.697515,-0.753006,5.74706,-1.314493,0.000795,1.314493,-3.01019,2.801854,154.024258
19,150,1786548180.01948,0,1,27.445754,-12.674246,30.279462,-13.533683,-5.710075,-0.677338,5.750108,-1.314555,0.001239,1.314556,-3.023523,2.96117,156.363036
19,151,1786548180.05957,0,1,27.216751,-12.697254,30.226877,-13.53362,-5.725077,-0.575188,5.753898,-1.314624,0.001576,1.314625,-3.04146,3.124158,158.734839
19,152,1786548180.09946,0,1,26.987827,-12.722724,30.174289,-13.533548,-5.723121,-0.636743,5.758433,-1.314699,0.001814,1.3147,-3.03079,3.288005,159.375049
19,153,1786548180.13948,0,1,26.758588,-12.747248,30.121698,-13.533469,-5.730962,-0.613101,5.763663,-1.314779,0.001961,1.31478,-3.035017,3.453788,160.735497
19,154,1786548180.17948,0,1,26.529248,-12.773015,30.069103,-13.533389,-5.733511,-0.644195,5.769587,-1.314864,0.002024,1.314866,-3.029706,3.6206,161.466245
19,155,1786548180.21941,0,1,26.299246,-12.794977,30.016505,-13.533308,-5.750032,-0.54905,5.776186,-1.314954,0.00201,1.314955,-3.046395,3.789874,163.311549
19,156,1786548180.25946,0,1,26.069234,-12.819713,29.963903,-13.533231,-5.750297,-0.61839,5.783453,-1.315048,0.001924,1.315049,-3.034464,3.959489,163.480298
19,157,1786548180.29946,0,1,25.838527,-12.840633,29.911297,-13.53316,-5.767689,-0.52299,5.791351,-1.315146,0.001774,1.315147,-3.051164,4.131229,165.168639
19,158,1786548180.33955,0,1,25.607746,-12.864338,29.858687,-13.533098,-5.769526,-0.592635,5.799884,-1.315248,0.001563,1.315249,-3.039233,4.303224,165.194733
19,159,1786548180.37947,0,1,25.376237,-12.884214,29.806073,-13.533046,-5.787724,-0.496909,5.809016,-1.315353,0.001297,1.315353,-3.055947,4.477101,166.760088
19,160,1786548180.41954,0,1,25.144594,-12.906889,29.753455,-13.533007,-5.791071,-0.566871,5.81875,-1.31546,0.00098,1.315461,-3.044016,4.651195,166.672982
19,161,1786548180.45947,0,1,24.91227,-12.926637,29.700832,-13.532982,-5.808107,-0.493688,5.829051,-1.315571,0.000617,1.315571,-3.056797,4.826798,167.92495
19,162,1786548180.4995,0,1,24.67979,-12.949453,29.648204,-13.532973,-5.811996,-0.570412,5.83992,-1.315685,0.000211,1.315685,-3.043762,5.002563,167.69625
19,163,1786548180.53942,0,1,24.446527,-12.968669,29.595572,-13.532983,-5.831579,-0.480398,5.851332,-1.3158,-0.000234,1.3158,-3.0594,5.179876,169.036268
19,164,1786548180.57945,0,1,24.213058,-12.99097,29.542936,-13.533011,-5.836713,-0.557526,5.86328,-1.315918,-0.000716,1.315918,-3.046361,5.357369,168.736696
19,165,1786548180.61945,0,1,23.978772,-13.009654,29.490294,-13.533061,-5.857148,-0.467096,5.875744,-1.316038,-0.00123,1.316039,-3.062013,5.536319,170.015551
19,166,1786548180.65943,0,1,23.744233,-13.03144,29.437648,-13.533132,-5.863473,-0.544647,5.888714,-1.31616,-0.001775,1.316161,-3.04897,5.715476,169.657354
19,167,1786548180.69943,0,1,23.508845,-13.04959,29.384996,-13.533225,-5.884705,-0.453751,5.902173,-1.316284,-0.002346,1.316286,-3.064638,5.89602,170.885718
19,168,1786548180.73955,0,1,23.273159,-13.07086,29.33234,-13.533343,-5.892165,-0.531743,5.91611,-1.316409,-0.002944,1.316412,-3.051591,6.076806,170.478474
19,169,1786548180.77956,0,1,23.036593,-13.088473,29.279679,-13.533486,-5.914139,-0.440332,5.930508,-1.316535,-0.003563,1.31654,-3.067276,6.258926,171.664747
19,170,1786548180.81948,0,1,22.799686,-13.109224,29.227012,-13.533654,-5.922681,-0.518783,5.945359,-1.316663,-0.004204,1.31667,-3.054223,6.441325,171.216041
19,171,1786548180.85946,0,1,22.561909,-13.126807,29.17434,-13.533849,-5.944411,-0.439572,5.960641,-1.316792,-0.004864,1.316801,-3.06778,6.624947,172.248332
19,172,1786548180.89946,0,1,22.32377,-13.147693,29.121664,-13.53407,-5.953494,-0.52215,5.976348,-1.316922,-0.005541,1.316934,-3.054112,6.808865,171.734649
19,173,1786548180.93956,0,1,22.084704,-13.165096,29.068981,-13.534317,-5.976649,-0.435069,5.992464,-1.317059,-0.006176,1.317074,-3.068926,6.99403,172.810401
19,174,1786548180.97948,0,1,21.845294,-13.185839,29.016293,-13.534588,-5.985243,-0.518586,6.007668,-1.317202,-0.006772,1.317219,-3.055164,7.179475,172.263744
19,175,1786548181.01953,0,1,21.605215,-13.20546,28.963599,-13.534881,-6.001969,-0.490507,6.021979,-1.31735,-0.007331,1.317371,-3.060049,7.365754,172.764602
19,176,1786548181.05943,0,1,21.364898,-13.228479,28.910899,-13.535196,-6.007925,-0.575471,6.035423,-1.317504,-0.007857,1.317527,-3.046099,7.552232,172.201014
19,177,1786548181.09947,0,1,21.123801,-13.248432,28.858192,-13.53553,-6.027425,-0.49883,6.048032,-1.317662,-0.008353,1.317688,-3.059021,7.739718,173.143154
19,178,1786548181.13955,0,1,20.882584,-13.272266,28.80548,-13.535882,-6.030441,-0.595857,6.059807,-1.317824,-0.008819,1.317854,-3.043104,7.92728,172.451341
19,179,1786548181.17947,0,1,20.640797,-13.294766,28.75276,-13.536253,-6.044665,-0.562504,6.070781,-1.317991,-0.009259,1.318023,-3.048802,8.115557,172.978336
19,180,1786548181.21941,0,1,20.39905,-13.321664,28.700033,-13.53664,-6.043671,-0.672446,6.080966,-1.318161,-0.009674,1.318196,-3.030784,8.303767,172.167634
19,181,1786548181.2594,0,1,20.15665,-13.345976,28.6473,-13.537042,-6.059995,-0.60781,6.0904,-1.318334,-0.010066,1.318373,-3.041628,8.492799,172.983344
19,182,1786548181.2994,0,1,19.914384,-13.374698,28.59456,-13.53746,-6.05665,-0.718032,6.099063,-1.318511,-0.010438,1.318552,-3.023591,8.681701,172.164761
19,183,1786548181.3394,0,1,19.671723,-13.402775,28.541812,-13.537892,-6.066529,-0.701923,6.107002,-1.31869,-0.010789,1.318734,-3.026401,8.871118,172.527269
19,184,1786548181.3794,0,1,19.429399,-13.435831,28.489057,-13.538336,-6.058095,-0.826408,6.114202,-1.318872,-0.011122,1.318919,-3.006016,9.060238,171.583769
19,185,1786548181.41949,0,1,19.190777,-13.474558,28.436295,-13.538794,-5.965565,-0.968166,6.043618,-1.319057,-0.011438,1.319106,-2.980703,9.245741,170.38363
19,186,1786548181.45948,0,1,18.956196,-13.519898,28.383525,-13.539263,-5.864507,-1.133519,5.973049,-1.319243,-0.011739,1.319295,-2.950662,9.427349,168.942813
19,187,1786548181.49948,0,1,18.726079,-13.572714,28.330748,-13.539744,-5.752925,-1.320389,5.902505,-1.319432,-0.012025,1.319487,-2.915984,9.604725,167.270248
19,188,1786548181.53953,0,1,18.500278,-13.631307,28.277963,-13.540236,-5.645032,-1.464817,5.831987,-1.319622,-0.012297,1.31968,-2.887704,9.778109,165.986915
19,189,1786548181.57947,0,1,18.278706,-13.694692,28.22517,-13.540739,-5.539315,-1.584624,5.761514,-1.319815,-0.012557,1.319875,-2.862965,9.947656,164.922601
19,190,1786548181.6194,0,1,18.061458,-13.7627,28.17237,-13.541251,-5.431197,-1.700223,5.691104,-1.320009,-0.012805,1.320071,-2.838209,10.113337,163.87209
19,191,1786548181.65944,0,1,17.848625,-13.835163,28.119562,-13.541772,-5.320828,-1.811574,5.620766,-1.320204,-0.013041,1.320268,-2.813434,10.275127,162.834135
19,192,1786548181.69947,0,1,17.64029,-13.911909,28.066746,-13.542303,-5.20836,-1.918639,5.550513,-1.320401,-0.013268,1.320467,-2.788641,10.433005,161.807591
19,193,1786548181.73948,0,1,17.436532,-13.992765,28.013922,-13.542843,-5.093945,-2.02139,5.480355,-1.320599,-0.013485,1.320668,-2.763829,10.586954,160.791405
19,194,1786548181.77948,0,1,17.237423,-14.077557,27.96109,-13.54339,-4.977735,-2.119801,5.410305,-1.320798,-0.013694,1.320869,-2.738997,10.736963,159.784611
19,195,1786548181.81948,0,1,17.043028,-14.166111,27.90825,-13.543946,-4.859882,-2.213852,5.340374,-1.320998,-0.013894,1.321071,-2.714144,10.883021,158.786312
19,196,1786548181.85946,0,1,16.853406,-14.258252,27.855402,-13.54451,-4.740539,-2.30353,5.270575,-1.321199,-0.014086,1.321274,-2.689271,11.025123,157.795684
19,197,1786548181.89946,0,1,16.668612,-14.353805,27.802546,-13.54508,-4.619859,-2.388826,5.200922,-1.321401,-0.014271,1.321478,-2.664376,11.163267,156.811959
19,198,1786548181.93946,0,1,16.488692,-14.452594,27.749683,-13.545657,-4.497992,-2.469738,5.131427,-1.321573,-0.014407,1.321651,-2.639459,11.297454,155.834433
19,199,1786548181.97946,0,1,16.313688,-14.554445,27.696815,-13.546237,-4.375099,-2.546272,5.062113,-1.321716,-0.014497,1.321795,-2.61452,11.427688,154.862449
19,200,1786548182.01946,0,1,16.143635,-14.659183,27.643941,-13.546818,-4.25133,-2.618437,4.992996,-1.321832,-0.014545,1.321912,-2.589557,11.553978,153.895402
19,201,1786548182.05945,0,1,15.978562,-14.766633,27.591064,-13.5474,-4.126836,-2.686247,4.924093,-1.321925,-0.014555,1.322005,-2.56457,11.676333,152.932718
19,202,1786548182.09946,0,1,15.818491,-14.876622,27.538184,-13.547982,-4.001765,-2.749724,4.855421,-1.321996,-0.014528,1.322076,-2.539558,11.794766,151.973863
20,0,1786548185.68123,0,1,53.28,-13.199968,37.597264,-13.400036,-0.499999,0.000796,0.5,-0.068395,-0.000904,0.068401,3.14,15.684012,0.822147
20,0,1786548185.72123,0,1,53.28,-13.199968,37.591393,-13.40011,-0.499999,0.000796,0.5,-0.146789,-0.001855,0.146801,3.14,15.689884,0.822145
20,1,1786548185.76128,0,1,53.25718,-13.200461,37.582385,-13.400225,-0.570496,-0.012312,0.570629,-0.225183,-0.002854,0.225201,-3.120016,15.676068,0.506119
20,2,1786548185.80128,0,1,53.231534,-13.200903,37.570242,-13.400381,-0.641164,-0.011062,0.64126,-0.303576,-0.003905,0.303601,-3.124342,15.662562,0.258654
20,3,1786548185.8412,0,1,53.203062,-13.201394,37.554964,-13.400581,-0.711784,-0.012272,0.711889,-0.381968,-0.005009,0.382001,-3.124353,15.649366,0.258475
20,4,1786548185.88125,0,1,53.171766,-13.201923,37.536549,-13.400828,-0.782406,-0.013235,0.782518,-0.460359,-0.006171,0.460401,-3.124678,15.636482,0.240285
20,5,1786548185.92127,0,1,53.137645,-13.202499,37.514999,-13.401124,-0.853025,-0.01439,0.853146,-0.53875,-0.007393,0.5388,-3.124725,15.623908,0.238021
20,6,1786548185.96124,0,1,53.100699,-13.203126,37.490314,-13.401471,-0.92364,-0.015668,0.923773,-0.617139,-0.008681,0.6172,-3.124631,15.611646,0.243866
20,7,1786548186.00123,0,1,53.060929,-13.203809,37.462493,-13.401872,-0.994252,-0.017085,0.994399,-0.695527,-0.010038,0.6956,-3.124411,15.599694,0.256977
20,8,1786548186.04122,0,1,53.018335,-13.204555,37.431536,-13.402331,-1.064861,-0.018643,1.065024,-0.773914,-0.01147,0.773999,-3.124087,15.588054,0.276034
20,9,1786548186.08127,0,1,52.972916,-13.205369,37.397552,-13.402848,-1.135465,-0.020346,1.135648,-0.849603,-0.012931,0.849701,-3.123676,15.576616,0.300163
20,10,1786548186.12125,0,1,52.924674,-13.206257,37.360787,-13.403422,-1.206067,-0.022199,1.206271,-0.919116,-0.014352,0.919228,-3.123189,15.565135,0.328686
20,11,1786548186.16129,0,1,52.873607,-13.207225,37.321469,-13.404052,-1.276663,-0.024205,1.276893,-0.982948,-0.015734,0.983074,-3.122635,15.553383,0.36108
20,12,1786548186.20125,0,1,52.819717,-13.20828,37.279807,-13.404735,-1.347256,-0.026368,1.347514,-1.041553,-0.017082,1.041693,-3.122024,15.541151,0.396931
20,13,1786548186.24125,0,1,52.763003,-13.209427,37.235993,-13.405471,-1.417844,-0.028692,1.418134,-1.09535,-0.018397,1.095505,-3.121359,15.528247,0.435904
20,14,1786548186.28132,0,1,52.703466,-13.210674,37.190204,-13.406258,-1.488427,-0.031179,1.488753,-1.144723,-0.019682,1.144892,-3.120648,15.514495,0.477729
20,15,1786548186.32135,0,1,52.641106,-13.212028,37.142603,-13.407096,-1.559004,-0.033835,1.559371,-1.190026,-0.02094,1.190211,-3.119893,15.49973,0.522181
20,16,1786548186.36134,0,1,52.575923,-13.213494,37.09334,-13.407983,-1.629576,-0.036661,1.629989,-1.231585,-0.022171,1.231785,-3.119099,15.483805,0.56907
20,17,1786548186.40133,0,1,52.507917,-13.215081,37.042552,-13.408918,-1.700143,-0.03966,1.700605,-1.269699,-0.023378,1.269914,-3.118269,15.46658,0.618238
20,18,1786548186.44124,0,1,52.437089,-13.216794,36.990366,-13.4099,-1.770703,-0.042836,1.771221,-1.304644,-0.024563,1.304875,-3.117406,15.44793,0.669548
20,19,1786548186.48121,0,1,52.363439,-13.218642,36.936899,-13.410929,-1.841256,-0.04619,1.841835,-1.336673,-0.025727,1.336921,-3.116512,15.427738,0.72288
20,20,1786548186.52126,0,1,52.286967,-13.220631,36.882258,-13.412004,-1.911803,-0.049725,1.912449,-1.36602,-0.026872,1.366284,-3.115589,15.405897,0.77813
20,21,1786548186.56122,0,1,52.207673,-13.222768,36.826542,-13.413124,-1.982342,-0.053442,1.983062,-1.392899,-0.027998,1.39318,-3.11464,15.382308,0.835208
20,22,1786548186.60121,0,1,52.125558,-13.225062,36.769842,-13.414289,-2.052874,-0.057344,2.053674,-1.417508,-0.029107,1.417806,-3.113667,15.356882,0.894031
20,23,1786548186.6412,0,1,52.040622,-13.227519,36.712242,-13.415491,-2.123397,-0.061431,2.124286,-1.44,-0.030069,1.440314,-3.11267,15.329533,0.954545
20,24,1786548186.6812,0,1,51.952866,-13.230155,36.65382,-13.416727,-2.193907,-0.065895,2.194896,-1.460547,-0.030894,1.460873,-3.111566,15.300183,1.021705
20,25,1786548186.72121,0,1,51.86229,-13.232977,36.594648,-13.417991,-2.264406,-0.070548,2.265505,-1.479302,-0.031593,1.479639,-3.110447,15.268762,1.090214
20,26,1786548186.76126,0,1,51.768894,-13.235994,36.534792,-13.419278,-2.334894,-0.075436,2.336113,-1.496409,-0.032177,1.496755,-3.109296,15.235205,1.161172
20,27,1786548186.80124,0,1,51.672679,-13.239217,36.474312,-13.420584,-2.405371,-0.080553,2.406719,-1.512001,-0.032654,1.512354,-3.108116,15.199449,1.234355
20,28,1786548186.84126,0,1,51.573646,-13.242653,36.413264,-13.421905,-2.475835,-0.085906,2.477325,-1.526199,-0.033032,1.526556,-3.106909,15.161442,1.309828
20,29,1786548186.88122,0,1,51.471806,-13.246312,36.351699,-13.423238,-2.546,-0.091489,2.547643,-1.539113,-0.03332,1.539474,-3.105674,15.121141,1.387594
20,30,1786548186.92133,0,1,51.367249,-13.250202,36.289665,-13.424579,-2.61391,-0.097231,2.615717,-1.550847,-0.033525,1.55121,-3.104412,15.078592,1.467672
20,31,1786548186.96134,0,1,51.260064,-13.254327,36.227206,-13.425925,-2.679623,-0.103131,2.681607,-1.561495,-0.033653,1.561858,-3.103124,15.033838,1.550071
20,32,1786548187.00123,0,1,51.150336,-13.258694,36.16436,-13.427274,-2.7432,-0.10918,2.745372,-1.571145,-0.03371,1.571506,-3.101813,14.986925,1.634683
20,33,1786548187.04126,0,1,51.038148,-13.263309,36.101165,-13.428622,-2.804696,-0.115371,2.807068,-1.579875,-0.033702,1.580234,-3.100481,14.937898,1.721439
20,34,1786548187.08127,0,1,50.923582,-13.268177,36.037654,-13.429967,-2.864168,-0.121695,2.866752,-1.587759,-0.033634,1.588115,-3.099129,14.886807,1.810263
20,35,1786548187.12122,0,1,50.806715,-13.273302,35.97386,-13.431307,-2.921669,-0.128145,2.924478,-1.594866,-0.033511,1.595218,-3.09776,14.833697,1.901086
20,36,1786548187.16126,0,1,50.687625,-13.278691,35.909809,-13.432641,-2.977253,-0.134712,2.980299,-1.601257,-0.033337,1.601604,-3.096376,14.778617,1.993842
20,37,1786548187.20125,0,1,50.566386,-13.284347,35.84553,-13.433966,-3.030969,-0.141388,3.034265,-1.606989,-0.033117,1.60733,-3.094979,14.721616,2.088466
20,38,1786548187.24129,0,1,50.443071,-13.290273,35.781045,-13.43528,-3.082869,-0.148163,3.086427,-1.612116,-0.032854,1.612451,-3.093569,14.662743,2.184897
20,39,1786548187.28125,0,1,50.317751,-13.296474,35.716378,-13.436582,-3.133001,-0.155029,3.136834,-1.616685,-0.032552,1.617013,-3.09215,14.602046,2.283076
20,40,1786548187.32127,0,1,50.190495,-13.302953,35.651548,-13.43787,-3.181411,-0.161977,3.185532,-1.620742,-0.032214,1.621062,-3.090723,14.539573,2.382945
20,41,1786548187.36128,0,1,50.061369,-13.309713,35.586575,-13.439144,-3.228147,-0.168997,3.232568,-1.624327,-0.031842,1.624639,-3.089289,14.475373,2.48445
20,42,1786548187.40127,0,1,49.930439,-13.316756,35.521476,-13.440402,-3.273253,-0.176081,3.277986,-1.627478,-0.031441,1.627782,-3.087851,14.409493,2.587538
20,43,1786548187.44128,0,1,49.797768,-13.324085,35.456267,-13.441642,-3.316773,-0.183218,3.32183,-1.63023,-0.031011,1.630525,-3.086409,14.341983,2.692159
20,44,1786548187.48126,0,1,49.663418,-13.331701,35.390962,-13.442864,-3.358749,-0.190401,3.364142,-1.632614,-0.030556,1.6329,-3.084965,14.272889,2.798266
20,45,1786548187.52124,0,1,49.527449,-13.339606,35.325576,-13.444068,-3.399224,-0.19762,3.404963,-1.634661,-0.030077,1.634937,-3.083521,14.202257,2.905814
20,46,1786548187.56125,0,1,49.38992,-13.347801,35.26012,-13.445251,-3.438236,-0.204866,3.444334,-1.636396,-0.029577,1.636663,-3.082078,14.130136,3.01476
20,47,1786548187.6013,0,1,49.250886,-13.356286,35.194606,-13.446413,-3.475827,-0.21213,3.482294,-1.637846,-0.029058,1.638103,-3.080638,14.056569,3.125067
20,48,1786548187.64133,0,1,49.110405,-13.365062,35.129014,-13.447541,-3.512033,-0.219404,3.51888,-1.639811,-0.028192,1.640053,-3.079202,13.981635,3.236751
20,49,1786548187.68133,0,1,48.968506,-13.373743,35.063324,-13.448621,-3.547473,-0.21702,3.554104,-1.64225,-0.027007,1.642472,-3.080493,13.905384,3.192227
20,50,1786548187.72132,0,1,48.825252,-13.382468,34.997519,-13.449642,-3.581365,-0.21814,3.588002,-1.645126,-0.025529,1.645324,-3.080758,13.827896,3.207229
20,51,1786548187.76126,0,1,48.680685,-13.39111,34.931583,-13.450593,-3.614157,-0.216039,3.620608,-1.648403,-0.023782,1.648574,-3.081888,13.749231,3.172949
20,52,1786548187.80126,0,1,48.534859,-13.399685,34.865501,-13.451465,-3.645659,-0.214369,3.651956,-1.652049,-0.021789,1.652193,-3.082859,13.669456,3.148148
20,53,1786548187.84124,0,1,48.387818,-13.40813,34.799259,-13.452248,-3.676023,-0.211141,3.682082,-1.656035,-0.019569,1.656151,-3.084218,13.588631,3.101287
20,54,1786548187.88124,0,1,48.23961,-13.416433,34.732846,-13.452933,-3.705207,-0.207574,3.711016,-1.660334,-0.017141,1.660422,-3.085629,13.506813,3.051646
20,55,1786548187.92126,0,1,48.090279,-13.424553,34.666249,-13.453514,-3.733279,-0.202986,3.738793,-1.66492,-0.014524,1.664984,-3.087274,13.424061,2.988612
20,56,1786548187.96127,0,1,47.939869,-13.432468,34.599458,-13.453984,-3.760241,-0.197878,3.765444,-1.669771,-0.011732,1.669812,-3.089017,13.340428,2.919931
20,57,1786548188.00125,0,1,47.788424,-13.440147,34.532464,-13.454335,-3.786135,-0.191986,3.790999,-1.674865,-0.008781,1.674888,-3.090928,13.255968,2.84152
20,58,1786548188.04124,0,1,47.635985,-13.44757,34.465256,-13.454562,-3.810974,-0.185564,3.815489,-1.680183,-0.005685,1.680193,-3.092939,13.17073,2.757229
20,59,1786548188.08122,0,1,47.482593,-13.45471,34.397828,-13.45466,-3.834792,-0.178501,3.838944,-1.685707,-0.002457,1.685709,-3.095079,13.084765,2.665279
20,60,1786548188.12126,0,1,47.328289,-13.461548,34.330171,-13.454625,-3.857605,-0.170956,3.861391,-1.69142,0.000893,1.691421,-3.097305,12.998119,2.568011
20,61,1786548188.16126,0,1,47.173111,-13.468063,34.262279,-13.454451,-3.879442,-0.162876,3.88286,-1.697308,0.004352,1.697314,-3.099633,12.910839,2.464527
20,62,1786548188.20124,0,1,47.017098,-13.474238,34.194145,-13.454134,-3.900323,-0.154382,3.903377,-1.703356,0.007912,1.703375,-3.102032,12.822969,2.356514
20,63,1786548188.24123,0,1,46.860287,-13.480056,34.125763,-13.453672,-3.920272,-0.145441,3.922969,-1.709552,0.011561,1.709591,-3.10451,12.734552,2.243397
20,64,1786548188.28122,0,1,46.702715,-13.485502,34.057127,-13.45306,-3.939308,-0.136158,3.941661,-1.715883,0.015293,1.715951,-3.107042,12.645629,2.126579
20,65,1786548188.32122,0,1,46.544417,-13.490563,33.988234,-13.452296,-3.957457,-0.126506,3.959479,-1.722339,0.019098,1.722445,-3.109637,12.556241,2.005532
20,66,1786548188.36133,0,1,46.385427,-13.495226,33.919077,-13.451377,-3.974738,-0.116583,3.976447,-1.72891,0.02297,1.729063,-3.11227,12.466427,1.881591
20,67,1786548188.40127,0,1,46.22578,-13.49948,33.849654,-13.450301,-3.991172,-0.106353,3.992589,-1.735587,0.026902,1.735795,-3.114952,12.376224,1.754071
20,68,1786548188.44125,0,1,46.065509,-13.503317,33.78014,-13.449069,-4.00678,-0.095926,4.007928,-1.737856,0.030807,1.738129,-3.117656,12.285489,1.624455
20,69,1786548188.48121,0,1,45.904646,-13.506727,33.710628,-13.447681,-4.021583,-0.085235,4.022486,-1.737782,0.0347,1.738129,-3.120401,12.194161,1.491606
20,70,1786548188.52138,0,1,45.743222,-13.509704,33.64112,-13.446136,-4.035599,-0.074433,4.036286,-1.7377,0.038615,1.738129,-3.123151,12.102269,1.357593
20,71,1786548188.56137,0,1,45.581268,-13.512244,33.571616,-13.444434,-4.048849,-0.063492,4.049347,-1.737608,0.042547,1.738129,-3.125912,12.009843,1.221913
20,72,1786548188.60131,0,1,45.418814,-13.514335,33.502116,-13.442575,-4.061354,-0.052299,4.061691,-1.737507,0.046488,1.738129,-3.128716,11.916914,1.082791
20,73,1786548188.64134,0,1,45.255888,-13.515983,33.432619,-13.440585,-4.07313,-0.041185,4.073338,-1.737417,0.049746,1.738129,-3.131482,11.82351,0.944696
20,74,1786548188.68146,0,1,45.092501,-13.518367,33.363125,-13.43849,-4.084683,-0.059603,4.085118,-1.737339,0.052378,1.738129,-3.127002,11.729648,1.226168
20,75,1786548188.72147,0,1,44.928625,-13.519622,33.293634,-13.436313,-4.096902,-0.031373,4.097022,-1.737276,0.054437,1.738129,-3.133935,11.635289,0.848997
20,76,1786548188.76148,0,1,44.764294,-13.522802,33.224145,-13.434074,-4.108284,-0.079499,4.109053,-1.737227,0.055971,1.738129,-3.122244,11.54049,1.54911
20,77,1786548188.80141,0,1,44.599448,-13.523572,33.154658,-13.431793,-4.121155,-0.019247,4.1212,-1.737193,0.057024,1.738129,-3.136922,11.445158,0.727042
20,78,1786548188.84141,0,1,44.434134,-13.526429,33.085171,-13.429487,-4.13285,-0.071435,4.133467,-1.737173,0.057636,1.738129,-3.12431,11.349377,1.479642
20,79,1786548188.88136,0,1,44.268304,-13.527576,33.015684,-13.427174,-4.145742,-0.028664,4.145841,-1.737166,0.057843,1.738129,-3.134679,11.253068,0.907354
20,80,1786548188.92136,0,1,44.102006,-13.53098,32.946197,-13.424866,-4.157456,-0.085102,4.158327,-1.737171,0.05768,1.738129,-3.121126,11.156313,1.717649
20,81,1786548188.96139,0,1,43.935173,-13.532097,32.87671,-13.422579,-4.170825,-0.027932,4.170918,-1.737188,0.057176,1.738129,-3.134896,11.059005,0.951121
20,82,1786548189.00137,0,1,43.767862,-13.535487,32.807221,-13.420325,-4.182754,-0.084752,4.183613,-1.737215,0.05636,1.738129,-3.121333,10.961246,1.762755
20,83,1786548189.04134,0,1,43.600012,-13.536856,32.737731,-13.418115,-4.196266,-0.034212,4.196406,-1.73725,0.055256,1.738129,-3.13344,10.86293,1.093419
20,84,1786548189.08135,0,1,43.431681,-13.540575,32.668239,-13.415959,-4.208269,-0.092979,4.209296,-1.737293,0.053888,1.738129,-3.119502,10.764163,1.929035
20,85,1786548189.12138,0,1,43.262796,-13.542046,32.598746,-13.413868,-4.222121,-0.036782,4.222281,-1.737342,0.052278,1.738129,-3.132881,10.664821,1.187769
20,86,1786548189.16143,0,1,43.093425,-13.545887,32.52925,-13.41185,-4.234269,-0.096013,4.235358,-1.737396,0.050445,1.738129,-3.118921,10.565026,2.025895
20,87,1786548189.20133,0,1,42.923495,-13.547793,32.459752,-13.409914,-4.248255,-0.047664,4.248522,-1.737454,0.048406,1.738129,-3.130374,10.464652,1.397743
20,88,1786548189.24138,0,1,42.75308,-13.552161,32.390251,-13.408067,-4.260373,-0.109204,4.261772,-1.737515,0.046179,1.738129,-3.115966,10.363831,2.264953
20,89,1786548189.28137,0,1,42.58209,-13.554321,32.320748,-13.406316,-4.274767,-0.053998,4.275108,-1.737577,0.043777,1.738129,-3.128961,10.262409,1.550068
20,90,1786548189.32137,0,1,42.410612,-13.558962,32.251242,-13.404667,-4.286952,-0.116007,4.288521,-1.73764,0.041215,1.738129,-3.114539,10.160541,2.420186
20,91,1786548189.36137,0,1,42.238548,-13.56138,32.181734,-13.403127,-4.30159,-0.06045,4.302014,-1.737702,0.038506,1.738129,-3.127541,10.058059,1.706649
20,92,1786548189.40146,0,1,42.065995,-13.566297,32.112224,-13.401701,-4.313829,-0.122935,4.31558,-1.737763,0.03566,1.738129,-3.113103,9.955132,2.579725
20,93,1786548189.44149,0,1,41.892847,-13.568978,32.042711,-13.400393,-4.328701,-0.067022,4.32922,-1.737821,0.032688,1.738129,-3.126111,9.851578,1.867568
20,94,1786548189.48147,0,1,41.719208,-13.574177,31.973196,-13.399209,-4.34098,-0.129988,4.342926,-1.737877,0.029601,1.738129,-3.111657,9.747582,2.743679
20,95,1786548189.52146,0,1,41.544964,-13.577126,31.903679,-13.398153,-4.356076,-0.073715,4.3567,-1.737928,0.026407,1.738129,-3.124672,9.642947,2.032959
20,96,1786548189.56145,0,1,41.370229,-13.582613,31.834165,-13.397228,-4.368381,-0.137168,4.370534,-1.737844,0.023112,1.737997,-3.110203,9.537866,2.91221
20,97,1786548189.60145,0,1,41.194882,-13.585834,31.76467,-13.396439,-4.383689,-0.080532,4.384429,-1.737383,0.019722,1.737495,-3.123224,9.432114,2.203012
20,98,1786548189.64136,0,1,41.019041,-13.591613,31.695191,-13.39578,-4.396004,-0.144476,4.398378,-1.736965,0.016474,1.737043,-3.108739,9.325907,3.085593
20,99,1786548189.68133,0,1,40.842603,-13.595111,31.625728,-13.395246,-4.410955,-0.087463,4.411822,-1.736586,0.013358,1.736637,-3.121767,9.219042,2.378188
20,100,1786548189.72133,0,1,40.665695,-13.600512,31.556278,-13.394832,-4.422709,-0.135005,4.424769,-1.736244,0.010365,1.736275,-3.111077,9.111739,3.041887
20,101,1786548189.76139,0,1,40.48823,-13.60346,31.48684,-13.394532,-4.43662,-0.073717,4.437232,-1.735935,0.007486,1.735951,-3.124979,9.003814,2.281547
20,102,1786548189.80138,0,1,40.310335,-13.608583,31.417414,-13.394344,-4.447378,-0.128059,4.449221,-1.735657,0.004713,1.735663,-3.112806,8.895501,3.029381
20,103,1786548189.8414,0,1,40.131924,-13.611176,31.347998,-13.394262,-4.460271,-0.064844,4.460742,-1.735407,0.002038,1.735408,-3.127056,8.786604,2.247514
20,104,1786548189.88141,0,1,39.953107,-13.615612,31.278591,-13.394284,-4.470433,-0.11089,4.471808,-1.735183,-0.000545,1.735183,-3.116793,8.677339,2.882513
20,105,1786548189.92142,0,1,39.773819,-13.617376,31.209191,-13.394406,-4.482203,-0.044096,4.48242,-1.734984,-0.003043,1.734986,-3.131755,8.567529,2.054948
20,106,1786548189.96139,0,1,39.59416,-13.621411,31.139799,-13.394624,-4.491463,-0.100878,4.492596,-1.734806,-0.005462,1.734815,-3.119136,8.457402,2.823231
20,107,1786548190.00147,0,1,39.414072,-13.622758,31.070413,-13.394936,-4.502199,-0.033677,4.502324,-1.734649,-0.007807,1.734666,-3.134113,8.346769,1.992632
20,108,1786548190.04139,0,1,39.233644,-13.626385,31.001033,-13.39534,-4.510717,-0.090684,4.511628,-1.73451,-0.010082,1.734539,-3.121491,8.235852,2.759291
20,109,1786548190.08147,0,1,39.052826,-13.62731,30.931657,-13.395831,-4.520431,-0.023111,4.52049,-1.734389,-0.012294,1.734432,-3.13648,8.124468,1.925591
20,110,1786548190.12139,0,1,38.871698,-13.630523,30.862286,-13.396409,-4.528221,-0.080323,4.528933,-1.734283,-0.014445,1.734343,-3.123856,8.012833,2.690489
20,111,1786548190.16139,0,1,38.690221,-13.631019,30.792918,-13.397071,-4.536916,-0.012413,4.536932,-1.734192,-0.01654,1.734271,-3.138857,7.900767,1.85359
20,112,1786548190.20137,0,1,38.508462,-13.633812,30.723554,-13.397814,-4.543979,-0.069811,4.544515,-1.734115,-0.018582,1.734215,-3.12623,7.788485,2.616566
20,113,1786548190.24139,0,1,38.326396,-13.633876,30.654192,-13.398637,-4.551643,-0.0016,4.551644,-1.73405,-0.020576,1.734172,-3.141241,7.67581,1.776348
20,114,1786548190.28135,0,1,38.144077,-13.636242,30.584832,-13.399538,-4.557967,-0.059164,4.558351,-1.733996,-0.022523,1.734143,-3.128613,7.562951,2.537213
20,115,1786548190.3214,0,1,37.961494,-13.63587,30.515474,-13.400515,-4.564574,0.009312,4.564584,-1.733953,-0.024426,1.734125,3.139553,7.44974,1.693522
20,116,1786548190.36138,0,1,37.778689,-13.637806,30.446117,-13.401567,-4.570128,-0.048399,4.570384,-1.73392,-0.02629,1.734119,-3.131003,7.336377,2.45206
20,117,1786548190.40139,0,1,37.595665,-13.638838,30.376761,-13.402691,-4.575603,-0.025811,4.575676,-1.733896,-0.028114,1.734123,-3.135952,7.222766,2.196807
20,118,1786548190.44129,0,1,37.412485,-13.642618,30.307406,-13.403887,-4.579511,-0.094483,4.580486,-1.733879,-0.029903,1.734137,-3.120964,7.109089,3.106351
20,119,1786548190.48137,0,1,37.2291,-13.644076,30.238051,-13.405154,-4.58462,-0.036463,4.584765,-1.733871,-0.031658,1.73416,-3.133639,6.995131,2.413036
20,120,1786548190.52138,0,1,37.045607,-13.648287,30.168696,-13.406489,-4.587315,-0.105284,4.588523,-1.733869,-0.03338,1.73419,-3.118646,6.881161,3.328512
20,121,1786548190.56139,0,1,36.861949,-13.650174,30.099341,-13.407892,-4.591459,-0.047158,4.591701,-1.733874,-0.035072,1.734229,-3.131322,6.766947,2.64029
20,122,1786548190.60137,0,1,36.678236,-13.654817,30.029986,-13.409361,-4.592835,-0.11608,4.594302,-1.733885,-0.036736,1.734274,-3.116324,6.652779,3.56221
20,123,1786548190.64139,0,1,36.494563,-13.662895,29.960629,-13.410888,-4.591822,-0.201964,4.596261,-1.733909,-0.038176,1.734329,-3.097638,6.538791,4.727184
20,124,1786548190.68131,0,1,36.310783,-13.66932,29.891272,-13.412465,-4.5945,-0.160625,4.597307,-1.733945,-0.039411,1.734392,-3.106647,6.424648,4.293539
20,125,1786548190.7214,0,1,36.127155,-13.679179,29.821912,-13.414083,-4.590702,-0.246466,4.597314,-1.733991,-0.040455,1.734463,-3.087956,6.310813,5.48067
20,126,1786548190.76139,0,1,35.943481,-13.687382,29.75255,-13.415736,-4.591841,-0.205062,4.596417,-1.734049,-0.041325,1.734541,-3.096964,6.196888,5.069429
20,127,1786548190.80129,0,1,35.760073,-13.69901,29.683185,-13.417417,-4.585197,-0.290713,4.594404,-1.734115,-0.042032,1.734624,-3.078275,6.083408,6.280935
20,128,1786548190.84145,0,1,35.577087,-13.714732,29.613818,-13.419121,-4.574662,-0.393038,4.591515,-1.73419,-0.04259,1.734713,-3.055887,5.970591,7.748524
20,129,1786548190.88137,0,1,35.394161,-13.729462,29.544447,-13.420841,-4.573134,-0.368246,4.587936,-1.734273,-0.043011,1.734807,-3.061242,5.85785,7.623763
20,130,1786548190.92139,0,1,35.2113,-13.742528,29.475072,-13.422573,-4.571526,-0.326668,4.583182,-1.734364,-0.043304,1.734904,-3.070257,5.745144,7.279781
20,131,1786548190.9614,0,1,35.028956,-13.758985,29.405694,-13.424313,-4.558618,-0.411415,4.577146,-1.734461,-0.043481,1.735006,-3.051587,5.633212,8.562952
20,132,1786548191.00138,0,1,34.847292,-13.779482,29.336311,-13.426055,-4.541593,-0.51243,4.570411,-1.734564,-0.043549,1.735111,-3.029237,5.522302,10.106926
20,133,1786548191.04139,0,1,34.665806,-13.79897,29.266924,-13.427795,-4.537145,-0.487195,4.563227,-1.734674,-0.043518,1.735219,-3.034623,5.411626,10.061798
20,134,1786548191.08143,0,1,34.485135,-13.822459,29.197533,-13.429531,-4.516782,-0.587237,4.554797,-1.734788,-0.043396,1.735331,-3.012306,5.302181,11.65751
20,135,1786548191.12139,0,1,34.304685,-13.844928,29.128137,-13.431259,-4.511238,-0.561721,4.546075,-1.734907,-0.043189,1.735445,-3.017714,5.193051,11.666626
20,136,1786548191.1614,0,1,34.124436,-13.865719,29.058735,-13.432975,-4.506237,-0.519767,4.536114,-1.735031,-0.042905,1.735561,-3.026756,5.084151,11.462356
20,137,1786548191.20141,0,1,33.945055,-13.889798,28.989329,-13.434677,-4.484518,-0.601983,4.524742,-1.735158,-0.04255,1.73568,-3.008154,4.976581,12.892629
20,138,1786548191.24141,0,1,33.766714,-13.917787,28.919917,-13.436362,-4.458517,-0.699715,4.51309,-1.73529,-0.042129,1.735801,-2.985923,4.870648,14.591686
20,139,1786548191.28142,0,1,33.588684,-13.94473,28.8505,-13.438028,-4.450762,-0.673577,4.501443,-1.735425,-0.041647,1.735925,-2.991393,4.7652,14.70984
20,140,1786548191.3214,0,1,33.410925,-13.969985,28.781078,-13.439672,-4.44398,-0.631372,4.488606,-1.735563,-0.041111,1.73605,-3.000464,4.660119,14.620395
20,141,1786548191.36136,0,1,33.234225,-13.998439,28.71165,-13.441293,-4.417482,-0.711358,4.474391,-1.735704,-0.040524,1.736177,-2.981931,4.556764,16.170944
20,142,1786548191.40141,0,1,33.057837,-14.025201,28.642216,-13.442889,-4.409712,-0.669048,4.460177,-1.735848,-0.039891,1.736306,-2.99102,4.453852,16.139758
20,143,1786548191.44143,0,1,32.882587,-14.055115,28.572776,-13.444458,-4.381248,-0.747852,4.444617,-1.735994,-0.039216,1.736437,-2.972528,4.352858,17.751244
20,144,1786548191.48141,0,1,32.707681,-14.083333,28.50333,-13.445998,-4.372646,-0.70546,4.429188,-1.736142,-0.038501,1.736569,-2.981636,4.252383,17.784647
20,145,1786548191.52138,0,1,32.533984,-14.114655,28.433879,-13.447508,-4.342436,-0.783028,4.412469,-1.736293,-0.037752,1.736703,-2.96319,4.154028,19.463594
20,146,1786548191.56141,0,1,32.360656,-14.144278,28.364421,-13.448987,-4.333179,-0.740581,4.39601,-1.736445,-0.03697,1.736839,-2.972319,4.05627,19.56857
20,147,1786548191.60136,0,1,32.188598,-14.176953,28.294957,-13.450433,-4.30146,-0.816876,4.378338,-1.7366,-0.036159,1.736976,-2.953921,3.960842,21.322168
20,148,1786548191.64127,0,1,32.016928,-14.207929,28.225495,-13.451843,-4.29174,-0.774409,4.361048,-1.736538,-0.035243,1.736896,-2.963072,3.866087,21.506442
20,149,1786548191.68144,0,1,31.846542,-14.241913,28.156044,-13.453212,-4.259668,-0.849597,4.343569,-1.736279,-0.03423,1.736617,-2.944725,3.773834,23.342997
20,150,1786548191.7214,0,1,31.676483,-14.274212,28.086611,-13.454537,-4.251474,-0.807481,4.327477,-1.735838,-0.033129,1.736154,-2.953899,3.682261,23.615927
20,151,1786548191.76139,0,1,31.507679,-14.309485,28.017202,-13.455815,-4.220097,-0.881817,4.311244,-1.735228,-0.031948,1.735522,-2.9356,3.593353,25.545624
20,152,1786548191.80137,0,1,31.339138,-14.343088,27.947823,-13.457043,-4.213515,-0.840083,4.296446,-1.734465,-0.030693,1.734736,-2.944795,3.505153,25.917966
20,153,1786548191.84142,0,1,31.170771,-14.374451,27.878481,-13.458217,-4.209178,-0.784063,4.281581,-1.733559,-0.02937,1.733808,-2.957429,3.417406,26.103514
20,154,1786548191.88141,0,1,31.003479,-14.408181,27.80918,-13.459337,-4.182301,-0.843266,4.266466,-1.732523,-0.027987,1.732749,-2.942633,3.332245,27.943237
20,155,1786548191.92139,0,1,30.836318,-14.439694,27.739925,-13.460399,-4.179036,-0.78782,4.252646,-1.731367,-0.026549,1.73157,-2.955262,3.247563,28.226534
20,156,1786548191.96138,0,1,30.670188,-14.473562,27.670721,-13.461401,-4.153232,-0.846691,4.238658,-1.7301,-0.025061,1.730281,-2.940485,3.16564,30.169407
20,157,1786548192.00136,0,1,30.50414,-14.505235,27.601572,-13.462342,-4.1512,-0.791827,4.226045,-1.728731,-0.023527,1.728891,-2.95311,3.084239,30.562594
20,158,1786548192.04141,0,1,30.339074,-14.539253,27.532481,-13.463221,-4.126652,-0.850451,4.213374,-1.727269,-0.021953,1.727408,-2.938351,3.005796,32.621452
20,159,1786548192.08139,0,1,30.174032,-14.5711,27.463452,-13.464034,-4.126054,-0.796177,4.202168,-1.72572,-0.020343,1.72584,-2.950972,2.927941,33.138028
20,160,1786548192.12135,0,1,30.009913,-14.605286,27.394489,-13.464782,-4.102975,-0.854654,4.191042,-1.724092,-0.0187,1.724194,-2.936228,2.853278,35.327012
20,161,1786548192.16139,0,1,29.845751,-14.637326,27.325593,-13.465463,-4.104045,-0.800984,4.181478,-1.722392,-0.017029,1.722476,-2.948846,2.779291,35.981763
20,162,1786548192.20139,0,1,29.682444,-14.671703,27.256768,-13.466077,-4.082672,-0.859428,4.172149,-1.720624,-0.015332,1.720692,-2.934116,2.708771,38.316152
20,163,1786548192.24137,0,1,29.519018,-14.703957,27.188016,-13.466621,-4.085663,-0.806371,4.164478,-1.718794,-0.013613,1.718848,-2.946731,2.639047,39.124881
20,164,1786548192.2814,0,1,29.355383,-14.73355,27.11934,-13.467096,-4.090863,-0.73982,4.157222,-1.716908,-0.011875,1.716949,-2.96268,2.569785,39.777385
20,165,1786548192.32142,0,1,29.192368,-14.764953,27.050741,-13.467501,-4.075388,-0.785062,4.150314,-1.714969,-0.010121,1.714999,-2.951289,2.503986,42.112141
20,166,1786548192.36139,0,1,29.029082,-14.793717,26.982222,-13.467835,-4.082143,-0.719101,4.144997,-1.712982,-0.008352,1.713003,-2.967224,2.43877,42.92429
20,167,1786548192.4014,0,1,28.866323,-14.824304,26.913784,-13.468098,-4.068983,-0.764675,4.140211,-1.710951,-0.006573,1.710964,-2.955831,2.377331,45.426622
20,168,1786548192.44136,0,1,28.70322,-14.852274,26.845429,-13.46829,-4.077583,-0.699256,4.137105,-1.708879,-0.004784,1.708886,-2.971757,2.316636,46.415602
20,169,1786548192.48149,0,1,28.539702,-14.877086,26.777158,-13.468409,-4.087933,-0.620289,4.134726,-1.706769,-0.002988,1.706772,-2.991005,2.25631,47.260911
20,170,1786548192.52149,0,1,28.376457,-14.90321,26.708819,-13.467469,-4.081141,-0.65311,4.13307,-1.708458,0.023508,1.70862,-2.982907,2.200538,49.81861
20,171,1786548192.56139,0,1,28.21274,-14.926189,26.640451,-13.465533,-4.092907,-0.574463,4.133025,-1.709207,0.048399,1.709892,-3.002148,2.146068,50.88167
20,172,1786548192.60141,0,1,28.048508,-14.94547,26.572092,-13.462644,-4.105811,-0.482027,4.134009,-1.708987,0.07222,1.710512,-3.024726,2.092505,51.820039
20,173,1786548192.6414,0,1,27.88429,-14.96555,26.503747,-13.45903,-4.105449,-0.502017,4.136028,-1.708624,0.090356,1.711012,-3.019916,2.043405,54.470086
20,174,1786548192.68143,0,1,27.719539,-14.981929,26.435439,-13.454735,-4.118778,-0.409473,4.139082,-1.707684,0.10736,1.711055,-3.042502,1.995303,55.619578
20,175,1786548192.72144,0,1,27.554278,-14.994037,26.367196,-13.449788,-4.131522,-0.302701,4.142596,-1.70608,0.123689,1.710558,-3.068457,1.947786,56.640483
20,176,1786548192.76141,0,1,27.388876,-15.006406,26.299013,-13.444376,-4.13506,-0.309222,4.146606,-1.704584,0.135284,1.709944,-3.066951,1.904662,59.372312
20,177,1786548192.80138,0,1,27.223009,-15.014484,26.230913,-13.438528,-4.146663,-0.201942,4.151577,-1.702492,0.146223,1.70876,-3.092931,1.862228,60.596867
20,178,1786548192.84142,0,1,27.056933,-15.022819,26.162886,-13.432409,-4.151911,-0.20837,4.157136,-1.700677,0.152958,1.707541,-3.091448,1.824478,63.530609
20,179,1786548192.88141,0,1,26.890437,-15.026837,26.094951,-13.426047,-4.162395,-0.100454,4.163607,-1.698373,0.159052,1.705804,-3.117464,1.787547,64.958188
20,180,1786548192.92141,0,1,26.723628,-15.029393,26.027103,-13.419545,-4.170215,-0.06391,4.170705,-1.696197,0.162553,1.703968,-3.126268,1.754069,67.481569
20,181,1786548192.96142,0,1,26.5565,-15.02722,25.95936,-13.412922,-4.178194,0.054327,4.178547,-1.693574,0.165567,1.701648,3.128591,1.721201,68.955262
20,182,1786548193.00138,0,1,26.389034,-15.02491,25.8917,-13.406302,-4.186649,0.057757,4.187048,-1.691518,0.165519,1.699597,3.127798,1.693291,72.129483
20,183,1786548193.04141,0,1,26.221337,-15.017831,25.824133,-13.399703,-4.192437,0.17696,4.19617,-1.689164,0.164975,1.697201,3.099408,1.666167,73.791254
20,184,1786548193.08145,0,1,26.053257,-15.010594,25.756634,-13.393224,-4.202002,0.18093,4.205896,-1.687466,0.161955,1.69522,3.098561,1.644345,77.142029
20,185,1786548193.12139,0,1,25.885045,-14.998547,25.68921,-13.386885,-4.205294,0.301169,4.216065,-1.685621,0.158492,1.693056,3.070098,1.623517,78.975537
20,186,1786548193.1614,0,1,25.716456,-14.985813,25.621834,-13.380753,-4.214726,0.31836,4.226733,-1.684384,0.1533,1.691346,3.066201,1.607847,82.306548
20,187,1786548193.20137,0,1,25.547876,-14.968114,25.55451,-13.374841,-4.214512,0.44247,4.237675,-1.683115,0.14778,1.68959,3.036989,1.593287,84.245198
20,188,1786548193.2414,0,1,25.378874,-14.950094,25.48721,-13.369203,-4.225039,0.450517,4.248991,-1.682498,0.140961,1.688393,3.035364,1.584598,87.833788
20,189,1786548193.28147,0,1,25.210022,-14.927068,25.419932,-13.363845,-4.221309,0.575647,4.260377,-1.681938,0.133963,1.687264,3.006062,1.577254,89.882614
20,190,1786548193.32147,0,1,25.040749,-14.903692,25.352655,-13.358797,-4.231819,0.584402,4.27198,-1.68194,0.126195,1.686668,3.004363,1.576066,93.551602
20,191,1786548193.36147,0,1,24.871767,-14.875365,25.285373,-13.354061,-4.224545,0.708175,4.283491,-1.682047,0.118406,1.686209,2.975503,1.576527,95.69348
20,192,1786548193.40142,0,1,24.702376,-14.84668,25.218069,-13.34965,-4.234777,0.717105,4.295064,-1.682599,0.110265,1.686208,2.973847,1.583363,99.396529
20,193,1786548193.44143,0,1,24.53281,-14.816358,25.150732,-13.345567,-4.239156,0.758063,4.306403,-1.683427,0.102064,1.686518,2.964639,1.595322,102.64999
20,194,1786548193.48142,0,1,24.363174,-14.783965,25.083353,-13.34181,-4.240904,0.809818,4.317531,-1.68446,0.093945,1.687078,2.95291,1.611978,105.725776
20,195,1786548193.52143,0,1,24.193227,-14.750881,25.015925,-13.338371,-4.248662,0.827115,4.328423,-1.685699,0.085951,1.687889,2.949321,1.63463,109.201767
20,196,1786548193.56133,0,1,24.023411,-14.715025,24.948444,-13.335243,-4.245408,0.896388,4.339009,-1.687042,0.078216,1.688854,2.933506,1.66117,111.916185
20,197,1786548193.60138,0,1,23.853058,-14.679717,24.880903,-13.332414,-4.258809,0.882694,4.349322,-1.688523,0.070717,1.690003,2.937223,1.694606,115.630135
20,198,1786548193.64141,0,1,23.682954,-14.641381,24.813303,-13.329868,-4.252605,0.958403,4.359264,-1.689986,0.063643,1.691184,2.919928,1.731402,118.05648
20,199,1786548193.68148,0,1,23.512268,-14.603836,24.745645,-13.32759,-4.267146,0.938631,4.369161,-1.691461,0.05696,1.692419,2.925074,1.77483,121.615751
20,200,1786548193.72141,0,1,23.341476,-14.564981,24.677928,-13.325562,-4.269823,0.971365,4.37892,-1.692908,0.050692,1.693667,2.917904,1.822708,124.340936
20,201,1786548193.76141,0,1,23.170113,-14.526899,24.610155,-13.323769,-4.284062,0.95205,4.388575,-1.69433,0.044822,1.694923,2.922916,1.876498,127.592563
20,202,1786548193.80141,0,1,22.99912,-14.485541,24.542327,-13.322195,-4.274833,1.033962,4.398099,-1.695701,0.039355,1.696158,2.904278,1.932579,129.392115
20,203,1786548193.84147,0,1,22.827434,-14.445465,24.474446,-13.320825,-4.292146,1.001909,4.407532,-1.697036,0.034258,1.697381,2.912271,1.994358,132.534132
20,204,1786548193.88146,0,1,22.655302,-14.405667,24.406513,-13.319644,-4.303298,0.994928,4.416815,-1.698326,0.02952,1.698582,2.914384,2.060628,135.176529
20,205,1786548193.92147,0,1,22.483157,-14.36433,24.33853,-13.318639,-4.303631,1.033424,4.425969,-1.699568,0.025123,1.699754,2.905926,2.129761,137.09163
20,206,1786548193.96133,0,1,22.310192,-14.324908,24.270499,-13.317797,-4.324109,0.985565,4.435003,-1.700768,0.021044,1.700898,2.917498,2.203877,139.968402
20,207,1786548194.00135,0,1,22.137534,-14.282641,24.202423,-13.317107,-4.316461,1.056667,4.443915,-1.701921,0.017266,1.702008,2.901515,2.279478,141.183922
20,208,1786548194.04129,0,1,21.964056,-14.242295,24.134301,-13.316556,-4.336958,1.008648,4.452704,-1.703034,0.013767,1.703089,2.913084,2.35944,143.806296
20,209,1786548194.0813,0,1,21.790661,-14.200101,24.066137,-13.316135,-4.334858,1.054854,4.461357,-1.704105,0.010529,1.704138,2.90289,2.441144,145.093423
20,210,1786548194.1213,0,1,21.616405,-14.16007,23.997931,-13.315834,-4.356414,1.00077,4.469887,-1.70514,0.007533,1.705157,2.915787,2.526738,147.543182
20,211,1786548194.16127,0,1,21.442428,-14.117406,23.929686,-13.315643,-4.349414,1.066608,4.478287,-1.706139,0.004761,1.706146,2.901108,2.613288,148.354623
20,212,1786548194.20122,0,1,21.267593,-14.076915,23.861402,-13.315555,-4.370871,1.012278,4.48656,-1.707106,0.002197,1.707107,2.914009,2.703241,150.601866
20,213,1786548194.24122,0,1,21.092433,-14.036385,23.79308,-13.315562,-4.379002,1.013253,4.494701,-1.708041,-0.000175,1.708041,2.914205,2.795188,152.027383
20,214,1786548194.28121,0,1,20.9167,-13.996926,23.724722,-13.315657,-4.393325,0.986477,4.502714,-1.708948,-0.00237,1.708949,2.920716,2.889483,153.707387
20,215,1786548194.32123,0,1,20.741009,-13.95587,23.656329,-13.315833,-4.392272,1.026395,4.510603,-1.709828,-0.004402,1.709833,2.91203,2.98475,154.464619
20,216,1786548194.36136,0,1,20.564412,-13.917423,23.587902,-13.316085,-4.414939,0.961168,4.518355,-1.710683,-0.006285,1.710695,2.92723,3.08271,156.469193
20,217,1786548194.40135,0,1,20.38792,-13.877101,23.519441,-13.316406,-4.412294,1.008044,4.525979,-1.711515,-0.008029,1.711534,2.916985,3.181321,156.979743
20,218,1786548194.44136,0,1,20.210524,-13.839496,23.450948,-13.316792,-4.434898,0.940137,4.533451,-1.712326,-0.009648,1.712354,2.932699,3.282311,158.86797
20,219,1786548194.48134,0,1,20.032728,-13.802366,23.382423,-13.317238,-4.444893,0.92825,4.540784,-1.713118,-0.011152,1.713154,2.935716,3.384642,159.963449
20,220,1786548194.52135,0,1,19.854159,-13.76762,23.313868,-13.31774,-4.464238,0.868649,4.547964,-1.713891,-0.012551,1.713936,2.949414,3.488836,161.580167
20,221,1786548194.56134,0,1,19.67566,-13.731083,23.245282,-13.318294,-4.462476,0.913416,4.554999,-1.714646,-0.013855,1.714702,2.939693,3.59341,161.83566
20,222,1786548194.60134,0,1,19.496266,-13.697705,23.176666,-13.318897,-4.484848,0.834454,4.561818,-1.715386,-0.015072,1.715452,2.957635,3.699844,163.583504
20,223,1786548194.64126,0,1,19.315931,-13.668171,23.108026,-13.319555,-4.508376,0.738359,4.568438,-1.716017,-0.016463,1.716096,2.979259,3.808085,165.4464
20,224,1786548194.68135,0,1,19.138532,-13.63801,23.039364,-13.320276,-4.43497,0.754013,4.498611,-1.716548,-0.018014,1.716643,2.973188,3.91375,165.694468
20,225,1786548194.72134,0,1,18.964187,-13.606618,22.970684,-13.321065,-4.358634,0.784816,4.428727,-1.716987,-0.019714,1.7171,2.963442,4.016661,165.715973
20,226,1786548194.7613,0,1,18.793021,-13.573438,22.901991,-13.321927,-4.279154,0.829486,4.358808,-1.71734,-0.021553,1.717475,2.950124,4.11666,165.526917
20,227,1786548194.80129,0,1,18.625173,-13.537968,22.833286,-13.322867,-4.196201,0.886748,4.288872,-1.717614,-0.023519,1.717775,2.933335,4.213607,165.141539
20,228,1786548194.84127,0,1,18.460799,-13.499755,22.764573,-13.323892,-4.109352,0.95533,4.218937,-1.717816,-0.025605,1.718007,2.913173,4.307367,164.572563
20,229,1786548194.88135,0,1,18.300074,-13.458397,22.695855,-13.325004,-4.018122,1.033955,4.14902,-1.717951,-0.0278,1.718176,2.889734,4.397805,163.831406
20,230,1786548194.92135,0,1,18.143194,-13.413543,22.627134,-13.326207,-3.921987,1.121339,4.07914,-1.718024,-0.030097,1.718287,2.863111,4.484791,162.928354
20,231,1786548194.96134,0,1,17.990378,-13.364896,22.558413,-13.327507,-3.820406,1.216187,4.009316,-1.71804,-0.032488,1.718347,2.833396,4.568188,161.872707
20,232,1786548195.00135,0,1,17.841864,-13.312208,22.489693,-13.328906,-3.712842,1.317189,3.939566,-1.718003,-0.034966,1.718359,2.800679,4.647859,160.6729
20,233,1786548195.04133,0,1,17.697913,-13.255288,22.420976,-13.330407,-3.598788,1.423015,3.869915,-1.717917,-0.037525,1.718327,2.765045,4.723661,159.336608
20,234,1786548195.08129,0,1,17.558169,-13.195454,22.352265,-13.332013,-3.493596,1.495836,3.800361,-1.717787,-0.040159,1.718256,2.737044,4.79604,158.452693
20,235,1786548195.12128,0,1,17.422533,-13.133206,22.28356,-13.333727,-3.390907,1.556203,3.730954,-1.717615,-0.042861,1.718149,2.711334,4.865161,157.710153
20,236,1786548195.16123,0,1,17.291032,-13.068703,22.214864,-13.335552,-3.287523,1.612572,3.66172,-1.717404,-0.045627,1.71801,2.685564,4.931058,156.973599
20,237,1786548195.20129,0,1,17.163688,-13.002105,22.146177,-13.33749,-3.183587,1.664952,3.592672,-1.717159,-0.048451,1.717842,2.659731,4.993764,156.242267
20,238,1786548195.24131,0,1,17.040518,-12.933571,22.077502,-13.339544,-3.079243,1.713361,3.523825,-1.716881,-0.051329,1.717648,2.633832,5.053318,155.515429
20,239,1786548195.28136,0,1,16.921533,-12.863258,22.008839,-13.341714,-2.97463,1.757818,3.455191,-1.716574,-0.054257,1.717431,2.607864,5.109756,154.792397
20,240,1786548195.32129,0,1,16.806738,-12.791324,21.94019,-13.344003,-2.869887,1.798351,3.386786,-1.716238,-0.057229,1.717192,2.581824,5.163118,154.072522
20,241,1786548195.36135,0,1,16.696132,-12.717924,21.871555,-13.346413,-2.765154,1.834991,3.318624,-1.715878,-0.060243,1.716935,2.555707,5.213444,153.355183
20,242,1786548195.40129,0,1,16.589709,-12.643213,21.802935,-13.348945,-2.660566,1.867774,3.250721,-1.715494,-0.063294,1.716661,2.529511,5.260778,152.639783
20,243,1786548195.44129,0,1,16.487459,-12.567344,21.734331,-13.3516,-2.556258,1.896741,3.183094,-1.715089,-0.06638,1.716373,2.503232,5.305161,151.925748
20,244,1786548195.48125,0,1,16.389364,-12.490466,21.665745,-13.35438,-2.452364,1.921941,3.115758,-1.714664,-0.069495,1.716071,2.476864,5.346638,151.212516
20,245,1786548195.52127,0,1,16.295404,-12.412729,21.597176,-13.357285,-2.349013,1.943425,3.048731,-1.71422,-0.072638,1.715759,2.450404,5.385255,150.499538
20,246,1786548195.56127,0,1,16.20555,-12.334279,21.528626,-13.360317,-2.246334,1.961249,2.982032,-1.71376,-0.075806,1.715436,2.423846,5.421059,149.786273
20,247,1786548195.60135,0,1,16.119772,-12.25526,21.460094,-13.363477,-2.144452,1.975476,2.915678,-1.713284,-0.078995,1.715104,2.397186,5.454098,149.072185
20,248,1786548195.64136,0,1,16.038032,-12.175813,21.391577,-13.366764,-2.043492,1.986172,2.849691,-1.712936,-0.082169,1.714905,2.370418,5.484414,148.356739
20,249,1786548195.68135,0,1,15.960288,-12.096075,21.323069,-13.370177,-1.943619,1.993459,2.784157,-1.712704,-0.085327,1.714828,2.343536,5.512055,147.639417
20,250,1786548195.72122,0,1,15.886489,-12.016178,21.254565,-13.373716,-1.844962,1.997417,2.71911,-1.71258,-0.088471,1.714864,2.316538,5.53707,146.919883
20,251,1786548195.76125,0,1,15.816584,-11.936253,21.186063,-13.37738,-1.747637,1.99814,2.654581,-1.712555,-0.0916,1.715003,2.289418,5.55951,146.197675
20,252,1786548195.80128,0,1,15.750513,-11.856424,21.117558,-13.381168,-1.65176,1.995727,2.590605,-1.712621,-0.094715,1.715238,2.26217,5.579428,145.472337
