simulation_id,seq,time,cyclist_id,pedestrian_id,cyclist_x,cyclist_y,pedestrian_x,pedestrian_y,cyclist_vx,cyclist_vy,cyclist_speed,pedestrian_vx,pedestrian_vy,pedestrian_speed,cyclist_heading,distance,app_angle
1,0,1786607739.49791,0,1,59.48,13.100032,29.003536,13.399986,-0.499999,0.000796,0.5,0.088399,-0.000342,0.0884,3.14,30.47794,0.472644
1,0,1786607739.53791,0,1,59.48,13.100032,29.010208,13.399957,-0.499999,0.000796,0.5,0.166798,-0.000729,0.1668,3.14,30.471268,0.472713
1,1,1786607739.57783,0,1,59.457179,13.100457,29.020016,13.399911,-0.570535,0.010626,0.570634,0.245197,-0.001164,0.2452,3.12297,30.438636,0.503318
1,2,1786607739.61777,0,1,59.43153,13.100824,29.03296,13.399845,-0.641204,0.009166,0.64127,0.323596,-0.001649,0.3236,3.127298,30.400041,0.255431
1,3,1786607739.65777,0,1,59.403057,13.101207,29.049039,13.399757,-0.711841,0.009585,0.711906,0.401994,-0.002189,0.402,3.128129,30.355486,0.207886
1,4,1786607739.69785,0,1,59.371758,13.101599,29.068255,13.399646,-0.782481,0.009794,0.782542,0.480391,-0.002788,0.4804,3.129076,30.304968,0.153633
1,5,1786607739.73783,0,1,59.337633,13.102003,29.090464,13.399509,-0.853119,0.010115,0.853179,0.55523,-0.003422,0.55524,3.129737,30.248632,0.115737
1,6,1786607739.77786,0,1,59.300683,13.102423,29.115418,13.399346,-0.923756,0.010487,0.923815,0.623846,-0.004064,0.62386,3.13024,30.186725,0.086862
1,7,1786607739.81791,0,1,59.260907,13.102859,29.142888,13.399157,-0.994392,0.010915,0.994452,0.686738,-0.004715,0.686755,3.130616,30.119477,0.065259
1,8,1786607739.8579,0,1,59.218306,13.103315,29.172662,13.398943,-1.065028,0.011393,1.065089,0.744364,-0.005373,0.744384,3.130895,30.047098,0.049174
1,9,1786607739.8979,0,1,59.172879,13.103792,29.204548,13.398701,-1.135664,0.011917,1.135727,0.797145,-0.006038,0.797168,3.1311,29.969782,0.037391
1,10,1786607739.93793,0,1,59.124627,13.104291,29.238367,13.398433,-1.2063,0.012483,1.206364,0.845468,-0.00671,0.845495,3.131245,29.887708,0.02899
1,11,1786607739.97784,0,1,59.07355,13.104815,29.273954,13.398137,-1.276935,0.013088,1.277002,0.889691,-0.007387,0.889722,3.131344,29.801039,0.023265
1,12,1786607740.01783,0,1,59.019647,13.105364,29.31116,13.397814,-1.34757,0.013728,1.34764,0.930141,-0.008069,0.930176,3.131406,29.709926,0.019671
1,13,1786607740.05785,0,1,58.962919,13.10594,29.349845,13.397464,-1.418205,0.014402,1.418278,0.96712,-0.008755,0.967159,3.131438,29.614509,0.017779
1,14,1786607740.09783,0,1,58.903365,13.106544,29.389881,13.397086,-1.488839,0.015105,1.488916,1.000905,-0.009446,1.00095,3.131448,29.514914,0.017249
1,15,1786607740.13782,0,1,58.840986,13.107177,29.431151,13.396681,-1.559474,0.015836,1.559554,1.031753,-0.01014,1.031803,3.131438,29.41126,0.017806
1,16,1786607740.1778,0,1,58.775782,13.107841,29.473547,13.396247,-1.630109,0.016591,1.630193,1.059898,-0.010838,1.059953,3.131415,29.303654,0.019229
1,17,1786607740.21781,0,1,58.707752,13.108536,29.516969,13.395786,-1.700743,0.017369,1.700832,1.085556,-0.011539,1.085617,3.13138,29.192196,0.021336
1,18,1786607740.25782,0,1,58.636897,13.109263,29.561326,13.395296,-1.771377,0.018168,1.77147,1.108927,-0.012243,1.108994,3.131337,29.076978,0.02398
1,19,1786607740.29779,0,1,58.563217,13.110022,29.606534,13.394778,-1.842011,0.018983,1.842109,1.130193,-0.012948,1.130267,3.131287,28.958083,0.027038
1,20,1786607740.33784,0,1,58.486711,13.110815,29.652515,13.394232,-1.912646,0.019815,1.912748,1.149523,-0.013656,1.149604,3.131233,28.835589,0.030409
1,21,1786607740.37781,0,1,58.40738,13.111641,29.699198,13.393657,-1.98328,0.02066,1.983387,1.167071,-0.014366,1.16716,3.131176,28.709567,0.034008
1,22,1786607740.41784,0,1,58.325223,13.112502,29.746517,13.393054,-2.053914,0.021517,2.054026,1.182981,-0.015077,1.183077,3.131117,28.580083,0.037765
1,23,1786607740.45783,0,1,58.240241,13.113397,29.794431,13.392425,-2.124548,0.022383,2.124666,1.197838,-0.015725,1.197942,3.131057,28.447179,0.041617
1,24,1786607740.49781,0,1,58.152435,13.11445,29.8429,13.391772,-2.195145,0.026332,2.195303,1.211727,-0.016316,1.211837,3.129598,28.310894,0.126005
1,25,1786607740.53782,0,1,58.061806,13.115651,29.891889,13.391098,-2.265739,0.030028,2.265938,1.224725,-0.016853,1.224841,3.12834,28.171264,0.199081
1,26,1786607740.57779,0,1,57.968353,13.117019,29.941365,13.390405,-2.336321,0.03418,2.336571,1.236904,-0.017341,1.237025,3.126964,28.028322,0.279292
1,27,1786607740.61782,0,1,57.872077,13.118565,29.991298,13.389693,-2.406889,0.038667,2.4072,1.248328,-0.017784,1.248455,3.125529,27.882098,0.363221
1,28,1786607740.65784,0,1,57.77298,13.120307,30.04166,13.388966,-2.477442,0.043543,2.477825,1.259059,-0.018185,1.25919,3.124019,27.732621,0.451846
1,29,1786607740.69783,0,1,57.671061,13.12226,30.092426,13.388224,-2.547977,0.048822,2.548445,1.269151,-0.018548,1.269287,3.122434,27.579917,0.545187
1,30,1786607740.73782,0,1,57.566321,13.124441,30.143573,13.387469,-2.618492,0.054529,2.61906,1.278657,-0.018875,1.278796,3.120771,27.42401,0.643437
1,31,1786607740.77789,0,1,57.458762,13.126868,30.195077,13.386702,-2.688984,0.060681,2.689669,1.287622,-0.01917,1.287765,3.11903,27.264922,0.746721
1,32,1786607740.8179,0,1,57.348466,13.129558,30.246921,13.385925,-2.75738,0.067251,2.7582,1.29609,-0.019435,1.296236,3.117208,27.102758,0.855154
1,33,1786607740.85783,0,1,57.235519,13.132528,30.299085,13.385138,-2.823677,0.074242,2.824653,1.304101,-0.019671,1.30425,3.115306,26.937619,0.968811
1,34,1786607740.8979,0,1,57.120002,13.135794,30.351553,13.384343,-2.887929,0.081658,2.889083,1.311692,-0.019883,1.311842,3.113325,26.769603,1.087658
1,35,1786607740.93791,0,1,57.001995,13.139374,30.404309,13.38354,-2.950189,0.089498,2.951546,1.318895,-0.020071,1.319048,3.111266,26.598807,1.211651
1,36,1786607740.97784,0,1,56.881574,13.143284,30.457338,13.38273,-3.010509,0.097759,3.012096,1.325743,-0.020237,1.325897,3.109131,26.425321,1.340715
1,37,1786607741.01783,0,1,56.758817,13.147542,30.510629,13.381915,-3.06894,0.106437,3.070786,1.332263,-0.020383,1.332419,3.106924,26.249234,1.474759
1,38,1786607741.05779,0,1,56.633795,13.152163,30.564168,13.381095,-3.125532,0.115526,3.127666,1.338481,-0.020511,1.338638,3.104647,26.070633,1.613671
1,39,1786607741.0978,0,1,56.506582,13.157164,30.617945,13.38027,-3.18033,0.125016,3.182786,1.344423,-0.020621,1.344581,3.102304,25.889599,1.757327
1,40,1786607741.13783,0,1,56.377247,13.16256,30.671949,13.379441,-3.233383,0.134897,3.236195,1.350109,-0.020716,1.350268,3.099897,25.706212,1.90559
1,41,1786607741.17782,0,1,56.245858,13.168366,30.726172,13.378609,-3.284735,0.145157,3.28794,1.355561,-0.020797,1.35572,3.09743,25.520552,2.058313
1,42,1786607741.21782,0,1,56.11248,13.174597,30.780604,13.377775,-3.33443,0.155783,3.338067,1.360796,-0.020864,1.360956,3.094907,25.332691,2.215342
1,43,1786607741.25781,0,1,55.97718,13.181267,30.835237,13.376938,-3.382512,0.166759,3.38662,1.365834,-0.02092,1.365994,3.092332,25.142704,2.376516
1,44,1786607741.29783,0,1,55.840019,13.18839,30.890064,13.376099,-3.429022,0.178071,3.433642,1.370688,-0.020963,1.370848,3.089709,24.950661,2.541672
1,45,1786607741.33784,0,1,55.701059,13.195978,30.945079,13.375259,-3.474,0.1897,3.479176,1.375374,-0.020997,1.375535,3.087041,24.756629,2.710642
1,46,1786607741.37778,0,1,55.560359,13.204043,31.000276,13.374419,-3.517488,0.201629,3.523263,1.379906,-0.021021,1.380066,3.084333,24.560675,2.88326
1,47,1786607741.41784,0,1,55.417978,13.212597,31.055648,13.373577,-3.559524,0.213841,3.565942,1.384296,-0.021036,1.384456,3.081589,24.362863,3.05936
1,48,1786607741.45783,0,1,55.273973,13.22165,31.111182,13.372747,-3.600145,0.226315,3.607252,1.388358,-0.020743,1.388513,3.078813,24.163263,3.23875
1,49,1786607741.49782,0,1,55.128373,13.230806,31.166867,13.371941,-3.639995,0.228903,3.647185,1.392118,-0.020166,1.392264,3.07879,23.961922,3.260869
1,50,1786607741.53782,0,1,54.981241,13.240195,31.222691,13.371168,-3.678294,0.234723,3.685775,1.395601,-0.019328,1.395735,3.077866,23.758911,3.335417
1,51,1786607741.57782,0,1,54.832623,13.249711,31.278644,13.370438,-3.715448,0.237897,3.723056,1.39883,-0.018251,1.398949,3.077651,23.554289,3.369926
1,52,1786607741.61782,0,1,54.682571,13.259358,31.334717,13.369759,-3.751316,0.241196,3.759062,1.401823,-0.016953,1.401926,3.077385,23.348115,3.407922
1,53,1786607741.65783,0,1,54.53113,13.269091,31.390901,13.369141,-3.786015,0.24331,3.793825,1.404601,-0.015453,1.404686,3.077416,23.140446,3.429351
1,54,1786607741.69783,0,1,54.378349,13.278888,31.447188,13.368591,-3.819533,0.244936,3.827379,1.40718,-0.013766,1.407247,3.077553,22.931336,3.445068
1,55,1786607741.73783,0,1,54.224272,13.288718,31.503571,13.368114,-3.851923,0.245753,3.859755,1.409576,-0.011909,1.409626,3.077879,22.720839,3.450307
1,56,1786607741.77782,0,1,54.068944,13.298558,31.560043,13.367719,-3.883201,0.245981,3.890984,1.411804,-0.009894,1.411839,3.078332,22.509007,3.448503
1,57,1786607741.81789,0,1,53.912408,13.308379,31.616598,13.367409,-3.913402,0.245545,3.921098,1.413877,-0.007736,1.413899,3.07893,22.295887,3.438595
1,58,1786607741.8579,0,1,53.754706,13.318161,31.673231,13.367191,-3.942549,0.24454,3.950126,1.415809,-0.005445,1.415819,3.079646,22.081529,3.422059
1,59,1786607741.89784,0,1,53.595879,13.32788,31.729935,13.36707,-3.97067,0.242963,3.978097,1.417609,-0.003032,1.417612,3.080479,21.865979,3.398843
1,60,1786607741.93786,0,1,53.435967,13.337514,31.786706,13.36705,-3.99779,0.240872,4.005039,1.419289,-0.000509,1.419289,3.081414,21.649281,3.369809
1,61,1786607741.97782,0,1,53.27501,13.347046,31.843541,13.367134,-4.023933,0.238283,4.030982,1.420858,0.002116,1.420859,3.082445,21.431479,3.335196
1,62,1786607742.01782,0,1,53.113045,13.356456,31.900434,13.367328,-4.049123,0.235243,4.05595,1.422325,0.004835,1.422333,3.083561,21.212614,3.295622
1,63,1786607742.05779,0,1,52.95011,13.365726,31.957382,13.367633,-4.073384,0.231775,4.079972,1.423698,0.007639,1.423718,3.084754,20.992728,3.2514
1,64,1786607742.0978,0,1,52.78624,13.374843,32.014381,13.368054,-4.096738,0.227917,4.103073,1.424985,0.010521,1.425024,3.086016,20.77186,3.203021
1,65,1786607742.13783,0,1,52.621472,13.383791,32.071429,13.368593,-4.119208,0.223695,4.125277,1.426192,0.013474,1.426256,3.08734,20.550049,3.150793
1,66,1786607742.17784,0,1,52.455839,13.392557,32.128522,13.369253,-4.140815,0.219144,4.14661,1.427327,0.016493,1.427422,3.088719,20.327331,3.095121
1,67,1786607742.21789,0,1,52.289376,13.401128,32.185658,13.370036,-4.161581,0.214288,4.167095,1.428394,0.019571,1.428528,3.090146,20.103742,3.036281
1,68,1786607742.25789,0,1,52.122115,13.409495,32.242834,13.370944,-4.181527,0.209157,4.186755,1.4294,0.022703,1.42958,3.091615,19.879319,2.974611
1,69,1786607742.29784,0,1,51.954088,13.417645,32.300048,13.371979,-4.200673,0.203773,4.205612,1.430348,0.025884,1.430582,3.093121,19.654094,2.91034
1,70,1786607742.33783,0,1,51.785326,13.425572,32.357297,13.373144,-4.219038,0.198163,4.223689,1.431245,0.02911,1.431541,3.094658,19.4281,2.843749
1,71,1786607742.37779,0,1,51.615861,13.433266,32.414581,13.374439,-4.236643,0.192346,4.241007,1.432093,0.032376,1.432459,3.096223,19.20137,2.775018
1,72,1786607742.41783,0,1,51.44572,13.44072,32.471897,13.375866,-4.253507,0.186347,4.257587,1.432897,0.035679,1.433341,3.09781,18.973934,2.70438
1,73,1786607742.45783,0,1,51.274935,13.447927,32.529246,13.377406,-4.269648,0.180181,4.273449,1.433737,0.038495,1.434254,3.099417,18.745821,2.632025
1,74,1786607742.49781,0,1,51.103482,13.454416,32.586631,13.37904,-4.286303,0.162236,4.289373,1.434612,0.040862,1.435194,3.103761,18.517005,2.400829
1,75,1786607742.53781,0,1,50.931383,13.460716,32.644052,13.380753,-4.302478,0.157498,4.30536,1.435518,0.042816,1.436157,3.105003,18.287506,2.346982
1,76,1786607742.57782,0,1,50.758613,13.466168,32.70151,13.382528,-4.31926,0.136303,4.32141,1.436453,0.044389,1.437139,3.110046,18.057297,2.072874
1,77,1786607742.6178,0,1,50.585195,13.471529,32.759006,13.384353,-4.335453,0.134018,4.337524,1.437415,0.045611,1.438138,3.11069,17.826402,2.050763
1,78,1786607742.65784,0,1,50.411101,13.475885,32.816542,13.386213,-4.352337,0.108901,4.353699,1.438401,0.046511,1.439152,3.116577,17.594787,1.725323
1,79,1786607742.69783,0,1,50.236359,13.480295,32.874087,13.388097,-4.368549,0.11024,4.369939,1.438606,0.047087,1.439377,3.116363,17.362518,1.749796
1,80,1786607742.73783,0,1,50.060939,13.483505,32.93163,13.389992,-4.385506,0.080251,4.38624,1.438597,0.047382,1.439377,3.123296,17.129564,1.36113
1,81,1786607742.7778,0,1,49.884869,13.486968,32.989174,13.391889,-4.401756,0.08658,4.402607,1.438595,0.047425,1.439377,3.121926,16.895962,1.449247
1,82,1786607742.81779,0,1,49.708119,13.488987,33.046718,13.393778,-4.418745,0.050472,4.419033,1.438601,0.047236,1.439377,3.130171,16.661673,0.981818
1,83,1786607742.85779,0,1,49.530716,13.491523,33.104263,13.395652,-4.435073,0.063396,4.435526,1.438614,0.046834,1.439377,3.127299,16.426733,1.15334
1,84,1786607742.8978,0,1,49.352635,13.492307,33.161808,13.397501,-4.452033,0.019607,4.452077,1.438634,0.046237,1.439377,3.137189,16.191104,0.587824
1,85,1786607742.93781,0,1,49.173895,13.493947,33.219355,13.39932,-4.468506,0.041006,4.468694,1.438659,0.045459,1.439377,3.132416,15.954821,0.865595
1,86,1786607742.97783,0,1,48.99448,13.493453,33.276902,13.4011,-4.485352,-0.012359,4.485369,1.438688,0.044517,1.439377,-3.138837,15.71785,0.178781
1,87,1786607743.01779,0,1,48.814398,13.494241,33.334451,13.402837,-4.502068,0.019696,4.502111,1.438721,0.043423,1.439377,3.137218,15.480217,0.588961
1,88,1786607743.05782,0,1,48.633651,13.492421,33.392001,13.404525,-4.518679,-0.045479,4.518908,1.438758,0.042191,1.439377,-3.131528,15.241903,0.24623
1,89,1786607743.09781,0,1,48.45222,13.49241,33.449553,13.406158,-4.535773,-0.00028,4.535773,1.438797,0.040832,1.439377,-3.141531,15.002914,0.325863
1,90,1786607743.13789,0,1,48.270138,13.489326,33.507107,13.407732,-4.552038,-0.077102,4.55269,1.438839,0.039356,1.439377,-3.124656,14.763257,0.653712
1,91,1786607743.17791,0,1,48.087355,13.488197,33.564662,13.409243,-4.56959,-0.02823,4.569677,1.438881,0.037773,1.439377,-3.135415,14.522907,0.042464
1,92,1786607743.21789,0,1,47.903934,13.483987,33.622219,13.410687,-4.585506,-0.105247,4.586714,1.438924,0.036093,1.439377,-3.118645,14.281904,1.020759
1,93,1786607743.25791,0,1,47.719795,13.481747,33.679778,13.41206,-4.603478,-0.056008,4.603818,1.438967,0.034325,1.439377,-3.129427,14.040191,0.412667
1,94,1786607743.29784,0,1,47.53503,13.476518,33.737338,13.413359,-4.619122,-0.130709,4.620971,1.43901,0.032474,1.439377,-3.113303,13.797837,1.358621
1,95,1786607743.33783,0,1,47.349531,13.473303,33.7949,13.414581,-4.637494,-0.080381,4.638191,1.439052,0.03055,1.439377,-3.124262,13.554758,0.74478
1,96,1786607743.37784,0,1,47.16342,13.466955,33.852464,13.415723,-4.652753,-0.158696,4.655458,1.439093,0.028559,1.439377,-3.107498,13.311055,1.732969
1,97,1786607743.41783,0,1,46.976559,13.46263,33.910029,13.416784,-4.671539,-0.108137,4.672791,1.439133,0.026506,1.439377,-3.118449,13.06661,1.125012
1,98,1786607743.45789,0,1,46.789095,13.455302,33.967596,13.417771,-4.686591,-0.183188,4.69017,1.439165,0.024696,1.439377,-3.102525,12.821554,2.070702
1,99,1786607743.49792,0,1,46.600899,13.450047,34.025163,13.418696,-4.704915,-0.131379,4.706749,1.439191,0.02311,1.439377,-3.113676,12.575774,1.456656
1,100,1786607743.5379,0,1,46.41208,13.444462,34.082732,13.419565,-4.720459,-0.139639,4.722524,1.439213,0.021729,1.439377,-3.11202,12.329374,1.578712
1,101,1786607743.57793,0,1,46.222631,13.440034,34.140301,13.420386,-4.736236,-0.110695,4.73753,1.43923,0.020537,1.439377,-3.118225,12.082346,1.245698
1,102,1786607743.61809,0,1,46.032627,13.434953,34.197871,13.421167,-4.750087,-0.127022,4.751785,1.439244,0.019518,1.439377,-3.114858,11.834764,1.465037
1,103,1786607743.65808,0,1,45.842195,13.43187,34.255441,13.421914,-4.760803,-0.077087,4.761427,1.439256,0.018659,1.439377,-3.125402,11.586758,0.878418
1,104,1786607743.69805,0,1,45.651492,13.426209,34.313012,13.422631,-4.767593,-0.141522,4.769693,1.439265,0.017947,1.439377,-3.111917,11.33848,1.682197
1,105,1786607743.73805,0,1,45.460455,13.423277,34.370583,13.423326,-4.775916,-0.073297,4.776478,1.439272,0.017369,1.439377,-3.126247,11.089872,0.879511
1,106,1786607743.77808,0,1,45.269212,13.420561,34.428154,13.424003,-4.78106,-0.06789,4.781542,1.439277,0.016914,1.439377,-3.127394,10.841059,0.831719
1,107,1786607743.81804,0,1,45.077827,13.421161,34.485725,13.424666,-4.78463,0.015004,4.784654,1.439281,0.016574,1.439377,3.138457,10.592103,0.160722
1,108,1786607743.85805,0,1,44.886415,13.419831,34.543296,13.425319,-4.785315,-0.033269,4.785431,1.439284,0.016337,1.439377,-3.134641,10.34312,0.428731
1,109,1786607743.89807,0,1,44.695093,13.421897,34.600868,13.425967,-4.783046,0.051665,4.783325,1.439286,0.016197,1.439377,3.130791,10.094226,0.595761
1,110,1786607743.93805,0,1,44.503995,13.422033,34.658439,13.426613,-4.777457,0.003404,4.777458,1.439286,0.016145,1.439377,3.14088,9.845556,0.014176
1,111,1786607743.97806,0,1,44.313381,13.425552,34.716011,13.42726,-4.765343,0.08796,4.766155,1.439286,0.016173,1.439377,3.123136,9.59737,1.04727
1,112,1786607744.01807,0,1,44.123702,13.433147,34.773582,13.427911,-4.741961,0.189877,4.745761,1.439285,0.016276,1.439377,3.101572,9.350122,2.325094
1,113,1786607744.05807,0,1,43.936066,13.445432,34.831153,13.428569,-4.690906,0.307125,4.700949,1.439283,0.016448,1.439377,3.076214,9.104928,3.852061
1,114,1786607744.09789,0,1,43.75048,13.463009,34.888724,13.429236,-4.639655,0.439434,4.660419,1.43928,0.016682,1.439377,3.047162,8.86182,5.628857
1,115,1786607744.13799,0,1,43.566897,13.486478,34.946296,13.429915,-4.589569,0.58671,4.626918,1.439277,0.016974,1.439377,3.014447,8.620787,7.660855
1,116,1786607744.17798,0,1,43.385284,13.516295,35.003866,13.430608,-4.540331,0.745439,4.601118,1.439272,0.017319,1.439377,2.978863,8.381855,9.909484
1,117,1786607744.21796,0,1,43.205223,13.550396,35.061437,13.431316,-4.501518,0.852517,4.581533,1.439268,0.017712,1.439377,2.954425,8.144657,11.561641
1,118,1786607744.25799,0,1,43.026627,13.588743,35.119008,13.432042,-4.464898,0.958677,4.566659,1.439262,0.01815,1.439377,2.93009,7.909172,13.253483
1,119,1786607744.29797,0,1,42.84945,13.631306,35.176578,13.432787,-4.429445,1.064073,4.555462,1.439256,0.018629,1.439377,2.905833,7.675439,14.990113
1,120,1786607744.33799,0,1,42.673676,13.678057,35.234148,13.433553,-4.394336,1.168772,4.547111,1.439249,0.019145,1.439377,2.881638,7.443545,16.776653
1,121,1786607744.37788,0,1,42.499319,13.728969,35.291718,13.434341,-4.358937,1.272803,4.540965,1.439242,0.019696,1.439377,2.857493,7.21362,18.618517
1,122,1786607744.41792,0,1,42.326408,13.784015,35.349287,13.435152,-4.322762,1.37616,4.536528,1.439234,0.020278,1.439377,2.833385,6.985838,20.521439
1,123,1786607744.4579,0,1,42.154991,13.843168,35.406856,13.43598,-4.285433,1.478817,4.533414,1.439228,0.020691,1.439377,2.809308,6.760409,22.49162
1,124,1786607744.4979,0,1,41.985127,13.906397,35.464425,13.436818,-4.246604,1.580712,4.531258,1.439224,0.020949,1.439377,2.785253,6.537588,24.535724
1,125,1786607744.53791,0,1,41.815837,13.970981,35.521994,13.43766,-4.232241,1.614617,4.529774,1.439223,0.021062,1.439377,2.777132,6.316399,25.725555
1,126,1786607744.57789,0,1,41.646864,14.036321,35.579563,13.438502,-4.224323,1.633484,4.529147,1.439223,0.021044,1.439377,2.772617,6.096682,26.768022
1,127,1786607744.6179,0,1,41.477946,14.101817,35.637132,13.439338,-4.22296,1.637404,4.529292,1.439225,0.020905,1.439377,2.771701,5.878264,27.664196
1,128,1786607744.65798,0,1,41.308819,14.166872,35.694701,13.440164,-4.228156,1.626386,4.530169,1.439228,0.020654,1.439377,2.774383,5.660957,28.415062
1,129,1786607744.6979,0,1,41.139228,14.230886,35.75227,13.440976,-4.239792,1.600352,4.531773,1.439233,0.020301,1.439377,2.780667,5.444563,29.021561
1,130,1786607744.73791,0,1,40.968923,14.293252,35.80984,13.441771,-4.257623,1.559142,4.534124,1.43924,0.019853,1.439377,2.790559,5.228877,29.484634
1,131,1786607744.7779,0,1,40.797672,14.353352,35.86741,13.442543,-4.281264,1.50251,4.537263,1.439247,0.019319,1.439377,2.804072,5.013687,29.805251
1,132,1786607744.8179,0,1,40.625265,14.410557,35.92498,13.443291,-4.310179,1.430127,4.541245,1.439255,0.018705,1.439377,2.821221,4.798779,29.984456
1,133,1786607744.85794,0,1,40.451518,14.464221,35.98255,13.444012,-4.343668,1.341589,4.546131,1.439264,0.018017,1.439377,2.842027,4.583939,30.023401
1,134,1786607744.89791,0,1,40.276284,14.513678,36.040121,13.444703,-4.380851,1.236416,4.551986,1.439273,0.017263,1.439377,2.866515,4.368957,29.9234
1,135,1786607744.93795,0,1,40.099458,14.558241,36.097693,13.44536,-4.420648,1.114073,4.558869,1.439283,0.016446,1.439377,2.894718,4.153629,29.685997
1,136,1786607744.97801,0,1,39.922306,14.602811,36.155264,13.445983,-4.428798,1.114249,4.566816,1.439292,0.015573,1.439377,2.895116,3.940667,31.193332
1,137,1786607745.01792,0,1,39.744077,14.644321,36.212836,13.446569,-4.455748,1.037766,4.575002,1.439302,0.014647,1.439377,2.912767,3.728842,31.847034
1,138,1786607745.0579,0,1,39.565584,14.68627,36.270409,13.447116,-4.462304,1.048719,4.583881,1.439312,0.013673,1.439377,2.910764,3.520466,33.834313
1,139,1786607745.09799,0,1,39.385763,14.723909,36.327982,13.447622,-4.495524,0.940969,4.592947,1.439321,0.012656,1.439377,2.935259,3.313448,34.477196
1,140,1786607745.13796,0,1,39.20564,14.762037,36.385555,13.448086,-4.503077,0.953214,4.60286,1.43933,0.011598,1.439377,2.932991,3.111165,36.934003
1,141,1786607745.17786,0,1,39.024667,14.798037,36.443128,13.448506,-4.524335,0.899989,4.61298,1.439318,0.010503,1.439356,2.945234,2.913001,38.84937
1,142,1786607745.21791,0,1,38.843148,14.833482,36.500698,13.448881,-4.537977,0.886127,4.623684,1.439252,0.009373,1.439283,2.94875,2.721064,41.635998
1,143,1786607745.2579,0,1,38.660504,14.865291,36.558263,13.44921,-4.566093,0.795234,4.634825,1.439138,0.008213,1.439162,2.969161,2.5347,43.844014
1,144,1786607745.29791,0,1,38.477524,14.89795,36.615822,13.449491,-4.574515,0.816458,4.646804,1.438979,0.007023,1.438996,2.964973,2.358806,48.003559
1,145,1786607745.33792,0,1,38.293334,14.926351,36.673374,13.449723,-4.604747,0.710028,4.659166,1.438779,0.005808,1.438791,2.988603,2.191962,51.115505
1,146,1786607745.37788,0,1,38.108679,14.955244,36.730915,13.449906,-4.616361,0.72234,4.672533,1.43854,0.004569,1.438548,2.986377,2.040656,56.426811
1,147,1786607745.41792,0,1,37.922829,14.979742,36.788446,13.450038,-4.646265,0.61245,4.686457,1.438267,0.003308,1.438271,3.010533,1.904421,60.949661
1,148,1786607745.45789,0,1,37.735823,14.999085,36.845969,13.450122,-4.675133,0.483564,4.700075,1.438072,0.002091,1.438073,3.038526,1.786373,66.028605
1,149,1786607745.49788,0,1,37.547814,15.012492,36.903487,13.450158,-4.700229,0.335186,4.712165,1.437948,0.000916,1.437948,3.070401,1.689984,71.667097
1,150,1786607745.53796,0,1,37.358975,15.019179,36.961002,13.45015,-4.720981,0.167178,4.723941,1.437889,-0.000222,1.437889,3.106196,1.618715,77.795597
1,151,1786607745.57789,0,1,37.169577,15.022245,37.018518,13.450097,-4.734957,0.076645,4.735577,1.437892,-0.001324,1.437892,3.125407,1.579389,85.438994
1,152,1786607745.61798,0,1,36.979721,15.02046,37.076036,13.450001,-4.746402,-0.044633,4.746612,1.43795,-0.002393,1.437952,-3.132189,1.57341,92.970758
1,153,1786607745.65797,0,1,36.789467,15.01695,37.133558,13.449864,-4.756333,-0.087753,4.757143,1.438059,-0.003433,1.438063,-3.123145,1.604418,101.327157
1,154,1786607745.69799,0,1,36.599004,15.007951,37.191087,13.449686,-4.76158,-0.224965,4.766892,1.438215,-0.004444,1.438222,-3.094382,1.666959,108.09995
1,155,1786607745.73795,0,1,36.40823,14.997759,37.248624,13.449469,-4.76935,-0.254815,4.776153,1.438415,-0.005429,1.438425,-3.088216,1.761665,115.434319
1,156,1786607745.77798,0,1,36.217142,14.987088,37.30617,13.449213,-4.777189,-0.266759,4.784632,1.438655,-0.006391,1.438669,-3.08581,1.88442,122.107656
1,157,1786607745.81799,0,1,36.025971,14.97293,37.363727,13.44892,-4.779276,-0.353951,4.792365,1.438931,-0.00733,1.43895,-3.067668,2.027855,127.040655
1,158,1786607745.85784,0,1,35.834508,14.958845,37.421297,13.44859,-4.786594,-0.352135,4.79953,1.439242,-0.008248,1.439265,-3.068158,2.190609,132.208115
1,159,1786607745.89791,0,1,35.643392,14.939486,37.478871,13.448224,-4.777902,-0.483965,4.80235,1.439348,-0.009145,1.439377,-3.040645,2.36492,135.123455
1,160,1786607745.93792,0,1,35.452152,14.920205,37.536444,13.447823,-4.780999,-0.482029,4.805237,1.439342,-0.010024,1.439377,-3.04111,2.551898,139.004721
1,161,1786607745.97785,0,1,35.260719,14.901732,37.594018,13.447388,-4.785827,-0.46183,4.808059,1.439335,-0.010885,1.439377,-3.045391,2.749437,142.552789
1,162,1786607746.01783,0,1,35.069032,14.884801,37.651591,13.446919,-4.792152,-0.423269,4.810808,1.439329,-0.01173,1.439377,-3.053496,2.955861,145.844823
1,163,1786607746.05782,0,1,34.877051,14.870152,37.709164,13.446416,-4.799537,-0.36622,4.813489,1.439322,-0.01256,1.439377,-3.065437,3.16984,148.947397
1,164,1786607746.09784,0,1,34.685222,14.852441,37.766736,13.445881,-4.795713,-0.44279,4.816111,1.439314,-0.013377,1.439377,-3.049523,3.38735,150.190451
1,165,1786607746.13784,0,1,34.493093,14.837013,37.824308,13.445314,-4.80323,-0.3857,4.818691,1.439307,-0.01418,1.439377,-3.061465,3.610238,152.735037
1,166,1786607746.17785,0,1,34.300644,14.824615,37.88188,13.444715,-4.811242,-0.309944,4.821215,1.439299,-0.014971,1.439377,-3.077261,3.837888,155.241697
1,167,1786607746.21786,0,1,34.108258,14.809889,37.939452,13.444085,-4.809632,-0.368144,4.823701,1.43929,-0.01575,1.439377,-3.065198,4.067366,156.002002
1,168,1786607746.25789,0,1,33.915567,14.798199,37.997023,13.443424,-4.817279,-0.292256,4.826136,1.439282,-0.016518,1.439377,-3.080999,4.30043,158.165457
1,169,1786607746.29791,0,1,33.722935,14.784178,38.054594,13.442733,-4.815798,-0.350515,4.828538,1.439273,-0.017277,1.439377,-3.068936,4.534616,158.630185
1,170,1786607746.33792,0,1,33.530012,14.773198,38.112165,13.442012,-4.823088,-0.274499,4.830893,1.439264,-0.018025,1.439377,-3.08474,4.771602,160.543209
1,171,1786607746.37791,0,1,33.337142,14.759886,38.169735,13.441262,-4.821745,-0.332817,4.833218,1.439254,-0.018765,1.439377,-3.072678,5.009264,160.789247
1,172,1786607746.4179,0,1,33.143995,14.749619,38.227305,13.440482,-4.828684,-0.256678,4.835501,1.439245,-0.019496,1.439377,-3.088486,5.249179,162.515278
1,173,1786607746.4579,0,1,32.950895,14.737017,38.284874,13.439677,-4.827488,-0.315051,4.837757,1.439236,-0.020116,1.439377,-3.076423,5.489483,162.595918
1,174,1786607746.4979,0,1,32.75751,14.727464,38.342443,13.438852,-4.834629,-0.238823,4.840524,1.439229,-0.020635,1.439377,-3.092234,5.731667,164.179498
1,175,1786607746.53792,0,1,32.564123,14.715571,38.400012,13.438009,-4.834667,-0.297323,4.843801,1.439223,-0.02106,1.439377,-3.080172,5.974091,164.132757
1,176,1786607746.57793,0,1,32.370422,14.706731,38.457581,13.437153,-4.84252,-0.220995,4.847561,1.439218,-0.021399,1.439377,-3.095988,6.218145,165.605948
1,177,1786607746.61784,0,1,32.176673,14.695545,38.51515,13.436287,-4.843738,-0.279636,4.851803,1.439214,-0.021658,1.439377,-3.083925,6.462354,165.459316
1,178,1786607746.65778,0,1,31.982583,14.687419,38.572718,13.435413,-4.852252,-0.203161,4.856503,1.439211,-0.021844,1.439377,-3.099748,6.70801,166.845496
1,179,1786607746.69779,0,1,31.788399,14.676941,38.630286,13.434535,-4.854598,-0.261955,4.86166,1.439209,-0.021963,1.439377,-3.087685,6.953776,166.619216
1,180,1786607746.73781,0,1,31.59385,14.669529,38.687855,13.433654,-4.863721,-0.185289,4.867249,1.439208,-0.02202,1.439377,-3.103515,7.200853,167.935763
1,181,1786607746.77789,0,1,31.399164,14.659759,38.745423,13.432773,-4.867147,-0.244247,4.873272,1.439208,-0.02202,1.439377,-3.091452,7.448021,167.645027
1,182,1786607746.81786,0,1,31.204138,14.651805,38.802991,13.431895,-4.875648,-0.198864,4.879701,1.439209,-0.021968,1.439377,-3.100828,7.696152,168.543992
1,183,1786607746.8579,0,1,31.008966,14.641174,38.86056,13.43102,-4.879306,-0.265761,4.886539,1.439211,-0.021867,1.439377,-3.08718,7.944306,168.120393
1,184,1786607746.8979,0,1,30.813373,14.633316,38.918128,13.430151,-4.889824,-0.19645,4.893768,1.439213,-0.021723,1.439377,-3.101439,8.193575,169.255372
1,185,1786607746.93791,0,1,30.617602,14.622772,38.975697,13.429289,-4.894288,-0.263601,4.901381,1.439215,-0.021538,1.439377,-3.087786,8.442876,168.790551
1,186,1786607746.97791,0,1,30.42138,14.61501,39.033266,13.428437,-4.905528,-0.194069,4.909365,1.439219,-0.021316,1.439377,-3.102052,8.693246,169.889487
1,187,1786607747.0179,0,1,30.22495,14.60455,39.090835,13.427594,-4.910755,-0.261495,4.917712,1.439223,-0.02106,1.439377,-3.088393,8.943664,169.390047
1,188,1786607747.0579,0,1,30.028043,14.596881,39.148404,13.426763,-4.92268,-0.191714,4.926412,1.439227,-0.020773,1.439377,-3.102667,9.195116,170.458783
1,189,1786607747.09784,0,1,29.830898,14.586504,39.205973,13.425945,-4.928631,-0.259435,4.935454,1.439231,-0.020457,1.439377,-3.089003,9.446636,169.929977
1,190,1786607747.13784,0,1,29.63325,14.578929,39.263542,13.425141,-4.941202,-0.189379,4.94483,1.439236,-0.020115,1.439377,-3.103285,9.699163,170.973191
1,191,1786607747.17785,0,1,29.435336,14.568632,39.321112,13.424351,-4.947839,-0.257412,4.954531,1.439241,-0.019749,1.439377,-3.089614,9.951781,170.419246
1,192,1786607747.21789,0,1,29.236895,14.56115,39.378682,13.423576,-4.961022,-0.187056,4.964547,1.439246,-0.019362,1.439377,-3.103905,10.205386,171.440728
1,193,1786607747.25789,0,1,29.038163,14.550933,39.436252,13.422818,-4.96831,-0.25542,4.974871,1.439252,-0.018954,1.439377,-3.090228,10.459106,170.86508
1,194,1786607747.29786,0,1,28.838921,14.543545,39.493822,13.422077,-4.981045,-0.184704,4.984469,1.439257,-0.018528,1.439377,-3.104528,10.713758,171.8679
1,195,1786607747.33791,0,1,28.639797,14.533464,39.551393,13.421353,-4.978093,-0.252024,4.984469,1.439263,-0.018086,1.439377,-3.091009,10.968122,171.282285
1,196,1786607747.3779,0,1,28.440549,14.526241,39.608963,13.420648,-4.981196,-0.180586,4.984469,1.439269,-0.017628,1.439377,-3.105355,11.223003,172.270285
1,197,1786607747.41796,0,1,28.241414,14.516402,39.666534,13.419962,-4.978396,-0.245976,4.984469,1.439274,-0.017157,1.439377,-3.092224,11.477612,171.689644
1,198,1786607747.45789,0,1,28.042156,14.509446,39.724106,13.419293,-4.981434,-0.173898,4.984469,1.43928,-0.016714,1.439377,-3.106698,11.732705,172.669291
1,199,1786607747.4979,0,1,27.843011,14.499797,39.781677,13.418642,-4.978629,-0.241206,4.984469,1.439284,-0.016295,1.439377,-3.093182,11.98752,172.051748
1,200,1786607747.5379,0,1,27.643815,14.491269,39.839249,13.418006,-4.979907,-0.213206,4.984469,1.439289,-0.015901,1.439377,-3.098805,12.242569,172.519095
1,201,1786607747.5779,0,1,27.444777,14.47961,39.89682,13.417385,-4.975939,-0.29148,4.984469,1.439293,-0.015527,1.439377,-3.083082,12.497268,171.771737
1,202,1786607747.61784,0,1,27.245612,14.470393,39.954392,13.416778,-4.97914,-0.23042,4.984469,1.439297,-0.015173,1.439377,-3.095349,12.75238,172.611172
1,203,1786607747.65783,0,1,27.046616,14.458046,40.011964,13.416184,-4.974902,-0.308679,4.984469,1.4393,-0.014838,1.439377,-3.079625,13.007142,171.855239
1,204,1786607747.6978,0,1,26.847611,14.445829,40.069536,13.415603,-4.975103,-0.305415,4.984469,1.439303,-0.014518,1.439377,-3.080281,13.262001,172.031723
1,205,1786607747.73789,0,1,26.648869,14.429908,40.127108,13.415035,-4.968551,-0.39803,4.984469,1.439306,-0.014214,1.439377,-3.061653,13.516394,171.113738
1,206,1786607747.7779,0,1,26.449987,14.415851,40.184681,13.414478,-4.972065,-0.351423,4.984469,1.439309,-0.013924,1.439377,-3.071031,13.77115,171.787127
1,207,1786607747.8179,0,1,26.2514,14.398092,40.242253,13.413932,-4.964657,-0.443973,4.984469,1.439312,-0.013647,1.439377,-3.052403,14.025425,170.866079
1,208,1786607747.85792,0,1,26.052656,14.382196,40.299826,13.413397,-4.968602,-0.397401,4.984469,1.439314,-0.013382,1.439377,-3.06178,14.28007,171.536988
1,209,1786607747.8979,0,1,25.854267,14.362604,40.357399,13.412871,-4.959726,-0.489818,4.983854,1.439317,-0.013128,1.439377,-3.043153,14.534194,170.613166
1,210,1786607747.93785,0,1,25.655774,14.344878,40.414971,13.412356,-4.962335,-0.44313,4.982081,1.439319,-0.012883,1.439377,-3.05253,14.788628,171.28181
1,211,1786607747.97792,0,1,25.457762,14.323472,40.472544,13.41185,-4.950303,-0.535152,4.979146,1.439321,-0.012648,1.439377,-3.033906,15.042431,170.355556
1,212,1786607748.0179,0,1,25.259718,14.30394,40.530117,13.411353,-4.951097,-0.488301,4.975118,1.439323,-0.012421,1.439377,-3.043286,15.296464,171.022176
1,213,1786607748.05792,0,1,25.062276,14.280749,40.58769,13.410865,-4.936058,-0.579778,4.969991,1.439325,-0.012202,1.439377,-3.024671,15.549765,170.093958
1,214,1786607748.09784,0,1,24.864869,14.259438,40.645263,13.410386,-4.935159,-0.532769,4.963833,1.439327,-0.01199,1.439377,-3.034055,15.803219,170.758782
1,215,1786607748.13791,0,1,24.667483,14.240792,40.702836,13.409914,-4.934667,-0.46615,4.956635,1.439328,-0.011785,1.439377,-3.047408,16.056865,171.637451
1,216,1786607748.17785,0,1,24.470715,14.219299,40.76041,13.409451,-4.919184,-0.537335,4.948444,1.43933,-0.011585,1.439377,-3.032791,16.309813,170.920015
1,217,1786607748.2179,0,1,24.274744,14.1942,40.817981,13.408995,-4.899271,-0.62747,4.939289,1.439298,-0.011391,1.439343,-3.014212,16.561861,169.984186
1,218,1786607748.2579,0,1,24.078947,14.170992,40.875546,13.408547,-4.894948,-0.5802,4.929213,1.43911,-0.011201,1.439154,-3.023613,16.813895,170.64122
1,219,1786607748.2979,0,1,23.884049,14.144216,40.933097,13.408107,-4.872437,-0.669417,4.918207,1.43878,-0.011015,1.438822,-3.005059,17.064932,169.704922
1,220,1786607748.3379,0,1,23.689379,14.119335,40.99063,13.407673,-4.866739,-0.622023,4.906329,1.438319,-0.010832,1.43836,-3.014471,17.315881,170.361005
1,221,1786607748.37791,0,1,23.494903,14.09711,41.048139,13.407247,-4.861922,-0.555615,4.893567,1.437737,-0.010652,1.437776,-3.027807,17.566788,171.229955
1,222,1786607748.4179,0,1,23.30131,14.072121,41.105621,13.406828,-4.83981,-0.624713,4.879962,1.437043,-0.010475,1.437081,-3.013224,17.816736,170.505071
1,223,1786607748.45791,0,1,23.108784,14.043643,41.163077,13.406414,-4.813163,-0.711971,4.865536,1.436396,-0.010351,1.436433,-2.994736,18.065535,169.564304
1,224,1786607748.49784,0,1,22.916507,14.017053,41.220508,13.406003,-4.806925,-0.664743,4.85267,1.435791,-0.010277,1.435828,-3.004176,18.314198,170.214569
1,225,1786607748.53792,0,1,22.724344,13.993083,41.277917,13.405593,-4.804059,-0.599239,4.841288,1.435225,-0.010248,1.435262,-3.017498,18.562872,171.076246
1,226,1786607748.57791,0,1,22.532193,13.972464,41.335305,13.405183,-4.803791,-0.515482,4.831369,1.434695,-0.01026,1.434732,-3.034694,18.811668,172.147113
1,227,1786607748.61792,0,1,22.340609,13.949832,41.392673,13.40477,-4.789592,-0.565803,4.822895,1.434198,-0.010311,1.434235,-3.024006,19.059859,171.624043
1,228,1786607748.65791,0,1,22.148947,13.930522,41.450022,13.404355,-4.791548,-0.482742,4.815805,1.433732,-0.010397,1.43377,-3.041183,19.308246,172.685379
1,229,1786607748.6979,0,1,21.957149,13.915267,41.507354,13.403934,-4.79495,-0.381373,4.810092,1.433293,-0.010516,1.433332,-3.062223,19.556891,173.954253
1,230,1786607748.7379,0,1,21.765633,13.898712,41.564669,13.403507,-4.787896,-0.413878,4.805751,1.432881,-0.010664,1.43292,-3.055364,19.805228,173.626728
1,231,1786607748.7779,0,1,21.573934,13.886194,41.621969,13.403074,-4.792481,-0.312944,4.802688,1.432492,-0.01084,1.432533,-3.076386,20.053855,174.883491
1,232,1786607748.8179,0,1,21.382395,13.872366,41.679254,13.402632,-4.788469,-0.34572,4.800933,1.432124,-0.011041,1.432167,-3.069519,20.302294,174.544733
1,233,1786607748.85792,0,1,21.191037,13.856491,41.736525,13.402181,-4.78396,-0.396875,4.800394,1.431777,-0.011265,1.431822,-3.058823,20.550511,173.990887
1,234,1786607748.89791,0,1,20.999408,13.843898,41.793783,13.401721,-4.790718,-0.314806,4.80105,1.431449,-0.01151,1.431495,-3.075975,20.799076,175.022235
1,235,1786607748.93791,0,1,20.80783,13.829532,41.851029,13.40125,-4.789449,-0.359154,4.802897,1.431137,-0.011774,1.431185,-3.066744,21.047556,174.545546
1,236,1786607748.9779,0,1,20.615911,13.818516,41.908262,13.400768,-4.797983,-0.275401,4.80588,1.430841,-0.012057,1.430891,-3.084256,21.296449,175.590882
1,237,1786607749.01789,0,1,20.42392,13.805976,41.965485,13.400274,-4.799772,-0.313493,4.809999,1.430559,-0.012355,1.430612,-3.076371,21.545385,175.184125
1,238,1786607749.05782,0,1,20.231526,13.796907,42.022696,13.399767,-4.809859,-0.226727,4.8152,1.43029,-0.012668,1.430346,-3.09449,21.794789,176.257099
1,239,1786607749.09789,0,1,20.038978,13.78595,42.079898,13.399247,-4.813698,-0.27393,4.821486,1.430034,-0.012995,1.430093,-3.084748,22.044312,175.737877
1,240,1786607749.1379,0,1,19.84597,13.778475,42.137089,13.398714,-4.825181,-0.186886,4.828799,1.429789,-0.013335,1.429851,-3.102881,22.294353,176.805943
1,241,1786607749.17792,0,1,19.652712,13.769104,42.194271,13.398166,-4.831469,-0.234256,4.837144,1.429554,-0.013685,1.429619,-3.093145,22.544611,176.281397
1,242,1786607749.21789,0,1,19.458942,13.763233,42.251444,13.397604,-4.844242,-0.146799,4.846466,1.429328,-0.014046,1.429397,-3.111298,22.795435,177.345208
1,243,1786607749.25791,0,1,19.264827,13.755459,42.308609,13.397028,-4.852882,-0.194325,4.856771,1.429111,-0.014416,1.429184,-3.101571,23.04657,176.815785
1,244,1786607749.2979,0,1,19.070166,13.750641,42.365765,13.396436,-4.866512,-0.120452,4.868002,1.428903,-0.014795,1.428979,-3.116847,23.298291,177.711048
1,245,1786607749.33791,0,1,18.87508,13.743777,42.422913,13.395829,-4.877147,-0.171611,4.880165,1.428701,-0.015182,1.428782,-3.10642,23.550403,177.138226
1,246,1786607749.3779,0,1,18.679389,13.73997,42.480053,13.395206,-4.892283,-0.09518,4.893209,1.428507,-0.015575,1.428592,-3.12214,23.803161,178.05554
1,247,1786607749.41791,0,1,18.483194,13.734022,42.537186,13.394567,-4.904883,-0.148692,4.907136,1.428318,-0.015975,1.428408,-3.111287,24.056387,177.455085
1,248,1786607749.45785,0,1,18.286344,13.730811,42.594315,13.393916,-4.921245,-0.080281,4.9219,1.428228,-0.016268,1.428321,-3.125281,24.310306,178.271373
1,249,1786607749.49786,0,1,18.088988,13.725299,42.651444,13.393257,-4.933905,-0.137791,4.935829,1.428229,-0.016463,1.428324,-3.113672,24.564701,177.625799
1,250,1786607749.5379,0,1,17.891128,13.719094,42.708577,13.392595,-4.946488,-0.155128,4.94892,1.428314,-0.016567,1.42841,-3.110242,24.819596,177.449985
1,251,1786607749.57783,0,1,17.692758,13.713512,42.765716,13.391931,-4.959246,-0.139563,4.961209,1.428475,-0.016588,1.428571,-3.113458,25.07502,177.653187
1,252,1786607749.61779,0,1,17.493979,13.70634,42.822864,13.39127,-4.969486,-0.17928,4.972718,1.428706,-0.016531,1.428802,-3.105532,25.330845,177.221209
1,253,1786607749.65781,0,1,17.2947,13.701459,42.880024,13.390614,-4.981975,-0.122034,4.98347,1.429003,-0.016405,1.429097,-3.117102,25.587213,177.900744
1,254,1786607749.69783,0,1,17.095472,13.693713,42.937199,13.389965,-4.980706,-0.193647,4.984469,1.429359,-0.016213,1.429451,-3.102733,25.843512,177.10006
1,255,1786607749.73783,0,1,16.896156,13.688681,42.994389,13.389327,-4.982881,-0.125802,4.984469,1.42977,-0.015962,1.42986,-3.116351,26.09995,177.896605
1,256,1786607749.7778,0,1,16.696934,13.680785,43.051599,13.388701,-4.980559,-0.197391,4.984469,1.430232,-0.015656,1.430318,-3.101981,26.356283,177.09545
1,257,1786607749.81779,0,1,16.497631,13.675296,43.108828,13.388089,-4.982579,-0.137246,4.984469,1.430741,-0.015299,1.430823,-3.114054,26.612747,177.80382
1,258,1786607749.8579,0,1,16.29843,13.666866,43.16608,13.387493,-4.980011,-0.21075,4.984469,1.431292,-0.014897,1.431369,-3.099299,26.869102,176.980984
1,259,1786607749.89792,0,1,16.099136,13.661072,43.223355,13.386915,-4.982364,-0.144832,4.984469,1.431883,-0.014451,1.431955,-3.112532,27.125605,177.755842
1,260,1786607749.93786,0,1,15.899948,13.652339,43.280656,13.386356,-4.979685,-0.218332,4.984469,1.432509,-0.013967,1.432577,-3.097776,27.381999,176.932928
1,261,1786607749.9778,0,1,15.700663,13.646242,43.337982,13.385818,-4.982138,-0.152418,4.984469,1.43317,-0.013447,1.433233,-3.111009,27.638546,177.707827
1,262,1786607750.01777,0,1,15.501489,13.637206,43.395337,13.385302,-4.979347,-0.225914,4.984469,1.43386,-0.012894,1.433918,-3.096254,27.894985,176.88485
1,263,1786607750.05777,0,1,15.302226,13.630419,43.45272,13.38481,-4.98158,-0.169666,4.984469,1.434579,-0.012312,1.434632,-3.107547,28.151566,177.549452
1,264,1786607750.09777,0,1,15.103089,13.620597,43.510133,13.384342,-4.978416,-0.245562,4.984469,1.435324,-0.011702,1.435372,-3.092307,28.408026,176.699648
1,265,1786607750.13779,0,1,14.903844,13.613314,43.567577,13.383899,-4.981142,-0.18207,4.984469,1.436093,-0.011066,1.436136,-3.105057,28.664651,177.448095
2,0,1786607753.30429,0,1,59.48,13.100032,29.003536,13.399993,-0.499999,0.000796,0.5,0.0884,-0.000176,0.0884,3.14,30.47794,0.472657
2,0,1786607753.34421,0,1,59.48,13.100032,29.010208,13.399981,-0.499999,0.000796,0.5,0.1668,-0.000308,0.1668,3.14,30.471268,0.472757
2,1,1786607753.38428,0,1,59.457175,13.100217,29.020016,13.399965,-0.57062,0.004634,0.570639,0.2452,-0.000392,0.2452,3.133472,30.438635,0.098968
2,2,1786607753.42428,0,1,59.431524,13.100291,29.032786,13.399948,-0.641276,0.001854,0.641279,0.319258,-0.000423,0.319259,3.138702,30.400215,0.399146
2,3,1786607753.46422,0,1,59.403047,13.100306,29.048286,13.399932,-0.711919,0.000363,0.711919,0.387485,-0.000403,0.387485,3.141083,30.35624,0.536358
2,4,1786607753.50418,0,1,59.371745,13.100248,29.0663,13.399918,-0.782557,-0.00145,0.782558,0.450345,-0.000336,0.450345,-3.13974,30.306927,0.672705
2,5,1786607753.54429,0,1,59.337617,13.100116,29.08663,13.399909,-0.853191,-0.0033,0.853197,0.508269,-0.000225,0.508269,-3.137725,30.252473,0.789405
2,6,1786607753.5843,0,1,59.300665,13.099905,29.109096,13.399906,-0.923819,-0.00528,0.923834,0.561651,-7.5E-05,0.561651,-3.135878,30.193059,0.896757
2,7,1786607753.62427,0,1,59.260887,13.099609,29.13353,13.399911,-0.994442,-0.007403,0.994469,0.610855,0.000111,0.610855,-3.134148,30.128853,0.997617
2,8,1786607753.66428,0,1,59.218285,13.099221,29.159779,13.399924,-1.065058,-0.009698,1.065102,0.656214,0.000331,0.656214,-3.132487,30.06001,1.094883
2,9,1786607753.70426,0,1,59.172858,13.098733,29.187701,13.399947,-1.135666,-0.01219,1.135732,0.698037,0.000582,0.698037,-3.130859,29.98667,1.190536
2,10,1786607753.74421,0,1,59.124607,13.098137,29.217165,13.399982,-1.206266,-0.014904,1.206358,0.736606,0.000861,0.736607,-3.129238,29.908966,1.286108
2,11,1786607753.78427,0,1,59.073533,13.097422,29.248052,13.400029,-1.276856,-0.017862,1.276981,0.772182,0.001166,0.772183,-3.127604,29.827016,1.382775
2,12,1786607753.82428,0,1,59.019636,13.096579,29.280252,13.400088,-1.347435,-0.021091,1.3476,0.805004,0.001495,0.805005,-3.125942,29.740932,1.481464
2,13,1786607753.86421,0,1,58.962916,13.095594,29.313664,13.400162,-1.418,-0.024612,1.418213,0.835292,0.001846,0.835294,-3.124238,29.650816,1.582916
2,14,1786607753.90421,0,1,58.903428,13.094457,29.348194,13.400251,-1.487194,-0.028424,1.487466,0.86325,0.002217,0.863253,-3.122482,29.556816,1.687731
2,15,1786607753.94426,0,1,58.841257,13.093156,29.383756,13.400355,-1.554286,-0.03254,1.554627,0.889063,0.002606,0.889067,-3.12066,29.459102,1.796829
2,16,1786607753.9843,0,1,58.776483,13.091677,29.420273,13.400476,-1.619331,-0.036972,1.619753,0.912903,0.003012,0.912908,-3.118765,29.357835,1.910588
2,17,1786607754.02428,0,1,58.709188,13.090008,29.45767,13.400613,-1.682383,-0.041726,1.682901,0.934928,0.003434,0.934935,-3.116796,29.253167,2.02912
2,18,1786607754.06427,0,1,58.639448,13.088135,29.495881,13.400768,-1.743495,-0.04681,1.744123,0.955284,0.00387,0.955291,-3.114751,29.145244,2.152528
2,19,1786607754.10427,0,1,58.56734,13.086046,29.534845,13.40094,-1.802716,-0.052226,1.803473,0.974103,0.004318,0.974112,-3.11263,29.034202,2.280861
2,20,1786607754.1443,0,1,58.492936,13.083727,29.574505,13.401132,-1.860098,-0.057978,1.861002,0.991508,0.004779,0.99152,-3.110433,28.920172,2.414134
2,21,1786607754.18428,0,1,58.416308,13.081165,29.61481,13.401342,-1.915688,-0.064066,1.916759,1.007614,0.00525,1.007627,-3.108162,28.803278,2.552332
2,22,1786607754.22421,0,1,58.337527,13.078345,29.655711,13.401571,-1.969533,-0.07049,1.970794,1.022523,0.005732,1.022539,-3.105818,28.683637,2.695416
2,23,1786607754.26416,0,1,58.25666,13.075255,29.697158,13.401819,-2.021679,-0.077248,2.023154,1.036182,0.006211,1.0362,-3.103401,28.561368,2.843324
2,24,1786607754.30416,0,1,58.173739,13.072206,29.739106,13.402087,-2.073027,-0.076218,2.074428,1.04869,0.006689,1.048711,-3.104843,28.436546,2.770302
2,25,1786607754.34416,0,1,58.088809,13.069107,29.781511,13.402374,-2.123227,-0.077485,2.124641,1.06014,0.007164,1.060164,-3.105115,28.30926,2.764533
2,26,1786607754.38427,0,1,58.001912,13.066004,29.824336,13.402679,-2.172436,-0.07757,2.17382,1.070616,0.007639,1.070643,-3.105901,28.179587,2.729516
2,27,1786607754.42416,0,1,57.913087,13.062898,29.867544,13.403004,-2.220635,-0.077662,2.221993,1.080196,0.008111,1.080227,-3.106634,28.047605,2.697766
2,28,1786607754.46428,0,1,57.822372,13.059805,29.911102,13.403347,-2.267868,-0.077314,2.269185,1.088952,0.008582,1.088986,-3.107515,27.913384,2.657703
2,29,1786607754.50428,0,1,57.729806,13.056738,29.95498,13.403709,-2.314153,-0.076671,2.315422,1.09695,0.009051,1.096988,-3.108473,27.776993,2.613316
2,30,1786607754.54429,0,1,57.635425,13.053712,29.99915,13.40409,-2.359517,-0.075665,2.36073,1.104251,0.009519,1.104292,-3.109536,27.638496,2.563101
2,31,1786607754.58421,0,1,57.539266,13.050739,30.043586,13.404489,-2.403984,-0.074311,2.405132,1.110909,0.009986,1.110954,-3.110691,27.497955,2.507648
2,32,1786607754.62418,0,1,57.441363,13.047835,30.088265,13.404907,-2.447578,-0.072596,2.448655,1.116977,0.010451,1.117026,-3.111941,27.355428,2.446827
2,33,1786607754.66418,0,1,57.34175,13.045014,30.133166,13.405344,-2.490321,-0.070522,2.49132,1.122502,0.010915,1.122555,-3.113282,27.21097,2.38084
2,34,1786607754.70418,0,1,57.24046,13.042291,30.178267,13.405799,-2.532236,-0.068088,2.533151,1.127528,0.011377,1.127585,-3.11471,27.064635,2.309805
2,35,1786607754.74417,0,1,57.137527,13.039679,30.22355,13.406272,-2.573343,-0.065297,2.574172,1.132093,0.011838,1.132155,-3.116224,26.916473,2.233913
2,36,1786607754.78419,0,1,57.03298,13.037193,30.269,13.406764,-2.613665,-0.062153,2.614404,1.136236,0.012299,1.136302,-3.117817,26.766532,2.153356
2,37,1786607754.82417,0,1,56.926851,13.034846,30.314599,13.407274,-2.65322,-0.058661,2.653869,1.139989,0.012757,1.14006,-3.119487,26.614858,2.068349
2,38,1786607754.86418,0,1,56.81917,13.032653,30.360335,13.407803,-2.69203,-0.054829,2.692588,1.143384,0.013215,1.143461,-3.121228,26.461495,1.979117
2,39,1786607754.90416,0,1,56.709966,13.030627,30.406193,13.40835,-2.730112,-0.050666,2.730582,1.14645,0.013672,1.146532,-3.123037,26.306485,1.885897
2,40,1786607754.94417,0,1,56.599266,13.028779,30.452161,13.408915,-2.767486,-0.046181,2.767872,1.149213,0.014127,1.1493,-3.124907,26.149868,1.788927
2,41,1786607754.98422,0,1,56.487099,13.027124,30.498229,13.409498,-2.80417,-0.041384,2.804476,1.151697,0.014582,1.15179,-3.126836,25.991683,1.68845
2,42,1786607755.02428,0,1,56.373492,13.025673,30.544386,13.4101,-2.840182,-0.036288,2.840414,1.153925,0.015035,1.154023,-3.128817,25.831966,1.584711
2,43,1786607755.06427,0,1,56.25847,13.024436,30.590623,13.410719,-2.875538,-0.030904,2.875704,1.155917,0.015488,1.156021,-3.130846,25.670754,1.47795
2,44,1786607755.1042,0,1,56.14206,13.023427,30.636931,13.411357,-2.910256,-0.025246,2.910365,1.157692,0.015939,1.157801,-3.132918,25.50808,1.368406
2,45,1786607755.14418,0,1,56.024286,13.022654,30.683301,13.412012,-2.944352,-0.019325,2.944415,1.159267,0.016389,1.159382,-3.135029,25.343976,1.256311
2,46,1786607755.18417,0,1,55.905173,13.022127,30.729727,13.412686,-2.977841,-0.013155,2.97787,1.160658,0.016838,1.16078,-3.137175,25.178474,1.141892
2,47,1786607755.2242,0,1,55.784743,13.021857,30.776203,13.413377,-3.010741,-0.00675,3.010748,1.16188,0.017287,1.162009,-3.139351,25.011605,1.025369
2,48,1786607755.26417,0,1,55.66302,13.021852,30.82272,13.414075,-3.043064,-0.000123,3.043064,1.162928,0.017447,1.163059,-3.141552,24.843397,0.906923
2,49,1786607755.30416,0,1,55.540046,13.021812,30.869272,13.414769,-3.074363,-0.00101,3.074363,1.163816,0.017342,1.163945,-3.141264,24.673903,0.931362
2,50,1786607755.34416,0,1,55.415859,13.021886,30.915855,13.415449,-3.104669,0.001837,3.10467,1.164557,0.016994,1.164681,3.141001,24.503165,0.88641
2,51,1786607755.38416,0,1,55.290499,13.021964,30.962457,13.416106,-3.13401,0.001959,3.134011,1.165065,0.01642,1.165181,3.140967,24.331234,0.892353
2,52,1786607755.42416,0,1,55.164002,13.022093,31.00906,13.416731,-3.162409,0.003223,3.162411,1.165076,0.015635,1.165181,3.140574,24.158165,0.877614
2,53,1786607755.46416,0,1,55.036407,13.022223,31.055664,13.417317,-3.189894,0.00326,3.189895,1.165088,0.014662,1.165181,3.140571,23.983997,0.885326
2,54,1786607755.50418,0,1,54.907747,13.022367,31.102268,13.417858,-3.216486,0.003607,3.216488,1.165102,0.013517,1.165181,3.140471,23.808764,0.887547
2,55,1786607755.54416,0,1,54.778059,13.022498,31.148873,13.418347,-3.242212,0.003268,3.242213,1.165117,0.012213,1.165181,3.140585,23.632501,0.902005
2,56,1786607755.58418,0,1,54.647375,13.022616,31.195478,13.418777,-3.267093,0.002951,3.267094,1.165131,0.010762,1.165181,3.140689,23.455243,0.91602
2,57,1786607755.62417,0,1,54.515729,13.022703,31.242084,13.419144,-3.291152,0.002179,3.291152,1.165145,0.009177,1.165181,3.14093,23.277021,0.937937
2,58,1786607755.66416,0,1,54.383152,13.022757,31.28869,13.419443,-3.31441,0.00133,3.314411,1.165157,0.007469,1.165181,3.141191,23.097869,0.961055
2,59,1786607755.70417,0,1,54.249677,13.022762,31.335294,13.419669,-3.33689,0.000143,3.33689,1.165103,0.005646,1.165117,3.14155,22.91782,0.989885
2,60,1786607755.74416,0,1,54.115332,13.022716,31.381893,13.419818,-3.358612,-0.001148,3.358612,1.164977,0.003719,1.164983,-3.141251,22.736907,1.020309
2,61,1786607755.78416,0,1,53.980149,13.022608,31.428485,13.419885,-3.379595,-0.002708,3.379596,1.164785,0.001695,1.164787,-3.140791,22.555163,1.05515
2,62,1786607755.82417,0,1,53.844154,13.022433,31.475066,13.419869,-3.39986,-0.004368,3.399862,1.164533,-0.000417,1.164533,-3.140308,22.372619,1.091487
2,63,1786607755.8642,0,1,53.707377,13.022183,31.521635,13.419764,-3.419425,-0.00625,3.41943,1.164224,-0.00261,1.164227,-3.139765,22.189305,1.131394
2,64,1786607755.90418,0,1,53.569845,13.021855,31.568189,13.419569,-3.438309,-0.008215,3.438319,1.163863,-0.004877,1.163873,-3.139203,22.00525,1.172488
2,65,1786607755.94418,0,1,53.431584,13.02144,31.614728,13.419281,-3.45653,-0.010369,3.456546,1.163455,-0.007212,1.163477,-3.138593,21.820483,1.21658
2,66,1786607755.98416,0,1,53.292619,13.020937,31.661248,13.418896,-3.474107,-0.01258,3.47413,1.163003,-0.009609,1.163043,-3.137972,21.635032,1.261444
2,67,1786607756.02416,0,1,53.152977,13.020338,31.707748,13.418414,-3.491055,-0.014961,3.491087,1.162511,-0.012063,1.162574,-3.137307,21.448923,1.308961
2,68,1786607756.06421,0,1,53.012681,13.019644,31.754227,13.417831,-3.507392,-0.017365,3.507435,1.161982,-0.014569,1.162074,-3.136642,21.262183,1.356733
2,69,1786607756.10417,0,1,52.871756,13.018847,31.800684,13.417146,-3.523134,-0.019932,3.52319,1.16142,-0.017122,1.161546,-3.135935,21.074836,1.407068
2,70,1786607756.14421,0,1,52.730224,13.017947,31.847117,13.416357,-3.538297,-0.022479,3.538369,1.160825,-0.019719,1.160993,-3.13524,20.886907,1.456954
2,71,1786607756.1842,0,1,52.588108,13.016939,31.893525,13.415463,-3.552896,-0.025206,3.552986,1.160203,-0.022355,1.160418,-3.134498,20.69842,1.509714
2,72,1786607756.22421,0,1,52.44543,13.015826,31.939907,13.414462,-3.566948,-0.027839,3.567056,1.159553,-0.025027,1.159823,-3.133788,20.509397,1.560879
2,73,1786607756.26415,0,1,52.302212,13.014597,31.986268,13.413365,-3.580464,-0.030721,3.580596,1.159005,-0.027428,1.159329,-3.133013,20.319857,1.616073
2,74,1786607756.30415,0,1,52.158465,13.013903,32.03261,13.412182,-3.593662,-0.017351,3.593704,1.158549,-0.029578,1.158927,-3.136765,20.129796,1.410331
2,75,1786607756.34415,0,1,52.014213,13.012851,32.078937,13.410922,-3.606297,-0.026282,3.606393,1.158179,-0.031498,1.158607,-3.134305,19.939251,1.561496
2,76,1786607756.38415,0,1,51.869467,13.012818,32.125252,13.409594,-3.618674,-0.000835,3.618675,1.157888,-0.033205,1.158364,-3.141362,19.748201,1.164477
2,77,1786607756.42415,0,1,51.724248,13.011711,32.171559,13.408205,-3.630455,-0.02768,3.63056,1.157668,-0.034717,1.158189,-3.133968,19.556709,1.598532
2,78,1786607756.46421,0,1,51.578569,13.012693,32.21786,13.406763,-3.641977,0.024547,3.64206,1.157516,-0.036048,1.158077,3.134853,19.36472,0.77987
2,79,1786607756.5042,0,1,51.432444,13.011845,32.264157,13.405275,-3.653127,-0.021203,3.653189,1.157424,-0.037214,1.158023,-3.135789,19.172325,1.508379
2,80,1786607756.54421,0,1,51.285892,13.013101,32.310452,13.403746,-3.663814,0.031418,3.663949,1.157389,-0.038226,1.15802,3.133018,18.97946,0.688066
2,81,1786607756.58421,0,1,51.138918,13.012517,32.356748,13.402182,-3.674329,-0.014596,3.674358,1.157406,-0.039098,1.158066,-3.13762,18.786212,1.416118
2,82,1786607756.62418,0,1,50.99155,13.014053,32.403047,13.400588,-3.684218,0.038392,3.684418,1.157471,-0.03984,1.158156,3.131172,18.592521,0.594214
2,83,1786607756.6642,0,1,50.843784,13.013857,32.44935,13.39897,-3.694143,-0.004905,3.694147,1.157579,-0.040463,1.158286,-3.140265,18.398465,1.275465
2,84,1786607756.70421,0,1,50.695655,13.015818,32.49566,13.397331,-3.703222,0.049021,3.703546,1.157727,-0.040976,1.158452,3.128356,18.203994,0.442466
2,85,1786607756.7442,0,1,50.54715,13.016207,32.541976,13.395675,-3.71262,0.009728,3.712632,1.157913,-0.041387,1.158653,3.138973,18.009173,1.057237
2,86,1786607756.7842,0,1,50.398317,13.018819,32.588301,13.394007,-3.720834,0.065311,3.721407,1.158133,-0.041705,1.158884,3.124042,17.813967,0.201226
2,87,1786607756.82427,0,1,50.249124,13.019641,32.634637,13.392329,-3.729832,0.020544,3.729888,1.158384,-0.041938,1.159143,3.136085,17.618429,0.896509
2,88,1786607756.86422,0,1,50.099632,13.022699,32.680983,13.390646,-3.737292,0.076447,3.738073,1.158665,-0.042091,1.159429,3.12114,17.422535,0.038292
2,89,1786607756.90421,0,1,49.949798,13.023959,32.727342,13.388959,-3.745849,0.0315,3.745981,1.158971,-0.042172,1.159738,3.133184,17.226323,0.732301
2,90,1786607756.94418,0,1,49.799695,13.027467,32.773714,13.387272,-3.752584,0.087699,3.753609,1.159303,-0.042185,1.16007,3.118227,17.029782,0.128147
2,91,1786607756.98417,0,1,49.649268,13.029385,32.820101,13.385586,-3.76067,0.047947,3.760975,1.159657,-0.042137,1.160422,3.128844,16.832937,0.482066
2,92,1786607757.02417,0,1,49.498604,13.033605,32.866502,13.383905,-3.7666,0.105509,3.768077,1.160031,-0.042033,1.160792,3.113588,16.635791,0.397975
2,93,1786607757.06416,0,1,49.347627,13.036058,32.912919,13.38223,-3.774436,0.061328,3.774934,1.160425,-0.041876,1.16118,3.125346,16.438353,0.275785
2,94,1786607757.10416,0,1,49.19644,13.040824,32.959352,13.380563,-3.779662,0.119154,3.78154,1.160836,-0.041671,1.161583,3.110078,16.240642,0.606996
2,95,1786607757.1442,0,1,49.044953,13.043818,33.005803,13.378906,-3.787174,0.074837,3.787914,1.161263,-0.041422,1.162001,3.121835,16.04265,0.064795
2,96,1786607757.1842,0,1,48.893284,13.049134,33.052271,13.377261,-3.791722,0.132904,3.79405,1.161705,-0.041132,1.162433,3.106556,15.844411,0.820824
2,97,1786607757.22422,0,1,48.741327,13.052672,33.098757,13.375628,-3.798939,0.088459,3.799969,1.162161,-0.040806,1.162877,3.118312,15.645903,0.151143
2,98,1786607757.2642,0,1,48.589213,13.058542,33.145262,13.374015,-3.802832,0.146749,3.805663,1.162612,-0.040328,1.163311,3.103022,15.447173,1.0397
2,99,1786607757.30419,0,1,48.436799,13.06263,33.191784,13.372427,-3.810355,0.1022,3.811726,1.163059,-0.039711,1.163737,3.114777,15.248162,0.372241
2,100,1786607757.34418,0,1,48.284111,13.06601,33.238324,13.370868,-3.817196,0.084488,3.818131,1.163502,-0.038967,1.164155,3.119463,15.048875,0.107183
2,101,1786607757.38421,0,1,48.13115,13.069207,33.284882,13.369344,-3.824043,0.07992,3.824878,1.163942,-0.038105,1.164566,3.120696,14.849301,0.039116
2,102,1786607757.4242,0,1,47.977879,13.070721,33.331457,13.367859,-3.831774,0.037847,3.831961,1.164379,-0.037136,1.164971,3.131716,14.649435,0.596327
2,103,1786607757.46422,0,1,47.824341,13.074102,33.378042,13.366416,-3.838445,0.084539,3.839376,1.164623,-0.036061,1.165181,3.119572,14.449256,0.1025
2,104,1786607757.50419,0,1,47.67046,13.075193,33.424628,13.365021,-3.847009,0.027276,3.847105,1.164658,-0.03489,1.165181,3.134503,14.24878,0.759269
2,105,1786607757.54419,0,1,47.516256,13.075986,33.471216,13.363675,-3.855101,0.019808,3.855152,1.164695,-0.033635,1.165181,3.136455,14.047986,0.879056
2,106,1786607757.58419,0,1,47.361717,13.075474,33.517805,13.362383,-3.863485,-0.012792,3.863506,1.164733,-0.032304,1.165181,-3.138282,13.846884,1.376962
2,107,1786607757.62422,0,1,47.206831,13.075939,33.564396,13.361147,-3.872149,0.01163,3.872167,1.164771,-0.030904,1.165181,3.138589,13.645416,1.025566
2,108,1786607757.66417,0,1,47.051601,13.073777,33.610989,13.359969,-3.88074,-0.054051,3.881117,1.164809,-0.029439,1.165181,-3.127666,13.443659,2.017778
2,109,1786607757.70415,0,1,46.895988,13.073194,33.657582,13.358853,-3.890342,-0.014586,3.890369,1.164846,-0.027916,1.165181,-3.137843,13.241487,1.450958
2,110,1786607757.7442,0,1,46.740025,13.069964,33.704178,13.357799,-3.899058,-0.080733,3.899893,1.164883,-0.02634,1.165181,-3.12089,13.039025,2.451084
2,111,1786607757.78417,0,1,46.583646,13.068317,33.750775,13.35681,-3.909491,-0.041184,3.909708,1.164919,-0.024714,1.165181,-3.131059,12.836114,1.891391
2,112,1786607757.82421,0,1,46.426914,13.064004,33.797373,13.355889,-3.918299,-0.107828,3.919783,1.164953,-0.023044,1.165181,-3.114081,12.632914,2.900269
2,113,1786607757.8642,0,1,46.269733,13.061216,33.843972,13.355035,-3.929519,-0.069686,3.930137,1.164985,-0.021333,1.165181,-3.123861,12.429234,2.370537
2,114,1786607757.9042,0,1,46.112199,13.05573,33.890573,13.354252,-3.938352,-0.137171,3.940741,1.165016,-0.019585,1.165181,-3.106777,12.225272,3.393991
2,115,1786607757.94421,0,1,45.954185,13.051725,33.937174,13.35354,-3.950345,-0.100117,3.951613,1.165045,-0.017803,1.165181,-3.116254,12.0208,2.890509
2,116,1786607757.98431,0,1,45.79582,13.044978,33.983777,13.3529,-3.959135,-0.168658,3.962726,1.165071,-0.01599,1.165181,-3.099019,11.816055,3.932587
2,117,1786607758.02436,0,1,45.637015,13.039301,34.030381,13.352334,-3.970113,-0.141931,3.972649,1.165095,-0.014149,1.165181,-3.105858,11.610855,3.592353
2,118,1786607758.06426,0,1,45.47794,13.030759,34.076986,13.351843,-3.97689,-0.213566,3.98262,1.165116,-0.012283,1.165181,-3.087943,11.405474,4.687116
2,119,1786607758.10423,0,1,45.318391,13.023674,34.123591,13.351427,-3.988723,-0.177104,3.992653,1.165134,-0.010394,1.165181,-3.097221,11.199597,4.219312
2,120,1786607758.14435,0,1,45.158596,13.013704,34.170197,13.351088,-3.99488,-0.249272,4.002649,1.16515,-0.008485,1.165181,-3.079276,10.993577,5.329147
2,121,1786607758.18423,0,1,44.998316,13.005192,34.216804,13.350825,-4.006989,-0.212782,4.012635,1.165162,-0.006556,1.165181,-3.08854,10.787051,4.875856
2,122,1786607758.22436,0,1,44.837823,12.993774,34.26341,13.350641,-4.012335,-0.285467,4.022478,1.165172,-0.004611,1.165181,-3.070565,10.580432,6.002477
2,123,1786607758.26428,0,1,44.676842,12.983816,34.310018,13.350525,-4.024527,-0.248939,4.032218,1.165177,-0.002888,1.165181,-3.079816,10.373308,5.565451
2,124,1786607758.3044,0,1,44.515621,12.972351,34.356625,13.350471,-4.030511,-0.286624,4.04069,1.16518,-0.001369,1.165181,-3.070599,10.166031,6.199238
2,125,1786607758.34444,0,1,44.353994,12.962658,34.403232,13.350469,-4.040669,-0.24232,4.047929,1.165181,-3.8E-05,1.165181,-3.081694,9.958317,5.663788
2,126,1786607758.38442,0,1,44.192248,12.951235,34.449839,13.350514,-4.043667,-0.285592,4.05374,1.16518,0.001119,1.165181,-3.071083,9.750587,6.386797
2,127,1786607758.42443,0,1,44.030196,12.941786,34.496446,13.350599,-4.051304,-0.236219,4.058185,1.165179,0.002118,1.165181,-3.083352,9.54251,5.792329
2,128,1786607758.46443,0,1,43.868193,12.929903,34.543053,13.350718,-4.050064,-0.297081,4.060946,1.165177,0.002971,1.165181,-3.068372,9.33463,6.779086
2,129,1786607758.50439,0,1,43.706007,12.920005,34.58966,13.350865,-4.054649,-0.247443,4.062192,1.165175,0.003688,1.165181,-3.080641,9.126523,6.198185
2,130,1786607758.54441,0,1,43.544021,12.907681,34.636267,13.351036,-4.049647,-0.308101,4.061351,1.165173,0.004282,1.165181,-3.065658,8.91878,7.2001
2,131,1786607758.58435,0,1,43.382,12.897352,34.682874,13.351227,-4.050533,-0.258226,4.058756,1.165171,0.004762,1.165181,-3.077928,8.710958,6.634426
2,132,1786607758.62442,0,1,43.220365,12.884614,34.729481,13.351432,-4.040878,-0.318454,4.053407,1.165169,0.005137,1.165181,-3.062947,8.503707,7.65295
2,133,1786607758.66433,0,1,43.059284,12.86896,34.776088,13.351649,-4.027023,-0.391351,4.045994,1.165168,0.005416,1.165181,-3.044716,8.297248,8.885688
2,134,1786607758.7044,0,1,42.89894,12.849892,34.822694,13.351873,-4.008598,-0.476688,4.036841,1.165167,0.005606,1.165181,-3.023232,8.091831,10.338222
2,135,1786607758.74433,0,1,42.738895,12.831807,34.869301,13.352102,-4.001118,-0.452135,4.026583,1.165167,0.005715,1.165181,-3.029068,7.886775,10.229786
2,136,1786607758.78425,0,1,42.579828,12.810369,34.915908,13.352332,-3.976689,-0.53594,4.012641,1.165166,0.005748,1.165181,-3.007629,7.683059,11.720526
2,137,1786607758.82437,0,1,42.4219,12.785106,34.962514,13.35256,-3.94818,-0.631578,3.998377,1.165167,0.005713,1.165181,-2.98297,7.480939,13.438682
2,138,1786607758.86435,0,1,42.265265,12.75555,35.009121,13.352785,-3.915887,-0.738901,3.98499,1.165167,0.005614,1.165181,-2.955092,7.280681,15.39094
2,139,1786607758.90439,0,1,42.110075,12.721238,35.055728,13.353003,-3.879747,-0.857808,3.973446,1.165168,0.005456,1.165181,-2.923994,7.08258,17.585037
2,140,1786607758.94436,0,1,41.95537,12.68646,35.102334,13.353213,-3.867623,-0.86943,3.964142,1.165169,0.005245,1.165181,-2.920471,6.885394,18.226308
2,141,1786607758.98428,0,1,41.801069,12.651718,35.148941,13.353412,-3.857535,-0.868558,3.954108,1.16517,0.004985,1.165181,-2.920127,6.689034,18.710575
2,142,1786607759.02429,0,1,41.648235,12.612829,35.195548,13.353599,-3.820837,-0.972235,3.942593,1.165171,0.004679,1.165181,-2.892424,6.495068,20.825193
2,143,1786607759.06429,0,1,41.495747,12.573982,35.242155,13.353773,-3.812208,-0.971163,3.933966,1.165173,0.004331,1.165181,-2.892148,6.302022,21.399935
2,144,1786607759.10431,0,1,41.344758,12.531043,35.288762,13.353931,-3.774732,-1.073468,3.924403,1.165174,0.003945,1.165181,-2.864525,6.111647,23.61277
2,145,1786607759.14435,0,1,41.194047,12.488148,35.335369,13.354072,-3.767754,-1.072377,3.917392,1.165175,0.003524,1.165181,-2.864305,5.922325,24.294952
2,146,1786607759.18427,0,1,41.043492,12.44577,35.381976,13.354194,-3.763883,-1.05945,3.910147,1.165177,0.003071,1.165181,-2.867214,5.733934,24.836489
2,147,1786607759.22434,0,1,40.894335,12.39984,35.428583,13.354298,-3.728916,-1.148248,3.901703,1.165178,0.002587,1.165181,-2.842876,5.548463,27.020606
2,148,1786607759.26434,0,1,40.745268,12.354418,35.475188,13.354381,-3.726678,-1.135552,3.895845,1.165123,0.002091,1.165125,-2.845821,5.36411,27.690222
2,149,1786607759.30434,0,1,40.596121,12.309957,35.521788,13.354445,-3.728673,-1.111543,3.890827,1.165009,0.001584,1.16501,-2.851874,5.180715,28.230856
2,150,1786607759.34426,0,1,40.448094,12.262402,35.568382,13.354488,-3.700686,-1.188861,3.886961,1.164838,0.001066,1.164839,-2.830752,5.000424,30.424824
2,151,1786607759.38441,0,1,40.299856,12.21577,35.614967,13.354509,-3.705945,-1.165799,3.884986,1.164617,0.000539,1.164617,-2.836818,4.821298,31.124031
2,152,1786607759.42439,0,1,40.152671,12.166032,35.661541,13.354509,-3.67962,-1.243455,3.884042,1.164349,4E-06,1.164349,-2.815711,4.645722,33.49395
2,153,1786607759.46444,0,1,40.005172,12.117183,35.708102,13.354488,-3.687486,-1.221224,3.884449,1.164037,-0.00054,1.164038,-2.821781,4.471659,34.387168
2,154,1786607759.5044,0,1,39.85717,12.069668,35.75465,13.354444,-3.700041,-1.187886,3.886049,1.163686,-0.001091,1.163687,-2.83094,4.298991,35.187925
2,155,1786607759.54434,0,1,39.708484,12.023935,35.801181,13.354378,-3.717152,-1.143313,3.889008,1.163298,-0.001648,1.163299,-2.843198,4.127601,35.900524
2,156,1786607759.58434,0,1,39.558933,11.980441,35.847697,13.35429,-3.738774,-1.08735,3.893682,1.162877,-0.002212,1.162879,-2.858569,3.957365,36.52991
2,157,1786607759.62431,0,1,39.409665,11.935121,35.894194,13.354178,-3.731698,-1.132994,3.899903,1.162424,-0.00278,1.162427,-2.846824,3.791077,38.870979
2,158,1786607759.66428,0,1,39.259463,11.892029,35.940671,13.354044,-3.755057,-1.077297,3.906535,1.161943,-0.003353,1.161948,-2.862204,3.62655,39.782527
2,159,1786607759.70432,0,1,39.108775,11.849397,35.987129,13.353887,-3.767194,-1.065824,3.915065,1.161436,-0.003931,1.161443,-2.865876,3.46528,41.529339
2,160,1786607759.7443,0,1,38.956974,11.809482,36.033565,13.353706,-3.795029,-0.997854,3.924023,1.160905,-0.004513,1.160913,-2.884475,3.306199,42.575962
2,161,1786607759.78428,0,1,38.805091,11.768154,36.079979,13.353503,-3.797067,-1.033199,3.935126,1.160351,-0.005098,1.160362,-2.87592,3.152708,45.410827
2,162,1786607759.82426,0,1,38.652078,11.729566,36.12637,13.353275,-3.825342,-0.964714,3.945113,1.159777,-0.005686,1.159791,-2.894554,3.002604,46.890166
2,163,1786607759.86447,0,1,38.497825,11.694228,36.172737,13.353024,-3.85633,-0.883444,3.956229,1.159184,-0.006277,1.159201,-2.916389,2.856157,48.408546
2,164,1786607759.90439,0,1,38.342252,11.662671,36.21908,13.352749,-3.88931,-0.788919,3.968517,1.158574,-0.006871,1.158595,-2.941465,2.71371,49.986811
2,165,1786607759.94444,0,1,38.185643,11.633628,36.265398,13.352451,-3.915226,-0.726081,3.981983,1.157948,-0.007467,1.157973,-2.958225,2.577148,52.338084
2,166,1786607759.98441,0,1,38.028149,11.606337,36.311691,13.352128,-3.937353,-0.682272,3.996029,1.157308,-0.008064,1.157336,-2.970014,2.448268,55.316111
2,167,1786607760.02435,0,1,37.869503,11.58258,36.357957,13.351781,-3.966137,-0.593935,4.010362,1.156654,-0.008663,1.156686,-2.992946,2.326983,58.007373
2,168,1786607760.06441,0,1,37.710254,11.558821,36.404196,13.351411,-3.981248,-0.593974,4.025313,1.155988,-0.009264,1.156025,-2.993492,2.217919,62.408954
2,169,1786607760.10442,0,1,37.549819,11.539419,36.450409,13.351016,-4.010865,-0.485037,4.040087,1.15531,-0.009866,1.155352,-3.021246,2.1191,65.642879
2,170,1786607760.14435,0,1,37.388685,11.520708,36.496594,13.350597,-4.028339,-0.467779,4.055408,1.154622,-0.010469,1.154669,-3.025988,2.035761,70.633883
2,171,1786607760.18442,0,1,37.226491,11.506393,36.54275,13.350155,-4.054855,-0.357887,4.070618,1.153924,-0.011072,1.153977,-3.053559,1.966459,74.697134
2,172,1786607760.22434,0,1,37.063662,11.492204,36.588879,13.349688,-4.070721,-0.354714,4.086146,1.153217,-0.011677,1.153276,-3.054674,1.917202,80.641929
2,173,1786607760.26435,0,1,36.899942,11.481727,36.634991,13.349198,-4.093019,-0.261917,4.10139,1.15279,-0.012243,1.152855,-3.077689,1.886172,85.586379
2,174,1786607760.30436,0,1,36.735553,11.472407,36.681096,13.348687,-4.109708,-0.233021,4.116309,1.15262,-0.012775,1.152691,-3.084953,1.87707,91.582704
2,175,1786607760.34431,0,1,36.570405,11.467379,36.727203,13.348156,-4.128718,-0.125696,4.130631,1.152687,-0.013274,1.152763,-3.111158,1.887302,96.509466
2,176,1786607760.38431,0,1,36.404895,11.46251,36.773322,13.347606,-4.137741,-0.121721,4.139531,1.152971,-0.013745,1.153053,-3.112184,1.920762,102.743602
2,177,1786607760.42423,0,1,36.239314,11.462376,36.81946,13.347039,-4.13953,-0.003353,4.139531,1.153456,-0.014187,1.153543,-3.140783,1.971934,107.156086
2,178,1786607760.46444,0,1,36.073732,11.462416,36.865625,13.346454,-4.139531,0.001012,4.139531,1.154124,-0.014605,1.154217,3.141348,2.043696,112.783819
2,179,1786607760.50443,0,1,35.90818,11.465486,36.911824,13.345854,-4.13882,0.076742,4.139531,1.154963,-0.014999,1.15506,3.123053,2.131452,117.028745
2,180,1786607760.54421,0,1,35.742627,11.468585,36.958062,13.34524,-4.138806,0.077466,4.139531,1.155957,-0.015371,1.156059,3.122878,2.23587,121.857241
2,181,1786607760.58418,0,1,35.577216,11.476091,37.004346,13.344611,-4.135276,0.187649,4.139531,1.157095,-0.015724,1.157201,3.096246,2.351184,124.773532
2,182,1786607760.62417,0,1,35.412092,11.488379,37.05068,13.343968,-4.128116,0.307201,4.139531,1.158364,-0.016059,1.158476,3.067313,2.475517,127.190363
2,183,1786607760.66421,0,1,35.246995,11.50103,37.09707,13.343313,-4.127431,0.316275,4.139531,1.159755,-0.016376,1.159871,3.065115,2.610898,130.739047
2,184,1786607760.70427,0,1,35.081884,11.513501,37.143521,13.342646,-4.127772,0.311793,4.139531,1.161258,-0.016678,1.161378,3.0662,2.756106,134.099967
2,185,1786607760.74427,0,1,34.91672,11.525251,37.190035,13.341967,-4.129096,0.293742,4.139531,1.162864,-0.016965,1.162988,3.070573,2.910055,137.30082
2,186,1786607760.78427,0,1,34.751838,11.540451,37.236618,13.341278,-4.122052,0.380001,4.139531,1.164564,-0.01724,1.164692,3.049665,3.068731,138.80049
2,187,1786607760.82429,0,1,34.586884,11.554855,37.28322,13.340579,-4.123839,0.3601,4.139531,1.16505,-0.017482,1.165181,3.054492,3.234043,141.49387
2,188,1786607760.86421,0,1,34.421939,11.569359,37.329822,13.33987,-4.123619,0.362604,4.139531,1.165046,-0.017704,1.165181,3.053885,3.404481,143.638885
2,189,1786607760.9042,0,1,34.257151,11.585544,37.376423,13.339154,-4.119708,0.404623,4.139531,1.165043,-0.017913,1.165181,3.04369,3.578409,145.046544
2,190,1786607760.94426,0,1,34.092238,11.600408,37.423025,13.338429,-4.122818,0.371597,4.139531,1.16504,-0.018112,1.165181,3.051704,3.756975,147.293957
2,191,1786607760.98428,0,1,33.927636,11.618382,37.469627,13.337697,-4.115071,0.449345,4.139531,1.165037,-0.0183,1.165181,3.032829,3.937226,147.875908
2,192,1786607761.02421,0,1,33.762886,11.634961,37.516228,13.336958,-4.118727,0.414491,4.139531,1.165034,-0.018479,1.165181,3.041295,4.121209,149.860877
2,193,1786607761.06421,0,1,33.598412,11.65407,37.562829,13.336212,-4.111873,0.477724,4.139531,1.165031,-0.018649,1.165181,3.02593,4.306531,150.380992
2,194,1786607761.10426,0,1,33.433767,11.671662,37.60943,13.33546,-4.116103,0.43979,4.139531,1.165029,-0.01881,1.165181,3.03515,4.494929,152.176432
2,195,1786607761.14421,0,1,33.269441,11.69201,37.656031,13.334701,-4.108154,0.50871,4.139531,1.165026,-0.018964,1.165181,3.018391,4.68408,152.411113
2,196,1786607761.1842,0,1,33.104929,11.710795,37.702632,13.333937,-4.112807,0.469611,4.139531,1.165024,-0.01911,1.165181,3.027902,4.875804,154.041307
2,197,1786607761.22421,0,1,32.940702,11.731933,37.749233,13.333167,-4.105662,0.52845,4.139531,1.165022,-0.01925,1.165181,3.013584,5.068128,154.247957
2,198,1786607761.26415,0,1,32.776268,11.751384,37.795834,13.332405,-4.11087,0.486276,4.139531,1.165025,-0.019039,1.165181,3.02385,5.262668,155.770862
2,199,1786607761.30428,0,1,32.612106,11.773019,37.842436,13.331665,-4.104041,0.540889,4.139531,1.165034,-0.018506,1.165181,3.010554,5.45763,155.89788
2,200,1786607761.34427,0,1,32.447715,11.792835,37.889037,13.330958,-4.109781,0.495398,4.139531,1.165047,-0.017679,1.165181,3.02163,5.654539,157.342411
2,201,1786607761.38428,0,1,32.283512,11.814158,37.93564,13.330295,-4.105063,0.53308,4.139531,1.165063,-0.016581,1.165181,3.012456,5.851941,157.585394
2,202,1786607761.42428,0,1,32.119054,11.833411,37.982243,13.329685,-4.111455,0.481306,4.139531,1.165081,-0.015235,1.165181,3.025058,6.051101,159.006871
2,203,1786607761.46426,0,1,31.954897,11.85508,38.028847,13.329139,-4.103929,0.541738,4.139531,1.165101,-0.013661,1.165181,3.010347,6.250258,158.839043
2,204,1786607761.5042,0,1,31.79048,11.874679,38.075452,13.328664,-4.11043,0.489978,4.139531,1.16512,-0.011879,1.165181,3.022949,6.450965,160.176391
2,205,1786607761.54427,0,1,31.626312,11.896266,38.122058,13.328268,-4.104203,0.539661,4.139531,1.165139,-0.009906,1.165181,3.010853,6.651717,160.077034
2,206,1786607761.58429,0,1,31.461873,11.915689,38.168664,13.327957,-4.110953,0.485574,4.139531,1.165155,-0.007758,1.165181,3.02402,6.85387,161.372382
2,207,1786607761.62428,0,1,31.29772,11.937384,38.21527,13.327739,-4.103846,0.542371,4.139531,1.165168,-0.005449,1.165181,3.010192,7.055891,161.10688
2,208,1786607761.66427,0,1,31.133293,11.956904,38.261877,13.32762,-4.110665,0.488007,4.139531,1.165177,-0.002992,1.165181,3.023428,7.259172,162.345446
2,209,1786607761.70427,0,1,30.969047,11.977892,38.308485,13.327604,-4.106143,0.524695,4.139531,1.165181,-0.000401,1.165181,3.014498,7.462511,162.297852
2,210,1786607761.74427,0,1,30.804517,11.996521,38.355092,13.327696,-4.113249,0.465723,4.139531,1.165178,0.002315,1.165181,3.028848,7.667021,163.541625
2,211,1786607761.78426,0,1,30.640243,12.017281,38.401699,13.327902,-4.106866,0.519005,4.139531,1.165169,0.005143,1.165181,3.015884,7.871336,163.212719
2,212,1786607761.82427,0,1,30.475687,12.035682,38.448305,13.328225,-4.113891,0.460023,4.139531,1.165153,0.008075,1.165181,3.030233,8.076713,164.410751
2,213,1786607761.86421,0,1,30.311384,12.056214,38.49491,13.328669,-4.107581,0.513315,4.139531,1.165128,0.011102,1.165181,3.01727,8.281862,164.038676
2,214,1786607761.90421,0,1,30.146803,12.074387,38.541514,13.329238,-4.114524,0.454323,4.139531,1.165094,0.014216,1.165181,3.031619,8.487981,165.197281
2,215,1786607761.94416,0,1,29.982471,12.094692,38.588116,13.329934,-4.108289,0.507623,4.139531,1.165051,0.01741,1.165181,3.018655,8.693845,164.787836
2,216,1786607761.98421,0,1,29.817865,12.112637,38.634716,13.330761,-4.115149,0.448621,4.139531,1.164997,0.020676,1.165181,3.033004,8.9006,165.912242
2,217,1786607762.02421,0,1,29.653506,12.132714,38.681313,13.331721,-4.108988,0.50193,4.139531,1.164933,0.024008,1.165181,3.020041,9.107081,165.470252
2,218,1786607762.06423,0,1,29.488875,12.150431,38.727907,13.332817,-4.115767,0.442919,4.139531,1.164858,0.027401,1.165181,3.03439,9.314384,166.564822
2,219,1786607762.10421,0,1,29.324488,12.17028,38.774498,13.334051,-4.10968,0.496236,4.139531,1.164772,0.030849,1.165181,3.021426,9.5214,166.09433
2,220,1786607762.14421,0,1,29.159833,12.187769,38.821085,13.335425,-4.116377,0.437216,4.139531,1.164674,0.034348,1.165181,3.035776,9.729178,167.162728
2,221,1786607762.1842,0,1,28.995418,12.207391,38.867668,13.336941,-4.110363,0.490542,4.139531,1.164564,0.037892,1.165181,3.022812,9.936659,166.667146
2,222,1786607762.2242,0,1,28.830739,12.224651,38.914245,13.3386,-4.116979,0.431512,4.139531,1.164442,0.041478,1.165181,3.037161,10.14485,167.712473
2,223,1786607762.26421,0,1,28.666298,12.244045,38.960819,13.34038,-4.111039,0.484846,4.139531,1.16433,0.044504,1.165181,3.024197,10.352734,167.194828
2,224,1786607762.30421,0,1,28.501595,12.261077,39.007388,13.342261,-4.117573,0.425808,4.139531,1.164232,0.047016,1.165181,3.038547,10.56128,168.220098
2,225,1786607762.34421,0,1,28.337126,12.280243,39.053954,13.344223,-4.111707,0.47915,4.139531,1.164148,0.049057,1.165181,3.025583,10.769514,167.683313
2,226,1786607762.38428,0,1,28.1724,12.297048,39.100517,13.34625,-4.118159,0.420102,4.139531,1.164079,0.050664,1.165181,3.039932,10.978368,168.691158
2,227,1786607762.42427,0,1,28.007905,12.315986,39.147078,13.348325,-4.112367,0.473452,4.139531,1.164025,0.051874,1.165181,3.026968,11.186907,168.137669
2,228,1786607762.46427,0,1,27.843156,12.332561,39.193637,13.350433,-4.118737,0.414396,4.139531,1.163987,0.052718,1.165181,3.041318,11.39603,169.130289
2,229,1786607762.5042,0,1,27.678635,12.351272,39.240196,13.352562,-4.113019,0.467754,4.139531,1.163964,0.053226,1.165181,3.028354,11.604838,168.562141
2,230,1786607762.54421,0,1,27.513863,12.367619,39.286754,13.3547,-4.119307,0.408689,4.139531,1.163955,0.053426,1.165181,3.042703,11.814199,169.541387
2,231,1786607762.58419,0,1,27.349316,12.386101,39.333312,13.356833,-4.113663,0.462055,4.139531,1.163959,0.053343,1.165181,3.02974,12.023248,168.960305
2,232,1786607762.62429,0,1,27.184522,12.402221,39.379871,13.358953,-4.119869,0.402981,4.139531,1.163975,0.052999,1.165181,3.044089,12.23282,169.927741
2,233,1786607762.66427,0,1,27.019955,12.420474,39.426432,13.36105,-4.114176,0.456341,4.139408,1.164001,0.052415,1.165181,3.031125,12.44208,169.335186
2,234,1786607762.70426,0,1,26.855155,12.436363,39.472993,13.363114,-4.12,0.397232,4.139106,1.164037,0.051612,1.165181,3.045474,12.651826,170.292126
2,235,1786607762.74428,0,1,26.690593,12.454386,39.519556,13.365138,-4.114034,0.450556,4.138632,1.164081,0.050606,1.165181,3.032511,12.86125,169.689336
2,236,1786607762.78421,0,1,26.525816,12.470042,39.566122,13.367115,-4.119436,0.391419,4.13799,1.164132,0.049414,1.165181,3.046859,13.071125,170.636879
2,237,1786607762.82427,0,1,26.361287,12.48783,39.612689,13.369037,-4.113216,0.4447,4.137186,1.164189,0.048051,1.165181,3.033896,13.280669,170.024921
2,238,1786607762.86422,0,1,26.196559,12.503252,39.659259,13.370898,-4.118213,0.38555,4.136221,1.164251,0.04653,1.165181,3.048244,13.490631,170.964012
2,239,1786607762.90421,0,1,26.031628,12.515759,39.705832,13.372693,-4.123266,0.312658,4.135103,1.164317,0.044865,1.165181,3.06591,13.701029,172.077765
2,240,1786607762.94418,0,1,25.866876,12.529854,39.752407,13.374416,-4.118805,0.352375,4.133851,1.164384,0.043067,1.165181,3.056248,13.911192,171.629477
2,241,1786607762.98427,0,1,25.702376,12.546078,39.798985,13.376061,-4.112485,0.405595,4.132437,1.164454,0.041146,1.165181,3.043285,14.121022,170.99782
2,242,1786607763.02428,0,1,25.537723,12.559935,39.845566,13.377626,-4.116326,0.346429,4.130878,1.164524,0.039113,1.165181,3.057631,14.331189,171.918443
2,243,1786607763.06421,0,1,25.373331,12.575918,39.89215,13.379105,-4.1098,0.399589,4.12918,1.164594,0.036975,1.165181,3.044669,14.541018,171.28028
2,244,1786607763.10426,0,1,25.2088,12.589536,39.938737,13.380495,-4.113279,0.34045,4.127344,1.164663,0.034743,1.165181,3.059012,14.751157,172.194817
2,245,1786607763.14428,0,1,25.044538,12.605278,39.985326,13.381792,-4.106563,0.393544,4.125377,1.164729,0.032422,1.165181,3.046051,14.960953,171.550748
2,246,1786607763.18428,0,1,24.88015,12.618656,40.031918,13.382992,-4.109693,0.334442,4.123278,1.164794,0.030021,1.165181,3.060393,15.171034,172.459725
2,247,1786607763.2242,0,1,24.716038,12.634154,40.078509,13.384094,-4.1028,0.387465,4.121055,1.164789,0.027544,1.165115,3.047433,15.380765,171.810279
2,248,1786607763.26416,0,1,24.551814,12.647291,40.125103,13.385103,-4.105591,0.328411,4.118705,1.164841,0.025223,1.165114,3.061772,15.590756,172.714125
2,249,1786607763.30426,0,1,24.38786,12.662546,40.171701,13.386025,-4.098869,0.381388,4.116575,1.164946,0.023044,1.165174,3.048813,15.800413,172.059685
2,250,1786607763.34427,0,1,24.22378,12.675444,40.2183,13.386865,-4.101999,0.322438,4.114652,1.164991,0.020996,1.165181,3.063149,16.010335,172.958722
2,251,1786607763.38427,0,1,24.059949,12.69046,40.264901,13.387627,-4.095767,0.375406,4.112936,1.165025,0.019068,1.165181,3.050191,16.219942,172.299614
2,252,1786607763.42428,0,1,23.89598,12.703122,40.311503,13.388318,-4.099211,0.316543,4.111415,1.165053,0.017253,1.165181,3.064525,16.429817,173.194178
2,253,1786607763.46427,0,1,23.732243,12.717902,40.358106,13.388939,-4.093444,0.36951,4.110088,1.165077,0.015541,1.165181,3.051568,16.6394,172.530701
2,254,1786607763.5043,0,1,23.568356,12.730331,40.40471,13.389496,-4.097179,0.310718,4.108944,1.165097,0.013926,1.165181,3.065901,16.849253,173.421102
2,255,1786607763.54428,0,1,23.404682,12.744879,40.451315,13.389992,-4.09185,0.363691,4.107981,1.165115,0.012398,1.165181,3.052944,17.058836,172.75353
2,256,1786607763.58432,0,1,23.240847,12.757077,40.49792,13.39043,-4.095853,0.304955,4.107189,1.165129,0.010953,1.165181,3.067275,17.268691,173.640055
2,257,1786607763.62432,0,1,23.07721,12.771394,40.544526,13.390814,-4.090938,0.35794,4.106568,1.165141,0.009583,1.165181,3.054319,17.478295,172.968642
2,258,1786607763.66433,0,1,22.913845,12.788366,40.591132,13.391145,-4.084125,0.4243,4.106106,1.165151,0.008284,1.165181,3.038074,17.687561,172.115835
2,259,1786607763.70426,0,1,22.750314,12.803531,40.637738,13.391427,-4.088276,0.379126,4.105817,1.165159,0.007049,1.165181,3.049122,17.897083,172.819404
2,260,1786607763.74432,0,1,22.586588,12.816351,40.684345,13.391662,-4.093144,0.320492,4.105672,1.165166,0.005874,1.165181,3.063452,18.106899,173.702126
2,261,1786607763.78431,0,1,22.423042,12.831291,40.730952,13.391852,-4.088651,0.373494,4.105674,1.165171,0.004754,1.165181,3.050496,18.316489,173.02681
2,262,1786607763.82432,0,1,22.259755,12.848886,40.777559,13.391999,-4.082184,0.439874,4.105815,1.165175,0.003685,1.165181,3.034252,18.525767,172.169884
2,263,1786607763.86429,0,1,22.096271,12.864677,40.824166,13.392106,-4.087088,0.394775,4.106109,1.165178,0.002664,1.165181,3.045301,18.73532,172.869692
2,264,1786607763.90422,0,1,21.932562,12.878125,40.870773,13.392173,-4.09274,0.336201,4.106526,1.165179,0.001687,1.165181,3.059631,18.945187,173.749117
2,265,1786607763.9443,0,1,21.769018,12.893695,40.91738,13.392203,-4.088581,0.389249,4.107068,1.16518,0.000751,1.165181,3.046675,19.15485,173.07031
2,266,1786607763.98433,0,1,21.605723,12.911922,40.963987,13.392198,-4.082375,0.45569,4.107729,1.165181,-0.000148,1.165181,3.030429,19.364221,172.209594
2,267,1786607764.02433,0,1,21.442205,12.928348,41.010595,13.392157,-4.087949,0.41064,4.108522,1.16518,-0.001012,1.165181,3.041477,19.573885,172.906034
2,268,1786607764.06433,0,1,21.278472,12.942875,41.057202,13.392083,-4.093337,0.363174,4.109416,1.165179,-0.001844,1.165181,3.053101,19.78383,173.628754
2,269,1786607764.10431,0,1,21.11491,12.959621,41.103809,13.391977,-4.089038,0.418659,4.110414,1.165178,-0.002646,1.165181,3.039562,19.993574,172.914996
2,270,1786607764.14435,0,1,20.95161,12.979124,41.150416,13.391841,-4.0825,0.48756,4.111511,1.165176,-0.00342,1.165181,3.022729,20.203021,172.019062
2,271,1786607764.18433,0,1,20.788067,12.996921,41.197023,13.391674,-4.088585,0.444937,4.112724,1.165173,-0.004169,1.165181,3.033195,20.412773,172.681192
2,272,1786607764.22433,0,1,20.624243,13.012473,41.24363,13.391478,-4.095601,0.388796,4.114014,1.16517,-0.004893,1.165181,3.046946,20.62287,173.524123
2,273,1786607764.26432,0,1,20.46059,13.030248,41.290236,13.391253,-4.091321,0.444362,4.115381,1.165167,-0.005638,1.165181,3.033406,20.832774,172.808434
2,274,1786607764.30432,0,1,20.297209,13.050782,41.336843,13.390997,-4.084532,0.513352,4.116665,1.165163,-0.006402,1.165181,3.016566,21.042384,171.910117
2,275,1786607764.34433,0,1,20.134125,13.073906,41.383449,13.390709,-4.077105,0.578105,4.117887,1.165159,-0.007183,1.165181,3.000739,21.251686,171.075509
2,276,1786607764.38433,0,1,19.970811,13.095713,41.430055,13.39039,-4.082831,0.545183,4.119069,1.165153,-0.00798,1.165181,3.008847,21.461267,171.607517
2,277,1786607764.42436,0,1,19.807904,13.120662,41.476657,13.390038,-4.072684,0.623722,4.120168,1.16504,-0.008792,1.165073,2.989626,21.670427,170.580694
2,278,1786607764.46433,0,1,19.644757,13.144296,41.523242,13.389654,-4.078665,0.590841,4.121238,1.164636,-0.009615,1.164675,2.997732,21.879861,171.114876
2,279,1786607764.50425,0,1,19.482056,13.171068,41.569801,13.389236,-4.067534,0.669302,4.122232,1.163965,-0.01045,1.164012,2.978507,22.088822,170.089952
2,280,1786607764.54433,0,1,19.319962,13.20151,41.616323,13.388784,-4.052363,0.761053,4.123208,1.163048,-0.011293,1.163103,2.95595,22.297148,168.882248
2,281,1786607764.58433,0,1,19.157683,13.231177,41.662799,13.388298,-4.056964,0.741673,4.124201,1.161906,-0.012146,1.16197,2.960775,22.505664,169.239881
2,282,1786607764.62434,0,1,18.995133,13.259534,41.709221,13.387778,-4.063759,0.708937,4.125134,1.160556,-0.013006,1.160629,2.968877,22.714451,169.780647
2,283,1786607764.66433,0,1,18.833123,13.291019,41.755582,13.387223,-4.050234,0.787124,4.12601,1.159015,-0.013874,1.159098,2.949645,22.92266,168.761746
2,284,1786607764.70435,0,1,18.671831,13.326159,41.801874,13.386633,-4.0323,0.8785,4.126888,1.157297,-0.014747,1.157391,2.927079,23.130122,167.559476
2,285,1786607764.74434,0,1,18.510336,13.360529,41.84809,13.386008,-4.03738,0.859253,4.127803,1.155418,-0.015626,1.155524,2.931897,23.337768,167.922764
2,286,1786607764.78436,0,1,18.349624,13.398543,41.894226,13.385348,-4.01781,0.950354,4.128677,1.15339,-0.01651,1.153508,2.909326,23.544606,166.724232
2,287,1786607764.82434,0,1,18.188694,13.435792,41.940275,13.384652,-4.023239,0.931206,4.1296,1.151225,-0.017399,1.151356,2.914141,23.751636,167.091344
2,288,1786607764.86434,0,1,18.028139,13.474774,41.986232,13.38392,-4.013874,0.974561,4.130491,1.148934,-0.018291,1.149079,2.903404,23.958266,166.570047
2,289,1786607764.90433,0,1,17.86738,13.512558,42.032094,13.383153,-4.018987,0.944604,4.128503,1.146527,-0.019186,1.146687,2.910747,24.16506,167.080358
2,290,1786607764.94433,0,1,17.706306,13.548613,42.077854,13.382349,-4.026843,0.901369,4.126492,1.144013,-0.020085,1.144189,2.921382,24.372115,167.773751
2,291,1786607764.98437,0,1,17.544821,13.582404,42.12351,13.38151,-4.037123,0.844783,4.124563,1.141401,-0.020985,1.141594,2.935315,24.57951,168.649473
2,292,1786607765.02434,0,1,17.382846,13.613394,42.169058,13.380634,-4.049369,0.774736,4.122815,1.138699,-0.021888,1.13891,2.952554,24.787305,169.706935
2,293,1786607765.06433,0,1,17.220327,13.641037,42.214495,13.379723,-4.062984,0.691089,4.12134,1.135914,-0.022792,1.136143,2.973111,24.995534,170.945735
2,294,1786607765.10432,0,1,17.057238,13.664784,42.259817,13.378775,-4.077218,0.593677,4.120213,1.133052,-0.023697,1.1333,2.997,25.204201,172.365669
2,295,1786607765.1443,0,1,16.893592,13.684077,42.305022,13.377791,-4.091163,0.482325,4.119497,1.130121,-0.024603,1.130388,3.02424,25.413276,173.966749
2,296,1786607765.18429,0,1,16.729442,13.698352,42.350107,13.37677,-4.103744,0.356859,4.119231,1.127124,-0.02551,1.127413,3.054851,25.622683,175.749214
2,297,1786607765.22425,0,1,16.564894,13.707037,42.395069,13.375713,-4.113706,0.217127,4.119432,1.124068,-0.026418,1.124378,3.08886,25.8323,177.713541
2,298,1786607765.26433,0,1,16.400126,13.710456,42.43993,13.37462,-4.11919,0.085488,4.120077,1.121509,-0.027339,1.121842,3.120842,26.041969,179.549978
2,299,1786607765.30432,0,1,16.235281,13.709923,42.484706,13.373489,-4.121138,-0.013334,4.12116,1.119408,-0.028274,1.119765,-3.138357,26.251581,179.080306
2,300,1786607765.34429,0,1,16.07044,13.705436,42.529415,13.37232,-4.121025,-0.112171,4.122551,1.117727,-0.02922,1.118109,-3.11438,26.461072,177.719527
2,301,1786607765.38433,0,1,15.905577,13.69956,42.574072,13.371113,-4.121557,-0.146914,4.124174,1.116434,-0.030177,1.116842,-3.105962,26.670518,177.252928
2,302,1786607765.42433,0,1,15.74068,13.692831,42.618692,13.369867,-4.122438,-0.168219,4.125869,1.115497,-0.031143,1.115932,-3.10081,26.879953,176.97487
2,303,1786607765.4643,0,1,15.575726,13.685788,42.663288,13.368583,-4.123835,-0.176074,4.127592,1.114888,-0.032117,1.11535,-3.098922,27.089419,176.884223
2,304,1786607765.50432,0,1,15.410694,13.67897,42.707871,13.367259,-4.125799,-0.17045,4.129319,1.11458,-0.033099,1.115071,-3.100303,27.298956,176.980034
3,0,1786607805.49254,0,1,59.48,13.100032,29.003536,13.39999,-0.499999,0.000796,0.5,0.0884,-0.000259,0.0884,3.14,30.47794,0.47265
3,0,1786607805.5325,0,1,59.48,13.100032,29.010208,13.399969,-0.499999,0.000796,0.5,0.166799,-0.000517,0.1668,3.14,30.471268,0.472735
3,1,1786607805.57251,0,1,59.45718,13.100504,29.020016,13.399938,-0.57051,0.011816,0.570632,0.245199,-0.000776,0.2452,3.120885,30.438637,0.622811
3,2,1786607805.61257,0,1,59.431532,13.100922,29.03296,13.399896,-0.641182,0.010445,0.641267,0.323598,-0.001035,0.3236,3.125304,30.400043,0.369799
3,3,1786607805.65249,0,1,59.40306,13.101373,29.04904,13.399845,-0.711812,0.011272,0.711901,0.401998,-0.001295,0.402,3.125758,30.355488,0.343868
3,4,1786607805.69249,0,1,59.371762,13.101847,29.068256,13.399783,-0.782446,0.011841,0.782535,0.480397,-0.001554,0.4804,3.126461,30.304971,0.303678
3,5,1786607805.73255,0,1,59.337639,13.102349,29.090608,13.39971,-0.853077,0.012559,0.853169,0.558797,-0.001813,0.5588,3.126871,30.248493,0.280216
3,6,1786607805.77256,0,1,59.300691,13.102883,29.116095,13.399627,-0.923707,0.013356,0.923803,0.637197,-0.002073,0.6372,3.127134,30.186054,0.265153
3,7,1786607805.81258,0,1,59.260917,13.103453,29.144719,13.399534,-0.994335,0.014241,0.994437,0.715596,-0.002333,0.7156,3.127271,30.117653,0.257296
3,8,1786607805.85257,0,1,59.218319,13.104062,29.176479,13.39943,-1.064962,0.015212,1.065071,0.793996,-0.002593,0.794,3.12731,30.043292,0.255045
3,9,1786607805.89256,0,1,59.172895,13.104712,29.211375,13.399316,-1.135588,0.016267,1.135705,0.872395,-0.002853,0.8724,3.127269,29.962969,0.257344
3,10,1786607805.93256,0,1,59.124647,13.105409,29.249274,13.399192,-1.206213,0.017407,1.206338,0.947466,-0.003102,0.947471,3.127163,29.876818,0.263376
3,11,1786607805.97255,0,1,59.073573,13.106154,29.289935,13.399059,-1.276836,0.018631,1.276972,1.016531,-0.003332,1.016537,3.127002,29.785079,0.272521
3,12,1786607806.01253,0,1,59.019675,13.106951,29.333138,13.398917,-1.347458,0.019939,1.347606,1.08007,-0.003543,1.080076,3.126796,29.687973,0.284294
3,13,1786607806.05254,0,1,58.962952,13.107805,29.378679,13.398767,-1.418079,0.021331,1.418239,1.138526,-0.003738,1.138532,3.126551,29.585704,0.298314
3,14,1786607806.09255,0,1,58.903404,13.108717,29.426371,13.398611,-1.488698,0.022808,1.488873,1.192304,-0.003917,1.19231,3.126273,29.478459,0.314273
3,15,1786607806.13255,0,1,58.841031,13.109692,29.476042,13.398447,-1.559316,0.024368,1.559506,1.24178,-0.004082,1.241786,3.125966,29.366409,0.331925
3,16,1786607806.17257,0,1,58.775834,13.110732,29.527534,13.398278,-1.629932,0.026013,1.630139,1.287297,-0.004234,1.287304,3.125635,29.249714,0.351066
3,17,1786607806.21252,0,1,58.707812,13.111842,29.580701,13.398103,-1.700547,0.027742,1.700773,1.329172,-0.004374,1.329179,3.125281,29.128518,0.371531
3,18,1786607806.25249,0,1,58.636966,13.113024,29.635409,13.397923,-1.77116,0.029555,1.771406,1.367697,-0.004503,1.367704,3.124907,29.002957,0.393179
3,19,1786607806.2925,0,1,58.563295,13.114282,29.691534,13.397738,-1.841771,0.031453,1.842039,1.403139,-0.004622,1.403146,3.124516,28.873152,0.415896
3,20,1786607806.33257,0,1,58.4868,13.11562,29.748964,13.397549,-1.91238,0.033436,1.912673,1.435745,-0.004732,1.435753,3.12411,28.739219,0.439582
3,21,1786607806.37253,0,1,58.40748,13.11704,29.807594,13.397355,-1.982988,0.035503,1.983306,1.465742,-0.004833,1.46575,3.123691,28.60126,0.464156
3,22,1786607806.41256,0,1,58.325337,13.118546,29.867327,13.397158,-2.053594,0.037655,2.053939,1.493339,-0.004926,1.493347,3.123258,28.459373,0.489545
3,23,1786607806.45252,0,1,58.240369,13.120142,29.928074,13.396947,-2.124197,0.039892,2.124572,1.518664,-0.005289,1.518674,3.122815,28.313648,0.515712
3,24,1786607806.49254,0,1,58.15258,13.12177,29.98975,13.396711,-2.194712,0.040704,2.19509,1.5419,-0.005901,1.541911,3.123048,28.164172,0.503175
3,25,1786607806.53251,0,1,58.062047,13.12344,30.052278,13.396441,-2.263339,0.041762,2.263724,1.563213,-0.006741,1.563228,3.123143,28.011099,0.498641
3,26,1786607806.57252,0,1,57.968841,13.125145,30.115589,13.396129,-2.330136,0.04263,2.330526,1.582757,-0.007792,1.582777,3.1233,27.854571,0.490703
3,27,1786607806.6125,0,1,57.873035,13.126882,30.179616,13.395768,-2.39515,0.043407,2.395544,1.600675,-0.009035,1.6007,3.123472,27.694725,0.481952
3,28,1786607806.65255,0,1,57.774698,13.128644,30.244299,13.39535,-2.458431,0.044054,2.458825,1.617095,-0.010455,1.617128,3.123675,27.53169,0.471559
3,29,1786607806.69251,0,1,57.673897,13.130427,30.309585,13.394868,-2.520024,0.044572,2.520418,1.632137,-0.012039,1.632182,3.123907,27.36559,0.459615
3,30,1786607806.7325,0,1,57.570698,13.132225,30.375421,13.394317,-2.579975,0.044952,2.580366,1.645913,-0.013772,1.64597,3.124171,27.19654,0.44601
3,31,1786607806.77251,0,1,57.465165,13.134032,30.441762,13.393692,-2.638328,0.045188,2.638715,1.658523,-0.015642,1.658596,3.124467,27.02465,0.430721
3,32,1786607806.8125,0,1,57.35736,13.135843,30.508565,13.392986,-2.695126,0.045277,2.695506,1.67006,-0.017638,1.670153,3.124795,26.850027,0.41373
3,33,1786607806.85249,0,1,57.247343,13.137652,30.575789,13.392196,-2.75041,0.045216,2.750782,1.680611,-0.01975,1.680727,3.125155,26.672769,0.395041
3,34,1786607806.8925,0,1,57.135175,13.139452,30.643399,13.391317,-2.804222,0.045001,2.804583,1.690253,-0.021967,1.690396,3.125546,26.492973,0.374674
3,35,1786607806.93255,0,1,57.02091,13.141237,30.711362,13.390346,-2.856601,0.044633,2.85695,1.699061,-0.024282,1.699235,3.125969,26.310728,0.352662
3,36,1786607806.97255,0,1,56.904607,13.143002,30.779646,13.389279,-2.907585,0.04411,2.90792,1.707101,-0.026684,1.707309,3.126423,26.126122,0.329049
3,37,1786607807.01252,0,1,56.786319,13.144739,30.848223,13.388112,-2.957212,0.043434,2.957531,1.714433,-0.029168,1.714681,3.126906,25.939237,0.303887
3,38,1786607807.05249,0,1,56.666098,13.146443,30.917068,13.386843,-3.005518,0.042605,3.00582,1.721115,-0.031726,1.721408,3.127418,25.750152,0.277238
3,39,1786607807.09255,0,1,56.543996,13.148108,30.986156,13.385469,-3.052539,0.041626,3.052823,1.727199,-0.034352,1.727541,3.127957,25.558943,0.249171
3,40,1786607807.13255,0,1,56.420064,13.149728,31.055465,13.383987,-3.098308,0.0405,3.098573,1.732733,-0.037039,1.733129,3.128522,25.365681,0.219759
3,41,1786607807.17256,0,1,56.29435,13.151298,31.124975,13.382396,-3.14286,0.03923,3.143105,1.73776,-0.039782,1.738215,3.129111,25.170435,0.189078
3,42,1786607807.2126,0,1,56.166901,13.15281,31.194668,13.380693,-3.186227,0.037819,3.186451,1.742321,-0.042576,1.742842,3.129724,24.973272,0.157211
3,43,1786607807.2526,0,1,56.037763,13.154261,31.264526,13.378876,-3.22844,0.036273,3.228644,1.746454,-0.045417,1.747045,3.130358,24.774255,0.12424
3,44,1786607807.2926,0,1,55.906982,13.155645,31.334534,13.376944,-3.269531,0.034596,3.269714,1.750193,-0.0483,1.750859,3.131012,24.573444,0.09025
3,45,1786607807.33261,0,1,55.774601,13.156957,31.404677,13.374896,-3.309529,0.032793,3.309691,1.753568,-0.05122,1.754316,3.131684,24.370898,0.055327
3,46,1786607807.37261,0,1,55.640662,13.158192,31.474941,13.372729,-3.348463,0.03087,3.348606,1.75661,-0.054175,1.757445,3.132374,24.166673,0.019556
3,47,1786607807.41256,0,1,55.505207,13.159345,31.545315,13.370442,-3.386363,0.028832,3.386486,1.759345,-0.057161,1.760273,3.133079,23.960822,0.016977
3,48,1786607807.4526,0,1,55.368277,13.160412,31.615791,13.368058,-3.423256,0.026685,3.42336,1.7619,-0.059599,1.762908,3.133798,23.753394,0.054244
3,49,1786607807.4926,0,1,55.22992,13.161654,31.686363,13.365597,-3.458934,0.031041,3.459074,1.76429,-0.061533,1.765363,3.132619,23.544441,0.017869
3,50,1786607807.53262,0,1,55.09018,13.162969,31.757024,13.363077,-3.493504,0.032876,3.493658,1.766528,-0.063002,1.767651,3.132182,23.334014,0.047809
3,51,1786607807.57261,0,1,54.949102,13.164438,31.827769,13.360515,-3.526953,0.036724,3.527144,1.768626,-0.064043,1.769786,3.131181,23.122164,0.110686
3,52,1786607807.61252,0,1,54.806728,13.166045,31.898593,13.357927,-3.559334,0.040183,3.559561,1.770596,-0.06469,1.771777,3.130304,22.908939,0.166902
3,53,1786607807.65256,0,1,54.663102,13.167826,31.96949,13.355328,-3.590662,0.044522,3.590938,1.772447,-0.064975,1.773638,3.129194,22.694386,0.237015
3,54,1786607807.69254,0,1,54.518263,13.169786,32.040458,13.352731,-3.620971,0.048996,3.621302,1.774189,-0.064926,1.775377,3.128062,22.478549,0.308911
3,55,1786607807.73253,0,1,54.372252,13.171946,32.111491,13.350149,-3.650283,0.054001,3.650682,1.775831,-0.06457,1.777005,3.1268,22.261474,0.388894
3,56,1786607807.77257,0,1,54.225107,13.174316,32.182586,13.347591,-3.678627,0.059261,3.679104,1.777381,-0.063931,1.77853,3.125485,22.043201,0.472538
3,57,1786607807.81255,0,1,54.076865,13.176913,32.25374,13.34507,-3.706026,0.06491,3.706595,1.778846,-0.063033,1.779962,3.12408,21.823773,0.561937
3,58,1786607807.85256,0,1,53.927565,13.179746,32.32495,13.342594,-3.732507,0.070822,3.733179,1.780233,-0.061896,1.781309,3.12262,21.603229,0.655119
3,59,1786607807.89254,0,1,53.777241,13.182828,32.396212,13.340173,-3.758092,0.077043,3.758882,1.781548,-0.060539,1.782577,3.121095,21.381609,0.752791
3,60,1786607807.93255,0,1,53.625929,13.186168,32.467523,13.337813,-3.782805,0.0835,3.783727,1.782797,-0.05898,1.783773,3.119523,21.158949,0.853882
3,61,1786607807.97257,0,1,53.473663,13.189776,32.538883,13.335524,-3.806669,0.090207,3.807738,1.783986,-0.057236,1.784904,3.1179,20.935287,0.958604
3,62,1786607808.01255,0,1,53.320474,13.19366,32.610288,13.333311,-3.829707,0.097115,3.830938,1.785118,-0.055322,1.785975,3.11624,20.710657,1.066271
3,63,1786607808.05255,0,1,53.166397,13.197829,32.681736,13.331181,-3.851939,0.104223,3.853349,1.786199,-0.053251,1.786993,3.114542,20.485095,1.176911
3,64,1786607808.09261,0,1,53.011461,13.202289,32.753225,13.32914,-3.873388,0.111495,3.874992,1.787233,-0.051037,1.787962,3.112816,20.258633,1.29003
3,65,1786607808.13255,0,1,52.855698,13.207046,32.824754,13.327192,-3.894074,0.118924,3.89589,1.788223,-0.048692,1.788886,3.111062,20.031305,1.4056
3,66,1786607808.17252,0,1,52.699137,13.212105,32.896321,13.325343,-3.914018,0.126481,3.916061,1.789173,-0.046226,1.789771,3.109289,19.80314,1.523236
3,67,1786607808.21254,0,1,52.541808,13.217472,32.967924,13.323597,-3.933239,0.134159,3.935527,1.790087,-0.043649,1.790619,3.107497,19.574171,1.642906
3,68,1786607808.25257,0,1,52.383738,13.223149,33.039563,13.321958,-3.951758,0.141932,3.954306,1.790966,-0.040972,1.791435,3.105692,19.344427,1.764294
3,69,1786607808.29255,0,1,52.224954,13.229141,33.111235,13.32043,-3.969591,0.149793,3.972417,1.791814,-0.038202,1.792222,3.103875,19.113936,1.887392
3,70,1786607808.33255,0,1,52.065484,13.235449,33.182941,13.319016,-3.986759,0.15772,3.989878,1.792634,-0.035347,1.792982,3.102052,18.882728,2.011926
3,71,1786607808.37254,0,1,51.905352,13.242078,33.254678,13.317719,-4.003279,0.165709,4.006708,1.793427,-0.032416,1.79372,3.100223,18.650828,2.137932
3,72,1786607808.41256,0,1,51.744586,13.249027,33.326446,13.316543,-4.019169,0.173736,4.022923,1.794196,-0.029414,1.794437,3.098393,18.418264,2.265147
3,73,1786607808.45254,0,1,51.583208,13.256299,33.398242,13.315478,-4.034446,0.181804,4.03854,1.794901,-0.026631,1.795099,3.09656,18.185062,2.393716
3,74,1786607808.49254,0,1,51.421194,13.263139,33.470064,13.314516,-4.050349,0.170997,4.053957,1.795549,-0.024051,1.79571,3.0994,17.951204,2.253486
3,75,1786607808.5326,0,1,51.25859,13.27042,33.541909,13.313649,-4.065104,0.182025,4.069178,1.796142,-0.021657,1.796273,3.096845,17.716733,2.424046
3,76,1786607808.57256,0,1,51.095354,13.277002,33.613777,13.312872,-4.080891,0.164545,4.084207,1.796686,-0.019436,1.796792,3.101294,17.481614,2.191398
3,77,1786607808.61261,0,1,50.931554,13.284287,33.685664,13.312177,-4.095003,0.18211,4.09905,1.797185,-0.017374,1.797269,3.097151,17.245912,2.453678
3,78,1786607808.65255,0,1,50.76712,13.290436,33.75757,13.311559,-4.11084,0.153731,4.113713,1.797642,-0.015459,1.797709,3.104213,17.009563,2.070519
3,79,1786607808.69249,0,1,50.602157,13.29781,33.829492,13.311011,-4.124081,0.184348,4.128199,1.798061,-0.013679,1.798113,3.096922,16.77267,2.514348
3,80,1786607808.73255,0,1,50.436546,13.303268,33.90143,13.310531,-4.140267,0.136463,4.142515,1.798444,-0.012024,1.798485,3.108645,16.535118,1.862622
3,81,1786607808.77254,0,1,50.270459,13.310981,33.973382,13.310111,-4.15219,0.19283,4.156665,1.798795,-0.010484,1.798826,3.095185,16.297077,2.662002
3,82,1786607808.81256,0,1,50.103721,13.316416,34.045347,13.309749,-4.16844,0.135863,4.170653,1.799116,-0.00905,1.799139,3.109011,16.058376,1.890585
3,83,1786607808.85253,0,1,49.936494,13.32356,34.117323,13.309441,-4.18067,0.178592,4.184483,1.799409,-0.007715,1.799426,3.0989,15.819178,2.497244
3,84,1786607808.89254,0,1,49.768634,13.32828,34.18931,13.309182,-4.1965,0.118009,4.198159,1.799677,-0.006471,1.799689,3.113479,15.579336,1.681014
3,85,1786607808.93254,0,1,49.600307,13.335166,34.261307,13.308969,-4.20817,0.172151,4.21169,1.799922,-0.00531,1.79993,3.100707,15.339023,2.44045
3,86,1786607808.97258,0,1,49.431363,13.339609,34.333313,13.3088,-4.223613,0.111064,4.225073,1.800146,-0.004226,1.80015,3.115303,15.098082,1.623222
3,87,1786607809.01254,0,1,49.26196,13.34623,34.405327,13.308672,-4.235084,0.165539,4.238318,1.800349,-0.003214,1.800352,3.102525,14.85668,2.383258
3,88,1786607809.05256,0,1,49.091954,13.350389,34.477348,13.308581,-4.250152,0.103959,4.251423,1.800535,-0.002268,1.800536,3.117137,14.614665,1.565085
3,89,1786607809.09254,0,1,48.921496,13.356739,34.549376,13.308526,-4.261443,0.15876,4.264399,1.800703,-0.001382,1.800704,3.104355,14.3722,2.325768
3,90,1786607809.13255,0,1,48.75045,13.360607,34.621411,13.308504,-4.27615,0.096697,4.277243,1.800857,-0.000552,1.800857,3.118983,14.129135,1.506699
3,91,1786607809.17256,0,1,48.578959,13.36668,34.69345,13.308513,-4.287277,0.151818,4.289964,1.800996,0.000225,1.800996,3.106196,13.88563,2.268078
3,92,1786607809.21256,0,1,48.406893,13.370251,34.765495,13.308551,-4.301635,0.089281,4.302561,1.801122,0.000955,1.801123,3.12084,13.641538,1.448159
3,93,1786607809.25255,0,1,48.234388,13.376012,34.837545,13.308616,-4.312638,0.144033,4.315042,1.801237,0.001641,1.801237,3.108207,13.397013,2.201077
3,94,1786607809.29253,0,1,48.061322,13.379247,34.909598,13.308708,-4.32665,0.080875,4.327406,1.80134,0.002286,1.801342,3.122902,13.151913,1.378172
3,95,1786607809.33254,0,1,47.887819,13.384644,34.981656,13.308824,-4.337562,0.134914,4.33966,1.801433,0.002893,1.801436,3.110499,12.906386,2.118125
3,96,1786607809.37255,0,1,47.71377,13.387481,35.053716,13.308962,-4.351225,0.070943,4.351803,1.801517,0.003465,1.801521,3.12529,12.660297,1.289426
3,97,1786607809.41257,0,1,47.53929,13.392541,35.12578,13.309122,-4.362011,0.126479,4.363844,1.801593,0.004005,1.801597,3.112605,12.41379,2.045878
3,98,1786607809.45255,0,1,47.364276,13.395023,35.197845,13.309297,-4.37534,0.062051,4.375779,1.801633,0.004376,1.801638,3.127412,12.166733,1.216212
3,99,1786607809.49268,0,1,47.188845,13.399737,35.269911,13.309481,-4.385779,0.117872,4.387363,1.801642,0.00459,1.801648,3.114723,11.919276,1.973375
3,100,1786607809.53267,0,1,47.013046,13.401856,35.341976,13.309668,-4.394987,0.052953,4.395306,1.801621,0.004662,1.801627,3.129545,11.671434,1.142857
3,101,1786607809.57261,0,1,46.837006,13.406212,35.414039,13.309852,-4.400984,0.1089,4.402332,1.801573,0.004601,1.801579,3.116853,11.423374,1.900786
3,102,1786607809.6127,0,1,46.660724,13.410463,35.486099,13.310028,-4.407057,0.106281,4.408339,1.8015,0.004419,1.801505,3.117481,11.175077,1.896421
3,103,1786607809.65265,0,1,46.484315,13.41689,35.558155,13.310193,-4.410224,0.160678,4.41315,1.801404,0.004125,1.801409,3.105176,10.926681,2.646028
3,104,1786607809.6926,0,1,46.307702,13.421127,35.630207,13.310342,-4.415332,0.105931,4.416603,1.801287,0.003728,1.801291,3.117606,10.67807,1.968806
3,105,1786607809.7327,0,1,46.131106,13.428034,35.702253,13.310472,-4.414886,0.172677,4.418261,1.801151,0.003237,1.801154,3.1025,10.429516,2.885696
3,106,1786607809.77268,0,1,45.954453,13.432745,35.774292,13.310578,-4.41633,0.117776,4.4179,1.800997,0.002659,1.800999,3.114931,10.180894,2.21517
3,107,1786607809.81257,0,1,45.778025,13.440119,35.846326,13.310658,-4.410702,0.184336,4.414552,1.800826,0.002001,1.800828,3.099824,9.932543,3.139977
3,108,1786607809.85268,0,1,45.602039,13.450764,35.918351,13.310709,-4.399655,0.266134,4.407697,1.800641,0.001271,1.800641,3.081177,9.6847,4.290193
3,109,1786607809.89275,0,1,45.42678,13.465275,35.990369,13.310728,-4.381464,0.362761,4.396455,1.800441,0.000473,1.800441,3.058987,9.437677,5.67127
3,110,1786607809.9327,0,1,45.252606,13.484217,36.062378,13.310713,-4.354351,0.47357,4.380028,1.800229,-0.000387,1.800229,3.033261,9.191866,7.288541
3,111,1786607809.97269,0,1,45.079948,13.508122,36.134378,13.31066,-4.316461,0.597615,4.357634,1.800005,-0.001302,1.800005,3.004017,8.947749,9.147032
3,112,1786607810.01271,0,1,44.909302,13.537468,36.206369,13.31057,-4.266158,0.733658,4.328782,1.79977,-0.00227,1.799771,2.971287,8.70589,11.251246
3,113,1786607810.05268,0,1,44.740724,13.572779,36.27835,13.310438,-4.214433,0.882758,4.305892,1.799525,-0.003285,1.799528,2.935117,8.46644,13.60582
3,114,1786607810.09274,0,1,44.573724,13.612069,36.350321,13.310265,-4.175008,0.982268,4.289003,1.799271,-0.004343,1.799276,2.910522,8.228939,15.341237
3,115,1786607810.13268,0,1,44.408261,13.655272,36.422281,13.310047,-4.136571,1.080072,4.275251,1.799008,-0.00544,1.799017,2.886191,7.993438,17.108706
3,116,1786607810.17277,0,1,44.244206,13.702389,36.494231,13.309784,-4.101388,1.177916,4.267186,1.798738,-0.006574,1.79875,2.86192,7.759913,18.924095
3,117,1786607810.21275,0,1,44.081481,13.75341,36.566169,13.309474,-4.068124,1.275519,4.2634,1.798461,-0.007741,1.798478,2.837761,7.528412,20.788863
3,118,1786607810.25275,0,1,43.919217,13.805768,36.638096,13.309117,-4.056583,1.308954,4.262538,1.798177,-0.008937,1.798199,2.829466,7.29804,21.785692
3,119,1786607810.29279,0,1,43.757242,13.858912,36.710012,13.30871,-4.049392,1.328606,4.26178,1.797887,-0.010161,1.797916,2.824559,7.068675,22.6289
3,120,1786607810.33277,0,1,43.597134,13.917301,36.781915,13.308254,-4.0027,1.459736,4.260568,1.797592,-0.01141,1.797628,2.791893,6.842378,25.143009
3,121,1786607810.3726,0,1,43.437217,13.97651,36.853807,13.307747,-3.997915,1.48022,4.263141,1.797291,-0.012681,1.797336,2.786995,6.61729,26.117357
3,122,1786607810.41276,0,1,43.277279,14.036005,36.925686,13.307188,-3.998445,1.487358,4.266122,1.796986,-0.013972,1.79704,2.785469,6.39327,26.950205
3,123,1786607810.45276,0,1,43.117109,14.095248,36.997557,13.306585,-4.004262,1.481091,4.269397,1.796762,-0.015065,1.796825,2.787319,6.170162,27.641927
3,124,1786607810.49274,0,1,42.956499,14.1537,37.069421,13.305946,-4.015232,1.461299,4.272878,1.796613,-0.015975,1.796684,2.792554,5.947804,28.192814
3,125,1786607810.53276,0,1,42.795221,14.210824,37.141283,13.305278,-4.031964,1.428106,4.277408,1.796534,-0.016717,1.796611,2.801185,5.725996,28.603284
3,126,1786607810.57275,0,1,42.633056,14.266075,37.213143,13.304586,-4.054117,1.381255,4.282959,1.796518,-0.017303,1.796601,2.813223,5.504536,28.873776
3,127,1786607810.6127,0,1,42.469907,14.3192,37.285006,13.303876,-4.078724,1.328143,4.289517,1.79656,-0.017747,1.796648,2.826794,5.283378,29.116301
3,128,1786607810.65261,0,1,42.307144,14.374439,37.356872,13.303153,-4.06908,1.380973,4.297034,1.796656,-0.018059,1.796747,2.814408,5.064864,30.957348
3,129,1786607810.69273,0,1,42.143274,14.427317,37.428744,13.302423,-4.096759,1.321935,4.304759,1.796802,-0.01825,1.796894,2.829462,4.846873,31.303707
3,130,1786607810.73274,0,1,41.978411,14.478189,37.500624,13.30169,-4.121568,1.271815,4.313332,1.796993,-0.018329,1.797086,2.842287,4.629765,31.870177
3,131,1786607810.77278,0,1,41.81371,14.530818,37.572513,13.300958,-4.117534,1.31573,4.322642,1.797226,-0.018306,1.797319,2.832304,4.415915,33.892007
3,132,1786607810.81274,0,1,41.647759,14.580697,37.644413,13.30023,-4.14876,1.246965,4.332105,1.797498,-0.018188,1.79759,2.849619,4.203139,34.465681
3,133,1786607810.85276,0,1,41.481189,14.629928,37.716325,13.299511,-4.164258,1.230776,4.342333,1.797805,-0.017983,1.797894,2.854217,3.99302,35.927667
3,134,1786607810.89259,0,1,41.31373,14.677631,37.788251,13.298803,-4.186467,1.192573,4.353014,1.798144,-0.017697,1.798231,2.864079,3.785521,37.260989
3,135,1786607810.93272,0,1,41.145814,14.72537,37.860191,13.29811,-4.1979,1.193461,4.364255,1.798514,-0.017339,1.798597,2.864601,3.582232,39.350337
3,136,1786607810.97269,0,1,40.976623,14.770218,37.932148,13.297433,-4.229772,1.121221,4.375855,1.798911,-0.016913,1.79899,2.882474,3.382001,40.662099
3,137,1786607811.01261,0,1,40.807304,14.816486,38.004121,13.296776,-4.232991,1.156692,4.388183,1.799333,-0.016424,1.799408,2.874848,3.188628,43.74711
3,138,1786607811.05268,0,1,40.636609,14.859492,38.076112,13.296141,-4.267373,1.075153,4.400731,1.799779,-0.015879,1.799849,2.894782,3.000035,45.548007
3,139,1786607811.09275,0,1,40.465544,14.90321,38.148122,13.29553,-4.27662,1.092949,4.414071,1.800247,-0.015281,1.800312,2.891384,2.820475,49.086339
3,140,1786607811.1327,0,1,40.293067,14.943461,38.220152,13.294944,-4.311919,1.006264,4.427778,1.800734,-0.014636,1.800794,2.912328,2.648506,51.629889
3,141,1786607811.1727,0,1,40.119152,14.979569,38.292201,13.294386,-4.347868,0.902712,4.440591,1.801239,-0.013946,1.801293,2.936879,2.485476,54.417695
3,142,1786607811.21262,0,1,39.943799,15.010847,38.364272,13.293858,-4.383823,0.781951,4.453016,1.801762,-0.013216,1.80181,2.965077,2.333015,57.501385
3,143,1786607811.25274,0,1,39.767048,15.03659,38.436364,13.29336,-4.418777,0.643582,4.465399,1.802299,-0.012449,1.802342,2.996962,2.193074,60.930609
3,144,1786607811.29271,0,1,39.589295,15.058626,38.508478,13.292894,-4.443828,0.550897,4.477845,1.802851,-0.011648,1.802888,3.018253,2.07026,65.595745
3,145,1786607811.33258,0,1,39.410543,15.076022,38.580614,13.292461,-4.468811,0.434894,4.489922,1.803415,-0.010816,1.803448,3.044581,1.967199,70.604823
3,146,1786607811.37257,0,1,39.231076,15.09075,38.652774,13.292063,-4.48667,0.368209,4.501753,1.803992,-0.009956,1.80402,3.059709,1.889368,76.868299
3,147,1786607811.41268,0,1,39.050788,15.099928,38.724957,13.2917,-4.507194,0.22945,4.51303,1.80458,-0.00907,1.804603,3.090729,1.83735,82.699547
3,148,1786607811.45266,0,1,38.870002,15.107875,38.797155,13.29138,-4.519663,0.198676,4.524027,1.804954,-0.008014,1.804972,3.097663,1.817956,90.220501
3,149,1786607811.49276,0,1,38.688659,15.111154,38.86936,13.291108,-4.533568,0.081952,4.534308,1.805131,-0.006802,1.805144,3.123518,1.828994,96.70557
3,150,1786607811.53274,0,1,38.50691,15.11354,38.941566,13.29089,-4.54373,0.059649,4.544122,1.805127,-0.005447,1.805135,3.128466,1.87376,104.165191
3,151,1786607811.57275,0,1,38.324784,15.113962,39.013764,13.290731,-4.553144,0.010563,4.553157,1.804957,-0.00396,1.804961,3.139273,1.949067,110.833968
3,152,1786607811.6127,0,1,38.142325,15.113364,39.085949,13.290637,-4.561481,-0.014947,4.561505,1.804633,-0.002352,1.804635,-3.138316,2.052501,117.182823
3,153,1786607811.65259,0,1,37.959576,15.110837,39.158116,13.290612,-4.568711,-0.063171,4.569147,1.804169,-0.000634,1.804169,-3.127767,2.179385,122.570995
3,154,1786607811.69251,0,1,37.77684,15.1031,39.230259,13.290659,-4.568421,-0.193433,4.572514,1.803575,0.001185,1.803575,-3.099277,2.323224,126.302042
3,155,1786607811.73252,0,1,37.593973,15.095237,39.302373,13.290783,-4.571655,-0.196581,4.57588,1.802862,0.003097,1.802864,-3.098619,2.484891,130.971526
3,156,1786607811.77253,0,1,37.410956,15.087911,39.374455,13.290987,-4.575437,-0.183134,4.5791,1.802039,0.005094,1.802046,-3.101589,2.661628,135.244294
3,157,1786607811.8125,0,1,37.227772,15.081791,39.4465,13.291274,-4.579608,-0.153008,4.582163,1.801115,0.007168,1.801129,-3.108194,2.851089,139.182826
3,158,1786607811.8525,0,1,37.044418,15.077547,39.518503,13.291646,-4.58384,-0.106109,4.585068,1.800098,0.009312,1.800122,-3.118448,3.051318,142.850564
3,159,1786607811.8925,0,1,36.861,15.071649,39.590463,13.292107,-4.585454,-0.147451,4.587824,1.798996,0.01152,1.799032,-3.109448,3.258334,145.054876
3,160,1786607811.93255,0,1,36.677418,15.06799,39.662376,13.292658,-4.589542,-0.091457,4.590453,1.797815,0.013787,1.797868,-3.121668,3.473007,148.115938
3,161,1786607811.97256,0,1,36.493705,15.066764,39.734238,13.293303,-4.592842,-0.03066,4.592945,1.796561,0.016107,1.796634,-3.134917,3.69408,150.926764
3,162,1786607812.01252,0,1,36.309925,15.063258,39.806048,13.294042,-4.59448,-0.08766,4.595316,1.795242,0.018475,1.795337,-3.122515,3.91829,152.065227
3,163,1786607812.05251,0,1,36.126024,15.062559,39.877802,13.294877,-4.597526,-0.017471,4.59756,1.793861,0.020887,1.793982,-3.137793,4.147353,154.55441
3,164,1786607812.09251,0,1,35.942061,15.059578,39.949499,13.295811,-4.599086,-0.074522,4.59969,1.792423,0.023338,1.792575,-3.12539,4.378406,155.316266
3,165,1786607812.13255,0,1,35.757993,15.059408,40.021137,13.296844,-4.601699,-0.004243,4.601701,1.790934,0.025824,1.79112,-3.140671,4.613137,157.484894
3,166,1786607812.17254,0,1,35.573865,15.056955,40.092713,13.297977,-4.603196,-0.061339,4.603605,1.789397,0.028342,1.789622,-3.128268,4.849122,157.96791
3,167,1786607812.21251,0,1,35.38965,15.057315,40.164225,13.299213,-4.605389,0.00902,4.605397,1.787817,0.030888,1.788084,3.139634,5.087976,159.897408
3,168,1786607812.2525,0,1,35.205376,15.059214,40.235673,13.300551,-4.606846,0.047465,4.607091,1.786196,0.03346,1.786509,3.13129,5.328864,161.319963
3,169,1786607812.29256,0,1,35.021028,15.059046,40.307055,13.301993,-4.608689,-0.004208,4.608691,1.784538,0.036054,1.784902,-3.140679,5.570396,161.561096
3,170,1786607812.33254,0,1,34.836643,15.061916,40.378368,13.30354,-4.609628,0.071755,4.610186,1.782845,0.038668,1.783265,3.126028,5.814001,163.287705
3,171,1786607812.37256,0,1,34.652181,15.062718,40.449613,13.305192,-4.611553,0.020058,4.611597,1.781122,0.041299,1.7816,3.137243,6.05798,163.384218
3,172,1786607812.41256,0,1,34.467705,15.066562,40.520788,13.30695,-4.611908,0.096082,4.612909,1.779369,0.043946,1.779912,3.120762,6.303654,164.984526
3,173,1786607812.45253,0,1,34.283147,15.068336,40.5919,13.308802,-4.613928,0.044367,4.614142,1.777795,0.046304,1.778398,3.131977,6.549528,164.966949
3,174,1786607812.4925,0,1,34.098592,15.073154,40.662955,13.310738,-4.613885,0.120445,4.615457,1.776385,0.048395,1.777044,3.115494,6.796836,166.466861
3,175,1786607812.53249,0,1,33.913938,15.075903,40.73396,13.312748,-4.616356,0.068717,4.616868,1.775127,0.050242,1.775837,3.126708,7.044248,166.357718
3,176,1786607812.5725,0,1,33.729204,15.075899,40.804921,13.314822,-4.618354,-9.9E-05,4.618354,1.774007,0.051861,1.774765,-3.141571,7.291582,166.022392
3,177,1786607812.61251,0,1,33.544418,15.073866,40.875841,13.316953,-4.619649,-0.050824,4.619929,1.773015,0.053272,1.773815,-3.130591,7.539,165.893373
3,178,1786607812.65251,0,1,33.359554,15.073846,40.946727,13.319132,-4.621601,-0.000502,4.621602,1.772141,0.05449,1.772978,-3.141484,7.78744,166.971724
3,179,1786607812.6925,0,1,33.174646,15.070716,41.017582,13.321354,-4.622688,-0.078233,4.62335,1.771375,0.055529,1.772245,-3.12467,8.035665,166.456463
3,180,1786607812.73249,0,1,32.989642,15.069601,41.08841,13.32361,-4.625113,-0.027892,4.625197,1.770709,0.056405,1.771607,-3.135562,8.284838,167.488448
3,181,1786607812.7725,0,1,32.804605,15.065372,41.159216,13.325895,-4.625913,-0.10571,4.627121,1.770134,0.057129,1.771056,-3.118745,8.533774,166.929641
3,182,1786607812.81249,0,1,32.619482,15.061418,41.230001,13.328203,-4.628087,-0.098849,4.629143,1.769644,0.057713,1.770584,-3.120237,8.783227,167.395432
3,183,1786607812.8525,0,1,32.434383,15.053936,41.300771,13.33053,-4.627471,-0.18706,4.63125,1.769231,0.058168,1.770187,-3.101191,9.032329,166.685431
3,184,1786607812.89249,0,1,32.249137,15.048057,41.371526,13.33287,-4.63114,-0.146962,4.633471,1.768889,0.058505,1.769856,-3.10987,9.282233,167.534016
3,185,1786607812.93255,0,1,32.063946,15.038646,41.442271,13.33522,-4.629788,-0.235284,4.635763,1.768613,0.058731,1.769588,-3.090817,9.53177,166.796103
3,186,1786607812.97255,0,1,31.878583,15.030838,41.513006,13.337574,-4.634059,-0.195209,4.638168,1.768397,0.058857,1.769377,-3.099493,9.782088,167.61983
3,187,1786607813.01265,0,1,31.693281,15.019885,41.583736,13.33993,-4.63256,-0.273809,4.640644,1.768237,0.05889,1.769218,-3.082556,10.032116,166.977404
3,188,1786607813.05262,0,1,31.507783,15.010628,41.654461,13.342283,-4.637459,-0.231439,4.64323,1.768128,0.058836,1.769107,-3.091728,10.282921,167.805761
3,189,1786607813.09249,0,1,31.322382,14.997921,41.725184,13.344631,-4.635015,-0.317666,4.645888,1.768066,0.058704,1.769041,-3.073164,10.533359,167.048956
3,190,1786607813.13255,0,1,31.136762,14.986908,41.795906,13.346971,-4.640497,-0.275321,4.648657,1.768048,0.058498,1.769015,-3.082332,10.78456,167.858093
3,191,1786607813.17256,0,1,30.951094,14.974845,41.866628,13.3493,-4.641708,-0.301591,4.651496,1.768069,0.058225,1.769027,-3.07671,11.035909,167.812225
3,192,1786607813.21251,0,1,30.765205,14.964483,41.937354,13.351616,-4.647211,-0.259041,4.654425,1.768126,0.05789,1.769074,-3.085909,11.287969,168.594813
3,193,1786607813.25252,0,1,30.579389,14.951099,42.008082,13.353916,-4.645402,-0.33461,4.657438,1.768218,0.057499,1.769152,-3.069686,11.539758,167.924406
3,194,1786607813.29256,0,1,30.393378,14.938728,42.078816,13.356198,-4.650272,-0.309269,4.660544,1.76834,0.057054,1.76926,-3.075185,11.79211,168.482606
3,195,1786607813.33253,0,1,30.207488,14.923064,42.149555,13.35846,-4.647265,-0.391593,4.663734,1.768491,0.056562,1.769395,-3.057528,12.044126,167.719301
3,196,1786607813.37253,0,1,30.021317,14.909266,42.220302,13.360701,-4.65426,-0.344956,4.667026,1.768668,0.056025,1.769555,-3.067612,12.296881,168.526652
3,197,1786607813.41257,0,1,29.835286,14.892169,42.291057,13.362919,-4.650792,-0.427421,4.670391,1.768869,0.055447,1.769737,-3.049947,12.549296,167.749677
3,198,1786607813.45254,0,1,29.648953,14.876937,42.361825,13.365099,-4.658319,-0.380799,4.673858,1.7692,0.054502,1.770039,-3.060028,12.802452,168.544823
3,199,1786607813.49253,0,1,29.462791,14.858402,42.432611,13.367228,-4.654051,-0.463378,4.677062,1.769652,0.053218,1.770452,-3.042355,13.055261,167.755468
3,200,1786607813.53255,0,1,29.276333,14.841733,42.50342,13.369293,-4.661451,-0.416717,4.680041,1.770214,0.051625,1.770967,-3.052433,13.30879,168.539527
3,201,1786607813.57255,0,1,29.09009,14.821759,42.574255,13.371283,-4.656071,-0.499354,4.682772,1.770878,0.049746,1.771577,-3.034753,13.561953,167.738907
3,202,1786607813.61256,0,1,28.903555,14.803653,42.64512,13.373187,-4.663374,-0.45266,4.685292,1.771635,0.047605,1.772275,-3.044829,13.815819,168.51288
3,203,1786607813.65255,0,1,28.717279,14.78224,42.716019,13.374996,-4.65691,-0.535325,4.687577,1.772479,0.045224,1.773056,-3.027142,14.069295,167.70201
3,204,1786607813.69251,0,1,28.530713,14.762696,42.786955,13.376701,-4.664143,-0.488604,4.689666,1.773402,0.042622,1.773914,-3.037216,14.323457,168.466791
3,205,1786607813.73253,0,1,28.344448,14.739845,42.857931,13.378294,-4.656622,-0.571268,4.691532,1.774397,0.039818,1.774844,-3.019524,14.577209,167.64658
3,206,1786607813.77253,0,1,28.157896,14.718864,42.92895,13.379767,-4.663811,-0.524526,4.693214,1.77546,0.036829,1.775842,-3.029596,14.831629,168.402968
3,207,1786607813.81257,0,1,27.971012,14.700457,43.000013,13.381114,-4.67208,-0.460165,4.694686,1.776584,0.03367,1.776903,-3.043417,15.0868,169.357996
3,208,1786607813.85255,0,1,27.784353,14.679442,43.071124,13.382328,-4.666489,-0.525369,4.695969,1.777765,0.030357,1.778024,-3.029481,15.341703,168.726442
3,209,1786607813.89254,0,1,27.598051,14.655122,43.142283,13.383404,-4.657549,-0.60802,4.697069,1.778998,0.026902,1.779201,-3.011782,15.596167,167.885266
3,210,1786607813.93255,0,1,27.411476,14.632674,43.213495,13.384337,-4.664367,-0.561201,4.698007,1.780279,0.023318,1.780432,-3.021851,15.85125,168.622433
3,211,1786607813.97256,0,1,27.225298,14.606922,43.284759,13.385121,-4.654445,-0.643781,4.698757,1.781604,0.019616,1.781712,-3.004149,16.105871,167.774412
3,212,1786607814.01261,0,1,27.038847,14.583044,43.356078,13.385754,-4.661285,-0.596959,4.699355,1.78297,0.015807,1.783041,-3.014219,16.361098,168.505397
3,213,1786607814.05262,0,1,26.852067,14.561743,43.427453,13.38623,-4.66951,-0.532518,4.699776,1.784374,0.011902,1.784414,-3.028042,16.617017,169.437427
3,214,1786607814.09262,0,1,26.665591,14.53784,43.498885,13.386546,-4.661896,-0.597579,4.70004,1.785812,0.007908,1.785829,-3.014104,16.872619,168.782859
3,215,1786607814.13256,0,1,26.479563,14.510639,43.570376,13.386699,-4.650694,-0.680034,4.700149,1.787281,0.003834,1.787285,-2.9964,17.12773,167.91854
3,216,1786607814.17256,0,1,26.293272,14.485312,43.641927,13.386687,-4.657279,-0.633171,4.700123,1.78878,-0.000311,1.78878,-3.006468,17.383407,168.63445
3,217,1786607814.21261,0,1,26.106656,14.462563,43.71354,13.386506,-4.665402,-0.56871,4.699937,1.790305,-0.004521,1.790311,-3.020292,17.639735,169.552637
3,218,1786607814.25262,0,1,25.920388,14.437218,43.785214,13.386154,-4.656699,-0.633633,4.69961,1.791855,-0.008789,1.791877,-3.006354,17.895719,168.884322
3,219,1786607814.29256,0,1,25.734616,14.408582,43.856951,13.38563,-4.644291,-0.715901,4.699144,1.793428,-0.013108,1.793476,-2.98865,18.151183,168.006283
3,220,1786607814.33251,0,1,25.548589,14.381821,43.928752,13.384931,-4.650684,-0.669019,4.698558,1.795022,-0.017474,1.795107,-2.998719,18.407178,168.709413
3,221,1786607814.37249,0,1,25.362238,14.357638,44.000617,13.384056,-4.658761,-0.604577,4.697826,1.796635,-0.02188,1.796768,-3.012542,18.663789,169.61578
3,222,1786607814.4125,0,1,25.176277,14.330865,44.072548,13.383003,-4.649032,-0.669322,4.696966,1.798266,-0.026322,1.798458,-2.998605,18.920029,168.935786
3,223,1786607814.45255,0,1,24.990003,14.30667,44.144539,13.381794,-4.65686,-0.604873,4.695978,1.799771,-0.030228,1.800025,-3.012427,19.176852,169.834987
3,224,1786607814.49262,0,1,24.80411,14.279886,44.216585,13.380448,-4.64732,-0.669615,4.695313,1.801161,-0.033638,1.801475,-2.998491,19.433301,169.148108
3,225,1786607814.5326,0,1,24.617879,14.255675,44.288683,13.378985,-4.655777,-0.605274,4.694956,1.802445,-0.036591,1.802817,-3.012313,19.690331,170.040936
3,226,1786607814.57263,0,1,24.432005,14.228871,44.360828,13.37742,-4.646836,-0.670086,4.694902,1.803632,-0.039123,1.804056,-2.998377,19.947004,169.34791
3,227,1786607814.61255,0,1,24.24577,14.204638,44.433017,13.375769,-4.655889,-0.605829,4.695139,1.804729,-0.041266,1.805201,-3.012199,20.204257,170.235081
3,228,1786607814.65254,0,1,24.059116,14.183681,44.505247,13.374047,-4.666342,-0.523929,4.695663,1.805743,-0.04305,1.806256,-3.029783,20.462155,171.326125
3,229,1786607814.6925,0,1,23.872653,14.16082,44.577514,13.372267,-4.661581,-0.571524,4.696486,1.806681,-0.044504,1.807229,-3.019598,20.719872,170.82917
3,230,1786607814.73256,0,1,23.685773,14.141237,44.649816,13.370441,-4.671988,-0.489576,4.69757,1.80755,-0.045652,1.808126,-3.037184,20.978208,171.912156
3,231,1786607814.7726,0,1,23.499048,14.119746,44.722151,13.36858,-4.668123,-0.537283,4.698941,1.808354,-0.046519,1.808952,-3.027001,21.236391,171.407295
3,232,1786607814.81261,0,1,23.312083,14.099836,44.794515,13.366695,-4.674131,-0.497756,4.70056,1.809099,-0.047127,1.809713,-3.035501,21.494938,171.966784
3,233,1786607814.85261,0,1,23.125303,14.07761,44.866906,13.364795,-4.669499,-0.555644,4.702442,1.80979,-0.047496,1.810413,-3.023155,21.753285,171.336223
3,234,1786607814.89261,0,1,22.938118,14.058258,44.939316,13.36289,-4.679626,-0.4838,4.704568,1.810253,-0.04764,1.810879,-3.038574,22.012184,172.287206
3,235,1786607814.93256,0,1,22.751092,14.036586,45.011726,13.360987,-4.675656,-0.541809,4.706943,1.810254,-0.047571,1.810879,-3.026229,22.270884,171.65176
3,236,1786607814.97256,0,1,22.56365,14.01779,45.084137,13.359094,-4.686048,-0.469897,4.709549,1.810261,-0.047317,1.810879,-3.041651,22.530118,172.598414
3,237,1786607815.0125,0,1,22.37591,14.000926,45.156548,13.357219,-4.693497,-0.421595,4.712394,1.810272,-0.046892,1.810879,-3.052008,22.78973,173.248599
3,238,1786607815.05252,0,1,22.188239,13.982043,45.228959,13.355366,-4.691791,-0.472063,4.71548,1.810287,-0.04631,1.810879,-3.041315,23.049242,172.696549
3,239,1786607815.09252,0,1,22.00014,13.96636,45.301371,13.353543,-4.702459,-0.392088,4.718777,1.810306,-0.045584,1.810879,-3.058406,23.309288,173.727216
3,240,1786607815.13253,0,1,21.81208,13.948653,45.373785,13.351754,-4.701514,-0.442668,4.722308,1.810327,-0.044726,1.810879,-3.047715,23.569264,173.170019
3,241,1786607815.17254,0,1,21.623595,13.934153,45.446199,13.350004,-4.712116,-0.362509,4.72604,1.810351,-0.043747,1.810879,-3.064813,23.829764,174.196176
3,242,1786607815.21252,0,1,21.435118,13.917625,45.518614,13.348298,-4.711914,-0.413199,4.729996,1.810377,-0.042656,1.810879,-3.054124,24.090224,173.634217
3,243,1786607815.25253,0,1,21.246221,13.904311,45.59103,13.346639,-4.72243,-0.332832,4.734144,1.810405,-0.041462,1.810879,-3.07123,24.351195,174.656261
3,244,1786607815.29253,0,1,21.057303,13.888966,45.663447,13.345032,-4.722953,-0.383631,4.738508,1.810434,-0.040175,1.810879,-3.060544,24.612155,174.089885
3,245,1786607815.33252,0,1,20.867969,13.876845,45.735866,13.34348,-4.733364,-0.303035,4.743054,1.810464,-0.038802,1.810879,-3.077659,24.873616,175.108175
3,246,1786607815.3725,0,1,20.678585,13.862687,45.808285,13.341986,-4.734596,-0.353942,4.747807,1.810494,-0.03735,1.810879,-3.066975,25.135095,174.537693
3,247,1786607815.41256,0,1,20.488789,13.851763,45.880706,13.340553,-4.744882,-0.273096,4.752735,1.810525,-0.035827,1.810879,-3.0841,25.397063,175.552553
3,248,1786607815.45255,0,1,20.299088,13.838811,45.953129,13.339184,-4.742529,-0.323817,4.753571,1.810556,-0.034233,1.810879,-3.073419,25.658905,174.97821
3,249,1786607815.49252,0,1,20.109206,13.828856,46.025552,13.337881,-4.747052,-0.24887,4.753571,1.810586,-0.032576,1.810879,-3.089214,25.920996,175.913633
3,250,1786607815.53251,0,1,19.919445,13.816813,46.097977,13.336646,-4.744027,-0.301078,4.753571,1.810616,-0.03086,1.810879,-3.078213,26.182935,175.317811
3,251,1786607815.57251,0,1,19.729552,13.80707,46.170403,13.335483,-4.747326,-0.24358,4.753571,1.810646,-0.029091,1.810879,-3.090329,26.445056,176.040995
3,252,1786607815.61255,0,1,19.539791,13.795024,46.24283,13.334392,-4.744023,-0.301139,4.753571,1.810674,-0.027274,1.810879,-3.0782,26.707011,175.379613
3,253,1786607815.65256,0,1,19.349865,13.785955,46.315257,13.333375,-4.748161,-0.226729,4.753571,1.810685,-0.025411,1.810863,-3.093878,26.96919,176.30461
3,254,1786607815.69254,0,1,19.160062,13.774583,46.387681,13.332435,-4.745062,-0.284298,4.753571,1.810591,-0.023508,1.810744,-3.08175,27.231208,175.640904
3,255,1786607815.73257,0,1,18.970105,13.766188,46.460097,13.331572,-4.748936,-0.209874,4.753571,1.8104,-0.021566,1.810529,-3.097428,27.493427,176.563755
3,256,1786607815.77254,0,1,18.780263,13.75549,46.532501,13.330789,-4.746041,-0.267454,4.753571,1.81012,-0.019591,1.810226,-3.085299,27.755488,175.897867
3,257,1786607815.81249,0,1,18.590277,13.747769,46.604892,13.330085,-4.749651,-0.193017,4.753571,1.809759,-0.017586,1.809844,-3.100977,28.017728,176.818704
3,258,1786607815.85255,0,1,18.400399,13.737745,46.677265,13.329463,-4.74696,-0.250607,4.753571,1.809321,-0.015553,1.809388,-3.088848,28.279813,176.150761
3,259,1786607815.89253,0,1,18.210387,13.730699,46.749617,13.328923,-4.750306,-0.176157,4.753571,1.808815,-0.013497,1.808865,-3.104526,28.542059,177.069703
3,260,1786607815.93254,0,1,18.020474,13.721348,46.821947,13.328466,-4.74782,-0.233756,4.753571,1.808244,-0.011419,1.80828,-3.092398,28.804153,176.399825
3,261,1786607815.97254,0,1,17.830438,13.714976,46.894252,13.328093,-4.750901,-0.159295,4.753571,1.807615,-0.009323,1.807639,-3.108076,29.066389,177.31698
3,262,1786607816.01251,0,1,17.640493,13.7063,46.966529,13.327805,-4.74862,-0.216903,4.753571,1.806932,-0.007211,1.806946,-3.095947,29.328478,176.645273
3,263,1786607816.05256,0,1,17.450435,13.700603,47.038777,13.327602,-4.751437,-0.142431,4.753571,1.806199,-0.005084,1.806206,-3.111625,29.590692,177.560743
3,264,1786607816.09256,0,1,17.260461,13.692601,47.110994,13.327484,-4.74936,-0.200046,4.753571,1.805421,-0.002946,1.805423,-3.099497,29.852766,176.887306
3,265,1786607816.13257,0,1,17.070385,13.687579,47.183178,13.327452,-4.751912,-0.125565,4.753571,1.8046,-0.000798,1.8046,-3.115175,30.114947,177.801182
3,266,1786607816.17256,0,1,16.880383,13.680251,47.255327,13.327506,-4.75004,-0.183188,4.753571,1.803741,0.001359,1.803741,-3.103046,30.376993,177.126107
3,267,1786607816.21264,0,1,16.69029,13.675903,47.327441,13.327647,-4.752328,-0.108697,4.753571,1.802846,0.003521,1.802849,-3.118724,30.639131,178.038473
3,268,1786607816.25263,0,1,16.500263,13.66925,47.399518,13.327875,-4.75066,-0.166327,4.753571,1.801918,0.005689,1.801927,-3.106596,30.90114,177.361843
3,269,1786607816.29264,0,1,16.310359,13.659735,47.471556,13.328189,-4.747615,-0.237887,4.753571,1.80096,0.00786,1.800977,-3.091528,31.162961,176.521919
3,270,1786607816.33256,0,1,16.120353,13.652515,47.543555,13.32859,-4.750142,-0.180507,4.753571,1.799975,0.010033,1.800003,-3.103611,31.424872,177.233181
3,271,1786607816.37263,0,1,15.930257,13.648313,47.615514,13.329079,-4.752411,-0.105025,4.753571,1.798964,0.012206,1.799005,-3.119497,31.686865,178.156757
3,272,1786607816.41257,0,1,15.740224,13.641847,47.687431,13.329654,-4.750821,-0.161669,4.753571,1.797929,0.01438,1.797986,-3.107576,31.948732,177.491106
3,273,1786607816.45261,0,1,15.550112,13.6384,47.759312,13.330303,-4.75279,-0.086179,4.753571,1.797031,0.016231,1.797104,-3.123462,32.210673,178.413159
3,274,1786607816.49261,0,1,15.360055,13.632686,47.831163,13.331014,-4.751425,-0.142829,4.753571,1.796258,0.017786,1.796346,-3.111541,32.472509,177.745902
3,275,1786607816.53261,0,1,15.170112,13.623986,47.902987,13.331777,-4.748592,-0.217519,4.753571,1.7956,0.019066,1.795701,-3.095818,32.734179,176.86581
3,276,1786607816.57261,0,1,14.980077,13.61758,47.974788,13.332581,-4.750873,-0.160129,4.753571,1.795048,0.020094,1.795161,-3.1079,32.995943,177.574671
3,277,1786607816.61261,0,1,14.789964,13.614195,48.046572,13.333416,-4.752817,-0.084639,4.753571,1.794594,0.020888,1.794716,-3.123786,33.257793,178.496052
3,278,1786607816.65262,0,1,14.599905,13.608543,48.118341,13.334275,-4.751471,-0.141289,4.753571,1.79423,0.021467,1.794358,-3.111866,33.519558,177.827946
3,279,1786607816.69261,0,1,14.409959,13.599904,48.190099,13.335149,-4.748662,-0.21598,4.753571,1.793948,0.021848,1.794081,-3.096142,33.781178,176.946801
4,0,1786607830.41124,0,1,59.48,13.100032,29.003536,13.39999,-0.499999,0.000796,0.5,0.0884,-0.00024,0.0884,3.14,30.47794,0.472652
4,0,1786607830.45123,0,1,59.48,13.100032,29.010208,13.399972,-0.499999,0.000796,0.5,0.166799,-0.000471,0.1668,3.14,30.471268,0.47274
4,1,1786607830.49127,0,1,59.457179,13.100463,29.020016,13.399944,-0.570532,0.010775,0.570634,0.245199,-0.000692,0.2452,3.12271,30.438636,0.518173
4,2,1786607830.53127,0,1,59.43153,13.100816,29.03296,13.399908,-0.641209,0.008833,0.64127,0.323599,-0.000903,0.3236,3.127818,30.400042,0.225517
4,3,1786607830.57126,0,1,59.403057,13.101193,29.04904,13.399864,-0.711844,0.009414,0.711906,0.401998,-0.001102,0.402,3.128369,30.355486,0.193932
4,4,1786607830.61121,0,1,59.371757,13.101575,29.068256,13.399812,-0.782484,0.009564,0.782543,0.480398,-0.001289,0.4804,3.129371,30.304969,0.136392
4,5,1786607830.65123,0,1,59.337632,13.10197,29.090608,13.399754,-0.853122,0.009879,0.853179,0.558798,-0.001463,0.5588,3.130013,30.248491,0.099385
4,6,1786607830.69127,0,1,59.300682,13.10238,29.116096,13.399689,-0.92376,0.010228,0.923816,0.637198,-0.001624,0.6372,3.130521,30.186051,0.070012
4,7,1786607830.73131,0,1,59.260906,13.102805,29.144719,13.399618,-0.994396,0.010631,0.994453,0.715598,-0.00177,0.7156,3.130902,30.117649,0.047848
4,8,1786607830.77127,0,1,59.218305,13.103248,29.176276,13.399542,-1.065033,0.011078,1.065091,0.788905,-0.001892,0.788907,3.131191,30.04349,0.030895
4,9,1786607830.81129,0,1,59.172878,13.103711,29.21053,13.399463,-1.135669,0.011567,1.135728,0.856359,-0.001989,0.856362,3.131408,29.963808,0.01802
4,10,1786607830.85128,0,1,59.124626,13.104194,29.247267,13.39938,-1.206305,0.012093,1.206366,0.918429,-0.002063,0.918432,3.131568,29.878817,0.008301
4,11,1786607830.89127,0,1,59.073548,13.1047,29.286289,13.399295,-1.276941,0.012652,1.277004,0.975545,-0.002117,0.975547,3.131685,29.788716,0.001048
4,12,1786607830.93132,0,1,59.019645,13.10523,29.327413,13.399209,-1.347577,0.013241,1.347642,1.028103,-0.002152,1.028106,3.131767,29.693687,0.004283
4,13,1786607830.97128,0,1,58.962917,13.105784,29.370472,13.399123,-1.418213,0.013857,1.41828,1.076469,-0.002169,1.076471,3.131822,29.593899,0.00812
4,14,1786607831.01126,0,1,58.903434,13.106364,29.415311,13.399036,-1.487063,0.014479,1.487133,1.120976,-0.00217,1.120978,3.131856,29.489576,0.010804
4,15,1786607831.05127,0,1,58.841274,13.106968,29.461788,13.39895,-1.554002,0.015105,1.554075,1.161935,-0.002156,1.161937,3.131873,29.380937,0.012497
4,16,1786607831.09125,0,1,58.776511,13.107597,29.509773,13.398864,-1.619081,0.015731,1.619157,1.199629,-0.002128,1.199631,3.131877,29.268187,0.013521
4,17,1786607831.13127,0,1,58.709217,13.108251,29.559146,13.398781,-1.68235,0.016354,1.68243,1.234319,-0.002088,1.23432,3.131872,29.151518,0.014094
4,18,1786607831.17129,0,1,58.639462,13.10893,29.609796,13.398699,-1.743858,0.016969,1.743941,1.266245,-0.002037,1.266247,3.131862,29.031113,0.0144
4,19,1786607831.21126,0,1,58.567316,13.109633,29.661621,13.39862,-1.803653,0.017573,1.803738,1.295629,-0.001975,1.29563,3.13185,28.90714,0.01458
4,20,1786607831.25126,0,1,58.492845,13.110359,29.714528,13.398544,-1.861779,0.018164,1.861868,1.322674,-0.001904,1.322675,3.131836,28.77976,0.014751
4,21,1786607831.29128,0,1,58.416114,13.111109,29.768431,13.398471,-1.918282,0.01874,1.918374,1.347567,-0.001824,1.347568,3.131824,28.649124,0.015005
4,22,1786607831.33129,0,1,58.337186,13.111881,29.82325,13.398402,-1.973206,0.019297,1.9733,1.37048,-0.001735,1.370481,3.131814,28.515375,0.015416
4,23,1786607831.37134,0,1,58.256122,13.112674,29.878914,13.398335,-2.026593,0.019833,2.02669,1.391597,-0.001672,1.391598,3.131806,28.378646,0.016043
4,24,1786607831.41127,0,1,58.172977,13.1135,29.935356,13.39827,-2.078633,0.020638,2.078735,1.411062,-0.001631,1.411063,3.131664,28.239056,0.008951
4,25,1786607831.45132,0,1,58.087802,13.114354,29.992517,13.398205,-2.129366,0.021353,2.129473,1.429006,-0.001612,1.429007,3.131565,28.096719,0.004315
4,26,1786607831.49133,0,1,58.000649,13.115238,30.050339,13.398141,-2.178826,0.022098,2.178938,1.445551,-0.001612,1.445552,3.131451,27.951742,0.001185
4,27,1786607831.53123,0,1,57.911567,13.116151,30.108771,13.398076,-2.227047,0.022832,2.227164,1.46081,-0.00163,1.460811,3.131341,27.804225,0.006414
4,28,1786607831.57149,0,1,57.820605,13.117094,30.167766,13.398009,-2.274063,0.023568,2.274185,1.474885,-0.001665,1.474886,3.131229,27.654265,0.011753
4,29,1786607831.61128,0,1,57.727808,13.118066,30.227281,13.39794,-2.319906,0.0243,2.320033,1.487871,-0.001715,1.487872,3.131118,27.501951,0.017054
4,30,1786607831.65133,0,1,57.633224,13.119067,30.287276,13.397869,-2.364608,0.025031,2.36474,1.499855,-0.001779,1.499856,3.131007,27.34737,0.022362
4,31,1786607831.69134,0,1,57.536896,13.120097,30.347712,13.397795,-2.408198,0.025759,2.408336,1.510917,-0.001855,1.510918,3.130897,27.190602,0.02765
4,32,1786607831.73127,0,1,57.438868,13.121157,30.408557,13.397717,-2.450708,0.026483,2.450851,1.521131,-0.001944,1.521132,3.130787,27.031725,0.032922
4,33,1786607831.77126,0,1,57.339181,13.122245,30.46978,13.397636,-2.492165,0.027203,2.492314,1.530565,-0.002043,1.530566,3.130678,26.870812,0.038171
4,34,1786607831.81128,0,1,57.237877,13.123362,30.531351,13.397549,-2.532599,0.02792,2.532753,1.539281,-0.002152,1.539282,3.130569,26.707933,0.043395
4,35,1786607831.85126,0,1,57.134996,13.124507,30.593245,13.397459,-2.572037,0.028632,2.572196,1.547336,-0.002271,1.547338,3.130461,26.543155,0.048589
4,36,1786607831.89126,0,1,57.030576,13.12568,30.655436,13.397363,-2.610505,0.029339,2.61067,1.554784,-0.002398,1.554786,3.130354,26.376539,0.053753
4,37,1786607831.93127,0,1,56.924654,13.126882,30.717903,13.397261,-2.648029,0.030042,2.6482,1.561673,-0.002532,1.561675,3.130248,26.208146,0.058885
4,38,1786607831.97126,0,1,56.817269,13.128112,30.780625,13.397154,-2.684636,0.030739,2.684812,1.568048,-0.002674,1.56805,3.130143,26.038034,0.063982
4,39,1786607832.01128,0,1,56.708455,13.129369,30.843583,13.397042,-2.720349,0.031431,2.72053,1.573949,-0.002822,1.573952,3.130039,25.866257,0.069046
4,40,1786607832.05125,0,1,56.598247,13.130654,30.906759,13.396923,-2.755192,0.032118,2.755379,1.579416,-0.002977,1.579419,3.129936,25.692868,0.074075
4,41,1786607832.09133,0,1,56.48668,13.131966,30.970139,13.396797,-2.789189,0.032798,2.789382,1.584482,-0.003136,1.584485,3.129834,25.517915,0.079069
4,42,1786607832.13128,0,1,56.373785,13.133304,31.033706,13.396665,-2.822363,0.033473,2.822561,1.589179,-0.003301,1.589183,3.129733,25.341448,0.084029
4,43,1786607832.17125,0,1,56.259596,13.13467,31.097447,13.396526,-2.854735,0.034141,2.854939,1.593538,-0.00347,1.593542,3.129634,25.163511,0.088956
4,44,1786607832.21125,0,1,56.144143,13.136062,31.161351,13.39638,-2.886327,0.034804,2.886537,1.597585,-0.003644,1.597589,3.129535,24.984148,0.093849
4,45,1786607832.25125,0,1,56.027456,13.137481,31.225405,13.396228,-2.917161,0.03546,2.917376,1.601345,-0.003821,1.601349,3.129438,24.803401,0.098711
4,46,1786607832.29124,0,1,55.909566,13.138925,31.289598,13.396067,-2.947256,0.036109,2.947477,1.604841,-0.004002,1.604846,3.129341,24.621311,0.103543
4,47,1786607832.33133,0,1,55.790501,13.140395,31.353922,13.3959,-2.976632,0.036753,2.976859,1.608094,-0.004186,1.608099,3.129246,24.437914,0.108346
4,48,1786607832.37133,0,1,55.670288,13.141891,31.418362,13.395728,-3.005309,0.03739,3.005542,1.611006,-0.004297,1.611011,3.129152,24.253255,0.113114
4,49,1786607832.41133,0,1,55.548964,13.143477,31.482906,13.395555,-3.033118,0.039667,3.033377,1.613603,-0.004339,1.613609,3.128516,24.067377,0.149147
4,50,1786607832.45133,0,1,55.426559,13.14512,31.547543,13.395382,-3.060113,0.041054,3.060388,1.615911,-0.004319,1.615917,3.128177,23.880328,0.168171
4,51,1786607832.49133,0,1,55.303107,13.146847,31.612261,13.395212,-3.086294,0.043191,3.086597,1.617953,-0.004242,1.617958,3.127599,23.692148,0.201121
4,52,1786607832.53127,0,1,55.178639,13.148646,31.677051,13.395048,-3.1117,0.044965,3.112025,1.61975,-0.004112,1.619755,3.127143,23.50288,0.227191
4,53,1786607832.57125,0,1,55.053186,13.150531,31.741904,13.39489,-3.136338,0.047139,3.136693,1.621322,-0.003934,1.621327,3.126564,23.312563,0.260515
4,54,1786607832.61125,0,1,54.926776,13.152498,31.806811,13.394742,-3.160239,0.049157,3.160622,1.622687,-0.003711,1.622692,3.126039,23.121234,0.290853
4,55,1786607832.65125,0,1,54.79944,13.154554,31.871766,13.394604,-3.183416,0.051421,3.183831,1.623862,-0.003447,1.623865,3.125441,22.928931,0.325555
4,56,1786607832.69121,0,1,54.671204,13.156699,31.93676,13.394478,-3.205892,0.053614,3.206341,1.624861,-0.003145,1.624864,3.124871,22.735687,0.358861
4,57,1786607832.73123,0,1,54.542097,13.158938,32.001788,13.394366,-3.227684,0.055976,3.228169,1.625698,-0.002809,1.625701,3.124252,22.541538,0.395129
4,58,1786607832.77123,0,1,54.412144,13.16127,32.066844,13.394268,-3.248811,0.0583,3.249334,1.626388,-0.002441,1.626389,3.123649,22.346515,0.430659
4,59,1786607832.81124,0,1,54.281373,13.1637,32.131921,13.394186,-3.26929,0.060753,3.269855,1.62694,-0.002044,1.626942,3.123012,22.150651,0.468408
4,60,1786607832.85123,0,1,54.149807,13.166227,32.197016,13.394122,-3.289141,0.06318,3.289748,1.627368,-0.00162,1.627368,3.122386,21.953974,0.505663
4,61,1786607832.89125,0,1,54.017472,13.168856,32.262123,13.394075,-3.308378,0.06571,3.30903,1.627679,-0.001172,1.62768,3.121733,21.756514,0.544725
4,62,1786607832.93128,0,1,53.884391,13.171584,32.327238,13.394047,-3.327019,0.068214,3.327718,1.627884,-0.000701,1.627885,3.121092,21.5583,0.583328
4,63,1786607832.97121,0,1,53.750588,13.174417,32.392358,13.394038,-3.345078,0.07081,3.345828,1.627992,-0.00021,1.627992,3.120428,21.359359,0.623533
4,64,1786607833.01121,0,1,53.616085,13.177352,32.457479,13.39405,-3.362574,0.073369,3.363375,1.628009,0.000301,1.628009,3.119777,21.159716,0.663179
4,65,1786607833.05121,0,1,53.480904,13.180392,32.522596,13.394083,-3.379519,0.076017,3.380374,1.627944,0.000828,1.627944,3.119103,20.959397,0.704388
4,66,1786607833.0912,0,1,53.345067,13.183537,32.587708,13.394138,-3.395931,0.078612,3.39684,1.627802,0.001371,1.627803,3.118448,20.758427,0.744807
4,67,1786607833.13128,0,1,53.208594,13.186789,32.652812,13.394215,-3.41182,0.081303,3.412789,1.627591,0.001929,1.627592,3.117767,20.556829,0.786945
4,68,1786607833.17121,0,1,53.071506,13.190145,32.717905,13.394315,-3.427205,0.083914,3.428232,1.627315,0.002499,1.627317,3.117113,20.354625,0.827859
4,69,1786607833.21128,0,1,52.933822,13.193611,32.782984,13.394439,-3.442095,0.086646,3.443185,1.626979,0.003082,1.626982,3.116426,20.151839,0.870962
4,70,1786607833.25123,0,1,52.795562,13.197181,32.848047,13.394586,-3.456508,0.089244,3.45766,1.62659,0.003675,1.626594,3.115779,19.948491,0.912014
4,71,1786607833.2912,0,1,52.656744,13.200862,32.913093,13.394757,-3.47045,0.092029,3.47167,1.626149,0.004278,1.626155,3.115081,19.744603,0.956339
4,72,1786607833.33121,0,1,52.517386,13.204645,32.97812,13.394952,-3.483945,0.094572,3.485228,1.625663,0.00489,1.62567,3.114454,19.540193,0.996893
4,73,1786607833.3712,0,1,52.377507,13.208543,33.043143,13.395161,-3.496988,0.097452,3.498346,1.625579,0.005214,1.625588,3.113732,19.335264,1.043265
4,74,1786607833.41127,0,1,52.237126,13.212577,33.108178,13.395372,-3.509524,0.100858,3.510973,1.625866,0.005273,1.625875,3.112862,19.129821,1.098632
4,75,1786607833.45123,0,1,52.096262,13.216719,33.173237,13.395575,-3.521601,0.103548,3.523123,1.626494,0.005087,1.626502,3.112197,18.923869,1.142697
4,76,1786607833.49123,0,1,51.954935,13.221016,33.238335,13.395762,-3.533176,0.107416,3.534808,1.627435,0.004677,1.627442,3.1112,18.717415,1.206456
4,77,1786607833.53126,0,1,51.81316,13.225393,33.303481,13.395925,-3.544354,0.109415,3.546042,1.628665,0.004061,1.62867,3.110732,18.510464,1.240312
4,78,1786607833.57125,0,1,51.670961,13.229978,33.368688,13.396055,-3.554989,0.114627,3.556836,1.630161,0.003254,1.630164,3.10936,18.303026,1.326906
4,79,1786607833.61126,0,1,51.528346,13.234544,33.433902,13.396146,-3.565376,0.114166,3.567203,1.630341,0.002271,1.630343,3.109583,18.095166,1.322329
4,80,1786607833.65125,0,1,51.385346,13.239513,33.499115,13.396191,-3.574995,0.124228,3.577153,1.630343,0.001128,1.630343,3.106858,17.886917,1.488297
4,81,1786607833.69121,0,1,51.24195,13.244071,33.564329,13.396185,-3.584888,0.11393,3.586698,1.630343,-0.00016,1.630343,3.109823,17.678276,1.327263
4,82,1786607833.73126,0,1,51.098233,13.249863,33.629543,13.396121,-3.592932,0.144814,3.595849,1.630342,-0.001581,1.630343,3.101309,17.469303,1.828367
4,83,1786607833.77124,0,1,50.954102,13.253795,33.694756,13.395997,-3.603279,0.098297,3.60462,1.63034,-0.003123,1.630343,3.11432,17.259932,1.090577
4,84,1786607833.81124,0,1,50.809704,13.25974,33.75997,13.395806,-3.609958,0.148616,3.613016,1.630336,-0.004775,1.630343,3.100448,17.050277,1.900203
4,85,1786607833.85124,0,1,50.664919,13.263814,33.825183,13.395544,-3.619617,0.101847,3.62105,1.63033,-0.006527,1.630343,3.113463,16.840251,1.163534
4,86,1786607833.89127,0,1,50.519898,13.26991,33.890396,13.39521,-3.625527,0.1524,3.628729,1.630322,-0.00837,1.630343,3.099582,16.629974,1.975324
4,87,1786607833.9313,0,1,50.374516,13.274125,33.955608,13.394798,-3.634537,0.105398,3.636065,1.630311,-0.010295,1.630343,3.112602,16.419352,1.239968
4,88,1786607833.97128,0,1,50.228928,13.280372,34.02082,13.394306,-3.639717,0.156165,3.643066,1.630297,-0.012293,1.630343,3.098713,16.208508,2.054057
4,89,1786607834.01133,0,1,50.083006,13.284825,34.086031,13.393732,-3.648044,0.111319,3.649742,1.63028,-0.014358,1.630343,3.111087,15.997345,1.357758
4,90,1786607834.05133,0,1,49.936907,13.291335,34.151242,13.393072,-3.652476,0.162745,3.6561,1.63026,-0.016483,1.630343,3.097065,15.785993,2.182
4,91,1786607834.09133,0,1,49.790494,13.295967,34.216451,13.392326,-3.660319,0.115807,3.662151,1.630236,-0.018661,1.630343,3.109965,15.574341,1.457655
4,92,1786607834.13127,0,1,49.643931,13.302663,34.28166,13.391491,-3.664079,0.167409,3.667901,1.630209,-0.020886,1.630343,3.095935,15.362528,2.284695
4,93,1786607834.17127,0,1,49.497075,13.307475,34.346867,13.390564,-3.67139,0.120298,3.673361,1.630179,-0.023153,1.630343,3.108838,15.150437,1.562476
4,94,1786607834.21128,0,1,49.350095,13.314357,34.412072,13.389546,-3.674509,0.172058,3.678535,1.630144,-0.025457,1.630343,3.094802,14.938212,2.392509
4,95,1786607834.2513,0,1,49.202844,13.319388,34.477277,13.388435,-3.681286,0.125771,3.683434,1.630106,-0.027792,1.630343,3.107441,14.725729,1.6881
4,96,1786607834.29125,0,1,49.055493,13.326503,34.542479,13.387228,-3.683772,0.177865,3.688063,1.630064,-0.030156,1.630343,3.093347,14.513141,2.524545
4,97,1786607834.33124,0,1,48.907888,13.331729,34.60768,13.385927,-3.69012,0.13065,3.692432,1.630018,-0.032544,1.630343,3.106202,14.300311,1.810581
4,98,1786607834.37121,0,1,48.760207,13.339044,34.672879,13.384531,-3.692019,0.182866,3.696545,1.62997,-0.034898,1.630343,3.092103,14.087402,2.65055
4,99,1786607834.41128,0,1,48.612263,13.344466,34.738075,13.383042,-3.69861,0.13555,3.701094,1.629918,-0.037223,1.630343,3.10496,13.874241,1.939584
4,100,1786607834.45121,0,1,48.464211,13.351984,34.80327,13.381461,-3.701293,0.187952,3.706062,1.629864,-0.03952,1.630343,3.090856,13.660973,2.783364
4,101,1786607834.49135,0,1,48.31586,13.357605,34.868462,13.379789,-3.708781,0.140546,3.711443,1.629807,-0.041794,1.630343,3.103715,13.447416,2.075688
4,102,1786607834.53128,0,1,48.167372,13.365332,34.933652,13.378027,-3.712199,0.193161,3.717221,1.629748,-0.044047,1.630343,3.089605,13.233726,2.923683
4,103,1786607834.57127,0,1,48.01855,13.371158,34.99884,13.376176,-3.720541,0.145641,3.72339,1.629686,-0.04628,1.630343,3.102467,13.019712,2.219626
4,104,1786607834.61127,0,1,47.869564,13.379097,35.064025,13.374236,-3.72465,0.198495,3.729935,1.629622,-0.048497,1.630343,3.088351,12.805541,3.072293
4,105,1786607834.65126,0,1,47.720212,13.385131,35.129207,13.372208,-3.733805,0.150842,3.73685,1.629555,-0.0507,1.630343,3.101216,12.591012,2.372242
4,106,1786607834.69126,0,1,47.57067,13.393289,35.194386,13.370093,-3.738561,0.203959,3.744121,1.629485,-0.052889,1.630343,3.087091,12.376305,3.230094
4,107,1786607834.73129,0,1,47.42073,13.399536,35.259563,13.36789,-3.748491,0.156152,3.751742,1.629413,-0.055067,1.630343,3.099959,12.161209,2.534505
4,108,1786607834.77124,0,1,47.270576,13.407918,35.324736,13.365601,-3.753855,0.209555,3.7597,1.629338,-0.057235,1.630343,3.085827,11.945915,3.39813
4,109,1786607834.81139,0,1,47.120053,13.414378,35.389907,13.363225,-3.763071,0.161513,3.766535,1.629261,-0.059395,1.630343,3.098698,11.730258,2.707521
4,110,1786607834.85138,0,1,46.969359,13.422983,35.455074,13.360763,-3.767347,0.215106,3.773483,1.629181,-0.061547,1.630343,3.084557,11.514453,3.577505
4,111,1786607834.89139,0,1,46.818286,13.429658,35.520238,13.358215,-3.77684,0.166896,3.780526,1.629098,-0.063693,1.630343,3.097432,11.298274,2.892521
4,112,1786607834.93138,0,1,46.667021,13.438165,35.585398,13.355582,-3.781604,0.212654,3.787578,1.629013,-0.065835,1.630343,3.085418,11.081931,3.645548
4,113,1786607834.97139,0,1,46.515376,13.444669,35.650555,13.352863,-3.79113,0.162611,3.794616,1.628926,-0.067972,1.630343,3.098727,10.865209,2.940175
4,114,1786607835.01148,0,1,46.363559,13.45327,35.715709,13.350059,-3.795439,0.21502,3.801525,1.628835,-0.070106,1.630343,3.085001,10.64835,3.797827
4,115,1786607835.05145,0,1,46.21137,13.45986,35.780858,13.347169,-3.804707,0.164764,3.808273,1.628742,-0.072237,1.630343,3.098314,10.431121,3.098663
4,116,1786607835.09146,0,1,46.059031,13.468555,35.846004,13.344194,-3.808491,0.217358,3.814688,1.628646,-0.074367,1.630343,3.084582,10.213784,3.964076
4,117,1786607835.13146,0,1,45.906347,13.47523,35.911146,13.341135,-3.817086,0.166883,3.820733,1.628548,-0.076495,1.630343,3.0979,9.996101,3.272009
4,118,1786607835.17146,0,1,45.753554,13.484014,35.976274,13.33799,-3.819823,0.219613,3.826131,1.628206,-0.078611,1.630103,3.084163,9.77837,4.146131
4,119,1786607835.21141,0,1,45.60047,13.490771,36.041373,13.334762,-3.827114,0.168915,3.830839,1.627475,-0.080708,1.629475,3.097485,9.560369,3.462201
4,120,1786607835.25134,0,1,45.447351,13.499639,36.106429,13.33145,-3.827972,0.221695,3.834387,1.626386,-0.082786,1.628492,3.083743,9.342436,4.346084
4,121,1786607835.29145,0,1,45.294309,13.511088,36.171428,13.328057,-3.82605,0.286217,3.83674,1.624967,-0.084847,1.62718,3.066924,9.124717,5.427544
4,122,1786607835.33151,0,1,45.141117,13.520968,36.236357,13.324581,-3.829789,0.247004,3.837746,1.623244,-0.086891,1.625568,3.077186,8.906925,4.953616
4,123,1786607835.37148,0,1,44.988178,13.533418,36.301222,13.321046,-3.823491,0.311263,3.83614,1.621617,-0.088374,1.624024,3.060364,8.689551,6.054528
4,124,1786607835.41148,0,1,44.835712,13.548891,36.366025,13.317472,-3.811644,0.386829,3.831222,1.62008,-0.089343,1.622541,3.040453,8.472848,7.359997
4,125,1786607835.4515,0,1,44.683961,13.567828,36.43077,13.313879,-3.793765,0.473402,3.823188,1.618624,-0.089836,1.621115,3.01745,8.257097,8.875264
4,126,1786607835.49149,0,1,44.533169,13.590654,36.49546,13.310283,-3.769814,0.570664,3.812762,1.617243,-0.089893,1.619739,2.991356,8.042597,10.605695
4,127,1786607835.53142,0,1,44.383559,13.617789,36.560097,13.306701,-3.740245,0.678365,3.801264,1.615931,-0.089547,1.61841,2.962174,7.829644,12.55701
4,128,1786607835.57139,0,1,44.235327,13.649645,36.624684,13.303148,-3.705795,0.796411,3.790407,1.614683,-0.088832,1.617125,2.929903,7.618526,14.73569
4,129,1786607835.61133,0,1,44.088653,13.686638,36.689224,13.299637,-3.666848,0.924827,3.781677,1.613494,-0.087776,1.615879,2.894532,7.409543,17.149444
4,130,1786607835.65142,0,1,43.942503,13.7247,36.753718,13.296181,-3.653744,0.951551,3.775618,1.612358,-0.086407,1.614671,2.88682,7.201546,18.008713
4,131,1786607835.69142,0,1,43.798059,13.767813,36.818169,13.292791,-3.61112,1.077812,3.768536,1.611272,-0.08475,1.613499,2.85154,6.996035,20.512108
4,132,1786607835.7314,0,1,43.654118,13.811976,36.882579,13.289477,-3.598525,1.104074,3.764088,1.610231,-0.082829,1.61236,2.843897,6.791667,21.468939
4,133,1786607835.7714,0,1,43.510567,13.856748,36.946948,13.286251,-3.588771,1.119315,3.759274,1.609232,-0.080665,1.611253,2.83926,6.588366,22.28993
4,134,1786607835.81142,0,1,43.367296,13.901691,37.011279,13.28312,-3.581781,1.123579,3.753876,1.608272,-0.078278,1.610176,2.837621,6.386046,22.974825
4,135,1786607835.85138,0,1,43.225681,13.950656,37.075573,13.280092,-3.540362,1.224106,3.746011,1.607347,-0.075686,1.609128,2.808702,6.186557,25.295738
4,136,1786607835.8915,0,1,43.084298,13.999792,37.139831,13.277176,-3.534587,1.228405,3.741962,1.606455,-0.072906,1.608108,2.807112,5.988227,26.095242
4,137,1786607835.93149,0,1,42.943013,14.048674,37.204054,13.274378,-3.532113,1.222052,3.737544,1.605593,-0.069954,1.607116,2.808501,5.790957,26.768669
4,138,1786607835.97151,0,1,42.803229,14.101109,37.268245,13.271704,-3.494602,1.31088,3.732379,1.604758,-0.066844,1.60615,2.782721,5.596782,29.084095
4,139,1786607836.01152,0,1,42.663503,14.153297,37.332403,13.269161,-3.49315,1.304697,3.728851,1.603949,-0.063589,1.605209,2.784136,5.403918,29.897255
4,140,1786607836.05139,0,1,42.523685,14.204822,37.396529,13.266752,-3.49544,1.288128,3.725235,1.603163,-0.060201,1.604293,2.788518,5.212265,30.597896
4,141,1786607836.09136,0,1,42.383631,14.255269,37.460625,13.264485,-3.501373,1.261172,3.721582,1.602399,-0.056693,1.603402,2.795866,5.021716,31.187809
4,142,1786607836.1314,0,1,42.243177,14.304229,37.524691,13.262362,-3.511345,1.223998,3.718563,1.601654,-0.053073,1.602534,2.80618,4.832141,31.669157
4,143,1786607836.17149,0,1,42.102175,14.351288,37.588729,13.260388,-3.525032,1.176489,3.716177,1.600928,-0.049353,1.601689,2.819465,4.643411,32.044371
4,144,1786607836.21151,0,1,41.960494,14.396028,37.652737,13.258566,-3.542034,1.118485,3.714433,1.600219,-0.04554,1.600866,2.835727,4.4554,32.316139
4,145,1786607836.25148,0,1,41.81802,14.438019,37.716718,13.2569,-3.561865,1.049787,3.713345,1.599524,-0.041644,1.600066,2.854978,4.267987,32.487487
4,146,1786607836.29147,0,1,41.675891,14.481111,37.780672,13.255394,-3.553217,1.077297,3.71294,1.598844,-0.037671,1.599288,2.847213,4.083517,34.334089
4,147,1786607836.33142,0,1,41.532976,14.521455,37.844599,13.254048,-3.572882,1.008594,3.712512,1.598177,-0.033629,1.598531,2.86646,3.900056,34.727751
4,148,1786607836.37138,0,1,41.390371,14.562909,37.908508,13.252852,-3.565104,1.036359,3.712682,1.59771,-0.029904,1.59799,2.858694,3.720165,36.827794
4,149,1786607836.41129,0,1,41.246957,14.601622,37.972405,13.251793,-3.58537,0.967817,3.713697,1.597426,-0.026471,1.597645,2.877941,3.541854,37.50843
4,150,1786607836.45139,0,1,41.103753,14.641473,38.036297,13.250861,-3.580091,0.99628,3.71613,1.59731,-0.023309,1.59748,2.870176,3.36795,39.937882
4,151,1786607836.49143,0,1,40.959684,14.678592,38.100191,13.250045,-3.601734,0.927974,3.719358,1.59735,-0.020396,1.597481,2.88943,3.196474,40.993652
4,152,1786607836.53143,0,1,40.81573,14.716875,38.164092,13.249337,-3.598848,0.957066,3.723934,1.597533,-0.017713,1.597631,2.881672,3.030652,43.854529
4,153,1786607836.57152,0,1,40.670857,14.752428,38.228006,13.248727,-3.621815,0.88882,3.729282,1.597847,-0.015242,1.59792,2.900941,2.86856,45.402753
4,154,1786607836.61147,0,1,40.526006,14.789167,38.291938,13.248208,-3.621273,0.918489,3.735939,1.598283,-0.012967,1.598335,2.893194,2.713967,48.828348
4,155,1786607836.65148,0,1,40.380184,14.823173,38.355891,13.247773,-3.645556,0.850146,3.743371,1.598829,-0.010873,1.598866,2.912487,2.565082,51.018531
4,156,1786607836.69146,0,1,40.234267,14.858294,38.41987,13.247415,-3.647915,0.878028,3.752095,1.599478,-0.008946,1.599503,2.905392,2.426308,55.132945
4,157,1786607836.73148,0,1,40.087448,14.890625,38.483879,13.247129,-3.670483,0.808265,3.758422,1.600221,-0.007172,1.600237,2.924845,2.296196,58.123206
4,158,1786607836.7715,0,1,39.93968,14.919694,38.547921,13.246907,-3.694202,0.726725,3.765004,1.60105,-0.00554,1.60106,2.947353,2.176054,61.368666
4,159,1786607836.8115,0,1,39.790942,14.945019,38.611999,13.246745,-3.718437,0.633124,3.771952,1.601959,-0.004039,1.601964,2.972944,2.067375,64.894437
4,160,1786607836.85146,0,1,39.641247,14.966105,38.676117,13.246639,-3.742378,0.527159,3.779324,1.602942,-0.002659,1.602944,3.001651,1.971811,68.712685
4,161,1786607836.89141,0,1,39.490645,14.982446,38.740276,13.246583,-3.765049,0.408522,3.787147,1.603992,-0.001391,1.603992,3.033512,1.891103,72.814988
4,162,1786607836.93141,0,1,39.339233,14.993523,38.80448,13.246574,-3.785305,0.276927,3.795421,1.605104,-0.000225,1.605104,3.068564,1.826962,77.16451
4,163,1786607836.97144,0,1,39.187219,15.000285,38.868731,13.246608,-3.800351,0.169043,3.804108,1.606273,0.000846,1.606273,3.097141,1.782362,82.253507
4,164,1786607837.01155,0,1,39.034757,15.004405,38.933031,13.246681,-3.811549,0.10301,3.812941,1.607495,0.001829,1.607496,3.114573,1.760665,88.235861
4,165,1786607837.05169,0,1,38.8819,15.005863,38.997382,13.246791,-3.821434,0.036438,3.821608,1.608765,0.002731,1.608767,3.132058,1.762859,94.302349
4,166,1786607837.09154,0,1,38.728698,15.005398,39.061785,13.246933,-3.830039,-0.011606,3.830056,1.610079,0.003558,1.610083,-3.138562,1.789734,100.552211
4,167,1786607837.13142,0,1,38.575201,15.002335,39.126242,13.247106,-3.837424,-0.076593,3.838189,1.611435,0.004317,1.61144,-3.121636,1.839694,106.285852
4,168,1786607837.17141,0,1,38.421404,14.998637,39.190755,13.247306,-3.844933,-0.092454,3.846044,1.612828,0.005012,1.612835,-3.117552,1.912867,112.338215
4,169,1786607837.21143,0,1,38.267426,14.991592,39.255326,13.247532,-3.84946,-0.176102,3.853486,1.614255,0.005649,1.614265,-3.095877,2.004418,116.909522
4,170,1786607837.25145,0,1,38.113175,14.9842,39.319954,13.247781,-3.856268,-0.18481,3.860694,1.615715,0.006231,1.615727,-3.093705,2.114584,122.054826
4,171,1786607837.29128,0,1,37.958646,14.976928,39.384642,13.248052,-3.863227,-0.181814,3.867503,1.617204,0.006764,1.617218,-3.094565,2.241088,126.8217
4,172,1786607837.33128,0,1,37.804239,14.965561,39.449391,13.248342,-3.860174,-0.284156,3.870619,1.618719,0.00725,1.618736,-3.068113,2.378102,129.562074
4,173,1786607837.37125,0,1,37.649739,14.953647,39.514201,13.248646,-3.862499,-0.297852,3.873966,1.620247,0.007606,1.620265,-3.064631,2.526509,133.148349
4,174,1786607837.41128,0,1,37.495074,14.94219,39.579073,13.24896,-3.866623,-0.286423,3.877217,1.621786,0.007841,1.621805,-3.067652,2.685159,136.669951
4,175,1786607837.45127,0,1,37.340217,14.931667,39.644006,13.249278,-3.871412,-0.263078,3.880341,1.623336,0.007965,1.623355,-3.073743,2.852696,139.972948
4,176,1786607837.49127,0,1,37.185342,14.919751,39.709002,13.249598,-3.871893,-0.297899,3.883336,1.624894,0.007987,1.624914,-3.064805,3.026264,142.103882
4,177,1786607837.53131,0,1,37.030254,14.909153,39.77406,13.249914,-3.877192,-0.264946,3.886234,1.626462,0.007915,1.626481,-3.073364,3.206485,144.928534
4,178,1786607837.57121,0,1,36.874943,14.900357,39.839182,13.250225,-3.882782,-0.219899,3.889004,1.628037,0.007757,1.628056,-3.085019,3.392588,147.654731
4,179,1786607837.61126,0,1,36.71968,14.889153,39.904366,13.250525,-3.881565,-0.280098,3.891658,1.62962,0.007519,1.629637,-3.069556,3.581526,148.645282
4,180,1786607837.6513,0,1,36.564196,14.879754,39.96958,13.250814,-3.887116,-0.234999,3.894213,1.630327,0.007205,1.630343,-3.08121,3.774928,150.976574
4,181,1786607837.69128,0,1,36.408491,14.872646,40.034793,13.251086,-3.892603,-0.177681,3.896656,1.630329,0.00682,1.630343,-3.095978,3.972344,153.293915
4,182,1786607837.73128,0,1,36.252793,14.863611,40.100006,13.251341,-3.892455,-0.225876,3.899003,1.630331,0.006374,1.630343,-3.083628,4.171386,153.941565
4,183,1786607837.77128,0,1,36.096889,14.856873,40.165219,13.251576,-3.897609,-0.168453,3.901248,1.630332,0.005873,1.630343,-3.0984,4.37359,155.991861
4,184,1786607837.81127,0,1,35.940994,14.848205,40.230433,13.251789,-3.897384,-0.216696,3.903403,1.630334,0.00532,1.630343,-3.08605,4.57688,156.403673
4,185,1786607837.85128,0,1,35.784905,14.841838,40.295646,13.251978,-3.902218,-0.159175,3.905463,1.630336,0.00472,1.630343,-3.100824,4.782723,158.248576
4,186,1786607837.89127,0,1,35.628794,14.834202,40.36086,13.252141,-3.902773,-0.190905,3.907439,1.630338,0.004077,1.630343,-3.092716,4.989525,158.713381
4,187,1786607837.9313,0,1,35.472507,14.829008,40.426073,13.252277,-3.907171,-0.129843,3.909328,1.63034,0.003395,1.630343,-3.108373,5.198452,160.440249
4,188,1786607837.97127,0,1,35.316218,14.822018,40.491287,13.252384,-3.907237,-0.174751,3.911143,1.630341,0.002678,1.630343,-3.096897,5.407873,160.566237
4,189,1786607838.0113,0,1,35.159769,14.817474,40.5565,13.252461,-3.911224,-0.113596,3.912873,1.630342,0.001928,1.630343,-3.112557,5.619073,162.164618
4,190,1786607838.05128,0,1,35.003304,14.81142,40.621714,13.252507,-3.911608,-0.151355,3.914535,1.630343,0.001149,1.630343,-3.102918,5.830672,162.276629
4,191,1786607838.09143,0,1,34.8467,14.807876,40.686928,13.252521,-3.915116,-0.088616,3.916119,1.630343,0.000344,1.630343,-3.118962,6.04379,163.790636
4,192,1786607838.13128,0,1,34.690083,14.802592,40.752142,13.252501,-3.915415,-0.1321,3.917643,1.630343,-0.000486,1.630343,-3.107867,6.257103,163.724263
4,193,1786607838.17128,0,1,34.533344,14.79982,40.817355,13.252448,-3.918479,-0.069279,3.919091,1.630343,-0.001337,1.630343,-3.123914,6.47172,165.15382
4,194,1786607838.21129,0,1,34.376584,14.795488,40.882569,13.252359,-3.918988,-0.108319,3.920485,1.630342,-0.002209,1.630343,-3.11396,6.686485,165.073597
4,195,1786607838.25128,0,1,34.219722,14.793708,40.947783,13.252236,-3.921556,-0.044492,3.921809,1.63034,-0.003097,1.630343,-3.130248,6.902386,166.445605
4,196,1786607838.29128,0,1,34.062837,14.790224,41.012996,13.252076,-3.922117,-0.087098,3.923084,1.630338,-0.004002,1.630343,-3.11939,7.118329,166.248793
4,197,1786607838.33128,0,1,33.905869,14.789296,41.07821,13.251879,-3.924223,-0.023204,3.924292,1.630336,-0.00492,1.630343,-3.13568,7.335266,167.56274
4,198,1786607838.37127,0,1,33.748872,14.786663,41.143423,13.251652,-3.924904,-0.065828,3.925456,1.630333,-0.005675,1.630343,-3.124822,7.552194,167.311842
4,199,1786607838.41129,0,1,33.591817,14.786588,41.208636,13.251401,-3.926397,-0.001875,3.926397,1.630331,-0.006279,1.630343,-3.141115,7.76999,168.577217
4,200,1786607838.45135,0,1,33.434741,14.784807,41.273849,13.251131,-3.926888,-0.044511,3.92714,1.630329,-0.006746,1.630343,-3.130258,7.987727,168.280824
4,201,1786607838.49129,0,1,33.277685,14.780828,41.339062,13.250847,-3.926408,-0.099473,3.927668,1.630328,-0.007086,1.630343,-3.116264,8.205282,167.802318
4,202,1786607838.53134,0,1,33.120576,14.778915,41.404275,13.250555,-3.927707,-0.047844,3.927999,1.630327,-0.007309,1.630343,-3.129412,8.423512,168.848472
4,203,1786607838.5712,0,1,32.963505,14.774802,41.469488,13.250258,-3.926789,-0.10281,3.928135,1.630326,-0.007425,1.630343,-3.115417,8.641527,168.338899
4,204,1786607838.61121,0,1,32.806395,14.772755,41.534702,13.24996,-3.92775,-0.05117,3.928084,1.630326,-0.007443,1.630343,-3.128565,8.860149,169.357027
4,205,1786607838.65132,0,1,32.649338,14.76851,41.599915,13.249665,-3.926416,-0.106127,3.92785,1.630326,-0.007371,1.630343,-3.11457,9.07853,168.82082
4,206,1786607838.69135,0,1,32.492394,14.761574,41.665128,13.249377,-3.923612,-0.17341,3.927442,1.630327,-0.007216,1.630343,-3.097425,9.296547,168.10792
4,207,1786607838.73133,0,1,32.33541,14.75621,41.730341,13.249097,-3.924592,-0.134096,3.926882,1.630328,-0.006984,1.630343,-3.107438,9.515047,168.929462
4,208,1786607838.77127,0,1,32.178571,14.748157,41.795554,13.24883,-3.920981,-0.201319,3.926145,1.630329,-0.006682,1.630343,-3.090294,9.733157,168.199469
4,209,1786607838.81133,0,1,32.021694,14.741677,41.860767,13.248577,-3.921923,-0.162011,3.925268,1.630331,-0.006316,1.630343,-3.100307,9.951719,169.005597
4,210,1786607838.85136,0,1,31.864993,14.732511,41.92598,13.248342,-3.917527,-0.229152,3.924223,1.630332,-0.00589,1.630343,-3.083165,10.169869,168.260753
4,211,1786607838.89127,0,1,31.708255,14.724917,41.991194,13.248125,-3.918452,-0.189853,3.923049,1.630334,-0.005411,1.630343,-3.09318,10.388443,169.053443
4,212,1786607838.93127,0,1,31.551723,14.714641,42.056407,13.24793,-3.913295,-0.256893,3.921718,1.630336,-0.004881,1.630343,-3.07604,10.606584,168.295627
4,213,1786607838.97123,0,1,31.395154,14.705937,42.121621,13.247758,-3.914222,-0.217606,3.920266,1.630337,-0.004305,1.630343,-3.086056,10.825127,169.076537
4,214,1786607839.01134,0,1,31.238821,14.694556,42.186834,13.24761,-3.908323,-0.284527,3.918667,1.630339,-0.003688,1.630343,-3.068921,11.043217,168.307333
4,215,1786607839.05135,0,1,31.08245,14.684746,42.252048,13.247489,-3.90927,-0.245255,3.916956,1.63034,-0.003031,1.630343,-3.078938,11.261688,169.077862
4,216,1786607839.09129,0,1,30.926038,14.676995,42.317262,13.247396,-3.910309,-0.193756,3.915107,1.630341,-0.002339,1.630343,-3.092083,11.480581,170.010089
4,217,1786607839.13125,0,1,30.769828,14.667063,42.382475,13.247331,-3.905249,-0.248309,3.913135,1.630342,-0.001614,1.630343,-3.078095,11.699112,169.391591
4,218,1786607839.17126,0,1,30.613894,14.654464,42.447689,13.247297,-3.898345,-0.314984,3.91105,1.630343,-0.000859,1.630343,-3.060968,11.917165,168.599326
4,219,1786607839.21125,0,1,30.457929,14.643434,42.512903,13.247294,-3.899131,-0.275749,3.908869,1.630343,-7.7E-05,1.630343,-3.07099,12.135551,169.348498
4,220,1786607839.25133,0,1,30.302267,14.629743,42.578116,13.247323,-3.891545,-0.342259,3.906567,1.630343,0.00073,1.630343,-3.053869,12.353443,168.548626
4,221,1786607839.29135,0,1,30.146571,14.617621,42.643328,13.247385,-3.892397,-0.30305,3.904177,1.630286,0.001561,1.630287,-3.063892,12.571654,169.290775
4,222,1786607839.33128,0,1,29.991205,14.602846,42.708531,13.247482,-3.884148,-0.369382,3.901672,1.630073,0.002412,1.630075,-3.046778,12.789346,168.484119
4,223,1786607839.37127,0,1,29.835802,14.589638,42.773721,13.247611,-3.88508,-0.330203,3.899087,1.629765,0.003223,1.629768,-3.056804,13.007336,169.219955
4,224,1786607839.41134,0,1,29.68034,14.57848,42.838896,13.247771,-3.886558,-0.278944,3.896555,1.629369,0.003997,1.629374,-3.069944,13.225672,170.120209
4,225,1786607839.45134,0,1,29.525147,14.565159,42.904052,13.24796,-3.879822,-0.333035,3.894089,1.628893,0.004735,1.6289,-3.055965,13.44359,169.471045
4,226,1786607839.49135,0,1,29.3703,14.549195,42.969186,13.248178,-3.871173,-0.399087,3.89169,1.628343,0.005442,1.628352,-3.038864,13.660979,168.649153
4,227,1786607839.53129,0,1,29.215393,14.534794,43.034295,13.248422,-3.872673,-0.360021,3.889371,1.627724,0.006118,1.627736,-3.048895,13.878645,169.370576
4,228,1786607839.57125,0,1,29.060845,14.517758,43.099376,13.248693,-3.863696,-0.42592,3.887101,1.627043,0.006767,1.627057,-3.0318,14.095775,168.543893
4,229,1786607839.61125,0,1,28.906222,14.502281,43.164429,13.248989,-3.865592,-0.386915,3.884907,1.626304,0.00739,1.626321,-3.041833,14.313183,169.26081
4,230,1786607839.65127,0,1,28.751494,14.488844,43.229449,13.249308,-3.868202,-0.33592,3.88276,1.625512,0.007989,1.625532,-3.054969,14.53092,170.143345
4,231,1786607839.69137,0,1,28.597051,14.473255,43.294436,13.249651,-3.861052,-0.389722,3.880671,1.624672,0.008566,1.624694,-3.040997,14.748231,169.477187
4,232,1786607839.73129,0,1,28.442499,14.459703,43.359387,13.250016,-3.863813,-0.338799,3.878638,1.623786,0.009123,1.623811,-3.054131,14.965858,170.352565
4,233,1786607839.77135,0,1,28.28823,14.444002,43.424302,13.250402,-3.856736,-0.392541,3.876661,1.622859,0.00966,1.622888,-3.040161,15.183062,169.679511
4,234,1786607839.81128,0,1,28.134327,14.425677,43.489177,13.250809,-3.847562,-0.458121,3.87474,1.621894,0.01018,1.621926,-3.023083,15.399732,168.834455
4,235,1786607839.85128,0,1,27.980322,14.408906,43.554013,13.251237,-3.850126,-0.41927,3.872888,1.620894,0.010683,1.620929,-3.033122,15.61666,169.533851
4,236,1786607839.89124,0,1,27.826182,14.394166,43.618808,13.251684,-3.853494,-0.368501,3.871073,1.619861,0.011171,1.6199,-3.046255,15.833897,170.399812
4,237,1786607839.93127,0,1,27.672334,14.377282,43.68356,13.252149,-3.846218,-0.42209,3.869309,1.6188,0.011645,1.618842,-3.032289,16.05071,169.717683
4,238,1786607839.97126,0,1,27.518863,14.357784,43.748268,13.252634,-3.836752,-0.487459,3.867594,1.617711,0.012105,1.617756,-3.01522,16.266989,168.863789
4,239,1786607840.01127,0,1,27.365271,14.339836,43.812932,13.253136,-3.839815,-0.44871,3.865943,1.616596,0.012552,1.616645,-3.025263,16.483521,169.554749
4,240,1786607840.05134,0,1,27.21152,14.323912,43.87755,13.253655,-3.843766,-0.398088,3.864325,1.615459,0.012989,1.615511,-3.038393,16.700359,170.412744
4,241,1786607840.09133,0,1,27.058069,14.305851,43.942122,13.254192,-3.83627,-0.451533,3.862752,1.614301,0.013414,1.614357,-3.024431,16.916774,169.72292
4,242,1786607840.13129,0,1,26.904456,14.289812,44.006647,13.254745,-3.840347,-0.400969,3.861222,1.613123,0.013829,1.613182,-3.03756,17.133485,170.575907
4,243,1786607840.17127,0,1,26.75114,14.271637,44.071124,13.255314,-3.832898,-0.454369,3.859736,1.611927,0.014234,1.61199,-3.023599,17.349778,169.881228
4,244,1786607840.2112,0,1,26.598213,14.250858,44.135553,13.255899,-3.82316,-0.519481,3.858292,1.610715,0.014631,1.610781,-3.006542,17.565541,169.015072
4,245,1786607840.25121,0,1,26.445141,14.231623,44.199932,13.2565,-3.826808,-0.480867,3.856902,1.609487,0.015019,1.609557,-3.01659,17.781549,169.694276
4,246,1786607840.2912,0,1,26.291884,14.214406,44.264262,13.257116,-3.831435,-0.430437,3.855538,1.608246,0.015399,1.608319,-3.029718,17.997855,170.541111
4,247,1786607840.33127,0,1,26.138934,14.195058,44.328542,13.257747,-3.823737,-0.483707,3.85421,1.606991,0.015772,1.607069,-3.01576,18.213742,169.840467
4,248,1786607840.37125,0,1,25.985795,14.177724,44.39278,13.25839,-3.828473,-0.433328,3.852918,1.605951,0.01608,1.606031,-3.028887,18.429928,170.683173
4,249,1786607840.41131,0,1,25.832958,14.158262,44.456984,13.259043,-3.820925,-0.486574,3.851782,1.605107,0.016327,1.60519,-3.01493,18.645722,169.978504
4,250,1786607840.45127,0,1,25.679918,14.140811,44.521162,13.259704,-3.826004,-0.436268,3.850796,1.604445,0.016518,1.60453,-3.028056,18.861835,170.817354
4,251,1786607840.49125,0,1,25.52717,14.12123,44.58532,13.26037,-3.818709,-0.489512,3.849956,1.603949,0.016658,1.604036,-3.0141,19.077583,170.108913
4,252,1786607840.53124,0,1,25.374205,14.10366,44.649464,13.26104,-3.824111,-0.439268,3.849257,1.603607,0.01675,1.603695,-3.027226,19.293668,170.944166
4,253,1786607840.57126,0,1,25.220998,14.088573,44.7136,13.261712,-3.830168,-0.377171,3.848694,1.603406,0.016799,1.603494,-3.043435,19.510131,171.947017
4,254,1786607840.61124,0,1,25.067981,14.071822,44.777734,13.262385,-3.825426,-0.418773,3.84828,1.603334,0.016808,1.603422,-3.032556,19.726366,171.400957
4,255,1786607840.65126,0,1,24.914725,14.057554,44.841869,13.263056,-3.831418,-0.356689,3.847986,1.603382,0.01678,1.60347,-3.048764,19.942977,172.398147
4,256,1786607840.69127,0,1,24.761638,14.041621,44.906011,13.263725,-3.827161,-0.398337,3.847835,1.60354,0.016717,1.603627,-3.037885,20.159387,171.846528
4,257,1786607840.73128,0,1,24.608791,14.023553,44.970163,13.26439,-3.821193,-0.451697,3.847798,1.603799,0.016623,1.603885,-3.02393,20.37552,171.123185
4,258,1786607840.77124,0,1,24.455715,14.007492,45.034329,13.26505,-3.826877,-0.401515,3.847883,1.604151,0.016501,1.604235,-3.037055,20.592002,171.944207
4,259,1786607840.81128,0,1,24.302392,13.993914,45.098512,13.265704,-3.833083,-0.339457,3.848085,1.604588,0.016352,1.604671,-3.053263,20.808866,172.933617
4,260,1786607840.85129,0,1,24.149212,13.978667,45.162716,13.266351,-3.829493,-0.381172,3.848416,1.605104,0.016178,1.605185,-3.042384,21.025574,172.374272
4,261,1786607840.89126,0,1,23.995788,13.965904,45.226944,13.26699,-3.8356,-0.319089,3.84885,1.605692,0.015982,1.605772,-3.058592,21.242656,173.358978
4,262,1786607840.93125,0,1,23.84249,13.95147,45.291198,13.267621,-3.832457,-0.360851,3.849408,1.606347,0.015765,1.606425,-3.047713,21.459607,172.79494
4,263,1786607840.97124,0,1,23.688952,13.93952,45.35548,13.268242,-3.838456,-0.298734,3.850063,1.607063,0.015529,1.607138,-3.063923,21.676925,173.775246
4,264,1786607841.01125,0,1,23.535522,13.925898,45.419794,13.268853,-3.83575,-0.340543,3.850837,1.607836,0.015276,1.607909,-3.053043,21.894133,173.206792
4,265,1786607841.05123,0,1,23.381857,13.914763,45.48414,13.269453,-3.84163,-0.278381,3.851703,1.608661,0.015007,1.608731,-3.069255,22.111702,174.18298
4,266,1786607841.09124,0,1,23.228283,13.901954,45.548522,13.270042,-3.839352,-0.320237,3.852684,1.609533,0.014724,1.6096,-3.058376,22.329182,173.610366
4,267,1786607841.13126,0,1,23.074757,13.888095,45.61294,13.270619,-3.838145,-0.346467,3.853751,1.610449,0.014427,1.610514,-3.051567,22.54664,173.272586
4,268,1786607841.17128,0,1,22.920999,13.876474,45.677396,13.271184,-3.843949,-0.290527,3.854913,1.611405,0.014118,1.611467,-3.066156,22.764446,174.154146
4,269,1786607841.21127,0,1,22.767348,13.862928,45.741892,13.271736,-3.841273,-0.338651,3.856172,1.612399,0.013798,1.612458,-3.053659,22.982149,173.487721
4,270,1786607841.25123,0,1,22.613462,13.851621,45.806429,13.272274,-3.847146,-0.282671,3.857517,1.613427,0.013467,1.613483,-3.068249,23.200202,174.366795
4,271,1786607841.2912,0,1,22.459672,13.838387,45.871008,13.2728,-3.844745,-0.33085,3.858954,1.614486,0.013127,1.614539,-3.055752,23.418167,173.69775
4,272,1786607841.33129,0,1,22.305645,13.827394,45.935631,13.273311,-3.850677,-0.274822,3.860471,1.615574,0.012779,1.615625,-3.070344,23.636481,174.574489
4,273,1786607841.37126,0,1,22.151384,13.819124,46.000288,13.273805,-3.856539,-0.206742,3.862077,1.616407,0.012349,1.616454,-3.088036,23.855138,175.621545
4,274,1786607841.41123,0,1,21.997132,13.809398,46.064968,13.274278,-3.856287,-0.243165,3.863946,1.617004,0.011844,1.617048,-3.078619,24.073784,175.118192
4,275,1786607841.45121,0,1,21.842756,13.800335,46.129663,13.274729,-3.859392,-0.226561,3.866036,1.617385,0.011269,1.617425,-3.082956,24.292593,175.400607
4,276,1786607841.49135,0,1,21.688313,13.79085,46.194366,13.275154,-3.861085,-0.237142,3.86836,1.617567,0.010632,1.617602,-3.080251,24.511478,175.279864
4,277,1786607841.53134,0,1,21.53363,13.78397,46.259068,13.275552,-3.867087,-0.171983,3.870909,1.617566,0.009936,1.617597,-3.097148,24.730665,176.275547
4,278,1786607841.57127,0,1,21.378913,13.775506,46.323764,13.275919,-3.867912,-0.211612,3.873697,1.617396,0.009187,1.617423,-3.086938,24.949853,175.721152
4,279,1786607841.61132,0,1,21.223956,13.769653,46.388447,13.276255,-3.873927,-0.146315,3.876689,1.617072,0.008389,1.617094,-3.103842,25.169328,176.713768
4,280,1786607841.65132,0,1,21.068938,13.762213,46.453111,13.276557,-3.875451,-0.186006,3.879912,1.616605,0.007547,1.616622,-3.093633,25.388819,176.156078
4,281,1786607841.69133,0,1,20.91368,13.757391,46.517752,13.276823,-3.881459,-0.120548,3.883331,1.616006,0.006664,1.61602,-3.110545,25.608582,177.145843
4,282,1786607841.73136,0,1,20.758333,13.750979,46.582363,13.277053,-3.883664,-0.160301,3.886971,1.615287,0.005745,1.615297,-3.10034,25.828378,176.58503
4,283,1786607841.77134,0,1,20.602747,13.747193,46.646941,13.277245,-3.889647,-0.094661,3.890799,1.614457,0.004791,1.614464,-3.117261,26.048434,177.572147
4,284,1786607841.81133,0,1,20.447046,13.741814,46.711482,13.277397,-3.892518,-0.134475,3.89484,1.613525,0.003807,1.613529,-3.107059,26.268542,177.008374
4,285,1786607841.85127,0,1,20.291108,13.739068,46.775982,13.277509,-3.898457,-0.06863,3.899061,1.612498,0.002795,1.612501,-3.12399,26.488896,177.993035
4,286,1786607841.89133,0,1,20.135029,13.734728,46.840438,13.277579,-3.901979,-0.108504,3.903487,1.611385,0.001758,1.611386,-3.113792,26.709321,177.426455
4,287,1786607841.93135,0,1,19.978715,13.733031,46.904845,13.277607,-3.907854,-0.042436,3.908085,1.610193,0.000699,1.610193,-3.130734,26.929982,178.408842
4,288,1786607841.97133,0,1,19.822234,13.729736,46.969203,13.277592,-3.912013,-0.082369,3.91288,1.608928,-0.000381,1.608928,-3.12054,27.150733,177.8396
4,289,1786607842.01134,0,1,19.665522,13.729094,47.033506,13.277533,-3.917806,-0.016058,3.917839,1.607595,-0.00148,1.607595,-3.137494,27.371709,178.819884
4,290,1786607842.05135,0,1,19.508619,13.726852,47.097754,13.277429,-3.922587,-0.056049,3.922987,1.6062,-0.002595,1.606202,-3.127305,27.592796,178.248115
4,291,1786607842.09135,0,1,19.35149,13.725821,47.161944,13.27728,-3.928206,-0.025781,3.928291,1.604748,-0.003724,1.604752,-3.13503,27.814071,178.699954
4,292,1786607842.13135,0,1,19.194167,13.722885,47.226074,13.277085,-3.93308,-0.073397,3.933765,1.603244,-0.004867,1.603251,-3.122933,28.035451,178.019781
4,293,1786607842.17129,0,1,19.036592,13.722317,47.290142,13.276845,-3.939369,-0.014203,3.939395,1.601691,-0.00602,1.601703,-3.137987,28.257061,178.890119
4,294,1786607842.21132,0,1,18.878804,13.719839,47.354145,13.276557,-3.944701,-0.061945,3.945187,1.600095,-0.007184,1.600111,-3.125891,28.478791,178.208471
4,295,1786607842.25127,0,1,18.720759,13.719738,47.418084,13.276223,-3.951127,-0.002526,3.951128,1.598457,-0.008357,1.598479,-3.140953,28.700751,179.07794
4,296,1786607842.29135,0,1,18.562479,13.718132,47.481955,13.275841,-3.95702,-0.040143,3.957224,1.596782,-0.009536,1.59681,-3.131448,28.922858,178.542566
4,297,1786607842.33122,0,1,18.403942,13.718999,47.545758,13.275413,-3.963403,0.021681,3.963462,1.595072,-0.010722,1.595108,3.136122,29.145191,179.441352
4,298,1786607842.37129,0,1,18.245151,13.718033,47.609497,13.274943,-3.969776,-0.02416,3.969849,1.593487,-0.011734,1.59353,-3.135507,29.367689,178.786809
4,299,1786607842.41126,0,1,18.086129,13.71955,47.673178,13.27444,-3.975555,0.037929,3.975736,1.592018,-0.012585,1.592067,3.132052,29.590397,179.684714
4,300,1786607842.45129,0,1,17.926885,13.719229,47.736804,13.273908,-3.981105,-0.00802,3.981113,1.590654,-0.013288,1.59071,-3.139578,29.813245,179.028711
4,301,1786607842.49128,0,1,17.767445,13.719579,47.80038,13.273354,-3.986006,0.008757,3.986016,1.589388,-0.013854,1.589449,3.139396,30.03625,179.27465
4,302,1786607842.5313,0,1,17.607832,13.720962,47.863908,13.272782,-3.990318,0.034562,3.990468,1.588212,-0.014294,1.588277,3.132932,30.259395,179.647593
4,303,1786607842.57128,0,1,17.448055,13.721821,47.927393,13.272198,-3.994427,0.021472,3.994484,1.587119,-0.014617,1.587186,3.136217,30.482654,179.462844
4,304,1786607842.61127,0,1,17.28817,13.725296,47.990837,13.271604,-3.997132,0.086889,3.998076,1.586101,-0.014833,1.58617,3.119858,30.706019,179.601304
4,305,1786607842.65123,0,1,17.128128,13.727039,48.054243,13.271006,-4.001031,0.04357,4.001268,1.585153,-0.01495,1.585224,3.130703,30.929477,179.779093
4,306,1786607842.6912,0,1,16.968026,13.731404,48.117614,13.270407,-4.002566,0.109119,4.004053,1.58427,-0.014976,1.584341,3.114337,31.152999,179.286255
4,307,1786607842.73119,0,1,16.807856,13.73673,48.180952,13.269811,-4.004251,0.133152,4.006464,1.583445,-0.014918,1.583516,3.108352,31.37657,178.948122
4,308,1786607842.7712,0,1,16.647591,13.74166,48.244259,13.269219,-4.006613,0.123243,4.008508,1.582675,-0.014783,1.582744,3.110842,31.600199,179.094779
4,309,1786607842.81134,0,1,16.487377,13.749543,48.307537,13.268636,-4.005343,0.197082,4.010189,1.581955,-0.014576,1.582022,3.092428,31.823793,178.048912
4,310,1786607842.85127,0,1,16.327046,13.756016,48.370788,13.268064,-4.008278,0.161812,4.011543,1.581281,-0.014304,1.581346,3.101245,32.047457,178.560665
4,311,1786607842.89123,0,1,16.166822,13.765442,48.434014,13.267505,-4.005617,0.235671,4.012544,1.58065,-0.013972,1.580712,3.082825,32.271034,177.516982
5,0,1786607858.78063,0,1,59.48,13.100032,29.003536,13.399993,-0.499999,0.000796,0.5,0.0884,-0.000163,0.0884,3.14,30.47794,0.472658
5,0,1786607858.82062,0,1,59.48,13.100032,29.010208,13.399982,-0.499999,0.000796,0.5,0.1668,-0.000277,0.1668,3.14,30.471268,0.47276
5,1,1786607858.86062,0,1,59.457184,13.100635,29.020016,13.399969,-0.570411,0.015066,0.570609,0.2452,-0.000339,0.2452,3.115186,30.438639,0.949545
5,2,1786607858.90057,0,1,59.431551,13.101547,29.03296,13.399955,-0.640814,0.022808,0.641219,0.3236,-0.000348,0.3236,3.106015,30.400056,1.476019
5,3,1786607858.94054,0,1,59.403096,13.102553,29.04904,13.399943,-0.71138,0.025157,0.711825,0.402,-0.000301,0.402,3.106244,30.355513,1.464015
5,4,1786607858.98057,0,1,59.371821,13.103719,29.068256,13.399935,-0.781878,0.029155,0.782421,0.4804,-0.000197,0.4804,3.104321,30.305013,1.575446
5,5,1786607859.02062,0,1,59.337726,13.105044,29.090608,13.399934,-0.852365,0.033118,0.853009,0.558799,-3.2E-05,0.558799,3.102758,30.248556,1.666499
5,6,1786607859.06058,0,1,59.300813,13.106544,29.116096,13.399942,-0.922824,0.037497,0.923586,0.637199,0.000196,0.637199,3.100982,30.186143,1.769941
5,7,1786607859.10058,0,1,59.261112,13.108231,29.14472,13.399961,-0.992539,0.042184,0.993435,0.715599,0.000491,0.715599,3.099117,30.117805,1.878682
5,8,1786607859.14062,0,1,59.218683,13.11012,29.17648,13.399995,-1.060714,0.047212,1.061764,0.793998,0.000856,0.793998,3.097113,30.043602,1.995686
5,9,1786607859.1806,0,1,59.173587,13.112224,29.211376,13.400047,-1.12739,0.052603,1.128616,0.872397,0.001295,0.872397,3.094967,29.963594,2.121075
5,10,1786607859.22057,0,1,59.125883,13.114559,29.249407,13.40012,-1.192606,0.058366,1.194033,0.950795,0.001813,0.950797,3.092692,29.87784,2.254188
5,11,1786607859.26063,0,1,59.075627,13.117139,29.290575,13.400216,-1.256399,0.064507,1.258054,1.029192,0.002414,1.029195,3.090295,29.786397,2.39464
5,12,1786607859.30062,0,1,59.022875,13.11998,29.334879,13.40034,-1.318808,0.071034,1.32072,1.107589,0.003103,1.107594,3.087783,29.68932,2.542034
5,13,1786607859.34062,0,1,58.96768,13.123098,29.382126,13.400494,-1.379869,0.077949,1.382068,1.181181,0.003841,1.181187,3.085162,29.586855,2.696023
5,14,1786607859.38062,0,1,58.910096,13.126508,29.432095,13.400679,-1.439615,0.085255,1.442137,1.249227,0.004612,1.249235,3.082441,29.479276,2.856275
5,15,1786607859.42061,0,1,58.850172,13.130227,29.484582,13.400895,-1.498081,0.092954,1.500962,1.312171,0.005414,1.312182,3.079624,29.366838,3.022472
5,16,1786607859.46061,0,1,58.78796,13.134268,29.539399,13.401145,-1.555299,0.101042,1.558578,1.370422,0.006243,1.370436,3.076717,29.249779,3.194308
5,17,1786607859.50061,0,1,58.723508,13.138649,29.596373,13.401429,-1.611303,0.109519,1.615021,1.424355,0.007098,1.424373,3.073728,29.128321,3.37148
5,18,1786607859.54063,0,1,58.656863,13.143384,29.655346,13.401748,-1.666123,0.11838,1.670323,1.474315,0.007977,1.474337,3.070661,29.002669,3.553695
5,19,1786607859.58061,0,1,58.588072,13.148489,29.71617,13.402103,-1.719789,0.127619,1.724518,1.520621,0.008877,1.520647,3.067522,28.873015,3.74066
5,20,1786607859.62061,0,1,58.517178,13.153978,29.778713,13.402495,-1.772331,0.137231,1.777636,1.563564,0.009796,1.563595,3.064317,28.73954,3.932091
5,21,1786607859.66056,0,1,58.444227,13.159866,29.842849,13.402924,-1.823778,0.147205,1.829709,1.603414,0.010732,1.60345,3.061053,28.602411,4.127705
5,22,1786607859.70062,0,1,58.369261,13.166168,29.908466,13.403391,-1.874157,0.157535,1.880766,1.640418,0.011684,1.640459,3.057733,28.461784,4.327224
5,23,1786607859.74059,0,1,58.292321,13.172896,29.975431,13.40389,-1.923496,0.168209,1.930837,1.674107,0.012454,1.674154,3.054365,28.317833,4.530395
5,24,1786607859.78062,0,1,58.213451,13.179775,30.04362,13.404412,-1.971761,0.17198,1.979247,1.704748,0.013055,1.704798,3.054592,28.170726,4.527909
5,25,1786607859.82057,0,1,58.132722,13.186891,30.112924,13.404952,-2.018208,0.177902,2.026034,1.732583,0.013502,1.732636,3.053671,28.020647,4.59163
5,26,1786607859.86057,0,1,58.050196,13.194198,30.183237,13.405504,-2.063168,0.182666,2.071239,1.757838,0.013806,1.757892,3.053286,27.86776,4.625149
5,27,1786607859.90058,0,1,57.965933,13.201696,30.254466,13.406063,-2.106578,0.18746,2.114902,1.780718,0.013978,1.780773,3.052838,27.71222,4.662703
5,28,1786607859.94059,0,1,57.879992,13.209368,30.326522,13.406624,-2.14852,0.191783,2.157063,1.801413,0.01403,1.801468,3.052566,27.554175,4.69068
5,29,1786607859.9806,0,1,57.792431,13.2172,30.399326,13.407183,-2.18902,0.195798,2.197759,1.8201,0.01397,1.820153,3.052384,27.393763,4.71389
5,30,1786607860.0206,0,1,57.703306,13.225176,30.472804,13.407736,-2.228124,0.199407,2.23703,1.836937,0.013808,1.836989,3.052335,27.231114,4.729973
5,31,1786607860.06058,0,1,57.612671,13.233281,30.546887,13.408278,-2.265869,0.202626,2.27491,1.852073,0.013551,1.852123,3.052405,27.06635,4.739642
5,32,1786607860.10057,0,1,57.52058,13.241498,30.621513,13.408806,-2.302292,0.205424,2.311438,1.865645,0.013208,1.865691,3.052602,26.899587,4.742398
5,33,1786607860.14065,0,1,57.427082,13.24981,30.696624,13.409317,-2.337429,0.207799,2.346648,1.877776,0.012786,1.87782,3.052925,26.730935,4.738374
5,34,1786607860.18062,0,1,57.33223,13.258199,30.772167,13.409809,-2.371316,0.209738,2.380574,1.888584,0.01229,1.888624,3.053374,26.560495,4.727491
5,35,1786607860.22062,0,1,57.23607,13.266649,30.848094,13.410278,-2.403988,0.211239,2.413251,1.898172,0.011726,1.898208,3.053947,26.388367,4.709842
5,36,1786607860.26062,0,1,57.138651,13.275141,30.92436,13.410722,-2.435476,0.212298,2.444711,1.90664,0.011101,1.906672,3.054643,26.214642,4.685498
5,37,1786607860.30067,0,1,57.040019,13.283658,31.000923,13.411139,-2.465812,0.212916,2.474988,1.914076,0.010419,1.914104,3.055459,26.039408,4.654595
5,38,1786607860.34063,0,1,56.940218,13.292181,31.077745,13.411526,-2.495028,0.213096,2.504112,1.920563,0.009685,1.920588,3.056391,25.862748,4.617283
5,39,1786607860.38062,0,1,56.839292,13.300695,31.154792,13.411882,-2.523154,0.212841,2.532115,1.926178,0.008904,1.926198,3.057437,25.68474,4.573744
5,40,1786607860.42062,0,1,56.737283,13.309181,31.232032,13.412205,-2.550217,0.212158,2.559026,1.930989,0.008078,1.931006,3.058592,25.505459,4.524176
5,41,1786607860.4606,0,1,56.634233,13.317624,31.309434,13.412494,-2.576245,0.211056,2.584876,1.935062,0.007212,1.935075,3.059851,25.324976,4.468797
5,42,1786607860.50056,0,1,56.530182,13.326005,31.386972,13.412746,-2.601267,0.209544,2.609693,1.938454,0.006309,1.938464,3.061212,25.14336,4.407835
5,43,1786607860.54056,0,1,56.42517,13.334311,31.464621,13.412961,-2.625306,0.207634,2.633504,1.941221,0.005373,1.941229,3.062668,24.960673,4.341532
5,44,1786607860.58056,0,1,56.319235,13.342524,31.542358,13.413137,-2.64839,0.205337,2.656338,1.943413,0.004406,1.943418,3.064215,24.776977,4.270133
5,45,1786607860.62055,0,1,56.212413,13.350631,31.620161,13.413274,-2.670541,0.202666,2.678221,1.945076,0.003411,1.945079,3.065848,24.592332,4.193891
5,46,1786607860.66059,0,1,56.104741,13.358616,31.698011,13.413369,-2.691785,0.199637,2.699178,1.946252,0.00239,1.946253,3.067563,24.406792,4.113057
5,47,1786607860.70061,0,1,55.996256,13.366467,31.77589,13.413423,-2.712143,0.196263,2.719235,1.946979,0.001345,1.94698,3.069354,24.220411,4.027884
5,48,1786607860.74055,0,1,55.88699,13.374169,31.853799,13.413439,-2.731638,0.192559,2.738417,1.947713,0.000389,1.947713,3.071217,24.033224,3.938614
5,49,1786607860.78057,0,1,55.776961,13.381654,31.931737,13.413419,-2.750726,0.187127,2.757083,1.948453,-0.000486,1.948453,3.073669,23.845246,3.81541
5,50,1786607860.82056,0,1,55.666192,13.388966,32.009705,13.413368,-2.769223,0.182789,2.775249,1.949198,-0.001286,1.949198,3.075681,23.6565,3.717362
5,51,1786607860.86056,0,1,55.554699,13.396038,32.087703,13.413287,-2.787326,0.176815,2.792929,1.949948,-0.002017,1.949949,3.078242,23.467003,3.587599
5,52,1786607860.90056,0,1,55.442505,13.402918,32.165731,13.41318,-2.804866,0.172,2.810135,1.950703,-0.002684,1.950704,3.080348,23.276776,3.48383
5,53,1786607860.94059,0,1,55.329623,13.409537,32.243789,13.413048,-2.822035,0.165476,2.826882,1.951461,-0.003293,1.951464,3.083023,23.085834,3.347096
5,54,1786607860.98057,0,1,55.216077,13.415951,32.321878,13.412894,-2.838658,0.160346,2.843183,1.952224,-0.003847,1.952228,3.085166,22.894199,3.240664
5,55,1786607861.02062,0,1,55.101879,13.422081,32.399998,13.41272,-2.854941,0.153231,2.85905,1.95299,-0.004351,1.952995,3.087972,22.701883,3.09587
5,56,1786607861.0606,0,1,54.987052,13.428,32.478148,13.412528,-2.870684,0.147994,2.874496,1.953759,-0.004809,1.953765,3.090085,22.508909,2.990572
5,57,1786607861.10056,0,1,54.871607,13.433607,32.556329,13.412319,-2.886131,0.140163,2.889532,1.954531,-0.005225,1.954538,3.093066,22.315287,2.835006
5,58,1786607861.14061,0,1,54.755566,13.439012,32.634542,13.412095,-2.901025,0.135134,2.904171,1.955306,-0.005602,1.955315,3.095045,22.12104,2.73672
5,59,1786607861.18058,0,1,54.638938,13.444063,32.712785,13.411857,-2.91569,0.126278,2.918423,1.956084,-0.005942,1.956093,3.09831,21.926177,2.564084
5,60,1786607861.22057,0,1,54.521748,13.448945,32.79106,13.411607,-2.92976,0.122044,2.932301,1.956864,-0.006249,1.956874,3.09996,21.73072,2.48381
5,61,1786607861.26056,0,1,54.403999,13.453402,32.869365,13.411346,-2.943705,0.111418,2.945813,1.957646,-0.006525,1.957657,3.103761,21.534675,2.279488
5,62,1786607861.30055,0,1,54.285721,13.457771,32.947703,13.411075,-2.956955,0.109232,2.958972,1.95843,-0.006773,1.958442,3.104669,21.33807,2.240974
5,63,1786607861.34061,0,1,54.166911,13.461571,33.026065,13.410796,-2.970267,0.095003,2.971786,1.959066,-0.006994,1.959078,3.109619,21.140906,1.969571
5,64,1786607861.38057,0,1,54.047604,13.465487,33.104428,13.410508,-2.982661,0.097891,2.984267,1.959065,-0.007189,1.959078,3.108784,20.943248,2.030179
5,65,1786607861.42058,0,1,53.927785,13.468497,33.18279,13.410214,-2.995477,0.075254,2.996422,1.959064,-0.007361,1.959078,3.116475,20.745077,1.600088
5,66,1786607861.46067,0,1,53.80751,13.472148,33.261153,13.409913,-3.00688,0.091284,3.008265,1.959064,-0.007513,1.959078,3.111244,20.546451,1.912421
5,67,1786607861.50068,0,1,53.686732,13.474016,33.339515,13.409607,-3.019436,0.046684,3.019797,1.959063,-0.007646,1.959078,3.126133,20.347319,1.067151
5,68,1786607861.54066,0,1,53.565531,13.477162,33.417878,13.409297,-3.030022,0.078652,3.031043,1.959063,-0.007762,1.959078,3.115641,20.147768,1.679923
5,69,1786607861.58068,0,1,53.443858,13.478378,33.49624,13.408982,-3.041836,0.030414,3.041988,1.959063,-0.007861,1.959078,3.131595,19.947738,0.772176
5,70,1786607861.62068,0,1,53.321777,13.480879,33.574603,13.408664,-3.052025,0.062511,3.052665,1.959062,-0.007946,1.959078,3.121114,19.747306,1.382885
5,71,1786607861.66062,0,1,53.199256,13.48143,33.652965,13.408344,-3.063027,0.013775,3.063058,1.959062,-0.008017,1.959078,3.137096,19.546427,0.471899
5,72,1786607861.70063,0,1,53.076342,13.48327,33.731328,13.408021,-3.072853,0.045996,3.073198,1.959062,-0.008076,1.959078,3.126625,19.34516,1.080437
5,73,1786607861.74057,0,1,52.953019,13.483141,33.80969,13.407696,-3.083068,-0.00321,3.083069,1.959061,-0.008127,1.959078,-3.140551,19.143477,0.166149
5,74,1786607861.78067,0,1,52.82931,13.484306,33.888053,13.407369,-3.092719,0.029131,3.092856,1.959061,-0.008173,1.959078,3.132174,18.941414,0.772399
5,75,1786607861.82055,0,1,52.70521,13.48471,33.966415,13.40704,-3.10252,0.010078,3.102536,1.959061,-0.008213,1.959078,3.138344,18.738955,0.423604
5,76,1786607861.86069,0,1,52.580735,13.486358,34.044778,13.40671,-3.111853,0.041206,3.112126,1.959061,-0.008248,1.959078,3.128352,18.536129,1.004843
5,77,1786607861.90068,0,1,52.455871,13.486172,34.12314,13.406379,-3.121617,-0.004638,3.121621,1.959061,-0.008278,1.959078,-3.140107,18.332904,0.164256
5,78,1786607861.94068,0,1,52.330636,13.48746,34.201503,13.406047,-3.130868,0.032192,3.131034,1.959061,-0.008304,1.959078,3.131311,18.129316,0.846394
5,79,1786607861.98062,0,1,52.205023,13.4869,34.279865,13.405714,-3.140323,-0.014011,3.140355,1.959061,-0.008326,1.959078,-3.137131,17.925342,0.003875
5,80,1786607862.02062,0,1,52.079043,13.48782,34.358227,13.40538,-3.149514,0.023006,3.149598,1.959061,-0.008344,1.959078,3.134288,17.721007,0.685059
5,81,1786607862.06059,0,1,51.952693,13.487408,34.43659,13.405046,-3.158736,-0.010289,3.158752,1.95906,-0.008359,1.959078,-3.138335,17.516297,0.082771
5,82,1786607862.10067,0,1,51.825985,13.488579,34.514952,13.404711,-3.167696,0.029258,3.167831,1.95906,-0.00837,1.959078,3.132357,17.311236,0.806765
5,83,1786607862.14062,0,1,51.698914,13.487968,34.593315,13.404376,-3.176793,-0.015266,3.176829,1.95906,-0.008379,1.959078,-3.136787,17.105803,0.004663
5,84,1786607862.18058,0,1,51.571487,13.488948,34.671677,13.40404,-3.185661,0.024501,3.185755,1.95906,-0.008385,1.959078,3.133902,16.900023,0.728515
5,85,1786607862.22056,0,1,51.443706,13.488135,34.750039,13.403705,-3.194539,-0.020324,3.194604,1.95906,-0.008388,1.959078,-3.135231,16.69388,0.074744
5,86,1786607862.26061,0,1,51.315573,13.488921,34.828402,13.403369,-3.203324,0.019659,3.203384,1.95906,-0.008389,1.959078,3.135456,16.487393,0.648925
5,87,1786607862.30067,0,1,51.187093,13.487903,34.906764,13.403034,-3.211991,-0.025463,3.212092,1.95906,-0.008388,1.959078,-3.133665,16.28055,0.155526
5,88,1786607862.34063,0,1,51.058265,13.488492,34.985127,13.402698,-3.220701,0.014733,3.220735,1.95906,-0.008386,1.959078,3.137018,16.073367,0.567918
5,89,1786607862.38062,0,1,50.929096,13.487515,35.063489,13.402363,-3.229215,-0.024438,3.229308,1.95906,-0.008381,1.959078,-3.134025,15.865836,0.126081
5,90,1786607862.42062,0,1,50.799585,13.488198,35.141852,13.402028,-3.237774,0.017093,3.237819,1.95906,-0.008375,1.959078,3.136313,15.657971,0.617793
5,91,1786607862.46058,0,1,50.669739,13.487099,35.220214,13.401693,-3.24615,-0.027474,3.246266,1.95906,-0.008367,1.959078,-3.133129,15.449761,0.168184
5,92,1786607862.50056,0,1,50.539554,13.487671,35.298576,13.401359,-3.254623,0.014281,3.254654,1.95906,-0.008358,1.959078,3.137205,15.241222,0.575873
5,93,1786607862.54067,0,1,50.409041,13.486448,35.376939,13.401025,-3.262838,-0.030554,3.262981,1.959061,-0.008348,1.959078,-3.132229,15.032345,0.210915
5,94,1786607862.58069,0,1,50.278192,13.486905,35.455301,13.400692,-3.271232,0.011422,3.271252,1.959061,-0.008337,1.959078,3.138101,14.823141,0.533305
5,95,1786607862.62062,0,1,50.14702,13.485558,35.533664,13.400359,-3.279292,-0.033676,3.279465,1.959061,-0.008324,1.959078,-3.131324,14.613605,0.254315
5,96,1786607862.66069,0,1,50.015515,13.485899,35.612026,13.400026,-3.287615,0.008518,3.287626,1.959061,-0.008311,1.959078,3.139002,14.403745,0.490046
5,97,1786607862.70065,0,1,49.883694,13.484452,35.690388,13.399694,-3.295532,-0.036188,3.295731,1.959061,-0.008296,1.959078,-3.130612,14.193559,0.286984
5,98,1786607862.7406,0,1,49.751543,13.484705,35.768751,13.399365,-3.30378,0.006341,3.303786,1.959061,-0.008231,1.959078,3.139673,13.983052,0.459658
5,99,1786607862.78067,0,1,49.6191,13.483139,35.847113,13.39904,-3.311082,-0.039148,3.311313,1.959061,-0.00812,1.959078,-3.12977,13.772243,0.327527
5,100,1786607862.82061,0,1,49.486366,13.483283,35.925476,13.398722,-3.318328,0.003588,3.31833,1.959062,-0.007966,1.959078,3.140511,13.561154,0.419218
5,101,1786607862.86068,0,1,49.353383,13.481598,36.003838,13.398411,-3.32458,-0.042121,3.324847,1.959063,-0.007772,1.959078,-3.128924,13.349804,0.368836
5,102,1786607862.90067,0,1,49.220148,13.48163,36.082201,13.398109,-3.33088,0.000796,3.33088,1.959064,-0.007542,1.959078,3.141354,13.138213,0.377926
5,103,1786607862.94066,0,1,49.086703,13.479826,36.160564,13.397818,-3.336135,-0.045099,3.33644,1.959065,-0.007279,1.959078,-3.128075,12.926399,0.411004
5,104,1786607862.98068,0,1,48.953041,13.479745,36.238926,13.397538,-3.341541,-0.002027,3.341542,1.959066,-0.006986,1.959078,-3.140986,12.714381,0.335691
5,105,1786607863.02063,0,1,48.819207,13.477822,36.317289,13.397272,-3.345851,-0.04808,3.346196,1.959067,-0.006665,1.959078,-3.127224,12.502178,0.454128
5,106,1786607863.06057,0,1,48.68519,13.477626,36.395652,13.397019,-3.350413,-0.004876,3.350417,1.959068,-0.006318,1.959078,-3.140137,12.289803,0.292412
5,107,1786607863.10056,0,1,48.551037,13.475584,36.474014,13.396781,-3.353825,-0.051057,3.354213,1.959069,-0.005948,1.959078,-3.12637,12.07728,0.498318
5,108,1786607863.14073,0,1,48.416734,13.475274,36.552377,13.396559,-3.35759,-0.007744,3.357599,1.95907,-0.005557,1.959078,-3.139286,11.864618,0.247977
5,109,1786607863.18067,0,1,48.282377,13.473114,36.63074,13.396353,-3.358924,-0.054007,3.359358,1.959072,-0.005146,1.959078,-3.125516,11.65189,0.543693
5,110,1786607863.22061,0,1,48.147955,13.472689,36.709103,13.396164,-3.360546,-0.010619,3.360563,1.959073,-0.004717,1.959078,-3.138433,11.439108,0.202243
5,111,1786607863.26063,0,1,48.013527,13.470413,36.787466,13.395994,-3.360711,-0.05691,3.361193,1.959074,-0.004271,1.959078,-3.12466,11.226307,0.590327
5,112,1786607863.30065,0,1,47.879153,13.465923,36.865829,13.395841,-3.359351,-0.112251,3.361226,1.959075,-0.003811,1.959078,-3.108191,11.013547,1.549201
5,113,1786607863.34069,0,1,47.744763,13.462809,36.944192,13.395708,-3.359746,-0.077848,3.360647,1.959075,-0.003337,1.959078,-3.118426,10.800779,0.971384
5,114,1786607863.38071,0,1,47.610394,13.461432,37.022555,13.395594,-3.359207,-0.03443,3.359383,1.959076,-0.002851,1.959078,-3.131344,10.588044,0.230949
5,115,1786607863.42083,0,1,47.476137,13.458206,37.100918,13.395499,-3.356425,-0.080639,3.357393,1.959077,-0.002354,1.959078,-3.117572,10.375409,1.029994
5,116,1786607863.4606,0,1,47.341961,13.456716,37.179281,13.395426,-3.354415,-0.037249,3.354622,1.959077,-0.001847,1.959078,-3.130489,10.162865,0.290669
5,117,1786607863.50066,0,1,47.207963,13.453383,37.257644,13.395372,-3.34994,-0.083341,3.350976,1.959078,-0.00133,1.959078,-3.11672,9.950488,1.091093
5,118,1786607863.54076,0,1,47.074118,13.451782,37.336007,13.39534,-3.346125,-0.040016,3.346364,1.959078,-0.000806,1.959078,-3.129634,9.738275,0.353075
5,119,1786607863.58082,0,1,46.940537,13.448345,37.41437,13.395329,-3.339528,-0.085922,3.340634,1.959078,-0.000273,1.959078,-3.11587,9.526314,1.154953
5,120,1786607863.62075,0,1,46.80731,13.442724,37.492734,13.39534,-3.330669,-0.140522,3.333632,1.959078,0.000265,1.959078,-3.099427,9.314697,2.12443
5,121,1786607863.66089,0,1,46.674371,13.43848,37.571097,13.395372,-3.323486,-0.106107,3.325179,1.959078,0.00081,1.959078,-3.109677,9.103376,1.557303
5,122,1786607863.7008,0,1,46.541932,13.432073,37.64946,13.395427,-3.310976,-0.160169,3.314848,1.959078,0.00136,1.959078,-3.093255,8.892548,2.533406
5,123,1786607863.74077,0,1,46.409933,13.427045,37.727823,13.3955,-3.299983,-0.125716,3.302376,1.959077,0.001838,1.959078,-3.103515,8.682167,1.973509
5,124,1786607863.78072,0,1,46.278637,13.419886,37.806186,13.39559,-3.282401,-0.178967,3.287276,1.959077,0.00225,1.959078,-3.087124,8.472485,2.956548
5,125,1786607863.8207,0,1,46.148008,13.414109,37.884549,13.395694,-3.265706,-0.144421,3.268898,1.959077,0.0026,1.959078,-3.097398,8.26348,2.40449
5,126,1786607863.86069,0,1,46.018466,13.406257,37.962912,13.39581,-3.238558,-0.196308,3.244502,1.959076,0.002894,1.959078,-3.081051,8.055561,3.394492
5,127,1786607863.90071,0,1,45.890479,13.396064,38.041275,13.395935,-3.199687,-0.254829,3.209818,1.959076,0.003136,1.959078,-3.062119,7.849203,4.552587
5,128,1786607863.9407,0,1,45.764733,13.383328,38.119638,13.396069,-3.143633,-0.318391,3.159716,1.959075,0.00333,1.959078,-3.040656,7.645106,5.87875
5,129,1786607863.98068,0,1,45.641147,13.36782,38.198001,13.396208,-3.089651,-0.387713,3.113883,1.959075,0.003479,1.959078,-3.016758,7.4432,7.371045
5,130,1786607864.02064,0,1,45.519606,13.34931,38.276364,13.396351,-3.038523,-0.462727,3.073555,1.959075,0.003588,1.959078,-2.990467,7.243395,9.030964
5,131,1786607864.06076,0,1,45.399984,13.327569,38.354727,13.396498,-2.990551,-0.543526,3.039542,1.959075,0.00366,1.959078,-2.961807,7.045594,10.861487
5,132,1786607864.10067,0,1,45.282178,13.30236,38.43309,13.396645,-2.945156,-0.630233,3.011833,1.959075,0.003696,1.959078,-2.930782,6.849737,12.867235
5,133,1786607864.14076,0,1,45.166137,13.273444,38.511453,13.396793,-2.901036,-0.722902,2.989748,1.959075,0.003702,1.959078,-2.897379,6.655826,15.054324
5,134,1786607864.18079,0,1,45.051873,13.240584,38.589816,13.396941,-2.856585,-0.821489,2.972359,1.959075,0.003677,1.959078,-2.861572,6.463948,17.430088
5,135,1786607864.22081,0,1,44.939091,13.204712,38.668179,13.397086,-2.819563,-0.896813,2.958751,1.959075,0.003626,1.959078,-2.833643,6.273862,19.401322
5,136,1786607864.26081,0,1,44.827616,13.166216,38.746542,13.397228,-2.786864,-0.962394,2.948358,1.959075,0.00355,1.959078,-2.809082,6.08546,21.226994
5,137,1786607864.30083,0,1,44.717402,13.125116,38.824905,13.397366,-2.755345,-1.027514,2.940699,1.959075,0.003452,1.959078,-2.78465,5.898783,23.09666
5,138,1786607864.34078,0,1,44.60842,13.081427,38.903268,13.397499,-2.724554,-1.092214,2.935324,1.959075,0.003332,1.959078,-2.76033,5.713901,25.015779
5,139,1786607864.38077,0,1,44.500656,13.035166,38.981631,13.397627,-2.694105,-1.156522,2.93185,1.959076,0.003193,1.959078,-2.736104,5.530914,26.990299
5,140,1786607864.42084,0,1,44.394109,12.986349,39.059994,13.397748,-2.663671,-1.22044,2.929951,1.959076,0.003037,1.959078,-2.711957,5.349956,29.026569
5,141,1786607864.46085,0,1,44.28879,12.93499,39.138357,13.397863,-2.632973,-1.283958,2.92935,1.959076,0.002864,1.959078,-2.687877,5.17119,31.131401
5,142,1786607864.50081,0,1,44.183926,12.882669,39.21672,13.39797,-2.621614,-1.308023,2.929809,1.959076,0.002676,1.959078,-2.678795,4.993862,32.439065
5,143,1786607864.54081,0,1,44.079362,12.82961,39.295083,13.398069,-2.6141,-1.326474,2.931391,1.959077,0.002475,1.959078,-2.672018,4.817931,33.680632
5,144,1786607864.58077,0,1,43.974945,12.776037,39.373446,13.398159,-2.610423,-1.339346,2.933966,1.959077,0.002261,1.959078,-2.667539,4.643363,34.860976
5,145,1786607864.62084,0,1,43.870522,12.722171,39.45181,13.398241,-2.610572,-1.346636,2.937433,1.959077,0.002035,1.959078,-2.665354,4.470133,35.985353
5,146,1786607864.66083,0,1,43.765941,12.668239,39.530173,13.398313,-2.614529,-1.348313,2.941719,1.959077,0.001799,1.959078,-2.665464,4.298225,37.059544
5,147,1786607864.70077,0,1,43.66105,12.614466,39.608536,13.398375,-2.622267,-1.344312,2.946771,1.959078,0.001554,1.959078,-2.667874,4.127637,38.090013
5,148,1786607864.74081,0,1,43.5557,12.561085,39.686899,13.398417,-2.633742,-1.334537,2.952556,1.959078,0.001047,1.959078,-2.672593,3.958377,39.083951
5,149,1786607864.78081,0,1,43.449758,12.508337,39.765262,13.398429,-2.648566,-1.318697,2.958693,1.959078,0.000299,1.959078,-2.679634,3.790484,40.049472
5,150,1786607864.82084,0,1,43.343091,12.456471,39.843625,13.398402,-2.666661,-1.296646,2.965193,1.959078,-0.00067,1.959078,-2.689011,3.624017,40.995956
5,151,1786607864.86081,0,1,43.235574,12.405742,39.921988,13.398328,-2.687918,-1.26821,2.97208,1.959077,-0.001842,1.959078,-2.700743,3.459058,41.934411
5,152,1786607864.90081,0,1,43.127087,12.356415,40.000351,13.3982,-2.712191,-1.233185,2.979384,1.959076,-0.003201,1.959078,-2.714852,3.295723,42.877815
5,153,1786607864.94083,0,1,43.017515,12.308761,40.078714,13.398011,-2.73929,-1.19134,2.987139,1.959073,-0.004732,1.959078,-2.73136,3.134169,43.841544
5,154,1786607864.98082,0,1,42.906756,12.263065,40.157077,13.397754,-2.76898,-1.14241,2.995388,1.959068,-0.00642,1.959078,-2.750294,2.974601,44.84387
5,155,1786607865.02076,0,1,42.794717,12.219621,40.235435,13.397424,-2.800972,-1.086102,3.004174,1.958955,-0.008253,1.958973,-2.771683,2.817294,45.906533
5,156,1786607865.06072,0,1,42.68132,12.178737,40.313783,13.397015,-2.834917,-1.022096,3.013541,1.958707,-0.010217,1.958733,-2.795561,2.662599,47.055441
5,157,1786607865.10059,0,1,42.56766,12.137409,40.392117,13.396523,-2.841517,-1.033201,3.023528,1.958333,-0.012303,1.958371,-2.792846,2.513634,50.04219
5,158,1786607865.14074,0,1,42.453066,12.097502,40.47043,13.395943,-2.864849,-0.997687,3.033602,1.957843,-0.014499,1.957897,-2.806477,2.369977,52.421804
5,159,1786607865.18066,0,1,42.338166,12.057197,40.54872,13.395271,-2.872494,-1.007625,3.044098,1.957248,-0.016795,1.95732,-2.804219,2.234404,56.117703
5,160,1786607865.22068,0,1,42.221979,12.019369,40.626983,13.394504,-2.904673,-0.945684,3.054741,1.956556,-0.019184,1.95665,-2.826842,2.105946,58.800303
5,161,1786607865.26065,0,1,42.105515,11.980942,40.705213,13.393638,-2.91161,-0.960678,3.066003,1.955773,-0.021657,1.955893,-2.822893,1.989108,63.512613
5,162,1786607865.30066,0,1,41.987884,11.945069,40.78341,13.392669,-2.940775,-0.89682,3.074483,1.954908,-0.024206,1.955058,-2.845591,1.883163,67.197511
5,163,1786607865.34075,0,1,41.869107,11.912101,40.861569,13.391596,-2.969429,-0.824204,3.081691,1.953967,-0.026825,1.954152,-2.870845,1.789983,71.257778
5,164,1786607865.38076,0,1,41.749208,11.88239,40.939687,13.390416,-2.997453,-0.742783,3.088115,1.952957,-0.029506,1.95318,-2.898681,1.711569,75.690508
5,165,1786607865.42077,0,1,41.628233,11.856293,41.017762,13.389126,-3.024376,-0.652417,3.093946,1.951882,-0.032244,1.952148,-2.929129,1.649925,80.457689
5,166,1786607865.46076,0,1,41.506251,11.834175,41.095792,13.387725,-3.049557,-0.552953,3.099283,1.950748,-0.035034,1.951062,-2.962219,1.606858,85.477562
5,167,1786607865.50073,0,1,41.383362,11.816405,41.173774,13.38621,-3.072227,-0.444256,3.104182,1.949559,-0.037869,1.949927,-2.997984,1.583735,90.623458
5,168,1786607865.54082,0,1,41.259861,11.801934,41.251707,13.38458,-3.087529,-0.361783,3.108652,1.948321,-0.040746,1.948747,-3.024949,1.582668,96.388002
5,169,1786607865.58082,0,1,41.135897,11.790395,41.329589,13.382834,-3.099092,-0.28846,3.112488,1.947036,-0.043661,1.947526,-3.048781,1.604175,102.252638
5,170,1786607865.62082,0,1,41.011568,11.781808,41.407417,13.38097,-3.108227,-0.214669,3.115631,1.945709,-0.046608,1.946267,-3.072638,1.647426,107.854098
5,171,1786607865.6607,0,1,40.886971,11.776189,41.485191,13.378986,-3.114933,-0.140493,3.1181,1.944344,-0.049584,1.944976,-3.09652,1.710797,113.049799
5,172,1786607865.70079,0,1,40.762202,11.773548,41.562908,13.376883,-3.119215,-0.066027,3.119914,1.942942,-0.052587,1.943653,-3.120428,1.792153,117.75021
5,173,1786607865.74066,0,1,40.637359,11.773893,41.640578,13.374678,-3.121077,0.008638,3.121089,1.941739,-0.055121,1.942521,3.138825,1.889169,121.916975
5,174,1786607865.78065,0,1,40.512497,11.777231,41.718207,13.372389,-3.121563,0.08344,3.122678,1.940719,-0.057223,1.941563,3.114869,1.999567,125.552865
5,175,1786607865.82068,0,1,40.387669,11.783561,41.795801,13.370032,-3.120683,0.158245,3.124693,1.939868,-0.058928,1.940762,3.090928,2.121256,128.688976
5,176,1786607865.8606,0,1,40.262806,11.791021,41.873368,13.367621,-3.121576,0.18651,3.127143,1.939171,-0.060265,1.940107,3.081915,2.253792,132.191224
5,177,1786607865.90059,0,1,40.138307,11.803002,41.950913,13.365171,-3.112478,0.299534,3.126857,1.938616,-0.061264,1.939584,3.045652,2.392887,133.747046
5,178,1786607865.94061,0,1,40.013894,11.816106,42.028441,13.362693,-3.110325,0.327588,3.127528,1.938193,-0.061951,1.939183,3.036657,2.53975,136.473814
5,179,1786607865.98057,0,1,39.889514,11.830028,42.105956,13.360199,-3.109494,0.348047,3.128912,1.93789,-0.062351,1.938893,3.030126,2.693332,138.993302
5,180,1786607866.02063,0,1,39.765111,11.844465,42.183464,13.357699,-3.110095,0.36094,3.130969,1.937698,-0.062487,1.938705,3.026055,2.852772,141.344777
5,181,1786607866.06058,0,1,39.640623,11.859116,42.260969,13.355204,-3.112191,0.366273,3.13367,1.937608,-0.062379,1.938612,3.024442,3.017365,143.563526
5,182,1786607866.10057,0,1,39.515991,11.873677,42.338473,13.352722,-3.115797,0.364022,3.136989,1.937612,-0.062047,1.938605,3.025289,3.186531,145.680707
5,183,1786607866.14063,0,1,39.391156,11.887843,42.415981,13.350262,-3.12088,0.354143,3.140909,1.937703,-0.061508,1.938678,3.028601,3.359797,147.723551
5,184,1786607866.1806,0,1,39.266062,11.901305,42.493496,13.347831,-3.127354,0.336564,3.145412,1.937872,-0.060779,1.938825,3.034386,3.536774,149.715744
5,185,1786607866.22056,0,1,39.140731,11.91446,42.571021,13.345436,-3.133276,0.328856,3.150486,1.938115,-0.059876,1.93904,3.03702,3.716797,151.36451
5,186,1786607866.26059,0,1,39.015453,11.930057,42.648558,13.343083,-3.131953,0.389931,3.156133,1.938425,-0.058812,1.939317,3.017729,3.898217,151.650552
5,187,1786607866.30062,0,1,38.889816,11.94477,42.726109,13.340779,-3.140911,0.367827,3.162376,1.938797,-0.057601,1.939652,3.025015,4.0824,153.324403
5,188,1786607866.34062,0,1,38.763914,11.959545,42.803679,13.338529,-3.147548,0.369375,3.169147,1.939226,-0.056255,1.940042,3.024774,4.268641,154.45929
5,189,1786607866.38061,0,1,38.637884,11.975675,42.881267,13.336338,-3.150752,0.403258,3.176453,1.939707,-0.054784,1.94048,3.014297,4.456198,154.927775
5,190,1786607866.42062,0,1,38.511396,11.990653,42.958876,13.33421,-3.162202,0.374438,3.184294,1.940236,-0.0532,1.940965,3.023731,4.64599,156.437777
5,191,1786607866.46069,0,1,38.384853,12.007842,43.036509,13.332149,-3.163579,0.429723,3.192631,1.94081,-0.051511,1.941493,3.006584,4.836496,156.373166
5,192,1786607866.50061,0,1,38.257802,12.023882,43.114166,13.33016,-3.176268,0.401009,3.201482,1.941424,-0.049726,1.942061,3.016005,5.028979,157.74915
5,193,1786607866.54068,0,1,38.130677,12.042155,43.191849,13.328246,-3.178141,0.456823,3.210805,1.942076,-0.047854,1.942665,2.998831,5.22202,157.562753
5,194,1786607866.58069,0,1,38.002996,12.059284,43.269559,13.32641,-3.192022,0.428214,3.220617,1.942762,-0.045903,1.943304,3.008238,5.416853,158.831174
5,195,1786607866.62062,0,1,37.875117,12.077959,43.347298,13.324655,-3.196962,0.466884,3.230874,1.94348,-0.043878,1.943976,2.996578,5.612398,158.856947
5,196,1786607866.66062,0,1,37.746627,12.095365,43.425067,13.322983,-3.212248,0.435156,3.241589,1.944228,-0.041787,1.944677,3.006945,5.809624,160.086243
5,197,1786607866.70066,0,1,37.617997,12.114924,43.502867,13.321398,-3.215769,0.488961,3.25273,1.945002,-0.039636,1.945405,2.990697,6.007269,159.768504
5,198,1786607866.74057,0,1,37.488712,12.133214,43.5807,13.319892,-3.232124,0.457256,3.264309,1.945803,-0.037646,1.946167,3.001053,6.20649,160.924885
5,199,1786607866.7806,0,1,37.359065,12.152206,43.658565,13.31846,-3.241169,0.474811,3.275763,1.94663,-0.035806,1.946959,2.996133,6.406547,161.177144
5,200,1786607866.82058,0,1,37.228743,12.169653,43.736464,13.317096,-3.258041,0.436176,3.287108,1.947479,-0.034104,1.947778,3.008507,6.608105,162.375147
5,201,1786607866.86068,0,1,37.0981,12.188058,43.814398,13.315794,-3.266088,0.460125,3.29834,1.94835,-0.03253,1.948622,3.001634,6.81032,162.449333
5,202,1786607866.90068,0,1,36.966775,12.204727,43.892368,13.314551,-3.283126,0.416714,3.309467,1.94924,-0.031074,1.949488,3.015342,7.013954,163.662125
5,203,1786607866.94062,0,1,36.835099,12.222126,43.970374,13.313362,-3.291879,0.434971,3.320492,1.950149,-0.029727,1.950376,3.010219,7.218236,163.777672
5,204,1786607866.98068,0,1,36.702742,12.23758,44.048416,13.312223,-3.30894,0.386356,3.331419,1.951074,-0.02848,1.951282,3.025358,7.423867,165.01713
5,205,1786607867.02062,0,1,36.57012,12.254448,44.126497,13.31113,-3.31555,0.421695,3.34226,1.952014,-0.027327,1.952205,3.015085,7.629903,164.79103
5,206,1786607867.06063,0,1,36.436827,12.269321,44.204616,13.31008,-3.332326,0.37182,3.353005,1.952968,-0.026259,1.953145,3.030473,7.837201,166.002022
5,207,1786607867.10058,0,1,36.30313,12.284426,44.282773,13.309069,-3.34241,0.377628,3.363675,1.953936,-0.025271,1.954099,3.029089,8.04516,166.236862
5,208,1786607867.1406,0,1,36.168806,12.297619,44.36097,13.308095,-3.358106,0.32982,3.374264,1.954915,-0.024357,1.955066,3.04369,8.254248,167.358891
5,209,1786607867.18061,0,1,36.034201,12.312193,44.439206,13.307154,-3.365124,0.364363,3.384792,1.955904,-0.02351,1.956046,3.033737,8.46369,167.06921
5,210,1786607867.22057,0,1,35.898955,12.324545,44.517482,13.306245,-3.381166,0.308799,3.395238,1.956904,-0.022725,1.957036,3.050516,8.674258,168.283386
5,211,1786607867.26067,0,1,35.763397,12.33802,44.595799,13.305365,-3.388928,0.336884,3.405632,1.957914,-0.021999,1.958037,3.042511,8.885216,168.072779
5,212,1786607867.30061,0,1,35.627493,12.349178,44.674156,13.304512,-3.397613,0.278931,3.409044,1.958931,-0.021326,1.959047,3.05968,9.096965,169.278627
5,213,1786607867.34068,0,1,35.491696,12.361576,44.752515,13.303685,-3.394923,0.309964,3.409044,1.958969,-0.020691,1.959078,3.050543,9.308616,168.974485
5,214,1786607867.3807,0,1,35.355705,12.37163,44.830874,13.30288,-3.399766,0.251337,3.409044,1.958975,-0.020103,1.959078,3.067799,9.520822,170.158751
5,215,1786607867.42068,0,1,35.219798,12.382747,44.909233,13.302098,-3.397694,0.277944,3.409044,1.958981,-0.019556,1.959078,3.059971,9.732952,169.903315
5,216,1786607867.46061,0,1,35.083715,12.391476,44.987592,13.301336,-3.402052,0.218217,3.409044,1.958986,-0.019049,1.959078,3.077538,9.945583,171.080946
5,217,1786607867.50069,0,1,34.947719,12.401455,45.065952,13.300593,-3.399904,0.249465,3.409044,1.95899,-0.018578,1.959078,3.06835,10.158104,170.725339
5,218,1786607867.54062,0,1,34.811569,12.409043,45.144312,13.299868,-3.403761,0.189704,3.409044,1.958994,-0.01814,1.959078,3.085917,10.371072,171.882494
5,219,1786607867.58062,0,1,34.675494,12.417882,45.222672,13.299158,-3.401875,0.22097,3.409044,1.958998,-0.017733,1.959078,3.076728,10.583932,171.507264
5,220,1786607867.62067,0,1,34.539285,12.424329,45.301032,13.298464,-3.405231,0.161178,3.409044,1.959001,-0.017354,1.959078,3.094295,10.79719,172.646346
5,221,1786607867.66068,0,1,34.40314,12.432027,45.379392,13.297784,-3.403607,0.192459,3.409044,1.959005,-0.017002,1.959078,3.085107,11.010342,172.253736
5,222,1786607867.70063,0,1,34.266882,12.437333,45.457752,13.297117,-3.406462,0.132641,3.409044,1.959007,-0.016674,1.959078,3.102674,11.22385,173.376787
5,223,1786607867.74061,0,1,34.130678,12.44389,45.536113,13.296464,-3.4051,0.163934,3.409044,1.95901,-0.01633,1.959078,3.093486,11.437256,172.968705
5,224,1786607867.78057,0,1,33.994406,12.448838,45.614473,13.295825,-3.406799,0.123692,3.409044,1.959013,-0.015971,1.959078,3.105301,11.650895,173.751727
5,225,1786607867.82055,0,1,33.858192,12.455182,45.692834,13.295201,-3.405353,0.158593,3.409044,1.959016,-0.015598,1.959078,3.095055,11.864417,173.273532
5,226,1786607867.86062,0,1,33.721941,12.460673,45.771195,13.294593,-3.406278,0.137289,3.409044,1.959019,-0.015212,1.959078,3.10131,12.078077,173.732883
5,227,1786607867.90058,0,1,33.585766,12.467818,45.849555,13.294,-3.404361,0.178616,3.409044,1.959022,-0.014815,1.959078,3.089174,12.291587,173.142566
5,228,1786607867.9406,0,1,33.449502,12.472974,45.927916,13.293424,-3.406605,0.128914,3.409044,1.959025,-0.014407,1.959078,3.103768,12.505357,174.07107
5,229,1786607867.98058,0,1,33.31331,12.479784,46.006278,13.292864,-3.40479,0.170246,3.409044,1.959028,-0.01399,1.959078,3.091632,12.718982,173.472263
5,230,1786607868.02068,0,1,33.177104,12.486291,46.084639,13.292321,-3.405161,0.16266,3.409044,1.959031,-0.013564,1.959078,3.09386,12.932677,173.691852
5,231,1786607868.0607,0,1,33.040996,12.494603,46.163,13.291796,-3.402704,0.207809,3.409044,1.959034,-0.01313,1.959078,3.080597,13.146198,173.028599
5,232,1786607868.10068,0,1,32.904794,12.501211,46.241362,13.291289,-3.405039,0.165196,3.409044,1.959037,-0.012688,1.959078,3.093116,13.35995,173.832145
5,233,1786607868.14062,0,1,32.7687,12.509753,46.319723,13.290799,-3.402347,0.213564,3.409044,1.95904,-0.01224,1.959078,3.078905,13.573513,173.109551
5,234,1786607868.18069,0,1,32.63251,12.516592,46.398085,13.290328,-3.404754,0.170954,3.409044,1.959043,-0.011786,1.959078,3.091424,13.787303,173.90847
5,235,1786607868.22067,0,1,32.496431,12.525364,46.476447,13.289875,-3.401981,0.219318,3.409044,1.959046,-0.011326,1.959078,3.077214,14.000904,173.181225
5,236,1786607868.26071,0,1,32.360253,12.532433,46.554809,13.28944,-3.40446,0.176712,3.409044,1.959048,-0.010862,1.959078,3.089733,14.214728,173.975929
5,237,1786607868.30068,0,1,32.224188,12.541436,46.633171,13.289024,-3.401606,0.225071,3.409044,1.959051,-0.010393,1.959078,3.075523,14.428363,173.244437
5,238,1786607868.34068,0,1,32.088296,12.552743,46.711532,13.288628,-3.397303,0.282685,3.409044,1.959039,-0.00992,1.959064,3.058575,14.64174,172.362588
5,239,1786607868.38058,0,1,31.9523,12.562718,46.789889,13.28825,-3.39991,0.249378,3.409044,1.958914,-0.009443,1.958937,3.068375,14.855317,173.005519
5,240,1786607868.42062,0,1,31.816195,12.57099,46.868236,13.287891,-3.402617,0.206787,3.408895,1.958684,-0.008962,1.958705,3.080894,15.069104,173.795403
5,241,1786607868.46059,0,1,31.680258,12.581192,46.946571,13.287552,-3.398431,0.255049,3.407988,1.958359,-0.008478,1.958377,3.066684,15.282645,173.058913
5,242,1786607868.50058,0,1,31.544578,12.59369,47.024888,13.287233,-3.39199,0.312449,3.40635,1.957945,-0.007992,1.957961,3.049738,15.495838,172.171885
5,243,1786607868.54069,0,1,31.408876,12.604849,47.103186,13.286933,-3.392563,0.278996,3.404015,1.957449,-0.007503,1.957464,3.05954,15.709125,172.810174
5,244,1786607868.58068,0,1,31.273166,12.614301,47.181462,13.286652,-3.392754,0.236295,3.400972,1.956879,-0.007012,1.956892,3.072058,15.922498,173.595839
5,245,1786607868.6207,0,1,31.137752,12.625667,47.259711,13.286391,-3.385347,0.284152,3.397251,1.95624,-0.006519,1.956251,3.057853,16.135493,172.855237
5,246,1786607868.66069,0,1,31.002724,12.639307,47.337933,13.28615,-3.375699,0.340985,3.392877,1.955538,-0.006026,1.955547,3.040922,16.348011,171.964398
5,247,1786607868.70063,0,1,30.867768,12.651603,47.416124,13.285929,-3.373906,0.307399,3.387881,1.954778,-0.005531,1.954785,3.050733,16.560509,172.598949
5,248,1786607868.74068,0,1,30.733263,12.666156,47.49429,13.285727,-3.362626,0.363823,3.382251,1.954149,-0.005058,1.954156,3.033816,16.772474,171.707872
5,249,1786607868.78068,0,1,30.598833,12.679366,47.572435,13.285543,-3.360749,0.330274,3.376939,1.953643,-0.004605,1.953648,3.043633,16.984424,172.342013
5,250,1786607868.82068,0,1,30.464448,12.690877,47.650565,13.285376,-3.359607,0.287763,3.371908,1.953248,-0.004172,1.953253,3.056147,17.196396,173.123173
5,251,1786607868.86067,0,1,30.33043,12.704274,47.728684,13.285225,-3.350461,0.33492,3.367159,1.952957,-0.003755,1.95296,3.041961,17.40795,172.379064
5,252,1786607868.90069,0,1,30.196432,12.715977,47.806794,13.285091,-3.349939,0.292583,3.362692,1.95276,-0.003355,1.952763,3.054474,17.619555,173.157477
5,253,1786607868.94062,0,1,30.062781,12.729562,47.8849,13.284972,-3.341274,0.33963,3.358491,1.95265,-0.002971,1.952652,3.040294,17.830771,172.411002
5,254,1786607868.98063,0,1,29.929128,12.74146,47.963005,13.284868,-3.341344,0.297452,3.354557,1.95262,-0.0026,1.952622,3.052805,18.042062,173.186892
5,255,1786607869.02064,0,1,29.795455,12.751315,48.041111,13.284779,-3.341807,0.246371,3.350876,1.952664,-0.002242,1.952666,3.068002,18.253453,174.108832
5,256,1786607869.06073,0,1,29.662042,12.762694,48.119223,13.284703,-3.335344,0.284473,3.347453,1.952777,-0.001897,1.952777,3.056508,18.464561,173.505006
5,257,1786607869.10074,0,1,29.528598,12.772036,48.197341,13.28464,-3.336099,0.233555,3.344265,1.952951,-0.001563,1.952952,3.071698,18.675779,174.422527
5,258,1786607869.14066,0,1,29.395387,12.782902,48.275468,13.284591,-3.330261,0.271647,3.341322,1.953183,-0.00124,1.953183,3.060204,18.886745,173.814631
5,259,1786607869.18071,0,1,29.262452,12.795644,48.353607,13.284554,-3.32337,0.318536,3.338601,1.953468,-0.000927,1.953468,3.046037,19.097413,173.058103
5,260,1786607869.22071,0,1,29.129468,12.806713,48.431759,13.284529,-3.32461,0.276735,3.336108,1.953801,-0.000623,1.953801,3.058546,19.308204,173.823728
5,261,1786607869.26073,0,1,28.996422,12.815756,48.509926,13.284516,-3.326154,0.226086,3.333829,1.954179,-0.000328,1.954179,3.073725,19.519133,174.735358
5,262,1786607869.30073,0,1,28.863571,12.826322,48.58811,13.284514,-3.321283,0.264145,3.331771,1.954599,-4.1E-05,1.954599,3.062229,19.72986,174.122069
5,263,1786607869.34074,0,1,28.730648,12.834866,48.666312,13.284523,-3.323053,0.213596,3.329911,1.955056,0.000238,1.955056,3.077404,19.940734,175.030147
5,264,1786607869.3807,0,1,28.597899,12.844933,48.744534,13.284544,-3.318733,0.251661,3.328261,1.955548,0.000511,1.955548,3.065907,20.151431,174.413509
5,265,1786607869.42074,0,1,28.465364,12.856872,48.822777,13.284575,-3.313382,0.298489,3.3268,1.956072,0.000776,1.956072,3.051749,20.361905,173.648761
5,266,1786607869.46066,0,1,28.33274,12.867149,48.901042,13.284616,-3.315592,0.25693,3.325532,1.956625,0.001035,1.956626,3.064256,20.572538,174.40617
5,267,1786607869.50068,0,1,28.200019,12.875411,48.97933,13.284668,-3.318024,0.20654,3.324446,1.957206,0.001289,1.957206,3.079425,20.783341,175.309738
5,268,1786607869.54067,0,1,28.067438,12.885195,49.057642,13.284729,-3.314536,0.244609,3.32355,1.957811,0.001536,1.957812,3.067927,20.994007,174.688834
5,269,1786607869.58062,0,1,27.935037,12.896853,49.13598,13.2848,-3.310015,0.291436,3.322821,1.95844,0.001778,1.958441,3.053772,21.204492,173.919959
5,270,1786607869.62071,0,1,27.802523,12.906852,49.214343,13.284881,-3.312849,0.249978,3.322267,1.959077,0.002016,1.959078,3.066278,21.415157,174.673349
5,271,1786607869.6607,0,1,27.669888,12.914839,49.292706,13.284971,-3.315868,0.199684,3.321875,1.959077,0.002247,1.959078,3.081445,21.625985,175.573094
5,272,1786607869.70065,0,1,27.537363,12.92435,49.371069,13.28507,-3.313133,0.23778,3.321655,1.959077,0.002475,1.959078,3.069946,21.836686,174.948467
5,273,1786607869.74073,0,1,27.404988,12.935736,49.449432,13.285175,-3.309365,0.284642,3.321584,1.959077,0.002635,1.959078,3.055793,22.047213,174.175882
5,274,1786607869.78072,0,1,27.272485,12.945465,49.527795,13.285285,-3.312598,0.243229,3.321516,1.959076,0.002733,1.959078,3.068299,22.257905,174.925771
5,275,1786607869.82064,0,1,27.140135,12.957069,49.606158,13.285396,-3.308751,0.290082,3.321442,1.959076,0.002774,1.959078,3.054145,22.468423,174.152339
5,276,1786607869.86073,0,1,27.007653,12.967016,49.684522,13.285506,-3.312049,0.248677,3.321372,1.959076,0.002763,1.959078,3.066651,22.679105,174.901496
5,277,1786607869.90073,0,1,26.875328,12.978836,49.762885,13.285614,-3.308123,0.295521,3.321297,1.959076,0.002704,1.959078,3.052497,22.889613,174.127285
5,278,1786607869.9407,0,1,26.742868,12.989001,49.841248,13.285718,-3.311489,0.254123,3.321225,1.959077,0.002601,1.959078,3.065003,23.100285,174.875768
5,279,1786607869.98074,0,1,26.610569,13.00104,49.919611,13.285817,-3.307486,0.300958,3.32115,1.959077,0.002457,1.959078,3.05085,23.310782,174.100838
5,280,1786607870.02065,0,1,26.478132,13.011422,49.997974,13.285908,-3.310919,0.259567,3.321078,1.959077,0.002276,1.959078,3.063355,23.521444,174.8487
5,281,1786607870.06074,0,1,26.345858,13.023678,50.076337,13.28599,-3.306839,0.306393,3.321003,1.959077,0.00206,1.959078,3.049202,23.731928,174.073101
5,282,1786607870.10075,0,1,26.213445,13.034278,50.1547,13.286063,-3.310341,0.26501,3.320932,1.959077,0.001813,1.959078,3.061708,23.942579,174.820389
5,283,1786607870.1407,0,1,26.081197,13.046752,50.233063,13.286124,-3.306185,0.311827,3.320858,1.959078,0.001538,1.959078,3.047555,24.153052,174.044168
5,284,1786607870.18074,0,1,25.948807,13.05757,50.311426,13.286174,-3.309757,0.270452,3.320788,1.959068,0.001236,1.959069,3.06006,24.363691,174.790922
5,285,1786607870.22073,0,1,25.816586,13.07026,50.389786,13.28621,-3.305526,0.31726,3.320716,1.958997,0.000911,1.958997,3.045907,24.574149,174.014121
5,286,1786607870.26074,0,1,25.6846,13.085172,50.46814,13.286233,-3.299655,0.372803,3.320648,1.958869,0.000564,1.958869,3.029087,24.784356,173.089116
5,287,1786607870.30073,0,1,25.552475,13.098782,50.546488,13.28624,-3.303119,0.340254,3.320598,1.958689,0.000197,1.958689,3.038945,24.994716,173.688991
5,288,1786607870.34073,0,1,25.420193,13.110739,50.624826,13.286233,-3.307054,0.298916,3.320535,1.95846,-0.000188,1.95846,3.05145,25.205245,174.436294
5,289,1786607870.38075,0,1,25.288096,13.124566,50.703154,13.286209,-3.302429,0.345682,3.320472,1.958187,-0.000589,1.958188,3.037297,25.415572,173.65992
5,290,1786607870.42074,0,1,25.155838,13.13674,50.781469,13.286169,-3.306434,0.304352,3.320412,1.957874,-0.001005,1.957874,3.049803,25.626066,174.406739
5,291,1786607870.46074,0,1,25.023769,13.150785,50.85977,13.286112,-3.301736,0.351109,3.320352,1.957523,-0.001434,1.957523,3.03565,25.836355,173.629835
5,292,1786607870.50074,0,1,24.891536,13.163176,50.938055,13.286037,-3.305813,0.309787,3.320296,1.957137,-0.001874,1.957138,3.048156,26.046809,174.376198
5,293,1786607870.54064,0,1,24.759495,13.177437,51.016324,13.285944,-3.301041,0.356535,3.320239,1.95672,-0.002324,1.956722,3.034003,26.257054,173.598793
5,294,1786607870.58079,0,1,24.627714,13.193917,51.094575,13.285832,-3.294526,0.411995,3.320187,1.956274,-0.002784,1.956276,3.017184,26.467021,172.672929
5,295,1786607870.62059,0,1,24.495778,13.209097,51.172807,13.285702,-3.298392,0.379496,3.320152,1.9558,-0.003252,1.955803,3.027042,26.677139,173.272177
5,296,1786607870.66059,0,1,24.363665,13.222626,51.251019,13.285553,-3.302833,0.338214,3.320104,1.955302,-0.003726,1.955306,3.039547,26.887428,174.019123
5,297,1786607870.70065,0,1,24.231758,13.238022,51.32921,13.285385,-3.297667,0.384917,3.320056,1.954782,-0.004206,1.954786,3.025394,27.097494,173.242189
5,298,1786607870.74061,0,1,24.099671,13.251768,51.407385,13.285197,-3.302178,0.343644,3.320011,1.954368,-0.004699,1.954373,3.0379,27.307735,173.988707
5,299,1786607870.78059,0,1,23.967797,13.267381,51.485547,13.284989,-3.29684,0.390326,3.319866,1.954052,-0.005204,1.954059,3.023747,27.517756,173.211303
5,300,1786607870.8206,0,1,23.836214,13.285208,51.5637,13.28476,-3.289576,0.445684,3.31963,1.953827,-0.005718,1.953835,3.006929,27.727486,172.285263
5,301,1786607870.86057,0,1,23.704474,13.301736,51.641848,13.284511,-3.2935,0.413195,3.319318,1.953685,-0.006241,1.953695,3.016787,27.937379,172.884484
5,302,1786607870.90058,0,1,23.573047,13.320475,51.719992,13.28424,-3.285676,0.468465,3.318904,1.953619,-0.006771,1.953631,2.999969,28.146969,171.959335
5,303,1786607870.94058,0,1,23.441461,13.337914,51.798137,13.283947,-3.289654,0.435987,3.318419,1.953624,-0.007308,1.953638,3.009828,28.356728,172.559463
5,304,1786607870.98057,0,1,23.31021,13.357561,51.876285,13.283633,-3.281282,0.491157,3.317837,1.953694,-0.007849,1.95371,2.993011,28.566171,171.635191
5,305,1786607871.02059,0,1,23.178797,13.375908,51.954438,13.283298,-3.285322,0.458693,3.317189,1.953823,-0.008395,1.953841,3.00287,28.77579,172.236198
5,306,1786607871.06059,0,1,23.04774,13.396459,52.032598,13.28294,-3.276412,0.513752,3.316446,1.954008,-0.008943,1.954028,2.986056,28.98508,171.31279
5,307,1786607871.10058,0,1,22.91652,13.415711,52.110768,13.28256,-3.28052,0.481305,3.315639,1.954242,-0.009494,1.954265,2.995916,29.194552,171.914647
5,308,1786607871.14062,0,1,22.785104,13.433316,52.188949,13.282158,-3.285391,0.440127,3.314741,1.954523,-0.010045,1.954549,3.008421,29.404234,172.664345
5,309,1786607871.18061,0,1,22.653989,13.452773,52.267143,13.281734,-3.27787,0.486424,3.313765,1.954847,-0.010598,1.954875,2.994272,29.613648,171.890042
5,310,1786607871.22059,0,1,22.523261,13.474424,52.345351,13.281289,-3.268197,0.541281,3.312718,1.95521,-0.011149,1.955241,2.977462,29.822715,170.967055
5,311,1786607871.26059,0,1,22.39237,13.494778,52.423576,13.280821,-3.272281,0.508852,3.311609,1.955609,-0.0117,1.955644,2.987324,30.031968,171.569272
5,312,1786607871.30059,0,1,22.261887,13.517321,52.501817,13.280331,-3.262086,0.56357,3.31041,1.956041,-0.012249,1.956079,2.970518,30.240859,170.64715
5,313,1786607871.34059,0,1,22.131237,13.538567,52.580077,13.279819,-3.26624,0.531163,3.309147,1.956504,-0.012795,1.956545,2.980382,30.44994,171.250171
5,314,1786607871.38062,0,1,22.000386,13.558171,52.658357,13.279285,-3.271287,0.490081,3.307793,1.956995,-0.013339,1.95704,2.992886,30.65924,172.000897
5,315,1786607871.42059,0,1,21.869881,13.579613,52.736658,13.27873,-3.262614,0.53607,3.306361,1.957511,-0.013878,1.957561,2.978741,30.868243,171.227773
5,316,1786607871.46059,0,1,21.739178,13.599414,52.81498,13.278154,-3.267569,0.495009,3.304851,1.958052,-0.014413,1.958105,2.991244,31.077462,171.977976
5,317,1786607871.50058,0,1,21.608831,13.62105,52.893324,13.277556,-3.258673,0.54091,3.303261,1.958614,-0.014943,1.958671,2.977102,31.286379,171.204423
5,318,1786607871.54058,0,1,21.47829,13.641045,52.971685,13.276937,-3.263529,0.499873,3.301589,1.959017,-0.015466,1.959078,2.989605,31.4955,171.954113
5,319,1786607871.58058,0,1,21.348114,13.662872,53.050046,13.276298,-3.254401,0.545679,3.299832,1.959013,-0.01598,1.959078,2.975464,31.704288,171.180157
5,320,1786607871.62062,0,1,21.217748,13.683059,53.128406,13.275639,-3.259145,0.504667,3.297986,1.959009,-0.016486,1.959078,2.987966,31.913258,171.929348
5,321,1786607871.66065,0,1,21.087757,13.705074,53.206766,13.274959,-3.249774,0.55037,3.296049,1.959005,-0.016985,1.959078,2.973828,32.121888,171.155016
5,322,1786607871.7007,0,1,20.957582,13.725449,53.285126,13.27426,-3.254389,0.509385,3.294013,1.959,-0.017477,1.959078,2.98633,32.330693,171.903715
5,323,1786607871.7407,0,1,20.827792,13.747648,53.363486,13.273554,-3.244756,0.554975,3.291875,1.958999,-0.017649,1.959078,2.972194,32.539148,171.129012
5,324,1786607871.78075,0,1,20.697806,13.768212,53.441841,13.272853,-3.249639,0.514085,3.290051,1.958867,-0.017526,1.958945,2.984695,32.747781,171.877168
5,325,1786607871.82074,0,1,20.567585,13.786797,53.520172,13.272168,-3.255537,0.464627,3.288526,1.958274,-0.017128,1.958349,2.999831,32.956605,172.77238
5,326,1786607871.86068,0,1,20.437102,13.803058,53.598462,13.271509,-3.262074,0.406523,3.287308,1.957256,-0.016477,1.957325,3.017611,33.16562,173.814693
5,327,1786607871.9006,0,1,20.306349,13.816645,53.676696,13.270885,-3.268807,0.339681,3.286408,1.955847,-0.015592,1.95591,3.038048,33.374809,175.004312
5,328,1786607871.94061,0,1,20.175707,13.83105,53.754859,13.270305,-3.266052,0.360131,3.285846,1.95408,-0.014493,1.954133,3.031771,33.583833,174.664404
5,329,1786607871.9806,0,1,20.04481,13.842782,53.832938,13.269777,-3.272429,0.293297,3.285546,1.951981,-0.013198,1.952026,3.052205,33.792987,175.850033
5,330,1786607872.02063,0,1,19.913988,13.855335,53.910921,13.269309,-3.270547,0.313839,3.28557,1.949578,-0.011722,1.949614,3.045926,34.001984,175.506276
5,331,1786607872.0606,0,1,19.782926,13.865214,53.988797,13.268905,-3.276547,0.246971,3.285842,1.946896,-0.010081,1.946922,3.066359,34.211068,176.688184
5,332,1786607872.10059,0,1,19.651648,13.872063,54.066555,13.268574,-3.281962,0.171226,3.286425,1.943956,-0.00829,1.943974,3.089468,34.420199,178.018093
5,333,1786607872.14063,0,1,19.520359,13.879397,54.144187,13.268319,-3.282227,0.183335,3.287344,1.940779,-0.006361,1.94079,3.085794,34.62922,177.814073
5,334,1786607872.18058,0,1,19.388889,13.883695,54.221682,13.268147,-3.286742,0.107466,3.288498,1.937385,-0.004309,1.937389,3.108907,34.838231,179.139672
5,335,1786607872.22061,0,1,19.257377,13.888479,54.299034,13.268061,-3.287805,0.119578,3.289978,1.93379,-0.002143,1.933791,3.105239,35.047149,178.931388
5,336,1786607872.26057,0,1,19.125721,13.890221,54.376234,13.268066,-3.291396,0.043553,3.291684,1.93001,0.000124,1.93001,3.128361,35.256003,179.746979
5,337,1786607872.30057,0,1,18.993992,13.892446,54.453276,13.268165,-3.293233,0.055636,3.293703,1.926061,0.002482,1.926063,3.1247,35.46478,179.959239
5,338,1786607872.34057,0,1,18.862157,13.891623,54.530155,13.268362,-3.29587,-0.020575,3.295934,1.921956,0.004922,1.921962,-3.13535,35.673443,178.641242
5,339,1786607872.38063,0,1,18.730219,13.891281,54.606863,13.26866,-3.298453,-0.008552,3.298464,1.917707,0.007433,1.917721,-3.139,35.882046,178.857204
5,340,1786607872.42061,0,1,18.598215,13.887882,54.683396,13.26906,-3.300095,-0.084976,3.301189,1.913326,0.010008,1.913352,-3.115849,36.090487,177.542528
6,0,1786607876.10531,0,1,59.48,13.100032,29.003163,13.399986,-0.499999,0.000796,0.5,0.079068,-0.000349,0.079069,3.14,30.478313,0.472637
6,0,1786607876.14527,0,1,59.48,13.100032,29.008864,13.399957,-0.499999,0.000796,0.5,0.142544,-0.000731,0.142546,3.14,30.472612,0.472687
6,1,1786607876.18526,0,1,59.457183,13.100635,29.0169,13.399911,-0.570423,0.015067,0.570622,0.200876,-0.001141,0.200879,3.115186,30.441755,0.949711
6,2,1786607876.22523,0,1,59.431543,13.101343,29.027079,13.399848,-0.640999,0.01772,0.641244,0.254475,-0.001579,0.254479,3.113955,30.40593,1.021003
6,3,1786607876.26518,0,1,59.40308,13.10214,29.039227,13.399766,-0.711585,0.019905,0.711863,0.303719,-0.002041,0.303726,3.113627,30.365311,1.040724
6,4,1786607876.3052,0,1,59.371793,13.103035,29.053186,13.399665,-0.782158,0.02239,0.782479,0.348957,-0.002526,0.348966,3.112974,30.320059,1.079153
6,5,1786607876.34523,0,1,59.337685,13.104038,29.068806,13.399544,-0.852722,0.025069,0.85309,0.39051,-0.003033,0.390522,3.112202,30.270321,1.124629
6,6,1786607876.38524,0,1,59.300754,13.105157,29.085953,13.399402,-0.923273,0.027979,0.923697,0.428672,-0.003558,0.428687,3.111298,30.216233,1.177807
6,7,1786607876.42531,0,1,59.261001,13.106402,29.104501,13.399238,-0.993812,0.031131,0.9943,0.463715,-0.004101,0.463733,3.110278,30.157921,1.237832
6,8,1786607876.4653,0,1,59.218428,13.107784,29.124337,13.399051,-1.064337,0.034541,1.064897,0.495888,-0.004661,0.495909,3.109151,30.0955,1.30427
6,9,1786607876.5053,0,1,59.173034,13.109313,29.145354,13.398842,-1.134847,0.038225,1.13549,0.52542,-0.005235,0.525446,3.107922,30.029076,1.376751
6,10,1786607876.54524,0,1,59.12482,13.111001,29.167455,13.398609,-1.205339,0.042198,1.206078,0.552524,-0.005823,0.552554,3.106598,29.958746,1.454985
6,11,1786607876.58524,0,1,59.073788,13.11286,29.19055,13.398352,-1.275814,0.046472,1.27666,0.577392,-0.006423,0.577428,3.105183,29.884601,1.538733
6,12,1786607876.62531,0,1,59.019937,13.114902,29.214559,13.398071,-1.346269,0.051062,1.347238,0.600205,-0.007035,0.600246,3.103682,29.806723,1.627792
6,13,1786607876.66523,0,1,58.963269,13.117142,29.239404,13.397764,-1.416704,0.055982,1.417809,0.621126,-0.007657,0.621173,3.102098,29.72519,1.72199
6,14,1786607876.7052,0,1,58.903784,13.119591,29.265016,13.397433,-1.487115,0.061243,1.488375,0.640307,-0.008289,0.640361,3.100433,29.64007,1.821173
6,15,1786607876.74528,0,1,58.841484,13.122266,29.291331,13.397076,-1.557501,0.066859,1.558936,0.657888,-0.008929,0.657948,3.098692,29.55143,1.925204
6,16,1786607876.7853,0,1,58.77637,13.125179,29.318291,13.396692,-1.627862,0.07284,1.629491,0.673995,-0.009578,0.674063,3.096877,29.45933,2.033958
6,17,1786607876.82524,0,1,58.708442,13.128347,29.345841,13.396283,-1.698194,0.079198,1.70004,0.688747,-0.010234,0.688823,3.09499,29.363823,2.147319
6,18,1786607876.8653,0,1,58.637702,13.131785,29.373931,13.395847,-1.768496,0.085942,1.770583,0.702253,-0.010897,0.702337,3.093035,29.264962,2.265179
6,19,1786607876.90531,0,1,58.564151,13.135508,29.402516,13.395385,-1.838766,0.093084,1.84112,0.714612,-0.011565,0.714705,3.091013,29.162794,2.387437
6,20,1786607876.94529,0,1,58.487791,13.139533,29.431552,13.394895,-1.909002,0.100632,1.911652,0.725915,-0.01224,0.726018,3.088927,29.057361,2.513993
6,21,1786607876.98527,0,1,58.408623,13.143877,29.461002,13.394378,-1.979201,0.108595,1.982178,0.736248,-0.012919,0.736361,3.08678,28.948705,2.644756
6,22,1786607877.02531,0,1,58.326649,13.148556,29.49083,13.393834,-2.049362,0.116981,2.052698,0.745688,-0.013603,0.745812,3.084573,28.836862,2.779633
6,23,1786607877.06532,0,1,58.241869,13.153588,29.521004,13.393259,-2.119483,0.125796,2.123213,0.754348,-0.014371,0.754485,3.08231,28.721866,2.918543
6,24,1786607877.10531,0,1,58.15427,13.158734,29.551495,13.392651,-2.189982,0.12864,2.193757,0.762292,-0.015215,0.762443,3.08292,28.603731,2.893144
6,25,1786607877.1453,0,1,58.063853,13.164039,29.582278,13.392005,-2.260433,0.132616,2.26432,0.769575,-0.016131,0.769744,3.082991,28.482487,2.899019
6,26,1786607877.18524,0,1,57.970616,13.169483,29.613328,13.391321,-2.330929,0.136109,2.3349,0.776252,-0.017112,0.776441,3.083266,28.358155,2.893629
6,27,1786607877.22531,0,1,57.874558,13.17506,29.644623,13.390595,-2.401451,0.139433,2.405495,0.782371,-0.018153,0.782582,3.083596,28.230757,2.885543
6,28,1786607877.26531,0,1,57.775678,13.180759,29.676142,13.389825,-2.472001,0.142471,2.476103,0.787976,-0.019249,0.788211,3.084023,28.100313,2.872237
6,29,1786607877.30531,0,1,57.673991,13.186566,29.707867,13.389009,-2.542171,0.14518,2.546313,0.793109,-0.020395,0.793371,3.084546,27.966857,2.853784
6,30,1786607877.3453,0,1,57.569568,13.192464,29.739779,13.388146,-2.610572,0.147444,2.614732,0.797807,-0.021588,0.798099,3.085173,27.830477,2.829753
6,31,1786607877.38529,0,1,57.462478,13.198434,29.771863,13.387233,-2.677251,0.149238,2.681407,0.802105,-0.022823,0.802429,3.085907,27.691258,2.799901
6,32,1786607877.4253,0,1,57.352788,13.204455,29.804104,13.386269,-2.742256,0.150537,2.746384,0.806034,-0.024097,0.806395,3.086753,27.549283,2.763976
6,33,1786607877.4653,0,1,57.240562,13.210508,29.83649,13.385252,-2.805631,0.151318,2.809709,0.809626,-0.025407,0.810024,3.087711,27.40463,2.72184
6,34,1786607877.50529,0,1,57.125865,13.21657,29.869006,13.384182,-2.867422,0.151567,2.871425,0.812906,-0.02675,0.813346,3.088783,27.257375,2.673423
6,35,1786607877.54518,0,1,57.008759,13.222621,29.901642,13.383058,-2.92767,0.151272,2.931576,0.815899,-0.028122,0.816384,3.089969,27.107592,2.618718
6,36,1786607877.58525,0,1,56.889302,13.228638,29.934387,13.381877,-2.986418,0.150423,2.990204,0.818629,-0.029522,0.819161,3.091266,26.955351,2.557772
6,37,1786607877.62523,0,1,56.767554,13.234599,29.967232,13.380639,-3.043705,0.149016,3.047351,0.821116,-0.030948,0.821699,3.092673,26.80072,2.490678
6,38,1786607877.66523,0,1,56.643571,13.240481,30.000167,13.379343,-3.099571,0.147049,3.103057,0.823381,-0.032396,0.824018,3.094186,26.643766,2.417566
6,39,1786607877.70524,0,1,56.517409,13.246262,30.033184,13.377988,-3.154051,0.144525,3.157361,0.82544,-0.033865,0.826134,3.095803,26.484552,2.338601
6,40,1786607877.74523,0,1,56.389121,13.25192,30.066277,13.376574,-3.207184,0.141448,3.210302,0.82731,-0.035353,0.828065,3.097518,26.32314,2.253972
6,41,1786607877.78523,0,1,56.258761,13.257433,30.099437,13.3751,-3.259004,0.137824,3.261917,0.829006,-0.036859,0.829825,3.099328,26.159589,2.163894
6,42,1786607877.82529,0,1,56.12638,13.262779,30.132659,13.373565,-3.309545,0.133665,3.312243,0.830543,-0.038381,0.831429,3.101227,25.993957,2.068597
6,43,1786607877.86531,0,1,55.992026,13.267939,30.165936,13.371968,-3.358841,0.128982,3.361316,0.831932,-0.039917,0.832889,3.103211,25.826299,1.968326
6,44,1786607877.90529,0,1,55.855749,13.27289,30.199263,13.370309,-3.406922,0.123789,3.40917,0.833186,-0.041467,0.834218,3.105274,25.65667,1.863339
6,45,1786607877.9453,0,1,55.717596,13.277614,30.232636,13.368588,-3.453821,0.118101,3.455839,0.834316,-0.043028,0.835425,3.107412,25.485122,1.753899
6,46,1786607877.9853,0,1,55.577613,13.282092,30.266049,13.366804,-3.499567,0.111937,3.501357,0.835331,-0.044601,0.836521,3.109618,25.311706,1.640274
6,47,1786607878.02529,0,1,55.435846,13.286304,30.299499,13.364957,-3.54419,0.105314,3.545754,0.836241,-0.046183,0.837516,3.111887,25.13647,1.522735
6,48,1786607878.06529,0,1,55.292337,13.290234,30.332984,13.363059,-3.587718,0.098252,3.589063,0.837122,-0.047455,0.838466,3.114214,24.95946,1.401523
6,49,1786607878.10525,0,1,55.147138,13.294154,30.366503,13.361121,-3.629975,0.097992,3.631298,0.837976,-0.048441,0.839375,3.114604,24.780726,1.391495
6,50,1786607878.14531,0,1,55.000288,13.297965,30.400055,13.359154,-3.671249,0.095287,3.672486,0.838806,-0.049164,0.840245,3.115644,24.600309,1.344258
6,51,1786607878.18531,0,1,54.85183,13.301728,30.43364,13.357169,-3.711463,0.094055,3.712655,0.839612,-0.049646,0.841079,3.116256,24.418253,1.321573
6,52,1786607878.22529,0,1,54.701802,13.305431,30.467256,13.355172,-3.750689,0.092577,3.751831,0.840399,-0.049904,0.841879,3.116915,24.234598,1.296318
6,53,1786607878.26524,0,1,54.550245,13.309095,30.500902,13.353174,-3.788934,0.09161,3.790041,0.841165,-0.049958,0.842648,3.117419,24.049383,1.28003
6,54,1786607878.30529,0,1,54.397195,13.312727,30.534579,13.351181,-3.826233,0.090791,3.82731,0.841915,-0.049824,0.843388,3.117868,23.862648,1.266967
6,55,1786607878.34531,0,1,54.242691,13.316338,30.568285,13.3492,-3.862608,0.090277,3.863663,0.842648,-0.049516,0.844101,3.118225,23.674429,1.259338
6,56,1786607878.38532,0,1,54.086768,13.319937,30.602019,13.347239,-3.898086,0.089972,3.899124,0.843366,-0.049048,0.844791,3.118516,23.484764,1.255607
6,57,1786607878.42531,0,1,53.92946,13.323533,30.635782,13.345301,-3.93269,0.089906,3.933718,0.84407,-0.048434,0.845459,3.118736,23.293688,1.256074
6,58,1786607878.46531,0,1,53.770802,13.327135,30.669573,13.343394,-3.966445,0.090043,3.967466,0.844762,-0.047685,0.846107,3.118895,23.101235,1.260138
6,59,1786607878.50531,0,1,53.610827,13.33075,30.70339,13.341521,-3.999372,0.090383,4.000393,0.845442,-0.046812,0.846737,3.118997,22.90744,1.267676
6,60,1786607878.54524,0,1,53.449568,13.334386,30.737235,13.339688,-4.031494,0.090904,4.032519,0.846111,-0.045825,0.847351,3.119048,22.712334,1.278335
6,61,1786607878.5853,0,1,53.287054,13.33805,30.771106,13.337899,-4.062834,0.091597,4.063866,0.846771,-0.044733,0.847952,3.119051,22.515949,1.291907
6,62,1786607878.62524,0,1,53.123318,13.341748,30.805002,13.336157,-4.093412,0.092447,4.094455,0.847421,-0.043544,0.848539,3.119012,22.318316,1.308124
6,63,1786607878.66529,0,1,52.958388,13.345486,30.838925,13.334467,-4.123248,0.093442,4.124307,0.848064,-0.042267,0.849116,3.118934,22.119466,1.326777
6,64,1786607878.7053,0,1,52.792293,13.349268,30.872873,13.33283,-4.152364,0.094569,4.15344,0.848698,-0.040909,0.849684,3.118822,21.919427,1.347642
6,65,1786607878.7453,0,1,52.625062,13.353101,30.906846,13.331251,-4.180777,0.095816,4.181875,0.849326,-0.039476,0.850243,3.118678,21.718227,1.370529
6,66,1786607878.78529,0,1,52.456722,13.356988,30.940844,13.329732,-4.208508,0.09717,4.20963,0.849947,-0.037974,0.850795,3.118508,21.515895,1.39525
6,67,1786607878.82529,0,1,52.287299,13.360933,30.974866,13.328276,-4.235575,0.098622,4.236723,0.850562,-0.036409,0.851341,3.118313,21.312458,1.421638
6,68,1786607878.86529,0,1,52.116819,13.364939,31.008913,13.326884,-4.261996,0.10016,4.263173,0.851171,-0.034786,0.851882,3.118096,21.10794,1.449536
6,69,1786607878.90524,0,1,51.945308,13.36901,31.042984,13.32556,-4.287788,0.101774,4.288995,0.851776,-0.033111,0.852419,3.117861,20.902369,1.478802
6,70,1786607878.9452,0,1,51.772789,13.373148,31.077079,13.324305,-4.312968,0.103455,4.314208,0.852376,-0.031387,0.852953,3.11761,20.695767,1.509306
6,71,1786607878.9852,0,1,51.599287,13.377356,31.111198,13.32312,-4.337552,0.105194,4.338828,0.852971,-0.029618,0.853485,3.117346,20.488161,1.540931
6,72,1786607879.02519,0,1,51.424824,13.381635,31.145341,13.322007,-4.361558,0.106983,4.36287,0.853563,-0.027808,0.854016,3.117069,20.279572,1.573569
6,73,1786607879.06518,0,1,51.249424,13.385988,31.179508,13.32096,-4.385,0.108814,4.38635,0.854197,-0.026183,0.854598,3.116783,20.070021,1.607152
6,74,1786607879.10519,0,1,51.07312,13.390186,31.213703,13.319971,-4.407617,0.104958,4.408867,0.85487,-0.024729,0.855227,3.117784,19.859541,1.566694
6,75,1786607879.14521,0,1,50.895952,13.394392,31.247926,13.319034,-4.429199,0.105137,4.430447,0.855578,-0.023431,0.855899,3.11786,19.64817,1.579535
6,76,1786607879.18522,0,1,50.717953,13.398438,31.282179,13.318143,-4.449965,0.101146,4.451114,0.856319,-0.022278,0.856609,3.118867,19.43594,1.538788
6,77,1786607879.22523,0,1,50.539163,13.402452,31.316463,13.317292,-4.469768,0.100368,4.470895,0.857091,-0.021257,0.857355,3.119142,19.222888,1.540185
6,78,1786607879.26522,0,1,50.359611,13.406291,31.350778,13.316478,-4.488786,0.095957,4.489811,0.857891,-0.020359,0.858132,3.120219,19.009045,1.49534
6,79,1786607879.30521,0,1,50.179335,13.410079,31.385127,13.315695,-4.506893,0.094702,4.507888,0.858716,-0.019574,0.858939,3.120583,18.794445,1.491496
6,80,1786607879.34522,0,1,49.998365,13.413664,31.41951,13.314939,-4.524258,0.089646,4.525146,0.859564,-0.018892,0.859772,3.121781,18.579118,1.439594
6,81,1786607879.38519,0,1,49.816735,13.417201,31.453927,13.314207,-4.540749,0.088404,4.54161,0.860435,-0.018306,0.860629,3.122126,18.363097,1.436707
6,82,1786607879.4252,0,1,49.634473,13.420493,31.48838,13.313495,-4.556556,0.08231,4.557299,0.861325,-0.017808,0.861509,3.123531,18.146408,1.372721
6,83,1786607879.46519,0,1,49.451613,13.423768,31.522869,13.312799,-4.571502,0.081872,4.572235,0.862234,-0.01739,0.862409,3.123685,17.929087,1.380632
6,84,1786607879.50519,0,1,49.268179,13.426718,31.557396,13.312117,-4.585846,0.073747,4.586439,0.863159,-0.017047,0.863327,3.125513,17.711154,1.292058
6,85,1786607879.54524,0,1,49.084207,13.429755,31.59196,13.311446,-4.599302,0.075944,4.599929,0.8641,-0.016773,0.864263,3.125082,17.492647,1.333501
6,86,1786607879.5852,0,1,48.899715,13.432269,31.626562,13.310784,-4.612298,0.06284,4.612726,0.865055,-0.016562,0.865214,3.127969,17.27358,1.18354
6,87,1786607879.62534,0,1,48.714744,13.435196,31.661203,13.310128,-4.624269,0.073169,4.624848,0.866024,-0.016409,0.866179,3.125771,17.054,1.326702
6,88,1786607879.66521,0,1,48.5293,13.436991,31.695883,13.309475,-4.636095,0.044872,4.636312,0.867004,-0.016309,0.867158,3.131914,16.8339,0.988559
6,89,1786607879.70524,0,1,48.343445,13.440341,31.730603,13.308825,-4.646385,0.083757,4.64714,0.867996,-0.016258,0.868148,3.123568,16.613363,1.48629
6,90,1786607879.74531,0,1,48.157152,13.440893,31.765363,13.308175,-4.657325,0.013799,4.657346,0.868998,-0.016253,0.86915,3.13863,16.392326,0.633649
6,91,1786607879.7853,0,1,47.970497,13.443809,31.800163,13.307523,-4.666382,0.072907,4.666951,0.870009,-0.016289,0.870162,3.12597,16.170908,1.378
6,92,1786607879.82533,0,1,47.783458,13.443912,31.835004,13.306869,-4.675963,0.002563,4.675964,0.871029,-0.016364,0.871183,3.141045,15.949043,0.523731
6,93,1786607879.86524,0,1,47.596098,13.446387,31.869887,13.30621,-4.683999,0.061882,4.684408,0.872057,-0.016474,0.872213,3.128382,15.726836,1.267614
6,94,1786607879.90524,0,1,47.408407,13.446035,31.90481,13.305545,-4.692282,-0.0088,4.69229,0.873092,-0.016616,0.87325,-3.139717,15.504233,0.411737
6,95,1786607879.94523,0,1,47.220432,13.448063,31.939776,13.304874,-4.699361,0.050706,4.699635,0.874134,-0.016787,0.874296,3.130803,15.281328,1.155074
6,96,1786607879.98523,0,1,47.032176,13.447253,31.97477,13.304194,-4.706404,-0.020269,4.706447,0.874853,-0.01698,0.875018,-3.137286,15.058086,0.297593
6,97,1786607880.02523,0,1,46.843673,13.448829,32.009764,13.303507,-4.712587,0.039399,4.712751,0.874849,-0.017184,0.875018,3.133232,14.834621,1.04029
6,98,1786607880.06525,0,1,46.654935,13.447556,32.044758,13.302814,-4.718443,-0.031824,4.71855,0.874846,-0.017329,0.875018,-3.134848,14.610895,0.181176
6,99,1786607880.10523,0,1,46.465968,13.448675,32.079751,13.302117,-4.72417,0.027987,4.724253,0.874844,-0.017422,0.875018,3.135669,14.386964,0.923099
6,100,1786607880.14523,0,1,46.276782,13.446937,32.114745,13.301418,-4.729651,-0.043458,4.729851,0.874843,-0.017465,0.875018,-3.132404,14.162785,0.062262
6,101,1786607880.18523,0,1,46.087369,13.447596,32.149739,13.30072,-4.735329,0.016488,4.735357,0.874843,-0.017463,0.875018,3.138111,13.938404,0.803267
6,102,1786607880.2253,0,1,45.897744,13.446155,32.184733,13.300023,-4.740627,-0.03604,4.740764,0.874844,-0.017419,0.875018,-3.13399,13.71379,0.174973
6,103,1786607880.26533,0,1,45.707904,13.447301,32.219726,13.29933,-4.745996,0.028658,4.746082,0.874846,-0.017338,0.875018,3.135554,13.48899,0.9745
6,104,1786607880.30527,0,1,45.517858,13.445758,32.25472,13.298641,-4.751155,-0.038568,4.751311,0.874848,-0.017221,0.875018,-3.133475,13.263954,0.170415
6,105,1786607880.3453,0,1,45.327603,13.44681,32.289714,13.297958,-4.756382,0.026287,4.756454,0.874851,-0.017073,0.875018,3.136066,13.038738,0.97076
6,106,1786607880.38529,0,1,45.137149,13.445165,32.324709,13.297282,-4.761335,-0.041109,4.761513,0.874854,-0.016894,0.875018,-3.132959,12.813294,0.166608
6,107,1786607880.4253,0,1,44.946492,13.446121,32.359703,13.296614,-4.76643,0.023898,4.76649,0.874858,-0.016689,0.875018,3.136579,12.587677,0.967799
6,108,1786607880.4653,0,1,44.755645,13.444375,32.394697,13.295956,-4.771187,-0.043663,4.771387,0.874863,-0.016458,0.875018,-3.132441,12.361838,0.163597
6,109,1786607880.5053,0,1,44.564598,13.445234,32.429692,13.295308,-4.776159,0.021492,4.776207,0.874867,-0.016204,0.875018,3.137093,12.135832,0.965672
6,110,1786607880.54538,0,1,44.373369,13.443385,32.464687,13.294671,-4.780728,-0.046229,4.780952,0.874873,-0.015929,0.875018,-3.131923,11.909611,0.161443
6,111,1786607880.58541,0,1,44.182049,13.444148,32.499682,13.294045,-4.782997,0.019059,4.783035,0.874878,-0.015635,0.875018,3.137608,11.683332,0.96444
6,112,1786607880.62536,0,1,43.99067,13.442198,32.534677,13.293432,-4.784475,-0.048745,4.784724,0.874883,-0.015322,0.875018,-3.131405,11.456959,0.160277
6,113,1786607880.66544,0,1,43.799233,13.442862,32.569673,13.292833,-4.785923,0.016597,4.785952,0.874889,-0.014993,0.875018,3.138125,11.230563,0.964131
6,114,1786607880.70536,0,1,43.607778,13.440812,32.604667,13.292247,-4.786388,-0.051245,4.786663,0.874857,-0.014648,0.874979,-3.130887,11.004114,0.160163
6,115,1786607880.74543,0,1,43.416308,13.441377,32.639658,13.291675,-4.786736,0.014123,4.786757,0.874762,-0.014288,0.874878,3.138642,10.77769,0.964904
6,116,1786607880.78544,0,1,43.224874,13.439228,32.674642,13.291119,-4.785849,-0.053718,4.78615,0.874609,-0.013913,0.87472,-3.130369,10.551272,0.161218
6,117,1786607880.82538,0,1,43.033487,13.439694,32.709618,13.290578,-4.784675,0.011638,4.784689,0.874403,-0.013527,0.874508,3.13916,10.324946,0.966872
6,118,1786607880.86543,0,1,42.842211,13.437448,32.744584,13.290053,-4.781913,-0.056147,4.782243,0.874148,-0.013128,0.874247,-3.129852,10.098703,0.163584
6,119,1786607880.90544,0,1,42.651069,13.437814,32.779538,13.289544,-4.778548,0.009145,4.778556,0.873849,-0.012719,0.873941,3.139679,9.872644,0.970169
6,120,1786607880.94546,0,1,42.460147,13.435473,32.814478,13.289052,-4.77305,-0.058504,4.773409,0.873508,-0.0123,0.873595,-3.129336,9.64678,0.167435
6,121,1786607880.98544,0,1,42.269494,13.435739,32.849404,13.288577,-4.766331,0.006649,4.766336,0.873129,-0.011872,0.87321,3.140198,9.42124,0.974946
6,122,1786607881.02547,0,1,42.079233,13.43331,32.884312,13.28812,-4.756514,-0.060743,4.756901,0.872715,-0.011436,0.87279,-3.128823,9.196067,0.172986
6,123,1786607881.06537,0,1,41.88947,13.433476,32.919209,13.287673,-4.744072,0.004157,4.744073,0.872426,-0.011174,0.872498,3.140716,8.971446,0.981411
6,124,1786607881.10536,0,1,41.700444,13.436939,32.954099,13.28723,-4.725655,0.086578,4.726448,0.872251,-0.011072,0.872322,3.123274,8.747626,2.030213
6,125,1786607881.14548,0,1,41.51252,13.444374,32.988987,13.286785,-4.69811,0.185871,4.701786,0.872182,-0.011118,0.872253,3.10205,8.52499,3.324814
6,126,1786607881.18548,0,1,41.326453,13.456395,33.023875,13.286333,-4.651675,0.300527,4.661373,0.87221,-0.0113,0.872283,3.077076,8.304319,4.869948
6,127,1786607881.22538,0,1,41.142455,13.473587,33.058768,13.285869,-4.599953,0.4298,4.619989,0.872327,-0.011606,0.872404,3.048427,8.085866,6.668249
6,128,1786607881.26543,0,1,40.960501,13.496532,33.093669,13.285388,-4.548842,0.573627,4.584867,0.872526,-0.012027,0.872609,3.016151,7.869665,8.72473
6,129,1786607881.30535,0,1,40.780627,13.525807,33.128581,13.284885,-4.496861,0.731872,4.556029,0.872801,-0.012554,0.872891,2.980255,7.655837,11.047279
6,130,1786607881.34535,0,1,40.60248,13.559474,33.163507,13.284358,-4.453671,0.841688,4.532508,0.873145,-0.013178,0.873245,2.954808,7.444058,12.819972
6,131,1786607881.38538,0,1,40.425964,13.597318,33.198449,13.283803,-4.412899,0.946094,4.513178,0.873554,-0.01389,0.873664,2.930397,7.234311,14.584452
6,132,1786607881.42546,0,1,40.251038,13.639299,33.23341,13.283215,-4.373148,1.049519,4.497323,0.874021,-0.014685,0.874144,2.906056,7.026656,16.400054
6,133,1786607881.46537,0,1,40.077685,13.685381,33.268392,13.282593,-4.333816,1.152049,4.484326,0.874542,-0.015556,0.87468,2.881773,6.821196,18.271798
6,134,1786607881.50535,0,1,39.905909,13.73553,33.303386,13.281933,-4.294397,1.253734,4.473667,0.874862,-0.01649,0.875018,2.857541,6.618086,20.205054
6,135,1786607881.5454,0,1,39.734731,13.787016,33.33838,13.281234,-4.279448,1.287154,4.46883,0.874843,-0.017481,0.875018,2.849424,6.416317,21.261178
6,136,1786607881.58532,0,1,39.563957,13.839229,33.373373,13.280493,-4.269351,1.305302,4.464434,0.874821,-0.018528,0.875018,2.84488,6.215748,22.15767
6,137,1786607881.62548,0,1,39.395163,13.89688,33.408365,13.279708,-4.219864,1.441281,4.459209,0.874797,-0.019626,0.875018,2.812468,6.018526,24.743205
6,138,1786607881.66546,0,1,39.226669,13.955278,33.443355,13.278877,-4.212355,1.459956,4.458184,0.874771,-0.020772,0.875018,2.80796,5.822734,25.78661
6,139,1786607881.70545,0,1,39.058254,14.013831,33.478345,13.277999,-4.21037,1.463818,4.457575,0.874742,-0.02196,0.875018,2.806995,5.628217,26.68336
6,140,1786607881.74536,0,1,38.889697,14.071946,33.513333,13.277071,-4.213908,1.452882,4.45734,0.87471,-0.023188,0.875018,2.809573,5.434806,27.433337
6,141,1786607881.78543,0,1,38.720784,14.12903,33.548321,13.276093,-4.222827,1.427088,4.457448,0.874676,-0.024451,0.875018,2.815696,5.242317,28.036255
6,142,1786607881.82545,0,1,38.551315,14.184481,33.583306,13.275063,-4.236746,1.386274,4.457777,0.874639,-0.025746,0.875018,2.82537,5.050559,28.491644
6,143,1786607881.86539,0,1,38.381067,14.237703,33.61829,13.273981,-4.256192,1.330551,4.45932,0.874599,-0.02707,0.875018,2.838603,4.859301,28.799092
6,144,1786607881.90538,0,1,38.209842,14.288088,33.653272,13.272844,-4.280617,1.259625,4.4621,0.874556,-0.028421,0.875018,2.855408,4.668303,28.958008
6,145,1786607881.94535,0,1,38.03747,14.335012,33.688253,13.271652,-4.309313,1.17312,4.466138,0.87451,-0.029795,0.875018,2.875804,4.477323,28.967533
6,146,1786607881.98538,0,1,37.865235,14.383236,33.723231,13.270404,-4.30587,1.205594,4.471462,0.874461,-0.03119,0.875018,2.868595,4.288891,30.68015
6,147,1786607882.02545,0,1,37.692655,14.431074,33.758207,13.2691,-4.314495,1.195957,4.477185,0.87441,-0.032604,0.875018,2.871187,4.102446,31.946754
6,148,1786607882.06543,0,1,37.519348,14.477208,33.793182,13.267741,-4.332674,1.15335,4.483557,0.874358,-0.033967,0.875018,2.881428,3.917541,32.889138
6,149,1786607882.1054,0,1,37.346217,14.525139,33.828154,13.26633,-4.328276,1.198254,4.491079,0.874306,-0.035283,0.875018,2.871513,3.736491,35.162262
6,150,1786607882.14537,0,1,37.17195,14.570079,33.863124,13.264868,-4.356664,1.123501,4.499197,0.874254,-0.036557,0.875018,2.88921,3.556952,35.987856
6,151,1786607882.18539,0,1,36.997615,14.616238,33.898092,13.263356,-4.358389,1.153979,4.508572,0.874201,-0.037792,0.875018,2.88276,3.381912,38.410349
6,152,1786607882.22538,0,1,36.822065,14.659256,33.933058,13.261796,-4.388753,1.075447,4.5186,0.874148,-0.038992,0.875018,2.901282,3.209245,39.582602
6,153,1786607882.26536,0,1,36.646477,14.70398,33.968022,13.26019,-4.389688,1.118115,4.52985,0.874095,-0.040161,0.875018,2.892182,3.042804,42.616535
6,154,1786607882.30538,0,1,36.469629,14.745548,34.002984,13.258538,-4.421197,1.039196,4.541685,0.874042,-0.0413,0.875018,2.910735,2.880198,44.310737
6,155,1786607882.34537,0,1,36.292525,14.788288,34.037943,13.256842,-4.427614,1.068506,4.554719,0.873989,-0.042413,0.875018,2.904793,2.725522,47.754333
6,156,1786607882.38538,0,1,36.114133,14.827708,34.0729,13.255101,-4.459801,0.985483,4.567385,0.873913,-0.043502,0.874995,2.924117,2.576766,50.071793
6,157,1786607882.42537,0,1,35.934372,14.863109,34.107845,13.253319,-4.494023,0.885034,4.580342,0.873634,-0.044559,0.87477,2.947145,2.434671,52.532021
6,158,1786607882.46527,0,1,35.753195,14.893776,34.142772,13.251496,-4.529416,0.766675,4.593844,0.873169,-0.045586,0.874358,2.973916,2.300119,55.168293
6,159,1786607882.5054,0,1,35.570747,14.919969,34.177673,13.249632,-4.561213,0.654828,4.607978,0.872532,-0.046587,0.873775,2.999003,2.175013,58.341451
6,160,1786607882.54539,0,1,35.387562,14.945099,34.212543,13.24773,-4.579625,0.628251,4.622517,0.871737,-0.047562,0.873033,3.00526,2.064397,63.118044
6,161,1786607882.58539,0,1,35.20313,14.964687,34.247374,13.245789,-4.610792,0.48969,4.636723,0.870796,-0.048514,0.872147,3.035784,1.966743,66.987086
6,162,1786607882.62536,0,1,35.018051,14.983699,34.282163,13.243811,-4.626978,0.475304,4.651326,0.869722,-0.049445,0.871127,3.039227,1.889111,72.939113
6,163,1786607882.66537,0,1,34.831907,14.997037,34.316904,13.241797,-4.653589,0.33345,4.66552,0.868525,-0.050356,0.869984,3.070061,1.829233,77.746326
6,164,1786607882.7054,0,1,34.645153,15.009871,34.351593,13.239747,-4.668863,0.320858,4.679875,0.867215,-0.051248,0.868728,3.072978,1.794301,84.515047
6,165,1786607882.74536,0,1,34.457559,15.01751,34.386225,13.237662,-4.689853,0.190964,4.69374,0.865801,-0.052124,0.867368,3.100897,1.781277,90.036612
6,166,1786607882.78538,0,1,34.269398,15.024739,34.420797,13.235543,-4.704017,0.180717,4.707488,0.864291,-0.052983,0.865913,3.103194,1.79559,97.036833
6,167,1786607882.82537,0,1,34.080604,15.028244,34.455304,13.23339,-4.719852,0.087643,4.720666,0.862693,-0.053828,0.86437,3.123026,1.833549,102.855715
6,168,1786607882.86537,0,1,33.891297,15.031778,34.489745,13.231203,-4.732669,0.088337,4.733493,0.861013,-0.05466,0.862746,3.122929,1.897421,109.454315
6,169,1786607882.90538,0,1,33.70147,15.030902,34.524115,13.228984,-4.745693,-0.021891,4.745743,0.859259,-0.055479,0.861048,-3.13698,1.980822,114.274254
6,170,1786607882.94537,0,1,33.511165,15.030239,34.558413,13.226733,-4.757619,-0.016588,4.757647,0.857437,-0.056286,0.859282,-3.138106,2.085512,119.942829
6,171,1786607882.98523,0,1,33.320416,15.028189,34.592635,13.224449,-4.768722,-0.051249,4.768997,0.855551,-0.057082,0.857453,-3.130846,2.207264,124.58047
6,172,1786607883.02518,0,1,33.129504,15.021175,34.626779,13.222135,-4.772787,-0.175342,4.776007,0.853607,-0.057868,0.855567,-3.104871,2.340593,127.66538
6,173,1786607883.06522,0,1,32.938294,15.014522,34.660861,13.21979,-4.780252,-0.166318,4.783145,0.852037,-0.058607,0.85405,-3.106814,2.487629,131.83194
6,174,1786607883.10523,0,1,32.746955,15.004331,34.694893,13.217418,-4.783484,-0.254784,4.790265,0.85081,-0.059302,0.852874,-3.08838,2.643391,134.419855
6,175,1786607883.14523,0,1,32.555293,14.994839,34.728889,13.21502,-4.791562,-0.2373,4.797434,0.849899,-0.059956,0.852011,-3.092109,2.809319,137.852924
6,176,1786607883.18523,0,1,32.363482,14.982879,34.76286,13.212597,-4.795274,-0.298998,4.804587,0.849279,-0.060574,0.851436,-3.079321,2.981764,140.011855
6,177,1786607883.22523,0,1,32.17131,14.972141,34.796817,13.210151,-4.804276,-0.268453,4.811771,0.848926,-0.061157,0.851126,-3.085773,3.161945,142.936007
6,178,1786607883.26523,0,1,31.979128,14.957261,34.83077,13.207683,-4.804572,-0.371995,4.818952,0.848819,-0.061708,0.851059,-3.064322,3.345577,144.042176
6,179,1786607883.30529,0,1,31.786564,14.943598,34.864727,13.205193,-4.814083,-0.34158,4.826186,0.848938,-0.06223,0.851216,-3.070757,3.535129,146.485662
6,180,1786607883.3453,0,1,31.59403,14.925998,34.898698,13.202684,-4.813355,-0.439983,4.833422,0.849266,-0.062725,0.851579,-3.050437,3.727015,147.236093
6,181,1786607883.38531,0,1,31.401092,14.909665,34.932689,13.200157,-4.823461,-0.408341,4.840715,0.849785,-0.063195,0.852132,-3.057137,3.923595,149.331223
6,182,1786607883.42529,0,1,31.208045,14.89128,34.966709,13.197611,-4.826175,-0.459618,4.848011,0.850481,-0.063642,0.852859,-3.046645,4.122629,150.303354
6,183,1786607883.46524,0,1,31.014543,14.874665,35.000762,13.195048,-4.837545,-0.415385,4.855347,0.851338,-0.064068,0.853746,-3.055936,4.325628,152.243823
6,184,1786607883.5053,0,1,30.821091,14.85442,35.034856,13.192469,-4.836289,-0.506124,4.8627,0.852345,-0.064475,0.85478,-3.037321,4.529668,152.500901
6,185,1786607883.54517,0,1,30.627187,14.835719,35.068996,13.189875,-4.847612,-0.46752,4.870104,0.853489,-0.064863,0.85595,-3.045447,4.736926,154.159826
6,186,1786607883.58524,0,1,30.433376,14.813319,35.103186,13.187265,-4.845279,-0.56,4.877533,0.85476,-0.065234,0.857245,-3.026527,4.944813,154.208806
6,187,1786607883.62525,0,1,30.239073,14.792631,35.137432,13.184642,-4.857561,-0.517204,4.885018,0.856146,-0.065591,0.858655,-3.035518,5.155535,155.748874
6,188,1786607883.66524,0,1,30.044899,14.768229,35.171737,13.182004,-4.854347,-0.610051,4.89253,0.857639,-0.065932,0.86017,-3.016577,5.366617,155.645263
6,189,1786607883.70523,0,1,29.850213,14.745537,35.206107,13.179354,-4.867152,-0.5673,4.900101,0.859231,-0.066261,0.861782,-3.025559,5.58019,157.051681
6,190,1786607883.74522,0,1,29.655691,14.719116,35.240543,13.176691,-4.863051,-0.660509,4.907702,0.860913,-0.066578,0.863484,-3.006597,5.793932,156.826205
6,191,1786607883.78523,0,1,29.460787,14.694423,35.27505,13.174015,-4.872607,-0.617332,4.911558,0.862679,-0.066883,0.865267,-3.01557,6.009767,158.124929
6,192,1786607883.82522,0,1,29.266386,14.666035,35.309631,13.171328,-4.860014,-0.709692,4.911558,0.86452,-0.067178,0.867127,-2.996591,6.225348,157.799553
6,193,1786607883.86524,0,1,29.071739,14.639393,35.344288,13.16863,-4.866185,-0.666067,4.911558,0.866433,-0.067463,0.869055,-3.005561,6.442672,159.009876
6,194,1786607883.90524,0,1,28.877632,14.609061,35.379025,13.16592,-4.852668,-0.758296,4.911558,0.86841,-0.067739,0.871048,-2.986582,6.659637,158.603312
6,195,1786607883.94524,0,1,28.683261,14.580471,35.413843,13.1632,-4.859275,-0.714736,4.911558,0.870447,-0.068007,0.873099,-2.995553,6.878182,159.741382
6,196,1786607883.98523,0,1,28.489284,14.549323,35.448737,13.16047,-4.849435,-0.778707,4.911558,0.872352,-0.068252,0.875018,-2.982375,7.096682,159.591618
6,197,1786607884.02524,0,1,28.294993,14.520193,35.483631,13.157736,-4.857268,-0.728251,4.911558,0.872345,-0.068337,0.875018,-2.992771,7.316611,160.74122
6,198,1786607884.06522,0,1,28.101243,14.487659,35.518524,13.155003,-4.843744,-0.81335,4.911558,0.872346,-0.068329,0.875018,-2.975227,7.536049,160.282347
6,199,1786607884.10527,0,1,27.907166,14.457141,35.553418,13.152274,-4.851938,-0.762952,4.911558,0.872353,-0.068234,0.875018,-2.985623,7.756794,161.379112
6,200,1786607884.1453,0,1,27.712671,14.429405,35.588313,13.149551,-4.862367,-0.693391,4.911558,0.872366,-0.068061,0.875018,-2.999944,7.978957,162.65381
6,201,1786607884.18523,0,1,27.518572,14.399025,35.623209,13.146839,-4.85248,-0.759498,4.911558,0.872386,-0.067816,0.875018,-2.986335,8.200799,162.321491
6,202,1786607884.22529,0,1,27.324058,14.371428,35.658105,13.144139,-4.862859,-0.689929,4.911558,0.87241,-0.067503,0.875018,-3.000656,8.423929,163.547636
6,203,1786607884.26524,0,1,27.129289,14.345685,35.693002,13.141454,-4.869211,-0.643573,4.911558,0.872439,-0.067129,0.875018,-3.010183,8.647968,164.466289
6,204,1786607884.30521,0,1,26.934787,14.318002,35.727894,13.138786,-4.862551,-0.692095,4.911558,0.872278,-0.066682,0.874823,-3.000211,8.871824,164.261227
6,205,1786607884.3452,0,1,26.739853,14.293542,35.762766,13.13614,-4.873345,-0.611479,4.911558,0.871799,-0.066159,0.874306,-3.016771,9.096841,165.538611
6,206,1786607884.38519,0,1,26.544837,14.26975,35.797607,13.133517,-4.875407,-0.594819,4.911558,0.871029,-0.065564,0.873493,-3.020189,9.322273,166.043244
6,207,1786607884.42521,0,1,26.349543,14.248357,35.832406,13.130921,-4.882354,-0.534807,4.911558,0.86999,-0.064904,0.872408,-3.032489,9.548474,167.028225
6,208,1786607884.46521,0,1,26.154465,14.225075,35.867155,13.128354,-4.876947,-0.582053,4.911558,0.868705,-0.064184,0.871073,-3.022807,9.774412,166.751726
6,209,1786607884.50521,0,1,25.958995,14.205359,35.901842,13.125817,-4.886763,-0.492898,4.911558,0.867192,-0.063409,0.869507,-3.041069,10.001281,168.043808
6,210,1786607884.54521,0,1,25.763724,14.183752,35.936461,13.123314,-4.881762,-0.540189,4.911558,0.865469,-0.062584,0.867729,-3.031387,10.227859,167.734461
6,211,1786607884.58521,0,1,25.568092,14.165714,35.971003,13.120846,-4.890812,-0.450952,4.911558,0.863555,-0.061712,0.865757,-3.049649,10.455253,168.996445
6,212,1786607884.62518,0,1,25.372643,14.145782,36.005462,13.118414,-4.886217,-0.498284,4.911558,0.861463,-0.060797,0.863606,-3.039966,10.682337,168.658321
6,213,1786607884.6652,0,1,25.176863,14.129423,36.03983,13.11602,-4.894501,-0.408974,4.911558,0.859209,-0.059843,0.86129,-3.058228,10.910135,169.893901
6,214,1786607884.70518,0,1,24.981059,14.113356,36.074102,13.113666,-4.895105,-0.401679,4.911558,0.856805,-0.058853,0.858824,-3.059719,11.137998,170.159464
6,215,1786607884.74517,0,1,24.78496,14.10141,36.108273,13.111353,-4.90247,-0.298648,4.911558,0.854263,-0.05783,0.856218,-3.08075,11.366513,171.517004
6,216,1786607884.78519,0,1,24.588949,14.088104,36.142337,13.109082,-4.90028,-0.332649,4.911558,0.851594,-0.056777,0.853485,-3.073813,11.594794,171.272898
6,217,1786607884.82518,0,1,24.393093,14.072672,36.176289,13.106854,-4.896381,-0.385815,4.911558,0.848809,-0.055696,0.850634,-3.062959,11.822711,170.808825
6,218,1786607884.86519,0,1,24.197003,14.060587,36.210126,13.10467,-4.902257,-0.302113,4.911558,0.845916,-0.05459,0.847675,-3.080043,12.051095,171.923876
6,219,1786607884.90521,0,1,24.000715,14.05263,36.243842,13.102532,-4.907211,-0.198941,4.911242,0.842924,-0.05346,0.844618,-3.101074,12.279937,173.241066
6,220,1786607884.94525,0,1,23.804514,14.043312,36.277436,13.100439,-4.905015,-0.232945,4.910543,0.839842,-0.052309,0.841469,-3.094137,12.508509,172.958025
6,221,1786607884.9852,0,1,23.608471,14.031868,36.310903,13.098394,-4.901074,-0.286104,4.909418,0.836676,-0.051139,0.838237,-3.083283,12.736685,172.45612
6,222,1786607885.0252,0,1,23.412322,14.023776,36.344241,13.096396,-4.903721,-0.202285,4.907891,0.833433,-0.049951,0.834929,-3.100365,12.965128,173.536009
6,223,1786607885.0652,0,1,23.216349,14.01356,36.377467,13.094455,-4.899345,-0.255402,4.905998,0.830673,-0.048522,0.832089,-3.08951,13.193173,173.021129
6,224,1786607885.10524,0,1,23.020279,14.006694,36.410602,13.09258,-4.901732,-0.171653,4.904737,0.828357,-0.046872,0.829682,-3.106588,13.421488,174.089052
6,225,1786607885.14524,0,1,22.824321,13.997701,36.44366,13.090779,-4.898956,-0.224823,4.904112,0.826449,-0.045018,0.827674,-3.095733,13.649502,173.56268
6,226,1786607885.18521,0,1,22.628239,13.992056,36.476656,13.08906,-4.902049,-0.141138,4.904081,0.824917,-0.042978,0.826035,-3.112809,13.877826,174.620087
6,227,1786607885.2252,0,1,22.432207,13.984281,36.509606,13.08743,-4.900798,-0.194366,4.904651,0.82373,-0.040765,0.824738,-3.101953,14.105938,174.083533
6,228,1786607885.2652,0,1,22.236266,13.973608,36.54252,13.085894,-4.898521,-0.266819,4.905783,0.822862,-0.038395,0.823757,-3.087177,14.333769,173.331527
6,229,1786607885.30519,0,1,22.040134,13.96551,36.575411,13.084459,-4.903298,-0.202456,4.907476,0.822286,-0.03588,0.823068,-3.100326,14.561955,174.166896
6,230,1786607885.34519,0,1,21.844054,13.954509,36.608291,13.083129,-4.901999,-0.275016,4.909708,0.821979,-0.033232,0.82265,-3.085549,14.789928,173.411251
6,231,1786607885.3852,0,1,21.647773,13.946085,36.641167,13.081911,-4.90704,-0.210612,4.911558,0.82192,-0.030462,0.822484,-3.098699,15.018278,174.24365
6,232,1786607885.42528,0,1,21.451637,13.93476,36.674051,13.080808,-4.903391,-0.283113,4.911558,0.822089,-0.02758,0.822551,-3.083919,15.246348,173.484681
6,233,1786607885.46531,0,1,21.25537,13.926016,36.70695,13.079824,-4.90669,-0.218608,4.911558,0.822467,-0.024596,0.822835,-3.097069,15.474733,174.314366
6,234,1786607885.50523,0,1,21.059253,13.914372,36.739871,13.078963,-4.902923,-0.291103,4.911558,0.823038,-0.021517,0.823319,-3.082289,15.702857,173.55251
6,235,1786607885.5453,0,1,20.862999,13.905308,36.772823,13.078229,-4.906328,-0.226603,4.911558,0.823787,-0.018352,0.823991,-3.09544,15.931307,174.379753
6,236,1786607885.58529,0,1,20.666902,13.893344,36.805811,13.077625,-4.902443,-0.299092,4.911558,0.824699,-0.015108,0.824837,-3.080659,16.15951,173.615303
6,237,1786607885.62529,0,1,20.470664,13.88396,36.838841,13.077153,-4.905952,-0.234598,4.911558,0.825761,-0.011792,0.825845,-3.09381,16.388049,174.440357
6,238,1786607885.66529,0,1,20.274522,13.872738,36.871919,13.076817,-4.903538,-0.280561,4.911558,0.826961,-0.00841,0.827004,-3.084439,16.61647,173.979847
6,239,1786607885.7053,0,1,20.078239,13.864357,36.905051,13.076618,-4.907087,-0.209507,4.911558,0.828288,-0.004967,0.828303,-3.098924,16.845241,174.874931
6,240,1786607885.74523,0,1,19.882086,13.853339,36.93824,13.076559,-4.903827,-0.275466,4.911558,0.829733,-0.00147,0.829734,-3.085478,17.073834,174.177274
6,241,1786607885.7853,0,1,19.685794,13.845162,36.971492,13.076642,-4.907302,-0.204409,4.911558,0.831285,0.002078,0.831287,-3.099963,17.302774,175.069088
6,242,1786607885.82529,0,1,19.489629,13.834348,37.004809,13.076869,-4.90411,-0.270371,4.911558,0.832936,0.005672,0.832955,-3.086517,17.531552,174.368065
6,243,1786607885.86531,0,1,19.293374,13.82532,37.038196,13.077241,-4.90637,-0.225689,4.911558,0.834677,0.009307,0.834729,-3.095626,17.760583,174.952272
6,244,1786607885.9053,0,1,19.097274,13.813394,37.071656,13.077761,-4.902501,-0.298139,4.911558,0.836503,0.01298,0.836604,-3.080854,17.989429,174.1763
6,245,1786607885.9453,0,1,18.901034,13.80405,37.105193,13.078428,-4.905999,-0.233604,4.911558,0.838406,0.016688,0.838572,-3.094013,18.218614,174.991253
6,246,1786607885.98529,0,1,18.704954,13.791808,37.138808,13.079245,-4.902013,-0.306047,4.911558,0.84038,0.020427,0.840628,-3.079241,18.447621,174.213825
6,247,1786607886.02529,0,1,18.508729,13.782148,37.172505,13.080213,-4.905616,-0.241517,4.911558,0.842419,0.024194,0.842766,-3.0924,18.67697,175.027593
6,248,1786607886.06529,0,1,18.312669,13.76959,37.206279,13.08131,-4.901513,-0.313954,4.911558,0.844361,0.027426,0.844806,-3.077628,18.906143,174.248755
6,249,1786607886.10532,0,1,18.11646,13.759612,37.240128,13.082517,-4.90522,-0.24943,4.911558,0.846214,0.030165,0.846752,-3.090786,19.135651,175.06124
6,250,1786607886.14531,0,1,17.920109,13.75299,37.274047,13.083815,-4.908767,-0.165558,4.911558,0.847985,0.032449,0.848606,-3.107879,19.365503,176.088071
6,251,1786607886.18524,0,1,17.723842,13.744239,37.308034,13.085187,-4.906682,-0.218785,4.911558,0.84968,0.034316,0.850373,-3.097033,19.595278,175.519515
6,252,1786607886.22524,0,1,17.527516,13.73691,37.342086,13.086619,-4.908139,-0.183216,4.911558,0.851306,0.035798,0.852059,-3.104281,19.825238,175.982495
6,253,1786607886.26525,0,1,17.331284,13.7274,37.376201,13.088096,-4.9058,-0.237746,4.911558,0.852869,0.036925,0.853668,-3.093168,20.055109,175.39874
6,254,1786607886.30519,0,1,17.134939,13.72062,37.410376,13.089605,-4.908632,-0.169495,4.911558,0.854372,0.037727,0.855204,-3.107076,20.285254,176.239768
6,255,1786607886.34526,0,1,16.938699,13.711278,37.444609,13.091134,-4.906001,-0.23356,4.911558,0.855821,0.038229,0.856675,-3.094022,20.515285,175.542157
6,256,1786607886.3852,0,1,16.742383,13.703688,37.478898,13.092673,-4.907891,-0.189745,4.911558,0.857221,0.038454,0.858083,-3.102951,20.745514,176.098208
6,257,1786607886.42525,0,1,16.546187,13.69347,37.513241,13.09421,-4.90491,-0.255463,4.911558,0.858574,0.038426,0.859434,-3.089556,20.975616,175.38142
6,258,1786607886.46522,0,1,16.349869,13.685937,37.547636,13.095736,-4.907947,-0.188308,4.911558,0.859886,0.038164,0.860733,-3.103243,21.205982,176.207901
6,259,1786607886.50523,0,1,16.153678,13.67561,37.582083,13.097244,-4.904767,-0.258192,4.911558,0.861159,0.037686,0.861983,-3.089,21.436208,175.440598
6,260,1786607886.54524,0,1,15.957379,13.667609,37.616578,13.098724,-4.907483,-0.200014,4.911558,0.862396,0.037011,0.86319,-3.100858,21.666669,176.161552
6,261,1786607886.58522,0,1,15.761218,13.656725,37.651122,13.10017,-4.904015,-0.272103,4.911558,0.863601,0.036155,0.864357,-3.086164,21.896978,175.367715
6,262,1786607886.62517,0,1,15.564931,13.648438,37.685713,13.101575,-4.907187,-0.207171,4.911558,0.864775,0.03513,0.865489,-3.0994,22.127541,176.166367
6,263,1786607886.66528,0,1,15.368786,13.637268,37.72035,13.102934,-4.903613,-0.279256,4.911558,0.865922,0.033953,0.866587,-3.084705,22.35795,175.37114
6,264,1786607886.70524,0,1,15.17252,13.628507,37.755032,13.104239,-4.906672,-0.219015,4.911558,0.867043,0.032634,0.867657,-3.096986,22.588597,176.114311
6,265,1786607886.74529,0,1,14.976405,13.616817,37.789758,13.105486,-4.902855,-0.292246,4.911558,0.86814,0.031185,0.8687,-3.082056,22.819082,175.304792
6,266,1786607886.7853,0,1,14.780156,13.607678,37.824526,13.106671,-4.90624,-0.228483,4.911558,0.869216,0.029617,0.869721,-3.095056,23.049816,176.088194
6,267,1786607886.82525,0,1,14.584064,13.59561,37.859337,13.107788,-4.902282,-0.301707,4.911558,0.870273,0.027939,0.870721,-3.080126,23.280384,175.277543
7,0,1786607899.01794,0,1,59.48,13.100032,29.003536,13.399995,-0.499999,0.000796,0.5,0.0884,-0.000137,0.0884,3.14,30.47794,0.47266
7,1,1786607899.09797,0,1,59.431536,13.101068,29.020016,13.399977,-0.641142,0.012385,0.641262,0.2452,-0.000215,0.2452,3.122278,30.412989,0.543517
7,1,1786607899.13806,0,1,59.431536,13.101068,29.03296,13.399972,-0.641142,0.012385,0.641262,0.3236,-0.000147,0.3236,3.122278,30.400045,0.543289
7,3,1786607899.21793,0,1,59.33765,13.102865,29.068028,13.39998,-0.852997,0.016228,0.853152,0.474691,0.000215,0.474691,3.12257,30.271081,0.527517
7,3,1786607899.25799,0,1,59.33765,13.102865,29.089699,13.4,-0.852997,0.016228,0.853152,0.541774,0.000492,0.541775,3.12257,30.249411,0.527077
7,5,1786607899.33798,0,1,59.218344,13.105182,29.140282,13.400081,-1.064827,0.020987,1.065034,0.660879,0.001211,0.66088,3.121885,30.079508,0.567404
7,5,1786607899.37799,0,1,59.218344,13.105182,29.168829,13.400147,-1.064827,0.020987,1.065034,0.713693,0.001645,0.713695,3.121885,30.050962,0.566745
7,6,1786607899.418,0,1,59.172927,13.106097,29.199329,13.400232,-1.135429,0.022867,1.135659,0.762489,0.002122,0.762492,3.121455,29.975041,0.591544
7,7,1786607899.45796,0,1,59.124686,13.107093,29.231633,13.400338,-1.206027,0.024902,1.206284,0.80759,0.00264,0.807594,3.120947,29.894491,0.620848
7,9,1786607899.53797,0,1,58.963021,13.110635,29.301119,13.400617,-1.41779,0.03199,1.418151,0.887864,0.003784,0.887872,3.119033,29.663319,0.732429
7,9,1786607899.57794,0,1,58.963021,13.110635,29.338061,13.400793,-1.41779,0.03199,1.418151,0.92356,0.004404,0.92357,3.119033,29.626381,0.73139
7,10,1786607899.618,0,1,58.903486,13.112023,29.376326,13.400995,-1.488367,0.034698,1.488771,0.956608,0.005053,0.956621,3.118284,29.528575,0.774754
7,11,1786607899.65798,0,1,58.841129,13.113526,29.415814,13.401224,-1.558937,0.037587,1.55939,0.98722,0.005728,0.987237,3.117486,29.426721,0.821012
7,12,1786607899.69798,0,1,58.775949,13.115153,29.456438,13.401481,-1.629501,0.040664,1.630008,1.015592,0.006426,1.015612,3.116643,29.320909,0.870006
7,13,1786607899.73797,0,1,58.707946,13.11691,29.498114,13.401767,-1.700058,0.043934,1.700625,1.041902,0.007147,1.041926,3.115756,29.211221,0.921609
7,14,1786607899.77798,0,1,58.637122,13.118806,29.540767,13.402083,-1.770606,0.047401,1.771241,1.066315,0.007888,1.066344,3.114828,29.097734,0.975714
7,16,1786607899.85798,0,1,58.407792,13.125407,29.628728,13.402805,-1.980432,0.058991,1.981311,1.110047,0.009423,1.110087,3.111814,28.780401,1.153923
7,16,1786607899.89797,0,1,58.407792,13.125407,29.673913,13.403214,-1.980432,0.058991,1.981311,1.129633,0.010214,1.129679,3.111814,28.735221,1.15224
7,17,1786607899.93801,0,1,58.325907,13.127934,29.719828,13.403655,-2.047126,0.06319,2.048101,1.147861,0.01102,1.147914,3.110735,28.607408,1.215783
7,18,1786607899.978,0,1,58.241434,13.130636,29.766402,13.404121,-2.111817,0.067541,2.112896,1.164359,0.011642,1.164417,3.109621,28.476345,1.281552
7,20,1786607900.05797,0,1,57.973119,13.139183,29.861281,13.4051,-2.296448,0.073215,2.297614,1.192708,0.012397,1.192772,3.109721,28.113096,1.284124
7,20,1786607900.09795,0,1,57.973119,13.139183,29.909473,13.405602,-2.296448,0.073215,2.297614,1.204804,0.012554,1.204869,3.109721,28.064911,1.282168
7,21,1786607900.13797,0,1,57.878923,13.142183,29.958099,13.406106,-2.354911,0.07501,2.356106,1.21566,0.012581,1.215726,3.109751,27.92207,1.282836
7,22,1786607900.17797,0,1,57.782446,13.145249,30.007115,13.406605,-2.411907,0.076632,2.413124,1.225377,0.012487,1.225441,3.109831,27.776561,1.280686
7,23,1786607900.21797,0,1,57.683747,13.148372,30.056476,13.407096,-2.467474,0.078092,2.46871,1.234045,0.012282,1.234106,3.109955,27.628482,1.276166
7,24,1786607900.258,0,1,57.582881,13.151547,30.106146,13.407575,-2.521651,0.079373,2.5229,1.241748,0.011975,1.241806,3.110126,27.477928,1.269015
7,25,1786607900.29798,0,1,57.479902,13.154766,30.156089,13.408038,-2.574475,0.08047,2.575732,1.248563,0.011574,1.248617,3.110346,27.324987,1.259233
7,27,1786607900.37792,0,1,57.158807,13.164608,30.256664,13.408903,-2.725188,0.082597,2.726439,1.259809,0.010521,1.259853,3.111293,26.903253,1.215745
7,27,1786607900.41799,0,1,57.158807,13.164608,30.307238,13.409298,-2.725188,0.082597,2.726439,1.264365,0.009882,1.264404,3.111293,26.852684,1.213922
7,28,1786607900.45794,0,1,57.047889,13.167925,30.35797,13.409665,-2.772955,0.082906,2.774194,1.268285,0.009176,1.268318,3.111704,26.691014,1.193583
7,29,1786607900.49792,0,1,56.935107,13.171245,30.408834,13.410001,-2.819541,0.083012,2.820763,1.27162,0.008408,1.271648,3.112159,26.527347,1.170714
7,30,1786607900.53797,0,1,56.820508,13.174562,30.459811,13.410305,-2.864979,0.082917,2.866178,1.274417,0.007584,1.27444,3.112659,26.361751,1.145388
7,31,1786607900.57794,0,1,56.704136,13.177867,30.51088,13.410573,-2.909298,0.082621,2.910471,1.276719,0.006708,1.276736,3.113201,26.19429,1.11769
7,32,1786607900.61796,0,1,56.586035,13.181152,30.562023,13.410804,-2.95253,0.082127,2.953672,1.278565,0.005784,1.278578,3.113784,26.025026,1.087715
7,33,1786607900.65795,0,1,56.466247,13.184409,30.613222,13.410997,-2.994702,0.081438,2.995809,1.279991,0.004817,1.280001,3.114405,25.854018,1.055564
7,34,1786607900.69794,0,1,56.344813,13.187632,30.664463,13.41115,-3.035843,0.080558,3.036912,1.281033,0.00381,1.281038,3.115063,25.681323,1.021343
7,35,1786607900.73795,0,1,56.221774,13.190811,30.715732,13.41126,-3.075982,0.079492,3.077009,1.281719,0.002765,1.281722,3.115756,25.506994,0.985163
7,36,1786607900.77793,0,1,56.097168,13.193941,30.767015,13.411328,-3.115144,0.078246,3.116126,1.282079,0.001688,1.28208,3.11648,25.331086,0.947138
7,38,1786607900.85794,0,1,55.714327,13.202963,30.869578,13.411329,-3.227026,0.073485,3.227863,1.281923,-0.000557,1.281923,3.118825,24.845623,0.823981
7,38,1786607900.89797,0,1,55.714327,13.202963,30.920836,13.41126,-3.227026,0.073485,3.227863,1.281452,-0.00172,1.281453,3.118825,24.794366,0.823147
7,40,1786607900.97796,0,1,55.318717,13.211694,31.023276,13.410977,-3.330535,0.077177,3.331429,1.280264,-0.004163,1.280271,3.118424,24.296258,0.857504
7,40,1786607901.01797,0,1,55.318717,13.211694,31.074476,13.410758,-3.330535,0.077177,3.331429,1.279983,-0.005485,1.279995,3.118424,24.245058,0.85703
7,41,1786607901.05797,0,1,55.184201,13.214922,31.125671,13.410483,-3.362898,0.080686,3.363866,1.279889,-0.006868,1.279907,3.117604,24.059325,0.908716
7,42,1786607901.09796,0,1,55.048436,13.218421,31.17687,13.410151,-3.394137,0.087478,3.395264,1.279966,-0.008305,1.279993,3.115825,23.872336,1.016194
7,43,1786607901.13798,0,1,54.91146,13.222155,31.228078,13.409759,-3.424379,0.093361,3.425651,1.280202,-0.009792,1.280239,3.114336,23.684125,1.107862
7,44,1786607901.17798,0,1,54.773317,13.226184,31.279301,13.409306,-3.453587,0.100712,3.455055,1.280582,-0.011325,1.280633,3.112439,23.494729,1.223786
7,45,1786607901.21797,0,1,54.634044,13.230506,31.330545,13.40879,-3.481826,0.108056,3.483502,1.281097,-0.012901,1.281162,3.110568,23.304181,1.339231
7,46,1786607901.25799,0,1,54.49368,13.235156,31.381815,13.408209,-3.509094,0.116254,3.511019,1.281734,-0.014514,1.281817,3.108475,23.112513,1.468479
7,47,1786607901.29796,0,1,54.352263,13.240144,31.433114,13.407563,-3.535434,0.124697,3.537633,1.282485,-0.016164,1.282587,3.106337,22.91976,1.601502
7,49,1786607901.37792,0,1,53.92205,13.25733,31.535819,13.406067,-3.609062,0.152853,3.612297,1.28429,-0.019555,1.284439,3.099265,22.386725,2.044507
7,49,1786607901.418,0,1,53.92205,13.25733,31.587232,13.405215,-3.609062,0.152853,3.612297,1.285329,-0.021292,1.285506,3.099265,22.335308,2.045815
7,50,1786607901.45801,0,1,53.776775,13.263847,31.63869,13.404293,-3.631888,0.162917,3.63554,1.286449,-0.023054,1.286656,3.096765,22.13853,2.204932
7,51,1786607901.49799,0,1,53.630619,13.270781,31.690196,13.403299,-3.653889,0.173336,3.657998,1.287643,-0.024838,1.287883,3.09419,21.940823,2.369939
7,52,1786607901.53798,0,1,53.483616,13.27814,31.741752,13.402234,-3.675091,0.183992,3.679694,1.288906,-0.026641,1.289182,3.09157,21.742217,2.539074
7,53,1786607901.57797,0,1,53.335795,13.285937,31.793362,13.401095,-3.695512,0.194928,3.700649,1.290233,-0.028463,1.290546,3.088894,21.542741,2.713108
7,54,1786607901.61806,0,1,53.187188,13.294179,31.845026,13.399883,-3.715174,0.206053,3.720884,1.291617,-0.030301,1.291972,3.086187,21.342424,2.890743
7,55,1786607901.65806,0,1,53.037824,13.302875,31.896707,13.398598,-3.734095,0.217397,3.740418,1.292028,-0.032129,1.292427,3.083439,21.141334,3.072538
7,56,1786607901.69807,0,1,52.887732,13.31203,31.948387,13.39724,-3.752299,0.228881,3.759273,1.291981,-0.033955,1.292427,3.080671,20.939519,3.257425
7,58,1786607901.77798,0,1,52.433364,13.342309,32.051739,13.394303,-3.80278,0.264151,3.811943,1.291879,-0.03763,1.292427,3.072241,20.381692,3.827365
7,58,1786607901.81804,0,1,52.433364,13.342309,32.103412,13.392724,-3.80278,0.264151,3.811943,1.291824,-0.039476,1.292427,3.072241,20.330015,3.831444
7,60,1786607901.89795,0,1,51.973407,13.37688,32.206751,13.389344,-3.847461,0.30011,3.859147,1.291706,-0.04318,1.292427,3.063748,19.76666,4.424026
7,60,1786607901.93803,0,1,51.973407,13.37688,32.258417,13.387543,-3.847461,0.30011,3.859147,1.291642,-0.045035,1.292427,3.063748,19.714993,4.429166
7,61,1786607901.97797,0,1,51.818961,13.389368,32.31008,13.385683,-3.861144,0.31221,3.873746,1.291591,-0.046477,1.292427,3.060909,19.508881,4.633674
7,62,1786607902.01807,0,1,51.663806,13.400129,32.361742,13.383782,-3.878886,0.269014,3.888203,1.291552,-0.047538,1.292427,3.07235,19.30207,4.015833
7,63,1786607902.05805,0,1,51.50815,13.411908,32.413403,13.381852,-3.891388,0.294481,3.902514,1.291526,-0.048251,1.292427,3.066062,19.09477,4.417793
7,64,1786607902.09805,0,1,51.35178,13.421556,32.465064,13.379906,-3.909257,0.241203,3.916691,1.291511,-0.048642,1.292427,3.07997,18.886762,3.657051
7,65,1786607902.13799,0,1,51.194895,13.431966,32.516724,13.377957,-3.922113,0.260235,3.930737,1.291508,-0.04874,1.292427,3.075339,18.678249,3.961718
7,66,1786607902.17799,0,1,51.037311,13.439937,32.568385,13.376014,-3.93962,0.199293,3.944658,1.291514,-0.048567,1.292427,3.091049,18.469037,3.094251
7,67,1786607902.21806,0,1,50.87925,13.449317,32.620046,13.374088,-3.951516,0.234498,3.958468,1.29153,-0.048145,1.292427,3.082318,18.259359,3.632222
7,68,1786607902.25805,0,1,50.72051,13.456142,32.671708,13.372188,-3.968493,0.170634,3.97216,1.291554,-0.047495,1.292427,3.098622,18.048997,2.728544
7,69,1786607902.29805,0,1,50.561251,13.463532,32.723372,13.370323,-3.981474,0.184747,3.985758,1.291585,-0.046635,1.292427,3.095224,17.838123,2.9561
7,70,1786607902.33805,0,1,50.401349,13.46821,32.775036,13.3685,-3.997545,0.116932,3.999255,1.291623,-0.045581,1.292427,3.11235,17.626595,1.999586
7,71,1786607902.37803,0,1,50.240963,13.474419,32.826703,13.366726,-4.009674,0.155246,4.012678,1.291666,-0.04435,1.292427,3.102894,17.414592,2.571587
7,72,1786607902.41807,0,1,50.079958,13.477787,32.878372,13.365007,-4.025123,0.084199,4.026004,1.291713,-0.042955,1.292427,3.120677,17.201956,1.574011
7,73,1786607902.45803,0,1,49.918446,13.482151,32.930042,13.363351,-4.037795,0.109078,4.039268,1.291763,-0.04141,1.292427,3.114585,16.988819,1.948095
7,74,1786607902.49799,0,1,49.756354,13.483524,32.981715,13.361762,-4.052307,0.034332,4.052453,1.291816,-0.039726,1.292427,3.133121,16.775081,0.901298
7,75,1786607902.53797,0,1,49.593754,13.486318,33.03339,13.360245,-4.064991,0.069862,4.065592,1.291871,-0.037915,1.292427,3.124408,16.560844,1.420781
7,76,1786607902.57798,0,1,49.430608,13.486091,33.085067,13.358806,-4.078652,-0.005685,4.078656,1.291926,-0.035986,1.292427,-3.140199,16.346037,0.366306
7,77,1786607902.61796,0,1,49.266945,13.487264,33.136746,13.357448,-4.091581,0.029316,4.091686,1.291981,-0.033949,1.292427,3.134428,16.130721,0.87162
7,78,1786607902.65804,0,1,49.102769,13.485378,33.188427,13.356176,-4.104381,-0.047137,4.104652,1.292035,-0.031812,1.292427,-3.130108,15.914866,0.192842
7,79,1786607902.69805,0,1,48.938067,13.484723,33.240107,13.354992,-4.117561,-0.016365,4.117593,1.291992,-0.029581,1.29233,-3.137618,15.698496,0.245771
7,80,1786607902.73806,0,1,48.772891,13.480938,33.29178,13.353902,-4.129399,-0.094625,4.130483,1.291814,-0.027263,1.292102,-3.118682,15.481633,0.842547
7,81,1786607902.77798,0,1,48.607174,13.47853,33.34344,13.352907,-4.142921,-0.060218,4.143358,1.291515,-0.024864,1.291754,-3.127059,15.264251,0.3612
7,83,1786607902.85796,0,1,48.107203,13.461376,33.446708,13.351217,-4.177719,-0.184702,4.1818,1.290586,-0.019854,1.290739,-3.09741,14.66091,2.10096
7,83,1786607902.89805,0,1,48.107203,13.461376,33.498307,13.350527,-4.177719,-0.184702,4.1818,1.289975,-0.017254,1.29009,-3.09741,14.609317,2.096733
7,84,1786607902.93807,0,1,47.939528,13.455362,33.549878,13.349943,-4.191894,-0.150347,4.19459,1.289275,-0.014598,1.289358,-3.105742,14.390036,1.634359
7,86,1786607903.01794,0,1,47.433776,13.430947,33.652982,13.349057,-4.227671,-0.182836,4.231623,1.288742,-0.009972,1.28878,-3.098372,13.781037,2.135888
7,86,1786607903.058,0,1,47.433776,13.430947,33.704537,13.348739,-4.227671,-0.182836,4.231623,1.288862,-0.007966,1.288887,-3.098372,13.729485,2.133279
7,87,1786607903.09794,0,1,47.264244,13.422849,33.756105,13.348493,-4.238292,-0.202456,4.243125,1.289213,-0.006144,1.289228,-3.093861,13.508343,2.419465
7,88,1786607903.13804,0,1,47.094199,13.416359,33.807696,13.348313,-4.251132,-0.162253,4.254227,1.289777,-0.004492,1.289784,-3.103444,13.286677,1.892316
7,89,1786607903.17799,0,1,46.923839,13.407361,33.859318,13.348193,-4.258999,-0.224948,4.264935,1.290535,-0.002995,1.290539,-3.088825,13.064655,2.763909
7,90,1786607903.21793,0,1,46.752969,13.400424,33.910977,13.348128,-4.271748,-0.173433,4.275267,1.291474,-0.001642,1.291475,-3.101015,12.842099,2.091611
7,91,1786607903.25795,0,1,46.581718,13.393073,33.962674,13.348111,-4.281277,-0.183768,4.285219,1.292427,-0.000421,1.292427,-3.098695,12.619124,2.253696
7,92,1786607903.29795,0,1,46.410024,13.38724,34.014371,13.348138,-4.292333,-0.145823,4.29481,1.292427,0.000677,1.292427,-3.107633,12.395715,1.765015
7,93,1786607903.33795,0,1,46.238058,13.379032,34.066068,13.348204,-4.299156,-0.205194,4.30405,1.292426,0.001661,1.292427,-3.0939,12.172029,2.587475
7,95,1786607903.41809,0,1,45.720071,13.361132,34.169462,13.348439,-4.323663,-0.118329,4.325282,1.292423,0.003322,1.292427,-3.114232,11.550616,1.504706
7,95,1786607903.45818,0,1,45.720071,13.361132,34.221159,13.3486,-4.323663,-0.118329,4.325282,1.292421,0.004015,1.292427,-3.114232,11.498919,1.505223
7,96,1786607903.49812,0,1,45.546989,13.354225,34.272855,13.348785,-4.327043,-0.172696,4.330488,1.292419,0.004625,1.292427,-3.101703,11.274135,2.257867
7,97,1786607903.53822,0,1,45.373644,13.349898,34.324552,13.348991,-4.333646,-0.108157,4.334995,1.292417,0.00516,1.292427,-3.11664,11.049092,1.424958
7,98,1786607903.57825,0,1,45.200217,13.343395,34.376249,13.349216,-4.335667,-0.162587,4.338714,1.292415,0.005624,1.292427,-3.10411,10.82397,2.178387
7,99,1786607903.61818,0,1,45.026598,13.339481,34.427945,13.349457,-4.340482,-0.097848,4.341585,1.292413,0.006023,1.292427,-3.119053,10.598657,1.345334
7,100,1786607903.65826,0,1,44.852966,13.333389,34.479642,13.349711,-4.340789,-0.152294,4.343459,1.292411,0.006364,1.292427,-3.106523,10.373337,2.099515
7,101,1786607903.69817,0,1,44.679231,13.329892,34.531338,13.349977,-4.343365,-0.087417,4.344245,1.29241,0.006649,1.292427,-3.121469,10.147913,1.266407
7,102,1786607903.73826,0,1,44.505577,13.32422,34.583034,13.350253,-4.341373,-0.141817,4.343689,1.292409,0.006884,1.292427,-3.108938,9.922576,2.021304
7,103,1786607903.77818,0,1,44.331938,13.321145,34.634731,13.350536,-4.340953,-0.07688,4.341634,1.292408,0.007072,1.292427,-3.123884,9.697252,1.188275
7,104,1786607903.81827,0,1,44.158513,13.315899,34.686427,13.350824,-4.335634,-0.131146,4.337617,1.292407,0.007218,1.292427,-3.111353,9.47215,1.943837
7,105,1786607903.85826,0,1,43.98528,13.313249,34.738123,13.351117,-4.33082,-0.066253,4.331327,1.292406,0.007325,1.292427,-3.126296,9.247235,1.111084
7,106,1786607903.89826,0,1,43.812476,13.308439,34.789819,13.351413,-4.320095,-0.120244,4.321768,1.292406,0.007396,1.292427,-3.113766,9.022759,1.867228
7,107,1786607903.93821,0,1,43.640318,13.300891,34.841516,13.351711,-4.303955,-0.188696,4.308089,1.292406,0.007434,1.292427,-3.097778,8.798949,2.841296
7,108,1786607903.97818,0,1,43.469113,13.290048,34.893212,13.352006,-4.280129,-0.271086,4.288705,1.292406,0.007398,1.292427,-3.078341,8.576125,4.037987
7,109,1786607904.0183,0,1,43.299326,13.27539,34.944908,13.352298,-4.244669,-0.366447,4.260458,1.292406,0.007294,1.292427,-3.055475,8.354772,5.461604
7,110,1786607904.05823,0,1,43.131608,13.256464,34.996604,13.352583,-4.192956,-0.473155,4.219568,1.292407,0.007128,1.292427,-3.029223,8.135571,7.115271
7,112,1786607904.13804,0,1,42.640584,13.169269,35.099997,13.353125,-4.040842,-0.865275,4.132446,1.29241,0.00663,1.292427,-2.930646,7.542828,13.483071
7,112,1786607904.17824,0,1,42.640584,13.169269,35.151694,13.353377,-4.040842,-0.865275,4.132446,1.292412,0.006307,1.292427,-2.930646,7.491153,13.494637
7,113,1786607904.21817,0,1,42.480579,13.130841,35.20339,13.353615,-4.000109,-0.960706,4.113858,1.292413,0.005939,1.292427,-2.905887,7.280598,15.258374
7,114,1786607904.25822,0,1,42.322134,13.088674,35.255087,13.353836,-3.961139,-1.054176,4.099013,1.292415,0.005531,1.292427,-2.881492,7.07202,17.051468
7,115,1786607904.29826,0,1,42.165211,13.042798,35.306783,13.354039,-3.923062,-1.146887,4.087269,1.292417,0.005085,1.292427,-2.857174,6.865487,18.894359
7,116,1786607904.33822,0,1,42.009798,12.993242,35.35848,13.354223,-3.885324,-1.238891,4.078063,1.292419,0.004605,1.292427,-2.83292,6.661107,20.79214
7,117,1786607904.37819,0,1,41.8559,12.940034,35.410177,13.354387,-3.847456,-1.330208,4.070918,1.292421,0.004094,1.292427,-2.808721,6.459027,22.750268
7,118,1786607904.41827,0,1,41.702559,12.885572,35.461874,13.354529,-3.83352,-1.361559,4.068134,1.292422,0.003553,1.292427,-2.800318,6.258281,23.851036
7,119,1786607904.45828,0,1,41.549598,12.830354,35.513571,13.354649,-3.824029,-1.380455,4.065569,1.292424,0.002986,1.292427,-2.795157,6.058755,24.813626
7,120,1786607904.49827,0,1,41.396832,12.774873,35.565268,13.354745,-3.819164,-1.38702,4.06323,1.292425,0.002394,1.292427,-2.79323,5.860323,25.638323
7,121,1786607904.53828,0,1,41.244028,12.719604,35.616965,13.354816,-3.820098,-1.381721,4.062302,1.292426,0.001779,1.292427,-2.794535,5.662802,26.325521
7,122,1786607904.57827,0,1,41.09096,12.665023,35.668662,13.354861,-3.826703,-1.364532,4.062709,1.292427,0.001143,1.292427,-2.799066,5.466003,26.875672
7,123,1786607904.61826,0,1,40.937409,12.611609,35.720359,13.354881,-3.838775,-1.335348,4.0644,1.292427,0.000488,1.292427,-2.806827,5.269731,27.28899
7,124,1786607904.65827,0,1,40.783168,12.559849,35.772056,13.354874,-3.856026,-1.293988,4.067351,1.292427,-0.000185,1.292427,-2.817825,5.073786,27.565471
7,125,1786607904.69816,0,1,40.628045,12.510241,35.823753,13.354839,-3.878071,-1.240197,4.07155,1.292427,-0.000875,1.292427,-2.832073,4.877967,27.704894
7,126,1786607904.73827,0,1,40.471868,12.463295,35.87545,13.354775,-3.904419,-1.173649,4.077001,1.292426,-0.00158,1.292427,-2.84959,4.682071,27.706824
7,127,1786607904.77829,0,1,40.31449,12.419537,35.927147,13.354683,-3.934459,-1.093953,4.083711,1.292425,-0.002299,1.292427,-2.870399,4.485897,27.570599
7,129,1786607904.85812,0,1,39.83833,12.295438,36.030541,13.354411,-3.989742,-0.986387,4.109866,1.292422,-0.003777,1.292427,-2.899222,3.952301,29.428431
7,129,1786607904.8982,0,1,39.83833,12.295438,36.082238,13.35423,-3.989742,-0.986387,4.109866,1.292419,-0.004533,1.292427,-2.899222,3.90247,29.629234
7,130,1786607904.93829,0,1,39.678564,12.254985,36.13393,13.354018,-3.994151,-1.011331,4.120198,1.292307,-0.005299,1.292318,-2.893602,3.711106,31.435162
7,131,1786607904.97827,0,1,39.517542,12.217923,36.185618,13.353778,-4.025569,-0.92656,4.130826,1.292188,-0.005984,1.292202,-2.915364,3.520211,31.786235
7,132,1786607905.01827,0,1,39.356264,12.179852,36.2373,13.353515,-4.03193,-0.951778,4.142746,1.292063,-0.006593,1.29208,-2.909776,3.33248,33.903367
7,133,1786607905.05827,0,1,39.194521,12.141583,36.288977,13.353229,-4.04359,-0.956724,4.15523,1.291932,-0.007132,1.291951,-2.909262,3.148058,35.94827
7,134,1786607905.09829,0,1,39.031858,12.104949,36.340649,13.352925,-4.066563,-0.915836,4.168416,1.291795,-0.007608,1.291818,-2.920077,2.966488,37.570151
7,135,1786607905.1382,0,1,38.868854,12.06727,36.392315,13.352604,-4.075099,-0.941976,4.182553,1.291654,-0.008024,1.291679,-2.914428,2.79022,40.445052
7,136,1786607905.17826,0,1,38.704619,12.032421,36.443976,13.352269,-4.105881,-0.871221,4.197295,1.291509,-0.008386,1.291536,-2.932505,2.617729,42.257784
7,137,1786607905.21812,0,1,38.540068,11.996036,36.49563,13.351921,-4.113782,-0.909639,4.213151,1.291359,-0.008698,1.291388,-2.923974,2.453192,46.021214
7,138,1786607905.25828,0,1,38.374247,11.962472,36.547278,13.351562,-4.14553,-0.8391,4.229599,1.291205,-0.008963,1.291236,-2.94188,2.295079,48.689336
7,139,1786607905.29827,0,1,38.208036,11.927318,36.59892,13.351195,-4.155266,-0.878846,4.247188,1.291048,-0.009186,1.291081,-2.933163,2.148646,53.447189
7,140,1786607905.33827,0,1,38.040479,11.895144,36.650556,13.35082,-4.188913,-0.804352,4.265439,1.290888,-0.00937,1.290922,-2.951883,2.01268,57.193271
7,141,1786607905.37829,0,1,37.872235,11.862426,36.702185,13.350439,-4.2061,-0.817936,4.284891,1.290725,-0.009518,1.29076,-2.949525,1.892935,62.826047
7,142,1786607905.41829,0,1,37.702703,11.832998,36.753807,13.350054,-4.238305,-0.735698,4.301684,1.290559,-0.009633,1.290595,-2.969722,1.789375,67.822071
7,143,1786607905.4582,0,1,37.531882,11.807502,36.805423,13.349665,-4.270538,-0.637416,4.317846,1.29039,-0.009717,1.290427,-2.993428,1.704703,73.265757
7,145,1786607905.53828,0,1,37.012185,11.761254,36.908633,13.348882,-4.358437,-0.242346,4.365169,1.290046,-0.009802,1.290084,-3.086046,1.591002,89.450799
7,145,1786607905.57824,0,1,37.012185,11.761254,36.960228,13.34849,-4.358437,-0.242346,4.365169,1.289872,-0.009809,1.289909,-3.086046,1.588086,91.307721
7,146,1786607905.61827,0,1,36.837166,11.752696,37.011816,13.348098,-4.375476,-0.213959,4.380704,1.289695,-0.009793,1.289732,-3.092732,1.604934,99.046841
7,147,1786607905.65828,0,1,36.6614,11.748254,37.063397,13.347708,-4.394155,-0.111036,4.395558,1.289517,-0.009756,1.289554,-3.116329,1.649198,105.555639
7,148,1786607905.69827,0,1,36.485039,11.744568,37.11497,13.34732,-4.40902,-0.092164,4.409983,1.289337,-0.009702,1.289373,-3.120692,1.7221,112.653854
7,150,1786607905.77804,0,1,35.952638,11.74695,37.218095,13.346553,-4.449268,0.060014,4.449673,1.288973,-0.009542,1.289008,3.128105,2.039635,127.574973
7,150,1786607905.81829,0,1,35.952638,11.74695,37.269647,13.346175,-4.449268,0.060014,4.449673,1.288789,-0.00944,1.288824,3.128105,2.071723,128.699655
7,152,1786607905.8981,0,1,35.416498,11.76197,37.372728,13.345435,-4.475206,0.157904,4.477991,1.288419,-0.009198,1.288452,3.106323,2.516782,138.990864
7,152,1786607905.93811,0,1,35.416498,11.76197,37.424257,13.345072,-4.475206,0.157904,4.477991,1.288232,-0.009059,1.288264,3.106323,2.556816,139.723703
7,153,1786607905.97807,0,1,35.237159,11.768098,37.47578,13.34472,-4.483492,0.153208,4.486109,1.288087,-0.008808,1.288117,3.107434,2.738095,142.886517
7,154,1786607906.0181,0,1,35.057678,11.778126,37.5273,13.344382,-4.487016,0.250682,4.494013,1.287979,-0.008455,1.288007,3.085782,2.924413,144.419076
7,155,1786607906.0581,0,1,34.877842,11.787304,37.578816,13.344061,-4.495912,0.229459,4.501764,1.287906,-0.008007,1.287931,3.0906,3.117492,147.120511
7,156,1786607906.09812,0,1,34.697713,11.796667,37.63033,13.343762,-4.503215,0.234075,4.509294,1.287865,-0.007471,1.287887,3.08966,3.315682,149.210687
7,158,1786607906.17807,0,1,34.156167,11.83401,37.733359,13.343242,-4.516448,0.360507,4.530813,1.287869,-0.006168,1.287884,3.061941,3.882536,152.561211
7,158,1786607906.2181,0,1,34.156167,11.83401,37.784876,13.343025,-4.516448,0.360507,4.530813,1.28791,-0.005412,1.287921,3.061941,3.929969,152.856077
7,159,1786607906.2581,0,1,33.975131,11.847074,37.836395,13.342841,-4.525901,0.326589,4.537669,1.287973,-0.004594,1.287981,3.069557,4.140855,154.69743
7,160,1786607906.29809,0,1,33.793977,11.862071,37.887917,13.342693,-4.528851,0.37493,4.544344,1.288057,-0.003719,1.288063,3.058994,4.353457,155.384322
7,161,1786607906.33805,0,1,33.612424,11.875311,37.939443,13.342581,-4.538822,0.331007,4.550876,1.288161,-0.002792,1.288164,3.068794,4.569024,157.097399
7,162,1786607906.37807,0,1,33.430883,11.891815,37.990975,13.342508,-4.538532,0.412587,4.557247,1.288283,-0.001818,1.288285,3.050934,4.785285,157.158331
7,163,1786607906.41812,0,1,33.248939,11.90656,38.042512,13.342476,-4.548579,0.368624,4.563491,1.288421,-0.000799,1.288422,3.060728,5.004017,158.691178
7,165,1786607906.4981,0,1,32.702535,11.96038,38.145604,13.342541,-4.55529,0.488566,4.581415,1.288742,0.001354,1.288743,3.034749,5.615814,159.630292
7,165,1786607906.53811,0,1,32.702535,11.96038,38.197161,13.34264,-4.55529,0.488566,4.581415,1.288922,0.002482,1.288924,3.034749,5.665823,159.757638
7,166,1786607906.57811,0,1,32.519913,11.978162,38.248726,13.342786,-4.565565,0.444541,4.587157,1.289114,0.003641,1.289119,3.04453,5.8891,161.040367
7,167,1786607906.61811,0,1,32.337415,11.999236,38.300298,13.342979,-4.562452,0.526861,4.592771,1.289316,0.004828,1.289326,3.026624,6.112416,160.713269
7,168,1786607906.6581,0,1,32.1545,12.018549,38.35188,13.34322,-4.572876,0.482812,4.598293,1.289529,0.006041,1.289543,3.036401,6.337371,161.907692
7,170,1786607906.7381,0,1,31.605586,12.086173,38.455069,13.343853,-4.57453,0.603998,4.614232,1.289981,0.008533,1.290009,3.010317,6.963991,162.073894
7,170,1786607906.77811,0,1,31.605586,12.086173,38.506678,13.344245,-4.57453,0.603998,4.614232,1.290219,0.009808,1.290256,3.010317,7.014827,162.14687
7,171,1786607906.8181,0,1,31.422174,12.10857,38.558296,13.344689,-4.58531,0.559918,4.61937,1.290464,0.011101,1.290512,3.020083,7.242391,163.210741
7,172,1786607906.85805,0,1,31.238994,12.134283,38.609925,13.345186,-4.579512,0.642819,4.624407,1.290716,0.01241,1.290775,3.002135,7.469733,162.68042
7,173,1786607906.89807,0,1,31.055374,12.158232,38.661564,13.345735,-4.590497,0.598732,4.629378,1.290973,0.013733,1.291046,3.011896,7.69833,163.695378
7,174,1786607906.93811,0,1,30.872021,12.185504,38.713213,13.346338,-4.583827,0.681795,4.634254,1.291236,0.015068,1.291324,2.993936,7.926653,163.118819
7,175,1786607906.9781,0,1,30.688219,12.211012,38.764881,13.346976,-4.595032,0.637705,4.639071,1.291693,0.015957,1.291791,3.003692,8.156156,164.092874
7,176,1786607907.0181,0,1,30.504473,12.238241,38.816574,13.347633,-4.593654,0.68072,4.643818,1.292323,0.016433,1.292427,2.994476,8.385808,163.968673
7,177,1786607907.0581,0,1,30.320232,12.263322,38.868267,13.348294,-4.606032,0.627029,4.648516,1.292321,0.01652,1.292427,3.006292,8.616615,165.014179
7,178,1786607907.09802,0,1,30.13623,12.291359,38.91996,13.348944,-4.600058,0.700916,4.653151,1.292325,0.016257,1.292427,2.990385,8.847169,164.470889
7,179,1786607907.13808,0,1,29.951898,12.317221,38.971653,13.349571,-4.608277,0.646553,4.653413,1.292332,0.015672,1.292427,3.0022,9.078641,165.484051
7,181,1786607907.2181,0,1,29.398289,12.390185,39.075041,13.350708,-4.616781,0.582736,4.653413,1.292355,0.01364,1.292427,3.016035,9.724307,167.137427
7,181,1786607907.25809,0,1,29.398289,12.390185,39.126736,13.351198,-4.616781,0.582736,4.653413,1.292369,0.01224,1.292427,3.016035,9.775798,167.164499
7,182,1786607907.2981,0,1,29.213936,12.415893,39.178431,13.351623,-4.608816,0.642699,4.653413,1.292383,0.010612,1.292427,3.003036,10.008334,166.696601
7,183,1786607907.33809,0,1,29.029225,12.438883,39.230127,13.351974,-4.61778,0.574765,4.653413,1.292397,0.008776,1.292427,3.017762,10.241686,167.790056
7,184,1786607907.3781,0,1,28.844828,12.464273,39.281823,13.352244,-4.609919,0.634741,4.653413,1.292409,0.00675,1.292427,3.004763,10.474701,167.297262
7,185,1786607907.41807,0,1,28.660077,12.486945,39.33352,13.352426,-4.618766,0.566791,4.653413,1.292419,0.004551,1.292427,3.019488,10.708475,168.368111
7,187,1786607907.4981,0,1,28.106364,12.559121,39.436914,13.352501,-4.612083,0.618819,4.653413,1.292427,-0.000308,1.292427,3.008216,11.358293,168.352678
7,187,1786607907.5381,0,1,28.106364,12.559121,39.488611,13.352384,-4.612083,0.618819,4.653413,1.292424,-0.002939,1.292427,3.008216,11.409856,168.3714
7,188,1786607907.57809,0,1,27.921536,12.581155,39.540308,13.352156,-4.620695,0.55084,4.653413,1.292415,-0.00569,1.292427,3.022941,11.644324,169.405288
7,189,1786607907.61811,0,1,27.737011,12.605589,39.592003,13.351814,-4.613145,0.610856,4.653413,1.292399,-0.008547,1.292427,3.009942,11.878456,168.855193
7,190,1786607907.6581,0,1,27.552145,12.627303,39.643699,13.351354,-4.621639,0.542862,4.653413,1.292376,-0.011501,1.292427,3.024668,12.113212,169.873869
7,191,1786607907.6981,0,1,27.367577,12.651419,39.695392,13.350772,-4.614192,0.60289,4.653413,1.292345,-0.014542,1.292427,3.011669,12.347636,169.309011
7,192,1786607907.7381,0,1,27.182675,12.672814,39.747085,13.350066,-4.62257,0.534882,4.653413,1.292306,-0.017661,1.292427,3.026394,12.58265,170.314214
7,194,1786607907.81811,0,1,26.628476,12.741166,39.850463,13.348268,-4.616247,0.586954,4.653413,1.292202,-0.0241,1.292427,3.015122,13.235917,170.124787
7,194,1786607907.85809,0,1,26.628476,12.741166,39.902149,13.347172,-4.616247,0.586954,4.653413,1.292136,-0.027406,1.292427,3.015122,13.287499,170.139732
7,195,1786607907.8981,0,1,26.443501,12.761922,39.953831,13.345941,-4.624389,0.518917,4.653413,1.292061,-0.03076,1.292427,3.029847,13.522947,171.122226
7,196,1786607907.93804,0,1,26.258811,12.785082,40.00551,13.344575,-4.617253,0.578984,4.653413,1.291976,-0.034157,1.292427,3.016848,13.75808,170.521997
7,197,1786607907.97811,0,1,26.073799,12.805519,40.057186,13.34309,-4.625278,0.510933,4.653413,1.291894,-0.03712,1.292427,3.031573,13.993716,171.494793
7,198,1786607908.01807,0,1,25.88907,12.828359,40.108858,13.341503,-4.618246,0.571011,4.653413,1.291818,-0.039686,1.292427,3.018574,14.229045,170.884867
7,199,1786607908.0581,0,1,25.704023,12.848477,40.160528,13.339827,-4.626153,0.502946,4.653413,1.291748,-0.041886,1.292427,3.0333,14.464853,171.848653
7,200,1786607908.09806,0,1,25.519254,12.870999,40.212196,13.338077,-4.619225,0.563037,4.653413,1.291686,-0.043752,1.292427,3.020301,14.700364,171.229718
7,201,1786607908.1381,0,1,25.334174,12.890797,40.263861,13.336265,-4.627015,0.494959,4.653413,1.291633,-0.045312,1.292427,3.035026,14.936332,172.185133
7,202,1786607908.1781,0,1,25.149366,12.912999,40.315525,13.334401,-4.62019,0.555062,4.653413,1.291587,-0.04659,1.292427,3.022027,15.172012,171.557826
7,203,1786607908.21808,0,1,24.964252,12.932478,40.367187,13.332497,-4.627862,0.48697,4.653413,1.29155,-0.04761,1.292427,3.036753,15.408128,172.505467
7,204,1786607908.25811,0,1,24.779406,12.954362,40.418847,13.330561,-4.621141,0.547084,4.653413,1.291521,-0.048394,1.292427,3.023754,15.643965,171.870379
7,205,1786607908.2981,0,1,24.594269,12.97352,40.470507,13.328603,-4.628419,0.478951,4.653134,1.291499,-0.04896,1.292427,3.038479,15.880208,172.810793
7,206,1786607908.3381,0,1,24.409439,12.995078,40.522167,13.326629,-4.620749,0.53895,4.652074,1.291485,-0.049328,1.292427,3.02548,16.116138,172.168448
7,207,1786607908.3781,0,1,24.224385,13.013904,40.573826,13.324649,-4.626362,0.47067,4.650243,1.291478,-0.049514,1.292427,3.040205,16.352394,173.102059
7,209,1786607908.45804,0,1,23.670402,13.074475,40.677144,13.320692,-4.610948,0.521682,4.640366,1.291483,-0.049398,1.292427,3.028932,17.008524,172.715561
7,209,1786607908.4981,0,1,23.670402,13.074475,40.728804,13.318727,-4.610948,0.521682,4.640366,1.291493,-0.049123,1.292427,3.028932,17.06015,172.724671
7,211,1786607908.57806,0,1,23.117674,13.130884,40.832126,13.31485,-4.602907,0.444293,4.6243,1.291528,-0.048197,1.292427,3.045366,17.715407,173.891635
7,211,1786607908.61809,0,1,23.117674,13.130884,40.883788,13.312947,-4.602907,0.444293,4.6243,1.291551,-0.047566,1.292427,3.045366,17.767047,173.899501
7,212,1786607908.6581,0,1,22.934068,13.151017,40.935451,13.311074,-4.590145,0.503334,4.617659,1.291578,-0.046837,1.292427,3.032374,18.002094,173.232786
7,213,1786607908.6981,0,1,22.750475,13.168421,40.987115,13.309233,-4.58982,0.435101,4.610397,1.291608,-0.046017,1.292427,3.047078,18.237184,174.14232
7,214,1786607908.7381,0,1,22.567436,13.188175,41.038781,13.307429,-4.57597,0.49384,4.60254,1.291639,-0.045114,1.292427,3.034088,18.471729,173.470553
7,215,1786607908.77811,0,1,22.385088,13.210936,41.090448,13.305663,-4.55872,0.569021,4.594095,1.291673,-0.044134,1.292427,3.017415,18.7056,172.594969
7,217,1786607908.8581,0,1,21.839238,13.269951,41.193786,13.302261,-4.537104,0.507796,4.565432,1.291745,-0.041972,1.292427,3.030136,19.354575,173.518344
7,217,1786607908.8981,0,1,21.839238,13.269951,41.245457,13.300629,-4.537104,0.507796,4.565432,1.291783,-0.040801,1.292427,3.030136,19.406243,173.523417
7,219,1786607908.97812,0,1,21.29673,13.324684,41.348804,13.297516,-4.512874,0.430471,4.533358,1.291861,-0.038263,1.292427,3.046493,20.052092,174.628823
7,219,1786607909.01804,0,1,21.29673,13.324684,41.40048,13.296041,-4.512874,0.430471,4.533358,1.291901,-0.036869,1.292427,3.046493,20.103771,174.632827
7,220,1786607909.05802,0,1,21.116832,13.344202,41.452158,13.294625,-4.497445,0.487953,4.523838,1.291942,-0.0354,1.292427,3.03352,20.335386,173.947571
7,221,1786607909.09801,0,1,20.937016,13.36105,41.503837,13.29327,-4.495398,0.421201,4.515087,1.291983,-0.033864,1.292427,3.048169,20.566933,174.836064
7,222,1786607909.13801,0,1,20.757752,13.380195,41.555518,13.29198,-4.481607,0.478617,4.507092,1.292024,-0.032265,1.292427,3.0352,20.797953,174.14718
7,223,1786607909.17798,0,1,20.578516,13.396687,41.607201,13.290755,-4.480899,0.412293,4.499826,1.292065,-0.03061,1.292427,3.04984,21.028951,175.031575
7,224,1786607909.2181,0,1,20.39977,13.415474,41.658885,13.289599,-4.468662,0.469671,4.493277,1.292104,-0.028902,1.292427,3.036874,21.259488,174.339296
7,225,1786607909.25802,0,1,20.221001,13.431622,41.710571,13.288513,-4.469222,0.403712,4.487419,1.292142,-0.027146,1.292427,3.051505,21.490046,175.219938
7,226,1786607909.2981,0,1,20.042174,13.444495,41.762258,13.287499,-4.470673,0.321814,4.482241,1.292178,-0.025346,1.292427,3.069733,21.720651,176.296894
7,227,1786607909.33808,0,1,19.863655,13.45903,41.813946,13.286559,-4.462973,0.363386,4.477742,1.292213,-0.023506,1.292427,3.060349,21.950969,175.79529
7,228,1786607909.3781,0,1,19.685494,13.475864,41.865636,13.285694,-4.454033,0.420835,4.47387,1.292246,-0.021629,1.292427,3.047388,22.180958,175.093716
7,229,1786607909.41812,0,1,19.507235,13.49008,41.917327,13.284905,-4.456468,0.355415,4.470618,1.292277,-0.019719,1.292427,3.062008,22.411032,175.964716
7,230,1786607909.4581,0,1,19.329281,13.506596,41.969019,13.284194,-4.448858,0.412894,4.467977,1.292305,-0.017778,1.292427,3.049049,22.640831,175.260451
7,231,1786607909.4981,0,1,19.151186,13.520503,42.020713,13.283562,-4.452372,0.347664,4.465925,1.29233,-0.015809,1.292427,3.063666,22.870754,176.1287
7,233,1786607909.57806,0,1,18.617506,13.566223,42.124102,13.282537,-4.445408,0.397717,4.463164,1.292373,-0.011795,1.292427,3.052363,23.508307,175.578972
7,233,1786607909.61809,0,1,18.617506,13.566223,42.175797,13.282147,-4.445408,0.397717,4.463164,1.29239,-0.009756,1.292427,3.052363,23.560004,175.578403
7,235,1786607909.69807,0,1,18.083463,13.608169,42.27919,13.281615,-4.453285,0.325485,4.465164,1.292415,-0.00562,1.292427,3.068634,24.19793,176.592998
7,235,1786607909.73811,0,1,18.083463,13.608169,42.330887,13.281473,-4.453285,0.325485,4.465164,1.292422,-0.003527,1.292427,3.068634,24.249625,176.591683
7,236,1786607909.77806,0,1,17.905084,13.617947,42.382584,13.281417,-4.459486,0.244455,4.466181,1.292426,-0.00142,1.292427,3.086831,24.479814,177.650054
7,237,1786607909.8181,0,1,17.726468,13.623837,42.434281,13.281445,-4.465404,0.147261,4.467831,1.292427,0.000701,1.292427,3.108626,24.710186,178.905113
7,238,1786607909.85811,0,1,17.547667,13.625187,42.485978,13.281558,-4.470021,0.033751,4.470149,1.292424,0.002834,1.292427,3.134042,24.940679,179.643172
7,240,1786607909.9381,0,1,17.01104,13.601043,42.589371,13.282042,-4.473321,-0.264662,4.481143,1.292407,0.00713,1.292427,-3.082497,25.58032,175.899537
7,240,1786607909.97811,0,1,17.01104,13.601043,42.641067,13.282401,-4.473321,-0.264662,4.481143,1.292396,0.008956,1.292427,-3.082497,25.632008,175.901779
7,241,1786607910.0181,0,1,16.831949,13.590212,42.692762,13.28282,-4.47727,-0.270769,4.485451,1.292385,0.010481,1.292427,-3.08119,25.86264,175.858165
7,243,1786607910.09794,0,1,16.293395,13.562636,42.796152,13.283798,-4.493946,-0.193265,4.4981,1.292364,0.012723,1.292427,-3.098613,26.504224,176.934684
7,243,1786607910.13804,0,1,16.293395,13.562636,42.847846,13.284337,-4.493946,-0.193265,4.4981,1.292357,0.013483,1.292427,-3.098613,26.55591,176.937021
7,245,1786607910.21811,0,1,15.753309,13.535956,42.951234,13.285473,-4.503436,-0.249828,4.510361,1.292347,0.014374,1.292427,-3.086174,27.199079,176.297109
7,245,1786607910.2581,0,1,15.753309,13.535956,43.002928,13.286055,-4.503436,-0.249828,4.510361,1.292345,0.014539,1.292427,-3.086174,27.250765,176.299333
7,246,1786607910.2981,0,1,15.572905,13.528078,43.054622,13.286636,-4.510091,-0.196945,4.514389,1.292345,0.014537,1.292427,-3.097953,27.482777,176.996252
7,248,1786607910.3781,0,1,15.030524,13.510439,43.15801,13.287775,-4.524674,-0.120189,4.52627,1.29235,0.014085,1.292427,-3.115036,28.128366,178.02485
7,248,1786607910.41807,0,1,15.030524,13.510439,43.209704,13.288321,-4.524674,-0.120189,4.52627,1.292355,0.013658,1.292427,-3.115036,28.180055,178.026792
7,250,1786607910.4981,0,1,14.486761,13.492051,43.313093,13.289344,-4.534705,-0.170333,4.537903,1.292367,0.012457,1.292427,-3.104048,28.827045,177.445971
7,250,1786607910.53811,0,1,14.486761,13.492051,43.364788,13.289812,-4.534705,-0.170333,4.537903,1.292374,0.011702,1.292427,-3.104048,28.878735,177.44762
8,0,1786607914.11795,0,1,59.48,13.100032,29.003536,13.399986,-0.499999,0.000796,0.5,0.088399,-0.000354,0.0884,3.14,30.47794,0.472643
8,0,1786607914.15804,0,1,59.48,13.100032,29.010208,13.399955,-0.499999,0.000796,0.5,0.166798,-0.000759,0.1668,3.14,30.471268,0.47271
8,1,1786607914.19802,0,1,59.457183,13.100635,29.020016,13.399907,-0.570427,0.015067,0.570626,0.245197,-0.001217,0.2452,3.115186,30.438638,0.949662
8,2,1786607914.23791,0,1,59.431539,13.101218,29.03296,13.399838,-0.641089,0.014576,0.641254,0.323595,-0.001733,0.3236,3.118861,30.400047,0.739608
8,3,1786607914.27788,0,1,59.403072,13.101881,29.049039,13.399745,-0.711688,0.016575,0.711881,0.401993,-0.00231,0.402,3.118307,30.355494,0.771937
8,4,1786607914.318,0,1,59.37178,13.102611,29.068255,13.399627,-0.782292,0.018257,0.782505,0.48039,-0.002955,0.480399,3.118259,30.304981,0.775335
8,5,1786607914.35801,0,1,59.337665,13.103418,29.090385,13.399482,-0.852888,0.02019,0.853127,0.553247,-0.003621,0.553258,3.117925,30.248729,0.79526
8,6,1786607914.39784,0,1,59.300726,13.104309,29.115193,13.39931,-0.923479,0.02227,0.923747,0.620199,-0.004301,0.620214,3.117482,30.186974,0.821513
8,7,1786607914.43789,0,1,59.260963,13.10529,29.142462,13.39911,-0.994063,0.024529,0.994365,0.68172,-0.004993,0.681738,3.116922,30.119935,0.854577
8,8,1786607914.478,0,1,59.218377,13.106369,29.171991,13.398882,-1.06464,0.02697,1.064981,0.738243,-0.005697,0.738265,3.116266,30.04781,0.893341
8,9,1786607914.518,0,1,59.172969,13.107553,29.203598,13.398626,-1.135209,0.029602,1.135595,0.79017,-0.006411,0.790196,3.115523,29.970785,0.937244
8,10,1786607914.55803,0,1,59.124738,13.10885,29.237113,13.398341,-1.20577,0.032432,1.206206,0.837867,-0.007134,0.837897,3.114702,29.889028,0.985792
8,11,1786607914.598,0,1,59.073685,13.110269,29.27238,13.398026,-1.276323,0.035469,1.276815,0.881673,-0.007865,0.881708,3.11381,29.802695,1.038604
8,12,1786607914.638,0,1,59.019811,13.111818,29.309256,13.397682,-1.346866,0.038718,1.347422,0.921899,-0.008605,0.921939,3.112854,29.71193,1.095362
8,13,1786607914.67793,0,1,58.963115,13.113505,29.347609,13.397308,-1.417399,0.042187,1.418027,0.958831,-0.009352,0.958877,3.111837,29.616866,1.155803
8,14,1786607914.7179,0,1,58.903598,13.115341,29.387318,13.396904,-1.487922,0.045882,1.488629,0.992734,-0.010104,0.992785,3.110766,29.517623,1.219701
8,15,1786607914.7579,0,1,58.841261,13.117333,29.428272,13.396469,-1.558433,0.049809,1.559229,1.023849,-0.010863,1.023907,3.109643,29.414313,1.28686
8,16,1786607914.79788,0,1,58.776103,13.119492,29.470368,13.396004,-1.628933,0.053972,1.629827,1.0524,-0.011627,1.052464,3.108472,29.30704,1.357108
8,17,1786607914.83787,0,1,58.708126,13.121827,29.513512,13.395508,-1.69942,0.058376,1.700422,1.078591,-0.012396,1.078662,3.107255,29.195897,1.430287
8,18,1786607914.87788,0,1,58.637331,13.124348,29.557616,13.394981,-1.769894,0.063027,1.771016,1.102611,-0.013169,1.10269,3.105997,29.080974,1.506257
8,19,1786607914.9179,0,1,58.563717,13.127065,29.602602,13.394424,-1.840354,0.067927,1.841607,1.124635,-0.013946,1.124721,3.1047,28.962349,1.584887
8,20,1786607914.95786,0,1,58.487305,13.129988,29.648394,13.393835,-1.910295,0.07306,1.911691,1.144821,-0.014726,1.144916,3.103366,28.840117,1.666054
8,21,1786607914.99784,0,1,58.40815,13.133123,29.694927,13.393214,-1.978869,0.078397,1.980421,1.163317,-0.015509,1.16342,3.101996,28.714401,1.749723
8,22,1786607915.03797,0,1,58.326306,13.136481,29.742137,13.392562,-2.046112,0.083937,2.047833,1.180258,-0.016294,1.18037,3.100593,28.585315,1.835832
8,23,1786607915.0779,0,1,58.241823,13.140068,29.789973,13.391885,-2.11206,0.089674,2.113963,1.195898,-0.01694,1.196018,3.09916,28.452964,1.924127
8,24,1786607915.11784,0,1,58.154793,13.143805,29.838387,13.391186,-2.175748,0.093414,2.177752,1.21034,-0.017458,1.210466,3.098685,28.317487,1.957903
8,25,1786607915.1579,0,1,58.065308,13.147711,29.887334,13.390472,-2.237133,0.097653,2.239264,1.223682,-0.017857,1.223812,3.097969,28.179019,2.005821
8,26,1786607915.19784,0,1,57.973456,13.151778,29.936775,13.389746,-2.296307,0.101681,2.298557,1.23601,-0.018147,1.236144,3.097341,28.037691,2.04911
8,27,1786607915.23786,0,1,57.879323,13.156005,29.986671,13.389013,-2.353321,0.105674,2.355693,1.247407,-0.018337,1.247541,3.096719,27.893625,2.092469
8,28,1786607915.2779,0,1,57.782993,13.160387,30.036989,13.388275,-2.408236,0.109557,2.410727,1.257945,-0.018434,1.258081,3.096131,27.74694,2.134161
8,29,1786607915.3179,0,1,57.684549,13.16492,30.087697,13.387538,-2.461108,0.113332,2.463716,1.267695,-0.018447,1.267829,3.095576,27.59775,2.174379
8,30,1786607915.3579,0,1,57.584069,13.1696,30.138765,13.386802,-2.511993,0.116979,2.514715,1.276719,-0.018381,1.276852,3.095058,27.446163,2.212799
8,31,1786607915.3979,0,1,57.481632,13.174419,30.190168,13.386073,-2.560943,0.120486,2.563776,1.285076,-0.018244,1.285205,3.09458,27.292284,2.249308
8,32,1786607915.4379,0,1,57.377311,13.179373,30.241881,13.385351,-2.608013,0.123843,2.610951,1.292818,-0.01804,1.292943,3.094143,27.136212,2.283774
8,33,1786607915.47788,0,1,57.271181,13.184454,30.293881,13.38464,-2.653252,0.127039,2.656291,1.299994,-0.017776,1.300116,3.093749,26.978043,2.316108
8,34,1786607915.51797,0,1,57.163313,13.189657,30.346147,13.383942,-2.69671,0.130067,2.699845,1.306651,-0.017455,1.306768,3.093398,26.81787,2.346243
8,35,1786607915.55797,0,1,57.053775,13.194974,30.39866,13.383258,-2.738436,0.132919,2.74166,1.31283,-0.017084,1.312941,3.093093,26.65578,2.374135
8,36,1786607915.59788,0,1,56.942636,13.200397,30.451403,13.382592,-2.778476,0.135589,2.781783,1.318568,-0.016665,1.318673,3.092832,26.49186,2.39976
8,37,1786607915.63795,0,1,56.829961,13.20592,30.504359,13.381944,-2.816877,0.138074,2.820259,1.323901,-0.016203,1.324,3.092615,26.326191,2.423108
8,38,1786607915.67791,0,1,56.715814,13.211535,30.557513,13.381316,-2.853681,0.14037,2.857132,1.328862,-0.0157,1.328955,3.092443,26.158851,2.444188
8,39,1786607915.71791,0,1,56.600256,13.217234,30.610852,13.380709,-2.888934,0.142476,2.892445,1.333481,-0.015162,1.333567,3.092315,25.989918,2.463022
8,40,1786607915.75788,0,1,56.483349,13.22301,30.664364,13.380126,-2.922675,0.14439,2.92624,1.337783,-0.014589,1.337863,3.09223,25.819464,2.47964
8,41,1786607915.79786,0,1,56.365152,13.228854,30.718036,13.379566,-2.954947,0.146112,2.958557,1.341796,-0.013986,1.341869,3.092186,25.647559,2.494087
8,42,1786607915.83787,0,1,56.24572,13.23476,30.771857,13.379032,-2.985788,0.147644,2.989437,1.345542,-0.013355,1.345609,3.092184,25.474271,2.506414
8,43,1786607915.87788,0,1,56.12511,13.240719,30.825819,13.378524,-3.015238,0.148987,3.018917,1.349043,-0.012697,1.349103,3.092221,25.299667,2.516681
8,44,1786607915.91797,0,1,56.003377,13.246725,30.879912,13.378043,-3.043334,0.150145,3.047035,1.352318,-0.012016,1.352371,3.092297,25.123809,2.524954
8,45,1786607915.95797,0,1,55.880573,13.25277,30.934127,13.377591,-3.070111,0.15112,3.073828,1.355384,-0.011314,1.355432,3.09241,24.946758,2.531305
8,46,1786607915.99795,0,1,55.756748,13.258847,30.988458,13.377167,-3.095606,0.151916,3.099332,1.35826,-0.010591,1.358301,3.092557,24.768573,2.535811
8,47,1786607916.0379,0,1,55.631954,13.264948,31.042896,13.376773,-3.119853,0.152538,3.12358,1.36096,-0.00985,1.360995,3.092739,24.589313,2.53855
8,48,1786607916.07792,0,1,55.506239,13.271068,31.09743,13.3764,-3.142885,0.152991,3.146607,1.363354,-0.009323,1.363385,3.092952,24.409036,2.539626
8,49,1786607916.11789,0,1,55.37962,13.277067,31.152049,13.376041,-3.165474,0.149993,3.169026,1.365466,-0.008992,1.365495,3.094244,24.227773,2.478823
8,50,1786607916.15789,0,1,55.252126,13.283038,31.206742,13.375687,-3.18736,0.14927,3.190853,1.367319,-0.008843,1.367348,3.094795,24.045562,2.460538
8,51,1786607916.19787,0,1,55.123774,13.288885,31.261499,13.375333,-3.208779,0.146163,3.212106,1.368934,-0.00886,1.368963,3.096073,23.862432,2.400511
8,52,1786607916.2379,0,1,54.994592,13.29467,31.316312,13.374971,-3.229561,0.144636,3.232799,1.37033,-0.00903,1.37036,3.096838,23.678416,2.36997
8,53,1786607916.27786,0,1,54.864597,13.300322,31.371173,13.374598,-3.249877,0.141283,3.252947,1.371524,-0.00934,1.371556,3.098147,23.493541,2.308121
8,54,1786607916.31784,0,1,54.733813,13.305889,31.426074,13.374207,-3.269605,0.139178,3.272565,1.372533,-0.009781,1.372568,3.099051,23.307838,2.269507
8,55,1786607916.35791,0,1,54.602258,13.31131,31.481009,13.373793,-3.288878,0.135527,3.291669,1.373371,-0.010341,1.37341,3.100408,23.121333,2.204854
8,56,1786607916.39791,0,1,54.469954,13.31663,31.535971,13.373353,-3.307598,0.133005,3.310271,1.374052,-0.01101,1.374096,3.101402,22.934052,2.161017
8,57,1786607916.43784,0,1,54.336918,13.321791,31.590955,13.372881,-3.325884,0.129037,3.328386,1.374588,-0.011779,1.374639,3.102814,22.746021,2.093136
8,58,1786607916.47791,0,1,54.203172,13.326841,31.645954,13.372376,-3.343644,0.12623,3.346026,1.374992,-0.012642,1.37505,3.103858,22.557264,2.046354
8,59,1786607916.51788,0,1,54.068733,13.331718,31.700965,13.371832,-3.360995,0.121924,3.363206,1.375273,-0.013589,1.37534,3.105332,22.367803,1.974814
8,60,1786607916.55784,0,1,53.933619,13.336476,31.755983,13.371248,-3.377842,0.118968,3.379936,1.375442,-0.014614,1.375519,3.106387,22.177663,1.927295
8,61,1786607916.59785,0,1,53.797847,13.341047,31.811003,13.370619,-3.394307,0.114277,3.396231,1.375507,-0.01571,1.375597,3.107938,21.986863,1.851196
8,62,1786607916.63786,0,1,53.661435,13.345501,31.866022,13.369944,-3.410283,0.111337,3.4121,1.375477,-0.016872,1.37558,3.108957,21.795427,1.805633
8,63,1786607916.67788,0,1,53.524399,13.349747,31.921037,13.36922,-3.425914,0.106143,3.427557,1.375359,-0.018095,1.375478,3.11062,21.603371,1.722938
8,64,1786607916.71788,0,1,53.386757,13.353886,31.976043,13.368446,-3.441057,0.103476,3.442613,1.375161,-0.019373,1.375298,3.111531,21.410718,1.683463
8,65,1786607916.75787,0,1,53.24852,13.357786,32.031039,13.367618,-3.455902,0.097509,3.457278,1.374889,-0.020701,1.375045,3.113385,21.217484,1.589638
8,66,1786607916.79785,0,1,53.109711,13.36161,32.086021,13.366735,-3.470247,0.095593,3.471563,1.374548,-0.022075,1.374726,3.114053,21.02369,1.563924
8,67,1786607916.8379,0,1,52.970336,13.365139,32.140987,13.365795,-3.484361,0.08823,3.485478,1.374145,-0.023492,1.374346,3.116276,20.82935,1.448705
8,68,1786607916.87786,0,1,52.830419,13.368662,32.195934,13.364797,-3.497926,0.08808,3.499035,1.373684,-0.024947,1.373911,3.116417,20.634486,1.453166
8,69,1786607916.91789,0,1,52.689964,13.371775,32.250861,13.363739,-3.511379,0.077821,3.512241,1.37317,-0.026438,1.373424,3.119434,20.439105,1.29214
8,70,1786607916.95788,0,1,52.548998,13.37505,32.305765,13.362621,-3.524158,0.081867,3.525108,1.372607,-0.027961,1.372892,3.118367,20.243236,1.365936
8,71,1786607916.99786,0,1,52.407516,13.377644,32.360645,13.36144,-3.537049,0.064864,3.537644,1.371999,-0.029514,1.372316,3.123256,20.046877,1.09691
8,72,1786607917.03789,0,1,52.265557,13.380824,32.415499,13.360197,-3.548969,0.079497,3.54986,1.37135,-0.031093,1.371702,3.119196,19.850069,1.342754
8,73,1786607917.07789,0,1,52.123098,13.382627,32.470337,13.3589,-3.561476,0.045064,3.561761,1.370947,-0.032407,1.37133,3.12894,19.652775,0.79411
8,74,1786607917.11787,0,1,51.980219,13.386213,32.525168,13.357561,-3.571966,0.089652,3.573091,1.370771,-0.033478,1.37118,3.116499,19.455073,1.52213
8,75,1786607917.15788,0,1,51.836875,13.387914,32.58,13.356188,-3.583604,0.042534,3.583856,1.370805,-0.034324,1.371234,3.129724,19.256901,0.77441
8,76,1786607917.19786,0,1,51.693155,13.391442,32.634841,13.35479,-3.592996,0.088198,3.594079,1.37103,-0.034962,1.371476,3.117051,19.058349,1.51635
8,77,1786607917.23786,0,1,51.549029,13.394077,32.689698,13.353373,-3.603164,0.065881,3.603766,1.371432,-0.035411,1.371889,3.12331,18.859374,1.171152
8,78,1786607917.27788,0,1,51.404588,13.398773,32.744578,13.351946,-3.611029,0.117395,3.612937,1.371997,-0.035684,1.37246,3.109094,18.660068,2.005821
8,79,1786607917.31788,0,1,51.259752,13.401645,32.799487,13.350514,-3.620896,0.071807,3.621608,1.372711,-0.035796,1.373177,3.121764,18.460336,1.2948
8,80,1786607917.3579,0,1,51.114644,13.406589,32.854429,13.349084,-3.627682,0.123593,3.629787,1.373563,-0.035759,1.374028,3.107536,18.260306,2.131714
8,81,1786607917.39789,0,1,50.969178,13.4097,32.909411,13.34766,-3.636661,0.077775,3.637492,1.374541,-0.035586,1.375001,3.120209,18.059874,1.421989
8,82,1786607917.43789,0,1,50.823481,13.414892,32.964436,13.346249,-3.64242,0.129799,3.644732,1.375636,-0.035287,1.376088,3.105972,17.859177,2.261121
8,83,1786607917.47786,0,1,50.677459,13.418243,33.01951,13.344854,-3.650564,0.083775,3.651525,1.376838,-0.034873,1.377279,3.118648,17.658101,1.552756
8,84,1786607917.51784,0,1,50.531245,13.423683,33.074635,13.34348,-3.655347,0.136007,3.657877,1.378139,-0.034352,1.378567,3.104402,17.456794,2.394097
8,85,1786607917.55785,0,1,50.384744,13.427576,33.129816,13.342131,-3.662512,0.097311,3.663805,1.37953,-0.033733,1.379942,3.115029,17.255139,1.805683
8,86,1786607917.59788,0,1,50.238096,13.433624,33.185057,13.34081,-3.6662,0.151206,3.669317,1.381005,-0.033025,1.3814,3.100373,17.053292,2.673573
8,87,1786607917.63785,0,1,50.091181,13.437877,33.240359,13.33952,-3.672891,0.106332,3.67443,1.382556,-0.032234,1.382932,3.11265,16.851109,1.99271
8,88,1786607917.67788,0,1,49.944155,13.444293,33.295726,13.338266,-3.675649,0.160386,3.679147,1.384178,-0.031367,1.384534,3.097986,16.648766,2.863385
8,89,1786607917.71785,0,1,49.796892,13.449056,33.351161,13.337048,-3.681562,0.119095,3.683487,1.385866,-0.030431,1.3862,3.109255,16.446113,2.243036
8,90,1786607917.75784,0,1,49.649558,13.456017,33.406665,13.335871,-3.683346,0.174013,3.687454,1.387613,-0.029431,1.387925,3.094385,16.243338,3.128623
8,91,1786607917.79788,0,1,49.502007,13.461202,33.462242,13.334736,-3.688788,0.129633,3.691065,1.389415,-0.028372,1.389704,3.106465,16.040264,2.464432
8,92,1786607917.83789,0,1,49.354419,13.468588,33.517892,13.333646,-3.689703,0.184655,3.694321,1.391267,-0.027259,1.391534,3.091588,15.837101,3.353243
8,93,1786607917.87789,0,1,49.206645,13.474449,33.573619,13.332602,-3.694338,0.146516,3.697242,1.393166,-0.026097,1.393411,3.101954,15.63367,2.790997
8,94,1786607917.91789,0,1,49.058875,13.482564,33.629423,13.331606,-3.694261,0.20287,3.699827,1.395108,-0.02489,1.39533,3.086733,15.43019,3.703779
8,95,1786607917.95787,0,1,48.910929,13.488947,33.685307,13.330661,-3.698656,0.159578,3.702097,1.397089,-0.023641,1.397289,3.098474,15.226444,3.066117
8,96,1786607917.99787,0,1,48.763019,13.497586,33.741245,13.329767,-3.697745,0.215984,3.704048,1.398458,-0.022344,1.398636,3.083249,15.022711,3.982895
8,97,1786607918.0379,0,1,48.614952,13.504492,33.797184,13.328927,-3.701678,0.172631,3.705701,1.398479,-0.020993,1.398636,3.094991,14.818807,3.348924
8,98,1786607918.07789,0,1,48.466953,13.513654,33.853124,13.328135,-3.699968,0.229062,3.707052,1.398496,-0.019818,1.398636,3.079762,14.615006,4.26994
8,99,1786607918.11789,0,1,48.318799,13.521081,33.909065,13.327382,-3.703839,0.185678,3.70849,1.39851,-0.018806,1.398636,3.091503,14.411037,3.640044
8,100,1786607918.1579,0,1,48.170716,13.530768,33.965005,13.326665,-3.702088,0.242165,3.71,1.398521,-0.017942,1.398636,3.076273,14.207176,4.565716
8,101,1786607918.19791,0,1,48.022465,13.538719,34.020947,13.325976,-3.706266,0.198769,3.711592,1.39853,-0.017215,1.398636,3.088013,14.003135,3.940363
8,102,1786607918.23788,0,1,47.874287,13.548931,34.076888,13.325312,-3.704462,0.255317,3.71325,1.398538,-0.016613,1.398636,3.07278,13.799211,4.871209
8,103,1786607918.27788,0,1,47.725929,13.557408,34.13283,13.324666,-3.708938,0.211907,3.714987,1.398543,-0.016126,1.398636,3.084521,13.595092,4.25091
8,104,1786607918.31789,0,1,47.577572,13.567063,34.188766,13.324037,-3.708937,0.241398,3.716784,1.398412,-0.015744,1.3985,3.076599,13.391011,4.763756
8,105,1786607918.3579,0,1,47.429025,13.574765,34.244685,13.323418,-3.713663,0.19255,3.718652,1.397972,-0.015456,1.398057,3.08979,13.186735,4.06024
8,106,1786607918.39788,0,1,47.280522,13.584519,34.300575,13.322808,-3.712584,0.243848,3.720583,1.397249,-0.015254,1.397333,3.076005,12.982585,4.912958
8,107,1786607918.4379,0,1,47.131823,13.592318,34.356426,13.322203,-3.717471,0.194956,3.722579,1.396266,-0.015132,1.396348,3.089197,12.778252,4.213266
8,108,1786607918.47788,0,1,46.983164,13.602171,34.412228,13.3216,-3.716481,0.246322,3.724635,1.395043,-0.015083,1.395125,3.075411,12.574067,5.070495
8,109,1786607918.51789,0,1,46.834303,13.610066,34.467972,13.320996,-3.721522,0.197381,3.726753,1.3936,-0.015101,1.393682,3.088605,12.369709,4.375073
8,110,1786607918.55789,0,1,46.685478,13.620019,34.52365,13.320388,-3.720616,0.24882,3.728927,1.391954,-0.015181,1.392037,3.074816,12.165519,5.237317
8,111,1786607918.59789,0,1,46.536446,13.628012,34.579255,13.319776,-3.725804,0.199826,3.731159,1.390121,-0.015318,1.390206,3.088011,11.961164,4.546664
8,112,1786607918.63803,0,1,46.387447,13.638065,34.634779,13.319155,-3.724974,0.25134,3.733444,1.388117,-0.015508,1.388204,3.07422,11.756994,5.414486
8,113,1786607918.67802,0,1,46.238288,13.646154,34.690218,13.318526,-3.728987,0.202219,3.734466,1.385955,-0.015745,1.386044,3.087417,11.552717,4.729144
8,114,1786607918.71789,0,1,46.089218,13.656302,34.745563,13.317885,-3.726751,0.253691,3.735376,1.383647,-0.016027,1.38374,3.073625,11.348701,5.603086
8,115,1786607918.75809,0,1,45.939995,13.664483,34.800812,13.317231,-3.730576,0.204532,3.736179,1.381206,-0.01635,1.381303,3.086822,11.144594,4.923712
8,116,1786607918.79801,0,1,45.790873,13.674723,34.855957,13.316562,-3.728032,0.25601,3.736812,1.378642,-0.016709,1.378743,3.073029,10.94078,5.804418
8,117,1786607918.83794,0,1,45.641611,13.682996,34.910996,13.315878,-3.731557,0.206815,3.737284,1.375965,-0.017103,1.376071,3.086226,10.736893,5.131727
8,118,1786607918.87796,0,1,45.492468,13.693327,34.965923,13.315177,-3.728574,0.25828,3.737508,1.373184,-0.017529,1.373295,3.072433,10.533335,6.019962
8,119,1786607918.91797,0,1,45.343202,13.701689,35.020736,13.314458,-3.731651,0.209051,3.737502,1.370306,-0.017983,1.370424,3.08563,10.329727,5.354775
8,120,1786607918.95804,0,1,45.19408,13.712108,35.075429,13.313719,-3.728052,0.260477,3.737141,1.367341,-0.018464,1.367466,3.071837,10.12649,6.251401
8,121,1786607918.99803,0,1,45.044861,13.720557,35.130001,13.31296,-3.730482,0.211216,3.736456,1.364295,-0.018968,1.364427,3.085034,9.923234,5.594657
8,122,1786607919.0381,0,1,44.895819,13.73106,35.184448,13.31218,-3.72603,0.262566,3.73527,1.361174,-0.019495,1.361314,3.071241,9.720401,6.500653
8,123,1786607919.07802,0,1,44.746718,13.739591,35.23879,13.311384,-3.72754,0.213279,3.733637,1.35854,-0.019921,1.358686,3.084438,9.517566,5.85341
8,124,1786607919.11804,0,1,44.597838,13.750171,35.293044,13.310573,-3.721985,0.264506,3.731372,1.356353,-0.020254,1.356504,3.070646,9.315173,6.769817
8,125,1786607919.15817,0,1,44.448944,13.758779,35.347227,13.309753,-3.722354,0.215209,3.728569,1.354578,-0.0205,1.354733,3.083842,9.112787,6.133235
8,126,1786607919.19804,0,1,44.300333,13.769429,35.401354,13.308927,-3.715284,0.266246,3.724812,1.353182,-0.020668,1.353339,3.070052,8.910886,7.061237
8,127,1786607919.23802,0,1,44.152102,13.782554,35.455439,13.308096,-3.705785,0.32813,3.720284,1.352134,-0.020763,1.352293,3.053278,8.709595,8.182833
8,128,1786607919.27804,0,1,44.003954,13.794147,35.509496,13.307265,-3.703687,0.289822,3.71501,1.351407,-0.02079,1.351567,3.0635,8.5084,7.754879
8,129,1786607919.31796,0,1,43.856295,13.808196,35.563535,13.306434,-3.691465,0.35121,3.708134,1.350975,-0.020756,1.351134,3.046737,8.307927,8.897332
8,130,1786607919.35803,0,1,43.709252,13.82512,35.617567,13.305608,-3.676083,0.423122,3.700354,1.350814,-0.020666,1.350972,3.026996,8.108345,10.239457
8,131,1786607919.39801,0,1,43.562964,13.845336,35.671603,13.304787,-3.657213,0.505389,3.691968,1.350903,-0.020523,1.351059,3.004273,7.909852,11.786424
8,132,1786607919.438,0,1,43.417578,13.86925,35.725652,13.303974,-3.634629,0.597851,3.68347,1.351222,-0.020332,1.351375,2.978565,7.712669,13.543892
8,133,1786607919.47798,0,1,43.272474,13.8929,35.779722,13.30317,-3.627614,0.591244,3.67548,1.351752,-0.020097,1.351901,2.980029,7.515924,13.757208
8,134,1786607919.51799,0,1,43.128387,13.920194,35.833821,13.302377,-3.602181,0.682358,3.66624,1.352476,-0.019822,1.352621,2.954382,7.320682,15.567534
8,135,1786607919.55802,0,1,42.985451,13.951533,35.887957,13.301596,-3.573396,0.783459,3.658274,1.353379,-0.019509,1.35352,2.92576,7.12719,17.59843
8,136,1786607919.59802,0,1,42.842801,13.983012,35.942134,13.30083,-3.566249,0.786975,3.652049,1.354447,-0.019161,1.354583,2.9244,6.934304,18.08996
8,137,1786607919.638,0,1,42.701358,14.018488,35.996361,13.300079,-3.536084,0.88692,3.645617,1.355666,-0.018783,1.355796,2.895842,6.743374,20.196097
8,138,1786607919.67805,0,1,42.560131,14.054108,36.050642,13.299344,-3.530656,0.890487,3.641222,1.357025,-0.018375,1.357149,2.89453,6.5531,20.769485
8,139,1786607919.71802,0,1,42.42014,14.093693,36.104982,13.298626,-3.499789,0.989624,3.637015,1.358511,-0.017941,1.35863,2.86602,6.365009,22.964815
8,140,1786607919.75802,0,1,42.280285,14.133433,36.159387,13.297927,-3.496377,0.993498,3.634789,1.360116,-0.017482,1.360228,2.864739,6.177658,23.635406
8,141,1786607919.79805,0,1,42.140434,14.172929,36.21386,13.297247,-3.496268,0.987407,3.633024,1.361829,-0.017002,1.361935,2.866344,5.990918,24.175549
8,142,1786607919.83794,0,1,42.001688,14.215961,36.268406,13.296587,-3.468653,1.075791,3.63165,1.363641,-0.0165,1.363741,2.840853,5.806528,26.341345
8,143,1786607919.87803,0,1,41.862861,14.258772,36.323028,13.295947,-3.470672,1.070282,3.631951,1.365546,-0.01598,1.365639,2.842467,5.62288,26.998193
8,144,1786607919.91804,0,1,41.723809,14.30097,36.377729,13.29533,-3.476297,1.054944,3.632843,1.367535,-0.015443,1.367622,2.846957,5.439842,27.534655
8,145,1786607919.95802,0,1,41.585688,14.346307,36.432513,13.294734,-3.453022,1.133435,3.634286,1.369601,-0.01489,1.369682,2.824429,5.259374,29.70573
8,146,1786607919.99805,0,1,41.447261,14.391058,36.487383,13.294161,-3.46067,1.118774,3.637017,1.37174,-0.014323,1.371814,2.828915,5.079722,30.385572
8,147,1786607920.03804,0,1,41.308377,14.434829,36.542341,13.293612,-3.472106,1.094283,3.640464,1.373944,-0.013742,1.374012,2.836283,4.900763,30.9588
8,148,1786607920.078,0,1,41.170217,14.481368,36.597379,13.293089,-3.45399,1.163471,3.644683,1.375969,-0.013067,1.376031,2.816682,4.724707,33.182495
8,149,1786607920.11801,0,1,41.031541,14.526948,36.652492,13.292597,-3.466917,1.139492,3.649377,1.37783,-0.012305,1.377885,2.82404,4.549691,33.936345
8,150,1786607920.15805,0,1,40.892205,14.571166,36.707674,13.292138,-3.483397,1.105455,3.654598,1.379539,-0.011462,1.379587,2.834296,4.375638,34.602919
8,151,1786607920.19801,0,1,40.7534,14.617779,36.762918,13.291716,-3.470113,1.165315,3.660552,1.38111,-0.010546,1.38115,2.817611,4.205043,36.944774
8,152,1786607920.23798,0,1,40.613903,14.663038,36.818221,13.291334,-3.48744,1.131488,3.666402,1.382553,-0.009562,1.382586,2.827861,4.035936,37.844605
8,153,1786607920.27808,0,1,40.473575,14.706532,36.873576,13.290993,-3.508203,1.087354,3.67285,1.383877,-0.008517,1.383904,2.841036,3.8683,38.68565
8,154,1786607920.31811,0,1,40.332286,14.74784,36.928979,13.290697,-3.532219,1.032693,3.680085,1.385094,-0.007414,1.385114,2.857156,3.702129,39.475449
8,155,1786607920.35805,0,1,40.191126,14.790774,36.984428,13.290446,-3.529002,1.073356,3.688624,1.386211,-0.00626,1.386225,2.84633,3.540324,41.990924
8,156,1786607920.39815,0,1,40.049001,14.831508,37.039917,13.290244,-3.553122,1.018349,3.696175,1.387236,-0.005058,1.387245,2.862468,3.38084,43.114358
8,157,1786607920.43806,0,1,39.905805,14.869602,37.095444,13.290091,-3.579889,0.952338,3.704396,1.388177,-0.003813,1.388182,2.88159,3.223815,44.234403
8,158,1786607920.47809,0,1,39.762141,14.90733,37.151006,13.28999,-3.591606,0.943214,3.713392,1.38904,-0.002527,1.389043,2.884776,3.071452,46.488651
8,159,1786607920.5181,0,1,39.617364,14.942062,37.206599,13.289942,-3.61943,0.868288,3.722123,1.389832,-0.001205,1.389833,2.906146,2.922548,47.91333
8,160,1786607920.55809,0,1,39.471655,14.974415,37.262222,13.289948,-3.642726,0.808819,3.731439,1.390559,0.00015,1.390559,2.9231,2.778313,49.840492
8,161,1786607920.59803,0,1,39.325411,15.00611,37.317871,13.290009,-3.656108,0.792375,3.740987,1.391224,0.001535,1.391225,2.928167,2.641064,52.753113
8,162,1786607920.63803,0,1,39.178063,15.034231,37.373544,13.290127,-3.683682,0.703046,3.750172,1.391835,0.002948,1.391838,2.953007,2.509619,54.82982
8,163,1786607920.67804,0,1,39.029982,15.06047,37.42924,13.290303,-3.702037,0.655964,3.759703,1.392394,0.004386,1.392401,2.966223,2.386602,57.925265
8,164,1786607920.71797,0,1,38.880901,15.082929,37.484956,13.290537,-3.727021,0.561474,3.769077,1.392906,0.005847,1.392918,2.992067,2.271857,60.655112
8,165,1786607920.75789,0,1,38.731434,15.105387,37.540691,13.29083,-3.73667,0.561441,3.778614,1.393374,0.007328,1.393394,2.992457,2.170365,65.271301
8,166,1786607920.79812,0,1,38.581049,15.12374,37.596443,13.291183,-3.759627,0.458842,3.787523,1.393803,0.008828,1.393831,3.020149,2.080316,68.709742
8,167,1786607920.83809,0,1,38.4301,15.140339,37.652211,13.291597,-3.773718,0.414959,3.796464,1.394196,0.010345,1.394234,3.032072,2.005732,73.455297
8,168,1786607920.87808,0,1,38.278402,15.152685,37.707993,13.292072,-3.792463,0.308667,3.805003,1.394554,0.011878,1.394605,3.060382,1.946086,77.609046
8,169,1786607920.91797,0,1,38.126339,15.16469,37.763788,13.292609,-3.801577,0.300113,3.813405,1.394882,0.013424,1.394946,3.062812,1.906864,83.553495
8,170,1786607920.9581,0,1,37.973677,15.172168,37.819596,13.293208,-3.816544,0.186955,3.82112,1.395181,0.014982,1.395261,3.092646,1.885267,88.116441
8,171,1786607920.99804,0,1,37.8207,15.17928,37.875414,13.29387,-3.824425,0.177791,3.828555,1.395453,0.016551,1.395552,3.095138,1.886203,94.323891
8,172,1786607921.03798,0,1,37.667315,15.182021,37.931242,13.294595,-3.834635,0.068536,3.835247,1.395702,0.01813,1.39582,3.123722,1.90579,98.984238
8,173,1786607921.07804,0,1,37.513672,15.184416,37.987083,13.295373,-3.84106,0.05988,3.841527,1.396037,0.019445,1.396173,3.126004,1.94746,104.962216
8,174,1786607921.11799,0,1,37.35978,15.185376,38.042941,13.296194,-3.847302,0.024001,3.847376,1.396453,0.020517,1.396603,3.135354,2.00891,110.238301
8,175,1786607921.15801,0,1,37.205671,15.183959,38.098819,13.297048,-3.852735,-0.035445,3.852898,1.396941,0.021366,1.397104,-3.132393,2.087617,114.802917
8,176,1786607921.19787,0,1,37.051349,15.182743,38.154719,13.297929,-3.858035,-0.030385,3.858155,1.397497,0.022008,1.39767,-3.133717,2.184021,119.893452
8,177,1786607921.23787,0,1,36.897066,15.177521,38.210643,13.298827,-3.857088,-0.13056,3.859297,1.398115,0.02246,1.398295,-3.107756,2.292373,123.022454
8,178,1786607921.27786,0,1,36.742944,15.167804,38.266582,13.299736,-3.853052,-0.242924,3.860702,1.398452,0.022732,1.398636,-3.078629,2.410632,125.593894
8,179,1786607921.31786,0,1,36.588773,15.157812,38.32252,13.30065,-3.85428,-0.249801,3.862366,1.39845,0.022836,1.398636,-3.076872,2.540655,129.323359
8,180,1786607921.3579,0,1,36.434518,15.148015,38.378458,13.301562,-3.85637,-0.244912,3.864139,1.398451,0.022792,1.398636,-3.07817,2.681099,132.8394
8,181,1786607921.39789,0,1,36.280147,15.138887,38.434396,13.302466,-3.859268,-0.228215,3.86601,1.398454,0.022611,1.398636,-3.082527,2.830765,136.169386
8,182,1786607921.4379,0,1,36.125634,15.130901,38.490334,13.303358,-3.862816,-0.199653,3.867972,1.398459,0.022304,1.398636,-3.089953,2.988598,139.342847
8,183,1786607921.4779,0,1,35.971227,15.119864,38.546273,13.304233,-3.860179,-0.275921,3.870027,1.398465,0.021882,1.398636,-3.070235,3.150773,140.724367
8,184,1786607921.51792,0,1,35.816655,15.109967,38.602212,13.305088,-3.86431,-0.247408,3.872222,1.398473,0.021354,1.398636,-3.077656,3.319174,143.395792
8,185,1786607921.55791,0,1,35.661896,15.10169,38.658151,13.305917,-3.868969,-0.206936,3.874499,1.398483,0.020729,1.398636,-3.088158,3.493185,146.002483
8,186,1786607921.59788,0,1,35.507202,15.090837,38.714091,13.306717,-3.867359,-0.271337,3.876866,1.398493,0.020014,1.398636,-3.071547,3.669771,146.89774
8,187,1786607921.63788,0,1,35.352303,15.081602,38.770031,13.307486,-3.872469,-0.230864,3.879345,1.398504,0.019218,1.398636,-3.082046,3.85076,149.154779
8,188,1786607921.67791,0,1,35.197477,15.069787,38.825971,13.30822,-3.870653,-0.295372,3.881907,1.398516,0.018347,1.398636,-3.06543,4.033496,149.740468
8,189,1786607921.71789,0,1,35.042429,15.059591,38.881913,13.308916,-3.876203,-0.254898,3.884575,1.398528,0.017407,1.398636,-3.075928,4.219775,151.726285
8,190,1786607921.75786,0,1,34.887196,15.050604,38.937854,13.309572,-3.880821,-0.224692,3.88732,1.39854,0.016405,1.398636,-3.083759,4.408971,153.427654
8,191,1786607921.79787,0,1,34.731999,15.039327,38.993796,13.310186,-3.879925,-0.281913,3.890153,1.398552,0.015346,1.398636,-3.069061,4.599222,153.76034
8,192,1786607921.83788,0,1,34.576557,15.029971,39.049739,13.310756,-3.886043,-0.233901,3.893076,1.398564,0.014235,1.398636,-3.081475,4.792187,155.531838
8,193,1786607921.87789,0,1,34.42115,15.018322,39.105682,13.311279,-3.885178,-0.291232,3.896078,1.398575,0.013076,1.398636,-3.066773,4.985863,155.691404
8,194,1786607921.9179,0,1,34.265487,15.008595,39.161625,13.311754,-3.891575,-0.243169,3.899165,1.398586,0.011874,1.398636,-3.079188,5.181838,157.309824
8,195,1786607921.95788,0,1,34.109858,14.99657,39.217569,13.312179,-3.890731,-0.300616,3.902327,1.398596,0.010632,1.398636,-3.064481,5.378279,157.330623
8,196,1786607921.99784,0,1,33.953962,14.98647,39.273513,13.312553,-3.8974,-0.252497,3.90557,1.398605,0.009355,1.398636,-3.076897,5.576704,158.825847
8,197,1786607922.03789,0,1,33.798099,14.974068,39.329458,13.312875,-3.896567,-0.310065,3.908884,1.398613,0.008046,1.398636,-3.062186,5.775421,158.734125
8,198,1786607922.07788,0,1,33.641959,14.963592,39.385403,13.313149,-3.903501,-0.261889,3.912276,1.39862,0.006862,1.398636,-3.074602,5.975877,160.129139
8,199,1786607922.11785,0,1,33.485844,14.950808,39.441348,13.313381,-3.902885,-0.3196,3.915949,1.398624,0.005793,1.398636,-3.059887,6.176503,159.945352
8,200,1786607922.15788,0,1,33.329424,14.939953,39.497293,13.313574,-3.910497,-0.271388,3.919903,1.398628,0.00483,1.398636,-3.072304,6.378692,161.258203
8,201,1786607922.19787,0,1,33.173012,14.926782,39.553238,13.313733,-3.910285,-0.329277,3.924124,1.398631,0.003964,1.398636,-3.057583,6.580973,160.998381
8,202,1786607922.23787,0,1,33.016388,14.914002,39.609183,13.31386,-3.9156,-0.319501,3.928613,1.398633,0.003187,1.398636,-3.060176,6.784202,161.692677
8,203,1786607922.27784,0,1,32.859812,14.898578,39.665129,13.31396,-3.914415,-0.385592,3.93336,1.398634,0.002492,1.398636,-3.043404,6.987371,161.266433
8,204,1786607922.31786,0,1,32.702884,14.884763,39.721074,13.314035,-3.923201,-0.345374,3.938374,1.398635,0.001874,1.398636,-3.053785,7.191813,162.353638
8,205,1786607922.35786,0,1,32.546001,14.868294,39.77702,13.314088,-3.922073,-0.411718,3.943624,1.398636,0.001324,1.398636,-3.037001,7.39616,161.876972
8,206,1786607922.39786,0,1,32.388736,14.853434,39.832965,13.314122,-3.931614,-0.371514,3.949128,1.398636,0.000839,1.398636,-3.047378,7.601712,162.918997
8,207,1786607922.4379,0,1,32.231435,14.836649,39.88891,13.314138,-3.932532,-0.419608,3.954855,1.398636,0.000412,1.398636,-3.035293,7.807366,162.664197
8,208,1786607922.47787,0,1,32.073716,14.821629,39.944856,13.31414,-3.94298,-0.375503,3.96082,1.398636,4E-05,1.398636,-3.046646,8.014198,163.717873
8,209,1786607922.51785,0,1,31.916008,14.804088,40.000801,13.314128,-3.942688,-0.43853,3.967001,1.398636,-0.000283,1.398636,-3.030822,8.22094,163.211327
8,210,1786607922.55786,0,1,31.757857,14.788313,40.056747,13.314106,-3.953789,-0.394387,3.97341,1.398636,-0.00056,1.398636,-3.042172,8.428811,164.230745
8,211,1786607922.59787,0,1,31.599712,14.770004,40.112692,13.314074,-3.953618,-0.457708,3.980024,1.398636,-0.000795,1.398636,-3.026336,8.636583,163.691204
8,212,1786607922.63785,0,1,31.441098,14.753463,40.168638,13.314034,-3.965352,-0.41352,3.986855,1.398636,-0.000991,1.398636,-3.037685,8.845445,164.681065
8,213,1786607922.6779,0,1,31.282487,14.734377,40.224583,13.313988,-3.965276,-0.477152,3.993882,1.398636,-0.001152,1.398636,-3.021836,9.054203,164.112818
8,214,1786607922.71786,0,1,31.123382,14.717061,40.280529,13.313937,-3.977626,-0.432914,4.001115,1.398636,-0.00128,1.398636,-3.033182,9.264021,165.077015
8,215,1786607922.75784,0,1,30.964277,14.697186,40.336474,13.313882,-3.97762,-0.496872,4.008534,1.398636,-0.001378,1.398636,-3.017319,9.473732,164.483625
8,216,1786607922.79796,0,1,30.804654,14.679083,40.392419,13.313824,-3.990568,-0.452579,4.01615,1.398636,-0.001449,1.398636,-3.028663,9.684481,165.425409
8,217,1786607922.83796,0,1,30.64503,14.658408,40.448365,13.313764,-3.990607,-0.516879,4.023942,1.398636,-0.001494,1.398636,-3.012786,9.895122,164.809859
8,218,1786607922.87796,0,1,30.485135,14.639539,40.50431,13.313704,-3.997372,-0.471725,4.02511,1.398636,-0.001515,1.398636,-3.024127,10.106518,165.731581
8,219,1786607922.91795,0,1,30.32556,14.618132,40.560256,13.313643,-3.989374,-0.535164,4.02511,1.398636,-0.001515,1.398636,-3.008241,10.317494,165.095917
8,220,1786607922.95796,0,1,30.165753,14.598536,40.616201,13.313583,-3.995187,-0.489888,4.02511,1.398636,-0.001495,1.398636,-3.019582,10.529149,165.999602
8,221,1786607922.99796,0,1,30.006277,14.576405,40.672147,13.313525,-3.986901,-0.55329,4.02511,1.398636,-0.001457,1.398636,-3.003697,10.740374,165.34653
8,222,1786607923.03797,0,1,29.84656,14.556083,40.728092,13.313469,-3.992919,-0.50804,4.02511,1.398636,-0.001403,1.398636,-3.015037,10.952252,166.234262
8,223,1786607923.07796,0,1,29.687169,14.533346,40.784037,13.313409,-3.984769,-0.568443,4.02511,1.398636,-0.001495,1.398636,-2.999895,11.163724,165.607678
8,224,1786607923.11798,0,1,29.527528,14.512442,40.839983,13.31334,-3.991041,-0.52259,4.02511,1.398635,-0.001724,1.398636,-3.011393,11.375829,166.489416
8,225,1786607923.15796,0,1,29.367649,14.493436,40.895928,13.313257,-3.996968,-0.475136,4.02511,1.398635,-0.002076,1.398636,-3.023274,11.588531,167.375674
8,226,1786607923.19796,0,1,29.208033,14.472337,40.951874,13.313155,-3.990398,-0.527475,4.02511,1.398634,-0.002543,1.398636,-3.010169,11.800911,166.832804
8,227,1786607923.23795,0,1,29.048135,14.453494,41.007819,13.313031,-3.997447,-0.471095,4.02511,1.398633,-0.003115,1.398636,-3.024285,12.013937,167.831557
8,228,1786607923.27796,0,1,28.888174,14.43519,41.063764,13.312879,-3.999015,-0.45759,4.02511,1.398631,-0.003783,1.398636,-3.027663,12.227206,168.205807
8,229,1786607923.31796,0,1,28.728129,14.417645,41.119709,13.312698,-4.001141,-0.438616,4.02511,1.398629,-0.004539,1.398636,-3.032406,12.440747,168.648518
8,230,1786607923.35789,0,1,28.568054,14.400372,41.175654,13.312483,-4.001879,-0.43183,4.02511,1.398626,-0.005375,1.398636,-3.034102,12.65445,168.909487
8,231,1786607923.39784,0,1,28.40782,14.384633,41.231599,13.312231,-4.005832,-0.393475,4.02511,1.398622,-0.006286,1.398636,-3.043681,12.868541,169.609792
8,232,1786607923.43789,0,1,28.247768,14.367147,41.287544,13.311941,-4.0013,-0.437159,4.02511,1.398618,-0.007263,1.398636,-3.03277,13.082401,169.138507
8,233,1786607923.47794,0,1,28.087455,14.352247,41.343488,13.311609,-4.007838,-0.372486,4.02511,1.398612,-0.008302,1.398636,-3.04892,13.296817,170.201539
8,234,1786607923.51796,0,1,27.927167,14.337072,41.399433,13.311233,-4.007191,-0.379376,4.02511,1.398605,-0.009397,1.398636,-3.0472,13.511265,170.237347
8,235,1786607923.55796,0,1,27.766631,14.324807,41.455376,13.310811,-4.013413,-0.306635,4.02511,1.398597,-0.010543,1.398636,-3.065338,13.72625,171.394492
8,236,1786607923.59789,0,1,27.606213,14.31108,41.51132,13.310342,-4.010455,-0.343166,4.02511,1.398587,-0.011736,1.398636,-3.056233,13.941072,170.99281
8,237,1786607923.63784,0,1,27.445572,14.300266,41.567263,13.309823,-4.016019,-0.270371,4.02511,1.398576,-0.01297,1.398636,-3.074371,14.156382,172.136541
8,238,1786607923.6779,0,1,27.285036,14.287989,41.623206,13.309253,-4.013391,-0.306927,4.02511,1.398564,-0.014243,1.398636,-3.065265,14.371535,171.721775
8,239,1786607923.71785,0,1,27.124322,14.278331,41.679148,13.308631,-4.017863,-0.241431,4.02511,1.39855,-0.01555,1.398636,-3.081575,14.587093,172.749629
8,240,1786607923.75784,0,1,26.963706,14.267149,41.735089,13.307956,-4.015391,-0.27955,4.02511,1.398534,-0.016888,1.398636,-3.072085,14.802493,172.30218
8,241,1786607923.79786,0,1,26.802917,14.25882,41.79103,13.307225,-4.01972,-0.208237,4.02511,1.398517,-0.018255,1.398636,-3.089835,15.01829,173.401679
8,242,1786607923.83785,0,1,26.642215,14.248965,41.84697,13.30644,-4.017563,-0.246375,4.02511,1.398498,-0.019646,1.398636,-3.080345,15.23394,172.9436
8,243,1786607923.87784,0,1,26.481363,14.241964,41.902909,13.305597,-4.021303,-0.175029,4.02511,1.398478,-0.02106,1.398636,-3.098095,15.449947,174.033126
8,244,1786607923.91786,0,1,26.320584,14.233436,41.958847,13.304698,-4.01946,-0.213183,4.02511,1.398456,-0.022493,1.398636,-3.088604,15.665817,173.565261
8,245,1786607923.95797,0,1,26.15968,14.227764,42.014784,13.30374,-4.022611,-0.141809,4.02511,1.398431,-0.023945,1.398636,-3.106354,15.882007,174.645606
8,246,1786607923.9979,0,1,25.998836,14.220565,42.07072,13.302723,-4.021084,-0.179977,4.02511,1.398406,-0.025412,1.398636,-3.096864,16.098071,174.168715
8,247,1786607924.03789,0,1,25.83791,14.21554,42.126655,13.301648,-4.023149,-0.125633,4.02511,1.398378,-0.026892,1.398636,-3.110375,16.314362,175.000118
8,248,1786607924.0779,0,1,25.677045,14.208844,42.18259,13.300524,-4.021628,-0.167397,4.02511,1.398354,-0.0281,1.398636,-3.099992,16.530518,174.466604
8,249,1786607924.11797,0,1,25.516157,14.202718,42.238523,13.299361,-4.022196,-0.153132,4.02511,1.398335,-0.029059,1.398636,-3.103539,16.746748,174.727538
8,250,1786607924.1579,0,1,25.355364,14.194471,42.294456,13.29817,-4.019826,-0.206173,4.02511,1.398319,-0.029787,1.398636,-3.090348,16.962788,174.035045
8,251,1786607924.19785,0,1,25.194472,14.188481,42.350388,13.296958,-4.022323,-0.149755,4.02511,1.398308,-0.030305,1.398636,-3.104379,17.179065,174.893054
8,252,1786607924.23792,0,1,25.033672,14.180369,42.40632,13.295732,-4.019998,-0.202798,4.02511,1.398301,-0.030629,1.398636,-3.091188,17.395157,174.196975
8,253,1786607924.27796,0,1,24.872803,14.173763,42.462252,13.294501,-4.021721,-0.165147,4.02511,1.398298,-0.030775,1.398636,-3.100552,17.611412,174.786819
8,254,1786607924.31789,0,1,24.712044,14.164877,42.518184,13.293271,-4.018975,-0.222149,4.02511,1.398298,-0.030758,1.398636,-3.086374,17.82746,174.033813
8,255,1786607924.35787,0,1,24.551183,14.158089,42.574116,13.292047,-4.021531,-0.169711,4.02511,1.398302,-0.03059,1.398636,-3.099417,18.043729,174.832441
8,256,1786607924.39784,0,1,24.390434,14.149021,42.630048,13.290836,-4.01872,-0.22671,4.02511,1.398308,-0.030285,1.398636,-3.085239,18.259793,174.077349
8,257,1786607924.4379,0,1,24.229867,14.137156,42.685981,13.289642,-4.014165,-0.296626,4.02511,1.398318,-0.029853,1.398636,-3.067832,18.475563,173.144613
8,258,1786607924.47796,0,1,24.069192,14.126869,42.741914,13.28847,-4.016887,-0.257153,4.02511,1.398329,-0.029305,1.398636,-3.077662,18.691535,173.766197
8,259,1786607924.51797,0,1,23.908396,14.11868,42.797848,13.287324,-4.019899,-0.20474,4.02511,1.398343,-0.02865,1.398636,-3.090705,18.907738,174.5643
8,260,1786607924.55791,0,1,23.747732,14.108211,42.853782,13.286208,-4.016593,-0.261712,4.02511,1.398358,-0.027897,1.398636,-3.076527,19.123725,173.808477
8,261,1786607924.59789,0,1,23.587275,14.094948,42.909717,13.285126,-4.011429,-0.331586,4.02511,1.398375,-0.027055,1.398636,-3.05912,19.339405,172.874742
8,262,1786607924.63789,0,1,23.426695,14.083262,42.965653,13.28408,-4.014494,-0.292138,4.02511,1.398392,-0.026129,1.398636,-3.06895,19.555295,173.495673
8,263,1786607924.6779,0,1,23.265977,14.073672,43.021589,13.283075,-4.017963,-0.239753,4.02511,1.398411,-0.025128,1.398636,-3.081993,19.771426,174.293511
8,264,1786607924.71791,0,1,23.10541,14.061805,43.077527,13.282113,-4.014158,-0.296694,4.025107,1.398429,-0.024058,1.398636,-3.067815,19.98733,173.537214
8,265,1786607924.7579,0,1,22.945083,14.047144,43.133465,13.281196,-4.008192,-0.366502,4.024913,1.398449,-0.022924,1.398636,-3.050408,20.202907,172.602739
8,266,1786607924.79788,0,1,22.784633,14.034062,43.189403,13.280327,-4.011238,-0.327054,4.024549,1.398468,-0.021731,1.398636,-3.060238,20.418687,173.22323
8,267,1786607924.83788,0,1,22.624049,14.023075,43.245343,13.279507,-4.014604,-0.274671,4.023989,1.398486,-0.020485,1.398636,-3.073281,20.634695,174.020949
8,268,1786607924.87789,0,1,22.463666,14.009816,43.301283,13.27874,-4.00957,-0.331498,4.02325,1.398505,-0.01919,1.398636,-3.059104,20.850438,173.26436
8,269,1786607924.91789,0,1,22.30316,13.998651,43.357224,13.278026,-4.012645,-0.279112,4.02234,1.398523,-0.01785,1.398636,-3.072146,21.066392,174.0607
8,270,1786607924.9579,0,1,22.142872,13.985216,43.413165,13.277367,-4.00721,-0.335878,4.021262,1.398539,-0.016469,1.398636,-3.05797,21.282068,173.302726
8,271,1786607924.9979,0,1,21.982891,13.968999,43.469108,13.276765,-3.999525,-0.405432,4.020022,1.398555,-0.01505,1.398636,-3.040568,21.497365,172.366411
8,272,1786607925.03788,0,1,21.822813,13.95436,43.52505,13.276221,-4.001941,-0.36596,4.018639,1.39857,-0.013597,1.398636,-3.050401,21.71283,172.985316
8,273,1786607925.07791,0,1,21.66262,13.941816,43.580994,13.275731,-4.004826,-0.313618,4.017087,1.398583,-0.012246,1.398636,-3.063442,21.928492,173.781662
8,274,1786607925.11791,0,1,21.502669,13.927006,43.636937,13.275292,-3.998791,-0.370238,4.015894,1.398593,-0.010988,1.398636,-3.049268,22.143861,173.023693
8,275,1786607925.15789,0,1,21.342571,13.914286,43.692882,13.274899,-4.00244,-0.317994,4.015053,1.398602,-0.009816,1.398636,-3.062309,22.359454,173.818745
8,276,1786607925.19787,0,1,21.18269,13.899301,43.748826,13.27455,-3.99703,-0.374639,4.014549,1.398609,-0.008723,1.398636,-3.048136,22.574783,173.059504
8,277,1786607925.2379,0,1,21.022634,13.886402,43.804771,13.274242,-4.001405,-0.322471,4.014378,1.398615,-0.007703,1.398636,-3.061177,22.79036,173.853339
8,278,1786607925.27784,0,1,20.862383,13.876106,43.860715,13.273972,-4.006266,-0.257394,4.014526,1.39862,-0.006751,1.398636,-3.077433,23.006214,174.824172
8,279,1786607925.31791,0,1,20.702236,13.864053,43.91666,13.273738,-4.003679,-0.301338,4.015003,1.398624,-0.00586,1.398636,-3.066469,23.221929,174.239083
8,280,1786607925.35788,0,1,20.541883,13.854602,43.972605,13.273537,-4.008818,-0.236259,4.015774,1.398627,-0.005027,1.398636,-3.082726,23.437926,175.206576
8,281,1786607925.39788,0,1,20.3816,13.843391,44.028551,13.273367,-4.007068,-0.280271,4.016858,1.39863,-0.004246,1.398636,-3.071762,23.65382,174.618121
8,282,1786607925.43787,0,1,20.221375,13.830676,44.084496,13.273226,-4.005627,-0.317884,4.018221,1.398632,-0.003513,1.398636,-3.062399,23.869631,174.124352
8,283,1786607925.47787,0,1,20.060922,13.82021,44.140441,13.273113,-4.011341,-0.261651,4.019866,1.398634,-0.002825,1.398636,-3.076457,24.085734,174.966453
8,284,1786607925.51786,0,1,19.900543,13.807628,44.196387,13.273026,-4.009465,-0.314559,4.021786,1.398635,-0.002178,1.398636,-3.063299,24.301725,174.253572
8,285,1786607925.55784,0,1,19.739916,13.797296,44.252332,13.272963,-4.015671,-0.258298,4.023969,1.398636,-0.001569,1.398636,-3.077359,24.518023,175.09426
8,286,1786607925.59785,0,1,19.579089,13.78974,44.308274,13.272923,-4.020675,-0.188893,4.02511,1.398545,-0.000995,1.398545,-3.094647,24.734585,176.112947
8,287,1786607925.63789,0,1,19.418345,13.780585,44.364208,13.272905,-4.018598,-0.228874,4.02511,1.398351,-0.000454,1.398351,-3.084701,24.951028,175.57444
8,288,1786607925.67789,0,1,19.257736,13.769315,44.42013,13.272908,-4.015238,-0.281736,4.02511,1.398062,5.8E-05,1.398062,-3.071541,25.167291,174.856121
8,289,1786607925.71786,0,1,19.096984,13.760305,44.476038,13.272929,-4.018802,-0.225251,4.02511,1.397685,0.000543,1.397685,-3.085602,25.383733,175.691809
8,290,1786607925.75787,0,1,18.936131,13.75331,44.531927,13.272969,-4.021309,-0.174886,4.02511,1.397228,0.001002,1.397228,-3.09813,25.600302,176.434681
8,291,1786607925.79785,0,1,18.775365,13.744554,44.587795,13.273027,-4.019153,-0.218906,4.02511,1.396696,0.001437,1.396697,-3.087181,25.816736,175.83589
8,292,1786607925.83794,0,1,18.614478,13.738416,44.643639,13.273101,-4.022184,-0.153451,4.02511,1.396097,0.00185,1.396098,-3.10346,26.03332,176.791007
8,293,1786607925.87789,0,1,18.453667,13.730516,44.699456,13.273191,-4.020262,-0.197483,4.02511,1.395435,0.002244,1.395436,-3.09251,26.249773,176.189524
8,294,1786607925.91788,0,1,18.292749,13.725236,44.755245,13.273295,-4.022944,-0.132012,4.02511,1.394715,0.002618,1.394717,-3.10879,26.466354,177.142089
8,295,1786607925.9579,0,1,18.131899,13.718194,44.811002,13.273414,-4.021258,-0.176053,4.02511,1.393941,0.002976,1.393945,-3.09784,26.68281,176.538038
8,296,1786607925.99789,0,1,17.971165,13.708874,44.866727,13.273547,-4.01836,-0.233001,4.02511,1.39312,0.003317,1.393124,-3.083673,26.899085,175.754176
8,297,1786607926.03789,0,1,17.810322,13.701653,44.922417,13.273693,-4.02106,-0.180523,4.02511,1.392253,0.003643,1.392258,-3.096728,27.115472,176.525136
8,298,1786607926.07785,0,1,17.649598,13.692154,44.978068,13.273845,-4.018099,-0.237467,4.02511,1.391281,0.003811,1.391286,-3.082562,27.331671,175.740845
8,299,1786607926.11795,0,1,17.488764,13.684754,45.033677,13.273999,-4.020857,-0.184993,4.02511,1.390213,0.003834,1.390218,-3.095617,27.547975,176.511434
8,300,1786607926.15789,0,1,17.327831,13.679974,45.089239,13.274148,-4.023335,-0.119514,4.02511,1.389055,0.003722,1.38906,-3.111896,27.764374,177.461002
8,301,1786607926.19789,0,1,17.166959,13.673431,45.144752,13.274287,-4.021785,-0.16356,4.02511,1.387816,0.003488,1.387821,-3.100946,27.980639,176.853791
8,302,1786607926.23784,0,1,17.006003,13.669509,45.200212,13.274413,-4.023915,-0.09807,4.02511,1.386502,0.00314,1.386506,-3.117226,28.196977,177.801025
8,303,1786607926.27785,0,1,16.845022,13.666772,45.255617,13.27452,-4.024528,-0.068416,4.02511,1.385119,0.002688,1.385122,-3.124594,28.413303,178.235068
8,304,1786607926.31787,0,1,16.684041,13.66401,45.310963,13.274606,-4.024518,-0.069048,4.02511,1.383672,0.002141,1.383674,-3.124438,28.629571,178.237755
8,305,1786607926.35783,0,1,16.523037,13.664322,45.36625,13.274666,-4.025102,0.007798,4.02511,1.382166,0.001505,1.382167,3.139655,28.845845,179.33702
8,306,1786607926.3979,0,1,16.362036,13.66332,45.421474,13.274698,-4.025032,-0.025053,4.02511,1.380607,0.000789,1.380607,-3.135368,29.062037,178.877184
8,307,1786607926.43788,0,1,16.201044,13.665392,45.476634,13.274698,-4.024777,0.051795,4.02511,1.378998,0,1.378998,3.128724,29.278197,179.972709
8,308,1786607926.47783,0,1,16.040042,13.666149,45.531728,13.274663,-4.025065,0.018944,4.02511,1.377343,-0.000858,1.377344,3.136886,29.494284,179.50914
8,309,1786607926.51782,0,1,15.879083,13.669981,45.586754,13.274592,-4.02397,0.095785,4.02511,1.375647,-0.001778,1.375648,3.117794,29.710302,179.398935
8,310,1786607926.55782,0,1,15.718098,13.672498,45.64171,13.274482,-4.024618,0.06294,4.02511,1.373912,-0.002754,1.373914,3.125955,29.926259,179.866095
9,0,1786607929.6986,0,1,59.48,13.100032,29.003536,13.399989,-0.499999,0.000796,0.5,0.0884,-0.000275,0.0884,3.14,30.47794,0.472649
9,1,1786607929.77857,0,1,59.431529,13.100749,29.020016,13.399933,-0.64122,0.00813,0.641272,0.245198,-0.00085,0.2452,3.128915,30.412985,0.162752
9,1,1786607929.81856,0,1,59.431529,13.100749,29.03296,13.399887,-0.64122,0.00813,0.641272,0.323598,-0.001151,0.3236,3.128915,30.400041,0.162599
9,2,1786607929.85847,0,1,59.403055,13.101081,29.04904,13.399828,-0.711861,0.008295,0.711909,0.401997,-0.001463,0.402,3.129941,30.355485,0.103726
9,3,1786607929.89844,0,1,59.371755,13.10141,29.068256,13.399757,-0.782503,0.008226,0.782546,0.480397,-0.001785,0.4804,3.13108,30.304968,0.038239
9,4,1786607929.93856,0,1,59.337629,13.10174,29.090607,13.399672,-0.853144,0.008252,0.853184,0.558796,-0.002117,0.5588,3.13192,30.248489,0.010141
9,5,1786607929.97856,0,1,59.300677,13.102073,29.116095,13.399574,-0.923785,0.008308,0.923823,0.637195,-0.002462,0.6372,3.1326,30.186048,0.049427
9,6,1786607930.01845,0,1,59.2609,13.102408,29.144719,13.399461,-0.994426,0.008394,0.994461,0.715594,-0.002819,0.7156,3.133152,30.117646,0.081487
9,7,1786607930.0585,0,1,59.218298,13.102748,29.176479,13.399333,-1.065066,0.008502,1.0651,0.793993,-0.00319,0.794,3.13361,30.043283,0.108245
9,8,1786607930.09857,0,1,59.17287,13.103093,29.211374,13.39919,-1.135706,0.008626,1.135739,0.872393,-0.003576,0.8724,3.133997,29.962958,0.131022
9,9,1786607930.13852,0,1,59.124616,13.103444,29.249152,13.399032,-1.206346,0.00876,1.206378,0.944446,-0.003945,0.944454,3.134331,29.876926,0.150823
9,10,1786607930.17856,0,1,59.073536,13.1038,29.289579,13.39886,-1.276987,0.008897,1.277018,1.010657,-0.004298,1.010666,3.134626,29.785419,0.168412
9,11,1786607930.21856,0,1,59.019631,13.104161,29.332438,13.398675,-1.347627,0.009032,1.347657,1.071491,-0.004638,1.071501,3.13489,29.688654,0.184382
9,12,1786607930.25857,0,1,58.9629,13.104527,29.377533,13.398476,-1.418267,0.00916,1.418297,1.12738,-0.004965,1.127391,3.135134,29.586827,0.199201
9,13,1786607930.29857,0,1,58.903344,13.104898,29.424682,13.398265,-1.488908,0.009276,1.488937,1.178719,-0.005279,1.17873,3.135363,29.480122,0.213237
9,14,1786607930.33856,0,1,58.840962,13.105273,29.473717,13.398042,-1.559549,0.009374,1.559577,1.225871,-0.005583,1.225884,3.135582,29.368705,0.22679
9,15,1786607930.37856,0,1,58.775755,13.105651,29.524484,13.397807,-1.630189,0.00945,1.630217,1.269172,-0.005876,1.269186,3.135796,29.25273,0.2401
9,16,1786607930.41857,0,1,58.707721,13.106031,29.576841,13.39756,-1.70083,0.0095,1.700857,1.308931,-0.00616,1.308945,3.136007,29.132339,0.253363
9,17,1786607930.45856,0,1,58.636863,13.106412,29.630658,13.397303,-1.771471,0.009518,1.771497,1.345429,-0.006436,1.345445,3.13622,29.007663,0.266743
9,18,1786607930.49856,0,1,58.563178,13.106792,29.685815,13.397035,-1.842112,0.0095,1.842137,1.378929,-0.006703,1.378945,3.136436,28.878821,0.280372
9,19,1786607930.53856,0,1,58.486668,13.10717,29.742202,13.396756,-1.912753,0.009443,1.912777,1.40967,-0.006963,1.409687,3.136656,28.745924,0.294361
9,20,1786607930.57856,0,1,58.407332,13.107543,29.799717,13.396468,-1.983395,0.009341,1.983417,1.437872,-0.007216,1.43789,3.136883,28.609074,0.308802
9,21,1786607930.61858,0,1,58.325171,13.107911,29.858267,13.396169,-2.054036,0.009192,2.054056,1.46374,-0.007462,1.463759,3.137118,28.468363,0.323773
9,22,1786607930.6585,0,1,58.240184,13.108271,29.917773,13.395864,-2.124677,0.00899,2.124696,1.487658,-0.00764,1.487678,3.137361,28.323871,0.339342
9,23,1786607930.69856,0,1,58.152371,13.108657,29.978164,13.395553,-2.195315,0.009658,2.195336,1.509784,-0.007755,1.509804,3.137193,28.175667,0.331353
9,24,1786607930.73856,0,1,58.061764,13.109063,30.039375,13.395241,-2.265169,0.010147,2.265191,1.530261,-0.007812,1.530281,3.137113,28.023851,0.328465
9,25,1786607930.77856,0,1,57.968434,13.109491,30.101344,13.394928,-2.333267,0.010711,2.333291,1.54922,-0.007815,1.54924,3.137002,27.868552,0.323837
9,26,1786607930.81856,0,1,57.872447,13.109943,30.164015,13.394618,-2.399657,0.01129,2.399683,1.566784,-0.00777,1.566803,3.136888,27.709895,0.319078
9,27,1786607930.85856,0,1,57.773872,13.110419,30.227337,13.39431,-2.464384,0.011902,2.464412,1.583063,-0.007679,1.583081,3.136763,27.547997,0.31374
9,28,1786607930.89856,0,1,57.672772,13.110921,30.291264,13.394009,-2.527493,0.012547,2.527524,1.59816,-0.007546,1.598178,3.136628,27.382972,0.307908
9,29,1786607930.93852,0,1,57.569211,13.11145,30.355751,13.393714,-2.589027,0.013227,2.589061,1.612171,-0.007375,1.612188,3.136484,27.214924,0.301537
9,30,1786607930.97851,0,1,57.46325,13.112008,30.420758,13.393427,-2.64903,0.013944,2.649066,1.625182,-0.007169,1.625197,3.136329,27.043956,0.294628
9,31,1786607931.01853,0,1,57.354948,13.112596,30.486249,13.39315,-2.707541,0.0147,2.707581,1.637272,-0.006931,1.637287,3.136164,26.870164,0.287178
9,32,1786607931.05854,0,1,57.244364,13.113216,30.552189,13.392883,-2.7646,0.015494,2.764644,1.648516,-0.006663,1.64853,3.135988,26.69364,0.279192
9,33,1786607931.09848,0,1,57.131554,13.113869,30.618549,13.392628,-2.820248,0.016328,2.820295,1.658981,-0.006368,1.658994,3.135803,26.514471,0.270677
9,34,1786607931.13854,0,1,57.016574,13.114557,30.685298,13.392386,-2.874521,0.017202,2.874573,1.66873,-0.006048,1.668741,3.135608,26.332741,0.261647
9,35,1786607931.17855,0,1,56.899475,13.115281,30.752411,13.392158,-2.927457,0.018117,2.927513,1.67782,-0.005705,1.67783,3.135404,26.14853,0.252116
9,36,1786607931.21855,0,1,56.780312,13.116044,30.819863,13.391945,-2.979091,0.019072,2.979152,1.686303,-0.005341,1.686312,3.135191,25.961915,0.242102
9,37,1786607931.25856,0,1,56.659133,13.116847,30.887632,13.391746,-3.029458,0.020067,3.029524,1.694229,-0.004957,1.694236,3.134969,25.772967,0.231626
9,38,1786607931.29854,0,1,56.53599,13.117691,30.955698,13.391564,-3.078593,0.021101,3.078665,1.701641,-0.004557,1.701647,3.134739,25.581758,0.22071
9,39,1786607931.33855,0,1,56.410929,13.118578,31.024041,13.391398,-3.126527,0.022173,3.126606,1.708581,-0.00414,1.708586,3.134501,25.388354,0.209377
9,40,1786607931.37856,0,1,56.283997,13.119509,31.092644,13.39125,-3.173295,0.023283,3.17338,1.715087,-0.003708,1.715091,3.134256,25.192818,0.197651
9,41,1786607931.41856,0,1,56.15524,13.120486,31.161492,13.39112,-3.218926,0.024429,3.219019,1.721193,-0.003263,1.721196,3.134004,24.995213,0.185558
9,42,1786607931.45856,0,1,56.024702,13.121511,31.230569,13.391007,-3.263452,0.02561,3.263553,1.726931,-0.002805,1.726934,3.133745,24.795597,0.173124
9,43,1786607931.49857,0,1,55.892426,13.122584,31.299863,13.390914,-3.306902,0.026825,3.307011,1.732331,-0.002337,1.732333,3.133481,24.594027,0.160374
9,44,1786607931.53859,0,1,55.758453,13.123707,31.369359,13.39084,-3.349304,0.028071,3.349422,1.73742,-0.001858,1.737421,3.133212,24.390557,0.147335
9,45,1786607931.57856,0,1,55.622826,13.124881,31.439048,13.390785,-3.390688,0.029348,3.390815,1.742223,-0.001369,1.742223,3.132937,24.185239,0.134033
9,46,1786607931.61856,0,1,55.485583,13.126107,31.508919,13.39075,-3.43108,0.030654,3.431217,1.746762,-0.000873,1.746762,3.132659,23.978124,0.120493
9,47,1786607931.65853,0,1,55.346762,13.127386,31.578954,13.390729,-3.470507,0.031987,3.470655,1.750883,-0.000524,1.750883,3.132376,23.769267,0.106725
9,48,1786607931.69856,0,1,55.206415,13.129052,31.649139,13.390717,-3.508674,0.04164,3.508921,1.754618,-0.000311,1.754618,3.129726,23.55873,0.043543
9,49,1786607931.73852,0,1,55.064587,13.130995,31.719459,13.390708,-3.545717,0.048585,3.54605,1.758,-0.000222,1.758,3.127891,23.346572,0.147655
9,50,1786607931.77856,0,1,54.921323,13.133314,31.789901,13.390698,-3.581603,0.057962,3.582072,1.761056,-0.000249,1.761056,3.125411,23.132853,0.289651
9,51,1786607931.81856,0,1,54.776667,13.136003,31.860454,13.390682,-3.616393,0.067226,3.617018,1.763813,-0.000382,1.763813,3.123006,22.917628,0.428224
9,52,1786607931.85855,0,1,54.630663,13.139107,31.931105,13.390658,-3.650095,0.077598,3.65092,1.766293,-0.000612,1.766293,3.120337,22.700951,0.582964
9,53,1786607931.89856,0,1,54.483353,13.142642,32.001846,13.390621,-3.682745,0.088388,3.683806,1.76852,-0.000932,1.76852,3.117597,22.482875,0.742907
9,54,1786607931.93856,0,1,54.334779,13.146638,32.072667,13.390567,-3.714362,0.099907,3.715706,1.770514,-0.001334,1.770514,3.114702,22.263448,0.912969
9,55,1786607931.97856,0,1,54.18498,13.151115,32.143558,13.390495,-3.744975,0.111921,3.746647,1.772292,-0.001812,1.772293,3.111716,22.042721,1.089578
9,56,1786607932.01855,0,1,54.033996,13.156095,32.214513,13.390401,-3.774606,0.1245,3.776658,1.773874,-0.002359,1.773875,3.108621,21.82074,1.273902
9,57,1786607932.05848,0,1,53.881864,13.161597,32.285524,13.390282,-3.80328,0.13754,3.805766,1.775273,-0.00297,1.775276,3.105445,21.597551,1.464433
9,58,1786607932.09857,0,1,53.728624,13.167639,32.356585,13.390136,-3.831019,0.151041,3.833996,1.776506,-0.00364,1.776509,3.102187,21.373197,1.661292
9,59,1786607932.13856,0,1,53.57431,13.174236,32.427688,13.389962,-3.857849,0.164938,3.861373,1.777584,-0.004363,1.77759,3.098865,21.147722,1.863649
9,60,1786607932.17856,0,1,53.418958,13.181405,32.498829,13.389756,-3.88379,0.179211,3.887923,1.778521,-0.005136,1.778529,3.095482,20.921167,2.071326
9,61,1786607932.21856,0,1,53.262603,13.189157,32.570002,13.389518,-3.908867,0.193811,3.913669,1.779328,-0.005954,1.779338,3.092051,20.693571,2.283769
9,62,1786607932.25855,0,1,53.105279,13.197505,32.641203,13.389245,-3.9331,0.20871,3.938634,1.780015,-0.006813,1.780028,3.088577,20.464975,2.500734
9,63,1786607932.2985,0,1,52.947019,13.20646,32.712426,13.388937,-3.956513,0.22387,3.962842,1.780592,-0.007711,1.780609,3.08507,20.235415,2.721814
9,64,1786607932.33859,0,1,52.787854,13.216031,32.783669,13.388591,-3.979126,0.239262,3.986313,1.781068,-0.008643,1.781089,3.081536,20.004929,2.946777
9,65,1786607932.37856,0,1,52.627815,13.226225,32.854927,13.388207,-4.000961,0.254852,4.00907,1.78145,-0.009607,1.781476,3.077981,19.773552,3.175316
9,66,1786607932.41856,0,1,52.466934,13.237049,32.926197,13.387783,-4.022039,0.270613,4.031132,1.781747,-0.0106,1.781778,3.074411,19.541318,3.407239
9,67,1786607932.45857,0,1,52.305239,13.24851,32.997475,13.387318,-4.04238,0.286515,4.052521,1.781964,-0.011619,1.782002,3.070833,19.308262,3.642317
9,68,1786607932.49856,0,1,52.142758,13.260611,33.06876,13.386812,-4.062004,0.302536,4.073255,1.782109,-0.012662,1.782154,3.06725,19.074416,3.88041
9,69,1786607932.53855,0,1,51.979521,13.273357,33.140047,13.386263,-4.080932,0.318649,4.093353,1.782187,-0.013728,1.78224,3.063668,18.839812,4.121356
9,71,1786607932.61859,0,1,51.485534,13.315486,33.282622,13.385034,-4.133725,0.36733,4.150014,1.782164,-0.015916,1.782235,3.052964,18.203045,4.859152
9,71,1786607932.65856,0,1,51.485534,13.315486,33.35391,13.384357,-4.133725,0.36733,4.150014,1.782202,-0.016904,1.782283,3.052964,18.131755,4.860428
9,72,1786607932.69859,0,1,51.319395,13.329371,33.425203,13.383646,-4.153464,0.347122,4.167944,1.782313,-0.017786,1.782401,3.058212,17.894275,4.603557
9,73,1786607932.73859,0,1,51.152602,13.343847,33.496502,13.382903,-4.16983,0.361901,4.185505,1.782489,-0.018569,1.782586,3.055019,17.656143,4.833547
9,74,1786607932.77855,0,1,50.985032,13.357286,33.567811,13.382133,-4.189262,0.335969,4.202712,1.782727,-0.019262,1.782831,3.061566,17.417238,4.50344
9,75,1786607932.81856,0,1,50.816838,13.371377,33.639132,13.381338,-4.204838,0.352284,4.21957,1.783021,-0.019871,1.783131,3.058007,17.177709,4.755863
9,76,1786607932.85857,0,1,50.647874,13.384121,33.710467,13.380522,-4.224092,0.318601,4.236091,1.783366,-0.020404,1.783483,3.066311,16.937408,4.325526
9,77,1786607932.89853,0,1,50.478329,13.397742,33.781817,13.379687,-4.238627,0.340513,4.252283,1.783759,-0.020865,1.783881,3.061429,16.696522,4.654986
9,78,1786607932.93859,0,1,50.308012,13.409547,33.853185,13.378837,-4.257941,0.295121,4.268156,1.784195,-0.021262,1.784322,3.072393,16.454856,4.071801
9,79,1786607932.97856,0,1,50.137169,13.422713,33.924572,13.377973,-4.271059,0.329145,4.283723,1.784672,-0.021598,1.784803,3.064681,16.212659,4.564849
9,80,1786607933.01856,0,1,49.965535,13.433282,33.995979,13.377098,-4.290861,0.264241,4.298989,1.785185,-0.021878,1.785319,3.080088,15.969655,3.725529
9,81,1786607933.05856,0,1,49.793442,13.445948,34.067408,13.376213,-4.302335,0.316637,4.313971,1.785733,-0.022108,1.78587,3.068128,15.726188,4.463255
9,82,1786607933.0985,0,1,49.620586,13.455979,34.138839,13.375322,-4.321395,0.250786,4.328666,1.785772,-0.022284,1.785911,3.083624,15.481957,3.619849
9,83,1786607933.13856,0,1,49.44725,13.467581,34.21027,13.374425,-4.333398,0.290038,4.343094,1.78577,-0.022415,1.785911,3.074762,15.237264,4.179427
9,85,1786607933.21847,0,1,48.92346,13.495211,34.353132,13.372623,-4.380262,0.200022,4.384826,1.785768,-0.02256,1.785911,3.09596,14.570844,3.096612
9,85,1786607933.25848,0,1,48.92346,13.495211,34.424562,13.37172,-4.380262,0.200022,4.384826,1.785768,-0.022579,1.785911,3.09596,14.499424,3.102556
9,86,1786607933.2986,0,1,48.747808,13.505104,34.495993,13.370817,-4.391295,0.247325,4.398255,1.785768,-0.022568,1.785911,3.08533,14.252448,3.763445
9,88,1786607933.37849,0,1,48.217351,13.527002,34.638855,13.369017,-4.434657,0.149374,4.437172,1.785769,-0.022459,1.785911,3.107922,13.579416,2.595778
9,88,1786607933.41852,0,1,48.217351,13.527002,34.710285,13.368123,-4.434657,0.149374,4.437172,1.785771,-0.022367,1.785911,3.107922,13.508,2.603098
9,90,1786607933.49856,0,1,47.68229,13.546828,34.853147,13.366348,-4.470904,0.172292,4.474223,1.785774,-0.022118,1.785911,3.103075,12.830413,3.012858
9,90,1786607933.53848,0,1,47.68229,13.546828,34.924578,13.365469,-4.470904,0.172292,4.474223,1.785776,-0.021964,1.785911,3.103075,12.759001,3.021315
9,91,1786607933.57853,0,1,47.502886,13.550735,34.996009,13.364598,-4.485119,0.097664,4.486182,1.785778,-0.021792,1.785911,3.119821,12.508261,2.100077
9,92,1786607933.61847,0,1,47.323063,13.556601,35.06744,13.363733,-4.495577,0.146658,4.497968,1.78578,-0.021605,1.785911,3.108982,12.25714,2.770073
9,93,1786607933.65856,0,1,47.142702,13.559458,35.138872,13.362883,-4.509004,0.07143,4.509569,1.785784,-0.021267,1.785911,3.125752,12.00544,1.845778
9,94,1786607933.69875,0,1,46.961918,13.563645,35.210303,13.362051,-4.519607,0.10468,4.520819,1.78579,-0.020792,1.785911,3.118436,11.753344,2.309593
9,95,1786607933.73861,0,1,46.780822,13.564649,35.281735,13.361243,-4.527414,0.025102,4.527484,1.785796,-0.02019,1.785911,3.136048,11.500885,1.331065
9,96,1786607933.77854,0,1,46.599523,13.56747,35.353167,13.360465,-4.53247,0.070528,4.533018,1.785804,-0.019472,1.785911,3.126033,11.24826,1.94598
9,97,1786607933.81854,0,1,46.418032,13.567095,35.4246,13.359719,-4.537265,-0.009385,4.537275,1.785813,-0.018648,1.785911,-3.139524,10.995388,0.962168
9,98,1786607933.85856,0,1,46.236436,13.567234,35.496033,13.35901,-4.539918,0.00346,4.53992,1.785823,-0.017725,1.785911,3.14083,10.742421,1.154325
9,99,1786607933.89859,0,1,46.054842,13.563865,35.567466,13.358341,-4.539842,-0.084224,4.540623,1.785832,-0.016713,1.785911,-3.123043,10.489389,0.059851
9,100,1786607933.93848,0,1,45.873302,13.562012,35.6389,13.357716,-4.538498,-0.04631,4.538734,1.785842,-0.015618,1.785911,-3.131389,10.236441,0.55895
9,101,1786607933.97851,0,1,45.692045,13.556661,35.710334,13.357138,-4.531418,-0.133779,4.533392,1.785852,-0.014448,1.785911,-3.112079,9.983705,0.545902
9,102,1786607934.01853,0,1,45.511176,13.552833,35.781768,13.35661,-4.521719,-0.095701,4.522732,1.785862,-0.013209,1.785911,-3.120431,9.731387,0.057078
9,103,1786607934.05855,0,1,45.331231,13.545551,35.853203,13.356134,-4.498644,-0.182052,4.502327,1.785871,-0.011907,1.785911,-3.101146,9.47992,1.1725
9,104,1786607934.09851,0,1,45.1533,13.534268,35.924638,13.355712,-4.448267,-0.282082,4.457202,1.785879,-0.010546,1.785911,-3.078264,9.230389,2.520072
9,105,1786607934.13856,0,1,44.977421,13.518446,35.996074,13.355347,-4.396976,-0.395542,4.414731,1.785887,-0.009133,1.785911,-3.051876,8.982828,4.100001
9,106,1786607934.1787,0,1,44.803528,13.497554,36.06751,13.35504,-4.347334,-0.522288,4.378595,1.785894,-0.007672,1.785911,-3.022026,8.73718,5.91606
9,107,1786607934.21864,0,1,44.631468,13.471045,36.138946,13.354793,-4.301503,-0.662723,4.352256,1.7859,-0.006166,1.785911,-2.988727,8.493317,7.974313
9,108,1786607934.25867,0,1,44.461109,13.438778,36.210382,13.354608,-4.258962,-0.806685,4.334685,1.785905,-0.00462,1.785911,-2.954401,8.251156,10.140795
9,109,1786607934.29864,0,1,44.292035,13.402471,36.281818,13.354487,-4.226843,-0.907673,4.323201,1.785908,-0.003038,1.785911,-2.930065,8.010361,11.776433
9,110,1786607934.33868,0,1,44.124159,13.362144,36.353255,13.35443,-4.196916,-1.008167,4.316307,1.78591,-0.001423,1.785911,-2.905843,7.770908,13.450555
9,111,1786607934.37864,0,1,43.957437,13.317814,36.424691,13.354439,-4.168043,-1.108266,4.312868,1.785911,0.000223,1.785911,-2.88171,7.532835,15.168757
9,112,1786607934.41873,0,1,43.791861,13.269493,36.496127,13.354515,-4.139405,-1.208024,4.312076,1.78591,0.001896,1.785911,-2.857643,7.296229,16.936778
9,113,1786607934.45865,0,1,43.627444,13.217194,36.567564,13.354658,-4.110416,-1.307461,4.313349,1.785907,0.003593,1.785911,-2.833628,7.061219,18.760558
9,114,1786607934.49852,0,1,43.464219,13.160932,36.639,13.354871,-4.080638,-1.406572,4.316254,1.785903,0.005313,1.785911,-2.809653,6.827974,20.646395
9,115,1786607934.53869,0,1,43.302229,13.100718,36.710436,13.355153,-4.049737,-1.50533,4.320461,1.785897,0.007053,1.785911,-2.785709,6.596702,22.601081
9,116,1786607934.57875,0,1,43.141531,13.03657,36.781871,13.355506,-4.017448,-1.603699,4.325707,1.785889,0.008811,1.785911,-2.76179,6.367652,24.632026
9,117,1786607934.61867,0,1,42.981147,12.970999,36.853306,13.355929,-4.009606,-1.639289,4.331767,1.785879,0.010585,1.785911,-2.753489,6.139919,25.831131
9,118,1786607934.65868,0,1,42.820823,12.904535,36.924741,13.356414,-4.00809,-1.661595,4.338857,1.785869,0.012124,1.785911,-2.748598,5.913373,26.899561
9,119,1786607934.69866,0,1,42.66032,12.837719,36.996176,13.356952,-4.012587,-1.670397,4.346387,1.78586,0.013448,1.785911,-2.747123,5.687894,27.839111
9,120,1786607934.73873,0,1,42.499394,12.771096,37.06761,13.357535,-4.023149,-1.665584,4.354297,1.785851,0.014572,1.785911,-2.749076,5.46335,28.651587
9,121,1786607934.77874,0,1,42.337805,12.705217,37.139043,13.358155,-4.039728,-1.646975,4.36256,1.785843,0.015513,1.785911,-2.754471,5.239604,29.339029
9,122,1786607934.81869,0,1,42.175318,12.640644,37.210477,13.358807,-4.062168,-1.614323,4.371184,1.785836,0.016285,1.785911,-2.763326,5.016513,29.903812
9,123,1786607934.85873,0,1,42.01171,12.577951,37.28191,13.359483,-4.09019,-1.567312,4.380197,1.785831,0.016901,1.785911,-2.775663,4.793934,30.34876
9,124,1786607934.89865,0,1,41.846775,12.517729,37.353343,13.360178,-4.123383,-1.505557,4.389646,1.785826,0.017374,1.785911,-2.791506,4.571723,30.67728
9,125,1786607934.93873,0,1,41.680328,12.460585,37.424776,13.360886,-4.161186,-1.428606,4.399589,1.785823,0.017716,1.785911,-2.810884,4.349743,30.893532
9,127,1786607935.01852,0,1,41.174006,12.302199,37.567642,13.362325,-4.247942,-1.264877,4.43226,1.785819,0.018045,1.785911,-2.85219,3.758954,32.96277
9,127,1786607935.05871,0,1,41.174006,12.302199,37.639074,13.363048,-4.247942,-1.264877,4.43226,1.785819,0.018051,1.785911,-2.85219,3.690683,33.286282
9,128,1786607935.09875,0,1,41.003877,12.250688,37.710507,13.363766,-4.253215,-1.287774,4.443894,1.78582,0.017963,1.785911,-2.84759,3.476382,35.519078
9,129,1786607935.13866,0,1,40.83216,12.202988,37.78194,13.364478,-4.292942,-1.192488,4.455488,1.785822,0.017789,1.785911,-2.870645,3.263878,36.370429
9,130,1786607935.17875,0,1,40.659946,12.155251,37.853373,13.365179,-4.305344,-1.193439,4.467693,1.785825,0.017535,1.785911,-2.871183,3.056269,38.814469
9,131,1786607935.21873,0,1,40.486144,12.11159,37.924806,13.365867,-4.345046,-1.091505,4.480046,1.785828,0.017207,1.785911,-2.895479,2.851958,40.1921
9,132,1786607935.25876,0,1,40.311984,12.067219,37.996239,13.36654,-4.354005,-1.109299,4.493095,1.785831,0.016813,1.785911,-2.892123,2.655355,43.589508
9,133,1786607935.29871,0,1,40.136279,12.026985,38.067673,13.367194,-4.392619,-1.005842,4.506309,1.785836,0.016357,1.785911,-2.916489,2.464811,45.835904
9,134,1786607935.33874,0,1,39.960065,11.986467,38.139106,13.367828,-4.405362,-1.01295,4.520319,1.78584,0.015844,1.785911,-2.915585,2.285617,50.132858
9,135,1786607935.37874,0,1,39.782329,11.950252,38.21054,13.368439,-4.443389,-0.90537,4.534689,1.785845,0.01528,1.785911,-2.940588,2.11702,53.575911
9,136,1786607935.41871,0,1,39.603901,11.914371,38.281974,13.369026,-4.460698,-0.89703,4.549998,1.78585,0.014669,1.785911,-2.943143,1.965582,59.107128
9,137,1786607935.45875,0,1,39.423964,11.88309,38.353409,13.369586,-4.49842,-0.782031,4.56589,1.785856,0.014014,1.785911,-2.969467,1.831874,64.101109
9,138,1786607935.49874,0,1,39.242574,11.857152,38.424843,13.370119,-4.534763,-0.648448,4.580891,1.785861,0.01332,1.785911,-2.999561,1.719812,69.747439
9,139,1786607935.53872,0,1,39.059895,11.837322,38.496278,13.370623,-4.566972,-0.495735,4.593798,1.785866,0.012589,1.785911,-3.033468,1.633608,76.012438
9,140,1786607935.57857,0,1,38.876204,11.823155,38.567712,13.371096,-4.592272,-0.354174,4.60591,1.785871,0.011826,1.785911,-3.064621,1.578381,83.139244
9,141,1786607935.61874,0,1,38.691772,11.813338,38.639148,13.371537,-4.610813,-0.245426,4.61734,1.785877,0.011032,1.785911,-3.088414,1.559087,91.112613
9,142,1786607935.65874,0,1,38.506731,11.807902,38.710583,13.371946,-4.626004,-0.135916,4.628,1.785881,0.010223,1.785911,-3.11222,1.577273,99.108758
9,143,1786607935.69874,0,1,38.321191,11.806871,38.782018,13.372322,-4.638512,-0.025756,4.638583,1.785886,0.0094,1.785911,-3.13604,1.631869,106.721169
9,144,1786607935.73873,0,1,38.135258,11.810269,38.853454,13.372665,-4.648323,0.084932,4.649099,1.78589,0.008564,1.785911,3.123323,1.71956,113.640339
9,145,1786607935.77875,0,1,37.949041,11.818112,38.92489,13.372973,-4.655417,0.196078,4.659545,1.785894,0.007715,1.785911,3.099499,1.835722,119.701063
9,146,1786607935.81873,0,1,37.762493,11.827722,38.996321,13.373247,-4.66371,0.240248,4.669894,1.785797,0.006853,1.78581,3.090124,1.97762,125.652226
9,147,1786607935.85874,0,1,37.575667,11.83955,39.067726,13.373486,-4.670647,0.295715,4.679999,1.785103,0.005978,1.785113,3.078363,2.139906,130.584354
9,148,1786607935.89852,0,1,37.388478,11.851908,39.13908,13.37369,-4.679724,0.308938,4.68991,1.783859,0.00509,1.783866,3.075672,2.319575,135.22289
9,149,1786607935.93856,0,1,37.201499,11.870032,39.210364,13.373858,-4.674468,0.4531,4.696376,1.782109,0.004192,1.782114,3.044964,2.509388,137.645235
9,150,1786607935.97857,0,1,37.014295,11.888696,39.28156,13.373989,-4.680105,0.466609,4.703308,1.779894,0.003284,1.779897,3.04222,2.710458,141.077451
9,151,1786607936.01856,0,1,36.826786,11.907207,39.35265,13.374084,-4.687737,0.462766,4.710523,1.77725,0.002367,1.777252,3.043193,2.92091,144.216555
9,152,1786607936.05855,0,1,36.638894,11.924864,39.423619,13.374141,-4.697296,0.441421,4.717991,1.774213,0.001442,1.774214,3.047894,3.139283,147.137285
9,153,1786607936.09843,0,1,36.450553,11.940959,39.494451,13.374162,-4.708531,0.402384,4.725693,1.770813,0.000511,1.770813,3.056341,3.36443,149.902319
9,154,1786607936.13846,0,1,36.262085,11.959161,39.565134,13.374145,-4.7117,0.455059,4.733624,1.76708,-0.000427,1.76708,3.045311,3.593371,151.293788
9,155,1786607936.17844,0,1,36.073111,11.975426,39.635656,13.37409,-4.724339,0.406609,4.741805,1.763041,-0.001371,1.763041,3.055737,3.827269,153.645753
9,156,1786607936.21844,0,1,35.883875,11.992537,39.706005,13.373997,-4.730897,0.427786,4.750199,1.758719,-0.002319,1.75872,3.051414,4.064124,154.9614
9,157,1786607936.25844,0,1,35.694082,12.007121,39.77617,13.373866,-4.74483,0.364597,4.758817,1.754137,-0.003271,1.75414,3.064902,4.304815,157.094644
9,158,1786607936.29844,0,1,35.504164,12.024443,39.846143,13.373697,-4.747942,0.433043,4.767649,1.749317,-0.004227,1.749322,3.050638,4.546786,157.526222
9,159,1786607936.33842,0,1,35.313669,12.039218,39.915914,13.37349,-4.762387,0.369388,4.776691,1.744277,-0.005186,1.744285,3.064184,4.791757,159.397017
9,160,1786607936.37842,0,1,35.123036,12.056745,39.985475,13.373244,-4.765834,0.438168,4.785934,1.739035,-0.006147,1.739046,3.049911,5.037508,159.597479
9,161,1786607936.41843,0,1,34.931806,12.071716,40.05482,13.37296,-4.780748,0.374279,4.795376,1.733607,-0.00711,1.733622,3.063463,5.285689,161.271795
9,162,1786607936.45842,0,1,34.740296,12.087991,40.12394,13.372637,-4.787752,0.406855,4.805007,1.728008,-0.008074,1.728027,3.056818,5.534794,161.721819
9,163,1786607936.49842,0,1,34.548166,12.101338,40.19283,13.372275,-4.80325,0.333696,4.814827,1.722251,-0.00904,1.722275,3.072231,5.785976,163.336927
9,164,1786607936.53842,0,1,34.355817,12.117107,40.261484,13.371875,-4.808704,0.394212,4.824836,1.71635,-0.010006,1.716379,3.059797,6.037495,163.318265
9,165,1786607936.57844,0,1,34.162843,12.129933,40.329897,13.371436,-4.824372,0.320659,4.835017,1.710316,-0.010973,1.710351,3.075224,6.290778,164.815148
9,166,1786607936.61844,0,1,33.969629,12.145191,40.398063,13.370958,-4.83034,0.381445,4.845378,1.704158,-0.011939,1.7042,3.062788,6.544255,164.68929
9,167,1786607936.6584,0,1,33.775956,12.157479,40.466023,13.370447,-4.841819,0.307205,4.851555,1.699006,-0.012793,1.699054,3.078229,6.799139,166.092961
9,168,1786607936.69853,0,1,33.582451,12.172175,40.533814,13.369905,-4.837623,0.367401,4.851555,1.694777,-0.013542,1.694831,3.065792,7.053794,165.88076
9,169,1786607936.73849,0,1,33.388995,12.187499,40.60147,13.369337,-4.836406,0.383096,4.851555,1.691398,-0.014194,1.691457,3.062547,7.308662,166.165208
9,170,1786607936.77849,0,1,33.195548,12.202935,40.669022,13.368747,-4.836182,0.38591,4.851555,1.688801,-0.014758,1.688865,3.061965,7.563857,166.571368
9,171,1786607936.81854,0,1,33.002237,12.219996,40.736499,13.368137,-4.832771,0.426501,4.851555,1.686923,-0.01524,1.686992,3.053569,7.819018,166.512782
9,172,1786607936.85854,0,1,32.808719,12.234525,40.803927,13.367511,-4.837937,0.363246,4.851555,1.685707,-0.015646,1.68578,3.06665,8.075086,167.640552
9,173,1786607936.89852,0,1,32.615438,12.251918,40.871331,13.366872,-4.832031,0.434811,4.851555,1.6851,-0.015983,1.685176,3.051849,8.33084,167.16685
9,174,1786607936.93858,0,1,32.422185,12.269616,40.938734,13.366222,-4.831337,0.44245,4.851555,1.685054,-0.016256,1.685132,3.050268,8.586859,167.430356
9,175,1786607936.97847,0,1,32.229144,12.2895,41.006154,13.365563,-4.82602,0.497102,4.851555,1.685523,-0.016469,1.685603,3.03895,8.842727,167.129423
9,176,1786607937.01855,0,1,32.035892,12.307215,41.073613,13.364898,-4.831297,0.442884,4.851555,1.686466,-0.016628,1.686548,3.050178,9.099401,168.087393
9,177,1786607937.0585,0,1,31.842962,12.328148,41.141127,13.364229,-4.823249,0.523308,4.851555,1.687845,-0.016737,1.687928,3.033519,9.355711,167.449651
9,178,1786607937.09847,0,1,31.649809,12.346912,41.208712,13.363557,-4.828821,0.469119,4.851555,1.689625,-0.016799,1.689709,3.044747,9.612814,168.380222
9,179,1786607937.13848,0,1,31.456996,12.368892,41.276383,13.362884,-4.820335,0.549498,4.851555,1.691775,-0.016819,1.691859,3.028087,9.869568,167.716383
9,180,1786607937.17848,0,1,31.263958,12.388705,41.344153,13.362212,-4.825935,0.495313,4.851287,1.694264,-0.0168,1.694348,3.039315,10.127095,168.623625
9,181,1786607937.21854,0,1,31.071321,12.411725,41.412036,13.361542,-4.81594,0.57551,4.850205,1.697066,-0.016744,1.697149,3.022656,10.384245,167.937391
9,182,1786607937.25848,0,1,30.878511,12.432573,41.480042,13.360876,-4.820257,0.521201,4.848353,1.700156,-0.016655,1.700237,3.033884,10.642097,168.824515
9,183,1786607937.29848,0,1,30.686178,12.456617,41.548183,13.360214,-4.808306,0.601089,4.845731,1.70351,-0.016536,1.70359,3.017227,10.899524,168.118965
9,184,1786607937.3385,0,1,30.493721,12.478484,41.616467,13.359559,-4.811424,0.546681,4.842382,1.707107,-0.016389,1.707186,3.028456,11.157588,168.988608
9,185,1786607937.37857,0,1,30.301817,12.503532,41.684904,13.35891,-4.797612,0.626189,4.838305,1.710928,-0.016216,1.711005,3.011805,11.415181,168.266337
9,186,1786607937.41855,0,1,30.109832,12.5264,41.753502,13.358269,-4.79961,0.571709,4.83354,1.714955,-0.016019,1.71503,3.023036,11.673348,169.120691
9,187,1786607937.4585,0,1,29.918471,12.552431,41.822269,13.357637,-4.784029,0.650768,4.828088,1.719172,-0.0158,1.719245,3.006393,11.931,168.383883
9,188,1786607937.49856,0,1,29.727072,12.57628,41.891212,13.357015,-4.784981,0.59624,4.821986,1.723563,-0.015561,1.723633,3.017625,12.189169,169.224784
9,189,1786607937.53856,0,1,29.536363,12.603272,41.960336,13.356403,-4.767718,0.674789,4.815233,1.728114,-0.015304,1.728182,3.000994,12.446779,168.475292
9,190,1786607937.57856,0,1,29.345656,12.628081,42.029649,13.355802,-4.767692,0.620236,4.807867,1.732813,-0.01503,1.732878,3.012228,12.704852,169.304291
9,191,1786607937.61851,0,1,29.155702,12.65601,42.099155,13.355212,-4.74883,0.698215,4.799885,1.737648,-0.014741,1.73771,2.99561,12.962324,168.543698
9,192,1786607937.65851,0,1,28.965787,12.681756,42.168837,13.354637,-4.747891,0.643662,4.791323,1.742051,-0.014371,1.742111,3.006846,13.220185,169.362096
9,193,1786607937.6985,0,1,28.776649,12.710603,42.238679,13.35408,-4.728434,0.721156,4.783112,1.746058,-0.013927,1.746113,2.990244,13.4774,168.59175
9,194,1786607937.73844,0,1,28.587511,12.737277,42.308667,13.353543,-4.728466,0.666872,4.77526,1.749699,-0.013415,1.749751,3.001483,13.734989,169.400697
9,195,1786607937.7785,0,1,28.39829,12.761064,42.378787,13.35303,-4.73051,0.594656,4.767739,1.753005,-0.01284,1.753052,3.016542,13.993024,170.410543
9,196,1786607937.8185,0,1,28.209674,12.787223,42.449027,13.352542,-4.71542,0.653991,4.760556,1.756002,-0.012208,1.756045,3.00378,14.250571,169.830391
9,197,1786607937.85852,0,1,28.020957,12.810508,42.519376,13.352081,-4.717914,0.582115,4.753691,1.758715,-0.011524,1.758752,3.018829,14.50853,170.82694
9,198,1786607937.89844,0,1,27.832812,12.836163,42.589823,13.351649,-4.703618,0.641383,4.747145,1.761166,-0.010791,1.761199,3.006069,14.766011,170.23445
9,199,1786607937.93855,0,1,27.644551,12.858956,42.660358,13.351248,-4.706535,0.569817,4.740904,1.763376,-0.010014,1.763405,3.02111,15.023874,171.219074
9,200,1786607937.97856,0,1,27.456831,12.884117,42.730972,13.35088,-4.692997,0.629026,4.734965,1.765365,-0.009198,1.765389,3.008352,15.281272,170.615499
9,201,1786607938.01856,0,1,27.268979,12.906427,42.801658,13.350547,-4.696311,0.557741,4.729314,1.767151,-0.008344,1.76717,3.023385,15.539028,171.589393
9,202,1786607938.05858,0,1,27.080953,12.925175,42.872408,13.350248,-4.700643,0.468715,4.723954,1.768749,-0.007457,1.768765,3.042208,15.797175,172.76378
9,203,1786607938.09852,0,1,26.893304,12.94559,42.943215,13.349987,-4.691215,0.51038,4.718897,1.770175,-0.006539,1.770187,3.033224,16.055005,172.347604
9,204,1786607938.13856,0,1,26.706122,12.968374,43.014073,13.349763,-4.679557,0.569591,4.714095,1.771442,-0.005593,1.771451,3.02047,16.31241,171.72044
9,205,1786607938.17856,0,1,26.518799,12.988325,43.084975,13.349578,-4.683069,0.498763,4.709554,1.772563,-0.004623,1.772569,3.035489,16.570115,172.671479
9,206,1786607938.21855,0,1,26.331916,13.010642,43.155917,13.349433,-4.672079,0.557937,4.705275,1.77355,-0.003629,1.773554,3.022736,16.827412,172.036389
9,207,1786607938.25856,0,1,26.144879,13.030135,43.226894,13.349329,-4.67592,0.487313,4.701244,1.774414,-0.002614,1.774416,3.03775,17.084997,172.979752
9,208,1786607938.29857,0,1,25.95766,13.046098,43.297901,13.349265,-4.680481,0.399083,4.697464,1.775164,-0.001581,1.775165,3.056533,17.342891,174.124818
9,209,1786607938.33856,0,1,25.770732,13.063733,43.368933,13.349244,-4.673199,0.440866,4.693948,1.77581,-0.000531,1.77581,3.047532,17.600517,173.681235
9,210,1786607938.37859,0,1,25.584175,13.083735,43.439987,13.349265,-4.663919,0.500062,4.690651,1.776359,0.000534,1.776359,3.034781,17.857786,173.028192
9,211,1786607938.41848,0,1,25.397462,13.100925,43.51106,13.34933,-4.667837,0.429747,4.687578,1.77682,0.001612,1.776821,3.049786,18.115302,173.954173
9,212,1786607938.45857,0,1,25.211096,13.120482,43.582148,13.349438,-4.659149,0.488926,4.684732,1.777199,0.002703,1.777201,3.037036,18.372479,173.295337
9,213,1786607938.49856,0,1,25.024562,13.137232,43.653248,13.34959,-4.663337,0.418747,4.6821,1.777504,0.003804,1.777508,3.052037,18.629896,174.215734
9,214,1786607938.53855,0,1,24.837844,13.150474,43.724358,13.349787,-4.667959,0.331045,4.679683,1.77774,0.004915,1.777747,3.070793,18.887566,175.338829
9,215,1786607938.57853,0,1,24.65134,13.165391,43.795474,13.350028,-4.662607,0.372927,4.677497,1.777912,0.006033,1.777922,3.06178,19.145025,174.874501
9,216,1786607938.61851,0,1,24.46512,13.182677,43.866595,13.350314,-4.655484,0.432148,4.675498,1.778026,0.007159,1.778041,3.049032,19.402199,174.201628
9,217,1786607938.65851,0,1,24.278735,13.197163,43.93772,13.350642,-4.65964,0.362154,4.673693,1.778104,0.008198,1.778123,3.064027,19.659584,175.108516
9,218,1786607938.69855,0,1,24.092603,13.214019,44.008845,13.351009,-4.653303,0.421399,4.672345,1.778148,0.009158,1.778172,3.05128,19.916714,174.431364
9,219,1786607938.73856,0,1,23.906275,13.22808,44.079972,13.35141,-4.65819,0.35152,4.671435,1.778161,0.010043,1.77819,3.066273,20.174074,175.334211
9,220,1786607938.7785,0,1,23.720161,13.244513,44.151098,13.351845,-4.652857,0.410825,4.670959,1.778146,0.010859,1.778179,3.053526,20.431219,174.653141
9,221,1786607938.81848,0,1,23.533823,13.258153,44.222222,13.352309,-4.658432,0.341022,4.670897,1.778105,0.011612,1.778143,3.068518,20.688613,175.552354
9,222,1786607938.85846,0,1,23.347661,13.27417,44.293344,13.352802,-4.654055,0.400403,4.671248,1.77804,0.012307,1.778082,3.055771,20.94583,174.867681
9,223,1786607938.89855,0,1,23.16125,13.287395,44.364462,13.353319,-4.660275,0.330639,4.67199,1.777952,0.012947,1.778,3.070763,21.203314,175.763618
9,224,1786607938.93857,0,1,22.974978,13.302999,44.435575,13.353861,-4.656811,0.390109,4.673122,1.777845,0.013537,1.777896,3.058016,21.460658,175.07562
9,225,1786607938.97848,0,1,22.788432,13.315813,44.506684,13.354424,-4.663636,0.32035,4.674626,1.777718,0.01408,1.777774,3.073009,21.718286,175.968605
9,226,1786607939.01855,0,1,22.601991,13.33101,44.577787,13.355007,-4.661041,0.379924,4.6765,1.777575,0.01458,1.777635,3.060262,21.97581,175.277526
9,227,1786607939.0585,0,1,22.415253,13.343416,44.648884,13.355609,-4.668434,0.310137,4.678724,1.777415,0.01504,1.777479,3.075257,22.233634,176.167849
9,228,1786607939.09856,0,1,22.228587,13.358209,44.719973,13.356227,-4.666669,0.369827,4.6813,1.777242,0.015464,1.777309,3.062509,22.491387,175.473907
9,229,1786607939.13856,0,1,22.041603,13.370208,44.791056,13.356862,-4.674593,0.299981,4.684208,1.777054,0.015853,1.777125,3.077508,22.749457,176.361828
9,230,1786607939.1785,0,1,21.854658,13.3846,44.86213,13.35751,-4.67362,0.3598,4.687449,1.776854,0.01621,1.776928,3.064759,23.007488,175.665215
9,231,1786607939.21857,0,1,21.667376,13.396195,44.933196,13.358171,-4.68204,0.289866,4.691004,1.776643,0.016538,1.77672,3.079761,23.26585,176.550972
9,232,1786607939.25856,0,1,21.480104,13.410188,45.004252,13.358845,-4.681824,0.349825,4.694875,1.776422,0.016839,1.776502,3.067011,23.524205,175.851861
9,233,1786607939.29856,0,1,21.292577,13.422973,45.0753,13.35953,-4.688159,0.319635,4.699042,1.776191,0.017114,1.776273,3.073519,23.782808,176.252504
9,234,1786607939.33855,0,1,21.105082,13.438543,45.146338,13.360224,-4.687371,0.389253,4.703506,1.775951,0.017366,1.776036,3.05874,24.041383,175.439534
9,235,1786607939.37857,0,1,20.917211,13.451691,45.217366,13.360928,-4.696772,0.328699,4.708259,1.775703,0.017596,1.77579,3.071723,24.300324,176.210743
9,236,1786607939.41856,0,1,20.729289,13.466838,45.288384,13.36164,-4.698051,0.378669,4.713287,1.775447,0.017805,1.775536,3.061165,24.55932,175.637269
9,237,1786607939.45848,0,1,20.540962,13.479368,45.359391,13.36236,-4.708179,0.313235,4.718587,1.775185,0.017996,1.775276,3.075161,24.818705,176.463841
9,238,1786607939.49855,0,1,20.352604,13.494508,45.430388,13.363087,-4.708963,0.37852,4.724152,1.774916,0.018169,1.775009,3.061382,25.078129,175.704541
9,239,1786607939.53856,0,1,20.163819,13.507026,45.501374,13.36382,-4.719609,0.312945,4.729973,1.774641,0.018327,1.774736,3.075382,25.337959,176.530248
9,240,1786607939.57848,0,1,19.974983,13.522164,45.572348,13.364559,-4.720899,0.378447,4.736044,1.774361,0.018469,1.774457,3.0616,25.59785,175.769508
9,241,1786607939.61848,0,1,19.785702,13.534672,45.643311,13.365303,-4.732036,0.312712,4.742357,1.774076,0.018596,1.774174,3.075605,25.858164,176.59445
9,242,1786607939.65851,0,1,19.596263,13.548678,45.714263,13.366048,-4.735982,0.350132,4.748907,1.773785,0.018633,1.773883,3.067797,26.118639,176.172445
9,243,1786607939.6985,0,1,19.40638,13.559769,45.785202,13.366791,-4.747061,0.277287,4.755153,1.773489,0.018585,1.773586,3.083247,26.379528,177.076168
9,244,1786607939.73848,0,1,19.216412,13.573222,45.85613,13.36753,-4.749216,0.336324,4.76111,1.773188,0.01846,1.773284,3.070894,26.640512,176.39165
9,245,1786607939.77856,0,1,19.026032,13.583749,45.927045,13.36826,-4.759501,0.263183,4.766772,1.772882,0.018263,1.772976,3.086353,26.901877,177.293935
9,246,1786607939.81855,0,1,18.835581,13.596642,45.997948,13.36898,-4.761264,0.322322,4.772161,1.772571,0.018001,1.772663,3.073999,27.163321,176.607388
9,247,1786607939.85852,0,1,18.644935,13.609666,46.068838,13.369687,-4.766161,0.325594,4.77727,1.772257,0.017678,1.772345,3.073385,27.424954,176.593348
9,249,1786607939.93839,0,1,18.07199,13.650271,46.21058,13.371054,-4.780125,0.323152,4.791036,1.771618,0.01687,1.771698,3.074092,28.139975,176.701029
9,249,1786607939.97847,0,1,18.07199,13.650271,46.281432,13.37171,-4.780125,0.323152,4.791036,1.771294,0.016393,1.77137,3.074092,28.210817,176.698269
9,250,1786607940.01852,0,1,17.88046,13.660074,46.352271,13.372345,-4.788267,0.245075,4.794535,1.770967,0.015873,1.771038,3.090455,28.473265,177.649022
9,251,1786607940.05853,0,1,17.688636,13.666007,46.423096,13.372957,-4.795599,0.14833,4.797893,1.770637,0.015314,1.770704,3.110672,28.735955,178.812699
9,252,1786607940.09853,0,1,17.496594,13.667318,46.493909,13.373546,-4.80104,0.032779,4.801152,1.770305,0.014718,1.770367,3.134765,28.998802,179.81073
9,253,1786607940.13852,0,1,17.304464,13.663251,46.564707,13.37411,-4.803259,-0.101682,4.804335,1.769971,0.01409,1.770027,-3.120426,29.261672,178.221105
9,254,1786607940.17851,0,1,17.11221,13.659181,46.635493,13.374647,-4.806359,-0.101765,4.807436,1.769635,0.01343,1.769686,-3.120423,29.524654,178.234884
9,255,1786607940.2185,0,1,16.919826,13.655841,46.706265,13.375157,-4.8096,-0.083494,4.810325,1.769297,0.012743,1.769343,-3.124234,29.787762,178.465555
9,256,1786607940.25851,0,1,16.727454,13.648269,46.777023,13.375638,-4.809276,-0.189294,4.813,1.768957,0.012031,1.768998,-3.102253,30.050805,177.226182
9,257,1786607940.29854,0,1,16.534952,13.641524,46.847768,13.37609,-4.812574,-0.168614,4.815527,1.768616,0.011295,1.768652,-3.106571,30.313978,177.491694
9,258,1786607940.3385,0,1,16.342308,13.636346,46.918499,13.376511,-4.816094,-0.129455,4.817833,1.768273,0.010538,1.768305,-3.114719,30.577295,177.973393
9,259,1786607940.37851,0,1,16.149532,13.633477,46.989216,13.376902,-4.819395,-0.071728,4.819929,1.767929,0.009763,1.767956,-3.126711,30.840751,178.670651
9,260,1786607940.41844,0,1,15.95675,13.627547,47.059919,13.37726,-4.81955,-0.148252,4.82183,1.767584,0.008969,1.767607,-3.110842,31.104176,177.777062
9,261,1786607940.45857,0,1,15.763842,13.623928,47.130609,13.377587,-4.822707,-0.090483,4.823556,1.767237,0.00816,1.767256,-3.122833,31.367734,178.475186
9,262,1786607940.49858,0,1,15.570954,13.617245,47.201284,13.37788,-4.822203,-0.167066,4.825096,1.76689,0.007337,1.766905,-3.106961,31.631236,177.582193
10,0,1786607943.56872,0,1,59.48,13.100032,29.003536,13.399979,-0.499999,0.000796,0.5,0.088398,-0.00053,0.0884,3.14,30.47794,0.47263
10,0,1786607943.60874,0,1,59.48,13.100032,29.010208,13.399931,-0.499999,0.000796,0.5,0.166795,-0.001202,0.1668,3.14,30.471268,0.472663
10,1,1786607943.64874,0,1,59.457179,13.100457,29.020015,13.39985,-0.570535,0.010625,0.570634,0.245191,-0.002024,0.245199,3.122972,30.438636,0.50331
10,2,1786607943.68883,0,1,59.43153,13.100816,29.032959,13.39973,-0.641207,0.008972,0.64127,0.323585,-0.003003,0.323599,3.127601,30.400041,0.238292
10,3,1786607943.72868,0,1,59.403057,13.101193,29.049038,13.399564,-0.711844,0.009428,0.711906,0.401977,-0.00415,0.401998,3.128348,30.355485,0.195658
10,4,1786607943.7687,0,1,59.371757,13.101577,29.068252,13.399345,-0.782484,0.009599,0.782543,0.480365,-0.005473,0.480397,3.129325,30.304968,0.139886
10,5,1786607943.80874,0,1,59.337632,13.101973,29.090602,13.399065,-0.853122,0.009897,0.853179,0.558751,-0.006985,0.558794,3.129993,30.248489,0.101878
10,6,1786607943.84873,0,1,59.300682,13.102382,29.116088,13.398717,-0.923759,0.010239,0.923816,0.637132,-0.008699,0.637191,3.130509,30.186049,0.072569
10,7,1786607943.88874,0,1,59.260906,13.102808,29.144708,13.398292,-0.994396,0.010635,0.994453,0.715508,-0.010629,0.715587,3.130899,30.117648,0.050589
10,8,1786607943.92875,0,1,59.218305,13.103251,29.17645,13.397781,-1.065033,0.011076,1.065091,0.79354,-0.012784,0.793643,3.131193,30.043299,0.034129
10,9,1786607943.96873,0,1,59.172878,13.103713,29.211061,13.397181,-1.135669,0.01156,1.135728,0.865279,-0.014998,0.865409,3.131414,29.963254,0.021994
10,10,1786607944.0087,0,1,59.124626,13.104196,29.24831,13.39649,-1.206305,0.012081,1.206366,0.931227,-0.017265,0.931388,3.131578,29.877746,0.013265
10,11,1786607944.04871,0,1,59.073548,13.104702,29.287984,13.395707,-1.276941,0.012637,1.277004,0.991849,-0.019582,0.992042,3.131697,29.786986,0.007245
10,12,1786607944.0887,0,1,59.019645,13.105231,29.329887,13.394829,-1.347577,0.013224,1.347642,1.04757,-0.021944,1.0478,3.13178,29.691171,0.003392
10,13,1786607944.12882,0,1,58.962917,13.105784,29.373838,13.393855,-1.418213,0.013839,1.41828,1.098782,-0.024346,1.099052,3.131835,29.590481,0.00128
10,14,1786607944.16875,0,1,58.903363,13.106363,29.419672,13.392784,-1.488848,0.014478,1.488919,1.145846,-0.026786,1.146159,3.131868,29.485082,0.000571
10,15,1786607944.20879,0,1,58.840983,13.106969,29.467236,13.391614,-1.559484,0.015139,1.559557,1.189094,-0.02926,1.189454,3.131885,29.375127,0.000995
10,16,1786607944.24877,0,1,58.775778,13.107602,29.516389,13.390343,-1.630119,0.015819,1.630196,1.228831,-0.031764,1.229242,3.131889,29.260756,0.002332
10,17,1786607944.28873,0,1,58.707748,13.108262,29.567002,13.388971,-1.700755,0.016514,1.700835,1.265339,-0.034296,1.265803,3.131883,29.142098,0.004403
10,18,1786607944.32881,0,1,58.636893,13.108951,29.618957,13.387497,-1.77139,0.017222,1.771474,1.298874,-0.036853,1.299397,3.131871,29.019272,0.007063
10,19,1786607944.36879,0,1,58.563212,13.109669,29.672144,13.38592,-1.842026,0.017941,1.842113,1.329676,-0.039433,1.330261,3.131853,28.892388,0.01019
10,20,1786607944.40874,0,1,58.486705,13.110416,29.726463,13.384238,-1.912661,0.018667,1.912752,1.357963,-0.042033,1.358613,3.131833,28.761546,0.013686
10,21,1786607944.44874,0,1,58.407373,13.111192,29.78182,13.382452,-1.983297,0.019399,1.983392,1.383935,-0.044651,1.384655,3.131812,28.626838,0.017467
10,22,1786607944.48874,0,1,58.325281,13.111996,29.838132,13.380561,-2.052299,0.020117,2.052397,1.407779,-0.047286,1.408573,3.131791,28.488416,0.021466
10,23,1786607944.52875,0,1,58.240505,13.112829,29.895326,13.378584,-2.11942,0.020818,2.119522,1.429852,-0.049424,1.430706,3.13177,28.346425,0.025603
10,24,1786607944.56871,0,1,58.153127,13.113499,29.953338,13.37654,-2.184431,0.016743,2.184495,1.450297,-0.051106,1.451197,3.133928,28.201017,0.095291
10,25,1786607944.6087,0,1,58.063234,13.114032,30.012107,13.374445,-2.247335,0.013331,2.247375,1.469243,-0.052366,1.470175,3.135661,28.052335,0.192015
10,26,1786607944.6487,0,1,57.970906,13.114395,30.07158,13.372316,-2.3082,0.009083,2.308218,1.48681,-0.053239,1.487762,3.137657,27.900519,0.304196
10,27,1786607944.6887,0,1,57.876223,13.114571,30.131704,13.370165,-2.367076,0.004384,2.36708,1.503108,-0.053756,1.504069,3.13974,27.745696,0.421697
10,28,1786607944.7287,0,1,57.779262,13.114534,30.192434,13.368008,-2.424015,-0.000903,2.424015,1.51824,-0.053944,1.519198,-3.14122,27.587993,0.547773
10,29,1786607944.76875,0,1,57.6801,13.114264,30.253725,13.365854,-2.479068,-0.006759,2.479077,1.532298,-0.05383,1.533243,-3.138866,27.427528,0.681782
10,30,1786607944.80868,0,1,57.578808,13.113736,30.31554,13.363717,-2.532282,-0.013205,2.532317,1.545368,-0.053439,1.546292,-3.136378,27.264414,0.824116
10,31,1786607944.84874,0,1,57.47546,13.112926,30.377841,13.361605,-2.583705,-0.020246,2.583785,1.55753,-0.052792,1.558424,-3.133757,27.09876,0.974762
10,32,1786607944.8887,0,1,57.370125,13.111811,30.440596,13.359529,-2.633382,-0.027887,2.63353,1.568856,-0.051909,1.569714,-3.131003,26.930669,1.133758
10,33,1786607944.9287,0,1,57.26287,13.110366,30.503772,13.357496,-2.681358,-0.036127,2.681601,1.579412,-0.050811,1.580229,-3.12812,26.76024,1.301053
10,34,1786607944.9687,0,1,57.153764,13.108567,30.567343,13.355516,-2.727674,-0.044964,2.728045,1.589261,-0.049514,1.590032,-3.12511,26.587568,1.47657
10,35,1786607945.0087,0,1,57.042869,13.106391,30.631281,13.353594,-2.772373,-0.054391,2.772907,1.598459,-0.048035,1.599181,-3.121976,26.412745,1.660188
10,36,1786607945.04872,0,1,56.930249,13.103815,30.695563,13.351739,-2.815495,-0.0644,2.816231,1.607058,-0.046387,1.607728,-3.118723,26.235857,1.851757
10,37,1786607945.0887,0,1,56.815966,13.100816,30.760167,13.349955,-2.857078,-0.074978,2.858062,1.615106,-0.044586,1.615722,-3.115356,26.056989,2.0511
10,38,1786607945.12874,0,1,56.700079,13.097372,30.825073,13.34825,-2.897161,-0.086113,2.898441,1.622647,-0.042643,1.623208,-3.111878,25.876222,2.258016
10,39,1786607945.16874,0,1,56.582648,13.09346,30.890262,13.346627,-2.935781,-0.097786,2.937409,1.629722,-0.040571,1.630227,-3.108297,25.693633,2.472289
10,40,1786607945.20872,0,1,56.463729,13.089061,30.955717,13.345092,-2.972972,-0.109981,2.975006,1.636368,-0.03838,1.636818,-3.104616,25.509297,2.693685
10,41,1786607945.24873,0,1,56.343378,13.084154,31.021422,13.343648,-3.008771,-0.122677,3.011271,1.642619,-0.036079,1.643015,-3.100842,25.323286,2.921961
10,42,1786607945.2888,0,1,56.22165,13.07872,31.087362,13.342301,-3.043212,-0.135851,3.046243,1.648507,-0.033679,1.648851,-3.096981,25.13567,3.156866
10,43,1786607945.32879,0,1,56.098597,13.072741,31.153524,13.341054,-3.076327,-0.149482,3.079957,1.654061,-0.031187,1.654355,-3.09304,24.946515,3.398142
10,44,1786607945.36874,0,1,55.974271,13.066199,31.219897,13.339909,-3.10815,-0.163546,3.11245,1.659307,-0.028611,1.659554,-3.089023,24.755887,3.645531
10,45,1786607945.40871,0,1,55.848722,13.059078,31.286468,13.338871,-3.138712,-0.178017,3.143756,1.664271,-0.025959,1.664473,-3.084937,24.563848,3.898773
10,46,1786607945.44874,0,1,55.722,13.051363,31.353226,13.337942,-3.168044,-0.192869,3.173909,1.668974,-0.023236,1.669136,-3.080788,24.370459,4.157613
10,47,1786607945.48873,0,1,55.594153,13.04304,31.420164,13.337124,-3.196176,-0.208077,3.202942,1.673438,-0.02045,1.673563,-3.076582,24.175778,4.421797
10,48,1786607945.52871,0,1,55.465228,13.034096,31.487258,13.336401,-3.22314,-0.223615,3.230887,1.677361,-0.018063,1.677458,-3.072326,23.979875,4.691039
10,49,1786607945.5687,0,1,55.335165,13.025633,31.55449,13.335759,-3.251571,-0.211554,3.258446,1.680786,-0.016043,1.680863,-3.076622,23.782697,4.469701
10,50,1786607945.60872,0,1,55.204023,13.017024,31.62184,13.335185,-3.278558,-0.215227,3.285614,1.683754,-0.014361,1.683815,-3.07604,23.584329,4.528861
10,51,1786607945.64871,0,1,55.071784,13.008771,31.689292,13.334665,-3.305973,-0.206333,3.312405,1.6863,-0.012991,1.68635,-3.079261,23.384763,4.369836
10,52,1786607945.68873,0,1,54.93848,13.000614,31.75683,13.334189,-3.332591,-0.203927,3.338825,1.688458,-0.011908,1.6885,-3.080477,23.18405,4.326062
10,53,1786607945.72869,0,1,54.804111,12.992805,31.824441,13.333745,-3.359216,-0.195214,3.364884,1.69026,-0.011089,1.690296,-3.083545,22.9822,4.175899
10,54,1786607945.76869,0,1,54.668699,12.985239,31.89211,13.333325,-3.385311,-0.18916,3.390592,1.691733,-0.010513,1.691766,-3.085774,22.779249,4.073729
10,55,1786607945.80873,0,1,54.53225,12.978054,31.959826,13.332919,-3.411234,-0.17962,3.415959,1.692905,-0.010161,1.692936,-3.088986,22.575213,3.914827
10,56,1786607945.84872,0,1,54.39478,12.971211,32.027578,13.332518,-3.436741,-0.171089,3.440997,1.6938,-0.010015,1.693829,-3.091851,22.37012,3.775407
10,57,1786607945.88868,0,1,54.2563,12.964793,32.095356,13.332116,-3.462,-0.16045,3.465716,1.694438,-0.010058,1.694468,-3.09528,22.163988,3.60314
10,58,1786607945.92871,0,1,54.116824,12.958789,32.16315,13.331705,-3.486898,-0.150098,3.490127,1.694842,-0.010276,1.694873,-3.098573,21.956842,3.438011
10,59,1786607945.96873,0,1,53.976364,12.953254,32.230951,13.331278,-3.511515,-0.13837,3.51424,1.695029,-0.010654,1.695063,-3.102208,21.748698,3.252487
10,60,1786607946.00871,0,1,53.834932,12.948189,32.298751,13.330831,-3.5358,-0.126618,3.538066,1.695018,-0.01118,1.695055,-3.105798,21.539579,3.068794
10,61,1786607946.04871,0,1,53.69254,12.943633,32.366544,13.330358,-3.559794,-0.113914,3.561616,1.694823,-0.011841,1.694865,-3.109603,21.329502,2.871732
10,62,1786607946.0887,0,1,53.549201,12.93959,32.434323,13.329853,-3.583474,-0.101065,3.584899,1.69446,-0.012626,1.694507,-3.113397,21.118484,2.674348
10,63,1786607946.12873,0,1,53.404926,12.936089,32.50208,13.329312,-3.606864,-0.087529,3.607926,1.693943,-0.013526,1.693997,-3.11733,20.906544,2.467853
10,64,1786607946.16872,0,1,53.259728,12.933136,32.569812,13.32873,-3.629955,-0.073814,3.630706,1.693282,-0.014532,1.693345,-3.121261,20.693698,2.260307
10,65,1786607946.20869,0,1,53.113618,12.930753,32.637511,13.328105,-3.652762,-0.059593,3.653248,1.692491,-0.015633,1.692563,-3.12528,20.479961,2.046392
10,66,1786607946.24869,0,1,52.966606,12.928945,32.705175,13.327432,-3.675283,-0.0452,3.675561,1.691579,-0.016823,1.691663,-3.129295,20.26535,1.831324
10,67,1786607946.28869,0,1,52.818705,12.927727,32.772797,13.326708,-3.697529,-0.030429,3.697654,1.690556,-0.018094,1.690653,-3.133363,20.049878,1.611733
10,68,1786607946.32872,0,1,52.669925,12.927107,32.840374,13.325931,-3.719503,-0.015511,3.719535,1.689431,-0.01944,1.689543,-3.137423,19.833561,1.391138
10,69,1786607946.3687,0,1,52.520276,12.927095,32.907902,13.325096,-3.741213,-0.000309,3.741213,1.688212,-0.020854,1.688341,-3.14151,19.616412,1.167298
10,70,1786607946.40873,0,1,52.36977,12.927695,32.975379,13.324203,-3.762666,0.015009,3.762695,1.686906,-0.02233,1.687054,3.137604,19.398444,0.942675
10,71,1786607946.44875,0,1,52.218415,12.928917,33.0428,13.323249,-3.783866,0.030536,3.783989,1.685521,-0.023863,1.68569,3.133523,19.17967,0.715701
10,72,1786607946.48876,0,1,52.066222,12.930762,33.110162,13.322231,-3.804823,0.046149,3.805102,1.684063,-0.025449,1.684256,3.129464,18.960102,0.488155
10,73,1786607946.52871,0,1,51.913201,12.933239,33.177477,13.321158,-3.825541,0.061914,3.826042,1.682873,-0.026807,1.683086,3.12541,18.739739,0.258913
10,74,1786607946.5687,0,1,51.759356,12.935463,33.244754,13.32004,-3.846114,0.055605,3.846516,1.681928,-0.027957,1.682161,3.127136,18.518596,0.361659
10,75,1786607946.6087,0,1,51.604718,12.938154,33.312003,13.318884,-3.865944,0.067264,3.866529,1.68121,-0.028915,1.681459,3.124195,18.296677,0.195545
10,76,1786607946.64871,0,1,51.449293,12.940573,33.379231,13.317696,-3.885626,0.06049,3.886097,1.680701,-0.029695,1.680963,3.126026,18.073997,0.303696
10,77,1786607946.6887,0,1,51.293109,12.943359,33.446446,13.316483,-3.904605,0.06963,3.905225,1.680383,-0.030312,1.680656,3.123762,17.850563,0.176083
10,78,1786607946.72874,0,1,51.136171,12.94583,33.513656,13.315252,-3.923442,0.061793,3.923929,1.680241,-0.030779,1.680523,3.125844,17.626388,0.298605
10,79,1786607946.76871,0,1,50.978507,12.948615,33.580866,13.314008,-3.9416,0.069622,3.942215,1.680261,-0.031107,1.680549,3.123931,17.401478,0.191244
10,80,1786607946.80874,0,1,50.820122,12.951024,33.648083,13.312756,-3.959639,0.060211,3.960097,1.680431,-0.031308,1.680723,3.126388,17.175848,0.335582
10,81,1786607946.84873,0,1,50.661042,12.953738,33.715313,13.3115,-3.977005,0.06786,3.977584,1.680738,-0.031391,1.681031,3.124531,16.949505,0.231916
10,82,1786607946.8887,0,1,50.50127,12.955986,33.78256,13.310245,-3.994292,0.0562,3.994687,1.681171,-0.031366,1.681464,3.127523,16.722463,0.407776
10,83,1786607946.92871,0,1,50.340834,12.958586,33.849828,13.308996,-4.01089,0.065,4.011416,1.681721,-0.031242,1.682011,3.125388,16.494728,0.288817
10,84,1786607946.96878,0,1,50.179735,12.960584,33.917124,13.307754,-4.027472,0.049942,4.027782,1.682377,-0.031027,1.682663,3.129193,16.266317,0.512499
10,85,1786607947.00873,0,1,50.018003,12.963057,33.984449,13.306525,-4.04332,0.061834,4.043793,1.683132,-0.030727,1.683412,3.126301,16.037232,0.351048
10,86,1786607947.0487,0,1,49.855633,12.964706,34.051808,13.305311,-4.059251,0.041219,4.05946,1.683977,-0.03035,1.684251,3.131439,15.807495,0.652875
10,87,1786607947.08869,0,1,49.692658,12.967087,34.119204,13.304115,-4.074357,0.059527,4.074792,1.684906,-0.029902,1.685171,3.126983,15.577101,0.402711
10,88,1786607947.12873,0,1,49.529071,12.96825,34.186641,13.30294,-4.089695,0.029068,4.089798,1.685911,-0.029389,1.686167,3.134485,15.34608,0.842463
10,89,1786607947.16873,0,1,49.364909,12.970657,34.25412,13.301787,-4.104047,0.060195,4.104488,1.686986,-0.028815,1.687232,3.126927,15.114416,0.415041
10,90,1786607947.2087,0,1,49.200154,12.971094,34.321645,13.30066,-4.118855,0.010924,4.118869,1.688127,-0.028186,1.688362,3.138941,14.882159,1.116964
10,91,1786607947.2487,0,1,49.034857,12.973701,34.389218,13.299559,-4.13244,0.065157,4.132953,1.689327,-0.027507,1.68955,3.125827,14.649263,0.371281
10,92,1786607947.28869,0,1,48.868987,12.973962,34.456841,13.298488,-4.146739,0.006534,4.146744,1.690581,-0.026781,1.690793,3.140017,14.415799,1.199664
10,93,1786607947.32869,0,1,48.702594,12.9763,34.524517,13.297448,-4.159841,0.058438,4.160251,1.691887,-0.026012,1.692087,3.127545,14.181714,0.492743
10,94,1786607947.36869,0,1,48.535654,12.97625,34.592246,13.29644,-4.173481,-0.001247,4.173481,1.693238,-0.025205,1.693426,-3.141294,13.947084,1.332595
10,95,1786607947.40869,0,1,48.36821,12.978347,34.660032,13.295465,-4.186115,0.052445,4.186444,1.694633,-0.024361,1.694808,3.129065,13.711846,0.607429
10,96,1786607947.44874,0,1,48.200244,12.978034,34.727874,13.294526,-4.199136,-0.007844,4.199144,1.696067,-0.023485,1.696229,-3.139725,13.476087,1.45277
10,97,1786607947.48873,0,1,48.03179,12.979798,34.795776,13.293623,-4.21136,0.044107,4.211591,1.697537,-0.022578,1.697687,3.13112,13.239734,0.758167
10,98,1786607947.52874,0,1,47.86284,12.97911,34.863688,13.29275,-4.223754,-0.017202,4.223789,1.697795,-0.021821,1.697935,-3.13752,13.002935,1.615491
10,99,1786607947.56871,0,1,47.693422,12.980593,34.9316,13.291901,-4.235455,0.037083,4.235617,1.697803,-0.021212,1.697935,3.132837,12.765618,0.89574
10,100,1786607947.6087,0,1,47.523541,12.979607,34.999512,13.291072,-4.247008,-0.024653,4.24708,1.697808,-0.020742,1.697935,-3.135788,12.527902,1.757206
10,101,1786607947.64871,0,1,47.353218,12.980804,35.067425,13.290256,-4.258088,0.029925,4.258193,1.697813,-0.020401,1.697935,3.134565,12.28969,1.040195
10,102,1786607947.68871,0,1,47.182464,12.979516,35.135337,13.289448,-4.268838,-0.032214,4.268959,1.697815,-0.020178,1.697935,-3.134047,12.051113,1.906066
10,103,1786607947.72889,0,1,47.011291,12.980421,35.20325,13.288646,-4.279335,0.02264,4.279395,1.697817,-0.020064,1.697935,3.136302,11.812063,1.192121
10,104,1786607947.76878,0,1,46.839837,12.978827,35.271163,13.287844,-4.286351,-0.039847,4.286536,1.697817,-0.02005,1.697935,-3.132297,11.572801,2.062709
10,105,1786607947.80886,0,1,46.668122,12.979436,35.339075,13.287039,-4.292878,0.015215,4.292905,1.697816,-0.020127,1.697935,3.138048,11.333222,1.352227
10,106,1786607947.84879,0,1,46.496197,12.977642,35.406988,13.286227,-4.298128,-0.044845,4.298362,1.697814,-0.020289,1.697935,-3.131159,11.093502,2.191766
10,107,1786607947.88879,0,1,46.324084,12.97808,35.4749,13.285406,-4.302822,0.010958,4.302836,1.697811,-0.020528,1.697935,3.139046,10.853535,1.476676
10,108,1786607947.9289,0,1,46.151852,12.976028,35.542812,13.284573,-4.305788,-0.051311,4.306093,1.697807,-0.020838,1.697935,-3.129676,10.613526,2.348626
10,109,1786607947.96883,0,1,45.979532,12.976212,35.610725,13.283724,-4.308007,0.004589,4.308009,1.697803,-0.021213,1.697935,3.140527,10.373366,1.63771
10,110,1786607948.00881,0,1,45.807221,12.973902,35.678636,13.282858,-4.307769,-0.05773,4.308156,1.697797,-0.021648,1.697935,-3.128192,10.133296,2.514966
10,111,1786607948.04881,0,1,45.634969,12.97383,35.746548,13.281973,-4.306295,-0.001802,4.306296,1.697791,-0.022138,1.697935,-3.141174,9.893221,1.808846
10,112,1786607948.08886,0,1,45.462928,12.97127,35.814459,13.281065,-4.301036,-0.064019,4.301513,1.697784,-0.022678,1.697935,-3.126709,9.653441,2.691792
10,113,1786607948.12889,0,1,45.291291,12.965638,35.88237,13.280135,-4.29093,-0.140776,4.293239,1.697776,-0.023263,1.697935,-3.108797,9.414175,3.793496
10,114,1786607948.16898,0,1,45.120322,12.95637,35.950281,13.279179,-4.274218,-0.231701,4.280494,1.697767,-0.023891,1.697935,-3.087437,9.175721,5.119037
10,115,1786607948.20895,0,1,44.950368,12.942924,36.018191,13.278197,-4.248847,-0.336161,4.262125,1.697758,-0.024557,1.697935,-3.062639,8.938467,6.673331
10,116,1786607948.24893,0,1,44.7819,12.9248,36.086101,13.277187,-4.211713,-0.453094,4.236014,1.697747,-0.025258,1.697935,-3.034425,8.702935,8.460805
10,117,1786607948.28902,0,1,44.615353,12.901542,36.154011,13.276147,-4.163654,-0.581459,4.204058,1.697736,-0.02599,1.697935,-3.002839,8.469631,10.484977
10,118,1786607948.32905,0,1,44.450745,12.872664,36.22192,13.275077,-4.115216,-0.721937,4.178061,1.697724,-0.026752,1.697935,-2.967929,8.238659,12.749911
10,119,1786607948.36904,0,1,44.287861,12.839167,36.289828,13.273975,-4.072097,-0.837441,4.157316,1.697712,-0.02754,1.697935,-2.938767,8.009843,14.732845
10,120,1786607948.40902,0,1,44.126485,12.801848,36.357736,13.272841,-4.034395,-0.932962,4.140865,1.697698,-0.028353,1.697935,-2.914335,7.783013,16.490284
10,121,1786607948.44904,0,1,43.966564,12.760741,36.425644,13.271674,-3.998028,-1.027692,4.127999,1.697684,-0.029187,1.697935,-2.88999,7.55821,18.291904
10,122,1786607948.48903,0,1,43.808068,12.715872,36.49355,13.270472,-3.962389,-1.121725,4.118106,1.697669,-0.030041,1.697935,-2.865718,7.335513,20.142427
10,123,1786607948.52903,0,1,43.650929,12.667248,36.561457,13.269243,-3.928474,-1.215585,4.112245,1.697657,-0.030742,1.697935,-2.841508,7.114986,22.04716
10,124,1786607948.56901,0,1,43.494283,12.617334,36.629362,13.26799,-3.916168,-1.247845,4.110169,1.697647,-0.031303,1.697935,-2.833124,6.895686,23.088238
10,125,1786607948.60888,0,1,43.337977,12.566648,36.697268,13.266721,-3.907634,-1.267163,4.107956,1.697639,-0.031735,1.697935,-2.828013,6.677509,23.984765
10,126,1786607948.64903,0,1,43.183494,12.510895,36.765173,13.265439,-3.862074,-1.393824,4.105893,1.697633,-0.032049,1.697935,-2.79524,6.462521,26.549509
10,127,1786607948.68902,0,1,43.029255,12.45434,36.833078,13.264149,-3.855989,-1.413867,4.107027,1.697629,-0.032253,1.697935,-2.790147,6.248871,27.582431
10,128,1786607948.72893,0,1,42.875065,12.397482,36.900984,13.262855,-3.854735,-1.421463,4.108471,1.697627,-0.032358,1.697935,-2.788306,6.036433,28.484069
10,129,1786607948.76899,0,1,42.720732,12.340818,36.968889,13.26156,-3.85834,-1.416601,4.110176,1.697627,-0.03237,1.697935,-2.789719,5.825072,29.255487
10,130,1786607948.80889,0,1,42.566063,12.284849,37.036794,13.260268,-3.866722,-1.399212,4.112096,1.697628,-0.032298,1.697935,-2.794391,5.614647,29.897782
10,131,1786607948.84894,0,1,42.410844,12.230071,37.104699,13.258982,-3.880477,-1.369448,4.115032,1.697631,-0.032147,1.697935,-2.80233,5.404982,30.412292
10,132,1786607948.88893,0,1,42.254871,12.176987,37.172604,13.257705,-3.899325,-1.32711,4.118975,1.697635,-0.031925,1.697935,-2.813546,5.195901,30.800519
10,133,1786607948.92896,0,1,42.097955,12.12611,37.24051,13.25644,-3.922886,-1.271931,4.123936,1.69764,-0.031636,1.697935,-2.828054,4.987226,31.064057
10,134,1786607948.96894,0,1,41.939929,12.077967,37.308411,13.255188,-3.950662,-1.203573,4.12993,1.697537,-0.031285,1.697826,-2.845874,4.778787,31.204635
10,135,1786607949.00894,0,1,41.780648,12.033101,37.3763,13.253953,-3.982029,-1.121638,4.136983,1.697222,-0.030874,1.697503,-2.867031,4.570422,31.224182
10,136,1786607949.04893,0,1,41.619999,11.992074,37.444169,13.252737,-4.016216,-1.02567,4.145116,1.696712,-0.030407,1.696985,-2.891555,4.361975,31.124912
10,137,1786607949.08893,0,1,41.459112,11.950491,37.51201,13.251541,-4.022169,-1.03959,4.154346,1.696023,-0.02989,1.696287,-2.888663,4.156002,32.735154
10,138,1786607949.12889,0,1,41.297908,11.90861,37.579817,13.250368,-4.030105,-1.047006,4.163889,1.695169,-0.029326,1.695423,-2.887415,3.952786,34.406414
10,139,1786607949.16886,0,1,41.135424,11.870246,37.647583,13.24922,-4.0621,-0.959108,4.173792,1.694163,-0.02872,1.694407,-2.909728,3.750547,34.857027
10,140,1786607949.20881,0,1,40.972717,11.830955,37.715304,13.248097,-4.067675,-0.982267,4.184594,1.693018,-0.028074,1.693251,-2.904647,3.552328,37.087458
10,141,1786607949.2488,0,1,40.809152,11.793381,37.782974,13.247001,-4.089128,-0.939354,4.195635,1.691744,-0.027392,1.691966,-2.91579,3.357196,38.594736
10,142,1786607949.28878,0,1,40.645164,11.755568,37.850588,13.245934,-4.099709,-0.94534,4.207289,1.690352,-0.026678,1.690562,-2.914967,3.167151,41.056008
10,143,1786607949.32878,0,1,40.479972,11.720986,37.918142,13.244896,-4.129793,-0.864542,4.219315,1.688851,-0.025933,1.68905,-2.93523,2.980818,42.570091
10,144,1786607949.3688,0,1,40.314497,11.685264,37.985632,13.24389,-4.136871,-0.893039,4.232165,1.68725,-0.025161,1.687438,-2.928982,2.802308,45.974644
10,145,1786607949.40881,0,1,40.147785,11.652961,38.053054,13.242916,-4.167797,-0.807591,4.245319,1.685557,-0.024363,1.685733,-2.950195,2.629801,48.165685
10,146,1786607949.44886,0,1,39.980727,11.619512,38.120405,13.241974,-4.17646,-0.836222,4.259352,1.68378,-0.023543,1.683944,-2.943983,2.468437,52.415195
10,147,1786607949.48898,0,1,39.812427,11.589523,38.187682,13.241066,-4.207494,-0.749726,4.273768,1.681924,-0.022701,1.682077,-2.965255,2.316763,55.572024
10,148,1786607949.52893,0,1,39.642896,11.563628,38.254895,13.240197,-4.238288,-0.64738,4.287446,1.680314,-0.021708,1.680454,-2.990019,2.176564,59.063826
10,149,1786607949.56894,0,1,39.472192,11.542476,38.322052,13.239374,-4.267599,-0.528788,4.300234,1.678928,-0.020575,1.679054,-3.018313,2.049948,62.934366
10,150,1786607949.60894,0,1,39.3004,11.526728,38.389162,13.238602,-4.294793,-0.393695,4.3128,1.67775,-0.019315,1.677862,-3.05018,1.939295,67.210971
10,151,1786607949.64893,0,1,39.127657,11.517057,38.456232,13.237884,-4.318573,-0.241788,4.325337,1.676763,-0.017938,1.676859,-3.085663,1.847176,71.890015
10,152,1786607949.68881,0,1,38.954329,11.509002,38.52327,13.237226,-4.333197,-0.201375,4.337874,1.675951,-0.016453,1.676032,-3.095153,1.781171,78.655645
10,153,1786607949.72895,0,1,38.78035,11.507193,38.590282,13.236631,-4.349482,-0.045219,4.349717,1.675301,-0.01487,1.675367,-3.131197,1.739851,84.323933
10,154,1786607949.76896,0,1,38.605893,11.506803,38.657274,13.236104,-4.361417,-0.009762,4.361428,1.674799,-0.013197,1.674851,-3.139354,1.730064,91.830121
10,155,1786607949.80888,0,1,38.43108,11.512224,38.724252,13.235646,-4.370329,0.135533,4.37243,1.674433,-0.01144,1.674472,3.110591,1.74818,97.87789
10,156,1786607949.84889,0,1,38.255886,11.518993,38.791219,13.235262,-4.379843,0.169237,4.383112,1.674193,-0.009608,1.674221,3.102972,1.79782,105.110775
10,157,1786607949.88886,0,1,38.080423,11.528554,38.858182,13.234953,-4.386577,0.239003,4.393083,1.674069,-0.007707,1.674087,3.087161,1.875289,111.384319
10,158,1786607949.92888,0,1,37.904691,11.539908,38.925144,13.234724,-4.393315,0.283862,4.402476,1.674051,-0.005743,1.674061,3.07707,1.978314,117.355403
10,159,1786607949.96888,0,1,37.728802,11.553972,38.992109,13.234575,-4.397224,0.351604,4.411259,1.674131,-0.003722,1.674136,3.061802,2.102468,122.360488
10,160,1786607950.0088,0,1,37.552598,11.56824,39.059082,13.234509,-4.40509,0.356705,4.419508,1.674302,-0.001647,1.674302,3.060793,2.246318,127.487466
10,161,1786607950.04875,0,1,37.37671,11.587591,39.126064,13.234528,-4.397212,0.483766,4.423744,1.674554,0.000475,1.674555,3.032017,2.402632,130.449036
10,162,1786607950.08873,0,1,37.200869,11.608859,39.193059,13.234633,-4.396025,0.53171,4.428064,1.674884,0.00264,1.674886,3.021225,2.571374,133.88646
10,163,1786607950.12874,0,1,37.024851,11.630102,39.26007,13.234827,-4.400437,0.531051,4.432365,1.675283,0.004844,1.67529,3.021492,2.751608,137.443128
10,164,1786607950.16876,0,1,36.848587,11.650698,39.3271,13.235111,-4.406603,0.514916,4.436585,1.675747,0.007085,1.675762,3.025269,2.941665,140.746032
10,165,1786607950.20882,0,1,36.672518,11.674186,39.394151,13.235485,-4.40173,0.587183,4.440722,1.67627,0.009357,1.676296,3.008977,3.137665,142.560422
10,166,1786607950.24882,0,1,36.49616,11.696729,39.461225,13.235951,-4.408951,0.563587,4.444827,1.676848,0.011658,1.676888,3.014454,3.340781,145.28081
10,167,1786607950.28874,0,1,36.319446,11.717702,39.528324,13.236511,-4.417834,0.524314,4.448838,1.677475,0.013985,1.677534,3.023464,3.550166,147.902844
10,168,1786607950.32873,0,1,36.142997,11.741974,39.59545,13.237164,-4.411227,0.606811,4.452768,1.67815,0.016336,1.678229,3.00489,3.762316,148.751022
10,169,1786607950.3688,0,1,35.966183,11.764676,39.662605,13.237912,-4.420364,0.567561,4.456652,1.678866,0.018707,1.678971,3.013895,3.979191,150.953324
10,170,1786607950.4088,0,1,35.789003,11.785664,39.729789,13.238756,-4.429484,0.524684,4.460451,1.679622,0.021097,1.679755,3.023689,4.200151,153.004117
10,171,1786607950.44872,0,1,35.612026,11.809441,39.797006,13.239696,-4.424431,0.594418,4.464182,1.680414,0.023503,1.680578,3.008043,4.422634,153.479844
10,172,1786607950.4888,0,1,35.434632,11.831123,39.864256,13.240733,-4.434853,0.542056,4.467857,1.681239,0.025923,1.681439,3.01997,4.648502,155.379215
10,173,1786607950.52873,0,1,35.257456,11.855599,39.931538,13.24185,-4.429398,0.611895,4.471463,1.682071,0.027927,1.682303,3.004317,4.875319,155.615262
10,174,1786607950.5687,0,1,35.079863,11.877977,39.998855,13.243032,-4.439825,0.559461,4.474935,1.68291,0.029547,1.68317,3.016244,5.104885,157.308312
10,175,1786607950.60871,0,1,34.901944,11.898773,40.066205,13.244265,-4.447977,0.519907,4.478259,1.683756,0.030814,1.684038,3.025235,5.33666,158.73003
10,176,1786607950.64873,0,1,34.724197,11.921999,40.133589,13.245535,-4.443677,0.580648,4.481453,1.684607,0.031755,1.684906,3.01166,5.568956,158.806774
10,177,1786607950.68874,0,1,34.54602,11.942747,40.201008,13.246831,-4.454419,0.518687,4.484516,1.685463,0.032397,1.685775,3.025671,5.803406,160.372369
10,178,1786607950.72879,0,1,34.367842,11.964477,40.268461,13.248141,-4.454445,0.543262,4.487451,1.686325,0.032762,1.686643,3.020232,6.038633,160.773259
10,179,1786607950.76875,0,1,34.18923,11.983386,40.335948,13.249456,-4.465313,0.472712,4.490265,1.68719,0.032873,1.68751,3.036122,6.275754,162.318269
10,180,1786607950.8087,0,1,34.010743,12.004396,40.403471,13.250766,-4.46216,0.52526,4.492969,1.68806,0.03275,1.688378,3.024418,6.513095,162.253981
10,181,1786607950.84874,0,1,33.831843,12.022577,40.471028,13.252063,-4.472515,0.454533,4.495553,1.688934,0.032412,1.689245,3.040312,6.752068,163.70553
10,182,1786607950.88873,0,1,33.653069,12.042863,40.538621,13.253338,-4.469355,0.507129,4.498035,1.689811,0.031876,1.690111,3.028608,6.991143,163.555772
10,183,1786607950.92874,0,1,33.4739,12.060312,40.606248,13.254584,-4.479211,0.436239,4.500404,1.690691,0.031158,1.690978,3.044507,7.231644,164.931723
10,184,1786607950.96881,0,1,33.294858,12.079867,40.673911,13.255795,-4.47606,0.48888,4.502679,1.691574,0.030272,1.691845,3.032803,7.472164,164.71227
10,185,1786607951.00874,0,1,33.115441,12.096581,40.74161,13.256964,-4.485428,0.417839,4.504848,1.69246,0.029233,1.692713,3.048706,7.713945,166.026327
10,186,1786607951.04874,0,1,32.936149,12.115402,40.809344,13.258086,-4.4823,0.470523,4.506929,1.693349,0.028053,1.693581,3.037002,7.955685,165.749381
10,187,1786607951.08874,0,1,32.756501,12.131376,40.877113,13.259156,-4.491192,0.399343,4.508912,1.69424,0.026743,1.694451,3.052909,8.198551,167.012203
10,188,1786607951.12874,0,1,32.576977,12.149458,40.944919,13.260169,-4.488103,0.452068,4.510813,1.695132,0.025314,1.695321,3.041205,8.441334,166.687331
10,189,1786607951.16874,0,1,32.397116,12.164689,41.01276,13.26112,-4.49653,0.38076,4.512622,1.696027,0.023776,1.696194,3.057116,8.68513,167.907313
10,190,1786607951.2087,0,1,32.217376,12.18203,41.080637,13.262005,-4.493491,0.433524,4.514356,1.696924,0.022138,1.697068,3.045412,8.928815,167.542106
10,191,1786607951.2487,0,1,32.037318,12.196514,41.148549,13.262821,-4.501463,0.362098,4.516003,1.697813,0.020409,1.697935,3.061325,9.173416,168.725939
10,192,1786607951.28869,0,1,31.857378,12.213109,41.216462,13.263565,-4.498488,0.414898,4.517581,1.697833,0.018586,1.697935,3.049622,9.417851,168.326465
10,193,1786607951.32868,0,1,31.677137,12.226844,41.284377,13.264232,-4.506014,0.343364,4.519078,1.697853,0.016688,1.697935,3.065538,9.663085,169.479499
10,194,1786607951.3687,0,1,31.497013,12.242692,41.352291,13.264821,-4.503114,0.396198,4.52051,1.697871,0.014722,1.697935,3.053836,9.908141,169.050688
10,195,1786607951.40869,0,1,31.316605,12.255675,41.420207,13.265329,-4.510204,0.324565,4.521867,1.697888,0.012693,1.697935,3.069754,10.153924,170.177322
10,196,1786607951.44871,0,1,31.136246,12.269997,41.488123,13.265753,-4.50897,0.358056,4.523164,1.697902,0.010607,1.697935,3.062349,10.399658,169.965261
10,197,1786607951.48871,0,1,30.955622,12.281269,41.55604,13.266092,-4.515608,0.281796,4.524392,1.697914,0.00847,1.697935,3.079269,10.646067,171.121308
10,198,1786607951.52869,0,1,30.775081,12.294477,41.623956,13.266355,-4.513506,0.33022,4.52557,1.697922,0.006576,1.697935,3.06856,10.89232,170.696461
10,199,1786607951.56869,0,1,30.5943,12.304632,41.691874,13.266551,-4.519527,0.25386,4.526651,1.697928,0.004906,1.697935,3.085482,11.139184,171.831168
10,200,1786607951.60869,0,1,30.413598,12.316724,41.759791,13.266689,-4.517555,0.302307,4.527658,1.697932,0.003443,1.697935,3.074774,11.385891,171.385624
10,201,1786607951.64883,0,1,30.232681,12.325758,41.827708,13.266776,-4.522934,0.225857,4.52857,1.697934,0.002169,1.697935,3.091698,11.63315,172.501473
10,202,1786607951.68873,0,1,30.051837,12.336731,41.895626,13.266819,-4.521098,0.274322,4.529413,1.697935,0.001072,1.697935,3.080991,11.880252,172.037577
10,203,1786607951.72879,0,1,29.871139,12.350296,41.963543,13.266824,-4.517452,0.339122,4.530163,1.697935,0.000136,1.697935,3.066664,12.127088,171.372525
10,204,1786607951.76873,0,1,29.690249,12.361459,42.03146,13.266798,-4.522238,0.279063,4.53084,1.697935,-0.00065,1.697935,3.079962,12.374374,172.273164
10,205,1786607951.80874,0,1,29.509514,12.375214,42.099378,13.266746,-4.51837,0.343871,4.531437,1.697935,-0.0013,1.697935,3.065634,12.62139,171.597338
10,206,1786607951.84881,0,1,29.328592,12.386565,42.167295,13.266673,-4.523069,0.283788,4.531963,1.697934,-0.001823,1.697935,3.078932,12.868834,172.488272
10,207,1786607951.88886,0,1,29.147485,12.394853,42.235213,13.266584,-4.527676,0.207202,4.532415,1.697934,-0.002229,1.697935,3.095861,13.116727,173.569122
10,208,1786607951.92885,0,1,28.966461,12.405081,42.30313,13.266483,-4.525592,0.255685,4.532809,1.697933,-0.002528,1.697935,3.085155,13.364459,173.070814
10,209,1786607951.96885,0,1,28.78559,12.417902,42.371047,13.266374,-4.521776,0.320525,4.533122,1.697933,-0.002729,1.697935,3.070826,13.611927,172.371647
10,210,1786607952.00888,0,1,28.604554,12.428317,42.438964,13.26626,-4.525888,0.260379,4.533372,1.697933,-0.002839,1.697935,3.084125,13.859764,173.241203
10,211,1786607952.04885,0,1,28.423679,12.441325,42.506882,13.266146,-4.521873,0.325215,4.533553,1.697933,-0.002866,1.697935,3.069796,14.107336,172.534501
10,212,1786607952.08885,0,1,28.242643,12.451928,42.574799,13.266033,-4.525919,0.265059,4.533673,1.697933,-0.002816,1.697935,3.083095,14.35526,173.397262
10,213,1786607952.12882,0,1,28.06145,12.459464,42.642716,13.265925,-4.529812,0.1884,4.533728,1.697933,-0.002695,1.697935,3.100026,14.603551,174.452686
10,214,1786607952.16886,0,1,27.880348,12.468939,42.710634,13.265825,-4.527542,0.236884,4.533734,1.697933,-0.002511,1.697935,3.08932,14.85168,173.929226
10,215,1786607952.20877,0,1,27.699404,12.481008,42.778551,13.265734,-4.523616,0.301729,4.533668,1.697934,-0.002266,1.697935,3.07499,15.099552,173.204964
10,216,1786607952.24885,0,1,27.51832,12.49067,42.846468,13.265655,-4.527108,0.241538,4.533547,1.697934,-0.001968,1.697935,3.088289,15.347728,174.05156
10,217,1786607952.28885,0,1,27.337399,12.502924,42.914386,13.265591,-4.523001,0.306369,4.533365,1.697934,-0.001619,1.697935,3.07396,15.595646,173.321925
10,218,1786607952.32885,0,1,27.156342,12.512772,42.982303,13.265542,-4.526441,0.24618,4.533131,1.697935,-0.001225,1.697935,3.087259,15.843854,174.163668
10,219,1786607952.36885,0,1,26.975456,12.525211,43.050221,13.26551,-4.522156,0.310991,4.532837,1.697935,-0.00079,1.697935,3.07293,16.091803,173.429125
10,220,1786607952.40876,0,1,26.794434,12.535244,43.118138,13.265497,-4.52555,0.250808,4.532494,1.697935,-0.000316,1.697935,3.086229,16.340031,174.266428
10,221,1786607952.44882,0,1,26.613284,12.542209,43.186055,13.265505,-4.528748,0.174145,4.532095,1.697935,0.000193,1.697935,3.103158,16.588548,175.298865
10,222,1786607952.48885,0,1,26.432236,12.551113,43.253973,13.265535,-4.526183,0.222599,4.531653,1.697935,0.000734,1.697935,3.092452,16.8369,174.752552
10,223,1786607952.52883,0,1,26.251355,12.562609,43.32189,13.265584,-4.522024,0.287393,4.531148,1.697935,0.00123,1.697935,3.078124,17.085003,174.005364
10,224,1786607952.56885,0,1,26.070354,12.571698,43.389808,13.265651,-4.525025,0.227214,4.530726,1.697934,0.001686,1.697935,3.091422,17.33335,174.830945
10,225,1786607952.60885,0,1,25.889516,12.583378,43.457725,13.265735,-4.52096,0.291999,4.53038,1.697934,0.002104,1.697935,3.077094,17.581456,174.080244
10,226,1786607952.64886,0,1,25.708927,12.598302,43.525642,13.265835,-4.514724,0.373124,4.530117,1.697933,0.002488,1.697935,3.059134,17.829216,173.129797
10,227,1786607952.68885,0,1,25.528208,12.611478,43.59356,13.265948,-4.517963,0.329391,4.529955,1.697933,0.002841,1.697935,3.068814,18.077202,173.755316
10,228,1786607952.72885,0,1,25.347759,12.627897,43.661477,13.266075,-4.511225,0.410466,4.529861,1.697932,0.003164,1.697935,3.050855,18.324833,172.805321
10,229,1786607952.76885,0,1,25.16716,12.642568,43.729394,13.266213,-4.514996,0.366778,4.529869,1.697932,0.00346,1.697935,3.060535,18.572708,173.431478
10,230,1786607952.80886,0,1,24.986849,12.66048,43.797311,13.266363,-4.507757,0.447809,4.529946,1.697931,0.003732,1.697935,3.042576,18.820217,172.48189
10,231,1786607952.84885,0,1,24.806367,12.676647,43.865229,13.266522,-4.51206,0.404168,4.530125,1.697931,0.003981,1.697935,3.052256,19.067988,173.108642
10,232,1786607952.88885,0,1,24.626194,12.696053,43.933146,13.26669,-4.504322,0.485161,4.530375,1.69793,0.004209,1.697935,3.034296,19.315383,172.159418
10,233,1786607952.92886,0,1,24.445828,12.713716,44.001063,13.266867,-4.509158,0.441571,4.530727,1.697929,0.004417,1.697935,3.043976,19.563057,172.786727
10,234,1786607952.96883,0,1,24.265791,12.734618,44.06898,13.267051,-4.50092,0.522532,4.53115,1.697929,0.004608,1.697935,3.026016,19.810345,171.837824
10,235,1786607953.00885,0,1,24.085539,12.753777,44.136897,13.267243,-4.506291,0.478996,4.531676,1.697928,0.004783,1.697935,3.035695,20.057931,172.465654
10,236,1786607953.04885,0,1,23.905637,12.776175,44.204814,13.26744,-4.497552,0.55993,4.532273,1.697928,0.004942,1.697935,3.017733,20.305121,171.517029
10,237,1786607953.08886,0,1,23.725499,12.796833,44.272732,13.267644,-4.503457,0.516451,4.532973,1.697928,0.005087,1.697935,3.027413,20.552626,172.145346
10,238,1786607953.12882,0,1,23.54573,12.820727,44.340649,13.267853,-4.494217,0.597363,4.533744,1.697927,0.00522,1.697935,3.009449,20.799725,171.19696
10,239,1786607953.16885,0,1,23.365704,12.842885,44.408566,13.268066,-4.500656,0.553946,4.534618,1.697927,0.005341,1.697935,3.019127,21.047157,171.825731
10,240,1786607953.20877,0,1,23.186068,12.868279,44.476483,13.268284,-4.490912,0.634842,4.535561,1.697926,0.00545,1.697935,3.001162,21.294173,170.877545
10,241,1786607953.24887,0,1,23.006152,12.891938,44.5444,13.268506,-4.497882,0.591488,4.536607,1.697926,0.00555,1.697935,3.010839,21.541539,171.506739
10,242,1786607953.28886,0,1,22.826647,12.918833,44.612317,13.268732,-4.487631,0.672374,4.537722,1.697926,0.005641,1.697935,2.992871,21.788479,170.558715
10,243,1786607953.32883,0,1,22.646842,12.943997,44.680234,13.268961,-4.495131,0.629087,4.538938,1.697926,0.005723,1.697935,3.002547,22.035788,171.188303
10,244,1786607953.36886,0,1,22.467467,12.972395,44.748151,13.269193,-4.484367,0.709966,4.54022,1.697925,0.005797,1.697935,2.984576,22.28266,170.240405
10,245,1786607953.40887,0,1,22.287771,12.999065,44.816068,13.269427,-4.492393,0.666749,4.541602,1.697925,0.005863,1.697935,2.994251,22.529919,170.870361
10,246,1786607953.44886,0,1,22.108527,13.02897,44.883985,13.269664,-4.481109,0.747626,4.543048,1.697925,0.005923,1.697935,2.976276,22.77673,169.922555
10,247,1786607953.4888,0,1,21.928941,13.05715,44.951902,13.269903,-4.489655,0.704482,4.54459,1.697925,0.005977,1.697935,2.985949,23.023944,170.552853
10,248,1786607953.52886,0,1,21.748932,13.082947,45.019819,13.270146,-4.500216,0.644927,4.546193,1.697924,0.006059,1.697935,2.999252,23.27164,171.38356
10,249,1786607953.56885,0,1,21.569252,13.111331,45.087732,13.270392,-4.491994,0.709607,4.547697,1.697841,0.006167,1.697852,2.984916,23.519018,170.635586
10,250,1786607953.60886,0,1,21.389155,13.13733,45.155639,13.270644,-4.50243,0.64999,4.549105,1.697665,0.006299,1.697677,2.998219,23.766858,171.463902
10,251,1786607953.64878,0,1,21.209397,13.165918,45.223535,13.270902,-4.493945,0.714679,4.550418,1.697403,0.006453,1.697415,2.983882,24.014367,170.713349
10,252,1786607953.68885,0,1,21.029227,13.192118,45.291418,13.271167,-4.504264,0.655007,4.55164,1.697062,0.006626,1.697075,2.997186,24.26232,171.539404
10,253,1786607953.72877,0,1,20.849406,13.220906,45.359284,13.27144,-4.495526,0.719701,4.552771,1.696649,0.006818,1.696663,2.982847,24.50993,170.786417
10,254,1786607953.76886,0,1,20.669176,13.247305,45.42713,13.271721,-4.505736,0.65998,4.553815,1.696169,0.007026,1.696183,2.996151,24.757966,171.610331
10,255,1786607953.80886,0,1,20.489045,13.274622,45.494955,13.272011,-4.503282,0.682922,4.55477,1.695627,0.007249,1.695643,2.99109,25.00591,171.382787
10,256,1786607953.84886,0,1,20.308478,13.299154,45.562757,13.272311,-4.51417,0.613307,4.555643,1.695029,0.007487,1.695046,3.006557,25.254293,172.323914
10,257,1786607953.88885,0,1,20.128192,13.325889,45.630532,13.27262,-4.507157,0.668361,4.556443,1.694379,0.007737,1.694397,2.994377,25.502395,171.684829
10,258,1786607953.92886,0,1,19.947485,13.349835,45.698279,13.27294,-4.517665,0.598658,4.557158,1.693682,0.007999,1.6937,3.009845,25.750908,172.622523
10,259,1786607953.96886,0,1,19.767058,13.375984,45.765997,13.273271,-4.51068,0.653731,4.557806,1.69294,0.008271,1.69296,2.997665,25.999141,171.979923
10,260,1786607954.00885,0,1,19.586226,13.399342,45.833683,13.273613,-4.520815,0.58395,4.558373,1.692158,0.008553,1.692179,3.013135,26.247758,172.914359
10,261,1786607954.04878,0,1,19.405671,13.424904,45.901336,13.273967,-4.513865,0.63904,4.558876,1.691338,0.008844,1.691361,3.000955,26.496095,172.268431
10,262,1786607954.08886,0,1,19.224726,13.447671,45.968956,13.274332,-4.523634,0.569188,4.559303,1.690484,0.009142,1.690509,3.016425,26.744792,173.199774
10,263,1786607954.12882,0,1,19.044056,13.472643,46.03654,13.27471,-4.51673,0.624293,4.55967,1.689599,0.009448,1.689626,3.004245,26.993209,172.550691
10,264,1786607954.16884,0,1,18.863011,13.494818,46.104087,13.275101,-4.526139,0.554379,4.559964,1.688685,0.00976,1.688713,3.019716,27.241962,173.479095
10,265,1786607954.20885,0,1,18.682239,13.519198,46.171597,13.275504,-4.519289,0.609497,4.560203,1.687744,0.010077,1.687774,3.007536,27.490438,172.827022
10,266,1786607954.24886,0,1,18.501106,13.540779,46.239068,13.27592,-4.528345,0.539528,4.560373,1.686779,0.0104,1.686811,3.023007,27.739227,173.752629
10,267,1786607954.28886,0,1,18.320243,13.564566,46.3065,13.276349,-4.521555,0.594658,4.560491,1.685791,0.010727,1.685825,3.010827,27.98774,173.097718
10,268,1786607954.32887,0,1,18.139033,13.585551,46.373891,13.276791,-4.530265,0.52464,4.560542,1.684782,0.011058,1.684818,3.026299,28.236546,174.020662
10,269,1786607954.36885,0,1,17.957507,13.603061,46.441241,13.277247,-4.538155,0.437745,4.559219,1.683754,0.011393,1.683793,3.045431,28.485598,175.145718
10,270,1786607954.40884,0,1,17.775675,13.616423,46.50855,13.277716,-4.545783,0.334055,4.55804,1.682709,0.011731,1.682749,3.068238,28.734871,176.472451
10,271,1786607954.44885,0,1,17.593593,13.624961,46.575815,13.278199,-4.552056,0.213458,4.557058,1.681647,0.012071,1.68169,3.094734,28.984297,178.000703
10,272,1786607954.48887,0,1,17.411366,13.627996,46.643038,13.278696,-4.555672,0.075867,4.556304,1.68057,0.012414,1.680616,3.124941,29.233759,179.730536
10,273,1786607954.52881,0,1,17.229162,13.624846,46.710224,13.279205,-4.555105,-0.078756,4.555786,1.679647,0.012745,1.679696,-3.124305,29.483088,178.33776
10,274,1786607954.56881,0,1,17.047157,13.615991,46.777379,13.279728,-4.550114,-0.221367,4.555495,1.678865,0.013067,1.678916,-3.09298,29.732123,176.566697
10,275,1786607954.60876,0,1,16.865236,13.60566,46.844507,13.280263,-4.548043,-0.25827,4.55537,1.678212,0.013379,1.678266,-3.084866,29.981037,176.127962
10,276,1786607954.6488,0,1,16.683368,13.594513,46.911614,13.280811,-4.54669,-0.278695,4.555223,1.677679,0.013682,1.677735,-3.080373,30.229874,175.897786
10,277,1786607954.68883,0,1,16.501518,13.583206,46.978705,13.28137,-4.546254,-0.282661,4.555033,1.677256,0.013976,1.677314,-3.079498,30.478681,175.874823
10,278,1786607954.7288,0,1,16.319647,13.5724,47.045782,13.28194,-4.546771,-0.270166,4.554791,1.676934,0.014263,1.676994,-3.082243,30.727508,176.057911
10,279,1786607954.76879,0,1,16.137723,13.562752,47.11285,13.282522,-4.54811,-0.24119,4.554501,1.676704,0.014542,1.676767,-3.088612,30.976395,176.446069
10,280,1786607954.80881,0,1,15.955724,13.554924,47.179913,13.283114,-4.549968,-0.195693,4.554175,1.67656,0.014814,1.676626,-3.098609,31.225372,177.038489
10,281,1786607954.8488,0,1,15.773649,13.549579,47.246972,13.283718,-4.551862,-0.133624,4.553823,1.676495,0.01508,1.676563,-3.112245,31.474446,177.834534
10,282,1786607954.88881,0,1,15.591682,13.541685,47.314032,13.284331,-4.549177,-0.197358,4.553456,1.676502,0.015339,1.676572,-3.098237,31.723394,177.051074
10,283,1786607954.92881,0,1,15.40964,13.536273,47.381095,13.284955,-4.551067,-0.1353,4.553078,1.676576,0.015592,1.676648,-3.111872,31.972443,177.846766
11,0,1786607958.84636,0,1,59.48,13.100032,29.003536,13.39999,-0.499999,0.000796,0.5,0.0884,-0.000245,0.0884,3.14,30.47794,0.472651
11,0,1786607958.88634,0,1,59.48,13.100032,29.010208,13.399971,-0.499999,0.000796,0.5,0.166799,-0.000484,0.1668,3.14,30.471268,0.472738
11,1,1786607958.9263,0,1,59.457178,13.100431,29.020016,13.399942,-0.570548,0.009971,0.570635,0.245199,-0.000716,0.2452,3.124118,30.438636,0.437461
11,2,1786607958.96634,0,1,59.431529,13.100755,29.03296,13.399905,-0.641221,0.008096,0.641272,0.323599,-0.00094,0.3236,3.128967,30.400041,0.159552
11,3,1786607959.00629,0,1,59.403055,13.101089,29.04904,13.399858,-0.711859,0.00837,0.711909,0.401998,-0.001156,0.402,3.129836,30.355485,0.109681
11,4,1786607959.04634,0,1,59.371755,13.101422,29.068256,13.399804,-0.782502,0.008312,0.782546,0.480398,-0.001364,0.4804,3.13097,30.304968,0.044475
11,5,1786607959.08635,0,1,59.337629,13.101757,29.090608,13.399741,-0.853143,0.008376,0.853184,0.558798,-0.001564,0.5588,3.131776,30.248489,0.00197
11,6,1786607959.12637,0,1,59.300678,13.102095,29.116096,13.399671,-0.923783,0.008464,0.923822,0.637198,-0.001754,0.6372,3.132431,30.186049,0.039897
11,7,1786607959.16637,0,1,59.260901,13.102439,29.144719,13.399594,-0.994424,0.008586,0.994461,0.715597,-0.001935,0.7156,3.132959,30.117647,0.070619
11,8,1786607959.20637,0,1,59.218298,13.102788,29.176479,13.399509,-1.065063,0.008733,1.065099,0.793997,-0.002106,0.794,3.133394,30.043284,0.096114
11,9,1786607959.24641,0,1,59.17287,13.103144,29.211375,13.399419,-1.135703,0.008898,1.135738,0.872397,-0.002266,0.8724,3.133758,29.96296,0.117652
11,10,1786607959.28635,0,1,59.124616,13.103507,29.249392,13.399322,-1.206343,0.009077,1.206377,0.950426,-0.002413,0.950429,3.134069,29.876689,0.136218
11,11,1786607959.32636,0,1,59.073537,13.103878,29.29029,13.399221,-1.276983,0.009263,1.277017,1.022449,-0.002538,1.022452,3.134339,29.784711,0.152558
11,12,1786607959.36635,0,1,59.019632,13.104256,29.333848,13.399115,-1.347623,0.009451,1.347656,1.088946,-0.002641,1.088949,3.134579,29.687248,0.167248
11,13,1786607959.40634,0,1,58.962902,13.104641,29.379862,13.399006,-1.418263,0.009638,1.418296,1.15036,-0.002725,1.150363,3.134797,29.584504,0.180743
11,14,1786607959.44632,0,1,58.903346,13.105034,29.428146,13.398894,-1.488903,0.009818,1.488936,1.207096,-0.002792,1.207099,3.134999,29.476664,0.193401
11,15,1786607959.48635,0,1,58.840964,13.105433,29.478527,13.398781,-1.559543,0.009986,1.559575,1.259529,-0.002842,1.259532,3.135189,29.363902,0.205512
11,16,1786607959.52637,0,1,58.775756,13.105839,29.530848,13.398666,-1.630184,0.01014,1.630215,1.308004,-0.002877,1.308007,3.135373,29.246375,0.217306
11,17,1786607959.56634,0,1,58.707723,13.10625,29.584961,13.39855,-1.700824,0.010273,1.700855,1.352836,-0.002898,1.352839,3.135553,29.124229,0.228973
11,18,1786607959.60636,0,1,58.636865,13.106665,29.640734,13.398433,-1.771465,0.010384,1.771495,1.394318,-0.002906,1.394321,3.135731,28.997599,0.240668
11,19,1786607959.64635,0,1,58.563181,13.107084,29.698042,13.398317,-1.842106,0.010467,1.842135,1.432718,-0.002903,1.432721,3.135911,28.866607,0.252515
11,20,1786607959.68637,0,1,58.486671,13.107505,29.756774,13.398202,-1.912746,0.010519,1.912775,1.468281,-0.00289,1.468284,3.136093,28.731368,0.264619
11,21,1786607959.72635,0,1,58.407343,13.107926,29.816823,13.398087,-1.983194,0.010536,1.983222,1.501236,-0.002866,1.501238,3.13628,28.591992,0.277064
11,22,1786607959.76636,0,1,58.325262,13.108347,29.878095,13.397974,-2.052039,0.010508,2.052066,1.53179,-0.002834,1.531792,3.136472,28.448641,0.28992
11,23,1786607959.80634,0,1,58.240489,13.108764,29.940478,13.397868,-2.119322,0.010432,2.119348,1.559591,-0.002653,1.559594,3.13667,28.301487,0.303262
11,24,1786607959.84636,0,1,58.153107,13.109251,30.003873,13.397774,-2.184535,0.012181,2.184569,1.584861,-0.002337,1.584863,3.136017,28.150713,0.267776
11,25,1786607959.88634,0,1,58.063197,13.109795,30.068185,13.397698,-2.247744,0.013595,2.247785,1.607801,-0.001896,1.607802,3.135545,27.996493,0.242688
11,26,1786607959.92633,0,1,57.970838,13.110405,30.133329,13.397645,-2.308998,0.015264,2.309049,1.628598,-0.00134,1.628599,3.134982,27.838991,0.212422
11,27,1786607959.96632,0,1,57.876103,13.111087,30.199226,13.397618,-2.368352,0.017036,2.368413,1.647424,-0.000678,1.647424,3.1344,27.678361,0.181021
11,28,1786607960.00636,0,1,57.779069,13.111845,30.265803,13.397621,-2.425854,0.018962,2.425929,1.664435,8E-05,1.664435,3.133776,27.51475,0.147259
11,29,1786607960.04632,0,1,57.679807,13.112687,30.332994,13.397658,-2.481557,0.021033,2.481646,1.679778,0.000928,1.679778,3.133117,27.348297,0.111421
11,30,1786607960.08632,0,1,57.578387,13.113617,30.400738,13.397732,-2.535506,0.023258,2.535613,1.693586,0.001858,1.693587,3.13242,27.179134,0.073382
11,31,1786607960.12637,0,1,57.474877,13.114642,30.468977,13.397847,-2.587749,0.025639,2.587876,1.705981,0.002862,1.705983,3.131685,27.007385,0.033167
11,32,1786607960.16635,0,1,57.369344,13.11577,30.53766,13.398004,-2.638332,0.028177,2.638483,1.717076,0.003935,1.71708,3.130913,26.833168,0.009225
11,33,1786607960.20635,0,1,57.261852,13.117004,30.606739,13.398207,-2.687299,0.030872,2.687476,1.726976,0.005071,1.726983,3.130105,26.656596,0.053768
11,34,1786607960.24633,0,1,57.152464,13.118353,30.67617,13.398458,-2.734693,0.033726,2.734901,1.735776,0.006265,1.735787,3.129261,26.477775,0.100429
11,35,1786607960.28633,0,1,57.041242,13.119823,30.745913,13.398758,-2.780556,0.036735,2.780799,1.743564,0.007512,1.74358,3.128382,26.296808,0.149161
11,36,1786607960.32636,0,1,56.928244,13.121419,30.815929,13.39911,-2.824929,0.0399,2.82521,1.750421,0.008807,1.750443,3.127469,26.113792,0.199913
11,37,1786607960.36633,0,1,56.81353,13.123148,30.886186,13.399516,-2.867851,0.043216,2.868177,1.756422,0.010147,1.756451,3.126525,25.928817,0.252624
11,38,1786607960.40632,0,1,56.697156,13.125015,30.956652,13.399977,-2.909362,0.046681,2.909736,1.761635,0.011527,1.761672,3.125549,25.741973,0.307226
11,39,1786607960.44632,0,1,56.579176,13.127026,31.027297,13.400495,-2.949498,0.050291,2.949927,1.766122,0.012944,1.76617,3.124544,25.553343,0.36365
11,40,1786607960.48646,0,1,56.459644,13.129188,31.098094,13.401071,-2.988297,0.05404,2.988786,1.769943,0.014394,1.770002,3.123511,25.363007,0.42182
11,41,1786607960.52636,0,1,56.338612,13.131505,31.16902,13.401706,-3.025794,0.057925,3.026349,1.773151,0.015875,1.773222,3.122451,25.171042,0.481658
11,42,1786607960.56642,0,1,56.216131,13.133983,31.240052,13.402401,-3.062024,0.061939,3.06265,1.775793,0.017384,1.775878,3.121367,24.977522,0.543083
11,43,1786607960.60642,0,1,56.092251,13.136626,31.311169,13.403158,-3.097021,0.066076,3.097726,1.777917,0.018918,1.778017,3.120261,24.782515,0.606016
11,44,1786607960.64635,0,1,55.967018,13.139439,31.382351,13.403977,-3.130817,0.07033,3.131607,1.779562,0.020475,1.77968,3.119133,24.58609,0.670373
11,45,1786607960.68643,0,1,55.84048,13.142427,31.453582,13.404859,-3.163445,0.074696,3.164326,1.780769,0.022053,1.780905,3.117985,24.38831,0.736074
11,46,1786607960.72642,0,1,55.712683,13.145593,31.524845,13.405805,-3.194935,0.079165,3.195916,1.78157,0.023649,1.781727,3.116819,24.189238,0.803037
11,47,1786607960.76642,0,1,55.58367,13.148942,31.596125,13.406816,-3.225319,0.083732,3.226406,1.782,0.025263,1.782179,3.115638,23.988931,0.871182
11,48,1786607960.80643,0,1,55.453485,13.152478,31.667423,13.407878,-3.254625,0.088389,3.255825,1.782467,0.026572,1.782665,3.114441,23.787433,0.940464
11,49,1786607960.84643,0,1,55.322151,13.155973,31.738742,13.408982,-3.283349,0.087377,3.284512,1.782968,0.0276,1.783182,3.114987,23.584766,0.909737
11,50,1786607960.88643,0,1,55.1897,13.159549,31.810082,13.410117,-3.311277,0.089408,3.312484,1.783501,0.028371,1.783727,3.114598,23.38096,0.932631
11,51,1786607960.92636,0,1,55.056157,13.163109,31.881445,13.411273,-3.338575,0.08899,3.339761,1.784063,0.028904,1.784297,3.114944,23.176041,0.913336
11,52,1786607960.96636,0,1,54.92155,13.166698,31.952831,13.412442,-3.365166,0.089725,3.366362,1.784652,0.029218,1.784891,3.114936,22.970034,0.91432
11,53,1786607961.00636,0,1,54.785905,13.170267,32.024241,13.413615,-3.39113,0.089231,3.392304,1.785265,0.029331,1.785506,3.115286,22.762964,0.894748
11,54,1786607961.04634,0,1,54.649247,13.173834,32.095677,13.414786,-3.416441,0.089173,3.417605,1.785901,0.029259,1.786141,3.115497,22.554857,0.88305
11,55,1786607961.08632,0,1,54.511602,13.17737,32.16714,13.415946,-3.441146,0.088403,3.442282,1.786558,0.029016,1.786793,3.115908,22.345735,0.859863
11,56,1786607961.12633,0,1,54.372992,13.180881,32.238629,13.417091,-3.46524,0.08778,3.466352,1.787233,0.028616,1.787463,3.116266,22.135623,0.839671
11,57,1786607961.16636,0,1,54.233442,13.184349,32.310146,13.418214,-3.488754,0.086691,3.489831,1.787927,0.028072,1.788147,3.116749,21.924543,0.812265
11,58,1786607961.20632,0,1,54.092974,13.187774,32.381692,13.41931,-3.511691,0.085633,3.512735,1.788637,0.027395,1.788846,3.117212,21.712517,0.785893
11,59,1786607961.24631,0,1,53.951611,13.191144,32.453266,13.420374,-3.534076,0.08424,3.53508,1.789361,0.026596,1.789559,3.117761,21.499567,0.754568
11,60,1786607961.28642,0,1,53.809374,13.194457,32.52487,13.421401,-3.555916,0.082832,3.556881,1.790099,0.025686,1.790284,3.118303,21.285714,0.723529
11,61,1786607961.32636,0,1,53.666285,13.197704,32.596504,13.422388,-3.577231,0.081168,3.578152,1.79085,0.024672,1.79102,3.118906,21.070979,0.688859
11,62,1786607961.36633,0,1,53.522364,13.200883,32.668169,13.42333,-3.59803,0.079476,3.598907,1.791613,0.023564,1.791768,3.119507,20.855382,0.654256
11,63,1786607961.40632,0,1,53.377631,13.203986,32.739864,13.424225,-3.61833,0.077579,3.619161,1.792386,0.022368,1.792526,3.120155,20.638942,0.616854
11,64,1786607961.44629,0,1,53.232105,13.207013,32.811591,13.425069,-3.638141,0.075658,3.638927,1.793169,0.021094,1.793293,3.1208,20.421679,0.579541
11,65,1786607961.48631,0,1,53.085806,13.209955,32.883349,13.425859,-3.657479,0.073565,3.658219,1.793961,0.019746,1.79407,3.121482,20.20361,0.539969
11,66,1786607961.52632,0,1,52.938752,13.212814,32.95514,13.426592,-3.676354,0.071459,3.677048,1.794762,0.018332,1.794855,3.122158,19.984756,0.500633
11,67,1786607961.56631,0,1,52.790961,13.215582,33.026963,13.427266,-3.69478,0.069203,3.695428,1.79557,0.016856,1.795649,3.122865,19.765132,0.459373
11,68,1786607961.60633,0,1,52.64245,13.21826,33.098818,13.427879,-3.712767,0.066951,3.713371,1.796385,0.015324,1.79645,3.123562,19.544756,0.418571
11,69,1786607961.6463,0,1,52.493237,13.220842,33.170706,13.428429,-3.730329,0.064561,3.730888,1.797206,0.013741,1.797259,3.124287,19.323646,0.376011
11,70,1786607961.68632,0,1,52.343338,13.22333,33.242628,13.428913,-3.747475,0.062198,3.747991,1.798034,0.012111,1.798075,3.124997,19.101817,0.334208
11,71,1786607961.72632,0,1,52.192769,13.225718,33.314582,13.429331,-3.764218,0.059697,3.764691,1.798867,0.010438,1.798897,3.125735,18.879285,0.290634
11,72,1786607961.76632,0,1,52.041546,13.228008,33.38657,13.42968,-3.780566,0.057253,3.780999,1.799705,0.008726,1.799726,3.12645,18.656066,0.24824
11,73,1786607961.80632,0,1,51.889685,13.230194,33.458599,13.429977,-3.796533,0.054656,3.796926,1.800711,0.007418,1.800726,3.127197,18.432169,0.203768
11,74,1786607961.84631,0,1,51.737218,13.232676,33.530674,13.430236,-3.811677,0.06205,3.812182,1.801872,0.006482,1.801883,3.125315,18.207616,0.310945
11,75,1786607961.88631,0,1,51.584164,13.234993,33.602801,13.430471,-3.826346,0.057927,3.826785,1.803174,0.005888,1.803184,3.126455,17.982426,0.244488
11,76,1786607961.92633,0,1,51.430559,13.237777,33.674985,13.430696,-3.840122,0.069584,3.840752,1.804608,0.00561,1.804616,3.123474,17.756622,0.415591
11,77,1786607961.96636,0,1,51.276414,13.240193,33.747231,13.430921,-3.853627,0.060416,3.854101,1.806162,0.005621,1.80617,3.125916,17.53022,0.274812
11,78,1786607962.00637,0,1,51.121775,13.243463,33.819545,13.431156,-3.865984,0.081751,3.866848,1.807826,0.005899,1.807836,3.12045,17.303248,0.589888
11,79,1786607962.04633,0,1,50.966632,13.245771,33.891921,13.431413,-3.878581,0.057694,3.87901,1.809414,0.006421,1.809426,3.126719,17.07572,0.229304
11,80,1786607962.08632,0,1,50.811065,13.250015,33.964298,13.4317,-3.889156,0.1061,3.890603,1.809412,0.007162,1.809426,3.114319,16.847748,0.944806
11,81,1786607962.12633,0,1,50.655016,13.252243,34.036674,13.432024,-3.901247,0.055685,3.901644,1.809408,0.008109,1.809426,3.12732,16.619314,0.197943
11,82,1786607962.16636,0,1,50.498593,13.256685,34.10905,13.432394,-3.910567,0.111054,3.912144,1.809402,0.009245,1.809426,3.113202,16.390485,1.012444
11,83,1786607962.20632,0,1,50.341727,13.259098,34.181426,13.432816,-3.921657,0.060335,3.922121,1.809395,0.010553,1.809426,3.126209,16.161235,0.265542
11,84,1786607962.24631,0,1,50.184532,13.263739,34.253801,13.433297,-3.929873,0.116017,3.931585,1.809386,0.01202,1.809426,3.112079,15.931633,1.081182
11,85,1786607962.28631,0,1,50.026931,13.26634,34.326176,13.433842,-3.940018,0.065021,3.940554,1.809374,0.01363,1.809426,3.125091,15.701648,0.334215
11,86,1786607962.32633,0,1,49.869044,13.271179,34.398551,13.434457,-3.947185,0.120982,3.949038,1.80936,0.015373,1.809426,3.110952,15.471355,1.150891
11,87,1786607962.36631,0,1,49.710786,13.273968,34.470924,13.435146,-3.956439,0.069736,3.957054,1.809344,0.017235,1.809426,3.123969,15.240714,0.403842
11,88,1786607962.40636,0,1,49.552282,13.279006,34.543297,13.435915,-3.962609,0.125944,3.96461,1.809324,0.019207,1.809426,3.10982,15.009805,1.22146
11,89,1786607962.44637,0,1,49.393441,13.281985,34.615669,13.436766,-3.971024,0.074473,3.971722,1.809301,0.021278,1.809426,3.122841,14.778582,0.474316
11,90,1786607962.48635,0,1,49.234391,13.287221,34.68804,13.437703,-3.976246,0.130898,3.9784,1.809274,0.023439,1.809426,3.108684,14.547129,1.292796
11,91,1786607962.52633,0,1,49.075044,13.290772,34.76041,13.438731,-3.983669,0.088774,3.984658,1.809244,0.025681,1.809426,3.119312,14.315399,0.6844
11,92,1786607962.56633,0,1,48.915533,13.296668,34.832778,13.439851,-3.98778,0.147407,3.990504,1.809209,0.027998,1.809426,3.104645,14.083482,1.534442
11,93,1786607962.60633,0,1,48.755742,13.300572,34.905145,13.441066,-3.994763,0.097588,3.995955,1.809171,0.03038,1.809426,3.117168,13.85131,0.818245
11,94,1786607962.64637,0,1,48.595824,13.306828,34.97751,13.442379,-3.997957,0.156395,4.001015,1.809128,0.032822,1.809426,3.102494,13.618988,1.669921
11,95,1786607962.68631,0,1,48.435653,13.311085,35.049874,13.443791,-4.004287,0.106434,4.005701,1.809081,0.035318,1.809426,3.115019,13.386437,0.954557
11,96,1786607962.7263,0,1,48.275388,13.3177,35.122235,13.445306,-4.006604,0.165386,4.010016,1.80903,0.037861,1.809426,3.100338,13.153773,1.807899
11,97,1786607962.76632,0,1,48.114896,13.322312,35.194594,13.446924,-4.012322,0.115301,4.013978,1.808974,0.040446,1.809426,3.112864,12.920903,1.093458
11,98,1786607962.80632,0,1,47.954344,13.329287,35.266951,13.448619,-4.013803,0.174371,4.017589,1.808929,0.04239,1.809426,3.098177,12.687954,1.948639
11,99,1786607962.84635,0,1,47.793581,13.334255,35.339307,13.450369,-4.019067,0.124181,4.020985,1.808897,0.043745,1.809426,3.110704,12.454815,1.235596
11,100,1786607962.88633,0,1,47.632782,13.341589,35.411662,13.452151,-4.019983,0.183356,4.024163,1.808877,0.044561,1.809426,3.096013,12.22162,2.093186
11,101,1786607962.92633,0,1,47.471784,13.346912,35.484017,13.453947,-4.024938,0.133079,4.027137,1.808869,0.044881,1.809426,3.108541,11.988245,1.38215
11,102,1786607962.96651,0,1,47.310712,13.353238,35.556372,13.455737,-4.026799,0.158157,4.029903,1.808872,0.044747,1.809426,3.102337,11.754787,1.74959
11,103,1786607963.00653,0,1,47.149565,13.357256,35.628727,13.457504,-4.028679,0.100452,4.029931,1.808886,0.044196,1.809426,3.116664,11.521274,0.929791
11,104,1786607963.04647,0,1,46.988505,13.363352,35.701083,13.459235,-4.026502,0.152386,4.029384,1.808909,0.04326,1.809426,3.103765,11.287829,1.680676
11,105,1786607963.08647,0,1,46.827421,13.367138,35.773441,13.460914,-4.027086,0.094659,4.028198,1.808939,0.041972,1.809426,3.118091,11.054378,0.860474
11,106,1786607963.1265,0,1,46.666477,13.372999,35.8458,13.462528,-4.023603,0.146522,4.02627,1.808976,0.040358,1.809426,3.105193,10.821048,1.611496
11,107,1786607963.16649,0,1,46.505577,13.376551,35.918161,13.464066,-4.022516,0.088811,4.023496,1.809017,0.038446,1.809426,3.119518,10.587778,0.79121
11,108,1786607963.2065,0,1,46.344887,13.382173,35.990523,13.465516,-4.017246,0.140549,4.019704,1.809063,0.036257,1.809426,3.10662,10.354699,1.542591
11,109,1786607963.2464,0,1,46.184332,13.38549,36.062887,13.466869,-4.013864,0.082903,4.01472,1.80911,0.033815,1.809426,3.120941,10.121772,0.722566
11,110,1786607963.28649,0,1,46.024093,13.390867,36.135254,13.468114,-4.005981,0.134437,4.008236,1.809158,0.031138,1.809426,3.108046,9.889141,1.474515
11,111,1786607963.32649,0,1,45.864126,13.393944,36.207605,13.469244,-3.999183,0.076923,3.999922,1.808772,0.028237,1.808993,3.12236,9.656815,0.655154
11,112,1786607963.36646,0,1,45.704642,13.399069,36.279923,13.470249,-3.987097,0.128126,3.989155,1.80797,0.025131,1.808144,3.109468,9.424987,1.407866
11,113,1786607963.4065,0,1,45.54566,13.401903,36.352195,13.471122,-3.974538,0.070838,3.97517,1.806783,0.021837,1.806915,3.123772,9.193726,0.58968
11,114,1786607963.4465,0,1,45.387484,13.406761,36.424404,13.471857,-3.954401,0.121468,3.956266,1.805243,0.018371,1.805336,3.110885,8.963316,1.343292
11,115,1786607963.48647,0,1,45.230489,13.414107,36.49654,13.472447,-3.924881,0.183655,3.929176,1.803378,0.014747,1.803438,3.094834,8.734144,2.296347
11,116,1786607963.52659,0,1,45.075737,13.424327,36.568588,13.472886,-3.868802,0.255486,3.877228,1.801214,0.010979,1.801247,3.075651,8.507287,3.451146
11,117,1786607963.56654,0,1,44.923202,13.43781,36.640539,13.47317,-3.813373,0.337079,3.828242,1.798775,0.007079,1.798789,3.053428,8.282738,4.806874
11,118,1786607963.60655,0,1,44.772809,13.454934,36.712382,13.473292,-3.759827,0.428094,3.78412,1.796083,0.003059,1.796086,3.028221,8.060447,6.365231
11,119,1786607963.6465,0,1,44.624433,13.476074,36.784109,13.473249,-3.709397,0.528504,3.746858,1.793158,-0.001071,1.793159,3.000068,7.840325,8.1294
11,120,1786607963.68643,0,1,44.477963,13.50161,36.85571,13.473037,-3.661739,0.6384,3.716973,1.790019,-0.0053,1.790027,2.968984,7.622307,10.104523
11,121,1786607963.72656,0,1,44.333369,13.53192,36.927177,13.472652,-3.614864,0.75776,3.693433,1.786683,-0.009621,1.786709,2.934961,7.406429,12.297608
11,122,1786607963.76652,0,1,44.1906,13.566895,36.998504,13.472091,-3.569223,0.874368,3.674762,1.783166,-0.014023,1.783221,2.90135,7.192721,14.520114
11,123,1786607963.80636,0,1,44.04931,13.605199,37.06971,13.471366,-3.532251,0.957607,3.659756,1.780157,-0.018133,1.780249,2.876852,6.980883,16.267023
11,124,1786607963.84645,0,1,43.909433,13.64681,37.140814,13.470487,-3.496931,1.040271,3.648382,1.777615,-0.021972,1.77775,2.852448,6.770914,18.058963
11,125,1786607963.88648,0,1,43.770926,13.691706,37.211835,13.469465,-3.462676,1.122386,3.640038,1.775502,-0.02556,1.775686,2.82814,6.562855,19.900098
11,126,1786607963.92656,0,1,43.633766,13.739866,37.282786,13.468308,-3.428993,1.204016,3.634233,1.773785,-0.028917,1.774021,2.803913,6.356783,21.796006
11,127,1786607963.96649,0,1,43.497947,13.791274,37.353683,13.467026,-3.395478,1.285199,3.630566,1.772432,-0.032061,1.772722,2.779754,6.152813,23.752655
11,128,1786607964.0065,0,1,43.363475,13.845912,37.42454,13.465625,-3.361793,1.365949,3.6287,1.771413,-0.035008,1.771759,2.755654,5.951098,25.776481
11,129,1786607964.04653,0,1,43.229497,13.901714,37.495368,13.464114,-3.349449,1.395046,3.628355,1.770702,-0.037772,1.771105,2.746944,5.750803,26.975793
11,130,1786607964.08645,0,1,43.0958,13.958317,37.566179,13.4625,-3.342433,1.415065,3.629638,1.770275,-0.040367,1.770735,2.741109,5.551805,28.069796
11,131,1786607964.12642,0,1,42.962169,14.015359,37.636983,13.460787,-3.340771,1.426071,3.632414,1.770108,-0.042807,1.770625,2.73814,5.353985,29.061561
11,132,1786607964.16649,0,1,42.828391,14.072482,37.70779,13.458983,-3.344456,1.428063,3.636585,1.770181,-0.045103,1.770755,2.738034,5.157221,29.954227
11,133,1786607964.20655,0,1,42.694253,14.129321,37.778609,13.457093,-3.353447,1.420971,3.642082,1.770474,-0.047266,1.771105,2.740794,4.961395,30.751109
11,134,1786607964.2464,0,1,42.559547,14.185507,37.849448,13.45512,-3.367655,1.404665,3.648861,1.770971,-0.049305,1.771657,2.746428,4.766392,31.4558
11,135,1786607964.28658,0,1,42.424069,14.240665,37.920314,13.453071,-3.386946,1.378947,3.656897,1.771654,-0.051231,1.772394,2.75495,4.572101,32.072296
11,136,1786607964.32649,0,1,42.287624,14.294408,37.991215,13.450949,-3.411122,1.343557,3.666183,1.772509,-0.053051,1.773302,2.766377,4.378419,32.605141
11,137,1786607964.36639,0,1,42.150027,14.346334,38.062155,13.448758,-3.439924,1.298169,3.676727,1.773522,-0.054774,1.774367,2.780734,4.185252,33.059596
11,138,1786607964.40654,0,1,42.011106,14.39603,38.133143,13.446502,-3.473013,1.242393,3.688544,1.77468,-0.056407,1.775576,2.79805,3.992519,33.441859
11,139,1786607964.44654,0,1,41.870708,14.443061,38.204182,13.444184,-3.50996,1.175778,3.701658,1.775972,-0.057956,1.776918,2.818358,3.800154,33.759338
11,140,1786607964.48647,0,1,41.728698,14.486974,38.275277,13.441807,-3.550238,1.09781,3.716097,1.777387,-0.059428,1.778381,2.841697,3.608115,34.021006
11,141,1786607964.52638,0,1,41.586251,14.531602,38.346434,13.439374,-3.561187,1.115709,3.731871,1.778916,-0.060828,1.779956,2.837982,3.418973,36.025941
11,142,1786607964.56636,0,1,41.442681,14.574815,38.417656,13.436887,-3.589244,1.080338,3.748307,1.780549,-0.062162,1.781633,2.849225,3.231975,37.366308
11,143,1786607964.60637,0,1,41.298352,14.617924,38.488947,13.43435,-3.608226,1.077716,3.765736,1.782277,-0.063434,1.783406,2.851344,3.048542,39.475202
11,144,1786607964.64649,0,1,41.152792,14.659415,38.56031,13.431764,-3.639013,1.037262,3.783957,1.784094,-0.06465,1.785265,2.863917,2.868464,41.249207
11,145,1786607964.68644,0,1,41.006417,14.700853,38.63175,13.429131,-3.659375,1.035963,3.803189,1.785992,-0.065812,1.787204,2.865713,2.693755,43.977425
11,146,1786607964.72639,0,1,40.858736,14.740572,38.703269,13.426454,-3.692026,0.992974,3.823226,1.787964,-0.066925,1.789216,2.878859,2.524469,46.422833
11,147,1786607964.76651,0,1,40.710129,14.780094,38.774869,13.423734,-3.715167,0.988059,3.844311,1.790005,-0.067993,1.791296,2.881657,2.363249,49.918568
11,148,1786607964.80643,0,1,40.560169,14.817897,38.846546,13.420979,-3.748989,0.945065,3.866273,1.791928,-0.068896,1.793252,2.894652,2.210856,53.33501
11,149,1786607964.84647,0,1,40.409071,14.854887,38.918296,13.418193,-3.777471,0.924752,3.889017,1.793743,-0.069648,1.795094,2.901507,2.070386,57.697544
11,150,1786607964.88645,0,1,40.256585,14.8901,38.990114,13.415382,-3.81215,0.880321,3.912474,1.795457,-0.070259,1.796831,2.914646,1.943898,62.347485
11,151,1786607964.92651,0,1,40.10245,14.921728,39.061997,13.412553,-3.853362,0.790704,3.933651,1.79708,-0.070742,1.798472,2.939204,1.833072,67.012961
11,152,1786607964.96651,0,1,39.9467,14.949194,39.133942,13.409708,-3.893755,0.686652,3.953836,1.798618,-0.071105,1.800023,2.96704,1.740859,72.169699
11,153,1786607965.00652,0,1,39.789389,14.971906,39.205945,13.406854,-3.932782,0.567799,3.973559,1.800078,-0.071359,1.801492,2.998208,1.670268,77.77016
11,154,1786607965.04648,0,1,39.630613,14.989255,39.278004,13.403994,-3.969395,0.433713,3.993019,1.801467,-0.071511,1.802885,3.03276,1.624003,83.69551
11,155,1786607965.08647,0,1,39.47063,15.00203,39.350115,13.401131,-3.99956,0.319375,4.012291,1.802789,-0.071571,1.804209,3.061909,1.605429,90.260436
11,156,1786607965.1265,0,1,39.309699,15.012126,39.422277,13.398269,-4.023287,0.252396,4.031196,1.804051,-0.071544,1.805469,3.078941,1.617778,97.580024
11,157,1786607965.16652,0,1,39.147837,15.018318,39.494488,13.395412,-4.046542,0.154805,4.049502,1.805258,-0.071439,1.806671,3.103355,1.659515,104.247952
11,158,1786607965.20652,0,1,38.985188,15.022116,39.566744,13.392561,-4.066228,0.094949,4.067336,1.806413,-0.07126,1.807818,3.118246,1.730218,110.978139
11,159,1786607965.24652,0,1,38.821806,15.022708,39.639045,13.389721,-4.084562,0.014803,4.084589,1.807521,-0.071014,1.808915,3.137968,1.826069,116.793633
11,160,1786607965.28651,0,1,38.657758,15.021338,39.711367,13.386893,-4.101192,-0.034255,4.101335,1.808045,-0.070686,1.809426,-3.13324,1.944608,122.328422
11,161,1786607965.32652,0,1,38.493105,15.017345,39.783689,13.384082,-4.116317,-0.099827,4.117527,1.80806,-0.070282,1.809426,-3.117346,2.081623,126.92611
11,162,1786607965.36634,0,1,38.327866,15.011885,39.856012,13.381289,-4.130978,-0.136494,4.133233,1.808078,-0.069828,1.809426,-3.108563,2.234743,131.249878
11,163,1786607965.40631,0,1,38.162412,15.001097,39.928336,13.378516,-4.136345,-0.269694,4.145128,1.808097,-0.069327,1.809426,-3.076484,2.398178,133.691857
11,164,1786607965.44636,0,1,37.996527,14.989537,40.000661,13.375764,-4.147125,-0.289008,4.157183,1.808118,-0.068784,1.809426,-3.072016,2.573094,137.171797
11,165,1786607965.48634,0,1,37.830177,14.97774,40.072987,13.373036,-4.158761,-0.294909,4.169205,1.80814,-0.068201,1.809426,-3.070798,2.757765,140.360512
11,166,1786607965.52631,0,1,37.663481,14.96418,40.145313,13.370333,-4.167406,-0.339,4.181172,1.808163,-0.067583,1.809426,-3.060426,2.949549,142.640663
11,167,1786607965.5663,0,1,37.496273,14.951027,40.217641,13.367656,-4.180193,-0.328824,4.193107,1.808187,-0.066931,1.809426,-3.063092,3.148477,145.310136
11,168,1786607965.60636,0,1,37.328809,14.935327,40.289969,13.365006,-4.186602,-0.392516,4.204962,1.808213,-0.066249,1.809426,-3.048111,3.351772,146.706604
11,169,1786607965.64637,0,1,37.160801,14.920379,40.362299,13.362384,-4.200192,-0.373684,4.216782,1.808238,-0.06554,1.809426,-3.052858,3.560468,148.966204
11,170,1786607965.68636,0,1,36.992462,14.903935,40.434629,13.359792,-4.208476,-0.411113,4.228508,1.808265,-0.064804,1.809426,-3.044215,3.77265,150.259838
11,171,1786607965.7263,0,1,36.823568,14.888404,40.506961,13.35723,-4.222357,-0.388276,4.240172,1.808292,-0.064046,1.809426,-3.049893,3.988969,152.173529
11,172,1786607965.76632,0,1,36.6545,14.869971,40.579294,13.354699,-4.226702,-0.460826,4.251749,1.808319,-0.063267,1.809426,-3.032994,4.207143,152.667355
11,173,1786607965.8063,0,1,36.484831,14.852845,40.651628,13.352205,-4.241723,-0.428146,4.263276,1.808351,-0.062362,1.809426,-3.040997,4.428783,154.430171
11,174,1786607965.84632,0,1,36.314777,14.835119,40.723963,13.349751,-4.251356,-0.44316,4.274391,1.808386,-0.061344,1.809426,-3.037728,4.65266,155.431344
11,175,1786607965.88631,0,1,36.144215,14.818136,40.7963,13.347342,-4.26404,-0.424555,4.285123,1.808423,-0.060219,1.809426,-3.042353,4.87905,156.769236
11,176,1786607965.92635,0,1,35.973587,14.799586,40.868639,13.344982,-4.265703,-0.463756,4.290838,1.808464,-0.058998,1.809426,-3.033301,5.106604,157.245591
11,177,1786607965.96634,0,1,35.802751,14.783063,40.940979,13.342675,-4.270908,-0.41308,4.290838,1.808506,-0.057688,1.809426,-3.045173,5.336301,158.815903
11,178,1786607966.00635,0,1,35.632192,14.763883,41.013321,13.340423,-4.263961,-0.479503,4.290838,1.80855,-0.056297,1.809426,-3.029608,5.566218,158.76681
11,179,1786607966.0463,0,1,35.461418,14.746729,41.085665,13.33823,-4.269353,-0.428847,4.290838,1.808595,-0.05483,1.809426,-3.041481,5.797932,160.204393
11,180,1786607966.0863,0,1,35.290716,14.728868,41.15801,13.336098,-4.267542,-0.446516,4.290838,1.808641,-0.053295,1.809426,-3.037341,6.030336,160.673194
11,181,1786607966.12633,0,1,35.119841,14.712757,41.230358,13.33403,-4.271891,-0.402784,4.290838,1.808687,-0.051697,1.809426,-3.047584,6.264128,161.898849
11,182,1786607966.16634,0,1,34.949206,14.694264,41.302707,13.332029,-4.265857,-0.462332,4.290838,1.808734,-0.050042,1.809426,-3.033634,6.497896,161.713041
11,183,1786607966.20633,0,1,34.778338,14.678073,41.375058,13.330095,-4.271703,-0.40477,4.290838,1.80878,-0.048334,1.809426,-3.047119,6.733035,163.038176
11,184,1786607966.24631,0,1,34.607694,14.659672,41.447411,13.328232,-4.266107,-0.460023,4.290838,1.808826,-0.046577,1.809426,-3.034176,6.968103,162.829861
11,185,1786607966.28632,0,1,34.436814,14.643612,41.519766,13.326441,-4.272012,-0.401501,4.290838,1.808872,-0.044777,1.809426,-3.047884,7.204385,164.0963
11,186,1786607966.32636,0,1,34.266115,14.625725,41.592123,13.324724,-4.267474,-0.447162,4.290838,1.808916,-0.042936,1.809426,-3.03719,7.440632,163.948177
11,187,1786607966.36631,0,1,34.095176,14.610296,41.664481,13.323081,-4.273464,-0.38574,4.290838,1.80896,-0.041058,1.809426,-3.051573,7.677975,165.191003
11,188,1786607966.40634,0,1,33.924453,14.592637,41.736841,13.321515,-4.268066,-0.44148,4.290838,1.809002,-0.039147,1.809426,-3.038521,7.915122,164.853065
11,189,1786607966.44635,0,1,33.753494,14.577435,41.809203,13.320027,-4.273974,-0.38005,4.290838,1.809043,-0.037206,1.809426,-3.052904,8.153252,166.046856
11,190,1786607966.48634,0,1,33.582748,14.560003,41.881566,13.318618,-4.268649,-0.435798,4.290838,1.809083,-0.035237,1.809426,-3.039853,8.391151,165.663168
11,191,1786607966.5263,0,1,33.411769,14.545028,41.953929,13.317288,-4.274476,-0.37436,4.290838,1.809067,-0.033242,1.809373,-3.054235,8.629938,166.815841
11,192,1786607966.56635,0,1,33.241,14.527824,42.026288,13.316039,-4.269226,-0.430114,4.290838,1.808974,-0.031223,1.809244,-3.041184,8.868467,166.393553
11,193,1786607966.60635,0,1,33.070002,14.513077,42.09864,13.314872,-4.27497,-0.368669,4.290838,1.80881,-0.029183,1.809046,-3.055567,9.1078,167.511426
11,194,1786607966.64634,0,1,32.899191,14.496287,42.170984,13.313787,-4.270257,-0.419756,4.290838,1.80858,-0.027123,1.808784,-3.04361,9.346895,167.117885
11,195,1786607966.68634,0,1,32.728154,14.481997,42.243315,13.312785,-4.275939,-0.357255,4.290838,1.80829,-0.025047,1.808463,-3.058236,9.586728,168.218711
11,196,1786607966.72635,0,1,32.557313,14.465517,42.315633,13.311867,-4.271013,-0.41199,4.290838,1.807944,-0.022955,1.808089,-3.045428,9.826277,167.747844
11,197,1786607966.76643,0,1,32.38625,14.451538,42.387935,13.311033,-4.276582,-0.349479,4.290838,1.807547,-0.020851,1.807667,-3.060055,10.066501,168.822801
11,198,1786607966.80636,0,1,32.21538,14.435369,42.460222,13.310273,-4.271755,-0.404224,4.290838,1.807176,-0.018985,1.807275,-3.047247,10.306436,168.327219
11,199,1786607966.84635,0,1,32.044291,14.421701,42.532495,13.30958,-4.27721,-0.341702,4.290838,1.806829,-0.017338,1.806912,-3.061873,10.547001,169.379632
11,200,1786607966.88632,0,1,31.873333,14.406494,42.604755,13.308944,-4.273963,-0.380174,4.290838,1.806504,-0.015894,1.806574,-3.052875,10.787402,169.077264
11,201,1786607966.92631,0,1,31.70216,14.393934,42.677003,13.308359,-4.279334,-0.313991,4.290838,1.806199,-0.014637,1.806259,-3.06835,11.028403,170.154478
11,202,1786607966.96635,0,1,31.531149,14.379328,42.74924,13.307816,-4.275272,-0.365155,4.290838,1.805913,-0.013553,1.805964,-3.056388,11.269148,169.662028
11,203,1786607967.00634,0,1,31.359932,14.36737,42.821465,13.307311,-4.280411,-0.298954,4.290838,1.805645,-0.012627,1.805689,-3.071864,11.51045,170.720659
11,204,1786607967.04636,0,1,31.188871,14.353364,42.893681,13.306837,-4.276528,-0.350132,4.290838,1.805392,-0.011848,1.805431,-3.059902,11.751502,170.210241
11,205,1786607967.08631,0,1,31.017614,14.342008,42.965887,13.306389,-4.281435,-0.283913,4.290838,1.805154,-0.011204,1.805189,-3.075377,11.993071,171.252388
11,206,1786607967.12635,0,1,30.846504,14.328604,43.038084,13.305962,-4.277732,-0.335104,4.290838,1.804929,-0.010684,1.804961,-3.063416,12.234395,170.725978
11,207,1786607967.16634,0,1,30.675208,14.317849,43.110273,13.305551,-4.282406,-0.268868,4.290838,1.804717,-0.010278,1.804746,-3.078891,12.476201,171.753438
11,208,1786607967.20631,0,1,30.504053,14.305046,43.182454,13.305152,-4.278883,-0.320072,4.290838,1.804516,-0.009979,1.804543,-3.066929,12.717769,171.212737
11,209,1786607967.24633,0,1,30.33272,14.294893,43.254627,13.304761,-4.283324,-0.25382,4.290838,1.804325,-0.009776,1.804352,-3.082404,12.959786,172.227059
11,210,1786607967.28642,0,1,30.161521,14.282692,43.326793,13.304374,-4.279981,-0.305036,4.290838,1.804144,-0.009663,1.80417,-3.070443,13.201572,171.673534
11,211,1786607967.32637,0,1,29.990153,14.273141,43.398951,13.303989,-4.284189,-0.238769,4.290838,1.803972,-0.009632,1.803998,-3.085918,13.443777,172.67606
11,212,1786607967.36641,0,1,29.818912,14.261541,43.471104,13.303602,-4.281027,-0.289996,4.290838,1.803808,-0.009677,1.803834,-3.073956,13.685759,172.11099
11,213,1786607967.40634,0,1,29.647512,14.252593,43.54325,13.30321,-4.285002,-0.223715,4.290838,1.803651,-0.009791,1.803678,-3.089431,13.928132,173.102888
11,214,1786607967.44635,0,1,29.476231,14.241595,43.61539,13.302811,-4.282019,-0.274953,4.290838,1.803502,-0.00997,1.803529,-3.07747,14.17029,172.527387
11,215,1786607967.48633,0,1,29.304801,14.233248,43.687524,13.302403,-4.285761,-0.208658,4.290838,1.803358,-0.010207,1.803387,-3.092945,14.412814,173.509679
11,216,1786607967.52631,0,1,29.133482,14.222852,43.759653,13.301983,-4.282959,-0.259906,4.290838,1.803221,-0.010498,1.803251,-3.080983,14.655131,172.924723
11,217,1786607967.56636,0,1,28.962024,14.215108,43.831777,13.30155,-4.286468,-0.193599,4.290838,1.803088,-0.010838,1.803121,-3.096458,14.89779,173.898306
11,218,1786607967.60634,0,1,28.79067,14.205314,43.903895,13.301101,-4.283846,-0.244856,4.290838,1.802961,-0.011224,1.802996,-3.084497,15.14025,173.304758
11,219,1786607967.64632,0,1,28.619185,14.198172,43.976009,13.300635,-4.287122,-0.178537,4.290838,1.802838,-0.011652,1.802876,-3.099972,15.38303,174.270421
11,220,1786607967.68633,0,1,28.447798,14.18898,44.048117,13.30015,-4.284679,-0.229804,4.290838,1.80272,-0.012117,1.802761,-3.08801,15.62562,173.669041
11,221,1786607967.72632,0,1,28.276289,14.182441,44.120222,13.299645,-4.287723,-0.163473,4.290838,1.802605,-0.012617,1.802649,-3.103485,15.868508,174.627486
11,222,1786607967.76635,0,1,28.10487,14.173851,44.192321,13.299119,-4.28546,-0.214748,4.290838,1.802494,-0.013149,1.802542,-3.091524,16.111214,174.01895
11,223,1786607967.80633,0,1,27.93334,14.167915,44.264418,13.298572,-4.28827,-0.148407,4.290838,1.802428,-0.013677,1.80248,-3.106999,16.354201,174.970802
11,224,1786607967.84632,0,1,27.761892,14.159928,44.336515,13.298004,-4.286189,-0.19969,4.290838,1.802404,-0.014201,1.80246,-3.095037,16.597019,174.355723
11,225,1786607967.88631,0,1,27.590341,14.154594,44.408611,13.297415,-4.288765,-0.133339,4.290838,1.802418,-0.014721,1.802478,-3.110512,16.8401,175.301553
11,226,1786607967.92635,0,1,27.418879,14.147209,44.48071,13.296806,-4.286559,-0.184616,4.290532,1.802467,-0.015237,1.802531,-3.098551,17.083011,174.68048
11,227,1786607967.96636,0,1,27.247588,14.137188,44.552812,13.296176,-4.282273,-0.250525,4.289595,1.802549,-0.01575,1.802618,-3.083156,17.325648,173.869539
11,228,1786607968.00634,0,1,27.076251,14.129234,44.624918,13.295525,-4.283442,-0.19887,4.288056,1.80266,-0.016258,1.802733,-3.095198,17.568461,174.62182
11,229,1786607968.04633,0,1,26.905141,14.118648,44.69703,13.294855,-4.277742,-0.264644,4.28592,1.802799,-0.016764,1.802877,-3.079806,17.810951,173.808894
11,230,1786607968.0863,0,1,26.734024,14.110129,44.769149,13.294164,-4.277917,-0.21298,4.283216,1.802963,-0.017265,1.803046,-3.091848,18.053574,174.559363
11,231,1786607968.12636,0,1,26.563189,14.098986,44.841275,13.293454,-4.270873,-0.27857,4.279948,1.803151,-0.017763,1.803238,-3.076459,18.295827,173.744693
11,232,1786607968.16635,0,1,26.392385,14.089909,44.913409,13.292723,-4.270117,-0.22692,4.276143,1.803359,-0.018257,1.803452,-3.088501,18.538173,174.493466
11,233,1786607968.20635,0,1,26.221913,14.078218,44.985553,13.291974,-4.261794,-0.292281,4.271805,1.803588,-0.018748,1.803685,-3.073118,18.780106,173.67727
11,234,1786607968.24632,0,1,26.051884,14.063339,45.057706,13.291204,-4.250716,-0.371966,4.26696,1.803834,-0.019235,1.803937,-3.054308,19.0215,172.672539
11,235,1786607968.2863,0,1,25.881945,14.049946,45.12987,13.290415,-4.248467,-0.334817,4.26164,1.804097,-0.019718,1.804205,-3.062946,19.262904,173.234147
11,236,1786607968.32636,0,1,25.71209,14.038617,45.202045,13.289608,-4.24638,-0.283249,4.255817,1.804376,-0.020198,1.804489,-3.074988,19.504342,173.983
11,237,1786607968.36631,0,1,25.54268,14.024699,45.274232,13.288781,-4.235248,-0.34795,4.249517,1.804668,-0.020675,1.804786,-3.059621,19.74527,173.167426
11,238,1786607968.40631,0,1,25.373385,14.01284,45.346431,13.287935,-4.232394,-0.296456,4.242764,1.804973,-0.021148,1.805097,-3.071662,19.986197,173.914703
11,239,1786607968.44637,0,1,25.204578,13.998408,45.418642,13.28707,-4.220165,-0.360799,4.23556,1.805291,-0.021617,1.80542,-3.056306,20.226577,173.09801
11,240,1786607968.48635,0,1,25.035914,13.986032,45.490867,13.286187,-4.216591,-0.309399,4.227927,1.805619,-0.022083,1.805754,-3.068347,20.466921,173.843798
11,241,1786607968.52642,0,1,24.867782,13.971098,45.563105,13.285285,-4.203319,-0.37335,4.219867,1.805957,-0.022545,1.806098,-3.053003,20.706684,173.026155
11,242,1786607968.56644,0,1,24.699819,13.958216,45.635358,13.284365,-4.199069,-0.322063,4.211402,1.806305,-0.023004,1.806452,-3.065044,20.946381,173.770531
11,243,1786607968.60635,0,1,24.532427,13.942792,45.707624,13.283426,-4.184805,-0.385588,4.202532,1.806661,-0.023459,1.806814,-3.049712,21.185461,172.952095
11,244,1786607968.64636,0,1,24.36523,13.929415,45.779905,13.28247,-4.17992,-0.334434,4.193277,1.807025,-0.02391,1.807183,-3.061753,21.424445,173.695131
11,245,1786607968.68635,0,1,24.198641,13.913515,45.852201,13.281496,-4.164712,-0.397502,4.183639,1.807396,-0.024358,1.807561,-3.046436,21.662781,172.876047
11,246,1786607968.72632,0,1,24.032272,13.899655,45.924512,13.280503,-4.159228,-0.346497,4.173636,1.807774,-0.024803,1.807944,-3.058477,21.900993,173.617806
11,247,1786607968.76635,0,1,23.866547,13.883292,45.996838,13.279494,-4.143123,-0.409079,4.163269,1.808158,-0.025243,1.808335,-3.043175,22.138526,172.798211
11,248,1786607968.80635,0,1,23.701582,13.863893,46.069181,13.278471,-4.124139,-0.484969,4.152556,1.808568,-0.025567,1.808749,-3.024537,22.375259,171.793985
11,249,1786607968.84637,0,1,23.536842,13.845977,46.141541,13.27744,-4.118489,-0.447896,4.142772,1.809001,-0.025782,1.809184,-3.033266,22.611847,172.352574
11,250,1786607968.88631,0,1,23.372254,13.830081,46.213911,13.276404,-4.114708,-0.397419,4.133855,1.80924,-0.025895,1.809426,-3.045306,22.848366,173.094638
11,251,1786607968.92635,0,1,23.207762,13.816738,46.28628,13.275367,-4.112293,-0.33357,4.125799,1.80924,-0.025912,1.809426,-3.060654,23.084867,174.018796
11,252,1786607968.96634,0,1,23.043337,13.806484,46.35865,13.274334,-4.11062,-0.256352,4.118606,1.809241,-0.025845,1.809426,-3.07931,23.321385,175.123964
11,253,1786607969.00636,0,1,22.87898,13.799854,46.43102,13.273306,-4.108938,-0.165744,4.112279,1.809243,-0.025699,1.809426,-3.101277,23.557925,176.409353
11,254,1786607969.04636,0,1,22.714879,13.792345,46.503389,13.272286,-4.102533,-0.187729,4.106826,1.809246,-0.025481,1.809426,-3.095865,23.794195,176.127631
11,255,1786607969.08631,0,1,22.550839,13.788442,46.575759,13.271279,-4.101001,-0.097575,4.102162,1.80925,-0.025197,1.809426,-3.117804,24.030487,177.403855
11,256,1786607969.12635,0,1,22.386975,13.783653,46.64813,13.270284,-4.096591,-0.119722,4.098341,1.809255,-0.024853,1.809426,-3.112376,24.266586,177.113811
11,257,1786607969.16634,0,1,22.223168,13.782457,46.7205,13.269306,-4.095168,-0.029888,4.095277,1.809261,-0.024452,1.809426,-3.134294,24.502706,178.381833
11,258,1786607969.20644,0,1,22.05946,13.780372,46.792871,13.268346,-4.092694,-0.052133,4.093026,1.809267,-0.024,1.809426,-3.128855,24.73871,178.084248
11,259,1786607969.24642,0,1,21.895807,13.781872,46.865242,13.267406,-4.091328,0.037511,4.0915,1.809273,-0.0235,1.809426,3.132424,24.974734,179.344953
11,260,1786607969.2864,0,1,21.732178,13.782482,46.937613,13.266488,-4.090724,0.01523,4.090753,1.80928,-0.022958,1.809426,3.13787,25.210716,179.040541
11,261,1786607969.32637,0,1,21.568552,13.781667,47.009984,13.265593,-4.090649,-0.020363,4.0907,1.809287,-0.022376,1.809426,-3.136615,25.446666,178.552709
11,262,1786607969.36633,0,1,21.404914,13.783896,47.082356,13.264723,-4.090955,0.055726,4.091334,1.809295,-0.021757,1.809426,3.127972,25.68269,179.622115
11,263,1786607969.40634,0,1,21.241209,13.784702,47.154728,13.263879,-4.092629,0.020138,4.092678,1.809303,-0.021105,1.809426,3.136672,25.918753,179.130518
11,264,1786607969.44636,0,1,21.077467,13.788554,47.227101,13.263062,-4.093544,0.096309,4.094677,1.809311,-0.020423,1.809426,3.11807,26.154913,179.803491
11,265,1786607969.48637,0,1,20.913591,13.790984,47.299473,13.262273,-4.096902,0.06074,4.097352,1.809318,-0.019714,1.809426,3.126768,26.391179,179.701483
11,266,1786607969.52636,0,1,20.749657,13.796467,47.371846,13.261514,-4.098357,0.137078,4.100649,1.809326,-0.018979,1.809426,3.108158,26.627564,179.235505
11,267,1786607969.56637,0,1,20.585524,13.800528,47.44422,13.260785,-4.10333,0.101544,4.104586,1.809334,-0.018221,1.809426,3.116851,26.864119,179.733654
11,268,1786607969.60641,0,1,20.421256,13.806151,47.516593,13.260087,-4.106702,0.140566,4.109107,1.809342,-0.017442,1.809426,3.107377,27.10084,179.194165
11,269,1786607969.64637,0,1,20.256733,13.81003,47.588967,13.259422,-4.113076,0.096968,4.114219,1.809349,-0.016645,1.809426,3.118022,27.33778,179.803542
11,270,1786607969.68636,0,1,20.09207,13.816658,47.661342,13.258788,-4.116554,0.165702,4.119888,1.809357,-0.015831,1.809426,3.101362,27.574915,178.85418
11,271,1786607969.72635,0,1,19.927098,13.821541,47.733716,13.258188,-4.124305,0.122075,4.126111,1.809364,-0.015001,1.809426,3.112002,27.812324,179.465235
11,272,1786607969.76634,0,1,19.761961,13.829186,47.806091,13.257622,-4.128427,0.191131,4.132849,1.80937,-0.014158,1.809426,3.095329,28.049954,178.51688
11,273,1786607969.80637,0,1,19.596462,13.835085,47.878466,13.257088,-4.137468,0.147469,4.140095,1.809377,-0.013346,1.809426,3.105965,28.287909,179.129497
11,274,1786607969.84633,0,1,19.430638,13.838681,47.950841,13.256586,-4.145608,0.089914,4.146583,1.809382,-0.012564,1.809426,3.119907,28.526143,179.926752
11,275,1786607969.88636,0,1,19.26462,13.843704,48.023217,13.256113,-4.150446,0.125557,4.152344,1.809387,-0.011809,1.809426,3.11135,28.764599,179.437742
11,276,1786607969.92636,0,1,19.098344,13.846239,48.095593,13.25567,-4.156894,0.063394,4.157378,1.809392,-0.01108,1.809426,3.126343,29.003261,179.706968
11,277,1786607969.96634,0,1,18.931877,13.845726,48.167968,13.255255,-4.161691,-0.01284,4.16171,1.809396,-0.010374,1.809426,-3.138507,29.242054,178.666209
11,278,1786607970.00636,0,1,18.765265,13.846713,48.240344,13.254867,-4.165307,0.024688,4.16538,1.8094,-0.009691,1.809426,3.135666,29.481021,179.18927
11,279,1786607970.04634,0,1,18.598544,13.844643,48.312721,13.254506,-4.168022,-0.051768,4.168344,1.809403,-0.009027,1.809426,-3.129173,29.720036,178.15064
11,280,1786607970.08632,0,1,18.431814,13.83895,48.385097,13.254171,-4.16823,-0.142326,4.170659,1.809406,-0.008383,1.809426,-3.107461,29.95899,176.925931
11,281,1786607970.12635,0,1,18.265065,13.831988,48.457473,13.253861,-4.168737,-0.174049,4.172369,1.809409,-0.007756,1.809426,-3.099866,30.197943,176.512258
11,282,1786607970.16638,0,1,18.098495,13.820916,48.52985,13.253575,-4.164255,-0.276787,4.173444,1.809412,-0.007145,1.809426,-3.075223,30.436643,175.129238
11,283,1786607970.20637,0,1,17.931849,13.810311,48.602226,13.253313,-4.166145,-0.265126,4.174572,1.809414,-0.00655,1.809426,-3.07804,30.675435,175.318291
11,284,1786607970.24642,0,1,17.76512,13.800727,48.674603,13.253074,-4.168231,-0.239606,4.175112,1.809416,-0.005969,1.809426,-3.084172,30.914334,175.694987
11,285,1786607970.28636,0,1,17.598307,13.79272,48.74698,13.252858,-4.170311,-0.200185,4.175112,1.809418,-0.005402,1.809426,-3.093627,31.15335,176.258834
11,286,1786607970.32636,0,1,17.431426,13.786847,48.819356,13.252664,-4.17204,-0.146826,4.174622,1.809419,-0.004846,1.809426,-3.106414,31.392476,177.009421
11,287,1786607970.36636,0,1,17.264509,13.783667,48.891733,13.252492,-4.172929,-0.079497,4.173687,1.809421,-0.004303,1.809426,-3.122544,31.631685,177.946428
11,288,1786607970.40631,0,1,17.097615,13.783739,48.96411,13.252341,-4.172341,0.00182,4.172342,1.809422,-0.00377,1.809426,3.141156,31.870926,179.069636
11,289,1786607970.44637,0,1,16.930836,13.787624,49.036487,13.252211,-4.169481,0.09712,4.170612,1.809423,-0.003247,1.809426,3.118304,32.110115,179.621063
11,290,1786607970.48641,0,1,16.764125,13.790744,49.108864,13.252102,-4.167779,0.077999,4.168509,1.809424,-0.002734,1.809426,3.12288,32.349224,179.88192
11,291,1786607970.52642,0,1,16.59763,13.797667,49.181241,13.252013,-4.16236,0.173067,4.165956,1.809424,-0.00223,1.809426,3.100038,32.588179,178.578474
11,292,1786607970.56641,0,1,16.431223,13.803822,49.253618,13.251944,-4.160183,0.153874,4.163028,1.809425,-0.001734,1.809426,3.104622,32.827034,178.845034
12,0,1786607974.62425,0,1,59.48,13.100032,29.003536,13.399993,-0.499999,0.000796,0.5,0.0884,-0.000187,0.0884,3.14,30.47794,0.472656
12,0,1786607974.66423,0,1,59.48,13.100032,29.010208,13.399979,-0.499999,0.000796,0.5,0.1668,-0.000335,0.1668,3.14,30.471268,0.472754
12,1,1786607974.70421,0,1,59.457183,13.100635,29.020016,13.399961,-0.570424,0.015067,0.570623,0.2452,-0.000445,0.2452,3.115186,30.438639,0.949559
12,2,1786607974.7442,0,1,59.431542,13.101311,29.03296,13.399941,-0.641024,0.016923,0.641247,0.3236,-0.000512,0.3236,3.115199,30.400049,0.949402
12,3,1786607974.78418,0,1,59.403078,13.102074,29.04904,13.399919,-0.711613,0.019068,0.711868,0.402,-0.000535,0.402,3.114804,30.355499,0.972691
12,4,1786607974.82423,0,1,59.37179,13.10293,29.068256,13.399899,-0.782194,0.021396,0.782486,0.4804,-0.000512,0.4804,3.114246,30.304989,1.005395
12,5,1786607974.86426,0,1,59.337679,13.103888,29.090608,13.399881,-0.852764,0.023943,0.8531,0.558799,-0.000439,0.5588,3.113524,30.24852,1.047568
12,6,1786607974.90424,0,1,59.300746,13.104957,29.116096,13.399869,-0.923324,0.02672,0.92371,0.637199,-0.000313,0.637199,3.112661,30.186091,1.097866
12,7,1786607974.94424,0,1,59.260991,13.106146,29.14472,13.399864,-0.993871,0.029746,0.994316,0.715599,-0.00013,0.715599,3.111672,30.117704,1.155558
12,8,1786607974.98422,0,1,59.218415,13.107468,29.17648,13.399868,-1.064405,0.033036,1.064918,0.793999,0.000114,0.793999,3.110565,30.043358,1.220082
12,9,1786607975.02422,0,1,59.173018,13.108932,29.211228,13.399885,-1.134925,0.036606,1.135515,0.86871,0.000409,0.86871,3.109349,29.963203,1.29103
12,10,1786607975.06421,0,1,59.124801,13.110551,29.248724,13.399914,-1.205428,0.040473,1.206107,0.937388,0.000744,0.937388,3.10803,29.877479,1.368098
12,11,1786607975.10423,0,1,59.073765,13.112337,29.288744,13.399959,-1.275913,0.044652,1.276694,1.000513,0.001115,1.000514,3.106611,29.786409,1.451051
12,12,1786607975.14424,0,1,59.01991,13.114303,29.331086,13.40002,-1.346378,0.04916,1.347275,1.058532,0.001519,1.058533,3.105096,29.690199,1.53971
12,13,1786607975.18423,0,1,58.963237,13.116464,29.37556,13.400098,-1.416822,0.054012,1.417851,1.111852,0.001953,1.111853,3.103489,29.589037,1.633931
12,14,1786607975.22419,0,1,58.903747,13.118833,29.421994,13.400194,-1.487243,0.059224,1.488422,1.160849,0.002415,1.160851,3.101792,29.483096,1.733603
12,15,1786607975.26424,0,1,58.841441,13.121425,29.470228,13.400311,-1.557638,0.064812,1.558986,1.205869,0.002903,1.205872,3.100007,29.372537,1.838637
12,16,1786607975.30422,0,1,58.776321,13.124257,29.520117,13.400447,-1.628006,0.070791,1.629544,1.24723,0.003414,1.247234,3.098137,29.257507,1.948962
12,17,1786607975.34421,0,1,58.708387,13.127344,29.571526,13.400605,-1.698343,0.077176,1.700096,1.285224,0.003945,1.28523,3.096182,29.138142,2.064522
12,18,1786607975.38419,0,1,58.637642,13.130703,29.624331,13.400785,-1.768648,0.083983,1.770641,1.320122,0.004497,1.32013,3.094144,29.014567,2.185273
12,19,1786607975.42427,0,1,58.564085,13.134352,29.678418,13.400987,-1.838918,0.091226,1.841179,1.352171,0.005066,1.352181,3.092025,28.886897,2.311181
12,20,1786607975.46424,0,1,58.487719,13.138309,29.733682,13.401213,-1.90915,0.098921,1.911711,1.381599,0.005651,1.381611,3.089825,28.755239,2.442218
12,21,1786607975.50423,0,1,58.408545,13.142592,29.790027,13.401464,-1.979341,0.10708,1.982235,1.408615,0.006251,1.408629,3.087546,28.619689,2.578367
12,22,1786607975.54426,0,1,58.326566,13.147221,29.847363,13.401738,-2.049488,0.11572,2.052752,1.433413,0.006865,1.433429,3.08519,28.48034,2.719612
12,23,1786607975.58424,0,1,58.241782,13.152215,29.905615,13.402033,-2.119587,0.124853,2.123261,1.456291,0.007367,1.45631,3.082756,28.337268,2.865955
12,24,1786607975.62423,0,1,58.154249,13.157218,29.964711,13.402343,-2.188339,0.125075,2.19191,1.477403,0.007766,1.477424,3.084499,28.190603,2.772999
12,25,1786607975.66422,0,1,58.064051,13.162295,30.024587,13.402666,-2.254936,0.126917,2.258505,1.496891,0.008071,1.496913,3.085368,28.040495,2.730273
12,26,1786607975.70422,0,1,57.971268,13.1674,30.085182,13.402998,-2.319592,0.127617,2.3231,1.514884,0.008289,1.514907,3.086631,27.887081,2.665011
12,27,1786607975.74417,0,1,57.875975,13.172513,30.146442,13.403335,-2.382318,0.127828,2.385745,1.531502,0.008427,1.531525,3.087987,27.730493,2.594462
12,28,1786607975.78423,0,1,57.778248,13.177605,30.208316,13.403675,-2.443177,0.127312,2.446492,1.546855,0.008491,1.546878,3.089531,27.570858,2.513123
12,29,1786607975.82423,0,1,57.678159,13.182649,30.270758,13.404014,-2.502216,0.126079,2.505391,1.561044,0.008487,1.561067,3.091248,27.408295,2.421754
12,30,1786607975.86424,0,1,57.57578,13.187612,30.333725,13.404351,-2.559485,0.12408,2.562491,1.574162,0.008421,1.574185,3.093152,27.242917,2.31961
12,31,1786607975.90423,0,1,57.471179,13.192463,30.397176,13.404683,-2.615028,0.121293,2.61784,1.586296,0.008297,1.586317,3.095243,27.074834,2.206547
12,32,1786607975.94424,0,1,57.364423,13.197171,30.461077,13.405008,-2.668893,0.117694,2.671486,1.597522,0.00812,1.597543,3.097523,26.904148,2.082398
12,33,1786607975.9842,0,1,57.255578,13.201702,30.525394,13.405323,-2.721121,0.113268,2.723477,1.607916,0.007895,1.607935,3.099991,26.73096,1.947136
12,34,1786607976.0242,0,1,57.144708,13.206022,30.590096,13.405628,-2.771754,0.108005,2.773857,1.617542,0.007624,1.61756,3.102646,26.555362,1.800804
12,35,1786607976.0642,0,1,57.031875,13.210098,30.655154,13.405921,-2.820833,0.101901,2.822673,1.626462,0.007313,1.626478,3.105484,26.377447,1.643522
12,36,1786607976.10421,0,1,56.917139,13.213896,30.720543,13.406199,-2.868396,0.094957,2.869968,1.634733,0.006964,1.634748,3.1085,26.197301,1.475471
12,37,1786607976.14424,0,1,56.800559,13.217384,30.78624,13.406463,-2.914481,0.087178,2.915785,1.642407,0.00658,1.64242,3.11169,26.015007,1.296883
12,38,1786607976.18423,0,1,56.682194,13.220527,30.852221,13.406709,-2.959123,0.078574,2.960166,1.649531,0.006164,1.649543,3.115046,25.830645,1.108039
12,39,1786607976.22422,0,1,56.5621,13.223293,30.918467,13.406938,-3.002357,0.069159,3.003153,1.65615,0.005719,1.65616,3.118562,25.644291,0.909253
12,40,1786607976.26422,0,1,56.440332,13.225651,30.984959,13.407148,-3.044216,0.058951,3.044787,1.662303,0.005248,1.662312,3.12223,25.45602,0.700872
12,41,1786607976.30422,0,1,56.316942,13.22757,31.05168,13.407338,-3.084733,0.047971,3.085106,1.668029,0.004751,1.668036,3.126043,25.265902,0.483269
12,42,1786607976.34422,0,1,56.191985,13.229019,31.118615,13.407507,-3.123938,0.036243,3.124149,1.673361,0.004232,1.673366,3.129992,25.074005,0.256833
12,43,1786607976.38422,0,1,56.06551,13.229971,31.185748,13.407655,-3.161863,0.023794,3.161952,1.678331,0.003692,1.678335,3.134068,24.880397,0.021971
12,44,1786607976.42424,0,1,55.937569,13.230397,31.253067,13.40778,-3.198536,0.010652,3.198554,1.682967,0.003134,1.68297,3.138262,24.68514,0.220905
12,45,1786607976.46421,0,1,55.808209,13.230271,31.320558,13.407883,-3.233987,-0.00315,3.233988,1.687297,0.002558,1.687299,-3.140619,24.488295,0.471374
12,46,1786607976.50419,0,1,55.67748,13.229568,31.388212,13.407961,-3.268243,-0.017581,3.26829,1.691345,0.001966,1.691346,-3.136213,24.289922,0.729017
12,47,1786607976.54421,0,1,55.545426,13.228264,31.456018,13.408016,-3.301332,-0.032607,3.301493,1.695134,0.00136,1.695134,-3.131716,24.090079,0.993416
12,48,1786607976.58424,0,1,55.412095,13.226336,31.523964,13.408056,-3.333281,-0.048193,3.333629,1.698669,0.001015,1.69867,-3.127135,23.888822,1.264186
12,49,1786607976.6242,0,1,55.277492,13.224393,31.592043,13.408093,-3.365088,-0.048575,3.365439,1.701973,0.00091,1.701973,-3.127159,23.686161,1.271374
12,50,1786607976.66419,0,1,55.141633,13.22213,31.660246,13.408134,-3.396451,-0.056568,3.396922,1.705062,0.001027,1.705063,-3.124939,23.482124,1.408015
12,51,1786607976.7042,0,1,55.00453,13.219757,31.728564,13.408188,-3.427576,-0.059332,3.428089,1.707955,0.001347,1.707956,-3.124284,23.276729,1.455537
12,52,1786607976.74419,0,1,54.866197,13.217186,31.796991,13.408262,-3.458348,-0.064269,3.458945,1.710667,0.001854,1.710668,-3.123011,23.069997,1.539196
12,53,1786607976.78418,0,1,54.726643,13.214501,31.865519,13.408363,-3.48885,-0.067143,3.489496,1.713213,0.002533,1.713214,-3.12235,22.861945,1.588372
12,54,1786607976.82424,0,1,54.585881,13.211681,31.934143,13.408498,-3.519044,-0.070486,3.51975,1.715605,0.003371,1.715608,-3.121565,22.652592,1.645295
12,55,1786607976.86425,0,1,54.443922,13.208767,32.002858,13.408672,-3.548966,-0.072847,3.549714,1.717856,0.004354,1.717862,-3.121069,22.441955,1.686272
12,56,1786607976.90424,0,1,54.300778,13.205762,32.071657,13.408891,-3.578605,-0.075143,3.579394,1.719978,0.00547,1.719986,-3.120598,22.230049,1.726458
12,57,1786607976.94424,0,1,54.156459,13.202687,32.140536,13.409159,-3.607979,-0.076863,3.608797,1.72198,0.006709,1.721993,-3.120292,22.016891,1.757738
12,58,1786607976.98422,0,1,54.010975,13.199552,32.209491,13.409482,-3.637087,-0.078364,3.637931,1.723872,0.00806,1.723891,-3.12005,21.802495,1.785983
12,59,1786607977.02421,0,1,53.864338,13.196374,32.278517,13.409862,-3.665941,-0.079467,3.666802,1.725664,0.009515,1.72569,-3.119919,21.586876,1.80846
12,60,1786607977.06421,0,1,53.716556,13.193161,32.347612,13.410305,-3.694544,-0.080324,3.695417,1.727363,0.011064,1.727398,-3.119855,21.370047,1.827685
12,61,1786607977.10421,0,1,53.56764,13.189926,32.416771,13.410813,-3.722905,-0.080876,3.723783,1.728976,0.0127,1.729022,-3.119872,21.152022,1.842838
12,62,1786607977.14424,0,1,53.417599,13.186678,32.485991,13.411389,-3.751027,-0.081197,3.751906,1.73051,0.014415,1.73057,-3.119949,20.932813,1.855148
12,63,1786607977.18423,0,1,53.266442,13.183427,32.55527,13.412038,-3.778918,-0.081274,3.779792,1.731973,0.016203,1.732048,-3.120089,20.712433,1.864486
12,64,1786607977.22425,0,1,53.114179,13.180181,32.624605,13.41276,-3.806584,-0.081146,3.807448,1.733368,0.018058,1.733462,-3.120279,20.490894,1.871546
12,65,1786607977.26423,0,1,52.960817,13.176948,32.693993,13.413559,-3.834029,-0.080817,3.83488,1.734703,0.019973,1.734818,-3.120517,20.268205,1.87644
12,66,1786607977.30423,0,1,52.806367,13.173736,32.763432,13.414437,-3.861259,-0.080314,3.862094,1.735981,0.021944,1.73612,-3.120796,20.04438,1.879618
12,67,1786607977.34423,0,1,52.650836,13.17055,32.832885,13.415395,-3.888281,-0.079644,3.889096,1.736327,0.023953,1.736492,-3.121112,19.819463,1.881262
12,68,1786607977.38417,0,1,52.494232,13.167397,32.902337,13.416435,-3.915098,-0.078826,3.915891,1.736297,0.026003,1.736492,-3.121461,19.593477,1.881696
12,69,1786607977.42425,0,1,52.336563,13.164282,32.971788,13.417558,-3.941716,-0.077871,3.942485,1.736265,0.028093,1.736492,-3.12184,19.366432,1.881113
12,70,1786607977.46424,0,1,52.177838,13.16121,33.041237,13.418767,-3.968141,-0.076793,3.968884,1.736229,0.03022,1.736492,-3.122243,19.138334,1.879763
12,71,1786607977.50424,0,1,52.018062,13.158186,33.110685,13.420063,-3.994377,-0.075601,3.995092,1.73619,0.032381,1.736492,-3.122668,18.909191,1.877827
12,72,1786607977.54425,0,1,51.857245,13.155214,33.18013,13.421445,-4.020429,-0.074307,4.021116,1.736148,0.034572,1.736492,-3.123112,18.679012,1.875508
12,73,1786607977.58425,0,1,51.695393,13.152297,33.249575,13.4229,-4.046302,-0.07292,4.046959,1.736111,0.036364,1.736492,-3.123573,18.447803,1.872913
12,74,1786607977.62421,0,1,51.532538,13.149406,33.319018,13.424412,-4.071388,-0.072283,4.07203,1.736081,0.03779,1.736492,-3.123841,18.215596,1.882162
12,75,1786607977.66422,0,1,51.368708,13.146566,33.38846,13.425967,-4.095735,-0.071004,4.09635,1.736057,0.038878,1.736492,-3.124258,17.982419,1.883455
12,76,1786607977.70422,0,1,51.203935,13.143761,33.457902,13.427553,-4.119343,-0.070129,4.11994,1.736039,0.039657,1.736492,-3.12457,17.748302,1.89151
12,77,1786607977.74422,0,1,51.038245,13.141007,33.527343,13.429159,-4.142247,-0.068854,4.142819,1.736028,0.04015,1.736492,-3.124972,17.513272,1.895053
12,78,1786607977.78423,0,1,50.871667,13.138294,33.596784,13.430774,-4.164453,-0.067825,4.165005,1.736022,0.04038,1.736492,-3.125307,17.277358,1.903057
12,79,1786607977.82422,0,1,50.704227,13.135633,33.666225,13.432389,-4.18599,-0.066515,4.186518,1.736023,0.040369,1.736492,-3.125704,17.040586,1.908181
12,80,1786607977.86421,0,1,50.535952,13.133018,33.735666,13.433994,-4.206868,-0.065378,4.207376,1.736028,0.040136,1.736492,-3.126053,16.802982,1.916688
12,81,1786607977.90424,0,1,50.366868,13.130457,33.805108,13.435582,-4.227111,-0.064016,4.227596,1.736038,0.039699,1.736492,-3.12645,16.564571,1.923102
12,82,1786607977.94419,0,1,50.196999,13.127945,33.87455,13.437145,-4.246731,-0.062798,4.247195,1.736052,0.039074,1.736492,-3.126806,16.325377,1.932434
12,83,1786607977.98422,0,1,50.026369,13.12549,33.943992,13.438676,-4.265749,-0.06138,4.266191,1.73607,0.038277,1.736492,-3.127205,16.085425,1.940001
12,84,1786607978.02424,0,1,49.855002,13.123086,34.013436,13.440169,-4.284177,-0.060101,4.284599,1.736091,0.03732,1.736492,-3.127565,15.844739,1.950399
12,85,1786607978.06422,0,1,49.68292,13.120741,34.082881,13.441618,-4.302035,-0.058621,4.302434,1.736114,0.036218,1.736492,-3.127967,15.603339,1.959029
12,86,1786607978.10423,0,1,49.510147,13.118449,34.152326,13.443017,-4.319333,-0.0573,4.319714,1.73614,0.034982,1.736492,-3.128327,15.36125,1.970734
12,87,1786607978.14424,0,1,49.336703,13.116219,34.221773,13.444362,-4.336093,-0.055751,4.336451,1.736166,0.033622,1.736492,-3.128736,15.118492,1.980321
12,88,1786607978.18424,0,1,49.16261,13.114043,34.291221,13.445648,-4.352322,-0.054412,4.352662,1.736194,0.03215,1.736492,-3.129091,14.875086,1.99365
12,89,1786607978.2242,0,1,48.987889,13.111932,34.36067,13.446871,-4.36804,-0.052776,4.368359,1.736223,0.030573,1.736492,-3.129511,14.631053,2.003976
12,90,1786607978.26424,0,1,48.812558,13.109873,34.43012,13.448027,-4.383256,-0.051457,4.383558,1.736251,0.028901,1.736492,-3.129854,14.386413,2.019459
12,91,1786607978.30419,0,1,48.636639,13.107886,34.499571,13.449113,-4.39799,-0.04969,4.398271,1.73628,0.027141,1.736492,-3.130295,14.141185,2.03
12,92,1786607978.34419,0,1,48.460149,13.105947,34.569023,13.450125,-4.412245,-0.048469,4.412511,1.736308,0.025301,1.736492,-3.130608,13.895389,2.048696
12,93,1786607978.38419,0,1,48.283107,13.104089,34.638477,13.45106,-4.426047,-0.046462,4.426291,1.736334,0.023387,1.736492,-3.131096,13.649042,2.058106
12,94,1786607978.42423,0,1,48.105532,13.102268,34.707931,13.451916,-4.43939,-0.045525,4.439624,1.73636,0.021406,1.736492,-3.131338,13.402162,2.082491
12,95,1786607978.46425,0,1,47.927439,13.100548,34.777385,13.452691,-4.452313,-0.042983,4.452521,1.736361,0.019362,1.736469,-3.131939,13.154768,2.087063
12,96,1786607978.50423,0,1,47.748847,13.098835,34.846837,13.453381,-4.464788,-0.042837,4.464994,1.736299,0.017261,1.736385,-3.131999,12.906881,2.123788
12,97,1786607978.54424,0,1,47.569772,13.097279,34.916284,13.453986,-4.476886,-0.038886,4.477054,1.736179,0.015108,1.736244,-3.132907,12.658514,2.112411
12,98,1786607978.58423,0,1,47.390231,13.095635,34.985722,13.454504,-4.488526,-0.041106,4.488714,1.735936,0.012971,1.735985,-3.132435,12.409699,2.181834
12,99,1786607978.62423,0,1,47.21023,13.09459,35.055145,13.454938,-4.500029,-0.026137,4.500105,1.735581,0.010848,1.735615,-3.135785,12.160425,2.030864
12,100,1786607978.66436,0,1,47.029788,13.092974,35.12455,13.455288,-4.511056,-0.040395,4.511237,1.735123,0.008741,1.735145,-3.132638,11.910749,2.256201
12,101,1786607978.70436,0,1,46.849047,13.092238,35.193933,13.455554,-4.518517,-0.01839,4.518554,1.734569,0.006647,1.734581,-3.137523,11.660775,2.018642
12,102,1786607978.74437,0,1,46.668071,13.089292,35.26329,13.455737,-4.524406,-0.073667,4.525006,1.733927,0.004566,1.733933,-3.125312,11.410666,2.773147
12,103,1786607978.78434,0,1,46.486851,13.088819,35.332618,13.455837,-4.530487,-0.011816,4.530502,1.733205,0.002498,1.733207,-3.138985,11.16027,2.03401
12,104,1786607978.82435,0,1,46.305486,13.085815,35.401914,13.455854,-4.534143,-0.075087,4.534765,1.732408,0.000442,1.732408,-3.125034,10.909848,2.892478
12,105,1786607978.86436,0,1,46.123979,13.085292,35.471176,13.45579,-4.537663,-0.013081,4.537681,1.731544,-0.001603,1.731544,-3.13871,10.659244,2.157074
12,106,1786607978.90438,0,1,45.942456,13.082236,35.540401,13.455645,-4.538075,-0.076413,4.538718,1.730616,-0.003637,1.73062,-3.124756,10.408755,3.02056
12,107,1786607978.94438,0,1,45.76095,13.081662,35.609586,13.455418,-4.537644,-0.014334,4.537666,1.729631,-0.005661,1.72964,-3.138434,10.158242,2.289568
12,108,1786607978.98437,0,1,45.579644,13.078559,35.67873,13.455111,-4.532662,-0.077574,4.533326,1.728593,-0.007674,1.72861,-3.12448,9.908072,3.158508
12,109,1786607979.02426,0,1,45.398747,13.07228,35.74783,13.454724,-4.522428,-0.156984,4.525152,1.727505,-0.009677,1.727533,-3.106894,9.658491,4.257386
12,110,1786607979.0644,0,1,45.218546,13.062193,35.816885,13.454257,-4.505027,-0.252164,4.512079,1.726373,-0.011671,1.726413,-3.085677,9.409832,5.591671
12,111,1786607979.10436,0,1,45.039419,13.047697,35.885893,13.453711,-4.478154,-0.36242,4.492795,1.7252,-0.013655,1.725254,-3.060838,9.162527,7.166646
12,112,1786607979.14439,0,1,44.862071,13.028254,35.954852,13.453086,-4.433719,-0.486056,4.460282,1.723988,-0.015631,1.724059,-3.032401,8.917344,8.986858
12,113,1786607979.18437,0,1,44.686475,13.003302,36.023762,13.452382,-4.389899,-0.623819,4.434,1.722741,-0.017598,1.722831,-3.000435,8.674345,11.055355
12,114,1786607979.22438,0,1,44.512683,12.972276,36.092621,13.4516,-4.3448,-0.77564,4.413491,1.721462,-0.019556,1.721574,-2.964932,8.433694,13.380027
12,115,1786607979.2644,0,1,44.340399,12.936746,36.161427,13.450739,-4.307103,-0.888243,4.39774,1.720154,-0.021507,1.720288,-2.938216,8.195106,15.248531
12,116,1786607979.30434,0,1,44.169492,12.89715,36.230179,13.449801,-4.272658,-0.989917,4.385835,1.718818,-0.023449,1.718978,-2.913923,7.958525,17.026411
12,117,1786607979.34433,0,1,43.999934,12.853512,36.298878,13.448786,-4.238969,-1.090936,4.377099,1.717457,-0.025383,1.717645,-2.8897,7.724028,18.852418
12,118,1786607979.38434,0,1,43.830866,12.808521,36.367521,13.447694,-4.226677,-1.124768,4.373774,1.716074,-0.027309,1.716291,-2.881508,7.490666,19.79668
12,119,1786607979.42437,0,1,43.66368,12.757495,36.436107,13.446525,-4.179672,-1.275663,4.370009,1.714668,-0.029228,1.714918,-2.845366,7.260342,22.418278
12,120,1786607979.46436,0,1,43.496856,12.705088,36.504637,13.445279,-4.170598,-1.310183,4.371552,1.713244,-0.031139,1.713527,-2.837207,7.031287,23.482774
12,121,1786607979.50426,0,1,43.330207,12.651874,36.573109,13.443957,-4.166225,-1.330328,4.373466,1.711801,-0.033043,1.71212,-2.832513,6.803364,24.394775
12,122,1786607979.54428,0,1,43.163548,12.598432,36.641523,13.44256,-4.166475,-1.336056,4.37545,1.710342,-0.034939,1.710699,-2.831284,6.576424,25.154029
12,123,1786607979.58429,0,1,42.996691,12.545338,36.709893,13.441096,-4.17142,-1.327349,4.377511,1.709264,-0.036587,1.709656,-2.833523,6.350292,25.760173
12,124,1786607979.62431,0,1,42.829402,12.493158,36.778235,13.439576,-4.182228,-1.304519,4.380959,1.708537,-0.038007,1.70896,-2.839237,6.124731,26.212928
12,125,1786607979.66436,0,1,42.661456,12.442462,36.84656,13.438007,-4.198631,-1.267383,4.385746,1.708133,-0.039216,1.708583,-2.848434,5.899502,26.511961
12,126,1786607979.70433,0,1,42.492647,12.393835,36.914881,13.436398,-4.220241,-1.215671,4.391844,1.708025,-0.04023,1.708499,-2.861128,5.674364,26.656643
12,127,1786607979.74434,0,1,42.322785,12.347874,36.983209,13.434756,-4.246533,-1.149028,4.39924,1.70819,-0.041065,1.708684,-2.87734,5.449072,26.646036
12,128,1786607979.78434,0,1,42.151712,12.305193,37.051553,13.433086,-4.276831,-1.067024,4.407927,1.708607,-0.041735,1.709116,-2.897095,5.223386,26.478876
12,129,1786607979.82432,0,1,41.98059,12.261081,37.119923,13.431396,-4.278046,-1.102802,4.417902,1.709255,-0.042254,1.709777,-2.889304,4.999572,27.992673
12,130,1786607979.86435,0,1,41.808384,12.219604,37.188328,13.429691,-4.305164,-1.036941,4.428282,1.710115,-0.042632,1.710646,-2.905235,4.775901,28.219542
12,131,1786607979.90436,0,1,41.636101,12.176528,37.256775,13.427975,-4.307081,-1.076884,4.439665,1.711171,-0.042881,1.711708,-2.896589,4.554626,29.985623
12,132,1786607979.94438,0,1,41.462577,12.136619,37.325271,13.426255,-4.338089,-0.997738,4.451348,1.712407,-0.043012,1.712947,-2.915529,4.333643,30.265218
12,133,1786607979.98428,0,1,41.288912,12.095096,37.393823,13.424534,-4.341618,-1.038071,4.463993,1.713809,-0.043033,1.714349,-2.906901,4.115717,32.292192
12,134,1786607980.0243,0,1,41.113987,12.056766,37.462438,13.422816,-4.373138,-0.958255,4.476894,1.715363,-0.042954,1.7159,-2.925879,3.898705,32.870373
12,135,1786607980.06436,0,1,40.93886,12.016808,37.53112,13.421104,-4.378172,-0.998934,4.490686,1.717057,-0.042782,1.71759,-2.91727,3.685748,35.248797
12,136,1786607980.10437,0,1,40.762455,11.980074,37.599875,13.419403,-4.410127,-0.918349,4.504729,1.71888,-0.042524,1.719406,-2.93629,3.474705,36.233837
12,137,1786607980.14449,0,1,40.585789,11.9417,37.668708,13.417716,-4.416644,-0.959351,4.519635,1.720821,-0.042189,1.721339,-2.927702,3.269248,39.093985
12,138,1786607980.18454,0,1,40.407828,11.906584,37.737623,13.416045,-4.449032,-0.87792,4.534824,1.722872,-0.041781,1.723379,-2.946767,3.067322,40.642047
12,139,1786607980.22449,0,1,40.229416,11.870444,37.806624,13.414392,-4.460304,-0.903483,4.55089,1.725024,-0.041307,1.725518,-2.941736,2.872924,43.958674
12,140,1786607980.26454,0,1,40.04967,11.837752,37.875715,13.412761,-4.493653,-0.817315,4.567376,1.727267,-0.040772,1.727748,-2.961677,2.684536,46.231362
12,141,1786607980.30455,0,1,39.869481,11.803624,37.944899,13.411154,-4.504721,-0.85318,4.584803,1.729596,-0.040181,1.730062,-2.954413,2.507622,50.595323
12,142,1786607980.34454,0,1,39.687936,11.773008,38.014179,13.409573,-4.538606,-0.765411,4.602694,1.732002,-0.039539,1.732454,-2.97452,2.340899,53.928826
12,143,1786607980.38454,0,1,39.50568,11.742067,38.083558,13.408019,-4.55641,-0.773517,4.621601,1.734481,-0.03885,1.734916,-2.973431,2.190394,59.149551
12,144,1786607980.42451,0,1,39.322159,11.714997,38.153001,13.406495,-4.58802,-0.676756,4.637664,1.736074,-0.038096,1.736492,-2.995144,2.056233,63.738796
12,145,1786607980.46456,0,1,39.137392,11.692539,38.222445,13.405004,-4.619182,-0.561443,4.653177,1.736092,-0.037269,1.736492,-3.02064,1.941562,68.815066
12,146,1786607980.50454,0,1,38.951438,11.675453,38.291889,13.403548,-4.648863,-0.427162,4.668447,1.73611,-0.036405,1.736492,-3.049965,1.84968,74.359929
12,147,1786607980.54454,0,1,38.764413,11.664513,38.361334,13.402127,-4.675605,-0.273498,4.683597,1.736129,-0.035509,1.736492,-3.083165,1.783754,80.287616
12,148,1786607980.58449,0,1,38.576527,11.659774,38.43078,13.400751,-4.697167,-0.118468,4.698661,1.736151,-0.034412,1.736492,-3.116377,1.747067,86.659381
12,149,1786607980.62445,0,1,38.388023,11.657072,38.500227,13.399426,-4.712596,-0.067555,4.71308,1.736176,-0.033131,1.736492,-3.127259,1.745963,94.505929
12,150,1786607980.66437,0,1,38.198994,11.660255,38.569675,13.398159,-4.725718,0.079579,4.726388,1.736203,-0.031681,1.736492,3.124755,1.776995,101.075573
12,151,1786607980.70445,0,1,38.009495,11.664868,38.639125,13.396955,-4.737482,0.115319,4.738885,1.736231,-0.030077,1.736492,3.117256,1.842976,108.582269
12,152,1786607980.74437,0,1,37.819699,11.673906,38.708575,13.395822,-4.744884,0.225955,4.750261,1.736261,-0.028331,1.736492,3.094008,1.937807,114.576962
12,153,1786607980.78438,0,1,37.62953,11.68385,38.778027,13.394764,-4.754234,0.248591,4.760729,1.73629,-0.026457,1.736492,3.089352,2.060648,120.87936
12,154,1786607980.82425,0,1,37.43923,11.697727,38.847479,13.393785,-4.757511,0.346937,4.770145,1.73632,-0.024464,1.736492,3.068797,2.204491,125.532245
12,155,1786607980.86424,0,1,37.249311,11.718038,38.916933,13.392891,-4.747968,0.507767,4.775042,1.736348,-0.022363,1.736492,3.035054,2.363493,128.771821
12,156,1786607980.90425,0,1,37.059324,11.739439,38.986388,13.392084,-4.749676,0.535026,4.779715,1.736375,-0.020163,1.736492,3.029421,2.538664,132.956727
12,157,1786607980.94424,0,1,36.869207,11.761211,39.055844,13.391369,-4.752915,0.544303,4.78398,1.7364,-0.017874,1.736492,3.02757,2.727416,136.762089
12,158,1786607980.98421,0,1,36.678896,11.782632,39.125301,13.390749,-4.757777,0.535514,4.78782,1.736423,-0.015503,1.736492,3.029509,2.927617,140.25959
12,159,1786607981.02423,0,1,36.488329,11.802974,39.194759,13.390227,-4.764167,0.508557,4.791234,1.736443,-0.013058,1.736492,3.035249,3.137536,143.516415
12,160,1786607981.06422,0,1,36.297613,11.823038,39.264217,13.389805,-4.767918,0.501594,4.79423,1.73646,-0.010546,1.736492,3.036776,3.354922,146.154364
12,161,1786607981.1043,0,1,36.107238,11.846973,39.333676,13.389486,-4.759369,0.598375,4.796837,1.736474,-0.007972,1.736492,3.016523,3.576206,147.282259
12,162,1786607981.14424,0,1,35.916597,11.869468,39.403136,13.389272,-4.766031,0.562391,4.799097,1.736484,-0.005343,1.736492,3.024136,3.803388,149.717542
12,163,1786607981.18425,0,1,35.725636,11.88979,39.472595,13.389166,-4.774014,0.508035,4.800969,1.73649,-0.002664,1.736492,3.035575,4.035819,152.116407
12,164,1786607981.22419,0,1,35.534975,11.913249,39.542055,13.389168,-4.766529,0.58648,4.802474,1.736492,6E-05,1.736492,3.019167,4.270249,152.765353
12,165,1786607981.26422,0,1,35.344012,11.934531,39.611515,13.389281,-4.774084,0.53205,4.80364,1.73649,0.002824,1.736492,3.030605,4.508645,154.817142
12,166,1786607981.30424,0,1,35.153391,11.958948,39.680974,13.389506,-4.76552,0.610424,4.804456,1.736483,0.005624,1.736492,3.014195,4.748211,155.165915
12,167,1786607981.34423,0,1,34.962484,11.981185,39.750433,13.389844,-4.772683,0.555933,4.804952,1.736471,0.008456,1.736492,3.025633,4.990869,156.96162
12,168,1786607981.38422,0,1,34.771252,12.000504,39.819891,13.390297,-4.780784,0.482957,4.805117,1.736455,0.011317,1.736492,3.040914,5.236438,158.840312
12,169,1786607981.42426,0,1,34.580284,12.022223,39.889348,13.390865,-4.774197,0.542975,4.804974,1.736434,0.014203,1.736492,3.028348,5.48264,159.055829
12,170,1786607981.46424,0,1,34.389717,12.04707,39.958805,13.39155,-4.764193,0.621192,4.804521,1.736408,0.017111,1.736492,3.011936,5.729081,158.998703
12,171,1786607981.50422,0,1,34.198906,12.069733,40.02826,13.392351,-4.770253,0.566572,4.803782,1.736376,0.020039,1.736492,3.023375,5.977514,160.443228
12,172,1786607981.54423,0,1,34.007814,12.089474,40.097713,13.393271,-4.77732,0.493512,4.802743,1.73634,0.022983,1.736492,3.038655,6.227902,162.017959
12,173,1786607981.58424,0,1,33.817036,12.111607,40.167165,13.39429,-4.769439,0.553349,4.801431,1.736305,0.025483,1.736492,3.026089,6.478381,161.962455
12,174,1786607981.62422,0,1,33.626699,12.136862,40.236616,13.395393,-4.758427,0.631359,4.80013,1.736273,0.027575,1.736492,3.009681,6.728663,161.661905
12,175,1786607981.66422,0,1,33.436136,12.159931,40.306066,13.396565,-4.764073,0.576735,4.798855,1.736245,0.029292,1.736492,3.02112,6.980344,162.893058
12,176,1786607981.70422,0,1,33.245293,12.180082,40.375515,13.397791,-4.771068,0.503759,4.79759,1.736221,0.030665,1.736492,3.036396,7.233455,164.281138
12,177,1786607981.74421,0,1,33.054768,12.202622,40.444963,13.39906,-4.763127,0.563518,4.796346,1.736202,0.031722,1.736492,3.023832,7.486417,164.056663
12,178,1786607981.78424,0,1,32.86397,12.222245,40.514411,13.40036,-4.769955,0.490573,4.795115,1.736188,0.032489,1.736492,3.039107,7.74062,165.373601
12,179,1786607981.82424,0,1,32.673481,12.244258,40.583858,13.401679,-4.762214,0.550325,4.793906,1.736179,0.032989,1.736492,3.026542,7.994603,165.083829
12,180,1786607981.86423,0,1,32.482727,12.263355,40.653305,13.403009,-4.768873,0.47741,4.79271,1.736174,0.033243,1.736492,3.041816,8.249676,166.342654
12,181,1786607981.90425,0,1,32.292273,12.284841,40.722752,13.40434,-4.761331,0.537155,4.791535,1.736173,0.033272,1.736492,3.029251,8.504484,165.999163
12,182,1786607981.94425,0,1,32.10156,12.303412,40.792199,13.405664,-4.767822,0.464269,4.790373,1.736177,0.033094,1.736492,3.044523,8.76026,167.209977
12,183,1786607981.98421,0,1,31.911141,12.324372,40.861646,13.406973,-4.760479,0.524008,4.789232,1.736184,0.032725,1.736492,3.031959,9.015739,166.821813
12,184,1786607982.0242,0,1,31.720469,12.342418,40.931094,13.40826,-4.766802,0.451151,4.788104,1.736194,0.03218,1.736492,3.047229,9.272088,167.992551
12,185,1786607982.06421,0,1,31.530083,12.362853,41.000542,13.409519,-4.759657,0.510883,4.786997,1.736207,0.031474,1.736492,3.034666,9.528122,167.566871
12,186,1786607982.1042,0,1,31.33945,12.380375,41.069991,13.410743,-4.765813,0.438053,4.785902,1.736222,0.030619,1.736492,3.049934,9.784941,168.703842
12,187,1786607982.14425,0,1,31.149096,12.400287,41.13944,13.411929,-4.758866,0.49778,4.784829,1.736239,0.029628,1.736492,3.037371,10.041434,168.246376
12,188,1786607982.18422,0,1,30.958502,12.417286,41.208884,13.413069,-4.764854,0.424976,4.783768,1.736095,0.028507,1.736329,3.052638,10.298637,169.354649
12,189,1786607982.2242,0,1,30.768178,12.436673,41.278312,13.41416,-4.758103,0.484696,4.782727,1.735691,0.027267,1.735905,3.040075,10.555492,168.870022
12,190,1786607982.2642,0,1,30.577621,12.45315,41.347714,13.415196,-4.763924,0.411919,4.781699,1.735048,0.025916,1.735242,3.055341,10.812976,169.953704
12,191,1786607982.30418,0,1,30.387326,12.472016,41.417081,13.416175,-4.75737,0.471633,4.780691,1.734185,0.024464,1.734358,3.042778,11.070092,169.445691
12,192,1786607982.34421,0,1,30.196805,12.487971,41.486406,13.417092,-4.763022,0.39888,4.779695,1.73312,0.02292,1.733272,3.058042,11.327769,170.508153
12,193,1786607982.3842,0,1,30.006053,12.500282,41.555681,13.417943,-4.768797,0.307782,4.778719,1.731869,0.021291,1.732,3.077141,11.586026,171.764389
12,194,1786607982.4242,0,1,29.815454,12.514259,41.624899,13.418727,-4.764987,0.349419,4.777782,1.730446,0.019584,1.730557,3.068393,11.84403,171.426335
12,195,1786607982.4642,0,1,29.625082,12.530626,41.694053,13.419439,-4.759287,0.409168,4.776843,1.728866,0.017807,1.728958,3.055831,12.101655,170.874298
12,196,1786607982.50419,0,1,29.43452,12.544082,41.763139,13.420077,-4.764051,0.336423,4.775914,1.727142,0.015964,1.727215,3.071093,12.359701,171.896392
12,197,1786607982.5442,0,1,29.244178,12.559929,41.83215,13.42064,-4.758543,0.396167,4.775006,1.725283,0.014063,1.725341,3.05853,12.617364,171.329338
12,198,1786607982.58422,0,1,29.053653,12.572867,41.901097,13.421128,-4.763138,0.323445,4.774107,1.723661,0.012204,1.723704,3.073791,12.875417,172.337734
12,199,1786607982.6242,0,1,28.863336,12.588194,41.969987,13.421543,-4.75791,0.383189,4.773316,1.722255,0.010384,1.722286,3.061229,13.133117,171.757407
12,200,1786607982.66421,0,1,28.672836,12.600614,42.038829,13.421887,-4.762507,0.310499,4.772618,1.721048,0.008601,1.721069,3.076488,13.391201,172.753674
12,201,1786607982.70419,0,1,28.482531,12.615425,42.10763,13.422162,-4.757636,0.370252,4.772021,1.720024,0.006852,1.720038,3.063926,13.648962,172.16155
12,202,1786607982.74424,0,1,28.292042,12.627328,42.176397,13.422367,-4.762224,0.297586,4.771513,1.71917,0.005135,1.719177,3.079185,13.907099,173.147033
12,203,1786607982.78423,0,1,28.101734,12.641622,42.245135,13.422505,-4.757701,0.357352,4.771102,1.71847,0.003448,1.718474,3.066623,14.164942,172.544374
12,204,1786607982.82424,0,1,27.911243,12.65301,42.313852,13.422576,-4.762271,0.284702,4.770774,1.717914,0.001789,1.717915,3.081881,14.423154,173.52023
12,205,1786607982.86425,0,1,27.720919,12.666789,42.382552,13.422583,-4.758083,0.344482,4.770537,1.717488,0.000157,1.717488,3.069319,14.681099,172.90812
12,206,1786607982.90423,0,1,27.530414,12.677663,42.451239,13.422525,-4.762626,0.27184,4.770378,1.717184,-0.001451,1.717185,3.084577,14.939405,173.875348
12,207,1786607982.94423,0,1,27.340064,12.690928,42.519919,13.422403,-4.758764,0.331637,4.770306,1.716991,-0.003036,1.716994,3.072015,15.197468,173.254725
12,208,1786607982.98425,0,1,27.149533,12.701288,42.588595,13.422219,-4.763271,0.258996,4.770307,1.7169,-0.004598,1.716906,3.087273,15.455884,174.214189
12,209,1786607983.02422,0,1,26.959144,12.714041,42.657271,13.421974,-4.759724,0.318813,4.77039,1.716903,-0.00614,1.716914,3.074711,15.714081,173.585871
12,210,1786607983.0642,0,1,26.768983,12.729911,42.72595,13.421667,-4.754015,0.396744,4.770541,1.716993,-0.007663,1.71701,3.058331,15.971954,172.747167
12,211,1786607983.10419,0,1,26.578644,12.743604,42.794637,13.4213,-4.758479,0.34234,4.770777,1.717163,-0.009167,1.717187,3.069773,16.230148,173.491949
12,212,1786607983.14423,0,1,26.388107,12.754393,42.863333,13.420874,-4.763445,0.269717,4.771075,1.717406,-0.010654,1.717439,3.085031,16.488702,174.44269
12,213,1786607983.18424,0,1,26.197704,12.767575,42.932042,13.420389,-4.760052,0.329556,4.771446,1.717716,-0.012124,1.717759,3.072469,16.747066,173.805518
12,214,1786607983.22423,0,1,26.007106,12.777852,43.000765,13.419846,-4.764957,0.256915,4.771878,1.718089,-0.013578,1.718142,3.087727,17.005782,174.75022
12,215,1786607983.26423,0,1,25.816632,12.790523,43.069506,13.419246,-4.761854,0.316782,4.772379,1.718518,-0.015018,1.718584,3.075166,17.264326,174.106982
12,216,1786607983.30425,0,1,25.625964,12.800288,43.138266,13.418588,-4.766689,0.244117,4.772936,1.719,-0.016443,1.719079,3.090424,17.523213,175.046184
12,217,1786607983.34423,0,1,25.43541,12.812448,43.207047,13.417874,-4.763867,0.304014,4.773558,1.71953,-0.017855,1.719623,3.077862,17.781947,174.397389
12,218,1786607983.3842,0,1,25.245053,12.827731,43.275851,13.417103,-4.758918,0.38207,4.774231,1.720105,-0.019254,1.720213,3.06148,18.040428,173.537695
12,219,1786607983.42425,0,1,25.054504,12.840837,43.34468,13.416278,-4.763719,0.327646,4.774973,1.720721,-0.020641,1.720845,3.072921,18.299226,174.263388
12,220,1786607983.46425,0,1,24.863746,12.851035,43.413535,13.415397,-4.768951,0.254957,4.775761,1.721374,-0.022015,1.721515,3.088182,18.558372,175.197136
12,221,1786607983.50422,0,1,24.673098,12.863631,43.482418,13.414462,-4.766215,0.314899,4.776606,1.722062,-0.023379,1.722221,3.07562,18.817384,174.542592
12,222,1786607983.54424,0,1,24.482243,12.873318,43.551329,13.413473,-4.771353,0.242171,4.777495,1.722782,-0.024731,1.72296,3.090881,19.076734,175.471901
12,223,1786607983.58424,0,1,24.291489,12.885404,43.620265,13.412433,-4.768874,0.302149,4.778436,1.723388,-0.02599,1.723584,3.078319,19.33596,174.812799
12,224,1786607983.62423,0,1,24.100919,12.900617,43.68922,13.411347,-4.764235,0.38033,4.779392,1.723889,-0.027162,1.724103,3.061931,19.594958,173.942197
12,225,1786607983.66424,0,1,23.910149,12.913652,43.758192,13.410217,-4.769262,0.325866,4.780381,1.724294,-0.028254,1.724525,3.073372,19.854254,174.658127
12,226,1786607983.70422,0,1,23.719578,12.929814,43.827176,13.409046,-4.764278,0.404067,4.781382,1.724609,-0.029273,1.724857,3.056983,20.113309,173.78695
12,227,1786607983.74423,0,1,23.528793,12.943799,43.89617,13.407837,-4.769621,0.34961,4.782417,1.724843,-0.030223,1.725108,3.068424,20.372663,174.502591
12,228,1786607983.78423,0,1,23.338221,12.960912,43.96517,13.406592,-4.764294,0.427832,4.783465,1.725002,-0.03111,1.725282,3.052033,20.631763,173.63084
12,229,1786607983.82426,0,1,23.147423,12.975847,44.034174,13.405315,-4.769956,0.373383,4.784547,1.725091,-0.031938,1.725387,3.063474,20.891166,174.346188
12,230,1786607983.86421,0,1,22.956851,12.993912,44.103178,13.404006,-4.764285,0.451627,4.785643,1.725117,-0.032711,1.725427,3.047081,21.150303,173.473865
12,231,1786607983.90422,0,1,22.766041,13.0098,44.172182,13.402669,-4.770267,0.397187,4.786773,1.725085,-0.033435,1.725408,3.058521,21.409746,174.188921
12,232,1786607983.9442,0,1,22.575471,13.028818,44.241182,13.401304,-4.764253,0.475452,4.787918,1.724998,-0.034112,1.725335,3.042126,21.668913,173.316034
12,233,1786607983.98422,0,1,22.384648,13.045659,44.310176,13.399915,-4.770556,0.421023,4.789099,1.724862,-0.034745,1.725212,3.053566,21.92839,174.030803
12,234,1786607984.02419,0,1,22.19408,13.065631,44.379163,13.398501,-4.764201,0.499311,4.790294,1.724681,-0.035339,1.725043,3.037169,22.18758,173.157361
12,235,1786607984.0642,0,1,22.003247,13.083427,44.448142,13.397065,-4.770827,0.444892,4.791525,1.724457,-0.035895,1.724831,3.048609,22.447086,173.871848
12,236,1786607984.1042,0,1,21.812682,13.104355,44.51711,13.395609,-4.764129,0.523203,4.792773,1.724195,-0.036417,1.72458,3.03221,22.706296,172.997861
12,237,1786607984.14434,0,1,21.621839,13.123107,44.586065,13.394132,-4.77108,0.468796,4.794056,1.723898,-0.036907,1.724293,3.043649,22.965826,173.712075
12,238,1786607984.18438,0,1,21.431277,13.144992,44.655008,13.392638,-4.76404,0.547132,4.795355,1.723567,-0.037367,1.723972,3.027247,23.225051,172.837554
12,239,1786607984.22436,0,1,21.240425,13.164702,44.723936,13.391126,-4.771316,0.492737,4.796692,1.723207,-0.037799,1.723622,3.038687,23.484603,173.551505
12,240,1786607984.26435,0,1,21.049867,13.187546,44.792849,13.389598,-4.763936,0.571098,4.798045,1.722819,-0.038206,1.723243,3.022283,23.743842,172.676463
12,241,1786607984.30435,0,1,20.859006,13.208214,44.861745,13.388054,-4.771538,0.516717,4.799435,1.722406,-0.038589,1.722839,3.033722,24.003414,173.390161
12,242,1786607984.34435,0,1,20.668453,13.232018,44.930624,13.386496,-4.763816,0.595103,4.800843,1.72197,-0.03895,1.72241,3.017315,24.262663,172.514609
12,243,1786607984.38435,0,1,20.477583,13.253648,44.999485,13.384924,-4.771747,0.540737,4.802288,1.721512,-0.03929,1.72196,3.028753,24.522253,173.228065
12,244,1786607984.42435,0,1,20.287036,13.278414,45.068326,13.38334,-4.763683,0.61915,4.803751,1.721034,-0.039611,1.72149,3.012344,24.781512,172.352016
12,245,1786607984.46424,0,1,20.096158,13.301006,45.137148,13.381743,-4.771943,0.564799,4.805251,1.720538,-0.039914,1.721001,3.023782,25.04112,173.065241
12,246,1786607984.50436,0,1,19.905617,13.326736,45.205949,13.380135,-4.763537,0.64324,4.80677,1.720025,-0.040201,1.720495,3.00737,25.300388,172.188706
12,247,1786607984.54436,0,1,19.714731,13.350292,45.274728,13.378516,-4.772127,0.588904,4.808327,1.719497,-0.040471,1.719973,3.018808,25.560013,172.901712
12,248,1786607984.58438,0,1,19.524196,13.376987,45.343493,13.376891,-4.763379,0.667374,4.809903,1.719117,-0.040632,1.719597,3.002394,25.819297,172.024693
12,249,1786607984.62437,0,1,19.333309,13.401508,45.412248,13.375264,-4.772194,0.613042,4.811409,1.718873,-0.04069,1.719355,3.013831,26.078953,172.737465
12,250,1786607984.66436,0,1,19.142793,13.429169,45.480998,13.373637,-4.762893,0.691508,4.81283,1.718756,-0.040654,1.719237,2.997413,26.338264,171.859944
12,251,1786607984.70437,0,1,18.951919,13.454655,45.549748,13.372016,-4.771836,0.63717,4.814188,1.718754,-0.040531,1.719232,3.008851,26.597957,172.572464
12,252,1786607984.74436,0,1,18.76144,13.48328,45.618503,13.370403,-4.761994,0.715624,4.815465,1.718858,-0.040329,1.719331,2.99243,26.8573,171.694445
12,253,1786607984.78436,0,1,18.570597,13.509732,45.687265,13.368801,-4.771073,0.661284,4.816683,1.71906,-0.040054,1.719527,3.003867,27.117035,172.4067
12,254,1786607984.82442,0,1,18.380169,13.539321,45.756039,13.367212,-4.760699,0.739719,4.817825,1.719352,-0.039711,1.719811,2.987445,27.376411,171.528191
12,255,1786607984.86436,0,1,18.189372,13.566736,45.824828,13.36564,-4.769922,0.68538,4.81891,1.719727,-0.039306,1.720176,2.998882,27.636188,172.240174
12,256,1786607984.90431,0,1,17.998208,13.591227,45.893635,13.364086,-4.779093,0.612273,4.818154,1.720178,-0.038843,1.720616,3.014172,27.896352,173.165855
12,257,1786607984.94436,0,1,17.806637,13.612048,45.962463,13.362553,-4.789281,0.520546,4.817487,1.720699,-0.038329,1.721126,3.033328,28.156932,174.304581
12,258,1786607984.98438,0,1,17.614657,13.62845,46.031315,13.361043,-4.799496,0.410049,4.816981,1.721285,-0.037766,1.721699,3.056364,28.417916,175.655898
12,259,1786607985.02429,0,1,17.422317,13.639676,46.100192,13.359556,-4.80851,0.28063,4.816692,1.721929,-0.037159,1.72233,3.083298,28.679243,177.219577
12,260,1786607985.06435,0,1,17.229723,13.644962,46.169097,13.358096,-4.814835,0.132162,4.816649,1.722629,-0.036511,1.723016,3.114151,28.940795,178.995624
12,261,1786607985.10437,0,1,17.037055,13.643545,46.238032,13.356663,-4.81672,-0.035428,4.816851,1.723378,-0.035826,1.723751,-3.134238,29.202387,179.015705
12,262,1786607985.14436,0,1,16.844486,13.636691,46.306999,13.355259,-4.814208,-0.171344,4.817256,1.724174,-0.035107,1.724532,-3.106016,29.463857,177.414337
12,263,1786607985.18437,0,1,16.651958,13.628309,46.376,13.353884,-4.813199,-0.20955,4.817758,1.725012,-0.034358,1.725355,-3.098084,29.725308,176.978151
12,264,1786607985.22435,0,1,16.459449,13.619136,46.445035,13.352541,-4.81272,-0.229323,4.81818,1.72589,-0.033579,1.726216,-3.093979,29.986771,176.762565
12,265,1786607985.26436,0,1,16.266931,13.60991,46.514107,13.35123,-4.812968,-0.230666,4.818492,1.726803,-0.032775,1.727114,-3.093703,30.248283,176.766153
12,266,1786607985.30435,0,1,16.074373,13.601367,46.583217,13.349952,-4.813952,-0.213563,4.818687,1.727749,-0.031947,1.728045,-3.097258,30.509881,176.98768
12,267,1786607985.34435,0,1,15.881753,13.594248,46.652366,13.348708,-4.815484,-0.177982,4.818772,1.728726,-0.031097,1.729006,-3.104649,30.771593,177.426098
12,268,1786607985.38436,0,1,15.689066,13.589293,46.721556,13.347499,-4.817172,-0.123874,4.818764,1.729731,-0.030228,1.729995,-3.115883,31.033431,178.080537
12,269,1786607985.42438,0,1,15.49633,13.587245,46.790786,13.346326,-4.818411,-0.051184,4.818683,1.730761,-0.029341,1.73101,-3.13097,31.295383,178.950311
13,0,1786607988.37724,0,1,59.48,13.100032,29.003536,13.39999,-0.499999,0.000796,0.5,0.0884,-0.000256,0.0884,3.14,30.47794,0.472651
13,0,1786607988.41722,0,1,59.48,13.100032,29.010208,13.399969,-0.499999,0.000796,0.5,0.166799,-0.000512,0.1668,3.14,30.471268,0.472736
13,1,1786607988.45724,0,1,59.457176,13.100312,29.020016,13.399939,-0.570595,0.006991,0.570638,0.245199,-0.000765,0.2452,3.12934,30.438635,0.137991
13,2,1786607988.49715,0,1,59.431526,13.100501,29.03296,13.399898,-0.641259,0.004736,0.641277,0.323598,-0.001017,0.3236,3.134208,30.40004,0.14116
13,3,1786607988.53712,0,1,59.40305,13.100661,29.04904,13.399847,-0.711905,0.004003,0.711916,0.401998,-0.001268,0.402,3.135969,30.355484,0.242516
13,4,1786607988.5772,0,1,59.371748,13.100781,29.068111,13.399787,-0.78255,0.003008,0.782556,0.476785,-0.001505,0.476787,3.137749,30.305112,0.345086
13,5,1786607988.61723,0,1,59.33762,13.100863,29.089935,13.399718,-0.853194,0.00204,0.853196,0.545587,-0.001722,0.54559,3.139202,30.249162,0.42911
13,6,1786607988.65722,0,1,59.300666,13.100904,29.11429,13.399641,-0.923836,0.001024,0.923836,0.608884,-0.00192,0.608887,3.140484,30.187855,0.503502
13,7,1786607988.69723,0,1,59.260887,13.100902,29.140975,13.399557,-0.994476,-4.6E-05,0.994476,0.667115,-0.0021,0.667118,-3.141546,30.121393,0.57077
13,8,1786607988.73721,0,1,59.218283,13.100855,29.169802,13.399467,-1.065114,-0.001189,1.065115,0.720686,-0.002264,0.720689,-3.140476,30.049965,0.633339
13,9,1786607988.77716,0,1,59.172853,13.100758,29.200601,13.39937,-1.135751,-0.00242,1.135753,0.769969,-0.002413,0.769973,-3.139462,29.97374,0.692884
13,10,1786607988.81723,0,1,59.124597,13.100608,29.233213,13.399268,-1.206385,-0.003753,1.206391,0.815308,-0.002548,0.815312,-3.138482,29.892876,0.750678
13,11,1786607988.85723,0,1,59.073517,13.1004,29.267494,13.399162,-1.277017,-0.005202,1.277028,0.857018,-0.002671,0.857022,-3.137519,29.80752,0.807689
13,12,1786607988.89722,0,1,59.019611,13.100128,29.303309,13.39905,-1.347646,-0.006782,1.347663,0.89539,-0.002783,0.895394,-3.13656,29.717805,0.864668
13,13,1786607988.93723,0,1,58.96288,13.099788,29.340537,13.398935,-1.418272,-0.008506,1.418298,0.93069,-0.002884,0.930694,-3.135596,29.623853,0.922203
13,14,1786607988.97722,0,1,58.903324,13.099373,29.379064,13.398816,-1.488894,-0.010386,1.48893,0.963164,-0.002975,0.963169,-3.134617,29.525779,0.980762
13,15,1786607989.01724,0,1,58.840944,13.098875,29.418785,13.398694,-1.559512,-0.012436,1.559562,0.993039,-0.003057,0.993044,-3.133619,29.423686,1.040719
13,16,1786607989.05723,0,1,58.775739,13.098288,29.459606,13.398568,-1.630125,-0.014668,1.630191,1.020522,-0.003131,1.020527,-3.132595,29.317671,1.102376
13,17,1786607989.09715,0,1,58.707709,13.097605,29.501438,13.398441,-1.700732,-0.017093,1.700818,1.045805,-0.003197,1.04581,-3.131543,29.207821,1.165979
13,18,1786607989.13716,0,1,58.636856,13.096816,29.544201,13.39831,-1.771334,-0.019724,1.771444,1.069063,-0.003256,1.069068,-3.130458,29.094218,1.231728
13,19,1786607989.17715,0,1,58.563179,13.095913,29.587819,13.398178,-1.841929,-0.022572,1.842067,1.090459,-0.003309,1.090464,-3.129338,28.976936,1.29979
13,20,1786607989.21714,0,1,58.486678,13.094887,29.632225,13.398044,-1.912516,-0.025649,1.912688,1.110142,-0.003356,1.110147,-3.128182,28.856046,1.370299
13,21,1786607989.2571,0,1,58.407389,13.093729,29.677355,13.397908,-1.982229,-0.028951,1.98244,1.128248,-0.003398,1.128253,-3.126988,28.731645,1.443365
13,22,1786607989.29709,0,1,58.325389,13.09243,29.723151,13.39777,-2.050003,-0.032473,2.05026,1.144904,-0.003434,1.144909,-3.125753,28.603868,1.519156
13,23,1786607989.33721,0,1,58.240753,13.090981,29.769563,13.397633,-2.115892,-0.036219,2.116202,1.160302,-0.003427,1.160308,-3.124477,28.472842,1.597759
13,24,1786607989.37723,0,1,58.153541,13.089604,29.816545,13.397498,-2.18032,-0.034439,2.180592,1.174544,-0.003381,1.174549,-3.125798,28.338668,1.527461
13,25,1786607989.41722,0,1,58.063812,13.088251,29.864054,13.397366,-2.243218,-0.033811,2.243472,1.187722,-0.003297,1.187726,-3.126521,28.201452,1.491554
13,26,1786607989.45722,0,1,57.971626,13.086952,29.91205,13.397239,-2.304653,-0.032483,2.304882,1.19992,-0.00318,1.199924,-3.127499,28.061291,1.441057
13,27,1786607989.49716,0,1,57.877039,13.085714,29.960499,13.397118,-2.364658,-0.030942,2.36486,1.211218,-0.003031,1.211222,-3.128508,27.918277,1.388773
13,28,1786607989.53716,0,1,57.780109,13.084553,30.009367,13.397004,-2.423272,-0.029024,2.423445,1.221687,-0.002854,1.22169,-3.129616,27.7725,1.330817
13,29,1786607989.57714,0,1,57.680887,13.083483,30.058622,13.396897,-2.480531,-0.026756,2.480675,1.231393,-0.002651,1.231396,-3.130807,27.624043,1.268075
13,30,1786607989.61715,0,1,57.579428,13.082518,30.108238,13.396801,-2.536471,-0.024114,2.536585,1.240398,-0.002424,1.240401,-3.132086,27.472988,1.20016
13,31,1786607989.65715,0,1,57.475783,13.081675,30.158189,13.396714,-2.591127,-0.021093,2.591212,1.248758,-0.002175,1.24876,-3.133452,27.319411,1.127138
13,32,1786607989.69714,0,1,57.370002,13.080967,30.20845,13.396637,-2.644532,-0.017685,2.644591,1.256524,-0.001905,1.256526,-3.134905,27.163387,1.049008
13,33,1786607989.73715,0,1,57.262133,13.080412,30.258999,13.396573,-2.696719,-0.013887,2.696755,1.263744,-0.001617,1.263745,-3.136443,27.004985,0.965844
13,34,1786607989.77714,0,1,57.152225,13.080024,30.309818,13.39652,-2.747721,-0.009697,2.747738,1.270462,-0.001311,1.270462,-3.138063,26.844273,0.877746
13,35,1786607989.81716,0,1,57.040322,13.079819,30.360886,13.396481,-2.797567,-0.005118,2.797572,1.276717,-0.00099,1.276717,-3.139763,26.681315,0.784846
13,36,1786607989.85716,0,1,56.92647,13.079813,30.412188,13.396454,-2.846289,-0.000153,2.846289,1.282546,-0.000654,1.282547,-3.141539,26.516173,0.687298
13,37,1786607989.89716,0,1,56.810714,13.080021,30.463708,13.396442,-2.893915,0.005192,2.893919,1.287985,-0.000306,1.287985,3.139798,26.348906,0.585277
13,38,1786607989.93716,0,1,56.693095,13.080457,30.51543,13.396444,-2.940473,0.010911,2.940494,1.293063,5.5E-05,1.293063,3.137882,26.179572,0.478972
13,39,1786607989.97715,0,1,56.573655,13.081137,30.567343,13.396462,-2.985992,0.016994,2.986041,1.297811,0.000427,1.297811,3.135901,26.008224,0.368586
13,40,1786607990.01715,0,1,56.452435,13.082074,30.619433,13.396494,-3.030499,0.023432,3.030589,1.302253,0.000809,1.302254,3.133861,25.834916,0.254327
13,41,1786607990.05715,0,1,56.329474,13.083283,30.671689,13.396542,-3.074018,0.030211,3.074167,1.306416,0.0012,1.306416,3.131765,25.659697,0.136412
13,42,1786607990.0971,0,1,56.204811,13.084776,30.724102,13.396606,-3.116577,0.037321,3.116801,1.31032,0.0016,1.310321,3.129618,25.482617,0.01506
13,43,1786607990.13716,0,1,56.078483,13.086565,30.776662,13.396686,-3.1582,0.044747,3.158517,1.313987,0.002007,1.313989,3.127425,25.303722,0.10951
13,44,1786607990.17713,0,1,55.950527,13.088664,30.829359,13.396783,-3.198911,0.052475,3.199341,1.317436,0.002422,1.317438,3.12519,25.123057,0.23708
13,45,1786607990.21711,0,1,55.820978,13.091084,30.882187,13.396897,-3.238734,0.06049,3.239299,1.320684,0.002842,1.320687,3.122918,24.940666,0.367433
13,46,1786607990.2571,0,1,55.68987,13.093835,30.935136,13.397028,-3.277691,0.068777,3.278413,1.323747,0.003269,1.323751,3.120613,24.75659,0.500358
13,47,1786607990.29718,0,1,55.557238,13.096928,30.988202,13.397176,-3.315806,0.077319,3.316708,1.326641,0.003701,1.326646,3.118278,24.57087,0.635651
13,48,1786607990.33714,0,1,55.423114,13.100372,31.041362,13.397342,-3.353101,0.086102,3.354206,1.329003,0.004171,1.329009,3.11592,24.38356,0.77311
13,49,1786607990.37711,0,1,55.287536,13.103895,31.094597,13.39753,-3.389433,0.088088,3.390577,1.330876,0.004678,1.330884,3.115609,24.194721,0.79335
13,50,1786607990.41724,0,1,55.150553,13.107608,31.147889,13.397738,-3.424592,0.092819,3.425849,1.332299,0.005218,1.332309,3.114496,24.004417,0.860018
13,51,1786607990.45721,0,1,55.012203,13.111432,31.201222,13.39797,-3.458731,0.09559,3.460052,1.333309,0.005788,1.333321,3.113962,23.812706,0.893647
13,52,1786607990.49716,0,1,54.872531,13.115385,31.254579,13.398225,-3.491814,0.098821,3.493212,1.333937,0.006386,1.333953,3.1133,23.619645,0.934952
13,53,1786607990.53721,0,1,54.731575,13.119435,31.307948,13.398506,-3.523904,0.101249,3.525358,1.334216,0.007009,1.334234,3.112868,23.425289,0.96318
13,54,1786607990.57722,0,1,54.589374,13.123578,31.361315,13.398812,-3.555008,0.103584,3.556516,1.334172,0.007655,1.334194,3.112463,23.22969,0.990109
13,55,1786607990.61721,0,1,54.445968,13.127796,31.414668,13.399145,-3.585163,0.105447,3.586713,1.333832,0.008323,1.333858,3.112189,23.032898,1.009693
13,56,1786607990.65721,0,1,54.301392,13.132079,31.467997,13.399505,-3.614387,0.107083,3.615973,1.333219,0.00901,1.33325,3.111974,22.834962,1.025979
13,57,1786607990.69723,0,1,54.155684,13.136414,31.521291,13.399894,-3.642711,0.108368,3.644322,1.332356,0.009715,1.332391,3.111852,22.635927,1.037077
13,58,1786607990.73721,0,1,54.008878,13.14079,31.574541,13.400311,-3.670154,0.109406,3.671785,1.331261,0.010436,1.331302,3.111792,22.435837,1.04469
13,59,1786607990.77721,0,1,53.861008,13.145196,31.627739,13.400758,-3.696743,0.110156,3.698383,1.329954,0.011172,1.330001,3.111803,22.234737,1.048239
13,60,1786607990.81722,0,1,53.712108,13.149623,31.680878,13.401235,-3.722497,0.110672,3.724142,1.328452,0.011922,1.328505,3.111871,22.032667,1.048611
13,61,1786607990.85716,0,1,53.56221,13.154061,31.733948,13.401742,-3.747441,0.110945,3.749083,1.32677,0.012684,1.326831,3.111996,21.829667,1.045681
13,62,1786607990.8971,0,1,53.411347,13.158501,31.786945,13.402281,-3.771595,0.111009,3.773228,1.324923,0.013457,1.324991,3.112168,21.625775,1.040008
13,63,1786607990.93709,0,1,53.259547,13.162936,31.839862,13.40285,-3.79498,0.110866,3.796599,1.322923,0.014241,1.323,3.112387,21.421029,1.031627
13,64,1786607990.97713,0,1,53.106843,13.167358,31.892694,13.403452,-3.817616,0.110541,3.819216,1.320784,0.015034,1.320869,3.112645,21.215463,1.020938
13,65,1786607991.0171,0,1,52.953262,13.171759,31.945434,13.404085,-3.839522,0.11004,3.841099,1.318515,0.015835,1.31861,3.112941,21.009112,1.008032
13,66,1786607991.05711,0,1,52.798833,13.176135,31.998079,13.404751,-3.860719,0.109385,3.862269,1.316128,0.016643,1.316234,3.113267,20.80201,0.99322
13,67,1786607991.09711,0,1,52.643584,13.180478,32.050625,13.405449,-3.881225,0.108583,3.882744,1.313633,0.017459,1.313749,3.113624,20.594188,0.976598
13,68,1786607991.13716,0,1,52.487542,13.184784,32.103066,13.40618,-3.901058,0.107651,3.902543,1.311037,0.01828,1.311164,3.114004,20.385678,0.958422
13,69,1786607991.17712,0,1,52.330732,13.189048,32.1554,13.406945,-3.920236,0.106596,3.921684,1.308348,0.019107,1.308488,3.114408,20.176509,0.938774
13,70,1786607991.2171,0,1,52.173181,13.193265,32.207623,13.407742,-3.938775,0.105434,3.940186,1.305575,0.01994,1.305728,3.114831,19.96671,0.91787
13,71,1786607991.25708,0,1,52.014914,13.197432,32.259732,13.408573,-3.956693,0.104171,3.958065,1.302724,0.020776,1.30289,3.115271,19.75631,0.89577
13,72,1786607991.29709,0,1,51.855953,13.201545,32.311724,13.409438,-3.974007,0.102821,3.975337,1.299801,0.021616,1.299981,3.115725,19.545335,0.872663
13,73,1786607991.33714,0,1,51.696324,13.2056,32.363616,13.410317,-3.990732,0.101387,3.99202,1.297297,0.021975,1.297483,3.116192,19.333792,0.848633
13,74,1786607991.37712,0,1,51.536047,13.209481,32.415423,13.411192,-4.006938,0.097014,4.008112,1.295178,0.021891,1.295363,3.117386,19.121688,0.782531
13,75,1786607991.41714,0,1,51.375147,13.213308,32.467159,13.412048,-4.022491,0.095673,4.023629,1.293413,0.021399,1.29359,3.117813,18.909032,0.760281
13,76,1786607991.45709,0,1,51.213644,13.216917,32.518838,13.41287,-4.037579,0.090223,4.038587,1.291975,0.020532,1.292138,3.119251,18.695832,0.679568
13,77,1786607991.49714,0,1,51.051563,13.220503,32.570472,13.413642,-4.052009,0.089662,4.053,1.290836,0.01932,1.290981,3.119468,18.482101,0.668873
13,78,1786607991.53711,0,1,50.888921,13.223795,32.622071,13.414354,-4.066052,0.082293,4.066885,1.289974,0.017791,1.290096,3.121356,18.267844,0.561771
13,79,1786607991.57712,0,1,50.725746,13.227157,32.673645,13.414993,-4.079388,0.084058,4.080254,1.289365,0.01597,1.289464,3.12099,18.053078,0.584296
13,80,1786607991.61711,0,1,50.562047,13.230054,32.725205,13.415548,-4.092482,0.072415,4.093122,1.28899,0.013882,1.289065,3.1239,17.837806,0.417899
13,81,1786607991.65711,0,1,50.397858,13.233281,32.776758,13.41601,-4.10471,0.08068,4.105503,1.28883,0.011547,1.288882,3.12194,17.622047,0.531905
13,82,1786607991.6971,0,1,50.233178,13.235585,32.828313,13.41637,-4.117007,0.057592,4.11741,1.288868,0.008987,1.288899,3.127605,17.405804,0.206334
13,83,1786607991.73709,0,1,50.068059,13.239006,32.879876,13.416618,-4.12797,0.085523,4.128856,1.289087,0.006218,1.289102,3.120878,17.1891,0.594838
13,84,1786607991.77711,0,1,49.902468,13.240063,32.931455,13.416749,-4.139769,0.026432,4.139853,1.289474,0.00326,1.289478,3.135208,16.971933,0.230667
13,85,1786607991.81716,0,1,49.736481,13.243177,32.983056,13.416754,-4.149688,0.07786,4.150419,1.290015,0.000126,1.290015,3.122832,16.754324,0.481313
13,86,1786607991.85712,0,1,49.57006,13.243812,33.034684,13.416627,-4.160524,0.015871,4.160554,1.290698,-0.003168,1.290702,3.137778,16.536279,0.380221
13,87,1786607991.89713,0,1,49.40327,13.246513,33.086344,13.416363,-4.169735,0.067525,4.170282,1.291511,-0.006609,1.291528,3.1254,16.31781,0.331376
13,88,1786607991.93723,0,1,49.236087,13.246719,33.138042,13.415955,-4.179599,0.005151,4.179602,1.292444,-0.010185,1.292484,3.14036,16.098934,0.531703
13,89,1786607991.97726,0,1,49.068561,13.249,33.189782,13.4154,-4.188148,0.057013,4.188536,1.293487,-0.013884,1.293561,3.127981,15.879651,0.179512
13,90,1786607992.01716,0,1,48.900677,13.248817,33.241567,13.414692,-4.197082,-0.004569,4.197084,1.294631,-0.017696,1.294752,-3.140504,15.659989,0.669284
13,91,1786607992.05723,0,1,48.732477,13.250726,33.293402,13.413827,-4.204996,0.047737,4.205267,1.295869,-0.021612,1.29605,3.130241,15.439937,0.045158
13,92,1786607992.09721,0,1,48.563955,13.250127,33.345289,13.412803,-4.213058,-0.014991,4.213084,1.297193,-0.025621,1.297446,-3.138034,15.219535,0.816298
13,93,1786607992.13717,0,1,48.39514,13.251627,33.397233,13.411614,-4.22039,0.037509,4.220556,1.298596,-0.029717,1.298936,3.132705,14.99876,0.101958
13,94,1786607992.17713,0,1,48.226035,13.250726,33.449236,13.410258,-4.227622,-0.022524,4.227682,1.300072,-0.033891,1.300514,-3.136265,14.77766,0.923806
13,95,1786607992.21711,0,1,48.05666,13.251959,33.501301,13.408733,-4.234368,0.030814,4.23448,1.301615,-0.038137,1.302173,3.134316,14.556204,0.20016
13,96,1786607992.25722,0,1,47.887027,13.250685,33.553429,13.407035,-4.240831,-0.031836,4.240951,1.303219,-0.042448,1.30391,-3.134086,14.33445,1.055071
13,97,1786607992.29722,0,1,47.717144,13.251552,33.605625,13.405162,-4.247057,0.021659,4.247112,1.304879,-0.046818,1.305719,3.136493,14.112356,0.331477
13,98,1786607992.33722,0,1,47.547034,13.249903,33.657884,13.403134,-4.252764,-0.041222,4.252963,1.306473,-0.050708,1.307457,-3.1319,13.889996,1.187433
13,99,1786607992.37715,0,1,47.37667,13.2504,33.710204,13.400968,-4.259106,0.012418,4.259124,1.308006,-0.054158,1.309127,3.138677,13.667295,0.464162
13,100,1786607992.41723,0,1,47.206056,13.248613,33.762583,13.39868,-4.265342,-0.044672,4.265576,1.309482,-0.057201,1.310731,-3.13112,13.44431,1.239609
13,101,1786607992.45716,0,1,47.035164,13.249031,33.815019,13.396285,-4.272308,0.010465,4.272321,1.310906,-0.059868,1.312272,3.139143,13.220964,0.497817
13,102,1786607992.49715,0,1,46.864002,13.246969,33.867511,13.393797,-4.279033,-0.051547,4.279343,1.312282,-0.062191,1.313755,-3.129547,12.997321,1.337453
13,103,1786607992.53712,0,1,46.692537,13.24712,33.920055,13.391229,-4.286641,0.00377,4.286643,1.313614,-0.064196,1.315182,3.140713,12.773295,0.596036
13,104,1786607992.57718,0,1,46.520784,13.24478,33.972651,13.388593,-4.293806,-0.058504,4.294205,1.314906,-0.065907,1.316556,-3.127968,12.548957,1.43725
13,105,1786607992.61722,0,1,46.348703,13.24466,34.025298,13.385899,-4.302028,-0.002993,4.302029,1.31616,-0.067349,1.317882,-3.140897,12.324215,0.696499
13,106,1786607992.65725,0,1,46.176319,13.242038,34.077993,13.383157,-4.309604,-0.065548,4.310103,1.31738,-0.068543,1.319162,-3.126384,12.099149,1.539671
13,107,1786607992.69738,0,1,46.003583,13.241645,34.130736,13.380377,-4.318414,-0.009831,4.318425,1.318569,-0.069507,1.320399,-3.139316,11.873657,0.799889
13,108,1786607992.73727,0,1,45.830618,13.238739,34.183525,13.377567,-4.324121,-0.072647,4.324731,1.319728,-0.07026,1.321597,-3.124794,11.64792,1.645407
13,109,1786607992.77735,0,1,45.65738,13.23807,34.236359,13.374734,-4.330933,-0.016733,4.330966,1.320861,-0.07082,1.322758,-3.137729,11.421839,0.906935
13,110,1786607992.81728,0,1,45.483928,13.234879,34.289238,13.371886,-4.336308,-0.079768,4.337042,1.321969,-0.0712,1.323885,-3.123199,11.195528,1.755041
13,111,1786607992.85724,0,1,45.310215,13.233932,34.34216,13.369029,-4.342836,-0.023692,4.342901,1.323055,-0.071416,1.324981,-3.136137,10.968886,1.018269
13,112,1786607992.89735,0,1,45.136313,13.230454,34.395125,13.36617,-4.347548,-0.086928,4.348417,1.32412,-0.071481,1.326048,-3.121601,10.742045,1.869361
13,113,1786607992.9373,0,1,44.962177,13.229226,34.448132,13.363314,-4.353393,-0.030699,4.353502,1.325166,-0.071406,1.327088,-3.134541,10.5149,1.134697
13,114,1786607992.97731,0,1,44.787899,13.225462,34.501179,13.360466,-4.356944,-0.094101,4.35796,1.326194,-0.071203,1.328104,-3.119998,10.287606,1.98919
13,115,1786607993.01737,0,1,44.61344,13.223953,34.554268,13.35763,-4.361485,-0.037737,4.361648,1.327206,-0.070882,1.329097,-3.13294,10.06006,1.257099
13,116,1786607993.05739,0,1,44.438917,13.219903,34.607396,13.354812,-4.363061,-0.101241,4.364235,1.328203,-0.070452,1.33007,-3.118393,9.832447,2.115422
13,117,1786607993.0973,0,1,44.264308,13.218112,34.660563,13.352015,-4.365239,-0.044772,4.365469,1.329186,-0.069923,1.331024,-3.131337,9.604678,1.386439
13,118,1786607993.13717,0,1,44.089773,13.213782,34.71377,13.349243,-4.363361,-0.10826,4.364704,1.330157,-0.069301,1.331961,-3.116787,9.376982,2.249008
13,119,1786607993.17731,0,1,43.915478,13.206308,34.767014,13.346499,-4.357389,-0.186858,4.361394,1.331116,-0.068596,1.332882,-3.098736,9.149538,3.333446
13,120,1786607993.21721,0,1,43.741386,13.200492,34.820297,13.343787,-4.352306,-0.1454,4.354734,1.332065,-0.067812,1.333789,-3.108197,8.92224,2.833643
13,121,1786607993.25728,0,1,43.56796,13.191564,34.873617,13.341109,-4.335653,-0.223189,4.341393,1.333003,-0.066957,1.334684,-3.09016,8.695629,3.932253
13,122,1786607993.29721,0,1,43.395762,13.17898,34.926974,13.338467,-4.304945,-0.314596,4.316425,1.333933,-0.066037,1.335566,-3.068644,8.470289,5.258507
13,123,1786607993.33726,0,1,43.225327,13.16224,34.980364,13.335861,-4.260872,-0.418495,4.281375,1.334748,-0.065166,1.336338,-3.043688,8.246791,6.815835
13,124,1786607993.37725,0,1,43.056599,13.140826,35.033782,13.333287,-4.218189,-0.535358,4.252026,1.335445,-0.064339,1.336994,-3.015351,8.025126,8.607329
13,125,1786607993.41719,0,1,42.889538,13.114217,35.087201,13.330746,-4.176522,-0.665235,4.229169,1.335484,-0.063527,1.336994,-2.98364,7.805341,10.639679
13,126,1786607993.45731,0,1,42.724182,13.081892,35.140622,13.328236,-4.133905,-0.808114,4.212152,1.335521,-0.062757,1.336994,-2.948543,7.58756,12.921482
13,127,1786607993.4972,0,1,42.560295,13.045015,35.194044,13.325755,-4.097174,-0.921942,4.199621,1.335555,-0.062027,1.336994,-2.92026,7.371599,14.864005
13,128,1786607993.53735,0,1,42.397706,13.004262,35.247468,13.323301,-4.06474,-1.01882,4.190478,1.335587,-0.061333,1.336994,-2.896004,7.157352,16.625998
13,129,1786607993.57737,0,1,42.2364,12.959658,35.300892,13.320874,-4.032641,-1.115095,4.183973,1.335617,-0.060673,1.336994,-2.871816,6.944908,18.438438
13,130,1786607993.61737,0,1,42.076391,12.911227,35.354318,13.318473,-4.000234,-1.210776,4.179456,1.335645,-0.060043,1.336994,-2.847682,6.734397,20.306756
13,131,1786607993.65728,0,1,41.91771,12.858993,35.407745,13.316095,-3.967004,-1.30584,4.176402,1.335672,-0.059442,1.336994,-2.823589,6.525993,22.236738
13,132,1786607993.6974,0,1,41.759549,12.805461,35.461173,13.31374,-3.954045,-1.3383,4.174389,1.335698,-0.058867,1.336994,-2.815232,6.318851,23.312856
13,133,1786607993.73735,0,1,41.601692,12.751145,35.514602,13.311408,-3.946412,-1.357896,4.173494,1.335722,-0.058315,1.336994,-2.810198,6.112819,24.246247
13,134,1786607993.77737,0,1,41.443927,12.696557,35.568032,13.309096,-3.944137,-1.364701,4.173562,1.335745,-0.057786,1.336994,-2.808479,5.907736,25.037367
13,135,1786607993.81741,0,1,41.286039,12.642209,35.621462,13.306805,-3.947182,-1.358722,4.174491,1.335767,-0.057277,1.336994,-2.810071,5.703431,25.686418
13,136,1786607993.85738,0,1,41.127822,12.588613,35.674894,13.304534,-3.955435,-1.339898,4.176217,1.335788,-0.056787,1.336994,-2.814976,5.499724,26.19338
13,137,1786607993.89736,0,1,40.969074,12.536289,35.728326,13.302281,-3.968691,-1.308103,4.178713,1.335808,-0.056314,1.336994,-2.823201,5.296431,26.558035
13,138,1786607993.93738,0,1,40.809608,12.485763,35.781759,13.300047,-3.986648,-1.263148,4.181974,1.335827,-0.055856,1.336994,-2.834755,5.093361,26.779972
13,139,1786607993.97736,0,1,40.649253,12.437571,35.835193,13.29783,-4.008894,-1.20478,4.186016,1.335845,-0.055414,1.336994,-2.849653,4.890319,26.858586
13,140,1786607994.0173,0,1,40.487857,12.392264,35.888626,13.295631,-4.034895,-1.132688,4.190867,1.335828,-0.054983,1.336959,-2.867914,4.687109,26.793059
13,141,1786607994.0574,0,1,40.325298,12.350404,35.942057,13.293448,-4.063983,-1.046506,4.196563,1.335771,-0.054563,1.336885,-2.889561,4.48354,26.582346
13,142,1786607994.09728,0,1,40.161484,12.312571,35.995484,13.291282,-4.095341,-0.945821,4.203141,1.33568,-0.054153,1.336777,-2.914622,4.279419,26.225136
13,143,1786607994.13733,0,1,39.996472,12.278833,36.048906,13.289132,-4.125294,-0.843446,4.210635,1.335555,-0.053753,1.336636,-2.939915,4.074798,25.910829
13,144,1786607994.17738,0,1,39.831125,12.24507,36.102322,13.286998,-4.133674,-0.844069,4.21897,1.335401,-0.053361,1.336466,-2.940168,3.871638,27.152558
13,145,1786607994.21741,0,1,39.665444,12.211271,36.155731,13.284879,-4.142022,-0.844972,4.227331,1.335218,-0.052976,1.336269,-2.940354,3.670248,28.538783
13,146,1786607994.25735,0,1,39.498634,12.181594,36.209132,13.282775,-4.170251,-0.741933,4.235736,1.335011,-0.052599,1.336047,-2.965524,3.468923,28.596267
13,147,1786607994.29739,0,1,39.331535,12.151464,36.262523,13.280686,-4.177478,-0.753245,4.244844,1.33478,-0.052229,1.335801,-2.963199,3.270165,30.421965
13,148,1786607994.33735,0,1,39.163684,12.123549,36.315913,13.278618,-4.196278,-0.697893,4.253917,1.334756,-0.051695,1.335757,-2.976789,3.073107,31.520272
13,149,1786607994.37729,0,1,38.995576,12.094756,36.36931,13.276577,-4.202711,-0.719817,4.263908,1.334922,-0.05101,1.335897,-2.971964,2.879926,33.946776
13,150,1786607994.41726,0,1,38.827072,12.065795,36.422721,13.27457,-4.212602,-0.724017,4.274367,1.335264,-0.050186,1.336207,-2.971386,2.691104,36.44283
13,151,1786607994.4573,0,1,38.657922,12.038003,36.476151,13.272601,-4.228729,-0.694816,4.285431,1.335767,-0.049234,1.336674,-2.978739,2.506862,38.835012
13,152,1786607994.4973,0,1,38.488475,12.009115,36.529596,13.270674,-4.236179,-0.72219,4.297298,1.336127,-0.048155,1.336994,-2.972735,2.329965,42.457243
13,153,1786607994.53737,0,1,38.318054,11.983135,36.583043,13.268796,-4.260521,-0.649487,4.309742,1.33617,-0.046952,1.336994,-2.990314,2.159442,45.206431
13,154,1786607994.57735,0,1,38.147339,11.955542,36.636492,13.26697,-4.267883,-0.689826,4.323273,1.336215,-0.045647,1.336994,-2.981347,2.000626,50.139674
13,155,1786607994.61736,0,1,37.975675,11.93039,36.689942,13.2652,-4.291608,-0.628812,4.33743,1.336262,-0.044249,1.336994,-2.996107,1.853329,54.40866
13,156,1786607994.65739,0,1,37.803613,11.903771,36.743395,13.26349,-4.301539,-0.665476,4.352712,1.33631,-0.042765,1.336994,-2.988103,1.72421,60.849562
13,157,1786607994.69736,0,1,37.630462,11.880187,36.796849,13.261842,-4.328789,-0.589588,4.368756,1.336359,-0.041204,1.336994,-3.006224,1.613654,66.651633
13,158,1786607994.73718,0,1,37.456643,11.85638,36.850305,13.260259,-4.345463,-0.595195,4.386035,1.336409,-0.039572,1.336994,-3.00547,1.529223,74.439629
13,159,1786607994.77739,0,1,37.281877,11.836017,36.903764,13.258744,-4.369149,-0.509073,4.398707,1.336458,-0.037875,1.336994,-3.0256,1.472115,81.7626
13,160,1786607994.81739,0,1,37.106212,11.819759,36.957224,13.257299,-4.391617,-0.406438,4.410384,1.336506,-0.036121,1.336994,-3.049307,1.44524,89.370498
13,161,1786607994.85736,0,1,36.929731,11.808278,37.010686,13.255926,-4.412035,-0.28704,4.421362,1.336554,-0.034313,1.336994,-3.076626,1.449911,96.923073
13,162,1786607994.89737,0,1,36.752563,11.802252,37.06415,13.254628,-4.429199,-0.150643,4.43176,1.3366,-0.032458,1.336994,-3.107594,1.485424,104.056421
13,163,1786607994.93737,0,1,36.574897,11.802369,37.117616,13.253406,-4.441658,0.002928,4.441659,1.336645,-0.030559,1.336994,3.140933,1.54921,110.469102
13,164,1786607994.97737,0,1,36.396873,11.805045,37.171083,13.252261,-4.450583,0.06691,4.451086,1.336688,-0.028622,1.336994,3.12656,1.64129,117.283907
13,165,1786607995.01731,0,1,36.218524,11.808845,37.224552,13.251195,-4.458746,0.094998,4.459758,1.336729,-0.026651,1.336994,3.12029,1.758541,123.674945
13,166,1786607995.05731,0,1,36.039927,11.815072,37.278023,13.250209,-4.464918,0.155657,4.46763,1.336767,-0.024648,1.336994,3.106745,1.89539,128.787761
13,167,1786607995.09729,0,1,35.861049,11.821469,37.331495,13.249304,-4.471959,0.159928,4.474817,1.336803,-0.022619,1.336994,3.105845,2.049616,133.794147
13,168,1786607995.13732,0,1,35.681896,11.827403,37.384969,13.248482,-4.478814,0.148359,4.481271,1.336836,-0.020565,1.336994,3.10848,2.218089,138.260482
13,169,1786607995.17711,0,1,35.502628,11.836158,37.438443,13.247742,-4.481708,0.21888,4.48705,1.336866,-0.01849,1.336994,3.092793,2.39582,141.104704
13,170,1786607995.21721,0,1,35.323507,11.848761,37.491919,13.247086,-4.478013,0.315061,4.489083,1.336894,-0.016396,1.336994,3.071351,2.580179,143.159036
13,171,1786607995.25716,0,1,35.144278,11.860949,37.545396,13.246515,-4.480736,0.304719,4.491085,1.336918,-0.014286,1.336994,3.073691,2.772212,146.122411
13,172,1786607995.29718,0,1,34.964904,11.872084,37.598873,13.246028,-4.484331,0.278364,4.492963,1.336939,-0.012163,1.336994,3.079597,2.970777,148.900253
13,173,1786607995.33722,0,1,34.785364,11.881521,37.652352,13.245622,-4.488522,0.235921,4.494718,1.336956,-0.010159,1.336994,3.08908,3.174963,151.546333
13,174,1786607995.37722,0,1,34.60565,11.888613,37.70583,13.245291,-4.49285,0.177301,4.496347,1.336969,-0.008265,1.336994,3.10215,3.384036,154.105322
13,175,1786607995.41723,0,1,34.425997,11.898318,37.759309,13.245032,-4.491314,0.242633,4.497863,1.336979,-0.006472,1.336994,3.087622,3.595081,154.9082
13,176,1786607995.45718,0,1,34.246176,11.905677,37.812789,13.244842,-4.495515,0.183965,4.499277,1.336986,-0.004772,1.336994,3.100694,3.809736,157.076879
13,177,1786607995.49717,0,1,34.066429,11.91565,37.866269,13.244715,-4.493674,0.249333,4.500586,1.336991,-0.003157,1.336994,3.086164,4.025567,157.545932
13,178,1786607995.53715,0,1,33.886519,11.923275,37.919748,13.24465,-4.49776,0.190625,4.501798,1.336993,-0.001621,1.336994,3.099236,4.244169,159.433187
13,179,1786607995.57716,0,1,33.706694,11.933516,37.973228,13.244644,-4.495627,0.256022,4.502911,1.336994,-0.000157,1.336994,3.084705,4.463448,159.658106
13,180,1786607995.61716,0,1,33.527043,11.947021,38.026708,13.244694,-4.491263,0.337617,4.503935,1.336994,0.001242,1.336994,3.066562,4.683048,159.61384
13,181,1786607995.65723,0,1,33.347235,11.958825,38.080187,13.244797,-4.495215,0.295104,4.504892,1.336992,0.002579,1.336994,3.076038,4.904545,161.043364
13,182,1786607995.69723,0,1,33.167253,11.968279,38.133667,13.244951,-4.499544,0.236361,4.505748,1.336989,0.003861,1.336994,3.089111,5.12788,162.576641
13,183,1786607995.73721,0,1,32.987397,11.98035,38.187146,13.245155,-4.496403,0.301777,4.506519,1.336985,0.005091,1.336994,3.074578,5.351367,162.489023
13,184,1786607995.77724,0,1,32.807762,11.995686,38.240626,13.245406,-4.490879,0.383383,4.507214,1.33698,0.006273,1.336994,3.05643,5.574747,162.166149
13,185,1786607995.81718,0,1,32.627964,12.00932,38.294105,13.245702,-4.494949,0.340866,4.507855,1.336974,0.007412,1.336994,3.065905,5.799465,163.354088
13,186,1786607995.85721,0,1,32.447981,12.020605,38.347583,13.246043,-4.499573,0.282108,4.508408,1.336967,0.008511,1.336994,3.078978,6.025529,164.67809
13,187,1786607995.89722,0,1,32.268162,12.034505,38.401062,13.246426,-4.495476,0.347513,4.508888,1.33696,0.009573,1.336994,3.064443,6.251497,164.401484
13,188,1786607995.93724,0,1,32.088608,12.051669,38.45454,13.24685,-4.488842,0.429089,4.509304,1.336952,0.010602,1.336994,3.046292,6.477155,163.906384
13,189,1786607995.97722,0,1,31.908885,12.067132,38.508017,13.247314,-4.493078,0.386577,4.509677,1.336944,0.011599,1.336994,3.055766,6.703833,164.942945
13,190,1786607996.01721,0,1,31.72946,12.085856,38.561495,13.247816,-4.485615,0.4681,4.509973,1.336935,0.012567,1.336994,3.037613,6.93014,164.390177
13,191,1786607996.05722,0,1,31.549856,12.10288,38.614972,13.248357,-4.490105,0.425611,4.510231,1.336926,0.013508,1.336994,3.047086,7.157372,165.375882
13,192,1786607996.09724,0,1,31.370037,12.117556,38.668449,13.248934,-4.495471,0.366888,4.510418,1.336916,0.014425,1.336994,3.06016,7.385582,166.522587
13,193,1786607996.13724,0,1,31.190446,12.134844,38.721925,13.249547,-4.489793,0.432204,4.510548,1.336906,0.01532,1.336994,3.045625,7.613523,166.082448
13,194,1786607996.17723,0,1,31.011194,12.15539,38.775401,13.250194,-4.481287,0.513643,4.510628,1.336896,0.016193,1.336994,3.027471,7.841014,165.435147
13,195,1786607996.21722,0,1,30.831754,12.174237,38.828876,13.250876,-4.486002,0.471176,4.510679,1.336886,0.017048,1.336994,3.036944,8.06927,166.336529
13,196,1786607996.25721,0,1,30.652083,12.190736,38.882351,13.251592,-4.491767,0.412486,4.510667,1.336875,0.017885,1.336994,3.050018,8.298356,167.408409
13,197,1786607996.29723,0,1,30.472674,12.209845,38.935826,13.25234,-4.485238,0.477726,4.510608,1.336863,0.018705,1.336994,3.035482,8.527117,166.897968
13,198,1786607996.33722,0,1,30.293645,12.232207,38.9893,13.253111,-4.475727,0.559053,4.510507,1.336855,0.019286,1.336994,3.017328,8.755379,166.184091
13,199,1786607996.37717,0,1,30.114391,12.252875,39.042774,13.253897,-4.481337,0.51669,4.511025,1.33685,0.019648,1.336994,3.026801,8.984323,167.02583
13,200,1786607996.41724,0,1,29.93484,12.271202,39.096248,13.254689,-4.488792,0.458168,4.512113,1.336848,0.019807,1.336994,3.039875,9.214046,168.044732
13,201,1786607996.45722,0,1,29.755508,12.292144,39.149722,13.255481,-4.4833,0.523562,4.513768,1.336848,0.019781,1.336994,3.025339,9.443478,167.484172
13,202,1786607996.49726,0,1,29.575829,12.310749,39.203196,13.256264,-4.491961,0.465128,4.515978,1.336851,0.019585,1.336994,3.038414,9.673685,168.479181
13,203,1786607996.53722,0,1,29.396331,12.331978,39.25667,13.257033,-4.487452,0.530707,4.518725,1.336856,0.019233,1.336994,3.023875,9.903636,167.895699
13,204,1786607996.57721,0,1,29.216441,12.350871,39.310144,13.257783,-4.497264,0.472327,4.522,1.336863,0.018736,1.336994,3.036951,10.134365,168.870265
13,205,1786607996.61721,0,1,29.036694,12.372396,39.363619,13.258507,-4.493676,0.538125,4.525782,1.336872,0.018108,1.336994,3.022409,10.364873,168.26695
13,206,1786607996.65721,0,1,28.85651,12.391586,39.417095,13.259202,-4.504587,0.479767,4.530065,1.336882,0.017359,1.336994,3.035486,10.596164,169.223909
13,207,1786607996.69723,0,1,28.676436,12.413419,39.47057,13.259861,-4.501862,0.545815,4.534829,1.336892,0.016498,1.336994,3.02094,10.827271,168.603302
13,208,1786607996.73723,0,1,28.495883,12.432917,39.524046,13.260483,-4.513823,0.487448,4.540066,1.336904,0.015535,1.336994,3.034019,11.059171,169.545008
13,209,1786607996.77721,0,1,28.315407,12.455068,39.577523,13.261062,-4.511903,0.553775,4.545761,1.336916,0.014478,1.336994,3.019467,11.290921,168.909215
13,210,1786607996.81723,0,1,28.134447,12.475197,39.631,13.261595,-4.524001,0.503227,4.551903,1.336928,0.013335,1.336994,3.030813,11.523418,169.739691
13,211,1786607996.85723,0,1,27.953547,12.498065,39.684478,13.26208,-4.522488,0.571689,4.558479,1.336939,0.012114,1.336994,3.015849,11.755784,169.069122
13,212,1786607996.89714,0,1,27.772138,12.518663,39.737956,13.262513,-4.535225,0.51496,4.564367,1.33695,0.010819,1.336994,3.02853,11.988916,169.964804
13,213,1786607996.93723,0,1,27.591058,12.541975,39.791434,13.262891,-4.527007,0.582801,4.564367,1.336961,0.009458,1.336994,3.013558,12.221657,169.28251
13,214,1786607996.97723,0,1,27.409696,12.562989,39.844913,13.263213,-4.534034,0.525345,4.564367,1.33697,0.008037,1.336994,3.02624,12.454916,170.167868
13,215,1786607997.01722,0,1,27.22867,12.586716,39.898392,13.263475,-4.52566,0.593167,4.564367,1.336978,0.006559,1.336994,3.011268,12.687784,169.475372
13,216,1786607997.05722,0,1,27.047357,12.608145,39.951871,13.263676,-4.532819,0.535728,4.564367,1.336985,0.00503,1.336994,3.02395,12.921154,170.35151
13,217,1786607997.09721,0,1,26.866386,12.632286,40.005351,13.263814,-4.52429,0.60353,4.564367,1.33699,0.003454,1.336994,3.008978,13.154134,169.649908
13,218,1786607997.1372,0,1,26.685122,12.65413,40.058831,13.263888,-4.53158,0.546107,4.564367,1.336993,0.001836,1.336994,3.02166,13.387602,170.517816
13,219,1786607997.17723,0,1,26.504207,12.678686,40.112311,13.263895,-4.522896,0.61389,4.564367,1.336994,0.000178,1.336994,3.006688,13.620682,169.808054
13,220,1786607997.21721,0,1,26.322994,12.700945,40.16579,13.263834,-4.530317,0.556484,4.564367,1.336993,-0.001516,1.336994,3.019369,13.854236,170.668586
13,221,1786607997.25722,0,1,26.142135,12.725915,40.21927,13.263704,-4.521478,0.624247,4.564367,1.33699,-0.003243,1.336994,3.004397,14.087404,169.951483
13,222,1786607997.29722,0,1,25.960973,12.748589,40.272749,13.263504,-4.529031,0.566858,4.564367,1.336985,-0.004999,1.336994,3.017079,14.321036,170.805377
13,223,1786607997.33722,0,1,25.780172,12.773973,40.326228,13.263241,-4.520037,0.6346,4.564367,1.336978,-0.006597,1.336994,3.002107,14.554283,170.081614
13,224,1786607997.37722,0,1,25.599063,12.797062,40.379707,13.262919,-4.527721,0.577229,4.564367,1.33697,-0.008049,1.336994,3.014789,14.787984,170.929432
13,225,1786607997.41721,0,1,25.418154,12.82167,40.433186,13.262544,-4.52272,0.615184,4.564367,1.336961,-0.009367,1.336994,3.006401,15.021502,170.572269
13,226,1786607997.45714,0,1,25.236914,12.843703,40.486664,13.262122,-4.531009,0.550824,4.564367,1.336953,-0.01056,1.336994,3.020619,15.255489,171.497031
13,227,1786607997.4971,0,1,25.055986,12.868169,40.540142,13.261656,-4.5232,0.611648,4.564367,1.336944,-0.01164,1.336994,3.007183,15.489154,170.843214
13,228,1786607997.5371,0,1,24.874728,12.89006,40.593619,13.261151,-4.531438,0.547281,4.564367,1.336935,-0.012615,1.336994,3.021401,15.72327,171.761118
13,229,1786607997.5771,0,1,24.693781,12.914384,40.647096,13.260612,-4.523677,0.608111,4.564367,1.336926,-0.013493,1.336994,3.007965,15.957071,171.100448
13,230,1786607997.6171,0,1,24.512507,12.936134,40.700573,13.26004,-4.531865,0.543737,4.564367,1.336918,-0.014282,1.336994,3.022183,16.191306,172.012029
13,231,1786607997.65724,0,1,24.331541,12.960317,40.754049,13.259441,-4.524151,0.604573,4.564367,1.33691,-0.01499,1.336994,3.008747,16.425232,171.345032
13,232,1786607997.69722,0,1,24.150249,12.981925,40.807525,13.258816,-4.532289,0.540194,4.564367,1.336892,-0.015621,1.336984,3.022964,16.659577,172.250775
13,233,1786607997.73722,0,1,23.969264,13.005966,40.860997,13.258169,-4.524622,0.601036,4.564367,1.336794,-0.016182,1.336892,3.009529,16.893615,171.577924
13,234,1786607997.77722,0,1,23.787956,13.027432,40.914461,13.257501,-4.53271,0.536649,4.564367,1.336622,-0.016678,1.336726,3.023746,17.128051,172.478268
13,235,1786607997.81721,0,1,23.606932,13.05118,40.967917,13.256817,-4.52559,0.593706,4.564367,1.336382,-0.017114,1.336492,3.011149,17.362202,171.847506
13,236,1786607997.85722,0,1,23.425585,13.072317,41.02136,13.256117,-4.533676,0.52842,4.564367,1.33608,-0.017494,1.336194,3.025562,17.596735,172.753452
13,237,1786607997.89723,0,1,23.244511,13.095678,41.074789,13.255404,-4.526849,0.584029,4.564367,1.33572,-0.017824,1.335839,3.013287,17.830993,172.135372
13,238,1786607997.93723,0,1,23.063115,13.116386,41.128201,13.25468,-4.534913,0.517704,4.564367,1.335307,-0.018106,1.33543,3.027925,18.065615,173.048717
13,239,1786607997.97713,0,1,22.882003,13.139454,41.181595,13.253946,-4.527791,0.57668,4.564367,1.334846,-0.018346,1.334972,3.01491,18.29995,172.383155
13,240,1786607998.01722,0,1,22.700573,13.159867,41.234968,13.253204,-4.535747,0.510342,4.564367,1.334339,-0.018545,1.334468,3.029548,18.53463,173.291796
13,241,1786607998.05722,0,1,22.519374,13.182234,41.28832,13.252456,-4.529985,0.559182,4.564367,1.333792,-0.018707,1.333923,3.018774,18.769078,172.748634
13,242,1786607998.09716,0,1,22.337856,13.201852,41.341648,13.251703,-4.537942,0.49044,4.564367,1.333207,-0.018835,1.33334,3.033935,19.003857,173.681383
13,243,1786607998.13716,0,1,22.156598,13.223736,41.394952,13.250945,-4.531461,0.547091,4.564367,1.332587,-0.018932,1.332721,3.021443,19.238373,173.034868
13,244,1786607998.17713,0,1,21.975028,13.242869,41.448229,13.250185,-4.539235,0.478327,4.564367,1.331935,-0.019,1.33207,3.036604,19.473202,173.963059
13,245,1786607998.21711,0,1,21.793712,13.264269,41.501479,13.249424,-4.532905,0.534996,4.564367,1.331253,-0.019042,1.331389,3.024111,19.707773,173.311968
13,246,1786607998.25721,0,1,21.612092,13.282917,41.554701,13.248661,-4.540495,0.466212,4.564367,1.330544,-0.019058,1.330681,3.039273,19.942638,174.235911
13,247,1786607998.29722,0,1,21.43072,13.303833,41.607894,13.247899,-4.534317,0.522897,4.564367,1.32981,-0.019053,1.329947,3.02678,20.177251,173.580547
13,248,1786607998.33723,0,1,21.249051,13.321997,41.661062,13.247142,-4.541723,0.454093,4.564367,1.329206,-0.018933,1.329341,3.041941,20.412148,174.500513
13,249,1786607998.37724,0,1,21.067623,13.342428,41.714211,13.246394,-4.535696,0.510794,4.564367,1.32872,-0.018709,1.328851,3.029449,20.646811,173.841125
13,250,1786607998.41723,0,1,20.885906,13.360107,41.767344,13.245658,-4.542919,0.441971,4.564367,1.328343,-0.018388,1.32847,3.04461,20.881752,174.757335
13,251,1786607998.45723,0,1,20.703889,13.374362,41.820467,13.244939,-4.550433,0.35638,4.564367,1.328067,-0.017979,1.328189,3.063434,21.116975,175.873026
13,252,1786607998.49716,0,1,20.522005,13.390228,41.873582,13.244239,-4.547101,0.396636,4.564367,1.327883,-0.017489,1.327998,3.054585,21.352077,175.406552
13,253,1786607998.53724,0,1,20.340333,13.408364,41.926694,13.243562,-4.541792,0.453409,4.564367,1.327784,-0.016924,1.327892,3.042092,21.58699,174.736447
13,254,1786607998.57723,0,1,20.158407,13.423744,41.979804,13.242911,-4.548144,0.3845,4.564367,1.327764,-0.01629,1.327864,3.057253,21.822146,175.64251
13,255,1786607998.61725,0,1,19.976471,13.439002,42.032917,13.242287,-4.548401,0.381442,4.564367,1.327816,-0.015592,1.327907,3.057926,22.057323,175.717224
13,256,1786607998.65723,0,1,19.794379,13.452271,42.086034,13.241694,-4.552297,0.331728,4.564367,1.327933,-0.014837,1.328016,3.068851,22.292649,176.373425
13,257,1786607998.69722,0,1,19.612447,13.467566,42.139159,13.241132,-4.548323,0.382368,4.564367,1.328112,-0.014029,1.328186,3.057722,22.52785,175.770464
13,258,1786607998.73722,0,1,19.430286,13.479851,42.192293,13.240606,-4.554022,0.307136,4.564367,1.328347,-0.013172,1.328412,3.074252,22.763264,176.743855
13,259,1786607998.77722,0,1,19.248273,13.494163,42.245438,13.240115,-4.550322,0.357797,4.564367,1.328633,-0.012271,1.32869,3.063123,22.998568,176.136934
13,260,1786607998.81722,0,1,19.066131,13.506731,42.298597,13.239662,-4.55354,0.314209,4.564367,1.328967,-0.011328,1.329016,3.072699,23.234,176.711276
13,261,1786607998.85722,0,1,18.884165,13.521621,42.35177,13.239248,-4.549164,0.372232,4.564367,1.329345,-0.010349,1.329385,3.05995,23.469304,176.011613
13,262,1786607998.89722,0,1,18.701996,13.533796,42.404961,13.238874,-4.554207,0.304387,4.564367,1.329763,-0.009335,1.329795,3.074856,23.704799,176.889104
13,263,1786607998.93715,0,1,18.519998,13.548293,42.45817,13.238543,-4.549956,0.362419,4.564367,1.330217,-0.00829,1.330243,3.062107,23.940175,176.187165
13,264,1786607998.97715,0,1,18.33791,13.561619,42.511398,13.238254,-4.552192,0.33316,4.564367,1.330706,-0.007216,1.330725,3.068536,24.17565,176.580562
13,265,1786607999.01724,0,1,18.156039,13.577626,42.564647,13.238009,-4.546793,0.400155,4.564367,1.331226,-0.006117,1.33124,3.053811,24.410971,175.767606
13,266,1786607999.05712,0,1,17.973975,13.591279,42.617918,13.23781,-4.551586,0.341345,4.564367,1.331775,-0.004993,1.331784,3.066738,24.646477,176.532893
13,267,1786607999.09724,0,1,17.79171,13.601912,42.671212,13.237656,-4.55662,0.265824,4.564367,1.33235,-0.003849,1.332355,3.083321,24.882168,177.500061
13,268,1786607999.13717,0,1,17.609268,13.608852,42.72453,13.237548,-4.561069,0.173499,4.564367,1.332949,-0.002685,1.332952,3.103572,25.118007,178.668572
13,269,1786607999.17717,0,1,17.426711,13.611424,42.777873,13.237488,-4.563915,0.064285,4.564367,1.333571,-0.001503,1.333572,3.127508,25.353919,179.961916
13,270,1786607999.21714,0,1,17.244153,13.608949,42.831241,13.237476,-4.563948,-0.061872,4.564367,1.334214,-0.000305,1.334214,-3.128037,25.589784,178.391546
13,271,1786607999.25714,0,1,17.061763,13.60075,42.884636,13.237512,-4.559763,-0.204972,4.564367,1.334875,0.000907,1.334876,-3.096671,25.825428,176.620255
13,272,1786607999.29714,0,1,16.879464,13.590718,42.938058,13.237597,-4.557471,-0.250806,4.564367,1.335554,0.002131,1.335556,-3.086616,26.060987,176.073717
13,273,1786607999.33716,0,1,16.697179,13.580441,42.991502,13.23773,-4.557131,-0.256915,4.564367,1.336086,0.003324,1.33609,-3.085276,26.296556,176.026554
13,274,1786607999.37714,0,1,16.514923,13.569657,43.044961,13.23791,-4.556398,-0.269614,4.564367,1.336482,0.004487,1.33649,-3.082489,26.532112,175.897191
13,275,1786607999.41716,0,1,16.332666,13.558882,43.098431,13.238135,-4.556412,-0.269362,4.564367,1.336754,0.005622,1.336766,-3.082544,26.767687,175.93021
13,276,1786607999.45717,0,1,16.150439,13.547619,43.151908,13.238404,-4.555674,-0.281572,4.564367,1.336911,0.006731,1.336928,-3.079864,27.003239,175.80711
13,277,1786607999.49722,0,1,15.968158,13.537276,43.205386,13.238717,-4.557037,-0.258585,4.564367,1.336963,0.007816,1.336986,-3.084909,27.238865,176.124264
13,278,1786607999.53724,0,1,15.785984,13.525187,43.258863,13.239072,-4.554351,-0.302218,4.564367,1.336917,0.008879,1.336947,-3.075332,27.474369,175.606843
13,279,1786607999.57721,0,1,15.603696,13.514953,43.312334,13.239469,-4.557192,-0.255838,4.564367,1.336783,0.009921,1.33682,-3.085512,27.710008,176.217191
13,280,1786607999.61723,0,1,15.421466,13.503742,43.365797,13.239906,-4.555754,-0.28028,4.564367,1.336566,0.010943,1.336611,-3.080148,27.945576,175.93854
14,0,1786608120.87018,0,1,59.48,13.100032,29.003536,13.400005,-0.499999,0.000796,0.5,0.0884,0.000128,0.0884,3.14,30.47794,0.472679
14,0,1786608120.91009,0,1,59.48,13.100032,29.010208,13.400023,-0.499999,0.000796,0.5,0.166799,0.00046,0.1668,3.14,30.471269,0.472837
14,1,1786608120.95006,0,1,59.457175,13.100108,29.020016,13.400064,-0.570637,0.001896,0.57064,0.245197,0.001009,0.245199,3.13827,30.438637,0.374278
14,2,1786608120.99008,0,1,59.431523,13.100058,29.03296,13.400136,-0.641278,-0.001242,0.64128,0.323593,0.001791,0.323598,-3.139655,30.400045,0.676584
14,3,1786608121.03006,0,1,59.403047,13.099913,29.049039,13.400248,-0.711909,-0.003619,0.711918,0.401987,0.002822,0.401996,-3.136509,30.355494,0.858134
14,4,1786608121.07007,0,1,59.371746,13.099663,29.068187,13.400412,-0.78253,-0.006255,0.782555,0.478687,0.004094,0.478704,-3.133599,30.305052,1.026603
14,5,1786608121.11015,0,1,59.33762,13.099303,29.090161,13.400633,-0.853141,-0.009001,0.853188,0.549351,0.005528,0.549379,-3.131043,30.248961,1.17523
14,6,1786608121.15006,0,1,59.300671,13.098826,29.114739,13.400918,-0.923741,-0.011929,0.923818,0.614463,0.007111,0.614504,-3.12868,30.187443,1.313242
14,7,1786608121.19007,0,1,59.260897,13.098223,29.141718,13.401271,-0.994329,-0.015066,0.994443,0.674467,0.00883,0.674525,-3.126442,30.120704,1.444539
14,8,1786608121.23003,0,1,59.218301,13.097485,29.170909,13.401698,-1.064903,-0.018445,1.065063,0.729771,0.010676,0.729849,-3.124273,30.048933,1.572393
14,9,1786608121.27003,0,1,59.172883,13.096601,29.202139,13.402203,-1.135461,-0.022098,1.135676,0.780751,0.012636,0.780854,-3.122134,29.972302,1.699115
14,10,1786608121.31008,0,1,59.124643,13.095559,29.235249,13.402791,-1.206002,-0.026053,1.206283,0.827754,0.014703,0.827884,-3.119994,29.890973,1.826454
14,11,1786608121.35016,0,1,59.073582,13.094346,29.270093,13.403466,-1.276522,-0.030339,1.276882,0.871097,0.016866,0.87126,-3.11783,29.805092,1.955741
14,12,1786608121.39016,0,1,59.019701,13.092946,29.306536,13.404231,-1.347019,-0.034985,1.347473,0.911073,0.019118,0.911273,-3.115626,29.714796,2.088004
14,13,1786608121.43016,0,1,58.963002,13.091346,29.344454,13.405089,-1.41749,-0.040019,1.418055,0.947952,0.021452,0.948194,-3.113368,29.62021,2.22405
14,14,1786608121.47017,0,1,58.903484,13.089527,29.383733,13.406043,-1.487932,-0.045466,1.488627,0.98198,0.02386,0.98227,-3.111046,29.521448,2.364514
14,15,1786608121.51012,0,1,58.841151,13.087473,29.424268,13.407097,-1.558343,-0.051352,1.559188,1.013388,0.026337,1.01373,-3.108651,29.418619,2.509904
14,16,1786608121.55016,0,1,58.776002,13.085165,29.465964,13.408252,-1.628717,-0.057704,1.629739,1.042383,0.028875,1.042783,-3.106179,29.311819,2.660625
14,17,1786608121.59016,0,1,58.708102,13.082585,29.50873,13.409511,-1.697501,-0.064485,1.698725,1.069159,0.031471,1.069622,-3.103623,29.201202,2.817
14,18,1786608121.63016,0,1,58.637525,13.079717,29.552486,13.410875,-1.764423,-0.071715,1.76588,1.093894,0.034119,1.094426,-3.10097,29.086924,2.979839
14,19,1786608121.67015,0,1,58.564344,13.076541,29.597156,13.412348,-1.829533,-0.079395,1.831255,1.116751,0.036814,1.117357,-3.098223,28.969134,3.149054
14,20,1786608121.71007,0,1,58.488629,13.07304,29.642671,13.41393,-1.892876,-0.087528,1.894898,1.137879,0.039553,1.138567,-3.095385,28.847972,3.324579
14,21,1786608121.75007,0,1,58.410449,13.069195,29.688968,13.415623,-1.954498,-0.096113,1.95686,1.157418,0.04233,1.158192,-3.092457,28.72357,3.506306
14,22,1786608121.79001,0,1,58.329871,13.064989,29.735988,13.417429,-2.014444,-0.105147,2.017186,1.175495,0.045144,1.176361,-3.089443,28.596055,3.694106
14,23,1786608121.83,0,1,58.246961,13.060404,29.783667,13.419327,-2.072756,-0.114627,2.075923,1.191978,0.047458,1.192922,-3.086347,28.465557,3.887789
14,24,1786608121.87015,0,1,58.16176,13.055922,29.831946,13.4213,-2.130028,-0.112072,2.132975,1.206995,0.049312,1.208002,-3.089026,28.332169,3.750768
14,25,1786608121.91014,0,1,58.07434,13.051427,29.880773,13.42333,-2.185489,-0.112364,2.188376,1.220663,0.050743,1.221717,-3.090224,28.19602,3.698934
14,26,1786608121.95016,0,1,57.984763,13.046992,29.930097,13.425401,-2.239426,-0.110874,2.242169,1.23309,0.051784,1.234177,-3.092123,28.057218,3.607165
14,27,1786608121.99015,0,1,57.893091,13.042632,29.979872,13.4275,-2.291804,-0.108998,2.294395,1.244375,0.052466,1.245481,-3.094069,27.915872,3.512865
14,28,1786608122.03009,0,1,57.799383,13.038383,30.030056,13.429612,-2.342687,-0.106226,2.345094,1.254611,0.052818,1.255722,-3.09628,27.772083,3.403393
14,29,1786608122.07008,0,1,57.703699,13.034276,30.080611,13.431727,-2.392104,-0.102685,2.394307,1.26388,0.052866,1.264985,-3.098692,27.625947,3.282353
14,30,1786608122.11016,0,1,57.606095,13.030344,30.131502,13.433832,-2.440094,-0.098295,2.442073,1.27226,0.052634,1.273348,-3.101331,27.477556,3.14819
14,31,1786608122.15013,0,1,57.506628,13.026622,30.182694,13.435918,-2.486693,-0.093056,2.488433,1.279822,0.052145,1.280884,-3.104189,27.326998,3.00129
14,32,1786608122.19007,0,1,57.40535,13.023144,30.23416,13.437975,-2.531932,-0.086949,2.533425,1.286632,0.051419,1.287659,-3.107265,27.174357,2.841511
14,33,1786608122.23002,0,1,57.302316,13.019945,30.28587,13.439994,-2.575846,-0.079972,2.577088,1.292749,0.050476,1.293734,-3.110556,27.019712,2.669037
14,34,1786608122.27001,0,1,57.197578,13.01706,30.337799,13.441967,-2.618466,-0.072122,2.619459,1.29823,0.049332,1.299167,-3.114056,26.86314,2.484046
14,35,1786608122.31001,0,1,57.091185,13.014524,30.389924,13.443887,-2.659821,-0.063405,2.660577,1.303125,0.048005,1.304009,-3.117759,26.704713,2.286817
14,36,1786608122.35,0,1,56.983187,13.01237,30.442223,13.445748,-2.699941,-0.053831,2.700477,1.307481,0.046509,1.308307,-3.121658,26.544502,2.077674
14,37,1786608122.39001,0,1,56.873633,13.010634,30.494677,13.447542,-2.738852,-0.043413,2.739196,1.31134,0.044857,1.312107,-3.125743,26.382574,1.856994
14,38,1786608122.43001,0,1,56.76257,13.009347,30.547266,13.449265,-2.776583,-0.03217,2.77677,1.314744,0.043062,1.315449,-3.130007,26.218994,1.625191
14,39,1786608122.47015,0,1,56.650044,13.008542,30.599976,13.45091,-2.81316,-0.020123,2.813232,1.317728,0.041136,1.31837,-3.13444,26.053824,1.382711
14,40,1786608122.51015,0,1,56.536099,13.00825,30.652789,13.452474,-2.848607,-0.007297,2.848616,1.320326,0.03909,1.320904,-3.139031,25.887122,1.13002
14,41,1786608122.55018,0,1,56.420781,13.008502,30.705691,13.453951,-2.882948,0.00628,2.882955,1.322568,0.036934,1.323084,3.139414,25.718948,0.867606
14,42,1786608122.59003,0,1,56.304133,13.009325,30.758671,13.455338,-2.916209,0.020578,2.916282,1.324484,0.034676,1.324938,3.134536,25.549356,0.595965
14,43,1786608122.63015,0,1,56.186196,13.010747,30.811715,13.456631,-2.948413,0.035566,2.948627,1.326099,0.032325,1.326493,3.129531,25.378399,0.315598
14,44,1786608122.67015,0,1,56.067013,13.012796,30.864812,13.457827,-2.979581,0.05121,2.980021,1.327437,0.02989,1.327774,3.124407,25.20613,0.027008
14,45,1786608122.71016,0,1,55.946624,13.015495,30.917953,13.458922,-3.009737,0.067475,3.010494,1.328521,0.027376,1.328803,3.119177,25.032598,0.269306
14,46,1786608122.75015,0,1,55.825068,13.018868,30.971128,13.459913,-3.038904,0.084326,3.040074,1.329371,0.024791,1.329602,3.113851,24.857853,0.572852
14,47,1786608122.79016,0,1,55.702383,13.022937,31.024328,13.460799,-3.067102,0.101727,3.068789,1.330005,0.02214,1.330189,3.108438,24.68194,0.88315
14,48,1786608122.83016,0,1,55.578609,13.027722,31.077554,13.461586,-3.094354,0.119641,3.096667,1.330641,0.019682,1.330786,3.102948,24.504897,1.19971
14,49,1786608122.87016,0,1,55.453737,13.032391,31.130805,13.462282,-3.12181,0.116703,3.123991,1.331278,0.017399,1.331392,3.104227,24.326731,1.128343
14,50,1786608122.91008,0,1,55.327807,13.037428,31.184081,13.462893,-3.148245,0.125945,3.150763,1.331917,0.01528,1.332004,3.101609,24.147474,1.28131
14,51,1786608122.95016,0,1,55.200827,13.042456,31.237384,13.463426,-3.174512,0.125698,3.177,1.332557,0.013311,1.332623,3.102017,23.96714,1.261084
14,52,1786608122.99016,0,1,55.072825,13.047682,31.290712,13.463885,-3.200043,0.130649,3.202709,1.333198,0.01148,1.333247,3.100788,23.785755,1.335315
14,53,1786608123.03016,0,1,54.943815,13.052912,31.344065,13.464276,-3.225256,0.130739,3.227905,1.33384,0.009777,1.333876,3.101079,23.603334,1.322657
14,54,1786608123.07008,0,1,54.81382,13.058238,31.397444,13.464604,-3.249872,0.13315,3.252598,1.334483,0.008192,1.334508,3.100645,23.419901,1.35193
14,55,1786608123.11012,0,1,54.682855,13.063549,31.45085,13.464872,-3.274111,0.132769,3.276802,1.335127,0.006715,1.335144,3.101064,23.235472,1.33247
14,56,1786608123.15017,0,1,54.550942,13.068887,31.50428,13.465086,-3.297829,0.133449,3.300527,1.335772,0.005337,1.335782,3.101149,23.050067,1.33237
14,57,1786608123.19017,0,1,54.418096,13.074181,31.557737,13.465248,-3.321152,0.132354,3.323788,1.336417,0.004053,1.336423,3.101762,22.863704,1.302081
14,58,1786608123.23017,0,1,54.284336,13.07945,31.61122,13.465362,-3.344,0.131745,3.346595,1.337063,0.002853,1.337067,3.102215,22.6764,1.281027
14,59,1786608123.27017,0,1,54.149678,13.084647,31.664728,13.465431,-3.366454,0.129907,3.36896,1.33771,0.001731,1.337712,3.103023,22.488174,1.23966
14,60,1786608123.31017,0,1,54.014139,13.089778,31.718262,13.465459,-3.388467,0.128291,3.390895,1.338358,0.000682,1.338358,3.10375,22.299042,1.20291
14,61,1786608123.35015,0,1,53.877736,13.094809,31.771823,13.465447,-3.410094,0.125765,3.412412,1.339006,-0.0003,1.339006,3.104729,22.10902,1.15156
14,62,1786608123.39016,0,1,53.740483,13.099743,31.825409,13.465398,-3.431306,0.123342,3.433522,1.339655,-0.001221,1.339655,3.105662,21.918125,1.10277
14,63,1786608123.43015,0,1,53.602398,13.104551,31.879021,13.465314,-3.452144,0.120211,3.454236,1.340304,-0.002085,1.340305,3.106785,21.726372,1.042918
14,64,1786608123.47016,0,1,53.463494,13.109237,31.932659,13.465198,-3.47259,0.117138,3.474565,1.340953,-0.002897,1.340956,3.107873,21.533777,0.984821
14,65,1786608123.51016,0,1,53.323787,13.113776,31.986323,13.465052,-3.492676,0.113491,3.494519,1.341603,-0.003661,1.341608,3.10911,21.340355,0.91795
14,66,1786608123.55021,0,1,53.183291,13.118172,32.040013,13.464877,-3.51239,0.109897,3.514109,1.342253,-0.00438,1.34226,3.110314,21.14612,0.852667
14,67,1786608123.59016,0,1,53.042021,13.122405,32.093729,13.464674,-3.53176,0.105818,3.533345,1.342904,-0.005059,1.342913,3.11164,20.951087,0.780109
14,68,1786608123.63016,0,1,52.89999,13.126477,32.147472,13.464446,-3.550778,0.101808,3.552237,1.343555,-0.005699,1.343567,3.112928,20.75527,0.709322
14,69,1786608123.67008,0,1,52.757211,13.130372,32.20124,13.464194,-3.569466,0.097371,3.570794,1.344206,-0.006304,1.34422,3.11432,20.558682,0.6322
14,70,1786608123.71008,0,1,52.613698,13.134094,32.255034,13.463919,-3.587819,0.093037,3.589025,1.344857,-0.006877,1.344875,3.115667,20.361336,0.557265
14,71,1786608123.75016,0,1,52.469464,13.137626,32.308854,13.463622,-3.605859,0.088306,3.60694,1.345509,-0.007421,1.345529,3.117108,20.163245,0.476475
14,72,1786608123.79016,0,1,52.324521,13.140975,32.362701,13.463305,-3.62358,0.083723,3.624547,1.346161,-0.007937,1.346184,3.118492,19.964422,0.398497
14,73,1786608123.83015,0,1,52.178881,13.144125,32.416573,13.462967,-3.641003,0.07875,3.641855,1.346813,-0.008439,1.346839,3.119967,19.764879,0.314713
14,74,1786608123.87014,0,1,52.032559,13.147167,32.470472,13.46261,-3.658036,0.076067,3.658826,1.347465,-0.008929,1.347494,3.120801,19.56463,0.267442
14,75,1786608123.9101,0,1,51.885568,13.150001,32.524397,13.462234,-3.674788,0.070843,3.67547,1.348117,-0.009407,1.34815,3.122317,19.363689,0.180508
14,76,1786608123.95005,0,1,51.737921,13.152739,32.578347,13.461839,-3.691162,0.068451,3.691796,1.348769,-0.009875,1.348805,3.12305,19.162067,0.138144
14,77,1786608123.99003,0,1,51.58963,13.155251,32.632324,13.461426,-3.70728,0.062798,3.707812,1.349422,-0.010333,1.349461,3.124655,18.959778,0.045155
14,78,1786608124.03006,0,1,51.440709,13.157689,32.686327,13.460994,-3.723028,0.060948,3.723527,1.350074,-0.010781,1.350117,3.125224,18.756834,0.01134
14,79,1786608124.07019,0,1,51.291167,13.159871,32.740356,13.460545,-3.73855,0.054546,3.738948,1.350726,-0.011221,1.350773,3.127003,18.553247,0.092679
14,80,1786608124.11015,0,1,51.141019,13.162018,32.794412,13.460079,-3.7537,0.053686,3.754084,1.351379,-0.011653,1.351429,3.127291,18.349028,0.111352
14,81,1786608124.15014,0,1,50.990272,13.163856,32.848487,13.459596,-3.768663,0.045932,3.768943,1.351885,-0.012076,1.351939,3.129405,18.144196,0.235646
14,82,1786608124.19015,0,1,50.838943,13.165733,32.902562,13.459097,-3.783241,0.046925,3.783532,1.351881,-0.012487,1.351939,3.12919,17.93878,0.226404
14,83,1786608124.2301,0,1,50.687036,13.167197,32.956637,13.458581,-3.797682,0.036603,3.797858,1.351877,-0.012892,1.351939,3.131955,17.732792,0.389304
14,84,1786608124.27017,0,1,50.534567,13.168846,33.010712,13.45805,-3.811707,0.041221,3.81193,1.351873,-0.013291,1.351939,3.130779,17.526241,0.325904
14,85,1786608124.31017,0,1,50.381541,13.169875,33.064787,13.457502,-3.825666,0.025746,3.825753,1.35187,-0.013684,1.351939,3.134863,17.319142,0.565992
14,86,1786608124.35013,0,1,50.227975,13.171389,33.118862,13.456939,-3.839148,0.037845,3.839334,1.351866,-0.014071,1.351939,3.131735,17.111496,0.391398
14,87,1786608124.39019,0,1,50.073868,13.171846,33.172936,13.456361,-3.852663,0.011414,3.85268,1.351861,-0.014454,1.351939,3.13863,16.903327,0.794695
14,88,1786608124.43008,0,1,49.919244,13.173441,33.22701,13.455768,-3.865594,0.039887,3.8658,1.351857,-0.014831,1.351939,3.131275,16.694622,0.377812
14,89,1786608124.47016,0,1,49.764097,13.17299,33.281084,13.45516,-3.878679,-0.011271,3.878695,1.351853,-0.015204,1.351939,-3.138687,16.485428,1.147236
14,90,1786608124.51016,0,1,49.608449,13.174469,33.335158,13.454537,-3.891204,0.036956,3.89138,1.351849,-0.015573,1.351939,3.132096,16.275701,0.441845
14,91,1786608124.55017,0,1,49.452297,13.173654,33.389232,13.453899,-3.903796,-0.020357,3.903849,1.351845,-0.015938,1.351939,-3.136378,16.06551,1.298282
14,92,1786608124.59016,0,1,49.295657,13.174781,33.443306,13.453247,-3.916017,0.02816,3.916118,1.35184,-0.0163,1.351939,3.134402,15.854796,0.594359
14,93,1786608124.63015,0,1,49.138534,13.173596,33.497379,13.452581,-3.928072,-0.029609,3.928184,1.351836,-0.016657,1.351939,-3.134055,15.643642,1.453734
14,94,1786608124.67016,0,1,48.980933,13.174364,33.551453,13.451901,-3.940013,0.019189,3.94006,1.351832,-0.017012,1.351939,3.136722,15.431976,0.751449
14,95,1786608124.71016,0,1,48.822871,13.172803,33.605526,13.451206,-3.951551,-0.039023,3.951744,1.351827,-0.017363,1.351939,-3.131718,15.219892,1.61392
14,96,1786608124.75015,0,1,48.664342,13.173205,33.659599,13.450498,-3.963236,0.010048,3.963249,1.351823,-0.017711,1.351939,3.139057,15.007305,0.913464
14,97,1786608124.79015,0,1,48.505371,13.171261,33.713671,13.449775,-3.974274,-0.048593,3.974571,1.351818,-0.018057,1.351939,-3.129366,14.794321,1.779212
14,98,1786608124.83015,0,1,48.345942,13.171291,33.767744,13.449037,-3.985724,0.000743,3.985724,1.351813,-0.018462,1.351939,3.141406,14.580844,1.080787
14,99,1786608124.87016,0,1,48.186106,13.168959,33.821816,13.44828,-3.995901,-0.058307,3.996326,1.351806,-0.018922,1.351939,-3.127002,14.367005,1.949989
14,100,1786608124.91015,0,1,48.02585,13.16861,33.875888,13.447503,-4.006392,-0.008716,4.006401,1.351799,-0.019431,1.351939,-3.139417,14.15271,1.253794
14,101,1786608124.95021,0,1,47.865235,13.165885,33.92996,13.446703,-4.015376,-0.068136,4.015954,1.351791,-0.019987,1.351939,-3.124625,13.938105,2.126595
14,102,1786608124.99016,0,1,47.704236,13.165152,33.984031,13.44588,-4.024967,-0.018314,4.025009,1.351782,-0.020585,1.351939,-3.137043,13.723077,1.432862
14,103,1786608125.03008,0,1,47.542924,13.162029,34.038102,13.445031,-4.032813,-0.078063,4.033568,1.351772,-0.021222,1.351939,-3.122238,13.507787,2.30943
14,104,1786608125.07008,0,1,47.381261,13.160908,34.092172,13.444155,-4.041559,-0.028032,4.041656,1.351761,-0.021893,1.351939,-3.134657,13.292107,1.618421
14,105,1786608125.11016,0,1,47.219329,13.157385,34.146242,13.443251,-4.048318,-0.088072,4.049276,1.35175,-0.022597,1.351939,-3.119841,13.076212,2.498964
14,106,1786608125.15008,0,1,47.057078,13.155871,34.200312,13.442318,-4.056272,-0.037852,4.056449,1.351737,-0.02333,1.351939,-3.132261,12.859957,1.810978
14,107,1786608125.19012,0,1,46.894598,13.151945,34.254381,13.441354,-4.061992,-0.098148,4.063178,1.351724,-0.02409,1.351939,-3.117435,12.64353,2.695749
14,108,1786608125.23015,0,1,46.73183,13.150035,34.308449,13.440359,-4.069205,-0.047758,4.069485,1.35171,-0.024875,1.351939,-3.129857,12.426773,2.011127
14,109,1786608125.27018,0,1,46.568873,13.145704,34.362517,13.439332,-4.073933,-0.108275,4.075371,1.351695,-0.025681,1.351939,-3.115021,12.209887,2.900431
14,110,1786608125.31014,0,1,46.405655,13.143395,34.416584,13.438272,-4.08045,-0.057735,4.080858,1.351679,-0.026508,1.351939,-3.127445,11.992696,2.219563
14,111,1786608125.3502,0,1,46.242352,13.138659,34.470651,13.437178,-4.082557,-0.118393,4.084273,1.351662,-0.027354,1.351939,-3.112601,11.775486,3.113748
14,112,1786608125.39016,0,1,46.078891,13.13595,34.524716,13.436049,-4.086547,-0.06771,4.087108,1.351644,-0.028215,1.351939,-3.125025,11.558071,2.437062
14,113,1786608125.43027,0,1,45.915399,13.130813,34.578781,13.434885,-4.087288,-0.128445,4.089306,1.351626,-0.029092,1.351939,-3.110177,11.340695,3.336388
14,114,1786608125.47019,0,1,45.751794,13.127705,34.632846,13.433686,-4.090135,-0.077683,4.090873,1.351606,-0.029983,1.351939,-3.122602,11.123157,2.664394
14,115,1786608125.51025,0,1,45.588218,13.122168,34.686909,13.432451,-4.089382,-0.138441,4.091724,1.351586,-0.030886,1.351939,-3.107752,10.905724,3.569308
14,116,1786608125.55022,0,1,45.424581,13.118663,34.740972,13.431179,-4.090924,-0.087625,4.091862,1.351565,-0.0318,1.351939,-3.120177,10.68818,2.902581
14,117,1786608125.59018,0,1,45.261043,13.112729,34.795033,13.42987,-4.088472,-0.148342,4.091162,1.351543,-0.032723,1.351939,-3.105326,10.470813,3.813598
14,118,1786608125.63029,0,1,45.097504,13.108829,34.849094,13.428524,-4.08846,-0.097497,4.089623,1.35152,-0.033656,1.351939,-3.11775,10.253395,3.152797
14,119,1786608125.67019,0,1,44.934144,13.102505,34.903154,13.42714,-4.083993,-0.158096,4.087052,1.351496,-0.034596,1.351939,-3.102901,10.036242,4.070502
14,120,1786608125.71017,0,1,44.770863,13.098215,34.957213,13.425718,-4.082041,-0.107249,4.08345,1.351471,-0.035544,1.351939,-3.115325,9.819113,3.416384
14,121,1786608125.75024,0,1,44.60786,13.09151,35.011271,13.424258,-4.075059,-0.167631,4.078505,1.351446,-0.036497,1.351939,-3.10048,9.602357,4.341433
14,122,1786608125.79025,0,1,44.445257,13.081868,35.065327,13.42276,-4.065089,-0.241051,4.072229,1.35142,-0.037456,1.351939,-3.082364,9.386122,5.474913
14,123,1786608125.83025,0,1,44.282878,13.073733,35.119383,13.421233,-4.059467,-0.203365,4.064558,1.3514,-0.038173,1.351939,-3.091538,9.170081,5.03966
14,124,1786608125.8702,0,1,44.121046,13.062688,35.173439,13.419686,-4.045815,-0.276149,4.055229,1.351386,-0.038669,1.351939,-3.073443,8.954726,6.189512
14,125,1786608125.9102,0,1,43.959545,13.053154,35.227494,13.418128,-4.037524,-0.238345,4.044553,1.351377,-0.038962,1.351939,-3.082629,8.739675,5.77179
14,126,1786608125.9502,0,1,43.798782,13.040746,35.281549,13.416565,-4.019076,-0.3102,4.031029,1.351374,-0.039067,1.351939,-3.064564,8.52552,6.939956
14,127,1786608125.99015,0,1,43.638939,13.024978,35.335604,13.415005,-3.996064,-0.394184,4.015458,1.351376,-0.039001,1.351939,-3.043268,8.31249,8.322936
14,128,1786608126.03021,0,1,43.480214,13.005382,35.389659,13.413454,-3.968126,-0.489913,3.998255,1.351383,-0.038777,1.351939,-3.018752,8.100839,9.925673
14,129,1786608126.07024,0,1,43.322797,12.9815,35.443715,13.411918,-3.935413,-0.597048,3.980445,1.351393,-0.038408,1.351939,-2.991029,7.89083,11.753498
14,130,1786608126.11026,0,1,43.166858,12.952884,35.497771,13.410401,-3.898494,-0.715394,3.96359,1.351407,-0.037905,1.351939,-2.960107,7.682721,13.812451
14,131,1786608126.15027,0,1,43.012544,12.919087,35.551828,13.40891,-3.857846,-0.844918,3.949286,1.351425,-0.03728,1.351939,-2.925984,7.476778,16.109737
14,132,1786608126.19018,0,1,42.858873,12.884398,35.605886,13.407448,-3.841768,-0.867246,3.938438,1.351445,-0.036542,1.351939,-2.919573,7.271823,16.845569
14,133,1786608126.23019,0,1,42.706913,12.844622,35.659945,13.40602,-3.799014,-0.994379,3.926996,1.351467,-0.0357,1.351939,-2.885589,7.069294,19.222776
14,134,1786608126.27017,0,1,42.555499,12.803968,35.714004,13.40463,-3.78535,-1.016353,3.919419,1.351492,-0.034762,1.351939,-2.879283,6.867812,20.046773
14,135,1786608126.31017,0,1,42.404499,12.762913,35.768065,13.40328,-3.774979,-1.026385,3.912024,1.351518,-0.033737,1.351939,-2.876118,6.667258,20.722113
14,136,1786608126.35017,0,1,42.255137,12.717351,35.822127,13.401975,-3.734067,-1.139039,3.90393,1.351545,-0.032631,1.351939,-2.845519,6.469337,23.038545
14,137,1786608126.3902,0,1,42.106074,12.671375,35.87619,13.400717,-3.726572,-1.149407,3.899805,1.351573,-0.03145,1.351939,-2.842415,6.272431,23.818932
14,138,1786608126.43018,0,1,41.957157,12.625444,35.930254,13.399509,-3.72293,-1.148273,3.89599,1.351601,-0.030201,1.351939,-2.842418,6.076408,24.460182
14,139,1786608126.47019,0,1,41.809726,12.575521,35.984319,13.398354,-3.685775,-1.248068,3.89135,1.35163,-0.028888,1.351939,-2.815094,5.883232,26.746778
14,140,1786608126.51018,0,1,41.662333,12.525616,36.03838,13.397253,-3.684821,-1.247626,3.890306,1.35152,-0.027514,1.3518,-2.815123,5.691098,27.515318
14,141,1786608126.55014,0,1,41.514807,12.476178,36.092431,13.39621,-3.688155,-1.235955,3.889739,1.351267,-0.026084,1.351519,-2.81824,5.499875,28.156602
14,142,1786608126.59018,0,1,41.366987,12.42766,36.146466,13.395226,-3.695502,-1.212958,3.889473,1.350884,-0.024603,1.351108,-2.824446,5.309427,28.671151
14,143,1786608126.63029,0,1,41.218674,12.380503,36.200481,13.394303,-3.707816,-1.178913,3.890724,1.35038,-0.023074,1.350578,-2.833747,5.119575,29.059677
14,144,1786608126.67026,0,1,41.069683,12.335158,36.254472,13.393443,-3.724765,-1.133626,3.893454,1.349766,-0.021503,1.349938,-2.846151,4.930135,29.322897
14,145,1786608126.71023,0,1,40.919846,12.292085,36.308434,13.392647,-3.745937,-1.076837,3.897643,1.349051,-0.019892,1.349197,-2.861672,4.740924,29.461391
14,146,1786608126.75026,0,1,40.769013,12.251756,36.362363,13.391917,-3.770823,-1.008219,3.903282,1.348242,-0.018245,1.348365,-2.88033,4.551761,29.475623
14,147,1786608126.79018,0,1,40.617959,12.211156,36.416257,13.391255,-3.776336,-1.015004,3.910364,1.347346,-0.016565,1.347448,-2.879018,4.364279,30.732448
14,148,1786608126.83015,0,1,40.465811,12.173535,36.47012,13.390654,-3.80371,-0.940512,3.918262,1.346577,-0.015017,1.34666,-2.899193,4.176951,30.829634
14,149,1786608126.87016,0,1,40.313585,12.134764,36.523957,13.39011,-3.805662,-0.969294,3.927161,1.345923,-0.013592,1.345991,-2.892197,3.992138,32.617194
14,150,1786608126.91019,0,1,40.16116,12.095295,36.577772,13.389619,-3.810605,-0.986715,3.936282,1.345375,-0.012278,1.345431,-2.888218,3.80998,34.37705
14,151,1786608126.95021,0,1,40.00785,12.057805,36.631569,13.389176,-3.832762,-0.93726,3.945697,1.344925,-0.011069,1.344971,-2.90176,3.6293,35.262235
14,152,1786608126.99021,0,1,39.854524,12.01871,36.685352,13.388778,-3.833153,-0.977358,3.955792,1.344566,-0.009955,1.344603,-2.891937,3.452642,37.683563
14,153,1786608127.03025,0,1,39.700322,11.981446,36.739124,13.388421,-3.855048,-0.931599,3.966014,1.344289,-0.008929,1.344319,-2.904482,3.278456,38.99958
14,154,1786608127.07016,0,1,39.546112,11.94241,36.792887,13.388102,-3.855255,-0.9759,3.976854,1.344088,-0.007984,1.344112,-2.893666,3.109706,41.908694
14,155,1786608127.11016,0,1,39.390856,11.905805,36.846645,13.387817,-3.881391,-0.915144,3.987817,1.343958,-0.007115,1.343977,-2.910044,2.944379,43.487713
14,156,1786608127.15017,0,1,39.235553,11.867411,36.900401,13.387564,-3.882584,-0.959842,3.999469,1.343892,-0.006314,1.343907,-2.899235,2.78636,46.949691
14,157,1786608127.19018,0,1,39.07918,11.831464,36.954156,13.387341,-3.909315,-0.898674,4.011279,1.343885,-0.005577,1.343897,-2.915638,2.63372,49.156686
14,158,1786608127.23014,0,1,38.922718,11.793713,37.007914,13.387145,-3.91154,-0.943785,4.023789,1.343933,-0.004899,1.343942,-2.904836,2.491085,53.3312
14,159,1786608127.27021,0,1,38.765251,11.758446,37.061675,13.386974,-3.936692,-0.881671,4.034215,1.344031,-0.004276,1.344038,-2.921266,2.356751,56.333568
14,160,1786608127.31036,0,1,38.606728,11.726206,37.115442,13.386826,-3.963068,-0.805992,4.044197,1.344176,-0.003702,1.344181,-2.940953,2.231948,59.571007
14,161,1786608127.35026,0,1,38.447123,11.697548,37.169217,13.386699,-3.990132,-0.716453,4.053944,1.344363,-0.003174,1.344366,-2.96393,2.118083,63.070474
14,162,1786608127.39025,0,1,38.286439,11.673039,37.223,13.386592,-4.017087,-0.612731,4.063549,1.344589,-0.002689,1.344591,-2.990228,2.016722,66.848611
14,163,1786608127.43024,0,1,38.124722,11.653259,37.276794,13.386502,-4.042926,-0.494499,4.073055,1.344851,-0.002243,1.344852,-3.019885,1.929537,70.904771
14,164,1786608127.47024,0,1,37.962065,11.638801,37.3306,13.386429,-4.066433,-0.361453,4.082465,1.345146,-0.001833,1.345147,-3.052939,1.858212,75.213348
14,165,1786608127.51006,0,1,37.798962,11.625196,37.384419,13.38637,-4.077568,-0.340123,4.091729,1.345471,-0.001457,1.345472,-3.058372,1.809304,81.523068
14,166,1786608127.55019,0,1,37.635225,11.615823,37.438252,13.386326,-4.093434,-0.234308,4.100134,1.345825,-0.001111,1.345825,-3.084415,1.781426,86.927832
14,167,1786608127.59021,0,1,37.471135,11.607093,37.4921,13.386294,-4.102238,-0.21827,4.108041,1.346204,-0.000794,1.346204,-3.088435,1.779325,93.720792
14,168,1786608127.63017,0,1,37.30662,11.60179,37.545964,13.386274,-4.112883,-0.13256,4.115019,1.346607,-0.000503,1.346607,-3.109373,1.800463,99.485241
14,169,1786608127.67016,0,1,37.141844,11.596779,37.599846,13.386265,-4.119398,-0.125286,4.121303,1.347032,-0.000236,1.347032,-3.111188,1.847167,106.098159
14,170,1786608127.71015,0,1,36.976796,11.594372,37.653745,13.386265,-4.126212,-0.060174,4.126651,1.347477,9E-06,1.347477,-3.12701,1.9155,111.531285
14,171,1786608127.75009,0,1,36.811566,11.591793,37.707662,13.386274,-4.130731,-0.064464,4.131234,1.347941,0.000233,1.347941,-3.125988,2.005779,117.429894
14,172,1786608127.79022,0,1,36.646173,11.590716,37.761599,13.386292,-4.134835,-0.026922,4.134923,1.348421,0.000438,1.348421,-3.135082,2.113827,122.221943
14,173,1786608127.83005,0,1,36.48067,11.58886,37.815551,13.386315,-4.13758,-0.046408,4.13784,1.348802,0.000588,1.348803,-3.130377,2.238918,127.242068
14,174,1786608127.87004,0,1,36.315209,11.59076,37.869515,13.386343,-4.136513,0.047495,4.136785,1.349093,0.000689,1.349093,3.130111,2.374865,130.222527
14,175,1786608127.91005,0,1,36.149889,11.596968,37.923487,13.386373,-4.132999,0.155206,4.135913,1.349299,0.000742,1.349299,3.104057,2.519448,132.595206
14,176,1786608127.95005,0,1,35.984588,11.602941,37.977464,13.386403,-4.132538,0.149317,4.135235,1.349428,0.000754,1.349429,3.105476,2.674377,136.104736
14,177,1786608127.99004,0,1,35.819521,11.613215,38.031443,13.386432,-4.126656,0.256864,4.134643,1.349487,0.000725,1.349487,3.079428,2.834942,137.720344
14,178,1786608128.03004,0,1,35.654457,11.623254,38.085423,13.386458,-4.126609,0.25097,4.134234,1.34948,0.000661,1.34948,3.08085,3.003079,140.565935
14,179,1786608128.07011,0,1,35.48936,11.632515,38.139399,13.386481,-4.127416,0.23153,4.133904,1.349413,0.000564,1.349413,3.085556,3.177908,143.290182
14,180,1786608128.11011,0,1,35.324205,11.640456,38.193371,13.386498,-4.128887,0.198515,4.133656,1.349291,0.000436,1.349291,3.09355,3.358687,145.924594
14,181,1786608128.15012,0,1,35.159241,11.65159,38.247336,13.386509,-4.124111,0.278345,4.133494,1.349118,0.00028,1.349118,3.074203,3.542072,146.811166
14,182,1786608128.19011,0,1,34.994194,11.661404,38.301291,13.386513,-4.126176,0.245364,4.133464,1.348898,9.8E-05,1.348898,3.082197,3.73,149.048625
14,183,1786608128.23011,0,1,34.829365,11.67441,38.355237,13.386509,-4.120711,0.325147,4.133519,1.348635,-0.000108,1.348635,3.06285,3.919573,149.588027
14,184,1786608128.27005,0,1,34.664431,11.686098,38.40917,13.386496,-4.123363,0.292207,4.133704,1.348333,-0.000335,1.348333,3.070845,4.112715,151.524779
14,185,1786608128.31005,0,1,34.499364,11.695925,38.46309,13.386472,-4.126667,0.245654,4.133972,1.347994,-0.000583,1.347994,3.082134,4.309185,153.494814
14,186,1786608128.35012,0,1,34.334462,11.708396,38.516995,13.386438,-4.122559,0.311775,4.134331,1.347622,-0.000848,1.347622,3.06611,4.506596,153.814367
14,187,1786608128.3901,0,1,34.169813,11.724056,38.570884,13.386393,-4.116222,0.391522,4.1348,1.347219,-0.001131,1.347219,3.046761,4.70455,153.874405
14,188,1786608128.43005,0,1,34.00502,11.738403,38.624755,13.386336,-4.119814,0.358659,4.135397,1.346787,-0.001429,1.346788,3.054754,4.904858,155.392409
14,189,1786608128.47011,0,1,33.840049,11.75089,38.678608,13.386266,-4.124274,0.312179,4.136072,1.34633,-0.001741,1.346331,3.066044,5.107456,156.99671
14,190,1786608128.5101,0,1,33.675269,11.766022,38.732442,13.386184,-4.119503,0.378304,4.136837,1.345848,-0.002066,1.34585,3.050017,5.31036,156.989254
14,191,1786608128.55012,0,1,33.510757,11.784158,38.786256,13.386087,-4.11279,0.4534,4.137707,1.345345,-0.002403,1.345347,3.031795,5.513353,156.81788
14,192,1786608128.59004,0,1,33.346063,11.800943,38.840049,13.385977,-4.117371,0.419623,4.138699,1.344821,-0.002751,1.344824,3.040028,5.718061,158.087734
14,193,1786608128.63005,0,1,33.181143,11.815832,38.89382,13.385853,-4.123,0.37221,4.139766,1.344278,-0.003109,1.344282,3.05156,5.924496,159.47426
14,194,1786608128.67,0,1,33.016432,11.833326,38.947569,13.385714,-4.117758,0.437367,4.14092,1.343719,-0.003475,1.343723,3.035775,6.130929,159.269765
14,195,1786608128.70999,0,1,32.852037,11.853972,39.001294,13.38556,-4.109891,0.516147,4.142175,1.343143,-0.00385,1.343149,3.01666,6.337123,158.85588
14,196,1786608128.74999,0,1,32.687422,11.873271,39.054997,13.385391,-4.115364,0.482469,4.143548,1.342553,-0.004233,1.34256,3.024889,6.544655,159.954705
14,197,1786608128.79013,0,1,32.522538,11.890676,39.108675,13.385206,-4.122091,0.435132,4.144994,1.341949,-0.004622,1.341957,3.036421,6.753577,161.189033
14,198,1786608128.83011,0,1,32.35789,11.91069,39.162334,13.385008,-4.116223,0.500349,4.146521,1.34148,-0.004952,1.341489,3.020631,6.962332,160.8441
14,199,1786608128.8701,0,1,32.192955,11.928811,39.215979,13.384799,-4.123358,0.453031,4.148171,1.341134,-0.005228,1.341144,3.032162,7.172361,162.017659
14,200,1786608128.91005,0,1,32.028258,11.949544,39.269615,13.384581,-4.117428,0.518312,4.149923,1.340901,-0.005454,1.340912,3.016369,7.38218,161.615999
14,201,1786608128.9501,0,1,31.863259,11.968384,39.323246,13.384355,-4.124986,0.471013,4.15179,1.340773,-0.005633,1.340785,3.0279,7.59318,162.738487
14,202,1786608128.9901,0,1,31.6985,11.989839,39.376876,13.384124,-4.118978,0.536365,4.153753,1.34074,-0.00577,1.340753,3.012103,7.803941,162.288838
14,203,1786608129.0301,0,1,31.533422,12.009402,39.430507,13.38389,-4.126947,0.489081,4.155826,1.340796,-0.005868,1.340809,3.023634,8.015808,163.368031
14,204,1786608129.07011,0,1,31.368588,12.031583,39.484145,13.383653,-4.120847,0.554512,4.157987,1.340934,-0.005929,1.340947,3.007834,8.227415,162.877439
14,205,1786608129.1101,0,1,31.203419,12.051872,39.537791,13.383414,-4.129215,0.507239,4.160253,1.341146,-0.005958,1.341159,3.019364,8.440068,163.919632
14,206,1786608129.15006,0,1,31.037874,12.069716,39.591448,13.383176,-4.13863,0.44609,4.162602,1.341427,-0.005956,1.34144,3.03422,8.653832,165.118043
14,207,1786608129.19011,0,1,30.872467,12.089635,39.645119,13.382939,-4.13517,0.497973,4.165046,1.341771,-0.005926,1.341784,3.021746,8.867471,164.746898
14,208,1786608129.2301,0,1,30.707062,12.110397,39.698805,13.382704,-4.135122,0.51905,4.167571,1.342173,-0.00587,1.342186,3.016723,9.081311,164.791785
14,209,1786608129.27011,0,1,30.541281,12.128874,39.752511,13.382472,-4.144521,0.461931,4.170184,1.342629,-0.005791,1.342642,3.030595,9.296142,165.890273
14,210,1786608129.3101,0,1,30.375657,12.149595,39.806236,13.382245,-4.140602,0.518025,4.172881,1.343134,-0.005689,1.343146,3.017131,9.510796,165.42207
14,211,1786608129.35011,0,1,30.209651,12.168028,39.859983,13.382022,-4.150149,0.460836,4.175657,1.343685,-0.005568,1.343697,3.031005,9.726391,166.493743
14,212,1786608129.39011,0,1,30.043795,12.18871,39.913755,13.381805,-4.146401,0.517033,4.178512,1.344277,-0.005428,1.344288,3.017539,9.941809,165.999666
14,213,1786608129.43011,0,1,29.877552,12.2071,39.967551,13.381594,-4.156089,0.459769,4.181442,1.344908,-0.005271,1.344918,3.031415,10.158126,167.047842
14,214,1786608129.47009,0,1,29.711452,12.227743,40.021374,13.38139,-4.152502,0.516072,4.184448,1.345574,-0.005099,1.345584,3.017947,10.374266,166.530964
14,215,1786608129.51009,0,1,29.544963,12.246129,40.075225,13.381194,-4.162223,0.459632,4.187524,1.346272,-0.004912,1.346281,3.031609,10.59126,167.54619
14,216,1786608129.55008,0,1,29.378613,12.266778,40.129105,13.381005,-4.158754,0.51624,4.190673,1.347001,-0.004713,1.347009,3.018091,10.808079,167.006628
14,217,1786608129.59012,0,1,29.211954,12.285929,40.183015,13.380825,-4.166471,0.478759,4.193887,1.347757,-0.004501,1.347764,3.027187,11.02556,167.74587
14,218,1786608129.6301,0,1,29.045553,12.307508,40.236956,13.380654,-4.160008,0.539476,4.194843,1.348538,-0.004279,1.348544,3.012631,11.242737,167.133675
14,219,1786608129.6701,0,1,28.878891,12.326955,40.29093,13.380492,-4.166573,0.486181,4.194843,1.349342,-0.004046,1.349348,3.025432,11.460567,168.06999
14,220,1786608129.71011,0,1,28.712528,12.348826,40.344937,13.38034,-4.159055,0.546779,4.194843,1.350168,-0.003804,1.350173,3.010875,11.678054,167.44294
14,221,1786608129.7501,0,1,28.5459,12.368566,40.398977,13.380198,-4.165713,0.493496,4.194843,1.351013,-0.003554,1.351018,3.023676,11.896169,168.365642
14,222,1786608129.7901,0,1,28.379576,12.390729,40.453052,13.380066,-4.158088,0.554081,4.194843,1.351877,-0.003296,1.351881,3.009119,12.113943,167.72532
14,223,1786608129.8301,0,1,28.212983,12.410761,40.50713,13.379943,-4.16484,0.500809,4.194843,1.351935,-0.003065,1.351939,3.02192,12.33229,168.635818
14,224,1786608129.8701,0,1,28.046698,12.433217,40.561207,13.379829,-4.157109,0.56138,4.194843,1.351936,-0.00286,1.351939,3.007364,12.550259,167.983562
14,225,1786608129.9101,0,1,27.88014,12.453542,40.615285,13.379722,-4.163955,0.508121,4.194843,1.351936,-0.002679,1.351939,3.020165,12.768779,168.883097
14,226,1786608129.95005,0,1,27.713275,12.471172,40.669362,13.379621,-4.171622,0.440768,4.194843,1.351936,-0.002521,1.351939,3.036325,12.987897,169.957714
14,227,1786608129.9901,0,1,27.546618,12.490671,40.72344,13.379526,-4.166422,0.487474,4.194843,1.351937,-0.002382,1.351939,3.025122,13.206767,169.467605
14,228,1786608130.03009,0,1,27.379871,12.509381,40.777514,13.379435,-4.168683,0.467742,4.194843,1.351869,-0.002263,1.35187,3.029856,13.425865,169.882354
14,229,1786608130.07013,0,1,27.213396,12.530373,40.831581,13.379349,-4.161886,0.524792,4.194843,1.351663,-0.002161,1.351665,3.01616,13.644623,169.245947
14,230,1786608130.11009,0,1,27.046649,12.549088,40.885634,13.379266,-4.168667,0.467892,4.194843,1.351331,-0.002075,1.351332,3.02982,13.863863,170.162948
14,231,1786608130.15011,0,1,26.879764,12.566527,40.939669,13.379186,-4.172126,0.435971,4.194843,1.350882,-0.002003,1.350884,3.037474,14.083372,170.726469
14,232,1786608130.19012,0,1,26.713108,12.586032,40.993683,13.379108,-4.166405,0.487618,4.194843,1.350327,-0.001945,1.350328,3.025087,14.30258,170.146049
14,233,1786608130.23003,0,1,26.546178,12.603039,41.047669,13.379032,-4.173238,0.42519,4.194843,1.349673,-0.001899,1.349674,3.040058,14.522239,171.11946
14,234,1786608130.27011,0,1,26.379472,12.622113,41.101627,13.378957,-4.167651,0.476851,4.194843,1.348928,-0.001864,1.348929,3.027671,14.741596,170.52986
14,235,1786608130.3101,0,1,26.212499,12.63869,41.155551,13.378884,-4.174323,0.414406,4.194843,1.3481,-0.00184,1.348101,3.042642,14.961373,171.494752
14,236,1786608130.3501,0,1,26.045744,12.657333,41.209438,13.378811,-4.168869,0.466081,4.194843,1.347195,-0.001825,1.347196,3.030255,15.180848,170.896758
14,237,1786608130.39013,0,1,25.878734,12.673477,41.263287,13.378738,-4.175264,0.403608,4.194727,1.346219,-0.00182,1.346221,3.045226,15.40071,171.853857
14,238,1786608130.4301,0,1,25.711952,12.691687,41.317094,13.378665,-4.169545,0.455252,4.194324,1.345179,-0.001823,1.34518,3.032838,15.620256,171.248157
14,239,1786608130.47004,0,1,25.544944,12.707396,41.370857,13.378592,-4.175206,0.392718,4.193635,1.344079,-0.001833,1.34408,3.047809,15.84014,172.19807
14,240,1786608130.51005,0,1,25.378181,12.725168,41.424574,13.378518,-4.169067,0.444304,4.192675,1.342924,-0.00185,1.342925,3.035422,16.059689,171.585273
14,241,1786608130.55002,0,1,25.21122,12.740438,41.478243,13.378443,-4.174024,0.381735,4.191443,1.341718,-0.001873,1.34172,3.050391,16.27953,172.528519
14,242,1786608130.59006,0,1,25.04452,12.757768,41.531862,13.378367,-4.167495,0.433255,4.189955,1.340466,-0.001903,1.340468,3.038004,16.499017,171.909175
14,243,1786608130.63003,0,1,24.877649,12.772595,41.585429,13.378289,-4.171774,0.370676,4.18821,1.339171,-0.001938,1.339173,3.052972,16.718755,172.846219
14,244,1786608130.67001,0,1,24.711054,12.78948,41.638942,13.37821,-4.164886,0.422121,4.186222,1.337837,-0.001977,1.337838,3.040585,16.938123,172.220827
14,245,1786608130.71003,0,1,24.544314,12.803862,41.692401,13.378129,-4.168513,0.359557,4.183991,1.336466,-0.002022,1.336468,3.05555,17.1577,173.152087
14,246,1786608130.75005,0,1,24.377862,12.820299,41.745803,13.378046,-4.161291,0.410919,4.18153,1.335063,-0.00207,1.335064,3.043164,17.376895,172.5211
14,247,1786608130.79008,0,1,24.21129,12.834234,41.799148,13.377962,-4.16429,0.348391,4.178838,1.333628,-0.002123,1.33363,3.058126,17.596261,173.446956
14,248,1786608130.83003,0,1,24.04502,12.850221,41.852446,13.377873,-4.156759,0.399663,4.175929,1.332445,-0.002222,1.332447,3.04574,17.815242,172.81079
14,249,1786608130.87009,0,1,23.878636,12.86371,41.905706,13.377778,-4.159591,0.337227,4.173238,1.331494,-0.002364,1.331496,3.060697,18.034398,173.731611
14,250,1786608130.91005,0,1,23.712531,12.879249,41.958936,13.377676,-4.152638,0.388488,4.17077,1.330756,-0.002545,1.330759,3.048312,18.253212,173.090681
14,251,1786608130.95005,0,1,23.546302,12.892296,42.012145,13.377566,-4.155727,0.326171,4.168508,1.330214,-0.002763,1.330217,3.063266,18.472218,174.006869
14,252,1786608130.99005,0,1,23.380329,12.907393,42.065339,13.377445,-4.149324,0.377428,4.166455,1.329852,-0.003015,1.329856,3.050881,18.690922,173.361544
14,253,1786608131.03013,0,1,23.214223,12.920002,42.118525,13.377313,-4.152649,0.31521,4.164595,1.329657,-0.003297,1.329661,3.065832,18.909833,174.273476
14,254,1786608131.0701,0,1,23.048352,12.934661,42.17171,13.377169,-4.146771,0.366467,4.162932,1.329614,-0.003607,1.329619,3.053447,19.128477,173.624084
14,255,1786608131.11011,0,1,22.882791,12.951918,42.224898,13.377011,-4.139026,0.431439,4.161451,1.329711,-0.003943,1.329717,3.037731,19.346778,172.79014
14,256,1786608131.15006,0,1,22.717092,12.967246,42.278096,13.376839,-4.142476,0.3832,4.160162,1.329938,-0.004302,1.329945,3.04935,19.565292,173.515339
14,257,1786608131.19013,0,1,22.551227,12.980092,42.331307,13.376652,-4.146625,0.321157,4.159043,1.330283,-0.004683,1.330292,3.064297,19.784055,174.422736
14,258,1786608131.23005,0,1,22.385571,12.994988,42.384537,13.376449,-4.14139,0.372399,4.158099,1.330738,-0.005085,1.330748,3.051913,20.002603,173.768988
14,259,1786608131.27006,0,1,22.219743,13.007405,42.437788,13.376228,-4.14571,0.310407,4.157315,1.331294,-0.005504,1.331305,3.066858,20.221409,174.672917
14,260,1786608131.3101,0,1,22.054106,13.021871,42.491066,13.375991,-4.14093,0.361668,4.156694,1.331942,-0.00594,1.331955,3.054474,20.440028,174.015772
14,261,1786608131.35011,0,1,21.888735,13.038937,42.544373,13.375735,-4.13427,0.426631,4.156224,1.332675,-0.006391,1.33269,3.038763,20.658384,173.174138
14,262,1786608131.3901,0,1,21.723189,13.054078,42.597712,13.375461,-4.138642,0.378536,4.155917,1.333487,-0.006855,1.333504,3.050383,20.876997,173.891995
14,263,1786608131.4301,0,1,21.557909,13.071817,42.651087,13.375168,-4.132015,0.443488,4.155746,1.33437,-0.007333,1.33439,3.034672,21.09536,173.049975
14,264,1786608131.47011,0,1,21.392434,13.087635,42.7045,13.374855,-4.136873,0.395444,4.15573,1.33532,-0.007822,1.335343,3.046292,21.314002,173.767559
14,265,1786608131.51009,0,1,21.226736,13.100979,42.757953,13.374522,-4.142432,0.333592,4.155842,1.336331,-0.008321,1.336357,3.061236,21.532954,174.668002
14,266,1786608131.55009,0,1,21.061207,13.116374,42.811449,13.374169,-4.138228,0.384887,4.156088,1.337398,-0.00883,1.337427,3.048852,21.75177,174.00727
14,267,1786608131.59012,0,1,20.895926,13.13437,42.86499,13.373795,-4.132036,0.44989,4.156456,1.338517,-0.009347,1.33855,3.033141,21.970369,173.161792
14,268,1786608131.6301,0,1,20.730426,13.150446,42.918577,13.3734,-4.137485,0.401896,4.156958,1.339683,-0.009873,1.33972,3.044761,22.189271,173.876245
14,269,1786608131.6701,0,1,20.565176,13.169123,42.972213,13.372984,-4.131267,0.466918,4.157569,1.340893,-0.010405,1.340934,3.02905,22.407965,173.030498
14,270,1786608131.7101,0,1,20.39969,13.185881,43.025899,13.372546,-4.137147,0.418958,4.158306,1.342143,-0.010943,1.342188,3.040669,22.626979,173.744844
14,271,1786608131.75009,0,1,20.234455,13.205241,43.079636,13.372086,-4.130885,0.484006,4.159143,1.343431,-0.011487,1.34348,3.024957,22.845791,172.898824
14,272,1786608131.79012,0,1,20.068967,13.222684,43.133426,13.371605,-4.13718,0.436075,4.160098,1.344752,-0.012036,1.344806,3.036576,23.064939,173.613073
14,273,1786608131.8301,0,1,19.903438,13.240128,43.187268,13.371105,-4.138228,0.436099,4.161143,1.346038,-0.012508,1.346097,3.036597,23.284198,173.661904
14,274,1786608131.87011,0,1,19.738154,13.260162,43.241159,13.370588,-4.1321,0.500856,4.162344,1.347293,-0.012908,1.347355,3.02097,23.503264,172.819642
14,275,1786608131.91004,0,1,19.572593,13.278266,43.2951,13.370059,-4.139037,0.452598,4.163709,1.348519,-0.013242,1.348584,3.032677,23.722685,173.537883
14,276,1786608131.95003,0,1,19.407275,13.298963,43.349089,13.369518,-4.132948,0.517417,4.165211,1.349717,-0.013516,1.349785,3.017048,23.941918,172.695243
14,277,1786608131.99004,0,1,19.242314,13.322802,43.403124,13.368969,-4.124023,0.595987,4.166866,1.35089,-0.013734,1.35096,2.99807,24.160855,171.667296
14,278,1786608132.03002,0,1,19.077086,13.345268,43.457199,13.368413,-4.130689,0.561639,4.168696,1.351867,-0.013898,1.351939,3.006454,24.380124,172.202734
14,279,1786608132.07002,0,1,18.912238,13.370878,43.511274,13.367853,-4.121213,0.640246,4.170649,1.351866,-0.014005,1.351939,2.987471,24.599036,171.176525
14,280,1786608132.11002,0,1,18.747096,13.395118,43.565348,13.36729,-4.128534,0.605994,4.172771,1.351866,-0.014069,1.351939,2.995851,24.818267,171.713884
14,281,1786608132.15004,0,1,18.582357,13.422503,43.619423,13.366726,-4.11849,0.684648,4.175009,1.351865,-0.014093,1.351939,2.976862,25.037128,170.689245
14,282,1786608132.19003,0,1,18.417299,13.448523,43.673497,13.366163,-4.126454,0.650499,4.177412,1.351865,-0.014079,1.351939,2.985238,25.256333,171.228388
14,283,1786608132.23003,0,1,18.252666,13.477692,43.727572,13.365602,-4.115823,0.729208,4.179921,1.351866,-0.014032,1.351939,2.966241,25.475153,170.205165
14,284,1786608132.27007,0,1,18.087689,13.505498,43.781647,13.365043,-4.124412,0.695167,4.182587,1.351867,-0.013954,1.351939,2.974613,25.694341,170.745965
14,285,1786608132.31008,0,1,17.922351,13.53138,43.835722,13.36449,-4.133462,0.64703,4.183797,1.351868,-0.013847,1.351939,2.986318,25.913908,171.472424
14,286,1786608132.35005,0,1,17.756585,13.554777,43.889796,13.363941,-4.144146,0.584943,4.185225,1.351869,-0.013714,1.351939,3.00137,26.133908,172.384213
14,287,1786608132.39006,0,1,17.590348,13.575127,43.943871,13.363399,-4.155926,0.508752,4.18695,1.351871,-0.013556,1.351939,3.019783,26.354374,173.481112
14,288,1786608132.43003,0,1,17.423624,13.591859,43.997946,13.362864,-4.168106,0.418282,4.189041,1.351873,-0.013377,1.351939,3.041575,26.575309,174.763101
14,289,1786608132.47005,0,1,17.256431,13.604392,44.052021,13.362337,-4.179826,0.313343,4.191554,1.351875,-0.013177,1.351939,3.066767,26.796684,176.230377
14,290,1786608132.51004,0,1,17.088829,13.612142,44.106096,13.361818,-4.19005,0.193749,4.194527,1.351877,-0.012959,1.351939,3.095385,27.018427,177.883366
14,291,1786608132.55004,0,1,16.921052,13.614514,44.160171,13.361309,-4.194424,0.05929,4.194843,1.351879,-0.012724,1.351939,3.127458,27.240296,179.722732
14,292,1786608132.59002,0,1,16.753296,13.610922,44.214246,13.36081,-4.193881,-0.089796,4.194843,1.351881,-0.012474,1.351939,-3.120185,27.462089,178.251589
14,293,1786608132.63,0,1,16.585597,13.605306,44.268322,13.360322,-4.192492,-0.140409,4.194843,1.351884,-0.012209,1.351939,-3.108114,27.683809,177.574806
14,294,1786608132.66999,0,1,16.417929,13.598799,44.322397,13.359845,-4.191688,-0.16266,4.194843,1.351886,-0.011932,1.351939,-3.102807,27.905491,177.287095
14,295,1786608132.71,0,1,16.250275,13.591961,44.376473,13.359379,-4.191357,-0.170959,4.194843,1.351889,-0.011642,1.351939,-3.100827,28.127159,177.190512
14,296,1786608132.75,0,1,16.082612,13.585349,44.430548,13.358925,-4.191584,-0.165305,4.194843,1.351891,-0.011342,1.351939,-3.102176,28.348841,177.28395
14,297,1786608132.79,0,1,15.914919,13.579521,44.484624,13.358484,-4.192312,-0.145685,4.194843,1.351894,-0.011033,1.351939,-3.106856,28.57056,177.566468
14,298,1786608132.83,0,1,15.747185,13.575039,44.5387,13.358045,-4.193345,-0.112071,4.194843,1.351894,-0.010966,1.351939,-3.114873,28.792332,178.037272
14,299,1786608132.87,0,1,15.579444,13.570832,44.592776,13.3576,-4.193524,-0.105176,4.194843,1.351893,-0.011123,1.351939,-3.116517,29.014115,178.142213
14,300,1786608132.91004,0,1,15.411781,13.564213,44.646851,13.357141,-4.191578,-0.165463,4.194843,1.35189,-0.011485,1.351939,-3.102138,29.235803,177.333604
15,0,1786608136.75084,0,1,59.48,13.100032,29.003536,13.399997,-0.499999,0.000796,0.5,0.0884,-8.1E-05,0.0884,3.14,30.47794,0.472664
15,0,1786608136.79087,0,1,59.48,13.100032,29.010208,13.399994,-0.499999,0.000796,0.5,0.1668,-7E-05,0.1668,3.14,30.471268,0.472782
15,1,1786608136.83083,0,1,59.457175,13.100236,29.020016,13.399996,-0.570616,0.005115,0.570639,0.2452,3.9E-05,0.2452,3.132628,30.438635,0.050639
15,2,1786608136.87082,0,1,59.431524,13.100339,29.03296,13.400006,-0.641274,0.002555,0.641279,0.3236,0.00025,0.3236,3.137609,30.400041,0.336549
15,3,1786608136.91074,0,1,59.403048,13.100387,29.04904,13.400028,-0.711918,0.001221,0.711919,0.401999,0.000569,0.401999,3.139878,30.355487,0.467337
15,4,1786608136.95075,0,1,59.371745,13.100373,29.068256,13.400068,-0.782558,-0.000362,0.782558,0.480398,0.001,0.480399,-3.14113,30.304971,0.593126
15,5,1786608136.99077,0,1,59.337618,13.100294,29.090608,13.40013,-0.853195,-0.001964,0.853198,0.558796,0.001552,0.558798,-3.139291,30.248496,0.699846
15,6,1786608137.03076,0,1,59.300664,13.100148,29.116095,13.40022,-0.923829,-0.003656,0.923836,0.637193,0.002232,0.637197,-3.137635,30.186061,0.796334
15,7,1786608137.07078,0,1,59.260886,13.09993,29.144719,13.400342,-0.994458,-0.005453,0.994473,0.715589,0.003047,0.715595,-3.136109,30.117665,0.885684
15,8,1786608137.1108,0,1,59.218283,13.099635,29.176478,13.400502,-1.065082,-0.007377,1.065108,0.793983,0.004008,0.793993,-3.134667,30.043311,0.970632
15,9,1786608137.15081,0,1,59.172855,13.099257,29.211373,13.400707,-1.135702,-0.009448,1.135741,0.872375,0.005126,0.87239,-3.133274,29.962998,1.053097
15,10,1786608137.19078,0,1,59.124602,13.09879,29.249404,13.400963,-1.206315,-0.011686,1.206372,0.950764,0.006412,0.950786,-3.131906,29.876726,1.134532
15,11,1786608137.2308,0,1,59.073525,13.098225,29.290391,13.401275,-1.276922,-0.014109,1.277,1.024688,0.0078,1.024718,-3.130544,29.784676,1.216034
15,12,1786608137.27076,0,1,59.019624,13.097556,29.334091,13.401645,-1.347522,-0.016735,1.347625,1.092484,0.009246,1.092523,-3.129174,29.687091,1.298444
15,13,1786608137.31078,0,1,58.9629,13.096773,29.380276,13.402075,-1.418112,-0.019582,1.418248,1.154642,0.010746,1.154692,-3.127785,29.584199,1.382416
15,14,1786608137.35078,0,1,58.903352,13.095866,29.428741,13.402567,-1.488694,-0.022666,1.488866,1.211613,0.012295,1.211676,-3.126368,29.476207,1.468467
15,15,1786608137.39076,0,1,58.840982,13.094826,29.479293,13.403122,-1.559265,-0.026004,1.559481,1.263813,0.013889,1.263889,-3.124917,29.363307,1.557005
15,16,1786608137.43078,0,1,58.775789,13.093641,29.531758,13.403743,-1.629824,-0.02961,1.630093,1.311623,0.015524,1.311714,-3.123427,29.245674,1.648354
15,17,1786608137.47084,0,1,58.707774,13.092301,29.585974,13.404431,-1.70037,-0.033501,1.7007,1.355393,0.017196,1.355503,-3.121893,29.123472,1.742774
15,18,1786608137.5108,0,1,58.636938,13.090794,29.641792,13.405187,-1.770901,-0.03769,1.771302,1.395449,0.018903,1.395577,-3.120313,28.99685,1.840473
15,19,1786608137.55076,0,1,58.563281,13.089106,29.699075,13.406013,-1.841417,-0.042192,1.8419,1.432085,0.02064,1.432234,-3.118684,28.865945,1.941618
15,20,1786608137.59078,0,1,58.486804,13.087225,29.757698,13.406909,-1.911916,-0.04702,1.912494,1.465577,0.022405,1.465748,-3.117004,28.730885,2.04634
15,21,1786608137.63077,0,1,58.407509,13.085138,29.817545,13.407877,-1.982396,-0.052187,1.983083,1.496175,0.024195,1.496371,-3.115273,28.591785,2.154744
15,22,1786608137.67079,0,1,58.325423,13.08283,29.87851,13.408917,-2.052135,-0.057685,2.052945,1.524112,0.026008,1.524334,-3.11349,28.448782,2.26691
15,23,1786608137.71081,0,1,58.240621,13.080291,29.940516,13.410016,-2.120062,-0.063493,2.121012,1.550152,0.027477,1.550396,-3.111653,28.302025,2.382953
15,24,1786608137.75076,0,1,58.153167,13.077854,30.003494,13.411161,-2.18635,-0.060911,2.187199,1.574449,0.028629,1.574709,-3.11374,28.151646,2.274217
15,25,1786608137.79078,0,1,58.063137,13.075457,30.06738,13.412341,-2.250753,-0.059925,2.251551,1.59714,0.029488,1.597412,-3.114974,27.997784,2.214541
15,26,1786608137.8308,0,1,57.970601,13.073144,30.132114,13.413544,-2.313394,-0.057834,2.314117,1.618355,0.030079,1.618635,-3.116598,27.840568,2.132641
15,27,1786608137.87079,0,1,57.875629,13.070931,30.197642,13.414761,-2.374299,-0.055319,2.374944,1.638212,0.030422,1.638495,-3.118298,27.680122,2.046412
15,28,1786608137.91079,0,1,57.778288,13.068845,30.263915,13.415982,-2.43352,-0.052142,2.434078,1.65682,0.030537,1.657101,-3.120169,27.516563,1.950297
15,29,1786608137.95078,0,1,57.678644,13.066912,30.330886,13.4172,-2.491097,-0.048332,2.491566,1.674278,0.030442,1.674554,-3.122193,27.350001,1.845359
15,30,1786608137.99076,0,1,57.576761,13.065158,30.398513,13.418406,-2.547074,-0.04385,2.547451,1.690678,0.030154,1.690947,-3.124378,27.180544,1.73096
15,31,1786608138.03077,0,1,57.472702,13.063611,30.466758,13.419594,-2.601491,-0.038682,2.601779,1.706105,0.029688,1.706363,-3.126724,27.00829,1.607096
15,32,1786608138.07086,0,1,57.366526,13.062298,30.535583,13.420756,-2.654388,-0.032815,2.654591,1.720637,0.02906,1.720882,-3.129231,26.833338,1.4737
15,33,1786608138.11085,0,1,57.258294,13.061249,30.604957,13.421887,-2.705803,-0.02624,2.705931,1.734345,0.028281,1.734575,-3.131895,26.655777,1.330827
15,34,1786608138.15079,0,1,57.148063,13.06049,30.674849,13.422982,-2.755774,-0.018955,2.755839,1.747296,0.027364,1.74751,-3.134714,26.475696,1.178584
15,35,1786608138.19085,0,1,57.03589,13.060052,30.745231,13.424035,-2.804335,-0.010961,2.804356,1.759549,0.02632,1.759746,-3.137684,26.293179,1.017138
15,36,1786608138.23079,0,1,56.921829,13.059961,30.816077,13.425041,-2.851522,-0.002264,2.851523,1.771161,0.025159,1.77134,-3.140799,26.108304,0.846703
15,37,1786608138.27084,0,1,56.805934,13.060246,30.887364,13.425997,-2.897368,0.007128,2.897377,1.782184,0.023892,1.782344,3.139133,25.92115,0.667529
15,38,1786608138.31086,0,1,56.688258,13.060934,30.959071,13.426898,-2.941905,0.017201,2.941956,1.792663,0.022526,1.792805,3.135746,25.73179,0.479901
15,39,1786608138.35075,0,1,56.568851,13.062052,31.031177,13.427741,-2.985166,0.027941,2.985297,1.802643,0.021071,1.802766,3.132233,25.540293,0.28413
15,40,1786608138.39079,0,1,56.447764,13.063625,31.103663,13.428522,-3.027181,0.039328,3.027436,1.812164,0.019532,1.812269,3.128602,25.346728,0.080544
15,41,1786608138.43079,0,1,56.325045,13.065679,31.176514,13.429239,-3.06798,0.051342,3.068409,1.821262,0.017918,1.82135,3.124859,25.151159,0.130512
15,42,1786608138.47079,0,1,56.200741,13.068237,31.249712,13.429888,-3.107591,0.06396,3.108249,1.829971,0.016235,1.830043,3.121014,24.95365,0.348681
15,43,1786608138.51087,0,1,56.074899,13.071324,31.323245,13.430468,-3.146044,0.077157,3.14699,1.838322,0.014488,1.838379,3.117072,24.75426,0.573604
15,44,1786608138.55078,0,1,55.947565,13.07496,31.397099,13.430975,-3.183365,0.090906,3.184663,1.846344,0.012683,1.846388,3.113044,24.553047,0.804918
15,45,1786608138.59078,0,1,55.818782,13.079167,31.471262,13.431408,-3.219583,0.10518,3.2213,1.854064,0.010825,1.854095,3.108936,24.350068,1.042259
15,46,1786608138.63078,0,1,55.688593,13.083965,31.545722,13.431765,-3.254723,0.119949,3.256932,1.861505,0.008918,1.861526,3.104756,24.145376,1.285272
15,47,1786608138.67075,0,1,55.55704,13.089372,31.620469,13.432043,-3.288812,0.135185,3.291589,1.868689,0.006968,1.868702,3.100511,23.939023,1.533607
15,48,1786608138.71077,0,1,55.424165,13.095407,31.695476,13.432252,-3.321875,0.150857,3.325299,1.875164,0.00521,1.875171,3.096211,23.73108,1.786902
15,49,1786608138.75076,0,1,55.289979,13.101577,31.770715,13.432397,-3.354663,0.15425,3.358207,1.880987,0.003631,1.88099,3.095644,23.52159,1.826787
15,50,1786608138.79079,0,1,55.154523,13.108112,31.846164,13.432486,-3.386391,0.163377,3.390329,1.886209,0.002216,1.88621,3.093385,23.310616,1.964793
15,51,1786608138.8308,0,1,55.017821,13.114849,31.921799,13.432524,-3.417538,0.168436,3.421686,1.890878,0.000952,1.890878,3.092347,23.098207,2.033553
15,52,1786608138.87084,0,1,54.879907,13.121848,31.9976,13.432517,-3.447858,0.17496,3.452294,1.895039,-0.000172,1.895039,3.090892,22.884416,2.127111
15,53,1786608138.91077,0,1,54.740806,13.129039,32.07355,13.43247,-3.477529,0.179798,3.482174,1.898733,-0.001167,1.898733,3.089936,22.669287,2.192788
15,54,1786608138.95085,0,1,54.600547,13.136434,32.14963,13.432388,-3.506473,0.184855,3.511343,1.901996,-0.002044,1.901997,3.088923,22.452868,2.262496
15,55,1786608138.99085,0,1,54.459156,13.143994,32.225824,13.432276,-3.534769,0.189013,3.539819,1.904864,-0.002812,1.904866,3.088171,22.235201,2.317976
15,56,1786608139.03085,0,1,54.316661,13.151715,32.302119,13.432137,-3.562395,0.193012,3.56762,1.907367,-0.003479,1.907371,3.087465,22.016328,2.371482
15,57,1786608139.07085,0,1,54.173085,13.159571,32.3785,13.431975,-3.589393,0.196419,3.594763,1.909536,-0.004053,1.90954,3.086925,21.796287,2.416136
15,58,1786608139.11085,0,1,54.028454,13.167554,32.454956,13.431793,-3.615763,0.199561,3.621266,1.911396,-0.004542,1.911402,3.086457,21.575116,2.457312
15,59,1786608139.15079,0,1,53.882793,13.175644,32.531447,13.431595,-3.641533,0.202258,3.647145,1.912268,-0.00495,1.912274,3.086108,21.35288,2.492251
15,60,1786608139.19079,0,1,53.736125,13.183831,32.607938,13.431384,-3.666709,0.204677,3.672417,1.912267,-0.005284,1.912274,3.08583,21.129637,2.523662
15,61,1786608139.23079,0,1,53.588472,13.192101,32.684428,13.431162,-3.691313,0.206739,3.697098,1.912266,-0.005552,1.912274,3.085644,20.905411,2.550397
15,62,1786608139.27081,0,1,53.439858,13.200442,32.760919,13.430931,-3.715355,0.208541,3.721203,1.912265,-0.005759,1.912274,3.085522,20.680224,2.574018
15,63,1786608139.31077,0,1,53.290304,13.208844,32.837409,13.430695,-3.738852,0.210049,3.744747,1.912265,-0.005909,1.912274,3.085471,20.454098,2.594049
15,64,1786608139.35076,0,1,53.139831,13.217298,32.9139,13.430455,-3.761815,0.211326,3.767747,1.912265,-0.006009,1.912274,3.085475,20.227054,2.611503
15,65,1786608139.39076,0,1,52.988461,13.225792,32.990391,13.430212,-3.784261,0.212358,3.790215,1.912264,-0.00606,1.912274,3.085535,19.999115,2.626195
15,66,1786608139.4308,0,1,52.836213,13.234319,33.066881,13.429969,-3.8062,0.21319,3.812166,1.912264,-0.006068,1.912274,3.08564,19.7703,2.638845
15,67,1786608139.47076,0,1,52.683107,13.242872,33.143372,13.429728,-3.827647,0.213817,3.833615,1.912265,-0.006036,1.912274,3.085789,19.540629,2.649393
15,68,1786608139.51078,0,1,52.529162,13.251443,33.219862,13.429489,-3.848614,0.214274,3.854574,1.912265,-0.005967,1.912274,3.085975,19.310121,2.658388
15,69,1786608139.55078,0,1,52.374398,13.260025,33.296353,13.429255,-3.869112,0.214558,3.875057,1.912265,-0.005865,1.912274,3.086195,19.078795,2.665817
15,70,1786608139.59077,0,1,52.218832,13.268613,33.372844,13.429025,-3.889154,0.2147,3.895076,1.912266,-0.00573,1.912274,3.086444,18.846671,2.67212
15,71,1786608139.63079,0,1,52.062482,13.277201,33.44933,13.428803,-3.908752,0.214698,3.914644,1.912157,-0.005567,1.912165,3.08672,18.613769,2.677294
15,72,1786608139.6708,0,1,51.905365,13.285784,33.525807,13.428588,-3.927917,0.214576,3.933773,1.911922,-0.005378,1.911929,3.087018,18.380113,2.681712
15,73,1786608139.71078,0,1,51.747498,13.294358,33.602273,13.428379,-3.94666,0.214334,3.952475,1.91167,-0.005213,1.911678,3.087338,18.14572,2.685361
15,74,1786608139.75078,0,1,51.588872,13.302005,33.67873,13.428176,-3.965654,0.19119,3.97026,1.911405,-0.005072,1.911411,3.093419,17.910587,2.356547
15,75,1786608139.7908,0,1,51.429566,13.309577,33.755175,13.427978,-3.982659,0.189293,3.987155,1.911125,-0.004953,1.911131,3.094099,17.674788,2.337359
15,76,1786608139.83077,0,1,51.269568,13.316011,33.831608,13.427784,-3.999952,0.160854,4.003185,1.910833,-0.004854,1.910839,3.1014,17.438318,1.93561
15,77,1786608139.87078,0,1,51.108962,13.322461,33.908029,13.427593,-4.015141,0.161255,4.018378,1.910529,-0.004773,1.910535,3.101453,17.201254,1.949673
15,78,1786608139.91076,0,1,50.947727,13.327388,33.984438,13.427405,-4.030876,0.123171,4.032757,1.910215,-0.004709,1.910221,3.111045,16.963584,1.412415
15,79,1786608139.95079,0,1,50.785962,13.332751,34.060833,13.427218,-4.04413,0.134068,4.046352,1.909891,-0.004661,1.909897,3.108454,16.725395,1.575111
15,80,1786608139.99077,0,1,50.623622,13.335708,34.137216,13.427033,-4.058506,0.07392,4.059179,1.909558,-0.004627,1.909564,3.123381,16.486659,0.72606
15,81,1786608140.03081,0,1,50.460837,13.34034,34.213584,13.426849,-4.069628,0.115813,4.071276,1.909217,-0.004606,1.909222,3.113143,16.247483,1.325003
15,82,1786608140.07077,0,1,50.297542,13.342204,34.289939,13.426665,-4.082376,0.046594,4.082642,1.908868,-0.004597,1.908874,3.13018,16.007825,0.351603
15,83,1786608140.11079,0,1,50.133829,13.344806,34.36628,13.426481,-4.092806,0.065054,4.093323,1.908512,-0.0046,1.908518,3.125699,15.767761,0.613842
15,84,1786608140.15079,0,1,49.969697,13.344411,34.442606,13.426296,-4.103311,-0.009888,4.103323,1.90815,-0.004613,1.908156,-3.139183,15.527307,0.440234
15,85,1786608140.19074,0,1,49.805193,13.345493,34.518917,13.426111,-4.1126,0.027055,4.112689,1.907782,-0.004635,1.907787,3.135014,15.286489,0.074748
15,86,1786608140.23075,0,1,49.640348,13.343555,34.595213,13.425924,-4.121121,-0.048444,4.121406,1.907408,-0.004667,1.907414,-3.129838,15.04536,0.98717
15,87,1786608140.27073,0,1,49.475168,13.343096,34.671494,13.425736,-4.129511,-0.011479,4.129527,1.907029,-0.004706,1.907035,-3.138813,14.803904,0.479108
15,88,1786608140.31073,0,1,49.309723,13.339598,34.74776,13.425546,-4.136115,-0.087445,4.137039,1.906646,-0.004753,1.906652,-3.120454,14.562216,1.54932
15,89,1786608140.35073,0,1,49.143976,13.33758,34.824011,13.425354,-4.143687,-0.050452,4.143994,1.906259,-0.004806,1.906265,-3.129418,14.320234,1.048773
15,90,1786608140.39073,0,1,48.978038,13.332508,34.900245,13.425159,-4.148438,-0.1268,4.150375,1.905867,-0.004866,1.905873,-3.111036,14.078098,2.127828
15,91,1786608140.43075,0,1,48.811827,13.328917,34.976464,13.424962,-4.155265,-0.089779,4.156235,1.905472,-0.004931,1.905479,-3.11999,13.835697,1.635484
15,92,1786608140.47079,0,1,48.645498,13.32226,35.052667,13.424762,-4.158227,-0.166429,4.161556,1.905074,-0.005002,1.90508,-3.10159,13.593218,2.724039
15,93,1786608140.51077,0,1,48.478923,13.317085,35.128854,13.424559,-4.16438,-0.129376,4.166389,1.904672,-0.005077,1.904679,-3.110535,13.350502,2.2407
15,94,1786608140.55079,0,1,48.312299,13.308834,35.205025,13.424352,-4.165614,-0.206253,4.170717,1.904268,-0.005158,1.904275,-3.09212,13.107783,3.339539
15,95,1786608140.5908,0,1,48.14547,13.301638,35.281179,13.424143,-4.17071,-0.17992,4.174589,1.903862,-0.005242,1.903869,-3.09848,12.864874,3.015755
15,96,1786608140.63085,0,1,47.978673,13.291265,35.357317,13.42393,-4.169934,-0.259307,4.177988,1.903453,-0.005329,1.90346,-3.079488,12.622053,4.160576
15,97,1786608140.67087,0,1,47.811676,13.282284,35.433439,13.423713,-4.174932,-0.224539,4.180966,1.903041,-0.005421,1.903049,-3.087862,12.379045,3.733167
15,98,1786608140.71086,0,1,47.644778,13.270123,35.509548,13.423485,-4.172435,-0.304016,4.183496,1.902732,-0.005695,1.90274,-3.068858,12.136199,4.891424
15,99,1786608140.75103,0,1,47.477672,13.259352,35.585649,13.42324,-4.177655,-0.269267,4.186323,1.902516,-0.006137,1.902526,-3.077228,11.893152,4.477405
15,100,1786608140.79091,0,1,47.310443,13.250538,35.661744,13.42297,-4.180724,-0.22036,4.186528,1.902386,-0.006733,1.902398,-3.088933,11.649975,3.865263
15,101,1786608140.83091,0,1,47.143373,13.239108,35.737838,13.422671,-4.176739,-0.285754,4.186503,1.902336,-0.007472,1.90235,-3.073284,11.407013,4.835872
15,102,1786608140.87088,0,1,46.976192,13.229635,35.813932,13.422338,-4.179532,-0.236831,4.186236,1.902358,-0.008341,1.902376,-3.084989,11.163923,4.23221
15,103,1786608140.91093,0,1,46.808917,13.22268,35.89003,13.421964,-4.181871,-0.173859,4.185484,1.902448,-0.00933,1.90247,-3.100042,10.920706,3.426271
15,104,1786608140.9509,0,1,46.641798,13.213672,35.966134,13.421547,-4.177987,-0.225197,4.184052,1.902599,-0.010429,1.902627,-3.087744,10.677688,4.200821
15,105,1786608140.99089,0,1,46.474649,13.207184,36.042246,13.421082,-4.178712,-0.162202,4.181859,1.902807,-0.011628,1.902842,-3.102796,10.434596,3.397479
15,106,1786608141.03093,0,1,46.307732,13.198648,36.118369,13.420565,-4.172945,-0.213402,4.178399,1.903067,-0.012921,1.903111,-3.090498,10.191779,4.175189
15,107,1786608141.07076,0,1,46.141162,13.187515,36.194504,13.419993,-4.16424,-0.278322,4.17353,1.903375,-0.014298,1.903429,-3.074856,9.949375,5.162647
15,108,1786608141.11092,0,1,45.974736,13.178348,36.270653,13.419363,-4.160658,-0.229196,4.166966,1.903728,-0.015752,1.903793,-3.086562,9.707075,4.575776
15,109,1786608141.15093,0,1,45.808867,13.166607,36.346818,13.418672,-4.146717,-0.293508,4.157092,1.904121,-0.017278,1.904199,-3.07093,9.465406,5.574665
15,110,1786608141.19092,0,1,45.643777,13.151771,36.423,13.417918,-4.127244,-0.370904,4.143876,1.904551,-0.018869,1.904645,-3.051966,9.224618,6.788534
15,111,1786608141.23092,0,1,45.479741,13.133336,36.4992,13.417097,-4.100911,-0.46087,4.126727,1.905016,-0.020518,1.905127,-3.02968,8.985022,8.221923
15,112,1786608141.27087,0,1,45.317089,13.110829,36.575421,13.416208,-4.066291,-0.56269,4.105039,1.905513,-0.022222,1.905643,-3.004087,8.747,9.879244
15,113,1786608141.31089,0,1,45.156354,13.083836,36.651663,13.415249,-4.018384,-0.674815,4.074651,1.906039,-0.023975,1.90619,-2.975213,8.511146,11.764429
15,114,1786608141.3509,0,1,44.997528,13.051892,36.727926,13.414218,-3.970645,-0.798605,4.050159,1.906592,-0.025774,1.906766,-2.943113,8.277535,13.880783
15,115,1786608141.39093,0,1,44.840678,13.014535,36.804213,13.413113,-3.921251,-0.933927,4.030934,1.907169,-0.027612,1.907369,-2.907778,8.046343,16.235912
15,116,1786608141.43084,0,1,44.685436,12.972978,36.880524,13.411934,-3.881053,-1.038923,4.017703,1.907769,-0.029488,1.907997,-2.880034,7.817246,18.205173
15,117,1786608141.47093,0,1,44.53153,12.927744,36.956859,13.410678,-3.847654,-1.130836,4.01039,1.90839,-0.031398,1.908648,-2.855739,7.59005,20.026244
15,118,1786608141.5109,0,1,44.378166,12.881261,37.033221,13.409345,-3.83409,-1.162097,4.006335,1.90903,-0.033337,1.909321,-2.847298,7.363905,20.974187
15,119,1786608141.55088,0,1,44.226787,12.829329,37.109608,13.407932,-3.78447,-1.298297,4.000974,1.909688,-0.035304,1.910014,-2.811115,7.14066,23.582737
15,120,1786608141.5909,0,1,44.075829,12.776121,37.186023,13.406441,-3.773957,-1.330193,4.00152,1.910362,-0.037295,1.910726,-2.802722,6.918579,24.643037
15,121,1786608141.6308,0,1,43.925111,12.722112,37.262465,13.404868,-3.767955,-1.350235,4.002577,1.911051,-0.039308,1.911455,-2.797501,6.697538,25.56596
15,122,1786608141.67094,0,1,43.774469,12.66778,37.338935,13.403215,-3.76605,-1.358281,4.003506,1.911754,-0.041341,1.912201,-2.795449,6.477419,26.351898
15,123,1786608141.71101,0,1,43.623691,12.613591,37.415406,13.401494,-3.769436,-1.354739,4.005492,1.91179,-0.043015,1.912274,-2.796567,6.258082,27.001323
15,124,1786608141.75098,0,1,43.472561,12.560006,37.491877,13.399719,-3.778263,-1.33963,4.008725,1.911759,-0.044368,1.912274,-2.800859,6.039346,27.514916
15,125,1786608141.79092,0,1,43.320868,12.507494,37.568346,13.397902,-3.792326,-1.312802,4.013127,1.911734,-0.04543,1.912274,-2.808331,5.821025,27.893235
15,126,1786608141.83089,0,1,43.168414,12.456532,37.644815,13.396053,-3.811344,-1.274038,4.018646,1.911715,-0.046221,1.912274,-2.818995,5.602932,28.136689
15,127,1786608141.87088,0,1,43.015016,12.40761,37.721283,13.394183,-3.834944,-1.223052,4.025252,1.911702,-0.046764,1.912274,-2.832867,5.384881,28.245559
15,128,1786608141.91094,0,1,42.86051,12.36123,37.797751,13.392299,-3.862651,-1.159493,4.032927,1.911694,-0.047079,1.912274,-2.84997,5.166685,28.220024
15,129,1786608141.95092,0,1,42.704755,12.317912,37.874218,13.390412,-3.893872,-1.082951,4.04166,1.911692,-0.047184,1.912274,-2.870331,4.948166,28.060179
15,130,1786608141.99084,0,1,42.548927,12.273412,37.950686,13.388528,-3.895706,-1.1125,4.051442,1.911694,-0.047095,1.912274,-2.863426,4.731522,29.569389
15,131,1786608142.0308,0,1,42.391884,12.231816,38.027154,13.386655,-3.926065,-1.039917,4.061455,1.911701,-0.046828,1.912274,-2.882664,4.514923,29.655524
15,132,1786608142.07092,0,1,42.234723,12.188986,38.103623,13.384799,-3.929047,-1.070727,4.072329,1.911711,-0.046398,1.912274,-2.875538,4.300693,31.38776
15,133,1786608142.11093,0,1,42.076507,12.148419,38.180092,13.382967,-3.955401,-1.014182,4.083352,1.911725,-0.045816,1.912274,-2.890596,4.087317,31.961457
15,134,1786608142.15085,0,1,41.918176,12.106438,38.256561,13.381163,-3.958254,-1.049539,4.095034,1.911742,-0.045097,1.912274,-2.882405,3.877157,34.045
15,135,1786608142.19097,0,1,41.758614,12.06738,38.333032,13.379393,-3.989055,-0.976434,4.106822,1.911762,-0.04425,1.912274,-2.901535,3.668241,34.711367
15,136,1786608142.231,0,1,41.598892,12.026898,38.409503,13.377661,-3.993056,-1.012056,4.119315,1.911784,-0.043286,1.912274,-2.893366,3.463634,37.175872
15,137,1786608142.27099,0,1,41.437932,11.989371,38.485975,13.375973,-4.024003,-0.938183,4.131923,1.911808,-0.042215,1.912274,-2.912538,3.261397,38.28441
15,138,1786608142.31098,0,1,41.276755,11.95045,38.562449,13.374331,-4.029412,-0.973015,4.145228,1.911834,-0.041046,1.912274,-2.90465,3.06511,41.256556
15,139,1786608142.35099,0,1,41.114333,11.914527,38.638923,13.372739,-4.060569,-0.89809,4.1587,1.91186,-0.039786,1.912274,-2.923923,2.872984,42.972992
15,140,1786608142.39092,0,1,40.951488,11.877886,38.715399,13.371202,-4.071123,-0.916003,4.172901,1.911888,-0.038443,1.912274,-2.920278,2.688882,46.416366
15,141,1786608142.43084,0,1,40.787364,11.844442,38.791875,13.369721,-4.103101,-0.836115,4.187425,1.911916,-0.037024,1.912274,-2.940569,2.511663,48.91081
15,142,1786608142.47079,0,1,40.62288,11.80971,38.868353,13.368299,-4.112085,-0.868298,4.202759,1.911944,-0.035536,1.912274,-2.933492,2.346821,53.538761
15,143,1786608142.51081,0,1,40.457108,11.778215,38.944832,13.36694,-4.14431,-0.787372,4.218443,1.911972,-0.033985,1.912274,-2.953842,2.193405,57.169564
15,144,1786608142.55079,0,1,40.290625,11.74691,39.021312,13.365645,-4.162073,-0.782622,4.235015,1.912,-0.032375,1.912274,-2.955726,2.057051,62.547974
15,145,1786608142.59079,0,1,40.122955,11.719254,39.097793,13.364416,-4.191757,-0.691393,4.248394,1.912027,-0.030713,1.912274,-2.978123,1.938431,67.437534
15,146,1786608142.6308,0,1,39.954131,11.695878,39.174275,13.363256,-4.220587,-0.584418,4.260857,1.912054,-0.029002,1.912274,-3.003999,1.840741,72.817391
15,147,1786608142.67079,0,1,39.784219,11.677421,39.250758,13.362166,-4.247799,-0.461416,4.272786,1.91208,-0.027247,1.912274,-3.033392,1.767186,78.629472
15,148,1786608142.71082,0,1,39.613331,11.664537,39.327243,13.361145,-4.272216,-0.322091,4.28434,1.912104,-0.025526,1.912274,-3.066343,1.72056,84.740108
15,149,1786608142.75093,0,1,39.441641,11.657637,39.403728,13.360192,-4.292228,-0.172517,4.295694,1.912126,-0.023838,1.912274,-3.101421,1.702977,91.025943
15,150,1786608142.79096,0,1,39.269392,11.654813,39.480213,13.359305,-4.306231,-0.070603,4.30681,1.912145,-0.02218,1.912274,-3.125199,1.71748,97.990168
15,151,1786608142.83096,0,1,39.0967,11.656089,39.5567,13.358483,-4.317312,0.0319,4.317429,1.912164,-0.020551,1.912274,3.134204,1.763447,104.697324
15,152,1786608142.87097,0,1,38.923667,11.66098,39.633187,13.357725,-4.325822,0.122282,4.32755,1.91218,-0.018949,1.912274,3.113332,1.83912,111.073799
15,153,1786608142.91091,0,1,38.750296,11.667277,39.709675,13.35703,-4.334265,0.157424,4.337123,1.912195,-0.017372,1.912274,3.105288,1.943109,117.506184
15,154,1786608142.95094,0,1,38.576765,11.677657,39.786163,13.356397,-4.338279,0.259512,4.346034,1.912209,-0.015818,1.912274,3.081845,2.069012,122.34644
15,155,1786608142.99104,0,1,38.402953,11.688954,39.862652,13.355826,-4.345299,0.28242,4.354467,1.912221,-0.014287,1.912274,3.07669,2.215667,127.490341
15,156,1786608143.03088,0,1,38.228849,11.700573,39.939141,13.355315,-4.352604,0.290467,4.362285,1.912231,-0.012777,1.912274,3.074957,2.379763,132.127848
15,157,1786608143.07085,0,1,38.054996,11.717334,40.015631,13.354863,-4.346331,0.419042,4.366485,1.912241,-0.011287,1.912274,3.045477,2.554524,134.624238
15,158,1786608143.11088,0,1,37.881002,11.734421,40.092121,13.35447,-4.349841,0.427154,4.370764,1.912249,-0.009816,1.912274,3.043707,2.741096,138.161933
15,159,1786608143.15081,0,1,37.706812,11.751229,40.168611,13.354136,-4.354741,0.420221,4.374969,1.912256,-0.008362,1.912274,3.045393,2.937646,141.419543
15,160,1786608143.19086,0,1,37.532584,11.769303,40.245102,13.353859,-4.355715,0.451832,4.379088,1.912262,-0.006926,1.912274,3.038229,3.141428,143.785762
15,161,1786608143.23076,0,1,37.358091,11.786369,40.321592,13.353639,-4.362331,0.426657,4.383146,1.912266,-0.005505,1.912274,3.044098,3.352414,146.541503
15,162,1786608143.27086,0,1,37.183757,11.806436,40.398083,13.353475,-4.358331,0.501679,4.38711,1.91227,-0.0041,1.912274,3.026989,3.567242,147.732424
15,163,1786608143.31086,0,1,37.009134,11.825319,40.474574,13.353366,-4.36558,0.472064,4.391029,1.912272,-0.00271,1.912274,3.033878,3.787374,150.03385
15,164,1786608143.35086,0,1,36.834172,11.842402,40.551065,13.353313,-4.374049,0.427082,4.39485,1.912274,-0.001334,1.912274,3.044261,4.012249,152.301657
15,165,1786608143.39088,0,1,36.65938,11.8625,40.627556,13.353314,-4.369795,0.502439,4.398585,1.912274,2.9E-05,1.912274,3.027115,4.238979,152.850107
15,166,1786608143.43088,0,1,36.484243,11.880797,40.704047,13.353369,-4.378431,0.457434,4.402261,1.912274,0.001379,1.912274,3.037496,4.469364,154.798394
15,167,1786608143.47087,0,1,36.308997,11.899436,40.780538,13.353478,-4.38114,0.465974,4.405851,1.912272,0.002717,1.912274,3.035632,4.702011,155.915566
15,168,1786608143.51085,0,1,36.133469,11.916691,40.857028,13.35364,-4.388219,0.43137,4.40937,1.91227,0.004043,1.912274,3.043606,4.937291,157.465533
15,169,1786608143.55085,0,1,35.958082,11.936595,40.933519,13.353854,-4.384675,0.497609,4.412822,1.912267,0.005357,1.912274,3.028588,5.173355,157.625643
15,170,1786608143.59086,0,1,35.782324,11.954317,41.01001,13.35412,-4.39393,0.443048,4.416211,1.912263,0.00666,1.912274,3.0411,5.411852,159.251941
15,171,1786608143.63087,0,1,35.606721,11.974692,41.0865,13.354438,-4.390076,0.509386,4.419529,1.912258,0.007953,1.912274,3.026078,5.650812,159.248837
15,172,1786608143.67089,0,1,35.430748,11.992882,41.16299,13.354808,-4.399349,0.454748,4.42279,1.912252,0.009235,1.912274,3.038591,5.891812,160.733335
15,173,1786608143.71087,0,1,35.25494,12.01373,41.23948,13.355221,-4.39519,0.52118,4.425982,1.912246,0.010325,1.912274,3.023564,6.133051,160.602933
15,174,1786608143.7508,0,1,35.078764,12.032388,41.31597,13.35567,-4.404406,0.46646,4.429038,1.912241,0.011236,1.912274,3.036078,6.376034,161.976242
15,175,1786608143.79085,0,1,34.902528,12.051579,41.392459,13.35615,-4.405904,0.479775,4.431949,1.912237,0.011984,1.912274,3.033126,6.619752,162.419523
15,176,1786608143.83085,0,1,34.725908,12.068087,41.468948,13.356653,-4.415481,0.4127,4.434726,1.912233,0.012581,1.912274,3.048397,6.865056,163.841724
15,177,1786608143.87087,0,1,34.5494,12.086773,41.545437,13.357175,-4.412719,0.467162,4.437379,1.91223,0.013039,1.912274,3.036118,7.110448,163.664659
15,178,1786608143.91085,0,1,34.372639,12.103977,41.621927,13.357709,-4.419017,0.430081,4.439897,1.912227,0.013369,1.912274,3.044573,7.356903,164.629201
15,179,1786608143.95079,0,1,34.196038,12.123634,41.698416,13.358252,-4.415027,0.491441,4.442294,1.912226,0.013581,1.912274,3.030738,7.603286,164.303457
15,180,1786608143.99087,0,1,34.019093,12.140876,41.774905,13.3588,-4.423619,0.431049,4.44457,1.912225,0.013684,1.912274,3.044457,7.850857,165.510032
15,181,1786608144.03085,0,1,33.842318,12.160574,41.851394,13.359347,-4.419377,0.492455,4.446729,1.912225,0.013688,1.912274,3.030619,8.098293,165.129052
15,182,1786608144.07079,0,1,33.665208,12.177853,41.927883,13.359891,-4.427752,0.431974,4.448774,1.912226,0.013601,1.912274,3.04434,8.346796,166.286468
15,183,1786608144.1108,0,1,33.488277,12.19759,42.004372,13.360429,-4.423272,0.49342,4.450708,1.912227,0.013429,1.912274,3.030501,8.595119,165.859492
15,184,1786608144.1508,0,1,33.311019,12.214905,42.080861,13.360956,-4.431443,0.432858,4.452533,1.912229,0.01318,1.912274,3.044223,8.844408,166.975843
15,185,1786608144.19076,0,1,33.13395,12.234678,42.15735,13.36147,-4.426736,0.494338,4.454253,1.912231,0.012859,1.912274,3.030382,9.093482,166.510187
15,186,1786608144.23074,0,1,32.956561,12.252026,42.233839,13.361969,-4.434713,0.433702,4.45587,1.912233,0.012474,1.912274,3.044106,9.34344,167.591907
15,187,1786608144.27076,0,1,32.77937,12.271835,42.310329,13.36245,-4.429793,0.495211,4.457387,1.912236,0.012029,1.912274,3.030264,9.593155,167.093435
15,188,1786608144.31073,0,1,32.601866,12.289215,42.386818,13.362911,-4.437586,0.434509,4.458808,1.912239,0.01153,1.912274,3.043988,9.843684,168.145701
15,189,1786608144.35089,0,1,32.424568,12.309057,42.463308,13.363351,-4.432463,0.496042,4.460133,1.912243,0.010981,1.912274,3.030145,10.093951,167.619161
15,190,1786608144.39089,0,1,32.246964,12.326468,42.539798,13.363766,-4.440082,0.43528,4.461367,1.912246,0.010385,1.912274,3.043871,10.34497,168.646181
15,191,1786608144.43083,0,1,32.069574,12.346341,42.616288,13.364156,-4.434766,0.496832,4.46251,1.912249,0.009749,1.912274,3.030027,10.595713,168.095455
15,192,1786608144.47094,0,1,31.891885,12.363782,42.692778,13.364519,-4.44222,0.436017,4.463567,1.912253,0.009074,1.912274,3.043753,10.847155,169.100679
15,193,1786608144.5109,0,1,31.714372,12.383287,42.769268,13.364854,-4.43783,0.487618,4.464538,1.912256,0.008365,1.912274,3.032154,11.098388,168.655625
15,194,1786608144.55091,0,1,31.536563,12.400265,42.845759,13.365159,-4.44521,0.42445,4.465428,1.912259,0.007624,1.912274,3.046396,11.350283,169.669027
15,195,1786608144.59083,0,1,31.358965,12.419615,42.922249,13.365433,-4.439962,0.483756,4.466238,1.912262,0.006855,1.912274,3.033066,11.601901,169.10578
15,196,1786608144.63092,0,1,31.18108,12.436436,42.99874,13.365675,-4.447131,0.420538,4.46697,1.912264,0.006059,1.912274,3.047309,11.854137,170.101962
15,197,1786608144.67095,0,1,31.003408,12.45563,43.07523,13.365885,-4.441783,0.479854,4.467627,1.912267,0.005241,1.912274,3.033978,12.106092,169.522018
15,198,1786608144.71091,0,1,30.825458,12.472294,43.151721,13.366054,-4.448747,0.416593,4.46821,1.912269,0.004241,1.912274,3.048222,12.358623,170.503087
15,199,1786608144.75083,0,1,30.647729,12.491331,43.228212,13.366177,-4.443237,0.475909,4.468652,1.912272,0.003076,1.912274,3.034891,12.610865,169.908489
15,200,1786608144.79095,0,1,30.469734,12.507834,43.304703,13.366248,-4.449867,0.412599,4.468955,1.912273,0.00176,1.912274,3.049135,12.863642,170.876295
15,201,1786608144.83091,0,1,30.291969,12.526711,43.381194,13.36626,-4.44414,0.471903,4.469124,1.912274,0.000304,1.912274,3.035804,13.116122,170.268788
15,202,1786608144.87088,0,1,30.113951,12.543053,43.457685,13.366209,-4.450449,0.408555,4.469162,1.912274,-0.001279,1.912274,3.050048,13.3691,171.224884
15,203,1786608144.91091,0,1,29.93617,12.561766,43.534176,13.36609,-4.44452,0.467839,4.469075,1.912272,-0.002979,1.912274,3.036717,13.621773,170.60595
15,204,1786608144.95092,0,1,29.758149,12.577945,43.610666,13.365898,-4.450521,0.404464,4.468862,1.912268,-0.004785,1.912274,3.050962,13.874909,171.551653
15,205,1786608144.99094,0,1,29.580373,12.596494,43.687157,13.365631,-4.444404,0.463724,4.46853,1.912262,-0.006688,1.912274,3.03763,14.127736,170.922558
15,206,1786608145.03095,0,1,29.402368,12.612507,43.763647,13.365283,-4.45011,0.400331,4.46808,1.912254,-0.008681,1.912274,3.051874,14.380994,171.858993
15,207,1786608145.07083,0,1,29.224616,12.63089,43.840137,13.364853,-4.443818,0.459561,4.467518,1.912244,-0.010755,1.912274,3.038543,14.633939,171.220823
15,208,1786608145.1109,0,1,29.046646,12.646736,43.916626,13.364337,-4.449241,0.39616,4.466843,1.912231,-0.012903,1.912274,3.052787,14.887285,172.148955
15,209,1786608145.15091,0,1,28.868935,12.66495,43.993115,13.363732,-4.442787,0.455356,4.466062,1.912214,-0.015118,1.912274,3.039456,15.140314,171.502648
15,210,1786608145.19095,0,1,28.691017,12.680628,44.069602,13.363037,-4.447938,0.391954,4.465175,1.912195,-0.017394,1.912274,3.053699,15.393719,172.423308
15,211,1786608145.23094,0,1,28.513364,12.698673,44.146089,13.362248,-4.441335,0.451111,4.464186,1.912172,-0.019727,1.912274,3.040369,15.646803,171.769678
15,212,1786608145.27095,0,1,28.335515,12.714181,44.222575,13.361363,-4.446225,0.387718,4.463097,1.912146,-0.022109,1.912274,3.054611,15.900237,172.683588
15,213,1786608145.31094,0,1,28.157935,12.732055,44.29906,13.360382,-4.439483,0.446831,4.461913,1.912117,-0.024538,1.912274,3.041281,16.153349,172.023344
15,214,1786608145.35091,0,1,27.980171,12.747393,44.375543,13.359301,-4.444121,0.383454,4.460633,1.912083,-0.027007,1.912274,3.055522,16.406788,172.931132
15,215,1786608145.39094,0,1,27.80268,12.765094,44.452025,13.358121,-4.437252,0.442519,4.459264,1.912046,-0.029514,1.912274,3.042193,16.659903,172.264895
15,216,1786608145.43076,0,1,27.625014,12.78026,44.528505,13.356839,-4.441649,0.379166,4.457803,1.912005,-0.032054,1.912274,3.056433,16.913322,173.16711
15,217,1786608145.47091,0,1,27.447628,12.797787,44.604984,13.355454,-4.434663,0.438178,4.456258,1.911961,-0.034624,1.912274,3.043105,17.166416,172.495425
15,218,1786608145.51091,0,1,27.270075,12.812782,44.68146,13.353965,-4.438827,0.374857,4.454627,1.911912,-0.037221,1.912274,3.057343,17.419794,173.39255
15,219,1786608145.55094,0,1,27.092806,12.830134,44.757935,13.352371,-4.431733,0.433813,4.452915,1.911859,-0.039841,1.912274,3.044016,17.672847,172.7159
15,220,1786608145.59091,0,1,26.915379,12.844955,44.834407,13.350672,-4.435673,0.370529,4.451122,1.911802,-0.042482,1.912274,3.058252,17.926163,173.60836
15,221,1786608145.63093,0,1,26.738239,12.862132,44.910876,13.348866,-4.428481,0.429425,4.449252,1.911741,-0.045141,1.912274,3.044926,18.179154,172.927172
15,222,1786608145.67094,0,1,26.560951,12.87678,44.987343,13.346954,-4.432205,0.366185,4.447306,1.911676,-0.047816,1.912274,3.059161,18.43239,173.815342
15,223,1786608145.71085,0,1,26.383954,12.89378,45.063808,13.344954,-4.424923,0.425017,4.445287,1.91162,-0.050001,1.912274,3.045836,18.685302,173.129934
15,224,1786608145.75091,0,1,26.206804,12.908254,45.140271,13.342884,-4.428757,0.361853,4.443515,1.911574,-0.051737,1.912274,3.060068,18.938455,174.013977
15,225,1786608145.79091,0,1,26.029923,12.925082,45.216733,13.340762,-4.422019,0.420683,4.441985,1.911538,-0.053058,1.912274,3.046744,19.191312,173.324482
15,226,1786608145.83094,0,1,25.852873,12.939386,45.293193,13.338602,-4.426265,0.357608,4.440687,1.911512,-0.053997,1.912274,3.060976,19.444419,174.20455
15,227,1786608145.87094,0,1,25.676071,12.956044,45.369653,13.336419,-4.420044,0.416446,4.439619,1.911495,-0.054585,1.912274,3.047652,19.697255,173.511106
15,228,1786608145.91084,0,1,25.499084,12.970182,45.446112,13.334225,-4.424678,0.353442,4.438772,1.911487,-0.05485,1.912274,3.061882,19.95035,174.387373
15,229,1786608145.95072,0,1,25.322326,12.986674,45.522572,13.332032,-4.41895,0.412298,4.438142,1.911488,-0.054816,1.912274,3.04856,20.203198,173.690126
15,230,1786608145.99077,0,1,25.145368,13.000647,45.599032,13.329852,-4.423949,0.349347,4.437721,1.911497,-0.054508,1.912274,3.062789,20.456313,174.562774
15,231,1786608146.03075,0,1,24.96862,13.016977,45.675486,13.327694,-4.418689,0.408232,4.437506,1.911345,-0.053943,1.912106,3.049467,20.709196,173.861875
15,232,1786608146.07076,0,1,24.791659,13.030789,45.751926,13.325568,-4.424032,0.345318,4.437489,1.91101,-0.05314,1.911749,3.063695,20.96234,174.731082
15,233,1786608146.11076,0,1,24.61489,13.046959,45.828346,13.323484,-4.419217,0.40424,4.437667,1.910509,-0.052119,1.91122,3.050373,21.215258,174.026683
15,234,1786608146.15076,0,1,24.437895,13.060613,45.904741,13.321448,-4.424885,0.341349,4.438032,1.909854,-0.050897,1.910532,3.064602,21.46843,174.892628
15,235,1786608146.19075,0,1,24.261075,13.076626,45.981103,13.319468,-4.420493,0.400316,4.438582,1.909057,-0.04949,1.909698,3.05128,21.721385,174.18488
15,236,1786608146.23075,0,1,24.084017,13.090123,46.057428,13.317552,-4.426466,0.337432,4.439309,1.90813,-0.047914,1.908731,3.065509,21.974588,175.04774
15,237,1786608146.2708,0,1,23.907118,13.105981,46.133711,13.315704,-4.422477,0.396454,4.440211,1.907083,-0.046182,1.907642,3.052186,22.227583,174.336791
15,238,1786608146.31075,0,1,23.729968,13.119324,46.209948,13.313932,-4.428737,0.333563,4.441281,1.905926,-0.044308,1.906441,3.066417,22.480823,175.196739
15,239,1786608146.35076,0,1,23.552963,13.13503,46.286135,13.31224,-4.425132,0.392647,4.442517,1.904667,-0.042304,1.905137,3.053093,22.733863,174.482735
15,240,1786608146.39075,0,1,23.375696,13.148219,46.362268,13.310633,-4.431662,0.329737,4.443912,1.903316,-0.040181,1.90374,3.067325,22.987145,175.339939
15,241,1786608146.4308,0,1,23.198559,13.163775,46.438343,13.309115,-4.428421,0.38889,4.445464,1.901878,-0.037949,1.902256,3.054001,23.240238,174.623022
15,242,1786608146.47077,0,1,23.021151,13.176813,46.514357,13.30769,-4.435204,0.325948,4.447165,1.900361,-0.035617,1.900695,3.068233,23.49357,175.477643
15,243,1786608146.51076,0,1,22.843859,13.19222,46.590308,13.306362,-4.432311,0.385177,4.449016,1.898772,-0.033195,1.899062,3.054908,23.746724,174.75795
15,244,1786608146.55079,0,1,22.666286,13.205107,46.666193,13.305134,-4.439332,0.322192,4.451009,1.897116,-0.030691,1.897364,3.069143,24.000116,175.610143
15,245,1786608146.59079,0,1,22.488815,13.220367,46.742009,13.30401,-4.436771,0.381504,4.453143,1.895398,-0.028112,1.895606,3.055817,24.253338,174.887803
15,246,1786608146.63086,0,1,22.311054,13.233106,46.817754,13.302991,-4.444014,0.318465,4.45541,1.893624,-0.025465,1.893795,3.070053,24.506799,175.737717
15,247,1786608146.67086,0,1,22.133383,13.248221,46.893426,13.302081,-4.441768,0.377866,4.457811,1.891797,-0.022757,1.891934,3.056726,24.760101,175.012856
15,248,1786608146.71085,0,1,21.955415,13.260811,46.969033,13.301265,-4.449219,0.314762,4.460339,1.890193,-0.020414,1.890304,3.070965,25.013651,175.860669
15,249,1786608146.75079,0,1,21.777546,13.27578,47.044585,13.300528,-4.446728,0.374213,4.462446,1.888794,-0.018406,1.888884,3.057636,25.267051,175.133512
15,250,1786608146.79079,0,1,21.599887,13.29376,47.120088,13.29986,-4.441454,0.449496,4.464141,1.887583,-0.016708,1.887657,3.040731,25.520202,174.207374
15,251,1786608146.83075,0,1,21.421995,13.309847,47.19555,13.299248,-4.447305,0.402179,4.465453,1.886545,-0.015295,1.886607,3.051406,25.773557,174.856246
15,252,1786608146.8708,0,1,21.244227,13.327624,47.270977,13.298682,-4.444198,0.444432,4.466364,1.885667,-0.014147,1.88572,3.041921,26.026766,174.352968
15,253,1786608146.91082,0,1,21.066232,13.343202,47.346374,13.298153,-4.449897,0.389457,4.466907,1.884935,-0.013241,1.884982,3.054295,26.280181,175.096409
15,254,1786608146.9508,0,1,20.888486,13.361485,47.421748,13.29765,-4.443632,0.457079,4.467078,1.884338,-0.012559,1.88438,3.039092,26.533338,174.264969
15,255,1786608146.99088,0,1,20.710535,13.377567,47.497102,13.297167,-4.44877,0.402046,4.4669,1.883865,-0.012083,1.883904,3.051465,26.786688,175.008038
15,256,1786608147.03085,0,1,20.532871,13.39635,47.572443,13.296695,-4.441616,0.469576,4.46637,1.883506,-0.011797,1.883543,3.036262,27.039755,174.176161
15,257,1786608147.07075,0,1,20.355022,13.41293,47.647773,13.296228,-4.446229,0.414505,4.465509,1.883253,-0.011686,1.883289,3.048635,27.293001,174.918926
15,258,1786608147.11078,0,1,20.177492,13.432207,47.723097,13.295758,-4.438228,0.481917,4.464316,1.883096,-0.011736,1.883132,3.033433,27.545942,174.086739
15,259,1786608147.15077,0,1,19.999798,13.44928,47.798418,13.295281,-4.442352,0.426823,4.462809,1.883027,-0.011934,1.883065,3.045806,27.799046,174.829254
15,260,1786608147.19084,0,1,19.822457,13.469044,47.873739,13.29479,-4.433541,0.494093,4.460988,1.883041,-0.012267,1.883081,3.030606,28.051824,173.996865
15,261,1786608147.23088,0,1,19.644969,13.486603,47.949064,13.294281,-4.437207,0.438993,4.45887,1.88313,-0.012725,1.883173,3.042979,28.304749,174.739171
15,262,1786608147.27086,0,1,19.467864,13.506847,48.024396,13.293749,-4.427621,0.506098,4.456452,1.883288,-0.013297,1.883335,3.027782,28.557327,173.906675
15,263,1786608147.31079,0,1,19.290629,13.524888,48.099736,13.29319,-4.430857,0.451007,4.453751,1.883509,-0.013974,1.883561,3.040154,28.810039,174.648804
15,264,1786608147.35079,0,1,19.113808,13.545605,48.175088,13.2926,-4.420527,0.517925,4.450765,1.88379,-0.014747,1.883847,3.024961,29.062381,173.816283
15,265,1786608147.3908,0,1,18.936874,13.564119,48.250453,13.291976,-4.423356,0.462857,4.447507,1.884124,-0.015608,1.884188,3.037333,29.314842,174.558257
15,266,1786608147.43081,0,1,18.759808,13.5798,48.325833,13.291314,-4.426651,0.39202,4.443975,1.884508,-0.016549,1.88458,3.053264,29.567433,175.498183
15,267,1786608147.47079,0,1,18.583087,13.597524,48.401231,13.290612,-4.41803,0.443106,4.440195,1.884937,-0.017563,1.885019,3.041632,29.819723,174.862387
15,268,1786608147.51076,0,1,18.406267,13.612418,48.476647,13.289866,-4.420493,0.372357,4.436148,1.885408,-0.018644,1.8855,3.057557,30.07211,175.799667
15,269,1786608147.55079,0,1,18.229803,13.629352,48.552084,13.289074,-4.411599,0.423344,4.431865,1.885918,-0.019785,1.886022,3.045924,30.32419,175.16154
15,270,1786608147.59081,0,1,18.053797,13.648942,48.627542,13.288235,-4.400153,0.489749,4.427324,1.886464,-0.020981,1.88658,3.030746,30.575873,174.324904
15,271,1786608147.63088,0,1,17.87779,13.666331,48.703024,13.287346,-4.400173,0.43472,4.421595,1.887042,-0.022227,1.887173,3.043116,30.827564,175.062108
15,272,1786608147.67079,0,1,17.701764,13.680898,48.77853,13.286405,-4.400646,0.36418,4.415689,1.88765,-0.023517,1.887796,3.059025,31.079269,175.996483
15,273,1786608147.71086,0,1,17.525729,13.692024,48.854062,13.285415,-4.400877,0.278141,4.409658,1.888307,-0.024771,1.888469,3.078475,31.330972,177.12724
15,274,1786608147.75081,0,1,17.349707,13.699089,48.929623,13.284375,-4.400551,0.176638,4.404095,1.889009,-0.02599,1.889188,3.101474,31.582638,178.453754
15,275,1786608147.79074,0,1,17.173762,13.701475,49.005213,13.283288,-4.39862,0.059655,4.399025,1.889753,-0.027176,1.889948,3.128031,31.834197,179.975676
15,276,1786608147.83074,0,1,16.998008,13.698563,49.080834,13.282155,-4.393852,-0.072806,4.394455,1.890534,-0.028331,1.890746,-3.125024,32.085528,178.307093
15,277,1786608147.87073,0,1,16.822425,13.695242,49.156488,13.280976,-4.389592,-0.083039,4.390377,1.891351,-0.029457,1.89158,-3.122678,32.336717,178.182217
15,278,1786608147.91089,0,1,16.646987,13.692125,49.232176,13.279754,-4.385938,-0.077912,4.38663,1.892199,-0.030554,1.892446,-3.12383,32.587798,178.257252
15,279,1786608147.95092,0,1,16.471831,13.684367,49.307899,13.278489,-4.378903,-0.193946,4.383196,1.893078,-0.031625,1.893342,-3.097331,32.838577,176.755795
15,280,1786608147.99092,0,1,16.296787,13.67682,49.383659,13.277183,-4.376092,-0.188688,4.380158,1.893984,-0.03267,1.894265,-3.098501,33.089285,176.839039
16,0,1786608151.63148,0,1,59.48,13.100032,29.003536,13.399992,-0.499999,0.000796,0.5,0.0884,-0.000211,0.0884,3.14,30.47794,0.472654
16,0,1786608151.67148,0,1,59.48,13.100032,29.010208,13.399976,-0.499999,0.000796,0.5,0.166799,-0.000398,0.1668,3.14,30.471268,0.472748
16,1,1786608151.71147,0,1,59.457178,13.1004,29.020016,13.399953,-0.570561,0.009209,0.570636,0.245199,-0.000558,0.2452,3.125454,30.438636,0.360787
16,2,1786608151.75148,0,1,59.431528,13.100691,29.03296,13.399926,-0.641232,0.007265,0.641273,0.323599,-0.00069,0.3236,3.130263,30.400041,0.085159
16,3,1786608151.79141,0,1,59.403053,13.100982,29.04904,13.399894,-0.711874,0.00728,0.711911,0.401999,-0.000793,0.402,3.131366,30.355485,0.021742
16,4,1786608151.83141,0,1,59.371753,13.101262,29.068256,13.399859,-0.782518,0.006995,0.782549,0.480399,-0.000864,0.4804,3.132653,30.304968,0.052366
16,5,1786608151.87144,0,1,59.337626,13.101534,29.090608,13.399823,-0.853161,0.006806,0.853188,0.558799,-0.000901,0.5588,3.133615,30.248489,0.107959
16,6,1786608151.91154,0,1,59.300674,13.101799,29.116096,13.399787,-0.923804,0.006627,0.923827,0.637199,-0.000902,0.6372,3.13442,30.186049,0.154636
16,7,1786608151.95148,0,1,59.260896,13.102058,29.144711,13.399753,-0.994446,0.006461,0.994467,0.715392,-0.000864,0.715392,3.135096,30.117656,0.194088
16,8,1786608151.99146,0,1,59.218293,13.10231,29.1762,13.399721,-1.065088,0.006298,1.065106,0.787208,-0.000789,0.787208,3.135679,30.043565,0.228385
16,9,1786608152.03146,0,1,59.172864,13.102555,29.210326,13.399694,-1.13573,0.006131,1.135746,0.853157,-0.000682,0.853158,3.136195,29.964011,0.258896
16,10,1786608152.07142,0,1,59.124609,13.102793,29.246874,13.399672,-1.206371,0.005951,1.206386,0.91371,-0.000544,0.91371,3.13666,29.879209,0.286675
16,11,1786608152.11147,0,1,59.073528,13.103023,29.285646,13.399657,-1.277013,0.005751,1.277026,0.969297,-0.000378,0.969297,3.137089,29.789359,0.312517
16,12,1786608152.15147,0,1,59.019622,13.103244,29.326459,13.39965,-1.347655,0.005525,1.347666,1.020316,-0.000186,1.020316,3.137493,29.694642,0.33704
16,13,1786608152.19141,0,1,58.96289,13.103454,29.369144,13.399651,-1.418296,0.005266,1.418306,1.067133,2.9E-05,1.067133,3.13788,29.595228,0.360726
16,14,1786608152.23141,0,1,58.903333,13.103653,29.413548,13.399662,-1.488938,0.004967,1.488946,1.110083,0.000266,1.110083,3.138257,29.491271,0.383956
16,15,1786608152.27141,0,1,58.840949,13.103838,29.459527,13.399682,-1.559579,0.004624,1.559586,1.149476,0.000523,1.149476,3.138628,29.382912,0.407032
16,16,1786608152.31151,0,1,58.775741,13.104007,29.506951,13.399714,-1.63022,0.004229,1.630225,1.185597,0.000798,1.185597,3.138998,29.270284,0.4302
16,17,1786608152.35147,0,1,58.707706,13.104158,29.555699,13.399758,-1.700861,0.003779,1.700865,1.218706,0.001089,1.218707,3.139371,29.153506,0.453655
16,18,1786608152.39148,0,1,58.636846,13.104289,29.605661,13.399814,-1.771501,0.003267,1.771504,1.249046,0.001396,1.249047,3.139748,29.03269,0.477556
16,19,1786608152.43144,0,1,58.563161,13.104397,29.656734,13.399882,-1.842142,0.002689,1.842143,1.276838,0.001716,1.276839,3.140133,28.907937,0.502032
16,20,1786608152.47156,0,1,58.486649,13.104478,29.708826,13.399964,-1.912781,0.00204,1.912782,1.302285,0.002049,1.302286,3.140526,28.779341,0.527186
16,21,1786608152.51154,0,1,58.407312,13.104531,29.761849,13.40006,-1.983421,0.001315,1.983421,1.325575,0.002394,1.325577,3.14093,28.646988,0.553103
16,22,1786608152.55147,0,1,58.32515,13.104551,29.815724,13.40017,-2.054059,0.00051,2.054059,1.346881,0.00275,1.346884,3.141344,28.510959,0.579851
16,23,1786608152.59155,0,1,58.240195,13.104536,29.870389,13.40029,-2.123871,-0.000378,2.123871,1.366643,0.002997,1.366647,-3.141415,28.371347,0.607474
16,24,1786608152.63154,0,1,58.152532,13.104576,29.925789,13.400416,-2.191593,0.001009,2.191593,1.384986,0.003143,1.384989,3.141132,28.228293,0.574117
16,25,1786608152.67147,0,1,58.06224,13.104655,29.98187,13.400544,-2.25728,0.001975,2.257281,1.402021,0.003198,1.402025,3.140718,28.081929,0.553587
16,26,1786608152.71143,0,1,57.969401,13.104785,30.038584,13.40067,-2.320988,0.003234,2.32099,1.417855,0.003167,1.417859,3.140199,27.932384,0.527117
16,27,1786608152.75141,0,1,57.87409,13.104969,30.095887,13.400793,-2.382769,0.00461,2.382774,1.432583,0.003059,1.432587,3.139658,27.779778,0.499307
16,28,1786608152.79139,0,1,57.776383,13.105216,30.153739,13.400908,-2.442675,0.006163,2.442683,1.446294,0.002878,1.446297,3.139069,27.624227,0.46874
16,29,1786608152.83139,0,1,57.676353,13.105531,30.212102,13.401013,-2.500756,0.007889,2.500768,1.459069,0.002632,1.459071,3.138438,27.46584,0.435668
16,30,1786608152.87142,0,1,57.57407,13.105923,30.270941,13.401106,-2.55706,0.009796,2.557078,1.470983,0.002324,1.470985,3.137762,27.304725,0.399919
16,31,1786608152.91141,0,1,57.469605,13.106399,30.330225,13.401184,-2.611635,0.011889,2.611662,1.482105,0.001961,1.482106,3.13704,27.140981,0.361481
16,32,1786608152.9514,0,1,57.363024,13.106966,30.389925,13.401246,-2.664527,0.014173,2.664565,1.492497,0.001547,1.492498,3.136274,26.974704,0.320326
16,33,1786608152.99146,0,1,57.254393,13.107632,30.450014,13.40129,-2.715781,0.016648,2.715832,1.50222,0.001085,1.50222,3.135463,26.805987,0.276456
16,34,1786608153.03147,0,1,57.143775,13.108404,30.510467,13.401313,-2.765441,0.019317,2.765509,1.511325,0.00058,1.511325,3.134608,26.634919,0.22989
16,35,1786608153.07153,0,1,57.031233,13.109291,30.571262,13.401314,-2.813549,0.022179,2.813637,1.519863,3.6E-05,1.519863,3.13371,26.461583,0.18066
16,36,1786608153.11154,0,1,56.916827,13.110301,30.632377,13.401293,-2.860147,0.025234,2.860258,1.527879,-0.000546,1.527879,3.13277,26.286061,0.12881
16,37,1786608153.15146,0,1,56.800616,13.11144,30.693793,13.401246,-2.905275,0.028478,2.905414,1.535415,-0.00116,1.535415,3.131791,26.108431,0.074396
16,38,1786608153.19146,0,1,56.682657,13.112716,30.755494,13.401174,-2.948971,0.031909,2.949144,1.542508,-0.001806,1.542509,3.130773,25.928768,0.017484
16,39,1786608153.23155,0,1,56.563006,13.114137,30.817461,13.401075,-2.991274,0.035524,2.991485,1.549195,-0.002479,1.549197,3.129717,25.747144,0.041856
16,40,1786608153.27147,0,1,56.441718,13.11571,30.879682,13.400948,-3.032222,0.039316,3.032477,1.555508,-0.003178,1.555511,3.128627,25.563627,0.103545
16,41,1786608153.31152,0,1,56.318844,13.117441,30.942141,13.400792,-3.071849,0.043281,3.072154,1.561477,-0.003901,1.561482,3.127504,25.378285,0.167501
16,42,1786608153.35147,0,1,56.194436,13.119338,31.004826,13.400606,-3.110192,0.047413,3.110553,1.567129,-0.004646,1.567136,3.126349,25.19118,0.233637
16,43,1786608153.39147,0,1,56.068545,13.121406,31.067726,13.400389,-3.147284,0.051705,3.147709,1.57249,-0.00541,1.5725,3.125166,25.002375,0.301865
16,44,1786608153.43154,0,1,55.941218,13.123652,31.130829,13.400142,-3.183159,0.05615,3.183654,1.577584,-0.006192,1.577596,3.123955,24.81193,0.372095
16,45,1786608153.47148,0,1,55.812504,13.126081,31.194126,13.399862,-3.217849,0.060741,3.218422,1.58243,-0.006991,1.582446,3.122719,24.6199,0.444236
16,46,1786608153.51148,0,1,55.682449,13.1287,31.257608,13.39955,-3.251385,0.065469,3.252044,1.58705,-0.007804,1.587069,3.12146,24.426342,0.518198
16,47,1786608153.55146,0,1,55.551097,13.131513,31.321267,13.399205,-3.283799,0.070327,3.284552,1.591461,-0.008631,1.591485,3.12018,24.231309,0.593892
16,48,1786608153.59146,0,1,55.418492,13.134526,31.385086,13.398831,-3.31512,0.075306,3.315975,1.595476,-0.009351,1.595503,3.118881,24.03486,0.671221
16,49,1786608153.63152,0,1,55.284662,13.137773,31.449051,13.398432,-3.345755,0.081199,3.34674,1.599125,-0.00997,1.599156,3.117328,23.837036,0.763708
16,50,1786608153.67147,0,1,55.149632,13.141245,31.513148,13.398012,-3.375749,0.0868,3.376865,1.602439,-0.010498,1.602473,3.115886,23.637878,0.85052
16,51,1786608153.71156,0,1,55.013428,13.144957,31.577366,13.397574,-3.405103,0.0928,3.406367,1.605444,-0.010942,1.605481,3.114346,23.437423,0.94354
16,52,1786608153.75143,0,1,54.876074,13.148908,31.641693,13.397122,-3.433844,0.098765,3.435264,1.608164,-0.011307,1.608204,3.112838,23.235707,1.035423
16,53,1786608153.79142,0,1,54.737595,13.153106,31.706117,13.396658,-3.461982,0.104943,3.463572,1.610623,-0.011601,1.610665,3.111289,23.032765,1.130413
16,54,1786608153.83146,0,1,54.598013,13.157552,31.770631,13.396185,-3.489537,0.111161,3.491307,1.612842,-0.011829,1.612885,3.109748,22.828629,1.225635
16,55,1786608153.87154,0,1,54.457352,13.162253,31.835225,13.395705,-3.516522,0.117513,3.518485,1.614839,-0.011997,1.614884,3.108188,22.623332,1.322719
16,56,1786608153.91153,0,1,54.315634,13.16721,31.89989,13.39522,-3.542955,0.123921,3.545122,1.616633,-0.012108,1.616678,3.10663,22.416904,1.420408
16,57,1786608153.95147,0,1,54.17288,13.172426,31.96462,13.394734,-3.568848,0.13042,3.571231,1.61824,-0.012168,1.618285,3.105065,22.209373,1.519364
16,58,1786608153.99153,0,1,54.029111,13.177905,32.029407,13.394247,-3.594218,0.13697,3.596827,1.619674,-0.012181,1.619719,3.103503,22.000769,1.618976
16,59,1786608154.0314,0,1,53.884348,13.183649,32.094245,13.393761,-3.619078,0.143585,3.621925,1.620949,-0.01215,1.620995,3.101939,21.791117,1.719526
16,60,1786608154.07147,0,1,53.738611,13.189658,32.159128,13.393277,-3.643442,0.15024,3.646538,1.622079,-0.012079,1.622124,3.10038,21.580444,1.820683
16,61,1786608154.11146,0,1,53.591918,13.195936,32.224051,13.392799,-3.667323,0.15694,3.67068,1.623074,-0.011971,1.623119,3.098825,21.368774,1.922576
16,62,1786608154.15147,0,1,53.444288,13.202482,32.289009,13.392325,-3.690735,0.163668,3.694362,1.623947,-0.011829,1.62399,3.097276,21.156132,2.025009
16,63,1786608154.19147,0,1,53.295741,13.209299,32.353997,13.391859,-3.71369,0.170425,3.717599,1.624705,-0.011656,1.624747,3.095734,20.94254,2.128047
16,64,1786608154.23146,0,1,53.146293,13.216387,32.419011,13.391401,-3.736202,0.177198,3.740401,1.625359,-0.011455,1.625399,3.094201,20.72802,2.231571
16,65,1786608154.27147,0,1,52.995961,13.223747,32.484048,13.390952,-3.758281,0.183985,3.762782,1.625917,-0.011227,1.625956,3.092677,20.512595,2.335618
16,66,1786608154.31147,0,1,52.844764,13.231378,32.549103,13.390513,-3.77994,0.190779,3.784751,1.626386,-0.010975,1.626424,3.091164,20.296284,2.440115
16,67,1786608154.35146,0,1,52.692716,13.239281,32.614174,13.390085,-3.80119,0.197577,3.806322,1.626775,-0.010701,1.62681,3.089662,20.079108,2.545093
16,68,1786608154.39147,0,1,52.539834,13.247456,32.679258,13.389669,-3.822043,0.20437,3.827503,1.627088,-0.010406,1.627121,3.088172,19.861086,2.650509
16,69,1786608154.43146,0,1,52.386134,13.255902,32.744351,13.389265,-3.84251,0.211158,3.848307,1.627332,-0.010092,1.627363,3.086695,19.642236,2.756395
16,70,1786608154.47171,0,1,52.23163,13.264619,32.809452,13.388874,-3.8626,0.217933,3.868744,1.627513,-0.009762,1.627542,3.085231,19.422576,2.86273
16,71,1786608154.51148,0,1,52.076337,13.273607,32.874557,13.388498,-3.882326,0.224694,3.888822,1.627636,-0.009416,1.627663,3.083781,19.202124,2.969551
16,72,1786608154.55148,0,1,51.920269,13.282865,32.939665,13.388136,-3.901695,0.231436,3.908553,1.627705,-0.009055,1.62773,3.082345,18.980896,3.076854
16,73,1786608154.59145,0,1,51.76344,13.292391,33.004778,13.387789,-3.92072,0.238157,3.927946,1.627828,-0.008656,1.627851,3.080924,18.758905,3.18468
16,74,1786608154.63146,0,1,51.60585,13.3015,33.069898,13.38746,-3.939755,0.227723,3.946331,1.628,-0.008222,1.628021,3.083855,18.536151,3.042389
16,75,1786608154.67147,0,1,51.447574,13.310804,33.135027,13.38715,-3.956903,0.232591,3.963733,1.628218,-0.007756,1.628237,3.082879,18.312706,3.125173
16,76,1786608154.71147,0,1,51.288608,13.319555,33.200166,13.38686,-3.974162,0.218781,3.98018,1.628478,-0.007259,1.628494,3.086597,18.088567,2.93781
16,77,1786608154.7514,0,1,51.129032,13.328537,33.265317,13.38659,-3.989381,0.224561,3.995696,1.628776,-0.006736,1.62879,3.085362,17.86381,3.035564
16,78,1786608154.7914,0,1,50.968829,13.336715,33.330482,13.386343,-4.005094,0.204435,4.010308,1.62911,-0.006188,1.629121,3.090593,17.638417,2.760848
16,79,1786608154.83141,0,1,50.8081,13.345379,33.395661,13.386118,-4.018207,0.216603,4.024041,1.629476,-0.005617,1.629486,3.087739,17.412487,2.951512
16,80,1786608154.8714,0,1,50.646788,13.352652,33.46085,13.385917,-4.032819,0.18184,4.036917,1.629745,-0.005025,1.629753,3.096533,17.185969,2.470824
16,81,1786608154.91141,0,1,50.48506,13.361305,33.52604,13.385741,-4.043181,0.216304,4.048963,1.629747,-0.004413,1.629753,3.088145,16.959038,2.979766
16,82,1786608154.95145,0,1,50.322772,13.367535,33.59123,13.385589,-4.05721,0.155762,4.060199,1.629748,-0.003784,1.629753,3.10322,16.731551,2.136755
16,83,1786608154.99143,0,1,50.160154,13.375761,33.65642,13.385464,-4.065455,0.205644,4.070653,1.62975,-0.003139,1.629753,3.091052,16.503736,2.862056
16,84,1786608155.03145,0,1,49.997043,13.381545,33.72161,13.385364,-4.077773,0.144612,4.080337,1.629751,-0.00248,1.629753,3.106144,16.275433,2.01761
16,85,1786608155.07146,0,1,49.833657,13.389331,33.7868,13.385292,-4.084646,0.194646,4.089281,1.629752,-0.001808,1.629753,3.093975,16.046857,2.742684
16,86,1786608155.11143,0,1,49.669844,13.394659,33.85199,13.385247,-4.095332,0.133192,4.097497,1.629752,-0.001124,1.629753,3.109081,15.817856,1.896858
16,87,1786608155.15146,0,1,49.505781,13.401381,33.91718,13.38523,-4.101572,0.168062,4.105014,1.629753,-0.000429,1.629753,3.10064,15.588609,2.40575
16,88,1786608155.19141,0,1,49.341359,13.405498,33.982371,13.385241,-4.110556,0.102914,4.111844,1.629753,0.000275,1.629753,3.116561,15.359001,1.509751
16,89,1786608155.23142,0,1,49.176747,13.411492,34.047561,13.385281,-4.11529,0.149862,4.118018,1.629752,0.000987,1.629753,3.105193,15.129209,2.18482
16,90,1786608155.27152,0,1,49.01184,13.414868,34.112751,13.385349,-4.122674,0.084388,4.123538,1.629752,0.001708,1.629753,3.121126,14.899118,1.286158
16,91,1786608155.31148,0,1,48.846786,13.420124,34.177941,13.385446,-4.126347,0.131399,4.128439,1.629751,0.002435,1.629753,3.109759,14.668886,1.959355
16,92,1786608155.35146,0,1,48.681498,13.42275,34.243131,13.385573,-4.132199,0.065666,4.132721,1.62975,0.003168,1.629753,3.125703,14.438415,1.057954
16,93,1786608155.39149,0,1,48.516103,13.427259,34.308321,13.385729,-4.134883,0.112725,4.136419,1.629748,0.003907,1.629753,3.114337,14.207843,1.729086
16,94,1786608155.43147,0,1,48.350532,13.429131,34.373511,13.385915,-4.139267,0.046794,4.139532,1.629746,0.00465,1.629753,3.130288,13.977088,0.824842
16,95,1786608155.47147,0,1,48.184891,13.432887,34.4387,13.386131,-4.141029,0.093887,4.142093,1.629744,0.005397,1.629753,3.118924,13.74627,1.493695
16,96,1786608155.51146,0,1,48.019131,13.433999,34.50389,13.386377,-4.144008,0.027816,4.144101,1.629741,0.006149,1.629753,3.13488,13.515325,0.586469
16,97,1786608155.55154,0,1,47.853334,13.436997,34.569079,13.386653,-4.144911,0.074931,4.145588,1.629738,0.006903,1.629753,3.123517,13.28435,1.2528
16,98,1786608155.59146,0,1,47.687473,13.437347,34.634269,13.386954,-4.146544,0.008775,4.146553,1.629735,0.007523,1.629753,3.139477,13.053301,0.342442
16,99,1786608155.63146,0,1,47.521581,13.439584,34.699458,13.387275,-4.147284,0.055906,4.147661,1.629733,0.008021,1.629753,3.128113,12.82223,1.00605
16,100,1786608155.67141,0,1,47.355691,13.444256,34.764647,13.387611,-4.147244,0.116812,4.148889,1.629731,0.008406,1.629753,3.113434,12.591171,1.871136
16,101,1786608155.71146,0,1,47.189701,13.446832,34.829837,13.387959,-4.149748,0.0644,4.150248,1.62973,0.008687,1.629753,3.126075,12.360005,1.16201
16,102,1786608155.75146,0,1,47.023708,13.451846,34.895026,13.388314,-4.149835,0.125358,4.151728,1.629729,0.008872,1.629753,3.111394,12.128849,2.030383
16,103,1786608155.79167,0,1,46.857768,13.459853,34.960215,13.388672,-4.14851,0.200165,4.153336,1.629728,0.008969,1.629753,3.09338,11.897766,3.105162
16,104,1786608155.83162,0,1,46.691781,13.466311,35.025404,13.389032,-4.149657,0.161442,4.152797,1.629728,0.008986,1.629753,3.102707,11.666633,2.607493
16,105,1786608155.87169,0,1,46.525969,13.475756,35.090593,13.389389,-4.145317,0.236127,4.152037,1.629728,0.008928,1.629753,3.084692,11.435702,3.692899
16,106,1786608155.91161,0,1,46.360114,13.483652,35.155782,13.389741,-4.146372,0.197403,4.151068,1.629729,0.008801,1.629753,3.09402,11.204725,3.205941
16,107,1786608155.95161,0,1,46.194481,13.494531,35.220971,13.390085,-4.140815,0.271968,4.149737,1.62973,0.008612,1.629753,3.076007,10.974007,4.303104
16,108,1786608155.99161,0,1,46.029186,13.508938,35.286161,13.39042,-4.132391,0.360185,4.148058,1.629731,0.008365,1.629753,3.054651,10.743679,5.613459
16,109,1786608156.03165,0,1,45.863888,13.522342,35.35135,13.390743,-4.132442,0.335099,4.146006,1.629733,0.008065,1.629753,3.06068,10.513362,5.353178
16,110,1786608156.07161,0,1,45.698582,13.534195,35.416539,13.391051,-4.132653,0.296326,4.143263,1.629734,0.007716,1.629753,3.070012,10.283039,4.898892
16,111,1786608156.11162,0,1,45.533661,13.549009,35.481729,13.391344,-4.123025,0.370342,4.139624,1.629736,0.007323,1.629753,3.05201,10.053168,6.031316
16,112,1786608156.15161,0,1,45.369269,13.567318,35.546918,13.39162,-4.109787,0.457719,4.135197,1.629738,0.006888,1.629753,3.030677,9.823922,7.379785
16,113,1786608156.19156,0,1,45.204977,13.58461,35.612108,13.391876,-4.1073,0.432312,4.129989,1.62974,0.006416,1.629753,3.036724,9.594805,7.159517
16,114,1786608156.23158,0,1,45.041361,13.605366,35.677298,13.392113,-4.090413,0.518886,4.123193,1.629742,0.005909,1.629753,3.015412,9.366491,8.534191
16,115,1786608156.27169,0,1,44.878611,13.630099,35.742487,13.392328,-4.068743,0.618333,4.11546,1.629744,0.005371,1.629753,2.990775,9.139217,10.132008
16,116,1786608156.31169,0,1,44.716942,13.659315,35.807677,13.39252,-4.041715,0.730398,4.107182,1.629746,0.004803,1.629753,2.962807,8.913259,11.958898
16,117,1786608156.35164,0,1,44.556587,13.693509,35.872867,13.392688,-4.008884,0.854845,4.099013,1.629747,0.00421,1.629753,2.931502,8.688929,14.021368
16,118,1786608156.39155,0,1,44.396643,13.728227,35.938057,13.392832,-3.998599,0.867964,4.091718,1.629749,0.003591,1.629753,2.927842,8.465233,14.517703
16,119,1786608156.43161,0,1,44.238174,13.767845,36.003247,13.39295,-3.961738,0.990459,4.083672,1.62975,0.002951,1.629753,2.896608,8.243456,16.643178
16,120,1786608156.4716,0,1,44.081411,13.812848,36.068437,13.393041,-3.919066,1.12506,4.077357,1.629751,0.00229,1.629753,2.862037,8.023963,19.016407
16,121,1786608156.51163,0,1,43.925123,13.858869,36.133627,13.393106,-3.90721,1.150517,4.073079,1.629752,0.001611,1.629753,2.855226,7.805404,19.828562
16,122,1786608156.55161,0,1,43.769148,13.905401,36.198817,13.393142,-3.899367,1.163308,4.069195,1.629752,0.000915,1.629753,2.851666,7.587642,20.482667
16,123,1786608156.59158,0,1,43.61483,13.956721,36.264007,13.393154,-3.857957,1.283004,4.065702,1.629753,0.000284,1.629753,2.820538,7.372394,22.779224
16,124,1786608156.63153,0,1,43.460761,14.008563,36.329197,13.393142,-3.851709,1.296051,4.063916,1.629753,-0.000287,1.629753,2.817006,7.158068,23.529574
16,125,1786608156.67161,0,1,43.306762,14.060434,36.394388,13.39311,-3.849976,1.296763,4.062501,1.629752,-0.000802,1.629753,2.816704,6.944512,24.129008
16,126,1786608156.71157,0,1,43.152653,14.11184,36.459578,13.39306,-3.852734,1.285155,4.061426,1.629752,-0.001266,1.629753,2.81963,6.73156,24.57672
16,127,1786608156.75145,0,1,42.998259,14.162287,36.524768,13.392992,-3.859836,1.26118,4.060654,1.629752,-0.001684,1.629753,2.825784,6.519042,24.871637
16,128,1786608156.7916,0,1,42.84499,14.215981,36.589958,13.39291,-3.831742,1.342357,4.06007,1.629751,-0.002058,1.629753,2.804628,6.308952,26.802885
16,129,1786608156.83156,0,1,42.691365,14.26874,36.655148,13.392814,-3.840607,1.318975,4.060783,1.629751,-0.002392,1.629753,2.810784,6.09944,27.210601
16,130,1786608156.87158,0,1,42.53885,14.324753,36.720338,13.392707,-3.812887,1.400308,4.061893,1.62975,-0.002689,1.629753,2.789628,5.89269,29.266782
16,131,1786608156.91159,0,1,42.385913,14.379854,36.785528,13.392589,-3.823411,1.377533,4.063996,1.62975,-0.002953,1.629753,2.795781,5.68674,29.811214
16,132,1786608156.95169,0,1,42.232365,14.433553,36.850718,13.392461,-3.8387,1.342475,4.066677,1.62975,-0.003185,1.629753,2.805166,5.481424,30.224571
16,133,1786608156.99163,0,1,42.079681,14.490035,36.915908,13.392326,-3.817121,1.412063,4.06993,1.629749,-0.003389,1.629753,2.787275,5.279159,32.302122
16,134,1786608157.03165,0,1,41.926325,14.545136,36.981098,13.392183,-3.833902,1.377523,4.073865,1.629749,-0.003566,1.629753,2.796656,5.077851,32.887166
16,135,1786608157.0716,0,1,41.772104,14.598359,37.046288,13.392034,-3.855514,1.330555,4.078648,1.629748,-0.003718,1.629753,2.809286,4.877352,33.359461
16,136,1786608157.11159,0,1,41.618455,14.653913,37.111478,13.39188,-3.841227,1.388859,4.0846,1.629748,-0.003849,1.629753,2.794651,4.680339,35.52147
16,137,1786608157.1516,0,1,41.463894,14.7076,37.176668,13.391722,-3.864034,1.342165,4.090497,1.629748,-0.003958,1.629753,2.807282,4.484623,36.217395
16,138,1786608157.19153,0,1,41.308221,14.758912,37.241857,13.39156,-3.891822,1.282816,4.097791,1.629748,-0.004049,1.629753,2.823189,4.290101,36.828869
16,139,1786608157.23155,0,1,41.151727,14.808765,37.307047,13.391395,-3.91235,1.246328,4.10607,1.629747,-0.004122,1.629753,2.833194,4.097621,37.90672
16,140,1786608157.2716,0,1,40.994377,14.857103,37.372237,13.391228,-3.933736,1.20844,4.115167,1.629747,-0.004179,1.629753,2.843544,3.907517,39.110016
16,141,1786608157.31155,0,1,40.836172,14.903975,37.437427,13.391059,-3.955132,1.171794,4.125066,1.629747,-0.004221,1.629753,2.85356,3.720266,40.498801
16,142,1786608157.35161,0,1,40.677043,14.949194,37.502617,13.390889,-3.978236,1.130492,4.135744,1.629747,-0.00425,1.629753,2.864722,3.536282,42.009643
16,143,1786608157.3915,0,1,40.517044,14.993008,37.567807,13.390719,-3.999953,1.095351,4.147218,1.629747,-0.004266,1.629753,2.874304,3.356387,43.829259
16,144,1786608157.43158,0,1,40.356023,15.034885,37.632997,13.390548,-4.025546,1.046923,4.159456,1.629747,-0.00427,1.629753,2.887159,3.180993,45.704236
16,145,1786608157.47157,0,1,40.193544,15.072868,37.698187,13.390377,-4.061954,0.94957,4.171469,1.629747,-0.004265,1.629753,2.911945,3.009582,47.147597
16,146,1786608157.51155,0,1,40.029551,15.106355,37.763377,13.390207,-4.099837,0.837164,4.184436,1.629747,-0.004249,1.629753,2.940167,2.842659,48.677051
16,147,1786608157.55156,0,1,39.864961,15.139696,37.828566,13.390038,-4.114757,0.833527,4.198332,1.629747,-0.004225,1.629753,2.941727,2.68481,52.120423
16,148,1786608157.59156,0,1,39.698986,15.168417,37.893756,13.389869,-4.149376,0.718036,4.211045,1.629747,-0.004235,1.629753,2.970243,2.534184,54.391073
16,149,1786608157.63155,0,1,39.531655,15.191883,37.958946,13.389698,-4.18326,0.586652,4.224195,1.629747,-0.004277,1.629753,3.002263,2.391921,56.872833
16,150,1786608157.6716,0,1,39.363245,15.211174,38.024136,13.389524,-4.210252,0.482273,4.237784,1.629747,-0.004349,1.629753,3.027543,2.26089,60.214702
16,151,1786608157.7116,0,1,39.194031,15.228076,38.089326,13.389346,-4.230343,0.422554,4.251394,1.629747,-0.004447,1.629753,3.042036,2.145065,64.706789
16,152,1786608157.75159,0,1,39.023842,15.239691,38.154516,13.389163,-4.254732,0.290364,4.264629,1.629746,-0.00457,1.629753,3.073453,2.044549,68.741269
16,153,1786608157.79166,0,1,38.853048,15.250188,38.219706,13.388974,-4.26985,0.262426,4.277906,1.629746,-0.004716,1.629753,3.08021,1.966021,74.724337
16,154,1786608157.83151,0,1,38.681487,15.254773,38.284895,13.388779,-4.289029,0.114624,4.290561,1.629745,-0.004883,1.629753,3.114874,1.907673,79.531976
16,155,1786608157.87162,0,1,38.509395,15.258189,38.350085,13.388576,-4.302286,0.0854,4.303133,1.629745,-0.005069,1.629753,3.121745,1.876388,86.266734
16,156,1786608157.91161,0,1,38.336798,15.257054,38.415275,13.388365,-4.314927,-0.028377,4.31502,1.629744,-0.005273,1.629753,-3.135016,1.870336,92.027957
16,157,1786608157.95164,0,1,38.16375,15.255024,38.480465,13.388146,-4.326204,-0.050744,4.326501,1.629743,-0.005492,1.629753,-3.129864,1.893553,98.956487
16,158,1786608157.99162,0,1,37.990411,15.247787,38.545654,13.387917,-4.333481,-0.180919,4.337256,1.629743,-0.005727,1.629753,-3.099868,1.940983,104.231741
16,159,1786608158.03162,0,1,37.816694,15.239738,38.610844,13.387678,-4.342927,-0.201239,4.347587,1.629742,-0.005975,1.629753,-3.095289,2.015143,110.556275
16,160,1786608158.07163,0,1,37.642684,15.229896,38.676034,13.387428,-4.350244,-0.246032,4.357196,1.629741,-0.006235,1.629753,-3.085097,2.112463,116.048948
16,161,1786608158.11147,0,1,37.468453,15.217857,38.741223,13.387168,-4.355791,-0.30098,4.366178,1.62974,-0.006507,1.629753,-3.072603,2.229657,120.855828
16,162,1786608158.15147,0,1,37.294474,15.200516,38.806413,13.386896,-4.349474,-0.433523,4.371026,1.629739,-0.00679,1.629753,-3.042248,2.361181,124.124544
16,163,1786608158.19147,0,1,37.120347,15.1827,38.871602,13.386613,-4.353162,-0.445407,4.375889,1.629737,-0.007082,1.629753,-3.039629,2.50855,128.433866
16,164,1786608158.23149,0,1,36.946018,15.165011,38.936792,13.386318,-4.35823,-0.442231,4.380609,1.629736,-0.007382,1.629753,-3.040468,2.669631,132.426232
16,165,1786608158.27146,0,1,36.771863,15.14409,39.001981,13.38601,-4.353876,-0.523009,4.385177,1.629735,-0.007691,1.629753,-3.022041,2.839767,134.900228
16,166,1786608158.31154,0,1,36.597474,15.123618,39.06717,13.38569,-4.359714,-0.511805,4.389653,1.629733,-0.008007,1.629753,-3.024733,3.0199,138.17035
16,167,1786608158.35148,0,1,36.422866,15.104212,39.13236,13.385357,-4.365208,-0.485152,4.392085,1.629731,-0.00833,1.629753,-3.030906,3.20871,141.267811
16,168,1786608158.39142,0,1,36.248447,15.083173,39.197549,13.38501,-4.360475,-0.525989,4.392085,1.62973,-0.008659,1.629753,-3.021546,3.403081,143.187489
16,169,1786608158.43147,0,1,36.073848,15.063682,39.262738,13.384651,-4.364973,-0.487257,4.392085,1.629728,-0.008994,1.629753,-3.030424,3.60391,145.862562
16,170,1786608158.47147,0,1,35.899643,15.040938,39.327927,13.384277,-4.355122,-0.568614,4.392085,1.629726,-0.009334,1.629753,-3.011765,3.807579,146.77004
16,171,1786608158.51147,0,1,35.725243,15.019741,39.393116,13.38389,-4.359999,-0.529928,4.392085,1.629724,-0.009678,1.629753,-3.020643,4.01613,149.033484
16,172,1786608158.55147,0,1,35.550605,15.000607,39.458305,13.383489,-4.365959,-0.478342,4.392085,1.629722,-0.010026,1.629753,-3.032466,4.229089,151.266349
16,173,1786608158.59147,0,1,35.376279,14.978811,39.523494,13.383075,-4.358151,-0.54491,4.392085,1.62972,-0.010352,1.629753,-3.017206,4.443621,151.827782
16,174,1786608158.63146,0,1,35.201699,14.959152,39.588682,13.382649,-4.364502,-0.491457,4.392085,1.629718,-0.010657,1.629753,-3.029462,4.661651,153.809003
16,175,1786608158.67154,0,1,35.027171,14.939031,39.653871,13.382211,-4.363184,-0.50303,4.392085,1.629716,-0.010943,1.629753,-3.02681,4.881602,154.826054
16,176,1786608158.71146,0,1,34.85236,14.92155,39.71906,13.381762,-4.370287,-0.43704,4.392085,1.629714,-0.011211,1.629753,-3.041921,5.104479,156.732278
16,177,1786608158.75147,0,1,34.677779,14.901901,39.784248,13.381304,-4.364529,-0.491218,4.392085,1.629712,-0.011462,1.629753,-3.029517,5.328062,156.996114
16,178,1786608158.79148,0,1,34.502921,14.884892,39.849437,13.380836,-4.371454,-0.425209,4.392085,1.629711,-0.011698,1.629753,-3.044628,5.554045,158.732243
16,179,1786608158.83147,0,1,34.327955,14.869029,39.914625,13.380359,-4.374144,-0.39658,4.392085,1.629709,-0.01192,1.629753,-3.051175,5.781611,159.898665
16,180,1786608158.87147,0,1,34.153137,14.851608,39.979813,13.379874,-4.370436,-0.435543,4.392085,1.629708,-0.012128,1.629753,-3.042264,6.009671,160.133307
16,181,1786608158.91148,0,1,33.978056,14.837074,40.045001,13.379381,-4.37703,-0.36334,4.392085,1.629706,-0.012325,1.629753,-3.058772,6.239607,161.744467
16,182,1786608158.95146,0,1,33.803012,14.822095,40.11019,13.378881,-4.376091,-0.374485,4.392085,1.629705,-0.01251,1.629753,-3.056225,6.470189,162.220231
16,183,1786608158.99151,0,1,33.627722,14.810344,40.175378,13.378373,-4.38225,-0.293762,4.392085,1.629703,-0.012685,1.629753,-3.074658,6.702412,163.828608
16,184,1786608159.03148,0,1,33.452547,14.796999,40.240566,13.377859,-4.379395,-0.333637,4.392085,1.629702,-0.01285,1.629753,-3.065556,6.934779,163.83496
16,185,1786608159.07148,0,1,33.277155,14.786884,40.305754,13.377339,-4.3848,-0.252859,4.392085,1.629701,-0.013007,1.629753,-3.083989,7.168544,165.359659
16,186,1786608159.11146,0,1,33.101862,14.775174,40.370942,13.376813,-4.382317,-0.292759,4.392085,1.6297,-0.013155,1.629753,-3.074887,7.40236,165.289029
16,187,1786608159.15147,0,1,32.926383,14.766697,40.43613,13.376281,-4.386969,-0.211934,4.392085,1.629698,-0.013296,1.629753,-3.09332,7.637378,166.744772
16,188,1786608159.19141,0,1,32.750989,14.756622,40.501318,13.375744,-4.384858,-0.251855,4.392085,1.629697,-0.013429,1.629753,-3.084218,7.872383,166.610286
16,189,1786608159.23141,0,1,32.575439,14.749783,40.566506,13.375202,-4.388755,-0.170991,4.392085,1.629696,-0.013556,1.629753,-3.102651,8.108429,168.008619
16,190,1786608159.2714,0,1,32.399958,14.741345,40.631693,13.374655,-4.387017,-0.21093,4.392085,1.629695,-0.013677,1.629753,-3.093549,8.344418,167.820644
16,191,1786608159.3114,0,1,32.224352,14.736144,40.696881,13.374103,-4.39016,-0.130033,4.392085,1.629694,-0.013792,1.629753,-3.111982,8.581312,169.170729
16,192,1786608159.35149,0,1,32.0488,14.729345,40.762069,13.373547,-4.388794,-0.169987,4.392085,1.629693,-0.013902,1.629753,-3.10288,8.81812,168.937544
16,193,1786608159.39142,0,1,31.873189,14.724304,40.827257,13.372986,-4.390276,-0.126029,4.392085,1.629692,-0.014008,1.629753,-3.112894,9.055462,169.773583
16,194,1786608159.43143,0,1,31.697644,14.717331,40.892444,13.372422,-4.388624,-0.174318,4.392085,1.629692,-0.014108,1.629753,-3.101893,9.292639,169.403826
16,195,1786608159.47143,0,1,31.522008,14.713259,40.957632,13.371854,-4.390905,-0.101795,4.392085,1.629691,-0.014205,1.629753,-3.118414,9.530497,170.580765
16,196,1786608159.51141,0,1,31.346427,14.707255,41.022819,13.371282,-4.38952,-0.150094,4.392085,1.62969,-0.014297,1.629753,-3.107412,9.768183,170.180756
16,197,1786608159.55142,0,1,31.170771,14.704153,41.088007,13.370707,-4.3914,-0.077559,4.392085,1.629689,-0.014386,1.629753,-3.123933,10.00648,171.330258
16,198,1786608159.59145,0,1,30.99516,14.699118,41.153195,13.370129,-4.390281,-0.125864,4.392085,1.629689,-0.014437,1.629753,-3.112932,10.244603,170.904103
16,199,1786608159.63146,0,1,30.819489,14.696986,41.218382,13.369551,-4.391761,-0.05332,4.392085,1.629689,-0.014453,1.629753,-3.129452,10.483275,172.029859
16,200,1786608159.67147,0,1,30.643853,14.69292,41.28357,13.368974,-4.390909,-0.101631,4.392085,1.629689,-0.014437,1.629753,-3.118451,10.721773,171.58098
16,201,1786608159.71147,0,1,30.468173,14.691757,41.348757,13.368398,-4.391989,-0.02908,4.392085,1.629689,-0.014392,1.629753,-3.134972,10.960766,172.686064
16,202,1786608159.75145,0,1,30.292517,14.688661,41.413945,13.367825,-4.391403,-0.077394,4.392085,1.62969,-0.01432,1.629753,-3.12397,11.199588,172.217316
16,203,1786608159.79152,0,1,30.116924,14.683017,41.479132,13.367256,-4.389818,-0.141112,4.392085,1.629691,-0.014222,1.629753,-3.109458,11.438138,171.553325
16,204,1786608159.83147,0,1,29.941273,14.679656,41.54432,13.366692,-4.391281,-0.084021,4.392085,1.629692,-0.014102,1.629753,-3.122461,11.677096,172.447915
16,205,1786608159.87147,0,1,29.765689,14.673747,41.609508,13.366134,-4.3896,-0.147736,4.392085,1.629693,-0.013961,1.629753,-3.107949,11.915783,171.772174
16,206,1786608159.91147,0,1,29.590043,14.670121,41.674696,13.365582,-4.39115,-0.090647,4.392085,1.629694,-0.0138,1.629753,-3.120952,12.154861,172.656177
16,207,1786608159.95146,0,1,29.414468,14.663946,41.739883,13.365037,-4.389372,-0.15436,4.392085,1.629696,-0.013621,1.629753,-3.10644,12.393669,171.97003
16,208,1786608159.99144,0,1,29.238828,14.660055,41.805071,13.3645,-4.391008,-0.097273,4.392085,1.629697,-0.013427,1.629753,-3.119443,12.632851,172.844653
16,209,1786608160.03147,0,1,29.063263,14.653616,41.870259,13.363971,-4.389134,-0.160984,4.392085,1.629699,-0.013217,1.629753,-3.104931,12.871765,172.149246
16,210,1786608160.07144,0,1,28.887628,14.64946,41.935447,13.363451,-4.390856,-0.1039,4.392085,1.629701,-0.012993,1.629753,-3.117934,13.111041,173.01552
16,211,1786608160.11142,0,1,28.712073,14.642756,42.000635,13.362941,-4.388886,-0.167607,4.392085,1.629703,-0.012757,1.629753,-3.103422,13.350049,172.311838
16,212,1786608160.15147,0,1,28.536445,14.638335,42.065824,13.362441,-4.390694,-0.110525,4.392085,1.629705,-0.01251,1.629753,-3.116425,13.589407,173.170649
16,213,1786608160.19143,0,1,28.360769,14.636816,42.131012,13.361951,-4.3919,-0.037976,4.392064,1.629707,-0.012252,1.629753,-3.132946,13.829131,174.215148
16,214,1786608160.23147,0,1,28.185127,14.633364,42.1962,13.361471,-4.391055,-0.086286,4.391903,1.629709,-0.011984,1.629753,-3.121945,14.068685,173.687294
16,215,1786608160.27152,0,1,28.009566,14.627365,42.261389,13.361003,-4.389022,-0.149987,4.391584,1.629711,-0.011707,1.629753,-3.107433,14.307974,172.965034
16,216,1786608160.31147,0,1,27.83396,14.623649,42.326577,13.360546,-4.390142,-0.092896,4.391125,1.629713,-0.011423,1.629753,-3.120436,14.547555,173.806772
16,217,1786608160.35148,0,1,27.658451,14.617386,42.391766,13.360101,-4.38773,-0.15657,4.390523,1.629715,-0.011131,1.629753,-3.105924,14.786863,173.078756
16,218,1786608160.39147,0,1,27.482905,14.613406,42.456954,13.359668,-4.388661,-0.09949,4.389788,1.629717,-0.010832,1.629753,-3.118927,15.026444,173.915279
16,219,1786608160.43147,0,1,27.307469,14.606881,42.522143,13.359246,-4.385885,-0.163127,4.388918,1.629719,-0.010528,1.629753,-3.104416,15.265742,173.182054
16,220,1786608160.47153,0,1,27.132004,14.602639,42.587332,13.358838,-4.38664,-0.106064,4.387922,1.629721,-0.010218,1.629753,-3.117418,15.505296,174.013832
16,221,1786608160.51152,0,1,26.956663,14.595853,42.652521,13.358442,-4.383514,-0.169656,4.386796,1.629723,-0.009902,1.629753,-3.102909,15.744559,173.275881
16,222,1786608160.55148,0,1,26.781299,14.591348,42.71771,13.358058,-4.384105,-0.112618,4.385551,1.629724,-0.009583,1.629753,-3.115911,15.984061,174.10333
16,223,1786608160.59147,0,1,26.606073,14.584302,42.782899,13.357686,-4.380643,-0.176155,4.384183,1.629726,-0.009302,1.629753,-3.101402,16.223263,173.361075
16,224,1786608160.63146,0,1,26.43083,14.579536,42.848088,13.357324,-4.381082,-0.119147,4.382702,1.629727,-0.009057,1.629753,-3.114403,16.46269,174.184544
16,225,1786608160.67148,0,1,26.255738,14.572231,42.913277,13.35697,-4.377297,-0.182621,4.381105,1.629729,-0.008844,1.629753,-3.099897,16.70181,173.438345
16,226,1786608160.71147,0,1,26.080634,14.567205,42.978466,13.356624,-4.377598,-0.125651,4.379401,1.62973,-0.008662,1.629753,-3.112897,16.94114,174.25814
16,227,1786608160.75147,0,1,25.905694,14.559643,43.043656,13.356283,-4.373503,-0.189054,4.377587,1.62973,-0.008508,1.629753,-3.098392,17.180157,173.508323
16,228,1786608160.79152,0,1,25.730995,14.548935,43.108845,13.355948,-4.367478,-0.267692,4.375674,1.629731,-0.00838,1.629753,-3.080377,17.418751,172.565428
16,229,1786608160.83147,0,1,25.556281,14.539893,43.174034,13.355617,-4.367839,-0.22606,4.373685,1.629732,-0.008275,1.629753,-3.089883,17.657512,173.1916
16,230,1786608160.87147,0,1,25.381549,14.533125,43.239223,13.355289,-4.368309,-0.169184,4.371584,1.629732,-0.008192,1.629753,-3.102882,17.896475,174.008468
16,231,1786608160.91146,0,1,25.207021,14.52383,43.304413,13.354964,-4.363203,-0.232389,4.369388,1.629732,-0.00813,1.629753,-3.088382,18.135099,173.255782
16,232,1786608160.95142,0,1,25.032779,14.5114,43.369602,13.354641,-4.356036,-0.31074,4.367105,1.629733,-0.008085,1.629753,-3.070378,18.373273,172.310026
16,233,1786608160.99145,0,1,24.858521,14.500634,43.434791,13.354319,-4.356453,-0.269152,4.364759,1.629733,-0.008058,1.629753,-3.079889,18.611605,172.933459
16,234,1786608161.03146,0,1,24.684236,14.492138,43.499981,13.353997,-4.357141,-0.212392,4.362315,1.629733,-0.008047,1.629753,-3.092886,18.850136,173.747753
16,235,1786608161.07146,0,1,24.510192,14.481124,43.56517,13.353675,-4.351081,-0.275365,4.359786,1.629733,-0.008049,1.629753,-3.07839,19.088303,172.99264
16,236,1786608161.11142,0,1,24.336479,14.466988,43.630359,13.353352,-4.342829,-0.353384,4.357184,1.629733,-0.008065,1.629753,-3.0604,19.325992,172.044555
16,237,1786608161.15143,0,1,24.162745,14.454514,43.695548,13.353028,-4.343348,-0.31185,4.354529,1.629733,-0.008094,1.629753,-3.069916,19.563836,172.665662
16,238,1786608161.19147,0,1,23.989373,14.438928,43.760738,13.352703,-4.334307,-0.389659,4.351787,1.629732,-0.008133,1.629753,-3.051933,19.80118,171.71823
16,239,1786608161.23144,0,1,23.815972,14.425002,43.825927,13.352376,-4.33504,-0.348157,4.348998,1.629732,-0.008183,1.629753,-3.061452,20.038684,172.339916
16,240,1786608161.27155,0,1,23.642518,14.413337,43.891116,13.352046,-4.336334,-0.291611,4.346128,1.629732,-0.008242,1.629753,-3.074446,20.276392,173.152453
16,241,1786608161.31155,0,1,23.469369,14.399171,43.956306,13.351714,-4.328728,-0.354154,4.343191,1.629731,-0.00831,1.629753,-3.05996,20.513696,172.395905
16,242,1786608161.35147,0,1,23.296622,14.381908,44.021495,13.351378,-4.318684,-0.431573,4.340195,1.629731,-0.008385,1.629753,-3.041992,20.750479,171.446637
16,243,1786608161.39147,0,1,23.123839,14.366303,44.086684,13.351039,-4.319578,-0.39014,4.337161,1.629731,-0.008468,1.629753,-3.051518,20.987416,172.066347
16,244,1786608161.43148,0,1,22.950991,14.352952,44.151873,13.350697,-4.321185,-0.333756,4.334055,1.62973,-0.008558,1.629753,-3.064509,21.224559,172.876809
16,245,1786608161.47156,0,1,22.778481,14.337113,44.217062,13.350351,-4.31275,-0.395996,4.330892,1.62973,-0.008654,1.629753,-3.05003,21.461278,172.118512
16,246,1786608161.51154,0,1,22.605908,14.323525,44.282252,13.350001,-4.314326,-0.339693,4.327678,1.629728,-0.008755,1.629752,-3.063019,21.698194,172.926518
16,247,1786608161.55155,0,1,22.43368,14.307453,44.34744,13.349646,-4.305703,-0.401802,4.32441,1.629715,-0.008861,1.629739,-3.048543,21.934682,172.165985
16,248,1786608161.59154,0,1,22.2619,14.288308,44.412628,13.349289,-4.294508,-0.478621,4.321096,1.629695,-0.008935,1.62972,-3.030601,22.170623,171.213216
16,249,1786608161.6314,0,1,22.090061,14.270814,44.477815,13.34893,-4.29596,-0.437345,4.318164,1.629668,-0.008979,1.629693,-3.040138,22.406726,171.829106
16,250,1786608161.67148,0,1,21.918114,14.255563,44.543,13.34857,-4.298691,-0.381292,4.315568,1.629635,-0.008995,1.62966,-3.053125,22.643059,172.635498
16,251,1786608161.71147,0,1,21.746495,14.237834,44.608184,13.348211,-4.290478,-0.443213,4.313309,1.629596,-0.008987,1.629621,-3.038656,22.878992,171.87374
16,252,1786608161.7516,0,1,21.574736,14.222342,44.673366,13.347852,-4.293955,-0.387292,4.311386,1.629552,-0.008955,1.629577,-3.051641,23.115177,172.678051
16,253,1786608161.79147,0,1,21.403284,14.204374,44.738546,13.347496,-4.286307,-0.449198,4.30978,1.629504,-0.008902,1.629528,-3.037175,23.350989,171.914362
16,254,1786608161.83147,0,1,21.231664,14.188639,44.803724,13.347143,-4.290495,-0.393389,4.308492,1.62945,-0.008829,1.629474,-3.05016,23.587075,172.716755
16,255,1786608161.87145,0,1,21.060329,14.170427,44.8689,13.346794,-4.283374,-0.455301,4.307504,1.629393,-0.008737,1.629417,-3.035695,23.822813,171.951239
16,256,1786608161.91153,0,1,20.8888,14.154443,44.934073,13.346448,-4.28824,-0.399586,4.306817,1.629332,-0.00863,1.629355,-3.048679,24.058845,172.751863
16,257,1786608161.95147,0,1,20.717535,14.135983,44.999244,13.346108,-4.28161,-0.461521,4.306412,1.629268,-0.008507,1.62929,-3.034216,24.294552,171.984612
16,258,1786608161.99149,0,1,20.54605,14.119747,45.064412,13.345773,-4.287122,-0.405882,4.306293,1.6292,-0.00837,1.629222,-3.047199,24.530575,172.783604
16,259,1786608162.03147,0,1,20.374316,14.106332,45.129577,13.345445,-4.29336,-0.335394,4.30644,1.62913,-0.00822,1.629151,-3.063632,24.766952,173.77266
16,260,1786608162.07142,0,1,20.202723,14.091023,45.194739,13.345122,-4.28982,-0.382726,4.306859,1.629057,-0.008058,1.629077,-3.052611,25.003145,173.192211
16,261,1786608162.11154,0,1,20.031343,14.073231,45.259899,13.344807,-4.284494,-0.444797,4.307521,1.628981,-0.007886,1.629,-3.038148,25.239069,172.419196
16,262,1786608162.15147,0,1,19.859711,14.057662,45.325055,13.344499,-4.290818,-0.389215,4.308434,1.628904,-0.007704,1.628922,-3.051131,25.475328,173.212789
16,263,1786608162.19149,0,1,19.688275,14.039608,45.390208,13.344198,-4.28588,-0.451356,4.309582,1.628824,-0.007512,1.628841,-3.036667,25.711338,172.438354
16,264,1786608162.23148,0,1,19.516565,14.023776,45.455357,13.343906,-4.292757,-0.395797,4.310965,1.628742,-0.007313,1.628758,-3.049651,25.947701,173.230743
16,265,1786608162.27154,0,1,19.345038,14.005455,45.520504,13.343621,-4.288174,-0.458022,4.312566,1.628658,-0.007106,1.628674,-3.035186,26.183831,172.454943
16,266,1786608162.31154,0,1,19.173215,13.989356,45.585647,13.343346,-4.295572,-0.402473,4.314386,1.628573,-0.006892,1.628588,-3.048171,26.42033,173.246217
16,267,1786608162.35153,0,1,19.001563,13.970764,45.650786,13.343079,-4.291307,-0.464793,4.316405,1.628486,-0.006672,1.6285,-3.033703,26.656614,172.469101
16,268,1786608162.39147,0,1,18.829595,13.954395,45.715922,13.342821,-4.299191,-0.409239,4.318625,1.628398,-0.006446,1.628411,-3.046689,26.893281,173.259344
16,269,1786608162.43148,0,1,18.657787,13.935528,45.781054,13.342572,-4.295201,-0.471666,4.321021,1.628309,-0.006215,1.628321,-3.032219,27.129748,172.480958
16,270,1786608162.47153,0,1,18.486243,13.91357,45.846183,13.342333,-4.288605,-0.548958,4.323596,1.628219,-0.00598,1.62823,-3.014281,27.365903,171.5095
16,271,1786608162.51152,0,1,18.314387,13.893235,45.911308,13.342104,-4.296396,-0.508364,4.326367,1.628127,-0.00574,1.628137,-3.023817,27.602424,172.107854
16,272,1786608162.55153,0,1,18.142809,13.869805,45.97643,13.341884,-4.289463,-0.58577,4.329274,1.628034,-0.005497,1.628044,-3.005872,27.838627,171.137172
16,273,1786608162.59154,0,1,17.970897,13.847995,46.041548,13.341672,-4.297787,-0.545227,4.332234,1.627956,-0.005305,1.627965,-3.015404,28.075217,171.736588
16,274,1786608162.63148,0,1,17.798608,13.828409,46.106663,13.341465,-4.307234,-0.489667,4.334978,1.62789,-0.00516,1.627898,-3.028394,28.312243,172.528705
16,275,1786608162.67147,0,1,17.625916,13.811651,46.171777,13.341263,-4.317291,-0.418949,4.337571,1.627836,-0.00506,1.627844,-3.044856,28.549736,173.513329
16,276,1786608162.7114,0,1,17.452825,13.798334,46.236889,13.341063,-4.327277,-0.332924,4.340065,1.627793,-0.005,1.627801,-3.064808,28.787695,174.690409
16,277,1786608162.75143,0,1,17.279372,13.789076,46.301999,13.340864,-4.33633,-0.231444,4.342502,1.62776,-0.004977,1.627768,-3.08827,29.026088,176.060052
16,278,1786608162.79146,0,1,17.105636,13.784501,46.367109,13.340664,-4.343398,-0.114379,4.344903,1.627736,-0.004988,1.627744,-3.115265,29.264838,177.622534
16,279,1786608162.83146,0,1,16.931747,13.785236,46.432217,13.340463,-4.347232,0.018367,4.34727,1.627721,-0.00503,1.627728,3.137368,29.503823,179.378301
16,280,1786608162.87156,0,1,16.757768,13.786461,46.497326,13.340259,-4.349477,0.030627,4.349585,1.627713,-0.005102,1.627721,3.134551,29.742905,179.543866
16,281,1786608162.91153,0,1,16.583704,13.787577,46.562434,13.340051,-4.351596,0.027907,4.351686,1.627712,-0.0052,1.627721,3.13518,29.982071,179.512185
16,282,1786608162.95146,0,1,16.409562,13.787983,46.627543,13.339838,-4.353548,0.010158,4.35356,1.627719,-0.005322,1.627727,3.139259,30.221304,179.284022
16,283,1786608162.99156,0,1,16.235356,13.787076,46.692652,13.339619,-4.35515,-0.022675,4.355209,1.627731,-0.005467,1.62774,-3.136386,30.460583,178.860003
16,284,1786608163.03154,0,1,16.061113,13.78425,46.757762,13.339394,-4.356069,-0.070645,4.356642,1.627748,-0.005632,1.627758,-3.125377,30.699872,178.240612
16,285,1786608163.07147,0,1,15.886881,13.778898,46.822873,13.339161,-4.355818,-0.1338,4.357873,1.627771,-0.005816,1.627782,-3.110885,30.939118,177.426193
16,286,1786608163.11147,0,1,15.712551,13.77581,46.887985,13.338921,-4.358238,-0.077204,4.358922,1.627799,-0.006018,1.62781,-3.12388,31.178495,178.182253
16,287,1786608163.15147,0,1,15.53825,13.770195,46.953098,13.338671,-4.357527,-0.140386,4.359788,1.627831,-0.006235,1.627843,-3.109387,31.417812,177.367761
17,0,1786608169.54239,0,1,59.48,13.100032,29.003536,13.39999,-0.499999,0.000796,0.5,0.0884,-0.00026,0.0884,3.14,30.47794,0.47265
17,0,1786608169.58234,0,1,59.48,13.100032,29.010208,13.399969,-0.499999,0.000796,0.5,0.166799,-0.00052,0.1668,3.14,30.471268,0.472735
17,1,1786608169.62244,0,1,59.457178,13.100401,29.020016,13.399938,-0.570561,0.00923,0.570635,0.245199,-0.000781,0.2452,3.125417,30.438636,0.362979
17,2,1786608169.66244,0,1,59.431529,13.10071,29.03296,13.399896,-0.641226,0.007718,0.641273,0.323598,-0.001042,0.3236,3.129557,30.400041,0.125682
17,3,1786608169.70238,0,1,59.403054,13.101016,29.04904,13.399844,-0.711869,0.007652,0.71191,0.401998,-0.001304,0.402,3.130844,30.355485,0.051806
17,4,1786608169.74238,0,1,59.371753,13.101314,29.068256,13.399781,-0.782513,0.007451,0.782549,0.480397,-0.001567,0.4804,3.132071,30.304967,0.018772
17,5,1786608169.78235,0,1,59.337627,13.101607,29.090608,13.399708,-0.853156,0.007316,0.853187,0.558797,-0.001831,0.5588,3.133018,30.248488,0.073345
17,6,1786608169.82233,0,1,59.300675,13.101895,29.116095,13.399624,-0.923798,0.007208,0.923826,0.637197,-0.002095,0.6372,3.133791,30.186048,0.118105
17,7,1786608169.86238,0,1,59.260898,13.10218,29.144631,13.39953,-0.994439,0.00712,0.994465,0.71338,-0.002353,0.713384,3.134433,30.117735,0.155468
17,8,1786608169.90233,0,1,59.218294,13.102461,29.175969,13.399426,-1.065081,0.007044,1.065104,0.783469,-0.002591,0.783473,3.134979,30.043793,0.187407
17,9,1786608169.94233,0,1,59.172865,13.10274,29.209887,13.399314,-1.135723,0.006973,1.135744,0.847949,-0.00281,0.847953,3.135453,29.964446,0.215333
17,10,1786608169.98233,0,1,59.124611,13.103016,29.246178,13.399193,-1.206364,0.006898,1.206384,0.907269,-0.003013,0.907274,3.135874,29.879901,0.240309
17,11,1786608170.02233,0,1,59.073531,13.103289,29.284652,13.399065,-1.277005,0.006814,1.277024,0.961843,-0.003201,0.961849,3.136257,29.790347,0.263141
17,12,1786608170.06233,0,1,59.019625,13.103557,29.325134,13.39893,-1.347647,0.006714,1.347663,1.01205,-0.003374,1.012056,3.136611,29.69596,0.284452
17,13,1786608170.10232,0,1,58.962893,13.103821,29.367463,13.398789,-1.418288,0.006592,1.418303,1.05824,-0.003535,1.058246,3.136945,29.5969,0.304729
17,14,1786608170.14238,0,1,58.903336,13.104079,29.411493,13.398642,-1.48893,0.006442,1.488943,1.100733,-0.003683,1.100739,3.137266,29.493314,0.324356
17,15,1786608170.18238,0,1,58.840953,13.104329,29.457086,13.398489,-1.559571,0.006258,1.559583,1.139826,-0.00382,1.139832,3.13758,29.38534,0.343641
17,16,1786608170.22233,0,1,58.775745,13.104571,29.504117,13.398331,-1.630212,0.006036,1.630223,1.17579,-0.003948,1.175797,3.13789,29.273101,0.362829
17,17,1786608170.26231,0,1,58.707711,13.104801,29.552472,13.398168,-1.700853,0.00577,1.700863,1.208876,-0.004065,1.208883,3.1382,29.156714,0.382119
17,18,1786608170.30236,0,1,58.636851,13.10502,29.602045,13.398001,-1.771495,0.005456,1.771503,1.239314,-0.004174,1.239322,3.138513,29.036284,0.401674
17,19,1786608170.34246,0,1,58.563165,13.105223,29.652738,13.39783,-1.842136,0.005088,1.842143,1.267317,-0.004276,1.267324,3.138831,28.911908,0.421624
17,20,1786608170.38243,0,1,58.486654,13.10541,29.704461,13.397655,-1.912776,0.004663,1.912782,1.293078,-0.00437,1.293085,3.139155,28.783677,0.442078
17,21,1786608170.42236,0,1,58.407318,13.105577,29.757132,13.397477,-1.983417,0.004175,1.983421,1.316777,-0.004457,1.316784,3.139488,28.651673,0.463122
17,22,1786608170.46235,0,1,58.325155,13.105721,29.810675,13.397296,-2.054057,0.003622,2.05406,1.338579,-0.004538,1.338586,3.139829,28.515971,0.484829
17,23,1786608170.50239,0,1,58.240167,13.105841,29.865022,13.397112,-2.124697,0.002999,2.124699,1.358677,-0.004589,1.358685,3.140181,28.37664,0.50726
17,24,1786608170.54237,0,1,58.152354,13.10601,29.92011,13.396928,-2.195335,0.004222,2.195339,1.377207,-0.004611,1.377215,3.13967,28.233743,0.480203
17,25,1786608170.58234,0,1,58.061715,13.10622,29.975882,13.396743,-2.265973,0.005237,2.265979,1.394296,-0.004607,1.394303,3.139282,28.087336,0.460236
17,26,1786608170.62233,0,1,57.968251,13.106477,30.032284,13.39656,-2.33661,0.006427,2.336619,1.410057,-0.00458,1.410065,3.138842,27.937472,0.437341
17,27,1786608170.66232,0,1,57.871961,13.106786,30.089268,13.396379,-2.407246,0.007734,2.407259,1.424598,-0.004531,1.424605,3.13838,27.784202,0.413128
17,28,1786608170.70234,0,1,57.772846,13.107153,30.146789,13.3962,-2.477881,0.009181,2.477898,1.438016,-0.004461,1.438023,3.137888,27.627569,0.387173
17,29,1786608170.74236,0,1,57.670905,13.107584,30.204805,13.396026,-2.548515,0.010775,2.548538,1.450401,-0.004373,1.450407,3.137365,27.467615,0.359443
17,30,1786608170.78232,0,1,57.566139,13.108085,30.263278,13.395855,-2.619147,0.012526,2.619177,1.461835,-0.004269,1.461841,3.13681,27.304377,0.329856
17,31,1786608170.82241,0,1,57.458548,13.108663,30.322174,13.395689,-2.689776,0.014443,2.689815,1.472395,-0.004148,1.4724,3.136223,27.137892,0.298355
17,32,1786608170.86242,0,1,57.348132,13.109325,30.38146,13.395528,-2.760403,0.016534,2.760453,1.48215,-0.004013,1.482155,3.135603,26.968191,0.264897
17,33,1786608170.90248,0,1,57.234891,13.110077,30.441107,13.395374,-2.831027,0.018806,2.831089,1.491165,-0.003865,1.49117,3.13495,26.795303,0.229447
17,34,1786608170.9425,0,1,57.118825,13.110928,30.501087,13.395226,-2.901647,0.021268,2.901725,1.499499,-0.003705,1.499503,3.134263,26.619257,0.191983
17,35,1786608170.98249,0,1,56.999935,13.111885,30.561375,13.395084,-2.972264,0.023926,2.97236,1.507206,-0.003534,1.50721,3.133543,26.440076,0.15249
17,36,1786608171.02247,0,1,56.87822,13.112956,30.621949,13.39495,-3.042876,0.026787,3.042993,1.514338,-0.003353,1.514341,3.13279,26.257785,0.110961
17,37,1786608171.06238,0,1,56.75368,13.11415,30.682786,13.394824,-3.113483,0.029856,3.113626,1.520938,-0.003162,1.520942,3.132004,26.072405,0.067394
17,38,1786608171.10246,0,1,56.626317,13.115476,30.743868,13.394705,-3.184085,0.03314,3.184257,1.527052,-0.002963,1.527054,3.131185,25.883955,0.021795
17,39,1786608171.14249,0,1,56.496183,13.116941,30.805177,13.394595,-3.253343,0.036627,3.253549,1.532716,-0.002756,1.532718,3.130335,25.692507,0.025827
17,40,1786608171.18247,0,1,56.363352,13.118553,30.866695,13.394493,-3.320777,0.040312,3.321022,1.537967,-0.002542,1.537969,3.129454,25.49815,0.075433
17,41,1786608171.22249,0,1,56.227895,13.120321,30.928409,13.3944,-3.386436,0.044192,3.386724,1.542839,-0.002322,1.542841,3.128544,25.30097,0.126965
17,42,1786608171.26249,0,1,56.08988,13.122252,30.990303,13.394316,-3.450367,0.048263,3.450704,1.547361,-0.002095,1.547362,3.127606,25.101051,0.180363
17,43,1786608171.30249,0,1,55.949375,13.124353,31.052366,13.394242,-3.512616,0.052521,3.513009,1.551562,-0.001864,1.551563,3.126642,24.898472,0.235559
17,44,1786608171.34247,0,1,55.806446,13.126631,31.114585,13.394177,-3.573228,0.056961,3.573682,1.555466,-0.001627,1.555467,3.125653,24.693311,0.292483
17,45,1786608171.38256,0,1,55.661156,13.129094,31.176949,13.394121,-3.632248,0.061577,3.63277,1.559099,-0.001385,1.5591,3.124642,24.485642,0.35106
17,46,1786608171.42232,0,1,55.513568,13.131748,31.239448,13.394076,-3.689716,0.066361,3.690313,1.562481,-0.00114,1.562482,3.123609,24.275537,0.411213
17,47,1786608171.46244,0,1,55.363741,13.134601,31.302073,13.39404,-3.745676,0.071307,3.746354,1.565633,-0.000891,1.565633,3.122558,24.063066,0.472865
17,48,1786608171.50245,0,1,55.211734,13.137657,31.364826,13.394008,-3.800166,0.076407,3.800934,1.568827,-0.000798,1.568827,3.121489,23.848286,0.535953
17,49,1786608171.54245,0,1,55.057616,13.14087,31.427709,13.393974,-3.852938,0.080327,3.853775,1.572058,-0.000849,1.572059,3.120747,23.631263,0.580665
17,50,1786608171.58244,0,1,54.901456,13.144255,31.490722,13.393933,-3.904007,0.084612,3.904924,1.575326,-0.001032,1.575326,3.119923,23.412066,0.630539
17,51,1786608171.62245,0,1,54.743319,13.147804,31.553867,13.393879,-3.95343,0.088733,3.954425,1.578625,-0.001337,1.578626,3.119152,23.190758,0.677792
17,52,1786608171.66244,0,1,54.583269,13.151519,31.617145,13.393809,-4.001247,0.092868,4.002325,1.581954,-0.001754,1.581955,3.118387,22.967402,0.725143
17,53,1786608171.70243,0,1,54.421369,13.155397,31.680557,13.393718,-4.047503,0.096947,4.048664,1.585311,-0.002273,1.585312,3.117645,22.742061,0.771668
17,54,1786608171.74245,0,1,54.257679,13.159436,31.744105,13.393603,-4.09224,0.10099,4.093486,1.588693,-0.002888,1.588695,3.116919,22.514792,0.817763
17,55,1786608171.78244,0,1,54.092259,13.163636,31.80769,13.39346,-4.135498,0.104985,4.13683,1.589628,-0.003583,1.589632,3.116212,22.285755,0.863333
17,56,1786608171.82248,0,1,53.925167,13.167993,31.871275,13.393285,-4.177317,0.108932,4.178737,1.589626,-0.004355,1.589632,3.115522,22.055042,0.908479
17,57,1786608171.86239,0,1,53.756457,13.172506,31.93486,13.393077,-4.217737,0.112828,4.219246,1.589624,-0.005197,1.589632,3.114848,21.822712,0.953225
17,58,1786608171.90238,0,1,53.586186,13.177173,31.998445,13.392833,-4.256794,0.116672,4.258392,1.589621,-0.006105,1.589632,3.114191,21.588818,0.99763
17,59,1786608171.94246,0,1,53.414405,13.181991,32.062029,13.39255,-4.294525,0.120461,4.296214,1.589617,-0.007071,1.589632,3.11355,21.353413,1.041741
17,60,1786608171.98244,0,1,53.241166,13.186959,32.125614,13.392227,-4.330966,0.124196,4.332747,1.589612,-0.008091,1.589632,3.112924,21.11655,1.08561
17,61,1786608172.02244,0,1,53.06652,13.192074,32.189198,13.39186,-4.366152,0.127874,4.368024,1.589606,-0.00916,1.589632,3.112314,20.878278,1.129292
17,62,1786608172.06244,0,1,52.890515,13.197334,32.252782,13.391449,-4.400117,0.131495,4.402081,1.589599,-0.010272,1.589632,3.111717,20.638646,1.17284
17,63,1786608172.10244,0,1,52.713199,13.202736,32.316366,13.390992,-4.432892,0.135059,4.434949,1.589591,-0.011425,1.589632,3.111135,20.397702,1.216311
17,64,1786608172.1425,0,1,52.534619,13.208279,32.379949,13.390488,-4.464512,0.138566,4.466661,1.589582,-0.012612,1.589632,3.110565,20.155494,1.259761
17,65,1786608172.18249,0,1,52.354819,13.213959,32.443532,13.389935,-4.495005,0.142016,4.497248,1.589572,-0.013832,1.589632,3.110009,19.912064,1.303246
17,66,1786608172.22249,0,1,52.173843,13.219776,32.507114,13.389331,-4.524404,0.145409,4.52674,1.589561,-0.015081,1.589632,3.109465,19.667459,1.346826
17,67,1786608172.26233,0,1,51.991733,13.225726,32.570696,13.388677,-4.552736,0.148746,4.555165,1.589548,-0.016355,1.589632,3.108933,19.421721,1.390556
17,68,1786608172.30244,0,1,51.808532,13.231807,32.634278,13.387971,-4.580032,0.152026,4.582554,1.589534,-0.017651,1.589632,3.108412,19.17489,1.434497
17,69,1786608172.34246,0,1,51.624279,13.238017,32.697858,13.387213,-4.606318,0.155251,4.608933,1.589519,-0.018968,1.589632,3.107902,18.927009,1.478708
17,70,1786608172.38247,0,1,51.439014,13.244354,32.761439,13.3864,-4.631622,0.15842,4.63433,1.589503,-0.020302,1.589632,3.107402,18.678116,1.523246
17,71,1786608172.42237,0,1,51.252776,13.250815,32.825018,13.385534,-4.65597,0.161535,4.658772,1.589485,-0.021652,1.589632,3.106912,18.42825,1.568173
17,72,1786608172.4625,0,1,51.0656,13.257399,32.888597,13.384614,-4.679389,0.164597,4.682283,1.589466,-0.023015,1.589632,3.106432,18.177449,1.61355
17,73,1786608172.5025,0,1,50.877524,13.264103,32.952175,13.383648,-4.701902,0.167605,4.704888,1.589449,-0.024143,1.589632,3.105962,17.925748,1.659405
17,74,1786608172.5425,0,1,50.68854,13.270284,33.015752,13.382646,-4.724591,0.154528,4.727117,1.589435,-0.025057,1.589632,3.108897,17.673146,1.509034
17,75,1786608172.5825,0,1,50.49868,13.276419,33.079329,13.381615,-4.746502,0.153363,4.748979,1.589423,-0.025774,1.589632,3.109293,17.419669,1.504614
17,76,1786608172.62257,0,1,50.307943,13.282029,33.142905,13.380562,-4.768422,0.140253,4.770484,1.589415,-0.026312,1.589632,3.112188,17.165321,1.35585
17,77,1786608172.66244,0,1,50.116355,13.287482,33.206482,13.379495,-4.789704,0.136323,4.791644,1.589408,-0.026685,1.589632,3.113139,16.910124,1.318533
17,78,1786608172.70243,0,1,49.923919,13.292398,33.270058,13.378419,-4.810897,0.122916,4.812467,1.589405,-0.026908,1.589632,3.116049,16.654083,1.167614
17,79,1786608172.74243,0,1,49.730657,13.297084,33.333634,13.377339,-4.831545,0.117149,4.832965,1.589403,-0.026993,1.589632,3.117351,16.39722,1.108526
17,80,1786608172.78244,0,1,49.536576,13.301218,33.39721,13.376261,-4.852046,0.103356,4.853147,1.589404,-0.026951,1.589632,3.120294,16.13954,0.953895
17,81,1786608172.82244,0,1,49.341693,13.305075,33.460787,13.375189,-4.872069,0.096402,4.873023,1.589407,-0.026793,1.589632,3.121809,15.881061,0.880588
17,82,1786608172.86239,0,1,49.146016,13.308362,33.524363,13.374128,-4.89191,0.082198,4.892601,1.589411,-0.026528,1.589632,3.124791,15.621792,0.721429
17,83,1786608172.90244,0,1,48.949563,13.311344,33.58794,13.373081,-4.911326,0.074549,4.911891,1.589417,-0.026166,1.589632,3.126415,15.361748,0.639361
17,84,1786608172.94246,0,1,48.752342,13.313741,33.651517,13.372053,-4.930538,0.059907,4.930902,1.589424,-0.025714,1.589632,3.129443,15.100938,0.474877
17,85,1786608172.98242,0,1,48.554367,13.315819,33.715094,13.371046,-4.949369,0.051966,4.949642,1.589433,-0.02518,1.589632,3.131093,14.839376,0.388328
17,86,1786608173.02244,0,1,48.355648,13.317292,33.778672,13.370063,-4.967983,0.036826,4.968119,1.589442,-0.024569,1.589632,3.13418,14.577072,0.217294
17,87,1786608173.06245,0,1,48.156197,13.318451,33.84225,13.369107,-4.986258,0.028964,4.986342,1.589453,-0.023889,1.589632,3.135784,14.314037,0.130052
17,88,1786608173.10245,0,1,47.956025,13.318979,33.905828,13.368181,-5.0043,0.013196,5.004318,1.589464,-0.023144,1.589632,3.138956,14.050283,0.049564
17,89,1786608173.14246,0,1,47.755143,13.319211,33.969407,13.367288,-5.02205,0.005807,5.022054,1.589475,-0.022341,1.589632,3.140436,13.78582,0.133567
17,90,1786608173.18245,0,1,47.553562,13.318778,34.032987,13.366429,-5.039546,-0.010833,5.039558,1.589487,-0.021482,1.589632,-3.139443,13.520659,0.325089
17,91,1786608173.22246,0,1,47.351289,13.318087,34.096567,13.365606,-5.056807,-0.017263,5.056836,1.589499,-0.020574,1.589632,-3.138179,13.254808,0.400996
17,92,1786608173.26244,0,1,47.148338,13.316679,34.160147,13.364821,-5.073774,-0.035197,5.073896,1.589511,-0.019619,1.589632,-3.134656,12.98828,0.609825
17,93,1786608173.30243,0,1,46.944715,13.31508,34.223728,13.364076,-5.090588,-0.039984,5.090745,1.589523,-0.018621,1.589632,-3.133738,12.721081,0.670704
17,94,1786608173.34245,0,1,46.740433,13.312682,34.28731,13.363373,-5.107036,-0.059943,5.107388,1.589535,-0.017583,1.589632,-3.129856,12.453227,0.905696
17,95,1786608173.38244,0,1,46.535495,13.310201,34.350891,13.362712,-5.123457,-0.062032,5.123832,1.589547,-0.016508,1.589632,-3.129486,12.184717,0.940598
17,96,1786608173.42269,0,1,46.32992,13.30679,34.414474,13.362096,-5.139375,-0.08528,5.140082,1.589558,-0.015399,1.589632,-3.125001,11.915575,1.216594
17,97,1786608173.46266,0,1,46.123989,13.30168,34.478056,13.361526,-5.148285,-0.127734,5.14987,1.589568,-0.014259,1.589632,-3.116787,11.646086,1.715701
17,98,1786608173.50266,0,1,45.9177,13.297664,34.54164,13.361003,-5.157216,-0.100414,5.158193,1.589578,-0.013085,1.589632,-3.122125,11.376237,1.434446
17,99,1786608173.5425,0,1,45.711273,13.289964,34.605223,13.360528,-5.160669,-0.192485,5.164258,1.589588,-0.011879,1.589632,-3.104311,11.106274,2.500082
17,100,1786608173.58268,0,1,45.504641,13.284393,34.668807,13.360102,-5.165798,-0.139298,5.167676,1.589597,-0.010645,1.589632,-3.114634,10.836099,1.944947
17,101,1786608173.62268,0,1,45.298166,13.27514,34.732391,13.359726,-5.161874,-0.231317,5.167054,1.589605,-0.009385,1.589632,-3.09681,10.566114,3.02454
17,102,1786608173.66266,0,1,45.091831,13.268026,34.795976,13.359402,-5.158394,-0.177835,5.161459,1.589612,-0.008102,1.589632,-3.107131,10.296261,2.482973
17,103,1786608173.70268,0,1,44.886341,13.257274,34.85956,13.35913,-5.137231,-0.268809,5.144259,1.589618,-0.006797,1.589632,-3.089315,10.027298,3.577324
17,104,1786608173.74267,0,1,44.682579,13.242125,34.923145,13.358911,-5.094069,-0.378731,5.108128,1.589623,-0.005472,1.589632,-3.067382,9.760132,4.937571
17,105,1786608173.78259,0,1,44.480464,13.221805,34.98673,13.358746,-5.052862,-0.507989,5.078333,1.589627,-0.00413,1.589632,-3.041394,9.494721,6.567336
17,106,1786608173.82267,0,1,44.279918,13.19554,35.050316,13.358635,-5.013657,-0.65662,5.056472,1.58963,-0.002772,1.589632,-3.011368,9.231043,8.473704
17,107,1786608173.86268,0,1,44.080967,13.162555,35.113901,13.358579,-4.973775,-0.824631,5.041672,1.589632,-0.001399,1.589632,-2.977292,8.969208,10.666075
17,108,1786608173.9027,0,1,43.883487,13.123632,35.177486,13.358579,-4.937006,-0.973086,5.03199,1.589632,-1.4E-05,1.589632,-2.946987,8.70917,12.695948
17,109,1786608173.94268,0,1,43.687238,13.080006,35.241071,13.358634,-4.906207,-1.090653,5.025972,1.589632,0.001384,1.589632,-2.922849,8.450762,14.422515
17,110,1786608173.98268,0,1,43.492222,13.031697,35.304657,13.358746,-4.875421,-1.207728,5.022781,1.58963,0.002792,1.589632,-2.898763,8.194094,16.200547
17,111,1786608174.02257,0,1,43.298465,12.978724,35.368242,13.358914,-4.843914,-1.32431,5.021683,1.589627,0.004209,1.589632,-2.874718,7.939332,18.035584
17,112,1786608174.06249,0,1,43.10602,12.921109,35.431827,13.35914,-4.811123,-1.440369,5.022108,1.589622,0.005634,1.589632,-2.850702,7.686684,19.933619
17,113,1786608174.10244,0,1,42.913971,12.86198,35.495411,13.359422,-4.801216,-1.47823,5.023628,1.589617,0.007067,1.589632,-2.842916,7.435219,20.949053
17,114,1786608174.14246,0,1,42.722042,12.802089,35.558996,13.359763,-4.798224,-1.497272,5.026408,1.58961,0.008506,1.589632,-2.83912,7.184723,21.782124
17,115,1786608174.18246,0,1,42.529952,12.742189,35.62258,13.360161,-4.802251,-1.497514,5.030324,1.589601,0.009951,1.589632,-2.839313,6.934961,22.43174
17,116,1786608174.2225,0,1,42.337423,12.683034,35.686163,13.360617,-4.813241,-1.478864,5.035309,1.58959,0.011401,1.58963,-2.843499,6.685684,22.896345
17,117,1786608174.26244,0,1,42.144184,12.625389,35.749746,13.361131,-4.830965,-1.441122,5.041335,1.589572,0.012855,1.589624,-2.851688,6.436626,23.173897
17,118,1786608174.30244,0,1,41.949984,12.57003,35.813328,13.361703,-4.855001,-1.383978,5.048409,1.58955,0.014312,1.589614,-2.863896,6.187511,23.261824
17,119,1786608174.34252,0,1,41.754596,12.517749,35.876909,13.362334,-4.884715,-1.307019,5.056554,1.589523,0.015772,1.589601,-2.880144,5.938057,23.156949
17,120,1786608174.3825,0,1,41.557826,12.46936,35.940489,13.363024,-4.91924,-1.209732,5.065805,1.589491,0.017235,1.589584,-2.900459,5.68798,22.855383
17,121,1786608174.42257,0,1,41.359528,12.425699,36.004067,13.363772,-4.957452,-1.091521,5.076195,1.589455,0.018699,1.589565,-2.924873,5.436997,22.352379
17,122,1786608174.46266,0,1,41.160942,12.381204,36.067644,13.364578,-4.964643,-1.11238,5.087737,1.589416,0.020164,1.589544,-2.921173,5.187361,23.556891
17,123,1786608174.50267,0,1,40.961351,12.339129,36.131215,13.365424,-4.989779,-1.051874,5.099445,1.589296,0.021144,1.589436,-2.933829,4.937964,23.899652
17,124,1786608174.54267,0,1,40.761524,12.295793,36.194779,13.366291,-4.995667,-1.083403,5.111795,1.589101,0.021677,1.589249,-2.928031,4.690536,25.42877
17,125,1786608174.58266,0,1,40.560315,12.256712,36.258333,13.367163,-5.030225,-0.977022,5.12423,1.588837,0.021798,1.588987,-2.949751,4.442989,25.465278
17,126,1786608174.62252,0,1,40.358841,12.21624,36.321873,13.368025,-5.036858,-1.011796,5.137477,1.588511,0.021541,1.588657,-2.943353,4.198061,27.282254
17,127,1786608174.66267,0,1,40.156276,12.178611,36.385398,13.368862,-5.064129,-0.940736,5.150766,1.588127,0.020936,1.588265,-2.957922,3.954265,28.041511
17,128,1786608174.70269,0,1,39.953464,12.139303,36.448906,13.369662,-5.070282,-0.982684,5.164633,1.587689,0.02001,1.587815,-2.950154,3.714258,30.313491
17,129,1786608174.74257,0,1,39.749356,12.103981,36.512394,13.370414,-5.102707,-0.883067,5.178554,1.587203,0.01879,1.587314,-2.970231,3.475885,31.185762
17,130,1786608174.78265,0,1,39.544963,12.066908,36.575861,13.371106,-5.109818,-0.926825,5.193192,1.586671,0.017299,1.586765,-2.962162,3.242916,33.99441
17,131,1786608174.82266,0,1,39.339283,12.033861,36.639305,13.371728,-5.142002,-0.826163,5.207949,1.586097,0.01556,1.586174,-2.982285,3.013266,35.486561
17,132,1786608174.86259,0,1,39.133264,11.999057,36.702724,13.372272,-5.150496,-0.870099,5.223474,1.585486,0.013592,1.585544,-2.974238,2.791637,39.054459
17,133,1786608174.90268,0,1,38.92596,11.968323,36.766118,13.372728,-5.182588,-0.768356,5.239236,1.584839,0.011414,1.58488,-2.994408,2.576291,41.466425
17,134,1786608174.94268,0,1,38.718124,11.936656,36.829484,13.37309,-5.195905,-0.79167,5.255871,1.58416,0.009043,1.584186,-2.990391,2.372826,45.918559
17,135,1786608174.98268,0,1,38.508982,11.909327,36.892822,13.37335,-5.228533,-0.68322,5.272983,1.583451,0.006497,1.583465,-3.011657,2.180673,49.617063
17,136,1786608175.02267,0,1,38.299284,11.880688,36.956131,13.373502,-5.24247,-0.715982,5.291136,1.582715,0.003788,1.58272,-3.005859,2.008121,55.797795
17,137,1786608175.06269,0,1,38.088268,11.856506,37.019409,13.373539,-5.275381,-0.604554,5.309909,1.581954,0.00093,1.581954,-3.027491,1.855761,61.370058
17,138,1786608175.10268,0,1,37.876414,11.832637,37.082656,13.373456,-5.296361,-0.596734,5.329871,1.581169,-0.002063,1.581171,-3.029397,1.733256,69.172929
17,139,1786608175.1426,0,1,37.663403,11.813791,37.14587,13.373249,-5.32528,-0.471134,5.346081,1.580364,-0.00518,1.580372,-3.053351,1.643091,76.696569
17,140,1786608175.1824,0,1,37.449346,11.800948,37.209052,13.372913,-5.351425,-0.321087,5.361049,1.579538,-0.008411,1.579561,-3.081664,1.590225,84.742563
17,141,1786608175.22253,0,1,37.234415,11.795098,37.2722,13.372443,-5.373259,-0.146256,5.375249,1.578695,-0.011746,1.578738,-3.11438,1.577798,92.931381
17,142,1786608175.26266,0,1,37.018866,11.79641,37.335313,13.371836,-5.388733,0.032802,5.388833,1.577835,-0.015176,1.577908,3.135506,1.606893,101.008777
17,143,1786608175.30267,0,1,36.802891,11.802873,37.398391,13.371088,-5.399376,0.161586,5.401793,1.576959,-0.018692,1.57707,3.111675,1.677474,109.079168
17,144,1786608175.34269,0,1,36.586644,11.814509,37.461434,13.370197,-5.406179,0.290901,5.414,1.57607,-0.022287,1.576228,3.087835,1.784775,116.269746
17,145,1786608175.38268,0,1,36.370039,11.827893,37.524441,13.369159,-5.415123,0.334604,5.425451,1.575168,-0.025953,1.575382,3.079881,1.925654,123.297229
17,146,1786608175.42268,0,1,36.153365,11.84614,37.587411,13.367971,-5.416851,0.456176,5.436025,1.574254,-0.029684,1.574534,3.057577,2.091042,128.485147
17,147,1786608175.46251,0,1,35.936373,11.865301,37.650344,13.366632,-5.424796,0.479026,5.445905,1.573329,-0.033474,1.573685,3.053518,2.278528,133.737381
17,148,1786608175.5025,0,1,35.719903,11.891564,37.713245,13.365163,-5.411747,0.656566,5.451429,1.572529,-0.036725,1.572957,3.02086,2.478892,136.608489
17,149,1786608175.5425,0,1,35.503322,11.918743,37.776119,13.363584,-5.414533,0.679466,5.457,1.571843,-0.039479,1.572339,3.016756,2.693172,140.40283
17,150,1786608175.5825,0,1,35.286519,11.9459,37.83897,13.361913,-5.420086,0.678938,5.462444,1.571263,-0.041776,1.571819,3.016978,2.918921,143.840107
17,151,1786608175.62248,0,1,35.069383,11.972094,37.901801,13.360167,-5.428386,0.65485,5.467742,1.570781,-0.043651,1.571387,3.021538,3.154257,147.01348
17,152,1786608175.66249,0,1,34.851932,11.997373,37.964616,13.358361,-5.43628,0.631966,5.472889,1.570387,-0.045138,1.571036,3.025862,3.397219,149.752294
17,153,1786608175.70247,0,1,34.634852,12.027179,38.027419,13.356511,-5.42699,0.745143,5.477906,1.570076,-0.046267,1.570758,3.005143,3.643712,150.784924
17,154,1786608175.74245,0,1,34.417355,12.055341,38.090213,13.354628,-5.437435,0.704063,5.482828,1.569841,-0.047066,1.570546,3.012825,3.8959,153.140723
17,155,1786608175.78245,0,1,34.199344,12.080902,38.153,13.352726,-5.450274,0.639023,5.487607,1.569675,-0.047562,1.570395,3.02488,4.153183,155.480732
17,156,1786608175.82244,0,1,33.981595,12.110046,38.215783,13.350814,-5.443718,0.728604,5.492261,1.569573,-0.047779,1.5703,3.00854,4.412239,156.044195
17,157,1786608175.86238,0,1,33.763331,12.136585,38.278564,13.348905,-5.456617,0.663478,5.496806,1.56953,-0.047739,1.570256,3.020595,4.675153,158.038158
17,158,1786608175.90234,0,1,33.545353,12.166713,38.341346,13.347006,-5.449426,0.753187,5.50123,1.569541,-0.047462,1.570258,3.004249,4.939093,158.305033
17,159,1786608175.94233,0,1,33.326858,12.194232,38.40413,13.345128,-5.462397,0.687982,5.505552,1.569602,-0.046968,1.570305,3.016304,5.206079,160.049721
17,160,1786608175.98233,0,1,33.108674,12.225344,38.466918,13.343277,-5.45458,0.777808,5.509758,1.569709,-0.046273,1.570391,2.99995,5.473623,160.099485
17,161,1786608176.02245,0,1,32.889969,12.253845,38.529713,13.341461,-5.467634,0.712529,5.513866,1.569858,-0.045395,1.570514,3.012005,5.743659,161.659796
17,162,1786608176.06244,0,1,32.671441,12.284839,38.592514,13.339687,-5.463189,0.774838,5.517863,1.570046,-0.044348,1.570672,3.000703,6.0143,161.826292
17,163,1786608176.10244,0,1,32.452363,12.312918,38.655325,13.337961,-5.476961,0.701982,5.521765,1.57027,-0.043145,1.570862,3.014118,6.287086,163.31286
17,164,1786608176.14246,0,1,32.23358,12.344303,38.718146,13.336289,-5.469576,0.784614,5.525566,1.570526,-0.041799,1.571083,2.999114,6.560003,163.139092
17,165,1786608176.18246,0,1,32.014248,12.372768,38.780979,13.334676,-5.483288,0.711643,5.529275,1.570813,-0.040322,1.571331,3.01253,6.834757,164.514727
17,166,1786608176.2225,0,1,31.795226,12.404543,38.843824,13.333127,-5.475567,0.79437,5.532888,1.571128,-0.038725,1.571605,2.997522,7.109501,164.24044
17,167,1786608176.26241,0,1,31.575657,12.433395,38.906683,13.331647,-5.489228,0.721289,5.536414,1.571468,-0.037018,1.571904,3.01094,7.385851,165.528691
17,168,1786608176.3025,0,1,31.356409,12.465559,38.969556,13.330238,-5.48118,0.804105,5.539848,1.571832,-0.03521,1.572226,2.995929,7.662093,165.174353
17,169,1786608176.3425,0,1,31.136618,12.494796,39.032445,13.328906,-5.494798,0.73092,5.543199,1.572217,-0.033308,1.57257,3.009349,7.939762,166.392649
17,170,1786608176.3825,0,1,30.91716,12.527349,39.095349,13.327653,-5.486432,0.81382,5.546462,1.572622,-0.031323,1.572934,2.994333,8.217254,165.973582
17,171,1786608176.4225,0,1,30.69716,12.55697,39.158271,13.326483,-5.500016,0.740537,5.549646,1.573046,-0.029259,1.573318,3.007755,8.496032,167.135072
17,172,1786608176.4625,0,1,30.477506,12.589911,39.221211,13.325398,-5.491339,0.823514,5.552746,1.573486,-0.027125,1.57372,2.992736,8.774583,166.662957
17,173,1786608176.5025,0,1,30.25731,12.619916,39.284171,13.324391,-5.504895,0.75014,5.555769,1.574003,-0.025164,1.574205,3.006159,9.054308,167.77779
17,174,1786608176.5425,0,1,30.036516,12.64614,39.347154,13.323457,-5.519843,0.6556,5.55864,1.574592,-0.023364,1.574765,3.023375,9.335242,169.065886
17,175,1786608176.5825,0,1,29.815909,12.674752,39.410164,13.322588,-5.515195,0.715292,5.561386,1.575245,-0.021712,1.575395,3.012618,9.616103,168.747346
17,176,1786608176.6225,0,1,29.594726,12.699466,39.473203,13.32178,-5.529575,0.61785,5.563986,1.575958,-0.020196,1.576088,3.030319,9.898059,170.01977
17,177,1786608176.6625,0,1,29.373723,12.72657,39.536272,13.321028,-5.525078,0.677592,5.566473,1.576727,-0.018807,1.576839,3.019563,10.179921,169.660494
17,178,1786608176.7025,0,1,29.152181,12.749766,39.599374,13.320327,-5.53855,0.579909,5.568827,1.577546,-0.017533,1.577643,3.037269,10.462762,170.896645
17,179,1786608176.7425,0,1,28.930811,12.775354,39.66251,13.319672,-5.534232,0.639699,5.571081,1.578412,-0.016366,1.578497,3.026514,10.745494,170.502881
17,180,1786608176.7825,0,1,28.708939,12.797026,39.725683,13.31906,-5.546816,0.541796,5.573214,1.579321,-0.015299,1.579395,3.044225,11.029106,171.70826
17,181,1786608176.8225,0,1,28.487231,12.821091,39.788894,13.318487,-5.542702,0.601634,5.575258,1.580269,-0.014322,1.580334,3.033471,11.312603,171.285058
17,182,1786608176.86249,0,1,28.265054,12.841232,39.852144,13.31795,-5.554416,0.50353,5.577193,1.581254,-0.01343,1.581311,3.051186,11.596892,172.464124
17,183,1786608176.90247,0,1,28.043033,12.863769,39.915435,13.317445,-5.550528,0.563414,5.579049,1.582272,-0.012615,1.582322,3.040433,11.881067,172.015603
17,184,1786608176.94249,0,1,27.820577,12.882374,39.978767,13.31697,-5.561391,0.465128,5.580808,1.583321,-0.011872,1.583365,3.058152,12.165955,173.17201
17,185,1786608176.9825,0,1,27.598267,12.903376,40.042143,13.316523,-5.55775,0.525056,5.582497,1.584398,-0.011195,1.584437,3.047399,12.450733,172.701563
17,186,1786608177.02249,0,1,27.375556,12.92044,40.105563,13.316099,-5.567778,0.426604,5.584098,1.585501,-0.010579,1.585536,3.065122,12.736155,173.838325
17,187,1786608177.0625,0,1,27.15298,12.939903,40.169029,13.315699,-5.564405,0.486574,5.585638,1.586628,-0.010019,1.58666,3.05437,13.021472,173.348772
17,188,1786608177.1025,0,1,26.930035,12.955422,40.23254,13.315318,-5.573613,0.387971,5.5871,1.587777,-0.009511,1.587806,3.072096,13.307372,174.4684
17,189,1786608177.14242,0,1,26.707214,12.973342,40.296097,13.314956,-5.570525,0.447981,5.588509,1.588947,-0.009051,1.588973,3.061345,13.593176,173.9621
17,190,1786608177.1825,0,1,26.484057,12.987311,40.359682,13.314611,-5.578927,0.349242,5.589847,1.589609,-0.008632,1.589632,3.079074,13.879484,175.066698
17,191,1786608177.22249,0,1,26.261012,13.003683,40.423266,13.314281,-5.576139,0.40929,5.59114,1.589611,-0.00825,1.589632,3.068324,14.16566,174.545632
17,192,1786608177.26249,0,1,26.037662,13.0161,40.486851,13.313965,-5.583747,0.310426,5.59237,1.589613,-0.007906,1.589632,3.086055,14.452259,175.636973
17,193,1786608177.3025,0,1,25.814411,13.03092,40.550435,13.313661,-5.581276,0.370509,5.59356,1.589614,-0.007597,1.589632,3.075306,14.738737,175.102829
17,194,1786608177.34242,0,1,25.590887,13.041782,40.61402,13.313368,-5.5881,0.271534,5.594693,1.589615,-0.00732,1.589632,3.093039,15.025588,176.182429
17,195,1786608177.3825,0,1,25.367449,13.055048,40.677605,13.313085,-5.585955,0.331649,5.595792,1.589617,-0.007072,1.589632,3.08229,15.31233,175.636653
17,196,1786608177.42249,0,1,25.143768,13.06435,40.741189,13.312811,-5.592004,0.232573,5.596838,1.589618,-0.006852,1.589632,3.100026,15.5994,176.705807
17,197,1786608177.4625,0,1,24.920161,13.076059,40.804774,13.312545,-5.590196,0.292717,5.597855,1.589618,-0.006657,1.589632,3.089278,15.886374,176.149639
17,198,1786608177.5025,0,1,24.696341,13.083801,40.868359,13.312291,-5.595475,0.19355,5.598822,1.58962,-0.00635,1.589632,3.107016,16.173631,177.209442
17,199,1786608177.54249,0,1,24.472565,13.093951,40.931944,13.312053,-5.594403,0.253739,5.600154,1.589621,-0.005941,1.589632,3.096268,16.460823,176.6439
17,200,1786608177.58247,0,1,24.248673,13.10294,40.995529,13.311836,-5.597304,0.22474,5.601814,1.589623,-0.005438,1.589632,3.101463,16.748158,176.986074
17,201,1786608177.6225,0,1,24.024851,13.115102,41.059114,13.311642,-5.595554,0.304051,5.603809,1.589625,-0.004849,1.589632,3.087308,17.035396,176.228678
17,202,1786608177.6625,0,1,23.800785,13.12406,41.122699,13.311474,-5.601652,0.223939,5.606126,1.589627,-0.00418,1.589632,3.101637,17.322928,177.090798
17,203,1786608177.70249,0,1,23.576763,13.136194,41.186284,13.311337,-5.600546,0.303356,5.608755,1.589629,-0.003438,1.589632,3.08748,17.610392,176.329744
17,204,1786608177.74249,0,1,23.352473,13.145122,41.249869,13.311232,-5.607248,0.223185,5.611688,1.58963,-0.002631,1.589632,3.101811,17.898167,177.188906
17,205,1786608177.78249,0,1,23.128203,13.15723,41.313454,13.311161,-5.606749,0.302724,5.614915,1.589631,-0.001762,1.589632,3.087652,18.185902,176.424469
17,206,1786608177.82249,0,1,22.903702,13.167516,41.37704,13.311128,-5.612539,0.257137,5.618426,1.589632,-0.000837,1.589632,3.09581,18.473896,176.931433
17,207,1786608177.8625,0,1,22.67924,13.181367,41.440625,13.311133,-5.611543,0.346266,5.622216,1.589632,0.000139,1.589632,3.079965,18.761834,176.072696
17,208,1786608177.90242,0,1,22.454458,13.192384,41.50421,13.31118,-5.619539,0.275438,5.626285,1.589632,0.001162,1.589632,3.092617,19.050122,176.836633
17,209,1786608177.9425,0,1,22.229707,13.206974,41.567795,13.311269,-5.618784,0.364752,5.630611,1.589631,0.002227,1.589632,3.076767,19.33837,175.97676
17,210,1786608177.98249,0,1,22.004606,13.218729,41.631381,13.311402,-5.627532,0.293866,5.6352,1.589629,0.003332,1.589632,3.089421,19.626994,176.740229
17,211,1786608178.02249,0,1,21.779526,13.234064,41.694966,13.311581,-5.626985,0.383387,5.640031,1.589626,0.004472,1.589632,3.073564,19.91559,175.879242
17,212,1786608178.06249,0,1,21.554068,13.246562,41.75855,13.311807,-5.636458,0.312432,5.64511,1.589622,0.005644,1.589632,3.086219,20.204588,176.642292
17,213,1786608178.10249,0,1,21.328625,13.262649,41.822135,13.312081,-5.636086,0.402179,5.650417,1.589618,0.006846,1.589632,3.070356,20.49357,175.780211
17,214,1786608178.14242,0,1,21.102774,13.275894,41.88572,13.312404,-5.646257,0.331144,5.655959,1.589612,0.008074,1.589632,3.083011,20.782977,176.542892
17,215,1786608178.1825,0,1,20.876933,13.29274,41.949304,13.312777,-5.646029,0.421136,5.661713,1.589605,0.009327,1.589632,3.067141,21.07238,175.679737
17,216,1786608178.2225,0,1,20.650658,13.30674,42.012888,13.313201,-5.656869,0.35001,5.667687,1.589597,0.010602,1.589632,3.079798,21.36223,176.442094
17,217,1786608178.2625,0,1,20.424388,13.324351,42.076471,13.313677,-5.656753,0.440266,5.67386,1.589588,0.011897,1.589632,3.063919,21.652086,175.577882
17,218,1786608178.30249,0,1,20.197746,13.340389,42.140054,13.314205,-5.666069,0.400948,5.680237,1.589577,0.01321,1.589632,3.070947,21.942324,176.020701
17,219,1786608178.34249,0,1,19.971155,13.360399,42.203637,13.314787,-5.664757,0.500257,5.686804,1.589566,0.014539,1.589632,3.053511,22.232528,175.070827
17,220,1786608178.38249,0,1,19.744193,13.377903,42.267219,13.315422,-5.67406,0.437589,5.690909,1.589553,0.015882,1.589632,3.064624,22.523113,175.748963
17,221,1786608178.42235,0,1,19.51757,13.399363,42.330801,13.316111,-5.665562,0.536513,5.690909,1.589539,0.017238,1.589632,3.047177,22.813382,174.799472
17,222,1786608178.46249,0,1,19.290723,13.418304,42.394382,13.316856,-5.671175,0.473522,5.690909,1.589523,0.018605,1.589632,3.05829,23.103881,175.478674
17,223,1786608178.5025,0,1,19.064241,13.4412,42.457962,13.317645,-5.66205,0.572389,5.690909,1.58951,0.019741,1.589632,3.040843,23.394047,174.530059
17,224,1786608178.54242,0,1,18.837566,13.462095,42.521542,13.318472,-5.666883,0.522375,5.690909,1.589498,0.020664,1.589632,3.049672,23.684411,175.080789
17,225,1786608178.58237,0,1,18.611305,13.487084,42.585121,13.319327,-5.656516,0.62472,5.690909,1.589488,0.02139,1.589632,3.031596,23.974403,174.098565
17,226,1786608178.62249,0,1,18.385458,13.515563,42.648701,13.320205,-5.646195,0.711983,5.690909,1.589481,0.021936,1.589632,3.016155,24.26403,173.274272
17,227,1786608178.66252,0,1,18.159391,13.542253,42.71228,13.321097,-5.651656,0.667255,5.690909,1.589476,0.022315,1.589632,3.024073,24.553884,173.782694
17,228,1786608178.7025,0,1,17.93301,13.566124,42.775859,13.321999,-5.659532,0.596775,5.690909,1.589473,0.022541,1.589632,3.036535,24.844048,174.543648
17,229,1786608178.7425,0,1,17.706255,13.58614,42.839437,13.322904,-5.668867,0.500389,5.690909,1.589471,0.022626,1.589632,3.053551,25.134561,175.555668
17,230,1786608178.78249,0,1,17.479122,13.601256,42.903016,13.323807,-5.678347,0.377921,5.690909,1.589472,0.022581,1.589632,3.075136,25.425409,176.817552
17,231,1786608178.8225,0,1,17.25167,13.610425,42.966595,13.324704,-5.686291,0.229203,5.690909,1.589474,0.022417,1.589632,3.101307,25.716513,178.328368
17,232,1786608178.8625,0,1,17.024044,13.612589,43.030174,13.32559,-5.690652,0.054114,5.690909,1.589478,0.022144,1.589632,3.132084,26.007714,179.912547
17,233,1786608178.9025,0,1,16.796484,13.606694,43.093754,13.32646,-5.689,-0.14737,5.690909,1.589483,0.021769,1.589632,-3.115694,26.298763,177.90558
17,234,1786608178.94247,0,1,16.568968,13.599298,43.157333,13.327313,-5.687904,-0.184905,5.690909,1.58949,0.021302,1.589632,-3.109096,26.589757,177.551974
17,235,1786608178.98237,0,1,16.341467,13.591432,43.220913,13.328143,-5.68751,-0.196662,5.690909,1.589497,0.02075,1.589632,-3.107029,26.880735,177.458418
17,236,1786608179.02251,0,1,16.113948,13.584126,43.284493,13.328947,-5.687977,-0.182645,5.690909,1.589505,0.020119,1.589632,-3.109493,27.171744,177.622738
17,237,1786608179.06249,0,1,15.886384,13.578413,43.348074,13.329724,-5.689116,-0.142826,5.690909,1.589514,0.019417,1.589632,-3.116493,27.462816,178.043037
17,238,1786608179.10251,0,1,15.658768,13.575327,43.411655,13.33047,-5.690386,-0.077155,5.690909,1.589523,0.018648,1.589632,-3.128035,27.753967,178.717687
17,239,1786608179.14243,0,1,15.431238,13.568368,43.475236,13.331183,-5.688249,-0.173969,5.690909,1.589532,0.017819,1.589632,-3.111018,28.045001,177.763645
17,240,1786608179.1825,0,1,15.203643,13.564036,43.538818,13.33186,-5.689878,-0.108306,5.690909,1.589542,0.016935,1.589632,-3.12256,28.336126,178.440048
18,0,1786608182.20989,0,1,59.48,13.100032,29.003536,13.399989,-0.499999,0.000796,0.5,0.0884,-0.000278,0.0884,3.14,30.47794,0.472649
18,0,1786608182.24989,0,1,59.48,13.100032,29.010208,13.399966,-0.499999,0.000796,0.5,0.166799,-0.000566,0.1668,3.14,30.471268,0.47273
18,1,1786608182.2899,0,1,59.457179,13.100487,29.020016,13.399932,-0.57052,0.011371,0.570633,0.245198,-0.000864,0.2452,3.121665,30.438636,0.578124
18,2,1786608182.32993,0,1,59.431532,13.100884,29.03296,13.399885,-0.641191,0.00993,0.641268,0.323598,-0.001174,0.3236,3.126108,30.400042,0.323687
18,3,1786608182.36986,0,1,59.403059,13.101308,29.04904,13.399825,-0.711824,0.01061,0.711903,0.401997,-0.001497,0.402,3.126688,30.355487,0.290512
18,4,1786608182.40991,0,1,59.37176,13.10175,29.068211,13.399752,-0.78246,0.011037,0.782538,0.479274,-0.001828,0.479277,3.127488,30.305015,0.244686
18,5,1786608182.4499,0,1,59.337636,13.102214,29.090225,13.399666,-0.853094,0.011601,0.853173,0.55037,-0.002145,0.550374,3.127995,30.248874,0.215678
18,6,1786608182.48994,0,1,59.300687,13.102703,29.114857,13.399568,-0.923727,0.012232,0.923808,0.615779,-0.00245,0.615784,3.128351,30.187291,0.195221
18,7,1786608182.52992,0,1,59.260913,13.103221,29.141895,13.399458,-0.994359,0.012939,0.994443,0.675957,-0.002744,0.675963,3.128581,30.120475,0.181979
18,8,1786608182.56992,0,1,59.218313,13.103769,29.171148,13.399337,-1.06499,0.013716,1.065079,0.731322,-0.003027,0.731328,3.128714,30.048619,0.174286
18,9,1786608182.60991,0,1,59.172889,13.104352,29.202438,13.399205,-1.135621,0.014563,1.135714,0.782259,-0.003301,0.782266,3.12877,29.971901,0.171026
18,10,1786608182.64989,0,1,59.124639,13.104971,29.235603,13.399062,-1.20625,0.015477,1.206349,0.829122,-0.003565,0.82913,3.128763,29.890482,0.171344
18,11,1786608182.68989,0,1,59.073563,13.105629,29.270493,13.39891,-1.276879,0.016457,1.276985,0.872238,-0.003822,0.872246,3.128705,29.804514,0.174587
18,12,1786608182.72992,0,1,59.019663,13.106329,29.306969,13.398747,-1.347507,0.017501,1.34762,0.911906,-0.004071,0.911915,3.128606,29.714133,0.180244
18,13,1786608182.76988,0,1,58.962938,13.107074,29.344905,13.398574,-1.418134,0.018609,1.418256,0.948401,-0.004313,0.948411,3.128471,29.619467,0.187915
18,14,1786608182.80991,0,1,58.903387,13.107865,29.384184,13.398392,-1.48876,0.019779,1.488892,0.981978,-0.004549,0.981989,3.128308,29.520633,0.197279
18,15,1786608182.84992,0,1,58.841012,13.108705,29.424699,13.398201,-1.559386,0.02101,1.559528,1.01287,-0.004778,1.012882,3.12812,29.417738,0.208075
18,16,1786608182.88996,0,1,58.775811,13.109597,29.46635,13.398001,-1.630011,0.022302,1.630163,1.041293,-0.005003,1.041305,3.127912,29.31088,0.220093
18,17,1786608182.92998,0,1,58.707786,13.110543,29.509048,13.397792,-1.700635,0.023652,1.700799,1.067442,-0.005222,1.067455,3.127686,29.200151,0.233158
18,18,1786608182.96997,0,1,58.636936,13.111546,29.552708,13.397575,-1.771258,0.02506,1.771435,1.091501,-0.005436,1.091515,3.127445,29.085634,0.247126
18,19,1786608183.00997,0,1,58.563261,13.112607,29.597254,13.397349,-1.84188,0.026526,1.842071,1.113637,-0.005646,1.113651,3.127192,28.967406,0.261876
18,20,1786608183.04997,0,1,58.48676,13.113729,29.642614,13.397115,-1.912502,0.028048,1.912708,1.134003,-0.005853,1.134018,3.126928,28.845539,0.277306
18,21,1786608183.08999,0,1,58.407436,13.114914,29.688723,13.396873,-1.983122,0.029625,1.983344,1.152741,-0.006055,1.152756,3.126655,28.720096,0.293331
18,22,1786608183.12999,0,1,58.325286,13.116164,29.735523,13.396622,-2.053742,0.031256,2.05398,1.169981,-0.006254,1.169997,3.126375,28.591139,0.309879
18,23,1786608183.16998,0,1,58.240311,13.117481,29.782956,13.396362,-2.124361,0.032941,2.124616,1.185838,-0.006513,1.185856,3.126088,28.458722,0.326892
18,24,1786608183.20997,0,1,58.152512,13.118848,29.830973,13.396089,-2.194987,0.034167,2.195253,1.200424,-0.006826,1.200443,3.126028,28.322896,0.330932
18,25,1786608183.24997,0,1,58.061897,13.120268,29.879527,13.395801,-2.265378,0.035506,2.265656,1.213839,-0.00719,1.21386,3.125921,28.183717,0.337779
18,26,1786608183.28993,0,1,57.968537,13.12174,29.928574,13.395497,-2.334005,0.036787,2.334295,1.226178,-0.0076,1.226201,3.125832,28.041299,0.343624
18,27,1786608183.32999,0,1,57.8725,13.123262,29.978075,13.395175,-2.400914,0.038044,2.401216,1.237526,-0.008053,1.237552,3.125748,27.895751,0.349309
18,28,1786608183.36998,0,1,57.773854,13.124832,30.027993,13.394833,-2.466153,0.039261,2.466465,1.247963,-0.008544,1.247992,3.125674,27.747174,0.35452
18,29,1786608183.40998,0,1,57.672663,13.126449,30.078296,13.39447,-2.529766,0.040436,2.530089,1.257561,-0.009072,1.257594,3.12561,27.595669,0.359258
18,30,1786608183.45,0,1,57.568992,13.128112,30.128951,13.394085,-2.591796,0.041566,2.592129,1.266389,-0.009632,1.266425,3.125556,27.441329,0.36346
18,31,1786608183.48993,0,1,57.4629,13.129818,30.179932,13.393676,-2.652287,0.042647,2.652629,1.274506,-0.010223,1.274547,3.125515,27.284244,0.367098
18,32,1786608183.52986,0,1,57.354449,13.131565,30.23121,13.393243,-2.711279,0.043676,2.71163,1.281971,-0.010841,1.282017,3.125485,27.124501,0.370148
18,33,1786608183.56998,0,1,57.243696,13.133351,30.282764,13.392783,-2.768813,0.044652,2.769173,1.288835,-0.011485,1.288886,3.125467,26.962181,0.372597
18,34,1786608183.60998,0,1,57.130699,13.135174,30.33457,13.392297,-2.824928,0.045571,2.825295,1.295147,-0.012152,1.295204,3.125462,26.797363,0.374439
18,35,1786608183.64998,0,1,57.015513,13.137031,30.386608,13.391784,-2.879662,0.046434,2.880036,1.30095,-0.01284,1.301014,3.125469,26.630124,0.375676
18,36,1786608183.68998,0,1,56.898191,13.138921,30.438859,13.391242,-2.933053,0.047237,2.933433,1.306286,-0.013548,1.306356,3.125489,26.460535,0.376314
18,37,1786608183.72997,0,1,56.778785,13.14084,30.491307,13.390671,-2.985136,0.047982,2.985521,1.311191,-0.014274,1.311269,3.12552,26.288666,0.376366
18,38,1786608183.76999,0,1,56.657347,13.142787,30.543935,13.39007,-3.035946,0.048668,3.036336,1.315701,-0.015016,1.315787,3.125564,26.114583,0.375847
18,39,1786608183.80998,0,1,56.533927,13.144758,30.596729,13.389439,-3.085518,0.049293,3.085912,1.319846,-0.015773,1.319941,3.125618,25.938352,0.374776
18,40,1786608183.84998,0,1,56.408571,13.146753,30.649675,13.388777,-3.133885,0.04986,3.134282,1.323657,-0.016543,1.32376,3.125684,25.760033,0.373176
18,41,1786608183.88999,0,1,56.281328,13.148768,30.702761,13.388084,-3.181079,0.050368,3.181478,1.327159,-0.017326,1.327272,3.12576,25.579686,0.371071
18,42,1786608183.92999,0,1,56.152243,13.1508,30.755976,13.38736,-3.227133,0.050818,3.227533,1.330377,-0.01812,1.330501,3.125847,25.397368,0.368488
18,43,1786608183.96998,0,1,56.02136,13.152849,30.80931,13.386603,-3.272075,0.051211,3.272476,1.333335,-0.018924,1.333469,3.125943,25.213134,0.365456
18,44,1786608184.00997,0,1,55.888722,13.154911,30.862752,13.385813,-3.315937,0.051548,3.316337,1.336053,-0.019737,1.336198,3.126048,25.027036,0.362004
18,45,1786608184.04997,0,1,55.754372,13.156984,30.916294,13.384991,-3.358747,0.051832,3.359147,1.338549,-0.020559,1.338707,3.126162,24.839125,0.358162
18,46,1786608184.08998,0,1,55.618351,13.159066,30.969928,13.384135,-3.400533,0.052062,3.400932,1.340843,-0.021388,1.341014,3.126284,24.649451,0.353962
18,47,1786608184.12992,0,1,55.480698,13.161156,31.023646,13.383246,-3.441324,0.052241,3.44172,1.34295,-0.022225,1.343134,3.126413,24.458061,0.349434
18,48,1786608184.16992,0,1,55.341452,13.163251,31.077446,13.382338,-3.481145,0.052371,3.481539,1.345014,-0.022699,1.345205,3.12655,24.264995,0.344575
18,49,1786608184.20988,0,1,55.200657,13.165154,31.131328,13.381425,-3.519882,0.047573,3.520203,1.347038,-0.022839,1.347232,3.128078,24.070301,0.259522
18,50,1786608184.24987,0,1,55.058358,13.166926,31.185289,13.380518,-3.557469,0.044306,3.557745,1.349027,-0.022672,1.349217,3.129139,23.874025,0.200938
18,51,1786608184.28987,0,1,54.914599,13.16851,31.239328,13.379629,-3.593976,0.039593,3.594194,1.350982,-0.022223,1.351164,3.130577,23.676213,0.120263
18,52,1786608184.32994,0,1,54.769423,13.169906,31.293444,13.378768,-3.629413,0.034895,3.629581,1.352906,-0.021515,1.353077,3.131979,23.476908,0.041107
18,53,1786608184.36985,0,1,54.62287,13.171086,31.347636,13.377946,-3.663816,0.029519,3.663935,1.354802,-0.020567,1.354958,3.133536,23.276153,0.047583
18,54,1786608184.40991,0,1,54.474982,13.172041,31.401903,13.37717,-3.697206,0.023856,3.697283,1.356672,-0.0194,1.356811,3.13514,23.073991,0.139677
18,55,1786608184.44998,0,1,54.325797,13.17275,31.456244,13.376448,-3.729612,0.017736,3.729654,1.358518,-0.018031,1.358638,3.136837,22.870461,0.23786
18,56,1786608184.48993,0,1,54.175355,13.173202,31.510658,13.375789,-3.761058,0.011288,3.761075,1.360343,-0.016477,1.360443,3.138592,22.665603,0.34017
18,57,1786608184.52997,0,1,54.023692,13.173381,31.565144,13.375199,-3.791568,0.004477,3.791571,1.362147,-0.014752,1.362227,3.140412,22.459456,0.447206
18,58,1786608184.56997,0,1,53.870846,13.173275,31.619701,13.374684,-3.821167,-0.002637,3.821168,1.363932,-0.012871,1.363993,-3.140903,22.252056,0.558142
18,59,1786608184.60997,0,1,53.716851,13.172873,31.674329,13.374251,-3.849877,-0.010051,3.849891,1.365701,-0.010846,1.365744,-3.138982,22.043442,0.673009
18,60,1786608184.64998,0,1,53.561742,13.172164,31.729027,13.373903,-3.877723,-0.017728,3.877763,1.367453,-0.008689,1.367481,-3.137021,21.833647,0.791349
18,61,1786608184.68999,0,1,53.405553,13.171138,31.78374,13.373647,-3.904725,-0.025654,3.904809,1.367836,-0.006405,1.367851,-3.135023,21.622761,0.913037
18,62,1786608184.72998,0,1,53.248317,13.169786,31.838454,13.373486,-3.930906,-0.0338,3.931051,1.367845,-0.004011,1.367851,-3.132994,21.410831,1.037762
18,63,1786608184.76997,0,1,53.090065,13.1681,31.893168,13.373426,-3.956287,-0.042149,3.956512,1.36785,-0.00152,1.367851,-3.130939,21.197891,1.16537
18,64,1786608184.80997,0,1,52.930829,13.166073,31.947882,13.373468,-3.98089,-0.050677,3.981212,1.367851,0.001061,1.367851,-3.128863,20.983972,1.29563
18,65,1786608184.84998,0,1,52.77064,13.163698,32.002596,13.373617,-4.004733,-0.059366,4.005173,1.367846,0.003724,1.367851,-3.12677,20.769105,1.428397
18,66,1786608184.88998,0,1,52.609527,13.16097,32.05731,13.373875,-4.027838,-0.068195,4.028416,1.367836,0.006459,1.367851,-3.124663,20.55332,1.563499
18,67,1786608184.92993,0,1,52.447518,13.157884,32.112022,13.374246,-4.050224,-0.077148,4.050959,1.36782,0.009262,1.367851,-3.122547,20.336646,1.700814
18,68,1786608184.96998,0,1,52.284641,13.154436,32.166734,13.374731,-4.07191,-0.086207,4.072823,1.367798,0.012124,1.367851,-3.120425,20.119113,1.840215
18,69,1786608185.00991,0,1,52.120925,13.150622,32.221445,13.375332,-4.092915,-0.095357,4.094026,1.367769,0.015041,1.367851,-3.118299,19.900748,1.981613
18,70,1786608185.04997,0,1,51.956394,13.146439,32.276154,13.376053,-4.113256,-0.104582,4.114586,1.367733,0.018006,1.367851,-3.116173,19.681579,2.124915
18,71,1786608185.09001,0,1,51.791076,13.141884,32.330862,13.376893,-4.132952,-0.113868,4.134521,1.36769,0.021015,1.367851,-3.114048,19.461633,2.270067
18,72,1786608185.12999,0,1,51.624995,13.136956,32.385568,13.377856,-4.15202,-0.123203,4.153848,1.36764,0.024063,1.367851,-3.111928,19.240936,2.41701
18,73,1786608185.17,0,1,51.458176,13.131653,32.440271,13.378916,-4.170477,-0.132574,4.172584,1.367595,0.026505,1.367851,-3.109815,19.019512,2.565641
18,74,1786608185.20997,0,1,51.29062,13.12663,32.494974,13.380052,-4.188918,-0.125573,4.1908,1.367557,0.028392,1.367851,-3.111624,18.797354,2.489533
18,75,1786608185.24997,0,1,51.122365,13.121273,32.549675,13.381242,-4.206376,-0.133934,4.208507,1.367527,0.029769,1.367851,-3.109763,18.574509,2.625658
18,76,1786608185.28998,0,1,50.953409,13.116296,32.604375,13.382469,-4.223889,-0.124404,4.22572,1.367507,0.030679,1.367851,-3.112149,18.350965,2.518102
18,77,1786608185.32997,0,1,50.783795,13.110963,32.659075,13.383716,-4.240356,-0.133323,4.242451,1.367496,0.031158,1.367851,-3.110161,18.126772,2.663032
18,78,1786608185.36997,0,1,50.613514,13.10616,32.713775,13.384966,-4.25702,-0.120075,4.258713,1.367494,0.031243,1.367851,-3.113394,17.901911,2.508044
18,79,1786608185.40998,0,1,50.442615,13.100887,32.768475,13.386204,-4.272485,-0.131829,4.274518,1.367501,0.030965,1.367851,-3.110747,17.676443,2.692177
18,80,1786608185.44998,0,1,50.271078,13.096392,32.823175,13.387418,-4.288407,-0.112376,4.289879,1.367515,0.030353,1.367851,-3.115394,17.45033,2.456657
18,81,1786608185.48994,0,1,50.098966,13.091148,32.877877,13.388596,-4.302811,-0.131104,4.304808,1.367535,0.029435,1.367851,-3.111133,17.223658,2.734752
18,82,1786608185.52998,0,1,49.926239,13.087152,32.932579,13.389725,-4.318161,-0.099907,4.319316,1.36756,0.028236,1.367851,-3.11846,16.996354,2.345428
18,83,1786608185.56999,0,1,49.752986,13.081774,32.987283,13.390796,-4.33133,-0.134436,4.333416,1.367589,0.026777,1.367851,-3.110565,16.768551,2.833719
18,84,1786608185.60997,0,1,49.57913,13.078641,33.041987,13.391799,-4.346412,-0.078322,4.347118,1.367621,0.025079,1.367851,-3.123575,16.540107,2.117219
18,85,1786608185.64998,0,1,49.404797,13.073202,33.096694,13.392726,-4.358314,-0.135981,4.360435,1.367655,0.023162,1.367851,-3.110402,16.311233,2.909517
18,86,1786608185.68998,0,1,49.229887,13.07025,33.151401,13.393567,-4.37275,-0.073803,4.373373,1.367689,0.021043,1.367851,-3.124716,16.081736,2.118932
18,87,1786608185.72997,0,1,49.054528,13.064978,33.20611,13.394317,-4.383966,-0.131802,4.385947,1.367723,0.018737,1.367851,-3.111537,15.85184,2.912525
18,88,1786608185.76997,0,1,48.878624,13.062211,33.26082,13.394967,-4.397617,-0.069172,4.398161,1.367755,0.01626,1.367851,-3.125864,15.621348,2.121729
18,89,1786608185.80998,0,1,48.702296,13.057111,33.315531,13.395512,-4.408188,-0.127494,4.410031,1.36778,0.013625,1.367848,-3.112679,15.390486,2.916557
18,90,1786608185.84992,0,1,48.525453,13.054534,33.370236,13.395946,-4.421092,-0.064437,4.421561,1.367622,0.010843,1.367665,-3.127019,15.159061,2.125546
18,91,1786608185.88988,0,1,48.348206,13.049779,33.424928,13.396263,-4.43117,-0.118877,4.432764,1.367296,0.007926,1.367319,-3.114772,14.927299,2.866768
18,92,1786608185.92997,0,1,48.170473,13.047601,33.479601,13.396459,-4.443313,-0.054446,4.443646,1.366816,0.004885,1.366825,-3.12934,14.695014,2.06236
18,93,1786608185.96997,0,1,47.992361,13.043105,33.534249,13.396528,-4.452802,-0.11239,4.45422,1.366194,0.001731,1.366195,-3.116358,14.462432,2.846148
18,94,1786608186.00992,0,1,47.813792,13.041203,33.588866,13.396467,-4.464236,-0.047566,4.46449,1.36544,-0.001527,1.365441,-3.130938,14.229361,2.041103
18,95,1786608186.04991,0,1,47.634863,13.036983,33.643449,13.396272,-4.473224,-0.105498,4.474468,1.364566,-0.004879,1.364575,-3.118013,13.996026,2.822019
18,96,1786608186.08991,0,1,47.455504,13.035373,33.697992,13.395939,-4.483977,-0.040239,4.484157,1.363582,-0.008318,1.363607,-3.132619,13.762236,2.01545
18,97,1786608186.12992,0,1,47.275802,13.031543,33.752492,13.395465,-4.492551,-0.095745,4.493571,1.362495,-0.011837,1.362547,-3.120284,13.528206,2.762396
18,98,1786608186.16992,0,1,47.095697,13.030365,33.806948,13.394873,-4.502615,-0.029461,4.502712,1.361401,-0.014802,1.361482,-3.13505,13.293747,1.94611
18,99,1786608186.2099,0,1,46.915267,13.027017,33.86136,13.394183,-4.510762,-0.083711,4.511539,1.360301,-0.017257,1.36041,-3.123037,13.059069,2.674301
18,100,1786608186.2499,0,1,46.734466,13.026368,33.915728,13.393413,-4.520026,-0.016224,4.520055,1.359194,-0.019242,1.35933,-3.138003,12.823992,1.845783
18,101,1786608186.28999,0,1,46.553354,13.023714,33.970051,13.392582,-4.527789,-0.066345,4.528275,1.358081,-0.020795,1.35824,-3.126941,12.588708,2.518583
18,102,1786608186.32997,0,1,46.371906,13.02384,34.02433,13.391703,-4.5362,0.003146,4.536201,1.356963,-0.021951,1.35714,3.140899,12.353055,1.666741
18,103,1786608186.36999,0,1,46.190164,13.021734,34.078563,13.390794,-4.543545,-0.05265,4.54385,1.35584,-0.02274,1.35603,-3.130005,12.117223,2.40926
18,104,1786608186.41017,0,1,46.008117,13.02242,34.132752,13.389866,-4.551188,0.017156,4.55122,1.354712,-0.023192,1.354911,3.137823,11.881049,1.556295
18,105,1786608186.45014,0,1,45.825906,13.020869,34.186895,13.388933,-4.555263,-0.038776,4.555428,1.353581,-0.023334,1.353782,-3.13308,11.64483,2.298989
18,106,1786608186.49005,0,1,45.643552,13.022119,34.240993,13.388005,-4.558859,0.031244,4.558966,1.352445,-0.02319,1.352644,3.134739,11.408428,1.44522
18,107,1786608186.53004,0,1,45.461085,13.021128,34.295045,13.387094,-4.561665,-0.024765,4.561732,1.351306,-0.022784,1.351498,-3.136164,11.172036,2.188247
18,108,1786608186.56989,0,1,45.278548,13.022943,34.349051,13.386208,-4.563434,0.045367,4.56366,1.350164,-0.022136,1.350346,3.131652,10.935532,1.334064
18,109,1786608186.61012,0,1,45.095965,13.022515,34.403012,13.385358,-4.564566,-0.010687,4.564579,1.349019,-0.021266,1.349187,-3.139251,10.699107,2.077614
18,110,1786608186.6501,0,1,44.913405,13.024894,34.456927,13.38455,-4.563997,0.059476,4.564385,1.347872,-0.020191,1.348023,3.128562,10.462662,1.223329
18,111,1786608186.69012,0,1,44.730894,13.025031,34.510796,13.383793,-4.56278,0.003414,4.562782,1.346721,-0.018929,1.346854,3.140844,10.226393,1.967587
18,112,1786608186.73013,0,1,44.548534,13.027971,34.564619,13.383093,-4.558994,0.073494,4.559586,1.345569,-0.017495,1.345682,3.125473,9.99023,1.113562
18,113,1786608186.77015,0,1,44.366366,13.02867,34.618395,13.382457,-4.554199,0.017474,4.554233,1.344414,-0.015902,1.344508,3.137756,9.754389,1.85871
18,114,1786608186.81016,0,1,44.184546,13.032161,34.672126,13.381891,-4.545501,0.087291,4.546339,1.343257,-0.014163,1.343332,3.122391,9.518848,1.005399
18,115,1786608186.85015,0,1,44.003167,13.033416,34.725809,13.381399,-4.534474,0.031379,4.534583,1.342099,-0.012291,1.342155,3.134673,9.283882,1.751599
18,116,1786608186.89015,0,1,43.822465,13.031792,34.779447,13.380987,-4.517551,-0.040612,4.517734,1.340939,-0.010296,1.340978,-3.132603,9.049758,2.726441
18,117,1786608186.93014,0,1,43.642818,13.026668,34.833038,13.38066,-4.491192,-0.128094,4.493018,1.339777,-0.008189,1.339802,-3.113079,8.816889,3.934706
18,118,1786608186.97014,0,1,43.465098,13.017486,34.886583,13.38042,-4.442985,-0.229555,4.448912,1.338614,-0.005979,1.338627,-3.089972,8.58619,5.380258
18,119,1786608187.01014,0,1,43.289232,13.0037,34.940081,13.380273,-4.396649,-0.344642,4.410136,1.33745,-0.003675,1.337455,-3.063365,8.35764,7.064581
18,120,1786608187.05014,0,1,43.115148,12.984772,34.993532,13.380222,-4.352116,-0.473207,4.377766,1.336284,-0.001284,1.336285,-3.033288,8.131237,8.993006
18,121,1786608187.08995,0,1,42.94283,12.960164,35.046937,13.380269,-4.307944,-0.615193,4.351649,1.335117,0.001186,1.335118,-2.999747,7.907061,11.172724
18,122,1786608187.12997,0,1,42.772255,12.929943,35.100295,13.380419,-4.264368,-0.755531,4.330781,1.33395,0.003729,1.333955,-2.966239,7.685174,13.407398
18,123,1786608187.17006,0,1,42.603126,12.895702,35.153613,13.380651,-4.228223,-0.856018,4.314005,1.332953,0.005815,1.332966,-2.941839,7.465281,15.169618
18,124,1786608187.21013,0,1,42.435402,12.857477,35.206897,13.380951,-4.193099,-0.955628,4.300617,1.332114,0.007483,1.332135,-2.917515,7.247435,16.980724
18,125,1786608187.2501,0,1,42.269067,12.815299,35.260154,13.381301,-4.158396,-1.054456,4.290005,1.331419,0.008764,1.331448,-2.893254,7.031729,18.84563
18,126,1786608187.29014,0,1,42.104122,12.769197,35.313388,13.381689,-4.123618,-1.152557,4.28166,1.330858,0.009689,1.330893,-2.869046,6.818299,20.769616
18,127,1786608187.33014,0,1,41.940588,12.719198,35.366605,13.3821,-4.088353,-1.249955,4.275163,1.330419,0.010288,1.330459,-2.844882,6.60732,22.758336
18,128,1786608187.37012,0,1,41.777545,12.667872,35.419809,13.382524,-4.076068,-1.283163,4.27327,1.330093,0.010585,1.330135,-2.83661,6.397776,23.88772
18,129,1786608187.41012,0,1,41.614803,12.615767,35.473004,13.382948,-4.068546,-1.302608,4.271984,1.32987,0.010604,1.329912,-2.83174,6.189529,24.873282
18,130,1786608187.45012,0,1,41.452178,12.563436,35.526193,13.383363,-4.065631,-1.308289,4.270946,1.329743,0.010369,1.329783,-2.830265,5.982439,25.715285
18,131,1786608187.49008,0,1,41.28948,12.511425,35.579382,13.383758,-4.067442,-1.300266,4.27022,1.329704,0.009899,1.329741,-2.832183,5.776348,26.413799
18,132,1786608187.5301,0,1,41.126486,12.460273,35.632571,13.384127,-4.074845,-1.278811,4.270798,1.329745,0.009213,1.329777,-2.837496,5.571051,26.968976
18,133,1786608187.57012,0,1,40.962982,12.410521,35.685766,13.38446,-4.0876,-1.243805,4.272648,1.329861,0.008329,1.329887,-2.846207,5.366337,27.380934
18,134,1786608187.61015,0,1,40.798768,12.362719,35.738968,13.384751,-4.105353,-1.195049,4.275753,1.330045,0.007263,1.330064,-2.858325,5.161989,27.649578
18,135,1786608187.65005,0,1,40.633663,12.317428,35.792179,13.384992,-4.127628,-1.132263,4.280109,1.330291,0.006029,1.330305,-2.873865,4.957788,27.774595
18,136,1786608187.69012,0,1,40.468487,12.271552,35.845403,13.385177,-4.129402,-1.146896,4.285713,1.330596,0.004641,1.330604,-2.870682,4.75532,29.06564
18,137,1786608187.73014,0,1,40.302292,12.228509,35.898641,13.385302,-4.15487,-1.076074,4.291955,1.330954,0.003111,1.330958,-2.88817,4.553055,29.238508
18,138,1786608187.77012,0,1,40.136249,12.183738,35.951896,13.38536,-4.151076,-1.119291,4.299331,1.331361,0.001452,1.331362,-2.878218,4.353471,31.11278
18,139,1786608187.81006,0,1,39.969149,12.141804,36.005168,13.385347,-4.177514,-1.048334,4.307044,1.331813,-0.000327,1.331813,-2.895723,4.15446,31.504483
18,140,1786608187.85,0,1,39.802136,12.098123,36.05846,13.385258,-4.175317,-1.092034,4.315763,1.332306,-0.002214,1.332308,-2.885778,3.958765,33.630896
18,141,1786608187.8901,0,1,39.634034,12.05729,36.111774,13.38509,-4.202561,-1.020816,4.324764,1.332838,-0.004202,1.332844,-2.903304,3.764222,34.308045
18,142,1786608187.93014,0,1,39.46596,12.014692,36.16511,13.384839,-4.201828,-1.064962,4.334686,1.333404,-0.006282,1.333419,-2.893368,3.573922,36.765051
18,143,1786608187.97011,0,1,39.296769,11.974957,36.21847,13.384501,-4.229786,-0.993385,4.344871,1.334003,-0.008446,1.33403,-2.910918,3.385667,37.819575
18,144,1786608188.0101,0,1,39.127551,11.933438,36.271856,13.384074,-4.230458,-1.03796,4.355931,1.334632,-0.010687,1.334674,-2.900991,3.20302,40.715094
18,145,1786608188.0501,0,1,38.957186,11.8948,36.325267,13.383554,-4.259105,-0.965949,4.367268,1.335287,-0.012998,1.335351,-2.918569,3.023803,42.27311
18,146,1786608188.09012,0,1,38.786503,11.855369,36.378706,13.382939,-4.267081,-0.985787,4.37947,1.335968,-0.015373,1.336057,-2.914554,2.851484,45.400457
18,147,1786608188.13015,0,1,38.614609,11.819074,36.432173,13.382227,-4.297359,-0.90737,4.392108,1.336672,-0.017807,1.336791,-2.933503,2.684488,47.534485
18,148,1786608188.16991,0,1,38.442503,11.781191,36.485668,13.381429,-4.302656,-0.947083,4.405657,1.337381,-0.019942,1.33753,-2.924932,2.527838,51.68898
18,149,1786608188.21013,0,1,38.269152,11.746471,36.539192,13.380557,-4.333765,-0.867993,4.419834,1.338094,-0.021802,1.338272,-2.943922,2.379706,54.693217
18,150,1786608188.2501,0,1,38.094553,11.715583,36.592744,13.379621,-4.364978,-0.772186,4.432753,1.338811,-0.023407,1.339016,-2.966499,2.241528,57.965574
18,151,1786608188.29012,0,1,37.918692,11.689204,36.646325,13.378629,-4.39653,-0.659492,4.445718,1.339532,-0.024779,1.339761,-2.9927,2.114965,61.546226
18,152,1786608188.33012,0,1,37.741595,11.668024,36.699936,13.377592,-4.427422,-0.529484,4.45897,1.340256,-0.025936,1.340507,-3.022566,2.001918,65.465289
18,153,1786608188.37005,0,1,37.563343,11.652756,36.753575,13.376516,-4.456304,-0.381717,4.472623,1.340983,-0.026894,1.341253,-3.056143,1.904488,69.733242
18,154,1786608188.41013,0,1,37.384185,11.642205,36.807243,13.375409,-4.478944,-0.263774,4.486704,1.341713,-0.027669,1.341998,-3.082769,1.826707,74.959028
18,155,1786608188.45013,0,1,37.204312,11.634553,36.860941,13.374278,-4.496824,-0.19128,4.50089,1.342445,-0.028276,1.342743,-3.099082,1.773287,81.270703
18,156,1786608188.49014,0,1,37.023737,11.631878,36.914668,13.373129,-4.514373,-0.066877,4.514868,1.34318,-0.028728,1.343487,-3.12678,1.744663,87.264516
18,157,1786608188.53015,0,1,36.842586,11.631238,36.968425,13.371968,-4.528778,-0.016005,4.528806,1.343917,-0.029038,1.344231,-3.138059,1.745272,94.337263
18,158,1786608188.57014,0,1,36.66095,11.635819,37.022211,13.370799,-4.540904,0.114519,4.542348,1.344656,-0.029216,1.344974,3.116379,1.772192,100.317539
18,159,1786608188.61014,0,1,36.478811,11.641587,37.076027,13.369628,-4.55346,0.144207,4.555743,1.345397,-0.029273,1.345716,3.109933,1.82833,107.25136
18,160,1786608188.65011,0,1,36.296363,11.652039,37.129873,13.368459,-4.561206,0.261299,4.568684,1.34614,-0.029219,1.346457,3.084368,1.908098,112.622911
18,161,1786608188.69012,0,1,36.113456,11.663345,37.183748,13.367297,-4.572681,0.282633,4.581408,1.346884,-0.029063,1.347198,3.079862,2.012208,118.597001
18,162,1786608188.73017,0,1,35.930308,11.678193,37.237654,13.366144,-4.578686,0.371214,4.593709,1.34763,-0.028812,1.347938,3.060695,2.135025,123.123272
18,163,1786608188.76997,0,1,35.746704,11.69336,37.291589,13.365005,-4.590115,0.379168,4.605749,1.348377,-0.028475,1.348678,3.059175,2.276196,128.020977
18,164,1786608188.80999,0,1,35.563303,11.713962,37.345554,13.363883,-4.585032,0.515065,4.613871,1.349125,-0.028058,1.349417,3.029726,2.428715,130.798483
18,165,1786608188.84999,0,1,35.379722,11.735948,37.399549,13.36278,-4.589519,0.549634,4.622313,1.349875,-0.027568,1.350156,3.022402,2.593508,134.321799
18,166,1786608188.88998,0,1,35.195834,11.758269,37.453574,13.3617,-4.597199,0.558028,4.630943,1.350625,-0.02701,1.350895,3.020799,2.769184,137.696945
18,167,1786608188.92999,0,1,35.011876,11.782819,37.507629,13.360644,-4.598953,0.613758,4.639728,1.351377,-0.026391,1.351634,3.008921,2.952679,140.097207
18,168,1786608188.96998,0,1,34.827469,11.806709,37.561714,13.359616,-4.61016,0.597257,4.648687,1.352129,-0.025715,1.352374,3.012758,3.144457,143.024034
18,169,1786608189.00999,0,1,34.643038,11.833105,37.615829,13.358616,-4.610784,0.659893,4.657767,1.352882,-0.024987,1.353113,2.999439,3.341358,144.690187
18,170,1786608189.04998,0,1,34.458078,11.858386,37.669975,13.357648,-4.624009,0.63203,4.667004,1.353636,-0.024211,1.353853,3.00575,3.544583,147.194392
18,171,1786608189.09,0,1,34.273111,11.886252,37.72415,13.356712,-4.624167,0.696643,4.676348,1.354391,-0.023392,1.354593,2.992065,3.751256,148.354209
18,172,1786608189.12998,0,1,34.087548,11.912666,37.778356,13.355811,-4.63907,0.660359,4.685835,1.355146,-0.022532,1.355333,3.000195,3.962919,150.54251
18,173,1786608189.16992,0,1,33.902034,11.94199,37.832596,13.354941,-4.637842,0.733082,4.695422,1.356007,-0.021757,1.356182,2.984824,4.176811,151.245435
18,174,1786608189.20986,0,1,33.715889,11.969673,37.886875,13.354098,-4.653641,0.692085,4.704822,1.356967,-0.021061,1.35713,2.993956,4.394742,153.179094
18,175,1786608189.24983,0,1,33.529038,11.995006,37.941196,13.353281,-4.671263,0.633315,4.713999,1.358016,-0.020438,1.35817,3.006837,4.616497,155.168203
18,176,1786608189.28985,0,1,33.342166,12.022738,37.995562,13.352485,-4.671809,0.693295,4.722972,1.359148,-0.019881,1.359294,2.994268,4.839661,155.611191
18,177,1786608189.32997,0,1,33.15459,12.048002,38.049976,13.35171,-4.689406,0.631614,4.731751,1.360357,-0.019386,1.360495,3.007709,5.06601,157.416499
18,178,1786608189.36997,0,1,32.966507,12.072047,38.104441,13.350952,-4.702069,0.601125,4.740338,1.361635,-0.018947,1.361767,3.01444,5.294711,158.736992
18,179,1786608189.40999,0,1,32.77816,12.096673,38.15896,13.35021,-4.708669,0.615655,4.748747,1.362978,-0.018561,1.363104,3.011581,5.524886,159.436894
18,180,1786608189.44998,0,1,32.589091,12.118097,38.213536,13.349481,-4.726736,0.535581,4.756982,1.36438,-0.018223,1.364502,3.028765,5.757663,161.186289
18,181,1786608189.48998,0,1,32.400227,12.141531,38.268169,13.348764,-4.721597,0.58586,4.757805,1.365837,-0.017929,1.365955,3.018143,5.990839,161.301391
18,182,1786608189.52999,0,1,32.210988,12.161715,38.322863,13.348057,-4.730972,0.504594,4.757805,1.367344,-0.017676,1.367458,3.035337,6.225947,162.92722
18,183,1786608189.57,0,1,32.021974,12.183907,38.377572,13.347359,-4.725345,0.554817,4.757805,1.36774,-0.017446,1.367851,3.024715,6.461211,162.929723
18,184,1786608189.60998,0,1,31.832607,12.202847,38.432282,13.346669,-4.734186,0.473492,4.757805,1.367743,-0.017245,1.367851,3.041909,6.698063,164.455994
18,185,1786608189.64997,0,1,31.643451,12.223797,38.486992,13.345986,-4.728889,0.523751,4.757805,1.367745,-0.017075,1.367851,3.031287,6.934938,164.367573
18,186,1786608189.68998,0,1,31.453963,12.241492,38.541702,13.345308,-4.737195,0.442369,4.757805,1.367746,-0.016935,1.367851,3.048481,7.173176,165.813161
18,187,1786608189.72998,0,1,31.264674,12.261198,38.596412,13.344636,-4.732229,0.492662,4.757805,1.367748,-0.016822,1.367851,3.037859,7.411357,165.650508
18,188,1786608189.76998,0,1,31.075074,12.277647,38.651122,13.343966,-4.74,0.411227,4.757805,1.367749,-0.016733,1.367851,3.055053,7.650721,167.029939
18,189,1786608189.80993,0,1,30.885617,12.295669,38.705832,13.3433,-4.736426,0.450529,4.757805,1.36775,-0.016667,1.367851,3.046758,7.890075,166.936197
18,190,1786608189.84998,0,1,30.69587,12.310323,38.760542,13.342635,-4.743679,0.366362,4.757805,1.36775,-0.016621,1.367851,3.064514,8.130473,168.28929
18,191,1786608189.88998,0,1,30.50628,12.326886,38.815252,13.341971,-4.739752,0.414078,4.757805,1.367751,-0.016595,1.367851,3.054451,8.370747,168.041997
18,192,1786608189.92999,0,1,30.316426,12.34008,38.869962,13.341308,-4.746357,0.329857,4.757805,1.367751,-0.016586,1.367851,3.072207,8.611936,169.348181
18,193,1786608189.96999,0,1,30.126714,12.355185,38.924672,13.340644,-4.742797,0.377603,4.757805,1.367751,-0.016594,1.367851,3.062144,8.852977,169.05688
18,194,1786608190.00998,0,1,29.936764,12.366918,38.979382,13.339979,-4.748754,0.293333,4.757805,1.36775,-0.016616,1.367851,3.0799,9.094822,170.323425
18,195,1786608190.04998,0,1,29.746941,12.380562,39.034092,13.339313,-4.745562,0.341105,4.757805,1.36775,-0.016651,1.367851,3.069837,9.336507,169.994725
18,196,1786608190.08998,0,1,29.556906,12.390834,39.088802,13.338645,-4.75087,0.256792,4.757805,1.367749,-0.016699,1.367851,3.087594,9.578903,171.227498
18,197,1786608190.12999,0,1,29.366984,12.403017,39.143512,13.337975,-4.748045,0.304586,4.757805,1.367749,-0.016758,1.367851,3.077531,9.821132,170.866765
18,198,1786608190.16993,0,1,29.176876,12.411827,39.198222,13.3373,-4.752705,0.220236,4.757805,1.367747,-0.016867,1.367851,3.095287,10.063988,172.070556
18,199,1786608190.20991,0,1,28.986866,12.422549,39.252931,13.336619,-4.750248,0.26805,4.757805,1.367745,-0.01702,1.367851,3.085224,10.306678,171.682211
18,200,1786608190.24993,0,1,28.797023,12.435904,39.307641,13.335931,-4.746075,0.33388,4.757805,1.367743,-0.017214,1.367851,3.07136,10.549082,171.081633
18,201,1786608190.28991,0,1,28.607012,12.446611,39.362351,13.335233,-4.750269,0.267675,4.757805,1.36774,-0.017447,1.367851,3.085303,10.791985,172.051695
18,202,1786608190.32999,0,1,28.417168,12.459951,39.41706,13.334524,-4.746102,0.333505,4.757805,1.367737,-0.017715,1.367851,3.071439,11.034605,171.434598
18,203,1786608190.36997,0,1,28.227322,12.473258,39.471769,13.333804,-4.74616,0.332682,4.757805,1.367733,-0.018014,1.367851,3.071612,11.277328,171.614056
18,204,1786608190.40998,0,1,28.037675,12.489151,39.526479,13.33307,-4.741186,0.397319,4.757805,1.367728,-0.018343,1.367851,3.057986,11.519758,171.008551
18,205,1786608190.44998,0,1,27.847857,12.502865,39.581188,13.332322,-4.745437,0.342837,4.757805,1.367724,-0.018699,1.367851,3.069472,11.762612,171.824154
18,206,1786608190.48992,0,1,27.658289,12.519675,39.635896,13.331559,-4.739208,0.420263,4.757805,1.367718,-0.01908,1.367851,3.053146,12.005092,171.054614
18,207,1786608190.5299,0,1,27.46854,12.534307,39.690605,13.33078,-4.743722,0.365802,4.757805,1.367713,-0.019484,1.367851,3.064632,12.247989,171.861975
18,208,1786608190.56992,0,1,27.279055,12.552035,39.745313,13.329983,-4.737118,0.443196,4.757805,1.367706,-0.019909,1.367851,3.048306,12.490508,171.084195
18,209,1786608190.6099,0,1,27.08945,12.568426,39.800021,13.329169,-4.740125,0.409782,4.757805,1.3677,-0.020353,1.367851,3.055357,12.733316,171.633946
18,210,1786608190.64989,0,1,26.900159,12.588113,39.854729,13.328336,-4.732279,0.492179,4.757805,1.367693,-0.020815,1.367851,3.037961,12.975701,170.791999
18,211,1786608190.68991,0,1,26.710673,12.605827,39.909436,13.327485,-4.737151,0.442842,4.757805,1.367686,-0.021294,1.367851,3.048381,13.218477,171.529761
18,212,1786608190.7299,0,1,26.521524,12.626834,39.964143,13.326613,-4.728731,0.525182,4.757805,1.367678,-0.021788,1.367851,3.030984,13.460821,170.682654
18,213,1786608190.76989,0,1,26.332166,12.64587,40.01885,13.325721,-4.733946,0.475879,4.757805,1.36767,-0.022296,1.367851,3.041404,13.703559,171.415947
18,214,1786608190.80998,0,1,26.143168,12.668196,40.073548,13.324809,-4.724952,0.558159,4.757805,1.367446,-0.022814,1.367637,3.024008,13.945846,170.564214
18,215,1786608190.84992,0,1,25.953947,12.688552,40.128228,13.323875,-4.730511,0.508894,4.757805,1.367001,-0.023339,1.3672,3.034428,14.188512,171.293501
18,216,1786608190.88992,0,1,25.76511,12.712196,40.182882,13.32292,-4.720943,0.591108,4.757805,1.36635,-0.023872,1.366559,3.017031,14.430701,170.437598
18,217,1786608190.93,0,1,25.576036,12.733871,40.237502,13.321944,-4.726846,0.541884,4.757805,1.365512,-0.024411,1.36573,3.027451,14.673256,171.16328
18,218,1786608190.96998,0,1,25.387368,12.758833,40.292082,13.320946,-4.716704,0.624029,4.757805,1.3645,-0.024956,1.364728,3.010055,14.915311,170.303607
18,219,1786608191.00998,0,1,25.19845,12.781826,40.346616,13.319925,-4.72295,0.574847,4.757805,1.363329,-0.025507,1.363567,3.020475,15.15772,171.026036
18,220,1786608191.04997,0,1,25.00996,12.808103,40.401096,13.318883,-4.712236,0.65692,4.757805,1.362011,-0.026062,1.36226,3.003078,15.399609,170.162945
18,221,1786608191.08997,0,1,24.821207,12.832414,40.455518,13.317818,-4.718825,0.607782,4.757805,1.360558,-0.026621,1.360819,3.013498,15.641844,170.88243
18,222,1786608191.12993,0,1,24.632906,12.860006,40.509878,13.316731,-4.707538,0.689779,4.757805,1.358982,-0.027184,1.359253,2.996102,15.88354,170.016232
18,223,1786608191.16993,0,1,24.444327,12.885633,40.56418,13.315632,-4.71447,0.640688,4.757805,1.357548,-0.027474,1.357826,3.006522,16.125587,170.733008
18,224,1786608191.20987,0,1,24.256223,12.914537,40.618429,13.314531,-4.702611,0.722604,4.757805,1.356247,-0.027512,1.356526,2.989125,16.367095,169.863867
18,225,1786608191.24986,0,1,24.067827,12.94148,40.672632,13.313438,-4.709886,0.673563,4.757805,1.355067,-0.027319,1.355342,2.999545,16.608971,170.578043
18,226,1786608191.28986,0,1,23.879068,12.96574,40.726792,13.312362,-4.718989,0.606511,4.757805,1.353999,-0.026913,1.354266,3.013768,16.85129,171.497547
18,227,1786608191.32988,0,1,23.690655,12.992563,40.780913,13.311309,-4.710314,0.670561,4.757805,1.353034,-0.026312,1.353289,3.000183,17.093231,170.829324
18,228,1786608191.36989,0,1,23.50188,13.016703,40.835,13.310288,-4.719374,0.603503,4.757805,1.352163,-0.02553,1.352404,3.014405,17.335606,171.742318
18,229,1786608191.40988,0,1,23.31345,13.043405,40.889055,13.309305,-4.71074,0.667558,4.757805,1.351379,-0.024583,1.351602,3.00082,17.577616,171.067574
18,230,1786608191.44987,0,1,23.12466,13.067425,40.943082,13.308366,-4.719758,0.600495,4.757805,1.350675,-0.023484,1.350879,3.015043,17.820051,171.974505
18,231,1786608191.48994,0,1,22.936214,13.094007,40.997084,13.307476,-4.711165,0.664555,4.757805,1.350045,-0.022246,1.350228,3.001458,18.062132,171.29368
18,232,1786608191.52987,0,1,22.747408,13.117907,41.051063,13.306641,-4.72014,0.597487,4.757805,1.349482,-0.020879,1.349644,3.01568,18.304628,172.194959
18,233,1786608191.56988,0,1,22.558944,13.144369,41.105022,13.305865,-4.711588,0.661552,4.757805,1.348982,-0.019394,1.349122,3.002095,18.546781,171.50846
18,234,1786608191.60991,0,1,22.370124,13.168148,41.158964,13.305153,-4.72052,0.594478,4.757805,1.348539,-0.017802,1.348657,3.016317,18.78934,172.404467
18,235,1786608191.64991,0,1,22.181643,13.19449,41.21289,13.304508,-4.712008,0.658549,4.757805,1.348149,-0.016111,1.348246,3.002732,19.031565,171.712669
18,236,1786608191.68996,0,1,21.992807,13.218149,41.266802,13.303935,-4.720897,0.591469,4.757805,1.347808,-0.014329,1.347884,3.016955,19.274186,172.603753
18,237,1786608191.72997,0,1,21.80431,13.24437,41.320703,13.303437,-4.712427,0.655546,4.757805,1.347511,-0.012464,1.347569,3.00337,19.516482,171.907004
18,238,1786608191.76997,0,1,21.615459,13.267909,41.374593,13.303016,-4.721273,0.58846,4.757805,1.347255,-0.010524,1.347296,3.017592,19.759165,172.793489
18,239,1786608191.80999,0,1,21.426946,13.29401,41.428474,13.302675,-4.712844,0.652542,4.757805,1.347037,-0.008513,1.347064,3.004007,20.001531,172.092107
18,240,1786608191.84992,0,1,21.23808,13.317428,41.482349,13.302417,-4.721648,0.585451,4.757805,1.346854,-0.00644,1.346869,3.018229,20.244274,172.974292
18,241,1786608191.88997,0,1,21.049549,13.34341,41.536217,13.302245,-4.713259,0.649538,4.757805,1.346702,-0.004309,1.346709,3.004644,20.486709,172.268574
18,242,1786608191.92997,0,1,20.860669,13.366708,41.59008,13.30216,-4.72202,0.582441,4.757805,1.346581,-0.002125,1.346582,3.018867,20.729512,173.146735
18,243,1786608191.97,0,1,20.671398,13.386595,41.643939,13.302164,-4.731756,0.497183,4.757805,1.346486,0.000107,1.346486,3.036903,20.972711,174.232393
18,244,1786608192.00994,0,1,20.482332,13.408333,41.697796,13.30226,-4.726665,0.543457,4.757805,1.346416,0.002382,1.346418,3.027119,21.215729,173.727582
18,245,1786608192.04997,0,1,20.293578,13.432638,41.751651,13.302448,-4.718846,0.607616,4.757805,1.346369,0.004697,1.346377,3.013534,21.458468,173.010375
18,246,1786608192.08997,0,1,20.104497,13.454256,41.805504,13.30273,-4.727011,0.540444,4.757805,1.346343,0.007048,1.346361,3.027756,21.701536,173.877693
18,247,1786608192.12999,0,1,19.915695,13.478176,41.859358,13.303107,-4.720073,0.59801,4.757805,1.346336,0.009431,1.346369,3.015569,21.944362,173.236483
18,248,1786608192.17001,0,1,19.726563,13.499345,41.913214,13.303567,-4.728279,0.529229,4.757805,1.346405,0.011494,1.346454,3.030128,22.187515,174.119133
18,249,1786608192.20998,0,1,19.537729,13.523018,41.967076,13.304097,-4.720853,0.591822,4.757805,1.346542,0.013263,1.346607,3.01688,22.430415,173.413697
18,250,1786608192.24998,0,1,19.34857,13.543939,42.020945,13.304687,-4.728969,0.52303,4.757805,1.346742,0.01476,1.346823,3.031439,22.673637,174.293255
18,251,1786608192.28997,0,1,19.159705,13.567365,42.074825,13.305328,-4.721625,0.585634,4.757805,1.347,0.016007,1.347095,3.018191,22.916618,173.584737
18,252,1786608192.32998,0,1,18.970519,13.588038,42.128718,13.306009,-4.72965,0.516831,4.757805,1.347312,0.017024,1.34742,3.03275,23.159916,174.461495
18,253,1786608192.36999,0,1,18.781624,13.611216,42.182625,13.306722,-4.722388,0.579445,4.757805,1.347674,0.017828,1.347791,3.019501,23.402982,173.750173
18,254,1786608192.41,0,1,18.592411,13.631641,42.236548,13.307459,-4.730324,0.510632,4.757805,1.34808,0.018437,1.348206,3.03406,23.646359,174.624387
18,255,1786608192.44992,0,1,18.403383,13.653715,42.290489,13.308214,-4.725693,0.551848,4.757805,1.348528,0.018865,1.34866,3.025343,23.889604,174.168049
18,256,1786608192.48992,0,1,18.214033,13.672828,42.34445,13.308979,-4.733751,0.47782,4.757805,1.349015,0.019128,1.349151,3.040994,24.13316,175.10001
18,257,1786608192.52985,0,1,18.024347,13.68825,42.398431,13.309749,-4.742156,0.385566,4.757805,1.349537,0.019238,1.349674,3.060465,24.377023,176.241398
18,258,1786608192.56991,0,1,17.834353,13.699248,42.452435,13.310517,-4.749854,0.274952,4.757805,1.350091,0.019207,1.350228,3.083771,24.621151,177.591699
18,259,1786608192.60987,0,1,17.64413,13.705083,42.506462,13.311279,-4.755569,0.145864,4.757805,1.350676,0.019048,1.35081,3.11093,24.865451,179.15061
18,260,1786608192.64987,0,1,17.453912,13.711068,42.560513,13.31203,-4.755452,0.149616,4.757805,1.351287,0.018769,1.351418,3.110141,25.109772,179.108528
18,261,1786608192.68985,0,1,17.263723,13.717922,42.61459,13.312765,-4.754718,0.171359,4.757805,1.351924,0.018381,1.352049,3.105568,25.354105,178.851589
18,262,1786608192.72986,0,1,17.073598,13.726366,42.668694,13.31348,-4.753119,0.211109,4.757805,1.352585,0.017892,1.352703,3.097207,25.598425,178.381067
18,263,1786608192.76985,0,1,16.88359,13.737122,42.722824,13.314173,-4.750201,0.268882,4.757805,1.353266,0.017311,1.353377,3.085049,25.842695,177.698026
18,264,1786608192.80991,0,1,16.693778,13.750909,42.776983,13.314839,-4.745303,0.344684,4.757805,1.353968,0.016645,1.35407,3.069083,26.08685,176.803318
18,265,1786608192.84986,0,1,16.503816,13.762447,42.831171,13.315475,-4.749053,0.288452,4.757805,1.354687,0.015901,1.35478,3.080928,26.331148,177.496837
18,266,1786608192.88985,0,1,16.314062,13.777016,42.885388,13.316078,-4.743843,0.364233,4.757805,1.355423,0.015085,1.355507,3.064963,26.575323,176.60326
18,267,1786608192.92986,0,1,16.12415,13.789337,42.939635,13.316646,-4.747824,0.308017,4.757805,1.356175,0.014204,1.356249,3.076808,26.819651,177.297996
18,268,1786608192.96986,0,1,15.934457,13.804688,42.993912,13.317177,-4.742302,0.383775,4.757805,1.35694,0.013262,1.357005,3.060843,27.063846,176.405511
19,0,1786608208.50048,0,1,59.48,13.100032,29.003536,13.39999,-0.499999,0.000796,0.5,0.0884,-0.000256,0.0884,3.14,30.47794,0.472651
19,0,1786608208.54045,0,1,59.48,13.100032,29.010208,13.399969,-0.499999,0.000796,0.5,0.166799,-0.00051,0.1668,3.14,30.471268,0.472736
19,1,1786608208.58044,0,1,59.457175,13.100179,29.020016,13.399939,-0.570628,0.003675,0.57064,0.245199,-0.000763,0.2452,3.135152,30.438635,0.195229
19,2,1786608208.62038,0,1,59.431524,13.100208,29.03296,13.399898,-0.641279,0.000732,0.641279,0.323598,-0.001014,0.3236,3.140451,30.400041,0.49942
19,3,1786608208.66028,0,1,59.403047,13.100166,29.04904,13.399848,-0.711918,-0.001052,0.711919,0.401998,-0.001264,0.402,-3.140115,30.355487,0.650346
19,4,1786608208.70026,0,1,59.371745,13.10004,29.068256,13.399787,-0.782551,-0.00316,0.782558,0.480398,-0.001512,0.4804,-3.137554,30.304972,0.798107
19,5,1786608208.7403,0,1,59.337618,13.099827,29.090608,13.399717,-0.853178,-0.005326,0.853195,0.558797,-0.001758,0.5588,-3.13535,30.248497,0.925738
19,6,1786608208.7803,0,1,59.300666,13.099521,29.116095,13.399637,-0.923798,-0.007644,0.92383,0.637197,-0.002003,0.6372,-3.133318,30.186062,1.043752
19,7,1786608208.82035,0,1,59.260889,13.099116,29.144719,13.399547,-0.994411,-0.01013,0.994462,0.715596,-0.002245,0.7156,-3.131406,30.117669,1.155189
19,8,1786608208.86044,0,1,59.218289,13.098603,29.176479,13.399448,-1.065014,-0.012814,1.065091,0.793996,-0.002486,0.794,-3.129561,30.043316,1.263098
19,9,1786608208.90045,0,1,59.172865,13.097974,29.211375,13.399339,-1.135607,-0.015724,1.135716,0.872396,-0.002724,0.8724,-3.127747,29.963005,1.369554
19,10,1786608208.94045,0,1,59.124617,13.097219,29.249407,13.39922,-1.206189,-0.018885,1.206337,0.950795,-0.00296,0.9508,-3.125937,29.876737,1.476157
19,11,1786608208.98045,0,1,59.073547,13.096326,29.290575,13.399092,-1.276757,-0.022324,1.276952,1.029195,-0.003193,1.0292,-3.12411,29.784511,1.58413
19,12,1786608209.02046,0,1,59.019654,13.095283,29.334689,13.398956,-1.34731,-0.026065,1.347562,1.102851,-0.003409,1.102857,-3.122249,29.686519,1.694428
19,13,1786608209.06044,0,1,58.96298,13.094079,29.381512,13.398812,-1.416864,-0.030114,1.417184,1.170588,-0.003606,1.170594,-3.120342,29.583037,1.807803
19,14,1786608209.10037,0,1,58.903602,13.0927,29.430827,13.398661,-1.484448,-0.034477,1.484848,1.232879,-0.003784,1.232885,-3.118372,29.474363,1.925247
19,15,1786608209.14048,0,1,58.841597,13.091133,29.482434,13.398503,-1.550113,-0.039172,1.550608,1.29016,-0.003945,1.290166,-3.116328,29.360773,2.047389
19,16,1786608209.18039,0,1,58.777041,13.089364,29.536147,13.398339,-1.613912,-0.044205,1.614517,1.342831,-0.004091,1.342837,-3.11421,29.242526,2.17433
19,17,1786608209.22047,0,1,58.710005,13.087381,29.591797,13.39817,-1.675891,-0.049584,1.676625,1.391262,-0.004222,1.391268,-3.112015,29.119866,2.306209
19,18,1786608209.26046,0,1,58.640561,13.085169,29.649229,13.397997,-1.7361,-0.055313,1.736981,1.435791,-0.00434,1.435797,-3.109743,28.99302,2.44308
19,19,1786608209.30046,0,1,58.568778,13.082713,29.708298,13.397819,-1.794584,-0.061396,1.795634,1.476731,-0.004446,1.476737,-3.107394,28.8622,2.584961
19,20,1786608209.34045,0,1,58.494722,13.079999,29.768873,13.397637,-1.851389,-0.067833,1.852631,1.514368,-0.004541,1.514375,-3.10497,28.727605,2.731831
19,21,1786608209.38043,0,1,58.41846,13.077015,29.830832,13.397452,-1.906558,-0.074624,1.908018,1.548968,-0.004626,1.548975,-3.102472,28.589424,2.883639
19,22,1786608209.42045,0,1,58.340055,13.073744,29.894063,13.397264,-1.960134,-0.081767,1.961838,1.580773,-0.004701,1.58078,-3.099902,28.447832,3.040312
19,23,1786608209.46045,0,1,58.259568,13.070173,29.958467,13.397075,-2.012157,-0.089259,2.014136,1.610105,-0.004715,1.610112,-3.097262,28.302989,3.201759
19,24,1786608209.50042,0,1,58.177047,13.066738,30.023953,13.396889,-2.06304,-0.085874,2.064827,1.637163,-0.004672,1.637169,-3.099992,28.155029,3.055439
19,25,1786608209.54045,0,1,58.092558,13.06332,30.090438,13.396705,-2.112218,-0.085464,2.113946,1.662128,-0.004578,1.662134,-3.101153,28.004104,2.999135
19,26,1786608209.58048,0,1,58.006161,13.059992,30.157845,13.396528,-2.159935,-0.083194,2.161537,1.685167,-0.004437,1.685173,-3.103095,27.850349,2.898137
19,27,1786608209.62047,0,1,57.917914,13.056763,30.226103,13.396358,-2.20616,-0.080739,2.207637,1.706436,-0.004251,1.706441,-3.105012,27.693894,2.798533
19,28,1786608209.66048,0,1,57.827876,13.053665,30.295146,13.396197,-2.250954,-0.077441,2.252286,1.726074,-0.004026,1.726079,-3.107202,27.534861,2.683192
19,29,1786608209.70045,0,1,57.736102,13.050724,30.364914,13.396046,-2.294345,-0.073518,2.295523,1.744214,-0.003764,1.744218,-3.10956,27.373366,2.558135
19,30,1786608209.74045,0,1,57.642647,13.04797,30.435353,13.395908,-2.336372,-0.068859,2.337386,1.760974,-0.003467,1.760978,-3.112129,27.209519,2.420844
19,31,1786608209.78044,0,1,57.547565,13.04543,30.506412,13.395782,-2.377066,-0.06349,2.377914,1.776466,-0.00314,1.776468,-3.11489,27.043423,2.272272
19,32,1786608209.82049,0,1,57.450906,13.043135,30.578043,13.395671,-2.416461,-0.05739,2.417142,1.790789,-0.002784,1.790792,-3.117848,26.875175,2.112096
19,33,1786608209.86046,0,1,57.352723,13.041112,30.650205,13.395575,-2.454587,-0.050564,2.455108,1.804039,-0.002402,1.804041,-3.120996,26.704871,1.940636
19,34,1786608209.90041,0,1,57.253064,13.039392,30.722857,13.395495,-2.491475,-0.043011,2.491846,1.816301,-0.001996,1.816302,-3.124331,26.532597,1.75803
19,35,1786608209.94044,0,1,57.151978,13.038002,30.795963,13.395432,-2.527155,-0.034741,2.527393,1.827654,-0.001568,1.827655,-3.127846,26.358438,1.564576
19,36,1786608209.98046,0,1,57.049512,13.036971,30.86949,13.395387,-2.561653,-0.025763,2.561783,1.83817,-0.00112,1.838171,-3.131536,26.182475,1.360569
19,37,1786608210.02044,0,1,56.945712,13.036328,30.943407,13.395361,-2.594999,-0.016092,2.595049,1.847917,-0.000654,1.847918,-3.135392,26.004784,1.146363
19,38,1786608210.06044,0,1,56.840623,13.036098,31.017685,13.395354,-2.627217,-0.005744,2.627224,1.856957,-0.000171,1.856957,-3.139406,25.825437,0.922329
19,39,1786608210.10046,0,1,56.73429,13.036308,31.092299,13.395367,-2.658334,0.00526,2.658339,1.865345,0.000328,1.865345,3.139614,25.644505,0.68887
19,40,1786608210.14041,0,1,56.626755,13.036984,31.167224,13.395401,-2.688375,0.016899,2.688428,1.873133,0.00084,1.873134,3.135307,25.462053,0.446401
19,41,1786608210.18045,0,1,56.51806,13.03815,31.242439,13.395455,-2.717363,0.029147,2.717519,1.880371,0.001365,1.880371,3.130867,25.278147,0.195351
19,42,1786608210.22045,0,1,56.408247,13.03983,31.317923,13.395532,-2.745322,0.04198,2.745643,1.887101,0.001902,1.887102,3.126302,25.092846,0.063843
19,43,1786608210.26048,0,1,56.297356,13.042044,31.393657,13.395629,-2.772276,0.055369,2.772829,1.893365,0.002449,1.893367,3.121623,24.906209,0.330744
19,44,1786608210.30045,0,1,56.185426,13.044816,31.469625,13.39575,-2.798247,0.069286,2.799104,1.8992,0.003006,1.899202,3.116837,24.718292,0.604914
19,45,1786608210.34044,0,1,56.072496,13.048164,31.545811,13.395893,-2.823257,0.083703,2.824498,1.90464,0.003571,1.904643,3.111954,24.52915,0.885919
19,46,1786608210.38047,0,1,55.958603,13.052107,31.6222,13.396058,-2.847329,0.098588,2.849035,1.909716,0.004144,1.909721,3.106982,24.338834,1.173335
19,47,1786608210.42038,0,1,55.843784,13.056664,31.698778,13.396247,-2.870483,0.113912,2.872742,1.914459,0.004724,1.914464,3.10193,24.147393,1.466749
19,48,1786608210.46031,0,1,55.728074,13.06185,31.775528,13.396455,-2.892741,0.129644,2.895645,1.918744,0.005197,1.918751,3.096806,23.954883,1.765771
19,49,1786608210.50038,0,1,55.611451,13.06691,31.852432,13.396678,-2.915563,0.126509,2.918307,1.92261,0.00557,1.922618,3.098229,23.761308,1.689355
19,50,1786608210.54038,0,1,55.493951,13.072403,31.929476,13.396912,-2.937514,0.137321,2.940722,1.92609,0.005852,1.926098,3.094879,23.566709,1.887494
19,51,1786608210.58048,0,1,55.37556,13.077845,32.006644,13.397154,-2.959776,0.136067,2.962902,1.929213,0.00605,1.929223,3.095653,23.371097,1.849325
19,52,1786608210.62045,0,1,55.256304,13.083596,32.083925,13.397401,-2.981384,0.143756,2.984848,1.93201,0.00617,1.93202,3.093412,23.174504,1.984673
19,53,1786608210.66045,0,1,55.136178,13.089328,32.161305,13.39765,-3.003148,0.143314,3.006566,1.934506,0.006219,1.934516,3.093908,22.976942,1.96329
19,54,1786608210.70048,0,1,55.015203,13.095284,32.238774,13.397898,-3.024396,0.148896,3.028059,1.936725,0.006202,1.936735,3.092401,22.778439,2.057288
19,55,1786608210.74045,0,1,54.893374,13.101233,32.316322,13.398143,-3.045706,0.148726,3.049335,1.93869,0.006125,1.938699,3.0928,22.579005,2.042156
19,56,1786608210.78044,0,1,54.770711,13.107346,32.393938,13.398382,-3.066592,0.152816,3.070398,1.94042,0.005992,1.940429,3.091801,22.378665,2.107673
19,57,1786608210.82044,0,1,54.647211,13.113452,32.471616,13.398615,-3.087481,0.152647,3.091252,1.941934,0.005808,1.941943,3.092192,22.177429,2.09369
19,58,1786608210.86048,0,1,54.522891,13.119677,32.549346,13.398838,-3.108009,0.155639,3.111904,1.94325,0.005578,1.943258,3.091558,21.975318,2.138925
19,59,1786608210.90048,0,1,54.397751,13.125891,32.627121,13.39905,-3.128503,0.155342,3.132358,1.944384,0.005303,1.944391,3.09198,21.772343,2.123752
19,60,1786608210.94044,0,1,54.271804,13.132191,32.704935,13.39925,-3.148682,0.157504,3.152618,1.94535,0.00499,1.945357,3.091612,21.568522,2.154219
19,61,1786608210.98039,0,1,54.145052,13.138472,32.782782,13.399435,-3.168804,0.157022,3.172692,1.946162,0.004639,1.946167,3.092081,21.363864,2.136924
19,62,1786608211.02046,0,1,54.017506,13.144814,32.860655,13.399605,-3.188643,0.158544,3.192582,1.946831,0.004256,1.946836,3.091912,21.158385,2.156507
19,63,1786608211.06044,0,1,53.889169,13.151128,32.93855,13.399759,-3.208413,0.15786,3.212294,1.94737,0.003841,1.947374,3.09243,20.952095,2.136868
19,64,1786608211.10041,0,1,53.760052,13.157483,33.016461,13.399895,-3.227925,0.158885,3.231833,1.947788,0.003398,1.947791,3.09241,20.745007,2.148414
19,65,1786608211.14046,0,1,53.630158,13.163803,33.094385,13.400012,-3.247362,0.158001,3.251203,1.948096,0.00293,1.948098,3.092976,20.537131,2.126544
19,66,1786608211.18045,0,1,53.499495,13.170149,33.172317,13.40011,-3.266559,0.158639,3.270409,1.948302,0.002437,1.948304,3.093066,20.328479,2.132207
19,67,1786608211.22046,0,1,53.368068,13.176452,33.250254,13.400187,-3.285679,0.157565,3.289455,1.948415,0.001923,1.948416,3.093674,20.119059,2.108355
19,68,1786608211.26048,0,1,53.235885,13.182768,33.328191,13.400242,-3.304575,0.157903,3.308345,1.948441,0.00139,1.948441,3.093846,19.908882,2.109814
19,69,1786608211.30047,0,1,53.102949,13.189034,33.406127,13.400276,-3.323395,0.156652,3.327085,1.948388,0.000838,1.948388,3.094491,19.697955,2.084255
19,70,1786608211.34045,0,1,52.969269,13.195304,33.484057,13.400286,-3.342002,0.156762,3.345676,1.948262,0.000269,1.948262,3.09472,19.48629,2.082858
19,71,1786608211.38044,0,1,52.834848,13.201518,33.56198,13.400274,-3.360536,0.155345,3.364125,1.948069,-0.000315,1.948069,3.095399,19.273893,2.055833
19,72,1786608211.42049,0,1,52.699693,13.20773,33.639893,13.400237,-3.378868,0.155287,3.382434,1.947815,-0.000912,1.947815,3.095667,19.060773,2.052694
19,73,1786608211.46053,0,1,52.563808,13.213878,33.717797,13.400181,-3.397132,0.153713,3.400608,1.947618,-0.001412,1.947618,3.096376,18.846931,2.02436
19,74,1786608211.50044,0,1,52.427205,13.219851,33.795696,13.400108,-3.415079,0.149313,3.418342,1.947475,-0.001822,1.947475,3.097899,18.63238,1.949169
19,75,1786608211.54039,0,1,52.289905,13.225743,33.873592,13.400022,-3.432487,0.147319,3.435647,1.94738,-0.002149,1.947381,3.0987,18.417138,1.915377
19,76,1786608211.58037,0,1,52.151921,13.231434,33.951485,13.399926,-3.449605,0.142257,3.452537,1.947331,-0.002401,1.947333,3.100377,18.201216,1.83105
19,77,1786608211.62039,0,1,52.013273,13.237038,34.029378,13.399823,-3.466191,0.14011,3.469022,1.947324,-0.002581,1.947325,3.101193,17.984632,1.796142
19,78,1786608211.66048,0,1,51.873972,13.242409,34.107272,13.399715,-3.482526,0.134265,3.485113,1.947354,-0.002698,1.947356,3.103058,17.767397,1.700602
19,79,1786608211.70048,0,1,51.73404,13.247702,34.185169,13.399605,-3.498321,0.132322,3.500822,1.94742,-0.002755,1.947422,3.103786,17.549528,1.670214
19,80,1786608211.74045,0,1,51.593483,13.252718,34.263069,13.399494,-3.513921,0.125407,3.516159,1.947518,-0.002757,1.94752,3.105919,17.331035,1.558702
19,81,1786608211.78045,0,1,51.452325,13.257687,34.340975,13.399386,-3.528947,0.124238,3.531133,1.947646,-0.002709,1.947648,3.106402,17.111936,1.541838
19,82,1786608211.82044,0,1,51.31057,13.262312,34.418887,13.399281,-3.54387,0.115614,3.545756,1.947801,-0.002614,1.947803,3.108981,16.892238,1.403945
19,83,1786608211.86045,0,1,51.168245,13.266964,34.496807,13.399182,-3.558137,0.116292,3.560036,1.947981,-0.002477,1.947983,3.108921,16.671962,1.417562
19,84,1786608211.90045,0,1,51.025346,13.271145,34.574734,13.39909,-3.572455,0.10452,3.573984,1.948185,-0.002301,1.948186,3.112344,16.45111,1.230225
19,85,1786608211.94044,0,1,50.881909,13.275518,34.65267,13.399007,-3.585942,0.10933,3.587609,1.94841,-0.00209,1.948411,3.111114,16.229708,1.310363
19,86,1786608211.98047,0,1,50.737918,13.27916,34.730617,13.398933,-3.599767,0.091045,3.600918,1.948654,-0.001845,1.948655,3.116306,16.007749,1.02011
19,87,1786608212.02047,0,1,50.593423,13.283373,34.808573,13.39887,-3.612387,0.105332,3.613923,1.948917,-0.00157,1.948918,3.112442,15.785272,1.250962
19,88,1786608212.06035,0,1,50.448386,13.28626,34.886541,13.398819,-3.62591,0.072169,3.626628,1.949196,-0.001267,1.949196,3.121692,15.562252,0.725825
19,89,1786608212.10037,0,1,50.30289,13.290641,34.964521,13.398782,-3.637399,0.109539,3.639048,1.94949,-0.000938,1.949491,3.111487,15.338751,1.320979
19,90,1786608212.14036,0,1,50.15686,13.292869,35.042513,13.398758,-3.650759,0.055692,3.651184,1.949799,-0.000587,1.949799,3.126339,15.114718,0.472566
19,91,1786608212.18044,0,1,50.010392,13.296871,35.120517,13.39875,-3.661685,0.10005,3.663051,1.95012,-0.000213,1.95012,3.114276,14.890223,1.173105
19,92,1786608212.22044,0,1,49.863418,13.2987,35.198536,13.398757,-3.674363,0.045733,3.674647,1.950453,0.000179,1.950453,3.129147,14.665224,0.322173
19,93,1786608212.26048,0,1,49.716023,13.302313,35.276568,13.398781,-3.684883,0.090331,3.68599,1.950798,0.00059,1.950798,3.117084,14.439777,1.021494
19,94,1786608212.30045,0,1,49.568146,13.303736,35.354614,13.398821,-3.696905,0.035567,3.697076,1.951152,0.001016,1.951152,3.131972,14.213851,0.167915
19,95,1786608212.34042,0,1,49.419864,13.306952,35.432674,13.39888,-3.707051,0.080397,3.707923,1.951515,0.001458,1.951516,3.119909,13.987492,0.865849
19,96,1786608212.38044,0,1,49.271127,13.30796,35.51075,13.398956,-3.718441,0.025204,3.718527,1.951887,0.001913,1.951888,3.134815,13.760678,0.009472
19,97,1786608212.42037,0,1,49.121997,13.31077,35.58884,13.399051,-3.728243,0.070257,3.728905,1.952267,0.002381,1.952269,3.12275,13.533445,0.705827
19,98,1786608212.46038,0,1,48.972436,13.311357,35.666946,13.399159,-3.739024,0.014656,3.739053,1.952647,0.002685,1.952649,3.137673,13.305779,0.153497
19,99,1786608212.50037,0,1,48.822504,13.313078,35.745067,13.399272,-3.748307,0.043025,3.748554,1.953026,0.002837,1.953028,3.130115,13.077721,0.28
19,100,1786608212.54048,0,1,48.672208,13.312422,35.823204,13.399386,-3.757384,-0.016396,3.75742,1.953406,0.002851,1.953408,-3.137229,12.849299,0.637804
19,101,1786608212.58046,0,1,48.521581,13.312144,35.901355,13.399496,-3.765676,-0.006942,3.765682,1.953785,0.002737,1.953787,-3.139749,12.620529,0.502192
19,102,1786608212.62037,0,1,48.370676,13.309209,35.979521,13.399596,-3.772638,-0.07337,3.773351,1.954164,0.002506,1.954166,-3.122147,12.391484,1.532075
19,103,1786608212.66038,0,1,48.219465,13.307694,36.057703,13.399683,-3.780276,-0.037872,3.780465,1.954543,0.002166,1.954544,-3.131575,12.16211,1.007355
19,104,1786608212.70052,0,1,48.068042,13.303508,36.1359,13.399752,-3.785565,-0.104667,3.787011,1.954922,0.001727,1.954923,-3.113951,11.93253,2.045905
19,105,1786608212.74062,0,1,47.916467,13.298877,36.214099,13.3998,-3.789372,-0.115768,3.79114,1.954968,0.001197,1.954968,-3.111051,11.702804,2.243997
19,106,1786608212.78065,0,1,47.764884,13.291187,36.292297,13.399823,-3.789596,-0.192238,3.794468,1.954968,0.000583,1.954968,-3.090908,11.4731,3.446532
19,107,1786608212.82068,0,1,47.613148,13.284546,36.370496,13.399819,-3.793379,-0.166044,3.797012,1.954968,-0.000109,1.954968,-3.097849,11.243243,3.093795
19,108,1786608212.86063,0,1,47.461513,13.274843,36.448695,13.399784,-3.790882,-0.242567,3.798635,1.954968,-0.00087,1.954968,-3.077693,11.013527,4.311191
19,109,1786608212.90063,0,1,47.309784,13.26619,36.526894,13.399716,-3.79322,-0.216315,3.799383,1.954967,-0.001697,1.954968,-3.084628,10.783717,3.973324
19,110,1786608212.94066,0,1,47.158274,13.254482,36.605092,13.399613,-3.787763,-0.292716,3.799056,1.954966,-0.002582,1.954968,-3.064467,10.554179,5.206897
19,111,1786608212.98066,0,1,47.006739,13.243828,36.683291,13.399472,-3.788362,-0.266349,3.797714,1.954965,-0.003522,1.954968,-3.071401,10.324622,4.885462
19,112,1786608213.02074,0,1,46.855557,13.230131,36.761489,13.399291,-3.779565,-0.342413,3.795044,1.954963,-0.004512,1.954968,-3.051244,10.095485,6.136717
19,113,1786608213.06063,0,1,46.704888,13.212945,36.839688,13.399069,-3.766727,-0.429658,3.791153,1.95496,-0.005547,1.954968,-3.028017,9.866955,7.588269
19,114,1786608213.10061,0,1,46.554355,13.196374,36.917886,13.398804,-3.763317,-0.414276,3.786051,1.954957,-0.006623,1.954968,-3.031951,9.638595,7.485401
19,115,1786608213.14055,0,1,46.404524,13.176352,36.996084,13.398495,-3.745775,-0.500542,3.77907,1.954953,-0.007737,1.954968,-3.008751,9.411062,8.963811
19,116,1786608213.18045,0,1,46.255599,13.152456,37.074282,13.39814,-3.723128,-0.597405,3.770753,1.954948,-0.008885,1.954968,-2.982491,9.184603,10.648672
19,117,1786608213.22052,0,1,46.107019,13.128766,37.15248,13.397737,-3.714495,-0.592253,3.761414,1.954942,-0.010064,1.954968,-2.98348,8.958578,10.779697
19,118,1786608213.2607,0,1,45.959567,13.101278,37.230677,13.397286,-3.686289,-0.687207,3.749797,1.954935,-0.011272,1.954968,-2.957286,8.733908,12.502242
19,119,1786608213.30064,0,1,45.813455,13.069594,37.308874,13.396786,-3.652816,-0.792081,3.737708,1.954928,-0.012505,1.954968,-2.928057,8.510872,14.437897
19,120,1786608213.34065,0,1,45.668896,13.033328,37.387071,13.396235,-3.613964,-0.906646,3.725955,1.95492,-0.013762,1.954968,-2.895793,8.289773,16.592385
19,121,1786608213.38064,0,1,45.526119,12.992101,37.465267,13.395634,-3.56943,-1.030692,3.71526,1.95491,-0.01504,1.954968,-2.860484,8.070946,18.972236
19,122,1786608213.42065,0,1,45.384015,12.949883,37.543463,13.39498,-3.552601,-1.055433,3.706064,1.9549,-0.016336,1.954968,-2.85281,7.853175,19.795133
19,123,1786608213.46067,0,1,45.243838,12.902812,37.621659,13.394283,-3.504432,-1.176786,3.696737,1.95489,-0.017442,1.954968,-2.817624,7.638007,22.251288
19,124,1786608213.50063,0,1,45.104304,12.854778,37.699854,13.393548,-3.488352,-1.200863,3.689264,1.954882,-0.018372,1.954968,-2.81005,7.424025,23.157671
19,125,1786608213.54062,0,1,44.96526,12.806193,37.778049,13.392782,-3.476086,-1.214603,3.682178,1.954874,-0.01914,1.954968,-2.805438,7.211109,23.926161
19,126,1786608213.58063,0,1,44.826551,12.757467,37.856244,13.391992,-3.467726,-1.218167,3.675467,1.954868,-0.019759,1.954968,-2.803772,6.999129,24.557156
19,127,1786608213.62063,0,1,44.68802,12.709,37.934439,13.391182,-3.463278,-1.211668,3.669118,1.954863,-0.020241,1.954968,-2.805041,6.787948,25.050884
19,128,1786608213.66064,0,1,44.551013,12.657054,38.012633,13.390358,-3.425184,-1.298641,3.663107,1.954859,-0.020596,1.954968,-2.779193,6.579373,27.163157
19,129,1786608213.70041,0,1,44.414112,12.605354,38.090827,13.389525,-3.422515,-1.29252,3.658444,1.954857,-0.020835,1.954968,-2.780499,6.371723,27.758488
19,130,1786608213.74063,0,1,44.277151,12.554289,38.169021,13.388686,-3.424028,-1.276612,3.654273,1.954856,-0.020967,1.954968,-2.784718,6.164857,28.226138
19,131,1786608213.7806,0,1,44.141527,12.500168,38.247216,13.387846,-3.390607,-1.353022,3.6506,1.954855,-0.021,1.954968,-2.761905,5.960778,30.318805
19,132,1786608213.82066,0,1,44.005775,12.446662,38.32541,13.387009,-3.393803,-1.337662,3.647908,1.954856,-0.020942,1.954968,-2.766141,5.757673,30.911487
19,133,1786608213.86063,0,1,43.869722,12.394155,38.403604,13.386177,-3.401325,-1.312659,3.645831,1.954857,-0.020801,1.954968,-2.773278,5.555407,31.389283
19,134,1786608213.90063,0,1,43.734787,12.338982,38.481798,13.385353,-3.373365,-1.379337,3.64447,1.95486,-0.020584,1.954968,-2.753446,5.356191,33.504784
19,135,1786608213.94067,0,1,43.599492,12.284786,38.559993,13.384541,-3.382367,-1.354906,3.643649,1.954863,-0.020296,1.954968,-2.760587,5.158102,34.140509
19,136,1786608213.98063,0,1,43.463662,12.231952,38.638188,13.383744,-3.395752,-1.320855,3.643595,1.954866,-0.019943,1.954968,-2.770629,4.961031,34.679413
19,137,1786608214.02063,0,1,43.328705,12.176815,38.716382,13.382962,-3.373934,-1.378416,3.644649,1.95487,-0.01953,1.954968,-2.753739,4.767422,36.877382
19,138,1786608214.06063,0,1,43.193166,12.123022,38.794577,13.3822,-3.388465,-1.344811,3.645574,1.954875,-0.019063,1.954968,-2.76378,4.575272,37.621842
19,139,1786608214.10064,0,1,43.056875,12.070964,38.872773,13.381458,-3.407282,-1.301463,3.64738,1.95488,-0.018545,1.954968,-2.77673,4.38453,38.296078
19,140,1786608214.14057,0,1,42.920497,12.018782,38.950968,13.380739,-3.409438,-1.304538,3.650491,1.954885,-0.017982,1.954968,-2.776153,4.196676,39.875361
19,141,1786608214.18054,0,1,42.783205,11.968688,39.029164,13.380044,-3.432313,-1.252359,3.653653,1.954891,-0.017376,1.954968,-2.79173,4.01058,40.649747
19,142,1786608214.22047,0,1,42.646313,11.916972,39.10736,13.379375,-3.422301,-1.292908,3.658381,1.954896,-0.016732,1.954968,-2.780379,3.829205,43.147914
19,143,1786608214.26047,0,1,42.5085,11.867348,39.185556,13.378733,-3.445317,-1.240603,3.661872,1.954902,-0.016052,1.954968,-2.795963,3.650513,44.260732
19,144,1786608214.30064,0,1,42.369631,11.820231,39.263752,13.378119,-3.471736,-1.177906,3.666117,1.954908,-0.015339,1.954968,-2.814496,3.474694,45.379306
19,145,1786608214.34064,0,1,42.229586,11.776051,39.341948,13.377535,-3.501114,-1.104513,3.671205,1.954913,-0.014597,1.954968,-2.836,3.302,46.521931
19,146,1786608214.38063,0,1,42.08827,11.735248,39.420145,13.376982,-3.532896,-1.02007,3.677213,1.954919,-0.013828,1.954968,-2.860503,3.132759,47.709829
19,147,1786608214.42064,0,1,41.945615,11.698281,39.498342,13.376461,-3.566398,-0.924177,3.684196,1.954924,-0.013035,1.954968,-2.888035,2.967394,48.96755
19,148,1786608214.46059,0,1,41.802637,11.661285,39.576539,13.375964,-3.574439,-0.924898,3.692161,1.954929,-0.012407,1.954968,-2.888393,2.809917,52.112994
19,149,1786608214.50063,0,1,41.658418,11.628185,39.654737,13.375487,-3.605478,-0.827499,3.69922,1.954932,-0.011931,1.954968,-2.915988,2.658534,54.016106
19,150,1786608214.54063,0,1,41.51295,11.599464,39.732934,13.375023,-3.636688,-0.718017,3.706892,1.954934,-0.011596,1.954968,-2.946663,2.514173,56.096839
19,151,1786608214.58064,0,1,41.36662,11.573555,39.811131,13.374568,-3.658259,-0.647733,3.71516,1.954935,-0.01139,1.954968,-2.966349,2.379746,59.224412
19,152,1786608214.62071,0,1,41.21928,11.551793,39.889329,13.374116,-3.68351,-0.544056,3.723471,1.954935,-0.011303,1.954968,-2.994953,2.256021,62.279488
19,153,1786608214.66063,0,1,41.071481,11.530801,39.967526,13.373663,-3.694976,-0.524797,3.732058,1.954935,-0.011325,1.954968,-3.000506,2.148221,67.160201
19,154,1786608214.70069,0,1,40.922745,11.514671,40.045724,13.373205,-3.718387,-0.40325,3.740189,1.954934,-0.011448,1.954968,-3.033567,2.05507,70.927297
19,155,1786608214.7407,0,1,40.773386,11.501452,40.123921,13.372738,-3.733969,-0.330482,3.748565,1.954933,-0.011664,1.954968,-3.053316,1.980787,75.917599
19,156,1786608214.78059,0,1,40.623424,11.491807,40.202118,13.37226,-3.749048,-0.241121,3.756793,1.954931,-0.011964,1.954968,-3.077366,1.927071,81.051625
19,157,1786608214.8205,0,1,40.47303,11.484008,40.280315,13.371766,-3.759848,-0.194971,3.764899,1.954929,-0.012343,1.954968,-3.089783,1.897569,87.139522
19,158,1786608214.86063,0,1,40.322147,11.48147,40.358512,13.371254,-3.772099,-0.06346,3.772633,1.954925,-0.012794,1.954967,-3.124771,1.890134,92.066257
19,159,1786608214.9007,0,1,40.170941,11.480052,40.436708,13.370722,-3.780139,-0.035436,3.780305,1.954896,-0.01331,1.954941,-3.132219,1.909257,98.538595
19,160,1786608214.94069,0,1,40.019445,11.481002,40.514902,13.370166,-3.78739,0.023737,3.787464,1.954843,-0.013887,1.954893,3.135325,1.953054,104.336468
19,161,1786608214.98063,0,1,39.867712,11.484343,40.593093,13.369585,-3.793328,0.083538,3.794247,1.95477,-0.014519,1.954824,3.119574,2.019979,109.783535
19,162,1786608215.02064,0,1,39.715762,11.489156,40.67128,13.368977,-3.798762,0.120311,3.800667,1.954677,-0.015201,1.954736,3.109932,2.108731,115.130332
19,163,1786608215.06045,0,1,39.563703,11.497123,40.749462,13.36834,-3.801476,0.199188,3.806691,1.954566,-0.01593,1.954631,3.089243,2.215283,119.362354
19,164,1786608215.10046,0,1,39.411895,11.510075,40.82764,13.367672,-3.795199,0.323785,3.808986,1.954439,-0.016701,1.95451,3.056484,2.335595,122.43604
19,165,1786608215.14046,0,1,39.260055,11.523836,40.905812,13.366972,-3.795993,0.344037,3.811551,1.954296,-0.017511,1.954374,3.051208,2.470964,126.583363
19,166,1786608215.18045,0,1,39.108141,11.537952,40.983977,13.366237,-3.797839,0.352894,3.814199,1.954139,-0.018356,1.954226,3.048939,2.619425,130.426803
19,167,1786608215.22045,0,1,38.95611,11.551965,41.062136,13.365468,-3.800798,0.350323,3.816909,1.95397,-0.019233,1.954065,3.049681,2.779234,134.002076
19,168,1786608215.26045,0,1,38.80423,11.56859,41.140288,13.364663,-3.79699,0.415633,3.81967,1.953789,-0.02014,1.953893,3.032563,2.9467,136.198258
19,169,1786608215.30045,0,1,38.652193,11.584832,41.218432,13.36382,-3.800917,0.406054,3.822545,1.953597,-0.021073,1.95371,3.035166,3.122559,139.171418
19,170,1786608215.34039,0,1,38.499952,11.60023,41.296567,13.362938,-3.80604,0.384945,3.825457,1.953395,-0.02203,1.953519,3.040795,3.305783,142.001455
19,171,1786608215.38045,0,1,38.347959,11.618914,41.374695,13.362018,-3.799807,0.467095,3.828408,1.953183,-0.023009,1.953319,3.01928,3.492784,143.054275
19,172,1786608215.42046,0,1,38.195743,11.636757,41.452813,13.361058,-3.805403,0.446091,3.831461,1.952964,-0.024008,1.953111,3.0249,3.685338,145.417131
19,173,1786608215.46049,0,1,38.043256,11.653295,41.530916,13.360048,-3.812191,0.413451,3.834546,1.952579,-0.025243,1.952742,3.03356,3.882883,147.734495
19,174,1786608215.50048,0,1,37.890981,11.672657,41.608998,13.35898,-3.806865,0.484048,3.837516,1.952043,-0.026694,1.952226,3.01512,4.082565,148.356769
19,175,1786608215.54045,0,1,37.73843,11.690714,41.687053,13.357846,-3.813787,0.451422,3.840411,1.951368,-0.028345,1.951574,3.023775,4.286135,150.359785
19,176,1786608215.58044,0,1,37.585566,11.706995,41.765075,13.356639,-3.821579,0.407012,3.843192,1.950564,-0.030179,1.950798,3.035489,4.493286,152.38165
19,177,1786608215.62044,0,1,37.432865,11.725635,41.843061,13.355352,-3.817532,0.466008,3.84587,1.949643,-0.032179,1.949908,3.020123,4.701681,152.759335
19,178,1786608215.66045,0,1,37.279853,11.742497,41.921006,13.353979,-3.825307,0.421544,3.848464,1.948612,-0.034332,1.948915,3.031837,4.91296,154.563643
19,179,1786608215.70048,0,1,37.126509,11.757103,41.998905,13.352514,-3.833608,0.365154,3.850959,1.947482,-0.036626,1.947827,3.046628,5.126947,156.428501
19,180,1786608215.74045,0,1,36.973259,11.773603,42.076755,13.350952,-3.83123,0.4125,3.853372,1.946261,-0.039047,1.946652,3.034338,5.341695,156.679837
19,181,1786608215.78046,0,1,36.819723,11.788186,42.154553,13.349289,-3.838419,0.364573,3.855694,1.944954,-0.041585,1.945399,3.046897,5.558549,158.26355
19,182,1786608215.82042,0,1,36.666295,11.804734,42.232296,13.347519,-3.835691,0.413713,3.857938,1.94357,-0.044229,1.944073,3.034149,5.77586,158.351634
19,183,1786608215.86045,0,1,36.51256,11.819089,42.309981,13.345641,-3.843379,0.358868,3.860096,1.942114,-0.046969,1.942682,3.04849,5.995035,159.913572
19,184,1786608215.90045,0,1,36.358937,11.835411,42.387605,13.343649,-3.840564,0.408054,3.862181,1.940593,-0.049798,1.941232,3.035741,6.214468,159.889346
19,185,1786608215.94046,0,1,36.205017,11.849536,42.465165,13.34154,-3.848017,0.353113,3.864185,1.939011,-0.052706,1.939727,3.050084,6.43549,161.351518
19,186,1786608215.98045,0,1,36.051211,11.865629,42.54266,13.339313,-3.845126,0.402342,3.866119,1.937373,-0.055686,1.938173,3.037335,6.656624,161.236028
19,187,1786608216.02045,0,1,35.897117,11.879522,42.620087,13.336964,-3.852352,0.34731,3.867976,1.935684,-0.058731,1.936575,3.05168,6.879132,162.61678
19,188,1786608216.06047,0,1,35.743142,11.895385,42.697445,13.33449,-3.849393,0.396581,3.869768,1.933948,-0.061835,1.934936,3.038931,7.101645,162.426282
19,189,1786608216.10042,0,1,35.588886,11.909044,42.774732,13.331891,-3.8564,0.341465,3.871488,1.932169,-0.064991,1.933261,3.053278,7.325359,163.739854
19,190,1786608216.14036,0,1,35.43475,11.924675,42.851946,13.329163,-3.853381,0.390774,3.873145,1.930349,-0.068194,1.931553,3.040527,7.548998,163.487059
19,191,1786608216.18045,0,1,35.280343,11.938098,42.929086,13.326305,-3.860175,0.335579,3.874734,1.928493,-0.071439,1.929816,3.054877,7.773698,164.744642
19,192,1786608216.22045,0,1,35.126059,11.953495,43.00615,13.323317,-3.857104,0.384924,3.876264,1.926603,-0.074721,1.928052,3.042126,7.998265,164.439603
19,193,1786608216.26044,0,1,34.971512,11.966681,43.083137,13.320195,-3.863691,0.329656,3.877729,1.924682,-0.078035,1.926264,3.056477,8.223775,165.650088
19,194,1786608216.30038,0,1,34.817089,11.981842,43.160046,13.31694,-3.860577,0.379034,3.879139,1.922733,-0.081377,1.924454,3.043726,8.449108,165.300849
19,195,1786608216.34045,0,1,34.66241,11.99479,43.236877,13.31355,-3.866964,0.323699,3.880488,1.920757,-0.084745,1.922626,3.058079,8.675287,166.471376
19,196,1786608216.38045,0,1,34.507858,12.009715,43.313627,13.310025,-3.863812,0.373108,3.881785,1.918757,-0.088133,1.92078,3.045326,8.901257,166.084433
19,197,1786608216.42039,0,1,34.353057,12.022423,43.390296,13.306363,-3.870004,0.317709,3.883023,1.916735,-0.091539,1.918919,3.059681,9.127989,167.220794
19,198,1786608216.46037,0,1,34.198384,12.037109,43.466897,13.302596,-3.866822,0.367147,3.884212,1.915022,-0.094181,1.917337,3.046928,9.354506,166.801271
19,199,1786608216.50047,0,1,34.043468,12.049577,43.543441,13.298751,-3.87291,0.311696,3.885432,1.913595,-0.096118,1.916008,3.061285,9.581749,167.907704
19,200,1786608216.54048,0,1,33.888673,12.064024,43.619938,13.294855,-3.869872,0.361178,3.88669,1.91243,-0.097407,1.914909,3.048531,9.808795,167.459373
19,201,1786608216.58046,0,1,33.733886,12.079091,43.696399,13.290931,-3.869687,0.376672,3.887976,1.911507,-0.098098,1.914022,3.044559,10.035946,167.504997
19,202,1786608216.62045,0,1,33.578854,12.092041,43.772831,13.287002,-3.875798,0.323752,3.889296,1.910805,-0.098239,1.913329,3.058254,10.263776,168.539237
19,203,1786608216.66043,0,1,33.423956,12.107075,43.849243,13.283087,-3.872452,0.375852,3.890649,1.910308,-0.097872,1.912813,3.044838,10.491407,168.020376
19,204,1786608216.70042,0,1,33.268811,12.119991,43.925643,13.279205,-3.878613,0.322895,3.89203,1.909998,-0.097038,1.912462,3.058534,10.719694,169.033061
19,205,1786608216.74044,0,1,33.113798,12.134992,44.002037,13.275374,-3.875337,0.375042,3.893443,1.909862,-0.095775,1.912262,3.045117,10.947796,168.493238
19,206,1786608216.78044,0,1,32.958536,12.147874,44.078433,13.27161,-3.881545,0.322045,3.894882,1.909884,-0.094117,1.912202,3.058814,11.176533,169.486631
19,207,1786608216.82045,0,1,32.803402,12.162844,44.154835,13.267926,-3.878337,0.37424,3.896351,1.910053,-0.092095,1.912272,3.045395,11.405096,168.927984
19,208,1786608216.86042,0,1,32.648019,12.175692,44.231249,13.264336,-3.884589,0.321201,3.897846,1.910356,-0.089741,1.912463,3.059094,11.634276,169.904052
19,209,1786608216.90045,0,1,32.492761,12.19063,44.307681,13.260853,-3.881444,0.373446,3.899368,1.910783,-0.087079,1.912767,3.045675,11.863292,169.328441
19,210,1786608216.94041,0,1,32.337385,12.204974,44.384133,13.257488,-3.884397,0.358603,3.900915,1.911324,-0.084137,1.913175,3.049535,12.092639,169.732271
19,211,1786608216.98037,0,1,32.182187,12.221724,44.460612,13.25425,-3.879954,0.418756,3.902487,1.91197,-0.080937,1.913682,3.034081,12.321763,169.033167
19,212,1786608217.02045,0,1,32.02674,12.236668,44.537121,13.25115,-3.886175,0.373597,3.904092,1.912712,-0.0775,1.914282,3.045752,12.551446,169.872709
19,213,1786608217.06044,0,1,31.871355,12.252883,44.613662,13.248196,-3.884618,0.405375,3.905712,1.913543,-0.073847,1.914967,3.037615,12.78112,169.576162
19,214,1786608217.10045,0,1,31.715705,12.267054,44.690241,13.245396,-3.891264,0.354287,3.907359,1.914455,-0.069997,1.915734,3.050796,13.011369,170.48554
19,215,1786608217.14051,0,1,31.560201,12.283402,44.766858,13.242758,-3.887605,0.408689,3.909028,1.915443,-0.065965,1.916578,3.036851,13.241457,169.843984
19,216,1786608217.18045,0,1,31.404427,12.297705,44.843518,13.240287,-3.894339,0.357562,3.91072,1.916499,-0.061769,1.917494,3.050034,13.472106,170.742044
19,217,1786608217.22044,0,1,31.2488,12.314185,44.920223,13.23799,-3.890676,0.412019,3.912431,1.917619,-0.057423,1.918478,3.036087,13.702599,170.089243
19,218,1786608217.26045,0,1,31.0929,12.328619,44.996975,13.235872,-3.897496,0.360853,3.914166,1.918797,-0.05294,1.919527,3.04927,13.933643,170.976999
19,219,1786608217.30042,0,1,30.937147,12.345234,45.073776,13.233939,-3.893827,0.415366,3.915919,1.920029,-0.048333,1.920637,3.035322,14.164536,170.313924
19,220,1786608217.34045,0,1,30.781118,12.3598,45.150629,13.232195,-3.900732,0.364159,3.917693,1.921311,-0.043613,1.921806,3.048506,14.395969,171.192279
19,221,1786608217.38045,0,1,30.625236,12.37655,45.227534,13.230643,-3.897054,0.418729,3.919485,1.922638,-0.038792,1.923029,3.034556,14.627255,170.519797
19,222,1786608217.42046,0,1,30.469074,12.391249,45.304494,13.229288,-3.904041,0.36748,3.921298,1.924007,-0.033879,1.924305,3.047741,14.859072,171.389558
19,223,1786608217.46046,0,1,30.31306,12.408133,45.381517,13.228116,-3.900352,0.422108,3.923126,1.925564,-0.029297,1.925787,3.033789,15.090751,170.708508
19,224,1786608217.50044,0,1,30.156788,12.422963,45.458609,13.227115,-3.906808,0.370757,3.924361,1.927295,-0.02502,1.927458,3.046976,15.322937,171.570569
19,225,1786608217.54046,0,1,30.000631,12.439218,45.535776,13.226274,-3.903921,0.40636,3.925013,1.929186,-0.021027,1.9293,3.037876,15.55507,171.157183
19,226,1786608217.58044,0,1,29.844255,12.453254,45.613025,13.225582,-3.909384,0.350916,3.925102,1.931223,-0.017296,1.931301,3.05207,15.787672,172.066727
19,227,1786608217.62036,0,1,29.688093,12.469313,45.690361,13.22503,-3.904058,0.401455,3.924645,1.933396,-0.013807,1.933445,3.039123,16.020103,171.425086
19,228,1786608217.66037,0,1,29.531758,12.483149,45.767789,13.224608,-3.908374,0.345915,3.923652,1.935693,-0.010543,1.935721,3.053317,16.252952,172.327417
19,229,1786608217.70037,0,1,29.375267,12.494268,45.845313,13.224309,-3.912278,0.277983,3.922141,1.938104,-0.007487,1.938118,3.070658,16.486217,173.39774
19,230,1786608217.74045,0,1,29.218972,12.506917,45.922938,13.224124,-3.90737,0.316211,3.920144,1.94062,-0.004624,1.940626,3.060842,16.719355,172.914755
19,231,1786608217.78046,0,1,29.062954,12.521578,46.000667,13.224046,-3.900457,0.366535,3.917642,1.943233,-0.001939,1.943234,3.047896,16.952274,172.256652
19,232,1786608217.82045,0,1,28.906862,12.534015,46.078504,13.224069,-3.902294,0.310916,3.91466,1.945936,0.000581,1.945936,3.062086,17.185502,173.143345
19,233,1786608217.86044,0,1,28.751082,12.548458,46.156453,13.224187,-3.894513,0.361085,3.911216,1.94872,0.002947,1.948722,3.049141,17.418483,172.479614
19,234,1786608217.9005,0,1,28.595267,12.560678,46.234516,13.224394,-3.895358,0.305497,3.907319,1.95158,0.005171,1.951586,3.063327,17.651731,173.360846
19,235,1786608217.94044,0,1,28.439438,12.570187,46.312697,13.224685,-3.895737,0.237726,3.902984,1.954509,0.007264,1.954522,3.080646,17.885238,174.41085
19,236,1786608217.98044,0,1,28.283899,12.581214,46.390895,13.225054,-3.88848,0.275661,3.898238,1.954946,0.009222,1.954968,3.070819,18.118439,173.908547
19,237,1786608218.02044,0,1,28.128722,12.594235,46.469092,13.225496,-3.87943,0.325524,3.893064,1.954937,0.011062,1.954968,3.057878,18.351231,173.232228
19,238,1786608218.06039,0,1,27.973598,12.605039,46.547289,13.226008,-3.878088,0.27011,3.887483,1.954926,0.012793,1.954968,3.072055,18.584068,174.100924
19,239,1786608218.10045,0,1,27.818865,12.61783,46.625486,13.226585,-3.868316,0.31977,3.88151,1.954915,0.014423,1.954968,3.059116,18.81647,173.420484
19,240,1786608218.14045,0,1,27.664221,12.62841,46.703682,13.227223,-3.866117,0.264493,3.875154,1.954903,0.01596,1.954968,3.073286,19.048875,174.284895
19,241,1786608218.18044,0,1,27.509685,12.636303,46.781877,13.227919,-3.863391,0.197325,3.868427,1.95489,0.017409,1.954968,3.090561,19.281271,175.31781
19,242,1786608218.22044,0,1,27.355517,12.6457,46.860072,13.22867,-3.854201,0.234924,3.861354,1.954878,0.018776,1.954968,3.080715,19.513266,174.799981
19,243,1786608218.26044,0,1,27.20178,12.657067,46.938267,13.229473,-3.843422,0.284197,3.853915,1.954865,0.020067,1.954968,3.067783,19.744786,174.109784
19,244,1786608218.30044,0,1,27.048209,12.66624,47.016461,13.230325,-3.83929,0.229305,3.846132,1.954852,0.021288,1.954968,3.081938,19.976218,174.963895
19,245,1786608218.34044,0,1,26.895092,12.677373,47.094655,13.231222,-3.827911,0.278332,3.838016,1.954839,0.022442,1.954968,3.069009,20.207154,174.270687
19,246,1786608218.38044,0,1,26.742171,12.686319,47.172848,13.232164,-3.823038,0.223665,3.829575,1.954826,0.023536,1.954968,3.083155,20.437968,175.121353
19,247,1786608218.42037,0,1,26.589727,12.697217,47.25104,13.233147,-3.811094,0.272431,3.820819,1.954814,0.024572,1.954968,3.07023,20.668263,174.425394
19,248,1786608218.46046,0,1,26.437506,12.705937,47.329232,13.234175,-3.805515,0.218014,3.811754,1.954799,0.025716,1.954968,3.084366,20.898403,175.272779
19,249,1786608218.50045,0,1,26.285749,12.7166,47.407424,13.235254,-3.793926,0.266568,3.80328,1.954782,0.02696,1.954968,3.071446,21.128041,174.574261
19,250,1786608218.54044,0,1,26.134172,12.7251,47.485614,13.236386,-3.789422,0.212507,3.795376,1.954763,0.028296,1.954968,3.085572,21.357563,175.418516
19,251,1786608218.58045,0,1,25.983011,12.735537,47.563804,13.237574,-3.779033,0.260927,3.788031,1.954742,0.029714,1.954968,3.072656,21.586631,174.717593
19,252,1786608218.62038,0,1,25.831989,12.743825,47.641993,13.238822,-3.775545,0.207179,3.781225,1.954719,0.031209,1.954968,3.086774,21.81562,175.558949
19,253,1786608218.66045,0,1,25.681337,12.754044,47.72018,13.240133,-3.766292,0.255488,3.774948,1.954693,0.032773,1.954968,3.073861,22.044203,174.855752
19,254,1786608218.70037,0,1,25.530787,12.762125,47.798367,13.241509,-3.763763,0.202012,3.76918,1.954665,0.034401,1.954968,3.087971,22.27274,175.694425
19,255,1786608218.74038,0,1,25.380563,12.772134,47.876552,13.242953,-3.755586,0.250233,3.763913,1.954635,0.036086,1.954968,3.075061,22.500915,174.989075
19,256,1786608218.78031,0,1,25.230405,12.780013,47.954736,13.244466,-3.753962,0.19699,3.759127,1.954602,0.037825,1.954968,3.089166,22.729077,175.825267
19,257,1786608218.8203,0,1,25.080533,12.789819,48.032919,13.24605,-3.746803,0.245144,3.754814,1.954567,0.039611,1.954968,3.076258,22.95692,175.117877
19,258,1786608218.86046,0,1,24.93099,12.801996,48.1111,13.247708,-3.738583,0.304424,3.750956,1.954529,0.041441,1.954968,3.060344,23.184395,174.243244
19,259,1786608218.90044,0,1,24.781456,12.812503,48.18928,13.24944,-3.738341,0.262674,3.747558,1.954488,0.043311,1.954968,3.071443,23.411901,174.911355
19,260,1786608218.94044,0,1,24.632227,12.825377,48.267457,13.251249,-3.730728,0.321846,3.744585,1.954445,0.045217,1.954968,3.055537,23.639067,174.037081
19,261,1786608218.98044,0,1,24.482965,12.836586,48.345633,13.253135,-3.73154,0.280224,3.742047,1.954399,0.047155,1.954968,3.066637,23.866304,174.705311
19,262,1786608219.02045,0,1,24.333646,12.845685,48.423807,13.2551,-3.732986,0.227484,3.739911,1.954351,0.049122,1.954968,3.080729,24.09364,175.539118
19,263,1786608219.06044,0,1,24.184525,12.856705,48.501979,13.257145,-3.728011,0.275502,3.738177,1.9543,0.051115,1.954968,3.067826,24.320751,174.830088
19,264,1786608219.10045,0,1,24.035653,12.87009,48.58014,13.25927,-3.721819,0.334607,3.73683,1.954021,0.053126,1.954743,3.05193,24.547573,173.954274
19,265,1786608219.1404,0,1,23.886678,12.881817,48.658275,13.261476,-3.724352,0.293191,3.735875,1.953378,0.055147,1.954156,3.063032,24.774506,174.620742
19,266,1786608219.18044,0,1,23.737578,12.891443,48.736371,13.263763,-3.727518,0.240655,3.735279,1.9524,0.057176,1.953237,3.07712,25.001566,175.452742
19,267,1786608219.22045,0,1,23.588623,12.902992,48.814416,13.266131,-3.723868,0.288706,3.735043,1.951114,0.059211,1.952012,3.064219,25.228407,174.742059
19,268,1786608219.26045,0,1,23.439866,12.916906,48.892398,13.268581,-3.71892,0.347863,3.735154,1.949544,0.061249,1.950506,3.048325,25.454961,173.864579
19,269,1786608219.30044,0,1,23.290946,12.92917,48.970306,13.271113,-3.723015,0.30659,3.735617,1.947714,0.063289,1.948742,3.059428,25.681637,174.529426
19,270,1786608219.34045,0,1,23.142208,12.943802,49.048132,13.273726,-3.718452,0.365799,3.736401,1.945643,0.065329,1.94674,3.043534,25.908025,173.652012
19,271,1786608219.38044,0,1,22.993272,12.956785,49.125866,13.27642,-3.723399,0.32459,3.737521,1.943352,0.067367,1.94452,3.054637,26.134549,174.317024
19,272,1786608219.42045,0,1,22.844111,12.967674,49.2035,13.279197,-3.729022,0.272203,3.738943,1.940858,0.069402,1.942099,3.068726,26.36123,175.14794
19,273,1786608219.46045,0,1,22.695034,12.980491,49.281042,13.282038,-3.726922,0.320441,3.740672,1.938538,0.071039,1.939839,3.055823,26.587718,174.435951
19,274,1786608219.5005,0,1,22.546103,12.995685,49.358497,13.28493,-3.723267,0.379849,3.742593,1.936378,0.072307,1.937728,3.039924,26.813954,173.556757
19,275,1786608219.54045,0,1,22.396928,13.009233,49.435872,13.28786,-3.729369,0.338686,3.744717,1.934365,0.073236,1.935751,3.051025,27.040379,174.220475
19,276,1786608219.58045,0,1,22.247896,13.02516,49.513171,13.290814,-3.725799,0.398195,3.747017,1.932488,0.073851,1.933898,3.035122,27.266569,173.34143
19,277,1786608219.62048,0,1,22.098598,13.039442,49.590401,13.293781,-3.732473,0.357053,3.749512,1.930735,0.074176,1.932159,3.046222,27.492979,174.005592
19,278,1786608219.66044,0,1,21.949439,13.05611,49.667564,13.29675,-3.728967,0.416679,3.752175,1.929096,0.074233,1.930524,3.030313,27.71917,173.126739
19,279,1786608219.70038,0,1,21.799991,13.071132,49.744667,13.299712,-3.736197,0.375552,3.755024,1.927563,0.074043,1.928985,3.041412,27.945611,173.791409
19,280,1786608219.74045,0,1,21.650682,13.088544,49.821712,13.302657,-3.732735,0.43531,3.758032,1.926127,0.073626,1.927534,3.025498,28.171844,172.912776
19,281,1786608219.78044,0,1,21.501061,13.104312,49.898703,13.305577,-3.740505,0.394194,3.761219,1.92478,0.072998,1.926164,3.036595,28.398355,173.578001
19,282,1786608219.82044,0,1,21.351579,13.122476,49.975644,13.308464,-3.737069,0.454096,3.764557,1.923516,0.072177,1.924869,3.020674,28.62467,172.6996
19,283,1786608219.86045,0,1,21.201764,13.138995,50.052537,13.311311,-3.745365,0.412988,3.768066,1.922326,0.071177,1.923644,3.03177,28.851288,173.365417
19,284,1786608219.90045,0,1,21.052086,13.157917,50.129385,13.314112,-3.741937,0.473047,3.771719,1.921206,0.070013,1.922482,3.015842,29.077718,172.487249
19,285,1786608219.94045,0,1,20.902057,13.175195,50.206191,13.316859,-3.750746,0.431942,3.775536,1.92015,0.068698,1.921379,3.026936,29.304477,173.15368
19,286,1786608219.98044,0,1,20.752164,13.194882,50.282957,13.319549,-3.747307,0.49217,3.77949,1.919153,0.067245,1.920331,3.011,29.531056,172.275738
19,287,1786608220.02045,0,1,20.6019,13.212924,50.359686,13.322176,-3.756617,0.451065,3.7836,1.918209,0.065663,1.919333,3.022093,29.757987,172.942798
19,288,1786608220.06045,0,1,20.451774,13.233383,50.436378,13.324734,-3.753151,0.511474,3.787842,1.917316,0.063964,1.918382,3.006149,29.984744,172.065067
19,289,1786608220.10037,0,1,20.301256,13.252198,50.513037,13.327221,-3.762949,0.470365,3.792233,1.916468,0.062158,1.917476,3.017239,30.211874,172.732764
19,290,1786608220.14036,0,1,20.150878,13.273436,50.589663,13.329631,-3.759438,0.530964,3.796748,1.915662,0.060254,1.916609,3.001286,30.438837,171.855224
19,291,1786608220.18045,0,1,20.00009,13.29303,50.666259,13.331961,-3.769715,0.489848,3.801407,1.914894,0.05826,1.915781,3.012374,30.666194,172.523558
19,292,1786608220.22048,0,1,19.849379,13.314609,50.742826,13.334209,-3.767758,0.539479,3.806185,1.914163,0.056183,1.914987,2.999376,30.893453,171.815251
19,293,1786608220.26036,0,1,19.698232,13.334452,50.819364,13.33637,-3.778674,0.496059,3.811096,1.913464,0.054032,1.914226,3.01106,31.121132,172.517524
19,294,1786608220.30037,0,1,19.547209,13.356644,50.895876,13.338442,-3.775577,0.554808,3.816123,1.912794,0.051813,1.913496,2.99569,31.348672,171.673673
19,295,1786608220.34031,0,1,19.395733,13.377098,50.972362,13.340424,-3.78691,0.51135,3.821278,1.912153,0.049531,1.912794,3.007374,31.576651,172.376359
19,296,1786608220.3803,0,1,19.244381,13.399911,51.048824,13.342311,-3.783803,0.570311,3.826542,1.911537,0.047194,1.91212,2.991994,31.804495,171.532413
19,297,1786608220.42031,0,1,19.092559,13.420983,51.125261,13.344104,-3.795543,0.52681,3.831928,1.910944,0.044806,1.91147,3.003677,32.032795,172.235517
19,298,1786608220.46032,0,1,18.940862,13.444423,51.201691,13.345814,-3.792413,0.585992,3.837419,1.910734,0.042754,1.911212,2.988288,32.260979,171.391432
19,299,1786608220.5003,0,1,18.788694,13.466118,51.278126,13.347454,-3.804206,0.542394,3.842678,1.910874,0.041013,1.911314,2.99997,32.489648,172.094872
19,300,1786608220.54029,0,1,18.63668,13.490186,51.354579,13.349037,-3.80036,0.60169,3.847697,1.911337,0.039557,1.911747,2.984572,32.718204,171.250538
19,301,1786608220.58032,0,1,18.484205,13.512504,51.431063,13.350571,-3.811879,0.557954,3.852497,1.912098,0.038365,1.912483,2.996252,32.947257,171.954219
19,302,1786608220.62029,0,1,18.331911,13.537198,51.507588,13.352068,-3.807345,0.617346,3.85707,1.913132,0.037415,1.913498,2.980846,33.176194,171.109593
19,303,1786608220.66042,0,1,18.179166,13.560137,51.584165,13.353535,-3.818614,0.573484,3.861437,1.914418,0.036689,1.914769,2.992525,33.405638,171.813436
19,304,1786608220.70045,0,1,18.025997,13.580833,51.660803,13.354982,-3.829239,0.517378,3.864034,1.915935,0.036168,1.916276,3.007293,33.635564,172.689942
19,305,1786608220.74045,0,1,17.872382,13.598799,51.737509,13.356415,-3.840365,0.449152,3.866541,1.917665,0.035835,1.918,3.025166,33.865994,173.739317
19,306,1786608220.78044,0,1,17.718326,13.613545,51.814293,13.357842,-3.851411,0.368664,3.869015,1.919591,0.035674,1.919922,3.046162,34.096926,174.961891
19,307,1786608220.82043,0,1,17.563859,13.624576,51.891161,13.359269,-3.861666,0.27577,3.8715,1.921697,0.035672,1.922028,3.070302,34.328327,176.358135
19,308,1786608220.86045,0,1,17.409048,13.63139,51.968119,13.360702,-3.870278,0.17034,3.874025,1.923968,0.035815,1.924302,3.097609,34.560132,177.928672
19,309,1786608220.90045,0,1,17.253998,13.63348,52.045175,13.362146,-3.876251,0.052269,3.876603,1.926393,0.03609,1.926731,3.128109,34.792235,179.674287
19,310,1786608220.94046,0,1,17.098861,13.63034,52.122333,13.363605,-3.878432,-0.078504,3.879226,1.928957,0.036486,1.929302,-3.121354,35.024489,178.404067
19,311,1786608220.98049,0,1,16.94364,13.626242,52.199599,13.365085,-3.880517,-0.102456,3.88187,1.931651,0.036991,1.932005,-3.115196,35.256927,178.063182
19,312,1786608221.02045,0,1,16.788334,13.62166,52.276978,13.366588,-3.882643,-0.114536,3.884332,1.934463,0.037595,1.934828,-3.112102,35.48956,177.898491
19,313,1786608221.06048,0,1,16.632938,13.617072,52.354473,13.36812,-3.884896,-0.114704,3.886589,1.937384,0.03829,1.937762,-3.112076,35.722402,177.90949
19,314,1786608221.10037,0,1,16.477448,13.612956,52.432089,13.369683,-3.88727,-0.102915,3.888632,1.940405,0.039066,1.940799,-3.115124,35.955465,178.095786
20,0,1786608224.08625,0,1,59.48,13.100032,29.003536,13.399989,-0.499999,0.000796,0.5,0.0884,-0.000266,0.0884,3.14,30.47794,0.47265
20,0,1786608224.12622,0,1,59.48,13.100032,29.010208,13.399968,-0.499999,0.000796,0.5,0.166799,-0.000536,0.1668,3.14,30.471268,0.472733
20,1,1786608224.16623,0,1,59.45718,13.100533,29.020016,13.399935,-0.570494,0.012531,0.570631,0.245199,-0.000811,0.2452,3.119631,30.438637,0.694751
20,2,1786608224.20619,0,1,59.431533,13.100959,29.03296,13.399892,-0.641177,0.010651,0.641266,0.323598,-0.001089,0.3236,3.124982,30.400043,0.388294
20,3,1786608224.24617,0,1,59.403061,13.101434,29.04904,13.399837,-0.7118,0.011863,0.711899,0.401998,-0.001373,0.402,3.124928,30.355488,0.39157
20,4,1786608224.28624,0,1,59.371764,13.101935,29.068256,13.399771,-0.782432,0.012521,0.782532,0.480397,-0.001661,0.4804,3.125591,30.304972,0.353723
20,5,1786608224.32623,0,1,59.337642,13.102472,29.090607,13.399692,-0.85306,0.013424,0.853165,0.558797,-0.001955,0.5588,3.125857,30.248494,0.338586
20,6,1786608224.3662,0,1,59.300694,13.103047,29.116095,13.399602,-0.923686,0.014394,0.923798,0.637196,-0.002254,0.6372,3.126011,30.186056,0.329892
20,7,1786608224.40622,0,1,59.260922,13.103666,29.14471,13.3995,-0.99431,0.01547,0.994431,0.715376,-0.002559,0.715381,3.126035,30.117664,0.328591
20,8,1786608224.44624,0,1,59.218324,13.104332,29.176203,13.399386,-1.064933,0.016645,1.065063,0.787308,-0.002846,0.787313,3.125964,30.043571,0.332762
20,9,1786608224.48621,0,1,59.172902,13.105049,29.210342,13.399261,-1.135553,0.017921,1.135695,0.853492,-0.003115,0.853497,3.125812,29.964004,0.341547
20,10,1786608224.52619,0,1,59.124655,13.105821,29.246918,13.399127,-1.206172,0.019298,1.206327,0.914386,-0.003369,0.914393,3.125595,29.879177,0.354179
20,11,1786608224.56623,0,1,59.073608,13.106651,29.285734,13.398982,-1.276181,0.020769,1.27635,0.970416,-0.00361,0.970422,3.12532,29.789308,0.370092
20,12,1786608224.60622,0,1,59.019832,13.107544,29.326613,13.398829,-1.344394,0.022317,1.344579,1.021969,-0.003836,1.021976,3.124994,29.694648,0.388992
20,13,1786608224.64623,0,1,58.963398,13.108502,29.369389,13.398667,-1.410859,0.023948,1.411062,1.069403,-0.004051,1.069411,3.12462,29.595431,0.410675
20,14,1786608224.68623,0,1,58.904373,13.109528,29.413911,13.398496,-1.475624,0.025655,1.475847,1.113049,-0.004255,1.113058,3.124208,29.491877,0.43464
20,15,1786608224.72621,0,1,58.842824,13.110626,29.46004,13.398319,-1.538733,0.027438,1.538977,1.15321,-0.004449,1.153218,3.123763,29.384192,0.460576
20,16,1786608224.76624,0,1,58.778814,13.111797,29.507646,13.398133,-1.600231,0.029292,1.600499,1.190163,-0.004633,1.190172,3.12329,29.272569,0.488207
20,17,1786608224.80628,0,1,58.712408,13.113046,29.556613,13.397941,-1.660162,0.031215,1.660455,1.224167,-0.004808,1.224176,3.122793,29.157187,0.517314
20,18,1786608224.8463,0,1,58.643665,13.114374,29.606831,13.397742,-1.718567,0.033203,1.718887,1.255456,-0.004976,1.255466,3.122275,29.038217,0.547712
20,19,1786608224.88629,0,1,58.572646,13.115784,29.658201,13.397536,-1.775487,0.035255,1.775837,1.284248,-0.005136,1.284258,3.121739,28.915818,0.579245
20,20,1786608224.92631,0,1,58.499407,13.117279,29.710631,13.397325,-1.830962,0.037366,1.831344,1.310743,-0.005289,1.310753,3.121188,28.790139,0.61178
20,21,1786608224.96631,0,1,58.424006,13.11886,29.764036,13.397107,-1.885032,0.039533,1.885446,1.335124,-0.005436,1.335135,3.120624,28.661321,0.645201
20,22,1786608225.0063,0,1,58.346497,13.12053,29.818338,13.396884,-1.937733,0.041754,1.938182,1.357561,-0.005578,1.357572,3.120048,28.529497,0.679407
20,23,1786608225.04629,0,1,58.266933,13.122291,29.87347,13.396659,-1.989102,0.044025,1.989589,1.378295,-0.005625,1.378306,3.119463,28.394788,0.714303
20,24,1786608225.08623,0,1,58.185372,13.124102,29.929368,13.396436,-2.039017,0.04527,2.039519,1.397463,-0.005587,1.397475,3.119394,28.257316,0.719662
20,25,1786608225.12631,0,1,58.101873,13.125975,29.985976,13.396217,-2.087488,0.046821,2.088013,1.415191,-0.005468,1.415202,3.119167,28.117195,0.734185
20,26,1786608225.16631,0,1,58.01649,13.127903,30.04324,13.396006,-2.134565,0.048201,2.135109,1.431593,-0.005277,1.431603,3.119015,27.974535,0.744467
20,27,1786608225.20623,0,1,57.929279,13.129886,30.101111,13.395805,-2.180281,0.049576,2.180845,1.446776,-0.005019,1.446785,3.118858,27.829438,0.755097
20,28,1786608225.24628,0,1,57.840292,13.131921,30.159544,13.395617,-2.224675,0.050877,2.225256,1.460837,-0.004699,1.460844,3.118727,27.682003,0.764294
20,29,1786608225.2863,0,1,57.74958,13.134006,30.218499,13.395444,-2.26778,0.052125,2.268379,1.473865,-0.004323,1.473871,3.118612,27.532323,0.772643
20,30,1786608225.32629,0,1,57.657195,13.136138,30.277937,13.395289,-2.309633,0.053306,2.310248,1.485944,-0.003894,1.485949,3.118517,27.380485,0.779854
20,31,1786608225.36629,0,1,57.563185,13.138315,30.337823,13.395152,-2.350266,0.054422,2.350896,1.497149,-0.003418,1.497153,3.118441,27.226573,0.785997
20,32,1786608225.40634,0,1,57.467596,13.140534,30.398125,13.395036,-2.389712,0.055469,2.390356,1.507551,-0.002898,1.507554,3.118385,27.070668,0.791017
20,33,1786608225.44637,0,1,57.370476,13.142792,30.458813,13.394942,-2.428004,0.056445,2.42866,1.517213,-0.002337,1.517215,3.118349,26.912844,0.794925
20,34,1786608225.48637,0,1,57.271869,13.145086,30.519861,13.394873,-2.465173,0.057349,2.46584,1.526195,-0.001739,1.526196,3.118333,26.753174,0.797716
20,35,1786608225.52637,0,1,57.171819,13.147413,30.581243,13.394829,-2.501248,0.058181,2.501925,1.534551,-0.001108,1.534551,3.118336,26.591727,0.799402
20,36,1786608225.56638,0,1,57.070369,13.149771,30.642936,13.394811,-2.536259,0.058939,2.536944,1.542331,-0.000445,1.542331,3.118358,26.428568,0.8
20,37,1786608225.60632,0,1,56.967559,13.152156,30.70492,13.394821,-2.570235,0.059625,2.570926,1.549582,0.000246,1.549582,3.118399,26.263761,0.799531
20,38,1786608225.64634,0,1,56.863431,13.154565,30.767173,13.394859,-2.603203,0.060238,2.6039,1.556345,0.000963,1.556345,3.118457,26.097364,0.798021
20,39,1786608225.68635,0,1,56.758023,13.156996,30.82968,13.394927,-2.635191,0.060779,2.635892,1.56266,0.001703,1.562661,3.118532,25.929435,0.795501
20,40,1786608225.72636,0,1,56.651375,13.159446,30.892422,13.395026,-2.666224,0.06125,2.666928,1.568562,0.002466,1.568564,3.118624,25.76003,0.792003
20,41,1786608225.76634,0,1,56.543521,13.161912,30.955386,13.395156,-2.696329,0.06165,2.697034,1.574085,0.003248,1.574088,3.118732,25.589199,0.787563
20,42,1786608225.80626,0,1,56.4345,13.164392,31.018556,13.395318,-2.72553,0.061984,2.726235,1.579258,0.004049,1.579264,3.118855,25.416993,0.782218
20,43,1786608225.84638,0,1,56.324346,13.166882,31.08192,13.395512,-2.753852,0.06225,2.754555,1.584111,0.004866,1.584118,3.118992,25.243461,0.776006
20,44,1786608225.88638,0,1,56.213093,13.16938,31.145467,13.39574,-2.781318,0.062453,2.782019,1.588668,0.005699,1.588678,3.119142,25.068648,0.768967
20,45,1786608225.92635,0,1,56.100775,13.171884,31.209185,13.396002,-2.807951,0.062594,2.808648,1.592953,0.006544,1.592966,3.119305,24.892599,0.761139
20,46,1786608225.96631,0,1,55.987424,13.174391,31.273065,13.396298,-2.833773,0.062674,2.834466,1.596988,0.007403,1.597005,3.119479,24.715356,0.752563
20,47,1786608226.0062,0,1,55.873072,13.176899,31.337096,13.396629,-2.858807,0.062698,2.859494,1.600793,0.008272,1.600814,3.119665,24.53696,0.743278
20,48,1786608226.04628,0,1,55.757749,13.179405,31.401264,13.396978,-2.883073,0.062665,2.883754,1.604199,0.008722,1.604223,3.11986,24.357457,0.733362
20,49,1786608226.08625,0,1,55.641481,13.181813,31.465554,13.397329,-2.906717,0.060198,2.90734,1.60724,0.008786,1.607264,3.120886,24.176887,0.675667
20,50,1786608226.12622,0,1,55.524294,13.184184,31.529952,13.397669,-2.929671,0.059273,2.930271,1.609944,0.008495,1.609966,3.121363,23.995292,0.649284
20,51,1786608226.16619,0,1,55.406213,13.186458,31.594445,13.397984,-2.952017,0.056839,2.952564,1.612337,0.007877,1.612356,3.122341,23.812707,0.594083
20,52,1786608226.2062,0,1,55.287264,13.188671,31.658993,13.398263,-2.973722,0.055341,2.974237,1.613688,0.006955,1.613703,3.122985,23.629201,0.557927
20,53,1786608226.24618,0,1,55.167471,13.190783,31.723541,13.398493,-2.994841,0.052792,2.995306,1.613693,0.005753,1.613703,3.123967,23.44485,0.502263
20,54,1786608226.28619,0,1,55.046856,13.192818,31.788088,13.398665,-3.015358,0.05089,3.015788,1.613697,0.0043,1.613703,3.124717,23.259679,0.45981
20,55,1786608226.32618,0,1,54.925444,13.194745,31.852636,13.398769,-3.035316,0.048173,3.035698,1.613701,0.002616,1.613703,3.125723,23.073709,0.402629
20,56,1786608226.3662,0,1,54.803255,13.196584,31.917185,13.398798,-3.054707,0.045972,3.055053,1.613703,0.00072,1.613703,3.126544,22.886964,0.355981
20,57,1786608226.40623,0,1,54.680313,13.198307,31.981733,13.398743,-3.073565,0.043073,3.073867,1.613703,-0.001372,1.613703,3.12758,22.699465,0.296964
20,58,1786608226.44623,0,1,54.556637,13.199933,32.046281,13.398598,-3.091887,0.040651,3.092154,1.613699,-0.003642,1.613703,3.128446,22.511233,0.247607
20,59,1786608226.48622,0,1,54.432249,13.201436,32.110828,13.398354,-3.109702,0.037566,3.109929,1.613692,-0.006077,1.613703,3.129513,22.322289,0.186665
20,60,1786608226.52619,0,1,54.307169,13.202835,32.175376,13.398008,-3.127011,0.03499,3.127207,1.61368,-0.008663,1.613703,3.130403,22.132654,0.135838
20,61,1786608226.56618,0,1,54.181415,13.204104,32.239922,13.397552,-3.143839,0.031714,3.143999,1.613663,-0.011388,1.613703,3.131505,21.942346,0.072825
20,62,1786608226.60628,0,1,54.055008,13.205266,32.304468,13.396983,-3.160186,0.029057,3.16032,1.61364,-0.014239,1.613703,3.132398,21.751385,0.021784
20,63,1786608226.64622,0,1,53.927965,13.206289,32.369012,13.396295,-3.176079,0.025565,3.176182,1.613611,-0.017208,1.613703,3.133543,21.55979,0.043768
20,64,1786608226.68623,0,1,53.800304,13.207206,32.433555,13.395483,-3.191516,0.022919,3.191598,1.613576,-0.020283,1.613703,3.134412,21.367578,0.093414
20,65,1786608226.72618,0,1,53.672043,13.207971,32.498096,13.394545,-3.206523,0.019147,3.20658,1.613533,-0.023456,1.613703,3.135622,21.174769,0.162728
20,66,1786608226.76621,0,1,53.543199,13.208638,32.562636,13.393476,-3.221096,0.016663,3.221139,1.613482,-0.02672,1.613703,3.13642,20.981378,0.208373
20,67,1786608226.8062,0,1,53.413789,13.209136,32.627173,13.392274,-3.235263,0.012444,3.235287,1.613423,-0.030065,1.613703,3.137746,20.787423,0.284397
20,68,1786608226.8462,0,1,53.283828,13.209553,32.691707,13.390934,-3.249018,0.010421,3.249035,1.613356,-0.033486,1.613703,3.138385,20.59292,0.320893
20,69,1786608226.8862,0,1,53.153332,13.209767,32.756238,13.389455,-3.26239,0.005351,3.262394,1.613279,-0.036976,1.613703,3.139953,20.397886,0.410764
20,70,1786608226.92621,0,1,53.022317,13.209945,32.820766,13.387834,-3.275372,0.00447,3.275375,1.613194,-0.040529,1.613703,3.140228,20.202335,0.426325
20,71,1786608226.96619,0,1,52.890798,13.209845,32.88529,13.386068,-3.287986,-0.002501,3.287987,1.613099,-0.04414,1.613703,-3.140832,20.006284,0.548277
20,72,1786608227.0062,0,1,52.758788,13.209826,32.94981,13.384156,-3.300241,-0.000478,3.300241,1.612995,-0.047803,1.613703,-3.141448,19.809746,0.512528
20,73,1786608227.04623,0,1,52.626303,13.209335,33.014325,13.382117,-3.312123,-0.012269,3.312146,1.612881,-0.05097,1.613686,-3.137888,19.61274,0.717008
20,74,1786608227.08623,0,1,52.493342,13.209764,33.078824,13.37997,-3.324045,0.010714,3.324063,1.612481,-0.053671,1.613374,3.13837,19.415264,0.317627
20,75,1786608227.1263,0,1,52.359905,13.208956,33.143297,13.377733,-3.335927,-0.020192,3.335988,1.611818,-0.055942,1.612788,-3.13554,19.217349,0.850007
20,76,1786608227.16625,0,1,52.225991,13.209902,33.207733,13.37542,-3.347841,0.023635,3.347924,1.610912,-0.057819,1.611949,3.134533,19.018978,0.094154
20,77,1786608227.20625,0,1,52.091599,13.209028,33.272125,13.373047,-3.359798,-0.02185,3.359869,1.609783,-0.059331,1.610876,-3.135089,18.820189,0.871956
20,78,1786608227.24623,0,1,51.956729,13.20992,33.336463,13.370626,-3.37175,0.022311,3.371824,1.608449,-0.060508,1.609587,3.134976,18.62096,0.115362
20,79,1786608227.28621,0,1,51.821379,13.20934,33.40074,13.368171,-3.383755,-0.014509,3.383786,1.606926,-0.061376,1.608098,-3.137305,18.421324,0.739692
20,80,1786608227.32621,0,1,51.685554,13.210607,33.464949,13.365693,-3.395608,0.031689,3.395756,1.60523,-0.06196,1.606425,3.13226,18.221266,0.047032
20,81,1786608227.36626,0,1,51.549246,13.210095,33.529084,13.363202,-3.407712,-0.012812,3.407736,1.603373,-0.062282,1.604583,-3.137833,18.020813,0.702213
20,82,1786608227.40627,0,1,51.412464,13.211445,33.593139,13.360707,-3.419556,0.033758,3.419723,1.60137,-0.062363,1.602584,3.131721,17.81995,0.085688
20,83,1786608227.44625,0,1,51.275195,13.211302,33.657108,13.358218,-3.431716,-0.003582,3.431718,1.599232,-0.062222,1.600442,-3.140549,17.6187,0.537583
20,84,1786608227.48618,0,1,51.137458,13.213094,33.720987,13.355743,-3.443429,0.044789,3.44372,1.596969,-0.061878,1.598167,3.128586,17.417056,0.275937
20,85,1786608227.52618,0,1,50.999229,13.213136,33.78477,13.35329,-3.455733,0.001061,3.455733,1.594592,-0.061345,1.595771,3.141286,17.215029,0.448877
20,86,1786608227.56621,0,1,50.860533,13.215129,33.848455,13.350864,-3.467392,0.049835,3.46775,1.592109,-0.06064,1.593264,3.127221,17.01262,0.366293
20,87,1786608227.60621,0,1,50.721342,13.215361,33.912036,13.348473,-3.479773,0.005802,3.479778,1.58953,-0.059777,1.590654,3.139925,16.809833,0.358176
20,88,1786608227.6462,0,1,50.581687,13.217561,33.97551,13.346122,-3.491378,0.054981,3.491811,1.586861,-0.058767,1.587949,3.125846,16.606674,0.458632
20,89,1786608227.68622,0,1,50.441534,13.218062,34.038875,13.343817,-3.503831,0.012535,3.503854,1.584111,-0.057624,1.585159,3.138015,16.403141,0.234283
20,90,1786608227.72621,0,1,50.30092,13.220562,34.102126,13.341563,-3.515346,0.062486,3.515901,1.581285,-0.056357,1.582289,3.123819,16.199246,0.590358
20,91,1786608227.76621,0,1,50.159803,13.22129,34.165262,13.339364,-3.527912,0.018211,3.527959,1.57839,-0.054977,1.579347,3.136431,15.994977,0.127194
20,92,1786608227.80623,0,1,50.018229,13.224033,34.228279,13.337224,-3.539357,0.068576,3.540021,1.57543,-0.053493,1.576338,3.12222,15.790356,0.699265
20,93,1786608227.84633,0,1,49.876149,13.225049,34.291175,13.335148,-3.552002,0.025397,3.552093,1.572412,-0.051914,1.573269,3.134443,15.585362,0.00491
20,94,1786608227.88625,0,1,49.733615,13.228107,34.353949,13.333138,-3.563349,0.07645,3.564169,1.56934,-0.050247,1.570145,3.120141,15.380025,0.837789
20,95,1786608227.92629,0,1,49.59057,13.229381,34.416598,13.331198,-3.576113,0.031853,3.576255,1.566219,-0.048501,1.566969,3.132686,15.174314,0.125887
20,96,1786608227.96625,0,1,49.447075,13.232714,34.47912,13.32933,-3.587377,0.083328,3.588345,1.563051,-0.046681,1.563748,3.118369,14.968267,0.9608
20,97,1786608228.00622,0,1,49.303066,13.234252,34.541513,13.327539,-3.600239,0.038437,3.600444,1.559842,-0.044793,1.560485,3.130917,14.761847,0.249605
20,98,1786608228.04623,0,1,49.158609,13.237865,34.603794,13.325817,-3.611418,0.090335,3.612548,1.557019,-0.043043,1.557613,3.116584,14.555081,1.086661
20,99,1786608228.08623,0,1,49.013674,13.239671,34.665976,13.32416,-3.623385,0.045138,3.623667,1.554551,-0.041419,1.555103,3.129136,14.347946,0.376332
20,100,1786608228.12619,0,1,48.868373,13.243566,34.728073,13.322564,-3.632516,0.097391,3.633821,1.552411,-0.039911,1.552924,3.114788,14.140521,1.215694
20,101,1786608228.16618,0,1,48.722666,13.245643,34.790096,13.321023,-3.642674,0.05191,3.643044,1.550571,-0.03851,1.551049,3.127343,13.932774,0.506453
20,102,1786608228.20621,0,1,48.576672,13.249821,34.852056,13.319535,-3.649858,0.10445,3.651353,1.549009,-0.037208,1.549456,3.112983,13.724793,1.348188
20,103,1786608228.24623,0,1,48.430339,13.25217,34.913964,13.318095,-3.658308,0.058729,3.658779,1.547701,-0.035998,1.548119,3.12554,13.516536,0.64027
20,104,1786608228.28622,0,1,48.283794,13.25663,34.975829,13.3167,-3.663644,0.111492,3.66534,1.546627,-0.034872,1.54702,3.11117,13.3081,1.48446
20,105,1786608228.32623,0,1,48.136975,13.259252,35.03766,13.315347,-3.67048,0.065572,3.671065,1.545769,-0.033824,1.546139,3.12373,13.099435,0.778113
20,106,1786608228.36623,0,1,47.990012,13.263992,35.099464,13.314033,-3.67406,0.118497,3.67597,1.54511,-0.032847,1.545459,3.109351,12.890645,1.624864
20,107,1786608228.40623,0,1,47.842837,13.266889,35.16125,13.312756,-3.679372,0.072419,3.680085,1.544633,-0.031936,1.544963,3.121913,12.681671,0.920347
20,108,1786608228.44623,0,1,47.695586,13.271907,35.223022,13.311513,-3.681285,0.125448,3.683421,1.544324,-0.031087,1.544637,3.107529,12.472626,1.769789
20,109,1786608228.48623,0,1,47.54818,13.275077,35.284789,13.310301,-3.685158,0.079249,3.68601,1.544169,-0.030293,1.544466,3.120091,12.263441,1.067381
20,110,1786608228.52623,0,1,47.40076,13.28037,35.346555,13.309119,-3.685486,0.132327,3.687861,1.544156,-0.029552,1.544439,3.105703,12.054239,1.919675
20,111,1786608228.56646,0,1,47.25324,13.283812,35.408326,13.307964,-3.688001,0.086044,3.689004,1.544274,-0.028858,1.544544,3.118266,11.844938,1.219677
20,112,1786608228.60645,0,1,47.105822,13.289374,35.470107,13.306836,-3.685453,0.139068,3.688076,1.544513,-0.028209,1.54477,3.103876,11.635728,2.075007
20,113,1786608228.64643,0,1,46.958416,13.293083,35.531901,13.305732,-3.68515,0.092713,3.686316,1.544862,-0.0276,1.545108,3.116439,11.426522,1.377748
20,114,1786608228.68645,0,1,46.811183,13.298908,35.593714,13.304651,-3.680818,0.145621,3.683697,1.545312,-0.027028,1.545549,3.102051,11.217471,2.236223
20,115,1786608228.7264,0,1,46.664028,13.302879,35.655548,13.303591,-3.678888,0.099277,3.680228,1.545857,-0.026492,1.546084,3.114614,11.00848,1.542071
20,116,1786608228.76639,0,1,46.517003,13.304565,35.717408,13.302552,-3.675623,0.042162,3.675865,1.546488,-0.025987,1.546706,3.130122,10.799595,0.667877
20,117,1786608228.80633,0,1,46.370217,13.307929,35.779296,13.301531,-3.669632,0.084096,3.670596,1.547197,-0.025512,1.547408,3.11868,10.590924,1.347415
20,118,1786608228.84643,0,1,46.223744,13.313394,35.841215,13.300529,-3.661834,0.136616,3.664381,1.54798,-0.025064,1.548183,3.104302,10.382537,2.207598
20,119,1786608228.88629,0,1,46.077501,13.317011,35.903168,13.299543,-3.656083,0.090438,3.657201,1.54883,-0.024641,1.549026,3.116861,10.174348,1.515364
20,120,1786608228.92646,0,1,45.931654,13.322717,35.965158,13.298573,-3.64617,0.14264,3.64896,1.549742,-0.024241,1.549931,3.102492,9.966526,2.379093
20,121,1786608228.96644,0,1,45.78612,13.326581,36.027186,13.297619,-3.638353,0.096597,3.639635,1.55071,-0.023863,1.550894,3.115049,9.758977,1.690859
20,122,1786608229.00644,0,1,45.641078,13.332517,36.089255,13.296679,-3.626042,0.148393,3.629077,1.551731,-0.023504,1.551909,3.100691,9.55189,2.558441
20,123,1786608229.04647,0,1,45.496446,13.336618,36.151363,13.295755,-3.615797,0.102525,3.61725,1.552699,-0.023102,1.552871,3.113246,9.345172,1.874704
20,124,1786608229.0864,0,1,45.35238,13.342772,36.213508,13.294848,-3.601649,0.15385,3.604933,1.553621,-0.022659,1.553786,3.098902,9.138998,2.746441
20,125,1786608229.12637,0,1,45.208764,13.347101,36.275688,13.293961,-3.590397,0.108248,3.592029,1.554498,-0.022179,1.554656,3.111453,8.933235,2.067733
20,126,1786608229.16646,0,1,45.065783,13.353464,36.337901,13.293094,-3.574531,0.159054,3.578068,1.555335,-0.021665,1.555486,3.097125,8.728091,2.944083
20,127,1786608229.20636,0,1,44.92334,13.358012,36.400147,13.29225,-3.561081,0.113711,3.562896,1.556135,-0.02112,1.556278,3.109672,8.523447,2.270998
20,128,1786608229.24641,0,1,44.781667,13.364566,36.462423,13.291428,-3.54182,0.163852,3.545608,1.556901,-0.020547,1.557036,3.095364,8.319566,3.152434
20,129,1786608229.28642,0,1,44.640915,13.373498,36.524728,13.29063,-3.518796,0.223295,3.525874,1.557635,-0.019947,1.557763,3.07822,8.11661,4.215982
20,130,1786608229.32643,0,1,44.501282,13.385161,36.587062,13.289857,-3.490832,0.291577,3.502988,1.558341,-0.019323,1.558461,3.05826,7.914794,5.464566
20,131,1786608229.36641,0,1,44.363018,13.399884,36.649423,13.28911,-3.456599,0.368074,3.476141,1.55902,-0.018678,1.559132,3.035508,7.714391,6.900965
20,132,1786608229.40648,0,1,44.226444,13.417961,36.71181,13.288389,-3.414362,0.45192,3.444139,1.559674,-0.018012,1.559778,3.009999,7.515751,8.527587
20,133,1786608229.44649,0,1,44.092106,13.439614,36.774222,13.287696,-3.358431,0.541338,3.40178,1.560306,-0.017328,1.560403,2.98178,7.319461,10.345893
20,134,1786608229.48652,0,1,43.959944,13.465122,36.836659,13.287031,-3.304072,0.637689,3.365046,1.560918,-0.016627,1.561006,2.950936,7.125511,12.355993
20,135,1786608229.52656,0,1,43.829923,13.494759,36.899119,13.286395,-3.250516,0.740939,3.333893,1.56151,-0.015911,1.561591,2.917477,6.933935,14.562884
20,136,1786608229.56654,0,1,43.70206,13.5288,36.961602,13.285787,-3.196566,0.851027,3.307912,1.562085,-0.015181,1.562159,2.881396,6.744837,16.972931
20,137,1786608229.60652,0,1,43.575953,13.565929,37.024108,13.28521,-3.15267,0.928225,3.286476,1.562643,-0.014439,1.56271,2.855258,6.557856,18.859131
20,138,1786608229.64652,0,1,43.451417,13.605966,37.086636,13.284663,-3.113413,1.000912,3.270346,1.563187,-0.013685,1.563247,2.830544,6.372886,20.711678
20,139,1786608229.68655,0,1,43.328308,13.648904,37.149184,13.284146,-3.077725,1.073464,3.259558,1.563717,-0.01292,1.563771,2.806001,6.18988,22.606296
20,140,1786608229.72653,0,1,43.206542,13.694732,37.211754,13.28366,-3.044156,1.145685,3.252611,1.564235,-0.012146,1.564282,2.781634,6.008865,24.546823
20,141,1786608229.76653,0,1,43.085336,13.741582,37.274343,13.283205,-3.030148,1.171252,3.248635,1.564741,-0.011364,1.564782,2.77275,5.829043,25.643356
20,142,1786608229.80653,0,1,42.964546,13.789147,37.336953,13.282782,-3.019749,1.189123,3.245442,1.565237,-0.010574,1.565272,2.766458,5.650328,26.635201
20,143,1786608229.84652,0,1,42.845547,13.840679,37.399582,13.282391,-2.974975,1.288313,3.241948,1.565722,-0.009777,1.565753,2.732923,5.474507,29.268207
20,144,1786608229.88654,0,1,42.726848,13.892966,37.46223,13.282032,-2.967473,1.307162,3.242617,1.566199,-0.008974,1.566225,2.72667,5.299948,30.392616
20,145,1786608229.9266,0,1,42.608287,13.945716,37.524896,13.281706,-2.964026,1.318751,3.244157,1.566668,-0.008165,1.566689,2.722972,5.126575,31.427218
20,146,1786608229.96635,0,1,42.489699,13.99864,37.587582,13.281412,-2.964686,1.323112,3.246535,1.567128,-0.007352,1.567146,2.721828,4.954309,32.374649
20,147,1786608230.00655,0,1,42.37092,14.05145,37.650285,13.28115,-2.969478,1.320236,3.249742,1.567582,-0.006534,1.567596,2.723237,4.78307,33.237706
20,148,1786608230.04653,0,1,42.251784,14.103853,37.713012,13.28092,-2.978401,1.310075,3.253792,1.568187,-0.005769,1.568197,2.727204,4.612772,34.01946
20,149,1786608230.0865,0,1,42.132103,14.155565,37.77577,13.280717,-2.992037,1.292805,3.259391,1.56893,-0.005052,1.568938,2.733739,4.443309,34.723498
20,150,1786608230.12643,0,1,42.011693,14.206295,37.838562,13.280542,-3.010236,1.26824,3.266489,1.5698,-0.00438,1.569806,2.742852,4.274581,35.353872
20,151,1786608230.16642,0,1,41.890381,14.25574,37.901393,13.280392,-3.032805,1.236137,3.275048,1.570788,-0.003749,1.570792,2.754561,4.106498,35.915072
20,152,1786608230.20653,0,1,41.768001,14.303588,37.964268,13.280266,-3.059509,1.196198,3.28504,1.571884,-0.003156,1.571887,2.768889,3.938981,36.412173
20,153,1786608230.24653,0,1,41.645233,14.351697,38.027192,13.280162,-3.069203,1.202716,3.296442,1.573079,-0.002599,1.573081,2.768118,3.773382,37.895934
20,154,1786608230.28654,0,1,41.521486,14.398645,38.090166,13.280079,-3.093678,1.173719,3.308846,1.574365,-0.002074,1.574366,2.778976,3.609036,38.831684
20,155,1786608230.32653,0,1,41.397565,14.446662,38.153196,13.280016,-3.098005,1.200426,3.322448,1.575735,-0.001579,1.575736,2.771923,3.447753,40.958661
20,156,1786608230.36653,0,1,41.272344,14.492864,38.216283,13.279972,-3.130537,1.155035,3.33682,1.577183,-0.001112,1.577183,2.78813,3.28795,41.899104
20,157,1786608230.40651,0,1,41.146968,14.540431,38.279431,13.279945,-3.134405,1.18917,3.352405,1.578701,-0.000671,1.578701,2.778976,3.132346,44.505276
20,158,1786608230.44649,0,1,41.020213,14.586145,38.342642,13.279935,-3.168872,1.142855,3.36866,1.580285,-0.000253,1.580285,2.795461,2.979189,45.836564
20,159,1786608230.48654,0,1,40.893059,14.6328,38.40592,13.27994,-3.178836,1.166382,3.386067,1.58193,0.000143,1.58193,2.789924,2.831271,48.692784
20,160,1786608230.52652,0,1,40.764488,14.677643,38.469265,13.279961,-3.214292,1.121069,3.404184,1.583629,0.000518,1.583629,2.806008,2.687297,50.566995
20,161,1786608230.56652,0,1,40.635474,14.723545,38.53268,13.279996,-3.225345,1.147545,3.423406,1.58538,0.000875,1.58538,2.799769,2.550603,54.054282
20,162,1786608230.6065,0,1,40.505002,14.76736,38.596167,13.280045,-3.261788,1.095389,3.440804,1.587177,0.001215,1.587178,2.817602,2.419868,56.488127
20,163,1786608230.64654,0,1,40.37298,14.808684,38.659728,13.280106,-3.300549,1.033098,3.458456,1.589018,0.001538,1.589019,2.838245,2.296037,59.120127
20,164,1786608230.68651,0,1,40.239332,14.847093,38.723364,13.28018,-3.341207,0.960226,3.476449,1.590898,0.001847,1.590899,2.861746,2.180224,61.980784
20,165,1786608230.72649,0,1,40.104005,14.882145,38.787076,13.280266,-3.383187,0.876283,3.494829,1.592815,0.002142,1.592816,2.888151,2.07372,65.096995
20,166,1786608230.76646,0,1,39.966974,14.913375,38.850867,13.280363,-3.425769,0.780753,3.513612,1.594765,0.002424,1.594767,2.917514,1.977985,68.487506
20,167,1786608230.80644,0,1,39.82898,14.943811,38.914737,13.280471,-3.44984,0.760914,3.532759,1.596747,0.002695,1.596749,2.924504,1.898037,73.643202
20,168,1786608230.84653,0,1,39.689456,14.97055,38.978687,13.280589,-3.488106,0.668468,3.551582,1.598756,0.002955,1.598759,2.952246,1.833347,78.037952
20,169,1786608230.88649,0,1,39.549093,14.996932,39.042719,13.280717,-3.509084,0.659554,3.57053,1.600792,0.003204,1.600795,2.955804,1.78936,84.206062
20,170,1786608230.92653,0,1,39.407332,15.019604,39.106833,13.280855,-3.544004,0.566807,3.589044,1.602852,0.003445,1.602855,2.983002,1.764526,89.281298
20,171,1786608230.96654,0,1,39.264786,15.042032,39.17103,13.281002,-3.563657,0.560701,3.607497,1.604934,0.003677,1.604938,2.985534,1.763525,95.894019
20,172,1786608231.0065,0,1,39.121048,15.061261,39.235311,13.281158,-3.593443,0.480711,3.625453,1.607036,0.0039,1.607041,3.008608,1.783767,101.292194
20,173,1786608231.04654,0,1,38.976582,15.080382,39.299668,13.281321,-3.611665,0.478029,3.643163,1.60891,0.004088,1.608915,3.010001,1.827841,107.72066
20,174,1786608231.08655,0,1,38.830968,15.095421,39.364091,13.281491,-3.640344,0.375965,3.659707,1.610573,0.004242,1.610579,3.03868,1.890651,112.274764
20,175,1786608231.1265,0,1,38.684707,15.110301,39.428573,13.281666,-3.656524,0.372016,3.6754,1.612043,0.004366,1.612049,3.040201,1.974144,117.94517
20,176,1786608231.16653,0,1,38.537556,15.121816,39.493106,13.281844,-3.678781,0.287879,3.690028,1.613335,0.004461,1.613341,3.063498,2.0733,121.918632
20,177,1786608231.20652,0,1,38.389848,15.133291,39.557654,13.282025,-3.692688,0.286863,3.703814,1.613697,0.004529,1.613703,3.064064,2.188825,126.686375
20,178,1786608231.24636,0,1,38.241406,15.14143,39.622202,13.282208,-3.711067,0.203467,3.716641,1.613697,0.004571,1.613703,3.08682,2.31588,129.738541
20,179,1786608231.28635,0,1,38.092431,15.145131,39.68675,13.282392,-3.724357,0.092548,3.725506,1.613697,0.004592,1.613703,3.116748,2.451867,131.983683
20,180,1786608231.32635,0,1,37.943104,15.148447,39.751297,13.282575,-3.733177,0.082882,3.734097,1.613697,0.004594,1.613703,3.119395,2.598276,135.372451
20,181,1786608231.36633,0,1,37.793452,15.151811,39.815845,13.282759,-3.741319,0.084097,3.742264,1.613697,0.004576,1.613703,3.119119,2.753803,138.544235
20,182,1786608231.40633,0,1,37.643468,15.154081,39.880393,13.28294,-3.749576,0.056759,3.750006,1.613697,0.004542,1.613703,3.126456,2.916333,140.955468
20,183,1786608231.44636,0,1,37.49319,15.156299,39.944941,13.28312,-3.756951,0.055462,3.75736,1.613697,0.004493,1.613703,3.126831,3.085431,143.465314
20,184,1786608231.48635,0,1,37.342618,15.155979,40.009489,13.283297,-3.764308,-0.008002,3.764316,1.613697,0.004429,1.613703,-3.139467,3.258702,144.801593
20,185,1786608231.52636,0,1,37.191781,15.156348,40.074037,13.283471,-3.770918,0.009219,3.770929,1.613697,0.004352,1.613703,3.139148,3.437305,147.124432
20,186,1786608231.56634,0,1,37.040835,15.155912,40.138585,13.283642,-3.773659,-0.010893,3.773675,1.613698,0.004263,1.613703,-3.138706,3.619593,148.685967
20,187,1786608231.6063,0,1,36.889889,15.155528,40.203133,13.283808,-3.773662,-0.009607,3.773675,1.613698,0.004162,1.613703,-3.139047,3.805381,150.391134
20,188,1786608231.64636,0,1,36.738971,15.152546,40.26768,13.28397,-3.772938,-0.074561,3.773675,1.613698,0.004052,1.613703,-3.121833,3.992914,150.965078
20,189,1786608231.68636,0,1,36.588036,15.15064,40.332228,13.284128,-3.773374,-0.047639,3.773675,1.613698,0.003933,1.613703,-3.128968,4.18364,152.780014
20,190,1786608231.72627,0,1,36.437114,15.147922,40.396776,13.28428,-3.773063,-0.067961,3.773675,1.613699,0.003804,1.613703,-3.123582,4.37631,153.76375
20,191,1786608231.76634,0,1,36.286181,15.14583,40.461324,13.284426,-3.773313,-0.052281,3.773675,1.613699,0.003668,1.613703,-3.127738,4.571285,155.177442
20,192,1786608231.80635,0,1,36.135312,15.140995,40.525872,13.284567,-3.771738,-0.120887,3.773675,1.613699,0.003525,1.613703,-3.109553,4.766901,155.244522
20,193,1786608231.84637,0,1,35.984405,15.137497,40.59042,13.284702,-3.772661,-0.087458,3.773675,1.6137,0.003375,1.613703,-3.118415,4.964698,156.759288
20,194,1786608231.88635,0,1,35.833587,15.131255,40.654968,13.284831,-3.770447,-0.156046,3.773675,1.6137,0.00322,1.613703,-3.10023,5.162848,156.674948
20,195,1786608231.92635,0,1,35.68272,15.12635,40.719516,13.284954,-3.771682,-0.122627,3.773675,1.6137,0.003058,1.613703,-3.109092,5.36284,158.055985
20,196,1786608231.96638,0,1,35.531876,15.120766,40.784062,13.285069,-3.771092,-0.139594,3.773675,1.613651,0.002892,1.613653,-3.104593,5.563743,158.614977
20,197,1786608232.00633,0,1,35.381011,15.1158,40.848604,13.285178,-3.771632,-0.124148,3.773675,1.613545,0.00272,1.613547,-3.108688,5.765913,159.6035
20,198,1786608232.04631,0,1,35.230252,15.10828,40.913142,13.285281,-3.768988,-0.188012,3.773675,1.613459,0.002567,1.613461,-3.09175,5.96813,159.358654
20,199,1786608232.08624,0,1,35.079424,15.102282,40.977678,13.285378,-3.770694,-0.14995,3.773675,1.613393,0.002431,1.613395,-3.101846,6.171754,160.601737
20,200,1786608232.12624,0,1,34.92853,15.098261,41.042212,13.28547,-3.772336,-0.100509,3.773675,1.613344,0.002311,1.613346,-3.114955,6.376779,161.957974
20,201,1786608232.16624,0,1,34.777707,15.092142,41.106744,13.285559,-3.770573,-0.152976,3.773675,1.613311,0.002205,1.613313,-3.101044,6.581828,161.745671
20,202,1786608232.20622,0,1,34.626817,15.088001,41.171276,13.285643,-3.772254,-0.103536,3.773675,1.613294,0.002112,1.613295,-3.114153,6.78811,163.030144
20,203,1786608232.24619,0,1,34.475999,15.081761,41.235808,13.285724,-3.770449,-0.156001,3.773675,1.613289,0.002032,1.613291,-3.100242,6.994337,162.751413
20,204,1786608232.28619,0,1,34.325112,15.077498,41.30034,13.285803,-3.77217,-0.106563,3.773675,1.613298,0.001963,1.613299,-3.11335,7.201664,163.975967
20,205,1786608232.3262,0,1,34.1743,15.071137,41.364872,13.285879,-3.770322,-0.159027,3.773675,1.613318,0.001904,1.613319,-3.099439,7.408879,163.641452
20,206,1786608232.3662,0,1,34.023416,15.066754,41.429406,13.285953,-3.772083,-0.10959,3.773675,1.613348,0.001855,1.613349,-3.112548,7.617082,164.815527
20,207,1786608232.40635,0,1,33.87253,15.062474,41.493942,13.286026,-3.772158,-0.106997,3.773675,1.613388,0.001815,1.613389,-3.113235,7.825707,165.254642
20,208,1786608232.44635,0,1,33.721617,15.059279,41.558479,13.286097,-3.77283,-0.079859,3.773675,1.613438,0.001783,1.613439,-3.120429,8.03496,166.03823
20,209,1786608232.48637,0,1,33.570757,15.05416,41.623019,13.286168,-3.771504,-0.127978,3.773675,1.613495,0.001758,1.613496,-3.107673,8.244072,165.672911
20,210,1786608232.52635,0,1,33.419839,15.051193,41.687562,13.286237,-3.772946,-0.074167,3.773675,1.61356,0.00174,1.613561,-3.121937,8.454011,166.823475
20,211,1786608232.56637,0,1,33.268971,15.046302,41.752107,13.286306,-3.771693,-0.122288,3.773675,1.613633,0.001729,1.613633,-3.109181,8.663785,166.422107
20,212,1786608232.60636,0,1,33.118049,15.043563,41.816655,13.286375,-3.773053,-0.068475,3.773675,1.613702,0.001723,1.613703,-3.123446,8.874314,167.539767
20,213,1786608232.64635,0,1,32.967174,15.038899,41.881203,13.286444,-3.771873,-0.116598,3.773675,1.613702,0.001723,1.613703,-3.11069,9.084658,167.107185
20,214,1786608232.68628,0,1,32.816248,15.036388,41.945751,13.286513,-3.773152,-0.062783,3.773675,1.613702,0.001728,1.613703,-3.124955,9.295692,168.196292
20,215,1786608232.72634,0,1,32.665366,15.031951,42.010299,13.286583,-3.772045,-0.110907,3.773675,1.613702,0.001737,1.613703,-3.112199,9.506529,167.736517
20,216,1786608232.76639,0,1,32.514436,15.029668,42.074847,13.286653,-3.773243,-0.057091,3.773675,1.613702,0.00175,1.613703,-3.126463,9.718002,168.800707
20,217,1786608232.80635,0,1,32.363548,15.025459,42.139395,13.286723,-3.772208,-0.105216,3.773675,1.613702,0.001768,1.613703,-3.113707,9.929269,168.317108
20,218,1786608232.84639,0,1,32.212615,15.023403,42.203943,13.286795,-3.773325,-0.051398,3.773675,1.613702,0.001788,1.613703,-3.127972,10.141127,169.359432
20,219,1786608232.88632,0,1,32.061685,15.021138,42.268492,13.286867,-3.77325,-0.056626,3.773675,1.613702,0.001812,1.613703,-3.126587,10.353096,169.497011
20,220,1786608232.92635,0,1,31.910738,15.021372,42.33304,13.286941,-3.77367,0.00585,3.773675,1.613702,0.001839,1.613703,3.140042,10.565634,170.640507
20,221,1786608232.96638,0,1,31.759797,15.020025,42.397588,13.287016,-3.773524,-0.03368,3.773675,1.613702,0.001869,1.613703,-3.132668,10.778029,170.23582
20,222,1786608233.00636,0,1,31.608888,15.016642,42.462136,13.287092,-3.772727,-0.084577,3.773675,1.613702,0.001901,1.613703,-3.119178,10.990192,169.66136
20,223,1786608233.04633,0,1,31.457953,15.015301,42.526684,13.287169,-3.773371,-0.033521,3.77352,1.613702,0.001925,1.613703,-3.132709,11.202823,170.617213
20,224,1786608233.08635,0,1,31.30706,15.011925,42.591232,13.287246,-3.772342,-0.084411,3.773287,1.613702,0.00194,1.613703,-3.11922,11.415212,170.028285
20,225,1786608233.12635,0,1,31.156147,15.01059,42.65578,13.287324,-3.77283,-0.03336,3.772978,1.613702,0.001949,1.613703,-3.132751,11.628036,170.970815
20,226,1786608233.1664,0,1,31.00528,15.007221,42.720328,13.287402,-3.771654,-0.084238,3.772594,1.613702,0.00195,1.613703,-3.119262,11.840613,170.368939
20,227,1786608233.20632,0,1,30.854509,15.001361,42.784876,13.28748,-3.769294,-0.146487,3.772139,1.613702,0.001946,1.613703,-3.102749,12.052844,169.599408
20,228,1786608233.24628,0,1,30.703704,14.997088,42.849424,13.287558,-3.770119,-0.106822,3.771632,1.613702,0.001936,1.613703,-3.113266,12.26544,170.365179
20,229,1786608233.28634,0,1,30.553014,14.990327,42.913972,13.287634,-3.767258,-0.16903,3.771048,1.613702,0.00192,1.613703,-3.096755,12.477679,169.587964
20,230,1786608233.32634,0,1,30.402286,14.985152,42.97852,13.28771,-3.768197,-0.129376,3.770418,1.613702,0.0019,1.613703,-3.107272,12.690271,170.346715
20,231,1786608233.36635,0,1,30.251692,14.977491,43.043069,13.287785,-3.764848,-0.191535,3.769717,1.613702,0.001875,1.613703,-3.090762,12.902497,169.562573
20,232,1786608233.40632,0,1,30.101055,14.971415,43.107617,13.287859,-3.765914,-0.151895,3.768976,1.613702,0.001847,1.613703,-3.10128,13.115068,170.314982
20,233,1786608233.44631,0,1,29.950572,14.962855,43.172165,13.287932,-3.762088,-0.213996,3.768169,1.613702,0.001815,1.613703,-3.084772,13.327261,169.524578
20,234,1786608233.48635,0,1,29.80004,14.95588,43.236713,13.288003,-3.76329,-0.174372,3.767328,1.613702,0.001779,1.613703,-3.095291,13.539793,170.271239
20,235,1786608233.52634,0,1,29.64968,14.946424,43.301261,13.288073,-3.759,-0.236409,3.766427,1.613702,0.00174,1.613703,-3.078784,13.751938,169.475156
20,236,1786608233.56639,0,1,29.499266,14.938552,43.365809,13.288141,-3.760349,-0.196804,3.765495,1.613702,0.001698,1.613703,-3.089304,13.964414,170.216592
20,237,1786608233.60635,0,1,29.349042,14.928201,43.430357,13.288207,-3.755605,-0.258769,3.76451,1.613702,0.001654,1.613703,-3.072799,14.176495,169.415346
20,238,1786608233.64638,0,1,29.198757,14.919433,43.494905,13.288271,-3.75711,-0.219186,3.763498,1.613702,0.001608,1.613703,-3.08332,14.388903,170.152019
20,239,1786608233.68634,0,1,29.048681,14.908191,43.559453,13.288333,-3.751924,-0.281075,3.762437,1.613702,0.001559,1.613703,-3.066818,14.600906,169.346069
20,240,1786608233.72633,0,1,28.898537,14.89853,43.624001,13.288394,-3.753593,-0.241515,3.761354,1.613702,0.001508,1.613703,-3.077339,14.813232,170.078389
20,241,1786608233.76633,0,1,28.748618,14.886397,43.688549,13.288452,-3.747973,-0.303321,3.760227,1.613703,0.001456,1.613703,-3.060839,15.025145,169.26814
20,242,1786608233.80631,0,1,28.598625,14.875846,43.753098,13.288508,-3.749815,-0.263788,3.759082,1.613703,0.001402,1.613703,-3.071361,15.237377,169.996472
20,243,1786608233.84639,0,1,28.448874,14.862825,43.817646,13.288562,-3.743772,-0.325507,3.757896,1.613703,0.001346,1.613703,-3.054865,15.449189,169.182288
20,244,1786608233.88633,0,1,28.299043,14.851385,43.882194,13.288613,-3.745794,-0.286002,3.756696,1.613703,0.001289,1.613703,-3.065388,15.661317,169.906958
20,245,1786608233.92635,0,1,28.149469,14.83748,43.946742,13.288663,-3.739336,-0.347629,3.75546,1.613703,0.001231,1.613703,-3.048894,15.873017,169.089163
20,246,1786608233.96636,0,1,27.999807,14.825154,44.01129,13.28871,-3.741545,-0.308155,3.754213,1.613703,0.001172,1.613703,-3.059418,16.085031,169.810463
20,247,1786608234.00635,0,1,27.85042,14.810366,44.075838,13.288754,-3.73468,-0.369687,3.752933,1.613703,0.001112,1.613703,-3.042927,16.29661,168.989349
20,248,1786608234.04638,0,1,27.700937,14.797157,44.140386,13.288796,-3.737082,-0.330246,3.751646,1.613703,0.00104,1.613703,-3.053452,16.508502,169.707539
20,249,1786608234.08631,0,1,27.551735,14.781489,44.204934,13.288834,-3.730039,-0.391701,3.750549,1.613703,0.000959,1.613703,-3.036964,16.71996,168.883369
20,250,1786608234.12631,0,1,27.402412,14.767395,44.269482,13.288869,-3.733073,-0.352334,3.749663,1.613703,0.000868,1.613703,-3.04749,16.931748,169.598692
20,251,1786608234.1663,0,1,27.25337,14.750845,44.334031,13.288899,-3.726055,-0.413747,3.748956,1.613703,0.000768,1.613703,-3.031004,17.143111,168.771675
20,252,1786608234.20634,0,1,27.104182,14.735867,44.398579,13.288926,-3.729699,-0.374452,3.748449,1.613703,0.000661,1.613703,-3.041531,17.35482,169.484338
20,253,1786608234.24635,0,1,26.955275,14.718434,44.463127,13.288948,-3.722684,-0.43584,3.748111,1.613703,0.000546,1.613703,-3.025046,17.566112,168.654648
20,254,1786608234.28638,0,1,26.806198,14.702569,44.527675,13.288965,-3.726918,-0.396612,3.747962,1.613703,0.000425,1.613703,-3.035573,17.777767,169.364841
20,255,1786608234.32634,0,1,26.65692,14.688722,44.592223,13.288977,-3.73195,-0.346189,3.747973,1.613703,0.000298,1.613703,-3.049094,17.989841,170.237653
20,256,1786608234.36638,0,1,26.507835,14.672862,44.656771,13.288983,-3.727122,-0.396478,3.748151,1.613703,0.000165,1.613703,-3.035615,18.201621,169.567481
20,257,1786608234.40633,0,1,26.358536,14.659019,44.721319,13.288984,-3.73248,-0.346082,3.748491,1.613703,2.7E-05,1.613703,-3.049135,18.413821,170.435688
20,258,1786608234.44632,0,1,26.209417,14.643163,44.785867,13.28898,-3.727972,-0.396413,3.748989,1.613703,-0.000115,1.613703,-3.035656,18.625743,169.760919
20,259,1786608234.48632,0,1,26.06054,14.624963,44.850416,13.288969,-3.721933,-0.454994,3.74964,1.613703,-0.000262,1.613703,-3.01995,18.837312,168.963374
20,260,1786608234.52631,0,1,25.911444,14.608351,44.914964,13.288953,-3.727389,-0.415304,3.750454,1.613703,-0.000413,1.613703,-3.030631,19.049267,169.670734
20,261,1786608234.56629,0,1,25.762098,14.593776,44.979512,13.28893,-3.733665,-0.364379,3.751403,1.613703,-0.000567,1.613703,-3.044308,19.261662,170.541618
20,262,1786608234.6063,0,1,25.612915,14.577207,45.04406,13.288901,-3.729564,-0.414216,3.752496,1.613703,-0.000724,1.613703,-3.030983,19.473806,169.869317
20,263,1786608234.6463,0,1,25.4635,14.56238,45.108608,13.288866,-3.735378,-0.370677,3.753725,1.613703,-0.000884,1.613703,-3.042682,19.686343,170.62379
20,264,1786608234.6863,0,1,25.314248,14.545498,45.173156,13.288824,-3.731296,-0.422049,3.75509,1.613703,-0.001046,1.613703,-3.028961,19.898629,169.925811
20,265,1786608234.7263,0,1,25.164726,14.530594,45.237704,13.288776,-3.738061,-0.3726,3.756585,1.613703,-0.001211,1.613703,-3.042244,20.111354,170.767615
20,266,1786608234.76629,0,1,25.015357,14.513632,45.302252,13.28872,-3.73421,-0.424043,3.758209,1.613703,-0.001378,1.613703,-3.028521,20.323841,170.066157
20,267,1786608234.80629,0,1,24.865997,14.495991,45.3668,13.288659,-3.734003,-0.441016,3.759957,1.613702,-0.001547,1.613703,-3.024029,20.536324,169.893734
20,268,1786608234.8463,0,1,24.71635,14.480246,45.431349,13.28859,-3.741176,-0.393644,3.761829,1.613702,-0.001717,1.613703,-3.036759,20.749246,170.701096
20,269,1786608234.88623,0,1,24.566864,14.462355,45.495897,13.288514,-3.737147,-0.447265,3.763816,1.613702,-0.001889,1.613703,-3.022478,20.961925,169.965079
20,270,1786608234.92631,0,1,24.417079,14.44636,45.560445,13.288432,-3.744631,-0.399877,3.765921,1.613702,-0.002062,1.613703,-3.035209,21.175049,170.769962
20,271,1786608234.9663,0,1,24.26745,14.428217,45.624993,13.288342,-3.740736,-0.453587,3.768136,1.613702,-0.002236,1.613703,-3.020926,21.38794,170.031257
20,272,1786608235.00629,0,1,24.117509,14.41197,45.689541,13.288246,-3.74852,-0.406176,3.770462,1.613701,-0.002411,1.613703,-3.033657,21.601281,170.833821
20,273,1786608235.0463,0,1,23.967719,14.39357,45.754089,13.28813,-3.744747,-0.459981,3.772892,1.613701,-0.002898,1.613703,-3.019371,21.814397,170.092533
20,274,1786608235.08623,0,1,23.817676,14.377076,45.818637,13.287983,-3.751078,-0.41235,3.773675,1.613699,-0.003672,1.613703,-3.032104,22.027901,170.892802
20,275,1786608235.12623,0,1,23.667884,14.35844,45.883185,13.287795,-3.744804,-0.465902,3.773675,1.613696,-0.004709,1.613703,-3.017816,22.241085,170.148926
20,276,1786608235.16622,0,1,23.517866,14.341713,45.947732,13.287555,-3.750432,-0.418184,3.773675,1.613692,-0.005988,1.613703,-3.030548,22.454624,170.946831
20,277,1786608235.20621,0,1,23.368103,14.322844,46.01228,13.287256,-3.744075,-0.471726,3.773675,1.613686,-0.007488,1.613703,-3.01626,22.667844,170.200505
20,278,1786608235.2463,0,1,23.218112,14.305883,46.076827,13.286888,-3.749777,-0.424017,3.773675,1.613677,-0.009192,1.613703,-3.028993,22.881416,170.996081
20,279,1786608235.2863,0,1,23.067873,14.291288,46.141373,13.286445,-3.755992,-0.36489,3.773675,1.613665,-0.011082,1.613703,-3.044748,23.095371,171.957569
20,280,1786608235.3263,0,1,22.917807,14.274999,46.205919,13.285919,-3.751641,-0.407201,3.773675,1.61365,-0.013142,1.613703,-3.033476,23.309107,171.373426
20,281,1786608235.3663,0,1,22.7679,14.257309,46.270465,13.285305,-3.74767,-0.442258,3.773675,1.61363,-0.015358,1.613703,-3.024127,23.522656,170.901472
20,282,1786608235.40624,0,1,22.617765,14.241678,46.335009,13.284596,-3.753387,-0.390781,3.773675,1.613606,-0.017716,1.613703,-3.037852,23.736547,171.745258
20,283,1786608235.44622,0,1,22.46785,14.224052,46.399552,13.283788,-3.74786,-0.440646,3.773675,1.613577,-0.020203,1.613703,-3.024557,23.950166,171.044399
20,284,1786608235.48622,0,1,22.317708,14.208485,46.464094,13.282876,-3.753554,-0.389167,3.773675,1.613542,-0.022809,1.613703,-3.038282,24.16412,171.885487
20,285,1786608235.52623,0,1,22.16765,14.192128,46.528634,13.281855,-3.751452,-0.408933,3.773675,1.613501,-0.025522,1.613703,-3.033015,24.377984,171.639026
20,286,1786608235.56625,0,1,22.017359,14.178075,46.593172,13.280722,-3.757284,-0.351337,3.773675,1.613454,-0.028331,1.613703,-3.048356,24.592191,172.566762
20,287,1786608235.60622,0,1,21.867242,14.162266,46.657708,13.279472,-3.752923,-0.395209,3.773675,1.613401,-0.031229,1.613703,-3.036672,24.806179,171.949058
20,288,1786608235.6462,0,1,21.716903,14.148763,46.722242,13.278104,-3.758459,-0.337584,3.77359,1.613341,-0.034206,1.613703,-3.052013,25.020491,172.873307
20,289,1786608235.6862,0,1,21.566742,14.133505,46.786772,13.276614,-3.754025,-0.381447,3.773355,1.613273,-0.037255,1.613703,-3.04033,25.234583,172.252109
20,290,1786608235.72623,0,1,21.416381,14.120554,46.8513,13.274999,-3.759039,-0.323782,3.772958,1.613198,-0.040367,1.613703,-3.055671,25.44897,173.172996
20,291,1786608235.76623,0,1,21.266202,14.105849,46.915825,13.273258,-3.754463,-0.367624,3.772419,1.613116,-0.043537,1.613703,-3.043987,25.663132,172.548445
20,292,1786608235.8062,0,1,21.115843,14.093451,46.980346,13.271387,-3.75897,-0.309934,3.771726,1.613026,-0.046758,1.613703,-3.059327,25.877563,173.466079
20,293,1786608235.84621,0,1,20.965673,14.079301,47.044863,13.269387,-3.754269,-0.353751,3.770899,1.612928,-0.050023,1.613703,-3.047644,26.091764,172.838311
20,294,1786608235.88621,0,1,20.815765,14.06295,47.109376,13.267253,-3.747697,-0.408791,3.769926,1.612822,-0.053328,1.613703,-3.032944,26.305648,172.041551
20,295,1786608235.92623,0,1,20.665711,14.04845,47.173884,13.264987,-3.751352,-0.362484,3.768824,1.612708,-0.056668,1.613703,-3.045264,26.519749,172.787874
20,296,1786608235.96623,0,1,20.515501,14.036258,47.238388,13.262585,-3.755236,-0.30481,3.767587,1.612586,-0.060038,1.613703,-3.060601,26.734084,173.701163
20,297,1786608236.00632,0,1,20.365499,14.022316,47.302886,13.260048,-3.750068,-0.348538,3.76623,1.612456,-0.063433,1.613703,-3.048917,26.94817,173.069168
20,298,1786608236.04624,0,1,20.215359,14.010681,47.36738,13.257401,-3.753486,-0.29088,3.764741,1.612346,-0.066179,1.613703,-3.064251,27.162468,173.979515
20,299,1786608236.08622,0,1,20.065411,13.997297,47.43187,13.254668,-3.748696,-0.334613,3.763601,1.612256,-0.068326,1.613703,-3.052567,27.376533,173.344801
20,300,1786608236.12622,0,1,19.915709,13.981714,47.496358,13.251871,-3.742566,-0.389575,3.762787,1.612188,-0.069924,1.613703,-3.037873,27.590304,172.541498
20,301,1786608236.16625,0,1,19.765845,13.967978,47.560843,13.24903,-3.7466,-0.343396,3.762304,1.61214,-0.071014,1.613703,-3.050193,27.804295,173.281476
20,302,1786608236.20621,0,1,19.616205,13.952042,47.625328,13.246165,-3.740981,-0.398389,3.762134,1.612112,-0.071637,1.613703,-3.035499,28.018016,172.477658
20,303,1786608236.2462,0,1,19.466866,13.933458,47.689812,13.243291,-3.73348,-0.464609,3.762278,1.612104,-0.07183,1.613703,-3.017785,28.231383,171.505514
20,304,1786608236.28619,0,1,19.317342,13.916264,47.754296,13.240426,-3.73811,-0.429852,3.762743,1.612113,-0.071628,1.613703,-3.027104,28.444984,172.07882
20,305,1786608236.3262,0,1,19.167587,13.90091,47.818782,13.237584,-3.743862,-0.383845,3.763488,1.612138,-0.071062,1.613703,-3.039423,28.658872,172.819853
20,306,1786608236.36618,0,1,19.018034,13.883353,47.883269,13.234778,-3.738837,-0.438934,3.764514,1.612177,-0.07016,1.613703,-3.024729,28.872521,172.017041
20,307,1786608236.40618,0,1,18.868223,13.867634,47.947758,13.232019,-3.745264,-0.392978,3.765824,1.612229,-0.06895,1.613703,-3.037049,29.086481,172.757907
20,308,1786608236.44624,0,1,18.718597,13.849707,48.01225,13.229321,-3.74065,-0.44816,3.767401,1.612293,-0.067457,1.613703,-3.022353,29.300221,171.954825
20,309,1786608236.4862,0,1,18.568688,13.833618,48.076744,13.226693,-3.747722,-0.40224,3.769246,1.612365,-0.065703,1.613703,-3.034673,29.514297,172.695637
20,310,1786608236.52622,0,1,18.418949,13.815316,48.141242,13.224145,-3.743488,-0.457534,3.771344,1.612445,-0.06371,1.613703,-3.019974,29.728172,171.892339
20,311,1786608236.56619,0,1,18.268903,13.798851,48.205743,13.221685,-3.751157,-0.411635,3.773675,1.612531,-0.061497,1.613703,-3.032295,29.942404,172.633189
20,312,1786608236.60621,0,1,18.119115,13.780181,48.270248,13.219322,-3.7447,-0.466735,3.773675,1.612621,-0.059081,1.613703,-3.017593,30.15635,171.829687
20,313,1786608236.64621,0,1,17.969108,13.763359,48.334757,13.217062,-3.750166,-0.420565,3.773675,1.612714,-0.056481,1.613703,-3.029914,30.370563,172.570587
20,314,1786608236.68618,0,1,17.818861,13.748839,48.399269,13.214914,-3.756176,-0.362987,3.773675,1.612809,-0.05371,1.613703,-3.045254,30.585069,173.479961
20,315,1786608236.72625,0,1,17.668372,13.737083,48.463785,13.212883,-3.762212,-0.293913,3.773675,1.612904,-0.050784,1.613703,-3.063629,30.799874,174.557794
20,316,1786608236.76622,0,1,17.517667,13.728553,48.528304,13.210974,-3.767644,-0.213256,3.773675,1.612968,-0.047714,1.613674,-3.085051,31.014956,175.804208
20,317,1786608236.80619,0,1,17.367012,13.719167,48.592823,13.209194,-3.766373,-0.234635,3.773675,1.612964,-0.044512,1.613578,-3.079376,31.229975,175.499574
20,318,1786608236.84621,0,1,17.216444,13.708475,48.657339,13.207546,-3.764196,-0.2673,3.773675,1.612897,-0.04119,1.613423,-3.0707,31.444885,175.025394
20,319,1786608236.88618,0,1,17.066011,13.696025,48.721849,13.206036,-3.760816,-0.311259,3.773675,1.612772,-0.037758,1.613214,-3.059017,31.65963,174.381986
20,320,1786608236.92623,0,1,16.915405,13.685884,48.786353,13.204667,-3.765148,-0.25353,3.773675,1.612594,-0.034227,1.612957,-3.074358,31.874581,175.282703
