simulation_id,seq,time,cyclist_id,pedestrian_id,cyclist_x,cyclist_y,pedestrian_x,pedestrian_y,cyclist_vx,cyclist_vy,cyclist_speed,pedestrian_vx,pedestrian_vy,pedestrian_speed,cyclist_heading,distance,app_angle
1,0,1786609192.432911,0,1,59.480000,13.100032,29.003536,13.399989,-0.499999,0.000796,0.500000,0.088400,-0.000279,0.088400,3.140000,30.477940,0.472649
1,0,1786609192.472864,0,1,59.480000,13.100032,29.010208,13.399966,-0.499999,0.000796,0.500000,0.166799,-0.000570,0.166800,3.140000,30.471268,0.472729
1,1,1786609192.512845,0,1,59.457176,13.100261,29.020016,13.399931,-0.570610,0.005740,0.570638,0.245198,-0.000871,0.245200,3.131534,30.438635,0.012252
1,2,1786609192.552855,0,1,59.431525,13.100402,29.032960,13.399884,-0.641268,0.003524,0.641278,0.323598,-0.001185,0.323600,3.136097,30.400040,0.249561
1,3,1786609192.592855,0,1,59.403048,13.100497,29.049040,13.399823,-0.711914,0.002357,0.711918,0.401997,-0.001511,0.402000,3.138282,30.355484,0.375296
1,4,1786609192.632931,0,1,59.371746,13.100538,29.068256,13.399749,-0.782557,0.001042,0.782558,0.480396,-0.001851,0.480400,3.140261,30.304968,0.489434
1,5,1786609192.672899,0,1,59.337618,13.100527,29.090607,13.399661,-0.853198,-0.000281,0.853198,0.558796,-0.002204,0.558800,-3.141263,30.248490,0.585503
1,6,1786609192.712857,0,1,59.300665,13.100461,29.116095,13.399558,-0.923835,-0.001657,0.923837,0.637195,-0.002572,0.637200,-3.139799,30.186051,0.670487
1,7,1786609192.752903,0,1,59.260886,13.100337,29.144719,13.399440,-0.994471,-0.003102,0.994475,0.715594,-0.002956,0.715600,-3.138474,30.117652,0.747731
1,8,1786609192.792905,0,1,59.218282,13.100151,29.176479,13.399306,-1.065103,-0.004634,1.065113,0.793993,-0.003357,0.794000,-3.137242,30.043293,0.819817
1,9,1786609192.832885,0,1,59.172853,13.099901,29.211374,13.399155,-1.135732,-0.006271,1.135749,0.872392,-0.003776,0.872400,-3.136071,29.962973,0.888599
1,10,1786609192.872862,0,1,59.124598,13.099579,29.249406,13.398986,-1.206357,-0.008028,1.206384,0.950790,-0.004215,0.950800,-3.134938,29.876693,0.955456
1,11,1786609192.912906,0,1,59.073519,13.099183,29.290412,13.398800,-1.276978,-0.009919,1.277017,1.025146,-0.004650,1.025156,-3.133825,29.784614,1.021425
1,12,1786609192.952901,0,1,59.019615,13.098704,29.334151,13.398597,-1.347595,-0.011960,1.347648,1.093479,-0.005071,1.093490,-3.132718,29.686979,1.087297
1,13,1786609192.992888,0,1,58.962887,13.098138,29.380402,13.398378,-1.418206,-0.014164,1.418277,1.156271,-0.005477,1.156284,-3.131606,29.584009,1.153680
1,14,1786609193.032901,0,1,58.903335,13.097476,29.428960,13.398143,-1.488812,-0.016542,1.488904,1.213966,-0.005871,1.213980,-3.130482,29.475908,1.221045
1,15,1786609193.072837,0,1,58.840958,13.096712,29.479639,13.397893,-1.559411,-0.019109,1.559529,1.266972,-0.006252,1.266987,-3.129340,29.362864,1.289759
1,16,1786609193.112837,0,1,58.775758,13.095837,29.532266,13.397628,-1.630004,-0.021874,1.630151,1.315663,-0.006622,1.315680,-3.128174,29.245049,1.360108
1,17,1786609193.152846,0,1,58.707734,13.094843,29.586681,13.397349,-1.700589,-0.024849,1.700771,1.360385,-0.006982,1.360403,-3.126982,29.122624,1.432315
1,18,1786609193.192846,0,1,58.636888,13.093721,29.642739,13.397056,-1.771166,-0.028045,1.771388,1.401456,-0.007332,1.401475,-3.125760,28.995735,1.506552
1,19,1786609193.232843,0,1,58.563218,13.092462,29.700306,13.396749,-1.841734,-0.031470,1.842003,1.439167,-0.007674,1.439187,-3.124507,28.864516,1.582954
1,20,1786609193.272842,0,1,58.486727,13.091057,29.759258,13.396429,-1.912292,-0.035135,1.912615,1.473787,-0.008008,1.473809,-3.123221,28.729092,1.661620
1,21,1786609193.312842,0,1,58.407413,13.089495,29.819480,13.396095,-1.982839,-0.039047,1.983224,1.505564,-0.008334,1.505587,-3.121902,28.589577,1.742627
1,22,1786609193.352843,0,1,58.325278,13.087766,29.880869,13.395749,-2.053375,-0.043216,2.053830,1.534725,-0.008653,1.534749,-3.120550,28.446076,1.826027
1,23,1786609193.392916,0,1,58.240322,13.085860,29.943334,13.395383,-2.123899,-0.047647,2.124434,1.561622,-0.009158,1.561649,-3.119163,28.298681,1.911842
1,24,1786609193.432909,0,1,58.152540,13.083980,30.006792,13.394989,-2.194546,-0.047014,2.195050,1.586438,-0.009836,1.586468,-3.120173,28.147467,1.860366
1,25,1786609193.472907,0,1,58.061933,13.082099,30.071165,13.394562,-2.265185,-0.047014,2.265673,1.609338,-0.010671,1.609373,-3.120841,27.992512,1.828569
1,26,1786609193.512891,0,1,57.968499,13.080236,30.136384,13.394096,-2.335839,-0.046585,2.336303,1.630476,-0.011651,1.630518,-3.121652,27.833885,1.788635
1,27,1786609193.552889,0,1,57.872239,13.078401,30.202384,13.393586,-2.406501,-0.045883,2.406938,1.649993,-0.012764,1.650042,-3.122529,27.671651,1.744905
1,28,1786609193.592896,0,1,57.773153,13.076607,30.269104,13.393026,-2.477171,-0.044838,2.477576,1.668018,-0.014000,1.668076,-3.123494,27.505868,1.696102
1,29,1786609193.632883,0,1,57.671239,13.074870,30.336491,13.392412,-2.547846,-0.043427,2.548216,1.684670,-0.015348,1.684740,-3.124550,27.336592,1.642049
1,30,1786609193.672898,0,1,57.566498,13.073205,30.404494,13.391740,-2.618525,-0.041617,2.618856,1.700061,-0.016799,1.700144,-3.125701,27.163872,1.582431
1,31,1786609193.712876,0,1,57.458929,13.071630,30.473065,13.391006,-2.689207,-0.039380,2.689495,1.714290,-0.018344,1.714388,-3.126950,26.987754,1.517014
1,32,1786609193.752886,0,1,57.348534,13.070163,30.542163,13.390207,-2.759888,-0.036686,2.760131,1.727450,-0.019976,1.727566,-3.128301,26.808281,1.445601
1,33,1786609193.792897,0,1,57.235311,13.068822,30.611748,13.389340,-2.830566,-0.033511,2.830765,1.739628,-0.021688,1.739763,-3.129754,26.625492,1.368029
1,34,1786609193.832878,0,1,57.119262,13.067629,30.681784,13.388401,-2.901240,-0.029827,2.901393,1.750900,-0.023472,1.751058,-3.131312,26.439423,1.284166
1,35,1786609193.872867,0,1,57.000385,13.066605,30.752238,13.387388,-2.971906,-0.025610,2.972016,1.761341,-0.025322,1.761523,-3.132976,26.250107,1.193907
1,36,1786609193.912904,0,1,56.878683,13.065771,30.823079,13.386299,-3.042561,-0.020836,3.042633,1.771017,-0.027233,1.771226,-3.134744,26.057576,1.097170
1,37,1786609193.952903,0,1,56.754155,13.065152,30.894278,13.385131,-3.113204,-0.015485,3.113242,1.779988,-0.029200,1.780227,-3.136619,25.861856,0.993894
1,38,1786609193.992899,0,1,56.626879,13.064771,30.965811,13.383882,-3.181893,-0.009528,3.181907,1.788311,-0.031217,1.788583,-3.138598,25.663053,0.884031
1,39,1786609194.032897,0,1,56.496936,13.064652,31.037652,13.382551,-3.248576,-0.002962,3.248578,1.796038,-0.033280,1.796347,-3.140681,25.461268,0.767626
1,40,1786609194.072886,0,1,56.364404,13.064821,31.109781,13.381135,-3.313307,0.004212,3.313310,1.803217,-0.035386,1.803564,3.140321,25.256604,0.644759
1,41,1786609194.112970,0,1,56.229358,13.065300,31.182177,13.379634,-3.376135,0.011989,3.376156,1.809891,-0.037529,1.810280,3.138042,25.049154,0.515540
1,42,1786609194.152961,0,1,56.091874,13.066115,31.254821,13.378046,-3.437110,0.020363,3.437170,1.816101,-0.039707,1.816535,3.135668,24.839012,0.380103
1,43,1786609194.192909,0,1,55.952023,13.067288,31.327696,13.376369,-3.496278,0.029323,3.496401,1.821884,-0.041916,1.822367,3.133206,24.626267,0.238603
1,44,1786609194.232881,0,1,55.809875,13.068842,31.400787,13.374603,-3.553687,0.038857,3.553900,1.827275,-0.044153,1.827808,3.130659,24.411003,0.091210
1,45,1786609194.272898,0,1,55.665500,13.070800,31.474079,13.372746,-3.609382,0.048950,3.609714,1.832303,-0.046416,1.832891,3.128032,24.193305,0.061890
1,46,1786609194.312830,0,1,55.518964,13.073183,31.547559,13.370798,-3.663406,0.059584,3.663890,1.837000,-0.048702,1.837645,3.125329,23.973252,0.220502
1,47,1786609194.352908,0,1,55.370332,13.076013,31.621215,13.368758,-3.715801,0.070740,3.716475,1.841390,-0.051008,1.842096,3.122557,23.750921,0.384424
1,48,1786609194.392902,0,1,55.219667,13.079309,31.695030,13.366645,-3.766610,0.082397,3.767511,1.845395,-0.052817,1.846150,3.119720,23.526392,0.553398
1,49,1786609194.432887,0,1,55.067018,13.082685,31.768992,13.364479,-3.816235,0.084388,3.817168,1.849044,-0.054167,1.849837,3.119483,23.299730,0.573803
1,50,1786609194.472893,0,1,54.912440,13.086239,31.843087,13.362275,-3.864457,0.088866,3.865478,1.852367,-0.055095,1.853186,3.118601,23.071004,0.631793
1,51,1786609194.512882,0,1,54.755983,13.089898,31.917303,13.360050,-3.911407,0.091477,3.912476,1.855390,-0.055634,1.856224,3.118210,22.840279,0.662046
1,52,1786609194.552971,0,1,54.597700,13.093652,31.991628,13.357817,-3.957083,0.093846,3.958196,1.858136,-0.055816,1.858974,3.117881,22.607616,0.689060
1,53,1786609194.592967,0,1,54.437639,13.097467,32.066053,13.355590,-4.001534,0.095372,4.002670,1.860628,-0.055669,1.861461,3.117763,22.373075,0.704272
1,54,1786609194.632969,0,1,54.275847,13.101320,32.140569,13.353381,-4.044785,0.096317,4.045932,1.862886,-0.055218,1.863704,3.117785,22.136714,0.711687
1,55,1786609194.672958,0,1,54.112373,13.105184,32.215166,13.351202,-4.086871,0.096604,4.088012,1.864929,-0.054490,1.865725,3.117959,21.898589,0.710390
1,56,1786609194.712959,0,1,53.947260,13.109036,32.289837,13.349062,-4.127820,0.096299,4.128944,1.866774,-0.053505,1.867540,3.118268,21.658753,0.701451
1,57,1786609194.752951,0,1,53.780553,13.112852,32.364574,13.346970,-4.167664,0.095410,4.168756,1.868436,-0.052284,1.869168,3.118704,21.417259,0.685104
1,58,1786609194.792907,0,1,53.612296,13.116611,32.439371,13.344936,-4.206429,0.093972,4.207479,1.869931,-0.050847,1.870623,3.119256,21.174156,0.661933
1,59,1786609194.832902,0,1,53.442530,13.120291,32.514222,13.342968,-4.244145,0.092011,4.245142,1.871272,-0.049211,1.871919,3.119917,20.929492,0.632346
1,60,1786609194.872904,0,1,53.271297,13.123874,32.589121,13.341072,-4.280837,0.089558,4.281774,1.872471,-0.047392,1.873071,3.120675,20.683316,0.596812
1,61,1786609194.912905,0,1,53.098635,13.127340,32.664063,13.339256,-4.316533,0.086643,4.317403,1.873540,-0.045406,1.874090,3.121523,20.435671,0.555746
1,62,1786609194.952865,0,1,52.924585,13.130671,32.739042,13.337525,-4.351258,0.083297,4.352055,1.874488,-0.043265,1.874987,3.122452,20.186603,0.509560
1,63,1786609194.992841,0,1,52.749184,13.133853,32.814055,13.335886,-4.385036,0.079548,4.385757,1.875326,-0.040984,1.875774,3.123454,19.936152,0.458637
1,64,1786609195.032848,0,1,52.572468,13.136870,32.889098,13.334343,-4.417892,0.075429,4.418536,1.876062,-0.038573,1.876459,3.124521,19.684361,0.403341
1,65,1786609195.072846,0,1,52.394474,13.139709,32.964166,13.332901,-4.449849,0.070966,4.450415,1.876705,-0.036043,1.877051,3.125646,19.431268,0.344012
1,66,1786609195.112849,0,1,52.215237,13.142357,33.039256,13.331565,-4.480931,0.066190,4.481420,1.877262,-0.033405,1.877559,3.126822,19.176914,0.280964
1,67,1786609195.152904,0,1,52.034790,13.144802,33.114366,13.330339,-4.511161,0.061127,4.511575,1.877740,-0.030668,1.877990,3.128043,18.921334,0.214489
1,68,1786609195.192847,0,1,51.853168,13.147034,33.189492,13.329225,-4.540559,0.055805,4.540902,1.878144,-0.027840,1.878351,3.129303,18.664565,0.144854
1,69,1786609195.232909,0,1,51.670402,13.149044,33.264631,13.328228,-4.569148,0.050248,4.569424,1.878482,-0.024929,1.878648,3.130596,18.406643,0.072297
1,70,1786609195.272893,0,1,51.486524,13.150823,33.339781,13.327350,-4.596948,0.044480,4.597163,1.878759,-0.021942,1.878887,3.131917,18.147601,0.002962
1,71,1786609195.312862,0,1,51.301565,13.152364,33.414941,13.326595,-4.623980,0.038525,4.624141,1.878978,-0.018887,1.879073,3.133261,17.887473,0.080733
1,72,1786609195.352853,0,1,51.115554,13.153660,33.490106,13.325964,-4.650264,0.032405,4.650377,1.879145,-0.015769,1.879212,3.134624,17.626290,0.160847
1,73,1786609195.392832,0,1,50.928522,13.154706,33.565283,13.325444,-4.675820,0.026138,4.675893,1.879405,-0.012985,1.879450,3.136003,17.364078,0.243108
1,74,1786609195.432900,0,1,50.740485,13.156011,33.640473,13.325024,-4.700913,0.032626,4.701026,1.879749,-0.010511,1.879779,3.134652,17.100848,0.168638
1,75,1786609195.472861,0,1,50.551458,13.157246,33.715679,13.324691,-4.725684,0.030887,4.725785,1.880172,-0.008320,1.880190,3.135057,16.836611,0.195350
1,76,1786609195.512861,0,1,50.361456,13.158709,33.790906,13.324436,-4.750040,0.036569,4.750181,1.880666,-0.006393,1.880677,3.133894,16.571379,0.131920
1,77,1786609195.552899,0,1,50.170493,13.160211,33.866155,13.324247,-4.774075,0.037543,4.774222,1.881226,-0.004706,1.881232,3.133729,16.305163,0.125870
1,78,1786609195.592905,0,1,49.978584,13.161936,33.941429,13.324118,-4.797725,0.043125,4.797919,1.881847,-0.003243,1.881850,3.132604,16.037975,0.064409
1,79,1786609195.632876,0,1,49.785742,13.163769,34.016730,13.324038,-4.821063,0.045825,4.821281,1.882524,-0.001985,1.882525,3.132088,15.769826,0.037724
1,80,1786609195.672950,0,1,49.591980,13.165831,34.092060,13.324001,-4.844042,0.051562,4.844316,1.883253,-0.000917,1.883253,3.130949,15.500727,0.025196
1,81,1786609195.712957,0,1,49.397311,13.168047,34.167421,13.324001,-4.866719,0.055404,4.867035,1.884028,-0.000022,1.884028,3.130209,15.230688,0.065563
1,82,1786609195.752953,0,1,49.201749,13.170502,34.242815,13.324029,-4.889060,0.061361,4.889445,1.884847,0.000712,1.884848,3.129043,14.959721,0.131045
1,83,1786609195.792905,0,1,49.005304,13.173141,34.318243,13.324081,-4.911112,0.065977,4.911555,1.885707,0.001298,1.885707,3.128159,14.687836,0.180870
1,84,1786609195.832879,0,1,48.807990,13.176027,34.393708,13.324151,-4.932847,0.072141,4.933374,1.886603,0.001747,1.886604,3.126969,14.415044,0.249108
1,85,1786609195.872874,0,1,48.609818,13.179118,34.469209,13.324234,-4.954307,0.077283,4.954910,1.887533,0.002071,1.887534,3.125995,14.141354,0.305730
1,86,1786609195.912899,0,1,48.410799,13.182463,34.544749,13.324325,-4.975467,0.083615,4.976170,1.888494,0.002280,1.888495,3.124789,13.866776,0.376622
1,87,1786609195.952974,0,1,48.210945,13.186027,34.620328,13.324420,-4.996367,0.089110,4.997162,1.889484,0.002383,1.889485,3.123759,13.591321,0.438342
1,88,1786609195.992958,0,1,48.010265,13.189850,34.695948,13.324516,-5.016984,0.095565,5.017894,1.890500,0.002387,1.890502,3.122547,13.314998,0.511760
1,89,1786609196.032961,0,1,47.808771,13.193901,34.771610,13.324608,-5.037354,0.101289,5.038372,1.891541,0.002302,1.891542,3.121488,13.037817,0.577511
1,90,1786609196.072953,0,1,47.606473,13.198214,34.847314,13.324693,-5.057455,0.107825,5.058605,1.892604,0.002133,1.892605,3.120276,12.759786,0.653418
1,91,1786609196.112967,0,1,47.403380,13.202762,34.923041,13.324769,-5.077325,0.113685,5.078597,1.893169,0.001889,1.893170,3.119206,12.480936,0.722577
1,92,1786609196.152905,0,1,47.199502,13.207572,34.998767,13.324832,-5.096939,0.120269,5.098357,1.893169,0.001573,1.893170,3.118001,12.201299,0.801079
1,93,1786609196.193016,0,1,46.994849,13.212620,35.074494,13.324879,-5.116335,0.126194,5.117891,1.893170,0.001194,1.893170,3.116933,11.920884,0.873350
1,94,1786609196.233047,0,1,46.789657,13.221218,35.150221,13.324910,-5.129808,0.214947,5.134309,1.893170,0.000756,1.893170,3.099716,11.639898,1.888961
1,95,1786609196.273018,0,1,46.584063,13.234236,35.225948,13.324920,-5.139843,0.325458,5.150137,1.893170,0.000264,1.893170,3.078356,11.358477,3.165722
1,96,1786609196.313002,0,1,46.377993,13.249240,35.301674,13.324909,-5.151740,0.375092,5.165377,1.893170,-0.000278,1.893170,3.068912,11.076577,3.772869
1,97,1786609196.353054,0,1,46.171483,13.266122,35.377401,13.324874,-5.162756,0.422059,5.179979,1.893170,-0.000864,1.893170,3.060023,10.794242,4.361715
1,98,1786609196.393050,0,1,45.964615,13.285309,35.453128,13.324821,-5.171707,0.479667,5.193904,1.893169,-0.001347,1.893170,3.049109,10.511561,5.083561
1,99,1786609196.433042,0,1,45.757398,13.306147,35.528855,13.324751,-5.180411,0.520961,5.206540,1.893169,-0.001734,1.893170,3.041366,10.228561,5.638353
1,100,1786609196.473055,0,1,45.550087,13.330301,35.604582,13.324670,-5.182786,0.603832,5.217843,1.893169,-0.002032,1.893170,3.025608,9.945507,6.677848
1,101,1786609196.513130,0,1,45.342305,13.353884,35.680308,13.324580,-5.194551,0.589592,5.227903,1.893169,-0.002250,1.893170,3.028574,9.662041,6.649252
1,102,1786609196.553032,0,1,45.134800,13.382410,35.756035,13.324484,-5.187636,0.713132,5.236423,1.893168,-0.002393,1.893170,3.004981,9.378943,8.181126
1,103,1786609196.593030,0,1,44.926953,13.410645,35.831762,13.324386,-5.196154,0.705881,5.243881,1.893168,-0.002468,1.893170,3.006572,9.095601,8.279479
1,104,1786609196.632965,0,1,44.719627,13.443985,35.907488,13.324286,-5.183164,0.833502,5.249753,1.893168,-0.002479,1.893170,2.982148,8.812951,9.913716
1,105,1786609196.672986,0,1,44.511976,13.476561,35.983215,13.324189,-5.191264,0.814397,5.254756,1.893168,-0.002433,1.893170,2.985983,8.530122,9.939319
1,106,1786609196.712945,0,1,44.305054,13.514227,36.058942,13.324096,-5.173066,0.941660,5.258073,1.893168,-0.002333,1.893170,2.961533,8.248303,11.637511
1,107,1786609196.752980,0,1,44.097883,13.551121,36.134669,13.324008,-5.179257,0.922354,5.260746,1.893169,-0.002184,1.893170,2.965354,7.966453,11.731371
1,108,1786609196.793040,0,1,43.891638,13.593080,36.210395,13.323929,-5.156123,1.048969,5.261743,1.893169,-0.001990,1.893170,2.940890,7.685957,13.506230
1,109,1786609196.833030,0,1,43.685209,13.634257,36.286120,13.323858,-5.160723,1.029414,5.262391,1.893103,-0.001755,1.893104,2.944706,7.405598,13.682982
1,110,1786609196.872942,0,1,43.479886,13.680463,36.361836,13.323799,-5.133079,1.155159,5.261453,1.892898,-0.001481,1.892899,2.920238,7.126981,15.551202
1,111,1786609196.913048,0,1,43.274425,13.725878,36.437538,13.323752,-5.136544,1.135363,5.260526,1.892564,-0.001173,1.892565,2.924054,6.848702,15.830129
1,112,1786609196.953048,0,1,43.070226,13.776282,36.513223,13.323719,-5.104976,1.260110,5.258199,1.892113,-0.000832,1.892113,2.899591,6.572602,17.813969
1,113,1786609196.992986,0,1,42.865910,13.825888,36.588885,13.323701,-5.107897,1.240143,5.256288,1.891552,-0.000461,1.891552,2.903412,6.297081,18.220902
1,114,1786609197.032923,0,1,42.661319,13.873828,36.664520,13.323698,-5.114759,1.198496,5.253299,1.890892,-0.000063,1.890892,2.911424,6.021980,18.429171
1,115,1786609197.073016,0,1,42.456324,13.919230,36.740126,13.323712,-5.124877,1.135054,5.249068,1.890140,0.000359,1.890140,2.923632,5.747135,18.435895
1,116,1786609197.112988,0,1,42.252302,13.967852,36.815698,13.323745,-5.100545,1.215563,5.243391,1.889303,0.000804,1.889303,2.907637,5.474627,20.161376
1,117,1786609197.153063,0,1,42.047893,14.013938,36.891234,13.323795,-5.110229,1.152133,5.238497,1.888388,0.001270,1.888389,2.919844,5.202637,20.328155
1,118,1786609197.192926,0,1,41.844477,14.063229,36.966730,13.323866,-5.085404,1.232286,5.232577,1.887402,0.001755,1.887403,2.903857,4.933465,22.240476
1,119,1786609197.233028,0,1,41.640651,14.109993,37.042184,13.323956,-5.095644,1.169104,5.228040,1.886350,0.002257,1.886351,2.916064,4.665164,22.621939
1,120,1786609197.273025,0,1,41.436281,14.153369,37.117593,13.324067,-5.109263,1.084401,5.223073,1.885237,0.002775,1.885239,2.932454,4.397591,22.852754
1,121,1786609197.312958,0,1,41.232649,14.199105,37.192956,13.324199,-5.090801,1.143405,5.217627,1.884068,0.003308,1.884071,2.920657,4.133350,24.878921
1,122,1786609197.352989,0,1,41.028428,14.241472,37.268270,13.324353,-5.105507,1.059167,5.214214,1.882848,0.003853,1.882852,2.937038,3.870388,25.427154
1,123,1786609197.393003,0,1,40.823502,14.279608,37.343542,13.324526,-5.123165,0.953392,5.211120,1.881801,0.004311,1.881806,2.957603,3.608643,25.888886
1,124,1786609197.432972,0,1,40.617795,14.312642,37.418778,13.324713,-5.142680,0.825861,5.208570,1.880913,0.004689,1.880919,2.982363,3.348090,26.285084
1,125,1786609197.472959,0,1,40.412279,14.346382,37.493985,13.324913,-5.137890,0.843505,5.206670,1.880171,0.004992,1.880177,2.978871,3.091899,28.614478
1,126,1786609197.512942,0,1,40.205954,14.375032,37.569168,13.325122,-5.158120,0.716232,5.207609,1.879563,0.005227,1.879570,3.003620,2.838125,29.616614
1,127,1786609197.553019,0,1,39.998791,14.397703,37.644331,13.325338,-5.179075,0.566792,5.209998,1.879078,0.005398,1.879086,3.032588,2.587170,30.732954
1,128,1786609197.592894,0,1,39.790833,14.413494,37.719479,13.325559,-5.198964,0.394774,5.213931,1.878708,0.005512,1.878716,3.065805,2.339682,32.052097
1,129,1786609197.633035,0,1,39.582253,14.422573,37.794617,13.325781,-5.214491,0.226969,5.219428,1.878442,0.005572,1.878451,3.098094,2.097283,34.023217
1,130,1786609197.672995,0,1,39.373234,14.426665,37.869748,13.326005,-5.225472,0.102286,5.226473,1.878273,0.005583,1.878281,3.122021,1.863310,37.328189
1,131,1786609197.713121,0,1,39.163844,14.427065,37.944875,13.326227,-5.234747,0.010012,5.234756,1.878192,0.005549,1.878200,3.139680,1.642477,42.194446
1,132,1786609197.753060,0,1,38.954105,14.425773,38.020003,13.326446,-5.243472,-0.032308,5.243572,1.878193,0.005473,1.878201,-3.135431,1.442590,49.292289
1,133,1786609197.793095,0,1,38.744036,14.422650,38.095134,13.326660,-5.251743,-0.078070,5.252323,1.878268,0.005359,1.878276,-3.126728,1.273683,58.519865
1,134,1786609197.833038,0,1,38.533626,14.419544,38.170270,13.326868,-5.260233,-0.077659,5.260806,1.878413,0.005209,1.878420,-3.126830,1.151506,70.760259
1,135,1786609197.873100,0,1,38.322934,14.414278,38.245415,13.327070,-5.267311,-0.131635,5.268956,1.878621,0.005027,1.878628,-3.116607,1.089969,84.490099
1,136,1786609197.913064,0,1,38.111905,14.409999,38.320571,13.327262,-5.275717,-0.106981,5.276801,1.878888,0.004815,1.878894,-3.121317,1.102661,99.746643
1,137,1786609197.952946,0,1,37.900634,14.403462,38.395739,13.327445,-5.281773,-0.163424,5.284301,1.879208,0.004576,1.879214,-3.110661,1.184458,112.936224
1,138,1786609197.993105,0,1,37.689030,14.398617,38.470922,13.327618,-5.290109,-0.121133,5.291495,1.879578,0.004312,1.879583,-3.118699,1.326045,124.819913
1,139,1786609198.033040,0,1,37.477245,14.390658,38.546122,13.327779,-5.294619,-0.198959,5.298356,1.879993,0.004025,1.879997,-3.104033,1.507385,133.009155
1,140,1786609198.072960,0,1,37.265132,14.384699,38.621340,13.327927,-5.302831,-0.148982,5.304923,1.880450,0.003717,1.880454,-3.113505,1.719321,140.464612
1,141,1786609198.112871,0,1,37.052791,14.378008,38.696578,13.328063,-5.308534,-0.167287,5.311169,1.880945,0.003389,1.880948,-3.110090,1.950492,145.627243
1,142,1786609198.153050,0,1,36.840161,14.373172,38.771837,13.328185,-5.315745,-0.120890,5.317119,1.881476,0.003044,1.881479,-3.118855,2.196217,150.284952
1,143,1786609198.192940,0,1,36.627410,14.364924,38.847118,13.328292,-5.318784,-0.206190,5.322779,1.882040,0.002682,1.882042,-3.102846,2.449840,152.746782
1,144,1786609198.232902,0,1,36.414358,14.359277,38.922424,13.328384,-5.326294,-0.141174,5.328165,1.882633,0.002305,1.882634,-3.115094,2.711667,156.137541
1,145,1786609198.272896,0,1,36.201220,14.350210,38.997754,13.328461,-5.328449,-0.226682,5.333269,1.883254,0.001915,1.883255,-3.099076,2.977344,157.493584
1,146,1786609198.312921,0,1,35.987793,14.343748,39.073110,13.328521,-5.335669,-0.161546,5.338114,1.883900,0.001513,1.883901,-3.111325,3.248056,160.051956
1,147,1786609198.352890,0,1,35.774258,14.335171,39.148493,13.328565,-5.338384,-0.214423,5.342689,1.884570,0.001099,1.884570,-3.101448,3.521181,161.088916
1,148,1786609198.392957,0,1,35.560451,14.329551,39.223891,13.328594,-5.345169,-0.140514,5.347016,1.884946,0.000713,1.884946,-3.115311,3.797724,163.212296
1,149,1786609198.432966,0,1,35.346570,14.320842,39.299293,13.328608,-5.347012,-0.217724,5.351443,1.885052,0.000351,1.885052,-3.100896,4.075358,163.576741
1,150,1786609198.472965,0,1,35.132409,14.315094,39.374689,13.328608,-5.354044,-0.143686,5.355972,1.884910,0.000013,1.884910,-3.114762,4.355468,165.371994
1,151,1786609198.512961,0,1,34.918167,14.306252,39.450071,13.328596,-5.356036,-0.221056,5.360596,1.884539,-0.000304,1.884539,-3.100344,4.636158,165.462896
1,152,1786609198.552898,0,1,34.703635,14.300377,39.525429,13.328572,-5.363305,-0.146884,5.365316,1.883957,-0.000601,1.883957,-3.114213,4.918750,167.036262
1,153,1786609198.592908,0,1,34.489018,14.291400,39.600756,13.328537,-5.365435,-0.224420,5.370126,1.883182,-0.000881,1.883182,-3.099790,5.201632,166.937464
1,154,1786609198.632894,0,1,34.274100,14.285396,39.676045,13.328491,-5.372930,-0.150107,5.375027,1.882229,-0.001143,1.882229,-3.113662,5.486044,168.354499
1,155,1786609198.672846,0,1,34.059093,14.276283,39.751290,13.328436,-5.375188,-0.227815,5.380014,1.881112,-0.001389,1.881113,-3.099235,5.770574,168.119125
1,156,1786609198.712882,0,1,33.843777,14.270149,39.826484,13.328371,-5.382902,-0.153355,5.385086,1.879845,-0.001622,1.879845,-3.113111,6.056379,169.422223
1,157,1786609198.752892,0,1,33.628366,14.260899,39.901621,13.328297,-5.385278,-0.231241,5.390240,1.878438,-0.001840,1.878439,-3.098679,6.342198,169.085415
1,158,1786609198.792917,0,1,33.412638,14.254634,39.976697,13.328215,-5.393201,-0.156629,5.395475,1.876905,-0.002047,1.876906,-3.112559,6.629112,170.303101
1,159,1786609198.832892,0,1,33.196810,14.245246,40.051707,13.328126,-5.395686,-0.234699,5.400788,1.875254,-0.002242,1.875255,-3.098123,6.915976,169.888966
1,160,1786609198.872891,0,1,32.980658,14.238849,40.126647,13.328029,-5.403811,-0.159930,5.406177,1.873495,-0.002427,1.873496,-3.112006,7.203802,171.041090
1,161,1786609198.912902,0,1,32.764402,14.229321,40.201513,13.327924,-5.406396,-0.238188,5.411640,1.871636,-0.002601,1.871638,-3.097564,7.491537,170.566683
1,162,1786609198.952894,0,1,32.547813,14.222791,40.276300,13.327814,-5.414715,-0.163257,5.417175,1.869687,-0.002767,1.869689,-3.111451,7.780134,171.667459
1,163,1786609198.992911,0,1,32.331118,14.213123,40.351006,13.327697,-5.417391,-0.241708,5.422780,1.867653,-0.002924,1.867655,-3.097005,8.068618,171.145171
1,164,1786609199.032884,0,1,32.114082,14.206458,40.425628,13.327574,-5.425897,-0.166610,5.428454,1.865542,-0.003074,1.865545,-3.110896,8.357885,172.205030
1,165,1786609199.072908,0,1,31.896936,14.196648,40.500162,13.327445,-5.428657,-0.245259,5.434194,1.863360,-0.003217,1.863363,-3.096445,8.647024,171.644072
1,166,1786609199.112870,0,1,31.679442,14.189848,40.574607,13.327311,-5.437343,-0.169990,5.439999,1.861112,-0.003352,1.861115,-3.110339,8.936886,172.670835
1,167,1786609199.152866,0,1,31.461835,14.179895,40.648959,13.327172,-5.440179,-0.248842,5.445867,1.858804,-0.003482,1.858808,-3.095883,9.226613,172.078191
1,168,1786609199.192851,0,1,31.243873,14.172959,40.723217,13.327028,-5.449038,-0.173398,5.451797,1.856441,-0.003606,1.856445,-3.109782,9.517014,173.077833
1,169,1786609199.232912,0,1,31.025795,14.162861,40.797378,13.326879,-5.451944,-0.252456,5.457786,1.854027,-0.003724,1.854031,-3.095320,9.807277,172.458891
1,170,1786609199.272863,0,1,30.807357,14.155787,40.871440,13.326725,-5.460971,-0.176832,5.463833,1.851566,-0.003838,1.851570,-3.109223,10.098174,173.436054
1,171,1786609199.312857,0,1,30.588799,14.145543,40.945403,13.326567,-5.463939,-0.256101,5.469937,1.849061,-0.003947,1.849066,-3.094756,10.388935,172.795037
1,172,1786609199.352893,0,1,30.369874,14.138331,41.019263,13.326405,-5.473127,-0.180294,5.476096,1.846517,-0.004052,1.846522,-3.108663,10.680296,173.753377
1,173,1786609199.392891,0,1,30.150828,14.127940,41.093044,13.326244,-5.476151,-0.259777,5.482309,1.844512,-0.004032,1.844516,-3.094190,10.971545,173.093674
1,174,1786609199.432874,0,1,29.931418,14.120589,41.166764,13.326088,-5.485256,-0.183775,5.488334,1.843001,-0.003896,1.843006,-3.108102,11.263403,174.036200
1,175,1786609199.472885,0,1,29.711903,14.110051,41.240442,13.325942,-5.487855,-0.263450,5.494175,1.841947,-0.003655,1.841950,-3.093623,11.555173,173.360607
1,176,1786609199.512895,0,1,29.492037,14.102561,41.314094,13.325809,-5.496649,-0.187253,5.499838,1.841311,-0.003316,1.841314,-3.107539,11.847547,174.289733
1,177,1786609199.552865,0,1,29.272084,14.091877,41.387737,13.325694,-5.498842,-0.267107,5.505326,1.841061,-0.002888,1.841064,-3.093056,12.139855,173.600517
1,178,1786609199.592890,0,1,29.051965,14.084254,41.461383,13.325599,-5.502974,-0.190576,5.506273,1.841167,-0.002377,1.841168,-3.106975,12.432587,174.518110
1,179,1786609199.632885,0,1,28.831979,14.073443,41.535047,13.325527,-5.499636,-0.270271,5.506273,1.841598,-0.001792,1.841599,-3.092489,12.725066,173.817053
1,180,1786609199.672850,0,1,28.611865,14.065695,41.608741,13.325481,-5.502865,-0.193693,5.506273,1.842330,-0.001137,1.842330,-3.106409,13.017937,174.724443
1,181,1786609199.712844,0,1,28.391793,14.056822,41.682474,13.325465,-5.501802,-0.221838,5.506273,1.843338,-0.000418,1.843338,-3.101293,13.310789,174.541342
1,182,1786609199.752824,0,1,28.171605,14.051567,41.756258,13.325479,-5.504705,-0.131375,5.506273,1.844600,0.000358,1.844600,-3.117731,13.604044,175.573346
1,183,1786609199.792850,0,1,27.951495,14.043676,41.830102,13.325527,-5.502738,-0.197262,5.506273,1.846096,0.001188,1.846096,-3.105760,13.897175,174.984806
1,184,1786609199.832839,0,1,27.731289,14.039223,41.904014,13.325609,-5.505147,-0.111337,5.506273,1.847807,0.002066,1.847808,-3.121371,14.190679,175.958924
1,185,1786609199.872841,0,1,27.511154,14.032085,41.978003,13.325729,-5.503380,-0.178450,5.506273,1.849716,0.002989,1.849719,-3.109178,14.484083,175.347505
1,186,1786609199.912868,0,1,27.290964,14.026914,42.052075,13.325887,-5.504755,-0.129276,5.506273,1.851808,0.003952,1.851812,-3.118113,14.777748,175.935671
1,187,1786609199.952885,0,1,27.070869,14.018628,42.126238,13.326085,-5.502375,-0.207134,5.506273,1.854066,0.004953,1.854073,-3.103966,15.071289,175.210413
1,188,1786609199.992966,0,1,26.850678,14.013482,42.200497,13.326324,-5.504769,-0.128655,5.506273,1.856479,0.005986,1.856489,-3.118225,15.365192,176.097932
1,189,1786609200.032964,0,1,26.630582,14.005222,42.274858,13.326606,-5.502399,-0.206513,5.506273,1.859034,0.007051,1.859047,-3.104079,15.658988,175.366800
1,190,1786609200.072892,0,1,26.410391,14.000100,42.349327,13.326932,-5.504784,-0.128034,5.506273,1.861719,0.008143,1.861737,-3.118338,15.953146,176.249212
1,191,1786609200.112890,0,1,26.190294,13.991865,42.423908,13.327303,-5.502422,-0.205893,5.506273,1.864524,0.009260,1.864547,-3.104192,16.247211,175.512843
1,192,1786609200.152923,0,1,25.970102,13.986768,42.498606,13.327719,-5.504798,-0.127413,5.506273,1.867440,0.010400,1.867469,-3.118451,16.541638,176.390704
1,193,1786609200.192890,0,1,25.749965,13.979673,42.573424,13.328181,-5.503415,-0.177379,5.506273,1.870457,0.011560,1.870493,-3.109373,16.836069,175.936271
1,194,1786609200.232866,0,1,25.529745,13.976017,42.648367,13.328690,-5.505514,-0.091391,5.506273,1.873568,0.012739,1.873611,-3.124994,17.130857,176.883417
1,195,1786609200.272888,0,1,25.309589,13.969546,42.723437,13.329248,-5.503896,-0.161776,5.506273,1.876764,0.013933,1.876816,-3.112208,17.425616,176.210600
1,196,1786609200.312861,0,1,25.089359,13.966515,42.798639,13.329854,-5.505751,-0.075783,5.506273,1.880040,0.015143,1.880101,-3.127829,17.720721,177.152475
1,197,1786609200.352845,0,1,24.869185,13.960668,42.873974,13.330508,-5.504332,-0.146172,5.506273,1.883388,0.016365,1.883459,-3.115043,18.015813,176.474313
1,198,1786609200.392856,0,1,24.648948,13.958261,42.949435,13.331199,-5.505944,-0.060174,5.506273,1.886515,0.017280,1.886594,-3.130664,18.311227,177.411389
1,199,1786609200.432848,0,1,24.428759,13.953038,43.025012,13.331916,-5.504724,-0.130566,5.506273,1.889437,0.017912,1.889522,-3.117878,18.606624,176.728265
1,200,1786609200.472839,0,1,24.208664,13.944736,43.100699,13.332647,-5.502360,-0.207551,5.506273,1.892171,0.018284,1.892259,-3.103890,18.901948,175.984106
1,201,1786609200.512841,0,1,23.988486,13.939093,43.176423,13.333383,-5.504465,-0.141087,5.506273,1.893081,0.018399,1.893170,-3.115967,19.197495,176.723689
1,202,1786609200.552852,0,1,23.768429,13.929854,43.252146,13.334115,-5.501427,-0.230962,5.506273,1.893082,0.018286,1.893170,-3.099635,19.492823,175.844660
1,203,1786609200.592893,0,1,23.548276,13.923274,43.327869,13.334833,-5.503815,-0.164507,5.506273,1.893085,0.017972,1.893170,-3.111712,19.788344,176.583921
1,204,1786609200.632877,0,1,23.328260,13.913099,43.403593,13.335532,-5.500394,-0.254369,5.506273,1.893089,0.017473,1.893170,-3.095380,20.083639,175.704268
1,205,1786609200.672879,0,1,23.108138,13.905582,43.479317,13.336205,-5.503065,-0.187924,5.506273,1.893095,0.016804,1.893170,-3.107457,20.379134,176.443157
1,206,1786609200.712889,0,1,22.888167,13.894472,43.555041,13.336844,-5.499262,-0.277771,5.506273,1.893103,0.015979,1.893170,-3.091125,20.674395,175.562854
1,207,1786609200.752884,0,1,22.668079,13.886018,43.630765,13.337444,-5.502215,-0.211338,5.506273,1.893110,0.015011,1.893170,-3.103202,20.969863,176.301338
1,208,1786609200.792904,0,1,22.448157,13.873971,43.706490,13.338001,-5.498030,-0.301167,5.506273,1.893119,0.013913,1.893170,-3.086870,21.265088,175.420372
1,209,1786609200.832929,0,1,22.228107,13.864581,43.782215,13.338508,-5.501266,-0.234748,5.506273,1.893127,0.012694,1.893170,-3.098947,21.560527,176.158432
1,210,1786609200.872895,0,1,22.008251,13.851600,43.857940,13.338963,-5.496397,-0.324541,5.505970,1.893136,0.011366,1.893170,-3.082615,21.855702,175.276803
1,211,1786609200.912958,0,1,21.788283,13.841276,43.933666,13.339361,-5.499201,-0.258106,5.505255,1.893144,0.009937,1.893170,-3.094692,22.151070,176.014423
1,212,1786609200.952903,0,1,21.568558,13.827363,44.009392,13.339697,-5.493124,-0.347804,5.504123,1.893151,0.008418,1.893170,-3.078361,22.446132,175.132170
1,213,1786609200.992956,0,1,21.348742,13.816109,44.085118,13.339970,-5.495402,-0.281363,5.502600,1.893158,0.006814,1.893170,-3.090438,22.741362,175.869335
1,214,1786609201.032967,0,1,21.129215,13.801272,44.160845,13.340175,-5.488162,-0.370927,5.500682,1.893163,0.005135,1.893170,-3.074109,23.036245,174.986532
1,215,1786609201.072896,0,1,20.909617,13.789092,44.236572,13.340311,-5.489953,-0.304495,5.498391,1.893167,0.003387,1.893170,-3.086185,23.331271,175.723236
1,216,1786609201.112976,0,1,20.690354,13.773337,44.312298,13.340374,-5.481587,-0.393886,5.495721,1.893169,0.001576,1.893170,-3.069860,23.625912,174.839957
1,217,1786609201.152965,0,1,20.471037,13.760237,44.388025,13.340362,-5.482922,-0.327479,5.492693,1.893170,-0.000292,1.893170,-3.081936,23.920674,175.576197
1,218,1786609201.192959,0,1,20.252098,13.743571,44.463752,13.340274,-5.473462,-0.416662,5.489298,1.893169,-0.002211,1.893170,-3.065615,24.215012,174.692517
1,219,1786609201.232949,0,1,20.033124,13.729559,44.539479,13.340106,-5.474357,-0.350293,5.485553,1.893165,-0.004177,1.893170,-3.077692,24.509449,175.428293
1,220,1786609201.272910,0,1,19.814113,13.719163,44.615205,13.339859,-5.475286,-0.259915,5.481452,1.893160,-0.006184,1.893170,-3.094158,24.803993,176.405972
1,221,1786609201.312869,0,1,19.595418,13.706165,44.690931,13.339530,-5.467377,-0.324936,5.477025,1.893152,-0.008229,1.893170,-3.082231,25.098191,175.761805
1,222,1786609201.352895,0,1,19.376729,13.696777,44.766657,13.339118,-5.467211,-0.234704,5.472247,1.893142,-0.010306,1.893170,-3.098690,25.392447,176.734783
1,223,1786609201.392892,0,1,19.158372,13.684793,44.842382,13.338634,-5.458933,-0.299614,5.467149,1.893131,-0.012095,1.893170,-3.086763,25.686343,176.086305
1,224,1786609201.432893,0,1,18.940033,13.676409,44.918107,13.338089,-5.458469,-0.209595,5.462492,1.893121,-0.013618,1.893170,-3.103213,25.980277,177.054893
1,225,1786609201.472959,0,1,18.721735,13.672578,44.993831,13.337493,-5.457444,-0.095777,5.458284,1.893111,-0.014896,1.893170,-3.124045,26.274233,178.263843
1,226,1786609201.512921,0,1,18.503622,13.667098,45.069555,13.336855,-5.452833,-0.136996,5.454553,1.893103,-0.015948,1.893170,-3.116474,26.567986,177.848602
1,227,1786609201.552893,0,1,18.285575,13.666160,45.145279,13.336184,-5.451169,-0.023441,5.451219,1.893095,-0.016794,1.893170,-3.137293,26.861731,179.049770
1,228,1786609201.592896,0,1,18.067657,13.663572,45.221003,13.335486,-5.447952,-0.064705,5.448336,1.893090,-0.017449,1.893170,-3.129716,27.155328,178.627277
1,229,1786609201.632907,0,1,17.849875,13.658387,45.296726,13.334769,-5.444565,-0.129626,5.446108,1.893085,-0.017929,1.893170,-3.117789,27.448759,177.960617
1,230,1786609201.672874,0,1,17.632276,13.649659,45.372449,13.334039,-5.439959,-0.218196,5.444333,1.893082,-0.018247,1.893170,-3.101504,27.741969,177.051238
1,231,1786609201.712860,0,1,17.414957,13.636443,45.448173,13.333302,-5.432983,-0.330410,5.443021,1.893080,-0.018417,1.893170,-3.080852,28.034855,175.900257
1,232,1786609201.752901,0,1,17.198071,13.617793,45.523896,13.332564,-5.422152,-0.466234,5.442160,1.893080,-0.018451,1.893170,-3.055817,28.327261,174.508472
1,233,1786609201.792859,0,1,16.981139,13.599882,45.599619,13.331830,-5.423285,-0.447788,5.441740,1.893081,-0.018359,1.893170,-3.059212,28.619735,174.743293
1,234,1786609201.832842,0,1,16.764079,13.583648,45.675342,13.331104,-5.426508,-0.405834,5.441663,1.893083,-0.018151,1.893170,-3.066944,28.912366,175.222486
1,235,1786609201.872887,0,1,16.546828,13.570037,45.751066,13.330390,-5.431277,-0.340292,5.441927,1.893086,-0.017838,1.893170,-3.079020,29.205221,175.944714
1,236,1786609201.912859,0,1,16.329358,13.559995,45.826789,13.329693,-5.436747,-0.251041,5.442540,1.893090,-0.017426,1.893170,-3.095451,29.498330,176.908923
2,0,1786609205.471441,0,1,59.480000,13.100032,29.003536,13.399987,-0.499999,0.000796,0.500000,0.088399,-0.000337,0.088400,3.140000,30.477940,0.472644
2,0,1786609205.511374,0,1,59.480000,13.100032,29.010208,13.399958,-0.499999,0.000796,0.500000,0.166798,-0.000716,0.166800,3.140000,30.471268,0.472714
2,1,1786609205.551338,0,1,59.457178,13.100446,29.020016,13.399912,-0.570540,0.010349,0.570634,0.245197,-0.001137,0.245200,3.123456,30.438636,0.475425
2,2,1786609205.591273,0,1,59.431530,13.100802,29.032960,13.399848,-0.641209,0.008895,0.641270,0.323596,-0.001603,0.323600,3.127721,30.400041,0.231139
2,3,1786609205.631379,0,1,59.403056,13.101170,29.049039,13.399764,-0.711847,0.009214,0.711907,0.401994,-0.002116,0.402000,3.128650,30.355485,0.177942
2,4,1786609205.671426,0,1,59.371757,13.101544,29.068255,13.399656,-0.782488,0.009345,0.782543,0.480392,-0.002679,0.480400,3.129651,30.304968,0.120567
2,5,1786609205.711410,0,1,59.337632,13.101927,29.090607,13.399525,-0.853127,0.009576,0.853180,0.558790,-0.003292,0.558799,3.130369,30.248489,0.079384
2,6,1786609205.751319,0,1,59.300681,13.102321,29.116094,13.399366,-0.923765,0.009855,0.923818,0.637187,-0.003961,0.637199,3.130925,30.186048,0.047411
2,7,1786609205.791327,0,1,59.260905,13.102728,29.144717,13.399179,-0.994403,0.010183,0.994455,0.715584,-0.004687,0.715599,3.131353,30.117646,0.022736
2,8,1786609205.831398,0,1,59.218303,13.103151,29.176477,13.398960,-1.065040,0.010553,1.065093,0.793980,-0.005473,0.793998,3.131684,30.043283,0.003567
2,9,1786609205.871414,0,1,59.172876,13.103589,29.211372,13.398707,-1.135678,0.010961,1.135731,0.872375,-0.006325,0.872398,3.131941,29.962958,0.011353
2,10,1786609205.911417,0,1,59.124624,13.104045,29.249402,13.398417,-1.206315,0.011403,1.206369,0.950770,-0.007246,0.950797,3.132141,29.876671,0.022974
2,11,1786609205.951334,0,1,59.073546,13.104520,29.290569,13.398087,-1.276952,0.011873,1.277007,1.029163,-0.008241,1.029196,3.132295,29.784423,0.032018
2,12,1786609205.991400,0,1,59.019642,13.105015,29.334853,13.397715,-1.347589,0.012369,1.347646,1.107093,-0.009311,1.107132,3.132414,29.686232,0.039045
2,13,1786609206.031421,0,1,58.962913,13.105530,29.382003,13.397300,-1.418226,0.012887,1.418284,1.178758,-0.010374,1.178804,3.132506,29.582349,0.044494
2,14,1786609206.071391,0,1,58.903358,13.106067,29.431789,13.396843,-1.488863,0.013424,1.488923,1.244659,-0.011431,1.244712,3.132577,29.473003,0.048715
2,15,1786609206.111403,0,1,58.840978,13.106626,29.484000,13.396344,-1.559500,0.013975,1.559562,1.305258,-0.012482,1.305318,3.132632,29.358408,0.051989
2,16,1786609206.151406,0,1,58.775773,13.107208,29.538439,13.395802,-1.630136,0.014539,1.630201,1.360978,-0.013528,1.361045,3.132674,29.238758,0.054540
2,17,1786609206.191396,0,1,58.707742,13.107812,29.594927,13.395220,-1.700773,0.015111,1.700841,1.412210,-0.014568,1.412285,3.132708,29.114233,0.056554
2,18,1786609206.231276,0,1,58.636886,13.108440,29.653300,13.394596,-1.771410,0.015690,1.771480,1.459313,-0.015604,1.459397,3.132735,28.984998,0.058181
2,19,1786609206.271430,0,1,58.563204,13.109091,29.713404,13.393930,-1.842048,0.016272,1.842119,1.502617,-0.016635,1.502709,3.132759,28.851205,0.059546
2,20,1786609206.311452,0,1,58.486696,13.109765,29.775102,13.393224,-1.912685,0.016855,1.912759,1.542427,-0.017661,1.542528,3.132781,28.712994,0.060752
2,21,1786609206.351405,0,1,58.407363,13.110462,29.838262,13.392476,-1.983322,0.017436,1.983399,1.579021,-0.018683,1.579131,3.132802,28.570493,0.061882
2,22,1786609206.391414,0,1,58.325205,13.111183,29.902769,13.391688,-2.053959,0.018012,2.054038,1.612657,-0.019701,1.612777,3.132824,28.423821,0.063009
2,23,1786609206.431431,0,1,58.240221,13.111926,29.968514,13.390874,-2.124597,0.018581,2.124678,1.643625,-0.020369,1.643751,3.132847,28.273084,0.064217
2,24,1786609206.471428,0,1,58.152412,13.112712,30.035399,13.390045,-2.195230,0.019640,2.195318,1.672138,-0.020715,1.672266,3.132646,28.118381,0.052530
2,25,1786609206.511400,0,1,58.061777,13.113537,30.103335,13.389214,-2.265863,0.020640,2.265957,1.698393,-0.020764,1.698520,3.132484,27.959802,0.043028
2,26,1786609206.551327,0,1,57.968318,13.114405,30.172238,13.388393,-2.336496,0.021699,2.336597,1.722570,-0.020542,1.722693,3.132306,27.797430,0.032654
2,27,1786609206.591305,0,1,57.872032,13.115317,30.242031,13.387590,-2.407129,0.022794,2.407237,1.744836,-0.020068,1.744952,3.132124,27.631343,0.022056
2,28,1786609206.631401,0,1,57.772922,13.116274,30.312645,13.386816,-2.477760,0.023931,2.477876,1.765344,-0.019364,1.765450,3.131935,27.461610,0.011104
2,29,1786609206.671417,0,1,57.670986,13.117279,30.384014,13.386078,-2.548392,0.025111,2.548515,1.784233,-0.018448,1.784329,3.131739,27.288296,0.000162
2,30,1786609206.711417,0,1,57.566225,13.118332,30.456080,13.385384,-2.619022,0.026336,2.619155,1.801635,-0.017337,1.801718,3.131537,27.111461,0.011739
2,31,1786609206.751399,0,1,57.458688,13.119436,30.528786,13.384742,-2.688425,0.027594,2.688567,1.817667,-0.016048,1.817737,3.131329,26.931209,0.023615
2,32,1786609206.791285,0,1,57.348453,13.120591,30.602084,13.384158,-2.755899,0.028879,2.756050,1.832439,-0.014594,1.832497,3.131114,26.747667,0.035779
2,33,1786609206.831407,0,1,57.235593,13.121799,30.675926,13.383639,-2.821493,0.030190,2.821655,1.846052,-0.012989,1.846098,3.130893,26.560958,0.048209
2,34,1786609206.871397,0,1,57.120182,13.123060,30.750270,13.383189,-2.885261,0.031528,2.885433,1.858599,-0.011245,1.858633,3.130666,26.371195,0.060882
2,35,1786609206.911412,0,1,57.002292,13.124376,30.825076,13.382814,-2.947249,0.032892,2.947433,1.870165,-0.009375,1.870188,3.130433,26.178492,0.073773
2,36,1786609206.951314,0,1,56.881992,13.125747,30.900310,13.382519,-3.007506,0.034282,3.007702,1.880828,-0.007388,1.880843,3.130194,25.982951,0.086856
2,37,1786609206.991324,0,1,56.759349,13.127175,30.975936,13.382307,-3.066079,0.035697,3.066287,1.890662,-0.005294,1.890669,3.129951,25.784675,0.100105
2,38,1786609207.031309,0,1,56.634428,13.128660,31.051925,13.382183,-3.123013,0.037136,3.123234,1.899731,-0.003103,1.899733,3.129702,25.583759,0.113495
2,39,1786609207.071305,0,1,56.507294,13.130204,31.128249,13.382150,-3.178351,0.038598,3.178586,1.908097,-0.000823,1.908098,3.129449,25.380296,0.126999
2,40,1786609207.111332,0,1,56.378009,13.131807,31.204882,13.382211,-3.232137,0.040083,3.232386,1.915817,0.001539,1.915818,3.129192,25.174372,0.140590
2,41,1786609207.151313,0,1,56.246632,13.133471,31.281800,13.382370,-3.284412,0.041588,3.284675,1.922942,0.003976,1.922947,3.128931,24.966074,0.154241
2,42,1786609207.191354,0,1,56.113224,13.135195,31.358980,13.382630,-3.335217,0.043114,3.335495,1.929520,0.006481,1.929531,3.128666,24.755480,0.167927
2,43,1786609207.231326,0,1,55.977840,13.136982,31.436404,13.382991,-3.384591,0.044658,3.384885,1.935595,0.009047,1.935616,3.128399,24.542669,0.181618
2,44,1786609207.271307,0,1,55.840537,13.138831,31.514052,13.383458,-3.432572,0.046219,3.432883,1.941206,0.011671,1.941241,3.128129,24.327715,0.195291
2,45,1786609207.311275,0,1,55.701369,13.140742,31.591908,13.384032,-3.479199,0.047797,3.479527,1.946391,0.014345,1.946444,3.127856,24.110689,0.208916
2,46,1786609207.351293,0,1,55.560389,13.142718,31.669955,13.384715,-3.524506,0.049388,3.524852,1.951184,0.017066,1.951259,3.127581,23.891659,0.222469
2,47,1786609207.391282,0,1,55.417648,13.144758,31.748180,13.385508,-3.568531,0.050993,3.568895,1.955617,0.019829,1.955717,3.127304,23.670692,0.235923
2,48,1786609207.431339,0,1,55.273196,13.146862,31.826568,13.386395,-3.611307,0.052609,3.611690,1.959703,0.022181,1.959828,3.127026,23.447851,0.249297
2,49,1786609207.471298,0,1,55.127084,13.148867,31.905107,13.387361,-3.652788,0.050134,3.653132,1.963470,0.024154,1.963618,3.127869,23.223202,0.197915
2,50,1786609207.511291,0,1,54.979367,13.150820,31.983785,13.388392,-3.692934,0.048824,3.693257,1.966944,0.025777,1.967113,3.128373,22.996809,0.165539
2,51,1786609207.551308,0,1,54.830094,13.152677,32.062591,13.389476,-3.731812,0.046415,3.732101,1.970148,0.027079,1.970334,3.129156,22.768735,0.116695
2,52,1786609207.591282,0,1,54.679317,13.154435,32.141515,13.390599,-3.769442,0.043945,3.769698,1.973105,0.028084,1.973304,3.129935,22.539039,0.067578
2,53,1786609207.631313,0,1,54.527082,13.156073,32.220548,13.391752,-3.805862,0.040953,3.806082,1.975832,0.028816,1.976043,3.130832,22.307779,0.011182
2,54,1786609207.671302,0,1,54.373438,13.157580,32.299682,13.392923,-3.841101,0.037687,3.841286,1.978350,0.029297,1.978567,3.131782,22.075010,0.048709
2,55,1786609207.711301,0,1,54.218430,13.158942,32.378909,13.394105,-3.875191,0.034049,3.875341,1.980675,0.029547,1.980895,3.132807,21.840787,0.113520
2,56,1786609207.751313,0,1,54.062104,13.160147,32.458222,13.395289,-3.908163,0.030116,3.908279,1.982822,0.029584,1.983042,3.133887,21.605161,0.182084
2,57,1786609207.791307,0,1,53.904502,13.161182,32.537614,13.396466,-3.940045,0.025877,3.940130,1.984805,0.029424,1.985023,3.135025,21.368183,0.254591
2,58,1786609207.831306,0,1,53.745667,13.162037,32.617080,13.397629,-3.970866,0.021369,3.970924,1.986637,0.029084,1.986850,3.136211,21.129901,0.330515
2,59,1786609207.871252,0,1,53.585641,13.162701,32.696613,13.398772,-4.000654,0.016600,4.000689,1.988332,0.028579,1.988537,3.137443,20.890362,0.409750
2,60,1786609207.911301,0,1,53.424464,13.163165,32.776209,13.399889,-4.029436,0.011596,4.029452,1.989899,0.027921,1.990095,3.138715,20.649612,0.491964
2,61,1786609207.951325,0,1,53.262174,13.163419,32.855863,13.400974,-4.057238,0.006372,4.057243,1.991348,0.027122,1.991533,3.140022,20.407694,0.576985
2,62,1786609207.991306,0,1,53.098811,13.163457,32.935571,13.402022,-4.084085,0.000949,4.084085,1.992690,0.026195,1.992862,3.141360,20.164652,0.664562
2,63,1786609208.031303,0,1,52.934411,13.163271,33.015328,13.403028,-4.110004,-0.004656,4.110007,1.993933,0.025149,1.994092,-3.140460,19.920526,0.754521
2,64,1786609208.071306,0,1,52.769010,13.162854,33.095131,13.403987,-4.135018,-0.010425,4.135031,1.995085,0.023995,1.995229,-3.139072,19.675356,0.846660
2,65,1786609208.111297,0,1,52.602644,13.162201,33.174977,13.404897,-4.159151,-0.016341,4.159183,1.996152,0.022741,1.996282,-3.137664,19.429182,0.940824
2,66,1786609208.151333,0,1,52.435347,13.161305,33.254863,13.405753,-4.182427,-0.022387,4.182487,1.997142,0.021395,1.997257,-3.136240,19.182041,1.036851
2,67,1786609208.191313,0,1,52.267152,13.160163,33.334785,13.406551,-4.204869,-0.028549,4.204966,1.998062,0.019965,1.998161,-3.134803,18.933970,1.134611
2,68,1786609208.231303,0,1,52.098092,13.158771,33.414742,13.407290,-4.226497,-0.034811,4.226641,1.998916,0.018459,1.999001,-3.133357,18.685003,1.233976
2,69,1786609208.271317,0,1,51.928199,13.157124,33.494730,13.407965,-4.247335,-0.041160,4.247535,1.999709,0.016882,1.999781,-3.131902,18.435175,1.334845
2,70,1786609208.311325,0,1,51.757503,13.155221,33.574748,13.408575,-4.267403,-0.047582,4.267668,2.000448,0.015240,2.000506,-3.130443,18.184519,1.437121
2,71,1786609208.351276,0,1,51.586034,13.153058,33.654794,13.409116,-4.286722,-0.054066,4.287063,2.001135,0.013540,2.001181,-3.128981,17.933068,1.540732
2,72,1786609208.391339,0,1,51.413821,13.150634,33.734865,13.409588,-4.305311,-0.060600,4.305738,2.001776,0.011785,2.001811,-3.127518,17.680853,1.645610
2,73,1786609208.431271,0,1,51.240894,13.147947,33.814946,13.409992,-4.323191,-0.067174,4.323713,2.002023,0.010097,2.002049,-3.126056,17.427918,1.751724
2,74,1786609208.471435,0,1,51.067252,13.145704,33.895022,13.410330,-4.341040,-0.056088,4.341402,2.001908,0.008468,2.001925,-3.128673,17.174269,1.623112
2,75,1786609208.511395,0,1,50.892918,13.143206,33.975080,13.410606,-4.358364,-0.062441,4.358812,2.001459,0.006896,2.001471,-3.127267,16.919950,1.726338
2,76,1786609208.551326,0,1,50.717890,13.141272,34.055109,13.410821,-4.375683,-0.048346,4.375950,2.000703,0.005375,2.000710,-3.130544,16.664962,1.559799
2,77,1786609208.591327,0,1,50.542192,13.139039,34.135095,13.410977,-4.392469,-0.055843,4.392824,1.999665,0.003903,1.999669,-3.128880,16.409350,1.677947
2,78,1786609208.631327,0,1,50.365820,13.137525,34.215030,13.411076,-4.409278,-0.037848,4.409440,1.998368,0.002476,1.998370,-3.133009,16.153107,1.462150
2,79,1786609208.671300,0,1,50.188799,13.135591,34.294903,13.411120,-4.425543,-0.048334,4.425807,1.996832,0.001089,1.996832,-3.130671,15.896284,1.618894
2,80,1786609208.711319,0,1,50.011124,13.134604,34.374706,13.411110,-4.441862,-0.024691,4.441931,1.995076,-0.000258,1.995076,-3.136034,15.638863,1.331571
2,81,1786609208.751304,0,1,49.832819,13.132963,34.454431,13.411047,-4.457630,-0.041021,4.457819,1.993118,-0.001570,1.993119,-3.132390,15.380902,1.563204
2,82,1786609208.791314,0,1,49.653880,13.132626,34.534070,13.410933,-4.473469,-0.008427,4.473477,1.990974,-0.002849,1.990976,-3.139709,15.122371,1.162443
2,83,1786609208.831305,0,1,49.474329,13.131206,34.613616,13.410769,-4.488773,-0.035484,4.488914,1.988659,-0.004097,1.988663,-3.133688,14.863342,1.530653
2,84,1786609208.871339,0,1,49.294165,13.131699,34.693064,13.410556,-4.504116,0.012324,4.504132,1.986186,-0.005317,1.986194,3.138856,14.603764,0.937350
2,85,1786609208.911357,0,1,49.113404,13.130323,34.772406,13.410296,-4.519013,-0.034419,4.519144,1.983569,-0.006509,1.983580,-3.133976,14.343730,1.554800
2,86,1786609208.951254,0,1,48.932051,13.131682,34.851639,13.409989,-4.533821,0.033991,4.533949,1.980819,-0.007677,1.980834,3.134096,14.083162,0.702778
2,87,1786609208.991311,0,1,48.750111,13.130771,34.930757,13.409636,-4.548502,-0.022783,4.548559,1.977946,-0.008822,1.977965,-3.136584,13.822168,1.443020
2,88,1786609209.031394,0,1,48.567602,13.132619,35.009755,13.409238,-4.562739,0.046198,4.562973,1.974960,-0.009945,1.974985,3.131468,13.560668,0.588729
2,89,1786609209.071404,0,1,48.384514,13.132182,35.088630,13.408796,-4.577190,-0.010914,4.577203,1.971870,-0.011048,1.971901,-3.139208,13.298761,1.328457
2,90,1786609209.111311,0,1,48.200879,13.134527,35.167378,13.408311,-4.590872,0.058624,4.591246,1.968685,-0.012132,1.968723,3.128824,13.036377,0.471780
2,91,1786609209.151320,0,1,48.016674,13.134575,35.245994,13.407783,-4.605117,0.001181,4.605117,1.965413,-0.013198,1.965457,3.141336,12.773602,1.210867
2,92,1786609209.191278,0,1,47.831944,13.137425,35.324476,13.407213,-4.618262,0.071262,4.618812,1.962059,-0.014248,1.962111,3.126163,12.510377,0.351662
2,93,1786609209.231296,0,1,47.646651,13.137965,35.402822,13.406602,-4.632324,0.013497,4.632343,1.958631,-0.015282,1.958691,3.138679,12.246776,1.089960
2,94,1786609209.271266,0,1,47.460853,13.141329,35.481027,13.405950,-4.644947,0.084106,4.645709,1.955135,-0.016301,1.955203,3.123488,11.982748,0.228048
2,95,1786609209.311434,0,1,47.274499,13.142370,35.559090,13.405257,-4.658848,0.026027,4.658920,1.951576,-0.017307,1.951653,3.136006,11.718358,0.965382
2,96,1786609209.351342,0,1,47.087735,13.140379,35.637009,13.404525,-4.669116,-0.049787,4.669381,1.947959,-0.018301,1.948045,-3.130930,11.453772,1.932393
2,97,1786609209.391455,0,1,46.900648,13.134639,35.714780,13.403754,-4.677157,-0.143505,4.679358,1.944289,-0.019282,1.944384,-3.110920,11.189105,3.135584
2,98,1786609209.431462,0,1,46.713144,13.130340,35.792431,13.402951,-4.687616,-0.107474,4.688848,1.941261,-0.020080,1.941365,-3.118669,10.924115,2.743372
2,99,1786609209.471464,0,1,46.525411,13.122268,35.869984,13.402123,-4.693307,-0.201779,4.697642,1.938825,-0.020709,1.938935,-3.098626,10.659102,3.966263
2,100,1786609209.511432,0,1,46.337310,13.115281,35.947461,13.401275,-4.702535,-0.174688,4.705779,1.936932,-0.021184,1.937048,-3.104462,10.393785,3.704173
2,101,1786609209.551489,0,1,46.149099,13.104417,36.024882,13.400415,-4.705275,-0.271600,4.713107,1.935539,-0.021515,1.935659,-3.083934,10.128543,4.978246
2,102,1786609209.591467,0,1,45.960705,13.092202,36.102267,13.399546,-4.709848,-0.305375,4.719738,1.934607,-0.021715,1.934729,-3.076846,9.863228,5.495388
2,103,1786609209.631428,0,1,45.772427,13.075446,36.179631,13.398674,-4.706952,-0.418903,4.725555,1.934099,-0.021794,1.934221,-3.052830,9.598240,7.015583
2,104,1786609209.671434,0,1,45.583878,13.059394,36.256990,13.397804,-4.713724,-0.401294,4.730775,1.933980,-0.021762,1.934102,-3.056664,9.333026,6.944004
2,105,1786609209.711424,0,1,45.395604,13.038796,36.334359,13.396939,-4.706857,-0.514957,4.734943,1.934219,-0.021626,1.934340,-3.032620,9.068320,8.507072
2,106,1786609209.751414,0,1,45.207108,13.018901,36.411750,13.396083,-4.712396,-0.497362,4.738570,1.934788,-0.021397,1.934906,-3.036439,8.803442,8.480465
2,107,1786609209.791434,0,1,45.019047,12.994464,36.489176,13.395240,-4.701515,-0.610923,4.741041,1.935661,-0.021081,1.935776,-3.012375,8.539281,10.093693
2,108,1786609209.831424,0,1,44.830814,12.970733,36.566649,13.394412,-4.705824,-0.593272,4.743074,1.936812,-0.020684,1.936923,-3.016182,8.275019,10.120288
2,109,1786609209.871502,0,1,44.643175,12.942473,36.644178,13.393604,-4.690973,-0.706502,4.743877,1.938221,-0.020215,1.938326,-2.992107,8.011709,11.792846
2,110,1786609209.911395,0,1,44.455410,12.914924,36.721772,13.392817,-4.694142,-0.688734,4.744399,1.939865,-0.019678,1.939965,-2.995910,7.748389,11.883042
2,111,1786609209.951443,0,1,44.268391,12.882867,36.799442,13.392053,-4.675476,-0.801428,4.743665,1.941727,-0.019079,1.941821,-2.971832,7.486286,13.626631
2,112,1786609209.991443,0,1,44.081283,12.851526,36.877193,13.391316,-4.677702,-0.783509,4.742866,1.943789,-0.018424,1.943877,-2.975635,7.224284,13.793765
2,113,1786609210.031333,0,1,43.895062,12.815706,36.955035,13.390608,-4.655509,-0.895504,4.740853,1.946035,-0.017717,1.946116,-2.951560,6.963799,15.623554
2,114,1786609210.071493,0,1,43.708778,12.780609,37.032973,13.389929,-4.657117,-0.877437,4.739054,1.948450,-0.016962,1.948524,-2.955368,6.703555,15.884999
2,115,1786609210.111422,0,1,43.523504,12.741063,37.111013,13.389283,-4.631837,-0.988644,4.736173,1.951021,-0.016163,1.951088,-2.931303,6.445171,17.820963
2,116,1786609210.151465,0,1,43.338172,12.702244,37.189163,13.388670,-4.633293,-0.970483,4.733841,1.953735,-0.015324,1.953795,-2.935119,6.187205,18.199738
2,117,1786609210.191499,0,1,43.152676,12.664857,37.267426,13.388092,-4.637419,-0.934670,4.730673,1.956581,-0.014449,1.956634,-2.942708,5.929522,18.401197
2,118,1786609210.231452,0,1,42.968135,12.623762,37.345808,13.387550,-4.613524,-1.027372,4.726531,1.959548,-0.013541,1.959595,-2.922481,5.673970,20.290407
2,119,1786609210.271412,0,1,42.783413,12.584097,37.424313,13.387046,-4.618037,-0.991624,4.723302,1.962626,-0.012602,1.962667,-2.930076,5.418919,20.640190
2,120,1786609210.311452,0,1,42.598403,12.546565,37.502945,13.386581,-4.625248,-0.938311,4.719464,1.965808,-0.011635,1.965842,-2.941442,5.164235,20.829146
2,121,1786609210.351401,0,1,42.414212,12.506039,37.581709,13.386155,-4.604781,-1.013130,4.714917,1.969083,-0.010643,1.969112,-2.925026,4.911995,22.730165
2,122,1786609210.391458,0,1,42.229695,12.467636,37.660606,13.385770,-4.612938,-0.960087,4.711790,1.972446,-0.009628,1.972469,-2.936393,4.660422,23.119051
2,123,1786609210.431564,0,1,42.044747,12.432054,37.739626,13.385420,-4.623697,-0.889539,4.708487,1.975488,-0.008757,1.975507,-2.951528,4.409418,23.376496
2,124,1786609210.471555,0,1,41.860402,12.394167,37.818755,13.385099,-4.608617,-0.947179,4.704944,1.978235,-0.008018,1.978252,-2.938892,4.161352,25.389943
2,125,1786609210.511580,0,1,41.675565,12.359085,37.897984,13.384803,-4.620922,-0.877058,4.703419,1.980712,-0.007401,1.980726,-2.954022,3.914360,25.938113
2,126,1786609210.551466,0,1,41.490139,12.327510,37.977301,13.384527,-4.635649,-0.789380,4.702378,1.982939,-0.006897,1.982951,-2.972926,3.668421,26.410507
2,127,1786609210.591296,0,1,41.304063,12.300152,38.056699,13.384267,-4.651916,-0.683936,4.701924,1.984937,-0.006496,1.984947,-2.995616,3.423547,26.825152
2,128,1786609210.631398,0,1,41.118119,12.271838,38.136168,13.384019,-4.648590,-0.707862,4.702176,1.986723,-0.006191,1.986733,-2.990479,3.182606,29.112238
2,129,1786609210.671427,0,1,40.931461,12.247734,38.215700,13.383780,-4.666438,-0.602598,4.705185,1.988316,-0.005974,1.988325,-3.013169,2.943800,30.058488
2,130,1786609210.711561,0,1,40.744052,12.228567,38.295290,13.383547,-4.685237,-0.479172,4.709676,1.989729,-0.005837,1.989738,-3.039674,2.707474,31.090808
2,131,1786609210.751433,0,1,40.555903,12.215079,38.374929,13.383316,-4.703712,-0.337200,4.715783,1.990979,-0.005775,1.990987,-3.070027,2.474152,32.276100
2,132,1786609210.791439,0,1,40.367091,12.208028,38.454612,13.383085,-4.720303,-0.176278,4.723593,1.992077,-0.005782,1.992085,-3.104265,2.244624,33.705900
2,133,1786609210.831413,0,1,40.177773,12.206634,38.534333,13.382851,-4.732967,-0.034840,4.733096,1.993036,-0.005852,1.993044,-3.134232,2.020984,36.013213
2,134,1786609210.871489,0,1,39.988025,12.209477,38.614088,13.382611,-4.743703,0.071062,4.744235,1.993867,-0.005980,1.993876,3.126614,1.806640,39.634093
2,135,1786609210.911474,0,1,39.797857,12.215490,38.693871,13.382365,-4.754196,0.150333,4.756572,1.994580,-0.006161,1.994590,3.109982,1.606357,44.775200
2,136,1786609210.951427,0,1,39.607252,12.223585,38.773678,13.382109,-4.765122,0.202385,4.769418,1.995185,-0.006391,1.995195,3.099146,1.427243,51.832472
2,137,1786609210.991412,0,1,39.416189,12.232920,38.853506,13.381843,-4.776563,0.233369,4.782261,1.995690,-0.006666,1.995701,3.092774,1.279311,61.109677
2,138,1786609211.031412,0,1,39.224680,12.243398,38.933350,13.381563,-4.787739,0.261936,4.794899,1.996104,-0.006983,1.996116,3.086937,1.174859,72.511086
2,139,1786609211.071507,0,1,39.032712,12.254545,39.013208,13.381270,-4.799205,0.278682,4.807290,1.996433,-0.007338,1.996447,3.083589,1.126894,85.684950
2,140,1786609211.111534,0,1,38.840314,12.266626,39.093075,13.380961,-4.809940,0.302029,4.819413,1.996685,-0.007727,1.996700,3.078882,1.142642,99.186933
2,141,1786609211.151505,0,1,38.647451,12.278858,39.172950,13.380635,-4.821579,0.305796,4.831266,1.996865,-0.008149,1.996881,3.078255,1.220681,111.870100
2,142,1786609211.191498,0,1,38.454198,12.292206,39.252829,13.380291,-4.831330,0.333694,4.842840,1.996979,-0.008599,1.996998,3.072633,1.349719,122.326789
2,143,1786609211.231441,0,1,38.260439,12.304777,39.332710,13.379928,-4.843959,0.314279,4.854144,1.997034,-0.009077,1.997054,3.076803,1.518458,131.210977
2,144,1786609211.271456,0,1,38.066402,12.319655,39.412591,13.379545,-4.850929,0.371948,4.865168,1.997032,-0.009579,1.997055,3.065067,1.713357,137.401109
2,145,1786609211.311549,0,1,37.871800,12.332673,39.492471,13.379141,-4.865064,0.325455,4.875938,1.996979,-0.010103,1.997005,3.074796,1.929163,143.322488
2,146,1786609211.351465,0,1,37.676968,12.348299,39.572346,13.378715,-4.870792,0.390642,4.886432,1.996880,-0.010647,1.996908,3.061563,2.157363,146.884070
2,147,1786609211.391340,0,1,37.481568,12.361821,39.652215,13.378266,-4.884996,0.338068,4.896680,1.996737,-0.011210,1.996768,3.072497,2.396846,150.948935
2,148,1786609211.431347,0,1,37.285934,12.377570,39.732085,13.377791,-4.890843,0.393730,4.906666,1.996736,-0.011887,1.996771,3.061262,2.642743,153.157979
2,149,1786609211.471418,0,1,37.089750,12.390928,39.811959,13.377284,-4.904600,0.333945,4.915956,1.996865,-0.012667,1.996905,3.073609,2.895396,156.187548
2,150,1786609211.511431,0,1,36.893229,12.404393,39.891844,13.376742,-4.913035,0.336617,4.924553,1.997114,-0.013544,1.997160,3.073184,3.152325,158.114371
2,151,1786609211.551408,0,1,36.696246,12.415560,39.971743,13.376162,-4.924579,0.279179,4.932486,1.997473,-0.014507,1.997526,3.084962,3.413449,160.410540
2,152,1786609211.591407,0,1,36.499132,12.429290,40.051660,13.375540,-4.927837,0.343254,4.939777,1.997935,-0.015551,1.997995,3.072049,3.676390,161.100442
2,153,1786609211.631413,0,1,36.301569,12.440069,40.131600,13.374873,-4.939092,0.269473,4.946438,1.998489,-0.016669,1.998559,3.087088,3.942461,163.160947
2,154,1786609211.671368,0,1,36.103798,12.451476,40.211565,13.374159,-4.944275,0.285159,4.952491,1.999130,-0.017854,1.999209,3.083982,4.210118,164.039527
2,155,1786609211.711404,0,1,35.905639,12.459431,40.291559,13.373395,-4.953963,0.198878,4.957953,1.999849,-0.019100,1.999940,3.101469,4.480136,165.929897
2,156,1786609211.751390,0,1,35.707379,12.469473,40.371584,13.372579,-4.956503,0.251049,4.962857,2.000641,-0.020402,2.000745,3.090986,4.750833,166.142136
2,157,1786609211.791400,0,1,35.508800,12.476050,40.451644,13.371709,-4.964470,0.164427,4.967192,2.001501,-0.021755,2.001619,3.108484,5.023337,167.832285
2,158,1786609211.831409,0,1,35.310149,12.484714,40.531741,13.370783,-4.966281,0.216613,4.971003,2.002421,-0.023155,2.002555,3.098003,5.296239,167.871569
2,159,1786609211.871422,0,1,35.111245,12.489903,40.611877,13.369799,-4.972586,0.129722,4.974278,2.003399,-0.024597,2.003550,3.115511,5.570562,169.417445
2,160,1786609211.911322,0,1,34.912296,12.497180,40.692054,13.368756,-4.973733,0.181921,4.977059,2.004429,-0.026078,2.004598,3.105033,5.845105,169.329793
2,161,1786609211.951307,0,1,34.713159,12.500973,40.772275,13.367652,-4.978432,0.094829,4.979335,2.005506,-0.027593,2.005696,3.122547,6.120786,170.768550
2,162,1786609211.991384,0,1,34.514000,12.506855,40.852540,13.366486,-4.978976,0.147035,4.981146,2.006628,-0.029139,2.006839,3.112070,6.396566,170.585157
2,163,1786609212.031394,0,1,34.314715,12.509247,40.932851,13.365258,-4.982123,0.059807,4.982482,2.007790,-0.030714,2.008025,3.129589,6.673266,171.942332
2,164,1786609212.071317,0,1,34.115430,12.513727,41.013202,13.363965,-4.982122,0.112015,4.983381,2.008764,-0.032311,2.009024,3.119113,6.949976,171.685024
2,165,1786609212.111309,0,1,33.916079,12.514716,41.093551,13.362609,-4.983769,0.024712,4.983830,2.008737,-0.033913,2.009024,3.136634,7.227380,172.978635
2,166,1786609212.151351,0,1,33.716748,12.517793,41.173900,13.361187,-4.983275,0.076917,4.983868,2.008709,-0.035533,2.009024,3.126159,7.504693,172.663040
2,167,1786609212.191311,0,1,33.517409,12.517376,41.254247,13.359701,-4.983471,-0.010405,4.983482,2.008680,-0.037170,2.009024,-3.139505,7.782555,173.906203
2,168,1786609212.231359,0,1,33.318108,12.519048,41.334593,13.358148,-4.982534,0.041793,4.982709,2.008649,-0.038820,2.009024,3.133205,8.060280,173.543932
2,169,1786609212.271335,0,1,33.118855,12.517228,41.414938,13.356529,-4.981327,-0.045495,4.981534,2.008616,-0.040483,2.009024,-3.132460,8.338430,174.746418
2,170,1786609212.311306,0,1,32.919655,12.517496,41.495281,13.354842,-4.979991,0.006690,4.979995,2.008581,-0.042156,2.009024,3.140249,8.616409,174.346205
2,171,1786609212.351337,0,1,32.720558,12.514275,41.575623,13.353089,-4.977426,-0.080513,4.978077,2.008545,-0.043837,2.009024,-3.125418,8.894705,175.515408
2,172,1786609212.391309,0,1,32.521529,12.513141,41.655963,13.351268,-4.975733,-0.028347,4.975814,2.008508,-0.045525,2.009024,-3.135896,9.172804,175.083942
2,173,1786609212.431308,0,1,32.322655,12.508525,41.736302,13.349393,-4.971852,-0.115417,4.973191,2.008477,-0.046873,2.009024,-3.118383,9.451127,176.225467
2,174,1786609212.471412,0,1,32.123841,12.505994,41.816640,13.347477,-4.970361,-0.063282,4.970764,2.008452,-0.047909,2.009024,-3.128861,9.729258,175.767734
2,175,1786609212.511329,0,1,31.925101,12.506336,41.896978,13.345530,-4.968497,0.008551,4.968505,2.008434,-0.048657,2.009024,3.139872,10.007126,175.090932
2,176,1786609212.551331,0,1,31.726484,12.510339,41.977314,13.343565,-4.965421,0.100093,4.966429,2.008423,-0.049141,2.009024,3.121437,10.284639,174.198188
2,177,1786609212.591315,0,1,31.527913,12.512444,42.057651,13.341589,-4.964278,0.052614,4.964557,2.008417,-0.049381,2.009024,3.130995,10.562333,174.890411
2,178,1786609212.631305,0,1,31.329482,12.518205,42.137988,13.339614,-4.960764,0.144038,4.962855,2.008416,-0.049397,2.009024,3.112565,10.839673,173.990941
2,179,1786609212.671299,0,1,31.131290,12.528411,42.218325,13.337645,-4.954794,0.255138,4.961358,2.008421,-0.049207,2.009024,3.090145,11.116528,172.877688
2,180,1786609212.711298,0,1,30.933095,12.537503,42.298662,13.335692,-4.954883,0.227302,4.960094,2.008430,-0.048827,2.009024,3.095750,11.393560,173.356223
2,181,1786609212.751298,0,1,30.734866,12.544698,42.379000,13.333761,-4.955729,0.179882,4.958993,2.008444,-0.048273,2.009024,3.105311,11.670838,174.044494
2,182,1786609212.791273,0,1,30.536840,12.555542,42.459338,13.331859,-4.950650,0.271089,4.958067,2.008461,-0.047559,2.009024,3.086889,11.947746,173.140231
2,183,1786609212.831305,0,1,30.339135,12.570818,42.539677,13.329991,-4.942616,0.381903,4.957348,2.008481,-0.046698,2.009024,3.064478,12.224139,172.021068
2,184,1786609212.871313,0,1,30.141367,12.584983,42.620017,13.328163,-4.944197,0.354131,4.956863,2.008504,-0.045701,2.009024,3.070089,12.500761,172.494865
2,185,1786609212.911325,0,1,29.943486,12.597256,42.700359,13.326380,-4.947038,0.306819,4.956544,2.008529,-0.044579,2.009024,3.079651,12.777692,173.179812
2,186,1786609212.951326,0,1,29.745870,12.613171,42.780701,13.324646,-4.940404,0.397869,4.956399,2.008556,-0.043344,2.009024,3.061232,13.054234,172.271443
2,187,1786609212.991315,0,1,29.548587,12.632818,42.861044,13.322966,-4.932065,0.491175,4.956462,2.008585,-0.042004,2.009024,3.042332,13.330334,171.345086
2,188,1786609213.031315,0,1,29.351170,12.651188,42.941389,13.321343,-4.935426,0.459248,4.956747,2.008614,-0.040568,2.009024,3.048808,13.606732,171.860798
2,189,1786609213.071307,0,1,29.153554,12.667499,43.021734,13.319781,-4.940395,0.407792,4.957196,2.008644,-0.039045,2.009024,3.059237,13.883512,172.588477
2,190,1786609213.111319,0,1,28.956230,12.687279,43.102081,13.318284,-4.933100,0.494480,4.957821,2.008675,-0.037440,2.009024,3.041689,14.159918,171.721843
2,191,1786609213.151348,0,1,28.759345,12.711306,43.182430,13.316853,-4.922127,0.600690,4.958645,2.008705,-0.035762,2.009024,3.020154,14.435791,170.637978
2,192,1786609213.191324,0,1,28.562267,12.734063,43.262779,13.315492,-4.926950,0.568930,4.959689,2.008736,-0.034017,2.009024,3.026629,14.712006,171.148090
2,193,1786609213.231315,0,1,28.364915,12.754769,43.343130,13.314204,-4.933812,0.517650,4.960893,2.008765,-0.032210,2.009024,3.037056,14.988659,171.871509
2,194,1786609213.271303,0,1,28.167902,12.778943,43.423481,13.312990,-4.925330,0.604331,4.962267,2.008794,-0.030347,2.009024,3.019504,15.264925,170.999931
2,195,1786609213.311287,0,1,27.970585,12.801067,43.503834,13.311853,-4.932918,0.553119,4.963831,2.008822,-0.028433,2.009024,3.029931,15.541645,171.718858
2,196,1786609213.351305,0,1,27.773618,12.826661,43.584188,13.310794,-4.924165,0.639851,4.965562,2.008849,-0.026472,2.009024,3.012376,15.817981,170.842517
2,197,1786609213.391302,0,1,27.577003,12.855366,43.664543,13.309815,-4.915374,0.717613,4.967482,2.008875,-0.024469,2.009024,2.996623,16.093958,170.075772
2,198,1786609213.431308,0,1,27.380084,12.882528,43.744899,13.308905,-4.922983,0.679058,4.969596,2.008895,-0.022765,2.009024,3.004521,16.370369,170.653914
2,199,1786609213.471315,0,1,27.182777,12.907363,43.825255,13.308051,-4.932671,0.620866,4.971591,2.008901,-0.021335,2.009015,3.016383,16.647301,171.446813
2,200,1786609213.511412,0,1,26.985821,12.935385,43.905603,13.307245,-4.923895,0.700563,4.973483,2.008694,-0.020156,2.008796,3.000263,16.923868,170.643376
2,201,1786609213.551326,0,1,26.788475,12.961079,43.985935,13.306477,-4.933646,0.642342,4.975286,2.008291,-0.019209,2.008383,3.012125,17.200927,171.431443
2,202,1786609213.591293,0,1,26.590680,12.983651,44.066243,13.305738,-4.944892,0.564300,4.976986,2.007708,-0.018474,2.007793,3.027967,17.478531,172.433821
2,203,1786609213.631274,0,1,26.393108,13.008631,44.146521,13.305020,-4.939283,0.624500,4.978606,2.006958,-0.017936,2.007038,3.015825,17.755887,171.837569
2,204,1786609213.671278,0,1,26.195106,13.030484,44.226763,13.304317,-4.950073,0.546332,4.980131,2.006055,-0.017579,2.006132,3.031669,18.033737,172.831800
2,205,1786609213.711284,0,1,25.997325,13.054747,44.306964,13.303622,-4.944514,0.606571,4.981581,2.005012,-0.017388,2.005087,3.019527,18.311330,172.227405
2,206,1786609213.751313,0,1,25.799131,13.075879,44.387117,13.302928,-4.954860,0.528288,4.982944,2.003839,-0.017350,2.003914,3.035374,18.589374,173.214280
2,207,1786609213.791304,0,1,25.601156,13.099421,44.467219,13.302229,-4.949364,0.588563,4.984237,2.002547,-0.017452,2.002623,3.023232,18.867153,172.602511
2,208,1786609213.831342,0,1,25.402785,13.119828,44.547265,13.301522,-4.959275,0.510175,4.985448,2.001146,-0.017684,2.001224,3.039080,19.145342,173.582721
2,209,1786609213.871324,0,1,25.204631,13.142648,44.627251,13.300801,-4.953854,0.570483,4.986594,1.999644,-0.018035,1.999726,3.026938,19.423264,172.964250
2,210,1786609213.911315,0,1,25.006097,13.162328,44.707173,13.300061,-4.963340,0.491999,4.987666,1.998050,-0.018495,1.998135,3.042789,19.701557,173.938399
2,211,1786609213.951294,0,1,24.807777,13.184421,44.787028,13.299299,-4.958006,0.552339,4.988677,1.996370,-0.019055,1.996461,3.030647,19.979581,173.313819
2,212,1786609213.991281,0,1,24.609094,13.203372,44.866812,13.298510,-4.967075,0.473767,4.989618,1.994611,-0.019707,1.994709,3.046499,20.257942,174.282439
2,213,1786609214.031275,0,1,24.410580,13.224357,44.946523,13.297693,-4.962853,0.524621,4.990505,1.992781,-0.020443,1.992886,3.036274,20.536075,173.761093
2,214,1786609214.071326,0,1,24.211717,13.242099,45.026159,13.296842,-4.971579,0.443568,4.991328,1.990884,-0.021256,1.990997,3.052608,20.814514,174.750837
2,215,1786609214.111303,0,1,24.013043,13.262164,45.105716,13.295957,-4.966839,0.501604,4.992103,1.988926,-0.022138,1.989049,3.040943,21.092700,174.141427
2,216,1786609214.151324,0,1,23.814040,13.278982,45.185192,13.295033,-4.975082,0.420469,4.992818,1.986912,-0.023086,1.987046,3.057278,21.371159,175.126094
2,217,1786609214.191302,0,1,23.615219,13.298124,45.264586,13.294070,-4.970508,0.478533,4.993490,1.984846,-0.024091,1.984992,3.045614,21.649367,174.511556
2,218,1786609214.231270,0,1,23.416088,13.314017,45.343895,13.293064,-4.978276,0.397324,4.994106,1.982732,-0.025150,1.982892,3.061950,21.927817,175.491550
2,219,1786609214.271266,0,1,23.216992,13.330614,45.423118,13.292014,-4.977418,0.414942,4.994684,1.980575,-0.026257,1.980749,3.058420,22.206160,175.334164
2,220,1786609214.311261,0,1,23.017602,13.343552,45.502254,13.290917,-4.984732,0.323453,4.995215,1.978377,-0.027408,1.978567,3.076795,22.484713,176.421475
2,221,1786609214.351391,0,1,22.818327,13.358413,45.581299,13.289773,-4.981892,0.371509,4.995725,1.976143,-0.028599,1.976350,3.067159,22.763076,175.908012
2,222,1786609214.391357,0,1,22.618794,13.369610,45.660254,13.288580,-4.988330,0.279930,4.996179,1.973874,-0.029825,1.974100,3.085534,23.041603,176.989591
2,223,1786609214.431412,0,1,22.419360,13.382730,45.739133,13.287348,-4.985836,0.328011,4.996614,1.971981,-0.030806,1.972222,3.075899,23.319968,176.470369
2,224,1786609214.471320,0,1,22.220100,13.398569,45.817951,13.286086,-4.981492,0.395965,4.997205,1.970435,-0.031559,1.970687,3.062272,23.598119,175.728376
2,225,1786609214.511323,0,1,22.020604,13.411544,45.896719,13.284802,-4.987421,0.324382,4.997959,1.969206,-0.032103,1.969467,3.076644,23.876452,176.582864
2,226,1786609214.551316,0,1,21.821266,13.427240,45.975450,13.283503,-4.983450,0.392386,4.998874,1.968270,-0.032454,1.968537,3.063017,24.154612,175.838895
2,227,1786609214.591288,0,1,21.621680,13.440071,46.054154,13.282198,-4.989643,0.320791,4.999945,1.967603,-0.032627,1.967873,3.077390,24.432984,176.691660
2,228,1786609214.631282,0,1,21.422239,13.455625,46.132841,13.280893,-4.986028,0.388852,5.001168,1.967184,-0.032636,1.967455,3.063762,24.711220,175.945770
2,229,1786609214.671272,0,1,21.222540,13.468315,46.211521,13.279593,-4.992470,0.317232,5.002539,1.966993,-0.032494,1.967261,3.078136,24.989694,176.796890
2,230,1786609214.711288,0,1,21.022972,13.483729,46.290202,13.278304,-4.989193,0.385358,5.004054,1.967011,-0.032213,1.967275,3.064507,25.268064,176.049136
2,231,1786609214.751277,0,1,20.823137,13.496277,46.368890,13.277032,-4.995869,0.313704,5.005708,1.967223,-0.031804,1.967480,3.078882,25.546694,176.898692
2,232,1786609214.791319,0,1,20.623167,13.507766,46.447595,13.275781,-4.999256,0.287208,5.007499,1.967612,-0.031277,1.967860,3.084206,25.825470,177.226647
2,233,1786609214.831312,0,1,20.423285,13.521836,46.526321,13.274556,-4.997063,0.351772,5.009429,1.968164,-0.030641,1.968403,3.071313,26.104208,176.516020
2,234,1786609214.871317,0,1,20.223130,13.532889,46.605076,13.273359,-5.003863,0.276312,5.011486,1.968866,-0.029906,1.969094,3.086429,26.383223,177.402976
2,235,1786609214.911276,0,1,20.023047,13.546527,46.683864,13.272196,-5.002066,0.340954,5.013673,1.969707,-0.029080,1.969922,3.073535,26.662228,176.690138
2,236,1786609214.951331,0,1,19.822689,13.557144,46.762691,13.271069,-5.008953,0.265414,5.015980,1.970675,-0.028169,1.970876,3.088654,26.941521,177.575249
2,237,1786609214.991290,0,1,19.622388,13.570349,46.841562,13.269982,-5.007540,0.330138,5.018411,1.971760,-0.027182,1.971947,3.075760,27.220831,176.860298
2,238,1786609215.031285,0,1,19.421808,13.580529,46.920480,13.268937,-5.014501,0.254509,5.020955,1.972952,-0.026124,1.973125,3.090882,27.500437,177.743673
2,239,1786609215.071278,0,1,19.221269,13.593302,46.999450,13.267937,-5.013459,0.319318,5.023618,1.974243,-0.025002,1.974402,3.077986,27.780086,177.026701
2,240,1786609215.111278,0,1,19.020450,13.603046,47.078475,13.266984,-5.020482,0.243590,5.026387,1.975626,-0.023820,1.975769,3.093111,28.060037,177.908448
2,241,1786609215.151320,0,1,18.819658,13.615385,47.157558,13.266081,-5.019800,0.308490,5.029270,1.977092,-0.022585,1.977221,3.080215,28.340053,177.189543
2,242,1786609215.191302,0,1,18.618583,13.624692,47.236704,13.265229,-5.026872,0.232654,5.032253,1.978635,-0.021301,1.978750,3.095344,28.620378,178.069765
2,243,1786609215.231290,0,1,18.417522,13.636597,47.315914,13.264430,-5.026539,0.297648,5.035344,1.980249,-0.019972,1.980350,3.082446,28.900788,177.349011
2,244,1786609215.271304,0,1,18.216176,13.645465,47.395191,13.263686,-5.033651,0.221694,5.038530,1.981929,-0.018602,1.982016,3.097579,29.181513,178.227805
2,245,1786609215.311313,0,1,18.014829,13.656937,47.474538,13.262998,-5.033655,0.286787,5.041818,1.983668,-0.017196,1.983743,3.084680,29.462342,177.505284
2,246,1786609215.351265,0,1,17.813216,13.665364,47.553956,13.262368,-5.040328,0.210687,5.044729,1.985463,-0.015756,1.985525,3.099817,29.743470,178.382741
2,247,1786609215.391262,0,1,17.611355,13.669925,47.633448,13.261796,-5.046526,0.114028,5.047814,1.987308,-0.014286,1.987360,3.119001,30.024867,179.484451
2,248,1786609215.431325,0,1,17.409311,13.669792,47.713005,13.261283,-5.051112,-0.003343,5.051113,1.988924,-0.012838,1.988966,-3.140931,30.306448,179.189753
2,249,1786609215.471269,0,1,17.207235,13.664130,47.792619,13.260826,-5.051887,-0.141530,5.053869,1.990329,-0.011410,1.990362,-3.113585,30.588042,177.639793
2,250,1786609215.511362,0,1,17.005067,13.658632,47.872280,13.260426,-5.054211,-0.137463,5.056080,1.991539,-0.010002,1.991565,-3.114402,30.869782,177.702956
2,251,1786609215.551292,0,1,16.802812,13.654110,47.951983,13.260082,-5.056367,-0.113056,5.057631,1.992571,-0.008611,1.992590,-3.119237,31.151663,177.994389
2,252,1786609215.591286,0,1,16.600682,13.644880,48.031720,13.259792,-5.053267,-0.230744,5.058532,1.993438,-0.007239,1.993451,-3.095962,31.433398,176.683617
2,253,1786609215.631291,0,1,16.398496,13.636626,48.111487,13.259557,-5.054644,-0.206336,5.058854,1.994154,-0.005883,1.994163,-3.100794,31.715232,176.981201
2,254,1786609215.671299,0,1,16.196257,13.630166,48.191276,13.259375,-5.055959,-0.161521,5.058538,1.994731,-0.004544,1.994736,-3.109657,31.997167,177.506247
2,255,1786609215.711267,0,1,15.993990,13.626315,48.271083,13.259246,-5.056694,-0.096259,5.057610,1.995179,-0.003220,1.995182,-3.122559,32.279181,178.257883
2,256,1786609215.751264,0,1,15.791746,13.625894,48.350903,13.259170,-5.056083,-0.010530,5.056094,1.995510,-0.001911,1.995511,-3.139510,32.561222,179.235360
2,257,1786609215.791292,0,1,15.589603,13.623229,48.430733,13.259145,-5.053587,-0.066636,5.054026,1.995733,-0.000616,1.995733,-3.128408,32.843148,178.609384
3,0,1786609229.347720,0,1,59.480000,13.100032,29.003536,13.400005,-0.499999,0.000796,0.500000,0.088400,0.000120,0.088400,3.140000,30.477940,0.472679
3,0,1786609229.387694,0,1,59.480000,13.100032,29.010208,13.400022,-0.499999,0.000796,0.500000,0.166799,0.000436,0.166800,3.140000,30.471269,0.472835
3,1,1786609229.427703,0,1,59.457180,13.100524,29.020016,13.400061,-0.570499,0.012312,0.570632,0.245198,0.000958,0.245199,3.120015,30.438638,0.672477
3,2,1786609229.467705,0,1,59.431533,13.100972,29.032960,13.400128,-0.641168,0.011187,0.641265,0.323594,0.001694,0.323599,3.124146,30.400046,0.435778
3,3,1786609229.507644,0,1,59.403062,13.101458,29.049039,13.400234,-0.711794,0.012154,0.711898,0.401988,0.002654,0.401997,3.124519,30.355493,0.414277
3,4,1786609229.547645,0,1,59.371765,13.101975,29.068254,13.400388,-0.782424,0.012920,0.782531,0.480379,0.003849,0.480395,3.125081,30.304980,0.381832
3,5,1786609229.587704,0,1,59.337643,13.102528,29.090605,13.400600,-0.853051,0.013841,0.853164,0.558766,0.005290,0.558791,3.125369,30.248506,0.364960
3,6,1786609229.627714,0,1,59.300696,13.103123,29.116091,13.400880,-0.923676,0.014860,0.923796,0.637147,0.006991,0.637186,3.125506,30.186073,0.356540
3,7,1786609229.667692,0,1,59.260924,13.103762,29.144712,13.401238,-0.994299,0.015988,0.994428,0.715523,0.008966,0.715579,3.125515,30.117681,0.355263
3,8,1786609229.707695,0,1,59.218327,13.104451,29.176467,13.401688,-1.064920,0.017222,1.065059,0.793890,0.011231,0.793969,3.125422,30.043330,0.359634
3,9,1786609229.747695,0,1,59.172905,13.105194,29.211357,13.402240,-1.135539,0.018565,1.135691,0.872248,0.013804,0.872357,3.125245,29.963020,0.368630
3,10,1786609229.787749,0,1,59.124659,13.105995,29.249381,13.402908,-1.206155,0.020019,1.206322,0.950594,0.016705,0.950741,3.124997,29.876753,0.381458
3,11,1786609229.827701,0,1,59.073588,13.106858,29.290538,13.403706,-1.276770,0.021585,1.276952,1.028926,0.019958,1.029120,3.124688,29.784529,0.397506
3,12,1786609229.867696,0,1,59.019693,13.107789,29.334828,13.404650,-1.347382,0.023266,1.347582,1.107242,0.023590,1.107493,3.124327,29.686350,0.416290
3,13,1786609229.907694,0,1,58.962973,13.108791,29.382184,13.405752,-1.417991,0.025063,1.418212,1.183899,0.027546,1.184220,3.123920,29.582280,0.437425
3,14,1786609229.947643,0,1,58.903429,13.109870,29.432355,13.407015,-1.488598,0.026979,1.488842,1.254286,0.031580,1.254683,3.123471,29.472572,0.460622
3,15,1786609229.987726,0,1,58.841061,13.111031,29.485111,13.408442,-1.559201,0.029015,1.559471,1.318902,0.035686,1.319385,3.122986,29.357457,0.485647
3,16,1786609230.027686,0,1,58.775869,13.112278,29.540240,13.410036,-1.629802,0.031175,1.630100,1.378211,0.039855,1.378787,3.122467,29.237146,0.512307
3,17,1786609230.067699,0,1,58.707853,13.113616,29.597545,13.411800,-1.700400,0.033460,1.700729,1.432636,0.044082,1.433314,3.121917,29.111835,0.540446
3,18,1786609230.107692,0,1,58.637013,13.115051,29.656848,13.413734,-1.770994,0.035873,1.771357,1.482569,0.048362,1.483358,3.121339,28.981705,0.569934
3,19,1786609230.147691,0,1,58.563350,13.116588,29.717983,13.415842,-1.841584,0.038416,1.841985,1.528369,0.052689,1.529277,3.120735,28.846920,0.600659
3,20,1786609230.187698,0,1,58.486863,13.118232,29.780797,13.418124,-1.912171,0.041092,1.912613,1.570366,0.057058,1.571402,3.120106,28.707632,0.632531
3,21,1786609230.227688,0,1,58.407553,13.119988,29.845152,13.420583,-1.982754,0.043902,1.983240,1.608864,0.061464,1.610038,3.119454,28.563983,0.665472
3,22,1786609230.267696,0,1,58.325420,13.121862,29.910918,13.423219,-2.053332,0.046850,2.053866,1.644145,0.065905,1.645465,3.118780,28.416100,0.699416
3,23,1786609230.307680,0,1,58.240464,13.123859,29.977982,13.426001,-2.123906,0.049937,2.124493,1.676622,0.069548,1.678064,3.118085,28.264096,0.734372
3,24,1786609230.347690,0,1,58.152681,13.125849,30.046243,13.428899,-2.194561,0.049756,2.195125,1.706520,0.072457,1.708058,3.118924,28.108072,0.681069
3,25,1786609230.387694,0,1,58.062073,13.127856,30.115605,13.431887,-2.265204,0.050171,2.265759,1.734046,0.074690,1.735654,3.119448,27.948122,0.645506
3,26,1786609230.427652,0,1,57.968639,13.129866,30.185981,13.434939,-2.335856,0.050235,2.336396,1.759389,0.076301,1.761043,3.120090,27.784333,0.602895
3,27,1786609230.467690,0,1,57.872388,13.131872,30.257290,13.438032,-2.406279,0.050152,2.406802,1.782725,0.077338,1.784401,3.120754,27.616795,0.558789
3,28,1786609230.507695,0,1,57.773363,13.133865,30.329458,13.441146,-2.475614,0.049832,2.476115,1.804212,0.077847,1.805891,3.121466,27.445625,0.511673
3,29,1786609230.547696,0,1,57.671607,13.135836,30.402418,13.444261,-2.543889,0.049280,2.544366,1.824001,0.077871,1.825662,3.122223,27.270933,0.461779
3,30,1786609230.587684,0,1,57.567162,13.137775,30.476107,13.447359,-2.611133,0.048480,2.611583,1.842225,0.077447,1.843852,3.123028,27.092824,0.408958
3,31,1786609230.627686,0,1,57.460067,13.139672,30.550468,13.450423,-2.677373,0.047427,2.677793,1.859011,0.076612,1.860589,3.123880,26.911394,0.353215
3,32,1786609230.667686,0,1,57.350362,13.141517,30.625447,13.453439,-2.742637,0.046114,2.743025,1.874474,0.075398,1.875989,3.124780,26.726735,0.294564
3,33,1786609230.707670,0,1,57.238084,13.143299,30.700995,13.456393,-2.806951,0.044537,2.807304,1.888718,0.073837,1.890161,3.125727,26.538935,0.233056
3,34,1786609230.747666,0,1,57.123270,13.145006,30.777069,13.459271,-2.870339,0.042694,2.870656,1.901843,0.071956,1.903204,3.126719,26.348075,0.168766
3,35,1786609230.787761,0,1,57.005957,13.146630,30.853627,13.462062,-2.932827,0.040585,2.933107,1.913937,0.069781,1.915209,3.127755,26.154233,0.101788
3,36,1786609230.827711,0,1,56.886180,13.148158,30.930630,13.464756,-2.994438,0.038210,2.994682,1.925083,0.067335,1.926260,3.128833,25.957481,0.032233
3,37,1786609230.867702,0,1,56.763972,13.149581,31.008044,13.467341,-3.055196,0.035572,3.055403,1.935357,0.064642,1.936436,3.129950,25.757888,0.039775
3,38,1786609230.907691,0,1,56.639367,13.150888,31.085837,13.469810,-3.115123,0.032674,3.115295,1.944828,0.061721,1.945807,3.131104,25.555520,0.114105
3,39,1786609230.947698,0,1,56.512397,13.152069,31.163980,13.472154,-3.174242,0.029521,3.174379,1.953561,0.058591,1.954439,3.132293,25.350438,0.190616
3,40,1786609230.987695,0,1,56.383094,13.153114,31.242444,13.474365,-3.232574,0.026119,3.232679,1.961614,0.055270,1.962393,3.133513,25.142702,0.269164
3,41,1786609231.027771,0,1,56.251489,13.154012,31.321206,13.476435,-3.290139,0.022474,3.290216,1.969043,0.051773,1.969723,3.134762,24.932368,0.349602
3,42,1786609231.067687,0,1,56.117610,13.154756,31.400242,13.478360,-3.346958,0.018594,3.347010,1.975897,0.048116,1.976483,3.136037,24.719487,0.431781
3,43,1786609231.107655,0,1,55.981488,13.155336,31.479531,13.480133,-3.403051,0.014487,3.403082,1.982222,0.044311,1.982717,3.137336,24.504110,0.515556
3,44,1786609231.147693,0,1,55.843151,13.155742,31.559053,13.481747,-3.458437,0.010162,3.458452,1.988060,0.040372,1.988470,3.138654,24.286286,0.600779
3,45,1786609231.187682,0,1,55.702625,13.155967,31.638791,13.483200,-3.513135,0.005628,3.513139,1.993451,0.036310,1.993781,3.139991,24.066059,0.687308
3,46,1786609231.227654,0,1,55.559939,13.156003,31.718728,13.484485,-3.567162,0.000894,3.567162,1.998429,0.032136,1.998688,3.141342,23.843473,0.775006
3,47,1786609231.267660,0,1,55.415117,13.155842,31.798849,13.485600,-3.620536,-0.004029,3.620538,2.003029,0.027859,2.003223,-3.140480,23.618570,0.863737
3,48,1786609231.307662,0,1,55.268186,13.155477,31.879147,13.486562,-3.673275,-0.009131,3.673287,2.007445,0.024068,2.007589,-3.139107,23.391382,0.953431
3,49,1786609231.347660,0,1,55.119222,13.155097,31.959615,13.487391,-3.724100,-0.009501,3.724112,2.011691,0.020724,2.011797,-3.139041,23.161991,0.968196
3,50,1786609231.387753,0,1,54.968300,13.154658,32.040246,13.488103,-3.773049,-0.010958,3.773065,2.015780,0.017793,2.015859,-3.138688,22.930479,0.999595
3,51,1786609231.427707,0,1,54.815493,13.154200,32.121035,13.488713,-3.820177,-0.011457,3.820194,2.019726,0.015242,2.019784,-3.138594,22.696923,1.016306
3,52,1786609231.467727,0,1,54.660872,13.153730,32.201977,13.489234,-3.865532,-0.011741,3.865550,2.023540,0.013040,2.023582,-3.138555,22.461401,1.029886
3,53,1786609231.507655,0,1,54.504506,13.153269,32.283066,13.489681,-3.909161,-0.011530,3.909178,2.027233,0.011162,2.027263,-3.138643,22.223986,1.036328
3,54,1786609231.547645,0,1,54.346461,13.152832,32.364299,13.490064,-3.951110,-0.010939,3.951126,2.030813,0.009581,2.030836,-3.138824,21.984749,1.037545
3,55,1786609231.587692,0,1,54.186804,13.152434,32.445670,13.490395,-3.991425,-0.009930,3.991437,2.034291,0.008273,2.034307,-3.139105,21.743761,1.033124
3,56,1786609231.627748,0,1,54.025598,13.152093,32.527177,13.490684,-4.030147,-0.008533,4.030156,2.037674,0.007218,2.037686,-3.139475,21.501087,1.023626
3,57,1786609231.667721,0,1,53.862906,13.151823,32.608816,13.490939,-4.067320,-0.006751,4.067326,2.040970,0.006395,2.040980,-3.139933,21.256795,1.009198
3,58,1786609231.707695,0,1,53.698786,13.151639,32.690583,13.491171,-4.102985,-0.004601,4.102988,2.044185,0.005786,2.044193,-3.140471,21.010946,0.990181
3,59,1786609231.747698,0,1,53.533299,13.151555,32.772476,13.491386,-4.137182,-0.002097,4.137183,2.047327,0.005373,2.047334,-3.141086,20.763604,0.966827
3,60,1786609231.787696,0,1,53.366501,13.151585,32.854493,13.491591,-4.169950,0.000744,4.169950,2.050402,0.005142,2.050408,3.141414,20.514826,0.939429
3,61,1786609231.827709,0,1,53.198448,13.151741,32.936629,13.491795,-4.201326,0.003904,4.201328,2.053414,0.005078,2.053420,3.140663,20.264672,0.908257
3,62,1786609231.867694,0,1,53.029194,13.152036,33.018884,13.492001,-4.231347,0.007366,4.231353,2.056368,0.005167,2.056375,3.139852,20.013198,0.873587
3,63,1786609231.907696,0,1,52.858792,13.152480,33.101255,13.492217,-4.260049,0.011111,4.260064,2.059270,0.005397,2.059277,3.138984,19.760458,0.835680
3,64,1786609231.947705,0,1,52.687293,13.153085,33.183739,13.492447,-4.287468,0.015120,4.287494,2.062123,0.005756,2.062131,3.138066,19.506506,0.794795
3,65,1786609231.987696,0,1,52.514748,13.153860,33.266337,13.492697,-4.313636,0.019373,4.313680,2.064931,0.006235,2.064941,3.137102,19.251393,0.751179
3,66,1786609232.027691,0,1,52.341204,13.154814,33.349045,13.492970,-4.338588,0.023851,4.338653,2.067699,0.006823,2.067710,3.136095,18.995170,0.705071
3,67,1786609232.067689,0,1,52.166710,13.155955,33.431862,13.493270,-4.362354,0.028536,4.362448,2.070428,0.007512,2.070442,3.135051,18.737885,0.656694
3,68,1786609232.107744,0,1,51.991311,13.157292,33.514787,13.493602,-4.384968,0.033409,4.385095,2.073123,0.008293,2.073139,3.133974,18.479585,0.606263
3,69,1786609232.147702,0,1,51.815053,13.158830,33.597818,13.493968,-4.406459,0.038452,4.406626,2.075785,0.009158,2.075806,3.132867,18.220317,0.553978
3,70,1786609232.187689,0,1,51.637979,13.160576,33.680955,13.494372,-4.426856,0.043648,4.427072,2.078419,0.010101,2.078443,3.131733,17.960126,0.500027
3,71,1786609232.227698,0,1,51.460131,13.162535,33.764196,13.494817,-4.446190,0.048980,4.446460,2.081025,0.011115,2.081054,3.130577,17.699055,0.444583
3,72,1786609232.267698,0,1,51.281552,13.164712,33.847540,13.495305,-4.464489,0.054433,4.464821,2.083606,0.012195,2.083642,3.129401,17.437146,0.387806
3,73,1786609232.307691,0,1,51.102280,13.167112,33.930976,13.495824,-4.481779,0.059991,4.482181,2.085903,0.012996,2.085944,3.128208,17.174450,0.329798
3,74,1786609232.347696,0,1,50.922332,13.169364,34.014494,13.496366,-4.498705,0.056301,4.499058,2.087940,0.013540,2.087983,3.129078,16.911000,0.390962
3,75,1786609232.387687,0,1,50.741731,13.171857,34.098083,13.496920,-4.515033,0.062339,4.515463,2.089736,0.013849,2.089782,3.127786,16.646822,0.327850
3,76,1786609232.427699,0,1,50.560488,13.174108,34.181736,13.497478,-4.531062,0.056265,4.531411,2.091311,0.013940,2.091357,3.129176,16.381945,0.419612
3,77,1786609232.467704,0,1,50.378630,13.176678,34.265443,13.498031,-4.546458,0.064240,4.546912,2.092683,0.013832,2.092728,3.127464,16.116391,0.333008
3,78,1786609232.507699,0,1,50.196164,13.178843,34.349168,13.498572,-4.561658,0.054142,4.561979,2.093136,0.013534,2.093180,3.129724,15.850220,0.475829
3,79,1786609232.547698,0,1,50.013118,13.181517,34.432894,13.499095,-4.576135,0.066851,4.576623,2.093139,0.013066,2.093180,3.126985,15.583461,0.330762
3,80,1786609232.587708,0,1,49.829495,13.183472,34.516620,13.499593,-4.590597,0.048865,4.590857,2.093143,0.012443,2.093180,3.130948,15.316137,0.572787
3,81,1786609232.627698,0,1,49.645330,13.186375,34.600346,13.500060,-4.604118,0.072582,4.604690,2.093148,0.011679,2.093180,3.125829,15.048254,0.291262
3,82,1786609232.667686,0,1,49.460610,13.187858,34.684072,13.500491,-4.617985,0.037069,4.618134,2.093152,0.010784,2.093180,3.133566,14.779846,0.752134
3,83,1786609232.707687,0,1,49.275396,13.191363,34.767798,13.500882,-4.630371,0.087614,4.631200,2.093157,0.009770,2.093180,3.122673,14.510899,0.138224
3,84,1786609232.747625,0,1,49.089642,13.192270,34.851525,13.501228,-4.643843,0.022694,4.643899,2.093162,0.008645,2.093180,3.136706,14.241469,0.963094
3,85,1786609232.787678,0,1,48.903424,13.195728,34.935251,13.501525,-4.655436,0.086437,4.656239,2.093167,0.007420,2.093180,3.123028,13.971520,0.190458
3,86,1786609232.827690,0,1,48.716697,13.196572,35.018978,13.501769,-4.668181,0.021106,4.668229,2.093171,0.006101,2.093180,3.137071,13.701119,1.017336
3,87,1786609232.867691,0,1,48.529533,13.199980,35.102705,13.501957,-4.679104,0.085207,4.679880,2.093175,0.004698,2.093180,3.123385,13.430223,0.245147
3,88,1786609232.907701,0,1,48.341887,13.200760,35.186432,13.502085,-4.691159,0.019488,4.691199,2.093178,0.003217,2.093180,3.137438,13.158905,1.074110
3,89,1786609232.947698,0,1,48.153829,13.204117,35.270159,13.502152,-4.701448,0.083927,4.702197,2.093180,0.001664,2.093180,3.123743,12.887116,0.302482
3,90,1786609232.987691,0,1,47.965315,13.204831,35.353887,13.502154,-4.712848,0.017841,4.712882,2.093180,0.000045,2.093180,3.137807,12.614933,1.133635
3,91,1786609233.027695,0,1,47.776413,13.208134,35.437614,13.502088,-4.722539,0.082599,4.723261,2.093180,-0.001633,2.093180,3.124104,12.342300,0.362706
3,92,1786609233.067695,0,1,47.587081,13.208781,35.521341,13.501954,-4.733316,0.016168,4.733344,2.093178,-0.003366,2.093180,3.138177,12.069301,1.196190
3,93,1786609233.107849,0,1,47.397383,13.212030,35.605067,13.501748,-4.742443,0.081227,4.743138,2.093164,-0.005149,2.093170,3.124467,11.795874,0.426128
3,94,1786609233.147817,0,1,47.207392,13.212609,35.688790,13.501469,-4.749766,0.014460,4.749788,2.093074,-0.006978,2.093086,3.138548,11.522223,1.262113
3,95,1786609233.187820,0,1,47.017182,13.209784,35.772507,13.501115,-4.755263,-0.070608,4.755787,2.092914,-0.008848,2.092933,-3.126745,11.248448,2.334791
3,96,1786609233.227789,0,1,46.826863,13.202821,35.856215,13.500684,-4.757958,-0.174090,4.761142,2.092690,-0.010756,2.092717,-3.105020,10.974692,3.650731
3,97,1786609233.267811,0,1,46.636596,13.190979,35.939911,13.500176,-4.756681,-0.296047,4.765885,2.092406,-0.012698,2.092444,-3.079435,10.701153,5.217113
3,98,1786609233.307737,0,1,46.446134,13.179569,36.023606,13.499609,-4.761548,-0.285240,4.770084,2.092390,-0.014198,2.092438,-3.081759,10.427440,5.186994
3,99,1786609233.347814,0,1,46.255897,13.163275,36.107311,13.498997,-4.755929,-0.407356,4.773342,2.092621,-0.015293,2.092677,-3.056149,10.154137,6.790250
3,100,1786609233.387793,0,1,46.065519,13.147412,36.191034,13.498356,-4.759464,-0.396588,4.775959,2.093079,-0.016014,2.093140,-3.058458,9.880719,6.798707
3,101,1786609233.427806,0,1,45.875546,13.126668,36.274759,13.497701,-4.749310,-0.518587,4.777539,2.093116,-0.016385,2.093180,-3.032831,9.607954,8.444718
3,102,1786609233.467828,0,1,45.685487,13.106357,36.358484,13.497043,-4.751490,-0.507765,4.778544,2.093116,-0.016438,2.093180,-3.035132,9.335182,8.498314
3,103,1786609233.507722,0,1,45.496014,13.081183,36.442208,13.496395,-4.736807,-0.629373,4.778436,2.093118,-0.016199,2.093180,-3.009498,9.063322,10.194254
3,104,1786609233.547737,0,1,45.306507,13.056446,36.525933,13.495768,-4.737671,-0.618406,4.777861,2.093121,-0.015690,2.093180,-3.011797,8.791558,10.301062
3,105,1786609233.587719,0,1,45.116922,13.032875,36.609658,13.495170,-4.739645,-0.589274,4.776136,2.093127,-0.014935,2.093180,-3.017899,8.519815,10.197603
3,106,1786609233.627731,0,1,44.928014,13.005201,36.693384,13.494612,-4.722700,-0.691856,4.773108,2.093134,-0.013952,2.093180,-2.996131,8.249161,11.735586
3,107,1786609233.667702,0,1,44.739078,12.978700,36.777109,13.494102,-4.723400,-0.662516,4.769637,2.093141,-0.012762,2.093180,-3.002239,7.978633,11.688116
3,108,1786609233.707694,0,1,44.550953,12.948127,36.860835,13.493646,-4.703109,-0.764330,4.764812,2.093149,-0.011382,2.093180,-2.980485,7.709443,13.288405
3,109,1786609233.747723,0,1,44.363873,12.912787,36.944562,13.493253,-4.677007,-0.883499,4.759723,2.093157,-0.009828,2.093180,-2.954890,7.441984,15.170825
3,110,1786609233.787826,0,1,44.176908,12.877921,37.028288,13.492929,-4.674130,-0.871647,4.754709,2.093165,-0.008114,2.093180,-2.957227,7.175026,15.480507
3,111,1786609233.827742,0,1,43.989971,12.844245,37.112015,13.492679,-4.673415,-0.841900,4.748642,2.093171,-0.006255,2.093180,-2.963358,6.908455,15.597867
3,112,1786609233.867898,0,1,43.804095,12.806577,37.195742,13.492508,-4.646904,-0.941713,4.741365,2.093176,-0.004264,2.093180,-2.941647,6.643857,17.382009
3,113,1786609233.907833,0,1,43.618265,12.770105,37.279469,13.492422,-4.645758,-0.911787,4.734387,2.093179,-0.002153,2.093180,-2.947794,6.379817,17.604774
3,114,1786609233.947888,0,1,43.433582,12.729682,37.363196,13.492425,-4.617078,-1.010582,4.726382,2.093180,0.000069,2.093180,-2.926112,6.118117,19.507823
3,115,1786609233.987889,0,1,43.248940,12.690459,37.446924,13.492520,-4.616031,-0.980569,4.719031,2.093179,0.002389,2.093180,-2.932277,5.857192,19.863475
3,116,1786609234.027845,0,1,43.064235,12.653137,37.530651,13.492712,-4.617634,-0.933060,4.710960,2.093175,0.004799,2.093180,-2.942213,5.596914,20.050946
3,117,1786609234.067817,0,1,42.880573,12.612602,37.614377,13.493004,-4.591556,-1.013383,4.702056,2.093168,0.007291,2.093180,-2.924369,5.339281,21.936919
3,118,1786609234.107827,0,1,42.696824,12.573959,37.698104,13.493398,-4.593726,-0.966065,4.694209,2.093157,0.009856,2.093180,-2.934312,5.082575,22.298496
3,119,1786609234.147830,0,1,42.512886,12.537900,37.781829,13.493898,-4.598436,-0.901474,4.685965,2.093143,0.012486,2.093180,-2.948008,4.826679,22.515404
3,120,1786609234.187729,0,1,42.329814,12.499331,37.865554,13.494505,-4.576804,-0.964229,4.677271,2.093125,0.015175,2.093180,-2.933952,4.573837,24.463852
3,121,1786609234.227722,0,1,42.146510,12.463326,37.949278,13.495221,-4.582594,-0.900112,4.670157,2.093104,0.017916,2.093180,-2.947642,4.322217,24.924861
3,122,1786609234.267730,0,1,41.962881,12.430571,38.033002,13.496049,-4.590728,-0.818883,4.663191,2.093078,0.020704,2.093180,-2.965072,4.071756,25.283407
3,123,1786609234.307696,0,1,41.778867,12.401753,38.116724,13.496975,-4.600350,-0.720463,4.656424,2.093052,0.023146,2.093180,-2.986244,3.822409,25.550958
3,124,1786609234.347719,0,1,41.595290,12.371758,38.200445,13.497986,-4.589420,-0.749872,4.650278,2.093028,0.025271,2.093180,-2.979632,3.576782,27.632725
3,125,1786609234.387724,0,1,41.411260,12.345671,38.284165,13.499070,-4.600769,-0.652165,4.646762,2.093005,0.027104,2.093180,-3.000779,3.333024,28.314018
3,126,1786609234.427787,0,1,41.226723,12.324184,38.367884,13.500217,-4.613420,-0.537188,4.644590,2.092984,0.028669,2.093180,-3.025674,3.091280,29.002307
3,127,1786609234.467842,0,1,41.041674,12.307996,38.451603,13.501416,-4.626231,-0.404698,4.643898,2.092965,0.029988,2.093180,-3.054336,2.851792,29.738166
3,128,1786609234.507730,0,1,40.856159,12.297819,38.535321,13.502660,-4.637855,-0.254423,4.644829,2.092949,0.031080,2.093180,-3.086790,2.614944,30.575623
3,129,1786609234.547747,0,1,40.670292,12.294302,38.619038,13.503938,-4.646675,-0.087922,4.647506,2.092936,0.031964,2.093180,-3.122673,2.381358,31.612092
3,130,1786609234.587724,0,1,40.484223,12.292282,38.702755,13.505244,-4.651744,-0.050496,4.652018,2.092925,0.032657,2.093180,-3.130738,2.155204,34.872040
3,131,1786609234.627732,0,1,40.297925,12.296979,38.786472,13.506571,-4.657446,0.117435,4.658926,2.092917,0.033173,2.093180,3.116384,1.935873,37.225367
3,132,1786609234.667702,0,1,40.111337,12.303193,38.870188,13.507913,-4.664702,0.155330,4.667288,2.092912,0.033528,2.093180,3.108306,1.729682,42.239519
3,133,1786609234.707692,0,1,39.924530,12.313011,38.953905,13.509262,-4.670182,0.245457,4.676628,2.092908,0.033734,2.093180,3.089083,1.540496,47.935912
3,134,1786609234.747728,0,1,39.737377,12.323633,39.037621,13.510614,-4.678824,0.265559,4.686354,2.092907,0.033803,2.093180,3.084896,1.377890,56.231077
3,135,1786609234.787826,0,1,39.549839,12.334371,39.121337,13.511964,-4.688437,0.268443,4.696116,2.092908,0.033747,2.093180,3.084399,1.253132,66.727636
3,136,1786609234.827823,0,1,39.361880,12.344528,39.205054,13.513307,-4.698972,0.253916,4.705827,2.092911,0.033575,2.093180,3.087609,1.179254,79.264665
3,137,1786609234.867721,0,1,39.173678,12.357066,39.288770,13.514639,-4.705045,0.313453,4.715475,2.092915,0.033296,2.093180,3.075070,1.163280,91.866538
3,138,1786609234.907840,0,1,38.985020,12.368488,39.372487,13.515955,-4.716454,0.285563,4.725091,2.092921,0.032920,2.093180,3.081120,1.211120,105.193555
3,139,1786609234.947817,0,1,38.796003,12.380290,39.456204,13.517254,-4.725420,0.295042,4.734622,2.092929,0.032453,2.093180,3.079236,1.314744,116.569710
3,140,1786609234.987657,0,1,38.606588,12.391777,39.539922,13.518530,-4.735386,0.287186,4.744087,2.092937,0.031904,2.093180,3.081020,1.463107,126.165758
3,141,1786609235.027707,0,1,38.416858,12.404241,39.623640,13.519781,-4.743258,0.311596,4.753482,2.092947,0.031279,2.093180,3.075995,1.643396,133.491457
3,142,1786609235.067738,0,1,38.226638,12.414801,39.707358,13.521004,-4.755492,0.263988,4.762814,2.092957,0.030584,2.093180,3.086137,1.848301,140.060293
3,143,1786609235.107684,0,1,38.036246,12.428477,39.791077,13.522197,-4.759812,0.341896,4.772075,2.092968,0.029824,2.093180,3.069886,2.067766,143.957778
3,144,1786609235.147712,0,1,37.845340,12.439972,39.874796,13.523357,-4.772637,0.287387,4.781281,2.092979,0.029005,2.093180,3.081450,2.300525,148.459407
3,145,1786609235.187607,0,1,37.654147,12.452706,39.958516,13.524483,-4.779824,0.318340,4.790413,2.092991,0.028132,2.093180,3.075090,2.541421,151.246233
3,146,1786609235.227607,0,1,37.462433,12.462788,40.042236,13.525571,-4.792861,0.252067,4.799485,2.093003,0.027209,2.093180,3.089049,2.790142,154.599625
3,147,1786609235.267758,0,1,37.270517,12.475554,40.125956,13.526621,-4.797892,0.319155,4.808496,2.093016,0.026240,2.093180,3.075171,3.042741,155.986016
3,148,1786609235.307695,0,1,37.078084,12.485658,40.209678,13.527620,-4.810821,0.252587,4.817447,2.093031,0.024992,2.093180,3.089137,3.300388,158.590884
3,149,1786609235.347693,0,1,36.885479,12.498454,40.293400,13.528560,-4.815139,0.319910,4.825754,2.093048,0.023490,2.093180,3.075252,3.560203,159.380557
3,150,1786609235.387694,0,1,36.692406,12.508574,40.377122,13.529430,-4.826809,0.253000,4.833435,2.093067,0.021754,2.093180,3.089225,3.823517,161.514085
3,151,1786609235.427698,0,1,36.499070,12.519065,40.460846,13.530222,-4.833396,0.262262,4.840506,2.093087,0.019802,2.093180,3.087385,4.088778,162.576316
3,152,1786609235.467642,0,1,36.305326,12.526292,40.544570,13.530928,-4.843618,0.180668,4.846986,2.093106,0.017654,2.093180,3.104310,4.356660,164.531574
3,153,1786609235.507696,0,1,36.111435,12.535652,40.628295,13.531541,-4.847261,0.234001,4.852906,2.093124,0.015326,2.093180,3.093355,4.625345,164.802404
3,154,1786609235.547689,0,1,35.917200,12.541733,40.712021,13.532055,-4.855879,0.152040,4.858258,2.093141,0.012832,2.093180,3.110292,4.896023,166.536857
3,155,1786609235.587699,0,1,35.722850,12.549950,40.795747,13.532462,-4.858742,0.205415,4.863082,2.093155,0.010188,2.093180,3.099340,5.167166,166.617856
3,156,1786609235.627694,0,1,35.528218,12.554876,40.879473,13.532758,-4.865812,0.123155,4.867370,2.093167,0.007406,2.093180,3.116288,5.439870,168.194233
3,157,1786609235.667703,0,1,35.333500,12.561939,40.963200,13.532938,-4.867959,0.176565,4.871160,2.093175,0.004498,2.093180,3.105338,5.712825,168.136759
3,158,1786609235.707691,0,1,35.138558,12.565701,41.046928,13.532997,-4.873537,0.094068,4.874445,2.093180,0.001477,2.093180,3.122293,5.987027,169.596460
3,159,1786609235.747688,0,1,34.943557,12.571602,41.130655,13.532931,-4.875030,0.147505,4.877261,2.093180,-0.001649,2.093180,3.111345,6.261337,169.435120
3,160,1786609235.787706,0,1,34.748390,12.574195,41.214382,13.532737,-4.879168,0.064829,4.879599,2.093175,-0.004870,2.093180,3.128307,6.536654,170.806440
3,161,1786609235.827698,0,1,34.553188,12.578926,41.298108,13.532410,-4.880062,0.118285,4.881496,2.093164,-0.008176,2.093180,3.117359,6.811981,170.565319
3,162,1786609235.867701,0,1,34.357875,12.580346,41.381834,13.531947,-4.882812,0.035486,4.882941,2.093148,-0.011560,2.093180,3.134325,7.088127,171.868185
3,163,1786609235.907698,0,1,34.162549,12.583904,41.465559,13.531347,-4.883161,0.088953,4.883971,2.093126,-0.015013,2.093180,3.123378,7.364212,171.564525
3,164,1786609235.947699,0,1,33.967166,12.584147,41.549283,13.530606,-4.884570,0.006084,4.884574,2.093098,-0.018529,2.093180,3.140347,7.640961,172.813339
3,165,1786609235.987700,0,1,33.771789,12.586529,41.633006,13.529721,-4.884422,0.059553,4.884785,2.093064,-0.022102,2.093180,3.129401,7.917597,172.459787
3,166,1786609236.027702,0,1,33.576408,12.585596,41.716727,13.528692,-4.884537,-0.023336,4.884593,2.093022,-0.025724,2.093180,-3.136815,8.194768,173.665194
3,167,1786609236.067697,0,1,33.381050,12.586801,41.800446,13.527517,-4.883938,0.030128,4.884031,2.092974,-0.029392,2.093180,3.135424,8.471787,173.271224
3,168,1786609236.107704,0,1,33.185738,12.584691,41.884162,13.526193,-4.882802,-0.052736,4.883087,2.092919,-0.033099,2.093180,-3.130793,8.749229,174.441249
3,169,1786609236.147692,0,1,32.990466,12.584720,41.967877,13.524719,-4.881795,0.000716,4.881795,2.092856,-0.036840,2.093180,3.141446,9.026489,174.014093
3,170,1786609236.187692,0,1,32.795288,12.581437,42.051588,13.523095,-4.879450,-0.082079,4.880141,2.092786,-0.040612,2.093180,-3.124773,9.304075,175.154891
3,171,1786609236.227693,0,1,32.600165,12.580291,42.135297,13.521318,-4.878073,-0.028646,4.878157,2.092709,-0.044410,2.093180,-3.135720,9.581454,174.700160
3,172,1786609236.267756,0,1,32.405183,12.575838,42.219002,13.519389,-4.874560,-0.111330,4.875831,2.092625,-0.048230,2.093180,-3.118758,9.859073,175.816521
3,173,1786609236.307702,0,1,32.210269,12.573521,42.302703,13.517317,-4.872849,-0.057925,4.873193,2.092539,-0.051797,2.093180,-3.129706,10.136468,175.338573
3,174,1786609236.347761,0,1,32.015438,12.574097,42.386401,13.515112,-4.870784,0.014408,4.870805,2.092454,-0.055130,2.093180,3.138635,10.413568,174.645955
3,175,1786609236.387765,0,1,31.820700,12.572131,42.470096,13.512782,-4.868430,-0.049158,4.868678,2.092370,-0.058247,2.093180,-3.131496,10.690858,175.530727
3,176,1786609236.427701,0,1,31.626031,12.573055,42.553787,13.510336,-4.866741,0.023094,4.866796,2.092286,-0.061163,2.093180,3.136847,10.967879,174.825818
3,177,1786609236.467700,0,1,31.431431,12.571438,42.637476,13.507780,-4.864993,-0.040423,4.865161,2.092205,-0.063896,2.093180,-3.133284,11.245096,175.699695
3,178,1786609236.507708,0,1,31.236885,12.572708,42.721161,13.505122,-4.863655,0.031767,4.863759,2.092125,-0.066457,2.093180,3.135061,11.522065,174.984095
3,179,1786609236.547667,0,1,31.042385,12.571440,42.804843,13.502367,-4.862486,-0.031714,4.862590,2.092047,-0.068861,2.093180,-3.135071,11.799238,175.848502
3,180,1786609236.587703,0,1,30.847926,12.573057,42.888521,13.499522,-4.861474,0.040432,4.861642,2.091972,-0.071120,2.093180,3.133276,12.076186,175.123534
3,181,1786609236.627699,0,1,30.653561,12.578317,42.972197,13.496593,-4.859141,0.131490,4.860920,2.091898,-0.073243,2.093180,3.114539,12.352815,174.186785
3,182,1786609236.667692,0,1,30.459174,12.581793,43.055870,13.493583,-4.859661,0.086911,4.860438,2.091827,-0.075241,2.093180,3.123710,12.629652,174.835382
3,183,1786609236.707699,0,1,30.264771,12.582732,43.139541,13.490498,-4.860093,0.023473,4.860150,2.091759,-0.077124,2.093180,3.136763,12.906733,175.690178
3,184,1786609236.747693,0,1,30.070406,12.586555,43.223209,13.487342,-4.859124,0.095576,4.860064,2.091693,-0.078900,2.093180,3.121926,13.183613,174.955312
3,185,1786609236.787701,0,1,29.876142,12.594019,43.306874,13.484119,-4.856600,0.186594,4.860183,2.091629,-0.080576,2.093180,3.103191,13.460195,174.008095
3,186,1786609236.827697,0,1,29.681804,12.599701,43.390536,13.480832,-4.858448,0.142053,4.860524,2.091567,-0.082161,2.093180,3.112363,13.737021,174.647602
3,187,1786609236.867699,0,1,29.487387,12.602846,43.474197,13.477486,-4.860405,0.078636,4.861041,2.091508,-0.083660,2.093180,3.125415,14.014130,175.494874
3,188,1786609236.907694,0,1,29.293011,12.608877,43.557855,13.474083,-4.859405,0.150763,4.861743,2.091450,-0.085080,2.093180,3.110578,14.291058,174.752055
3,189,1786609236.947698,0,1,29.098747,12.618550,43.641511,13.470626,-4.856615,0.241828,4.862632,2.091395,-0.086427,2.093180,3.091840,14.567704,173.796212
3,190,1786609236.987695,0,1,28.904358,12.626443,43.725164,13.467118,-4.859721,0.197326,4.863726,2.091342,-0.087705,2.093180,3.101011,14.844630,174.428335
3,191,1786609237.027690,0,1,28.709832,12.631799,43.808816,13.463561,-4.863136,0.133910,4.864979,2.091291,-0.088919,2.093180,3.114064,15.121876,175.269643
3,192,1786609237.067703,0,1,28.515351,12.640044,43.892465,13.459958,-4.862034,0.206121,4.866401,2.091241,-0.090075,2.093180,3.099224,15.398958,174.520312
3,193,1786609237.107685,0,1,28.320893,12.650128,43.976113,13.456311,-4.861462,0.252098,4.867994,2.091194,-0.091175,2.093180,3.089783,15.675965,174.083604
3,194,1786609237.147684,0,1,28.126261,12.657990,44.059759,13.452622,-4.865794,0.196543,4.869762,2.091148,-0.092224,2.093180,3.101222,15.953301,174.831849
3,195,1786609237.187639,0,1,27.931708,12.669059,44.143403,13.448893,-4.863817,0.276725,4.871682,2.091103,-0.093225,2.093180,3.084759,16.230441,173.989698
3,196,1786609237.227634,0,1,27.736958,12.677906,44.227041,13.445126,-4.868751,0.221167,4.873772,2.090954,-0.094176,2.093074,3.096198,16.507922,174.735245
3,197,1786609237.267653,0,1,27.542291,12.689963,44.310670,13.441323,-4.866680,0.301442,4.876007,2.090707,-0.095081,2.092868,3.079732,16.785204,173.890025
3,198,1786609237.307696,0,1,27.347403,12.699798,44.394287,13.437490,-4.872204,0.245878,4.878404,2.090425,-0.095828,2.092620,3.091170,17.062838,174.633103
3,199,1786609237.347692,0,1,27.152591,12.712849,44.477891,13.433632,-4.870301,0.326278,4.881218,2.090112,-0.096429,2.092335,3.074699,17.340287,173.784995
3,200,1786609237.387692,0,1,26.957513,12.723679,44.561482,13.429757,-4.876948,0.270732,4.884456,2.089769,-0.096895,2.092014,3.086137,17.618124,174.525777
3,201,1786609237.427639,0,1,26.762495,12.737731,44.645058,13.425867,-4.875450,0.351306,4.888091,2.089399,-0.097236,2.091661,3.069661,17.895798,173.674906
3,202,1786609237.467637,0,1,26.567168,12.749562,44.728618,13.421969,-4.883181,0.295769,4.892130,2.089005,-0.097462,2.091277,3.081098,18.173894,174.413551
3,203,1786609237.507625,0,1,26.371886,12.764624,44.812162,13.418065,-4.882046,0.376555,4.896547,2.088588,-0.097581,2.090866,3.064614,18.451850,173.560018
3,204,1786609237.547636,0,1,26.176253,12.777465,44.895688,13.414161,-4.890826,0.321016,4.901350,2.088150,-0.097602,2.090430,3.076050,18.730260,174.296678
3,205,1786609237.587637,0,1,25.980652,12.793547,44.979195,13.410260,-4.890011,0.402049,4.906511,2.087693,-0.097531,2.089970,3.059559,19.008550,173.440574
3,206,1786609237.627668,0,1,25.784660,12.807406,45.062684,13.406365,-4.899804,0.346498,4.912040,2.087218,-0.097376,2.089488,3.070994,19.287326,174.175389
3,207,1786609237.667626,0,1,25.588689,12.824519,45.146153,13.402479,-4.899268,0.427811,4.917911,2.086726,-0.097144,2.088986,3.054492,19.566002,173.316799
3,208,1786609237.707625,0,1,25.392288,12.839408,45.229602,13.398606,-4.910043,0.372240,4.924132,2.086220,-0.096839,2.088467,3.065926,19.845194,174.049900
3,209,1786609237.747700,0,1,25.195898,12.857563,45.313030,13.394747,-4.909745,0.453865,4.930678,2.085700,-0.096468,2.087930,3.049413,20.124303,173.188902
3,210,1786609237.787701,0,1,24.999039,12.873494,45.396437,13.390906,-4.921471,0.398263,4.937559,2.085167,-0.096035,2.087378,3.060845,20.403959,173.920413
3,211,1786609237.827639,0,1,24.802184,12.892703,45.479821,13.387084,-4.921373,0.480230,4.944748,2.084623,-0.095546,2.086811,3.044320,20.683547,173.057076
3,212,1786609237.867626,0,1,24.604823,12.909686,45.563184,13.383284,-4.934022,0.424590,4.952257,2.084067,-0.095004,2.086232,3.055751,20.963711,173.787112
3,213,1786609237.907625,0,1,24.407460,12.929963,45.646524,13.379507,-4.934086,0.506926,4.960059,2.083502,-0.094413,2.085640,3.039212,21.243822,172.921501
3,214,1786609237.947674,0,1,24.209554,12.948013,45.729841,13.375756,-4.947631,0.451241,4.968165,2.082928,-0.093778,2.085038,3.050641,21.524537,173.650167
3,215,1786609237.987646,0,1,24.011642,12.969372,45.813135,13.372032,-4.947820,0.533972,4.976550,2.082345,-0.093101,2.084425,3.034088,21.805212,172.782339
3,216,1786609238.027641,0,1,23.813152,12.988501,45.896405,13.368336,-4.962234,0.478234,4.985226,2.081755,-0.092386,2.083804,3.045515,22.086519,173.509736
3,217,1786609238.067677,0,1,23.614596,13.010461,45.979652,13.364671,-4.963898,0.548994,4.994164,2.081157,-0.091636,2.083173,3.031443,22.367860,172.781527
3,218,1786609238.107666,0,1,23.415424,13.030063,46.062874,13.361037,-4.979321,0.490057,5.003378,2.080553,-0.090853,2.082535,3.043490,22.649868,173.541870
3,219,1786609238.147696,0,1,23.216213,13.052885,46.146071,13.357435,-4.980271,0.570534,5.012845,2.079942,-0.090040,2.081890,3.027531,22.931881,172.703801
3,220,1786609238.187660,0,1,23.016354,13.073344,46.229244,13.353867,-4.996460,0.511485,5.022572,2.079326,-0.089199,2.081239,3.039578,23.214585,173.462643
3,221,1786609238.227659,0,1,22.816452,13.097040,46.312393,13.350334,-4.997551,0.592405,5.032540,2.078705,-0.088332,2.080581,3.023604,23.497306,172.622114
3,222,1786609238.267646,0,1,22.615873,13.118370,46.395516,13.346836,-5.014484,0.533235,5.042756,2.078080,-0.087442,2.079918,3.035652,23.780740,173.379574
3,223,1786609238.307650,0,1,22.415210,13.142660,46.478618,13.343378,-5.016580,0.607243,5.053199,2.077564,-0.086468,2.079362,3.021132,24.064246,172.620180
3,224,1786609238.347694,0,1,22.213865,13.164498,46.561704,13.339961,-5.033609,0.545974,5.063132,2.077149,-0.085417,2.078905,3.033549,24.348471,173.396684
3,225,1786609238.387764,0,1,22.012424,13.188803,46.644778,13.336589,-5.036034,0.607602,5.072555,2.076828,-0.084296,2.078538,3.021522,24.632797,172.776718
3,226,1786609238.427688,0,1,21.810321,13.210457,46.727841,13.333265,-5.052573,0.541368,5.081493,2.076592,-0.083109,2.078254,3.034853,24.917823,173.601879
3,227,1786609238.467646,0,1,21.608223,13.235128,46.810899,13.329990,-5.052445,0.616774,5.089952,2.076435,-0.081862,2.078048,3.020119,25.202854,172.824436
3,228,1786609238.507682,0,1,21.405496,13.257137,46.893953,13.326768,-5.068171,0.550208,5.097949,2.076350,-0.080560,2.077913,3.033455,25.488551,173.647623
3,229,1786609238.547687,0,1,21.202817,13.282168,46.977006,13.323600,-5.066995,0.625787,5.105492,2.076332,-0.079208,2.077843,3.018712,25.774223,172.867371
3,230,1786609238.587686,0,1,20.999539,13.304525,47.060061,13.320487,-5.081954,0.558920,5.112597,2.076376,-0.077810,2.077833,3.032052,26.060527,173.688665
3,231,1786609238.627696,0,1,20.796264,13.329239,47.143120,13.317432,-5.081851,0.617843,5.119271,2.076476,-0.076370,2.077880,3.020608,26.346858,173.093764
3,232,1786609238.667687,0,1,20.592411,13.351093,47.226185,13.314437,-5.096326,0.546368,5.125530,2.076627,-0.074891,2.077977,3.034792,26.633799,173.959651
3,233,1786609238.707700,0,1,20.388650,13.375811,47.309258,13.311502,-5.094042,0.617930,5.131384,2.076827,-0.073377,2.078123,3.020878,26.920685,173.220427
3,234,1786609238.747670,0,1,20.184342,13.397657,47.392341,13.308628,-5.107702,0.546166,5.136820,2.077070,-0.071831,2.078312,3.035067,27.208145,174.084038
3,235,1786609238.787664,0,1,19.980357,13.422345,47.475435,13.305818,-5.099606,0.617203,5.136820,2.077354,-0.070255,2.078542,3.021149,27.495325,173.341904
3,236,1786609238.827647,0,1,19.776043,13.444136,47.558542,13.303072,-5.107851,0.544771,5.136820,2.077675,-0.068653,2.078809,3.035341,27.782857,174.203127
3,237,1786609238.867640,0,1,19.572052,13.468769,47.641663,13.300391,-5.099774,0.615810,5.136820,2.078030,-0.067027,2.079111,3.021422,28.070116,173.458425
3,238,1786609238.907676,0,1,19.367732,13.490504,47.724800,13.297776,-5.108000,0.543375,5.136820,2.078416,-0.065379,2.079444,3.035614,28.357723,174.317272
3,239,1786609238.947762,0,1,19.163719,13.514953,47.807953,13.295227,-5.100326,0.611228,5.136820,2.078832,-0.063712,2.079808,3.022321,28.645077,173.605712
3,240,1786609238.987693,0,1,18.959376,13.536471,47.891124,13.292746,-5.108572,0.537971,5.136820,2.079273,-0.062026,2.080198,3.036672,28.932774,174.471143
3,241,1786609239.027691,0,1,18.755107,13.558677,47.974314,13.290333,-5.106735,0.555142,5.136820,2.079740,-0.060326,2.080614,3.033310,29.220439,174.322042
3,242,1786609239.067686,0,1,18.550490,13.577406,48.057523,13.287989,-5.115437,0.468215,5.136820,2.080229,-0.058611,2.081054,3.050317,29.508453,175.332257
3,243,1786609239.107683,0,1,18.346093,13.598406,48.140752,13.285713,-5.109920,0.525015,5.136820,2.080738,-0.056883,2.081515,3.039208,29.796300,174.735061
3,244,1786609239.147677,0,1,18.141575,13.618197,48.224003,13.283508,-5.112936,0.494775,5.136820,2.081267,-0.055145,2.081997,3.045124,30.084289,175.110168
3,245,1786609239.187678,0,1,17.936730,13.634244,48.307276,13.281372,-5.121131,0.401173,5.136820,2.081812,-0.053397,2.082497,3.063416,30.372595,176.186468
3,246,1786609239.227685,0,1,17.731577,13.645694,48.390571,13.279306,-5.128838,0.286248,5.136820,2.082375,-0.051641,2.083015,3.085839,30.661183,177.490228
3,247,1786609239.267637,0,1,17.526191,13.651689,48.473889,13.277311,-5.134633,0.149875,5.136820,2.082951,-0.049878,2.083548,3.112412,30.949962,179.021148
3,248,1786609239.307694,0,1,17.320719,13.651368,48.557230,13.275388,-5.136814,-0.008027,5.136820,2.083539,-0.048068,2.084094,-3.140030,31.238774,179.220855
3,249,1786609239.347708,0,1,17.115383,13.643870,48.640596,13.273540,-5.133399,-0.187456,5.136820,2.084138,-0.046215,2.084650,-3.105092,31.527388,177.235638
3,250,1786609239.387668,0,1,16.910100,13.635032,48.723986,13.271767,-5.132066,-0.220952,5.136820,2.084746,-0.044322,2.085217,-3.098566,31.815959,176.880549
3,251,1786609239.427691,0,1,16.704840,13.625693,48.807400,13.270071,-5.131512,-0.233473,5.136820,2.085362,-0.042395,2.085793,-3.096126,32.104530,176.760276
3,252,1786609239.467694,0,1,16.499564,13.616692,48.890839,13.268454,-5.131889,-0.225024,5.136820,2.085987,-0.040436,2.086378,-3.097773,32.393147,176.873328
3,253,1786609239.507683,0,1,16.294240,13.608868,48.974304,13.266916,-5.133095,-0.195585,5.136820,2.086618,-0.038449,2.086973,-3.103508,32.681853,177.218429
3,254,1786609239.547661,0,1,16.088850,13.603064,49.057794,13.265458,-5.134770,-0.145112,5.136820,2.087257,-0.036437,2.087575,-3.113339,32.970673,177.794516
3,255,1786609239.587663,0,1,15.883398,13.600122,49.141311,13.264082,-5.136294,-0.073546,5.136820,2.087902,-0.034402,2.088185,-3.127275,33.259610,178.600739
3,256,1786609239.627656,0,1,15.678008,13.594268,49.224853,13.262788,-5.134735,-0.146345,5.136820,2.088552,-0.032348,2.088803,-3.113099,33.548482,177.801330
3,257,1786609239.667658,0,1,15.472557,13.591277,49.308421,13.261577,-5.136276,-0.074779,5.136820,2.089208,-0.030276,2.089428,-3.127035,33.837470,178.607608
3,258,1786609239.707663,0,1,15.267169,13.585374,49.392016,13.260449,-5.134700,-0.147577,5.136820,2.089869,-0.028190,2.090059,-3.112859,34.126393,177.808171
3,259,1786609239.747700,0,1,15.061719,13.582334,49.475637,13.259406,-5.136258,-0.076012,5.136820,2.090534,-0.026091,2.090697,-3.126795,34.415433,178.614506
3,260,1786609239.787679,0,1,14.856332,13.576381,49.559285,13.258447,-5.134664,-0.148810,5.136820,2.091203,-0.023981,2.091341,-3.112619,34.704409,177.815044
3,261,1786609239.827682,0,1,14.650883,13.573291,49.642960,13.257572,-5.136239,-0.077245,5.136820,2.091876,-0.021862,2.091991,-3.126555,34.993502,178.621437
3,262,1786609239.867665,0,1,14.445498,13.567290,49.726662,13.256783,-5.134628,-0.150042,5.136820,2.092553,-0.019736,2.092646,-3.112379,35.282531,177.821954
3,263,1786609239.907653,0,1,14.240049,13.564151,49.810387,13.256078,-5.136221,-0.078478,5.136820,2.093106,-0.017604,2.093180,-3.126314,35.571672,178.628404
3,264,1786609239.947690,0,1,14.034665,13.558100,49.894112,13.255460,-5.134592,-0.151275,5.136820,2.093123,-0.015464,2.093180,-3.112139,35.860723,177.828901
3,265,1786609239.987693,0,1,13.829217,13.554911,49.977837,13.254927,-5.136202,-0.079711,5.136820,2.093138,-0.013322,2.093180,-3.126074,36.149865,178.635406
4,0,1786609244.530894,0,1,59.480000,13.100032,29.003536,13.399995,-0.499999,0.000796,0.500000,0.088400,-0.000128,0.088400,3.140000,30.477940,0.472660
4,0,1786609244.570812,0,1,59.480000,13.100032,29.010208,13.399987,-0.499999,0.000796,0.500000,0.166800,-0.000188,0.166800,3.140000,30.471268,0.472770
4,1,1786609244.610899,0,1,59.457182,13.100600,29.020016,13.399980,-0.570452,0.014196,0.570629,0.245200,-0.000176,0.245200,3.116712,30.438638,0.862032
4,2,1786609244.650768,0,1,59.431538,13.101151,29.032960,13.399977,-0.641110,0.013785,0.641258,0.323600,-0.000088,0.323600,3.120093,30.400046,0.668598
4,3,1786609244.690748,0,1,59.403069,13.101763,29.049040,13.399980,-0.711722,0.015302,0.711887,0.402000,0.000081,0.402000,3.120096,30.355494,0.668789
4,4,1786609244.730745,0,1,59.371775,13.102432,29.068256,13.399993,-0.782335,0.016731,0.782514,0.480399,0.000336,0.480399,3.120210,30.304980,0.662530
4,5,1786609244.770764,0,1,59.337658,13.103166,29.090608,13.400021,-0.852943,0.018335,0.853140,0.558798,0.000682,0.558799,3.120100,30.248506,0.669159
4,6,1786609244.810772,0,1,59.300716,13.103969,29.116096,13.400066,-0.923546,0.020088,0.923764,0.637197,0.001126,0.637198,3.119845,30.186072,0.684019
4,7,1786609244.850801,0,1,59.260950,13.104849,29.144720,13.400133,-0.994143,0.022000,0.994387,0.715595,0.001675,0.715597,3.119467,30.117678,0.705968
4,8,1786609244.890807,0,1,59.218361,13.105812,29.176460,13.400226,-1.064736,0.024077,1.065008,0.793506,0.002335,0.793509,3.118984,30.043343,0.733920
4,9,1786609244.930816,0,1,59.172948,13.106865,29.211061,13.400348,-1.135323,0.026325,1.135628,0.865037,0.003054,0.865043,3.118409,29.963324,0.767105
4,10,1786609244.970818,0,1,59.124711,13.108016,29.248289,13.400501,-1.205904,0.028752,1.206247,0.930699,0.003827,0.930707,3.117754,29.877854,0.804933
4,11,1786609245.010819,0,1,59.073652,13.109270,29.287928,13.400687,-1.276478,0.031364,1.276863,0.990962,0.004651,0.990973,3.117027,29.787150,0.846947
4,12,1786609245.050818,0,1,59.019771,13.110637,29.329778,13.400908,-1.347045,0.034166,1.347479,1.046256,0.005520,1.046271,3.116234,29.691411,0.892784
4,13,1786609245.090763,0,1,58.963066,13.112123,29.373657,13.401165,-1.417605,0.037166,1.418092,1.096981,0.006431,1.097000,3.115381,29.590821,0.942153
4,14,1786609245.130807,0,1,58.903540,13.113738,29.419397,13.401461,-1.488157,0.040370,1.488704,1.143501,0.007381,1.143525,3.114472,29.485547,0.994816
4,15,1786609245.170806,0,1,58.841192,13.115490,29.466843,13.401795,-1.558700,0.043784,1.559314,1.186152,0.008366,1.186182,3.113510,29.375744,1.050576
4,16,1786609245.210773,0,1,58.776023,13.117386,29.515853,13.402171,-1.629233,0.047413,1.629923,1.225245,0.009383,1.225281,3.112500,29.261555,1.109268
4,17,1786609245.250766,0,1,58.708032,13.119437,29.566296,13.402588,-1.699757,0.051262,1.700530,1.261064,0.010429,1.261107,3.111443,29.143112,1.170752
4,18,1786609245.290770,0,1,58.637222,13.121650,29.618051,13.403048,-1.770271,0.055339,1.771135,1.293870,0.011502,1.293921,3.110343,29.020535,1.234908
4,19,1786609245.330818,0,1,58.563591,13.124036,29.671007,13.403552,-1.840773,0.059647,1.841739,1.323906,0.012599,1.323966,3.109201,28.893936,1.301631
4,20,1786609245.370766,0,1,58.487140,13.126604,29.725062,13.404101,-1.911263,0.064191,1.912341,1.351391,0.013719,1.351461,3.108019,28.763416,1.370832
4,21,1786609245.410757,0,1,58.407871,13.129363,29.780124,13.404695,-1.981741,0.068978,1.982941,1.376532,0.014859,1.376612,3.106800,28.629071,1.442429
4,22,1786609245.450785,0,1,58.325782,13.132323,29.836104,13.405336,-2.052206,0.074010,2.053540,1.399514,0.016017,1.399606,3.105545,28.490986,1.516352
4,23,1786609245.490763,0,1,58.240876,13.135495,29.892943,13.406024,-2.122656,0.079292,2.124137,1.420965,0.017206,1.421069,3.104255,28.349224,1.592535
4,24,1786609245.530753,0,1,58.153146,13.138734,29.950583,13.406761,-2.193250,0.080974,2.194744,1.441007,0.018422,1.441124,3.104690,28.203837,1.569885
4,25,1786609245.570750,0,1,58.062593,13.142059,30.008973,13.407547,-2.263833,0.083136,2.265359,1.459752,0.019665,1.459885,3.104886,28.054876,1.560940
4,26,1786609245.610756,0,1,57.969216,13.145462,30.068065,13.408384,-2.334431,0.085061,2.335980,1.477306,0.020930,1.477454,3.105171,27.902389,1.546898
4,27,1786609245.650807,0,1,57.873014,13.148935,30.127816,13.409273,-2.405039,0.086845,2.406607,1.493762,0.022217,1.493927,3.105499,27.746419,1.530425
4,28,1786609245.690757,0,1,57.773988,13.152473,30.188184,13.410214,-2.475658,0.088443,2.477238,1.509209,0.023523,1.509392,3.105883,27.587007,1.510707
4,29,1786609245.730776,0,1,57.672136,13.156067,30.249133,13.411208,-2.546288,0.089837,2.547872,1.523727,0.024846,1.523929,3.106326,27.424190,1.487581
4,30,1786609245.770755,0,1,57.567459,13.159707,30.310629,13.412255,-2.616927,0.091005,2.618509,1.537391,0.026185,1.537614,3.106831,27.258000,1.460826
4,31,1786609245.810757,0,1,57.459956,13.163384,30.372640,13.413357,-2.687576,0.091927,2.689147,1.550269,0.027538,1.550513,3.107401,27.088470,1.430282
4,32,1786609245.850758,0,1,57.349627,13.167087,30.435137,13.414513,-2.758234,0.092586,2.759787,1.562423,0.028904,1.562691,3.108038,26.915627,1.395819
4,33,1786609245.890754,0,1,57.236471,13.170806,30.498093,13.415724,-2.828900,0.092961,2.830427,1.573913,0.030281,1.574204,3.108743,26.739499,1.357335
4,34,1786609245.930812,0,1,57.120488,13.174527,30.561485,13.416991,-2.899574,0.093038,2.901067,1.584790,0.031668,1.585107,3.109517,26.560110,1.314758
4,35,1786609245.970778,0,1,57.001677,13.178239,30.625289,13.418314,-2.970256,0.092800,2.971706,1.595105,0.033065,1.595448,3.110360,26.377481,1.268035
4,36,1786609246.010804,0,1,56.880040,13.181929,30.689485,13.419692,-3.040945,0.092233,3.042343,1.604901,0.034469,1.605272,3.111272,26.191634,1.217134
4,37,1786609246.050757,0,1,56.755574,13.185582,30.754054,13.421128,-3.111639,0.091322,3.112978,1.614221,0.035881,1.614620,3.112253,26.002587,1.162040
4,38,1786609246.090754,0,1,56.628281,13.189184,30.818978,13.422620,-3.182338,0.090056,3.183612,1.623103,0.037299,1.623531,3.113302,25.810358,1.102751
4,39,1786609246.130825,0,1,56.498159,13.192721,30.884241,13.424168,-3.253041,0.088422,3.254242,1.631581,0.038722,1.632040,3.114418,25.614963,1.039282
4,40,1786609246.170825,0,1,56.365209,13.196177,30.949829,13.425774,-3.323747,0.086411,3.324870,1.639688,0.040150,1.640179,3.115601,25.416417,0.971654
4,41,1786609246.210790,0,1,56.229431,13.199538,31.015727,13.427438,-3.394454,0.084012,3.395494,1.647453,0.041581,1.647978,3.116848,25.214734,0.899902
4,42,1786609246.250748,0,1,56.090824,13.202786,31.081923,13.429158,-3.465163,0.081218,3.466114,1.654904,0.043017,1.655463,3.118159,25.009926,0.824067
4,43,1786609246.290766,0,1,55.949417,13.205906,31.148406,13.430937,-3.535187,0.078006,3.536047,1.662067,0.044454,1.662661,3.119531,24.802032,0.744199
4,44,1786609246.330818,0,1,55.805279,13.208881,31.215164,13.432772,-3.603455,0.074351,3.604222,1.668963,0.045894,1.669594,3.120962,24.591134,0.660374
4,45,1786609246.370760,0,1,55.658478,13.211691,31.282189,13.434666,-3.670012,0.070263,3.670685,1.675615,0.047336,1.676284,3.122450,24.377309,0.572720
4,46,1786609246.410898,0,1,55.509082,13.214321,31.349470,13.436617,-3.734906,0.065749,3.735484,1.682042,0.048779,1.682749,3.123991,24.160634,0.481355
4,47,1786609246.450906,0,1,55.357155,13.216754,31.417001,13.438626,-3.798178,0.060820,3.798665,1.688262,0.050223,1.689009,3.125581,23.941182,0.386411
4,48,1786609246.490874,0,1,55.202760,13.218973,31.484759,13.440679,-3.859871,0.055489,3.860270,1.693961,0.051341,1.694739,3.127218,23.719037,0.288056
4,49,1786609246.530862,0,1,55.045968,13.221153,31.552727,13.442766,-3.919813,0.054490,3.920191,1.699181,0.052161,1.699981,3.127692,23.494286,0.255971
4,50,1786609246.570807,0,1,54.886843,13.223253,31.620885,13.444874,-3.978125,0.052506,3.978472,1.703960,0.052705,1.704775,3.128395,23.267013,0.210431
4,51,1786609246.610877,0,1,54.725449,13.225298,31.689218,13.446994,-4.034832,0.051122,4.035155,1.708333,0.052995,1.709155,3.128923,23.037298,0.174520
4,52,1786609246.650809,0,1,54.561850,13.227293,31.757572,13.449112,-4.089980,0.049860,4.090284,1.708837,0.052943,1.709657,3.129402,22.805357,0.141146
4,53,1786609246.690774,0,1,54.396106,13.229248,31.825926,13.451218,-4.143612,0.048875,4.143900,1.708845,0.052672,1.709657,3.129798,22.571271,0.112322
4,54,1786609246.730758,0,1,54.228275,13.231172,31.894280,13.453307,-4.195767,0.048118,4.196043,1.708859,0.052215,1.709657,3.130125,22.335100,0.087200
4,55,1786609246.770774,0,1,54.058416,13.233076,31.962635,13.455370,-4.246485,0.047602,4.246752,1.708879,0.051586,1.709657,3.130383,22.096899,0.065842
4,56,1786609246.810764,0,1,53.886583,13.234969,32.030991,13.457402,-4.295805,0.047319,4.296065,1.708902,0.050799,1.709657,3.130578,21.856724,0.047999
4,57,1786609246.850750,0,1,53.712833,13.236860,32.099348,13.459397,-4.343764,0.047266,4.344021,1.708929,0.049869,1.709657,3.130712,21.614630,0.033523
4,58,1786609246.890765,0,1,53.537217,13.238757,32.167707,13.461349,-4.390398,0.047435,4.390655,1.708960,0.048806,1.709657,3.130789,21.370669,0.022228
4,59,1786609246.930805,0,1,53.359787,13.240670,32.236067,13.463254,-4.435744,0.047819,4.436002,1.708994,0.047621,1.709657,3.130813,21.124893,0.013939
4,60,1786609246.970799,0,1,53.180594,13.242606,32.304428,13.465107,-4.479836,0.048410,4.480097,1.709029,0.046325,1.709657,3.130787,20.877352,0.008479
4,61,1786609247.010787,0,1,52.999685,13.244574,32.372790,13.466904,-4.522706,0.049197,4.522974,1.709067,0.044927,1.709657,3.130715,20.628093,0.005676
4,62,1786609247.050770,0,1,52.817110,13.246581,32.441155,13.468642,-4.564389,0.050170,4.564665,1.709105,0.043436,1.709657,3.130601,20.377165,0.005359
4,63,1786609247.090776,0,1,52.632913,13.248634,32.509520,13.470316,-4.604916,0.051320,4.605202,1.709144,0.041859,1.709657,3.130448,20.124614,0.007362
4,64,1786609247.130776,0,1,52.447140,13.250739,32.577888,13.471924,-4.644318,0.052635,4.644617,1.709184,0.040203,1.709657,3.130260,19.870484,0.011528
4,65,1786609247.170828,0,1,52.259835,13.252903,32.646257,13.473463,-4.682626,0.054104,4.682938,1.709224,0.038475,1.709657,3.130039,19.614819,0.017702
4,66,1786609247.210769,0,1,52.071041,13.255132,32.714627,13.474931,-4.719867,0.055716,4.720196,1.709263,0.036682,1.709657,3.129789,19.357661,0.025739
4,67,1786609247.250761,0,1,51.880798,13.257430,32.782999,13.476324,-4.756072,0.057460,4.756419,1.709302,0.034829,1.709657,3.129512,19.099053,0.035502
4,68,1786609247.290762,0,1,51.689147,13.259803,32.851373,13.477641,-4.791268,0.059325,4.791636,1.709340,0.032921,1.709657,3.129211,18.839034,0.046861
4,69,1786609247.330795,0,1,51.496128,13.262255,32.919748,13.478879,-4.825482,0.061299,4.825872,1.709377,0.030963,1.709657,3.128890,18.577643,0.059695
4,70,1786609247.370793,0,1,51.301778,13.264790,32.988124,13.480037,-4.858741,0.063374,4.859154,1.709412,0.028959,1.709657,3.128550,18.314919,0.073892
4,71,1786609247.410787,0,1,51.106135,13.267412,33.056502,13.481114,-4.891070,0.065537,4.891509,1.709445,0.026913,1.709657,3.128194,18.050898,0.089351
4,72,1786609247.450786,0,1,50.909236,13.270123,33.124881,13.482107,-4.922493,0.067781,4.922960,1.709477,0.024830,1.709657,3.127824,17.785618,0.105976
4,73,1786609247.490772,0,1,50.711114,13.272927,33.193261,13.483024,-4.953037,0.070095,4.953533,1.709503,0.022917,1.709657,3.127442,17.519113,0.123658
4,74,1786609247.530775,0,1,50.511790,13.275127,33.261642,13.483870,-4.983110,0.055006,4.983413,1.709526,0.021162,1.709657,3.130555,17.251410,0.060864
4,75,1786609247.570855,0,1,50.311294,13.277065,33.330024,13.484652,-5.012387,0.048455,5.012622,1.709545,0.019550,1.709657,3.131926,16.982539,0.146509
4,76,1786609247.610878,0,1,50.109652,13.278438,33.398407,13.485375,-5.041060,0.034321,5.041176,1.709561,0.018071,1.709657,3.134784,16.712526,0.319383
4,77,1786609247.650819,0,1,49.906890,13.279370,33.466790,13.486044,-5.069044,0.023284,5.069097,1.709575,0.016714,1.709657,3.136999,16.441399,0.457073
4,78,1786609247.690807,0,1,49.703034,13.279709,33.535173,13.486662,-5.096396,0.008483,5.096403,1.709587,0.015467,1.709657,3.139928,16.169186,0.637994
4,79,1786609247.730868,0,1,49.498110,13.279501,33.603557,13.487235,-5.123110,-0.005206,5.123112,1.709597,0.014324,1.709657,-3.140576,15.895910,0.807015
4,80,1786609247.770864,0,1,49.292142,13.278661,33.671941,13.487766,-5.149200,-0.020985,5.149243,1.709605,0.013274,1.709657,-3.137517,15.621600,1.000468
4,81,1786609247.810871,0,1,49.085155,13.277206,33.740326,13.488259,-5.174685,-0.036391,5.174813,1.709613,0.012311,1.709657,-3.134560,15.346280,1.190924
4,82,1786609247.850868,0,1,48.877172,13.275083,33.808711,13.488716,-5.199569,-0.053058,5.199840,1.709619,0.011427,1.709657,-3.131389,15.069976,1.396899
4,83,1786609247.890873,0,1,48.668217,13.272299,33.877096,13.489140,-5.223875,-0.069613,5.224339,1.709624,0.010616,1.709657,-3.128267,14.792711,1.603389
4,84,1786609247.930846,0,1,48.458313,13.268820,33.945481,13.489535,-5.247607,-0.086971,5.248327,1.709628,0.009872,1.709657,-3.125021,14.514510,1.820801
4,85,1786609247.970869,0,1,48.247481,13.264648,34.013866,13.489903,-5.270789,-0.104288,5.271820,1.709632,0.009189,1.709657,-3.121809,14.235397,2.040171
4,86,1786609248.010817,0,1,48.035744,13.259763,34.082251,13.490245,-5.293424,-0.122127,5.294833,1.709635,0.008563,1.709657,-3.118525,13.955396,2.267986
4,87,1786609248.050745,0,1,47.823122,13.254166,34.150637,13.490565,-5.315539,-0.139925,5.317380,1.709638,0.007990,1.709657,-3.115275,13.674529,2.498440
4,88,1786609248.090746,0,1,47.609637,13.247844,34.219023,13.490864,-5.337136,-0.158060,5.339476,1.709641,0.007463,1.709657,-3.111986,13.392820,2.736042
4,89,1786609248.130869,0,1,47.395307,13.240799,34.287406,13.491143,-5.358240,-0.176122,5.361134,1.709586,0.006981,1.709601,-3.108735,13.110292,2.976743
4,90,1786609248.170817,0,1,47.180153,13.233023,34.355779,13.491404,-5.378855,-0.194397,5.382367,1.709332,0.006538,1.709344,-3.105467,12.826977,3.224042
4,91,1786609248.210760,0,1,46.964193,13.224521,34.424135,13.491650,-5.399006,-0.212560,5.403188,1.708892,0.006132,1.708903,-3.102243,12.542903,3.474912
4,92,1786609248.250750,0,1,46.747445,13.215287,34.492466,13.491880,-5.418696,-0.230846,5.423611,1.708283,0.005760,1.708293,-3.099017,12.258100,3.732368
4,93,1786609248.290747,0,1,46.529927,13.205328,34.560767,13.492097,-5.437948,-0.248981,5.443645,1.707517,0.005418,1.707526,-3.095839,11.972595,3.993989
4,94,1786609248.330972,0,1,46.311657,13.194641,34.629031,13.492301,-5.456767,-0.267178,5.463304,1.706608,0.005106,1.706616,-3.092669,11.686417,4.262632
4,95,1786609248.370901,0,1,46.092996,13.179629,34.697254,13.492494,-5.466520,-0.375300,5.479388,1.705566,0.004819,1.705573,-3.073046,11.400036,5.500076
4,96,1786609248.410872,0,1,45.874141,13.159304,34.765430,13.492676,-5.471366,-0.508113,5.494909,1.704403,0.004557,1.704409,-3.048991,11.113712,7.024634
4,97,1786609248.450952,0,1,45.654813,13.137615,34.833555,13.492849,-5.483209,-0.542229,5.509954,1.703128,0.004318,1.703133,-3.043024,10.827087,7.527757
4,98,1786609248.490865,0,1,45.435273,13.112478,34.901643,13.493025,-5.488485,-0.628428,5.524345,1.702198,0.004402,1.702204,-3.027590,10.540502,8.600900
4,99,1786609248.530874,0,1,45.215048,13.088294,34.969707,13.493216,-5.505640,-0.604596,5.538737,1.701586,0.004784,1.701593,-3.032217,10.253340,8.530060
4,100,1786609248.570932,0,1,44.994659,13.060694,35.037757,13.493434,-5.509731,-0.690003,5.552768,1.701267,0.005441,1.701275,-3.017008,9.966301,9.626774
4,101,1786609248.610934,0,1,44.773528,13.034554,35.105806,13.493688,-5.528259,-0.653506,5.566751,1.701216,0.006350,1.701228,-3.023927,9.678619,9.460771
4,102,1786609248.651034,0,1,44.552480,13.003573,35.173862,13.493987,-5.526200,-0.774516,5.580211,1.701413,0.007490,1.701429,-3.002346,9.391431,10.971541
4,103,1786609248.691038,0,1,44.330686,12.974045,35.241936,13.494341,-5.544856,-0.738191,5.593778,1.701837,0.008843,1.701860,-3.009240,9.103630,10.859623
4,104,1786609248.731019,0,1,44.108599,12.942845,35.310035,13.494757,-5.552186,-0.779998,5.606707,1.702471,0.010391,1.702503,-3.002021,8.815857,11.586165
4,105,1786609248.771026,0,1,43.885938,12.912089,35.378167,13.495242,-5.566524,-0.768898,5.619377,1.703298,0.012119,1.703341,-3.004332,8.527733,11.785561
4,106,1786609248.811022,0,1,43.663460,12.876801,35.446339,13.495802,-5.561939,-0.882212,5.631471,1.704302,0.014012,1.704359,-2.984287,8.240403,13.320932
4,107,1786609248.851022,0,1,43.440202,12.843323,35.514557,13.496444,-5.581454,-0.836943,5.643855,1.705469,0.016055,1.705544,-2.992751,7.952509,13.238882
4,108,1786609248.891033,0,1,43.217029,12.806339,35.582829,13.497174,-5.579320,-0.924616,5.655416,1.706786,0.018237,1.706883,-2.977363,7.665394,14.580384
4,109,1786609248.931016,0,1,42.993038,12.771454,35.651159,13.497996,-5.599772,-0.872114,5.667277,1.708241,0.020546,1.708364,-2.987093,7.377741,14.503695
4,110,1786609248.971049,0,1,42.769311,12.732284,35.719539,13.498914,-5.593192,-0.979249,5.678268,1.709503,0.022967,1.709657,-2.968271,7.091333,16.136885
4,111,1786609249.010891,0,1,42.544749,12.695214,35.787917,13.499933,-5.614043,-0.926750,5.690021,1.709467,0.025472,1.709657,-2.977991,6.804583,16.165458
4,112,1786609249.051014,0,1,42.319614,12.658924,35.856294,13.501056,-5.628378,-0.907256,5.701031,1.709426,0.028070,1.709657,-2.981774,6.517951,16.580402
4,113,1786609249.091000,0,1,42.094714,12.618695,35.924670,13.502286,-5.622486,-1.005726,5.711728,1.709380,0.030751,1.709657,-2.964589,6.232992,18.291285
4,114,1786609249.130943,0,1,41.868899,12.580949,35.993043,13.503626,-5.645375,-0.943650,5.723699,1.709329,0.033507,1.709657,-2.975969,5.947859,18.413716
4,115,1786609249.170861,0,1,41.642056,12.546742,36.061414,13.505079,-5.671090,-0.855166,5.735204,1.709271,0.036331,1.709657,-2.991926,5.662330,18.319343
4,116,1786609249.210841,0,1,41.415237,12.509605,36.129782,13.506648,-5.670478,-0.928440,5.745983,1.709207,0.039215,1.709657,-2.979300,5.378673,19.981353
4,117,1786609249.250849,0,1,41.187358,12.476021,36.198147,13.508334,-5.696964,-0.839579,5.758498,1.709137,0.042153,1.709657,-2.995273,5.094889,20.073569
4,118,1786609249.290813,0,1,40.959437,12.439486,36.266510,13.510140,-5.698020,-0.913396,5.770765,1.709061,0.045139,1.709657,-2.982644,4.813509,21.958688
4,119,1786609249.331098,0,1,40.730383,12.406515,36.334869,13.512066,-5.726342,-0.824254,5.785360,1.708978,0.048167,1.709657,-2.998634,4.532416,22.309012
4,120,1786609249.370967,0,1,40.500101,12.378206,36.403224,13.514116,-5.757057,-0.707730,5.800395,1.708889,0.051232,1.709657,-3.019274,4.251434,22.505041
4,121,1786609249.410963,0,1,40.269239,12.349569,36.471576,13.516289,-5.771556,-0.715928,5.815790,1.708793,0.054329,1.709657,-3.018179,3.972842,24.149124
4,122,1786609249.450982,0,1,40.037081,12.326091,36.539924,13.518587,-5.803942,-0.586960,5.833547,1.708691,0.057454,1.709657,-3.040804,3.694883,24.603636
4,123,1786609249.491008,0,1,39.803768,12.307015,36.608268,13.520985,-5.832837,-0.476896,5.852300,1.708606,0.059940,1.709657,-3.060014,3.418324,25.475910
4,124,1786609249.530956,0,1,39.569503,12.290543,36.676610,13.523458,-5.856624,-0.411804,5.871084,1.708538,0.061840,1.709657,-3.071394,3.144664,27.105193
4,125,1786609249.570837,0,1,39.334074,12.280935,36.744949,13.525986,-5.885713,-0.240191,5.890612,1.708488,0.063202,1.709657,-3.100806,2.872929,28.018739
4,126,1786609249.610867,0,1,39.097823,12.272382,36.813287,13.528549,-5.906277,-0.213830,5.910147,1.708456,0.064070,1.709657,-3.105405,2.607117,30.877916
4,127,1786609249.650951,0,1,38.860608,12.271070,36.881625,13.531128,-5.930386,-0.032786,5.930477,1.708440,0.064484,1.709657,-3.136064,2.346086,32.802481
4,128,1786609249.690979,0,1,38.622586,12.272442,36.949963,13.533708,-5.950555,0.034283,5.950654,1.708441,0.064481,1.709657,3.135831,2.094865,36.688561
4,129,1786609249.730859,0,1,38.383842,12.278429,37.018301,13.536272,-5.968592,0.149676,5.970469,1.708455,0.064095,1.709657,3.116521,1.856575,41.212624
4,130,1786609249.770830,0,1,38.144375,12.285702,37.086640,13.538806,-5.986673,0.181840,5.989434,1.708483,0.063358,1.709657,3.111228,1.639839,48.092777
4,131,1786609249.810971,0,1,37.904316,12.296280,37.154981,13.541298,-6.001469,0.264430,6.007291,1.708522,0.062297,1.709657,3.097560,1.453125,56.434786
4,132,1786609249.850967,0,1,37.663613,12.307407,37.223324,13.543735,-6.017587,0.278191,6.024014,1.708571,0.060939,1.709657,3.095396,1.312388,67.750972
4,133,1786609249.890923,0,1,37.422453,12.321714,37.291669,13.546108,-6.028983,0.357661,6.039583,1.708628,0.059308,1.709657,3.082339,1.231359,80.508018
4,134,1786609249.930997,0,1,37.180686,12.335526,37.360017,13.548405,-6.044187,0.345309,6.054043,1.708692,0.057425,1.709657,3.084524,1.226064,95.140761
4,135,1786609249.971094,0,1,36.938734,12.353507,37.428367,13.550617,-6.048805,0.449535,6.065486,1.708762,0.055312,1.709657,3.067411,1.293372,107.994908
4,136,1786609250.010949,0,1,36.696668,12.369892,37.496721,13.552736,-6.051640,0.409608,6.065486,1.708836,0.052986,1.709657,3.074010,1.428008,120.201443
4,137,1786609250.050834,0,1,36.454917,12.390406,37.565077,13.554755,-6.043766,0.512853,6.065486,1.708912,0.050464,1.709657,3.056939,1.608777,128.784901
4,138,1786609250.090770,0,1,36.213009,12.408963,37.633437,13.556665,-6.047719,0.463918,6.065486,1.708990,0.047762,1.709657,3.065033,1.826154,136.675314
4,139,1786609250.130964,0,1,35.971448,12.431602,37.701799,13.558461,-6.039022,0.565979,6.065486,1.709067,0.044895,1.709657,3.048145,2.064928,141.572415
4,140,1786609250.170814,0,1,35.729689,12.452015,37.770165,13.560136,-6.043979,0.510331,6.065486,1.709144,0.041875,1.709657,3.057356,2.321955,146.668550
4,141,1786609250.210782,0,1,35.488336,12.476777,37.838534,13.561685,-6.033812,0.619063,6.065486,1.709219,0.038714,1.709657,3.039351,2.588523,149.362832
4,142,1786609250.250772,0,1,35.246755,12.499201,37.906905,13.563102,-6.039524,0.560597,6.065486,1.709290,0.035425,1.709657,3.049036,2.865010,152.898472
4,143,1786609250.290865,0,1,35.005533,12.525201,37.975278,13.564382,-6.030559,0.649989,6.065486,1.709328,0.032015,1.709627,3.034225,3.146313,154.562162
4,144,1786609250.330817,0,1,34.764040,12.548560,38.043645,13.565522,-6.037308,0.583980,6.065486,1.709154,0.028493,1.709391,3.045164,3.433659,157.247081
4,145,1786609250.370811,0,1,34.523006,12.576243,38.111996,13.566517,-6.025875,0.692069,6.065486,1.708785,0.024868,1.708966,3.027244,3.723103,158.023069
4,146,1786609250.410905,0,1,34.281682,12.601287,38.180326,13.567363,-6.033085,0.626108,6.065486,1.708237,0.021148,1.708368,3.038184,4.016556,160.157671
4,147,1786609250.450876,0,1,34.040846,12.630652,38.248627,13.568057,-6.020897,0.734115,6.065486,1.707525,0.017344,1.707613,3.020264,4.310933,160.489160
4,148,1786609250.490816,0,1,33.799704,12.657380,38.316906,13.568610,-6.028567,0.668207,6.065486,1.706975,0.013845,1.707031,3.031203,4.608194,162.270245
4,149,1786609250.530868,0,1,33.558172,12.680331,38.385168,13.569035,-6.038286,0.573784,6.065486,1.706573,0.010628,1.706606,3.046853,4.908125,164.139833
4,150,1786609250.570796,0,1,33.316962,12.706446,38.453421,13.569342,-6.030248,0.652863,6.065486,1.706309,0.007672,1.706326,3.033748,5.208435,164.284630
4,151,1786609250.610871,0,1,33.075371,12.728758,38.521668,13.569541,-6.039782,0.557813,6.065486,1.706171,0.004956,1.706178,3.049497,5.510813,165.947473
4,152,1786609250.650828,0,1,32.834093,12.754235,38.589914,13.569639,-6.031954,0.636912,6.065486,1.706148,0.002463,1.706150,3.036393,5.813291,165.909279
4,153,1786609250.690805,0,1,32.592443,12.775908,38.658163,13.569646,-6.041236,0.541837,6.065486,1.706233,0.000174,1.706233,3.052142,6.117432,167.419715
4,154,1786609250.730763,0,1,32.351099,12.800747,38.726419,13.569569,-6.033617,0.620957,6.065486,1.706415,-0.001926,1.706416,3.039037,6.421511,167.247727
4,155,1786609250.770763,0,1,32.109393,12.821781,38.794687,13.569415,-6.042648,0.525858,6.065486,1.706688,-0.003852,1.706693,3.054787,6.726969,168.645379
4,156,1786609250.810768,0,1,31.867305,12.837829,38.862969,13.569190,-6.052203,0.401198,6.065486,1.707045,-0.005617,1.707054,3.075400,7.033790,170.239131
4,157,1786609250.850752,0,1,31.625357,12.855876,38.931268,13.568901,-6.048683,0.451176,6.065486,1.707477,-0.007233,1.707493,3.067140,7.340622,170.159999
4,158,1786609250.890760,0,1,31.383667,12.877092,38.999587,13.568552,-6.042251,0.530402,6.065486,1.707980,-0.008713,1.708002,3.054035,7.647245,169.795572
4,159,1786609250.930805,0,1,31.141673,12.894499,39.067929,13.568150,-6.049855,0.435177,6.065486,1.708548,-0.010066,1.708578,3.069785,7.954831,171.027816
4,160,1786609250.970758,0,1,30.899377,12.906914,39.136296,13.567698,-6.057389,0.310381,6.065335,1.709175,-0.011303,1.709213,3.090397,8.263381,172.480160
4,161,1786609251.010801,0,1,30.657210,12.921330,39.204681,13.567200,-6.054193,0.360380,6.064909,1.709612,-0.012430,1.709657,3.082137,8.571838,172.272235
4,162,1786609251.050768,0,1,30.415281,12.938915,39.273065,13.566662,-6.048215,0.439631,6.064172,1.709604,-0.013454,1.709657,3.069033,8.880000,171.788860
4,163,1786609251.090785,0,1,30.173146,12.952686,39.341449,13.566087,-6.053367,0.344271,6.063149,1.709596,-0.014386,1.709657,3.084781,9.188799,172.917300
4,164,1786609251.130819,0,1,29.931265,12.969625,39.409832,13.565478,-6.047043,0.423474,6.061853,1.709589,-0.015232,1.709657,3.071677,9.497278,172.397059
4,165,1786609251.170762,0,1,29.689209,12.982749,39.478215,13.564838,-6.051400,0.328116,6.060289,1.709582,-0.016000,1.709657,3.087424,9.806298,173.493374
4,166,1786609251.210789,0,1,29.447006,12.990881,39.546598,13.564170,-6.055061,0.203302,6.058473,1.709575,-0.016695,1.709657,3.108030,10.115850,174.828159
4,167,1786609251.250769,0,1,29.204961,13.001011,39.614981,13.563477,-6.051139,0.253251,6.056436,1.709569,-0.017322,1.709657,3.099765,10.425205,174.510714
4,168,1786609251.290770,0,1,28.963160,13.014307,39.683364,13.562761,-6.045008,0.332390,6.054140,1.709563,-0.017888,1.709657,3.086662,10.734224,173.923965
4,169,1786609251.330819,0,1,28.721282,13.023791,39.751746,13.562026,-6.046963,0.237090,6.051609,1.709558,-0.018397,1.709657,3.102405,11.043588,174.961140
4,170,1786609251.370864,0,1,28.479658,13.036437,39.820128,13.561271,-6.040586,0.316152,6.048854,1.709553,-0.018853,1.709657,3.089302,11.352608,174.354240
4,171,1786609251.410879,0,1,28.237985,13.045274,39.888510,13.560501,-6.041842,0.220934,6.045880,1.709548,-0.019261,1.709657,3.105042,11.661912,175.373609
4,172,1786609251.450886,0,1,27.996308,13.049133,39.956892,13.559716,-6.041929,0.096473,6.042699,1.709544,-0.019624,1.709657,3.125627,11.971477,176.640813
4,173,1786609251.490892,0,1,27.754805,13.054988,40.025273,13.558920,-6.037565,0.146380,6.039339,1.709541,-0.019888,1.709657,3.117352,12.280812,176.259398
4,174,1786609251.530864,0,1,27.513531,13.064002,40.093655,13.558118,-6.031859,0.225336,6.036067,1.709539,-0.020063,1.709657,3.104252,12.589825,175.611283
4,175,1786609251.570800,0,1,27.272271,13.069216,40.162037,13.557312,-6.031480,0.130354,6.032889,1.709538,-0.020154,1.709657,3.119984,12.899003,176.593324
4,176,1786609251.610771,0,1,27.031224,13.077585,40.230418,13.556505,-6.026183,0.209239,6.029814,1.709538,-0.020170,1.709657,3.106885,13.207880,175.933386
4,177,1786609251.650772,0,1,26.790485,13.090268,40.298800,13.555700,-6.018487,0.317065,6.026833,1.709539,-0.020115,1.709657,3.088959,13.516331,175.010976
4,178,1786609251.690768,0,1,26.549736,13.100320,40.367181,13.554901,-6.018721,0.251289,6.023965,1.709540,-0.019996,1.709657,3.099866,13.824921,175.724921
4,179,1786609251.730762,0,1,26.309317,13.114677,40.435553,13.554108,-6.010471,0.358931,6.021179,1.709290,-0.019815,1.709404,3.081946,14.133069,174.800738
4,180,1786609251.770763,0,1,26.068863,13.126406,40.503903,13.553325,-6.011356,0.293223,6.018503,1.708765,-0.019575,1.708877,3.092853,14.441352,175.513389
4,181,1786609251.810771,0,1,25.828761,13.142433,40.572223,13.552554,-6.002547,0.400687,6.015906,1.707988,-0.019283,1.708097,3.074939,14.749165,174.587616
4,182,1786609251.850772,0,1,25.588598,13.155835,40.640502,13.551796,-6.004074,0.335049,6.013415,1.706980,-0.018943,1.707085,3.085847,15.057112,175.299108
4,183,1786609251.890760,0,1,25.348350,13.165457,40.708732,13.551054,-6.006184,0.240546,6.010999,1.705758,-0.018557,1.705859,3.101564,15.365221,176.268529
4,184,1786609251.930871,0,1,25.108343,13.178219,40.776906,13.550328,-6.000198,0.319050,6.008675,1.704340,-0.018131,1.704436,3.088469,15.672981,175.595811
4,185,1786609251.970876,0,1,24.868691,13.195270,40.845016,13.549622,-5.991287,0.426267,6.006432,1.702741,-0.017666,1.702832,3.070565,15.980254,174.659790
4,186,1786609252.010869,0,1,24.628953,13.209700,40.913055,13.548935,-5.993441,0.360749,6.004288,1.700975,-0.017168,1.701062,3.081475,16.287634,175.362056
4,187,1786609252.050882,0,1,24.389595,13.228412,40.981017,13.548270,-5.983957,0.467809,6.002215,1.699057,-0.016638,1.699139,3.063574,16.594505,174.425425
4,188,1786609252.090810,0,1,24.150126,13.244506,41.048897,13.547626,-5.986732,0.402361,6.000238,1.696999,-0.016079,1.697075,3.074485,16.901489,175.127377
4,189,1786609252.130890,0,1,23.911059,13.264877,41.116689,13.547007,-5.976668,0.509270,5.998326,1.694810,-0.015494,1.694881,3.056588,17.207943,174.190185
4,190,1786609252.170859,0,1,23.671857,13.282633,41.184389,13.546411,-5.980054,0.443892,5.996507,1.692503,-0.014884,1.692569,3.067500,17.514519,174.891850
4,191,1786609252.210860,0,1,23.432475,13.296625,41.251993,13.545841,-5.984537,0.349811,5.994752,1.690086,-0.014253,1.690146,3.083207,17.821260,175.853466
4,192,1786609252.250821,0,1,23.193364,13.313746,41.319496,13.545297,-5.977774,0.428008,5.993078,1.687569,-0.013601,1.687624,3.070115,18.127610,175.172734
4,193,1786609252.290873,0,1,22.954662,13.335135,41.386894,13.544780,-5.967560,0.534730,5.991470,1.684959,-0.012932,1.685008,3.052225,18.433424,174.227981
4,194,1786609252.330871,0,1,22.715801,13.353913,41.454185,13.544290,-5.971521,0.469458,5.989946,1.682263,-0.012246,1.682308,3.063138,18.739350,174.922786
4,195,1786609252.370860,0,1,22.476734,13.368935,41.521364,13.543828,-5.976693,0.375542,5.988480,1.679489,-0.011544,1.679529,3.078841,19.045434,175.878430
4,196,1786609252.410892,0,1,22.237938,13.387081,41.588430,13.543395,-5.969876,0.453641,5.987087,1.676643,-0.010830,1.676678,3.065750,19.351123,175.191708
4,197,1786609252.450824,0,1,21.999559,13.409489,41.655379,13.542991,-5.959482,0.560201,5.985754,1.673730,-0.010103,1.673760,3.047866,19.656273,174.240735
4,198,1786609252.490868,0,1,21.761000,13.429290,41.722232,13.542610,-5.963989,0.495025,5.984498,1.671320,-0.009513,1.671347,3.058780,19.961554,174.929926
4,199,1786609252.530805,0,1,21.522224,13.445339,41.789007,13.542248,-5.969396,0.401227,5.982865,1.669372,-0.009049,1.669396,3.074480,20.267015,175.880737
4,200,1786609252.570820,0,1,21.283757,13.464505,41.855721,13.541900,-5.961661,0.479170,5.980887,1.667849,-0.008702,1.667872,3.061390,20.572109,175.189165
4,201,1786609252.610793,0,1,21.045764,13.487923,41.922389,13.541562,-5.949822,0.585439,5.978555,1.666718,-0.008462,1.666739,3.043512,20.876694,174.233203
4,202,1786609252.650816,0,1,20.807636,13.508732,41.989027,13.541229,-5.953209,0.520231,5.975896,1.665946,-0.008321,1.665967,3.054427,21.181416,174.917896
4,203,1786609252.690773,0,1,20.569330,13.525793,42.055647,13.540898,-5.957648,0.426526,5.972896,1.665506,-0.008270,1.665527,3.070122,21.486323,175.864729
4,204,1786609252.730767,0,1,20.331400,13.545961,42.122262,13.540566,-5.948253,0.504181,5.969582,1.665371,-0.008304,1.665391,3.057034,21.790863,175.169309
4,205,1786609252.770742,0,1,20.093328,13.562382,42.188883,13.540230,-5.951805,0.410543,5.965947,1.665515,-0.008414,1.665537,3.072724,22.095566,176.111554
4,206,1786609252.810745,0,1,19.855648,13.581905,42.255520,13.539886,-5.942001,0.488072,5.962013,1.665918,-0.008595,1.665940,3.059637,22.399911,175.411780
4,207,1786609252.850763,0,1,19.617860,13.597686,42.322182,13.539532,-5.944692,0.394532,5.957770,1.666558,-0.008842,1.666581,3.075323,22.704396,176.349773
4,208,1786609252.890749,0,1,19.380480,13.616563,42.388879,13.539166,-5.934505,0.471924,5.953240,1.667416,-0.009148,1.667441,3.062238,23.008529,175.646027
4,209,1786609252.930808,0,1,19.143026,13.631704,42.455618,13.538786,-5.936355,0.378508,5.948410,1.668475,-0.009509,1.668502,3.077918,23.312777,176.580063
4,210,1786609252.970753,0,1,18.905994,13.649934,42.522406,13.538389,-5.925800,0.455750,5.943300,1.669719,-0.009921,1.669748,3.064834,23.616676,175.872688
4,211,1786609253.010798,0,1,18.668921,13.664433,42.589252,13.537974,-5.926818,0.362487,5.937893,1.671132,-0.010379,1.671165,3.080508,23.920665,176.803028
4,212,1786609253.050751,0,1,18.431829,13.674077,42.656160,13.537539,-5.927302,0.241092,5.932203,1.672703,-0.010880,1.672738,3.100940,24.224716,177.993726
4,213,1786609253.090735,0,1,18.195062,13.685686,42.723136,13.537082,-5.919162,0.290241,5.926273,1.674416,-0.011420,1.674455,3.092598,24.528524,177.539923
4,214,1786609253.130743,0,1,17.958375,13.692453,42.790187,13.536602,-5.917175,0.169156,5.919592,1.676263,-0.011996,1.676306,3.113013,24.832300,178.722113
4,215,1786609253.170740,0,1,17.721866,13.693259,42.857316,13.536098,-5.912731,0.020166,5.912765,1.678231,-0.012605,1.678278,3.138182,25.135941,179.837166
4,216,1786609253.210739,0,1,17.485640,13.694925,42.924529,13.535568,-5.905646,0.041637,5.905793,1.680311,-0.013243,1.680363,3.134542,25.439387,179.954959
4,217,1786609253.250797,0,1,17.249736,13.690657,42.991828,13.535012,-5.897623,-0.106688,5.898588,1.682494,-0.013910,1.682551,-3.123505,25.742563,178.617207
4,218,1786609253.290814,0,1,17.014111,13.687257,43.059219,13.534428,-5.890605,-0.084996,5.891218,1.684772,-0.014601,1.684835,-3.127165,26.045556,178.837130
4,219,1786609253.330799,0,1,16.778771,13.685831,43.126705,13.533815,-5.883502,-0.035656,5.883610,1.687137,-0.015315,1.687207,-3.135532,26.348372,179.322204
4,220,1786609253.370855,0,1,16.543746,13.687479,43.194288,13.533173,-5.875636,0.041197,5.875780,1.689583,-0.016050,1.689659,3.134581,26.650989,179.930013
4,221,1786609253.410865,0,1,16.309108,13.693296,43.261972,13.532501,-5.865938,0.145421,5.867741,1.692102,-0.016804,1.692185,3.116807,26.953343,178.921696
4,222,1786609253.450818,0,1,16.074750,13.696542,43.329760,13.531798,-5.858954,0.081154,5.859516,1.694689,-0.017575,1.694780,3.127742,27.255507,179.552749
4,223,1786609253.490869,0,1,15.840707,13.696127,43.397639,13.531065,-5.851079,-0.010367,5.851089,1.696986,-0.018325,1.697085,-3.139821,27.557426,179.555295
4,224,1786609253.530859,0,1,15.606989,13.698767,43.465600,13.530303,-5.842949,0.065993,5.843322,1.699015,-0.019056,1.699122,3.130299,27.859120,179.699372
4,225,1786609253.570804,0,1,15.373544,13.697759,43.533632,13.529512,-5.836134,-0.025202,5.836188,1.700798,-0.019769,1.700913,-3.137274,28.160591,179.410265
4,226,1786609253.610876,0,1,15.140365,13.699798,43.601726,13.528693,-5.829459,0.050979,5.829682,1.702354,-0.020465,1.702477,3.132848,28.461875,179.843407
5,0,1786609257.328825,0,1,59.480000,13.100032,29.003536,13.399988,-0.499999,0.000796,0.500000,0.088399,-0.000312,0.088400,3.140000,30.477940,0.472646
5,0,1786609257.368795,0,1,59.480000,13.100032,29.010208,13.399961,-0.499999,0.000796,0.500000,0.166799,-0.000653,0.166800,3.140000,30.471268,0.472721
5,1,1786609257.408801,0,1,59.457180,13.100517,29.020016,13.399920,-0.570503,0.012137,0.570632,0.245198,-0.001023,0.245200,3.120322,30.438637,0.655104
5,2,1786609257.448824,0,1,59.431532,13.100911,29.032960,13.399864,-0.641192,0.009836,0.641267,0.323597,-0.001424,0.323600,3.126254,30.400043,0.315371
5,3,1786609257.488759,0,1,59.403060,13.101352,29.049040,13.399789,-0.711816,0.011038,0.711902,0.401996,-0.001858,0.402000,3.126088,30.355487,0.325065
5,4,1786609257.528772,0,1,59.371762,13.101811,29.068255,13.399696,-0.782452,0.011476,0.782536,0.480394,-0.002327,0.480400,3.126927,30.304970,0.277060
5,5,1786609257.568770,0,1,59.337664,13.102300,29.090607,13.399583,-0.852435,0.012209,0.852522,0.558793,-0.002833,0.558800,3.127271,30.248518,0.257475
5,6,1786609257.608777,0,1,59.300842,13.102818,29.116095,13.399448,-0.920558,0.012952,0.920649,0.637191,-0.003379,0.637200,3.127524,30.186205,0.243043
5,7,1786609257.648771,0,1,59.261367,13.103369,29.144718,13.399289,-0.986870,0.013781,0.986967,0.715588,-0.003967,0.715599,3.127630,30.118103,0.237070
5,8,1786609257.688759,0,1,59.219310,13.103956,29.176478,13.399105,-1.051421,0.014669,1.051523,0.793986,-0.004600,0.793999,3.127642,30.044282,0.236445
5,9,1786609257.728778,0,1,59.174740,13.104580,29.211194,13.398895,-1.114257,0.015619,1.114367,0.867912,-0.005244,0.867928,3.127576,29.964991,0.240309
5,10,1786609257.768788,0,1,59.127723,13.105245,29.248630,13.398660,-1.175425,0.016625,1.175543,0.935893,-0.005884,0.935912,3.127450,29.880534,0.247680
5,11,1786609257.808827,0,1,59.078324,13.105953,29.288566,13.398399,-1.234969,0.017684,1.235096,0.998406,-0.006518,0.998427,3.127275,29.791194,0.257912
5,12,1786609257.848891,0,1,59.026607,13.106704,29.330801,13.398113,-1.292933,0.018792,1.293070,1.055886,-0.007148,1.055910,3.127059,29.697235,0.270486
5,13,1786609257.888833,0,1,58.972632,13.107502,29.375151,13.397802,-1.349360,0.019948,1.349507,1.108737,-0.007773,1.108765,3.126810,29.598905,0.285001
5,14,1786609257.928787,0,1,58.916461,13.108348,29.421444,13.397467,-1.404290,0.021147,1.404449,1.157330,-0.008395,1.157360,3.126535,29.496434,0.301140
5,15,1786609257.968771,0,1,58.858150,13.109244,29.469524,13.397106,-1.457764,0.022387,1.457936,1.202005,-0.009012,1.202038,3.126237,29.390036,0.318645
5,16,1786609258.008823,0,1,58.797757,13.110190,29.519247,13.396721,-1.509821,0.023666,1.510006,1.243074,-0.009627,1.243112,3.125919,29.279912,0.337307
5,17,1786609258.048805,0,1,58.735337,13.111190,29.570480,13.396311,-1.560498,0.024979,1.560698,1.280828,-0.010237,1.280869,3.125587,29.166251,0.356953
5,18,1786609258.088817,0,1,58.670944,13.112243,29.623102,13.395878,-1.609834,0.026326,1.610049,1.315531,-0.010845,1.315575,3.125241,29.049227,0.377440
5,19,1786609258.128778,0,1,58.604630,13.113351,29.676999,13.395420,-1.657864,0.027703,1.658095,1.347426,-0.011450,1.347475,3.124884,28.929006,0.398647
5,20,1786609258.168808,0,1,58.536445,13.114515,29.732068,13.394938,-1.704622,0.029107,1.704871,1.376740,-0.012052,1.376793,3.124519,28.805741,0.420470
5,21,1786609258.208818,0,1,58.466439,13.115736,29.788215,13.394432,-1.750144,0.030537,1.750410,1.403678,-0.012651,1.403735,3.124146,28.679578,0.442822
5,22,1786609258.248812,0,1,58.394660,13.117016,29.845353,13.393902,-1.794462,0.031990,1.794747,1.428429,-0.013247,1.428491,3.123768,28.550650,0.465627
5,23,1786609258.288807,0,1,58.321156,13.118355,29.903402,13.393350,-1.837609,0.033463,1.837914,1.451231,-0.013802,1.451297,3.123385,28.419085,0.488818
5,24,1786609258.328820,0,1,58.245966,13.119601,29.962291,13.392777,-1.879744,0.031169,1.880003,1.472239,-0.014319,1.472309,3.125013,28.284994,0.396591
5,25,1786609258.368786,0,1,58.169134,13.120807,30.021955,13.392185,-1.920806,0.030130,1.921043,1.491596,-0.014800,1.491669,3.125908,28.148487,0.346294
5,26,1786609258.408885,0,1,58.090700,13.121936,30.082333,13.391575,-1.960859,0.028243,1.961063,1.509435,-0.015249,1.509512,3.127190,28.009665,0.273630
5,27,1786609258.448814,0,1,58.010703,13.122992,30.143368,13.390948,-1.999915,0.026398,2.000089,1.525876,-0.015667,1.525956,3.128394,27.868624,0.205337
5,28,1786609258.488873,0,1,57.929183,13.123960,30.205009,13.390306,-2.038006,0.024198,2.038150,1.541032,-0.016058,1.541116,3.129720,27.725453,0.129842
5,29,1786609258.528824,0,1,57.846177,13.124833,30.267209,13.389649,-2.075155,0.021818,2.075270,1.555006,-0.016424,1.555092,3.131079,27.580239,0.052227
5,30,1786609258.568823,0,1,57.761721,13.125600,30.329925,13.388978,-2.111389,0.019174,2.111476,1.567891,-0.016765,1.567981,3.132512,27.433061,0.029787
5,31,1786609258.608801,0,1,57.675852,13.126252,30.393116,13.388295,-2.146730,0.016307,2.146792,1.579776,-0.017085,1.579869,3.133997,27.283994,0.115071
5,32,1786609258.648801,0,1,57.588604,13.126780,30.456746,13.387600,-2.181202,0.013199,2.181242,1.590740,-0.017385,1.590835,3.135541,27.133112,0.204059
5,33,1786609258.688823,0,1,57.500011,13.127175,30.520780,13.386893,-2.214829,0.009863,2.214851,1.600857,-0.017666,1.600955,3.137139,26.980481,0.296399
5,34,1786609258.728781,0,1,57.410105,13.127426,30.585188,13.386176,-2.247632,0.006298,2.247641,1.610195,-0.017930,1.610295,3.138791,26.826166,0.392106
5,35,1786609258.768808,0,1,57.318920,13.127527,30.649940,13.385448,-2.279633,0.002511,2.279634,1.618816,-0.018179,1.618918,3.140491,26.670227,0.490987
5,36,1786609258.808822,0,1,57.226486,13.127467,30.715011,13.384712,-2.310853,-0.001493,2.310853,1.626777,-0.018412,1.626881,-3.140947,26.512723,0.592939
5,37,1786609258.848806,0,1,57.132833,13.127239,30.780377,13.383967,-2.341312,-0.005706,2.341319,1.634131,-0.018633,1.634237,-3.139155,26.353707,0.697801
5,38,1786609258.888825,0,1,57.037992,13.126834,30.846014,13.383213,-2.371030,-0.010123,2.371052,1.640927,-0.018840,1.641035,-3.137323,26.193233,0.805435
5,39,1786609258.928826,0,1,56.941991,13.126245,30.911902,13.382452,-2.400027,-0.014735,2.400072,1.647209,-0.019037,1.647319,-3.135453,26.031350,0.915682
5,40,1786609258.968831,0,1,56.844858,13.125463,30.978023,13.381683,-2.428321,-0.019533,2.428400,1.653018,-0.019222,1.653130,-3.133549,25.868105,1.028394
5,41,1786609259.008772,0,1,56.746621,13.124483,31.044358,13.380907,-2.455931,-0.024511,2.456053,1.658393,-0.019398,1.658506,-3.131613,25.703542,1.143415
5,42,1786609259.048801,0,1,56.647306,13.123297,31.110893,13.380124,-2.482875,-0.029658,2.483052,1.663368,-0.019565,1.663483,-3.129648,25.537704,1.260596
5,43,1786609259.088788,0,1,56.546939,13.121898,31.177612,13.379335,-2.509170,-0.034967,2.509414,1.667975,-0.019723,1.668091,-3.127658,25.370633,1.379788
5,44,1786609259.128811,0,1,56.445546,13.120281,31.244502,13.378540,-2.534833,-0.040427,2.535155,1.672243,-0.019873,1.672361,-3.125646,25.202367,1.500847
5,45,1786609259.168790,0,1,56.343151,13.118440,31.311550,13.377740,-2.559881,-0.046030,2.560295,1.676200,-0.020017,1.676319,-3.123613,25.032944,1.623634
5,46,1786609259.208783,0,1,56.239778,13.116369,31.378745,13.376934,-2.584330,-0.051766,2.584849,1.679870,-0.020153,1.679991,-3.121565,24.862398,1.748013
5,47,1786609259.248774,0,1,56.135450,13.114064,31.446076,13.376122,-2.608196,-0.057627,2.608832,1.683277,-0.020284,1.683399,-3.119501,24.690765,1.873857
5,48,1786609259.288830,0,1,56.030190,13.111520,31.513535,13.375308,-2.631494,-0.063604,2.632262,1.686482,-0.020351,1.686605,-3.117427,24.518074,2.001049
5,49,1786609259.328775,0,1,55.924025,13.108699,31.581115,13.374494,-2.654127,-0.070509,2.655063,1.689503,-0.020360,1.689626,-3.115033,24.344361,2.147330
5,50,1786609259.368775,0,1,55.816979,13.105621,31.648809,13.373681,-2.676147,-0.076951,2.677253,1.692354,-0.020315,1.692476,-3.112846,24.169656,2.282511
5,51,1786609259.408812,0,1,55.709077,13.102261,31.716611,13.372872,-2.697541,-0.084012,2.698849,1.695048,-0.020221,1.695168,-3.110459,23.993992,2.430046
5,52,1786609259.448817,0,1,55.600343,13.098629,31.784515,13.372069,-2.718351,-0.090790,2.719867,1.697598,-0.020081,1.697716,-3.108206,23.817398,2.570711
5,53,1786609259.488777,0,1,55.490801,13.094708,31.852516,13.371273,-2.738569,-0.098024,2.740322,1.700015,-0.019899,1.700131,-3.105814,23.639903,2.720278
5,54,1786609259.528808,0,1,55.380471,13.090506,31.920608,13.370486,-2.758232,-0.105056,2.760232,1.702311,-0.019680,1.702424,-3.103523,23.461534,2.864996
5,55,1786609259.568792,0,1,55.269378,13.086008,31.988788,13.369709,-2.777334,-0.112453,2.779610,1.704494,-0.019424,1.704605,-3.101125,23.282319,3.016792
5,56,1786609259.608799,0,1,55.157541,13.081221,32.057051,13.368943,-2.795912,-0.119678,2.798472,1.706574,-0.019137,1.706681,-3.098814,23.102282,3.164629
5,57,1786609259.648777,0,1,55.044983,13.076132,32.125393,13.368191,-2.813957,-0.127219,2.816831,1.708559,-0.018819,1.708663,-3.096413,22.921451,3.318651
5,58,1786609259.688779,0,1,54.931723,13.070749,32.193811,13.367452,-2.831506,-0.134586,2.834703,1.710457,-0.018475,1.710557,-3.094097,22.739847,3.468918
5,59,1786609259.728754,0,1,54.817781,13.065059,32.262302,13.366728,-2.848550,-0.142252,2.852100,1.712275,-0.018105,1.712371,-3.091696,22.557496,3.625137
5,60,1786609259.768862,0,1,54.703176,13.059070,32.330863,13.366019,-2.865126,-0.149714,2.869035,1.714019,-0.017712,1.714110,-3.089386,22.374418,3.777260
5,61,1786609259.808822,0,1,54.587927,13.052770,32.399491,13.365327,-2.881220,-0.157488,2.885521,1.715694,-0.017298,1.715781,-3.086987,22.190637,3.935728
5,62,1786609259.848813,0,1,54.472052,13.046171,32.468183,13.364653,-2.896876,-0.164999,2.901571,1.717307,-0.016864,1.717390,-3.084697,22.006173,4.089140
5,63,1786609259.888821,0,1,54.355569,13.039255,32.536938,13.363996,-2.912070,-0.172876,2.917197,1.718863,-0.016413,1.718941,-3.082297,21.821048,4.250102
5,64,1786609259.928832,0,1,54.238495,13.032040,32.605752,13.363358,-2.926857,-0.180380,2.932410,1.720365,-0.015945,1.720439,-3.080041,21.635280,4.404093
5,65,1786609259.968786,0,1,54.120847,13.024505,32.674625,13.362740,-2.941195,-0.188375,2.947222,1.721819,-0.015463,1.721889,-3.077633,21.448889,4.568184
5,66,1786609260.008878,0,1,54.002641,13.016673,32.743530,13.362141,-2.955165,-0.195795,2.961644,1.722609,-0.014962,1.722674,-3.075434,21.261918,4.721603
5,67,1786609260.048821,0,1,53.883893,13.008515,32.812434,13.361564,-2.968688,-0.203967,2.975687,1.722614,-0.014442,1.722674,-3.072994,21.074416,4.890278
5,68,1786609260.088870,0,1,53.764617,13.000068,32.881339,13.361007,-2.981893,-0.211164,2.989361,1.722618,-0.013911,1.722674,-3.070895,20.886397,5.040848
5,69,1786609260.128875,0,1,53.644832,12.991281,32.950244,13.360472,-2.994630,-0.219671,3.002676,1.722622,-0.013371,1.722674,-3.068369,20.697881,5.217465
5,70,1786609260.168827,0,1,53.524547,12.982227,33.019149,13.359959,-3.007136,-0.226355,3.015643,1.722626,-0.012823,1.722674,-3.066462,20.508877,5.360014
5,71,1786609260.208823,0,1,53.403783,12.972803,33.088054,13.359469,-3.019091,-0.235614,3.028271,1.722630,-0.012267,1.722674,-3.063709,20.319408,5.552760
5,72,1786609260.248818,0,1,53.282543,12.963160,33.156959,13.359001,-3.030998,-0.241072,3.040570,1.722634,-0.011703,1.722674,-3.062224,20.129476,5.674249
5,73,1786609260.288778,0,1,53.160859,12.953071,33.225865,13.358554,-3.042110,-0.252216,3.052547,1.722638,-0.011156,1.722674,-3.058874,19.939117,5.904699
5,74,1786609260.328790,0,1,53.038602,12.944409,33.294771,13.358129,-3.056418,-0.216549,3.064080,1.722641,-0.010624,1.722674,-3.070860,19.748166,5.253099
5,75,1786609260.368869,0,1,52.915997,12.934472,33.363676,13.357725,-3.065122,-0.248418,3.075172,1.722644,-0.010106,1.722674,-3.060723,19.556901,5.873605
5,76,1786609260.408821,0,1,52.792850,12.926067,33.432582,13.357341,-3.078680,-0.210130,3.085843,1.722647,-0.009600,1.722674,-3.073445,19.365071,5.180693
5,77,1786609260.448818,0,1,52.669276,12.917888,33.501488,13.356977,-3.089339,-0.204470,3.096098,1.722650,-0.009106,1.722674,-3.075503,19.172817,5.098927
5,78,1786609260.488779,0,1,52.545249,12.910652,33.570394,13.356632,-3.100680,-0.180922,3.105954,1.722653,-0.008623,1.722674,-3.083310,18.980095,4.685791
5,79,1786609260.528816,0,1,52.420863,12.903066,33.639300,13.356306,-3.109649,-0.189632,3.115425,1.722655,-0.008150,1.722674,-3.080686,18.787031,4.872082
5,80,1786609260.568884,0,1,52.296009,12.897433,33.708207,13.355999,-3.121345,-0.140822,3.124520,1.722657,-0.007686,1.722674,-3.096507,18.593458,3.996404
5,81,1786609260.608874,0,1,52.170874,12.890448,33.777113,13.355709,-3.128392,-0.174637,3.133262,1.722659,-0.007231,1.722674,-3.085827,18.399644,4.644082
5,82,1786609260.648819,0,1,52.045308,12.885432,33.846020,13.355438,-3.139140,-0.125388,3.141643,1.722661,-0.006783,1.722674,-3.101670,18.205357,3.766745
5,83,1786609260.688814,0,1,51.919441,12.879909,33.914926,13.355184,-3.146667,-0.138073,3.149695,1.722662,-0.006343,1.722674,-3.097742,18.010787,4.024602
5,84,1786609260.728801,0,1,51.793190,12.876524,33.983833,13.354948,-3.156278,-0.084640,3.157413,1.722664,-0.005909,1.722674,-3.114783,17.815783,3.074901
5,85,1786609260.768782,0,1,51.666681,12.871928,34.052739,13.354729,-3.162745,-0.114885,3.164831,1.722665,-0.005482,1.722674,-3.105284,17.620557,3.650419
5,86,1786609260.808794,0,1,51.539827,12.869487,34.121646,13.354526,-3.171342,-0.061034,3.171929,1.722667,-0.005061,1.722674,-3.122349,17.424933,2.697644
5,87,1786609260.848783,0,1,51.412728,12.865884,34.190553,13.354341,-3.177471,-0.090083,3.178748,1.722668,-0.004644,1.722674,-3.113250,17.229101,3.248517
5,88,1786609260.888808,0,1,51.285325,12.864458,34.259459,13.354171,-3.185069,-0.035633,3.185268,1.722669,-0.004233,1.722674,-3.130406,17.032907,2.288506
5,89,1786609260.928817,0,1,51.157676,12.862726,34.328362,13.354018,-3.191235,-0.043313,3.191529,1.722571,-0.003826,1.722575,-3.128021,16.836483,2.449739
5,90,1786609260.968783,0,1,51.029777,12.863346,34.397257,13.353881,-3.197482,0.015501,3.197519,1.722371,-0.003423,1.722375,3.136745,16.639751,1.411544
5,91,1786609261.008851,0,1,50.901646,12.862920,34.466140,13.353760,-3.203261,-0.010650,3.203278,1.722078,-0.003024,1.722080,-3.138268,16.442834,1.901110
5,92,1786609261.048867,0,1,50.773310,12.864860,34.535008,13.353655,-3.208406,0.048509,3.208772,1.721698,-0.002629,1.721700,3.126474,16.245657,0.857949
5,93,1786609261.088815,0,1,50.644751,12.865755,34.603858,13.353566,-3.213975,0.022366,3.214053,1.721238,-0.002237,1.721240,3.134634,16.048309,1.343133
5,94,1786609261.128874,0,1,50.516029,12.869028,34.672686,13.353492,-3.218045,0.081832,3.219086,1.720706,-0.001848,1.720707,3.116169,15.850749,0.294795
5,95,1786609261.168835,0,1,50.387091,12.871256,34.741490,13.353433,-3.223441,0.055696,3.223922,1.720106,-0.001462,1.720106,3.124316,15.653030,0.775332
5,96,1786609261.208831,0,1,50.258033,12.875873,34.810268,13.353390,-3.226463,0.115432,3.228527,1.719444,-0.001079,1.719444,3.105831,15.455144,0.278428
5,97,1786609261.248879,0,1,50.128764,12.879445,34.879017,13.353362,-3.231718,0.089302,3.232952,1.718725,-0.000699,1.718725,3.113967,15.257110,0.197162
5,98,1786609261.288815,0,1,49.999416,12.885416,34.947744,13.353341,-3.233717,0.149272,3.237161,1.718181,-0.000529,1.718182,3.095464,15.058943,0.862336
5,99,1786609261.328778,0,1,49.869858,12.890342,35.016456,13.353319,-3.238937,0.123150,3.241278,1.717798,-0.000553,1.717798,3.103589,14.860616,0.392119
5,100,1786609261.368755,0,1,49.740096,12.893886,35.085159,13.353289,-3.244049,0.088600,3.245259,1.717563,-0.000754,1.717563,3.114288,14.662136,0.231064
5,101,1786609261.408794,0,1,49.610253,12.899501,35.153857,13.353244,-3.246082,0.140372,3.249116,1.717464,-0.001119,1.717465,3.098376,14.463515,0.678370
5,102,1786609261.448830,0,1,49.480207,12.903732,35.222557,13.353179,-3.251152,0.105768,3.252872,1.717490,-0.001634,1.717491,3.109072,14.264732,0.057773
5,103,1786609261.488790,0,1,49.350026,12.908280,35.291262,13.353087,-3.254522,0.113695,3.256507,1.717632,-0.002288,1.717633,3.106672,14.065799,0.188603
5,104,1786609261.528800,0,1,49.219655,12.911125,35.359977,13.352964,-3.259260,0.071134,3.260036,1.717879,-0.003068,1.717882,3.119771,13.866719,0.575640
5,105,1786609261.568778,0,1,49.089198,12.915736,35.428706,13.352806,-3.261423,0.115278,3.263460,1.718224,-0.003966,1.718228,3.106261,13.667483,0.191768
5,106,1786609261.608794,0,1,48.958559,12.918641,35.497452,13.352607,-3.265975,0.072616,3.266782,1.718658,-0.004970,1.718666,3.119362,13.468100,0.572783
5,107,1786609261.648775,0,1,48.827843,12.923315,35.566219,13.352364,-3.267916,0.116854,3.270004,1.719176,-0.006073,1.719186,3.105850,13.268562,0.194891
5,108,1786609261.688788,0,1,48.696951,12.926279,35.635010,13.352073,-3.272292,0.074097,3.273130,1.719769,-0.007267,1.719784,3.118953,13.068879,0.569904
5,109,1786609261.728795,0,1,48.565990,12.931016,35.703827,13.351732,-3.274021,0.118425,3.276162,1.720431,-0.008543,1.720453,3.105437,12.869042,0.198093
5,110,1786609261.768801,0,1,48.434861,12.934039,35.772674,13.351336,-3.278232,0.075577,3.279103,1.721159,-0.009894,1.721187,3.118542,12.669062,0.566888
5,111,1786609261.808791,0,1,48.303671,12.938839,35.841552,13.350883,-3.279759,0.119989,3.281953,1.721945,-0.011316,1.721982,3.105024,12.468929,0.201488
5,112,1786609261.848884,0,1,48.172318,12.941921,35.910457,13.350371,-3.283814,0.077057,3.284718,1.722627,-0.012799,1.722674,3.118131,12.268662,0.563621
5,113,1786609261.888795,0,1,48.040912,12.946783,35.979361,13.349798,-3.285149,0.121547,3.287397,1.722614,-0.014335,1.722674,3.104611,12.068282,0.205193
5,114,1786609261.929007,0,1,47.909350,12.949924,36.048265,13.349161,-3.289058,0.078535,3.289995,1.722601,-0.015922,1.722674,3.117719,11.867802,0.559981
5,115,1786609261.968913,0,1,47.777679,12.950994,36.117169,13.348459,-3.291762,0.026750,3.291871,1.722585,-0.017556,1.722674,3.133467,11.667283,1.486656
5,116,1786609262.009076,0,1,47.645936,12.951086,36.186071,13.347689,-3.293595,0.002306,3.293595,1.722567,-0.019233,1.722674,3.140892,11.466725,1.941980
5,117,1786609262.049084,0,1,47.514137,12.952528,36.254973,13.346851,-3.294965,0.036032,3.295162,1.722547,-0.020948,1.722674,3.130658,11.266067,1.379292
5,118,1786609262.089076,0,1,47.382277,12.951805,36.323874,13.345944,-3.296494,-0.018077,3.296544,1.722525,-0.022698,1.722674,-3.136109,11.065425,2.355445
5,119,1786609262.129107,0,1,47.250369,12.952431,36.392774,13.344964,-3.297712,0.015662,3.297749,1.722500,-0.024479,1.722674,3.136843,10.864688,1.798386
5,120,1786609262.169017,0,1,47.118428,12.950891,36.461673,13.343913,-3.298516,-0.038505,3.298741,1.722474,-0.026287,1.722674,-3.129920,10.664000,2.780920
5,121,1786609262.209038,0,1,46.986509,12.946832,36.530571,13.342788,-3.297969,-0.101469,3.299529,1.722445,-0.028121,1.722674,-3.110835,10.463433,3.930961
5,122,1786609262.249104,0,1,46.854540,12.943777,36.599467,13.341589,-3.299244,-0.076389,3.300128,1.722413,-0.029977,1.722674,-3.118443,10.262785,3.547854
5,123,1786609262.289017,0,1,46.722640,12.938202,36.668363,13.340327,-3.297498,-0.139359,3.300441,1.722385,-0.031545,1.722674,-3.099356,10.062315,4.710341
5,124,1786609262.329103,0,1,46.590702,12.933631,36.737257,13.339013,-3.298455,-0.114272,3.300434,1.722361,-0.032848,1.722674,-3.106962,9.861780,4.340047
5,125,1786609262.369094,0,1,46.458893,12.926544,36.806151,13.337657,-3.295220,-0.177184,3.299980,1.722340,-0.033907,1.722674,-3.087874,9.661493,5.516599
5,126,1786609262.409107,0,1,46.327066,12.920461,36.875044,13.336267,-3.295677,-0.152075,3.299183,1.722324,-0.034742,1.722674,-3.095482,9.461163,5.160852
5,127,1786609262.448915,0,1,46.195431,12.911867,36.943936,13.334852,-3.290872,-0.214857,3.297879,1.722311,-0.035371,1.722674,-3.076396,9.261159,6.353263
5,128,1786609262.488946,0,1,46.063801,12.904278,37.012828,13.333420,-3.290745,-0.189711,3.296208,1.722302,-0.035809,1.722674,-3.084006,9.061141,6.014033
5,129,1786609262.528994,0,1,45.932430,12.894187,37.081720,13.331977,-3.284281,-0.252285,3.293957,1.722296,-0.036073,1.722674,-3.064927,8.861530,7.224362
5,130,1786609262.569026,0,1,45.801091,12.885103,37.150612,13.330530,-3.283474,-0.227085,3.291317,1.722294,-0.036177,1.722674,-3.072543,8.661939,6.903917
5,131,1786609262.608961,0,1,45.670081,12.873529,37.219504,13.329085,-3.275253,-0.289360,3.288010,1.722295,-0.036133,1.722674,-3.053474,8.462847,8.134548
5,132,1786609262.648918,0,1,45.539501,12.859127,37.288396,13.327647,-3.264503,-0.360048,3.284298,1.722299,-0.035953,1.722674,-3.031745,8.264396,9.543737
5,133,1786609262.688914,0,1,45.409011,12.845398,37.357288,13.326221,-3.262249,-0.343219,3.280254,1.722305,-0.035648,1.722674,-3.036769,8.066066,9.423417
5,134,1786609262.728896,0,1,45.279040,12.828865,37.426181,13.324812,-3.249268,-0.413339,3.275453,1.722314,-0.035228,1.722674,-3.015062,7.868504,10.863365
5,135,1786609262.768887,0,1,45.149191,12.813012,37.495074,13.323423,-3.246228,-0.396327,3.270332,1.722325,-0.034703,1.722674,-3.020105,7.671117,10.775806
5,136,1786609262.808880,0,1,45.019951,12.794382,37.563967,13.322060,-3.230988,-0.465749,3.264384,1.722337,-0.034080,1.722674,-2.998428,7.474633,12.250942
5,137,1786609262.849044,0,1,44.891449,12.772655,37.632861,13.320725,-3.212547,-0.543161,3.258141,1.722351,-0.033369,1.722674,-2.974102,7.279250,13.914521
5,138,1786609262.889003,0,1,44.763147,12.751293,37.701756,13.319422,-3.207550,-0.534063,3.251708,1.722366,-0.032576,1.722674,-2.976604,7.084209,14.053005
5,139,1786609262.929049,0,1,44.635687,12.726876,37.770651,13.318154,-3.186515,-0.610408,3.244454,1.722382,-0.031707,1.722674,-2.952326,6.890452,15.766874
5,140,1786609262.968855,0,1,44.508455,12.702839,37.839547,13.316923,-3.180790,-0.600931,3.237058,1.722399,-0.030769,1.722674,-2.954868,6.697121,15.959573
5,141,1786609263.009090,0,1,44.382165,12.675796,37.908444,13.315733,-3.157262,-0.676077,3.228836,1.722417,-0.029768,1.722674,-2.930645,6.505273,17.731865
5,142,1786609263.049117,0,1,44.256129,12.649149,37.977341,13.314584,-3.150878,-0.666184,3.220533,1.722435,-0.028708,1.722674,-2.933233,6.313952,17.987830
5,143,1786609263.089121,0,1,44.131129,12.619548,38.046239,13.313481,-3.125000,-0.740014,3.211424,1.722453,-0.027595,1.722674,-2.909071,6.124331,19.828499
5,144,1786609263.129120,0,1,44.006407,12.590361,38.115138,13.312423,-3.118069,-0.729685,3.202311,1.722471,-0.026433,1.722674,-2.911711,5.935354,20.158832
5,145,1786609263.169003,0,1,43.882805,12.558276,38.184038,13.311414,-3.090033,-0.802112,3.192442,1.722489,-0.025226,1.722674,-2.887618,5.748319,22.080159
5,146,1786609263.208969,0,1,43.759497,12.526622,38.252938,13.310455,-3.082715,-0.791348,3.182666,1.722507,-0.023978,1.722674,-2.890313,5.562067,22.498595
5,147,1786609263.248972,0,1,43.637386,12.492130,38.321839,13.309547,-3.052770,-0.862320,3.172223,1.722525,-0.022692,1.722674,-2.866294,5.378031,24.515859
5,148,1786609263.288952,0,1,43.515575,12.458083,38.390741,13.308695,-3.045281,-0.851152,3.161992,1.722542,-0.021313,1.722674,-2.869049,5.194946,25.039555
5,149,1786609263.329007,0,1,43.393993,12.424793,38.459639,13.307901,-3.039543,-0.832252,3.151423,1.722462,-0.019847,1.722576,-2.874335,5.012757,25.459623
5,150,1786609263.369007,0,1,43.273568,12.389042,38.528530,13.307169,-3.010638,-0.893776,3.140506,1.722278,-0.018302,1.722375,-2.853007,4.833046,27.485667
5,151,1786609263.409056,0,1,43.153351,12.354050,38.597410,13.306502,-3.005412,-0.874816,3.130145,1.721998,-0.016684,1.722079,-2.858339,4.654435,28.037256
5,152,1786609263.449098,0,1,43.034307,12.316635,38.666275,13.305902,-2.976095,-0.935368,3.119625,1.721631,-0.015000,1.721696,-2.837074,4.478655,30.208613
5,153,1786609263.489124,0,1,42.915437,12.279976,38.735123,13.305371,-2.971744,-0.916474,3.109853,1.721182,-0.013254,1.721233,-2.842451,4.304238,30.921608
5,154,1786609263.528933,0,1,42.796655,12.244364,38.803949,13.304913,-2.969563,-0.890296,3.100150,1.720659,-0.011453,1.720697,-2.850313,4.131158,31.564610
5,155,1786609263.569019,0,1,42.678923,12.206659,38.872752,13.304529,-2.943312,-0.942627,3.090571,1.720068,-0.009601,1.720094,-2.831653,3.961345,33.848147
5,156,1786609263.609108,0,1,42.561224,12.169986,38.941528,13.304221,-2.942455,-0.916827,3.081982,1.719413,-0.007704,1.719430,-2.839541,3.793243,34.704719
5,157,1786609263.649114,0,1,42.443467,12.134627,39.010276,13.303990,-2.943941,-0.883973,3.073792,1.718701,-0.005764,1.718710,-2.849890,3.626873,35.522479
5,158,1786609263.689124,0,1,42.325562,12.100864,39.078994,13.303839,-2.947608,-0.844081,3.066083,1.717935,-0.003786,1.717939,-2.862695,3.462276,36.311224
5,159,1786609263.729107,0,1,42.208403,12.065577,39.147678,13.303768,-2.928974,-0.882180,3.058943,1.717120,-0.001774,1.717121,-2.849044,3.301690,38.787208
5,160,1786609263.769109,0,1,42.091027,12.031857,39.216329,13.303779,-2.934410,-0.843000,3.053099,1.716260,0.000270,1.716260,-2.861845,3.143513,39.895546
5,161,1786609263.809117,0,1,41.973343,11.999982,39.284943,13.303873,-2.942097,-0.796858,3.048101,1.715358,0.002341,1.715360,-2.877091,2.987913,41.028466
5,162,1786609263.849086,0,1,41.855271,11.970235,39.353520,13.304050,-2.951794,-0.743679,3.044034,1.714418,0.004438,1.714424,-2.894788,2.835105,42.205295
5,163,1786609263.889030,0,1,41.736743,11.942901,39.422058,13.304312,-2.963204,-0.683351,3.040977,1.713443,0.006558,1.713456,-2.914943,2.685370,43.448514
5,164,1786609263.929133,0,1,41.617705,11.918272,39.490555,13.304660,-2.975966,-0.615730,3.038996,1.712436,0.008698,1.712458,-2.937570,2.539062,44.784259
5,165,1786609263.969113,0,1,41.498119,11.896646,39.559011,13.305094,-2.989644,-0.540641,3.038135,1.711399,0.010856,1.711433,-2.962688,2.396636,46.242815
5,166,1786609264.009116,0,1,41.377970,11.878331,39.627424,13.305616,-3.003715,-0.457883,3.038414,1.710334,0.013030,1.710384,-2.990318,2.258662,47.859003
5,167,1786609264.049085,0,1,41.257268,11.863642,39.695794,13.306224,-3.017554,-0.367234,3.039818,1.709244,0.015218,1.709312,-3.020489,2.125852,49.672320
5,168,1786609264.088994,0,1,41.136051,11.852903,39.764119,13.306921,-3.030423,-0.268470,3.042291,1.708132,0.017419,1.708220,-3.053232,1.999091,51.726524
5,169,1786609264.129126,0,1,41.014393,11.846448,39.832399,13.307706,-3.041462,-0.161376,3.045741,1.706997,0.019630,1.707110,-3.088584,1.879464,54.068240
5,170,1786609264.169023,0,1,40.892426,11.843535,39.900633,13.308580,-3.049158,-0.072830,3.050028,1.705844,0.021851,1.705983,-3.117712,1.769184,57.271399
5,171,1786609264.208965,0,1,40.770230,11.842906,39.968820,13.309544,-3.054900,-0.015727,3.054941,1.704672,0.024079,1.704842,-3.136445,1.671313,61.641575
5,172,1786609264.248853,0,1,40.647823,11.843285,40.036959,13.310596,-3.060192,0.009488,3.060207,1.703483,0.026314,1.703686,3.138492,1.589389,67.219661
5,173,1786609264.288880,0,1,40.525204,11.844385,40.105065,13.311720,-3.065454,0.027501,3.065577,1.702637,0.028096,1.702869,3.132622,1.526299,73.508067
5,174,1786609264.329054,0,1,40.402397,11.845915,40.173149,13.312898,-3.070184,0.038249,3.070422,1.702106,0.029462,1.702361,3.129135,1.484788,80.404356
5,175,1786609264.369016,0,1,40.279510,11.850916,40.241223,13.314116,-3.072175,0.125034,3.074718,1.701864,0.030445,1.702136,3.100916,1.463701,86.170534
5,176,1786609264.409076,0,1,40.156484,11.856313,40.309299,13.315359,-3.075642,0.134906,3.078599,1.701888,0.031073,1.702172,3.097758,1.467027,93.467592
5,177,1786609264.449118,0,1,40.033330,11.861807,40.377385,13.316614,-3.078870,0.137365,3.081933,1.702158,0.031377,1.702447,3.097007,1.494937,100.751164
5,178,1786609264.489107,0,1,39.910130,11.868650,40.445491,13.317869,-3.079985,0.171067,3.084732,1.702654,0.031380,1.702943,3.086108,1.544943,107.095871
5,179,1786609264.529044,0,1,39.786825,11.875252,40.513626,13.319114,-3.082643,0.165047,3.087058,1.703356,0.031108,1.703640,3.088103,1.616471,113.654724
5,180,1786609264.569110,0,1,39.663647,11.884905,40.581796,13.320337,-3.079440,0.241339,3.088883,1.704250,0.030583,1.704525,3.063382,1.703955,118.123136
5,181,1786609264.609139,0,1,39.540393,11.894319,40.650008,13.321530,-3.081342,0.235345,3.090317,1.705319,0.029824,1.705580,3.065363,1.807810,123.496398
5,182,1786609264.648989,0,1,39.417372,11.906782,40.718270,13.322684,-3.075534,0.311579,3.091277,1.706550,0.028851,1.706794,3.040628,1.922788,126.791257
5,183,1786609264.689038,0,1,39.294302,11.919005,40.786588,13.323791,-3.076739,0.305568,3.091876,1.707930,0.027681,1.708154,3.042602,2.049473,131.058197
5,184,1786609264.729102,0,1,39.171174,11.930685,40.854965,13.324845,-3.078210,0.291998,3.092029,1.709446,0.026331,1.709649,3.047016,2.186055,134.956790
5,185,1786609264.768936,0,1,39.048346,11.945095,40.923409,13.325837,-3.070695,0.360245,3.091754,1.711088,0.024813,1.711268,3.024809,2.328586,136.941943
5,186,1786609264.808909,0,1,38.925480,11.958959,40.991923,13.326763,-3.071648,0.346618,3.091143,1.712846,0.023144,1.713003,3.029224,2.478119,140.060668
5,187,1786609264.848855,0,1,38.802992,11.975543,41.060511,13.327616,-3.062195,0.414594,3.090133,1.714710,0.021334,1.714843,3.007020,2.631443,141.371317
5,188,1786609264.888939,0,1,38.680485,11.991579,41.129178,13.328392,-3.062689,0.400889,3.088814,1.716673,0.019397,1.716782,3.011438,2.789833,143.911281
5,189,1786609264.928936,0,1,38.558430,12.010319,41.197927,13.329086,-3.051364,0.468507,3.087122,1.718725,0.017342,1.718813,2.989242,2.950608,144.722961
5,190,1786609264.968936,0,1,38.436372,12.028507,41.266762,13.329693,-3.051455,0.454707,3.085147,1.720861,0.015179,1.720927,2.993668,3.115155,146.835368
5,191,1786609265.008938,0,1,38.314284,12.045843,41.335667,13.330210,-3.052208,0.433398,3.082825,1.722626,0.012915,1.722674,3.000541,3.283040,148.888343
5,192,1786609265.048934,0,1,38.192665,12.065560,41.404572,13.330632,-3.040478,0.492912,3.080174,1.722642,0.010551,1.722674,2.980874,3.452066,149.293551
5,193,1786609265.088936,0,1,38.071028,12.084421,41.473479,13.330956,-3.040918,0.471533,3.077260,1.722655,0.008108,1.722674,2.987755,3.623606,151.064750
5,194,1786609265.128910,0,1,37.949912,12.105647,41.542385,13.331180,-3.027895,0.530645,3.074041,1.722665,0.005594,1.722674,2.968102,3.795760,151.223233
5,195,1786609265.168879,0,1,37.829432,12.129523,41.611292,13.331300,-3.012008,0.596897,3.070583,1.722671,0.003017,1.722674,2.945955,3.968216,151.161869
5,196,1786609265.208887,0,1,37.708990,12.152832,41.680199,13.331316,-3.011040,0.582740,3.066911,1.722674,0.000383,1.722674,2.950422,4.142381,152.518090
5,197,1786609265.248937,0,1,37.588546,12.175281,41.749106,13.331224,-3.011107,0.561217,3.062961,1.722673,-0.002302,1.722674,2.957325,4.318155,153.915155
5,198,1786609265.288855,0,1,37.468730,12.200054,41.818013,13.331034,-2.995394,0.619322,3.058749,1.722668,-0.004743,1.722674,2.937707,4.493926,153.741971
5,199,1786609265.328936,0,1,37.348882,12.223970,41.886919,13.330756,-2.996214,0.597912,3.055290,1.722660,-0.006958,1.722674,2.944624,4.671055,155.008217
5,200,1786609265.368931,0,1,37.228924,12.246745,41.955825,13.330397,-2.998937,0.569360,3.052507,1.722651,-0.008966,1.722674,2.953972,4.849525,156.338048
5,201,1786609265.408935,0,1,37.109457,12.271552,42.024731,13.329965,-2.986674,0.620190,3.050387,1.722640,-0.010784,1.722674,2.936850,5.027937,156.117080
5,202,1786609265.448905,0,1,36.989820,12.295231,42.093636,13.329468,-2.990926,0.591952,3.048942,1.722629,-0.012427,1.722674,2.946202,5.207551,157.349613
5,203,1786609265.488934,0,1,36.869945,12.317492,42.162540,13.328912,-2.996885,0.556526,3.048121,1.722618,-0.013908,1.722674,2.957983,5.388371,158.661089
5,204,1786609265.528934,0,1,36.750417,12.341506,42.231445,13.328303,-2.988202,0.600365,3.047916,1.722607,-0.015240,1.722674,2.943321,5.569150,158.433737
5,205,1786609265.568933,0,1,36.630598,12.364114,42.300349,13.327645,-2.995465,0.565194,3.048320,1.722596,-0.016436,1.722674,2.955102,5.751040,159.670024
5,206,1786609265.608927,0,1,36.510431,12.385022,42.369252,13.326945,-3.004169,0.522715,3.049305,1.722585,-0.017506,1.722674,2.969321,5.934054,160.996272
5,207,1786609265.648939,0,1,36.390468,12.407410,42.438155,13.326206,-2.999092,0.559680,3.050868,1.722575,-0.018460,1.722674,2.957098,6.117084,160.790644
5,208,1786609265.688936,0,1,36.270114,12.428103,42.507058,13.325434,-3.008832,0.517333,3.052982,1.722566,-0.019307,1.722674,2.971319,6.301164,162.056900
5,209,1786609265.728808,0,1,36.149918,12.450285,42.575960,13.324632,-3.004901,0.554552,3.055644,1.722557,-0.020056,1.722674,2.959097,6.485252,161.795498
5,210,1786609265.768927,0,1,36.029293,12.470777,42.644862,13.323803,-3.015624,0.512288,3.058828,1.722550,-0.020715,1.722674,2.973321,6.670338,163.011445
5,211,1786609265.808858,0,1,35.908782,12.492768,42.713764,13.322952,-3.012780,0.549774,3.062530,1.722543,-0.021290,1.722674,2.961098,6.855434,162.702906
5,212,1786609265.848933,0,1,35.787819,12.513156,42.782665,13.322080,-3.024072,0.509710,3.066727,1.722536,-0.021789,1.722674,2.974611,7.041465,163.835961
5,213,1786609265.888927,0,1,35.666933,12.535069,42.851566,13.321191,-3.022162,0.547839,3.071415,1.722531,-0.022217,1.722674,2.962266,7.227513,163.481050
5,214,1786609265.928932,0,1,35.545546,12.555309,42.920467,13.320288,-3.034680,0.505979,3.076572,1.722526,-0.022579,1.722674,2.976380,7.414490,164.612068
5,215,1786609265.968934,0,1,35.424196,12.577085,42.989368,13.319373,-3.033735,0.544399,3.082194,1.722522,-0.022882,1.722674,2.964034,7.601501,164.222758
5,216,1786609266.008897,0,1,35.302312,12.597184,43.058269,13.318448,-3.047104,0.502493,3.088259,1.722519,-0.023130,1.722674,2.978155,7.789422,165.322800
5,217,1786609266.048928,0,1,35.180429,12.618833,43.127170,13.317515,-3.047074,0.541216,3.094765,1.722516,-0.023327,1.722674,2.965808,7.977396,164.903712
5,218,1786609266.088899,0,1,35.057979,12.638802,43.196070,13.316576,-3.061252,0.499223,3.101691,1.722514,-0.023477,1.722674,2.979938,8.166266,165.977015
5,219,1786609266.128937,0,1,34.935495,12.660332,43.264971,13.315632,-3.062087,0.538258,3.109035,1.722513,-0.023583,1.722674,2.967589,8.355213,165.531978
5,220,1786609266.168936,0,1,34.812414,12.680178,43.333871,13.314686,-3.077034,0.496141,3.116776,1.722512,-0.023650,1.722674,2.981729,8.545047,166.582072
5,221,1786609266.208939,0,1,34.689267,12.701598,43.402772,13.313739,-3.078688,0.535500,3.124913,1.722511,-0.023681,1.722674,2.969378,8.734981,166.114279
5,222,1786609266.248810,0,1,34.565492,12.721327,43.471672,13.312792,-3.094365,0.493222,3.133426,1.722511,-0.023677,1.722674,2.983529,8.925798,167.144126
5,223,1786609266.288922,0,1,34.441620,12.742643,43.540573,13.311852,-3.096795,0.532914,3.142314,1.722514,-0.023495,1.722674,2.971176,9.116739,166.656224
5,224,1786609266.328931,0,1,34.317115,12.762258,43.609473,13.310926,-3.112637,0.490359,3.151025,1.722519,-0.023149,1.722674,2.985339,9.308543,167.668197
5,225,1786609266.368931,0,1,34.192524,12.783466,43.678374,13.310020,-3.114766,0.530210,3.159572,1.722525,-0.022653,1.722674,2.972984,9.500453,167.162253
5,226,1786609266.408933,0,1,34.067314,12.802958,43.747276,13.309139,-3.130248,0.487296,3.167950,1.722533,-0.022018,1.722674,2.987159,9.693187,168.158224
5,227,1786609266.448861,0,1,33.942030,12.824050,43.816177,13.308289,-3.132097,0.527302,3.176174,1.722543,-0.021255,1.722674,2.974802,9.886014,167.636020
5,228,1786609266.488935,0,1,33.816141,12.843412,43.885080,13.307474,-3.147233,0.484045,3.184239,1.722554,-0.020376,1.722674,2.988988,10.079627,168.617607
5,229,1786609266.528931,0,1,33.690139,12.864084,43.953982,13.306699,-3.150045,0.516799,3.192157,1.722565,-0.019390,1.722674,2.978981,10.273382,168.213740
5,230,1786609266.568932,0,1,33.563541,12.882958,44.022885,13.305966,-3.164943,0.471867,3.199925,1.722577,-0.018305,1.722674,2.993591,10.467894,169.204179
5,231,1786609266.608903,0,1,33.436877,12.903393,44.091789,13.305281,-3.166615,0.510860,3.207558,1.722589,-0.017129,1.722674,2.981644,10.662489,168.675521
5,232,1786609266.648934,0,1,33.309631,12.922016,44.160693,13.304646,-3.181157,0.465586,3.215047,1.722601,-0.015871,1.722674,2.996267,10.857806,169.653927
5,233,1786609266.688937,0,1,33.182292,12.941997,44.229597,13.304065,-3.183455,0.499527,3.222408,1.722613,-0.014537,1.722674,2.985948,11.053237,169.205072
5,234,1786609266.728937,0,1,33.054384,12.960116,44.298502,13.303539,-3.197710,0.452977,3.229634,1.722624,-0.013134,1.722674,3.000872,11.249362,170.187901
5,235,1786609266.768936,0,1,32.926415,12.979769,44.367408,13.303073,-3.199237,0.491305,3.236742,1.722635,-0.011668,1.722674,2.989214,11.445560,169.650665
5,236,1786609266.808819,0,1,32.797889,12.997545,44.436313,13.302667,-3.213131,0.444421,3.243720,1.722644,-0.010144,1.722674,3.004151,11.642423,170.623383
5,237,1786609266.848927,0,1,32.669308,13.016860,44.505220,13.302324,-3.214523,0.482866,3.250587,1.722653,-0.008566,1.722674,2.992493,11.839353,170.075624
5,238,1786609266.888859,0,1,32.540186,13.034287,44.574126,13.302047,-3.228066,0.435661,3.257332,1.722660,-0.006941,1.722674,3.007443,12.036919,171.039145
5,239,1786609266.928929,0,1,32.410987,13.053081,44.643033,13.301836,-3.229977,0.469852,3.263972,1.722666,-0.005272,1.722674,2.997140,12.234575,170.558436
5,240,1786609266.968935,0,1,32.281258,13.069942,44.711939,13.301693,-3.243218,0.421531,3.270497,1.722670,-0.003564,1.722674,3.012344,12.432842,171.526532
5,241,1786609267.008953,0,1,32.151475,13.088319,44.780846,13.301621,-3.244561,0.459418,3.276926,1.722673,-0.001819,1.722674,3.000931,12.631172,170.973109
5,242,1786609267.048945,0,1,32.021178,13.104750,44.849753,13.301619,-3.257445,0.410785,3.283245,1.722674,-0.000042,1.722674,3.016148,12.830086,171.933374
5,243,1786609267.088936,0,1,31.890829,13.122701,44.918660,13.301689,-3.258716,0.448776,3.289473,1.722673,0.001765,1.722674,3.004738,13.029061,171.371675
5,244,1786609267.128940,0,1,31.759979,13.138695,44.987567,13.301833,-3.271251,0.399841,3.295597,1.722670,0.003598,1.722674,3.019967,13.228594,172.324775
5,245,1786609267.168897,0,1,31.629080,13.156212,45.056474,13.302051,-3.272463,0.437934,3.301636,1.722665,0.005454,1.722674,3.008559,13.428185,171.755459
5,246,1786609267.208935,0,1,31.497694,13.171760,45.125378,13.302345,-3.284657,0.388707,3.307577,1.722619,0.007332,1.722635,3.023800,13.628310,172.701991
5,247,1786609267.248932,0,1,31.366261,13.188836,45.194280,13.302714,-3.285823,0.426900,3.313439,1.722534,0.009228,1.722558,3.012394,13.828488,172.125650
5,248,1786609267.288858,0,1,31.234354,13.203932,45.263182,13.303149,-3.297684,0.377391,3.319208,1.722560,0.010880,1.722595,3.027647,14.029179,173.066195
5,249,1786609267.328893,0,1,31.102370,13.220214,45.332087,13.303641,-3.299601,0.407041,3.324613,1.722630,0.012306,1.722674,3.018852,14.229962,172.631562
5,250,1786609267.368929,0,1,30.969945,13.234438,45.400992,13.304182,-3.310607,0.355599,3.329650,1.722621,0.013522,1.722674,3.034591,14.431215,173.592347
5,251,1786609267.408902,0,1,30.837443,13.249660,45.469897,13.304764,-3.312559,0.380569,3.334348,1.722613,0.014546,1.722674,3.027208,14.632557,173.230447
5,252,1786609267.448941,0,1,30.704536,13.262725,45.538801,13.305380,-3.322685,0.326627,3.338700,1.722605,0.015392,1.722674,3.043605,14.834327,174.220999
5,253,1786609267.488927,0,1,30.571609,13.277174,45.607705,13.306023,-3.323164,0.361213,3.342738,1.722599,0.016073,1.722674,3.033322,15.036123,173.686638
5,254,1786609267.528915,0,1,30.438316,13.289453,45.676609,13.306687,-3.332336,0.306977,3.346445,1.722594,0.016603,1.722674,3.049731,15.238303,174.671935
5,255,1786609267.568929,0,1,30.304991,13.302828,45.745512,13.307367,-3.333129,0.334373,3.349858,1.722590,0.016994,1.722674,3.041609,15.440522,174.254519
5,256,1786609267.608930,0,1,30.171336,13.313969,45.814416,13.308057,-3.341374,0.278542,3.352963,1.722588,0.017256,1.722674,3.058423,15.643081,175.256410
5,257,1786609267.648926,0,1,30.037685,13.326442,45.883319,13.308753,-3.341277,0.311815,3.355795,1.722586,0.017399,1.722674,3.048540,15.845645,174.732437
5,258,1786609267.688895,0,1,29.903741,13.336672,45.952223,13.309450,-3.348581,0.255757,3.358334,1.722586,0.017433,1.722674,3.065363,16.048505,175.729543
5,259,1786609267.728927,0,1,29.769815,13.348233,46.021126,13.310145,-3.348166,0.289025,3.360618,1.722587,0.017368,1.722674,3.055483,16.251356,175.200556
5,260,1786609267.768925,0,1,29.635632,13.357544,46.090030,13.310833,-3.354560,0.232777,3.362626,1.722588,0.017209,1.722674,3.072313,16.454464,176.193200
5,261,1786609267.808943,0,1,29.501431,13.367582,46.158933,13.311512,-3.355025,0.250948,3.364397,1.722591,0.016966,1.722674,3.066934,16.657596,175.915233
5,262,1786609267.848902,0,1,29.367013,13.375252,46.227837,13.312178,-3.360448,0.191732,3.365913,1.722594,0.016645,1.722674,3.084599,16.860942,176.948828
5,263,1786609267.888903,0,1,29.232619,13.384141,46.296741,13.312828,-3.359870,0.222240,3.367212,1.722597,0.016253,1.722674,3.075544,17.064271,176.455112
5,264,1786609267.928924,0,1,29.098046,13.390657,46.365645,13.313459,-3.364325,0.162891,3.368266,1.722602,0.015795,1.722674,3.093213,17.267772,177.484207
5,265,1786609267.968927,0,1,28.963503,13.398393,46.434549,13.314071,-3.363563,0.193391,3.369118,1.722606,0.015276,1.722674,3.084160,17.471250,176.985879
5,266,1786609268.008936,0,1,28.828820,13.403750,46.503454,13.314659,-3.367076,0.133945,3.369739,1.722611,0.014703,1.722674,3.101833,17.674858,178.010732
5,267,1786609268.048929,0,1,28.694174,13.410328,46.572358,13.315222,-3.366158,0.164439,3.370172,1.722617,0.014079,1.722674,3.092781,17.878438,177.508083
5,268,1786609268.088869,0,1,28.559424,13.414525,46.641263,13.315758,-3.368754,0.104928,3.370387,1.722622,0.013410,1.722674,3.110455,18.082109,178.528927
5,269,1786609268.128937,0,1,28.424715,13.419942,46.710168,13.316266,-3.367707,0.135416,3.370429,1.722627,0.012698,1.722674,3.101404,18.285747,178.022221
5,270,1786609268.168933,0,1,28.289939,13.422976,46.779074,13.316744,-3.369411,0.075870,3.370265,1.722633,0.011948,1.722674,3.119079,18.489440,179.039268
5,271,1786609268.208930,0,1,28.155208,13.427231,46.847979,13.317191,-3.368261,0.106354,3.369939,1.722638,0.011163,1.722674,3.110028,18.693095,178.528744
5,272,1786609268.248934,0,1,28.020445,13.429103,46.916885,13.317604,-3.369095,0.046802,3.369420,1.722643,0.010347,1.722674,3.127702,18.896769,179.542186
5,273,1786609268.288862,0,1,27.885730,13.432194,46.985791,13.317987,-3.367865,0.077282,3.368751,1.722648,0.009561,1.722674,3.118650,19.100402,179.028056
5,274,1786609268.328929,0,1,27.751082,13.436865,47.054697,13.318339,-3.366203,0.116786,3.368229,1.722652,0.008802,1.722674,3.106913,19.303979,178.364795
5,275,1786609268.368937,0,1,27.616394,13.439521,47.123603,13.318662,-3.367203,0.066400,3.367858,1.722655,0.008069,1.722674,3.121876,19.507584,179.225279
5,276,1786609268.408932,0,1,27.481755,13.443758,47.192509,13.318956,-3.365981,0.105908,3.367647,1.722658,0.007360,1.722674,3.110139,19.711150,178.560599
5,277,1786609268.448774,0,1,27.347070,13.445979,47.261416,13.319223,-3.367121,0.055534,3.367579,1.722661,0.006673,1.722674,3.125101,19.914750,179.419787
5,278,1786609268.488937,0,1,27.212417,13.449781,47.330322,13.319463,-3.366321,0.095051,3.367663,1.722664,0.006006,1.722674,3.113364,20.118328,178.753767
5,279,1786609268.528927,0,1,27.077713,13.451568,47.399229,13.319678,-3.367584,0.044678,3.367881,1.722666,0.005358,1.722674,3.128326,20.321944,179.611757
5,280,1786609268.568937,0,1,26.943026,13.454937,47.468136,13.319867,-3.367191,0.084208,3.368243,1.722668,0.004727,1.722674,3.116590,20.525554,178.944471
5,281,1786609268.608938,0,1,26.808359,13.459646,47.537043,13.320031,-3.366674,0.117737,3.368732,1.722669,0.004112,1.722674,3.106635,20.729154,178.383003
5,282,1786609268.648930,0,1,26.673617,13.462593,47.605949,13.320172,-3.368547,0.073683,3.369353,1.722671,0.003512,1.722674,3.119722,20.932817,179.136750
5,283,1786609268.688930,0,1,26.538898,13.467375,47.674856,13.320289,-3.367977,0.119546,3.370098,1.722672,0.002926,1.722674,3.106113,21.136470,178.365871
5,284,1786609268.728927,0,1,26.404093,13.470394,47.743763,13.320383,-3.370123,0.075479,3.370968,1.722672,0.002352,1.722674,3.119200,21.340197,179.119762
5,285,1786609268.768931,0,1,26.269302,13.475249,47.812670,13.320454,-3.369771,0.121374,3.371956,1.722673,0.001791,1.722674,3.105590,21.543924,178.348862
5,286,1786609268.808916,0,1,26.134415,13.478341,47.881576,13.320504,-3.372177,0.077287,3.373062,1.722659,0.001240,1.722659,3.118678,21.747734,179.102896
5,287,1786609268.848857,0,1,25.999534,13.483270,47.950475,13.320532,-3.372029,0.123223,3.374279,1.722463,0.000700,1.722463,3.105066,21.951544,178.331957
5,288,1786609268.888945,0,1,25.864547,13.486434,48.019359,13.320539,-3.374681,0.079110,3.375608,1.722099,0.000169,1.722099,3.118155,22.155433,179.086136
5,289,1786609268.928940,0,1,25.729523,13.490397,48.088222,13.320525,-3.375589,0.099070,3.377043,1.721582,-0.000352,1.721582,3.112252,22.359344,178.754215
5,290,1786609268.968934,0,1,25.594395,13.492401,48.157059,13.320490,-3.378210,0.050113,3.378582,1.720923,-0.000865,1.720923,3.126760,22.563319,179.586673
5,291,1786609269.008924,0,1,25.459235,13.496056,48.225864,13.320435,-3.378993,0.091358,3.380227,1.720133,-0.001370,1.720134,3.114562,22.767307,178.893243
5,292,1786609269.048929,0,1,25.323967,13.497750,48.294633,13.320361,-3.381702,0.042343,3.381967,1.719224,-0.001867,1.719225,3.129072,22.971351,179.725079
5,293,1786609269.088904,0,1,25.188656,13.501095,48.363362,13.320266,-3.382775,0.083633,3.383808,1.718204,-0.002357,1.718206,3.116875,23.175411,179.030822
5,294,1786609269.128932,0,1,25.053276,13.502476,48.432045,13.320153,-3.384499,0.034542,3.384675,1.717083,-0.002840,1.717086,3.131387,23.379480,179.862087
5,295,1786609269.168895,0,1,24.917923,13.505509,48.500680,13.320020,-3.383826,0.075821,3.384675,1.715869,-0.003316,1.715872,3.119189,23.583486,179.167038
5,296,1786609269.208927,0,1,24.782592,13.509394,48.569262,13.319869,-3.383281,0.097128,3.384675,1.714569,-0.003786,1.714573,3.112892,23.787426,178.812100
5,297,1786609269.248938,0,1,24.647221,13.511467,48.637790,13.319699,-3.384278,0.051822,3.384675,1.713189,-0.004250,1.713195,3.126281,23.991336,179.580699
5,298,1786609269.288912,0,1,24.511889,13.515343,48.706266,13.319503,-3.383288,0.096895,3.384675,1.711903,-0.004899,1.711910,3.112961,24.195170,178.823310
5,299,1786609269.328931,0,1,24.376518,13.517407,48.774694,13.319274,-3.384282,0.051589,3.384675,1.710702,-0.005719,1.710712,3.126350,24.398981,179.591941
5,300,1786609269.368937,0,1,24.241186,13.521273,48.843077,13.319006,-3.383294,0.096662,3.384675,1.709580,-0.006695,1.709593,3.113030,24.602723,178.834544
5,301,1786609269.408947,0,1,24.105815,13.523327,48.911419,13.318693,-3.384285,0.051356,3.384675,1.708530,-0.007815,1.708548,3.126419,24.806448,179.603264
5,302,1786609269.448936,0,1,23.970483,13.527185,48.979720,13.318331,-3.383301,0.096428,3.384675,1.707547,-0.009066,1.707571,3.113099,25.010110,178.845909
5,303,1786609269.488911,0,1,23.835111,13.529229,49.047985,13.317913,-3.384289,0.051123,3.384675,1.706625,-0.010437,1.706657,3.126488,25.213760,179.614763
5,304,1786609269.528873,0,1,23.699779,13.533077,49.116216,13.317437,-3.383308,0.096195,3.384675,1.705759,-0.011918,1.705801,3.113168,25.417352,178.857492
5,305,1786609269.568929,0,1,23.564442,13.536754,49.184414,13.316897,-3.383427,0.091917,3.384675,1.704946,-0.013499,1.704999,3.114432,25.620915,178.935503
5,306,1786609269.608929,0,1,23.429178,13.542535,49.252581,13.316290,-3.381587,0.144537,3.384675,1.704179,-0.015171,1.704247,3.098876,25.824394,178.054506
5,307,1786609269.648934,0,1,23.293859,13.546807,49.320719,13.315613,-3.382990,0.106790,3.384675,1.703457,-0.016926,1.703541,3.110036,26.027887,178.700901
5,308,1786609269.688928,0,1,23.158502,13.549659,49.388830,13.314863,-3.383924,0.071303,3.384675,1.702775,-0.018757,1.702879,3.120525,26.231379,179.305751
5,309,1786609269.728932,0,1,23.023195,13.554334,49.456915,13.314036,-3.382657,0.116863,3.384675,1.702131,-0.020655,1.702256,3.107059,26.434812,178.542194
5,310,1786609269.768936,0,1,22.887839,13.557216,49.524976,13.313132,-3.383908,0.072057,3.384675,1.701520,-0.022615,1.701670,3.120302,26.638255,179.305125
5,311,1786609269.808930,0,1,22.752534,13.561921,49.593014,13.312146,-3.382631,0.117616,3.384675,1.700941,-0.024631,1.701119,3.106836,26.841642,178.541761
5,312,1786609269.848946,0,1,22.617178,13.564833,49.661029,13.311079,-3.383892,0.072811,3.384675,1.700391,-0.026696,1.700600,3.120079,27.045042,179.304947
5,313,1786609269.888933,0,1,22.481874,13.569568,49.729024,13.309926,-3.382605,0.118370,3.384675,1.699867,-0.028806,1.700111,3.106613,27.248387,178.541782
5,314,1786609269.928938,0,1,22.346545,13.573529,49.796999,13.308688,-3.383226,0.099040,3.384675,1.699368,-0.030955,1.699650,3.112327,27.451732,178.875975
5,315,1786609269.968935,0,1,22.211290,13.579501,49.864955,13.307363,-3.381381,0.149281,3.384675,1.698892,-0.033138,1.699215,3.097473,27.655004,178.035973
5,316,1786609270.008934,0,1,22.075973,13.583868,49.932892,13.305949,-3.382914,0.109174,3.384675,1.698436,-0.035353,1.698804,3.109332,27.858305,178.723184
5,317,1786609270.048908,0,1,21.940736,13.590244,50.000812,13.304445,-3.380919,0.159409,3.384675,1.697999,-0.037594,1.698415,3.094478,28.061531,177.884077
5,318,1786609270.088875,0,1,21.805433,13.595016,50.068715,13.302851,-3.382572,0.119307,3.384675,1.697580,-0.039858,1.698048,3.106336,28.264792,178.572223
5,319,1786609270.128900,0,1,21.670210,13.601662,50.136602,13.301165,-3.380595,0.166140,3.384675,1.697177,-0.042141,1.697700,3.092487,28.467979,177.791262
5,320,1786609270.168848,0,1,21.534916,13.606679,50.204474,13.299387,-3.382351,0.125416,3.384675,1.696788,-0.044441,1.697370,3.104530,28.671205,178.490559
5,321,1786609270.208934,0,1,21.399633,13.611983,50.272330,13.297517,-3.382076,0.132610,3.384675,1.696414,-0.046753,1.697058,3.102403,28.874410,178.378607
5,322,1786609270.248928,0,1,21.264287,13.615345,50.340172,13.295554,-3.383631,0.084062,3.384675,1.696052,-0.049076,1.696762,3.116754,29.077644,179.207000
5,323,1786609270.288856,0,1,21.128994,13.620380,50.408013,13.293524,-3.382334,0.125873,3.384675,1.696017,-0.050751,1.696776,3.104395,29.280843,178.508329
5,324,1786609270.328854,0,1,20.993642,13.623473,50.475864,13.291451,-3.383792,0.077321,3.384675,1.696284,-0.051827,1.697075,3.118746,29.484092,179.336219
5,325,1786609270.368927,0,1,20.858339,13.628239,50.543737,13.289357,-3.382578,0.119135,3.384675,1.696827,-0.052352,1.697635,3.106387,29.687332,178.636918
5,326,1786609270.408853,0,1,20.722982,13.631062,50.611643,13.287262,-3.383939,0.070580,3.384675,1.697626,-0.052369,1.698434,3.120738,29.890638,179.464157
5,327,1786609270.448930,0,1,20.587669,13.635558,50.679589,13.285185,-3.382808,0.112396,3.384675,1.698659,-0.051918,1.699453,3.108379,30.093959,178.764096
5,328,1786609270.488935,0,1,20.452306,13.638111,50.747585,13.283144,-3.384073,0.063839,3.384675,1.699908,-0.051036,1.700674,3.122730,30.297358,179.590568
5,329,1786609270.528936,0,1,20.316920,13.638534,50.815639,13.281154,-3.384658,0.010573,3.384675,1.701356,-0.049757,1.702083,3.138469,30.500813,179.507620
5,330,1786609270.568900,0,1,20.181545,13.640298,50.883759,13.279229,-3.384388,0.044092,3.384675,1.702986,-0.048115,1.703665,3.128565,30.704337,179.927373
5,331,1786609270.608826,0,1,20.046159,13.639784,50.951950,13.277384,-3.384651,-0.012849,3.384675,1.704784,-0.046137,1.705408,-3.137797,30.907916,179.110679
5,332,1786609270.648930,0,1,19.910774,13.640611,51.020220,13.275629,-3.384612,0.020672,3.384675,1.706737,-0.043853,1.707300,3.135485,31.111587,179.677763
5,333,1786609270.688941,0,1,19.775411,13.643144,51.088573,13.273978,-3.384083,0.063327,3.384675,1.708831,-0.041287,1.709330,3.122882,31.315338,179.603393
5,334,1786609270.728936,0,1,19.640025,13.643767,51.157015,13.272440,-3.384639,0.015586,3.384675,1.711057,-0.038463,1.711489,3.136988,31.519177,179.588828
5,335,1786609270.768924,0,1,19.504648,13.642113,51.225551,13.271023,-3.384422,-0.041355,3.384675,1.713403,-0.035403,1.713769,-3.129374,31.723074,178.629680
5,336,1786609270.808931,0,1,19.369266,13.641800,51.294186,13.269738,-3.384567,-0.007835,3.384576,1.715860,-0.032128,1.716161,-3.139278,31.927088,179.199658
5,337,1786609270.848946,0,1,19.233902,13.643192,51.362922,13.268592,-3.384095,0.034819,3.384275,1.718418,-0.028656,1.718657,3.131304,32.131204,179.921499
5,338,1786609270.888849,0,1,19.098551,13.642676,51.431765,13.267592,-3.383763,-0.012916,3.383788,1.721071,-0.025005,1.721252,-3.137775,32.335390,179.116658
5,339,1786609270.928915,0,1,18.963255,13.639883,51.500667,13.266745,-3.382402,-0.069821,3.383123,1.722544,-0.021176,1.722674,-3.120953,32.539551,178.160409
5,340,1786609270.968903,0,1,18.827971,13.638431,51.569571,13.266057,-3.382099,-0.036308,3.382293,1.722588,-0.017188,1.722674,-3.130858,32.743717,178.733339
5,341,1786609271.008935,0,1,18.692721,13.638683,51.638476,13.265534,-3.381268,0.006317,3.381274,1.722624,-0.013074,1.722674,3.139724,32.947868,179.458131
5,342,1786609271.048930,0,1,18.557527,13.637029,51.707382,13.265180,-3.379827,-0.041356,3.380080,1.722651,-0.008848,1.722674,-3.129357,33.151940,178.656277
5,343,1786609271.088933,0,1,18.422379,13.637079,51.776288,13.265000,-3.378712,0.001240,3.378712,1.722668,-0.004523,1.722674,3.141226,33.355985,179.381894
5,344,1786609271.128941,0,1,18.287309,13.639196,51.845195,13.264995,-3.376751,0.052936,3.377166,1.722674,-0.000113,1.722674,3.125917,33.559973,179.740742
5,345,1786609271.168823,0,1,18.152292,13.639773,51.914102,13.265170,-3.375431,0.014425,3.375462,1.722669,0.004372,1.722674,3.137319,33.763889,179.609159
5,346,1786609271.208868,0,1,18.017350,13.638447,51.983008,13.265527,-3.373550,-0.033152,3.373713,1.722651,0.008921,1.722674,-3.131766,33.967706,178.807923
5,347,1786609271.248823,0,1,17.882523,13.634855,52.051913,13.266068,-3.370666,-0.089798,3.371862,1.722621,0.013522,1.722674,-3.114958,34.171380,177.855579
5,348,1786609271.288891,0,1,17.747869,13.628635,52.120816,13.266772,-3.366350,-0.155505,3.369939,1.722584,0.017607,1.722674,-3.095432,34.374852,176.752003
5,349,1786609271.328926,0,1,17.613453,13.619424,52.189718,13.267621,-3.360411,-0.230274,3.368292,1.722543,0.021217,1.722674,-3.073174,34.578055,175.496958
5,350,1786609271.368924,0,1,17.479363,13.606860,52.258618,13.268596,-3.352236,-0.314090,3.366919,1.722501,0.024388,1.722674,-3.048170,34.780900,174.090013
5,351,1786609271.408945,0,1,17.345294,13.594556,52.327517,13.269682,-3.351725,-0.307607,3.365811,1.722460,0.027154,1.722674,-3.050073,34.983731,174.224246
5,352,1786609271.448935,0,1,17.211209,13.582868,52.396413,13.270864,-3.352139,-0.292201,3.364850,1.722421,0.029548,1.722674,-3.054644,35.186588,174.510153
5,353,1786609271.488854,0,1,17.077075,13.572154,52.465309,13.272128,-3.353345,-0.267855,3.364025,1.722384,0.031599,1.722674,-3.061885,35.389506,174.947334
5,354,1786609271.528928,0,1,16.942869,13.562772,52.534203,13.273461,-3.355145,-0.234541,3.363333,1.722352,0.033332,1.722674,-3.071801,35.592510,175.535529
5,355,1786609271.568931,0,1,16.808862,13.551140,52.603096,13.274852,-3.350178,-0.290800,3.362776,1.722323,0.034774,1.722674,-3.055008,35.795300,174.596835
6,0,1786609274.989708,0,1,59.480000,13.100032,29.003461,13.399986,-0.499999,0.000796,0.500000,0.086529,-0.000350,0.086530,3.140000,30.478015,0.472642
6,0,1786609275.029696,0,1,59.480000,13.100032,29.009735,13.399957,-0.499999,0.000796,0.500000,0.156857,-0.000721,0.156859,3.140000,30.471741,0.472704
6,1,1786609275.069723,0,1,59.457177,13.100395,29.018595,13.399913,-0.570564,0.009072,0.570636,0.221481,-0.001110,0.221484,3.125694,30.440056,0.347153
6,2,1786609275.109697,0,1,59.431528,13.100694,29.029829,13.399852,-0.641229,0.007491,0.641273,0.280856,-0.001516,0.280860,3.129911,30.403171,0.105537
6,3,1786609275.149639,0,1,59.403053,13.100990,29.043245,13.399775,-0.711873,0.007380,0.711911,0.335403,-0.001938,0.335409,3.131226,30.361279,0.030082
6,4,1786609275.189557,0,1,59.371753,13.101274,29.058665,13.399680,-0.782517,0.007120,0.782549,0.385508,-0.002374,0.385515,3.132494,30.314556,0.042690
6,5,1786609275.229636,0,1,59.337626,13.101551,29.075926,13.399567,-0.853160,0.006925,0.853188,0.431526,-0.002823,0.431535,3.133476,30.263167,0.099195
6,6,1786609275.269601,0,1,59.300674,13.101821,29.094878,13.399435,-0.923802,0.006750,0.923827,0.473784,-0.003285,0.473795,3.134286,30.207263,0.145861
6,7,1786609275.309592,0,1,59.260896,13.102085,29.115381,13.399285,-0.994445,0.006591,0.994466,0.512583,-0.003757,0.512596,3.134965,30.146980,0.185105
6,8,1786609275.349629,0,1,59.218293,13.102343,29.137309,13.399115,-1.065086,0.006438,1.065106,0.548199,-0.004240,0.548215,3.135548,30.082448,0.218930
6,9,1786609275.389599,0,1,59.172864,13.102594,29.160545,13.398926,-1.135728,0.006282,1.135746,0.580888,-0.004732,0.580907,3.136061,30.013782,0.248767
6,10,1786609275.429633,0,1,59.124609,13.102838,29.184980,13.398717,-1.206370,0.006117,1.206386,0.610883,-0.005232,0.610906,3.136522,29.941091,0.275690
6,11,1786609275.469591,0,1,59.073529,13.103076,29.210516,13.398487,-1.277012,0.005934,1.277025,0.638400,-0.005740,0.638426,3.136946,29.864474,0.300517
6,12,1786609275.509584,0,1,59.019622,13.103305,29.237061,13.398237,-1.347653,0.005727,1.347665,0.663638,-0.006256,0.663667,3.137343,29.784021,0.323878
6,13,1786609275.549676,0,1,58.962891,13.103525,29.264532,13.397966,-1.418295,0.005490,1.418305,0.686778,-0.006778,0.686811,3.137722,29.699818,0.346266
6,14,1786609275.589712,0,1,58.903333,13.103733,29.292852,13.397674,-1.488936,0.005215,1.488945,0.707988,-0.007306,0.708026,3.138090,29.611940,0.368071
6,15,1786609275.629684,0,1,58.840950,13.103929,29.321949,13.397360,-1.559578,0.004897,1.559585,0.727423,-0.007839,0.727465,3.138452,29.520460,0.389603
6,16,1786609275.669686,0,1,58.775741,13.104110,29.351758,13.397025,-1.630219,0.004531,1.630225,0.745225,-0.008377,0.745272,3.138813,29.425441,0.411110
6,17,1786609275.709691,0,1,58.707707,13.104275,29.382219,13.396668,-1.700860,0.004110,1.700865,0.761524,-0.008920,0.761576,3.139176,29.326946,0.432792
6,18,1786609275.749634,0,1,58.636847,13.104420,29.413277,13.396290,-1.771500,0.003630,1.771504,0.776441,-0.009467,0.776499,3.139544,29.225028,0.454814
6,19,1786609275.789634,0,1,58.563161,13.104543,29.444880,13.395889,-1.842141,0.003085,1.842143,0.790086,-0.010018,0.790149,3.139918,29.119739,0.477306
6,20,1786609275.829633,0,1,58.486650,13.104642,29.476982,13.395466,-1.912781,0.002470,1.912782,0.802561,-0.010572,0.802631,3.140301,29.011125,0.500378
6,21,1786609275.869644,0,1,58.407313,13.104713,29.509541,13.395021,-1.983420,0.001781,1.983421,0.813960,-0.011129,0.814036,3.140695,28.899231,0.524115
6,22,1786609275.909610,0,1,58.325151,13.104754,29.542515,13.394553,-2.054059,0.001014,2.054060,0.824368,-0.011688,0.824451,3.141099,28.784094,0.548591
6,23,1786609275.949691,0,1,58.240163,13.104760,29.575869,13.394068,-2.124698,0.000163,2.124698,0.833839,-0.012146,0.833928,3.141516,28.665754,0.573870
6,24,1786609275.989691,0,1,58.152350,13.104832,29.609567,13.393567,-2.195336,0.001781,2.195337,0.842449,-0.012510,0.842542,3.140782,28.544243,0.533105
6,25,1786609276.029693,0,1,58.061711,13.104956,29.643578,13.393056,-2.265975,0.003117,2.265977,0.850266,-0.012787,0.850362,3.140217,28.419593,0.502032
6,26,1786609276.069721,0,1,57.968246,13.105145,29.677872,13.392536,-2.336612,0.004708,2.336617,0.857353,-0.012985,0.857452,3.139578,28.291834,0.466585
6,27,1786609276.109608,0,1,57.871956,13.105403,29.712423,13.392012,-2.407248,0.006470,2.407257,0.863770,-0.013109,0.863869,3.138905,28.160992,0.429154
6,28,1786609276.149598,0,1,57.772841,13.105741,29.747205,13.391485,-2.477882,0.008436,2.477896,0.869569,-0.013167,0.869668,3.138188,28.027092,0.389093
6,29,1786609276.189593,0,1,57.670900,13.106166,29.782197,13.390959,-2.548512,0.010618,2.548535,0.874800,-0.013162,0.874899,3.137427,27.890157,0.346369
6,30,1786609276.229681,0,1,57.566135,13.106687,29.817378,13.390435,-2.619140,0.013028,2.619172,0.879508,-0.013100,0.879605,3.136618,27.750208,0.300861
6,31,1786609276.269708,0,1,57.458544,13.107314,29.852727,13.389915,-2.689762,0.015681,2.689808,0.883736,-0.012986,0.883831,3.135763,27.607264,0.252487
6,32,1786609276.309709,0,1,57.348129,13.108058,29.888228,13.389402,-2.760380,0.018589,2.760443,0.887521,-0.012823,0.887613,3.134859,27.461342,0.201182
6,33,1786609276.349695,0,1,57.234889,13.108928,29.923864,13.388898,-2.830992,0.021762,2.831075,0.890899,-0.012616,0.890989,3.133906,27.312461,0.146894
6,34,1786609276.389634,0,1,57.118826,13.109937,29.959620,13.388403,-2.901597,0.025213,2.901706,0.893903,-0.012368,0.893989,3.132903,27.160633,0.089587
6,35,1786609276.429644,0,1,56.999938,13.111095,29.995483,13.387920,-2.972194,0.028952,2.972335,0.896563,-0.012083,0.896644,3.131852,27.005874,0.029234
6,36,1786609276.469582,0,1,56.878278,13.112414,30.031439,13.387449,-3.041491,0.032974,3.041670,0.898906,-0.011763,0.898983,3.130752,26.848248,0.034180
6,37,1786609276.509626,0,1,56.753923,13.113905,30.067477,13.386993,-3.108877,0.037275,3.109101,0.900957,-0.011412,0.901029,3.129603,26.687843,0.100640
6,38,1786609276.549648,0,1,56.626947,13.115579,30.103587,13.386551,-3.174404,0.041856,3.174679,0.902740,-0.011031,0.902807,3.128408,26.524745,0.170093
6,39,1786609276.589650,0,1,56.497422,13.117447,30.139758,13.386127,-3.238119,0.046714,3.238456,0.904276,-0.010624,0.904339,3.127167,26.359034,0.242474
6,40,1786609276.629686,0,1,56.365419,13.119521,30.175981,13.385719,-3.300073,0.051845,3.300480,0.905586,-0.010192,0.905643,3.125884,26.190791,0.317704
6,41,1786609276.669698,0,1,56.231007,13.121811,30.212249,13.385329,-3.360310,0.057245,3.360798,0.906686,-0.009737,0.906739,3.124559,26.020093,0.395696
6,42,1786609276.709702,0,1,56.094252,13.124327,30.248552,13.384959,-3.418878,0.062907,3.419457,0.907595,-0.009262,0.907642,3.123195,25.847014,0.476352
6,43,1786609276.749631,0,1,55.955219,13.127080,30.284885,13.384608,-3.475819,0.068824,3.476501,0.908326,-0.008768,0.908369,3.121795,25.671625,0.559569
6,44,1786609276.789660,0,1,55.813972,13.130080,30.321241,13.384278,-3.531178,0.074987,3.531974,0.908895,-0.008256,0.908933,3.120360,25.493998,0.645238
6,45,1786609276.829607,0,1,55.670572,13.133335,30.357614,13.383969,-3.584996,0.081389,3.585920,0.909315,-0.007728,0.909348,3.118894,25.314199,0.733248
6,46,1786609276.869608,0,1,55.525079,13.136856,30.393998,13.383681,-3.637314,0.088017,3.638379,0.909596,-0.007186,0.909625,3.117399,25.132294,0.823484
6,47,1786609276.909725,0,1,55.377553,13.140650,30.430388,13.383416,-3.688171,0.094863,3.689391,0.909752,-0.006630,0.909776,3.115878,24.948346,0.915828
6,48,1786609276.949715,0,1,55.228048,13.144727,30.466791,13.383171,-3.737608,0.101913,3.738997,0.910074,-0.006141,0.910095,3.114332,24.762406,1.010171
6,49,1786609276.989571,0,1,55.076605,13.148784,30.503213,13.382942,-3.786088,0.101420,3.787446,0.910550,-0.005711,0.910568,3.114812,24.574508,0.988495
6,50,1786609277.029607,0,1,54.923269,13.152896,30.539659,13.382729,-3.833391,0.102803,3.834769,0.911167,-0.005338,0.911183,3.114781,24.384693,0.996147
6,51,1786609277.069600,0,1,54.768084,13.157000,30.576136,13.382528,-3.879638,0.102606,3.880995,0.911915,-0.005016,0.911929,3.115151,24.192999,0.980851
6,52,1786609277.109642,0,1,54.611091,13.161087,30.612647,13.382338,-3.924823,0.102162,3.926152,0.912782,-0.004742,0.912795,3.115569,23.999463,0.962838
6,53,1786609277.149641,0,1,54.452331,13.165126,30.649198,13.382158,-3.968985,0.100981,3.970270,0.913760,-0.004511,0.913771,3.116156,23.804123,0.935032
6,54,1786609277.189611,0,1,54.291845,13.169097,30.685791,13.381985,-4.012147,0.099288,4.013375,0.914839,-0.004320,0.914849,3.116851,23.607014,0.900906
6,55,1786609277.229594,0,1,54.129672,13.172978,30.722432,13.381818,-4.054336,0.097027,4.055496,0.916011,-0.004166,0.916020,3.117666,23.408172,0.859738
6,56,1786609277.269611,0,1,53.965849,13.176749,30.759122,13.381656,-4.095575,0.094257,4.096659,0.917269,-0.004046,0.917278,3.118582,23.207631,0.812497
6,57,1786609277.309600,0,1,53.800413,13.180388,30.795867,13.381498,-4.135889,0.090990,4.136890,0.918605,-0.003958,0.918614,3.119596,23.005426,0.759430
6,58,1786609277.349610,0,1,53.633401,13.183879,30.832667,13.381342,-4.175302,0.087260,4.176214,0.920015,-0.003898,0.920023,3.120696,22.801589,0.701069
6,59,1786609277.389680,0,1,53.464848,13.187202,30.869527,13.381188,-4.213837,0.083094,4.214656,0.921491,-0.003865,0.921499,3.121876,22.596154,0.637798
6,60,1786609277.429637,0,1,53.294787,13.190343,30.906448,13.381033,-4.251515,0.078518,4.252240,0.923029,-0.003856,0.923037,3.123126,22.389151,0.570039
6,61,1786609277.469616,0,1,53.123253,13.193286,30.943433,13.380879,-4.288358,0.073562,4.288989,0.924623,-0.003869,0.924631,3.124440,22.180613,0.498168
6,62,1786609277.509596,0,1,52.950277,13.196016,30.980484,13.380723,-4.324388,0.068253,4.324927,0.926269,-0.003904,0.926277,3.125811,21.970570,0.422552
6,63,1786609277.549619,0,1,52.775892,13.198520,31.017602,13.380564,-4.359626,0.062618,4.360076,0.927963,-0.003957,0.927971,3.127230,21.759052,0.343532
6,64,1786609277.589592,0,1,52.600129,13.200788,31.054790,13.380403,-4.394091,0.056683,4.394456,0.929701,-0.004027,0.929710,3.128693,21.546087,0.261427
6,65,1786609277.629589,0,1,52.423017,13.202807,31.092049,13.380239,-4.427803,0.050474,4.428091,0.931480,-0.004114,0.931489,3.130194,21.331705,0.176534
6,66,1786609277.669616,0,1,52.244585,13.204567,31.129381,13.380070,-4.460782,0.044016,4.460999,0.933295,-0.004216,0.933305,3.131726,21.115934,0.089129
6,67,1786609277.709595,0,1,52.064864,13.206061,31.166787,13.379897,-4.493047,0.037332,4.493202,0.935146,-0.004331,0.935156,3.133284,20.898799,0.000536
6,68,1786609277.749648,0,1,51.883879,13.207279,31.204268,13.379718,-4.524615,0.030446,4.524718,0.937027,-0.004458,0.937038,3.134864,20.680330,0.092228
6,69,1786609277.789589,0,1,51.701659,13.208214,31.241826,13.379535,-4.555506,0.023377,4.555566,0.938938,-0.004597,0.938949,3.136461,20.460550,0.185737
6,70,1786609277.829591,0,1,51.518229,13.208860,31.279461,13.379345,-4.585736,0.016148,4.585764,0.940875,-0.004747,0.940887,3.138071,20.239487,0.280873
6,71,1786609277.869591,0,1,51.333616,13.209211,31.317174,13.379148,-4.615323,0.008777,4.615331,0.942837,-0.004906,0.942850,3.139691,20.017164,0.377465
6,72,1786609277.909595,0,1,51.147845,13.209262,31.354967,13.378946,-4.644284,0.001282,4.644284,0.944821,-0.005074,0.944835,3.141317,19.793605,0.475362
6,73,1786609277.949608,0,1,50.960940,13.209009,31.392837,13.378740,-4.672636,-0.006319,4.672640,0.946746,-0.005137,0.946760,-3.140240,19.568839,0.574444
6,74,1786609277.989623,0,1,50.772911,13.208683,31.430781,13.378536,-4.700713,-0.008163,4.700720,0.948615,-0.005105,0.948629,-3.139856,19.342875,0.602629
6,75,1786609278.029639,0,1,50.583771,13.208152,31.468799,13.378336,-4.728511,-0.013268,4.728530,0.950434,-0.004984,0.950447,-3.138787,19.115729,0.670873
6,76,1786609278.069593,0,1,50.393528,13.207525,31.506887,13.378145,-4.756052,-0.015671,4.756078,0.952205,-0.004782,0.952217,-3.138298,18.887412,0.706381
6,77,1786609278.109577,0,1,50.202195,13.206747,31.545044,13.377965,-4.783331,-0.019451,4.783370,0.953934,-0.004505,0.953945,-3.137526,18.657937,0.758781
6,78,1786609278.149642,0,1,50.009781,13.205872,31.583269,13.377799,-4.810364,-0.021872,4.810414,0.955623,-0.004159,0.955632,-3.137046,18.427313,0.795090
6,79,1786609278.189637,0,1,49.816295,13.204878,31.621560,13.377649,-4.837152,-0.024864,4.837215,0.957276,-0.003750,0.957283,-3.136452,18.195555,0.838560
6,80,1786609278.229644,0,1,49.621746,13.203793,31.659916,13.377517,-4.863705,-0.027122,4.863781,0.958895,-0.003283,0.958901,-3.136016,17.962670,0.873636
6,81,1786609278.269603,0,1,49.426145,13.202609,31.698335,13.377407,-4.890028,-0.029599,4.890117,0.960484,-0.002763,0.960488,-3.135540,17.728672,0.911727
6,82,1786609278.309649,0,1,49.229500,13.201343,31.736817,13.377319,-4.916128,-0.031648,4.916230,0.962044,-0.002193,0.962046,-3.135155,17.493568,0.945220
6,83,1786609278.349607,0,1,49.031820,13.199992,31.775360,13.377256,-4.942009,-0.033764,4.942125,0.963578,-0.001578,0.963579,-3.134761,17.257370,0.979975
6,84,1786609278.389625,0,1,48.833113,13.198568,31.813964,13.377219,-4.967681,-0.035611,4.967808,0.965088,-0.000922,0.965088,-3.134424,17.020086,1.012140
6,85,1786609278.429641,0,1,48.633387,13.197070,31.852627,13.377210,-4.993145,-0.037459,4.993285,0.966576,-0.000228,0.966576,-3.134091,16.781727,1.044867
6,86,1786609278.469593,0,1,48.432650,13.195504,31.891349,13.377230,-5.018409,-0.039127,5.018562,0.968044,0.000501,0.968044,-3.133796,16.542300,1.076149
6,87,1786609278.509609,0,1,48.230911,13.193874,31.930092,13.377280,-5.043479,-0.040768,5.043643,0.968579,0.001261,0.968580,-3.133509,16.301851,1.107761
6,88,1786609278.549573,0,1,48.028177,13.192182,31.968835,13.377362,-5.068358,-0.042283,5.068535,0.968578,0.002048,0.968580,-3.133250,16.060410,1.138633
6,89,1786609278.589566,0,1,47.824455,13.190432,32.007578,13.377477,-5.093053,-0.043761,5.093241,0.968576,0.002861,0.968580,-3.133001,15.817983,1.169814
6,90,1786609278.629580,0,1,47.619752,13.188626,32.046321,13.377625,-5.117568,-0.045145,5.117768,0.968573,0.003698,0.968580,-3.132771,15.574578,1.200729
6,91,1786609278.669586,0,1,47.414076,13.186767,32.085064,13.377807,-5.141909,-0.046489,5.142119,0.968569,0.004555,0.968580,-3.132552,15.330203,1.232030
6,92,1786609278.709612,0,1,47.207433,13.184856,32.123806,13.378024,-5.166079,-0.047761,5.166299,0.968565,0.005431,0.968580,-3.132348,15.084863,1.263409
6,93,1786609278.749609,0,1,46.999829,13.182896,32.162549,13.378277,-5.190083,-0.048994,5.190314,0.968559,0.006325,0.968580,-3.132153,14.838567,1.295297
6,94,1786609278.789610,0,1,46.791272,13.180890,32.201291,13.378566,-5.213926,-0.050169,5.214167,0.968553,0.007235,0.968580,-3.131971,14.591321,1.327534
6,95,1786609278.829710,0,1,46.581768,13.178837,32.240032,13.378893,-5.237612,-0.051307,5.237863,0.968545,0.008158,0.968580,-3.131797,14.343131,1.360424
6,96,1786609278.869686,0,1,46.371322,13.176741,32.278774,13.379257,-5.261145,-0.052396,5.261406,0.968537,0.009094,0.968580,-3.131634,14.094003,1.393898
6,97,1786609278.909642,0,1,46.159941,13.174603,32.317515,13.379658,-5.284530,-0.053450,5.284800,0.968528,0.010041,0.968580,-3.131479,13.843944,1.428184
6,98,1786609278.949700,0,1,45.947630,13.172425,32.356256,13.380094,-5.307769,-0.054461,5.308049,0.968518,0.010907,0.968580,-3.131332,13.592961,1.463255
6,99,1786609278.989635,0,1,45.734445,13.170829,32.394996,13.380562,-5.329617,-0.039912,5.329766,0.968509,0.011700,0.968580,-3.134104,13.341098,1.329844
6,100,1786609279.029709,0,1,45.520451,13.169370,32.433736,13.381059,-5.349870,-0.036472,5.349994,0.968500,0.012423,0.968580,-3.134775,13.088426,1.317332
6,101,1786609279.069700,0,1,45.305701,13.168578,32.472476,13.381583,-5.368736,-0.019796,5.368772,0.968491,0.013083,0.968580,-3.137905,12.834993,1.162164
6,102,1786609279.109632,0,1,45.090256,13.167993,32.511215,13.382130,-5.386122,-0.014623,5.386142,0.968483,0.013684,0.968580,-3.138878,12.580864,1.130826
6,103,1786609279.149632,0,1,44.874171,13.168227,32.549954,13.382699,-5.402138,0.005844,5.402141,0.968475,0.014231,0.968580,3.140511,12.326083,0.935015
6,104,1786609279.189715,0,1,44.657499,13.168592,32.588693,13.383288,-5.416801,0.009132,5.416808,0.968468,0.014729,0.968580,3.139907,12.070715,0.922553
6,105,1786609279.229843,0,1,44.440297,13.170110,32.627431,13.383896,-5.430047,0.037950,5.430180,0.968461,0.015180,0.968580,3.134604,11.814800,0.636383
6,106,1786609279.269827,0,1,44.222696,13.168630,32.666169,13.384519,-5.440018,-0.036987,5.440144,0.968454,0.015589,0.968580,-3.134794,11.558543,1.459778
6,107,1786609279.309763,0,1,44.004821,13.163194,32.704907,13.385158,-5.446874,-0.135916,5.448570,0.968448,0.015959,0.968580,-3.116645,11.302093,2.554719
6,108,1786609279.349838,0,1,43.786626,13.159978,32.743645,13.385809,-5.454879,-0.080391,5.455472,0.968443,0.016292,0.968580,-3.126856,11.045290,2.015880
6,109,1786609279.389766,0,1,43.568311,13.152792,32.782383,13.386473,-5.457876,-0.179643,5.460832,0.968438,0.016593,0.968580,-3.108690,10.788459,3.126314
6,110,1786609279.429878,0,1,43.349781,13.147832,32.821120,13.387148,-5.463244,-0.124010,5.464651,0.968433,0.016863,0.968580,-3.118898,10.531381,2.602440
6,111,1786609279.469790,0,1,43.131289,13.138897,32.859857,13.387832,-5.462302,-0.223378,5.466868,0.968429,0.017105,0.968580,-3.100721,10.274448,3.730102
6,112,1786609279.509774,0,1,42.913028,13.125031,32.898594,13.388525,-5.456519,-0.346652,5.467519,0.968425,0.017321,0.968580,-3.078148,10.017900,5.142298
6,113,1786609279.549842,0,1,42.694723,13.112442,32.937331,13.389225,-5.457643,-0.314710,5.466710,0.968421,0.017513,0.968580,-3.083992,9.761316,4.925098
6,114,1786609279.589837,0,1,42.476401,13.102087,32.976068,13.389932,-5.458028,-0.258876,5.464163,0.968418,0.017684,0.968580,-3.094198,9.504693,4.450967
6,115,1786609279.629838,0,1,42.258479,13.087777,33.014804,13.390646,-5.448066,-0.357747,5.459799,0.968416,0.017834,0.968580,-3.076022,9.248635,5.633553
6,116,1786609279.669842,0,1,42.041170,13.068576,33.053541,13.391364,-5.432712,-0.480030,5.453879,0.968413,0.017966,0.968580,-3.053462,8.993424,7.106368
6,117,1786609279.709827,0,1,41.824043,13.050673,33.092277,13.392088,-5.428181,-0.447589,5.446603,0.968411,0.018081,0.968580,-3.059322,8.738438,6.952893
6,118,1786609279.749676,0,1,41.607741,13.027920,33.131014,13.392815,-5.407552,-0.568819,5.437387,0.968409,0.018181,0.968580,-3.036788,8.484577,8.469719
6,119,1786609279.789689,0,1,41.391724,13.006480,33.169750,13.393546,-5.400426,-0.535992,5.426960,0.968408,0.018266,0.968580,-3.042667,8.231080,8.363359
6,120,1786609279.829861,0,1,41.176738,12.980247,33.208486,13.394279,-5.374646,-0.655826,5.414511,0.968406,0.018338,0.968580,-3.020171,7.979001,9.931390
6,121,1786609279.869865,0,1,40.962136,12.955346,33.247222,13.395015,-5.365054,-0.622530,5.401051,0.968405,0.018399,0.968580,-3.026075,7.727432,9.880406
6,122,1786609279.909849,0,1,40.748762,12.925720,33.285959,13.395753,-5.334349,-0.740652,5.385522,0.968404,0.018448,0.968580,-3.003629,7.477591,11.508662
6,123,1786609279.949897,0,1,40.535861,12.897447,33.324695,13.396489,-5.322514,-0.706826,5.369242,0.968405,0.018410,0.968580,-3.009566,7.228414,11.523365
6,124,1786609279.989834,0,1,40.324319,12.864520,33.363431,13.397221,-5.288571,-0.823168,5.352251,0.968407,0.018293,0.968580,-2.987181,6.981241,13.223301
6,125,1786609280.029845,0,1,40.113220,12.832953,33.402167,13.397945,-5.277462,-0.789174,5.336141,0.968411,0.018104,0.968580,-2.993156,6.734793,13.317083
6,126,1786609280.069793,0,1,39.903542,12.796797,33.440904,13.398659,-5.241961,-0.903906,5.319324,0.968415,0.017847,0.968580,-2.970835,6.490603,15.104258
6,127,1786609280.109788,0,1,39.694266,12.762005,33.479641,13.399360,-5.231878,-0.869813,5.303689,0.968421,0.017531,0.968580,-2.976847,6.247223,15.294863
6,128,1786609280.149787,0,1,39.486456,12.722684,33.518378,13.400047,-5.195266,-0.983020,5.287449,0.968428,0.017158,0.968580,-2.954589,6.006394,17.189750
6,129,1786609280.189727,0,1,39.278990,12.684726,33.557115,13.400716,-5.186654,-0.948936,5.272747,0.968435,0.016734,0.968580,-2.960637,5.766497,17.500475
6,130,1786609280.229699,0,1,39.071739,12.649004,33.595853,13.401366,-5.181269,-0.893063,5.257671,0.968443,0.016262,0.968580,-2.970906,5.527330,17.602831
6,131,1786609280.269736,0,1,38.865781,12.609687,33.634591,13.401996,-5.148948,-0.982928,5.241928,0.968452,0.015748,0.968580,-2.952963,5.290851,19.420160
6,132,1786609280.309756,0,1,38.659978,12.572588,33.673330,13.402604,-5.145069,-0.927478,5.227996,0.968461,0.015193,0.968580,-2.963243,5.055254,19.668818
6,133,1786609280.349791,0,1,38.455433,12.531920,33.712068,13.403188,-5.113637,-1.016685,5.213725,0.968470,0.014600,0.968580,-2.945333,4.822718,21.652976
6,134,1786609280.389790,0,1,38.250950,12.493448,33.750808,13.403747,-5.112064,-0.961807,5.201756,0.968479,0.013974,0.968580,-2.955622,4.591288,22.090936
6,135,1786609280.429781,0,1,38.046398,12.458015,33.789547,13.404280,-5.113804,-0.885826,5.189959,0.968488,0.013315,0.968580,-2.970072,4.360756,22.360032
6,136,1786609280.469699,0,1,37.842815,12.419868,33.828287,13.404785,-5.089578,-0.953670,5.178155,0.968498,0.012627,0.968580,-2.956363,4.133581,24.397427
6,137,1786609280.509691,0,1,37.639058,12.384726,33.867027,13.405261,-5.093919,-0.878551,5.169126,0.968507,0.011911,0.968580,-2.970802,3.907648,24.924684
6,138,1786609280.549678,0,1,37.435013,12.353426,33.905768,13.405708,-5.101120,-0.782507,5.160789,0.968515,0.011169,0.968580,-2.989380,3.682780,25.323647
6,139,1786609280.589677,0,1,37.230616,12.326809,33.944509,13.406124,-5.109943,-0.665428,5.153087,0.968524,0.010402,0.968580,-3.012099,3.458818,25.602099
6,140,1786609280.629681,0,1,37.026649,12.299112,33.983250,13.406509,-5.099174,-0.692423,5.145972,0.968532,0.009613,0.968580,-3.006627,3.238611,27.727818
6,141,1786609280.669692,0,1,36.822253,12.276066,34.021992,13.406861,-5.109897,-0.576149,5.142275,0.968540,0.008803,0.968580,-3.029315,3.019960,28.422749
6,142,1786609280.709663,0,1,36.617399,12.258520,34.060734,13.407180,-5.121341,-0.438644,5.140092,0.968547,0.007972,0.968580,-3.056151,2.802848,29.088899
6,143,1786609280.749736,0,1,36.412123,12.247334,34.099476,13.407464,-5.131917,-0.279647,5.139530,0.968554,0.007121,0.968580,-3.087155,2.587322,29.759519
6,144,1786609280.789819,0,1,36.206769,12.236698,34.138218,13.407715,-5.133850,-0.265902,5.140731,0.968560,0.006253,0.968580,-3.089845,2.377011,32.479334
6,145,1786609280.829687,0,1,36.000981,12.232429,34.176961,13.407929,-5.144687,-0.106723,5.145794,0.968565,0.005367,0.968580,-3.120851,2.169989,33.988382
6,146,1786609280.869642,0,1,35.794873,12.235415,34.215690,13.408108,-5.152711,0.074651,5.153252,0.968226,0.004463,0.968236,3.127106,1.966984,35.767352
6,147,1786609280.909656,0,1,35.588454,12.241884,34.254391,13.408249,-5.160469,0.161723,5.163003,0.967535,0.003542,0.967541,3.110264,1.772042,39.368077
6,148,1786609280.949642,0,1,35.381851,12.254798,34.293062,13.408364,-5.165074,0.322854,5.175154,0.966766,0.002853,0.966770,3.079167,1.586246,43.077940
6,149,1786609280.989696,0,1,35.174832,12.269345,34.331699,13.408459,-5.175462,0.363676,5.188224,0.965926,0.002376,0.965929,3.071439,1.417199,49.472871
6,150,1786609281.029692,0,1,34.967497,12.286698,34.370300,13.408542,-5.183392,0.433831,5.201516,0.965020,0.002095,0.965022,3.058091,1.270897,57.187751
6,151,1786609281.069643,0,1,34.759677,12.304515,34.408862,13.408622,-5.195500,0.445416,5.214559,0.964053,0.001994,0.964055,3.056071,1.158501,67.473006
6,152,1786609281.109692,0,1,34.551453,12.323483,34.447383,13.408705,-5.205605,0.474195,5.227159,0.963030,0.002059,0.963032,3.050750,1.090200,79.317361
6,153,1786609281.149642,0,1,34.342747,12.342518,34.485861,13.408796,-5.217648,0.475877,5.239304,0.961956,0.002277,0.961959,3.050639,1.075839,92.433232
6,154,1786609281.189641,0,1,34.133691,12.362819,34.524295,13.408901,-5.226394,0.507521,5.250979,0.960835,0.002634,0.960838,3.044789,1.116629,104.929029
6,155,1786609281.229641,0,1,33.924070,12.381898,34.562681,13.409026,-5.240533,0.476975,5.262194,0.959670,0.003121,0.959675,3.050826,1.209470,116.670551
6,156,1786609281.269642,0,1,33.714297,12.403849,34.601020,13.409175,-5.244306,0.548776,5.272940,0.958466,0.003726,0.958473,3.037330,1.340507,125.439283
6,157,1786609281.309656,0,1,33.503917,12.423863,34.639309,13.409353,-5.259505,0.500350,5.283252,0.957224,0.004441,0.957235,3.046746,1.503431,133.608561
6,158,1786609281.349643,0,1,33.293223,12.444718,34.677547,13.409563,-5.267360,0.521389,5.293102,0.955949,0.005255,0.955963,3.042929,1.687388,139.471322
6,159,1786609281.389637,0,1,33.081965,12.463610,34.715733,13.409809,-5.281445,0.472303,5.302521,0.954643,0.006162,0.954663,3.052403,1.887986,144.812477
6,160,1786609281.429634,0,1,32.870677,12.485903,34.753865,13.410095,-5.282196,0.557318,5.311516,0.953308,0.007153,0.953335,3.036473,2.097744,147.837151
6,161,1786609281.469624,0,1,32.658789,12.505624,34.791943,13.410424,-5.297211,0.493020,5.320105,0.951946,0.008222,0.951982,3.048788,2.317113,151.697959
6,162,1786609281.509575,0,1,32.446622,12.525882,34.829965,13.410799,-5.304160,0.506445,5.328283,0.950561,0.009363,0.950607,3.046401,2.542322,154.176317
6,163,1786609281.549657,0,1,32.233944,12.543932,34.867931,13.411222,-5.316958,0.451244,5.336072,0.949153,0.010569,0.949212,3.056927,2.773100,156.923893
6,164,1786609281.589619,0,1,32.021240,12.564943,34.905840,13.411695,-5.317603,0.525287,5.343485,0.947725,0.011835,0.947799,3.043129,3.006312,157.999287
6,165,1786609281.629628,0,1,31.807973,12.582897,34.943691,13.412221,-5.331667,0.448847,5.350527,0.946277,0.013156,0.946369,3.057606,3.243533,160.373693
6,166,1786609281.669626,0,1,31.594708,12.603819,34.981484,13.412802,-5.331615,0.523042,5.357210,0.944813,0.014528,0.944924,3.043804,3.482054,160.962844
6,167,1786609281.709631,0,1,31.380911,12.621671,35.019217,13.413440,-5.344942,0.446302,5.363543,0.943332,0.015946,0.943467,3.058286,3.723463,162.949581
6,168,1786609281.749629,0,1,31.167110,12.642174,35.056891,13.414136,-5.345012,0.512590,5.369535,0.941837,0.017406,0.941998,3.045984,3.965642,163.297034
6,169,1786609281.789651,0,1,30.952803,12.659512,35.094504,13.414893,-5.357693,0.433432,5.375196,0.940328,0.018906,0.940518,3.060869,4.210023,165.038664
6,170,1786609281.829606,0,1,30.738527,12.679670,35.132056,13.415710,-5.356885,0.503953,5.380538,0.938807,0.020441,0.939029,3.047793,4.454756,165.115319
6,171,1786609281.869630,0,1,30.523773,12.696632,35.169547,13.416591,-5.368845,0.424049,5.385565,0.937274,0.022008,0.937533,3.062773,4.701229,166.674867
6,172,1786609281.909631,0,1,30.309010,12.715734,35.206976,13.417535,-5.369094,0.477551,5.390290,0.935731,0.023605,0.936029,3.052882,4.947990,166.763153
6,173,1786609281.949593,0,1,30.093793,12.731433,35.244352,13.418534,-5.380423,0.392476,5.394719,0.934402,0.024972,0.934736,3.068776,5.196188,168.229359
6,174,1786609281.989582,0,1,29.878627,12.749817,35.281683,13.419579,-5.379151,0.459617,5.398751,0.933271,0.026125,0.933636,3.056356,5.444410,168.049955
6,175,1786609282.029576,0,1,29.663050,12.764789,35.318976,13.420662,-5.389407,0.374281,5.402388,0.932321,0.027083,0.932714,3.072256,5.693827,169.412729
6,176,1786609282.069632,0,1,29.447547,12.782447,35.356238,13.421776,-5.387594,0.441461,5.405651,0.931537,0.027861,0.931954,3.059835,5.943179,169.140171
6,177,1786609282.109589,0,1,29.231674,12.796683,35.393474,13.422915,-5.396814,0.355904,5.408537,0.930908,0.028473,0.931343,3.075741,6.193541,170.423851
6,178,1786609282.149637,0,1,29.015894,12.813608,35.430691,13.424073,-5.394502,0.423111,5.411070,0.930420,0.028932,0.930869,3.063319,6.443779,170.079066
6,179,1786609282.189609,0,1,28.799785,12.827103,35.467893,13.425243,-5.402722,0.337372,5.413246,0.930062,0.029251,0.930521,3.079229,6.694881,171.301011
6,180,1786609282.229585,0,1,28.583787,12.843286,35.505086,13.426420,-5.399952,0.404595,5.415088,0.929823,0.029440,0.930289,3.066807,6.945821,170.899162
6,181,1786609282.269678,0,1,28.367499,12.856035,35.542274,13.427601,-5.407206,0.318709,5.416590,0.929694,0.029510,0.930163,3.082719,7.197506,172.072056
6,182,1786609282.309694,0,1,28.151338,12.871472,35.579461,13.428779,-5.404014,0.385938,5.417778,0.929667,0.029471,0.930134,3.070297,7.448999,171.624378
6,183,1786609282.349696,0,1,27.934925,12.883470,35.616650,13.429953,-5.410334,0.299938,5.418642,0.929733,0.029330,0.930196,3.086211,7.701139,172.757686
6,184,1786609282.389641,0,1,27.718655,12.898156,35.653845,13.431117,-5.406756,0.367162,5.419209,0.929885,0.029097,0.930340,3.073789,7.953068,172.272675
6,185,1786609282.429562,0,1,27.502650,12.916466,35.691050,13.432268,-5.400104,0.457744,5.419470,0.930115,0.028779,0.930560,3.057029,8.204629,171.550464
6,186,1786609282.469598,0,1,27.286449,12.932273,35.728267,13.433403,-5.405025,0.395175,5.419452,0.930418,0.028382,0.930851,3.068610,8.456678,172.421147
6,187,1786609282.509624,0,1,27.070036,12.944636,35.765498,13.434520,-5.410322,0.309086,5.419144,0.930787,0.027913,0.931206,3.084526,8.709250,173.505799
6,188,1786609282.549704,0,1,26.853817,12.959686,35.802747,13.435615,-5.405492,0.376231,5.418569,0.931218,0.027378,0.931621,3.072103,8.961577,172.974261
6,189,1786609282.589696,0,1,26.637419,12.971290,35.840015,13.436686,-5.409947,0.290112,5.417720,0.931706,0.026782,0.932091,3.088018,9.214357,174.035305
6,190,1786609282.629694,0,1,26.421226,12.985579,35.877305,13.437731,-5.404826,0.357221,5.416618,0.932245,0.026130,0.932611,3.075596,9.466883,173.481083
6,191,1786609282.669712,0,1,26.204887,12.996423,35.914618,13.438748,-5.408466,0.271100,5.415256,0.932832,0.025426,0.933179,3.091509,9.719801,174.522149
6,192,1786609282.709632,0,1,25.988764,13.009949,35.951957,13.439735,-5.403083,0.338163,5.413655,0.933464,0.024675,0.933790,3.079087,9.972458,173.948640
6,193,1786609282.749702,0,1,25.772971,13.027089,35.989322,13.440690,-5.394817,0.428493,5.411807,0.934135,0.023881,0.934441,3.062332,10.224720,173.140405
6,194,1786609282.789701,0,1,25.557077,13.041723,36.026716,13.441612,-5.397353,0.365846,5.409737,0.934844,0.023047,0.935128,3.073914,10.477273,173.934927
6,195,1786609282.829695,0,1,25.341070,13.052916,36.064139,13.442499,-5.400187,0.279818,5.407432,0.935587,0.022176,0.935850,3.089823,10.730144,174.953073
6,196,1786609282.869690,0,1,25.125318,13.066784,36.101594,13.443350,-5.393781,0.346713,5.404913,0.936362,0.021272,0.936604,3.077401,10.982733,174.357186
6,197,1786609282.909734,0,1,24.909483,13.077214,36.139080,13.444164,-5.395875,0.260751,5.402171,0.937166,0.020337,0.937386,3.093306,11.235591,175.361796
6,198,1786609282.949701,0,1,24.693912,13.090317,36.176599,13.444942,-5.389280,0.327574,5.399227,0.937975,0.019454,0.938177,3.080885,11.488162,174.752766
6,199,1786609282.989623,0,1,24.478699,13.107019,36.214151,13.445687,-5.380321,0.417542,5.396499,0.938790,0.018618,0.938975,3.064143,11.740337,173.909425
6,200,1786609283.029693,0,1,24.263407,13.121220,36.251735,13.446400,-5.382304,0.355032,5.394001,0.939610,0.017827,0.939779,3.075725,11.992738,174.672326
6,201,1786609283.069713,0,1,24.048008,13.131993,36.289353,13.447083,-5.384974,0.269311,5.391704,0.940435,0.017077,0.940590,3.091623,12.245399,175.662472
6,202,1786609283.109715,0,1,23.832843,13.145434,36.327003,13.447737,-5.379134,0.336043,5.389620,0.941263,0.016364,0.941406,3.079202,12.497817,175.039254
6,203,1786609283.149716,0,1,23.618008,13.162469,36.364687,13.448365,-5.370874,0.425856,5.387730,0.942096,0.015685,0.942227,3.062468,12.749885,174.181637
6,204,1786609283.189697,0,1,23.403057,13.177009,36.402404,13.448966,-5.373768,0.363502,5.386048,0.942932,0.015039,0.943052,3.074052,13.002192,174.931687
6,205,1786609283.229691,0,1,23.188440,13.195138,36.440155,13.449543,-5.365437,0.453227,5.384545,0.943772,0.014422,0.943882,3.057321,13.254157,174.071771
6,206,1786609283.269704,0,1,22.973679,13.210776,36.477940,13.450096,-5.369025,0.390952,5.383240,0.944614,0.013832,0.944716,3.068905,13.506382,174.820005
6,207,1786609283.309701,0,1,22.758742,13.222997,36.515758,13.450627,-5.373427,0.305530,5.382106,0.945460,0.013267,0.945553,3.084794,13.758900,175.797740
6,208,1786609283.349706,0,1,22.544011,13.237884,36.553611,13.451136,-5.368269,0.372176,5.381154,0.946308,0.012725,0.946393,3.072375,14.011223,175.162015
6,209,1786609283.389709,0,1,22.329591,13.256358,36.591497,13.451624,-5.360507,0.461843,5.380366,0.947158,0.012205,0.947237,3.055648,14.263243,174.291333
6,210,1786609283.429724,0,1,22.114995,13.272345,36.629417,13.452092,-5.364889,0.399673,5.379756,0.948011,0.011704,0.948083,3.067232,14.515535,175.029938
6,211,1786609283.469700,0,1,21.900191,13.284919,36.667372,13.452541,-5.370103,0.314366,5.379297,0.948865,0.011221,0.948931,3.083119,14.768132,175.999387
6,212,1786609283.509641,0,1,21.685571,13.300160,36.705361,13.452972,-5.365490,0.381014,5.379001,0.949721,0.010755,0.949782,3.070700,15.020567,175.355226
6,213,1786609283.549681,0,1,21.471243,13.318987,36.743384,13.453384,-5.358220,0.470678,5.378852,0.950579,0.010305,0.950635,3.053975,15.272733,174.475698
6,214,1786609283.589697,0,1,21.256710,13.335330,36.781442,13.453779,-5.363325,0.408579,5.378865,0.951439,0.009869,0.951490,3.065559,15.525184,175.206472
6,215,1786609283.629702,0,1,21.042474,13.355259,36.819534,13.454156,-5.355889,0.498229,5.379012,0.952300,0.009446,0.952347,3.048835,15.777369,174.326230
6,216,1786609283.669715,0,1,20.828010,13.372707,36.857660,13.454518,-5.361601,0.436179,5.379314,0.953162,0.009035,0.953205,3.060419,16.029859,175.056673
6,217,1786609283.709695,0,1,20.613279,13.386746,36.895821,13.454863,-5.368282,0.350977,5.379744,0.954026,0.008636,0.954065,3.076306,16.282685,176.019647
6,218,1786609283.749703,0,1,20.398716,13.403452,36.934017,13.455193,-5.364077,0.417664,5.380313,0.954891,0.008247,0.954926,3.063886,16.535382,175.368466
6,219,1786609283.789703,0,1,20.184434,13.423748,36.972247,13.455508,-5.357031,0.507384,5.381005,0.955756,0.007868,0.955789,3.047161,16.787843,174.481050
6,220,1786609283.829704,0,1,19.969899,13.441562,37.010512,13.455808,-5.363378,0.445365,5.381837,0.956623,0.007497,0.956652,3.058745,17.040619,175.205254
6,221,1786609283.869693,0,1,19.755171,13.457402,37.048812,13.456093,-5.368196,0.395987,5.382781,0.957490,0.007135,0.957517,3.067961,17.293640,175.785527
6,222,1786609283.909711,0,1,19.540647,13.476288,37.087146,13.456364,-5.363105,0.472165,5.383849,0.958359,0.006780,0.958383,3.053780,17.546510,175.033744
6,223,1786609283.949700,0,1,19.325830,13.492146,37.125513,13.456616,-5.370420,0.396444,5.385033,0.959183,0.006282,0.959204,3.067906,17.799718,175.892456
6,224,1786609283.989635,0,1,19.111211,13.511053,37.163912,13.456842,-5.365495,0.472673,5.386274,0.959967,0.005650,0.959984,3.053725,18.052783,175.137584
6,225,1786609284.029639,0,1,18.896926,13.533932,37.202340,13.457037,-5.357129,0.571977,5.387577,0.960713,0.004897,0.960726,3.035226,18.305576,174.146332
6,226,1786609284.069644,0,1,18.682371,13.554710,37.240797,13.457199,-5.363867,0.519459,5.388962,0.961426,0.004032,0.961434,3.045050,18.558683,174.769532
6,227,1786609284.109597,0,1,18.468180,13.579461,37.279282,13.457321,-5.354760,0.618769,5.390393,0.962107,0.003064,0.962111,3.026548,18.811498,173.780440
6,228,1786609284.149600,0,1,18.253697,13.602113,37.317792,13.457401,-5.362081,0.566303,5.391902,0.962758,0.002002,0.962760,3.036370,19.064644,174.406105
6,229,1786609284.189589,0,1,18.038853,13.621738,37.356327,13.457436,-5.371094,0.490625,5.393456,0.963384,0.000853,0.963384,3.050500,19.318173,175.268088
6,230,1786609284.229562,0,1,17.823663,13.637397,37.394887,13.457421,-5.379767,0.391478,5.393992,0.963984,-0.000376,0.963984,3.068952,19.572051,176.364879
6,231,1786609284.269584,0,1,17.608141,13.648150,37.433469,13.457353,-5.388056,0.268822,5.394758,0.964562,-0.001679,0.964564,3.091742,19.826247,177.695149
6,232,1786609284.309582,0,1,17.392365,13.653050,37.472074,13.457231,-5.394400,0.122494,5.395791,0.965119,-0.003048,0.965124,3.118889,20.080664,179.257904
6,233,1786609284.349573,0,1,17.176489,13.651145,37.510700,13.457052,-5.396885,-0.047625,5.397095,0.965657,-0.004479,0.965668,-3.132768,20.335137,178.947530
6,234,1786609284.389588,0,1,16.960620,13.645422,37.549347,13.456814,-5.396733,-0.143090,5.398629,0.966178,-0.005966,0.966196,-3.115085,20.589591,177.956347
6,235,1786609284.429608,0,1,16.744700,13.639142,37.588015,13.456513,-5.397990,-0.156988,5.400272,0.966682,-0.007505,0.966712,-3.112518,20.844115,177.832147
6,236,1786609284.469692,0,1,16.528704,13.633234,37.626702,13.456150,-5.399898,-0.147709,5.401918,0.967172,-0.009092,0.967215,-3.114245,21.098740,177.952222
7,0,1786609289.021793,0,1,59.480000,13.100032,29.003536,13.399988,-0.499999,0.000796,0.500000,0.088399,-0.000309,0.088400,3.140000,30.477940,0.472647
7,0,1786609289.061780,0,1,59.480000,13.100032,29.010208,13.399962,-0.499999,0.000796,0.500000,0.166799,-0.000646,0.166800,3.140000,30.471268,0.472721
7,1,1786609289.101794,0,1,59.457178,13.100442,29.019811,13.399922,-0.570542,0.010263,0.570634,0.240075,-0.000988,0.240077,3.123607,30.438841,0.466789
7,2,1786609289.141706,0,1,59.431530,13.100784,29.032108,13.399869,-0.641214,0.008539,0.641271,0.307436,-0.001330,0.307439,3.128276,30.400893,0.199282
7,3,1786609289.181710,0,1,59.403056,13.101139,29.046883,13.399802,-0.711852,0.008878,0.711908,0.369354,-0.001672,0.369358,3.129121,30.357642,0.150870
7,4,1786609289.221657,0,1,59.371756,13.101496,29.063933,13.399722,-0.782494,0.008930,0.782545,0.426267,-0.002013,0.426271,3.130181,30.309290,0.090054
7,5,1786609289.261650,0,1,59.337631,13.101860,29.083076,13.399627,-0.853133,0.009098,0.853182,0.478572,-0.002355,0.478578,3.130929,30.256020,0.047114
7,6,1786609289.301656,0,1,59.300680,13.102232,29.104142,13.399520,-0.923773,0.009302,0.923819,0.526641,-0.002696,0.526648,3.131524,30.198001,0.012856
7,7,1786609289.341713,0,1,59.260903,13.102614,29.126974,13.399398,-0.994411,0.009548,0.994457,0.570810,-0.003037,0.570818,3.131992,30.135391,0.014187
7,8,1786609289.381663,0,1,59.218301,13.103007,29.151430,13.399263,-1.065050,0.009827,1.065095,0.611393,-0.003378,0.611402,3.132366,30.068331,0.035910
7,9,1786609289.421646,0,1,59.172874,13.103413,29.177377,13.399114,-1.135689,0.010134,1.135734,0.648676,-0.003719,0.648687,3.132670,29.996954,0.053562
7,10,1786609289.461681,0,1,59.124621,13.103831,29.204694,13.398952,-1.206327,0.010465,1.206372,0.682923,-0.004060,0.682935,3.132918,29.921382,0.068106
7,11,1786609289.501659,0,1,59.073542,13.104264,29.233269,13.398776,-1.276965,0.010814,1.277011,0.714377,-0.004400,0.714391,3.133124,29.841726,0.080276
7,12,1786609289.541650,0,1,59.019638,13.104711,29.262999,13.398586,-1.347604,0.011177,1.347650,0.743262,-0.004740,0.743277,3.133299,29.758090,0.090642
7,13,1786609289.581657,0,1,58.962908,13.105173,29.293791,13.398383,-1.418242,0.011549,1.418289,0.769782,-0.005080,0.769799,3.133450,29.670566,0.099655
7,14,1786609289.621645,0,1,58.903353,13.105650,29.325556,13.398166,-1.488881,0.011926,1.488929,0.794128,-0.005420,0.794147,3.133582,29.579244,0.107673
7,15,1786609289.661697,0,1,58.840972,13.106142,29.358215,13.397936,-1.559520,0.012305,1.559568,0.816473,-0.005759,0.816493,3.133703,29.484201,0.114985
7,16,1786609289.701699,0,1,58.775766,13.106649,29.391694,13.397692,-1.630158,0.012680,1.630208,0.836977,-0.006098,0.836999,3.133815,29.385513,0.121829
7,17,1786609289.741665,0,1,58.707734,13.107171,29.425925,13.397435,-1.700797,0.013048,1.700847,0.855788,-0.006437,0.855812,3.133921,29.283247,0.128396
7,18,1786609289.781672,0,1,58.636876,13.107707,29.460847,13.397163,-1.771436,0.013405,1.771487,0.873040,-0.006776,0.873066,3.134025,29.177465,0.134847
7,19,1786609289.821691,0,1,58.563193,13.108257,29.496401,13.396879,-1.842076,0.013747,1.842127,0.888859,-0.007114,0.888888,3.134130,29.068225,0.141315
7,20,1786609289.861708,0,1,58.486728,13.108820,29.532536,13.396581,-1.911644,0.014063,1.911696,0.903359,-0.007452,0.903390,3.134236,28.955622,0.147912
7,21,1786609289.901672,0,1,58.407561,13.109393,29.569201,13.396269,-1.979174,0.014343,1.979226,0.916647,-0.007790,0.916680,3.134346,28.839786,0.154725
7,22,1786609289.941718,0,1,58.325772,13.109977,29.606354,13.395944,-2.044720,0.014584,2.044772,0.928818,-0.008127,0.928853,3.134460,28.720841,0.161840
7,23,1786609289.981766,0,1,58.241438,13.110568,29.643956,13.395607,-2.108336,0.014783,2.108388,0.940053,-0.008425,0.940091,3.134581,28.598903,0.169335
7,24,1786609290.021718,0,1,58.154630,13.111199,29.681973,13.395260,-2.170218,0.015768,2.170275,0.950429,-0.008685,0.950469,3.134327,28.474073,0.155322
7,25,1786609290.061707,0,1,58.065413,13.111862,29.720374,13.394903,-2.230418,0.016569,2.230480,0.960013,-0.008911,0.960054,3.134164,28.346452,0.146489
7,26,1786609290.101701,0,1,57.973854,13.112560,29.759129,13.394539,-2.288980,0.017464,2.289047,0.968869,-0.009106,0.968911,3.133963,28.216134,0.135471
7,27,1786609290.141700,0,1,57.880016,13.113295,29.798211,13.394168,-2.345949,0.018373,2.346021,0.977054,-0.009272,0.977098,3.133761,28.083210,0.124324
7,28,1786609290.181698,0,1,57.783961,13.114068,29.837596,13.393792,-2.401366,0.019323,2.401444,0.984624,-0.009412,0.984669,3.133546,27.947765,0.112436
7,29,1786609290.221697,0,1,57.685750,13.114880,29.877261,13.393411,-2.455274,0.020307,2.455358,0.991627,-0.009527,0.991672,3.133322,27.809884,0.099982
7,30,1786609290.261758,0,1,57.585442,13.115733,29.917185,13.393026,-2.507713,0.021328,2.507804,0.998107,-0.009620,0.998154,3.133088,27.669646,0.086908
7,31,1786609290.301702,0,1,57.483093,13.116629,29.957350,13.392638,-2.558723,0.022386,2.558821,1.004108,-0.009691,1.004155,3.132844,27.527127,0.073238
7,32,1786609290.341769,0,1,57.378759,13.117568,29.997736,13.392248,-2.608342,0.023481,2.608447,1.009668,-0.009744,1.009715,3.132591,27.382401,0.058975
7,33,1786609290.381707,0,1,57.272495,13.118553,30.038329,13.391857,-2.656606,0.024613,2.656720,1.014821,-0.009780,1.014868,3.132328,27.235537,0.044134
7,34,1786609290.421780,0,1,57.164353,13.119584,30.079113,13.391465,-2.703554,0.025782,2.703677,1.019600,-0.009799,1.019647,3.132056,27.086604,0.028730
7,35,1786609290.461767,0,1,57.054384,13.120663,30.120075,13.391073,-2.749219,0.026988,2.749351,1.024036,-0.009803,1.024083,3.131776,26.935667,0.012779
7,36,1786609290.501707,0,1,56.942639,13.121793,30.161201,13.390681,-2.793636,0.028229,2.793779,1.028155,-0.009794,1.028202,3.131488,26.782788,0.003697
7,37,1786609290.541666,0,1,56.829165,13.122973,30.202480,13.390290,-2.836839,0.029504,2.836993,1.031984,-0.009772,1.032030,3.131193,26.628027,0.020679
7,38,1786609290.581672,0,1,56.714011,13.124205,30.243902,13.389901,-2.878861,0.030814,2.879025,1.035544,-0.009738,1.035590,3.130890,26.471442,0.038145
7,39,1786609290.621658,0,1,56.597221,13.125492,30.285456,13.389513,-2.919732,0.032155,2.919909,1.038858,-0.009694,1.038904,3.130580,26.313090,0.056071
7,40,1786609290.661698,0,1,56.478842,13.126833,30.327134,13.389128,-2.959484,0.033528,2.959674,1.041946,-0.009640,1.041991,3.130264,26.153023,0.074436
7,41,1786609290.701657,0,1,56.358916,13.128230,30.368927,13.388745,-2.998147,0.034931,2.998351,1.044825,-0.009577,1.044869,3.129942,25.991295,0.093214
7,42,1786609290.741660,0,1,56.237486,13.129684,30.410828,13.388364,-3.035751,0.036361,3.035968,1.047513,-0.009506,1.047556,3.129616,25.827954,0.112382
7,43,1786609290.781661,0,1,56.114593,13.131197,30.452828,13.387987,-3.072322,0.037818,3.072555,1.050024,-0.009427,1.050066,3.129284,25.663049,0.131917
7,44,1786609290.821651,0,1,55.990277,13.132769,30.494923,13.387614,-3.107890,0.039301,3.108139,1.052372,-0.009341,1.052414,3.128948,25.496628,0.151796
7,45,1786609290.861654,0,1,55.864578,13.134401,30.537106,13.387244,-3.142482,0.040806,3.142747,1.054572,-0.009249,1.054612,3.128608,25.328734,0.171995
7,46,1786609290.901697,0,1,55.737533,13.136095,30.579372,13.386878,-3.176122,0.042332,3.176404,1.056633,-0.009151,1.056673,3.128265,25.159412,0.192492
7,47,1786609290.941717,0,1,55.609180,13.137850,30.621714,13.386516,-3.208838,0.043879,3.209138,1.058569,-0.009047,1.058608,3.127919,24.988703,0.213266
7,48,1786609290.981714,0,1,55.479554,13.139668,30.664130,13.386155,-3.240653,0.045443,3.240972,1.060403,-0.009007,1.060441,3.127571,24.816647,0.234301
7,49,1786609291.021714,0,1,55.348675,13.141178,30.706616,13.385794,-3.271973,0.037762,3.272190,1.062144,-0.009024,1.062182,3.130052,24.643273,0.092477
7,50,1786609291.061696,0,1,55.216570,13.142555,30.749168,13.385431,-3.302630,0.034435,3.302810,1.063799,-0.009094,1.063838,3.131166,24.468607,0.028657
7,51,1786609291.101688,0,1,55.083260,13.143661,30.791783,13.385062,-3.332732,0.027642,3.332847,1.065376,-0.009212,1.065416,3.133299,24.292676,0.094166
7,52,1786609291.141673,0,1,54.948770,13.144544,30.834458,13.384687,-3.362245,0.022062,3.362318,1.066880,-0.009376,1.066921,3.135031,24.115508,0.194605
7,53,1786609291.181675,0,1,54.813122,13.145141,30.877191,13.384304,-3.391205,0.014927,3.391238,1.068317,-0.009581,1.068360,3.137191,23.937126,0.320275
7,54,1786609291.221704,0,1,54.676338,13.145461,30.919979,13.383911,-3.419615,0.007998,3.419624,1.069693,-0.009824,1.069738,3.139254,23.757555,0.441079
7,55,1786609291.261701,0,1,54.538438,13.145469,30.962819,13.383507,-3.447491,0.000221,3.447491,1.071013,-0.010102,1.071060,3.141528,23.576820,0.574802
7,56,1786609291.301698,0,1,54.399444,13.145163,31.005711,13.383090,-3.474846,-0.007672,3.474854,1.072280,-0.010412,1.072331,-3.139385,23.394943,0.709217
7,57,1786609291.341711,0,1,54.259377,13.144518,31.048651,13.382660,-3.501691,-0.016108,3.501728,1.073500,-0.010752,1.073554,-3.136993,23.211948,0.851393
7,58,1786609291.381768,0,1,54.118255,13.143528,31.091638,13.382216,-3.528039,-0.024751,3.528125,1.074675,-0.011118,1.074733,-3.134577,23.027854,0.995840
7,59,1786609291.421710,0,1,53.976099,13.142177,31.134670,13.381755,-3.553901,-0.033779,3.554062,1.075811,-0.011509,1.075872,-3.132088,22.842685,1.145505
7,60,1786609291.461654,0,1,53.832927,13.140456,31.177746,13.381278,-3.579291,-0.043021,3.579550,1.076909,-0.011924,1.076975,-3.129574,22.656461,1.297656
7,61,1786609291.501706,0,1,53.688759,13.138354,31.220865,13.380784,-3.604219,-0.052552,3.604602,1.077972,-0.012359,1.078043,-3.127013,22.469201,1.453557
7,62,1786609291.541696,0,1,53.543611,13.135863,31.264025,13.380271,-3.628699,-0.062274,3.629233,1.079005,-0.012813,1.079081,-3.124433,22.280926,1.611703
7,63,1786609291.581708,0,1,53.397501,13.132974,31.307226,13.379740,-3.652739,-0.072217,3.653453,1.080008,-0.013285,1.080090,-3.121825,22.091654,1.772636
7,64,1786609291.621660,0,1,53.250447,13.129682,31.350465,13.379189,-3.676354,-0.082318,3.677275,1.080985,-0.013773,1.081072,-3.119205,21.901403,1.935452
7,65,1786609291.661708,0,1,53.102465,13.125978,31.393743,13.378618,-3.699552,-0.092587,3.700711,1.081937,-0.014276,1.082031,-3.116571,21.710192,2.100378
7,66,1786609291.701675,0,1,52.953571,13.121859,31.437057,13.378026,-3.722347,-0.102981,3.723771,1.082866,-0.014792,1.082967,-3.113934,21.518039,2.266825
7,67,1786609291.741773,0,1,52.803781,13.117319,31.480408,13.377413,-3.744747,-0.113500,3.746467,1.083775,-0.015321,1.083883,-3.111293,21.324959,2.434884
7,68,1786609291.781767,0,1,52.653110,13.112355,31.523795,13.376779,-3.766765,-0.124111,3.768809,1.084664,-0.015861,1.084780,-3.108655,21.130970,2.604156
7,69,1786609291.821705,0,1,52.501574,13.106962,31.567207,13.376123,-3.788410,-0.134813,3.790808,1.085293,-0.016408,1.085417,-3.106022,20.936098,2.774673
7,70,1786609291.861764,0,1,52.349186,13.101139,31.610618,13.375445,-3.809692,-0.145578,3.812473,1.085285,-0.016954,1.085417,-3.103399,20.740382,2.946157
7,71,1786609291.901708,0,1,52.195961,13.094883,31.654029,13.374744,-3.830622,-0.156404,3.833814,1.085276,-0.017509,1.085417,-3.100785,20.543839,3.118624
7,72,1786609291.941712,0,1,52.041913,13.088192,31.697440,13.374021,-3.851210,-0.167269,3.854841,1.085267,-0.018071,1.085417,-3.098187,20.346481,3.291875
7,73,1786609291.981704,0,1,51.887054,13.081065,31.740850,13.373285,-3.871464,-0.178168,3.875562,1.085261,-0.018398,1.085417,-3.095604,20.148324,3.465957
7,74,1786609292.021692,0,1,51.731387,13.073946,31.784260,13.372545,-3.891692,-0.177981,3.895760,1.085259,-0.018508,1.085417,-3.095891,19.949361,3.476148
7,75,1786609292.061668,0,1,51.574947,13.066470,31.827671,13.371808,-3.910983,-0.186910,3.915446,1.085261,-0.018419,1.085417,-3.093838,19.749637,3.621999
7,76,1786609292.101698,0,1,51.417738,13.059021,31.871081,13.371082,-3.930226,-0.186225,3.934635,1.085265,-0.018147,1.085417,-3.094245,19.549148,3.627448
7,77,1786609292.141706,0,1,51.259795,13.051261,31.914492,13.370374,-3.948576,-0.193988,3.953338,1.085273,-0.017707,1.085417,-3.092503,19.347935,3.757646
7,78,1786609292.181680,0,1,51.101119,13.043562,31.957904,13.369690,-3.966903,-0.192466,3.971569,1.085282,-0.017114,1.085417,-3.093113,19.145993,3.753702
7,79,1786609292.221672,0,1,50.941746,13.035573,32.001315,13.369034,-3.984335,-0.199745,3.989339,1.085293,-0.016380,1.085417,-3.091502,18.943366,3.878611
7,80,1786609292.261662,0,1,50.781673,13.027692,32.044728,13.368414,-4.001814,-0.197017,4.006661,1.085306,-0.015517,1.085417,-3.092400,18.740043,3.860283
7,81,1786609292.301655,0,1,50.620940,13.019510,32.088140,13.367832,-4.018343,-0.204551,4.023546,1.085320,-0.014536,1.085417,-3.090732,18.536072,3.990828
7,82,1786609292.341703,0,1,50.459538,13.011509,32.131554,13.367294,-4.035051,-0.200028,4.040006,1.085334,-0.013448,1.085417,-3.092061,18.331437,3.950074
7,83,1786609292.381653,0,1,50.297511,13.003155,32.174968,13.366804,-4.050671,-0.208856,4.056052,1.085348,-0.012262,1.085417,-3.090078,18.126191,4.101148
7,84,1786609292.421695,0,1,50.134842,12.995098,32.218382,13.366364,-4.066711,-0.201418,4.071696,1.085361,-0.010987,1.085417,-3.092105,17.920306,4.022570
7,85,1786609292.461682,0,1,49.971587,12.986565,32.261797,13.365979,-4.081376,-0.213324,4.086947,1.085374,-0.009630,1.085417,-3.089373,17.713854,4.219308
7,86,1786609292.501668,0,1,49.807711,12.978539,32.305213,13.365651,-4.096906,-0.200660,4.101817,1.085386,-0.008200,1.085417,-3.092653,17.506779,4.071053
7,87,1786609292.541665,0,1,49.643292,12.969771,32.348628,13.365383,-4.110475,-0.219198,4.116316,1.085396,-0.006704,1.085417,-3.088316,17.299188,4.362908
7,88,1786609292.581673,0,1,49.478260,12.961922,32.392045,13.365177,-4.125789,-0.196215,4.130453,1.085405,-0.005147,1.085417,-3.094070,17.090974,4.074828
7,89,1786609292.621655,0,1,49.312745,12.952752,32.435461,13.365036,-4.137892,-0.229261,4.144238,1.085411,-0.003536,1.085417,-3.086244,16.882319,4.570605
7,90,1786609292.661703,0,1,49.146600,12.945394,32.478878,13.364961,-4.153611,-0.183928,4.157681,1.085415,-0.001876,1.085417,-3.097340,16.673003,3.977453
7,91,1786609292.701718,0,1,48.980050,12.935699,32.522294,13.364954,-4.163744,-0.242380,4.170793,1.085417,-0.000172,1.085417,-3.083446,16.463353,4.825606
7,92,1786609292.741706,0,1,48.812874,12.928220,32.565711,13.365017,-4.179400,-0.186980,4.183580,1.085416,0.001571,1.085417,-3.096884,16.253034,4.101608
7,93,1786609292.781703,0,1,48.645321,12.918388,32.609127,13.365151,-4.188845,-0.245807,4.196051,1.085412,0.003349,1.085417,-3.082978,16.042415,4.954173
7,94,1786609292.821703,0,1,48.477164,12.910787,32.652544,13.365357,-4.203922,-0.190010,4.208214,1.085405,0.005158,1.085417,-3.096425,15.831148,4.233309
7,95,1786609292.861703,0,1,48.308655,12.900820,32.695959,13.365637,-4.212713,-0.249196,4.220077,1.085394,0.006994,1.085417,-3.082508,15.619614,5.090582
7,96,1786609292.901761,0,1,48.139565,12.893099,32.739375,13.365991,-4.227245,-0.193022,4.231650,1.085381,0.008854,1.085417,-3.095963,15.407450,4.373208
7,97,1786609292.941715,0,1,47.970137,12.883196,32.782789,13.366420,-4.235708,-0.247574,4.242937,1.085364,0.010735,1.085417,-3.083210,15.195034,5.167493
7,98,1786609292.981711,0,1,47.800149,12.875599,32.826203,13.366911,-4.249707,-0.189923,4.253949,1.085348,0.012262,1.085417,-3.096931,14.982004,4.438162
7,99,1786609293.021694,0,1,47.629833,12.866292,32.869616,13.367449,-4.257899,-0.232680,4.264252,1.085333,0.013465,1.085417,-3.087000,14.768722,5.072545
7,100,1786609293.061702,0,1,47.459015,12.859450,32.913029,13.368024,-4.270441,-0.171045,4.273865,1.085322,0.014373,1.085417,-3.101561,14.554874,4.296081
7,101,1786609293.101697,0,1,47.287924,12.850755,32.956442,13.368625,-4.277291,-0.217380,4.282811,1.085313,0.015011,1.085417,-3.090815,14.340835,4.978862
7,102,1786609293.141710,0,1,47.116389,12.844622,32.999854,13.369241,-4.288364,-0.153320,4.291104,1.085308,0.015403,1.085417,-3.105855,14.126280,4.175930
7,103,1786609293.181705,0,1,46.944609,12.836952,33.043266,13.369864,-4.294490,-0.191748,4.298768,1.085305,0.015569,1.085417,-3.096972,13.911554,4.751921
7,104,1786609293.221684,0,1,46.772448,12.831995,33.086679,13.370485,-4.304031,-0.123927,4.305815,1.085306,0.015528,1.085417,-3.112807,13.696359,3.902516
7,105,1786609293.261720,0,1,46.600098,12.825029,33.130091,13.371097,-4.308755,-0.174144,4.312273,1.085309,0.015297,1.085417,-3.101198,13.481071,4.635891
7,106,1786609293.301686,0,1,46.427424,12.820790,33.173504,13.371692,-4.316843,-0.105988,4.318144,1.085315,0.014891,1.085417,-3.117045,13.265365,3.786605
7,107,1786609293.341698,0,1,46.254594,12.814665,33.216916,13.372265,-4.320748,-0.153109,4.323460,1.085322,0.014325,1.085417,-3.106172,13.049596,4.478419
7,108,1786609293.381695,0,1,46.081498,12.811307,33.260330,13.372810,-4.327408,-0.083959,4.328222,1.085332,0.013611,1.085417,-3.122193,12.833458,3.619162
7,109,1786609293.421698,0,1,45.908267,12.806461,33.303743,13.373320,-4.330767,-0.121151,4.332462,1.085342,0.012760,1.085417,-3.113625,12.617264,4.177416
7,110,1786609293.461702,0,1,45.734831,12.804502,33.347157,13.373791,-4.335903,-0.048960,4.336179,1.085353,0.011784,1.085417,-3.130301,12.400748,3.278175
7,111,1786609293.501700,0,1,45.561297,12.800669,33.390572,13.374219,-4.338349,-0.095847,4.339408,1.085364,0.010690,1.085417,-3.119503,12.184232,3.963717
7,112,1786609293.541807,0,1,45.387614,12.799730,33.433976,13.374598,-4.342077,-0.023472,4.342141,1.085108,0.009487,1.085149,-3.136187,11.967453,3.063047
7,113,1786609293.581899,0,1,45.213893,12.796915,33.477353,13.374926,-4.343017,-0.070373,4.343588,1.084410,0.008179,1.084441,-3.125390,11.750765,3.747792
7,114,1786609293.621818,0,1,45.040196,12.791621,33.520685,13.375197,-4.342449,-0.132354,4.344465,1.083307,0.006777,1.083328,-3.111123,11.534283,4.645901
7,115,1786609293.661826,0,1,44.866430,12.788621,33.563958,13.375408,-4.344147,-0.074991,4.344795,1.081831,0.005287,1.081844,-3.124332,11.317693,3.960917
7,116,1786609293.701809,0,1,44.692734,12.783143,33.607159,13.375557,-4.342381,-0.136956,4.344540,1.080011,0.003718,1.080018,-3.110064,11.101394,4.865462
7,117,1786609293.741783,0,1,44.519014,12.779960,33.650274,13.375640,-4.343005,-0.079573,4.343734,1.077876,0.002075,1.077878,-3.123273,10.885052,4.186722
7,118,1786609293.781802,0,1,44.345413,12.774300,33.693292,13.375654,-4.340018,-0.141481,4.342324,1.075450,0.000364,1.075450,-3.109005,10.669083,5.098279
7,119,1786609293.821739,0,1,44.171832,12.770936,33.736202,13.375598,-4.339536,-0.084108,4.340351,1.072757,-0.001408,1.072758,-3.122213,10.453133,4.426489
7,120,1786609293.861840,0,1,43.998421,12.765099,33.778995,13.375469,-4.335285,-0.145917,4.337740,1.069817,-0.003236,1.069822,-3.107947,10.237637,5.345739
7,121,1786609293.901735,0,1,43.825075,12.761556,33.821661,13.375264,-4.333641,-0.088584,4.334546,1.066652,-0.005117,1.066664,-3.121154,10.022222,4.681713
7,122,1786609293.941864,0,1,43.651953,12.755546,33.864192,13.374982,-4.328058,-0.150248,4.330665,1.063278,-0.007045,1.063301,-3.106892,9.807342,5.609460
7,123,1786609293.981824,0,1,43.479144,12.746477,33.906615,13.374627,-4.320226,-0.226738,4.326171,1.060573,-0.008870,1.060610,-3.089158,9.593116,6.758671
7,124,1786609294.021840,0,1,43.306424,12.739100,33.948954,13.374203,-4.317992,-0.184427,4.321929,1.058483,-0.010600,1.058536,-3.098907,9.378998,6.328478
7,125,1786609294.061813,0,1,43.134031,12.728673,33.991233,13.373714,-4.309816,-0.260663,4.317692,1.056959,-0.012243,1.057030,-3.081185,9.165525,7.496735
7,126,1786609294.101788,0,1,42.961707,12.719937,34.033471,13.373162,-4.308115,-0.218409,4.313648,1.055956,-0.013806,1.056046,-3.090939,8.952100,7.086775
7,127,1786609294.141978,0,1,42.789730,12.708161,34.075688,13.372550,-4.299415,-0.294389,4.309482,1.055431,-0.015294,1.055542,-3.073228,8.739333,8.277022
7,128,1786609294.181927,0,1,42.618202,12.692761,34.117902,13.371881,-4.288207,-0.385002,4.305455,1.055348,-0.016713,1.055480,-3.052051,8.527385,9.698215
7,129,1786609294.221903,0,1,42.446731,12.678460,34.160129,13.371158,-4.286770,-0.357528,4.301653,1.055669,-0.018069,1.055824,-3.058383,8.315504,9.545983
7,130,1786609294.261908,0,1,42.275763,12.660551,34.202383,13.370384,-4.274205,-0.447725,4.297590,1.056364,-0.019367,1.056542,-3.037223,8.104525,11.004631
7,131,1786609294.301919,0,1,42.104837,12.643741,34.244679,13.369559,-4.273139,-0.420235,4.293753,1.057402,-0.020611,1.057603,-3.043564,7.893598,10.892411
7,132,1786609294.341975,0,1,41.934472,12.623342,34.287030,13.368687,-4.259126,-0.509982,4.289550,1.058756,-0.021805,1.058980,-3.022421,7.683679,12.394659
7,133,1786609294.381882,0,1,41.764138,12.604043,34.329446,13.367769,-4.258347,-0.482470,4.285592,1.060400,-0.022953,1.060648,-3.028774,7.473817,12.329155
7,134,1786609294.421941,0,1,41.594425,12.581174,34.371938,13.366807,-4.242831,-0.571727,4.281178,1.062311,-0.024058,1.062584,-3.007648,7.265090,13.882445
7,135,1786609294.461949,0,1,41.424734,12.559407,34.414517,13.365802,-4.242291,-0.544192,4.277053,1.064468,-0.025124,1.064765,-3.014012,7.056445,13.871829
7,136,1786609294.501950,0,1,41.255723,12.534090,34.457191,13.364756,-4.225263,-0.632920,4.272404,1.066852,-0.026154,1.067172,-2.992904,6.849091,15.485278
7,137,1786609294.541918,0,1,41.086724,12.509875,34.499969,13.363670,-4.224968,-0.605363,4.268116,1.069443,-0.027150,1.069788,-2.999279,6.641861,15.539630
7,138,1786609294.581920,0,1,40.918465,12.482134,34.542858,13.362545,-4.206483,-0.693532,4.263272,1.072226,-0.028115,1.072595,-2.978191,6.436108,17.224533
7,139,1786609294.621936,0,1,40.750205,12.455495,34.585865,13.361383,-4.206507,-0.665967,4.258898,1.075185,-0.029052,1.075577,-2.984578,6.230547,17.356425
7,140,1786609294.661923,0,1,40.582737,12.425353,34.628997,13.360184,-4.186702,-0.753568,4.253979,1.078306,-0.029962,1.078722,-2.963509,6.026684,19.126953
7,141,1786609294.701932,0,1,40.415248,12.396312,34.672260,13.358951,-4.187203,-0.726026,4.249680,1.081576,-0.030847,1.082016,-2.969908,5.823108,19.352256
7,142,1786609294.741914,0,1,40.248596,12.363788,34.715658,13.357682,-4.166312,-0.813083,4.244910,1.084954,-0.031709,1.085417,-2.948859,5.621496,21.226407
7,143,1786609294.781918,0,1,40.081894,12.332364,34.759056,13.356384,-4.167550,-0.785621,4.240952,1.084932,-0.032445,1.085417,-2.955270,5.420445,21.565160
7,144,1786609294.821917,0,1,39.916058,12.297475,34.802452,13.355058,-4.145911,-0.872205,4.236664,1.084910,-0.033155,1.085417,-2.934239,5.221824,23.565504
7,145,1786609294.861930,0,1,39.750128,12.263679,34.845848,13.353705,-4.148251,-0.844915,4.233423,1.084889,-0.033841,1.085417,-2.940661,5.023954,24.043388
7,146,1786609294.901801,0,1,39.584006,12.231535,34.889242,13.352324,-4.153048,-0.803596,4.230080,1.084868,-0.034504,1.085417,-2.950459,4.826693,24.378145
7,147,1786609294.941961,0,1,39.418613,12.196501,34.932636,13.350919,-4.134822,-0.875836,4.226564,1.084848,-0.035146,1.085417,-2.932858,4.632134,26.390904
7,148,1786609294.981688,0,1,39.252972,12.163108,34.976030,13.349498,-4.141024,-0.834827,4.224336,1.084836,-0.035522,1.085417,-2.942660,4.438440,26.901590
7,149,1786609295.021666,0,1,39.087027,12.131923,35.019423,13.348072,-4.148621,-0.779624,4.221241,1.084831,-0.035653,1.085417,-2.955835,4.245517,27.288925
7,150,1786609295.061654,0,1,38.921697,12.098416,35.062816,13.346649,-4.133247,-0.837682,4.217279,1.084834,-0.035560,1.085417,-2.941632,4.055742,29.381765
7,151,1786609295.101753,0,1,38.756070,12.067114,35.106210,13.345239,-4.140675,-0.782548,4.213973,1.084844,-0.035262,1.085417,-2.954805,3.867180,30.001594
7,152,1786609295.141765,0,1,38.590094,12.038583,35.149605,13.343848,-4.149389,-0.713292,4.210251,1.084860,-0.034776,1.085417,-2.971354,3.679767,30.529899
7,153,1786609295.181764,0,1,38.423745,12.013389,35.193000,13.342483,-4.158743,-0.629844,4.206167,1.084881,-0.034117,1.085417,-2.991284,3.493452,30.973779
7,154,1786609295.221782,0,1,38.257761,11.986979,35.236396,13.341151,-4.149584,-0.660255,4.201784,1.084906,-0.033299,1.085417,-2.983802,3.310956,33.182609
7,155,1786609295.261928,0,1,38.091414,11.963897,35.279793,13.339858,-4.158693,-0.577045,4.198536,1.084935,-0.032335,1.085417,-3.003717,3.130252,33.976075
7,156,1786609295.301829,0,1,37.924694,11.944711,35.323192,13.338608,-4.167981,-0.479643,4.195488,1.084967,-0.031236,1.085417,-3.027019,2.951400,34.747221
7,157,1786609295.341773,0,1,37.757632,11.929993,35.366592,13.337408,-4.176562,-0.367946,4.192739,1.085002,-0.030013,1.085417,-3.053722,2.774506,35.516565
7,158,1786609295.381776,0,1,37.590675,11.915144,35.409994,13.336261,-4.173912,-0.371220,4.190387,1.085038,-0.028675,1.085417,-3.052888,2.602872,38.174062
7,159,1786609295.421927,0,1,37.423420,11.904758,35.453397,13.335171,-4.181380,-0.259660,4.189435,1.085075,-0.027232,1.085417,-3.079573,2.434558,39.536457
7,160,1786609295.461815,0,1,37.255939,11.899412,35.496801,13.334144,-4.187042,-0.133662,4.189174,1.085113,-0.025690,1.085417,-3.109681,2.270027,41.028706
7,161,1786609295.501949,0,1,37.088354,11.899687,35.540207,13.333181,-4.189607,0.006886,4.189612,1.085150,-0.024058,1.085417,3.139949,2.109897,42.703724
7,162,1786609295.541855,0,1,36.920829,11.905563,35.583615,13.332288,-4.188129,0.146897,4.190704,1.085187,-0.022342,1.085417,3.106532,1.955425,44.846079
7,163,1786609295.581923,0,1,36.753427,11.915457,35.627024,13.331466,-4.185064,0.247364,4.192368,1.085222,-0.020548,1.085417,3.082555,1.809382,48.115923
7,164,1786609295.621934,0,1,36.586227,11.929367,35.670433,13.330718,-4.179981,0.347752,4.194421,1.085245,-0.018681,1.085406,3.058589,1.674056,52.079316
7,165,1786609295.661852,0,1,36.419066,11.944685,35.713832,13.330049,-4.179036,0.382934,4.196544,1.084967,-0.016742,1.085096,3.050216,1.554538,57.785649
7,166,1786609295.701919,0,1,36.251911,11.960854,35.757209,13.329459,-4.178865,0.404220,4.198369,1.084412,-0.014737,1.084512,3.045163,1.455270,64.601844
7,167,1786609295.741913,0,1,36.084733,11.977317,35.800553,13.328952,-4.179470,0.411576,4.199686,1.083602,-0.012672,1.083676,3.043434,1.381187,72.502462
7,168,1786609295.781932,0,1,35.917723,11.995685,35.843855,13.328530,-4.175238,0.459219,4.200416,1.082558,-0.010551,1.082609,3.032047,1.334890,80.551307
7,169,1786609295.821906,0,1,35.750668,12.013700,35.887107,13.328195,-4.176380,0.450356,4.200591,1.081298,-0.008379,1.081330,3.034174,1.321557,89.771188
7,170,1786609295.861833,0,1,35.583534,12.030799,35.930301,13.327949,-4.178359,0.427487,4.200170,1.079840,-0.006161,1.079857,3.039638,1.342700,99.125300
7,171,1786609295.901904,0,1,35.416855,12.051561,35.973429,13.327793,-4.166967,0.519036,4.199168,1.078199,-0.003901,1.078206,3.017671,1.392315,106.462173
7,172,1786609295.941939,0,1,35.250125,12.071404,36.016484,13.327729,-4.168245,0.496074,4.197661,1.076390,-0.001603,1.076391,3.023137,1.471618,114.596224
7,173,1786609295.981861,0,1,35.083309,12.089768,36.059476,13.327747,-4.170402,0.459111,4.195598,1.074792,0.000451,1.074792,3.031946,1.576544,121.974091
7,174,1786609296.021739,0,1,34.916348,12.106097,36.102411,13.327838,-4.174025,0.408216,4.193940,1.073387,0.002280,1.073389,3.044104,1.702762,128.565368
7,175,1786609296.061814,0,1,34.749704,12.124956,36.145298,13.327994,-4.166094,0.471475,4.192687,1.072161,0.003900,1.072168,3.028902,1.842548,132.781131
7,176,1786609296.101788,0,1,34.582877,12.141784,36.188142,13.328207,-4.170676,0.420708,4.191841,1.071098,0.005329,1.071111,3.041060,1.996115,137.772432
7,177,1786609296.141937,0,1,34.416344,12.161144,36.230949,13.328470,-4.163339,0.483996,4.191377,1.070187,0.006582,1.070207,3.025860,2.157648,140.616054
7,178,1786609296.181770,0,1,34.249590,12.178477,36.273726,13.328777,-4.168836,0.433338,4.191298,1.069414,0.007673,1.069441,3.038018,2.328157,144.456366
7,179,1786609296.221775,0,1,34.083108,12.198345,36.316476,13.329122,-4.162047,0.496682,4.191579,1.068769,0.008614,1.068803,3.022818,2.503316,146.341180
7,180,1786609296.261771,0,1,33.916372,12.216189,36.359206,13.329498,-4.168420,0.446116,4.192224,1.068241,0.009417,1.068283,3.034976,2.684567,149.390420
7,181,1786609296.301713,0,1,33.749339,12.231449,36.401919,13.329902,-4.175821,0.381494,4.193211,1.067821,0.010094,1.067869,3.050488,2.871024,152.285265
7,182,1786609296.341707,0,1,33.582445,12.248692,36.444619,13.330328,-4.172336,0.431070,4.194546,1.067501,0.010654,1.067554,3.038642,3.059735,153.399393
7,183,1786609296.381769,0,1,33.415348,12.264550,36.487310,13.330773,-4.177432,0.396447,4.196201,1.067273,0.011106,1.067330,3.046974,3.251735,155.437774
7,184,1786609296.421779,0,1,33.248400,12.282656,36.529995,13.331231,-4.173707,0.452660,4.198182,1.067128,0.011459,1.067189,3.033560,3.445051,156.089826
7,185,1786609296.461702,0,1,33.081124,12.298441,36.572677,13.331700,-4.181896,0.394632,4.200474,1.067061,0.011721,1.067125,3.047505,3.641232,158.124040
7,186,1786609296.501764,0,1,32.913972,12.316480,36.615360,13.332176,-4.178808,0.450976,4.203072,1.067065,0.011899,1.067131,3.034089,3.838217,158.495715
7,187,1786609296.541696,0,1,32.746469,12.332197,36.658045,13.332656,-4.187570,0.392922,4.205964,1.067134,0.012000,1.067202,3.048036,4.037493,160.292710
7,188,1786609296.581784,0,1,32.579065,12.350174,36.700736,13.333137,-4.185085,0.449411,4.209145,1.067264,0.012030,1.067332,3.034619,4.237262,160.457126
7,189,1786609296.621770,0,1,32.411290,12.365826,36.743434,13.333617,-4.194392,0.391309,4.212606,1.067449,0.011995,1.067517,3.048569,4.438929,162.077144
7,190,1786609296.661715,0,1,32.243591,12.383744,36.786141,13.334093,-4.192477,0.447956,4.216340,1.067686,0.011899,1.067752,3.035149,4.640897,162.084786
7,191,1786609296.701647,0,1,32.075499,12.399336,36.828860,13.334563,-4.202301,0.389785,4.220339,1.067969,0.011748,1.068034,3.049102,4.844491,163.569876
7,192,1786609296.741697,0,1,31.907462,12.417200,36.871592,13.335025,-4.200925,0.446603,4.224597,1.068295,0.011546,1.068358,3.035680,5.048266,163.456447
7,193,1786609296.781764,0,1,31.739012,12.432733,36.914338,13.335476,-4.211238,0.388343,4.229106,1.068662,0.011297,1.068721,3.049637,5.253470,164.836655
7,194,1786609296.821764,0,1,31.570597,12.450547,36.957101,13.335917,-4.210373,0.445343,4.233861,1.069064,0.011005,1.069121,3.036212,5.458782,164.627982
7,195,1786609296.861766,0,1,31.401751,12.466026,36.999881,13.336344,-4.221151,0.386975,4.238852,1.069501,0.010674,1.069554,3.050173,5.665378,165.925253
7,196,1786609296.901768,0,1,31.232920,12.483793,37.042680,13.336756,-4.220770,0.444168,4.244076,1.069968,0.010306,1.070018,3.036745,5.872040,165.640406
7,197,1786609296.941787,0,1,31.063641,12.499220,37.085498,13.337152,-4.231988,0.385674,4.249525,1.070464,0.009905,1.070510,3.050711,6.079876,166.871091
7,198,1786609296.981801,0,1,30.894358,12.516943,37.128337,13.337533,-4.232064,0.443072,4.255195,1.070965,0.009523,1.071008,3.037279,6.287755,166.524404
7,199,1786609297.021779,0,1,30.724620,12.532319,37.171196,13.337899,-4.243453,0.384412,4.260829,1.071472,0.009158,1.071511,3.051250,6.496714,167.700834
7,200,1786609297.061763,0,1,30.554881,12.549998,37.214075,13.338252,-4.243477,0.441971,4.266431,1.071984,0.008809,1.072020,3.037814,6.705685,167.303183
7,201,1786609297.101686,0,1,30.384690,12.565323,37.256975,13.338591,-4.254786,0.383120,4.272000,1.072500,0.008476,1.072533,3.051790,6.915653,168.434799
7,202,1786609297.141670,0,1,30.214499,12.582956,37.299896,13.338917,-4.254761,0.440838,4.277538,1.073020,0.008155,1.073051,3.038351,7.125610,167.994661
7,203,1786609297.181768,0,1,30.043859,12.598228,37.342838,13.339231,-4.265994,0.381799,4.283045,1.073544,0.007848,1.073573,3.052332,7.336496,169.088865
7,204,1786609297.221769,0,1,29.873222,12.615815,37.385801,13.339533,-4.265925,0.439674,4.288523,1.074072,0.007552,1.074098,3.038889,7.547357,168.612944
7,205,1786609297.261763,0,1,29.702139,12.631033,37.428785,13.339824,-4.277084,0.380450,4.293971,1.074602,0.007267,1.074627,3.052875,7.759087,169.675619
7,206,1786609297.301771,0,1,29.531060,12.648573,37.471790,13.340103,-4.276974,0.438481,4.299392,1.075136,0.006992,1.075159,3.039428,7.970785,169.169284
7,207,1786609297.341775,0,1,29.359538,12.663735,37.514817,13.340372,-4.288063,0.379073,4.304785,1.075673,0.006726,1.075694,3.053420,8.183301,170.205162
7,208,1786609297.381758,0,1,29.188021,12.681226,37.557865,13.340631,-4.287915,0.437258,4.310152,1.076211,0.006468,1.076231,3.039969,8.395779,169.672760
7,209,1786609297.421772,0,1,29.016064,12.696333,37.600936,13.340880,-4.298936,0.377668,4.315493,1.076753,0.006219,1.076771,3.053966,8.609034,170.685685
7,210,1786609297.461782,0,1,28.844099,12.713633,37.644027,13.341119,-4.299107,0.432523,4.320810,1.077296,0.005976,1.077313,3.041322,8.822271,170.176324
7,211,1786609297.501773,0,1,28.671696,12.728512,37.687141,13.341348,-4.310081,0.371962,4.326101,1.077841,0.005741,1.077857,3.055505,9.036250,171.178793
7,212,1786609297.541774,0,1,28.499296,12.745699,37.730277,13.341569,-4.310006,0.429673,4.331370,1.078388,0.005511,1.078402,3.042229,9.250193,170.613503
7,213,1786609297.581772,0,1,28.326460,12.760456,37.773434,13.341780,-4.320894,0.368926,4.336616,1.078937,0.005288,1.078950,3.056417,9.464843,171.598532
7,214,1786609297.621773,0,1,28.153627,12.777527,37.816614,13.341983,-4.320813,0.426784,4.341840,1.079487,0.005069,1.079499,3.043138,9.679458,171.015870
7,215,1786609297.661686,0,1,27.980363,12.792161,37.859815,13.342177,-4.331619,0.365853,4.347041,1.080039,0.004856,1.080050,3.057332,9.894751,171.985673
7,216,1786609297.701656,0,1,27.807092,12.809016,37.903039,13.342363,-4.331778,0.421354,4.352223,1.080592,0.004647,1.080602,3.044627,10.110025,171.420284
7,217,1786609297.741700,0,1,27.633391,12.823402,37.946285,13.342541,-4.342514,0.359669,4.357383,1.081146,0.004442,1.081155,3.058956,10.325952,172.383513
7,218,1786609297.781766,0,1,27.459690,12.840093,37.989553,13.342711,-4.342525,0.417256,4.362525,1.081701,0.004241,1.081709,3.045801,10.541851,171.778726
7,219,1786609297.821760,0,1,27.285563,12.854308,38.032843,13.342872,-4.353165,0.355384,4.367647,1.082257,0.004044,1.082265,3.060135,10.758379,172.730000
7,220,1786609297.861765,0,1,27.111436,12.870832,38.076155,13.343026,-4.353194,0.413113,4.372752,1.082814,0.003851,1.082821,3.046977,10.974883,172.113021
7,221,1786609297.901768,0,1,26.936886,12.884875,38.119490,13.343173,-4.363739,0.351056,4.377837,1.083372,0.003660,1.083378,3.061317,11.191991,173.053705
7,222,1786609297.941786,0,1,26.762335,12.901232,38.162848,13.343312,-4.363788,0.408927,4.382906,1.083931,0.003472,1.083936,3.048156,11.409081,172.425834
7,223,1786609297.981709,0,1,26.587365,12.915099,38.206222,13.343440,-4.374240,0.346686,4.387957,1.084365,0.003217,1.084370,3.062502,11.626750,173.357111
7,224,1786609298.021740,0,1,26.412397,12.931287,38.249610,13.343556,-4.374209,0.404689,4.392890,1.084685,0.002899,1.084689,3.049338,11.844390,172.719502
7,225,1786609298.061683,0,1,26.237022,12.944977,38.293006,13.343657,-4.384367,0.342251,4.397705,1.084900,0.002525,1.084903,3.063689,12.062574,173.642417
7,226,1786609298.101684,0,1,26.061655,12.960992,38.336406,13.343741,-4.384164,0.400373,4.402408,1.085018,0.002098,1.085020,3.050523,12.280717,172.996073
7,227,1786609298.141716,0,1,25.885894,12.974502,38.379808,13.343806,-4.394038,0.337747,4.406999,1.085046,0.001623,1.085048,3.064879,12.499371,173.911515
7,228,1786609298.181649,0,1,25.710147,12.990341,38.423208,13.343850,-4.393677,0.395982,4.411485,1.084993,0.001104,1.084994,3.051710,12.717975,173.257308
7,229,1786609298.221792,0,1,25.534016,13.003668,38.466602,13.343872,-4.403277,0.333177,4.415864,1.084865,0.000544,1.084865,3.066071,12.937061,174.166045
7,230,1786609298.261764,0,1,25.357905,13.019329,38.509989,13.343870,-4.402770,0.391521,4.420144,1.084667,-0.000053,1.084667,3.052900,13.156088,173.504734
7,231,1786609298.301786,0,1,25.181421,13.032471,38.553365,13.343843,-4.412108,0.328546,4.424323,1.084405,-0.000685,1.084405,3.067265,13.375569,174.407435
7,232,1786609298.341709,0,1,25.004962,13.047950,38.596729,13.343789,-4.411466,0.386994,4.428408,1.084085,-0.001348,1.084085,3.054092,13.594986,173.739683
7,233,1786609298.381695,0,1,24.828140,13.060905,38.640077,13.343707,-4.420550,0.323856,4.432397,1.083710,-0.002039,1.083712,3.068462,13.814832,174.636933
7,234,1786609298.421701,0,1,24.651349,13.076201,38.683409,13.343597,-4.419785,0.382404,4.436297,1.083286,-0.002757,1.083289,3.055287,14.034607,173.963323
7,235,1786609298.461765,0,1,24.474204,13.088965,38.726721,13.343457,-4.428624,0.319111,4.440106,1.082816,-0.003499,1.082822,3.069661,14.254789,174.855633
7,236,1786609298.501708,0,1,24.297094,13.104075,38.770013,13.343286,-4.427746,0.377756,4.443831,1.082304,-0.004263,1.082312,3.056483,14.474896,174.176677
7,237,1786609298.541767,0,1,24.119640,13.116648,38.813283,13.343084,-4.436349,0.314314,4.447469,1.081753,-0.005047,1.081765,3.070861,14.695388,175.064499
7,238,1786609298.581767,0,1,23.942225,13.131570,38.856530,13.342850,-4.435367,0.373051,4.451028,1.081167,-0.005850,1.081183,3.057682,14.915801,174.380652
7,239,1786609298.621764,0,1,23.764476,13.143949,38.899752,13.342584,-4.443742,0.309467,4.454505,1.080548,-0.006669,1.080569,3.072064,15.136580,175.264382
7,240,1786609298.661712,0,1,23.586769,13.158680,38.942948,13.342283,-4.442667,0.368294,4.457906,1.079899,-0.007504,1.079925,3.058883,15.357277,174.576049
7,241,1786609298.701649,0,1,23.408736,13.170863,38.986117,13.341949,-4.450820,0.304574,4.461229,1.079222,-0.008353,1.079254,3.073268,15.578320,175.456041
7,242,1786609298.741664,0,1,23.230750,13.185403,39.029258,13.341581,-4.449660,0.363486,4.464481,1.078520,-0.009214,1.078559,3.060085,15.799280,174.763580
7,243,1786609298.781660,0,1,23.052446,13.197388,39.072369,13.341177,-4.457599,0.299637,4.467659,1.077794,-0.010087,1.077841,3.074474,16.020569,175.640146
7,244,1786609298.821650,0,1,22.874191,13.211734,39.115451,13.340738,-4.456362,0.358631,4.470769,1.077047,-0.010970,1.077102,3.061290,16.241773,174.943880
7,245,1786609298.861655,0,1,22.695676,13.224228,39.158503,13.340264,-4.462890,0.312366,4.473808,1.076279,-0.011863,1.076345,3.071715,16.463236,175.592451
7,246,1786609298.901648,0,1,22.517235,13.239248,39.201522,13.339753,-4.461007,0.375499,4.476783,1.075494,-0.012765,1.075570,3.057617,16.684590,174.843402
7,247,1786609298.941666,0,1,22.338493,13.251869,39.244510,13.339206,-4.468568,0.315523,4.479694,1.074691,-0.013674,1.074778,3.071100,16.906243,175.665094
7,248,1786609298.981726,0,1,22.159832,13.267019,39.287473,13.338623,-4.466513,0.378739,4.482542,1.074069,-0.014595,1.074168,3.057000,17.127790,174.913656
7,249,1786609299.021701,0,1,21.980864,13.279766,39.330417,13.338001,-4.474210,0.318688,4.485546,1.073612,-0.015528,1.073724,3.070485,17.349651,175.733518
7,250,1786609299.061715,0,1,21.801967,13.295047,39.373349,13.337343,-4.472414,0.382023,4.488700,1.073307,-0.016472,1.073433,3.056382,17.571433,174.979865
7,251,1786609299.101701,0,1,21.622828,13.308980,39.416275,13.336646,-4.478476,0.348321,4.492002,1.073142,-0.017425,1.073283,3.063972,17.793469,175.463591
7,252,1786609299.141711,0,1,21.443789,13.325695,39.459199,13.335910,-4.475984,0.417865,4.495447,1.073105,-0.018386,1.073263,3.048505,18.015414,174.634004
7,253,1786609299.181715,0,1,21.264417,13.340248,39.502127,13.335136,-4.484305,0.363830,4.499040,1.073187,-0.019355,1.073362,3.060636,18.237711,175.377573
7,254,1786609299.221726,0,1,21.085143,13.357589,39.545062,13.334323,-4.481846,0.433525,4.502764,1.073379,-0.020331,1.073571,3.045164,18.459934,174.547233
7,255,1786609299.261692,0,1,20.905518,13.372767,39.588009,13.333470,-4.490627,0.379452,4.506630,1.073670,-0.021313,1.073882,3.057294,18.682532,175.290568
7,256,1786609299.301663,0,1,20.725990,13.390739,39.630971,13.332578,-4.488186,0.449308,4.510620,1.074054,-0.022300,1.074285,3.041816,18.905070,174.459493
7,257,1786609299.341707,0,1,20.546094,13.406547,39.673952,13.331647,-4.497414,0.395192,4.514744,1.074522,-0.023292,1.074775,3.053947,19.128005,175.202624
7,258,1786609299.381645,0,1,20.366295,13.425156,39.716955,13.330675,-4.494975,0.465218,4.518986,1.075069,-0.024288,1.075343,3.038463,19.350891,174.370828
7,259,1786609299.421665,0,1,20.186109,13.441598,39.759982,13.329663,-4.504639,0.411053,4.523355,1.075687,-0.025288,1.075985,3.050594,19.574193,175.113785
7,260,1786609299.461665,0,1,20.006022,13.460848,39.803037,13.328612,-4.502187,0.481259,4.527836,1.076372,-0.026291,1.076693,3.035103,19.797457,174.281278
7,261,1786609299.501721,0,1,19.825531,13.477930,39.846122,13.327520,-4.512275,0.427041,4.532437,1.077117,-0.027297,1.077463,3.047234,20.021156,175.024085
7,262,1786609299.541760,0,1,19.645120,13.497656,39.889238,13.326388,-4.510262,0.493147,4.537142,1.077919,-0.028306,1.078290,3.032686,20.244843,174.244851
7,263,1786609299.581699,0,1,19.464288,13.515170,39.932389,13.325215,-4.520805,0.437864,4.541960,1.078772,-0.029316,1.079170,3.045038,20.468983,174.999572
7,264,1786609299.621802,0,1,19.283345,13.533561,39.975576,13.324002,-4.523569,0.459769,4.546875,1.079672,-0.030327,1.080098,3.040302,20.693292,174.776705
7,265,1786609299.661706,0,1,19.101950,13.549288,40.018801,13.322748,-4.534878,0.393178,4.551891,1.080615,-0.031340,1.081070,3.055108,20.918077,175.665319
7,266,1786609299.701701,0,1,18.920568,13.567362,40.062065,13.321454,-4.534554,0.451852,4.557011,1.081599,-0.032354,1.082083,3.042274,21.142927,174.975875
7,267,1786609299.741716,0,1,18.738792,13.583472,40.105370,13.320119,-4.544406,0.402758,4.562219,1.082620,-0.033369,1.083134,3.053196,21.368201,175.641433
7,268,1786609299.781708,0,1,18.557043,13.602101,40.148716,13.318744,-4.543718,0.465712,4.567522,1.083674,-0.034384,1.084220,3.039454,21.593533,174.899736
7,269,1786609299.821769,0,1,18.374838,13.618218,40.192107,13.317328,-4.555121,0.402940,4.572908,1.084760,-0.035399,1.085338,3.053364,21.819344,175.734989
7,270,1786609299.861730,0,1,18.192840,13.636842,40.235499,13.315873,-4.549956,0.465601,4.573717,1.084807,-0.036379,1.085417,3.039617,22.044996,174.991449
7,271,1786609299.901712,0,1,18.010600,13.652933,40.278890,13.314379,-4.555993,0.402256,4.573717,1.084774,-0.037353,1.085417,3.053529,22.270864,175.825369
7,272,1786609299.941714,0,1,17.828106,13.665817,40.322280,13.312846,-4.562360,0.322110,4.573717,1.084740,-0.038325,1.085417,3.071108,22.496943,176.860516
7,273,1786609299.981732,0,1,17.645379,13.674819,40.365668,13.311284,-4.568176,0.225054,4.573717,1.084715,-0.039038,1.085417,3.092367,22.723198,178.096245
7,274,1786609300.021698,0,1,17.462484,13.679259,40.409056,13.309704,-4.572370,0.110992,4.573717,1.084698,-0.039513,1.085417,3.117323,22.949548,179.532121
7,275,1786609300.061661,0,1,17.279537,13.678453,40.452444,13.308113,-4.573672,-0.020141,4.573717,1.084688,-0.039769,1.085417,-3.137189,23.175866,178.832084
7,276,1786609300.101659,0,1,17.096591,13.677497,40.495831,13.306520,-4.573654,-0.023909,4.573717,1.084686,-0.039824,1.085417,-3.136365,23.402181,178.792188
7,277,1786609300.141688,0,1,16.913643,13.677055,40.539219,13.304932,-4.573703,-0.011053,4.573717,1.084691,-0.039695,1.085417,-3.139176,23.628507,178.959153
7,278,1786609300.181715,0,1,16.730700,13.675505,40.582607,13.303356,-4.573553,-0.038746,4.573717,1.084702,-0.039395,1.085417,-3.133121,23.854809,178.620734
7,279,1786609300.221691,0,1,16.547752,13.675234,40.625996,13.301799,-4.573712,-0.006772,4.573717,1.084718,-0.038939,1.085417,-3.140112,24.081139,179.026622
8,0,1786609304.005404,0,1,59.480000,13.100032,29.003536,13.399990,-0.499999,0.000796,0.500000,0.088400,-0.000257,0.088400,3.140000,30.477940,0.472651
8,0,1786609304.045355,0,1,59.480000,13.100032,29.010208,13.399969,-0.499999,0.000796,0.500000,0.166799,-0.000513,0.166800,3.140000,30.471268,0.472735
8,1,1786609304.085358,0,1,59.457179,13.100481,29.020016,13.399938,-0.570522,0.011238,0.570633,0.245199,-0.000768,0.245200,3.121897,30.438636,0.564805
8,2,1786609304.125380,0,1,59.431531,13.100845,29.032960,13.399898,-0.641205,0.009084,0.641269,0.323598,-0.001022,0.323600,3.127426,30.400042,0.248049
8,3,1786609304.165335,0,1,59.403058,13.101241,29.049040,13.399847,-0.711836,0.009899,0.711905,0.401998,-0.001275,0.402000,3.127687,30.355486,0.233119
8,4,1786609304.205361,0,1,59.371758,13.101646,29.068256,13.399786,-0.782475,0.010127,0.782541,0.480398,-0.001527,0.480400,3.128651,30.304969,0.177814
8,5,1786609304.245375,0,1,59.337634,13.102069,29.090608,13.399714,-0.853111,0.010577,0.853177,0.558797,-0.001778,0.558800,3.129196,30.248491,0.146500
8,6,1786609304.285389,0,1,59.300684,13.102511,29.116095,13.399633,-0.923747,0.011053,0.923813,0.637197,-0.002028,0.637200,3.129627,30.186051,0.121582
8,7,1786609304.325380,0,1,59.260909,13.102975,29.144719,13.399542,-0.994382,0.011598,0.994449,0.715596,-0.002277,0.715600,3.129930,30.117650,0.104040
8,8,1786609304.365392,0,1,59.218308,13.103463,29.176479,13.399441,-1.065016,0.012196,1.065086,0.793996,-0.002524,0.794000,3.130142,30.043287,0.091629
8,9,1786609304.405432,0,1,59.172913,13.103976,29.211375,13.399330,-1.134878,0.012839,1.134951,0.872396,-0.002770,0.872400,3.130280,29.962994,0.083363
8,10,1786609304.445451,0,1,59.124795,13.104517,29.249201,13.399210,-1.202947,0.013514,1.203023,0.945663,-0.002998,0.945668,3.130359,29.877047,0.078504
8,11,1786609304.485394,0,1,59.074024,13.105086,29.289724,13.399082,-1.269270,0.014223,1.269350,1.013061,-0.003206,1.013066,3.130388,29.785752,0.076451
8,12,1786609304.525442,0,1,59.020669,13.105684,29.332726,13.398946,-1.333896,0.014958,1.333979,1.075058,-0.003397,1.075064,3.130379,29.689391,0.076512
8,13,1786609304.565440,0,1,58.964794,13.106313,29.378010,13.398804,-1.396868,0.015716,1.396957,1.132088,-0.003570,1.132094,3.130342,29.588230,0.078219
8,14,1786609304.605444,0,1,58.906465,13.106973,29.425392,13.398654,-1.458232,0.016494,1.458326,1.184547,-0.003728,1.184553,3.130282,29.482516,0.081195
8,15,1786609304.645452,0,1,58.845743,13.107664,29.474704,13.398500,-1.518032,0.017288,1.518130,1.232801,-0.003873,1.232807,3.130205,29.372480,0.085146
8,16,1786609304.685385,0,1,58.782691,13.108388,29.525791,13.398339,-1.576308,0.018094,1.576412,1.277187,-0.004004,1.277193,3.130114,29.258337,0.089839
8,17,1786609304.725445,0,1,58.717367,13.109144,29.578512,13.398174,-1.633102,0.018909,1.633211,1.318014,-0.004123,1.318020,3.130014,29.140289,0.095086
8,18,1786609304.765441,0,1,58.649829,13.109933,29.632734,13.398005,-1.688453,0.019731,1.688568,1.355566,-0.004231,1.355572,3.129907,29.018524,0.100734
8,19,1786609304.805450,0,1,58.580133,13.110756,29.688339,13.397832,-1.742401,0.020557,1.742522,1.390106,-0.004329,1.390112,3.129795,28.893220,0.106659
8,20,1786609304.845381,0,1,58.508333,13.111611,29.745213,13.397655,-1.794983,0.021384,1.795110,1.421874,-0.004417,1.421881,3.129680,28.764542,0.112760
8,21,1786609304.885364,0,1,58.434484,13.112499,29.803257,13.397476,-1.846236,0.022210,1.846369,1.451093,-0.004497,1.451100,3.129564,28.632645,0.118954
8,22,1786609304.925395,0,1,58.358636,13.113421,29.862376,13.397293,-1.896195,0.023032,1.896335,1.477966,-0.004570,1.477973,3.129447,28.497674,0.125171
8,23,1786609304.965388,0,1,58.280840,13.114375,29.922477,13.397105,-1.944895,0.023850,1.945041,1.502538,-0.004694,1.502545,3.129330,28.359772,0.131360
8,24,1786609305.005365,0,1,58.201155,13.115430,29.983477,13.396910,-1.992147,0.026376,1.992321,1.524992,-0.004867,1.524999,3.128353,28.219081,0.187023
8,25,1786609305.045398,0,1,58.119634,13.116567,30.045297,13.396707,-2.038015,0.028432,2.038213,1.545497,-0.005085,1.545506,3.127643,28.075735,0.227559
8,26,1786609305.085383,0,1,58.036333,13.117800,30.107865,13.396493,-2.082526,0.030829,2.082754,1.564211,-0.005343,1.564220,3.126790,27.929858,0.276390
8,27,1786609305.125432,0,1,57.951304,13.119131,30.171116,13.396268,-2.125721,0.033259,2.125981,1.581275,-0.005639,1.581285,3.125948,27.781570,0.324816
8,28,1786609305.165387,0,1,57.864599,13.120564,30.234989,13.396029,-2.167632,0.035846,2.167928,1.596822,-0.005970,1.596833,3.125057,27.630983,0.376204
8,29,1786609305.205364,0,1,57.776267,13.122106,30.299428,13.395775,-2.208295,0.038540,2.208631,1.610974,-0.006332,1.610986,3.124142,27.478202,0.429208
8,30,1786609305.245443,0,1,57.686357,13.123761,30.364382,13.395507,-2.247743,0.041362,2.248123,1.623842,-0.006723,1.623856,3.123193,27.323327,0.484357
8,31,1786609305.285465,0,1,57.594917,13.125533,30.429803,13.395221,-2.286008,0.044300,2.286437,1.635528,-0.007141,1.635544,3.122216,27.166453,0.541387
8,32,1786609305.325444,0,1,57.501992,13.127427,30.495648,13.394918,-2.323122,0.047358,2.323604,1.646128,-0.007583,1.646145,3.121210,27.007669,0.600359
8,33,1786609305.365438,0,1,57.407628,13.129448,30.561877,13.394596,-2.359115,0.050531,2.359656,1.655728,-0.008048,1.655747,3.120177,26.847060,0.661178
8,34,1786609305.405433,0,1,57.311867,13.131601,30.628454,13.394254,-2.394018,0.053817,2.394622,1.664408,-0.008534,1.664430,3.119117,26.684706,0.723814
8,35,1786609305.445458,0,1,57.214752,13.133889,30.695343,13.393893,-2.427859,0.057212,2.428533,1.672241,-0.009038,1.672266,3.118032,26.520684,0.788196
8,36,1786609305.485464,0,1,57.116326,13.136318,30.762515,13.393510,-2.460666,0.060714,2.461415,1.679296,-0.009559,1.679324,3.116924,26.355066,0.854269
8,37,1786609305.525447,0,1,57.016627,13.138890,30.829940,13.393107,-2.492468,0.064317,2.493298,1.685635,-0.010097,1.685666,3.115794,26.187921,0.921964
8,38,1786609305.565441,0,1,56.915695,13.141611,30.897593,13.392681,-2.523291,0.068018,2.524208,1.691315,-0.010648,1.691349,3.114643,26.019314,0.991216
8,39,1786609305.605391,0,1,56.813569,13.144484,30.965449,13.392232,-2.553161,0.071812,2.554171,1.696389,-0.011213,1.696426,3.113474,25.849308,1.061957
8,40,1786609305.645324,0,1,56.710285,13.147511,31.033485,13.391761,-2.582104,0.075693,2.583213,1.700905,-0.011789,1.700946,3.112286,25.677962,1.134119
8,41,1786609305.685318,0,1,56.605879,13.150698,31.101681,13.391265,-2.610144,0.079659,2.611359,1.704907,-0.012377,1.704952,3.111083,25.505333,1.207633
8,42,1786609305.725437,0,1,56.500387,13.154046,31.170019,13.390747,-2.637305,0.083702,2.638633,1.708438,-0.012974,1.708487,3.109866,25.331474,1.282434
8,43,1786609305.765444,0,1,56.393842,13.157559,31.238480,13.390203,-2.663612,0.087818,2.665059,1.711534,-0.013581,1.711588,3.108635,25.156438,1.358455
8,44,1786609305.805374,0,1,56.286279,13.161239,31.307049,13.389635,-2.689086,0.092002,2.690659,1.714231,-0.014195,1.714290,3.107393,24.980274,1.435632
8,45,1786609305.845440,0,1,56.177729,13.165089,31.375712,13.389043,-2.713750,0.096248,2.715457,1.716560,-0.014817,1.716624,3.106141,24.803028,1.513906
8,46,1786609305.885435,0,1,56.068224,13.169111,31.444454,13.388425,-2.737626,0.100552,2.739472,1.718551,-0.015445,1.718621,3.104879,24.624747,1.593217
8,47,1786609305.925398,0,1,55.957795,13.173307,31.513263,13.387782,-2.760735,0.104909,2.762728,1.720231,-0.016079,1.720306,3.103611,24.445472,1.673509
8,48,1786609305.965379,0,1,55.846471,13.177679,31.582139,13.387119,-2.783098,0.109312,2.785244,1.721890,-0.016578,1.721970,3.102336,24.265236,1.754716
8,49,1786609306.005448,0,1,55.734254,13.181472,31.651080,13.386441,-2.805416,0.094826,2.807018,1.723529,-0.016952,1.723612,3.107805,24.084046,1.448292
8,50,1786609306.045461,0,1,55.621194,13.185240,31.720086,13.385752,-2.826500,0.094198,2.828069,1.725150,-0.017210,1.725236,3.108278,23.901949,1.428128
8,51,1786609306.085441,0,1,55.507302,13.188442,31.789156,13.385058,-2.847292,0.080048,2.848417,1.726754,-0.017362,1.726841,3.113486,23.718961,1.135427
8,52,1786609306.125448,0,1,55.392620,13.191494,31.858290,13.384361,-2.867068,0.076298,2.868083,1.728343,-0.017417,1.728431,3.114987,23.535120,1.054862
8,53,1786609306.165449,0,1,55.277162,13.193953,31.927486,13.383666,-2.886431,0.061469,2.887085,1.729919,-0.017382,1.730006,3.120300,23.350447,0.754467
8,54,1786609306.205452,0,1,55.160966,13.196183,31.996746,13.382975,-2.904910,0.055756,2.905445,1.731481,-0.017265,1.731567,3.122401,23.164974,0.637574
8,55,1786609306.245462,0,1,55.044050,13.197770,32.066067,13.382292,-2.922911,0.039673,2.923180,1.733031,-0.017071,1.733115,3.128020,22.978724,0.317541
8,56,1786609306.285382,0,1,54.926444,13.199087,32.135450,13.381620,-2.940127,0.032925,2.940312,1.734571,-0.016808,1.734652,3.130395,22.791726,0.182730
8,57,1786609306.325366,0,1,54.808172,13.199690,32.204894,13.380961,-2.956818,0.015058,2.956856,1.736100,-0.016481,1.736178,3.136500,22.604005,0.167698
8,58,1786609306.365377,0,1,54.689259,13.200022,32.274398,13.380317,-2.972822,0.008304,2.972833,1.737620,-0.016094,1.737695,3.138799,22.415586,0.300799
8,59,1786609306.405364,0,1,54.569730,13.199534,32.343964,13.379691,-2.988234,-0.012190,2.988258,1.739132,-0.015653,1.739202,-3.137513,22.226496,0.698141
8,60,1786609306.445404,0,1,54.449605,13.198839,32.413589,13.379084,-3.003102,-0.017387,3.003153,1.740636,-0.015162,1.740702,-3.135803,22.036753,0.800369
8,61,1786609306.485381,0,1,54.328916,13.197148,32.483274,13.378499,-3.017232,-0.042277,3.017528,1.742133,-0.014626,1.742194,-3.127582,21.846394,1.278395
8,62,1786609306.525373,0,1,54.207672,13.195432,32.553019,13.377937,-3.031103,-0.042896,3.031407,1.743623,-0.014048,1.743679,-3.127442,21.655422,1.293670
8,63,1786609306.565343,0,1,54.085919,13.192377,32.622824,13.377400,-3.043839,-0.076366,3.044796,1.745107,-0.013431,1.745158,-3.116509,21.463892,1.931084
8,64,1786609306.605383,0,1,53.963638,13.189760,32.692687,13.376889,-3.057024,-0.065434,3.057725,1.746585,-0.012779,1.746632,-3.120192,21.271774,1.730235
8,65,1786609306.645361,0,1,53.840921,13.185026,32.762609,13.376405,-3.067908,-0.118346,3.070190,1.748058,-0.012094,1.748100,-3.103036,21.079181,2.729307
8,66,1786609306.685453,0,1,53.717687,13.181355,32.832590,13.375950,-3.080866,-0.091773,3.082232,1.749527,-0.011380,1.749564,-3.111813,20.886003,2.240059
8,67,1786609306.725383,0,1,53.594073,13.175477,32.902630,13.375525,-3.090338,-0.146961,3.093831,1.750991,-0.010639,1.751023,-3.094074,20.692410,3.276568
8,68,1786609306.765366,0,1,53.469965,13.170663,32.972728,13.375130,-3.102701,-0.120343,3.105034,1.752451,-0.009873,1.752478,-3.102826,20.498257,2.792715
8,69,1786609306.805342,0,1,53.345531,13.163619,33.042884,13.374766,-3.110840,-0.176103,3.115821,1.753907,-0.009084,1.753931,-3.085043,20.303745,3.835885
8,70,1786609306.845358,0,1,53.220625,13.157641,33.113099,13.374435,-3.122664,-0.149441,3.126238,1.755360,-0.008275,1.755380,-3.093772,20.108695,3.357633
8,71,1786609306.885327,0,1,53.095444,13.149412,33.183371,13.374137,-3.129509,-0.205723,3.136264,1.756810,-0.007447,1.756826,-3.075951,19.913341,4.407610
8,72,1786609306.925395,0,1,52.969811,13.142252,33.253701,13.373873,-3.140847,-0.179017,3.145945,1.758257,-0.006601,1.758269,-3.084658,19.717470,3.935191
8,73,1786609306.965348,0,1,52.843953,13.132821,33.324097,13.373639,-3.146436,-0.235771,3.155258,1.759885,-0.005870,1.759895,-3.066800,19.521342,4.992138
8,74,1786609307.005353,0,1,52.717646,13.124459,33.394564,13.373429,-3.157669,-0.209044,3.164581,1.761681,-0.005243,1.761688,-3.075487,19.324686,4.525767
8,75,1786609307.045336,0,1,52.590899,13.117203,33.465109,13.373240,-3.168682,-0.181394,3.173869,1.763629,-0.004713,1.763636,-3.084409,19.127504,4.043351
8,76,1786609307.085350,0,1,52.463860,13.108666,33.535738,13.373069,-3.175969,-0.213434,3.183133,1.765719,-0.004272,1.765725,-3.074491,18.929969,4.644958
8,77,1786609307.125344,0,1,52.336360,13.101609,33.606456,13.372913,-3.187505,-0.176416,3.192384,1.767940,-0.003913,1.767944,-3.086303,18.731869,3.997737
8,78,1786609307.165383,0,1,52.208481,13.094718,33.677267,13.372768,-3.196969,-0.172282,3.201608,1.770279,-0.003630,1.770283,-3.087756,18.533300,3.944263
8,79,1786609307.205332,0,1,52.080191,13.088665,33.748176,13.372631,-3.207246,-0.151327,3.210814,1.772729,-0.003416,1.772732,-3.094445,18.334215,3.588824
8,80,1786609307.245391,0,1,51.951557,13.082127,33.819187,13.372500,-3.215854,-0.163440,3.220005,1.775280,-0.003266,1.775283,-3.090813,18.134695,3.826904
8,81,1786609307.285362,0,1,51.822473,13.077504,33.890304,13.372373,-3.227111,-0.115582,3.229180,1.777924,-0.003175,1.777926,-3.105792,17.934593,2.993287
8,82,1786609307.325347,0,1,51.693084,13.071366,33.961530,13.372248,-3.234710,-0.153448,3.238348,1.780653,-0.003138,1.780656,-3.094190,17.734107,3.688105
8,83,1786609307.365349,0,1,51.563253,13.067157,34.032869,13.372122,-3.245792,-0.105222,3.247497,1.783462,-0.003152,1.783464,-3.109186,17.533037,2.853408
8,84,1786609307.405361,0,1,51.433087,13.062069,34.104322,13.371993,-3.254157,-0.127197,3.256642,1.786343,-0.003211,1.786345,-3.102525,17.331535,3.263040
8,85,1786609307.445393,0,1,51.302491,13.059043,34.175894,13.371861,-3.264897,-0.075662,3.265774,1.789290,-0.003312,1.789293,-3.118422,17.129453,2.373954
8,86,1786609307.485380,0,1,51.171569,13.054605,34.247477,13.371723,-3.273029,-0.110955,3.274909,1.789575,-0.003447,1.789578,-3.107706,16.927063,3.015028
8,87,1786609307.525352,0,1,51.040229,13.052244,34.319060,13.371578,-3.283500,-0.059002,3.284030,1.789574,-0.003617,1.789578,-3.123625,16.724219,2.123534
8,88,1786609307.565349,0,1,50.908545,13.048943,34.390643,13.371426,-3.292124,-0.082526,3.293158,1.789574,-0.003819,1.789578,-3.116530,16.521049,2.554425
8,89,1786609307.605441,0,1,50.776458,13.047825,34.462226,13.371264,-3.302158,-0.027960,3.302277,1.789574,-0.004051,1.789578,-3.133126,16.317438,1.620895
8,90,1786609307.645454,0,1,50.644025,13.045372,34.533809,13.371091,-3.310842,-0.061321,3.311409,1.789573,-0.004310,1.789578,-3.123074,16.113508,2.219324
8,91,1786609307.685438,0,1,50.511203,13.045120,34.605392,13.370907,-3.320526,-0.006303,3.320532,1.789572,-0.004593,1.789578,-3.139694,15.909148,1.282148
8,92,1786609307.725435,0,1,50.378026,13.043530,34.676974,13.370711,-3.329433,-0.039754,3.329670,1.789571,-0.004899,1.789578,-3.129653,15.704460,1.877854
8,93,1786609307.765461,0,1,50.244476,13.044159,34.748557,13.370502,-3.338764,0.015715,3.338801,1.789571,-0.005225,1.789578,3.136886,15.499354,0.936797
8,94,1786609307.805378,0,1,50.110559,13.043446,34.820140,13.370280,-3.347904,-0.017824,3.347952,1.789569,-0.005569,1.789578,-3.136269,15.293912,1.529545
8,95,1786609307.845459,0,1,49.976284,13.044969,34.891723,13.370042,-3.356880,0.038095,3.357097,1.789568,-0.005931,1.789578,3.130245,15.088064,0.584346
8,96,1786609307.885453,0,1,49.841634,13.045330,34.963305,13.369790,-3.366251,0.009018,3.366263,1.789567,-0.006308,1.789578,3.138914,14.881866,1.095787
8,97,1786609307.925403,0,1,49.706643,13.047980,35.034888,13.369522,-3.374778,0.066240,3.375428,1.789566,-0.006698,1.789578,3.121967,14.675278,0.131028
8,98,1786609307.965309,0,1,49.571265,13.049315,35.106471,13.369237,-3.384454,0.033384,3.384618,1.789564,-0.007139,1.789578,3.131729,14.468332,0.701869
8,99,1786609308.005364,0,1,49.435577,13.052957,35.178053,13.368932,-3.392208,0.091059,3.393430,1.789562,-0.007626,1.789578,3.114756,14.261024,0.268070
8,100,1786609308.045343,0,1,49.299520,13.055282,35.249636,13.368605,-3.401403,0.058127,3.401900,1.789560,-0.008156,1.789578,3.124505,14.053378,0.298493
8,101,1786609308.085334,0,1,49.163126,13.056502,35.321218,13.368256,-3.409867,0.030479,3.410004,1.789557,-0.008725,1.789578,3.132654,13.845418,0.778103
8,102,1786609308.125349,0,1,49.026455,13.059784,35.392800,13.367883,-3.416777,0.082054,3.417762,1.789554,-0.009331,1.789578,3.117582,13.637136,0.081115
8,103,1786609308.165373,0,1,48.889457,13.061476,35.464382,13.367484,-3.424934,0.042299,3.425195,1.789550,-0.009970,1.789578,3.129243,13.428562,0.598172
8,104,1786609308.205338,0,1,48.752174,13.062971,35.535964,13.367059,-3.432091,0.037387,3.432294,1.789547,-0.010640,1.789578,3.130700,13.219708,0.693943
8,105,1786609308.245337,0,1,48.614618,13.064382,35.607546,13.366605,-3.438896,0.035257,3.439077,1.789542,-0.011339,1.789578,3.131340,13.010583,0.743641
8,106,1786609308.285346,0,1,48.476799,13.065345,35.679127,13.366123,-3.445467,0.024086,3.445551,1.789537,-0.012063,1.789578,3.134602,12.801206,0.945815
8,107,1786609308.325339,0,1,48.338739,13.066924,35.750708,13.365610,-3.451501,0.039465,3.451727,1.789532,-0.012813,1.789578,3.130159,12.591574,0.704155
8,108,1786609308.365327,0,1,48.200435,13.066499,35.822289,13.365067,-3.457595,-0.010613,3.457612,1.789527,-0.013585,1.789578,-3.138523,12.381746,1.557604
8,109,1786609308.405317,0,1,48.061912,13.067772,35.893870,13.364492,-3.463072,0.031834,3.463218,1.789520,-0.014378,1.789578,3.132400,12.171659,0.870212
8,110,1786609308.445336,0,1,47.923173,13.067034,35.965451,13.363884,-3.468495,-0.018449,3.468544,1.789514,-0.015191,1.789578,-3.136274,11.961406,1.726832
8,111,1786609308.485487,0,1,47.784232,13.067999,36.037022,13.363243,-3.473523,0.024118,3.473607,1.789289,-0.016020,1.789361,3.134649,11.750919,1.041890
8,112,1786609308.525425,0,1,47.645134,13.066945,36.108567,13.362569,-3.477439,-0.026344,3.477539,1.788620,-0.016862,1.788699,-3.134017,11.540354,1.901917
8,113,1786609308.565438,0,1,47.505933,13.063480,36.180069,13.361860,-3.480035,-0.086638,3.481114,1.787541,-0.017715,1.787629,-3.116702,11.329794,2.935236
8,114,1786609308.605434,0,1,47.366623,13.059260,36.251512,13.361117,-3.482746,-0.105506,3.484343,1.786085,-0.018579,1.786181,-3.111308,11.119209,3.290808
8,115,1786609308.645426,0,1,47.227225,13.054225,36.322883,13.360339,-3.484935,-0.125862,3.487208,1.784282,-0.019452,1.784388,-3.105492,10.908638,3.676425
8,116,1786609308.685410,0,1,47.087762,13.048341,36.394170,13.359526,-3.486596,-0.147093,3.489698,1.782161,-0.020333,1.782277,-3.099430,10.698118,4.082608
8,117,1786609308.725406,0,1,46.948268,13.041280,36.465360,13.358677,-3.487340,-0.176526,3.491805,1.779746,-0.021222,1.779872,-3.091017,10.487712,4.632035
8,118,1786609308.765397,0,1,46.808649,13.035433,36.536442,13.357792,-3.490467,-0.146192,3.493527,1.777061,-0.022117,1.777198,-3.099734,10.277264,4.195784
8,119,1786609308.805379,0,1,46.669109,13.027054,36.607407,13.356871,-3.488506,-0.209461,3.494788,1.774127,-0.023017,1.774277,-3.081621,10.067106,5.313550
8,120,1786609308.845399,0,1,46.529740,13.015753,36.678246,13.355914,-3.484237,-0.282532,3.495673,1.770965,-0.023923,1.771127,-3.060681,9.857365,6.613470
8,121,1786609308.885393,0,1,46.390284,13.005278,36.748950,13.354921,-3.486400,-0.261883,3.496222,1.767593,-0.024834,1.767768,-3.066618,9.647672,6.372670
8,122,1786609308.925565,0,1,46.251077,12.991884,36.819511,13.353891,-3.480169,-0.334842,3.496240,1.764028,-0.025748,1.764216,-3.045674,9.438511,7.693829
8,123,1786609308.965421,0,1,46.111806,12.979318,36.889951,13.352832,-3.481779,-0.314150,3.495922,1.760997,-0.026482,1.761196,-3.051609,9.229416,7.475051
8,124,1786609309.005598,0,1,45.972858,12.963841,36.960289,13.351750,-3.473692,-0.386913,3.495173,1.758458,-0.027051,1.758666,-3.030666,9.020913,8.820159
8,125,1786609309.045612,0,1,45.833858,12.949194,37.030544,13.350651,-3.474990,-0.366182,3.494230,1.756372,-0.027467,1.756587,-3.036604,8.812464,8.626471
8,126,1786609309.085394,0,1,45.695254,12.931647,37.100732,13.349541,-3.465119,-0.438677,3.492776,1.754702,-0.027743,1.754921,-3.015665,8.604676,9.998859
8,127,1786609309.125479,0,1,45.556613,12.914932,37.170868,13.348426,-3.466015,-0.417881,3.491115,1.753414,-0.027890,1.753636,-3.021606,8.396942,9.833925
8,128,1786609309.165462,0,1,45.418442,12.895331,37.240968,13.347309,-3.454278,-0.490015,3.488861,1.752480,-0.027918,1.752702,-3.000675,8.189955,11.237543
8,129,1786609309.205401,0,1,45.280254,12.876566,37.311042,13.346196,-3.454686,-0.469126,3.486393,1.751869,-0.027837,1.752090,-3.006624,7.983038,11.105700
8,130,1786609309.245520,0,1,45.142614,12.854934,37.381105,13.345089,-3.441013,-0.540799,3.483251,1.751557,-0.027654,1.751775,-2.985705,7.776971,12.545251
8,131,1786609309.285547,0,1,45.004980,12.834143,37.451165,13.343994,-3.440860,-0.519786,3.479899,1.751519,-0.027379,1.751733,-2.991663,7.571001,12.451687
8,132,1786609309.325435,0,1,44.867971,12.810507,37.521235,13.342913,-3.425201,-0.590892,3.475796,1.751733,-0.027019,1.751941,-2.970761,7.366003,13.932826
8,133,1786609309.365569,0,1,44.731731,12.783662,37.591322,13.341850,-3.406009,-0.671132,3.471501,1.752180,-0.026580,1.752381,-2.947041,7.162194,15.616865
8,134,1786609309.405593,0,1,44.595577,12.757290,37.661435,13.340808,-3.403861,-0.659303,3.467125,1.752840,-0.026069,1.753034,-2.950269,6.958650,15.772225
8,135,1786609309.445643,0,1,44.459468,12.731771,37.731583,13.339788,-3.402722,-0.637972,3.462012,1.753697,-0.025492,1.753882,-2.956256,6.755303,15.782980
8,136,1786609309.485602,0,1,44.324154,12.703468,37.801773,13.338794,-3.382854,-0.707581,3.456063,1.754734,-0.024855,1.754910,-2.935399,6.553251,17.377510
8,137,1786609309.525581,0,1,44.189782,12.672027,37.872010,13.337827,-3.359292,-0.786015,3.450024,1.755938,-0.024161,1.756104,-2.911745,6.352758,19.185210
8,138,1786609309.565526,0,1,44.055541,12.641081,37.942302,13.336891,-3.356020,-0.773640,3.444037,1.757295,-0.023417,1.757451,-2.915028,6.152710,19.474686
8,139,1786609309.605535,0,1,43.922328,12.607041,38.012654,13.335986,-3.330326,-0.851004,3.437336,1.758793,-0.022625,1.758939,-2.891415,5.954461,21.365930
8,140,1786609309.645516,0,1,43.789257,12.573507,38.083071,13.335114,-3.326783,-0.838361,3.430792,1.760421,-0.021791,1.760555,-2.894729,5.756788,21.746599
8,141,1786609309.685522,0,1,43.656264,12.540846,38.153557,13.334277,-3.324827,-0.816508,3.423618,1.762167,-0.020917,1.762291,-2.900779,5.559614,22.002484
8,142,1786609309.725490,0,1,43.524281,12.505514,38.224118,13.333477,-3.299574,-0.883317,3.415763,1.764023,-0.020007,1.764137,-2.880020,5.364443,23.865694
8,143,1786609309.765502,0,1,43.392379,12.471060,38.294757,13.332714,-3.297544,-0.861335,3.408181,1.765981,-0.019064,1.766083,-2.886096,5.169932,24.232926
8,144,1786609309.805501,0,1,43.261532,12.433970,38.365479,13.331991,-3.271176,-0.927255,3.400058,1.768030,-0.018091,1.768123,-2.865376,4.977728,26.219536
8,145,1786609309.845583,0,1,43.130756,12.397761,38.436285,13.331307,-3.269400,-0.905230,3.392406,1.770166,-0.017091,1.770248,-2.871480,4.786394,26.723475
8,146,1786609309.885576,0,1,43.001063,12.358947,38.507180,13.330664,-3.242329,-0.970351,3.384417,1.772380,-0.016066,1.772452,-2.850800,4.597740,28.862460
8,147,1786609309.925582,0,1,42.871414,12.321011,38.578167,13.330064,-3.241220,-0.948407,3.377126,1.774666,-0.015018,1.774729,-2.856931,4.410233,29.536220
8,148,1786609309.965505,0,1,42.741719,12.284300,38.649231,13.329504,-3.242384,-0.917761,3.369768,1.776608,-0.013986,1.776663,-2.865757,4.223849,30.131079
8,149,1786609310.005445,0,1,42.611928,12.249172,38.720361,13.328986,-3.244769,-0.878203,3.361512,1.778234,-0.012970,1.778281,-2.877273,4.038600,30.652403
8,150,1786609310.045606,0,1,42.483034,12.212178,38.791543,13.328507,-3.222348,-0.924846,3.352441,1.779568,-0.011969,1.779609,-2.862096,3.856591,32.839631
8,151,1786609310.085613,0,1,42.354064,12.176765,38.862769,13.328067,-3.224256,-0.885324,3.343594,1.780635,-0.010982,1.780669,-2.873615,3.676226,33.604692
8,152,1786609310.125624,0,1,42.224963,12.143279,38.934027,13.327667,-3.227529,-0.837148,3.334331,1.781456,-0.010007,1.781484,-2.887808,3.497575,34.334286
8,153,1786609310.165420,0,1,42.095687,12.112065,39.005309,13.327305,-3.231896,-0.780355,3.324772,1.782050,-0.009044,1.782073,-2.904673,3.320729,35.040907
8,154,1786609310.205511,0,1,41.966206,12.083466,39.076606,13.326982,-3.237027,-0.714977,3.315047,1.782435,-0.008092,1.782453,-2.924208,3.145809,35.739442
8,155,1786609310.245517,0,1,41.836504,12.057825,39.147912,13.326696,-3.242534,-0.641036,3.305292,1.782628,-0.007152,1.782643,-2.946414,2.972972,36.447730
8,156,1786609310.285484,0,1,41.707300,12.031664,39.219217,13.326447,-3.230104,-0.654015,3.295650,1.782645,-0.006221,1.782656,-2.941819,2.804820,38.938399
8,157,1786609310.325481,0,1,41.577892,12.008433,39.290517,13.326235,-3.235209,-0.580786,3.286927,1.782500,-0.005300,1.782507,-2.963964,2.639826,40.124455
8,158,1786609310.365465,0,1,41.448273,11.988468,39.361806,13.326059,-3.240472,-0.499107,3.278684,1.782205,-0.004388,1.782210,-2.988771,2.478406,41.419140
8,159,1786609310.405508,0,1,41.318459,11.972111,39.433076,13.325920,-3.245353,-0.408939,3.271016,1.781772,-0.003484,1.781776,-3.016246,2.321091,42.862301
8,160,1786609310.445553,0,1,41.188490,11.959701,39.504325,13.325816,-3.249212,-0.310236,3.263989,1.781214,-0.002588,1.781215,-3.046401,2.168567,44.501421
8,161,1786609310.485527,0,1,41.058438,11.951583,39.575547,13.325748,-3.251296,-0.202952,3.257624,1.780538,-0.001701,1.780539,-3.079252,2.021707,46.392507
8,162,1786609310.525519,0,1,40.928409,11.948101,39.646737,13.325716,-3.250724,-0.087059,3.251890,1.779756,-0.000820,1.779756,-3.114818,1.881623,48.600315
8,163,1786609310.565560,0,1,40.798542,11.948247,39.717892,13.325718,-3.246680,0.003647,3.246682,1.778876,0.000053,1.778876,3.140469,1.750780,51.820828
8,164,1786609310.605600,0,1,40.668911,11.951527,39.789008,13.325755,-3.240772,0.082015,3.241810,1.777904,0.000920,1.777905,3.116291,1.631787,55.919293
8,165,1786609310.645670,0,1,40.539589,11.957930,39.860082,13.325826,-3.233050,0.160068,3.237010,1.776850,0.001780,1.776851,3.092123,1.527373,60.749538
8,166,1786609310.685555,0,1,40.410657,11.967441,39.931111,13.325931,-3.223297,0.237778,3.232055,1.775719,0.002634,1.775721,3.067957,1.440645,66.337986
8,167,1786609310.725400,0,1,40.282203,11.980045,40.002091,13.326070,-3.211367,0.315099,3.226788,1.774517,0.003482,1.774520,3.043786,1.374862,72.640462
8,168,1786609310.765602,0,1,40.154315,11.995724,40.073021,13.326243,-3.197183,0.391970,3.221121,1.773250,0.004325,1.773255,3.019603,1.333000,79.514105
8,169,1786609310.805594,0,1,40.027087,12.014457,40.143898,13.326450,-3.180714,0.468321,3.215006,1.771924,0.005162,1.771931,2.995405,1.317183,86.711919
8,170,1786609310.845604,0,1,39.900291,12.034282,40.214720,13.326690,-3.169903,0.495622,3.208415,1.770542,0.005993,1.770553,2.986496,1.330107,94.787426
8,171,1786609310.885598,0,1,39.773907,12.054863,40.285484,13.326962,-3.159600,0.514525,3.201220,1.769111,0.006819,1.769124,2.980165,1.371112,102.658491
8,172,1786609310.925544,0,1,39.647909,12.075868,40.356190,13.327268,-3.149939,0.525128,3.193412,1.767632,0.007641,1.767649,2.976401,1.437937,110.044680
8,173,1786609310.965508,0,1,39.522269,12.096969,40.426849,13.327601,-3.141000,0.527529,3.184991,1.766481,0.008327,1.766500,2.975196,1.527324,116.784048
8,174,1786609311.005459,0,1,39.396893,12.117853,40.497474,13.327957,-3.134416,0.522093,3.177600,1.765630,0.008888,1.765652,2.976540,1.635736,122.829511
8,175,1786609311.045581,0,1,39.271689,12.138209,40.568076,13.328330,-3.130097,0.508901,3.171197,1.765055,0.009335,1.765080,2.980420,1.759832,128.212659
8,176,1786609311.085531,0,1,39.146572,12.157729,40.638666,13.328717,-3.127908,0.487997,3.165746,1.764736,0.009676,1.764762,2.986826,1.896723,133.007882
8,177,1786609311.125531,0,1,39.021466,12.176104,40.709252,13.329114,-3.127663,0.459393,3.161221,1.764650,0.009919,1.764678,2.995755,2.044028,137.305212
8,178,1786609311.165509,0,1,38.896301,12.193027,40.779843,13.329517,-3.129130,0.423068,3.157601,1.764779,0.010072,1.764808,3.007205,2.199850,141.194241
8,179,1786609311.205341,0,1,38.771513,12.211819,40.850447,13.329922,-3.119690,0.469806,3.154867,1.765107,0.010143,1.765136,2.992122,2.360534,143.163489
8,180,1786609311.245386,0,1,38.646592,12.229171,40.921072,13.330328,-3.123026,0.433797,3.153010,1.765617,0.010138,1.765647,3.003573,2.527015,146.258779
8,181,1786609311.285388,0,1,38.521481,12.244771,40.991724,13.330730,-3.127773,0.389997,3.151994,1.766295,0.010062,1.766324,3.017544,2.698408,149.161481
8,182,1786609311.325346,0,1,38.396137,12.258304,41.062409,13.331127,-3.133596,0.338312,3.151805,1.767127,0.009922,1.767155,3.034046,2.874014,151.919759
8,183,1786609311.365318,0,1,38.270910,12.273097,41.133133,13.331516,-3.130670,0.369827,3.152438,1.768102,0.009723,1.768128,3.024007,3.051650,152.969003
8,184,1786609311.405329,0,1,38.145401,12.285827,41.203901,13.331895,-3.137745,0.318256,3.153844,1.769206,0.009470,1.769232,3.040510,3.232443,155.326689
8,185,1786609311.445323,0,1,38.019938,12.299826,41.274718,13.332262,-3.136566,0.349978,3.156031,1.770431,0.009166,1.770455,3.030472,3.414604,156.033939
8,186,1786609311.485324,0,1,37.894145,12.311763,41.345589,13.332614,-3.144824,0.298431,3.158952,1.771766,0.008816,1.771788,3.046980,3.599250,158.102202
8,187,1786609311.525332,0,1,37.768332,12.324978,41.416517,13.332951,-3.145316,0.330355,3.162617,1.773204,0.008424,1.773224,3.036946,3.784873,158.558974
8,188,1786609311.565353,0,1,37.642145,12.336127,41.487507,13.333271,-3.154689,0.278744,3.166980,1.774734,0.007993,1.774752,3.053463,3.972544,160.413310
8,189,1786609311.605371,0,1,37.515873,12.348562,41.558561,13.333572,-3.156781,0.310867,3.172050,1.776351,0.007526,1.776367,3.043433,4.160957,160.682442
8,190,1786609311.645331,0,1,37.389185,12.358926,41.629683,13.333853,-3.167202,0.259111,3.177783,1.778047,0.007027,1.778061,3.059964,4.351126,162.375223
8,191,1786609311.685325,0,1,37.262352,12.370584,41.700875,13.334113,-3.170825,0.291428,3.184190,1.779816,0.006498,1.779827,3.049941,4.541902,162.500820
8,192,1786609311.725324,0,1,37.135063,12.380161,41.772141,13.334351,-3.182230,0.239448,3.191226,1.781651,0.005942,1.781661,3.066489,4.734234,164.069207
8,193,1786609311.765322,0,1,37.007570,12.391040,41.843483,13.334565,-3.187322,0.271956,3.198903,1.783549,0.005361,1.783557,3.056475,4.927098,164.082918
8,194,1786609311.805348,0,1,36.879584,12.399827,41.914903,13.334755,-3.199646,0.219677,3.207178,1.785503,0.004756,1.785509,3.073043,5.121379,165.553859
8,195,1786609311.845334,0,1,36.751339,12.409922,41.986404,13.334921,-3.206146,0.252374,3.216064,1.787509,0.004131,1.787514,3.063039,5.316157,165.478874
8,196,1786609311.885328,0,1,36.622578,12.418109,42.057986,13.335060,-3.219016,0.204679,3.225517,1.789564,0.003487,1.789567,3.078094,5.512210,166.786164
8,197,1786609311.925389,0,1,36.493508,12.427647,42.129569,13.335173,-3.226750,0.238447,3.235549,1.789576,0.002823,1.789578,3.067830,5.708659,166.626378
8,198,1786609311.965341,0,1,36.363877,12.435098,42.201152,13.335261,-3.240771,0.186277,3.246120,1.789577,0.002187,1.789578,3.084176,5.906274,167.943804
8,199,1786609312.005345,0,1,36.233914,12.443906,42.272735,13.335324,-3.249081,0.220198,3.256534,1.789577,0.001578,1.789578,3.073924,6.104260,167.725809
8,200,1786609312.045447,0,1,36.103559,12.452977,42.344319,13.335363,-3.258885,0.226778,3.266766,1.789578,0.000994,1.789578,3.072117,6.302832,167.971579
8,201,1786609312.085467,0,1,35.972789,12.461900,42.415902,13.335381,-3.269228,0.223082,3.276831,1.789578,0.000433,1.789578,3.073461,6.502051,168.375944
8,202,1786609312.125451,0,1,35.841670,12.471487,42.487485,13.335376,-3.277986,0.239660,3.286735,1.789578,-0.000107,1.789578,3.068611,6.701728,168.412085
8,203,1786609312.165459,0,1,35.710100,12.480221,42.559068,13.335351,-3.289241,0.218357,3.296481,1.789578,-0.000628,1.789578,3.075305,6.902145,169.085116
8,204,1786609312.205444,0,1,35.578276,12.490742,42.630651,13.335306,-3.295596,0.263032,3.306076,1.789578,-0.001131,1.789578,3.061948,7.102765,168.607729
8,205,1786609312.245382,0,1,35.445947,12.499536,42.702234,13.335241,-3.308226,0.219852,3.315523,1.789577,-0.001618,1.789578,3.075234,7.304252,169.628131
8,206,1786609312.285377,0,1,35.313377,12.510128,42.773817,13.335158,-3.314264,0.264783,3.324824,1.789577,-0.002088,1.789578,3.061870,7.505921,169.121679
8,207,1786609312.325347,0,1,35.180312,12.518980,42.845400,13.335056,-3.326631,0.221313,3.333984,1.789576,-0.002545,1.789578,3.075163,7.708409,170.116660
8,208,1786609312.365367,0,1,35.047017,12.529640,42.916983,13.334936,-3.332368,0.266494,3.343007,1.789576,-0.002989,1.789578,3.061791,7.911060,169.585242
8,209,1786609312.405348,0,1,34.913279,12.539151,42.988566,13.334800,-3.343452,0.237781,3.351896,1.789575,-0.003420,1.789578,3.070594,8.114390,170.304945
8,210,1786609312.445324,0,1,34.779340,12.550590,43.060149,13.334646,-3.348465,0.285982,3.360655,1.789574,-0.003840,1.789578,3.056392,8.317845,169.709547
8,211,1786609312.485321,0,1,34.644925,12.560382,43.131732,13.334476,-3.360387,0.244788,3.369291,1.789573,-0.004250,1.789578,3.068876,8.522037,170.622021
8,212,1786609312.525325,0,1,34.510323,12.572112,43.203315,13.334290,-3.365048,0.293262,3.377802,1.789572,-0.004650,1.789578,3.054663,8.726341,170.008572
8,213,1786609312.565442,0,1,34.375250,12.582186,43.274896,13.334088,-3.376819,0.251849,3.386197,1.789520,-0.005041,1.789527,3.067149,8.931352,170.905418
8,214,1786609312.605356,0,1,34.240005,12.594210,43.346469,13.333871,-3.381139,0.300586,3.394473,1.789337,-0.005423,1.789345,3.052925,9.136454,170.276122
8,215,1786609312.645326,0,1,34.104294,12.604568,43.418031,13.333640,-3.392772,0.258961,3.402640,1.789034,-0.005797,1.789044,3.065413,9.342229,171.159297
8,216,1786609312.685326,0,1,33.968423,12.616886,43.489576,13.333393,-3.396764,0.307956,3.410695,1.788622,-0.006163,1.788632,3.051178,9.548074,170.516007
8,217,1786609312.725434,0,1,33.832092,12.627531,43.561100,13.333132,-3.408273,0.266124,3.418646,1.788108,-0.006522,1.788120,3.063669,9.754561,171.387161
8,218,1786609312.765377,0,1,33.695614,12.640146,43.632600,13.332857,-3.411948,0.315369,3.426492,1.787500,-0.006874,1.787514,3.049424,9.961101,170.731447
8,219,1786609312.805328,0,1,33.558698,12.651296,43.704072,13.332568,-3.422908,0.278751,3.434240,1.786807,-0.007220,1.786822,3.060335,10.168223,171.502587
8,220,1786609312.845322,0,1,33.421654,12.664466,43.775514,13.332266,-3.426103,0.329257,3.441888,1.786035,-0.007560,1.786051,3.045784,10.375373,170.820262
8,221,1786609312.885310,0,1,33.284158,12.675989,43.846921,13.331950,-3.437396,0.288066,3.449445,1.785191,-0.007894,1.785208,3.057985,10.583112,171.656030
8,222,1786609312.925368,0,1,33.146548,12.689542,43.918292,13.331621,-3.440262,0.338820,3.456906,1.784279,-0.008222,1.784298,3.043423,10.790864,170.964030
8,223,1786609312.965333,0,1,33.008488,12.701440,43.989637,13.331285,-3.451489,0.297455,3.464283,1.783616,-0.008414,1.783635,3.055624,10.999197,171.791619
8,224,1786609313.005330,0,1,32.870346,12.715276,44.060964,13.330946,-3.453548,0.345905,3.470828,1.783180,-0.008480,1.783200,3.041766,11.207541,171.131331
8,225,1786609313.045323,0,1,32.731815,12.727427,44.132282,13.330608,-3.463276,0.303778,3.476573,1.782955,-0.008430,1.782975,3.054102,11.416413,171.958573
8,226,1786609313.085305,0,1,32.592918,12.737497,44.203599,13.330278,-3.472419,0.251741,3.481533,1.782922,-0.008273,1.782942,3.069222,11.625803,172.930787
8,227,1786609313.125315,0,1,32.453973,12.749108,44.274922,13.329957,-3.473633,0.290276,3.485740,1.783068,-0.008018,1.783086,3.058221,11.835211,172.410047
8,228,1786609313.165298,0,1,32.314728,12.758608,44.346257,13.329650,-3.481113,0.237495,3.489205,1.783376,-0.007673,1.783393,3.073474,12.045072,173.379771
8,229,1786609313.205304,0,1,32.175225,12.765597,44.417610,13.329360,-3.487593,0.174717,3.491966,1.783835,-0.007245,1.783850,3.091538,12.255360,174.495442
8,230,1786609313.245315,0,1,32.035704,12.773812,44.488988,13.329090,-3.488018,0.205378,3.494059,1.784433,-0.006741,1.784446,3.082780,12.465657,174.077190
8,231,1786609313.285311,0,1,31.896001,12.779507,44.560394,13.328844,-3.492567,0.142371,3.495468,1.785158,-0.006167,1.785168,3.100851,12.676301,175.181951
8,232,1786609313.325315,0,1,31.756323,12.786426,44.631834,13.328623,-3.491969,0.172981,3.496250,1.785999,-0.005529,1.786008,3.092096,12.886923,174.752730
8,233,1786609313.365348,0,1,31.616536,12.790819,44.703312,13.328429,-3.494664,0.109841,3.496390,1.786949,-0.004833,1.786956,3.110172,13.097814,175.847307
8,234,1786609313.405348,0,1,31.476706,12.792290,44.774832,13.328266,-3.495751,0.036771,3.495944,1.787998,-0.004082,1.788002,3.131074,13.308923,177.089311
8,235,1786609313.445330,0,1,31.336927,12.794596,44.846397,13.328135,-3.494474,0.057649,3.494949,1.789138,-0.003283,1.789141,3.125097,13.520002,176.793229
8,236,1786609313.485365,0,1,31.197237,12.798124,44.917981,13.328037,-3.492247,0.088201,3.493361,1.789576,-0.002438,1.789578,3.116342,13.730972,176.341494
8,237,1786609313.525364,0,1,31.057593,12.799127,44.989564,13.327975,-3.491115,0.025068,3.491205,1.789577,-0.001551,1.789578,3.134412,13.942005,177.414726
8,238,1786609313.565363,0,1,30.918069,12.801351,45.061147,13.327950,-3.488095,0.055602,3.488538,1.789578,-0.000628,1.789578,3.125653,14.152878,176.954401
8,239,1786609313.605353,0,1,30.778656,12.801055,45.132730,13.327963,-3.485330,-0.007399,3.485338,1.789578,0.000328,1.789578,-3.139470,14.363742,178.019366
8,240,1786609313.645354,0,1,30.639426,12.797853,45.204313,13.328016,-3.480740,-0.080062,3.481660,1.789578,0.001314,1.789578,-3.118595,14.574533,179.233002
8,241,1786609313.685340,0,1,30.500345,12.795489,45.275896,13.328109,-3.477035,-0.059099,3.477537,1.789577,0.002327,1.789578,-3.124597,14.785148,178.909293
8,242,1786609313.725344,0,1,30.361432,12.794346,45.347479,13.328243,-3.472803,-0.028560,3.472921,1.789575,0.003363,1.789578,-3.133369,14.995554,178.430818
8,243,1786609313.765339,0,1,30.222767,12.790704,45.419062,13.328420,-3.466640,-0.091051,3.467835,1.789573,0.004421,1.789578,-3.115334,15.205806,179.477972
8,244,1786609313.805354,0,1,30.084427,12.784185,45.490645,13.328640,-3.458494,-0.162977,3.462332,1.789570,0.005499,1.789578,-3.094504,15.415835,179.325989
8,245,1786609313.845346,0,1,29.946286,12.778511,45.562227,13.328904,-3.453529,-0.141859,3.456441,1.789566,0.006592,1.789578,-3.100539,15.625638,179.666399
8,246,1786609313.885364,0,1,29.808353,12.774059,45.633810,13.329212,-3.448318,-0.111289,3.450113,1.789562,0.007701,1.789578,-3.109330,15.835191,179.839393
8,247,1786609313.925377,0,1,29.670792,12.767140,45.705392,13.329565,-3.439024,-0.172983,3.443372,1.789556,0.008822,1.789578,-3.091335,16.044461,179.129313
8,248,1786609313.965373,0,1,29.533460,12.761444,45.776974,13.329956,-3.433312,-0.142407,3.436264,1.789551,0.009793,1.789578,-3.100138,16.253460,179.629343
8,249,1786609314.005346,0,1,29.396513,12.753296,45.848556,13.330381,-3.423672,-0.203694,3.429727,1.789547,0.010623,1.789578,-3.082167,16.462161,178.604087
8,250,1786609314.045367,0,1,29.259737,12.746368,45.920138,13.330834,-3.419390,-0.173202,3.423773,1.789542,0.011325,1.789578,-3.090983,16.670649,179.109463
8,251,1786609314.085337,0,1,29.123108,12.741028,45.991719,13.331311,-3.415742,-0.133488,3.418350,1.789539,0.011909,1.789578,-3.102532,16.878936,179.766130
8,252,1786609314.125370,0,1,28.986611,12.737645,46.063301,13.331806,-3.412405,-0.084568,3.413452,1.789535,0.012384,1.789578,-3.116815,17.087023,179.426919
8,253,1786609314.165418,0,1,28.850252,12.736588,46.134882,13.332316,-3.408979,-0.026442,3.409082,1.789533,0.012758,1.789578,-3.133836,17.294893,178.470451
8,254,1786609314.205340,0,1,28.714063,12.734206,46.206463,13.332838,-3.404721,-0.059556,3.405242,1.789531,0.013040,1.789578,-3.124102,17.502640,179.042088
8,255,1786609314.245376,0,1,28.577988,12.734140,46.278044,13.333367,-3.401889,-0.001638,3.401890,1.789529,0.013237,1.789578,-3.141111,17.710197,178.088602
8,256,1786609314.285337,0,1,28.442051,12.736760,46.349625,13.333902,-3.398415,0.065491,3.399046,1.789528,0.013356,1.789578,3.122324,17.917528,176.986128
8,257,1786609314.325336,0,1,28.306193,12.738421,46.421207,13.334438,-3.396466,0.041541,3.396720,1.789528,0.013402,1.789578,3.129363,18.124816,177.414818
8,258,1786609314.365332,0,1,28.170399,12.738759,46.492788,13.334973,-3.394835,0.008446,3.394845,1.789528,0.013382,1.789578,3.139105,18.332086,177.993697
8,259,1786609314.405323,0,1,28.034688,12.741403,46.564369,13.335505,-3.392776,0.066105,3.393420,1.789529,0.013301,1.789578,3.122111,18.539202,177.047391
8,260,1786609314.445364,0,1,27.899094,12.746723,46.635950,13.336032,-3.389858,0.132992,3.392466,1.789530,0.013165,1.789578,3.102380,18.746121,175.951835
8,261,1786609314.485324,0,1,27.763484,12.751086,46.707531,13.336551,-3.390237,0.109082,3.391991,1.789531,0.012976,1.789578,3.109429,18.953092,176.386974
8,262,1786609314.525341,0,1,27.627990,12.758124,46.779113,13.337060,-3.387366,0.175934,3.391932,1.789533,0.012741,1.789578,3.089701,19.159871,175.295309
8,263,1786609314.565377,0,1,27.492433,12.764206,46.850694,13.337559,-3.388924,0.152070,3.392334,1.789535,0.012462,1.789578,3.096750,19.366750,175.734218
8,264,1786609314.605366,0,1,27.356791,12.768969,46.922275,13.338045,-3.391043,0.119066,3.393133,1.789537,0.012143,1.789578,3.106495,19.573759,176.323039
8,265,1786609314.645377,0,1,27.221202,12.776038,46.993857,13.338516,-3.389725,0.176726,3.394329,1.789539,0.011788,1.789578,3.089504,19.780654,175.386066
8,266,1786609314.685325,0,1,27.085714,12.785786,47.065439,13.338972,-3.387189,0.243692,3.395944,1.789542,0.011400,1.789578,3.069771,19.987381,174.298962
8,267,1786609314.725338,0,1,26.950080,12.794584,47.137020,13.339411,-3.390860,0.219962,3.397987,1.789544,0.010981,1.789578,3.076814,20.194291,174.742482
8,268,1786609314.765327,0,1,26.814270,12.802066,47.208602,13.339833,-3.395245,0.187054,3.400394,1.789547,0.010534,1.789578,3.086555,20.401421,175.336152
8,269,1786609314.805350,0,1,26.678497,12.811864,47.280184,13.340235,-3.394338,0.244949,3.403164,1.789550,0.010062,1.789578,3.069554,20.608462,174.403329
8,270,1786609314.845446,0,1,26.542591,12.821585,47.351766,13.340618,-3.397641,0.243016,3.406321,1.789553,0.009566,1.789578,3.070189,20.815647,174.480088
8,271,1786609314.885462,0,1,26.406751,12.833859,47.423349,13.340980,-3.396003,0.306848,3.409837,1.789555,0.009049,1.789578,3.051482,21.022715,173.454768
8,272,1786609314.925470,0,1,26.270661,12.845051,47.494931,13.341320,-3.402250,0.279794,3.413735,1.789558,0.008513,1.789578,3.059539,21.230071,173.959228
8,273,1786609314.965454,0,1,26.134585,12.858293,47.566513,13.341635,-3.401891,0.331055,3.417962,1.789561,0.007872,1.789578,3.044583,21.437378,173.149815
8,274,1786609315.005466,0,1,25.998240,12.870359,47.638096,13.341921,-3.408645,0.301660,3.421967,1.789564,0.007135,1.789578,3.053324,21.644994,173.694234
8,275,1786609315.045443,0,1,25.861769,12.882720,47.709679,13.342173,-3.411753,0.309017,3.425719,1.789567,0.006308,1.789578,3.051265,21.852740,173.619869
8,276,1786609315.085450,0,1,25.725159,12.895090,47.781261,13.342389,-3.415271,0.309239,3.429243,1.789570,0.005401,1.789578,3.051293,22.060638,173.664400
8,277,1786609315.125448,0,1,25.588569,12.909059,47.852844,13.342566,-3.414729,0.349241,3.432542,1.789573,0.004418,1.789578,3.039672,22.268495,173.044917
8,278,1786609315.165468,0,1,25.451717,12.921596,47.924427,13.342700,-3.421309,0.313429,3.435636,1.789575,0.003367,1.789578,3.050237,22.476655,173.692181
8,279,1786609315.205390,0,1,25.314972,12.936361,47.996010,13.342791,-3.418639,0.369113,3.438508,1.789577,0.002253,1.789578,3.034039,22.684680,172.811019
8,280,1786609315.245461,0,1,25.177971,12.949691,48.067594,13.342834,-3.425014,0.333244,3.441188,1.789578,0.001081,1.789578,3.044601,22.892999,173.458788
8,281,1786609315.285440,0,1,25.040998,12.964261,48.139177,13.342828,-3.424336,0.364262,3.443655,1.789578,-0.000144,1.789578,3.035617,23.101281,172.989069
8,282,1786609315.325440,0,1,24.903770,12.977209,48.210760,13.342771,-3.430699,0.323689,3.445935,1.789578,-0.001418,1.789578,3.047520,23.309857,173.711463
8,283,1786609315.365434,0,1,24.766666,12.992203,48.282343,13.342662,-3.427583,0.374850,3.448020,1.789576,-0.002736,1.789578,3.032663,23.518288,172.904956
8,284,1786609315.405448,0,1,24.629318,13.005571,48.353925,13.342498,-3.433701,0.334209,3.449927,1.789566,-0.004095,1.789571,3.044566,23.727000,173.627164
8,285,1786609315.445446,0,1,24.492116,13.020987,48.425495,13.342279,-3.430067,0.385390,3.451649,1.789237,-0.005491,1.789246,3.029706,23.935536,172.820223
8,286,1786609315.485431,0,1,24.354677,13.034774,48.497040,13.342002,-3.435958,0.344690,3.453204,1.788615,-0.006919,1.788628,3.041609,24.144317,173.542263
8,287,1786609315.525448,0,1,24.217404,13.050609,48.568548,13.341667,-3.431827,0.395878,3.454584,1.787721,-0.008377,1.787741,3.026745,24.352884,172.734938
8,288,1786609315.565447,0,1,24.079904,13.064814,48.640012,13.341272,-3.437511,0.355127,3.455806,1.786579,-0.009861,1.786606,3.038649,24.561664,173.456823
8,289,1786609315.605421,0,1,23.942588,13.081067,48.711420,13.340817,-3.432900,0.406311,3.456862,1.785208,-0.011369,1.785244,3.023783,24.770194,172.649161
8,290,1786609315.645453,0,1,23.805052,13.095688,48.782765,13.340302,-3.438395,0.365516,3.457768,1.783627,-0.012897,1.783673,3.035686,24.978911,173.370904
8,291,1786609315.685464,0,1,23.667719,13.112355,48.854039,13.339724,-3.433324,0.416684,3.458517,1.781852,-0.014444,1.781910,3.020819,25.187346,172.562946
8,292,1786609315.725448,0,1,23.530173,13.127389,48.925235,13.339084,-3.438645,0.375854,3.459125,1.779898,-0.016006,1.779970,3.032722,25.395944,173.284557
8,293,1786609315.765441,0,1,23.392848,13.144469,48.996346,13.338380,-3.433131,0.426994,3.459582,1.777781,-0.017582,1.777868,3.017854,25.604233,172.476341
8,294,1786609315.805443,0,1,23.255316,13.159914,49.067367,13.337613,-3.438292,0.386136,3.459907,1.775513,-0.019170,1.775616,3.029757,25.812662,173.197829
8,295,1786609315.845444,0,1,23.118022,13.177404,49.138291,13.336783,-3.432351,0.437239,3.460089,1.773106,-0.020768,1.773227,3.014888,26.020757,172.389390
8,296,1786609315.885443,0,1,22.980527,13.193258,49.209114,13.335888,-3.437368,0.396360,3.460144,1.770571,-0.022374,1.770713,3.026791,26.228974,173.110760
8,297,1786609315.925445,0,1,22.842818,13.207093,49.279831,13.334928,-3.442732,0.345881,3.460064,1.767919,-0.023986,1.768082,3.041462,26.437321,173.985873
8,298,1786609315.965441,0,1,22.705294,13.222593,49.350456,13.333921,-3.438097,0.387490,3.459864,1.765625,-0.025184,1.765805,3.029361,26.645394,173.330230
8,299,1786609316.005438,0,1,22.568016,13.240136,49.421002,13.332881,-3.431950,0.438566,3.459859,1.763660,-0.025999,1.763852,3.014492,26.853146,172.519800
8,300,1786609316.045452,0,1,22.430531,13.256044,49.491482,13.331823,-3.437120,0.397708,3.460053,1.761998,-0.026463,1.762197,3.026395,27.061057,173.239240
8,301,1786609316.085437,0,1,22.292813,13.269935,49.561906,13.330758,-3.442960,0.347278,3.460430,1.760614,-0.026602,1.760815,3.041066,27.269161,174.112476
8,302,1786609316.125384,0,1,22.155250,13.285494,49.632286,13.329701,-3.439070,0.388977,3.460998,1.759487,-0.026442,1.759686,3.028966,27.477071,173.454791
8,303,1786609316.165367,0,1,22.017444,13.299036,49.702630,13.328661,-3.445145,0.338552,3.461739,1.758595,-0.026007,1.758788,3.043638,27.685201,174.326294
8,304,1786609316.205386,0,1,21.879776,13.314249,49.772947,13.327648,-3.441713,0.380315,3.462662,1.757921,-0.025320,1.758103,3.031537,27.893174,173.666775
8,305,1786609316.245383,0,1,21.741856,13.327444,49.843244,13.326672,-3.448006,0.329879,3.463751,1.757446,-0.024400,1.757615,3.046210,28.101389,174.536577
8,306,1786609316.285324,0,1,21.604055,13.342313,49.913531,13.325741,-3.445016,0.371712,3.465011,1.757155,-0.023267,1.757309,3.034110,28.309480,173.875234
8,307,1786609316.325328,0,1,21.465995,13.355163,49.983812,13.324864,-3.451511,0.321250,3.466429,1.757032,-0.021937,1.757169,3.048785,28.517833,174.743377
8,308,1786609316.365332,0,1,21.328037,13.369689,50.054095,13.324046,-3.448944,0.363156,3.468010,1.757065,-0.020429,1.757184,3.036684,28.726094,174.080227
8,309,1786609316.405318,0,1,21.189812,13.382195,50.124384,13.323296,-3.455626,0.312654,3.469741,1.757241,-0.018756,1.757341,3.051361,28.934632,174.946762
8,310,1786609316.445363,0,1,21.051673,13.396380,50.194686,13.322619,-3.453466,0.354638,3.471627,1.757549,-0.016932,1.757630,3.039261,29.143106,174.281831
8,311,1786609316.485435,0,1,20.913260,13.408544,50.265005,13.322020,-3.460320,0.304083,3.473655,1.757977,-0.014972,1.758041,3.053941,29.351872,175.146813
8,312,1786609316.525378,0,1,20.774918,13.422390,50.335346,13.321505,-3.458552,0.346149,3.475831,1.758517,-0.012886,1.758564,3.041840,29.560600,174.480132
8,313,1786609316.565400,0,1,20.636296,13.434211,50.405712,13.321077,-3.465564,0.295527,3.478142,1.759159,-0.010686,1.759192,3.056523,29.769631,175.343620
8,314,1786609316.605325,0,1,20.497691,13.447320,50.476108,13.320742,-3.465130,0.327732,3.480594,1.759896,-0.008382,1.759916,3.047293,29.978685,174.838953
8,315,1786609316.645328,0,1,20.358799,13.458325,50.546537,13.320503,-3.472292,0.275130,3.483174,1.760719,-0.005984,1.760729,3.062522,30.188053,175.731175
8,316,1786609316.685393,0,1,20.219935,13.470945,50.617002,13.320363,-3.471586,0.315500,3.485893,1.761622,-0.003502,1.761625,3.050961,30.397439,175.091027
8,317,1786609316.725331,0,1,20.080783,13.481457,50.687506,13.320325,-3.478819,0.262793,3.488730,1.762598,-0.000943,1.762598,3.066195,30.607147,175.981670
8,318,1786609316.765347,0,1,19.941642,13.493587,50.758051,13.320392,-3.478506,0.303249,3.491700,1.763641,0.001685,1.763642,3.054635,30.816896,175.339687
8,319,1786609316.805343,0,1,19.802211,13.503604,50.828641,13.320567,-3.485798,0.250426,3.494782,1.764747,0.004375,1.764753,3.069874,31.026971,176.228829
8,320,1786609316.845335,0,1,19.662776,13.515243,50.899278,13.320852,-3.485867,0.290970,3.497990,1.765910,0.007119,1.765925,3.058314,31.237107,175.585068
8,321,1786609316.885406,0,1,19.523048,13.524764,50.969963,13.321248,-3.493205,0.238021,3.501305,1.767126,0.009911,1.767153,3.073560,31.447573,176.472787
8,322,1786609316.925374,0,1,19.383302,13.535910,51.040698,13.321758,-3.493645,0.278654,3.504740,1.768389,0.012746,1.768435,3.062001,31.658121,175.827305
8,323,1786609316.965459,0,1,19.243261,13.544933,51.111483,13.322363,-3.501017,0.225568,3.508276,1.769613,0.015112,1.769678,3.077252,31.868999,176.713716
8,324,1786609317.005451,0,1,19.103194,13.555584,51.182315,13.323045,-3.501669,0.266282,3.511779,1.770801,0.017045,1.770883,3.065694,32.079963,176.066675
8,325,1786609317.045447,0,1,18.962843,13.564105,51.253193,13.323788,-3.508773,0.213034,3.515234,1.771954,0.018577,1.772052,3.080952,32.291244,176.951973
8,326,1786609317.085443,0,1,18.822464,13.574258,51.324116,13.324577,-3.509492,0.253817,3.518659,1.773077,0.019740,1.773187,3.069395,32.502611,176.303541
8,327,1786609317.125383,0,1,18.681813,13.582324,51.395083,13.325400,-3.516259,0.201660,3.522037,1.774171,0.020562,1.774290,3.084305,32.714278,177.167629
8,328,1786609317.165446,0,1,18.541133,13.592034,51.466092,13.326242,-3.517017,0.242746,3.525385,1.775239,0.021069,1.775364,3.072681,32.926032,176.514195
8,329,1786609317.205452,0,1,18.400404,13.602898,51.537144,13.327094,-3.518220,0.271594,3.528688,1.776283,0.021285,1.776410,3.064549,33.137887,176.062595
8,330,1786609317.245336,0,1,18.259410,13.611858,51.608236,13.327943,-3.524847,0.223994,3.531957,1.777304,0.021235,1.777431,3.078131,33.350034,176.851688
8,331,1786609317.285389,0,1,18.118418,13.622694,51.679368,13.328781,-3.524796,0.270900,3.535191,1.778305,0.020938,1.778428,3.064888,33.562237,176.106900
8,332,1786609317.325350,0,1,17.977183,13.631620,51.750540,13.329597,-3.530880,0.223165,3.537925,1.779287,0.020414,1.779404,3.078473,33.774707,176.895861
8,333,1786609317.365324,0,1,17.835710,13.638231,51.821750,13.330385,-3.536819,0.165277,3.540679,1.780252,0.019681,1.780361,3.094896,33.987434,177.843471
8,334,1786609317.405334,0,1,17.694024,13.642117,51.892998,13.331135,-3.542159,0.097137,3.543490,1.781201,0.018756,1.781300,3.114176,34.200388,178.950162
8,335,1786609317.445396,0,1,17.552170,13.642863,51.964283,13.331841,-3.546342,0.018651,3.546391,1.782136,0.017656,1.782223,3.136333,34.413518,179.783498
8,336,1786609317.485383,0,1,17.410222,13.640052,52.035605,13.332497,-3.548711,-0.070264,3.549406,1.783056,0.016393,1.783132,-3.121795,34.626749,178.356793
8,337,1786609317.525375,0,1,17.268282,13.633265,52.106964,13.333096,-3.548495,-0.169670,3.552549,1.783965,0.014983,1.784028,-3.093814,34.839975,176.768853
8,338,1786609317.565383,0,1,17.126218,13.626350,52.178358,13.333634,-3.551610,-0.172876,3.555815,1.784862,0.013437,1.784912,-3.092956,35.053363,176.734838
8,339,1786609317.605356,0,1,16.984010,13.619705,52.249788,13.334104,-3.555187,-0.166126,3.559066,1.785748,0.011768,1.785787,-3.094899,35.266935,176.860634
8,340,1786609317.645438,0,1,16.841717,13.612179,52.321253,13.334504,-3.557319,-0.188154,3.562291,1.786625,0.009986,1.786653,-3.088750,35.480623,176.523925
8,341,1786609317.685389,0,1,16.699256,13.605430,52.392753,13.334828,-3.561523,-0.168720,3.565517,1.787493,0.008100,1.787511,-3.094255,35.694522,176.853394
8,342,1786609317.725446,0,1,16.556845,13.595620,52.464287,13.335073,-3.560275,-0.245264,3.568713,1.788353,0.006122,1.788363,-3.072812,35.908387,175.643431
9,0,1786609321.212560,0,1,59.480000,13.100032,29.003536,13.399982,-0.499999,0.000796,0.500000,0.088399,-0.000447,0.088400,3.140000,30.477940,0.472636
9,0,1786609321.252547,0,1,59.480000,13.100032,29.010208,13.399942,-0.499999,0.000796,0.500000,0.166797,-0.000992,0.166800,3.140000,30.471268,0.472685
9,1,1786609321.292641,0,1,59.457174,13.100026,29.020016,13.399877,-0.570640,-0.000150,0.570640,0.245194,-0.001641,0.245200,-3.141329,30.438636,0.579511
9,2,1786609321.332557,0,1,59.431524,13.099882,29.032959,13.399781,-0.641268,-0.003607,0.641279,0.323590,-0.002399,0.323599,-3.135968,30.400044,0.887508
9,3,1786609321.372508,0,1,59.403048,13.099613,29.049039,13.399650,-0.711883,-0.006704,0.711915,0.401986,-0.003271,0.401999,-3.132176,30.355493,1.105858
9,4,1786609321.412501,0,1,59.371749,13.099212,29.068254,13.399479,-0.782482,-0.010036,0.782547,0.480379,-0.004265,0.480398,-3.128767,30.304983,1.302558
9,5,1786609321.452559,0,1,59.337626,13.098670,29.090605,13.399264,-0.853066,-0.013553,0.853174,0.558771,-0.005388,0.558797,-3.125707,30.248515,1.479561
9,6,1786609321.492569,0,1,59.300681,13.097977,29.116091,13.398998,-0.923632,-0.017316,0.923794,0.637161,-0.006649,0.637196,-3.122847,30.186091,1.645424
9,7,1786609321.532554,0,1,59.260914,13.097123,29.144713,13.398676,-0.994178,-0.021366,0.994407,0.715549,-0.008056,0.715594,-3.120105,30.117711,1.804846
9,8,1786609321.572556,0,1,59.218326,13.096093,29.176470,13.398291,-1.064700,-0.025744,1.065011,0.793933,-0.009622,0.793991,-3.117418,30.043376,1.961430
9,9,1786609321.612572,0,1,59.172918,13.094873,29.211233,13.397839,-1.135195,-0.030488,1.135605,0.869078,-0.011287,0.869152,-3.114742,29.963216,2.117787
9,10,1786609321.652575,0,1,59.124692,13.093448,29.248762,13.397320,-1.205660,-0.035639,1.206187,0.938222,-0.012982,0.938312,-3.112042,29.877475,2.275897
9,11,1786609321.692546,0,1,59.073648,13.091798,29.288836,13.396732,-1.276090,-0.041233,1.276756,1.001844,-0.014706,1.001951,-3.109292,29.786373,2.437276
9,12,1786609321.732559,0,1,59.019789,13.089906,29.331252,13.396074,-1.346480,-0.047309,1.347311,1.060385,-0.016455,1.060513,-3.106472,29.690116,2.603106
9,13,1786609321.772560,0,1,58.963116,13.087750,29.375822,13.395345,-1.416827,-0.053901,1.417852,1.114253,-0.018227,1.114402,-3.103567,29.588893,2.774326
9,14,1786609321.812543,0,1,58.903631,13.085308,29.422374,13.394544,-1.487123,-0.061048,1.488376,1.163821,-0.020020,1.163993,-3.100565,29.482878,2.951687
9,15,1786609321.852556,0,1,58.841336,13.082557,29.470752,13.393670,-1.557364,-0.068783,1.558882,1.209433,-0.021832,1.209630,-3.097455,29.372232,3.135800
9,16,1786609321.892544,0,1,58.776235,13.079471,29.520808,13.392724,-1.627543,-0.077143,1.629370,1.251406,-0.023661,1.251629,-3.094230,29.257104,3.327169
9,17,1786609321.932557,0,1,58.708339,13.076025,29.572409,13.391704,-1.697390,-0.086148,1.699575,1.290030,-0.025506,1.290282,-3.090883,29.137640,3.526208
9,18,1786609321.972559,0,1,58.637735,13.072196,29.625432,13.390609,-1.765103,-0.095736,1.767697,1.325574,-0.027365,1.325857,-3.087408,29.014050,3.733381
9,19,1786609322.012564,0,1,58.564506,13.067958,29.679764,13.389440,-1.830735,-0.105943,1.833798,1.358285,-0.029236,1.358599,-3.083788,28.886531,3.949641
9,20,1786609322.052562,0,1,58.488732,13.063287,29.735299,13.388195,-1.894338,-0.116766,1.897933,1.388388,-0.031118,1.388736,-3.080031,28.755269,4.174613
9,21,1786609322.092563,0,1,58.410494,13.058159,29.791943,13.386875,-1.955962,-0.128205,1.960159,1.416092,-0.033010,1.416477,-3.076140,28.620439,4.408214
9,22,1786609322.132571,0,1,58.329867,13.052549,29.849606,13.385478,-2.015657,-0.140259,2.020531,1.441590,-0.034911,1.442013,-3.072120,28.482207,4.650255
9,23,1786609322.172574,0,1,58.246929,13.046432,29.908205,13.384013,-2.073470,-0.152923,2.079102,1.464955,-0.036636,1.465413,-3.067974,28.340735,4.900562
9,24,1786609322.212631,0,1,58.161674,13.040417,29.967659,13.382485,-2.131368,-0.150363,2.136665,1.486358,-0.038201,1.486849,-3.071162,28.196090,4.730507
9,25,1786609322.252631,0,1,58.074154,13.034352,30.027897,13.380900,-2.187983,-0.151639,2.193232,1.505956,-0.039617,1.506477,-3.072398,28.048398,4.672482
9,26,1786609322.292636,0,1,57.984404,13.028316,30.088853,13.379264,-2.243757,-0.150892,2.248825,1.523893,-0.040896,1.524442,-3.074444,27.897759,4.568126
9,27,1786609322.332624,0,1,57.892461,13.022321,30.150465,13.377582,-2.298585,-0.149878,2.303466,1.540303,-0.042049,1.540877,-3.076480,27.744271,4.464351
9,28,1786609322.372633,0,1,57.798360,13.016401,30.212677,13.375859,-2.352528,-0.147994,2.357179,1.555307,-0.043085,1.555903,-3.078767,27.588024,4.346200
9,29,1786609322.412567,0,1,57.702136,13.010585,30.275438,13.374098,-2.405596,-0.145393,2.409986,1.569017,-0.044014,1.569635,-3.081227,27.429107,4.218063
9,30,1786609322.452626,0,1,57.603823,13.004906,30.338699,13.372304,-2.457813,-0.141993,2.461911,1.581539,-0.044844,1.582174,-3.083885,27.267599,4.078437
9,31,1786609322.492575,0,1,57.503455,12.999394,30.402418,13.370481,-2.509197,-0.137799,2.512978,1.592965,-0.045583,1.593617,-3.086730,27.103578,3.927883
9,32,1786609322.532642,0,1,57.401065,12.994082,30.466553,13.368632,-2.559769,-0.132796,2.563212,1.603385,-0.046238,1.604051,-3.089761,26.937115,3.766427
9,33,1786609322.572647,0,1,57.296683,12.989003,30.531069,13.366759,-2.609548,-0.126980,2.612635,1.612878,-0.046815,1.613557,-3.092971,26.768280,3.594392
9,34,1786609322.612631,0,1,57.190341,12.984189,30.595929,13.364866,-2.658550,-0.120353,2.661273,1.621519,-0.047321,1.622209,-3.096354,26.597136,3.412098
9,35,1786609322.652653,0,1,57.082069,12.979672,30.661104,13.362956,-2.706794,-0.112919,2.709149,1.629376,-0.047761,1.630076,-3.099900,26.423745,3.219943
9,36,1786609322.692649,0,1,56.971897,12.975484,30.726565,13.361030,-2.754297,-0.104690,2.756286,1.636511,-0.048140,1.637219,-3.103601,26.248164,3.018360
9,37,1786609322.732633,0,1,56.859854,12.971657,30.792284,13.359092,-2.801075,-0.095677,2.802709,1.642983,-0.048463,1.643698,-3.107449,26.070449,2.807820
9,38,1786609322.772619,0,1,56.745968,12.968221,30.858238,13.357142,-2.847144,-0.085899,2.848439,1.648845,-0.048735,1.649565,-3.111432,25.890652,2.588813
9,39,1786609322.812581,0,1,56.630268,12.965206,30.924404,13.355184,-2.892519,-0.075374,2.893501,1.654144,-0.048959,1.654869,-3.115540,25.708822,2.361847
9,40,1786609322.852561,0,1,56.512779,12.962641,30.990761,13.353218,-2.937215,-0.064125,2.937915,1.658927,-0.049139,1.659655,-3.119764,25.525007,2.127439
9,41,1786609322.892628,0,1,56.393529,12.960554,31.057290,13.351247,-2.981247,-0.052176,2.981704,1.663234,-0.049278,1.663964,-3.124093,25.339251,1.886107
9,42,1786609322.932653,0,1,56.272544,12.958972,31.123974,13.349272,-3.024629,-0.039553,3.024888,1.667104,-0.049381,1.667835,-3.128516,25.151598,1.638367
9,43,1786609322.972639,0,1,56.149849,12.957921,31.190797,13.347294,-3.067376,-0.026284,3.067489,1.670572,-0.049449,1.671303,-3.133024,24.962089,1.384728
9,44,1786609323.012630,0,1,56.025469,12.957425,31.257744,13.345315,-3.109501,-0.012398,3.109525,1.673669,-0.049486,1.674400,-3.137606,24.770762,1.125687
9,45,1786609323.052559,0,1,55.899428,12.957508,31.324801,13.343335,-3.151017,0.002076,3.151018,1.676426,-0.049493,1.677156,3.140934,24.577656,0.861729
9,46,1786609323.092616,0,1,55.771751,12.958192,31.391956,13.341356,-3.191939,0.017108,3.191984,1.678869,-0.049474,1.679598,3.136233,24.382806,0.593319
9,47,1786609323.132578,0,1,55.642459,12.959499,31.459197,13.339379,-3.232279,0.032667,3.232444,1.681024,-0.049430,1.681751,3.131486,24.186246,0.320903
9,48,1786609323.172647,0,1,55.511577,12.961448,31.526531,13.337414,-3.272051,0.048723,3.272414,1.683345,-0.049107,1.684061,3.126703,23.987993,0.044933
9,49,1786609323.212643,0,1,55.379131,12.963446,31.593963,13.335473,-3.311162,0.049965,3.311539,1.685819,-0.048528,1.686517,3.126504,23.788077,0.031571
9,50,1786609323.252650,0,1,55.245157,12.965716,31.661501,13.333565,-3.349350,0.056751,3.349831,1.688434,-0.047713,1.689108,3.124650,23.586525,0.077110
9,51,1786609323.292617,0,1,55.109686,12.968110,31.729148,13.331698,-3.386782,0.059852,3.387311,1.691177,-0.046681,1.691822,3.123922,23.383365,0.121514
9,52,1786609323.332620,0,1,54.972749,12.970654,31.796909,13.329880,-3.423405,0.063600,3.423996,1.694040,-0.045450,1.694650,3.123017,23.178624,0.176302
9,53,1786609323.372622,0,1,54.834378,12.973293,31.864790,13.328118,-3.459276,0.065962,3.459905,1.697013,-0.044036,1.697584,3.122527,22.972329,0.207384
9,54,1786609323.412640,0,1,54.694603,12.976012,31.932793,13.326420,-3.494397,0.067973,3.495058,1.700086,-0.042454,1.700616,3.122143,22.764506,0.232403
9,55,1786609323.452626,0,1,54.553451,12.978778,32.000923,13.324791,-3.528794,0.069157,3.529472,1.703251,-0.040717,1.703738,3.121997,22.555182,0.243746
9,56,1786609323.492625,0,1,54.410951,12.981570,32.069183,13.323238,-3.562482,0.069805,3.563166,1.706502,-0.038839,1.706944,3.122001,22.344380,0.246391
9,57,1786609323.532634,0,1,54.267132,12.984363,32.137577,13.321765,-3.595481,0.069811,3.596159,1.709831,-0.036830,1.710228,3.122179,22.132128,0.238835
9,58,1786609323.572634,0,1,54.122020,12.987134,32.206106,13.320376,-3.627807,0.069282,3.628469,1.713233,-0.034702,1.713584,3.122498,21.918447,0.222928
9,59,1786609323.612622,0,1,53.975641,12.989862,32.274774,13.319078,-3.659477,0.068210,3.660113,1.716701,-0.032464,1.717008,3.122956,21.703364,0.198677
9,60,1786609323.652633,0,1,53.828021,12.992528,32.343583,13.317873,-3.690508,0.066649,3.691110,1.720230,-0.030127,1.720493,3.123535,21.486901,0.167053
9,61,1786609323.692568,0,1,53.679184,12.995113,32.412536,13.316765,-3.720915,0.064621,3.721476,1.723815,-0.027697,1.724037,3.124228,21.269080,0.128434
9,62,1786609323.732629,0,1,53.529155,12.997600,32.481634,13.315758,-3.750713,0.062163,3.751228,1.727451,-0.025184,1.727635,3.125021,21.049926,0.083487
9,63,1786609323.772624,0,1,53.377959,12.999972,32.550879,13.314854,-3.779919,0.059303,3.780384,1.731136,-0.022593,1.731283,3.125905,20.829460,0.032653
9,64,1786609323.812562,0,1,53.225617,13.002215,32.620148,13.314058,-3.808546,0.056073,3.808958,1.731707,-0.019897,1.731821,3.126871,20.607829,0.023545
9,65,1786609323.852555,0,1,53.072152,13.004315,32.689417,13.313373,-3.836609,0.052501,3.836968,1.731737,-0.017136,1.731821,3.127909,20.385078,0.084689
9,66,1786609323.892539,0,1,52.917588,13.006260,32.758687,13.312800,-3.864122,0.048617,3.864428,1.731762,-0.014323,1.731821,3.129012,20.161231,0.150350
9,67,1786609323.932549,0,1,52.761944,13.008037,32.827959,13.312341,-3.891100,0.044445,3.891354,1.731783,-0.011465,1.731821,3.130171,19.936307,0.220163
9,68,1786609323.972555,0,1,52.605241,13.009638,32.897231,13.311998,-3.917555,0.040013,3.917759,1.731800,-0.008566,1.731821,3.131379,19.710330,0.293775
9,69,1786609324.012548,0,1,52.447501,13.011052,32.966503,13.311773,-3.943501,0.035344,3.943659,1.731812,-0.005633,1.731821,3.132630,19.483319,0.370878
9,70,1786609324.052547,0,1,52.288743,13.012270,33.035776,13.311666,-3.968950,0.030461,3.969067,1.731819,-0.002668,1.731821,3.133918,19.255295,0.451185
9,71,1786609324.092542,0,1,52.128987,13.013286,33.105049,13.311679,-3.993916,0.025386,3.993997,1.731821,0.000322,1.731821,3.135237,19.026278,0.534444
9,72,1786609324.132686,0,1,51.968250,13.014091,33.174322,13.311813,-4.018411,0.020139,4.018462,1.731818,0.003335,1.731821,3.136581,18.796287,0.620429
9,73,1786609324.172632,0,1,51.806552,13.014681,33.243594,13.312052,-4.042447,0.014738,4.042474,1.731811,0.005974,1.731821,3.137947,18.565340,0.708893
9,74,1786609324.212641,0,1,51.643947,13.015280,33.312866,13.312382,-4.065132,0.014992,4.065159,1.731802,0.008269,1.731821,3.137905,18.333488,0.717238
9,75,1786609324.252624,0,1,51.480486,13.015725,33.382138,13.312792,-4.086537,0.011123,4.086552,1.731791,0.010250,1.731821,3.138871,18.100786,0.784423
9,76,1786609324.292617,0,1,51.316219,13.016178,33.451409,13.313270,-4.106671,0.011320,4.106687,1.731780,0.011943,1.731821,3.138836,17.867280,0.794801
9,77,1786609324.332629,0,1,51.151195,13.016506,33.520680,13.313805,-4.125589,0.008188,4.125597,1.731770,0.013371,1.731821,3.139608,17.633022,0.852354
9,78,1786609324.372653,0,1,50.985463,13.016858,33.589950,13.314387,-4.143307,0.008808,4.143317,1.731760,0.014557,1.731821,3.139467,17.398057,0.858075
9,79,1786609324.412640,0,1,50.819068,13.017091,33.659220,13.315008,-4.159872,0.005823,4.159876,1.731752,0.015521,1.731821,3.140193,17.162434,0.914430
9,80,1786609324.452628,0,1,50.652056,13.017386,33.728490,13.315659,-4.175301,0.007384,4.175308,1.731745,0.016281,1.731821,3.139824,16.926194,0.908389
9,81,1786609324.492570,0,1,50.484470,13.017532,33.797760,13.316333,-4.189639,0.003644,4.189641,1.731739,0.016853,1.731821,3.140723,16.689386,0.976027
9,82,1786609324.532623,0,1,50.316355,13.017829,33.867029,13.317023,-4.202899,0.007420,4.202905,1.731735,0.017254,1.731821,3.139827,16.452046,0.940874
9,83,1786609324.572629,0,1,50.147749,13.017846,33.936298,13.317723,-4.215130,0.000441,4.215130,1.731733,0.017497,1.731821,3.141488,16.214224,1.053728
9,84,1786609324.612627,0,1,49.978696,13.018292,34.005568,13.318427,-4.226328,0.011128,4.226342,1.731732,0.017596,1.731821,3.138960,15.975948,0.925603
9,85,1786609324.652648,0,1,49.809234,13.017919,34.074837,13.319130,-4.236559,-0.009303,4.236570,1.731732,0.017561,1.731821,-3.139397,15.737280,1.222513
9,86,1786609324.692640,0,1,49.639405,13.019193,34.144106,13.319826,-4.245720,0.031844,4.245839,1.731734,0.017405,1.731821,3.134093,15.498215,0.681768
9,87,1786609324.732555,0,1,49.469242,13.018087,34.213376,13.320511,-4.254088,-0.027643,4.254178,1.731737,0.017136,1.731821,-3.135095,15.258863,1.507951
9,88,1786609324.772498,0,1,49.298781,13.019264,34.282645,13.321182,-4.261508,0.029425,4.261610,1.731740,0.016764,1.731821,3.134688,15.019171,0.756231
9,89,1786609324.812558,0,1,49.128059,13.018052,34.351915,13.321834,-4.268049,-0.030306,4.268157,1.731745,0.016297,1.731821,-3.134492,14.779266,1.584603
9,90,1786609324.852669,0,1,48.957109,13.019130,34.421185,13.322463,-4.273761,0.026954,4.273846,1.731750,0.015742,1.731821,3.135286,14.539088,0.834117
9,91,1786609324.892628,0,1,48.785966,13.017812,34.490455,13.323068,-4.278569,-0.032964,4.278696,1.731755,0.015108,1.731821,-3.133888,14.298769,1.664692
9,92,1786609324.932651,0,1,48.614659,13.018789,34.559726,13.323644,-4.282664,0.024439,4.282733,1.731761,0.014399,1.731821,3.135886,14.058239,0.915612
9,93,1786609324.972644,0,1,48.443226,13.017365,34.628997,13.324189,-4.285829,-0.035611,4.285977,1.731768,0.013623,1.731821,-3.133284,13.817637,1.748433
9,94,1786609325.012642,0,1,48.271691,13.018240,34.698268,13.324700,-4.288395,0.021889,4.288451,1.731774,0.012784,1.731821,3.136488,13.576882,1.000948
9,95,1786609325.052646,0,1,48.100090,13.016711,34.767539,13.325175,-4.290002,-0.038241,4.290172,1.731781,0.011887,1.731821,-3.132679,13.336120,1.836086
9,96,1786609325.092637,0,1,47.928446,13.017483,34.836810,13.325613,-4.291121,0.019314,4.291165,1.731787,0.010938,1.731821,3.137092,13.095261,1.090408
9,97,1786609325.132573,0,1,47.756796,13.015849,34.906080,13.326011,-4.291251,-0.040847,4.291445,1.731756,0.009939,1.731784,-3.132074,12.854458,1.927968
9,98,1786609325.172573,0,1,47.585155,13.016518,34.975348,13.326374,-4.291003,0.016720,4.291035,1.731687,0.009090,1.731711,3.137696,12.613614,1.184369
9,99,1786609325.212519,0,1,47.413530,13.014781,35.044611,13.326709,-4.290649,-0.043434,4.290868,1.731584,0.008378,1.731604,-3.131470,12.372851,2.024602
9,100,1786609325.252641,0,1,47.241893,13.015346,35.113869,13.327021,-4.290919,0.014126,4.290943,1.731448,0.007795,1.731466,3.138301,12.132028,1.283482
9,101,1786609325.292787,0,1,47.070278,13.018804,35.183121,13.327314,-4.290378,0.086441,4.291248,1.731284,0.007328,1.731299,3.121448,11.891160,0.332455
9,102,1786609325.332713,0,1,46.898674,13.020443,35.252364,13.327593,-4.290079,0.040991,4.290275,1.731092,0.006969,1.731106,3.132038,11.650360,0.963280
9,103,1786609325.372787,0,1,46.727104,13.019677,35.321599,13.327861,-4.289268,-0.019148,4.289310,1.730875,0.006709,1.730888,-3.137128,11.409667,1.803568
9,104,1786609325.412727,0,1,46.555611,13.015917,35.390825,13.328123,-4.287309,-0.094000,4.288339,1.730635,0.006541,1.730648,-3.119671,11.169151,2.857782
9,105,1786609325.452815,0,1,46.384275,13.008574,35.460040,13.328381,-4.283421,-0.183573,4.287353,1.730375,0.006457,1.730387,-3.098762,10.928915,4.130856
9,106,1786609325.492719,0,1,46.212933,13.002360,35.529243,13.328639,-4.283546,-0.155371,4.286363,1.730095,0.006450,1.730107,-3.105337,10.688670,3.826568
9,107,1786609325.532603,0,1,46.041804,12.992567,35.598435,13.328900,-4.278223,-0.244812,4.285222,1.729797,0.006514,1.729809,-3.084432,10.448783,5.119648
9,108,1786609325.572562,0,1,45.870662,12.983903,35.667615,13.329165,-4.278549,-0.216607,4.284028,1.729482,0.006644,1.729495,-3.091010,10.208887,4.836298
9,109,1786609325.612575,0,1,45.699500,12.976951,35.736781,13.329439,-4.279053,-0.173790,4.282580,1.729153,0.006834,1.729167,-3.101001,9.968953,4.352059
9,110,1786609325.652560,0,1,45.528556,12.967018,35.805933,13.329722,-4.273605,-0.248322,4.280814,1.728810,0.007079,1.728824,-3.083552,9.729385,5.461924
9,111,1786609325.692546,0,1,45.357935,12.953523,35.875071,13.330017,-4.265517,-0.337395,4.278840,1.728454,0.007375,1.728469,-3.062659,9.490335,6.796182
9,112,1786609325.732552,0,1,45.187314,12.941157,35.944195,13.330326,-4.265532,-0.309144,4.276720,1.728086,0.007718,1.728103,-3.069244,9.251308,6.556198
9,113,1786609325.772566,0,1,45.017092,12.925240,36.013303,13.330650,-4.255533,-0.397911,4.274095,1.727707,0.008104,1.727726,-3.048359,9.012912,7.919960
9,114,1786609325.812789,0,1,44.846881,12.910456,36.082396,13.330991,-4.255282,-0.369610,4.271304,1.727319,0.008529,1.727340,-3.054951,8.774568,7.711246
9,115,1786609325.852714,0,1,44.677152,12.892137,36.151473,13.331351,-4.243231,-0.457978,4.267875,1.726921,0.008989,1.726944,-3.034077,8.536985,9.109244
9,116,1786609325.892712,0,1,44.507448,12.874953,36.220533,13.331730,-4.242582,-0.429603,4.264278,1.726515,0.009483,1.726541,-3.040677,8.299495,8.937016
9,117,1786609325.932698,0,1,44.338314,12.854254,36.289577,13.332130,-4.228365,-0.517469,4.259911,1.726101,0.010008,1.726130,-3.019818,8.062911,10.375004
9,118,1786609325.972694,0,1,44.169910,12.829479,36.358604,13.332553,-4.210089,-0.619385,4.255407,1.725680,0.010560,1.725712,-2.995521,7.827489,12.054223
9,119,1786609326.012702,0,1,44.001604,12.805273,36.427614,13.332998,-4.207666,-0.605140,4.250958,1.725252,0.011137,1.725288,-2.998754,7.592352,12.169766
9,120,1786609326.052684,0,1,43.834140,12.777025,36.496607,13.333468,-4.186588,-0.706206,4.245732,1.724819,0.011737,1.724859,-2.974483,7.358602,13.911419
9,121,1786609326.092670,0,1,43.666785,12.749354,36.565582,13.333962,-4.183877,-0.691761,4.240679,1.724380,0.012359,1.724424,-2.977735,7.125226,14.094604
9,122,1786609326.132705,0,1,43.499480,12.722831,36.634540,13.334482,-4.182616,-0.663077,4.234849,1.723935,0.013000,1.723984,-2.984369,6.892135,14.099713
9,123,1786609326.172726,0,1,43.333030,12.692883,36.703482,13.335015,-4.161254,-0.748718,4.228074,1.723547,0.013333,1.723598,-2.963571,6.660574,15.732236
9,124,1786609326.212780,0,1,43.166649,12.664087,36.772410,13.335551,-4.159522,-0.719884,4.221358,1.723210,0.013384,1.723262,-2.970221,6.429398,15.813551
9,125,1786609326.252705,0,1,43.001209,12.631902,36.841327,13.336078,-4.136015,-0.804626,4.213555,1.722920,0.013175,1.722970,-2.949451,6.200001,17.530425
9,126,1786609326.292678,0,1,42.836888,12.595794,36.910234,13.336587,-4.108016,-0.902706,4.206028,1.722673,0.012726,1.722720,-2.925288,5.972772,19.517991
9,127,1786609326.332661,0,1,42.672719,12.560292,36.979132,13.337069,-4.104231,-0.887537,4.199099,1.722466,0.012057,1.722508,-2.928623,5.746330,19.971183
9,128,1786609326.372692,0,1,42.508612,12.525952,37.048024,13.337516,-4.102664,-0.858522,4.191529,1.722296,0.011186,1.722332,-2.935310,5.520567,20.272698
9,129,1786609326.412576,0,1,42.345576,12.488295,37.116911,13.337922,-4.075912,-0.941421,4.183221,1.722160,0.010129,1.722189,-2.914601,5.297245,22.235198
9,130,1786609326.452695,0,1,42.182581,12.451797,37.185793,13.338278,-4.074860,-0.912434,4.175766,1.722054,0.008901,1.722077,-2.921308,5.074815,22.681532
9,131,1786609326.492704,0,1,42.019538,12.417004,37.254672,13.338578,-4.076097,-0.869821,4.167871,1.721978,0.007516,1.721994,-2.931350,4.853168,22.992421
9,132,1786609326.532602,0,1,41.857447,12.379472,37.323549,13.338818,-4.052262,-0.938324,4.159481,1.721927,0.005987,1.721938,-2.914047,4.634283,24.984613
9,133,1786609326.572663,0,1,41.695268,12.343631,37.392425,13.338991,-4.054485,-0.896005,4.152310,1.721901,0.004326,1.721907,-2.924097,4.416469,25.486473
9,134,1786609326.612682,0,1,41.532907,12.310021,37.461301,13.339093,-4.059006,-0.840253,4.145064,1.721897,0.002544,1.721899,-2.937466,4.199639,25.879665
9,135,1786609326.652683,0,1,41.371317,12.274213,37.530178,13.339119,-4.039751,-0.895213,4.137752,1.721914,0.000651,1.721914,-2.923516,3.986023,27.990223
9,136,1786609326.692674,0,1,41.209483,12.240612,37.599055,13.339065,-4.045854,-0.840004,4.132136,1.721949,-0.001344,1.721950,-2.936880,3.773829,28.651257
9,137,1786609326.732701,0,1,41.047313,12.209753,37.667936,13.338928,-4.054263,-0.771474,4.127011,1.722002,-0.003432,1.722005,-2.953553,3.563036,29.250217
9,138,1786609326.772655,0,1,40.884736,12.182172,37.736818,13.338703,-4.064408,-0.689530,4.122483,1.722071,-0.005606,1.722080,-2.973542,3.353648,29.801706
9,139,1786609326.812710,0,1,40.721712,12.158410,37.805705,13.338389,-4.075604,-0.594048,4.118670,1.722154,-0.007856,1.722172,-2.996855,3.145703,30.323861
9,140,1786609326.852693,0,1,40.558230,12.139015,37.874595,13.337982,-4.087046,-0.484881,4.115709,1.722251,-0.010178,1.722281,-3.023506,2.939289,30.839503
9,141,1786609326.892673,0,1,40.394842,12.119493,37.943489,13.337479,-4.084713,-0.488044,4.113765,1.722361,-0.012565,1.722406,-3.022676,2.737265,33.234501
9,142,1786609326.932544,0,1,40.230967,12.104327,38.012388,13.336879,-4.096883,-0.379149,4.114390,1.722481,-0.015010,1.722547,-3.049310,2.537966,34.342181
9,143,1786609326.972699,0,1,40.066619,12.094079,38.081293,13.336179,-4.108679,-0.256221,4.116661,1.722613,-0.017509,1.722702,-3.079312,2.341866,35.600146
9,144,1786609327.012697,0,1,39.901861,12.089320,38.150203,13.335376,-4.118972,-0.118971,4.120689,1.722754,-0.020056,1.722870,-3.112717,2.149642,37.080930
9,145,1786609327.052664,0,1,39.736802,12.090178,38.219119,13.334470,-4.126463,0.021449,4.126519,1.722904,-0.022647,1.723052,3.136395,1.962556,39.049266
9,146,1786609327.092714,0,1,39.571508,12.094985,38.288042,13.333459,-4.132362,0.120178,4.134109,1.723062,-0.025278,1.723247,3.112519,1.783565,42.312142
9,147,1786609327.132726,0,1,39.406008,12.103750,38.356971,13.332342,-4.137476,0.219131,4.143275,1.723227,-0.027945,1.723454,3.088680,1.615524,46.475813
9,148,1786609327.172732,0,1,39.240358,12.116484,38.425906,13.331139,-4.141257,0.318341,4.153474,1.723390,-0.030068,1.723652,3.064873,1.462436,51.761596
9,149,1786609327.212683,0,1,39.074395,12.130652,38.494848,13.329871,-4.149078,0.354219,4.164171,1.723550,-0.031691,1.723841,3.056426,1.331916,59.327217
9,150,1786609327.252726,0,1,38.908081,12.145722,38.563797,13.328557,-4.157863,0.376737,4.174896,1.723708,-0.032853,1.724021,3.051231,1.231921,68.594142
9,151,1786609327.292666,0,1,38.741374,12.161151,38.632751,13.327213,-4.167662,0.385726,4.185474,1.723863,-0.033590,1.724190,3.049303,1.171111,79.390263
9,152,1786609327.332670,0,1,38.574234,12.176391,38.701712,13.325856,-4.178509,0.381009,4.195844,1.724016,-0.033937,1.724350,3.050661,1.156512,91.118375
9,153,1786609327.372669,0,1,38.406620,12.190887,38.770678,13.324499,-4.190338,0.362391,4.205979,1.724168,-0.033923,1.724502,3.055325,1.190636,102.861577
9,154,1786609327.412704,0,1,38.238568,12.204895,38.839651,13.323156,-4.201297,0.350205,4.215868,1.724318,-0.033579,1.724644,3.058429,1.269570,113.493784
9,155,1786609327.452744,0,1,38.070155,12.219218,38.908630,13.321839,-4.210324,0.358061,4.225522,1.724466,-0.032930,1.724780,3.056753,1.385212,122.389775
9,156,1786609327.492674,0,1,37.901238,12.231968,38.977614,13.320559,-4.222936,0.318766,4.234950,1.724612,-0.032002,1.724909,3.066251,1.530887,130.360011
9,157,1786609327.532689,0,1,37.732127,12.246872,39.046605,13.319326,-4.227762,0.372591,4.244149,1.724757,-0.030816,1.725033,3.053690,1.696469,135.753281
9,158,1786609327.572668,0,1,37.562497,12.259841,39.115601,13.318150,-4.240761,0.324231,4.253138,1.724901,-0.029393,1.725152,3.065285,1.879401,141.356784
9,159,1786609327.612750,0,1,37.392426,12.271586,39.184602,13.317040,-4.251778,0.293622,4.261904,1.725044,-0.027754,1.725267,3.072643,2.074818,145.792638
9,160,1786609327.652708,0,1,37.222089,12.284401,39.253610,13.316004,-4.258429,0.320384,4.270464,1.725186,-0.025914,1.725380,3.066499,2.278438,148.776081
9,161,1786609327.692582,0,1,37.051244,12.294667,39.322623,13.315048,-4.271122,0.256643,4.278825,1.725326,-0.023892,1.725492,3.081577,2.490048,152.370113
9,162,1786609327.732561,0,1,36.880213,12.307064,39.391642,13.314180,-4.275779,0.309926,4.286997,1.725466,-0.021702,1.725603,3.069235,2.705838,154.002788
9,163,1786609327.772569,0,1,36.708695,12.316897,39.460666,13.313405,-4.287937,0.245829,4.294978,1.725605,-0.019357,1.725714,3.084325,2.926836,156.813121
9,164,1786609327.812566,0,1,36.536860,12.326647,39.529695,13.312731,-4.295873,0.243736,4.302782,1.725743,-0.016872,1.725826,3.084916,3.151099,158.516575
9,165,1786609327.852565,0,1,36.364617,12.334367,39.598731,13.312160,-4.306091,0.192998,4.310414,1.725881,-0.014258,1.725940,3.096803,3.378694,160.611703
9,166,1786609327.892554,0,1,36.192168,12.343966,39.667771,13.311699,-4.311214,0.239995,4.317889,1.726018,-0.011526,1.726056,3.085982,3.607815,161.254654
9,167,1786609327.932557,0,1,36.019292,12.350706,39.736818,13.311352,-4.321911,0.168489,4.325194,1.726154,-0.008686,1.726176,3.102628,3.839641,163.278611
9,168,1786609327.972545,0,1,35.846212,12.359329,39.805869,13.311122,-4.326988,0.215582,4.332356,1.726290,-0.005747,1.726299,3.091811,4.072443,163.631815
9,169,1786609328.012644,0,1,35.672733,12.365077,39.874926,13.311013,-4.336979,0.143697,4.339359,1.726425,-0.002718,1.726427,3.108472,4.307345,165.416186
9,170,1786609328.052563,0,1,35.499024,12.372058,39.943989,13.311029,-4.342724,0.174531,4.346230,1.726560,0.000392,1.726560,3.101425,4.543058,165.770550
9,171,1786609328.092550,0,1,35.324950,12.376001,40.013056,13.311172,-4.351841,0.098555,4.352957,1.726694,0.003576,1.726698,3.118950,4.780469,167.421518
9,172,1786609328.132563,0,1,35.150660,12.381686,40.082129,13.311445,-4.357250,0.142125,4.359567,1.726828,0.006828,1.726841,3.108986,5.018350,167.454796
9,173,1786609328.172558,0,1,34.976039,12.384316,40.151204,13.311830,-4.365542,0.065771,4.366038,1.726870,0.009620,1.726897,3.126528,5.257625,168.975957
9,174,1786609328.212651,0,1,34.801209,12.388692,40.220277,13.312309,-4.370734,0.109388,4.372103,1.726829,0.011988,1.726870,3.116570,5.497215,168.893873
9,175,1786609328.252621,0,1,34.626229,12.395426,40.289346,13.312868,-4.374501,0.168364,4.377740,1.726710,0.013965,1.726766,3.103124,5.736949,168.593774
9,176,1786609328.292620,0,1,34.450962,12.399706,40.358407,13.313491,-4.381669,0.106994,4.382975,1.726519,0.015582,1.726590,3.117179,5.977700,169.808171
9,177,1786609328.332641,0,1,34.275575,12.406350,40.427457,13.314166,-4.384674,0.166099,4.387819,1.726264,0.016867,1.726346,3.103729,6.218503,169.436183
9,178,1786609328.372550,0,1,34.100057,12.414146,40.496495,13.314880,-4.387955,0.194896,4.392281,1.725947,0.017847,1.726040,3.097206,6.459546,169.441243
9,179,1786609328.412626,0,1,33.924308,12.420232,40.565518,13.315622,-4.393744,0.152161,4.396378,1.725576,0.018545,1.725676,3.106975,6.701298,170.338073
9,180,1786609328.452563,0,1,33.748522,12.429018,40.634524,13.316381,-4.394631,0.219632,4.400116,1.725153,0.018984,1.725258,3.091657,6.942941,169.795951
9,181,1786609328.492569,0,1,33.572732,12.438183,40.703512,13.317148,-4.394752,0.229136,4.400722,1.724684,0.019184,1.724791,3.089501,7.184747,169.988349
9,182,1786609328.532557,0,1,33.397102,12.450024,40.772478,13.317915,-4.390754,0.296026,4.400722,1.724171,0.019164,1.724278,3.074274,7.426265,169.431580
9,183,1786609328.572518,0,1,33.221365,12.460159,40.841423,13.318673,-4.393422,0.253365,4.400722,1.723619,0.018942,1.723723,3.083987,7.668268,170.271339
9,184,1786609328.612552,0,1,33.045837,12.473424,40.910344,13.319414,-4.388209,0.331628,4.400722,1.723030,0.018534,1.723130,3.066163,7.909878,169.538490
9,185,1786609328.652560,0,1,32.870188,12.484984,40.979241,13.320132,-4.391223,0.288991,4.400722,1.722407,0.017956,1.722501,3.075876,8.151945,170.354598
9,186,1786609328.692576,0,1,32.694773,12.499672,41.048111,13.320821,-4.385375,0.367209,4.400722,1.721754,0.017220,1.721840,3.058053,8.393601,169.599257
9,187,1786609328.732571,0,1,32.519224,12.512656,41.116954,13.321475,-4.388734,0.324597,4.400722,1.721072,0.016339,1.721150,3.067766,8.635691,170.395821
9,188,1786609328.772545,0,1,32.343933,12.528766,41.185768,13.322088,-4.382252,0.402766,4.400722,1.720364,0.015326,1.720432,3.049942,8.877353,169.621729
9,189,1786609328.812572,0,1,32.168495,12.543174,41.254553,13.322655,-4.385957,0.360183,4.400722,1.719632,0.014191,1.719690,3.059655,9.119432,170.401973
9,190,1786609328.852562,0,1,31.993342,12.560706,41.323309,13.323173,-4.378841,0.438297,4.400722,1.718877,0.012944,1.718926,3.041831,9.361071,169.612096
9,191,1786609328.892550,0,1,31.818026,12.576535,41.392033,13.323637,-4.382892,0.395745,4.400722,1.718103,0.011595,1.718142,3.051544,9.603112,170.378583
9,192,1786609328.932557,0,1,31.643020,12.595487,41.460725,13.324043,-4.375142,0.473798,4.400722,1.717309,0.010152,1.717339,3.033720,9.844700,169.575297
9,193,1786609328.972558,0,1,31.467839,12.612739,41.529385,13.324388,-4.379538,0.431281,4.400722,1.716498,0.008623,1.716520,3.043433,10.086682,170.330088
9,194,1786609329.012572,0,1,31.292992,12.633109,41.598012,13.324668,-4.371155,0.509269,4.400722,1.715672,0.007016,1.715686,3.025609,10.328198,169.515319
9,195,1786609329.052560,0,1,31.117957,12.651781,41.666605,13.324882,-4.375895,0.466788,4.400722,1.714830,0.005336,1.714839,3.035322,10.570102,170.260089
9,196,1786609329.092498,0,1,30.942691,12.668135,41.735164,13.325026,-4.381639,0.408864,4.400674,1.713976,0.003591,1.713979,3.048549,10.812445,171.185946
9,197,1786609329.132520,0,1,30.767688,12.686992,41.803688,13.325097,-4.375082,0.471427,4.400407,1.713109,0.001786,1.713110,3.034254,11.054433,170.540785
9,198,1786609329.172557,0,1,30.593067,12.708963,41.872188,13.325096,-4.365513,0.549268,4.399932,1.712483,-0.000025,1.712483,3.016431,11.295936,169.702016
9,199,1786609329.212555,0,1,30.418259,12.729235,41.940671,13.325022,-4.370220,0.506789,4.399506,1.712079,-0.001842,1.712080,3.026144,11.537805,170.425338
9,200,1786609329.252541,0,1,30.243213,12.747191,42.009146,13.324876,-4.376133,0.448901,4.399097,1.711880,-0.003662,1.711884,3.039371,11.780106,171.332260
9,201,1786609329.292522,0,1,30.068458,12.767645,42.077621,13.324656,-4.368890,0.511361,4.398715,1.711868,-0.005486,1.711877,3.025077,12.022074,170.668533
9,202,1786609329.332539,0,1,29.893461,12.785785,42.146102,13.324364,-4.374923,0.453497,4.398364,1.712030,-0.007313,1.712046,3.038303,12.264473,171.565071
9,203,1786609329.372526,0,1,29.718197,12.800990,42.214596,13.323998,-4.381580,0.380130,4.398039,1.712351,-0.009141,1.712375,3.055053,12.507338,172.645053
9,204,1786609329.412636,0,1,29.543120,12.818083,42.283109,13.323559,-4.376947,0.427307,4.397756,1.712818,-0.010969,1.712853,3.044274,12.750013,172.151978
9,205,1786609329.452574,0,1,29.368315,12.837674,42.351646,13.323047,-4.370127,0.489792,4.397489,1.713419,-0.012798,1.713467,3.029981,12.992401,171.464164
9,206,1786609329.492547,0,1,29.193275,12.854951,42.420211,13.322462,-4.375987,0.431928,4.397252,1.714145,-0.014627,1.714207,3.043207,13.235196,172.338633
9,207,1786609329.532513,0,1,29.017979,12.869294,42.488811,13.321804,-4.382396,0.358562,4.397040,1.714984,-0.016455,1.715063,3.059956,13.478430,173.398599
9,208,1786609329.572622,0,1,28.842855,12.885524,42.557448,13.321073,-4.378107,0.405762,4.396870,1.715928,-0.018281,1.716026,3.049177,13.721507,172.885980
9,209,1786609329.612562,0,1,28.667490,12.898819,42.626127,13.320269,-4.384134,0.332372,4.396715,1.716969,-0.020105,1.717087,3.065925,13.964998,173.935172
9,210,1786609329.652527,0,1,28.492282,12.914003,42.694850,13.319392,-4.380183,0.379598,4.396601,1.718098,-0.021927,1.718238,3.055146,14.208353,173.412013
9,211,1786609329.692515,0,1,28.316849,12.926250,42.763623,13.318442,-4.385827,0.306183,4.396502,1.719310,-0.023745,1.719474,3.071894,14.452096,174.451511
9,212,1786609329.732545,0,1,28.141561,12.940388,42.832447,13.317419,-4.382214,0.353434,4.396443,1.720596,-0.025561,1.720786,3.061115,14.695723,173.918837
9,213,1786609329.772558,0,1,27.966494,12.957029,42.901325,13.316325,-4.376671,0.416024,4.396400,1.721951,-0.027372,1.722169,3.046822,14.939152,173.191935
9,214,1786609329.812573,0,1,27.791223,12.971353,42.970260,13.315157,-4.381775,0.358103,4.396384,1.723370,-0.029179,1.723617,3.060048,15.182930,174.030324
9,215,1786609329.852529,0,1,27.615736,12.982740,43.039253,13.313918,-4.387164,0.284673,4.396391,1.724848,-0.030982,1.725126,3.076796,15.427072,175.057328
9,216,1786609329.892556,0,1,27.440381,12.996018,43.108309,13.312607,-4.383887,0.331948,4.396437,1.726379,-0.032780,1.726690,3.066017,15.671126,174.512252
9,217,1786609329.932562,0,1,27.264825,13.006357,43.177427,13.311224,-4.388890,0.258489,4.396496,1.727960,-0.034573,1.728305,3.082764,15.915522,175.531805
9,218,1786609329.972622,0,1,27.089387,13.018589,43.246610,13.309769,-4.385947,0.305787,4.396594,1.729586,-0.036361,1.729968,3.071986,16.159847,174.979348
9,219,1786609330.012557,0,1,26.914138,13.033327,43.315861,13.308244,-4.381239,0.368450,4.396704,1.731254,-0.038142,1.731674,3.057693,16.404027,174.232623
9,220,1786609330.052566,0,1,26.738703,13.045746,43.385115,13.306649,-4.385865,0.310483,4.396841,1.731362,-0.039881,1.731821,3.070919,16.648456,175.052747
9,221,1786609330.092630,0,1,26.563079,13.055226,43.454368,13.304984,-4.390608,0.236997,4.396999,1.731321,-0.041608,1.731821,3.087667,16.893136,176.063147
9,222,1786609330.132571,0,1,26.387559,13.066599,43.523619,13.303251,-4.387993,0.284321,4.397195,1.731279,-0.043326,1.731821,3.076888,17.137694,175.501480
9,223,1786609330.172483,0,1,26.212212,13.080480,43.592869,13.301459,-4.383687,0.347023,4.397401,1.731241,-0.044814,1.731821,3.062595,17.382062,174.745344
9,224,1786609330.212525,0,1,26.036686,13.092041,43.662117,13.299615,-4.388138,0.289032,4.397647,1.731208,-0.046090,1.731821,3.075821,17.626653,175.556827
9,225,1786609330.252526,0,1,25.861333,13.106111,43.731364,13.297728,-4.383836,0.351743,4.397925,1.731179,-0.047172,1.731821,3.061528,17.871059,174.798275
9,226,1786609330.292524,0,1,25.685796,13.117861,43.800610,13.295805,-4.388421,0.293753,4.398241,1.731154,-0.048074,1.731821,3.074754,18.115689,175.607625
9,227,1786609330.332520,0,1,25.510431,13.132120,43.869856,13.293853,-4.384119,0.356475,4.398588,1.731133,-0.048810,1.731821,3.060461,18.360137,174.846752
9,228,1786609330.372506,0,1,25.334878,13.144059,43.939100,13.291877,-4.388832,0.298486,4.398970,1.731117,-0.049395,1.731821,3.073687,18.604810,175.654062
9,229,1786609330.412530,0,1,25.159497,13.158508,44.008345,13.289883,-4.384527,0.361220,4.399382,1.731104,-0.049839,1.731821,3.059393,18.849306,174.890967
9,230,1786609330.452558,0,1,24.983922,13.170637,44.077588,13.287877,-4.389366,0.303229,4.399828,1.731095,-0.050153,1.731821,3.072620,19.094026,175.696332
9,231,1786609330.492557,0,1,24.808490,13.184918,44.146832,13.285863,-4.385793,0.357019,4.400300,1.731089,-0.050349,1.731821,3.060368,19.338605,175.047109
9,232,1786609330.532524,0,1,24.632863,13.196797,44.216075,13.283846,-4.390690,0.296973,4.400722,1.731087,-0.050435,1.731821,3.074058,19.583406,175.875891
9,233,1786609330.572515,0,1,24.457416,13.211104,44.285319,13.281829,-4.386163,0.357672,4.400722,1.731087,-0.050420,1.731821,3.060227,19.828029,175.133729
9,234,1786609330.612522,0,1,24.281790,13.223008,44.354562,13.279817,-4.390648,0.297593,4.400722,1.731090,-0.050312,1.731821,3.073917,20.072853,175.960340
9,235,1786609330.652517,0,1,24.106346,13.237339,44.423806,13.277812,-4.386112,0.358290,4.400722,1.731096,-0.050118,1.731821,3.060086,20.317501,175.215888
9,236,1786609330.692529,0,1,23.930721,13.249268,44.493050,13.275818,-4.390606,0.298212,4.400722,1.731104,-0.049845,1.731821,3.073776,20.562346,176.040436
9,237,1786609330.732537,0,1,23.755279,13.263624,44.562295,13.273838,-4.386062,0.358909,4.400722,1.731114,-0.049500,1.731821,3.059945,20.807019,175.293817
9,238,1786609330.772527,0,1,23.579656,13.275577,44.631540,13.271875,-4.390564,0.298831,4.400722,1.731126,-0.049088,1.731821,3.073635,21.051884,176.116416
9,239,1786609330.812549,0,1,23.404216,13.289958,44.700786,13.269930,-4.386011,0.359527,4.400722,1.731139,-0.048615,1.731821,3.059804,21.296579,175.367749
9,240,1786609330.852535,0,1,23.228595,13.301936,44.770032,13.268007,-4.390522,0.299450,4.400722,1.731154,-0.048085,1.731821,3.073494,21.541463,176.188507
9,241,1786609330.892539,0,1,23.053157,13.316342,44.839279,13.266107,-4.385960,0.360146,4.400722,1.731170,-0.047503,1.731821,3.059663,21.786180,175.437903
9,242,1786609330.932566,0,1,22.877537,13.328345,44.908526,13.264232,-4.390480,0.300069,4.400722,1.731187,-0.046873,1.731821,3.073353,22.031082,176.256921
9,243,1786609330.972525,0,1,22.702101,13.342775,44.977774,13.262384,-4.385909,0.360764,4.400722,1.731205,-0.046199,1.731821,3.059522,22.275818,175.504486
9,244,1786609331.012519,0,1,22.526484,13.354803,45.047023,13.260564,-4.390437,0.300688,4.400722,1.731224,-0.045485,1.731821,3.073212,22.520737,176.321862
9,245,1786609331.052626,0,1,22.351049,13.369258,45.116273,13.258775,-4.385859,0.361382,4.400722,1.731243,-0.044734,1.731821,3.059381,22.765492,175.567695
9,246,1786609331.092637,0,1,22.175433,13.381310,45.185523,13.257017,-4.390395,0.301307,4.400722,1.731264,-0.043949,1.731821,3.073072,23.010426,176.383518
9,247,1786609331.132649,0,1,22.000001,13.395790,45.254775,13.255292,-4.385808,0.362001,4.400722,1.731284,-0.043132,1.731821,3.059240,23.255198,175.627714
9,248,1786609331.172646,0,1,21.824387,13.407867,45.324027,13.253605,-4.390352,0.301926,4.400722,1.731308,-0.042160,1.731821,3.072931,23.500146,176.442059
9,249,1786609331.212646,0,1,21.648957,13.422372,45.393281,13.251964,-4.385756,0.362619,4.400722,1.731335,-0.041044,1.731821,3.059099,23.744935,175.684670
9,250,1786609331.252710,0,1,21.473344,13.434474,45.462535,13.250372,-4.390310,0.302545,4.400722,1.731364,-0.039796,1.731821,3.072790,23.989897,176.497572
9,251,1786609331.292677,0,1,21.297916,13.449004,45.531791,13.248835,-4.385705,0.363237,4.400722,1.731386,-0.038426,1.731812,3.058958,24.234701,175.738643
9,252,1786609331.332679,0,1,21.122306,13.461130,45.601038,13.247357,-4.390267,0.303164,4.400722,1.731199,-0.036939,1.731593,3.072649,24.479666,176.550145
9,253,1786609331.372669,0,1,20.946512,13.470231,45.670271,13.245943,-4.394836,0.227534,4.400722,1.730820,-0.035346,1.731181,3.089866,24.724776,177.556023
9,254,1786609331.412691,0,1,20.770822,13.481146,45.739482,13.244597,-4.392255,0.272857,4.400722,1.730264,-0.033656,1.730591,3.079550,24.969780,176.988019
9,255,1786609331.452673,0,1,20.595299,13.494489,45.808664,13.243322,-4.388061,0.333579,4.400722,1.729545,-0.031876,1.729839,3.065719,25.214615,176.223494
9,256,1786609331.492588,0,1,20.419611,13.505428,45.877811,13.242121,-4.392216,0.273476,4.400722,1.728677,-0.030015,1.728938,3.079409,25.459562,177.029719
9,257,1786609331.532654,0,1,20.243986,13.517355,45.946918,13.240998,-4.390609,0.298172,4.400722,1.727672,-0.028079,1.727900,3.073786,25.704417,176.730956
9,258,1786609331.572663,0,1,20.068198,13.526549,46.015979,13.239955,-4.394715,0.229848,4.400722,1.726539,-0.026076,1.726736,3.089339,25.949364,177.638907
9,259,1786609331.612640,0,1,19.892532,13.537846,46.084991,13.238995,-4.391649,0.282439,4.400722,1.725290,-0.024011,1.725457,3.077368,26.194164,176.973928
9,260,1786609331.652665,0,1,19.716712,13.546410,46.153948,13.238119,-4.395511,0.214101,4.400722,1.723934,-0.021889,1.724073,3.092922,26.439034,177.879493
9,261,1786609331.692648,0,1,19.541006,13.557078,46.222847,13.237330,-4.392633,0.266702,4.400722,1.722480,-0.019717,1.722593,3.080951,26.683757,177.212088
9,262,1786609331.732650,0,1,19.365156,13.565012,46.291685,13.236631,-4.396249,0.198351,4.400722,1.720934,-0.017499,1.721023,3.096505,26.928531,178.115381
9,263,1786609331.772660,0,1,19.189414,13.575051,46.360457,13.236021,-4.393560,0.250963,4.400722,1.719306,-0.015239,1.719373,3.084534,27.173158,177.445665
9,264,1786609331.812616,0,1,19.013537,13.582355,46.429161,13.235503,-4.396932,0.182599,4.400722,1.717600,-0.012942,1.717649,3.100088,27.417818,178.346793
9,265,1786609331.852675,0,1,18.837759,13.591764,46.497794,13.235079,-4.394431,0.235219,4.400722,1.715824,-0.010611,1.715857,3.088117,27.662334,177.674876
9,266,1786609331.892646,0,1,18.662152,13.603894,46.566353,13.234749,-4.390191,0.303261,4.400653,1.713983,-0.008251,1.714003,3.072625,27.906643,176.806381
9,267,1786609331.932654,0,1,18.486416,13.613910,46.634837,13.234514,-4.393396,0.250408,4.400527,1.712082,-0.005864,1.712092,3.084658,28.150977,177.510085
9,268,1786609331.972650,0,1,18.310553,13.621192,46.703242,13.234376,-4.396560,0.182039,4.400327,1.710126,-0.003453,1.710130,3.100211,28.395323,178.409565
9,269,1786609332.012667,0,1,18.134801,13.630578,46.771566,13.234335,-4.393805,0.234641,4.400066,1.708120,-0.001022,1.708120,3.088241,28.639506,177.735891
9,270,1786609332.052585,0,1,17.958951,13.637228,46.839809,13.234392,-4.396247,0.166253,4.399390,1.706067,0.001427,1.706067,3.103794,28.883667,178.633400
9,271,1786609332.092585,0,1,17.783033,13.640520,46.907968,13.234548,-4.397965,0.082310,4.398735,1.703971,0.003892,1.703975,3.122879,29.127764,179.726398
9,272,1786609332.132610,0,1,17.607108,13.639831,46.976041,13.234803,-4.398107,-0.017237,4.398141,1.701836,0.006370,1.701848,-3.137673,29.371726,178.985331
9,273,1786609332.172605,0,1,17.431283,13.634534,47.044046,13.235149,-4.395640,-0.132418,4.397634,1.700113,0.008661,1.700135,-3.111477,29.615456,177.501795
9,274,1786609332.212578,0,1,17.255720,13.624006,47.111997,13.235580,-4.389082,-0.263207,4.396967,1.698770,0.010780,1.698804,-3.081696,29.858804,175.822802
9,275,1786609332.252579,0,1,17.080211,13.613124,47.179908,13.236090,-4.387716,-0.272030,4.396140,1.697776,0.012739,1.697823,-3.079674,30.102058,175.734652
9,276,1786609332.292585,0,1,16.904731,13.602504,47.247792,13.236672,-4.386988,-0.265506,4.395015,1.697103,0.014551,1.697165,-3.081145,30.345266,175.845857
9,277,1786609332.332529,0,1,16.729258,13.592759,47.315661,13.237321,-4.386829,-0.243635,4.393590,1.696725,0.016226,1.696803,-3.086112,30.588468,176.155396
9,278,1786609332.372699,0,1,16.553778,13.584503,47.383526,13.238032,-4.387017,-0.206406,4.391870,1.696620,0.017774,1.696713,-3.094578,30.831695,176.662384
9,279,1786609332.412660,0,1,16.378566,13.572906,47.451396,13.238800,-4.380286,-0.289907,4.389869,1.696764,0.019204,1.696873,-3.075504,31.074626,175.597385
10,0,1786609336.081971,0,1,59.480000,13.100032,29.003536,13.399989,-0.499999,0.000796,0.500000,0.088399,-0.000281,0.088400,3.140000,30.477940,0.472649
10,0,1786609336.121943,0,1,59.480000,13.100032,29.010208,13.399966,-0.499999,0.000796,0.500000,0.166799,-0.000574,0.166800,3.140000,30.471268,0.472729
10,1,1786609336.162051,0,1,59.457178,13.100411,29.020016,13.399931,-0.570557,0.009466,0.570635,0.245198,-0.000880,0.245200,3.125003,30.438636,0.386736
10,2,1786609336.201949,0,1,59.431529,13.100715,29.032960,13.399883,-0.641227,0.007609,0.641273,0.323598,-0.001199,0.323600,3.129728,30.400041,0.115962
10,3,1786609336.241932,0,1,59.403054,13.101022,29.049040,13.399821,-0.711869,0.007689,0.711910,0.401997,-0.001532,0.402000,3.130792,30.355485,0.054833
10,4,1786609336.282030,0,1,59.371753,13.101322,29.068256,13.399746,-0.782513,0.007485,0.782548,0.480396,-0.001879,0.480400,3.132027,30.304967,0.016155
10,5,1786609336.322034,0,1,59.337627,13.101617,29.090607,13.399656,-0.853155,0.007378,0.853187,0.558795,-0.002243,0.558800,3.132945,30.248488,0.069085
10,6,1786609336.362034,0,1,59.300675,13.101908,29.116095,13.399552,-0.923797,0.007285,0.923826,0.637194,-0.002622,0.637200,3.133707,30.186048,0.113119
10,7,1786609336.402027,0,1,59.260898,13.102197,29.144719,13.399431,-0.994438,0.007212,0.994465,0.715593,-0.003020,0.715600,3.134341,30.117646,0.149972
10,8,1786609336.442029,0,1,59.218295,13.102483,29.176478,13.399293,-1.065080,0.007146,1.065104,0.793978,-0.003437,0.793986,3.134884,30.043283,0.181666
10,9,1786609336.482048,0,1,59.172866,13.102766,29.211123,13.399140,-1.135721,0.007080,1.135744,0.866121,-0.003840,0.866130,3.135359,29.963209,0.209551
10,10,1786609336.522023,0,1,59.124611,13.103046,29.248424,13.398970,-1.206363,0.007008,1.206383,0.932522,-0.004231,0.932531,3.135784,29.877653,0.234665
10,11,1786609336.562024,0,1,59.073531,13.103323,29.288169,13.398786,-1.277004,0.006922,1.277023,0.993639,-0.004609,0.993650,3.136173,29.786827,0.257794
10,12,1786609336.601997,0,1,59.019625,13.103596,29.330165,13.398587,-1.347646,0.006814,1.347663,1.049896,-0.004977,1.049908,3.136536,29.690926,0.279553
10,13,1786609336.641927,0,1,58.962894,13.103863,29.374232,13.398374,-1.418287,0.006680,1.418303,1.101682,-0.005334,1.101695,3.136883,29.590127,0.300421
10,14,1786609336.682027,0,1,58.903337,13.104123,29.420207,13.398146,-1.488929,0.006512,1.488943,1.149354,-0.005682,1.149368,3.137219,29.484596,0.320783
10,15,1786609336.722029,0,1,58.840954,13.104375,29.467936,13.397905,-1.559570,0.006304,1.559583,1.193241,-0.006022,1.193256,3.137550,29.374484,0.340946
10,16,1786609336.762035,0,1,58.775745,13.104617,29.517282,13.397651,-1.630212,0.006051,1.630223,1.233646,-0.006353,1.233662,3.137881,29.259931,0.361160
10,17,1786609336.801942,0,1,58.707711,13.104847,29.568116,13.397384,-1.700853,0.005746,1.700863,1.270847,-0.006677,1.270865,3.138215,29.141064,0.381629
10,18,1786609336.842030,0,1,58.636851,13.105063,29.620320,13.397104,-1.771494,0.005384,1.771502,1.305102,-0.006995,1.305121,3.138554,29.018001,0.402520
10,19,1786609336.881866,0,1,58.563166,13.105261,29.673786,13.396812,-1.842135,0.004959,1.842142,1.336645,-0.007306,1.336665,3.138901,28.890851,0.423974
10,20,1786609336.922014,0,1,58.486655,13.105440,29.728414,13.396508,-1.912776,0.004466,1.912781,1.365694,-0.007611,1.365715,3.139258,28.759714,0.446105
10,21,1786609336.962033,0,1,58.407365,13.105596,29.784111,13.396191,-1.982250,0.003898,1.982253,1.392447,-0.007911,1.392470,3.139626,28.624729,0.469008
10,22,1786609337.002017,0,1,58.325373,13.105725,29.840795,13.395863,-2.049803,0.003248,2.049806,1.417090,-0.008206,1.417114,3.140008,28.486055,0.492784
10,23,1786609337.042025,0,1,58.240753,13.105826,29.898380,13.395524,-2.115489,0.002515,2.115490,1.439622,-0.008466,1.439647,3.140404,28.343854,0.517499
10,24,1786609337.082057,0,1,58.153568,13.106088,29.956788,13.395177,-2.179625,0.006557,2.179635,1.460211,-0.008696,1.460237,3.138584,28.198262,0.415039
10,25,1786609337.122040,0,1,58.063878,13.106477,30.015949,13.394821,-2.242261,0.009717,2.242282,1.479014,-0.008896,1.479041,3.137259,28.049411,0.340702
10,26,1786609337.162035,0,1,57.971741,13.107020,30.075796,13.394458,-2.303432,0.013567,2.303472,1.496174,-0.009070,1.496201,3.135703,27.897426,0.252894
10,27,1786609337.202005,0,1,57.877213,13.107727,30.136269,13.394089,-2.363177,0.017687,2.363243,1.511821,-0.009219,1.511849,3.134108,27.742423,0.162614
10,28,1786609337.242030,0,1,57.780352,13.108616,30.197312,13.393715,-2.421534,0.022214,2.421636,1.526076,-0.009345,1.526105,3.132419,27.584514,0.066597
10,29,1786609337.282030,0,1,57.681211,13.109701,30.258874,13.393337,-2.478539,0.027122,2.478687,1.539052,-0.009451,1.539081,3.130651,27.423804,0.034334
10,30,1786609337.322034,0,1,57.579842,13.110998,30.320908,13.392956,-2.534226,0.032426,2.534434,1.550851,-0.009537,1.550880,3.128798,27.260392,0.140452
10,31,1786609337.362060,0,1,57.476296,13.112523,30.383370,13.392572,-2.588631,0.038129,2.588911,1.561566,-0.009606,1.561595,3.126864,27.094373,0.251643
10,32,1786609337.402052,0,1,57.370625,13.114292,30.446222,13.392185,-2.641785,0.044231,2.642156,1.571284,-0.009659,1.571314,3.124852,26.925837,0.367854
10,33,1786609337.442052,0,1,57.262876,13.116321,30.509425,13.391797,-2.693723,0.050730,2.694201,1.580085,-0.009696,1.580115,3.122762,26.754869,0.488968
10,34,1786609337.482027,0,1,57.153097,13.118626,30.572947,13.391409,-2.744475,0.057624,2.745079,1.588043,-0.009720,1.588073,3.120599,26.581550,0.614852
10,35,1786609337.522046,0,1,57.041334,13.121223,30.636756,13.391019,-2.794071,0.064907,2.794825,1.595225,-0.009732,1.595255,3.118366,26.405956,0.745345
10,36,1786609337.562025,0,1,56.927632,13.124125,30.700824,13.390630,-2.842542,0.072571,2.843468,1.601693,-0.009731,1.601722,3.116068,26.228163,0.880270
10,37,1786609337.602060,0,1,56.812036,13.127350,30.765124,13.390241,-2.889916,0.080607,2.891040,1.607504,-0.009720,1.607533,3.113707,26.048239,1.019437
10,38,1786609337.642045,0,1,56.694587,13.130910,30.829632,13.389853,-2.936222,0.089004,2.937570,1.612710,-0.009699,1.612739,3.111290,25.866251,1.162646
10,39,1786609337.682041,0,1,56.575327,13.134820,30.894327,13.389467,-2.981487,0.097750,2.983089,1.617361,-0.009669,1.617389,3.108819,25.682263,1.309686
10,40,1786609337.722022,0,1,56.454298,13.139093,30.959187,13.389081,-3.025739,0.106831,3.027624,1.621500,-0.009630,1.621528,3.106300,25.496337,1.460348
10,41,1786609337.761938,0,1,56.331538,13.143742,31.024193,13.388698,-3.069003,0.116235,3.071203,1.625168,-0.009584,1.625196,3.103737,25.308530,1.614416
10,42,1786609337.802028,0,1,56.207086,13.148780,31.089329,13.388317,-3.111304,0.125945,3.113852,1.628403,-0.009531,1.628431,3.101135,25.118898,1.771676
10,43,1786609337.842028,0,1,56.080979,13.154218,31.154579,13.387938,-3.152669,0.135947,3.155599,1.631240,-0.009471,1.631268,3.098498,24.927495,1.931917
10,44,1786609337.882037,0,1,55.953254,13.160067,31.219928,13.387562,-3.193121,0.146223,3.196467,1.633711,-0.009406,1.633738,3.095832,24.734373,2.094932
10,45,1786609337.922039,0,1,55.823947,13.166337,31.285361,13.387188,-3.232684,0.156757,3.236483,1.635845,-0.009335,1.635871,3.093139,24.539579,2.260519
10,46,1786609337.962036,0,1,55.693091,13.173039,31.350868,13.386818,-3.271382,0.167533,3.275669,1.637668,-0.009259,1.637694,3.090426,24.343162,2.428483
10,47,1786609338.002029,0,1,55.560722,13.180180,31.416436,13.386451,-3.309237,0.178534,3.314049,1.639206,-0.009178,1.639232,3.087695,24.145167,2.598638
10,48,1786609338.042069,0,1,55.426871,13.187770,31.482063,13.386093,-3.346271,0.189742,3.351646,1.640678,-0.008941,1.640703,3.084951,23.945629,2.770792
10,49,1786609338.082034,0,1,55.291568,13.195426,31.547747,13.385751,-3.382577,0.191411,3.387989,1.642090,-0.008561,1.642112,3.085066,23.744584,2.779503
10,50,1786609338.122037,0,1,55.154870,13.203294,31.613485,13.385429,-3.417450,0.196697,3.423106,1.643445,-0.008048,1.643465,3.084099,23.542090,2.850845
10,51,1786609338.162028,0,1,55.016818,13.211259,31.679275,13.385132,-3.451291,0.199117,3.457030,1.644749,-0.007414,1.644766,3.083963,23.338191,2.875069
10,52,1786609338.202028,0,1,54.877461,13.219340,31.745115,13.384865,-3.483939,0.202023,3.489791,1.646006,-0.006669,1.646019,3.083670,23.132938,2.908718
10,53,1786609338.242029,0,1,54.736840,13.227486,31.811004,13.384633,-3.515526,0.203659,3.521421,1.647219,-0.005821,1.647229,3.083726,22.926375,2.922786
10,54,1786609338.282025,0,1,54.594999,13.235687,31.876939,13.384438,-3.546025,0.205032,3.551947,1.648392,-0.004878,1.648399,3.083837,22.718546,2.934025
10,55,1786609338.321995,0,1,54.451979,13.243911,31.942921,13.384284,-3.575494,0.205601,3.581401,1.649528,-0.003850,1.649533,3.084153,22.509496,2.933738
10,56,1786609338.362048,0,1,54.307821,13.252141,32.008946,13.384174,-3.603941,0.205731,3.609809,1.650630,-0.002742,1.650633,3.084570,22.299266,2.927937
10,57,1786609338.402035,0,1,54.162565,13.260350,32.075014,13.384111,-3.631404,0.205240,3.637200,1.651702,-0.001561,1.651702,3.085135,22.087898,2.913769
10,58,1786609338.442029,0,1,54.016249,13.268522,32.141124,13.384099,-3.657900,0.204292,3.663601,1.652744,-0.000314,1.652744,3.085801,21.875431,2.893910
10,59,1786609338.482034,0,1,53.868911,13.276635,32.207274,13.384139,-3.683458,0.202826,3.689038,1.653760,0.000995,1.653760,3.086584,21.661904,2.867407
10,60,1786609338.522035,0,1,53.720587,13.284672,32.273464,13.384233,-3.708098,0.200935,3.713538,1.654752,0.002359,1.654754,3.087458,21.447354,2.835741
10,61,1786609338.562042,0,1,53.571313,13.292616,32.339693,13.384384,-3.731845,0.198600,3.737126,1.655721,0.003775,1.655726,3.088425,21.231818,2.798634
10,62,1786609338.602025,0,1,53.421124,13.300452,32.405960,13.384594,-3.754720,0.195888,3.759827,1.656670,0.005238,1.656679,3.089469,21.015333,2.757069
10,63,1786609338.642056,0,1,53.270054,13.308164,32.472264,13.384863,-3.776746,0.192797,3.781664,1.657600,0.006743,1.657614,3.090589,20.797932,2.711018
10,64,1786609338.682026,0,1,53.118137,13.315739,32.538604,13.385195,-3.797942,0.189378,3.802661,1.658513,0.008287,1.658534,3.091771,20.579650,2.661219
10,65,1786609338.722050,0,1,52.965403,13.323164,32.604981,13.385589,-3.818331,0.185638,3.822841,1.659409,0.009867,1.659439,3.093013,20.360519,2.607724
10,66,1786609338.762039,0,1,52.811886,13.330429,32.671392,13.386049,-3.837931,0.181621,3.842226,1.660291,0.011479,1.660331,3.094305,20.140571,2.551137
10,67,1786609338.802031,0,1,52.657616,13.337522,32.737839,13.386573,-3.856763,0.177333,3.860837,1.661160,0.013121,1.661211,3.095645,19.919837,2.491508
10,68,1786609338.842029,0,1,52.502622,13.344435,32.804319,13.387165,-3.874845,0.172815,3.878697,1.662015,0.014789,1.662081,3.097023,19.698349,2.429368
10,69,1786609338.882019,0,1,52.346934,13.351158,32.870834,13.387824,-3.892197,0.168071,3.895824,1.662860,0.016482,1.662942,3.098438,19.476135,2.364717
10,70,1786609338.922026,0,1,52.190581,13.357684,32.937381,13.388552,-3.908837,0.163140,3.912240,1.663694,0.018197,1.663793,3.099881,19.253224,2.298060
10,71,1786609338.962027,0,1,52.033589,13.364004,33.003962,13.389349,-3.924784,0.158020,3.927964,1.664518,0.019931,1.664637,3.101352,19.029644,2.229298
10,72,1786609339.002028,0,1,51.875987,13.370115,33.070575,13.390217,-3.940054,0.152754,3.943014,1.665333,0.021684,1.665474,3.102842,18.805422,2.158978
10,73,1786609339.042061,0,1,51.717800,13.376008,33.137222,13.391139,-3.954665,0.147328,3.957409,1.666175,0.023060,1.666334,3.104356,18.580584,2.086870
10,74,1786609339.081955,0,1,51.559058,13.381923,33.203904,13.392103,-3.968570,0.147872,3.971324,1.667041,0.024091,1.667215,3.104349,18.355156,2.102122
10,75,1786609339.122039,0,1,51.399766,13.387542,33.270621,13.393095,-3.982294,0.140498,3.984772,1.667931,0.024803,1.668115,3.106327,18.129145,2.003046
10,76,1786609339.162047,0,1,51.239960,13.393329,33.337375,13.394104,-3.995148,0.144651,3.997766,1.668841,0.025221,1.669031,3.105402,17.902585,2.071101
10,77,1786609339.202029,0,1,51.079634,13.398607,33.404166,13.395119,-4.008145,0.131967,4.010317,1.669770,0.025370,1.669963,3.108680,17.675469,1.897072
10,78,1786609339.242055,0,1,50.918842,13.404420,33.470994,13.396129,-4.019813,0.145316,4.022439,1.670717,0.025270,1.670908,3.105458,17.447849,2.097567
10,79,1786609339.282033,0,1,50.757544,13.409113,33.537862,13.397127,-4.032434,0.117320,4.034141,1.671680,0.024941,1.671866,3.112507,17.219687,1.706377
10,80,1786609339.322037,0,1,50.595850,13.415429,33.604768,13.398103,-4.042354,0.157911,4.045437,1.672658,0.024402,1.672836,3.102548,16.991091,2.295502
10,81,1786609339.362071,0,1,50.433645,13.419405,33.671714,13.399050,-4.055119,0.099386,4.056337,1.673650,0.023670,1.673817,3.117089,16.761944,1.473542
10,82,1786609339.402054,0,1,50.271084,13.425455,33.738700,13.399960,-4.064040,0.151266,4.066854,1.674654,0.022760,1.674809,3.104389,16.532403,2.219955
10,83,1786609339.441957,0,1,50.108046,13.429148,33.805727,13.400828,-4.075946,0.092334,4.076991,1.675671,0.021686,1.675811,3.118943,16.302344,1.397251
10,84,1786609339.482022,0,1,49.944677,13.434926,33.872795,13.401646,-4.084214,0.144448,4.086768,1.676697,0.020462,1.676822,3.106240,16.071917,2.144195
10,85,1786609339.522023,0,1,49.780865,13.438332,33.939904,13.402410,-4.095299,0.085137,4.096184,1.677734,0.019101,1.677843,3.120807,15.841002,1.320880
10,86,1786609339.562023,0,1,49.616747,13.443831,34.007055,13.403115,-4.102957,0.137470,4.105259,1.678780,0.017613,1.678872,3.108100,15.609745,2.068428
10,87,1786609339.602054,0,1,49.452217,13.446943,34.074249,13.403755,-4.113257,0.077809,4.113993,1.679834,0.016008,1.679910,3.122678,15.378029,1.244627
10,88,1786609339.642066,0,1,49.287403,13.452157,34.141485,13.404327,-4.120342,0.130345,4.122403,1.680896,0.014297,1.680956,3.109969,15.145994,1.992853
10,89,1786609339.682035,0,1,49.122208,13.454971,34.208763,13.404826,-4.129891,0.070360,4.130491,1.681964,0.012489,1.682011,3.124558,14.913529,1.168687
10,90,1786609339.722037,0,1,48.956750,13.459895,34.276085,13.405250,-4.136441,0.123085,4.138272,1.683040,0.010590,1.683073,3.111845,14.680767,1.917667
10,91,1786609339.762066,0,1,48.790939,13.462407,34.343450,13.405594,-4.145271,0.062800,4.145747,1.684121,0.008610,1.684143,3.126444,14.447601,1.093255
10,92,1786609339.802030,0,1,48.624886,13.467035,34.410858,13.405857,-4.151321,0.115701,4.152933,1.685208,0.006555,1.685220,3.113729,14.214160,1.843068
10,93,1786609339.842030,0,1,48.458511,13.469469,34.478310,13.406034,-4.159383,0.060867,4.159828,1.686299,0.004431,1.686305,3.126960,13.980345,1.098363
10,94,1786609339.882063,0,1,48.291917,13.474077,34.545806,13.406124,-4.164857,0.115182,4.166449,1.687396,0.002244,1.687397,3.113944,13.746279,1.867393
10,95,1786609339.922032,0,1,48.125020,13.476302,34.613346,13.406124,-4.172426,0.055630,4.172797,1.688497,0.000001,1.688497,3.128261,13.511856,1.061453
10,96,1786609339.962039,0,1,47.957922,13.480706,34.680930,13.406032,-4.177433,0.110107,4.178884,1.689601,-0.002295,1.689603,3.115241,13.277203,1.832070
10,97,1786609340.002036,0,1,47.790546,13.482719,34.748558,13.405846,-4.184409,0.050331,4.184711,1.690710,-0.004639,1.690716,3.129565,13.042215,1.026850
10,98,1786609340.042029,0,1,47.622987,13.486918,34.816214,13.405582,-4.188978,0.104956,4.190293,1.691411,-0.006613,1.691424,3.116543,12.807031,1.799139
10,99,1786609340.082031,0,1,47.455164,13.488717,34.883871,13.405252,-4.195568,0.044978,4.195809,1.691404,-0.008244,1.691424,3.130873,12.571571,0.994608
10,100,1786609340.122048,0,1,47.287161,13.492707,34.951526,13.404870,-4.200084,0.099750,4.201268,1.691397,-0.009561,1.691424,3.117848,12.335947,1.768460
10,101,1786609340.162034,0,1,47.118902,13.494290,35.019182,13.404446,-4.206480,0.039579,4.206666,1.691391,-0.010590,1.691424,3.132184,12.100053,0.964518
10,102,1786609340.202216,0,1,46.950464,13.498070,35.086838,13.403992,-4.210950,0.094495,4.212010,1.691386,-0.011353,1.691424,3.119156,11.863999,1.739858
10,103,1786609340.242199,0,1,46.781956,13.504618,35.154493,13.403517,-4.212680,0.163699,4.215859,1.691382,-0.011871,1.691424,3.102754,11.627903,2.723489
10,104,1786609340.282275,0,1,46.613467,13.514508,35.222148,13.403031,-4.212238,0.247272,4.219490,1.691380,-0.012164,1.691424,3.082957,11.391864,3.920287
10,105,1786609340.322198,0,1,46.444770,13.523124,35.289803,13.402540,-4.217416,0.215382,4.222913,1.691380,-0.012251,1.691424,3.090567,11.155619,3.542867
10,106,1786609340.362290,0,1,46.276140,13.534905,35.357458,13.402055,-4.215749,0.294539,4.226026,1.691380,-0.012147,1.691424,3.071840,10.919490,4.693649
10,107,1786609340.402226,0,1,46.107309,13.545372,35.425114,13.401580,-4.220790,0.261655,4.228892,1.691382,-0.011869,1.691424,3.079680,10.683163,4.318546
10,108,1786609340.442290,0,1,45.938591,13.558854,35.492769,13.401123,-4.217932,0.337053,4.231378,1.691385,-0.011432,1.691424,3.061853,10.447013,5.433866
10,109,1786609340.482277,0,1,45.769681,13.570955,35.560425,13.400689,-4.222748,0.302534,4.233572,1.691389,-0.010847,1.691424,3.070071,10.210676,5.053362
10,110,1786609340.522036,0,1,45.600966,13.586304,35.628080,13.400284,-4.217881,0.383715,4.235299,1.691394,-0.010129,1.691424,3.050869,9.974620,6.266670
10,111,1786609340.562218,0,1,45.432075,13.600270,35.695736,13.399912,-4.222289,0.349168,4.236702,1.691398,-0.009287,1.691424,3.059084,9.738399,5.906292
10,112,1786609340.602240,0,1,45.263449,13.617482,35.763393,13.399579,-4.215635,0.430282,4.237537,1.691403,-0.008334,1.691424,3.039877,9.502555,7.141858
10,113,1786609340.642232,0,1,45.094669,13.633309,35.831049,13.399288,-4.219500,0.395690,4.238013,1.691408,-0.007278,1.691424,3.048090,9.266576,6.804457
10,114,1786609340.682273,0,1,44.926233,13.652375,35.898705,13.399042,-4.210913,0.476643,4.237803,1.691413,-0.006128,1.691424,3.028880,9.031081,8.065378
10,115,1786609340.722214,0,1,44.758294,13.675244,35.966362,13.398847,-4.198463,0.571725,4.237211,1.691417,-0.004893,1.691424,3.006250,8.796276,9.555196
10,116,1786609340.762228,0,1,44.590281,13.697295,36.034019,13.398703,-4.200326,0.551277,4.236348,1.691420,-0.003581,1.691424,3.011092,8.561471,9.475780
10,117,1786609340.802225,0,1,44.422875,13.723132,36.101676,13.398616,-4.185142,0.645912,4.234692,1.691423,-0.002198,1.691424,2.988466,8.327525,11.006831
10,118,1786609340.842283,0,1,44.255421,13.748145,36.169333,13.398586,-4.186356,0.625343,4.232804,1.691424,-0.000751,1.691424,2.993313,8.093641,10.971167
10,119,1786609340.882273,0,1,44.088684,13.776921,36.236990,13.398616,-4.168425,0.719391,4.230046,1.691424,0.000753,1.691424,2.970695,7.860803,12.550159
10,120,1786609340.922297,0,1,43.921925,13.804867,36.304647,13.398708,-4.168982,0.698664,4.227120,1.691422,0.002309,1.691424,2.975549,7.628099,12.565742
10,121,1786609340.962228,0,1,43.755991,13.836547,36.372303,13.398865,-4.148343,0.791987,4.223268,1.691419,0.003913,1.691424,2.952946,7.396649,14.200989
10,122,1786609341.002240,0,1,43.590060,13.867390,36.439960,13.399087,-4.148286,0.771075,4.219340,1.691415,0.005558,1.691424,2.957812,7.165419,14.277145
10,123,1786609341.042219,0,1,43.425058,13.901932,36.507616,13.399360,-4.125043,0.863555,4.214464,1.691410,0.006822,1.691424,2.935228,6.935674,15.979208
10,124,1786609341.082042,0,1,43.260076,13.935631,36.575273,13.399669,-4.124562,0.842463,4.209722,1.691406,0.007736,1.691424,2.940109,6.706254,16.128104
10,125,1786609341.122232,0,1,43.096113,13.972993,36.642929,13.400002,-4.099063,0.934048,4.204136,1.691403,0.008330,1.691424,2.917549,6.478573,17.910822
10,126,1786609341.162221,0,1,42.932176,14.009505,36.710585,13.400348,-4.098435,0.912811,4.198856,1.691402,0.008629,1.691424,2.922448,6.251341,18.148101
10,127,1786609341.202226,0,1,42.769337,14.049644,36.778241,13.400694,-4.070967,1.003474,4.192819,1.691402,0.008659,1.691424,2.899915,6.026140,20.029221
10,128,1786609341.242265,0,1,42.606517,14.088930,36.845897,13.401032,-4.070494,0.982150,4.187307,1.691403,0.008441,1.691424,2.904833,5.801547,20.375017
10,129,1786609341.282279,0,1,42.444859,14.131807,36.913553,13.401351,-4.041459,1.071929,4.181198,1.691405,0.007997,1.691424,2.882329,5.579329,22.377572
10,130,1786609341.322200,0,1,42.283197,14.173832,36.981210,13.401645,-4.041550,1.050623,4.175875,1.691408,0.007345,1.691424,2.887266,5.357923,22.858184
10,131,1786609341.362203,0,1,42.121413,14.214464,37.048866,13.401905,-4.044598,1.015790,4.170204,1.691411,0.006503,1.691424,2.895534,5.137216,23.198846
10,132,1786609341.402280,0,1,41.960669,14.258113,37.116523,13.402125,-4.018610,1.091239,4.164136,1.691415,0.005485,1.691424,2.876440,4.919194,25.213168
10,133,1786609341.441975,0,1,41.799761,14.300380,37.184179,13.402297,-4.022690,1.056668,4.159157,1.691419,0.004306,1.691424,2.884719,4.702143,25.728609
10,134,1786609341.481993,0,1,41.638569,14.340729,37.251836,13.402416,-4.029802,1.008717,4.154133,1.691421,0.002981,1.691424,2.896318,4.485962,26.126694
10,135,1786609341.521984,0,1,41.478227,14.383555,37.319493,13.402477,-4.008544,1.070666,4.149066,1.691423,0.001519,1.691424,2.880589,4.272889,28.228224
10,136,1786609341.562032,0,1,41.317538,14.424484,37.387150,13.402474,-4.017222,1.023210,4.145483,1.691424,-0.000066,1.691424,2.892190,4.061090,28.865428
10,137,1786609341.602030,0,1,41.156380,14.462981,37.454807,13.402404,-4.028959,0.962442,4.142319,1.691423,-0.001765,1.691424,2.907106,3.850515,29.423209
10,138,1786609341.642005,0,1,40.994650,14.498510,37.522464,13.402261,-4.043234,0.888228,4.139649,1.691420,-0.003569,1.691424,2.925345,3.641132,29.912178
10,139,1786609341.682084,0,1,40.832274,14.530526,37.590120,13.402042,-4.059402,0.800397,4.137557,1.691415,-0.005469,1.691424,2.946919,3.432934,30.345286
10,140,1786609341.722046,0,1,40.670143,14.563474,37.657777,13.401744,-4.053297,0.823679,4.136141,1.691408,-0.007458,1.691424,2.941111,3.228616,32.576093
10,141,1786609341.762067,0,1,40.507311,14.592922,37.725433,13.401363,-4.070777,0.736203,4.136813,1.691397,-0.009527,1.691424,2.962676,3.026328,33.438030
10,142,1786609341.802125,0,1,40.343723,14.618315,37.793088,13.400896,-4.089718,0.634831,4.138696,1.691384,-0.011671,1.691424,2.987596,2.826278,34.338537
10,143,1786609341.842113,0,1,40.179354,14.639085,37.860743,13.400341,-4.109229,0.519254,4.141906,1.691367,-0.013883,1.691424,3.015896,2.628772,35.315761
10,144,1786609341.882103,0,1,40.014224,14.654651,37.928396,13.399694,-4.128246,0.389137,4.146546,1.691347,-0.016158,1.691424,3.047608,2.434254,36.418495
10,145,1786609341.922149,0,1,39.848452,14.665203,37.996049,13.398955,-4.144289,0.263813,4.152678,1.691323,-0.018491,1.691424,3.078022,2.243832,37.997728
10,146,1786609341.962127,0,1,39.682309,14.674713,38.063701,13.398120,-4.153574,0.237743,4.160372,1.691295,-0.020876,1.691424,3.084417,2.061451,41.538705
10,147,1786609342.002132,0,1,39.515564,14.678546,38.131352,13.397187,-4.168631,0.095837,4.169733,1.691263,-0.023310,1.691424,3.118607,1.886246,44.107296
10,148,1786609342.042147,0,1,39.348365,14.680035,38.199001,13.396173,-4.179983,0.037217,4.180149,1.691234,-0.025363,1.691424,3.132689,1.723177,48.673984
10,149,1786609342.082142,0,1,39.180761,14.676939,38.266649,13.395090,-4.190102,-0.077387,4.190816,1.691207,-0.027065,1.691424,-3.123126,1.574400,53.448532
10,150,1786609342.122056,0,1,39.012755,14.672767,38.334297,13.393952,-4.200128,-0.104300,4.201423,1.691185,-0.028444,1.691424,-3.116765,1.447644,60.629885
10,151,1786609342.161961,0,1,38.844383,14.667145,38.401943,13.392771,-4.209320,-0.140553,4.211666,1.691166,-0.029527,1.691424,-3.108214,1.348993,68.941487
10,152,1786609342.202095,0,1,38.675696,14.659494,38.469590,13.391558,-4.217161,-0.191282,4.221497,1.691152,-0.030336,1.691424,-3.096266,1.284579,78.170121
10,153,1786609342.242122,0,1,38.506661,14.651242,38.537235,13.390322,-4.225888,-0.206313,4.230921,1.691142,-0.030895,1.691424,-3.092810,1.261290,88.593996
10,154,1786609342.282059,0,1,38.337441,14.639945,38.604881,13.389073,-4.230498,-0.282415,4.239914,1.691136,-0.031222,1.691424,-3.074935,1.279142,98.249071
10,155,1786609342.322119,0,1,38.167860,14.628874,38.672526,13.387820,-4.239510,-0.276768,4.248535,1.691134,-0.031337,1.691424,-3.076402,1.339740,108.393612
10,156,1786609342.362136,0,1,37.998146,14.615144,38.740171,13.386569,-4.242859,-0.343260,4.256722,1.691135,-0.031256,1.691424,-3.060866,1.435269,116.505505
10,157,1786609342.402067,0,1,37.828070,14.602023,38.807817,13.385330,-4.251908,-0.328024,4.264543,1.691140,-0.030996,1.691424,-3.064598,1.562129,124.431417
10,158,1786609342.442108,0,1,37.658052,14.584899,38.875463,13.384107,-4.250450,-0.428093,4.271954,1.691148,-0.030570,1.691424,-3.041214,1.709969,129.642485
10,159,1786609342.482055,0,1,37.487688,14.568393,38.943109,13.382907,-4.259098,-0.412652,4.279041,1.691158,-0.029992,1.691424,-3.045007,1.877133,135.302162
10,160,1786609342.522119,0,1,37.317047,14.551969,39.010756,13.381736,-4.266017,-0.410609,4.285732,1.691171,-0.029275,1.691424,-3.045637,2.058663,139.860433
10,161,1786609342.562135,0,1,37.146553,14.531805,39.078403,13.380599,-4.262358,-0.504100,4.292064,1.691185,-0.028429,1.691424,-3.023872,2.248849,142.464017
10,162,1786609342.601917,0,1,36.975706,14.512589,39.146051,13.379500,-4.271161,-0.480393,4.298091,1.691201,-0.027465,1.691424,-3.029590,2.448324,146.014654
10,163,1786609342.641982,0,1,36.804802,14.491913,39.213700,13.378445,-4.272609,-0.516890,4.303761,1.691218,-0.026393,1.691424,-3.021200,2.653790,148.294142
10,164,1786609342.682003,0,1,36.633584,14.472068,39.281350,13.377436,-4.280460,-0.496144,4.309118,1.691236,-0.025221,1.691424,-3.026199,2.865115,150.927368
10,165,1786609342.721871,0,1,36.462588,14.448837,39.349000,13.376477,-4.274885,-0.580761,4.314154,1.691254,-0.023958,1.691424,-3.006565,3.079176,151.882454
10,166,1786609342.761917,0,1,36.291227,14.426925,39.416651,13.375573,-4.284031,-0.547816,4.318915,1.691273,-0.022611,1.691424,-3.014409,3.297516,154.120651
10,167,1786609342.801900,0,1,36.120153,14.401623,39.484302,13.374726,-4.276846,-0.632541,4.323369,1.691291,-0.021186,1.691424,-2.994758,3.517388,154.612343
10,168,1786609342.841897,0,1,35.948720,14.377639,39.551953,13.373938,-4.285830,-0.599594,4.327569,1.691275,-0.019691,1.691390,-3.002593,3.740415,156.470438
10,169,1786609342.881896,0,1,35.777637,14.350264,39.619600,13.373213,-4.277071,-0.684376,4.331479,1.691177,-0.018129,1.691274,-2.982927,3.964254,156.640689
10,170,1786609342.921901,0,1,35.606200,14.324207,39.687241,13.372552,-4.285929,-0.651431,4.335153,1.691003,-0.016508,1.691084,-2.990754,4.190530,158.231409
10,171,1786609342.961967,0,1,35.435175,14.294758,39.754871,13.371959,-4.275632,-0.736221,4.338554,1.690760,-0.014832,1.690825,-2.971075,4.417164,158.171441
10,172,1786609343.001976,0,1,35.263799,14.266627,39.822489,13.371435,-4.284398,-0.703278,4.341736,1.690453,-0.013107,1.690504,-2.978895,4.645754,159.568281
10,173,1786609343.041967,0,1,35.092809,14.235574,39.890099,13.370980,-4.274737,-0.776323,4.344659,1.690237,-0.011383,1.690275,-2.961943,4.874578,159.490360
10,174,1786609343.081989,0,1,34.921451,14.205943,39.957703,13.370593,-4.283953,-0.740766,4.347527,1.690104,-0.009660,1.690132,-2.970369,5.105060,160.771858
10,175,1786609343.121909,0,1,34.749643,14.178335,40.025305,13.370275,-4.295196,-0.690213,4.350299,1.690048,-0.007941,1.690067,-2.982261,5.337187,162.162773
10,176,1786609343.161989,0,1,34.577325,14.153355,40.092907,13.370027,-4.307964,-0.624498,4.352994,1.690063,-0.006224,1.690075,-2.997632,5.570929,163.668516
10,177,1786609343.201920,0,1,34.404461,14.131618,40.160513,13.369846,-4.321601,-0.543435,4.355635,1.690143,-0.004510,1.690149,-3.016501,5.806241,165.293898
10,178,1786609343.241975,0,1,34.231687,14.108374,40.228124,13.369734,-4.319336,-0.581090,4.358249,1.690282,-0.002799,1.690284,-3.007863,6.041759,165.315563
10,179,1786609343.281992,0,1,34.058404,14.088384,40.295743,13.369691,-4.332073,-0.499748,4.360803,1.690477,-0.001091,1.690477,-3.026740,6.278608,166.846564
10,180,1786609343.321995,0,1,33.884887,14.069578,40.363372,13.369715,-4.337942,-0.470152,4.363345,1.690722,0.000613,1.690722,-3.033633,6.516179,167.648665
10,181,1786609343.361969,0,1,33.711050,14.052903,40.431013,13.369808,-4.345921,-0.416873,4.365869,1.691013,0.002313,1.691015,-3.045963,6.754593,168.716521
10,182,1786609343.401976,0,1,33.537241,14.034931,40.498667,13.369968,-4.345228,-0.449294,4.368395,1.691348,0.004009,1.691352,-3.038559,6.993113,168.640220
10,183,1786609343.442013,0,1,33.363005,14.020454,40.566323,13.370196,-4.355880,-0.361930,4.370891,1.691414,0.005700,1.691424,-3.058693,7.232608,170.091976
10,184,1786609343.481988,0,1,33.188782,14.004679,40.633980,13.370491,-4.355595,-0.394372,4.373413,1.691408,0.007386,1.691424,-3.051295,7.472159,169.957586
10,185,1786609343.521995,0,1,33.014175,13.992410,40.701635,13.370854,-4.365155,-0.306739,4.375919,1.691400,0.009066,1.691424,-3.071438,7.712547,171.357953
10,186,1786609343.561993,0,1,32.839464,13.980180,40.769291,13.371284,-4.367777,-0.305752,4.378466,1.691390,0.010741,1.691424,-3.071705,7.953170,171.604861
10,187,1786609343.601979,0,1,32.664425,13.971773,40.836946,13.371780,-4.375980,-0.210171,4.381024,1.691378,0.012411,1.691424,-3.093601,8.194516,173.051407
10,188,1786609343.641984,0,1,32.489332,13.962369,40.904601,13.372343,-4.377339,-0.235103,4.383648,1.691365,0.014075,1.691424,-3.087935,8.435928,172.914989
10,189,1786609343.681992,0,1,32.313969,13.956799,40.972255,13.372972,-4.384066,-0.139240,4.386277,1.691351,0.015732,1.691424,-3.109843,8.677947,174.323269
10,190,1786609343.721995,0,1,32.138532,13.950233,41.039908,13.373668,-4.385911,-0.164146,4.388982,1.691335,0.017384,1.691424,-3.104184,8.920029,174.150640
10,191,1786609343.761968,0,1,31.962898,13.946775,41.107561,13.374429,-4.390850,-0.086444,4.391700,1.691317,0.019029,1.691424,-3.121908,9.162556,175.290787
10,192,1786609343.801979,0,1,31.787179,13.942157,41.175213,13.375256,-4.392976,-0.115465,4.394493,1.691298,0.020668,1.691424,-3.115315,9.405134,175.038744
10,193,1786609343.841982,0,1,31.611289,13.941224,41.242864,13.376148,-4.397250,-0.023317,4.397312,1.691277,0.022300,1.691424,-3.136290,9.648137,176.338544
10,194,1786609343.881983,0,1,31.435293,13.939132,41.310514,13.377105,-4.399906,-0.052312,4.400217,1.691255,0.023925,1.691424,-3.129704,9.891201,176.061473
10,195,1786609343.921989,0,1,31.259174,13.940733,41.378163,13.378126,-4.402973,0.040031,4.403155,1.691231,0.025543,1.691424,3.132501,10.134617,177.338590
10,196,1786609343.961899,0,1,31.082927,13.941175,41.445812,13.379212,-4.406172,0.011064,4.406186,1.691206,0.027154,1.691424,3.139082,10.378110,177.039847
10,197,1786609344.001992,0,1,30.906563,13.942602,41.513459,13.380363,-4.409110,0.035657,4.409254,1.691179,0.028758,1.691424,3.133506,10.621787,177.429112
10,198,1786609344.041911,0,1,30.730092,13.945549,41.581105,13.381565,-4.411775,0.073694,4.412390,1.691157,0.030060,1.691424,3.124890,10.865660,177.981697
10,199,1786609344.081907,0,1,30.553485,13.946849,41.648751,13.382809,-4.415182,0.032485,4.415302,1.691138,0.031085,1.691424,3.134235,11.109593,177.511366
10,200,1786609344.121908,0,1,30.376769,13.945875,41.716396,13.384083,-4.417898,-0.024344,4.417965,1.691124,0.031854,1.691424,-3.136082,11.353534,176.848033
10,201,1786609344.161912,0,1,30.199960,13.947494,41.784040,13.385378,-4.420214,0.040479,4.420399,1.691114,0.032388,1.691424,3.132435,11.597710,177.746595
10,202,1786609344.201904,0,1,30.023057,13.946838,41.851678,13.386686,-4.422585,-0.016414,4.422615,1.690943,0.032703,1.691259,-3.137881,11.841877,177.076108
10,203,1786609344.241897,0,1,29.846083,13.948777,41.919297,13.387999,-4.424347,0.048490,4.424612,1.690488,0.032814,1.690807,3.130633,12.086231,177.968548
10,204,1786609344.281906,0,1,29.669027,13.948439,41.986888,13.389308,-4.426395,-0.008456,4.426403,1.689772,0.032736,1.690089,-3.139682,12.330544,177.291565
10,205,1786609344.321920,0,1,29.491937,13.945194,42.054441,13.390608,-4.427244,-0.081138,4.427987,1.688815,0.032484,1.689128,-3.123268,12.574739,176.422319
10,206,1786609344.361883,0,1,29.314767,13.943920,42.121946,13.391891,-4.429272,-0.031852,4.429386,1.687637,0.032073,1.687942,-3.134402,12.819071,177.119886
10,207,1786609344.401916,0,1,29.137593,13.939736,42.189397,13.393151,-4.429350,-0.104590,4.430585,1.686255,0.031516,1.686550,-3.117984,13.063244,176.249296
10,208,1786609344.441925,0,1,28.960342,13.937525,42.256784,13.394384,-4.431266,-0.055284,4.431611,1.684686,0.030823,1.684968,-3.129117,13.307531,176.946073
10,209,1786609344.481889,0,1,28.783118,13.932402,42.324102,13.395585,-4.430597,-0.128057,4.432447,1.682945,0.030006,1.683213,-3.112698,13.551620,176.074204
10,210,1786609344.521869,0,1,28.605821,13.929253,42.391344,13.396748,-4.432422,-0.078737,4.433122,1.681045,0.029076,1.681297,-3.123831,13.795803,176.770200
10,211,1786609344.561976,0,1,28.428580,13.923192,42.458504,13.397869,-4.431028,-0.151525,4.433618,1.679000,0.028040,1.679234,-3.107410,14.039755,175.897125
10,212,1786609344.601986,0,1,28.251269,13.919104,42.525576,13.398946,-4.432785,-0.102196,4.433963,1.676820,0.026909,1.677036,-3.118542,14.283782,176.592360
10,213,1786609344.641966,0,1,28.074041,13.912105,42.592557,13.399973,-4.430685,-0.174981,4.434139,1.674517,0.025690,1.674714,-3.102120,14.527546,175.718159
10,214,1786609344.681987,0,1,27.896746,13.907079,42.659441,13.400949,-4.432394,-0.125647,4.434174,1.672100,0.024390,1.672278,-3.113253,14.771369,176.412662
10,215,1786609344.721916,0,1,27.719561,13.899142,42.726224,13.401869,-4.429609,-0.198411,4.434050,1.669579,0.023016,1.669737,-3.096831,15.014900,175.537415
10,216,1786609344.761900,0,1,27.542310,13.893179,42.792903,13.402732,-4.431286,-0.149078,4.433793,1.666961,0.021575,1.667101,-3.107963,15.258477,176.231219
10,217,1786609344.802007,0,1,27.365196,13.884307,42.859473,13.403535,-4.427834,-0.221804,4.433386,1.664256,0.020071,1.664377,-3.091541,15.501734,175.355009
10,218,1786609344.842007,0,1,27.188016,13.877408,42.925932,13.404276,-4.429498,-0.172477,4.432855,1.661469,0.018511,1.661572,-3.102674,15.745026,176.048150
10,219,1786609344.881932,0,1,27.010781,13.873111,42.992276,13.404952,-4.430878,-0.107434,4.432181,1.658607,0.016900,1.658693,-3.117351,15.988350,176.933111
10,220,1786609344.921987,0,1,26.833648,13.866534,43.058503,13.405561,-4.428332,-0.164424,4.431383,1.655676,0.015241,1.655746,-3.104480,16.231402,176.246161
10,221,1786609344.961978,0,1,26.656684,13.857051,43.124610,13.406103,-4.424112,-0.237060,4.430459,1.652682,0.013540,1.652737,-3.088060,16.474100,175.364255
10,222,1786609345.001904,0,1,26.479666,13.849541,43.190595,13.406575,-4.425444,-0.187747,4.429425,1.649629,0.011801,1.649671,-3.099194,16.716800,176.052292
10,223,1786609345.041909,0,1,26.302841,13.839129,43.256473,13.406981,-4.420607,-0.260305,4.428264,1.646950,0.010154,1.646981,-3.082776,16.959139,175.169904
10,224,1786609345.081918,0,1,26.125941,13.830688,43.322258,13.407325,-4.422510,-0.211038,4.427542,1.644614,0.008595,1.644637,-3.093910,17.201528,175.857671
10,225,1786609345.121912,0,1,25.948948,13.824843,43.387962,13.407610,-4.424815,-0.146113,4.427227,1.642594,0.007115,1.642610,-3.108583,17.444004,176.738148
10,226,1786609345.161906,0,1,25.772042,13.816721,43.453596,13.407838,-4.422663,-0.203052,4.427322,1.640865,0.005710,1.640875,-3.095713,17.686281,176.046580
10,227,1786609345.201973,0,1,25.595016,13.811195,43.519172,13.408013,-4.425655,-0.138152,4.427811,1.639403,0.004374,1.639409,-3.110387,17.928691,176.923443
10,228,1786609345.241987,0,1,25.417883,13.808896,43.584700,13.408137,-4.428317,-0.057483,4.428690,1.638187,0.003101,1.638190,-3.128612,18.171237,177.992556
10,229,1786609345.281995,0,1,25.240728,13.804942,43.650188,13.408212,-4.428868,-0.098848,4.429971,1.637198,0.001887,1.637199,-3.119277,18.413734,177.486879
10,230,1786609345.321984,0,1,25.063508,13.800988,43.715645,13.408241,-4.430503,-0.098835,4.431605,1.636417,0.000728,1.636417,-3.119288,18.656271,177.515796
10,231,1786609345.361989,0,1,24.886166,13.800158,43.781078,13.408226,-4.433553,-0.020763,4.433602,1.635827,-0.000381,1.635827,-3.136910,18.898976,178.543383
10,232,1786609345.401973,0,1,24.708746,13.797564,43.846494,13.408169,-4.435496,-0.064855,4.435970,1.635414,-0.001443,1.635415,-3.126972,19.141709,177.996656
10,233,1786609345.441984,0,1,24.531203,13.796403,43.911901,13.408070,-4.438573,-0.029025,4.438668,1.635163,-0.002461,1.635165,-3.135053,19.384587,178.477445
10,234,1786609345.481991,0,1,24.353566,13.793090,43.977303,13.407933,-4.440936,-0.082825,4.441708,1.635061,-0.003439,1.635064,-3.122945,19.627517,177.807137
10,235,1786609345.522001,0,1,24.175764,13.792521,44.042707,13.407757,-4.445050,-0.014225,4.445072,1.635096,-0.004380,1.635102,-3.138392,19.870669,178.707134
10,236,1786609345.561965,0,1,23.997834,13.789796,44.108117,13.407546,-4.448241,-0.068104,4.448763,1.635257,-0.005286,1.635266,-3.126283,20.113916,178.033915
10,237,1786609345.601912,0,1,23.819724,13.789822,44.173539,13.407300,-4.452760,0.000642,4.452761,1.635535,-0.006159,1.635547,3.141448,20.357409,178.931590
10,238,1786609345.641972,0,1,23.641444,13.788781,44.238975,13.407019,-4.456993,-0.026019,4.457069,1.635920,-0.007003,1.635935,-3.135755,20.601069,178.603709
10,239,1786609345.681977,0,1,23.462988,13.790750,44.304432,13.406707,-4.461401,0.049209,4.461673,1.636403,-0.007819,1.636421,3.130563,20.844982,179.576282
10,240,1786609345.721912,0,1,23.284325,13.790807,44.369911,13.406362,-4.466580,0.001441,4.466580,1.636976,-0.008609,1.636999,3.141270,21.089090,178.973956
10,241,1786609345.761992,0,1,23.105481,13.793884,44.435416,13.405987,-4.471099,0.076912,4.471761,1.637633,-0.009375,1.637659,3.124392,21.333462,179.943663
10,242,1786609345.801967,0,1,22.926395,13.795047,44.500951,13.405583,-4.477135,0.029086,4.477230,1.638366,-0.010118,1.638397,3.135096,21.578070,179.338024
10,243,1786609345.841983,0,1,22.747125,13.799167,44.566517,13.405149,-4.481774,0.102982,4.482957,1.639169,-0.010841,1.639205,3.118619,21.822950,179.718235
10,244,1786609345.881968,0,1,22.567580,13.801353,44.632119,13.404687,-4.488624,0.054669,4.488957,1.640038,-0.011544,1.640078,3.129414,22.068104,179.667869
10,245,1786609345.921989,0,1,22.387803,13.804726,44.697757,13.404198,-4.494408,0.084320,4.495199,1.640966,-0.012228,1.641011,3.122834,22.313549,179.953708
10,246,1786609345.961864,0,1,22.207738,13.805737,44.763435,13.403682,-4.501620,0.025267,4.501691,1.641949,-0.012896,1.641999,3.135980,22.559280,179.300400
10,247,1786609346.001914,0,1,22.027438,13.809355,44.829155,13.403140,-4.507514,0.090467,4.508422,1.642982,-0.013548,1.643038,3.121525,22.805335,179.870831
10,248,1786609346.041912,0,1,21.846834,13.811394,44.894921,13.402572,-4.515099,0.050965,4.515387,1.644152,-0.014218,1.644213,3.130306,23.051712,179.630511
10,249,1786609346.081911,0,1,21.666025,13.816234,44.960739,13.401976,-4.520234,0.120999,4.521853,1.645446,-0.014903,1.645514,3.114831,23.298397,179.485460
10,250,1786609346.121905,0,1,21.484930,13.818882,45.026613,13.401351,-4.527355,0.066198,4.527839,1.646856,-0.015601,1.646930,3.126972,23.545385,179.821627
10,251,1786609346.161898,0,1,21.303597,13.819065,45.092548,13.400699,-4.533341,0.004586,4.533344,1.648372,-0.016313,1.648452,3.140581,23.792630,179.050425
10,252,1786609346.201987,0,1,21.122077,13.821493,45.158547,13.400018,-4.537991,0.060690,4.538397,1.649985,-0.017036,1.650073,3.128220,24.040165,179.761647
10,253,1786609346.241984,0,1,20.940358,13.821148,45.224615,13.399307,-4.542989,-0.008626,4.542997,1.651688,-0.017769,1.651783,-3.139694,24.287921,178.896027
10,254,1786609346.281963,0,1,20.758481,13.823051,45.290754,13.398566,-4.546919,0.047578,4.547168,1.653473,-0.018511,1.653577,3.131129,24.535945,179.608215
10,255,1786609346.321984,0,1,20.576569,13.822175,45.356967,13.397796,-4.547786,-0.021896,4.547838,1.655334,-0.019261,1.655446,-3.136778,24.784031,178.743014
10,256,1786609346.361911,0,1,20.394661,13.823548,45.423258,13.396995,-4.547709,0.034327,4.547838,1.657265,-0.020018,1.657386,3.134045,25.032231,179.456091
10,257,1786609346.401923,0,1,20.212753,13.822142,45.489628,13.396164,-4.547703,-0.035157,4.547838,1.659260,-0.020782,1.659390,-3.133862,25.280464,178.591586
10,258,1786609346.441928,0,1,20.030857,13.819599,45.556081,13.395302,-4.547394,-0.063574,4.547838,1.661315,-0.021551,1.661454,-3.127613,25.528750,178.246717
10,259,1786609346.481914,0,1,19.848944,13.819179,45.622617,13.394409,-4.547826,-0.010492,4.547838,1.663423,-0.022324,1.663573,-3.139286,25.777173,178.923629
10,260,1786609346.521967,0,1,19.667061,13.815855,45.689241,13.393485,-4.547079,-0.083120,4.547838,1.665582,-0.023102,1.665742,-3.123315,26.025607,178.022868
10,261,1786609346.561956,0,1,19.485201,13.811423,45.755952,13.392530,-4.546489,-0.110784,4.547838,1.667787,-0.023882,1.667958,-3.117231,26.274090,177.690638
10,262,1786609346.601988,0,1,19.303304,13.809026,45.822754,13.391543,-4.547443,-0.059942,4.547838,1.670034,-0.024666,1.670216,-3.128412,26.522736,178.342901
10,263,1786609346.641993,0,1,19.121470,13.803634,45.889646,13.390525,-4.545840,-0.134799,4.547838,1.672320,-0.025451,1.672514,-3.111948,26.771364,177.417326
10,264,1786609346.681983,0,1,18.939679,13.796955,45.956632,13.389475,-4.544773,-0.166964,4.547838,1.674642,-0.026238,1.674847,-3.104871,27.020026,177.031940
10,265,1786609346.721979,0,1,18.757828,13.792199,46.023712,13.388394,-4.546284,-0.118896,4.547838,1.676997,-0.027026,1.677215,-3.115446,27.268874,177.653434
10,266,1786609346.761926,0,1,18.576084,13.784339,46.090887,13.387282,-4.543591,-0.196498,4.547838,1.679382,-0.027815,1.679612,-3.098372,27.517668,176.696895
10,267,1786609346.801899,0,1,18.394267,13.778402,46.158159,13.386137,-4.545415,-0.148441,4.547838,1.681795,-0.028604,1.682038,-3.108947,27.766662,177.320087
10,268,1786609346.841879,0,1,18.212589,13.769361,46.225528,13.384962,-4.541950,-0.226010,4.547569,1.684234,-0.029393,1.684491,-3.091873,28.015576,176.365105
10,269,1786609346.881895,0,1,18.031160,13.756558,46.292996,13.383755,-4.535738,-0.320074,4.547018,1.686697,-0.030181,1.686967,-3.071142,28.264295,175.207739
10,270,1786609346.921884,0,1,17.849677,13.745019,46.360563,13.382516,-4.537080,-0.288491,4.546243,1.689181,-0.030968,1.689465,-3.078093,28.513191,175.633280
10,271,1786609346.961880,0,1,17.668124,13.735401,46.428209,13.381246,-4.538805,-0.240439,4.545169,1.691126,-0.031744,1.691424,-3.088668,28.762264,176.262133
10,272,1786609347.001881,0,1,17.486508,13.728366,46.495853,13.379947,-4.540420,-0.175879,4.543825,1.691112,-0.032480,1.691424,-3.102876,29.011438,177.093564
10,273,1786609347.041841,0,1,17.304858,13.724575,46.563497,13.378624,-4.541243,-0.094775,4.542232,1.691101,-0.033075,1.691424,-3.120726,29.260684,178.126996
10,274,1786609347.081909,0,1,17.123322,13.719006,46.631141,13.377282,-4.538391,-0.139226,4.540526,1.691091,-0.033542,1.691424,-3.110925,29.509797,177.579368
10,275,1786609347.121889,0,1,16.941790,13.716678,46.698784,13.375927,-4.538301,-0.058193,4.538674,1.691084,-0.033889,1.691424,-3.128771,29.758945,178.609289
10,276,1786609347.161902,0,1,16.760368,13.712573,46.766427,13.374562,-4.535548,-0.102632,4.536710,1.691080,-0.034128,1.691424,-3.118968,30.007963,178.058311
10,277,1786609347.201961,0,1,16.579102,13.706035,46.834070,13.373191,-4.531659,-0.163444,4.534605,1.691077,-0.034266,1.691424,-3.105541,30.256799,177.304102
10,278,1786609347.241966,0,1,16.398063,13.696411,46.901713,13.371818,-4.525985,-0.240604,4.532376,1.691076,-0.034311,1.691424,-3.088482,30.505378,176.347322
10,279,1786609347.281964,0,1,16.217025,13.688707,46.969356,13.370448,-4.525946,-0.192609,4.530043,1.691077,-0.034271,1.691424,-3.099062,30.753978,176.970214
10,280,1786609347.321897,0,1,16.036243,13.677922,47.037000,13.369082,-4.519547,-0.269617,4.527582,1.691079,-0.034152,1.691424,-3.082008,31.002295,176.015247
11,0,1786609350.256357,0,1,59.480000,13.100032,29.003536,13.399989,-0.499999,0.000796,0.500000,0.088399,-0.000283,0.088400,3.140000,30.477940,0.472649
11,0,1786609350.296470,0,1,59.480000,13.100032,29.010208,13.399966,-0.499999,0.000796,0.500000,0.166799,-0.000578,0.166800,3.140000,30.471268,0.472729
11,1,1786609350.336413,0,1,59.457177,13.100365,29.020016,13.399930,-0.570576,0.008323,0.570636,0.245198,-0.000887,0.245200,3.127006,30.438635,0.271844
11,2,1786609350.376464,0,1,59.431527,13.100627,29.032960,13.399882,-0.641241,0.006563,0.641275,0.323598,-0.001211,0.323600,3.131357,30.400041,0.022414
11,3,1786609350.416394,0,1,59.403052,13.100876,29.049040,13.399820,-0.711886,0.006208,0.711913,0.401997,-0.001549,0.402000,3.132873,30.355484,0.064640
11,4,1786609350.456479,0,1,59.371751,13.101103,29.068255,13.399743,-0.782532,0.005690,0.782552,0.480396,-0.001905,0.480400,3.134322,30.304967,0.148025
11,5,1786609350.496403,0,1,59.337624,13.101312,29.090387,13.399653,-0.853176,0.005217,0.853192,0.553293,-0.002252,0.553297,3.135478,30.248708,0.214767
11,6,1786609350.536361,0,1,59.300671,13.101502,29.115202,13.399550,-0.923819,0.004742,0.923831,0.620369,-0.002589,0.620374,3.136460,30.186940,0.271612
11,7,1786609350.576357,0,1,59.260892,13.101672,29.142486,13.399433,-0.994462,0.004257,0.994471,0.682089,-0.002915,0.682096,3.137312,30.119879,0.321155
11,8,1786609350.616368,0,1,59.218288,13.101822,29.172041,13.399304,-1.065105,0.003750,1.065111,0.738883,-0.003232,0.738890,3.138072,30.047720,0.365540
11,9,1786609350.656352,0,1,59.172858,13.101950,29.203687,13.399162,-1.135747,0.003209,1.135751,0.791145,-0.003540,0.791153,3.138767,29.970645,0.406304
11,10,1786609350.696394,0,1,59.124603,13.102055,29.237256,13.399009,-1.206388,0.002625,1.206391,0.839236,-0.003840,0.839245,3.139417,29.888822,0.444601
11,11,1786609350.736363,0,1,59.073522,13.102135,29.272596,13.398843,-1.277029,0.001986,1.277031,0.883491,-0.004133,0.883501,3.140037,29.802403,0.481312
11,12,1786609350.776368,0,1,59.019615,13.102186,29.309564,13.398667,-1.347670,0.001285,1.347670,0.924217,-0.004420,0.924228,3.140639,29.711530,0.517119
11,13,1786609350.816352,0,1,58.962882,13.102207,29.348032,13.398479,-1.418310,0.000510,1.418310,0.961696,-0.004700,0.961707,3.141233,29.616332,0.552555
11,14,1786609350.856389,0,1,58.903324,13.102193,29.387880,13.398280,-1.488948,-0.000346,1.488948,0.996187,-0.004974,0.996199,-3.141361,29.516930,0.588047
11,15,1786609350.896454,0,1,58.840941,13.102141,29.428997,13.398070,-1.559586,-0.001292,1.559587,1.027930,-0.005243,1.027943,-3.140764,29.413433,0.623934
11,16,1786609350.936409,0,1,58.775732,13.102047,29.471283,13.397850,-1.630223,-0.002338,1.630224,1.057144,-0.005507,1.057159,-3.140159,29.305942,0.660491
11,17,1786609350.976399,0,1,58.707698,13.101908,29.514644,13.397619,-1.700858,-0.003491,1.700862,1.084032,-0.005767,1.084048,-3.139540,29.194551,0.697944
11,18,1786609351.016401,0,1,58.636838,13.101718,29.558995,13.397378,-1.771492,-0.004759,1.771498,1.108781,-0.006022,1.108797,-3.138906,29.079346,0.736476
11,19,1786609351.056407,0,1,58.563153,13.101471,29.604258,13.397127,-1.842124,-0.006151,1.842134,1.131560,-0.006274,1.131577,-3.138254,28.960405,0.776240
11,20,1786609351.096467,0,1,58.486643,13.101165,29.650359,13.396866,-1.912754,-0.007673,1.912769,1.152528,-0.006522,1.152546,-3.137581,28.837800,0.817363
11,21,1786609351.136402,0,1,58.407308,13.100791,29.697232,13.396596,-1.983381,-0.009334,1.983403,1.171829,-0.006766,1.171849,-3.136886,28.711600,0.859951
11,22,1786609351.176491,0,1,58.325148,13.100346,29.744816,13.396315,-2.054006,-0.011141,2.054037,1.189597,-0.007008,1.189618,-3.136169,28.581864,0.904091
11,23,1786609351.216477,0,1,58.240162,13.099822,29.793051,13.396029,-2.124629,-0.013101,2.124669,1.205879,-0.007155,1.205900,-3.135427,28.448654,0.949865
11,24,1786609351.256469,0,1,58.152353,13.099175,29.841883,13.395740,-2.195239,-0.016170,2.195299,1.220793,-0.007217,1.220814,-3.134227,28.312023,1.022215
11,25,1786609351.296469,0,1,58.061719,13.098403,29.891261,13.395452,-2.265845,-0.019294,2.265927,1.234448,-0.007199,1.234469,-3.133078,28.172025,1.092022
11,26,1786609351.336476,0,1,57.968261,13.097495,29.941138,13.395168,-2.336441,-0.022706,2.336552,1.246946,-0.007109,1.246966,-3.131875,28.028704,1.165294
11,27,1786609351.376356,0,1,57.871980,13.096440,29.991474,13.394890,-2.407030,-0.026367,2.407174,1.258379,-0.006951,1.258398,-3.130639,27.882104,1.240908
11,28,1786609351.416467,0,1,57.772876,13.095228,30.042227,13.394621,-2.477608,-0.030298,2.477794,1.268832,-0.006732,1.268849,-3.129365,27.732265,1.319182
11,29,1786609351.456456,0,1,57.670949,13.093848,30.093362,13.394362,-2.548177,-0.034504,2.548410,1.278383,-0.006456,1.278399,-3.128053,27.579224,1.400104
11,30,1786609351.496453,0,1,57.566199,13.092288,30.144846,13.394117,-2.618734,-0.038993,2.619024,1.287105,-0.006129,1.287120,-3.126704,27.423014,1.483712
11,31,1786609351.536486,0,1,57.458628,13.090537,30.196649,13.393887,-2.689278,-0.043772,2.689635,1.295064,-0.005753,1.295077,-3.125317,27.263667,1.570016
11,32,1786609351.576475,0,1,57.348236,13.088583,30.248742,13.393674,-2.759810,-0.048847,2.760242,1.302321,-0.005333,1.302332,-3.123895,27.101211,1.659013
11,33,1786609351.616460,0,1,57.235041,13.086415,30.301099,13.393479,-2.829864,-0.054213,2.830384,1.308933,-0.004873,1.308942,-3.122437,26.935693,1.750691
11,34,1786609351.656472,0,1,57.119106,13.084021,30.353697,13.393304,-2.898380,-0.059851,2.898998,1.314950,-0.004376,1.314957,-3.120946,26.767196,1.845020
11,35,1786609351.696410,0,1,57.000490,13.081391,30.406514,13.393150,-2.965398,-0.065756,2.966127,1.320421,-0.003844,1.320426,-3.119422,26.595804,1.941931
11,36,1786609351.736453,0,1,56.879252,13.078514,30.459529,13.393019,-3.030958,-0.071921,3.031811,1.325388,-0.003282,1.325392,-3.117868,26.421594,2.041323
11,37,1786609351.776458,0,1,56.755448,13.075380,30.512725,13.392911,-3.095098,-0.078338,3.096090,1.329893,-0.002690,1.329896,-3.116288,26.244644,2.143095
11,38,1786609351.816455,0,1,56.629134,13.071980,30.566084,13.392828,-3.157857,-0.084999,3.159001,1.333973,-0.002073,1.333974,-3.114683,26.065024,2.247138
11,39,1786609351.856477,0,1,56.500363,13.068305,30.619590,13.392771,-3.219270,-0.091894,3.220581,1.337661,-0.001431,1.337662,-3.113055,25.882806,2.353343
11,40,1786609351.896456,0,1,56.369188,13.064344,30.673230,13.392740,-3.279373,-0.099013,3.280868,1.340988,-0.000768,1.340989,-3.111409,25.698056,2.461599
11,41,1786609351.936492,0,1,56.235660,13.060090,30.726989,13.392737,-3.338202,-0.106346,3.339896,1.343985,-0.000084,1.343985,-3.109746,25.510839,2.571794
11,42,1786609351.976465,0,1,56.099828,13.055535,30.780856,13.392762,-3.395790,-0.113880,3.397699,1.346676,0.000618,1.346676,-3.108070,25.321217,2.683818
11,43,1786609352.016470,0,1,55.961741,13.050671,30.834820,13.392815,-3.452169,-0.121604,3.454310,1.349087,0.001337,1.349087,-3.106382,25.129251,2.797562
11,44,1786609352.056387,0,1,55.821447,13.045491,30.888869,13.392898,-3.507373,-0.129506,3.509763,1.351239,0.002072,1.351241,-3.104686,24.934997,2.912921
11,45,1786609352.096452,0,1,55.678989,13.039988,30.942996,13.393011,-3.561432,-0.137572,3.564088,1.353154,0.002820,1.353157,-3.102983,24.738513,3.029793
11,46,1786609352.136471,0,1,55.534414,13.034156,30.997190,13.393154,-3.614376,-0.145791,3.617316,1.354851,0.003582,1.354856,-3.101278,24.539851,3.148083
11,47,1786609352.176477,0,1,55.387765,13.027990,31.051444,13.393328,-3.666237,-0.154150,3.669476,1.356347,0.004355,1.356354,-3.099572,24.339063,3.267697
11,48,1786609352.216471,0,1,55.239083,13.021485,31.105760,13.393532,-3.717042,-0.162636,3.720599,1.357918,0.005090,1.357928,-3.097866,24.136190,3.388547
11,49,1786609352.256473,0,1,55.088397,13.015141,31.160143,13.393764,-3.767163,-0.158600,3.770500,1.359559,0.005790,1.359571,-3.099517,23.931249,3.317292
11,50,1786609352.296454,0,1,54.935758,13.008850,31.214593,13.394022,-3.815970,-0.157269,3.819209,1.361263,0.006459,1.361278,-3.100403,23.724292,3.290267
11,51,1786609352.336403,0,1,54.781209,13.002721,31.269114,13.394306,-3.863721,-0.153233,3.866759,1.363026,0.007097,1.363044,-3.101954,23.515355,3.225275
11,52,1786609352.376395,0,1,54.624795,12.996780,31.323708,13.394614,-3.910359,-0.148525,3.913178,1.364843,0.007709,1.364865,-3.103628,23.304483,3.153347
11,53,1786609352.416455,0,1,54.466557,12.991082,31.378376,13.394946,-3.955936,-0.142434,3.958500,1.366710,0.008295,1.366735,-3.105603,23.091713,3.064176
11,54,1786609352.456415,0,1,54.306538,12.985670,31.433121,13.395300,-4.000466,-0.135294,4.002753,1.368622,0.008857,1.368651,-3.107786,22.877085,2.962955
11,55,1786609352.496463,0,1,54.144780,12.980589,31.487944,13.395676,-4.043974,-0.127039,4.045969,1.370577,0.009398,1.370609,-3.110189,22.660637,2.848893
11,56,1786609352.536464,0,1,53.981320,12.975878,31.542847,13.396073,-4.086480,-0.117766,4.088177,1.372570,0.009919,1.372606,-3.112782,22.442407,2.723542
11,57,1786609352.576396,0,1,53.816200,12.971578,31.597831,13.396490,-4.128007,-0.107509,4.129406,1.374598,0.010422,1.374638,-3.115555,22.222432,2.587474
11,58,1786609352.616458,0,1,53.649457,12.967725,31.652897,13.396926,-4.168573,-0.096331,4.169686,1.376660,0.010907,1.376703,-3.118488,22.000747,2.441632
11,59,1786609352.656453,0,1,53.481129,12.964353,31.708047,13.397381,-4.208200,-0.084284,4.209044,1.378752,0.011377,1.378798,-3.121567,21.777387,2.286758
11,60,1786609352.696399,0,1,53.311253,12.961496,31.763282,13.397854,-4.246907,-0.071425,4.247508,1.380871,0.011832,1.380922,-3.124776,21.552388,2.123634
11,61,1786609352.736469,0,1,53.139864,12.959184,31.818603,13.398345,-4.284714,-0.057810,4.285104,1.383016,0.012273,1.383070,-3.128101,21.325784,1.952971
11,62,1786609352.776395,0,1,52.966999,12.957444,31.874010,13.398854,-4.321639,-0.043494,4.321858,1.385184,0.012702,1.385242,-3.131529,21.097607,1.775458
11,63,1786609352.816446,0,1,52.792691,12.956303,31.929505,13.399378,-4.357703,-0.028530,4.357797,1.387374,0.013120,1.387436,-3.135046,20.867890,1.591734
11,64,1786609352.856452,0,1,52.616974,12.955784,31.985089,13.399919,-4.392925,-0.012973,4.392944,1.389583,0.013526,1.389649,-3.138639,20.636665,1.402403
11,65,1786609352.896446,0,1,52.439881,12.955909,32.040706,13.400476,-4.427323,0.003126,4.427324,1.390446,0.013909,1.390516,3.140887,20.404018,1.208019
11,66,1786609352.936469,0,1,52.261444,12.956698,32.096324,13.401047,-4.460916,0.019717,4.460959,1.390443,0.014273,1.390516,3.137173,20.170015,1.009094
11,67,1786609352.976462,0,1,52.081695,12.958168,32.151942,13.401632,-4.493723,0.036753,4.493873,1.390439,0.014628,1.390516,3.133414,19.934687,0.806105
11,68,1786609353.016412,0,1,51.900665,12.960335,32.207559,13.402231,-4.525764,0.054187,4.526088,1.390435,0.014974,1.390516,3.129620,19.698063,0.599483
11,69,1786609353.056465,0,1,51.718382,12.963214,32.263176,13.402843,-4.557056,0.071975,4.557624,1.390432,0.015312,1.390516,3.125800,19.460172,0.389622
11,70,1786609353.096447,0,1,51.534878,12.966817,32.318793,13.403469,-4.587619,0.090077,4.588503,1.390428,0.015642,1.390516,3.121960,19.221045,0.176872
11,71,1786609353.136404,0,1,51.350179,12.971156,32.374410,13.404107,-4.617470,0.108453,4.618744,1.390424,0.015964,1.390516,3.118109,18.980707,0.038451
11,72,1786609353.176402,0,1,51.164314,12.976238,32.430027,13.404759,-4.646629,0.127066,4.648366,1.390421,0.016280,1.390516,3.114254,18.739187,0.256074
11,73,1786609353.216360,0,1,50.977309,12.982073,32.485644,13.405421,-4.675114,0.145881,4.677390,1.390417,0.016562,1.390516,3.110399,18.496510,0.475758
11,74,1786609353.256346,0,1,50.789176,12.987979,32.541261,13.406094,-4.703327,0.147647,4.705644,1.390414,0.016813,1.390516,3.110211,18.252705,0.485455
11,75,1786609353.296350,0,1,50.599956,12.994319,32.596877,13.406775,-4.730490,0.158499,4.733144,1.390412,0.017036,1.390516,3.108099,18.007803,0.606595
11,76,1786609353.336372,0,1,50.409669,13.000771,32.652493,13.407464,-4.757177,0.161298,4.759911,1.390409,0.017233,1.390516,3.107699,17.761833,0.629918
11,77,1786609353.376360,0,1,50.218349,13.007490,32.708110,13.408161,-4.783011,0.167962,4.785960,1.390407,0.017405,1.390516,3.106491,17.514823,0.700378
11,78,1786609353.416372,0,1,50.026017,13.014300,32.763726,13.408863,-4.808297,0.170255,4.811310,1.390405,0.017556,1.390516,3.106199,17.266800,0.718534
11,79,1786609353.456341,0,1,49.832703,13.021273,32.819342,13.409570,-4.832836,0.174341,4.835980,1.390403,0.017686,1.390516,3.105534,17.017792,0.758570
11,80,1786609353.496357,0,1,49.638431,13.028303,32.874958,13.410282,-4.856808,0.175747,4.859987,1.390402,0.017798,1.390516,3.105423,16.767824,0.767048
11,81,1786609353.536322,0,1,49.443227,13.035427,32.930574,13.410998,-4.880099,0.178082,4.883347,1.390401,0.017892,1.390516,3.105117,16.516924,0.786944
11,82,1786609353.576471,0,1,49.247114,13.042571,32.986190,13.411717,-4.902827,0.178599,4.906079,1.390400,0.017971,1.390516,3.105181,16.265114,0.785767
11,83,1786609353.616393,0,1,49.050117,13.049758,33.041806,13.412438,-4.924922,0.179683,4.928199,1.390399,0.018035,1.390516,3.105124,16.012419,0.791624
11,84,1786609353.656401,0,1,48.852258,13.056935,33.097422,13.413162,-4.946469,0.179425,4.949722,1.390398,0.018087,1.390516,3.105335,15.758863,0.782129
11,85,1786609353.696367,0,1,48.653562,13.064119,33.153038,13.413887,-4.967420,0.179598,4.970666,1.390398,0.018126,1.390516,3.105453,15.504469,0.777987
11,86,1786609353.736351,0,1,48.454048,13.071267,33.208654,13.414613,-4.987845,0.178699,4.991045,1.390397,0.018153,1.390516,3.105781,15.249260,0.761699
11,87,1786609353.776392,0,1,48.253740,13.078395,33.264270,13.415340,-5.007705,0.178211,5.010875,1.390397,0.018171,1.390516,3.106020,14.993257,0.750431
11,88,1786609353.816353,0,1,48.052657,13.085467,33.319886,13.416067,-5.027062,0.176792,5.030170,1.390397,0.018178,1.390516,3.106439,14.736480,0.728666
11,89,1786609353.856349,0,1,47.850822,13.092500,33.375501,13.416794,-5.045882,0.175838,5.048945,1.390397,0.018177,1.390516,3.106759,14.478953,0.712427
11,90,1786609353.896385,0,1,47.648253,13.099460,33.431117,13.417520,-5.064226,0.173990,5.067214,1.390397,0.018168,1.390516,3.107249,14.220693,0.686136
11,91,1786609353.936402,0,1,47.444971,13.106369,33.486733,13.418247,-5.082056,0.172731,5.084990,1.390397,0.018152,1.390516,3.107617,13.961721,0.666660
11,92,1786609353.976380,0,1,47.240993,13.113190,33.542349,13.418972,-5.099438,0.170509,5.102287,1.390398,0.018128,1.390516,3.108168,13.702056,0.636329
11,93,1786609354.016404,0,1,47.036340,13.119954,33.597961,13.419696,-5.116324,0.169098,5.119118,1.390301,0.018097,1.390419,3.108554,13.441721,0.615208
11,94,1786609354.056372,0,1,46.831028,13.126614,33.653563,13.420418,-5.132795,0.166501,5.135495,1.390040,0.018058,1.390157,3.109165,13.180740,0.580693
11,95,1786609354.096391,0,1,46.625077,13.133218,33.709148,13.421138,-5.148783,0.165118,5.151430,1.389627,0.018011,1.389744,3.109534,12.919138,0.559785
11,96,1786609354.136387,0,1,46.418501,13.139700,33.764711,13.421857,-5.164394,0.162051,5.166936,1.389075,0.017958,1.389191,3.110224,12.656936,0.519885
11,97,1786609354.176369,0,1,46.211320,13.146139,33.820247,13.422573,-5.179523,0.160973,5.182024,1.388394,0.017898,1.388509,3.110524,12.394157,0.502103
11,98,1786609354.216368,0,1,46.003547,13.152425,33.875763,13.423289,-5.194328,0.157147,5.196704,1.387904,0.017912,1.388019,3.111348,12.130809,0.453431
11,99,1786609354.256622,0,1,45.795249,13.159556,33.931266,13.424009,-5.207455,0.178282,5.210506,1.387589,0.017993,1.387706,3.107370,11.866930,0.683880
11,100,1786609354.296580,0,1,45.586677,13.170207,33.986764,13.424734,-5.214310,0.266264,5.221104,1.387437,0.018135,1.387555,3.090573,11.602705,1.666228
11,101,1786609354.336537,0,1,45.377997,13.185262,34.042261,13.425467,-5.216997,0.376378,5.230556,1.387432,0.018334,1.387553,3.069573,11.338280,2.912509
11,102,1786609354.376538,0,1,45.169114,13.202041,34.097764,13.426211,-5.222059,0.419461,5.238878,1.387565,0.018586,1.387689,3.061440,11.073620,3.432455
11,103,1786609354.416539,0,1,44.960190,13.221641,34.153277,13.426966,-5.223120,0.490009,5.246055,1.387823,0.018886,1.387952,3.048051,10.808863,4.271077
11,104,1786609354.456465,0,1,44.750971,13.240692,34.208805,13.427736,-5.230453,0.476283,5.252094,1.388197,0.019229,1.388330,3.050783,10.543826,4.186524
11,105,1786609354.496425,0,1,44.542054,13.264559,34.264352,13.428520,-5.222927,0.596663,5.256898,1.388678,0.019613,1.388816,3.027847,10.279010,5.603203
11,106,1786609354.536439,0,1,44.332945,13.288054,34.319922,13.429321,-5.227722,0.587377,5.260617,1.389256,0.020035,1.389401,3.029704,10.014020,5.602466
11,107,1786609354.576542,0,1,44.124361,13.316544,34.375519,13.430141,-5.214623,0.712249,5.263041,1.389925,0.020490,1.390076,3.005846,9.749503,7.110121
11,108,1786609354.616523,0,1,43.915717,13.345021,34.431133,13.430980,-5.216098,0.711919,5.264457,1.390358,0.020972,1.390516,3.005946,9.484973,7.252728
11,109,1786609354.656470,0,1,43.707846,13.378704,34.486747,13.431839,-5.196765,0.842075,5.264548,1.390350,0.021474,1.390516,2.980951,9.221252,8.873952
11,110,1786609354.696552,0,1,43.499896,13.411696,34.542361,13.432719,-5.198752,0.824820,5.263777,1.390342,0.022001,1.390516,2.984247,8.957560,8.880788
11,111,1786609354.736490,0,1,43.292922,13.449860,34.597974,13.433621,-5.174357,0.954086,5.261583,1.390333,0.022550,1.390516,2.959253,8.694963,10.554286
11,112,1786609354.776456,0,1,43.085937,13.487319,34.653587,13.434546,-5.174625,0.936484,5.258683,1.390324,0.023120,1.390516,2.962554,8.432515,10.616723
11,113,1786609354.816599,0,1,42.880122,13.529902,34.709200,13.435494,-5.145367,1.064566,5.254341,1.390314,0.023709,1.390516,2.937573,8.171468,12.351421
11,114,1786609354.856590,0,1,42.674357,13.571764,34.764812,13.436467,-5.144112,1.046547,5.249490,1.390303,0.024315,1.390516,2.940886,7.910703,12.479606
11,115,1786609354.896592,0,1,42.469946,13.618691,34.820424,13.437464,-5.110284,1.173193,5.243223,1.390292,0.024935,1.390516,2.915928,7.651669,14.286794
11,116,1786609354.936598,0,1,42.265635,13.664880,34.876035,13.438487,-5.107783,1.154720,5.236681,1.390281,0.025570,1.390516,2.919259,7.393067,14.493562
11,117,1786609354.976565,0,1,42.062844,13.716070,34.931646,13.439536,-5.069776,1.279740,5.228801,1.390269,0.026217,1.390516,2.894333,7.136558,16.387664
11,118,1786609355.016593,0,1,41.860188,13.766503,34.987256,13.440611,-5.066392,1.260818,5.220918,1.390256,0.026874,1.390516,2.897688,6.880654,16.689450
11,119,1786609355.056608,0,1,41.657511,13.815323,35.042866,13.441712,-5.066919,1.220520,5.211846,1.390243,0.027542,1.390516,2.905216,6.625189,16.776177
11,120,1786609355.096603,0,1,41.456290,13.868216,35.098475,13.442841,-5.030527,1.322306,5.201413,1.390230,0.028219,1.390516,2.884551,6.372030,18.555114
11,121,1786609355.136546,0,1,41.255072,13.919487,35.154083,13.443997,-5.030456,1.281793,5.191192,1.390216,0.028903,1.390516,2.892095,6.119490,18.751573
11,122,1786609355.176394,0,1,41.055393,13.974777,35.209691,13.445181,-4.991966,1.382253,5.179802,1.390201,0.029594,1.390516,2.871465,5.869643,20.653802
11,123,1786609355.216525,0,1,40.855720,14.028443,35.265299,13.446396,-4.991824,1.341651,5.168978,1.390184,0.030373,1.390516,2.879028,5.620640,20.987795
11,124,1786609355.256553,0,1,40.655851,14.079663,35.320905,13.447645,-4.996725,1.280494,5.158190,1.390165,0.031233,1.390516,2.890725,5.372253,21.129875
11,125,1786609355.296521,0,1,40.457273,14.134045,35.376511,13.448932,-4.964472,1.359548,5.147266,1.390144,0.032166,1.390516,2.874291,5.126745,22.994976
11,126,1786609355.336545,0,1,40.258425,14.186008,35.432116,13.450258,-4.971187,1.299069,5.138120,1.390120,0.033167,1.390516,2.885989,4.882068,23.312773
11,127,1786609355.376549,0,1,40.059128,14.234736,35.487720,13.451628,-4.982416,1.218198,5.129179,1.390095,0.034230,1.390516,2.901798,4.637999,23.459981
11,128,1786609355.416564,0,1,39.860790,14.285824,35.543322,13.453042,-4.958467,1.277199,5.120316,1.390067,0.035349,1.390516,2.889493,4.397050,25.361748
11,129,1786609355.456548,0,1,39.661929,14.333710,35.598924,13.454502,-4.971530,1.197158,5.113638,1.390036,0.036520,1.390516,2.905289,4.157044,25.749382
11,130,1786609355.496517,0,1,39.462392,14.377579,35.654524,13.456012,-4.988426,1.096718,5.107561,1.390004,0.037738,1.390516,2.925183,3.917798,26.004283
11,131,1786609355.536628,0,1,39.263437,14.423038,35.710123,13.457572,-4.973867,1.136489,5.102054,1.389969,0.038999,1.390516,2.916957,3.682142,28.071469
11,132,1786609355.576544,0,1,39.063727,14.464512,35.765720,13.459184,-4.992743,1.036842,5.099267,1.389932,0.040300,1.390516,2.936833,3.447831,28.684590
11,133,1786609355.616637,0,1,38.863140,14.501174,35.821316,13.460849,-5.014679,0.916556,5.097752,1.389892,0.041635,1.390516,2.960814,3.214805,29.238922
11,134,1786609355.656544,0,1,38.661608,14.532185,35.876910,13.462569,-5.038307,0.775263,5.097604,1.389851,0.043004,1.390516,2.988916,2.983055,29.759719
11,135,1786609355.696520,0,1,38.459855,14.562091,35.932502,13.464346,-5.043821,0.747645,5.098931,1.389807,0.044401,1.390516,2.994434,2.755459,31.909062
11,136,1786609355.736429,0,1,38.257137,14.586042,35.988092,13.466179,-5.067949,0.598786,5.103200,1.389761,0.045826,1.390516,3.023986,2.530347,33.006510
11,137,1786609355.776612,0,1,38.053475,14.603165,36.043681,13.468070,-5.091543,0.428076,5.109507,1.389712,0.047275,1.390516,3.057714,2.308184,34.262867
11,138,1786609355.816620,0,1,37.849097,14.614907,36.099267,13.470019,-5.109465,0.293543,5.117890,1.389661,0.048745,1.390516,3.084205,2.091093,36.484201
11,139,1786609355.856601,0,1,37.644120,14.623099,36.154852,13.472029,-5.124417,0.204804,5.128508,1.389608,0.050235,1.390516,3.101648,1.882255,39.989468
11,140,1786609355.896564,0,1,37.438492,14.625631,36.210434,13.474098,-5.140687,0.063313,5.141076,1.389553,0.051743,1.390516,3.129277,1.683495,43.863672
11,141,1786609355.936546,0,1,37.232299,14.626754,36.266014,13.476229,-5.154845,0.028053,5.154922,1.389495,0.053267,1.390516,3.136151,1.502469,50.286081
11,142,1786609355.976532,0,1,37.025525,14.625374,36.321591,13.478421,-5.169353,-0.034483,5.169468,1.389436,0.054805,1.390516,-3.134922,1.345743,58.078598
11,143,1786609356.016543,0,1,36.818158,14.623274,36.377166,13.480676,-5.184170,-0.052508,5.184436,1.389373,0.056356,1.390516,-3.131464,1.224747,68.315339
11,144,1786609356.056484,0,1,36.610214,14.618971,36.432738,13.482992,-5.198594,-0.107562,5.199707,1.389309,0.057919,1.390516,-3.120905,1.149759,79.935067
11,145,1786609356.096486,0,1,36.401649,14.614575,36.488308,13.485372,-5.214118,-0.109922,5.215276,1.389243,0.059491,1.390516,-3.120514,1.132523,93.180760
11,146,1786609356.136503,0,1,36.192514,14.607846,36.543875,13.487815,-5.228394,-0.168208,5.231099,1.389174,0.061072,1.390516,-3.109432,1.173851,105.574317
11,147,1786609356.176538,0,1,35.982717,14.601671,36.599439,13.490321,-5.244914,-0.154373,5.247185,1.389103,0.062660,1.390516,-3.112168,1.271002,117.341340
11,148,1786609356.216437,0,1,35.772363,14.592826,36.655001,13.492870,-5.258849,-0.221135,5.263496,1.389055,0.063727,1.390516,-3.099567,1.410302,126.336759
11,149,1786609356.256652,0,1,35.561361,14.585008,36.710562,13.495443,-5.275045,-0.195441,5.278664,1.389028,0.064313,1.390516,-3.104559,1.583609,134.404030
11,150,1786609356.296567,0,1,35.349961,14.573610,36.766123,13.498021,-5.285017,-0.284945,5.292693,1.389021,0.064458,1.390516,-3.087729,1.778316,139.696831
11,151,1786609356.336571,0,1,35.137956,14.563926,36.821685,13.500589,-5.300114,-0.242116,5.305641,1.389033,0.064199,1.390516,-3.095943,1.991388,145.110555
11,152,1786609356.376549,0,1,34.925667,14.550716,36.877247,13.503132,-5.307236,-0.330250,5.317501,1.389062,0.063568,1.390516,-3.079446,2.214972,148.212941
11,153,1786609356.416476,0,1,34.712833,14.539421,36.932811,13.505636,-5.320847,-0.282375,5.328334,1.389106,0.062595,1.390516,-3.088573,2.448881,151.992044
11,154,1786609356.456512,0,1,34.499830,14.524482,36.988378,13.508088,-5.325056,-0.373464,5.338136,1.389164,0.061309,1.390516,-3.071574,2.688108,153.771712
11,155,1786609356.496390,0,1,34.286341,14.511585,37.043947,13.510477,-5.337233,-0.322430,5.346964,1.389232,0.059734,1.390516,-3.081255,2.933702,156.590209
11,156,1786609356.536466,0,1,34.072764,14.495365,37.099520,13.512793,-5.339438,-0.405495,5.354813,1.389310,0.057896,1.390516,-3.065795,3.182248,157.672176
11,157,1786609356.576396,0,1,33.858751,14.481371,37.155095,13.515026,-5.350312,-0.349856,5.361739,1.389395,0.055815,1.390516,-3.076296,3.435070,159.919913
11,158,1786609356.616480,0,1,33.644782,14.463550,37.210675,13.517166,-5.349218,-0.445529,5.367740,1.389486,0.053510,1.390516,-3.058496,3.689340,160.375327
11,159,1786609356.656402,0,1,33.430434,14.447961,37.266258,13.519206,-5.358714,-0.389724,5.372868,1.389580,0.051002,1.390516,-3.068993,3.946661,162.229481
11,160,1786609356.696400,0,1,33.216166,14.429229,37.321845,13.521139,-5.356687,-0.468295,5.377118,1.389677,0.048306,1.390516,-3.054392,4.204905,162.531923
11,161,1786609356.736485,0,1,33.001564,14.412918,37.377436,13.522956,-5.365066,-0.407780,5.380540,1.389773,0.045437,1.390516,-3.065732,4.465455,164.157524
11,162,1786609356.776482,0,1,32.787165,14.392958,37.433031,13.524652,-5.359956,-0.499007,5.383135,1.389869,0.042411,1.390516,-3.048761,4.726311,164.094793
11,163,1786609356.816403,0,1,32.572482,14.375424,37.488629,13.526222,-5.367075,-0.438345,5.384946,1.389962,0.039241,1.390516,-3.060101,4.988952,165.530445
11,164,1786609356.856456,0,1,32.358087,14.354245,37.544231,13.527660,-5.359883,-0.529484,5.385972,1.390051,0.035938,1.390516,-3.043126,5.251603,165.302436
11,165,1786609356.896463,0,1,32.143454,14.335497,37.599837,13.528960,-5.365826,-0.468700,5.386257,1.390136,0.032513,1.390516,-3.054465,5.515670,166.599635
11,166,1786609356.936459,0,1,31.929188,14.313110,37.655445,13.530119,-5.356641,-0.559671,5.385799,1.390214,0.028978,1.390516,-3.037489,5.779541,166.249119
11,167,1786609356.976462,0,1,31.714729,14.293158,37.711057,13.531133,-5.361488,-0.498790,5.384639,1.390285,0.025341,1.390516,-3.048828,6.044554,167.442518
11,168,1786609357.016401,0,1,31.500058,14.276570,37.766671,13.531997,-5.366777,-0.414705,5.382776,1.390348,0.021611,1.390516,-3.064473,6.310691,168.805508
11,169,1786609357.056363,0,1,31.285715,14.257274,37.822287,13.532709,-5.358574,-0.482409,5.380245,1.390402,0.017796,1.390516,-3.051809,6.576607,168.530489
11,170,1786609357.096400,0,1,31.071857,14.234356,37.877905,13.533265,-5.346443,-0.572933,5.377053,1.390446,0.013904,1.390516,-3.034838,6.842062,168.002140
11,171,1786609357.136485,0,1,30.857905,14.213880,37.933524,13.533663,-5.348794,-0.511905,5.373234,1.390480,0.009942,1.390516,-3.046179,7.108240,169.041901
11,172,1786609357.176493,0,1,30.644509,14.189797,37.989144,13.533900,-5.334918,-0.602065,5.368783,1.390503,0.005915,1.390516,-3.029214,7.373864,168.458058
11,173,1786609357.216478,0,1,30.431053,14.168157,38.044765,13.533996,-5.336382,-0.541014,5.363737,1.390514,0.002408,1.390516,-3.040556,7.640076,169.449717
11,174,1786609357.256477,0,1,30.217470,14.149871,38.100385,13.533971,-5.339576,-0.457142,5.359109,1.390516,-0.000622,1.390516,-3.056187,7.906939,170.639120
11,175,1786609357.296391,0,1,30.004303,14.128899,38.156006,13.533843,-5.329180,-0.524298,5.354909,1.390512,-0.003211,1.390516,-3.043526,8.173393,170.206116
11,176,1786609357.336401,0,1,29.790986,14.111273,38.211626,13.533627,-5.332938,-0.440654,5.351112,1.390506,-0.005395,1.390516,-3.059151,8.440430,171.352176
11,177,1786609357.376420,0,1,29.578043,14.090961,38.267246,13.533338,-5.323556,-0.507812,5.347721,1.390497,-0.007207,1.390516,-3.046491,8.707076,170.879195
11,178,1786609357.416467,0,1,29.364930,14.073986,38.322865,13.532991,-5.327841,-0.424357,5.344714,1.390489,-0.008675,1.390516,-3.062111,8.974257,171.990008
11,179,1786609357.456471,0,1,29.151625,14.061264,38.378485,13.532598,-5.332616,-0.318068,5.342093,1.390481,-0.009828,1.390516,-3.082018,9.241992,173.307343
11,180,1786609357.496466,0,1,28.938523,14.046757,38.434104,13.532171,-5.327545,-0.362668,5.339875,1.390475,-0.010692,1.390516,-3.073623,9.509513,173.003703
11,181,1786609357.536480,0,1,28.725697,14.029560,38.489722,13.531719,-5.320663,-0.429927,5.338004,1.390470,-0.011288,1.390516,-3.060964,9.776709,172.461519
11,182,1786609357.576473,0,1,28.512688,14.015692,38.545341,13.531254,-5.325212,-0.346703,5.336486,1.390467,-0.011640,1.390516,-3.076579,10.044342,173.510519
11,183,1786609357.616472,0,1,28.299919,13.999132,38.600960,13.530783,-5.319234,-0.413992,5.335320,1.390466,-0.011767,1.390516,-3.063920,10.311682,172.946453
11,184,1786609357.656468,0,1,28.086950,13.985898,38.656578,13.530315,-5.324221,-0.330849,5.334491,1.390467,-0.011686,1.390516,-3.079532,10.579442,173.976104
11,185,1786609357.696467,0,1,27.873780,13.976903,38.712197,13.529859,-5.329258,-0.224866,5.334000,1.390469,-0.011416,1.390516,-3.099423,10.847633,175.221964
11,186,1786609357.736485,0,1,27.660698,13.966119,38.767816,13.529420,-5.327046,-0.269614,5.333865,1.390473,-0.010972,1.390516,-3.091024,11.115700,174.851066
11,187,1786609357.776481,0,1,27.447763,13.952638,38.823435,13.529005,-5.323372,-0.337032,5.334030,1.390477,-0.010367,1.390516,-3.078365,11.383557,174.244620
11,188,1786609357.816394,0,1,27.234625,13.942481,38.879054,13.528621,-5.328456,-0.253911,5.334502,1.390483,-0.009616,1.390516,-3.093977,11.651782,175.236285
11,189,1786609357.856468,0,1,27.021354,13.934739,38.934674,13.528271,-5.331771,-0.193555,5.335283,1.390489,-0.008731,1.390516,-3.105306,11.920252,175.966846
11,190,1786609357.896369,0,1,26.808134,13.924727,38.990294,13.527962,-5.330504,-0.250309,5.336377,1.390495,-0.007722,1.390516,-3.094669,12.188619,175.446070
11,191,1786609357.936412,0,1,26.594715,13.918476,39.045914,13.527698,-5.335463,-0.156277,5.337752,1.390500,-0.006601,1.390516,-3.112311,12.457329,176.524650
11,192,1786609357.976487,0,1,26.381308,13.909952,39.101534,13.527483,-5.335173,-0.213084,5.339427,1.390506,-0.005376,1.390516,-3.101674,12.725974,175.990615
11,193,1786609358.016483,0,1,26.167707,13.905194,39.157154,13.527321,-5.340044,-0.118962,5.341368,1.390510,-0.004057,1.390516,-3.119319,12.994943,177.057507
11,194,1786609358.056493,0,1,25.954078,13.898161,39.212775,13.527215,-5.340705,-0.175821,5.343599,1.390513,-0.002652,1.390516,-3.108684,13.263885,176.511871
11,195,1786609358.096482,0,1,25.740265,13.894571,39.268396,13.527168,-5.345329,-0.089739,5.346082,1.390515,-0.001168,1.390516,-3.124806,13.533118,177.482510
11,196,1786609358.136460,0,1,25.526395,13.888620,39.324016,13.527184,-5.346770,-0.148792,5.348840,1.390516,0.000388,1.390516,-3.113772,13.802355,176.905417
11,197,1786609358.176466,0,1,25.312350,13.885118,39.379637,13.527264,-5.351123,-0.087554,5.351839,1.390515,0.002009,1.390516,-3.125232,14.071838,177.605407
11,198,1786609358.216415,0,1,25.098235,13.878925,39.435257,13.527404,-5.352857,-0.154817,5.355096,1.390512,0.003501,1.390516,-3.112678,14.341331,176.938819
11,199,1786609358.256485,0,1,24.883920,13.876100,39.490878,13.527599,-5.357894,-0.070630,5.358360,1.390507,0.004875,1.390516,-3.128411,14.611115,177.878009
11,200,1786609358.296487,0,1,24.669525,13.870581,39.546498,13.527845,-5.359868,-0.137974,5.361644,1.390502,0.006139,1.390516,-3.115856,14.880920,177.205672
11,201,1786609358.336454,0,1,24.454951,13.867387,39.602118,13.528137,-5.364338,-0.079836,5.364932,1.390497,0.007304,1.390516,-3.126711,15.150965,177.864305
11,202,1786609358.376497,0,1,24.240310,13.861221,39.657737,13.528472,-5.366024,-0.154168,5.368238,1.390491,0.008377,1.390516,-3.112870,15.421017,177.117923
11,203,1786609358.416478,0,1,24.025470,13.858155,39.713357,13.528847,-5.371007,-0.076642,5.371554,1.390484,0.009366,1.390516,-3.127324,15.691342,177.979931
11,204,1786609358.456440,0,1,23.810560,13.852112,39.768976,13.529258,-5.372760,-0.151077,5.374884,1.390478,0.010278,1.390516,-3.113481,15.961682,177.230327
11,205,1786609358.496474,0,1,23.595451,13.849174,39.824595,13.529702,-5.377721,-0.073437,5.378222,1.390472,0.011119,1.390516,-3.127938,16.232288,178.089905
11,206,1786609358.536447,0,1,23.380269,13.843255,39.880213,13.530178,-5.379539,-0.147976,5.381574,1.390465,0.011894,1.390516,-3.114092,16.502914,177.337329
11,207,1786609358.576486,0,1,23.164890,13.840446,39.935832,13.530683,-5.384476,-0.070220,5.384934,1.390459,0.012609,1.390516,-3.128552,16.773802,178.194694
11,208,1786609358.616482,0,1,22.949436,13.834652,39.991450,13.531213,-5.386359,-0.144863,5.388307,1.390453,0.013269,1.390516,-3.114705,17.044715,177.439370
11,209,1786609358.656464,0,1,22.733808,13.830508,40.047067,13.531769,-5.390691,-0.103591,5.391687,1.390447,0.013879,1.390516,-3.122378,17.315837,177.910566
11,210,1786609358.696465,0,1,22.518136,13.822987,40.102685,13.532346,-5.391800,-0.188036,5.395078,1.390441,0.014442,1.390516,-3.106732,17.586951,177.055742
11,211,1786609358.736461,0,1,22.302250,13.818195,40.158303,13.532945,-5.397156,-0.119784,5.398485,1.390435,0.014962,1.390516,-3.119402,17.858331,177.813370
11,212,1786609358.776477,0,1,22.086329,13.810021,40.213920,13.533562,-5.398029,-0.204364,5.401896,1.390430,0.015442,1.390516,-3.103752,18.129699,176.958142
11,213,1786609358.816475,0,1,21.870184,13.804579,40.269537,13.534198,-5.403610,-0.136037,5.405322,1.390425,0.015886,1.390516,-3.116423,18.401339,177.715957
11,214,1786609358.856471,0,1,21.653960,13.797212,40.325147,13.534850,-5.405612,-0.184185,5.408749,1.390253,0.016295,1.390348,-3.107533,18.673030,177.243467
11,215,1786609358.896463,0,1,21.437514,13.792970,40.380743,13.535516,-5.411149,-0.106048,5.412188,1.389898,0.016670,1.389998,-3.121997,18.944978,178.098613
11,216,1786609358.936466,0,1,21.221010,13.785723,40.436318,13.536197,-5.412605,-0.181176,5.415637,1.389376,0.017015,1.389480,-3.108132,19.216928,177.338868
11,217,1786609358.976465,0,1,21.004285,13.781606,40.491866,13.536890,-5.418115,-0.102919,5.419093,1.388699,0.017332,1.388807,-3.122600,19.489117,178.192324
11,218,1786609359.016371,0,1,20.787500,13.774480,40.547381,13.537595,-5.419630,-0.178155,5.422557,1.387880,0.017623,1.387992,-3.108732,19.761301,177.430401
11,219,1786609359.056353,0,1,20.570495,13.770489,40.602858,13.538311,-5.425111,-0.099778,5.426029,1.386930,0.017889,1.387045,-3.123203,20.033708,178.282306
11,220,1786609359.096345,0,1,20.353428,13.763484,40.658293,13.539036,-5.426684,-0.175123,5.429509,1.385860,0.018134,1.385978,-3.109333,20.306105,177.518351
11,221,1786609359.136365,0,1,20.136143,13.759619,40.713680,13.539770,-5.432136,-0.096625,5.432995,1.384679,0.018357,1.384801,-3.123807,20.578712,178.368831
11,222,1786609359.176370,0,1,19.918792,13.752736,40.769016,13.540513,-5.433766,-0.172079,5.436490,1.383397,0.018562,1.383521,-3.109935,20.851304,177.602975
11,223,1786609359.216366,0,1,19.701225,13.748998,40.824314,13.541244,-5.439186,-0.093460,5.439989,1.382470,0.018289,1.382591,-3.124412,21.124111,178.452097
11,224,1786609359.256351,0,1,19.483593,13.742237,40.879589,13.541947,-5.440777,-0.169020,5.443402,1.381870,0.017575,1.381981,-3.110537,21.396933,177.684318
11,225,1786609359.296344,0,1,19.265754,13.738626,40.934852,13.542606,-5.445977,-0.090278,5.446725,1.381570,0.016458,1.381668,-3.125017,21.669984,178.532012
11,226,1786609359.336370,0,1,19.047857,13.731988,40.990114,13.543204,-5.447440,-0.165938,5.449967,1.381548,0.014968,1.381629,-3.111140,21.943069,177.762272
11,227,1786609359.376368,0,1,18.829760,13.728505,41.045385,13.543730,-5.452428,-0.087078,5.453123,1.381780,0.013137,1.381843,-3.125623,22.216394,178.608494
11,228,1786609359.416364,0,1,18.611609,13.721992,41.100675,13.544170,-5.453772,-0.162834,5.456202,1.382247,0.010991,1.382290,-3.111744,22.489769,177.836790
11,229,1786609359.456359,0,1,18.393267,13.718637,41.155992,13.544512,-5.458555,-0.083863,5.459199,1.382929,0.008557,1.382955,-3.126230,22.763392,178.681521
11,230,1786609359.496344,0,1,18.174875,13.712249,41.211344,13.544746,-5.459788,-0.159709,5.462123,1.383809,0.005858,1.383822,-3.112349,23.037078,177.907869
11,231,1786609359.536345,0,1,17.956522,13.701869,41.266739,13.544863,-5.458819,-0.259496,5.464984,1.384872,0.002916,1.384875,-3.094091,23.310746,176.892464
11,232,1786609359.576357,0,1,17.737963,13.693696,41.322183,13.544853,-5.463975,-0.204334,5.467794,1.386103,-0.000249,1.386103,-3.104214,23.584690,177.496741
11,233,1786609359.616369,0,1,17.519481,13.681526,41.377683,13.544708,-5.462063,-0.304242,5.470529,1.387488,-0.003619,1.387492,-3.085949,23.858595,176.483302
11,234,1786609359.656362,0,1,17.300779,13.671563,41.433244,13.544421,-5.467546,-0.249072,5.473216,1.389015,-0.007175,1.389033,-3.096070,24.132800,177.089861
11,235,1786609359.696412,0,1,17.082194,13.658709,41.488863,13.543985,-5.464620,-0.321355,5.474061,1.390473,-0.010902,1.390516,-3.082854,24.406938,176.365194
11,236,1786609359.736346,0,1,16.863476,13.648362,41.544480,13.543394,-5.467946,-0.258671,5.474061,1.390438,-0.014767,1.390516,-3.094321,24.681227,177.047862
11,237,1786609359.776403,0,1,16.644876,13.635777,41.600096,13.542644,-5.465011,-0.314627,5.474061,1.390389,-0.018769,1.390516,-3.084085,24.955394,176.491223
11,238,1786609359.816482,0,1,16.426128,13.626090,41.655709,13.541728,-5.468701,-0.242183,5.474061,1.390328,-0.022893,1.390516,-3.097336,25.229722,177.272710
11,239,1786609359.856483,0,1,16.207551,13.613094,41.711319,13.540643,-5.464411,-0.324891,5.474061,1.390251,-0.027126,1.390516,-3.082207,25.503870,176.434670
11,240,1786609359.896479,0,1,15.988822,13.602996,41.766925,13.539385,-5.468236,-0.252454,5.474061,1.390160,-0.031457,1.390516,-3.095458,25.778182,177.215292
11,241,1786609359.936473,0,1,15.770270,13.589590,41.822527,13.537949,-5.463791,-0.335154,5.474061,1.390053,-0.035876,1.390516,-3.080328,26.052308,176.376250
11,242,1786609359.976418,0,1,15.551560,13.579081,41.878124,13.536335,-5.467752,-0.262725,5.474061,1.389930,-0.040371,1.390516,-3.093580,26.326599,177.156033
12,0,1786609363.354109,0,1,59.480000,13.100032,29.003536,13.399992,-0.499999,0.000796,0.500000,0.088400,-0.000196,0.088400,3.140000,30.477940,0.472655
12,0,1786609363.394173,0,1,59.480000,13.100032,29.010208,13.399978,-0.499999,0.000796,0.500000,0.166800,-0.000357,0.166800,3.140000,30.471268,0.472752
12,1,1786609363.434108,0,1,59.457175,13.100188,29.020016,13.399959,-0.570626,0.003901,0.570639,0.245199,-0.000483,0.245200,3.134756,30.438635,0.172586
12,2,1786609363.474060,0,1,59.431524,13.100218,29.032904,13.399936,-0.641279,0.000764,0.641279,0.322189,-0.000567,0.322190,3.140402,30.400098,0.496664
12,3,1786609363.514078,0,1,59.403047,13.100187,29.048623,13.399912,-0.711919,-0.000787,0.711919,0.392984,-0.000605,0.392984,-3.140487,30.355904,0.629055
12,4,1786609363.554164,0,1,59.371798,13.100074,29.066946,13.399888,-0.781217,-0.002825,0.781222,0.458080,-0.000602,0.458080,-3.137977,30.306335,0.774004
12,5,1786609363.594147,0,1,59.337839,13.099880,29.087663,13.399865,-0.848987,-0.004844,0.849001,0.517932,-0.000560,0.517932,-3.135887,30.251663,0.895080
12,6,1786609363.634098,0,1,59.301228,13.099600,29.110582,13.399846,-0.915270,-0.007010,0.915297,0.572961,-0.000483,0.572961,-3.133934,30.192139,1.008623
12,7,1786609363.674045,0,1,59.262024,13.099228,29.135524,13.399831,-0.980107,-0.009306,0.980151,0.623551,-0.000373,0.623551,-3.132099,30.128000,1.115653
12,8,1786609363.714080,0,1,59.220282,13.098757,29.162326,13.399822,-1.043535,-0.011758,1.043601,0.670059,-0.000233,0.670059,-3.130326,30.059464,1.219387
12,9,1786609363.754037,0,1,59.176059,13.098182,29.190839,13.399819,-1.105593,-0.014378,1.105687,0.712811,-0.000065,0.712811,-3.128588,29.986737,1.321451
12,10,1786609363.794032,0,1,59.129406,13.097495,29.220923,13.399824,-1.166317,-0.017182,1.166444,0.752107,0.000127,0.752107,-3.126862,29.910011,1.423184
12,11,1786609363.834096,0,1,59.080376,13.096688,29.252452,13.399838,-1.225743,-0.020180,1.225909,0.788223,0.000343,0.788223,-3.125130,29.829465,1.525509
12,12,1786609363.874027,0,1,59.029020,13.095752,29.285308,13.399861,-1.283905,-0.023382,1.284118,0.821415,0.000580,0.821415,-3.123383,29.745266,1.629111
12,13,1786609363.914038,0,1,58.975387,13.094681,29.319385,13.399895,-1.340837,-0.026795,1.341105,0.851915,0.000837,0.851916,-3.121612,29.657572,1.734486
12,14,1786609363.954075,0,1,58.919524,13.093464,29.354583,13.399939,-1.396572,-0.030426,1.396904,0.879940,0.001111,0.879941,-3.119810,29.566530,1.841986
12,15,1786609363.994073,0,1,58.861478,13.092092,29.390810,13.399995,-1.451141,-0.034281,1.451546,0.905688,0.001402,0.905689,-3.117974,29.472276,1.951859
12,16,1786609364.034032,0,1,58.801295,13.090558,29.427984,13.400063,-1.504575,-0.038363,1.505064,0.929340,0.001709,0.929341,-3.116101,29.374942,2.064271
12,17,1786609364.074030,0,1,58.739019,13.088851,29.466026,13.400145,-1.556904,-0.042674,1.557489,0.951064,0.002028,0.951066,-3.114190,29.274648,2.179323
12,18,1786609364.114028,0,1,58.674693,13.086962,29.504867,13.400239,-1.608157,-0.047216,1.608850,0.971015,0.002361,0.971018,-3.112241,29.171508,2.297062
12,19,1786609364.154092,0,1,58.608358,13.084883,29.544440,13.400347,-1.658364,-0.051989,1.659178,0.989334,0.002705,0.989338,-3.110253,29.065630,2.417499
12,20,1786609364.194052,0,1,58.540056,13.082603,29.584686,13.400470,-1.707550,-0.056993,1.708501,1.006152,0.003060,1.006156,-3.108228,28.957114,2.540610
12,21,1786609364.234057,0,1,58.469826,13.080114,29.625550,13.400607,-1.755743,-0.062225,1.756845,1.021589,0.003425,1.021594,-3.106167,28.846057,2.666344
12,22,1786609364.274064,0,1,58.397708,13.077407,29.666980,13.400759,-1.802970,-0.067682,1.804240,1.035755,0.003798,1.035762,-3.104071,28.732547,2.794633
12,23,1786609364.314085,0,1,58.323737,13.074472,29.708934,13.400923,-1.849255,-0.073361,1.850709,1.048856,0.004101,1.048864,-3.101943,28.616665,2.925382
12,24,1786609364.354036,0,1,58.247969,13.071557,29.751373,13.401096,-1.894199,-0.072877,1.895600,1.060978,0.004339,1.060987,-3.103138,28.498501,2.865843
12,25,1786609364.394019,0,1,58.170469,13.068579,29.794261,13.401277,-1.937521,-0.074447,1.938951,1.072199,0.004518,1.072208,-3.103188,28.378157,2.872168
12,26,1786609364.434047,0,1,58.091293,13.065586,29.837565,13.401463,-1.979388,-0.074835,1.980802,1.082590,0.004642,1.082600,-3.103803,28.255724,2.846259
12,27,1786609364.474032,0,1,58.010501,13.062573,29.881254,13.401651,-2.019790,-0.075318,2.021194,1.092219,0.004715,1.092229,-3.104320,28.131291,2.826201
12,28,1786609364.514031,0,1,57.928150,13.059560,29.925300,13.401841,-2.058786,-0.075335,2.060164,1.101146,0.004741,1.101156,-3.105017,28.004942,2.795914
12,29,1786609364.554047,0,1,57.844294,13.056556,29.969677,13.402030,-2.096406,-0.075106,2.097751,1.109427,0.004725,1.109438,-3.105782,27.876758,2.761873
12,30,1786609364.594047,0,1,57.758986,13.053575,30.014361,13.402217,-2.132689,-0.074512,2.133990,1.117115,0.004669,1.117125,-3.106669,27.746815,2.720947
12,31,1786609364.634083,0,1,57.672279,13.050631,30.059332,13.402400,-2.167669,-0.073596,2.168918,1.124256,0.004577,1.124265,-3.107654,27.615188,2.674397
12,32,1786609364.674042,0,1,57.584224,13.047738,30.104567,13.402578,-2.201383,-0.072324,2.202570,1.130894,0.004452,1.130903,-3.108751,27.481948,2.621518
12,33,1786609364.714045,0,1,57.494870,13.044910,30.150050,13.402750,-2.233862,-0.070705,2.234980,1.137069,0.004296,1.137077,-3.109952,27.347161,2.562626
12,34,1786609364.754048,0,1,57.404264,13.042161,30.195763,13.402914,-2.265140,-0.068730,2.266182,1.142819,0.004112,1.142827,-3.111260,27.210893,2.497587
12,35,1786609364.794034,0,1,57.312454,13.039505,30.241690,13.403070,-2.295248,-0.066402,2.296208,1.148178,0.003902,1.148185,-3.112671,27.073205,2.426555
12,36,1786609364.834023,0,1,57.219485,13.036956,30.287817,13.403217,-2.324217,-0.063720,2.325090,1.153176,0.003669,1.153182,-3.114184,26.934159,2.349575
12,37,1786609364.874070,0,1,57.125402,13.034528,30.334131,13.403353,-2.352076,-0.060691,2.352859,1.157843,0.003413,1.157849,-3.115795,26.793810,2.266794
12,38,1786609364.914108,0,1,57.030248,13.032236,30.380619,13.403479,-2.378854,-0.057316,2.379545,1.162206,0.003137,1.162210,-3.117503,26.652215,2.178335
12,39,1786609364.954210,0,1,56.934065,13.030091,30.427270,13.403593,-2.404580,-0.053605,2.405178,1.166287,0.002843,1.166291,-3.119303,26.509426,2.084365
12,40,1786609364.994202,0,1,56.836894,13.028109,30.474075,13.403694,-2.429280,-0.049564,2.429786,1.170111,0.002531,1.170114,-3.121193,26.365494,1.985049
12,41,1786609365.034196,0,1,56.738775,13.026301,30.521023,13.403782,-2.452981,-0.045202,2.453398,1.173698,0.002205,1.173700,-3.123167,26.220469,1.880573
12,42,1786609365.074199,0,1,56.639746,13.024680,30.568105,13.403857,-2.475709,-0.040529,2.476041,1.177066,0.001864,1.177067,-3.125223,26.074398,1.771123
12,43,1786609365.114191,0,1,56.539847,13.023257,30.615315,13.403917,-2.497488,-0.035557,2.497741,1.180233,0.001509,1.180234,-3.127357,25.927327,1.656901
12,44,1786609365.154193,0,1,56.439113,13.022046,30.662643,13.403963,-2.518342,-0.030296,2.518524,1.183215,0.001143,1.183215,-3.129563,25.779299,1.538102
12,45,1786609365.194191,0,1,56.337581,13.021055,30.710084,13.403993,-2.538296,-0.024759,2.538416,1.186027,0.000766,1.186027,-3.131839,25.630358,1.414931
12,46,1786609365.234195,0,1,56.235286,13.020297,30.757632,13.404009,-2.557371,-0.018958,2.557441,1.188683,0.000379,1.188683,-3.134180,25.480544,1.287587
12,47,1786609365.274207,0,1,56.132263,13.019781,30.805280,13.404008,-2.575591,-0.012907,2.575623,1.191194,-0.000018,1.191194,-3.136581,25.329898,1.156271
12,48,1786609365.314226,0,1,56.028544,13.019516,30.853020,13.403990,-2.592977,-0.006618,2.592986,1.193520,-0.000447,1.193520,-3.139040,25.178459,1.021175
12,49,1786609365.354225,0,1,55.924131,13.019660,30.900847,13.403954,-2.610306,0.003594,2.610309,1.195674,-0.000907,1.195675,3.140216,25.026235,0.800951
12,50,1786609365.394204,0,1,55.819028,13.020065,30.948754,13.403898,-2.627577,0.010135,2.627596,1.197671,-0.001395,1.197672,3.137736,24.873236,0.663207
12,51,1786609365.434114,0,1,55.713238,13.020900,30.996735,13.403822,-2.644767,0.020863,2.644849,1.199523,-0.001908,1.199524,3.133704,24.719469,0.435616
12,52,1786609365.474041,0,1,55.606761,13.022002,31.044785,13.403724,-2.661928,0.027559,2.662071,1.201241,-0.002445,1.201243,3.131240,24.564942,0.297207
12,53,1786609365.514226,0,1,55.499601,13.023553,31.092898,13.403604,-2.678982,0.038775,2.679263,1.202836,-0.003003,1.202840,3.127120,24.409662,0.062893
12,54,1786609365.554229,0,1,55.391760,13.025374,31.141071,13.403460,-2.696043,0.045535,2.696428,1.204319,-0.003581,1.204324,3.124705,24.253636,0.074388
12,55,1786609365.594199,0,1,55.283241,13.027663,31.189299,13.403293,-2.712963,0.057220,2.713566,1.205698,-0.004177,1.205705,3.120504,24.096870,0.315085
12,56,1786609365.634114,0,1,55.174044,13.030221,31.237578,13.403102,-2.729934,0.063956,2.730683,1.206981,-0.004790,1.206990,3.118169,23.939370,0.449583
12,57,1786609365.674169,0,1,55.064175,13.033266,31.285905,13.402885,-2.746722,0.076107,2.747776,1.208176,-0.005417,1.208188,3.113891,23.781142,0.696612
12,58,1786609365.714084,0,1,54.953630,13.036575,31.334277,13.402643,-2.763613,0.082732,2.764851,1.209291,-0.006059,1.209306,3.111666,23.622190,0.826761
12,59,1786609365.754048,0,1,54.842419,13.040389,31.382668,13.402374,-2.780272,0.095358,2.781906,1.209783,-0.006710,1.209802,3.107308,23.462544,1.080351
12,60,1786609365.794047,0,1,54.730536,13.044460,31.431059,13.402079,-2.797095,0.101782,2.798946,1.209780,-0.007369,1.209802,3.105220,23.302221,1.204627
12,61,1786609365.834033,0,1,54.617991,13.049057,31.479450,13.401758,-2.813625,0.114904,2.815970,1.209775,-0.008039,1.209802,3.100777,23.141228,1.465283
12,62,1786609365.874048,0,1,54.504775,13.053898,31.527841,13.401409,-2.830395,0.121036,2.832981,1.209771,-0.008719,1.209802,3.098856,22.979562,1.582155
12,63,1786609365.914094,0,1,54.390903,13.059286,31.576232,13.401033,-2.846795,0.134692,2.849979,1.209765,-0.009407,1.209802,3.094314,22.817231,1.850660
12,64,1786609365.954101,0,1,54.276362,13.064903,31.624622,13.400629,-2.863526,0.140434,2.866967,1.209760,-0.010102,1.209802,3.092589,22.654228,1.958545
12,65,1786609365.994045,0,1,54.161170,13.071090,31.673012,13.400197,-2.879794,0.154674,2.883945,1.209754,-0.010805,1.209802,3.087934,22.490566,2.235968
12,66,1786609366.034057,0,1,54.045310,13.077487,31.721402,13.399736,-2.896503,0.159922,2.900915,1.209747,-0.011514,1.209802,3.086437,22.326234,2.333187
12,67,1786609366.074053,0,1,53.928805,13.084480,31.769792,13.399247,-2.912634,0.174814,2.917876,1.209740,-0.012228,1.209802,3.081645,22.161249,2.620899
12,68,1786609366.114047,0,1,53.811631,13.091658,31.818181,13.398729,-2.929341,0.179450,2.934832,1.209733,-0.012948,1.209802,3.080410,21.995594,2.705624
12,69,1786609366.154098,0,1,53.693818,13.099461,31.866570,13.398182,-2.945328,0.195082,2.951782,1.209725,-0.013672,1.209802,3.075455,21.829292,3.005326
12,70,1786609366.194041,0,1,53.575336,13.107420,31.914959,13.397606,-2.962053,0.198977,2.968728,1.209716,-0.014400,1.209802,3.074518,21.662321,3.075531
12,71,1786609366.234034,0,1,53.456220,13.116038,31.963347,13.397001,-2.977886,0.215455,2.985670,1.209707,-0.015132,1.209802,3.069367,21.494710,3.389277
12,72,1786609366.274075,0,1,53.336434,13.124777,32.011735,13.396366,-2.994653,0.218461,3.002610,1.209698,-0.015867,1.209802,3.068771,21.326429,3.442683
12,73,1786609366.314066,0,1,53.216022,13.134213,32.060122,13.395706,-3.010317,0.235916,3.019547,1.209690,-0.016499,1.209802,3.063383,21.157515,3.772914
12,74,1786609366.354051,0,1,53.094918,13.142994,32.108510,13.395025,-3.027582,0.219520,3.035530,1.209682,-0.017038,1.209802,3.069212,20.987922,3.459033
12,75,1786609366.394050,0,1,52.973274,13.152596,32.156897,13.394325,-3.041112,0.240055,3.050572,1.209676,-0.017489,1.209802,3.062819,20.817781,3.848068
12,76,1786609366.434076,0,1,52.850983,13.161130,32.205284,13.393611,-3.057273,0.213350,3.064709,1.209670,-0.017861,1.209802,3.071921,20.647008,3.346727
12,77,1786609366.474036,0,1,52.728261,13.171004,32.253670,13.392884,-3.068039,0.246847,3.077953,1.209666,-0.018160,1.209802,3.061308,20.475793,3.979094
12,78,1786609366.514168,0,1,52.604935,13.179423,32.302057,13.392149,-3.083164,0.210472,3.090339,1.209662,-0.018391,1.209802,3.073434,20.303993,3.304928
12,79,1786609366.554129,0,1,52.481244,13.189183,32.350443,13.391406,-3.092268,0.243999,3.101880,1.209660,-0.018560,1.209802,3.062850,20.131817,3.936089
12,80,1786609366.594153,0,1,52.357011,13.197391,32.398829,13.390659,-3.105834,0.205195,3.112605,1.209658,-0.018673,1.209802,3.075621,19.959117,3.225079
12,81,1786609366.634189,0,1,52.232475,13.206939,32.447216,13.389910,-3.113393,0.238703,3.122531,1.209657,-0.018733,1.209802,3.065073,19.786105,3.854431
12,82,1786609366.674200,0,1,52.107458,13.214850,32.495602,13.389160,-3.125431,0.197783,3.131683,1.209657,-0.018744,1.209802,3.078395,19.612630,3.111727
12,83,1786609366.714225,0,1,51.982196,13.224111,32.543988,13.388412,-3.131533,0.231527,3.140080,1.209657,-0.018712,1.209802,3.067793,19.438903,3.744130
12,84,1786609366.754230,0,1,51.856514,13.231664,32.592375,13.387666,-3.142075,0.188824,3.147743,1.209658,-0.018638,1.209802,3.081570,19.264771,2.975093
12,85,1786609366.794184,0,1,51.730639,13.240554,32.640761,13.386925,-3.146857,0.222235,3.154695,1.209660,-0.018527,1.209802,3.071089,19.090439,3.600282
12,86,1786609366.834185,0,1,51.604402,13.247672,32.689147,13.386190,-3.155937,0.177950,3.160950,1.209662,-0.018382,1.209802,3.085266,18.915761,2.807682
12,87,1786609366.874192,0,1,51.478027,13.256191,32.737534,13.385462,-3.159362,0.212985,3.166533,1.209665,-0.018205,1.209802,3.074281,18.740939,3.461482
12,88,1786609366.914113,0,1,51.351346,13.262897,32.785921,13.384742,-3.167021,0.167653,3.171456,1.209668,-0.017999,1.209802,3.088705,18.565825,2.654228
12,89,1786609366.954066,0,1,51.224558,13.270722,32.834308,13.384031,-3.169714,0.195627,3.175745,1.209672,-0.017765,1.209802,3.079953,18.390599,3.178656
12,90,1786609366.994055,0,1,51.097520,13.276649,32.882695,13.383331,-3.175955,0.148167,3.179409,1.209675,-0.017508,1.209802,3.094974,18.215137,2.335504
12,91,1786609367.034205,0,1,50.970436,13.284047,32.931082,13.382642,-3.177099,0.184941,3.182477,1.209679,-0.017227,1.209802,3.083448,18.039623,3.018319
12,92,1786609367.074192,0,1,50.843156,13.289538,32.979469,13.381965,-3.181990,0.137288,3.184951,1.209684,-0.016926,1.209802,3.098474,17.863926,2.174061
12,93,1786609367.114198,0,1,50.715872,13.296500,33.027857,13.381300,-3.182104,0.174055,3.186861,1.209688,-0.016605,1.209802,3.086949,17.688219,2.856168
12,94,1786609367.154241,0,1,50.588444,13.301551,33.076244,13.380650,-3.185708,0.126261,3.188209,1.209674,-0.016267,1.209783,3.101980,17.512379,2.010861
12,95,1786609367.194193,0,1,50.461049,13.308071,33.124628,13.380013,-3.184856,0.163008,3.189024,1.209605,-0.015911,1.209710,3.090455,17.336571,2.692209
12,96,1786609367.234207,0,1,50.333560,13.312676,33.173007,13.379392,-3.187230,0.115124,3.189308,1.209487,-0.015540,1.209586,3.105488,17.160683,1.845903
12,97,1786609367.274211,0,1,50.206019,13.315036,33.221380,13.378786,-3.188543,0.059011,3.189089,1.209323,-0.015155,1.209418,3.123087,16.984758,0.845221
12,98,1786609367.314191,0,1,50.078531,13.318542,33.269748,13.378194,-3.187190,0.087639,3.188395,1.209184,-0.014777,1.209274,3.114102,16.808889,1.371747
12,99,1786609367.354230,0,1,49.951112,13.323516,33.318110,13.377618,-3.185467,0.124344,3.187893,1.209069,-0.014406,1.209155,3.102578,16.633090,2.049034
12,100,1786609367.394192,0,1,49.823645,13.326573,33.366469,13.377057,-3.186671,0.076442,3.187587,1.208975,-0.014040,1.209056,3.117609,16.457254,1.198386
12,101,1786609367.434229,0,1,49.696226,13.331100,33.414825,13.376509,-3.185478,0.113158,3.187488,1.208901,-0.013680,1.208978,3.106084,16.281464,1.874667
12,102,1786609367.474202,0,1,49.568750,13.333710,33.463179,13.375976,-3.186907,0.065267,3.187575,1.208845,-0.013326,1.208918,3.121116,16.105626,1.022870
12,103,1786609367.514223,0,1,49.441236,13.334078,33.511531,13.375457,-3.187846,0.009182,3.187859,1.208806,-0.012976,1.208875,3.138712,15.929759,0.016190
12,104,1786609367.554228,0,1,49.313711,13.335591,33.559883,13.374952,-3.188124,0.037834,3.188349,1.208782,-0.012631,1.208848,3.129726,15.753878,0.536748
12,105,1786609367.594197,0,1,49.186186,13.338575,33.608234,13.374461,-3.188131,0.074588,3.189003,1.208773,-0.012289,1.208835,3.118201,15.577994,1.208232
12,106,1786609367.634131,0,1,49.058597,13.339641,33.656585,13.373982,-3.189715,0.026662,3.189826,1.208776,-0.011952,1.208835,3.133234,15.402051,0.351152
12,107,1786609367.674163,0,1,48.930989,13.342179,33.704936,13.373518,-3.190198,0.063439,3.190828,1.208791,-0.011619,1.208847,3.121710,15.226085,1.021279
12,108,1786609367.714161,0,1,48.803311,13.342798,33.753289,13.373066,-3.191954,0.015476,3.191992,1.208818,-0.011289,1.208871,3.136744,15.050053,0.162557
12,109,1786609367.754151,0,1,48.675584,13.343966,33.801643,13.372628,-3.193193,0.029215,3.193326,1.208854,-0.010962,1.208904,3.132444,14.873968,0.413784
12,110,1786609367.794137,0,1,48.547794,13.343051,33.849999,13.372202,-3.194735,-0.022880,3.194817,1.208900,-0.010638,1.208947,-3.134431,14.697824,0.523978
12,111,1786609367.834172,0,1,48.419936,13.343447,33.898357,13.371789,-3.196463,0.009903,3.196479,1.208955,-0.010316,1.208999,3.138494,14.521606,0.065689
12,112,1786609367.874167,0,1,48.292016,13.341756,33.946718,13.371390,-3.198002,-0.042269,3.198281,1.209017,-0.009998,1.209059,-3.128376,14.345328,0.875614
12,113,1786609367.914170,0,1,48.164006,13.341378,33.995082,13.371002,-3.200232,-0.009468,3.200246,1.209087,-0.009682,1.209126,-3.138634,14.168956,0.289307
12,114,1786609367.954098,0,1,48.035936,13.338908,34.043448,13.370628,-3.201750,-0.061733,3.202345,1.209163,-0.009368,1.209200,-3.122314,13.992524,1.234458
12,115,1786609367.994088,0,1,47.907757,13.337752,34.091818,13.370265,-3.204470,-0.028913,3.204601,1.209246,-0.009056,1.209280,-3.132570,13.815978,0.651794
12,116,1786609368.034087,0,1,47.779519,13.334500,34.140191,13.369916,-3.205952,-0.081283,3.206983,1.209334,-0.008746,1.209365,-3.116244,13.639374,1.601128
12,117,1786609368.074068,0,1,47.651153,13.332563,34.188568,13.369578,-3.209148,-0.048446,3.209514,1.209427,-0.008438,1.209457,-3.126498,13.462636,1.022419
12,118,1786609368.114077,0,1,47.522698,13.329753,34.236949,13.369253,-3.211397,-0.070241,3.212165,1.209525,-0.008132,1.209553,-3.119724,13.285807,1.423347
12,119,1786609368.154087,0,1,47.394106,13.328475,34.285334,13.368940,-3.214790,-0.031954,3.214949,1.209628,-0.007828,1.209653,-3.131653,13.108834,0.746350
12,120,1786609368.194045,0,1,47.265431,13.325311,34.333724,13.368639,-3.216881,-0.079106,3.217854,1.209735,-0.007525,1.209758,-3.117007,12.931779,1.600642
12,121,1786609368.234145,0,1,47.136698,13.323681,34.382115,13.368350,-3.218323,-0.040735,3.218581,1.209780,-0.007223,1.209802,-3.128936,12.754661,0.925822
12,122,1786609368.274109,0,1,47.008003,13.320166,34.430506,13.368073,-3.217381,-0.087876,3.218581,1.209782,-0.006923,1.209802,-3.114287,12.577587,1.782754
12,123,1786609368.314059,0,1,46.879290,13.317347,34.478895,13.367799,-3.217809,-0.070484,3.218581,1.209722,-0.006848,1.209741,-3.119692,12.400498,1.487943
12,124,1786609368.354047,0,1,46.750638,13.312493,34.527275,13.367520,-3.216293,-0.121335,3.218581,1.209487,-0.006979,1.209508,-3.103885,12.223488,2.418391
12,125,1786609368.394136,0,1,46.621942,13.309027,34.575638,13.367228,-3.217414,-0.086656,3.218581,1.209093,-0.007301,1.209115,-3.114666,12.046444,1.819613
12,126,1786609368.434322,0,1,46.493244,13.305609,34.623980,13.366916,-3.217446,-0.085462,3.218581,1.208551,-0.007798,1.208576,-3.115037,11.869422,1.817473
12,127,1786609368.474296,0,1,46.364615,13.300193,34.672295,13.366577,-3.215732,-0.135394,3.218581,1.207873,-0.008456,1.207902,-3.099514,11.692508,2.736236
12,128,1786609368.514286,0,1,46.235933,13.296200,34.720578,13.366207,-3.217033,-0.099816,3.218581,1.207070,-0.009262,1.207106,-3.110575,11.515568,2.125494
12,129,1786609368.554301,0,1,46.107330,13.290211,34.768824,13.365799,-3.215096,-0.149740,3.218581,1.206153,-0.010204,1.206196,-3.095052,11.338757,3.048534
12,130,1786609368.594300,0,1,45.978667,13.285644,34.817029,13.365348,-3.216555,-0.114169,3.218581,1.205130,-0.011271,1.205182,-3.106113,11.161923,2.441950
12,131,1786609368.634312,0,1,45.850092,13.279081,34.865190,13.364850,-3.214396,-0.164084,3.218581,1.204009,-0.012452,1.204074,-3.090590,10.985237,3.369571
12,132,1786609368.674334,0,1,45.721451,13.273940,34.913302,13.364300,-3.216014,-0.128519,3.218581,1.202800,-0.013739,1.202878,-3.101652,10.808527,2.767461
12,133,1786609368.714309,0,1,45.592906,13.266803,34.961362,13.363695,-3.213631,-0.178424,3.218581,1.201508,-0.015122,1.201603,-3.086129,10.631985,3.700021
12,134,1786609368.754176,0,1,45.464289,13.261088,35.009368,13.363032,-3.215408,-0.142867,3.218581,1.200140,-0.016595,1.200255,-3.097190,10.455419,3.102757
12,135,1786609368.794221,0,1,45.335777,13.253378,35.057316,13.362306,-3.212803,-0.192761,3.218581,1.198703,-0.018149,1.198841,-3.081667,10.279039,4.040681
12,136,1786609368.834174,0,1,45.207188,13.247089,35.105204,13.361515,-3.214739,-0.157212,3.218581,1.197202,-0.019777,1.197365,-3.092728,10.102632,3.448701
12,137,1786609368.874185,0,1,45.078711,13.238805,35.153030,13.360656,-3.211911,-0.207094,3.218581,1.195642,-0.021474,1.195835,-3.077205,9.926430,4.392484
12,138,1786609368.914310,0,1,44.950160,13.231944,35.200791,13.359726,-3.213788,-0.171542,3.218363,1.194027,-0.023234,1.194254,-3.088266,9.750206,3.806297
12,139,1786609368.954323,0,1,44.821753,13.223089,35.248485,13.358724,-3.210170,-0.221368,3.217794,1.192363,-0.025050,1.192626,-3.072743,9.574229,4.756489
12,140,1786609368.994288,0,1,44.693291,13.215657,35.296111,13.357648,-3.211543,-0.185795,3.216913,1.190653,-0.026920,1.190957,-3.083805,9.398253,4.176660
12,141,1786609369.034285,0,1,44.565011,13.206236,35.343667,13.356494,-3.207007,-0.235524,3.215644,1.188901,-0.028837,1.189251,-3.068284,9.222568,5.133820
12,142,1786609369.074275,0,1,44.436986,13.194500,35.391152,13.355262,-3.200621,-0.293415,3.214042,1.187110,-0.030798,1.187509,-3.050174,9.047263,6.256062
12,143,1786609369.114218,0,1,44.308942,13.183859,35.438563,13.353950,-3.201099,-0.266026,3.212134,1.185283,-0.032799,1.185737,-3.058679,8.872010,5.849147
12,144,1786609369.154231,0,1,44.181206,13.170911,35.485900,13.352557,-3.193401,-0.323690,3.209764,1.183423,-0.034837,1.183936,-3.040575,8.697203,6.984597
12,145,1786609369.194201,0,1,44.053472,13.159061,35.533161,13.351080,-3.193359,-0.296256,3.207072,1.181533,-0.036908,1.182110,-3.049085,8.522474,6.591341
12,146,1786609369.234129,0,1,43.926100,13.144916,35.580346,13.349520,-3.184284,-0.353629,3.203860,1.179615,-0.039009,1.180260,-3.030991,8.348262,7.741370
12,147,1786609369.274157,0,1,43.799190,13.128158,35.627453,13.347875,-3.172771,-0.418944,3.200311,1.177672,-0.041137,1.178390,-3.010308,8.174690,9.062192
12,148,1786609369.314191,0,1,43.672333,13.112179,35.674484,13.346151,-3.171419,-0.399482,3.196480,1.175786,-0.043096,1.176576,-3.016289,8.001270,8.855028
12,149,1786609369.354165,0,1,43.545999,13.093606,35.721442,13.344355,-3.158358,-0.464316,3.192306,1.173953,-0.044899,1.174811,-2.995626,7.828573,10.198748
12,150,1786609369.394157,0,1,43.419722,13.075815,35.768329,13.342492,-3.156912,-0.444782,3.188091,1.172169,-0.046559,1.173093,-3.001622,7.656039,10.015857
12,151,1786609369.434123,0,1,43.294023,13.055451,35.815146,13.340569,-3.142481,-0.509101,3.183452,1.170429,-0.048086,1.171416,-2.980982,7.484309,11.385550
12,152,1786609369.474324,0,1,43.168389,13.035872,35.861896,13.338589,-3.140847,-0.489474,3.178759,1.168730,-0.049491,1.169777,-2.986995,7.312762,11.230288
12,153,1786609369.514293,0,1,43.043390,13.013743,35.908578,13.336558,-3.124972,-0.553208,3.173561,1.167069,-0.050783,1.168174,-2.966380,7.142111,12.629549
12,154,1786609369.554245,0,1,42.918468,12.992405,35.955196,13.334479,-3.123062,-0.533464,3.168296,1.165443,-0.051972,1.166601,-2.972411,6.971669,12.505811
12,155,1786609369.594229,0,1,42.794241,12.968543,36.001750,13.332356,-3.105675,-0.596537,3.162448,1.163849,-0.053064,1.165058,-2.951824,6.802227,13.938828
12,156,1786609369.634216,0,1,42.670831,12.941863,36.048241,13.330194,-3.085249,-0.667017,3.156528,1.162285,-0.054068,1.163542,-2.928674,6.633965,15.555159
12,157,1786609369.674153,0,1,42.547558,12.915671,36.094671,13.327994,-3.081825,-0.654781,3.150616,1.160747,-0.054991,1.162049,-2.932240,6.466046,15.651088
12,158,1786609369.714220,0,1,42.425176,12.886699,36.141041,13.325761,-3.059530,-0.724315,3.144099,1.159235,-0.055839,1.160579,-2.909132,6.299455,17.315691
12,159,1786609369.754308,0,1,42.302945,12.858226,36.187351,13.323496,-3.055789,-0.711823,3.137601,1.157745,-0.056617,1.159129,-2.912731,6.133268,17.463427
12,160,1786609369.794275,0,1,42.181679,12.827013,36.233602,13.321203,-3.031656,-0.780326,3.130471,1.156277,-0.057331,1.157697,-2.889668,5.968571,19.183649
12,161,1786609369.834135,0,1,42.060575,12.796311,36.279795,13.318883,-3.027601,-0.767554,3.123381,1.154828,-0.057986,1.156283,-2.893305,5.804352,19.391249
12,162,1786609369.874311,0,1,41.940507,12.762913,36.325931,13.316540,-3.001689,-0.834948,3.115650,1.153397,-0.058587,1.154884,-2.870292,5.641806,21.175870
12,163,1786609369.914316,0,1,41.820613,12.730037,36.372010,13.314174,-2.997356,-0.821883,3.107995,1.151982,-0.059138,1.153499,-2.873968,5.479826,21.452993
12,164,1786609369.954324,0,1,41.701822,12.694513,36.418033,13.311789,-2.969767,-0.888106,3.099717,1.150583,-0.059642,1.152127,-2.851009,5.319723,23.312581
12,165,1786609369.994287,0,1,41.583213,12.659523,36.464001,13.309384,-2.965232,-0.874748,3.091567,1.149197,-0.060104,1.150768,-2.854728,5.160295,23.670887
12,166,1786609370.034297,0,1,41.465768,12.621933,36.509914,13.306963,-2.936113,-0.939762,3.082842,1.147824,-0.060526,1.149419,-2.831826,5.002975,25.618246
12,167,1786609370.074286,0,1,41.348508,12.584887,36.555773,13.304527,-2.931504,-0.926134,3.074319,1.146463,-0.060912,1.148080,-2.835591,4.846462,26.071901
12,168,1786609370.114289,0,1,41.232466,12.545290,36.601577,13.302076,-2.901054,-0.989935,3.065304,1.145113,-0.061264,1.146750,-2.812749,4.692319,28.122641
12,169,1786609370.154329,0,1,41.116604,12.506246,36.647328,13.299613,-2.896548,-0.976086,3.056589,1.143772,-0.061585,1.145429,-2.816562,4.539147,28.688948
12,170,1786609370.194310,0,1,41.000845,12.468042,36.693026,13.297138,-2.893970,-0.955108,3.047506,1.142441,-0.061878,1.144116,-2.822815,4.386879,29.158739
12,171,1786609370.234227,0,1,40.886241,12.427626,36.738670,13.294652,-2.865113,-1.010400,3.038056,1.141119,-0.062144,1.142809,-2.802553,4.237225,31.232840
12,172,1786609370.274228,0,1,40.771726,12.388050,36.784262,13.292157,-2.862879,-0.989416,3.029030,1.139804,-0.062386,1.141510,-2.808842,4.088676,31.840328
12,173,1786609370.314304,0,1,40.658380,12.346294,36.829818,13.289665,-2.833649,-1.043886,3.019812,1.138897,-0.062294,1.140600,-2.788630,3.943074,34.065394
12,174,1786609370.354119,0,1,40.545101,12.305375,36.875353,13.287189,-2.831972,-1.022979,3.011072,1.138368,-0.061895,1.140049,-2.794953,3.798816,34.839258
12,175,1786609370.394335,0,1,40.431802,12.265563,36.920880,13.284740,-2.832469,-0.995303,3.002251,1.138184,-0.061215,1.139829,-2.803680,3.655857,35.548359
12,176,1786609370.434304,0,1,40.319557,12.223874,36.966413,13.282330,-2.806120,-1.042218,2.993414,1.138318,-0.060274,1.139913,-2.785974,3.516234,37.894300
12,177,1786609370.474273,0,1,40.207257,12.183279,37.011963,13.279966,-2.807495,-1.014877,2.985298,1.138746,-0.059095,1.140278,-2.794720,3.378258,38.817550
12,178,1786609370.514313,0,1,40.094809,12.144040,37.057541,13.277658,-2.811199,-0.980980,2.977443,1.139443,-0.057696,1.140903,-2.805850,3.241927,39.704046
12,179,1786609370.554301,0,1,39.982126,12.106418,37.103156,13.275414,-2.817082,-0.940537,2.969943,1.140388,-0.056096,1.141767,-2.819360,3.107253,40.562027
12,180,1786609370.594297,0,1,39.869128,12.070677,37.148819,13.273242,-2.824955,-0.893533,2.962899,1.141561,-0.054310,1.142852,-2.835250,2.974264,41.400893
12,181,1786609370.634291,0,1,39.755744,12.037080,37.194536,13.271147,-2.834591,-0.839926,2.956414,1.142943,-0.052354,1.144142,-2.853522,2.843010,42.231415
12,182,1786609370.674313,0,1,39.642861,12.002627,37.240317,13.269138,-2.822079,-0.861326,2.950595,1.144519,-0.050242,1.145622,-2.845363,2.715928,44.768844
12,183,1786609370.714268,0,1,39.529547,11.970290,37.286168,13.267218,-2.832859,-0.808420,2.945952,1.146273,-0.047986,1.147277,-2.863609,2.591287,45.960078
12,184,1786609370.754308,0,1,39.415733,11.940335,37.332096,13.265394,-2.845336,-0.748866,2.942234,1.148190,-0.045599,1.149095,-2.884238,2.469277,47.199052
12,185,1786609370.794322,0,1,39.301366,11.913034,37.378106,13.263671,-2.859188,-0.682533,2.939525,1.150257,-0.043091,1.151064,-2.907263,2.350138,48.505122
12,186,1786609370.834306,0,1,39.186405,11.888664,37.424204,13.262052,-2.874031,-0.609253,2.937898,1.152462,-0.040472,1.153173,-2.932699,2.234176,49.900112
12,187,1786609370.874297,0,1,39.070828,11.867511,37.470396,13.260542,-2.889409,-0.528835,2.937405,1.154795,-0.037752,1.155412,-2.960571,2.121772,51.408407
12,188,1786609370.914111,0,1,38.954637,11.849868,37.516686,13.259144,-2.904783,-0.441064,2.938077,1.157245,-0.034939,1.157772,-2.990903,2.013396,53.056860
12,189,1786609370.954232,0,1,38.837856,11.836040,37.563078,13.257863,-2.919517,-0.345710,2.939915,1.159803,-0.032041,1.160245,-3.023728,1.909618,54.874373
12,190,1786609370.994115,0,1,38.720541,11.826338,37.609576,13.256700,-2.932873,-0.242544,2.942885,1.162459,-0.029065,1.162822,-3.059082,1.811126,56.890954
12,191,1786609371.034314,0,1,38.602831,11.820088,37.656185,13.255659,-2.942765,-0.156246,2.946910,1.165207,-0.026019,1.165497,-3.088547,1.719594,59.637566
12,192,1786609371.074277,0,1,38.484808,11.816639,37.702906,13.254743,-2.950577,-0.086221,2.951836,1.168038,-0.022907,1.168263,-3.112379,1.636921,63.140755
12,193,1786609371.114228,0,1,38.366511,11.815998,37.749744,13.253953,-2.957411,-0.016026,2.957454,1.170947,-0.019737,1.171114,-3.136174,1.564646,67.095051
12,194,1786609371.154231,0,1,38.247989,11.818173,37.796701,13.253293,-2.963066,0.054371,2.963565,1.173927,-0.016513,1.174043,3.123245,1.504403,71.492504
12,195,1786609371.194128,0,1,38.129294,11.823172,37.843780,13.252763,-2.967360,0.124984,2.969991,1.176972,-0.013239,1.177046,3.099498,1.457823,76.293796
12,196,1786609371.234205,0,1,38.010488,11.831005,37.890983,13.252366,-2.970143,0.195807,2.976590,1.180077,-0.009922,1.180119,3.075763,1.426377,81.422215
12,197,1786609371.274205,0,1,37.891493,11.839940,37.938313,13.252104,-2.974876,0.223377,2.983251,1.183238,-0.006564,1.183256,3.066645,1.412940,87.604749
12,198,1786609371.314181,0,1,37.772301,11.849707,37.985753,13.251961,-2.979801,0.244174,2.989789,1.186015,-0.003571,1.186020,3.059832,1.418407,93.970625
12,199,1786609371.354148,0,1,37.652911,11.860031,38.033291,13.251924,-2.984768,0.258109,2.995907,1.188439,-0.000915,1.188439,3.055332,1.442933,100.342356
12,200,1786609371.394145,0,1,37.533317,11.870635,38.080912,13.251982,-2.989849,0.265102,3.001579,1.190538,0.001431,1.190539,3.053157,1.485927,106.557433
12,201,1786609371.434250,0,1,37.413513,11.881238,38.128606,13.252121,-2.995081,0.265078,3.006788,1.192340,0.003492,1.192345,3.053318,1.546182,112.490103
12,202,1786609371.474115,0,1,37.293495,11.891557,38.176361,13.252333,-3.000464,0.257961,3.011532,1.193866,0.005289,1.193878,3.055830,1.622086,118.061478
12,203,1786609371.514233,0,1,37.173257,11.901304,38.224166,13.252607,-3.005952,0.243678,3.015812,1.195140,0.006844,1.195159,3.060704,1.711850,123.237676
12,204,1786609371.554323,0,1,37.052799,11.910190,38.272013,13.252934,-3.011453,0.222156,3.019636,1.196181,0.008176,1.196209,3.067956,1.813683,128.020444
12,205,1786609371.594248,0,1,36.932399,11.921405,38.319894,13.253306,-3.009989,0.280367,3.023019,1.197008,0.009302,1.197044,3.048715,1.923305,130.849666
12,206,1786609371.634251,0,1,36.811802,11.931758,38.367799,13.253715,-3.014929,0.258824,3.026018,1.197639,0.010238,1.197683,3.055955,2.041739,134.742481
12,207,1786609371.674213,0,1,36.691008,11.940956,38.415723,13.254155,-3.019848,0.229952,3.028590,1.198088,0.011000,1.198139,3.065593,2.167749,138.359834
12,208,1786609371.714111,0,1,36.570242,11.951557,38.463658,13.254619,-3.019141,0.265026,3.030751,1.198371,0.011602,1.198427,3.054035,2.298476,140.447289
12,209,1786609371.754101,0,1,36.449301,11.960893,38.511598,13.255102,-3.023540,0.233414,3.032536,1.198501,0.012055,1.198562,3.064547,2.434757,143.474984
12,210,1786609371.794101,0,1,36.328193,11.968669,38.559537,13.255597,-3.027698,0.194390,3.033932,1.198490,0.012372,1.198554,3.077477,2.575865,146.352240
12,211,1786609371.834085,0,1,36.207160,11.978082,38.607471,13.256099,-3.025823,0.235317,3.034959,1.198349,0.012564,1.198415,3.063979,2.719342,147.520533
12,212,1786609371.874076,0,1,36.085989,11.985930,38.655395,13.256605,-3.029282,0.196215,3.035630,1.198088,0.012641,1.198155,3.076910,2.866437,149.979720
12,213,1786609371.914093,0,1,35.964922,11.995415,38.703304,13.257109,-3.026677,0.237112,3.035951,1.197718,0.012611,1.197785,3.063412,3.015064,150.782932
12,214,1786609371.954087,0,1,35.843743,12.003333,38.751193,13.257608,-3.029474,0.197953,3.035934,1.197247,0.012484,1.197313,3.076343,3.166461,152.926075
12,215,1786609371.994044,0,1,35.722695,12.012885,38.799061,13.258099,-3.026179,0.238801,3.035587,1.196683,0.012266,1.196746,3.062844,3.318822,153.451525
12,216,1786609372.034096,0,1,35.601562,12.020869,38.846902,13.258578,-3.028348,0.199606,3.034919,1.196034,0.011967,1.196094,3.075775,3.473350,155.353090
12,217,1786609372.074082,0,1,35.480586,12.030485,38.894714,13.259041,-3.024399,0.240386,3.033937,1.195306,0.011591,1.195362,3.062277,3.628447,155.664557
12,218,1786609372.114048,0,1,35.359547,12.038532,38.942495,13.259487,-3.025973,0.201174,3.032653,1.194506,0.011145,1.194558,3.075208,3.785267,157.378945
12,219,1786609372.154081,0,1,35.238462,12.044715,38.990240,13.259913,-3.027126,0.154589,3.031071,1.193639,0.010635,1.193686,3.090569,3.943672,159.129471
12,220,1786609372.194072,0,1,35.117527,12.052235,39.037949,13.260315,-3.023372,0.187990,3.029211,1.192710,0.010066,1.192753,3.079494,4.102337,159.315281
12,221,1786609372.234044,0,1,34.996790,12.061379,39.085618,13.260693,-3.018417,0.228610,3.027062,1.191726,0.009444,1.191763,3.065998,4.261087,159.321577
12,222,1786609372.274102,0,1,34.876042,12.068956,39.133245,13.261044,-3.018705,0.189417,3.024642,1.190690,0.008771,1.190722,3.078927,4.420956,160.766389
12,223,1786609372.314117,0,1,34.755299,12.074673,39.180842,13.261371,-3.018573,0.142926,3.021955,1.189913,0.008172,1.189941,3.094279,4.581886,162.278544
12,224,1786609372.354045,0,1,34.634696,12.081723,39.228417,13.261676,-3.015071,0.176255,3.020218,1.189374,0.007640,1.189399,3.083201,4.742843,162.248725
12,225,1786609372.394037,0,1,34.514032,12.086920,39.275979,13.261963,-3.016590,0.129927,3.019387,1.189055,0.007171,1.189077,3.098549,4.904779,163.672528
12,226,1786609372.434091,0,1,34.393431,12.093454,39.323536,13.262234,-3.015035,0.163342,3.019456,1.188939,0.006759,1.188958,3.087470,5.066753,163.562092
12,227,1786609372.474070,0,1,34.272892,12.101616,39.371097,13.262490,-3.013481,0.204063,3.020383,1.189008,0.006400,1.189025,3.073979,5.228702,163.298365
12,228,1786609372.514120,0,1,34.152186,12.108224,39.418667,13.262733,-3.017637,0.165190,3.022155,1.189248,0.006090,1.189263,3.086906,5.391540,164.501972
12,229,1786609372.554053,0,1,34.031303,12.113288,39.466252,13.262966,-3.022095,0.126610,3.024746,1.189645,0.005825,1.189659,3.099722,5.555217,165.657066
12,230,1786609372.594078,0,1,33.910349,12.119750,39.513860,13.263190,-3.023832,0.161538,3.028144,1.190187,0.005601,1.190200,3.088222,5.718985,165.408765
12,231,1786609372.634050,0,1,33.789149,12.124482,39.561494,13.263407,-3.030004,0.118303,3.032312,1.190862,0.005415,1.190874,3.102569,5.883632,166.602596
12,232,1786609372.674074,0,1,33.667815,12.130629,39.609161,13.263617,-3.033354,0.153682,3.037245,1.191660,0.005265,1.191671,3.090972,6.048409,166.303219
12,233,1786609372.714061,0,1,33.546203,12.135664,39.656864,13.263823,-3.040303,0.125866,3.042907,1.192570,0.005146,1.192581,3.100217,6.213929,167.169107
12,234,1786609372.754040,0,1,33.424408,12.142236,39.704607,13.264026,-3.044860,0.164315,3.049290,1.193584,0.005058,1.193595,3.087680,6.379601,166.783496
12,235,1786609372.794048,0,1,33.302252,12.147126,39.752395,13.264225,-3.053922,0.122250,3.056368,1.194693,0.004996,1.194704,3.101583,6.546163,167.882057
12,236,1786609372.834032,0,1,33.179856,12.153564,39.800230,13.264424,-3.059898,0.160942,3.064128,1.195890,0.004960,1.195901,3.089044,6.712926,167.464026
12,237,1786609372.874063,0,1,33.057046,12.158311,39.848117,13.264622,-3.070253,0.118682,3.072546,1.197168,0.004947,1.197178,3.102957,6.880594,168.533731
12,238,1786609372.914088,0,1,32.933943,12.164617,39.896058,13.264820,-3.077575,0.157643,3.081610,1.198520,0.004955,1.198530,3.090414,7.048510,168.087674
12,239,1786609372.954095,0,1,32.810376,12.169223,39.944055,13.265019,-3.089153,0.115139,3.091298,1.199940,0.004983,1.199951,3.104338,7.217350,169.132567
12,240,1786609372.994048,0,1,32.686466,12.175399,39.992112,13.265220,-3.097752,0.154397,3.101597,1.201424,0.005029,1.201434,3.091792,7.386486,168.662100
12,241,1786609373.034143,0,1,32.562047,12.179863,40.040231,13.265424,-3.110485,0.111604,3.112487,1.202965,0.005092,1.202975,3.105728,7.556565,169.685534
12,242,1786609373.074028,0,1,32.437232,12.185856,40.088413,13.265631,-3.120361,0.149823,3.123956,1.204559,0.005170,1.204570,3.093615,7.726997,169.218237
12,243,1786609373.114030,0,1,32.311865,12.190114,40.136661,13.265841,-3.134177,0.106455,3.135984,1.206202,0.005262,1.206214,3.107640,7.898394,170.226882
12,244,1786609373.154032,0,1,32.186058,12.195945,40.184977,13.266056,-3.145185,0.145768,3.148562,1.207890,0.005366,1.207902,3.095279,8.070182,169.726549
12,245,1786609373.194011,0,1,32.059657,12.200023,40.233362,13.266275,-3.160024,0.101952,3.161668,1.209620,0.005483,1.209632,3.109341,8.242957,170.719895
12,246,1786609373.234008,0,1,31.932771,12.205678,40.281753,13.266499,-3.172145,0.141382,3.175295,1.209789,0.005603,1.209802,3.097052,8.416106,170.206830
12,247,1786609373.274017,0,1,31.805253,12.209560,40.330145,13.266729,-3.187945,0.097043,3.189422,1.209788,0.005731,1.209802,3.111162,8.590191,171.187286
12,248,1786609373.314011,0,1,31.677209,12.215052,40.378536,13.266963,-3.201099,0.137303,3.204042,1.209788,0.005845,1.209802,3.098726,8.764680,170.650863
12,249,1786609373.354024,0,1,31.548548,12.218784,40.426928,13.267200,-3.216530,0.093298,3.217883,1.209787,0.005945,1.209802,3.112595,8.940067,171.603883
12,250,1786609373.394029,0,1,31.419916,12.224123,40.475319,13.267442,-3.215812,0.133477,3.218581,1.209787,0.006032,1.209802,3.100110,9.115309,171.050866
12,251,1786609373.434081,0,1,31.291253,12.228683,40.523711,13.267686,-3.216561,0.114018,3.218581,1.209787,0.006107,1.209802,3.106160,9.290737,171.548937
12,252,1786609373.474176,0,1,31.162657,12.234839,40.572102,13.267933,-3.214900,0.153884,3.218581,1.209786,0.006172,1.209802,3.093763,9.465988,170.993984
12,253,1786609373.514084,0,1,31.033992,12.239330,40.620494,13.268182,-3.216622,0.112280,3.218581,1.209786,0.006227,1.209802,3.106701,9.641553,171.875128
12,254,1786609373.554053,0,1,30.905401,12.245576,40.668885,13.268433,-3.214791,0.156139,3.218581,1.209786,0.006272,1.209802,3.093062,9.816917,171.238702
12,255,1786609373.594077,0,1,30.776753,12.250544,40.717277,13.268685,-3.216183,0.124206,3.218581,1.209786,0.006310,1.209802,3.102993,9.992528,171.940355
12,256,1786609373.634061,0,1,30.648189,12.257334,40.765668,13.268939,-3.214100,0.169767,3.218581,1.209785,0.006339,1.209802,3.088822,10.167926,171.266691
12,257,1786609373.674050,0,1,30.519551,12.262530,40.814059,13.269193,-3.215959,0.129879,3.218581,1.209785,0.006362,1.209802,3.101229,10.343610,172.102334
12,258,1786609373.714043,0,1,30.390999,12.269547,40.862451,13.269448,-3.213796,0.175436,3.218581,1.209785,0.006378,1.209802,3.087058,10.519083,171.420883
12,259,1786609373.754027,0,1,30.262392,12.275456,40.910842,13.269704,-3.215189,0.147712,3.218581,1.209785,0.006388,1.209802,3.095683,10.694766,172.035320
12,260,1786609373.794140,0,1,30.133886,12.283272,40.959234,13.269959,-3.212643,0.195408,3.218581,1.209785,0.006392,1.209802,3.080843,10.870221,171.311405
12,261,1786609373.834141,0,1,30.005297,12.289579,41.007625,13.270215,-3.214716,0.157679,3.218581,1.209785,0.006391,1.209802,3.092583,11.045943,172.098633
12,262,1786609373.874157,0,1,29.876816,12.297794,41.056016,13.270471,-3.212022,0.205367,3.218581,1.209785,0.006386,1.209802,3.077743,11.221435,171.369011
12,263,1786609373.914091,0,1,29.748248,12.304499,41.104408,13.270726,-3.214212,0.167645,3.218581,1.209785,0.006376,1.209802,3.089482,11.397191,172.151070
12,264,1786609373.954081,0,1,29.619793,12.313112,41.152799,13.270980,-3.211370,0.215324,3.218581,1.209785,0.006363,1.209802,3.074642,11.572715,171.416255
12,265,1786609373.994152,0,1,29.491246,12.320217,41.201191,13.271234,-3.213677,0.177609,3.218581,1.209785,0.006345,1.209802,3.086382,11.748499,172.193612
12,266,1786609374.034148,0,1,29.362819,12.329228,41.249582,13.271487,-3.210687,0.225279,3.218581,1.209785,0.006325,1.209802,3.071542,11.924051,171.454057
12,267,1786609374.074139,0,1,29.234303,12.336879,41.297974,13.271739,-3.212892,0.191278,3.218581,1.209786,0.006301,1.209802,3.082128,12.099839,172.161739
12,268,1786609374.114151,0,1,29.105917,12.346463,41.346365,13.271990,-3.209651,0.239590,3.218581,1.209786,0.006275,1.209802,3.067084,12.275389,171.406934
12,269,1786609374.154055,0,1,28.977429,12.354565,41.394756,13.272240,-3.212201,0.202547,3.218581,1.209786,0.006245,1.209802,3.078621,12.451191,172.165328
12,270,1786609374.194063,0,1,28.849077,12.364598,41.443148,13.272488,-3.208791,0.250848,3.218581,1.209786,0.006214,1.209802,3.063576,12.626753,171.406733
12,271,1786609374.234019,0,1,28.720624,12.373231,41.491537,13.272735,-3.211338,0.215802,3.218581,1.209724,0.006180,1.209740,3.074493,12.802552,172.126588
12,272,1786609374.274076,0,1,28.592316,12.383808,41.539920,13.272981,-3.207699,0.264441,3.218581,1.209584,0.006143,1.209600,3.059339,12.978100,171.358622
12,273,1786609374.314153,0,1,28.463895,12.392919,41.588304,13.273228,-3.210511,0.227769,3.218581,1.209601,0.006175,1.209617,3.070767,13.153899,172.104651
12,274,1786609374.354150,0,1,28.335628,12.403975,41.636695,13.273479,-3.206691,0.276393,3.218581,1.209763,0.006269,1.209779,3.055612,13.329457,171.333536
12,275,1786609374.394145,0,1,28.207242,12.413564,41.685086,13.273736,-3.209640,0.239732,3.218581,1.209785,0.006420,1.209802,3.067040,13.505265,172.076714
12,276,1786609374.434153,0,1,28.079016,12.425098,41.733478,13.274001,-3.205639,0.288342,3.218581,1.209784,0.006623,1.209802,3.051886,13.680824,171.302650
12,277,1786609374.474161,0,1,27.950667,12.435165,41.781869,13.274276,-3.208725,0.251691,3.218581,1.209782,0.006874,1.209802,3.063313,13.856632,172.043157
12,278,1786609374.514155,0,1,27.822376,12.445940,41.830260,13.274562,-3.207288,0.269379,3.218581,1.209781,0.007169,1.209802,3.057800,14.032371,171.813687
12,279,1786609374.554136,0,1,27.693954,12.455031,41.878651,13.274863,-3.210548,0.227254,3.218581,1.209779,0.007504,1.209802,3.070927,14.208369,172.643319
12,280,1786609374.594090,0,1,27.565666,12.465847,41.927042,13.275178,-3.207201,0.270409,3.218581,1.209776,0.007877,1.209802,3.057479,14.384163,171.955146
12,281,1786609374.634080,0,1,27.437247,12.474978,41.975433,13.275509,-3.210475,0.228284,3.218581,1.209774,0.008283,1.209802,3.070606,14.560210,172.781012
12,282,1786609374.674082,0,1,27.308962,12.485836,42.023824,13.275858,-3.207114,0.271438,3.218581,1.209771,0.008720,1.209802,3.057158,14.736054,172.089039
12,283,1786609374.714050,0,1,27.180546,12.495008,42.072215,13.276225,-3.210401,0.229315,3.218581,1.209767,0.009185,1.209802,3.070285,14.912146,172.911386
12,284,1786609374.754021,0,1,27.052265,12.505907,42.120605,13.276612,-3.207027,0.272468,3.218581,1.209763,0.009675,1.209802,3.056836,15.088037,172.215856
12,285,1786609374.794024,0,1,26.923852,12.515121,42.168996,13.277020,-3.210328,0.230346,3.218581,1.209759,0.010189,1.209802,3.069964,15.264170,173.034912
12,286,1786609374.834143,0,1,26.795575,12.526061,42.217386,13.277449,-3.206940,0.273498,3.218581,1.209754,0.010724,1.209802,3.056515,15.440105,172.336052
12,287,1786609374.874150,0,1,26.667164,12.535316,42.265776,13.277900,-3.210253,0.231377,3.218581,1.209749,0.011278,1.209802,3.069643,15.616277,173.152027
12,288,1786609374.914177,0,1,26.538890,12.546297,42.314166,13.278374,-3.206852,0.274527,3.218581,1.209744,0.011850,1.209802,3.056194,15.792253,172.450043
12,289,1786609374.954196,0,1,26.410483,12.555593,42.362555,13.278871,-3.210179,0.232407,3.218581,1.209738,0.012437,1.209802,3.069322,15.968460,173.263131
12,290,1786609374.994241,0,1,26.282213,12.566616,42.410944,13.279393,-3.206763,0.275557,3.218581,1.209732,0.013038,1.209802,3.055873,16.144474,172.558217
12,291,1786609375.034198,0,1,26.153809,12.575953,42.459333,13.279939,-3.210104,0.233438,3.218581,1.209725,0.013652,1.209802,3.069001,16.320715,173.368597
12,292,1786609375.074230,0,1,26.025548,12.587016,42.507722,13.280510,-3.206524,0.276573,3.218430,1.209718,0.014277,1.209802,3.055552,16.496758,172.660927
12,293,1786609375.114116,0,1,25.897168,12.596393,42.556110,13.281106,-3.209499,0.234430,3.218049,1.209710,0.014912,1.209802,3.068680,16.673008,173.468753
12,294,1786609375.154243,0,1,25.768950,12.607494,42.604499,13.281729,-3.205452,0.277517,3.217443,1.209702,0.015556,1.209802,3.055231,16.849045,172.758492
12,295,1786609375.194204,0,1,25.640630,12.616908,42.652886,13.282377,-3.207997,0.235356,3.216619,1.209693,0.016208,1.209802,3.068358,17.025267,173.563887
12,296,1786609375.234200,0,1,25.512219,12.624304,42.701274,13.283052,-3.210260,0.184887,3.215580,1.209684,0.016867,1.209802,3.084064,17.201673,174.509129
12,297,1786609375.274171,0,1,25.383946,12.633092,42.749661,13.283753,-3.206825,0.219715,3.214343,1.209675,0.017532,1.209802,3.073185,17.377900,173.934752
12,298,1786609375.314207,0,1,25.255861,12.643600,42.798047,13.284475,-3.202137,0.262696,3.212894,1.209667,0.018042,1.209802,3.059738,17.553889,173.217808
12,299,1786609375.354233,0,1,25.127720,12.652421,42.846434,13.285211,-3.203528,0.220523,3.211109,1.209662,0.018410,1.209802,3.072864,17.730010,174.016774
12,300,1786609375.394120,0,1,24.999793,12.662957,42.894820,13.285957,-3.198166,0.263400,3.208995,1.209658,0.018648,1.209802,3.059418,17.905868,173.297869
12,301,1786609375.434244,0,1,24.871836,12.671807,42.943206,13.286708,-3.198920,0.221238,3.206562,1.209656,0.018766,1.209802,3.072543,18.081829,174.094910
12,302,1786609375.474235,0,1,24.744119,12.682366,42.991593,13.287459,-3.192921,0.263993,3.203816,1.209656,0.018774,1.209802,3.059099,18.257503,173.374238
12,303,1786609375.514230,0,1,24.616397,12.691241,43.039979,13.288206,-3.193070,0.221862,3.200768,1.209658,0.018682,1.209802,3.072222,18.433251,174.169476
12,304,1786609375.554224,0,1,24.488938,12.701820,43.088365,13.288946,-3.186467,0.264481,3.197424,1.209661,0.018497,1.209802,3.058781,18.608692,173.447209
12,305,1786609375.594166,0,1,24.361496,12.710716,43.136752,13.289675,-3.186041,0.222400,3.193794,1.209665,0.018228,1.209802,3.071901,18.784180,174.240748
12,306,1786609375.634228,0,1,24.234342,12.721311,43.185139,13.290390,-3.178866,0.264865,3.189881,1.209670,0.017880,1.209802,3.058464,18.959340,173.517040
12,307,1786609375.674234,0,1,24.107226,12.730225,43.233526,13.291088,-3.177894,0.222853,3.185698,1.209676,0.017462,1.209802,3.071581,19.134522,174.308972
12,308,1786609375.714199,0,1,23.980419,12.740831,43.281913,13.291768,-3.170178,0.265151,3.181247,1.209683,0.016977,1.209802,3.058148,19.309356,173.583961
12,309,1786609375.754206,0,1,23.853671,12.749760,43.330301,13.292425,-3.168686,0.223224,3.176539,1.209690,0.016433,1.209802,3.071262,19.484188,174.374364
12,310,1786609375.794088,0,1,23.727253,12.760373,43.378689,13.293058,-3.160457,0.265341,3.171576,1.209698,0.015834,1.209802,3.057832,19.658654,173.648175
12,311,1786609375.834233,0,1,23.600914,12.769314,43.427077,13.293666,-3.158470,0.223516,3.166369,1.209707,0.015185,1.209802,3.070943,19.833095,174.437119
12,312,1786609375.874238,0,1,23.474924,12.779932,43.475466,13.294245,-3.149755,0.265439,3.160920,1.209715,0.014489,1.209802,3.057518,20.007153,173.709864
12,313,1786609375.914122,0,1,23.349032,12.788881,43.523855,13.294795,-3.147298,0.223730,3.155240,1.209724,0.013751,1.209802,3.070626,20.181165,174.497409
12,314,1786609375.954198,0,1,23.223507,12.799499,43.572244,13.295314,-3.138122,0.265447,3.149329,1.209732,0.012974,1.209802,3.057206,20.354776,173.769192
12,315,1786609375.994166,0,1,23.098099,12.808453,43.620633,13.295801,-3.135216,0.223870,3.143198,1.209741,0.012163,1.209802,3.070309,20.528321,174.555392
12,316,1786609376.034241,0,1,22.973074,12.819068,43.669023,13.296253,-3.125604,0.265369,3.136849,1.209749,0.011318,1.209802,3.056894,20.701449,173.826307
12,317,1786609376.074228,0,1,22.848184,12.828026,43.717414,13.296671,-3.122269,0.223936,3.130289,1.209757,0.010444,1.209802,3.069993,20.874491,174.611209
12,318,1786609376.114120,0,1,22.723694,12.838634,43.765804,13.297053,-3.112242,0.265206,3.123522,1.209764,0.009544,1.209802,3.056584,21.047103,173.881343
12,319,1786609376.154201,0,1,22.599354,12.847591,43.814195,13.297398,-3.108499,0.223932,3.116554,1.209771,0.008618,1.209802,3.069678,21.219609,174.664988
12,320,1786609376.194203,0,1,22.475431,12.858190,43.862586,13.297705,-3.098078,0.264961,3.109388,1.209778,0.007671,1.209802,3.056276,21.391671,173.934421
12,321,1786609376.234236,0,1,22.351673,12.867144,43.910978,13.297973,-3.093943,0.223858,3.102031,1.209783,0.006702,1.209802,3.069365,21.563609,174.716848
12,322,1786609376.274128,0,1,22.228347,12.877729,43.959369,13.298201,-3.083148,0.264637,3.094485,1.209789,0.005715,1.209802,3.055969,21.735089,173.985652
12,323,1786609376.314209,0,1,22.105202,12.886678,44.007761,13.298395,-3.078639,0.223716,3.086756,1.209792,0.004832,1.209802,3.069053,21.906428,174.766882
12,324,1786609376.354098,0,1,21.982479,12.897250,44.056153,13.298556,-3.068073,0.264287,3.079435,1.209795,0.004044,1.209802,3.055664,22.077321,174.035097
12,325,1786609376.394194,0,1,21.860214,12.909737,44.104545,13.298690,-3.056613,0.312197,3.072515,1.209797,0.003343,1.209802,3.039807,22.247731,173.166398
12,326,1786609376.434203,0,1,21.738458,12.924432,44.152936,13.298799,-3.043913,0.367376,3.066003,1.209799,0.002722,1.209802,3.021482,22.417605,172.161287
12,327,1786609376.474119,0,1,21.616827,12.938103,44.201328,13.298886,-3.040763,0.341755,3.059908,1.209800,0.002175,1.209802,3.029671,22.587383,172.672151
12,328,1786609376.514238,0,1,21.495694,12.953967,44.249720,13.298954,-3.028320,0.396597,3.054179,1.209801,0.001695,1.209802,3.011371,22.756641,171.670229
12,329,1786609376.554208,0,1,21.374647,12.968810,44.298113,13.299005,-3.026188,0.371091,3.048856,1.209801,0.001278,1.209802,3.019575,22.925844,172.183672
12,330,1786609376.594186,0,1,21.254088,12.985836,44.346505,13.299042,-3.013981,0.425642,3.043888,1.209802,0.000918,1.209802,3.001298,23.094541,171.184646
12,331,1786609376.634138,0,1,21.134088,13.005328,44.394897,13.299066,-2.999993,0.487314,3.039314,1.209802,0.000611,1.209802,2.980561,23.262663,170.050070
12,332,1786609376.674132,0,1,21.014142,13.024097,44.443289,13.299080,-2.998660,0.469219,3.035149,1.209802,0.000353,1.209802,2.986375,23.430761,170.434245
12,333,1786609376.714138,0,1,20.894760,13.045319,44.491681,13.299086,-2.984527,0.530552,3.031318,1.209802,0.000138,1.209802,2.965663,23.598285,169.303818
12,334,1786609376.754139,0,1,20.775393,13.065822,44.540073,13.299084,-2.984185,0.512561,3.027884,1.209802,-0.000035,1.209802,2.971493,23.765825,169.691656
12,335,1786609376.794144,0,1,20.656598,13.088766,44.588465,13.299077,-2.969888,0.573604,3.024774,1.209802,-0.000171,1.209802,2.950802,23.932792,168.564998
12,336,1786609376.834171,0,1,20.537777,13.110995,44.636857,13.299066,-2.970510,0.555737,3.022048,1.209802,-0.000272,1.209802,2.956646,24.099814,168.956194
12,337,1786609376.874196,0,1,20.418872,13.132228,44.685249,13.299053,-2.972616,0.530805,3.019635,1.209802,-0.000342,1.209802,2.964890,24.266950,169.481797
12,338,1786609376.914164,0,1,20.300457,13.155606,44.733641,13.299038,-2.960393,0.584460,3.017536,1.209802,-0.000382,1.209802,2.946673,24.433605,168.495570
12,339,1786609376.954117,0,1,20.182618,13.181411,44.782033,13.299022,-2.945977,0.645124,3.015786,1.209802,-0.000395,1.209802,2.926011,24.599697,167.374145
12,340,1786609376.994092,0,1,20.064684,13.206513,44.830425,13.299006,-2.948346,0.627553,3.014394,1.209802,-0.000384,1.209802,2.931873,24.765914,167.769979
12,341,1786609377.034033,0,1,19.946590,13.230632,44.878817,13.298992,-2.952342,0.602976,3.013288,1.209802,-0.000350,1.209802,2.940127,24.932321,168.299774
12,342,1786609377.074143,0,1,19.828987,13.256890,44.927210,13.298981,-2.940077,0.656439,3.012469,1.209802,-0.000295,1.209802,2.921923,25.098258,167.317757
12,343,1786609377.114160,0,1,19.711191,13.282171,44.975602,13.298972,-2.944909,0.632039,3.011970,1.209802,-0.000221,1.209802,2.930179,25.264417,167.848789
12,344,1786609377.154107,0,1,19.593883,13.309590,45.023994,13.298967,-2.932695,0.685481,3.011741,1.209802,-0.000129,1.209802,2.911977,25.430113,166.867956
12,345,1786609377.194159,0,1,19.476350,13.336041,45.072386,13.298966,-2.938328,0.661258,3.011815,1.209802,-0.000021,1.209802,2.920235,25.596063,167.400108
12,346,1786609377.234187,0,1,19.359305,13.364629,45.120778,13.298970,-2.926122,0.714704,3.012141,1.209802,0.000102,1.209802,2.902033,25.761557,166.420296
12,347,1786609377.274117,0,1,19.242004,13.392255,45.169170,13.298979,-2.932513,0.690659,3.012746,1.209802,0.000239,1.209802,2.910290,25.927333,166.953461
12,348,1786609377.314089,0,1,19.124384,13.418638,45.217562,13.298986,-2.940516,0.659569,3.013580,1.209802,0.000171,1.209802,2.920941,26.093453,167.620317
12,349,1786609377.354237,0,1,19.006415,13.443486,45.265954,13.298983,-2.949226,0.621197,3.013938,1.209802,-0.000086,1.209802,2.933997,26.259937,168.420906
12,350,1786609377.394168,0,1,18.888079,13.466505,45.314346,13.298962,-2.958388,0.575475,3.013840,1.209802,-0.000515,1.209802,2.949469,26.426798,169.355363
12,351,1786609377.434111,0,1,18.770023,13.490814,45.362738,13.298918,-2.951397,0.607728,3.013317,1.209802,-0.001103,1.209802,2.938519,26.593407,168.778185
12,352,1786609377.474207,0,1,18.651643,13.513287,45.411130,13.298845,-2.959499,0.561815,3.012353,1.209801,-0.001836,1.209802,2.953991,26.760346,169.710334
12,353,1786609377.514212,0,1,18.532934,13.533628,45.459522,13.298736,-2.967732,0.508526,3.010985,1.209799,-0.002702,1.209802,2.971889,26.927613,170.776508
12,354,1786609377.554238,0,1,18.414472,13.554971,45.507914,13.298589,-2.961559,0.533590,3.009245,1.209796,-0.003689,1.209802,2.963333,27.094655,170.328650
12,355,1786609377.594213,0,1,18.295731,13.574178,45.556306,13.298397,-2.968512,0.480175,3.007097,1.209793,-0.004787,1.209802,2.981226,27.261970,171.391259
12,356,1786609377.634217,0,1,18.176724,13.590954,45.604697,13.298158,-2.975189,0.419391,3.004603,1.209787,-0.005986,1.209802,3.001553,27.429536,172.587908
12,357,1786609377.674238,0,1,18.057537,13.604995,45.653088,13.297867,-2.979661,0.351026,3.000266,1.209780,-0.007276,1.209802,3.024326,27.597260,173.918750
12,358,1786609377.714141,0,1,17.938211,13.616009,45.701479,13.297521,-2.983156,0.275352,2.995836,1.209771,-0.008649,1.209802,3.049551,27.765095,175.383657
12,359,1786609377.754056,0,1,17.818804,13.623704,45.749870,13.297117,-2.985163,0.192363,2.991355,1.209760,-0.010098,1.209802,3.077242,27.932975,176.982881
12,360,1786609377.794045,0,1,17.699400,13.627786,45.798260,13.296653,-2.985112,0.102071,2.986856,1.209746,-0.011614,1.209802,3.107412,28.100811,178.716798
13,0,1786609381.027816,0,1,59.480000,13.100032,29.003536,13.399991,-0.499999,0.000796,0.500000,0.088400,-0.000228,0.088400,3.140000,30.477940,0.472653
13,0,1786609381.067844,0,1,59.480000,13.100032,29.010208,13.399973,-0.499999,0.000796,0.500000,0.166799,-0.000440,0.166800,3.140000,30.471268,0.472743
13,1,1786609381.107783,0,1,59.457179,13.100453,29.020016,13.399948,-0.570537,0.010520,0.570634,0.245199,-0.000634,0.245200,3.123155,30.438636,0.492627
13,2,1786609381.147793,0,1,59.431530,13.100810,29.032960,13.399916,-0.641208,0.008922,0.641270,0.323599,-0.000810,0.323600,3.127680,30.400042,0.233421
13,3,1786609381.187730,0,1,59.403056,13.101183,29.048825,13.399877,-0.711845,0.009329,0.711906,0.396637,-0.000953,0.396638,3.128488,30.355701,0.187066
13,4,1786609381.227710,0,1,59.371757,13.101562,29.067379,13.399835,-0.782485,0.009482,0.782543,0.463843,-0.001067,0.463844,3.129476,30.305846,0.130331
13,5,1786609381.267751,0,1,59.337632,13.101952,29.088406,13.399789,-0.853124,0.009751,0.853180,0.525685,-0.001152,0.525686,3.130163,30.250692,0.090759
13,6,1786609381.307734,0,1,59.300682,13.102355,29.111710,13.399740,-0.923762,0.010067,0.923817,0.582592,-0.001211,0.582593,3.130695,30.190436,0.059971
13,7,1786609381.347729,0,1,59.260906,13.102772,29.137108,13.399690,-0.994399,0.010433,0.994454,0.634958,-0.001246,0.634959,3.131101,30.125260,0.036397
13,8,1786609381.387733,0,1,59.218304,13.103206,29.164434,13.399640,-1.065036,0.010844,1.065092,0.683146,-0.001259,0.683147,3.131412,30.055332,0.018222
13,9,1786609381.427724,0,1,59.172877,13.103658,29.193534,13.399590,-1.135673,0.011294,1.135729,0.727492,-0.001252,0.727493,3.131648,29.980804,0.004223
13,10,1786609381.467723,0,1,59.124625,13.104129,29.224266,13.399541,-1.206310,0.011781,1.206367,0.768301,-0.001226,0.768302,3.131827,29.901818,0.006536
13,11,1786609381.507743,0,1,59.073547,13.104621,29.256500,13.399494,-1.276946,0.012299,1.277005,0.805858,-0.001184,0.805859,3.131961,29.818505,0.014769
13,12,1786609381.547796,0,1,59.019644,13.105135,29.290117,13.399449,-1.347582,0.012846,1.347644,0.840423,-0.001126,0.840423,3.132060,29.730983,0.021031
13,13,1786609381.587758,0,1,58.962915,13.105671,29.325007,13.399406,-1.418219,0.013418,1.418282,0.872234,-0.001053,0.872234,3.132132,29.639364,0.025758
13,14,1786609381.627748,0,1,58.903361,13.106232,29.361067,13.399368,-1.488855,0.014012,1.488921,0.901512,-0.000967,0.901512,3.132182,29.543748,0.029299
13,15,1786609381.667761,0,1,58.840981,13.106817,29.398205,13.399333,-1.559491,0.014624,1.559560,0.928460,-0.000869,0.928460,3.132215,29.444229,0.031932
13,16,1786609381.707762,0,1,58.775776,13.107427,29.436336,13.399303,-1.630127,0.015253,1.630199,0.953263,-0.000760,0.953264,3.132236,29.340892,0.033886
13,17,1786609381.747750,0,1,58.707745,13.108063,29.475380,13.399277,-1.700763,0.015894,1.700838,0.976095,-0.000641,0.976095,3.132248,29.233816,0.035346
13,18,1786609381.787738,0,1,58.636889,13.108724,29.515264,13.399256,-1.771400,0.016545,1.771477,0.997112,-0.000512,0.997112,3.132253,29.123074,0.036466
13,19,1786609381.827738,0,1,58.563208,13.109413,29.555923,13.399241,-1.842036,0.017203,1.842116,1.016459,-0.000375,1.016460,3.132254,29.008733,0.037372
13,20,1786609381.867772,0,1,58.486701,13.110127,29.597294,13.399232,-1.912672,0.017866,1.912755,1.034271,-0.000230,1.034271,3.132252,28.890854,0.038170
13,21,1786609381.907737,0,1,58.407369,13.110868,29.639320,13.399229,-1.983308,0.018532,1.983395,1.050670,-0.000078,1.050670,3.132249,28.769494,0.038949
13,22,1786609381.947744,0,1,58.325211,13.111636,29.681951,13.399232,-2.053945,0.019197,2.054034,1.065768,0.000081,1.065768,3.132247,28.644704,0.039782
13,23,1786609381.987740,0,1,58.240228,13.112431,29.725139,13.399251,-2.124581,0.019859,2.124674,1.079706,0.000478,1.079707,3.132246,28.516531,0.040750
13,24,1786609382.027741,0,1,58.152419,13.113266,29.768842,13.399295,-2.195214,0.020891,2.195314,1.092577,0.001094,1.092577,3.132076,28.385018,0.032111
13,25,1786609382.067743,0,1,58.061792,13.114141,29.813021,13.399372,-2.265676,0.021867,2.265782,1.104465,0.001911,1.104466,3.131942,28.250211,0.025541
13,26,1786609382.107745,0,1,57.968413,13.115056,29.857639,13.399488,-2.334478,0.022875,2.334590,1.115449,0.002913,1.115453,3.131794,28.112213,0.018316
13,27,1786609382.147786,0,1,57.872347,13.116012,29.902663,13.399651,-2.401663,0.023890,2.401782,1.125602,0.004085,1.125609,3.131646,27.971122,0.011108
13,28,1786609382.187860,0,1,57.773655,13.117008,29.948063,13.399868,-2.467277,0.024918,2.467403,1.134990,0.005413,1.135002,3.131494,27.827031,0.003784
13,29,1786609382.227789,0,1,57.672401,13.118047,29.993809,13.400143,-2.531360,0.025958,2.531493,1.143674,0.006885,1.143694,3.131338,27.680029,0.003590
13,30,1786609382.267814,0,1,57.568643,13.119127,30.039878,13.400483,-2.593955,0.027009,2.594095,1.151710,0.008489,1.151742,3.131181,27.530203,0.011002
13,31,1786609382.307799,0,1,57.462439,13.120250,30.086244,13.400891,-2.655100,0.028072,2.655249,1.159151,0.010214,1.159196,3.131020,27.377633,0.018423
13,32,1786609382.347787,0,1,57.353845,13.121416,30.132886,13.401373,-2.714836,0.029145,2.714992,1.166044,0.012050,1.166106,3.130857,27.222399,0.025833
13,33,1786609382.387775,0,1,57.242917,13.122625,30.179783,13.401933,-2.773199,0.030229,2.773363,1.172433,0.013988,1.172516,3.130693,27.064576,0.033209
13,34,1786609382.427786,0,1,57.129708,13.123878,30.226917,13.402574,-2.830226,0.031322,2.830399,1.178358,0.016020,1.178467,3.130526,26.904235,0.040528
13,35,1786609382.467754,0,1,57.014270,13.125175,30.274272,13.403299,-2.885954,0.032423,2.886136,1.183856,0.018138,1.183995,3.130358,26.741445,0.047770
13,36,1786609382.507791,0,1,56.896654,13.126516,30.321830,13.404113,-2.940417,0.033534,2.940608,1.188962,0.020335,1.189136,3.130189,26.576273,0.054913
13,37,1786609382.547795,0,1,56.776908,13.127902,30.369578,13.405017,-2.993650,0.034652,2.993850,1.193706,0.022603,1.193920,3.130018,26.408783,0.061938
13,38,1786609382.587786,0,1,56.655080,13.129333,30.417503,13.406014,-3.045684,0.035776,3.045895,1.198119,0.024938,1.198378,3.129847,26.239036,0.068823
13,39,1786609382.627787,0,1,56.531218,13.130809,30.465592,13.407108,-3.096554,0.036907,3.096774,1.202225,0.027333,1.202536,3.129674,26.067090,0.075551
13,40,1786609382.667758,0,1,56.405367,13.132331,30.513834,13.408299,-3.146289,0.038044,3.146519,1.206050,0.029783,1.206418,3.129502,25.893003,0.082101
13,41,1786609382.707747,0,1,56.277570,13.133899,30.562219,13.409590,-3.194920,0.039186,3.195160,1.209617,0.032283,1.210048,3.129328,25.716829,0.088455
13,42,1786609382.747855,0,1,56.147871,13.135512,30.610737,13.410984,-3.242477,0.040331,3.242727,1.212945,0.034830,1.213445,3.129155,25.538620,0.094596
13,43,1786609382.787797,0,1,56.016311,13.137171,30.659379,13.412480,-3.288988,0.041480,3.289250,1.216055,0.037419,1.216630,3.128982,25.358427,0.100504
13,44,1786609382.827738,0,1,55.882932,13.138876,30.708137,13.414082,-3.334482,0.042631,3.334755,1.218963,0.040046,1.219620,3.128808,25.176299,0.106163
13,45,1786609382.867788,0,1,55.747772,13.140628,30.757005,13.415790,-3.378987,0.043785,3.379270,1.221685,0.042707,1.222432,3.128635,24.992282,0.111556
13,46,1786609382.907775,0,1,55.610871,13.142425,30.805974,13.417606,-3.422528,0.044939,3.422823,1.224237,0.045401,1.225079,3.128463,24.806423,0.116667
13,47,1786609382.947779,0,1,55.472266,13.144269,30.855040,13.419531,-3.465131,0.046094,3.465438,1.226633,0.048123,1.227576,3.128291,24.618765,0.121478
13,48,1786609382.987774,0,1,55.331993,13.146159,30.904193,13.421550,-3.506822,0.047249,3.507141,1.228828,0.050474,1.229864,3.128120,24.429353,0.126011
13,49,1786609383.027772,0,1,55.190108,13.148166,30.953426,13.423650,-3.547127,0.050177,3.547482,1.230839,0.052483,1.231958,3.127448,24.238247,0.159218
13,50,1786609383.067772,0,1,55.046664,13.150269,31.002734,13.425817,-3.586113,0.052573,3.586498,1.232682,0.054178,1.233872,3.126934,24.045509,0.183307
13,51,1786609383.107771,0,1,54.901712,13.152487,31.052108,13.428040,-3.623801,0.055454,3.624225,1.234368,0.055584,1.235619,3.126291,23.851195,0.214763
13,52,1786609383.147785,0,1,54.755302,13.154821,31.101484,13.430306,-3.660232,0.058342,3.660697,1.234382,0.056652,1.235681,3.125655,23.655423,0.245920
13,53,1786609383.187788,0,1,54.607485,13.157279,31.150857,13.432605,-3.695437,0.061455,3.695948,1.234344,0.057477,1.235681,3.124964,23.458243,0.280255
13,54,1786609383.227783,0,1,54.458307,13.159866,31.200230,13.434929,-3.729451,0.064673,3.730011,1.234315,0.058082,1.235681,3.124253,23.259703,0.315901
13,55,1786609383.267793,0,1,54.307815,13.162588,31.249602,13.437268,-3.762304,0.068046,3.762919,1.234296,0.058484,1.235681,3.123508,23.059849,0.353647
13,56,1786609383.307773,0,1,54.156053,13.165449,31.298973,13.439616,-3.794027,0.071533,3.794701,1.234286,0.058699,1.235681,3.122741,22.858725,0.392915
13,57,1786609383.347798,0,1,54.003067,13.168455,31.348345,13.441966,-3.824651,0.075144,3.825389,1.234284,0.058743,1.235681,3.121948,22.656374,0.433863
13,58,1786609383.387796,0,1,53.848899,13.171609,31.397716,13.444311,-3.854205,0.078860,3.855012,1.234290,0.058629,1.235681,3.121135,22.452839,0.476243
13,59,1786609383.427866,0,1,53.693590,13.174916,31.447088,13.446646,-3.882719,0.082677,3.883599,1.234302,0.058371,1.235681,3.120302,22.248162,0.520048
13,60,1786609383.467861,0,1,53.537182,13.178380,31.496461,13.448965,-3.910218,0.086584,3.911177,1.234320,0.057979,1.235681,3.119453,22.042382,0.565134
13,61,1786609383.507796,0,1,53.379712,13.182003,31.545835,13.451263,-3.936732,0.090574,3.937774,1.234344,0.057466,1.235681,3.118589,21.835538,0.611448
13,62,1786609383.547861,0,1,53.221221,13.185788,31.595210,13.453537,-3.962286,0.094637,3.963416,1.234373,0.056840,1.235681,3.117713,21.627669,0.658888
13,63,1786609383.587793,0,1,53.061745,13.189739,31.644586,13.455781,-3.986906,0.098767,3.988129,1.234407,0.056110,1.235681,3.116825,21.418811,0.707396
13,64,1786609383.627861,0,1,52.901320,13.193857,31.693964,13.457993,-4.010617,0.102953,4.011938,1.234444,0.055286,1.235681,3.115928,21.209001,0.756890
13,65,1786609383.667789,0,1,52.739982,13.198144,31.743343,13.460168,-4.033444,0.107190,4.034868,1.234484,0.054375,1.235681,3.115024,20.998274,0.807317
13,66,1786609383.707785,0,1,52.577766,13.202603,31.792724,13.462303,-4.055410,0.111469,4.056941,1.234528,0.053384,1.235681,3.114113,20.786664,0.858614
13,67,1786609383.747793,0,1,52.414704,13.207235,31.842107,13.464396,-4.076538,0.115784,4.078182,1.234573,0.052319,1.235681,3.113198,20.574204,0.910736
13,68,1786609383.787793,0,1,52.250830,13.212040,31.891492,13.466443,-4.096852,0.120128,4.098612,1.234621,0.051187,1.235681,3.112279,20.360928,0.963633
13,69,1786609383.827791,0,1,52.086176,13.217020,31.940879,13.468443,-4.116372,0.124495,4.118254,1.234670,0.049994,1.235681,3.111358,20.146866,1.017273
13,70,1786609383.867799,0,1,51.920771,13.222175,31.990268,13.470393,-4.135121,0.128879,4.137128,1.234720,0.048743,1.235681,3.110436,19.932049,1.071619
13,71,1786609383.907743,0,1,51.754646,13.227506,32.039658,13.472291,-4.153118,0.133275,4.155256,1.234770,0.047441,1.235681,3.109513,19.716507,1.126648
13,72,1786609383.947797,0,1,51.587831,13.233013,32.089051,13.474134,-4.170385,0.137677,4.172657,1.234821,0.046091,1.235681,3.108592,19.500270,1.182337
13,73,1786609383.987792,0,1,51.420353,13.238696,32.138446,13.475923,-4.186942,0.142081,4.189352,1.234872,0.044727,1.235681,3.107671,19.283366,1.238670
13,74,1786609384.027845,0,1,51.252231,13.243956,32.187843,13.477657,-4.203056,0.131497,4.205112,1.234921,0.043350,1.235681,3.110317,19.065820,1.089643
13,75,1786609384.067847,0,1,51.083522,13.249450,32.237242,13.479336,-4.217727,0.137366,4.219963,1.234969,0.041960,1.235681,3.109036,18.847682,1.166531
13,76,1786609384.107785,0,1,50.914233,13.254259,32.286642,13.480958,-4.232224,0.120205,4.233930,1.235015,0.040560,1.235681,3.113198,18.628970,0.929630
13,77,1786609384.147783,0,1,50.744435,13.259600,32.336045,13.482524,-4.244937,0.133534,4.247037,1.235061,0.039150,1.235681,3.110146,18.409740,1.107961
13,78,1786609384.187809,0,1,50.574110,13.263601,32.385449,13.484033,-4.258131,0.100035,4.259306,1.235105,0.037730,1.235681,3.118104,18.189997,0.651442
13,79,1786609384.227816,0,1,50.403372,13.269213,32.434855,13.485485,-4.268457,0.140297,4.270762,1.235148,0.036302,1.235681,3.108736,17.969818,1.192945
13,80,1786609384.267859,0,1,50.232143,13.272341,32.484262,13.486880,-4.280711,0.078189,4.281425,1.235189,0.034867,1.235681,3.123329,17.749177,0.353845
13,81,1786609384.307787,0,1,50.060573,13.277677,32.533672,13.488217,-4.289247,0.133399,4.291321,1.235229,0.033424,1.235681,3.110502,17.528166,1.093137
13,82,1786609384.347848,0,1,49.888578,13.280512,32.583082,13.489496,-4.299880,0.070890,4.300464,1.235268,0.031974,1.235681,3.125108,17.306758,0.252650
13,83,1786609384.387801,0,1,49.716297,13.285564,32.632494,13.490717,-4.307029,0.126302,4.308880,1.235304,0.030519,1.235681,3.112277,17.085034,0.991683
13,84,1786609384.427797,0,1,49.543652,13.288103,32.681908,13.491879,-4.316117,0.063451,4.316584,1.235340,0.029059,1.235681,3.126893,16.862976,0.149850
13,85,1786609384.467810,0,1,49.370766,13.292582,32.731323,13.492983,-4.322149,0.111998,4.323600,1.235373,0.027593,1.235681,3.115686,16.640650,0.794331
13,86,1786609384.507779,0,1,49.197579,13.294473,32.780739,13.494028,-4.329684,0.047269,4.329942,1.235405,0.026123,1.235681,3.130676,16.418053,0.070925
13,87,1786609384.547757,0,1,49.024201,13.298529,32.830157,13.495014,-4.334449,0.101398,4.335635,1.235435,0.024649,1.235681,3.118203,16.195236,0.644964
13,88,1786609384.587738,0,1,48.850580,13.299986,32.879575,13.495941,-4.340536,0.036423,4.340689,1.235464,0.023172,1.235681,3.133201,15.972206,0.222170
13,89,1786609384.627736,0,1,48.676810,13.303527,32.928995,13.496808,-4.344228,0.088528,4.345130,1.235491,0.021691,1.235681,3.121217,15.749002,0.464247
13,90,1786609384.667757,0,1,48.502854,13.304442,32.978415,13.497617,-4.348906,0.022879,4.348966,1.235516,0.020207,1.235681,3.136332,15.525641,0.411485
13,91,1786609384.707783,0,1,48.328790,13.307374,33.027837,13.498365,-4.351605,0.073285,4.352222,1.235539,0.018720,1.235681,3.124753,15.302145,0.249668
13,92,1786609384.747761,0,1,48.154594,13.307642,33.077259,13.499055,-4.354901,0.006717,4.354906,1.235561,0.017231,1.235681,3.140050,15.078549,0.638982
13,93,1786609384.787788,0,1,47.980329,13.310035,33.126683,13.499684,-4.356632,0.059823,4.357043,1.235581,0.015739,1.235681,3.127862,14.854857,0.055204
13,94,1786609384.827781,0,1,47.805983,13.309762,33.176105,13.500254,-4.358632,-0.006843,4.358638,1.235546,0.014246,1.235628,-3.140023,14.631119,0.835943
13,95,1786609384.867799,0,1,47.631605,13.311613,33.225523,13.500764,-4.359469,0.046293,4.359715,1.235454,0.012749,1.235520,3.130974,14.407324,0.143849
13,96,1786609384.907743,0,1,47.457195,13.310796,33.274935,13.501214,-4.360231,-0.020424,4.360279,1.235310,0.011251,1.235361,-3.136909,14.183538,1.037609
13,97,1786609384.947793,0,1,47.282783,13.311669,33.324340,13.501604,-4.360300,0.021815,4.360354,1.235117,0.009752,1.235156,3.136590,13.959736,0.492932
13,98,1786609384.987738,0,1,47.108396,13.309774,33.373738,13.501928,-4.359687,-0.047368,4.359944,1.234946,0.008090,1.234973,-3.130728,13.736002,1.424027
13,99,1786609385.027737,0,1,46.933997,13.309907,33.423129,13.502179,-4.359975,0.003321,4.359976,1.234795,0.006278,1.234811,3.140831,13.512235,0.771679
13,100,1786609385.067729,0,1,46.759600,13.307273,33.472516,13.502352,-4.359922,-0.065864,4.360419,1.234662,0.004329,1.234670,-3.126487,13.288516,1.706636
13,101,1786609385.107724,0,1,46.585150,13.306666,33.521898,13.502442,-4.361253,-0.015175,4.361279,1.234546,0.002254,1.234548,-3.138113,13.064719,1.057982
13,102,1786609385.147772,0,1,46.410661,13.308696,33.571276,13.502445,-4.362232,0.050755,4.362527,1.234446,0.000063,1.234446,3.129958,12.840847,0.197927
13,103,1786609385.187796,0,1,46.236094,13.308566,33.620650,13.502355,-4.364167,-0.003243,4.364168,1.234360,-0.002233,1.234362,-3.140850,12.616932,0.922647
13,104,1786609385.227743,0,1,46.061465,13.311076,33.670022,13.502170,-4.365727,0.062753,4.366178,1.234287,-0.004627,1.234295,3.127220,12.392917,0.059999
13,105,1786609385.267855,0,1,45.886723,13.311425,33.719391,13.501886,-4.368553,0.008715,4.368562,1.234225,-0.007110,1.234246,3.139598,12.168823,0.782500
13,106,1786609385.307912,0,1,45.711897,13.314417,33.768758,13.501499,-4.370655,0.074808,4.371295,1.234175,-0.009675,1.234213,3.124478,11.944604,0.083151
13,107,1786609385.347870,0,1,45.536966,13.315246,33.818123,13.501006,-4.373258,0.020711,4.373307,1.234136,-0.012314,1.234197,3.136857,11.720315,0.636801
13,108,1786609385.387918,0,1,45.361957,13.313295,33.867487,13.500405,-4.375232,-0.048756,4.375504,1.234105,-0.015022,1.234197,-3.130450,11.495993,1.571049
13,109,1786609385.427923,0,1,45.186924,13.307948,33.916851,13.499694,-4.375826,-0.133676,4.377867,1.234084,-0.017792,1.234212,-3.111053,11.271704,2.724494
13,110,1786609385.467959,0,1,45.011752,13.304023,33.966213,13.498869,-4.379290,-0.098140,4.380390,1.234070,-0.020619,1.234242,-3.119186,11.047257,2.294389
13,111,1786609385.507789,0,1,44.836473,13.300256,34.015576,13.497929,-4.381986,-0.094169,4.382998,1.234064,-0.023498,1.234287,-3.120106,10.822702,2.277642
13,112,1786609385.547955,0,1,44.661185,13.293275,34.064938,13.496872,-4.382196,-0.174520,4.385670,1.234064,-0.026424,1.234347,-3.101789,10.598202,3.381331
13,113,1786609385.587932,0,1,44.485732,13.287905,34.114301,13.495696,-4.386337,-0.134243,4.388390,1.234071,-0.029394,1.234421,-3.110997,10.373512,2.900749
13,114,1786609385.627940,0,1,44.310299,13.279316,34.163665,13.494400,-4.385813,-0.214726,4.391066,1.234083,-0.032402,1.234508,-3.092673,10.148914,4.017266
13,115,1786609385.667996,0,1,44.134689,13.272338,34.213029,13.492982,-4.390249,-0.174452,4.393713,1.234100,-0.035446,1.234609,-3.101877,9.924114,3.549488
13,116,1786609385.707915,0,1,43.959137,13.262136,34.262394,13.491441,-4.388798,-0.255046,4.396202,1.234123,-0.038523,1.234724,-3.083545,9.699455,4.680546
13,117,1786609385.747995,0,1,43.783404,13.253546,34.311760,13.489776,-4.393334,-0.214768,4.398580,1.234150,-0.041628,1.234852,-3.092746,9.474590,4.227387
13,118,1786609385.788006,0,1,43.607774,13.241728,34.361127,13.487986,-4.390735,-0.295439,4.400663,1.234181,-0.044760,1.234992,-3.074407,9.249926,5.374997
13,119,1786609385.827942,0,1,43.432371,13.226063,34.410495,13.486069,-4.385096,-0.391634,4.402550,1.234216,-0.047916,1.235145,-3.052519,9.025621,6.754347
13,120,1786609385.867919,0,1,43.256811,13.211390,34.459866,13.484026,-4.389003,-0.366815,4.404304,1.234254,-0.051093,1.235311,-3.058211,8.801169,6.552589
13,121,1786609385.907918,0,1,43.081564,13.192872,34.509237,13.481854,-4.381161,-0.462955,4.405553,1.234295,-0.054289,1.235489,-3.036314,8.577196,7.962794
13,122,1786609385.947933,0,1,42.906172,13.175346,34.558611,13.479554,-4.384810,-0.438138,4.406645,1.234340,-0.057502,1.235678,-3.042002,8.353102,7.793240
13,123,1786609385.987927,0,1,42.731188,13.153982,34.607980,13.477148,-4.374597,-0.534113,4.407083,1.234216,-0.060157,1.235681,-3.020100,8.129634,9.239232
13,124,1786609386.028045,0,1,42.556810,13.128168,34.657344,13.474655,-4.359452,-0.645338,4.406959,1.234109,-0.062307,1.235681,-2.994628,7.907061,10.931948
13,125,1786609386.067914,0,1,42.382395,13.102738,34.706705,13.472096,-4.360373,-0.635753,4.406476,1.234023,-0.063991,1.235681,-2.996810,7.684572,11.050382
13,126,1786609386.107944,0,1,42.208745,13.072885,34.756063,13.469486,-4.341235,-0.746329,4.404921,1.233957,-0.065247,1.235681,-2.971341,7.463227,12.800886
13,127,1786609386.147925,0,1,42.035101,13.043424,34.805420,13.466841,-4.341105,-0.736536,4.403144,1.233912,-0.066108,1.235681,-2.973528,7.242070,12.981208
13,128,1786609386.188012,0,1,41.862375,13.009573,34.854775,13.464177,-4.318159,-0.846261,4.400301,1.233885,-0.066605,1.235681,-2.948068,7.022330,14.799892
13,129,1786609386.227993,0,1,41.689688,12.976124,34.904130,13.461506,-4.317163,-0.836220,4.397404,1.233876,-0.066769,1.235681,-2.950265,6.802896,15.053745
13,130,1786609386.267984,0,1,41.518061,12.938327,34.953485,13.458841,-4.290672,-0.944934,4.393491,1.233884,-0.066626,1.235681,-2.924823,6.585180,16.953554
13,131,1786609386.307981,0,1,41.346499,12.900942,35.002842,13.456193,-4.289068,-0.934636,4.389721,1.233907,-0.066201,1.235681,-2.927036,6.367911,17.295486
13,132,1786609386.348005,0,1,41.176123,12.859252,35.052199,13.453573,-4.259381,-1.042232,4.385040,1.233943,-0.065516,1.235681,-2.901617,6.152696,19.292732
13,133,1786609386.387982,0,1,41.005823,12.817984,35.101559,13.450989,-4.257506,-1.031710,4.380728,1.233992,-0.064594,1.235681,-2.903848,5.938100,19.741138
13,134,1786609386.428001,0,1,40.835486,12.777737,35.150921,13.448451,-4.258427,-1.006165,4.375679,1.234051,-0.063453,1.235681,-2.909572,5.723997,20.022959
13,135,1786609386.467986,0,1,40.666296,12.733841,35.200286,13.445966,-4.229754,-1.097413,4.369797,1.234119,-0.062112,1.235681,-2.887739,5.512204,21.967562
13,136,1786609386.507936,0,1,40.497062,12.690968,35.249654,13.443543,-4.230852,-1.071820,4.364505,1.234195,-0.060588,1.235681,-2.893478,5.301100,22.377524
13,137,1786609386.547925,0,1,40.329030,12.644478,35.299025,13.441187,-4.200796,-1.162251,4.358614,1.234277,-0.058896,1.235681,-2.871671,5.092710,24.465766
13,138,1786609386.587879,0,1,40.160926,12.599008,35.348399,13.438905,-4.202599,-1.136753,4.353625,1.234364,-0.057050,1.235681,-2.877426,4.885268,25.035370
13,139,1786609386.627943,0,1,39.992614,12.555144,35.397777,13.436703,-4.207812,-1.096592,4.348356,1.234454,-0.055063,1.235681,-2.886655,4.678639,25.467575
13,140,1786609386.667994,0,1,39.825345,12.508274,35.447159,13.434585,-4.181709,-1.171764,4.342778,1.234546,-0.052949,1.235681,-2.868388,4.475105,27.599634
13,141,1786609386.708001,0,1,39.657819,12.462995,35.496545,13.432556,-4.188164,-1.131962,4.338439,1.234640,-0.050717,1.235681,-2.877623,4.272733,28.240034
13,142,1786609386.747926,0,1,39.489895,12.419890,35.545934,13.430621,-4.198093,-1.077623,4.334196,1.234734,-0.048378,1.235681,-2.890324,4.071413,28.770628
13,143,1786609386.787928,0,1,39.321457,12.379545,35.595327,13.428783,-4.210957,-1.008638,4.330070,1.234827,-0.045943,1.235681,-2.906495,3.871039,29.196760
13,144,1786609386.827932,0,1,39.153639,12.337337,35.644724,13.427046,-4.195432,-1.055204,4.326096,1.234918,-0.043419,1.235681,-2.895191,3.674228,31.370204
13,145,1786609386.867949,0,1,38.985252,12.297867,35.694124,13.425414,-4.209687,-0.986732,4.323783,1.235007,-0.040815,1.235681,-2.911354,3.478920,32.103276
13,146,1786609386.907926,0,1,38.816188,12.261726,35.743528,13.423888,-4.226604,-0.903534,4.322101,1.235093,-0.038139,1.235681,-2.930989,3.285096,32.784633
13,147,1786609386.947958,0,1,38.647451,12.224265,35.792935,13.422472,-4.218417,-0.936513,4.321123,1.235174,-0.035397,1.235681,-2.923130,3.095797,35.287619
13,148,1786609386.987918,0,1,38.477974,12.190117,35.842345,13.421156,-4.236927,-0.853715,4.322080,1.235243,-0.032916,1.235681,-2.942761,2.908951,36.428348
13,149,1786609387.027913,0,1,38.307685,12.159884,35.891757,13.419929,-4.257230,-0.755828,4.323804,1.235301,-0.030673,1.235681,-2.965884,2.724779,37.612004
13,150,1786609387.067919,0,1,38.136549,12.134182,35.941171,13.418783,-4.278388,-0.642556,4.326370,1.235349,-0.028648,1.235681,-2.992520,2.543597,38.874778
13,151,1786609387.108001,0,1,37.964578,12.113638,35.990586,13.417710,-4.299275,-0.513582,4.329842,1.235390,-0.026823,1.235681,-3.022698,2.365850,40.261956
13,152,1786609387.147852,0,1,37.791836,12.098895,36.040003,13.416703,-4.318551,-0.368583,4.334251,1.235425,-0.025182,1.235681,-3.056450,2.192153,41.830437
13,153,1786609387.187923,0,1,37.618495,12.089730,36.089421,13.415754,-4.333529,-0.229123,4.339582,1.235454,-0.023710,1.235681,-3.088770,2.023958,43.958600
13,154,1786609387.227843,0,1,37.444737,12.084703,36.138841,13.414858,-4.343959,-0.125685,4.345776,1.235478,-0.022392,1.235681,-3.112667,1.864049,47.184573
13,155,1786609387.267830,0,1,37.270633,12.083824,36.188261,13.414010,-4.352593,-0.021954,4.352648,1.235499,-0.021216,1.235681,-3.136549,1.714912,51.153726
13,156,1786609387.307930,0,1,37.096260,12.086650,36.237681,13.413203,-4.359320,0.070646,4.359893,1.235517,-0.020170,1.235681,3.125388,1.580158,56.159582
13,157,1786609387.347929,0,1,36.921621,12.090828,36.287103,13.412433,-4.365974,0.104446,4.367223,1.235531,-0.019243,1.235681,3.117674,1.466034,62.983354
13,158,1786609387.387950,0,1,36.746735,12.096423,36.336524,13.411696,-4.372147,0.139874,4.374384,1.235544,-0.018426,1.235681,3.109612,1.377758,70.845810
13,159,1786609387.427809,0,1,36.571649,12.104046,36.385946,13.410988,-4.377170,0.190586,4.381317,1.235554,-0.017710,1.235681,3.098079,1.320069,79.419892
13,160,1786609387.467791,0,1,36.396297,12.111754,36.435369,13.410304,-4.383793,0.192688,4.388025,1.235563,-0.017085,1.235681,3.097666,1.299138,89.206654
13,161,1786609387.507802,0,1,36.220951,12.124082,36.484792,13.409643,-4.383650,0.308192,4.394471,1.235570,-0.016546,1.235681,3.071403,1.312356,97.576434
13,162,1786609387.547798,0,1,36.045355,12.136433,36.534215,13.408999,-4.389909,0.308777,4.400755,1.235577,-0.016084,1.235681,3.071370,1.363235,106.990997
13,163,1786609387.587882,0,1,35.869477,12.148195,36.583638,13.408371,-4.396950,0.294050,4.406772,1.235582,-0.015694,1.235681,3.074816,1.448472,115.714889
13,164,1786609387.627810,0,1,35.693630,12.163388,36.633062,13.407757,-4.396153,0.379833,4.412532,1.235586,-0.015370,1.235681,3.055406,1.559161,122.112675
13,165,1786609387.667812,0,1,35.517495,12.177808,36.682485,13.407152,-4.403375,0.360508,4.418108,1.235589,-0.015106,1.235681,3.059904,1.693661,128.779970
13,166,1786609387.707809,0,1,35.341258,12.193530,36.731909,13.406556,-4.405945,0.393032,4.423441,1.235591,-0.014898,1.235681,3.052623,1.845358,133.805134
13,167,1786609387.747853,0,1,35.164804,12.209137,36.781327,13.405967,-4.411349,0.390175,4.428570,1.235447,-0.014739,1.235535,3.053374,2.011355,138.430206
13,168,1786609387.787804,0,1,34.988524,12.228502,36.830732,13.405382,-4.406983,0.484121,4.433494,1.235131,-0.014625,1.235218,3.032178,2.186041,141.158839
13,169,1786609387.827744,0,1,34.811935,12.246759,36.880118,13.404800,-4.414729,0.456432,4.438261,1.234656,-0.014552,1.234742,3.038570,2.370325,144.851406
13,170,1786609387.867742,0,1,34.635365,12.266879,36.929480,13.404219,-4.414253,0.502996,4.442818,1.234036,-0.014518,1.234121,3.028134,2.560567,147.128706
13,171,1786609387.907739,0,1,34.458450,12.285457,36.978811,13.403638,-4.422889,0.464467,4.447210,1.233281,-0.014518,1.233366,3.036962,2.757272,150.080186
13,172,1786609387.947781,0,1,34.281747,12.307372,37.028107,13.403056,-4.417573,0.547857,4.451415,1.232403,-0.014551,1.232489,3.018205,2.956860,151.180440
13,173,1786609387.987773,0,1,34.104696,12.327745,37.077384,13.402486,-4.426269,0.509330,4.455477,1.231931,-0.014254,1.232013,3.027027,3.161004,153.558976
13,174,1786609388.027780,0,1,33.927895,12.351459,37.126657,13.401940,-4.420018,0.592862,4.459602,1.231832,-0.013654,1.231908,3.008257,3.366837,154.180157
13,175,1786609388.067722,0,1,33.750725,12.373635,37.175941,13.401429,-4.429257,0.554397,4.463818,1.232077,-0.012775,1.232143,3.017073,3.576096,156.162802
13,176,1786609388.107798,0,1,33.573124,12.393636,37.225246,13.400963,-4.440018,0.500022,4.468085,1.232638,-0.011640,1.232693,3.029448,3.788496,158.154684
13,177,1786609388.147790,0,1,33.395522,12.415112,37.274586,13.400553,-4.440065,0.536898,4.472408,1.233490,-0.010269,1.233533,3.021256,4.002278,158.851259
13,178,1786609388.187744,0,1,33.217461,12.434121,37.323970,13.400205,-4.451503,0.475220,4.476797,1.234609,-0.008681,1.234640,3.035241,4.218617,160.667971
13,179,1786609388.227807,0,1,33.039499,12.455570,37.373397,13.399930,-4.449049,0.536227,4.481248,1.235662,-0.006892,1.235681,3.021645,4.435592,160.834854
13,180,1786609388.267802,0,1,32.861075,12.474547,37.422823,13.399733,-4.460599,0.474417,4.485757,1.235671,-0.004917,1.235681,3.035634,4.654623,162.464122
13,181,1786609388.307852,0,1,32.682443,12.493292,37.472250,13.399622,-4.465803,0.468634,4.490325,1.235678,-0.002776,1.235681,3.037037,4.874801,163.294542
13,182,1786609388.347789,0,1,32.503530,12.511109,37.521678,13.399603,-4.472828,0.445417,4.494951,1.235681,-0.000484,1.235681,3.042337,5.096197,164.272562
13,183,1786609388.387847,0,1,32.324653,12.531055,37.571105,13.399680,-4.471920,0.498672,4.499638,1.235680,0.001943,1.235681,3.030540,5.317872,164.236273
13,184,1786609388.427859,0,1,32.145310,12.548349,37.620532,13.399860,-4.483582,0.432347,4.504379,1.235673,0.004494,1.235681,3.045461,5.541040,165.652191
13,185,1786609388.467804,0,1,31.965901,12.566911,37.669958,13.400146,-4.485237,0.464042,4.509178,1.235661,0.007156,1.235681,3.038500,5.764595,165.782352
13,186,1786609388.507811,0,1,31.786020,12.582571,37.719384,13.400543,-4.497019,0.391509,4.514029,1.235641,0.009918,1.235681,3.054752,5.989481,167.175087
13,187,1786609388.547844,0,1,31.606133,12.600294,37.768809,13.401054,-4.497173,0.443054,4.518945,1.235615,0.012770,1.235681,3.043391,6.214482,166.970098
13,188,1786609388.587786,0,1,31.425784,12.615104,37.818232,13.401682,-4.508726,0.370274,4.523905,1.235582,0.015702,1.235681,3.059653,6.440659,168.290316
13,189,1786609388.627850,0,1,31.245415,12.631982,37.867653,13.402430,-4.509230,0.421933,4.528927,1.235540,0.018705,1.235681,3.048293,6.666906,168.018235
13,190,1786609388.667850,0,1,31.064593,12.645938,37.917073,13.403301,-4.520548,0.348901,4.533992,1.235489,0.021771,1.235681,3.064564,6.894206,169.279634
13,191,1786609388.707787,0,1,30.883737,12.661965,37.966490,13.404297,-4.521400,0.400674,4.539118,1.235431,0.024892,1.235681,3.053206,7.121548,168.952600
13,192,1786609388.747799,0,1,30.702438,12.675060,38.015905,13.405419,-4.532477,0.327386,4.544285,1.235363,0.028062,1.235681,3.069487,7.349845,170.165705
13,193,1786609388.787788,0,1,30.521091,12.690231,38.065316,13.406670,-4.533674,0.379272,4.549511,1.235285,0.031274,1.235681,3.058130,7.578167,169.793123
13,194,1786609388.827755,0,1,30.339311,12.702460,38.114724,13.408051,-4.544503,0.305724,4.554775,1.235199,0.034521,1.235681,3.074421,7.807363,170.966140
13,195,1786609388.867869,0,1,30.157469,12.716769,38.164128,13.409563,-4.546045,0.357723,4.560097,1.235103,0.037799,1.235681,3.063066,8.036576,170.555408
13,196,1786609388.907799,0,1,29.975237,12.728636,38.213528,13.411207,-4.555806,0.296669,4.565455,1.234998,0.041102,1.235681,3.076565,8.266520,171.537881
13,197,1786609388.947790,0,1,29.792944,12.742706,38.262923,13.412984,-4.557312,0.351759,4.570867,1.234882,0.044425,1.235681,3.064560,8.496459,171.061634
13,198,1786609388.987847,0,1,29.610236,12.753934,38.312315,13.414869,-4.567699,0.280708,4.576316,1.234782,0.047129,1.235681,3.080215,8.727142,172.139955
13,199,1786609389.027872,0,1,29.427476,12.767370,38.361703,13.416840,-4.568999,0.335892,4.581329,1.234699,0.049267,1.235681,3.068209,8.957802,171.637658
13,200,1786609389.067865,0,1,29.244362,12.778224,38.411088,13.418875,-4.577865,0.271356,4.585900,1.234633,0.050889,1.235681,3.082386,9.189086,172.609891
13,201,1786609389.107796,0,1,29.061229,12.791352,38.460471,13.420957,-4.578311,0.328182,4.590058,1.234585,0.052040,1.235681,3.070033,9.420305,172.067722
13,202,1786609389.147794,0,1,28.877795,12.802148,38.509854,13.423067,-4.585863,0.269900,4.593799,1.234554,0.052759,1.235681,3.082806,9.652052,172.943345
13,203,1786609389.187853,0,1,28.694382,12.815328,38.559235,13.425191,-4.585322,0.329507,4.597146,1.234541,0.053083,1.235681,3.069855,9.883687,172.352100
13,204,1786609389.227845,0,1,28.510677,12.825812,38.608617,13.427312,-4.592627,0.262109,4.600101,1.234542,0.053045,1.235681,3.084583,10.115839,173.324683
13,205,1786609389.267750,0,1,28.327020,12.838682,38.657999,13.429419,-4.591422,0.321750,4.602682,1.234558,0.052675,1.235681,3.071631,10.347855,172.718798
13,206,1786609389.307799,0,1,28.143105,12.848850,38.707383,13.431499,-4.597869,0.254203,4.604891,1.234587,0.051999,1.235681,3.086362,10.580333,173.678686
13,207,1786609389.347795,0,1,27.959263,12.861405,38.756768,13.433541,-4.596043,0.313863,4.606747,1.234627,0.051041,1.235681,3.073409,10.812652,173.060210
13,208,1786609389.387791,0,1,27.775197,12.871253,38.806155,13.435534,-4.601669,0.246195,4.608250,1.234676,0.049823,1.235681,3.088142,11.045381,174.009150
13,209,1786609389.427807,0,1,27.591226,12.883487,38.855544,13.437469,-4.599259,0.305859,4.609418,1.234734,0.048366,1.235681,3.075189,11.277932,173.379779
13,210,1786609389.467799,0,1,27.407225,12.895765,38.904933,13.439336,-4.600022,0.306958,4.610252,1.234724,0.046685,1.235606,3.074962,11.510550,173.475602
13,211,1786609389.507793,0,1,27.223041,12.905301,38.954299,13.441127,-4.604599,0.238383,4.610765,1.234144,0.044777,1.234956,3.089868,11.743488,174.421239
13,212,1786609389.547789,0,1,27.038986,12.917190,39.003620,13.442834,-4.601381,0.297238,4.610971,1.233041,0.042662,1.233779,3.077085,11.976175,173.788401
13,213,1786609389.587858,0,1,26.855156,12.932110,39.052879,13.444448,-4.595757,0.372996,4.610868,1.231457,0.040356,1.232118,3.060609,12.208478,172.954827
13,214,1786609389.627845,0,1,26.671185,12.944965,39.102056,13.445963,-4.599267,0.321381,4.610481,1.229429,0.037874,1.230013,3.071830,12.440962,173.694942
13,215,1786609389.667794,0,1,26.487071,12.955075,39.151136,13.447372,-4.602863,0.252750,4.609797,1.226994,0.035233,1.227500,3.086736,12.673630,174.630793
13,216,1786609389.707790,0,1,26.303139,12.967536,39.200103,13.448670,-4.598298,0.311503,4.608837,1.224184,0.032443,1.224614,3.073953,12.905936,173.988036
13,217,1786609389.747796,0,1,26.119091,12.977250,39.248944,13.449851,-4.601195,0.242865,4.607600,1.221029,0.029519,1.221386,3.088859,13.138356,174.917123
13,218,1786609389.787848,0,1,25.935242,12.989313,39.297647,13.450909,-4.596220,0.301563,4.606102,1.217557,0.026471,1.217845,3.076075,13.370375,174.267676
13,219,1786609389.827743,0,1,25.751304,12.998630,39.346198,13.451842,-4.598444,0.232941,4.604340,1.213793,0.023310,1.214016,3.090979,13.602446,175.190719
13,220,1786609389.867759,0,1,25.567581,13.010293,39.394589,13.452644,-4.593086,0.291573,4.602332,1.209760,0.020045,1.209926,3.078197,13.834082,174.535322
13,221,1786609389.907782,0,1,25.383794,13.019213,39.442808,13.453311,-4.594665,0.222989,4.600073,1.205480,0.016686,1.205595,3.093098,14.065714,175.452938
13,222,1786609389.947794,0,1,25.200236,13.030475,39.490847,13.453841,-4.588951,0.281545,4.597579,1.200972,0.013240,1.201045,3.080317,14.296880,174.792228
13,223,1786609389.987864,0,1,25.016998,13.044748,39.538738,13.454246,-4.580973,0.356837,4.594849,1.197286,0.010121,1.197329,3.063854,14.527513,173.930667
13,224,1786609390.027790,0,1,24.833702,13.056958,39.586512,13.454538,-4.582384,0.305249,4.592540,1.194355,0.007303,1.194378,3.075077,14.758166,174.645235
13,225,1786609390.067857,0,1,24.650322,13.066433,39.634197,13.454728,-4.584502,0.236862,4.590616,1.192119,0.004762,1.192129,3.089973,14.988905,175.557951
13,226,1786609390.107789,0,1,24.467139,13.078246,39.681818,13.454827,-4.579570,0.295333,4.589083,1.190523,0.002477,1.190526,3.077192,15.219338,174.892294
13,227,1786609390.147847,0,1,24.284222,13.093068,39.729399,13.454844,-4.572931,0.370549,4.587919,1.189515,0.000428,1.189515,3.060738,15.449413,174.025578
13,228,1786609390.187800,0,1,24.101181,13.105834,39.776961,13.454788,-4.576018,0.319145,4.587133,1.189048,-0.001403,1.189049,3.071962,15.679663,174.735249
13,229,1786609390.227777,0,1,23.917988,13.115871,39.824524,13.454667,-4.579824,0.250942,4.586693,1.189079,-0.003035,1.189083,3.086855,15.910143,175.643570
13,230,1786609390.267800,0,1,23.734942,13.128249,39.872106,13.454488,-4.576153,0.309442,4.586603,1.189569,-0.004482,1.189577,3.074075,16.140462,174.973354
13,231,1786609390.307847,0,1,23.551723,13.137900,39.919726,13.454257,-4.580495,0.241276,4.586845,1.190479,-0.005758,1.190493,3.088967,16.371060,175.877491
13,232,1786609390.347729,0,1,23.368618,13.149893,39.967397,13.453982,-4.577608,0.299829,4.587417,1.191778,-0.006878,1.191798,3.076187,16.601564,175.203000
13,233,1786609390.387878,0,1,23.185701,13.164900,40.015134,13.453668,-4.572939,0.375170,4.588303,1.193433,-0.007854,1.193459,3.059735,16.831911,174.326862
13,234,1786609390.427785,0,1,23.002578,13.177856,40.062951,13.453320,-4.578066,0.323906,4.589511,1.195416,-0.008696,1.195448,3.070959,17.062596,175.027928
13,235,1786609390.467796,0,1,22.819223,13.188087,40.110859,13.452943,-4.583880,0.255773,4.591010,1.197701,-0.009416,1.197738,3.085852,17.293664,175.928774
13,236,1786609390.507739,0,1,22.635942,13.200665,40.158869,13.452543,-4.582029,0.314456,4.592806,1.200264,-0.010022,1.200306,3.073072,17.524738,175.250529
13,237,1786609390.547784,0,1,22.452567,13.213096,40.206993,13.452122,-4.584361,0.310761,4.594882,1.203083,-0.010525,1.203129,3.073909,17.756034,175.350697
13,238,1786609390.587864,0,1,22.269280,13.227966,40.255238,13.451684,-4.582179,0.371754,4.597235,1.206137,-0.010932,1.206186,3.060639,17.987349,174.649089
13,239,1786609390.627859,0,1,22.085719,13.240595,40.303614,13.451234,-4.589018,0.315734,4.599867,1.209406,-0.011251,1.209459,3.072899,18.219113,175.401698
13,240,1786609390.667891,0,1,21.902201,13.255341,40.352129,13.450775,-4.587967,0.368643,4.602754,1.212875,-0.011489,1.212930,3.061415,18.450964,174.799269
13,241,1786609390.707861,0,1,21.718378,13.267674,40.400790,13.450309,-4.595570,0.308336,4.605902,1.216527,-0.011651,1.216583,3.074599,18.683305,175.601447
13,242,1786609390.747789,0,1,21.534618,13.282683,40.449604,13.449839,-4.593997,0.375220,4.609295,1.220348,-0.011745,1.220404,3.060097,18.915725,174.824344
13,243,1786609390.787844,0,1,21.350531,13.295278,40.498577,13.449368,-4.602175,0.314863,4.612933,1.224323,-0.011776,1.224380,3.073283,19.148666,175.625071
13,244,1786609390.827802,0,1,21.166492,13.310554,40.547715,13.448898,-4.600980,0.381904,4.616803,1.228441,-0.011748,1.228498,3.058778,19.381717,174.846074
13,245,1786609390.867801,0,1,20.982103,13.323413,40.597023,13.448431,-4.609708,0.321483,4.620905,1.232691,-0.011667,1.232746,3.071965,19.615318,175.645454
13,246,1786609390.907780,0,1,20.797749,13.338961,40.646448,13.447970,-4.608863,0.388695,4.625225,1.235628,-0.011523,1.235681,3.057455,19.848998,174.864625
13,247,1786609390.947804,0,1,20.613024,13.352089,40.695873,13.447518,-4.618117,0.328195,4.629765,1.235630,-0.011307,1.235681,3.070645,20.083075,175.662744
13,248,1786609390.987864,0,1,20.428320,13.367913,40.745298,13.447079,-4.617596,0.395593,4.634510,1.235632,-0.010985,1.235681,3.056131,20.317132,174.880129
13,249,1786609391.027786,0,1,20.243245,13.381311,40.794724,13.446656,-4.626885,0.334969,4.638994,1.235636,-0.010567,1.235681,3.069323,20.551583,175.677053
13,250,1786609391.067794,0,1,20.058215,13.397410,40.844149,13.446253,-4.625740,0.402477,4.643216,1.235640,-0.010061,1.235681,3.054803,20.785991,174.892692
13,251,1786609391.107851,0,1,19.872831,13.411079,40.893575,13.445874,-4.634609,0.341703,4.647189,1.235645,-0.009474,1.235681,3.067997,21.020773,175.688456
13,252,1786609391.147790,0,1,19.687516,13.427451,40.943001,13.445522,-4.632868,0.409305,4.650913,1.235650,-0.008813,1.235681,3.053473,21.255492,174.902429
13,253,1786609391.187750,0,1,19.502392,13.447218,40.992427,13.445199,-4.628096,0.494178,4.654405,1.235655,-0.008084,1.235681,3.035218,21.490035,173.910554
13,254,1786609391.227782,0,1,19.316959,13.465242,41.041854,13.444907,-4.635845,0.450598,4.657692,1.235660,-0.007292,1.235681,3.044698,21.724904,174.501990
13,255,1786609391.267784,0,1,19.131434,13.483594,41.091280,13.444649,-4.638105,0.458796,4.660742,1.235664,-0.006443,1.235681,3.042995,21.959880,174.452361
13,256,1786609391.307855,0,1,18.946051,13.504362,41.140707,13.444428,-4.634586,0.519216,4.663580,1.235669,-0.005543,1.235681,3.030027,22.194737,173.762489
13,257,1786609391.347792,0,1,18.760347,13.523124,41.190134,13.444244,-4.642592,0.469040,4.666225,1.235673,-0.004594,1.235681,3.040904,22.429925,174.432484
13,258,1786609391.387783,0,1,18.574890,13.545026,41.239561,13.444100,-4.636439,0.547552,4.668659,1.235676,-0.003601,1.235681,3.024040,22.664896,173.519844
13,259,1786609391.427802,0,1,18.389115,13.564919,41.288988,13.443997,-4.644363,0.497335,4.670915,1.235679,-0.002567,1.235681,3.034916,22.900192,174.190406
13,260,1786609391.467782,0,1,18.203621,13.587954,41.338415,13.443937,-4.637353,0.575863,4.672971,1.235680,-0.001497,1.235681,3.018046,23.135242,173.277964
13,261,1786609391.507736,0,1,18.017812,13.608978,41.387843,13.443921,-4.645218,0.525611,4.674860,1.235681,-0.000393,1.235681,3.028921,23.370613,173.949048
13,262,1786609391.547842,0,1,17.831694,13.627288,41.437270,13.443951,-4.652952,0.457737,4.675413,1.235681,0.000742,1.235681,3.043532,23.606287,174.826554
13,263,1786609391.587795,0,1,17.645252,13.642178,41.486697,13.444027,-4.661061,0.372269,4.675904,1.235680,0.001906,1.235681,3.061894,23.842269,175.909784
13,264,1786609391.627785,0,1,17.458506,13.652942,41.536124,13.444151,-4.668647,0.269079,4.676395,1.235677,0.003096,1.235681,3.084021,24.078523,177.198217
13,265,1786609391.667843,0,1,17.271523,13.658864,41.585551,13.444324,-4.674587,0.148049,4.676930,1.235674,0.004309,1.235681,3.109932,24.314975,178.691538
13,266,1786609391.707793,0,1,17.084422,13.659227,41.634978,13.444545,-4.677525,0.009091,4.677534,1.235669,0.005544,1.235681,3.139649,24.551495,179.610349
13,267,1786609391.747843,0,1,16.897387,13.653314,41.684404,13.444817,-4.675864,-0.147823,4.678200,1.235663,0.006800,1.235681,-3.109989,24.787894,177.707318
13,268,1786609391.787799,0,1,16.710360,13.646374,41.733830,13.445140,-4.675681,-0.173508,4.678899,1.235655,0.008073,1.235681,-3.104501,25.024280,177.414059
13,269,1786609391.827795,0,1,16.523324,13.639101,41.783256,13.445515,-4.675903,-0.181818,4.679437,1.235646,0.009363,1.235681,-3.102728,25.260675,177.334139
13,270,1786609391.867773,0,1,16.336260,13.632192,41.832682,13.445942,-4.676602,-0.172739,4.679791,1.235635,0.010669,1.235681,-3.104673,25.497102,177.466103
13,271,1786609391.907778,0,1,16.149153,13.626342,41.882107,13.446421,-4.677671,-0.146244,4.679956,1.235623,0.011988,1.235681,-3.110339,25.733583,177.808680
13,272,1786609391.947789,0,1,15.962000,13.622250,41.931531,13.446954,-4.678822,-0.102295,4.679940,1.235609,0.013320,1.235681,-3.119733,25.970123,178.360779
13,273,1786609391.987752,0,1,15.774817,13.620616,41.980955,13.447534,-4.679576,-0.040848,4.679754,1.235596,0.014499,1.235681,-3.132864,26.206710,179.121464
13,274,1786609392.027789,0,1,15.587678,13.616247,42.030378,13.448155,-4.678477,-0.109230,4.679751,1.235584,0.015536,1.235681,-3.118250,26.443235,178.298329
13,275,1786609392.067746,0,1,15.400490,13.614336,42.079801,13.448813,-4.679691,-0.047791,4.679935,1.235572,0.016444,1.235681,-3.131381,26.679824,179.059429
13,276,1786609392.107794,0,1,15.213336,13.609688,42.129224,13.449502,-4.678850,-0.116183,4.680292,1.235561,0.017232,1.235681,-3.116766,26.916364,178.236573
13,277,1786609392.147801,0,1,15.026116,13.607499,42.178646,13.450219,-4.680506,-0.054742,4.680826,1.235551,0.017910,1.235681,-3.129897,27.152985,178.998036
13,278,1786609392.187794,0,1,14.838920,13.602572,42.228067,13.450958,-4.679905,-0.123157,4.681525,1.235543,0.018488,1.235681,-3.115283,27.389567,178.175387
13,279,1786609392.227843,0,1,14.651640,13.600104,42.277489,13.451717,-4.681985,-0.061705,4.682391,1.235536,0.018972,1.235681,-3.128414,27.626247,178.937173
13,280,1786609392.267867,0,1,14.464376,13.594898,42.326910,13.452492,-4.681606,-0.130155,4.683414,1.235529,0.019371,1.235681,-3.113798,27.862898,178.114668
13,281,1786609392.307845,0,1,14.277012,13.592150,42.376331,13.453280,-4.684093,-0.068685,4.684596,1.235524,0.019691,1.235681,-3.126930,28.099662,178.876746
13,282,1786609392.347784,0,1,14.089656,13.586663,42.425752,13.454077,-4.683919,-0.137181,4.685927,1.235520,0.019939,1.235681,-3.112313,28.336406,178.054331
13,283,1786609392.387839,0,1,13.902184,13.583636,42.475172,13.454882,-4.686798,-0.075683,4.687409,1.235517,0.020119,1.235681,-3.125446,28.573279,178.816675
13,284,1786609392.427794,0,1,13.714711,13.577866,42.524593,13.455691,-4.686814,-0.144237,4.689032,1.235516,0.020239,1.235681,-3.110827,28.810141,177.994303
14,0,1786609451.957532,0,1,59.480000,13.100032,29.003536,13.399991,-0.499999,0.000796,0.500000,0.088400,-0.000231,0.088400,3.140000,30.477940,0.472652
14,0,1786609451.997531,0,1,59.480000,13.100032,29.010208,13.399973,-0.499999,0.000796,0.500000,0.166799,-0.000448,0.166800,3.140000,30.471268,0.472742
14,1,1786609452.037528,0,1,59.457184,13.100634,29.020016,13.399947,-0.570406,0.015066,0.570605,0.245199,-0.000651,0.245200,3.115186,30.438639,0.949586
14,2,1786609452.077512,0,1,59.431555,13.101635,29.032960,13.399913,-0.640721,0.025008,0.641209,0.323599,-0.000837,0.323600,3.102581,30.400058,1.673005
14,3,1786609452.117465,0,1,59.403104,13.102735,29.049040,13.399873,-0.711275,0.027516,0.711807,0.401999,-0.001007,0.402000,3.102926,30.355518,1.654559
14,4,1786609452.157462,0,1,59.371834,13.104016,29.068256,13.399827,-0.781738,0.032009,0.782394,0.480399,-0.001160,0.480400,3.100669,30.305022,1.785471
14,5,1786609452.197476,0,1,59.337747,13.105474,29.090608,13.399775,-0.852190,0.036449,0.852969,0.558798,-0.001295,0.558800,3.098847,30.248571,1.891673
14,6,1786609452.237498,0,1,59.300843,13.107127,29.116096,13.399718,-0.922607,0.041329,0.923532,0.637198,-0.001410,0.637200,3.096827,30.186165,2.009502
14,7,1786609452.277579,0,1,59.261123,13.108990,29.144720,13.399658,-0.992990,0.046573,0.994081,0.715598,-0.001504,0.715600,3.094725,30.117806,2.132363
14,8,1786609452.317538,0,1,59.218590,13.111079,29.176480,13.399595,-1.063335,0.052237,1.064617,0.793998,-0.001576,0.794000,3.092507,30.043495,2.262189
14,9,1786609452.357525,0,1,59.173244,13.113413,29.211375,13.399530,-1.133638,0.058341,1.135138,0.872398,-0.001624,0.872400,3.090174,29.963235,2.398926
14,10,1786609452.397524,0,1,59.125088,13.116010,29.249249,13.399465,-1.203895,0.064914,1.205643,0.946842,-0.001644,0.946843,3.087725,29.877184,2.542801
14,11,1786609452.437519,0,1,59.074124,13.118889,29.289862,13.399399,-1.274101,0.071980,1.276133,1.015326,-0.001639,1.015327,3.085158,29.785583,2.693880
14,12,1786609452.477491,0,1,59.020354,13.122071,29.332995,13.399335,-1.344254,0.079564,1.346606,1.078327,-0.001609,1.078328,3.082473,29.688654,2.852192
14,13,1786609452.517478,0,1,58.963808,13.125577,29.378447,13.399272,-1.413663,0.087646,1.416377,1.136284,-0.001558,1.136286,3.079673,29.586627,3.017709
14,14,1786609452.557498,0,1,58.904543,13.129426,29.426031,13.399213,-1.481619,0.096210,1.484740,1.189601,-0.001486,1.189602,3.076748,29.479747,3.190973
14,15,1786609452.597502,0,1,58.842616,13.133637,29.475577,13.399157,-1.548159,0.105274,1.551734,1.238649,-0.001395,1.238649,3.073698,29.368240,3.372075
14,16,1786609452.637474,0,1,58.778084,13.138230,29.526927,13.399106,-1.613318,0.114834,1.617399,1.283768,-0.001287,1.283769,3.070534,29.252320,3.560410
14,17,1786609452.677479,0,1,58.710998,13.143226,29.579938,13.399059,-1.677131,0.124890,1.681775,1.325274,-0.001164,1.325275,3.067263,29.132184,3.755586
14,18,1786609452.717531,0,1,58.641413,13.148643,29.634477,13.399018,-1.739634,0.135437,1.744898,1.363456,-0.001026,1.363456,3.063895,29.008017,3.957184
14,19,1786609452.757467,0,1,58.569379,13.154502,29.690420,13.398983,-1.800858,0.146471,1.806805,1.398579,-0.000875,1.398579,3.060437,28.879994,4.164817
14,20,1786609452.797478,0,1,58.494945,13.160821,29.747655,13.398954,-1.860837,0.157983,1.867531,1.430888,-0.000712,1.430888,3.056897,28.748276,4.378107
14,21,1786609452.837476,0,1,58.418161,13.167620,29.806080,13.398933,-1.919601,0.169965,1.927111,1.460609,-0.000538,1.460609,3.053281,28.613017,4.596690
14,22,1786609452.877478,0,1,58.339074,13.174916,29.865597,13.398919,-1.977181,0.182407,1.985577,1.487948,-0.000354,1.487948,3.049597,28.474358,4.820212
14,23,1786609452.917485,0,1,58.257730,13.182728,29.926124,13.398894,-2.033607,0.195295,2.042963,1.513157,-0.000626,1.513157,3.045852,28.332431,5.048368
14,24,1786609452.957474,0,1,58.174165,13.190587,29.987580,13.398841,-2.089119,0.196472,2.098337,1.536406,-0.001318,1.536407,3.047823,28.187354,4.949290
14,25,1786609452.997465,0,1,58.088470,13.198604,30.049894,13.398745,-2.142385,0.200422,2.151739,1.557854,-0.002396,1.557855,3.048313,28.039290,4.935549
14,26,1786609453.037523,0,1,58.000714,13.206704,30.113000,13.398592,-2.193893,0.202500,2.203219,1.577642,-0.003828,1.577647,3.049552,27.888374,4.879322
14,27,1786609453.077546,0,1,57.910972,13.214869,30.176836,13.398369,-2.243555,0.204132,2.252822,1.595905,-0.005588,1.595915,3.050857,27.734743,4.819701
14,28,1786609453.117492,0,1,57.819313,13.223059,30.241347,13.398063,-2.291466,0.204755,2.300596,1.612764,-0.007647,1.612782,3.052474,27.578522,4.742558
14,29,1786609453.157516,0,1,57.725807,13.231239,30.306480,13.397663,-2.337659,0.204502,2.346587,1.628332,-0.009981,1.628363,3.054333,27.419832,4.651825
14,30,1786609453.197533,0,1,57.630519,13.239370,30.372188,13.397161,-2.382185,0.203265,2.390841,1.642712,-0.012569,1.642760,3.056472,27.258788,4.545396
14,31,1786609453.237486,0,1,57.533516,13.247411,30.438428,13.396545,-2.425086,0.201037,2.433405,1.655999,-0.015389,1.656070,3.058883,27.095498,4.423572
14,32,1786609453.277479,0,1,57.434860,13.255323,30.505159,13.395808,-2.466405,0.197785,2.474322,1.668280,-0.018422,1.668381,3.061572,26.930067,4.285932
14,33,1786609453.317525,0,1,57.334612,13.263062,30.572345,13.394942,-2.506181,0.193494,2.513639,1.679636,-0.021650,1.679775,3.064539,26.762592,4.132509
14,34,1786609453.357502,0,1,57.232834,13.270588,30.639951,13.393940,-2.544452,0.188151,2.551399,1.690141,-0.025058,1.690326,3.067781,26.593170,3.963303
14,35,1786609453.397529,0,1,57.129584,13.277859,30.707945,13.392795,-2.581255,0.181753,2.587646,1.699862,-0.028630,1.700103,3.071296,26.421889,3.778457
14,36,1786609453.437499,0,1,57.024919,13.284831,30.776300,13.391501,-2.616624,0.174301,2.622423,1.708864,-0.032352,1.709170,3.075078,26.248836,3.578170
14,37,1786609453.477471,0,1,56.918896,13.291463,30.844988,13.390052,-2.650591,0.165803,2.655771,1.717202,-0.036212,1.717584,3.079121,26.074094,3.362719
14,38,1786609453.517465,0,1,56.811568,13.297713,30.913985,13.388444,-2.683187,0.156270,2.687733,1.724931,-0.040197,1.725400,3.083418,25.897742,3.132437
14,39,1786609453.557492,0,1,56.702990,13.303542,30.983269,13.386672,-2.714441,0.145721,2.718349,1.732099,-0.044297,1.732666,3.087961,25.719856,2.887708
14,40,1786609453.597485,0,1,56.593215,13.308909,31.052819,13.384732,-2.744381,0.134177,2.747659,1.738751,-0.048502,1.739428,3.092740,25.540509,2.628957
14,41,1786609453.637470,0,1,56.482294,13.313776,31.122616,13.382620,-2.773034,0.121664,2.775702,1.744928,-0.052803,1.745727,3.097747,25.359771,2.356645
14,42,1786609453.677470,0,1,56.370277,13.318104,31.192643,13.380333,-2.800425,0.108212,2.802515,1.750669,-0.057190,1.751603,3.102971,25.177711,2.071262
14,43,1786609453.717506,0,1,56.257214,13.321858,31.262883,13.377866,-2.826578,0.093852,2.828136,1.756007,-0.061656,1.757089,3.108402,24.994393,1.773320
14,44,1786609453.757529,0,1,56.143153,13.325003,31.333322,13.375219,-2.851518,0.078620,2.852601,1.760976,-0.066195,1.762220,3.114028,24.809882,1.463347
14,45,1786609453.797506,0,1,56.028142,13.327505,31.403946,13.372387,-2.875266,0.062553,2.875946,1.765605,-0.070798,1.767024,3.119840,24.624237,1.141880
14,46,1786609453.837522,0,1,55.912229,13.329333,31.474743,13.369368,-2.897845,0.045691,2.898206,1.769920,-0.075460,1.771528,3.125827,24.437518,0.809462
14,47,1786609453.877514,0,1,55.795457,13.330456,31.545701,13.366161,-2.919277,0.028075,2.919412,1.773948,-0.080175,1.775759,3.131976,24.249783,0.466639
14,48,1786609453.917601,0,1,55.677874,13.330846,31.616806,13.362796,-2.939584,0.009746,2.939600,1.777614,-0.084122,1.779604,3.138277,24.061090,0.113871
14,49,1786609453.957660,0,1,55.559503,13.331631,31.688044,13.359302,-2.959269,0.019626,2.959334,1.780947,-0.087361,1.783089,3.134961,23.871476,0.313566
14,50,1786609453.997587,0,1,55.440359,13.331843,31.759403,13.355704,-2.978606,0.005314,2.978611,1.783974,-0.089948,1.786241,3.139809,23.680969,0.044486
14,51,1786609454.037518,0,1,55.320463,13.332445,31.830871,13.352027,-2.997412,0.015050,2.997450,1.786720,-0.091935,1.789083,3.136572,23.489599,0.239918
14,52,1786609454.077525,0,1,55.199829,13.332565,31.902440,13.348292,-3.015850,0.002998,3.015852,1.789206,-0.093369,1.791640,3.140598,23.297394,0.018289
14,53,1786609454.117581,0,1,55.078476,13.333112,31.974098,13.344520,-3.033803,0.013670,3.033834,1.791453,-0.094294,1.793933,3.137087,23.104382,0.229877
14,54,1786609454.157527,0,1,54.956421,13.333212,32.045837,13.340730,-3.051399,0.002484,3.051400,1.793481,-0.094750,1.795982,3.140778,22.910585,0.027848
14,55,1786609454.197464,0,1,54.833679,13.333814,32.117649,13.336939,-3.068528,0.015063,3.068565,1.795307,-0.094775,1.797807,3.136684,22.716030,0.273369
14,56,1786609454.237472,0,1,54.710266,13.333946,32.189527,13.333163,-3.085333,0.003308,3.085335,1.796948,-0.094403,1.799426,3.140521,22.520739,0.063422
14,57,1786609454.277466,0,1,54.586199,13.334708,32.261464,13.329416,-3.101666,0.019045,3.101724,1.798418,-0.093666,1.800855,3.135453,22.324736,0.365379
14,58,1786609454.317460,0,1,54.461490,13.334901,32.333453,13.325713,-3.117735,0.004821,3.117739,1.799730,-0.092593,1.802111,3.140046,22.128039,0.112387
14,59,1786609454.357550,0,1,54.336159,13.335932,32.405489,13.322064,-3.133285,0.025766,3.133391,1.800898,-0.091211,1.803207,3.133370,21.930674,0.507375
14,60,1786609454.397540,0,1,54.210211,13.336173,32.477544,13.318483,-3.148683,0.006021,3.148689,1.801377,-0.089517,1.803599,3.139680,21.732674,0.156202
14,61,1786609454.437529,0,1,54.083674,13.337612,32.549603,13.314981,-3.163439,0.035987,3.163644,1.801473,-0.087550,1.803599,3.130217,21.534083,0.711969
14,62,1786609454.477507,0,1,53.956543,13.337816,32.621666,13.311567,-3.178260,0.005111,3.178264,1.801579,-0.085351,1.803599,3.139985,21.334893,0.162631
14,63,1786609454.517485,0,1,53.828856,13.339748,32.693734,13.308250,-3.192194,0.048284,3.192559,1.801691,-0.082937,1.803599,3.126468,21.135145,0.951964
14,64,1786609454.557478,0,1,53.700594,13.340016,32.765806,13.305037,-3.206531,0.006711,3.206538,1.801810,-0.080327,1.803599,3.139500,20.934817,0.215644
14,65,1786609454.597493,0,1,53.571802,13.342028,32.837883,13.301935,-3.219814,0.050307,3.220207,1.801932,-0.077536,1.803599,3.125970,20.733957,1.005913
14,66,1786609454.637478,0,1,53.442460,13.342642,32.909966,13.298952,-3.233541,0.015332,3.233577,1.802057,-0.074579,1.803599,3.136851,20.532541,0.393587
14,67,1786609454.677529,0,1,53.312617,13.345066,32.982053,13.296093,-3.246089,0.060605,3.246655,1.802183,-0.071471,1.803599,3.122925,20.330623,1.207612
14,68,1786609454.717529,0,1,53.182241,13.345849,33.054145,13.293365,-3.259392,0.019567,3.259450,1.802309,-0.068223,1.803599,3.135589,20.128164,0.493361
14,69,1786609454.757519,0,1,53.051388,13.348459,33.126243,13.290771,-3.271317,0.065255,3.271968,1.802433,-0.064847,1.803599,3.121648,19.925229,1.308656
14,70,1786609454.797510,0,1,52.920025,13.349650,33.198345,13.288317,-3.284084,0.029780,3.284219,1.802556,-0.061353,1.803599,3.132525,19.721775,0.697727
14,71,1786609454.837517,0,1,52.788213,13.352728,33.270452,13.286006,-3.295309,0.076949,3.296207,1.802675,-0.057752,1.803599,3.118246,19.517875,1.533545
14,72,1786609454.877516,0,1,52.655903,13.354183,33.342563,13.283844,-3.307745,0.036370,3.307945,1.802789,-0.054053,1.803599,3.130598,19.313467,0.838637
14,73,1786609454.917464,0,1,52.523168,13.357541,33.414679,13.281817,-3.318371,0.083942,3.319432,1.802887,-0.050676,1.803599,3.116302,19.108639,1.676102
14,74,1786609454.957507,0,1,52.389959,13.359264,33.486798,13.279914,-3.330219,0.043083,3.330497,1.802971,-0.047595,1.803599,3.128656,18.903328,0.981710
14,75,1786609454.997511,0,1,52.256363,13.362905,33.558920,13.278122,-3.339903,0.091027,3.341143,1.803043,-0.044786,1.803599,3.114345,18.697636,1.820981
14,76,1786609455.037511,0,1,52.122322,13.364901,33.631044,13.276433,-3.351017,0.049904,3.351389,1.803105,-0.042229,1.803599,3.126702,18.491490,1.127312
14,77,1786609455.077521,0,1,51.987915,13.368285,33.703170,13.274837,-3.360172,0.084586,3.361237,1.803158,-0.039904,1.803599,3.116425,18.284984,1.734820
14,78,1786609455.117511,0,1,51.853097,13.369912,33.775298,13.273325,-3.370459,0.040677,3.370704,1.803198,-0.037792,1.803594,3.129525,18.078057,0.997565
14,79,1786609455.157526,0,1,51.717950,13.373381,33.847425,13.271890,-3.378684,0.086726,3.379797,1.803179,-0.035876,1.803536,3.115930,17.870813,1.795766
14,80,1786609455.197528,0,1,51.582419,13.375083,33.919549,13.270524,-3.388262,0.042549,3.388529,1.803105,-0.034141,1.803428,3.129036,17.663179,1.058639
14,81,1786609455.237523,0,1,51.446588,13.378573,33.991669,13.269221,-3.395785,0.087255,3.396906,1.802980,-0.032572,1.803274,3.115903,17.455262,1.830834
14,82,1786609455.277508,0,1,51.310401,13.380274,34.063781,13.267975,-3.404675,0.042530,3.404941,1.802809,-0.031156,1.803078,3.129102,17.246986,1.088754
14,83,1786609455.317502,0,1,51.173931,13.383406,34.135885,13.266780,-3.411741,0.078296,3.412640,1.802595,-0.029882,1.802843,3.118648,17.038446,1.706832
14,84,1786609455.357516,0,1,51.037136,13.384661,34.207978,13.265630,-3.419870,0.031367,3.420014,1.802342,-0.028738,1.802571,3.132421,16.829579,0.930739
14,85,1786609455.397532,0,1,50.900087,13.387694,34.280061,13.264522,-3.426233,0.075841,3.427073,1.802053,-0.027714,1.802266,3.119461,16.620483,1.692681
14,86,1786609455.437515,0,1,50.762739,13.388841,34.352130,13.263450,-3.433703,0.028676,3.433822,1.801731,-0.026801,1.801930,3.133241,16.411088,0.916271
14,87,1786609455.477491,0,1,50.625159,13.391774,34.424185,13.262410,-3.439492,0.073325,3.440274,1.801378,-0.025990,1.801565,3.120277,16.201491,1.678770
14,88,1786609455.517486,0,1,50.487306,13.392812,34.496225,13.261399,-3.446334,0.025944,3.446432,1.800996,-0.025273,1.801174,3.134065,15.991621,0.902146
14,89,1786609455.557498,0,1,50.349243,13.395642,34.568248,13.260414,-3.451583,0.070751,3.452308,1.800589,-0.024642,1.800758,3.121097,15.781574,1.665255
14,90,1786609455.597496,0,1,50.210929,13.396569,34.640255,13.259450,-3.457829,0.023173,3.457907,1.800158,-0.024091,1.800319,3.134891,15.571279,0.888517
14,91,1786609455.637495,0,1,50.072427,13.399294,34.712243,13.258505,-3.462568,0.068126,3.463238,1.799705,-0.023614,1.799860,3.121920,15.360829,1.652291
14,92,1786609455.677475,0,1,49.933697,13.400109,34.784212,13.257577,-3.468248,0.020369,3.468307,1.799232,-0.023204,1.799382,3.135720,15.150155,0.875534
14,93,1786609455.717535,0,1,49.794797,13.402727,34.856162,13.256663,-3.472506,0.065453,3.473123,1.798741,-0.022857,1.798886,3.122746,14.939349,1.640029
14,94,1786609455.757500,0,1,49.655691,13.403428,34.928091,13.255760,-3.477646,0.017534,3.477690,1.798232,-0.022567,1.798374,3.136551,14.728340,0.863349
14,95,1786609455.797507,0,1,49.516432,13.405880,34.999999,13.254867,-3.481478,0.061299,3.482018,1.797708,-0.022330,1.797846,3.123987,14.517218,1.604737
14,96,1786609455.837489,0,1,49.376988,13.406399,35.071886,13.253981,-3.486086,0.012962,3.486110,1.797169,-0.022142,1.797305,3.137874,14.305914,0.823492
14,97,1786609455.877492,0,1,49.237408,13.408719,35.143751,13.253102,-3.489494,0.057998,3.489976,1.796617,-0.021998,1.796751,3.124973,14.094517,1.584822
14,98,1786609455.917493,0,1,49.097664,13.409100,35.215599,13.252225,-3.493606,0.009530,3.493619,1.796196,-0.021909,1.796329,3.138865,13.882952,0.803734
14,99,1786609455.957523,0,1,48.957794,13.411286,35.287434,13.251350,-3.496743,0.054661,3.497170,1.795895,-0.021870,1.796028,3.125962,13.671296,1.565865
14,100,1786609455.997581,0,1,48.817769,13.411529,35.359263,13.250475,-3.500625,0.006074,3.500630,1.795705,-0.021877,1.795838,3.139857,13.459470,0.785031
14,101,1786609456.037506,0,1,48.677624,13.413581,35.431087,13.249598,-3.503628,0.051296,3.504004,1.795617,-0.021926,1.795751,3.126953,13.247552,1.548048
14,102,1786609456.077466,0,1,48.537333,13.413685,35.502912,13.248718,-3.507289,0.002598,3.507290,1.795623,-0.022015,1.795758,3.140852,13.035464,0.767560
14,103,1786609456.117513,0,1,48.396926,13.415601,35.574741,13.247832,-3.510168,0.047907,3.510495,1.795715,-0.022139,1.795851,3.127945,12.823283,1.531558
14,104,1786609456.157525,0,1,48.256381,13.415565,35.646576,13.246940,-3.513617,-0.000897,3.513617,1.795887,-0.022296,1.796025,-3.141337,12.610932,0.751514
14,105,1786609456.197485,0,1,48.115726,13.417345,35.718421,13.246041,-3.516381,0.044494,3.516662,1.796131,-0.022483,1.796272,3.128940,12.398488,1.516596
14,106,1786609456.237504,0,1,47.974941,13.417169,35.790279,13.245133,-3.519626,-0.004411,3.519628,1.796443,-0.022698,1.796586,-3.140339,12.185876,0.737101
14,107,1786609456.277635,0,1,47.834050,13.418811,35.862152,13.244215,-3.522283,0.041059,3.522522,1.796817,-0.022938,1.796963,3.129936,11.973171,1.503385
14,108,1786609456.317618,0,1,47.693121,13.422672,35.934042,13.243287,-3.523212,0.096520,3.524534,1.797247,-0.023201,1.797397,3.114204,11.760448,2.443233
14,109,1786609456.357688,0,1,47.552085,13.424970,36.005951,13.242348,-3.525915,0.057460,3.526383,1.797730,-0.023485,1.797883,3.125298,11.547578,1.839787
14,110,1786609456.397793,0,1,47.411035,13.429490,36.077881,13.241396,-3.526233,0.112989,3.528042,1.798261,-0.023789,1.798418,3.109561,11.334715,2.786101
14,111,1786609456.437814,0,1,47.269886,13.432446,36.149835,13.240432,-3.528740,0.073898,3.529513,1.798836,-0.024111,1.798998,3.120654,11.121709,2.188939
14,112,1786609456.477814,0,1,47.128750,13.437625,36.221813,13.239454,-3.528385,0.129474,3.530759,1.799452,-0.024449,1.799618,3.104914,10.908738,3.142422
14,113,1786609456.517812,0,1,46.987695,13.445427,36.293817,13.238462,-3.526395,0.195072,3.531787,1.800106,-0.024801,1.800276,3.086331,10.695880,4.274984
14,114,1786609456.557824,0,1,46.846546,13.452064,36.365849,13.237455,-3.528711,0.165908,3.532610,1.800794,-0.025168,1.800969,3.094611,10.482894,3.864922
14,115,1786609456.597833,0,1,46.705525,13.461324,36.437909,13.236433,-3.525531,0.231495,3.533124,1.801513,-0.025546,1.801694,3.076024,10.270078,5.011527
14,116,1786609456.637836,0,1,46.564420,13.469416,36.510000,13.235396,-3.527608,0.202319,3.533405,1.802262,-0.025936,1.802449,3.084302,10.057144,4.615832
14,117,1786609456.677752,0,1,46.423495,13.480130,36.582121,13.234343,-3.523148,0.267844,3.533315,1.803038,-0.026335,1.803230,3.065714,9.844442,5.778158
14,118,1786609456.717834,0,1,46.282499,13.489676,36.654257,13.233273,-3.524893,0.238648,3.532962,1.803401,-0.026738,1.803599,3.073992,9.631655,5.398659
14,119,1786609456.757790,0,1,46.141737,13.501838,36.726393,13.232187,-3.519052,0.304051,3.532163,1.803395,-0.027142,1.803599,3.055405,9.419204,6.578648
14,120,1786609456.797821,0,1,46.000922,13.512831,36.798529,13.231085,-3.520360,0.274822,3.531071,1.803389,-0.027554,1.803599,3.063684,9.206706,6.217474
14,121,1786609456.837827,0,1,45.860401,13.526432,36.870664,13.229966,-3.513028,0.340035,3.529446,1.803382,-0.027971,1.803599,3.045101,8.994624,7.417409
14,122,1786609456.877823,0,1,45.720281,13.543034,36.942799,13.228831,-3.503005,0.415029,3.527505,1.803376,-0.028394,1.803599,3.023664,8.783104,8.806905
14,123,1786609456.917774,0,1,45.580159,13.558856,37.014934,13.227686,-3.503050,0.395571,3.525314,1.803372,-0.028614,1.803599,3.029147,8.571625,8.656873
14,124,1786609456.957737,0,1,45.440523,13.577662,37.087069,13.226540,-3.490897,0.470142,3.522413,1.803372,-0.028646,1.803599,3.007722,8.360830,10.077151
14,125,1786609456.997845,0,1,45.300914,13.595684,37.159204,13.225400,-3.490235,0.450551,3.519196,1.803374,-0.028505,1.803599,3.013214,8.150126,9.959585
14,126,1786609457.037847,0,1,45.161881,13.616667,37.231339,13.224272,-3.475829,0.524567,3.515189,1.803379,-0.028207,1.803599,2.991805,7.940243,11.414851
14,127,1786609457.077822,0,1,45.023567,13.640986,37.303474,13.223161,-3.457843,0.607983,3.510886,1.803386,-0.027762,1.803599,2.967544,7.731391,13.070153
14,128,1786609457.117657,0,1,44.885364,13.664897,37.375610,13.222074,-3.455071,0.597772,3.506401,1.803395,-0.027184,1.803599,2.970276,7.522798,13.190354
14,129,1786609457.157827,0,1,44.747240,13.688009,37.447746,13.221015,-3.453108,0.577812,3.501117,1.803405,-0.026482,1.803599,2.975798,7.314416,13.159942
14,130,1786609457.197819,0,1,44.609884,13.714021,37.519883,13.219988,-3.433904,0.650286,3.494935,1.803417,-0.025667,1.803599,2.954437,7.107192,14.709192
14,131,1786609457.237821,0,1,44.473446,13.743293,37.592020,13.218998,-3.410928,0.731815,3.488550,1.803430,-0.024747,1.803599,2.930247,6.901370,16.466177
14,132,1786609457.277815,0,1,44.337181,13.772132,37.664158,13.218049,-3.406648,0.720957,3.482101,1.803443,-0.023733,1.803599,2.933037,6.695987,16.695903
14,133,1786609457.317824,0,1,44.201934,13.804184,37.736296,13.217144,-3.381175,0.801318,3.474832,1.803457,-0.022630,1.803599,2.908892,6.492232,18.520655
14,134,1786609457.357830,0,1,44.066879,13.835789,37.808435,13.216286,-3.376370,0.790104,3.467584,1.803472,-0.021447,1.803599,2.911719,6.289030,18.823884
14,135,1786609457.397826,0,1,43.931962,13.866565,37.880575,13.215478,-3.372914,0.769420,3.459560,1.803486,-0.020189,1.803599,2.917313,6.086313,18.991267
14,136,1786609457.437850,0,1,43.798074,13.900116,37.952715,13.214724,-3.347192,0.838758,3.450683,1.803501,-0.018864,1.803599,2.896063,5.885405,20.755446
14,137,1786609457.477826,0,1,43.665371,13.936781,38.024855,13.214025,-3.317592,0.916622,3.441891,1.803515,-0.017477,1.803599,2.872026,5.686633,22.746907
14,138,1786609457.517832,0,1,43.532890,13.972969,38.096996,13.213383,-3.312026,0.904701,3.433365,1.803528,-0.016033,1.803599,2.874941,5.488707,23.232727
14,139,1786609457.557829,0,1,43.400558,14.008313,38.169136,13.212802,-3.308294,0.883599,3.424260,1.803481,-0.014535,1.803540,2.880599,5.291561,23.600223
14,140,1786609457.597816,0,1,43.269377,14.046340,38.241270,13.212282,-3.279530,0.950682,3.414544,1.803370,-0.012990,1.803416,2.859443,5.096813,25.584423
14,141,1786609457.637834,0,1,43.138339,14.083518,38.313398,13.211826,-3.275944,0.929460,3.405247,1.803199,-0.011400,1.803235,2.865135,4.903050,26.080655
14,142,1786609457.677581,0,1,43.008487,14.123340,38.385517,13.211435,-3.246310,0.995540,3.395530,1.802974,-0.009771,1.803001,2.844029,4.712050,28.207754
14,143,1786609457.717761,0,1,42.878756,14.162313,38.457625,13.211111,-3.243255,0.974315,3.386442,1.802700,-0.008105,1.802718,2.849757,4.522299,28.862961
14,144,1786609457.757833,0,1,42.749058,14.200086,38.529720,13.210855,-3.242471,0.944342,3.377188,1.802379,-0.006406,1.802390,2.858191,4.333749,29.432522
14,145,1786609457.797834,0,1,42.619308,14.236313,38.601801,13.210668,-3.243747,0.905666,3.367807,1.802016,-0.004677,1.802022,2.869322,4.146361,29.921297
14,146,1786609457.837893,0,1,42.490500,14.274448,38.673866,13.210551,-3.220183,0.953370,3.358347,1.801614,-0.002920,1.801617,2.853754,3.962143,32.067899
14,147,1786609457.877837,0,1,42.361604,14.311053,38.745913,13.210505,-3.222421,0.915127,3.349844,1.801177,-0.001140,1.801177,2.864890,3.779474,32.783116
14,148,1786609457.917904,0,1,42.232531,14.345788,38.817949,13.210527,-3.226803,0.868381,3.341607,1.800906,0.000535,1.800906,2.878706,3.598359,33.452941
14,149,1786609457.957830,0,1,42.103205,14.378314,38.889981,13.210611,-3.233148,0.813151,3.333836,1.800790,0.002110,1.800792,2.895199,3.418822,34.088742
14,150,1786609457.997836,0,1,41.974497,14.412084,38.962013,13.210755,-3.217717,0.844262,3.326632,1.800816,0.003595,1.800820,2.884997,3.243185,36.443138
14,151,1786609458.037745,0,1,41.845471,14.443676,39.034052,13.210955,-3.225641,0.789788,3.320922,1.800972,0.004996,1.800979,2.901470,3.069801,37.433993
14,152,1786609458.077578,0,1,41.716051,14.472750,39.106102,13.211208,-3.235513,0.726850,3.316151,1.801248,0.006319,1.801260,2.920614,2.898848,38.458380
14,153,1786609458.117558,0,1,41.586172,14.498963,39.178167,13.211510,-3.246954,0.655334,3.312427,1.801635,0.007570,1.801651,2.942438,2.730572,39.542160
14,154,1786609458.157601,0,1,41.455792,14.521967,39.250252,13.211861,-3.259507,0.575088,3.309850,1.802123,0.008754,1.802145,2.966956,2.565304,40.716554
14,155,1786609458.197597,0,1,41.324887,14.541404,39.322361,13.212256,-3.272622,0.485927,3.308501,1.802705,0.009877,1.802732,2.994187,2.403487,42.019359
14,156,1786609458.237510,0,1,41.193462,14.556909,39.394496,13.212693,-3.285641,0.387641,3.308429,1.803373,0.010943,1.803406,3.024155,2.245706,43.496332
14,157,1786609458.277529,0,1,41.061551,14.568109,39.466638,13.213172,-3.297777,0.280000,3.309643,1.803560,0.011952,1.803599,3.056890,2.092750,45.202239
14,158,1786609458.317628,0,1,40.929227,14.574621,39.538780,13.213688,-3.308089,0.162777,3.312091,1.803553,0.012911,1.803599,3.092427,1.945631,47.202412
14,159,1786609458.357695,0,1,40.796632,14.577475,39.610922,13.214241,-3.314882,0.071367,3.315650,1.803546,0.013823,1.803599,3.120067,1.806742,50.217347
14,160,1786609458.397704,0,1,40.663828,14.577854,39.683063,13.214829,-3.320093,0.009480,3.320107,1.803540,0.014693,1.803599,3.138737,1.679208,54.426723
14,161,1786609458.437696,0,1,40.530825,14.577167,39.755205,13.215450,-3.325073,-0.017188,3.325118,1.803533,0.015522,1.803599,-3.136424,1.567119,60.038434
14,162,1786609458.477677,0,1,40.397620,14.575755,39.827346,13.216102,-3.330126,-0.035290,3.330313,1.803526,0.016315,1.803599,-3.130996,1.474405,66.638399
14,163,1786609458.517644,0,1,40.264213,14.573965,39.899487,13.216785,-3.335167,-0.044766,3.335468,1.803519,0.017073,1.803599,-3.128171,1.405334,74.188801
14,164,1786609458.557672,0,1,40.130607,14.572143,39.971627,13.217497,-3.340161,-0.045546,3.340472,1.803512,0.017800,1.803599,-3.127958,1.363943,82.525210
14,165,1786609458.597683,0,1,39.996804,14.570641,40.043767,13.218237,-3.345071,-0.037556,3.345282,1.803505,0.018497,1.803599,-3.130366,1.353219,91.345593
14,166,1786609458.637655,0,1,39.862811,14.569812,40.115907,13.219004,-3.349819,-0.020717,3.349883,1.803498,0.019166,1.803599,-3.135408,1.374315,100.257911
14,167,1786609458.677676,0,1,39.728644,14.568808,40.188047,13.219796,-3.354178,-0.025103,3.354272,1.803491,0.019810,1.803599,-3.134109,1.425091,108.377342
14,168,1786609458.717683,0,1,39.594306,14.568974,40.260186,13.220613,-3.358464,0.004151,3.358466,1.803484,0.020429,1.803599,3.140357,1.503820,116.353017
14,169,1786609458.757520,0,1,39.459826,14.566718,40.332325,13.221454,-3.361983,-0.056386,3.362456,1.803477,0.021027,1.803599,-3.124823,1.603431,122.005408
14,170,1786609458.797671,0,1,39.325179,14.565633,40.404464,13.222318,-3.366171,-0.027126,3.366280,1.803470,0.021603,1.803599,-3.133535,1.723180,128.318387
14,171,1786609458.837655,0,1,39.190384,14.566082,40.476602,13.223205,-3.369883,0.011225,3.369902,1.803463,0.022160,1.803599,3.138262,1.859483,133.956260
14,172,1786609458.877635,0,1,39.055471,14.568432,40.548741,13.224113,-3.372823,0.058736,3.373334,1.803457,0.022700,1.803599,3.124180,2.009241,139.002488
14,173,1786609458.917637,0,1,38.920409,14.569080,40.620879,13.225037,-3.376554,0.016196,3.376593,1.803451,0.023109,1.803599,3.136796,2.167498,141.952156
14,174,1786609458.957518,0,1,38.785225,14.567975,40.693017,13.225973,-3.379612,-0.027606,3.379725,1.803448,0.023400,1.803599,-3.133424,2.332518,144.408204
14,175,1786609458.997512,0,1,38.649916,14.568469,40.765154,13.226916,-3.382724,0.012348,3.382747,1.803445,0.023581,1.803599,3.137942,2.504795,147.824950
14,176,1786609459.037536,0,1,38.514498,14.566947,40.837292,13.227863,-3.385436,-0.038061,3.385650,1.803444,0.023661,1.803599,-3.130351,2.681141,149.392547
14,177,1786609459.077502,0,1,38.379016,14.563036,40.909430,13.228809,-3.387045,-0.097774,3.388456,1.803444,0.023649,1.803599,-3.112734,2.860622,150.544874
14,178,1786609459.117495,0,1,38.243395,14.560358,40.981568,13.229751,-3.390522,-0.066941,3.391183,1.803446,0.023552,1.803599,-3.121852,3.044356,152.951608
14,179,1786609459.157520,0,1,38.107738,14.555287,41.053706,13.230686,-3.391434,-0.126788,3.393803,1.803448,0.023376,1.803599,-3.104225,3.230061,153.648812
14,180,1786609459.197500,0,1,37.971951,14.551011,41.125844,13.231611,-3.394675,-0.106895,3.396358,1.803451,0.023129,1.803599,-3.110114,3.418751,155.494896
14,181,1786609459.237486,0,1,37.836166,14.544255,41.197982,13.232524,-3.394624,-0.168897,3.398823,1.803455,0.022815,1.803599,-3.091880,3.608663,155.836642
14,182,1786609459.277499,0,1,37.700304,14.537113,41.270120,13.233421,-3.396548,-0.178557,3.401238,1.803460,0.022441,1.803599,-3.089071,3.800421,156.928606
14,183,1786609459.317471,0,1,37.564522,14.527200,41.342259,13.234302,-3.394553,-0.247831,3.403588,1.803465,0.022010,1.803599,-3.068713,3.992854,156.931256
14,184,1786609459.357489,0,1,37.428586,14.518154,41.414398,13.235163,-3.398399,-0.226138,3.405915,1.803471,0.021528,1.803599,-3.075148,4.187214,158.350185
14,185,1786609459.397487,0,1,37.292773,14.506334,41.486537,13.236003,-3.395329,-0.295503,3.408164,1.803477,0.020999,1.803599,-3.054779,4.381940,158.173894
14,186,1786609459.437537,0,1,37.156797,14.495380,41.558676,13.236820,-3.399387,-0.273854,3.410400,1.803484,0.020427,1.803599,-3.061206,4.578265,159.438222
14,187,1786609459.477503,0,1,37.020987,14.481648,41.630816,13.237612,-3.395259,-0.343290,3.412569,1.803491,0.019815,1.803599,-3.040827,4.774741,159.124111
14,188,1786609459.517591,0,1,36.885005,14.468781,41.702956,13.238379,-3.399549,-0.321689,3.414735,1.803498,0.019166,1.803599,-3.047247,4.972578,160.268447
14,189,1786609459.557588,0,1,36.749158,14.453770,41.775096,13.239118,-3.396171,-0.375280,3.416842,1.803505,0.018483,1.803599,-3.031538,5.170631,160.107825
14,190,1786609459.597586,0,1,36.613122,14.439738,41.847236,13.239829,-3.400901,-0.350789,3.418944,1.803512,0.017770,1.803599,-3.038810,5.369891,161.199180
14,191,1786609459.637588,0,1,36.477305,14.423043,41.919371,13.240510,-3.395444,-0.417368,3.420999,1.803368,0.017027,1.803449,-3.019286,5.569064,160.732860
14,192,1786609459.677586,0,1,36.341287,14.407326,41.991495,13.241161,-3.400436,-0.392922,3.423062,1.803085,0.016257,1.803158,-3.026552,5.769297,161.746953
14,193,1786609459.717593,0,1,36.205522,14.388945,42.063602,13.241779,-3.394118,-0.459535,3.425085,1.802674,0.015462,1.802740,-3.007019,5.969345,161.209703
14,194,1786609459.757586,0,1,36.069547,14.371539,42.135687,13.242365,-3.399387,-0.435139,3.427124,1.802145,0.014645,1.802204,-3.014280,6.170340,162.160936
14,195,1786609459.797580,0,1,35.933858,14.351468,42.207748,13.242917,-3.392219,-0.501776,3.429130,1.801507,0.013807,1.801560,-2.994738,6.371073,161.565508
14,196,1786609459.837529,0,1,35.797947,14.332371,42.279778,13.243435,-3.397778,-0.477435,3.431157,1.800769,0.012950,1.800816,-3.001993,6.572664,162.464974
14,197,1786609459.877528,0,1,35.662356,14.310607,42.351776,13.243918,-3.389770,-0.544086,3.433158,1.799939,0.012077,1.799980,-2.982442,6.773933,161.821268
14,198,1786609459.917526,0,1,35.526531,14.289815,42.423746,13.244363,-3.395630,-0.519806,3.435186,1.799264,0.011133,1.799298,-2.989691,6.975998,162.677628
14,199,1786609459.957531,0,1,35.390418,14.270367,42.495696,13.244768,-3.402821,-0.486209,3.437381,1.798730,0.010125,1.798758,-2.999669,7.178915,163.654858
14,200,1786609459.997536,0,1,35.253975,14.252639,42.567629,13.245131,-3.411072,-0.443194,3.439743,1.798326,0.009057,1.798349,-3.012388,7.382723,164.753602
14,201,1786609460.037492,0,1,35.117682,14.233071,42.639550,13.245448,-3.407340,-0.489204,3.442279,1.798043,0.007936,1.798060,-2.998994,7.586429,164.349517
14,202,1786609460.077500,0,1,34.981041,14.215240,42.711465,13.245719,-3.416026,-0.445767,3.444987,1.797869,0.006765,1.797882,-3.011833,7.790984,165.416814
14,203,1786609460.117485,0,1,34.844024,14.199530,42.783377,13.245941,-3.425421,-0.392753,3.447864,1.797798,0.005549,1.797806,-3.027433,7.996416,166.610183
14,204,1786609460.157513,0,1,34.706620,14.186329,42.855290,13.246112,-3.435102,-0.330030,3.450919,1.797819,0.004293,1.797824,-3.045811,8.202733,167.930266
14,205,1786609460.197485,0,1,34.569202,14.171958,42.927207,13.246232,-3.435436,-0.359263,3.454170,1.797927,0.002999,1.797929,-3.037396,8.409115,167.709689
14,206,1786609460.237478,0,1,34.431408,14.160106,42.999131,13.246299,-3.444852,-0.296320,3.457573,1.798113,0.001671,1.798114,-3.055786,8.616317,168.995643
14,207,1786609460.277481,0,1,34.293575,14.147081,43.071066,13.246312,-3.445820,-0.325613,3.461171,1.798372,0.000312,1.798372,-3.047377,8.823590,168.742535
14,208,1786609460.317516,0,1,34.155377,14.136584,43.143014,13.246269,-3.454967,-0.262433,3.464920,1.798699,-0.001074,1.798699,-3.065780,9.031627,169.998998
14,209,1786609460.357510,0,1,34.017114,14.124913,43.214978,13.246169,-3.456569,-0.291778,3.468862,1.799086,-0.002485,1.799088,-3.057380,9.239745,169.717605
14,210,1786609460.397500,0,1,33.878496,14.115779,43.286959,13.246013,-3.465441,-0.228342,3.472956,1.799531,-0.003918,1.799535,-3.075796,9.448580,170.948454
14,211,1786609460.437502,0,1,33.739788,14.105490,43.358960,13.245798,-3.467714,-0.257233,3.477241,1.800027,-0.005372,1.800035,-3.067549,9.657512,170.650493
14,212,1786609460.477486,0,1,33.600736,14.097753,43.430983,13.245524,-3.476301,-0.193426,3.481678,1.800571,-0.006843,1.800584,-3.086009,9.867120,171.860425
14,213,1786609460.517483,0,1,33.461489,14.090188,43.503029,13.245191,-3.481173,-0.189118,3.486306,1.801160,-0.008331,1.801179,-3.087320,10.077031,172.080302
14,214,1786609460.557492,0,1,33.321925,14.085447,43.575101,13.244798,-3.489088,-0.118519,3.491100,1.801789,-0.009832,1.801815,-3.107637,10.287580,173.367353
14,215,1786609460.597480,0,1,33.182196,14.079786,43.647199,13.244344,-3.493232,-0.141518,3.496097,1.802455,-0.011346,1.802491,-3.101103,10.498298,173.115736
14,216,1786609460.637517,0,1,33.042194,14.076128,43.719325,13.243829,-3.500043,-0.091474,3.501238,1.803155,-0.012871,1.803201,-3.115464,10.709521,174.045637
14,217,1786609460.677498,0,1,32.902012,14.071392,43.791467,13.243253,-3.504566,-0.118386,3.506565,1.803542,-0.014402,1.803599,-3.107825,10.920900,173.716296
14,218,1786609460.717471,0,1,32.761545,14.069349,43.863608,13.242615,-3.511666,-0.051081,3.512037,1.803529,-0.015938,1.803599,-3.127048,11.132802,174.907863
14,219,1786609460.757471,0,1,32.620872,14.066230,43.935749,13.241916,-3.516836,-0.077982,3.517701,1.803515,-0.017478,1.803599,-3.119422,11.344864,174.562975
14,220,1786609460.797471,0,1,32.479932,14.065817,44.007889,13.241155,-3.523492,-0.010305,3.523507,1.803499,-0.019024,1.803599,-3.138668,11.557415,175.740693
14,221,1786609460.837479,0,1,32.338760,14.064330,44.080028,13.240332,-3.529307,-0.037185,3.529503,1.803482,-0.020572,1.803599,-3.131057,11.770147,175.381942
14,222,1786609460.877473,0,1,32.197340,14.065565,44.152166,13.239447,-3.535504,0.030881,3.535639,1.803464,-0.022122,1.803599,3.132858,11.983337,176.547391
14,223,1786609460.917485,0,1,32.055661,14.065726,44.224304,13.238512,-3.541959,0.004033,3.541961,1.803448,-0.023381,1.803599,3.140454,12.196727,176.176297
14,224,1786609460.957513,0,1,31.913744,14.064891,44.296442,13.237537,-3.547940,-0.020894,3.548001,1.803435,-0.024371,1.803599,-3.135704,12.410307,175.840031
14,225,1786609460.997521,0,1,31.771597,14.065996,44.368579,13.236533,-3.553669,0.027643,3.553777,1.803425,-0.025113,1.803599,3.133814,12.624261,176.678414
14,226,1786609461.037484,0,1,31.629225,14.065622,44.440715,13.235508,-3.559300,-0.009366,3.559312,1.803417,-0.025627,1.803599,-3.138961,12.838356,176.141965
14,227,1786609461.077494,0,1,31.486659,14.063358,44.512852,13.234470,-3.564139,-0.056606,3.564588,1.803413,-0.025931,1.803599,-3.125712,13.052538,175.449150
14,228,1786609461.117488,0,1,31.343875,14.063032,44.584988,13.233429,-3.569614,-0.008136,3.569623,1.803411,-0.026041,1.803599,-3.139314,13.267077,176.284316
14,229,1786609461.157515,0,1,31.200915,14.060812,44.657125,13.232390,-3.573993,-0.055516,3.574425,1.803412,-0.025974,1.803599,-3.126061,13.481686,175.587154
14,230,1786609461.197483,0,1,31.057784,14.057914,44.729262,13.231360,-3.578264,-0.072429,3.578997,1.803416,-0.025743,1.803599,-3.121354,13.696440,175.380620
14,231,1786609461.237485,0,1,30.914470,14.055515,44.801398,13.230346,-3.582849,-0.059995,3.583351,1.803421,-0.025361,1.803599,-3.124849,13.911422,175.640117
14,232,1786609461.277531,0,1,30.771047,14.050853,44.873536,13.229352,-3.585598,-0.116550,3.587492,1.803428,-0.024841,1.803599,-3.109099,14.126396,174.804423
14,233,1786609461.317509,0,1,30.627422,14.047783,44.945673,13.228384,-3.590616,-0.076741,3.591436,1.803437,-0.024193,1.803599,-3.120223,14.341678,175.500296
14,234,1786609461.357478,0,1,30.483714,14.042445,45.017811,13.227447,-3.592695,-0.133450,3.595172,1.803447,-0.023428,1.803599,-3.104465,14.556929,174.663238
14,235,1786609461.397479,0,1,30.339814,14.038702,45.089949,13.226545,-3.597508,-0.093577,3.598725,1.803458,-0.022555,1.803599,-3.115587,14.772478,175.358405
14,236,1786609461.437527,0,1,30.195856,14.032685,45.162088,13.225682,-3.598939,-0.150421,3.602081,1.803470,-0.021584,1.803599,-3.099821,14.987973,174.520166
14,237,1786609461.477479,0,1,30.051713,14.028265,45.234227,13.224861,-3.603573,-0.110489,3.605266,1.803483,-0.020522,1.803599,-3.110941,15.203756,175.214751
14,238,1786609461.517506,0,1,29.907538,14.021567,45.306367,13.224086,-3.604380,-0.167450,3.608268,1.803495,-0.019377,1.803599,-3.095169,15.419465,174.375483
14,239,1786609461.557471,0,1,29.763199,14.016044,45.378507,13.223360,-3.608468,-0.138077,3.611109,1.803508,-0.018155,1.803599,-3.103347,15.635415,174.902636
14,240,1786609461.597490,0,1,29.618864,14.008156,45.450648,13.222685,-3.608394,-0.197207,3.613779,1.803521,-0.016864,1.803599,-3.086995,15.851258,174.031451
14,241,1786609461.637532,0,1,29.474352,14.001786,45.522790,13.222065,-3.612795,-0.159245,3.616303,1.803533,-0.015509,1.803599,-3.097543,16.067368,174.694588
14,242,1786609461.677484,0,1,29.329869,13.993048,45.594931,13.221501,-3.612063,-0.218462,3.618663,1.803523,-0.014095,1.803578,-3.081185,16.283350,173.823054
14,243,1786609461.717501,0,1,29.185214,13.985829,45.667069,13.220996,-3.616387,-0.180467,3.620887,1.803457,-0.012627,1.803501,-3.091731,16.499591,174.486276
14,244,1786609461.757479,0,1,29.040613,13.976239,45.739202,13.220551,-3.615015,-0.239755,3.622957,1.803338,-0.011110,1.803373,-3.075368,16.715680,173.614458
14,245,1786609461.797506,0,1,28.895842,13.968170,45.811329,13.220169,-3.619282,-0.201731,3.624899,1.803172,-0.009549,1.803197,-3.085912,16.932017,174.277789
14,246,1786609461.837487,0,1,28.751150,13.957727,45.883448,13.219852,-3.617288,-0.261073,3.626697,1.802961,-0.007947,1.802979,-3.069544,17.148180,173.405742
14,247,1786609461.877499,0,1,28.606290,13.948806,45.955556,13.219599,-3.621515,-0.223025,3.628376,1.802710,-0.006309,1.802721,-3.080087,17.364584,174.069201
14,248,1786609461.917513,0,1,28.461533,13.937509,46.027655,13.219407,-3.618916,-0.282407,3.629918,1.802482,-0.004806,1.802488,-3.063714,17.580794,173.196949
14,249,1786609461.957514,0,1,28.316603,13.927736,46.099746,13.219270,-3.623256,-0.244347,3.631486,1.802274,-0.003429,1.802277,-3.074256,17.797250,173.860488
14,250,1786609461.997512,0,1,28.171790,13.915584,46.171830,13.219183,-3.620331,-0.303779,3.633054,1.802085,-0.002168,1.802086,-3.057880,18.013506,172.987993
14,251,1786609462.037475,0,1,28.026793,13.904956,46.243906,13.219142,-3.624918,-0.265718,3.634644,1.801914,-0.001014,1.801914,-3.068420,18.230018,173.651553
14,252,1786609462.077478,0,1,27.881603,13.896273,46.315977,13.219144,-3.629746,-0.217063,3.636231,1.801759,0.000040,1.801759,-3.081863,18.446805,174.474092
14,253,1786609462.117472,0,1,27.736480,13.885632,46.388041,13.219184,-3.628086,-0.266039,3.637827,1.801619,0.001004,1.801619,-3.068396,18.663464,173.759747
14,254,1786609462.157539,0,1,27.591162,13.876938,46.460101,13.219260,-3.632935,-0.217337,3.639430,1.801493,0.001883,1.801494,-3.081840,18.880397,174.580168
14,255,1786609462.197526,0,1,27.445911,13.866284,46.532156,13.219367,-3.631286,-0.266363,3.641042,1.801379,0.002683,1.801381,-3.068372,19.097206,173.863483
14,256,1786609462.237483,0,1,27.300465,13.857579,46.604207,13.219503,-3.636155,-0.217614,3.642661,1.801277,0.003412,1.801280,-3.081817,19.314285,174.681896
14,257,1786609462.277523,0,1,27.155084,13.846911,46.676255,13.219666,-3.634516,-0.266688,3.644287,1.801185,0.004074,1.801190,-3.068347,19.531245,173.962983
14,258,1786609462.317513,0,1,27.009508,13.838196,46.748299,13.219853,-3.639403,-0.217892,3.645920,1.801104,0.004674,1.801110,-3.081794,19.748474,174.779494
14,259,1786609462.357473,0,1,26.863997,13.827515,46.820340,13.220062,-3.637773,-0.267016,3.647559,1.801031,0.005217,1.801039,-3.068323,19.965586,174.058462
14,260,1786609462.397491,0,1,26.718290,13.818788,46.892379,13.220290,-3.642676,-0.218173,3.649204,1.800967,0.005708,1.800976,-3.081771,20.182965,174.873172
14,261,1786609462.437493,0,1,26.572648,13.808094,46.964415,13.220536,-3.641053,-0.267347,3.650855,1.800910,0.006150,1.800921,-3.068299,20.400230,174.150123
14,262,1786609462.477474,0,1,26.426809,13.799356,47.036450,13.220798,-3.645972,-0.218455,3.652510,1.800861,0.006547,1.800873,-3.081748,20.617760,174.963130
14,263,1786609462.517485,0,1,26.281035,13.788649,47.108482,13.221074,-3.644354,-0.267678,3.654171,1.800818,0.006903,1.800831,-3.068274,20.835180,174.238162
14,264,1786609462.557527,0,1,26.135063,13.779900,47.180514,13.221363,-3.649287,-0.218738,3.655836,1.800781,0.007220,1.800795,-3.081724,21.052861,175.049557
14,265,1786609462.597482,0,1,25.989156,13.769179,47.252544,13.221663,-3.647673,-0.268012,3.657506,1.800749,0.007502,1.800765,-3.068250,21.270435,174.322763
14,266,1786609462.637535,0,1,25.843052,13.760418,47.324572,13.221973,-3.652618,-0.219022,3.659179,1.800723,0.007752,1.800739,-3.081701,21.488268,175.132632
14,267,1786609462.677510,0,1,25.697011,13.749684,47.396600,13.222292,-3.651007,-0.268346,3.660856,1.800701,0.007971,1.800718,-3.068225,21.705997,174.404102
14,268,1786609462.717548,0,1,25.550773,13.740912,47.468628,13.222618,-3.655963,-0.219308,3.662535,1.800683,0.008163,1.800702,-3.081678,21.923982,175.212528
14,269,1786609462.757516,0,1,25.404599,13.730165,47.540655,13.222952,-3.654353,-0.268682,3.664217,1.800669,0.008329,1.800689,-3.068201,22.141866,174.482342
14,270,1786609462.797501,0,1,25.258226,13.721381,47.612681,13.223290,-3.659318,-0.219594,3.665901,1.800659,0.008472,1.800679,-3.081655,22.360003,175.289404
14,271,1786609462.837495,0,1,25.111918,13.710620,47.684707,13.223634,-3.657708,-0.269019,3.667587,1.800653,0.008592,1.800673,-3.068176,22.578042,174.557643
14,272,1786609462.877503,0,1,24.965411,13.701825,47.756733,13.223982,-3.662680,-0.219881,3.669274,1.800649,0.008693,1.800670,-3.081632,22.796331,175.363412
14,273,1786609462.917525,0,1,24.818968,13.691051,47.828758,13.224340,-3.661067,-0.269356,3.670962,1.800618,0.008959,1.800641,-3.068152,23.014523,174.630168
14,274,1786609462.957519,0,1,24.672327,13.682244,47.900780,13.224715,-3.666014,-0.220166,3.672619,1.800563,0.009377,1.800588,-3.081609,23.232958,175.434767
14,275,1786609462.997513,0,1,24.525741,13.671636,47.972800,13.225113,-3.664662,-0.265201,3.674245,1.800485,0.009935,1.800513,-3.069351,23.451310,174.769878
14,276,1786609463.037467,0,1,24.378959,13.663033,48.044815,13.225538,-3.669544,-0.215069,3.675841,1.800387,0.010622,1.800418,-3.083051,23.669900,175.586714
14,277,1786609463.077471,0,1,24.232242,13.652483,48.116826,13.225995,-3.667937,-0.263752,3.677407,1.800269,0.011426,1.800305,-3.069809,23.888392,174.864107
14,278,1786609463.117488,0,1,24.085332,13.643941,48.188831,13.226488,-3.672739,-0.213565,3.678943,1.800133,0.012338,1.800176,-3.083509,24.107114,175.679856
14,279,1786609463.157536,0,1,23.938488,13.633449,48.260831,13.227022,-3.671092,-0.262290,3.680451,1.799982,0.013350,1.800031,-3.070266,24.325738,174.955987
14,280,1786609463.197525,0,1,23.791456,13.624967,48.332823,13.227600,-3.675816,-0.212051,3.681927,1.799815,0.014451,1.799873,-3.083969,24.544584,175.770744
14,281,1786609463.237534,0,1,23.644491,13.614534,48.404809,13.228226,-3.674130,-0.260815,3.683376,1.799635,0.015635,1.799703,-3.070725,24.763331,175.045710
14,282,1786609463.277525,0,1,23.497340,13.606113,48.476786,13.228901,-3.678775,-0.210525,3.684794,1.799442,0.016894,1.799521,-3.084428,24.982295,175.859555
14,283,1786609463.317530,0,1,23.350258,13.595740,48.548756,13.229630,-3.677050,-0.259328,3.686183,1.799237,0.018223,1.799329,-3.071183,25.201158,175.133440
14,284,1786609463.357510,0,1,23.202993,13.587381,48.620717,13.230415,-3.681615,-0.208989,3.687542,1.799022,0.019613,1.799129,-3.084888,25.420230,175.946446
14,285,1786609463.397542,0,1,23.055728,13.578135,48.692668,13.231257,-3.681623,-0.231152,3.688872,1.798797,0.021060,1.798920,-3.078890,25.639287,175.632196
14,286,1786609463.437515,0,1,22.908288,13.571116,48.764611,13.232160,-3.685999,-0.175455,3.690172,1.798562,0.022559,1.798704,-3.094028,25.858544,176.523692
14,287,1786609463.477515,0,1,22.760890,13.562353,48.836544,13.233124,-3.684946,-0.219076,3.691452,1.798320,0.024103,1.798482,-3.082211,26.077732,175.874308
14,288,1786609463.517513,0,1,22.613327,13.555821,48.908466,13.234151,-3.689082,-0.163315,3.692695,1.798070,0.025690,1.798253,-3.097352,26.297107,176.764314
14,289,1786609463.557518,0,1,22.465802,13.547542,48.980379,13.235244,-3.688117,-0.206965,3.693919,1.797813,0.027313,1.798020,-3.085535,26.516416,176.113297
14,290,1786609463.597530,0,1,22.318122,13.541496,49.052281,13.236403,-3.692013,-0.151144,3.695105,1.797549,0.028970,1.797783,-3.100678,26.735900,177.001896
14,291,1786609463.637522,0,1,22.170476,13.533704,49.124172,13.237629,-3.691134,-0.194822,3.696272,1.797280,0.030657,1.797541,-3.088861,26.955322,176.349334
14,292,1786609463.677524,0,1,22.022685,13.528146,49.196052,13.238924,-3.694788,-0.138942,3.697399,1.797005,0.032370,1.797296,-3.104005,27.174907,177.236600
14,293,1786609463.717518,0,1,21.874965,13.520842,49.267921,13.240288,-3.692987,-0.182597,3.697498,1.796725,0.034106,1.797049,-3.092189,27.394393,176.582567
14,294,1786609463.757516,0,1,21.727153,13.515745,49.339779,13.241723,-3.695302,-0.127421,3.697498,1.796440,0.035862,1.796798,-3.107124,27.613985,177.456546
14,295,1786609463.797519,0,1,21.579412,13.508896,49.411625,13.243228,-3.693531,-0.171230,3.697498,1.796152,0.037636,1.796546,-3.095266,27.833481,176.798805
14,296,1786609463.837508,0,1,21.431614,13.503409,49.483459,13.244805,-3.694953,-0.137168,3.697498,1.795859,0.039424,1.796292,-3.104487,28.053037,177.345792
14,297,1786609463.877520,0,1,21.283900,13.495999,49.555282,13.246454,-3.692854,-0.185264,3.697498,1.795563,0.041224,1.796036,-3.091467,28.272483,176.622262
14,298,1786609463.917527,0,1,21.136097,13.490648,49.627101,13.248158,-3.695077,-0.133772,3.697498,1.795488,0.042611,1.795994,-3.105406,28.492037,177.439007
14,299,1786609463.957525,0,1,20.988294,13.485274,49.698926,13.249903,-3.695056,-0.134353,3.697498,1.795617,0.043616,1.796147,-3.105249,28.711596,177.447932
14,300,1786609463.997519,0,1,20.840424,13.482337,49.770763,13.251674,-3.696769,-0.073409,3.697498,1.795934,0.044269,1.796480,-3.121738,28.931259,178.405581
14,301,1786609464.037509,0,1,20.692592,13.477851,49.842620,13.253458,-3.695797,-0.112152,3.697498,1.796424,0.044597,1.796977,-3.111256,29.150892,177.820797
14,302,1786609464.077510,0,1,20.544706,13.475803,49.914503,13.255243,-3.697143,-0.051199,3.697498,1.797072,0.044627,1.797626,-3.127745,29.370625,178.776335
14,303,1786609464.117513,0,1,20.396817,13.476634,49.986418,13.257018,-3.697236,0.020779,3.697294,1.797866,0.044381,1.798414,3.135973,29.590416,179.896754
14,304,1786609464.157533,0,1,20.248942,13.476351,50.058370,13.258773,-3.696873,-0.007092,3.696880,1.798795,0.043881,1.799330,-3.139674,29.810222,179.471893
14,305,1786609464.197508,0,1,20.101116,13.478945,50.130364,13.260499,-3.695638,0.064857,3.696207,1.799847,0.043148,1.800365,3.124045,30.030042,179.411379
14,306,1786609464.237544,0,1,19.953310,13.480424,50.202404,13.262187,-3.695157,0.036982,3.695342,1.801014,0.042201,1.801508,3.131585,30.249881,179.839946
14,307,1786609464.277533,0,1,19.805605,13.484779,50.274496,13.263829,-3.692633,0.108857,3.694237,1.802284,0.041056,1.802752,3.112122,30.469692,178.726917
14,308,1786609464.317534,0,1,19.657922,13.488018,50.346622,13.265418,-3.692068,0.080976,3.692956,1.803162,0.039720,1.803599,3.119664,30.689507,179.159150
14,309,1786609464.357526,0,1,19.510390,13.494127,50.418750,13.266946,-3.688290,0.152735,3.691451,1.803195,0.038198,1.803599,3.100206,30.909194,178.049818
14,310,1786609464.397520,0,1,19.362883,13.499121,50.490879,13.268407,-3.687674,0.124845,3.689787,1.803230,0.036525,1.803599,3.107751,31.128851,178.485671
14,311,1786609464.437532,0,1,19.215576,13.506979,50.563010,13.269795,-3.682678,0.196449,3.687914,1.803265,0.034712,1.803599,3.088299,31.348331,177.380017
14,312,1786609464.477516,0,1,19.068295,13.513721,50.635142,13.271106,-3.682042,0.168548,3.685898,1.803302,0.032773,1.803599,3.095849,31.567779,177.819428
14,313,1786609464.517514,0,1,18.921260,13.523319,50.707275,13.272335,-3.675864,0.239961,3.683688,1.803338,0.030720,1.803599,3.076405,31.787006,176.717421
14,314,1786609464.557540,0,1,18.774251,13.531801,50.779410,13.273478,-3.675237,0.212049,3.681349,1.803373,0.028562,1.803599,3.083960,32.006202,177.160323
14,315,1786609464.597536,0,1,18.627534,13.543131,50.851546,13.274530,-3.667911,0.283238,3.678830,1.803407,0.026311,1.803599,3.064525,32.225132,176.061922
14,316,1786609464.637526,0,1,18.480841,13.553343,50.923684,13.275489,-3.667319,0.255315,3.676196,1.803440,0.023975,1.803599,3.072086,32.444032,176.508241
14,317,1786609464.677478,0,1,18.334486,13.566393,50.995823,13.276352,-3.658879,0.326249,3.673395,1.803470,0.021564,1.803599,3.052661,32.662624,175.413399
14,318,1786609464.717488,0,1,18.188152,13.578326,51.067963,13.277115,-3.658348,0.298316,3.670491,1.803498,0.019085,1.803599,3.060229,32.881190,175.863057
14,319,1786609464.757546,0,1,18.041833,13.588713,51.140104,13.277777,-3.657972,0.259680,3.667177,1.803523,0.016546,1.803599,3.070721,33.099731,176.477614
14,320,1786609464.797610,0,1,17.895525,13.597128,51.212246,13.278335,-3.657709,0.210362,3.663754,1.803545,0.013954,1.803599,3.084144,33.318246,177.256650
14,321,1786609464.837579,0,1,17.749238,13.603142,51.284388,13.278788,-3.657172,0.150359,3.660261,1.803564,0.011316,1.803599,3.100502,33.536718,178.199846
14,322,1786609464.877597,0,1,17.603003,13.606329,51.356531,13.279133,-3.655868,0.079668,3.656736,1.803579,0.008637,1.803599,3.119804,33.755114,179.307011
14,323,1786609464.917602,0,1,17.456875,13.606260,51.428675,13.279383,-3.653203,-0.001708,3.653203,1.803589,0.006256,1.803599,-3.141125,33.973372,179.421932
14,324,1786609464.957537,0,1,17.310921,13.602510,51.500819,13.279549,-3.648850,-0.093756,3.650055,1.803595,0.004150,1.803599,-3.115904,34.191423,177.986916
14,325,1786609464.997534,0,1,17.165242,13.594651,51.572962,13.279641,-3.641975,-0.196466,3.647270,1.803598,0.002297,1.803599,-3.087700,34.409162,176.387630
14,326,1786609465.037529,0,1,17.019669,13.586654,51.645106,13.279668,-3.639341,-0.199928,3.644828,1.803599,0.000677,1.803599,-3.086713,34.626799,176.347641
14,327,1786609465.077513,0,1,16.874170,13.578940,51.717250,13.279639,-3.637464,-0.192867,3.642574,1.803599,-0.000726,1.803599,-3.088620,34.844366,176.472728
14,328,1786609465.117586,0,1,16.728720,13.571928,51.789394,13.279562,-3.636266,-0.175302,3.640489,1.803598,-0.001931,1.803599,-3.093421,35.061894,176.762175
14,329,1786609465.157520,0,1,16.583296,13.566038,51.861538,13.279444,-3.635588,-0.147236,3.638568,1.803597,-0.002952,1.803599,-3.101116,35.279406,177.215420
14,330,1786609465.197487,0,1,16.437888,13.561692,51.933682,13.279292,-3.635190,-0.108659,3.636814,1.803595,-0.003804,1.803599,-3.111711,35.496917,177.832059
14,331,1786609465.237520,0,1,16.292498,13.559310,52.005826,13.279112,-3.634749,-0.059551,3.635237,1.803594,-0.004500,1.803599,-3.125210,35.714426,178.611840
14,332,1786609465.277529,0,1,16.147145,13.559314,52.077969,13.278910,-3.633848,0.000114,3.633848,1.803592,-0.005052,1.803599,3.141561,35.931919,179.554666
15,0,1786609468.558971,0,1,59.480000,13.100032,29.003536,13.399989,-0.499999,0.000796,0.500000,0.088400,-0.000268,0.088400,3.140000,30.477940,0.472650
15,0,1786609468.598936,0,1,59.480000,13.100032,29.010208,13.399968,-0.499999,0.000796,0.500000,0.166799,-0.000542,0.166800,3.140000,30.471268,0.472732
15,1,1786609468.638910,0,1,59.457180,13.100518,29.020016,13.399935,-0.570502,0.012159,0.570632,0.245199,-0.000821,0.245200,3.120283,30.438637,0.657367
15,2,1786609468.678880,0,1,59.431533,13.100946,29.032960,13.399891,-0.641177,0.010687,0.641266,0.323598,-0.001105,0.323600,3.124926,30.400043,0.391464
15,3,1786609468.718978,0,1,59.403061,13.101412,29.049040,13.399835,-0.711804,0.011661,0.711900,0.401998,-0.001396,0.402000,3.125212,30.355488,0.375281
15,4,1786609468.758922,0,1,59.371763,13.101905,29.068256,13.399767,-0.782436,0.012309,0.782533,0.480397,-0.001692,0.480400,3.125862,30.304971,0.338151
15,5,1786609468.798913,0,1,59.337641,13.102430,29.090607,13.399687,-0.853066,0.013133,0.853167,0.558796,-0.001995,0.558800,3.126199,30.248494,0.318935
15,6,1786609468.838911,0,1,59.300693,13.102991,29.116095,13.399595,-0.923693,0.014038,0.923800,0.637196,-0.002305,0.637200,3.126396,30.186055,0.307705
15,7,1786609468.878944,0,1,59.260920,13.103593,29.144719,13.399490,-0.994319,0.015041,0.994433,0.715595,-0.002622,0.715600,3.126467,30.117655,0.303720
15,8,1786609468.918952,0,1,59.218322,13.104239,29.176479,13.399372,-1.064943,0.016139,1.065066,0.793994,-0.002947,0.794000,3.126439,30.043293,0.305371
15,9,1786609468.959024,0,1,59.172900,13.104932,29.211375,13.399241,-1.135566,0.017332,1.135698,0.872394,-0.003280,0.872400,3.126331,29.962971,0.311661
15,10,1786609468.999021,0,1,59.124652,13.105677,29.249406,13.399096,-1.206187,0.018622,1.206331,0.950793,-0.003621,0.950800,3.126155,29.876687,0.321807
15,11,1786609469.039039,0,1,59.073580,13.106477,29.290574,13.398937,-1.276806,0.020009,1.276963,1.029192,-0.003972,1.029200,3.125923,29.784442,0.335212
15,12,1786609469.079029,0,1,59.019683,13.107337,29.334878,13.398764,-1.347424,0.021494,1.347595,1.107591,-0.004333,1.107600,3.125642,29.686236,0.351412
15,13,1786609469.118957,0,1,58.962961,13.108260,29.382201,13.398576,-1.418040,0.023077,1.418227,1.183083,-0.004690,1.183092,3.125320,29.582185,0.370040
15,14,1786609469.158963,0,1,58.903415,13.109250,29.432302,13.398375,-1.488653,0.024760,1.488859,1.252513,-0.005029,1.252523,3.124962,29.472532,0.390805
15,15,1786609469.198953,0,1,58.841045,13.110312,29.484956,13.398161,-1.559265,0.026544,1.559491,1.316366,-0.005351,1.316377,3.124571,29.357500,0.413470
15,16,1786609469.238964,0,1,58.775850,13.111449,29.539960,13.397935,-1.629874,0.028429,1.630122,1.375089,-0.005657,1.375101,3.124152,29.237294,0.437844
15,17,1786609469.278937,0,1,58.707831,13.112666,29.597123,13.397697,-1.700481,0.030417,1.700753,1.429092,-0.005949,1.429104,3.123707,29.112102,0.463769
15,18,1786609469.318929,0,1,58.636987,13.113966,29.656274,13.397448,-1.771086,0.032508,1.771385,1.478752,-0.006228,1.478765,3.123240,28.982100,0.491111
15,19,1786609469.358912,0,1,58.563320,13.115354,29.717250,13.397188,-1.841689,0.034704,1.842015,1.524418,-0.006494,1.524431,3.122751,28.847446,0.519763
15,20,1786609469.398914,0,1,58.486901,13.116833,29.779907,13.396918,-1.910454,0.036970,1.910812,1.566407,-0.006750,1.566422,3.122243,28.708361,0.549629
15,21,1786609469.438958,0,1,58.407809,13.118406,29.844107,13.396638,-1.977312,0.039307,1.977703,1.605016,-0.006994,1.605031,3.121716,28.565057,0.580753
15,22,1786609469.478927,0,1,58.326116,13.120074,29.909728,13.396349,-2.042313,0.041710,2.042739,1.640513,-0.007229,1.640529,3.121172,28.417732,0.612957
15,23,1786609469.518909,0,1,58.241896,13.121841,29.976650,13.396050,-2.105508,0.044176,2.105971,1.673058,-0.007486,1.673074,3.120614,28.266576,0.646136
15,24,1786609469.558951,0,1,58.155214,13.123711,30.044765,13.395739,-2.167048,0.046744,2.167552,1.702886,-0.007763,1.702904,3.120026,28.111765,0.681249
15,25,1786609469.598942,0,1,58.066135,13.125685,30.113974,13.395417,-2.226978,0.049360,2.227525,1.730216,-0.008058,1.730234,3.119432,27.953462,0.716865
15,26,1786609469.638913,0,1,57.974721,13.127767,30.184184,13.395082,-2.285342,0.052037,2.285935,1.755246,-0.008370,1.755266,3.118827,27.791823,0.753284
15,27,1786609469.678949,0,1,57.881034,13.129957,30.255310,13.394734,-2.342182,0.054766,2.342822,1.778161,-0.008698,1.778182,3.118215,27.626993,0.790335
15,28,1786609469.718972,0,1,57.785132,13.132259,30.327275,13.394372,-2.397538,0.057545,2.398229,1.799130,-0.009039,1.799153,3.117596,27.459108,0.827991
15,29,1786609469.758937,0,1,57.687074,13.134674,30.400008,13.393997,-2.451451,0.060370,2.452194,1.818309,-0.009394,1.818333,3.116972,27.288299,0.866190
15,30,1786609469.798927,0,1,57.586916,13.137203,30.473441,13.393606,-2.503958,0.063237,2.504756,1.835841,-0.009760,1.835867,3.116343,27.114687,0.904885
15,31,1786609469.838925,0,1,57.484712,13.139849,30.547516,13.393201,-2.555098,0.066144,2.555954,1.851857,-0.010138,1.851885,3.115711,26.938388,0.944031
15,32,1786609469.878942,0,1,57.380516,13.142613,30.622175,13.392780,-2.604908,0.069087,2.605824,1.866480,-0.010525,1.866509,3.115077,26.759510,0.983589
15,33,1786609469.918943,0,1,57.274379,13.145495,30.697368,13.392343,-2.653422,0.072062,2.654400,1.879819,-0.010921,1.879851,3.114441,26.578158,1.023519
15,34,1786609469.958916,0,1,57.166352,13.148498,30.773047,13.391890,-2.700677,0.075066,2.701720,1.891979,-0.011325,1.892013,3.113805,26.394427,1.063788
15,35,1786609469.998892,0,1,57.056484,13.151622,30.849169,13.391421,-2.746705,0.078095,2.747815,1.903054,-0.011737,1.903090,3.113168,26.208412,1.104365
15,36,1786609470.038887,0,1,56.944822,13.154867,30.925694,13.390934,-2.791540,0.081146,2.792719,1.913129,-0.012155,1.913168,3.112532,26.020199,1.145222
15,37,1786609470.078887,0,1,56.831414,13.158236,31.002586,13.390431,-2.835213,0.084216,2.836464,1.922286,-0.012580,1.922327,3.111898,25.829872,1.186332
15,38,1786609470.119073,0,1,56.716303,13.161728,31.079810,13.389911,-2.877756,0.087302,2.879080,1.930598,-0.013010,1.930642,3.111265,25.637509,1.227673
15,39,1786609470.158964,0,1,56.599535,13.165344,31.157335,13.389373,-2.919200,0.090399,2.920600,1.938132,-0.013445,1.938178,3.110635,25.443187,1.269224
15,40,1786609470.198941,0,1,56.481152,13.169084,31.235133,13.388818,-2.959574,0.093507,2.961050,1.944950,-0.013885,1.944999,3.110009,25.246976,1.310967
15,41,1786609470.238920,0,1,56.361196,13.172949,31.313177,13.388244,-2.998906,0.096620,3.000462,1.951110,-0.014328,1.951163,3.109385,25.048944,1.352885
15,42,1786609470.278909,0,1,56.239707,13.176939,31.391444,13.387653,-3.037224,0.099738,3.038862,1.956665,-0.014775,1.956720,3.108766,24.849157,1.394967
15,43,1786609470.318920,0,1,56.116725,13.181053,31.469910,13.387044,-3.074557,0.102856,3.076277,1.961662,-0.015226,1.961721,3.108151,24.647675,1.437200
15,44,1786609470.358952,0,1,55.992288,13.185292,31.548556,13.386417,-3.110930,0.105972,3.112734,1.966147,-0.015679,1.966210,3.107541,24.444559,1.479576
15,45,1786609470.398939,0,1,55.866433,13.189655,31.627363,13.385772,-3.146369,0.109085,3.148259,1.970160,-0.016135,1.970226,3.106936,24.239864,1.522089
15,46,1786609470.438954,0,1,55.739197,13.194143,31.706312,13.385108,-3.180899,0.112191,3.182877,1.973740,-0.016593,1.973810,3.106337,24.033644,1.564733
15,47,1786609470.478943,0,1,55.610615,13.198754,31.785389,13.384426,-3.214545,0.115288,3.216612,1.976920,-0.017052,1.976994,3.105743,23.825950,1.607506
15,48,1786609470.518983,0,1,55.480722,13.203489,31.864593,13.383736,-3.247331,0.118375,3.249488,1.980098,-0.017250,1.980173,3.105156,23.616817,1.650382
15,49,1786609470.558947,0,1,55.349550,13.207935,31.943924,13.383048,-3.279309,0.111141,3.281192,1.983272,-0.017206,1.983347,3.107714,23.406281,1.512435
15,50,1786609470.598911,0,1,55.217150,13.212269,32.023382,13.382370,-3.309981,0.108355,3.311755,1.986445,-0.016940,1.986517,3.108868,23.194393,1.454761
15,51,1786609470.638942,0,1,55.083564,13.216334,32.102966,13.381711,-3.339662,0.101630,3.341208,1.989614,-0.016469,1.989683,3.111171,22.981193,1.330728
15,52,1786609470.678917,0,1,54.948835,13.220175,32.182677,13.381079,-3.368214,0.096007,3.369582,1.992782,-0.015811,1.992845,3.113097,22.766727,1.227767
15,53,1786609470.718915,0,1,54.813005,13.223712,32.262515,13.380480,-3.395755,0.088428,3.396906,1.995948,-0.014980,1.996004,3.115558,22.551035,1.093388
15,54,1786609470.758929,0,1,54.676115,13.226949,32.342480,13.379920,-3.422254,0.080927,3.423211,1.999112,-0.013991,1.999161,3.117950,22.334159,0.962204
15,55,1786609470.798926,0,1,54.538204,13.229837,32.422571,13.379406,-3.447768,0.072207,3.448524,2.002274,-0.012856,2.002315,3.120652,22.116139,0.812298
15,56,1786609470.838932,0,1,54.399312,13.232367,32.502788,13.378942,-3.472297,0.063245,3.472873,2.005434,-0.011587,2.005468,3.123381,21.897015,0.659946
15,57,1786609470.878957,0,1,54.259477,13.234503,32.583132,13.378535,-3.495879,0.053402,3.496287,2.008594,-0.010195,2.008620,3.126318,21.676824,0.494455
15,58,1786609470.918947,0,1,54.118736,13.236232,32.663602,13.378187,-3.518525,0.043235,3.518791,2.011752,-0.008690,2.011770,3.129305,21.455604,0.324926
15,59,1786609470.958961,0,1,53.977126,13.237528,32.744198,13.377904,-3.540263,0.032379,3.540411,2.014908,-0.007083,2.014921,3.132447,21.233391,0.145210
15,60,1786609470.999022,0,1,53.834681,13.238376,32.824921,13.377688,-3.561110,0.021210,3.561173,2.018064,-0.005380,2.018071,3.135637,21.010222,0.038669
15,61,1786609471.039015,0,1,53.691438,13.238755,32.905770,13.377545,-3.581089,0.009477,3.581101,2.021219,-0.003591,2.021222,3.138946,20.786132,0.230945
15,62,1786609471.079002,0,1,53.547429,13.238654,32.986745,13.377476,-3.600219,-0.002519,3.600220,2.024372,-0.001723,2.024373,-3.140893,20.561153,0.426932
15,63,1786609471.119010,0,1,53.402688,13.238055,33.067846,13.377485,-3.618520,-0.014989,3.618551,2.027525,0.000218,2.027525,-3.137450,20.335321,0.630183
15,64,1786609471.158952,0,1,53.257248,13.236949,33.149073,13.377574,-3.636014,-0.027652,3.636119,2.030677,0.002224,2.030678,-3.133988,20.108667,0.836422
15,65,1786609471.198965,0,1,53.111139,13.235319,33.230426,13.377745,-3.652717,-0.040729,3.652945,2.033829,0.004292,2.033833,-3.130443,19.881223,1.049304
15,66,1786609471.238964,0,1,52.964393,13.233163,33.311905,13.378002,-3.668653,-0.053914,3.669049,2.036979,0.006414,2.036989,-3.126898,19.653022,1.264213
15,67,1786609471.278932,0,1,52.817039,13.230463,33.393510,13.378345,-3.683836,-0.067487,3.684454,2.040129,0.008586,2.040147,-3.123275,19.424092,1.485735
15,68,1786609471.318968,0,1,52.669108,13.227221,33.475241,13.378777,-3.698291,-0.081050,3.699179,2.043279,0.010804,2.043307,-3.119681,19.194465,1.707874
15,69,1786609471.358993,0,1,52.520627,13.223420,33.557098,13.379300,-3.712027,-0.095039,3.713244,2.046427,0.013062,2.046469,-3.115995,18.964169,1.937581
15,70,1786609471.398949,0,1,52.371624,13.219067,33.639081,13.379914,-3.725078,-0.108824,3.726667,2.049576,0.015359,2.049633,-3.112387,18.733233,2.165323
15,71,1786609471.439002,0,1,52.222126,13.214138,33.721190,13.380622,-3.737437,-0.123217,3.739467,2.052724,0.017689,2.052800,-3.108636,18.501685,2.403827
15,72,1786609471.478965,0,1,52.072160,13.208659,33.803414,13.381424,-3.749161,-0.136985,3.751663,2.055603,0.020046,2.055701,-3.105071,18.269562,2.634339
15,73,1786609471.518945,0,1,51.921752,13.202580,33.885638,13.382303,-3.760202,-0.151962,3.763271,2.055584,0.021982,2.055701,-3.101201,18.037009,2.885164
15,74,1786609471.558990,0,1,51.770839,13.197670,33.967860,13.383245,-3.772827,-0.122757,3.774823,2.055566,0.023555,2.055701,-3.109067,17.803945,2.460809
15,75,1786609471.598965,0,1,51.619528,13.191112,34.050083,13.384237,-3.782761,-0.163949,3.786312,2.055552,0.024794,2.055701,-3.098279,17.570507,3.111489
15,76,1786609471.638974,0,1,51.467694,13.186321,34.132304,13.385266,-3.795860,-0.119765,3.797749,2.055540,0.025727,2.055701,-3.110052,17.336531,2.464669
15,77,1786609471.678956,0,1,51.315449,13.180269,34.214525,13.386321,-3.806116,-0.151301,3.809122,2.055532,0.026379,2.055701,-3.101861,17.102165,2.966764
15,78,1786609471.718964,0,1,51.162685,13.176216,34.296746,13.387392,-3.819098,-0.101332,3.820442,2.055527,0.026771,2.055701,-3.115066,16.867261,2.237227
15,79,1786609471.758961,0,1,51.009542,13.170029,34.378967,13.388469,-3.828583,-0.154668,3.831706,2.055525,0.026925,2.055701,-3.101216,16.632009,3.065913
15,80,1786609471.798947,0,1,50.855882,13.165854,34.461188,13.389543,-3.841500,-0.104379,3.842918,2.055526,0.026861,2.055701,-3.114428,16.396219,2.338115
15,81,1786609471.838923,0,1,50.701799,13.160879,34.543410,13.390607,-3.852069,-0.124384,3.854076,2.055529,0.026594,2.055701,-3.109314,16.160022,2.663988
15,82,1786609471.878958,0,1,50.547219,13.157953,34.625631,13.391653,-3.864493,-0.073137,3.865185,2.055535,0.026143,2.055701,-3.122669,15.923303,1.925156
15,83,1786609471.918983,0,1,50.392245,13.153095,34.707853,13.392674,-3.874347,-0.121461,3.876250,2.055543,0.025521,2.055701,-3.110253,15.686222,2.670755
15,84,1786609471.958918,0,1,50.236776,13.150506,34.790075,13.393663,-3.886727,-0.064735,3.887266,2.055552,0.024742,2.055701,-3.124939,15.448615,1.856055
15,85,1786609471.998911,0,1,50.080913,13.145973,34.872297,13.394616,-3.896593,-0.113316,3.898241,2.055563,0.023819,2.055701,-3.112520,15.210648,2.602378
15,86,1786609472.038922,0,1,49.924562,13.143726,34.954520,13.395527,-3.908765,-0.056179,3.909169,2.055575,0.022764,2.055701,-3.127221,14.972159,1.787076
15,87,1786609472.078945,0,1,49.767812,13.139664,35.036744,13.396390,-3.918744,-0.101534,3.920059,2.055588,0.021587,2.055701,-3.115689,14.733305,2.482611
15,88,1786609472.118952,0,1,49.610586,13.137934,35.118968,13.397202,-3.930669,-0.043252,3.930907,2.055601,0.020298,2.055701,-3.130589,14.493937,1.655402
15,89,1786609472.158964,0,1,49.452955,13.134450,35.201193,13.397958,-3.940758,-0.087113,3.941720,2.055614,0.018906,2.055701,-3.119491,14.254199,2.325603
15,90,1786609472.198977,0,1,49.294859,13.133351,35.283415,13.398655,-3.952398,-0.027459,3.952493,2.055564,0.017419,2.055638,-3.134645,14.013956,1.482809
15,91,1786609472.238944,0,1,49.136358,13.130348,35.365629,13.399289,-3.962525,-0.075099,3.963236,2.055353,0.015844,2.055414,-3.122643,13.773355,2.204594
15,92,1786609472.278942,0,1,48.977402,13.129747,35.447829,13.399856,-3.973912,-0.015014,3.973941,2.054994,0.014189,2.055043,-3.137814,13.532269,1.360195
15,93,1786609472.318938,0,1,48.818035,13.127360,35.530009,13.400355,-3.984171,-0.059662,3.984618,2.054499,0.012459,2.054537,-3.126619,13.290830,2.034873
15,94,1786609472.358921,0,1,48.658225,13.127422,35.612164,13.400781,-3.995259,0.001538,3.995259,2.053879,0.010662,2.053907,3.141208,13.048924,1.178305
15,95,1786609472.398936,0,1,48.498000,13.125588,35.694290,13.401133,-4.005615,-0.045858,4.005877,2.053144,0.008803,2.053163,-3.130145,12.806675,1.888777
15,96,1786609472.438949,0,1,48.337343,13.126219,35.776382,13.401409,-4.016430,0.015780,4.016461,2.052303,0.006889,2.052314,3.137664,12.563975,1.029956
15,97,1786609472.478958,0,1,48.176267,13.124946,35.858437,13.401606,-4.026898,-0.031827,4.027023,2.051364,0.004923,2.051370,-3.133689,12.320937,1.739482
15,98,1786609472.518956,0,1,48.014769,13.126156,35.940463,13.401739,-4.037441,0.030246,4.037554,2.050656,0.003331,2.050658,3.134101,12.077451,0.878278
15,99,1786609472.559073,0,1,47.852850,13.125453,36.022469,13.401822,-4.047984,-0.017568,4.048022,2.050159,0.002083,2.050160,-3.137253,11.833609,1.586908
15,100,1786609472.599064,0,1,47.690611,13.122304,36.104463,13.401869,-4.055984,-0.078732,4.056748,2.049858,0.001154,2.049858,-3.122184,11.589520,2.494287
15,101,1786609472.639106,0,1,47.528118,13.116168,36.186453,13.401889,-4.062308,-0.153394,4.065203,2.049736,0.000516,2.049736,-3.103850,11.345264,3.605573
15,102,1786609472.679069,0,1,47.365250,13.111474,36.268444,13.401895,-4.071700,-0.117344,4.073391,2.049779,0.000147,2.049779,-3.112781,11.100606,3.149954
15,103,1786609472.718992,0,1,47.202183,13.103776,36.350443,13.401896,-4.076681,-0.192443,4.081221,2.049974,0.000026,2.049974,-3.094422,10.855834,4.276320
15,104,1786609472.759072,0,1,47.038874,13.094908,36.432455,13.401901,-4.082725,-0.221720,4.088741,2.050309,0.000133,2.050309,-3.087339,10.610861,4.766414
15,105,1786609472.799106,0,1,46.875390,13.084180,36.514486,13.401919,-4.087105,-0.268199,4.095895,2.050773,0.000449,2.050773,-3.076066,10.365774,5.510958
15,106,1786609472.839091,0,1,46.711632,13.073484,36.596541,13.401958,-4.093958,-0.267380,4.102680,2.051354,0.000958,2.051354,-3.076374,10.120423,5.596674
15,107,1786609472.879090,0,1,46.547885,13.059299,36.678622,13.402024,-4.093654,-0.354631,4.108986,2.052045,0.001644,2.052045,-3.055179,9.875212,6.940027
15,108,1786609472.918972,0,1,46.383817,13.046100,36.760736,13.402123,-4.101720,-0.329973,4.114972,2.052835,0.002492,2.052837,-3.061318,9.629664,6.718194
15,109,1786609472.959103,0,1,46.219851,13.029401,36.842884,13.402263,-4.099127,-0.417487,4.120332,2.053718,0.003490,2.053721,-3.040095,9.384377,8.092482
15,110,1786609472.999125,0,1,46.056003,13.009819,36.925072,13.402448,-4.096222,-0.489537,4.125370,2.054685,0.004626,2.054690,-3.022647,9.139368,9.277257
15,111,1786609473.039075,0,1,45.891883,12.990930,37.007300,13.402683,-4.102986,-0.472226,4.130072,2.055693,0.005886,2.055701,-3.027004,8.894120,9.218924
15,112,1786609473.079099,0,1,45.728085,12.968242,37.089527,13.402974,-4.094943,-0.567211,4.134040,2.055688,0.007259,2.055701,-3.003954,8.649490,10.767096
15,113,1786609473.119170,0,1,45.564042,12.946245,37.171754,13.403323,-4.101087,-0.549932,4.137794,2.055683,0.008735,2.055701,-3.008294,8.404726,10.754954
15,114,1786609473.159109,0,1,45.400433,12.920450,37.253981,13.403735,-4.090230,-0.644852,4.140751,2.055675,0.010308,2.055701,-2.985223,8.160774,12.354391
15,115,1786609473.199108,0,1,45.237360,12.890819,37.336208,13.404214,-4.076821,-0.740788,4.143577,2.055666,0.011967,2.055701,-2.961847,7.917814,14.016385
15,116,1786609473.239101,0,1,45.074127,12.861443,37.418434,13.404762,-4.080811,-0.734406,4.146369,2.055656,0.013705,2.055701,-2.963533,7.674949,14.261510
15,117,1786609473.279077,0,1,44.911221,12.829872,37.500660,13.405383,-4.072658,-0.789261,4.148430,2.055643,0.015515,2.055701,-2.950170,7.432875,15.408411
15,118,1786609473.319089,0,1,44.748108,12.798994,37.582885,13.406078,-4.077829,-0.771951,4.150253,2.055628,0.017391,2.055701,-2.954502,7.190895,15.562404
15,119,1786609473.359060,0,1,44.585711,12.764351,37.665109,13.406851,-4.059935,-0.866090,4.151287,2.055610,0.019325,2.055701,-2.931417,6.950362,17.346254
15,120,1786609473.399105,0,1,44.423116,12.730400,37.747333,13.407704,-4.064868,-0.848773,4.152538,2.055591,0.021313,2.055701,-2.935743,6.710053,17.587531
15,121,1786609473.439034,0,1,44.261327,12.692699,37.829556,13.408638,-4.044718,-0.942525,4.153083,2.055569,0.023348,2.055701,-2.912652,6.471495,19.468945
15,122,1786609473.479116,0,1,44.099339,12.655689,37.911778,13.409655,-4.049701,-0.925247,4.154053,2.055544,0.025427,2.055701,-2.916975,6.233328,19.816994
15,123,1786609473.519111,0,1,43.938233,12.614944,37.993999,13.410738,-4.027654,-1.018623,4.154466,2.055523,0.027074,2.055701,-2.893880,5.997267,21.818130
15,124,1786609473.559170,0,1,43.776927,12.574889,38.076219,13.411871,-4.032640,-1.001366,4.155108,2.055506,0.028324,2.055701,-2.898200,5.761824,22.297890
15,125,1786609473.599070,0,1,43.615326,12.536066,38.158439,13.413039,-4.040040,-0.970568,4.154988,2.055494,0.029208,2.055701,-2.905823,5.526907,22.638482
15,126,1786609473.639074,0,1,43.453345,12.499021,38.240658,13.414230,-4.049521,-0.926131,4.154075,2.055486,0.029757,2.055701,-2.916758,5.292420,22.840188
15,127,1786609473.679069,0,1,43.292061,12.459342,38.322877,13.415429,-4.032098,-0.991988,4.152331,2.055482,0.029997,2.055701,-2.900361,5.060325,24.712384
15,128,1786609473.719082,0,1,43.130399,12.421439,38.405097,13.416628,-4.041549,-0.947567,4.151145,2.055483,0.029953,2.055701,-2.911296,4.828963,25.088190
15,129,1786609473.759073,0,1,42.969445,12.380908,38.487316,13.417813,-4.023845,-1.013284,4.149466,2.055487,0.029647,2.055701,-2.894902,4.600506,27.160126
15,130,1786609473.799085,0,1,42.808087,12.342146,38.569536,13.418977,-4.033947,-0.969043,4.148707,2.055495,0.029101,2.055701,-2.905838,4.373201,27.762539
15,131,1786609473.839082,0,1,42.646226,12.305695,38.651756,13.420111,-4.046540,-0.911273,4.147879,2.055506,0.028335,2.055701,-2.920090,4.147012,28.279735
15,132,1786609473.879131,0,1,42.483781,12.272102,38.733977,13.421205,-4.061124,-0.839836,4.147054,2.055519,0.027365,2.055701,-2.937668,3.921922,28.721357
15,133,1786609473.919049,0,1,42.320698,12.241919,38.816198,13.422254,-4.077069,-0.754571,4.146308,2.055534,0.026209,2.055701,-2.958587,3.697933,29.099283
15,134,1786609473.959201,0,1,42.157836,12.210688,38.898420,13.423249,-4.071547,-0.780769,4.145732,2.055551,0.024882,2.055701,-2.952130,3.477657,31.261487
15,135,1786609473.999027,0,1,41.994321,12.182864,38.980643,13.424185,-4.087892,-0.695600,4.146651,2.055568,0.023397,2.055701,-2.973046,3.259314,32.043570
15,136,1786609474.039085,0,1,41.830114,12.159008,39.062866,13.425056,-4.105151,-0.596402,4.148248,2.055586,0.021768,2.055701,-2.997321,3.043113,32.850809
15,137,1786609474.079094,0,1,41.665216,12.139691,39.145091,13.425856,-4.122451,-0.482928,4.150641,2.055604,0.020006,2.055701,-3.024978,2.829356,33.719344
15,138,1786609474.119200,0,1,41.499667,12.125494,39.227315,13.426581,-4.138748,-0.354920,4.153938,2.055621,0.018122,2.055701,-3.056047,2.618474,34.695710
15,139,1786609474.159141,0,1,41.333652,12.115276,39.309541,13.427226,-4.150366,-0.255446,4.158219,2.055638,0.016126,2.055701,-3.080122,2.412102,36.471716
15,140,1786609474.199437,0,1,41.167214,12.109247,39.391767,13.427787,-4.160956,-0.150730,4.163685,2.055653,0.014028,2.055701,-3.105384,2.211506,38.674147
15,141,1786609474.239055,0,1,41.000440,12.105892,39.473994,13.428260,-4.169350,-0.083866,4.170193,2.055667,0.011836,2.055701,-3.121480,2.019578,42.054902
15,142,1786609474.279182,0,1,40.833350,12.107788,39.556221,13.428643,-4.177233,0.047379,4.177502,2.055679,0.009558,2.055701,3.130251,1.837313,45.314401
15,143,1786609474.319170,0,1,40.665970,12.110866,39.638448,13.428931,-4.184504,0.076952,4.185211,2.055689,0.007201,2.055701,3.123205,1.671256,51.007612
15,144,1786609474.359151,0,1,40.498295,12.114580,39.720672,13.429122,-4.191871,0.092858,4.192899,2.055592,0.004772,2.055598,3.119444,1.527324,58.124365
15,145,1786609474.399160,0,1,40.330325,12.118379,39.802887,13.429213,-4.199253,0.094968,4.200327,2.055378,0.002277,2.055379,3.118981,1.412967,66.786169
15,146,1786609474.439206,0,1,40.162139,12.124484,39.885089,13.429202,-4.204654,0.152646,4.207424,2.055055,-0.000278,2.055055,3.105305,1.333808,75.932468
15,147,1786609474.479174,0,1,39.993666,12.130163,39.967275,13.429086,-4.211838,0.141960,4.214230,2.054632,-0.002886,2.054634,3.107900,1.299191,86.905628
15,148,1786609474.519115,0,1,39.824942,12.136075,40.049442,13.428872,-4.218095,0.147804,4.220684,2.054193,-0.005354,2.054200,3.106567,1.312145,97.844615
15,149,1786609474.558964,0,1,39.656006,12.143112,40.131592,13.428564,-4.223402,0.175923,4.227065,2.053741,-0.007690,2.053755,3.099962,1.370610,107.918026
15,150,1786609474.598989,0,1,39.486766,12.148818,40.213723,13.428168,-4.230979,0.142649,4.233383,2.053275,-0.009905,2.053299,3.107890,1.471463,117.675232
15,151,1786609474.638979,0,1,39.317422,12.157836,40.295835,13.427688,-4.233618,0.225452,4.239616,2.052797,-0.012008,2.052833,3.088390,1.603065,124.565751
15,152,1786609474.678982,0,1,39.147764,12.165525,40.377927,13.427128,-4.241455,0.192215,4.245808,2.052309,-0.014007,2.052357,3.096306,1.762085,131.682363
15,153,1786609474.718992,0,1,38.977855,12.173085,40.460000,13.426491,-4.247707,0.189004,4.251910,2.051810,-0.015909,2.051872,3.097126,1.941077,137.232043
15,154,1786609474.758978,0,1,38.807787,12.182298,40.542052,13.425782,-4.251708,0.230322,4.257941,2.051302,-0.017722,2.051379,3.087474,2.133994,141.258335
15,155,1786609474.798918,0,1,38.637390,12.189664,40.624083,13.425004,-4.259937,0.184150,4.263915,2.050786,-0.019453,2.050878,3.098391,2.339448,145.651092
15,156,1786609474.838966,0,1,38.466901,12.199855,40.706094,13.424160,-4.262207,0.254780,4.269815,2.050262,-0.021106,2.050370,3.081887,2.552040,147.910969
15,157,1786609474.878928,0,1,38.296078,12.208196,40.788083,13.423252,-4.270575,0.208532,4.275663,2.049730,-0.022689,2.049856,3.092801,2.772445,151.211445
15,158,1786609474.918913,0,1,38.125186,12.219373,40.870051,13.422284,-4.272311,0.279412,4.281439,2.049192,-0.024205,2.049335,3.076285,2.996878,152.593152
15,159,1786609474.958904,0,1,37.953953,12.228696,40.951997,13.421258,-4.280826,0.233091,4.287167,2.048648,-0.025659,2.048808,3.087196,3.226526,155.191647
15,160,1786609474.998903,0,1,37.782534,12.238736,41.033920,13.420176,-4.285481,0.250985,4.292824,2.048098,-0.027057,2.048277,3.083093,3.459381,156.678851
15,161,1786609475.038946,0,1,37.610803,12.247166,41.115822,13.419039,-4.293257,0.210748,4.298427,2.047543,-0.028402,2.047740,3.092544,3.695733,158.702785
15,162,1786609475.078918,0,1,37.438994,12.258135,41.197702,13.417852,-4.295229,0.274223,4.303973,2.046983,-0.029697,2.047198,3.077835,3.933551,159.199820
15,163,1786609475.118997,0,1,37.266840,12.266926,41.279558,13.416614,-4.303862,0.219791,4.309470,2.046419,-0.030946,2.046653,3.090569,4.174170,161.088957
15,164,1786609475.158963,0,1,37.094616,12.278264,41.361392,13.415328,-4.305591,0.283455,4.314911,2.045851,-0.032153,2.046103,3.075853,4.415687,161.311319
15,165,1786609475.198985,0,1,36.922046,12.287420,41.443203,13.413995,-4.314238,0.228888,4.320306,2.045279,-0.033320,2.045550,3.088588,4.659402,162.971143
15,166,1786609475.238945,0,1,36.749417,12.299129,41.524992,13.412617,-4.315731,0.292737,4.325647,2.044704,-0.034450,2.044994,3.073866,4.903668,162.994787
15,167,1786609475.278986,0,1,36.576441,12.308651,41.606757,13.411195,-4.324399,0.238037,4.330945,2.044125,-0.035545,2.044434,3.086603,5.149726,164.486731
15,168,1786609475.318953,0,1,36.403415,12.320734,41.688498,13.409731,-4.325660,0.302068,4.336194,2.043544,-0.036608,2.043872,3.071874,5.396112,164.362513
15,169,1786609475.358943,0,1,36.230041,12.330623,41.770217,13.408225,-4.334355,0.247239,4.341401,2.042960,-0.037641,2.043307,3.084613,5.644004,165.728309
15,170,1786609475.398942,0,1,36.056625,12.343081,41.851912,13.406679,-4.335389,0.311448,4.346561,2.042374,-0.038645,2.042740,3.069877,5.892078,165.491354
15,171,1786609475.438972,0,1,35.882860,12.353341,41.933583,13.405094,-4.344118,0.256492,4.351683,2.041786,-0.039623,2.042170,3.082618,6.141452,166.760195
15,172,1786609475.478956,0,1,35.709063,12.366176,42.015231,13.403471,-4.344928,0.320876,4.356761,2.041195,-0.040577,2.041598,3.067876,6.390910,166.435448
15,173,1786609475.518975,0,1,35.534915,12.376808,42.096859,13.401816,-4.353696,0.265795,4.361802,2.040707,-0.041387,2.041127,3.080618,6.641517,167.628263
15,174,1786609475.558951,0,1,35.360734,12.390022,42.178472,13.400133,-4.354546,0.330372,4.367061,2.040313,-0.042064,2.040747,3.065870,6.892161,167.233795
15,175,1786609475.598955,0,1,35.186179,12.401030,42.260072,13.398428,-4.363868,0.275197,4.372537,2.040006,-0.042620,2.040451,3.078613,7.143862,168.365926
15,176,1786609475.638893,0,1,35.011579,12.414630,42.341663,13.396706,-4.364995,0.339995,4.378217,2.039779,-0.043063,2.040233,3.063858,7.395580,167.915176
15,177,1786609475.678981,0,1,34.836585,12.426019,42.423248,13.394970,-4.374848,0.284716,4.384103,2.039625,-0.043402,2.040087,3.076604,7.648289,168.998153
15,178,1786609475.718945,0,1,34.661394,12.438104,42.504830,13.393224,-4.379772,0.302134,4.390181,2.039539,-0.043646,2.040006,3.072718,7.901375,169.110859
15,179,1786609475.758950,0,1,34.485789,12.447537,42.586410,13.391472,-4.390123,0.235814,4.396451,2.039514,-0.043801,2.039985,3.087929,8.155432,170.278837
15,180,1786609475.798968,0,1,34.310056,12.459146,42.667992,13.389717,-4.393338,0.290237,4.402915,2.039547,-0.043874,2.040019,3.075626,8.409582,169.867232
15,181,1786609475.838944,0,1,34.133942,12.468872,42.749577,13.387962,-4.402844,0.243153,4.409553,2.039633,-0.043873,2.040105,3.086422,8.664520,170.749868
15,182,1786609475.878970,0,1,33.957701,12.480960,42.831168,13.386210,-4.406021,0.302194,4.416372,2.039767,-0.043802,2.040237,3.073113,8.919523,170.251391
15,183,1786609475.918967,0,1,33.781027,12.490555,42.912766,13.384463,-4.416852,0.239878,4.423361,2.039945,-0.043668,2.040412,3.087336,9.175387,171.300453
15,184,1786609475.959024,0,1,33.604211,12.502521,42.994373,13.382724,-4.420410,0.299141,4.430520,2.040165,-0.043475,2.040628,3.074023,9.431325,170.773468
15,185,1786609475.999014,0,1,33.426950,12.511985,43.075989,13.380995,-4.431529,0.236600,4.437840,2.040422,-0.043227,2.040879,3.088253,9.688093,171.797590
15,186,1786609476.039011,0,1,33.249532,12.523829,43.157618,13.379278,-4.435449,0.296093,4.445321,2.040713,-0.042930,2.041165,3.074936,9.944947,171.246233
15,187,1786609476.079007,0,1,33.071658,12.533161,43.239259,13.377574,-4.446838,0.233315,4.452955,2.041037,-0.042587,2.041481,3.089173,10.202605,172.249097
15,188,1786609476.119016,0,1,32.893906,12.544864,43.320915,13.375886,-4.443796,0.292564,4.453416,2.041390,-0.042202,2.041826,3.075851,10.460072,171.676496
15,189,1786609476.158959,0,1,32.716006,12.554034,43.402586,13.374215,-4.447512,0.229249,4.453416,2.041770,-0.041778,2.042197,3.090093,10.718008,172.660497
15,190,1786609476.198946,0,1,32.538243,12.565573,43.484273,13.372563,-4.444063,0.288478,4.453416,2.042174,-0.041319,2.042592,3.076771,10.975737,172.069495
15,191,1786609476.238941,0,1,32.360334,12.574579,43.565977,13.370929,-4.447721,0.225160,4.453416,2.042602,-0.040827,2.043010,3.091012,11.233904,173.036954
15,192,1786609476.278954,0,1,32.182561,12.585955,43.647699,13.369317,-4.444327,0.284392,4.453416,2.043050,-0.040304,2.043448,3.077690,11.491868,172.429953
15,193,1786609476.318919,0,1,32.004644,12.594798,43.729440,13.367727,-4.447926,0.221070,4.453416,2.043518,-0.039755,2.043905,3.091932,11.750244,173.383003
15,194,1786609476.358913,0,1,31.826861,12.606010,43.811200,13.366160,-4.444586,0.280305,4.453416,2.044004,-0.039180,2.044379,3.078609,12.008422,172.761998
15,195,1786609476.398922,0,1,31.648936,12.614689,43.892980,13.364617,-4.448127,0.216980,4.453416,2.044506,-0.038582,2.044870,3.092851,12.266989,173.702423
15,196,1786609476.438940,0,1,31.471142,12.625732,43.974781,13.363098,-4.444850,0.276083,4.453416,2.045023,-0.037962,2.045375,3.079559,12.525362,173.070809
15,197,1786609476.478986,0,1,31.293208,12.634241,44.056603,13.361605,-4.448333,0.212724,4.453416,2.045554,-0.037324,2.045894,3.093808,12.784103,174.000480
15,198,1786609476.519038,0,1,31.115394,12.644944,44.138442,13.360138,-4.445372,0.267555,4.453416,2.045963,-0.036682,2.046292,3.081478,13.042672,173.412282
15,199,1786609476.558943,0,1,30.937442,12.653071,44.220292,13.358696,-4.448779,0.203186,4.453416,2.046259,-0.036037,2.046576,3.095952,13.301579,174.344118
15,200,1786609476.598944,0,1,30.759613,12.663527,44.302150,13.357281,-4.445738,0.261401,4.453416,2.046452,-0.035389,2.046758,3.082862,13.560295,173.702421
15,201,1786609476.638968,0,1,30.581651,12.671408,44.384012,13.355891,-4.449056,0.197027,4.453416,2.046550,-0.034739,2.046845,3.097336,13.819323,174.625235
15,202,1786609476.678968,0,1,30.403807,12.681618,44.465874,13.354528,-4.446096,0.255246,4.453416,2.046561,-0.034087,2.046845,3.084247,14.078159,173.974638
15,203,1786609476.718909,0,1,30.225834,12.689253,44.547734,13.353191,-4.449324,0.190867,4.453416,2.046491,-0.033433,2.046764,3.098721,14.337281,174.889398
15,204,1786609476.758955,0,1,30.047976,12.699216,44.629588,13.351879,-4.446445,0.249090,4.453416,2.046347,-0.032778,2.046610,3.085631,14.596211,174.230825
15,205,1786609476.798961,0,1,29.870022,12.707286,44.711433,13.350595,-4.448845,0.201731,4.453416,2.046135,-0.032122,2.046387,3.096279,14.855347,174.921766
15,206,1786609476.838960,0,1,29.692199,12.717839,44.793268,13.349336,-4.445594,0.263840,4.453416,2.045860,-0.031465,2.046102,3.082314,15.114267,174.208962
15,207,1786609476.878949,0,1,29.514248,12.725974,44.875089,13.348104,-4.448771,0.203365,4.453416,2.045528,-0.030807,2.045760,3.095912,15.373434,175.063412
15,208,1786609476.918973,0,1,29.336428,12.736593,44.956895,13.346898,-4.445497,0.265472,4.453416,2.045142,-0.030149,2.045365,3.081946,15.632385,174.345060
15,209,1786609476.958945,0,1,29.158480,12.744793,45.038683,13.345718,-4.448696,0.204999,4.453416,2.044708,-0.029491,2.044921,3.095545,15.891569,175.194532
15,210,1786609476.998942,0,1,28.980664,12.755477,45.120452,13.344565,-4.445399,0.267105,4.453416,2.044229,-0.028833,2.044432,3.081579,16.150535,174.471154
15,211,1786609477.038959,0,1,28.802719,12.763742,45.202200,13.343438,-4.448620,0.206633,4.453416,2.043709,-0.028175,2.043903,3.095177,16.409724,175.316120
15,212,1786609477.078946,0,1,28.624907,12.774492,45.283926,13.342337,-4.445301,0.268738,4.453416,2.043150,-0.027518,2.043335,3.081212,16.668694,174.588177
15,213,1786609477.118996,0,1,28.446965,12.782822,45.365629,13.341263,-4.448544,0.208267,4.453416,2.042557,-0.026861,2.042733,3.094810,16.927877,175.429050
15,214,1786609477.158950,0,1,28.269157,12.793637,45.447306,13.340214,-4.445202,0.270371,4.453416,2.041931,-0.026204,2.042099,3.080844,17.186842,174.696948
15,215,1786609477.198949,0,1,28.091219,12.802033,45.528957,13.339192,-4.448467,0.209901,4.453416,2.041276,-0.025549,2.041436,3.094443,17.446010,175.534095
15,216,1786609477.238882,0,1,27.913415,12.812913,45.610581,13.338197,-4.445102,0.272004,4.453416,2.040594,-0.024894,2.040745,3.080477,17.704960,174.798193
15,217,1786609477.278901,0,1,27.735479,12.821375,45.692176,13.337227,-4.448390,0.211535,4.453416,2.039886,-0.024241,2.040030,3.094075,17.964105,175.631939
15,218,1786609477.318929,0,1,27.557679,12.832320,45.773742,13.336283,-4.445002,0.273637,4.453416,2.039156,-0.023589,2.039292,3.080110,18.223033,174.892555
15,219,1786609477.358924,0,1,27.379763,12.840846,45.855279,13.335366,-4.447896,0.213149,4.453000,2.038404,-0.022938,2.038533,3.093708,18.482132,175.723183
15,220,1786609477.398925,0,1,27.202022,12.851853,45.936784,13.334474,-4.443523,0.275183,4.452036,2.037633,-0.022288,2.037754,3.079743,18.740977,174.980600
15,221,1786609477.438922,0,1,27.024208,12.860440,46.018258,13.333609,-4.445358,0.214665,4.450538,2.036843,-0.021640,2.036958,3.093340,18.999942,175.808321
15,222,1786609477.478938,0,1,26.846611,12.871504,46.099699,13.332769,-4.439913,0.276593,4.448520,2.036038,-0.020994,2.036146,3.079376,19.258612,175.062823
15,223,1786609477.518968,0,1,26.669337,12.885671,46.181113,13.331946,-4.431867,0.354175,4.445996,2.035337,-0.020583,2.035441,3.061847,19.516879,174.120645
15,224,1786609477.558934,0,1,26.492041,12.898049,46.262502,13.331130,-4.432401,0.309447,4.443189,2.034733,-0.020391,2.034835,3.071891,19.775204,174.751499
15,225,1786609477.598941,0,1,26.314717,12.908008,46.343871,13.330314,-4.433090,0.248989,4.440077,2.034218,-0.020398,2.034320,3.085486,20.033605,175.577422
15,226,1786609477.638905,0,1,26.137685,12.920433,46.425222,13.329491,-4.425792,0.310609,4.436678,2.033784,-0.020589,2.033888,3.071526,20.291660,174.830372
15,227,1786609477.678917,0,1,25.960648,12.930441,46.506559,13.328653,-4.425936,0.250219,4.433004,2.033426,-0.020950,2.033534,3.085118,20.549770,175.653906
15,228,1786609477.718921,0,1,25.783925,12.942909,46.587884,13.327794,-4.418076,0.311685,4.429057,2.033137,-0.021466,2.033250,3.071162,20.807520,174.904713
15,229,1786609477.758954,0,1,25.607217,12.952964,46.669201,13.326909,-4.417702,0.251380,4.424849,2.032912,-0.022124,2.033032,3.084751,21.065303,175.726065
15,230,1786609477.798943,0,1,25.430844,12.965471,46.750511,13.325993,-4.409309,0.312677,4.420382,2.032745,-0.022912,2.032874,3.070798,21.322714,174.974978
15,231,1786609477.838980,0,1,25.254507,12.975570,46.831816,13.325040,-4.408445,0.252474,4.415669,2.032632,-0.023821,2.032772,3.084384,21.580139,175.794323
15,232,1786609477.878945,0,1,25.078220,12.982640,46.913119,13.324046,-4.407168,0.176756,4.410711,2.032569,-0.024839,2.032721,3.101508,21.837568,176.807504
15,233,1786609477.918941,0,1,24.902223,12.991537,46.994421,13.323008,-4.399912,0.222419,4.405530,2.032551,-0.025957,2.032717,3.091085,22.094684,176.246521
15,234,1786609477.958928,0,1,24.726585,13.002873,47.075724,13.321921,-4.390970,0.283400,4.400106,2.032576,-0.027166,2.032757,3.077141,22.351416,175.489288
15,235,1786609477.998928,0,1,24.551034,13.011812,47.157029,13.320783,-4.388774,0.223463,4.394460,2.032639,-0.028459,2.032838,3.090720,22.608107,176.302140
15,236,1786609478.038932,0,1,24.375859,13.023181,47.238339,13.319590,-4.379378,0.284237,4.388592,2.032737,-0.029827,2.032956,3.076780,22.864402,175.543726
15,237,1786609478.078937,0,1,24.200788,13.032159,47.319654,13.318339,-4.376763,0.224451,4.382515,2.032868,-0.031264,2.033109,3.090355,23.120637,176.355095
15,238,1786609478.118934,0,1,24.026111,13.043559,47.400975,13.317029,-4.366936,0.285005,4.376227,2.033030,-0.032763,2.033294,3.076421,23.376464,175.595640
15,239,1786609478.158957,0,1,23.851554,13.052575,47.482304,13.315656,-4.363923,0.225384,4.369739,2.033219,-0.034319,2.033508,3.089991,23.632214,176.405615
15,240,1786609478.198936,0,1,23.677406,13.064003,47.563641,13.314219,-4.353687,0.285706,4.363052,2.033433,-0.035925,2.033750,3.076063,23.887545,175.645243
15,241,1786609478.238926,0,1,23.503394,13.073053,47.644988,13.312716,-4.350295,0.226263,4.356175,2.033671,-0.037577,2.034018,3.089629,24.142783,176.453898
15,242,1786609478.278918,0,1,23.329536,13.079125,47.726345,13.311145,-4.346458,0.151796,4.349108,2.033930,-0.039270,2.034309,3.106683,24.397912,177.454925
15,243,1786609478.318915,0,1,23.156040,13.087000,47.807713,13.309505,-4.337404,0.196857,4.341869,2.034209,-0.040998,2.034622,3.096238,24.652678,176.884229
15,244,1786609478.358906,0,1,22.982967,13.097270,47.889094,13.307795,-4.326826,0.256756,4.334437,2.034507,-0.042759,2.034956,3.082322,24.907016,176.119725
15,245,1786609478.398916,0,1,22.810074,13.105179,47.970486,13.306013,-4.322311,0.197734,4.326832,2.034821,-0.044549,2.035308,3.095877,25.161213,176.923362
15,246,1786609478.438910,0,1,22.637619,13.115474,48.051892,13.304158,-4.311378,0.257372,4.319053,2.035150,-0.046362,2.035678,3.081967,25.414974,176.158353
15,247,1786609478.478930,0,1,22.465358,13.123417,48.133312,13.302230,-4.306533,0.198565,4.311108,2.035494,-0.048197,2.036065,3.095517,25.668577,176.960947
15,248,1786609478.518914,0,1,22.293548,13.133734,48.214747,13.300245,-4.295260,0.257930,4.302998,2.035873,-0.049636,2.036478,3.081615,25.921734,176.195470
15,249,1786609478.558902,0,1,22.122241,13.147007,48.296199,13.298217,-4.282670,0.331826,4.295506,2.036285,-0.050708,2.036916,3.064266,26.174395,175.238509
15,250,1786609478.598959,0,1,21.951083,13.158529,48.377668,13.296159,-4.278958,0.288048,4.288642,2.036727,-0.051443,2.037377,3.074377,26.426944,175.850418
15,251,1786609478.638920,0,1,21.780400,13.172994,48.459156,13.294084,-4.267065,0.361629,4.282361,2.037197,-0.051865,2.037857,3.057046,26.679030,174.895770
15,252,1786609478.678920,0,1,21.609806,13.185715,48.540663,13.292004,-4.264842,0.318021,4.276683,2.037691,-0.052001,2.038355,3.067162,26.931067,175.509329
15,253,1786609478.718904,0,1,21.439662,13.201369,48.622192,13.289930,-4.253600,0.391351,4.271566,2.038210,-0.051871,2.038870,3.049846,27.182674,174.556654
15,254,1786609478.758904,0,1,21.270060,13.220529,48.703742,13.287870,-4.240059,0.479006,4.267030,2.038749,-0.051497,2.039400,3.029098,27.433764,173.413887
15,255,1786609478.798908,0,1,21.100489,13.238532,48.785314,13.285834,-4.239264,0.450068,4.263088,2.039309,-0.050898,2.039944,3.035822,27.684865,173.841912
15,256,1786609478.838955,0,1,20.931464,13.260028,48.866909,13.283830,-4.225632,0.537418,4.259669,2.039887,-0.050093,2.040502,3.015091,27.935455,172.703188
15,257,1786609478.878899,0,1,20.762411,13.280373,48.948529,13.281866,-4.226329,0.508613,4.256823,2.040481,-0.049096,2.041072,3.021825,28.186118,173.134770
15,258,1786609478.918909,0,1,20.593254,13.298994,49.030172,13.279949,-4.228933,0.465527,4.254479,2.041091,-0.047925,2.041653,3.031953,28.436925,173.756460
15,259,1786609478.958933,0,1,20.424517,13.320527,49.111841,13.278085,-4.218426,0.538333,4.252636,2.041715,-0.046593,2.042246,3.014664,28.687356,172.812296
15,260,1786609478.998912,0,1,20.256314,13.345543,49.193535,13.276281,-4.205064,0.625379,4.251313,2.042351,-0.045112,2.042850,2.993954,28.937304,171.678089
15,261,1786609479.038912,0,1,20.087978,13.369418,49.275255,13.274541,-4.208398,0.596895,4.250517,2.043000,-0.043497,2.043463,3.000698,29.187431,172.113593
15,262,1786609479.078964,0,1,19.919422,13.391586,49.357001,13.272871,-4.213893,0.554187,4.250179,2.043660,-0.041757,2.044087,3.010829,29.437818,172.738847
15,263,1786609479.118944,0,1,19.751270,13.416664,49.438774,13.271275,-4.203803,0.626947,4.250297,2.044330,-0.039904,2.044719,2.993546,29.687860,171.798129
15,264,1786609479.158972,0,1,19.582849,13.440040,49.520575,13.269757,-4.210522,0.584409,4.250886,2.045009,-0.037948,2.045361,3.003676,29.938210,172.423873
15,265,1786609479.198963,0,1,19.414817,13.466330,49.602403,13.268321,-4.200802,0.657251,4.251907,2.045697,-0.035896,2.046012,2.986392,30.188235,171.483494
15,266,1786609479.238966,0,1,19.246469,13.490925,49.684258,13.266971,-4.208693,0.614876,4.253371,2.046393,-0.033758,2.046671,2.996522,30.438613,172.109648
15,267,1786609479.278951,0,1,19.078498,13.518439,49.766142,13.265709,-4.199276,0.687838,4.255236,2.047095,-0.031543,2.047338,2.979235,30.688684,171.169458
15,268,1786609479.318938,0,1,18.910168,13.544263,49.848054,13.264539,-4.208272,0.645615,4.257508,2.047805,-0.029256,2.048014,2.989364,30.939151,171.795954
15,269,1786609479.358944,0,1,18.741398,13.567823,49.929995,13.263462,-4.219228,0.588993,4.260140,2.048521,-0.026905,2.048697,3.002892,31.190082,172.612137
15,270,1786609479.398954,0,1,18.572854,13.593741,50.011965,13.262483,-4.213607,0.647953,4.263135,2.049242,-0.024496,2.049388,2.989011,31.440856,171.861418
15,271,1786609479.438905,0,1,18.403843,13.617395,50.093964,13.261601,-4.225276,0.591346,4.266456,2.049968,-0.022035,2.050087,3.002541,31.692118,172.676199
15,272,1786609479.478938,0,1,18.235033,13.643415,50.175992,13.260820,-4.220241,0.650499,4.270080,2.050699,-0.019527,2.050792,2.988658,31.943249,171.923779
15,273,1786609479.518968,0,1,18.065734,13.667170,50.258042,13.260129,-4.232479,0.593867,4.273939,2.051266,-0.017286,2.051338,3.002191,32.194881,172.737275
15,274,1786609479.558930,0,1,17.895957,13.688062,50.340109,13.259517,-4.244426,0.522313,4.276443,2.051680,-0.015290,2.051737,3.019150,32.446982,173.741291
15,275,1786609479.598929,0,1,17.725687,13.705497,50.422188,13.258976,-4.256750,0.435874,4.279008,2.051955,-0.013522,2.051999,3.039552,32.699549,174.935935
15,276,1786609479.639010,0,1,17.554943,13.718872,50.504272,13.258498,-4.268596,0.334371,4.281672,2.052101,-0.011964,2.052136,3.063420,32.952544,176.321509
15,277,1786609479.679028,0,1,17.383786,13.727577,50.586357,13.258074,-4.278934,0.217633,4.284465,2.052129,-0.010600,2.052156,3.090775,33.205890,177.898496
15,278,1786609479.718920,0,1,17.212324,13.730998,50.668439,13.257697,-4.286543,0.085519,4.287396,2.052048,-0.009416,2.052070,3.121645,33.459462,179.667569
15,279,1786609479.758922,0,1,17.040730,13.733878,50.750514,13.257361,-4.289862,0.071999,4.290466,2.051867,-0.008397,2.051885,3.124811,33.713151,179.848333
15,280,1786609479.798948,0,1,16.869014,13.736799,50.832577,13.257060,-4.292896,0.073030,4.293518,2.051595,-0.007531,2.051608,3.124582,33.966951,179.834639
16,0,1786609482.824730,0,1,59.480000,13.100032,29.003536,13.399997,-0.499999,0.000796,0.500000,0.088400,-0.000072,0.088400,3.140000,30.477940,0.472664
16,0,1786609482.864715,0,1,59.480000,13.100032,29.010208,13.399995,-0.499999,0.000796,0.500000,0.166800,-0.000046,0.166800,3.140000,30.471269,0.472784
16,1,1786609482.904780,0,1,59.457178,13.100418,29.020016,13.399998,-0.570553,0.009663,0.570635,0.245200,0.000080,0.245200,3.124658,30.438636,0.406385
16,2,1786609482.944664,0,1,59.431529,13.100753,29.032960,13.400011,-0.641217,0.008354,0.641272,0.323600,0.000313,0.323600,3.128566,30.400042,0.182365
16,3,1786609482.984583,0,1,59.403055,13.101089,29.049040,13.400037,-0.711859,0.008411,0.711909,0.401999,0.000657,0.401999,3.129778,30.355487,0.112658
16,4,1786609483.024620,0,1,59.371755,13.101424,29.068256,13.400082,-0.782501,0.008370,0.782546,0.480397,0.001118,0.480399,3.130897,30.304971,0.048162
16,5,1786609483.064655,0,1,59.337629,13.101760,29.090608,13.400150,-0.853143,0.008401,0.853184,0.558795,0.001702,0.558798,3.131746,30.248493,0.001027
16,6,1786609483.104601,0,1,59.300678,13.102099,29.116095,13.400247,-0.923783,0.008472,0.923822,0.637192,0.002417,0.637197,3.132421,30.186055,0.040450
16,7,1786609483.144659,0,1,59.260901,13.102442,29.144719,13.400378,-0.994424,0.008579,0.994461,0.715587,0.003270,0.715595,3.132966,30.117656,0.072522
16,8,1786609483.184623,0,1,59.218298,13.102790,29.176478,13.400548,-1.065064,0.008713,1.065099,0.793981,0.004271,0.793992,3.133412,30.043296,0.099148
16,9,1786609483.224651,0,1,59.172870,13.103145,29.211226,13.400763,-1.135704,0.008869,1.135738,0.868690,0.005376,0.868707,3.133784,29.963123,0.121699
16,10,1786609483.264660,0,1,59.124616,13.103507,29.248740,13.401025,-1.206344,0.009040,1.206377,0.937849,0.006547,0.937872,3.134099,29.877358,0.141204
16,11,1786609483.304659,0,1,59.073537,13.103876,29.288816,13.401337,-1.276983,0.009222,1.277017,1.001902,0.007781,1.001932,3.134371,29.786207,0.158445
16,12,1786609483.344669,0,1,59.019632,13.104252,29.331266,13.401699,-1.347623,0.009408,1.347656,1.061257,0.009071,1.061296,3.134611,29.689856,0.174028
16,13,1786609483.384655,0,1,58.962902,13.104636,29.375918,13.402116,-1.418263,0.009595,1.418296,1.116291,0.010414,1.116339,3.134827,29.588479,0.188427
16,14,1786609483.424666,0,1,58.903345,13.105027,29.422612,13.402588,-1.488904,0.009778,1.488936,1.167348,0.011803,1.167408,3.135025,29.482236,0.202018
16,15,1786609483.464690,0,1,58.840964,13.105425,29.471201,13.403118,-1.559544,0.009952,1.559576,1.214748,0.013236,1.214820,3.135211,29.371271,0.215103
16,16,1786609483.504694,0,1,58.775756,13.105830,29.521553,13.403706,-1.630184,0.010114,1.630215,1.258782,0.014709,1.258868,3.135389,29.255720,0.227925
16,17,1786609483.544745,0,1,58.707723,13.106240,29.573541,13.404355,-1.700824,0.010259,1.700855,1.299720,0.016217,1.299821,3.135561,29.135707,0.240682
16,18,1786609483.584732,0,1,58.636865,13.106655,29.627054,13.405065,-1.771465,0.010383,1.771495,1.337809,0.017759,1.337927,3.135732,29.011346,0.253534
16,19,1786609483.624709,0,1,58.563180,13.107074,29.681985,13.405838,-1.842106,0.010483,1.842135,1.373278,0.019330,1.373414,3.135902,28.882741,0.266616
16,20,1786609483.664732,0,1,58.486671,13.107497,29.738238,13.406675,-1.912746,0.010556,1.912775,1.406336,0.020929,1.406492,3.136074,28.749989,0.280036
16,21,1786609483.704704,0,1,58.407335,13.107921,29.795726,13.407577,-1.983387,0.010599,1.983415,1.437176,0.022552,1.437353,3.136249,28.613179,0.293886
16,22,1786609483.744664,0,1,58.325174,13.108345,29.854365,13.408545,-2.054028,0.010607,2.054055,1.465976,0.024198,1.466176,3.136429,28.472392,0.308242
16,23,1786609483.784616,0,1,58.240187,13.108768,29.914047,13.409562,-2.124669,0.010579,2.124695,1.492072,0.025427,1.492288,3.136614,28.327737,0.323131
16,24,1786609483.824587,0,1,58.152375,13.109219,29.974675,13.410613,-2.195306,0.011274,2.195335,1.515680,0.026271,1.515908,3.136457,28.179312,0.318589
16,25,1786609483.864724,0,1,58.061737,13.109695,30.036155,13.411684,-2.265944,0.011891,2.265975,1.537000,0.026762,1.537233,3.136345,28.027210,0.316692
16,26,1786609483.904622,0,1,57.968274,13.110197,30.098403,13.412761,-2.336581,0.012561,2.336615,1.556214,0.026927,1.556447,3.136217,27.871513,0.313991
16,27,1786609483.944605,0,1,57.871985,13.110728,30.161343,13.413832,-2.407219,0.013266,2.407255,1.573492,0.026792,1.573720,3.136082,27.712300,0.310945
16,28,1786609483.984688,0,1,57.772871,13.111288,30.224902,13.414888,-2.477855,0.014012,2.477895,1.588988,0.026382,1.589207,3.135938,27.549642,0.307415
16,29,1786609484.024710,0,1,57.670931,13.111880,30.289016,13.415917,-2.548492,0.014803,2.548535,1.602844,0.025719,1.603051,3.135784,27.383603,0.303364
16,30,1786609484.064706,0,1,57.566166,13.112506,30.353624,13.416909,-2.619128,0.015640,2.619175,1.615192,0.024822,1.615383,3.135621,27.214245,0.298747
16,31,1786609484.104631,0,1,57.458576,13.113167,30.418670,13.417858,-2.689764,0.016528,2.689815,1.626153,0.023711,1.626326,3.135448,27.041622,0.293526
16,32,1786609484.144625,0,1,57.348160,13.113866,30.484103,13.418754,-2.760399,0.017468,2.760455,1.635837,0.022403,1.635990,3.135265,26.865786,0.287666
16,33,1786609484.184717,0,1,57.234918,13.114604,30.549877,13.419591,-2.831034,0.018464,2.831094,1.644346,0.020914,1.644479,3.135071,26.686784,0.281138
16,34,1786609484.224715,0,1,57.118852,13.115385,30.615948,13.420361,-2.901668,0.019517,2.901734,1.651775,0.019259,1.651887,3.134867,26.504658,0.273916
16,35,1786609484.264652,0,1,56.999960,13.116210,30.682277,13.421059,-2.972302,0.020630,2.972373,1.658210,0.017450,1.658302,3.134652,26.319448,0.265977
16,36,1786609484.304708,0,1,56.878242,13.117083,30.748826,13.421679,-3.042935,0.021806,3.043013,1.663730,0.015502,1.663803,3.134427,26.131192,0.257300
16,37,1786609484.344700,0,1,56.753699,13.118004,30.815378,13.422215,-3.113567,0.023046,3.113652,1.663807,0.013388,1.663861,3.134191,25.940105,0.247858
16,38,1786609484.384674,0,1,56.626332,13.118978,30.881931,13.422661,-3.184198,0.024353,3.184291,1.663823,0.011167,1.663861,3.133945,25.746192,0.237637
16,39,1786609484.424637,0,1,56.496138,13.120008,30.948485,13.423015,-3.254829,0.025729,3.254931,1.663837,0.008848,1.663861,3.133688,25.549451,0.226624
16,40,1786609484.464652,0,1,56.363120,13.121095,31.015039,13.423273,-3.325459,0.027175,3.325570,1.663848,0.006439,1.663861,3.133421,25.349883,0.214805
16,41,1786609484.504669,0,1,56.227277,13.122242,31.081593,13.423430,-3.396087,0.028693,3.396208,1.663856,0.003945,1.663861,3.133144,25.147488,0.202172
16,42,1786609484.544643,0,1,56.088608,13.123454,31.148147,13.423485,-3.466715,0.030285,3.466847,1.663860,0.001374,1.663861,3.132857,24.942265,0.188712
16,43,1786609484.584584,0,1,55.947114,13.124732,31.214702,13.423435,-3.537341,0.031952,3.537486,1.663860,-0.001270,1.663861,3.132560,24.734216,0.174418
16,44,1786609484.624549,0,1,55.802854,13.126079,31.281256,13.423275,-3.606508,0.033683,3.606665,1.663856,-0.003981,1.663861,3.132253,24.523399,0.159279
16,45,1786609484.664584,0,1,55.655908,13.127498,31.347810,13.423005,-3.673645,0.035470,3.673816,1.663847,-0.006755,1.663861,3.131938,24.309895,0.143302
16,46,1786609484.704654,0,1,55.506356,13.128990,31.414363,13.422622,-3.738807,0.037313,3.738993,1.663833,-0.009587,1.663861,3.131613,24.093782,0.126495
16,47,1786609484.744678,0,1,55.354274,13.130559,31.480916,13.422123,-3.802046,0.039209,3.802249,1.663814,-0.012474,1.663861,3.131280,23.875139,0.108864
16,48,1786609484.784604,0,1,55.199737,13.132205,31.547467,13.421516,-3.863416,0.041157,3.863635,1.663792,-0.015176,1.663861,3.130940,23.654040,0.090441
16,49,1786609484.824571,0,1,55.042798,13.133902,31.614018,13.420807,-3.923476,0.042412,3.923705,1.663767,-0.017708,1.663861,3.130783,23.430537,0.082267
16,50,1786609484.864576,0,1,54.883508,13.135654,31.680568,13.420004,-3.982252,0.043816,3.982493,1.663740,-0.020082,1.663861,3.130590,23.204683,0.071731
16,51,1786609484.904573,0,1,54.721917,13.137459,31.747116,13.419112,-4.039783,0.045118,4.040035,1.663711,-0.022312,1.663861,3.130425,22.976527,0.062487
16,52,1786609484.944592,0,1,54.558073,13.139315,31.813663,13.418135,-4.096101,0.046394,4.096363,1.663682,-0.024407,1.663861,3.130267,22.746119,0.053419
16,53,1786609484.984557,0,1,54.392023,13.141220,31.880209,13.417080,-4.151238,0.047620,4.151511,1.663652,-0.026378,1.663861,3.130122,22.513504,0.044838
16,54,1786609485.024562,0,1,54.223814,13.143172,31.946754,13.415951,-4.205226,0.048804,4.205509,1.663621,-0.028235,1.663861,3.129988,22.278730,0.036617
16,55,1786609485.064536,0,1,54.053491,13.145170,32.013298,13.414751,-4.258096,0.049945,4.258389,1.663591,-0.029985,1.663861,3.129864,22.041841,0.028763
16,56,1786609485.104569,0,1,53.881095,13.147211,32.079840,13.413486,-4.309879,0.051042,4.310181,1.663560,-0.031638,1.663861,3.129750,21.802881,0.021238
16,57,1786609485.144572,0,1,53.706671,13.149295,32.146381,13.412158,-4.360602,0.052097,4.360914,1.663530,-0.033201,1.663861,3.129646,21.561892,0.014019
16,58,1786609485.184579,0,1,53.530260,13.151420,32.212921,13.410771,-4.410296,0.053112,4.410616,1.663499,-0.034680,1.663861,3.129551,21.318916,0.007075
16,59,1786609485.224565,0,1,53.351900,13.153583,32.279460,13.409327,-4.458987,0.054087,4.459315,1.663470,-0.036081,1.663861,3.129463,21.073992,0.000380
16,60,1786609485.264558,0,1,53.171632,13.155784,32.345998,13.407831,-4.506702,0.055023,4.507038,1.663440,-0.037412,1.663861,3.129384,20.827159,0.006096
16,61,1786609485.304554,0,1,52.989493,13.158021,32.412534,13.406284,-4.553467,0.055922,4.553811,1.663411,-0.038676,1.663861,3.129312,20.578457,0.012381
16,62,1786609485.344635,0,1,52.805521,13.160292,32.479070,13.404689,-4.599309,0.056786,4.599659,1.663383,-0.039879,1.663861,3.129247,20.327921,0.018506
16,63,1786609485.384542,0,1,52.619751,13.162597,32.545604,13.403048,-4.644251,0.057615,4.644608,1.663355,-0.041026,1.663861,3.129188,20.075587,0.024497
16,64,1786609485.424565,0,1,52.432218,13.164933,32.612137,13.401363,-4.688318,0.058412,4.688682,1.663328,-0.042121,1.663861,3.129134,19.821491,0.030383
16,65,1786609485.464571,0,1,52.242957,13.167301,32.678669,13.399636,-4.731534,0.059179,4.731904,1.663301,-0.043167,1.663861,3.129086,19.565667,0.036192
16,66,1786609485.504560,0,1,52.052000,13.169697,32.745200,13.397870,-4.773920,0.059915,4.774296,1.663275,-0.044168,1.663861,3.129043,19.308148,0.041951
16,67,1786609485.544568,0,1,51.859380,13.172122,32.811730,13.396064,-4.815501,0.060624,4.815882,1.663249,-0.045128,1.663861,3.129004,19.048967,0.047687
16,68,1786609485.584635,0,1,51.665128,13.174574,32.878259,13.394222,-4.856296,0.061307,4.856683,1.663224,-0.046049,1.663861,3.128969,18.788153,0.053426
16,69,1786609485.624585,0,1,51.469275,13.177053,32.944787,13.392345,-4.896327,0.061965,4.896720,1.663199,-0.046935,1.663861,3.128938,18.525739,0.059196
16,70,1786609485.664590,0,1,51.271850,13.179557,33.011314,13.390434,-4.935616,0.062599,4.936013,1.663174,-0.047788,1.663861,3.128910,18.261754,0.065020
16,71,1786609485.704560,0,1,51.072883,13.182085,33.077840,13.388489,-4.974181,0.063212,4.974582,1.663151,-0.048610,1.663861,3.128885,17.996227,0.070924
16,72,1786609485.744586,0,1,50.872402,13.184638,33.144365,13.386513,-5.012041,0.063805,5.012448,1.663127,-0.049404,1.663861,3.128863,17.729186,0.076933
16,73,1786609485.784598,0,1,50.670433,13.187213,33.210889,13.384516,-5.049217,0.064378,5.049628,1.663112,-0.049929,1.663861,3.128843,17.460658,0.083040
16,74,1786609485.824588,0,1,50.467036,13.189540,33.277413,13.382507,-5.084934,0.058190,5.085267,1.663103,-0.050208,1.663861,3.130150,17.190705,0.012478
16,75,1786609485.864536,0,1,50.262271,13.191710,33.343937,13.380497,-5.119121,0.054237,5.119408,1.663102,-0.050261,1.663861,3.130998,16.919387,0.032296
16,76,1786609485.904564,0,1,50.056196,13.193625,33.410462,13.378493,-5.151868,0.047892,5.152091,1.663106,-0.050105,1.663861,3.132297,16.646761,0.103691
16,77,1786609485.944701,0,1,49.848869,13.195297,33.476986,13.376503,-5.183186,0.041795,5.183355,1.663117,-0.049758,1.663861,3.133529,16.372885,0.172130
16,78,1786609485.984651,0,1,49.640344,13.196678,33.543512,13.374533,-5.213124,0.034516,5.213239,1.663132,-0.049236,1.663861,3.134972,16.097814,0.253691
16,79,1786609486.024661,0,1,49.430675,13.197759,33.610038,13.372591,-5.241710,0.027018,5.241780,1.663152,-0.048551,1.663861,3.136438,15.821603,0.337817
16,80,1786609486.064677,0,1,49.219916,13.198510,33.676565,13.370682,-5.268982,0.018782,5.269016,1.663176,-0.047718,1.663861,3.138028,15.544305,0.430399
16,81,1786609486.104610,0,1,49.008117,13.198920,33.743093,13.368812,-5.294971,0.010250,5.294981,1.663204,-0.046749,1.663861,3.139657,15.265969,0.526739
16,82,1786609486.144582,0,1,48.795329,13.198968,33.809622,13.366986,-5.319711,0.001200,5.319711,1.663234,-0.045654,1.663861,3.141367,14.986648,0.629446
16,83,1786609486.184545,0,1,48.581599,13.198643,33.876153,13.365208,-5.343233,-0.008112,5.343239,1.663267,-0.044444,1.663861,-3.140074,14.706389,0.735936
16,84,1786609486.224655,0,1,48.366976,13.197931,33.942685,13.363483,-5.365569,-0.017801,5.365599,1.663302,-0.043128,1.663861,-3.138275,14.425241,0.847662
16,85,1786609486.264680,0,1,48.151506,13.196824,34.009219,13.361815,-5.386750,-0.027688,5.386821,1.663338,-0.041715,1.663861,-3.136453,14.143250,0.962904
16,86,1786609486.304683,0,1,47.935234,13.195310,34.075754,13.360206,-5.406804,-0.037849,5.406937,1.663375,-0.040212,1.663861,-3.134592,13.860462,1.082740
16,87,1786609486.344669,0,1,47.718204,13.193384,34.142290,13.358661,-5.425763,-0.048136,5.425977,1.663412,-0.038627,1.663861,-3.132721,13.576920,1.205799
16,88,1786609486.384665,0,1,47.500458,13.191039,34.208828,13.357182,-5.443655,-0.058624,5.443971,1.663450,-0.036967,1.663861,-3.130824,13.292668,1.333162
16,89,1786609486.424605,0,1,47.282037,13.188273,34.275368,13.355773,-5.460508,-0.069163,5.460946,1.663488,-0.035238,1.663861,-3.128927,13.007748,1.463484
16,90,1786609486.464581,0,1,47.062983,13.185079,34.341909,13.354435,-5.476349,-0.079857,5.476932,1.663525,-0.033445,1.663861,-3.127011,12.722202,1.598179
16,91,1786609486.504552,0,1,46.843335,13.181458,34.408451,13.353171,-5.491208,-0.090517,5.491954,1.663561,-0.031594,1.663861,-3.125110,12.436069,1.735522
16,92,1786609486.544539,0,1,46.623131,13.177405,34.474995,13.351984,-5.505106,-0.101331,5.506039,1.663596,-0.029689,1.663861,-3.123188,12.149390,1.877841
16,93,1786609486.584701,0,1,46.402408,13.172926,34.541540,13.350874,-5.518076,-0.111978,5.519212,1.663630,-0.027736,1.663861,-3.121302,11.862202,2.022089
16,94,1786609486.624637,0,1,46.181444,13.164390,34.608087,13.349845,-5.524086,-0.213392,5.528206,1.663662,-0.025737,1.663861,-3.102983,11.574843,3.130242
16,95,1786609486.664817,0,1,45.960422,13.150806,34.674634,13.348897,-5.525564,-0.339606,5.535991,1.663692,-0.023697,1.663861,-3.080209,11.287526,4.522598
16,96,1786609486.704754,0,1,45.739586,13.131179,34.741183,13.348032,-5.520883,-0.490659,5.542644,1.663720,-0.021619,1.663861,-3.052952,11.000541,6.208264
16,97,1786609486.744744,0,1,45.518502,13.111812,34.807733,13.347252,-5.527116,-0.484178,5.548283,1.663747,-0.019507,1.663861,-3.054215,10.713356,6.265604
16,98,1786609486.784723,0,1,45.297856,13.086400,34.874284,13.346552,-5.516143,-0.635311,5.552608,1.663769,-0.017493,1.663861,-3.026925,10.426818,7.999680
16,99,1786609486.824718,0,1,45.077002,13.061242,34.940835,13.345930,-5.521340,-0.628953,5.557048,1.663788,-0.015568,1.663861,-3.028168,10.140164,8.107532
16,100,1786609486.864738,0,1,44.855848,13.037317,35.007387,13.345380,-5.528851,-0.598121,5.561110,1.663804,-0.013727,1.663861,-3.033830,9.853278,7.965995
16,101,1786609486.904775,0,1,44.634324,13.015611,35.073940,13.344902,-5.538115,-0.542636,5.564635,1.663818,-0.011964,1.663861,-3.043922,9.566053,7.568764
16,102,1786609486.944792,0,1,44.413124,12.989827,35.140493,13.344491,-5.530003,-0.644609,5.567446,1.663829,-0.010271,1.663861,-3.025551,9.279411,8.839130
16,103,1786609486.984643,0,1,44.191976,12.962715,35.207047,13.344145,-5.528698,-0.677794,5.570090,1.663838,-0.008644,1.663861,-3.019606,8.993021,9.420206
16,104,1786609487.024831,0,1,43.970792,12.935177,35.273601,13.343862,-5.529586,-0.688445,5.572277,1.663846,-0.007079,1.663861,-3.017728,8.706788,9.787301
16,105,1786609487.064742,0,1,43.750191,12.902871,35.340155,13.343639,-5.515022,-0.807670,5.573849,1.663852,-0.005570,1.663861,-2.996177,8.421579,11.331805
16,106,1786609487.104751,0,1,43.529305,12.872086,35.406709,13.343475,-5.522170,-0.769616,5.575542,1.663856,-0.004113,1.663861,-3.003116,8.136262,11.255510
16,107,1786609487.144715,0,1,43.309105,12.836543,35.473263,13.343367,-5.504982,-0.888576,5.576234,1.663859,-0.002705,1.663861,-2.981560,7.852216,12.869943
16,108,1786609487.184681,0,1,43.088624,12.802522,35.539818,13.343313,-5.512021,-0.850524,5.577255,1.663860,-0.001342,1.663861,-2.988497,7.568153,12.869378
16,109,1786609487.224663,0,1,42.867771,12.771014,35.606372,13.343312,-5.521346,-0.787706,5.577252,1.663861,-0.000020,1.663861,-2.999883,7.283916,12.625730
16,110,1786609487.264650,0,1,42.647541,12.735747,35.672927,13.343363,-5.505728,-0.881680,5.575877,1.663860,0.001263,1.663861,-2.982802,7.001032,14.076957
16,111,1786609487.304664,0,1,42.426963,12.702995,35.739481,13.343463,-5.514458,-0.818790,5.574914,1.663859,0.002510,1.663861,-2.994189,6.718081,13.916209
16,112,1786609487.344684,0,1,42.207070,12.666497,35.806035,13.343612,-5.497334,-0.912460,5.572546,1.663857,0.003724,1.663861,-2.977110,6.436748,15.462578
16,113,1786609487.384659,0,1,41.988075,12.625280,35.872589,13.343808,-5.474868,-1.030425,5.570992,1.663854,0.004907,1.663861,-2.955559,6.157552,17.360096
16,114,1786609487.424670,0,1,41.768802,12.585584,35.939143,13.344051,-5.481826,-0.992385,5.570928,1.663850,0.006062,1.663861,-2.962500,5.878792,17.674045
16,115,1786609487.464743,0,1,41.549115,12.548392,36.005697,13.344338,-5.492178,-0.929799,5.570327,1.663845,0.007189,1.663861,-2.973888,5.600269,17.779695
16,116,1786609487.504731,0,1,41.328922,12.514694,36.072251,13.344670,-5.504826,-0.842462,5.568918,1.663840,0.008292,1.663861,-2.989730,5.321790,17.673441
16,117,1786609487.544704,0,1,41.109273,12.478237,36.138804,13.345045,-5.491222,-0.911422,5.566346,1.663834,0.009372,1.663861,-2.977114,5.045485,19.316345
16,118,1786609487.584722,0,1,40.889099,12.445267,36.205357,13.345462,-5.504360,-0.824240,5.565730,1.663828,0.010431,1.663861,-2.992954,4.769464,19.395712
16,119,1786609487.624693,0,1,40.669405,12.409530,36.271910,13.345921,-5.492335,-0.893421,5.564526,1.663821,0.011469,1.663861,-2.980338,4.496086,21.260072
16,120,1786609487.664639,0,1,40.449110,12.377268,36.338463,13.346420,-5.507389,-0.806556,5.566135,1.663814,0.012489,1.663861,-2.996177,4.223349,21.597879
16,121,1786609487.704619,0,1,40.228128,12.349476,36.405015,13.346960,-5.524544,-0.694813,5.568065,1.663806,0.013491,1.663861,-3.016481,3.951097,21.791343
16,122,1786609487.744867,0,1,40.007078,12.321537,36.471567,13.347539,-5.526259,-0.698463,5.570224,1.663798,0.014477,1.663861,-3.015869,3.681374,23.386089
16,123,1786609487.784806,0,1,39.785251,12.298528,36.538118,13.348149,-5.545657,-0.575225,5.575410,1.663791,0.015253,1.663861,-3.038237,3.412561,23.835042
16,124,1786609487.824817,0,1,39.562652,12.281470,36.604670,13.348783,-5.564992,-0.426449,5.581307,1.663786,0.015835,1.663861,-3.065111,3.144648,24.222743
16,125,1786609487.864805,0,1,39.339813,12.264019,36.671221,13.349432,-5.570954,-0.436273,5.588010,1.663782,0.016238,1.663861,-3.063440,2.880886,26.611168
16,126,1786609487.904824,0,1,39.116160,12.252548,36.737772,13.350091,-5.591332,-0.286777,5.598681,1.663779,0.016478,1.663861,-3.090348,2.619414,27.707778
16,127,1786609487.944815,0,1,38.891752,12.248111,36.804323,13.350754,-5.610212,-0.110934,5.611309,1.663778,0.016566,1.663861,-3.121822,2.360758,28.977168
16,128,1786609487.984810,0,1,38.666743,12.251783,36.870875,13.351414,-5.625222,0.091804,5.625971,1.663779,0.016516,1.663861,3.125274,2.105785,30.544647
16,129,1786609488.024806,0,1,38.441109,12.257333,36.937426,13.352068,-5.640836,0.138758,5.642542,1.663781,0.016337,1.663861,3.116999,1.859975,34.646816
16,130,1786609488.064736,0,1,38.215063,12.270864,37.003977,13.352710,-5.651148,0.338269,5.661263,1.663784,0.016041,1.663861,3.081806,1.623921,38.348397
16,131,1786609488.104770,0,1,37.988347,12.286118,37.070529,13.353335,-5.667902,0.381340,5.680716,1.663787,0.015637,1.663861,3.074413,1.407602,45.455011
16,132,1786609488.144751,0,1,37.760967,12.302969,37.137080,13.353940,-5.684516,0.421294,5.700106,1.663792,0.015134,1.663861,3.067615,1.222201,55.066842
16,133,1786609488.184634,0,1,37.532938,12.321268,37.203632,13.354522,-5.700721,0.457464,5.719046,1.663797,0.014539,1.663861,3.061518,1.084461,67.734572
16,134,1786609488.224597,0,1,37.304233,12.340333,37.270184,13.355076,-5.717630,0.476623,5.737462,1.663803,0.013861,1.663861,3.058425,1.015315,83.313066
16,135,1786609488.264765,0,1,37.074882,12.360240,37.336737,13.355601,-5.733768,0.497676,5.755325,1.663809,0.013106,1.663861,3.055012,1.029228,99.778446
16,136,1786609488.304732,0,1,36.844857,12.380389,37.403289,13.356092,-5.750612,0.503732,5.772633,1.663816,0.012281,1.663861,3.054220,1.124207,114.778039
16,137,1786609488.344713,0,1,36.614203,12.401018,37.469842,13.356548,-5.766364,0.515722,5.789380,1.663822,0.011391,1.663861,3.052394,1.282636,126.732476
16,138,1786609488.384717,0,1,36.382883,12.421473,37.536395,13.356965,-5.783010,0.511375,5.805576,1.663828,0.010443,1.663861,3.053395,1.485173,135.904794
16,139,1786609488.424731,0,1,36.150962,12.442249,37.602949,13.357343,-5.798007,0.519410,5.821226,1.663834,0.009440,1.663861,3.052247,1.716293,142.660280
16,140,1786609488.464808,0,1,35.918384,12.462445,37.669502,13.357678,-5.814467,0.504876,5.836345,1.663840,0.008387,1.663861,3.054979,1.966688,147.959676
16,141,1786609488.504818,0,1,35.685255,12.483052,37.736056,13.357970,-5.828217,0.515195,5.850944,1.663845,0.007290,1.663861,3.053425,2.229634,151.844193
16,142,1786609488.544651,0,1,35.451461,12.502499,37.802610,13.358216,-5.844853,0.486163,5.865037,1.663850,0.006152,1.663861,3.058606,2.502030,155.245871
16,143,1786609488.584658,0,1,35.217204,12.522925,37.869164,13.358415,-5.856415,0.510655,5.878637,1.663853,0.004976,1.663861,3.054617,2.780456,157.529810
16,144,1786609488.624597,0,1,34.982225,12.540966,37.935719,13.358566,-5.874471,0.451019,5.891759,1.663857,0.003766,1.663861,3.064967,3.064570,160.136261
16,145,1786609488.664603,0,1,34.746971,12.561820,38.002273,13.358667,-5.881356,0.521348,5.904418,1.663859,0.002525,1.663861,3.053180,3.351411,161.179662
16,146,1786609488.704647,0,1,34.510942,12.579157,38.068827,13.358717,-5.900728,0.433442,5.916626,1.663860,0.001256,1.663861,3.068269,3.642288,163.440204
16,147,1786609488.744602,0,1,34.274654,12.599197,38.135382,13.358715,-5.907187,0.500993,5.928394,1.663861,-0.000039,1.663861,3.056984,3.934728,164.022673
16,148,1786609488.784593,0,1,34.037628,12.615540,38.201936,13.358667,-5.925666,0.408561,5.939734,1.663860,-0.001202,1.663861,3.072754,4.230095,165.937804
16,149,1786609488.824574,0,1,33.800402,12.634992,38.268491,13.358578,-5.930648,0.486308,5.950553,1.663859,-0.002245,1.663861,3.059777,4.526300,166.113370
16,150,1786609488.864588,0,1,33.562487,12.650725,38.335045,13.358451,-5.947864,0.393324,5.960855,1.663858,-0.003176,1.663861,3.075560,4.824747,167.781656
16,151,1786609488.904601,0,1,33.324406,12.669576,38.401599,13.358290,-5.952035,0.471271,5.970663,1.663856,-0.004005,1.663861,3.062579,5.123692,167.747929
16,152,1786609488.944589,0,1,33.085684,12.684687,38.468153,13.358101,-5.968036,0.377784,5.979981,1.663854,-0.004739,1.663861,3.078376,5.424431,169.246578
16,153,1786609488.984662,0,1,32.846826,12.702924,38.534707,13.357885,-5.971453,0.455912,5.988832,1.663852,-0.005387,1.663861,3.065392,5.725466,169.065317
16,154,1786609489.024651,0,1,32.607388,12.717616,38.601261,13.357647,-5.985958,0.367313,5.997217,1.663850,-0.005955,1.663861,3.080307,6.027948,170.393600
16,155,1786609489.064658,0,1,32.367848,12.735501,38.667815,13.357389,-5.988491,0.447133,6.005160,1.663848,-0.006449,1.663861,3.067066,6.330587,170.092349
16,156,1786609489.104616,0,1,32.127798,12.750305,38.734369,13.357114,-6.001261,0.370086,6.012662,1.663847,-0.006875,1.663861,3.080003,6.634380,171.223297
16,157,1786609489.144532,0,1,31.887696,12.768488,38.800923,13.356825,-6.002556,0.454575,6.019744,1.663845,-0.007239,1.663861,3.066007,6.938217,170.804921
16,158,1786609489.184555,0,1,31.647084,12.783127,38.867477,13.356523,-6.015287,0.365983,6.026411,1.663844,-0.007545,1.663861,3.080825,7.243124,171.977770
16,159,1786609489.224556,0,1,31.406451,12.801152,38.934030,13.356211,-6.015825,0.450630,6.032679,1.663843,-0.007798,1.663861,3.066825,7.548016,171.498956
16,160,1786609489.264555,0,1,31.165343,12.815622,39.000584,13.355891,-6.027708,0.361753,6.038554,1.663842,-0.008003,1.663861,3.081650,7.853846,172.621007
16,161,1786609489.304677,0,1,30.924242,12.833484,39.067138,13.355564,-6.027533,0.446536,6.044051,1.663841,-0.008163,1.663861,3.067645,8.159616,172.094628
16,162,1786609489.344586,0,1,30.682697,12.847780,39.133691,13.355233,-6.038608,0.357404,6.049176,1.663840,-0.008281,1.663861,3.082475,8.466216,173.176525
16,163,1786609489.384585,0,1,30.441187,12.865472,39.200245,13.354899,-6.037764,0.442304,6.053943,1.663840,-0.008362,1.663861,3.068467,8.772721,172.612044
16,164,1786609489.424659,0,1,30.199264,12.879590,39.266798,13.354562,-6.048067,0.352947,6.058357,1.663840,-0.008407,1.663861,3.083302,9.079966,173.661669
16,165,1786609489.464668,0,1,29.957400,12.897108,39.333352,13.354225,-6.046594,0.437944,6.062433,1.663840,-0.008421,1.663861,3.069291,9.387088,173.066195
16,166,1786609489.504694,0,1,29.715154,12.911043,39.399906,13.353889,-6.056162,0.348391,6.066175,1.663840,-0.008405,1.663861,3.084129,9.694871,174.089501
16,167,1786609489.544648,0,1,29.472990,12.928382,39.466459,13.353555,-6.054098,0.433468,6.069596,1.663840,-0.008361,1.663861,3.070116,10.002510,173.468482
16,168,1786609489.584656,0,1,29.230471,12.942132,39.533013,13.353223,-6.062964,0.343744,6.072700,1.663840,-0.008293,1.663861,3.084958,10.310740,174.470047
16,169,1786609489.624658,0,1,28.988057,12.959287,39.599566,13.352895,-6.060345,0.428883,6.075502,1.663841,-0.008202,1.663861,3.070942,10.618806,173.827727
16,170,1786609489.664658,0,1,28.745316,12.972848,39.666120,13.352571,-6.068540,0.339014,6.078002,1.663841,-0.008089,1.663861,3.085786,10.927404,174.811129
16,171,1786609489.704591,0,1,28.502700,12.989816,39.732674,13.352253,-6.065401,0.424199,6.080217,1.663842,-0.007957,1.663861,3.071769,11.235821,174.150861
16,172,1786609489.744601,0,1,28.259782,13.003184,39.799228,13.351941,-6.072957,0.334209,6.082146,1.663843,-0.007807,1.663861,3.086616,11.544715,175.118933
16,173,1786609489.784586,0,1,28.017008,13.019961,39.865781,13.351634,-6.069329,0.419424,6.083804,1.663843,-0.007663,1.663861,3.072597,11.853414,174.443412
16,174,1786609489.824548,0,1,27.774181,13.036867,39.932335,13.351333,-6.070694,0.422646,6.085389,1.663844,-0.007524,1.663861,3.072084,12.162220,174.535844
16,175,1786609489.864560,0,1,27.531462,13.056054,39.998889,13.351038,-6.067977,0.479665,6.086906,1.663844,-0.007390,1.663861,3.062708,12.470916,174.124856
16,176,1786609489.904653,0,1,27.288455,13.072078,40.065443,13.350747,-6.075172,0.400619,6.088367,1.663845,-0.007260,1.663861,3.075744,12.780026,174.977735
16,177,1786609489.944660,0,1,27.045676,13.091954,40.131996,13.350462,-6.069454,0.496885,6.089759,1.663846,-0.007134,1.663861,3.059908,13.088873,174.188151
16,178,1786609489.984672,0,1,26.802607,13.108666,40.198550,13.350181,-6.076749,0.417811,6.091096,1.663846,-0.007012,1.663861,3.072945,13.398121,175.033911
16,179,1786609490.024647,0,1,26.559781,13.129230,40.265104,13.349906,-6.070637,0.514104,6.092367,1.663847,-0.006894,1.663861,3.057107,13.707100,174.236879
16,180,1786609490.064650,0,1,26.316660,13.146630,40.331658,13.349635,-6.078038,0.435005,6.093585,1.663847,-0.006779,1.663861,3.070145,14.016469,175.076466
16,181,1786609490.104604,0,1,26.073798,13.167883,40.398211,13.349368,-6.071537,0.531319,6.094740,1.663837,-0.006667,1.663850,3.054305,14.325563,174.272918
16,182,1786609490.144600,0,1,25.830636,13.185971,40.464764,13.349106,-6.079051,0.452200,6.095846,1.663803,-0.006558,1.663815,3.067343,14.635037,175.107118
16,183,1786609490.184594,0,1,25.587749,13.207912,40.531313,13.348848,-6.072166,0.548530,6.096891,1.663746,-0.006451,1.663759,3.051502,14.944229,174.297836
16,184,1786609490.224590,0,1,25.344558,13.226688,40.597860,13.348594,-6.079797,0.469394,6.097890,1.663670,-0.006346,1.663682,3.064540,15.253790,175.127308
16,185,1786609490.264602,0,1,25.101648,13.249226,40.664403,13.348344,-6.072746,0.563441,6.098829,1.663575,-0.006244,1.663587,3.049076,15.563071,174.334258
16,186,1786609490.304562,0,1,24.858427,13.268571,40.730942,13.348098,-6.080521,0.483624,6.099723,1.663463,-0.006144,1.663475,3.062223,15.872714,175.165389
16,187,1786609490.344535,0,1,24.614863,13.283529,40.797475,13.347856,-6.089089,0.373965,6.100562,1.663335,-0.006046,1.663346,3.080254,16.182740,176.257804
16,188,1786609490.384539,0,1,24.371444,13.301134,40.864003,13.347618,-6.085475,0.440105,6.101368,1.663193,-0.005949,1.663204,3.069398,16.492624,175.702052
16,189,1786609490.424594,0,1,24.128303,13.322568,40.930524,13.347384,-6.078544,0.535867,6.102119,1.663038,-0.005854,1.663048,3.053663,16.802240,174.877369
16,190,1786609490.464591,0,1,23.884872,13.340806,40.997039,13.347154,-6.085770,0.455955,6.102827,1.662870,-0.005761,1.662880,3.066811,17.112169,175.694069
16,191,1786609490.504548,0,1,23.641732,13.362875,41.063547,13.346927,-6.078498,0.551719,6.103485,1.662691,-0.005669,1.662701,3.051075,17.421822,174.866170
16,192,1786609490.544530,0,1,23.398298,13.381747,41.130047,13.346704,-6.085843,0.471799,6.104103,1.662502,-0.005579,1.662511,3.064223,17.731783,175.680299
16,193,1786609490.584526,0,1,23.155169,13.404450,41.196539,13.346484,-6.078231,0.567561,6.104672,1.662303,-0.005489,1.662312,3.048487,18.041463,174.849506
16,194,1786609490.624531,0,1,22.911741,13.423955,41.263023,13.346268,-6.085695,0.487636,6.105200,1.662095,-0.005401,1.662104,3.061635,18.351446,175.661327
16,195,1786609490.664536,0,1,22.668077,13.440527,41.329498,13.346056,-6.091605,0.414303,6.105678,1.661879,-0.005314,1.661888,3.073685,18.661660,176.399235
16,196,1786609490.704541,0,1,22.424623,13.460166,41.395964,13.345846,-6.086355,0.490963,6.106125,1.661656,-0.005228,1.661665,3.061101,18.971686,175.733410
16,197,1786609490.744544,0,1,22.180865,13.475834,41.462421,13.345641,-6.093945,0.391700,6.106521,1.661426,-0.005144,1.661434,3.077404,19.281996,176.709134
16,198,1786609490.784528,0,1,21.937309,13.494569,41.528865,13.345430,-6.088898,0.468383,6.106887,1.661102,-0.005266,1.661111,3.064820,19.592124,176.037385
16,199,1786609490.824543,0,1,21.693452,13.509333,41.595293,13.345207,-6.096425,0.369095,6.107588,1.660692,-0.005579,1.660702,3.081124,19.902518,177.007872
16,200,1786609490.864539,0,1,21.449758,13.527167,41.661701,13.344964,-6.092345,0.445861,6.108638,1.660203,-0.006067,1.660214,3.068539,20.212764,176.330825
16,201,1786609490.904526,0,1,21.205751,13.541029,41.728087,13.344696,-6.100179,0.346548,6.110015,1.659640,-0.006717,1.659654,3.084844,20.523275,177.296674
16,202,1786609490.944601,0,1,20.961436,13.549716,41.794447,13.344395,-6.107870,0.217176,6.111729,1.659010,-0.007515,1.659027,3.106051,20.834023,178.528271
16,203,1786609490.984606,0,1,20.717113,13.560289,41.860780,13.344057,-6.108091,0.264315,6.113807,1.658319,-0.008448,1.658340,3.098347,21.144773,178.108118
16,204,1786609491.024657,0,1,20.472832,13.573687,41.927083,13.343677,-6.107012,0.334946,6.116190,1.657570,-0.009507,1.657597,3.086801,21.455484,177.474935
16,205,1786609491.064670,0,1,20.228255,13.583029,41.993354,13.343250,-6.114430,0.233558,6.118889,1.656769,-0.010680,1.656804,3.103413,21.766420,178.443675
16,206,1786609491.104610,0,1,19.983412,13.587108,42.059590,13.342771,-6.121068,0.101965,6.121918,1.655920,-0.011957,1.655963,3.124936,22.077530,179.679768
16,207,1786609491.144600,0,1,19.738471,13.593000,42.125791,13.342238,-6.123519,0.147317,6.125291,1.655027,-0.013331,1.655080,3.117540,22.388725,179.263619
16,208,1786609491.184541,0,1,19.493475,13.601907,42.191955,13.341646,-6.124904,0.222663,6.128950,1.654093,-0.014794,1.654159,3.105255,22.699972,178.574929
16,209,1786609491.224667,0,1,19.248207,13.606743,42.258080,13.340993,-6.131713,0.120909,6.132905,1.653121,-0.016336,1.653202,3.121877,23.011408,179.532055
16,210,1786609491.264587,0,1,19.002800,13.612984,42.324165,13.340275,-6.135173,0.156020,6.137156,1.652115,-0.017952,1.652212,3.116168,23.322959,179.213218
16,211,1786609491.304570,0,1,18.757138,13.614675,42.390208,13.339489,-6.141543,0.042278,6.141689,1.651077,-0.019635,1.651194,3.134709,23.634672,179.727291
16,212,1786609491.344674,0,1,18.511315,13.618919,42.456208,13.338634,-6.145577,0.106088,6.146492,1.650010,-0.021380,1.650149,3.124332,23.946534,179.681668
16,213,1786609491.384678,0,1,18.265385,13.626927,42.522165,13.337707,-6.148258,0.200199,6.151517,1.648916,-0.023180,1.649079,3.109042,24.258504,178.818120
16,214,1786609491.424668,0,1,18.019158,13.631586,42.588077,13.336706,-6.155668,0.116480,6.156770,1.647798,-0.025031,1.647988,3.122673,24.570688,179.603599
16,215,1786609491.464591,0,1,17.772664,13.631674,42.653943,13.335629,-6.162335,0.002207,6.162335,1.646656,-0.026928,1.646876,3.141234,24.883040,179.338830
16,216,1786609491.504658,0,1,17.525997,13.625960,42.719763,13.334474,-6.166691,-0.142843,6.168345,1.645494,-0.028867,1.645747,-3.118433,25.195452,178.010190
17,0,1786609494.689472,0,1,59.480000,13.100032,29.003536,13.400005,-0.499999,0.000796,0.500000,0.088400,0.000131,0.088400,3.140000,30.477940,0.472680
17,0,1786609494.729437,0,1,59.480000,13.100032,29.010208,13.400024,-0.499999,0.000796,0.500000,0.166799,0.000468,0.166800,3.140000,30.471269,0.472838
17,1,1786609494.769459,0,1,59.457182,13.100611,29.020016,13.400065,-0.570444,0.014487,0.570628,0.245197,0.001023,0.245199,3.116202,30.438639,0.891084
17,2,1786609494.809418,0,1,59.431537,13.101142,29.032960,13.400137,-0.641121,0.013275,0.641259,0.323593,0.001812,0.323598,3.120889,30.400048,0.622680
17,3,1786609494.849444,0,1,59.403068,13.101745,29.049039,13.400251,-0.711728,0.015067,0.711888,0.401986,0.002849,0.401996,3.120427,30.355497,0.649278
17,4,1786609494.889503,0,1,59.371775,13.102404,29.068254,13.400417,-0.782342,0.016465,0.782515,0.480376,0.004154,0.480393,3.120549,30.304986,0.642240
17,5,1786609494.929525,0,1,59.337657,13.103129,29.090457,13.400644,-0.852948,0.018131,0.853141,0.555063,0.005674,0.555092,3.120339,30.248663,0.654221
17,6,1786609494.969538,0,1,59.300715,13.103927,29.115410,13.400938,-0.923550,0.019945,0.923766,0.623843,0.007349,0.623886,3.119999,30.186766,0.673448
17,7,1786609495.009460,0,1,59.260949,13.104804,29.142898,13.401305,-0.994147,0.021941,0.994389,0.687187,0.009167,0.687249,3.119526,30.119510,0.700309
17,8,1786609495.049505,0,1,59.218359,13.105769,29.172719,13.401750,-1.064737,0.024123,1.065010,0.745531,0.011115,0.745614,3.118940,30.047098,0.733498
17,9,1786609495.089520,0,1,59.172947,13.106829,29.204690,13.402277,-1.135320,0.026502,1.135629,0.799274,0.013184,0.799383,3.118254,29.969713,0.772361
17,10,1786609495.129518,0,1,59.124711,13.107993,29.238641,13.402892,-1.205896,0.029086,1.206247,0.848785,0.015362,0.848924,3.117477,29.887524,0.816359
17,11,1786609495.169508,0,1,59.073652,13.109268,29.274417,13.403597,-1.276464,0.031887,1.276862,0.894402,0.017642,0.894576,3.116617,29.800688,0.865100
17,12,1786609495.209508,0,1,59.019771,13.110665,29.311875,13.404398,-1.347023,0.034915,1.347475,0.936436,0.020014,0.936650,3.115678,29.709348,0.918287
17,13,1786609495.249524,0,1,58.963068,13.112192,29.350882,13.405297,-1.417572,0.038180,1.418086,0.975174,0.022470,0.975433,3.114666,29.613637,0.975696
17,14,1786609495.289536,0,1,58.903544,13.113860,29.391317,13.406297,-1.488111,0.041694,1.488695,1.010881,0.025005,1.011190,3.113582,29.513676,1.037160
17,15,1786609495.329457,0,1,58.841285,13.115676,29.433069,13.407401,-1.556483,0.045404,1.557145,1.043798,0.027610,1.044163,3.112430,29.409663,1.102553
17,16,1786609495.369422,0,1,58.776382,13.117649,29.476035,13.408612,-1.622568,0.049328,1.623318,1.074148,0.030280,1.074575,3.111201,29.301792,1.172369
17,17,1786609495.409419,0,1,58.708925,13.119787,29.520120,13.409933,-1.686429,0.053460,1.687276,1.102137,0.033009,1.102631,3.109903,29.190246,1.246156
17,18,1786609495.449398,0,1,58.639000,13.122099,29.565239,13.411364,-1.748123,0.057800,1.749078,1.127954,0.035793,1.128522,3.108541,29.075200,1.323697
17,19,1786609495.489405,0,1,58.566691,13.124593,29.611309,13.412909,-1.807708,0.062345,1.808783,1.151773,0.038625,1.152420,3.107118,28.956817,1.404769
17,20,1786609495.529417,0,1,58.492082,13.127277,29.658260,13.414570,-1.865242,0.067093,1.866448,1.173753,0.041503,1.174486,3.105638,28.835253,1.489191
17,21,1786609495.569411,0,1,58.415251,13.130159,29.706021,13.416346,-1.920777,0.072041,1.922127,1.194041,0.044421,1.194867,3.104104,28.710656,1.576799
17,22,1786609495.609416,0,1,58.336276,13.133246,29.754532,13.418241,-1.974366,0.077184,1.975875,1.212774,0.047377,1.213699,3.102519,28.583165,1.667449
17,23,1786609495.649431,0,1,58.255234,13.136547,29.803731,13.420238,-2.026063,0.082520,2.027743,1.229971,0.049918,1.230984,3.100886,28.452917,1.761045
17,24,1786609495.689434,0,1,58.172152,13.139951,29.853561,13.422321,-2.077041,0.085094,2.078784,1.245757,0.052079,1.246845,3.100647,28.319998,1.774741
17,25,1786609495.729416,0,1,58.087065,13.143494,29.903971,13.424477,-2.127175,0.088589,2.129019,1.260244,0.053889,1.261395,3.099970,28.184495,1.813574
17,26,1786609495.769397,0,1,58.000003,13.147163,29.954913,13.426692,-2.176537,0.091726,2.178469,1.273535,0.055376,1.274739,3.099475,28.046484,1.842132
17,27,1786609495.809399,0,1,57.910998,13.150961,30.006342,13.428955,-2.225131,0.094938,2.227156,1.285727,0.056566,1.286971,3.098952,27.906041,1.872340
17,28,1786609495.849427,0,1,57.820079,13.154883,30.058218,13.431254,-2.272984,0.098061,2.275098,1.296908,0.057481,1.298181,3.098478,27.763237,1.899946
17,29,1786609495.889422,0,1,57.727274,13.158929,30.110504,13.433580,-2.320114,0.101143,2.322317,1.307157,0.058145,1.308450,3.098026,27.618136,1.926372
17,30,1786609495.929430,0,1,57.632613,13.163095,30.163166,13.435923,-2.366540,0.104157,2.368831,1.316551,0.058576,1.317854,3.097609,27.470801,1.951061
17,31,1786609495.969439,0,1,57.536121,13.167379,30.216173,13.438274,-2.412282,0.107107,2.414659,1.325157,0.058794,1.326461,3.097221,27.321292,1.974194
17,32,1786609496.009429,0,1,57.437827,13.171779,30.269494,13.440627,-2.457359,0.109984,2.459819,1.333038,0.058814,1.334335,3.096866,27.169663,1.995706
17,33,1786609496.049414,0,1,57.337756,13.176290,30.323104,13.442973,-2.501787,0.112784,2.504328,1.340253,0.058654,1.341536,3.096542,27.015968,2.015641
17,34,1786609496.089434,0,1,57.235932,13.180910,30.376978,13.445306,-2.545586,0.115506,2.548205,1.346854,0.058328,1.348117,3.096249,26.860255,2.034019
17,35,1786609496.129433,0,1,57.132381,13.185636,30.431094,13.447620,-2.588771,0.118146,2.591465,1.352891,0.057848,1.354128,3.095987,26.702573,2.050885
17,36,1786609496.169391,0,1,57.027127,13.190464,30.485430,13.449909,-2.631359,0.120701,2.634126,1.358409,0.057227,1.359614,3.095754,26.542965,2.066284
17,37,1786609496.209453,0,1,56.920192,13.195391,30.539968,13.452168,-2.673367,0.123172,2.676203,1.363449,0.056477,1.364619,3.095552,26.381474,2.080272
17,38,1786609496.249452,0,1,56.811600,13.200413,30.594690,13.454393,-2.714810,0.125556,2.717712,1.368050,0.055608,1.369180,3.095377,26.218140,2.092909
17,39,1786609496.289447,0,1,56.701372,13.205527,30.649580,13.456578,-2.755703,0.127853,2.758668,1.372247,0.054629,1.373334,3.095230,26.053001,2.104258
17,40,1786609496.329464,0,1,56.589529,13.210730,30.704623,13.458720,-2.796062,0.130064,2.799085,1.376071,0.053549,1.377113,3.095109,25.886094,2.114388
17,41,1786609496.369470,0,1,56.476093,13.216018,30.759805,13.460815,-2.835900,0.132188,2.838979,1.379554,0.052377,1.380548,3.095014,25.717453,2.123369
17,42,1786609496.409396,0,1,56.361084,13.221387,30.815114,13.462860,-2.875231,0.134227,2.878363,1.382721,0.051120,1.383666,3.094943,25.547111,2.131272
17,43,1786609496.449374,0,1,56.244521,13.226834,30.870538,13.464851,-2.914070,0.136181,2.917250,1.385599,0.049786,1.386494,3.094894,25.375099,2.138171
17,44,1786609496.489374,0,1,56.126424,13.232356,30.926067,13.466786,-2.952429,0.138052,2.955655,1.388211,0.048379,1.389054,3.094868,25.201448,2.144140
17,45,1786609496.529372,0,1,56.006811,13.237950,30.981690,13.468663,-2.990321,0.139841,2.993589,1.390578,0.046907,1.391369,3.094862,25.026185,2.149252
17,46,1786609496.569369,0,1,55.885701,13.243612,31.037398,13.470478,-3.027759,0.141550,3.031066,1.392719,0.045375,1.393458,3.094876,24.849338,2.153580
17,47,1786609496.609369,0,1,55.763111,13.249339,31.093184,13.472229,-3.064756,0.143182,3.068098,1.394652,0.043787,1.395339,3.094908,24.670933,2.157197
17,48,1786609496.649405,0,1,55.639058,13.255128,31.149040,13.473914,-3.101322,0.144737,3.104697,1.396390,0.042114,1.397025,3.094957,24.490995,2.160178
17,49,1786609496.689400,0,1,55.513581,13.260951,31.204958,13.475528,-3.136928,0.145556,3.140303,1.397949,0.040361,1.398532,3.095225,24.309570,2.150910
17,50,1786609496.729410,0,1,55.386718,13.266811,31.260932,13.477070,-3.171561,0.146503,3.174943,1.399342,0.038535,1.399873,3.095433,24.126703,2.145445
17,51,1786609496.769408,0,1,55.258508,13.272697,31.316955,13.478535,-3.205266,0.147150,3.208642,1.400584,0.036643,1.401063,3.095716,23.942437,2.135943
17,52,1786609496.809460,0,1,55.128985,13.278606,31.373023,13.479923,-3.238059,0.147726,3.241427,1.401685,0.034690,1.402115,3.096003,23.756816,2.126586
17,53,1786609496.849519,0,1,54.998186,13.284530,31.429129,13.481230,-3.269968,0.148116,3.273321,1.402658,0.032681,1.403039,3.096328,23.569878,2.115321
17,54,1786609496.889524,0,1,54.866146,13.290466,31.485269,13.482455,-3.301015,0.148391,3.304349,1.403513,0.030622,1.403847,3.096670,23.381665,2.103425
17,55,1786609496.929521,0,1,54.732897,13.296407,31.541440,13.483596,-3.331224,0.148520,3.334533,1.404258,0.028515,1.404548,3.097038,23.192213,2.090340
17,56,1786609496.969475,0,1,54.598472,13.302348,31.597636,13.484650,-3.360616,0.148529,3.363897,1.404904,0.026366,1.405151,3.097424,23.001559,2.076546
17,57,1786609497.009515,0,1,54.462904,13.308284,31.653854,13.485617,-3.389215,0.148412,3.392462,1.405457,0.024178,1.405665,3.097831,22.809739,2.061911
17,58,1786609497.049449,0,1,54.326222,13.314212,31.710091,13.486496,-3.417039,0.148183,3.420251,1.405925,0.021955,1.406097,3.098254,22.616787,2.046669
17,59,1786609497.089533,0,1,54.188458,13.320125,31.766344,13.487284,-3.444112,0.147841,3.447283,1.406316,0.019699,1.406454,3.098693,22.422737,2.030821
17,60,1786609497.129469,0,1,54.049640,13.326021,31.822609,13.487980,-3.470451,0.147396,3.473580,1.406634,0.017414,1.406742,3.099146,22.227621,2.014510
17,61,1786609497.169454,0,1,53.909797,13.331895,31.878885,13.488584,-3.496077,0.146852,3.499160,1.406887,0.015103,1.406968,3.099613,22.031469,1.997782
17,62,1786609497.209471,0,1,53.768956,13.337744,31.935168,13.489095,-3.521009,0.146214,3.524044,1.407079,0.012767,1.407137,3.100090,21.834313,1.980741
17,63,1786609497.249455,0,1,53.627145,13.343563,31.991456,13.489511,-3.545266,0.145488,3.548250,1.407215,0.010409,1.407253,3.100578,21.636181,1.963444
17,64,1786609497.289445,0,1,53.484391,13.349350,32.047747,13.489833,-3.568864,0.144679,3.571796,1.407264,0.008032,1.407286,3.101076,21.437104,1.945977
17,65,1786609497.329439,0,1,53.340718,13.355102,32.104038,13.490058,-3.591823,0.143791,3.594700,1.407275,0.005637,1.407286,3.101581,21.237109,1.928397
17,66,1786609497.369435,0,1,53.196152,13.360815,32.160329,13.490187,-3.614158,0.142831,3.616979,1.407274,0.003226,1.407278,3.102093,21.036221,1.910775
17,67,1786609497.409434,0,1,53.050716,13.366487,32.216618,13.490219,-3.635886,0.141802,3.638650,1.407232,0.000800,1.407232,3.102612,20.834466,1.893165
17,68,1786609497.449439,0,1,52.904435,13.372116,32.272904,13.490154,-3.657024,0.140708,3.659730,1.407153,-0.001638,1.407154,3.103136,20.631869,1.875631
17,69,1786609497.489444,0,1,52.757332,13.377698,32.329186,13.489990,-3.677587,0.139554,3.680234,1.407040,-0.004087,1.407046,3.103664,20.428455,1.858220
17,70,1786609497.529432,0,1,52.609428,13.383232,32.385462,13.489728,-3.697590,0.138344,3.700178,1.406895,-0.006547,1.406911,3.104196,20.224247,1.840987
17,71,1786609497.569463,0,1,52.460746,13.388715,32.441730,13.489368,-3.717049,0.137081,3.719576,1.406722,-0.009015,1.406751,3.104730,20.019269,1.823975
17,72,1786609497.609444,0,1,52.311307,13.394146,32.497991,13.488908,-3.735978,0.135769,3.738444,1.406522,-0.011491,1.406569,3.105268,19.813542,1.807233
17,73,1786609497.649501,0,1,52.161131,13.399522,32.554243,13.488362,-3.754391,0.134411,3.756797,1.406288,-0.013638,1.406354,3.105807,19.607090,1.790760
17,74,1786609497.689456,0,1,52.010233,13.404421,32.610484,13.487743,-3.772462,0.122479,3.774450,1.406025,-0.015483,1.406110,3.109138,19.399928,1.613458
17,75,1786609497.729435,0,1,51.858653,13.409243,32.666713,13.487061,-3.789508,0.120551,3.791425,1.405733,-0.017050,1.405836,3.109792,19.192097,1.589754
17,76,1786609497.769425,0,1,51.706403,13.413502,32.722930,13.486327,-3.806252,0.106464,3.807740,1.405415,-0.018359,1.405535,3.113629,18.983612,1.382395
17,77,1786609497.809517,0,1,51.553524,13.417717,32.779133,13.485549,-3.821962,0.105391,3.823415,1.405073,-0.019433,1.405208,3.114025,18.774514,1.372522
17,78,1786609497.849457,0,1,51.400026,13.421227,32.835321,13.484738,-3.837463,0.087730,3.838465,1.404710,-0.020288,1.404857,3.118735,18.564813,1.113620
17,79,1786609497.889446,0,1,51.245951,13.424830,32.891494,13.483900,-3.851858,0.090092,3.852912,1.404327,-0.020943,1.404483,3.118208,18.354552,1.155471
17,80,1786609497.929454,0,1,51.091303,13.427446,32.947651,13.483044,-3.866215,0.065387,3.866768,1.403925,-0.021414,1.404088,3.124682,18.143737,0.793341
17,81,1786609497.969466,0,1,50.936131,13.430534,33.003791,13.482175,-3.879287,0.077199,3.880055,1.403506,-0.021715,1.403674,3.121695,17.932414,0.975061
17,82,1786609498.009457,0,1,50.780426,13.431970,33.059914,13.481301,-3.892619,0.035911,3.892784,1.403071,-0.021860,1.403242,3.132367,17.720581,0.369064
17,83,1786609498.049456,0,1,50.624255,13.434931,33.116019,13.480426,-3.904278,0.074013,3.904979,1.402622,-0.021861,1.402793,3.122638,17.508295,0.937138
17,84,1786609498.089440,0,1,50.467590,13.435430,33.172106,13.479557,-3.916624,0.012479,3.916643,1.402160,-0.021730,1.402329,3.138406,17.295541,0.036375
17,85,1786609498.129447,0,1,50.310495,13.437715,33.228173,13.478698,-3.927390,0.057134,3.927806,1.401686,-0.021477,1.401850,3.127046,17.082371,0.695995
17,86,1786609498.169457,0,1,50.152956,13.437519,33.284221,13.477853,-3.938461,-0.004899,3.938464,1.401200,-0.021112,1.401359,-3.140349,16.868783,0.208268
17,87,1786609498.209465,0,1,49.995018,13.439117,33.340249,13.477028,-3.948448,0.039931,3.948650,1.400704,-0.020644,1.400857,3.131480,16.654812,0.449000
17,88,1786609498.249437,0,1,49.836687,13.438214,33.396257,13.476224,-3.958295,-0.022553,3.958359,1.400199,-0.020081,1.400343,-3.135895,16.440473,0.458922
17,89,1786609498.289459,0,1,49.677983,13.438871,33.452245,13.475447,-3.967588,0.016403,3.967622,1.399685,-0.019432,1.399820,3.137458,16.225780,0.107715
17,90,1786609498.329453,0,1,49.518937,13.436960,33.508211,13.474699,-3.976150,-0.047772,3.976437,1.399163,-0.018702,1.399288,-3.129579,16.010770,0.823406
17,91,1786609498.369440,0,1,49.359544,13.436803,33.564156,13.473983,-3.984830,-0.003913,3.984832,1.398633,-0.017899,1.398748,-3.140611,15.795431,0.191122
17,92,1786609498.409540,0,1,49.199855,13.434065,33.620080,13.473302,-3.992215,-0.068465,3.992802,1.398097,-0.017029,1.398201,-3.124445,15.579824,1.126809
17,93,1786609498.449546,0,1,49.039843,13.433085,33.675982,13.472658,-4.000302,-0.024482,4.000377,1.397554,-0.016097,1.397647,-3.135473,15.363912,0.498221
17,94,1786609498.489519,0,1,48.879581,13.429510,33.731863,13.472054,-4.006553,-0.089370,4.007549,1.397006,-0.015108,1.397088,-3.119290,15.147778,1.438748
17,95,1786609498.529543,0,1,48.719017,13.427700,33.787721,13.471491,-4.014094,-0.045272,4.014350,1.396452,-0.014067,1.396523,-3.130315,14.931361,0.814210
17,96,1786609498.569523,0,1,48.558247,13.423281,33.843557,13.470972,-4.019253,-0.110456,4.020770,1.395894,-0.012979,1.395954,-3.114118,14.714768,1.759887
17,97,1786609498.609533,0,1,48.397195,13.420631,33.899370,13.470498,-4.026295,-0.066253,4.026840,1.395331,-0.011847,1.395381,-3.125139,14.497911,1.139790
17,98,1786609498.649469,0,1,48.235979,13.415363,33.955156,13.470058,-4.030400,-0.131694,4.032551,1.394650,-0.011007,1.394694,-3.108929,14.280928,2.090922
17,99,1786609498.689519,0,1,48.074489,13.411867,34.010910,13.469640,-4.037265,-0.087401,4.038211,1.393862,-0.010436,1.393901,-3.119948,14.063697,1.475544
17,100,1786609498.729529,0,1,47.912853,13.405744,34.066629,13.469236,-4.040904,-0.153091,4.043803,1.392974,-0.010112,1.393010,-3.103726,13.846369,2.432353
17,101,1786609498.769524,0,1,47.750937,13.401395,34.122309,13.468835,-4.047889,-0.108718,4.049349,1.391994,-0.010017,1.392030,-3.114741,13.628795,1.821993
17,102,1786609498.809515,0,1,47.588894,13.394409,34.177946,13.468430,-4.051066,-0.174648,4.054829,1.390930,-0.010131,1.390967,-3.098508,13.411153,2.784825
17,103,1786609498.849540,0,1,47.426567,13.389201,34.233538,13.468012,-4.058177,-0.130199,4.060266,1.389789,-0.010438,1.389828,-3.109521,13.193265,2.179854
17,104,1786609498.889448,0,1,47.264132,13.381347,34.289081,13.467575,-4.060894,-0.196363,4.065639,1.388577,-0.010923,1.388620,-3.093276,12.975337,3.149127
17,105,1786609498.929538,0,1,47.101406,13.375273,34.344573,13.467113,-4.068139,-0.151839,4.070972,1.387299,-0.011570,1.387347,-3.104286,12.757164,2.549992
17,106,1786609498.969455,0,1,46.938503,13.368354,34.400011,13.466618,-4.072571,-0.172984,4.076243,1.385961,-0.012367,1.386016,-3.099143,12.538877,2.881222
17,107,1786609499.009445,0,1,46.775313,13.363608,34.455394,13.466086,-4.079743,-0.118636,4.081467,1.384567,-0.013303,1.384631,-3.112521,12.320346,2.142232
17,108,1786609499.049447,0,1,46.611999,13.356589,34.510719,13.465511,-4.082874,-0.175495,4.086644,1.383123,-0.014364,1.383197,-3.098636,12.101770,2.976943
17,109,1786609499.089640,0,1,46.448441,13.350491,34.565984,13.464890,-4.088933,-0.152447,4.091773,1.381631,-0.015543,1.381718,-3.104327,11.883008,2.686757
17,110,1786609499.129595,0,1,46.284833,13.341843,34.621188,13.464216,-4.090201,-0.216191,4.095910,1.380096,-0.016827,1.380199,-3.088786,11.664287,3.626725
17,111,1786609499.169595,0,1,46.121257,13.330104,34.676329,13.463488,-4.089392,-0.293477,4.099909,1.378522,-0.018210,1.378642,-3.069950,11.445706,4.772542
17,112,1786609499.209607,0,1,45.957434,13.319740,34.731405,13.462701,-4.095596,-0.259086,4.103782,1.376911,-0.019683,1.377051,-3.078417,11.226939,4.349290
17,113,1786609499.249514,0,1,45.793688,13.306279,34.786416,13.461851,-4.093637,-0.336533,4.107447,1.375266,-0.021238,1.375430,-3.059568,11.008372,5.509391
17,114,1786609499.289592,0,1,45.629694,13.294193,34.841359,13.460937,-4.099848,-0.302145,4.110967,1.373590,-0.022868,1.373780,-3.068029,10.789623,5.100372
17,115,1786609499.329602,0,1,45.465827,13.279005,34.896235,13.459954,-4.096673,-0.379715,4.114233,1.371886,-0.024568,1.372106,-3.049168,10.571141,6.276334
17,116,1786609499.369570,0,1,45.301714,13.265192,34.951041,13.458901,-4.102827,-0.345325,4.117334,1.370156,-0.026331,1.370409,-3.057623,10.352486,5.883253
17,117,1786609499.409611,0,1,45.137780,13.248273,35.005777,13.457774,-4.098360,-0.422973,4.120129,1.368401,-0.028152,1.368691,-3.038751,10.134168,7.076919
17,118,1786609499.449646,0,1,44.973604,13.232730,35.060442,13.456573,-4.104384,-0.388574,4.122736,1.366625,-0.030026,1.366955,-3.047201,9.915689,6.701778
17,119,1786609499.489604,0,1,44.809663,13.214080,35.115035,13.455295,-4.098540,-0.466246,4.124974,1.364828,-0.031948,1.365202,-3.028321,9.697628,7.915312
17,120,1786609499.529584,0,1,44.645509,13.196616,35.169556,13.453939,-4.103843,-0.436604,4.127003,1.363012,-0.033914,1.363434,-3.035602,9.479447,7.628305
17,121,1786609499.569711,0,1,44.481656,13.176005,35.224003,13.452502,-4.096319,-0.515267,4.128599,1.361179,-0.035921,1.361653,-3.016462,9.261782,8.880196
17,122,1786609499.609613,0,1,44.318254,13.151709,35.278376,13.450984,-4.085066,-0.607405,4.129977,1.359331,-0.037964,1.359861,-2.993985,9.044830,10.353437
17,123,1786609499.649612,0,1,44.154685,13.128208,35.332706,13.449390,-4.089215,-0.587530,4.131207,1.358257,-0.039832,1.358841,-2.998891,8.827823,10.261235
17,124,1786609499.689599,0,1,43.990906,13.106044,35.387022,13.447729,-4.094476,-0.554099,4.131799,1.357898,-0.041540,1.358533,-3.007081,8.610666,9.981111
17,125,1786609499.729576,0,1,43.827587,13.080749,35.441350,13.446005,-4.082988,-0.632376,4.131669,1.358195,-0.043099,1.358878,-2.987933,8.394187,11.297960
17,126,1786609499.769604,0,1,43.664896,13.051792,35.495714,13.444224,-4.067265,-0.723929,4.131189,1.359095,-0.044521,1.359824,-2.965448,8.178602,12.842609
17,127,1786609499.809590,0,1,43.502094,13.023638,35.550136,13.442391,-4.070046,-0.703849,4.130457,1.360552,-0.045817,1.361323,-2.970352,7.962976,12.825788
17,128,1786609499.849568,0,1,43.339127,12.996828,35.604637,13.440511,-4.074186,-0.670245,4.128949,1.362520,-0.046996,1.363330,-2.978543,7.747205,12.625188
17,129,1786609499.889569,0,1,43.176797,12.966921,35.659235,13.438589,-4.058250,-0.747677,4.126549,1.364957,-0.048069,1.365804,-2.959399,7.532344,14.029063
17,130,1786609499.929677,0,1,43.015286,12.933396,35.713948,13.436627,-4.037769,-0.838126,4.123838,1.367828,-0.049042,1.368707,-2.936928,7.318659,15.669215
17,131,1786609499.969606,0,1,42.853725,12.900688,35.768792,13.434630,-4.039019,-0.817691,4.120958,1.371097,-0.049924,1.372005,-2.941844,7.105024,15.754564
17,132,1786609500.009515,0,1,42.692049,12.869335,35.823781,13.432601,-4.041905,-0.783831,4.117206,1.374731,-0.050721,1.375667,-2.950044,6.891326,15.663260
17,133,1786609500.049531,0,1,42.531188,12.834935,35.878929,13.430543,-4.021533,-0.859985,4.112457,1.378703,-0.051441,1.379663,-2.930921,6.678869,17.186940
17,134,1786609500.089560,0,1,42.371330,12.796981,35.934249,13.428460,-3.996439,-0.948852,4.107535,1.382985,-0.052090,1.383966,-2.908484,6.467981,18.958911
17,135,1786609500.129606,0,1,42.211477,12.759863,35.989751,13.426353,-3.996315,-0.927971,4.102641,1.387552,-0.052672,1.388551,-2.913429,6.257323,19.187168
17,136,1786609500.169563,0,1,42.052719,12.719228,36.045446,13.424225,-3.968959,-1.015871,4.096905,1.392381,-0.053194,1.393397,-2.891018,6.048500,21.050320
17,137,1786609500.209585,0,1,41.893977,12.679435,36.101344,13.422079,-3.968562,-0.994808,4.091348,1.397452,-0.053659,1.398482,-2.895982,5.840044,21.378219
17,138,1786609500.249591,0,1,41.735156,12.641010,36.157454,13.419916,-3.970503,-0.960647,4.085063,1.402744,-0.054073,1.403786,-2.904209,5.631826,21.550848
17,139,1786609500.289610,0,1,41.577373,12.599634,36.213703,13.417742,-3.944596,-1.034376,4.077962,1.406236,-0.054361,1.407286,-2.885141,5.425702,23.365959
17,140,1786609500.329608,0,1,41.419515,12.559627,36.269953,13.415563,-3.946432,-1.000179,4.071202,1.406232,-0.054462,1.407286,-2.893380,5.220213,23.658691
17,141,1786609500.369602,0,1,41.262734,12.516700,36.326202,13.413382,-3.919533,-1.073195,4.063802,1.406230,-0.054516,1.407286,-2.874336,5.017309,25.607768
17,142,1786609500.409650,0,1,41.105866,12.475137,36.382451,13.411201,-3.921691,-1.039074,4.057010,1.406230,-0.054527,1.407286,-2.882588,4.815274,26.049224
17,143,1786609500.449595,0,1,40.948810,12.435449,36.438700,13.409021,-3.926420,-0.992177,4.049839,1.406231,-0.054497,1.407286,-2.894081,4.613992,26.362558
17,144,1786609500.489602,0,1,40.792690,12.393372,36.494950,13.406844,-3.902992,-1.051929,4.042265,1.406233,-0.054431,1.407286,-2.878329,4.415619,28.352668
17,145,1786609500.529614,0,1,40.636355,12.353159,36.551199,13.404671,-3.908382,-1.005339,4.035611,1.406237,-0.054332,1.407286,-2.889824,4.218314,28.859766
17,146,1786609500.569555,0,1,40.479705,12.315314,36.607449,13.402503,-3.916241,-0.946115,4.028905,1.406242,-0.054202,1.407286,-2.904547,4.021983,29.264523
17,147,1786609500.609591,0,1,40.323802,12.275580,36.663699,13.400341,-3.897582,-0.993360,4.022177,1.406248,-0.054045,1.407286,-2.892040,3.829026,31.380684
17,148,1786609500.649655,0,1,40.167541,12.238194,36.719949,13.398190,-3.906510,-0.934647,4.016763,1.406259,-0.053773,1.407286,-2.906754,3.637510,32.051608
17,149,1786609500.689621,0,1,40.010832,12.203660,36.776200,13.396054,-3.917722,-0.863355,4.011724,1.406273,-0.053397,1.407286,-2.924688,3.447412,32.663314
17,150,1786609500.729617,0,1,39.853607,12.172485,36.832452,13.393937,-3.930627,-0.779372,4.007150,1.406291,-0.052925,1.407286,-2.945850,3.258731,33.228709
17,151,1786609500.769678,0,1,39.695827,12.145182,36.888704,13.391842,-3.944513,-0.682558,4.003132,1.406312,-0.052366,1.407286,-2.970250,3.071498,33.763527
17,152,1786609500.809603,0,1,39.538259,12.117439,36.944958,13.389773,-3.939184,-0.693590,3.999780,1.406336,-0.051725,1.407286,-2.967305,2.888607,36.119626
17,153,1786609500.849667,0,1,39.380124,12.093553,37.001212,13.387733,-3.953377,-0.597135,3.998220,1.406362,-0.051010,1.407286,-2.991682,2.708159,37.136413
17,154,1786609500.889663,0,1,39.221408,12.074049,37.057468,13.385724,-3.967897,-0.487620,3.997747,1.406390,-0.050227,1.407286,-3.019315,2.530441,38.228218
17,155,1786609500.929602,0,1,39.062138,12.059456,37.113724,13.383749,-3.981760,-0.364809,3.998436,1.406420,-0.049381,1.407286,-3.050228,2.355858,39.437880
17,156,1786609500.969605,0,1,38.902386,12.050318,37.169983,13.381810,-3.993806,-0.228461,4.000335,1.406451,-0.048477,1.407286,-3.084451,2.184969,40.819150
17,157,1786609501.009573,0,1,38.742453,12.042222,37.226242,13.379909,-3.998312,-0.202394,4.003432,1.406484,-0.047519,1.407286,-3.091016,2.021955,44.318374
17,158,1786609501.049587,0,1,38.582159,12.039605,37.282503,13.378048,-4.007361,-0.065429,4.007895,1.406518,-0.046511,1.407286,-3.125267,1.865620,46.777736
17,159,1786609501.089596,0,1,38.421633,12.040671,37.338765,13.376230,-4.013136,0.026658,4.013224,1.406552,-0.045458,1.407286,3.134950,1.719396,50.584322
17,160,1786609501.129518,0,1,38.260883,12.042834,37.395028,13.374456,-4.018756,0.054070,4.019120,1.406587,-0.044361,1.407286,3.128139,1.588371,56.196199
17,161,1786609501.169589,0,1,38.099909,12.046037,37.451293,13.372727,-4.024361,0.080060,4.025158,1.406622,-0.043224,1.407286,3.121702,1.476756,62.806422
17,162,1786609501.209608,0,1,37.938702,12.049441,37.507559,13.371045,-4.030175,0.085110,4.031074,1.406658,-0.042050,1.407286,3.120478,1.390151,70.722490
17,163,1786609501.249579,0,1,37.777295,12.053950,37.563827,13.369411,-4.035165,0.112738,4.036740,1.406694,-0.040842,1.407286,3.113661,1.332668,79.182247
17,164,1786609501.289605,0,1,37.615658,12.057915,37.620096,13.367827,-4.040934,0.099118,4.042150,1.406729,-0.039601,1.407286,3.117069,1.309919,88.789043
17,165,1786609501.329616,0,1,37.453824,12.062187,37.676367,13.366294,-4.045853,0.106804,4.047262,1.406764,-0.038329,1.407286,3.115200,1.322959,98.171965
17,166,1786609501.369485,0,1,37.291773,12.065485,37.732639,13.364813,-4.051260,0.082436,4.052099,1.406799,-0.037029,1.407286,3.121247,1.372084,107.576517
17,167,1786609501.409551,0,1,37.129637,12.071977,37.788912,13.363385,-4.053404,0.162306,4.056652,1.406833,-0.035702,1.407286,3.101572,1.449958,114.751716
17,168,1786609501.449600,0,1,36.967284,12.077242,37.845187,13.362011,-4.058835,0.131625,4.060968,1.406867,-0.034350,1.407286,3.109175,1.556067,122.488021
17,169,1786609501.489507,0,1,36.804721,12.080751,37.901460,13.360692,-4.064056,0.087734,4.065002,1.406834,-0.032971,1.407221,3.120008,1.685551,129.355490
17,170,1786609501.529512,0,1,36.642073,12.086521,37.957714,13.359429,-4.066210,0.144238,4.068768,1.406339,-0.031560,1.406693,3.106135,1.830630,133.914196
17,171,1786609501.569495,0,1,36.479229,12.090443,38.013931,13.358225,-4.071111,0.098062,4.072292,1.405419,-0.030119,1.405742,3.117510,1.990623,139.060861
17,172,1786609501.609551,0,1,36.316213,12.091984,38.070095,13.357079,-4.075379,0.038522,4.075561,1.404109,-0.028650,1.404401,3.132141,2.162537,143.655106
17,173,1786609501.649510,0,1,36.153109,12.095586,38.126214,13.355985,-4.077602,0.090056,4.078596,1.402976,-0.027348,1.403242,3.119511,2.341313,146.164794
17,174,1786609501.689527,0,1,35.989942,12.101786,38.182294,13.354937,-4.079185,0.154993,4.082129,1.402007,-0.026200,1.402252,3.103615,2.525232,148.071712
17,175,1786609501.729520,0,1,35.826553,12.106134,38.238342,13.353929,-4.084718,0.108699,4.086164,1.401190,-0.025193,1.401416,3.114988,2.715459,151.119823
17,176,1786609501.769519,0,1,35.663074,12.113087,38.294362,13.352956,-4.086977,0.173833,4.090672,1.400511,-0.024317,1.400722,3.099085,2.908772,152.334560
17,177,1786609501.809516,0,1,35.499327,12.118187,38.350361,13.352014,-4.093675,0.127503,4.095660,1.399960,-0.023561,1.400159,3.110456,3.106561,154.814774
17,178,1786609501.849522,0,1,35.335465,12.125903,38.406342,13.351097,-4.096561,0.192879,4.101100,1.399527,-0.022916,1.399715,3.094544,3.306265,155.553701
17,179,1786609501.889511,0,1,35.171396,12.134234,38.462310,13.350202,-4.101714,0.208272,4.106999,1.399202,-0.022372,1.399381,3.090859,3.508375,156.814293
17,180,1786609501.929537,0,1,35.007131,12.143637,38.518269,13.349325,-4.106618,0.235098,4.113342,1.398976,-0.021923,1.399148,3.084407,3.712381,157.771541
17,181,1786609501.969533,0,1,34.842577,12.152724,38.574223,13.348463,-4.113856,0.227171,4.120123,1.398842,-0.021560,1.399008,3.086428,3.918542,159.072154
17,182,1786609502.009532,0,1,34.677930,12.164852,38.630174,13.347612,-4.116176,0.303182,4.127326,1.398792,-0.021277,1.398954,3.068069,4.125428,159.126926
17,183,1786609502.049531,0,1,34.512876,12.175523,38.686127,13.346769,-4.126351,0.266795,4.134967,1.398820,-0.021067,1.398978,3.077026,4.334494,160.623543
17,184,1786609502.089513,0,1,34.347709,12.189046,38.742084,13.345932,-4.129183,0.338056,4.142998,1.398918,-0.020925,1.399075,3.059905,4.544108,160.570312
17,185,1786609502.129514,0,1,34.182087,12.201070,38.798047,13.345098,-4.140551,0.300598,4.151448,1.399083,-0.020845,1.399238,3.069121,4.755617,161.927886
17,186,1786609502.169428,0,1,34.016347,12.216004,38.854019,13.344266,-4.143484,0.373365,4.160272,1.399307,-0.020821,1.399462,3.051726,4.967499,161.722956
17,187,1786609502.209536,0,1,33.850108,12.229416,38.910003,13.343432,-4.155994,0.335291,4.169497,1.399588,-0.020851,1.399743,3.061091,5.181078,162.971090
17,188,1786609502.249538,0,1,33.683730,12.245606,38.966000,13.342594,-4.159435,0.404746,4.179081,1.399919,-0.020928,1.400075,3.044590,5.394975,162.710096
17,189,1786609502.289471,0,1,33.516807,12.260219,39.022012,13.341752,-4.173085,0.365346,4.189047,1.400297,-0.021050,1.400455,3.054267,5.610436,163.882036
17,190,1786609502.329517,0,1,33.349758,12.277828,39.078040,13.340904,-4.176220,0.440218,4.199358,1.400719,-0.021213,1.400879,3.036570,5.826092,163.469081
17,191,1786609502.369538,0,1,33.182122,12.293862,39.134088,13.340047,-4.190910,0.400849,4.210036,1.401180,-0.021413,1.401344,3.046235,6.043211,164.567312
17,192,1786609502.409510,0,1,33.014327,12.312633,39.190155,13.339181,-4.194876,0.469277,4.221043,1.401678,-0.021648,1.401845,3.030187,6.260563,164.179478
17,193,1786609502.449523,0,1,32.845900,12.329768,39.246243,13.338305,-4.210665,0.428368,4.232399,1.402209,-0.021914,1.402380,3.040207,6.479316,165.236272
17,194,1786609502.489525,0,1,32.677333,12.349883,39.302354,13.337417,-4.214172,0.502887,4.244071,1.402772,-0.022209,1.402947,3.022822,6.698218,164.716787
17,195,1786609502.529516,0,1,32.508096,12.368363,39.358488,13.336515,-4.230931,0.461984,4.256078,1.403363,-0.022531,1.403543,3.032832,6.918468,165.724222
17,196,1786609502.569460,0,1,32.338702,12.389726,39.414648,13.335600,-4.234843,0.534073,4.268387,1.403980,-0.022877,1.404166,3.016141,7.138885,165.198291
17,197,1786609502.609465,0,1,32.168598,12.409425,39.470832,13.334670,-4.252594,0.492480,4.281015,1.404621,-0.023245,1.404813,3.026299,7.360618,166.172868
17,198,1786609502.649467,0,1,31.998332,12.432003,39.527040,13.333730,-4.256672,0.564442,4.293931,1.405200,-0.023504,1.405397,3.009760,7.582517,165.616659
17,199,1786609502.689520,0,1,31.827368,12.452881,39.583269,13.332784,-4.274077,0.521957,4.305830,1.405723,-0.023661,1.405922,3.020073,7.805654,166.564924
17,200,1786609502.729531,0,1,31.655782,12.472183,39.639517,13.331835,-4.289650,0.482554,4.316707,1.406194,-0.023725,1.406394,3.029571,8.029883,167.435957
17,201,1786609502.769460,0,1,31.484305,12.493129,39.695782,13.330887,-4.286926,0.523646,4.318789,1.406616,-0.023704,1.406816,3.020045,8.254101,167.210533
17,202,1786609502.809525,0,1,31.312553,12.511681,39.752061,13.329942,-4.293813,0.463800,4.318789,1.406994,-0.023603,1.407192,3.033994,8.479084,168.297185
17,203,1786609502.849516,0,1,31.140866,12.530833,39.808345,13.329005,-4.292166,0.478799,4.318789,1.407091,-0.023426,1.407286,3.030500,8.704152,168.373440
17,204,1786609502.889511,0,1,30.968892,12.547203,39.864629,13.328078,-4.299355,0.409247,4.318789,1.407095,-0.023182,1.407286,3.046691,8.929944,169.545894
17,205,1786609502.929524,0,1,30.797113,12.565510,39.920913,13.327163,-4.294470,0.457680,4.318789,1.407100,-0.022876,1.407286,3.035419,9.155536,169.144724
17,206,1786609502.969468,0,1,30.625061,12.581034,39.977197,13.326262,-4.301316,0.388094,4.318789,1.407106,-0.022515,1.407286,3.051609,9.381782,170.288332
17,207,1786609503.009466,0,1,30.453194,12.598496,40.033482,13.325378,-4.296669,0.436551,4.318789,1.407113,-0.022102,1.407286,3.040338,9.607824,169.859660
17,208,1786609503.049436,0,1,30.281067,12.613173,40.089767,13.324513,-4.303173,0.366932,4.318789,1.407120,-0.021643,1.407286,3.056528,9.834459,170.978273
17,209,1786609503.089440,0,1,30.108865,12.626946,40.146052,13.323667,-4.305042,0.344321,4.318789,1.407128,-0.021140,1.407286,3.061782,10.061338,171.456409
17,210,1786609503.129443,0,1,29.936646,12.640494,40.202337,13.322843,-4.305487,0.338705,4.318789,1.407136,-0.020597,1.407286,3.063086,10.288344,171.699113
17,211,1786609503.169439,0,1,29.764198,12.650733,40.258623,13.322042,-4.311196,0.255984,4.318789,1.407144,-0.020018,1.407286,3.082286,10.515874,172.941839
17,212,1786609503.209453,0,1,29.591841,12.662401,40.314909,13.321266,-4.308927,0.291695,4.318789,1.407153,-0.019405,1.407286,3.074000,10.743291,172.611192
17,213,1786609503.249464,0,1,29.419292,12.670758,40.371195,13.320516,-4.313733,0.208917,4.318789,1.407161,-0.018762,1.407286,3.093200,10.971161,173.832007
17,214,1786609503.289458,0,1,29.246817,12.680544,40.427482,13.319792,-4.311854,0.244651,4.318789,1.407170,-0.018090,1.407286,3.084914,11.198924,173.480276
17,215,1786609503.329433,0,1,29.074470,12.692352,40.483769,13.319096,-4.308688,0.295210,4.318789,1.407179,-0.017393,1.407286,3.073184,11.426501,172.936246
17,216,1786609503.369456,0,1,28.901968,12.701448,40.540057,13.318430,-4.312547,0.227387,4.318538,1.407188,-0.016673,1.407286,3.088915,11.654432,173.947130
17,217,1786609503.409441,0,1,28.729359,12.707229,40.596345,13.317792,-4.315222,0.144523,4.317642,1.407196,-0.015931,1.407286,3.108114,11.882682,175.136490
17,218,1786609503.449445,0,1,28.556864,12.714437,40.652633,13.317186,-4.312374,0.180213,4.316138,1.407205,-0.015169,1.407286,3.099827,12.110777,174.754253
17,219,1786609503.489451,0,1,28.384348,12.718332,40.708921,13.316610,-4.312901,0.097360,4.314000,1.407213,-0.014389,1.407286,3.119022,12.339086,175.927659
17,220,1786609503.529430,0,1,28.211979,12.723653,40.765210,13.316066,-4.309236,0.133025,4.311288,1.407221,-0.013593,1.407286,3.110733,12.567202,175.529955
17,221,1786609503.569432,0,1,28.039816,12.730990,40.821499,13.315555,-4.304072,0.183422,4.307978,1.407228,-0.012782,1.407286,3.099003,12.795044,174.941188
17,222,1786609503.609472,0,1,27.867714,12.735615,40.877789,13.315077,-4.302544,0.115635,4.304098,1.407236,-0.011958,1.407286,3.114723,13.022973,175.910260
17,223,1786609503.649454,0,1,27.695732,12.736938,40.934078,13.314628,-4.299550,0.033083,4.299677,1.407242,-0.011216,1.407286,3.133898,13.250945,177.060483
17,224,1786609503.689422,0,1,27.523932,12.739687,40.990368,13.314206,-4.294997,0.068710,4.295547,1.407247,-0.010548,1.407286,3.125596,13.478686,176.640550
17,225,1786609503.729407,0,1,27.352332,12.744446,41.046656,13.313808,-4.290007,0.118982,4.291657,1.407200,-0.009950,1.407235,3.113865,13.706156,176.030543
17,226,1786609503.769440,0,1,27.180969,12.751801,41.102940,13.313431,-4.284067,0.183864,4.288010,1.407101,-0.009415,1.407133,3.098701,13.933295,175.232341
17,227,1786609503.809394,0,1,27.009665,12.757048,41.159219,13.313074,-4.282608,0.131175,4.284617,1.406955,-0.008939,1.406983,3.110973,14.160475,175.995239
17,228,1786609503.849451,0,1,26.838586,12.764885,41.215489,13.312733,-4.276969,0.195933,4.281455,1.406765,-0.008517,1.406791,3.095813,14.387338,175.194777
17,229,1786609503.889444,0,1,26.667541,12.770618,41.271751,13.312408,-4.276132,0.143338,4.278534,1.406535,-0.008144,1.406558,3.108085,14.614256,175.955548
17,230,1786609503.929453,0,1,26.496710,12.778938,41.328001,13.312095,-4.270769,0.207991,4.275831,1.406267,-0.007818,1.406289,3.092930,14.840871,175.153054
17,231,1786609503.969470,0,1,26.325889,12.785157,41.384240,13.311793,-4.270527,0.155480,4.273357,1.405966,-0.007533,1.405986,3.105201,15.067557,175.911928
17,232,1786609504.009429,0,1,26.155272,12.793959,41.440465,13.311502,-4.265417,0.220045,4.271089,1.405633,-0.007288,1.405652,3.090050,15.293952,175.107596
17,233,1786609504.049519,0,1,25.984642,12.800663,41.496676,13.311219,-4.265746,0.167609,4.269037,1.405272,-0.007079,1.405289,3.102321,15.520434,175.864775
17,234,1786609504.089533,0,1,25.814208,12.809947,41.552871,13.310943,-4.260864,0.232103,4.267181,1.404883,-0.006902,1.404900,3.087173,15.746635,175.058771
17,235,1786609504.129516,0,1,25.643738,12.817137,41.609050,13.310672,-4.261741,0.179734,4.265530,1.404471,-0.006756,1.404487,3.099444,15.972939,175.814428
17,236,1786609504.169466,0,1,25.473456,12.826904,41.665212,13.310407,-4.257066,0.244171,4.264063,1.404036,-0.006639,1.404051,3.084299,16.198974,175.006893
17,237,1786609504.209515,0,1,25.303117,12.834578,41.721355,13.310145,-4.258471,0.191862,4.262791,1.403580,-0.006547,1.403595,3.096569,16.425124,175.761181
17,238,1786609504.249514,0,1,25.132722,12.839579,41.777479,13.309886,-4.259858,0.125028,4.261693,1.403105,-0.006478,1.403120,3.112251,16.651400,176.700339
17,239,1786609504.289526,0,1,24.962435,12.846578,41.833584,13.309629,-4.257182,0.174964,4.260776,1.402613,-0.006432,1.402628,3.100517,16.877502,176.074394
17,240,1786609504.329468,0,1,24.792303,12.856152,41.889668,13.309372,-4.253291,0.239359,4.260021,1.402105,-0.006406,1.402119,3.085376,17.103370,175.260557
17,241,1786609504.369425,0,1,24.622090,12.863637,41.945731,13.309116,-4.255327,0.187129,4.259440,1.401581,-0.006398,1.401596,3.097646,17.329368,176.008987
17,242,1786609504.409526,0,1,24.452027,12.873698,42.001773,13.308860,-4.251580,0.251508,4.259013,1.401045,-0.006407,1.401059,3.082505,17.555140,175.194125
17,243,1786609504.449523,0,1,24.281864,12.881670,42.057793,13.308603,-4.254084,0.199311,4.258750,1.400495,-0.006432,1.400510,3.094775,17.781055,175.941718
17,244,1786609504.489534,0,1,24.111845,12.892217,42.113790,13.308344,-4.250462,0.263686,4.258634,1.399935,-0.006472,1.399949,3.079635,18.006754,175.125897
17,245,1786609504.529534,0,1,23.941709,12.900678,42.169765,13.308083,-4.253416,0.211517,4.258672,1.399363,-0.006524,1.399378,3.091905,18.232608,175.872733
17,246,1786609504.569458,0,1,23.771713,12.911714,42.225716,13.307819,-4.249902,0.275898,4.258848,1.398782,-0.006589,1.398797,3.076765,18.458254,175.056011
17,247,1786609504.609536,0,1,23.601581,12.920664,42.281644,13.307553,-4.253289,0.223749,4.259171,1.398192,-0.006665,1.398208,3.089035,18.684069,175.802160
17,248,1786609504.649567,0,1,23.431586,12.932190,42.337552,13.307285,-4.249865,0.288148,4.259623,1.397712,-0.006685,1.397728,3.073894,18.909686,174.984578
17,249,1786609504.689524,0,1,23.261427,12.941631,42.393445,13.307019,-4.253982,0.236032,4.260525,1.397333,-0.006653,1.397349,3.086164,19.135507,175.730083
17,250,1786609504.729518,0,1,23.091377,12.953652,42.449327,13.306756,-4.251247,0.300508,4.261855,1.397047,-0.006574,1.397063,3.071023,19.361170,174.911655
17,251,1786609504.769527,0,1,22.921510,12.968833,42.505201,13.306498,-4.246693,0.379529,4.263619,1.396848,-0.006452,1.396863,3.052459,19.586602,173.905216
17,252,1786609504.809528,0,1,22.751426,12.982514,42.561070,13.306247,-4.252094,0.342029,4.265828,1.396727,-0.006289,1.396741,3.061328,19.812290,174.464900
17,253,1786609504.849516,0,1,22.581522,12.999361,42.616937,13.306003,-4.247603,0.421185,4.268434,1.396679,-0.006090,1.396692,3.042758,20.037762,173.460323
17,254,1786609504.889462,0,1,22.411354,13.014713,42.672805,13.305769,-4.254194,0.383786,4.271470,1.396697,-0.005857,1.396710,3.051623,20.263542,174.022097
17,255,1786609504.929476,0,1,22.241365,13.033238,42.728676,13.305545,-4.249729,0.463124,4.274890,1.396777,-0.005593,1.396789,3.033044,20.489121,173.019106
17,256,1786609504.969492,0,1,22.071065,13.050271,42.784553,13.305333,-4.257482,0.425834,4.278725,1.396914,-0.005300,1.396924,3.041904,20.715058,173.582772
17,257,1786609505.009443,0,1,21.900945,13.070487,42.840437,13.305134,-4.253005,0.505398,4.282929,1.397102,-0.004981,1.397111,3.023314,20.940806,172.581114
17,258,1786609505.049437,0,1,21.730470,13.089216,42.896331,13.304948,-4.261891,0.468224,4.287534,1.397339,-0.004638,1.397347,3.032169,21.166960,173.146492
17,259,1786609505.089438,0,1,21.560175,13.111138,42.952235,13.304777,-4.257363,0.548058,4.292495,1.397619,-0.004273,1.397626,3.013565,21.392937,172.145934
17,260,1786609505.129447,0,1,21.389481,13.131578,43.008153,13.304622,-4.267355,0.511007,4.297843,1.397940,-0.003888,1.397946,3.022412,21.619365,172.712864
17,261,1786609505.169472,0,1,21.218971,13.155224,43.064085,13.304483,-4.262737,0.591150,4.303532,1.398298,-0.003484,1.398303,3.003793,21.845623,171.713190
17,262,1786609505.209453,0,1,21.048019,13.177394,43.120032,13.304360,-4.273808,0.554228,4.309595,1.398691,-0.003064,1.398694,3.012632,22.072379,172.281525
17,263,1786609505.249505,0,1,20.877257,13.202782,43.175997,13.304255,-4.269058,0.634720,4.315985,1.399115,-0.002628,1.399117,2.993995,22.298971,171.282535
17,264,1786609505.289460,0,1,20.706166,13.226678,43.231980,13.304168,-4.277273,0.597388,4.318789,1.399568,-0.002178,1.399569,3.002825,22.525947,171.852085
17,265,1786609505.329422,0,1,20.535365,13.252563,43.287982,13.304099,-4.270030,0.647136,4.318789,1.400047,-0.001716,1.400048,2.991184,22.752676,171.252454
17,266,1786609505.369411,0,1,20.364304,13.276673,43.344004,13.304050,-4.276522,0.602744,4.318789,1.400552,-0.001241,1.400552,3.001572,22.979716,171.909165
17,267,1786609505.409548,0,1,20.193679,13.303701,43.400047,13.304019,-4.265604,0.675691,4.318789,1.401078,-0.000756,1.401079,2.984493,23.206367,170.998091
17,268,1786609505.449445,0,1,20.022784,13.328955,43.456112,13.304009,-4.272393,0.631344,4.318789,1.401626,-0.000262,1.401626,2.994881,23.433341,171.655063
17,269,1786609505.489518,0,1,19.852344,13.357123,43.512200,13.304018,-4.260988,0.704216,4.318789,1.402193,0.000241,1.402193,2.977803,23.659915,170.744124
17,270,1786609505.529546,0,1,19.681621,13.383520,43.568311,13.304049,-4.268074,0.659915,4.318789,1.402777,0.000752,1.402777,2.988191,23.886822,171.401338
17,271,1786609505.569510,0,1,19.511272,13.412232,43.624446,13.304099,-4.258722,0.717795,4.318789,1.403378,0.001270,1.403378,2.974615,24.113416,170.689822
17,272,1786609505.609546,0,1,19.340613,13.439039,43.680606,13.304171,-4.266473,0.670187,4.318789,1.403993,0.001795,1.403994,2.985784,24.340366,171.390277
17,273,1786609505.649537,0,1,19.170355,13.468282,43.736790,13.304264,-4.256463,0.731070,4.318789,1.404608,0.002322,1.404610,2.971497,24.566982,170.636764
17,274,1786609505.689530,0,1,18.999768,13.495545,43.792999,13.304378,-4.264668,0.681578,4.318789,1.405223,0.002851,1.405225,2.983113,24.793967,171.361558
17,275,1786609505.729526,0,1,18.828857,13.520690,43.849232,13.304513,-4.272794,0.628629,4.318789,1.405837,0.003382,1.405841,2.995517,25.021310,172.125509
17,276,1786609505.769537,0,1,18.658271,13.547959,43.905490,13.304670,-4.264646,0.681712,4.318789,1.406451,0.003914,1.406456,2.983082,25.248392,171.470100
17,277,1786609505.809511,0,1,18.487305,13.572734,43.961773,13.304848,-4.274142,0.619393,4.318789,1.407065,0.004448,1.407072,2.997678,25.475876,172.356797
17,278,1786609505.849561,0,1,18.315977,13.594863,44.018064,13.305047,-4.283212,0.553207,4.318789,1.407278,0.004981,1.407286,3.013147,25.703721,173.286631
17,279,1786609505.889540,0,1,18.144878,13.618701,44.074355,13.305268,-4.277472,0.595968,4.318789,1.407276,0.005514,1.407286,3.003157,25.931372,172.760762
17,280,1786609505.929523,0,1,17.973388,13.639546,44.130646,13.305510,-4.287235,0.521112,4.318789,1.407273,0.006047,1.407286,3.020636,26.159390,173.801362
17,281,1786609505.969523,0,1,17.801500,13.656792,44.186937,13.305773,-4.297213,0.431158,4.318789,1.407271,0.006580,1.407286,3.041593,26.387772,175.032634
17,282,1786609506.009544,0,1,17.629241,13.669831,44.243228,13.306057,-4.306470,0.325971,4.318789,1.407268,0.007113,1.407286,3.066043,26.616473,176.454451
17,283,1786609506.049512,0,1,17.456685,13.678048,44.299518,13.306363,-4.313900,0.205434,4.318789,1.407266,0.007645,1.407286,3.094007,26.845406,178.066867
17,284,1786609506.089477,0,1,17.283956,13.680827,44.355809,13.306690,-4.318230,0.069470,4.318789,1.407263,0.008177,1.407286,3.125506,27.074438,179.870117
17,285,1786609506.129542,0,1,17.111206,13.680135,44.412099,13.307038,-4.318755,-0.017292,4.318789,1.407259,0.008708,1.407286,-3.137589,27.303443,178.987629
17,286,1786609506.169473,0,1,16.938459,13.678770,44.468389,13.307408,-4.318654,-0.034136,4.318789,1.407256,0.009238,1.407286,-3.133688,27.532435,178.774284
17,287,1786609506.209532,0,1,16.765714,13.677323,44.524679,13.307799,-4.318638,-0.036176,4.318789,1.407253,0.009767,1.407286,-3.133216,27.761425,178.757387
17,288,1786609506.249456,0,1,16.592965,13.676387,44.580969,13.308210,-4.318726,-0.023406,4.318789,1.407249,0.010295,1.407286,-3.136173,27.990426,178.935815
17,289,1786609506.289465,0,1,16.420281,13.671551,44.637259,13.308643,-4.317097,-0.120893,4.318789,1.407245,0.010822,1.407286,-3.113597,28.219312,177.659093
17,290,1786609506.329449,0,1,16.247582,13.667304,44.693549,13.309097,-4.317484,-0.106184,4.318789,1.407241,0.011347,1.407286,-3.117004,28.448222,177.869690
17,291,1786609506.369439,0,1,16.074857,13.664238,44.749838,13.309572,-4.318109,-0.076646,4.318789,1.407236,0.011871,1.407286,-3.123845,28.677174,178.274483
17,292,1786609506.409449,0,1,15.902213,13.658158,44.806127,13.310068,-4.316113,-0.152002,4.318789,1.407232,0.012393,1.407286,-3.106390,28.906011,177.293043
18,0,1786609509.802142,0,1,59.480000,13.100032,29.003536,13.399986,-0.499999,0.000796,0.500000,0.088399,-0.000348,0.088400,3.140000,30.477940,0.472644
18,0,1786609509.842143,0,1,59.480000,13.100032,29.010208,13.399956,-0.499999,0.000796,0.500000,0.166798,-0.000743,0.166800,3.140000,30.471268,0.472711
18,1,1786609509.882091,0,1,59.457178,13.100406,29.020016,13.399909,-0.570559,0.009342,0.570635,0.245197,-0.001188,0.245200,3.125220,30.438635,0.374297
18,2,1786609509.922147,0,1,59.431528,13.100696,29.032960,13.399841,-0.641232,0.007251,0.641273,0.323595,-0.001684,0.323600,3.130286,30.400041,0.084015
18,3,1786609509.962070,0,1,59.403053,13.100989,29.049039,13.399752,-0.711873,0.007348,0.711911,0.401993,-0.002235,0.402000,3.131271,30.355484,0.027471
18,4,1786609510.002110,0,1,59.371753,13.101272,29.068255,13.399638,-0.782517,0.007063,0.782549,0.480391,-0.002843,0.480400,3.132566,30.304967,0.046943
18,5,1786609510.042150,0,1,59.337626,13.101548,29.090607,13.399498,-0.853160,0.006895,0.853188,0.558788,-0.003512,0.558799,3.133511,30.248487,0.101327
18,6,1786609510.082154,0,1,59.300674,13.101817,29.116094,13.399328,-0.923803,0.006729,0.923827,0.637185,-0.004245,0.637199,3.134308,30.186047,0.147352
18,7,1786609510.122153,0,1,59.260896,13.102080,29.144717,13.399126,-0.994445,0.006577,0.994466,0.715581,-0.005048,0.715599,3.134979,30.117644,0.186152
18,8,1786609510.162152,0,1,59.218293,13.102337,29.176476,13.398889,-1.065087,0.006426,1.065106,0.793976,-0.005925,0.793998,3.135559,30.043281,0.219880
18,9,1786609510.202154,0,1,59.172864,13.102588,29.211371,13.398614,-1.135728,0.006268,1.135746,0.872370,-0.006882,0.872397,3.136074,29.962955,0.249855
18,10,1786609510.242146,0,1,59.124609,13.102832,29.249203,13.398300,-1.206370,0.006096,1.206386,0.945790,-0.007859,0.945823,3.136540,29.876868,0.277119
18,11,1786609510.282088,0,1,59.073529,13.103068,29.289735,13.397946,-1.277012,0.005902,1.277025,1.013322,-0.008838,1.013360,3.136971,29.785253,0.302459
18,12,1786609510.322180,0,1,59.019622,13.103295,29.332753,13.397553,-1.347654,0.005678,1.347665,1.075436,-0.009820,1.075480,3.137379,29.688328,0.326484
18,13,1786609510.362145,0,1,58.962891,13.103512,29.378055,13.397121,-1.418295,0.005419,1.418305,1.132565,-0.010803,1.132617,3.137772,29.586292,0.349672
18,14,1786609510.402158,0,1,58.903333,13.103716,29.425460,13.396650,-1.488937,0.005118,1.488945,1.185109,-0.011788,1.185168,3.138155,29.479329,0.372403
18,15,1786609510.442159,0,1,58.840950,13.103907,29.474797,13.396139,-1.559578,0.004768,1.559585,1.233435,-0.012774,1.233501,3.138535,29.367607,0.394979
18,16,1786609510.482152,0,1,58.775754,13.104082,29.525912,13.395588,-1.629905,0.004362,1.629911,1.277879,-0.013761,1.277953,3.138916,29.251294,0.417644
18,17,1786609510.522150,0,1,58.707814,13.104237,29.578662,13.394998,-1.698503,0.003892,1.698507,1.318752,-0.014749,1.318835,3.139301,29.130602,0.440604
18,18,1786609510.562158,0,1,58.637197,13.104371,29.632916,13.394369,-1.765417,0.003352,1.765420,1.356341,-0.015738,1.356432,3.139694,29.005731,0.464052
18,19,1786609510.602142,0,1,58.563969,13.104481,29.688552,13.393700,-1.830694,0.002740,1.830696,1.390907,-0.016727,1.391007,3.140096,28.876865,0.488103
18,20,1786609510.642149,0,1,58.488194,13.104563,29.745460,13.392991,-1.894376,0.002053,1.894377,1.422692,-0.017716,1.422803,3.140509,28.744181,0.512847
18,21,1786609510.682096,0,1,58.409934,13.104615,29.803537,13.392243,-1.956508,0.001288,1.956508,1.451920,-0.018704,1.452040,3.140934,28.607843,0.538349
18,22,1786609510.722141,0,1,58.329249,13.104632,29.862689,13.391455,-2.017129,0.000445,2.017129,1.478794,-0.019693,1.478925,3.141372,28.468005,0.564652
18,23,1786609510.762088,0,1,58.246198,13.104613,29.922825,13.390635,-2.076282,-0.000479,2.076282,1.503417,-0.020508,1.503557,-3.141362,28.324816,0.591797
18,24,1786609510.802147,0,1,58.160863,13.104510,29.983864,13.389788,-2.133360,-0.002592,2.133362,1.525968,-0.021164,1.526115,-3.140378,28.178443,0.649692
18,25,1786609510.842086,0,1,58.073326,13.104326,30.045729,13.388921,-2.188420,-0.004599,2.188425,1.546613,-0.021673,1.546765,-3.139491,28.029043,0.702164
18,26,1786609510.882070,0,1,57.983666,13.104050,30.108349,13.388039,-2.241515,-0.006903,2.241526,1.565505,-0.022047,1.565660,-3.138513,27.876764,0.760140
18,27,1786609510.922047,0,1,57.891958,13.103674,30.171660,13.387148,-2.292698,-0.009382,2.292717,1.582784,-0.022296,1.582941,-3.137500,27.721747,0.820363
18,28,1786609510.962035,0,1,57.798277,13.103191,30.235603,13.386250,-2.342019,-0.012082,2.342050,1.598579,-0.022430,1.598736,-3.136434,27.564127,0.883967
18,29,1786609511.002036,0,1,57.702696,13.102591,30.300124,13.385352,-2.389529,-0.014990,2.389576,1.613008,-0.022460,1.613165,-3.135319,27.404031,0.950632
18,30,1786609511.042043,0,1,57.605285,13.101867,30.365171,13.384456,-2.435274,-0.018113,2.435342,1.626182,-0.022392,1.626336,-3.134155,27.241580,1.020503
18,31,1786609511.082036,0,1,57.506113,13.101009,30.430699,13.383567,-2.479304,-0.021447,2.479396,1.638200,-0.022235,1.638350,-3.132942,27.076888,1.093538
18,32,1786609511.122030,0,1,57.405246,13.100009,30.496665,13.382687,-2.521661,-0.024993,2.521785,1.649154,-0.021995,1.649301,-3.131682,26.910066,1.169743
18,33,1786609511.162086,0,1,57.302751,13.098859,30.563030,13.381820,-2.562393,-0.028749,2.562554,1.659131,-0.021681,1.659273,-3.130374,26.741217,1.249088
18,34,1786609511.202071,0,1,57.198689,13.097551,30.629759,13.380968,-2.601540,-0.032711,2.601746,1.668208,-0.021296,1.668344,-3.129020,26.570442,1.331542
18,35,1786609511.242042,0,1,57.093123,13.096076,30.696817,13.380134,-2.639146,-0.036875,2.639404,1.676456,-0.020848,1.676586,-3.127621,26.397835,1.417063
18,36,1786609511.282054,0,1,56.986113,13.094426,30.764175,13.379320,-2.675251,-0.041238,2.675569,1.683944,-0.020342,1.684067,-3.126179,26.223486,1.505598
18,37,1786609511.322052,0,1,56.877717,13.092595,30.831804,13.378529,-2.709895,-0.045793,2.710282,1.690730,-0.019781,1.690846,-3.124696,26.047483,1.597092
18,38,1786609511.362064,0,1,56.767993,13.090573,30.899679,13.377762,-2.743117,-0.050535,2.743582,1.696872,-0.019172,1.696980,-3.123172,25.869908,1.691482
18,39,1786609511.402057,0,1,56.656994,13.088355,30.967775,13.377022,-2.774954,-0.055457,2.775508,1.702421,-0.018517,1.702522,-3.121610,25.690841,1.788702
18,40,1786609511.442070,0,1,56.544777,13.085933,31.036072,13.376309,-2.805442,-0.060553,2.806096,1.707424,-0.017820,1.707517,-3.120012,25.510357,1.888680
18,41,1786609511.482071,0,1,56.431392,13.083300,31.104549,13.375625,-2.834618,-0.065814,2.835382,1.711925,-0.017085,1.712011,-3.118379,25.328530,1.991345
18,42,1786609511.522087,0,1,56.316891,13.080451,31.173188,13.374973,-2.862516,-0.071234,2.863403,1.715965,-0.016315,1.716042,-3.116713,25.145428,2.096622
18,43,1786609511.562053,0,1,56.201325,13.077379,31.241971,13.374352,-2.889170,-0.076803,2.890191,1.719579,-0.015513,1.719649,-3.115016,24.961120,2.204436
18,44,1786609511.602090,0,1,56.084740,13.074078,31.310883,13.373765,-2.914613,-0.082515,2.915781,1.722803,-0.014682,1.722865,-3.113290,24.775669,2.314713
18,45,1786609511.642152,0,1,55.967185,13.070544,31.379910,13.373212,-2.938877,-0.088359,2.940205,1.725667,-0.013824,1.725722,-3.111536,24.589138,2.427380
18,46,1786609511.682135,0,1,55.848705,13.066771,31.449038,13.372694,-2.961993,-0.094328,2.963494,1.728200,-0.012942,1.728248,-3.109757,24.401585,2.542362
18,47,1786609511.722074,0,1,55.729346,13.062754,31.518255,13.372213,-2.983991,-0.100412,2.985680,1.730429,-0.012037,1.730471,-3.107955,24.213068,2.659591
18,48,1786609511.762038,0,1,55.609150,13.058490,31.587559,13.371761,-3.004901,-0.106604,3.006792,1.732603,-0.011299,1.732640,-3.106131,24.023633,2.778980
18,49,1786609511.802082,0,1,55.488111,13.054249,31.656948,13.371332,-3.025969,-0.106036,3.027826,1.734728,-0.010716,1.734761,-3.106565,23.833272,2.769238
18,50,1786609511.842086,0,1,55.366240,13.049811,31.726421,13.370921,-3.046765,-0.110944,3.048784,1.736807,-0.010274,1.736837,-3.105195,23.642000,2.863659
18,51,1786609511.882062,0,1,55.243533,13.045379,31.795974,13.370523,-3.067668,-0.110789,3.069668,1.738843,-0.009962,1.738872,-3.105493,23.449813,2.862795
18,52,1786609511.922027,0,1,55.120000,13.040790,31.865608,13.370132,-3.088348,-0.114737,3.090479,1.740841,-0.009770,1.740868,-3.104458,23.256724,2.939051
18,53,1786609511.962057,0,1,54.995636,13.036197,31.935320,13.369745,-3.109100,-0.114825,3.111219,1.742803,-0.009690,1.742830,-3.104677,23.062728,2.943764
18,54,1786609512.002044,0,1,54.870449,13.031475,32.005109,13.369356,-3.129665,-0.118043,3.131890,1.744732,-0.009710,1.744759,-3.103893,22.867836,3.006632
18,55,1786609512.042039,0,1,54.744438,13.026744,32.074975,13.368963,-3.150275,-0.118270,3.152494,1.746630,-0.009825,1.746658,-3.104068,22.672046,3.014901
18,56,1786609512.082036,0,1,54.617609,13.021907,32.144915,13.368562,-3.170727,-0.120923,3.173032,1.748501,-0.010025,1.748530,-3.103474,22.475368,3.067808
18,57,1786609512.122097,0,1,54.489961,13.017058,32.214929,13.368150,-3.191205,-0.121222,3.193507,1.750347,-0.010304,1.750377,-3.103625,22.277799,3.078404
18,58,1786609512.162086,0,1,54.361499,13.012121,32.285015,13.367724,-3.211547,-0.123433,3.213918,1.752168,-0.010656,1.752201,-3.103177,22.079347,3.123861
18,59,1786609512.202073,0,1,54.232223,13.007171,32.355174,13.367281,-3.231901,-0.123762,3.234270,1.753968,-0.011075,1.754003,-3.103317,21.880012,3.136051
18,60,1786609512.242019,0,1,54.102137,13.002146,32.425404,13.366818,-3.252136,-0.125623,3.254562,1.755749,-0.011555,1.755787,-3.102984,21.679801,3.175928
18,61,1786609512.282020,0,1,53.971242,12.997107,32.495704,13.366335,-3.272373,-0.125958,3.274796,1.757510,-0.012092,1.757552,-3.103120,21.478712,3.189291
18,62,1786609512.322024,0,1,53.839542,12.992006,32.566075,13.365828,-3.292505,-0.127538,3.294974,1.759255,-0.012680,1.759301,-3.102876,21.276752,3.225004
18,63,1786609512.362015,0,1,53.707037,12.986891,32.636514,13.365295,-3.312631,-0.127864,3.315098,1.760985,-0.013316,1.761035,-3.103013,21.073921,3.239314
18,64,1786609512.402025,0,1,53.573730,12.981723,32.707022,13.364735,-3.332664,-0.129216,3.335168,1.762700,-0.013996,1.762755,-3.102839,20.870223,3.271954
18,65,1786609512.442023,0,1,53.439623,12.976542,32.777598,13.364147,-3.352685,-0.129524,3.355186,1.764402,-0.014715,1.764463,-3.102979,20.665660,3.287107
18,66,1786609512.482027,0,1,53.304718,12.971314,32.848242,13.363528,-3.372623,-0.130691,3.375154,1.766092,-0.015471,1.766159,-3.102862,20.460236,3.317527
18,67,1786609512.522076,0,1,53.169016,12.966075,32.918952,13.362877,-3.392546,-0.130976,3.395073,1.767770,-0.016260,1.767845,-3.103005,20.253951,3.333494
18,68,1786609512.562064,0,1,53.032521,12.960795,32.989730,13.362194,-3.412392,-0.131989,3.414944,1.769439,-0.017079,1.769521,-3.102933,20.046810,3.362369
18,69,1786609512.602085,0,1,52.895232,12.955505,33.060574,13.361477,-3.432221,-0.132250,3.434768,1.771098,-0.017927,1.771189,-3.103080,19.838812,3.379172
18,70,1786609512.642092,0,1,52.757152,12.950180,33.131484,13.360725,-3.451981,-0.133135,3.454547,1.772749,-0.018800,1.772848,-3.103044,19.629962,3.407047
18,71,1786609512.682090,0,1,52.618284,12.944845,33.202460,13.359937,-3.471721,-0.133370,3.474282,1.774391,-0.019697,1.774500,-3.103196,19.420261,3.424737
18,72,1786609512.722139,0,1,52.478628,12.939479,33.273501,13.359113,-3.491398,-0.134147,3.493974,1.776026,-0.020614,1.776146,-3.103189,19.209711,3.452059
18,73,1786609512.762149,0,1,52.338186,12.934105,33.344595,13.358251,-3.511054,-0.134356,3.513624,1.777352,-0.021532,1.777482,-3.103345,18.998326,3.470708
18,74,1786609512.802143,0,1,52.196976,12.929062,33.415730,13.357353,-3.530235,-0.126078,3.532486,1.778393,-0.022448,1.778535,-3.105894,18.786129,3.351738
18,75,1786609512.842154,0,1,52.055041,12.924061,33.486897,13.356419,-3.548379,-0.125034,3.550581,1.779173,-0.023365,1.779326,-3.106370,18.573177,3.351983
18,76,1786609512.882151,0,1,51.912399,12.919439,33.558086,13.355448,-3.566059,-0.115552,3.567931,1.779711,-0.024280,1.779877,-3.109201,18.359491,3.216730
18,77,1786609512.922150,0,1,51.769089,12.914872,33.629287,13.354440,-3.582737,-0.114165,3.584555,1.780028,-0.025194,1.780206,-3.109738,18.145127,3.213263
18,78,1786609512.962141,0,1,51.625129,12.910760,33.700492,13.353396,-3.599007,-0.102796,3.600475,1.780141,-0.026107,1.780332,-3.113038,17.930101,3.050644
18,79,1786609513.002088,0,1,51.480558,12.906667,33.771695,13.352315,-3.614261,-0.102342,3.615709,1.780066,-0.027019,1.780271,-3.113284,17.714470,3.063515
18,80,1786609513.042043,0,1,51.335390,12.903160,33.842888,13.351198,-3.629218,-0.087657,3.630277,1.779819,-0.027929,1.780038,-3.117444,17.498239,2.850802
18,81,1786609513.082046,0,1,51.189667,12.899533,33.914064,13.350044,-3.643069,-0.090677,3.644197,1.779413,-0.028838,1.779647,-3.116707,17.281476,2.919635
18,82,1786609513.122066,0,1,51.043394,12.896774,33.985219,13.348854,-3.656836,-0.068983,3.657486,1.778861,-0.029745,1.779110,-3.122731,17.064164,2.598822
18,83,1786609513.162084,0,1,50.896624,12.893494,34.056346,13.347628,-3.669249,-0.081991,3.670165,1.778175,-0.030651,1.778439,-3.119251,16.846400,2.824815
18,84,1786609513.202046,0,1,50.749343,12.891802,34.127440,13.346366,-3.682003,-0.042314,3.682246,1.777365,-0.031554,1.777645,-3.130101,16.628117,2.224919
18,85,1786609513.242038,0,1,50.601633,12.888381,34.198498,13.345068,-3.692764,-0.085505,3.693753,1.776441,-0.032456,1.776737,-3.118442,16.409491,2.921213
18,86,1786609513.282018,0,1,50.453450,12.887186,34.269515,13.343734,-3.704571,-0.029890,3.704692,1.775412,-0.033355,1.775726,-3.133524,16.190374,2.078165
18,87,1786609513.322026,0,1,50.304871,12.884503,34.340486,13.342364,-3.714483,-0.067060,3.715088,1.774288,-0.034253,1.774618,-3.123541,15.970949,2.677092
18,88,1786609513.362014,0,1,50.155873,12.884120,34.411409,13.340958,-3.724935,-0.009591,3.724948,1.773075,-0.035148,1.773423,-3.139018,15.751091,1.809542
18,89,1786609513.402025,0,1,50.006516,12.882017,34.482280,13.339516,-3.733927,-0.052557,3.734297,1.771780,-0.036041,1.772146,-3.127518,15.530976,2.494434
18,90,1786609513.442029,0,1,49.856791,12.882230,34.553097,13.338039,-3.743132,0.005316,3.743136,1.770410,-0.036932,1.770795,3.140172,15.310481,1.624629
18,91,1786609513.482087,0,1,49.706739,12.880718,34.623856,13.336526,-3.751303,-0.037803,3.751494,1.768972,-0.037820,1.769376,-3.131516,15.089769,2.308338
18,92,1786609513.522043,0,1,49.556366,12.881535,34.694554,13.334978,-3.759314,0.020428,3.759369,1.767469,-0.038706,1.767893,3.136159,14.868728,1.436243
18,93,1786609513.562068,0,1,49.405697,12.880622,34.765191,13.333394,-3.766721,-0.022831,3.766790,1.765909,-0.039590,1.766353,-3.135531,14.647506,2.118646
18,94,1786609513.602060,0,1,49.254754,12.882050,34.835762,13.331775,-3.773586,0.035715,3.773755,1.764295,-0.040470,1.764759,3.132129,14.426003,1.244208
18,95,1786609513.642029,0,1,49.103543,12.881809,34.906268,13.330121,-3.780286,-0.006034,3.780291,1.762631,-0.041349,1.763116,-3.139996,14.204351,1.900101
18,96,1786609513.682033,0,1,48.952102,12.883934,34.976705,13.328432,-3.786023,0.053118,3.786396,1.760922,-0.042224,1.761428,3.127563,13.982464,1.017908
18,97,1786609513.722024,0,1,48.800418,12.884332,35.047071,13.326708,-3.792083,0.009954,3.792096,1.759171,-0.043097,1.759699,3.138968,13.760460,1.691893
18,98,1786609513.762015,0,1,48.648548,12.887106,35.117382,13.324956,-3.796756,0.069342,3.797389,1.757770,-0.043815,1.758316,3.123331,13.538248,0.807059
18,99,1786609513.802042,0,1,48.496449,12.888149,35.187650,13.323180,-3.802481,0.026081,3.802570,1.756691,-0.044390,1.757252,3.134734,13.315907,1.479206
18,100,1786609513.842056,0,1,48.344182,12.891576,35.257886,13.321387,-3.806663,0.085686,3.807627,1.755907,-0.044834,1.756479,3.119087,13.093353,0.591690
18,101,1786609513.882023,0,1,48.191689,12.893270,35.328102,13.319581,-3.812344,0.042336,3.812579,1.755396,-0.045157,1.755977,3.130488,12.870649,1.261896
18,102,1786609513.922021,0,1,48.039025,12.896438,35.398307,13.317766,-3.816588,0.079195,3.817410,1.755135,-0.045368,1.755721,3.120845,12.647737,0.720291
18,103,1786609513.962022,0,1,47.886145,12.897681,35.468512,13.315947,-3.822010,0.031074,3.822136,1.755105,-0.045476,1.755694,3.133463,12.424675,1.463361
18,104,1786609514.002030,0,1,47.733114,12.901135,35.538723,13.314127,-3.825778,0.086369,3.826752,1.755286,-0.045490,1.755876,3.119021,12.201382,0.646448
18,105,1786609514.042036,0,1,47.579870,12.902661,35.608950,13.312311,-3.831079,0.038132,3.831269,1.755663,-0.045416,1.756250,3.131640,11.977928,1.389652
18,106,1786609514.082196,0,1,47.426469,12.905486,35.679198,13.310500,-3.835029,0.070635,3.835680,1.756219,-0.045262,1.756802,3.123176,11.754251,0.919442
18,107,1786609514.122205,0,1,47.272918,12.906189,35.749476,13.308699,-3.838778,0.017573,3.838818,1.756940,-0.045035,1.757517,3.137015,11.530470,1.738219
18,108,1786609514.162241,0,1,47.119261,12.904293,35.819789,13.306909,-3.841418,-0.047409,3.841710,1.757813,-0.044739,1.758383,-3.129252,11.306644,2.747751
18,109,1786609514.202185,0,1,46.965567,12.899318,35.890142,13.305134,-3.842349,-0.124375,3.844361,1.758826,-0.044381,1.759386,-3.109234,11.082858,3.952439
18,110,1786609514.242213,0,1,46.811745,12.895432,35.960540,13.303375,-3.845558,-0.097137,3.846785,1.759968,-0.043966,1.760517,-3.116338,10.858870,3.599936
18,111,1786609514.282145,0,1,46.657948,12.888463,36.030989,13.301635,-3.844934,-0.174226,3.848879,1.761227,-0.043498,1.761764,-3.096311,10.634987,4.820991
18,112,1786609514.322211,0,1,46.504031,12.882583,36.101493,13.299916,-3.847913,-0.146999,3.850720,1.762596,-0.042981,1.763120,-3.103409,10.410906,4.485148
18,113,1786609514.362203,0,1,46.350206,12.873617,36.172056,13.298219,-3.845643,-0.224146,3.852169,1.764064,-0.042420,1.764574,-3.083373,10.187003,5.724576
18,114,1786609514.402137,0,1,46.196273,12.865740,36.242681,13.296547,-3.848303,-0.196919,3.853338,1.765625,-0.041817,1.766120,-3.090467,9.962911,5.407585
18,115,1786609514.442243,0,1,46.042502,12.854778,36.313372,13.294899,-3.844287,-0.274050,3.854043,1.767270,-0.041177,1.767750,-3.070425,9.739080,6.667733
18,116,1786609514.482237,0,1,45.888641,12.844906,36.384131,13.293279,-3.846533,-0.246806,3.854442,1.768994,-0.040503,1.769457,-3.077517,9.515079,6.372169
18,117,1786609514.522131,0,1,45.735014,12.831953,36.454963,13.291687,-3.840666,-0.323839,3.854294,1.770789,-0.039797,1.771236,-3.057473,9.291432,7.655806
18,118,1786609514.562104,0,1,45.581748,12.815446,36.525869,13.290125,-3.831662,-0.412661,3.853820,1.772650,-0.039062,1.773080,-3.034308,9.068311,9.147438
18,119,1786609514.602131,0,1,45.428444,12.799561,36.596852,13.288593,-3.832577,-0.397138,3.853098,1.774571,-0.038300,1.774984,-3.038340,8.845122,9.085375
18,120,1786609514.642121,0,1,45.275604,12.780136,36.667914,13.287092,-3.821004,-0.485620,3.851739,1.776549,-0.037514,1.776945,-3.015178,8.622607,10.613603
18,121,1786609514.682112,0,1,45.122750,12.761336,36.739057,13.285624,-3.821360,-0.470003,3.850155,1.778578,-0.036706,1.778956,-3.019214,8.400071,10.590236
18,122,1786609514.722291,0,1,44.970462,12.739015,36.810283,13.284189,-3.807194,-0.558014,3.847870,1.780654,-0.035878,1.781015,-2.996061,8.178370,12.160566
18,123,1786609514.762199,0,1,44.818183,12.717325,36.881585,13.282790,-3.806968,-0.542266,3.845395,1.782547,-0.034966,1.782890,-3.000104,7.956717,12.182014
18,124,1786609514.802221,0,1,44.666563,12.692136,36.952956,13.281431,-3.790499,-0.629720,3.842451,1.784273,-0.033978,1.784597,-2.976965,7.736085,13.801206
18,125,1786609514.842182,0,1,44.514953,12.667580,37.024389,13.280114,-3.790255,-0.613898,3.839649,1.785844,-0.032920,1.786148,-2.981020,7.515567,13.875069
18,126,1786609514.882273,0,1,44.364082,12.639549,37.095880,13.278843,-3.771793,-0.700762,3.836338,1.787273,-0.031798,1.787556,-2.957897,7.296262,15.551642
18,127,1786609514.922300,0,1,44.213219,12.612155,37.167423,13.277618,-3.771558,-0.684860,3.833234,1.788572,-0.030617,1.788834,-2.961964,7.077152,15.687415
18,128,1786609514.962310,0,1,44.063172,12.581312,37.239013,13.276443,-3.751180,-0.771078,3.829610,1.789750,-0.029381,1.789991,-2.938860,6.859472,17.431973
18,129,1786609515.002278,0,1,43.913131,12.551108,37.310646,13.275319,-3.751035,-0.755105,3.826284,1.790818,-0.028097,1.791038,-2.942942,6.642084,17.641469
18,130,1786609515.042213,0,1,43.763975,12.517482,37.382317,13.274248,-3.728881,-0.840645,3.822465,1.791783,-0.026767,1.791983,-2.919858,6.426372,19.467285
18,131,1786609515.082221,0,1,43.614816,12.484497,37.454014,13.273232,-3.728977,-0.824631,3.819069,1.792420,-0.025393,1.792600,-2.923954,6.211086,19.765368
18,132,1786609515.122206,0,1,43.466606,12.448117,37.525712,13.272273,-3.705263,-0.909496,3.815254,1.792439,-0.023975,1.792600,-2.900891,5.997788,21.689205
18,133,1786609515.162248,0,1,43.318373,12.412377,37.597410,13.271372,-3.705827,-0.893497,3.812019,1.792458,-0.022523,1.792600,-2.905002,5.785092,22.094739
18,134,1786609515.202229,0,1,43.171139,12.373267,37.669109,13.270531,-3.680849,-0.977740,3.808494,1.792476,-0.021042,1.792600,-2.881959,5.574712,24.138082
18,135,1786609515.242089,0,1,43.023851,12.334793,37.740809,13.269749,-3.682184,-0.961850,3.805737,1.792493,-0.019534,1.792600,-2.886085,5.365136,24.675428
18,136,1786609515.282125,0,1,42.876403,12.297402,37.812509,13.269029,-3.686201,-0.934783,3.802880,1.792509,-0.018002,1.792600,-2.893238,5.156266,25.091200
18,137,1786609515.322103,0,1,42.729845,12.257110,37.884210,13.268371,-3.663966,-1.007294,3.799906,1.792524,-0.016447,1.792600,-2.873302,4.950033,27.160109
18,138,1786609515.362237,0,1,42.583078,12.217889,37.955912,13.267776,-3.669165,-0.980518,3.797918,1.792538,-0.014873,1.792600,-2.880463,4.744779,27.745404
18,139,1786609515.402156,0,1,42.435991,12.180184,38.027614,13.267245,-3.677179,-0.942633,3.796077,1.792551,-0.013280,1.792600,-2.890649,4.540429,28.230194
18,140,1786609515.442145,0,1,42.288483,12.144442,38.099316,13.266778,-3.687691,-0.893552,3.794403,1.792562,-0.011671,1.792600,-2.903868,4.336907,28.618751
18,141,1786609515.482218,0,1,42.141541,12.106680,38.171019,13.266377,-3.673564,-0.944058,3.792930,1.792572,-0.010047,1.792600,-2.890049,4.136416,30.694244
18,142,1786609515.522146,0,1,41.994118,12.070864,38.242722,13.266040,-3.685576,-0.895387,3.792781,1.792580,-0.008411,1.792600,-2.903266,3.937183,31.326712
18,143,1786609515.562269,0,1,41.846116,12.037446,38.314426,13.265770,-3.700036,-0.835444,3.793183,1.792587,-0.006762,1.792600,-2.919523,3.739200,31.901346
18,144,1786609515.602312,0,1,41.698444,12.002425,38.386129,13.265566,-3.691807,-0.875547,3.794208,1.792593,-0.005104,1.792600,-2.908735,3.544990,34.215938
18,145,1786609515.642280,0,1,41.550118,11.969785,38.457833,13.265428,-3.708151,-0.815983,3.796869,1.792596,-0.003436,1.792600,-2.924994,3.352747,35.143510
18,146,1786609515.682299,0,1,41.401047,11.939989,38.529537,13.265358,-3.726782,-0.744915,3.800500,1.792599,-0.001761,1.792600,-2.944311,3.162621,36.079487
18,147,1786609515.722314,0,1,41.251161,11.913506,38.601241,13.265354,-3.747142,-0.662074,3.805183,1.792600,-0.000078,1.792600,-2.966710,2.974823,37.048311
18,148,1786609515.762191,0,1,41.100419,11.890820,38.672945,13.265418,-3.768548,-0.567150,3.810986,1.792599,0.001584,1.792600,-2.992218,2.789650,38.079974
18,149,1786609515.802326,0,1,40.948837,11.872431,38.744649,13.265547,-3.789539,-0.459726,3.817323,1.792597,0.003228,1.792600,-3.020868,2.607531,39.211177
18,150,1786609515.842298,0,1,40.796471,11.858850,38.816353,13.265741,-3.809155,-0.339520,3.824256,1.792593,0.004855,1.792600,-3.052695,2.429035,40.487588
18,151,1786609515.882277,0,1,40.643656,11.847025,38.888056,13.266000,-3.820375,-0.295633,3.831797,1.792588,0.006465,1.792600,-3.064363,2.257348,43.372012
18,152,1786609515.922320,0,1,40.490202,11.840297,38.959760,13.266322,-3.836354,-0.168192,3.840039,1.792582,0.008058,1.792600,-3.097779,2.091842,45.487589
18,153,1786609515.962286,0,1,40.336307,11.836234,39.031463,13.266708,-3.847366,-0.101577,3.848706,1.792574,0.009637,1.792600,-3.115197,1.936201,49.142009
18,154,1786609516.002238,0,1,40.182006,11.835475,39.103165,13.267156,-3.857545,-0.018983,3.857592,1.792565,0.011202,1.792600,-3.136672,1.792654,53.282166
18,155,1786609516.042215,0,1,40.027347,11.835553,39.174867,13.267666,-3.866455,0.001964,3.866455,1.792554,0.012752,1.792600,3.141085,1.666634,59.207234
18,156,1786609516.082206,0,1,39.872380,11.838797,39.246569,13.268237,-3.874195,0.081109,3.875044,1.792543,0.014289,1.792600,3.120660,1.560429,65.156778
18,157,1786609516.122232,0,1,39.717090,11.842513,39.318270,13.268870,-3.882232,0.092894,3.883344,1.792530,0.015814,1.792600,3.117669,1.481064,73.007895
18,158,1786609516.162244,0,1,39.561504,11.846931,39.389971,13.269563,-3.889665,0.110455,3.891233,1.792516,0.017327,1.792600,3.113203,1.432935,81.498191
18,159,1786609516.202248,0,1,39.405704,11.853752,39.461671,13.270316,-3.895002,0.170518,3.898732,1.792501,0.018827,1.792600,3.097842,1.417669,89.755791
18,160,1786609516.242267,0,1,39.249606,11.860320,39.533370,13.271129,-3.902435,0.164200,3.905888,1.792485,0.020317,1.792600,3.099541,1.439063,98.963113
18,161,1786609516.282216,0,1,39.093386,11.869764,39.605069,13.272001,-3.905516,0.236089,3.912645,1.792467,0.021796,1.792600,3.081216,1.492678,106.587948
18,162,1786609516.322251,0,1,38.936879,11.878730,39.676767,13.272931,-3.912667,0.224164,3.919083,1.792449,0.023264,1.792600,3.084363,1.578363,114.675433
18,163,1786609516.362232,0,1,38.780234,11.889359,39.748464,13.273920,-3.916133,0.265727,3.925138,1.792429,0.024721,1.792600,3.073842,1.689520,121.083477
18,164,1786609516.402273,0,1,38.623300,11.899077,39.820160,13.274967,-3.923350,0.242939,3.930864,1.792409,0.026169,1.792600,3.079750,1.823609,127.476093
18,165,1786609516.442263,0,1,38.466394,11.912155,39.891856,13.276071,-3.922633,0.326951,3.936235,1.792387,0.027608,1.792600,3.058435,1.972868,131.499392
18,166,1786609516.482239,0,1,38.309212,11.924324,39.963551,13.277232,-3.929562,0.304231,3.941321,1.792365,0.029036,1.792600,3.064326,2.137100,136.296836
18,167,1786609516.522101,0,1,38.152136,11.939863,40.035244,13.278451,-3.926904,0.388481,3.946073,1.792341,0.030456,1.792600,3.042986,2.310392,138.943523
18,168,1786609516.562085,0,1,37.994792,11.954496,40.106937,13.279725,-3.933588,0.365817,3.950561,1.792317,0.031867,1.792600,3.048861,2.493469,142.581355
18,169,1786609516.602111,0,1,37.837331,11.969654,40.178628,13.281056,-3.936532,0.378960,3.954731,1.792291,0.033268,1.792600,3.045621,2.683551,145.247270
18,170,1786609516.642159,0,1,37.679955,11.987146,40.250319,13.282443,-3.934392,0.437288,3.958619,1.792265,0.034662,1.792600,3.030902,2.878292,146.912756
18,171,1786609516.682142,0,1,37.522305,12.003438,40.322009,13.283884,-3.941265,0.407308,3.962255,1.792237,0.036046,1.792600,3.038614,3.078617,149.522732
18,172,1786609516.722157,0,1,37.364869,12.022818,40.393697,13.285381,-3.935900,0.484501,3.965608,1.792209,0.037423,1.792600,3.019111,3.281443,150.353568
18,173,1786609516.762140,0,1,37.207164,12.040999,40.465384,13.286928,-3.942622,0.454522,3.968735,1.792183,0.038676,1.792600,3.026815,3.488315,152.497098
18,174,1786609516.802156,0,1,37.049150,12.057479,40.537071,13.288521,-3.950351,0.411985,3.971776,1.792158,0.039815,1.792600,3.037678,3.698791,154.605908
18,175,1786609516.842150,0,1,36.891308,12.076550,40.608756,13.290155,-3.946044,0.476773,3.974742,1.792134,0.040851,1.792600,3.021352,3.910532,155.030853
18,176,1786609516.882087,0,1,36.733153,12.093918,40.680440,13.291827,-3.953885,0.434206,3.977656,1.792113,0.041790,1.792600,3.032213,4.125054,156.851218
18,177,1786609516.922140,0,1,36.574784,12.110361,40.752124,13.293532,-3.959209,0.411082,3.980493,1.792093,0.042640,1.792600,3.038134,4.341666,158.258254
18,178,1786609516.962152,0,1,36.416567,12.129167,40.823803,13.295268,-3.955424,0.470153,3.983268,1.791963,0.043407,1.792488,3.023285,4.558894,158.401305
18,179,1786609517.002141,0,1,36.258022,12.146031,40.895466,13.297032,-3.963627,0.421603,3.985986,1.791575,0.044092,1.792117,3.035623,4.778147,159.989409
18,180,1786609517.042151,0,1,36.099139,12.160557,40.967104,13.298820,-3.972073,0.363150,3.988639,1.790950,0.044701,1.791508,3.050420,4.999272,161.615345
18,181,1786609517.082138,0,1,35.940335,12.176971,41.038708,13.300630,-3.970094,0.410334,3.991243,1.790106,0.045241,1.790678,3.038602,5.220729,161.670029
18,182,1786609517.122088,0,1,35.781197,12.190949,41.110270,13.302459,-3.978465,0.349453,3.993783,1.789062,0.045717,1.789646,3.053981,5.443756,163.198703
18,183,1786609517.162138,0,1,35.622135,12.206816,41.181784,13.304304,-3.976540,0.396693,3.996277,1.787832,0.046133,1.788427,3.042163,5.666936,163.136373
18,184,1786609517.202138,0,1,35.462755,12.220282,41.253241,13.306164,-3.984517,0.336631,3.998712,1.786433,0.046494,1.787038,3.057308,5.891424,164.549604
18,185,1786609517.242159,0,1,35.303450,12.235647,41.324636,13.308036,-3.982622,0.384124,4.001104,1.784877,0.046805,1.785490,3.045440,6.115938,164.392217
18,186,1786609517.282079,0,1,35.143847,12.248723,41.395963,13.309919,-3.990070,0.326898,4.003439,1.783177,0.047068,1.783798,3.059847,6.341537,165.683111
18,187,1786609517.322087,0,1,34.984322,12.263731,41.467217,13.311810,-3.988122,0.375222,4.005734,1.781345,0.047289,1.781972,3.047784,6.567069,165.441703
18,188,1786609517.362139,0,1,34.824499,12.276330,41.538392,13.313709,-3.995582,0.314958,4.007977,1.779391,0.047469,1.780024,3.062929,6.793565,166.709447
18,189,1786609517.402108,0,1,34.664751,12.290863,41.609485,13.315613,-3.993689,0.363334,4.010182,1.777324,0.047612,1.777962,3.050865,7.019932,166.407833
18,190,1786609517.442091,0,1,34.504716,12.302982,41.680492,13.317522,-4.000884,0.302960,4.012338,1.775155,0.047721,1.775796,3.066014,7.247141,167.622264
18,191,1786609517.482080,0,1,34.344754,12.317037,41.751407,13.319434,-3.999052,0.351387,4.014460,1.772891,0.047798,1.773535,3.053950,7.474177,167.271019
18,192,1786609517.522076,0,1,34.184514,12.328673,41.822229,13.321348,-4.005986,0.290907,4.016535,1.770539,0.047846,1.771186,3.069102,7.701953,168.441348
18,193,1786609517.562054,0,1,34.024345,12.342249,41.892953,13.323263,-4.004221,0.339384,4.018578,1.768107,0.047867,1.768755,3.057038,7.929526,168.048737
18,194,1786609517.602048,0,1,33.863910,12.353401,41.963577,13.325177,-4.010899,0.278803,4.020577,1.765602,0.047863,1.766250,3.072193,8.157755,169.182203
18,195,1786609517.642053,0,1,33.703541,12.366494,42.034098,13.327091,-4.009207,0.327327,4.022547,1.763028,0.047835,1.763677,3.060129,8.385757,168.754773
18,196,1786609517.682050,0,1,33.542916,12.377160,42.104514,13.329002,-4.015631,0.266648,4.024475,1.760392,0.047786,1.761040,3.075287,8.614346,169.857138
18,197,1786609517.722061,0,1,33.382355,12.389769,42.174822,13.330911,-4.014018,0.315220,4.026376,1.757698,0.047718,1.758346,3.063224,8.842693,169.400135
18,198,1786609517.762035,0,1,33.221548,12.399947,42.245040,13.332810,-4.020193,0.254447,4.028237,1.755444,0.047473,1.756086,3.078385,9.071584,170.476089
18,199,1786609517.802076,0,1,33.060802,12.412069,42.315184,13.334692,-4.018630,0.303062,4.030041,1.753596,0.047065,1.754227,3.066321,9.300258,169.993911
18,200,1786609517.842056,0,1,32.900192,12.426654,42.385268,13.336553,-4.015255,0.364619,4.031777,1.752120,0.046508,1.752737,3.051033,9.528619,169.331697
18,201,1786609517.882051,0,1,32.739352,12.439325,42.455308,13.338385,-4.021000,0.316786,4.033459,1.750987,0.045813,1.751587,3.062972,9.757464,170.208604
18,202,1786609517.922066,0,1,32.578660,12.454461,42.525315,13.340185,-4.017295,0.378384,4.035075,1.750170,0.044992,1.750748,3.047681,9.986012,169.530634
18,203,1786609517.962020,0,1,32.417737,12.467681,42.595300,13.341947,-4.023088,0.330522,4.036642,1.749642,0.044055,1.750197,3.059621,10.215045,170.393617
18,204,1786609518.002054,0,1,32.256865,12.482200,42.665276,13.343667,-4.021800,0.362967,4.038145,1.749382,0.043011,1.749911,3.051587,10.444000,170.111647
18,205,1786609518.042032,0,1,32.095754,12.494554,42.735250,13.345342,-4.027775,0.308842,4.039598,1.749367,0.041870,1.749868,3.065064,10.673459,171.043317
18,206,1786609518.082052,0,1,31.934772,12.509127,42.805233,13.346968,-4.024540,0.364337,4.040998,1.749578,0.040638,1.750050,3.051310,10.902702,170.419829
18,207,1786609518.122062,0,1,31.773555,12.521534,42.875233,13.348541,-4.030431,0.310163,4.042348,1.749997,0.039324,1.750439,3.064789,11.132439,171.339151
18,208,1786609518.162090,0,1,31.612472,12.536161,42.945258,13.350058,-4.027078,0.365690,4.043647,1.750608,0.037935,1.751019,3.051033,11.361974,170.703523
18,209,1786609518.202033,0,1,31.451156,12.548620,43.015313,13.351517,-4.032889,0.311470,4.044899,1.751394,0.036477,1.751774,3.064513,11.591996,171.612007
18,210,1786609518.242034,0,1,31.289979,12.563301,43.085407,13.352915,-4.029423,0.367027,4.046104,1.752342,0.034956,1.752690,3.050756,11.821827,170.965667
18,211,1786609518.282023,0,1,31.128573,12.575812,43.155545,13.354250,-4.035160,0.312766,4.047263,1.753439,0.033376,1.753756,3.064237,12.052137,171.864587
18,212,1786609518.322037,0,1,30.967310,12.590546,43.225731,13.355520,-4.031586,0.368350,4.048378,1.754673,0.031745,1.754960,3.050479,12.282267,171.208746
18,213,1786609518.362036,0,1,30.805819,12.603108,43.295973,13.356723,-4.037253,0.314050,4.049449,1.756033,0.030065,1.756290,3.063961,12.512868,172.099182
18,214,1786609518.402069,0,1,30.644476,12.617894,43.366273,13.357857,-4.033576,0.369659,4.050480,1.757509,0.028342,1.757737,3.050202,12.743298,171.434871
18,215,1786609518.442079,0,1,30.483325,12.635017,43.436637,13.358920,-4.028792,0.428056,4.051469,1.759091,0.026579,1.759292,3.035741,12.973524,170.736444
18,216,1786609518.482079,0,1,30.321959,12.650403,43.507068,13.359911,-4.034133,0.384668,4.052431,1.760772,0.024780,1.760947,3.046527,13.204184,171.472932
18,217,1786609518.522066,0,1,30.160358,12.663529,43.577569,13.360829,-4.040040,0.328132,4.053344,1.762543,0.022948,1.762693,3.060551,13.435319,172.381615
18,218,1786609518.562038,0,1,29.998909,12.678792,43.648145,13.361672,-4.036224,0.381591,4.054222,1.764398,0.021088,1.764524,3.047331,13.666308,171.735061
18,219,1786609518.602026,0,1,29.837700,12.696716,43.718798,13.362440,-4.030226,0.448097,4.055061,1.766328,0.019200,1.766433,3.030863,13.897053,170.909928
18,220,1786609518.642027,0,1,29.676274,12.712904,43.789532,13.363132,-4.035637,0.404688,4.055877,1.768329,0.017289,1.768414,3.041648,14.128228,171.635735
18,221,1786609518.682014,0,1,29.514607,12.726828,43.860347,13.363746,-4.041684,0.348113,4.056648,1.770395,0.015357,1.770462,3.055674,14.359872,172.535090
18,222,1786609518.722018,0,1,29.353108,12.742892,43.931248,13.364282,-4.037465,0.401587,4.057388,1.772520,0.013406,1.772571,3.042454,14.591377,171.879003
18,223,1786609518.762024,0,1,29.191372,12.756691,44.002222,13.364750,-4.043403,0.344978,4.058093,1.774354,0.011682,1.774392,3.056480,14.823327,172.772448
18,224,1786609518.802097,0,1,29.029812,12.772629,44.073259,13.365156,-4.038999,0.398454,4.058606,1.775919,0.010169,1.775948,3.043259,15.055112,172.110320
18,225,1786609518.842060,0,1,28.868032,12.786300,44.144349,13.365510,-4.044511,0.341789,4.058927,1.777237,0.008850,1.777259,3.057286,15.287293,172.998235
18,226,1786609518.882032,0,1,28.706441,12.802110,44.215482,13.365819,-4.039777,0.395243,4.059066,1.778329,0.007709,1.778345,3.044065,15.519282,172.330465
18,227,1786609518.922035,0,1,28.544645,12.815652,44.286650,13.366088,-4.044883,0.338536,4.059025,1.779211,0.006733,1.779224,3.058092,15.751625,173.213193
18,228,1786609518.962030,0,1,28.383052,12.831330,44.357846,13.366324,-4.039841,0.391962,4.058811,1.779901,0.005910,1.779911,3.044871,15.983751,172.540160
18,229,1786609519.002023,0,1,28.221269,12.844739,44.429063,13.366534,-4.044560,0.335226,4.058428,1.780414,0.005226,1.780422,3.058898,16.216191,173.418023
18,230,1786609519.042061,0,1,28.059301,12.855349,44.500293,13.366720,-4.049206,0.265247,4.057884,1.780765,0.004672,1.780771,3.076180,16.448943,174.470619
18,231,1786609519.082039,0,1,27.897474,12.867573,44.571532,13.366890,-4.045674,0.305596,4.057200,1.780966,0.004236,1.780971,3.066199,16.681533,173.965029
18,232,1786609519.122047,0,1,27.735494,12.876997,44.642773,13.367046,-4.049502,0.235595,4.056349,1.781029,0.003910,1.781034,3.083479,16.914380,175.010134
18,233,1786609519.162097,0,1,27.573655,12.888034,44.714012,13.367194,-4.045970,0.275936,4.055368,1.780966,0.003685,1.780970,3.073498,17.147053,174.497168
18,234,1786609519.202073,0,1,27.412022,12.901206,44.785243,13.367336,-4.040834,0.329306,4.054230,1.780786,0.003553,1.780790,3.060278,17.379474,173.804110
18,235,1786609519.242048,0,1,27.250271,12.912107,44.856463,13.367476,-4.043780,0.272517,4.052952,1.780499,0.003506,1.780502,3.074303,17.612080,174.662996
18,236,1786609519.282047,0,1,27.088412,12.920209,44.927668,13.367617,-4.046475,0.202555,4.051542,1.780113,0.003537,1.780117,3.091577,17.844866,175.697659
18,237,1786609519.322071,0,1,26.926703,12.929923,44.998853,13.367763,-4.042730,0.242852,4.050018,1.779637,0.003641,1.779640,3.081593,18.077454,175.174443
18,238,1786609519.362051,0,1,26.764916,12.936840,45.070016,13.367916,-4.044660,0.172927,4.048355,1.779077,0.003811,1.779081,3.098864,18.310175,176.202804
18,239,1786609519.402063,0,1,26.603278,12.945369,45.141154,13.368077,-4.040965,0.213213,4.046586,1.778440,0.004042,1.778444,3.088879,18.542695,175.673452
18,240,1786609519.442053,0,1,26.441842,12.956028,45.212263,13.368250,-4.035897,0.266479,4.044685,1.777732,0.004329,1.777737,3.075661,18.774948,174.964322
18,241,1786609519.482096,0,1,26.280353,12.964419,45.283342,13.368437,-4.037222,0.209766,4.042668,1.776960,0.004668,1.776966,3.089681,19.007283,175.807730
18,242,1786609519.522055,0,1,26.118828,12.970018,45.354387,13.368639,-4.038116,0.139977,4.040541,1.776127,0.005053,1.776134,3.106943,19.239688,176.827518
18,243,1786609519.562036,0,1,25.957456,12.977226,45.425396,13.368859,-4.034299,0.180209,4.038322,1.775240,0.005481,1.775248,3.096953,19.471879,176.289891
18,244,1786609519.602029,0,1,25.796287,12.986561,45.496368,13.369096,-4.029232,0.233369,4.035984,1.774302,0.005949,1.774312,3.083738,19.703795,175.572757
18,245,1786609519.642045,0,1,25.635100,12.993632,45.567301,13.369355,-4.029669,0.176769,4.033544,1.773317,0.006453,1.773329,3.097754,19.935742,176.408328
18,246,1786609519.682031,0,1,25.473917,12.997918,45.638193,13.369634,-4.029581,0.107169,4.031006,1.772290,0.006989,1.772304,3.115003,20.167702,177.420454
18,247,1786609519.722033,0,1,25.312889,13.003812,45.709042,13.369936,-4.025692,0.147340,4.028388,1.771223,0.007555,1.771239,3.105009,20.399438,176.875531
18,248,1786609519.762054,0,1,25.152062,13.011827,45.779860,13.370259,-4.020671,0.200377,4.025661,1.770453,0.008058,1.770471,3.091797,20.630911,176.151452
18,249,1786609519.802078,0,1,24.991243,13.017584,45.850658,13.370599,-4.020473,0.143933,4.023049,1.769955,0.008503,1.769975,3.105808,20.862401,176.980127
18,250,1786609519.842082,0,1,24.830614,13.025461,45.921446,13.370955,-4.015724,0.196909,4.020549,1.769708,0.008893,1.769731,3.092598,21.093661,176.254294
18,251,1786609519.882137,0,1,24.669987,13.031083,45.992234,13.371324,-4.015696,0.140555,4.018155,1.769693,0.009233,1.769717,3.106606,21.324962,177.081191
18,252,1786609519.922147,0,1,24.509538,13.038822,46.063030,13.371705,-4.011204,0.193474,4.015868,1.769889,0.009527,1.769915,3.093397,21.556062,176.353742
18,253,1786609519.962137,0,1,24.349085,13.044310,46.133841,13.372096,-4.011334,0.137202,4.013679,1.770282,0.009778,1.770309,3.107402,21.787222,177.179004
18,254,1786609520.002163,0,1,24.188802,13.051913,46.204675,13.372496,-4.007085,0.190069,4.011591,1.770854,0.009990,1.770882,3.094195,22.018207,176.450061
18,255,1786609520.042141,0,1,24.028744,13.062141,46.275539,13.372902,-4.001434,0.255714,4.009596,1.771591,0.010165,1.771620,3.077774,22.248965,175.543157
18,256,1786609520.082140,0,1,23.868661,13.070637,46.346438,13.373314,-4.002079,0.212389,4.007710,1.772481,0.010306,1.772510,3.088573,22.479814,176.190699
18,257,1786609520.122148,0,1,23.708811,13.081754,46.417378,13.373731,-3.996252,0.277934,4.005905,1.773510,0.010416,1.773541,3.072156,22.710444,175.284923
18,258,1786609520.162059,0,1,23.548918,13.091141,46.488365,13.374151,-3.997322,0.234660,4.004204,1.774668,0.010497,1.774699,3.082956,22.941192,175.933511
18,259,1786609520.202028,0,1,23.388975,13.098285,46.559403,13.374573,-3.998593,0.178604,4.002580,1.775945,0.010551,1.775977,3.096956,23.172075,176.759310
18,260,1786609520.242025,0,1,23.229201,13.107537,46.630496,13.374996,-3.994350,0.231296,4.001041,1.777331,0.010581,1.777363,3.083751,23.402824,176.031121
18,261,1786609520.282026,0,1,23.069658,13.119405,46.701649,13.375420,-3.988563,0.296699,3.999584,1.778817,0.010588,1.778849,3.067342,23.633377,175.125068
18,262,1786609520.322131,0,1,22.910051,13.129545,46.772865,13.375843,-3.990177,0.253513,3.998222,1.780396,0.010573,1.780427,3.078144,23.864085,175.773292
18,263,1786609520.362136,0,1,22.750683,13.142298,46.844147,13.376264,-3.984191,0.318836,3.996928,1.782059,0.010539,1.782090,3.061737,24.094600,174.868265
18,264,1786609520.402141,0,1,22.591235,13.153326,46.915499,13.376684,-3.986203,0.275697,3.995726,1.783800,0.010487,1.783831,3.072540,24.325289,175.517466
18,265,1786609520.442095,0,1,22.431694,13.162119,46.986923,13.377101,-3.988536,0.219819,3.994588,1.785613,0.010418,1.785644,3.086536,24.556171,176.343848
18,266,1786609520.482079,0,1,22.272325,13.173014,47.058423,13.377514,-3.984225,0.272382,3.993525,1.787493,0.010334,1.787523,3.073334,24.786942,175.616345
18,267,1786609520.522080,0,1,22.113195,13.186519,47.130000,13.377923,-3.978232,0.337604,3.992532,1.789433,0.010236,1.789462,3.056933,25.017537,174.710979
18,268,1786609520.562067,0,1,21.953966,13.198300,47.201658,13.378328,-3.980741,0.294538,3.991623,1.791429,0.010124,1.791458,3.067737,25.248334,175.359816
18,269,1786609520.602089,0,1,21.794985,13.212688,47.273360,13.378728,-3.974527,0.359699,3.990771,1.792572,0.009995,1.792600,3.051337,25.478917,174.455375
18,270,1786609520.642051,0,1,21.635888,13.225355,47.345063,13.379122,-3.977414,0.316675,3.990001,1.792573,0.009848,1.792600,3.062142,25.709635,175.105121
18,271,1786609520.682060,0,1,21.476658,13.235793,47.416766,13.379510,-3.980741,0.260944,3.989285,1.792574,0.009691,1.792600,3.076135,25.940506,175.932097
18,272,1786609520.722155,0,1,21.317606,13.248329,47.488469,13.379891,-3.976300,0.313415,3.988633,1.792574,0.009524,1.792600,3.062934,26.171194,175.205195
18,273,1786609520.762156,0,1,21.158805,13.263470,47.560172,13.380263,-3.970038,0.378508,3.988041,1.792576,0.009301,1.792600,3.046539,26.401626,174.300353
18,274,1786609520.802149,0,1,20.999852,13.276893,47.631875,13.380624,-3.973829,0.335584,3.987974,1.792577,0.009026,1.792600,3.057344,26.632226,174.949739
18,275,1786609520.842142,0,1,20.841123,13.292922,47.703579,13.380972,-3.968212,0.400730,3.988394,1.792579,0.008704,1.792600,3.040949,26.862600,174.045736
18,276,1786609520.882090,0,1,20.682194,13.307239,47.775282,13.381305,-3.973227,0.357913,3.989315,1.792580,0.008339,1.792600,3.051754,27.093189,174.695989
18,277,1786609520.922079,0,1,20.523466,13.324165,47.846985,13.381623,-3.968203,0.423156,3.990701,1.792582,0.007934,1.792600,3.035357,27.323579,173.792688
18,278,1786609520.962162,0,1,20.364490,13.339382,47.918688,13.381922,-3.974399,0.380436,3.992565,1.792584,0.007492,1.792600,3.046162,27.554231,174.443760
18,279,1786609521.002150,0,1,20.205693,13.357215,47.990392,13.382203,-3.969919,0.445820,3.994874,1.792586,0.007017,1.792600,3.029762,27.784710,173.541035
18,280,1786609521.042136,0,1,20.046603,13.373343,48.062095,13.382464,-3.977254,0.403186,3.997638,1.792588,0.006511,1.792600,3.040565,28.015494,174.192882
18,281,1786609521.082144,0,1,19.887672,13.392093,48.133799,13.382703,-3.973271,0.468751,4.000826,1.792590,0.005976,1.792600,3.024159,28.246128,173.290609
18,282,1786609521.122094,0,1,19.728479,13.409828,48.205503,13.382919,-3.979829,0.443373,4.004449,1.792592,0.005416,1.792600,3.030645,28.477036,173.697316
18,283,1786609521.162092,0,1,19.569457,13.430339,48.277206,13.383113,-3.975548,0.512774,4.008481,1.792593,0.004832,1.792600,3.013319,28.707788,172.744710
18,284,1786609521.202101,0,1,19.410063,13.449297,48.348910,13.383282,-3.984846,0.473951,4.012933,1.792595,0.004226,1.792600,3.023210,28.938922,173.347906
18,285,1786609521.242031,0,1,19.250831,13.471041,48.420614,13.383426,-3.980820,0.543617,4.017767,1.792596,0.003601,1.792600,3.005873,29.169915,172.395931
18,286,1786609521.282081,0,1,19.091183,13.491237,48.492318,13.383544,-3.991193,0.504891,4.023001,1.792597,0.002957,1.792600,3.015760,29.401332,173.000170
18,287,1786609521.322064,0,1,18.931583,13.513491,48.564022,13.383636,-3.989992,0.556356,4.028594,1.792598,0.002297,1.792600,3.003048,29.632723,172.313062
18,288,1786609521.362103,0,1,18.771515,13.534041,48.635726,13.383701,-4.001715,0.513754,4.034559,1.792599,0.001622,1.792600,3.013908,29.864590,172.972617
18,289,1786609521.402016,0,1,18.611487,13.556778,48.707430,13.383738,-4.000687,0.568419,4.040866,1.792600,0.000933,1.792600,3.000457,30.096440,172.242950
18,290,1786609521.442047,0,1,18.450946,13.577711,48.779134,13.383747,-4.013542,0.523331,4.047517,1.792600,0.000232,1.792600,3.011933,30.328809,172.937471
18,291,1786609521.482084,0,1,18.290217,13.599360,48.850838,13.383728,-4.018201,0.541209,4.054485,1.792600,-0.000480,1.792600,3.007709,30.561381,172.733295
18,292,1786609521.522175,0,1,18.128914,13.618802,48.922542,13.383680,-4.032576,0.486061,4.061763,1.792599,-0.001202,1.792600,3.021638,30.794525,173.564558
18,293,1786609521.562154,0,1,17.967046,13.635495,48.994246,13.383603,-4.046704,0.417332,4.068167,1.792599,-0.001933,1.792600,3.038827,31.028222,174.577106
18,294,1786609521.602082,0,1,17.804669,13.648888,49.065950,13.383496,-4.059435,0.334815,4.073219,1.792598,-0.002672,1.792600,3.059301,31.262407,175.771425
18,295,1786609521.642188,0,1,17.642019,13.658416,49.137653,13.383359,-4.066248,0.238191,4.073219,1.792597,-0.003419,1.792600,3.083082,31.496836,177.147948
18,296,1786609521.682168,0,1,17.479171,13.663533,49.209357,13.383192,-4.071209,0.127933,4.073219,1.792595,-0.004171,1.792600,3.110179,31.731425,178.706339
18,297,1786609521.722173,0,1,17.316324,13.668708,49.281061,13.382995,-4.071163,0.129385,4.073219,1.792593,-0.004930,1.792600,3.109822,31.966014,178.691818
18,298,1786609521.762062,0,1,17.153497,13.674468,49.352765,13.382770,-4.070673,0.143996,4.073219,1.792591,-0.005624,1.792600,3.106233,32.200589,178.493095
18,299,1786609521.802058,0,1,16.990713,13.681339,49.424468,13.382520,-4.069595,0.171779,4.073219,1.792589,-0.006259,1.792600,3.099407,32.435131,178.110825
18,300,1786609521.842155,0,1,16.827823,13.684875,49.496172,13.382246,-4.072260,0.088386,4.073219,1.792587,-0.006839,1.792600,3.119892,32.669750,179.287377
18,301,1786609521.882159,0,1,16.664961,13.689522,49.567875,13.381951,-4.071561,0.116181,4.073219,1.792585,-0.007368,1.792600,3.113066,32.904352,178.901101
18,302,1786609521.922147,0,1,16.502090,13.693888,49.639578,13.381637,-4.071756,0.109137,4.073219,1.792583,-0.007851,1.792600,3.114796,33.138959,179.004519
19,0,1786609524.974335,0,1,59.480000,13.100032,29.003536,13.399994,-0.499999,0.000796,0.500000,0.088400,-0.000147,0.088400,3.140000,30.477940,0.472659
19,0,1786609525.014297,0,1,59.480000,13.100032,29.010208,13.399985,-0.499999,0.000796,0.500000,0.166800,-0.000235,0.166800,3.140000,30.471268,0.472765
19,1,1786609525.054303,0,1,59.457176,13.100305,29.020016,13.399974,-0.570597,0.006833,0.570638,0.245200,-0.000262,0.245200,3.129618,30.438635,0.122020
19,2,1786609525.094242,0,1,59.431526,13.100505,29.032960,13.399965,-0.641257,0.004992,0.641277,0.323600,-0.000224,0.323600,3.133808,30.400041,0.118407
19,3,1786609525.134246,0,1,59.403050,13.100670,29.049040,13.399961,-0.711904,0.004120,0.711916,0.402000,-0.000118,0.402000,3.135805,30.355485,0.233295
19,4,1786609525.174316,0,1,59.371748,13.100796,29.068256,13.399963,-0.782550,0.003153,0.782556,0.480400,0.000060,0.480400,3.137563,30.304968,0.334753
19,5,1786609525.214246,0,1,59.337620,13.100883,29.090608,13.399976,-0.853193,0.002190,0.853196,0.558799,0.000316,0.558799,3.139026,30.248491,0.419488
19,6,1786609525.254253,0,1,59.300667,13.100931,29.116096,13.400002,-0.923835,0.001196,0.923836,0.637198,0.000653,0.637199,3.140298,30.186052,0.493471
19,7,1786609525.294246,0,1,59.260888,13.100938,29.144720,13.400045,-0.994476,0.000158,0.994476,0.715597,0.001077,0.715598,3.141434,30.117653,0.559953
19,8,1786609525.334252,0,1,59.218283,13.100900,29.176480,13.400109,-1.065115,-0.000943,1.065115,0.793996,0.001596,0.793997,-3.140707,30.043293,0.621358
19,9,1786609525.374267,0,1,59.172853,13.100815,29.211265,13.400196,-1.135752,-0.002120,1.135754,0.869627,0.002196,0.869629,-3.139726,29.963084,0.679448
19,10,1786609525.414309,0,1,59.124597,13.100679,29.248831,13.400310,-1.206387,-0.003388,1.206392,0.939163,0.002845,0.939167,-3.138784,29.877269,0.735535
19,11,1786609525.454275,0,1,59.073517,13.100489,29.288955,13.400452,-1.277020,-0.004761,1.277029,1.003092,0.003540,1.003098,-3.137865,29.786072,0.790616
19,12,1786609525.494323,0,1,59.019611,13.100239,29.331429,13.400623,-1.347650,-0.006251,1.347665,1.061863,0.004278,1.061871,-3.136954,29.689701,0.845460
19,13,1786609525.534241,0,1,58.962879,13.099924,29.376065,13.400825,-1.418278,-0.007871,1.418299,1.115888,0.005054,1.115899,-3.136043,29.588345,0.900666
19,14,1786609525.574274,0,1,58.903323,13.099539,29.422687,13.401060,-1.488902,-0.009634,1.488933,1.165546,0.005865,1.165561,-3.135122,29.482179,0.956709
19,15,1786609525.614246,0,1,58.840943,13.099077,29.471134,13.401328,-1.559522,-0.011550,1.559565,1.211188,0.006709,1.211207,-3.134186,29.371364,1.013965
19,16,1786609525.654253,0,1,58.775737,13.098532,29.521260,13.401631,-1.630138,-0.013632,1.630195,1.253134,0.007582,1.253157,-3.133230,29.256048,1.072739
19,17,1786609525.694263,0,1,58.707707,13.097896,29.572927,13.401971,-1.700750,-0.015890,1.700824,1.291681,0.008482,1.291709,-3.132250,29.136367,1.133275
19,18,1786609525.734302,0,1,58.636853,13.097162,29.626011,13.402347,-1.771356,-0.018336,1.771451,1.327099,0.009406,1.327132,-3.131242,29.012447,1.195773
19,19,1786609525.774307,0,1,58.563174,13.096323,29.680396,13.402761,-1.841957,-0.020979,1.842077,1.359640,0.010354,1.359679,-3.130204,28.884404,1.260398
19,20,1786609525.814292,0,1,58.486672,13.095370,29.735978,13.403214,-1.912551,-0.023829,1.912700,1.389533,0.011321,1.389579,-3.129134,28.752343,1.327284
19,21,1786609525.854275,0,1,58.407347,13.094294,29.792657,13.403706,-1.983139,-0.026896,1.983321,1.416991,0.012307,1.417044,-3.128031,28.616362,1.396542
19,22,1786609525.894301,0,1,58.325198,13.093087,29.850346,13.404239,-2.053718,-0.030190,2.053940,1.442208,0.013310,1.442269,-3.126893,28.476552,1.468265
19,23,1786609525.934282,0,1,58.240227,13.091738,29.908967,13.404806,-2.124290,-0.033720,2.124557,1.465546,0.014197,1.465615,-3.125720,28.332989,1.542519
19,24,1786609525.974258,0,1,58.152430,13.090389,29.968454,13.405406,-2.194922,-0.033716,2.195181,1.487157,0.014978,1.487233,-3.126233,28.185736,1.520426
19,25,1786609526.014294,0,1,58.061808,13.089024,30.028741,13.406032,-2.265552,-0.034134,2.265809,1.507179,0.015660,1.507260,-3.126527,28.034859,1.511070
19,26,1786609526.054307,0,1,57.968360,13.087650,30.089770,13.406682,-2.336188,-0.034338,2.336440,1.525738,0.016252,1.525824,-3.126895,27.880415,1.497740
19,27,1786609526.094301,0,1,57.872087,13.086274,30.151488,13.407352,-2.406829,-0.034407,2.407075,1.542951,0.016760,1.543042,-3.127298,27.722458,1.482624
19,28,1786609526.134302,0,1,57.772988,13.084902,30.213846,13.408040,-2.477474,-0.034306,2.477712,1.558927,0.017192,1.559022,-3.127747,27.561037,1.465100
19,29,1786609526.174298,0,1,57.671063,13.083541,30.276796,13.408742,-2.548123,-0.034020,2.548350,1.573764,0.017552,1.573862,-3.128243,27.396197,1.445037
19,30,1786609526.214282,0,1,57.566312,13.082200,30.340298,13.409456,-2.618775,-0.033532,2.618989,1.587553,0.017847,1.587654,-3.128789,27.227981,1.422271
19,31,1786609526.254302,0,1,57.458735,13.080887,30.404313,13.410179,-2.689429,-0.032828,2.689629,1.600379,0.018082,1.600481,-3.129387,27.056425,1.396686
19,32,1786609526.294278,0,1,57.348332,13.079611,30.468806,13.410910,-2.760085,-0.031894,2.760269,1.612318,0.018262,1.612421,-3.130038,26.881567,1.368192
19,33,1786609526.334302,0,1,57.235102,13.078382,30.533744,13.411645,-2.830742,-0.030714,2.830909,1.623441,0.018390,1.623545,-3.130743,26.703438,1.336724
19,34,1786609526.374306,0,1,57.119046,13.077211,30.599096,13.412384,-2.901400,-0.029278,2.901547,1.633813,0.018472,1.633917,-3.131502,26.522068,1.302240
19,35,1786609526.414310,0,1,57.000164,13.076108,30.664836,13.413125,-2.972057,-0.027573,2.972185,1.643495,0.018510,1.643599,-3.132316,26.337484,1.264716
19,36,1786609526.454316,0,1,56.878455,13.075085,30.730938,13.413865,-3.042713,-0.025589,3.042821,1.652542,0.018508,1.652645,-3.133183,26.149712,1.224144
19,37,1786609526.494268,0,1,56.753920,13.074152,30.797378,13.414604,-3.113368,-0.023315,3.113455,1.661004,0.018470,1.661106,-3.134104,25.958775,1.180531
19,38,1786609526.534258,0,1,56.626559,13.073322,30.864135,13.415340,-3.184020,-0.020745,3.184088,1.668928,0.018397,1.669030,-3.135077,25.764695,1.133896
19,39,1786609526.574264,0,1,56.496373,13.072608,30.931189,13.416072,-3.254669,-0.017868,3.254718,1.676358,0.018294,1.676458,-3.136103,25.567491,1.084269
19,40,1786609526.614274,0,1,56.363360,13.072020,30.998523,13.416798,-3.325313,-0.014680,3.325345,1.683333,0.018162,1.683431,-3.137178,25.367181,1.031688
19,41,1786609526.654288,0,1,56.227522,13.071574,31.066118,13.417518,-3.395952,-0.011172,3.395970,1.689889,0.018003,1.689985,-3.138303,25.163782,0.976200
19,42,1786609526.694293,0,1,56.088859,13.071280,31.133961,13.418231,-3.466585,-0.007340,3.466593,1.696060,0.017821,1.696154,-3.139475,24.957310,0.917858
19,43,1786609526.734267,0,1,55.947370,13.071153,31.202036,13.418936,-3.537211,-0.003180,3.537213,1.701876,0.017616,1.701968,-3.140694,24.747778,0.856720
19,44,1786609526.774251,0,1,55.803057,13.071205,31.270330,13.419631,-3.607829,0.001312,3.607829,1.707367,0.017390,1.707456,3.141229,24.535201,0.792850
19,45,1786609526.814248,0,1,55.655920,13.071451,31.338833,13.420317,-3.678438,0.006139,3.678444,1.712558,0.017146,1.712643,3.139924,24.319589,0.726316
19,46,1786609526.854244,0,1,55.505958,13.071903,31.407532,13.420992,-3.749038,0.011303,3.749055,1.717472,0.016885,1.717555,3.138578,24.100955,0.657188
19,47,1786609526.894255,0,1,55.353173,13.072575,31.476417,13.421657,-3.819626,0.016805,3.819663,1.722133,0.016607,1.722213,3.137193,23.879308,0.585540
19,48,1786609526.934299,0,1,55.197565,13.073481,31.545465,13.422309,-3.890203,0.022644,3.890269,1.726211,0.016309,1.726289,3.135772,23.654672,0.511445
19,49,1786609526.974251,0,1,55.039132,13.074426,31.614655,13.422949,-3.960814,0.023630,3.960885,1.729755,0.015992,1.729828,3.135627,23.427070,0.510590
19,50,1786609527.014250,0,1,54.877875,13.075438,31.683968,13.423575,-4.031428,0.025298,4.031507,1.732805,0.015658,1.732876,3.135318,23.196520,0.500403
19,51,1786609527.054278,0,1,54.713839,13.076490,31.753384,13.424187,-4.100907,0.026294,4.100991,1.735402,0.015308,1.735470,3.135181,22.963088,0.500224
19,52,1786609527.094297,0,1,54.547097,13.077567,31.822887,13.424785,-4.168538,0.026934,4.168625,1.737582,0.014943,1.737646,3.135131,22.726863,0.505187
19,53,1786609527.134336,0,1,54.377723,13.078652,31.892462,13.425368,-4.234373,0.027130,4.234460,1.739378,0.014565,1.739439,3.135186,22.487933,0.516324
19,54,1786609527.174278,0,1,54.205784,13.079728,31.962095,13.425935,-4.298458,0.026899,4.298542,1.740822,0.014175,1.740880,3.135335,22.246383,0.533147
19,55,1786609527.214272,0,1,54.031351,13.080778,32.031773,13.426486,-4.360841,0.026239,4.360920,1.741941,0.013773,1.741995,3.135576,22.002294,0.555545
19,56,1786609527.254285,0,1,53.854488,13.081784,32.101483,13.427020,-4.421566,0.025155,4.421637,1.742760,0.013361,1.742812,3.135904,21.755744,0.583288
19,57,1786609527.294276,0,1,53.675261,13.082730,32.171215,13.427538,-4.480677,0.023654,4.480740,1.743305,0.012940,1.743354,3.136314,21.506810,0.616167
19,58,1786609527.334272,0,1,53.493732,13.083600,32.240959,13.428038,-4.538218,0.021745,4.538270,1.743598,0.012510,1.743643,3.136801,21.255564,0.653962
19,59,1786609527.374288,0,1,53.309963,13.084378,32.310705,13.428521,-4.594231,0.019441,4.594272,1.743657,0.012073,1.743699,3.137361,21.002077,0.696447
19,60,1786609527.414312,0,1,53.124013,13.085048,32.380446,13.428986,-4.648755,0.016755,4.648785,1.743503,0.011628,1.743542,3.137988,20.746418,0.743398
19,61,1786609527.454304,0,1,52.935940,13.085596,32.450172,13.429433,-4.701830,0.013703,4.701850,1.743151,0.011177,1.743187,3.138678,20.488653,0.794591
19,62,1786609527.494287,0,1,52.745800,13.086008,32.519876,13.429862,-4.753495,0.010301,4.753506,1.742619,0.010720,1.742652,3.139426,20.228846,0.849805
19,63,1786609527.534297,0,1,52.553648,13.086271,32.589553,13.430272,-4.803787,0.006568,4.803791,1.741920,0.010257,1.741950,3.140225,19.967059,0.908825
19,64,1786609527.574307,0,1,52.359539,13.086372,32.659196,13.430664,-4.852741,0.002523,4.852742,1.741067,0.009790,1.741095,3.141073,19.703351,0.971441
19,65,1786609527.614296,0,1,52.163523,13.086299,32.728799,13.431037,-4.900395,-0.001816,4.900395,1.740074,0.009318,1.740099,-3.141222,19.437781,1.037453
19,66,1786609527.654278,0,1,51.965652,13.086042,32.798357,13.431390,-4.946781,-0.006428,4.946785,1.738950,0.008843,1.738973,-3.140293,19.170406,1.106669
19,67,1786609527.694277,0,1,51.765974,13.085590,32.867865,13.431725,-4.991934,-0.011292,4.991947,1.737708,0.008363,1.737728,-3.139331,18.901279,1.178910
19,68,1786609527.734310,0,1,51.564539,13.084935,32.937319,13.432040,-5.035886,-0.016389,5.035913,1.736355,0.007881,1.736373,-3.138338,18.630453,1.254008
19,69,1786609527.774268,0,1,51.361392,13.084067,33.006715,13.432336,-5.078669,-0.021698,5.078715,1.734902,0.007396,1.734917,-3.137320,18.357980,1.331808
19,70,1786609527.814249,0,1,51.156579,13.082979,33.076050,13.432612,-5.120314,-0.027199,5.120386,1.733355,0.006908,1.733369,-3.136281,18.083910,1.412169
19,71,1786609527.854253,0,1,50.950145,13.081664,33.145319,13.432869,-5.160852,-0.032872,5.160956,1.731723,0.006418,1.731735,-3.135223,17.808290,1.494966
19,72,1786609527.894351,0,1,50.742133,13.080116,33.214519,13.433106,-5.200311,-0.038698,5.200455,1.730012,0.005926,1.730022,-3.134151,17.531168,1.580086
19,73,1786609527.934314,0,1,50.532584,13.078330,33.283666,13.433312,-5.238720,-0.044659,5.238911,1.728684,0.005160,1.728692,-3.133068,17.252570,1.667401
19,74,1786609527.974277,0,1,50.321539,13.076510,33.352775,13.433478,-5.276139,-0.045497,5.276335,1.727709,0.004142,1.727713,-3.132970,16.972518,1.699201
19,75,1786609528.014289,0,1,50.109037,13.074584,33.421857,13.433594,-5.312537,-0.048151,5.312755,1.727057,0.002891,1.727059,-3.132529,16.691041,1.751772
19,76,1786609528.054303,0,1,49.895118,13.072615,33.490925,13.433651,-5.347971,-0.049215,5.348198,1.726704,0.001428,1.726704,-3.132390,16.408166,1.788058
19,77,1786609528.094243,0,1,49.679820,13.070595,33.559990,13.433642,-5.382452,-0.050494,5.382688,1.726624,-0.000232,1.726624,-3.132212,16.123918,1.827672
19,78,1786609528.134252,0,1,49.463180,13.068552,33.629062,13.433559,-5.416012,-0.051084,5.416253,1.726798,-0.002071,1.726799,-3.132161,15.838324,1.860942
19,79,1786609528.174300,0,1,49.245233,13.066491,33.698150,13.433396,-5.448672,-0.051528,5.448916,1.727203,-0.004075,1.727208,-3.132136,15.551411,1.893737
19,80,1786609528.214264,0,1,49.026014,13.064428,33.767263,13.433147,-5.480459,-0.051568,5.480702,1.727822,-0.006230,1.727833,-3.132183,15.263206,1.923357
19,81,1786609528.254300,0,1,48.805559,13.062372,33.836409,13.432806,-5.511394,-0.051400,5.511634,1.728638,-0.008524,1.728659,-3.132267,14.973733,1.951911
19,82,1786609528.294259,0,1,48.583899,13.060334,33.905594,13.432368,-5.541501,-0.050949,5.541735,1.729634,-0.010945,1.729668,-3.132399,14.683019,1.978663
19,83,1786609528.334274,0,1,48.361067,13.058322,33.974826,13.431828,-5.570800,-0.050301,5.571027,1.730796,-0.013483,1.730849,-3.132564,14.391089,2.004552
19,84,1786609528.374331,0,1,48.137094,13.056345,34.044110,13.431183,-5.599314,-0.049439,5.599532,1.732112,-0.016127,1.732187,-3.132763,14.097968,2.029442
19,85,1786609528.414316,0,1,47.912012,13.054408,34.113453,13.430429,-5.627063,-0.048409,5.627272,1.733569,-0.018869,1.733671,-3.132990,13.803681,2.053856
19,86,1786609528.454291,0,1,47.685849,13.052520,34.182859,13.429561,-5.654069,-0.047212,5.654266,1.735155,-0.021700,1.735290,-3.133243,13.508253,2.077852
19,87,1786609528.494381,0,1,47.458635,13.050685,34.252334,13.428576,-5.680349,-0.045877,5.680535,1.736860,-0.024612,1.737034,-3.133516,13.211707,2.101777
19,88,1786609528.534301,0,1,47.230398,13.048908,34.321881,13.427472,-5.705925,-0.044411,5.706098,1.738675,-0.027598,1.738894,-3.133810,12.914067,2.125755
19,89,1786609528.574290,0,1,47.001165,13.047195,34.391504,13.426246,-5.730814,-0.042834,5.730974,1.740590,-0.030652,1.740860,-3.134119,12.615357,2.150051
19,90,1786609528.614286,0,1,46.770964,13.045549,34.461208,13.424895,-5.755034,-0.041153,5.755181,1.742599,-0.033768,1.742926,-3.134442,12.315600,2.174809
19,91,1786609528.654310,0,1,46.539820,13.043974,34.530996,13.423418,-5.778604,-0.039382,5.778738,1.744693,-0.036939,1.745084,-3.134778,12.014817,2.200255
19,92,1786609528.694490,0,1,46.307758,13.042472,34.600818,13.421813,-5.801541,-0.037530,5.801663,1.745561,-0.040131,1.746022,-3.135124,11.713084,2.226542
19,93,1786609528.734451,0,1,46.075029,13.037163,34.670638,13.420079,-5.818222,-0.132727,5.819735,1.745484,-0.043340,1.746022,-3.118784,11.410818,3.229868
19,94,1786609528.774458,0,1,45.841784,13.026934,34.740454,13.418216,-5.831118,-0.255744,5.836724,1.745401,-0.046585,1.746022,-3.097762,11.108224,4.529928
19,95,1786609528.814548,0,1,45.608209,13.011159,34.810266,13.416221,-5.839399,-0.394357,5.852700,1.745310,-0.049859,1.746022,-3.074161,10.805537,6.011862
19,96,1786609528.854379,0,1,45.373977,12.996180,34.880075,13.414095,-5.855788,-0.374482,5.867750,1.745213,-0.053159,1.746022,-3.077729,10.502221,5.939694
19,97,1786609528.894445,0,1,45.139615,12.975639,34.949879,13.411836,-5.859049,-0.513518,5.881509,1.745109,-0.056481,1.746022,-3.054171,10.199068,7.460089
19,98,1786609528.934450,0,1,44.904659,12.955991,35.019680,13.409465,-5.873907,-0.491215,5.894411,1.745016,-0.059265,1.746022,-3.058160,9.895375,7.406933
19,99,1786609528.974456,0,1,44.669787,12.930688,35.089477,13.407003,-5.871787,-0.632569,5.905762,1.744937,-0.061556,1.746022,-3.034276,9.592144,8.995071
19,100,1786609529.014432,0,1,44.434394,12.906332,35.159272,13.404467,-5.884830,-0.608897,5.916247,1.744871,-0.063394,1.746022,-3.038491,9.288489,8.981513
19,101,1786609529.054458,0,1,44.199165,12.877384,35.229065,13.401874,-5.880730,-0.723711,5.925094,1.744819,-0.064814,1.746022,-3.019143,8.985421,10.362155
19,102,1786609529.094486,0,1,43.963457,12.849731,35.298856,13.399240,-5.892695,-0.691321,5.933109,1.744780,-0.065852,1.746022,-3.024808,8.682009,10.320097
19,103,1786609529.134456,0,1,43.728203,12.816598,35.368646,13.396579,-5.881344,-0.828310,5.939386,1.744754,-0.066538,1.746022,-3.001676,8.379652,11.985417
19,104,1786609529.174445,0,1,43.492535,12.784764,35.438436,13.393903,-5.891714,-0.795852,5.945223,1.744740,-0.066901,1.746022,-3.007325,8.077101,12.018040
19,105,1786609529.214411,0,1,43.257504,12.747457,35.508225,13.391224,-5.875776,-0.932695,5.949341,1.744738,-0.066967,1.746022,-2.984171,7.775973,13.768539
19,106,1786609529.254467,0,1,43.022106,12.711450,35.578015,13.388554,-5.884941,-0.900159,5.953387,1.744746,-0.066759,1.746022,-2.989809,7.474822,13.893785
19,107,1786609529.294456,0,1,42.786250,12.677876,35.647805,13.385902,-5.896406,-0.839346,5.955846,1.744763,-0.066300,1.746022,-3.000194,7.173471,13.765899
19,108,1786609529.334446,0,1,42.551029,12.639967,35.717597,13.383277,-5.880517,-0.947722,5.956396,1.744789,-0.065611,1.746022,-2.981804,6.873740,15.363207
19,109,1786609529.374361,0,1,42.315397,12.604498,35.787390,13.380689,-5.890804,-0.886725,5.957168,1.744823,-0.064709,1.746022,-2.992187,6.573990,15.341017
19,110,1786609529.414449,0,1,42.080495,12.564708,35.857184,13.378145,-5.872556,-0.994751,5.956211,1.744863,-0.063612,1.746022,-2.973796,6.276246,17.060856
19,111,1786609529.454401,0,1,41.845199,12.527361,35.926981,13.375651,-5.882405,-0.933693,5.956045,1.744909,-0.062335,1.746022,-2.984179,5.978704,17.176067
19,112,1786609529.494479,0,1,41.610689,12.485703,35.996779,13.373215,-5.862735,-1.041442,5.954516,1.744960,-0.060894,1.746022,-2.965789,5.683631,19.056442
19,113,1786609529.534363,0,1,41.375763,12.446483,36.066580,13.370843,-5.873143,-0.980491,5.954425,1.745015,-0.059300,1.746022,-2.976173,5.389051,19.354362
19,114,1786609529.574330,0,1,41.140305,12.410831,36.136383,13.368541,-5.886467,-0.891307,5.953564,1.745073,-0.057567,1.746022,-2.991318,5.094747,19.445028
19,115,1786609529.614346,0,1,40.905427,12.371987,36.206188,13.366312,-5.871942,-0.971092,5.951699,1.745133,-0.055706,1.746022,-2.977698,4.803283,21.337646
19,116,1786609529.654347,0,1,40.669979,12.336703,36.275996,13.364163,-5.886190,-0.882098,5.951918,1.745195,-0.053727,1.746022,-2.992841,4.512512,21.684044
19,117,1786609529.694388,0,1,40.433874,12.306115,36.345806,13.362098,-5.902634,-0.764719,5.951964,1.745259,-0.051639,1.746022,-3.012755,4.222250,21.865271
19,118,1786609529.734391,0,1,40.197094,12.281368,36.415619,13.360120,-5.919491,-0.618675,5.951734,1.745322,-0.049451,1.746022,-3.037456,3.932335,21.888608
19,119,1786609529.774538,0,1,39.960443,12.255649,36.485434,13.358233,-5.916275,-0.642981,5.951112,1.745360,-0.047171,1.745997,-3.033338,3.645735,23.806252
19,120,1786609529.814528,0,1,39.723137,12.235774,36.555243,13.356441,-5.932668,-0.496866,5.953438,1.745245,-0.044802,1.745820,-3.058037,3.360274,24.269031
19,121,1786609529.854528,0,1,39.485223,12.222904,36.625043,13.354747,-5.947840,-0.321758,5.956537,1.744988,-0.042353,1.745502,-3.087549,3.075988,24.686409
19,122,1786609529.894410,0,1,39.247142,12.210175,36.694827,13.353153,-5.952022,-0.318201,5.960521,1.744601,-0.039830,1.745055,-3.088182,2.796554,27.183972
19,123,1786609529.934535,0,1,39.008492,12.204476,36.764600,13.351657,-5.966246,-0.142486,5.967948,1.744339,-0.037415,1.744741,-3.117715,2.520134,28.446292
19,124,1786609529.974530,0,1,38.769411,12.206991,36.834368,13.350253,-5.977036,0.062877,5.977367,1.744193,-0.035099,1.744546,3.131073,2.247541,29.972722
19,125,1786609530.014473,0,1,38.529926,12.212374,36.904134,13.348938,-5.987112,0.134580,5.988625,1.744154,-0.032874,1.744463,3.119118,1.983678,33.669051
19,126,1786609530.054464,0,1,38.290204,12.225326,36.973903,13.347709,-5.993057,0.323788,6.001798,1.744212,-0.030735,1.744482,3.087618,1.729853,37.361011
19,127,1786609530.094401,0,1,38.050005,12.239746,37.043677,13.346562,-6.004976,0.360500,6.015788,1.744360,-0.028674,1.744595,3.081631,1.495907,44.287036
19,128,1786609530.134452,0,1,37.809260,12.254497,37.113461,13.345494,-6.018619,0.368791,6.029907,1.744590,-0.026686,1.744794,3.080394,1.293990,53.965279
19,129,1786609530.174441,0,1,37.567969,12.269445,37.183257,13.344504,-6.032285,0.373678,6.043848,1.744897,-0.024766,1.745073,3.079725,1.141821,66.765399
19,130,1786609530.214427,0,1,37.326222,12.285846,37.253068,13.343587,-6.043683,0.410032,6.057577,1.745274,-0.022908,1.745424,3.073852,1.060268,82.162425
19,131,1786609530.254478,0,1,37.083874,12.301358,37.322896,13.342743,-6.058697,0.387810,6.071096,1.745715,-0.021108,1.745843,3.077671,1.068463,99.264404
19,132,1786609530.294528,0,1,36.841144,12.319075,37.392733,13.341969,-6.068244,0.442928,6.084388,1.745915,-0.019358,1.746022,3.068731,1.162136,114.160813
19,133,1786609530.334522,0,1,36.597717,12.334232,37.462570,13.341262,-6.085684,0.378918,6.097469,1.745933,-0.017657,1.746022,3.079409,1.327434,127.093655
19,134,1786609530.374544,0,1,36.354059,12.353429,37.532408,13.340622,-6.091449,0.479916,6.110325,1.745949,-0.016001,1.746022,3.062970,1.537224,135.539762
19,135,1786609530.414525,0,1,36.109696,12.369933,37.602247,13.340047,-6.109062,0.412609,6.122980,1.745963,-0.014389,1.746022,3.074155,1.780120,143.113408
19,136,1786609530.454389,0,1,35.864890,12.387234,37.672086,13.339534,-6.120146,0.432524,6.135410,1.745975,-0.012818,1.746022,3.071038,2.042751,148.170551
19,137,1786609530.494489,0,1,35.619484,12.402897,37.741925,13.339083,-6.135154,0.391570,6.147637,1.745986,-0.011283,1.746022,3.077855,2.319741,152.546346
19,138,1786609530.534256,0,1,35.373763,12.420991,37.811765,13.338691,-6.143031,0.452363,6.159664,1.745995,-0.009784,1.746022,3.068087,2.605000,155.161356
19,139,1786609530.574318,0,1,35.127329,12.435490,37.881605,13.338359,-6.160848,0.362463,6.171501,1.746002,-0.008318,1.746022,3.082827,2.898484,158.483517
19,140,1786609530.614291,0,1,34.880661,12.453518,37.951445,13.338083,-6.166701,0.450713,6.183150,1.746009,-0.006883,1.746022,3.068634,3.195649,159.750305
19,141,1786609530.654302,0,1,34.633296,12.467933,38.021286,13.337864,-6.184123,0.360372,6.194614,1.746014,-0.005476,1.746022,3.083385,3.497893,162.264251
19,142,1786609530.694300,0,1,34.385711,12.485892,38.091127,13.337700,-6.189637,0.448970,6.205899,1.746017,-0.004096,1.746022,3.069184,3.802063,162.904931
19,143,1786609530.734294,0,1,34.137443,12.500220,38.160967,13.337591,-6.206683,0.358201,6.217011,1.746020,-0.002742,1.746022,3.083944,4.109737,164.940494
19,144,1786609530.774310,0,1,33.888946,12.517794,38.230808,13.337534,-6.212437,0.439341,6.227953,1.746022,-0.001411,1.746022,3.070991,4.418568,165.263248
19,145,1786609530.814305,0,1,33.639780,12.531627,38.300649,13.337530,-6.229138,0.345841,6.238731,1.746022,-0.000102,1.746022,3.086130,4.730029,167.012287
19,146,1786609530.854295,0,1,33.390407,12.548939,38.370490,13.337578,-6.234345,0.432800,6.249350,1.746022,0.001185,1.746022,3.072282,5.042141,167.030243
19,147,1786609530.894361,0,1,33.140381,12.562494,38.440331,13.337676,-6.250634,0.338871,6.259813,1.746021,0.002453,1.746022,3.087432,5.356339,168.575616
19,148,1786609530.934386,0,1,32.890133,12.579197,38.510172,13.337813,-6.256205,0.417574,6.270125,1.746019,0.003432,1.746022,3.074946,5.671008,168.493869
19,149,1786609530.974364,0,1,32.639261,12.592024,38.580012,13.337979,-6.271798,0.320660,6.279990,1.746017,0.004145,1.746022,3.090510,5.987401,169.916238
19,150,1786609531.014273,0,1,32.388208,12.608249,38.649853,13.338163,-6.276329,0.405630,6.289423,1.746016,0.004615,1.746022,3.077054,6.304044,169.653289
19,151,1786609531.054307,0,1,32.136618,12.621476,38.719694,13.338358,-6.289739,0.330689,6.298427,1.746016,0.004860,1.746022,3.089065,6.621994,170.775505
19,152,1786609531.094287,0,1,31.884904,12.638377,38.789534,13.338554,-6.292853,0.422518,6.307021,1.746015,0.004898,1.746022,3.074551,6.940041,170.368397
19,153,1786609531.134300,0,1,31.632659,12.651918,38.859375,13.338744,-6.306133,0.338526,6.315212,1.746016,0.004747,1.746022,3.087962,7.259280,171.498128
19,154,1786609531.174287,0,1,31.380331,12.669225,38.929215,13.338920,-6.308194,0.432679,6.323015,1.746017,0.004421,1.746022,3.073110,7.578532,171.006538
19,155,1786609531.214267,0,1,31.127551,12.684097,38.999056,13.339078,-6.319509,0.371797,6.330436,1.746018,0.003935,1.746022,3.082827,7.898709,171.876418
19,156,1786609531.254257,0,1,30.874763,12.703081,39.068897,13.339210,-6.319695,0.474596,6.337490,1.746019,0.003302,1.746022,3.066635,8.218789,171.266174
19,157,1786609531.294262,0,1,30.621484,12.718825,39.138738,13.339311,-6.331970,0.393603,6.344192,1.746020,0.002534,1.746022,3.079511,8.539825,172.276338
19,158,1786609531.334272,0,1,30.368241,12.738690,39.208579,13.339377,-6.331092,0.496626,6.350541,1.746022,0.001642,1.746022,3.063311,8.860722,171.627582
19,159,1786609531.374273,0,1,30.114522,12.755308,39.278420,13.339402,-6.342966,0.415451,6.356557,1.746022,0.000635,1.746022,3.076188,9.182493,172.605580
19,160,1786609531.414261,0,1,29.860879,12.776055,39.348260,13.339383,-6.341062,0.518668,6.362239,1.746022,-0.000476,1.746022,3.059979,9.504091,171.925851
19,161,1786609531.454274,0,1,29.606777,12.793548,39.418101,13.339316,-6.352572,0.437328,6.367608,1.746021,-0.001682,1.746022,3.072858,9.826493,172.877947
19,162,1786609531.494260,0,1,29.352789,12.815176,39.487942,13.339197,-6.349680,0.540710,6.372660,1.746020,-0.002977,1.746022,3.056642,10.148690,172.172947
19,163,1786609531.534231,0,1,29.098355,12.833545,39.557783,13.339023,-6.360861,0.459221,6.377416,1.746017,-0.004352,1.746022,3.069523,10.471635,173.103896
19,164,1786609531.574312,0,1,28.844074,12.856055,39.627623,13.338791,-6.357014,0.562741,6.381874,1.746013,-0.005800,1.746022,3.053300,10.794349,172.378012
19,165,1786609531.614254,0,1,28.589358,12.875300,39.697464,13.338498,-6.367901,0.481120,6.386051,1.746007,-0.007316,1.746022,3.066182,11.117759,173.291485
19,166,1786609531.654376,0,1,28.334833,12.898690,39.767303,13.338142,-6.363133,0.584750,6.389944,1.746000,-0.008894,1.746022,3.049953,11.440914,172.548149
19,167,1786609531.694318,0,1,28.079883,12.918810,39.837143,13.337721,-6.373756,0.503013,6.393574,1.745991,-0.010528,1.746022,3.062837,11.764721,173.447022
19,168,1786609531.734267,0,1,27.825159,12.943079,39.906982,13.337233,-6.368096,0.606729,6.396934,1.745980,-0.012213,1.746022,3.046603,12.088251,172.688957
19,169,1786609531.774292,0,1,27.570019,12.964075,39.976821,13.336675,-6.378485,0.524889,6.400045,1.745967,-0.013945,1.746022,3.059487,12.412395,173.575511
19,170,1786609531.814290,0,1,27.315141,12.989222,40.046659,13.336046,-6.371963,0.628669,6.402900,1.745952,-0.015719,1.746022,3.043249,12.736241,172.804905
19,171,1786609531.854376,0,1,27.059855,13.011091,40.116496,13.335345,-6.382143,0.546740,6.405519,1.745934,-0.017533,1.746022,3.056134,13.060667,173.680976
19,172,1786609531.894370,0,1,26.804864,13.037114,40.186333,13.334570,-6.374785,0.650560,6.407895,1.745915,-0.019381,1.746022,3.039893,13.384775,172.899606
19,173,1786609531.934379,0,1,26.549472,13.059856,40.256169,13.333733,-6.384783,0.568556,6.410048,1.745897,-0.020910,1.746022,3.052778,13.709432,173.766621
19,174,1786609531.974384,0,1,26.293627,13.077999,40.326004,13.332847,-6.396134,0.453589,6.412198,1.745882,-0.022145,1.746022,3.070795,14.034691,174.903136
19,175,1786609532.014374,0,1,26.037913,13.098993,40.395839,13.331923,-6.392860,0.524847,6.414369,1.745869,-0.023109,1.746022,3.059677,14.359816,174.377172
19,176,1786609532.054387,0,1,25.782487,13.124147,40.465673,13.330970,-6.385644,0.628852,6.416534,1.745860,-0.023822,1.746022,3.043430,14.684643,173.568705
19,177,1786609532.094300,0,1,25.526671,13.146015,40.535507,13.329998,-6.395386,0.546697,6.418710,1.745853,-0.024306,1.746022,3.056317,15.009964,174.411748
19,178,1786609532.134305,0,1,25.270417,13.163275,40.605341,13.329015,-6.406370,0.431485,6.420885,1.745849,-0.024578,1.746022,3.074342,15.335820,175.527579
19,179,1786609532.174286,0,1,25.014282,13.183388,40.675175,13.328029,-6.403367,0.502844,6.423080,1.745848,-0.024654,1.746022,3.063225,15.661561,174.980733
19,180,1786609532.214269,0,1,24.758421,13.207671,40.745009,13.327047,-6.396528,0.607054,6.425269,1.745850,-0.024552,1.746022,3.046972,15.987034,174.150820
19,181,1786609532.254264,0,1,24.502180,13.228660,40.814843,13.326075,-6.406013,0.524747,6.427469,1.745853,-0.024286,1.746022,3.059860,16.312954,174.974933
19,182,1786609532.294267,0,1,24.245515,13.245032,40.884678,13.325120,-6.416628,0.409288,6.429668,1.745859,-0.023869,1.746022,3.077893,16.639355,176.074525
19,183,1786609532.334281,0,1,23.988959,13.264262,40.954512,13.324188,-6.413897,0.480749,6.431889,1.745867,-0.023314,1.746022,3.066778,16.965659,175.511071
19,184,1786609532.374270,0,1,23.732537,13.286261,41.024348,13.323283,-6.410552,0.549980,6.434101,1.745876,-0.022632,1.746022,3.056009,17.291850,174.973765
19,185,1786609532.414359,0,1,23.475734,13.304537,41.094183,13.322409,-6.420087,0.456896,6.436325,1.745886,-0.021834,1.746022,3.070546,17.618458,175.871198
19,186,1786609532.454360,0,1,23.219136,13.326571,41.164019,13.321572,-6.414944,0.550848,6.438552,1.745897,-0.020931,1.746022,3.055933,17.944883,175.108038
19,187,1786609532.494357,0,1,22.962156,13.344878,41.233855,13.320775,-6.424502,0.457689,6.440785,1.745909,-0.019931,1.746022,3.070472,18.271715,176.000646
19,188,1786609532.534355,0,1,22.705047,13.362625,41.303692,13.320021,-6.427727,0.443670,6.443021,1.745921,-0.018843,1.746022,3.072678,18.598694,176.182708
19,189,1786609532.574308,0,1,22.448039,13.382950,41.373529,13.319314,-6.425204,0.508122,6.445265,1.745933,-0.017674,1.746022,3.062674,18.925598,175.670964
19,190,1786609532.614356,0,1,22.190651,13.399203,41.443367,13.318657,-6.434701,0.406315,6.447517,1.745945,-0.016433,1.746022,3.078532,19.252885,176.626591
19,191,1786609532.654387,0,1,21.933411,13.418884,41.513205,13.318052,-6.430983,0.492036,6.449779,1.745957,-0.015127,1.746022,3.065231,19.580054,175.919873
19,192,1786609532.694296,0,1,21.675802,13.434489,41.583044,13.317501,-6.440239,0.390117,6.452044,1.745968,-0.013760,1.746022,3.081092,19.907586,176.870248
19,193,1786609532.734312,0,1,21.418332,13.453525,41.652883,13.317008,-6.436749,0.475914,6.454319,1.745979,-0.012339,1.746022,3.067790,20.235012,176.157972
19,194,1786609532.774274,0,1,21.160501,13.468481,41.722723,13.316573,-6.445763,0.373883,6.456597,1.745988,-0.010870,1.746022,3.083653,20.562783,177.103583
19,195,1786609532.814262,0,1,20.902801,13.486871,41.792563,13.316199,-6.442502,0.459756,6.458886,1.745997,-0.009358,1.746022,3.070350,20.890459,176.386229
19,196,1786609532.854276,0,1,20.644750,13.501176,41.862403,13.315886,-6.451274,0.357613,6.461178,1.746005,-0.007806,1.746022,3.086216,21.218462,177.327509
19,197,1786609532.894295,0,1,20.386820,13.518918,41.932243,13.315638,-6.448243,0.443562,6.463481,1.746011,-0.006219,1.746022,3.072913,21.546382,176.605504
19,198,1786609532.934304,0,1,20.128550,13.532570,42.002084,13.315445,-6.456772,0.341307,6.465787,1.746016,-0.004807,1.746022,3.088781,21.874612,177.542860
19,199,1786609532.974303,0,1,19.870386,13.549664,42.071925,13.315303,-6.454092,0.427339,6.468224,1.746019,-0.003554,1.746022,3.075477,22.202776,176.816646
19,200,1786609533.014295,0,1,19.611881,13.562663,42.141765,13.315205,-6.462615,0.324983,6.470781,1.746021,-0.002447,1.746022,3.091348,22.531243,177.750503
19,201,1786609533.054302,0,1,19.353465,13.579108,42.211606,13.315146,-6.460397,0.411110,6.473464,1.746022,-0.001474,1.746022,3.078043,22.859665,177.020483
19,202,1786609533.094296,0,1,19.094709,13.591453,42.281447,13.315121,-6.468902,0.308639,6.476260,1.746022,-0.000624,1.746022,3.093918,23.188384,177.951217
19,203,1786609533.134368,0,1,18.836024,13.607248,42.351288,13.315126,-6.467132,0.394866,6.479176,1.746022,0.000113,1.746022,3.080611,23.517078,177.217738
19,204,1786609533.174253,0,1,18.577000,13.618939,42.421129,13.315156,-6.475604,0.292272,6.482196,1.746022,0.000747,1.746022,3.096489,23.846064,178.145680
19,205,1786609533.214310,0,1,18.318029,13.634083,42.490970,13.315207,-6.474270,0.378602,6.485331,1.746022,0.001287,1.746022,3.083181,24.175044,177.409042
19,206,1786609533.254315,0,1,18.058869,13.648158,42.560811,13.315277,-6.479014,0.351872,6.488562,1.746021,0.001740,1.746022,3.087337,24.504203,177.669718
19,207,1786609533.294291,0,1,17.799390,13.657690,42.630652,13.315361,-6.486955,0.238314,6.491331,1.746021,0.002113,1.746022,3.104872,24.833621,178.685886
19,208,1786609533.334288,0,1,17.539642,13.661320,42.700492,13.315458,-6.493714,0.090752,6.494348,1.746021,0.002413,1.746022,3.127618,25.163228,179.986861
19,209,1786609533.374345,0,1,17.279761,13.657680,42.770333,13.315564,-6.497018,-0.091005,6.497656,1.746020,0.002645,1.746022,-3.127586,25.492868,178.428558
19,210,1786609533.414325,0,1,17.020001,13.645397,42.840174,13.315676,-6.493998,-0.307066,6.501254,1.746020,0.002817,1.746022,-3.094343,25.822278,176.561188
19,211,1786609533.454306,0,1,16.760137,13.632095,42.910015,13.315794,-6.496596,-0.332565,6.505102,1.746020,0.002931,1.746022,-3.090447,26.151790,176.376550
19,212,1786609533.494369,0,1,16.500100,13.619117,42.979856,13.315913,-6.500943,-0.324454,6.509035,1.746020,0.002993,1.746022,-3.091725,26.481492,176.486776
19,213,1786609533.534374,0,1,16.239824,13.607812,43.049696,13.316034,-6.506901,-0.282609,6.513035,1.746020,0.003008,1.746022,-3.098188,26.811461,176.889544
19,214,1786609533.574386,0,1,15.979271,13.599538,43.119537,13.316153,-6.513821,-0.206855,6.517104,1.746020,0.002979,1.746022,-3.109847,27.141746,177.582879
19,215,1786609533.614366,0,1,15.718713,13.587186,43.189378,13.316269,-6.513933,-0.308793,6.521248,1.746020,0.002909,1.746022,-3.094223,27.472000,176.720885
19,216,1786609533.654361,0,1,15.457855,13.578020,43.259219,13.316381,-6.521459,-0.229160,6.525484,1.746020,0.002802,1.746022,-3.106468,27.802595,177.448291
19,217,1786609533.694403,0,1,15.196812,13.569197,43.329060,13.316488,-6.526063,-0.220586,6.529790,1.746020,0.002661,1.746022,-3.107805,28.133382,177.549429
19,218,1786609533.734378,0,1,14.935670,13.558357,43.398900,13.316587,-6.528553,-0.270986,6.534175,1.746021,0.002489,1.746022,-3.100109,28.464257,177.136475
19,219,1786609533.774384,0,1,14.674214,13.551508,43.468741,13.316679,-6.536399,-0.171232,6.538641,1.746021,0.002288,1.746022,-3.115402,28.795484,178.032129
19,220,1786609533.814371,0,1,14.412698,13.541008,43.538582,13.316761,-6.537918,-0.262489,6.543185,1.746021,0.002060,1.746022,-3.101465,29.126748,177.259756
20,0,1786609543.224047,0,1,59.480000,13.100032,29.003536,13.399986,-0.499999,0.000796,0.500000,0.088399,-0.000351,0.088400,3.140000,30.477940,0.472643
20,0,1786609543.263978,0,1,59.480000,13.100032,29.010208,13.399956,-0.499999,0.000796,0.500000,0.166798,-0.000750,0.166800,3.140000,30.471268,0.472711
20,1,1786609543.304034,0,1,59.457184,13.100634,29.020016,13.399908,-0.570400,0.015066,0.570599,0.245197,-0.001199,0.245200,3.115186,30.438640,0.949659
20,2,1786609543.343998,0,1,59.431557,13.101655,29.032960,13.399840,-0.640683,0.025519,0.641191,0.323595,-0.001699,0.323600,3.101782,30.400060,1.718978
20,3,1786609543.383959,0,1,59.403115,13.102939,29.049039,13.399750,-0.711048,0.032100,0.711772,0.401993,-0.002254,0.402000,3.096478,30.355527,2.024622
20,4,1786609543.423972,0,1,59.371856,13.104412,29.068255,13.399635,-0.781474,0.036808,0.782340,0.480391,-0.002865,0.480400,3.094527,30.305039,2.138515
20,5,1786609543.464100,0,1,59.337782,13.106102,29.090606,13.399494,-0.851843,0.042260,0.852891,0.558788,-0.003534,0.558799,3.092024,30.248599,2.284347
20,6,1786609543.504089,0,1,59.300895,13.108025,29.116094,13.399323,-0.922171,0.048080,0.923424,0.637185,-0.004266,0.637199,3.089502,30.186207,2.431673
20,7,1786609543.544028,0,1,59.261197,13.110200,29.144717,13.399121,-0.992449,0.054377,0.993938,0.715581,-0.005062,0.715599,3.086856,30.117866,2.586523
20,8,1786609543.584048,0,1,59.218690,13.112647,29.176476,13.398884,-1.062671,0.061178,1.064430,0.793976,-0.005926,0.793998,3.084086,30.043578,2.749022
20,9,1786609543.623980,0,1,59.173377,13.115388,29.211371,13.398609,-1.132831,0.068522,1.134902,0.872370,-0.006861,0.872397,3.081179,29.963345,2.919864
20,10,1786609543.664004,0,1,59.125260,13.118446,29.249401,13.398294,-1.202923,0.076443,1.205350,0.950764,-0.007873,0.950796,3.078131,29.877169,3.099437
20,11,1786609543.704019,0,1,59.074343,13.121845,29.290568,13.397936,-1.272941,0.084975,1.275774,1.029156,-0.008965,1.029195,3.074936,29.785055,3.288019
20,12,1786609543.744028,0,1,59.020628,13.125611,29.334870,13.397530,-1.342877,0.094153,1.346174,1.107547,-0.010143,1.107594,3.071594,29.687003,3.485792
20,13,1786609543.784031,0,1,58.964119,13.129771,29.382307,13.397074,-1.412725,0.104006,1.416548,1.185937,-0.011413,1.185992,3.068104,29.583019,3.692866
20,14,1786609543.824001,0,1,58.904820,13.134354,29.432834,13.396563,-1.482475,0.114566,1.486896,1.263182,-0.012762,1.263247,3.064466,29.473152,3.909303
20,15,1786609543.864026,0,1,58.842735,13.139388,29.486208,13.395999,-1.552122,0.125861,1.557216,1.334340,-0.014102,1.334414,3.060680,29.357648,4.135117
20,16,1786609543.904123,0,1,58.777868,13.144905,29.542204,13.395382,-1.621656,0.137918,1.627510,1.399896,-0.015433,1.399981,3.056749,29.236738,4.370291
20,17,1786609543.944049,0,1,58.710226,13.150936,29.600616,13.394712,-1.691068,0.150763,1.697775,1.460299,-0.016755,1.460395,3.052675,29.110631,4.614783
20,18,1786609543.984033,0,1,58.639812,13.157513,29.661254,13.393989,-1.760351,0.164421,1.768013,1.515961,-0.018070,1.516069,3.048461,28.979522,4.868531
20,19,1786609544.024022,0,1,58.566632,13.164669,29.723945,13.393214,-1.829494,0.178914,1.838222,1.567262,-0.019378,1.567382,3.044108,28.843593,5.131453
20,20,1786609544.064087,0,1,58.490692,13.172440,29.788527,13.392387,-1.898489,0.194265,1.908402,1.614550,-0.020678,1.614682,3.039622,28.703008,5.403458
20,21,1786609544.104072,0,1,58.411999,13.180859,29.854853,13.391508,-1.967326,0.210492,1.978555,1.658146,-0.021971,1.658292,3.035004,28.557924,5.684440
20,22,1786609544.144048,0,1,58.330560,13.189964,29.922786,13.390577,-2.035995,0.227614,2.048678,1.698347,-0.023258,1.698506,3.030260,28.408481,5.974284
20,23,1786609544.184021,0,1,58.246380,13.199790,29.992193,13.389606,-2.104485,0.245648,2.118773,1.735166,-0.024277,1.735336,3.025393,28.254825,6.272848
20,24,1786609544.224028,0,1,58.159390,13.209764,30.062948,13.388604,-2.174765,0.249351,2.189013,1.768876,-0.025048,1.769054,3.027435,28.097011,6.176075
20,25,1786609544.264038,0,1,58.069596,13.219988,30.134937,13.387581,-2.244839,0.255599,2.259343,1.799725,-0.025592,1.799907,3.028220,27.935162,6.152022
20,26,1786609544.304016,0,1,57.976990,13.230409,30.208055,13.386544,-2.315146,0.260521,2.329758,1.827942,-0.025926,1.828126,3.029535,27.769374,6.098266
20,27,1786609544.344033,0,1,57.881567,13.241003,30.282204,13.385501,-2.385582,0.264869,2.400241,1.853737,-0.026068,1.853920,3.031017,27.599741,6.035567
20,28,1786609544.384011,0,1,57.783356,13.251733,30.357296,13.384460,-2.455267,0.268238,2.469877,1.877304,-0.026032,1.877484,3.032774,27.426381,5.957568
20,29,1786609544.424015,0,1,57.682438,13.262551,30.433249,13.383426,-2.522944,0.270451,2.537398,1.898821,-0.025834,1.898997,3.034804,27.249457,5.864393
20,30,1786609544.464064,0,1,57.578892,13.273408,30.509987,13.382407,-2.588669,0.271416,2.602859,1.918453,-0.025485,1.918622,3.037127,27.069124,5.754742
20,31,1786609544.504033,0,1,57.472792,13.284250,30.587441,13.381407,-2.652498,0.271062,2.666312,1.936349,-0.024998,1.936511,3.039755,26.885526,5.627812
20,32,1786609544.543998,0,1,57.364212,13.295023,30.665547,13.380432,-2.714481,0.269328,2.727809,1.952650,-0.024384,1.952802,3.042697,26.698802,5.483003
20,33,1786609544.584016,0,1,57.253226,13.305670,30.744247,13.379485,-2.774668,0.266168,2.787405,1.967482,-0.023654,1.967624,3.045958,26.509082,5.319944
20,34,1786609544.624005,0,1,57.139902,13.316132,30.823485,13.378573,-2.833106,0.261542,2.845153,1.980964,-0.022817,1.981095,3.049537,26.316490,5.138447
20,35,1786609544.664000,0,1,57.024308,13.326349,30.903213,13.377698,-2.889838,0.255426,2.901104,1.993202,-0.021881,1.993322,3.053434,26.121145,4.938484
20,36,1786609544.704010,0,1,56.906512,13.336261,30.983385,13.376863,-2.944904,0.247803,2.955312,2.004297,-0.020855,2.004406,3.057644,25.923158,4.720165
20,37,1786609544.744003,0,1,56.786578,13.345807,31.063959,13.376073,-2.998344,0.238668,3.007828,2.014340,-0.019746,2.014437,3.062160,25.722637,4.483721
20,38,1786609544.784020,0,1,56.664570,13.354928,31.144895,13.375331,-3.050193,0.228022,3.058704,2.023416,-0.018562,2.023501,3.066975,25.519683,4.229484
20,39,1786609544.824010,0,1,56.540551,13.363564,31.226159,13.374639,-3.100485,0.215879,3.107991,2.031601,-0.017307,2.031674,3.072077,25.314394,3.957874
20,40,1786609544.864028,0,1,56.414581,13.371654,31.307718,13.373999,-3.149250,0.202259,3.155739,2.038967,-0.015989,2.039029,3.077456,25.106863,3.669386
20,41,1786609544.904022,0,1,56.286720,13.379141,31.389541,13.373415,-3.196520,0.187187,3.201996,2.045579,-0.014613,2.045631,3.083100,24.897180,3.364576
20,42,1786609544.944021,0,1,56.157027,13.385969,31.471601,13.372887,-3.242321,0.170699,3.246811,2.051498,-0.013183,2.051540,3.088994,24.685430,3.044050
20,43,1786609544.984013,0,1,56.025560,13.392083,31.553872,13.372419,-3.286679,0.152835,3.290231,2.056779,-0.011705,2.056812,3.095125,24.471696,2.708454
20,44,1786609545.024017,0,1,55.892375,13.397428,31.636331,13.372012,-3.329621,0.133640,3.332302,2.061473,-0.010182,2.061498,3.101477,24.256057,2.358467
20,45,1786609545.064019,0,1,55.757529,13.401955,31.718956,13.371667,-3.371171,0.113164,3.373069,2.065627,-0.008618,2.065645,3.108037,24.038591,1.994785
20,46,1786609545.103991,0,1,55.621074,13.405613,31.801728,13.371386,-3.411351,0.091462,3.412577,2.069285,-0.007018,2.069297,3.114788,23.819371,1.618121
20,47,1786609545.144039,0,1,55.483067,13.408357,31.884627,13.371171,-3.450185,0.068591,3.450866,2.072486,-0.005384,2.072493,3.121715,23.598469,1.229192
20,48,1786609545.184035,0,1,55.343559,13.410141,31.967643,13.371019,-3.487695,0.044611,3.487980,2.075408,-0.003790,2.075411,3.128802,23.375949,0.828721
20,49,1786609545.224027,0,1,55.202601,13.411878,32.050766,13.370930,-3.523951,0.043410,3.524219,2.078073,-0.002235,2.078074,3.129275,23.151871,0.807102
20,50,1786609545.264025,0,1,55.060224,13.413189,32.133986,13.370901,-3.559435,0.032767,3.559586,2.080502,-0.000714,2.080502,3.132387,22.926276,0.633114
20,51,1786609545.304017,0,1,54.916464,13.414326,32.217295,13.370932,-3.593991,0.028444,3.594104,2.082715,0.000774,2.082715,3.133679,22.699211,0.562972
20,52,1786609545.344029,0,1,54.771355,13.415223,32.300684,13.371022,-3.627718,0.022408,3.627787,2.084727,0.002231,2.084728,3.135416,22.470715,0.466616
20,53,1786609545.384043,0,1,54.624931,13.415973,32.384146,13.371168,-3.660607,0.018772,3.660655,2.086556,0.003660,2.086559,3.136465,22.240830,0.409240
20,54,1786609545.424018,0,1,54.477223,13.416584,32.467675,13.371371,-3.692694,0.015261,3.692726,2.088216,0.005062,2.088222,3.137460,22.009595,0.354488
20,55,1786609545.464012,0,1,54.328264,13.417106,32.551264,13.371628,-3.723995,0.013051,3.724018,2.089720,0.006440,2.089730,3.138088,21.777047,0.320456
20,56,1786609545.504023,0,1,54.178082,13.417562,32.634907,13.371940,-3.754532,0.011399,3.754549,2.091081,0.007795,2.091096,3.138557,21.543224,0.295293
20,57,1786609545.544034,0,1,54.026709,13.417988,32.718599,13.372305,-3.784324,0.010658,3.784339,2.092311,0.009128,2.092331,3.138776,21.308159,0.284204
20,58,1786609545.584019,0,1,53.874174,13.418410,32.802336,13.372723,-3.813391,0.010536,3.813406,2.093419,0.010440,2.093445,3.138830,21.071887,0.282523
20,59,1786609545.623972,0,1,53.720504,13.418855,32.886113,13.373192,-3.841753,0.011131,3.841769,2.094416,0.011734,2.094449,3.138695,20.834441,0.291585
20,60,1786609545.664087,0,1,53.565727,13.419347,32.969925,13.373712,-3.869426,0.012302,3.869445,2.095310,0.013010,2.095351,3.138413,20.595852,0.309111
20,61,1786609545.704077,0,1,53.409869,13.419910,33.053770,13.374283,-3.896428,0.014062,3.896453,2.096111,0.014269,2.096159,3.137984,20.356151,0.335199
20,62,1786609545.744082,0,1,53.252958,13.420562,33.137643,13.374904,-3.922777,0.016325,3.922811,2.096824,0.015512,2.096881,3.137431,20.115368,0.368487
20,63,1786609545.784038,0,1,53.095019,13.421325,33.221541,13.375573,-3.948490,0.019074,3.948536,2.097457,0.016740,2.097524,3.136762,19.873530,0.408679
20,64,1786609545.824019,0,1,52.936075,13.422215,33.305462,13.376291,-3.973582,0.022248,3.973645,2.098017,0.017954,2.098094,3.135994,19.630668,0.454835
20,65,1786609545.864010,0,1,52.776153,13.423248,33.389402,13.377058,-3.998070,0.025822,3.998154,2.098510,0.019155,2.098597,3.135134,19.386806,0.506560
20,66,1786609545.904023,0,1,52.615274,13.424438,33.473360,13.377871,-4.021969,0.029747,4.022079,2.098940,0.020344,2.099039,3.134197,19.141971,0.563147
20,67,1786609545.944029,0,1,52.453462,13.425798,33.557332,13.378732,-4.045295,0.033996,4.045438,2.099313,0.021520,2.099424,3.133189,18.896189,0.624206
20,68,1786609545.984016,0,1,52.290740,13.427339,33.641318,13.379640,-4.068062,0.038530,4.068244,2.099634,0.022686,2.099756,3.132122,18.649483,0.689190
20,69,1786609546.024008,0,1,52.127128,13.429072,33.725314,13.380593,-4.090284,0.043321,4.090514,2.099906,0.023840,2.100041,3.131002,18.401878,0.757754
20,70,1786609546.064008,0,1,51.962649,13.431006,33.809319,13.381593,-4.111977,0.048338,4.112261,2.100134,0.024984,2.100282,3.129838,18.153397,0.829466
20,71,1786609546.104010,0,1,51.797323,13.433148,33.893332,13.382637,-4.133154,0.053558,4.133501,2.100320,0.026118,2.100483,3.128635,17.904062,0.904042
20,72,1786609546.144041,0,1,51.631170,13.435506,33.977351,13.383727,-4.153828,0.058951,4.154246,2.100469,0.027243,2.100646,3.127402,17.653895,0.981141
20,73,1786609546.184005,0,1,51.464209,13.438086,34.061370,13.384848,-4.174013,0.064500,4.174511,2.100484,0.028011,2.100671,3.126141,17.402921,1.060585
20,74,1786609546.224026,0,1,51.296462,13.440908,34.145385,13.385986,-4.193689,0.070555,4.194282,2.100377,0.028451,2.100569,3.124770,17.151165,1.147332
20,75,1786609546.264011,0,1,51.127947,13.443964,34.229391,13.387129,-4.212880,0.076410,4.213573,2.100156,0.028587,2.100350,3.123458,16.898651,1.231771
20,76,1786609546.304014,0,1,50.958683,13.447273,34.313385,13.388267,-4.231589,0.082704,4.232397,2.099831,0.028445,2.100023,3.122051,16.645403,1.322782
20,77,1786609546.344015,0,1,50.788689,13.450823,34.397361,13.389389,-4.249840,0.088768,4.250767,2.099410,0.028047,2.099597,3.120708,16.391444,1.411334
20,78,1786609546.384025,0,1,50.617984,13.454633,34.481317,13.390485,-4.267632,0.095249,4.268695,2.098901,0.027413,2.099080,3.119277,16.136795,1.506339
20,79,1786609546.424022,0,1,50.446584,13.458691,34.565250,13.391548,-4.284993,0.101439,4.286193,2.098312,0.026563,2.098480,3.117924,15.881477,1.598351
20,80,1786609546.464021,0,1,50.274508,13.463014,34.649155,13.392568,-4.301916,0.108068,4.303274,2.097647,0.025513,2.097802,3.116477,15.625511,1.697329
20,81,1786609546.504022,0,1,50.101770,13.467586,34.733032,13.393539,-4.318435,0.114306,4.319948,2.096914,0.024280,2.097055,3.115130,15.368917,1.792269
20,82,1786609546.544026,0,1,49.928389,13.472429,34.816877,13.394455,-4.334536,0.121066,4.336226,2.096118,0.022879,2.096243,3.113669,15.111713,1.895527
20,83,1786609546.584016,0,1,49.754379,13.477519,34.900687,13.395308,-4.350260,0.127267,4.352121,2.095264,0.021323,2.095372,3.112346,14.853919,1.992826
20,84,1786609546.624014,0,1,49.579755,13.482886,34.984462,13.396093,-4.365580,0.134177,4.367641,2.094356,0.019626,2.094448,3.110867,14.595552,2.101165
20,85,1786609546.664009,0,1,49.404533,13.488495,35.068198,13.396805,-4.380554,0.140227,4.382798,2.093400,0.017799,2.093475,3.109592,14.336629,2.199923
20,86,1786609546.704021,0,1,49.228728,13.494390,35.151893,13.397439,-4.395131,0.147370,4.397601,2.092398,0.015853,2.092458,3.108075,14.077168,2.315035
20,87,1786609546.744034,0,1,49.052352,13.500513,35.235548,13.397991,-4.409404,0.153074,4.412060,2.091354,0.013798,2.091400,3.106891,13.817185,2.413385
20,88,1786609546.784013,0,1,48.875421,13.506940,35.319159,13.398456,-4.423268,0.160673,4.426185,2.090273,0.011643,2.090305,3.105284,13.556697,2.538830
20,89,1786609546.824012,0,1,48.697945,13.513565,35.402725,13.398832,-4.436893,0.165634,4.439984,2.089156,0.009397,2.089177,3.104279,13.295716,2.632353
20,90,1786609546.864015,0,1,48.519943,13.520535,35.486245,13.399115,-4.450056,0.174250,4.453467,2.088006,0.007068,2.088018,3.102456,13.034264,2.776123
20,91,1786609546.904020,0,1,48.341419,13.527637,35.569718,13.399301,-4.463112,0.177532,4.466641,2.086827,0.004663,2.086832,3.101836,12.772345,2.853606
20,92,1786609546.944020,0,1,48.162397,13.535182,35.653143,13.399389,-4.475543,0.188624,4.479516,2.085621,0.002188,2.085622,3.099472,12.509991,3.035276
20,93,1786609546.984023,0,1,47.982870,13.542694,35.736518,13.399375,-4.488174,0.187795,4.492101,2.084389,-0.000350,2.084389,3.099775,12.247190,3.066481
20,94,1786609547.024049,0,1,47.802881,13.550909,35.819844,13.399257,-4.499716,0.205391,4.504401,2.083134,-0.002945,2.083136,3.095979,11.983997,3.338548
20,95,1786609547.064247,0,1,47.622390,13.558651,35.903118,13.399033,-4.512278,0.193542,4.516427,2.081858,-0.005592,2.081865,3.098727,11.720359,3.236361
20,96,1786609547.104255,0,1,47.441675,13.569358,35.986341,13.398702,-4.517884,0.267682,4.525807,2.080562,-0.008286,2.080579,3.082412,11.456605,4.244275
20,97,1786609547.144174,0,1,47.260855,13.583698,36.069511,13.398261,-4.520502,0.358502,4.534696,2.079248,-0.011023,2.079277,3.062452,11.192880,5.483687
20,98,1786609547.184154,0,1,47.080088,13.602342,36.152637,13.397725,-4.519163,0.466104,4.543136,2.078169,-0.013403,2.078212,3.038817,10.929367,6.961376
20,99,1786609547.224171,0,1,46.898929,13.620283,36.235730,13.397107,-4.528980,0.448528,4.551136,2.077305,-0.015454,2.077362,3.042880,10.665535,6.854849
20,100,1786609547.264120,0,1,46.717347,13.636861,36.318795,13.396419,-4.539542,0.414436,4.558421,2.076639,-0.017202,2.076710,3.050550,10.401332,6.540933
20,101,1786609547.304269,0,1,46.535875,13.657098,36.401841,13.395672,-4.536797,0.505937,4.564921,2.076156,-0.018671,2.076239,3.030533,10.137406,7.840970
20,102,1786609547.344144,0,1,46.354017,13.675970,36.484875,13.394877,-4.546463,0.471796,4.570877,2.075840,-0.019883,2.075935,3.038191,9.873144,7.555954
20,103,1786609547.384152,0,1,46.172372,13.698507,36.567902,13.394042,-4.541116,0.563425,4.575935,2.075679,-0.020857,2.075784,3.018152,9.609295,8.888340
20,104,1786609547.424160,0,1,45.990382,13.719675,36.650928,13.393178,-4.549770,0.529203,4.580443,2.075660,-0.021612,2.075772,3.025799,9.345158,8.636687
20,105,1786609547.464217,0,1,45.808714,13.744508,36.733959,13.392291,-4.541699,0.620813,4.583933,2.075772,-0.022167,2.075890,3.005743,9.081587,10.006319
20,106,1786609547.504271,0,1,45.626744,13.767967,36.816999,13.391390,-4.549239,0.586476,4.586887,2.076004,-0.022536,2.076126,3.013382,8.817789,9.793559
20,107,1786609547.544209,0,1,45.445210,13.795083,36.900053,13.390480,-4.538352,0.677912,4.588704,2.076346,-0.022734,2.076471,2.993315,8.554730,11.206544
20,108,1786609547.584111,0,1,45.263422,13.820820,36.983125,13.389569,-4.544708,0.643428,4.590029,2.076791,-0.022775,2.076915,3.000950,8.291519,11.039591
20,109,1786609547.624106,0,1,45.082183,13.850202,37.066218,13.388663,-4.530959,0.734530,4.590111,2.077329,-0.022671,2.077452,2.980877,8.029241,12.503624
20,110,1786609547.664119,0,1,44.900739,13.878197,37.149336,13.387765,-4.536111,0.699871,4.589785,2.077953,-0.022434,2.078074,2.988511,7.766902,12.391219
20,111,1786609547.704111,0,1,44.719958,13.909816,37.232482,13.386882,-4.519526,0.790491,4.588136,2.078656,-0.022075,2.078773,2.968438,7.505714,13.916119
20,112,1786609547.744198,0,1,44.539016,13.940042,37.315660,13.386018,-4.523533,0.755642,4.586213,2.079432,-0.021603,2.079545,2.976074,7.244572,13.869457
20,113,1786609547.784078,0,1,44.358847,13.973868,37.398871,13.385177,-4.504240,0.845649,4.582936,2.080276,-0.021028,2.080382,2.956008,6.984828,15.467924
20,114,1786609547.824256,0,1,44.178556,14.006292,37.482118,13.384363,-4.507272,0.810617,4.579585,2.081181,-0.020358,2.081280,2.963648,6.725257,15.501562
20,115,1786609547.864170,0,1,43.999135,14.042289,37.565404,13.383579,-4.485534,0.899921,4.574918,2.082143,-0.019601,2.082235,2.943594,6.467364,17.190288
20,116,1786609547.904155,0,1,43.819619,14.076879,37.648730,13.382828,-4.487901,0.864744,4.570453,2.083157,-0.018764,2.083241,2.951242,6.209797,17.323475
20,117,1786609547.944130,0,1,43.641052,14.115012,37.732099,13.382114,-4.464153,0.953316,4.564808,2.084219,-0.017853,2.084295,2.931204,5.954232,19.124787
20,118,1786609547.984133,0,1,43.462399,14.151735,37.815512,13.381439,-4.466337,0.918078,4.559718,2.085325,-0.016875,2.085393,2.938861,5.699183,19.383456
20,119,1786609548.024150,0,1,43.283578,14.186391,37.898971,13.380806,-4.470525,0.866413,4.553709,2.086472,-0.015836,2.086532,2.950160,5.444535,19.477124
20,120,1786609548.064158,0,1,43.105624,14.223908,37.982477,13.380216,-4.448844,0.937928,4.546639,2.087657,-0.014740,2.087709,2.933810,5.192153,21.256718
20,121,1786609548.104112,0,1,42.927497,14.259365,38.066032,13.379672,-4.453182,0.886403,4.540544,2.088875,-0.013592,2.088920,2.945111,4.940415,21.514361
20,122,1786609548.144191,0,1,42.750236,14.297669,38.149637,13.379176,-4.431521,0.957612,4.533806,2.090126,-0.012398,2.090163,2.928774,4.691390,23.484059
20,123,1786609548.184156,0,1,42.572758,14.333926,38.233292,13.378723,-4.436954,0.906419,4.528593,2.091369,-0.011337,2.091400,2.940077,4.443352,23.959982
20,124,1786609548.224148,0,1,42.394939,14.367496,38.316996,13.378307,-4.445483,0.839250,4.524009,2.092606,-0.010397,2.092632,2.955001,4.196202,24.325800
20,125,1786609548.264128,0,1,42.216683,14.397735,38.400749,13.377924,-4.456402,0.755981,4.520069,2.093837,-0.009571,2.093859,2.973553,3.949856,24.590611
20,126,1786609548.304123,0,1,42.038837,14.429571,38.484552,13.377570,-4.446131,0.795887,4.516803,2.095063,-0.008850,2.095081,2.964462,3.706703,26.636577
20,127,1786609548.344022,0,1,41.860444,14.458101,38.568403,13.377241,-4.459825,0.713270,4.516503,2.096283,-0.008224,2.096299,2.983003,3.464938,27.262811
20,128,1786609548.384197,0,1,41.681415,14.482675,38.652303,13.376934,-4.475720,0.614346,4.517687,2.097499,-0.007687,2.097513,3.005183,3.224622,27.869698
20,129,1786609548.424157,0,1,41.501699,14.502628,38.736252,13.376644,-4.492908,0.498812,4.520513,2.098710,-0.007232,2.098722,3.031023,2.985890,28.489405
20,130,1786609548.464154,0,1,41.321837,14.522942,38.820248,13.376370,-4.496566,0.507853,4.525154,2.099917,-0.006852,2.099929,3.029127,2.751830,31.067573
20,131,1786609548.504188,0,1,41.141183,14.538626,38.904293,13.376109,-4.516345,0.392109,4.533334,2.101121,-0.006541,2.101131,3.054990,2.520937,32.422995
20,132,1786609548.544213,0,1,40.959724,14.548985,38.988386,13.375857,-4.536471,0.258969,4.543856,2.102322,-0.006295,2.102331,3.084569,2.293993,34.023788
20,133,1786609548.584153,0,1,40.777508,14.553301,39.072527,13.375613,-4.555387,0.107901,4.556665,2.103519,-0.006107,2.103528,3.117911,2.072176,35.991030
20,134,1786609548.624162,0,1,40.594648,14.553667,39.156715,13.375374,-4.571521,0.009153,4.571530,2.104714,-0.005974,2.104722,3.139590,1.859039,39.447144
20,135,1786609548.664148,0,1,40.411136,14.551518,39.240951,13.375138,-4.587797,-0.053737,4.588112,2.105905,-0.005891,2.105914,-3.129880,1.659277,44.480201
20,136,1786609548.704144,0,1,40.226955,14.547354,39.325235,13.374904,-4.604519,-0.104098,4.605695,2.107095,-0.005854,2.107103,-3.118989,1.479100,51.141361
20,137,1786609548.744175,0,1,40.042069,14.542554,39.409567,13.374669,-4.622154,-0.119991,4.623711,2.108282,-0.005859,2.108290,-3.115639,1.328162,60.073878
20,138,1786609548.784141,0,1,39.856482,14.536815,39.493945,13.374433,-4.639678,-0.143475,4.641896,2.109468,-0.005903,2.109476,-3.110679,1.217606,70.906547
20,139,1786609548.824168,0,1,39.670167,14.530924,39.578371,13.374194,-4.657863,-0.147286,4.660191,2.110651,-0.005983,2.110659,-3.109982,1.160366,83.651478
20,140,1786609548.864182,0,1,39.483137,14.524438,39.662845,13.373950,-4.675746,-0.162146,4.678556,2.111833,-0.006097,2.111841,-3.106928,1.164438,96.891802
20,141,1786609548.904201,0,1,39.295365,14.518090,39.747365,13.373701,-4.694298,-0.158699,4.696980,2.113013,-0.006240,2.113022,-3.107799,1.230419,109.616300
20,142,1786609548.944271,0,1,39.106867,14.511374,39.831933,13.373444,-4.712451,-0.167896,4.715441,2.114191,-0.006411,2.114201,-3.105980,1.349298,120.463969
20,143,1786609548.984242,0,1,38.917617,14.505015,39.916548,13.373180,-4.731267,-0.158964,4.733936,2.115369,-0.006608,2.115379,-3.108007,1.509608,129.506508
20,144,1786609549.024149,0,1,38.727632,14.498439,40.001209,13.372907,-4.749611,-0.164399,4.752455,2.116545,-0.006828,2.116556,-3.106993,1.699654,136.548736
20,145,1786609549.064157,0,1,38.536888,14.492388,40.085918,13.372624,-4.768598,-0.151284,4.770998,2.117720,-0.007070,2.117732,-3.109878,1.911378,142.320442
20,146,1786609549.104143,0,1,38.345405,14.486217,40.170674,13.372331,-4.787073,-0.154280,4.789558,2.118894,-0.007332,2.118907,-3.109375,2.138305,146.760087
20,147,1786609549.144026,0,1,38.153159,14.480699,40.255477,13.372026,-4.806159,-0.137948,4.808138,2.120067,-0.007611,2.120080,-3.112898,2.376740,150.550674
20,148,1786609549.184041,0,1,37.960170,14.475121,40.340325,13.371708,-4.824721,-0.139447,4.826736,2.121216,-0.007951,2.121231,-3.112698,2.623482,153.472551
20,149,1786609549.224025,0,1,37.766473,14.469345,40.425219,13.371374,-4.842422,-0.144406,4.844575,2.122342,-0.008346,2.122359,-3.111781,2.876537,155.852945
20,150,1786609549.264024,0,1,37.572094,14.463500,40.510157,13.371023,-4.859480,-0.146124,4.861676,2.123448,-0.008792,2.123466,-3.111532,3.134600,157.880691
20,151,1786609549.304081,0,1,37.377067,14.457421,40.595138,13.370651,-4.875691,-0.151985,4.878060,2.124536,-0.009284,2.124556,-3.110431,3.396624,159.554308
20,152,1786609549.344090,0,1,37.181413,14.451289,40.680162,13.370258,-4.891343,-0.153288,4.893744,2.125605,-0.009820,2.125628,-3.110264,3.661950,161.035111
20,153,1786609549.384089,0,1,36.985168,14.444864,40.765229,13.369843,-4.906121,-0.160628,4.908750,2.126659,-0.010394,2.126685,-3.108864,3.929953,162.249429
20,154,1786609549.424006,0,1,36.788349,14.438452,40.850337,13.369402,-4.920483,-0.160302,4.923093,2.127699,-0.011003,2.127727,-3.109026,4.200311,163.389097
20,155,1786609549.464106,0,1,36.590995,14.431620,40.935486,13.368937,-4.933838,-0.170795,4.936794,2.128725,-0.011646,2.128757,-3.106989,4.472571,164.272439
20,156,1786609549.504119,0,1,36.393603,14.425007,41.020675,13.368444,-4.934797,-0.165328,4.937565,2.129738,-0.012318,2.129774,-3.108103,4.746169,165.218566
20,157,1786609549.544094,0,1,36.196237,14.417681,41.105905,13.367923,-4.934168,-0.183144,4.937565,2.130740,-0.013017,2.130780,-3.104492,5.020641,165.805361
20,158,1786609549.584090,0,1,35.998844,14.411087,41.191174,13.367374,-4.934813,-0.164850,4.937565,2.131732,-0.013741,2.131776,-3.108200,5.296190,166.721122
20,159,1786609549.624077,0,1,35.801510,14.402933,41.276456,13.366794,-4.933356,-0.203851,4.937565,2.132035,-0.014483,2.132085,-3.100295,5.572128,166.917294
20,160,1786609549.664079,0,1,35.604098,14.396934,41.361737,13.366185,-4.935287,-0.149969,4.937565,2.132030,-0.015243,2.132085,-3.111215,5.849175,168.109736
20,161,1786609549.704082,0,1,35.406796,14.388035,41.447018,13.365544,-4.932550,-0.222482,4.937565,2.132024,-0.016020,2.132085,-3.096518,6.126154,167.809463
20,162,1786609549.744086,0,1,35.209394,14.381752,41.532299,13.364871,-4.935066,-0.157084,4.937565,2.132018,-0.016814,2.132085,-3.109773,6.404153,169.040531
20,163,1786609549.784074,0,1,35.012105,14.372568,41.617579,13.364166,-4.932225,-0.229592,4.937565,2.132012,-0.017623,2.132085,-3.095077,6.682003,168.654993
20,164,1786609549.824087,0,1,34.814711,14.366000,41.702859,13.363429,-4.934834,-0.164198,4.937565,2.132005,-0.018444,2.132085,-3.108332,6.960728,169.813028
20,165,1786609549.864033,0,1,34.617436,14.356532,41.788139,13.362657,-4.931888,-0.236702,4.937565,2.131998,-0.019277,2.132085,-3.093635,7.239252,169.361202
20,166,1786609549.904025,0,1,34.420052,14.349680,41.873419,13.361853,-4.934593,-0.171311,4.937565,2.131990,-0.020120,2.132085,-3.106890,7.518542,170.462037
20,167,1786609549.944019,0,1,34.222790,14.339927,41.958698,13.361014,-4.931542,-0.243811,4.937565,2.131982,-0.020972,2.132085,-3.092194,7.797598,169.957687
20,168,1786609549.983972,0,1,34.025417,14.332790,42.043977,13.360140,-4.934341,-0.178424,4.937565,2.131973,-0.021832,2.132085,-3.105449,8.077336,171.012924
20,169,1786609550.024013,0,1,33.828169,14.322753,42.129255,13.359233,-4.931186,-0.250920,4.937565,2.131964,-0.022698,2.132085,-3.090752,8.356818,170.466266
20,170,1786609550.064012,0,1,33.630806,14.315332,42.214534,13.358290,-4.934078,-0.185537,4.937565,2.131954,-0.023571,2.132085,-3.104007,8.636915,171.484593
20,171,1786609550.104009,0,1,33.433573,14.305011,42.299811,13.357312,-4.930819,-0.258028,4.937565,2.131945,-0.024448,2.132085,-3.089311,8.916743,170.903365
20,172,1786609550.144045,0,1,33.236221,14.297305,42.385089,13.356299,-4.933806,-0.192650,4.937565,2.131934,-0.025328,2.132085,-3.102566,9.197134,171.891410
20,173,1786609550.184043,0,1,33.039004,14.286699,42.470366,13.355259,-4.930442,-0.265136,4.937565,2.131926,-0.026002,2.132085,-3.087869,9.477245,171.281629
20,174,1786609550.224020,0,1,32.841663,14.278709,42.555643,13.354199,-4.933523,-0.199762,4.937565,2.131920,-0.026484,2.132085,-3.101124,9.757875,172.244677
20,175,1786609550.263998,0,1,32.644296,14.271387,42.640919,13.353128,-4.934172,-0.183037,4.937565,2.131916,-0.026791,2.132085,-3.104514,10.038709,172.627257
20,176,1786609550.303986,0,1,32.446885,14.265350,42.726196,13.352050,-4.935258,-0.150941,4.937565,2.131915,-0.026936,2.132085,-3.111018,10.319803,173.170902
20,177,1786609550.344023,0,1,32.249490,14.258854,42.811472,13.350973,-4.934894,-0.162398,4.937565,2.131915,-0.026932,2.132085,-3.108696,10.600930,173.202265
20,178,1786609550.384027,0,1,32.052010,14.255833,42.896749,13.349901,-4.936988,-0.075511,4.937565,2.131916,-0.026791,2.132085,-3.126299,10.882512,174.348526
20,179,1786609550.424020,0,1,31.854573,14.250768,42.982026,13.348840,-4.935941,-0.126646,4.937565,2.131920,-0.026524,2.132085,-3.115940,11.163946,173.896295
20,180,1786609550.464080,0,1,31.657076,14.249178,43.067303,13.347795,-4.937405,-0.039746,4.937565,2.131924,-0.026141,2.132085,-3.133543,11.445775,175.021913
20,181,1786609550.503974,0,1,31.459607,14.245542,43.152580,13.346769,-4.936729,-0.090888,4.937565,2.131930,-0.025651,2.132085,-3.123184,11.727464,174.549910
20,182,1786609550.544019,0,1,31.262105,14.245383,43.237856,13.345766,-4.937564,-0.003980,4.937565,2.131892,-0.025063,2.132040,-3.140787,12.009493,175.657836
20,183,1786609550.584014,0,1,31.064614,14.243178,43.323122,13.344791,-4.937258,-0.055125,4.937565,2.131667,-0.024382,2.131806,-3.130428,12.291384,175.168786
20,184,1786609550.624092,0,1,30.867116,14.244449,43.408373,13.343846,-4.937463,0.031787,4.937565,2.131268,-0.023616,2.131399,3.135155,12.573552,176.261432
20,185,1786609550.664087,0,1,30.669615,14.243675,43.493602,13.342935,-4.937527,-0.019359,4.937565,2.130710,-0.022773,2.130832,-3.137672,12.855581,175.757581
20,186,1786609550.704083,0,1,30.472131,14.246377,43.578802,13.342061,-4.937103,0.067552,4.937565,2.130006,-0.021858,2.130118,3.127911,13.137832,176.836945
20,187,1786609550.744086,0,1,30.274751,14.253339,43.663968,13.341226,-4.934497,0.174034,4.937565,2.129167,-0.020878,2.129270,3.106338,13.420250,178.122785
20,188,1786609550.784080,0,1,30.077330,14.259032,43.749097,13.340432,-4.935513,0.142342,4.937565,2.128205,-0.019839,2.128297,3.112760,13.702592,177.808073
20,189,1786609550.824100,0,1,29.879870,14.262681,43.834182,13.339682,-4.936496,0.091206,4.937339,2.127128,-0.018745,2.127211,3.123119,13.984804,177.274197
20,190,1786609550.864027,0,1,29.682536,14.269803,43.919220,13.338978,-4.933354,0.178053,4.936566,2.125946,-0.017601,2.126019,3.105517,14.267081,178.326209
20,191,1786609550.904016,0,1,29.485190,14.274879,44.004206,13.338322,-4.933655,0.126907,4.935287,2.124668,-0.016412,2.124732,3.115876,14.549192,177.782702
20,192,1786609550.944014,0,1,29.288035,14.283424,44.089138,13.337715,-4.928864,0.213637,4.933491,2.123302,-0.015181,2.123356,3.098276,14.831285,178.825962
20,193,1786609550.984034,0,1,29.090894,14.289924,44.174013,13.337158,-4.928541,0.162489,4.931219,2.121853,-0.013913,2.121899,3.108636,15.113181,178.273862
20,194,1786609551.024103,0,1,28.894007,14.299886,44.258826,13.336654,-4.922163,0.249039,4.928459,2.120330,-0.012611,2.120368,3.091040,15.394982,179.309213
20,195,1786609551.063978,0,1,28.697156,14.307801,44.343575,13.336203,-4.921271,0.197896,4.925248,2.118737,-0.011279,2.118767,3.101402,15.676557,178.749414
20,196,1786609551.104019,0,1,28.500622,14.319170,44.428259,13.335806,-4.913363,0.284206,4.921576,2.117081,-0.009919,2.117105,3.083813,15.957964,179.777577
20,197,1786609551.144031,0,1,28.304144,14.328493,44.512873,13.335465,-4.911950,0.233076,4.917476,2.115367,-0.008533,2.115384,3.094177,16.239120,179.210852
20,198,1786609551.184044,0,1,28.108041,14.341256,44.597429,13.335166,-4.902565,0.319091,4.912938,2.113884,-0.007465,2.113897,3.076598,16.520052,179.767604
20,199,1786609551.223994,0,1,27.911970,14.351978,44.681933,13.334898,-4.901780,0.268042,4.909103,2.112614,-0.006688,2.112625,3.086964,16.800777,179.659292
20,200,1786609551.263988,0,1,27.715893,14.359892,44.766395,13.334651,-4.901935,0.197837,4.905926,2.111540,-0.006180,2.111550,3.101256,17.081298,178.870115
20,201,1786609551.303984,0,1,27.519804,14.364229,44.850821,13.334414,-4.902213,0.108430,4.903412,2.110647,-0.005919,2.110656,3.119478,17.361585,177.866556
20,202,1786609551.344010,0,1,27.323741,14.364219,44.935217,13.334179,-4.901573,-0.000243,4.901573,2.109920,-0.005886,2.109928,-3.141543,17.641572,176.649925
20,203,1786609551.384016,0,1,27.127727,14.365349,45.019591,13.333936,-4.900347,0.028242,4.900429,2.109346,-0.006063,2.109355,3.135829,17.921568,177.030933
20,204,1786609551.423993,0,1,26.931758,14.362135,45.103948,13.333679,-4.899245,-0.080330,4.899904,2.108912,-0.006433,2.108922,-3.125198,18.201270,175.821433
20,205,1786609551.464086,0,1,26.735766,14.360062,45.188292,13.333400,-4.899785,-0.051842,4.900059,2.108607,-0.006979,2.108619,-3.131013,18.481065,176.209266
20,206,1786609551.504036,0,1,26.539838,14.353645,45.272629,13.333092,-4.898194,-0.160412,4.900820,2.108422,-0.007688,2.108436,-3.108855,18.760570,175.005913
20,207,1786609551.544028,0,1,26.343820,14.348366,45.356963,13.332751,-4.900469,-0.131971,4.902245,2.108345,-0.008547,2.108363,-3.114669,19.040249,175.399743
20,208,1786609551.584112,0,1,26.147792,14.340877,45.441298,13.332369,-4.900685,-0.187224,4.904260,2.108370,-0.009542,2.108391,-3.103408,19.319846,174.819923
20,209,1786609551.624023,0,1,25.951603,14.335048,45.525637,13.331942,-4.904732,-0.145743,4.906897,2.108487,-0.010663,2.108514,-3.111887,19.599720,175.364320
20,210,1786609551.664031,0,1,25.755436,14.325393,45.609985,13.331466,-4.904178,-0.241374,4.910114,2.108689,-0.011899,2.108723,-3.092414,19.879411,174.316432
20,211,1786609551.704044,0,1,25.559085,14.316371,45.694343,13.330937,-4.908765,-0.225545,4.913944,2.108970,-0.013239,2.109011,-3.095677,20.159358,174.567394
20,212,1786609551.744009,0,1,25.362789,14.303260,45.778716,13.330350,-4.907413,-0.327768,4.918346,2.109322,-0.014676,2.109373,-3.074901,20.439096,173.450536
20,213,1786609551.784020,0,1,25.166203,14.291549,45.863106,13.329702,-4.914640,-0.292788,4.923354,2.109741,-0.016200,2.109803,-3.082088,20.719241,173.929860
20,214,1786609551.824025,0,1,24.969682,14.275735,45.947515,13.328990,-4.913026,-0.395352,4.928908,2.110221,-0.017804,2.110296,-3.061295,20.999185,172.815261
20,215,1786609551.864039,0,1,24.772808,14.261313,46.031945,13.328210,-4.921862,-0.360533,4.935049,2.110758,-0.019480,2.110848,-3.068472,21.279605,173.297289
20,216,1786609551.904017,0,1,24.576176,14.242788,46.116399,13.327362,-4.915798,-0.463125,4.937565,2.111346,-0.021222,2.111452,-3.047658,21.559666,172.184436
20,217,1786609551.944083,0,1,24.379416,14.225673,46.200878,13.326441,-4.918991,-0.427877,4.937565,2.111981,-0.023024,2.112107,-3.054826,21.839982,172.668908
20,218,1786609551.984042,0,1,24.182965,14.205317,46.285384,13.325445,-4.911269,-0.508906,4.937565,2.112660,-0.024879,2.112807,-3.038341,22.119926,171.804451
20,219,1786609552.024079,0,1,23.986354,14.186579,46.369920,13.324374,-4.915294,-0.468444,4.937565,2.113380,-0.026782,2.113549,-3.046576,22.400166,172.350048
20,220,1786609552.064029,0,1,23.790150,14.163964,46.454485,13.323225,-4.905089,-0.565378,4.937565,2.114136,-0.028729,2.114331,-3.026835,22.679924,171.300469
20,221,1786609552.104017,0,1,23.593767,14.142966,46.539082,13.321996,-4.909579,-0.524965,4.937565,2.114927,-0.030714,2.115150,-3.035071,22.959998,171.847603
20,222,1786609552.143961,0,1,23.397697,14.119218,46.623712,13.320687,-4.901742,-0.593697,4.937565,2.115749,-0.032734,2.116002,-3.021060,23.239738,171.124895
20,223,1786609552.184029,0,1,23.201407,14.097363,46.708367,13.319321,-4.907242,-0.546378,4.937565,2.116359,-0.034159,2.116635,-3.030708,23.519831,171.751084
20,224,1786609552.223987,0,1,23.005389,14.073196,46.793038,13.317919,-4.900463,-0.604166,4.937565,2.116775,-0.035038,2.117065,-3.018924,23.799636,171.153037
20,225,1786609552.263983,0,1,22.809111,14.051238,46.877718,13.316503,-4.906955,-0.548945,4.937565,2.117012,-0.035413,2.117308,-3.030185,24.079819,171.868310
20,226,1786609552.303967,0,1,22.612820,14.029393,46.962401,13.315090,-4.907270,-0.546125,4.937565,2.117085,-0.035323,2.117379,-3.030760,24.360056,171.969435
20,227,1786609552.344012,0,1,22.416337,14.009351,47.047082,13.313698,-4.912076,-0.501065,4.937565,2.117006,-0.034807,2.117292,-3.039938,24.640567,172.557803
20,228,1786609552.384009,0,1,22.220154,13.986561,47.131753,13.312342,-4.904585,-0.569736,4.937565,2.116788,-0.033897,2.117059,-3.025947,24.920722,171.823690
20,229,1786609552.424045,0,1,22.023671,13.966513,47.216411,13.311037,-4.912060,-0.501213,4.937565,2.116441,-0.032626,2.116693,-3.039907,25.201265,172.683455
20,230,1786609552.464076,0,1,21.826861,13.949988,47.301050,13.309796,-4.920252,-0.413127,4.937565,2.115977,-0.031023,2.116204,-3.057825,25.482232,173.760847
20,231,1786609552.504092,0,1,21.630227,13.931486,47.385666,13.308631,-4.915854,-0.462532,4.937565,2.115404,-0.029115,2.115604,-3.047779,25.762969,173.239537
20,232,1786609552.544097,0,1,21.433293,13.916511,47.470255,13.307554,-4.923351,-0.374384,4.937565,2.114731,-0.026928,2.114903,-3.065696,26.044083,174.311655
20,233,1786609552.584092,0,1,21.236519,13.899558,47.554814,13.306575,-4.919342,-0.423822,4.937565,2.113967,-0.024484,2.114109,-3.055651,26.324974,173.785160
20,234,1786609552.624088,0,1,21.039500,13.886135,47.639339,13.305702,-4.925487,-0.335573,4.936905,2.113118,-0.021807,2.113231,-3.073568,26.606171,174.852416
20,235,1786609552.664095,0,1,20.842694,13.870739,47.723826,13.304946,-4.920131,-0.384900,4.935164,2.112191,-0.018914,2.112276,-3.063522,26.887086,174.321098
20,236,1786609552.704030,0,1,20.645758,13.858878,47.808274,13.304313,-4.923415,-0.296533,4.932337,2.111193,-0.015826,2.111252,-3.081436,27.168177,175.383674
20,237,1786609552.744001,0,1,20.449104,13.845049,47.892679,13.303810,-4.916350,-0.345716,4.928491,2.110129,-0.012560,2.110167,-3.071389,27.448912,174.847772
20,238,1786609552.784015,0,1,20.252428,13.834754,47.977039,13.303445,-4.916888,-0.257377,4.923619,2.109005,-0.009132,2.109024,-3.089295,27.729702,175.905691
20,239,1786609552.824059,0,1,20.056099,13.822497,48.061352,13.303223,-4.908232,-0.306420,4.917787,2.107824,-0.005556,2.107832,-3.079244,28.010067,175.365417
20,240,1786609552.864031,0,1,19.859854,13.813767,48.145616,13.303149,-4.906135,-0.218248,4.910987,2.106593,-0.001846,2.106594,-3.097137,28.290371,176.418699
20,241,1786609552.904028,0,1,19.664014,13.803081,48.229829,13.303228,-4.895998,-0.267153,4.903282,2.105314,0.001984,2.105315,-3.087081,28.570188,175.874248
20,242,1786609552.944041,0,1,19.468359,13.795910,48.313988,13.303465,-4.891378,-0.179277,4.894662,2.103992,0.005923,2.104001,-3.104957,28.849833,176.922907
20,243,1786609552.984072,0,1,19.273164,13.786788,48.398094,13.303864,-4.879864,-0.228045,4.885189,2.102631,0.009959,2.102654,-3.094895,29.128933,176.374464
20,244,1786609553.024017,0,1,19.078529,13.774966,48.482143,13.304427,-4.865885,-0.295563,4.874854,2.101232,0.014083,2.101279,-3.080925,29.407379,175.607202
20,245,1786609553.064071,0,1,18.884193,13.765878,48.566135,13.305158,-4.858382,-0.227207,4.863692,2.099800,0.018284,2.099879,-3.094861,29.685517,176.433196
20,246,1786609553.104081,0,1,18.690205,13.760269,48.650068,13.306060,-4.849703,-0.140211,4.851729,2.098336,0.022554,2.098457,-3.112690,29.963306,177.475403
20,247,1786609553.144027,0,1,18.496792,13.752726,48.733942,13.307136,-4.835332,-0.188590,4.839008,2.096844,0.026885,2.097017,-3.102610,30.240433,176.922174
20,248,1786609553.184035,0,1,18.303815,13.748637,48.817770,13.308360,-4.824434,-0.102214,4.825517,2.095701,0.030606,2.095925,-3.120409,30.517132,177.959623
20,249,1786609553.224017,0,1,18.111387,13.742617,48.901565,13.309711,-4.810686,-0.150497,4.813040,2.094879,0.033764,2.095152,-3.110319,30.793221,177.402633
20,250,1786609553.263985,0,1,17.919344,13.740023,48.985339,13.311167,-4.801085,-0.064845,4.801523,2.094353,0.036401,2.094669,-3.128087,31.068956,178.435288
20,251,1786609553.304021,0,1,17.727758,13.735500,49.069103,13.312709,-4.789634,-0.113081,4.790968,2.094098,0.038558,2.094453,-3.117988,31.344197,177.874659
20,252,1786609553.344030,0,1,17.536640,13.728323,49.152867,13.314320,-4.777952,-0.179433,4.781320,2.094094,0.040271,2.094481,-3.104056,31.618937,177.099085
20,253,1786609553.384031,0,1,17.345791,13.723811,49.236640,13.315983,-4.771234,-0.112804,4.772567,2.094319,0.041573,2.094731,-3.117954,31.893457,177.912958
20,254,1786609553.423967,0,1,17.155338,13.716653,49.320430,13.317683,-4.761324,-0.178930,4.764685,2.094756,0.042497,2.095187,-3.104030,32.167566,177.137187
20,255,1786609553.464057,0,1,16.965085,13.712149,49.404246,13.319405,-4.756317,-0.112605,4.757650,2.095387,0.043071,2.095830,-3.117922,32.441538,177.950130
20,256,1786609553.504036,0,1,16.775162,13.705007,49.488094,13.321138,-4.748084,-0.178558,4.751440,2.096198,0.043323,2.096646,-3.104004,32.715184,177.174030
20,257,1786609553.544034,0,1,16.585374,13.700508,49.571980,13.322869,-4.744700,-0.112480,4.746033,2.097173,0.043277,2.097620,-3.117891,32.988768,177.986069
20,258,1786609553.584030,0,1,16.395852,13.693375,49.655912,13.324588,-4.738053,-0.178308,4.741407,2.098300,0.042957,2.098740,-3.103977,33.262105,177.209527
20,259,1786609553.624027,0,1,16.206404,13.688878,49.739895,13.326283,-4.736207,-0.112425,4.737541,2.099567,0.042385,2.099994,-3.117860,33.535452,178.020699
20,260,1786609553.664015,0,1,16.017161,13.681751,49.823934,13.327946,-4.731061,-0.178174,4.734415,2.100961,0.041580,2.101373,-3.103950,33.808624,177.243619
20,261,1786609553.704001,0,1,15.827934,13.677254,49.908033,13.329569,-4.730672,-0.112436,4.732008,2.102474,0.040562,2.102865,-3.117830,34.081872,178.053970
20,262,1786609553.744023,0,1,15.638856,13.670128,49.992196,13.331143,-4.726947,-0.178152,4.730302,2.104095,0.039346,2.104463,-3.103922,34.355012,177.276272
