time_step,object_id,user_type,tl_x,tl_y,br_x,br_y,__file__,x_m,y_m
0,0,1,36.879,10.122,35.828,9.363,P2_02_03_08.csv,36.3535,9.7425
1,0,1,36.907,10.15,35.809,9.354,P2_02_03_08.csv,36.35650993377483,9.748854304635762
2,0,1,36.861,10.132,35.762,9.336,P2_02_03_08.csv,36.328742167099826,9.740683909659522
3,0,1,36.814,10.151,35.716,9.355,P2_02_03_08.csv,36.287907965226154,9.747122099161404
4,0,1,36.758,10.142,35.66,9.346,P2_02_03_08.csv,36.2372491480985,9.746080724880034
5,0,1,36.721,10.143,35.622,9.347,P2_02_03_08.csv,36.19090913873832,9.745864775883684
6,0,1,36.665,10.144,35.566,9.347,P2_02_03_08.csv,36.13913087986598,9.745909936653222
7,0,1,36.628,10.153,35.529,9.357,P2_02_03_08.csv,36.09201918608496,9.749844772718308
8,0,1,36.6,10.135,35.501,9.339,P2_02_03_08.csv,36.051618876520266,9.745414321173355
9,0,1,36.553,10.154,35.454,9.358,P2_02_03_08.csv,36.00860491800005,9.749427824488677
10,0,1,36.516,10.164,35.417,9.368,P2_02_03_08.csv,35.96749717256693,9.756165566758606
11,0,1,36.422,10.035,35.323,9.238,P2_02_03_08.csv,35.90659445811404,9.712833578259454
12,0,1,36.423,10.165,35.324,9.369,P2_02_03_08.csv,35.8660296754789,9.728093539517017
13,0,1,36.386,10.166,35.287,9.369,P2_02_03_08.csv,35.82736315368364,9.740927863877323
14,0,1,36.368,10.212,35.268,9.416,P2_02_03_08.csv,35.79685748201174,9.768277176011203
15,0,1,36.311,10.194,35.212,9.398,P2_02_03_08.csv,35.75843925112511,9.782522721873255
16,0,1,36.274,10.204,35.175,9.408,P2_02_03_08.csv,35.72078730544551,9.796273325405076
17,0,1,36.228,10.205,35.128,9.408,P2_02_03_08.csv,35.6801672385958,9.80591029532406
18,0,1,36.181,10.205,35.082,9.409,P2_02_03_08.csv,35.63720622216208,9.812224288228833
19,0,1,36.125,10.197,35.026,9.4,P2_02_03_08.csv,35.58898285028481,9.812659612081585
20,0,1,36.088,10.188,34.988,9.391,P2_02_03_08.csv,35.543642580954106,9.808490232049804
21,0,1,36.032,10.179,34.932,9.383,P2_02_03_08.csv,35.49392323607973,9.801215181659286
22,0,1,35.994,10.17,34.895,9.374,P2_02_03_08.csv,35.447762308839344,9.791698158990556
23,0,1,35.938,10.171,34.839,9.374,P2_02_03_08.csv,35.39771443360113,9.784309690191439
24,0,1,35.901,10.172,34.801,9.375,P2_02_03_08.csv,35.3515609442021,9.779075853966114
25,0,1,35.864,10.2,34.764,9.403,P2_02_03_08.csv,35.30873772469539,9.785652144257728
26,0,1,35.827,10.191,34.727,9.394,P2_02_03_08.csv,35.26847955467748,9.787744726440943
27,0,1,35.789,10.201,34.69,9.404,P2_02_03_08.csv,35.229915257473316,9.79313049460828
28,0,1,35.752,10.211,34.652,9.414,P2_02_03_08.csv,35.19250489749105,9.800961912930752
29,0,1,35.715,10.211,34.615,9.414,P2_02_03_08.csv,35.15600026258201,9.806822748258092
30,0,1,35.678,10.212,34.578,9.415,P2_02_03_08.csv,35.120028068839304,9.811342546304719
31,0,1,35.64,10.221,34.541,9.425,P2_02_03_08.csv,35.084126005925725,9.817869898561943
32,0,1,35.584,10.222,34.484,9.425,P2_02_03_08.csv,35.041136210345364,9.82258266160087
33,0,1,35.547,10.241,34.447,9.444,P2_02_03_08.csv,34.99978776137677,9.83263582266632
34,0,1,35.491,10.223,34.391,9.426,P2_02_03_08.csv,34.952815982181974,9.833129925220916
35,0,1,35.435,10.243,34.335,9.446,P2_02_03_08.csv,34.901576779042266,9.840129893720256
36,0,1,35.398,10.252,34.298,9.455,P2_02_03_08.csv,34.85427026388606,9.84821447438066
37,0,1,35.342,10.281,34.242,9.484,P2_02_03_08.csv,34.80326037441229,9.864430246939692
38,0,1,35.305,10.272,34.205,9.475,P2_02_03_08.csv,34.75652104374348,9.872785045751163
39,0,1,35.268,10.282,34.167,9.485,P2_02_03_08.csv,34.71306727283931,9.881803214566313
40,0,1,35.211,10.264,34.111,9.467,P2_02_03_08.csv,34.6651557394774,9.880994973312141
41,0,1,35.174,10.274,34.074,9.477,P2_02_03_08.csv,34.620936943580546,9.882940425511437
42,0,1,35.137,10.293,34.037,9.496,P2_02_03_08.csv,34.57962299467371,9.890582474800528
43,0,1,35.1,10.293,33.999,9.496,P2_02_03_08.csv,34.54030133824783,9.895718273243236
44,0,1,35.063,10.312,33.962,9.515,P2_02_03_08.csv,34.50256652670111,9.905868814501542
45,0,1,35.025,10.322,33.925,9.525,P2_02_03_08.csv,34.46570755357912,9.916570191030932
46,0,1,34.988,10.332,33.888,9.535,P2_02_03_08.csv,34.429534919456366,9.927563589371024
47,0,1,34.932,10.333,33.831,9.535,P2_02_03_08.csv,34.38654045935367,9.935159894622563
48,0,1,34.895,10.333,33.794,9.536,P2_02_03_08.csv,34.34535558353098,9.940047729705483
49,0,1,34.839,10.343,33.738,9.546,P2_02_03_08.csv,34.29864059394975,9.946379553636868
50,0,1,34.783,10.334,33.682,9.537,P2_02_03_08.csv,34.2476966248845,9.94690940389246
51,0,1,34.727,10.344,33.626,9.547,P2_02_03_08.csv,34.193681114874096,9.950024231448213
52,0,1,34.689,10.326,33.588,9.529,P2_02_03_08.csv,34.144205173997356,9.944994837641897
53,0,1,34.633,10.327,33.532,9.53,P2_02_03_08.csv,34.09187059593531,9.940798341924136
54,0,1,34.596,10.318,33.495,9.521,P2_02_03_08.csv,34.04444512348578,9.933853692179424
55,0,1,34.539,10.309,33.439,9.512,P2_02_03_08.csv,33.9937578126305,9.925010786744004
56,0,1,34.502,10.31,33.401,9.513,P2_02_03_08.csv,33.947554449271045,9.918643867363459
57,0,1,34.465,10.329,33.364,9.532,P2_02_03_08.csv,33.9050577345216,9.921061765564295
58,0,1,34.427,10.311,33.326,9.513,P2_02_03_08.csv,33.86496913443044,9.91651743880584
59,0,1,34.39,10.33,33.289,9.532,P2_02_03_08.csv,33.82693544667711,9.920294648262486
60,0,1,34.353,10.321,33.252,9.524,P2_02_03_08.csv,33.79028118517917,9.92039601535053
61,0,1,34.315,10.331,33.214,9.533,P2_02_03_08.csv,33.75410161736113,9.924129702157805
62,0,1,34.259,10.332,33.158,9.534,P2_02_03_08.csv,33.71144073407509,9.927480852621775
63,0,1,34.203,10.351,33.102,9.553,P2_02_03_08.csv,33.663628244584075,9.93704004459246
64,0,1,34.166,10.333,33.065,9.535,P2_02_03_08.csv,33.618917974235586,9.937627187383736
65,0,1,34.129,10.352,33.027,9.554,P2_02_03_08.csv,33.57659445569805,9.944714699077018
66,0,1,34.073,10.343,32.971,9.546,P2_02_03_08.csv,33.52934028384329,9.946713619607298
67,0,1,34.035,10.372,32.934,9.574,P2_02_03_08.csv,33.48509911730558,9.958307241072283
68,0,1,33.979,10.354,32.878,9.556,P2_02_03_08.csv,33.436475027081336,9.960157516934066
69,0,1,33.923,10.392,32.822,9.594,P2_02_03_08.csv,33.38449788226677,9.97492590862065
70,0,1,33.886,10.374,32.784,9.576,P2_02_03_08.csv,33.336904967484266,9.979049125076147
71,0,1,33.849,10.393,32.747,9.595,P2_02_03_08.csv,33.29306615546854,9.988335483391657
72,0,1,33.793,10.403,32.691,9.605,P2_02_03_08.csv,33.2451357000493,9.998335027207414
73,0,1,33.755,10.412,32.653,9.615,P2_02_03_08.csv,33.20061731954629,10.008600507909934
74,0,1,33.718,10.394,32.616,9.596,P2_02_03_08.csv,33.15913963457753,10.008649840666523
75,0,1,33.68,10.413,32.579,9.616,P2_02_03_08.csv,33.11975301483544,10.014785816210376
76,0,1,33.643,10.423,32.541,9.625,P2_02_03_08.csv,33.08183641508949,10.022139351847317
77,0,1,33.587,10.424,32.485,9.626,P2_02_03_08.csv,33.038060263817854,10.027298264277826
78,0,1,33.531,10.425,32.429,9.627,P2_02_03_08.csv,32.989613648342264,10.030741233550907
79,0,1,33.475,10.435,32.373,9.637,P2_02_03_08.csv,32.93761834870426,10.03622497424046
80,0,1,33.419,10.426,32.317,9.628,P2_02_03_08.csv,32.88306452162034,10.03635088294214
81,0,1,33.381,10.436,32.279,9.638,P2_02_03_08.csv,32.83341690824396,10.039374256956881
82,0,1,33.325,10.427,32.223,9.629,P2_02_03_08.csv,32.78115576571179,10.03777613064177
83,0,1,33.288,10.428,32.185,9.63,P2_02_03_08.csv,32.73376829086857,10.036359132949341
84,0,1,33.231,10.428,32.129,9.63,P2_02_03_08.csv,32.683238201581794,10.034879841112463
85,0,1,33.175,10.41,32.073,9.612,P2_02_03_08.csv,32.63043413909051,10.026842406435645
86,0,1,33.119,10.392,32.016,9.594,P2_02_03_08.csv,32.575756208970965,10.013873148123071
87,0,1,33.081,10.402,31.979,9.604,P2_02_03_08.csv,32.52675554699003,10.00771385916475
88,0,1,33.044,10.393,31.942,9.595,P2_02_03_08.csv,32.482437153370405,10.000132698125846
89,0,1,33.007,10.394,31.904,9.596,P2_02_03_08.csv,32.44147188163357,9.99522801842738
90,0,1,32.969,10.394,31.867,9.596,P2_02_03_08.csv,32.40289881575664,9.99211350962305
91,0,1,32.913,10.404,31.81,9.606,P2_02_03_08.csv,32.358916203471736,9.994063487220338
92,0,1,32.857,10.386,31.754,9.588,P2_02_03_08.csv,32.31070824131397,9.98952714499731
93,0,1,32.819,10.405,31.717,9.607,P2_02_03_08.csv,32.26603433585737,9.99346753449727
94,0,1,32.763,10.387,31.66,9.589,P2_02_03_08.csv,32.217156493832825,9.990314573425536
95,0,1,32.707,10.397,31.604,9.599,P2_02_03_08.csv,32.16520337167162,9.991827023742731
96,0,1,32.67,10.417,31.567,9.618,P2_02_03_08.csv,32.117992276782125,10.000461712382899
97,0,1,32.614,10.427,31.511,9.628,P2_02_03_08.csv,32.06758117436113,10.010953554042107
98,0,1,32.576,10.408,31.473,9.61,P2_02_03_08.csv,32.021342149241065,10.012071203231981
99,0,1,32.52,10.428,31.417,9.629,P2_02_03_08.csv,31.971755294346053,10.019722149894006
100,0,1,32.482,10.419,31.379,9.62,P2_02_03_08.csv,31.926181703747755,10.021931567120607
101,0,1,32.426,10.42,31.323,9.621,P2_02_03_08.csv,31.877107150279645,10.023501888019357
102,0,1,32.389,10.42,31.286,9.622,P2_02_03_08.csv,31.832277167335516,10.024439080508278
103,0,1,32.351,10.43,31.248,9.631,P2_02_03_08.csv,31.790380286942533,10.028260009710875
104,0,1,32.314,10.412,31.21,9.613,P2_02_03_08.csv,31.750829085165496,10.024213840500979
105,0,1,32.258,10.431,31.154,9.632,P2_02_03_08.csv,31.7061010248725,10.02773375173629
106,0,1,32.22,10.422,31.117,9.624,P2_02_03_08.csv,31.664029824347455,10.027121334712366
107,0,1,32.164,10.423,31.06,9.624,P2_02_03_08.csv,31.616994102226208,10.026591588903369
108,0,1,32.126,10.423,31.023,9.625,P2_02_03_08.csv,31.573077262452713,10.026195853278898
109,0,1,32.07,10.433,30.967,9.635,P2_02_03_08.csv,31.524818571148995,10.029458410765004
110,0,1,32.033,10.415,30.929,9.616,P2_02_03_08.csv,31.480024418149867,10.02505826481499
111,0,1,31.995,10.416,30.892,9.617,P2_02_03_08.csv,31.437997034451968,10.021889624292234
112,0,1,31.939,10.407,30.835,9.608,P2_02_03_08.csv,31.391071035076155,10.016142807527391
113,0,1,31.901,10.398,30.798,9.599,P2_02_03_08.csv,31.347296807309547,10.008509870256438
114,0,1,31.863,10.371,30.76,9.572,P2_02_03_08.csv,31.305826513379923,9.99294122573653
115,0,1,31.807,10.362,30.703,9.563,P2_02_03_08.csv,31.259265761207985,9.978090732387452
116,0,1,31.769,10.334,30.666,9.536,P2_02_03_08.csv,31.215706646995233,9.957337773801244
117,0,1,31.732,10.326,30.628,9.527,P2_02_03_08.csv,31.174523936430415,9.939327459590727
118,0,1,31.694,10.317,30.591,9.518,P2_02_03_08.csv,31.1351340927688,9.923619915649795
119,0,1,31.657,10.317,30.553,9.518,P2_02_03_08.csv,31.0970262685704,9.91321726834891
120,0,1,31.619,10.318,30.515,9.519,P2_02_03_08.csv,31.059591752517754,9.907358906287646
121,0,1,31.582,10.299,30.478,9.5,P2_02_03_08.csv,31.022906060748504,9.897540620917317
122,0,1,31.544,10.3,30.44,9.501,P2_02_03_08.csv,30.98629945228807,9.891866571990697
123,0,1,31.507,10.31,30.403,9.511,P2_02_03_08.csv,30.950000744217345,9.89265730119374
124,0,1,31.45,10.301,30.346,9.502,P2_02_03_08.csv,30.90646697078108,9.891256018916899
125,0,1,31.413,10.283,30.309,9.484,P2_02_03_08.csv,30.86466936472562,9.884548955104906
126,0,1,31.375,10.283,30.271,9.484,P2_02_03_08.csv,30.82398033365318,9.880231348766063
127,0,1,31.337,10.265,30.233,9.466,P2_02_03_08.csv,30.784204818809602,9.871128942994668
128,0,1,31.281,10.266,30.177,9.467,P2_02_03_08.csv,30.738510740068012,9.865303906629523
129,0,1,31.244,10.257,30.139,9.458,P2_02_03_08.csv,30.695082027556534,9.858403340605232
130,0,1,31.206,10.267,30.102,9.468,P2_02_03_08.csv,30.65355453915519,9.857662006391472
131,0,1,31.169,10.267,30.064,9.468,P2_02_03_08.csv,30.613547324709543,9.857975672201661
132,0,1,31.131,10.268,30.027,9.468,P2_02_03_08.csv,30.574699091413148,9.859114794740607
133,0,1,31.094,10.277,29.989,9.478,P2_02_03_08.csv,30.536689663023967,9.864042434387104
134,0,1,31.037,10.278,29.933,9.479,P2_02_03_08.csv,30.492245220947606,9.86859128141917
135,0,1,31.0,10.297,29.896,9.498,P2_02_03_08.csv,30.44996977173452,9.879255370142364
136,0,1,30.962,10.288,29.858,9.489,P2_02_03_08.csv,30.409114113314715,9.88411921063923
137,0,1,30.925,10.289,29.82,9.49,P2_02_03_08.csv,30.369566028494262,9.88790658284654
138,0,1,30.868,10.289,29.764,9.49,P2_02_03_08.csv,30.32400112442424,9.890424208212298
139,0,1,30.831,10.281,29.726,9.481,P2_02_03_08.csv,30.280773908545857,9.888806352973862
140,0,1,30.774,10.272,29.67,9.473,P2_02_03_08.csv,30.232472525170436,9.884030889579487
141,0,1,30.737,10.282,29.632,9.482,P2_02_03_08.csv,30.187321366616427,9.883602404064614
142,0,1,30.699,10.273,29.595,9.474,P2_02_03_08.csv,30.14476691291852,9.880070742410007
143,0,1,30.643,10.264,29.538,9.465,P2_02_03_08.csv,30.097248358006517,9.874000899389173
144,0,1,30.605,10.237,29.501,9.437,P2_02_03_08.csv,30.052887314436454,9.859275154965507
145,0,1,30.549,10.228,29.444,9.429,P2_02_03_08.csv,30.00405975753015,9.845074879091499
146,0,1,30.511,10.2,29.406,9.401,P2_02_03_08.csv,29.95862350995486,9.824469872943526
147,0,1,30.455,10.182,29.35,9.383,P2_02_03_08.csv,29.90928273818763,9.802920764543158
148,0,1,30.417,10.155,29.312,9.355,P2_02_03_08.csv,29.863584229301722,9.777555107005691
149,0,1,30.379,10.165,29.274,9.365,P2_02_03_08.csv,29.820796817878136,9.763436160779934
150,0,1,30.342,10.156,29.237,9.356,P2_02_03_08.csv,29.780596293468285,9.75132875508047
151,0,1,30.304,10.175,29.199,9.375,P2_02_03_08.csv,29.741914518485068,9.751061378286147
152,0,1,30.267,10.157,29.162,9.357,P2_02_03_08.csv,29.704614407730833,9.746158275678416
153,0,1,30.229,10.167,29.124,9.367,P2_02_03_08.csv,29.667841719635504,9.74761117460373
154,0,1,30.173,10.167,29.068,9.368,P2_02_03_08.csv,29.62466813112086,9.750253296773579
155,0,1,30.135,10.158,29.03,9.359,P2_02_03_08.csv,29.583070793845817,9.74997346928235
156,0,1,30.097,10.149,28.992,9.35,P2_02_03_08.csv,29.54275439293128,9.74715611140021
157,0,1,30.041,10.16,28.936,9.36,P2_02_03_08.csv,29.496794361724817,9.749434915032293
158,0,1,30.003,10.141,28.898,9.342,P2_02_03_08.csv,29.45311005427944,9.74489231015873
159,0,1,29.966,10.151,28.861,9.351,P2_02_03_08.csv,29.41168277681814,9.745257484301746
160,0,1,29.928,10.161,28.823,9.361,P2_02_03_08.csv,29.371663477491083,9.749631159666674
161,0,1,29.872,10.171,28.767,9.371,P2_02_03_08.csv,29.326057144804167,9.756982497857525
162,0,1,29.834,10.106,28.73,9.465,P2_02_03_08.csv,29.28291850623688,9.76808321380952
163,0,1,29.797,10.116,28.692,9.475,P2_02_03_08.csv,29.241785776252122,9.780161966022495
164,0,1,29.759,10.126,28.655,9.485,P2_02_03_08.csv,29.20220804333626,9.792692998155603
165,0,1,29.722,10.154,28.617,9.513,P2_02_03_08.csv,29.163777088183817,9.811944810205459
166,0,1,29.684,10.145,28.579,9.504,P2_02_03_08.csv,29.125959735689197,9.822493239561311
167,0,1,29.646,10.155,28.542,9.514,P2_02_03_08.csv,29.08869958980647,9.832998918190167
168,0,1,29.609,10.165,28.504,9.524,P2_02_03_08.csv,29.05177215842841,9.843437428875887
169,0,1,29.571,10.175,28.467,9.534,P2_02_03_08.csv,29.015009280694763,9.853798693541002
170,0,1,29.534,10.166,28.429,9.525,P2_02_03_08.csv,28.978291719697438,9.857077447871779
171,0,1,29.477,10.176,28.373,9.535,P2_02_03_08.csv,28.934535559401475,9.861914344283289
172,0,1,29.44,10.167,28.335,9.526,P2_02_03_08.csv,28.8923283093495,9.861140113365138
173,0,1,29.402,10.177,28.297,9.536,P2_02_03_08.csv,28.851288580167903,9.863174959758364
174,0,1,29.346,10.168,28.241,9.527,P2_02_03_08.csv,28.80459109217032,9.860611048975903
175,0,1,29.223,10.104,28.202,9.378,P2_02_03_08.csv,28.74436549279963,9.818685585483138
176,0,1,29.251,10.066,28.165,9.416,P2_02_03_08.csv,28.702153277083514,9.786044937740295
177,0,1,29.213,10.067,28.127,9.416,P2_02_03_08.csv,28.661958600391653,9.762043735531089
178,0,1,29.157,10.049,28.07,9.398,P2_02_03_08.csv,28.61639130599597,9.738622786603745
179,0,1,29.138,10.03,28.052,9.38,P2_02_03_08.csv,28.580573622471743,9.715814539249324
180,0,1,29.1,10.012,28.014,9.361,P2_02_03_08.csv,28.545097600250795,9.69373541167911
181,0,1,29.062,10.013,27.976,9.362,P2_02_03_08.csv,28.509636730204054,9.679590350541433
182,0,1,29.006,10.013,27.92,9.362,P2_02_03_08.csv,28.467347325523196,9.671288842692555
183,0,1,28.987,10.013,27.901,9.363,P2_02_03_08.csv,28.43329898717649,9.66752039170168
184,0,1,28.931,10.014,27.844,9.363,P2_02_03_08.csv,28.391823280690673,9.666952872509139
185,0,1,28.893,10.015,27.807,9.364,P2_02_03_08.csv,28.351469855316616,9.668675308600626
186,0,1,28.856,10.015,27.769,9.364,P2_02_03_08.csv,28.31205166102913,9.671417337230247
187,0,1,28.818,10.016,27.731,9.365,P2_02_03_08.csv,28.273191958416334,9.674953866321353
188,0,1,28.78,10.016,27.694,9.365,P2_02_03_08.csv,28.234937490287724,9.678421747599735
189,0,1,28.724,9.998,27.637,9.347,P2_02_03_08.csv,28.19012002195566,9.674934395992429
190,0,1,28.667,9.999,27.58,9.348,P2_02_03_08.csv,28.14004665996345,9.672908043848102
191,0,1,28.63,9.999,27.543,9.348,P2_02_03_08.csv,28.093478548244867,9.671675813981055
192,0,1,28.592,10.0,27.505,9.349,P2_02_03_08.csv,28.049514899526656,9.671411517819756
193,0,1,28.554,10.0,27.467,9.349,P2_02_03_08.csv,28.00766932722419,9.671490060160048
194,0,1,28.517,10.019,27.43,9.368,P2_02_03_08.csv,27.967835162810527,9.678783840032953
195,0,1,28.479,10.02,27.392,9.369,P2_02_03_08.csv,27.929127330735508,9.684926465764464
196,0,1,28.442,10.039,27.355,9.388,P2_02_03_08.csv,27.891555494974117,9.69657009667652
197,0,1,28.385,10.039,27.298,9.388,P2_02_03_08.csv,27.847372538839966,9.705266050258727
198,0,1,28.329,10.04,27.241,9.389,P2_02_03_08.csv,27.79818185345892,9.711778841829696
0,2,1,38.326,11.36,37.257,10.667,P2_02_03_08.csv,37.7915,11.0135
1,2,1,38.354,11.379,37.239,10.658,P2_02_03_08.csv,37.79484437086092,11.016844370860927
2,2,1,38.308,11.379,37.192,10.658,P2_02_03_08.csv,37.76724278080928,11.018506137094535
3,2,1,38.261,11.38,37.146,10.659,P2_02_03_08.csv,37.72647972115181,11.019788941027286
4,2,1,38.243,11.38,37.127,10.659,P2_02_03_08.csv,37.69525024610195,11.020383113315054
5,2,1,38.187,11.381,37.071,10.66,P2_02_03_08.csv,37.65160763913948,11.021109678004558
6,2,1,38.15,11.381,37.034,10.66,P2_02_03_08.csv,37.60948883245774,11.021479604270299
7,2,1,38.112,11.382,36.997,10.661,P2_02_03_08.csv,37.56820750021954,11.022050205473327
8,2,1,38.047,11.383,36.931,10.661,P2_02_03_08.csv,37.516449437748975,11.022557638801503
9,2,1,38.001,11.383,36.885,10.662,P2_02_03_08.csv,37.465055241828004,11.023024616903383
10,2,1,37.982,11.383,36.866,10.662,P2_02_03_08.csv,37.42431495475263,11.023278242153978
11,2,1,37.993,11.486,36.877,10.765,P2_02_03_08.csv,37.402843069597665,11.061783949201086
12,2,1,37.908,11.403,36.792,10.682,P2_02_03_08.csv,37.3602832186702,11.060124864644111
13,2,1,37.871,11.404,36.755,10.682,P2_02_03_08.csv,37.31897727637316,11.057892035330186
14,2,1,37.814,11.367,36.698,10.646,P2_02_03_08.csv,37.27140961236175,11.041842081545175
15,2,1,37.796,11.404,36.68,10.683,P2_02_03_08.csv,37.233526840019984,11.042558904035227
16,2,1,37.74,11.405,36.624,10.684,P2_02_03_08.csv,37.189317456781474,11.04345494897745
17,2,1,37.713,11.415,36.596,10.694,P2_02_03_08.csv,37.15068897204278,11.047791846373029
18,2,1,37.666,11.406,36.55,10.685,P2_02_03_08.csv,37.10946037969483,11.047743280609158
19,2,1,37.61,11.407,36.494,10.686,P2_02_03_08.csv,37.06266801572934,11.047903107544775
20,2,1,37.554,11.408,36.438,10.686,P2_02_03_08.csv,37.01163237236249,11.048076884281775
21,2,1,37.517,11.408,36.4,10.687,P2_02_03_08.csv,36.964346026553,11.048285398669304
22,2,1,37.48,11.409,36.363,10.687,P2_02_03_08.csv,36.92038813166981,11.048538998546194
23,2,1,37.424,11.409,36.307,10.688,P2_02_03_08.csv,36.87207849358964,11.04884063048435
24,2,1,37.368,11.41,36.251,10.689,P2_02_03_08.csv,36.82041079335376,11.04937269047159
25,2,1,37.331,11.411,36.214,10.689,P2_02_03_08.csv,36.77328415538694,11.04990304448346
26,2,1,37.293,11.411,36.177,10.69,P2_02_03_08.csv,36.729644459849744,11.050429910393309
27,2,1,37.256,11.412,36.139,10.69,P2_02_03_08.csv,36.68869390524221,11.050952439952276
28,2,1,37.219,11.393,36.102,10.672,P2_02_03_08.csv,36.64989954654836,11.044465391095445
29,2,1,37.181,11.394,36.065,10.672,P2_02_03_08.csv,36.61242465673665,11.039603666233909
30,2,1,37.126,11.395,36.009,10.673,P2_02_03_08.csv,36.56914441824236,11.036378384672217
31,2,1,37.069,11.377,35.953,10.655,P2_02_03_08.csv,36.52085957486231,11.027516889117802
32,2,1,37.051,11.358,35.934,10.637,P2_02_03_08.csv,36.48277260411311,11.01418672911813
33,2,1,36.995,11.378,35.878,10.656,P2_02_03_08.csv,36.43885423556739,11.011634754827531
34,2,1,36.957,11.36,35.84,10.638,P2_02_03_08.csv,36.39693083267877,11.003813600321648
35,2,1,36.902,11.36,35.784,10.639,P2_02_03_08.csv,36.35012660185518,10.998677876367953
36,2,1,36.846,11.361,35.728,10.639,P2_02_03_08.csv,36.29936577055785,10.99568528896925
37,2,1,36.808,11.362,35.691,10.64,P2_02_03_08.csv,36.252511501307914,10.994507540345571
38,2,1,36.771,11.362,35.654,10.64,P2_02_03_08.csv,36.20905108671654,10.994279871431296
39,2,1,36.715,11.363,35.598,10.641,P2_02_03_08.csv,36.161241532979965,10.995038776653937
40,2,1,36.659,11.363,35.542,10.642,P2_02_03_08.csv,36.11003553429428,10.996255332766562
41,2,1,36.622,11.364,35.505,10.642,P2_02_03_08.csv,36.06330944435012,10.997703876041916
42,2,1,36.585,11.364,35.467,10.643,P2_02_03_08.csv,36.02000002792544,10.999223509267463
43,2,1,36.529,11.384,35.411,10.662,P2_02_03_08.csv,35.97248849662149,11.007712046844413
44,2,1,36.473,11.366,35.355,10.644,P2_02_03_08.csv,35.921649659168104,11.00764933196883
45,2,1,36.455,11.403,35.337,10.682,P2_02_03_08.csv,35.88231024523238,11.021224971706616
46,2,1,36.399,11.423,35.281,10.701,P2_02_03_08.csv,35.83791602456757,11.038675254586641
47,2,1,36.38,11.404,35.262,10.683,P2_02_03_08.csv,35.80304988767606,11.04472443461555
48,2,1,36.324,11.424,35.206,10.702,P2_02_03_08.csv,35.761818215926894,11.055635459782133
49,2,1,36.305,11.424,35.188,10.702,P2_02_03_08.csv,35.729220209332745,11.063108890972327
50,2,1,36.231,11.425,35.113,10.703,P2_02_03_08.csv,35.68254648241824,11.06818700488083
51,2,1,36.175,11.426,35.057,10.704,P2_02_03_08.csv,35.63159631307004,11.07142889457787
52,2,1,36.156,11.426,35.038,10.704,P2_02_03_08.csv,35.59118652409788,11.07296473455336
53,2,1,36.1,11.427,34.982,10.705,P2_02_03_08.csv,35.54549074927402,11.073670177683898
54,2,1,36.063,11.427,34.945,10.705,P2_02_03_08.csv,35.502644173782016,11.073506097702005
55,2,1,36.026,11.428,34.908,10.706,P2_02_03_08.csv,35.462060878024566,11.073174799162166
56,2,1,35.97,11.447,34.852,10.725,P2_02_03_08.csv,35.416186093976776,11.079480065113739
57,2,1,35.914,11.466,34.796,10.744,P2_02_03_08.csv,35.36616621923104,11.090983748520106
58,2,1,35.877,11.467,34.758,10.745,P2_02_03_08.csv,35.31987503587582,11.09972853266968
59,2,1,35.839,11.467,34.721,10.745,P2_02_03_08.csv,35.276636332211396,11.105747535823523
60,2,1,35.783,11.468,34.665,10.746,P2_02_03_08.csv,35.22895997463334,11.109936160935904
61,2,1,35.727,11.469,34.609,10.747,P2_02_03_08.csv,35.177820708185685,11.112715890281368
62,2,1,35.69,11.451,34.571,10.729,P2_02_03_08.csv,35.13092974542036,11.107459716080132
63,2,1,35.653,11.451,34.534,10.729,P2_02_03_08.csv,35.08765129947891,11.102754155092901
64,2,1,35.615,11.452,34.497,10.729,P2_02_03_08.csv,35.04696799730198,11.09895442845691
65,2,1,35.578,11.452,34.459,10.73,P2_02_03_08.csv,35.0081759750436,11.096068203331448
66,2,1,35.522,11.453,34.403,10.731,P2_02_03_08.csv,34.963859905341096,11.094212080750738
67,2,1,35.466,11.454,34.347,10.731,P2_02_03_08.csv,34.91512807911662,11.093048866826209
68,2,1,35.429,11.454,34.31,10.732,P2_02_03_08.csv,34.870036070161014,11.092455246718869
69,2,1,35.391,11.455,34.272,10.732,P2_02_03_08.csv,34.82751619407754,11.092308112859637
70,2,1,35.335,11.455,34.216,10.733,P2_02_03_08.csv,34.780342915439185,11.09249427007473
71,2,1,35.279,11.456,34.16,10.734,P2_02_03_08.csv,34.72953055059179,11.093100118116913
72,2,1,35.242,11.457,34.123,10.734,P2_02_03_08.csv,34.683013635352005,11.093817897031533
73,2,1,35.204,11.457,34.085,10.735,P2_02_03_08.csv,34.63959597895758,11.09458903576203
74,2,1,35.148,11.458,34.029,10.735,P2_02_03_08.csv,34.59192903522377,11.09537231787969
75,2,1,35.092,11.459,33.973,10.736,P2_02_03_08.csv,34.540917353042055,11.096325101176449
76,2,1,35.074,11.459,33.955,10.736,P2_02_03_08.csv,34.50140782254179,11.097019958217897
77,2,1,35.018,11.478,33.899,10.756,P2_02_03_08.csv,34.45685872430362,11.104686155468073
78,2,1,34.999,11.478,33.88,10.756,P2_02_03_08.csv,34.421859636251675,11.110504330528428
79,2,1,34.943,11.479,33.824,10.757,P2_02_03_08.csv,34.38051941946369,11.11506222556344
80,2,1,34.924,11.479,33.805,10.757,P2_02_03_08.csv,34.34765255707276,11.118173108802175
81,2,1,34.868,11.499,33.749,10.776,P2_02_03_08.csv,34.30759544185609,11.127312680272867
82,2,1,34.85,11.518,33.731,10.795,P2_02_03_08.csv,34.27574235448589,11.140897092602843
83,2,1,34.794,11.518,33.675,10.796,P2_02_03_08.csv,34.23615920395923,11.150897194452943
84,2,1,34.775,11.519,33.656,10.796,P2_02_03_08.csv,34.20403294634302,11.157879638962905
85,2,1,34.719,11.519,33.6,10.797,P2_02_03_08.csv,34.16401588488846,11.162441930754541
86,2,1,34.701,11.538,33.581,10.816,P2_02_03_08.csv,34.13157305819457,11.171974272875735
87,2,1,34.645,11.558,33.525,10.835,P2_02_03_08.csv,34.09119404473892,11.185580874204799
88,2,1,34.626,11.539,33.506,10.817,P2_02_03_08.csv,34.058205031025295,11.188217793738247
89,2,1,34.589,11.558,33.469,10.836,P2_02_03_08.csv,34.02435657288956,11.196075699303293
90,2,1,34.551,11.54,33.431,10.818,P2_02_03_08.csv,33.989346442863486,11.194473590174317
91,2,1,34.514,11.559,33.394,10.837,P2_02_03_08.csv,33.95373405886093,11.199237738190964
92,2,1,34.495,11.541,33.375,10.818,P2_02_03_08.csv,33.924267563484776,11.19532636901295
93,2,1,34.476,11.56,33.357,10.837,P2_02_03_08.csv,33.89969701304075,11.198604619366307
94,2,1,34.42,11.542,33.3,10.819,P2_02_03_08.csv,33.86468959790394,11.194029558006482
95,2,1,34.42,11.561,33.301,10.838,P2_02_03_08.csv,33.842400666694516,11.197071304083366
96,2,1,34.383,11.561,33.263,10.838,P2_02_03_08.csv,33.81594171007749,11.199184572734401
97,2,1,34.346,11.562,33.226,10.839,P2_02_03_08.csv,33.78615723350179,11.200912456851
98,2,1,34.327,11.562,33.207,10.839,P2_02_03_08.csv,33.76033635254394,11.201970521922023
99,2,1,34.271,11.563,33.151,10.84,P2_02_03_08.csv,33.72391830597664,11.20289033850723
100,2,1,34.233,11.563,33.113,10.84,P2_02_03_08.csv,33.685890587609016,11.203360561632435
101,2,1,34.196,11.564,33.076,10.841,P2_02_03_08.csv,33.647217550022006,11.20387827483365
102,2,1,34.159,11.564,33.038,10.841,P2_02_03_08.csv,33.60808570204283,11.20409560310145
103,2,1,34.121,11.565,33.001,10.842,P2_02_03_08.csv,33.56879385966507,11.204474712658612
104,2,1,34.084,11.565,32.964,10.842,P2_02_03_08.csv,33.529727725062315,11.204636603679921
105,2,1,34.028,11.585,32.908,10.862,P2_02_03_08.csv,33.483963208631415,11.21202222434538
106,2,1,33.972,11.604,32.852,10.881,P2_02_03_08.csv,33.433156648980585,11.224601876984504
107,2,1,33.953,11.585,32.833,10.863,P2_02_03_08.csv,33.39239572488531,11.22714498771397
108,2,1,33.897,11.605,32.777,10.882,P2_02_03_08.csv,33.346064375281586,11.235689985226092
109,2,1,33.878,11.586,32.758,10.863,P2_02_03_08.csv,33.30908950730669,11.234700066524356
110,2,1,33.822,11.606,32.702,10.883,P2_02_03_08.csv,33.265808319456156,11.2406383941923
111,2,1,33.803,11.606,32.683,10.883,P2_02_03_08.csv,33.23117668165893,11.244694166734229
112,2,1,33.729,11.607,32.608,10.884,P2_02_03_08.csv,33.18278555010179,11.247607890271395
113,2,1,33.691,11.608,32.571,10.885,P2_02_03_08.csv,33.13727476743231,11.24964856722659
114,2,1,33.654,11.608,32.533,10.885,P2_02_03_08.csv,33.09421888726644,11.250686704365274
115,2,1,33.616,11.627,32.496,10.904,P2_02_03_08.csv,33.05315426457087,11.25801447841083
116,2,1,33.579,11.646,32.458,10.923,P2_02_03_08.csv,33.01362997801431,11.270240406131801
117,2,1,33.542,11.647,32.421,10.924,P2_02_03_08.csv,32.97542331012556,11.27946048785088
118,2,1,33.504,11.647,32.383,10.924,P2_02_03_08.csv,32.937775662780616,11.285761122819817
119,2,1,33.448,11.648,32.327,10.925,P2_02_03_08.csv,32.89381658330224,11.29008673877423
120,2,1,33.429,11.648,32.309,10.925,P2_02_03_08.csv,32.858742031633426,11.292532574201513
121,2,1,33.373,11.649,32.252,10.926,P2_02_03_08.csv,32.816583260397664,11.293966030225919
122,2,1,33.355,11.649,32.234,10.926,P2_02_03_08.csv,32.78300706038595,11.29435723060579
123,2,1,33.298,11.65,32.177,10.927,P2_02_03_08.csv,32.74170800090311,11.294428044070633
124,2,1,33.28,11.65,32.159,10.927,P2_02_03_08.csv,32.70866463742037,11.294001735344876
125,2,1,33.242,11.651,32.121,10.928,P2_02_03_08.csv,32.674654756482234,11.293664145320205
126,2,1,33.205,11.651,32.084,10.928,P2_02_03_08.csv,32.64008635019459,11.293120156891998
127,2,1,33.149,11.652,32.027,10.929,P2_02_03_08.csv,32.59778275367225,11.292857775348264
128,2,1,33.111,11.653,31.99,10.929,P2_02_03_08.csv,32.5564728861638,11.29268913579147
129,2,1,33.036,11.654,31.915,10.93,P2_02_03_08.csv,32.502267351560825,11.292817146905405
131,2,1,33.027,11.644,31.905,10.921,P2_02_03_08.csv,32.46241732792902,11.289330515719666
132,2,1,32.989,11.645,31.868,10.921,P2_02_03_08.csv,32.42371838790179,11.286770980441048
133,2,1,32.97,11.645,31.849,10.922,P2_02_03_08.csv,32.39266210116208,11.285039829667555
134,2,1,32.952,11.645,31.83,10.922,P2_02_03_08.csv,32.367573004681326,11.283824582893429
135,2,1,32.933,11.646,31.812,10.922,P2_02_03_08.csv,32.34677461555141,11.283215934271162
136,2,1,32.896,11.646,31.774,10.923,P2_02_03_08.csv,32.32186258840363,11.283078327335303
137,2,1,32.877,11.646,31.755,10.923,P2_02_03_08.csv,32.30017408095674,11.283104413550147
138,2,1,32.858,11.647,31.737,10.923,P2_02_03_08.csv,32.280918584877114,11.283416111953079
139,2,1,32.839,11.647,31.718,10.923,P2_02_03_08.csv,32.26307476722033,11.283738739652929
140,2,1,32.821,11.647,31.699,10.924,P2_02_03_08.csv,32.24621463989235,11.2842269758469
141,2,1,32.802,11.666,31.68,10.943,P2_02_03_08.csv,32.229660890115284,11.291641393992972
142,2,1,32.765,11.667,31.643,10.943,P2_02_03_08.csv,32.20646984005986,11.297528244757542
143,2,1,32.708,11.686,31.587,10.962,P2_02_03_08.csv,32.170801995100376,11.308843404045895
144,2,1,32.652,11.687,31.531,10.963,P2_02_03_08.csv,32.1257864974567,11.317559776692754
145,2,1,32.559,11.688,31.437,10.964,P2_02_03_08.csv,32.06017118627013,11.324022393365166
146,2,1,32.465,11.671,31.343,10.947,P2_02_03_08.csv,31.979151002217566,11.321991796205019
147,2,1,32.39,11.653,31.268,10.929,P2_02_03_08.csv,31.894379235642354,11.313041232732616
148,2,1,32.352,11.653,31.23,10.93,P2_02_03_08.csv,31.82165685444597,11.30582367072704
149,2,1,32.333,11.654,31.211,10.93,P2_02_03_08.csv,31.766305330495094,11.300313377144995
150,2,1,32.333,11.672,31.211,10.949,P2_02_03_08.csv,31.73181362589142,11.302994808118628
151,2,1,32.333,11.672,31.211,10.949,P2_02_03_08.csv,31.7132315583449,11.305283959172112
152,2,1,32.315,11.672,31.193,10.949,P2_02_03_08.csv,31.69953355247867,11.30714357345896
153,2,1,32.296,11.673,31.174,10.949,P2_02_03_08.csv,31.688208419399594,11.3087686023177
154,2,1,32.108,11.591,30.835,10.879,P2_02_03_08.csv,31.587627707345895,11.28195164363388
155,2,1,31.994,11.48,30.825,10.776,P2_02_03_08.csv,31.492044218557,11.221841742333082
156,2,1,31.985,11.481,30.835,10.776,P2_02_03_08.csv,31.42532682295693,11.176621661297967
157,2,1,31.957,11.481,30.806,10.776,P2_02_03_08.csv,31.371481860524028,11.144250085381467
158,2,1,31.929,11.481,30.778,10.776,P2_02_03_08.csv,31.327961575174065,11.122562038645263
159,2,1,31.9,11.482,30.75,10.777,P2_02_03_08.csv,31.29200822507348,11.109710565877823
160,2,1,31.835,11.501,30.684,10.796,P2_02_03_08.csv,31.24778280007421,11.11017466887827
161,2,1,31.788,11.521,30.638,10.816,P2_02_03_08.csv,31.20364976353521,11.120886538094245
162,2,1,31.741,11.54,30.591,10.835,P2_02_03_08.csv,31.159202642274654,11.13843726711688
163,2,1,31.713,11.559,30.563,10.854,P2_02_03_08.csv,31.121359434885953,11.160420614295502
164,2,1,31.704,11.578,30.554,10.873,P2_02_03_08.csv,31.095472502885535,11.184965291489831
165,2,1,31.714,11.578,30.563,10.873,P2_02_03_08.csv,31.085296183257473,11.203681378229495
166,2,1,31.704,11.578,30.554,10.873,P2_02_03_08.csv,31.07959653608368,11.217230704504937
167,2,1,31.714,11.578,30.563,10.873,P2_02_03_08.csv,31.083426155105606,11.226441618919665
168,2,1,31.704,11.559,30.553,10.854,P2_02_03_08.csv,31.086532889453853,11.225176739426237
169,2,1,31.695,11.559,30.544,10.854,P2_02_03_08.csv,31.08851054420083,11.22289423861649
170,2,1,31.685,11.541,30.535,10.836,P2_02_03_08.csv,31.08871882004293,11.213514302996087
171,2,1,31.676,11.541,30.525,10.836,P2_02_03_08.csv,31.087038689216026,11.205605103274097
172,2,1,31.666,11.541,30.516,10.836,P2_02_03_08.csv,31.08354505168887,11.19925282674942
173,2,1,31.225,11.444,30.036,10.767,P2_02_03_08.csv,30.91215176922003,11.163787216949382
174,2,1,31.215,11.453,30.064,10.757,P2_02_03_08.csv,30.784888304216665,11.136581722535983
175,2,1,31.187,11.444,30.036,10.748,P2_02_03_08.csv,30.682670053351885,11.113579010562766
176,2,1,31.14,11.454,29.989,10.758,P2_02_03_08.csv,30.595155179930195,11.101347201268677
177,2,1,31.112,11.445,29.961,10.749,P2_02_03_08.csv,30.527146909264562,11.090676605046271
178,2,1,31.065,11.455,29.914,10.759,P2_02_03_08.csv,30.46762725212866,11.088129401173687
179,2,1,31.037,11.465,29.886,10.769,P2_02_03_08.csv,30.42146636510637,11.091707547521835
180,2,1,30.99,11.475,29.839,10.779,P2_02_03_08.csv,30.378176991193858,11.099662961452099
181,2,1,30.943,11.466,29.792,10.77,P2_02_03_08.csv,30.336405614147598,11.10353921803917
182,2,1,30.896,11.476,29.745,10.78,P2_02_03_08.csv,30.295177127780786,11.110822199937347
183,2,1,30.868,11.467,29.716,10.771,P2_02_03_08.csv,30.260653495014825,11.113466736106083
184,2,1,30.84,11.477,29.688,10.781,P2_02_03_08.csv,30.231025680663986,11.11926277781573
185,2,1,30.812,11.487,29.66,10.791,P2_02_03_08.csv,30.204618002006022,11.127382434750714
186,2,1,30.784,11.496,29.632,10.8,P2_02_03_08.csv,30.18011672086896,11.136749738680761
187,2,1,30.755,11.487,29.604,10.791,P2_02_03_08.csv,30.156356639891584,11.140239161840617
188,2,1,30.708,11.497,29.557,10.801,P2_02_03_08.csv,30.125867180933223,11.146030487497006
189,2,1,30.539,11.481,29.689,10.846,P2_02_03_08.csv,30.100325083415157,11.155268525342569
190,2,1,30.53,11.481,29.67,10.865,P2_02_03_08.csv,30.080124942942955,11.16525717893805
191,2,1,30.549,11.481,29.642,10.866,P2_02_03_08.csv,30.067292406667345,11.172362703854352
192,2,1,30.568,11.499,29.595,10.848,P2_02_03_08.csv,30.056270683967814,11.1769388833114
193,2,1,30.586,11.499,29.585,10.838,P2_02_03_08.csv,30.052791866131553,11.177711219362495
194,2,1,30.624,11.489,29.538,10.83,P2_02_03_08.csv,30.051535385460674,11.174148749343873
195,2,1,30.586,11.499,29.501,10.839,P2_02_03_08.csv,30.039257534536127,11.174238312844608
196,2,1,30.549,11.49,29.463,10.831,P2_02_03_08.csv,30.018017709236908,11.17074481058731
197,2,1,30.492,11.5,29.407,10.841,P2_02_03_08.csv,29.98282307086562,11.17141217359065
198,2,1,30.455,11.491,29.369,10.832,P2_02_03_08.csv,29.94413078426933,11.168442835423006
0,4,1,38.273,9.139,37.28,8.463,P2_02_03_08.csv,37.7765,8.800999999999998
1,4,1,38.301,9.157,37.261,8.454,P2_02_03_08.csv,37.77950993377484,8.804009933774834
2,4,1,38.255,9.158,37.215,8.455,P2_02_03_08.csv,37.752056826844836,8.806134842875089
3,4,1,38.209,9.177,37.169,8.474,P2_02_03_08.csv,37.71166858714126,8.817951919034591
4,4,1,38.171,9.159,37.131,8.456,P2_02_03_08.csv,37.6705582573025,8.814994531150496
5,4,1,38.134,9.178,37.094,8.475,P2_02_03_08.csv,37.63007207123189,8.821920836204889
6,4,1,38.097,9.178,37.057,8.475,P2_02_03_08.csv,37.590126337012215,8.826087707833464
7,4,1,38.041,9.179,37.001,8.476,P2_02_03_08.csv,37.5427263304089,8.828968646299076
8,4,1,38.004,9.207,36.964,8.504,P2_02_03_08.csv,37.49805962376455,8.841712823709843
9,4,1,37.829,9.311,36.882,8.644,P2_02_03_08.csv,37.42020307117769,8.897405877560287
10,4,1,37.782,9.321,36.901,8.644,P2_02_03_08.csv,37.361842005163986,8.939660343735751
11,4,1,37.838,9.274,36.9,8.597,P2_02_03_08.csv,37.33399023427386,8.951804253861159
12,4,1,37.782,9.321,36.845,8.645,P2_02_03_08.csv,37.29856320654725,8.975805944017576
13,4,1,37.755,9.331,36.817,8.654,P2_02_03_08.csv,37.267227018396454,8.995009844195648
14,4,1,37.777,8.848,36.84,8.171,P2_02_03_08.csv,37.257234425855906,8.828705983064427
15,4,1,37.68,9.332,36.743,8.655,P2_02_03_08.csv,37.21921171385751,8.876971091761972
16,4,1,37.634,9.323,36.696,8.646,P2_02_03_08.csv,37.17744960523454,8.913374967687714
17,4,1,37.588,9.37,36.65,8.693,P2_02_03_08.csv,37.13313443781863,8.959342998237902
18,4,1,37.559,9.324,36.621,8.647,P2_02_03_08.csv,37.09334384053513,8.977129345267521
19,4,1,37.531,9.333,36.594,8.657,P2_02_03_08.csv,37.05782020736583,8.992525073350777
20,4,1,37.494,9.315,36.556,8.639,P2_02_03_08.csv,37.02193961764101,8.995801953465332
21,4,1,37.457,9.334,36.519,8.658,P2_02_03_08.csv,36.98588938906789,9.003382943995248
22,4,1,37.41,9.326,36.472,8.649,P2_02_03_08.csv,36.945969336732084,9.004447896360064
23,4,1,37.383,9.335,36.445,8.658,P2_02_03_08.csv,36.91041829565782,9.007092237038556
24,4,1,37.336,9.326,36.398,8.65,P2_02_03_08.csv,36.870930556291185,9.004786164518139
25,4,1,37.308,9.336,36.37,8.659,P2_02_03_08.csv,36.83536600524425,9.005499309865284
26,4,1,37.262,9.327,36.323,8.65,P2_02_03_08.csv,36.79605838613515,9.001995772276183
27,4,1,37.215,9.337,36.277,8.66,P2_02_03_08.csv,36.75381630191839,9.002398553711835
28,4,1,37.169,9.328,36.23,8.652,P2_02_03_08.csv,36.709383344614544,8.999209241212787
29,4,1,37.141,9.338,36.202,8.661,P2_02_03_08.csv,36.67022371922363,8.999966589820513
30,4,1,37.113,9.329,36.174,8.652,P2_02_03_08.csv,36.63527990383217,8.99708946303198
31,4,1,37.085,9.339,36.147,8.662,P2_02_03_08.csv,36.60373365275373,8.998436390703395
32,4,1,37.02,9.349,36.081,8.672,P2_02_03_08.csv,36.56064374093189,9.003137553771678
33,4,1,36.992,9.358,36.054,8.681,P2_02_03_08.csv,36.5224956441722,9.010008625224788
34,4,1,36.945,9.35,36.007,8.673,P2_02_03_08.csv,36.48112404464638,9.012151074438021
35,4,1,36.918,9.359,35.979,8.682,P2_02_03_08.csv,36.44445958275457,9.016770077982498
36,4,1,36.89,9.35,35.951,8.673,P2_02_03_08.csv,36.41131062205636,9.016664302585507
37,4,1,36.862,9.36,35.923,8.683,P2_02_03_08.csv,36.380790156962874,9.019874057573999
38,4,1,36.815,9.351,35.877,8.674,P2_02_03_08.csv,36.345308664385925,9.018711432642693
39,4,1,36.769,9.361,35.83,8.684,P2_02_03_08.csv,36.305819729287684,9.021170783752705
40,4,1,36.741,9.352,35.802,8.675,P2_02_03_08.csv,36.27006447147848,9.019510842354919
41,4,1,36.713,9.362,35.774,8.685,P2_02_03_08.csv,36.237282531186075,9.021672168547932
42,4,1,36.666,9.353,35.727,8.676,P2_02_03_08.csv,36.19975259774585,9.019863697599666
43,4,1,36.62,9.363,35.681,8.686,P2_02_03_08.csv,36.158841430924845,9.021982674047674
44,4,1,36.573,9.354,35.634,8.677,P2_02_03_08.csv,36.11502262429865,9.020202251098567
45,4,1,36.545,9.364,35.606,8.686,P2_02_03_08.csv,36.07612046176379,9.02220714687793
46,4,1,36.498,9.355,35.56,8.678,P2_02_03_08.csv,36.03436778178323,9.020560938465424
47,4,1,36.471,9.365,35.532,8.687,P2_02_03_08.csv,35.997443371037065,9.022701521378554
48,4,1,36.424,9.356,35.485,8.679,P2_02_03_08.csv,35.95712654915733,9.021181148715891
49,4,1,36.415,9.365,35.476,8.688,P2_02_03_08.csv,35.9281471169922,9.0232470066087
50,4,1,36.368,9.356,35.429,8.679,P2_02_03_08.csv,35.893902526244666,9.021491501831898
51,4,1,36.323,9.497,35.457,8.716,P2_02_03_08.csv,35.8695149065553,9.052879161521203
52,4,1,36.276,9.497,35.43,8.726,P2_02_03_08.csv,35.84210492344247,9.078798510134888
53,4,1,36.267,9.469,35.383,8.726,P2_02_03_08.csv,35.815343080249235,9.092598447381691
54,4,1,36.276,9.441,35.383,8.745,P2_02_03_08.csv,35.800874342999236,9.100040902779082
55,4,1,36.126,9.359,35.139,8.599,P2_02_03_08.csv,35.72138329069194,9.062149753285567
56,4,1,36.014,9.361,35.037,8.591,P2_02_03_08.csv,35.624687822267475,9.030515807588634
57,4,1,35.986,9.333,35.065,8.618,P2_02_03_08.csv,35.55576165380145,9.006028953542508
58,4,1,35.958,9.324,35.037,8.609,P2_02_03_08.csv,35.49951995516557,8.98482620453494
59,4,1,35.911,9.334,34.99,8.619,P2_02_03_08.csv,35.44652504805477,8.973671368055173
60,4,1,35.883,9.344,34.962,8.629,P2_02_03_08.csv,35.40306125129521,8.970540779392145
61,4,1,35.855,9.335,34.934,8.62,P2_02_03_08.csv,35.36684325505576,8.966514263145115
62,4,1,35.809,9.326,34.887,8.611,P2_02_03_08.csv,35.32903189865464,8.961526966123854
63,4,1,35.781,9.335,34.86,8.621,P2_02_03_08.csv,35.296529313254915,8.962434981041838
64,4,1,35.753,9.326,34.832,8.612,P2_02_03_08.csv,35.267591366318456,8.960926769218062
65,4,1,35.706,9.336,34.785,8.621,P2_02_03_08.csv,35.233973309842455,8.964118594746319
66,4,1,35.678,9.327,34.757,8.612,P2_02_03_08.csv,35.2033424098331,8.963958139549112
67,4,1,35.631,9.319,34.71,8.604,P2_02_03_08.csv,35.16780134199524,8.961347681592766
68,4,1,35.603,9.328,34.682,8.613,P2_02_03_08.csv,35.13525498502469,8.963029942789142
69,4,1,35.557,9.357,34.636,8.642,P2_02_03_08.csv,35.09832410882721,8.975377415003663
70,4,1,35.51,9.348,34.589,8.633,P2_02_03_08.csv,35.05753594971643,8.981771032988135
71,4,1,35.464,9.358,34.542,8.643,P2_02_03_08.csv,35.01400341477409,8.990187836849834
72,4,1,35.436,9.349,34.514,8.634,P2_02_03_08.csv,34.975323233398754,8.99300265945738
73,4,1,35.408,9.34,34.486,8.625,P2_02_03_08.csv,34.94055500586722,8.991342124778612
74,4,1,35.38,9.331,34.458,8.616,P2_02_03_08.csv,34.90879421966071,8.986273076613934
75,4,1,35.333,9.322,34.411,8.607,P2_02_03_08.csv,34.872225847127766,8.978739852381104
76,4,1,35.305,9.313,34.383,8.598,P2_02_03_08.csv,34.83879857132458,8.969534416971058
77,4,1,35.258,9.304,34.337,8.589,P2_02_03_08.csv,34.80096484218023,8.959289614639152
78,4,1,35.23,9.295,34.309,8.58,P2_02_03_08.csv,34.76648137422974,8.94848755180181
79,4,1,35.183,9.287,34.262,8.571,P2_02_03_08.csv,34.72762307820127,8.937661209268413
80,4,1,35.155,9.278,34.234,8.562,P2_02_03_08.csv,34.692361031567444,8.926820035618428
81,4,1,35.108,9.269,34.187,8.554,P2_02_03_08.csv,34.65294131474526,8.916300132942409
82,4,1,35.08,9.26,34.159,8.545,P2_02_03_08.csv,34.61729954990174,8.905959201769528
83,4,1,35.034,9.27,34.112,8.555,P2_02_03_08.csv,34.57782933995305,8.902842841272392
84,4,1,35.006,9.261,34.084,8.546,P2_02_03_08.csv,34.54220432271793,8.89832457554511
85,4,1,34.959,9.252,34.037,8.537,P2_02_03_08.csv,34.5026076365457,8.892565170497035
86,4,1,34.931,9.243,34.009,8.528,P2_02_03_08.csv,34.466920388636666,8.885764734888854
87,4,1,34.884,9.234,33.962,8.519,P2_02_03_08.csv,34.42730697544079,8.87813231547069
88,4,1,34.837,9.207,33.915,8.492,P2_02_03_08.csv,34.38462801714903,8.863229638607185
89,4,1,34.809,9.198,33.887,8.483,P2_02_03_08.csv,34.34667544823429,8.849412305871507
90,4,1,34.781,9.189,33.859,8.474,P2_02_03_08.csv,34.31249749761148,8.836662928152831
91,4,1,34.734,9.18,33.812,8.465,P2_02_03_08.csv,34.27418834640879,8.82488567283179
92,4,1,34.706,9.171,33.784,8.456,P2_02_03_08.csv,34.23958561754007,8.813942799231464
93,4,1,34.659,9.162,33.738,8.447,P2_02_03_08.csv,34.20102672905524,8.803681053763823
94,4,1,34.631,9.153,33.709,8.438,P2_02_03_08.csv,34.16597565294091,8.793949566129847
95,4,1,34.585,9.145,33.663,8.429,P2_02_03_08.csv,34.12720761422353,8.784795301215617
96,4,1,34.556,9.136,33.635,8.42,P2_02_03_08.csv,34.09197039879688,8.775873086558182
97,4,1,34.51,9.146,33.588,8.43,P2_02_03_08.csv,34.05286119447825,8.774096227442824
98,4,1,34.482,9.137,33.56,8.421,P2_02_03_08.csv,34.01754100929013,8.77076102307711
99,4,1,34.435,9.128,33.513,8.412,P2_02_03_08.csv,33.97818947150451,8.765991916221939
100,4,1,34.407,9.119,33.485,8.403,P2_02_03_08.csv,33.94269021454206,8.759981400382541
101,4,1,34.285,9.111,33.522,8.394,P2_02_03_08.csv,33.904872859448716,8.753133978956493
102,4,1,34.257,9.102,33.494,8.385,P2_02_03_08.csv,33.8705659476768,8.745442558366737
103,4,1,34.145,9.113,33.513,8.394,P2_02_03_08.csv,33.83215564782901,8.744119375512842
104,4,1,34.117,9.104,33.485,8.385,P2_02_03_08.csv,33.79733275000315,8.740711195320513
105,4,1,34.005,9.114,33.503,8.394,P2_02_03_08.csv,33.75831170384191,8.7423631246101
106,4,1,33.912,9.106,33.503,8.385,P2_02_03_08.csv,33.716190682429286,8.741196787635339
107,4,1,33.818,9.098,33.503,8.375,P2_02_03_08.csv,33.67158032814337,8.737484199336023
108,4,1,33.77,8.968,33.458,8.497,P2_02_03_08.csv,33.62539289712421,8.733587446476903
109,4,1,33.724,8.978,33.411,8.507,P2_02_03_08.csv,33.57818500069251,8.734727832521708
110,4,1,33.695,8.932,33.383,8.535,P2_02_03_08.csv,33.53702546974212,8.732747136796212
111,4,1,33.649,8.941,33.337,8.545,P2_02_03_08.csv,33.4942382110215,8.735059035106422
112,4,1,33.602,8.933,33.29,8.536,P2_02_03_08.csv,33.449799389983816,8.734015686122525
113,4,1,33.883,9.041,32.998,8.288,P2_02_03_08.csv,33.41941489687535,8.707587446668397
114,4,1,33.911,9.069,32.904,8.261,P2_02_03_08.csv,33.38974142442543,8.687663755938313
115,4,1,33.855,9.014,33.054,8.259,P2_02_03_08.csv,33.38974742208494,8.662777343126589
116,4,1,33.911,8.994,32.895,8.345,P2_02_03_08.csv,33.375908797029,8.65714498409976
117,4,1,33.845,8.995,32.923,8.344,P2_02_03_08.csv,33.36231978216593,8.654570869524798
118,4,1,33.855,8.995,32.904,8.307,P2_02_03_08.csv,33.353804369638716,8.647311297184501
119,4,1,33.808,8.995,32.867,8.364,P2_02_03_08.csv,33.33498530161637,8.653528875672322
120,4,1,33.808,8.977,32.783,8.29,P2_02_03_08.csv,33.30781954780658,8.642558091172061
121,4,1,33.677,8.978,32.848,8.308,P2_02_03_08.csv,33.277523934642225,8.638414891319043
122,4,1,33.686,8.969,32.783,8.337,P2_02_03_08.csv,33.24688095205901,8.639850406298551
123,4,1,33.64,8.979,32.783,8.309,P2_02_03_08.csv,33.21807210069071,8.638483294273183
124,4,1,33.546,8.943,32.717,8.282,P2_02_03_08.csv,33.16986758679546,8.626444930854651
125,4,1,33.462,8.953,32.624,8.366,P2_02_03_08.csv,33.10375817338517,8.635065204543185
126,4,1,33.472,9.027,32.567,8.283,P2_02_03_08.csv,33.048530710479994,8.64078968605437
127,4,1,33.435,9.056,32.548,8.246,P2_02_03_08.csv,33.001034997402385,8.644057968645912
128,4,1,33.321,8.927,32.652,8.375,P2_02_03_08.csv,32.96844926544556,8.64667286111046
129,4,1,33.284,8.918,32.615,8.366,P2_02_03_08.csv,32.93567027905363,8.645349315889424
130,4,1,33.246,8.927,32.578,8.376,P2_02_03_08.csv,32.90224956364165,8.647750142648745
131,4,1,33.199,8.909,32.531,8.358,P2_02_03_08.csv,32.86459707557079,8.64292741016341
132,4,1,33.162,8.9,32.493,8.349,P2_02_03_08.csv,32.82703282222304,8.635815519168041
133,4,1,33.115,8.901,32.446,8.35,P2_02_03_08.csv,32.78602685818808,8.630795293728978
134,4,1,33.078,8.892,32.409,8.341,P2_02_03_08.csv,32.74605870025471,8.623887041077726
135,4,1,33.031,8.883,32.362,8.332,P2_02_03_08.csv,32.70329469639213,8.615620650647049
136,4,1,32.984,8.884,32.315,8.333,P2_02_03_08.csv,32.65842906451838,8.610125422969187
137,4,1,32.937,8.884,32.268,8.333,P2_02_03_08.csv,32.61206705930745,8.606527061997964
138,4,1,32.9,8.876,32.231,8.324,P2_02_03_08.csv,32.56839654394283,8.60127829421081
139,4,1,32.853,8.867,32.184,8.315,P2_02_03_08.csv,32.5232683476147,8.594544931351672
140,4,1,32.816,8.867,32.147,8.316,P2_02_03_08.csv,32.480758035562864,8.590196746785852
141,4,1,32.769,8.868,32.1,8.316,P2_02_03_08.csv,32.43665139009505,8.587739571707935
142,4,1,32.731,8.859,32.062,8.307,P2_02_03_08.csv,32.3946252418391,8.583208660195885
144,4,1,32.722,8.85,32.053,8.298,P2_02_03_08.csv,32.36492434099976,8.57701347788637
145,4,1,32.684,8.85,32.015,8.299,P2_02_03_08.csv,32.333957430771285,8.573047280849776
146,4,1,32.647,8.841,31.978,8.29,P2_02_03_08.csv,32.30200114182378,8.567340615846575
147,4,1,32.6,8.842,31.931,8.29,P2_02_03_08.csv,32.26533263230333,8.563776016532854
148,4,1,32.553,8.842,31.884,8.291,P2_02_03_08.csv,32.224868342142706,8.561886686422994
149,4,1,32.507,8.852,31.837,8.301,P2_02_03_08.csv,32.181672770289666,8.564747341301738
150,4,1,32.46,8.862,31.791,8.31,P2_02_03_08.csv,32.13649034868307,8.570989642154947
151,4,1,32.413,8.862,31.744,8.311,P2_02_03_08.csv,32.08976456991694,8.5763074871865
152,4,1,32.366,8.863,31.697,8.311,P2_02_03_08.csv,32.04204266029741,8.580658907490111
153,4,1,32.32,8.864,31.65,8.312,P2_02_03_08.csv,31.993933582267324,8.584278538184744
154,4,1,32.273,8.864,31.603,8.312,P2_02_03_08.csv,31.945523586067498,8.586859350359042
155,4,1,32.235,8.864,31.566,8.313,P2_02_03_08.csv,31.900538167448556,8.588763626220063
156,4,1,32.188,8.865,31.519,8.313,P2_02_03_08.csv,31.854806967692483,8.590129218337607
157,4,1,32.151,8.875,31.482,8.323,P2_02_03_08.csv,31.812190996123586,8.59458847592549
159,4,1,32.142,8.866,31.472,8.314,P2_02_03_08.csv,31.78212680220259,8.594436008541424
160,4,1,32.104,8.866,31.435,8.314,P2_02_03_08.csv,31.751297434739598,8.59398728961366
161,4,1,31.898,8.896,31.143,8.178,P2_02_03_08.csv,31.641477835854893,8.573846822793337
162,4,1,31.86,8.813,31.191,8.261,P2_02_03_08.csv,31.56437832429915,8.558204196339714
163,4,1,31.823,8.813,31.153,8.262,P2_02_03_08.csv,31.49878952263268,8.546828350155666
164,4,1,31.785,8.814,31.116,8.262,P2_02_03_08.csv,31.442699392767036,8.53908977921283
165,4,1,31.738,8.805,31.069,8.253,P2_02_03_08.csv,31.3905804683618,8.530799547990052
166,4,1,31.701,8.815,31.031,8.263,P2_02_03_08.csv,31.344877865587268,8.529109690698677
167,4,1,31.654,8.797,30.984,8.245,P2_02_03_08.csv,31.300375194762637,8.522192344442663
168,4,1,31.607,8.788,30.937,8.236,P2_02_03_08.csv,31.25643163151087,8.51441241427844
169,4,1,31.56,8.788,30.891,8.236,P2_02_03_08.csv,31.212782533727438,8.509309158708572
170,4,1,31.513,8.779,30.844,8.228,P2_02_03_08.csv,31.168908473732447,8.503167371514344
171,4,1,31.466,8.771,30.797,8.219,P2_02_03_08.csv,31.124644019657143,8.496182572672783
172,4,1,31.42,8.771,30.75,8.219,P2_02_03_08.csv,31.080100094099052,8.491679011784132
173,4,1,31.373,8.762,30.703,8.211,P2_02_03_08.csv,31.035039970829366,8.485965888547533
174,4,1,31.326,8.754,30.656,8.202,P2_02_03_08.csv,30.989499831471694,8.47926772001987
175,4,1,31.288,8.754,30.618,8.202,P2_02_03_08.csv,30.946858834379725,8.474938347374485
176,4,1,31.241,8.755,30.571,8.203,P2_02_03_08.csv,30.903098680546243,8.472817105733082
177,4,1,31.204,8.746,30.534,8.194,P2_02_03_08.csv,30.86206142781047,8.468651023624547
178,4,1,31.157,8.737,30.487,8.185,P2_02_03_08.csv,30.81937709791842,8.462809925526429
179,4,1,31.119,8.737,30.449,8.185,P2_02_03_08.csv,30.77862821957636,8.458978552119373
180,4,1,31.072,8.729,30.402,8.177,P2_02_03_08.csv,30.736001454558018,8.45377087789564
182,4,1,31.063,8.719,30.393,8.167,P2_02_03_08.csv,30.70585175641879,8.44673508856905
183,4,1,31.025,8.71,30.355,8.158,P2_02_03_08.csv,30.67456755390141,8.438678349294376
184,4,1,30.988,8.702,30.318,8.15,P2_02_03_08.csv,30.642402204120383,8.43027080958896
185,4,1,30.941,8.711,30.271,8.159,P2_02_03_08.csv,30.605609572749433,8.427941852841505
186,4,1,30.894,8.703,30.224,8.151,P2_02_03_08.csv,30.56508464601586,8.424082867066595
187,4,1,30.847,8.712,30.177,8.16,P2_02_03_08.csv,30.521688991465833,8.425196594567936
188,4,1,30.8,8.713,30.13,8.161,P2_02_03_08.csv,30.476194622907208,8.42712677960276
189,4,1,30.754,8.723,30.083,8.171,P2_02_03_08.csv,30.429440020237493,8.432816673985734
190,4,1,30.716,8.733,30.046,8.181,P2_02_03_08.csv,30.38522822061272,8.441222584959378
191,4,1,30.669,8.724,29.999,8.172,P2_02_03_08.csv,30.33965249540376,8.44446477370497
192,4,1,30.632,8.734,29.961,8.181,P2_02_03_08.csv,30.29660505890329,8.450295023955064
193,4,1,30.585,8.734,29.914,8.182,P2_02_03_08.csv,30.252092018953245,8.454732557211239
194,4,1,30.538,8.735,29.868,8.182,P2_02_03_08.csv,30.206640464556582,8.45797799143518
195,4,1,30.491,8.735,29.821,8.183,P2_02_03_08.csv,30.160328765467316,8.460252698026139
197,4,1,30.481,8.726,29.811,8.174,P2_02_03_08.csv,30.127060748803284,8.458271041449038
198,4,1,30.444,8.726,29.774,8.174,P2_02_03_08.csv,30.093921624034717,8.456362816796235
0,5,1,35.765,9.643,34.658,9.004,P2_02_03_08.csv,35.2115,9.3235
1,5,1,35.793,9.661,34.639,8.995,P2_02_03_08.csv,35.214509933774835,9.326509933774833
2,5,1,35.7,9.625,34.63,9.033,P2_02_03_08.csv,35.18391022939481,9.328634842875088
3,5,1,35.7,9.625,34.621,9.033,P2_02_03_08.csv,35.16563162033009,9.329595665390343
4,5,1,35.662,9.625,34.584,9.033,P2_02_03_08.csv,35.13696535617323,9.330007949277157
5,5,1,35.597,9.654,34.518,9.062,P2_02_03_08.csv,35.08992700183448,9.343879310664738
6,5,1,35.514,9.702,34.592,8.996,P2_02_03_08.csv,35.05957065754561,9.348577104996394
7,5,1,35.402,9.703,34.555,9.024,P2_02_03_08.csv,35.010532300791596,9.357359597091062
8,5,1,35.375,9.787,34.556,9.071,P2_02_03_08.csv,34.973731244502815,9.389017436421748
9,5,1,35.3,9.816,34.509,9.08,P2_02_03_08.csv,34.92706841874574,9.418502775830401
10,5,1,35.253,9.761,34.472,9.118,P2_02_03_08.csv,34.88056330508265,9.43575326534017
11,5,1,35.179,9.808,34.378,9.073,P2_02_03_08.csv,34.818741970079024,9.447221775041328
12,5,1,35.216,9.77,34.351,9.101,P2_02_03_08.csv,34.77861236107648,9.452075363140716
13,5,1,35.169,9.771,34.304,9.101,P2_02_03_08.csv,34.73632483721166,9.454030799778096
14,5,1,35.104,9.8,34.239,9.13,P2_02_03_08.csv,34.685670345273465,9.464545581244176
15,5,1,35.095,9.772,34.229,9.102,P2_02_03_08.csv,34.64907275375643,9.460890193395054
16,5,1,34.983,9.81,34.024,9.123,P2_02_03_08.csv,34.5685419525993,9.467564946970832
17,5,1,34.927,9.811,33.94,9.096,P2_02_03_08.csv,34.48672283408378,9.466898513384299
18,5,1,34.899,9.83,33.921,9.115,P2_02_03_08.csv,34.42218069322061,9.472419988278048
19,5,1,34.842,9.756,33.921,9.115,P2_02_03_08.csv,34.36996263286391,9.462265928357997
20,5,1,34.806,9.85,33.884,9.181,P2_02_03_08.csv,34.32445781795453,9.483231504925113
21,5,1,34.731,9.804,33.865,9.144,P2_02_03_08.csv,34.280033706857004,9.483726578841557
22,5,1,34.759,9.785,33.828,9.144,P2_02_03_08.csv,34.251758038609154,9.479763483671455
23,5,1,34.722,9.832,33.828,9.2,P2_02_03_08.csv,34.23040280897108,9.495037760477613
24,5,1,34.648,9.88,33.828,9.181,P2_02_03_08.csv,34.20682229658995,9.511691875017878
25,5,1,34.619,9.833,33.81,9.21,P2_02_03_08.csv,34.18574843979454,9.520381722343883
26,5,1,34.563,9.815,33.707,9.202,P2_02_03_08.csv,34.14541776874509,9.521163590586623
27,5,1,34.507,9.788,33.66,9.174,P2_02_03_08.csv,34.10014138647883,9.510512127455613
28,5,1,34.488,9.807,33.631,9.1,P2_02_03_08.csv,34.06138710499926,9.491303977220085
29,5,1,34.367,9.808,33.575,9.11,P2_02_03_08.csv,34.00414230639866,9.478201684792996
30,5,1,34.394,9.762,33.548,9.147,P2_02_03_08.csv,33.96536956334773,9.466745268274485
31,5,1,34.348,9.771,33.501,9.157,P2_02_03_08.csv,33.92419525338914,9.462042247175122
32,5,1,34.274,9.847,33.333,9.169,P2_02_03_08.csv,33.85361450598403,9.475450924503221
33,5,1,34.255,9.819,33.201,9.124,P2_02_03_08.csv,33.77723823302608,9.473045145976695
34,5,1,34.236,9.847,33.164,9.161,P2_02_03_08.csv,33.71478539734124,9.483385883901708
35,5,1,34.152,9.82,33.127,9.124,P2_02_03_08.csv,33.651877768110246,9.479754067985603
36,5,1,34.124,9.839,33.024,9.135,P2_02_03_08.csv,33.58703088863296,9.48237544705886
37,5,1,34.049,9.831,32.995,9.079,P2_02_03_08.csv,33.5258851057129,9.472599841833627
38,5,1,33.984,9.86,32.995,9.033,P2_02_03_08.csv,33.474991938911984,9.46189613521892
39,5,1,33.938,9.907,32.977,9.098,P2_02_03_08.csv,33.4322171653842,9.474561867931511
40,5,1,33.928,9.898,32.986,9.07,P2_02_03_08.csv,33.40703737528377,9.477957053198207
41,5,1,33.816,9.899,32.93,9.136,P2_02_03_08.csv,33.364141172813035,9.492931614804778
42,5,1,33.76,9.881,32.939,9.015,P2_02_03_08.csv,33.32909996459719,9.478713650872185
43,5,1,33.768,9.76,32.93,9.145,P2_02_03_08.csv,33.30841451620256,9.468956382761249
44,5,1,33.73,9.732,32.893,9.118,P2_02_03_08.csv,33.28475450301432,9.4513500666339
45,5,1,33.545,9.902,32.789,9.035,P2_02_03_08.csv,33.21866751373247,9.454179160243829
46,5,1,33.508,9.912,32.724,9.055,P2_02_03_08.csv,33.154037635198456,9.46263336610185
47,5,1,33.564,9.911,32.742,8.989,P2_02_03_08.csv,33.1238550095306,9.457277595155674
48,5,1,33.545,9.94,32.687,9.12,P2_02_03_08.csv,33.093474633991086,9.482813083484077
49,5,1,33.545,9.94,32.631,9.214,P2_02_03_08.csv,33.06576162891438,9.52001149132068
50,5,1,33.527,9.949,32.547,9.252,P2_02_03_08.csv,33.03122998348383,9.556687520340551
51,5,1,33.498,9.921,32.482,9.253,P2_02_03_08.csv,32.99255988479643,9.578345467053277
52,5,1,33.451,9.903,32.426,9.263,P2_02_03_08.csv,32.94895618111562,9.591231328711354
53,5,1,33.423,9.913,32.397,9.17,P2_02_03_08.csv,32.910090207384414,9.583411846570932
54,5,1,33.349,9.914,32.36,9.236,P2_02_03_08.csv,32.8650843287896,9.587496174615225
55,5,1,33.264,9.878,32.341,9.143,P2_02_03_08.csv,32.81665883301651,9.565301514576053
56,5,1,33.18,9.925,32.322,9.106,P2_02_03_08.csv,32.76597481604109,9.548778884657397
57,5,1,33.161,9.823,32.341,9.208,P2_02_03_08.csv,32.73278747340003,9.5357037396694
58,5,1,33.087,9.908,32.275,9.162,P2_02_03_08.csv,32.687474889631545,9.53303331076228
59,5,1,33.03,9.88,32.153,9.108,P2_02_03_08.csv,32.62535654737173,9.516387558326935
60,5,1,32.974,9.863,32.171,9.005,P2_02_03_08.csv,32.57644526618699,9.481978880158646
61,5,1,32.889,9.836,32.077,9.025,P2_02_03_08.csv,32.51225600877476,9.455153633809857
62,5,1,32.843,9.864,32.067,8.941,P2_02_03_08.csv,32.4590846908151,9.425936411203613
63,5,1,32.851,9.705,32.059,9.09,P2_02_03_08.csv,32.425192358605734,9.403785600560942
64,5,1,32.804,9.706,32.012,9.091,P2_02_03_08.csv,32.38883578267006,9.38967075239876
65,5,1,32.776,9.706,31.984,9.091,P2_02_03_08.csv,32.35708285942557,9.381461385317976
66,5,1,32.72,9.707,31.928,9.092,P2_02_03_08.csv,32.31821125862317,9.378001193036196
67,5,1,32.664,9.708,31.872,9.092,P2_02_03_08.csv,32.27348459779382,9.377709262480373
68,5,1,32.617,9.708,31.825,9.093,P2_02_03_08.csv,32.22748400788118,9.379480422034884
69,5,1,32.579,9.709,31.788,9.093,P2_02_03_08.csv,32.184102280434224,9.382453038360413
70,5,1,32.523,9.709,31.731,9.094,P2_02_03_08.csv,32.13583617142032,9.385987688465004
71,5,1,32.476,9.719,31.685,9.104,P2_02_03_08.csv,32.087519122355154,9.393138559054531
72,5,1,32.42,9.72,31.628,9.104,P2_02_03_08.csv,32.03562742534096,9.399296257771292
73,5,1,32.364,9.721,31.572,9.105,P2_02_03_08.csv,31.981297193332026,9.404561762732845
74,5,1,32.317,9.721,31.525,9.106,P2_02_03_08.csv,31.92861298550798,9.408740753626546
75,5,1,32.289,9.722,31.497,9.106,P2_02_03_08.csv,31.88442461497467,9.41194149814228
76,5,1,32.233,9.713,31.441,9.097,P2_02_03_08.csv,31.83656281798897,9.410807554226237
77,5,1,32.195,9.713,31.403,9.098,P2_02_03_08.csv,31.79237166674185,9.409814582342646
78,5,1,32.149,9.705,31.356,9.089,P2_02_03_08.csv,31.74785593050772,9.405711055894423
79,5,1,32.111,9.696,31.319,9.08,P2_02_03_08.csv,31.706295795742008,9.39911012764061
80,5,1,32.064,9.687,31.272,9.071,P2_02_03_08.csv,31.663421651996526,9.390741936533773
81,5,1,32.017,9.687,31.225,9.072,P2_02_03_08.csv,31.619390135415983,9.3847103673652
82,5,1,32.028,9.893,31.207,9.109,P2_02_03_08.csv,31.590429945459785,9.425283948085475
83,5,1,32.009,9.8,31.217,9.184,P2_02_03_08.csv,31.572638750174228,9.453596467312343
84,5,1,31.962,9.791,31.17,9.175,P2_02_03_08.csv,31.547285582364573,9.471203734676928
85,5,1,31.924,9.782,31.132,9.166,P2_02_03_08.csv,31.518756659703673,9.479938542618614
86,5,1,31.877,9.773,31.085,9.157,P2_02_03_08.csv,31.484152136023376,9.481662921635785
87,5,1,31.821,9.764,31.029,9.149,P2_02_03_08.csv,31.441408939818658,9.478293755655793
88,5,1,31.774,9.756,30.982,9.14,P2_02_03_08.csv,31.395792541967847,9.471301293169132
89,5,1,31.737,9.756,30.944,9.14,P2_02_03_08.csv,31.351754837808684,9.465035445599511
90,5,1,31.69,9.757,30.897,9.141,P2_02_03_08.csv,31.30573071981237,9.46009486077786
91,5,1,31.634,9.757,30.841,9.142,P2_02_03_08.csv,31.255056835974532,9.456278600021118
92,5,1,31.596,9.749,30.803,9.133,P2_02_03_08.csv,31.207660656502338,9.450196913450391
93,5,1,31.558,9.74,30.766,9.124,P2_02_03_08.csv,31.16326465569208,9.442308541653627
94,5,1,31.502,9.722,30.642,8.911,P2_02_03_08.csv,31.101954602128853,9.393926170244821
95,5,1,31.464,9.629,30.671,9.013,P2_02_03_08.csv,31.059209585912118,9.358888888205481
96,5,1,31.426,9.629,30.634,9.013,P2_02_03_08.csv,31.01905705220176,9.333758900480758
97,5,1,31.379,9.63,30.587,9.014,P2_02_03_08.csv,30.97724942623515,9.317248919300502
98,5,1,31.342,9.63,30.549,9.014,P2_02_03_08.csv,30.937486876188864,9.307203440125326
99,5,1,31.295,9.631,30.502,9.015,P2_02_03_08.csv,30.89569266235255,9.302405942072765
100,5,1,31.239,9.631,30.446,9.016,P2_02_03_08.csv,30.84888402765695,9.30119786498485
101,5,1,31.182,9.632,30.39,9.016,P2_02_03_08.csv,30.797995074925893,9.302391554263073
102,5,1,31.136,9.633,30.343,9.017,P2_02_03_08.csv,30.747771197184854,9.305230737467134
103,5,1,31.098,9.633,30.305,9.017,P2_02_03_08.csv,30.701396905504136,9.308593924494026
104,5,1,31.042,9.643,30.249,9.027,P2_02_03_08.csv,30.65148193854524,9.315707562333417
105,5,1,30.995,9.644,30.202,9.028,P2_02_03_08.csv,30.602166383500283,9.322100071228244
106,5,1,30.939,9.644,30.146,9.028,P2_02_03_08.csv,30.55009505182623,9.327240172089462
107,5,1,30.892,9.645,30.099,9.029,P2_02_03_08.csv,30.49928998384759,9.33154988886528
108,5,1,30.854,9.645,30.061,9.029,P2_02_03_08.csv,30.452904834737208,9.334703712112285
109,5,1,30.807,9.646,30.014,9.03,P2_02_03_08.csv,30.406658108549305,9.337245902392993
110,5,1,30.742,9.656,29.949,9.04,P2_02_03_08.csv,30.353802565891055,9.342597601877314
112,5,1,30.732,9.647,29.939,9.031,P2_02_03_08.csv,30.316087591742903,9.343087275446374
113,5,1,30.695,9.647,29.902,9.031,P2_02_03_08.csv,30.280178636555096,9.343071657582877
114,5,1,30.648,9.648,29.855,9.032,P2_02_03_08.csv,30.241636293770803,9.343106969519946
115,5,1,30.61,9.648,29.817,9.032,P2_02_03_08.csv,30.20407762860159,9.34288239738301
116,5,1,30.563,9.64,29.77,9.023,P2_02_03_08.csv,30.163786729628608,9.339377766847782
117,5,1,30.433,9.809,29.555,9.1,P2_02_03_08.csv,30.074967731433556,9.381887729109074
118,5,1,30.386,9.754,29.592,9.137,P2_02_03_08.csv,30.01061833708828,9.411176100848694
119,5,1,30.339,9.764,29.546,9.147,P2_02_03_08.csv,29.951132079274757,9.436080328460214
120,5,1,30.273,9.755,29.48,9.139,P2_02_03_08.csv,29.888558429991953,9.450211870264278
121,5,1,30.236,9.755,29.442,9.139,P2_02_03_08.csv,29.83427098581313,9.458878106403432
122,5,1,30.189,9.756,29.395,9.14,P2_02_03_08.csv,29.78304606739864,9.463774128450664
123,5,1,30.132,9.757,29.339,9.14,P2_02_03_08.csv,29.730587735704816,9.465796060088543
124,5,1,30.095,9.757,29.301,9.141,P2_02_03_08.csv,29.68403464100865,9.465882613581572
125,5,1,30.048,9.758,29.254,9.141,P2_02_03_08.csv,29.638426399576147,9.464780186811916
126,5,1,30.01,9.758,29.217,9.142,P2_02_03_08.csv,29.596806594179643,9.463054461723301
127,5,1,29.973,9.759,29.179,9.142,P2_02_03_08.csv,29.558032083315936,9.461112085408145
128,5,1,29.916,9.741,29.122,9.134,P2_02_03_08.csv,29.51396572985366,9.454249728930495
130,5,1,29.822,9.704,28.915,9.052,P2_02_03_08.csv,29.431058749449846,9.42664974107367
131,5,1,29.756,9.677,28.962,9.07,P2_02_03_08.csv,29.370245295004786,9.403700924561747
132,5,1,29.728,9.677,28.934,9.07,P2_02_03_08.csv,29.320636213550582,9.386813399962483
133,5,1,29.671,9.687,28.878,9.08,P2_02_03_08.csv,29.269310002177996,9.378781117470393
134,5,1,29.775,9.752,28.671,9.176,P2_02_03_08.csv,29.218332089907516,9.403764413651523
135,5,1,29.615,9.754,28.822,9.156,P2_02_03_08.csv,29.18486083659737,9.421004568190716
136,5,1,29.568,9.754,28.775,9.156,P2_02_03_08.csv,29.149074528091987,9.434589629744579
137,5,1,29.522,9.764,28.728,9.166,P2_02_03_08.csv,29.111120049957588,9.448474639376409
138,5,1,29.456,9.765,28.662,9.167,P2_02_03_08.csv,29.06392840738096,9.458922149322925
139,5,1,29.409,9.765,28.615,9.167,P2_02_03_08.csv,29.016415832942986,9.466080178011024
140,5,1,29.371,9.775,28.577,9.177,P2_02_03_08.csv,28.972059553151098,9.474279631990905
141,5,1,29.324,9.785,28.53,9.187,P2_02_03_08.csv,28.926882748660923,9.483279614874911
142,5,1,29.277,9.786,28.483,9.188,P2_02_03_08.csv,28.881043073219193,9.489546262645275
143,5,1,29.23,9.786,28.446,9.188,P2_02_03_08.csv,28.83653615582053,9.49330016936513
145,5,1,29.127,9.881,28.333,9.18,P2_02_03_08.csv,28.768736519541346,9.51120733416474
146,5,1,29.109,9.909,28.267,9.162,P2_02_03_08.csv,28.70737103548256,9.525888707906127
147,5,1,29.052,9.901,28.201,9.172,P2_02_03_08.csv,28.644416826729785,9.536289614374926
148,5,1,28.996,9.873,28.107,9.145,P2_02_03_08.csv,28.57559791391881,9.532733692538315
149,5,1,28.929,9.809,28.145,9.21,P2_02_03_08.csv,28.524890933654632,9.528787366943597
150,5,1,28.892,9.809,28.107,9.211,P2_02_03_08.csv,28.4800153148515,9.524947858025248
151,5,1,28.845,9.81,28.06,9.211,P2_02_03_08.csv,28.4359046264026,9.521520580715075
152,5,1,28.798,9.81,28.013,9.212,P2_02_03_08.csv,28.39204727799628,9.518665593680712
153,5,1,28.751,9.811,27.966,9.212,P2_02_03_08.csv,28.34810016645729,9.516438472685401
154,5,1,28.704,9.811,27.919,9.213,P2_02_03_08.csv,28.303853818199087,9.514824416215967
155,5,1,28.741,9.792,27.796,9.083,P2_02_03_08.csv,28.26067451075859,9.486113897017274
156,5,1,28.656,9.737,27.871,9.139,P2_02_03_08.csv,28.23219316670922,9.464310266285086
157,5,1,28.619,9.775,27.72,9.103,P2_02_03_08.csv,28.182043484886552,9.448823532694075
158,5,1,28.553,9.738,27.654,9.122,P2_02_03_08.csv,28.12505336232281,9.434947837568892
159,5,1,28.506,9.748,27.636,9.141,P2_02_03_08.csv,28.075379884319027,9.431140740489486
160,5,1,28.402,9.768,27.579,9.142,P2_02_03_08.csv,28.01399308551025,9.433669937270293
161,5,1,28.365,9.787,27.504,9.152,P2_02_03_08.csv,27.9527256765272,9.442307390578943
162,5,1,28.327,9.76,27.542,9.161,P2_02_03_08.csv,27.912598595460697,9.446602752324457
163,5,1,28.242,9.779,27.419,9.125,P2_02_03_08.csv,27.850662626580018,9.447284848953904
164,5,1,28.205,9.808,27.334,9.145,P2_02_03_08.csv,27.787469710011223,9.457122923499973
165,5,1,28.157,9.771,27.372,9.172,P2_02_03_08.csv,27.7443039360449,9.463030013910043
166,5,1,28.12,9.771,27.334,9.173,P2_02_03_08.csv,27.704831738611674,9.46761656910502
167,5,1,28.073,9.772,27.287,9.173,P2_02_03_08.csv,27.664345528388058,9.471044754038697
168,5,1,28.026,9.773,27.24,9.174,P2_02_03_08.csv,27.62270160317668,9.473693327415603
169,5,1,27.979,9.773,27.193,9.175,P2_02_03_08.csv,27.579901228346408,9.475534390369377
170,5,1,27.931,9.774,27.146,9.175,P2_02_03_08.csv,27.535852745593758,9.476759106425803
171,5,1,28.026,9.773,27.108,9.073,P2_02_03_08.csv,27.518762231972257,9.458365444720146
172,5,1,27.979,9.773,27.052,9.148,P2_02_03_08.csv,27.492818156545365,9.457769039384882
173,5,1,27.875,9.756,27.004,9.102,P2_02_03_08.csv,27.450221339648362,9.445995891586536
174,5,1,27.781,9.785,26.948,9.093,P2_02_03_08.csv,27.394826046681306,9.440899791992145
175,5,1,27.762,9.86,26.929,9.121,P2_02_03_08.csv,27.35043963551908,9.456518949866062
176,5,1,27.678,9.88,26.844,9.122,P2_02_03_08.csv,27.290871414171363,9.472950717332143
177,5,1,27.668,9.833,26.788,9.17,P2_02_03_08.csv,27.23872509100409,9.485737323407182
178,5,1,27.602,9.824,26.721,9.096,P2_02_03_08.csv,27.180434599183393,9.479761629601603
179,5,1,27.621,9.852,26.741,9.161,P2_02_03_08.csv,27.149319941741787,9.491562839332568
180,5,1,27.555,9.778,26.589,9.125,P2_02_03_08.csv,27.092007173420598,9.479922194829049
181,5,1,27.47,9.751,26.684,9.152,P2_02_03_08.csv,27.05607859338573,9.47031500368686
182,5,1,27.423,9.752,26.637,9.153,P2_02_03_08.csv,27.017730448252323,9.463123587617286
183,5,1,27.385,9.752,26.599,9.153,P2_02_03_08.csv,26.980485539785366,9.457739448215602
184,5,1,27.338,9.753,26.552,9.154,P2_02_03_08.csv,26.94055894716515,9.454292751797455
185,5,1,27.291,9.744,26.505,9.145,P2_02_03_08.csv,26.898377351202175,9.44873564019706
186,5,1,27.243,9.745,26.458,9.146,P2_02_03_08.csv,26.85420495005746,9.44525950187755
187,5,1,27.338,9.743,26.363,9.091,P2_02_03_08.csv,26.826023929816962,9.43257651770248
188,5,1,27.3,9.716,26.316,9.091,P2_02_03_08.csv,26.794508450400226,9.418354674851612
189,5,1,27.215,9.726,26.269,9.082,P2_02_03_08.csv,26.75135097554528,9.408380291668202
190,5,1,27.121,9.699,26.202,9.064,P2_02_03_08.csv,26.69368283955916,9.393439848126215
191,5,1,27.092,9.718,26.136,9.065,P2_02_03_08.csv,26.637206460258156,9.386745920510037
192,5,1,27.13,9.708,26.108,9.065,P2_02_03_08.csv,26.601551703936895,9.381054257365319
193,5,1,27.017,9.71,26.07,9.047,P2_02_03_08.csv,26.55259291136242,9.374944234926907
194,5,1,26.885,9.777,26.023,9.02,P2_02_03_08.csv,26.487964651912467,9.37874314397279
195,5,1,26.819,9.778,25.976,9.114,P2_02_03_08.csv,26.42363450028788,9.40022383203881
196,5,1,26.782,9.787,25.9,9.059,P2_02_03_08.csv,26.360114694893436,9.408942257271205
197,5,1,26.763,9.788,25.806,9.05,P2_02_03_08.csv,26.29766423259334,9.414088534999971
198,5,1,26.706,9.816,25.759,9.023,P2_02_03_08.csv,26.238020745033428,9.417912035526712
0,6,1,37.317,11.905,36.156,11.389,P2_02_03_08.csv,36.7365,11.646999999999998
1,6,1,37.355,11.923,36.137,11.389,P2_02_03_08.csv,36.742854304635756,11.653019867549668
2,6,1,37.308,11.905,36.09,11.371,P2_02_03_08.csv,36.71643364444936,11.644683295950067
3,6,1,37.309,11.951,36.222,11.434,P2_02_03_08.csv,36.74071673354771,11.671334396097372
4,6,1,37.308,11.942,36.212,11.425,P2_02_03_08.csv,36.751731390887215,11.681368733374466
5,6,1,37.252,11.933,36.156,11.417,P2_02_03_08.csv,36.73159441553634,11.682776912750574
6,6,1,37.234,11.943,36.138,11.426,P2_02_03_08.csv,36.7106953032546,11.687259283941556
7,6,1,37.197,11.962,36.1,11.445,P2_02_03_08.csv,36.68140447210255,11.69758322244972
8,6,1,37.15,11.963,36.054,11.446,P2_02_03_08.csv,36.643187954189145,11.70458950488958
9,6,1,37.122,11.963,36.026,11.446,P2_02_03_08.csv,36.60612374584533,11.708895165736035
10,6,1,37.085,11.982,35.989,11.465,P2_02_03_08.csv,36.56680486703383,11.718431479074079
11,6,1,37.011,12.02,35.914,11.504,P2_02_03_08.csv,36.51216402982064,11.73914197034855
12,6,1,37.011,12.002,35.914,11.485,P2_02_03_08.csv,36.47398299230762,11.747066209976666
13,6,1,36.936,12.003,35.84,11.486,P2_02_03_08.csv,36.42149062203299,11.752154839321502
14,6,1,36.731,11.996,35.624,11.358,P2_02_03_08.csv,36.30805702487916,11.729855895921803
15,6,1,36.684,11.969,35.559,11.387,P2_02_03_08.csv,36.205461749546494,11.711962174370393
16,6,1,36.675,11.95,35.568,11.415,P2_02_03_08.csv,36.134034323141876,11.69962911800415
17,6,1,36.618,11.923,35.512,11.388,P2_02_03_08.csv,36.06711570895561,11.680524401643636
18,6,1,36.6,11.933,35.493,11.397,P2_02_03_08.csv,36.017886460738694,11.669979732658733
19,6,1,36.535,11.934,35.428,11.398,P2_02_03_08.csv,35.9651154506369,11.663296893270978
20,6,1,36.507,11.934,35.4,11.399,P2_02_03_08.csv,35.922781369792844,11.659477708872483
21,6,1,36.46,11.935,35.353,11.399,P2_02_03_08.csv,35.881167291274046,11.657809138238992
22,6,1,36.413,11.935,35.307,11.4,P2_02_03_08.csv,35.83976411364395,11.65767032198234
23,6,1,36.367,11.936,35.26,11.4,P2_02_03_08.csv,35.79808923781342,11.658547926211334
24,6,1,36.339,11.936,35.232,11.401,P2_02_03_08.csv,35.76268058642939,11.660037213521925
25,6,1,36.292,11.918,35.185,11.383,P2_02_03_08.csv,35.724811207353845,11.655013262608195
26,6,1,36.282,11.9,35.175,11.364,P2_02_03_08.csv,35.69830455929804,11.644662250777417
27,6,1,36.236,11.882,35.129,11.346,P2_02_03_08.csv,35.667010048247036,11.630485105097028
28,6,1,36.208,11.882,35.101,11.347,P2_02_03_08.csv,35.63816091669378,11.620409425355419
29,6,1,36.161,11.864,35.054,11.328,P2_02_03_08.csv,35.60391802149708,11.60675828014973
30,6,1,36.114,11.865,35.007,11.329,P2_02_03_08.csv,35.56525636102023,11.597654013103329
31,6,1,36.067,11.865,34.96,11.33,P2_02_03_08.csv,35.52314254946491,11.592038744487503
32,6,1,36.021,11.847,34.913,11.312,P2_02_03_08.csv,35.47864545756056,11.582291318998902
33,6,1,35.974,11.848,34.867,11.312,P2_02_03_08.csv,35.43248462710459,11.576100195265909
34,6,1,35.927,11.849,34.82,11.313,P2_02_03_08.csv,35.38506216434938,11.57287020125584
35,6,1,35.881,11.849,34.773,11.313,P2_02_03_08.csv,35.337061126367324,11.57147701727428
36,6,1,35.853,11.85,34.745,11.314,P2_02_03_08.csv,35.29563478899466,11.571722818435198
37,6,1,35.787,11.85,34.68,11.315,P2_02_03_08.csv,35.245600204895204,11.57287891509975
38,6,1,35.759,11.851,34.652,11.315,P2_02_03_08.csv,35.2027280457522,11.57455756347016
39,6,1,35.713,11.851,34.605,11.316,P2_02_03_08.csv,35.158738597667,11.576472456147226
40,6,1,35.685,11.852,34.577,11.316,P2_02_03_08.csv,35.120665009748194,11.578424072494176
41,6,1,35.638,11.852,34.53,11.317,P2_02_03_08.csv,35.080121545265804,11.580283534491477
42,6,1,35.61,11.853,34.502,11.317,P2_02_03_08.csv,35.0445108477564,11.58197680180823
43,6,1,35.563,11.853,34.456,11.318,P2_02_03_08.csv,35.00579828719576,11.583470336797436
44,6,1,35.554,11.872,34.446,11.336,P2_02_03_08.csv,34.9781501177059,11.591395189662771
45,6,1,35.508,11.891,34.4,11.356,P2_02_03_08.csv,34.94547196783829,11.604589158955397
46,6,1,35.48,11.892,34.372,11.356,P2_02_03_08.csv,34.915196184632535,11.61460560146427
47,6,1,35.414,11.911,34.306,11.376,P2_02_03_08.csv,34.872607792385324,11.628864935897667
48,6,1,35.368,11.912,34.26,11.376,P2_02_03_08.csv,34.827759831811115,11.639214225090775
49,6,1,35.321,11.913,34.213,11.377,P2_02_03_08.csv,34.78102515289952,11.646496814499713
50,6,1,35.293,11.913,34.185,11.377,P2_02_03_08.csv,34.74008332116824,11.650975483272179
51,6,1,35.228,11.914,34.119,11.378,P2_02_03_08.csv,34.69000115395977,11.653696831034061
52,6,1,35.2,11.914,34.091,11.378,P2_02_03_08.csv,34.64674927567897,11.654803301537704
53,6,1,35.153,11.915,34.045,11.379,P2_02_03_08.csv,34.60220059794167,11.655171049282245
54,6,1,35.106,11.916,33.998,11.38,P2_02_03_08.csv,34.55649384697983,11.655122666982594
55,6,1,35.059,11.916,33.951,11.38,P2_02_03_08.csv,34.50995323308424,11.65452618927163
56,6,1,35.031,11.917,33.923,11.381,P2_02_03_08.csv,34.46985472893383,11.65399977098823
57,6,1,34.966,11.917,33.858,11.381,P2_02_03_08.csv,34.42114311400795,11.65327017784299
58,6,1,34.938,11.918,33.829,11.382,P2_02_03_08.csv,34.379156775949895,11.652838973917897
59,6,1,34.891,11.918,33.783,11.382,P2_02_03_08.csv,34.335851404584076,11.652341177578853
60,6,1,34.844,11.919,33.736,11.383,P2_02_03_08.csv,34.291275136237125,11.65220957935832
61,6,1,34.798,11.92,33.689,11.384,P2_02_03_08.csv,34.245888298134965,11.65239907845309
62,6,1,34.77,11.92,33.661,11.384,P2_02_03_08.csv,34.20672198601596,11.652487002950714
63,6,1,34.723,11.921,33.614,11.385,P2_02_03_08.csv,34.165364959899904,11.652872502238118
64,6,1,34.714,11.921,33.605,11.385,P2_02_03_08.csv,34.13618662106135,11.653126003590744
65,6,1,34.667,11.921,33.558,11.385,P2_02_03_08.csv,34.10229005051348,11.653276030823376
66,6,1,34.62,11.922,33.511,11.386,P2_02_03_08.csv,34.06437365930232,11.65371749926249
67,6,1,34.573,11.923,33.465,11.387,P2_02_03_08.csv,34.02338210290652,11.654387336797331
68,6,1,34.527,11.923,33.418,11.387,P2_02_03_08.csv,33.98001147778932,11.654858893726669
69,6,1,34.48,11.924,33.371,11.388,P2_02_03_08.csv,33.93470592555329,11.655536492005117
70,6,1,34.452,11.943,33.343,11.407,P2_02_03_08.csv,33.89504923400975,11.663006136720936
71,6,1,34.387,11.944,33.277,11.408,P2_02_03_08.csv,33.84605919521094,11.669043487569022
72,6,1,34.358,11.944,33.249,11.408,P2_02_03_08.csv,33.803506475872254,11.673407681388777
73,6,1,34.293,11.945,33.184,11.409,P2_02_03_08.csv,33.75267723739072,11.676737516403504
74,6,1,34.265,11.964,33.156,11.428,P2_02_03_08.csv,33.70913837014793,11.685865582091987
75,6,1,34.218,11.965,33.109,11.429,P2_02_03_08.csv,33.66443161935721,11.692802174138025
76,6,1,34.172,11.965,33.062,11.429,P2_02_03_08.csv,33.61898970011958,11.697514879118469
77,6,1,34.125,11.966,33.015,11.43,P2_02_03_08.csv,33.57281524574309,11.700817850828004
78,6,1,34.097,11.985,32.988,11.449,P2_02_03_08.csv,33.533302120585425,11.709684208594842
79,6,1,34.05,11.986,32.941,11.449,P2_02_03_08.csv,33.49175950715655,11.7160472830174
80,6,1,34.003,11.986,32.894,11.45,P2_02_03_08.csv,33.44850203192865,11.720364148284435
81,6,1,33.975,11.987,32.866,11.45,P2_02_03_08.csv,33.410869617171656,11.723085943662975
82,6,1,33.947,12.006,32.838,11.469,P2_02_03_08.csv,33.37755372616065,11.731444912581209
83,6,1,33.92,12.025,32.81,11.488,P2_02_03_08.csv,33.34756963438086,11.744208192256362
84,6,1,33.873,12.025,32.763,11.489,P2_02_03_08.csv,33.312696944646,11.75342681754453
85,6,1,33.807,12.026,32.697,11.49,P2_02_03_08.csv,33.26676939800991,11.759899256489499
86,6,1,33.761,12.046,32.651,11.509,P2_02_03_08.csv,33.219641632567345,11.771023872668545
87,6,1,33.714,12.046,32.604,11.51,P2_02_03_08.csv,33.17147707313474,11.77874590086936
88,6,1,33.686,12.047,32.576,11.51,P2_02_03_08.csv,33.12975554129132,11.783746000553437
89,6,1,33.62,12.048,32.51,11.511,P2_02_03_08.csv,33.079181749906006,11.786854496032802
90,6,1,33.592,12.048,32.482,11.511,P2_02_03_08.csv,33.03580379137451,11.788232578512572
91,6,1,33.527,12.049,32.416,11.512,P2_02_03_08.csv,32.9843647845313,11.788777417937402
92,6,1,33.498,12.049,32.388,11.513,P2_02_03_08.csv,32.94036090028976,11.788648041350807
93,6,1,33.433,12.05,32.323,11.514,P2_02_03_08.csv,32.88882572638313,11.788327373371754
94,6,1,33.405,12.069,32.295,11.533,P2_02_03_08.csv,32.84510748757983,11.794627227719722
95,6,1,33.339,12.07,32.229,11.533,P2_02_03_08.csv,32.79356300474142,11.799295105521665
96,6,1,33.311,12.07,32.201,11.534,P2_02_03_08.csv,32.74993921894843,11.802601534371602
97,6,1,33.265,12.071,32.154,11.534,P2_02_03_08.csv,32.705736573300996,11.804825476318822
98,6,1,33.236,12.071,32.126,11.535,P2_02_03_08.csv,32.66762230181947,11.806229053199866
99,6,1,33.19,12.072,32.079,11.535,P2_02_03_08.csv,32.62747925559516,11.807042928437427
100,6,1,33.143,12.054,32.032,11.517,P2_02_03_08.csv,32.585365979548534,11.800638881562872
101,6,1,33.096,12.036,31.985,11.499,P2_02_03_08.csv,32.541620594516424,11.788756702111806
102,6,1,33.068,12.036,31.957,11.5,P2_02_03_08.csv,32.50359127993762,11.779750705821327
103,6,1,33.021,12.018,31.91,11.482,P2_02_03_08.csv,32.46296244124273,11.766495088386401
104,6,1,32.992,12.019,31.882,11.482,P2_02_03_08.csv,32.42700696144496,11.75700035708496
105,6,1,32.946,12.019,31.835,11.483,P2_02_03_08.csv,32.38795786102585,11.750674058662673
106,6,1,32.917,12.02,31.807,11.483,P2_02_03_08.csv,32.35300005558397,11.746890420623155
107,6,1,32.871,12.02,31.76,11.484,P2_02_03_08.csv,32.3145018941197,11.745052356487216
108,6,1,32.824,12.021,31.713,11.484,P2_02_03_08.csv,32.27294852611218,11.744628331308476
109,6,1,32.777,12.021,31.666,11.485,P2_02_03_08.csv,32.22903360080443,11.745170426965252
110,6,1,32.73,12.022,31.619,11.485,P2_02_03_08.csv,32.183382666605354,11.746319103231134
111,6,1,32.683,12.023,31.572,11.486,P2_02_03_08.csv,32.1365285758269,11.74798352456055
112,6,1,32.636,12.023,31.525,11.487,P2_02_03_08.csv,32.088903322549164,11.749736407911314
113,6,1,32.589,12.024,31.478,11.487,P2_02_03_08.csv,32.04084090346898,11.751445590386389
114,6,1,32.543,12.025,31.431,11.488,P2_02_03_08.csv,31.992771253544074,11.753215451145264
115,6,1,32.496,12.025,31.384,11.488,P2_02_03_08.csv,31.944637412474087,11.754593763167065
116,6,1,32.468,12.044,31.356,11.508,P2_02_03_08.csv,31.903558175769614,11.762804753604861
117,6,1,32.421,12.045,31.31,11.508,P2_02_03_08.csv,31.861151125236994,11.769221239226114
118,6,1,32.393,12.045,31.281,11.508,P2_02_03_08.csv,31.824216954494815,11.77385039034994
119,6,1,32.346,12.065,31.235,11.528,P2_02_03_08.csv,31.784771673769516,11.784357088104843
120,6,1,32.318,12.065,31.206,11.528,P2_02_03_08.csv,31.749816913580435,11.791954928584715
121,6,1,32.252,12.066,31.141,11.529,P2_02_03_08.csv,31.704568552489604,11.797481365539786
122,6,1,32.224,12.066,31.113,11.529,P2_02_03_08.csv,31.66503833676387,11.800971761569313
123,6,1,32.177,12.067,31.066,11.53,P2_02_03_08.csv,31.623029161321554,11.803268133037779
124,6,1,32.149,12.067,31.037,11.53,P2_02_03_08.csv,31.58587913373933,11.804339010618486
125,6,1,32.102,12.087,30.991,11.55,P2_02_03_08.csv,31.545847689751024,11.811924856032645
126,6,1,32.055,12.087,30.944,11.55,P2_02_03_08.csv,31.503298864183826,11.817236333976194
127,6,1,32.009,12.088,30.897,11.551,P2_02_03_08.csv,31.458991455066542,11.821058634020165
128,6,1,31.962,12.089,30.85,11.552,P2_02_03_08.csv,31.413215272035714,11.823716549075776
129,6,1,31.915,12.089,30.803,11.552,P2_02_03_08.csv,31.366414593208614,11.825138955575346
130,6,1,31.868,12.09,30.756,11.553,P2_02_03_08.csv,31.31895129902419,11.826037037204754
131,6,1,31.821,12.09,30.709,11.553,P2_02_03_08.csv,31.27110649783573,11.826243517015548
132,6,1,31.774,12.091,30.662,11.554,P2_02_03_08.csv,31.223087969936252,11.826365659498915
133,6,1,31.727,12.092,30.615,11.555,P2_02_03_08.csv,31.17504069337329,11.826504309061544
134,6,1,31.699,12.092,30.587,11.555,P2_02_03_08.csv,31.134063518495687,11.826353132297127
135,6,1,31.652,12.093,30.54,11.556,P2_02_03_08.csv,31.09157586096784,11.826399682275339
136,6,1,31.624,12.093,30.512,11.556,P2_02_03_08.csv,31.05478112521025,11.826278130180436
137,6,1,31.577,12.094,30.465,11.557,P2_02_03_08.csv,31.01527415748389,11.826428797183063
138,6,1,31.549,12.075,30.436,11.538,P2_02_03_08.csv,30.980280256101086,11.819445078025872
139,6,1,31.502,12.076,30.389,11.539,P2_02_03_08.csv,30.94183079361014,11.814376292215517
140,6,1,31.474,12.076,30.361,11.539,P2_02_03_08.csv,30.907525442384294,11.810629940701718
141,6,1,31.427,12.077,30.314,11.54,P2_02_03_08.csv,30.86933227920578,11.808384813684887
142,6,1,31.398,12.077,30.286,11.54,P2_02_03_08.csv,30.834805633936604,11.80697658637351
143,6,1,31.352,12.078,30.239,11.541,P2_02_03_08.csv,30.796436207117605,11.806577282666156
144,6,1,31.323,12.078,30.211,11.541,P2_02_03_08.csv,30.76163111607244,11.806557422003822
145,6,1,31.276,12.06,30.164,11.523,P2_02_03_08.csv,30.722756515329227,11.800142333773875
146,6,1,31.248,12.061,30.135,11.524,P2_02_03_08.csv,30.687487868011015,11.795774408094456
147,6,1,31.201,12.043,30.088,11.505,P2_02_03_08.csv,30.648212816769185,11.785936011459514
148,6,1,31.154,12.043,30.041,11.506,P2_02_03_08.csv,30.605794680045502,11.778960861110589
149,6,1,31.107,12.025,29.994,11.488,P2_02_03_08.csv,30.561028217259217,11.767566561014332
150,6,1,31.079,12.026,29.966,11.488,P2_02_03_08.csv,30.5216067972558,11.759678229881434
151,6,1,31.013,12.008,29.9,11.47,P2_02_03_08.csv,30.472457188881094,11.747849065649456
152,6,1,30.985,12.008,29.872,11.471,P2_02_03_08.csv,30.429837268659806,11.739862390478775
153,6,1,30.938,12.009,29.825,11.471,P2_02_03_08.csv,30.38549622006153,11.734975842254157
154,6,1,30.891,12.009,29.778,11.472,P2_02_03_08.csv,30.339857331865755,11.73247443622504
155,6,1,30.844,12.01,29.731,11.473,P2_02_03_08.csv,30.29329095225539,11.731901623784678
156,6,1,30.816,12.01,29.703,11.473,P2_02_03_08.csv,30.253109620667825,11.732302640840624
157,6,1,30.769,12.011,29.656,11.474,P2_02_03_08.csv,30.210922088730573,11.73365527318742
158,6,1,30.741,12.03,29.627,11.493,P2_02_03_08.csv,30.173906335484126,11.74221700802153
159,6,1,30.694,12.031,29.58,11.493,P2_02_03_08.csv,30.13401152201595,11.74933862675033
160,6,1,30.665,12.031,29.552,11.494,P2_02_03_08.csv,30.09855527030908,11.755024958049658
161,6,1,30.637,12.032,29.524,11.494,P2_02_03_08.csv,30.06663819737868,11.759393091453553
162,6,1,30.609,12.032,29.496,11.494,P2_02_03_08.csv,30.037266688554045,11.762437341792205
163,6,1,30.562,12.033,29.449,11.495,P2_02_03_08.csv,30.002606163344453,11.764772611209949
164,6,1,30.515,12.033,29.402,11.496,P2_02_03_08.csv,29.963626173490052,11.76636985393852
165,6,1,30.468,12.034,29.355,11.496,P2_02_03_08.csv,29.921282014451105,11.7674139886012
166,6,1,30.421,12.034,29.308,11.497,P2_02_03_08.csv,29.876444078261123,11.76806570420122
167,6,1,30.374,12.035,29.261,11.498,P2_02_03_08.csv,29.829859999037595,11.768641968809582
168,6,1,30.327,12.036,29.213,11.498,P2_02_03_08.csv,29.781956165540667,11.769019925030417
169,6,1,30.28,12.036,29.166,11.499,P2_02_03_08.csv,29.733435582912303,11.769282383466424
170,6,1,30.233,12.037,29.119,11.499,P2_02_03_08.csv,29.684646456377216,11.769490800492145
171,6,1,30.186,12.038,29.072,11.5,P2_02_03_08.csv,29.635829949891935,11.769872611377759
172,6,1,30.158,12.038,29.044,11.5,P2_02_03_08.csv,29.594145528537,11.770044320267782
173,6,1,30.092,12.039,28.978,11.501,P2_02_03_08.csv,29.54404091049048,11.770438432002877
174,6,1,30.064,12.039,28.95,11.502,P2_02_03_08.csv,29.501367614213287,11.770836747564
175,6,1,30.017,12.059,28.903,11.521,P2_02_03_08.csv,29.457546644231293,11.778250835908166
176,6,1,30.008,12.059,28.894,11.521,P2_02_03_08.csv,29.426758620446037,11.78386498433263
177,6,1,29.961,12.059,28.846,11.522,P2_02_03_08.csv,29.3917352250992,11.788081075571561
178,6,1,29.932,12.06,28.818,11.522,P2_02_03_08.csv,29.36005168933074,11.791119291173414
179,6,1,29.885,12.079,28.771,11.541,P2_02_03_08.csv,29.323908905002252,11.800032919517447
180,6,1,29.857,12.079,28.743,11.542,P2_02_03_08.csv,29.291093312593443,11.806636495345987
181,6,1,29.81,12.08,28.696,11.542,P2_02_03_08.csv,29.253755806685643,11.811296742190763
182,6,1,29.782,12.099,28.668,11.561,P2_02_03_08.csv,29.219800858366817,11.821220281683091
183,6,1,29.735,12.1,28.621,11.562,P2_02_03_08.csv,29.181449477466398,11.828551429250647
184,6,1,29.688,12.1,28.574,11.563,P2_02_03_08.csv,29.139635390184605,11.83355857817981
185,6,1,29.641,12.101,28.527,11.563,P2_02_03_08.csv,29.095223200883176,11.836740438248613
186,6,1,29.613,12.101,28.498,11.564,P2_02_03_08.csv,29.055785875344696,11.838556880564681
187,6,1,29.547,12.121,28.432,11.583,P2_02_03_08.csv,29.006532541640638,11.84641175716292
188,6,1,29.519,12.121,28.404,11.584,P2_02_03_08.csv,28.963761695771947,11.851999006847857
189,6,1,29.453,12.122,28.338,11.585,P2_02_03_08.csv,28.91224687566641,11.855934807007916
190,6,1,29.425,12.123,28.31,11.585,P2_02_03_08.csv,28.868071020086827,11.858410416552864
191,6,1,29.378,12.123,28.263,11.586,P2_02_03_08.csv,28.822808570636788,11.859807215186773
192,6,1,29.33,12.105,28.216,11.567,P2_02_03_08.csv,28.77653773891616,11.853446650851776
193,6,1,29.283,12.087,28.168,11.549,P2_02_03_08.csv,28.729532637766276,11.841408558133118
194,6,1,29.236,12.069,28.121,11.531,P2_02_03_08.csv,28.68220900308941,11.825312459053157
195,6,1,29.208,12.069,28.093,11.532,P2_02_03_08.csv,28.641715027791673,11.813323906332196
196,6,1,29.18,12.07,28.065,11.532,P2_02_03_08.csv,28.606525422061804,11.804920785053866
197,6,1,29.151,12.07,28.036,11.532,P2_02_03_08.csv,28.574887103217495,11.799304252408504
198,6,1,29.123,12.071,28.008,11.533,P2_02_03_08.csv,28.546069075054557,11.79626188068157
0,7,1,37.14,12.755,36.051,12.043,P2_02_03_08.csv,36.5955,12.399000000000001
1,7,1,37.168,12.774,36.032,12.034,P2_02_03_08.csv,36.59850993377483,12.402344370860927
2,7,1,37.122,12.756,35.985,12.016,P2_02_03_08.csv,36.57074216709983,12.392678386274438
3,7,1,37.094,12.756,35.957,12.016,P2_02_03_08.csv,36.54047852798503,12.38762004218627
4,7,1,37.056,12.738,35.919,11.998,P2_02_03_08.csv,36.50491880199686,12.37572622430518
5,7,1,36.991,12.72,35.854,11.98,P2_02_03_08.csv,36.45425221283239,12.36042132352954
6,7,1,36.981,12.72,35.845,11.98,P2_02_03_08.csv,36.41970681871397,12.351195217082207
7,7,1,36.944,12.721,35.807,11.981,P2_02_03_08.csv,36.383525790353744,12.34612986801874
8,7,1,36.897,12.721,35.761,11.981,P2_02_03_08.csv,36.34274114950972,12.343383823707892
9,7,1,36.869,12.722,35.733,11.982,P2_02_03_08.csv,36.30594699046717,12.342591980420098
10,7,1,36.813,12.723,35.677,11.982,P2_02_03_08.csv,36.26155777741102,12.342954811754831
11,7,1,36.739,12.724,35.602,11.983,P2_02_03_08.csv,36.20471690477981,12.34426120466896
12,7,1,36.739,12.724,35.602,11.983,P2_02_03_08.csv,36.16632897924971,12.345788029615287
13,7,1,36.701,12.724,35.565,11.984,P2_02_03_08.csv,36.128593643444965,12.34753557515125
14,7,1,36.683,12.724,35.546,11.984,P2_02_03_08.csv,36.098303028533394,12.349147362549473
15,7,1,36.646,12.725,35.508,11.985,P2_02_03_08.csv,36.066636769496306,12.350918042099554
16,7,1,36.44,12.737,35.313,12.043,P2_02_03_08.csv,35.973524205962164,12.36526881542716
17,7,1,36.431,12.737,35.303,12.034,P2_02_03_08.csv,35.903534234132,12.374633684886678
18,7,1,36.412,12.738,35.285,12.034,P2_02_03_08.csv,35.84962955518024,12.38159309290054
19,7,1,36.366,12.738,35.238,12.035,P2_02_03_08.csv,35.7983659294494,12.386520578830696
20,7,1,36.338,12.739,35.21,12.035,P2_02_03_08.csv,35.75597013325574,12.389813682312544
21,7,1,36.291,12.721,35.163,12.017,P2_02_03_08.csv,35.713308988658895,12.385031403897115
22,7,1,36.263,12.74,35.135,12.036,P2_02_03_08.csv,35.677141469600755,12.387744767484616
23,7,1,36.198,12.722,35.07,12.019,P2_02_03_08.csv,35.632079529704434,12.383025492867686
24,7,1,36.151,12.723,35.023,12.019,P2_02_03_08.csv,35.58645559423088,12.379235500167738
25,7,1,36.086,12.723,34.958,12.02,P2_02_03_08.csv,35.53373107445817,12.376372916582026
26,7,1,36.058,12.724,34.93,12.021,P2_02_03_08.csv,35.489190200185384,12.37454727518686
27,7,1,36.029,12.724,34.902,12.021,P2_02_03_08.csv,35.45094555026665,12.373232064720193
28,7,1,36.002,12.743,34.874,12.04,P2_02_03_08.csv,35.41781871912083,12.379348640632905
29,7,1,35.955,12.744,34.827,12.041,P2_02_03_08.csv,35.38118053546087,12.384544286840171
30,7,1,35.927,12.726,34.799,12.022,P2_02_03_08.csv,35.3485073403761,12.381635791321358
31,7,1,35.899,12.726,34.771,12.023,P2_02_03_08.csv,35.31870860791817,12.379377257742957
32,7,1,35.852,12.727,34.724,12.023,P2_02_03_08.csv,35.28386243910518,12.377748233973033
33,7,1,35.824,12.727,34.696,12.024,P2_02_03_08.csv,35.251869111138674,12.37668579061733
34,7,1,35.777,12.728,34.649,12.024,P2_02_03_08.csv,35.21498906905266,12.376105181582014
35,7,1,35.731,12.728,34.602,12.025,P2_02_03_08.csv,35.174404237468266,12.37591462115725
36,7,1,35.703,12.729,34.574,12.025,P2_02_03_08.csv,35.13783122850533,12.376025172354296
37,7,1,35.656,12.729,34.528,12.026,P2_02_03_08.csv,35.097651411031826,12.376356763160441
38,7,1,35.628,12.73,34.5,12.026,P2_02_03_08.csv,35.06151309136998,12.37684128028379
39,7,1,35.6,12.712,34.471,12.008,P2_02_03_08.csv,35.02838851346029,12.370602875492692
40,7,1,35.553,12.693,34.424,11.99,P2_02_03_08.csv,34.99071330247881,12.359001334531946
41,7,1,35.506,12.694,34.378,11.991,P2_02_03_08.csv,34.94960865426301,12.350655236116792
42,7,1,35.459,12.695,34.331,11.991,P2_02_03_08.csv,34.905725923145624,12.344922596585683
43,7,1,35.394,12.696,34.265,11.992,P2_02_03_08.csv,34.85302097046189,12.341519428545874
44,7,1,35.366,12.696,34.237,11.993,P2_02_03_08.csv,34.80755553047089,12.339752399476113
45,7,1,35.319,12.697,34.191,11.993,P2_02_03_08.csv,34.76122751868816,12.33919841473854
46,7,1,35.291,12.697,34.163,11.994,P2_02_03_08.csv,34.721161984485846,12.339493986143669
47,7,1,35.226,12.717,34.097,12.013,P2_02_03_08.csv,34.6721829724714,12.347347176406787
48,7,1,35.198,12.717,34.069,12.013,P2_02_03_08.csv,34.63008981627,12.353707612647769
49,7,1,35.151,12.718,34.022,12.014,P2_02_03_08.csv,34.58645853104662,12.358988969029783
50,7,1,35.105,12.718,33.976,12.015,P2_02_03_08.csv,34.54195722808891,12.363064568105639
51,7,1,35.058,12.719,33.929,12.015,P2_02_03_08.csv,34.49641890536629,12.366094855935437
52,7,1,35.03,12.738,33.901,12.034,P2_02_03_08.csv,34.457114799398724,12.375084876129177
53,7,1,34.965,12.758,33.836,12.054,P2_02_03_08.csv,34.409003217851094,12.389001388838178
54,7,1,34.937,12.758,33.807,12.054,P2_02_03_08.csv,34.36744653220281,12.399137703060951
55,7,1,34.89,12.759,33.761,12.055,P2_02_03_08.csv,34.32442911126422,12.406450829033853
56,7,1,34.843,12.759,33.714,12.056,P2_02_03_08.csv,34.28002845576624,12.411295683394274
57,7,1,34.796,12.76,33.667,12.056,P2_02_03_08.csv,34.234548013752004,12.414237062543561
58,7,1,34.75,12.761,33.62,12.057,P2_02_03_08.csv,34.18844949398622,12.415967114441369
59,7,1,34.703,12.761,33.573,12.057,P2_02_03_08.csv,34.1417445304036,12.41650574609006
60,7,1,34.656,12.762,33.527,12.058,P2_02_03_08.csv,34.094817611475776,12.416618106974969
61,7,1,34.591,12.763,33.461,12.059,P2_02_03_08.csv,34.040779450559064,12.416531884871828
62,7,1,34.563,12.782,33.433,12.078,P2_02_03_08.csv,33.995166897585584,12.423042953855232
63,7,1,34.535,12.801,33.405,12.097,P2_02_03_08.csv,33.9562729562713,12.434711294322716
64,7,1,34.507,12.783,33.377,12.079,P2_02_03_08.csv,33.92248614747291,12.436576637162318
65,7,1,34.46,12.802,33.33,12.098,P2_02_03_08.csv,33.88537829432226,12.44431620004783
66,7,1,34.432,12.784,33.302,12.08,P2_02_03_08.csv,33.852392876800515,12.443017546776625
67,7,1,34.385,12.803,33.255,12.099,P2_02_03_08.csv,33.81540108753434,12.448327326689279
68,7,1,34.357,12.785,33.227,12.081,P2_02_03_08.csv,33.78208985543252,12.445255468285193
69,7,1,34.31,12.804,33.181,12.1,P2_02_03_08.csv,33.74470351847697,12.449347440118954
70,7,1,34.263,12.786,33.134,12.082,P2_02_03_08.csv,33.70383604041207,12.44550516465943
71,7,1,34.217,12.806,33.087,12.101,P2_02_03_08.csv,33.66046795230129,12.449354720351014
72,7,1,34.189,12.787,33.059,12.083,P2_02_03_08.csv,33.62209304427586,12.445293665538435
73,7,1,34.142,12.788,33.012,12.084,P2_02_03_08.csv,33.58068970074783,12.44228066645009
74,7,1,34.114,12.77,32.983,12.065,P2_02_03_08.csv,33.54375047695464,12.433058790533746
75,7,1,34.067,12.752,32.936,12.047,P2_02_03_08.csv,33.503479357470965,12.419364312999587
76,7,1,34.02,12.752,32.89,12.048,P2_02_03_08.csv,33.46075446479914,12.409324820708637
77,7,1,33.973,12.734,32.843,12.03,P2_02_03_08.csv,33.41599617622,12.395609492391735
78,7,1,33.926,12.697,32.795,11.993,P2_02_03_08.csv,33.36959171803344,12.372228079234814
79,7,1,33.86,12.68,32.73,11.975,P2_02_03_08.csv,33.31542461065313,12.348851648563446
80,7,1,33.832,12.699,32.702,11.994,P2_02_03_08.csv,33.26928211438984,12.339402326226292
81,7,1,33.804,12.718,32.674,12.014,P2_02_03_08.csv,33.22964718176898,12.341190169565202
82,7,1,33.757,12.718,32.627,12.014,P2_02_03_08.csv,33.18803998032121,12.344290130914288
83,7,1,33.711,12.738,32.58,12.033,P2_02_03_08.csv,33.14494351549588,12.355161524774608
84,7,1,33.682,12.719,32.552,12.015,P2_02_03_08.csv,33.10727278273333,12.357614639637806
85,7,1,33.636,12.739,32.505,12.034,P2_02_03_08.csv,33.06711969870187,12.367098423492918
86,7,1,33.589,12.721,32.458,12.016,P2_02_03_08.csv,33.024710833324576,12.367990870231814
87,7,1,33.542,12.74,32.411,12.036,P2_02_03_08.csv,32.98051307249458,12.375784119760452
88,7,1,33.495,12.741,32.365,12.036,P2_02_03_08.csv,32.93514764796165,12.381859064033078
89,7,1,33.448,12.741,32.318,12.037,P2_02_03_08.csv,32.888770570198645,12.38640626003404
90,7,1,33.42,12.742,32.29,12.037,P2_02_03_08.csv,32.84871036692434,12.389667396624638
91,7,1,33.373,12.742,32.243,12.038,P2_02_03_08.csv,32.80659130013284,12.391897239471728
92,7,1,33.327,12.743,32.196,12.039,P2_02_03_08.csv,32.76296897193849,12.393522910482883
93,7,1,33.261,12.744,32.13,12.04,P2_02_03_08.csv,32.71097958543809,12.394717446682073
94,7,1,33.233,12.744,32.102,12.04,P2_02_03_08.csv,32.66660482245133,12.395255658351509
95,7,1,33.167,12.745,32.036,12.041,P2_02_03_08.csv,32.61432825764359,12.395705445891156
96,7,1,33.139,12.764,32.008,12.06,P2_02_03_08.csv,32.5699828569726,12.402779480533592
97,7,1,33.074,12.784,31.943,12.079,P2_02_03_08.csv,32.518301844214726,12.415167416928712
98,7,1,33.046,12.784,31.915,12.08,P2_02_03_08.csv,32.474572888160985,12.424470143680779
99,7,1,33.018,12.766,31.886,12.062,P2_02_03_08.csv,32.43692957956342,12.42430501606571
100,7,1,33.008,12.785,31.877,12.08,P2_02_03_08.csv,32.41085974702486,12.43020267743005
101,7,1,32.961,12.767,31.83,12.062,P2_02_03_08.csv,32.37958723300264,12.427472133059176
102,7,1,32.915,12.786,31.783,12.082,P2_02_03_08.csv,32.3439649066034,12.431906981485925
103,7,1,32.868,12.768,31.736,12.064,P2_02_03_08.csv,32.304547852565044,12.428236710220341
104,7,1,32.821,12.788,31.69,12.083,P2_02_03_08.csv,32.262316973198004,12.432136729380858
105,7,1,32.774,12.788,31.643,12.083,P2_02_03_08.csv,32.217786140118825,12.434866094466285
106,7,1,32.746,12.789,31.614,12.084,P2_02_03_08.csv,32.178427822788386,12.437008233480467
107,7,1,32.699,12.789,31.568,12.085,P2_02_03_08.csv,32.13656138271563,12.438504556536412
108,7,1,32.671,12.79,31.539,12.085,P2_02_03_08.csv,32.09937972289189,12.439514004023266
109,7,1,32.624,12.79,31.492,12.086,P2_02_03_08.csv,32.05902473620175,12.440175602009127
110,7,1,32.577,12.772,31.445,12.067,P2_02_03_08.csv,32.01613840354192,12.433599718539552
111,7,1,32.53,12.792,31.399,12.087,P2_02_03_08.csv,31.971511488131828,12.435701702224708
112,7,1,32.502,12.773,31.37,12.068,P2_02_03_08.csv,31.93227324575591,12.430325468566465
113,7,1,32.455,12.774,31.323,12.069,P2_02_03_08.csv,31.890469459965548,12.426519379748695
114,7,1,32.427,12.774,31.295,12.069,P2_02_03_08.csv,31.85363818441744,12.423717727607881
115,7,1,32.361,12.757,31.229,12.052,P2_02_03_08.csv,31.806637735016206,12.415505129181172
116,7,1,32.333,12.738,31.201,12.033,P2_02_03_08.csv,31.765717811618874,12.402440948387296
117,7,1,32.286,12.758,31.154,12.053,P2_02_03_08.csv,31.722658123944523,12.400221030375025
118,7,1,32.258,12.758,31.126,12.053,P2_02_03_08.csv,31.684939534720836,12.399239007559382
119,7,1,32.211,12.759,31.079,12.054,P2_02_03_08.csv,31.644360007652995,12.399485198113743
120,7,1,32.183,12.759,31.051,12.054,P2_02_03_08.csv,31.608469230488094,12.400197984439716
121,7,1,32.136,12.76,31.004,12.055,P2_02_03_08.csv,31.569160449628168,12.401517390745358
122,7,1,32.089,12.76,30.957,12.055,P2_02_03_08.csv,31.52708272841368,12.402825699764257
123,7,1,32.042,12.78,30.91,12.075,P2_02_03_08.csv,31.482865836285278,12.411396776666844
124,7,1,32.014,12.799,30.882,12.094,P2_02_03_08.csv,31.44408236317761,12.425092340194608
125,7,1,31.967,12.799,30.835,12.094,P2_02_03_08.csv,31.402580846085137,12.435439488242396
126,7,1,31.92,12.8,30.788,12.095,P2_02_03_08.csv,31.35892650721095,12.44321928671738
127,7,1,31.874,12.801,30.741,12.096,P2_02_03_08.csv,31.313831575223873,12.448839591607506
128,7,1,31.845,12.801,30.713,12.096,P2_02_03_08.csv,31.274351890217456,12.4523607848089
129,7,1,31.78,12.802,30.647,12.097,P2_02_03_08.csv,31.225648188577832,12.454645689014592
130,7,1,31.752,12.802,30.619,12.097,P2_02_03_08.csv,31.183612420472272,12.4556793283497
131,7,1,31.705,12.822,30.572,12.117,P2_02_03_08.csv,31.139896386240324,12.463214624717649
132,7,1,31.658,12.841,30.525,12.136,P2_02_03_08.csv,31.09485864863581,12.475476206198564
133,7,1,31.611,12.842,30.478,12.137,P2_02_03_08.csv,31.048830589516427,12.484620605819103
134,7,1,31.583,12.842,30.45,12.137,P2_02_03_08.csv,31.009105140525655,12.490781284175723
135,7,1,31.536,12.843,30.403,12.138,P2_02_03_08.csv,30.96728522474554,12.494937486423924
136,7,1,31.527,12.843,30.394,12.138,P2_02_03_08.csv,30.937741537439834,12.497208772286493
137,7,1,31.48,12.844,30.347,12.138,P2_02_03_08.csv,30.903570226374452,12.49829396214359
138,7,1,31.451,12.844,30.318,12.139,P2_02_03_08.csv,30.87209447946234,12.498583856921922
139,7,1,31.404,12.845,30.271,12.139,P2_02_03_08.csv,30.835880837056543,12.498388364975973
140,7,1,31.357,12.845,30.224,12.14,P2_02_03_08.csv,30.795819063499742,12.497941702223764
141,7,1,31.311,12.846,30.177,12.141,P2_02_03_08.csv,30.752960976596945,12.4975960323699
142,7,1,31.282,12.846,30.149,12.141,P2_02_03_08.csv,30.714684522812657,12.497052354966385
143,7,1,31.235,12.847,30.102,12.142,P2_02_03_08.csv,30.673256611094516,12.496795556995908
144,7,1,31.188,12.848,30.055,12.142,P2_02_03_08.csv,30.62939640909242,12.496635386000351
145,7,1,31.141,12.848,30.008,12.143,P2_02_03_08.csv,30.583751195442478,12.496588670991919
146,7,1,31.113,12.849,29.98,12.143,P2_02_03_08.csv,30.543876474060703,12.496657021682687
147,7,1,31.066,12.849,29.933,12.144,P2_02_03_08.csv,30.501583213063792,12.4968323117318
148,7,1,31.038,12.85,29.905,12.144,P2_02_03_08.csv,30.464394159199255,12.497100913975167
149,7,1,30.991,12.832,29.858,12.126,P2_02_03_08.csv,30.424152540387723,12.49062611491042
150,7,1,30.963,12.832,29.829,12.127,P2_02_03_08.csv,30.38826750293152,12.485799072734984
151,7,1,30.897,12.814,29.763,12.109,P2_02_03_08.csv,30.341893879202733,12.475614847213455
152,7,1,30.869,12.796,29.735,12.09,P2_02_03_08.csv,30.30134932744599,12.46124321091494
153,7,1,30.822,12.815,29.688,12.11,P2_02_03_08.csv,30.258476439785785,12.457910063573765
154,7,1,30.812,12.816,29.679,12.11,P2_02_03_08.csv,30.227631456823573,12.456354839656862
155,7,1,30.747,12.816,29.613,12.111,P2_02_03_08.csv,30.185429393846857,12.456085341509928
156,7,1,30.718,12.817,29.585,12.111,P2_02_03_08.csv,30.147847699760266,12.456688680339791
157,7,1,30.671,12.818,29.538,12.112,P2_02_03_08.csv,30.107083799856518,12.458019185452352
158,7,1,30.643,12.818,29.509,12.112,P2_02_03_08.csv,30.070636135225165,12.459413813953603
159,7,1,30.577,12.819,29.443,12.113,P2_02_03_08.csv,30.02371911697001,12.461106800158767
160,7,1,30.549,12.819,29.415,12.114,P2_02_03_08.csv,29.982686488070943,12.462748739135105
161,7,1,30.502,12.82,29.368,12.114,P2_02_03_08.csv,29.9393992261839,12.464267718246536
162,7,1,30.455,12.821,29.321,12.115,P2_02_03_08.csv,29.89439358703449,12.465812451011375
163,7,1,30.408,12.821,29.274,12.115,P2_02_03_08.csv,29.848144650313856,12.466961474242677
164,7,1,30.38,12.84,29.246,12.135,P2_02_03_08.csv,29.808056166354376,12.474958767320803
165,7,1,30.333,12.86,29.199,12.154,P2_02_03_08.csv,29.765812314745354,12.488193417531361
166,7,1,30.305,12.841,29.171,12.136,P2_02_03_08.csv,29.728834888503606,12.491222219083491
167,7,1,30.258,12.861,29.124,12.155,P2_02_03_08.csv,29.688890492984605,12.500107431059545
168,7,1,30.23,12.861,29.095,12.155,P2_02_03_08.csv,29.653333100589176,12.50634389326306
169,7,1,30.164,12.881,29.03,12.175,P2_02_03_08.csv,29.60746463762402,12.517786369516141
170,7,1,30.136,12.919,29.002,12.213,P2_02_03_08.csv,29.567352561533895,12.539831767225925
171,7,1,30.108,12.919,28.973,12.213,P2_02_03_08.csv,29.531652596321667,12.555828532605164
172,7,1,30.08,12.919,28.945,12.214,P2_02_03_08.csv,29.49949447539858,12.566920029575979
173,7,1,30.051,12.92,28.917,12.214,P2_02_03_08.csv,29.46971841074063,12.574073213279819
174,7,1,30.004,12.921,28.87,12.215,P2_02_03_08.csv,29.4347268645601,12.578395798574107
175,7,1,29.957,12.94,28.823,12.234,P2_02_03_08.csv,29.39548857865639,12.587303744627327
176,7,1,29.929,12.922,28.794,12.216,P2_02_03_08.csv,29.359773255128943,12.586266965804835
177,7,1,29.882,12.941,28.747,12.235,P2_02_03_08.csv,29.320034625061787,12.591245521482199
178,7,1,29.854,12.923,28.719,12.217,P2_02_03_08.csv,29.284184111919288,12.58749432501669
179,7,1,29.807,12.942,28.672,12.236,P2_02_03_08.csv,29.24440694531688,12.590741166734574
180,7,1,29.76,12.924,28.625,12.218,P2_02_03_08.csv,29.201576936496473,12.58601624438854
181,7,1,29.713,12.943,28.578,12.237,P2_02_03_08.csv,29.15648829882462,12.588845256128536
182,7,1,29.684,12.925,28.549,12.219,P2_02_03_08.csv,29.116458243212893,12.584086647296244
183,7,1,29.637,12.926,28.502,12.22,P2_02_03_08.csv,29.07386178246753,12.58049081097309
184,7,1,29.609,12.926,28.474,12.22,P2_02_03_08.csv,29.036300270137797,12.57762552592356
185,7,1,29.562,12.927,28.427,12.221,P2_02_03_08.csv,28.995672062664877,12.575817796145014
186,7,1,29.534,12.927,28.399,12.221,P2_02_03_08.csv,28.9596065756047,12.57453211809842
187,7,1,29.487,12.909,28.351,12.203,P2_02_03_08.csv,28.91987305917872,12.567041819143192
188,7,1,29.439,12.891,28.304,12.185,P2_02_03_08.csv,28.877206777609487,12.55479940698787
189,7,1,29.392,12.892,28.257,12.185,P2_02_03_08.csv,28.832489280020727,12.545920146360448
190,7,1,29.364,12.911,28.229,12.204,P2_02_03_08.csv,28.79330050431664,12.546730017267489
191,7,1,29.317,12.893,28.182,12.186,P2_02_03_08.csv,28.751486054052496,12.541460678371777
192,7,1,29.289,12.912,28.154,12.206,P2_02_03_08.csv,28.714606999762374,12.545167668915044
193,7,1,29.242,12.894,28.106,12.187,P2_02_03_08.csv,28.6743598334876,12.541786297885109
194,7,1,29.213,12.913,28.078,12.207,P2_02_03_08.csv,28.638415095690117,12.546738771500022
195,7,1,29.166,12.913,28.031,12.207,P2_02_03_08.csv,28.598957367158615,12.550919010253214
196,7,1,29.119,12.914,27.984,12.208,P2_02_03_08.csv,28.556682566327268,12.554648270914093
197,7,1,29.072,12.915,27.937,12.208,P2_02_03_08.csv,28.51225386723567,12.557691625683148
198,7,1,29.025,12.915,27.89,12.209,P2_02_03_08.csv,28.46626107927754,12.560099875763337
0,8,1,38.671,12.203,37.676,11.462,P2_02_03_08.csv,38.173500000000004,11.8325
1,8,1,38.699,12.231,37.657,11.453,P2_02_03_08.csv,38.17650993377483,11.838854304635761
2,8,1,38.652,12.213,37.61,11.435,P2_02_03_08.csv,38.148427507354825,11.830683909659522
3,8,1,38.606,12.213,37.564,11.435,P2_02_03_08.csv,38.1077187250818,11.826265845517154
4,8,1,38.587,12.223,37.545,11.445,P2_02_03_08.csv,38.07627930335605,11.829111508428046
5,8,1,38.503,12.187,37.461,11.409,P2_02_03_08.csv,38.01927508074925,11.813906291018073
6,8,1,38.475,12.206,37.433,11.428,P2_02_03_08.csv,37.97271067944653,11.812741777676123
7,8,1,38.438,12.169,37.396,11.391,P2_02_03_08.csv,37.92895642313502,11.797000955337117
8,8,1,38.373,12.188,37.331,11.411,P2_02_03_08.csv,37.876015866868066,11.794142439015763
9,8,1,38.363,12.179,37.321,11.401,P2_02_03_08.csv,37.83797090350607,11.789090846190831
10,8,1,38.308,12.189,37.265,11.411,P2_02_03_08.csv,37.793628031181875,11.789780949158457
11,8,1,38.252,12.171,37.209,11.394,P2_02_03_08.csv,37.744411514884284,11.78444458588152
12,8,1,38.233,12.19,37.191,11.412,P2_02_03_08.csv,37.705516061263864,11.787792416243843
13,8,1,38.214,12.172,37.172,11.394,P2_02_03_08.csv,37.674475389106455,11.78428110747381
14,8,1,38.177,12.182,37.135,11.404,P2_02_03_08.csv,37.642694580427985,11.78565449988836
15,8,1,38.14,12.182,37.098,11.404,P2_02_03_08.csv,37.61004306808864,11.787103414689277
16,8,1,38.066,12.193,37.023,11.415,P2_02_03_08.csv,37.562668592726915,11.79254353603053
17,8,1,38.028,12.193,36.986,11.415,P2_02_03_08.csv,37.517491232671986,11.79688826611134
18,8,1,37.973,12.212,36.93,11.434,P2_02_03_08.csv,37.467672482922836,11.807203606742599
19,8,1,37.954,12.194,36.911,11.416,P2_02_03_08.csv,37.42793412388299,11.808331917213833
20,8,1,37.898,12.213,36.856,11.435,P2_02_03_08.csv,37.38274608825702,11.81578609416833
21,8,1,37.861,12.223,36.819,11.445,P2_02_03_08.csv,37.340120872703054,11.82483162986264
22,8,1,37.805,12.233,36.763,11.455,P2_02_03_08.csv,37.29255438805906,11.834957457321247
23,8,1,37.75,12.234,36.707,11.456,P2_02_03_08.csv,37.24138314875263,11.842436830845395
24,8,1,37.713,12.253,36.67,11.475,P2_02_03_08.csv,37.194413375407485,11.85436749699149
25,8,1,37.675,12.235,36.632,11.457,P2_02_03_08.csv,37.150519243664725,11.85602818317918
26,8,1,37.619,12.264,36.577,11.486,P2_02_03_08.csv,37.10258296729992,11.866971857521575
27,8,1,37.564,12.265,36.521,11.486,P2_02_03_08.csv,37.05149391093406,11.87470293117589
28,8,1,37.545,12.274,36.502,11.496,P2_02_03_08.csv,37.01152106798704,11.88314951497682
29,8,1,37.489,12.266,36.446,11.487,P2_02_03_08.csv,36.96659101056819,11.885495150940931
30,8,1,37.471,12.275,36.427,11.497,P2_02_03_08.csv,36.931477581656175,11.889763792981467
31,8,1,37.414,12.257,36.371,11.479,P2_02_03_08.csv,36.88987146278786,11.885523234785145
32,8,1,37.377,12.267,36.334,11.489,P2_02_03_08.csv,36.85017240890554,11.885140663010299
33,8,1,37.34,12.268,36.297,11.489,P2_02_03_08.csv,36.8118917650283,11.88451611986632
34,8,1,37.284,12.278,36.241,11.499,P2_02_03_08.csv,36.7676032943622,11.887330688997697
35,8,1,37.228,12.269,36.185,11.491,P2_02_03_08.csv,36.71859145873243,11.886066638429902
36,8,1,37.191,12.279,36.148,11.501,P2_02_03_08.csv,36.67304749327038,11.888473463413478
37,8,1,37.153,12.261,36.11,11.482,P2_02_03_08.csv,36.630003017849944,11.883293519116698
38,8,1,37.098,12.262,36.054,11.483,P2_02_03_08.csv,36.58248530405605,11.87945497886287
39,8,1,37.042,12.253,35.998,11.475,P2_02_03_08.csv,36.5313249961396,11.873345212741281
40,8,1,37.004,12.263,35.961,11.484,P2_02_03_08.csv,36.484301226215024,11.872248027307661
41,8,1,36.948,12.245,35.905,11.467,P2_02_03_08.csv,36.43382492643584,11.86520282479702
42,8,1,36.892,12.264,35.849,11.486,P2_02_03_08.csv,36.380730110256486,11.867028918630663
43,8,1,36.874,12.246,35.83,11.468,P2_02_03_08.csv,36.339577092503376,11.86217874776973
44,8,1,36.818,12.266,35.774,11.487,P2_02_03_08.csv,36.29393726120672,11.865894672332956
45,8,1,36.799,12.256,35.756,11.478,P2_02_03_08.csv,36.2584674090269,11.865580715698155
46,8,1,36.743,12.267,35.7,11.488,P2_02_03_08.csv,36.21694061215313,11.869366486197146
47,8,1,36.706,12.248,35.662,11.47,P2_02_03_08.csv,36.177260707387354,11.865582049064741
48,8,1,36.669,12.268,35.625,11.489,P2_02_03_08.csv,36.1391043189595,11.86985928628068
49,8,1,36.631,12.249,35.587,11.471,P2_02_03_08.csv,36.101632942129704,11.866425418523374
50,8,1,36.575,12.269,35.532,11.49,P2_02_03_08.csv,36.058100010570584,11.870936420110233
51,8,1,36.52,12.279,35.476,11.5,P2_02_03_08.csv,36.00978948995912,11.87815156155188
52,8,1,36.501,12.288,35.457,11.51,P2_02_03_08.csv,35.971348619517585,11.887110792055356
53,8,1,36.426,12.28,35.382,11.501,P2_02_03_08.csv,35.92003684164258,11.890577703674913
54,8,1,36.37,12.29,35.326,11.511,P2_02_03_08.csv,35.86572236925319,11.896447101438877
55,8,1,36.352,12.272,35.308,11.493,P2_02_03_08.csv,35.82338840959962,11.893838203602634
56,8,1,36.277,12.301,35.233,11.522,P2_02_03_08.csv,35.76953625434378,11.901982193175536
57,8,1,36.24,12.292,35.196,11.513,P2_02_03_08.csv,35.7207422759118,11.904561668599673
58,8,1,36.184,12.311,35.14,11.533,P2_02_03_08.csv,35.669073647906515,11.913215699035659
59,8,1,36.128,12.34,35.232,11.438,P2_02_03_08.csv,35.64252884932783,11.907210418425484
60,8,1,36.026,12.351,35.175,11.336,P2_02_03_08.csv,35.59943747379338,11.885197062906284
61,8,1,36.09,12.257,35.111,11.43,P2_02_03_08.csv,35.57231772087202,11.867986679085815
62,8,1,36.043,12.248,35.064,11.422,P2_02_03_08.csv,35.54010762353213,11.85204209908637
63,8,1,36.015,12.258,35.036,11.431,P2_02_03_08.csv,35.51051382600663,11.84412450257515
64,8,1,35.969,12.249,34.989,11.423,P2_02_03_08.csv,35.4758776736681,11.83602201712568
65,8,1,35.922,12.259,34.943,11.433,P2_02_03_08.csv,35.437115568590656,11.834591920478447
66,8,1,35.875,12.25,34.896,11.424,P2_02_03_08.csv,35.39494953343995,11.831277336093674
67,8,1,35.847,12.26,34.868,11.433,P2_02_03_08.csv,35.35725550615281,11.833142008972585
68,8,1,35.801,12.251,34.821,11.425,P2_02_03_08.csv,35.316334263787155,11.832246731619886
69,8,1,35.754,12.243,34.774,11.416,P2_02_03_08.csv,35.27274803155391,11.829004824687432
70,8,1,35.707,12.234,34.727,11.407,P2_02_03_08.csv,35.22720811289799,11.823679332070686
71,8,1,35.66,12.225,34.681,11.399,P2_02_03_08.csv,35.180503137228946,11.816930827476323
72,8,1,35.595,12.217,34.615,11.39,P2_02_03_08.csv,35.12607389199939,11.809144790400008
73,8,1,35.567,12.227,34.587,11.4,P2_02_03_08.csv,35.079714315704486,11.80746771308071
74,8,1,35.52,12.218,34.54,11.391,P2_02_03_08.csv,35.03290295733147,11.803570071453946
75,8,1,35.474,12.228,34.494,11.401,P2_02_03_08.csv,34.986160080458816,11.804870187448905
76,8,1,35.427,12.219,34.447,11.392,P2_02_03_08.csv,34.939150776076815,11.803137931088902
77,8,1,35.399,12.229,34.419,11.402,P2_02_03_08.csv,34.898979051124435,11.805918875566766
78,8,1,35.352,12.22,34.372,11.393,P2_02_03_08.csv,34.85708605180662,11.805117618005262
79,8,1,35.324,12.23,34.344,11.403,P2_02_03_08.csv,34.82070564984096,11.80840847351865
80,8,1,35.277,12.221,34.297,11.394,P2_02_03_08.csv,34.78146625363296,11.807810773404325
81,8,1,35.231,12.231,34.251,11.404,P2_02_03_08.csv,34.74017400071636,11.811095607435782
82,8,1,35.184,12.241,34.204,11.414,P2_02_03_08.csv,34.696843009691584,11.817365093713661
83,8,1,35.156,12.251,34.176,11.424,P2_02_03_08.csv,34.65893845279921,11.825815240786714
84,8,1,35.109,12.242,34.129,11.415,P2_02_03_08.csv,34.61824160775665,11.828760173387211
85,8,1,35.063,12.252,34.082,11.425,P2_02_03_08.csv,34.575465477296476,11.834285540462385
86,8,1,35.016,12.262,34.036,11.435,P2_02_03_08.csv,34.531080784449,11.841795504290086
87,8,1,34.988,12.272,34.008,11.445,P2_02_03_08.csv,34.492333208190594,11.85075621771106
88,8,1,34.923,12.263,33.942,11.436,P2_02_03_08.csv,34.44417263647909,11.853710346531793
89,8,1,34.876,12.273,33.996,11.193,P2_02_03_08.csv,34.41413115695343,11.812288841769396
90,8,1,34.839,12.33,33.969,11.277,P2_02_03_08.csv,34.38510519222348,11.80583134631099
91,8,1,34.876,12.236,33.923,11.362,P2_02_03_08.csv,34.36662290612749,11.799910314879249
92,8,1,34.838,12.236,33.885,11.362,P2_02_03_08.csv,34.34355696431354,11.796099957253604
93,8,1,34.801,12.237,33.848,11.363,P2_02_03_08.csv,34.31677939472579,11.794293536156768
94,8,1,34.782,12.237,33.829,11.363,P2_02_03_08.csv,34.29348275104494,11.793606526274328
95,8,1,34.745,12.238,33.792,11.364,P2_02_03_08.csv,34.266088701325835,11.794049488872323
96,8,1,34.726,12.238,33.773,11.364,P2_02_03_08.csv,34.24198101299014,11.79488139184898
97,8,1,34.689,12.239,33.736,11.364,P2_02_03_08.csv,34.213717529122434,11.79607708230306
98,8,1,34.651,12.239,33.698,11.365,P2_02_03_08.csv,34.18176758617247,11.797447160519072
99,8,1,34.632,12.239,33.68,11.365,P2_02_03_08.csv,34.154199004880695,11.798673856691712
100,8,1,34.614,12.24,33.661,11.365,P2_02_03_08.csv,34.13011698369164,11.799896909504993
101,8,1,34.576,12.24,33.623,11.366,P2_02_03_08.csv,34.101490213970344,11.801060211871874
102,8,1,34.558,12.24,33.605,11.366,P2_02_03_08.csv,34.076623255586505,11.801948746961408
103,8,1,34.539,12.241,33.586,11.366,P2_02_03_08.csv,34.05430684727337,11.802777562066082
104,8,1,34.52,12.241,33.567,11.366,P2_02_03_08.csv,34.033864142250074,11.803358205893991
105,8,1,34.483,12.241,33.53,11.367,P2_02_03_08.csv,34.00808260909745,11.803920383734736
106,8,1,34.464,12.242,33.511,11.367,P2_02_03_08.csv,33.9846755876302,11.804465963388573
107,8,1,34.445,12.242,33.492,11.367,P2_02_03_08.csv,33.96311778894973,11.804813099692135
108,8,1,34.427,12.242,33.474,11.368,P2_02_03_08.csv,33.9432993467978,11.805191717329608
109,8,1,34.389,12.243,33.436,11.368,P2_02_03_08.csv,33.917349743274805,11.805599854031062
110,8,1,34.371,12.243,33.418,11.368,P2_02_03_08.csv,33.89394571199687,11.805849582399503
111,8,1,34.352,12.262,33.399,11.387,P2_02_03_08.csv,33.87220942775969,11.812984502672128
112,8,1,34.333,12.262,33.38,11.388,P2_02_03_08.csv,33.851743427250476,11.818588185558028
113,8,1,34.296,12.263,33.343,11.388,P2_02_03_08.csv,33.82555950251761,11.822819662875428
114,8,1,34.277,12.263,33.324,11.388,P2_02_03_08.csv,33.80154273303244,11.825704019386894
115,8,1,34.24,12.282,33.287,11.408,P2_02_03_08.csv,33.77265637385593,11.8346981254204
116,8,1,34.221,12.282,33.268,11.408,P2_02_03_08.csv,33.74668745775948,11.841194765922785
117,8,1,34.184,12.301,33.231,11.427,P2_02_03_08.csv,33.71647772726903,11.852603569469458
118,8,1,34.147,12.302,33.193,11.427,P2_02_03_08.csv,33.682866846783824,11.860895952983892
119,8,1,34.109,12.321,33.156,11.447,P2_02_03_08.csv,33.64679976270097,11.873606791491566
120,8,1,34.072,12.322,33.119,11.447,P2_02_03_08.csv,33.60925253405817,11.882641456270495
121,8,1,34.035,12.341,33.081,11.466,P2_02_03_08.csv,33.57063000690558,11.895497874569642
122,8,1,33.997,12.341,33.044,11.467,P2_02_03_08.csv,33.531417819738216,11.904434461757855
123,8,1,33.96,12.361,33.007,11.486,P2_02_03_08.csv,33.49215375752628,11.917231114144192
124,8,1,33.923,12.38,32.969,11.505,P2_02_03_08.csv,33.452852494377225,11.932812951647449
125,8,1,33.885,12.38,32.932,11.506,P2_02_03_08.csv,33.41367086558439,11.943604009323794
126,8,1,33.867,12.399,32.913,11.524,P2_02_03_08.csv,33.38170341732821,11.957189256622868
127,8,1,33.829,12.4,32.876,11.525,P2_02_03_08.csv,33.34835540017108,11.96647700700402
128,8,1,33.792,12.4,32.838,11.525,P2_02_03_08.csv,33.31380591409336,11.972024497071047
129,8,1,33.755,12.419,32.801,11.545,P2_02_03_08.csv,33.2784478335289,11.98195931492733
130,8,1,33.717,12.42,32.764,11.545,P2_02_03_08.csv,33.24226447391082,11.988418877445342
131,8,1,33.68,12.42,32.726,11.546,P2_02_03_08.csv,33.20545549031695,11.992210945075165
132,8,1,33.642,12.421,32.689,11.546,P2_02_03_08.csv,33.16819663684625,11.994057414543537
133,8,1,33.605,12.421,32.651,11.547,P2_02_03_08.csv,33.13063461399572,11.99456861714484
134,8,1,33.568,12.441,32.614,11.566,P2_02_03_08.csv,33.09307046734453,12.001240996846636
135,8,1,33.549,12.441,32.595,11.566,P2_02_03_08.csv,33.06218615752184,12.00563285130409
136,8,1,33.493,12.442,32.539,11.567,P2_02_03_08.csv,33.02282179842667,12.008604709291058
137,8,1,33.455,12.442,32.501,11.567,P2_02_03_08.csv,32.98341843210802,12.010154743273773
138,8,1,33.418,12.443,32.464,11.568,P2_02_03_08.csv,32.944470631108025,12.011052688215392
139,8,1,33.361,12.443,32.408,11.568,P2_02_03_08.csv,32.89877581512816,12.011178382926051
140,8,1,33.324,12.444,32.37,11.569,P2_02_03_08.csv,32.854968026947105,12.011175244661292
141,8,1,33.268,12.445,32.314,11.57,P2_02_03_08.csv,32.80603203584708,12.011170476976577
142,8,1,33.23,12.445,32.276,11.57,P2_02_03_08.csv,32.7599336205199,12.010875828397753
143,8,1,33.193,12.446,32.239,11.571,P2_02_03_08.csv,32.716638753606205,12.010790271701826
144,8,1,33.137,12.447,32.183,11.571,P2_02_03_08.csv,32.66860892599723,12.01073862761519
145,8,1,33.099,12.447,32.145,11.572,P2_02_03_08.csv,32.62359293391996,12.010752224043841
146,8,1,33.062,12.448,32.108,11.572,P2_02_03_08.csv,32.581405761246295,12.010845655022784
147,8,1,33.024,12.448,32.07,11.573,P2_02_03_08.csv,32.54104792287313,12.011021790692082
148,8,1,32.968,12.449,32.014,11.574,P2_02_03_08.csv,32.495395957770484,12.011460214832878
149,8,1,32.931,12.449,31.976,11.574,P2_02_03_08.csv,32.45240022849441,12.011740159144772
150,8,1,32.893,12.45,31.939,11.575,P2_02_03_08.csv,32.41151808187182,12.012266496210616
151,8,1,32.856,12.469,31.901,11.594,P2_02_03_08.csv,32.37223899827119,12.019622372606776
152,8,1,32.799,12.47,31.845,11.595,P2_02_03_08.csv,32.32710826838524,12.02557866440313
153,8,1,32.762,12.47,31.808,11.595,P2_02_03_08.csv,32.28456934837304,12.029888889547884
154,8,1,32.706,12.471,31.751,11.596,P2_02_03_08.csv,32.236917387126084,12.033186146508566
155,8,1,32.65,12.491,31.695,11.615,P2_02_03_08.csv,32.185518812834985,12.042482069977208
156,8,1,32.612,12.491,31.658,11.616,P2_02_03_08.csv,32.138210039261004,12.049370761848815
157,8,1,32.556,12.492,31.601,11.616,P2_02_03_08.csv,32.08725753204719,12.054232120282911
158,8,1,32.519,12.511,31.564,11.636,P2_02_03_08.csv,32.04075329101956,12.064472101973452
159,8,1,32.462,12.512,31.508,11.636,P2_02_03_08.csv,31.99062308066303,12.071838399876572
160,8,1,32.425,12.512,31.47,11.637,P2_02_03_08.csv,31.944702672397106,12.076844938371057
161,8,1,32.369,12.513,31.414,11.638,P2_02_03_08.csv,31.895288319232424,12.080188003387246
162,8,1,32.331,12.514,31.376,11.638,P2_02_03_08.csv,31.84978127971488,12.082110382822048
163,8,1,32.293,12.496,31.339,11.62,P2_02_03_08.csv,31.807521797739714,12.07620215211033
164,8,1,32.256,12.496,31.301,11.62,P2_02_03_08.csv,31.767690709209923,12.071025948465488
165,8,1,32.2,12.497,31.245,11.621,P2_02_03_08.csv,31.72275721964266,12.067091846400094
166,8,1,32.162,12.497,31.207,11.622,P2_02_03_08.csv,31.68035957516082,12.064149597272392
167,8,1,32.124,12.498,31.17,11.622,P2_02_03_08.csv,31.640096603546947,12.06210702327653
168,8,1,32.068,12.499,31.113,11.623,P2_02_03_08.csv,31.59439577330281,12.06101879052966
169,8,1,32.031,12.499,31.076,11.623,P2_02_03_08.csv,31.551593280220377,12.060330281269314
170,8,1,31.974,12.481,31.019,11.605,P2_02_03_08.csv,31.503707859903308,12.053312475405177
171,8,1,31.918,12.482,30.963,11.606,P2_02_03_08.csv,31.452258002990845,12.048431344294686
172,8,1,31.861,12.464,30.906,11.588,P2_02_03_08.csv,31.397827649327372,12.038361372521212
173,8,1,31.805,12.465,30.85,11.589,P2_02_03_08.csv,31.341680181589727,12.031390571586103
174,8,1,31.767,12.447,30.812,11.571,P2_02_03_08.csv,31.291096746478154,12.020004602206324
175,8,1,31.73,12.447,30.775,11.571,P2_02_03_08.csv,31.245394467752867,12.011942110177278
176,8,1,31.692,12.448,30.737,11.572,P2_02_03_08.csv,31.203096485443297,12.00698706859543
177,8,1,31.636,12.448,30.681,11.572,P2_02_03_08.csv,31.156652826208074,12.004098276130064
178,8,1,31.598,12.43,30.643,11.554,P2_02_03_08.csv,31.11346899601983,11.996107111598256
179,8,1,31.561,12.431,30.606,11.555,P2_02_03_08.csv,31.073123709429183,11.99110453456161
180,8,1,31.411,12.536,30.475,11.659,P2_02_03_08.csv,30.996677204030167,12.026624660951736
181,8,1,31.421,12.526,30.475,11.65,P2_02_03_08.csv,30.94599397265593,12.051177901964765
182,8,1,31.374,12.527,30.428,11.651,P2_02_03_08.csv,30.89682808759654,12.069973095047564
183,8,1,31.327,12.528,30.381,11.651,P2_02_03_08.csv,30.8487922150141,12.083534888822449
184,8,1,31.299,12.528,30.353,11.652,P2_02_03_08.csv,30.80855707980683,12.092754937738718
185,8,1,31.252,12.529,30.306,11.652,P2_02_03_08.csv,30.767213763328986,12.098541129908854
186,8,1,31.205,12.529,30.259,11.653,P2_02_03_08.csv,30.724721383604326,12.101739465500499
187,8,1,31.139,12.53,30.193,11.654,P2_02_03_08.csv,30.67414039090355,12.103273997960814
188,8,1,31.092,12.531,30.146,11.654,P2_02_03_08.csv,30.62423286429911,12.103531334135717
189,8,1,31.045,12.531,30.099,11.655,P2_02_03_08.csv,30.57498152433513,12.103001639699185
190,8,1,30.998,12.532,30.052,11.656,P2_02_03_08.csv,30.52632332477913,12.102241239822137
191,8,1,30.951,12.533,30.005,11.656,P2_02_03_08.csv,30.478171335559384,12.101290722309152
192,8,1,30.904,12.533,29.958,11.657,P2_02_03_08.csv,30.430430455459714,12.100335432160762
193,8,1,30.857,12.515,29.911,11.639,P2_02_03_08.csv,30.383007980999565,12.092672063085168
194,8,1,30.829,12.516,29.882,11.639,P2_02_03_08.csv,30.34264078454306,12.086773188532309
195,8,1,30.782,12.516,29.835,11.64,P2_02_03_08.csv,30.30084989657175,12.082496687756768
196,8,1,30.754,12.517,29.807,11.64,P2_02_03_08.csv,30.264751360803626,12.079623931865578
197,8,1,30.707,12.499,29.76,11.622,P2_02_03_08.csv,30.225884916745436,12.071084666194162
198,8,1,30.678,12.499,29.732,11.622,P2_02_03_08.csv,30.19144549683615,12.064852703369697
0,9,1,36.542,10.881,35.528,10.176,P2_02_03_08.csv,36.035,10.528500000000001
1,9,1,36.57,10.899,35.509,10.167,P2_02_03_08.csv,36.03800993377484,10.531509933774835
2,9,1,36.524,10.909,35.463,10.177,P2_02_03_08.csv,36.010556826844834,10.539298718285137
3,9,1,36.496,10.918,35.435,10.187,P2_02_03_08.csv,35.98045345901476,10.548572550747599
4,9,1,36.44,10.91,35.379,10.178,P2_02_03_08.csv,35.935660672888595,10.548989995493653
5,9,1,36.375,10.92,35.313,10.188,P2_02_03_08.csv,35.8793029909376,10.553604738874425
6,9,1,36.365,10.911,35.304,10.179,P2_02_03_08.csv,35.84134687992172,10.552265027251787
7,9,1,36.31,10.921,35.248,10.189,P2_02_03_08.csv,35.79570568349583,10.555174078337306
8,9,1,36.263,10.912,35.201,10.18,P2_02_03_08.csv,35.74845765132635,10.55335127310533
9,9,1,36.235,10.922,35.173,10.19,P2_02_03_08.csv,35.707502745944694,10.555579841645013
10,9,1,36.198,10.913,35.136,10.181,P2_02_03_08.csv,35.667791074137156,10.553602995452188
11,9,1,36.03,10.924,34.968,10.192,P2_02_03_08.csv,35.58018776879572,10.555976273084108
12,9,1,36.086,10.914,35.024,10.182,P2_02_03_08.csv,35.539605122413725,10.553918997584272
13,9,1,36.049,10.924,34.987,10.192,P2_02_03_08.csv,35.501543952914446,10.555855650579003
14,9,1,36.067,10.915,35.005,10.183,P2_02_03_08.csv,35.48546492403521,10.553925614876288
15,9,1,35.974,10.925,34.912,10.193,P2_02_03_08.csv,35.44501826974734,10.556005640606585
16,9,1,35.918,10.916,34.856,10.184,P2_02_03_08.csv,35.39867481030012,10.554237031227734
17,9,1,35.862,10.927,34.8,10.194,P2_02_03_08.csv,35.347841384035654,10.556656425324798
18,9,1,35.843,10.917,34.781,10.185,P2_02_03_08.csv,35.30740949281355,10.55498537397456
19,9,1,35.787,10.909,34.725,10.177,P2_02_03_08.csv,35.26160099034384,10.55066341384281
20,9,1,35.75,10.9,34.688,10.168,P2_02_03_08.csv,35.21859576409146,10.544007337150482
21,9,1,35.712,10.91,34.65,10.178,P2_02_03_08.csv,35.17746833253424,10.542698121539527
22,9,1,35.675,10.901,34.613,10.169,P2_02_03_08.csv,35.13814336602466,10.538656516879929
23,9,1,35.638,10.911,34.576,10.179,P2_02_03_08.csv,35.100140900936495,10.539501745475103
24,9,1,35.601,10.921,34.538,10.188,P2_02_03_08.csv,35.0628686062203,10.543974796872709
25,9,1,35.563,10.93,34.501,10.198,P2_02_03_08.csv,35.026039201494285,10.551137447772625
26,9,1,35.507,10.922,34.445,10.189,P2_02_03_08.csv,34.98261537847832,10.553547367989282
27,9,1,35.451,10.932,34.389,10.2,P2_02_03_08.csv,34.93402926529191,10.559095143041112
28,9,1,35.414,10.942,34.352,10.209,P2_02_03_08.csv,34.88860012084363,10.566648669156272
29,9,1,35.377,10.951,34.314,10.219,P2_02_03_08.csv,34.84564938923883,10.575623114182923
30,9,1,35.321,10.943,34.258,10.21,P2_02_03_08.csv,34.797875699170355,10.578900009694538
31,9,1,35.265,10.953,34.202,10.22,P2_02_03_08.csv,34.746403586158586,10.58446492929137
32,9,1,35.228,10.963,34.165,10.23,P2_02_03_08.csv,34.699241886449,10.591826700224534
33,9,1,35.19,10.972,34.128,10.24,P2_02_03_08.csv,34.655424467018086,10.600348125732761
34,9,1,35.153,10.964,34.09,10.231,P2_02_03_08.csv,34.61422028929807,10.603043054084239
35,9,1,35.097,10.974,34.034,10.241,P2_02_03_08.csv,34.56813950458756,10.607990838138766
36,9,1,35.041,10.984,33.978,10.251,P2_02_03_08.csv,34.518191918075125,10.614762305616848
37,9,1,35.004,10.993,33.941,10.261,P2_02_03_08.csv,34.472327311348295,10.622757269888107
38,9,1,34.966,10.985,33.903,10.252,P2_02_03_08.csv,34.42937599850195,10.62500787370742
39,9,1,34.929,10.994,33.866,10.262,P2_02_03_08.csv,34.38902598194837,10.629414145934373
40,9,1,34.873,10.986,33.81,10.253,P2_02_03_08.csv,34.34357933614394,10.62894969115647
41,9,1,34.817,11.014,33.754,10.282,P2_02_03_08.csv,34.29407659914826,10.638413206256445
42,9,1,34.78,11.006,33.717,10.273,P2_02_03_08.csv,34.248501994043906,10.642015540709055
43,9,1,34.742,11.015,33.679,10.283,P2_02_03_08.csv,34.20571988355108,10.647592390669011
44,9,1,34.686,11.007,33.623,10.274,P2_02_03_08.csv,34.15844432378327,10.648091141009468
45,9,1,34.63,11.017,33.567,10.284,P2_02_03_08.csv,34.10763878528114,10.651489715804056
46,9,1,34.611,11.008,33.548,10.275,P2_02_03_08.csv,34.067833388249014,10.650238467949395
47,9,1,34.537,11.018,33.473,10.285,P2_02_03_08.csv,34.01616354038058,10.652441083736926
48,9,1,34.499,11.009,33.436,10.276,P2_02_03_08.csv,33.968830919220615,10.650438674637016
49,9,1,34.462,11.019,33.399,10.286,P2_02_03_08.csv,33.9252020452888,10.65223061981058
50,9,1,34.406,11.01,33.342,10.278,P2_02_03_08.csv,33.877248713980826,10.650249469583356
51,9,1,34.387,11.02,33.324,10.287,P2_02_03_08.csv,33.83989629469894,10.652004708843293
52,9,1,34.331,11.011,33.268,10.279,P2_02_03_08.csv,33.79690856442668,10.650097790735277
53,9,1,34.294,11.021,33.23,10.288,P2_02_03_08.csv,33.75614998822974,10.651991400682723
54,9,1,34.256,11.012,33.193,10.28,P2_02_03_08.csv,33.717057618558535,10.650252350542777
55,9,1,34.219,11.022,33.155,10.289,P2_02_03_08.csv,33.679143670046614,10.652319112503639
56,9,1,34.182,11.013,33.118,10.28,P2_02_03_08.csv,33.64219090849798,10.65055844928646
57,9,1,34.144,11.023,33.081,10.29,P2_02_03_08.csv,33.605656860970825,10.652811316232881
58,9,1,34.088,11.033,33.024,10.3,P2_02_03_08.csv,33.56230536386181,10.658213530212935
59,9,1,34.032,11.043,32.968,10.31,P2_02_03_08.csv,33.51378954288674,10.66596928840469
60,9,1,33.995,11.034,32.931,10.301,P2_02_03_08.csv,33.46842379560087,10.66838414863891
61,9,1,33.957,11.044,32.893,10.311,P2_02_03_08.csv,33.42534274929842,10.673525295650304
62,9,1,33.92,11.054,32.856,10.321,P2_02_03_08.csv,33.38447646815731,10.680773646274687
63,9,1,33.864,11.064,32.8,10.331,P2_02_03_08.csv,33.338310555485705,10.689570936427506
64,9,1,33.808,11.074,32.744,10.341,P2_02_03_08.csv,33.28801754287518,10.699441654956741
65,9,1,33.771,11.084,32.707,10.351,P2_02_03_08.csv,33.24167062485036,10.710000315629868
66,9,1,33.733,11.075,32.669,10.342,P2_02_03_08.csv,33.19818890588389,10.713943855598934
67,9,1,33.696,11.085,32.632,10.352,P2_02_03_08.csv,33.15732026402036,10.719687786420211
68,9,1,33.64,11.095,32.576,10.362,P2_02_03_08.csv,33.11140363798823,10.726906495722238
69,9,1,33.584,11.105,32.519,10.372,P2_02_03_08.csv,33.06131463016989,10.735277241054158
70,9,1,33.565,11.096,32.501,10.363,P2_02_03_08.csv,33.02209223249512,10.737499695880897
71,9,1,33.509,11.106,32.444,10.373,P2_02_03_08.csv,32.97736649915832,10.741954007119345
72,9,1,33.471,11.116,32.407,10.383,P2_02_03_08.csv,32.93523594672015,10.748257954011438
73,9,1,33.332,11.211,32.592,10.063,P2_02_03_08.csv,32.9174172097511,10.710859201705853
74,9,1,33.461,11.041,32.462,10.242,P2_02_03_08.csv,32.90952599048771,10.683039443389992
75,9,1,33.434,11.06,32.434,10.261,P2_02_03_08.csv,32.89853489066339,10.669180961056991
76,9,1,33.387,11.061,32.387,10.261,P2_02_03_08.csv,32.87708569227818,10.659926506337559
77,9,1,33.359,11.061,32.359,10.262,P2_02_03_08.csv,32.85400904697795,10.6543536800377
78,9,1,33.293,11.081,32.294,10.281,P2_02_03_08.csv,32.8156880499062,10.658592673671533
79,9,1,33.265,11.081,32.266,10.282,P2_02_03_08.csv,32.77940930583911,10.663233531384579
80,9,1,33.2,11.082,32.2,10.282,P2_02_03_08.csv,32.73125191796367,10.667799078506699
81,9,1,33.172,11.082,32.172,10.283,P2_02_03_08.csv,32.68804315359056,10.671994051948
82,9,1,33.106,11.064,32.106,10.265,P2_02_03_08.csv,32.63515686032129,10.668840795753823
83,9,1,33.078,11.065,32.078,10.265,P2_02_03_08.csv,32.58912913646759,10.666689546006294
84,9,1,33.012,11.066,32.013,10.266,P2_02_03_08.csv,32.53503798304145,10.665565875529142
85,9,1,32.984,11.066,31.984,10.266,P2_02_03_08.csv,32.4885911758702,10.664890980419395
86,9,1,32.919,11.048,31.919,10.249,P2_02_03_08.csv,32.434939267852485,10.65810101725945
87,9,1,32.89,11.048,31.891,10.249,P2_02_03_08.csv,32.38929406491011,10.653051569169747
88,9,1,32.844,11.049,31.844,10.249,P2_02_03_08.csv,32.343429527889654,10.649686480424585
89,9,1,32.815,11.049,31.816,10.25,P2_02_03_08.csv,32.30401238458552,10.64769185242947
90,9,1,32.592,11.164,31.869,9.932,P2_02_03_08.csv,32.2487022183937,10.609154624935066
91,9,1,32.536,11.184,31.787,10.166,P2_02_03_08.csv,32.1868985363266,10.626789647353448
92,9,1,32.629,11.099,31.694,10.242,P2_02_03_08.csv,32.14586297732439,10.640094356234936
93,9,1,32.591,11.099,31.656,10.242,P2_02_03_08.csv,32.10718903088647,10.650909689470806
94,9,1,32.554,11.1,31.619,10.243,P2_02_03_08.csv,32.07042823771394,10.65966279698754
95,9,1,32.516,11.1,31.581,10.243,P2_02_03_08.csv,32.03448755190186,10.666129281729846
96,9,1,32.46,11.101,31.525,10.244,P2_02_03_08.csv,31.992264634584306,10.671007080274684
97,9,1,32.404,11.101,31.469,10.245,P2_02_03_08.csv,31.94498099680048,10.67438946483427
98,9,1,32.347,11.102,31.412,10.245,P2_02_03_08.csv,31.893441209750275,10.67659875344876
99,9,1,32.31,11.103,31.375,10.246,P2_02_03_08.csv,31.846154340490084,10.67811598169491
100,9,1,32.254,11.103,31.319,10.247,P2_02_03_08.csv,31.79536470284807,10.678970863096378
101,9,1,32.216,11.104,31.281,10.247,P2_02_03_08.csv,31.748586082042433,10.679379398661954
102,9,1,32.179,11.104,31.244,10.248,P2_02_03_08.csv,31.70540586498086,10.679513417311105
103,9,1,32.141,11.086,31.206,10.229,P2_02_03_08.csv,31.664619733958183,10.672498169320226
104,9,1,32.085,11.087,31.15,10.23,P2_02_03_08.csv,31.6189300418224,10.667246350038155
105,9,1,32.047,11.087,31.112,10.23,P2_02_03_08.csv,31.57596180940846,10.663235861068015
106,9,1,32.01,11.088,31.074,10.231,P2_02_03_08.csv,31.535290767135542,10.660696381645538
107,9,1,31.991,11.088,31.056,10.231,P2_02_03_08.csv,31.50332696794689,10.658998114661383
108,9,1,31.954,11.089,31.018,10.232,P2_02_03_08.csv,31.470924900777685,10.658334539144008
109,9,1,31.916,11.089,30.981,10.232,P2_02_03_08.csv,31.437841091484096,10.65808767206005
110,9,1,31.879,11.09,30.943,10.233,P2_02_03_08.csv,31.40397599949327,10.658492179898918
111,9,1,31.822,11.09,30.887,10.233,P2_02_03_08.csv,31.362323821003248,10.658986538348769
112,9,1,31.766,11.091,30.831,10.234,P2_02_03_08.csv,31.314760153776813,10.659867027634759
113,9,1,31.728,11.073,30.793,10.216,P2_02_03_08.csv,31.26943052490731,10.653995742878555
114,9,1,31.691,11.073,30.755,10.216,P2_02_03_08.csv,31.226277995739085,10.649534633663807
115,9,1,31.635,11.074,30.699,10.217,P2_02_03_08.csv,31.178128326251002,10.646686932450399
116,9,1,31.597,11.056,30.661,10.199,P2_02_03_08.csv,31.132836496769556,10.638158478413235
117,9,1,31.559,11.056,30.624,10.199,P2_02_03_08.csv,31.090112578164,10.631927476353228
118,9,1,31.503,11.038,30.567,10.181,P2_02_03_08.csv,31.042419845186824,10.621005619869246
119,9,1,31.465,11.039,30.53,10.182,P2_02_03_08.csv,30.99789548743272,10.61356500647887
120,9,1,31.428,11.039,30.492,10.182,P2_02_03_08.csv,30.955929490516482,10.608624114362863
121,9,1,31.409,11.039,30.473,10.182,P2_02_03_08.csv,30.92275416512984,10.605653910391004
122,9,1,31.25,11.088,30.519,10.004,P2_02_03_08.csv,30.88242907943475,10.580383561542972
123,9,1,31.343,10.984,30.426,10.117,P2_02_03_08.csv,30.85713584544625,10.5633571775721
124,9,1,31.306,10.994,30.388,10.127,P2_02_03_08.csv,30.829516370001652,10.555273480519903
125,9,1,31.287,10.985,30.37,10.118,P2_02_03_08.csv,30.806648286346537,10.5472672295582
126,9,1,31.249,10.995,30.332,10.128,P2_02_03_08.csv,30.779937506032404,10.546235952282075
127,9,1,31.212,10.986,30.294,10.119,P2_02_03_08.csv,30.750088133975893,10.543479524960329
128,9,1,31.155,10.996,30.238,10.129,P2_02_03_08.csv,30.710644403858076,10.546142941606043
129,9,1,31.099,10.969,30.182,10.102,P2_02_03_08.csv,30.66397275686431,10.539169517456324
130,9,1,31.043,10.979,30.125,10.112,P2_02_03_08.csv,30.611812497057684,10.538162399629508
131,9,1,31.005,10.97,30.088,10.103,P2_02_03_08.csv,30.562847425062337,10.534791426625837
132,9,1,30.949,10.98,30.031,10.113,P2_02_03_08.csv,30.509805439642385,10.536485903165051
133,9,1,30.911,10.971,29.994,10.104,P2_02_03_08.csv,30.460919924944637,10.535033145428505
134,9,1,30.874,10.981,29.956,10.114,P2_02_03_08.csv,30.415563086146438,10.537998866990698
135,9,1,30.836,10.972,29.919,10.105,P2_02_03_08.csv,30.373058215934673,10.537307905997277
136,9,1,30.799,10.982,29.881,10.115,P2_02_03_08.csv,30.332751495820638,10.540653273865985
137,9,1,30.78,10.973,29.862,10.106,P2_02_03_08.csv,30.30087620300014,10.540070537475653
138,9,1,30.742,10.983,29.825,10.115,P2_02_03_08.csv,30.2685260991311,10.54315983554702
139,9,1,30.705,10.974,29.787,10.107,P2_02_03_08.csv,30.235467054240686,10.54244035006246
140,9,1,30.667,10.984,29.75,10.116,P2_02_03_08.csv,30.201607587954534,10.54533447775101
141,9,1,30.629,10.975,29.712,10.107,P2_02_03_08.csv,30.166769201997514,10.544214103890722
142,9,1,30.592,10.984,29.674,10.117,P2_02_03_08.csv,30.13124594693318,10.546753938819272
143,9,1,30.536,10.976,29.618,10.109,P2_02_03_08.csv,30.088312565500615,10.545705525359502
144,9,1,30.498,10.967,29.58,10.1,P2_02_03_08.csv,30.04629921141411,10.541470775142033
145,9,1,30.441,10.958,29.524,10.091,P2_02_03_08.csv,29.998364868924305,10.534845822717383
146,9,1,30.404,10.949,29.486,10.082,P2_02_03_08.csv,29.953016978280708,10.526523192862578
147,9,1,30.366,10.941,29.448,10.073,P2_02_03_08.csv,29.909741163137372,10.517259318497574
148,9,1,30.31,10.932,29.392,10.065,P2_02_03_08.csv,29.861556315692596,10.507461917398059
149,9,1,30.272,10.923,29.354,10.056,P2_02_03_08.csv,29.81628772712797,10.497246435743003
150,9,1,30.216,10.914,29.298,10.047,P2_02_03_08.csv,29.76680138711928,10.486863590502372
151,9,1,30.178,10.906,29.26,10.038,P2_02_03_08.csv,29.720771131494267,10.476669303797248
152,9,1,30.14,10.915,29.223,10.048,P2_02_03_08.csv,29.677745138458533,10.473365029857
153,9,1,30.122,10.906,29.204,10.039,P2_02_03_08.csv,29.644059886245383,10.468607185918584
154,9,1,30.084,10.916,29.166,10.049,P2_02_03_08.csv,29.610288737199806,10.469599661217432
155,9,1,30.046,10.907,29.128,10.04,P2_02_03_08.csv,29.576127355886808,10.4679330475546
156,9,1,30.009,10.917,29.091,10.05,P2_02_03_08.csv,29.541783303465532,10.471010077996917
157,9,1,29.971,10.908,29.053,10.041,P2_02_03_08.csv,29.506744212995294,10.470626862809153
158,9,1,29.915,10.918,28.997,10.051,P2_02_03_08.csv,29.464394722462846,10.474379537787373
159,9,1,29.877,10.909,28.959,10.042,P2_02_03_08.csv,29.422981824662045,10.474234600233645
160,9,1,29.936,11.171,28.88,9.491,P2_02_03_08.csv,29.392754599436785,10.42096847309405
161,9,1,29.936,11.171,28.861,9.473,P2_02_03_08.csv,29.37138054510463,10.37687419236404
162,9,1,29.857,10.713,28.94,9.93,P2_02_03_08.csv,29.360041594670815,10.344492482412562
163,9,1,29.819,10.714,28.902,9.93,P2_02_03_08.csv,29.34192880311381,10.322406934582443
164,9,1,29.782,10.714,28.864,9.931,P2_02_03_08.csv,29.318143792759063,10.308616035472534
165,9,1,29.725,10.715,28.808,9.931,P2_02_03_08.csv,29.28268306545508,10.301197148823062
166,9,1,29.688,10.715,28.77,9.932,P2_02_03_08.csv,29.24518465672084,10.298430198144137
167,9,1,29.65,10.716,28.733,9.932,P2_02_03_08.csv,29.206399705326213,10.298859654817338
168,9,1,29.613,10.716,28.695,9.933,P2_02_03_08.csv,29.166904638047246,10.301312652316328
169,9,1,29.575,10.717,28.657,9.933,P2_02_03_08.csv,29.126935440303487,10.304887962974854
170,9,1,29.556,10.736,28.639,9.952,P2_02_03_08.csv,29.09401276323159,10.315748152077985
171,9,1,29.519,10.755,28.601,9.971,P2_02_03_08.csv,29.059679569233797,10.331854135555755
172,9,1,29.481,10.737,28.563,9.953,P2_02_03_08.csv,29.024019934046645,10.337860413075386
173,9,1,29.444,10.756,28.526,9.972,P2_02_03_08.csv,28.987705630361774,10.349224575594205
174,9,1,29.229,11.002,28.189,10.248,P2_02_03_08.csv,28.862807520279937,10.453800033660098
175,9,1,29.173,11.003,28.245,10.228,P2_02_03_08.csv,28.771736815559347,10.529920170960668
176,9,1,29.125,10.994,28.198,10.219,P2_02_03_08.csv,28.69174526275645,10.581457447642151
177,9,1,29.097,10.985,28.17,10.21,P2_02_03_08.csv,28.628519137623627,10.612665222764448
178,9,1,29.05,10.995,28.123,10.22,P2_02_03_08.csv,28.5716711180243,10.634849025382746
179,9,1,29.003,10.986,28.075,10.212,P2_02_03_08.csv,28.519447817636866,10.643547106976387
180,9,1,28.956,10.977,28.028,10.203,P2_02_03_08.csv,28.470703800066513,10.642180646925969
181,9,1,28.928,10.968,28.0,10.194,P2_02_03_08.csv,28.431299912287006,10.63385377889642
182,9,1,28.881,10.978,27.953,10.204,P2_02_03_08.csv,28.39169363580179,10.62808426549091
183,9,1,28.852,10.969,27.925,10.195,P2_02_03_08.csv,28.35819281472754,10.618177176302328
184,9,1,28.805,10.96,27.877,10.186,P2_02_03_08.csv,28.321938753380003,10.605730051791086
185,9,1,28.777,10.951,27.849,10.177,P2_02_03_08.csv,28.29024236743687,10.591953260301347
186,9,1,28.73,10.961,27.802,10.187,P2_02_03_08.csv,28.254711962257986,10.584721612476871
187,9,1,28.702,10.952,27.774,10.178,P2_02_03_08.csv,28.22285480810403,10.5759861090275
188,9,1,28.655,10.962,27.727,10.188,P2_02_03_08.csv,28.1866180593558,10.573285224749617
189,9,1,28.626,10.953,27.698,10.179,P2_02_03_08.csv,28.153397568845847,10.568398190773484
190,9,1,28.579,10.963,27.651,10.189,P2_02_03_08.csv,28.115780270457876,10.568809253252446
191,9,1,28.532,10.955,27.604,10.18,P2_02_03_08.csv,28.074641702047536,10.566506271773507
192,9,1,28.485,10.965,27.557,10.19,P2_02_03_08.csv,28.03081438606569,10.568818187804188
193,9,1,28.438,10.956,27.51,10.181,P2_02_03_08.csv,27.985037540466998,10.567649371072351
194,9,1,28.391,10.966,27.463,10.191,P2_02_03_08.csv,27.9379327440493,10.570665930867746
195,9,1,28.363,10.957,27.435,10.182,P2_02_03_08.csv,27.897002960184864,10.569874607767112
196,9,1,28.316,10.967,27.387,10.192,P2_02_03_08.csv,27.85380950301905,10.57303213297711
197,9,1,28.287,10.976,27.359,10.202,P2_02_03_08.csv,27.815849819900436,10.57904194768517
198,9,1,28.24,10.986,27.312,10.212,P2_02_03_08.csv,27.775125215264733,10.587314108558868
0,10,2,33.417,3.947,32.375,2.057,P2_02_03_08.csv,32.896,3.002
1,10,2,33.446,4.002,32.356,2.02,P2_02_03_08.csv,32.89934437086092,3.008019867549669
2,10,2,33.446,4.067,32.357,2.085,P2_02_03_08.csv,32.901320796839535,3.0519168136205166
3,10,2,33.466,4.132,32.376,2.149,P2_02_03_08.csv,32.91333443481589,3.110886764739986
4,10,2,33.467,4.252,32.395,2.223,P2_02_03_08.csv,32.92496829231867,3.192089577936775
5,10,2,33.505,4.409,32.358,2.27,P2_02_03_08.csv,32.931741153059626,3.2861998100761047
6,10,2,33.496,4.437,32.303,2.4,P2_02_03_08.csv,32.92147233688121,3.376959250997251
7,10,2,33.468,4.447,32.313,2.446,P2_02_03_08.csv,32.910378308781496,3.444285896979291
8,10,2,33.478,4.493,32.369,2.436,P2_02_03_08.csv,32.9154919945613,3.4922011300749
9,10,2,33.507,4.623,32.37,2.584,P2_02_03_08.csv,32.92494782105062,3.573279556387308
10,10,2,33.555,4.706,32.389,2.584,P2_02_03_08.csv,32.944434096778274,3.6415735539390313
11,10,2,33.527,4.734,32.436,2.649,P2_02_03_08.csv,32.96223577805704,3.70199494981091
12,10,2,33.602,4.761,32.456,2.825,P2_02_03_08.csv,32.99251107324149,3.77683757582474
13,10,2,33.63,4.844,32.456,2.787,P2_02_03_08.csv,33.019612789746134,3.8336001330144893
14,10,2,33.593,4.854,32.456,2.852,P2_02_03_08.csv,33.03172950635973,3.881829536036432
15,10,2,33.538,4.984,32.475,2.861,P2_02_03_08.csv,33.032164763539214,3.935619987555848
16,10,2,33.557,4.928,32.457,2.908,P2_02_03_08.csv,33.03058456150314,3.96686905543449
17,10,2,33.566,4.984,32.467,2.963,P2_02_03_08.csv,33.03121548139684,4.003176218402857
18,10,2,33.577,5.076,32.477,3.056,P2_02_03_08.csv,33.03431616020061,4.057848495656351
19,10,2,33.586,5.132,32.487,3.111,P2_02_03_08.csv,33.03919534540392,4.113473997332502
20,10,2,33.597,5.225,32.497,3.204,P2_02_03_08.csv,33.045933162927895,4.183520072694882
21,10,2,33.607,5.299,32.507,3.278,P2_02_03_08.csv,33.05395867019369,4.257485479988162
22,10,2,33.617,5.373,32.517,3.352,P2_02_03_08.csv,33.062953838809015,4.333927497198484
23,10,2,33.627,5.447,32.527,3.426,P2_02_03_08.csv,33.07264093281563,4.411738945880542
24,10,2,33.637,5.521,32.537,3.5,P2_02_03_08.csv,33.08278969522791,4.490112215514355
25,10,2,33.647,5.595,32.546,3.574,P2_02_03_08.csv,33.093033758500255,4.5684928333783885
26,10,2,33.657,5.669,32.556,3.648,P2_02_03_08.csv,33.10346323093362,4.646530130992508
27,10,2,33.667,5.743,32.566,3.722,P2_02_03_08.csv,33.1139756404846,4.724029960169584
28,10,2,33.677,5.818,32.576,3.796,P2_02_03_08.csv,33.124499701461346,4.801096769023653
29,10,2,33.687,5.892,32.586,3.87,P2_02_03_08.csv,33.13498948139341,4.877501926339489
30,10,2,33.697,5.966,32.596,3.944,P2_02_03_08.csv,33.145418704587705,4.953298274692904
31,10,2,33.707,6.04,32.606,4.018,P2_02_03_08.csv,33.15577559366994,5.028567544848356
32,10,2,33.716,6.096,32.616,4.074,P2_02_03_08.csv,33.165874117300305,5.0967668568473
33,10,2,33.727,6.188,32.626,4.167,P2_02_03_08.csv,33.17613066187589,5.172990563834162
34,10,2,33.736,6.244,32.636,4.222,P2_02_03_08.csv,33.18613762460534,5.241932020029483
35,10,2,33.728,6.337,32.627,4.315,P2_02_03_08.csv,33.189310387136175,5.319033837882328
36,10,2,33.756,6.392,32.656,4.37,P2_02_03_08.csv,33.20088255942346,5.388540515129181
37,10,2,33.748,6.485,32.647,4.463,P2_02_03_08.csv,33.20546100358773,5.466109725957475
38,10,2,33.758,6.541,32.657,4.519,P2_02_03_08.csv,33.2114057577728,5.536353587537806
39,10,2,33.749,6.615,32.648,4.593,P2_02_03_08.csv,33.21153025288041,5.607477460083638
40,10,2,33.759,6.69,32.658,4.667,P2_02_03_08.csv,33.21426038938414,5.67956976211502
41,10,2,33.769,6.764,32.668,4.741,P2_02_03_08.csv,33.21921313173936,5.752280408022939
42,10,2,33.779,6.838,32.678,4.815,P2_02_03_08.csv,33.22597006672994,5.8254838688429285
43,10,2,33.77,6.894,32.669,4.871,P2_02_03_08.csv,33.22711865231157,5.892425386486476
44,10,2,33.78,6.95,32.679,4.927,P2_02_03_08.csv,33.230925291089285,5.954544292509373
45,10,2,33.79,7.024,32.689,5.001,P2_02_03_08.csv,33.23690209036959,6.019768791671344
46,10,2,33.8,7.079,32.699,5.056,P2_02_03_08.csv,33.24456860615858,6.080646114503418
47,10,2,33.791,7.135,32.69,5.112,P2_02_03_08.csv,33.246482231232626,6.138680707434761
48,10,2,33.801,7.209,32.7,5.186,P2_02_03_08.csv,33.250901872177494,6.201395340110875
49,10,2,33.792,7.284,32.691,5.261,P2_02_03_08.csv,33.25034194464813,6.268329914042798
50,10,2,33.821,7.339,32.72,5.316,P2_02_03_08.csv,33.25997781815755,6.331195709433695
51,10,2,33.812,7.377,32.711,5.353,P2_02_03_08.csv,33.26357894323529,6.384415840332346
52,10,2,33.822,7.432,32.721,5.409,P2_02_03_08.csv,33.26937406280176,6.436933837217999
53,10,2,33.813,7.507,32.712,5.483,P2_02_03_08.csv,33.26988334151883,6.496250542571423
54,10,2,33.823,7.562,32.722,5.539,P2_02_03_08.csv,33.27330507378109,6.5540607188171265
55,10,2,33.814,7.618,32.713,5.595,P2_02_03_08.csv,33.27208311633461,6.610920590088892
56,10,2,33.824,7.693,32.723,5.669,P2_02_03_08.csv,33.27431656705872,6.6739328958549144
57,10,2,33.815,7.749,32.714,5.725,P2_02_03_08.csv,33.27234351798324,6.734921379174682
58,10,2,33.825,7.786,32.724,5.762,P2_02_03_08.csv,33.27416155923711,6.787230794947245
59,10,2,33.816,7.842,32.715,5.817,P2_02_03_08.csv,33.27201802790514,6.83966527922759
60,10,2,33.826,7.916,32.725,5.892,P2_02_03_08.csv,33.27383375852149,6.899427331783849
61,10,2,33.817,7.972,32.716,5.947,P2_02_03_08.csv,33.27179426919319,6.957981346507071
62,10,2,33.827,8.009,32.726,5.985,P2_02_03_08.csv,33.273772917010156,7.008893699673918
63,10,2,33.818,8.065,32.717,6.04,P2_02_03_08.csv,33.27192056897429,7.060552438418115
64,10,2,33.809,8.121,32.708,6.096,P2_02_03_08.csv,33.2670817422391,7.113171932137614
65,10,2,33.8,8.158,32.699,6.133,P2_02_03_08.csv,33.26002688348138,7.159661523138115
66,10,2,33.81,8.214,32.709,6.189,P2_02_03_08.csv,33.2584235011226,7.208532264144312
67,10,2,33.802,8.288,32.7,6.263,P2_02_03_08.csv,33.25436296389024,7.266109068067796
68,10,2,33.784,8.372,32.682,6.347,P2_02_03_08.csv,33.244895932717895,7.33417390095674
69,10,2,33.784,8.419,32.682,6.394,P2_02_03_08.csv,33.2379740717995,7.396484710371847
70,10,2,33.794,8.456,32.692,6.431,P2_02_03_08.csv,33.23689585285318,7.450259538760927
71,10,2,33.748,8.549,32.646,6.524,P2_02_03_08.csv,33.219740595715066,7.517959069241552
72,10,2,33.776,8.586,32.674,6.561,P2_02_03_08.csv,33.217426602982115,7.5758132780917995
73,10,2,33.749,8.661,32.647,6.636,P2_02_03_08.csv,33.206612964014994,7.6398051029553375
74,10,2,33.814,8.632,32.712,6.607,P2_02_03_08.csv,33.22306642901093,7.670202972258815
75,10,2,33.731,8.792,32.629,6.766,P2_02_03_08.csv,33.20602569704536,7.744170409554362
76,10,2,33.722,8.829,32.62,6.803,P2_02_03_08.csv,33.189881594383436,7.807275853481813
77,10,2,33.685,8.894,32.584,6.869,P2_02_03_08.csv,33.16473230963181,7.871957316663356
78,10,2,33.705,8.959,32.603,6.934,P2_02_03_08.csv,33.1536424881848,7.937514436314109
79,10,2,33.696,9.034,32.594,7.008,P2_02_03_08.csv,33.14335156144282,8.007082623561427
80,10,2,33.697,9.09,32.595,7.064,P2_02_03_08.csv,33.13735442167991,8.072754214862467
81,10,2,33.678,9.127,32.576,7.101,P2_02_03_08.csv,33.1272502422387,8.128192333501747
82,10,2,33.688,9.183,32.586,7.157,P2_02_03_08.csv,33.12453831504494,8.182709954656097
83,10,2,33.661,9.249,32.558,7.222,P2_02_03_08.csv,33.11367751160333,8.240266755655867
84,10,2,33.671,9.314,32.568,7.287,P2_02_03_08.csv,33.110175875125826,8.300189018298761
85,10,2,33.662,9.351,32.559,7.325,P2_02_03_08.csv,33.10538791810071,8.35186920927076
86,10,2,33.671,9.407,32.569,7.38,P2_02_03_08.csv,33.106273916682674,8.403855729935959
87,10,2,33.663,9.481,32.56,7.455,P2_02_03_08.csv,33.10479003569327,8.463319844610776
88,10,2,33.673,9.537,32.57,7.511,P2_02_03_08.csv,33.10807324607359,8.521878650629215
89,10,2,33.664,9.575,32.561,7.548,P2_02_03_08.csv,33.10789463132445,8.572841915959444
90,10,2,33.674,9.649,32.571,7.622,P2_02_03_08.csv,33.11183465300222,8.631397334707568
91,10,2,33.683,9.705,32.581,7.678,P2_02_03_08.csv,33.11867198028962,8.689336583906858
92,10,2,33.693,9.779,32.591,7.752,P2_02_03_08.csv,33.12773432281036,8.753369106485708
93,10,2,33.703,9.835,32.601,7.808,P2_02_03_08.csv,33.13827584976709,8.815404011329559
94,10,2,33.713,9.872,32.61,7.845,P2_02_03_08.csv,33.14952383583429,8.868693248333539
95,10,2,33.723,9.947,32.62,7.92,P2_02_03_08.csv,33.16126327569479,8.929177038855938
96,10,2,33.733,10.002,32.63,7.975,P2_02_03_08.csv,33.173174769440536,8.98798251297027
97,10,2,33.743,10.077,32.64,8.05,P2_02_03_08.csv,33.18504300494533,9.052799803794832
98,10,2,33.762,10.133,32.659,8.105,P2_02_03_08.csv,33.2000536664054,9.1150321240323
99,10,2,33.781,10.17,32.678,8.142,P2_02_03_08.csv,33.21736515835752,9.168276902349435
100,10,2,33.81,10.225,32.707,8.198,P2_02_03_08.csv,33.23995021986733,9.221377685606093
101,10,2,33.745,10.301,32.792,8.271,P2_02_03_08.csv,33.25936921921455,9.281583232665593
102,10,2,33.773,10.356,32.82,8.327,P2_02_03_08.csv,33.28267740433733,9.340404844405665
103,10,2,33.736,10.394,32.914,8.363,P2_02_03_08.csv,33.30899801824464,9.391268142961561
104,10,2,33.765,10.45,32.943,8.419,P2_02_03_08.csv,33.337577926563796,9.443010776889661
105,10,2,33.709,10.506,33.018,8.474,P2_02_03_08.csv,33.36042815428156,9.495462474245782
106,10,2,33.71,10.562,33.112,8.529,P2_02_03_08.csv,33.39261048933841,9.548604016721658
107,10,2,33.692,10.637,33.187,8.602,P2_02_03_08.csv,33.4248963411576,9.609189156060653
108,10,2,33.719,10.571,33.217,8.788,P2_02_03_08.csv,33.45694673871687,9.670377813254552
109,10,2,33.748,10.608,33.246,8.825,P2_02_03_08.csv,33.4887507361842,9.723373249845494
110,10,2,33.794,10.617,33.293,8.918,P2_02_03_08.csv,33.52662839562302,9.775086880524846
111,10,2,33.823,10.691,33.322,8.992,P2_02_03_08.csv,33.562573521331906,9.834414372493983
112,10,2,33.87,10.747,33.369,9.047,P2_02_03_08.csv,33.603383138483025,9.89289371097451
113,10,2,33.918,10.783,33.416,9.084,P2_02_03_08.csv,33.64793997735488,9.943595834950644
114,10,2,33.965,10.857,33.463,9.158,P2_02_03_08.csv,33.6949119951434,10.00208539926226
115,10,2,33.994,10.913,33.492,9.213,P2_02_03_08.csv,33.73677461863219,10.059902970670194
116,10,2,34.041,11.006,33.54,9.306,P2_02_03_08.csv,33.781210304792495,10.130937896353542
117,10,2,34.088,11.061,33.587,9.361,P2_02_03_08.csv,33.827329533381835,10.19805228056287
118,10,2,34.155,11.154,33.653,9.454,P2_02_03_08.csv,33.88177096993631,10.275739100705579
119,10,2,34.763,11.183,33.253,9.645,P2_02_03_08.csv,33.956250182517266,10.367584824091935
120,10,2,34.277,11.255,33.729,9.565,P2_02_03_08.csv,34.005538293977196,10.427781472935695
121,10,2,34.895,11.293,33.423,9.81,P2_02_03_08.csv,34.09396793480605,10.516540721166963
122,10,2,34.437,11.383,33.852,9.703,P2_02_03_08.csv,34.14961596749477,10.572219516434451
123,10,2,35.101,11.421,33.667,9.919,P2_02_03_08.csv,34.272641209213106,10.651871817938604
124,10,2,35.139,11.439,33.686,10.022,P2_02_03_08.csv,34.36966433117744,10.72590330775785
125,10,2,34.729,11.557,34.087,9.905,P2_02_03_08.csv,34.43266078894895,10.773189976827013
126,10,2,34.786,11.64,34.144,9.988,P2_02_03_08.csv,34.4914870057518,10.830291446086227
127,10,2,34.842,11.704,34.201,10.053,P2_02_03_08.csv,34.54735104659098,10.888826211228382
128,10,2,34.881,11.807,34.239,10.155,P2_02_03_08.csv,34.5947592022264,10.962749883928655
129,10,2,34.937,11.871,34.296,10.219,P2_02_03_08.csv,34.64275759503768,11.034464902146002
130,10,2,35.509,12.031,34.101,10.352,P2_02_03_08.csv,34.74047070013699,11.134589186612727
131,10,2,35.612,12.105,34.149,10.51,P2_02_03_08.csv,34.83512132975328,11.245088492755634
132,10,2,35.66,12.16,34.187,10.594,P2_02_03_08.csv,34.91433465411365,11.345430838925264
133,10,2,35.717,12.271,34.187,10.621,P2_02_03_08.csv,34.9755789059921,11.436726027460054
134,10,2,35.315,12.258,34.571,10.626,P2_02_03_08.csv,35.009051597411954,11.493624052420618
135,10,2,35.344,12.342,34.599,10.71,P2_02_03_08.csv,35.0354427793522,11.556412401869908
136,10,2,35.792,12.354,34.302,10.89,P2_02_03_08.csv,35.07485911950676,11.629029006443371
137,10,2,35.814,12.662,34.275,10.984,P2_02_03_08.csv,35.096607926401255,11.74842031714071
138,10,2,35.833,12.69,34.312,10.974,P2_02_03_08.csv,35.116521214045385,11.833037612695911
139,10,2,35.468,12.639,34.668,11.016,P2_02_03_08.csv,35.12393594060364,11.884716139506033
140,10,2,35.864,12.979,34.389,11.179,P2_02_03_08.csv,35.145740702768556,12.005519980892172
141,10,2,35.865,13.035,34.454,11.196,P2_02_03_08.csv,35.17014422073102,12.101080525320057
142,10,2,35.574,12.917,34.745,11.295,P2_02_03_08.csv,35.1847047569788,12.159052390521177
143,10,2,35.594,13.029,34.765,11.407,P2_02_03_08.csv,35.19926809860654,12.232728397160407
144,10,2,35.613,13.122,34.784,11.5,P2_02_03_08.csv,35.213896496082725,12.312358646684922
145,10,2,35.633,13.234,34.804,11.612,P2_02_03_08.csv,35.22928199727816,12.4038152277667
146,10,2,35.634,13.346,34.805,11.724,P2_02_03_08.csv,35.23850707511162,12.504370216646178
147,10,2,35.654,13.458,34.825,11.835,P2_02_03_08.csv,35.250194507063085,12.611394178219706
148,10,2,35.674,13.57,34.845,11.947,P2_02_03_08.csv,35.26409693412229,12.723042078859043
149,10,2,35.675,13.682,34.846,12.059,P2_02_03_08.csv,35.272877162672145,12.83763711177388
150,10,2,35.676,13.794,34.847,12.171,P2_02_03_08.csv,35.2778054970495,12.95388652070807
151,10,2,35.696,13.906,34.867,12.283,P2_02_03_08.csv,35.28699499051005,13.070842722047919
152,10,2,35.697,14.018,34.868,12.395,P2_02_03_08.csv,35.29272852416229,13.187851334896715
153,10,2,35.698,14.13,34.869,12.507,P2_02_03_08.csv,35.29590415889178,13.304495075252351
154,10,2,35.699,14.242,34.87,12.619,P2_02_03_08.csv,35.29729209135321,13.420539497038824
155,10,2,35.7,14.355,34.871,12.731,P2_02_03_08.csv,35.29752059958972,13.536068553386315
156,10,2,35.701,14.467,34.872,12.843,P2_02_03_08.csv,35.29707844648861,13.650847234885294
157,10,2,35.684,14.579,34.854,12.955,P2_02_03_08.csv,35.28950678598506,13.764931413614415
158,10,2,35.666,14.692,34.837,13.068,P2_02_03_08.csv,35.27664531098505,13.878780230564587
159,10,2,35.649,14.804,34.819,13.18,P2_02_03_08.csv,35.26007574838975,13.992044331142912
160,10,2,35.631,14.936,34.802,13.311,P2_02_03_08.csv,35.24109129111453,14.11202823545989
161,10,2,35.614,15.048,34.784,13.424,P2_02_03_08.csv,35.22070022564406,14.23016441881389
162,10,2,35.577,15.161,34.748,13.536,P2_02_03_08.csv,35.19264581998261,14.346686286219317
163,10,2,35.56,15.274,34.73,13.649,P2_02_03_08.csv,35.16608743524367,14.462053798487348
164,10,2,35.542,15.386,34.712,13.761,P2_02_03_08.csv,35.141008902125456,14.576135752956258
165,10,2,35.506,15.518,34.676,13.893,P2_02_03_08.csv,35.110790693062015,14.696614420718625
166,10,2,35.488,15.631,34.659,14.005,P2_02_03_08.csv,35.08368903878874,14.81485746901737
167,10,2,35.471,15.743,34.641,14.118,P2_02_03_08.csv,35.059317810148606,14.931232824744388
168,10,2,35.435,15.875,34.605,14.249,P2_02_03_08.csv,35.03039559551013,15.053126202662979
169,10,2,35.417,15.988,34.587,14.362,P2_02_03_08.csv,35.00467426698857,15.172445783887754
170,10,2,35.399,16.101,34.569,14.475,P2_02_03_08.csv,34.981587201866084,15.289638368049495
171,10,2,35.363,16.232,34.533,14.606,P2_02_03_08.csv,34.95393102419041,15.41179138016796
172,10,2,35.346,16.364,34.516,14.737,P2_02_03_08.csv,34.92973238209161,15.537963261267185
173,10,2,35.328,16.477,34.498,14.85,P2_02_03_08.csv,34.907919813244526,15.66027496014591
174,10,2,35.292,16.608,34.462,14.982,P2_02_03_08.csv,34.881280180578194,15.78623050602062
175,10,2,35.274,16.721,34.444,15.094,P2_02_03_08.csv,34.85748577918868,15.907921958979278
176,10,2,35.257,16.853,34.427,15.226,P2_02_03_08.csv,34.83631669322866,16.033380505032437
177,10,2,35.221,16.985,34.39,15.358,P2_02_03_08.csv,34.80994687804045,16.161737021481006
178,10,2,35.169,17.483,34.251,15.482,P2_02_03_08.csv,34.757736383753105,16.3582074059756
179,10,2,35.16,17.511,34.187,15.632,P2_02_03_08.csv,34.707525226886695,16.5249306326669
180,10,2,35.094,17.39,34.263,15.734,P2_02_03_08.csv,34.67496618356044,16.63038295273728
181,10,2,35.076,17.513,34.245,15.857,P2_02_03_08.csv,34.64805564016335,16.736871477037912
182,10,2,35.04,17.616,34.208,15.96,P2_02_03_08.csv,34.618598365349726,16.83795236896751
183,10,2,35.003,17.758,34.172,16.101,P2_02_03_08.csv,34.586973722567826,16.949966253771013
184,10,2,34.986,17.862,34.154,16.205,P2_02_03_08.csv,34.56059845742002,17.057399377771176
185,10,2,34.968,18.003,34.137,16.346,P2_02_03_08.csv,34.53824238277905,17.17530921762079
186,10,2,35.096,18.602,33.987,16.405,P2_02_03_08.csv,34.5212059797258,17.370980808629287
187,10,2,34.953,18.322,34.121,16.656,P2_02_03_08.csv,34.5104040430895,17.4996943615165
188,10,2,34.935,18.454,34.103,16.787,P2_02_03_08.csv,34.49906146765052,17.628585516056607
189,10,2,34.899,18.586,34.067,16.919,P2_02_03_08.csv,34.4802122589762,17.757980422573848
190,10,2,34.881,18.699,34.049,17.032,P2_02_03_08.csv,34.461897642562725,17.88089530349384
191,10,2,34.864,18.831,34.032,17.164,P2_02_03_08.csv,34.44431420578872,18.005936505528044
192,10,2,34.846,18.963,34.014,17.296,P2_02_03_08.csv,34.42687004357371,18.132872996283865
193,10,2,34.926,19.479,33.948,17.278,P2_02_03_08.csv,34.41868680028611,18.30454462699081
194,10,2,34.848,19.208,34.016,17.531,P2_02_03_08.csv,34.413132255055565,18.41548124749863
195,10,2,34.936,19.526,33.932,17.523,P2_02_03_08.csv,34.41186210850385,18.539009980244316
196,10,2,34.9,19.734,33.886,17.636,P2_02_03_08.csv,34.39770308148289,18.675016618165788
197,10,2,34.901,19.762,33.888,17.824,P2_02_03_08.csv,34.38894363849495,18.80149082481215
198,10,2,34.893,19.903,33.823,17.957,P2_02_03_08.csv,34.3703981145979,18.931171106519432
